Datetime,Open,High,Low,Close,Volume,Dividends,Stock Splits
2024-08-28 09:30:00-04:00,23.40999984741211,23.440000534057617,23.3700008392334,23.40999984741211,187728,0.0,0.0
2024-08-28 09:35:00-04:00,23.420000076293945,23.420000076293945,23.3700008392334,23.40999984741211,31256,0.0,0.0
2024-08-28 09:40:00-04:00,23.399999618530273,23.415000915527344,23.3700008392334,23.40999984741211,29572,0.0,0.0
2024-08-28 09:45:00-04:00,23.399999618530273,23.43000030517578,23.395000457763672,23.420000076293945,16559,0.0,0.0
2024-08-28 09:50:00-04:00,23.43000030517578,23.469999313354492,23.43000030517578,23.459999084472656,22931,0.0,0.0
2024-08-28 09:55:00-04:00,23.469999313354492,23.499900817871094,23.469999313354492,23.475000381469727,27364,0.0,0.0
2024-08-28 10:00:00-04:00,23.479999542236328,23.479999542236328,23.454999923706055,23.459999084472656,30887,0.0,0.0
2024-08-28 10:05:00-04:00,23.459999084472656,23.485000610351562,23.451200485229492,23.469999313354492,7908,0.0,0.0
2024-08-28 10:10:00-04:00,23.479999542236328,23.489999771118164,23.454999923706055,23.469999313354492,14057,0.0,0.0
2024-08-28 10:15:00-04:00,23.46500015258789,23.4950008392334,23.459999084472656,23.475000381469727,13325,0.0,0.0
2024-08-28 10:20:00-04:00,23.485000610351562,23.4950008392334,23.485000610351562,23.485000610351562,3720,0.0,0.0
2024-08-28 10:25:00-04:00,23.485000610351562,23.485000610351562,23.469999313354492,23.479999542236328,6588,0.0,0.0
2024-08-28 10:30:00-04:00,23.479999542236328,23.485000610351562,23.46500015258789,23.475000381469727,12564,0.0,0.0
2024-08-28 10:35:00-04:00,23.469999313354492,23.514999389648438,23.469999313354492,23.514999389648438,17964,0.0,0.0
2024-08-28 10:40:00-04:00,23.510000228881836,23.514999389648438,23.5,23.510000228881836,7094,0.0,0.0
2024-08-28 10:45:00-04:00,23.5,23.524999618530273,23.5,23.5049991607666,8567,0.0,0.0
2024-08-28 10:50:00-04:00,23.510000228881836,23.520000457763672,23.501300811767578,23.520000457763672,5048,0.0,0.0
2024-08-28 10:55:00-04:00,23.514999389648438,23.530000686645508,23.5,23.520000457763672,10403,0.0,0.0
2024-08-28 11:00:00-04:00,23.520000457763672,23.540000915527344,23.489999771118164,23.5,62550,0.0,0.0
2024-08-28 11:05:00-04:00,23.510000228881836,23.545000076293945,23.510000228881836,23.545000076293945,47848,0.0,0.0
2024-08-28 11:10:00-04:00,23.540000915527344,23.549999237060547,23.514999389648438,23.520000457763672,25446,0.0,0.0
2024-08-28 11:15:00-04:00,23.510000228881836,23.520000457763672,23.471200942993164,23.475000381469727,24407,0.0,0.0
2024-08-28 11:20:00-04:00,23.475000381469727,23.485000610351562,23.459999084472656,23.46500015258789,19652,0.0,0.0
2024-08-28 11:25:00-04:00,23.459999084472656,23.459999084472656,23.423099517822266,23.450000762939453,17544,0.0,0.0
2024-08-28 11:30:00-04:00,23.450000762939453,23.450000762939453,23.415000915527344,23.424999237060547,29621,0.0,0.0
2024-08-28 11:35:00-04:00,23.424999237060547,23.434999465942383,23.420000076293945,23.420000076293945,7615,0.0,0.0
2024-08-28 11:40:00-04:00,23.415000915527344,23.420000076293945,23.40999984741211,23.415000915527344,5661,0.0,0.0
2024-08-28 11:45:00-04:00,23.420000076293945,23.420000076293945,23.389999389648438,23.389999389648438,6398,0.0,0.0
2024-08-28 11:50:00-04:00,23.399999618530273,23.40999984741211,23.399999618530273,23.40089988708496,4968,0.0,0.0
2024-08-28 11:55:00-04:00,23.40999984741211,23.43000030517578,23.40999984741211,23.415000915527344,10018,0.0,0.0
2024-08-28 12:00:00-04:00,23.415000915527344,23.415000915527344,23.395000457763672,23.395000457763672,3003,0.0,0.0
2024-08-28 12:05:00-04:00,23.395000457763672,23.395000457763672,23.375,23.375,7296,0.0,0.0
2024-08-28 12:10:00-04:00,23.3700008392334,23.375,23.350000381469727,23.375,6486,0.0,0.0
2024-08-28 12:15:00-04:00,23.3700008392334,23.3700008392334,23.34000015258789,23.354999542236328,5506,0.0,0.0
2024-08-28 12:20:00-04:00,23.354999542236328,23.354999542236328,23.309999465942383,23.329999923706055,6651,0.0,0.0
2024-08-28 12:25:00-04:00,23.329999923706055,23.33880043029785,23.315000534057617,23.31999969482422,13017,0.0,0.0
2024-08-28 12:30:00-04:00,23.31999969482422,23.344999313354492,23.31999969482422,23.344999313354492,5275,0.0,0.0
2024-08-28 12:35:00-04:00,23.34000015258789,23.350000381469727,23.329999923706055,23.344999313354492,11415,0.0,0.0
2024-08-28 12:40:00-04:00,23.344999313354492,23.360000610351562,23.344999313354492,23.360000610351562,4711,0.0,0.0
2024-08-28 12:45:00-04:00,23.360000610351562,23.3700008392334,23.350000381469727,23.360000610351562,6765,0.0,0.0
2024-08-28 12:50:00-04:00,23.364999771118164,23.395000457763672,23.364999771118164,23.395000457763672,5105,0.0,0.0
2024-08-28 12:55:00-04:00,23.399999618530273,23.415000915527344,23.399999618530273,23.405000686645508,8747,0.0,0.0
2024-08-28 13:00:00-04:00,23.405000686645508,23.415000915527344,23.405000686645508,23.415000915527344,6250,0.0,0.0
2024-08-28 13:05:00-04:00,23.415000915527344,23.415000915527344,23.399999618530273,23.405000686645508,2998,0.0,0.0
2024-08-28 13:10:00-04:00,23.399999618530273,23.415000915527344,23.350000381469727,23.350000381469727,11216,0.0,0.0
2024-08-28 13:15:00-04:00,23.344999313354492,23.360000610351562,23.344999313354492,23.360000610351562,2690,0.0,0.0
2024-08-28 13:20:00-04:00,23.354999542236328,23.354999542236328,23.344999313354492,23.354999542236328,3522,0.0,0.0
2024-08-28 13:25:00-04:00,23.350000381469727,23.375,23.350000381469727,23.375,3439,0.0,0.0
2024-08-28 13:30:00-04:00,23.3700008392334,23.385000228881836,23.3700008392334,23.385000228881836,3754,0.0,0.0
2024-08-28 13:35:00-04:00,23.389999389648438,23.389999389648438,23.375,23.385000228881836,6385,0.0,0.0
2024-08-28 13:40:00-04:00,23.389999389648438,23.389999389648438,23.364999771118164,23.364999771118164,3315,0.0,0.0
2024-08-28 13:45:00-04:00,23.364999771118164,23.364999771118164,23.344999313354492,23.354999542236328,11865,0.0,0.0
2024-08-28 13:50:00-04:00,23.350000381469727,23.360000610351562,23.329999923706055,23.329999923706055,4660,0.0,0.0
2024-08-28 13:55:00-04:00,23.34000015258789,23.34000015258789,23.325000762939453,23.325000762939453,2101,0.0,0.0
2024-08-28 14:00:00-04:00,23.31999969482422,23.31999969482422,23.309999465942383,23.31999969482422,4634,0.0,0.0
2024-08-28 14:05:00-04:00,23.315000534057617,23.31999969482422,23.299999237060547,23.309999465942383,17217,0.0,0.0
2024-08-28 14:10:00-04:00,23.309999465942383,23.309999465942383,23.290000915527344,23.295000076293945,3925,0.0,0.0
2024-08-28 14:15:00-04:00,23.295000076293945,23.315000534057617,23.295000076293945,23.309999465942383,5163,0.0,0.0
2024-08-28 14:20:00-04:00,23.31999969482422,23.31999969482422,23.30500030517578,23.309999465942383,7874,0.0,0.0
2024-08-28 14:25:00-04:00,23.309999465942383,23.315000534057617,23.280000686645508,23.280000686645508,11456,0.0,0.0
2024-08-28 14:30:00-04:00,23.28499984741211,23.290000915527344,23.270000457763672,23.274999618530273,11676,0.0,0.0
2024-08-28 14:35:00-04:00,23.274999618530273,23.28499984741211,23.270000457763672,23.270000457763672,20423,0.0,0.0
2024-08-28 14:40:00-04:00,23.274999618530273,23.28499984741211,23.270000457763672,23.280000686645508,31730,0.0,0.0
2024-08-28 14:45:00-04:00,23.280000686645508,23.28499984741211,23.270000457763672,23.280000686645508,11635,0.0,0.0
2024-08-28 14:50:00-04:00,23.290000915527344,23.34000015258789,23.290000915527344,23.34000015258789,11669,0.0,0.0
2024-08-28 14:55:00-04:00,23.334999084472656,23.360000610351562,23.334999084472656,23.350000381469727,16497,0.0,0.0
2024-08-28 15:00:00-04:00,23.360000610351562,23.405000686645508,23.350000381469727,23.395000457763672,15837,0.0,0.0
2024-08-28 15:05:00-04:00,23.395000457763672,23.395000457763672,23.350000381469727,23.350000381469727,26927,0.0,0.0
2024-08-28 15:10:00-04:00,23.350000381469727,23.359899520874023,23.31999969482422,23.32110023498535,12451,0.0,0.0
2024-08-28 15:15:00-04:00,23.329999923706055,23.33989906311035,23.31999969482422,23.334999084472656,10702,0.0,0.0
2024-08-28 15:20:00-04:00,23.34000015258789,23.350000381469727,23.329999923706055,23.329999923706055,18306,0.0,0.0
2024-08-28 15:25:00-04:00,23.34000015258789,23.344999313354492,23.334999084472656,23.344999313354492,17491,0.0,0.0
2024-08-28 15:30:00-04:00,23.344999313354492,23.389999389648438,23.344999313354492,23.385000228881836,20074,0.0,0.0
2024-08-28 15:35:00-04:00,23.385000228881836,23.389999389648438,23.375,23.375,31524,0.0,0.0
2024-08-28 15:40:00-04:00,23.375,23.389999389648438,23.375,23.389999389648438,14450,0.0,0.0
2024-08-28 15:45:00-04:00,23.389999389648438,23.405000686645508,23.3799991607666,23.3799991607666,40065,0.0,0.0
2024-08-28 15:50:00-04:00,23.375,23.40999984741211,23.3700008392334,23.375,58439,0.0,0.0
2024-08-28 15:55:00-04:00,23.375,23.40999984741211,23.360000610351562,23.360000610351562,161285,0.0,0.0
2024-08-29 09:30:00-04:00,23.3700008392334,23.489999771118164,23.350000381469727,23.440000534057617,119892,0.0,0.0
2024-08-29 09:35:00-04:00,23.43000030517578,23.43000030517578,23.3799991607666,23.3799991607666,19781,0.0,0.0
2024-08-29 09:40:00-04:00,23.3799991607666,23.40999984741211,23.3700008392334,23.3799991607666,26715,0.0,0.0
2024-08-29 09:45:00-04:00,23.389999389648438,23.40999984741211,23.329999923706055,23.329999923706055,16205,0.0,0.0
2024-08-29 09:50:00-04:00,23.31999969482422,23.360000610351562,23.290000915527344,23.360000610351562,12224,0.0,0.0
2024-08-29 09:55:00-04:00,23.354999542236328,23.389999389648438,23.354999542236328,23.3799991607666,10440,0.0,0.0
2024-08-29 10:00:00-04:00,23.389999389648438,23.434999465942383,23.389999389648438,23.43000030517578,38218,0.0,0.0
2024-08-29 10:05:00-04:00,23.424999237060547,23.450000762939453,23.40999984741211,23.448699951171875,15923,0.0,0.0
2024-08-29 10:10:00-04:00,23.450000762939453,23.469999313354492,23.440000534057617,23.469999313354492,10580,0.0,0.0
2024-08-29 10:15:00-04:00,23.469999313354492,23.475000381469727,23.440000534057617,23.454999923706055,9433,0.0,0.0
2024-08-29 10:20:00-04:00,23.459999084472656,23.475000381469727,23.440000534057617,23.469999313354492,5501,0.0,0.0
2024-08-29 10:25:00-04:00,23.469999313354492,23.485000610351562,23.450000762939453,23.450000762939453,11223,0.0,0.0
2024-08-29 10:30:00-04:00,23.450000762939453,23.459999084472656,23.434999465942383,23.440000534057617,41490,0.0,0.0
2024-08-29 10:35:00-04:00,23.440000534057617,23.485000610351562,23.440000534057617,23.485000610351562,3505,0.0,0.0
2024-08-29 10:40:00-04:00,23.479999542236328,23.479999542236328,23.450000762939453,23.469999313354492,15015,0.0,0.0
2024-08-29 10:45:00-04:00,23.459999084472656,23.469999313354492,23.450000762939453,23.459999084472656,9912,0.0,0.0
2024-08-29 10:50:00-04:00,23.459999084472656,23.469999313354492,23.459999084472656,23.469999313354492,1193,0.0,0.0
2024-08-29 10:55:00-04:00,23.459999084472656,23.46500015258789,23.44499969482422,23.450000762939453,8522,0.0,0.0
2024-08-29 11:00:00-04:00,23.46500015258789,23.46500015258789,23.450000762939453,23.450000762939453,2458,0.0,0.0
2024-08-29 11:05:00-04:00,23.44499969482422,23.44499969482422,23.40999984741211,23.40999984741211,3370,0.0,0.0
2024-08-29 11:10:00-04:00,23.415000915527344,23.44499969482422,23.415000915527344,23.44499969482422,5815,0.0,0.0
2024-08-29 11:15:00-04:00,23.450000762939453,23.454999923706055,23.440000534057617,23.44499969482422,15081,0.0,0.0
2024-08-29 11:20:00-04:00,23.447900772094727,23.447900772094727,23.43000030517578,23.434999465942383,5421,0.0,0.0
2024-08-29 11:25:00-04:00,23.440000534057617,23.459999084472656,23.43000030517578,23.454999923706055,5083,0.0,0.0
2024-08-29 11:30:00-04:00,23.469999313354492,23.485000610351562,23.459999084472656,23.469999313354492,21397,0.0,0.0
2024-08-29 11:35:00-04:00,23.475000381469727,23.5,23.46500015258789,23.5,20896,0.0,0.0
2024-08-29 11:40:00-04:00,23.4950008392334,23.5049991607666,23.485000610351562,23.5,4465,0.0,0.0
2024-08-29 11:45:00-04:00,23.4950008392334,23.5049991607666,23.4950008392334,23.5049991607666,2587,0.0,0.0
2024-08-29 11:50:00-04:00,23.510000228881836,23.520000457763672,23.489999771118164,23.5,5574,0.0,0.0
2024-08-29 11:55:00-04:00,23.510000228881836,23.538799285888672,23.510000228881836,23.530000686645508,4318,0.0,0.0
2024-08-29 12:00:00-04:00,23.524999618530273,23.545000076293945,23.524999618530273,23.540000915527344,5195,0.0,0.0
2024-08-29 12:05:00-04:00,23.541099548339844,23.565000534057617,23.541099548339844,23.565000534057617,3789,0.0,0.0
2024-08-29 12:10:00-04:00,23.565000534057617,23.59000015258789,23.565000534057617,23.59000015258789,267056,0.0,0.0
2024-08-29 12:15:00-04:00,23.59000015258789,23.600000381469727,23.575000762939453,23.594999313354492,6357,0.0,0.0
2024-08-29 12:20:00-04:00,23.600000381469727,23.600000381469727,23.594999313354492,23.594999313354492,3517,0.0,0.0
2024-08-29 12:25:00-04:00,23.600000381469727,23.600000381469727,23.59000015258789,23.600000381469727,11617,0.0,0.0
2024-08-29 12:30:00-04:00,23.600000381469727,23.600000381469727,23.59000015258789,23.594999313354492,5900,0.0,0.0
2024-08-29 12:35:00-04:00,23.594999313354492,23.600000381469727,23.579999923706055,23.59000015258789,6978,0.0,0.0
2024-08-29 12:40:00-04:00,23.59000015258789,23.594999313354492,23.584999084472656,23.584999084472656,7219,0.0,0.0
2024-08-29 12:45:00-04:00,23.59000015258789,23.59000015258789,23.56999969482422,23.56999969482422,8109,0.0,0.0
2024-08-29 12:50:00-04:00,23.56999969482422,23.56999969482422,23.559999465942383,23.565000534057617,12810,0.0,0.0
2024-08-29 12:55:00-04:00,23.56999969482422,23.579999923706055,23.56999969482422,23.575000762939453,9121,0.0,0.0
2024-08-29 13:00:00-04:00,23.575000762939453,23.59000015258789,23.575000762939453,23.575000762939453,10881,0.0,0.0
2024-08-29 13:05:00-04:00,23.579999923706055,23.579999923706055,23.57029914855957,23.575000762939453,2614,0.0,0.0
2024-08-29 13:10:00-04:00,23.575000762939453,23.575000762939453,23.549999237060547,23.559999465942383,7311,0.0,0.0
2024-08-29 13:15:00-04:00,23.559999465942383,23.565000534057617,23.549999237060547,23.55500030517578,7839,0.0,0.0
2024-08-29 13:20:00-04:00,23.55500030517578,23.559999465942383,23.545000076293945,23.545000076293945,2188,0.0,0.0
2024-08-29 13:25:00-04:00,23.540000915527344,23.540000915527344,23.53499984741211,23.53499984741211,2246,0.0,0.0
2024-08-29 13:30:00-04:00,23.53499984741211,23.559999465942383,23.53499984741211,23.559999465942383,3969,0.0,0.0
2024-08-29 13:35:00-04:00,23.55500030517578,23.565000534057617,23.55500030517578,23.55500030517578,8703,0.0,0.0
2024-08-29 13:40:00-04:00,23.55500030517578,23.56999969482422,23.55500030517578,23.56999969482422,4785,0.0,0.0
2024-08-29 13:45:00-04:00,23.565000534057617,23.565000534057617,23.55500030517578,23.55500030517578,21462,0.0,0.0
2024-08-29 13:50:00-04:00,23.559999465942383,23.579999923706055,23.559999465942383,23.575000762939453,1820,0.0,0.0
2024-08-29 13:55:00-04:00,23.575000762939453,23.600000381469727,23.575000762939453,23.600000381469727,7026,0.0,0.0
2024-08-29 14:00:00-04:00,23.600000381469727,23.600000381469727,23.559999465942383,23.579999923706055,34683,0.0,0.0
2024-08-29 14:05:00-04:00,23.59000015258789,23.594999313354492,23.584999084472656,23.594999313354492,6049,0.0,0.0
2024-08-29 14:10:00-04:00,23.594999313354492,23.594999313354492,23.580900192260742,23.584999084472656,5325,0.0,0.0
2024-08-29 14:15:00-04:00,23.584999084472656,23.59000015258789,23.584999084472656,23.584999084472656,5021,0.0,0.0
2024-08-29 14:20:00-04:00,23.584999084472656,23.59000015258789,23.575000762939453,23.584999084472656,19641,0.0,0.0
2024-08-29 14:25:00-04:00,23.579999923706055,23.584999084472656,23.540000915527344,23.549999237060547,7033,0.0,0.0
2024-08-29 14:30:00-04:00,23.540000915527344,23.55500030517578,23.53499984741211,23.55500030517578,7095,0.0,0.0
2024-08-29 14:35:00-04:00,23.549999237060547,23.549999237060547,23.479999542236328,23.479999542236328,13553,0.0,0.0
2024-08-29 14:40:00-04:00,23.479999542236328,23.489999771118164,23.450000762939453,23.46500015258789,13641,0.0,0.0
2024-08-29 14:45:00-04:00,23.459999084472656,23.459999084472656,23.454999923706055,23.459999084472656,5464,0.0,0.0
2024-08-29 14:50:00-04:00,23.459999084472656,23.46500015258789,23.43000030517578,23.46500015258789,16214,0.0,0.0
2024-08-29 14:55:00-04:00,23.46500015258789,23.5049991607666,23.46500015258789,23.5,14573,0.0,0.0
2024-08-29 15:00:00-04:00,23.5,23.5,23.479999542236328,23.485000610351562,4650,0.0,0.0
2024-08-29 15:05:00-04:00,23.489999771118164,23.5049991607666,23.485000610351562,23.5049991607666,6766,0.0,0.0
2024-08-29 15:10:00-04:00,23.5049991607666,23.5049991607666,23.485000610351562,23.489999771118164,6527,0.0,0.0
2024-08-29 15:15:00-04:00,23.489999771118164,23.524999618530273,23.489999771118164,23.510000228881836,18111,0.0,0.0
2024-08-29 15:20:00-04:00,23.510000228881836,23.524999618530273,23.510000228881836,23.514999389648438,6249,0.0,0.0
2024-08-29 15:25:00-04:00,23.514999389648438,23.540000915527344,23.514999389648438,23.53499984741211,7370,0.0,0.0
2024-08-29 15:30:00-04:00,23.540000915527344,23.540000915527344,23.5049991607666,23.5049991607666,18475,0.0,0.0
2024-08-29 15:35:00-04:00,23.5049991607666,23.530000686645508,23.5049991607666,23.514999389648438,12945,0.0,0.0
2024-08-29 15:40:00-04:00,23.514999389648438,23.514999389648438,23.479999542236328,23.479999542236328,15272,0.0,0.0
2024-08-29 15:45:00-04:00,23.479999542236328,23.485000610351562,23.475000381469727,23.479999542236328,19627,0.0,0.0
2024-08-29 15:50:00-04:00,23.485000610351562,23.510000228881836,23.469999313354492,23.475000381469727,72307,0.0,0.0
2024-08-29 15:55:00-04:00,23.479999542236328,23.510000228881836,23.46500015258789,23.489999771118164,123035,0.0,0.0
2024-08-30 09:30:00-04:00,23.6200008392334,23.6200008392334,23.549999237060547,23.579999923706055,64026,0.0,0.0
2024-08-30 09:35:00-04:00,23.584999084472656,23.600000381469727,23.56999969482422,23.59000015258789,15904,0.0,0.0
2024-08-30 09:40:00-04:00,23.579999923706055,23.59000015258789,23.56999969482422,23.575000762939453,15988,0.0,0.0
2024-08-30 09:45:00-04:00,23.579999923706055,23.59000015258789,23.540000915527344,23.545000076293945,14238,0.0,0.0
2024-08-30 09:50:00-04:00,23.540000915527344,23.570100784301758,23.540000915527344,23.570100784301758,5380,0.0,0.0
2024-08-30 09:55:00-04:00,23.579999923706055,23.59000015258789,23.575000762939453,23.59000015258789,10220,0.0,0.0
2024-08-30 10:00:00-04:00,23.600000381469727,23.610000610351562,23.565000534057617,23.56999969482422,19335,0.0,0.0
2024-08-30 10:05:00-04:00,23.575000762939453,23.600000381469727,23.559999465942383,23.600000381469727,15661,0.0,0.0
2024-08-30 10:10:00-04:00,23.604999542236328,23.604999542236328,23.579999923706055,23.584999084472656,7150,0.0,0.0
2024-08-30 10:15:00-04:00,23.579999923706055,23.594999313354492,23.559999465942383,23.594999313354492,5638,0.0,0.0
2024-08-30 10:20:00-04:00,23.59000015258789,23.600000381469727,23.565000534057617,23.56999969482422,5256,0.0,0.0
2024-08-30 10:25:00-04:00,23.56999969482422,23.56999969482422,23.549999237060547,23.565000534057617,4306,0.0,0.0
2024-08-30 10:30:00-04:00,23.559999465942383,23.565000534057617,23.545000076293945,23.545000076293945,4121,0.0,0.0
2024-08-30 10:35:00-04:00,23.540000915527344,23.565000534057617,23.540000915527344,23.540000915527344,5978,0.0,0.0
2024-08-30 10:40:00-04:00,23.549999237060547,23.559999465942383,23.5049991607666,23.510000228881836,11392,0.0,0.0
2024-08-30 10:45:00-04:00,23.510000228881836,23.530000686645508,23.5049991607666,23.530000686645508,10918,0.0,0.0
2024-08-30 10:50:00-04:00,23.530000686645508,23.549999237060547,23.530000686645508,23.545000076293945,10640,0.0,0.0
2024-08-30 10:55:00-04:00,23.530000686645508,23.545000076293945,23.510000228881836,23.510000228881836,9575,0.0,0.0
2024-08-30 11:00:00-04:00,23.510000228881836,23.55500030517578,23.510000228881836,23.524999618530273,8483,0.0,0.0
2024-08-30 11:05:00-04:00,23.520000457763672,23.520000457763672,23.5049991607666,23.514999389648438,4997,0.0,0.0
2024-08-30 11:10:00-04:00,23.510000228881836,23.510000228881836,23.479999542236328,23.479999542236328,15293,0.0,0.0
2024-08-30 11:15:00-04:00,23.485000610351562,23.4950008392334,23.475000381469727,23.485000610351562,12877,0.0,0.0
2024-08-30 11:20:00-04:00,23.479999542236328,23.485000610351562,23.469999313354492,23.475000381469727,9051,0.0,0.0
2024-08-30 11:25:00-04:00,23.475000381469727,23.489999771118164,23.475000381469727,23.489099502563477,7740,0.0,0.0
2024-08-30 11:30:00-04:00,23.479999542236328,23.485000610351562,23.40999984741211,23.434999465942383,64586,0.0,0.0
2024-08-30 11:35:00-04:00,23.434999465942383,23.44499969482422,23.420000076293945,23.420000076293945,17472,0.0,0.0
2024-08-30 11:40:00-04:00,23.420000076293945,23.43000030517578,23.405000686645508,23.43000030517578,7307,0.0,0.0
2024-08-30 11:45:00-04:00,23.434999465942383,23.434999465942383,23.424999237060547,23.430500030517578,3682,0.0,0.0
2024-08-30 11:50:00-04:00,23.434999465942383,23.434999465942383,23.424999237060547,23.43000030517578,2179,0.0,0.0
2024-08-30 11:55:00-04:00,23.43000030517578,23.450000762939453,23.43000030517578,23.450000762939453,2953,0.0,0.0
2024-08-30 12:00:00-04:00,23.450000762939453,23.450000762939453,23.420000076293945,23.440000534057617,7182,0.0,0.0
2024-08-30 12:05:00-04:00,23.450000762939453,23.475000381469727,23.450000762939453,23.469999313354492,12169,0.0,0.0
2024-08-30 12:10:00-04:00,23.46500015258789,23.469999313354492,23.46500015258789,23.469999313354492,369,0.0,0.0
2024-08-30 12:15:00-04:00,23.469999313354492,23.469999313354492,23.440000534057617,23.440000534057617,3585,0.0,0.0
2024-08-30 12:20:00-04:00,23.44499969482422,23.44499969482422,23.43000030517578,23.44499969482422,3589,0.0,0.0
2024-08-30 12:25:00-04:00,23.44499969482422,23.44499969482422,23.420000076293945,23.43000030517578,9324,0.0,0.0
2024-08-30 12:30:00-04:00,23.43000030517578,23.43000030517578,23.40999984741211,23.40999984741211,3611,0.0,0.0
2024-08-30 12:35:00-04:00,23.405000686645508,23.405000686645508,23.389999389648438,23.405000686645508,4761,0.0,0.0
2024-08-30 12:40:00-04:00,23.405000686645508,23.409900665283203,23.385000228881836,23.389999389648438,2864,0.0,0.0
2024-08-30 12:45:00-04:00,23.399999618530273,23.40999984741211,23.395000457763672,23.399999618530273,2370,0.0,0.0
2024-08-30 12:50:00-04:00,23.405000686645508,23.420000076293945,23.405000686645508,23.41119956970215,2165,0.0,0.0
2024-08-30 12:55:00-04:00,23.415000915527344,23.43000030517578,23.415000915527344,23.43000030517578,5767,0.0,0.0
2024-08-30 13:00:00-04:00,23.420000076293945,23.434999465942383,23.415000915527344,23.43000030517578,4806,0.0,0.0
2024-08-30 13:05:00-04:00,23.424999237060547,23.43000030517578,23.420000076293945,23.43000030517578,1837,0.0,0.0
2024-08-30 13:10:00-04:00,23.43000030517578,23.469999313354492,23.424999237060547,23.46500015258789,14011,0.0,0.0
2024-08-30 13:15:00-04:00,23.46500015258789,23.46500015258789,23.440000534057617,23.440000534057617,6247,0.0,0.0
2024-08-30 13:20:00-04:00,23.440000534057617,23.450000762939453,23.440000534057617,23.450000762939453,4007,0.0,0.0
2024-08-30 13:25:00-04:00,23.450000762939453,23.454999923706055,23.43950080871582,23.43950080871582,10915,0.0,0.0
2024-08-30 13:30:00-04:00,23.440000534057617,23.450000762939453,23.434999465942383,23.434999465942383,5441,0.0,0.0
2024-08-30 13:35:00-04:00,23.434999465942383,23.440000534057617,23.434999465942383,23.434999465942383,2073,0.0,0.0
2024-08-30 13:40:00-04:00,23.434999465942383,23.450000762939453,23.434999465942383,23.450000762939453,3745,0.0,0.0
2024-08-30 13:45:00-04:00,23.450000762939453,23.459999084472656,23.43000030517578,23.43000030517578,17946,0.0,0.0
2024-08-30 13:50:00-04:00,23.434999465942383,23.459999084472656,23.424999237060547,23.454999923706055,3763,0.0,0.0
2024-08-30 13:55:00-04:00,23.459999084472656,23.459999084472656,23.44499969482422,23.454999923706055,8054,0.0,0.0
2024-08-30 14:00:00-04:00,23.454999923706055,23.469999313354492,23.454999923706055,23.46500015258789,5523,0.0,0.0
2024-08-30 14:05:00-04:00,23.46500015258789,23.5,23.46500015258789,23.5,4338,0.0,0.0
2024-08-30 14:10:00-04:00,23.5,23.5049991607666,23.489999771118164,23.5,10155,0.0,0.0
2024-08-30 14:15:00-04:00,23.510000228881836,23.520000457763672,23.508800506591797,23.510000228881836,7852,0.0,0.0
2024-08-30 14:20:00-04:00,23.510000228881836,23.530000686645508,23.510000228881836,23.530000686645508,7341,0.0,0.0
2024-08-30 14:25:00-04:00,23.524999618530273,23.524999618530273,23.5,23.5049991607666,5760,0.0,0.0
2024-08-30 14:30:00-04:00,23.5049991607666,23.520000457763672,23.5,23.514999389648438,10991,0.0,0.0
2024-08-30 14:35:00-04:00,23.514999389648438,23.53499984741211,23.514999389648438,23.530000686645508,6176,0.0,0.0
2024-08-30 14:40:00-04:00,23.530000686645508,23.53499984741211,23.510000228881836,23.514999389648438,10890,0.0,0.0
2024-08-30 14:45:00-04:00,23.520000457763672,23.530000686645508,23.520000457763672,23.524999618530273,9798,0.0,0.0
2024-08-30 14:50:00-04:00,23.530000686645508,23.540000915527344,23.520000457763672,23.520000457763672,9397,0.0,0.0
2024-08-30 14:55:00-04:00,23.514999389648438,23.530000686645508,23.514999389648438,23.520000457763672,6237,0.0,0.0
2024-08-30 15:00:00-04:00,23.520000457763672,23.530000686645508,23.510000228881836,23.510000228881836,13045,0.0,0.0
2024-08-30 15:05:00-04:00,23.520000457763672,23.540000915527344,23.510099411010742,23.530000686645508,27566,0.0,0.0
2024-08-30 15:10:00-04:00,23.530000686645508,23.530000686645508,23.520000457763672,23.530000686645508,8745,0.0,0.0
2024-08-30 15:15:00-04:00,23.524999618530273,23.540000915527344,23.514999389648438,23.524999618530273,20847,0.0,0.0
2024-08-30 15:20:00-04:00,23.530000686645508,23.55500030517578,23.530000686645508,23.545000076293945,16943,0.0,0.0
2024-08-30 15:25:00-04:00,23.545000076293945,23.559999465942383,23.545000076293945,23.559999465942383,7903,0.0,0.0
2024-08-30 15:30:00-04:00,23.559999465942383,23.56999969482422,23.540000915527344,23.540000915527344,21662,0.0,0.0
2024-08-30 15:35:00-04:00,23.53499984741211,23.55500030517578,23.53499984741211,23.545000076293945,16512,0.0,0.0
2024-08-30 15:40:00-04:00,23.545000076293945,23.559999465942383,23.53499984741211,23.545000076293945,34541,0.0,0.0
2024-08-30 15:45:00-04:00,23.549999237060547,23.559999465942383,23.545000076293945,23.549999237060547,26629,0.0,0.0
2024-08-30 15:50:00-04:00,23.549999237060547,23.6299991607666,23.547500610351562,23.6299991607666,73851,0.0,0.0
2024-08-30 15:55:00-04:00,23.6299991607666,23.65999984741211,23.6200008392334,23.6299991607666,127524,0.0,0.0
2024-09-03 09:30:00-04:00,22.90999984741211,22.950000762939453,22.84000015258789,22.850000381469727,137313,0.0,0.0
2024-09-03 09:35:00-04:00,22.860000610351562,22.889999389648438,22.799999237060547,22.81999969482422,25085,0.0,0.0
2024-09-03 09:40:00-04:00,22.809999465942383,22.825000762939453,22.770000457763672,22.790000915527344,29313,0.0,0.0
2024-09-03 09:45:00-04:00,22.790000915527344,22.799299240112305,22.725000381469727,22.75,41823,0.0,0.0
2024-09-03 09:50:00-04:00,22.735000610351562,22.735000610351562,22.665000915527344,22.68000030517578,53249,0.0,0.0
2024-09-03 09:55:00-04:00,22.68000030517578,22.719999313354492,22.65999984741211,22.674999237060547,72624,0.0,0.0
2024-09-03 10:00:00-04:00,22.670000076293945,22.68000030517578,22.454999923706055,22.459999084472656,83844,0.0,0.0
2024-09-03 10:05:00-04:00,22.459999084472656,22.489999771118164,22.420000076293945,22.489999771118164,104716,0.0,0.0
2024-09-03 10:10:00-04:00,22.485000610351562,22.5049991607666,22.44499969482422,22.44499969482422,37368,0.0,0.0
2024-09-03 10:15:00-04:00,22.450000762939453,22.485000610351562,22.440000534057617,22.446199417114258,52041,0.0,0.0
2024-09-03 10:20:00-04:00,22.440000534057617,22.454999923706055,22.375,22.375,15882,0.0,0.0
2024-09-03 10:25:00-04:00,22.3799991607666,22.40999984741211,22.3799991607666,22.395000457763672,36145,0.0,0.0
2024-09-03 10:30:00-04:00,22.389999389648438,22.440000534057617,22.389999389648438,22.420000076293945,68012,0.0,0.0
2024-09-03 10:35:00-04:00,22.415000915527344,22.43000030517578,22.395000457763672,22.405000686645508,59510,0.0,0.0
2024-09-03 10:40:00-04:00,22.405000686645508,22.415000915527344,22.385000228881836,22.399999618530273,25796,0.0,0.0
2024-09-03 10:45:00-04:00,22.399999618530273,22.40999984741211,22.364999771118164,22.364999771118164,21201,0.0,0.0
2024-09-03 10:50:00-04:00,22.364999771118164,22.375,22.315000534057617,22.31999969482422,47695,0.0,0.0
2024-09-03 10:55:00-04:00,22.31999969482422,22.325000762939453,22.299999237060547,22.30500030517578,23091,0.0,0.0
2024-09-03 11:00:00-04:00,22.299999237060547,22.334999084472656,22.295000076293945,22.334999084472656,45651,0.0,0.0
2024-09-03 11:05:00-04:00,22.334999084472656,22.389999389648438,22.325000762939453,22.360000610351562,61885,0.0,0.0
2024-09-03 11:10:00-04:00,22.360000610351562,22.389999389648438,22.34000015258789,22.34000015258789,38584,0.0,0.0
2024-09-03 11:15:00-04:00,22.350000381469727,22.3700008392334,22.329999923706055,22.334999084472656,46441,0.0,0.0
2024-09-03 11:20:00-04:00,22.34000015258789,22.360000610351562,22.334999084472656,22.354999542236328,25605,0.0,0.0
2024-09-03 11:25:00-04:00,22.360000610351562,22.36829948425293,22.334999084472656,22.34000015258789,37005,0.0,0.0
2024-09-03 11:30:00-04:00,22.350000381469727,22.375,22.325000762939453,22.34000015258789,136770,0.0,0.0
2024-09-03 11:35:00-04:00,22.334999084472656,22.334999084472656,22.315000534057617,22.315000534057617,5449,0.0,0.0
2024-09-03 11:40:00-04:00,22.309999465942383,22.309999465942383,22.2549991607666,22.270000457763672,20563,0.0,0.0
2024-09-03 11:45:00-04:00,22.274999618530273,22.295000076293945,22.274999618530273,22.274999618530273,12754,0.0,0.0
2024-09-03 11:50:00-04:00,22.280000686645508,22.299999237060547,22.280000686645508,22.299999237060547,7937,0.0,0.0
2024-09-03 11:55:00-04:00,22.299999237060547,22.299999237060547,22.260000228881836,22.280000686645508,12970,0.0,0.0
2024-09-03 12:00:00-04:00,22.274999618530273,22.299999237060547,22.274999618530273,22.28499984741211,15565,0.0,0.0
2024-09-03 12:05:00-04:00,22.28499984741211,22.290000915527344,22.270000457763672,22.280000686645508,10457,0.0,0.0
2024-09-03 12:10:00-04:00,22.280000686645508,22.290000915527344,22.274999618530273,22.290000915527344,7322,0.0,0.0
2024-09-03 12:15:00-04:00,22.28499984741211,22.299999237060547,22.274999618530273,22.274999618530273,13889,0.0,0.0
2024-09-03 12:20:00-04:00,22.280000686645508,22.290000915527344,22.270000457763672,22.270000457763672,8931,0.0,0.0
2024-09-03 12:25:00-04:00,22.264699935913086,22.264999389648438,22.2450008392334,22.25,8114,0.0,0.0
2024-09-03 12:30:00-04:00,22.2450008392334,22.2450008392334,22.225000381469727,22.235000610351562,18451,0.0,0.0
2024-09-03 12:35:00-04:00,22.235000610351562,22.239999771118164,22.225000381469727,22.229999542236328,7946,0.0,0.0
2024-09-03 12:40:00-04:00,22.229999542236328,22.229999542236328,22.200000762939453,22.204999923706055,20305,0.0,0.0
2024-09-03 12:45:00-04:00,22.204999923706055,22.209999084472656,22.18000030517578,22.18000030517578,9795,0.0,0.0
2024-09-03 12:50:00-04:00,22.177000045776367,22.209999084472656,22.174999237060547,22.184999465942383,15473,0.0,0.0
2024-09-03 12:55:00-04:00,22.190000534057617,22.190000534057617,22.174999237060547,22.174999237060547,5733,0.0,0.0
2024-09-03 13:00:00-04:00,22.174999237060547,22.179899215698242,22.155000686645508,22.15999984741211,15757,0.0,0.0
2024-09-03 13:05:00-04:00,22.165000915527344,22.200000762939453,22.165000915527344,22.184999465942383,8365,0.0,0.0
2024-09-03 13:10:00-04:00,22.18000030517578,22.18000030517578,22.149999618530273,22.155000686645508,6743,0.0,0.0
2024-09-03 13:15:00-04:00,22.149999618530273,22.18000030517578,22.149999618530273,22.18000030517578,10392,0.0,0.0
2024-09-03 13:20:00-04:00,22.18000030517578,22.200000762939453,22.18000030517578,22.200000762939453,5306,0.0,0.0
2024-09-03 13:25:00-04:00,22.19499969482422,22.200000762939453,22.190000534057617,22.19499969482422,2550,0.0,0.0
2024-09-03 13:30:00-04:00,22.190000534057617,22.190000534057617,22.170000076293945,22.170000076293945,9072,0.0,0.0
2024-09-03 13:35:00-04:00,22.174999237060547,22.200000762939453,22.174999237060547,22.200000762939453,8224,0.0,0.0
2024-09-03 13:40:00-04:00,22.209999084472656,22.209999084472656,22.184999465942383,22.190000534057617,8122,0.0,0.0
2024-09-03 13:45:00-04:00,22.190000534057617,22.200000762939453,22.182100296020508,22.190000534057617,11184,0.0,0.0
2024-09-03 13:50:00-04:00,22.190000534057617,22.190000534057617,22.184999465942383,22.184999465942383,3053,0.0,0.0
2024-09-03 13:55:00-04:00,22.18000030517578,22.18000030517578,22.139999389648438,22.139999389648438,9119,0.0,0.0
2024-09-03 14:00:00-04:00,22.145000457763672,22.149999618530273,22.104999542236328,22.104999542236328,7084,0.0,0.0
2024-09-03 14:05:00-04:00,22.110000610351562,22.1200008392334,22.104999542236328,22.104999542236328,4375,0.0,0.0
2024-09-03 14:10:00-04:00,22.104999542236328,22.1299991607666,22.104999542236328,22.1299991607666,9937,0.0,0.0
2024-09-03 14:15:00-04:00,22.125,22.1299991607666,22.104999542236328,22.104999542236328,7501,0.0,0.0
2024-09-03 14:20:00-04:00,22.104999542236328,22.1200008392334,22.104999542236328,22.114999771118164,7248,0.0,0.0
2024-09-03 14:25:00-04:00,22.1200008392334,22.139999389648438,22.114999771118164,22.1299991607666,13167,0.0,0.0
2024-09-03 14:30:00-04:00,22.125,22.139999389648438,22.114999771118164,22.139999389648438,12624,0.0,0.0
2024-09-03 14:35:00-04:00,22.135000228881836,22.139999389648438,22.114999771118164,22.114999771118164,15002,0.0,0.0
2024-09-03 14:40:00-04:00,22.114999771118164,22.1299991607666,22.110000610351562,22.1299991607666,14320,0.0,0.0
2024-09-03 14:45:00-04:00,22.1299991607666,22.1299991607666,22.110000610351562,22.11949920654297,6551,0.0,0.0
2024-09-03 14:50:00-04:00,22.114999771118164,22.1200008392334,22.110000610351562,22.110000610351562,12889,0.0,0.0
2024-09-03 14:55:00-04:00,22.104999542236328,22.1299991607666,22.100000381469727,22.1299991607666,18146,0.0,0.0
2024-09-03 15:00:00-04:00,22.125,22.1299991607666,22.1200008392334,22.125,8230,0.0,0.0
2024-09-03 15:05:00-04:00,22.125,22.1299991607666,22.104999542236328,22.104999542236328,21330,0.0,0.0
2024-09-03 15:10:00-04:00,22.104999542236328,22.1299991607666,22.100000381469727,22.114999771118164,23402,0.0,0.0
2024-09-03 15:15:00-04:00,22.114999771118164,22.1200008392334,22.110000610351562,22.114999771118164,9122,0.0,0.0
2024-09-03 15:20:00-04:00,22.114999771118164,22.1200008392334,22.104999542236328,22.104999542236328,29219,0.0,0.0
2024-09-03 15:25:00-04:00,22.104999542236328,22.11949920654297,22.100000381469727,22.104999542236328,18302,0.0,0.0
2024-09-03 15:30:00-04:00,22.110000610351562,22.1200008392334,22.100000381469727,22.104999542236328,22465,0.0,0.0
2024-09-03 15:35:00-04:00,22.104999542236328,22.110000610351562,22.079999923706055,22.100000381469727,67033,0.0,0.0
2024-09-03 15:40:00-04:00,22.100000381469727,22.104999542236328,22.065000534057617,22.084999084472656,48605,0.0,0.0
2024-09-03 15:45:00-04:00,22.084999084472656,22.100000381469727,22.06999969482422,22.094999313354492,76001,0.0,0.0
2024-09-03 15:50:00-04:00,22.100000381469727,22.110000610351562,22.084999084472656,22.084999084472656,135860,0.0,0.0
2024-09-03 15:55:00-04:00,22.09000015258789,22.1299991607666,22.084999084472656,22.1200008392334,240232,0.0,0.0
2024-09-04 09:30:00-04:00,22.079999923706055,22.219999313354492,22.06999969482422,22.219999313354492,72938,0.0,0.0
2024-09-04 09:35:00-04:00,22.219999313354492,22.264999389648438,22.219999313354492,22.229999542236328,60424,0.0,0.0
2024-09-04 09:40:00-04:00,22.239999771118164,22.239999771118164,22.160999298095703,22.190000534057617,18475,0.0,0.0
2024-09-04 09:45:00-04:00,22.18000030517578,22.18000030517578,22.15999984741211,22.170000076293945,13547,0.0,0.0
2024-09-04 09:50:00-04:00,22.165000915527344,22.204999923706055,22.15999984741211,22.190000534057617,42851,0.0,0.0
2024-09-04 09:55:00-04:00,22.18000030517578,22.2450008392334,22.174999237060547,22.2450008392334,25766,0.0,0.0
2024-09-04 10:00:00-04:00,22.2450008392334,22.25,22.1200008392334,22.15999984741211,48011,0.0,0.0
2024-09-04 10:05:00-04:00,22.149999618530273,22.170000076293945,22.1200008392334,22.170000076293945,12169,0.0,0.0
2024-09-04 10:10:00-04:00,22.170000076293945,22.219999313354492,22.170000076293945,22.184999465942383,20587,0.0,0.0
2024-09-04 10:15:00-04:00,22.18000030517578,22.204999923706055,22.165000915527344,22.170000076293945,10671,0.0,0.0
2024-09-04 10:20:00-04:00,22.18000030517578,22.200000762939453,22.170000076293945,22.19499969482422,24771,0.0,0.0
2024-09-04 10:25:00-04:00,22.19499969482422,22.200000762939453,22.170000076293945,22.184999465942383,7479,0.0,0.0
2024-09-04 10:30:00-04:00,22.190000534057617,22.200000762939453,22.184999465942383,22.200000762939453,7065,0.0,0.0
2024-09-04 10:35:00-04:00,22.204999923706055,22.2450008392334,22.204999923706055,22.2450008392334,3493,0.0,0.0
2024-09-04 10:40:00-04:00,22.25,22.270000457763672,22.2450008392334,22.260000228881836,3491,0.0,0.0
2024-09-04 10:45:00-04:00,22.270000457763672,22.274999618530273,22.2549991607666,22.2549991607666,6134,0.0,0.0
2024-09-04 10:50:00-04:00,22.260000228881836,22.264999389648438,22.2450008392334,22.25,7937,0.0,0.0
2024-09-04 10:55:00-04:00,22.260000228881836,22.270000457763672,22.2549991607666,22.270000457763672,12029,0.0,0.0
2024-09-04 11:00:00-04:00,22.280000686645508,22.280000686645508,22.260000228881836,22.270000457763672,15586,0.0,0.0
2024-09-04 11:05:00-04:00,22.270000457763672,22.270000457763672,22.219999313354492,22.219999313354492,9309,0.0,0.0
2024-09-04 11:10:00-04:00,22.219999313354492,22.225000381469727,22.165000915527344,22.174999237060547,17859,0.0,0.0
2024-09-04 11:15:00-04:00,22.174999237060547,22.200000762939453,22.174999237060547,22.200000762939453,8502,0.0,0.0
2024-09-04 11:20:00-04:00,22.19499969482422,22.204999923706055,22.165000915527344,22.170000076293945,37134,0.0,0.0
2024-09-04 11:25:00-04:00,22.170000076293945,22.190000534057617,22.15999984741211,22.18000030517578,9152,0.0,0.0
2024-09-04 11:30:00-04:00,22.190000534057617,22.209999084472656,22.18000030517578,22.184999465942383,30766,0.0,0.0
2024-09-04 11:35:00-04:00,22.190000534057617,22.200000762939453,22.18000030517578,22.190000534057617,15810,0.0,0.0
2024-09-04 11:40:00-04:00,22.18000030517578,22.19499969482422,22.165000915527344,22.19499969482422,7772,0.0,0.0
2024-09-04 11:45:00-04:00,22.200000762939453,22.219999313354492,22.184999465942383,22.190000534057617,11465,0.0,0.0
2024-09-04 11:50:00-04:00,22.18000030517578,22.184999465942383,22.170000076293945,22.18000030517578,8316,0.0,0.0
2024-09-04 11:55:00-04:00,22.184999465942383,22.190000534057617,22.170000076293945,22.174999237060547,4497,0.0,0.0
2024-09-04 12:00:00-04:00,22.174999237060547,22.19499969482422,22.174999237060547,22.190000534057617,4713,0.0,0.0
2024-09-04 12:05:00-04:00,22.184999465942383,22.204999923706055,22.180099487304688,22.204999923706055,6242,0.0,0.0
2024-09-04 12:10:00-04:00,22.204999923706055,22.209999084472656,22.184999465942383,22.184999465942383,5259,0.0,0.0
2024-09-04 12:15:00-04:00,22.184999465942383,22.21500015258789,22.184999465942383,22.209999084472656,3860,0.0,0.0
2024-09-04 12:20:00-04:00,22.204999923706055,22.209999084472656,22.190000534057617,22.209999084472656,4843,0.0,0.0
2024-09-04 12:25:00-04:00,22.204999923706055,22.219999313354492,22.19499969482422,22.204999923706055,8606,0.0,0.0
2024-09-04 12:30:00-04:00,22.204999923706055,22.25,22.204999923706055,22.25,4258,0.0,0.0
2024-09-04 12:35:00-04:00,22.2450008392334,22.25,22.239999771118164,22.2450008392334,2499,0.0,0.0
2024-09-04 12:40:00-04:00,22.25,22.25,22.200000762939453,22.21500015258789,8199,0.0,0.0
2024-09-04 12:45:00-04:00,22.21500015258789,22.21500015258789,22.204999923706055,22.204999923706055,6924,0.0,0.0
2024-09-04 12:50:00-04:00,22.204999923706055,22.2450008392334,22.204999923706055,22.24250030517578,14954,0.0,0.0
2024-09-04 12:55:00-04:00,22.239999771118164,22.239999771118164,22.21500015258789,22.235000610351562,7265,0.0,0.0
2024-09-04 13:00:00-04:00,22.23110008239746,22.23110008239746,22.209999084472656,22.209999084472656,1748,0.0,0.0
2024-09-04 13:05:00-04:00,22.21500015258789,22.225000381469727,22.209999084472656,22.219999313354492,4773,0.0,0.0
2024-09-04 13:10:00-04:00,22.219999313354492,22.225000381469727,22.19499969482422,22.200000762939453,9609,0.0,0.0
2024-09-04 13:15:00-04:00,22.204999923706055,22.207399368286133,22.190000534057617,22.200000762939453,21190,0.0,0.0
2024-09-04 13:20:00-04:00,22.200000762939453,22.225000381469727,22.190000534057617,22.190000534057617,12858,0.0,0.0
2024-09-04 13:25:00-04:00,22.190000534057617,22.200000762939453,22.18000030517578,22.18000030517578,3353,0.0,0.0
2024-09-04 13:30:00-04:00,22.184999465942383,22.190000534057617,22.170000076293945,22.190000534057617,8319,0.0,0.0
2024-09-04 13:35:00-04:00,22.184999465942383,22.19499969482422,22.18000030517578,22.19499969482422,12184,0.0,0.0
2024-09-04 13:40:00-04:00,22.19499969482422,22.200000762939453,22.135000228881836,22.135000228881836,8580,0.0,0.0
2024-09-04 13:45:00-04:00,22.139999389648438,22.15999984741211,22.104999542236328,22.110000610351562,11928,0.0,0.0
2024-09-04 13:50:00-04:00,22.100000381469727,22.104999542236328,22.049999237060547,22.059999465942383,21514,0.0,0.0
2024-09-04 13:55:00-04:00,22.06999969482422,22.079999923706055,22.049999237060547,22.049999237060547,9283,0.0,0.0
2024-09-04 14:00:00-04:00,22.059999465942383,22.059999465942383,22.020000457763672,22.020000457763672,9729,0.0,0.0
2024-09-04 14:05:00-04:00,22.020000457763672,22.030000686645508,22.010000228881836,22.020000457763672,15966,0.0,0.0
2024-09-04 14:10:00-04:00,22.020000457763672,22.030000686645508,21.9950008392334,21.9950008392334,24301,0.0,0.0
2024-09-04 14:15:00-04:00,21.9950008392334,22.03499984741211,21.9950008392334,22.024999618530273,20994,0.0,0.0
2024-09-04 14:20:00-04:00,22.030000686645508,22.040000915527344,22.024999618530273,22.03499984741211,4582,0.0,0.0
2024-09-04 14:25:00-04:00,22.03499984741211,22.059999465942383,22.03499984741211,22.049999237060547,22107,0.0,0.0
2024-09-04 14:30:00-04:00,22.049999237060547,22.05500030517578,22.020000457763672,22.020000457763672,12599,0.0,0.0
2024-09-04 14:35:00-04:00,22.020000457763672,22.03499984741211,22.014999389648438,22.014999389648438,12306,0.0,0.0
2024-09-04 14:40:00-04:00,22.014999389648438,22.049999237060547,22.014999389648438,22.045000076293945,32740,0.0,0.0
2024-09-04 14:45:00-04:00,22.040000915527344,22.065000534057617,22.03499984741211,22.05500030517578,10967,0.0,0.0
2024-09-04 14:50:00-04:00,22.049999237060547,22.06999969482422,22.045000076293945,22.06999969482422,10676,0.0,0.0
2024-09-04 14:55:00-04:00,22.06999969482422,22.06999969482422,22.045000076293945,22.049999237060547,11139,0.0,0.0
2024-09-04 15:00:00-04:00,22.049999237060547,22.05500030517578,22.045000076293945,22.045000076293945,9765,0.0,0.0
2024-09-04 15:05:00-04:00,22.045000076293945,22.045000076293945,22.010000228881836,22.010000228881836,17844,0.0,0.0
2024-09-04 15:10:00-04:00,22.010000228881836,22.024999618530273,22.0049991607666,22.014999389648438,21594,0.0,0.0
2024-09-04 15:15:00-04:00,22.020000457763672,22.03499984741211,22.010000228881836,22.011999130249023,26972,0.0,0.0
2024-09-04 15:20:00-04:00,22.014999389648438,22.049999237060547,22.010000228881836,22.045000076293945,25757,0.0,0.0
2024-09-04 15:25:00-04:00,22.049999237060547,22.05500030517578,22.030000686645508,22.045000076293945,10600,0.0,0.0
2024-09-04 15:30:00-04:00,22.040000915527344,22.045000076293945,22.020000457763672,22.020000457763672,23802,0.0,0.0
2024-09-04 15:35:00-04:00,22.020000457763672,22.030000686645508,22.0049991607666,22.024999618530273,17613,0.0,0.0
2024-09-04 15:40:00-04:00,22.024999618530273,22.03499984741211,22.014999389648438,22.03499984741211,17336,0.0,0.0
2024-09-04 15:45:00-04:00,22.03499984741211,22.049999237060547,22.023500442504883,22.023500442504883,42399,0.0,0.0
2024-09-04 15:50:00-04:00,22.030000686645508,22.049999237060547,22.014999389648438,22.024999618530273,97187,0.0,0.0
2024-09-04 15:55:00-04:00,22.024999618530273,22.06999969482422,22.014999389648438,22.045000076293945,147172,0.0,0.0
2024-09-05 09:30:00-04:00,22.649999618530273,22.729999542236328,22.584999084472656,22.584999084472656,89099,0.0,0.0
2024-09-05 09:35:00-04:00,22.584999084472656,22.6200008392334,22.549999237060547,22.559999465942383,21725,0.0,0.0
2024-09-05 09:40:00-04:00,22.559999465942383,22.600000381469727,22.559999465942383,22.584999084472656,32503,0.0,0.0
2024-09-05 09:45:00-04:00,22.59000015258789,22.600000381469727,22.4950008392334,22.5049991607666,33287,0.0,0.0
2024-09-05 09:50:00-04:00,22.5049991607666,22.5049991607666,22.454999923706055,22.489999771118164,31301,0.0,0.0
2024-09-05 09:55:00-04:00,22.489999771118164,22.524999618530273,22.485000610351562,22.524999618530273,24465,0.0,0.0
2024-09-05 10:00:00-04:00,22.520000457763672,22.579999923706055,22.510000228881836,22.56999969482422,32194,0.0,0.0
2024-09-05 10:05:00-04:00,22.579999923706055,22.594999313354492,22.549999237060547,22.559999465942383,17709,0.0,0.0
2024-09-05 10:10:00-04:00,22.55500030517578,22.55500030517578,22.5,22.5,11990,0.0,0.0
2024-09-05 10:15:00-04:00,22.489999771118164,22.514999389648438,22.469999313354492,22.5,15871,0.0,0.0
2024-09-05 10:20:00-04:00,22.5,22.524999618530273,22.489999771118164,22.524999618530273,7945,0.0,0.0
2024-09-05 10:25:00-04:00,22.524999618530273,22.524999618530273,22.459999084472656,22.459999084472656,11290,0.0,0.0
2024-09-05 10:30:00-04:00,22.46500015258789,22.479999542236328,22.454999923706055,22.479999542236328,17445,0.0,0.0
2024-09-05 10:35:00-04:00,22.479999542236328,22.489999771118164,22.46500015258789,22.469999313354492,12925,0.0,0.0
2024-09-05 10:40:00-04:00,22.469999313354492,22.469999313354492,22.424999237060547,22.434999465942383,15089,0.0,0.0
2024-09-05 10:45:00-04:00,22.424999237060547,22.43000030517578,22.405000686645508,22.415000915527344,12344,0.0,0.0
2024-09-05 10:50:00-04:00,22.40999984741211,22.40999984741211,22.389999389648438,22.389999389648438,21128,0.0,0.0
2024-09-05 10:55:00-04:00,22.399999618530273,22.434999465942383,22.399999618530273,22.43000030517578,4190,0.0,0.0
2024-09-05 11:00:00-04:00,22.43000030517578,22.454999923706055,22.424999237060547,22.454999923706055,24683,0.0,0.0
2024-09-05 11:05:00-04:00,22.459999084472656,22.469999313354492,22.434999465942383,22.450000762939453,21192,0.0,0.0
2024-09-05 11:10:00-04:00,22.440000534057617,22.440000534057617,22.405000686645508,22.405000686645508,37491,0.0,0.0
2024-09-05 11:15:00-04:00,22.405000686645508,22.420000076293945,22.399999618530273,22.415000915527344,22164,0.0,0.0
2024-09-05 11:20:00-04:00,22.420000076293945,22.454999923706055,22.40999984741211,22.420000076293945,40241,0.0,0.0
2024-09-05 11:25:00-04:00,22.43000030517578,22.44499969482422,22.389999389648438,22.389999389648438,77940,0.0,0.0
2024-09-05 11:30:00-04:00,22.389999389648438,22.399999618530273,22.344999313354492,22.344999313354492,47281,0.0,0.0
2024-09-05 11:35:00-04:00,22.34000015258789,22.344999313354492,22.329999923706055,22.34000015258789,25484,0.0,0.0
2024-09-05 11:40:00-04:00,22.34000015258789,22.34000015258789,22.290000915527344,22.299999237060547,15522,0.0,0.0
2024-09-05 11:45:00-04:00,22.299999237060547,22.309999465942383,22.280000686645508,22.295000076293945,11303,0.0,0.0
2024-09-05 11:50:00-04:00,22.295000076293945,22.30500030517578,22.260000228881836,22.270000457763672,10931,0.0,0.0
2024-09-05 11:55:00-04:00,22.270000457763672,22.274999618530273,22.25,22.260000228881836,21120,0.0,0.0
2024-09-05 12:00:00-04:00,22.260000228881836,22.264999389648438,22.239999771118164,22.239999771118164,36071,0.0,0.0
2024-09-05 12:05:00-04:00,22.235000610351562,22.2450008392334,22.225000381469727,22.229999542236328,11307,0.0,0.0
2024-09-05 12:10:00-04:00,22.225000381469727,22.229999542236328,22.200000762939453,22.229999542236328,18165,0.0,0.0
2024-09-05 12:15:00-04:00,22.239999771118164,22.2450008392334,22.219999313354492,22.219999313354492,12613,0.0,0.0
2024-09-05 12:20:00-04:00,22.229999542236328,22.280000686645508,22.229999542236328,22.274999618530273,14920,0.0,0.0
2024-09-05 12:25:00-04:00,22.280000686645508,22.299999237060547,22.280000686645508,22.280099868774414,13966,0.0,0.0
2024-09-05 12:30:00-04:00,22.290000915527344,22.290000915527344,22.270000457763672,22.28499984741211,10549,0.0,0.0
2024-09-05 12:35:00-04:00,22.290000915527344,22.299999237060547,22.290000915527344,22.295000076293945,4721,0.0,0.0
2024-09-05 12:40:00-04:00,22.299999237060547,22.334999084472656,22.295000076293945,22.334999084472656,21481,0.0,0.0
2024-09-05 12:45:00-04:00,22.329999923706055,22.360000610351562,22.325000762939453,22.344999313354492,17891,0.0,0.0
2024-09-05 12:50:00-04:00,22.350000381469727,22.360000610351562,22.34000015258789,22.34000015258789,18103,0.0,0.0
2024-09-05 12:55:00-04:00,22.329999923706055,22.329999923706055,22.30500030517578,22.30500030517578,14720,0.0,0.0
2024-09-05 13:00:00-04:00,22.30500030517578,22.329999923706055,22.30500030517578,22.309999465942383,10488,0.0,0.0
2024-09-05 13:05:00-04:00,22.315000534057617,22.325000762939453,22.295000076293945,22.325000762939453,8342,0.0,0.0
2024-09-05 13:10:00-04:00,22.325000762939453,22.350000381469727,22.325000762939453,22.344999313354492,3409,0.0,0.0
2024-09-05 13:15:00-04:00,22.344999313354492,22.350000381469727,22.325000762939453,22.350000381469727,5679,0.0,0.0
2024-09-05 13:20:00-04:00,22.344999313354492,22.360000610351562,22.344999313354492,22.350000381469727,4398,0.0,0.0
2024-09-05 13:25:00-04:00,22.350000381469727,22.360000610351562,22.350000381469727,22.354999542236328,7093,0.0,0.0
2024-09-05 13:30:00-04:00,22.350000381469727,22.360000610351562,22.329999923706055,22.360000610351562,6117,0.0,0.0
2024-09-05 13:35:00-04:00,22.3700008392334,22.405000686645508,22.3700008392334,22.395000457763672,5580,0.0,0.0
2024-09-05 13:40:00-04:00,22.395000457763672,22.415000915527344,22.3799991607666,22.405000686645508,18840,0.0,0.0
2024-09-05 13:45:00-04:00,22.405000686645508,22.415000915527344,22.3799991607666,22.385000228881836,14914,0.0,0.0
2024-09-05 13:50:00-04:00,22.385000228881836,22.399999618530273,22.375,22.395000457763672,8124,0.0,0.0
2024-09-05 13:55:00-04:00,22.395000457763672,22.405000686645508,22.389999389648438,22.405000686645508,6149,0.0,0.0
2024-09-05 14:00:00-04:00,22.40999984741211,22.424999237060547,22.405000686645508,22.415000915527344,10179,0.0,0.0
2024-09-05 14:05:00-04:00,22.40999984741211,22.424999237060547,22.405000686645508,22.40999984741211,8317,0.0,0.0
2024-09-05 14:10:00-04:00,22.415000915527344,22.440000534057617,22.405000686645508,22.43000030517578,11002,0.0,0.0
2024-09-05 14:15:00-04:00,22.424999237060547,22.440000534057617,22.420000076293945,22.43000030517578,5172,0.0,0.0
2024-09-05 14:20:00-04:00,22.434999465942383,22.434999465942383,22.40999984741211,22.420000076293945,12372,0.0,0.0
2024-09-05 14:25:00-04:00,22.420000076293945,22.424999237060547,22.395000457763672,22.395000457763672,35847,0.0,0.0
2024-09-05 14:30:00-04:00,22.395000457763672,22.44499969482422,22.395000457763672,22.43000030517578,8686,0.0,0.0
2024-09-05 14:35:00-04:00,22.434999465942383,22.450000762939453,22.420000076293945,22.420000076293945,11632,0.0,0.0
2024-09-05 14:40:00-04:00,22.424999237060547,22.440000534057617,22.40999984741211,22.440000534057617,20459,0.0,0.0
2024-09-05 14:45:00-04:00,22.434999465942383,22.450000762939453,22.43000030517578,22.44499969482422,4984,0.0,0.0
2024-09-05 14:50:00-04:00,22.450000762939453,22.46500015258789,22.44499969482422,22.450000762939453,6125,0.0,0.0
2024-09-05 14:55:00-04:00,22.449899673461914,22.450000762939453,22.424999237060547,22.424999237060547,8907,0.0,0.0
2024-09-05 15:00:00-04:00,22.424999237060547,22.434999465942383,22.415000915527344,22.420000076293945,12255,0.0,0.0
2024-09-05 15:05:00-04:00,22.415000915527344,22.440000534057617,22.40999984741211,22.440000534057617,22118,0.0,0.0
2024-09-05 15:10:00-04:00,22.434999465942383,22.440000534057617,22.40999984741211,22.40999984741211,15574,0.0,0.0
2024-09-05 15:15:00-04:00,22.415000915527344,22.420000076293945,22.395000457763672,22.405000686645508,19282,0.0,0.0
2024-09-05 15:20:00-04:00,22.40999984741211,22.420000076293945,22.395000457763672,22.420000076293945,8741,0.0,0.0
2024-09-05 15:25:00-04:00,22.415000915527344,22.424999237060547,22.395000457763672,22.424999237060547,20663,0.0,0.0
2024-09-05 15:30:00-04:00,22.424999237060547,22.440000534057617,22.415000915527344,22.440000534057617,12668,0.0,0.0
2024-09-05 15:35:00-04:00,22.440000534057617,22.440000534057617,22.405000686645508,22.405000686645508,22639,0.0,0.0
2024-09-05 15:40:00-04:00,22.405000686645508,22.405000686645508,22.3700008392334,22.3799991607666,12606,0.0,0.0
2024-09-05 15:45:00-04:00,22.375,22.3799991607666,22.354999542236328,22.375,36150,0.0,0.0
2024-09-05 15:50:00-04:00,22.3799991607666,22.3799991607666,22.31999969482422,22.325000762939453,75603,0.0,0.0
2024-09-05 15:55:00-04:00,22.325000762939453,22.354999542236328,22.315000534057617,22.344999313354492,179740,0.0,0.0
2024-09-06 09:30:00-04:00,22.329999923706055,22.329999923706055,22.280000686645508,22.329999923706055,50711,0.0,0.0
2024-09-06 09:35:00-04:00,22.34000015258789,22.360000610351562,22.299999237060547,22.299999237060547,20970,0.0,0.0
2024-09-06 09:40:00-04:00,22.280000686645508,22.34000015258789,22.280000686645508,22.31999969482422,16701,0.0,0.0
2024-09-06 09:45:00-04:00,22.334999084472656,22.415000915527344,22.334999084472656,22.390100479125977,9136,0.0,0.0
2024-09-06 09:50:00-04:00,22.39189910888672,22.440000534057617,22.389999389648438,22.389999389648438,9005,0.0,0.0
2024-09-06 09:55:00-04:00,22.399999618530273,22.424999237060547,22.375,22.3799991607666,21364,0.0,0.0
2024-09-06 10:00:00-04:00,22.3799991607666,22.3799991607666,22.354999542236328,22.375,6190,0.0,0.0
2024-09-06 10:05:00-04:00,22.329999923706055,22.329999923706055,22.30500030517578,22.31999969482422,17546,0.0,0.0
2024-09-06 10:10:00-04:00,22.329999923706055,22.3700008392334,22.329999923706055,22.344999313354492,22110,0.0,0.0
2024-09-06 10:15:00-04:00,22.350000381469727,22.360000610351562,22.309999465942383,22.31999969482422,38224,0.0,0.0
2024-09-06 10:20:00-04:00,22.325000762939453,22.389999389648438,22.325000762939453,22.3700008392334,21626,0.0,0.0
2024-09-06 10:25:00-04:00,22.375,22.375,22.299999237060547,22.299999237060547,9638,0.0,0.0
2024-09-06 10:30:00-04:00,22.290000915527344,22.30500030517578,22.2549991607666,22.260000228881836,19659,0.0,0.0
2024-09-06 10:35:00-04:00,22.25,22.299999237060547,22.229999542236328,22.299999237060547,9153,0.0,0.0
2024-09-06 10:40:00-04:00,22.299999237060547,22.31999969482422,22.25,22.25,9285,0.0,0.0
2024-09-06 10:45:00-04:00,22.2549991607666,22.264999389648438,22.21500015258789,22.229999542236328,24067,0.0,0.0
2024-09-06 10:50:00-04:00,22.235000610351562,22.235000610351562,22.204999923706055,22.21500015258789,24742,0.0,0.0
2024-09-06 10:55:00-04:00,22.21500015258789,22.229999542236328,22.19499969482422,22.225000381469727,11126,0.0,0.0
2024-09-06 11:00:00-04:00,22.229999542236328,22.3799991607666,22.229999542236328,22.325000762939453,64195,0.0,0.0
2024-09-06 11:05:00-04:00,22.31999969482422,22.34000015258789,22.239999771118164,22.239999771118164,20743,0.0,0.0
2024-09-06 11:10:00-04:00,22.229999542236328,22.270000457763672,22.229999542236328,22.2450008392334,8699,0.0,0.0
2024-09-06 11:15:00-04:00,22.2450008392334,22.260000228881836,22.204999923706055,22.204999923706055,16268,0.0,0.0
2024-09-06 11:20:00-04:00,22.209999084472656,22.219999313354492,22.190000534057617,22.209999084472656,28437,0.0,0.0
2024-09-06 11:25:00-04:00,22.21500015258789,22.235000610351562,22.200000762939453,22.204999923706055,32703,0.0,0.0
2024-09-06 11:30:00-04:00,22.200000762939453,22.229999542236328,22.190000534057617,22.200000762939453,80638,0.0,0.0
2024-09-06 11:35:00-04:00,22.19499969482422,22.19499969482422,22.174999237060547,22.18000030517578,5852,0.0,0.0
2024-09-06 11:40:00-04:00,22.18000030517578,22.184999465942383,22.170000076293945,22.184999465942383,2055,0.0,0.0
2024-09-06 11:45:00-04:00,22.170000076293945,22.170000076293945,22.13450050354004,22.149999618530273,9314,0.0,0.0
2024-09-06 11:50:00-04:00,22.155000686645508,22.155000686645508,22.114999771118164,22.1200008392334,4467,0.0,0.0
2024-09-06 11:55:00-04:00,22.139999389648438,22.145000457763672,22.1299991607666,22.1299991607666,2613,0.0,0.0
2024-09-06 12:00:00-04:00,22.125,22.149999618530273,22.111299514770508,22.1299991607666,3743,0.0,0.0
2024-09-06 12:05:00-04:00,22.1200008392334,22.1299991607666,22.104999542236328,22.110000610351562,2855,0.0,0.0
2024-09-06 12:10:00-04:00,22.114999771118164,22.155000686645508,22.114999771118164,22.139999389648438,9298,0.0,0.0
2024-09-06 12:15:00-04:00,22.120500564575195,22.125,22.110000610351562,22.110000610351562,1912,0.0,0.0
2024-09-06 12:20:00-04:00,22.104999542236328,22.1299991607666,22.104999542236328,22.1299991607666,6680,0.0,0.0
2024-09-06 12:25:00-04:00,22.1299991607666,22.139999389648438,22.110000610351562,22.110000610351562,3050,0.0,0.0
2024-09-06 12:30:00-04:00,22.100000381469727,22.1299991607666,22.100000381469727,22.1299991607666,4045,0.0,0.0
2024-09-06 12:35:00-04:00,22.139999389648438,22.145000457763672,22.125,22.125,3491,0.0,0.0
2024-09-06 12:40:00-04:00,22.125,22.170000076293945,22.125,22.170000076293945,6316,0.0,0.0
2024-09-06 12:45:00-04:00,22.15999984741211,22.15999984741211,22.1299991607666,22.135000228881836,4699,0.0,0.0
2024-09-06 12:50:00-04:00,22.135000228881836,22.145000457763672,22.135000228881836,22.145000457763672,954,0.0,0.0
2024-09-06 12:55:00-04:00,22.139999389648438,22.190000534057617,22.139999389648438,22.190000534057617,11259,0.0,0.0
2024-09-06 13:00:00-04:00,22.190000534057617,22.21500015258789,22.18000030517578,22.21500015258789,5110,0.0,0.0
2024-09-06 13:05:00-04:00,22.219999313354492,22.235000610351562,22.204999923706055,22.235000610351562,1760,0.0,0.0
2024-09-06 13:10:00-04:00,22.239999771118164,22.260000228881836,22.239999771118164,22.260000228881836,2870,0.0,0.0
2024-09-06 13:15:00-04:00,22.25,22.25,22.235000610351562,22.2450008392334,3624,0.0,0.0
2024-09-06 13:20:00-04:00,22.2549991607666,22.30500030517578,22.2549991607666,22.30500030517578,3485,0.0,0.0
2024-09-06 13:25:00-04:00,22.30500030517578,22.31999969482422,22.295000076293945,22.299999237060547,7682,0.0,0.0
2024-09-06 13:30:00-04:00,22.290000915527344,22.290000915527344,22.28499984741211,22.28499984741211,559,0.0,0.0
2024-09-06 13:35:00-04:00,22.280000686645508,22.280000686645508,22.2549991607666,22.264999389648438,8058,0.0,0.0
2024-09-06 13:40:00-04:00,22.25,22.260000228881836,22.25,22.2549991607666,5900,0.0,0.0
2024-09-06 13:45:00-04:00,22.2549991607666,22.260000228881836,22.25,22.2549991607666,6614,0.0,0.0
2024-09-06 13:50:00-04:00,22.2549991607666,22.270000457763672,22.25,22.270000457763672,7680,0.0,0.0
2024-09-06 13:55:00-04:00,22.270000457763672,22.28499984741211,22.264999389648438,22.264999389648438,13505,0.0,0.0
2024-09-06 14:00:00-04:00,22.264999389648438,22.267099380493164,22.211999893188477,22.211999893188477,4204,0.0,0.0
2024-09-06 14:05:00-04:00,22.209999084472656,22.225000381469727,22.209999084472656,22.22010040283203,3639,0.0,0.0
2024-09-06 14:10:00-04:00,22.225000381469727,22.229999542236328,22.21500015258789,22.225000381469727,15348,0.0,0.0
2024-09-06 14:15:00-04:00,22.225000381469727,22.235000610351562,22.204999923706055,22.209999084472656,11185,0.0,0.0
2024-09-06 14:20:00-04:00,22.209999084472656,22.219999313354492,22.19499969482422,22.204999923706055,5370,0.0,0.0
2024-09-06 14:25:00-04:00,22.209999084472656,22.21500015258789,22.19499969482422,22.200000762939453,9332,0.0,0.0
2024-09-06 14:30:00-04:00,22.209999084472656,22.21500015258789,22.184999465942383,22.184999465942383,7076,0.0,0.0
2024-09-06 14:35:00-04:00,22.184999465942383,22.184999465942383,22.170000076293945,22.1825008392334,6273,0.0,0.0
2024-09-06 14:40:00-04:00,22.184999465942383,22.19499969482422,22.170000076293945,22.19499969482422,16305,0.0,0.0
2024-09-06 14:45:00-04:00,22.19499969482422,22.204999923706055,22.190000534057617,22.204999923706055,10256,0.0,0.0
2024-09-06 14:50:00-04:00,22.204999923706055,22.21500015258789,22.200000762939453,22.209999084472656,12273,0.0,0.0
2024-09-06 14:55:00-04:00,22.209999084472656,22.229000091552734,22.209999084472656,22.209999084472656,4787,0.0,0.0
2024-09-06 15:00:00-04:00,22.209999084472656,22.225000381469727,22.209999084472656,22.21500015258789,7905,0.0,0.0
2024-09-06 15:05:00-04:00,22.219999313354492,22.235000610351562,22.21500015258789,22.235000610351562,7297,0.0,0.0
2024-09-06 15:10:00-04:00,22.239999771118164,22.239999771118164,22.21500015258789,22.21500015258789,4630,0.0,0.0
2024-09-06 15:15:00-04:00,22.219999313354492,22.229999542236328,22.21500015258789,22.21500015258789,10999,0.0,0.0
2024-09-06 15:20:00-04:00,22.219999313354492,22.2450008392334,22.219999313354492,22.2450008392334,3722,0.0,0.0
2024-09-06 15:25:00-04:00,22.2450008392334,22.2549991607666,22.2450008392334,22.2450008392334,6923,0.0,0.0
2024-09-06 15:30:00-04:00,22.239999771118164,22.239999771118164,22.225000381469727,22.235000610351562,15503,0.0,0.0
2024-09-06 15:35:00-04:00,22.235000610351562,22.235000610351562,22.204999923706055,22.219999313354492,6561,0.0,0.0
2024-09-06 15:40:00-04:00,22.209999084472656,22.229999542236328,22.204999923706055,22.229999542236328,39788,0.0,0.0
2024-09-06 15:45:00-04:00,22.229999542236328,22.25,22.229999542236328,22.25,15480,0.0,0.0
2024-09-06 15:50:00-04:00,22.25,22.267900466918945,22.19499969482422,22.19499969482422,55682,0.0,0.0
2024-09-06 15:55:00-04:00,22.19499969482422,22.235000610351562,22.19499969482422,22.209999084472656,78120,0.0,0.0
2024-09-09 09:30:00-04:00,22.229999542236328,22.260000228881836,22.204999923706055,22.209999084472656,95940,0.0,0.0
2024-09-09 09:35:00-04:00,22.209999084472656,22.2549991607666,22.209999084472656,22.235000610351562,22553,0.0,0.0
2024-09-09 09:40:00-04:00,22.229999542236328,22.2450008392334,22.21500015258789,22.21500015258789,16723,0.0,0.0
2024-09-09 09:45:00-04:00,22.219999313354492,22.237199783325195,22.200000762939453,22.219999313354492,11516,0.0,0.0
2024-09-09 09:50:00-04:00,22.21500015258789,22.270000457763672,22.209999084472656,22.270000457763672,5185,0.0,0.0
2024-09-09 09:55:00-04:00,22.280000686645508,22.309999465942383,22.270000457763672,22.29599952697754,8086,0.0,0.0
2024-09-09 10:00:00-04:00,22.299999237060547,22.309999465942383,22.28499984741211,22.290000915527344,8634,0.0,0.0
2024-09-09 10:05:00-04:00,22.290000915527344,22.31999969482422,22.290000915527344,22.31999969482422,7241,0.0,0.0
2024-09-09 10:10:00-04:00,22.31999969482422,22.344999313354492,22.31999969482422,22.34000015258789,15577,0.0,0.0
2024-09-09 10:15:00-04:00,22.34000015258789,22.3700008392334,22.334999084472656,22.344999313354492,14413,0.0,0.0
2024-09-09 10:20:00-04:00,22.350000381469727,22.354999542236328,22.31999969482422,22.325000762939453,14466,0.0,0.0
2024-09-09 10:25:00-04:00,22.31999969482422,22.344999313354492,22.31999969482422,22.325000762939453,23767,0.0,0.0
2024-09-09 10:30:00-04:00,22.329999923706055,22.329999923706055,22.270000457763672,22.274999618530273,5321,0.0,0.0
2024-09-09 10:35:00-04:00,22.274999618530273,22.30500030517578,22.270000457763672,22.270000457763672,29039,0.0,0.0
2024-09-09 10:40:00-04:00,22.280000686645508,22.280000686645508,22.25,22.25,13817,0.0,0.0
2024-09-09 10:45:00-04:00,22.25,22.270000457763672,22.239999771118164,22.2450008392334,11725,0.0,0.0
2024-09-09 10:50:00-04:00,22.2450008392334,22.2450008392334,22.225000381469727,22.229999542236328,7404,0.0,0.0
2024-09-09 10:55:00-04:00,22.239999771118164,22.25,22.21500015258789,22.219999313354492,7113,0.0,0.0
2024-09-09 11:00:00-04:00,22.219999313354492,22.264999389648438,22.219999313354492,22.2450008392334,11838,0.0,0.0
2024-09-09 11:05:00-04:00,22.2450008392334,22.260000228881836,22.235000610351562,22.260000228881836,8254,0.0,0.0
2024-09-09 11:10:00-04:00,22.257600784301758,22.257600784301758,22.239999771118164,22.2450008392334,6618,0.0,0.0
2024-09-09 11:15:00-04:00,22.2450008392334,22.248899459838867,22.225000381469727,22.239999771118164,19388,0.0,0.0
2024-09-09 11:20:00-04:00,22.239999771118164,22.270000457763672,22.239999771118164,22.260000228881836,11539,0.0,0.0
2024-09-09 11:25:00-04:00,22.260000228881836,22.290000915527344,22.25,22.290000915527344,7494,0.0,0.0
2024-09-09 11:30:00-04:00,22.295000076293945,22.309999465942383,22.225000381469727,22.229999542236328,73429,0.0,0.0
2024-09-09 11:35:00-04:00,22.229999542236328,22.235000610351562,22.209999084472656,22.225000381469727,37722,0.0,0.0
2024-09-09 11:40:00-04:00,22.225000381469727,22.2549991607666,22.225000381469727,22.2549991607666,10390,0.0,0.0
2024-09-09 11:45:00-04:00,22.2549991607666,22.280000686645508,22.2450008392334,22.270000457763672,9118,0.0,0.0
2024-09-09 11:50:00-04:00,22.270000457763672,22.290000915527344,22.264999389648438,22.290000915527344,4507,0.0,0.0
2024-09-09 11:55:00-04:00,22.28499984741211,22.290000915527344,22.270000457763672,22.274999618530273,7932,0.0,0.0
2024-09-09 12:00:00-04:00,22.274999618530273,22.309999465942383,22.274999618530273,22.30500030517578,7737,0.0,0.0
2024-09-09 12:05:00-04:00,22.30500030517578,22.329999923706055,22.299999237060547,22.329999923706055,4516,0.0,0.0
2024-09-09 12:10:00-04:00,22.329999923706055,22.334999084472656,22.325000762939453,22.334999084472656,2239,0.0,0.0
2024-09-09 12:15:00-04:00,22.334999084472656,22.344999313354492,22.329999923706055,22.344999313354492,8059,0.0,0.0
2024-09-09 12:20:00-04:00,22.34000015258789,22.34000015258789,22.334999084472656,22.34000015258789,2546,0.0,0.0
2024-09-09 12:25:00-04:00,22.334999084472656,22.354999542236328,22.334999084472656,22.354999542236328,11853,0.0,0.0
2024-09-09 12:30:00-04:00,22.354999542236328,22.354999542236328,22.344999313354492,22.350000381469727,8817,0.0,0.0
2024-09-09 12:35:00-04:00,22.364999771118164,22.375,22.364999771118164,22.364999771118164,4372,0.0,0.0
2024-09-09 12:40:00-04:00,22.364999771118164,22.375,22.350099563598633,22.364999771118164,9358,0.0,0.0
2024-09-09 12:45:00-04:00,22.364999771118164,22.3799991607666,22.364999771118164,22.364999771118164,21391,0.0,0.0
2024-09-09 12:50:00-04:00,22.3700008392334,22.3700008392334,22.354999542236328,22.354999542236328,3274,0.0,0.0
2024-09-09 12:55:00-04:00,22.360000610351562,22.375,22.360000610351562,22.3700008392334,4881,0.0,0.0
2024-09-09 13:00:00-04:00,22.3700008392334,22.3700008392334,22.360000610351562,22.3700008392334,3377,0.0,0.0
2024-09-09 13:05:00-04:00,22.364999771118164,22.3700008392334,22.350099563598633,22.364999771118164,12617,0.0,0.0
2024-09-09 13:10:00-04:00,22.3700008392334,22.3700008392334,22.350000381469727,22.354999542236328,9776,0.0,0.0
2024-09-09 13:15:00-04:00,22.350000381469727,22.360000610351562,22.344999313354492,22.360000610351562,3849,0.0,0.0
2024-09-09 13:20:00-04:00,22.354999542236328,22.354999542236328,22.332500457763672,22.334999084472656,5143,0.0,0.0
2024-09-09 13:25:00-04:00,22.34000015258789,22.344999313354492,22.334999084472656,22.344999313354492,5263,0.0,0.0
2024-09-09 13:30:00-04:00,22.34000015258789,22.34000015258789,22.309999465942383,22.315000534057617,5015,0.0,0.0
2024-09-09 13:35:00-04:00,22.315000534057617,22.329999923706055,22.315000534057617,22.329999923706055,3999,0.0,0.0
2024-09-09 13:40:00-04:00,22.329999923706055,22.329999923706055,22.299999237060547,22.299999237060547,4181,0.0,0.0
2024-09-09 13:45:00-04:00,22.295000076293945,22.299999237060547,22.290000915527344,22.295000076293945,9631,0.0,0.0
2024-09-09 13:50:00-04:00,22.290000915527344,22.290000915527344,22.280000686645508,22.290000915527344,6201,0.0,0.0
2024-09-09 13:55:00-04:00,22.280000686645508,22.28499984741211,22.260000228881836,22.260000228881836,9014,0.0,0.0
2024-09-09 14:00:00-04:00,22.264999389648438,22.264999389648438,22.25,22.2549991607666,4646,0.0,0.0
2024-09-09 14:05:00-04:00,22.2549991607666,22.2549991607666,22.235000610351562,22.235000610351562,1569,0.0,0.0
2024-09-09 14:10:00-04:00,22.235000610351562,22.2450008392334,22.235000610351562,22.2450008392334,5567,0.0,0.0
2024-09-09 14:15:00-04:00,22.2450008392334,22.260000228881836,22.235000610351562,22.260000228881836,14689,0.0,0.0
2024-09-09 14:20:00-04:00,22.2549991607666,22.260000228881836,22.2450008392334,22.260000228881836,3792,0.0,0.0
2024-09-09 14:25:00-04:00,22.260000228881836,22.260000228881836,22.235000610351562,22.235000610351562,6907,0.0,0.0
2024-09-09 14:30:00-04:00,22.229999542236328,22.239999771118164,22.229999542236328,22.239999771118164,6051,0.0,0.0
2024-09-09 14:35:00-04:00,22.239999771118164,22.239999771118164,22.184999465942383,22.184999465942383,17343,0.0,0.0
2024-09-09 14:40:00-04:00,22.190000534057617,22.204999923706055,22.184999465942383,22.190000534057617,32267,0.0,0.0
2024-09-09 14:45:00-04:00,22.184999465942383,22.19499969482422,22.174999237060547,22.184999465942383,15935,0.0,0.0
2024-09-09 14:50:00-04:00,22.184999465942383,22.209999084472656,22.18000030517578,22.18000030517578,9532,0.0,0.0
2024-09-09 14:55:00-04:00,22.181299209594727,22.204999923706055,22.174999237060547,22.191099166870117,19700,0.0,0.0
2024-09-09 15:00:00-04:00,22.190000534057617,22.200000762939453,22.18000030517578,22.184999465942383,5581,0.0,0.0
2024-09-09 15:05:00-04:00,22.18000030517578,22.190000534057617,22.17099952697754,22.174999237060547,8941,0.0,0.0
2024-09-09 15:10:00-04:00,22.174999237060547,22.174999237060547,22.15999984741211,22.174999237060547,17928,0.0,0.0
2024-09-09 15:15:00-04:00,22.174999237060547,22.18000030517578,22.15999984741211,22.165000915527344,10852,0.0,0.0
2024-09-09 15:20:00-04:00,22.15999984741211,22.170000076293945,22.145000457763672,22.155000686645508,69937,0.0,0.0
2024-09-09 15:25:00-04:00,22.15999984741211,22.209999084472656,22.15999984741211,22.209999084472656,12205,0.0,0.0
2024-09-09 15:30:00-04:00,22.200000762939453,22.200000762939453,22.170000076293945,22.174999237060547,16450,0.0,0.0
2024-09-09 15:35:00-04:00,22.174999237060547,22.229999542236328,22.174999237060547,22.21500015258789,68849,0.0,0.0
2024-09-09 15:40:00-04:00,22.219999313354492,22.229999542236328,22.209999084472656,22.225000381469727,9558,0.0,0.0
2024-09-09 15:45:00-04:00,22.219999313354492,22.219999313354492,22.174999237060547,22.174999237060547,27298,0.0,0.0
2024-09-09 15:50:00-04:00,22.170000076293945,22.18000030517578,22.135000228881836,22.155000686645508,77232,0.0,0.0
2024-09-09 15:55:00-04:00,22.155000686645508,22.174999237060547,22.139999389648438,22.155000686645508,131021,0.0,0.0
2024-09-10 09:30:00-04:00,22.020000457763672,22.020000457763672,21.81999969482422,21.84000015258789,126857,0.0,0.0
2024-09-10 09:35:00-04:00,21.84000015258789,21.90999984741211,21.84000015258789,21.860000610351562,40982,0.0,0.0
2024-09-10 09:40:00-04:00,21.850000381469727,21.850000381469727,21.809999465942383,21.81999969482422,36948,0.0,0.0
2024-09-10 09:45:00-04:00,21.81999969482422,21.84000015258789,21.780000686645508,21.799999237060547,39287,0.0,0.0
2024-09-10 09:50:00-04:00,21.799999237060547,21.809999465942383,21.770000457763672,21.770000457763672,24599,0.0,0.0
2024-09-10 09:55:00-04:00,21.770000457763672,21.790000915527344,21.739999771118164,21.760000228881836,16393,0.0,0.0
2024-09-10 10:00:00-04:00,21.75,21.760000228881836,21.735000610351562,21.739999771118164,24734,0.0,0.0
2024-09-10 10:05:00-04:00,21.729999542236328,21.729999542236328,21.665000915527344,21.719999313354492,33210,0.0,0.0
2024-09-10 10:10:00-04:00,21.709999084472656,21.709999084472656,21.639999389648438,21.665000915527344,25009,0.0,0.0
2024-09-10 10:15:00-04:00,21.65999984741211,21.704999923706055,21.655000686645508,21.68000030517578,62334,0.0,0.0
2024-09-10 10:20:00-04:00,21.68000030517578,21.690000534057617,21.649999618530273,21.670000076293945,30079,0.0,0.0
2024-09-10 10:25:00-04:00,21.670000076293945,21.69499969482422,21.665000915527344,21.684999465942383,19850,0.0,0.0
2024-09-10 10:30:00-04:00,21.68000030517578,21.700000762939453,21.655000686645508,21.65999984741211,37900,0.0,0.0
2024-09-10 10:35:00-04:00,21.65999984741211,21.709999084472656,21.649999618530273,21.700000762939453,14915,0.0,0.0
2024-09-10 10:40:00-04:00,21.709999084472656,21.719999313354492,21.684999465942383,21.700000762939453,6775,0.0,0.0
2024-09-10 10:45:00-04:00,21.709999084472656,21.739999771118164,21.704999923706055,21.729999542236328,17702,0.0,0.0
2024-09-10 10:50:00-04:00,21.729999542236328,21.729999542236328,21.69499969482422,21.704999923706055,15434,0.0,0.0
2024-09-10 10:55:00-04:00,21.704999923706055,21.709999084472656,21.674999237060547,21.68000030517578,33034,0.0,0.0
2024-09-10 11:00:00-04:00,21.674999237060547,21.68000030517578,21.649999618530273,21.65999984741211,20274,0.0,0.0
2024-09-10 11:05:00-04:00,21.65999984741211,21.725000381469727,21.649999618530273,21.725000381469727,23694,0.0,0.0
2024-09-10 11:10:00-04:00,21.725000381469727,21.7549991607666,21.725000381469727,21.75,39509,0.0,0.0
2024-09-10 11:15:00-04:00,21.760000228881836,21.78499984741211,21.7549991607666,21.764999389648438,24689,0.0,0.0
2024-09-10 11:20:00-04:00,21.764999389648438,21.764999389648438,21.725000381469727,21.739999771118164,22578,0.0,0.0
2024-09-10 11:25:00-04:00,21.7450008392334,21.760000228881836,21.739999771118164,21.760000228881836,13660,0.0,0.0
2024-09-10 11:30:00-04:00,21.770000457763672,21.770000457763672,21.684999465942383,21.690000534057617,50833,0.0,0.0
2024-09-10 11:35:00-04:00,21.69499969482422,21.709999084472656,21.670000076293945,21.670000076293945,29310,0.0,0.0
2024-09-10 11:40:00-04:00,21.674999237060547,21.690000534057617,21.674999237060547,21.674999237060547,6242,0.0,0.0
2024-09-10 11:45:00-04:00,21.670000076293945,21.684999465942383,21.665000915527344,21.68000030517578,11924,0.0,0.0
2024-09-10 11:50:00-04:00,21.670000076293945,21.670000076293945,21.635000228881836,21.639999389648438,21661,0.0,0.0
2024-09-10 11:55:00-04:00,21.639999389648438,21.645000457763672,21.610000610351562,21.610000610351562,7840,0.0,0.0
2024-09-10 12:00:00-04:00,21.604999542236328,21.6299991607666,21.600000381469727,21.6299991607666,13446,0.0,0.0
2024-09-10 12:05:00-04:00,21.635000228881836,21.639999389648438,21.6299991607666,21.6299991607666,2581,0.0,0.0
2024-09-10 12:10:00-04:00,21.6299991607666,21.639999389648438,21.614999771118164,21.614999771118164,3043,0.0,0.0
2024-09-10 12:15:00-04:00,21.614999771118164,21.625,21.610000610351562,21.614999771118164,4188,0.0,0.0
2024-09-10 12:20:00-04:00,21.614999771118164,21.6200008392334,21.604999542236328,21.614999771118164,5924,0.0,0.0
2024-09-10 12:25:00-04:00,21.614999771118164,21.6200008392334,21.604999542236328,21.6200008392334,6281,0.0,0.0
2024-09-10 12:30:00-04:00,21.614999771118164,21.6200008392334,21.610000610351562,21.614999771118164,7617,0.0,0.0
2024-09-10 12:35:00-04:00,21.614999771118164,21.639999389648438,21.614999771118164,21.635000228881836,7342,0.0,0.0
2024-09-10 12:40:00-04:00,21.6299991607666,21.645000457763672,21.6299991607666,21.639999389648438,8326,0.0,0.0
2024-09-10 12:45:00-04:00,21.639999389648438,21.649999618530273,21.639999389648438,21.645000457763672,14647,0.0,0.0
2024-09-10 12:50:00-04:00,21.645000457763672,21.670000076293945,21.635000228881836,21.665000915527344,12691,0.0,0.0
2024-09-10 12:55:00-04:00,21.655000686645508,21.65999984741211,21.645000457763672,21.649999618530273,25164,0.0,0.0
2024-09-10 13:00:00-04:00,21.649099349975586,21.655000686645508,21.625,21.625,5634,0.0,0.0
2024-09-10 13:05:00-04:00,21.6299991607666,21.655000686645508,21.610000610351562,21.655000686645508,14856,0.0,0.0
2024-09-10 13:10:00-04:00,21.655000686645508,21.670000076293945,21.655000686645508,21.655000686645508,3786,0.0,0.0
2024-09-10 13:15:00-04:00,21.655000686645508,21.674999237060547,21.645000457763672,21.645000457763672,11288,0.0,0.0
2024-09-10 13:20:00-04:00,21.645000457763672,21.649999618530273,21.625,21.649999618530273,4945,0.0,0.0
2024-09-10 13:25:00-04:00,21.655000686645508,21.65999984741211,21.635000228881836,21.645000457763672,7579,0.0,0.0
2024-09-10 13:30:00-04:00,21.645000457763672,21.65999984741211,21.645000457763672,21.649999618530273,10931,0.0,0.0
2024-09-10 13:35:00-04:00,21.647499084472656,21.65999984741211,21.641300201416016,21.649999618530273,5776,0.0,0.0
2024-09-10 13:40:00-04:00,21.649999618530273,21.65999984741211,21.649999618530273,21.655000686645508,3585,0.0,0.0
2024-09-10 13:45:00-04:00,21.65999984741211,21.670000076293945,21.649999618530273,21.659400939941406,12542,0.0,0.0
2024-09-10 13:50:00-04:00,21.655000686645508,21.65999984741211,21.639999389648438,21.639999389648438,9937,0.0,0.0
2024-09-10 13:55:00-04:00,21.635000228881836,21.649999618530273,21.6299991607666,21.635000228881836,11808,0.0,0.0
2024-09-10 14:00:00-04:00,21.635000228881836,21.65999984741211,21.635000228881836,21.655000686645508,12168,0.0,0.0
2024-09-10 14:05:00-04:00,21.655000686645508,21.670000076293945,21.655000686645508,21.665000915527344,9724,0.0,0.0
2024-09-10 14:10:00-04:00,21.665000915527344,21.674999237060547,21.649999618530273,21.665000915527344,22533,0.0,0.0
2024-09-10 14:15:00-04:00,21.665000915527344,21.68000030517578,21.66010093688965,21.674999237060547,6478,0.0,0.0
2024-09-10 14:20:00-04:00,21.670000076293945,21.68000030517578,21.665000915527344,21.674999237060547,41901,0.0,0.0
2024-09-10 14:25:00-04:00,21.68000030517578,21.709999084472656,21.674999237060547,21.704999923706055,11207,0.0,0.0
2024-09-10 14:30:00-04:00,21.704999923706055,21.709999084472656,21.704999923706055,21.704999923706055,4110,0.0,0.0
2024-09-10 14:35:00-04:00,21.704999923706055,21.71500015258789,21.704999923706055,21.71500015258789,8192,0.0,0.0
2024-09-10 14:40:00-04:00,21.71500015258789,21.725000381469727,21.71500015258789,21.725000381469727,16675,0.0,0.0
2024-09-10 14:45:00-04:00,21.725000381469727,21.729999542236328,21.725000381469727,21.725000381469727,11660,0.0,0.0
2024-09-10 14:50:00-04:00,21.725000381469727,21.729999542236328,21.725000381469727,21.725000381469727,7190,0.0,0.0
2024-09-10 14:55:00-04:00,21.725000381469727,21.739999771118164,21.719999313354492,21.735000610351562,23288,0.0,0.0
2024-09-10 15:00:00-04:00,21.735000610351562,21.735000610351562,21.709999084472656,21.71500015258789,18086,0.0,0.0
2024-09-10 15:05:00-04:00,21.71500015258789,21.729999542236328,21.709999084472656,21.725000381469727,24022,0.0,0.0
2024-09-10 15:10:00-04:00,21.725000381469727,21.729999542236328,21.69499969482422,21.709999084472656,56761,0.0,0.0
2024-09-10 15:15:00-04:00,21.71500015258789,21.71500015258789,21.684999465942383,21.684999465942383,60182,0.0,0.0
2024-09-10 15:20:00-04:00,21.684999465942383,21.700000762939453,21.68000030517578,21.69499969482422,27527,0.0,0.0
2024-09-10 15:25:00-04:00,21.69499969482422,21.704999923706055,21.690000534057617,21.704999923706055,22488,0.0,0.0
2024-09-10 15:30:00-04:00,21.704999923706055,21.704999923706055,21.670000076293945,21.674999237060547,38823,0.0,0.0
2024-09-10 15:35:00-04:00,21.674999237060547,21.684999465942383,21.670000076293945,21.684999465942383,42775,0.0,0.0
2024-09-10 15:40:00-04:00,21.690000534057617,21.729999542236328,21.684999465942383,21.71500015258789,47429,0.0,0.0
2024-09-10 15:45:00-04:00,21.71500015258789,21.729999542236328,21.709999084472656,21.725000381469727,188462,0.0,0.0
2024-09-10 15:50:00-04:00,21.719999313354492,21.729999542236328,21.69499969482422,21.704999923706055,100516,0.0,0.0
2024-09-10 15:55:00-04:00,21.709999084472656,21.760000228881836,21.704999923706055,21.7450008392334,116569,0.0,0.0
2024-09-11 09:30:00-04:00,22.030000686645508,22.030000686645508,21.969999313354492,21.969999313354492,53848,0.0,0.0
2024-09-11 09:35:00-04:00,21.950000762939453,21.969999313354492,21.899999618530273,21.920000076293945,44789,0.0,0.0
2024-09-11 09:40:00-04:00,21.920000076293945,21.940000534057617,21.899999618530273,21.940000534057617,24067,0.0,0.0
2024-09-11 09:45:00-04:00,21.940000534057617,21.950000762939453,21.8799991607666,21.8799991607666,17277,0.0,0.0
2024-09-11 09:50:00-04:00,21.8700008392334,21.8799991607666,21.81999969482422,21.860000610351562,39849,0.0,0.0
2024-09-11 09:55:00-04:00,21.850000381469727,21.860000610351562,21.809999465942383,21.809999465942383,10349,0.0,0.0
2024-09-11 10:00:00-04:00,21.780000686645508,21.829999923706055,21.760000228881836,21.764999389648438,17378,0.0,0.0
2024-09-11 10:05:00-04:00,21.760000228881836,21.770000457763672,21.739999771118164,21.760000228881836,10544,0.0,0.0
2024-09-11 10:10:00-04:00,21.760000228881836,21.780000686645508,21.725000381469727,21.760000228881836,17907,0.0,0.0
2024-09-11 10:15:00-04:00,21.735000610351562,21.735000610351562,21.69499969482422,21.69499969482422,60863,0.0,0.0
2024-09-11 10:20:00-04:00,21.690000534057617,21.719999313354492,21.68000030517578,21.704999923706055,22498,0.0,0.0
2024-09-11 10:25:00-04:00,21.700000762939453,21.704999923706055,21.665000915527344,21.674999237060547,18051,0.0,0.0
2024-09-11 10:30:00-04:00,21.670000076293945,21.670000076293945,21.604999542236328,21.6299991607666,40886,0.0,0.0
2024-09-11 10:35:00-04:00,21.6200008392334,21.649999618530273,21.6200008392334,21.649999618530273,14264,0.0,0.0
2024-09-11 10:40:00-04:00,21.649999618530273,21.649999618530273,21.6299991607666,21.6299991607666,38120,0.0,0.0
2024-09-11 10:45:00-04:00,21.639999389648438,21.649999618530273,21.600000381469727,21.614999771118164,40757,0.0,0.0
2024-09-11 10:50:00-04:00,21.610000610351562,21.655000686645508,21.604999542236328,21.655000686645508,36077,0.0,0.0
2024-09-11 10:55:00-04:00,21.655000686645508,21.700000762939453,21.655000686645508,21.700000762939453,12123,0.0,0.0
2024-09-11 11:00:00-04:00,21.700000762939453,21.709999084472656,21.68000030517578,21.700000762939453,15853,0.0,0.0
2024-09-11 11:05:00-04:00,21.700000762939453,21.739999771118164,21.700000762939453,21.729999542236328,15053,0.0,0.0
2024-09-11 11:10:00-04:00,21.719999313354492,21.770000457763672,21.709999084472656,21.770000457763672,9813,0.0,0.0
2024-09-11 11:15:00-04:00,21.774999618530273,21.774999618530273,21.75,21.75,12277,0.0,0.0
2024-09-11 11:20:00-04:00,21.743999481201172,21.758699417114258,21.709999084472656,21.729999542236328,21882,0.0,0.0
2024-09-11 11:25:00-04:00,21.719999313354492,21.725000381469727,21.709999084472656,21.709999084472656,6960,0.0,0.0
2024-09-11 11:30:00-04:00,21.709999084472656,21.709999084472656,21.635000228881836,21.65999984741211,163916,0.0,0.0
2024-09-11 11:35:00-04:00,21.65999984741211,21.68000030517578,21.649999618530273,21.68000030517578,37423,0.0,0.0
2024-09-11 11:40:00-04:00,21.670000076293945,21.684999465942383,21.635000228881836,21.684999465942383,16333,0.0,0.0
2024-09-11 11:45:00-04:00,21.68000030517578,21.704999923706055,21.68000030517578,21.704999923706055,9611,0.0,0.0
2024-09-11 11:50:00-04:00,21.709999084472656,21.709999084472656,21.68000030517578,21.684999465942383,20607,0.0,0.0
2024-09-11 11:55:00-04:00,21.684999465942383,21.69499969482422,21.65999984741211,21.69499969482422,5691,0.0,0.0
2024-09-11 12:00:00-04:00,21.690000534057617,21.704999923706055,21.674999237060547,21.704999923706055,9368,0.0,0.0
2024-09-11 12:05:00-04:00,21.710100173950195,21.739999771118164,21.710100173950195,21.719999313354492,12878,0.0,0.0
2024-09-11 12:10:00-04:00,21.719999313354492,21.729999542236328,21.709999084472656,21.709999084472656,5158,0.0,0.0
2024-09-11 12:15:00-04:00,21.719999313354492,21.729999542236328,21.71500015258789,21.729999542236328,7196,0.0,0.0
2024-09-11 12:20:00-04:00,21.729999542236328,21.75,21.71500015258789,21.75,12762,0.0,0.0
2024-09-11 12:25:00-04:00,21.739999771118164,21.739999771118164,21.71500015258789,21.725000381469727,13765,0.0,0.0
2024-09-11 12:30:00-04:00,21.725000381469727,21.760000228881836,21.725000381469727,21.7549991607666,9729,0.0,0.0
2024-09-11 12:35:00-04:00,21.75,21.760000228881836,21.725000381469727,21.7549991607666,11955,0.0,0.0
2024-09-11 12:40:00-04:00,21.7549991607666,21.7549991607666,21.719999313354492,21.729999542236328,7387,0.0,0.0
2024-09-11 12:45:00-04:00,21.735000610351562,21.75,21.729999542236328,21.729999542236328,9533,0.0,0.0
2024-09-11 12:50:00-04:00,21.735000610351562,21.760000228881836,21.735000610351562,21.739999771118164,19054,0.0,0.0
2024-09-11 12:55:00-04:00,21.729999542236328,21.735000610351562,21.709999084472656,21.719999313354492,12545,0.0,0.0
2024-09-11 13:00:00-04:00,21.725000381469727,21.760000228881836,21.725000381469727,21.75,9231,0.0,0.0
2024-09-11 13:05:00-04:00,21.7450008392334,21.78499984741211,21.740100860595703,21.770000457763672,15868,0.0,0.0
2024-09-11 13:10:00-04:00,21.780000686645508,21.799999237060547,21.774999618530273,21.78499984741211,13035,0.0,0.0
2024-09-11 13:15:00-04:00,21.78499984741211,21.809999465942383,21.770000457763672,21.774999618530273,58184,0.0,0.0
2024-09-11 13:20:00-04:00,21.774999618530273,21.78499984741211,21.7549991607666,21.764999389648438,27195,0.0,0.0
2024-09-11 13:25:00-04:00,21.764999389648438,21.809999465942383,21.760000228881836,21.80500030517578,25953,0.0,0.0
2024-09-11 13:30:00-04:00,21.80500030517578,21.825000762939453,21.790000915527344,21.80500030517578,26249,0.0,0.0
2024-09-11 13:35:00-04:00,21.80500030517578,21.809999465942383,21.790700912475586,21.809999465942383,17735,0.0,0.0
2024-09-11 13:40:00-04:00,21.809999465942383,21.81999969482422,21.78499984741211,21.790000915527344,14531,0.0,0.0
2024-09-11 13:45:00-04:00,21.799999237060547,21.81999969482422,21.799999237060547,21.815000534057617,11035,0.0,0.0
2024-09-11 13:50:00-04:00,21.81999969482422,21.829999923706055,21.774999618530273,21.774999618530273,25604,0.0,0.0
2024-09-11 13:55:00-04:00,21.774999618530273,21.780000686645508,21.760000228881836,21.780000686645508,11340,0.0,0.0
2024-09-11 14:00:00-04:00,21.790000915527344,21.80500030517578,21.770000457763672,21.80500030517578,14498,0.0,0.0
2024-09-11 14:05:00-04:00,21.799999237060547,21.84000015258789,21.790000915527344,21.834999084472656,24467,0.0,0.0
2024-09-11 14:10:00-04:00,21.834999084472656,21.844999313354492,21.829999923706055,21.829999923706055,7014,0.0,0.0
2024-09-11 14:15:00-04:00,21.829999923706055,21.844999313354492,21.829999923706055,21.844999313354492,5641,0.0,0.0
2024-09-11 14:20:00-04:00,21.850000381469727,21.875,21.84000015258789,21.864999771118164,12418,0.0,0.0
2024-09-11 14:25:00-04:00,21.864999771118164,21.885000228881836,21.860000610351562,21.8799991607666,22673,0.0,0.0
2024-09-11 14:30:00-04:00,21.875,21.90999984741211,21.875,21.899999618530273,14859,0.0,0.0
2024-09-11 14:35:00-04:00,21.899999618530273,21.934999465942383,21.895000457763672,21.934999465942383,10917,0.0,0.0
2024-09-11 14:40:00-04:00,21.940000534057617,21.985000610351562,21.940000534057617,21.985000610351562,8111,0.0,0.0
2024-09-11 14:45:00-04:00,21.985000610351562,21.989999771118164,21.959999084472656,21.985000610351562,51366,0.0,0.0
2024-09-11 14:50:00-04:00,21.985000610351562,21.985000610351562,21.924999237060547,21.93000030517578,13401,0.0,0.0
2024-09-11 14:55:00-04:00,21.93000030517578,21.954999923706055,21.924999237060547,21.94499969482422,7993,0.0,0.0
2024-09-11 15:00:00-04:00,21.93199920654297,21.940000534057617,21.93000030517578,21.940000534057617,8177,0.0,0.0
2024-09-11 15:05:00-04:00,21.954999923706055,21.975000381469727,21.950000762939453,21.975000381469727,9354,0.0,0.0
2024-09-11 15:10:00-04:00,21.979999542236328,21.9950008392334,21.969999313354492,21.989999771118164,14000,0.0,0.0
2024-09-11 15:15:00-04:00,21.989999771118164,22.014999389648438,21.989999771118164,22.014999389648438,7173,0.0,0.0
2024-09-11 15:20:00-04:00,22.010000228881836,22.040000915527344,22.010000228881836,22.03499984741211,17378,0.0,0.0
2024-09-11 15:25:00-04:00,22.03499984741211,22.06999969482422,22.030000686645508,22.06999969482422,25531,0.0,0.0
2024-09-11 15:30:00-04:00,22.06999969482422,22.09000015258789,22.059999465942383,22.09000015258789,36935,0.0,0.0
2024-09-11 15:35:00-04:00,22.09000015258789,22.094999313354492,22.06999969482422,22.075000762939453,23137,0.0,0.0
2024-09-11 15:40:00-04:00,22.079999923706055,22.084999084472656,22.045000076293945,22.084999084472656,46147,0.0,0.0
2024-09-11 15:45:00-04:00,22.084999084472656,22.09000015258789,22.06999969482422,22.079999923706055,22670,0.0,0.0
2024-09-11 15:50:00-04:00,22.079999923706055,22.100000381469727,22.045000076293945,22.094999313354492,57325,0.0,0.0
2024-09-11 15:55:00-04:00,22.094999313354492,22.149999618530273,22.094999313354492,22.1200008392334,135226,0.0,0.0
2024-09-12 09:30:00-04:00,22.079999923706055,22.170000076293945,22.06999969482422,22.139999389648438,123834,0.0,0.0
2024-09-12 09:35:00-04:00,22.135000228881836,22.270000457763672,22.1200008392334,22.270000457763672,30602,0.0,0.0
2024-09-12 09:40:00-04:00,22.260000228881836,22.274999618530273,22.209999084472656,22.209999084472656,22054,0.0,0.0
2024-09-12 09:45:00-04:00,22.209999084472656,22.219999313354492,22.110000610351562,22.110000610351562,24697,0.0,0.0
2024-09-12 09:50:00-04:00,22.110000610351562,22.1299991607666,22.100000381469727,22.1200008392334,15618,0.0,0.0
2024-09-12 09:55:00-04:00,22.1200008392334,22.1200008392334,22.09000015258789,22.100000381469727,9059,0.0,0.0
2024-09-12 10:00:00-04:00,22.084999084472656,22.084999084472656,22.06130027770996,22.06999969482422,16211,0.0,0.0
2024-09-12 10:05:00-04:00,22.075000762939453,22.125,22.075000762939453,22.1200008392334,15791,0.0,0.0
2024-09-12 10:10:00-04:00,22.1200008392334,22.190000534057617,22.1200008392334,22.170000076293945,19122,0.0,0.0
2024-09-12 10:15:00-04:00,22.174999237060547,22.209999084472656,22.15999984741211,22.209999084472656,23589,0.0,0.0
2024-09-12 10:20:00-04:00,22.209999084472656,22.225000381469727,22.184999465942383,22.184999465942383,17294,0.0,0.0
2024-09-12 10:25:00-04:00,22.184999465942383,22.19499969482422,22.174999237060547,22.19499969482422,11271,0.0,0.0
2024-09-12 10:30:00-04:00,22.19499969482422,22.204999923706055,22.18000030517578,22.19499969482422,17017,0.0,0.0
2024-09-12 10:35:00-04:00,22.190000534057617,22.204999923706055,22.15999984741211,22.200000762939453,35373,0.0,0.0
2024-09-12 10:40:00-04:00,22.200000762939453,22.219999313354492,22.200000762939453,22.219999313354492,4269,0.0,0.0
2024-09-12 10:45:00-04:00,22.219999313354492,22.239999771118164,22.21500015258789,22.225000381469727,17812,0.0,0.0
2024-09-12 10:50:00-04:00,22.22130012512207,22.22130012512207,22.190000534057617,22.19499969482422,21719,0.0,0.0
2024-09-12 10:55:00-04:00,22.200000762939453,22.219999313354492,22.184999465942383,22.190000534057617,52840,0.0,0.0
2024-09-12 11:00:00-04:00,22.18000030517578,22.209999084472656,22.174999237060547,22.209999084472656,18926,0.0,0.0
2024-09-12 11:05:00-04:00,22.21500015258789,22.225000381469727,22.200000762939453,22.209999084472656,15918,0.0,0.0
2024-09-12 11:10:00-04:00,22.209999084472656,22.225000381469727,22.191200256347656,22.219999313354492,26278,0.0,0.0
2024-09-12 11:15:00-04:00,22.209999084472656,22.209999084472656,22.190000534057617,22.19499969482422,11980,0.0,0.0
2024-09-12 11:20:00-04:00,22.190000534057617,22.219999313354492,22.190000534057617,22.209999084472656,8836,0.0,0.0
2024-09-12 11:25:00-04:00,22.200000762939453,22.235000610351562,22.190000534057617,22.235000610351562,13829,0.0,0.0
2024-09-12 11:30:00-04:00,22.229999542236328,22.235000610351562,22.21500015258789,22.235000610351562,29719,0.0,0.0
2024-09-12 11:35:00-04:00,22.229999542236328,22.239900588989258,22.209999084472656,22.209999084472656,10099,0.0,0.0
2024-09-12 11:40:00-04:00,22.21500015258789,22.229999542236328,22.21500015258789,22.219999313354492,21430,0.0,0.0
2024-09-12 11:45:00-04:00,22.219999313354492,22.219999313354492,22.21500015258789,22.21500015258789,7632,0.0,0.0
2024-09-12 11:50:00-04:00,22.209999084472656,22.209999084472656,22.19499969482422,22.204999923706055,14930,0.0,0.0
2024-09-12 11:55:00-04:00,22.204999923706055,22.204999923706055,22.184999465942383,22.190000534057617,10633,0.0,0.0
2024-09-12 12:00:00-04:00,22.18000030517578,22.21500015258789,22.18000030517578,22.21500015258789,5054,0.0,0.0
2024-09-12 12:05:00-04:00,22.209999084472656,22.229999542236328,22.209999084472656,22.229999542236328,4322,0.0,0.0
2024-09-12 12:10:00-04:00,22.235000610351562,22.235000610351562,22.212499618530273,22.21500015258789,12911,0.0,0.0
2024-09-12 12:15:00-04:00,22.21500015258789,22.235000610351562,22.21500015258789,22.225000381469727,7101,0.0,0.0
2024-09-12 12:20:00-04:00,22.235000610351562,22.239999771118164,22.229999542236328,22.229999542236328,4476,0.0,0.0
2024-09-12 12:25:00-04:00,22.220699310302734,22.225000381469727,22.209999084472656,22.209999084472656,8941,0.0,0.0
2024-09-12 12:30:00-04:00,22.21500015258789,22.21500015258789,22.170000076293945,22.18000030517578,20432,0.0,0.0
2024-09-12 12:35:00-04:00,22.174999237060547,22.184999465942383,22.15999984741211,22.184999465942383,16743,0.0,0.0
2024-09-12 12:40:00-04:00,22.184999465942383,22.200000762939453,22.18000030517578,22.190099716186523,6928,0.0,0.0
2024-09-12 12:45:00-04:00,22.184999465942383,22.21500015258789,22.18000030517578,22.209999084472656,14320,0.0,0.0
2024-09-12 12:50:00-04:00,22.229999542236328,22.25,22.219999313354492,22.235000610351562,15533,0.0,0.0
2024-09-12 12:55:00-04:00,22.239999771118164,22.264999389648438,22.229999542236328,22.264999389648438,5884,0.0,0.0
2024-09-12 13:00:00-04:00,22.264999389648438,22.290000915527344,22.264999389648438,22.274999618530273,8884,0.0,0.0
2024-09-12 13:05:00-04:00,22.274999618530273,22.28499984741211,22.260000228881836,22.270000457763672,16346,0.0,0.0
2024-09-12 13:10:00-04:00,22.274999618530273,22.280000686645508,22.264999389648438,22.274999618530273,22235,0.0,0.0
2024-09-12 13:15:00-04:00,22.280000686645508,22.30500030517578,22.280000686645508,22.30500030517578,6806,0.0,0.0
2024-09-12 13:20:00-04:00,22.299999237060547,22.309999465942383,22.280000686645508,22.309999465942383,6569,0.0,0.0
2024-09-12 13:25:00-04:00,22.309999465942383,22.31999969482422,22.30500030517578,22.31999969482422,6610,0.0,0.0
2024-09-12 13:30:00-04:00,22.325000762939453,22.344999313354492,22.325000762939453,22.344999313354492,3211,0.0,0.0
2024-09-12 13:35:00-04:00,22.350000381469727,22.354999542236328,22.344999313354492,22.350000381469727,4536,0.0,0.0
2024-09-12 13:40:00-04:00,22.350000381469727,22.350000381469727,22.344999313354492,22.344999313354492,1518,0.0,0.0
2024-09-12 13:45:00-04:00,22.344999313354492,22.354999542236328,22.34000015258789,22.350000381469727,13898,0.0,0.0
2024-09-12 13:50:00-04:00,22.354999542236328,22.3700008392334,22.354999542236328,22.3700008392334,7153,0.0,0.0
2024-09-12 13:55:00-04:00,22.3700008392334,22.3799991607666,22.360000610351562,22.3700008392334,9130,0.0,0.0
2024-09-12 14:00:00-04:00,22.3700008392334,22.3799991607666,22.350000381469727,22.3799991607666,11099,0.0,0.0
2024-09-12 14:05:00-04:00,22.3700008392334,22.385000228881836,22.360000610351562,22.360000610351562,7324,0.0,0.0
2024-09-12 14:10:00-04:00,22.354999542236328,22.364999771118164,22.354999542236328,22.364999771118164,3931,0.0,0.0
2024-09-12 14:15:00-04:00,22.364999771118164,22.364999771118164,22.35099983215332,22.354999542236328,8765,0.0,0.0
2024-09-12 14:20:00-04:00,22.354999542236328,22.375,22.344999313354492,22.375,7768,0.0,0.0
2024-09-12 14:25:00-04:00,22.375,22.3799991607666,22.360000610351562,22.360000610351562,7273,0.0,0.0
2024-09-12 14:30:00-04:00,22.364999771118164,22.3700008392334,22.325000762939453,22.334999084472656,16328,0.0,0.0
2024-09-12 14:35:00-04:00,22.334999084472656,22.34000015258789,22.334999084472656,22.334999084472656,2099,0.0,0.0
2024-09-12 14:40:00-04:00,22.334999084472656,22.334999084472656,22.325000762939453,22.325000762939453,10435,0.0,0.0
2024-09-12 14:45:00-04:00,22.325000762939453,22.329999923706055,22.315000534057617,22.325000762939453,17101,0.0,0.0
2024-09-12 14:50:00-04:00,22.325000762939453,22.325000762939453,22.270000457763672,22.290000915527344,25855,0.0,0.0
2024-09-12 14:55:00-04:00,22.299999237060547,22.329999923706055,22.28499984741211,22.329999923706055,20130,0.0,0.0
2024-09-12 15:00:00-04:00,22.325000762939453,22.329999923706055,22.315000534057617,22.315000534057617,20040,0.0,0.0
2024-09-12 15:05:00-04:00,22.31999969482422,22.34000015258789,22.315000534057617,22.334999084472656,26612,0.0,0.0
2024-09-12 15:10:00-04:00,22.334999084472656,22.344999313354492,22.31999969482422,22.325000762939453,21836,0.0,0.0
2024-09-12 15:15:00-04:00,22.329999923706055,22.34000015258789,22.329999923706055,22.334999084472656,10928,0.0,0.0
2024-09-12 15:20:00-04:00,22.334999084472656,22.34000015258789,22.325000762939453,22.325000762939453,21606,0.0,0.0
2024-09-12 15:25:00-04:00,22.325000762939453,22.334999084472656,22.31999969482422,22.334999084472656,8975,0.0,0.0
2024-09-12 15:30:00-04:00,22.334999084472656,22.34000015258789,22.315000534057617,22.34000015258789,28702,0.0,0.0
2024-09-12 15:35:00-04:00,22.334999084472656,22.344999313354492,22.329999923706055,22.334999084472656,36462,0.0,0.0
2024-09-12 15:40:00-04:00,22.334999084472656,22.34000015258789,22.325000762939453,22.334999084472656,31008,0.0,0.0
2024-09-12 15:45:00-04:00,22.334999084472656,22.3700008392334,22.334999084472656,22.344999313354492,58868,0.0,0.0
2024-09-12 15:50:00-04:00,22.34000015258789,22.358299255371094,22.329999923706055,22.344999313354492,59236,0.0,0.0
2024-09-12 15:55:00-04:00,22.344999313354492,22.389999389648438,22.344999313354492,22.3799991607666,140140,0.0,0.0
2024-09-13 09:30:00-04:00,22.614999771118164,22.649999618530273,22.579999923706055,22.639999389648438,78835,0.0,0.0
2024-09-13 09:35:00-04:00,22.649999618530273,22.670000076293945,22.635000228881836,22.65999984741211,16150,0.0,0.0
2024-09-13 09:40:00-04:00,22.65999984741211,22.670000076293945,22.655000686645508,22.670000076293945,3507,0.0,0.0
2024-09-13 09:45:00-04:00,22.68000030517578,22.739999771118164,22.68000030517578,22.739999771118164,21916,0.0,0.0
2024-09-13 09:50:00-04:00,22.729999542236328,22.7450008392334,22.725000381469727,22.7450008392334,12964,0.0,0.0
2024-09-13 09:55:00-04:00,22.75,22.780000686645508,22.7450008392334,22.780000686645508,10405,0.0,0.0
2024-09-13 10:00:00-04:00,22.780000686645508,22.780000686645508,22.700000762939453,22.709999084472656,19715,0.0,0.0
2024-09-13 10:05:00-04:00,22.719999313354492,22.719999313354492,22.68000030517578,22.71500015258789,6013,0.0,0.0
2024-09-13 10:10:00-04:00,22.709999084472656,22.729999542236328,22.704999923706055,22.729999542236328,24928,0.0,0.0
2024-09-13 10:15:00-04:00,22.719999313354492,22.764999389648438,22.719999313354492,22.760000228881836,9474,0.0,0.0
2024-09-13 10:20:00-04:00,22.769699096679688,22.81999969482422,22.769699096679688,22.81999969482422,13848,0.0,0.0
2024-09-13 10:25:00-04:00,22.81999969482422,22.81999969482422,22.774999618530273,22.774999618530273,7131,0.0,0.0
2024-09-13 10:30:00-04:00,22.780000686645508,22.80500030517578,22.780000686645508,22.80500030517578,12192,0.0,0.0
2024-09-13 10:35:00-04:00,22.790000915527344,22.815000534057617,22.780000686645508,22.815000534057617,12171,0.0,0.0
2024-09-13 10:40:00-04:00,22.81999969482422,22.844999313354492,22.815000534057617,22.844999313354492,7468,0.0,0.0
2024-09-13 10:45:00-04:00,22.84000015258789,22.84000015258789,22.825000762939453,22.829999923706055,8203,0.0,0.0
2024-09-13 10:50:00-04:00,22.825000762939453,22.825000762939453,22.78499984741211,22.790000915527344,9707,0.0,0.0
2024-09-13 10:55:00-04:00,22.790000915527344,22.80500030517578,22.764999389648438,22.78499984741211,19768,0.0,0.0
2024-09-13 11:00:00-04:00,22.78499984741211,22.78499984741211,22.760000228881836,22.764999389648438,13058,0.0,0.0
2024-09-13 11:05:00-04:00,22.770000457763672,22.780000686645508,22.739999771118164,22.7450008392334,36183,0.0,0.0
2024-09-13 11:10:00-04:00,22.739999771118164,22.739999771118164,22.725000381469727,22.725000381469727,4907,0.0,0.0
2024-09-13 11:15:00-04:00,22.719999313354492,22.739999771118164,22.709999084472656,22.729999542236328,8670,0.0,0.0
2024-09-13 11:20:00-04:00,22.729999542236328,22.780000686645508,22.71500015258789,22.780000686645508,4043,0.0,0.0
2024-09-13 11:25:00-04:00,22.770000457763672,22.774999618530273,22.7549991607666,22.7549991607666,5157,0.0,0.0
2024-09-13 11:30:00-04:00,22.7549991607666,22.764999389648438,22.7450008392334,22.7549991607666,11772,0.0,0.0
2024-09-13 11:35:00-04:00,22.7549991607666,22.77989959716797,22.7549991607666,22.770000457763672,13744,0.0,0.0
2024-09-13 11:40:00-04:00,22.770000457763672,22.828399658203125,22.770000457763672,22.815000534057617,6917,0.0,0.0
2024-09-13 11:45:00-04:00,22.81999969482422,22.81999969482422,22.809999465942383,22.81999969482422,3938,0.0,0.0
2024-09-13 11:50:00-04:00,22.809999465942383,22.81999969482422,22.80500030517578,22.809999465942383,5620,0.0,0.0
2024-09-13 11:55:00-04:00,22.809999465942383,22.81999969482422,22.80500030517578,22.80500030517578,3302,0.0,0.0
2024-09-13 12:00:00-04:00,22.80500030517578,22.809999465942383,22.799999237060547,22.799999237060547,2712,0.0,0.0
2024-09-13 12:05:00-04:00,22.799999237060547,22.81999969482422,22.790000915527344,22.81999969482422,8480,0.0,0.0
2024-09-13 12:10:00-04:00,22.81999969482422,22.825000762939453,22.811500549316406,22.815000534057617,5689,0.0,0.0
2024-09-13 12:15:00-04:00,22.81999969482422,22.829999923706055,22.81999969482422,22.829999923706055,5456,0.0,0.0
2024-09-13 12:20:00-04:00,22.829999923706055,22.829999923706055,22.795000076293945,22.799999237060547,16322,0.0,0.0
2024-09-13 12:25:00-04:00,22.790000915527344,22.790000915527344,22.770000457763672,22.780000686645508,9965,0.0,0.0
2024-09-13 12:30:00-04:00,22.770000457763672,22.770000457763672,22.75,22.75,2457,0.0,0.0
2024-09-13 12:35:00-04:00,22.760000228881836,22.760000228881836,22.7450008392334,22.7450008392334,2409,0.0,0.0
2024-09-13 12:40:00-04:00,22.75,22.7549991607666,22.7450008392334,22.75,3897,0.0,0.0
2024-09-13 12:45:00-04:00,22.739999771118164,22.739999771118164,22.735000610351562,22.739999771118164,3632,0.0,0.0
2024-09-13 12:50:00-04:00,22.735000610351562,22.75,22.730100631713867,22.735000610351562,4021,0.0,0.0
2024-09-13 12:55:00-04:00,22.735000610351562,22.739999771118164,22.725000381469727,22.725000381469727,4071,0.0,0.0
2024-09-13 13:00:00-04:00,22.725000381469727,22.735000610351562,22.72010040283203,22.735000610351562,11429,0.0,0.0
2024-09-13 13:05:00-04:00,22.739999771118164,22.760000228881836,22.739999771118164,22.739999771118164,7611,0.0,0.0
2024-09-13 13:10:00-04:00,22.739999771118164,22.739999771118164,22.729999542236328,22.735000610351562,4631,0.0,0.0
2024-09-13 13:15:00-04:00,22.735000610351562,22.760000228881836,22.735000610351562,22.7549991607666,4436,0.0,0.0
2024-09-13 13:20:00-04:00,22.75,22.760000228881836,22.7450008392334,22.7450008392334,5139,0.0,0.0
2024-09-13 13:25:00-04:00,22.7450008392334,22.764999389648438,22.739999771118164,22.764999389648438,4980,0.0,0.0
2024-09-13 13:30:00-04:00,22.770000457763672,22.770000457763672,22.76099967956543,22.764999389648438,2796,0.0,0.0
2024-09-13 13:35:00-04:00,22.764999389648438,22.78499984741211,22.764999389648438,22.780000686645508,2512,0.0,0.0
2024-09-13 13:40:00-04:00,22.780000686645508,22.780000686645508,22.770000457763672,22.774999618530273,5142,0.0,0.0
2024-09-13 13:45:00-04:00,22.770000457763672,22.774999618530273,22.760000228881836,22.764999389648438,3283,0.0,0.0
2024-09-13 13:50:00-04:00,22.760000228881836,22.764999389648438,22.735000610351562,22.735000610351562,3699,0.0,0.0
2024-09-13 13:55:00-04:00,22.735000610351562,22.735000610351562,22.725000381469727,22.729999542236328,2951,0.0,0.0
2024-09-13 14:00:00-04:00,22.725000381469727,22.725000381469727,22.684999465942383,22.684999465942383,14494,0.0,0.0
2024-09-13 14:05:00-04:00,22.690000534057617,22.729999542236328,22.690000534057617,22.729999542236328,20214,0.0,0.0
2024-09-13 14:10:00-04:00,22.729999542236328,22.735000610351562,22.71500015258789,22.729999542236328,7112,0.0,0.0
2024-09-13 14:15:00-04:00,22.729999542236328,22.735000610351562,22.709999084472656,22.725000381469727,8139,0.0,0.0
2024-09-13 14:20:00-04:00,22.729999542236328,22.729999542236328,22.71500015258789,22.71500015258789,5989,0.0,0.0
2024-09-13 14:25:00-04:00,22.71500015258789,22.719999313354492,22.700000762939453,22.719499588012695,5921,0.0,0.0
2024-09-13 14:30:00-04:00,22.71500015258789,22.725000381469727,22.710100173950195,22.725000381469727,4482,0.0,0.0
2024-09-13 14:35:00-04:00,22.725000381469727,22.725000381469727,22.700000762939453,22.709999084472656,8830,0.0,0.0
2024-09-13 14:40:00-04:00,22.709999084472656,22.725000381469727,22.709999084472656,22.725000381469727,1839,0.0,0.0
2024-09-13 14:45:00-04:00,22.729999542236328,22.735000610351562,22.719999313354492,22.719999313354492,2925,0.0,0.0
2024-09-13 14:50:00-04:00,22.69499969482422,22.700000762939453,22.690000534057617,22.700000762939453,2917,0.0,0.0
2024-09-13 14:55:00-04:00,22.69499969482422,22.700000762939453,22.684999465942383,22.684999465942383,3134,0.0,0.0
2024-09-13 15:00:00-04:00,22.684999465942383,22.684999465942383,22.665000915527344,22.670000076293945,9979,0.0,0.0
2024-09-13 15:05:00-04:00,22.68000030517578,22.684999465942383,22.670000076293945,22.684999465942383,2983,0.0,0.0
2024-09-13 15:10:00-04:00,22.68000030517578,22.681499481201172,22.670000076293945,22.670000076293945,12910,0.0,0.0
2024-09-13 15:15:00-04:00,22.670000076293945,22.69499969482422,22.65999984741211,22.684999465942383,11525,0.0,0.0
2024-09-13 15:20:00-04:00,22.68000030517578,22.690000534057617,22.68000030517578,22.684999465942383,2752,0.0,0.0
2024-09-13 15:25:00-04:00,22.684999465942383,22.709999084472656,22.684999465942383,22.709999084472656,4878,0.0,0.0
2024-09-13 15:30:00-04:00,22.709999084472656,22.735000610351562,22.700000762939453,22.735000610351562,23998,0.0,0.0
2024-09-13 15:35:00-04:00,22.735000610351562,22.735000610351562,22.690000534057617,22.69499969482422,22200,0.0,0.0
2024-09-13 15:40:00-04:00,22.700000762939453,22.709999084472656,22.69499969482422,22.709999084472656,15733,0.0,0.0
2024-09-13 15:45:00-04:00,22.71500015258789,22.729999542236328,22.704999923706055,22.71500015258789,27503,0.0,0.0
2024-09-13 15:50:00-04:00,22.719999313354492,22.719999313354492,22.690000534057617,22.709999084472656,65537,0.0,0.0
2024-09-13 15:55:00-04:00,22.71500015258789,22.729999542236328,22.704999923706055,22.729999542236328,96134,0.0,0.0
2024-09-16 09:30:00-04:00,22.8799991607666,22.950000762939453,22.8799991607666,22.890399932861328,55975,0.0,0.0
2024-09-16 09:35:00-04:00,22.889999389648438,22.889999389648438,22.815000534057617,22.844999313354492,12626,0.0,0.0
2024-09-16 09:40:00-04:00,22.84000015258789,22.84000015258789,22.799999237060547,22.815000534057617,9431,0.0,0.0
2024-09-16 09:45:00-04:00,22.790000915527344,22.80500030517578,22.774999618530273,22.80500030517578,27342,0.0,0.0
2024-09-16 09:50:00-04:00,22.809999465942383,22.885000228881836,22.80500030517578,22.8799991607666,19364,0.0,0.0
2024-09-16 09:55:00-04:00,22.8799991607666,22.8799991607666,22.864999771118164,22.875,11375,0.0,0.0
2024-09-16 10:00:00-04:00,22.885000228881836,22.899999618530273,22.815000534057617,22.844999313354492,13510,0.0,0.0
2024-09-16 10:05:00-04:00,22.844999313354492,22.875,22.829999923706055,22.8700008392334,45691,0.0,0.0
2024-09-16 10:10:00-04:00,22.8700008392334,22.885000228881836,22.850000381469727,22.850000381469727,14891,0.0,0.0
2024-09-16 10:15:00-04:00,22.854999542236328,22.899999618530273,22.854999542236328,22.8799991607666,12620,0.0,0.0
2024-09-16 10:20:00-04:00,22.885000228881836,22.895000457763672,22.8700008392334,22.875,21474,0.0,0.0
2024-09-16 10:25:00-04:00,22.8799991607666,22.885000228881836,22.844999313354492,22.8700008392334,17481,0.0,0.0
2024-09-16 10:30:00-04:00,22.8799991607666,22.8799991607666,22.809999465942383,22.829999923706055,30022,0.0,0.0
2024-09-16 10:35:00-04:00,22.825000762939453,22.864999771118164,22.825000762939453,22.860000610351562,20653,0.0,0.0
2024-09-16 10:40:00-04:00,22.854999542236328,22.875,22.84000015258789,22.875,15130,0.0,0.0
2024-09-16 10:45:00-04:00,22.8799991607666,22.895000457763672,22.860000610351562,22.885000228881836,13392,0.0,0.0
2024-09-16 10:50:00-04:00,22.885000228881836,22.885000228881836,22.834999084472656,22.834999084472656,16719,0.0,0.0
2024-09-16 10:55:00-04:00,22.84000015258789,22.850000381469727,22.834999084472656,22.844999313354492,10796,0.0,0.0
2024-09-16 11:00:00-04:00,22.834999084472656,22.850000381469727,22.829999923706055,22.834999084472656,10251,0.0,0.0
2024-09-16 11:05:00-04:00,22.834999084472656,22.875,22.834999084472656,22.875,12084,0.0,0.0
2024-09-16 11:10:00-04:00,22.875,22.885000228881836,22.864999771118164,22.8700008392334,13015,0.0,0.0
2024-09-16 11:15:00-04:00,22.8700008392334,22.8799991607666,22.860000610351562,22.860000610351562,9831,0.0,0.0
2024-09-16 11:20:00-04:00,22.854999542236328,22.864999771118164,22.829999923706055,22.844999313354492,16514,0.0,0.0
2024-09-16 11:25:00-04:00,22.850000381469727,22.850000381469727,22.809999465942383,22.815000534057617,7940,0.0,0.0
2024-09-16 11:30:00-04:00,22.809999465942383,22.825000762939453,22.799999237060547,22.815000534057617,15697,0.0,0.0
2024-09-16 11:35:00-04:00,22.815000534057617,22.815000534057617,22.78499984741211,22.795000076293945,11394,0.0,0.0
2024-09-16 11:40:00-04:00,22.799999237060547,22.80500030517578,22.790000915527344,22.80500030517578,5526,0.0,0.0
2024-09-16 11:45:00-04:00,22.80500030517578,22.829999923706055,22.80500030517578,22.825000762939453,4595,0.0,0.0
2024-09-16 11:50:00-04:00,22.81999969482422,22.84000015258789,22.809999465942383,22.84000015258789,2156,0.0,0.0
2024-09-16 11:55:00-04:00,22.84000015258789,22.859899520874023,22.825000762939453,22.825000762939453,0,0.0,0.0
2024-09-16 12:00:00-04:00,22.829999923706055,22.834999084472656,22.809999465942383,22.809999465942383,495953,0.0,0.0
2024-09-16 12:05:00-04:00,22.815000534057617,22.81999969482422,22.809999465942383,22.81999969482422,2322,0.0,0.0
2024-09-16 12:10:00-04:00,22.815000534057617,22.815000534057617,22.78499984741211,22.795000076293945,5746,0.0,0.0
2024-09-16 12:15:00-04:00,22.790000915527344,22.815000534057617,22.774999618530273,22.809999465942383,10010,0.0,0.0
2024-09-16 12:20:00-04:00,22.799999237060547,22.80500030517578,22.780000686645508,22.78499984741211,24241,0.0,0.0
2024-09-16 12:25:00-04:00,22.78499984741211,22.815000534057617,22.774999618530273,22.815000534057617,10726,0.0,0.0
2024-09-16 12:30:00-04:00,22.815000534057617,22.81999969482422,22.815000534057617,22.81999969482422,4624,0.0,0.0
2024-09-16 12:35:00-04:00,22.81999969482422,22.829999923706055,22.815000534057617,22.825000762939453,6918,0.0,0.0
2024-09-16 12:40:00-04:00,22.81999969482422,22.81999969482422,22.815000534057617,22.815000534057617,3843,0.0,0.0
2024-09-16 12:45:00-04:00,22.81999969482422,22.81999969482422,22.809999465942383,22.815000534057617,6945,0.0,0.0
2024-09-16 12:50:00-04:00,22.812700271606445,22.829999923706055,22.812700271606445,22.81999969482422,5071,0.0,0.0
2024-09-16 12:55:00-04:00,22.81999969482422,22.825000762939453,22.81999969482422,22.825000762939453,4344,0.0,0.0
2024-09-16 13:00:00-04:00,22.829999923706055,22.844999313354492,22.81999969482422,22.844999313354492,5698,0.0,0.0
2024-09-16 13:05:00-04:00,22.844999313354492,22.860000610351562,22.84000015258789,22.850000381469727,4485,0.0,0.0
2024-09-16 13:10:00-04:00,22.860000610351562,22.860000610351562,22.850000381469727,22.850000381469727,3973,0.0,0.0
2024-09-16 13:15:00-04:00,22.844999313354492,22.860000610351562,22.844999313354492,22.854999542236328,15561,0.0,0.0
2024-09-16 13:20:00-04:00,22.854999542236328,22.860000610351562,22.829999923706055,22.850000381469727,12372,0.0,0.0
2024-09-16 13:25:00-04:00,22.844999313354492,22.850000381469727,22.834999084472656,22.84000015258789,4138,0.0,0.0
2024-09-16 13:30:00-04:00,22.850000381469727,22.850000381469727,22.842500686645508,22.844999313354492,5995,0.0,0.0
2024-09-16 13:35:00-04:00,22.850000381469727,22.861099243164062,22.844999313354492,22.861099243164062,3855,0.0,0.0
2024-09-16 13:40:00-04:00,22.864999771118164,22.8799991607666,22.864999771118164,22.864999771118164,5474,0.0,0.0
2024-09-16 13:45:00-04:00,22.864999771118164,22.8700008392334,22.834999084472656,22.834999084472656,18103,0.0,0.0
2024-09-16 13:50:00-04:00,22.834999084472656,22.844999313354492,22.834999084472656,22.844999313354492,7998,0.0,0.0
2024-09-16 13:55:00-04:00,22.850000381469727,22.850000381469727,22.844999313354492,22.850000381469727,1307,0.0,0.0
2024-09-16 14:00:00-04:00,22.84000015258789,22.844999313354492,22.84000015258789,22.84000015258789,4633,0.0,0.0
2024-09-16 14:05:00-04:00,22.830900192260742,22.850000381469727,22.830900192260742,22.850000381469727,5854,0.0,0.0
2024-09-16 14:10:00-04:00,22.850000381469727,22.864999771118164,22.84000015258789,22.850000381469727,13490,0.0,0.0
2024-09-16 14:15:00-04:00,22.844999313354492,22.850000381469727,22.829999923706055,22.834999084472656,19271,0.0,0.0
2024-09-16 14:20:00-04:00,22.834999084472656,22.84000015258789,22.834999084472656,22.84000015258789,7392,0.0,0.0
2024-09-16 14:25:00-04:00,22.850000381469727,22.860000610351562,22.844999313354492,22.850000381469727,10888,0.0,0.0
2024-09-16 14:30:00-04:00,22.854999542236328,22.860000610351562,22.854999542236328,22.860000610351562,3284,0.0,0.0
2024-09-16 14:35:00-04:00,22.8700008392334,22.8700008392334,22.860000610351562,22.8700008392334,13842,0.0,0.0
2024-09-16 14:40:00-04:00,22.8700008392334,22.8700008392334,22.844999313354492,22.854999542236328,11231,0.0,0.0
2024-09-16 14:45:00-04:00,22.850000381469727,22.864999771118164,22.844999313354492,22.864999771118164,7741,0.0,0.0
2024-09-16 14:50:00-04:00,22.860000610351562,22.8700008392334,22.854999542236328,22.854999542236328,7023,0.0,0.0
2024-09-16 14:55:00-04:00,22.850000381469727,22.864999771118164,22.844999313354492,22.864999771118164,7045,0.0,0.0
2024-09-16 15:00:00-04:00,22.864999771118164,22.864999771118164,22.844999313354492,22.844999313354492,9053,0.0,0.0
2024-09-16 15:05:00-04:00,22.844999313354492,22.860000610351562,22.844999313354492,22.854999542236328,5829,0.0,0.0
2024-09-16 15:10:00-04:00,22.850099563598633,22.854999542236328,22.84000015258789,22.84000015258789,9042,0.0,0.0
2024-09-16 15:15:00-04:00,22.834999084472656,22.854999542236328,22.829999923706055,22.854999542236328,10152,0.0,0.0
2024-09-16 15:20:00-04:00,22.854999542236328,22.875,22.854999542236328,22.8700008392334,17632,0.0,0.0
2024-09-16 15:25:00-04:00,22.8700008392334,22.895000457763672,22.864999771118164,22.864999771118164,30579,0.0,0.0
2024-09-16 15:30:00-04:00,22.860000610351562,22.8799991607666,22.854999542236328,22.8700008392334,16094,0.0,0.0
2024-09-16 15:35:00-04:00,22.860000610351562,22.8700008392334,22.850000381469727,22.8700008392334,10132,0.0,0.0
2024-09-16 15:40:00-04:00,22.8700008392334,22.8799991607666,22.864999771118164,22.8700008392334,22356,0.0,0.0
2024-09-16 15:45:00-04:00,22.875,22.895000457763672,22.875,22.889999389648438,14638,0.0,0.0
2024-09-16 15:50:00-04:00,22.8799991607666,22.889999389648438,22.854999542236328,22.8799991607666,47024,0.0,0.0
2024-09-16 15:55:00-04:00,22.885000228881836,22.889999389648438,22.860000610351562,22.860000610351562,102505,0.0,0.0
2024-09-17 09:30:00-04:00,23.350000381469727,23.350000381469727,23.239999771118164,23.280000686645508,131037,0.0,0.0
2024-09-17 09:35:00-04:00,23.260000228881836,23.270000457763672,23.229999542236328,23.25,26548,0.0,0.0
2024-09-17 09:40:00-04:00,23.239999771118164,23.270000457763672,23.229999542236328,23.260000228881836,14366,0.0,0.0
2024-09-17 09:45:00-04:00,23.260000228881836,23.315000534057617,23.260000228881836,23.299999237060547,10227,0.0,0.0
2024-09-17 09:50:00-04:00,23.290000915527344,23.30500030517578,23.260000228881836,23.30500030517578,33784,0.0,0.0
2024-09-17 09:55:00-04:00,23.315000534057617,23.329999923706055,23.280000686645508,23.28499984741211,32327,0.0,0.0
2024-09-17 10:00:00-04:00,23.280000686645508,23.28499984741211,23.25,23.28499984741211,9003,0.0,0.0
2024-09-17 10:05:00-04:00,23.28499984741211,23.329999923706055,23.28499984741211,23.329999923706055,11311,0.0,0.0
2024-09-17 10:10:00-04:00,23.329999923706055,23.364999771118164,23.328899383544922,23.364999771118164,9281,0.0,0.0
2024-09-17 10:15:00-04:00,23.3700008392334,23.385000228881836,23.3700008392334,23.375,12079,0.0,0.0
2024-09-17 10:20:00-04:00,23.3799991607666,23.420000076293945,23.3799991607666,23.40999984741211,24424,0.0,0.0
2024-09-17 10:25:00-04:00,23.40999984741211,23.40999984741211,23.389999389648438,23.395000457763672,11115,0.0,0.0
2024-09-17 10:30:00-04:00,23.395000457763672,23.424999237060547,23.395000457763672,23.424999237060547,21764,0.0,0.0
2024-09-17 10:35:00-04:00,23.424999237060547,23.424999237060547,23.399999618530273,23.420000076293945,8854,0.0,0.0
2024-09-17 10:40:00-04:00,23.424999237060547,23.424999237060547,23.360000610351562,23.364999771118164,59539,0.0,0.0
2024-09-17 10:45:00-04:00,23.3700008392334,23.375,23.331499099731445,23.364999771118164,10890,0.0,0.0
2024-09-17 10:50:00-04:00,23.3700008392334,23.3700008392334,23.350000381469727,23.350000381469727,8064,0.0,0.0
2024-09-17 10:55:00-04:00,23.34000015258789,23.360000610351562,23.31999969482422,23.329999923706055,3575,0.0,0.0
2024-09-17 11:00:00-04:00,23.34000015258789,23.364999771118164,23.325000762939453,23.325000762939453,3611,0.0,0.0
2024-09-17 11:05:00-04:00,23.31999969482422,23.334999084472656,23.30500030517578,23.30500030517578,4814,0.0,0.0
2024-09-17 11:10:00-04:00,23.299999237060547,23.30500030517578,23.290000915527344,23.299999237060547,2389,0.0,0.0
2024-09-17 11:15:00-04:00,23.290000915527344,23.31999969482422,23.290000915527344,23.31999969482422,8216,0.0,0.0
2024-09-17 11:20:00-04:00,23.309999465942383,23.309999465942383,23.280000686645508,23.280000686645508,3946,0.0,0.0
2024-09-17 11:25:00-04:00,23.28499984741211,23.309999465942383,23.274999618530273,23.299999237060547,7779,0.0,0.0
2024-09-17 11:30:00-04:00,23.299999237060547,23.315000534057617,23.260000228881836,23.28499984741211,41431,0.0,0.0
2024-09-17 11:35:00-04:00,23.28499984741211,23.299999237060547,23.280000686645508,23.280000686645508,3643,0.0,0.0
2024-09-17 11:40:00-04:00,23.280000686645508,23.290000915527344,23.280000686645508,23.28499984741211,2755,0.0,0.0
2024-09-17 11:45:00-04:00,23.280000686645508,23.28499984741211,23.274999618530273,23.280000686645508,4607,0.0,0.0
2024-09-17 11:50:00-04:00,23.274999618530273,23.290000915527344,23.274999618530273,23.290000915527344,0,0.0,0.0
2024-09-17 11:55:00-04:00,23.280000686645508,23.280000686645508,23.2549991607666,23.26099967956543,535805,0.0,0.0
2024-09-17 12:00:00-04:00,23.264999389648438,23.290000915527344,23.260000228881836,23.274999618530273,8674,0.0,0.0
2024-09-17 12:05:00-04:00,23.274999618530273,23.28499984741211,23.274999618530273,23.280000686645508,1828,0.0,0.0
2024-09-17 12:10:00-04:00,23.280000686645508,23.28499984741211,23.274999618530273,23.28499984741211,3881,0.0,0.0
2024-09-17 12:15:00-04:00,23.290000915527344,23.30500030517578,23.264999389648438,23.264999389648438,16683,0.0,0.0
2024-09-17 12:20:00-04:00,23.264999389648438,23.270000457763672,23.235000610351562,23.235000610351562,5197,0.0,0.0
2024-09-17 12:25:00-04:00,23.25,23.264999389648438,23.25,23.264999389648438,1305,0.0,0.0
2024-09-17 12:30:00-04:00,23.264999389648438,23.270000457763672,23.260000228881836,23.270000457763672,2319,0.0,0.0
2024-09-17 12:35:00-04:00,23.264999389648438,23.270000457763672,23.25,23.2549991607666,2251,0.0,0.0
2024-09-17 12:40:00-04:00,23.25,23.2549991607666,23.235000610351562,23.235000610351562,1481,0.0,0.0
2024-09-17 12:45:00-04:00,23.219999313354492,23.239999771118164,23.18000030517578,23.190000534057617,6337,0.0,0.0
2024-09-17 12:50:00-04:00,23.174999237060547,23.209999084472656,23.170000076293945,23.204999923706055,5934,0.0,0.0
2024-09-17 12:55:00-04:00,23.204999923706055,23.229999542236328,23.190000534057617,23.190000534057617,9836,0.0,0.0
2024-09-17 13:00:00-04:00,23.190000534057617,23.21500015258789,23.190000534057617,23.19499969482422,4474,0.0,0.0
2024-09-17 13:05:00-04:00,23.190000534057617,23.19499969482422,23.18000030517578,23.190000534057617,3139,0.0,0.0
2024-09-17 13:10:00-04:00,23.190000534057617,23.19499969482422,23.170000076293945,23.18079948425293,6693,0.0,0.0
2024-09-17 13:15:00-04:00,23.190000534057617,23.209999084472656,23.184999465942383,23.209999084472656,9355,0.0,0.0
2024-09-17 13:20:00-04:00,23.209999084472656,23.23069953918457,23.209999084472656,23.23069953918457,4254,0.0,0.0
2024-09-17 13:25:00-04:00,23.229999542236328,23.229999542236328,23.209999084472656,23.21500015258789,11003,0.0,0.0
2024-09-17 13:30:00-04:00,23.209999084472656,23.21500015258789,23.200000762939453,23.200000762939453,4204,0.0,0.0
2024-09-17 13:35:00-04:00,23.190099716186523,23.225000381469727,23.190099716186523,23.204999923706055,2629,0.0,0.0
2024-09-17 13:40:00-04:00,23.204999923706055,23.204999923706055,23.18000030517578,23.18000030517578,4278,0.0,0.0
2024-09-17 13:45:00-04:00,23.174999237060547,23.209999084472656,23.165000915527344,23.209999084472656,6518,0.0,0.0
2024-09-17 13:50:00-04:00,23.209999084472656,23.235000610351562,23.204999923706055,23.235000610351562,3792,0.0,0.0
2024-09-17 13:55:00-04:00,23.235000610351562,23.25,23.219999313354492,23.25,4282,0.0,0.0
2024-09-17 14:00:00-04:00,23.239999771118164,23.25,23.235000610351562,23.2450008392334,3508,0.0,0.0
2024-09-17 14:05:00-04:00,23.25,23.25,23.239999771118164,23.2450008392334,3722,0.0,0.0
2024-09-17 14:10:00-04:00,23.2450008392334,23.264999389648438,23.239999771118164,23.239999771118164,16063,0.0,0.0
2024-09-17 14:15:00-04:00,23.25,23.264999389648438,23.239999771118164,23.25,6205,0.0,0.0
2024-09-17 14:20:00-04:00,23.25,23.264999389648438,23.25,23.264999389648438,2093,0.0,0.0
2024-09-17 14:25:00-04:00,23.270000457763672,23.270000457763672,23.260000228881836,23.264999389648438,4695,0.0,0.0
2024-09-17 14:30:00-04:00,23.260000228881836,23.274999618530273,23.260000228881836,23.274999618530273,1660,0.0,0.0
2024-09-17 14:35:00-04:00,23.274999618530273,23.280000686645508,23.270000457763672,23.280000686645508,1743,0.0,0.0
2024-09-17 14:40:00-04:00,23.28499984741211,23.295000076293945,23.280000686645508,23.295000076293945,1781,0.0,0.0
2024-09-17 14:45:00-04:00,23.290000915527344,23.290000915527344,23.260000228881836,23.270000457763672,8654,0.0,0.0
2024-09-17 14:50:00-04:00,23.274999618530273,23.280000686645508,23.270000457763672,23.280000686645508,2776,0.0,0.0
2024-09-17 14:55:00-04:00,23.290000915527344,23.30500030517578,23.28499984741211,23.299999237060547,7424,0.0,0.0
2024-09-17 15:00:00-04:00,23.295000076293945,23.295000076293945,23.280000686645508,23.290000915527344,9281,0.0,0.0
2024-09-17 15:05:00-04:00,23.295000076293945,23.299999237060547,23.28499984741211,23.29800033569336,7018,0.0,0.0
2024-09-17 15:10:00-04:00,23.290000915527344,23.290000915527344,23.280000686645508,23.290000915527344,3307,0.0,0.0
2024-09-17 15:15:00-04:00,23.290000915527344,23.290000915527344,23.28499984741211,23.28499984741211,4480,0.0,0.0
2024-09-17 15:20:00-04:00,23.28499984741211,23.299999237060547,23.274999618530273,23.274999618530273,19644,0.0,0.0
2024-09-17 15:25:00-04:00,23.280000686645508,23.30500030517578,23.280000686645508,23.299999237060547,10867,0.0,0.0
2024-09-17 15:30:00-04:00,23.290000915527344,23.295000076293945,23.28499984741211,23.295000076293945,11509,0.0,0.0
2024-09-17 15:35:00-04:00,23.290000915527344,23.295000076293945,23.28499984741211,23.295000076293945,6811,0.0,0.0
2024-09-17 15:40:00-04:00,23.295000076293945,23.295000076293945,23.274999618530273,23.274999618530273,15354,0.0,0.0
2024-09-17 15:45:00-04:00,23.274999618530273,23.295000076293945,23.270099639892578,23.28499984741211,17741,0.0,0.0
2024-09-17 15:50:00-04:00,23.287700653076172,23.287700653076172,23.264999389648438,23.28499984741211,56707,0.0,0.0
2024-09-17 15:55:00-04:00,23.280000686645508,23.299999237060547,23.274999618530273,23.290000915527344,81154,0.0,0.0
2024-09-18 09:30:00-04:00,23.440000534057617,23.520000457763672,23.440000534057617,23.469999313354492,45482,0.0,0.0
2024-09-18 09:35:00-04:00,23.469999313354492,23.485000610351562,23.450000762939453,23.479999542236328,30998,0.0,0.0
2024-09-18 09:40:00-04:00,23.459999084472656,23.46500015258789,23.40999984741211,23.415000915527344,14247,0.0,0.0
2024-09-18 09:45:00-04:00,23.420000076293945,23.459999084472656,23.420000076293945,23.450000762939453,10970,0.0,0.0
2024-09-18 09:50:00-04:00,23.440000534057617,23.44499969482422,23.420000076293945,23.43000030517578,9901,0.0,0.0
2024-09-18 09:55:00-04:00,23.420000076293945,23.43000030517578,23.405000686645508,23.415000915527344,9666,0.0,0.0
2024-09-18 10:00:00-04:00,23.420000076293945,23.424999237060547,23.3799991607666,23.40999984741211,15890,0.0,0.0
2024-09-18 10:05:00-04:00,23.415000915527344,23.415000915527344,23.385000228881836,23.40999984741211,9988,0.0,0.0
2024-09-18 10:10:00-04:00,23.405000686645508,23.40999984741211,23.385000228881836,23.389999389648438,79456,0.0,0.0
2024-09-18 10:15:00-04:00,23.389999389648438,23.399999618530273,23.360000610351562,23.3700008392334,10206,0.0,0.0
2024-09-18 10:20:00-04:00,23.329999923706055,23.34000015258789,23.325000762939453,23.329999923706055,9536,0.0,0.0
2024-09-18 10:25:00-04:00,23.329999923706055,23.364999771118164,23.329999923706055,23.364999771118164,8310,0.0,0.0
2024-09-18 10:30:00-04:00,23.360000610351562,23.389999389648438,23.360000610351562,23.3700008392334,52284,0.0,0.0
2024-09-18 10:35:00-04:00,23.3700008392334,23.405000686645508,23.3700008392334,23.405000686645508,16674,0.0,0.0
2024-09-18 10:40:00-04:00,23.40999984741211,23.424999237060547,23.405000686645508,23.40999984741211,20105,0.0,0.0
2024-09-18 10:45:00-04:00,23.420000076293945,23.434999465942383,23.415000915527344,23.424999237060547,18221,0.0,0.0
2024-09-18 10:50:00-04:00,23.424999237060547,23.424999237060547,23.399999618530273,23.424999237060547,17609,0.0,0.0
2024-09-18 10:55:00-04:00,23.420000076293945,23.420000076293945,23.399999618530273,23.415000915527344,10763,0.0,0.0
2024-09-18 11:00:00-04:00,23.420000076293945,23.440000534057617,23.420000076293945,23.440000534057617,12178,0.0,0.0
2024-09-18 11:05:00-04:00,23.440000534057617,23.46500015258789,23.420000076293945,23.420000076293945,18851,0.0,0.0
2024-09-18 11:10:00-04:00,23.40999984741211,23.434999465942383,23.40999984741211,23.43000030517578,6122,0.0,0.0
2024-09-18 11:15:00-04:00,23.43000030517578,23.440000534057617,23.420000076293945,23.43000030517578,9224,0.0,0.0
2024-09-18 11:20:00-04:00,23.43000030517578,23.43950080871582,23.424999237060547,23.434999465942383,12112,0.0,0.0
2024-09-18 11:25:00-04:00,23.440000534057617,23.44499969482422,23.424999237060547,23.44499969482422,19260,0.0,0.0
2024-09-18 11:30:00-04:00,23.440000534057617,23.469999313354492,23.43000030517578,23.434999465942383,72405,0.0,0.0
2024-09-18 11:35:00-04:00,23.43000030517578,23.434999465942383,23.420000076293945,23.424999237060547,9686,0.0,0.0
2024-09-18 11:40:00-04:00,23.424999237060547,23.424999237060547,23.420000076293945,23.424999237060547,10791,0.0,0.0
2024-09-18 11:45:00-04:00,23.424999237060547,23.424999237060547,23.40999984741211,23.412500381469727,9493,0.0,0.0
2024-09-18 11:50:00-04:00,23.415000915527344,23.420000076293945,23.405000686645508,23.405000686645508,3665,0.0,0.0
2024-09-18 11:55:00-04:00,23.405000686645508,23.420000076293945,23.405000686645508,23.415000915527344,1605,0.0,0.0
2024-09-18 12:00:00-04:00,23.40999984741211,23.424999237060547,23.40999984741211,23.415000915527344,8082,0.0,0.0
2024-09-18 12:05:00-04:00,23.420000076293945,23.44499969482422,23.420000076293945,23.440000534057617,3946,0.0,0.0
2024-09-18 12:10:00-04:00,23.44499969482422,23.450000762939453,23.440000534057617,23.440000534057617,10374,0.0,0.0
2024-09-18 12:15:00-04:00,23.44499969482422,23.46500015258789,23.44499969482422,23.46500015258789,3240,0.0,0.0
2024-09-18 12:20:00-04:00,23.46500015258789,23.46500015258789,23.459999084472656,23.459999084472656,1189,0.0,0.0
2024-09-18 12:25:00-04:00,23.46500015258789,23.4950008392334,23.46500015258789,23.489999771118164,9857,0.0,0.0
2024-09-18 12:30:00-04:00,23.489999771118164,23.4950008392334,23.485000610351562,23.4950008392334,3122,0.0,0.0
2024-09-18 12:35:00-04:00,23.5,23.510000228881836,23.5,23.5049991607666,10855,0.0,0.0
2024-09-18 12:40:00-04:00,23.5,23.510000228881836,23.5,23.510000228881836,3635,0.0,0.0
2024-09-18 12:45:00-04:00,23.510000228881836,23.520000457763672,23.4950008392334,23.4950008392334,7810,0.0,0.0
2024-09-18 12:50:00-04:00,23.5,23.5049991607666,23.489999771118164,23.5049991607666,3002,0.0,0.0
2024-09-18 12:55:00-04:00,23.5049991607666,23.514999389648438,23.5,23.510000228881836,7981,0.0,0.0
2024-09-18 13:00:00-04:00,23.510000228881836,23.510000228881836,23.5049991607666,23.5049991607666,753,0.0,0.0
2024-09-18 13:05:00-04:00,23.5049991607666,23.530000686645508,23.5,23.520299911499023,2148,0.0,0.0
2024-09-18 13:10:00-04:00,23.530000686645508,23.540000915527344,23.520000457763672,23.520299911499023,3561,0.0,0.0
2024-09-18 13:15:00-04:00,23.524999618530273,23.540000915527344,23.524999618530273,23.540000915527344,1899,0.0,0.0
2024-09-18 13:20:00-04:00,23.540000915527344,23.540000915527344,23.53499984741211,23.53499984741211,6559,0.0,0.0
2024-09-18 13:25:00-04:00,23.540000915527344,23.545000076293945,23.540000915527344,23.545000076293945,1218,0.0,0.0
2024-09-18 13:30:00-04:00,23.545000076293945,23.559999465942383,23.545000076293945,23.559999465942383,3278,0.0,0.0
2024-09-18 13:35:00-04:00,23.549999237060547,23.565000534057617,23.540000915527344,23.540000915527344,27223,0.0,0.0
2024-09-18 13:40:00-04:00,23.540000915527344,23.55500030517578,23.540000915527344,23.55500030517578,2296,0.0,0.0
2024-09-18 13:45:00-04:00,23.559999465942383,23.559999465942383,23.549999237060547,23.55500030517578,2551,0.0,0.0
2024-09-18 13:50:00-04:00,23.549999237060547,23.549999237060547,23.530000686645508,23.540000915527344,20454,0.0,0.0
2024-09-18 13:55:00-04:00,23.540000915527344,23.549999237060547,23.530000686645508,23.549999237060547,4910,0.0,0.0
2024-09-18 14:00:00-04:00,23.549999237060547,23.860000610351562,23.510000228881836,23.799999237060547,48055,0.0,0.0
2024-09-18 14:05:00-04:00,23.799999237060547,23.815000534057617,23.735000610351562,23.760000228881836,19208,0.0,0.0
2024-09-18 14:10:00-04:00,23.760000228881836,23.780000686645508,23.670000076293945,23.719999313354492,22385,0.0,0.0
2024-09-18 14:15:00-04:00,23.709999084472656,23.774999618530273,23.69499969482422,23.770000457763672,27007,0.0,0.0
2024-09-18 14:20:00-04:00,23.770000457763672,23.829999923706055,23.760000228881836,23.829999923706055,6581,0.0,0.0
2024-09-18 14:25:00-04:00,23.829999923706055,23.889999389648438,23.815000534057617,23.889999389648438,13190,0.0,0.0
2024-09-18 14:30:00-04:00,23.895000457763672,23.969999313354492,23.895000457763672,23.965700149536133,18980,0.0,0.0
2024-09-18 14:35:00-04:00,23.969999313354492,23.975000381469727,23.8700008392334,23.959999084472656,20343,0.0,0.0
2024-09-18 14:40:00-04:00,23.940000534057617,23.950000762939453,23.729999542236328,23.729999542236328,11625,0.0,0.0
2024-09-18 14:45:00-04:00,23.739999771118164,23.809999465942383,23.735000610351562,23.760000228881836,22172,0.0,0.0
2024-09-18 14:50:00-04:00,23.75,23.809999465942383,23.739999771118164,23.790000915527344,5254,0.0,0.0
2024-09-18 14:55:00-04:00,23.780000686645508,23.81999969482422,23.68000030517578,23.69499969482422,9999,0.0,0.0
2024-09-18 15:00:00-04:00,23.65999984741211,23.665000915527344,23.549999237060547,23.610000610351562,22287,0.0,0.0
2024-09-18 15:05:00-04:00,23.600000381469727,23.600000381469727,23.510000228881836,23.549999237060547,16795,0.0,0.0
2024-09-18 15:10:00-04:00,23.530000686645508,23.684999465942383,23.520000457763672,23.68000030517578,18935,0.0,0.0
2024-09-18 15:15:00-04:00,23.670000076293945,23.68000030517578,23.6299991607666,23.649999618530273,9648,0.0,0.0
2024-09-18 15:20:00-04:00,23.65999984741211,23.65999984741211,23.520000457763672,23.58049964904785,17718,0.0,0.0
2024-09-18 15:25:00-04:00,23.579999923706055,23.68000030517578,23.579999923706055,23.6299991607666,10970,0.0,0.0
2024-09-18 15:30:00-04:00,23.6299991607666,23.639999389648438,23.540000915527344,23.549999237060547,16514,0.0,0.0
2024-09-18 15:35:00-04:00,23.549999237060547,23.56999969482422,23.514999389648438,23.52079963684082,16188,0.0,0.0
2024-09-18 15:40:00-04:00,23.530000686645508,23.540000915527344,23.479999542236328,23.479999542236328,15109,0.0,0.0
2024-09-18 15:45:00-04:00,23.479999542236328,23.5,23.454999923706055,23.459999084472656,27394,0.0,0.0
2024-09-18 15:50:00-04:00,23.459999084472656,23.479999542236328,23.440000534057617,23.475000381469727,60843,0.0,0.0
2024-09-18 15:55:00-04:00,23.479999542236328,23.510000228881836,23.46500015258789,23.510000228881836,94392,0.0,0.0
2024-09-19 09:30:00-04:00,24.450000762939453,24.479999542236328,24.3799991607666,24.40999984741211,129716,0.0,0.0
2024-09-19 09:35:00-04:00,24.415000915527344,24.415000915527344,24.34000015258789,24.360000610351562,32196,0.0,0.0
2024-09-19 09:40:00-04:00,24.350000381469727,24.360000610351562,24.270000457763672,24.270000457763672,27050,0.0,0.0
2024-09-19 09:45:00-04:00,24.280000686645508,24.295000076293945,24.260000228881836,24.270000457763672,46849,0.0,0.0
2024-09-19 09:50:00-04:00,24.260000228881836,24.28499984741211,24.235000610351562,24.280000686645508,13504,0.0,0.0
2024-09-19 09:55:00-04:00,24.28499984741211,24.30500030517578,24.270000457763672,24.270000457763672,8429,0.0,0.0
2024-09-19 10:00:00-04:00,24.270000457763672,24.280000686645508,24.165000915527344,24.204999923706055,31666,0.0,0.0
2024-09-19 10:05:00-04:00,24.209999084472656,24.24139976501465,24.184999465942383,24.204999923706055,13225,0.0,0.0
2024-09-19 10:10:00-04:00,24.204999923706055,24.235000610351562,24.184999465942383,24.219999313354492,12221,0.0,0.0
2024-09-19 10:15:00-04:00,24.204999923706055,24.239999771118164,24.174999237060547,24.225000381469727,12348,0.0,0.0
2024-09-19 10:20:00-04:00,24.229999542236328,24.239999771118164,24.204999923706055,24.225000381469727,13168,0.0,0.0
2024-09-19 10:25:00-04:00,24.229999542236328,24.344999313354492,24.229999542236328,24.329999923706055,47206,0.0,0.0
2024-09-19 10:30:00-04:00,24.34000015258789,24.375,24.329999923706055,24.34000015258789,47825,0.0,0.0
2024-09-19 10:35:00-04:00,24.34000015258789,24.389999389648438,24.325000762939453,24.360000610351562,38611,0.0,0.0
2024-09-19 10:40:00-04:00,24.360000610351562,24.3700008392334,24.34000015258789,24.354999542236328,22742,0.0,0.0
2024-09-19 10:45:00-04:00,24.344999313354492,24.3700008392334,24.315000534057617,24.3700008392334,23042,0.0,0.0
2024-09-19 10:50:00-04:00,24.364999771118164,24.389999389648438,24.34000015258789,24.344999313354492,33102,0.0,0.0
2024-09-19 10:55:00-04:00,24.329999923706055,24.420000076293945,24.329999923706055,24.405000686645508,30144,0.0,0.0
2024-09-19 11:00:00-04:00,24.399999618530273,24.40999984741211,24.364999771118164,24.40999984741211,24626,0.0,0.0
2024-09-19 11:05:00-04:00,24.399999618530273,24.405000686645508,24.309999465942383,24.309999465942383,26202,0.0,0.0
2024-09-19 11:10:00-04:00,24.309999465942383,24.34000015258789,24.299999237060547,24.329999923706055,20088,0.0,0.0
2024-09-19 11:15:00-04:00,24.329999923706055,24.360000610351562,24.329999923706055,24.350000381469727,12559,0.0,0.0
2024-09-19 11:20:00-04:00,24.350000381469727,24.360000610351562,24.34000015258789,24.360000610351562,14540,0.0,0.0
2024-09-19 11:25:00-04:00,24.354999542236328,24.3700008392334,24.34000015258789,24.3700008392334,19192,0.0,0.0
2024-09-19 11:30:00-04:00,24.360000610351562,24.375,24.31999969482422,24.360000610351562,35935,0.0,0.0
2024-09-19 11:35:00-04:00,24.360000610351562,24.364999771118164,24.31999969482422,24.329999923706055,34514,0.0,0.0
2024-09-19 11:40:00-04:00,24.34000015258789,24.350000381469727,24.31999969482422,24.344999313354492,18101,0.0,0.0
2024-09-19 11:45:00-04:00,24.350000381469727,24.364999771118164,24.34000015258789,24.354999542236328,7275,0.0,0.0
2024-09-19 11:50:00-04:00,24.354999542236328,24.354999542236328,24.334999084472656,24.354999542236328,7040,0.0,0.0
2024-09-19 11:55:00-04:00,24.354999542236328,24.354999542236328,24.329999923706055,24.350000381469727,8712,0.0,0.0
2024-09-19 12:00:00-04:00,24.34000015258789,24.354999542236328,24.329999923706055,24.354999542236328,7172,0.0,0.0
2024-09-19 12:05:00-04:00,24.351299285888672,24.3700008392334,24.351299285888672,24.3700008392334,11466,0.0,0.0
2024-09-19 12:10:00-04:00,24.364999771118164,24.3700008392334,24.334999084472656,24.34000015258789,7602,0.0,0.0
2024-09-19 12:15:00-04:00,24.344999313354492,24.389999389648438,24.344999313354492,24.385000228881836,30791,0.0,0.0
2024-09-19 12:20:00-04:00,24.385000228881836,24.395000457763672,24.34000015258789,24.344999313354492,8446,0.0,0.0
2024-09-19 12:25:00-04:00,24.344999313354492,24.385000228881836,24.344999313354492,24.375,7105,0.0,0.0
2024-09-19 12:30:00-04:00,24.3799991607666,24.399999618530273,24.3799991607666,24.395000457763672,5512,0.0,0.0
2024-09-19 12:35:00-04:00,24.395000457763672,24.399999618530273,24.3700008392334,24.375,7616,0.0,0.0
2024-09-19 12:40:00-04:00,24.3700008392334,24.3799991607666,24.364999771118164,24.375,9049,0.0,0.0
2024-09-19 12:45:00-04:00,24.3700008392334,24.3799991607666,24.364999771118164,24.375,4911,0.0,0.0
2024-09-19 12:50:00-04:00,24.375,24.399999618530273,24.3700008392334,24.399999618530273,11122,0.0,0.0
2024-09-19 12:55:00-04:00,24.389999389648438,24.399999618530273,24.364999771118164,24.395000457763672,8243,0.0,0.0
2024-09-19 13:00:00-04:00,24.399999618530273,24.399999618530273,24.395000457763672,24.395000457763672,3497,0.0,0.0
2024-09-19 13:05:00-04:00,24.395000457763672,24.40999984741211,24.389999389648438,24.399999618530273,17545,0.0,0.0
2024-09-19 13:10:00-04:00,24.399999618530273,24.40999984741211,24.3799991607666,24.385000228881836,3489,0.0,0.0
2024-09-19 13:15:00-04:00,24.389999389648438,24.405000686645508,24.375,24.375,14392,0.0,0.0
2024-09-19 13:20:00-04:00,24.375,24.3799991607666,24.360000610351562,24.375,12387,0.0,0.0
2024-09-19 13:25:00-04:00,24.375,24.385000228881836,24.3700008392334,24.3700008392334,5391,0.0,0.0
2024-09-19 13:30:00-04:00,24.375,24.399999618530273,24.375,24.399999618530273,8952,0.0,0.0
2024-09-19 13:35:00-04:00,24.395000457763672,24.399999618530273,24.3799991607666,24.389999389648438,20323,0.0,0.0
2024-09-19 13:40:00-04:00,24.3799991607666,24.395000457763672,24.3700008392334,24.395000457763672,26535,0.0,0.0
2024-09-19 13:45:00-04:00,24.395000457763672,24.40999984741211,24.389999389648438,24.399999618530273,13440,0.0,0.0
2024-09-19 13:50:00-04:00,24.395000457763672,24.420000076293945,24.395000457763672,24.40999984741211,19521,0.0,0.0
2024-09-19 13:55:00-04:00,24.405000686645508,24.40999984741211,24.399999618530273,24.405000686645508,7166,0.0,0.0
2024-09-19 14:00:00-04:00,24.405000686645508,24.420000076293945,24.399999618530273,24.415000915527344,12102,0.0,0.0
2024-09-19 14:05:00-04:00,24.415000915527344,24.415000915527344,24.3799991607666,24.385000228881836,9218,0.0,0.0
2024-09-19 14:10:00-04:00,24.385000228881836,24.385000228881836,24.360000610351562,24.3700008392334,19451,0.0,0.0
2024-09-19 14:15:00-04:00,24.364999771118164,24.364999771118164,24.329999923706055,24.34000015258789,13653,0.0,0.0
2024-09-19 14:20:00-04:00,24.344999313354492,24.3700008392334,24.344999313354492,24.364999771118164,18776,0.0,0.0
2024-09-19 14:25:00-04:00,24.360000610351562,24.375,24.354999542236328,24.375,16727,0.0,0.0
2024-09-19 14:30:00-04:00,24.3799991607666,24.3799991607666,24.35110092163086,24.355844497680664,11096,0.0,0.0
2024-09-19 14:35:00-04:00,24.354999542236328,24.3799991607666,24.350000381469727,24.3700008392334,14699,0.0,0.0
2024-09-19 14:40:00-04:00,24.3700008392334,24.3700008392334,24.364999771118164,24.364999771118164,3179,0.0,0.0
2024-09-19 14:45:00-04:00,24.364999771118164,24.364999771118164,24.334999084472656,24.334999084472656,19388,0.0,0.0
2024-09-19 14:50:00-04:00,24.334999084472656,24.34000015258789,24.325000762939453,24.34000015258789,8384,0.0,0.0
2024-09-19 14:55:00-04:00,24.344999313354492,24.354999542236328,24.334999084472656,24.350000381469727,16423,0.0,0.0
2024-09-19 15:00:00-04:00,24.350000381469727,24.3700008392334,24.344999313354492,24.360000610351562,53953,0.0,0.0
2024-09-19 15:05:00-04:00,24.354999542236328,24.354999542236328,24.329999923706055,24.334999084472656,9605,0.0,0.0
2024-09-19 15:10:00-04:00,24.334999084472656,24.344999313354492,24.31999969482422,24.31999969482422,22162,0.0,0.0
2024-09-19 15:15:00-04:00,24.325000762939453,24.329999923706055,24.30500030517578,24.309999465942383,19936,0.0,0.0
2024-09-19 15:20:00-04:00,24.309999465942383,24.329999923706055,24.295000076293945,24.325000762939453,21498,0.0,0.0
2024-09-19 15:25:00-04:00,24.325000762939453,24.334999084472656,24.315000534057617,24.334999084472656,9649,0.0,0.0
2024-09-19 15:30:00-04:00,24.329999923706055,24.350000381469727,24.325000762939453,24.344999313354492,52812,0.0,0.0
2024-09-19 15:35:00-04:00,24.344999313354492,24.360000610351562,24.33009910583496,24.344999313354492,33015,0.0,0.0
2024-09-19 15:40:00-04:00,24.344999313354492,24.408000946044922,24.344999313354492,24.375,99613,0.0,0.0
2024-09-19 15:45:00-04:00,24.375,24.385000228881836,24.3700008392334,24.375,37440,0.0,0.0
2024-09-19 15:50:00-04:00,24.3799991607666,24.389999389648438,24.350000381469727,24.3700008392334,58866,0.0,0.0
2024-09-19 15:55:00-04:00,24.364999771118164,24.375,24.350000381469727,24.3700008392334,178150,0.0,0.0
2024-09-20 09:30:00-04:00,24.06999969482422,24.06999969482422,24.0,24.010000228881836,86146,0.0,0.0
2024-09-20 09:35:00-04:00,24.0049991607666,24.020000457763672,23.96500015258789,24.010000228881836,33608,0.0,0.0
2024-09-20 09:40:00-04:00,24.0,24.0,23.940000534057617,23.940000534057617,22771,0.0,0.0
2024-09-20 09:45:00-04:00,23.950000762939453,23.950000762939453,23.8700008392334,23.887399673461914,27615,0.0,0.0
2024-09-20 09:50:00-04:00,23.885000228881836,23.895000457763672,23.854999542236328,23.875,33588,0.0,0.0
2024-09-20 09:55:00-04:00,23.8799991607666,23.889999389648438,23.854999542236328,23.860000610351562,52911,0.0,0.0
2024-09-20 10:00:00-04:00,23.860000610351562,23.860000610351562,23.7549991607666,23.7549991607666,70622,0.0,0.0
2024-09-20 10:05:00-04:00,23.760000228881836,23.79010009765625,23.739999771118164,23.780000686645508,22758,0.0,0.0
2024-09-20 10:10:00-04:00,23.780000686645508,23.790000915527344,23.719999313354492,23.729999542236328,9409,0.0,0.0
2024-09-20 10:15:00-04:00,23.729999542236328,23.774999618530273,23.729999542236328,23.774999618530273,23316,0.0,0.0
2024-09-20 10:20:00-04:00,23.780000686645508,23.780000686645508,23.760000228881836,23.764999389648438,21800,0.0,0.0
2024-09-20 10:25:00-04:00,23.760000228881836,23.790000915527344,23.760000228881836,23.78499984741211,21052,0.0,0.0
2024-09-20 10:30:00-04:00,23.780000686645508,23.829999923706055,23.780000686645508,23.81999969482422,33079,0.0,0.0
2024-09-20 10:35:00-04:00,23.81999969482422,23.81999969482422,23.790000915527344,23.799999237060547,10191,0.0,0.0
2024-09-20 10:40:00-04:00,23.790000915527344,23.809999465942383,23.774999618530273,23.774999618530273,12817,0.0,0.0
2024-09-20 10:45:00-04:00,23.774999618530273,23.799999237060547,23.774999618530273,23.780000686645508,13699,0.0,0.0
2024-09-20 10:50:00-04:00,23.789899826049805,23.790000915527344,23.75,23.764999389648438,13892,0.0,0.0
2024-09-20 10:55:00-04:00,23.760000228881836,23.764999389648438,23.7450008392334,23.7549991607666,37368,0.0,0.0
2024-09-20 11:00:00-04:00,23.7549991607666,23.780000686645508,23.729999542236328,23.7450008392334,20510,0.0,0.0
2024-09-20 11:05:00-04:00,23.7450008392334,23.770000457763672,23.7450008392334,23.7549991607666,10657,0.0,0.0
2024-09-20 11:10:00-04:00,23.75,23.770000457763672,23.75,23.7549991607666,16802,0.0,0.0
2024-09-20 11:15:00-04:00,23.75,23.790000915527344,23.7450008392334,23.780000686645508,9164,0.0,0.0
2024-09-20 11:20:00-04:00,23.774999618530273,23.795000076293945,23.764999389648438,23.795000076293945,12382,0.0,0.0
2024-09-20 11:25:00-04:00,23.799999237060547,23.815000534057617,23.799999237060547,23.809999465942383,7389,0.0,0.0
2024-09-20 11:30:00-04:00,23.80500030517578,23.934999465942383,23.80500030517578,23.905000686645508,217053,0.0,0.0
2024-09-20 11:35:00-04:00,23.899999618530273,23.924999237060547,23.885000228881836,23.905000686645508,14793,0.0,0.0
2024-09-20 11:40:00-04:00,23.905000686645508,23.989999771118164,23.905000686645508,23.979999542236328,12077,0.0,0.0
2024-09-20 11:45:00-04:00,23.959999084472656,23.975000381469727,23.950000762939453,23.954999923706055,3005,0.0,0.0
2024-09-20 11:50:00-04:00,23.959999084472656,23.969999313354492,23.934999465942383,23.94499969482422,5740,0.0,0.0
2024-09-20 11:55:00-04:00,23.950000762939453,23.969999313354492,23.950000762939453,23.950000762939453,7770,0.0,0.0
2024-09-20 12:00:00-04:00,23.94499969482422,23.94499969482422,23.915000915527344,23.934999465942383,4934,0.0,0.0
2024-09-20 12:05:00-04:00,23.93000030517578,23.93000030517578,23.915000915527344,23.924999237060547,5145,0.0,0.0
2024-09-20 12:10:00-04:00,23.924999237060547,23.924999237060547,23.915000915527344,23.924999237060547,3499,0.0,0.0
2024-09-20 12:15:00-04:00,23.924999237060547,23.940000534057617,23.915000915527344,23.940000534057617,7255,0.0,0.0
2024-09-20 12:20:00-04:00,23.940000534057617,23.959999084472656,23.940000534057617,23.959999084472656,3997,0.0,0.0
2024-09-20 12:25:00-04:00,23.975000381469727,23.975000381469727,23.94499969482422,23.94499969482422,12356,0.0,0.0
2024-09-20 12:30:00-04:00,23.950000762939453,23.950000762939453,23.930099487304688,23.930099487304688,3215,0.0,0.0
2024-09-20 12:35:00-04:00,23.934999465942383,23.975000381469727,23.934999465942383,23.975000381469727,10332,0.0,0.0
2024-09-20 12:40:00-04:00,23.975000381469727,23.989999771118164,23.975000381469727,23.979999542236328,6414,0.0,0.0
2024-09-20 12:45:00-04:00,23.969999313354492,23.975000381469727,23.96500015258789,23.975000381469727,2982,0.0,0.0
2024-09-20 12:50:00-04:00,23.975000381469727,23.975000381469727,23.96500015258789,23.96500015258789,9037,0.0,0.0
2024-09-20 12:55:00-04:00,23.969999313354492,23.975000381469727,23.961599349975586,23.96500015258789,6760,0.0,0.0
2024-09-20 13:00:00-04:00,23.959999084472656,23.960100173950195,23.94499969482422,23.94499969482422,7454,0.0,0.0
2024-09-20 13:05:00-04:00,23.950000762939453,23.954999923706055,23.950000762939453,23.954999923706055,2293,0.0,0.0
2024-09-20 13:10:00-04:00,23.950000762939453,23.950000762939453,23.934999465942383,23.94499969482422,3854,0.0,0.0
2024-09-20 13:15:00-04:00,23.940000534057617,23.94499969482422,23.93000030517578,23.94499969482422,2889,0.0,0.0
2024-09-20 13:20:00-04:00,23.94499969482422,23.954999923706055,23.924999237060547,23.93000030517578,8585,0.0,0.0
2024-09-20 13:25:00-04:00,23.93000030517578,23.93000030517578,23.899999618530273,23.905000686645508,1758,0.0,0.0
2024-09-20 13:30:00-04:00,23.905000686645508,23.924999237060547,23.905000686645508,23.920000076293945,2918,0.0,0.0
2024-09-20 13:35:00-04:00,23.915000915527344,23.920000076293945,23.905000686645508,23.90999984741211,8247,0.0,0.0
2024-09-20 13:40:00-04:00,23.915000915527344,23.924999237060547,23.899999618530273,23.920000076293945,7647,0.0,0.0
2024-09-20 13:45:00-04:00,23.920000076293945,23.93000030517578,23.914400100708008,23.915000915527344,7240,0.0,0.0
2024-09-20 13:50:00-04:00,23.90999984741211,23.920000076293945,23.905000686645508,23.915000915527344,9870,0.0,0.0
2024-09-20 13:55:00-04:00,23.90999984741211,23.924999237060547,23.90999984741211,23.90999984741211,12628,0.0,0.0
2024-09-20 14:00:00-04:00,23.915000915527344,23.915000915527344,23.875,23.885000228881836,6010,0.0,0.0
2024-09-20 14:05:00-04:00,23.885000228881836,23.895000457763672,23.854999542236328,23.854999542236328,8248,0.0,0.0
2024-09-20 14:10:00-04:00,23.854999542236328,23.905000686645508,23.854999542236328,23.895000457763672,11613,0.0,0.0
2024-09-20 14:15:00-04:00,23.895000457763672,23.895000457763672,23.8799991607666,23.895000457763672,10354,0.0,0.0
2024-09-20 14:20:00-04:00,23.895000457763672,23.905000686645508,23.8799991607666,23.8799991607666,28958,0.0,0.0
2024-09-20 14:25:00-04:00,23.875,23.875,23.854999542236328,23.854999542236328,6740,0.0,0.0
2024-09-20 14:30:00-04:00,23.854999542236328,23.864999771118164,23.844999313354492,23.860000610351562,8628,0.0,0.0
2024-09-20 14:35:00-04:00,23.854999542236328,23.87980079650879,23.852500915527344,23.87980079650879,5577,0.0,0.0
2024-09-20 14:40:00-04:00,23.8700008392334,23.8700008392334,23.850000381469727,23.8700008392334,12757,0.0,0.0
2024-09-20 14:45:00-04:00,23.864999771118164,23.875,23.860000610351562,23.875,4992,0.0,0.0
2024-09-20 14:50:00-04:00,23.875,23.889999389648438,23.8700008392334,23.889999389648438,3511,0.0,0.0
2024-09-20 14:55:00-04:00,23.889999389648438,23.905000686645508,23.885000228881836,23.885000228881836,12131,0.0,0.0
2024-09-20 15:00:00-04:00,23.885000228881836,23.905000686645508,23.8799991607666,23.895000457763672,8246,0.0,0.0
2024-09-20 15:05:00-04:00,23.889999389648438,23.895000457763672,23.885000228881836,23.885000228881836,6360,0.0,0.0
2024-09-20 15:10:00-04:00,23.885000228881836,23.889999389648438,23.875,23.889999389648438,10708,0.0,0.0
2024-09-20 15:15:00-04:00,23.895000457763672,23.934999465942383,23.895000457763672,23.934999465942383,9092,0.0,0.0
2024-09-20 15:20:00-04:00,23.93000030517578,23.954999923706055,23.93000030517578,23.950000762939453,27628,0.0,0.0
2024-09-20 15:25:00-04:00,23.94499969482422,23.96500015258789,23.94499969482422,23.954999923706055,10935,0.0,0.0
2024-09-20 15:30:00-04:00,23.954999923706055,23.96500015258789,23.950000762939453,23.950000762939453,16950,0.0,0.0
2024-09-20 15:35:00-04:00,23.950000762939453,24.014999389648438,23.940000534057617,24.0,27103,0.0,0.0
2024-09-20 15:40:00-04:00,24.0,24.014999389648438,23.989999771118164,24.0049991607666,10141,0.0,0.0
2024-09-20 15:45:00-04:00,24.0049991607666,24.0049991607666,23.975000381469727,23.979999542236328,26315,0.0,0.0
2024-09-20 15:50:00-04:00,23.989999771118164,24.010000228881836,23.969999313354492,23.9950008392334,82294,0.0,0.0
2024-09-20 15:55:00-04:00,24.0,24.0,23.969999313354492,23.975000381469727,127020,0.0,0.0
2024-09-23 09:30:00-04:00,23.790000915527344,23.829999923706055,23.764999389648438,23.780000686645508,86302,0.0,0.0
2024-09-23 09:35:00-04:00,23.774999618530273,23.8799991607666,23.774999618530273,23.864999771118164,26043,0.0,0.0
2024-09-23 09:40:00-04:00,23.8700008392334,23.899999618530273,23.854999542236328,23.889999389648438,38335,0.0,0.0
2024-09-23 09:45:00-04:00,23.889999389648438,23.889999389648438,23.774999618530273,23.809999465942383,21010,0.0,0.0
2024-09-23 09:50:00-04:00,23.81999969482422,23.854999542236328,23.80500030517578,23.829999923706055,17272,0.0,0.0
2024-09-23 09:55:00-04:00,23.829999923706055,23.8700008392334,23.81999969482422,23.8700008392334,10107,0.0,0.0
2024-09-23 10:00:00-04:00,23.860000610351562,23.899999618530273,23.860000610351562,23.885000228881836,12527,0.0,0.0
2024-09-23 10:05:00-04:00,23.889999389648438,23.90999984741211,23.8700008392334,23.889999389648438,9231,0.0,0.0
2024-09-23 10:10:00-04:00,23.90999984741211,23.924999237060547,23.875,23.8799991607666,9463,0.0,0.0
2024-09-23 10:15:00-04:00,23.8799991607666,23.920000076293945,23.8799991607666,23.90999984741211,12610,0.0,0.0
2024-09-23 10:20:00-04:00,23.915000915527344,23.940099716186523,23.905000686645508,23.90999984741211,10296,0.0,0.0
2024-09-23 10:25:00-04:00,23.90999984741211,23.920000076293945,23.899999618530273,23.90999984741211,14618,0.0,0.0
2024-09-23 10:30:00-04:00,23.90999984741211,23.920000076293945,23.889999389648438,23.899999618530273,10014,0.0,0.0
2024-09-23 10:35:00-04:00,23.899999618530273,23.905000686645508,23.875,23.875,10026,0.0,0.0
2024-09-23 10:40:00-04:00,23.8700008392334,23.90999984741211,23.8700008392334,23.895000457763672,9770,0.0,0.0
2024-09-23 10:45:00-04:00,23.899999618530273,23.90999984741211,23.8799991607666,23.885000228881836,14557,0.0,0.0
2024-09-23 10:50:00-04:00,23.889999389648438,23.895000457763672,23.885000228881836,23.895000457763672,2497,0.0,0.0
2024-09-23 10:55:00-04:00,23.885000228881836,23.90999984741211,23.875,23.90999984741211,12474,0.0,0.0
2024-09-23 11:00:00-04:00,23.90999984741211,23.90999984741211,23.8799991607666,23.8799991607666,12881,0.0,0.0
2024-09-23 11:05:00-04:00,23.8799991607666,23.8799991607666,23.854999542236328,23.854999542236328,14055,0.0,0.0
2024-09-23 11:10:00-04:00,23.854999542236328,23.889999389648438,23.854999542236328,23.875,62200,0.0,0.0
2024-09-23 11:15:00-04:00,23.875,23.889999389648438,23.875,23.885000228881836,28261,0.0,0.0
2024-09-23 11:20:00-04:00,23.885000228881836,23.90999984741211,23.885000228881836,23.895000457763672,14694,0.0,0.0
2024-09-23 11:25:00-04:00,23.899999618530273,23.899999618530273,23.850000381469727,23.850000381469727,16808,0.0,0.0
2024-09-23 11:30:00-04:00,23.84000015258789,23.844999313354492,23.829999923706055,23.829999923706055,2295,0.0,0.0
2024-09-23 11:35:00-04:00,23.829999923706055,23.844999313354492,23.829999923706055,23.844999313354492,3836,0.0,0.0
2024-09-23 11:40:00-04:00,23.850000381469727,23.850000381469727,23.829999923706055,23.834999084472656,3705,0.0,0.0
2024-09-23 11:45:00-04:00,23.84000015258789,23.84000015258789,23.825000762939453,23.829999923706055,9833,0.0,0.0
2024-09-23 11:50:00-04:00,23.829999923706055,23.829999923706055,23.809999465942383,23.809999465942383,3835,0.0,0.0
2024-09-23 11:55:00-04:00,23.81800079345703,23.81800079345703,23.790000915527344,23.809999465942383,5200,0.0,0.0
2024-09-23 12:00:00-04:00,23.809999465942383,23.809999465942383,23.78499984741211,23.78499984741211,2506,0.0,0.0
2024-09-23 12:05:00-04:00,23.780000686645508,23.790000915527344,23.780000686645508,23.780000686645508,1704,0.0,0.0
2024-09-23 12:10:00-04:00,23.770000457763672,23.774999618530273,23.75,23.75,9655,0.0,0.0
2024-09-23 12:15:00-04:00,23.739999771118164,23.764999389648438,23.729999542236328,23.760000228881836,4574,0.0,0.0
2024-09-23 12:20:00-04:00,23.760000228881836,23.764999389648438,23.7549991607666,23.760000228881836,4407,0.0,0.0
2024-09-23 12:25:00-04:00,23.764999389648438,23.764999389648438,23.7549991607666,23.760000228881836,5630,0.0,0.0
2024-09-23 12:30:00-04:00,23.760000228881836,23.760000228881836,23.729999542236328,23.7450008392334,7851,0.0,0.0
2024-09-23 12:35:00-04:00,23.75,23.7549991607666,23.7450008392334,23.7549991607666,3061,0.0,0.0
2024-09-23 12:40:00-04:00,23.760000228881836,23.774999618530273,23.7549991607666,23.7549991607666,3073,0.0,0.0
2024-09-23 12:45:00-04:00,23.7549991607666,23.774999618530273,23.7549991607666,23.774999618530273,3119,0.0,0.0
2024-09-23 12:50:00-04:00,23.780000686645508,23.790000915527344,23.780000686645508,23.790000915527344,2296,0.0,0.0
2024-09-23 12:55:00-04:00,23.78499984741211,23.809999465942383,23.78499984741211,23.799999237060547,16439,0.0,0.0
2024-09-23 13:00:00-04:00,23.799999237060547,23.799999237060547,23.770000457763672,23.78499984741211,6828,0.0,0.0
2024-09-23 13:05:00-04:00,23.771099090576172,23.80500030517578,23.764999389648438,23.80500030517578,6477,0.0,0.0
2024-09-23 13:10:00-04:00,23.80500030517578,23.81999969482422,23.799999237060547,23.80500030517578,4217,0.0,0.0
2024-09-23 13:15:00-04:00,23.799999237060547,23.799999237060547,23.780000686645508,23.795000076293945,6580,0.0,0.0
2024-09-23 13:20:00-04:00,23.799999237060547,23.809999465942383,23.795000076293945,23.795000076293945,3100,0.0,0.0
2024-09-23 13:25:00-04:00,23.790000915527344,23.825000762939453,23.790000915527344,23.822500228881836,10283,0.0,0.0
2024-09-23 13:30:00-04:00,23.81999969482422,23.825000762939453,23.815000534057617,23.81999969482422,4189,0.0,0.0
2024-09-23 13:35:00-04:00,23.834999084472656,23.834999084472656,23.825000762939453,23.825000762939453,1920,0.0,0.0
2024-09-23 13:40:00-04:00,23.81999969482422,23.81999969482422,23.815000534057617,23.81999969482422,3692,0.0,0.0
2024-09-23 13:45:00-04:00,23.815000534057617,23.829999923706055,23.809999465942383,23.829999923706055,4002,0.0,0.0
2024-09-23 13:50:00-04:00,23.83639907836914,23.83639907836914,23.815000534057617,23.815000534057617,1739,0.0,0.0
2024-09-23 13:55:00-04:00,23.809999465942383,23.815000534057617,23.799999237060547,23.809999465942383,2778,0.0,0.0
2024-09-23 14:00:00-04:00,23.809999465942383,23.809999465942383,23.7549991607666,23.760000228881836,5806,0.0,0.0
2024-09-23 14:05:00-04:00,23.760000228881836,23.78499984741211,23.760000228881836,23.78499984741211,4466,0.0,0.0
2024-09-23 14:10:00-04:00,23.774999618530273,23.78499984741211,23.774999618530273,23.780000686645508,5171,0.0,0.0
2024-09-23 14:15:00-04:00,23.780000686645508,23.795000076293945,23.774999618530273,23.795000076293945,2792,0.0,0.0
2024-09-23 14:20:00-04:00,23.799999237060547,23.80500030517578,23.790000915527344,23.795000076293945,5219,0.0,0.0
2024-09-23 14:25:00-04:00,23.795000076293945,23.809999465942383,23.78499984741211,23.80500030517578,15971,0.0,0.0
2024-09-23 14:30:00-04:00,23.799999237060547,23.815000534057617,23.799999237060547,23.815000534057617,11687,0.0,0.0
2024-09-23 14:35:00-04:00,23.809999465942383,23.81999969482422,23.80500030517578,23.80500030517578,13306,0.0,0.0
2024-09-23 14:40:00-04:00,23.80500030517578,23.809999465942383,23.80120086669922,23.80500030517578,5073,0.0,0.0
2024-09-23 14:45:00-04:00,23.799999237060547,23.80500030517578,23.799999237060547,23.799999237060547,1816,0.0,0.0
2024-09-23 14:50:00-04:00,23.799999237060547,23.799999237060547,23.780000686645508,23.780000686645508,7451,0.0,0.0
2024-09-23 14:55:00-04:00,23.78499984741211,23.790000915527344,23.770000457763672,23.78499984741211,7277,0.0,0.0
2024-09-23 15:00:00-04:00,23.780000686645508,23.790000915527344,23.764999389648438,23.790000915527344,9950,0.0,0.0
2024-09-23 15:05:00-04:00,23.780000686645508,23.780000686645508,23.760000228881836,23.774999618530273,9090,0.0,0.0
2024-09-23 15:10:00-04:00,23.774999618530273,23.790000915527344,23.774999618530273,23.774999618530273,6229,0.0,0.0
2024-09-23 15:15:00-04:00,23.770000457763672,23.774999618530273,23.770000457763672,23.770000457763672,3720,0.0,0.0
2024-09-23 15:20:00-04:00,23.770000457763672,23.774999618530273,23.760000228881836,23.770000457763672,10898,0.0,0.0
2024-09-23 15:25:00-04:00,23.770000457763672,23.790000915527344,23.764999389648438,23.78499984741211,20822,0.0,0.0
2024-09-23 15:30:00-04:00,23.780000686645508,23.795000076293945,23.764999389648438,23.795000076293945,19300,0.0,0.0
2024-09-23 15:35:00-04:00,23.795000076293945,23.795000076293945,23.760000228881836,23.774999618530273,20121,0.0,0.0
2024-09-23 15:40:00-04:00,23.774999618530273,23.78499984741211,23.75,23.75,20476,0.0,0.0
2024-09-23 15:45:00-04:00,23.75,23.78499984741211,23.75,23.78499984741211,26332,0.0,0.0
2024-09-23 15:50:00-04:00,23.780000686645508,23.78499984741211,23.760000228881836,23.760000228881836,69509,0.0,0.0
2024-09-23 15:55:00-04:00,23.760000228881836,23.790000915527344,23.7549991607666,23.78499984741211,98835,0.0,0.0
2024-09-24 09:30:00-04:00,24.84000015258789,24.8700008392334,24.735000610351562,24.78499984741211,234271,0.0,0.0
2024-09-24 09:35:00-04:00,24.790000915527344,24.829999923706055,24.78499984741211,24.829999923706055,21317,0.0,0.0
2024-09-24 09:40:00-04:00,24.825000762939453,24.875,24.81999969482422,24.854999542236328,43810,0.0,0.0
2024-09-24 09:45:00-04:00,24.850000381469727,24.864999771118164,24.850000381469727,24.854999542236328,7760,0.0,0.0
2024-09-24 09:50:00-04:00,24.850000381469727,24.905000686645508,24.81999969482422,24.905000686645508,29341,0.0,0.0
2024-09-24 09:55:00-04:00,24.905000686645508,24.959999084472656,24.889999389648438,24.954999923706055,62958,0.0,0.0
2024-09-24 10:00:00-04:00,24.969999313354492,24.969999313354492,24.875,24.94499969482422,37039,0.0,0.0
2024-09-24 10:05:00-04:00,24.924999237060547,24.990699768066406,24.924999237060547,24.985000610351562,10992,0.0,0.0
2024-09-24 10:10:00-04:00,24.989999771118164,25.011899948120117,24.989999771118164,24.9950008392334,31694,0.0,0.0
2024-09-24 10:15:00-04:00,24.9950008392334,25.014999389648438,24.959999084472656,24.96500015258789,23808,0.0,0.0
2024-09-24 10:20:00-04:00,24.969999313354492,25.020000457763672,24.954999923706055,24.989999771118164,69368,0.0,0.0
2024-09-24 10:25:00-04:00,24.985000610351562,25.020000457763672,24.969999313354492,24.9950008392334,100041,0.0,0.0
2024-09-24 10:30:00-04:00,25.0,25.010000228881836,24.954999923706055,24.954999923706055,27981,0.0,0.0
2024-09-24 10:35:00-04:00,24.950000762939453,24.954999923706055,24.885000228881836,24.894678115844727,21836,0.0,0.0
2024-09-24 10:40:00-04:00,24.897199630737305,24.934999465942383,24.8700008392334,24.924999237060547,27469,0.0,0.0
2024-09-24 10:45:00-04:00,24.93000030517578,24.950000762939453,24.93000030517578,24.950000762939453,7131,0.0,0.0
2024-09-24 10:50:00-04:00,24.959999084472656,24.9950008392334,24.954999923706055,24.9950008392334,13591,0.0,0.0
2024-09-24 10:55:00-04:00,24.9950008392334,25.040000915527344,24.9950008392334,25.030000686645508,13958,0.0,0.0
2024-09-24 11:00:00-04:00,25.03499984741211,25.040000915527344,25.010000228881836,25.040000915527344,10960,0.0,0.0
2024-09-24 11:05:00-04:00,25.030000686645508,25.079999923706055,25.030000686645508,25.079999923706055,15552,0.0,0.0
2024-09-24 11:10:00-04:00,25.079999923706055,25.100000381469727,25.040000915527344,25.100000381469727,94526,0.0,0.0
2024-09-24 11:15:00-04:00,25.094999313354492,25.100000381469727,25.059999465942383,25.084999084472656,70435,0.0,0.0
2024-09-24 11:20:00-04:00,25.084999084472656,25.084999084472656,25.049999237060547,25.059999465942383,12457,0.0,0.0
2024-09-24 11:25:00-04:00,25.065000534057617,25.09000015258789,25.059999465942383,25.079999923706055,19531,0.0,0.0
2024-09-24 11:30:00-04:00,25.06999969482422,25.075000762939453,25.0,25.010000228881836,123660,0.0,0.0
2024-09-24 11:35:00-04:00,25.020000457763672,25.020000457763672,24.9950008392334,25.010000228881836,30548,0.0,0.0
2024-09-24 11:40:00-04:00,25.010000228881836,25.010000228881836,24.975000381469727,24.975000381469727,8614,0.0,0.0
2024-09-24 11:45:00-04:00,24.969999313354492,24.969999313354492,24.959999084472656,24.96500015258789,4844,0.0,0.0
2024-09-24 11:50:00-04:00,24.959999084472656,25.0,24.959999084472656,24.979999542236328,10120,0.0,0.0
2024-09-24 11:55:00-04:00,25.0,25.010000228881836,24.985000610351562,24.985000610351562,6306,0.0,0.0
2024-09-24 12:00:00-04:00,24.985000610351562,25.014999389648438,24.985000610351562,25.010000228881836,4377,0.0,0.0
2024-09-24 12:05:00-04:00,25.010000228881836,25.040000915527344,25.010000228881836,25.040000915527344,4809,0.0,0.0
2024-09-24 12:10:00-04:00,25.030000686645508,25.05500030517578,25.030000686645508,25.03969955444336,9629,0.0,0.0
2024-09-24 12:15:00-04:00,25.040000915527344,25.049999237060547,25.03499984741211,25.03499984741211,4006,0.0,0.0
2024-09-24 12:20:00-04:00,25.03499984741211,25.040000915527344,25.0049991607666,25.0049991607666,11091,0.0,0.0
2024-09-24 12:25:00-04:00,25.0049991607666,25.0049991607666,24.9950008392334,25.0,5064,0.0,0.0
2024-09-24 12:30:00-04:00,24.9950008392334,25.0,24.985000610351562,25.0,3959,0.0,0.0
2024-09-24 12:35:00-04:00,25.010000228881836,25.040000915527344,25.0,25.040000915527344,6468,0.0,0.0
2024-09-24 12:40:00-04:00,25.040000915527344,25.065000534057617,25.034000396728516,25.052499771118164,7621,0.0,0.0
2024-09-24 12:45:00-04:00,25.05500030517578,25.05500030517578,25.040000915527344,25.045000076293945,5012,0.0,0.0
2024-09-24 12:50:00-04:00,25.040800094604492,25.06999969482422,25.040800094604492,25.059999465942383,25204,0.0,0.0
2024-09-24 12:55:00-04:00,25.050199508666992,25.059999465942383,25.050100326538086,25.05500030517578,4511,0.0,0.0
2024-09-24 13:00:00-04:00,25.05500030517578,25.065000534057617,25.040000915527344,25.05500030517578,7869,0.0,0.0
2024-09-24 13:05:00-04:00,25.049999237060547,25.05500030517578,25.049999237060547,25.049999237060547,5691,0.0,0.0
2024-09-24 13:10:00-04:00,25.05500030517578,25.065000534057617,25.05500030517578,25.065000534057617,5808,0.0,0.0
2024-09-24 13:15:00-04:00,25.065000534057617,25.065000534057617,25.05500030517578,25.05500030517578,3840,0.0,0.0
2024-09-24 13:20:00-04:00,25.059999465942383,25.065000534057617,25.049999237060547,25.05500030517578,4275,0.0,0.0
2024-09-24 13:25:00-04:00,25.05500030517578,25.05500030517578,25.04129981994629,25.045000076293945,5005,0.0,0.0
2024-09-24 13:30:00-04:00,25.045000076293945,25.06999969482422,25.03499984741211,25.06999969482422,6061,0.0,0.0
2024-09-24 13:35:00-04:00,25.059999465942383,25.065000534057617,25.049999237060547,25.05500030517578,9021,0.0,0.0
2024-09-24 13:40:00-04:00,25.05500030517578,25.065000534057617,25.05500030517578,25.065000534057617,2364,0.0,0.0
2024-09-24 13:45:00-04:00,25.065000534057617,25.065000534057617,25.049999237060547,25.049999237060547,8986,0.0,0.0
2024-09-24 13:50:00-04:00,25.049999237060547,25.065000534057617,25.049999237060547,25.065000534057617,6188,0.0,0.0
2024-09-24 13:55:00-04:00,25.065000534057617,25.065000534057617,25.05500030517578,25.05500030517578,5359,0.0,0.0
2024-09-24 14:00:00-04:00,25.059999465942383,25.075000762939453,25.045000076293945,25.045000076293945,17605,0.0,0.0
2024-09-24 14:05:00-04:00,25.049999237060547,25.059999465942383,25.03499984741211,25.049999237060547,17767,0.0,0.0
2024-09-24 14:10:00-04:00,25.030000686645508,25.030000686645508,25.014999389648438,25.014999389648438,4787,0.0,0.0
2024-09-24 14:15:00-04:00,25.014999389648438,25.024999618530273,25.010000228881836,25.024999618530273,9550,0.0,0.0
2024-09-24 14:20:00-04:00,25.023000717163086,25.045000076293945,25.020000457763672,25.045000076293945,4376,0.0,0.0
2024-09-24 14:25:00-04:00,25.045000076293945,25.059999465942383,25.040000915527344,25.059999465942383,7996,0.0,0.0
2024-09-24 14:30:00-04:00,25.065000534057617,25.079999923706055,25.049999237060547,25.079999923706055,10937,0.0,0.0
2024-09-24 14:35:00-04:00,25.084999084472656,25.084999084472656,25.06999969482422,25.075000762939453,15950,0.0,0.0
2024-09-24 14:40:00-04:00,25.075000762939453,25.075000762939453,25.059999465942383,25.06999969482422,6932,0.0,0.0
2024-09-24 14:45:00-04:00,25.065000534057617,25.06999969482422,25.049999237060547,25.049999237060547,5851,0.0,0.0
2024-09-24 14:50:00-04:00,25.045000076293945,25.059999465942383,25.045000076293945,25.05500030517578,8866,0.0,0.0
2024-09-24 14:55:00-04:00,25.05500030517578,25.059999465942383,25.049999237060547,25.059999465942383,4293,0.0,0.0
2024-09-24 15:00:00-04:00,25.05500030517578,25.06999969482422,25.05500030517578,25.06999969482422,26431,0.0,0.0
2024-09-24 15:05:00-04:00,25.06999969482422,25.06999969482422,25.05500030517578,25.05500030517578,9527,0.0,0.0
2024-09-24 15:10:00-04:00,25.05500030517578,25.059999465942383,25.049999237060547,25.059999465942383,7018,0.0,0.0
2024-09-24 15:15:00-04:00,25.059999465942383,25.075000762939453,25.049999237060547,25.06999969482422,18710,0.0,0.0
2024-09-24 15:20:00-04:00,25.06999969482422,25.079999923706055,25.065000534057617,25.06999969482422,23657,0.0,0.0
2024-09-24 15:25:00-04:00,25.065000534057617,25.065000534057617,25.05500030517578,25.065000534057617,13722,0.0,0.0
2024-09-24 15:30:00-04:00,25.065000534057617,25.065000534057617,25.050199508666992,25.05500030517578,26449,0.0,0.0
2024-09-24 15:35:00-04:00,25.05500030517578,25.059999465942383,25.010000228881836,25.024999618530273,42149,0.0,0.0
2024-09-24 15:40:00-04:00,25.024999618530273,25.040000915527344,25.024999618530273,25.03499984741211,20527,0.0,0.0
2024-09-24 15:45:00-04:00,25.03499984741211,25.05500030517578,25.030000686645508,25.03499984741211,42858,0.0,0.0
2024-09-24 15:50:00-04:00,25.030000686645508,25.030000686645508,24.96500015258789,25.010000228881836,101732,0.0,0.0
2024-09-24 15:55:00-04:00,25.0049991607666,25.020000457763672,24.9950008392334,25.020000457763672,172854,0.0,0.0
2024-09-25 09:30:00-04:00,25.06999969482422,25.06999969482422,24.940000534057617,24.96500015258789,156317,0.0,0.0
2024-09-25 09:35:00-04:00,24.969999313354492,24.989999771118164,24.950000762939453,24.979999542236328,25391,0.0,0.0
2024-09-25 09:40:00-04:00,25.0,25.0,24.924999237060547,24.940000534057617,19258,0.0,0.0
2024-09-25 09:45:00-04:00,24.940000534057617,24.940000534057617,24.889999389648438,24.889999389648438,23390,0.0,0.0
2024-09-25 09:50:00-04:00,24.895000457763672,24.920000076293945,24.8700008392334,24.915000915527344,20584,0.0,0.0
2024-09-25 09:55:00-04:00,24.90999984741211,24.920000076293945,24.875,24.895000457763672,32656,0.0,0.0
2024-09-25 10:00:00-04:00,24.889999389648438,24.905000686645508,24.860000610351562,24.905000686645508,14182,0.0,0.0
2024-09-25 10:05:00-04:00,24.915000915527344,24.989999771118164,24.905000686645508,24.979999542236328,75427,0.0,0.0
2024-09-25 10:10:00-04:00,24.979999542236328,25.0,24.905000686645508,24.90999984741211,11248,0.0,0.0
2024-09-25 10:15:00-04:00,24.90999984741211,24.93000030517578,24.875,24.875,8224,0.0,0.0
2024-09-25 10:20:00-04:00,24.864999771118164,24.8700008392334,24.854999542236328,24.864999771118164,13448,0.0,0.0
2024-09-25 10:25:00-04:00,24.864999771118164,24.8700008392334,24.850000381469727,24.854999542236328,19707,0.0,0.0
2024-09-25 10:30:00-04:00,24.854999542236328,24.875,24.854999542236328,24.854999542236328,4817,0.0,0.0
2024-09-25 10:35:00-04:00,24.854999542236328,24.889999389648438,24.854999542236328,24.875,11455,0.0,0.0
2024-09-25 10:40:00-04:00,24.87350082397461,24.899999618530273,24.8700008392334,24.8799991607666,9852,0.0,0.0
2024-09-25 10:45:00-04:00,24.875,24.875,24.850000381469727,24.864999771118164,14398,0.0,0.0
2024-09-25 10:50:00-04:00,24.854999542236328,24.864999771118164,24.84000015258789,24.844999313354492,15017,0.0,0.0
2024-09-25 10:55:00-04:00,24.844999313354492,24.8700008392334,24.844999313354492,24.864999771118164,8945,0.0,0.0
2024-09-25 11:00:00-04:00,24.864999771118164,24.889999389648438,24.860000610351562,24.885000228881836,8137,0.0,0.0
2024-09-25 11:05:00-04:00,24.889999389648438,24.889999389648438,24.8700008392334,24.885000228881836,7350,0.0,0.0
2024-09-25 11:10:00-04:00,24.8799991607666,24.8799991607666,24.80500030517578,24.80500030517578,9045,0.0,0.0
2024-09-25 11:15:00-04:00,24.80500030517578,24.80500030517578,24.78499984741211,24.790000915527344,10197,0.0,0.0
2024-09-25 11:20:00-04:00,24.78499984741211,24.84000015258789,24.78499984741211,24.829999923706055,29802,0.0,0.0
2024-09-25 11:25:00-04:00,24.81999969482422,24.829999923706055,24.815000534057617,24.815000534057617,6204,0.0,0.0
2024-09-25 11:30:00-04:00,24.815000534057617,24.815000534057617,24.760000228881836,24.760000228881836,98047,0.0,0.0
2024-09-25 11:35:00-04:00,24.760000228881836,24.770000457763672,24.75,24.764999389648438,39201,0.0,0.0
2024-09-25 11:40:00-04:00,24.764999389648438,24.764999389648438,24.7549991607666,24.7549991607666,16219,0.0,0.0
2024-09-25 11:45:00-04:00,24.760000228881836,24.760000228881836,24.75,24.7549991607666,3105,0.0,0.0
2024-09-25 11:50:00-04:00,24.750999450683594,24.760000228881836,24.72100067138672,24.7549991607666,14627,0.0,0.0
2024-09-25 11:55:00-04:00,24.7549991607666,24.7549991607666,24.71500015258789,24.735000610351562,5145,0.0,0.0
2024-09-25 12:00:00-04:00,24.735000610351562,24.764999389648438,24.735000610351562,24.760000228881836,3031,0.0,0.0
2024-09-25 12:05:00-04:00,24.764999389648438,24.764999389648438,24.725000381469727,24.764999389648438,38834,0.0,0.0
2024-09-25 12:10:00-04:00,24.760000228881836,24.760000228881836,24.729999542236328,24.729999542236328,4209,0.0,0.0
2024-09-25 12:15:00-04:00,24.735000610351562,24.735000610351562,24.701499938964844,24.701499938964844,10458,0.0,0.0
2024-09-25 12:20:00-04:00,24.700000762939453,24.700000762939453,24.68000030517578,24.684999465942383,7068,0.0,0.0
2024-09-25 12:25:00-04:00,24.690000534057617,24.71500015258789,24.690000534057617,24.71500015258789,4112,0.0,0.0
2024-09-25 12:30:00-04:00,24.71500015258789,24.725000381469727,24.690000534057617,24.719999313354492,23679,0.0,0.0
2024-09-25 12:35:00-04:00,24.709999084472656,24.725000381469727,24.68000030517578,24.684999465942383,12140,0.0,0.0
2024-09-25 12:40:00-04:00,24.684999465942383,24.684999465942383,24.649999618530273,24.655000686645508,12921,0.0,0.0
2024-09-25 12:45:00-04:00,24.649999618530273,24.655000686645508,24.6200008392334,24.6200008392334,10016,0.0,0.0
2024-09-25 12:50:00-04:00,24.6299991607666,24.670000076293945,24.6299991607666,24.670000076293945,7000,0.0,0.0
2024-09-25 12:55:00-04:00,24.65999984741211,24.684999465942383,24.65999984741211,24.665000915527344,5442,0.0,0.0
2024-09-25 13:00:00-04:00,24.65999984741211,24.665000915527344,24.635000228881836,24.645000457763672,6314,0.0,0.0
2024-09-25 13:05:00-04:00,24.649999618530273,24.655000686645508,24.6200008392334,24.6200008392334,9437,0.0,0.0
2024-09-25 13:10:00-04:00,24.614999771118164,24.625,24.614999771118164,24.625,1909,0.0,0.0
2024-09-25 13:15:00-04:00,24.625,24.655000686645508,24.625,24.6299991607666,31169,0.0,0.0
2024-09-25 13:20:00-04:00,24.635000228881836,24.635000228881836,24.6200008392334,24.635000228881836,6500,0.0,0.0
2024-09-25 13:25:00-04:00,24.635000228881836,24.635000228881836,24.625,24.625,2223,0.0,0.0
2024-09-25 13:30:00-04:00,24.6200008392334,24.6299991607666,24.600000381469727,24.600000381469727,12589,0.0,0.0
2024-09-25 13:35:00-04:00,24.59000015258789,24.625,24.579999923706055,24.6200008392334,6235,0.0,0.0
2024-09-25 13:40:00-04:00,24.614999771118164,24.625,24.594999313354492,24.625,5269,0.0,0.0
2024-09-25 13:45:00-04:00,24.6200008392334,24.6200008392334,24.610000610351562,24.614999771118164,3107,0.0,0.0
2024-09-25 13:50:00-04:00,24.614999771118164,24.655000686645508,24.614999771118164,24.655000686645508,4952,0.0,0.0
2024-09-25 13:55:00-04:00,24.655000686645508,24.65999984741211,24.649999618530273,24.655000686645508,3113,0.0,0.0
2024-09-25 14:00:00-04:00,24.65999984741211,24.665000915527344,24.639999389648438,24.655000686645508,8940,0.0,0.0
2024-09-25 14:05:00-04:00,24.649999618530273,24.649999618530273,24.645000457763672,24.645000457763672,2691,0.0,0.0
2024-09-25 14:10:00-04:00,24.645000457763672,24.655000686645508,24.645000457763672,24.645000457763672,2778,0.0,0.0
2024-09-25 14:15:00-04:00,24.645000457763672,24.670000076293945,24.635000228881836,24.665000915527344,4662,0.0,0.0
2024-09-25 14:20:00-04:00,24.665000915527344,24.665000915527344,24.649999618530273,24.65999984741211,5185,0.0,0.0
2024-09-25 14:25:00-04:00,24.655000686645508,24.69499969482422,24.655000686645508,24.69499969482422,5842,0.0,0.0
2024-09-25 14:30:00-04:00,24.69499969482422,24.700000762939453,24.684999465942383,24.684999465942383,5136,0.0,0.0
2024-09-25 14:35:00-04:00,24.704999923706055,24.704999923706055,24.690000534057617,24.69499969482422,6539,0.0,0.0
2024-09-25 14:40:00-04:00,24.69499969482422,24.69499969482422,24.68000030517578,24.684999465942383,2055,0.0,0.0
2024-09-25 14:45:00-04:00,24.684999465942383,24.684999465942383,24.68000030517578,24.684999465942383,4363,0.0,0.0
2024-09-25 14:50:00-04:00,24.684999465942383,24.684999465942383,24.674999237060547,24.684999465942383,4829,0.0,0.0
2024-09-25 14:55:00-04:00,24.684999465942383,24.684999465942383,24.674999237060547,24.674999237060547,14373,0.0,0.0
2024-09-25 15:00:00-04:00,24.670000076293945,24.674999237060547,24.65999984741211,24.665000915527344,14386,0.0,0.0
2024-09-25 15:05:00-04:00,24.665000915527344,24.684999465942383,24.665000915527344,24.684999465942383,6033,0.0,0.0
2024-09-25 15:10:00-04:00,24.684999465942383,24.684999465942383,24.639999389648438,24.640499114990234,17795,0.0,0.0
2024-09-25 15:15:00-04:00,24.639999389648438,24.645000457763672,24.625,24.6299991607666,13729,0.0,0.0
2024-09-25 15:20:00-04:00,24.635000228881836,24.645000457763672,24.625,24.625,9870,0.0,0.0
2024-09-25 15:25:00-04:00,24.625,24.6299991607666,24.610000610351562,24.6200008392334,10254,0.0,0.0
2024-09-25 15:30:00-04:00,24.614999771118164,24.6200008392334,24.59000015258789,24.600000381469727,23340,0.0,0.0
2024-09-25 15:35:00-04:00,24.594999313354492,24.604999542236328,24.584999084472656,24.584999084472656,21812,0.0,0.0
2024-09-25 15:40:00-04:00,24.579999923706055,24.594999313354492,24.575000762939453,24.584999084472656,24730,0.0,0.0
2024-09-25 15:45:00-04:00,24.584999084472656,24.625,24.584999084472656,24.625,26558,0.0,0.0
2024-09-25 15:50:00-04:00,24.625,24.649999618530273,24.614999771118164,24.645000457763672,58765,0.0,0.0
2024-09-25 15:55:00-04:00,24.645000457763672,24.700000762939453,24.639999389648438,24.655000686645508,155823,0.0,0.0
2024-09-26 09:30:00-04:00,25.90999984741211,25.940000534057617,25.8799991607666,25.940000534057617,131061,0.0,0.0
2024-09-26 09:35:00-04:00,25.940000534057617,25.969999313354492,25.889999389648438,25.889999389648438,122304,0.0,0.0
2024-09-26 09:40:00-04:00,25.889999389648438,26.010000228881836,25.889999389648438,26.010000228881836,58931,0.0,0.0
2024-09-26 09:45:00-04:00,26.020000457763672,26.05500030517578,25.979999542236328,26.0,23249,0.0,0.0
2024-09-26 09:50:00-04:00,25.989999771118164,25.989999771118164,25.959999084472656,25.989999771118164,10662,0.0,0.0
2024-09-26 09:55:00-04:00,25.979999542236328,26.010000228881836,25.96500015258789,25.9950008392334,10994,0.0,0.0
2024-09-26 10:00:00-04:00,26.0,26.065000534057617,26.0,26.030000686645508,59850,0.0,0.0
2024-09-26 10:05:00-04:00,26.030000686645508,26.049999237060547,26.010000228881836,26.030000686645508,33957,0.0,0.0
2024-09-26 10:10:00-04:00,26.030000686645508,26.1299991607666,26.030000686645508,26.110000610351562,59899,0.0,0.0
2024-09-26 10:15:00-04:00,26.1200008392334,26.1200008392334,26.06999969482422,26.09000015258789,10337,0.0,0.0
2024-09-26 10:20:00-04:00,26.094999313354492,26.110000610351562,25.989999771118164,26.0,48882,0.0,0.0
2024-09-26 10:25:00-04:00,25.989999771118164,26.0049991607666,25.959999084472656,25.979999542236328,60085,0.0,0.0
2024-09-26 10:30:00-04:00,25.989999771118164,26.010000228881836,25.969999313354492,26.010000228881836,142003,0.0,0.0
2024-09-26 10:35:00-04:00,26.014999389648438,26.024999618530273,25.959999084472656,25.979999542236328,60316,0.0,0.0
2024-09-26 10:40:00-04:00,25.970600128173828,25.979999542236328,25.940000534057617,25.959999084472656,12350,0.0,0.0
2024-09-26 10:45:00-04:00,25.959999084472656,26.020000457763672,25.959999084472656,26.020000457763672,16610,0.0,0.0
2024-09-26 10:50:00-04:00,26.024999618530273,26.024999618530273,25.969999313354492,25.975000381469727,10312,0.0,0.0
2024-09-26 10:55:00-04:00,25.969999313354492,25.9950008392334,25.950000762939453,25.969999313354492,15736,0.0,0.0
2024-09-26 11:00:00-04:00,25.959999084472656,25.979999542236328,25.941200256347656,25.979999542236328,8315,0.0,0.0
2024-09-26 11:05:00-04:00,25.989999771118164,26.0049991607666,25.96500015258789,26.0,14890,0.0,0.0
2024-09-26 11:10:00-04:00,26.0,26.024999618530273,25.9950008392334,26.010000228881836,44705,0.0,0.0
2024-09-26 11:15:00-04:00,26.014999389648438,26.014999389648438,25.9950008392334,25.9950008392334,8404,0.0,0.0
2024-09-26 11:20:00-04:00,25.9950008392334,26.0049991607666,25.985000610351562,26.0049991607666,8508,0.0,0.0
2024-09-26 11:25:00-04:00,26.0,26.024999618530273,25.9950008392334,26.010000228881836,14488,0.0,0.0
2024-09-26 11:30:00-04:00,26.00200080871582,26.010000228881836,25.934999465942383,25.959999084472656,84391,0.0,0.0
2024-09-26 11:35:00-04:00,25.969999313354492,26.0,25.959999084472656,26.0,5304,0.0,0.0
2024-09-26 11:40:00-04:00,26.014999389648438,26.024999618530273,26.0049991607666,26.020000457763672,12955,0.0,0.0
2024-09-26 11:45:00-04:00,26.024999618530273,26.049999237060547,26.020000457763672,26.03499984741211,10842,0.0,0.0
2024-09-26 11:50:00-04:00,26.03499984741211,26.049999237060547,26.030000686645508,26.040000915527344,18129,0.0,0.0
2024-09-26 11:55:00-04:00,26.045000076293945,26.079999923706055,26.045000076293945,26.075000762939453,24530,0.0,0.0
2024-09-26 12:00:00-04:00,26.075000762939453,26.075000762939453,26.020000457763672,26.020000457763672,12154,0.0,0.0
2024-09-26 12:05:00-04:00,26.014999389648438,26.040000915527344,26.010000228881836,26.024999618530273,12855,0.0,0.0
2024-09-26 12:10:00-04:00,26.030000686645508,26.045000076293945,26.024999618530273,26.024999618530273,6697,0.0,0.0
2024-09-26 12:15:00-04:00,26.030000686645508,26.06999969482422,26.030000686645508,26.065000534057617,4485,0.0,0.0
2024-09-26 12:20:00-04:00,26.065000534057617,26.065000534057617,26.024999618530273,26.045000076293945,9912,0.0,0.0
2024-09-26 12:25:00-04:00,26.05500030517578,26.05500030517578,26.03499984741211,26.03499984741211,4664,0.0,0.0
2024-09-26 12:30:00-04:00,26.03260040283203,26.040000915527344,26.030000686645508,26.03499984741211,4425,0.0,0.0
2024-09-26 12:35:00-04:00,26.03499984741211,26.03499984741211,26.020000457763672,26.03499984741211,7716,0.0,0.0
2024-09-26 12:40:00-04:00,26.030000686645508,26.045000076293945,26.030000686645508,26.030000686645508,6809,0.0,0.0
2024-09-26 12:45:00-04:00,26.040000915527344,26.059999465942383,26.040000915527344,26.040000915527344,7280,0.0,0.0
2024-09-26 12:50:00-04:00,26.045000076293945,26.045000076293945,26.020000457763672,26.020000457763672,10539,0.0,0.0
2024-09-26 12:55:00-04:00,26.030000686645508,26.030000686645508,26.0,26.014999389648438,7576,0.0,0.0
2024-09-26 13:00:00-04:00,26.014999389648438,26.024999618530273,25.9950008392334,26.020999908447266,7159,0.0,0.0
2024-09-26 13:05:00-04:00,26.030000686645508,26.030000686645508,25.989999771118164,25.989999771118164,8357,0.0,0.0
2024-09-26 13:10:00-04:00,25.989999771118164,26.010000228881836,25.989999771118164,26.0049991607666,9249,0.0,0.0
2024-09-26 13:15:00-04:00,26.0,26.0,25.934999465942383,25.934999465942383,11364,0.0,0.0
2024-09-26 13:20:00-04:00,25.934999465942383,25.940000534057617,25.924999237060547,25.940000534057617,15395,0.0,0.0
2024-09-26 13:25:00-04:00,25.94499969482422,25.979999542236328,25.94499969482422,25.969999313354492,5673,0.0,0.0
2024-09-26 13:30:00-04:00,25.969999313354492,25.979999542236328,25.96500015258789,25.975000381469727,6203,0.0,0.0
2024-09-26 13:35:00-04:00,25.969999313354492,25.969999313354492,25.934999465942383,25.934999465942383,15699,0.0,0.0
2024-09-26 13:40:00-04:00,25.93000030517578,25.950000762939453,25.93000030517578,25.94499969482422,10663,0.0,0.0
2024-09-26 13:45:00-04:00,25.950000762939453,25.969999313354492,25.950000762939453,25.959999084472656,10796,0.0,0.0
2024-09-26 13:50:00-04:00,25.950000762939453,25.959999084472656,25.934999465942383,25.934999465942383,3530,0.0,0.0
2024-09-26 13:55:00-04:00,25.940000534057617,25.969999313354492,25.940000534057617,25.96500015258789,11266,0.0,0.0
2024-09-26 14:00:00-04:00,25.96500015258789,25.9950008392334,25.96500015258789,25.989999771118164,14053,0.0,0.0
2024-09-26 14:05:00-04:00,25.989999771118164,26.0,25.979999542236328,25.979999542236328,4840,0.0,0.0
2024-09-26 14:10:00-04:00,25.979999542236328,26.024999618530273,25.969999313354492,26.020000457763672,9350,0.0,0.0
2024-09-26 14:15:00-04:00,26.024999618530273,26.030000686645508,26.010000228881836,26.010000228881836,7165,0.0,0.0
2024-09-26 14:20:00-04:00,26.0049991607666,26.0049991607666,25.989999771118164,26.0,8111,0.0,0.0
2024-09-26 14:25:00-04:00,26.0049991607666,26.020000457763672,25.989999771118164,26.010000228881836,11731,0.0,0.0
2024-09-26 14:30:00-04:00,26.014999389648438,26.020000457763672,26.010000228881836,26.020000457763672,7916,0.0,0.0
2024-09-26 14:35:00-04:00,26.020000457763672,26.038999557495117,26.012500762939453,26.038999557495117,4612,0.0,0.0
2024-09-26 14:40:00-04:00,26.03499984741211,26.03499984741211,26.030000686645508,26.030000686645508,4449,0.0,0.0
2024-09-26 14:45:00-04:00,26.024999618530273,26.024999618530273,26.020000457763672,26.024999618530273,3491,0.0,0.0
2024-09-26 14:50:00-04:00,26.020000457763672,26.03499984741211,26.020000457763672,26.024999618530273,15118,0.0,0.0
2024-09-26 14:55:00-04:00,26.024999618530273,26.030000686645508,26.010000228881836,26.010000228881836,7237,0.0,0.0
2024-09-26 15:00:00-04:00,26.010000228881836,26.020000457763672,26.010000228881836,26.014999389648438,8437,0.0,0.0
2024-09-26 15:05:00-04:00,26.020000457763672,26.045000076293945,26.020000457763672,26.024999618530273,19742,0.0,0.0
2024-09-26 15:10:00-04:00,26.024999618530273,26.030000686645508,26.020000457763672,26.020000457763672,10849,0.0,0.0
2024-09-26 15:15:00-04:00,26.010000228881836,26.020000457763672,25.9950008392334,26.0,22739,0.0,0.0
2024-09-26 15:20:00-04:00,25.9950008392334,26.0,25.969999313354492,25.969999313354492,8442,0.0,0.0
2024-09-26 15:25:00-04:00,25.975000381469727,25.975000381469727,25.93000030517578,25.940000534057617,13611,0.0,0.0
2024-09-26 15:30:00-04:00,25.940000534057617,25.959999084472656,25.920000076293945,25.959999084472656,32574,0.0,0.0
2024-09-26 15:35:00-04:00,25.954999923706055,25.985000610351562,25.950000762939453,25.975000381469727,19448,0.0,0.0
2024-09-26 15:40:00-04:00,25.975000381469727,25.989999771118164,25.969999313354492,25.975000381469727,39960,0.0,0.0
2024-09-26 15:45:00-04:00,25.975000381469727,25.979999542236328,25.93000030517578,25.934999465942383,40172,0.0,0.0
2024-09-26 15:50:00-04:00,25.940000534057617,25.959999084472656,25.93000030517578,25.940000534057617,66798,0.0,0.0
2024-09-26 15:55:00-04:00,25.94499969482422,25.959999084472656,25.93000030517578,25.940000534057617,222545,0.0,0.0
2024-09-27 09:30:00-04:00,26.110000610351562,26.170000076293945,26.079999923706055,26.170000076293945,99847,0.0,0.0
2024-09-27 09:35:00-04:00,26.18000030517578,26.19499969482422,26.100000381469727,26.100000381469727,12989,0.0,0.0
2024-09-27 09:40:00-04:00,26.110000610351562,26.1200008392334,26.05500030517578,26.059999465942383,21161,0.0,0.0
2024-09-27 09:45:00-04:00,26.059999465942383,26.09000015258789,26.040000915527344,26.09000015258789,4302,0.0,0.0
2024-09-27 09:50:00-04:00,26.09000015258789,26.100000381469727,26.079999923706055,26.100000381469727,4285,0.0,0.0
2024-09-27 09:55:00-04:00,26.09000015258789,26.114999771118164,26.06999969482422,26.06999969482422,11740,0.0,0.0
2024-09-27 10:00:00-04:00,26.06999969482422,26.149999618530273,25.989999771118164,26.149999618530273,54972,0.0,0.0
2024-09-27 10:05:00-04:00,26.15999984741211,26.219999313354492,26.145000457763672,26.219999313354492,26722,0.0,0.0
2024-09-27 10:10:00-04:00,26.219999313354492,26.219999313354492,26.174999237060547,26.204999923706055,40720,0.0,0.0
2024-09-27 10:15:00-04:00,26.204999923706055,26.204999923706055,26.18000030517578,26.204999923706055,38130,0.0,0.0
2024-09-27 10:20:00-04:00,26.200000762939453,26.228500366210938,26.184999465942383,26.190000534057617,67752,0.0,0.0
2024-09-27 10:25:00-04:00,26.19499969482422,26.219999313354492,26.184999465942383,26.21500015258789,10419,0.0,0.0
2024-09-27 10:30:00-04:00,26.21500015258789,26.239999771118164,26.204999923706055,26.209999084472656,19070,0.0,0.0
2024-09-27 10:35:00-04:00,26.209999084472656,26.235000610351562,26.145000457763672,26.149999618530273,8224,0.0,0.0
2024-09-27 10:40:00-04:00,26.155000686645508,26.174999237060547,26.139999389648438,26.165000915527344,8283,0.0,0.0
2024-09-27 10:45:00-04:00,26.15999984741211,26.165000915527344,26.1299991607666,26.1299991607666,8298,0.0,0.0
2024-09-27 10:50:00-04:00,26.139999389648438,26.165000915527344,26.135000228881836,26.165000915527344,7539,0.0,0.0
2024-09-27 10:55:00-04:00,26.165000915527344,26.165000915527344,26.139999389648438,26.139999389648438,8485,0.0,0.0
2024-09-27 11:00:00-04:00,26.1299991607666,26.145000457763672,26.125,26.1299991607666,7340,0.0,0.0
2024-09-27 11:05:00-04:00,26.1299991607666,26.135000228881836,26.110000610351562,26.1299991607666,10107,0.0,0.0
2024-09-27 11:10:00-04:00,26.1299991607666,26.170000076293945,26.1299991607666,26.155000686645508,11081,0.0,0.0
2024-09-27 11:15:00-04:00,26.155000686645508,26.174999237060547,26.149999618530273,26.155000686645508,14364,0.0,0.0
2024-09-27 11:20:00-04:00,26.149999618530273,26.149999618530273,26.1200008392334,26.125,8020,0.0,0.0
2024-09-27 11:25:00-04:00,26.125,26.139999389648438,26.1200008392334,26.1299991607666,21132,0.0,0.0
2024-09-27 11:30:00-04:00,26.1299991607666,26.135000228881836,26.100000381469727,26.1200008392334,16967,0.0,0.0
2024-09-27 11:35:00-04:00,26.114999771118164,26.125,26.100000381469727,26.104999542236328,14560,0.0,0.0
2024-09-27 11:40:00-04:00,26.104999542236328,26.1299991607666,26.094999313354492,26.1299991607666,6539,0.0,0.0
2024-09-27 11:45:00-04:00,26.1299991607666,26.155000686645508,26.1299991607666,26.155000686645508,6987,0.0,0.0
2024-09-27 11:50:00-04:00,26.155000686645508,26.165000915527344,26.139999389648438,26.145000457763672,8742,0.0,0.0
2024-09-27 11:55:00-04:00,26.149999618530273,26.155000686645508,26.135000228881836,26.135000228881836,4504,0.0,0.0
2024-09-27 12:00:00-04:00,26.139999389648438,26.145000457763672,26.114999771118164,26.114999771118164,6879,0.0,0.0
2024-09-27 12:05:00-04:00,26.114999771118164,26.125,26.110000610351562,26.110000610351562,4803,0.0,0.0
2024-09-27 12:10:00-04:00,26.114999771118164,26.114999771118164,26.084999084472656,26.084999084472656,4419,0.0,0.0
2024-09-27 12:15:00-04:00,26.079999923706055,26.094999313354492,26.079999923706055,26.084999084472656,14570,0.0,0.0
2024-09-27 12:20:00-04:00,26.084999084472656,26.09000015258789,26.084999084472656,26.084999084472656,4790,0.0,0.0
2024-09-27 12:25:00-04:00,26.084999084472656,26.084999084472656,26.059999465942383,26.065000534057617,7155,0.0,0.0
2024-09-27 12:30:00-04:00,26.06999969482422,26.075000762939453,26.059999465942383,26.059999465942383,5775,0.0,0.0
2024-09-27 12:35:00-04:00,26.06999969482422,26.075000762939453,26.065000534057617,26.06999969482422,4082,0.0,0.0
2024-09-27 12:40:00-04:00,26.06999969482422,26.075000762939453,26.05500030517578,26.059999465942383,7759,0.0,0.0
2024-09-27 12:45:00-04:00,26.049999237060547,26.05500030517578,26.040000915527344,26.045000076293945,5580,0.0,0.0
2024-09-27 12:50:00-04:00,26.045000076293945,26.05500030517578,26.040000915527344,26.045000076293945,8941,0.0,0.0
2024-09-27 12:55:00-04:00,26.045000076293945,26.05500030517578,26.040000915527344,26.045000076293945,4111,0.0,0.0
2024-09-27 13:00:00-04:00,26.045000076293945,26.05500030517578,26.045000076293945,26.045000076293945,3960,0.0,0.0
2024-09-27 13:05:00-04:00,26.040000915527344,26.040000915527344,25.979999542236328,25.985000610351562,5365,0.0,0.0
2024-09-27 13:10:00-04:00,25.985000610351562,26.010000228881836,25.982500076293945,25.9950008392334,12980,0.0,0.0
2024-09-27 13:15:00-04:00,25.989999771118164,25.989999771118164,25.969999313354492,25.985000610351562,7787,0.0,0.0
2024-09-27 13:20:00-04:00,25.989999771118164,26.0049991607666,25.989999771118164,26.0,3739,0.0,0.0
2024-09-27 13:25:00-04:00,26.0,26.0,25.970600128173828,25.985000610351562,5299,0.0,0.0
2024-09-27 13:30:00-04:00,25.989999771118164,25.9950008392334,25.969999313354492,25.989999771118164,7533,0.0,0.0
2024-09-27 13:35:00-04:00,25.985000610351562,25.985000610351562,25.969999313354492,25.969999313354492,5596,0.0,0.0
2024-09-27 13:40:00-04:00,25.96500015258789,25.975000381469727,25.959999084472656,25.975000381469727,3224,0.0,0.0
2024-09-27 13:45:00-04:00,25.989999771118164,26.0,25.985000610351562,25.985000610351562,5852,0.0,0.0
2024-09-27 13:50:00-04:00,25.989999771118164,26.0,25.989999771118164,25.9950008392334,3202,0.0,0.0
2024-09-27 13:55:00-04:00,25.9950008392334,26.0,25.969999313354492,26.0,12571,0.0,0.0
2024-09-27 14:00:00-04:00,25.989999771118164,25.9950008392334,25.989999771118164,25.9950008392334,1244,0.0,0.0
2024-09-27 14:05:00-04:00,25.9950008392334,25.9950008392334,25.985000610351562,25.985000610351562,5638,0.0,0.0
2024-09-27 14:10:00-04:00,25.989999771118164,25.9950008392334,25.989999771118164,25.9950008392334,7207,0.0,0.0
2024-09-27 14:15:00-04:00,26.0,26.0049991607666,25.969999313354492,25.969999313354492,11635,0.0,0.0
2024-09-27 14:20:00-04:00,25.975000381469727,25.985000610351562,25.975000381469727,25.985000610351562,5334,0.0,0.0
2024-09-27 14:25:00-04:00,25.985000610351562,25.985000610351562,25.93000030517578,25.93000030517578,8392,0.0,0.0
2024-09-27 14:30:00-04:00,25.924999237060547,25.93000030517578,25.899999618530273,25.924999237060547,12197,0.0,0.0
2024-09-27 14:35:00-04:00,25.924999237060547,25.949899673461914,25.915000915527344,25.94499969482422,11677,0.0,0.0
2024-09-27 14:40:00-04:00,25.94499969482422,25.96500015258789,25.940000534057617,25.96500015258789,4491,0.0,0.0
2024-09-27 14:45:00-04:00,25.975000381469727,25.989999771118164,25.969999313354492,25.989999771118164,5705,0.0,0.0
2024-09-27 14:50:00-04:00,25.985000610351562,26.0,25.975000381469727,25.979999542236328,11485,0.0,0.0
2024-09-27 14:55:00-04:00,25.975000381469727,25.9950008392334,25.975000381469727,25.989999771118164,11715,0.0,0.0
2024-09-27 15:00:00-04:00,25.985000610351562,25.989999771118164,25.97100067138672,25.989999771118164,13203,0.0,0.0
2024-09-27 15:05:00-04:00,25.985000610351562,25.989999771118164,25.96500015258789,25.96500015258789,9896,0.0,0.0
2024-09-27 15:10:00-04:00,25.96500015258789,25.969499588012695,25.950000762939453,25.96500015258789,14674,0.0,0.0
2024-09-27 15:15:00-04:00,25.959999084472656,25.969999313354492,25.954999923706055,25.96500015258789,10100,0.0,0.0
2024-09-27 15:20:00-04:00,25.969999313354492,25.975000381469727,25.954999923706055,25.954999923706055,12240,0.0,0.0
2024-09-27 15:25:00-04:00,25.954999923706055,25.96500015258789,25.94499969482422,25.954999923706055,12342,0.0,0.0
2024-09-27 15:30:00-04:00,25.950000762939453,25.959999084472656,25.940000534057617,25.959999084472656,9867,0.0,0.0
2024-09-27 15:35:00-04:00,25.954999923706055,25.954999923706055,25.940000534057617,25.950000762939453,9591,0.0,0.0
2024-09-27 15:40:00-04:00,25.94499969482422,25.954999923706055,25.93000030517578,25.950000762939453,21568,0.0,0.0
2024-09-27 15:45:00-04:00,25.954999923706055,25.969999313354492,25.950000762939453,25.959999084472656,30295,0.0,0.0
2024-09-27 15:50:00-04:00,25.951799392700195,25.96500015258789,25.94499969482422,25.95949935913086,36966,0.0,0.0
2024-09-27 15:55:00-04:00,25.952499389648438,25.989999771118164,25.94499969482422,25.96500015258789,100281,0.0,0.0
