Datetime,Open,High,Low,Close,Volume,Dividends,Stock Splits,Capital Gains
2024-08-29 09:30:00-04:00,12.0600004196167,12.109999656677246,12.020000457763672,12.100000381469727,34519,0.0,0.0,0.0
2024-08-29 09:35:00-04:00,12.100000381469727,12.100000381469727,12.050000190734863,12.0600004196167,34191,0.0,0.0,0.0
2024-08-29 09:40:00-04:00,12.089799880981445,12.09000015258789,12.020000457763672,12.045000076293945,22233,0.0,0.0,0.0
2024-08-29 09:45:00-04:00,12.058500289916992,12.09000015258789,12.058500289916992,12.079999923706055,15205,0.0,0.0,0.0
2024-08-29 09:50:00-04:00,12.079000473022461,12.109999656677246,12.079000473022461,12.095000267028809,70990,0.0,0.0,0.0
2024-08-29 09:55:00-04:00,12.095000267028809,12.119999885559082,12.09000015258789,12.119999885559082,18982,0.0,0.0,0.0
2024-08-29 10:00:00-04:00,12.119999885559082,12.15999984741211,12.119999885559082,12.15999984741211,17915,0.0,0.0,0.0
2024-08-29 10:05:00-04:00,12.145000457763672,12.170000076293945,12.114999771118164,12.114999771118164,55107,0.0,0.0,0.0
2024-08-29 10:10:00-04:00,12.125,12.135000228881836,12.109999656677246,12.119999885559082,14635,0.0,0.0,0.0
2024-08-29 10:15:00-04:00,12.110099792480469,12.110099792480469,12.085000038146973,12.100000381469727,50895,0.0,0.0,0.0
2024-08-29 10:20:00-04:00,12.100000381469727,12.106300354003906,12.074999809265137,12.097399711608887,21046,0.0,0.0,0.0
2024-08-29 10:25:00-04:00,12.100000381469727,12.119999885559082,12.090100288391113,12.10990047454834,35498,0.0,0.0,0.0
2024-08-29 10:30:00-04:00,12.109999656677246,12.109999656677246,12.09000015258789,12.100000381469727,11185,0.0,0.0,0.0
2024-08-29 10:35:00-04:00,12.109999656677246,12.120100021362305,12.109999656677246,12.119999885559082,4509,0.0,0.0,0.0
2024-08-29 10:40:00-04:00,12.110099792480469,12.119999885559082,12.090100288391113,12.109999656677246,6662,0.0,0.0,0.0
2024-08-29 10:45:00-04:00,12.109999656677246,12.130000114440918,12.104999542236328,12.130000114440918,10270,0.0,0.0,0.0
2024-08-29 10:50:00-04:00,12.119999885559082,12.135000228881836,12.119999885559082,12.135000228881836,26719,0.0,0.0,0.0
2024-08-29 10:55:00-04:00,12.130000114440918,12.130000114440918,12.100000381469727,12.100000381469727,10048,0.0,0.0,0.0
2024-08-29 11:00:00-04:00,12.116100311279297,12.119999885559082,12.079999923706055,12.079999923706055,3376,0.0,0.0,0.0
2024-08-29 11:05:00-04:00,12.079999923706055,12.119999885559082,12.079999923706055,12.115699768066406,27756,0.0,0.0,0.0
2024-08-29 11:10:00-04:00,12.125,12.130000114440918,12.125,12.130000114440918,28453,0.0,0.0,0.0
2024-08-29 11:15:00-04:00,12.119999885559082,12.125,12.100000381469727,12.100000381469727,15126,0.0,0.0,0.0
2024-08-29 11:20:00-04:00,12.100000381469727,12.100000381469727,12.09000015258789,12.100000381469727,6394,0.0,0.0,0.0
2024-08-29 11:25:00-04:00,12.100099563598633,12.104999542236328,12.089900016784668,12.09000015258789,23581,0.0,0.0,0.0
2024-08-29 11:30:00-04:00,12.09000015258789,12.100000381469727,12.09000015258789,12.09000015258789,6825,0.0,0.0,0.0
2024-08-29 11:35:00-04:00,12.079999923706055,12.079999923706055,12.0600004196167,12.069999694824219,8599,0.0,0.0,0.0
2024-08-29 11:40:00-04:00,12.078700065612793,12.079999923706055,12.074999809265137,12.079999923706055,4099,0.0,0.0,0.0
2024-08-29 11:45:00-04:00,12.09000015258789,12.100000381469727,12.089900016784668,12.095000267028809,7323,0.0,0.0,0.0
2024-08-29 11:50:00-04:00,12.092900276184082,12.104999542236328,12.09000015258789,12.09000015258789,5069,0.0,0.0,0.0
2024-08-29 11:55:00-04:00,12.079999923706055,12.09000015258789,12.079999923706055,12.0802001953125,3767,0.0,0.0,0.0
2024-08-29 12:00:00-04:00,12.079999923706055,12.09000015258789,12.069999694824219,12.074999809265137,19758,0.0,0.0,0.0
2024-08-29 12:05:00-04:00,12.079999923706055,12.079999923706055,12.069999694824219,12.069999694824219,1071,0.0,0.0,0.0
2024-08-29 12:10:00-04:00,12.069999694824219,12.085000038146973,12.039999961853027,12.085000038146973,48048,0.0,0.0,0.0
2024-08-29 12:15:00-04:00,12.09000015258789,12.097999572753906,12.079999923706055,12.097999572753906,27889,0.0,0.0,0.0
2024-08-29 12:20:00-04:00,12.095000267028809,12.095000267028809,12.095000267028809,12.095000267028809,650,0.0,0.0,0.0
2024-08-29 12:25:00-04:00,12.095000267028809,12.100000381469727,12.095000267028809,12.100000381469727,3244,0.0,0.0,0.0
2024-08-29 12:30:00-04:00,12.09000015258789,12.09000015258789,12.074999809265137,12.074999809265137,5858,0.0,0.0,0.0
2024-08-29 12:35:00-04:00,12.079999923706055,12.09000015258789,12.079999923706055,12.09000015258789,2165,0.0,0.0,0.0
2024-08-29 12:40:00-04:00,12.085000038146973,12.09000015258789,12.085000038146973,12.09000015258789,6326,0.0,0.0,0.0
2024-08-29 12:45:00-04:00,12.100000381469727,12.104999542236328,12.100000381469727,12.104999542236328,1571,0.0,0.0,0.0
2024-08-29 12:50:00-04:00,12.100000381469727,12.100099563598633,12.09000015258789,12.095000267028809,6828,0.0,0.0,0.0
2024-08-29 12:55:00-04:00,12.100000381469727,12.109999656677246,12.100000381469727,12.100000381469727,4851,0.0,0.0,0.0
2024-08-29 13:00:00-04:00,12.100000381469727,12.109999656677246,12.100000381469727,12.100000381469727,2455,0.0,0.0,0.0
2024-08-29 13:05:00-04:00,12.109999656677246,12.119999885559082,12.109999656677246,12.119999885559082,3224,0.0,0.0,0.0
2024-08-29 13:10:00-04:00,12.114999771118164,12.119999885559082,12.101300239562988,12.119999885559082,4130,0.0,0.0,0.0
2024-08-29 13:15:00-04:00,12.119999885559082,12.130000114440918,12.114999771118164,12.130000114440918,3535,0.0,0.0,0.0
2024-08-29 13:20:00-04:00,12.140000343322754,12.149900436401367,12.135700225830078,12.149900436401367,3377,0.0,0.0,0.0
2024-08-29 13:25:00-04:00,12.135000228881836,12.135600090026855,12.125,12.125,9516,0.0,0.0,0.0
2024-08-29 13:30:00-04:00,12.130000114440918,12.145000457763672,12.130000114440918,12.145000457763672,9673,0.0,0.0,0.0
2024-08-29 13:35:00-04:00,12.145700454711914,12.170000076293945,12.140000343322754,12.140000343322754,93731,0.0,0.0,0.0
2024-08-29 13:40:00-04:00,12.140000343322754,12.149800300598145,12.140000343322754,12.145000457763672,50825,0.0,0.0,0.0
2024-08-29 13:45:00-04:00,12.140000343322754,12.140000343322754,12.109999656677246,12.114999771118164,43414,0.0,0.0,0.0
2024-08-29 13:50:00-04:00,12.114999771118164,12.135000228881836,12.114999771118164,12.135000228881836,9033,0.0,0.0,0.0
2024-08-29 13:55:00-04:00,12.135100364685059,12.149999618530273,12.135100364685059,12.149999618530273,2984,0.0,0.0,0.0
2024-08-29 14:00:00-04:00,12.149999618530273,12.149999618530273,12.140000343322754,12.145099639892578,3737,0.0,0.0,0.0
2024-08-29 14:05:00-04:00,12.145000457763672,12.154999732971191,12.141799926757812,12.154999732971191,3189,0.0,0.0,0.0
2024-08-29 14:10:00-04:00,12.149999618530273,12.149999618530273,12.130000114440918,12.130000114440918,21213,0.0,0.0,0.0
2024-08-29 14:15:00-04:00,12.137499809265137,12.140000343322754,12.137499809265137,12.140000343322754,3462,0.0,0.0,0.0
2024-08-29 14:20:00-04:00,12.130000114440918,12.130000114440918,12.125300407409668,12.130000114440918,2503,0.0,0.0,0.0
2024-08-29 14:25:00-04:00,12.136500358581543,12.136500358581543,12.109999656677246,12.119999885559082,24633,0.0,0.0,0.0
2024-08-29 14:30:00-04:00,12.109999656677246,12.114999771118164,12.100000381469727,12.109999656677246,6570,0.0,0.0,0.0
2024-08-29 14:35:00-04:00,12.104999542236328,12.114999771118164,12.079999923706055,12.079999923706055,52346,0.0,0.0,0.0
2024-08-29 14:40:00-04:00,12.079999923706055,12.09000015258789,12.05109977722168,12.069999694824219,77855,0.0,0.0,0.0
2024-08-29 14:45:00-04:00,12.061599731445312,12.069999694824219,12.050000190734863,12.06309986114502,29257,0.0,0.0,0.0
2024-08-29 14:50:00-04:00,12.0600004196167,12.069999694824219,12.039999961853027,12.069999694824219,36723,0.0,0.0,0.0
2024-08-29 14:55:00-04:00,12.079999923706055,12.085000038146973,12.063699722290039,12.069999694824219,45567,0.0,0.0,0.0
2024-08-29 15:00:00-04:00,12.069999694824219,12.069999694824219,12.055000305175781,12.069999694824219,17199,0.0,0.0,0.0
2024-08-29 15:05:00-04:00,12.069999694824219,12.079999923706055,12.0600004196167,12.069999694824219,13271,0.0,0.0,0.0
2024-08-29 15:10:00-04:00,12.069999694824219,12.079999923706055,12.05840015411377,12.070099830627441,16447,0.0,0.0,0.0
2024-08-29 15:15:00-04:00,12.0649995803833,12.09000015258789,12.0649995803833,12.079999923706055,4556,0.0,0.0,0.0
2024-08-29 15:20:00-04:00,12.079999923706055,12.079999923706055,12.074999809265137,12.076000213623047,1172,0.0,0.0,0.0
2024-08-29 15:25:00-04:00,12.085000038146973,12.09000015258789,12.085000038146973,12.085000038146973,7404,0.0,0.0,0.0
2024-08-29 15:30:00-04:00,12.09000015258789,12.09000015258789,12.079999923706055,12.09000015258789,7429,0.0,0.0,0.0
2024-08-29 15:35:00-04:00,12.079999923706055,12.080100059509277,12.0649995803833,12.074999809265137,12035,0.0,0.0,0.0
2024-08-29 15:40:00-04:00,12.074999809265137,12.074999809265137,12.055000305175781,12.055000305175781,15334,0.0,0.0,0.0
2024-08-29 15:45:00-04:00,12.055000305175781,12.065099716186523,12.04319953918457,12.04319953918457,22833,0.0,0.0,0.0
2024-08-29 15:50:00-04:00,12.050000190734863,12.059900283813477,12.039999961853027,12.045000076293945,51413,0.0,0.0,0.0
2024-08-29 15:55:00-04:00,12.045000076293945,12.0600004196167,12.039999961853027,12.045000076293945,31954,0.0,0.0,0.0
2024-08-30 09:30:00-04:00,12.069999694824219,12.079999923706055,11.979999542236328,12.029999732971191,41640,0.0,0.0,0.0
2024-08-30 09:35:00-04:00,12.050000190734863,12.069999694824219,12.039999961853027,12.069999694824219,21255,0.0,0.0,0.0
2024-08-30 09:40:00-04:00,12.069000244140625,12.069999694824219,12.043299674987793,12.0600004196167,5899,0.0,0.0,0.0
2024-08-30 09:45:00-04:00,12.050000190734863,12.050000190734863,12.020000457763672,12.020000457763672,17879,0.0,0.0,0.0
2024-08-30 09:50:00-04:00,12.029999732971191,12.050000190734863,12.029999732971191,12.050000190734863,1429,0.0,0.0,0.0
2024-08-30 09:55:00-04:00,12.03969955444336,12.039999961853027,12.030500411987305,12.030500411987305,4633,0.0,0.0,0.0
2024-08-30 10:00:00-04:00,12.059800148010254,12.0600004196167,12.010000228881836,12.010000228881836,19489,0.0,0.0,0.0
2024-08-30 10:05:00-04:00,12.005000114440918,12.0600004196167,11.989999771118164,12.052300453186035,15677,0.0,0.0,0.0
2024-08-30 10:10:00-04:00,12.0600004196167,12.0600004196167,12.045000076293945,12.045000076293945,3346,0.0,0.0,0.0
2024-08-30 10:15:00-04:00,12.039899826049805,12.039899826049805,12.005000114440918,12.01360034942627,3368,0.0,0.0,0.0
2024-08-30 10:20:00-04:00,12.010000228881836,12.020000457763672,11.990900039672852,11.990900039672852,4037,0.0,0.0,0.0
2024-08-30 10:25:00-04:00,11.990099906921387,11.994999885559082,11.949999809265137,11.960800170898438,45407,0.0,0.0,0.0
2024-08-30 10:30:00-04:00,11.960000038146973,11.978099822998047,11.949999809265137,11.949999809265137,12742,0.0,0.0,0.0
2024-08-30 10:35:00-04:00,11.954999923706055,11.960000038146973,11.9399995803833,11.944999694824219,14484,0.0,0.0,0.0
2024-08-30 10:40:00-04:00,11.949999809265137,11.979999542236328,11.949999809265137,11.949999809265137,9416,0.0,0.0,0.0
2024-08-30 10:45:00-04:00,11.960000038146973,11.970000267028809,11.949999809265137,11.970000267028809,16126,0.0,0.0,0.0
2024-08-30 10:50:00-04:00,11.979999542236328,11.989999771118164,11.960000038146973,11.979999542236328,8734,0.0,0.0,0.0
2024-08-30 10:55:00-04:00,11.979999542236328,11.979999542236328,11.9399995803833,11.9399995803833,13343,0.0,0.0,0.0
2024-08-30 11:00:00-04:00,11.9399995803833,11.960000038146973,11.9399995803833,11.944999694824219,18008,0.0,0.0,0.0
2024-08-30 11:05:00-04:00,11.9399995803833,11.9399995803833,11.90999984741211,11.925000190734863,56119,0.0,0.0,0.0
2024-08-30 11:10:00-04:00,11.920000076293945,11.925000190734863,11.899999618530273,11.90999984741211,11751,0.0,0.0,0.0
2024-08-30 11:15:00-04:00,11.920000076293945,11.920000076293945,11.899999618530273,11.904999732971191,7197,0.0,0.0,0.0
2024-08-30 11:20:00-04:00,11.895000457763672,11.904999732971191,11.885000228881836,11.885000228881836,7974,0.0,0.0,0.0
2024-08-30 11:25:00-04:00,11.885000228881836,11.895000457763672,11.880000114440918,11.880000114440918,11130,0.0,0.0,0.0
2024-08-30 11:30:00-04:00,11.880000114440918,11.880000114440918,11.829999923706055,11.869999885559082,60385,0.0,0.0,0.0
2024-08-30 11:35:00-04:00,11.878999710083008,11.880000114440918,11.850000381469727,11.859999656677246,6600,0.0,0.0,0.0
2024-08-30 11:40:00-04:00,11.869999885559082,11.869999885559082,11.845000267028809,11.845000267028809,713,0.0,0.0,0.0
2024-08-30 11:45:00-04:00,11.845000267028809,11.850000381469727,11.84000015258789,11.850000381469727,8349,0.0,0.0,0.0
2024-08-30 11:50:00-04:00,11.850000381469727,11.854999542236328,11.845000267028809,11.854999542236328,13381,0.0,0.0,0.0
2024-08-30 11:55:00-04:00,11.854999542236328,11.880000114440918,11.854999542236328,11.875,12198,0.0,0.0,0.0
2024-08-30 12:00:00-04:00,11.862600326538086,11.880000114440918,11.85990047454834,11.880000114440918,4847,0.0,0.0,0.0
2024-08-30 12:05:00-04:00,11.884099960327148,11.890000343322754,11.88379955291748,11.889300346374512,16037,0.0,0.0,0.0
2024-08-30 12:10:00-04:00,11.880000114440918,11.887200355529785,11.869999885559082,11.886099815368652,10002,0.0,0.0,0.0
2024-08-30 12:15:00-04:00,11.890000343322754,11.890000343322754,11.864999771118164,11.869999885559082,20943,0.0,0.0,0.0
2024-08-30 12:20:00-04:00,11.869999885559082,11.869999885559082,11.85890007019043,11.85890007019043,6058,0.0,0.0,0.0
2024-08-30 12:25:00-04:00,11.849900245666504,11.850299835205078,11.840999603271484,11.850000381469727,9789,0.0,0.0,0.0
2024-08-30 12:30:00-04:00,11.850000381469727,11.850000381469727,11.829999923706055,11.84000015258789,13728,0.0,0.0,0.0
2024-08-30 12:35:00-04:00,11.84000015258789,11.84000015258789,11.819999694824219,11.829999923706055,33812,0.0,0.0,0.0
2024-08-30 12:40:00-04:00,11.824999809265137,11.829999923706055,11.819999694824219,11.829999923706055,12828,0.0,0.0,0.0
2024-08-30 12:45:00-04:00,11.84000015258789,11.84000015258789,11.819999694824219,11.819999694824219,48693,0.0,0.0,0.0
2024-08-30 12:50:00-04:00,11.829999923706055,11.84000015258789,11.824999809265137,11.824999809265137,5137,0.0,0.0,0.0
2024-08-30 12:55:00-04:00,11.824999809265137,11.824999809265137,11.813300132751465,11.8149995803833,8047,0.0,0.0,0.0
2024-08-30 13:00:00-04:00,11.812100410461426,11.839599609375,11.8100004196167,11.839599609375,31788,0.0,0.0,0.0
2024-08-30 13:05:00-04:00,11.835000038146973,11.84000015258789,11.829999923706055,11.829999923706055,7064,0.0,0.0,0.0
2024-08-30 13:10:00-04:00,11.84000015258789,11.846599578857422,11.835000038146973,11.835000038146973,7212,0.0,0.0,0.0
2024-08-30 13:15:00-04:00,11.8371000289917,11.8371000289917,11.824999809265137,11.829899787902832,2903,0.0,0.0,0.0
2024-08-30 13:20:00-04:00,11.821100234985352,11.84000015258789,11.821100234985352,11.8233003616333,8092,0.0,0.0,0.0
2024-08-30 13:25:00-04:00,11.823200225830078,11.829999923706055,11.819999694824219,11.819999694824219,12365,0.0,0.0,0.0
2024-08-30 13:30:00-04:00,11.829999923706055,11.837400436401367,11.829999923706055,11.835000038146973,3648,0.0,0.0,0.0
2024-08-30 13:35:00-04:00,11.84000015258789,11.84000015258789,11.830100059509277,11.84000015258789,4166,0.0,0.0,0.0
2024-08-30 13:40:00-04:00,11.839699745178223,11.84000015258789,11.829999923706055,11.84000015258789,4851,0.0,0.0,0.0
2024-08-30 13:45:00-04:00,11.845000267028809,11.845000267028809,11.845000267028809,11.845000267028809,9004,0.0,0.0,0.0
2024-08-30 13:50:00-04:00,11.849100112915039,11.859999656677246,11.849100112915039,11.859999656677246,13592,0.0,0.0,0.0
2024-08-30 13:55:00-04:00,11.859999656677246,11.859999656677246,11.850099563598633,11.850099563598633,3854,0.0,0.0,0.0
2024-08-30 14:00:00-04:00,11.859999656677246,11.880000114440918,11.859999656677246,11.865799903869629,9175,0.0,0.0,0.0
2024-08-30 14:05:00-04:00,11.866600036621094,11.880000114440918,11.864999771118164,11.880000114440918,7693,0.0,0.0,0.0
2024-08-30 14:10:00-04:00,11.880000114440918,11.880000114440918,11.864999771118164,11.875,9535,0.0,0.0,0.0
2024-08-30 14:15:00-04:00,11.879899978637695,11.880000114440918,11.864999771118164,11.875,5235,0.0,0.0,0.0
2024-08-30 14:20:00-04:00,11.869999885559082,11.875,11.859999656677246,11.875,3338,0.0,0.0,0.0
2024-08-30 14:25:00-04:00,11.879899978637695,11.885000228881836,11.879899978637695,11.880000114440918,11505,0.0,0.0,0.0
2024-08-30 14:30:00-04:00,11.869999885559082,11.869999885559082,11.864999771118164,11.869999885559082,7468,0.0,0.0,0.0
2024-08-30 14:35:00-04:00,11.880000114440918,11.904999732971191,11.880000114440918,11.904999732971191,10488,0.0,0.0,0.0
2024-08-30 14:40:00-04:00,11.90719985961914,11.90999984741211,11.899999618530273,11.900099754333496,13397,0.0,0.0,0.0
2024-08-30 14:45:00-04:00,11.904999732971191,11.904999732971191,11.890000343322754,11.890000343322754,7962,0.0,0.0,0.0
2024-08-30 14:50:00-04:00,11.895000457763672,11.90999984741211,11.895000457763672,11.899999618530273,3236,0.0,0.0,0.0
2024-08-30 14:55:00-04:00,11.907600402832031,11.914999961853027,11.906000137329102,11.90999984741211,5811,0.0,0.0,0.0
2024-08-30 15:00:00-04:00,11.914999961853027,11.914999961853027,11.895000457763672,11.895000457763672,16904,0.0,0.0,0.0
2024-08-30 15:05:00-04:00,11.899999618530273,11.899999618530273,11.880000114440918,11.88010025024414,16090,0.0,0.0,0.0
2024-08-30 15:10:00-04:00,11.88010025024414,11.890000343322754,11.880000114440918,11.890000343322754,3769,0.0,0.0,0.0
2024-08-30 15:15:00-04:00,11.885000228881836,11.890000343322754,11.880000114440918,11.890000343322754,14867,0.0,0.0,0.0
2024-08-30 15:20:00-04:00,11.885000228881836,11.899999618530273,11.869999885559082,11.899999618530273,10339,0.0,0.0,0.0
2024-08-30 15:25:00-04:00,11.899999618530273,11.930000305175781,11.899999618530273,11.925000190734863,6889,0.0,0.0,0.0
2024-08-30 15:30:00-04:00,11.925000190734863,11.925000190734863,11.899900436401367,11.899900436401367,10327,0.0,0.0,0.0
2024-08-30 15:35:00-04:00,11.895000457763672,11.935600280761719,11.895000457763672,11.9350004196167,45901,0.0,0.0,0.0
2024-08-30 15:40:00-04:00,11.930000305175781,11.930000305175781,11.90999984741211,11.919699668884277,27824,0.0,0.0,0.0
2024-08-30 15:45:00-04:00,11.914999961853027,11.919899940490723,11.90999984741211,11.90999984741211,5185,0.0,0.0,0.0
2024-08-30 15:50:00-04:00,11.920000076293945,11.970000267028809,11.914999961853027,11.944999694824219,34853,0.0,0.0,0.0
2024-08-30 15:55:00-04:00,11.949999809265137,11.979999542236328,11.9399995803833,11.96500015258789,42063,0.0,0.0,0.0
2024-09-03 09:30:00-04:00,11.739999771118164,11.739999771118164,11.5600004196167,11.585000038146973,229925,0.0,0.0,0.0
2024-09-03 09:35:00-04:00,11.59000015258789,11.619999885559082,11.520000457763672,11.523300170898438,84808,0.0,0.0,0.0
2024-09-03 09:40:00-04:00,11.529999732971191,11.529999732971191,11.444199562072754,11.449999809265137,139727,0.0,0.0,0.0
2024-09-03 09:45:00-04:00,11.449999809265137,11.470000267028809,11.375,11.399900436401367,31552,0.0,0.0,0.0
2024-09-03 09:50:00-04:00,11.39009952545166,11.39009952545166,11.3100004196167,11.3100004196167,55550,0.0,0.0,0.0
2024-09-03 09:55:00-04:00,11.300000190734863,11.3100004196167,11.239999771118164,11.289999961853027,173680,0.0,0.0,0.0
2024-09-03 10:00:00-04:00,11.289999961853027,11.319999694824219,11.199999809265137,11.210000038146973,100387,0.0,0.0,0.0
2024-09-03 10:05:00-04:00,11.225000381469727,11.279999732971191,11.204999923706055,11.270000457763672,109676,0.0,0.0,0.0
2024-09-03 10:10:00-04:00,11.289999961853027,11.319999694824219,11.28499984741211,11.289999961853027,43679,0.0,0.0,0.0
2024-09-03 10:15:00-04:00,11.289999961853027,11.300000190734863,11.270000457763672,11.279999732971191,32781,0.0,0.0,0.0
2024-09-03 10:20:00-04:00,11.270000457763672,11.300000190734863,11.270000457763672,11.274999618530273,20639,0.0,0.0,0.0
2024-09-03 10:25:00-04:00,11.274999618530273,11.300000190734863,11.255000114440918,11.270000457763672,8750,0.0,0.0,0.0
2024-09-03 10:30:00-04:00,11.265000343322754,11.289999961853027,11.260000228881836,11.289999961853027,6931,0.0,0.0,0.0
2024-09-03 10:35:00-04:00,11.270000457763672,11.276800155639648,11.23009967803955,11.270000457763672,51129,0.0,0.0,0.0
2024-09-03 10:40:00-04:00,11.26990032196045,11.270000457763672,11.210000038146973,11.210000038146973,25037,0.0,0.0,0.0
2024-09-03 10:45:00-04:00,11.210000038146973,11.210000038146973,11.170000076293945,11.180000305175781,188271,0.0,0.0,0.0
2024-09-03 10:50:00-04:00,11.180000305175781,11.194999694824219,11.170000076293945,11.194999694824219,49773,0.0,0.0,0.0
2024-09-03 10:55:00-04:00,11.1899995803833,11.1899995803833,11.170000076293945,11.180000305175781,16564,0.0,0.0,0.0
2024-09-03 11:00:00-04:00,11.182000160217285,11.1899995803833,11.170000076293945,11.1899995803833,45355,0.0,0.0,0.0
2024-09-03 11:05:00-04:00,11.170000076293945,11.220000267028809,11.170000076293945,11.220000267028809,21054,0.0,0.0,0.0
2024-09-03 11:10:00-04:00,11.21500015258789,11.229999542236328,11.199999809265137,11.20989990234375,21808,0.0,0.0,0.0
2024-09-03 11:15:00-04:00,11.210000038146973,11.210000038146973,11.180000305175781,11.1850004196167,26815,0.0,0.0,0.0
2024-09-03 11:20:00-04:00,11.1899995803833,11.204999923706055,11.1899995803833,11.194999694824219,101724,0.0,0.0,0.0
2024-09-03 11:25:00-04:00,11.199999809265137,11.20989990234375,11.180000305175781,11.199999809265137,59330,0.0,0.0,0.0
2024-09-03 11:30:00-04:00,11.204999923706055,11.225000381469727,11.204999923706055,11.220000267028809,11304,0.0,0.0,0.0
2024-09-03 11:35:00-04:00,11.220000267028809,11.229999542236328,11.210000038146973,11.227499961853027,60783,0.0,0.0,0.0
2024-09-03 11:40:00-04:00,11.225000381469727,11.225000381469727,11.199999809265137,11.210000038146973,46903,0.0,0.0,0.0
2024-09-03 11:45:00-04:00,11.220000267028809,11.220000267028809,11.194999694824219,11.199999809265137,28272,0.0,0.0,0.0
2024-09-03 11:50:00-04:00,11.204999923706055,11.239999771118164,11.199999809265137,11.239999771118164,62184,0.0,0.0,0.0
2024-09-03 11:55:00-04:00,11.239999771118164,11.239999771118164,11.229900360107422,11.239899635314941,18024,0.0,0.0,0.0
2024-09-03 12:00:00-04:00,11.239999771118164,11.239999771118164,11.220100402832031,11.220100402832031,17974,0.0,0.0,0.0
2024-09-03 12:05:00-04:00,11.220000267028809,11.220000267028809,11.199999809265137,11.199999809265137,2231,0.0,0.0,0.0
2024-09-03 12:10:00-04:00,11.210000038146973,11.210100173950195,11.204999923706055,11.210100173950195,4368,0.0,0.0,0.0
2024-09-03 12:15:00-04:00,11.21500015258789,11.229999542236328,11.210000038146973,11.210000038146973,6056,0.0,0.0,0.0
2024-09-03 12:20:00-04:00,11.210000038146973,11.220000267028809,11.210000038146973,11.210000038146973,3004,0.0,0.0,0.0
2024-09-03 12:25:00-04:00,11.20009994506836,11.210000038146973,11.199999809265137,11.199999809265137,13258,0.0,0.0,0.0
2024-09-03 12:30:00-04:00,11.210000038146973,11.210000038146973,11.1899995803833,11.1899995803833,7204,0.0,0.0,0.0
2024-09-03 12:35:00-04:00,11.1899995803833,11.219900131225586,11.1899995803833,11.21500015258789,23296,0.0,0.0,0.0
2024-09-03 12:40:00-04:00,11.239999771118164,11.239999771118164,11.219900131225586,11.220000267028809,32475,0.0,0.0,0.0
2024-09-03 12:45:00-04:00,11.220000267028809,11.220000267028809,11.1899995803833,11.1899995803833,7284,0.0,0.0,0.0
2024-09-03 12:50:00-04:00,11.1899995803833,11.1899995803833,11.18970012664795,11.1899995803833,7279,0.0,0.0,0.0
2024-09-03 12:55:00-04:00,11.199999809265137,11.210000038146973,11.199999809265137,11.210000038146973,4395,0.0,0.0,0.0
2024-09-03 13:00:00-04:00,11.20989990234375,11.20989990234375,11.1899995803833,11.1899995803833,2271,0.0,0.0,0.0
2024-09-03 13:05:00-04:00,11.1899995803833,11.220000267028809,11.1850004196167,11.220000267028809,2681,0.0,0.0,0.0
2024-09-03 13:10:00-04:00,11.220000267028809,11.220000267028809,11.199999809265137,11.199999809265137,11415,0.0,0.0,0.0
2024-09-03 13:15:00-04:00,11.199999809265137,11.210000038146973,11.194999694824219,11.210000038146973,3239,0.0,0.0,0.0
2024-09-03 13:20:00-04:00,11.220000267028809,11.234999656677246,11.220000267028809,11.234999656677246,2724,0.0,0.0,0.0
2024-09-03 13:25:00-04:00,11.239999771118164,11.25,11.229999542236328,11.239999771118164,4192,0.0,0.0,0.0
2024-09-03 13:30:00-04:00,11.239999771118164,11.239999771118164,11.210000038146973,11.225000381469727,9624,0.0,0.0,0.0
2024-09-03 13:35:00-04:00,11.220000267028809,11.239999771118164,11.220000267028809,11.239999771118164,32690,0.0,0.0,0.0
2024-09-03 13:40:00-04:00,11.239999771118164,11.239999771118164,11.229999542236328,11.229999542236328,2750,0.0,0.0,0.0
2024-09-03 13:45:00-04:00,11.229999542236328,11.229999542236328,11.210000038146973,11.210000038146973,66417,0.0,0.0,0.0
2024-09-03 13:50:00-04:00,11.210000038146973,11.219900131225586,11.199999809265137,11.210000038146973,16570,0.0,0.0,0.0
2024-09-03 13:55:00-04:00,11.210000038146973,11.210000038146973,11.180000305175781,11.180000305175781,29083,0.0,0.0,0.0
2024-09-03 14:00:00-04:00,11.170000076293945,11.180000305175781,11.15999984741211,11.164999961853027,3613,0.0,0.0,0.0
2024-09-03 14:05:00-04:00,11.164999961853027,11.180000305175781,11.15999984741211,11.170000076293945,6329,0.0,0.0,0.0
2024-09-03 14:10:00-04:00,11.170000076293945,11.180000305175781,11.15999984741211,11.170000076293945,54056,0.0,0.0,0.0
2024-09-03 14:15:00-04:00,11.170000076293945,11.1899995803833,11.170000076293945,11.180000305175781,17662,0.0,0.0,0.0
2024-09-03 14:20:00-04:00,11.1899995803833,11.194999694824219,11.170100212097168,11.170100212097168,3358,0.0,0.0,0.0
2024-09-03 14:25:00-04:00,11.180000305175781,11.1899995803833,11.175000190734863,11.1850004196167,5624,0.0,0.0,0.0
2024-09-03 14:30:00-04:00,11.1850004196167,11.1899995803833,11.180000305175781,11.1899995803833,7703,0.0,0.0,0.0
2024-09-03 14:35:00-04:00,11.1899995803833,11.1899995803833,11.180000305175781,11.180000305175781,3007,0.0,0.0,0.0
2024-09-03 14:40:00-04:00,11.1850004196167,11.1899995803833,11.170000076293945,11.175000190734863,13690,0.0,0.0,0.0
2024-09-03 14:45:00-04:00,11.170000076293945,11.175000190734863,11.170000076293945,11.170000076293945,3683,0.0,0.0,0.0
2024-09-03 14:50:00-04:00,11.175000190734863,11.199999809265137,11.170000076293945,11.1899995803833,71959,0.0,0.0,0.0
2024-09-03 14:55:00-04:00,11.1899995803833,11.194999694824219,11.1899995803833,11.1899995803833,12642,0.0,0.0,0.0
2024-09-03 15:00:00-04:00,11.199999809265137,11.204999923706055,11.1899995803833,11.204999923706055,17798,0.0,0.0,0.0
2024-09-03 15:05:00-04:00,11.199999809265137,11.220000267028809,11.199999809265137,11.204999923706055,16667,0.0,0.0,0.0
2024-09-03 15:10:00-04:00,11.204999923706055,11.210000038146973,11.20009994506836,11.204999923706055,4330,0.0,0.0,0.0
2024-09-03 15:15:00-04:00,11.204999923706055,11.204999923706055,11.180000305175781,11.194999694824219,18176,0.0,0.0,0.0
2024-09-03 15:20:00-04:00,11.195899963378906,11.199999809265137,11.1899995803833,11.194999694824219,8473,0.0,0.0,0.0
2024-09-03 15:25:00-04:00,11.194999694824219,11.199999809265137,11.1899995803833,11.199999809265137,15790,0.0,0.0,0.0
2024-09-03 15:30:00-04:00,11.194999694824219,11.210000038146973,11.170000076293945,11.179900169372559,27551,0.0,0.0,0.0
2024-09-03 15:35:00-04:00,11.170000076293945,11.170000076293945,11.140199661254883,11.145000457763672,85298,0.0,0.0,0.0
2024-09-03 15:40:00-04:00,11.149999618530273,11.180000305175781,11.14009952545166,11.180000305175781,39663,0.0,0.0,0.0
2024-09-03 15:45:00-04:00,11.180000305175781,11.1899995803833,11.170000076293945,11.1899995803833,72987,0.0,0.0,0.0
2024-09-03 15:50:00-04:00,11.1899995803833,11.210000038146973,11.1899995803833,11.194999694824219,109076,0.0,0.0,0.0
2024-09-03 15:55:00-04:00,11.194999694824219,11.210000038146973,11.1899995803833,11.210000038146973,56889,0.0,0.0,0.0
2024-09-04 09:30:00-04:00,11.210000038146973,11.210000038146973,11.079999923706055,11.199999809265137,108481,0.0,0.0,0.0
2024-09-04 09:35:00-04:00,11.199999809265137,11.199999809265137,11.140000343322754,11.145000457763672,29035,0.0,0.0,0.0
2024-09-04 09:40:00-04:00,11.149999618530273,11.160099983215332,11.104999542236328,11.110099792480469,10914,0.0,0.0,0.0
2024-09-04 09:45:00-04:00,11.109999656677246,11.164999961853027,11.104999542236328,11.145000457763672,13564,0.0,0.0,0.0
2024-09-04 09:50:00-04:00,11.154999732971191,11.154999732971191,11.130000114440918,11.140000343322754,2577,0.0,0.0,0.0
2024-09-04 09:55:00-04:00,11.149999618530273,11.170000076293945,11.145000457763672,11.15999984741211,9559,0.0,0.0,0.0
2024-09-04 10:00:00-04:00,11.170000076293945,11.260000228881836,11.170000076293945,11.210000038146973,110950,0.0,0.0,0.0
2024-09-04 10:05:00-04:00,11.199999809265137,11.260000228881836,11.187000274658203,11.25,101721,0.0,0.0,0.0
2024-09-04 10:10:00-04:00,11.25,11.260000228881836,11.199999809265137,11.229999542236328,31341,0.0,0.0,0.0
2024-09-04 10:15:00-04:00,11.226499557495117,11.229999542236328,11.1899995803833,11.20989990234375,10419,0.0,0.0,0.0
2024-09-04 10:20:00-04:00,11.20989990234375,11.229900360107422,11.204999923706055,11.22130012512207,6299,0.0,0.0,0.0
2024-09-04 10:25:00-04:00,11.225000381469727,11.229999542236328,11.21500015258789,11.220000267028809,16207,0.0,0.0,0.0
2024-09-04 10:30:00-04:00,11.225000381469727,11.265000343322754,11.225000381469727,11.265000343322754,31634,0.0,0.0,0.0
2024-09-04 10:35:00-04:00,11.270000457763672,11.305000305175781,11.260000228881836,11.305000305175781,15192,0.0,0.0,0.0
2024-09-04 10:40:00-04:00,11.305000305175781,11.347700119018555,11.29990005493164,11.34000015258789,128525,0.0,0.0,0.0
2024-09-04 10:45:00-04:00,11.345000267028809,11.345000267028809,11.305000305175781,11.3100004196167,8590,0.0,0.0,0.0
2024-09-04 10:50:00-04:00,11.3100004196167,11.329999923706055,11.295000076293945,11.300000190734863,0,0.0,0.0,0.0
2024-09-04 10:55:00-04:00,11.289999961853027,11.295000076293945,11.279999732971191,11.279999732971191,700676,0.0,0.0,0.0
2024-09-04 11:00:00-04:00,11.28499984741211,11.289999961853027,11.279999732971191,11.28499984741211,9826,0.0,0.0,0.0
2024-09-04 11:05:00-04:00,11.279999732971191,11.289999961853027,11.270000457763672,11.279999732971191,4411,0.0,0.0,0.0
2024-09-04 11:10:00-04:00,11.274999618530273,11.279999732971191,11.229999542236328,11.234999656677246,107932,0.0,0.0,0.0
2024-09-04 11:15:00-04:00,11.239999771118164,11.239999771118164,11.220000267028809,11.229999542236328,12688,0.0,0.0,0.0
2024-09-04 11:20:00-04:00,11.229999542236328,11.239999771118164,11.21500015258789,11.21500015258789,14791,0.0,0.0,0.0
2024-09-04 11:25:00-04:00,11.21500015258789,11.229999542236328,11.210000038146973,11.228500366210938,7088,0.0,0.0,0.0
2024-09-04 11:30:00-04:00,11.220000267028809,11.239999771118164,11.220000267028809,11.239999771118164,26227,0.0,0.0,0.0
2024-09-04 11:35:00-04:00,11.239999771118164,11.239999771118164,11.210000038146973,11.210000038146973,6882,0.0,0.0,0.0
2024-09-04 11:40:00-04:00,11.220000267028809,11.229999542236328,11.210100173950195,11.220000267028809,4147,0.0,0.0,0.0
2024-09-04 11:45:00-04:00,11.220000267028809,11.229999542236328,11.210100173950195,11.21500015258789,7430,0.0,0.0,0.0
2024-09-04 11:50:00-04:00,11.210000038146973,11.220000267028809,11.204999923706055,11.220000267028809,4587,0.0,0.0,0.0
2024-09-04 11:55:00-04:00,11.220000267028809,11.229999542236328,11.210000038146973,11.229999542236328,3702,0.0,0.0,0.0
2024-09-04 12:00:00-04:00,11.220000267028809,11.239999771118164,11.220000267028809,11.229999542236328,1142,0.0,0.0,0.0
2024-09-04 12:05:00-04:00,11.225000381469727,11.239999771118164,11.220000267028809,11.234999656677246,4439,0.0,0.0,0.0
2024-09-04 12:10:00-04:00,11.239999771118164,11.25,11.225000381469727,11.225000381469727,1979,0.0,0.0,0.0
2024-09-04 12:15:00-04:00,11.22029972076416,11.25,11.22029972076416,11.245100021362305,10455,0.0,0.0,0.0
2024-09-04 12:20:00-04:00,11.240099906921387,11.265000343322754,11.240099906921387,11.265000343322754,2447,0.0,0.0,0.0
2024-09-04 12:25:00-04:00,11.265000343322754,11.265000343322754,11.244999885559082,11.244999885559082,4094,0.0,0.0,0.0
2024-09-04 12:30:00-04:00,11.244999885559082,11.265000343322754,11.244999885559082,11.260000228881836,5192,0.0,0.0,0.0
2024-09-04 12:35:00-04:00,11.25,11.265000343322754,11.244999885559082,11.265000343322754,2429,0.0,0.0,0.0
2024-09-04 12:40:00-04:00,11.260000228881836,11.260000228881836,11.229999542236328,11.229999542236328,2921,0.0,0.0,0.0
2024-09-04 12:45:00-04:00,11.21500015258789,11.220000267028809,11.21500015258789,11.220000267028809,1609,0.0,0.0,0.0
2024-09-04 12:50:00-04:00,11.230199813842773,11.25,11.230199813842773,11.25,6256,0.0,0.0,0.0
2024-09-04 12:55:00-04:00,11.25,11.260000228881836,11.244999885559082,11.255000114440918,4800,0.0,0.0,0.0
2024-09-04 13:00:00-04:00,11.255000114440918,11.255000114440918,11.239899635314941,11.239899635314941,4852,0.0,0.0,0.0
2024-09-04 13:05:00-04:00,11.25979995727539,11.270000457763672,11.25979995727539,11.262100219726562,6136,0.0,0.0,0.0
2024-09-04 13:10:00-04:00,11.265000343322754,11.265000343322754,11.249899864196777,11.249899864196777,2970,0.0,0.0,0.0
2024-09-04 13:15:00-04:00,11.247599601745605,11.255000114440918,11.247599601745605,11.25,18329,0.0,0.0,0.0
2024-09-04 13:20:00-04:00,11.255000114440918,11.25529956817627,11.220000267028809,11.220000267028809,13085,0.0,0.0,0.0
2024-09-04 13:25:00-04:00,11.22249984741211,11.229999542236328,11.204999923706055,11.204999923706055,26156,0.0,0.0,0.0
2024-09-04 13:30:00-04:00,11.199999809265137,11.199999809265137,11.1850004196167,11.192099571228027,43473,0.0,0.0,0.0
2024-09-04 13:35:00-04:00,11.204999923706055,11.210000038146973,11.1850004196167,11.1899995803833,12610,0.0,0.0,0.0
2024-09-04 13:40:00-04:00,11.199999809265137,11.199999809265137,11.170000076293945,11.170000076293945,8153,0.0,0.0,0.0
2024-09-04 13:45:00-04:00,11.175000190734863,11.175000190734863,11.164999961853027,11.169899940490723,1712,0.0,0.0,0.0
2024-09-04 13:50:00-04:00,11.164999961853027,11.170000076293945,11.149999618530273,11.164999961853027,11700,0.0,0.0,0.0
2024-09-04 13:55:00-04:00,11.164999961853027,11.1850004196167,11.16450023651123,11.1850004196167,12268,0.0,0.0,0.0
2024-09-04 14:00:00-04:00,11.182499885559082,11.182499885559082,11.15999984741211,11.170000076293945,5526,0.0,0.0,0.0
2024-09-04 14:05:00-04:00,11.15999984741211,11.15999984741211,11.149999618530273,11.15999984741211,2706,0.0,0.0,0.0
2024-09-04 14:10:00-04:00,11.15999984741211,11.170000076293945,11.154999732971191,11.157500267028809,7921,0.0,0.0,0.0
2024-09-04 14:15:00-04:00,11.169699668884277,11.175000190734863,11.15999984741211,11.170000076293945,13352,0.0,0.0,0.0
2024-09-04 14:20:00-04:00,11.164999961853027,11.164999961853027,11.149800300598145,11.149800300598145,5566,0.0,0.0,0.0
2024-09-04 14:25:00-04:00,11.149999618530273,11.180000305175781,11.149999618530273,11.170000076293945,44578,0.0,0.0,0.0
2024-09-04 14:30:00-04:00,11.164999961853027,11.1850004196167,11.15999984741211,11.180000305175781,6713,0.0,0.0,0.0
2024-09-04 14:35:00-04:00,11.175000190734863,11.175000190734863,11.15999984741211,11.15999984741211,8327,0.0,0.0,0.0
2024-09-04 14:40:00-04:00,11.163900375366211,11.175000190734863,11.160099983215332,11.170100212097168,8221,0.0,0.0,0.0
2024-09-04 14:45:00-04:00,11.170000076293945,11.1850004196167,11.1697998046875,11.180000305175781,6692,0.0,0.0,0.0
2024-09-04 14:50:00-04:00,11.180000305175781,11.1850004196167,11.170000076293945,11.1850004196167,29383,0.0,0.0,0.0
2024-09-04 14:55:00-04:00,11.1850004196167,11.1899995803833,11.175000190734863,11.175000190734863,2540,0.0,0.0,0.0
2024-09-04 15:00:00-04:00,11.170000076293945,11.170000076293945,11.149999618530273,11.149999618530273,5489,0.0,0.0,0.0
2024-09-04 15:05:00-04:00,11.154999732971191,11.164999961853027,11.154999732971191,11.15999984741211,9045,0.0,0.0,0.0
2024-09-04 15:10:00-04:00,11.149999618530273,11.15999984741211,11.149999618530273,11.15999984741211,5425,0.0,0.0,0.0
2024-09-04 15:15:00-04:00,11.15999984741211,11.170000076293945,11.15999984741211,11.163900375366211,19692,0.0,0.0,0.0
2024-09-04 15:20:00-04:00,11.164999961853027,11.180000305175781,11.164999961853027,11.170000076293945,22322,0.0,0.0,0.0
2024-09-04 15:25:00-04:00,11.175000190734863,11.180000305175781,11.15999984741211,11.164999961853027,16175,0.0,0.0,0.0
2024-09-04 15:30:00-04:00,11.164999961853027,11.167200088500977,11.154999732971191,11.154999732971191,13620,0.0,0.0,0.0
2024-09-04 15:35:00-04:00,11.154999732971191,11.159899711608887,11.145000457763672,11.145600318908691,19138,0.0,0.0,0.0
2024-09-04 15:40:00-04:00,11.14900016784668,11.15999984741211,11.135600090026855,11.15999984741211,62217,0.0,0.0,0.0
2024-09-04 15:45:00-04:00,11.152799606323242,11.159899711608887,11.140000343322754,11.145000457763672,13413,0.0,0.0,0.0
2024-09-04 15:50:00-04:00,11.145000457763672,11.145000457763672,11.130000114440918,11.135700225830078,28314,0.0,0.0,0.0
2024-09-04 15:55:00-04:00,11.130000114440918,11.140000343322754,11.119999885559082,11.125,47680,0.0,0.0,0.0
2024-09-05 09:30:00-04:00,11.5,11.5,11.300000190734863,11.319999694824219,168129,0.0,0.0,0.0
2024-09-05 09:35:00-04:00,11.319999694824219,11.390000343322754,11.3149995803833,11.369999885559082,73194,0.0,0.0,0.0
2024-09-05 09:40:00-04:00,11.380000114440918,11.380000114440918,11.319999694824219,11.332500457763672,42432,0.0,0.0,0.0
2024-09-05 09:45:00-04:00,11.335000038146973,11.34000015258789,11.270000457763672,11.270000457763672,50365,0.0,0.0,0.0
2024-09-05 09:50:00-04:00,11.274999618530273,11.319999694824219,11.274999618530273,11.29990005493164,43819,0.0,0.0,0.0
2024-09-05 09:55:00-04:00,11.300000190734863,11.34000015258789,11.300000190734863,11.335000038146973,20312,0.0,0.0,0.0
2024-09-05 10:00:00-04:00,11.329999923706055,11.349100112915039,11.300000190734863,11.349100112915039,19173,0.0,0.0,0.0
2024-09-05 10:05:00-04:00,11.34000015258789,11.369999885559082,11.329999923706055,11.329999923706055,40383,0.0,0.0,0.0
2024-09-05 10:10:00-04:00,11.340100288391113,11.349900245666504,11.300000190734863,11.335000038146973,4890,0.0,0.0,0.0
2024-09-05 10:15:00-04:00,11.350000381469727,11.399999618530273,11.350000381469727,11.399999618530273,19587,0.0,0.0,0.0
2024-09-05 10:20:00-04:00,11.395000457763672,11.399999618530273,11.390000343322754,11.399999618530273,19143,0.0,0.0,0.0
2024-09-05 10:25:00-04:00,11.381799697875977,11.414999961853027,11.369999885559082,11.370100021362305,26513,0.0,0.0,0.0
2024-09-05 10:30:00-04:00,11.390000343322754,11.395000457763672,11.369999885559082,11.395000457763672,53597,0.0,0.0,0.0
2024-09-05 10:35:00-04:00,11.395000457763672,11.439900398254395,11.390000343322754,11.414999961853027,26256,0.0,0.0,0.0
2024-09-05 10:40:00-04:00,11.40999984741211,11.420000076293945,11.392499923706055,11.399999618530273,47966,0.0,0.0,0.0
2024-09-05 10:45:00-04:00,11.390000343322754,11.390000343322754,11.375,11.380000114440918,7808,0.0,0.0,0.0
2024-09-05 10:50:00-04:00,11.375,11.385000228881836,11.364999771118164,11.369999885559082,58197,0.0,0.0,0.0
2024-09-05 10:55:00-04:00,11.369999885559082,11.380000114440918,11.359999656677246,11.359999656677246,26907,0.0,0.0,0.0
2024-09-05 11:00:00-04:00,11.369999885559082,11.369999885559082,11.324999809265137,11.33899974822998,12830,0.0,0.0,0.0
2024-09-05 11:05:00-04:00,11.34000015258789,11.34000015258789,11.3100004196167,11.3100004196167,6056,0.0,0.0,0.0
2024-09-05 11:10:00-04:00,11.305000305175781,11.3100004196167,11.289999961853027,11.29010009765625,29717,0.0,0.0,0.0
2024-09-05 11:15:00-04:00,11.295000076293945,11.300000190734863,11.29010009765625,11.29010009765625,9348,0.0,0.0,0.0
2024-09-05 11:20:00-04:00,11.300000190734863,11.3149995803833,11.293299674987793,11.293299674987793,15044,0.0,0.0,0.0
2024-09-05 11:25:00-04:00,11.289999961853027,11.289999961853027,11.270000457763672,11.270000457763672,35881,0.0,0.0,0.0
2024-09-05 11:30:00-04:00,11.270000457763672,11.279999732971191,11.265000343322754,11.279899597167969,10862,0.0,0.0,0.0
2024-09-05 11:35:00-04:00,11.270000457763672,11.300000190734863,11.270000457763672,11.289999961853027,45684,0.0,0.0,0.0
2024-09-05 11:40:00-04:00,11.289999961853027,11.289999961853027,11.220000267028809,11.220000267028809,49289,0.0,0.0,0.0
2024-09-05 11:45:00-04:00,11.225000381469727,11.225000381469727,11.1899995803833,11.194999694824219,85319,0.0,0.0,0.0
2024-09-05 11:50:00-04:00,11.199999809265137,11.204999923706055,11.1899995803833,11.199999809265137,19157,0.0,0.0,0.0
2024-09-05 11:55:00-04:00,11.20009994506836,11.20009994506836,11.1850004196167,11.1850004196167,28737,0.0,0.0,0.0
2024-09-05 12:00:00-04:00,11.189900398254395,11.226799964904785,11.180000305175781,11.225000381469727,13380,0.0,0.0,0.0
2024-09-05 12:05:00-04:00,11.229999542236328,11.244999885559082,11.225000381469727,11.229999542236328,8800,0.0,0.0,0.0
2024-09-05 12:10:00-04:00,11.225000381469727,11.229999542236328,11.210000038146973,11.229999542236328,15860,0.0,0.0,0.0
2024-09-05 12:15:00-04:00,11.229999542236328,11.234999656677246,11.225000381469727,11.234999656677246,2261,0.0,0.0,0.0
2024-09-05 12:20:00-04:00,11.234999656677246,11.255000114440918,11.234999656677246,11.25,7470,0.0,0.0,0.0
2024-09-05 12:25:00-04:00,11.25,11.274999618530273,11.25,11.25979995727539,24849,0.0,0.0,0.0
2024-09-05 12:30:00-04:00,11.260000228881836,11.260000228881836,11.255000114440918,11.255000114440918,4465,0.0,0.0,0.0
2024-09-05 12:35:00-04:00,11.25790023803711,11.26990032196045,11.255000114440918,11.255000114440918,2062,0.0,0.0,0.0
2024-09-05 12:40:00-04:00,11.255000114440918,11.260000228881836,11.25,11.25,4971,0.0,0.0,0.0
2024-09-05 12:45:00-04:00,11.25,11.25,11.23390007019043,11.237099647521973,2272,0.0,0.0,0.0
2024-09-05 12:50:00-04:00,11.229999542236328,11.239999771118164,11.229999542236328,11.229999542236328,3158,0.0,0.0,0.0
2024-09-05 12:55:00-04:00,11.239700317382812,11.255000114440918,11.239700317382812,11.25,2613,0.0,0.0,0.0
2024-09-05 13:00:00-04:00,11.25,11.255000114440918,11.239999771118164,11.239999771118164,2278,0.0,0.0,0.0
2024-09-05 13:05:00-04:00,11.244999885559082,11.244999885559082,11.229999542236328,11.239999771118164,617,0.0,0.0,0.0
2024-09-05 13:10:00-04:00,11.239999771118164,11.25,11.239999771118164,11.25,1729,0.0,0.0,0.0
2024-09-05 13:15:00-04:00,11.244999885559082,11.25,11.234999656677246,11.25,6039,0.0,0.0,0.0
2024-09-05 13:20:00-04:00,11.25,11.260000228881836,11.25,11.260000228881836,24940,0.0,0.0,0.0
2024-09-05 13:25:00-04:00,11.260000228881836,11.270000457763672,11.25,11.25,14128,0.0,0.0,0.0
2024-09-05 13:30:00-04:00,11.255000114440918,11.255000114440918,11.255000114440918,11.255000114440918,939,0.0,0.0,0.0
2024-09-05 13:35:00-04:00,11.255000114440918,11.266200065612793,11.25469970703125,11.265000343322754,4485,0.0,0.0,0.0
2024-09-05 13:40:00-04:00,11.270000457763672,11.270000457763672,11.25,11.25,5913,0.0,0.0,0.0
2024-09-05 13:45:00-04:00,11.270000457763672,11.279999732971191,11.270000457763672,11.279999732971191,1567,0.0,0.0,0.0
2024-09-05 13:50:00-04:00,11.265000343322754,11.274999618530273,11.265000343322754,11.274999618530273,1001,0.0,0.0,0.0
2024-09-05 13:55:00-04:00,11.265000343322754,11.289999961853027,11.265000343322754,11.289999961853027,5179,0.0,0.0,0.0
2024-09-05 14:00:00-04:00,11.289999961853027,11.295000076293945,11.279999732971191,11.289600372314453,4878,0.0,0.0,0.0
2024-09-05 14:05:00-04:00,11.28499984741211,11.28499984741211,11.265000343322754,11.265000343322754,5140,0.0,0.0,0.0
2024-09-05 14:10:00-04:00,11.265000343322754,11.270099639892578,11.263400077819824,11.270000457763672,2847,0.0,0.0,0.0
2024-09-05 14:15:00-04:00,11.265000343322754,11.270000457763672,11.260000228881836,11.265000343322754,4799,0.0,0.0,0.0
2024-09-05 14:20:00-04:00,11.26039981842041,11.274999618530273,11.255000114440918,11.274999618530273,3173,0.0,0.0,0.0
2024-09-05 14:25:00-04:00,11.274999618530273,11.279999732971191,11.270000457763672,11.274999618530273,5371,0.0,0.0,0.0
2024-09-05 14:30:00-04:00,11.270000457763672,11.289999961853027,11.270000457763672,11.28499984741211,8583,0.0,0.0,0.0
2024-09-05 14:35:00-04:00,11.289999961853027,11.289999961853027,11.28499984741211,11.28499984741211,2375,0.0,0.0,0.0
2024-09-05 14:40:00-04:00,11.28499984741211,11.289999961853027,11.28499984741211,11.28499984741211,3258,0.0,0.0,0.0
2024-09-05 14:45:00-04:00,11.28499984741211,11.296099662780762,11.28499984741211,11.295000076293945,3734,0.0,0.0,0.0
2024-09-05 14:50:00-04:00,11.296299934387207,11.29990005493164,11.28499984741211,11.28499984741211,3105,0.0,0.0,0.0
2024-09-05 14:55:00-04:00,11.279999732971191,11.286600112915039,11.279999732971191,11.279999732971191,1966,0.0,0.0,0.0
2024-09-05 15:00:00-04:00,11.274999618530273,11.279999732971191,11.274499893188477,11.274499893188477,4940,0.0,0.0,0.0
2024-09-05 15:05:00-04:00,11.275199890136719,11.28499984741211,11.260000228881836,11.271400451660156,41737,0.0,0.0,0.0
2024-09-05 15:10:00-04:00,11.274999618530273,11.279999732971191,11.270000457763672,11.270000457763672,30038,0.0,0.0,0.0
2024-09-05 15:15:00-04:00,11.259900093078613,11.259900093078613,11.225000381469727,11.234999656677246,17065,0.0,0.0,0.0
2024-09-05 15:20:00-04:00,11.239700317382812,11.249899864196777,11.239700317382812,11.244999885559082,4958,0.0,0.0,0.0
2024-09-05 15:25:00-04:00,11.244999885559082,11.260000228881836,11.244999885559082,11.260000228881836,6314,0.0,0.0,0.0
2024-09-05 15:30:00-04:00,11.255000114440918,11.279899597167969,11.25,11.274999618530273,26342,0.0,0.0,0.0
2024-09-05 15:35:00-04:00,11.270000457763672,11.270000457763672,11.244999885559082,11.244999885559082,19489,0.0,0.0,0.0
2024-09-05 15:40:00-04:00,11.244999885559082,11.249899864196777,11.220000267028809,11.225000381469727,13545,0.0,0.0,0.0
2024-09-05 15:45:00-04:00,11.229999542236328,11.244999885559082,11.225000381469727,11.239999771118164,15879,0.0,0.0,0.0
2024-09-05 15:50:00-04:00,11.239999771118164,11.239999771118164,11.199999809265137,11.199999809265137,25361,0.0,0.0,0.0
2024-09-05 15:55:00-04:00,11.21500015258789,11.220000267028809,11.199999809265137,11.210000038146973,73601,0.0,0.0,0.0
2024-09-06 09:30:00-04:00,11.199999809265137,11.25,11.130000114440918,11.199999809265137,66269,0.0,0.0,0.0
2024-09-06 09:35:00-04:00,11.199999809265137,11.25,11.140000343322754,11.140000343322754,29818,0.0,0.0,0.0
2024-09-06 09:40:00-04:00,11.15999984741211,11.180000305175781,11.130000114440918,11.15999984741211,19355,0.0,0.0,0.0
2024-09-06 09:45:00-04:00,11.164999961853027,11.229999542236328,11.164999961853027,11.204999923706055,26596,0.0,0.0,0.0
2024-09-06 09:50:00-04:00,11.210000038146973,11.210000038146973,11.15999984741211,11.15999984741211,5154,0.0,0.0,0.0
2024-09-06 09:55:00-04:00,11.162400245666504,11.1850004196167,11.154999732971191,11.154999732971191,12832,0.0,0.0,0.0
2024-09-06 10:00:00-04:00,11.140000343322754,11.140000343322754,11.100000381469727,11.109999656677246,47884,0.0,0.0,0.0
2024-09-06 10:05:00-04:00,11.074999809265137,11.09000015258789,11.0600004196167,11.0600004196167,22732,0.0,0.0,0.0
2024-09-06 10:10:00-04:00,11.0600004196167,11.09000015258789,11.055000305175781,11.0649995803833,23952,0.0,0.0,0.0
2024-09-06 10:15:00-04:00,11.0600004196167,11.095000267028809,11.0600004196167,11.09000015258789,9356,0.0,0.0,0.0
2024-09-06 10:20:00-04:00,11.086000442504883,11.100000381469727,11.079999923706055,11.079999923706055,907,0.0,0.0,0.0
2024-09-06 10:25:00-04:00,11.069999694824219,11.069999694824219,11.010000228881836,11.010000228881836,23523,0.0,0.0,0.0
2024-09-06 10:30:00-04:00,11.005000114440918,11.005000114440918,10.970000267028809,10.979900360107422,25136,0.0,0.0,0.0
2024-09-06 10:35:00-04:00,10.970000267028809,11.010000228881836,10.940099716186523,11.010000228881836,36128,0.0,0.0,0.0
2024-09-06 10:40:00-04:00,11.029999732971191,11.029999732971191,10.98449993133545,10.98449993133545,16076,0.0,0.0,0.0
2024-09-06 10:45:00-04:00,11.0,11.0,10.96500015258789,10.96500015258789,23530,0.0,0.0,0.0
2024-09-06 10:50:00-04:00,10.975000381469727,10.979999542236328,10.914999961853027,10.914999961853027,19919,0.0,0.0,0.0
2024-09-06 10:55:00-04:00,10.914999961853027,10.930000305175781,10.880000114440918,10.914999961853027,161369,0.0,0.0,0.0
2024-09-06 11:00:00-04:00,10.90999984741211,11.0649995803833,10.90999984741211,11.010000228881836,99979,0.0,0.0,0.0
2024-09-06 11:05:00-04:00,11.005000114440918,11.01990032196045,10.960000038146973,10.968700408935547,65662,0.0,0.0,0.0
2024-09-06 11:10:00-04:00,10.970000267028809,11.0,10.960000038146973,10.984999656677246,23639,0.0,0.0,0.0
2024-09-06 11:15:00-04:00,10.989999771118164,11.0,10.96500015258789,10.970000267028809,15638,0.0,0.0,0.0
2024-09-06 11:20:00-04:00,10.970000267028809,11.0,10.970000267028809,10.989999771118164,15673,0.0,0.0,0.0
2024-09-06 11:25:00-04:00,11.0,11.0,10.979999542236328,10.989999771118164,47542,0.0,0.0,0.0
2024-09-06 11:30:00-04:00,11.0,11.0,10.984999656677246,10.994999885559082,5069,0.0,0.0,0.0
2024-09-06 11:35:00-04:00,10.989999771118164,10.989999771118164,10.970000267028809,10.970000267028809,11412,0.0,0.0,0.0
2024-09-06 11:40:00-04:00,10.979999542236328,10.984999656677246,10.949999809265137,10.960000038146973,27851,0.0,0.0,0.0
2024-09-06 11:45:00-04:00,10.960000038146973,10.960000038146973,10.9350004196167,10.949999809265137,9768,0.0,0.0,0.0
2024-09-06 11:50:00-04:00,10.944999694824219,10.944999694824219,10.900099754333496,10.90999984741211,21259,0.0,0.0,0.0
2024-09-06 11:55:00-04:00,10.914999961853027,10.920000076293945,10.90999984741211,10.914799690246582,5055,0.0,0.0,0.0
2024-09-06 12:00:00-04:00,10.90999984741211,10.90999984741211,10.869999885559082,10.869999885559082,45696,0.0,0.0,0.0
2024-09-06 12:05:00-04:00,10.869999885559082,10.899999618530273,10.859999656677246,10.890000343322754,16841,0.0,0.0,0.0
2024-09-06 12:10:00-04:00,10.890000343322754,10.890000343322754,10.875,10.881500244140625,12772,0.0,0.0,0.0
2024-09-06 12:15:00-04:00,10.869999885559082,10.869999885559082,10.854999542236328,10.869999885559082,19205,0.0,0.0,0.0
2024-09-06 12:20:00-04:00,10.859999656677246,10.859999656677246,10.829999923706055,10.859999656677246,18376,0.0,0.0,0.0
2024-09-06 12:25:00-04:00,10.857999801635742,10.857999801635742,10.84000015258789,10.840100288391113,13790,0.0,0.0,0.0
2024-09-06 12:30:00-04:00,10.850000381469727,10.859999656677246,10.835000038146973,10.859999656677246,21379,0.0,0.0,0.0
2024-09-06 12:35:00-04:00,10.869999885559082,10.880000114440918,10.859999656677246,10.859999656677246,12615,0.0,0.0,0.0
2024-09-06 12:40:00-04:00,10.854999542236328,10.859999656677246,10.820099830627441,10.84000015258789,52820,0.0,0.0,0.0
2024-09-06 12:45:00-04:00,10.84000015258789,10.84000015258789,10.819999694824219,10.819999694824219,11574,0.0,0.0,0.0
2024-09-06 12:50:00-04:00,10.829999923706055,10.850000381469727,10.829999923706055,10.850000381469727,13892,0.0,0.0,0.0
2024-09-06 12:55:00-04:00,10.850000381469727,10.86989974975586,10.829999923706055,10.86989974975586,82507,0.0,0.0,0.0
2024-09-06 13:00:00-04:00,10.869999885559082,10.869999885559082,10.84000015258789,10.864999771118164,51797,0.0,0.0,0.0
2024-09-06 13:05:00-04:00,10.864999771118164,10.890000343322754,10.859999656677246,10.885000228881836,34849,0.0,0.0,0.0
2024-09-06 13:10:00-04:00,10.890000343322754,10.899999618530273,10.890000343322754,10.890000343322754,4501,0.0,0.0,0.0
2024-09-06 13:15:00-04:00,10.899999618530273,10.90999984741211,10.899999618530273,10.904999732971191,4320,0.0,0.0,0.0
2024-09-06 13:20:00-04:00,10.904999732971191,10.930000305175781,10.899999618530273,10.930000305175781,23833,0.0,0.0,0.0
2024-09-06 13:25:00-04:00,10.930000305175781,10.944999694824219,10.930000305175781,10.934000015258789,9838,0.0,0.0,0.0
2024-09-06 13:30:00-04:00,10.930000305175781,10.930000305175781,10.90999984741211,10.919899940490723,8361,0.0,0.0,0.0
2024-09-06 13:35:00-04:00,10.90999984741211,10.90999984741211,10.899999618530273,10.90999984741211,30428,0.0,0.0,0.0
2024-09-06 13:40:00-04:00,10.904999732971191,10.904999732971191,10.890000343322754,10.890000343322754,2139,0.0,0.0,0.0
2024-09-06 13:45:00-04:00,10.880000114440918,10.90999984741211,10.880000114440918,10.904999732971191,3566,0.0,0.0,0.0
2024-09-06 13:50:00-04:00,10.899999618530273,10.914999961853027,10.898099899291992,10.914999961853027,7542,0.0,0.0,0.0
2024-09-06 13:55:00-04:00,10.914999961853027,10.9350004196167,10.914999961853027,10.920000076293945,2002,0.0,0.0,0.0
2024-09-06 14:00:00-04:00,10.920000076293945,10.929100036621094,10.890000343322754,10.89680004119873,11796,0.0,0.0,0.0
2024-09-06 14:05:00-04:00,10.899999618530273,10.899999618530273,10.890000343322754,10.899999618530273,3259,0.0,0.0,0.0
2024-09-06 14:10:00-04:00,10.895000457763672,10.899999618530273,10.890000343322754,10.890000343322754,18195,0.0,0.0,0.0
2024-09-06 14:15:00-04:00,10.892000198364258,10.904999732971191,10.890000343322754,10.893600463867188,29196,0.0,0.0,0.0
2024-09-06 14:20:00-04:00,10.890000343322754,10.890000343322754,10.890000343322754,10.890000343322754,682,0.0,0.0,0.0
2024-09-06 14:25:00-04:00,10.890000343322754,10.899999618530273,10.890000343322754,10.895000457763672,14195,0.0,0.0,0.0
2024-09-06 14:30:00-04:00,10.890000343322754,10.890000343322754,10.880000114440918,10.880000114440918,1832,0.0,0.0,0.0
2024-09-06 14:35:00-04:00,10.869999885559082,10.875,10.860099792480469,10.860099792480469,8329,0.0,0.0,0.0
2024-09-06 14:40:00-04:00,10.859999656677246,10.870100021362305,10.859999656677246,10.869999885559082,5809,0.0,0.0,0.0
2024-09-06 14:45:00-04:00,10.869999885559082,10.869999885559082,10.859999656677246,10.859999656677246,15759,0.0,0.0,0.0
2024-09-06 14:50:00-04:00,10.859999656677246,10.869999885559082,10.859999656677246,10.862899780273438,3876,0.0,0.0,0.0
2024-09-06 14:55:00-04:00,10.861900329589844,10.880000114440918,10.861900329589844,10.864999771118164,4202,0.0,0.0,0.0
2024-09-06 15:00:00-04:00,10.869999885559082,10.869999885559082,10.85990047454834,10.859999656677246,1277,0.0,0.0,0.0
2024-09-06 15:05:00-04:00,10.875,10.890000343322754,10.870100021362305,10.878299713134766,7460,0.0,0.0,0.0
2024-09-06 15:10:00-04:00,10.875,10.880000114440918,10.869999885559082,10.869999885559082,1986,0.0,0.0,0.0
2024-09-06 15:15:00-04:00,10.875,10.880000114440918,10.869999885559082,10.875,8055,0.0,0.0,0.0
2024-09-06 15:20:00-04:00,10.878000259399414,10.885000228881836,10.872900009155273,10.885000228881836,23046,0.0,0.0,0.0
2024-09-06 15:25:00-04:00,10.880000114440918,10.890000343322754,10.880000114440918,10.88010025024414,13141,0.0,0.0,0.0
2024-09-06 15:30:00-04:00,10.880000114440918,10.885000228881836,10.854999542236328,10.859999656677246,30297,0.0,0.0,0.0
2024-09-06 15:35:00-04:00,10.850099563598633,10.859999656677246,10.850000381469727,10.854999542236328,23929,0.0,0.0,0.0
2024-09-06 15:40:00-04:00,10.854999542236328,10.859999656677246,10.850000381469727,10.854999542236328,26351,0.0,0.0,0.0
2024-09-06 15:45:00-04:00,10.851099967956543,10.890000343322754,10.851099967956543,10.890000343322754,22845,0.0,0.0,0.0
2024-09-06 15:50:00-04:00,10.890000343322754,10.890000343322754,10.84000015258789,10.84000015258789,17241,0.0,0.0,0.0
2024-09-06 15:55:00-04:00,10.84000015258789,10.840200424194336,10.824999809265137,10.829999923706055,24281,0.0,0.0,0.0
2024-09-09 09:30:00-04:00,10.890000343322754,10.979999542236328,10.890000343322754,10.979999542236328,94893,0.0,0.0,0.0
2024-09-09 09:35:00-04:00,10.989999771118164,11.020000457763672,10.979999542236328,11.015000343322754,49360,0.0,0.0,0.0
2024-09-09 09:40:00-04:00,11.0,11.015000343322754,10.970999717712402,10.979999542236328,54549,0.0,0.0,0.0
2024-09-09 09:45:00-04:00,10.984999656677246,11.01200008392334,10.98270034790039,10.989999771118164,21778,0.0,0.0,0.0
2024-09-09 09:50:00-04:00,11.010000228881836,11.010000228881836,10.979999542236328,10.989999771118164,16291,0.0,0.0,0.0
2024-09-09 09:55:00-04:00,10.989999771118164,11.0,10.970000267028809,10.989999771118164,22753,0.0,0.0,0.0
2024-09-09 10:00:00-04:00,10.999899864196777,11.0,10.984999656677246,11.0,56774,0.0,0.0,0.0
2024-09-09 10:05:00-04:00,11.0,11.0,10.979999542236328,10.989999771118164,5211,0.0,0.0,0.0
2024-09-09 10:10:00-04:00,10.995499610900879,11.020000457763672,10.989999771118164,11.010000228881836,14414,0.0,0.0,0.0
2024-09-09 10:15:00-04:00,11.024999618530273,11.0600004196167,11.010000228881836,11.010000228881836,27499,0.0,0.0,0.0
2024-09-09 10:20:00-04:00,11.010000228881836,11.020000457763672,10.979999542236328,11.0,17832,0.0,0.0,0.0
2024-09-09 10:25:00-04:00,11.03030014038086,11.03030014038086,11.005000114440918,11.005000114440918,9118,0.0,0.0,0.0
2024-09-09 10:30:00-04:00,11.0,11.010000228881836,10.963399887084961,10.979999542236328,5019,0.0,0.0,0.0
2024-09-09 10:35:00-04:00,10.98009967803955,10.994999885559082,10.970000267028809,10.979999542236328,12262,0.0,0.0,0.0
2024-09-09 10:40:00-04:00,10.979999542236328,10.989999771118164,10.970000267028809,10.970000267028809,9601,0.0,0.0,0.0
2024-09-09 10:45:00-04:00,10.970000267028809,10.989999771118164,10.970000267028809,10.989999771118164,6490,0.0,0.0,0.0
2024-09-09 10:50:00-04:00,11.0,11.0,10.979999542236328,11.0,4638,0.0,0.0,0.0
2024-09-09 10:55:00-04:00,11.005000114440918,11.010000228881836,10.984999656677246,10.984999656677246,5908,0.0,0.0,0.0
2024-09-09 11:00:00-04:00,10.96500015258789,10.979999542236328,10.960000038146973,10.970000267028809,5472,0.0,0.0,0.0
2024-09-09 11:05:00-04:00,10.960000038146973,10.989999771118164,10.960000038146973,10.98449993133545,3008,0.0,0.0,0.0
2024-09-09 11:10:00-04:00,10.975000381469727,10.975000381469727,10.9399995803833,10.947328567504883,891,0.0,0.0,0.0
2024-09-09 11:15:00-04:00,10.9399995803833,10.9399995803833,10.90999984741211,10.919899940490723,133310,0.0,0.0,0.0
2024-09-09 11:20:00-04:00,10.920000076293945,10.954999923706055,10.920000076293945,10.9399995803833,5829,0.0,0.0,0.0
2024-09-09 11:25:00-04:00,10.9399995803833,10.949999809265137,10.9399995803833,10.949999809265137,2857,0.0,0.0,0.0
2024-09-09 11:30:00-04:00,10.944999694824219,10.960000038146973,10.9399995803833,10.960000038146973,12432,0.0,0.0,0.0
2024-09-09 11:35:00-04:00,10.949999809265137,10.95297908782959,10.9399995803833,10.952873229980469,4689,0.0,0.0,0.0
2024-09-09 11:40:00-04:00,10.954999923706055,10.954999923706055,10.944999694824219,10.949999809265137,5145,0.0,0.0,0.0
2024-09-09 11:45:00-04:00,10.960000038146973,10.960000038146973,10.949999809265137,10.952099800109863,5730,0.0,0.0,0.0
2024-09-09 11:50:00-04:00,10.949999809265137,10.970000267028809,10.949999809265137,10.970000267028809,0,0.0,0.0,0.0
2024-09-09 11:55:00-04:00,10.970000267028809,10.98900032043457,10.970000267028809,10.979000091552734,622305,0.0,0.0,0.0
2024-09-09 12:00:00-04:00,10.979999542236328,10.999899864196777,10.979999542236328,10.995499610900879,9254,0.0,0.0,0.0
2024-09-09 12:05:00-04:00,10.994999885559082,11.0,10.979999542236328,10.994999885559082,19132,0.0,0.0,0.0
2024-09-09 12:10:00-04:00,10.989999771118164,11.0,10.989999771118164,11.0,9602,0.0,0.0,0.0
2024-09-09 12:15:00-04:00,11.0,11.0600004196167,11.0,11.039999961853027,65433,0.0,0.0,0.0
2024-09-09 12:20:00-04:00,11.029999732971191,11.036299705505371,11.010000228881836,11.010000228881836,3840,0.0,0.0,0.0
2024-09-09 12:30:00-04:00,11.024999618530273,11.029999732971191,11.024999618530273,11.029999732971191,693,0.0,0.0,0.0
2024-09-09 12:35:00-04:00,11.029999732971191,11.029999732971191,11.020000457763672,11.020000457763672,5471,0.0,0.0,0.0
2024-09-09 12:40:00-04:00,11.029999732971191,11.029999732971191,11.024999618530273,11.024999618530273,1371,0.0,0.0,0.0
2024-09-09 12:45:00-04:00,11.029999732971191,11.029999732971191,11.020000457763672,11.020999908447266,9335,0.0,0.0,0.0
2024-09-09 12:50:00-04:00,11.020000457763672,11.020000457763672,11.020000457763672,11.020000457763672,6495,0.0,0.0,0.0
2024-09-09 12:55:00-04:00,11.015000343322754,11.029999732971191,11.010000228881836,11.020299911499023,83065,0.0,0.0,0.0
2024-09-09 13:00:00-04:00,11.029999732971191,11.029999732971191,11.015000343322754,11.020000457763672,44131,0.0,0.0,0.0
2024-09-09 13:05:00-04:00,11.015000343322754,11.024999618530273,11.010000228881836,11.024499893188477,18634,0.0,0.0,0.0
2024-09-09 13:10:00-04:00,11.020000457763672,11.020000457763672,11.005000114440918,11.005000114440918,9142,0.0,0.0,0.0
2024-09-09 13:15:00-04:00,11.0,11.0,10.989999771118164,10.998200416564941,7215,0.0,0.0,0.0
2024-09-09 13:20:00-04:00,10.989999771118164,10.989999771118164,10.982099533081055,10.982099533081055,1924,0.0,0.0,0.0
2024-09-09 13:25:00-04:00,10.994999885559082,11.0,10.989999771118164,10.998000144958496,2399,0.0,0.0,0.0
2024-09-09 13:30:00-04:00,10.994999885559082,10.994999885559082,10.970000267028809,10.970000267028809,3018,0.0,0.0,0.0
2024-09-09 13:35:00-04:00,10.975000381469727,10.989899635314941,10.975000381469727,10.98900032043457,4591,0.0,0.0,0.0
2024-09-09 13:40:00-04:00,10.979999542236328,10.979999542236328,10.968199729919434,10.968199729919434,11261,0.0,0.0,0.0
2024-09-09 13:45:00-04:00,10.960000038146973,10.96500015258789,10.960000038146973,10.96500015258789,293,0.0,0.0,0.0
2024-09-09 13:50:00-04:00,10.960000038146973,10.969900131225586,10.960000038146973,10.960000038146973,1363,0.0,0.0,0.0
2024-09-09 13:55:00-04:00,10.950300216674805,10.957500457763672,10.9399995803833,10.944999694824219,5399,0.0,0.0,0.0
2024-09-09 14:00:00-04:00,10.949999809265137,10.949999809265137,10.9399995803833,10.9399995803833,4953,0.0,0.0,0.0
2024-09-09 14:05:00-04:00,10.949999809265137,10.949999809265137,10.949999809265137,10.949999809265137,14060,0.0,0.0,0.0
2024-09-09 14:10:00-04:00,10.949999809265137,10.954999923706055,10.949999809265137,10.954999923706055,603,0.0,0.0,0.0
2024-09-09 14:15:00-04:00,10.954999923706055,10.970000267028809,10.954999923706055,10.970000267028809,1217,0.0,0.0,0.0
2024-09-09 14:20:00-04:00,10.970000267028809,10.975000381469727,10.970000267028809,10.975000381469727,1017,0.0,0.0,0.0
2024-09-09 14:25:00-04:00,10.979999542236328,10.979999542236328,10.970000267028809,10.970000267028809,2935,0.0,0.0,0.0
2024-09-09 14:30:00-04:00,10.970000267028809,10.979999542236328,10.970000267028809,10.975000381469727,3195,0.0,0.0,0.0
2024-09-09 14:35:00-04:00,10.979999542236328,10.979999542236328,10.970000267028809,10.970000267028809,954,0.0,0.0,0.0
2024-09-09 14:40:00-04:00,10.979999542236328,10.979999542236328,10.979999542236328,10.979999542236328,151,0.0,0.0,0.0
2024-09-09 14:45:00-04:00,10.989999771118164,10.989999771118164,10.989999771118164,10.989999771118164,677,0.0,0.0,0.0
2024-09-09 14:50:00-04:00,11.008600234985352,11.008600234985352,11.0,11.0,5180,0.0,0.0,0.0
2024-09-09 14:55:00-04:00,11.0,11.0,11.0,11.0,1752,0.0,0.0,0.0
2024-09-09 15:00:00-04:00,10.989999771118164,10.989999771118164,10.989999771118164,10.989999771118164,102,0.0,0.0,0.0
2024-09-09 15:05:00-04:00,11.0,11.003999710083008,11.0,11.003999710083008,424,0.0,0.0,0.0
2024-09-09 15:10:00-04:00,11.0,11.009900093078613,11.0,11.009900093078613,1313,0.0,0.0,0.0
2024-09-09 15:15:00-04:00,11.010000228881836,11.010000228881836,11.005000114440918,11.005000114440918,582,0.0,0.0,0.0
2024-09-09 15:20:00-04:00,11.0,11.0,10.994999885559082,10.994999885559082,2086,0.0,0.0,0.0
2024-09-09 15:25:00-04:00,10.990099906921387,11.005000114440918,10.990099906921387,11.005000114440918,35993,0.0,0.0,0.0
2024-09-09 15:30:00-04:00,11.004500389099121,11.004500389099121,10.984999656677246,10.984999656677246,5884,0.0,0.0,0.0
2024-09-09 15:35:00-04:00,10.989999771118164,11.0,10.979999542236328,10.979999542236328,19332,0.0,0.0,0.0
2024-09-09 15:40:00-04:00,10.979999542236328,10.984999656677246,10.979999542236328,10.979999542236328,5379,0.0,0.0,0.0
2024-09-09 15:45:00-04:00,10.975000381469727,10.979999542236328,10.970000267028809,10.975000381469727,8905,0.0,0.0,0.0
2024-09-09 15:50:00-04:00,10.970000267028809,10.970000267028809,10.9399995803833,10.949999809265137,37132,0.0,0.0,0.0
2024-09-09 15:55:00-04:00,10.960000038146973,10.96500015258789,10.949999809265137,10.96500015258789,50737,0.0,0.0,0.0
2024-09-10 09:30:00-04:00,11.0,11.029999732971191,10.930000305175781,10.949999809265137,12522,0.0,0.0,0.0
2024-09-10 09:35:00-04:00,10.901800155639648,10.949999809265137,10.901800155639648,10.920000076293945,14263,0.0,0.0,0.0
2024-09-10 09:40:00-04:00,10.920000076293945,10.969400405883789,10.920000076293945,10.944999694824219,17027,0.0,0.0,0.0
2024-09-10 09:45:00-04:00,10.960000038146973,10.970000267028809,10.953399658203125,10.960000038146973,10314,0.0,0.0,0.0
2024-09-10 09:50:00-04:00,10.9399995803833,10.9399995803833,10.925000190734863,10.9399995803833,1559,0.0,0.0,0.0
2024-09-10 09:55:00-04:00,10.949999809265137,10.960000038146973,10.930000305175781,10.930000305175781,0,0.0,0.0,0.0
2024-09-10 10:00:00-04:00,10.930000305175781,10.930399894714355,10.90999984741211,10.925000190734863,68717,0.0,0.0,0.0
2024-09-10 10:05:00-04:00,10.920000076293945,10.920000076293945,10.890000343322754,10.90999984741211,15482,0.0,0.0,0.0
2024-09-10 10:10:00-04:00,10.890000343322754,10.890000343322754,10.840100288391113,10.840100288391113,14494,0.0,0.0,0.0
2024-09-10 10:15:00-04:00,10.850000381469727,10.880000114440918,10.850000381469727,10.850000381469727,2635,0.0,0.0,0.0
2024-09-10 10:20:00-04:00,10.849900245666504,10.859999656677246,10.819999694824219,10.84000015258789,58374,0.0,0.0,0.0
2024-09-10 10:25:00-04:00,10.84000015258789,10.850000381469727,10.8302001953125,10.850000381469727,5074,0.0,0.0,0.0
2024-09-10 10:30:00-04:00,10.84000015258789,10.859999656677246,10.84000015258789,10.854999542236328,41559,0.0,0.0,0.0
2024-09-10 10:35:00-04:00,10.859999656677246,10.875,10.859999656677246,10.869999885559082,7603,0.0,0.0,0.0
2024-09-10 10:40:00-04:00,10.859999656677246,10.859999656677246,10.84000015258789,10.84000015258789,2452,0.0,0.0,0.0
2024-09-10 10:45:00-04:00,10.850000381469727,10.864999771118164,10.850000381469727,10.859999656677246,6883,0.0,0.0,0.0
2024-09-10 10:50:00-04:00,10.869999885559082,10.885000228881836,10.859999656677246,10.864999771118164,21067,0.0,0.0,0.0
2024-09-10 10:55:00-04:00,10.869999885559082,10.880000114440918,10.864999771118164,10.880000114440918,4115,0.0,0.0,0.0
2024-09-10 11:00:00-04:00,10.885000228881836,10.885000228881836,10.869999885559082,10.869999885559082,2028,0.0,0.0,0.0
2024-09-10 11:05:00-04:00,10.861100196838379,10.890000343322754,10.861100196838379,10.890000343322754,37249,0.0,0.0,0.0
2024-09-10 11:10:00-04:00,10.890000343322754,10.904999732971191,10.890000343322754,10.891300201416016,9201,0.0,0.0,0.0
2024-09-10 11:15:00-04:00,10.90999984741211,10.90999984741211,10.890000343322754,10.895000457763672,3713,0.0,0.0,0.0
2024-09-10 11:20:00-04:00,10.899900436401367,10.899900436401367,10.875,10.895000457763672,10295,0.0,0.0,0.0
2024-09-10 11:25:00-04:00,10.90999984741211,10.910099983215332,10.901700019836426,10.90999984741211,24374,0.0,0.0,0.0
2024-09-10 11:30:00-04:00,10.904999732971191,10.9350004196167,10.904999732971191,10.9350004196167,54815,0.0,0.0,0.0
2024-09-10 11:35:00-04:00,10.9399995803833,10.949999809265137,10.925000190734863,10.925000190734863,6150,0.0,0.0,0.0
2024-09-10 11:40:00-04:00,10.930000305175781,10.930000305175781,10.925000190734863,10.930000305175781,4515,0.0,0.0,0.0
2024-09-10 11:45:00-04:00,10.930000305175781,10.949999809265137,10.928999900817871,10.949999809265137,31227,0.0,0.0,0.0
2024-09-10 11:50:00-04:00,10.949999809265137,10.949999809265137,10.904999732971191,10.904999732971191,9544,0.0,0.0,0.0
2024-09-10 11:55:00-04:00,10.895999908447266,10.895999908447266,10.890000343322754,10.890000343322754,2108,0.0,0.0,0.0
2024-09-10 12:00:00-04:00,10.885000228881836,10.885000228881836,10.869999885559082,10.869999885559082,62514,0.0,0.0,0.0
2024-09-10 12:05:00-04:00,10.872300148010254,10.880000114440918,10.871000289916992,10.880000114440918,1733,0.0,0.0,0.0
2024-09-10 12:10:00-04:00,10.880000114440918,10.89109992980957,10.880000114440918,10.890000343322754,1360,0.0,0.0,0.0
2024-09-10 12:15:00-04:00,10.890000343322754,10.899999618530273,10.890000343322754,10.899999618530273,613,0.0,0.0,0.0
2024-09-10 12:20:00-04:00,10.898500442504883,10.899999618530273,10.888999938964844,10.890000343322754,13520,0.0,0.0,0.0
2024-09-10 12:25:00-04:00,10.890000343322754,10.899999618530273,10.890000343322754,10.899999618530273,3480,0.0,0.0,0.0
2024-09-10 12:30:00-04:00,10.899999618530273,10.904999732971191,10.899999618530273,10.899999618530273,6909,0.0,0.0,0.0
2024-09-10 12:35:00-04:00,10.899999618530273,10.899999618530273,10.895000457763672,10.899999618530273,11734,0.0,0.0,0.0
2024-09-10 12:40:00-04:00,10.895000457763672,10.899999618530273,10.895000457763672,10.895000457763672,23299,0.0,0.0,0.0
2024-09-10 12:45:00-04:00,10.899999618530273,10.899999618530273,10.890000343322754,10.895000457763672,7192,0.0,0.0,0.0
2024-09-10 12:50:00-04:00,10.895000457763672,10.899999618530273,10.895000457763672,10.895000457763672,16043,0.0,0.0,0.0
2024-09-10 12:55:00-04:00,10.895000457763672,10.895000457763672,10.880000114440918,10.880000114440918,7313,0.0,0.0,0.0
2024-09-10 13:00:00-04:00,10.880000114440918,10.880000114440918,10.869999885559082,10.869999885559082,1684,0.0,0.0,0.0
2024-09-10 13:05:00-04:00,10.880000114440918,10.880000114440918,10.880000114440918,10.880000114440918,10287,0.0,0.0,0.0
2024-09-10 13:10:00-04:00,10.880800247192383,10.899999618530273,10.880800247192383,10.899999618530273,882,0.0,0.0,0.0
2024-09-10 13:15:00-04:00,10.895000457763672,10.899900436401367,10.89210033416748,10.89210033416748,9739,0.0,0.0,0.0
2024-09-10 13:20:00-04:00,10.890000343322754,10.890000343322754,10.885000228881836,10.890000343322754,9411,0.0,0.0,0.0
2024-09-10 13:25:00-04:00,10.890000343322754,10.890000343322754,10.880000114440918,10.880000114440918,7604,0.0,0.0,0.0
2024-09-10 13:30:00-04:00,10.880000114440918,10.889900207519531,10.875,10.880000114440918,8240,0.0,0.0,0.0
2024-09-10 13:35:00-04:00,10.890000343322754,10.895000457763672,10.880000114440918,10.880000114440918,9259,0.0,0.0,0.0
2024-09-10 13:40:00-04:00,10.890000343322754,10.890000343322754,10.885000228881836,10.885000228881836,1132,0.0,0.0,0.0
2024-09-10 13:45:00-04:00,10.890000343322754,10.899999618530273,10.890000343322754,10.895000457763672,7428,0.0,0.0,0.0
2024-09-10 13:50:00-04:00,10.890000343322754,10.895000457763672,10.890000343322754,10.895000457763672,5270,0.0,0.0,0.0
2024-09-10 13:55:00-04:00,10.895000457763672,10.899999618530273,10.890000343322754,10.890000343322754,7157,0.0,0.0,0.0
2024-09-10 14:00:00-04:00,10.900099754333496,10.914999961853027,10.899999618530273,10.914999961853027,17272,0.0,0.0,0.0
2024-09-10 14:05:00-04:00,10.920000076293945,10.937899589538574,10.920000076293945,10.9350004196167,58193,0.0,0.0,0.0
2024-09-10 14:10:00-04:00,10.9399995803833,10.960000038146973,10.930100440979004,10.960000038146973,9031,0.0,0.0,0.0
2024-09-10 14:15:00-04:00,10.95009994506836,10.979999542236328,10.95009994506836,10.979999542236328,39947,0.0,0.0,0.0
2024-09-10 14:20:00-04:00,10.979999542236328,10.984999656677246,10.970000267028809,10.975000381469727,10908,0.0,0.0,0.0
2024-09-10 14:25:00-04:00,10.979999542236328,10.989999771118164,10.970000267028809,10.989999771118164,9449,0.0,0.0,0.0
2024-09-10 14:30:00-04:00,10.996603012084961,11.010000228881836,10.994999885559082,11.005000114440918,6386,0.0,0.0,0.0
2024-09-10 14:35:00-04:00,11.015000343322754,11.024999618530273,11.015000343322754,11.024999618530273,649,0.0,0.0,0.0
2024-09-10 14:40:00-04:00,11.02970027923584,11.04990005493164,11.02970027923584,11.030987739562988,12155,0.0,0.0,0.0
2024-09-10 14:45:00-04:00,11.039999961853027,11.047699928283691,11.029999732971191,11.029999732971191,8754,0.0,0.0,0.0
2024-09-10 14:50:00-04:00,11.039999961853027,11.039999961853027,11.034000396728516,11.03499984741211,1232,0.0,0.0,0.0
2024-09-10 14:55:00-04:00,11.039999961853027,11.050000190734863,11.029999732971191,11.03499984741211,20362,0.0,0.0,0.0
2024-09-10 15:00:00-04:00,11.03499984741211,11.039999961853027,11.029999732971191,11.029999732971191,5646,0.0,0.0,0.0
2024-09-10 15:05:00-04:00,11.024999618530273,11.039999961853027,11.024999618530273,11.029999732971191,13989,0.0,0.0,0.0
2024-09-10 15:10:00-04:00,11.03499984741211,11.039999961853027,11.03499984741211,11.039999961853027,3525,0.0,0.0,0.0
2024-09-10 15:15:00-04:00,11.03499984741211,11.03499984741211,11.020000457763672,11.025500297546387,10864,0.0,0.0,0.0
2024-09-10 15:20:00-04:00,11.024999618530273,11.050000190734863,11.024999618530273,11.050000190734863,9343,0.0,0.0,0.0
2024-09-10 15:25:00-04:00,11.039999961853027,11.050000190734863,11.039999961853027,11.045000076293945,8186,0.0,0.0,0.0
2024-09-10 15:30:00-04:00,11.045000076293945,11.069999694824219,11.039999961853027,11.069999694824219,49947,0.0,0.0,0.0
2024-09-10 15:35:00-04:00,11.0600004196167,11.069899559020996,11.039999961853027,11.039999961853027,17704,0.0,0.0,0.0
2024-09-10 15:40:00-04:00,11.045000076293945,11.0600004196167,11.045000076293945,11.050000190734863,7157,0.0,0.0,0.0
2024-09-10 15:45:00-04:00,11.055000305175781,11.079999923706055,11.055000305175781,11.079999923706055,3875,0.0,0.0,0.0
2024-09-10 15:50:00-04:00,11.079999923706055,11.079999923706055,11.0649995803833,11.069999694824219,14497,0.0,0.0,0.0
2024-09-10 15:55:00-04:00,11.079999923706055,11.119999885559082,11.074999809265137,11.109999656677246,40965,0.0,0.0,0.0
2024-09-11 09:30:00-04:00,11.01200008392334,11.069999694824219,10.980299949645996,10.98069953918457,56325,0.0,0.0,0.0
2024-09-11 09:35:00-04:00,10.979999542236328,11.010000228881836,10.979999542236328,10.986000061035156,11669,0.0,0.0,0.0
2024-09-11 09:40:00-04:00,10.979999542236328,11.020000457763672,10.9798002243042,11.020000457763672,10791,0.0,0.0,0.0
2024-09-11 09:45:00-04:00,11.020099639892578,11.0649995803833,11.015000343322754,11.0600004196167,15169,0.0,0.0,0.0
2024-09-11 09:50:00-04:00,11.0600004196167,11.069999694824219,11.03499984741211,11.046799659729004,6770,0.0,0.0,0.0
2024-09-11 09:55:00-04:00,11.0600004196167,11.068499565124512,11.050000190734863,11.0600004196167,5149,0.0,0.0,0.0
2024-09-11 10:00:00-04:00,11.050000190734863,11.079999923706055,11.039799690246582,11.045000076293945,11455,0.0,0.0,0.0
2024-09-11 10:05:00-04:00,11.039999961853027,11.045000076293945,11.020000457763672,11.039999961853027,1707,0.0,0.0,0.0
2024-09-11 10:10:00-04:00,11.029999732971191,11.039999961853027,11.020000457763672,11.020000457763672,42345,0.0,0.0,0.0
2024-09-11 10:15:00-04:00,11.0,11.015000343322754,10.979999542236328,11.010000228881836,26475,0.0,0.0,0.0
2024-09-11 10:20:00-04:00,11.010000228881836,11.039999961853027,11.0,11.039999961853027,14596,0.0,0.0,0.0
2024-09-11 10:25:00-04:00,11.039999961853027,11.050000190734863,11.020000457763672,11.020000457763672,6779,0.0,0.0,0.0
2024-09-11 10:30:00-04:00,11.010000228881836,11.010000228881836,10.944999694824219,10.944999694824219,9219,0.0,0.0,0.0
2024-09-11 10:35:00-04:00,10.970000267028809,10.970000267028809,10.959799766540527,10.960000038146973,3359,0.0,0.0,0.0
2024-09-11 10:40:00-04:00,10.970000267028809,10.975000381469727,10.959799766540527,10.959799766540527,1734,0.0,0.0,0.0
2024-09-11 10:45:00-04:00,10.960000038146973,10.960000038146973,10.9350004196167,10.949999809265137,7671,0.0,0.0,0.0
2024-09-11 10:50:00-04:00,10.960000038146973,11.0,10.960000038146973,11.0,5624,0.0,0.0,0.0
2024-09-11 10:55:00-04:00,11.005000114440918,11.020000457763672,10.994999885559082,11.020000457763672,35338,0.0,0.0,0.0
2024-09-11 11:00:00-04:00,11.024999618530273,11.050000190734863,11.01990032196045,11.044500350952148,5187,0.0,0.0,0.0
2024-09-11 11:05:00-04:00,11.050000190734863,11.109999656677246,11.050000190734863,11.095000267028809,11306,0.0,0.0,0.0
2024-09-11 11:10:00-04:00,11.099900245666504,11.170000076293945,11.09000015258789,11.170000076293945,16866,0.0,0.0,0.0
2024-09-11 11:15:00-04:00,11.166399955749512,11.1899995803833,11.15999984741211,11.170000076293945,17577,0.0,0.0,0.0
2024-09-11 11:20:00-04:00,11.15999984741211,11.170000076293945,11.135000228881836,11.140000343322754,7471,0.0,0.0,0.0
2024-09-11 11:25:00-04:00,11.140000343322754,11.15999984741211,11.140000343322754,11.149999618530273,13940,0.0,0.0,0.0
2024-09-11 11:30:00-04:00,11.149999618530273,11.164999961853027,11.144000053405762,11.149999618530273,4583,0.0,0.0,0.0
2024-09-11 11:35:00-04:00,11.149999618530273,11.18970012664795,11.145000457763672,11.18970012664795,17279,0.0,0.0,0.0
2024-09-11 11:40:00-04:00,11.180000305175781,11.180000305175781,11.15999984741211,11.180000305175781,10055,0.0,0.0,0.0
2024-09-11 11:45:00-04:00,11.178000450134277,11.194999694824219,11.178000450134277,11.194999694824219,14558,0.0,0.0,0.0
2024-09-11 11:50:00-04:00,11.199999809265137,11.199999809265137,11.1850004196167,11.1899995803833,6185,0.0,0.0,0.0
2024-09-11 11:55:00-04:00,11.180000305175781,11.194999694824219,11.15999984741211,11.191200256347656,10551,0.0,0.0,0.0
2024-09-11 12:00:00-04:00,11.194999694824219,11.239899635314941,11.1899995803833,11.239899635314941,71670,0.0,0.0,0.0
2024-09-11 12:05:00-04:00,11.239999771118164,11.25,11.229999542236328,11.239999771118164,7901,0.0,0.0,0.0
2024-09-11 12:10:00-04:00,11.229999542236328,11.244999885559082,11.229999542236328,11.239999771118164,4907,0.0,0.0,0.0
2024-09-11 12:15:00-04:00,11.244999885559082,11.244999885559082,11.225000381469727,11.234999656677246,9463,0.0,0.0,0.0
2024-09-11 12:20:00-04:00,11.239999771118164,11.248600006103516,11.220000267028809,11.239999771118164,8357,0.0,0.0,0.0
2024-09-11 12:25:00-04:00,11.229999542236328,11.229999542236328,11.210000038146973,11.229999542236328,11728,0.0,0.0,0.0
2024-09-11 12:30:00-04:00,11.229999542236328,11.244999885559082,11.229700088500977,11.244999885559082,12209,0.0,0.0,0.0
2024-09-11 12:35:00-04:00,11.25,11.265000343322754,11.239999771118164,11.25,11308,0.0,0.0,0.0
2024-09-11 12:40:00-04:00,11.260000228881836,11.260000228881836,11.239999771118164,11.239999771118164,8551,0.0,0.0,0.0
2024-09-11 12:45:00-04:00,11.25,11.259900093078613,11.234999656677246,11.234999656677246,3528,0.0,0.0,0.0
2024-09-11 12:50:00-04:00,11.239999771118164,11.25,11.239999771118164,11.244999885559082,4884,0.0,0.0,0.0
2024-09-11 12:55:00-04:00,11.239999771118164,11.244999885559082,11.220100402832031,11.225000381469727,3306,0.0,0.0,0.0
2024-09-11 13:00:00-04:00,11.229999542236328,11.244999885559082,11.220000267028809,11.244999885559082,5084,0.0,0.0,0.0
2024-09-11 13:05:00-04:00,11.239999771118164,11.260000228881836,11.229999542236328,11.253100395202637,4625,0.0,0.0,0.0
2024-09-11 13:10:00-04:00,11.259900093078613,11.260000228881836,11.25,11.25,1705,0.0,0.0,0.0
2024-09-11 13:15:00-04:00,11.255000114440918,11.256500244140625,11.244999885559082,11.244999885559082,2750,0.0,0.0,0.0
2024-09-11 13:20:00-04:00,11.244999885559082,11.244999885559082,11.229999542236328,11.239999771118164,5142,0.0,0.0,0.0
2024-09-11 13:25:00-04:00,11.234999656677246,11.244999885559082,11.234999656677246,11.244999885559082,617,0.0,0.0,0.0
2024-09-11 13:30:00-04:00,11.246600151062012,11.270000457763672,11.246600151062012,11.270000457763672,4805,0.0,0.0,0.0
2024-09-11 13:35:00-04:00,11.269100189208984,11.279999732971191,11.262499809265137,11.279999732971191,12378,0.0,0.0,0.0
2024-09-11 13:40:00-04:00,11.279999732971191,11.289999961853027,11.279999732971191,11.281100273132324,11302,0.0,0.0,0.0
2024-09-11 13:45:00-04:00,11.289999961853027,11.319999694824219,11.289899826049805,11.319999694824219,7510,0.0,0.0,0.0
2024-09-11 13:50:00-04:00,11.329999923706055,11.339500427246094,11.3100004196167,11.3100004196167,18823,0.0,0.0,0.0
2024-09-11 13:55:00-04:00,11.300000190734863,11.3100004196167,11.289999961853027,11.3100004196167,5513,0.0,0.0,0.0
2024-09-11 14:05:00-04:00,11.300000190734863,11.319999694824219,11.300000190734863,11.319999694824219,6951,0.0,0.0,0.0
2024-09-11 14:10:00-04:00,11.319999694824219,11.324999809265137,11.3100004196167,11.3100004196167,7737,0.0,0.0,0.0
2024-09-11 14:15:00-04:00,11.3100004196167,11.3100004196167,11.295000076293945,11.305000305175781,6617,0.0,0.0,0.0
2024-09-11 14:20:00-04:00,11.300000190734863,11.300000190734863,11.295000076293945,11.295000076293945,1330,0.0,0.0,0.0
2024-09-11 14:25:00-04:00,11.295000076293945,11.3100004196167,11.291999816894531,11.309900283813477,4715,0.0,0.0,0.0
2024-09-11 14:30:00-04:00,11.305000305175781,11.3100004196167,11.305000305175781,11.305000305175781,419,0.0,0.0,0.0
2024-09-11 14:35:00-04:00,11.3100004196167,11.329999923706055,11.295000076293945,11.329999923706055,35424,0.0,0.0,0.0
2024-09-11 14:40:00-04:00,11.324999809265137,11.34000015258789,11.324999809265137,11.329999923706055,17032,0.0,0.0,0.0
2024-09-11 14:45:00-04:00,11.329999923706055,11.329999923706055,11.303799629211426,11.3100004196167,9709,0.0,0.0,0.0
2024-09-11 14:50:00-04:00,11.3100004196167,11.3100004196167,11.2923002243042,11.2923002243042,4503,0.0,0.0,0.0
2024-09-11 14:55:00-04:00,11.300000190734863,11.300000190734863,11.295000076293945,11.295000076293945,2627,0.0,0.0,0.0
2024-09-11 15:00:00-04:00,11.289999961853027,11.289999961853027,11.28499984741211,11.28499984741211,4135,0.0,0.0,0.0
2024-09-11 15:05:00-04:00,11.295000076293945,11.3149995803833,11.289999961853027,11.305000305175781,4823,0.0,0.0,0.0
2024-09-11 15:10:00-04:00,11.305000305175781,11.329999923706055,11.305000305175781,11.324999809265137,5098,0.0,0.0,0.0
2024-09-11 15:15:00-04:00,11.324999809265137,11.329999923706055,11.324999809265137,11.324999809265137,3111,0.0,0.0,0.0
2024-09-11 15:20:00-04:00,11.329999923706055,11.335000038146973,11.3149995803833,11.335000038146973,4445,0.0,0.0,0.0
2024-09-11 15:25:00-04:00,11.34000015258789,11.34000015258789,11.335000038146973,11.338000297546387,1575,0.0,0.0,0.0
2024-09-11 15:30:00-04:00,11.335000038146973,11.335000038146973,11.3100004196167,11.319999694824219,15374,0.0,0.0,0.0
2024-09-11 15:35:00-04:00,11.32509994506836,11.329999923706055,11.324999809265137,11.329999923706055,12773,0.0,0.0,0.0
2024-09-11 15:40:00-04:00,11.324999809265137,11.34000015258789,11.319999694824219,11.34000015258789,10289,0.0,0.0,0.0
2024-09-11 15:45:00-04:00,11.34000015258789,11.364999771118164,11.34000015258789,11.364999771118164,18628,0.0,0.0,0.0
2024-09-11 15:50:00-04:00,11.369999885559082,11.369999885559082,11.354999542236328,11.366700172424316,16567,0.0,0.0,0.0
2024-09-11 15:55:00-04:00,11.369999885559082,11.399999618530273,11.364999771118164,11.390000343322754,63126,0.0,0.0,0.0
2024-09-12 09:30:00-04:00,11.640000343322754,11.680000305175781,11.609999656677246,11.654999732971191,138207,0.0,0.0,0.0
2024-09-12 09:35:00-04:00,11.65999984741211,11.835000038146973,11.65999984741211,11.789999961853027,82086,0.0,0.0,0.0
2024-09-12 09:40:00-04:00,11.800000190734863,11.890000343322754,11.800000190734863,11.889800071716309,32205,0.0,0.0,0.0
2024-09-12 09:45:00-04:00,11.890000343322754,11.9350004196167,11.8100004196167,11.819999694824219,63890,0.0,0.0,0.0
2024-09-12 09:50:00-04:00,11.819999694824219,11.850000381469727,11.800000190734863,11.845000267028809,47462,0.0,0.0,0.0
2024-09-12 09:55:00-04:00,11.850000381469727,11.899900436401367,11.84000015258789,11.889900207519531,20874,0.0,0.0,0.0
2024-09-12 10:00:00-04:00,11.884499549865723,11.930000305175781,11.859999656677246,11.90999984741211,76800,0.0,0.0,0.0
2024-09-12 10:05:00-04:00,11.920000076293945,11.960000038146973,11.909700393676758,11.9399995803833,42326,0.0,0.0,0.0
2024-09-12 10:10:00-04:00,11.9399995803833,11.979999542236328,11.930000305175781,11.9399995803833,142448,0.0,0.0,0.0
2024-09-12 10:15:00-04:00,11.954999923706055,11.979999542236328,11.9399995803833,11.979999542236328,26913,0.0,0.0,0.0
2024-09-12 10:20:00-04:00,11.979999542236328,12.039999961853027,11.973999977111816,11.996000289916992,100998,0.0,0.0,0.0
2024-09-12 10:25:00-04:00,12.0,12.039999961853027,12.0,12.039999961853027,34925,0.0,0.0,0.0
2024-09-12 10:30:00-04:00,12.029999732971191,12.055000305175781,12.022000312805176,12.055000305175781,30833,0.0,0.0,0.0
2024-09-12 10:35:00-04:00,12.055000305175781,12.079999923706055,12.029999732971191,12.050000190734863,106060,0.0,0.0,0.0
2024-09-12 10:40:00-04:00,12.050000190734863,12.069999694824219,12.039999961853027,12.050000190734863,59956,0.0,0.0,0.0
2024-09-12 10:45:00-04:00,12.050000190734863,12.100000381469727,12.045000076293945,12.069999694824219,49206,0.0,0.0,0.0
2024-09-12 10:50:00-04:00,12.069999694824219,12.079999923706055,12.039999961853027,12.050000190734863,29768,0.0,0.0,0.0
2024-09-12 10:55:00-04:00,12.0600004196167,12.079000473022461,12.049799919128418,12.049799919128418,29538,0.0,0.0,0.0
2024-09-12 11:00:00-04:00,12.039999961853027,12.079999923706055,12.039999961853027,12.074999809265137,17322,0.0,0.0,0.0
2024-09-12 11:05:00-04:00,12.074999809265137,12.109999656677246,12.069999694824219,12.095000267028809,44391,0.0,0.0,0.0
2024-09-12 11:10:00-04:00,12.09000015258789,12.109999656677246,12.079999923706055,12.104999542236328,144302,0.0,0.0,0.0
2024-09-12 11:15:00-04:00,12.100000381469727,12.100000381469727,12.045000076293945,12.045000076293945,52247,0.0,0.0,0.0
2024-09-12 11:20:00-04:00,12.039999961853027,12.09000015258789,12.039999961853027,12.074999809265137,278403,0.0,0.0,0.0
2024-09-12 11:25:00-04:00,12.069999694824219,12.100000381469727,12.069100379943848,12.100000381469727,19014,0.0,0.0,0.0
2024-09-12 11:30:00-04:00,12.100000381469727,12.109999656677246,12.09000015258789,12.09000015258789,41467,0.0,0.0,0.0
2024-09-12 11:35:00-04:00,12.095000267028809,12.100000381469727,12.079999923706055,12.100000381469727,7937,0.0,0.0,0.0
2024-09-12 11:40:00-04:00,12.095000267028809,12.099900245666504,12.085000038146973,12.09000015258789,13316,0.0,0.0,0.0
2024-09-12 11:45:00-04:00,12.089900016784668,12.09000015258789,12.069999694824219,12.09000015258789,20953,0.0,0.0,0.0
2024-09-12 11:50:00-04:00,12.09000015258789,12.099699974060059,12.079999923706055,12.080100059509277,16863,0.0,0.0,0.0
2024-09-12 11:55:00-04:00,12.085000038146973,12.095000267028809,12.079999923706055,12.095000267028809,17656,0.0,0.0,0.0
2024-09-12 12:00:00-04:00,12.100000381469727,12.140000343322754,12.091500282287598,12.121299743652344,13620,0.0,0.0,0.0
2024-09-12 12:05:00-04:00,12.130000114440918,12.149999618530273,12.119999885559082,12.149700164794922,33307,0.0,0.0,0.0
2024-09-12 12:10:00-04:00,12.140000343322754,12.140000343322754,12.119999885559082,12.125,56811,0.0,0.0,0.0
2024-09-12 12:15:00-04:00,12.139900207519531,12.139900207519531,12.119999885559082,12.130000114440918,11700,0.0,0.0,0.0
2024-09-12 12:20:00-04:00,12.13010025024414,12.15999984741211,12.13010025024414,12.149999618530273,13495,0.0,0.0,0.0
2024-09-12 12:25:00-04:00,12.145000457763672,12.14900016784668,12.130000114440918,12.135000228881836,8490,0.0,0.0,0.0
2024-09-12 12:30:00-04:00,12.130000114440918,12.135000228881836,12.11989974975586,12.135000228881836,6872,0.0,0.0,0.0
2024-09-12 12:35:00-04:00,12.145000457763672,12.15999984741211,12.140000343322754,12.15999984741211,3215,0.0,0.0,0.0
2024-09-12 12:40:00-04:00,12.149999618530273,12.164999961853027,12.149999618530273,12.15999984741211,9834,0.0,0.0,0.0
2024-09-12 12:45:00-04:00,12.164999961853027,12.1850004196167,12.15999984741211,12.180000305175781,6521,0.0,0.0,0.0
2024-09-12 12:50:00-04:00,12.1850004196167,12.204999923706055,12.180000305175781,12.199999809265137,23911,0.0,0.0,0.0
2024-09-12 12:55:00-04:00,12.208399772644043,12.220000267028809,12.199999809265137,12.21500015258789,34052,0.0,0.0,0.0
2024-09-12 13:00:00-04:00,12.215100288391113,12.229999542236328,12.215100288391113,12.227399826049805,24827,0.0,0.0,0.0
2024-09-12 13:05:00-04:00,12.225000381469727,12.239899635314941,12.210000038146973,12.234000205993652,11859,0.0,0.0,0.0
2024-09-12 13:10:00-04:00,12.229999542236328,12.229999542236328,12.192899703979492,12.204999923706055,56330,0.0,0.0,0.0
2024-09-12 13:15:00-04:00,12.204999923706055,12.220000267028809,12.204999923706055,12.220000267028809,13850,0.0,0.0,0.0
2024-09-12 13:20:00-04:00,12.220000267028809,12.229999542236328,12.21500015258789,12.229999542236328,10368,0.0,0.0,0.0
2024-09-12 13:25:00-04:00,12.229999542236328,12.25,12.225000381469727,12.249799728393555,20759,0.0,0.0,0.0
2024-09-12 13:30:00-04:00,12.244999885559082,12.270000457763672,12.239999771118164,12.265999794006348,24591,0.0,0.0,0.0
2024-09-12 13:35:00-04:00,12.265000343322754,12.270000457763672,12.25,12.260000228881836,114440,0.0,0.0,0.0
2024-09-12 13:40:00-04:00,12.260000228881836,12.274999618530273,12.251099586486816,12.260000228881836,238839,0.0,0.0,0.0
2024-09-12 13:45:00-04:00,12.260000228881836,12.270000457763672,12.250100135803223,12.255000114440918,47068,0.0,0.0,0.0
2024-09-12 13:50:00-04:00,12.260000228881836,12.289999961853027,12.253999710083008,12.289999961853027,312068,0.0,0.0,0.0
2024-09-12 13:55:00-04:00,12.298999786376953,12.324999809265137,12.295000076293945,12.319999694824219,41489,0.0,0.0,0.0
2024-09-12 14:00:00-04:00,12.324999809265137,12.329999923706055,12.300000190734863,12.305000305175781,47103,0.0,0.0,0.0
2024-09-12 14:05:00-04:00,12.305000305175781,12.329999923706055,12.300000190734863,12.329999923706055,47222,0.0,0.0,0.0
2024-09-12 14:10:00-04:00,12.329999923706055,12.345000267028809,12.324999809265137,12.34000015258789,26625,0.0,0.0,0.0
2024-09-12 14:15:00-04:00,12.340100288391113,12.350000381469727,12.324999809265137,12.329999923706055,66274,0.0,0.0,0.0
2024-09-12 14:20:00-04:00,12.329999923706055,12.34000015258789,12.324000358581543,12.335000038146973,8694,0.0,0.0,0.0
2024-09-12 14:25:00-04:00,12.329999923706055,12.350000381469727,12.329999923706055,12.34000015258789,21036,0.0,0.0,0.0
2024-09-12 14:30:00-04:00,12.34000015258789,12.345000267028809,12.305000305175781,12.324999809265137,35905,0.0,0.0,0.0
2024-09-12 14:35:00-04:00,12.324999809265137,12.329999923706055,12.314000129699707,12.324999809265137,23579,0.0,0.0,0.0
2024-09-12 14:40:00-04:00,12.324999809265137,12.324999809265137,12.300000190734863,12.300000190734863,9011,0.0,0.0,0.0
2024-09-12 14:45:00-04:00,12.302200317382812,12.309900283813477,12.274999618530273,12.274999618530273,17244,0.0,0.0,0.0
2024-09-12 14:50:00-04:00,12.279999732971191,12.284700393676758,12.220000267028809,12.274999618530273,30337,0.0,0.0,0.0
2024-09-12 14:55:00-04:00,12.279999732971191,12.300000190734863,12.274999618530273,12.300000190734863,26654,0.0,0.0,0.0
2024-09-12 15:00:00-04:00,12.29990005493164,12.3100004196167,12.289999961853027,12.295000076293945,5928,0.0,0.0,0.0
2024-09-12 15:05:00-04:00,12.300000190734863,12.34000015258789,12.300000190734863,12.34000015258789,5578,0.0,0.0,0.0
2024-09-12 15:10:00-04:00,12.335000038146973,12.420000076293945,12.335000038146973,12.349900245666504,83020,0.0,0.0,0.0
2024-09-12 15:15:00-04:00,12.345000267028809,12.354999542236328,12.329999923706055,12.354999542236328,20350,0.0,0.0,0.0
2024-09-12 15:20:00-04:00,12.350000381469727,12.354999542236328,12.329999923706055,12.350000381469727,51396,0.0,0.0,0.0
2024-09-12 15:25:00-04:00,12.350000381469727,12.350000381469727,12.329999923706055,12.350000381469727,81279,0.0,0.0,0.0
2024-09-12 15:30:00-04:00,12.34000015258789,12.350000381469727,12.329999923706055,12.345999717712402,33051,0.0,0.0,0.0
2024-09-12 15:35:00-04:00,12.345000267028809,12.359999656677246,12.329999923706055,12.3572998046875,44088,0.0,0.0,0.0
2024-09-12 15:40:00-04:00,12.354999542236328,12.359999656677246,12.329999923706055,12.335000038146973,59122,0.0,0.0,0.0
2024-09-12 15:45:00-04:00,12.34000015258789,12.359999656677246,12.335000038146973,12.350000381469727,86686,0.0,0.0,0.0
2024-09-12 15:50:00-04:00,12.350000381469727,12.351099967956543,12.302399635314941,12.302399635314941,66009,0.0,0.0,0.0
2024-09-12 15:55:00-04:00,12.3100004196167,12.319999694824219,12.270000457763672,12.289999961853027,121704,0.0,0.0,0.0
2024-09-13 09:30:00-04:00,12.600000381469727,12.680000305175781,12.539999961853027,12.640000343322754,170338,0.0,0.0,0.0
2024-09-13 09:35:00-04:00,12.620100021362305,12.65999984741211,12.595000267028809,12.638999938964844,52049,0.0,0.0,0.0
2024-09-13 09:40:00-04:00,12.619999885559082,12.699999809265137,12.612899780273438,12.6899995803833,72472,0.0,0.0,0.0
2024-09-13 09:45:00-04:00,12.6899995803833,12.729999542236328,12.6899995803833,12.723999977111816,55470,0.0,0.0,0.0
2024-09-13 09:50:00-04:00,12.729999542236328,12.729999542236328,12.670000076293945,12.70009994506836,73471,0.0,0.0,0.0
2024-09-13 09:55:00-04:00,12.710000038146973,12.710000038146973,12.635000228881836,12.670000076293945,179453,0.0,0.0,0.0
2024-09-13 10:00:00-04:00,12.6899995803833,12.6899995803833,12.5600004196167,12.609999656677246,119379,0.0,0.0,0.0
2024-09-13 10:05:00-04:00,12.609999656677246,12.630000114440918,12.579999923706055,12.619999885559082,54662,0.0,0.0,0.0
2024-09-13 10:10:00-04:00,12.619999885559082,12.65999984741211,12.609999656677246,12.645500183105469,16133,0.0,0.0,0.0
2024-09-13 10:15:00-04:00,12.640000343322754,12.670000076293945,12.638999938964844,12.640000343322754,8052,0.0,0.0,0.0
2024-09-13 10:20:00-04:00,12.649999618530273,12.6899995803833,12.649999618530273,12.6899995803833,8840,0.0,0.0,0.0
2024-09-13 10:25:00-04:00,12.697500228881836,12.697799682617188,12.612000465393066,12.619999885559082,26580,0.0,0.0,0.0
2024-09-13 10:30:00-04:00,12.619999885559082,12.654999732971191,12.600000381469727,12.654999732971191,16673,0.0,0.0,0.0
2024-09-13 10:35:00-04:00,12.649999618530273,12.649999618530273,12.619999885559082,12.649999618530273,117903,0.0,0.0,0.0
2024-09-13 10:40:00-04:00,12.645000457763672,12.664999961853027,12.645000457763672,12.65999984741211,0,0.0,0.0,0.0
2024-09-13 10:45:00-04:00,12.65999984741211,12.670000076293945,12.649999618530273,12.669899940490723,1008837,0.0,0.0,0.0
2024-09-13 10:50:00-04:00,12.669899940490723,12.670000076293945,12.645000457763672,12.654999732971191,16221,0.0,0.0,0.0
2024-09-13 10:55:00-04:00,12.65999984741211,12.675000190734863,12.635000228881836,12.649999618530273,12070,0.0,0.0,0.0
2024-09-13 11:00:00-04:00,12.649999618530273,12.651000022888184,12.614999771118164,12.619999885559082,102310,0.0,0.0,0.0
2024-09-13 11:05:00-04:00,12.619999885559082,12.629899978637695,12.595000267028809,12.614999771118164,26126,0.0,0.0,0.0
2024-09-13 11:10:00-04:00,12.609999656677246,12.614999771118164,12.585000038146973,12.585000038146973,66009,0.0,0.0,0.0
2024-09-13 11:15:00-04:00,12.59000015258789,12.609999656677246,12.579999923706055,12.579999923706055,12587,0.0,0.0,0.0
2024-09-13 11:20:00-04:00,12.579999923706055,12.630000114440918,12.5649995803833,12.630000114440918,54958,0.0,0.0,0.0
2024-09-13 11:25:00-04:00,12.628600120544434,12.680000305175781,12.628600120544434,12.675000190734863,66023,0.0,0.0,0.0
2024-09-13 11:30:00-04:00,12.675000190734863,12.71500015258789,12.675000190734863,12.710000038146973,15048,0.0,0.0,0.0
2024-09-13 11:35:00-04:00,12.71500015258789,12.726799964904785,12.699999809265137,12.708700180053711,61376,0.0,0.0,0.0
2024-09-13 11:40:00-04:00,12.710000038146973,12.719900131225586,12.6899995803833,12.6899995803833,59275,0.0,0.0,0.0
2024-09-13 11:45:00-04:00,12.6899995803833,12.699999809265137,12.6899995803833,12.6899995803833,9953,0.0,0.0,0.0
2024-09-13 11:50:00-04:00,12.675000190734863,12.710000038146973,12.67240047454834,12.710000038146973,26929,0.0,0.0,0.0
2024-09-13 11:55:00-04:00,12.71500015258789,12.725000381469727,12.710000038146973,12.725000381469727,29331,0.0,0.0,0.0
2024-09-13 12:00:00-04:00,12.729999542236328,12.75,12.729999542236328,12.746000289916992,82177,0.0,0.0,0.0
2024-09-13 12:05:00-04:00,12.739999771118164,12.744999885559082,12.725000381469727,12.725000381469727,27360,0.0,0.0,0.0
2024-09-13 12:10:00-04:00,12.725000381469727,12.739999771118164,12.720000267028809,12.720000267028809,40020,0.0,0.0,0.0
2024-09-13 12:15:00-04:00,12.721099853515625,12.75,12.720000267028809,12.739999771118164,59714,0.0,0.0,0.0
2024-09-13 12:20:00-04:00,12.748900413513184,12.75,12.729999542236328,12.749899864196777,13397,0.0,0.0,0.0
2024-09-13 12:25:00-04:00,12.739999771118164,12.765000343322754,12.739999771118164,12.755000114440918,20039,0.0,0.0,0.0
2024-09-13 12:30:00-04:00,12.755000114440918,12.760000228881836,12.739999771118164,12.75,84236,0.0,0.0,0.0
2024-09-13 12:35:00-04:00,12.760000228881836,12.760000228881836,12.729999542236328,12.729999542236328,29995,0.0,0.0,0.0
2024-09-13 12:40:00-04:00,12.734999656677246,12.75,12.725000381469727,12.730999946594238,13040,0.0,0.0,0.0
2024-09-13 12:45:00-04:00,12.732199668884277,12.744999885559082,12.725000381469727,12.739999771118164,25092,0.0,0.0,0.0
2024-09-13 12:50:00-04:00,12.734999656677246,12.744999885559082,12.725000381469727,12.739999771118164,27199,0.0,0.0,0.0
2024-09-13 12:55:00-04:00,12.741100311279297,12.760000228881836,12.741100311279297,12.760000228881836,9507,0.0,0.0,0.0
2024-09-13 13:00:00-04:00,12.75,12.770000457763672,12.740300178527832,12.765000343322754,17489,0.0,0.0,0.0
2024-09-13 13:05:00-04:00,12.770000457763672,12.779999732971191,12.749899864196777,12.755000114440918,36516,0.0,0.0,0.0
2024-09-13 13:10:00-04:00,12.751099586486816,12.765000343322754,12.750100135803223,12.765000343322754,12887,0.0,0.0,0.0
2024-09-13 13:15:00-04:00,12.765000343322754,12.770000457763672,12.760100364685059,12.770000457763672,6712,0.0,0.0,0.0
2024-09-13 13:20:00-04:00,12.765000343322754,12.770000457763672,12.760000228881836,12.760000228881836,13676,0.0,0.0,0.0
2024-09-13 13:25:00-04:00,12.770000457763672,12.779999732971191,12.763500213623047,12.770700454711914,20497,0.0,0.0,0.0
2024-09-13 13:30:00-04:00,12.779999732971191,12.786199569702148,12.770000457763672,12.770099639892578,21748,0.0,0.0,0.0
2024-09-13 13:35:00-04:00,12.774999618530273,12.779999732971191,12.7701997756958,12.774200439453125,18743,0.0,0.0,0.0
2024-09-13 13:40:00-04:00,12.779999732971191,12.789999961853027,12.779999732971191,12.78499984741211,13931,0.0,0.0,0.0
2024-09-13 13:45:00-04:00,12.787699699401855,12.787699699401855,12.770000457763672,12.78499984741211,26054,0.0,0.0,0.0
2024-09-13 13:50:00-04:00,12.78499984741211,12.800000190734863,12.779999732971191,12.78499984741211,14273,0.0,0.0,0.0
2024-09-13 13:55:00-04:00,12.789999961853027,12.800000190734863,12.774999618530273,12.774999618530273,25952,0.0,0.0,0.0
2024-09-13 14:00:00-04:00,12.770000457763672,12.774999618530273,12.720000267028809,12.744999885559082,39378,0.0,0.0,0.0
2024-09-13 14:05:00-04:00,12.744999885559082,12.795000076293945,12.744999885559082,12.789999961853027,20151,0.0,0.0,0.0
2024-09-13 14:10:00-04:00,12.789999961853027,12.795000076293945,12.770099639892578,12.789999961853027,43411,0.0,0.0,0.0
2024-09-13 14:15:00-04:00,12.789999961853027,12.8100004196167,12.78499984741211,12.8100004196167,13181,0.0,0.0,0.0
2024-09-13 14:20:00-04:00,12.8100004196167,12.8100004196167,12.788900375366211,12.789999961853027,35872,0.0,0.0,0.0
2024-09-13 14:25:00-04:00,12.789999961853027,12.800000190734863,12.779999732971191,12.795000076293945,75087,0.0,0.0,0.0
2024-09-13 14:30:00-04:00,12.791000366210938,12.795000076293945,12.770000457763672,12.774999618530273,28195,0.0,0.0,0.0
2024-09-13 14:35:00-04:00,12.770299911499023,12.779999732971191,12.770000457763672,12.779999732971191,14897,0.0,0.0,0.0
2024-09-13 14:40:00-04:00,12.779999732971191,12.79990005493164,12.774999618530273,12.79990005493164,12311,0.0,0.0,0.0
2024-09-13 14:45:00-04:00,12.797248840332031,12.80519962310791,12.789999961853027,12.789999961853027,23730,0.0,0.0,0.0
2024-09-13 14:50:00-04:00,12.789999961853027,12.789999961853027,12.770000457763672,12.779999732971191,27795,0.0,0.0,0.0
2024-09-13 14:55:00-04:00,12.78499984741211,12.78499984741211,12.770000457763672,12.774999618530273,22162,0.0,0.0,0.0
2024-09-13 15:00:00-04:00,12.774999618530273,12.774999618530273,12.75,12.755000114440918,51108,0.0,0.0,0.0
2024-09-13 15:05:00-04:00,12.755000114440918,12.770000457763672,12.755000114440918,12.765000343322754,63309,0.0,0.0,0.0
2024-09-13 15:10:00-04:00,12.765000343322754,12.770000457763672,12.744999885559082,12.744999885559082,12051,0.0,0.0,0.0
2024-09-13 15:15:00-04:00,12.744999885559082,12.759900093078613,12.734999656677246,12.744999885559082,16456,0.0,0.0,0.0
2024-09-13 15:20:00-04:00,12.744999885559082,12.760000228881836,12.739999771118164,12.755000114440918,35866,0.0,0.0,0.0
2024-09-13 15:25:00-04:00,12.760000228881836,12.779999732971191,12.755000114440918,12.779999732971191,18617,0.0,0.0,0.0
2024-09-13 15:30:00-04:00,12.774999618530273,12.789999961853027,12.760100364685059,12.78499984741211,48715,0.0,0.0,0.0
2024-09-13 15:35:00-04:00,12.78499984741211,12.789999961853027,12.760000228881836,12.765000343322754,33758,0.0,0.0,0.0
2024-09-13 15:40:00-04:00,12.765000343322754,12.779999732971191,12.760000228881836,12.774999618530273,35079,0.0,0.0,0.0
2024-09-13 15:45:00-04:00,12.779999732971191,12.789999961853027,12.774999618530273,12.78499984741211,104695,0.0,0.0,0.0
2024-09-13 15:50:00-04:00,12.78499984741211,12.789999961853027,12.770000457763672,12.78499984741211,49308,0.0,0.0,0.0
2024-09-13 15:55:00-04:00,12.789999961853027,12.800000190734863,12.784000396728516,12.789999961853027,142630,0.0,0.0,0.0
2024-09-16 09:30:00-04:00,12.850000381469727,12.899999618530273,12.760000228881836,12.850000381469727,188680,0.0,0.0,0.0
2024-09-16 09:35:00-04:00,12.859999656677246,12.86400032043457,12.801600456237793,12.854999542236328,98142,0.0,0.0,0.0
2024-09-16 09:40:00-04:00,12.859999656677246,12.859999656677246,12.760000228881836,12.770099639892578,41230,0.0,0.0,0.0
2024-09-16 09:45:00-04:00,12.800000190734863,12.890000343322754,12.784500122070312,12.885000228881836,40495,0.0,0.0,0.0
2024-09-16 09:50:00-04:00,12.880000114440918,12.90999984741211,12.869999885559082,12.895000457763672,57493,0.0,0.0,0.0
2024-09-16 09:55:00-04:00,12.895000457763672,12.899999618530273,12.871299743652344,12.880000114440918,92552,0.0,0.0,0.0
2024-09-16 10:00:00-04:00,12.880000114440918,12.880000114440918,12.819999694824219,12.829999923706055,31426,0.0,0.0,0.0
2024-09-16 10:05:00-04:00,12.84000015258789,12.845000267028809,12.800000190734863,12.803999900817871,103283,0.0,0.0,0.0
2024-09-16 10:10:00-04:00,12.800100326538086,12.8100004196167,12.770000457763672,12.773599624633789,86774,0.0,0.0,0.0
2024-09-16 10:15:00-04:00,12.770000457763672,12.781100273132324,12.749899864196777,12.755000114440918,27068,0.0,0.0,0.0
2024-09-16 10:20:00-04:00,12.75790023803711,12.75790023803711,12.71500015258789,12.749099731445312,26239,0.0,0.0,0.0
2024-09-16 10:25:00-04:00,12.748000144958496,12.75,12.699999809265137,12.720000267028809,26965,0.0,0.0,0.0
2024-09-16 10:30:00-04:00,12.720000267028809,12.720000267028809,12.651000022888184,12.651000022888184,52645,0.0,0.0,0.0
2024-09-16 10:35:00-04:00,12.649999618530273,12.6850004196167,12.640000343322754,12.6850004196167,133804,0.0,0.0,0.0
2024-09-16 10:40:00-04:00,12.694000244140625,12.710000038146973,12.670000076293945,12.670000076293945,19181,0.0,0.0,0.0
2024-09-16 10:45:00-04:00,12.670000076293945,12.6850004196167,12.640000343322754,12.680000305175781,13918,0.0,0.0,0.0
2024-09-16 10:50:00-04:00,12.6899995803833,12.6899995803833,12.65999984741211,12.670000076293945,25723,0.0,0.0,0.0
2024-09-16 10:55:00-04:00,12.65999984741211,12.6899995803833,12.65999984741211,12.6850004196167,6818,0.0,0.0,0.0
2024-09-16 11:00:00-04:00,12.660099983215332,12.6850004196167,12.65999984741211,12.664999961853027,40204,0.0,0.0,0.0
2024-09-16 11:05:00-04:00,12.666099548339844,12.6899995803833,12.649999618530273,12.6899995803833,15298,0.0,0.0,0.0
2024-09-16 11:10:00-04:00,12.710000038146973,12.710000038146973,12.6899995803833,12.694999694824219,7454,0.0,0.0,0.0
2024-09-16 11:15:00-04:00,12.6899995803833,12.6899995803833,12.649999618530273,12.649999618530273,8168,0.0,0.0,0.0
2024-09-16 11:20:00-04:00,12.649999618530273,12.678400039672852,12.645000457763672,12.678400039672852,8516,0.0,0.0,0.0
2024-09-16 11:25:00-04:00,12.675000190734863,12.675000190734863,12.65999984741211,12.65999984741211,7938,0.0,0.0,0.0
2024-09-16 11:30:00-04:00,12.65999984741211,12.670000076293945,12.654999732971191,12.670000076293945,3277,0.0,0.0,0.0
2024-09-16 11:35:00-04:00,12.670000076293945,12.675000190734863,12.640000343322754,12.654999732971191,22584,0.0,0.0,0.0
2024-09-16 11:40:00-04:00,12.654999732971191,12.654999732971191,12.640000343322754,12.640000343322754,3859,0.0,0.0,0.0
2024-09-16 11:45:00-04:00,12.645000457763672,12.649900436401367,12.630000114440918,12.649900436401367,8320,0.0,0.0,0.0
2024-09-16 11:50:00-04:00,12.645000457763672,12.65999984741211,12.618599891662598,12.654999732971191,8127,0.0,0.0,0.0
2024-09-16 11:55:00-04:00,12.65999984741211,12.670000076293945,12.649999618530273,12.66100025177002,27220,0.0,0.0,0.0
2024-09-16 12:00:00-04:00,12.65999984741211,12.65999984741211,12.630000114440918,12.630000114440918,3775,0.0,0.0,0.0
2024-09-16 12:05:00-04:00,12.630000114440918,12.680000305175781,12.630000114440918,12.680000305175781,15331,0.0,0.0,0.0
2024-09-16 12:10:00-04:00,12.680000305175781,12.687999725341797,12.670000076293945,12.680000305175781,8397,0.0,0.0,0.0
2024-09-16 12:15:00-04:00,12.6850004196167,12.694999694824219,12.670000076293945,12.694999694824219,3946,0.0,0.0,0.0
2024-09-16 12:20:00-04:00,12.694999694824219,12.699999809265137,12.680000305175781,12.6899995803833,44697,0.0,0.0,0.0
2024-09-16 12:25:00-04:00,12.691699981689453,12.729999542236328,12.691699981689453,12.725799560546875,15855,0.0,0.0,0.0
2024-09-16 12:30:00-04:00,12.720000267028809,12.729999542236328,12.699999809265137,12.720000267028809,54143,0.0,0.0,0.0
2024-09-16 12:35:00-04:00,12.729999542236328,12.729999542236328,12.71500015258789,12.729999542236328,3324,0.0,0.0,0.0
2024-09-16 12:40:00-04:00,12.725000381469727,12.734999656677246,12.720000267028809,12.72070026397705,3963,0.0,0.0,0.0
2024-09-16 12:45:00-04:00,12.720000267028809,12.729999542236328,12.720000267028809,12.729999542236328,1635,0.0,0.0,0.0
2024-09-16 12:50:00-04:00,12.721500396728516,12.734999656677246,12.721500396728516,12.734999656677246,10636,0.0,0.0,0.0
2024-09-16 12:55:00-04:00,12.739999771118164,12.75,12.739999771118164,12.75,6881,0.0,0.0,0.0
2024-09-16 13:00:00-04:00,12.744999885559082,12.75,12.734999656677246,12.739999771118164,7158,0.0,0.0,0.0
2024-09-16 13:05:00-04:00,12.744999885559082,12.744999885559082,12.739999771118164,12.744999885559082,4027,0.0,0.0,0.0
2024-09-16 13:10:00-04:00,12.739999771118164,12.739999771118164,12.729999542236328,12.73009967803955,4222,0.0,0.0,0.0
2024-09-16 13:15:00-04:00,12.734999656677246,12.739999771118164,12.720000267028809,12.729999542236328,13522,0.0,0.0,0.0
2024-09-16 13:20:00-04:00,12.729900360107422,12.734999656677246,12.71969985961914,12.729999542236328,4013,0.0,0.0,0.0
2024-09-16 13:25:00-04:00,12.729999542236328,12.744999885559082,12.729999542236328,12.744999885559082,4863,0.0,0.0,0.0
2024-09-16 13:30:00-04:00,12.734999656677246,12.75,12.725000381469727,12.740099906921387,23182,0.0,0.0,0.0
2024-09-16 13:35:00-04:00,12.739999771118164,12.760000228881836,12.734999656677246,12.760000228881836,0,0.0,0.0,0.0
2024-09-16 13:40:00-04:00,12.760000228881836,12.779899597167969,12.760000228881836,12.770000457763672,1474461,0.0,0.0,0.0
2024-09-16 13:45:00-04:00,12.779999732971191,12.789999961853027,12.770000457763672,12.782400131225586,4610,0.0,0.0,0.0
2024-09-16 13:50:00-04:00,12.78969955444336,12.800000190734863,12.78499984741211,12.800000190734863,18500,0.0,0.0,0.0
2024-09-16 13:55:00-04:00,12.79990005493164,12.805000305175781,12.789999961853027,12.800000190734863,13897,0.0,0.0,0.0
2024-09-16 14:00:00-04:00,12.800000190734863,12.800000190734863,12.784500122070312,12.799099922180176,12786,0.0,0.0,0.0
2024-09-16 14:05:00-04:00,12.789999961853027,12.795000076293945,12.781000137329102,12.789999961853027,6306,0.0,0.0,0.0
2024-09-16 14:10:00-04:00,12.789999961853027,12.800000190734863,12.789999961853027,12.795000076293945,3465,0.0,0.0,0.0
2024-09-16 14:15:00-04:00,12.795000076293945,12.79990005493164,12.779999732971191,12.779999732971191,3951,0.0,0.0,0.0
2024-09-16 14:20:00-04:00,12.779999732971191,12.791600227355957,12.779999732971191,12.791600227355957,3439,0.0,0.0,0.0
2024-09-16 14:25:00-04:00,12.789999961853027,12.8100004196167,12.789999961853027,12.805000305175781,7762,0.0,0.0,0.0
2024-09-16 14:30:00-04:00,12.800000190734863,12.805000305175781,12.790900230407715,12.795000076293945,1879,0.0,0.0,0.0
2024-09-16 14:35:00-04:00,12.792099952697754,12.800000190734863,12.789999961853027,12.797100067138672,7393,0.0,0.0,0.0
2024-09-16 14:40:00-04:00,12.789999961853027,12.795000076293945,12.789999961853027,12.789999961853027,1813,0.0,0.0,0.0
2024-09-16 14:45:00-04:00,12.779999732971191,12.800000190734863,12.779999732971191,12.800000190734863,1385,0.0,0.0,0.0
2024-09-16 14:50:00-04:00,12.800000190734863,12.800000190734863,12.781100273132324,12.781100273132324,2913,0.0,0.0,0.0
2024-09-16 14:55:00-04:00,12.78600025177002,12.819999694824219,12.78600025177002,12.819999694824219,3137,0.0,0.0,0.0
2024-09-16 15:00:00-04:00,12.819999694824219,12.824999809265137,12.8149995803833,12.819999694824219,4485,0.0,0.0,0.0
2024-09-16 15:05:00-04:00,12.8149995803833,12.81980037689209,12.800000190734863,12.800000190734863,9615,0.0,0.0,0.0
2024-09-16 15:10:00-04:00,12.800000190734863,12.800000190734863,12.779999732971191,12.779999732971191,36345,0.0,0.0,0.0
2024-09-16 15:15:00-04:00,12.770000457763672,12.789999961853027,12.760000228881836,12.789899826049805,11429,0.0,0.0,0.0
2024-09-16 15:20:00-04:00,12.789999961853027,12.800000190734863,12.780099868774414,12.795000076293945,9172,0.0,0.0,0.0
2024-09-16 15:25:00-04:00,12.79010009765625,12.8100004196167,12.79010009765625,12.805000305175781,20692,0.0,0.0,0.0
2024-09-16 15:30:00-04:00,12.807100296020508,12.824999809265137,12.800000190734863,12.824999809265137,28634,0.0,0.0,0.0
2024-09-16 15:35:00-04:00,12.824999809265137,12.84000015258789,12.8100004196167,12.832099914550781,18798,0.0,0.0,0.0
2024-09-16 15:40:00-04:00,12.829999923706055,12.850000381469727,12.829999923706055,12.84000015258789,57190,0.0,0.0,0.0
2024-09-16 15:45:00-04:00,12.835000038146973,12.84000015258789,12.813400268554688,12.819999694824219,13104,0.0,0.0,0.0
2024-09-16 15:50:00-04:00,12.819999694824219,12.829999923706055,12.8100004196167,12.8149995803833,16604,0.0,0.0,0.0
2024-09-16 15:55:00-04:00,12.8149995803833,12.819999694824219,12.79010009765625,12.795000076293945,72894,0.0,0.0,0.0
2024-09-17 09:30:00-04:00,12.770000457763672,12.800000190734863,12.600000381469727,12.619999885559082,152422,0.0,0.0,0.0
2024-09-17 09:35:00-04:00,12.640000343322754,12.708800315856934,12.640000343322754,12.680299758911133,41795,0.0,0.0,0.0
2024-09-17 09:40:00-04:00,12.680000305175781,12.729999542236328,12.670000076293945,12.699999809265137,22800,0.0,0.0,0.0
2024-09-17 09:45:00-04:00,12.715100288391113,12.800000190734863,12.710000038146973,12.795000076293945,43757,0.0,0.0,0.0
2024-09-17 09:50:00-04:00,12.800000190734863,12.829999923706055,12.770000457763672,12.774999618530273,43042,0.0,0.0,0.0
2024-09-17 09:55:00-04:00,12.770000457763672,12.789999961853027,12.75,12.755000114440918,52037,0.0,0.0,0.0
2024-09-17 10:00:00-04:00,12.75,12.789999961853027,12.75,12.789999961853027,11668,0.0,0.0,0.0
2024-09-17 10:05:00-04:00,12.800000190734863,12.829999923706055,12.789999961853027,12.8100004196167,32335,0.0,0.0,0.0
2024-09-17 10:10:00-04:00,12.819999694824219,12.869999885559082,12.819999694824219,12.864999771118164,70514,0.0,0.0,0.0
2024-09-17 10:15:00-04:00,12.869999885559082,12.899999618530273,12.859999656677246,12.864999771118164,26876,0.0,0.0,0.0
2024-09-17 10:20:00-04:00,12.869999885559082,12.890000343322754,12.869999885559082,12.890000343322754,4835,0.0,0.0,0.0
2024-09-17 10:25:00-04:00,12.890000343322754,12.890000343322754,12.835000038146973,12.84000015258789,12948,0.0,0.0,0.0
2024-09-17 10:30:00-04:00,12.84000015258789,12.84000015258789,12.8149995803833,12.8149995803833,14393,0.0,0.0,0.0
2024-09-17 10:35:00-04:00,12.819999694824219,12.824999809265137,12.795000076293945,12.8100004196167,9970,0.0,0.0,0.0
2024-09-17 10:40:00-04:00,12.819999694824219,12.819999694824219,12.770000457763672,12.774999618530273,60214,0.0,0.0,0.0
2024-09-17 10:45:00-04:00,12.779999732971191,12.820199966430664,12.779999732971191,12.8100004196167,15065,0.0,0.0,0.0
2024-09-17 10:50:00-04:00,12.8100004196167,12.819999694824219,12.789999961853027,12.789999961853027,4394,0.0,0.0,0.0
2024-09-17 10:55:00-04:00,12.800000190734863,12.818599700927734,12.779999732971191,12.800000190734863,8868,0.0,0.0,0.0
2024-09-17 11:00:00-04:00,12.819700241088867,12.850000381469727,12.819700241088867,12.819999694824219,28820,0.0,0.0,0.0
2024-09-17 11:05:00-04:00,12.819999694824219,12.84000015258789,12.808899879455566,12.8100004196167,22783,0.0,0.0,0.0
2024-09-17 11:10:00-04:00,12.8100004196167,12.819999694824219,12.770000457763672,12.770000457763672,9270,0.0,0.0,0.0
2024-09-17 11:15:00-04:00,12.772500038146973,12.78499984741211,12.751999855041504,12.752599716186523,19954,0.0,0.0,0.0
2024-09-17 11:20:00-04:00,12.755000114440918,12.770000457763672,12.75,12.765000343322754,1936,0.0,0.0,0.0
2024-09-17 11:25:00-04:00,12.760000228881836,12.760000228881836,12.710000038146973,12.710000038146973,14792,0.0,0.0,0.0
2024-09-17 11:30:00-04:00,12.720000267028809,12.720000267028809,12.65999984741211,12.670000076293945,42773,0.0,0.0,0.0
2024-09-17 11:35:00-04:00,12.680000305175781,12.6899995803833,12.649999618530273,12.660300254821777,17717,0.0,0.0,0.0
2024-09-17 11:40:00-04:00,12.65999984741211,12.710000038146973,12.65999984741211,12.710000038146973,20810,0.0,0.0,0.0
2024-09-17 11:45:00-04:00,12.70009994506836,12.70009994506836,12.6899995803833,12.6899995803833,89281,0.0,0.0,0.0
2024-09-17 11:50:00-04:00,12.699999809265137,12.710000038146973,12.6899995803833,12.704999923706055,87353,0.0,0.0,0.0
2024-09-17 11:55:00-04:00,12.699999809265137,12.699999809265137,12.670000076293945,12.680000305175781,57005,0.0,0.0,0.0
2024-09-17 12:00:00-04:00,12.680000305175781,12.680000305175781,12.664999961853027,12.664999961853027,12014,0.0,0.0,0.0
2024-09-17 12:05:00-04:00,12.670000076293945,12.670000076293945,12.649999618530273,12.670000076293945,28204,0.0,0.0,0.0
2024-09-17 12:10:00-04:00,12.670000076293945,12.706500053405762,12.664999961853027,12.706500053405762,26630,0.0,0.0,0.0
2024-09-17 12:15:00-04:00,12.699999809265137,12.699999809265137,12.675000190734863,12.680000305175781,8620,0.0,0.0,0.0
2024-09-17 12:20:00-04:00,12.680000305175781,12.6899995803833,12.654999732971191,12.65999984741211,12351,0.0,0.0,0.0
2024-09-17 12:25:00-04:00,12.660200119018555,12.6899995803833,12.660200119018555,12.6899995803833,8178,0.0,0.0,0.0
2024-09-17 12:30:00-04:00,12.6899995803833,12.699999809265137,12.680000305175781,12.695099830627441,25334,0.0,0.0,0.0
2024-09-17 12:35:00-04:00,12.6899995803833,12.6899995803833,12.675000190734863,12.680000305175781,18701,0.0,0.0,0.0
2024-09-17 12:40:00-04:00,12.67770004272461,12.67770004272461,12.649999618530273,12.65999984741211,12670,0.0,0.0,0.0
2024-09-17 12:45:00-04:00,12.649999618530273,12.669899940490723,12.619999885559082,12.630000114440918,31942,0.0,0.0,0.0
2024-09-17 12:50:00-04:00,12.630000114440918,12.65999984741211,12.619999885559082,12.65999984741211,55762,0.0,0.0,0.0
2024-09-17 12:55:00-04:00,12.65999984741211,12.65999984741211,12.635000228881836,12.637800216674805,44538,0.0,0.0,0.0
2024-09-17 13:00:00-04:00,12.640000343322754,12.649999618530273,12.630000114440918,12.640000343322754,8168,0.0,0.0,0.0
2024-09-17 13:05:00-04:00,12.640000343322754,12.640000343322754,12.604999542236328,12.609999656677246,25728,0.0,0.0,0.0
2024-09-17 13:10:00-04:00,12.630000114440918,12.630000114440918,12.600000381469727,12.630000114440918,16692,0.0,0.0,0.0
2024-09-17 13:15:00-04:00,12.638099670410156,12.640000343322754,12.625,12.640000343322754,12404,0.0,0.0,0.0
2024-09-17 13:20:00-04:00,12.640000343322754,12.649999618530273,12.630000114440918,12.630000114440918,10350,0.0,0.0,0.0
2024-09-17 13:25:00-04:00,12.635000228881836,12.645000457763672,12.630000114440918,12.640000343322754,27787,0.0,0.0,0.0
2024-09-17 13:30:00-04:00,12.630000114440918,12.649999618530273,12.625,12.625,11113,0.0,0.0,0.0
2024-09-17 13:35:00-04:00,12.630000114440918,12.655099868774414,12.6225004196167,12.649999618530273,15283,0.0,0.0,0.0
2024-09-17 13:40:00-04:00,12.645000457763672,12.645000457763672,12.63129997253418,12.640000343322754,9153,0.0,0.0,0.0
2024-09-17 13:45:00-04:00,12.640000343322754,12.670000076293945,12.619999885559082,12.670000076293945,9287,0.0,0.0,0.0
2024-09-17 13:50:00-04:00,12.670000076293945,12.6899995803833,12.670000076293945,12.680000305175781,48993,0.0,0.0,0.0
2024-09-17 13:55:00-04:00,12.680000305175781,12.6850004196167,12.654999732971191,12.670000076293945,55166,0.0,0.0,0.0
2024-09-17 14:00:00-04:00,12.65999984741211,12.680000305175781,12.654999732971191,12.65999984741211,70963,0.0,0.0,0.0
2024-09-17 14:05:00-04:00,12.65999984741211,12.670000076293945,12.656399726867676,12.65999984741211,7408,0.0,0.0,0.0
2024-09-17 14:10:00-04:00,12.65999984741211,12.670000076293945,12.654999732971191,12.65999984741211,34650,0.0,0.0,0.0
2024-09-17 14:15:00-04:00,12.65999984741211,12.675000190734863,12.65999984741211,12.664999961853027,20048,0.0,0.0,0.0
2024-09-17 14:20:00-04:00,12.65999984741211,12.670000076293945,12.65999984741211,12.670000076293945,5986,0.0,0.0,0.0
2024-09-17 14:25:00-04:00,12.670000076293945,12.6899995803833,12.664999961853027,12.664999961853027,37800,0.0,0.0,0.0
2024-09-17 14:30:00-04:00,12.65999984741211,12.680000305175781,12.65429973602295,12.680000305175781,7905,0.0,0.0,0.0
2024-09-17 14:35:00-04:00,12.675000190734863,12.6899995803833,12.675000190734863,12.677499771118164,15996,0.0,0.0,0.0
2024-09-17 14:40:00-04:00,12.680000305175781,12.6899995803833,12.680000305175781,12.6899995803833,5978,0.0,0.0,0.0
2024-09-17 14:45:00-04:00,12.6850004196167,12.6899995803833,12.670000076293945,12.675000190734863,12338,0.0,0.0,0.0
2024-09-17 14:50:00-04:00,12.670000076293945,12.680000305175781,12.660200119018555,12.680000305175781,21249,0.0,0.0,0.0
2024-09-17 14:55:00-04:00,12.680000305175781,12.6899995803833,12.680000305175781,12.6899995803833,1913,0.0,0.0,0.0
2024-09-17 15:00:00-04:00,12.6850004196167,12.6850004196167,12.65999984741211,12.66340446472168,5919,0.0,0.0,0.0
2024-09-17 15:05:00-04:00,12.664999961853027,12.669899940490723,12.654999732971191,12.669899940490723,12851,0.0,0.0,0.0
2024-09-17 15:10:00-04:00,12.65999984741211,12.664999961853027,12.649999618530273,12.65999984741211,16280,0.0,0.0,0.0
2024-09-17 15:15:00-04:00,12.65999984741211,12.660099983215332,12.649999618530273,12.650099754333496,25535,0.0,0.0,0.0
2024-09-17 15:20:00-04:00,12.65999984741211,12.65999984741211,12.625,12.630000114440918,11328,0.0,0.0,0.0
2024-09-17 15:25:00-04:00,12.630000114440918,12.640000343322754,12.62339973449707,12.635000228881836,8752,0.0,0.0,0.0
2024-09-17 15:30:00-04:00,12.640000343322754,12.640000343322754,12.625,12.635000228881836,17513,0.0,0.0,0.0
2024-09-17 15:35:00-04:00,12.630000114440918,12.65999984741211,12.625,12.654999732971191,133168,0.0,0.0,0.0
2024-09-17 15:40:00-04:00,12.649999618530273,12.65999984741211,12.614999771118164,12.619999885559082,84965,0.0,0.0,0.0
2024-09-17 15:45:00-04:00,12.619999885559082,12.630000114440918,12.609999656677246,12.625,101384,0.0,0.0,0.0
2024-09-17 15:50:00-04:00,12.630000114440918,12.640000343322754,12.619999885559082,12.640000343322754,55130,0.0,0.0,0.0
2024-09-17 15:55:00-04:00,12.645000457763672,12.65999984741211,12.635000228881836,12.65999984741211,64606,0.0,0.0,0.0
2024-09-18 09:30:00-04:00,12.729999542236328,12.729999542236328,12.632599830627441,12.680000305175781,132290,0.0,0.0,0.0
2024-09-18 09:35:00-04:00,12.680000305175781,12.680000305175781,12.625100135803223,12.63029956817627,44511,0.0,0.0,0.0
2024-09-18 09:40:00-04:00,12.619999885559082,12.619999885559082,12.550000190734863,12.579899787902832,26321,0.0,0.0,0.0
2024-09-18 09:45:00-04:00,12.579999923706055,12.609999656677246,12.579999923706055,12.609999656677246,7747,0.0,0.0,0.0
2024-09-18 09:50:00-04:00,12.604999542236328,12.604999542236328,12.569999694824219,12.595000267028809,17549,0.0,0.0,0.0
2024-09-18 09:55:00-04:00,12.580300331115723,12.600000381469727,12.555000305175781,12.59000015258789,47656,0.0,0.0,0.0
2024-09-18 10:00:00-04:00,12.5802001953125,12.609999656677246,12.5802001953125,12.590100288391113,8322,0.0,0.0,0.0
2024-09-18 10:05:00-04:00,12.59000015258789,12.630000114440918,12.585000038146973,12.630000114440918,9428,0.0,0.0,0.0
2024-09-18 10:10:00-04:00,12.640000343322754,12.640000343322754,12.595000267028809,12.600000381469727,18303,0.0,0.0,0.0
2024-09-18 10:15:00-04:00,12.600000381469727,12.600000381469727,12.5600004196167,12.5649995803833,11884,0.0,0.0,0.0
2024-09-18 10:20:00-04:00,12.550000190734863,12.5649995803833,12.53499984741211,12.5649995803833,66084,0.0,0.0,0.0
2024-09-18 10:25:00-04:00,12.5649995803833,12.585100173950195,12.555000305175781,12.5649995803833,22168,0.0,0.0,0.0
2024-09-18 10:30:00-04:00,12.570099830627441,12.574999809265137,12.510000228881836,12.520000457763672,48185,0.0,0.0,0.0
2024-09-18 10:35:00-04:00,12.520000457763672,12.539999961853027,12.510000228881836,12.530200004577637,18210,0.0,0.0,0.0
2024-09-18 10:40:00-04:00,12.53499984741211,12.5600004196167,12.53499984741211,12.539999961853027,24188,0.0,0.0,0.0
2024-09-18 10:45:00-04:00,12.5600004196167,12.569999694824219,12.545000076293945,12.550000190734863,5312,0.0,0.0,0.0
2024-09-18 10:50:00-04:00,12.545000076293945,12.550100326538086,12.534000396728516,12.542799949645996,13185,0.0,0.0,0.0
2024-09-18 10:55:00-04:00,12.54990005493164,12.54990005493164,12.53499984741211,12.539999961853027,52361,0.0,0.0,0.0
2024-09-18 11:00:00-04:00,12.539999961853027,12.550000190734863,12.53499984741211,12.539999961853027,61106,0.0,0.0,0.0
2024-09-18 11:05:00-04:00,12.550000190734863,12.550000190734863,12.523200035095215,12.524999618530273,5561,0.0,0.0,0.0
2024-09-18 11:10:00-04:00,12.520000457763672,12.520000457763672,12.494999885559082,12.494999885559082,33479,0.0,0.0,0.0
2024-09-18 11:15:00-04:00,12.5,12.5,12.48009967803955,12.489999771118164,25241,0.0,0.0,0.0
2024-09-18 11:20:00-04:00,12.489999771118164,12.510100364685059,12.489999771118164,12.510100364685059,5863,0.0,0.0,0.0
2024-09-18 11:25:00-04:00,12.520000457763672,12.529999732971191,12.510000228881836,12.52869987487793,4057,0.0,0.0,0.0
2024-09-18 11:30:00-04:00,12.520000457763672,12.520000457763672,12.505000114440918,12.510000228881836,6055,0.0,0.0,0.0
2024-09-18 11:35:00-04:00,12.519700050354004,12.51990032196045,12.5,12.510000228881836,38819,0.0,0.0,0.0
2024-09-18 11:40:00-04:00,12.5,12.510000228881836,12.470000267028809,12.48009967803955,14772,0.0,0.0,0.0
2024-09-18 11:45:00-04:00,12.489999771118164,12.489999771118164,12.453100204467773,12.489999771118164,9533,0.0,0.0,0.0
2024-09-18 11:50:00-04:00,12.489999771118164,12.5,12.489999771118164,12.499799728393555,5358,0.0,0.0,0.0
2024-09-18 11:55:00-04:00,12.5,12.505000114440918,12.489999771118164,12.494999885559082,19214,0.0,0.0,0.0
2024-09-18 12:00:00-04:00,12.489999771118164,12.509900093078613,12.482730865478516,12.494999885559082,47883,0.0,0.0,0.0
2024-09-18 12:05:00-04:00,12.5,12.520099639892578,12.5,12.520099639892578,4594,0.0,0.0,0.0
2024-09-18 12:10:00-04:00,12.522419929504395,12.529999732971191,12.522419929504395,12.529999732971191,7245,0.0,0.0,0.0
2024-09-18 12:15:00-04:00,12.529999732971191,12.539999961853027,12.529999732971191,12.539999961853027,2500,0.0,0.0,0.0
2024-09-18 12:20:00-04:00,12.539999961853027,12.548199653625488,12.53499984741211,12.53499984741211,8824,0.0,0.0,0.0
2024-09-18 12:25:00-04:00,12.53499984741211,12.557100296020508,12.53499984741211,12.545000076293945,12909,0.0,0.0,0.0
2024-09-18 12:30:00-04:00,12.545000076293945,12.545000076293945,12.515000343322754,12.515000343322754,20119,0.0,0.0,0.0
2024-09-18 12:35:00-04:00,12.515000343322754,12.520000457763672,12.515000343322754,12.520000457763672,12273,0.0,0.0,0.0
2024-09-18 12:40:00-04:00,12.520000457763672,12.529199600219727,12.520000457763672,12.529199600219727,787,0.0,0.0,0.0
2024-09-18 12:45:00-04:00,12.524999618530273,12.529999732971191,12.520000457763672,12.524999618530273,2480,0.0,0.0,0.0
2024-09-18 12:50:00-04:00,12.529999732971191,12.538700103759766,12.52299976348877,12.538700103759766,7281,0.0,0.0,0.0
2024-09-18 12:55:00-04:00,12.53499984741211,12.539999961853027,12.529999732971191,12.53499984741211,15778,0.0,0.0,0.0
2024-09-18 13:00:00-04:00,12.531999588012695,12.5378999710083,12.515000343322754,12.515000343322754,11723,0.0,0.0,0.0
2024-09-18 13:05:00-04:00,12.515000343322754,12.515000343322754,12.489999771118164,12.494999885559082,55737,0.0,0.0,0.0
2024-09-18 13:10:00-04:00,12.5,12.5,12.484999656677246,12.484999656677246,11763,0.0,0.0,0.0
2024-09-18 13:15:00-04:00,12.479999542236328,12.48330020904541,12.46500015258789,12.46500015258789,14407,0.0,0.0,0.0
2024-09-18 13:20:00-04:00,12.46500015258789,12.470000267028809,12.460000038146973,12.46500015258789,4342,0.0,0.0,0.0
2024-09-18 13:25:00-04:00,12.470000267028809,12.489999771118164,12.470000267028809,12.479999542236328,15858,0.0,0.0,0.0
2024-09-18 13:30:00-04:00,12.489999771118164,12.5,12.479999542236328,12.5,76991,0.0,0.0,0.0
2024-09-18 13:35:00-04:00,12.492799758911133,12.5,12.470000267028809,12.470000267028809,102475,0.0,0.0,0.0
2024-09-18 13:40:00-04:00,12.470199584960938,12.489999771118164,12.470199584960938,12.489999771118164,19785,0.0,0.0,0.0
2024-09-18 13:45:00-04:00,12.489999771118164,12.498100280761719,12.484999656677246,12.489999771118164,4479,0.0,0.0,0.0
2024-09-18 13:50:00-04:00,12.470000267028809,12.470000267028809,12.449999809265137,12.460000038146973,96369,0.0,0.0,0.0
2024-09-18 13:55:00-04:00,12.460000038146973,12.460000038146973,12.449999809265137,12.45009994506836,19631,0.0,0.0,0.0
2024-09-18 14:00:00-04:00,12.449999809265137,12.829999923706055,12.430000305175781,12.779999732971191,295541,0.0,0.0,0.0
2024-09-18 14:05:00-04:00,12.789999961853027,12.890000343322754,12.779999732971191,12.889900207519531,180887,0.0,0.0,0.0
2024-09-18 14:10:00-04:00,12.899999618530273,12.951600074768066,12.819999694824219,12.944999694824219,170903,0.0,0.0,0.0
2024-09-18 14:15:00-04:00,12.949999809265137,13.079999923706055,12.949999809265137,13.0600004196167,206789,0.0,0.0,0.0
2024-09-18 14:20:00-04:00,13.0600004196167,13.114999771118164,13.051300048828125,13.110099792480469,208067,0.0,0.0,0.0
2024-09-18 14:25:00-04:00,13.114999771118164,13.140000343322754,13.069999694824219,13.109999656677246,86494,0.0,0.0,0.0
2024-09-18 14:30:00-04:00,13.109999656677246,13.180000305175781,13.109999656677246,13.169599533081055,138526,0.0,0.0,0.0
2024-09-18 14:35:00-04:00,13.164999961853027,13.170000076293945,13.010000228881836,13.119999885559082,87765,0.0,0.0,0.0
2024-09-18 14:40:00-04:00,13.114999771118164,13.1274995803833,12.899999618530273,12.899999618530273,165839,0.0,0.0,0.0
2024-09-18 14:45:00-04:00,12.899999618530273,13.000100135803223,12.869999885559082,12.90999984741211,100238,0.0,0.0,0.0
2024-09-18 14:50:00-04:00,12.904999732971191,12.960000038146973,12.845000267028809,12.959699630737305,62737,0.0,0.0,0.0
2024-09-18 14:55:00-04:00,12.899999618530273,12.979999542236328,12.8100004196167,12.84000015258789,60021,0.0,0.0,0.0
2024-09-18 15:00:00-04:00,12.8100004196167,12.819999694824219,12.65999984741211,12.702199935913086,158045,0.0,0.0,0.0
2024-09-18 15:05:00-04:00,12.6899995803833,12.6899995803833,12.520000457763672,12.569999694824219,230222,0.0,0.0,0.0
2024-09-18 15:10:00-04:00,12.5600004196167,12.699999809265137,12.53499984741211,12.680000305175781,81952,0.0,0.0,0.0
2024-09-18 15:15:00-04:00,12.679900169372559,12.680000305175781,12.59000015258789,12.619999885559082,31518,0.0,0.0,0.0
2024-09-18 15:20:00-04:00,12.614999771118164,12.614999771118164,12.479999542236328,12.569999694824219,145801,0.0,0.0,0.0
2024-09-18 15:25:00-04:00,12.569999694824219,12.680000305175781,12.569999694824219,12.649999618530273,23073,0.0,0.0,0.0
2024-09-18 15:30:00-04:00,12.65999984741211,12.65999984741211,12.59000015258789,12.59000015258789,31537,0.0,0.0,0.0
2024-09-18 15:35:00-04:00,12.59000015258789,12.619999885559082,12.53499984741211,12.579999923706055,137613,0.0,0.0,0.0
2024-09-18 15:40:00-04:00,12.59000015258789,12.600000381469727,12.5,12.545000076293945,203582,0.0,0.0,0.0
2024-09-18 15:45:00-04:00,12.545000076293945,12.5600004196167,12.479999542236328,12.479999542236328,195219,0.0,0.0,0.0
2024-09-18 15:50:00-04:00,12.479999542236328,12.5,12.460000038146973,12.489999771118164,104947,0.0,0.0,0.0
2024-09-18 15:55:00-04:00,12.5,12.520000457763672,12.418899536132812,12.430000305175781,125638,0.0,0.0,0.0
2024-09-19 09:30:00-04:00,12.899999618530273,12.969799995422363,12.722000122070312,12.739899635314941,382167,0.0,0.0,0.0
2024-09-19 09:35:00-04:00,12.720000267028809,12.729999542236328,12.65999984741211,12.699999809265137,98943,0.0,0.0,0.0
2024-09-19 09:40:00-04:00,12.694999694824219,12.704999923706055,12.600000381469727,12.609600067138672,81032,0.0,0.0,0.0
2024-09-19 09:45:00-04:00,12.609999656677246,12.645000457763672,12.59000015258789,12.645000457763672,58452,0.0,0.0,0.0
2024-09-19 09:50:00-04:00,12.640700340270996,12.6899995803833,12.604999542236328,12.669899940490723,116696,0.0,0.0,0.0
2024-09-19 09:55:00-04:00,12.680100440979004,12.725000381469727,12.680100440979004,12.720000267028809,24263,0.0,0.0,0.0
2024-09-19 10:00:00-04:00,12.734999656677246,12.760000228881836,12.699999809265137,12.749600410461426,33479,0.0,0.0,0.0
2024-09-19 10:05:00-04:00,12.739999771118164,12.739999771118164,12.670000076293945,12.670000076293945,20526,0.0,0.0,0.0
2024-09-19 10:10:00-04:00,12.670000076293945,12.699999809265137,12.640000343322754,12.680000305175781,13544,0.0,0.0,0.0
2024-09-19 10:15:00-04:00,12.670000076293945,12.720000267028809,12.649999618530273,12.704999923706055,19222,0.0,0.0,0.0
2024-09-19 10:20:00-04:00,12.710000038146973,12.710000038146973,12.65999984741211,12.675000190734863,23731,0.0,0.0,0.0
2024-09-19 10:25:00-04:00,12.680000305175781,12.729999542236328,12.680000305175781,12.680000305175781,65772,0.0,0.0,0.0
2024-09-19 10:30:00-04:00,12.6899995803833,12.706000328063965,12.654999732971191,12.680000305175781,12193,0.0,0.0,0.0
2024-09-19 10:35:00-04:00,12.6850004196167,12.688945770263672,12.640000343322754,12.664999961853027,113556,0.0,0.0,0.0
2024-09-19 10:40:00-04:00,12.670000076293945,12.680000305175781,12.649999618530273,12.649999618530273,36893,0.0,0.0,0.0
2024-09-19 10:45:00-04:00,12.649999618530273,12.649999618530273,12.600000381469727,12.625,33680,0.0,0.0,0.0
2024-09-19 10:50:00-04:00,12.639900207519531,12.649999618530273,12.625,12.630000114440918,30563,0.0,0.0,0.0
2024-09-19 10:55:00-04:00,12.620100021362305,12.649999618530273,12.609999656677246,12.630000114440918,21358,0.0,0.0,0.0
2024-09-19 11:00:00-04:00,12.630000114440918,12.65999984741211,12.614999771118164,12.654999732971191,99074,0.0,0.0,0.0
2024-09-19 11:05:00-04:00,12.649999618530273,12.649999618530273,12.600000381469727,12.61989974975586,54382,0.0,0.0,0.0
2024-09-19 11:10:00-04:00,12.619999885559082,12.630000114440918,12.600000381469727,12.600000381469727,20841,0.0,0.0,0.0
2024-09-19 11:15:00-04:00,12.600000381469727,12.64579963684082,12.600000381469727,12.630000114440918,12787,0.0,0.0,0.0
2024-09-19 11:20:00-04:00,12.619999885559082,12.630399703979492,12.616700172424316,12.630000114440918,11707,0.0,0.0,0.0
2024-09-19 11:25:00-04:00,12.63290023803711,12.645000457763672,12.625,12.645000457763672,8044,0.0,0.0,0.0
2024-09-19 11:30:00-04:00,12.645000457763672,12.675000190734863,12.633899688720703,12.675000190734863,50160,0.0,0.0,0.0
2024-09-19 11:35:00-04:00,12.675000190734863,12.680000305175781,12.670000076293945,12.675000190734863,26261,0.0,0.0,0.0
2024-09-19 11:40:00-04:00,12.675000190734863,12.710000038146973,12.664999961853027,12.699999809265137,32796,0.0,0.0,0.0
2024-09-19 11:45:00-04:00,12.699700355529785,12.744999885559082,12.699700355529785,12.744726181030273,83616,0.0,0.0,0.0
2024-09-19 11:50:00-04:00,12.744999885559082,12.744999885559082,12.694999694824219,12.720000267028809,10214,0.0,0.0,0.0
2024-09-19 11:55:00-04:00,12.720000267028809,12.729999542236328,12.710000038146973,12.725000381469727,13290,0.0,0.0,0.0
2024-09-19 12:00:00-04:00,12.739899635314941,12.74899959564209,12.729999542236328,12.744999885559082,34507,0.0,0.0,0.0
2024-09-19 12:05:00-04:00,12.744999885559082,12.774999618530273,12.744999885559082,12.774999618530273,11294,0.0,0.0,0.0
2024-09-19 12:10:00-04:00,12.779899597167969,12.789999961853027,12.75,12.774999618530273,59341,0.0,0.0,0.0
2024-09-19 12:15:00-04:00,12.774999618530273,12.8100004196167,12.770000457763672,12.789999961853027,6451,0.0,0.0,0.0
2024-09-19 12:20:00-04:00,12.800000190734863,12.800000190734863,12.739999771118164,12.739999771118164,13198,0.0,0.0,0.0
2024-09-19 12:25:00-04:00,12.75,12.765000343322754,12.749799728393555,12.759699821472168,4603,0.0,0.0,0.0
2024-09-19 12:30:00-04:00,12.760000228881836,12.770000457763672,12.73009967803955,12.744999885559082,12893,0.0,0.0,0.0
2024-09-19 12:35:00-04:00,12.744999885559082,12.760000228881836,12.73009967803955,12.760000228881836,11276,0.0,0.0,0.0
2024-09-19 12:40:00-04:00,12.755000114440918,12.765000343322754,12.742600440979004,12.765000343322754,5252,0.0,0.0,0.0
2024-09-19 12:45:00-04:00,12.760000228881836,12.770000457763672,12.755000114440918,12.765000343322754,18250,0.0,0.0,0.0
2024-09-19 12:50:00-04:00,12.770000457763672,12.770000457763672,12.760000228881836,12.765000343322754,7458,0.0,0.0,0.0
2024-09-19 12:55:00-04:00,12.765000343322754,12.765000343322754,12.729999542236328,12.745100021362305,31244,0.0,0.0,0.0
2024-09-19 13:00:00-04:00,12.75,12.75979995727539,12.734999656677246,12.75,13095,0.0,0.0,0.0
2024-09-19 13:05:00-04:00,12.75,12.75,12.704999923706055,12.704999923706055,22512,0.0,0.0,0.0
2024-09-19 13:10:00-04:00,12.70989990234375,12.718700408935547,12.699999809265137,12.710000038146973,38110,0.0,0.0,0.0
2024-09-19 13:15:00-04:00,12.710000038146973,12.729900360107422,12.699999809265137,12.699999809265137,2645,0.0,0.0,0.0
2024-09-19 13:20:00-04:00,12.699999809265137,12.699999809265137,12.6899995803833,12.694999694824219,2556,0.0,0.0,0.0
2024-09-19 13:25:00-04:00,12.694999694824219,12.694999694824219,12.6850004196167,12.689900398254395,2350,0.0,0.0,0.0
2024-09-19 13:30:00-04:00,12.692000389099121,12.694999694824219,12.68970012664795,12.6899995803833,5742,0.0,0.0,0.0
2024-09-19 13:35:00-04:00,12.699999809265137,12.704999923706055,12.699999809265137,12.699999809265137,5576,0.0,0.0,0.0
2024-09-19 13:40:00-04:00,12.704999923706055,12.710000038146973,12.694999694824219,12.694999694824219,9790,0.0,0.0,0.0
2024-09-19 13:45:00-04:00,12.699999809265137,12.739999771118164,12.699999809265137,12.731499671936035,29643,0.0,0.0,0.0
2024-09-19 13:50:00-04:00,12.734999656677246,12.75,12.725000381469727,12.739999771118164,53800,0.0,0.0,0.0
2024-09-19 13:55:00-04:00,12.744999885559082,12.746100425720215,12.739999771118164,12.744999885559082,12884,0.0,0.0,0.0
2024-09-19 14:00:00-04:00,12.741100311279297,12.75,12.720000267028809,12.725000381469727,60896,0.0,0.0,0.0
2024-09-19 14:05:00-04:00,12.725000381469727,12.725000381469727,12.699999809265137,12.703200340270996,45009,0.0,0.0,0.0
2024-09-19 14:10:00-04:00,12.704999923706055,12.71500015258789,12.699999809265137,12.710000038146973,19274,0.0,0.0,0.0
2024-09-19 14:15:00-04:00,12.710000038146973,12.710000038146973,12.6850004196167,12.6899995803833,27011,0.0,0.0,0.0
2024-09-19 14:20:00-04:00,12.6899995803833,12.725000381469727,12.6899995803833,12.722000122070312,11615,0.0,0.0,0.0
2024-09-19 14:25:00-04:00,12.720000267028809,12.734999656677246,12.720000267028809,12.729999542236328,4321,0.0,0.0,0.0
2024-09-19 14:30:00-04:00,12.735099792480469,12.735099792480469,12.720000267028809,12.725000381469727,1984,0.0,0.0,0.0
2024-09-19 14:35:00-04:00,12.725000381469727,12.729999542236328,12.720100402832031,12.720100402832031,4763,0.0,0.0,0.0
2024-09-19 14:40:00-04:00,12.725000381469727,12.739999771118164,12.725000381469727,12.734399795532227,23210,0.0,0.0,0.0
2024-09-19 14:45:00-04:00,12.734999656677246,12.734999656677246,12.699999809265137,12.699999809265137,51722,0.0,0.0,0.0
2024-09-19 14:50:00-04:00,12.706399917602539,12.706399917602539,12.694999694824219,12.699999809265137,3488,0.0,0.0,0.0
2024-09-19 14:55:00-04:00,12.704999923706055,12.704999923706055,12.699999809265137,12.704999923706055,3204,0.0,0.0,0.0
2024-09-19 15:00:00-04:00,12.699999809265137,12.710000038146973,12.680299758911133,12.6899995803833,9405,0.0,0.0,0.0
2024-09-19 15:05:00-04:00,12.6899995803833,12.6899995803833,12.670000076293945,12.6899995803833,12143,0.0,0.0,0.0
2024-09-19 15:10:00-04:00,12.6850004196167,12.6850004196167,12.65999984741211,12.65999984741211,12540,0.0,0.0,0.0
2024-09-19 15:15:00-04:00,12.664999961853027,12.670000076293945,12.630000114440918,12.631099700927734,19276,0.0,0.0,0.0
2024-09-19 15:20:00-04:00,12.630000114440918,12.654999732971191,12.619999885559082,12.651300430297852,54821,0.0,0.0,0.0
2024-09-19 15:25:00-04:00,12.651300430297852,12.65999984741211,12.64009952545166,12.654999732971191,6636,0.0,0.0,0.0
2024-09-19 15:30:00-04:00,12.654999732971191,12.65999984741211,12.64009952545166,12.649999618530273,147046,0.0,0.0,0.0
2024-09-19 15:35:00-04:00,12.65999984741211,12.670000076293945,12.649999618530273,12.654999732971191,32435,0.0,0.0,0.0
2024-09-19 15:40:00-04:00,12.654999732971191,12.65999984741211,12.635000228881836,12.645000457763672,74903,0.0,0.0,0.0
2024-09-19 15:45:00-04:00,12.645000457763672,12.65999984741211,12.640000343322754,12.65060043334961,60929,0.0,0.0,0.0
2024-09-19 15:50:00-04:00,12.65999984741211,12.6899995803833,12.65999984741211,12.6850004196167,88221,0.0,0.0,0.0
2024-09-19 15:55:00-04:00,12.6899995803833,12.710000038146973,12.6899995803833,12.699999809265137,148725,0.0,0.0,0.0
2024-09-20 09:30:00-04:00,12.949999809265137,12.949999809265137,12.890000343322754,12.898200035095215,134930,0.0,0.0,0.0
2024-09-20 09:35:00-04:00,12.890000343322754,12.9399995803833,12.890000343322754,12.914999961853027,38097,0.0,0.0,0.0
2024-09-20 09:40:00-04:00,12.920000076293945,12.920000076293945,12.850000381469727,12.858599662780762,40512,0.0,0.0,0.0
2024-09-20 09:45:00-04:00,12.850000381469727,12.8503999710083,12.789999961853027,12.8149995803833,28090,0.0,0.0,0.0
2024-09-20 09:50:00-04:00,12.800000190734863,12.819999694824219,12.770000457763672,12.800000190734863,18088,0.0,0.0,0.0
2024-09-20 09:55:00-04:00,12.805100440979004,12.845000267028809,12.805100440979004,12.84000015258789,4899,0.0,0.0,0.0
2024-09-20 10:00:00-04:00,12.84000015258789,12.850000381469727,12.804682731628418,12.805999755859375,20607,0.0,0.0,0.0
2024-09-20 10:05:00-04:00,12.800000190734863,12.800000190734863,12.760000228881836,12.789999961853027,8587,0.0,0.0,0.0
2024-09-20 10:10:00-04:00,12.789999961853027,12.795000076293945,12.73009967803955,12.755000114440918,13170,0.0,0.0,0.0
2024-09-20 10:15:00-04:00,12.761899948120117,12.822099685668945,12.761899948120117,12.8100004196167,12160,0.0,0.0,0.0
2024-09-20 10:20:00-04:00,12.800000190734863,12.8100004196167,12.774999618530273,12.779999732971191,13100,0.0,0.0,0.0
2024-09-20 10:25:00-04:00,12.78499984741211,12.805000305175781,12.779999732971191,12.800000190734863,18641,0.0,0.0,0.0
2024-09-20 10:30:00-04:00,12.8100004196167,12.869999885559082,12.800100326538086,12.869999885559082,42101,0.0,0.0,0.0
2024-09-20 10:35:00-04:00,12.869999885559082,12.920000076293945,12.864999771118164,12.90999984741211,36988,0.0,0.0,0.0
2024-09-20 10:40:00-04:00,12.90999984741211,12.925000190734863,12.880000114440918,12.880000114440918,27691,0.0,0.0,0.0
2024-09-20 10:45:00-04:00,12.885000228881836,12.930000305175781,12.885000228881836,12.920000076293945,31175,0.0,0.0,0.0
2024-09-20 10:50:00-04:00,12.914999961853027,12.9350004196167,12.90999984741211,12.914999961853027,19773,0.0,0.0,0.0
2024-09-20 10:55:00-04:00,12.920000076293945,12.925000190734863,12.869999885559082,12.885000228881836,56206,0.0,0.0,0.0
2024-09-20 11:00:00-04:00,12.880900382995605,12.895000457763672,12.869999885559082,12.880000114440918,8776,0.0,0.0,0.0
2024-09-20 11:05:00-04:00,12.881099700927734,12.91759967803955,12.878499984741211,12.878499984741211,15005,0.0,0.0,0.0
2024-09-20 11:10:00-04:00,12.880000114440918,12.880000114440918,12.8100004196167,12.8100004196167,16092,0.0,0.0,0.0
2024-09-20 11:15:00-04:00,12.8100004196167,12.8100004196167,12.740099906921387,12.77649974822998,39975,0.0,0.0,0.0
2024-09-20 11:20:00-04:00,12.779899597167969,12.779899597167969,12.739999771118164,12.765000343322754,18595,0.0,0.0,0.0
2024-09-20 11:25:00-04:00,12.770000457763672,12.770000457763672,12.734999656677246,12.739999771118164,16845,0.0,0.0,0.0
2024-09-20 11:30:00-04:00,12.734999656677246,12.760000228881836,12.710000038146973,12.75,34349,0.0,0.0,0.0
2024-09-20 11:35:00-04:00,12.760000228881836,12.797900199890137,12.760000228881836,12.789999961853027,13400,0.0,0.0,0.0
2024-09-20 11:40:00-04:00,12.789999961853027,12.86970043182373,12.779999732971191,12.864999771118164,15180,0.0,0.0,0.0
2024-09-20 11:45:00-04:00,12.859999656677246,12.875,12.829999923706055,12.850000381469727,13590,0.0,0.0,0.0
2024-09-20 11:50:00-04:00,12.850000381469727,12.864999771118164,12.845000267028809,12.850000381469727,10075,0.0,0.0,0.0
2024-09-20 11:55:00-04:00,12.859999656677246,12.890000343322754,12.859999656677246,12.869799613952637,4150,0.0,0.0,0.0
2024-09-20 12:00:00-04:00,12.859999656677246,12.875,12.850000381469727,12.859999656677246,10685,0.0,0.0,0.0
2024-09-20 12:05:00-04:00,12.859000205993652,12.869999885559082,12.859000205993652,12.869999885559082,9647,0.0,0.0,0.0
2024-09-20 12:10:00-04:00,12.869999885559082,12.879899978637695,12.850099563598633,12.879899978637695,5576,0.0,0.0,0.0
2024-09-20 12:15:00-04:00,12.880000114440918,12.899900436401367,12.875,12.885000228881836,0,0.0,0.0,0.0
2024-09-20 12:20:00-04:00,12.895000457763672,12.899999618530273,12.888099670410156,12.890000343322754,850388,0.0,0.0,0.0
2024-09-20 12:25:00-04:00,12.89009952545166,12.899900436401367,12.880000114440918,12.889900207519531,20196,0.0,0.0,0.0
2024-09-20 12:30:00-04:00,12.880000114440918,12.90999984741211,12.869999885559082,12.890000343322754,160936,0.0,0.0,0.0
2024-09-20 12:35:00-04:00,12.890000343322754,12.9197998046875,12.890000343322754,12.899999618530273,64845,0.0,0.0,0.0
2024-09-20 12:40:00-04:00,12.909899711608887,12.90999984741211,12.899999618530273,12.901000022888184,1762,0.0,0.0,0.0
2024-09-20 12:45:00-04:00,12.899999618530273,12.904999732971191,12.890000343322754,12.900099754333496,8294,0.0,0.0,0.0
2024-09-20 12:50:00-04:00,12.900099754333496,12.904999732971191,12.890000343322754,12.890000343322754,3732,0.0,0.0,0.0
2024-09-20 12:55:00-04:00,12.899900436401367,12.899900436401367,12.869999885559082,12.878474235534668,17180,0.0,0.0,0.0
2024-09-20 13:00:00-04:00,12.880000114440918,12.885000228881836,12.829999923706055,12.829999923706055,57378,0.0,0.0,0.0
2024-09-20 13:05:00-04:00,12.829999923706055,12.847399711608887,12.82509994506836,12.833499908447266,10426,0.0,0.0,0.0
2024-09-20 13:10:00-04:00,12.829999923706055,12.839900016784668,12.822400093078613,12.829999923706055,10043,0.0,0.0,0.0
2024-09-20 13:15:00-04:00,12.819999694824219,12.829999923706055,12.8149995803833,12.819999694824219,9986,0.0,0.0,0.0
2024-09-20 13:20:00-04:00,12.830100059509277,12.830100059509277,12.789999961853027,12.789999961853027,6549,0.0,0.0,0.0
2024-09-20 13:25:00-04:00,12.781299591064453,12.798399925231934,12.770000457763672,12.789999961853027,16862,0.0,0.0,0.0
2024-09-20 13:30:00-04:00,12.789999961853027,12.824999809265137,12.779999732971191,12.8149995803833,25407,0.0,0.0,0.0
2024-09-20 13:35:00-04:00,12.815099716186523,12.824999809265137,12.800000190734863,12.800000190734863,5695,0.0,0.0,0.0
2024-09-20 13:40:00-04:00,12.799500465393066,12.799699783325195,12.789999961853027,12.793499946594238,7210,0.0,0.0,0.0
2024-09-20 13:45:00-04:00,12.789999961853027,12.789999961853027,12.779999732971191,12.78499984741211,8580,0.0,0.0,0.0
2024-09-20 13:50:00-04:00,12.78499984741211,12.789999961853027,12.760000228881836,12.765000343322754,15193,0.0,0.0,0.0
2024-09-20 13:55:00-04:00,12.770000457763672,12.78499984741211,12.770000457763672,12.774200439453125,5535,0.0,0.0,0.0
2024-09-20 14:00:00-04:00,12.770000457763672,12.779999732971191,12.743000030517578,12.75,18804,0.0,0.0,0.0
2024-09-20 14:05:00-04:00,12.760000228881836,12.765000343322754,12.75100040435791,12.75100040435791,6652,0.0,0.0,0.0
2024-09-20 14:10:00-04:00,12.752799987792969,12.800000190734863,12.752799987792969,12.795000076293945,6752,0.0,0.0,0.0
2024-09-20 14:15:00-04:00,12.795000076293945,12.8149995803833,12.795000076293945,12.8100004196167,2213,0.0,0.0,0.0
2024-09-20 14:20:00-04:00,12.805000305175781,12.806699752807617,12.789999961853027,12.789999961853027,8785,0.0,0.0,0.0
2024-09-20 14:25:00-04:00,12.781000137329102,12.78499984741211,12.779999732971191,12.78499984741211,3815,0.0,0.0,0.0
2024-09-20 14:30:00-04:00,12.779999732971191,12.782299995422363,12.760000228881836,12.779999732971191,4862,0.0,0.0,0.0
2024-09-20 14:35:00-04:00,12.770000457763672,12.779999732971191,12.770000457763672,12.779999732971191,56010,0.0,0.0,0.0
2024-09-20 14:40:00-04:00,12.776300430297852,12.779999732971191,12.770000457763672,12.779999732971191,9380,0.0,0.0,0.0
2024-09-20 14:45:00-04:00,12.789999961853027,12.8100004196167,12.788000106811523,12.800399780273438,12210,0.0,0.0,0.0
2024-09-20 14:50:00-04:00,12.805000305175781,12.8149995803833,12.805000305175781,12.8100004196167,7596,0.0,0.0,0.0
2024-09-20 14:55:00-04:00,12.8100004196167,12.819999694824219,12.80109977722168,12.80210018157959,10645,0.0,0.0,0.0
2024-09-20 15:00:00-04:00,12.8100004196167,12.829899787902832,12.800000190734863,12.819999694824219,13728,0.0,0.0,0.0
2024-09-20 15:05:00-04:00,12.8149995803833,12.819999694824219,12.805000305175781,12.819999694824219,6148,0.0,0.0,0.0
2024-09-20 15:10:00-04:00,12.824999809265137,12.845000267028809,12.824999809265137,12.84000015258789,8963,0.0,0.0,0.0
2024-09-20 15:15:00-04:00,12.84000015258789,12.862000465393066,12.831500053405762,12.859999656677246,6209,0.0,0.0,0.0
2024-09-20 15:20:00-04:00,12.869999885559082,12.885000228881836,12.869999885559082,12.869999885559082,9068,0.0,0.0,0.0
2024-09-20 15:25:00-04:00,12.875,12.880000114440918,12.869999885559082,12.880000114440918,17804,0.0,0.0,0.0
2024-09-20 15:30:00-04:00,12.875,12.890000343322754,12.869999885559082,12.890000343322754,10000,0.0,0.0,0.0
2024-09-20 15:35:00-04:00,12.895999908447266,12.900099754333496,12.880000114440918,12.899999618530273,18209,0.0,0.0,0.0
2024-09-20 15:40:00-04:00,12.890000343322754,12.926199913024902,12.885000228881836,12.916000366210938,12956,0.0,0.0,0.0
2024-09-20 15:45:00-04:00,12.919899940490723,12.930000305175781,12.909500122070312,12.90999984741211,46914,0.0,0.0,0.0
2024-09-20 15:50:00-04:00,12.90999984741211,12.944999694824219,12.90999984741211,12.930000305175781,78600,0.0,0.0,0.0
2024-09-20 15:55:00-04:00,12.925000190734863,12.9350004196167,12.900099754333496,12.90999984741211,79702,0.0,0.0,0.0
2024-09-23 09:30:00-04:00,12.949999809265137,12.949999809265137,12.845000267028809,12.880000114440918,130068,0.0,0.0,0.0
2024-09-23 09:35:00-04:00,12.867500305175781,12.949999809265137,12.860099792480469,12.949999809265137,14211,0.0,0.0,0.0
2024-09-23 09:40:00-04:00,12.960000038146973,12.996700286865234,12.960000038146973,12.980299949645996,32571,0.0,0.0,0.0
2024-09-23 09:45:00-04:00,13.010000228881836,13.010000228881836,12.90999984741211,13.010000228881836,76559,0.0,0.0,0.0
2024-09-23 09:50:00-04:00,13.010000228881836,13.0600004196167,12.989999771118164,13.0600004196167,46662,0.0,0.0,0.0
2024-09-23 09:55:00-04:00,13.055000305175781,13.0649995803833,13.029999732971191,13.059300422668457,14887,0.0,0.0,0.0
2024-09-23 10:00:00-04:00,13.050000190734863,13.109999656677246,13.050000190734863,13.079999923706055,34941,0.0,0.0,0.0
2024-09-23 10:05:00-04:00,13.09000015258789,13.09000015258789,13.039999961853027,13.074999809265137,20314,0.0,0.0,0.0
2024-09-23 10:10:00-04:00,13.079999923706055,13.09000015258789,13.039999961853027,13.039999961853027,25992,0.0,0.0,0.0
2024-09-23 10:15:00-04:00,13.039999961853027,13.09000015258789,13.029999732971191,13.074999809265137,38118,0.0,0.0,0.0
2024-09-23 10:20:00-04:00,13.069999694824219,13.100000381469727,13.0600004196167,13.072999954223633,34419,0.0,0.0,0.0
2024-09-23 10:25:00-04:00,13.069999694824219,13.109999656677246,13.069700241088867,13.109999656677246,71094,0.0,0.0,0.0
2024-09-23 10:30:00-04:00,13.116000175476074,13.116000175476074,13.079999923706055,13.09000015258789,11028,0.0,0.0,0.0
2024-09-23 10:35:00-04:00,13.079999923706055,13.100000381469727,13.039999961853027,13.039999961853027,28150,0.0,0.0,0.0
2024-09-23 10:40:00-04:00,13.029999732971191,13.050000190734863,13.020000457763672,13.050000190734863,15604,0.0,0.0,0.0
2024-09-23 10:45:00-04:00,13.045000076293945,13.050000190734863,13.015000343322754,13.015000343322754,7787,0.0,0.0,0.0
2024-09-23 10:50:00-04:00,13.010000228881836,13.016400337219238,13.0,13.015000343322754,12215,0.0,0.0,0.0
2024-09-23 10:55:00-04:00,13.020000457763672,13.020000457763672,13.0,13.005000114440918,68860,0.0,0.0,0.0
2024-09-23 11:00:00-04:00,13.006699562072754,13.006699562072754,12.9399995803833,12.954999923706055,136160,0.0,0.0,0.0
2024-09-23 11:05:00-04:00,12.949999809265137,12.954999923706055,12.914999961853027,12.925000190734863,13408,0.0,0.0,0.0
2024-09-23 11:10:00-04:00,12.930000305175781,12.960000038146973,12.930000305175781,12.954999923706055,17446,0.0,0.0,0.0
2024-09-23 11:15:00-04:00,12.960000038146973,12.96500015258789,12.94909954071045,12.954999923706055,22532,0.0,0.0,0.0
2024-09-23 11:20:00-04:00,12.96500015258789,12.970000267028809,12.949999809265137,12.960000038146973,7478,0.0,0.0,0.0
2024-09-23 11:25:00-04:00,12.968500137329102,12.975000381469727,12.9399995803833,12.970000267028809,13896,0.0,0.0,0.0
2024-09-23 11:30:00-04:00,12.960000038146973,12.960000038146973,12.9399995803833,12.944999694824219,7337,0.0,0.0,0.0
2024-09-23 11:35:00-04:00,12.94950008392334,12.970000267028809,12.9399995803833,12.960000038146973,17100,0.0,0.0,0.0
2024-09-23 11:40:00-04:00,12.960000038146973,12.960000038146973,12.944999694824219,12.949999809265137,8357,0.0,0.0,0.0
2024-09-23 11:45:00-04:00,12.960000038146973,12.96500015258789,12.960000038146973,12.960000038146973,1736,0.0,0.0,0.0
2024-09-23 11:50:00-04:00,12.949999809265137,12.967100143432617,12.944999694824219,12.960000038146973,7213,0.0,0.0,0.0
2024-09-23 11:55:00-04:00,12.960000038146973,12.960000038146973,12.899999618530273,12.90310001373291,12583,0.0,0.0,0.0
2024-09-23 12:00:00-04:00,12.899999618530273,12.907500267028809,12.880000114440918,12.890000343322754,17845,0.0,0.0,0.0
2024-09-23 12:05:00-04:00,12.890000343322754,12.890000343322754,12.864999771118164,12.864999771118164,17730,0.0,0.0,0.0
2024-09-23 12:10:00-04:00,12.869999885559082,12.869999885559082,12.829999923706055,12.838899612426758,48023,0.0,0.0,0.0
2024-09-23 12:15:00-04:00,12.829999923706055,12.829999923706055,12.8100004196167,12.819899559020996,9695,0.0,0.0,0.0
2024-09-23 12:20:00-04:00,12.819999694824219,12.819999694824219,12.800000190734863,12.800100326538086,10302,0.0,0.0,0.0
2024-09-23 12:25:00-04:00,12.805000305175781,12.8100004196167,12.804200172424316,12.809100151062012,8322,0.0,0.0,0.0
2024-09-23 12:30:00-04:00,12.802499771118164,12.805000305175781,12.779999732971191,12.79889965057373,12037,0.0,0.0,0.0
2024-09-23 12:35:00-04:00,12.795000076293945,12.8100004196167,12.779999732971191,12.779999732971191,68939,0.0,0.0,0.0
2024-09-23 12:40:00-04:00,12.779999732971191,12.800000190734863,12.779999732971191,12.789999961853027,11720,0.0,0.0,0.0
2024-09-23 12:45:00-04:00,12.789999961853027,12.819999694824219,12.78499984741211,12.819999694824219,12298,0.0,0.0,0.0
2024-09-23 12:50:00-04:00,12.824000358581543,12.84000015258789,12.824000358581543,12.835100173950195,3964,0.0,0.0,0.0
2024-09-23 12:55:00-04:00,12.829999923706055,12.850000381469727,12.819999694824219,12.850000381469727,8080,0.0,0.0,0.0
2024-09-23 13:00:00-04:00,12.829999923706055,12.84000015258789,12.829999923706055,12.839500427246094,6983,0.0,0.0,0.0
2024-09-23 13:05:00-04:00,12.835000038146973,12.835000038146973,12.8100004196167,12.819999694824219,9149,0.0,0.0,0.0
2024-09-23 13:10:00-04:00,12.829899787902832,12.850000381469727,12.824999809265137,12.84000015258789,5536,0.0,0.0,0.0
2024-09-23 13:15:00-04:00,12.839900016784668,12.839900016784668,12.819999694824219,12.838899612426758,5395,0.0,0.0,0.0
2024-09-23 13:20:00-04:00,12.84000015258789,12.858200073242188,12.84000015258789,12.858200073242188,3208,0.0,0.0,0.0
2024-09-23 13:25:00-04:00,12.84000015258789,12.854999542236328,12.84000015258789,12.850000381469727,26764,0.0,0.0,0.0
2024-09-23 13:30:00-04:00,12.845000267028809,12.85830020904541,12.845000267028809,12.850099563598633,2376,0.0,0.0,0.0
2024-09-23 13:35:00-04:00,12.850000381469727,12.854000091552734,12.845000267028809,12.845000267028809,8496,0.0,0.0,0.0
2024-09-23 13:40:00-04:00,12.846799850463867,12.846799850463867,12.829999923706055,12.829999923706055,2152,0.0,0.0,0.0
2024-09-23 13:45:00-04:00,12.829999923706055,12.829999923706055,12.829999923706055,12.829999923706055,613,0.0,0.0,0.0
2024-09-23 13:50:00-04:00,12.838199615478516,12.84000015258789,12.829999923706055,12.835000038146973,6188,0.0,0.0,0.0
2024-09-23 13:55:00-04:00,12.84000015258789,12.84000015258789,12.84000015258789,12.84000015258789,1158,0.0,0.0,0.0
2024-09-23 14:00:00-04:00,12.835000038146973,12.835000038146973,12.800000190734863,12.802000045776367,8864,0.0,0.0,0.0
2024-09-23 14:05:00-04:00,12.800000190734863,12.81980037689209,12.779999732971191,12.816399574279785,7975,0.0,0.0,0.0
2024-09-23 14:10:00-04:00,12.819999694824219,12.825799942016602,12.8100004196167,12.819999694824219,4389,0.0,0.0,0.0
2024-09-23 14:15:00-04:00,12.819999694824219,12.819999694824219,12.8100004196167,12.8100004196167,1170,0.0,0.0,0.0
2024-09-23 14:20:00-04:00,12.8149995803833,12.84000015258789,12.8149995803833,12.84000015258789,2782,0.0,0.0,0.0
2024-09-23 14:25:00-04:00,12.84000015258789,12.84000015258789,12.829999923706055,12.829999923706055,1688,0.0,0.0,0.0
2024-09-23 14:30:00-04:00,12.829999923706055,12.84000015258789,12.824999809265137,12.829999923706055,1915,0.0,0.0,0.0
2024-09-23 14:35:00-04:00,12.828700065612793,12.828900337219238,12.819999694824219,12.819999694824219,2222,0.0,0.0,0.0
2024-09-23 14:40:00-04:00,12.819999694824219,12.839900016784668,12.819999694824219,12.839900016784668,3277,0.0,0.0,0.0
2024-09-23 14:45:00-04:00,12.830100059509277,12.84000015258789,12.829999923706055,12.829999923706055,4028,0.0,0.0,0.0
2024-09-23 14:50:00-04:00,12.824999809265137,12.824999809265137,12.800000190734863,12.8100004196167,5582,0.0,0.0,0.0
2024-09-23 14:55:00-04:00,12.8100004196167,12.819899559020996,12.8100004196167,12.819899559020996,1228,0.0,0.0,0.0
2024-09-23 15:00:00-04:00,12.8149995803833,12.8149995803833,12.800000190734863,12.800999641418457,30065,0.0,0.0,0.0
2024-09-23 15:05:00-04:00,12.800100326538086,12.8100004196167,12.789999961853027,12.800000190734863,14592,0.0,0.0,0.0
2024-09-23 15:10:00-04:00,12.800000190734863,12.800000190734863,12.789999961853027,12.795000076293945,13338,0.0,0.0,0.0
2024-09-23 15:15:00-04:00,12.800000190734863,12.805000305175781,12.793999671936035,12.793999671936035,15876,0.0,0.0,0.0
2024-09-23 15:20:00-04:00,12.789999961853027,12.790499687194824,12.779800415039062,12.78530502319336,4326,0.0,0.0,0.0
2024-09-23 15:25:00-04:00,12.79010009765625,12.795000076293945,12.789999961853027,12.789999961853027,897,0.0,0.0,0.0
2024-09-23 15:30:00-04:00,12.789999961853027,12.789999961853027,12.770000457763672,12.779999732971191,35641,0.0,0.0,0.0
2024-09-23 15:35:00-04:00,12.779999732971191,12.789999961853027,12.739999771118164,12.740099906921387,38030,0.0,0.0,0.0
2024-09-23 15:40:00-04:00,12.75,12.765000343322754,12.75,12.750100135803223,13180,0.0,0.0,0.0
2024-09-23 15:45:00-04:00,12.75,12.760000228881836,12.744999885559082,12.760000228881836,10066,0.0,0.0,0.0
2024-09-23 15:50:00-04:00,12.755000114440918,12.779999732971191,12.75,12.755000114440918,25003,0.0,0.0,0.0
2024-09-23 15:55:00-04:00,12.75,12.760000228881836,12.710000038146973,12.73009967803955,141655,0.0,0.0,0.0
2024-09-24 09:30:00-04:00,12.899999618530273,12.899999618530273,12.800000190734863,12.869999885559082,47014,0.0,0.0,0.0
2024-09-24 09:35:00-04:00,12.880000114440918,12.9399995803833,12.874899864196777,12.90999984741211,39441,0.0,0.0,0.0
2024-09-24 09:40:00-04:00,12.920000076293945,12.9399995803833,12.90999984741211,12.929400444030762,14789,0.0,0.0,0.0
2024-09-24 09:45:00-04:00,12.90999984741211,12.944999694824219,12.899999618530273,12.920000076293945,17141,0.0,0.0,0.0
2024-09-24 09:50:00-04:00,12.925000190734863,13.010000228881836,12.925000190734863,13.010000228881836,64987,0.0,0.0,0.0
2024-09-24 09:55:00-04:00,13.010100364685059,13.03969955444336,12.975000381469727,12.982000350952148,17678,0.0,0.0,0.0
2024-09-24 10:00:00-04:00,12.970000267028809,12.996899604797363,12.925000190734863,12.9399995803833,28561,0.0,0.0,0.0
2024-09-24 10:05:00-04:00,12.9399995803833,13.010000228881836,12.9350004196167,13.0,11820,0.0,0.0,0.0
2024-09-24 10:10:00-04:00,13.0,13.015000343322754,12.979999542236328,12.979999542236328,26988,0.0,0.0,0.0
2024-09-24 10:15:00-04:00,12.979999542236328,13.010000228881836,12.970000267028809,12.979999542236328,10639,0.0,0.0,0.0
2024-09-24 10:20:00-04:00,12.979999542236328,13.029999732971191,12.960000038146973,13.0,19682,0.0,0.0,0.0
2024-09-24 10:25:00-04:00,13.00979995727539,13.015000343322754,12.999899864196777,13.005000114440918,23769,0.0,0.0,0.0
2024-09-24 10:30:00-04:00,13.002347946166992,13.010000228881836,12.960000038146973,12.960100173950195,32447,0.0,0.0,0.0
2024-09-24 10:35:00-04:00,12.970000267028809,12.979999542236328,12.930000305175781,12.9399995803833,17837,0.0,0.0,0.0
2024-09-24 10:40:00-04:00,12.9399995803833,12.975000381469727,12.939900398254395,12.975000381469727,6687,0.0,0.0,0.0
2024-09-24 10:45:00-04:00,12.975299835205078,13.069999694824219,12.970000267028809,13.0649995803833,51080,0.0,0.0,0.0
2024-09-24 10:50:00-04:00,13.0649995803833,13.180000305175781,13.0649995803833,13.149800300598145,78633,0.0,0.0,0.0
2024-09-24 10:55:00-04:00,13.145000457763672,13.199999809265137,13.137399673461914,13.1899995803833,179330,0.0,0.0,0.0
2024-09-24 11:00:00-04:00,13.1850004196167,13.204999923706055,13.15999984741211,13.194999694824219,36396,0.0,0.0,0.0
2024-09-24 11:05:00-04:00,13.1899995803833,13.239999771118164,13.1850004196167,13.234999656677246,89697,0.0,0.0,0.0
2024-09-24 11:10:00-04:00,13.234999656677246,13.25,13.225000381469727,13.25,155570,0.0,0.0,0.0
2024-09-24 11:15:00-04:00,13.239999771118164,13.260000228881836,13.225000381469727,13.239999771118164,66358,0.0,0.0,0.0
2024-09-24 11:20:00-04:00,13.239999771118164,13.259699821472168,13.220000267028809,13.25,60017,0.0,0.0,0.0
2024-09-24 11:25:00-04:00,13.255000114440918,13.279999732971191,13.251299858093262,13.269499778747559,77536,0.0,0.0,0.0
2024-09-24 11:30:00-04:00,13.270000457763672,13.279999732971191,13.229999542236328,13.249699592590332,178134,0.0,0.0,0.0
2024-09-24 11:35:00-04:00,13.239999771118164,13.239999771118164,13.210000038146973,13.220000267028809,54631,0.0,0.0,0.0
2024-09-24 11:40:00-04:00,13.220000267028809,13.239999771118164,13.192099571228027,13.192099571228027,34256,0.0,0.0,0.0
2024-09-24 11:45:00-04:00,13.194999694824219,13.21500015258789,13.1899995803833,13.194999694824219,46904,0.0,0.0,0.0
2024-09-24 11:50:00-04:00,13.199999809265137,13.210000038146973,13.1850004196167,13.204999923706055,28199,0.0,0.0,0.0
2024-09-24 11:55:00-04:00,13.204999923706055,13.229900360107422,13.204999923706055,13.225000381469727,21967,0.0,0.0,0.0
2024-09-24 12:00:00-04:00,13.225000381469727,13.295000076293945,13.225000381469727,13.282899856567383,98939,0.0,0.0,0.0
2024-09-24 12:05:00-04:00,13.29990005493164,13.329999923706055,13.292499542236328,13.324999809265137,59770,0.0,0.0,0.0
2024-09-24 12:10:00-04:00,13.320199966430664,13.369999885559082,13.320099830627441,13.36989974975586,54396,0.0,0.0,0.0
2024-09-24 12:15:00-04:00,13.375,13.380000114440918,13.34000015258789,13.345000267028809,59605,0.0,0.0,0.0
2024-09-24 12:20:00-04:00,13.34000015258789,13.369799613952637,13.329999923706055,13.369799613952637,86576,0.0,0.0,0.0
2024-09-24 12:25:00-04:00,13.369799613952637,13.369999885559082,13.350000381469727,13.350000381469727,26827,0.0,0.0,0.0
2024-09-24 12:30:00-04:00,13.350000381469727,13.385000228881836,13.34000015258789,13.369999885559082,24348,0.0,0.0,0.0
2024-09-24 12:35:00-04:00,13.370699882507324,13.395000457763672,13.36970043182373,13.390000343322754,22782,0.0,0.0,0.0
2024-09-24 12:40:00-04:00,13.395000457763672,13.4399995803833,13.395000457763672,13.4399995803833,47486,0.0,0.0,0.0
2024-09-24 12:45:00-04:00,13.4350004196167,13.4399995803833,13.414999961853027,13.430100440979004,46418,0.0,0.0,0.0
2024-09-24 12:50:00-04:00,13.4399995803833,13.46500015258789,13.4350004196167,13.444999694824219,15072,0.0,0.0,0.0
2024-09-24 12:55:00-04:00,13.449899673461914,13.449999809265137,13.420000076293945,13.420000076293945,22424,0.0,0.0,0.0
2024-09-24 13:00:00-04:00,13.425000190734863,13.430000305175781,13.385000228881836,13.390000343322754,43133,0.0,0.0,0.0
2024-09-24 13:05:00-04:00,13.380000114440918,13.390000343322754,13.364999771118164,13.390000343322754,13760,0.0,0.0,0.0
2024-09-24 13:10:00-04:00,13.388999938964844,13.40999984741211,13.388999938964844,13.395000457763672,52215,0.0,0.0,0.0
2024-09-24 13:15:00-04:00,13.395000457763672,13.414999961853027,13.395000457763672,13.414999961853027,50764,0.0,0.0,0.0
2024-09-24 13:20:00-04:00,13.425000190734863,13.4399995803833,13.40999984741211,13.4350004196167,36334,0.0,0.0,0.0
2024-09-24 13:25:00-04:00,13.430000305175781,13.4350004196167,13.420000076293945,13.425000190734863,9482,0.0,0.0,0.0
2024-09-24 13:30:00-04:00,13.420000076293945,13.430000305175781,13.40999984741211,13.429900169372559,34288,0.0,0.0,0.0
2024-09-24 13:35:00-04:00,13.426300048828125,13.4399995803833,13.420000076293945,13.422599792480469,14191,0.0,0.0,0.0
2024-09-24 13:40:00-04:00,13.420100212097168,13.449999809265137,13.40999984741211,13.449000358581543,28171,0.0,0.0,0.0
2024-09-24 13:45:00-04:00,13.444999694824219,13.455900192260742,13.4399995803833,13.444999694824219,11647,0.0,0.0,0.0
2024-09-24 13:50:00-04:00,13.449999809265137,13.470000267028809,13.440099716186523,13.460100173950195,20963,0.0,0.0,0.0
2024-09-24 13:55:00-04:00,13.470000267028809,13.479999542236328,13.46500015258789,13.46500015258789,15309,0.0,0.0,0.0
2024-09-24 14:00:00-04:00,13.46500015258789,13.484999656677246,13.460000038146973,13.470000267028809,28440,0.0,0.0,0.0
2024-09-24 14:05:00-04:00,13.465100288391113,13.489700317382812,13.46500015258789,13.479999542236328,11749,0.0,0.0,0.0
2024-09-24 14:10:00-04:00,13.470000267028809,13.479999542236328,13.460000038146973,13.463000297546387,34313,0.0,0.0,0.0
2024-09-24 14:15:00-04:00,13.470000267028809,13.489399909973145,13.46500015258789,13.488699913024902,7864,0.0,0.0,0.0
2024-09-24 14:20:00-04:00,13.484999656677246,13.513099670410156,13.479999542236328,13.513099670410156,54928,0.0,0.0,0.0
2024-09-24 14:25:00-04:00,13.520000457763672,13.529999732971191,13.51360034942627,13.529899597167969,16831,0.0,0.0,0.0
2024-09-24 14:30:00-04:00,13.523099899291992,13.523099899291992,13.5,13.511300086975098,47542,0.0,0.0,0.0
2024-09-24 14:35:00-04:00,13.519000053405762,13.529999732971191,13.5177001953125,13.524999618530273,15542,0.0,0.0,0.0
2024-09-24 14:40:00-04:00,13.524999618530273,13.524999618530273,13.49209976196289,13.494999885559082,96242,0.0,0.0,0.0
2024-09-24 14:45:00-04:00,13.494999885559082,13.494999885559082,13.479999542236328,13.484999656677246,9784,0.0,0.0,0.0
2024-09-24 14:50:00-04:00,13.479999542236328,13.489999771118164,13.460000038146973,13.46500015258789,12072,0.0,0.0,0.0
2024-09-24 14:55:00-04:00,13.460000038146973,13.484999656677246,13.449999809265137,13.473799705505371,36310,0.0,0.0,0.0
2024-09-24 15:00:00-04:00,13.475000381469727,13.489999771118164,13.46500015258789,13.489999771118164,24460,0.0,0.0,0.0
2024-09-24 15:05:00-04:00,13.479999542236328,13.489999771118164,13.470000267028809,13.484999656677246,46703,0.0,0.0,0.0
2024-09-24 15:10:00-04:00,13.484999656677246,13.489999771118164,13.46500015258789,13.46500015258789,38885,0.0,0.0,0.0
2024-09-24 15:15:00-04:00,13.470000267028809,13.479999542236328,13.470000267028809,13.479999542236328,15026,0.0,0.0,0.0
2024-09-24 15:20:00-04:00,13.484999656677246,13.5,13.479999542236328,13.494999885559082,68300,0.0,0.0,0.0
2024-09-24 15:25:00-04:00,13.494999885559082,13.510000228881836,13.489999771118164,13.510000228881836,76036,0.0,0.0,0.0
2024-09-24 15:30:00-04:00,13.510000228881836,13.510000228881836,13.460000038146973,13.479999542236328,30223,0.0,0.0,0.0
2024-09-24 15:35:00-04:00,13.470000267028809,13.479999542236328,13.46500015258789,13.479999542236328,39034,0.0,0.0,0.0
2024-09-24 15:40:00-04:00,13.489999771118164,13.529999732971191,13.484999656677246,13.529999732971191,75927,0.0,0.0,0.0
2024-09-24 15:45:00-04:00,13.520000457763672,13.539999961853027,13.510000228881836,13.51609992980957,70883,0.0,0.0,0.0
2024-09-24 15:50:00-04:00,13.520000457763672,13.520000457763672,13.475000381469727,13.494999885559082,77557,0.0,0.0,0.0
2024-09-24 15:55:00-04:00,13.489999771118164,13.494999885559082,13.460000038146973,13.460000038146973,130144,0.0,0.0,0.0
2024-09-25 09:30:00-04:00,13.350000381469727,13.449999809265137,13.3100004196167,13.449999809265137,161377,0.0,0.0,0.0
2024-09-25 09:35:00-04:00,13.449999809265137,13.5,13.43179988861084,13.479999542236328,45662,0.0,0.0,0.0
2024-09-25 09:40:00-04:00,13.489999771118164,13.5,13.410599708557129,13.441800117492676,15880,0.0,0.0,0.0
2024-09-25 09:45:00-04:00,13.454999923706055,13.52970027923584,13.4399995803833,13.499600410461426,15878,0.0,0.0,0.0
2024-09-25 09:50:00-04:00,13.500399589538574,13.539999961853027,13.489999771118164,13.539899826049805,53072,0.0,0.0,0.0
2024-09-25 09:55:00-04:00,13.531100273132324,13.569999694824219,13.524999618530273,13.569999694824219,35738,0.0,0.0,0.0
2024-09-25 10:00:00-04:00,13.579999923706055,13.59000015258789,13.539999961853027,13.539999961853027,73407,0.0,0.0,0.0
2024-09-25 10:05:00-04:00,13.539999961853027,13.609999656677246,13.539999961853027,13.59000015258789,84224,0.0,0.0,0.0
2024-09-25 10:10:00-04:00,13.579999923706055,13.585000038146973,13.522000312805176,13.53499984741211,20412,0.0,0.0,0.0
2024-09-25 10:15:00-04:00,13.539999961853027,13.549400329589844,13.515000343322754,13.515000343322754,10832,0.0,0.0,0.0
2024-09-25 10:20:00-04:00,13.519499778747559,13.5600004196167,13.494999885559082,13.555000305175781,29905,0.0,0.0,0.0
2024-09-25 10:25:00-04:00,13.550000190734863,13.5600004196167,13.53499984741211,13.545000076293945,53051,0.0,0.0,0.0
2024-09-25 10:30:00-04:00,13.550000190734863,13.59000015258789,13.545000076293945,13.579999923706055,77851,0.0,0.0,0.0
2024-09-25 10:35:00-04:00,13.579999923706055,13.59000015258789,13.559900283813477,13.5649995803833,26855,0.0,0.0,0.0
2024-09-25 10:40:00-04:00,13.5600004196167,13.604999542236328,13.550000190734863,13.569899559020996,27371,0.0,0.0,0.0
2024-09-25 10:45:00-04:00,13.5600004196167,13.5600004196167,13.489999771118164,13.500100135803223,46398,0.0,0.0,0.0
2024-09-25 10:50:00-04:00,13.5,13.515000343322754,13.479999542236328,13.505000114440918,41613,0.0,0.0,0.0
2024-09-25 10:55:00-04:00,13.5,13.520000457763672,13.460000038146973,13.489999771118164,15205,0.0,0.0,0.0
2024-09-25 11:00:00-04:00,13.5,13.5,13.460000038146973,13.47599983215332,26071,0.0,0.0,0.0
2024-09-25 11:05:00-04:00,13.470000267028809,13.486700057983398,13.449999809265137,13.470000267028809,35997,0.0,0.0,0.0
2024-09-25 11:10:00-04:00,13.469900131225586,13.479999542236328,13.449999809265137,13.470000267028809,74791,0.0,0.0,0.0
2024-09-25 11:15:00-04:00,13.470000267028809,13.475000381469727,13.449999809265137,13.46310043334961,11753,0.0,0.0,0.0
2024-09-25 11:20:00-04:00,13.460000038146973,13.496700286865234,13.454999923706055,13.470000267028809,12348,0.0,0.0,0.0
2024-09-25 11:25:00-04:00,13.470000267028809,13.470000267028809,13.4399995803833,13.45989990234375,31850,0.0,0.0,0.0
2024-09-25 11:30:00-04:00,13.449999809265137,13.470000267028809,13.444999694824219,13.460000038146973,77159,0.0,0.0,0.0
2024-09-25 11:35:00-04:00,13.460000038146973,13.510000228881836,13.460000038146973,13.489999771118164,22672,0.0,0.0,0.0
2024-09-25 11:40:00-04:00,13.482000350952148,13.5,13.470000267028809,13.47350025177002,22210,0.0,0.0,0.0
2024-09-25 11:45:00-04:00,13.479999542236328,13.5,13.479999542236328,13.5,8302,0.0,0.0,0.0
2024-09-25 11:50:00-04:00,13.494999885559082,13.506500244140625,13.479999542236328,13.494999885559082,5400,0.0,0.0,0.0
2024-09-25 11:55:00-04:00,13.489999771118164,13.496000289916992,13.479999542236328,13.489899635314941,10132,0.0,0.0,0.0
2024-09-25 12:00:00-04:00,13.479999542236328,13.489999771118164,13.479999542236328,13.489999771118164,6996,0.0,0.0,0.0
2024-09-25 12:05:00-04:00,13.489999771118164,13.494999885559082,13.460000038146973,13.460000038146973,10115,0.0,0.0,0.0
2024-09-25 12:10:00-04:00,13.470000267028809,13.475000381469727,13.457200050354004,13.46500015258789,6356,0.0,0.0,0.0
2024-09-25 12:15:00-04:00,13.463000297546387,13.463000297546387,13.432299613952637,13.439900398254395,25350,0.0,0.0,0.0
2024-09-25 12:20:00-04:00,13.4399995803833,13.45989990234375,13.430000305175781,13.449999809265137,17143,0.0,0.0,0.0
2024-09-25 12:25:00-04:00,13.449999809265137,13.460000038146973,13.449999809265137,13.454999923706055,3367,0.0,0.0,0.0
2024-09-25 12:30:00-04:00,13.449999809265137,13.460000038146973,13.430000305175781,13.460000038146973,6378,0.0,0.0,0.0
2024-09-25 12:35:00-04:00,13.45009994506836,13.450799942016602,13.432299613952637,13.448699951171875,21177,0.0,0.0,0.0
2024-09-25 12:40:00-04:00,13.440099716186523,13.440099716186523,13.430000305175781,13.4399995803833,9503,0.0,0.0,0.0
2024-09-25 12:45:00-04:00,13.430000305175781,13.430000305175781,13.399999618530273,13.420000076293945,26982,0.0,0.0,0.0
2024-09-25 12:50:00-04:00,13.420000076293945,13.445699691772461,13.420000076293945,13.4399995803833,5370,0.0,0.0,0.0
2024-09-25 12:55:00-04:00,13.4399995803833,13.4399995803833,13.422900199890137,13.430000305175781,2942,0.0,0.0,0.0
2024-09-25 13:00:00-04:00,13.40999984741211,13.430000305175781,13.399999618530273,13.425000190734863,10336,0.0,0.0,0.0
2024-09-25 13:05:00-04:00,13.425000190734863,13.449999809265137,13.40999984741211,13.40999984741211,19391,0.0,0.0,0.0
2024-09-25 13:10:00-04:00,13.399999618530273,13.420000076293945,13.390000343322754,13.420000076293945,14719,0.0,0.0,0.0
2024-09-25 13:15:00-04:00,13.420000076293945,13.449999809265137,13.420000076293945,13.4399995803833,20000,0.0,0.0,0.0
2024-09-25 13:20:00-04:00,13.4399995803833,13.4399995803833,13.430000305175781,13.430000305175781,4045,0.0,0.0,0.0
2024-09-25 13:25:00-04:00,13.4399995803833,13.446900367736816,13.4399995803833,13.4399995803833,9682,0.0,0.0,0.0
2024-09-25 13:30:00-04:00,13.449999809265137,13.477100372314453,13.449999809265137,13.46500015258789,55646,0.0,0.0,0.0
2024-09-25 13:35:00-04:00,13.460000038146973,13.484999656677246,13.460000038146973,13.484999656677246,1215,0.0,0.0,0.0
2024-09-25 13:40:00-04:00,13.484999656677246,13.506600379943848,13.479999542236328,13.496500015258789,6253,0.0,0.0,0.0
2024-09-25 13:45:00-04:00,13.489999771118164,13.494999885559082,13.479999542236328,13.489999771118164,3040,0.0,0.0,0.0
2024-09-25 13:50:00-04:00,13.494999885559082,13.505000114440918,13.494999885559082,13.505000114440918,3388,0.0,0.0,0.0
2024-09-25 13:55:00-04:00,13.507499694824219,13.510000228881836,13.494999885559082,13.494999885559082,4413,0.0,0.0,0.0
2024-09-25 14:00:00-04:00,13.489999771118164,13.489999771118164,13.46500015258789,13.47599983215332,30175,0.0,0.0,0.0
2024-09-25 14:05:00-04:00,13.475000381469727,13.475000381469727,13.453100204467773,13.453100204467773,3754,0.0,0.0,0.0
2024-09-25 14:10:00-04:00,13.460000038146973,13.470000267028809,13.449999809265137,13.46500015258789,18111,0.0,0.0,0.0
2024-09-25 14:15:00-04:00,13.470000267028809,13.470000267028809,13.460000038146973,13.470000267028809,6003,0.0,0.0,0.0
2024-09-25 14:20:00-04:00,13.46500015258789,13.470000267028809,13.460000038146973,13.460000038146973,9997,0.0,0.0,0.0
2024-09-25 14:25:00-04:00,13.463399887084961,13.470000267028809,13.45009994506836,13.470000267028809,4848,0.0,0.0,0.0
2024-09-25 14:30:00-04:00,13.475799560546875,13.479999542236328,13.449999809265137,13.449999809265137,5228,0.0,0.0,0.0
2024-09-25 14:35:00-04:00,13.454999923706055,13.45989990234375,13.4399995803833,13.4399995803833,21978,0.0,0.0,0.0
2024-09-25 14:40:00-04:00,13.4399995803833,13.446499824523926,13.430000305175781,13.430000305175781,6937,0.0,0.0,0.0
2024-09-25 14:45:00-04:00,13.437100410461426,13.4399995803833,13.420000076293945,13.425000190734863,12158,0.0,0.0,0.0
2024-09-25 14:50:00-04:00,13.425000190734863,13.449000358581543,13.414999961853027,13.449000358581543,4940,0.0,0.0,0.0
2024-09-25 14:55:00-04:00,13.444999694824219,13.449999809265137,13.430000305175781,13.430100440979004,9826,0.0,0.0,0.0
2024-09-25 15:00:00-04:00,13.430000305175781,13.444999694824219,13.430000305175781,13.444999694824219,1017,0.0,0.0,0.0
2024-09-25 15:05:00-04:00,13.444999694824219,13.460000038146973,13.444999694824219,13.460000038146973,6089,0.0,0.0,0.0
2024-09-25 15:10:00-04:00,13.465100288391113,13.465100288391113,13.460000038146973,13.460000038146973,2952,0.0,0.0,0.0
2024-09-25 15:15:00-04:00,13.454999923706055,13.470000267028809,13.454999923706055,13.460000038146973,36557,0.0,0.0,0.0
2024-09-25 15:20:00-04:00,13.454999923706055,13.460000038146973,13.449999809265137,13.455499649047852,2544,0.0,0.0,0.0
2024-09-25 15:25:00-04:00,13.449999809265137,13.460000038146973,13.430000305175781,13.438699722290039,38417,0.0,0.0,0.0
2024-09-25 15:30:00-04:00,13.439900398254395,13.4399995803833,13.414999961853027,13.424200057983398,7650,0.0,0.0,0.0
2024-09-25 15:35:00-04:00,13.430000305175781,13.4399995803833,13.410099983215332,13.410099983215332,10691,0.0,0.0,0.0
2024-09-25 15:40:00-04:00,13.420000076293945,13.430000305175781,13.400099754333496,13.405900001525879,14558,0.0,0.0,0.0
2024-09-25 15:45:00-04:00,13.404999732971191,13.430000305175781,13.404999732971191,13.420000076293945,47043,0.0,0.0,0.0
2024-09-25 15:50:00-04:00,13.420000076293945,13.420000076293945,13.390000343322754,13.395000457763672,28786,0.0,0.0,0.0
2024-09-25 15:55:00-04:00,13.395000457763672,13.454999923706055,13.395000457763672,13.449999809265137,37601,0.0,0.0,0.0
2024-09-26 09:30:00-04:00,13.670000076293945,13.75,13.600000381469727,13.675000190734863,395409,0.0,0.0,0.0
2024-09-26 09:35:00-04:00,13.6899995803833,13.725680351257324,13.600000381469727,13.609600067138672,190276,0.0,0.0,0.0
2024-09-26 09:40:00-04:00,13.609999656677246,13.680000305175781,13.595000267028809,13.649800300598145,92907,0.0,0.0,0.0
2024-09-26 09:45:00-04:00,13.649999618530273,13.65999984741211,13.600600242614746,13.63010025024414,36665,0.0,0.0,0.0
2024-09-26 09:50:00-04:00,13.609999656677246,13.614999771118164,13.555000305175781,13.574999809265137,176702,0.0,0.0,0.0
2024-09-26 09:55:00-04:00,13.57960033416748,13.649399757385254,13.579099655151367,13.640000343322754,33485,0.0,0.0,0.0
2024-09-26 10:00:00-04:00,13.679900169372559,13.71500015258789,13.637800216674805,13.689000129699707,56852,0.0,0.0,0.0
2024-09-26 10:05:00-04:00,13.65999984741211,13.694999694824219,13.620400428771973,13.680000305175781,48269,0.0,0.0,0.0
2024-09-26 10:10:00-04:00,13.675000190734863,13.709400177001953,13.670000076293945,13.689900398254395,57663,0.0,0.0,0.0
2024-09-26 10:15:00-04:00,13.680000305175781,13.68970012664795,13.65999984741211,13.680000305175781,31789,0.0,0.0,0.0
2024-09-26 10:20:00-04:00,13.675000190734863,13.6899995803833,13.660099983215332,13.671099662780762,19276,0.0,0.0,0.0
2024-09-26 10:25:00-04:00,13.670000076293945,13.675000190734863,13.635000228881836,13.645000457763672,26069,0.0,0.0,0.0
2024-09-26 10:30:00-04:00,13.65999984741211,13.699999809265137,13.640000343322754,13.694999694824219,20763,0.0,0.0,0.0
2024-09-26 10:35:00-04:00,13.6899995803833,13.765000343322754,13.6850004196167,13.755000114440918,36448,0.0,0.0,0.0
2024-09-26 10:40:00-04:00,13.75,13.755000114440918,13.694999694824219,13.710000038146973,22884,0.0,0.0,0.0
2024-09-26 10:45:00-04:00,13.720000267028809,13.755000114440918,13.71500015258789,13.755000114440918,35911,0.0,0.0,0.0
2024-09-26 10:50:00-04:00,13.760000228881836,13.760000228881836,13.708900451660156,13.725000381469727,18472,0.0,0.0,0.0
2024-09-26 10:55:00-04:00,13.725000381469727,13.739999771118164,13.699999809265137,13.710000038146973,12134,0.0,0.0,0.0
2024-09-26 11:00:00-04:00,13.704999923706055,13.729999542236328,13.649999618530273,13.71500015258789,103510,0.0,0.0,0.0
2024-09-26 11:05:00-04:00,13.71500015258789,13.744999885559082,13.6899995803833,13.744999885559082,16808,0.0,0.0,0.0
2024-09-26 11:10:00-04:00,13.75,13.779999732971191,13.739999771118164,13.774999618530273,50835,0.0,0.0,0.0
2024-09-26 11:15:00-04:00,13.774999618530273,13.819999694824219,13.774999618530273,13.8100004196167,46296,0.0,0.0,0.0
2024-09-26 11:20:00-04:00,13.805000305175781,13.829999923706055,13.800000190734863,13.824999809265137,68014,0.0,0.0,0.0
2024-09-26 11:25:00-04:00,13.819999694824219,13.819999694824219,13.800000190734863,13.819999694824219,25662,0.0,0.0,0.0
2024-09-26 11:30:00-04:00,13.824999809265137,13.850000381469727,13.820099830627441,13.849699974060059,5000,0.0,0.0,0.0
2024-09-26 11:35:00-04:00,13.84000015258789,13.859999656677246,13.829999923706055,13.854999542236328,25885,0.0,0.0,0.0
2024-09-26 11:40:00-04:00,13.859999656677246,13.869999885559082,13.840100288391113,13.869999885559082,20056,0.0,0.0,0.0
2024-09-26 11:45:00-04:00,13.869999885559082,13.880000114440918,13.850000381469727,13.859700202941895,13403,0.0,0.0,0.0
2024-09-26 11:50:00-04:00,13.850099563598633,13.869999885559082,13.84000015258789,13.862510681152344,18666,0.0,0.0,0.0
2024-09-26 11:55:00-04:00,13.869999885559082,13.880000114440918,13.860699653625488,13.860699653625488,36073,0.0,0.0,0.0
2024-09-26 12:00:00-04:00,13.859999656677246,13.864999771118164,13.803099632263184,13.807700157165527,18101,0.0,0.0,0.0
2024-09-26 12:05:00-04:00,13.8149995803833,13.8149995803833,13.780099868774414,13.780099868774414,20572,0.0,0.0,0.0
2024-09-26 12:10:00-04:00,13.780099868774414,13.800000190734863,13.751299858093262,13.751299858093262,19448,0.0,0.0,0.0
2024-09-26 12:15:00-04:00,13.760000228881836,13.805000305175781,13.760000228881836,13.800000190734863,15877,0.0,0.0,0.0
2024-09-26 12:20:00-04:00,13.789999961853027,13.800000190734863,13.75,13.774999618530273,7138,0.0,0.0,0.0
2024-09-26 12:25:00-04:00,13.774999618530273,13.795000076293945,13.774999618530273,13.779999732971191,10367,0.0,0.0,0.0
2024-09-26 12:30:00-04:00,13.781000137329102,13.799201011657715,13.770000457763672,13.790300369262695,12169,0.0,0.0,0.0
2024-09-26 12:35:00-04:00,13.791099548339844,13.8100004196167,13.789999961853027,13.795000076293945,136223,0.0,0.0,0.0
2024-09-26 12:40:00-04:00,13.800000190734863,13.8149995803833,13.795000076293945,13.8100004196167,10726,0.0,0.0,0.0
2024-09-26 12:45:00-04:00,13.8100004196167,13.835000038146973,13.8100004196167,13.827099800109863,4882,0.0,0.0,0.0
2024-09-26 12:50:00-04:00,13.82979965209961,13.837900161743164,13.819999694824219,13.819999694824219,7605,0.0,0.0,0.0
2024-09-26 12:55:00-04:00,13.824999809265137,13.824999809265137,13.810099601745605,13.8149995803833,16948,0.0,0.0,0.0
2024-09-26 13:00:00-04:00,13.810199737548828,13.850000381469727,13.810199737548828,13.850000381469727,46158,0.0,0.0,0.0
2024-09-26 13:05:00-04:00,13.854999542236328,13.854999542236328,13.8100004196167,13.8149995803833,10121,0.0,0.0,0.0
2024-09-26 13:10:00-04:00,13.8100004196167,13.835000038146973,13.805000305175781,13.8149995803833,19319,0.0,0.0,0.0
2024-09-26 13:15:00-04:00,13.8100004196167,13.8100004196167,13.774999618530273,13.774999618530273,9207,0.0,0.0,0.0
2024-09-26 13:20:00-04:00,13.779999732971191,13.789999961853027,13.770000457763672,13.789999961853027,4876,0.0,0.0,0.0
2024-09-26 13:25:00-04:00,13.789999961853027,13.8100004196167,13.789999961853027,13.805000305175781,21856,0.0,0.0,0.0
2024-09-26 13:30:00-04:00,13.800000190734863,13.805000305175781,13.78499984741211,13.789999961853027,8225,0.0,0.0,0.0
2024-09-26 13:35:00-04:00,13.779999732971191,13.789999961853027,13.778900146484375,13.789600372314453,4122,0.0,0.0,0.0
2024-09-26 13:40:00-04:00,13.779999732971191,13.795000076293945,13.770299911499023,13.78499984741211,7758,0.0,0.0,0.0
2024-09-26 13:45:00-04:00,13.781299591064453,13.805000305175781,13.781299591064453,13.800000190734863,11933,0.0,0.0,0.0
2024-09-26 13:50:00-04:00,13.795000076293945,13.800000190734863,13.770000457763672,13.773099899291992,13486,0.0,0.0,0.0
2024-09-26 13:55:00-04:00,13.770999908447266,13.774999618530273,13.760000228881836,13.765000343322754,88067,0.0,0.0,0.0
2024-09-26 14:00:00-04:00,13.760000228881836,13.770000457763672,13.75,13.765000343322754,37148,0.0,0.0,0.0
2024-09-26 14:05:00-04:00,13.770000457763672,13.770000457763672,13.759900093078613,13.759900093078613,23992,0.0,0.0,0.0
2024-09-26 14:10:00-04:00,13.755000114440918,13.78499984741211,13.750100135803223,13.779999732971191,20613,0.0,0.0,0.0
2024-09-26 14:15:00-04:00,13.789999961853027,13.800000190734863,13.779999732971191,13.789999961853027,14786,0.0,0.0,0.0
2024-09-26 14:20:00-04:00,13.789999961853027,13.789999961853027,13.779999732971191,13.779999732971191,4250,0.0,0.0,0.0
2024-09-26 14:25:00-04:00,13.78499984741211,13.789999961853027,13.774999618530273,13.774999618530273,3112,0.0,0.0,0.0
2024-09-26 14:30:00-04:00,13.770000457763672,13.777600288391113,13.761099815368652,13.770000457763672,7929,0.0,0.0,0.0
2024-09-26 14:35:00-04:00,13.770000457763672,13.795000076293945,13.770000457763672,13.795000076293945,16369,0.0,0.0,0.0
2024-09-26 14:40:00-04:00,13.789999961853027,13.800000190734863,13.779999732971191,13.781999588012695,5905,0.0,0.0,0.0
2024-09-26 14:45:00-04:00,13.783499717712402,13.789999961853027,13.770099639892578,13.770099639892578,6648,0.0,0.0,0.0
2024-09-26 14:50:00-04:00,13.77649974822998,13.779899597167969,13.76990032196045,13.779899597167969,6301,0.0,0.0,0.0
2024-09-26 14:55:00-04:00,13.776528358459473,13.776528358459473,13.75,13.75,10796,0.0,0.0,0.0
2024-09-26 15:00:00-04:00,13.739999771118164,13.789999961853027,13.739999771118164,13.772000312805176,14951,0.0,0.0,0.0
2024-09-26 15:05:00-04:00,13.774999618530273,13.779999732971191,13.765000343322754,13.770000457763672,3607,0.0,0.0,0.0
2024-09-26 15:10:00-04:00,13.76990032196045,13.779999732971191,13.765000343322754,13.770000457763672,8751,0.0,0.0,0.0
2024-09-26 15:15:00-04:00,13.774999618530273,13.779999732971191,13.75,13.750100135803223,7889,0.0,0.0,0.0
2024-09-26 15:20:00-04:00,13.755000114440918,13.759900093078613,13.734999656677246,13.75,17049,0.0,0.0,0.0
2024-09-26 15:25:00-04:00,13.755000114440918,13.755000114440918,13.699999809265137,13.71500015258789,67911,0.0,0.0,0.0
2024-09-26 15:30:00-04:00,13.720000267028809,13.720000267028809,13.699999809265137,13.720000267028809,41962,0.0,0.0,0.0
2024-09-26 15:35:00-04:00,13.729999542236328,13.739999771118164,13.71500015258789,13.739999771118164,30073,0.0,0.0,0.0
2024-09-26 15:40:00-04:00,13.731122016906738,13.75,13.729999542236328,13.734999656677246,26346,0.0,0.0,0.0
2024-09-26 15:45:00-04:00,13.739999771118164,13.75,13.729999542236328,13.739999771118164,31439,0.0,0.0,0.0
2024-09-26 15:50:00-04:00,13.739999771118164,13.755000114440918,13.730299949645996,13.739999771118164,41863,0.0,0.0,0.0
2024-09-26 15:55:00-04:00,13.739999771118164,13.739999771118164,13.699999809265137,13.699999809265137,41031,0.0,0.0,0.0
2024-09-27 09:30:00-04:00,13.739999771118164,13.739999771118164,13.65999984741211,13.720000267028809,146314,0.0,0.0,0.0
2024-09-27 09:35:00-04:00,13.729999542236328,13.729999542236328,13.649999618530273,13.670000076293945,77371,0.0,0.0,0.0
2024-09-27 09:40:00-04:00,13.670000076293945,13.699999809265137,13.630200386047363,13.630200386047363,63918,0.0,0.0,0.0
2024-09-27 09:45:00-04:00,13.630000114440918,13.645000457763672,13.579999923706055,13.617300033569336,104248,0.0,0.0,0.0
2024-09-27 09:50:00-04:00,13.614999771118164,13.628199577331543,13.585000038146973,13.598999977111816,33635,0.0,0.0,0.0
2024-09-27 09:55:00-04:00,13.59000015258789,13.595000267028809,13.559900283813477,13.5600004196167,48665,0.0,0.0,0.0
2024-09-27 10:00:00-04:00,13.569999694824219,13.59000015258789,13.539999961853027,13.59000015258789,22393,0.0,0.0,0.0
2024-09-27 10:05:00-04:00,13.59000015258789,13.595000267028809,13.5600004196167,13.56980037689209,11439,0.0,0.0,0.0
2024-09-27 10:10:00-04:00,13.569999694824219,13.57979965209961,13.539999961853027,13.54419994354248,22256,0.0,0.0,0.0
2024-09-27 10:15:00-04:00,13.524999618530273,13.53499984741211,13.510000228881836,13.510000228881836,71938,0.0,0.0,0.0
2024-09-27 10:20:00-04:00,13.510000228881836,13.529500007629395,13.470000267028809,13.5,81017,0.0,0.0,0.0
2024-09-27 10:25:00-04:00,13.489999771118164,13.505000114440918,13.489999771118164,13.494999885559082,223025,0.0,0.0,0.0
2024-09-27 10:30:00-04:00,13.494999885559082,13.510000228881836,13.47659969329834,13.479999542236328,40661,0.0,0.0,0.0
2024-09-27 10:35:00-04:00,13.46500015258789,13.520000457763672,13.460000038146973,13.460000038146973,50665,0.0,0.0,0.0
2024-09-27 10:40:00-04:00,13.46500015258789,13.489999771118164,13.46500015258789,13.470000267028809,33926,0.0,0.0,0.0
2024-09-27 10:45:00-04:00,13.470000267028809,13.489999771118164,13.40999984741211,13.40999984741211,53929,0.0,0.0,0.0
2024-09-27 10:50:00-04:00,13.40999984741211,13.460000038146973,13.399999618530273,13.449999809265137,77764,0.0,0.0,0.0
2024-09-27 10:55:00-04:00,13.4399995803833,13.4399995803833,13.370100021362305,13.380000114440918,39044,0.0,0.0,0.0
2024-09-27 11:00:00-04:00,13.375,13.388799667358398,13.319999694824219,13.324700355529785,73767,0.0,0.0,0.0
2024-09-27 11:05:00-04:00,13.329999923706055,13.354999542236328,13.274999618530273,13.295000076293945,191313,0.0,0.0,0.0
2024-09-27 11:10:00-04:00,13.3100004196167,13.354999542236328,13.29990005493164,13.319999694824219,45084,0.0,0.0,0.0
2024-09-27 11:15:00-04:00,13.319999694824219,13.350000381469727,13.3149995803833,13.324999809265137,51605,0.0,0.0,0.0
2024-09-27 11:20:00-04:00,13.320099830627441,13.380000114440918,13.320099830627441,13.345000267028809,42413,0.0,0.0,0.0
2024-09-27 11:25:00-04:00,13.34000015258789,13.380000114440918,13.34000015258789,13.370100021362305,24748,0.0,0.0,0.0
2024-09-27 11:30:00-04:00,13.375,13.375,13.359999656677246,13.359999656677246,19556,0.0,0.0,0.0
2024-09-27 11:35:00-04:00,13.354999542236328,13.36620044708252,13.34000015258789,13.34000015258789,19624,0.0,0.0,0.0
2024-09-27 11:40:00-04:00,13.34000015258789,13.350099563598633,13.320500373840332,13.350000381469727,26494,0.0,0.0,0.0
2024-09-27 11:45:00-04:00,13.345000267028809,13.380000114440918,13.329999923706055,13.380000114440918,15669,0.0,0.0,0.0
2024-09-27 11:50:00-04:00,13.380000114440918,13.380000114440918,13.350000381469727,13.369999885559082,30761,0.0,0.0,0.0
2024-09-27 11:55:00-04:00,13.385000228881836,13.38860034942627,13.359999656677246,13.364999771118164,16291,0.0,0.0,0.0
2024-09-27 12:00:00-04:00,13.359999656677246,13.369999885559082,13.3149995803833,13.329999923706055,31889,0.0,0.0,0.0
2024-09-27 12:05:00-04:00,13.3100004196167,13.34000015258789,13.305000305175781,13.329999923706055,19504,0.0,0.0,0.0
2024-09-27 12:10:00-04:00,13.319999694824219,13.329999923706055,13.3149995803833,13.324999809265137,43968,0.0,0.0,0.0
2024-09-27 12:15:00-04:00,13.324999809265137,13.350000381469727,13.319999694824219,13.345000267028809,32462,0.0,0.0,0.0
2024-09-27 12:20:00-04:00,13.350000381469727,13.350000381469727,13.324999809265137,13.324999809265137,15372,0.0,0.0,0.0
2024-09-27 12:25:00-04:00,13.319999694824219,13.34000015258789,13.3100004196167,13.3149995803833,11029,0.0,0.0,0.0
2024-09-27 12:30:00-04:00,13.317305564880371,13.337800025939941,13.3100004196167,13.329999923706055,12497,0.0,0.0,0.0
2024-09-27 12:35:00-04:00,13.329999923706055,13.350000381469727,13.329999923706055,13.333800315856934,13308,0.0,0.0,0.0
2024-09-27 12:40:00-04:00,13.34000015258789,13.341099739074707,13.319999694824219,13.329899787902832,16233,0.0,0.0,0.0
2024-09-27 12:45:00-04:00,13.321800231933594,13.335000038146973,13.3100004196167,13.3149995803833,52656,0.0,0.0,0.0
2024-09-27 12:50:00-04:00,13.319999694824219,13.32960033416748,13.300000190734863,13.3100004196167,21236,0.0,0.0,0.0
2024-09-27 12:55:00-04:00,13.3100004196167,13.329999923706055,13.309900283813477,13.319999694824219,9322,0.0,0.0,0.0
2024-09-27 13:00:00-04:00,13.319999694824219,13.319999694824219,13.289999961853027,13.295000076293945,58521,0.0,0.0,0.0
2024-09-27 13:05:00-04:00,13.29740047454834,13.3100004196167,13.265000343322754,13.270000457763672,29646,0.0,0.0,0.0
2024-09-27 13:10:00-04:00,13.270000457763672,13.279999732971191,13.26140022277832,13.270000457763672,32360,0.0,0.0,0.0
2024-09-27 13:15:00-04:00,13.260000228881836,13.278300285339355,13.25,13.278300285339355,12772,0.0,0.0,0.0
2024-09-27 13:20:00-04:00,13.279999732971191,13.28030014038086,13.260000228881836,13.270000457763672,7010,0.0,0.0,0.0
2024-09-27 13:25:00-04:00,13.270000457763672,13.270000457763672,13.255000114440918,13.260000228881836,8274,0.0,0.0,0.0
2024-09-27 13:30:00-04:00,13.260000228881836,13.265000343322754,13.244999885559082,13.260100364685059,9812,0.0,0.0,0.0
2024-09-27 13:35:00-04:00,13.260100364685059,13.265000343322754,13.210000038146973,13.21500015258789,18010,0.0,0.0,0.0
2024-09-27 13:40:00-04:00,13.210000038146973,13.229999542236328,13.202300071716309,13.229999542236328,9592,0.0,0.0,0.0
2024-09-27 13:45:00-04:00,13.229999542236328,13.244999885559082,13.229999542236328,13.234999656677246,24308,0.0,0.0,0.0
2024-09-27 13:50:00-04:00,13.234999656677246,13.25,13.229999542236328,13.25,37830,0.0,0.0,0.0
2024-09-27 13:55:00-04:00,13.260000228881836,13.270000457763672,13.239999771118164,13.24470043182373,13596,0.0,0.0,0.0
2024-09-27 14:00:00-04:00,13.248000144958496,13.255000114440918,13.239999771118164,13.25,21818,0.0,0.0,0.0
2024-09-27 14:05:00-04:00,13.260000228881836,13.260000228881836,13.244999885559082,13.260000228881836,19186,0.0,0.0,0.0
2024-09-27 14:10:00-04:00,13.260000228881836,13.279999732971191,13.260000228881836,13.274999618530273,3144,0.0,0.0,0.0
2024-09-27 14:15:00-04:00,13.279999732971191,13.293499946594238,13.25,13.25,12841,0.0,0.0,0.0
2024-09-27 14:20:00-04:00,13.260000228881836,13.260000228881836,13.239999771118164,13.255000114440918,5431,0.0,0.0,0.0
2024-09-27 14:25:00-04:00,13.255000114440918,13.260000228881836,13.220000267028809,13.220000267028809,17569,0.0,0.0,0.0
2024-09-27 14:30:00-04:00,13.224900245666504,13.23009967803955,13.190199851989746,13.23009967803955,30043,0.0,0.0,0.0
2024-09-27 14:35:00-04:00,13.231760025024414,13.260000228881836,13.225000381469727,13.260000228881836,9559,0.0,0.0,0.0
2024-09-27 14:40:00-04:00,13.255000114440918,13.265000343322754,13.25,13.265000343322754,10570,0.0,0.0,0.0
2024-09-27 14:45:00-04:00,13.270000457763672,13.279999732971191,13.270000457763672,13.279999732971191,10884,0.0,0.0,0.0
2024-09-27 14:50:00-04:00,13.279999732971191,13.295999526977539,13.270000457763672,13.274999618530273,9032,0.0,0.0,0.0
2024-09-27 14:55:00-04:00,13.270000457763672,13.27180004119873,13.255000114440918,13.255000114440918,11682,0.0,0.0,0.0
2024-09-27 15:00:00-04:00,13.25,13.250100135803223,13.229999542236328,13.241999626159668,39104,0.0,0.0,0.0
2024-09-27 15:05:00-04:00,13.244999885559082,13.244999885559082,13.225000381469727,13.234700202941895,14063,0.0,0.0,0.0
2024-09-27 15:10:00-04:00,13.229999542236328,13.239999771118164,13.220000267028809,13.239999771118164,13678,0.0,0.0,0.0
2024-09-27 15:15:00-04:00,13.239999771118164,13.248678207397461,13.229999542236328,13.248678207397461,26539,0.0,0.0,0.0
2024-09-27 15:20:00-04:00,13.244999885559082,13.249899864196777,13.239999771118164,13.244999885559082,7099,0.0,0.0,0.0
2024-09-27 15:25:00-04:00,13.239999771118164,13.249899864196777,13.229999542236328,13.244999885559082,11121,0.0,0.0,0.0
2024-09-27 15:30:00-04:00,13.244999885559082,13.259900093078613,13.229999542236328,13.239999771118164,12317,0.0,0.0,0.0
2024-09-27 15:35:00-04:00,13.239999771118164,13.240099906921387,13.229999542236328,13.239999771118164,37665,0.0,0.0,0.0
2024-09-27 15:40:00-04:00,13.234999656677246,13.270000457763672,13.234999656677246,13.265000343322754,43147,0.0,0.0,0.0
2024-09-27 15:45:00-04:00,13.263099670410156,13.274999618530273,13.260000228881836,13.265000343322754,33050,0.0,0.0,0.0
2024-09-27 15:50:00-04:00,13.260000228881836,13.28499984741211,13.260000228881836,13.274999618530273,43679,0.0,0.0,0.0
2024-09-27 15:55:00-04:00,13.274999618530273,13.279999732971191,13.239999771118164,13.260000228881836,124569,0.0,0.0,0.0
