Datetime,Open,High,Low,Close,Volume,Dividends,Stock Splits
2024-08-29 09:30:00-04:00,0.45399999618530273,0.45399999618530273,0.41679999232292175,0.41679999232292175,0,0.0,0.0
2024-08-29 10:05:00-04:00,0.4359000027179718,0.4359000027179718,0.4359000027179718,0.4359000027179718,0,0.0,0.0
2024-08-29 10:15:00-04:00,0.41690000891685486,0.41690000891685486,0.41690000891685486,0.41690000891685486,0,0.0,0.0
2024-08-29 13:20:00-04:00,0.42080000042915344,0.42080000042915344,0.42080000042915344,0.42080000042915344,9823,0.0,0.0
2024-08-29 14:50:00-04:00,0.4169999957084656,0.4169999957084656,0.4169999957084656,0.4169999957084656,150,0.0,0.0
2024-08-29 15:45:00-04:00,0.4171999990940094,0.4171999990940094,0.4171999990940094,0.4171999990940094,251,0.0,0.0
2024-08-30 09:30:00-04:00,0.4171999990940094,0.4172999858856201,0.4171999990940094,0.4172999858856201,2211,0.0,0.0
2024-08-30 09:40:00-04:00,0.42010000348091125,0.420199990272522,0.42010000348091125,0.42010000348091125,2210,0.0,0.0
2024-08-30 10:30:00-04:00,0.41200000047683716,0.41200000047683716,0.41200000047683716,0.41200000047683716,558,0.0,0.0
2024-08-30 14:15:00-04:00,0.41269999742507935,0.41269999742507935,0.41269999742507935,0.41269999742507935,217,0.0,0.0
2024-08-30 15:55:00-04:00,0.39100000262260437,0.39100000262260437,0.39100000262260437,0.39100000262260437,100,0.0,0.0
2024-09-03 09:30:00-04:00,0.39100000262260437,0.39100000262260437,0.38089999556541443,0.38089999556541443,3070,0.0,0.0
2024-09-03 09:35:00-04:00,0.38089999556541443,0.38089999556541443,0.38089999556541443,0.38089999556541443,4000,0.0,0.0
2024-09-03 09:40:00-04:00,0.38089999556541443,0.38089999556541443,0.38089999556541443,0.38089999556541443,0,0.0,0.0
2024-09-03 09:45:00-04:00,0.38089999556541443,0.38089999556541443,0.38089999556541443,0.38089999556541443,400,0.0,0.0
2024-09-03 09:50:00-04:00,0.4041999876499176,0.4041999876499176,0.4041999876499176,0.4041999876499176,0,0.0,0.0
2024-09-03 10:25:00-04:00,0.3813000023365021,0.3813000023365021,0.3813000023365021,0.3813000023365021,4937,0.0,0.0
2024-09-03 10:30:00-04:00,0.42730000615119934,0.42730000615119934,0.42730000615119934,0.42730000615119934,0,0.0,0.0
2024-09-03 10:45:00-04:00,0.42480000853538513,0.42480000853538513,0.42480000853538513,0.42480000853538513,3313,0.0,0.0
2024-09-03 11:00:00-04:00,0.4271000027656555,0.4271000027656555,0.4271000027656555,0.4271000027656555,1904,0.0,0.0
2024-09-03 11:10:00-04:00,0.4269999861717224,0.4269999861717224,0.4269999861717224,0.4269999861717224,2871,0.0,0.0
2024-09-03 11:15:00-04:00,0.38350000977516174,0.38350000977516174,0.38350000977516174,0.38350000977516174,1048,0.0,0.0
2024-09-03 11:40:00-04:00,0.42730000615119934,0.42730000615119934,0.42730000615119934,0.42730000615119934,0,0.0,0.0
2024-09-03 13:10:00-04:00,0.3847000002861023,0.3847000002861023,0.3847000002861023,0.3847000002861023,20399,0.0,0.0
2024-09-03 15:30:00-04:00,0.38999998569488525,0.38999998569488525,0.38999998569488525,0.38999998569488525,1932,0.0,0.0
2024-09-04 09:55:00-04:00,0.4189999997615814,0.4189999997615814,0.4189999997615814,0.4189999997615814,214,0.0,0.0
2024-09-04 10:10:00-04:00,0.39800000190734863,0.39800000190734863,0.3952000141143799,0.3952000141143799,7679,0.0,0.0
2024-09-04 11:35:00-04:00,0.40549999475479126,0.40549999475479126,0.40549999475479126,0.40549999475479126,4000,0.0,0.0
2024-09-04 11:40:00-04:00,0.4000999927520752,0.4049000144004822,0.4000000059604645,0.4000000059604645,3564,0.0,0.0
2024-09-04 12:05:00-04:00,0.39989998936653137,0.4000000059604645,0.39500001072883606,0.39500001072883606,2464,0.0,0.0
2024-09-04 12:25:00-04:00,0.3968000113964081,0.3986000120639801,0.3968000113964081,0.3986000120639801,3608,0.0,0.0
2024-09-04 13:00:00-04:00,0.3986000120639801,0.3986000120639801,0.3986000120639801,0.3986000120639801,2946,0.0,0.0
2024-09-04 14:15:00-04:00,0.39800000190734863,0.39800000190734863,0.39800000190734863,0.39800000190734863,236,0.0,0.0
2024-09-04 14:50:00-04:00,0.39800000190734863,0.39800000190734863,0.39500001072883606,0.3950999975204468,9418,0.0,0.0
2024-09-04 14:55:00-04:00,0.3901999890804291,0.39800000190734863,0.3901999890804291,0.39800000190734863,1121,0.0,0.0
2024-09-04 15:05:00-04:00,0.39800000190734863,0.39800000190734863,0.38190001249313354,0.38190001249313354,5394,0.0,0.0
2024-09-04 15:30:00-04:00,0.3986000120639801,0.3986000120639801,0.39800000190734863,0.39800000190734863,435,0.0,0.0
2024-09-04 15:35:00-04:00,0.39010000228881836,0.3986000120639801,0.39010000228881836,0.39800000190734863,9945,0.0,0.0
2024-09-04 15:45:00-04:00,0.39800000190734863,0.3986000120639801,0.39800000190734863,0.3986000120639801,1067,0.0,0.0
2024-09-04 15:50:00-04:00,0.3935999870300293,0.39800000190734863,0.38179999589920044,0.39800000190734863,5829,0.0,0.0
2024-09-05 09:30:00-04:00,0.4034000039100647,0.4034000039100647,0.4034000039100647,0.4034000039100647,482,0.0,0.0
2024-09-05 09:35:00-04:00,0.4185999929904938,0.4185999929904938,0.4154999852180481,0.4154999852180481,4222,0.0,0.0
2024-09-05 09:45:00-04:00,0.4059999883174896,0.4059999883174896,0.4059999883174896,0.4059999883174896,0,0.0,0.0
2024-09-05 11:15:00-04:00,0.42399999499320984,0.42399999499320984,0.42399999499320984,0.42399999499320984,6712,0.0,0.0
2024-09-05 12:30:00-04:00,0.41370001435279846,0.41499999165534973,0.41370001435279846,0.41499999165534973,3600,0.0,0.0
2024-09-05 12:35:00-04:00,0.4059999883174896,0.4059999883174896,0.4059999883174896,0.4059999883174896,1192,0.0,0.0
2024-09-05 13:40:00-04:00,0.4059999883174896,0.4059999883174896,0.4059999883174896,0.4059999883174896,929,0.0,0.0
2024-09-05 13:45:00-04:00,0.4059999883174896,0.4059999883174896,0.39809998869895935,0.39809998869895935,3739,0.0,0.0
2024-09-05 14:25:00-04:00,0.39010000228881836,0.39010000228881836,0.39010000228881836,0.39010000228881836,2755,0.0,0.0
2024-09-05 14:30:00-04:00,0.4059999883174896,0.4059999883174896,0.39010000228881836,0.39809998869895935,8593,0.0,0.0
2024-09-05 15:00:00-04:00,0.4059999883174896,0.4059999883174896,0.4059999883174896,0.4059999883174896,2157,0.0,0.0
2024-09-05 15:50:00-04:00,0.4000000059604645,0.4000000059604645,0.4000000059604645,0.4000000059604645,3059,0.0,0.0
2024-09-05 15:55:00-04:00,0.38999998569488525,0.4059999883174896,0.38999998569488525,0.3978999853134155,753,0.0,0.0
2024-09-06 10:30:00-04:00,0.39010000228881836,0.39010000228881836,0.39010000228881836,0.39010000228881836,474,0.0,0.0
2024-09-06 10:35:00-04:00,0.38179999589920044,0.38179999589920044,0.38179999589920044,0.38179999589920044,2425,0.0,0.0
2024-09-06 10:40:00-04:00,0.38199999928474426,0.38199999928474426,0.38199999928474426,0.38199999928474426,200,0.0,0.0
2024-09-06 10:50:00-04:00,0.3898000121116638,0.3898000121116638,0.3898000121116638,0.3898000121116638,405,0.0,0.0
2024-09-06 11:00:00-04:00,0.3817000091075897,0.3817000091075897,0.3817000091075897,0.3817000091075897,750,0.0,0.0
2024-09-06 11:10:00-04:00,0.38179999589920044,0.38179999589920044,0.38179999589920044,0.38179999589920044,4254,0.0,0.0
2024-09-06 11:20:00-04:00,0.3874000012874603,0.3874000012874603,0.3874000012874603,0.3874000012874603,2746,0.0,0.0
2024-09-06 11:25:00-04:00,0.3889999985694885,0.3889999985694885,0.3889999985694885,0.3889999985694885,2500,0.0,0.0
2024-09-06 11:30:00-04:00,0.382999986410141,0.382999986410141,0.38199999928474426,0.38199999928474426,5100,0.0,0.0
2024-09-06 11:35:00-04:00,0.38199999928474426,0.38199999928474426,0.3594000041484833,0.3594000041484833,5789,0.0,0.0
2024-09-06 13:30:00-04:00,0.3700999915599823,0.3700999915599823,0.3700999915599823,0.3700999915599823,213,0.0,0.0
2024-09-06 14:10:00-04:00,0.39910000562667847,0.39910000562667847,0.38449999690055847,0.38449999690055847,1572,0.0,0.0
2024-09-06 14:15:00-04:00,0.3799999952316284,0.3799999952316284,0.3799999952316284,0.3799999952316284,0,0.0,0.0
2024-09-06 14:55:00-04:00,0.3894999921321869,0.39899998903274536,0.3894999921321869,0.39899998903274536,518,0.0,0.0
2024-09-06 15:15:00-04:00,0.3801000118255615,0.3801000118255615,0.3801000118255615,0.3801000118255615,2630,0.0,0.0
2024-09-09 09:45:00-04:00,0.36980000138282776,0.36980000138282776,0.352400004863739,0.36500000953674316,8523,0.0,0.0
2024-09-09 11:35:00-04:00,0.36500000953674316,0.36500000953674316,0.36500000953674316,0.36500000953674316,124,0.0,0.0
2024-09-09 11:45:00-04:00,0.3790999948978424,0.3790999948978424,0.3790999948978424,0.3790999948978424,5262,0.0,0.0
2024-09-09 12:25:00-04:00,0.367000013589859,0.367000013589859,0.36000001430511475,0.36010000109672546,4870,0.0,0.0
2024-09-09 12:50:00-04:00,0.36959999799728394,0.36959999799728394,0.36959999799728394,0.36959999799728394,2757,0.0,0.0
2024-09-09 12:55:00-04:00,0.3792000114917755,0.3792000114917755,0.3792000114917755,0.3792000114917755,10088,0.0,0.0
2024-09-09 13:00:00-04:00,0.3610000014305115,0.36970001459121704,0.36000001430511475,0.36010000109672546,7115,0.0,0.0
2024-09-09 13:05:00-04:00,0.37929999828338623,0.37929999828338623,0.350600004196167,0.350600004196167,4600,0.0,0.0
2024-09-09 15:05:00-04:00,0.37860000133514404,0.37860000133514404,0.37860000133514404,0.37860000133514404,2717,0.0,0.0
2024-09-09 15:15:00-04:00,0.3610000014305115,0.3610000014305115,0.3610000014305115,0.3610000014305115,3651,0.0,0.0
2024-09-09 15:30:00-04:00,0.33079999685287476,0.33079999685287476,0.32919999957084656,0.32919999957084656,8190,0.0,0.0
2024-09-09 15:35:00-04:00,0.34040001034736633,0.34040001034736633,0.34040001034736633,0.34040001034736633,4359,0.0,0.0
2024-09-09 15:40:00-04:00,0.3393999934196472,0.34040001034736633,0.3393999934196472,0.34040001034736633,2242,0.0,0.0
2024-09-09 15:50:00-04:00,0.34049999713897705,0.34049999713897705,0.34040001034736633,0.34040001034736633,572,0.0,0.0
2024-09-09 15:55:00-04:00,0.34200000762939453,0.36559998989105225,0.34200000762939453,0.36559998989105225,1959,0.0,0.0
2024-09-10 09:30:00-04:00,0.36000001430511475,0.36000001430511475,0.36000001430511475,0.36000001430511475,0,0.0,0.0
2024-09-10 09:40:00-04:00,0.36000001430511475,0.36000001430511475,0.36000001430511475,0.36000001430511475,736,0.0,0.0
2024-09-10 10:35:00-04:00,0.36000001430511475,0.36000001430511475,0.36000001430511475,0.36000001430511475,1800,0.0,0.0
2024-09-10 10:40:00-04:00,0.35740000009536743,0.35740000009536743,0.35740000009536743,0.35740000009536743,0,0.0,0.0
2024-09-10 11:30:00-04:00,0.35749998688697815,0.35749998688697815,0.35749998688697815,0.35749998688697815,606,0.0,0.0
2024-09-10 11:50:00-04:00,0.36000001430511475,0.36000001430511475,0.36000001430511475,0.36000001430511475,446,0.0,0.0
2024-09-10 13:00:00-04:00,0.35989999771118164,0.35989999771118164,0.35989999771118164,0.35989999771118164,4462,0.0,0.0
2024-09-10 13:55:00-04:00,0.35740000009536743,0.35740000009536743,0.35740000009536743,0.35740000009536743,633,0.0,0.0
2024-09-10 15:00:00-04:00,0.35740000009536743,0.35740000009536743,0.35740000009536743,0.35740000009536743,797,0.0,0.0
2024-09-10 15:55:00-04:00,0.35740000009536743,0.35740000009536743,0.35740000009536743,0.35740000009536743,0,0.0,0.0
2024-09-11 09:40:00-04:00,0.38999998569488525,0.38999998569488525,0.38999998569488525,0.38999998569488525,1882,0.0,0.0
2024-09-11 10:10:00-04:00,0.36010000109672546,0.36010000109672546,0.36010000109672546,0.36010000109672546,0,0.0,0.0
2024-09-11 13:00:00-04:00,0.38999998569488525,0.39750000834465027,0.38999998569488525,0.39750000834465027,47755,0.0,0.0
2024-09-11 13:20:00-04:00,0.3619000017642975,0.375,0.3619000017642975,0.375,5507,0.0,0.0
2024-09-11 13:25:00-04:00,0.37599998712539673,0.37599998712539673,0.3700000047683716,0.37299999594688416,0,0.0,0.0
2024-09-11 13:30:00-04:00,0.3702000081539154,0.3702000081539154,0.3700999915599823,0.3702000081539154,77779,0.0,0.0
2024-09-11 13:35:00-04:00,0.3702999949455261,0.3702999949455261,0.3702999949455261,0.3702999949455261,27,0.0,0.0
2024-09-11 13:55:00-04:00,0.3779999911785126,0.3779999911785126,0.3779999911785126,0.3779999911785126,200,0.0,0.0
2024-09-11 14:25:00-04:00,0.3725999891757965,0.3725999891757965,0.3725999891757965,0.3725999891757965,1015,0.0,0.0
2024-09-11 14:55:00-04:00,0.3714999854564667,0.3714999854564667,0.3714999854564667,0.3714999854564667,3202,0.0,0.0
2024-09-11 15:25:00-04:00,0.3930000066757202,0.42500001192092896,0.39160001277923584,0.4205999970436096,51025,0.0,0.0
2024-09-11 15:30:00-04:00,0.4203999936580658,0.4203999936580658,0.4203999936580658,0.4203999936580658,512,0.0,0.0
2024-09-11 15:35:00-04:00,0.38519999384880066,0.38519999384880066,0.38519999384880066,0.38519999384880066,616,0.0,0.0
2024-09-11 15:55:00-04:00,0.41110000014305115,0.41110000014305115,0.41110000014305115,0.41110000014305115,220,0.0,0.0
2024-09-12 11:05:00-04:00,0.49900001287460327,0.5,0.49900001287460327,0.5,43311,0.0,0.0
2024-09-12 11:10:00-04:00,0.5,0.5,0.46480000019073486,0.46480000019073486,34506,0.0,0.0
2024-09-12 11:15:00-04:00,0.4805999994277954,0.4805999994277954,0.4577000141143799,0.4577000141143799,18636,0.0,0.0
2024-09-12 11:20:00-04:00,0.45500001311302185,0.45660001039505005,0.44909998774528503,0.4514999985694885,19183,0.0,0.0
2024-09-12 11:30:00-04:00,0.460099995136261,0.46059998869895935,0.460099995136261,0.46059998869895935,3625,0.0,0.0
2024-09-12 11:35:00-04:00,0.460099995136261,0.4684000015258789,0.460099995136261,0.460099995136261,6104,0.0,0.0
2024-09-12 11:50:00-04:00,0.4650999903678894,0.4650999903678894,0.46000000834465027,0.460099995136261,9255,0.0,0.0
2024-09-12 12:05:00-04:00,0.460099995136261,0.460099995136261,0.460099995136261,0.460099995136261,700,0.0,0.0
2024-09-12 12:10:00-04:00,0.4767000079154968,0.4821999967098236,0.4684999883174896,0.47749999165534973,6232,0.0,0.0
2024-09-12 12:15:00-04:00,0.48980000615119934,0.48980000615119934,0.4828999936580658,0.4828999936580658,3652,0.0,0.0
2024-09-12 12:20:00-04:00,0.46299999952316284,0.46299999952316284,0.46299999952316284,0.46299999952316284,329,0.0,0.0
2024-09-12 12:30:00-04:00,0.46149998903274536,0.46149998903274536,0.46149998903274536,0.46149998903274536,364,0.0,0.0
2024-09-12 12:40:00-04:00,0.46299999952316284,0.46299999952316284,0.46299999952316284,0.46299999952316284,400,0.0,0.0
2024-09-12 12:45:00-04:00,0.4749000072479248,0.4749000072479248,0.4749000072479248,0.4749000072479248,400,0.0,0.0
2024-09-12 13:15:00-04:00,0.48899999260902405,0.48899999260902405,0.4749000072479248,0.4749000072479248,1360,0.0,0.0
2024-09-12 13:30:00-04:00,0.46000000834465027,0.46000000834465027,0.45010000467300415,0.45010000467300415,2595,0.0,0.0
2024-09-12 13:40:00-04:00,0.454800009727478,0.454800009727478,0.454800009727478,0.454800009727478,1084,0.0,0.0
2024-09-12 13:55:00-04:00,0.44999998807907104,0.44999998807907104,0.44999998807907104,0.44999998807907104,0,0.0,0.0
2024-09-12 14:05:00-04:00,0.45010000467300415,0.45010000467300415,0.45010000467300415,0.45010000467300415,157625,0.0,0.0
2024-09-12 14:10:00-04:00,0.45010000467300415,0.45010000467300415,0.45010000467300415,0.45010000467300415,200,0.0,0.0
2024-09-12 14:25:00-04:00,0.44999998807907104,0.44999998807907104,0.44999998807907104,0.44999998807907104,333,0.0,0.0
2024-09-12 15:20:00-04:00,0.45010000467300415,0.48980000615119934,0.45010000467300415,0.48980000615119934,49100,0.0,0.0
2024-09-12 15:25:00-04:00,0.45010000467300415,0.45010000467300415,0.45010000467300415,0.45010000467300415,0,0.0,0.0
2024-09-12 15:30:00-04:00,0.45010000467300415,0.45010000467300415,0.45010000467300415,0.45010000467300415,300,0.0,0.0
2024-09-12 15:40:00-04:00,0.45010000467300415,0.45010000467300415,0.44999998807907104,0.44999998807907104,3309,0.0,0.0
2024-09-13 09:30:00-04:00,0.4699999988079071,0.5090000033378601,0.4699999988079071,0.5,49435,0.0,0.0
2024-09-13 09:35:00-04:00,0.5,0.5,0.5,0.5,0,0.0,0.0
2024-09-13 09:40:00-04:00,0.4948999881744385,0.4948999881744385,0.4948999881744385,0.4948999881744385,50144,0.0,0.0
2024-09-13 09:45:00-04:00,0.49399998784065247,0.49399998784065247,0.49399998784065247,0.49399998784065247,2220,0.0,0.0
2024-09-13 09:55:00-04:00,0.49050000309944153,0.5,0.49050000309944153,0.5,5707,0.0,0.0
2024-09-13 10:00:00-04:00,0.5098999738693237,0.5098999738693237,0.5011000037193298,0.5098999738693237,6288,0.0,0.0
2024-09-13 10:05:00-04:00,0.5074999928474426,0.5254999995231628,0.5074999928474426,0.5198000073432922,23418,0.0,0.0
2024-09-13 10:10:00-04:00,0.5149999856948853,0.5149999856948853,0.5149999856948853,0.5149999856948853,413,0.0,0.0
2024-09-13 10:20:00-04:00,0.5199000239372253,0.5199000239372253,0.5184000134468079,0.5184000134468079,909,0.0,0.0
2024-09-13 10:25:00-04:00,0.5199000239372253,0.5299999713897705,0.5188999772071838,0.5299999713897705,10966,0.0,0.0
2024-09-13 10:30:00-04:00,0.5299999713897705,0.550000011920929,0.5299999713897705,0.5350000262260437,10966,0.0,0.0
2024-09-13 10:35:00-04:00,0.5401999950408936,0.5550000071525574,0.5322999954223633,0.5322999954223633,35044,0.0,0.0
2024-09-13 10:45:00-04:00,0.5322999954223633,0.5322999954223633,0.5310999751091003,0.5322999954223633,1005,0.0,0.0
2024-09-13 10:50:00-04:00,0.5299999713897705,0.5303000211715698,0.5299999713897705,0.5299999713897705,13211,0.0,0.0
2024-09-13 10:55:00-04:00,0.5199999809265137,0.5494999885559082,0.5184000134468079,0.5494999885559082,3534,0.0,0.0
2024-09-13 11:05:00-04:00,0.5299999713897705,0.5299999713897705,0.5189999938011169,0.5249999761581421,1611,0.0,0.0
2024-09-13 11:10:00-04:00,0.5182999968528748,0.5282999873161316,0.5182999968528748,0.5199000239372253,2339,0.0,0.0
2024-09-13 11:15:00-04:00,0.5389999747276306,0.5389999747276306,0.5379999876022339,0.5379999876022339,810,0.0,0.0
2024-09-13 11:25:00-04:00,0.5286999940872192,0.5286999940872192,0.5286999940872192,0.5286999940872192,541,0.0,0.0
2024-09-13 11:30:00-04:00,0.5329999923706055,0.5329999923706055,0.5329999923706055,0.5329999923706055,381,0.0,0.0
2024-09-13 11:55:00-04:00,0.5300999879837036,0.5300999879837036,0.5300999879837036,0.5300999879837036,300,0.0,0.0
2024-09-13 12:05:00-04:00,0.5302000045776367,0.5302000045776367,0.5302000045776367,0.5302000045776367,1153,0.0,0.0
2024-09-13 12:10:00-04:00,0.5328999757766724,0.5328999757766724,0.5328999757766724,0.5328999757766724,600,0.0,0.0
2024-09-13 12:15:00-04:00,0.5328999757766724,0.5328999757766724,0.5328999757766724,0.5328999757766724,3709,0.0,0.0
2024-09-13 12:30:00-04:00,0.5336999893188477,0.5400999784469604,0.5336999893188477,0.5400999784469604,1018,0.0,0.0
2024-09-13 12:35:00-04:00,0.5390999913215637,0.5600000023841858,0.5390999913215637,0.5600000023841858,10206,0.0,0.0
2024-09-13 12:40:00-04:00,0.5598999857902527,0.5598999857902527,0.5597000122070312,0.5598999857902527,1882,0.0,0.0
2024-09-13 12:45:00-04:00,0.5429999828338623,0.5430999994277954,0.5425999760627747,0.5425999760627747,3894,0.0,0.0
2024-09-13 12:50:00-04:00,0.5418999791145325,0.5418999791145325,0.5375999808311462,0.5375999808311462,6728,0.0,0.0
2024-09-13 13:00:00-04:00,0.5450000166893005,0.5604000091552734,0.5450000166893005,0.5604000091552734,24215,0.0,0.0
2024-09-13 13:05:00-04:00,0.5501999855041504,0.5551000237464905,0.5501999855041504,0.5551000237464905,804,0.0,0.0
2024-09-13 13:10:00-04:00,0.5697000026702881,0.5697000026702881,0.569599986076355,0.569599986076355,6269,0.0,0.0
2024-09-13 13:15:00-04:00,0.569599986076355,0.569599986076355,0.569599986076355,0.569599986076355,2273,0.0,0.0
2024-09-13 13:20:00-04:00,0.5548999905586243,0.5548999905586243,0.5548999905586243,0.5548999905586243,163,0.0,0.0
2024-09-13 13:25:00-04:00,0.5659999847412109,0.5659999847412109,0.5659999847412109,0.5659999847412109,1188,0.0,0.0
2024-09-13 13:30:00-04:00,0.5548999905586243,0.5548999905586243,0.5407999753952026,0.5407999753952026,1559,0.0,0.0
2024-09-13 14:10:00-04:00,0.5410000085830688,0.5410000085830688,0.5404999852180481,0.5404999852180481,19683,0.0,0.0
2024-09-13 14:15:00-04:00,0.5551000237464905,0.5551000237464905,0.5551000237464905,0.5551000237464905,0,0.0,0.0
2024-09-13 14:20:00-04:00,0.5623000264167786,0.5623000264167786,0.5400000214576721,0.5400000214576721,7935,0.0,0.0
2024-09-13 14:25:00-04:00,0.5250999927520752,0.5274999737739563,0.5250999927520752,0.5274999737739563,1528,0.0,0.0
2024-09-13 14:30:00-04:00,0.5274999737739563,0.5274999737739563,0.5274999737739563,0.5274999737739563,751,0.0,0.0
2024-09-13 14:40:00-04:00,0.5275999903678894,0.5275999903678894,0.5249999761581421,0.5250999927520752,6197,0.0,0.0
2024-09-13 14:45:00-04:00,0.5475999712944031,0.5475999712944031,0.5250999927520752,0.5250999927520752,5144,0.0,0.0
2024-09-13 15:05:00-04:00,0.5252000093460083,0.5252000093460083,0.5252000093460083,0.5252000093460083,0,0.0,0.0
2024-09-13 15:25:00-04:00,0.5475000143051147,0.5475000143051147,0.5475000143051147,0.5475000143051147,272866,0.0,0.0
2024-09-13 15:35:00-04:00,0.5600000023841858,0.5600000023841858,0.5600000023841858,0.5600000023841858,627,0.0,0.0
2024-09-13 15:40:00-04:00,0.5501999855041504,0.5501999855041504,0.5501999855041504,0.5501999855041504,240,0.0,0.0
2024-09-13 15:45:00-04:00,0.5597000122070312,0.5597000122070312,0.5336999893188477,0.5336999893188477,2487,0.0,0.0
2024-09-16 09:30:00-04:00,0.5659000277519226,0.5723999738693237,0.5616000294685364,0.5616000294685364,21407,0.0,0.0
2024-09-16 09:35:00-04:00,0.5439000129699707,0.5698999762535095,0.5439000129699707,0.5698999762535095,1655,0.0,0.0
2024-09-16 09:50:00-04:00,0.569599986076355,0.5697000026702881,0.569599986076355,0.5697000026702881,4879,0.0,0.0
2024-09-16 09:55:00-04:00,0.5699999928474426,0.5699999928474426,0.5699999928474426,0.5699999928474426,5763,0.0,0.0
2024-09-16 10:00:00-04:00,0.5625,0.5625,0.5625,0.5625,300,0.0,0.0
2024-09-16 10:05:00-04:00,0.5690000057220459,0.5690000057220459,0.5690000057220459,0.5690000057220459,1383,0.0,0.0
2024-09-16 10:15:00-04:00,0.5609999895095825,0.5609999895095825,0.5609999895095825,0.5609999895095825,400,0.0,0.0
2024-09-16 10:20:00-04:00,0.5601999759674072,0.5601999759674072,0.559499979019165,0.559499979019165,6484,0.0,0.0
2024-09-16 10:55:00-04:00,0.5552999973297119,0.5552999973297119,0.5552999973297119,0.5552999973297119,4570,0.0,0.0
2024-09-16 11:00:00-04:00,0.5626000165939331,0.5626000165939331,0.5587999820709229,0.5587999820709229,2723,0.0,0.0
2024-09-16 11:05:00-04:00,0.558899998664856,0.558899998664856,0.558899998664856,0.558899998664856,3018,0.0,0.0
2024-09-16 11:35:00-04:00,0.5501000285148621,0.5501000285148621,0.5501000285148621,0.5501000285148621,2466,0.0,0.0
2024-09-16 12:10:00-04:00,0.550000011920929,0.5600000023841858,0.550000011920929,0.5600000023841858,1911,0.0,0.0
2024-09-16 12:45:00-04:00,0.5509999990463257,0.5509999990463257,0.5509999990463257,0.5509999990463257,180,0.0,0.0
2024-09-16 12:50:00-04:00,0.5690000057220459,0.5698000192642212,0.5690000057220459,0.5698000192642212,3952,0.0,0.0
2024-09-16 13:00:00-04:00,0.5824000239372253,0.6000000238418579,0.5824000239372253,0.6000000238418579,2933,0.0,0.0
2024-09-16 13:05:00-04:00,0.6133000254631042,0.6133000254631042,0.6133000254631042,0.6133000254631042,5319,0.0,0.0
2024-09-16 13:10:00-04:00,0.6266000270843506,0.6266000270843506,0.6266000270843506,0.6266000270843506,505,0.0,0.0
2024-09-16 13:15:00-04:00,0.6175000071525574,0.6175000071525574,0.6175000071525574,0.6175000071525574,1152,0.0,0.0
2024-09-16 13:20:00-04:00,0.6175000071525574,0.6175000071525574,0.6047000288963318,0.6047000288963318,2098,0.0,0.0
2024-09-16 13:25:00-04:00,0.6162999868392944,0.6162999868392944,0.6162999868392944,0.6162999868392944,400,0.0,0.0
2024-09-16 13:35:00-04:00,0.6159999966621399,0.6159999966621399,0.6159999966621399,0.6159999966621399,1278,0.0,0.0
2024-09-16 13:55:00-04:00,0.6140000224113464,0.6140000224113464,0.6115000247955322,0.6115000247955322,925,0.0,0.0
2024-09-16 14:00:00-04:00,0.6299999952316284,0.6299999952316284,0.6205999851226807,0.6205999851226807,2840,0.0,0.0
2024-09-16 14:10:00-04:00,0.6219000220298767,0.6302000284194946,0.6219000220298767,0.6302000284194946,15197,0.0,0.0
2024-09-16 14:20:00-04:00,0.6499999761581421,0.6499999761581421,0.6499000191688538,0.6499999761581421,9185,0.0,0.0
2024-09-16 14:25:00-04:00,0.6600000262260437,0.6998999714851379,0.6600000262260437,0.6998999714851379,11012,0.0,0.0
2024-09-16 14:30:00-04:00,0.6920999884605408,0.6920999884605408,0.6499999761581421,0.6499999761581421,0,0.0,0.0
2024-09-16 14:40:00-04:00,0.6510000228881836,0.6510000228881836,0.6510000228881836,0.6510000228881836,116046,0.0,0.0
2024-09-16 14:45:00-04:00,0.6510000228881836,0.661899983882904,0.6499999761581421,0.6499999761581421,1652,0.0,0.0
2024-09-16 14:50:00-04:00,0.6499999761581421,0.6650000214576721,0.6388000249862671,0.6388000249862671,3008,0.0,0.0
2024-09-16 14:55:00-04:00,0.6370000243186951,0.6370000243186951,0.6370000243186951,0.6370000243186951,281,0.0,0.0
2024-09-16 15:05:00-04:00,0.6597999930381775,0.6597999930381775,0.6597999930381775,0.6597999930381775,160,0.0,0.0
2024-09-16 15:20:00-04:00,0.6330000162124634,0.6330000162124634,0.6298999786376953,0.6298999786376953,1145,0.0,0.0
2024-09-16 15:30:00-04:00,0.6000000238418579,0.609000027179718,0.6000000238418579,0.609000027179718,7514,0.0,0.0
2024-09-16 15:35:00-04:00,0.6000999808311462,0.6582000255584717,0.6000000238418579,0.6000000238418579,24306,0.0,0.0
2024-09-16 15:40:00-04:00,0.6000999808311462,0.6000999808311462,0.6000999808311462,0.6000999808311462,0,0.0,0.0
2024-09-16 15:45:00-04:00,0.6000999808311462,0.6000999808311462,0.6000999808311462,0.6000999808311462,1800,0.0,0.0
2024-09-16 15:50:00-04:00,0.6001999974250793,0.6294999718666077,0.6001999974250793,0.6001999974250793,0,0.0,0.0
2024-09-16 15:55:00-04:00,0.6001999974250793,0.635200023651123,0.6000000238418579,0.635200023651123,33656,0.0,0.0
2024-09-17 09:30:00-04:00,0.6079999804496765,0.6079999804496765,0.6079999804496765,0.6079999804496765,2277,0.0,0.0
2024-09-17 09:35:00-04:00,0.6001999974250793,0.6001999974250793,0.6001999974250793,0.6001999974250793,0,0.0,0.0
2024-09-17 09:55:00-04:00,0.6398000121116638,0.6398000121116638,0.6398000121116638,0.6398000121116638,8099,0.0,0.0
2024-09-17 10:00:00-04:00,0.6399000287055969,0.6399000287055969,0.6399000287055969,0.6399000287055969,0,0.0,0.0
2024-09-17 10:05:00-04:00,0.6463000178337097,0.6463000178337097,0.6463000178337097,0.6463000178337097,1206,0.0,0.0
2024-09-17 10:10:00-04:00,0.6657999753952026,0.6657999753952026,0.6514999866485596,0.6535000205039978,0,0.0,0.0
2024-09-17 10:15:00-04:00,0.6541000008583069,0.65420001745224,0.6541000008583069,0.65420001745224,16663,0.0,0.0
2024-09-17 10:35:00-04:00,0.6679999828338623,0.6679999828338623,0.6679999828338623,0.6679999828338623,630,0.0,0.0
2024-09-17 10:50:00-04:00,0.6414999961853027,0.6707000136375427,0.6414999961853027,0.6707000136375427,3966,0.0,0.0
2024-09-17 10:55:00-04:00,0.6794000267982483,0.6794000267982483,0.6794000267982483,0.6794000267982483,7300,0.0,0.0
2024-09-17 11:00:00-04:00,0.6707000136375427,0.6707000136375427,0.6707000136375427,0.6707000136375427,800,0.0,0.0
2024-09-17 11:05:00-04:00,0.6620000004768372,0.6620000004768372,0.6620000004768372,0.6620000004768372,468,0.0,0.0
2024-09-17 11:10:00-04:00,0.6620000004768372,0.6662999987602234,0.6620000004768372,0.6620000004768372,43701,0.0,0.0
2024-09-17 11:15:00-04:00,0.6399999856948853,0.6399999856948853,0.6100000143051147,0.6118999719619751,19623,0.0,0.0
2024-09-17 11:20:00-04:00,0.6416000127792358,0.6416000127792358,0.6237000226974487,0.6237000226974487,455,0.0,0.0
2024-09-17 11:25:00-04:00,0.6306999921798706,0.6306999921798706,0.6306999921798706,0.6306999921798706,155,0.0,0.0
2024-09-17 11:35:00-04:00,0.6209999918937683,0.6301000118255615,0.6209999918937683,0.6301000118255615,1843,0.0,0.0
2024-09-17 11:50:00-04:00,0.6003999710083008,0.6003999710083008,0.6003999710083008,0.6003999710083008,3023,0.0,0.0
2024-09-17 12:15:00-04:00,0.6010000109672546,0.6010000109672546,0.6010000109672546,0.6010000109672546,797,0.0,0.0
2024-09-17 12:30:00-04:00,0.6152999997138977,0.6152999997138977,0.6152999997138977,0.6152999997138977,1640,0.0,0.0
2024-09-17 12:45:00-04:00,0.600600004196167,0.6154000163078308,0.600600004196167,0.6154000163078308,2682,0.0,0.0
2024-09-17 13:00:00-04:00,0.602400004863739,0.6036999821662903,0.602400004863739,0.6036999821662903,1203,0.0,0.0
2024-09-17 13:05:00-04:00,0.6236000061035156,0.6236000061035156,0.6001999974250793,0.6001999974250793,1660,0.0,0.0
2024-09-17 13:10:00-04:00,0.6050999760627747,0.607200026512146,0.6050999760627747,0.607200026512146,300,0.0,0.0
2024-09-17 13:20:00-04:00,0.6003999710083008,0.6003999710083008,0.6003999710083008,0.6003999710083008,331,0.0,0.0
2024-09-17 13:30:00-04:00,0.6007000207901001,0.6007000207901001,0.6007000207901001,0.6007000207901001,436,0.0,0.0
2024-09-17 13:40:00-04:00,0.6007000207901001,0.6007000207901001,0.6007000207901001,0.6007000207901001,1264,0.0,0.0
2024-09-17 14:25:00-04:00,0.6301000118255615,0.6301000118255615,0.6301000118255615,0.6301000118255615,200,0.0,0.0
2024-09-17 14:30:00-04:00,0.6007999777793884,0.6010000109672546,0.6007999777793884,0.6010000109672546,1281,0.0,0.0
2024-09-17 14:45:00-04:00,0.6010000109672546,0.6010000109672546,0.6010000109672546,0.6010000109672546,1622,0.0,0.0
2024-09-17 14:55:00-04:00,0.6011000275611877,0.6011000275611877,0.6011000275611877,0.6011000275611877,86,0.0,0.0
2024-09-17 15:05:00-04:00,0.6150000095367432,0.6150000095367432,0.6150000095367432,0.6150000095367432,1031,0.0,0.0
2024-09-17 15:10:00-04:00,0.6000999808311462,0.6000999808311462,0.550000011920929,0.550000011920929,10839,0.0,0.0
2024-09-17 15:15:00-04:00,0.5509999990463257,0.5649999976158142,0.5501000285148621,0.5649999976158142,21104,0.0,0.0
2024-09-17 15:20:00-04:00,0.5601000189781189,0.5648999810218811,0.5601000189781189,0.5625,400,0.0,0.0
2024-09-17 15:25:00-04:00,0.5605999827384949,0.5605999827384949,0.5605999827384949,0.5605999827384949,1803,0.0,0.0
2024-09-17 15:45:00-04:00,0.560699999332428,0.560699999332428,0.560699999332428,0.560699999332428,10014,0.0,0.0
2024-09-17 15:50:00-04:00,0.5789999961853027,0.5799999833106995,0.5789999961853027,0.5799999833106995,0,0.0,0.0
2024-09-17 15:55:00-04:00,0.6004999876022339,0.6241999864578247,0.5800999999046326,0.597000002861023,2070,0.0,0.0
2024-09-18 09:30:00-04:00,0.6800000071525574,0.6800000071525574,0.6800000071525574,0.6800000071525574,0,0.0,0.0
2024-09-18 09:45:00-04:00,0.6794000267982483,0.6794000267982483,0.6794000267982483,0.6794000267982483,2740,0.0,0.0
2024-09-18 10:10:00-04:00,0.6499999761581421,0.6499999761581421,0.6499999761581421,0.6499999761581421,10773,0.0,0.0
2024-09-18 10:25:00-04:00,0.6541000008583069,0.6790000200271606,0.6541000008583069,0.6790000200271606,2310,0.0,0.0
2024-09-18 10:30:00-04:00,0.6290000081062317,0.6290000081062317,0.6290000081062317,0.6290000081062317,21,0.0,0.0
2024-09-18 10:50:00-04:00,0.6790000200271606,0.6790000200271606,0.6541000008583069,0.6541000008583069,2135,0.0,0.0
2024-09-18 10:55:00-04:00,0.6665999889373779,0.6665999889373779,0.6665999889373779,0.6665999889373779,1092,0.0,0.0
2024-09-18 11:35:00-04:00,0.6790000200271606,0.6898000240325928,0.6790000200271606,0.6898000240325928,28336,0.0,0.0
2024-09-18 11:40:00-04:00,0.6848999857902527,0.6848999857902527,0.6848999857902527,0.6848999857902527,121,0.0,0.0
2024-09-18 11:45:00-04:00,0.6898000240325928,0.7189000248908997,0.6898000240325928,0.7189000248908997,2354,0.0,0.0
2024-09-18 12:15:00-04:00,0.6998999714851379,0.7089999914169312,0.6998999714851379,0.6998999714851379,1272,0.0,0.0
2024-09-18 12:20:00-04:00,0.7089999914169312,0.7098000049591064,0.7089999914169312,0.7098000049591064,742,0.0,0.0
2024-09-18 12:25:00-04:00,0.7098000049591064,0.7098000049591064,0.7098000049591064,0.7098000049591064,1020,0.0,0.0
2024-09-18 12:30:00-04:00,0.7098000049591064,0.7098000049591064,0.7098000049591064,0.7098000049591064,995,0.0,0.0
2024-09-18 12:35:00-04:00,0.7081000208854675,0.7081000208854675,0.7081000208854675,0.7081000208854675,153,0.0,0.0
2024-09-18 12:40:00-04:00,0.7089999914169312,0.7184000015258789,0.707099974155426,0.7184000015258789,961,0.0,0.0
2024-09-18 12:55:00-04:00,0.7099999785423279,0.7099999785423279,0.7099999785423279,0.7099999785423279,615,0.0,0.0
2024-09-18 13:00:00-04:00,0.7182000279426575,0.7182000279426575,0.6804999709129333,0.6804999709129333,913,0.0,0.0
2024-09-18 13:05:00-04:00,0.7003999948501587,0.7003999948501587,0.6827999949455261,0.6827999949455261,446,0.0,0.0
2024-09-18 13:10:00-04:00,0.6833000183105469,0.7003999948501587,0.6833000183105469,0.7003999948501587,454,0.0,0.0
2024-09-18 13:25:00-04:00,0.6829000115394592,0.6829000115394592,0.6829000115394592,0.6829000115394592,200,0.0,0.0
2024-09-18 13:40:00-04:00,0.7139000296592712,0.7174000144004822,0.7110999822616577,0.7170000076293945,76200,0.0,0.0
2024-09-18 13:45:00-04:00,0.7171000242233276,0.7181000113487244,0.7171000242233276,0.7181000113487244,8608,0.0,0.0
2024-09-18 13:50:00-04:00,0.7297000288963318,0.7400000095367432,0.7297000288963318,0.7336000204086304,12125,0.0,0.0
2024-09-18 13:55:00-04:00,0.7293000221252441,0.7494999766349792,0.7293000221252441,0.7494999766349792,1551,0.0,0.0
2024-09-18 14:05:00-04:00,0.7494999766349792,0.7494999766349792,0.6829000115394592,0.6829000115394592,6517,0.0,0.0
2024-09-18 14:15:00-04:00,0.699999988079071,0.699999988079071,0.699999988079071,0.699999988079071,999,0.0,0.0
2024-09-18 14:25:00-04:00,0.7444000244140625,0.7494999766349792,0.7422999739646912,0.7494999766349792,2295,0.0,0.0
2024-09-18 14:30:00-04:00,0.7372999787330627,0.7422999739646912,0.7372999787330627,0.7422999739646912,700,0.0,0.0
2024-09-18 14:35:00-04:00,0.7247999906539917,0.7247999906539917,0.7073000073432922,0.7073000073432922,74900,0.0,0.0
2024-09-18 14:40:00-04:00,0.70660001039505,0.70660001039505,0.7002000212669373,0.7002000212669373,0,0.0,0.0
2024-09-18 14:45:00-04:00,0.7003999948501587,0.7003999948501587,0.7003999948501587,0.7003999948501587,2010,0.0,0.0
2024-09-18 15:00:00-04:00,0.7188000082969666,0.7188000082969666,0.7188000082969666,0.7188000082969666,1342,0.0,0.0
2024-09-18 15:10:00-04:00,0.7038999795913696,0.7038999795913696,0.7038999795913696,0.7038999795913696,1400,0.0,0.0
2024-09-18 15:15:00-04:00,0.7008000016212463,0.7103000283241272,0.7006000280380249,0.7103000283241272,1046,0.0,0.0
2024-09-18 15:25:00-04:00,0.718999981880188,0.7235999703407288,0.718999981880188,0.7235999703407288,211,0.0,0.0
2024-09-18 15:30:00-04:00,0.7336000204086304,0.7336000204086304,0.7099999785423279,0.7099999785423279,15418,0.0,0.0
2024-09-18 15:35:00-04:00,0.7099999785423279,0.710099995136261,0.7099999785423279,0.710099995136261,476,0.0,0.0
2024-09-18 15:40:00-04:00,0.7099999785423279,0.7099999785423279,0.6850000023841858,0.6851999759674072,14207,0.0,0.0
2024-09-18 15:45:00-04:00,0.6851999759674072,0.6851999759674072,0.6467000246047974,0.6467000246047974,8736,0.0,0.0
2024-09-18 15:50:00-04:00,0.6340000033378601,0.6340000033378601,0.6340000033378601,0.6340000033378601,342,0.0,0.0
2024-09-18 15:55:00-04:00,0.6657999753952026,0.6657999753952026,0.6657999753952026,0.6657999753952026,748,0.0,0.0
2024-09-19 09:30:00-04:00,0.6610000133514404,0.7746999859809875,0.6610000133514404,0.7746999859809875,5745,0.0,0.0
2024-09-19 09:35:00-04:00,0.7940999865531921,0.7940999865531921,0.791100025177002,0.791100025177002,5281,0.0,0.0
2024-09-19 09:40:00-04:00,0.7398999929428101,0.7398999929428101,0.7398999929428101,0.7398999929428101,914,0.0,0.0
2024-09-19 09:45:00-04:00,0.7398999929428101,0.7398999929428101,0.7195000052452087,0.7195000052452087,2031,0.0,0.0
2024-09-19 09:50:00-04:00,0.7195000052452087,0.7195000052452087,0.6022999882698059,0.6022999882698059,4445,0.0,0.0
2024-09-19 09:55:00-04:00,0.6033999919891357,0.6450999975204468,0.6033999919891357,0.6450999975204468,4729,0.0,0.0
2024-09-19 10:05:00-04:00,0.6822999715805054,0.6822999715805054,0.6822999715805054,0.6822999715805054,301,0.0,0.0
2024-09-19 10:20:00-04:00,0.6819999814033508,0.6819999814033508,0.6819999814033508,0.6819999814033508,0,0.0,0.0
2024-09-19 10:35:00-04:00,0.6503999829292297,0.6503999829292297,0.6503999829292297,0.6503999829292297,24314,0.0,0.0
2024-09-19 12:25:00-04:00,0.6832000017166138,0.6832000017166138,0.6832000017166138,0.6832000017166138,390,0.0,0.0
2024-09-19 12:30:00-04:00,0.6984000205993652,0.6984000205993652,0.6984000205993652,0.6984000205993652,3432,0.0,0.0
2024-09-19 13:00:00-04:00,0.6700000166893005,0.6707000136375427,0.6700000166893005,0.6700000166893005,2530,0.0,0.0
2024-09-19 13:05:00-04:00,0.6700999736785889,0.6704999804496765,0.6700999736785889,0.6704999804496765,534,0.0,0.0
2024-09-19 13:10:00-04:00,0.6704999804496765,0.6704999804496765,0.6704999804496765,0.6704999804496765,933,0.0,0.0
2024-09-19 13:15:00-04:00,0.6500999927520752,0.6500999927520752,0.6500999927520752,0.6500999927520752,1458,0.0,0.0
2024-09-19 13:30:00-04:00,0.6499999761581421,0.6499999761581421,0.6499999761581421,0.6499999761581421,907,0.0,0.0
2024-09-19 14:00:00-04:00,0.6521999835968018,0.6521999835968018,0.6521999835968018,0.6521999835968018,1360,0.0,0.0
2024-09-19 14:10:00-04:00,0.6521999835968018,0.6521999835968018,0.6521999835968018,0.6521999835968018,1051,0.0,0.0
2024-09-19 14:25:00-04:00,0.6707000136375427,0.670799970626831,0.6707000136375427,0.670799970626831,4232,0.0,0.0
2024-09-19 14:45:00-04:00,0.6362000107765198,0.6362000107765198,0.6362000107765198,0.6362000107765198,437,0.0,0.0
2024-09-19 14:50:00-04:00,0.6388999819755554,0.6388999819755554,0.6388000249862671,0.6388000249862671,2145,0.0,0.0
2024-09-19 15:10:00-04:00,0.6553999781608582,0.6699000000953674,0.6553999781608582,0.6699000000953674,14545,0.0,0.0
2024-09-19 15:30:00-04:00,0.6553999781608582,0.6553999781608582,0.6553999781608582,0.6553999781608582,763,0.0,0.0
2024-09-19 15:35:00-04:00,0.6553999781608582,0.6553999781608582,0.6553999781608582,0.6553999781608582,805,0.0,0.0
2024-09-19 15:40:00-04:00,0.6553999781608582,0.6553999781608582,0.6403999924659729,0.6403999924659729,2342,0.0,0.0
2024-09-19 15:45:00-04:00,0.6553999781608582,0.6553999781608582,0.6553999781608582,0.6553999781608582,404,0.0,0.0
2024-09-19 15:50:00-04:00,0.6553999781608582,0.6553999781608582,0.6553999781608582,0.6553999781608582,104,0.0,0.0
2024-09-19 15:55:00-04:00,0.6553999781608582,0.6658999919891357,0.6474999785423279,0.6474999785423279,2099,0.0,0.0
2024-09-20 09:30:00-04:00,0.6600000262260437,0.6600000262260437,0.6600000262260437,0.6600000262260437,133,0.0,0.0
2024-09-20 09:35:00-04:00,0.6000999808311462,0.6000999808311462,0.6000999808311462,0.6000999808311462,18176,0.0,0.0
2024-09-20 10:05:00-04:00,0.6758000254631042,0.6758000254631042,0.6402000188827515,0.6402000188827515,1001,0.0,0.0
2024-09-20 10:15:00-04:00,0.6499999761581421,0.6499999761581421,0.6499999761581421,0.6499999761581421,0,0.0,0.0
2024-09-20 10:25:00-04:00,0.6402999758720398,0.6402999758720398,0.6402999758720398,0.6402999758720398,20927,0.0,0.0
2024-09-20 10:45:00-04:00,0.6399999856948853,0.6399999856948853,0.6399999856948853,0.6399999856948853,803,0.0,0.0
2024-09-20 11:25:00-04:00,0.6200000047683716,0.6200000047683716,0.6000000238418579,0.6000000238418579,749,0.0,0.0
2024-09-20 11:35:00-04:00,0.6399000287055969,0.6399000287055969,0.6399000287055969,0.6399000287055969,755,0.0,0.0
2024-09-20 12:40:00-04:00,0.6100000143051147,0.6100000143051147,0.6100000143051147,0.6100000143051147,595,0.0,0.0
2024-09-20 13:10:00-04:00,0.6248999834060669,0.6248999834060669,0.6248999834060669,0.6248999834060669,265,0.0,0.0
2024-09-20 14:30:00-04:00,0.629800021648407,0.6342999935150146,0.629800021648407,0.6342999935150146,703,0.0,0.0
2024-09-20 14:40:00-04:00,0.629800021648407,0.629800021648407,0.629800021648407,0.629800021648407,403,0.0,0.0
2024-09-20 15:00:00-04:00,0.629800021648407,0.629800021648407,0.629800021648407,0.629800021648407,555,0.0,0.0
2024-09-20 15:05:00-04:00,0.6200000047683716,0.6248000264167786,0.6200000047683716,0.6223999857902527,5659,0.0,0.0
2024-09-20 15:20:00-04:00,0.6201000213623047,0.6201000213623047,0.6118000149726868,0.6118000149726868,1305,0.0,0.0
2024-09-20 15:45:00-04:00,0.6248000264167786,0.6248000264167786,0.6248000264167786,0.6248000264167786,105,0.0,0.0
2024-09-20 15:55:00-04:00,0.6373000144958496,0.638700008392334,0.6359999775886536,0.638700008392334,3172,0.0,0.0
2024-09-23 09:30:00-04:00,0.6100000143051147,0.6100000143051147,0.6100000143051147,0.6100000143051147,4046,0.0,0.0
2024-09-23 10:10:00-04:00,0.6100000143051147,0.6100000143051147,0.6100000143051147,0.6100000143051147,1736,0.0,0.0
2024-09-23 10:25:00-04:00,0.6100999712944031,0.6100999712944031,0.6100999712944031,0.6100999712944031,4977,0.0,0.0
2024-09-23 10:30:00-04:00,0.613099992275238,0.613099992275238,0.613099992275238,0.613099992275238,2250,0.0,0.0
2024-09-23 10:40:00-04:00,0.6100000143051147,0.6100000143051147,0.6100000143051147,0.6100000143051147,214,0.0,0.0
2024-09-23 10:45:00-04:00,0.6100000143051147,0.6100000143051147,0.6100000143051147,0.6100000143051147,720,0.0,0.0
2024-09-23 11:05:00-04:00,0.6100999712944031,0.6100999712944031,0.6100999712944031,0.6100999712944031,0,0.0,0.0
2024-09-23 11:10:00-04:00,0.6100999712944031,0.6100999712944031,0.6100999712944031,0.6100999712944031,19854,0.0,0.0
2024-09-23 11:15:00-04:00,0.6100999712944031,0.6100999712944031,0.6100000143051147,0.6100000143051147,400,0.0,0.0
2024-09-23 11:20:00-04:00,0.6100999712944031,0.6100999712944031,0.6100999712944031,0.6100999712944031,800,0.0,0.0
2024-09-23 11:25:00-04:00,0.6100000143051147,0.6147000193595886,0.6087999939918518,0.6147000193595886,6847,0.0,0.0
2024-09-23 12:15:00-04:00,0.6141999959945679,0.6141999959945679,0.6141999959945679,0.6141999959945679,0,0.0,0.0
2024-09-23 13:55:00-04:00,0.6134999990463257,0.6134999990463257,0.6134999990463257,0.6134999990463257,30704,0.0,0.0
2024-09-23 14:20:00-04:00,0.5802000164985657,0.5802000164985657,0.5802000164985657,0.5802000164985657,0,0.0,0.0
2024-09-23 14:30:00-04:00,0.5967000126838684,0.5967000126838684,0.5799999833106995,0.5799999833106995,10403,0.0,0.0
2024-09-23 15:05:00-04:00,0.5965999960899353,0.5965999960899353,0.5965999960899353,0.5965999960899353,0,0.0,0.0
2024-09-23 15:25:00-04:00,0.5799999833106995,0.5799999833106995,0.5799999833106995,0.5799999833106995,41117,0.0,0.0
2024-09-23 15:55:00-04:00,0.5916000008583069,0.5957000255584717,0.5916000008583069,0.5957000255584717,887,0.0,0.0
2024-09-24 09:30:00-04:00,0.47029998898506165,0.6098999977111816,0.47029998898506165,0.5454000234603882,8809,0.0,0.0
2024-09-24 09:55:00-04:00,0.5300999879837036,0.5748000144958496,0.5300999879837036,0.5748000144958496,13132,0.0,0.0
2024-09-24 10:00:00-04:00,0.5748000144958496,0.5748000144958496,0.5748000144958496,0.5748000144958496,0,0.0,0.0
2024-09-24 10:25:00-04:00,0.6126999855041504,0.6126999855041504,0.6126999855041504,0.6126999855041504,391,0.0,0.0
2024-09-24 10:45:00-04:00,0.6194000244140625,0.6194000244140625,0.6194000244140625,0.6194000244140625,0,0.0,0.0
2024-09-24 11:30:00-04:00,0.6193000078201294,0.6193000078201294,0.6193000078201294,0.6193000078201294,22752,0.0,0.0
2024-09-24 12:40:00-04:00,0.5759000182151794,0.5759000182151794,0.5759000182151794,0.5759000182151794,0,0.0,0.0
2024-09-24 14:30:00-04:00,0.5756000280380249,0.5756000280380249,0.5756000280380249,0.5756000280380249,24888,0.0,0.0
2024-09-24 15:00:00-04:00,0.5824000239372253,0.5824000239372253,0.5824000239372253,0.5824000239372253,392,0.0,0.0
2024-09-24 15:55:00-04:00,0.5663999915122986,0.5663999915122986,0.5663999915122986,0.5663999915122986,476,0.0,0.0
2024-09-25 09:35:00-04:00,0.6197999715805054,0.6197999715805054,0.6197999715805054,0.6197999715805054,155,0.0,0.0
2024-09-25 09:45:00-04:00,0.619700014591217,0.619700014591217,0.619700014591217,0.619700014591217,501,0.0,0.0
2024-09-25 10:05:00-04:00,0.5993000268936157,0.5993000268936157,0.5993000268936157,0.5993000268936157,360,0.0,0.0
2024-09-25 10:20:00-04:00,0.5012999773025513,0.5012999773025513,0.5012999773025513,0.5012999773025513,1008,0.0,0.0
2024-09-25 10:35:00-04:00,0.5590000152587891,0.6197999715805054,0.5590000152587891,0.6197999715805054,17749,0.0,0.0
2024-09-25 10:40:00-04:00,0.5139999985694885,0.5410000085830688,0.5001000165939331,0.5001000165939331,20358,0.0,0.0
2024-09-25 12:30:00-04:00,0.5741000175476074,0.5799999833106995,0.5741000175476074,0.5799999833106995,474,0.0,0.0
2024-09-25 12:35:00-04:00,0.5979999899864197,0.5979999899864197,0.5501999855041504,0.5501999855041504,1313,0.0,0.0
2024-09-25 12:45:00-04:00,0.5503000020980835,0.5503000020980835,0.5503000020980835,0.5503000020980835,362,0.0,0.0
2024-09-25 13:05:00-04:00,0.5501000285148621,0.5501000285148621,0.5501000285148621,0.5501000285148621,605,0.0,0.0
2024-09-25 13:20:00-04:00,0.5501000285148621,0.5501000285148621,0.5501000285148621,0.5501000285148621,500,0.0,0.0
2024-09-25 13:30:00-04:00,0.5570999979972839,0.5781000256538391,0.553600013256073,0.5781000256538391,806,0.0,0.0
2024-09-25 13:40:00-04:00,0.5781999826431274,0.5781999826431274,0.5781999826431274,0.5781999826431274,1060,0.0,0.0
2024-09-25 15:00:00-04:00,0.5699999928474426,0.5699999928474426,0.5699999928474426,0.5699999928474426,2002,0.0,0.0
2024-09-25 15:05:00-04:00,0.5626999735832214,0.5626999735832214,0.5626999735832214,0.5626999735832214,0,0.0,0.0
2024-09-25 15:10:00-04:00,0.5619999766349792,0.5619999766349792,0.5619999766349792,0.5619999766349792,532,0.0,0.0
2024-09-25 15:15:00-04:00,0.5629000067710876,0.5629000067710876,0.5629000067710876,0.5629000067710876,461,0.0,0.0
2024-09-25 15:55:00-04:00,0.5694000124931335,0.5756999850273132,0.5630000233650208,0.5630000233650208,597,0.0,0.0
2024-09-26 10:45:00-04:00,0.5899999737739563,0.6097000241279602,0.5407000184059143,0.5407000184059143,54257,0.0,0.0
2024-09-26 11:05:00-04:00,0.5099999904632568,0.5210000276565552,0.5099999904632568,0.5210000276565552,1429,0.0,0.0
2024-09-26 12:15:00-04:00,0.5698999762535095,0.5699999928474426,0.5698999762535095,0.5699999928474426,241,0.0,0.0
2024-09-26 13:00:00-04:00,0.5300999879837036,0.5699999928474426,0.5300999879837036,0.5699999928474426,662,0.0,0.0
2024-09-26 13:30:00-04:00,0.5698000192642212,0.5698000192642212,0.5698000192642212,0.5698000192642212,100,0.0,0.0
2024-09-26 13:50:00-04:00,0.6093999743461609,0.6093999743461609,0.5690000057220459,0.609000027179718,961,0.0,0.0
2024-09-26 14:35:00-04:00,0.609000027179718,0.609000027179718,0.609000027179718,0.609000027179718,1079,0.0,0.0
2024-09-26 14:50:00-04:00,0.6089000105857849,0.6089000105857849,0.6089000105857849,0.6089000105857849,200,0.0,0.0
2024-09-26 14:55:00-04:00,0.569599986076355,0.569599986076355,0.569599986076355,0.569599986076355,430,0.0,0.0
2024-09-26 15:55:00-04:00,0.5799999833106995,0.5942999720573425,0.5799999833106995,0.5899999737739563,741,0.0,0.0
2024-09-27 09:30:00-04:00,0.6098999977111816,0.6098999977111816,0.6098999977111816,0.6098999977111816,266,0.0,0.0
2024-09-27 10:05:00-04:00,0.6097999811172485,0.6097999811172485,0.6097999811172485,0.6097999811172485,145,0.0,0.0
2024-09-27 10:55:00-04:00,0.5999000072479248,0.6097000241279602,0.5999000072479248,0.6097000241279602,992,0.0,0.0
2024-09-27 11:00:00-04:00,0.6097000241279602,0.6097000241279602,0.6097000241279602,0.6097000241279602,200,0.0,0.0
2024-09-27 11:05:00-04:00,0.6097000241279602,0.6097000241279602,0.6097000241279602,0.6097000241279602,512,0.0,0.0
2024-09-27 11:10:00-04:00,0.6097000241279602,0.6097000241279602,0.6097000241279602,0.6097000241279602,3421,0.0,0.0
2024-09-27 11:35:00-04:00,0.6098999977111816,0.6098999977111816,0.6098999977111816,0.6098999977111816,738,0.0,0.0
2024-09-27 11:40:00-04:00,0.6098999977111816,0.6098999977111816,0.6098999977111816,0.6098999977111816,1180,0.0,0.0
2024-09-27 11:45:00-04:00,0.6000000238418579,0.6000000238418579,0.6000000238418579,0.6000000238418579,3935,0.0,0.0
2024-09-27 12:00:00-04:00,0.6098999977111816,0.6098999977111816,0.6098999977111816,0.6098999977111816,536,0.0,0.0
2024-09-27 12:05:00-04:00,0.6098999977111816,0.6098999977111816,0.6003999710083008,0.6098999977111816,1208,0.0,0.0
2024-09-27 12:10:00-04:00,0.6098999977111816,0.6098999977111816,0.6098999977111816,0.6098999977111816,532,0.0,0.0
2024-09-27 12:30:00-04:00,0.6098999977111816,0.6098999977111816,0.6098999977111816,0.6098999977111816,1471,0.0,0.0
2024-09-27 12:40:00-04:00,0.6050000190734863,0.6050000190734863,0.6050000190734863,0.6050000190734863,700,0.0,0.0
2024-09-27 12:45:00-04:00,0.6100000143051147,0.6200000047683716,0.6100000143051147,0.6200000047683716,4527,0.0,0.0
2024-09-27 12:50:00-04:00,0.6200000047683716,0.6200000047683716,0.6200000047683716,0.6200000047683716,700,0.0,0.0
2024-09-27 12:55:00-04:00,0.6384000182151794,0.6384000182151794,0.6384000182151794,0.6384000182151794,2372,0.0,0.0
2024-09-27 13:10:00-04:00,0.629800021648407,0.629800021648407,0.6297000050544739,0.6297000050544739,1334,0.0,0.0
2024-09-27 13:20:00-04:00,0.6297000050544739,0.6297000050544739,0.6297000050544739,0.6297000050544739,983,0.0,0.0
2024-09-27 13:25:00-04:00,0.6003000140190125,0.6003000140190125,0.6003000140190125,0.6003000140190125,0,0.0,0.0
2024-09-27 13:30:00-04:00,0.604200005531311,0.6298999786376953,0.604200005531311,0.6298999786376953,7106,0.0,0.0
2024-09-27 13:40:00-04:00,0.6000000238418579,0.6000000238418579,0.5999000072479248,0.5999000072479248,9921,0.0,0.0
2024-09-27 13:55:00-04:00,0.5900999903678894,0.5900999903678894,0.5900999903678894,0.5900999903678894,2975,0.0,0.0
2024-09-27 14:10:00-04:00,0.5900999903678894,0.5900999903678894,0.5900999903678894,0.5900999903678894,2354,0.0,0.0
2024-09-27 14:20:00-04:00,0.5934000015258789,0.5934000015258789,0.5934000015258789,0.5934000015258789,0,0.0,0.0
2024-09-27 14:50:00-04:00,0.5900999903678894,0.5900999903678894,0.5900999903678894,0.5900999903678894,372,0.0,0.0
2024-09-27 15:45:00-04:00,0.5935999751091003,0.5935999751091003,0.5935999751091003,0.5935999751091003,1872,0.0,0.0
2024-09-27 15:50:00-04:00,0.5967000126838684,0.5967000126838684,0.5967000126838684,0.5967000126838684,720,0.0,0.0
