Datetime,Open,High,Low,Close,Volume,Dividends,Stock Splits
2024-07-11 09:00:00+09:00,1095.0,1100.0,1095.0,1100.0,0,0.0,0.0
2024-07-11 09:05:00+09:00,1095.0,1103.0,1095.0,1103.0,11446,0.0,0.0
2024-07-11 09:10:00+09:00,1102.0,1102.0,1100.0,1102.0,125,0.0,0.0
2024-07-11 09:15:00+09:00,1100.0,1100.0,1096.0,1096.0,948,0.0,0.0
2024-07-11 09:20:00+09:00,1097.0,1098.0,1097.0,1098.0,763,0.0,0.0
2024-07-11 09:25:00+09:00,1107.0,1107.0,1098.0,1098.0,2,0.0,0.0
2024-07-11 09:30:00+09:00,1098.0,1109.0,1098.0,1109.0,9,0.0,0.0
2024-07-11 09:35:00+09:00,1108.0,1109.0,1104.0,1104.0,1669,0.0,0.0
2024-07-11 09:55:00+09:00,1101.0,1101.0,1101.0,1101.0,42,0.0,0.0
2024-07-11 10:00:00+09:00,1101.0,1101.0,1101.0,1101.0,33,0.0,0.0
2024-07-11 10:20:00+09:00,1098.0,1098.0,1096.0,1096.0,2999,0.0,0.0
2024-07-11 10:25:00+09:00,1096.0,1096.0,1095.0,1095.0,1578,0.0,0.0
2024-07-11 10:30:00+09:00,1095.0,1095.0,1095.0,1095.0,975,0.0,0.0
2024-07-11 10:35:00+09:00,1098.0,1101.0,1098.0,1098.0,5959,0.0,0.0
2024-07-11 10:40:00+09:00,1098.0,1101.0,1098.0,1101.0,4,0.0,0.0
2024-07-11 10:50:00+09:00,1099.0,1099.0,1095.0,1095.0,997,0.0,0.0
2024-07-11 10:55:00+09:00,1095.0,1095.0,1095.0,1095.0,387,0.0,0.0
2024-07-11 11:00:00+09:00,1095.0,1095.0,1095.0,1095.0,1616,0.0,0.0
2024-07-11 11:10:00+09:00,1098.0,1100.0,1098.0,1100.0,292,0.0,0.0
2024-07-11 11:15:00+09:00,1100.0,1100.0,1100.0,1100.0,166,0.0,0.0
2024-07-11 11:20:00+09:00,1100.0,1100.0,1100.0,1100.0,0,0.0,0.0
2024-07-11 11:35:00+09:00,1100.0,1107.0,1100.0,1107.0,591,0.0,0.0
2024-07-11 11:40:00+09:00,1107.0,1108.0,1102.0,1108.0,463,0.0,0.0
2024-07-11 11:45:00+09:00,1108.0,1108.0,1102.0,1108.0,488,0.0,0.0
2024-07-11 11:50:00+09:00,1108.0,1109.0,1107.0,1107.0,97,0.0,0.0
2024-07-11 11:55:00+09:00,1107.0,1109.0,1107.0,1107.0,14,0.0,0.0
2024-07-11 12:35:00+09:00,1107.0,1107.0,1104.0,1107.0,2813,0.0,0.0
2024-07-11 12:50:00+09:00,1107.0,1109.0,1107.0,1108.0,26,0.0,0.0
2024-07-11 13:15:00+09:00,1107.0,1107.0,1107.0,1107.0,19,0.0,0.0
2024-07-11 13:50:00+09:00,1104.0,1104.0,1103.0,1103.0,615,0.0,0.0
2024-07-11 13:55:00+09:00,1103.0,1103.0,1103.0,1103.0,0,0.0,0.0
2024-07-11 14:00:00+09:00,1105.0,1105.0,1105.0,1105.0,157,0.0,0.0
2024-07-11 14:10:00+09:00,1105.0,1105.0,1105.0,1105.0,0,0.0,0.0
2024-07-11 14:25:00+09:00,1103.0,1103.0,1103.0,1103.0,193,0.0,0.0
2024-07-11 14:40:00+09:00,1103.0,1103.0,1103.0,1103.0,325,0.0,0.0
2024-07-12 09:00:00+09:00,1104.0,1104.0,1100.0,1100.0,127,0.0,0.0
2024-07-12 09:05:00+09:00,1100.0,1104.0,1100.0,1100.0,6,0.0,0.0
2024-07-12 09:10:00+09:00,1100.0,1104.0,1100.0,1100.0,122,0.0,0.0
2024-07-12 09:15:00+09:00,1100.0,1100.0,1100.0,1100.0,116,0.0,0.0
2024-07-12 09:20:00+09:00,1103.0,1115.0,1103.0,1111.0,304,0.0,0.0
2024-07-12 09:25:00+09:00,1106.0,1114.0,1105.0,1105.0,47,0.0,0.0
2024-07-12 09:40:00+09:00,1101.0,1103.0,1100.0,1101.0,4705,0.0,0.0
2024-07-12 09:50:00+09:00,1101.0,1101.0,1101.0,1101.0,1049,0.0,0.0
2024-07-12 09:55:00+09:00,1100.0,1103.0,1100.0,1103.0,0,0.0,0.0
2024-07-12 10:00:00+09:00,1101.0,1101.0,1097.0,1098.0,1214,0.0,0.0
2024-07-12 10:05:00+09:00,1099.0,1103.0,1099.0,1103.0,0,0.0,0.0
2024-07-12 10:20:00+09:00,1101.0,1101.0,1096.0,1096.0,1044,0.0,0.0
2024-07-12 10:25:00+09:00,1100.0,1102.0,1100.0,1102.0,1,0.0,0.0
2024-07-12 10:30:00+09:00,1100.0,1114.0,1100.0,1114.0,0,0.0,0.0
2024-07-12 10:35:00+09:00,1102.0,1102.0,1102.0,1102.0,1,0.0,0.0
2024-07-12 11:05:00+09:00,1101.0,1104.0,1101.0,1104.0,11,0.0,0.0
2024-07-12 11:15:00+09:00,1104.0,1104.0,1104.0,1104.0,96,0.0,0.0
2024-07-12 11:45:00+09:00,1106.0,1106.0,1106.0,1106.0,17,0.0,0.0
2024-07-12 11:55:00+09:00,1106.0,1107.0,1106.0,1107.0,121,0.0,0.0
2024-07-12 12:00:00+09:00,1107.0,1107.0,1107.0,1107.0,0,0.0,0.0
2024-07-12 12:05:00+09:00,1107.0,1108.0,1107.0,1108.0,432,0.0,0.0
2024-07-12 12:10:00+09:00,1108.0,1120.0,1108.0,1120.0,7195,0.0,0.0
2024-07-12 12:15:00+09:00,1112.0,1118.0,1112.0,1116.0,0,0.0,0.0
2024-07-12 12:20:00+09:00,1113.0,1113.0,1112.0,1112.0,1,0.0,0.0
2024-07-12 12:30:00+09:00,1112.0,1112.0,1112.0,1112.0,2,0.0,0.0
2024-07-12 13:00:00+09:00,1112.0,1112.0,1112.0,1112.0,3,0.0,0.0
2024-07-12 13:05:00+09:00,1112.0,1112.0,1112.0,1112.0,6,0.0,0.0
2024-07-12 13:10:00+09:00,1112.0,1112.0,1112.0,1112.0,0,0.0,0.0
2024-07-12 13:25:00+09:00,1110.0,1110.0,1110.0,1110.0,9,0.0,0.0
2024-07-12 13:30:00+09:00,1111.0,1111.0,1111.0,1111.0,0,0.0,0.0
2024-07-12 13:45:00+09:00,1110.0,1111.0,1110.0,1111.0,500,0.0,0.0
2024-07-12 13:55:00+09:00,1110.0,1110.0,1110.0,1110.0,1000,0.0,0.0
2024-07-12 14:10:00+09:00,1111.0,1111.0,1111.0,1111.0,0,0.0,0.0
2024-07-12 14:25:00+09:00,1111.0,1111.0,1111.0,1111.0,7,0.0,0.0
2024-07-12 14:30:00+09:00,1111.0,1111.0,1111.0,1111.0,13,0.0,0.0
2024-07-12 14:40:00+09:00,1110.0,1110.0,1110.0,1110.0,1,0.0,0.0
2024-07-12 14:55:00+09:00,1110.0,1111.0,1110.0,1111.0,1127,0.0,0.0
2024-07-15 09:00:00+09:00,1105.0,1110.0,1105.0,1106.0,0,0.0,0.0
2024-07-15 09:05:00+09:00,1106.0,1107.0,1102.0,1102.0,4447,0.0,0.0
2024-07-15 09:10:00+09:00,1103.0,1103.0,1099.0,1099.0,0,0.0,0.0
2024-07-15 09:15:00+09:00,1098.0,1098.0,1098.0,1098.0,40,0.0,0.0
2024-07-15 09:25:00+09:00,1098.0,1098.0,1098.0,1098.0,0,0.0,0.0
2024-07-15 09:30:00+09:00,1097.0,1097.0,1093.0,1097.0,855,0.0,0.0
2024-07-15 09:40:00+09:00,1095.0,1095.0,1095.0,1095.0,145,0.0,0.0
2024-07-15 09:45:00+09:00,1095.0,1095.0,1095.0,1095.0,9,0.0,0.0
2024-07-15 09:50:00+09:00,1095.0,1097.0,1095.0,1097.0,2404,0.0,0.0
2024-07-15 10:00:00+09:00,1096.0,1096.0,1095.0,1095.0,7837,0.0,0.0
2024-07-15 10:05:00+09:00,1097.0,1097.0,1097.0,1097.0,84,0.0,0.0
2024-07-15 10:10:00+09:00,1095.0,1095.0,1095.0,1095.0,58,0.0,0.0
2024-07-15 10:15:00+09:00,1097.0,1097.0,1097.0,1097.0,149,0.0,0.0
2024-07-15 10:20:00+09:00,1098.0,1101.0,1098.0,1101.0,148,0.0,0.0
2024-07-15 10:30:00+09:00,1100.0,1101.0,1100.0,1101.0,4,0.0,0.0
2024-07-15 10:35:00+09:00,1100.0,1101.0,1100.0,1101.0,3,0.0,0.0
2024-07-15 10:55:00+09:00,1099.0,1099.0,1099.0,1099.0,101,0.0,0.0
2024-07-15 11:05:00+09:00,1099.0,1099.0,1099.0,1099.0,191,0.0,0.0
2024-07-15 11:10:00+09:00,1099.0,1099.0,1094.0,1094.0,3482,0.0,0.0
2024-07-15 11:30:00+09:00,1094.0,1094.0,1094.0,1094.0,600,0.0,0.0
2024-07-15 11:45:00+09:00,1096.0,1096.0,1096.0,1096.0,0,0.0,0.0
2024-07-15 11:50:00+09:00,1096.0,1096.0,1096.0,1096.0,14,0.0,0.0
2024-07-15 11:55:00+09:00,1095.0,1095.0,1095.0,1095.0,29,0.0,0.0
2024-07-15 12:05:00+09:00,1096.0,1096.0,1096.0,1096.0,34,0.0,0.0
2024-07-15 12:10:00+09:00,1095.0,1095.0,1095.0,1095.0,1557,0.0,0.0
2024-07-15 12:55:00+09:00,1096.0,1096.0,1096.0,1096.0,221,0.0,0.0
2024-07-15 13:00:00+09:00,1096.0,1096.0,1096.0,1096.0,0,0.0,0.0
2024-07-15 13:15:00+09:00,1098.0,1100.0,1098.0,1100.0,2,0.0,0.0
2024-07-15 13:20:00+09:00,1100.0,1100.0,1100.0,1100.0,2,0.0,0.0
2024-07-15 13:35:00+09:00,1100.0,1100.0,1100.0,1100.0,453,0.0,0.0
2024-07-15 13:40:00+09:00,1100.0,1101.0,1100.0,1101.0,6151,0.0,0.0
2024-07-15 13:45:00+09:00,1101.0,1101.0,1101.0,1101.0,2,0.0,0.0
2024-07-15 14:00:00+09:00,1104.0,1104.0,1101.0,1101.0,8,0.0,0.0
2024-07-15 14:10:00+09:00,1103.0,1104.0,1103.0,1104.0,5,0.0,0.0
2024-07-15 14:15:00+09:00,1103.0,1103.0,1103.0,1103.0,14,0.0,0.0
2024-07-15 14:20:00+09:00,1103.0,1103.0,1103.0,1103.0,108,0.0,0.0
2024-07-15 14:30:00+09:00,1103.0,1103.0,1103.0,1103.0,907,0.0,0.0
2024-07-15 14:40:00+09:00,1104.0,1104.0,1104.0,1104.0,2,0.0,0.0
2024-07-15 14:50:00+09:00,1104.0,1113.0,1104.0,1113.0,858,0.0,0.0
2024-07-15 14:55:00+09:00,1113.0,1114.0,1105.0,1106.0,2876,0.0,0.0
2024-07-16 09:00:00+09:00,1110.0,1112.0,1110.0,1112.0,1322,0.0,0.0
2024-07-16 09:10:00+09:00,1111.0,1111.0,1107.0,1107.0,8,0.0,0.0
2024-07-16 09:15:00+09:00,1107.0,1107.0,1103.0,1106.0,5356,0.0,0.0
2024-07-16 09:20:00+09:00,1103.0,1103.0,1103.0,1103.0,4,0.0,0.0
2024-07-16 09:25:00+09:00,1104.0,1104.0,1104.0,1104.0,0,0.0,0.0
2024-07-16 09:30:00+09:00,1103.0,1103.0,1094.0,1096.0,5812,0.0,0.0
2024-07-16 09:35:00+09:00,1096.0,1096.0,1096.0,1096.0,500,0.0,0.0
2024-07-16 09:40:00+09:00,1097.0,1097.0,1096.0,1096.0,13,0.0,0.0
2024-07-16 09:45:00+09:00,1097.0,1097.0,1096.0,1096.0,1725,0.0,0.0
2024-07-16 09:50:00+09:00,1096.0,1096.0,1096.0,1096.0,0,0.0,0.0
2024-07-16 09:55:00+09:00,1097.0,1097.0,1097.0,1097.0,6366,0.0,0.0
2024-07-16 10:05:00+09:00,1096.0,1096.0,1096.0,1096.0,138,0.0,0.0
2024-07-16 10:10:00+09:00,1097.0,1104.0,1097.0,1104.0,956,0.0,0.0
2024-07-16 10:20:00+09:00,1098.0,1098.0,1098.0,1098.0,1,0.0,0.0
2024-07-16 10:25:00+09:00,1098.0,1103.0,1098.0,1103.0,7,0.0,0.0
2024-07-16 10:35:00+09:00,1098.0,1104.0,1097.0,1097.0,5,0.0,0.0
2024-07-16 11:00:00+09:00,1097.0,1097.0,1097.0,1097.0,299,0.0,0.0
2024-07-16 11:05:00+09:00,1098.0,1098.0,1098.0,1098.0,0,0.0,0.0
2024-07-16 11:15:00+09:00,1098.0,1101.0,1098.0,1101.0,4442,0.0,0.0
2024-07-16 12:15:00+09:00,1100.0,1100.0,1096.0,1096.0,59,0.0,0.0
2024-07-16 12:20:00+09:00,1099.0,1101.0,1099.0,1101.0,3,0.0,0.0
2024-07-16 12:55:00+09:00,1100.0,1102.0,1100.0,1100.0,32,0.0,0.0
2024-07-16 13:20:00+09:00,1100.0,1100.0,1100.0,1100.0,1,0.0,0.0
2024-07-16 13:35:00+09:00,1099.0,1112.0,1099.0,1112.0,1511,0.0,0.0
2024-07-16 13:40:00+09:00,1112.0,1112.0,1106.0,1108.0,404,0.0,0.0
2024-07-16 13:45:00+09:00,1108.0,1118.0,1108.0,1118.0,2177,0.0,0.0
2024-07-16 13:50:00+09:00,1115.0,1126.0,1115.0,1124.0,4125,0.0,0.0
2024-07-16 13:55:00+09:00,1123.0,1124.0,1118.0,1118.0,3221,0.0,0.0
2024-07-16 14:00:00+09:00,1116.0,1118.0,1116.0,1118.0,0,0.0,0.0
2024-07-16 14:05:00+09:00,1117.0,1117.0,1116.0,1117.0,0,0.0,0.0
2024-07-16 14:15:00+09:00,1117.0,1118.0,1117.0,1117.0,46,0.0,0.0
2024-07-16 14:20:00+09:00,1118.0,1118.0,1118.0,1118.0,2,0.0,0.0
2024-07-16 14:30:00+09:00,1118.0,1127.0,1118.0,1124.0,6029,0.0,0.0
2024-07-16 14:35:00+09:00,1123.0,1125.0,1122.0,1124.0,268,0.0,0.0
2024-07-16 14:40:00+09:00,1122.0,1124.0,1122.0,1122.0,11,0.0,0.0
2024-07-16 14:45:00+09:00,1121.0,1123.0,1121.0,1123.0,699,0.0,0.0
2024-07-17 09:00:00+09:00,1112.0,1115.0,1110.0,1115.0,302,0.0,0.0
2024-07-17 09:05:00+09:00,1115.0,1115.0,1113.0,1113.0,178,0.0,0.0
2024-07-17 09:10:00+09:00,1119.0,1119.0,1119.0,1119.0,10,0.0,0.0
2024-07-17 09:15:00+09:00,1116.0,1119.0,1114.0,1119.0,21,0.0,0.0
2024-07-17 09:20:00+09:00,1118.0,1120.0,1118.0,1120.0,83,0.0,0.0
2024-07-17 09:30:00+09:00,1120.0,1129.0,1120.0,1124.0,171,0.0,0.0
2024-07-17 09:35:00+09:00,1122.0,1124.0,1122.0,1122.0,20,0.0,0.0
2024-07-17 09:40:00+09:00,1121.0,1123.0,1120.0,1123.0,117,0.0,0.0
2024-07-17 09:45:00+09:00,1122.0,1124.0,1122.0,1124.0,73,0.0,0.0
2024-07-17 09:50:00+09:00,1123.0,1123.0,1123.0,1123.0,1180,0.0,0.0
2024-07-17 09:55:00+09:00,1123.0,1124.0,1122.0,1123.0,22,0.0,0.0
2024-07-17 10:00:00+09:00,1123.0,1123.0,1123.0,1123.0,0,0.0,0.0
2024-07-17 10:05:00+09:00,1122.0,1122.0,1122.0,1122.0,47,0.0,0.0
2024-07-17 10:10:00+09:00,1120.0,1120.0,1118.0,1118.0,7994,0.0,0.0
2024-07-17 10:15:00+09:00,1119.0,1119.0,1118.0,1118.0,0,0.0,0.0
2024-07-17 10:20:00+09:00,1121.0,1121.0,1121.0,1121.0,2,0.0,0.0
2024-07-17 10:25:00+09:00,1119.0,1119.0,1119.0,1119.0,4,0.0,0.0
2024-07-17 10:30:00+09:00,1119.0,1119.0,1119.0,1119.0,179,0.0,0.0
2024-07-17 10:35:00+09:00,1119.0,1119.0,1119.0,1119.0,42,0.0,0.0
2024-07-17 10:45:00+09:00,1119.0,1119.0,1118.0,1118.0,1623,0.0,0.0
2024-07-17 10:50:00+09:00,1119.0,1119.0,1119.0,1119.0,20,0.0,0.0
2024-07-17 10:55:00+09:00,1119.0,1119.0,1119.0,1119.0,210,0.0,0.0
2024-07-17 11:05:00+09:00,1119.0,1119.0,1119.0,1119.0,1,0.0,0.0
2024-07-17 11:10:00+09:00,1118.0,1118.0,1118.0,1118.0,156,0.0,0.0
2024-07-17 11:15:00+09:00,1118.0,1118.0,1118.0,1118.0,125,0.0,0.0
2024-07-17 11:20:00+09:00,1119.0,1119.0,1119.0,1119.0,138,0.0,0.0
2024-07-17 12:00:00+09:00,1119.0,1119.0,1119.0,1119.0,0,0.0,0.0
2024-07-17 12:20:00+09:00,1118.0,1118.0,1118.0,1118.0,3875,0.0,0.0
2024-07-17 12:25:00+09:00,1118.0,1118.0,1117.0,1117.0,0,0.0,0.0
2024-07-17 12:40:00+09:00,1117.0,1117.0,1117.0,1117.0,31,0.0,0.0
2024-07-17 13:05:00+09:00,1117.0,1117.0,1117.0,1117.0,99,0.0,0.0
2024-07-17 13:20:00+09:00,1117.0,1117.0,1117.0,1117.0,50,0.0,0.0
2024-07-17 13:45:00+09:00,1117.0,1118.0,1117.0,1118.0,5,0.0,0.0
2024-07-17 13:50:00+09:00,1117.0,1117.0,1117.0,1117.0,13,0.0,0.0
2024-07-17 14:05:00+09:00,1117.0,1117.0,1117.0,1117.0,2,0.0,0.0
2024-07-17 14:15:00+09:00,1117.0,1117.0,1117.0,1117.0,893,0.0,0.0
2024-07-17 14:30:00+09:00,1116.0,1118.0,1116.0,1118.0,198,0.0,0.0
2024-07-17 14:55:00+09:00,1116.0,1116.0,1115.0,1115.0,2,0.0,0.0
2024-07-18 09:00:00+09:00,1118.0,1119.0,1105.0,1105.0,3101,0.0,0.0
2024-07-18 09:05:00+09:00,1112.0,1112.0,1112.0,1112.0,4,0.0,0.0
2024-07-18 09:10:00+09:00,1105.0,1105.0,1105.0,1105.0,847,0.0,0.0
2024-07-18 09:15:00+09:00,1105.0,1105.0,1104.0,1104.0,0,0.0,0.0
2024-07-18 09:20:00+09:00,1104.0,1104.0,1104.0,1104.0,800,0.0,0.0
2024-07-18 09:25:00+09:00,1105.0,1110.0,1105.0,1110.0,0,0.0,0.0
2024-07-18 09:30:00+09:00,1110.0,1110.0,1106.0,1109.0,188,0.0,0.0
2024-07-18 09:35:00+09:00,1105.0,1105.0,1103.0,1103.0,298,0.0,0.0
2024-07-18 09:40:00+09:00,1104.0,1109.0,1104.0,1107.0,452,0.0,0.0
2024-07-18 09:45:00+09:00,1107.0,1107.0,1103.0,1106.0,11,0.0,0.0
2024-07-18 09:50:00+09:00,1106.0,1106.0,1106.0,1106.0,11,0.0,0.0
2024-07-18 09:55:00+09:00,1106.0,1107.0,1106.0,1107.0,48,0.0,0.0
2024-07-18 10:00:00+09:00,1106.0,1107.0,1104.0,1107.0,504,0.0,0.0
2024-07-18 10:10:00+09:00,1105.0,1105.0,1105.0,1105.0,5,0.0,0.0
2024-07-18 10:20:00+09:00,1104.0,1104.0,1101.0,1101.0,1557,0.0,0.0
2024-07-18 10:25:00+09:00,1100.0,1101.0,1098.0,1101.0,1043,0.0,0.0
2024-07-18 10:30:00+09:00,1101.0,1106.0,1101.0,1102.0,18,0.0,0.0
2024-07-18 10:35:00+09:00,1102.0,1106.0,1102.0,1106.0,5,0.0,0.0
2024-07-18 10:40:00+09:00,1101.0,1101.0,1101.0,1101.0,658,0.0,0.0
2024-07-18 11:00:00+09:00,1101.0,1101.0,1101.0,1101.0,162,0.0,0.0
2024-07-18 11:35:00+09:00,1101.0,1101.0,1101.0,1101.0,0,0.0,0.0
2024-07-18 11:50:00+09:00,1102.0,1102.0,1102.0,1102.0,0,0.0,0.0
2024-07-18 12:10:00+09:00,1104.0,1105.0,1104.0,1105.0,3,0.0,0.0
2024-07-18 12:25:00+09:00,1104.0,1104.0,1104.0,1104.0,1,0.0,0.0
2024-07-18 12:30:00+09:00,1104.0,1105.0,1102.0,1102.0,14,0.0,0.0
2024-07-18 12:45:00+09:00,1104.0,1105.0,1104.0,1105.0,386,0.0,0.0
2024-07-18 12:50:00+09:00,1102.0,1102.0,1102.0,1102.0,2,0.0,0.0
2024-07-18 12:55:00+09:00,1104.0,1104.0,1104.0,1104.0,1,0.0,0.0
2024-07-18 13:25:00+09:00,1104.0,1104.0,1104.0,1104.0,7,0.0,0.0
2024-07-18 13:40:00+09:00,1101.0,1101.0,1101.0,1101.0,401,0.0,0.0
2024-07-18 13:45:00+09:00,1102.0,1102.0,1102.0,1102.0,0,0.0,0.0
2024-07-18 13:55:00+09:00,1101.0,1101.0,1101.0,1101.0,91,0.0,0.0
2024-07-18 14:00:00+09:00,1102.0,1102.0,1102.0,1102.0,19,0.0,0.0
2024-07-18 14:15:00+09:00,1102.0,1102.0,1102.0,1102.0,22,0.0,0.0
2024-07-18 14:25:00+09:00,1102.0,1102.0,1102.0,1102.0,184,0.0,0.0
2024-07-18 14:40:00+09:00,1100.0,1101.0,1100.0,1101.0,0,0.0,0.0
2024-07-18 14:50:00+09:00,1101.0,1101.0,1101.0,1101.0,179,0.0,0.0
2024-07-18 14:55:00+09:00,1101.0,1101.0,1101.0,1101.0,0,0.0,0.0
2024-07-19 09:00:00+09:00,1100.0,1119.0,1100.0,1112.0,3604,0.0,0.0
2024-07-19 09:05:00+09:00,1109.0,1112.0,1109.0,1109.0,10,0.0,0.0
2024-07-19 09:10:00+09:00,1108.0,1115.0,1108.0,1108.0,204,0.0,0.0
2024-07-19 09:15:00+09:00,1108.0,1108.0,1107.0,1107.0,27,0.0,0.0
2024-07-19 09:20:00+09:00,1106.0,1107.0,1105.0,1107.0,29,0.0,0.0
2024-07-19 09:30:00+09:00,1108.0,1110.0,1108.0,1110.0,103,0.0,0.0
2024-07-19 09:35:00+09:00,1110.0,1114.0,1110.0,1113.0,64,0.0,0.0
2024-07-19 09:40:00+09:00,1113.0,1115.0,1113.0,1115.0,3267,0.0,0.0
2024-07-19 09:45:00+09:00,1115.0,1121.0,1115.0,1120.0,2358,0.0,0.0
2024-07-19 09:50:00+09:00,1120.0,1125.0,1120.0,1124.0,3167,0.0,0.0
2024-07-19 09:55:00+09:00,1124.0,1124.0,1118.0,1120.0,704,0.0,0.0
2024-07-19 10:00:00+09:00,1119.0,1121.0,1112.0,1114.0,2210,0.0,0.0
2024-07-19 10:05:00+09:00,1113.0,1114.0,1105.0,1106.0,1324,0.0,0.0
2024-07-19 10:10:00+09:00,1109.0,1114.0,1109.0,1110.0,44,0.0,0.0
2024-07-19 10:15:00+09:00,1111.0,1111.0,1111.0,1111.0,2,0.0,0.0
2024-07-19 10:35:00+09:00,1110.0,1110.0,1108.0,1110.0,935,0.0,0.0
2024-07-19 10:50:00+09:00,1109.0,1109.0,1109.0,1109.0,2,0.0,0.0
2024-07-19 11:20:00+09:00,1108.0,1108.0,1108.0,1108.0,3,0.0,0.0
2024-07-19 11:25:00+09:00,1108.0,1108.0,1108.0,1108.0,338,0.0,0.0
2024-07-19 11:40:00+09:00,1106.0,1106.0,1106.0,1106.0,0,0.0,0.0
2024-07-19 11:55:00+09:00,1105.0,1105.0,1105.0,1105.0,256,0.0,0.0
2024-07-19 12:00:00+09:00,1104.0,1104.0,1100.0,1100.0,12465,0.0,0.0
2024-07-19 12:15:00+09:00,1100.0,1101.0,1100.0,1101.0,71,0.0,0.0
2024-07-19 12:25:00+09:00,1100.0,1100.0,1100.0,1100.0,11,0.0,0.0
2024-07-19 12:35:00+09:00,1099.0,1099.0,1095.0,1095.0,1323,0.0,0.0
2024-07-19 12:40:00+09:00,1095.0,1095.0,1090.0,1090.0,696,0.0,0.0
2024-07-19 12:45:00+09:00,1092.0,1092.0,1090.0,1090.0,650,0.0,0.0
2024-07-19 12:50:00+09:00,1092.0,1092.0,1092.0,1092.0,6,0.0,0.0
2024-07-19 13:10:00+09:00,1094.0,1095.0,1094.0,1095.0,1098,0.0,0.0
2024-07-19 13:20:00+09:00,1097.0,1098.0,1097.0,1098.0,0,0.0,0.0
2024-07-19 13:30:00+09:00,1096.0,1096.0,1096.0,1096.0,50,0.0,0.0
2024-07-19 13:40:00+09:00,1096.0,1096.0,1096.0,1096.0,371,0.0,0.0
2024-07-19 13:45:00+09:00,1096.0,1099.0,1095.0,1095.0,12765,0.0,0.0
2024-07-19 13:50:00+09:00,1095.0,1095.0,1095.0,1095.0,2,0.0,0.0
2024-07-19 13:55:00+09:00,1093.0,1095.0,1092.0,1095.0,81,0.0,0.0
2024-07-19 14:10:00+09:00,1095.0,1095.0,1095.0,1095.0,2957,0.0,0.0
2024-07-19 14:20:00+09:00,1095.0,1095.0,1095.0,1095.0,2374,0.0,0.0
2024-07-19 14:25:00+09:00,1095.0,1095.0,1095.0,1095.0,0,0.0,0.0
2024-07-19 14:30:00+09:00,1095.0,1095.0,1095.0,1095.0,35,0.0,0.0
2024-07-19 14:35:00+09:00,1096.0,1096.0,1095.0,1095.0,6,0.0,0.0
2024-07-19 14:45:00+09:00,1095.0,1095.0,1095.0,1095.0,2,0.0,0.0
2024-07-19 14:50:00+09:00,1095.0,1095.0,1095.0,1095.0,2210,0.0,0.0
2024-07-19 14:55:00+09:00,1097.0,1097.0,1097.0,1097.0,0,0.0,0.0
2024-07-22 09:00:00+09:00,1103.0,1121.0,1102.0,1102.0,0,0.0,0.0
2024-07-22 09:05:00+09:00,1110.0,1110.0,1110.0,1110.0,595,0.0,0.0
2024-07-22 09:10:00+09:00,1110.0,1114.0,1110.0,1114.0,428,0.0,0.0
2024-07-22 09:15:00+09:00,1115.0,1115.0,1112.0,1112.0,0,0.0,0.0
2024-07-22 09:20:00+09:00,1112.0,1112.0,1107.0,1108.0,1962,0.0,0.0
2024-07-22 09:25:00+09:00,1108.0,1110.0,1108.0,1109.0,623,0.0,0.0
2024-07-22 09:30:00+09:00,1109.0,1110.0,1109.0,1109.0,3865,0.0,0.0
2024-07-22 09:35:00+09:00,1108.0,1108.0,1103.0,1103.0,453,0.0,0.0
2024-07-22 09:45:00+09:00,1106.0,1106.0,1106.0,1106.0,180,0.0,0.0
2024-07-22 09:50:00+09:00,1106.0,1107.0,1104.0,1104.0,769,0.0,0.0
2024-07-22 09:55:00+09:00,1104.0,1104.0,1102.0,1102.0,1158,0.0,0.0
2024-07-22 10:00:00+09:00,1106.0,1106.0,1106.0,1106.0,2,0.0,0.0
2024-07-22 10:05:00+09:00,1106.0,1110.0,1105.0,1110.0,3064,0.0,0.0
2024-07-22 10:10:00+09:00,1110.0,1110.0,1110.0,1110.0,281,0.0,0.0
2024-07-22 10:15:00+09:00,1109.0,1110.0,1109.0,1110.0,0,0.0,0.0
2024-07-22 10:25:00+09:00,1109.0,1110.0,1109.0,1110.0,27,0.0,0.0
2024-07-22 10:40:00+09:00,1110.0,1110.0,1106.0,1107.0,1194,0.0,0.0
2024-07-22 10:45:00+09:00,1106.0,1106.0,1102.0,1102.0,1129,0.0,0.0
2024-07-22 10:55:00+09:00,1102.0,1102.0,1100.0,1100.0,1613,0.0,0.0
2024-07-22 11:00:00+09:00,1100.0,1100.0,1100.0,1100.0,0,0.0,0.0
2024-07-22 11:05:00+09:00,1100.0,1100.0,1100.0,1100.0,182,0.0,0.0
2024-07-22 11:15:00+09:00,1099.0,1100.0,1099.0,1100.0,0,0.0,0.0
2024-07-22 11:20:00+09:00,1099.0,1099.0,1099.0,1099.0,14,0.0,0.0
2024-07-22 11:25:00+09:00,1098.0,1098.0,1094.0,1094.0,1047,0.0,0.0
2024-07-22 11:30:00+09:00,1094.0,1095.0,1094.0,1095.0,35,0.0,0.0
2024-07-22 11:35:00+09:00,1095.0,1095.0,1095.0,1095.0,6,0.0,0.0
2024-07-22 11:40:00+09:00,1095.0,1095.0,1095.0,1095.0,3,0.0,0.0
2024-07-22 11:45:00+09:00,1096.0,1099.0,1096.0,1099.0,1,0.0,0.0
2024-07-22 11:50:00+09:00,1096.0,1096.0,1096.0,1096.0,5,0.0,0.0
2024-07-22 11:55:00+09:00,1096.0,1099.0,1096.0,1099.0,1,0.0,0.0
2024-07-22 12:05:00+09:00,1096.0,1096.0,1096.0,1096.0,3,0.0,0.0
2024-07-22 12:15:00+09:00,1096.0,1096.0,1096.0,1096.0,0,0.0,0.0
2024-07-22 12:20:00+09:00,1096.0,1096.0,1096.0,1096.0,2,0.0,0.0
2024-07-22 12:45:00+09:00,1096.0,1099.0,1096.0,1099.0,4,0.0,0.0
2024-07-22 12:50:00+09:00,1095.0,1095.0,1095.0,1095.0,5,0.0,0.0
2024-07-22 13:00:00+09:00,1096.0,1099.0,1096.0,1099.0,6,0.0,0.0
2024-07-22 13:05:00+09:00,1096.0,1097.0,1096.0,1096.0,1026,0.0,0.0
2024-07-22 13:10:00+09:00,1096.0,1096.0,1096.0,1096.0,1,0.0,0.0
2024-07-22 13:15:00+09:00,1097.0,1099.0,1097.0,1099.0,6,0.0,0.0
2024-07-22 13:20:00+09:00,1097.0,1097.0,1097.0,1097.0,1,0.0,0.0
2024-07-22 13:30:00+09:00,1098.0,1101.0,1098.0,1101.0,994,0.0,0.0
2024-07-22 13:40:00+09:00,1100.0,1103.0,1100.0,1103.0,1669,0.0,0.0
2024-07-22 13:45:00+09:00,1100.0,1102.0,1099.0,1099.0,0,0.0,0.0
2024-07-22 13:55:00+09:00,1100.0,1100.0,1100.0,1100.0,44,0.0,0.0
2024-07-22 14:05:00+09:00,1099.0,1099.0,1096.0,1096.0,660,0.0,0.0
2024-07-22 14:10:00+09:00,1097.0,1097.0,1097.0,1097.0,0,0.0,0.0
2024-07-22 14:35:00+09:00,1096.0,1096.0,1095.0,1095.0,657,0.0,0.0
2024-07-22 14:45:00+09:00,1095.0,1097.0,1095.0,1096.0,0,0.0,0.0
2024-07-22 14:50:00+09:00,1096.0,1102.0,1096.0,1102.0,1723,0.0,0.0
2024-07-22 14:55:00+09:00,1098.0,1098.0,1098.0,1098.0,32,0.0,0.0
2024-07-23 09:00:00+09:00,1100.0,1108.0,1100.0,1108.0,1840,0.0,0.0
2024-07-23 09:10:00+09:00,1108.0,1119.0,1108.0,1119.0,61,0.0,0.0
2024-07-23 09:15:00+09:00,1115.0,1115.0,1110.0,1110.0,5,0.0,0.0
2024-07-23 09:20:00+09:00,1115.0,1115.0,1115.0,1115.0,1,0.0,0.0
2024-07-23 09:30:00+09:00,1109.0,1109.0,1108.0,1108.0,9,0.0,0.0
2024-07-23 09:45:00+09:00,1107.0,1107.0,1106.0,1106.0,5,0.0,0.0
2024-07-23 09:50:00+09:00,1105.0,1105.0,1105.0,1105.0,0,0.0,0.0
2024-07-23 09:55:00+09:00,1104.0,1104.0,1104.0,1104.0,14,0.0,0.0
2024-07-23 10:00:00+09:00,1104.0,1106.0,1100.0,1103.0,1388,0.0,0.0
2024-07-23 10:10:00+09:00,1102.0,1102.0,1101.0,1101.0,4,0.0,0.0
2024-07-23 10:15:00+09:00,1101.0,1101.0,1100.0,1100.0,20,0.0,0.0
2024-07-23 10:20:00+09:00,1100.0,1101.0,1100.0,1101.0,24,0.0,0.0
2024-07-23 10:25:00+09:00,1100.0,1100.0,1100.0,1100.0,17,0.0,0.0
2024-07-23 10:30:00+09:00,1100.0,1103.0,1100.0,1103.0,317,0.0,0.0
2024-07-23 10:35:00+09:00,1100.0,1106.0,1100.0,1102.0,19,0.0,0.0
2024-07-23 10:40:00+09:00,1104.0,1104.0,1100.0,1100.0,1013,0.0,0.0
2024-07-23 10:45:00+09:00,1105.0,1105.0,1099.0,1099.0,9,0.0,0.0
2024-07-23 10:50:00+09:00,1098.0,1098.0,1097.0,1097.0,54,0.0,0.0
2024-07-23 10:55:00+09:00,1097.0,1097.0,1097.0,1097.0,14,0.0,0.0
2024-07-23 11:10:00+09:00,1096.0,1096.0,1094.0,1094.0,0,0.0,0.0
2024-07-23 11:15:00+09:00,1094.0,1094.0,1094.0,1094.0,2,0.0,0.0
2024-07-23 11:25:00+09:00,1094.0,1094.0,1094.0,1094.0,20,0.0,0.0
2024-07-23 11:30:00+09:00,1094.0,1096.0,1094.0,1095.0,950,0.0,0.0
2024-07-23 11:35:00+09:00,1095.0,1095.0,1094.0,1094.0,115,0.0,0.0
2024-07-23 11:40:00+09:00,1094.0,1094.0,1094.0,1094.0,26,0.0,0.0
2024-07-23 12:00:00+09:00,1095.0,1095.0,1095.0,1095.0,10,0.0,0.0
2024-07-23 12:10:00+09:00,1095.0,1095.0,1095.0,1095.0,3,0.0,0.0
2024-07-23 12:20:00+09:00,1096.0,1096.0,1096.0,1096.0,1,0.0,0.0
2024-07-23 12:25:00+09:00,1095.0,1095.0,1094.0,1094.0,681,0.0,0.0
2024-07-23 12:30:00+09:00,1095.0,1095.0,1095.0,1095.0,0,0.0,0.0
2024-07-23 12:35:00+09:00,1095.0,1095.0,1095.0,1095.0,2,0.0,0.0
2024-07-23 12:45:00+09:00,1096.0,1099.0,1096.0,1099.0,3,0.0,0.0
2024-07-23 12:50:00+09:00,1096.0,1099.0,1096.0,1099.0,2,0.0,0.0
2024-07-23 13:05:00+09:00,1095.0,1096.0,1095.0,1096.0,4,0.0,0.0
2024-07-23 13:10:00+09:00,1096.0,1096.0,1096.0,1096.0,2,0.0,0.0
2024-07-23 13:25:00+09:00,1096.0,1096.0,1096.0,1096.0,1,0.0,0.0
2024-07-23 13:30:00+09:00,1096.0,1096.0,1096.0,1096.0,5,0.0,0.0
2024-07-23 13:40:00+09:00,1096.0,1096.0,1096.0,1096.0,111,0.0,0.0
2024-07-23 13:55:00+09:00,1096.0,1097.0,1096.0,1096.0,0,0.0,0.0
2024-07-23 14:15:00+09:00,1096.0,1096.0,1096.0,1096.0,7,0.0,0.0
2024-07-23 14:20:00+09:00,1097.0,1097.0,1097.0,1097.0,113,0.0,0.0
2024-07-23 14:25:00+09:00,1096.0,1096.0,1096.0,1096.0,0,0.0,0.0
2024-07-23 14:40:00+09:00,1096.0,1096.0,1096.0,1096.0,3,0.0,0.0
2024-07-23 14:45:00+09:00,1096.0,1096.0,1095.0,1095.0,737,0.0,0.0
2024-07-23 14:50:00+09:00,1095.0,1095.0,1095.0,1095.0,23,0.0,0.0
2024-07-23 14:55:00+09:00,1095.0,1095.0,1095.0,1095.0,6,0.0,0.0
2024-07-24 09:00:00+09:00,1098.0,1100.0,1098.0,1100.0,97,0.0,0.0
2024-07-24 09:10:00+09:00,1098.0,1098.0,1098.0,1098.0,7,0.0,0.0
2024-07-24 09:20:00+09:00,1098.0,1098.0,1098.0,1098.0,3751,0.0,0.0
2024-07-24 09:25:00+09:00,1091.0,1093.0,1091.0,1092.0,31,0.0,0.0
2024-07-24 09:30:00+09:00,1092.0,1092.0,1092.0,1092.0,50,0.0,0.0
2024-07-24 09:35:00+09:00,1091.0,1100.0,1090.0,1099.0,575,0.0,0.0
2024-07-24 09:40:00+09:00,1099.0,1100.0,1094.0,1098.0,127,0.0,0.0
2024-07-24 09:55:00+09:00,1097.0,1105.0,1097.0,1104.0,243,0.0,0.0
2024-07-24 10:00:00+09:00,1108.0,1108.0,1103.0,1105.0,42,0.0,0.0
2024-07-24 10:05:00+09:00,1107.0,1110.0,1105.0,1107.0,471,0.0,0.0
2024-07-24 10:10:00+09:00,1105.0,1107.0,1105.0,1106.0,11,0.0,0.0
2024-07-24 10:15:00+09:00,1104.0,1104.0,1100.0,1100.0,645,0.0,0.0
2024-07-24 10:20:00+09:00,1097.0,1102.0,1097.0,1102.0,39,0.0,0.0
2024-07-24 10:30:00+09:00,1097.0,1099.0,1097.0,1099.0,0,0.0,0.0
2024-07-24 10:35:00+09:00,1097.0,1098.0,1097.0,1098.0,41,0.0,0.0
2024-07-24 10:45:00+09:00,1097.0,1097.0,1096.0,1096.0,4,0.0,0.0
2024-07-24 10:50:00+09:00,1094.0,1094.0,1094.0,1094.0,2,0.0,0.0
2024-07-24 11:00:00+09:00,1096.0,1096.0,1096.0,1096.0,39,0.0,0.0
2024-07-24 11:10:00+09:00,1096.0,1096.0,1096.0,1096.0,20,0.0,0.0
2024-07-24 11:25:00+09:00,1096.0,1096.0,1096.0,1096.0,20,0.0,0.0
2024-07-24 11:40:00+09:00,1096.0,1096.0,1096.0,1096.0,0,0.0,0.0
2024-07-24 11:45:00+09:00,1095.0,1095.0,1095.0,1095.0,3,0.0,0.0
2024-07-24 11:50:00+09:00,1094.0,1096.0,1094.0,1096.0,29,0.0,0.0
2024-07-24 12:05:00+09:00,1095.0,1096.0,1095.0,1096.0,1843,0.0,0.0
2024-07-24 12:15:00+09:00,1095.0,1096.0,1095.0,1096.0,0,0.0,0.0
2024-07-24 12:25:00+09:00,1096.0,1096.0,1096.0,1096.0,40,0.0,0.0
2024-07-24 12:30:00+09:00,1096.0,1096.0,1096.0,1096.0,20,0.0,0.0
2024-07-24 12:45:00+09:00,1096.0,1096.0,1096.0,1096.0,20,0.0,0.0
2024-07-24 12:50:00+09:00,1095.0,1095.0,1095.0,1095.0,120,0.0,0.0
2024-07-24 12:55:00+09:00,1096.0,1100.0,1095.0,1100.0,0,0.0,0.0
2024-07-24 13:00:00+09:00,1095.0,1095.0,1094.0,1094.0,0,0.0,0.0
2024-07-24 13:10:00+09:00,1094.0,1100.0,1092.0,1093.0,104,0.0,0.0
2024-07-24 13:15:00+09:00,1093.0,1100.0,1093.0,1093.0,39,0.0,0.0
2024-07-24 13:20:00+09:00,1093.0,1100.0,1093.0,1100.0,46,0.0,0.0
2024-07-24 13:25:00+09:00,1093.0,1100.0,1092.0,1100.0,90,0.0,0.0
2024-07-24 13:30:00+09:00,1094.0,1100.0,1094.0,1100.0,6,0.0,0.0
2024-07-24 13:35:00+09:00,1093.0,1100.0,1093.0,1093.0,76,0.0,0.0
2024-07-24 13:40:00+09:00,1093.0,1094.0,1093.0,1094.0,57,0.0,0.0
2024-07-24 13:45:00+09:00,1094.0,1094.0,1092.0,1092.0,193,0.0,0.0
2024-07-24 13:50:00+09:00,1093.0,1094.0,1093.0,1094.0,37,0.0,0.0
2024-07-24 14:00:00+09:00,1092.0,1096.0,1092.0,1096.0,1705,0.0,0.0
2024-07-24 14:05:00+09:00,1092.0,1092.0,1092.0,1092.0,86,0.0,0.0
2024-07-24 14:15:00+09:00,1092.0,1092.0,1092.0,1092.0,0,0.0,0.0
2024-07-24 14:25:00+09:00,1092.0,1095.0,1092.0,1092.0,16,0.0,0.0
2024-07-24 14:30:00+09:00,1093.0,1093.0,1092.0,1092.0,139,0.0,0.0
2024-07-24 14:35:00+09:00,1092.0,1098.0,1092.0,1098.0,6,0.0,0.0
2024-07-24 14:40:00+09:00,1095.0,1097.0,1093.0,1096.0,10,0.0,0.0
2024-07-24 14:45:00+09:00,1095.0,1095.0,1093.0,1093.0,5,0.0,0.0
2024-07-24 14:50:00+09:00,1092.0,1093.0,1092.0,1093.0,4,0.0,0.0
2024-07-24 14:55:00+09:00,1093.0,1097.0,1093.0,1097.0,2,0.0,0.0
2024-07-25 09:00:00+09:00,1089.0,1090.0,1081.0,1088.0,604,0.0,0.0
2024-07-25 09:05:00+09:00,1088.0,1088.0,1082.0,1082.0,2126,0.0,0.0
2024-07-25 09:10:00+09:00,1082.0,1084.0,1082.0,1084.0,0,0.0,0.0
2024-07-25 09:15:00+09:00,1082.0,1082.0,1082.0,1082.0,202,0.0,0.0
2024-07-25 09:20:00+09:00,1082.0,1098.0,1082.0,1084.0,424,0.0,0.0
2024-07-25 09:25:00+09:00,1083.0,1094.0,1080.0,1094.0,223,0.0,0.0
2024-07-25 09:30:00+09:00,1093.0,1093.0,1093.0,1093.0,1,0.0,0.0
2024-07-25 09:40:00+09:00,1082.0,1082.0,1082.0,1082.0,142,0.0,0.0
2024-07-25 09:45:00+09:00,1082.0,1082.0,1082.0,1082.0,0,0.0,0.0
2024-07-25 09:50:00+09:00,1082.0,1083.0,1082.0,1083.0,339,0.0,0.0
2024-07-25 09:55:00+09:00,1082.0,1082.0,1081.0,1082.0,407,0.0,0.0
2024-07-25 10:00:00+09:00,1082.0,1098.0,1080.0,1085.0,212,0.0,0.0
2024-07-25 10:05:00+09:00,1084.0,1084.0,1084.0,1084.0,4,0.0,0.0
2024-07-25 10:10:00+09:00,1083.0,1083.0,1082.0,1082.0,2,0.0,0.0
2024-07-25 10:15:00+09:00,1082.0,1082.0,1082.0,1082.0,4,0.0,0.0
2024-07-25 10:20:00+09:00,1081.0,1082.0,1081.0,1082.0,33,0.0,0.0
2024-07-25 10:25:00+09:00,1080.0,1093.0,1080.0,1093.0,2861,0.0,0.0
2024-07-25 10:30:00+09:00,1088.0,1092.0,1085.0,1092.0,8,0.0,0.0
2024-07-25 10:35:00+09:00,1091.0,1093.0,1091.0,1093.0,1502,0.0,0.0
2024-07-25 11:00:00+09:00,1086.0,1086.0,1086.0,1086.0,1,0.0,0.0
2024-07-25 11:05:00+09:00,1086.0,1093.0,1086.0,1093.0,4,0.0,0.0
2024-07-25 12:10:00+09:00,1086.0,1093.0,1086.0,1093.0,3,0.0,0.0
2024-07-25 12:15:00+09:00,1086.0,1093.0,1086.0,1093.0,14,0.0,0.0
2024-07-25 12:20:00+09:00,1086.0,1093.0,1086.0,1093.0,3,0.0,0.0
2024-07-25 12:25:00+09:00,1086.0,1094.0,1086.0,1094.0,699,0.0,0.0
2024-07-25 12:30:00+09:00,1094.0,1098.0,1094.0,1095.0,198,0.0,0.0
2024-07-25 12:45:00+09:00,1097.0,1097.0,1094.0,1094.0,807,0.0,0.0
2024-07-25 12:50:00+09:00,1093.0,1097.0,1093.0,1094.0,13,0.0,0.0
2024-07-25 12:55:00+09:00,1093.0,1093.0,1092.0,1092.0,4,0.0,0.0
2024-07-25 13:15:00+09:00,1092.0,1096.0,1092.0,1096.0,1437,0.0,0.0
2024-07-25 13:20:00+09:00,1096.0,1098.0,1096.0,1098.0,1497,0.0,0.0
2024-07-25 13:30:00+09:00,1097.0,1098.0,1097.0,1098.0,2228,0.0,0.0
2024-07-25 13:35:00+09:00,1098.0,1100.0,1098.0,1100.0,2006,0.0,0.0
2024-07-25 13:40:00+09:00,1099.0,1099.0,1099.0,1099.0,1,0.0,0.0
2024-07-25 13:45:00+09:00,1099.0,1099.0,1099.0,1099.0,108,0.0,0.0
2024-07-25 13:50:00+09:00,1099.0,1099.0,1099.0,1099.0,0,0.0,0.0
2024-07-25 13:55:00+09:00,1098.0,1098.0,1096.0,1096.0,2276,0.0,0.0
2024-07-25 14:05:00+09:00,1096.0,1098.0,1096.0,1098.0,7,0.0,0.0
2024-07-25 14:25:00+09:00,1096.0,1096.0,1096.0,1096.0,3,0.0,0.0
2024-07-25 14:35:00+09:00,1095.0,1095.0,1093.0,1093.0,508,0.0,0.0
2024-07-25 14:40:00+09:00,1092.0,1092.0,1091.0,1091.0,2,0.0,0.0
2024-07-25 14:45:00+09:00,1091.0,1092.0,1090.0,1090.0,17,0.0,0.0
2024-07-25 14:50:00+09:00,1090.0,1091.0,1090.0,1091.0,0,0.0,0.0
2024-07-25 14:55:00+09:00,1090.0,1090.0,1090.0,1090.0,3,0.0,0.0
2024-07-26 09:00:00+09:00,1084.0,1088.0,1084.0,1088.0,333,0.0,0.0
2024-07-26 09:05:00+09:00,1087.0,1088.0,1086.0,1087.0,12,0.0,0.0
2024-07-26 09:10:00+09:00,1088.0,1098.0,1087.0,1098.0,864,0.0,0.0
2024-07-26 09:15:00+09:00,1099.0,1106.0,1098.0,1104.0,855,0.0,0.0
2024-07-26 09:20:00+09:00,1098.0,1104.0,1097.0,1097.0,750,0.0,0.0
2024-07-26 09:25:00+09:00,1096.0,1096.0,1090.0,1090.0,9,0.0,0.0
2024-07-26 09:30:00+09:00,1089.0,1095.0,1089.0,1089.0,66,0.0,0.0
2024-07-26 09:35:00+09:00,1090.0,1102.0,1089.0,1101.0,299,0.0,0.0
2024-07-26 09:40:00+09:00,1101.0,1103.0,1101.0,1102.0,43,0.0,0.0
2024-07-26 09:45:00+09:00,1101.0,1101.0,1096.0,1097.0,1512,0.0,0.0
2024-07-26 09:50:00+09:00,1096.0,1096.0,1096.0,1096.0,4,0.0,0.0
2024-07-26 09:55:00+09:00,1096.0,1097.0,1096.0,1097.0,8,0.0,0.0
2024-07-26 10:00:00+09:00,1096.0,1097.0,1096.0,1097.0,2,0.0,0.0
2024-07-26 10:05:00+09:00,1097.0,1097.0,1097.0,1097.0,775,0.0,0.0
2024-07-26 10:10:00+09:00,1097.0,1098.0,1097.0,1098.0,0,0.0,0.0
2024-07-26 10:15:00+09:00,1097.0,1097.0,1097.0,1097.0,77,0.0,0.0
2024-07-26 10:20:00+09:00,1098.0,1098.0,1097.0,1097.0,2,0.0,0.0
2024-07-26 10:30:00+09:00,1096.0,1096.0,1092.0,1092.0,1195,0.0,0.0
2024-07-26 10:35:00+09:00,1091.0,1093.0,1091.0,1093.0,0,0.0,0.0
2024-07-26 10:40:00+09:00,1092.0,1092.0,1092.0,1092.0,2,0.0,0.0
2024-07-26 10:45:00+09:00,1093.0,1093.0,1093.0,1093.0,1,0.0,0.0
2024-07-26 10:55:00+09:00,1092.0,1092.0,1092.0,1092.0,47,0.0,0.0
2024-07-26 11:00:00+09:00,1093.0,1093.0,1093.0,1093.0,151,0.0,0.0
2024-07-26 11:15:00+09:00,1092.0,1093.0,1092.0,1092.0,1006,0.0,0.0
2024-07-26 11:20:00+09:00,1092.0,1092.0,1092.0,1092.0,470,0.0,0.0
2024-07-26 11:40:00+09:00,1092.0,1092.0,1092.0,1092.0,0,0.0,0.0
2024-07-26 11:50:00+09:00,1092.0,1092.0,1092.0,1092.0,19,0.0,0.0
2024-07-26 12:10:00+09:00,1092.0,1093.0,1092.0,1093.0,6,0.0,0.0
2024-07-26 12:30:00+09:00,1093.0,1093.0,1093.0,1093.0,46,0.0,0.0
2024-07-26 12:40:00+09:00,1092.0,1093.0,1092.0,1093.0,5457,0.0,0.0
2024-07-26 12:45:00+09:00,1092.0,1093.0,1092.0,1092.0,0,0.0,0.0
2024-07-26 12:50:00+09:00,1092.0,1092.0,1092.0,1092.0,127,0.0,0.0
2024-07-26 12:55:00+09:00,1092.0,1092.0,1092.0,1092.0,3,0.0,0.0
2024-07-26 13:00:00+09:00,1092.0,1092.0,1092.0,1092.0,94,0.0,0.0
2024-07-26 13:05:00+09:00,1092.0,1092.0,1092.0,1092.0,135,0.0,0.0
2024-07-26 13:15:00+09:00,1091.0,1092.0,1090.0,1090.0,14,0.0,0.0
2024-07-26 13:20:00+09:00,1090.0,1090.0,1089.0,1089.0,3,0.0,0.0
2024-07-26 13:45:00+09:00,1088.0,1088.0,1088.0,1088.0,1,0.0,0.0
2024-07-26 13:55:00+09:00,1088.0,1088.0,1088.0,1088.0,306,0.0,0.0
2024-07-26 14:20:00+09:00,1087.0,1087.0,1086.0,1086.0,0,0.0,0.0
2024-07-26 14:25:00+09:00,1087.0,1087.0,1087.0,1087.0,16,0.0,0.0
2024-07-26 14:30:00+09:00,1088.0,1088.0,1088.0,1088.0,777,0.0,0.0
2024-07-26 14:35:00+09:00,1088.0,1091.0,1088.0,1090.0,715,0.0,0.0
2024-07-26 14:40:00+09:00,1090.0,1090.0,1089.0,1089.0,975,0.0,0.0
2024-07-26 14:45:00+09:00,1089.0,1089.0,1089.0,1089.0,300,0.0,0.0
2024-07-26 14:50:00+09:00,1089.0,1089.0,1088.0,1088.0,240,0.0,0.0
2024-07-29 09:00:00+09:00,1093.0,1108.0,1093.0,1106.0,0,0.0,0.0
2024-07-29 09:05:00+09:00,1099.0,1104.0,1093.0,1093.0,73,0.0,0.0
2024-07-29 09:15:00+09:00,1094.0,1094.0,1094.0,1094.0,181,0.0,0.0
2024-07-29 09:20:00+09:00,1094.0,1094.0,1091.0,1091.0,149,0.0,0.0
2024-07-29 09:25:00+09:00,1091.0,1092.0,1091.0,1092.0,11,0.0,0.0
2024-07-29 09:30:00+09:00,1093.0,1093.0,1093.0,1093.0,1,0.0,0.0
2024-07-29 09:35:00+09:00,1092.0,1092.0,1088.0,1088.0,5647,0.0,0.0
2024-07-29 09:40:00+09:00,1090.0,1090.0,1088.0,1088.0,1029,0.0,0.0
2024-07-29 09:45:00+09:00,1090.0,1092.0,1090.0,1092.0,4,0.0,0.0
2024-07-29 09:55:00+09:00,1091.0,1091.0,1087.0,1091.0,2831,0.0,0.0
2024-07-29 10:00:00+09:00,1091.0,1092.0,1091.0,1092.0,2,0.0,0.0
2024-07-29 10:05:00+09:00,1090.0,1090.0,1090.0,1090.0,2,0.0,0.0
2024-07-29 10:10:00+09:00,1090.0,1090.0,1090.0,1090.0,351,0.0,0.0
2024-07-29 10:15:00+09:00,1090.0,1090.0,1090.0,1090.0,84,0.0,0.0
2024-07-29 10:20:00+09:00,1092.0,1093.0,1092.0,1093.0,74,0.0,0.0
2024-07-29 10:40:00+09:00,1093.0,1093.0,1093.0,1093.0,0,0.0,0.0
2024-07-29 10:45:00+09:00,1093.0,1094.0,1093.0,1094.0,808,0.0,0.0
2024-07-29 10:50:00+09:00,1093.0,1094.0,1093.0,1094.0,3,0.0,0.0
2024-07-29 11:10:00+09:00,1094.0,1094.0,1094.0,1094.0,4,0.0,0.0
2024-07-29 11:20:00+09:00,1094.0,1094.0,1094.0,1094.0,1,0.0,0.0
2024-07-29 11:25:00+09:00,1094.0,1094.0,1094.0,1094.0,14,0.0,0.0
2024-07-29 11:30:00+09:00,1093.0,1093.0,1093.0,1093.0,100,0.0,0.0
2024-07-29 11:40:00+09:00,1094.0,1094.0,1094.0,1094.0,20,0.0,0.0
2024-07-29 11:45:00+09:00,1093.0,1094.0,1093.0,1093.0,30,0.0,0.0
2024-07-29 11:50:00+09:00,1092.0,1092.0,1090.0,1090.0,77,0.0,0.0
2024-07-29 12:05:00+09:00,1092.0,1092.0,1092.0,1092.0,0,0.0,0.0
2024-07-29 12:15:00+09:00,1092.0,1092.0,1092.0,1092.0,55,0.0,0.0
2024-07-29 12:20:00+09:00,1092.0,1094.0,1092.0,1093.0,229,0.0,0.0
2024-07-29 12:25:00+09:00,1093.0,1093.0,1093.0,1093.0,38,0.0,0.0
2024-07-29 12:50:00+09:00,1091.0,1093.0,1091.0,1093.0,35,0.0,0.0
2024-07-29 13:05:00+09:00,1092.0,1093.0,1092.0,1093.0,14,0.0,0.0
2024-07-29 13:10:00+09:00,1094.0,1105.0,1094.0,1105.0,672,0.0,0.0
2024-07-29 13:15:00+09:00,1103.0,1103.0,1101.0,1101.0,123,0.0,0.0
2024-07-29 13:20:00+09:00,1101.0,1101.0,1100.0,1101.0,8,0.0,0.0
2024-07-29 13:25:00+09:00,1100.0,1101.0,1100.0,1101.0,7,0.0,0.0
2024-07-29 13:30:00+09:00,1100.0,1100.0,1100.0,1100.0,16,0.0,0.0
2024-07-29 13:40:00+09:00,1100.0,1100.0,1100.0,1100.0,18,0.0,0.0
2024-07-29 13:45:00+09:00,1099.0,1099.0,1096.0,1096.0,400,0.0,0.0
2024-07-29 13:50:00+09:00,1097.0,1099.0,1097.0,1099.0,2,0.0,0.0
2024-07-29 14:30:00+09:00,1097.0,1098.0,1097.0,1098.0,4,0.0,0.0
2024-07-29 14:45:00+09:00,1097.0,1099.0,1097.0,1099.0,121,0.0,0.0
2024-07-29 14:50:00+09:00,1097.0,1097.0,1097.0,1097.0,0,0.0,0.0
2024-07-29 14:55:00+09:00,1096.0,1097.0,1096.0,1097.0,122,0.0,0.0
2024-07-30 09:00:00+09:00,1100.0,1109.0,1100.0,1104.0,420,0.0,0.0
2024-07-30 09:05:00+09:00,1105.0,1105.0,1105.0,1105.0,1,0.0,0.0
2024-07-30 09:10:00+09:00,1104.0,1105.0,1102.0,1102.0,17,0.0,0.0
2024-07-30 09:15:00+09:00,1102.0,1103.0,1102.0,1103.0,99,0.0,0.0
2024-07-30 09:20:00+09:00,1101.0,1101.0,1101.0,1101.0,29,0.0,0.0
2024-07-30 09:25:00+09:00,1100.0,1100.0,1099.0,1099.0,0,0.0,0.0
2024-07-30 09:30:00+09:00,1098.0,1098.0,1097.0,1098.0,162,0.0,0.0
2024-07-30 09:50:00+09:00,1098.0,1098.0,1098.0,1098.0,12,0.0,0.0
2024-07-30 09:55:00+09:00,1099.0,1099.0,1099.0,1099.0,1,0.0,0.0
2024-07-30 10:00:00+09:00,1099.0,1099.0,1099.0,1099.0,22,0.0,0.0
2024-07-30 10:05:00+09:00,1100.0,1101.0,1100.0,1101.0,3,0.0,0.0
2024-07-30 10:20:00+09:00,1100.0,1100.0,1100.0,1100.0,22,0.0,0.0
2024-07-30 10:25:00+09:00,1099.0,1099.0,1098.0,1098.0,66,0.0,0.0
2024-07-30 10:40:00+09:00,1098.0,1098.0,1098.0,1098.0,0,0.0,0.0
2024-07-30 10:45:00+09:00,1098.0,1100.0,1097.0,1098.0,507,0.0,0.0
2024-07-30 11:00:00+09:00,1097.0,1097.0,1096.0,1096.0,427,0.0,0.0
2024-07-30 11:10:00+09:00,1095.0,1095.0,1095.0,1095.0,56,0.0,0.0
2024-07-30 11:25:00+09:00,1095.0,1095.0,1095.0,1095.0,0,0.0,0.0
2024-07-30 11:30:00+09:00,1096.0,1100.0,1096.0,1096.0,2717,0.0,0.0
2024-07-30 11:45:00+09:00,1095.0,1099.0,1095.0,1099.0,85,0.0,0.0
2024-07-30 11:50:00+09:00,1096.0,1096.0,1096.0,1096.0,1,0.0,0.0
2024-07-30 12:00:00+09:00,1096.0,1096.0,1096.0,1096.0,35,0.0,0.0
2024-07-30 12:40:00+09:00,1096.0,1096.0,1096.0,1096.0,2,0.0,0.0
2024-07-30 12:50:00+09:00,1096.0,1099.0,1096.0,1096.0,45,0.0,0.0
2024-07-30 13:00:00+09:00,1097.0,1097.0,1095.0,1095.0,866,0.0,0.0
2024-07-30 13:05:00+09:00,1095.0,1095.0,1095.0,1095.0,36,0.0,0.0
2024-07-30 13:10:00+09:00,1096.0,1096.0,1096.0,1096.0,0,0.0,0.0
2024-07-30 13:20:00+09:00,1096.0,1097.0,1096.0,1097.0,21,0.0,0.0
2024-07-30 13:35:00+09:00,1097.0,1097.0,1097.0,1097.0,1,0.0,0.0
2024-07-30 14:15:00+09:00,1096.0,1096.0,1095.0,1095.0,529,0.0,0.0
2024-07-30 14:20:00+09:00,1095.0,1096.0,1095.0,1096.0,0,0.0,0.0
2024-07-30 14:25:00+09:00,1094.0,1094.0,1094.0,1094.0,2,0.0,0.0
2024-07-30 14:30:00+09:00,1094.0,1096.0,1089.0,1094.0,1212,0.0,0.0
2024-07-30 14:35:00+09:00,1092.0,1092.0,1091.0,1091.0,2,0.0,0.0
2024-07-30 14:45:00+09:00,1090.0,1090.0,1089.0,1089.0,16,0.0,0.0
2024-07-30 14:50:00+09:00,1091.0,1091.0,1090.0,1090.0,33,0.0,0.0
2024-07-30 14:55:00+09:00,1091.0,1091.0,1091.0,1091.0,0,0.0,0.0
2024-07-31 09:00:00+09:00,1106.0,1110.0,1106.0,1110.0,296,0.0,0.0
2024-07-31 09:05:00+09:00,1105.0,1105.0,1096.0,1101.0,124,0.0,0.0
2024-07-31 09:15:00+09:00,1100.0,1101.0,1100.0,1101.0,4732,0.0,0.0
2024-07-31 09:25:00+09:00,1101.0,1101.0,1101.0,1101.0,0,0.0,0.0
2024-07-31 09:40:00+09:00,1100.0,1120.0,1100.0,1119.0,4590,0.0,0.0
2024-07-31 09:45:00+09:00,1119.0,1119.0,1119.0,1119.0,9,0.0,0.0
2024-07-31 09:55:00+09:00,1119.0,1121.0,1119.0,1119.0,11395,0.0,0.0
2024-07-31 10:00:00+09:00,1115.0,1118.0,1106.0,1117.0,1056,0.0,0.0
2024-07-31 10:05:00+09:00,1117.0,1117.0,1116.0,1117.0,9,0.0,0.0
2024-07-31 10:10:00+09:00,1117.0,1117.0,1117.0,1117.0,928,0.0,0.0
2024-07-31 10:15:00+09:00,1118.0,1118.0,1117.0,1117.0,1159,0.0,0.0
2024-07-31 10:20:00+09:00,1116.0,1118.0,1116.0,1118.0,89,0.0,0.0
2024-07-31 10:25:00+09:00,1118.0,1118.0,1116.0,1117.0,0,0.0,0.0
2024-07-31 10:30:00+09:00,1117.0,1118.0,1116.0,1116.0,3212,0.0,0.0
2024-07-31 10:35:00+09:00,1117.0,1118.0,1117.0,1118.0,1712,0.0,0.0
2024-07-31 10:40:00+09:00,1117.0,1118.0,1117.0,1117.0,133,0.0,0.0
2024-07-31 10:45:00+09:00,1118.0,1118.0,1116.0,1117.0,97,0.0,0.0
2024-07-31 10:50:00+09:00,1117.0,1117.0,1115.0,1115.0,467,0.0,0.0
2024-07-31 10:55:00+09:00,1116.0,1116.0,1115.0,1115.0,5,0.0,0.0
2024-07-31 11:05:00+09:00,1116.0,1116.0,1115.0,1115.0,9,0.0,0.0
2024-07-31 11:10:00+09:00,1116.0,1116.0,1115.0,1115.0,9,0.0,0.0
2024-07-31 11:15:00+09:00,1116.0,1117.0,1116.0,1117.0,86,0.0,0.0
2024-07-31 11:20:00+09:00,1117.0,1117.0,1117.0,1117.0,178,0.0,0.0
2024-07-31 11:25:00+09:00,1116.0,1117.0,1116.0,1117.0,277,0.0,0.0
2024-07-31 11:40:00+09:00,1117.0,1117.0,1117.0,1117.0,19,0.0,0.0
2024-07-31 11:45:00+09:00,1117.0,1117.0,1117.0,1117.0,2991,0.0,0.0
2024-07-31 12:00:00+09:00,1116.0,1116.0,1116.0,1116.0,2,0.0,0.0
2024-07-31 12:30:00+09:00,1115.0,1115.0,1110.0,1110.0,876,0.0,0.0
2024-07-31 12:35:00+09:00,1111.0,1112.0,1111.0,1111.0,31,0.0,0.0
2024-07-31 12:40:00+09:00,1111.0,1111.0,1111.0,1111.0,22,0.0,0.0
2024-07-31 13:00:00+09:00,1112.0,1112.0,1112.0,1112.0,5,0.0,0.0
2024-07-31 13:05:00+09:00,1112.0,1112.0,1112.0,1112.0,30,0.0,0.0
2024-07-31 13:10:00+09:00,1112.0,1114.0,1112.0,1114.0,274,0.0,0.0
2024-07-31 13:20:00+09:00,1115.0,1115.0,1111.0,1111.0,1267,0.0,0.0
2024-07-31 13:25:00+09:00,1111.0,1111.0,1111.0,1111.0,0,0.0,0.0
2024-07-31 13:30:00+09:00,1111.0,1111.0,1111.0,1111.0,1130,0.0,0.0
2024-07-31 13:45:00+09:00,1111.0,1113.0,1111.0,1113.0,0,0.0,0.0
2024-07-31 13:50:00+09:00,1113.0,1113.0,1111.0,1111.0,1133,0.0,0.0
2024-07-31 14:15:00+09:00,1113.0,1113.0,1113.0,1113.0,0,0.0,0.0
2024-07-31 14:20:00+09:00,1113.0,1113.0,1113.0,1113.0,89,0.0,0.0
2024-07-31 14:40:00+09:00,1115.0,1116.0,1115.0,1116.0,704,0.0,0.0
2024-07-31 14:45:00+09:00,1115.0,1116.0,1115.0,1116.0,1001,0.0,0.0
2024-08-01 09:00:00+09:00,1114.0,1120.0,1114.0,1120.0,323,0.0,0.0
2024-08-01 09:05:00+09:00,1118.0,1118.0,1117.0,1117.0,229,0.0,0.0
2024-08-01 09:10:00+09:00,1116.0,1116.0,1113.0,1113.0,305,0.0,0.0
2024-08-01 09:15:00+09:00,1114.0,1114.0,1109.0,1109.0,71,0.0,0.0
2024-08-01 09:20:00+09:00,1112.0,1112.0,1112.0,1112.0,104,0.0,0.0
2024-08-01 09:25:00+09:00,1113.0,1114.0,1113.0,1114.0,0,0.0,0.0
2024-08-01 09:30:00+09:00,1113.0,1113.0,1113.0,1113.0,4,0.0,0.0
2024-08-01 09:35:00+09:00,1113.0,1113.0,1113.0,1113.0,127,0.0,0.0
2024-08-01 09:45:00+09:00,1112.0,1112.0,1110.0,1110.0,818,0.0,0.0
2024-08-01 09:55:00+09:00,1111.0,1113.0,1111.0,1113.0,2259,0.0,0.0
2024-08-01 10:00:00+09:00,1113.0,1113.0,1109.0,1109.0,2107,0.0,0.0
2024-08-01 10:05:00+09:00,1110.0,1110.0,1108.0,1108.0,9,0.0,0.0
2024-08-01 10:10:00+09:00,1109.0,1109.0,1109.0,1109.0,0,0.0,0.0
2024-08-01 10:15:00+09:00,1109.0,1110.0,1109.0,1110.0,89,0.0,0.0
2024-08-01 10:40:00+09:00,1110.0,1110.0,1110.0,1110.0,6,0.0,0.0
2024-08-01 11:05:00+09:00,1109.0,1109.0,1109.0,1109.0,63,0.0,0.0
2024-08-01 11:15:00+09:00,1109.0,1109.0,1109.0,1109.0,349,0.0,0.0
2024-08-01 11:20:00+09:00,1109.0,1110.0,1109.0,1109.0,6,0.0,0.0
2024-08-01 11:25:00+09:00,1109.0,1113.0,1109.0,1110.0,5618,0.0,0.0
2024-08-01 11:30:00+09:00,1110.0,1113.0,1110.0,1111.0,48,0.0,0.0
2024-08-01 11:35:00+09:00,1110.0,1112.0,1110.0,1112.0,0,0.0,0.0
2024-08-01 11:45:00+09:00,1110.0,1110.0,1110.0,1110.0,154,0.0,0.0
2024-08-01 11:50:00+09:00,1110.0,1110.0,1110.0,1110.0,18,0.0,0.0
2024-08-01 12:00:00+09:00,1109.0,1109.0,1105.0,1105.0,449,0.0,0.0
2024-08-01 12:05:00+09:00,1109.0,1110.0,1109.0,1109.0,12,0.0,0.0
2024-08-01 12:10:00+09:00,1109.0,1113.0,1109.0,1113.0,632,0.0,0.0
2024-08-01 12:15:00+09:00,1112.0,1113.0,1112.0,1112.0,10,0.0,0.0
2024-08-01 12:20:00+09:00,1113.0,1113.0,1108.0,1108.0,2670,0.0,0.0
2024-08-01 12:40:00+09:00,1112.0,1113.0,1110.0,1113.0,9,0.0,0.0
2024-08-01 12:45:00+09:00,1111.0,1111.0,1111.0,1111.0,0,0.0,0.0
2024-08-01 12:50:00+09:00,1111.0,1111.0,1110.0,1110.0,7,0.0,0.0
2024-08-01 13:00:00+09:00,1110.0,1111.0,1110.0,1111.0,6,0.0,0.0
2024-08-01 13:15:00+09:00,1110.0,1110.0,1110.0,1110.0,0,0.0,0.0
2024-08-01 13:20:00+09:00,1109.0,1109.0,1108.0,1108.0,1871,0.0,0.0
2024-08-01 13:25:00+09:00,1109.0,1109.0,1109.0,1109.0,0,0.0,0.0
2024-08-01 13:45:00+09:00,1109.0,1110.0,1109.0,1110.0,295,0.0,0.0
2024-08-01 13:50:00+09:00,1109.0,1109.0,1104.0,1104.0,9499,0.0,0.0
2024-08-01 13:55:00+09:00,1105.0,1105.0,1105.0,1105.0,1,0.0,0.0
2024-08-01 14:00:00+09:00,1105.0,1110.0,1105.0,1108.0,2006,0.0,0.0
2024-08-01 14:10:00+09:00,1107.0,1107.0,1107.0,1107.0,3,0.0,0.0
2024-08-01 14:35:00+09:00,1107.0,1108.0,1105.0,1106.0,804,0.0,0.0
2024-08-01 14:40:00+09:00,1105.0,1105.0,1105.0,1105.0,18,0.0,0.0
2024-08-01 14:45:00+09:00,1107.0,1107.0,1107.0,1107.0,164,0.0,0.0
2024-08-01 14:55:00+09:00,1108.0,1110.0,1108.0,1110.0,81,0.0,0.0
2024-08-02 09:00:00+09:00,1126.0,1149.0,1111.0,1119.0,45410,0.0,0.0
2024-08-02 09:05:00+09:00,1111.0,1111.0,1071.0,1078.0,22641,0.0,0.0
2024-08-02 09:10:00+09:00,1095.0,1106.0,1080.0,1106.0,1649,0.0,0.0
2024-08-02 09:15:00+09:00,1106.0,1106.0,1085.0,1095.0,2048,0.0,0.0
2024-08-02 09:20:00+09:00,1090.0,1096.0,1086.0,1088.0,2175,0.0,0.0
2024-08-02 09:25:00+09:00,1093.0,1093.0,1087.0,1088.0,312,0.0,0.0
2024-08-02 09:30:00+09:00,1086.0,1086.0,1080.0,1086.0,9015,0.0,0.0
2024-08-02 09:35:00+09:00,1082.0,1082.0,1081.0,1081.0,409,0.0,0.0
2024-08-02 09:40:00+09:00,1084.0,1084.0,1080.0,1084.0,2261,0.0,0.0
2024-08-02 09:45:00+09:00,1084.0,1084.0,1081.0,1084.0,110,0.0,0.0
2024-08-02 09:50:00+09:00,1081.0,1096.0,1080.0,1096.0,748,0.0,0.0
2024-08-02 09:55:00+09:00,1094.0,1096.0,1086.0,1088.0,1065,0.0,0.0
2024-08-02 10:00:00+09:00,1087.0,1088.0,1085.0,1085.0,5,0.0,0.0
2024-08-02 10:05:00+09:00,1085.0,1088.0,1085.0,1088.0,2765,0.0,0.0
2024-08-02 10:10:00+09:00,1088.0,1094.0,1088.0,1094.0,6,0.0,0.0
2024-08-02 10:15:00+09:00,1090.0,1094.0,1089.0,1094.0,172,0.0,0.0
2024-08-02 10:20:00+09:00,1090.0,1090.0,1090.0,1090.0,118,0.0,0.0
2024-08-02 10:25:00+09:00,1088.0,1091.0,1087.0,1090.0,156,0.0,0.0
2024-08-02 10:30:00+09:00,1089.0,1089.0,1089.0,1089.0,3,0.0,0.0
2024-08-02 10:40:00+09:00,1088.0,1090.0,1086.0,1087.0,1380,0.0,0.0
2024-08-02 10:45:00+09:00,1086.0,1088.0,1086.0,1086.0,145,0.0,0.0
2024-08-02 10:50:00+09:00,1085.0,1087.0,1085.0,1085.0,6,0.0,0.0
2024-08-02 10:55:00+09:00,1086.0,1087.0,1085.0,1085.0,104,0.0,0.0
2024-08-02 11:00:00+09:00,1084.0,1085.0,1084.0,1084.0,24,0.0,0.0
2024-08-02 11:05:00+09:00,1085.0,1085.0,1085.0,1085.0,0,0.0,0.0
2024-08-02 11:10:00+09:00,1084.0,1097.0,1084.0,1097.0,1144,0.0,0.0
2024-08-02 11:15:00+09:00,1087.0,1096.0,1086.0,1087.0,28,0.0,0.0
2024-08-02 11:20:00+09:00,1086.0,1088.0,1086.0,1088.0,101,0.0,0.0
2024-08-02 11:25:00+09:00,1088.0,1088.0,1085.0,1085.0,105,0.0,0.0
2024-08-02 11:30:00+09:00,1087.0,1087.0,1087.0,1087.0,1,0.0,0.0
2024-08-02 11:35:00+09:00,1086.0,1087.0,1085.0,1087.0,3,0.0,0.0
2024-08-02 11:40:00+09:00,1084.0,1087.0,1084.0,1087.0,901,0.0,0.0
2024-08-02 12:05:00+09:00,1085.0,1085.0,1085.0,1085.0,10,0.0,0.0
2024-08-02 12:10:00+09:00,1086.0,1086.0,1083.0,1083.0,2830,0.0,0.0
2024-08-02 12:15:00+09:00,1082.0,1082.0,1081.0,1081.0,1029,0.0,0.0
2024-08-02 12:20:00+09:00,1080.0,1080.0,1080.0,1080.0,0,0.0,0.0
2024-08-02 12:25:00+09:00,1081.0,1081.0,1080.0,1081.0,274,0.0,0.0
2024-08-02 12:35:00+09:00,1081.0,1082.0,1081.0,1082.0,103,0.0,0.0
2024-08-02 12:40:00+09:00,1082.0,1086.0,1082.0,1086.0,97,0.0,0.0
2024-08-02 12:50:00+09:00,1081.0,1081.0,1081.0,1081.0,11,0.0,0.0
2024-08-02 13:00:00+09:00,1082.0,1082.0,1082.0,1082.0,131,0.0,0.0
2024-08-02 13:05:00+09:00,1084.0,1084.0,1084.0,1084.0,0,0.0,0.0
2024-08-02 13:10:00+09:00,1084.0,1084.0,1084.0,1084.0,4,0.0,0.0
2024-08-02 13:15:00+09:00,1082.0,1084.0,1080.0,1082.0,1034,0.0,0.0
2024-08-02 13:20:00+09:00,1080.0,1084.0,1078.0,1084.0,1052,0.0,0.0
2024-08-02 13:50:00+09:00,1081.0,1081.0,1081.0,1081.0,0,0.0,0.0
2024-08-02 13:55:00+09:00,1082.0,1084.0,1082.0,1084.0,50,0.0,0.0
2024-08-02 14:00:00+09:00,1082.0,1082.0,1081.0,1082.0,10,0.0,0.0
2024-08-02 14:05:00+09:00,1081.0,1084.0,1081.0,1084.0,29,0.0,0.0
2024-08-02 14:10:00+09:00,1081.0,1081.0,1080.0,1080.0,709,0.0,0.0
2024-08-02 14:20:00+09:00,1080.0,1080.0,1080.0,1080.0,0,0.0,0.0
2024-08-02 14:25:00+09:00,1079.0,1082.0,1079.0,1082.0,811,0.0,0.0
2024-08-02 14:40:00+09:00,1081.0,1081.0,1080.0,1081.0,119,0.0,0.0
2024-08-02 14:45:00+09:00,1081.0,1081.0,1081.0,1081.0,178,0.0,0.0
2024-08-02 14:50:00+09:00,1079.0,1079.0,1078.0,1078.0,703,0.0,0.0
2024-08-02 14:55:00+09:00,1079.0,1079.0,1078.0,1078.0,1901,0.0,0.0
2024-08-05 09:00:00+09:00,1095.0,1095.0,1076.0,1081.0,0,0.0,0.0
2024-08-05 09:05:00+09:00,1080.0,1081.0,1079.0,1079.0,5,0.0,0.0
2024-08-05 09:10:00+09:00,1078.0,1078.0,1053.0,1070.0,4936,0.0,0.0
2024-08-05 09:15:00+09:00,1068.0,1068.0,1055.0,1055.0,2935,0.0,0.0
2024-08-05 09:20:00+09:00,1056.0,1056.0,1055.0,1055.0,1011,0.0,0.0
2024-08-05 09:25:00+09:00,1056.0,1056.0,1055.0,1055.0,1502,0.0,0.0
2024-08-05 09:30:00+09:00,1058.0,1061.0,1058.0,1061.0,7,0.0,0.0
2024-08-05 09:35:00+09:00,1058.0,1058.0,1058.0,1058.0,15,0.0,0.0
2024-08-05 09:40:00+09:00,1058.0,1060.0,1058.0,1060.0,77,0.0,0.0
2024-08-05 09:45:00+09:00,1057.0,1057.0,1056.0,1056.0,159,0.0,0.0
2024-08-05 09:50:00+09:00,1056.0,1056.0,1056.0,1056.0,198,0.0,0.0
2024-08-05 09:55:00+09:00,1055.0,1055.0,1054.0,1055.0,1936,0.0,0.0
2024-08-05 10:00:00+09:00,1055.0,1055.0,1055.0,1055.0,3,0.0,0.0
2024-08-05 10:05:00+09:00,1054.0,1055.0,1053.0,1054.0,3381,0.0,0.0
2024-08-05 10:10:00+09:00,1052.0,1052.0,1052.0,1052.0,1516,0.0,0.0
2024-08-05 10:15:00+09:00,1050.0,1063.0,1050.0,1050.0,5954,0.0,0.0
2024-08-05 10:20:00+09:00,1054.0,1098.0,1054.0,1084.0,1202,0.0,0.0
2024-08-05 10:25:00+09:00,1070.0,1080.0,1064.0,1064.0,358,0.0,0.0
2024-08-05 10:35:00+09:00,1079.0,1079.0,1066.0,1066.0,337,0.0,0.0
2024-08-05 10:45:00+09:00,1060.0,1060.0,1060.0,1060.0,6,0.0,0.0
2024-08-05 10:50:00+09:00,1055.0,1055.0,1052.0,1052.0,408,0.0,0.0
2024-08-05 10:55:00+09:00,1054.0,1060.0,1054.0,1054.0,0,0.0,0.0
2024-08-05 11:00:00+09:00,1056.0,1058.0,1056.0,1058.0,122,0.0,0.0
2024-08-05 11:05:00+09:00,1056.0,1058.0,1056.0,1058.0,521,0.0,0.0
2024-08-05 11:15:00+09:00,1057.0,1057.0,1057.0,1057.0,15,0.0,0.0
2024-08-05 11:30:00+09:00,1056.0,1085.0,1056.0,1063.0,619,0.0,0.0
2024-08-05 11:40:00+09:00,1063.0,1063.0,1063.0,1063.0,78,0.0,0.0
2024-08-05 11:50:00+09:00,1062.0,1085.0,1050.0,1050.0,6227,0.0,0.0
2024-08-05 11:55:00+09:00,1055.0,1055.0,1040.0,1040.0,1712,0.0,0.0
2024-08-05 12:05:00+09:00,1046.0,1047.0,1046.0,1047.0,2802,0.0,0.0
2024-08-05 12:10:00+09:00,1048.0,1048.0,1048.0,1048.0,0,0.0,0.0
2024-08-05 12:15:00+09:00,1049.0,1049.0,1047.0,1047.0,409,0.0,0.0
2024-08-05 12:25:00+09:00,1047.0,1047.0,1047.0,1047.0,88,0.0,0.0
2024-08-05 12:30:00+09:00,1047.0,1047.0,1047.0,1047.0,358,0.0,0.0
2024-08-05 12:35:00+09:00,1047.0,1047.0,1040.0,1040.0,1182,0.0,0.0
2024-08-05 12:40:00+09:00,1040.0,1040.0,1039.0,1039.0,2842,0.0,0.0
2024-08-05 12:45:00+09:00,1040.0,1040.0,1040.0,1040.0,0,0.0,0.0
2024-08-05 12:50:00+09:00,1042.0,1042.0,1040.0,1040.0,934,0.0,0.0
2024-08-05 12:55:00+09:00,1037.0,1037.0,1035.0,1035.0,48,0.0,0.0
2024-08-05 13:00:00+09:00,1032.0,1037.0,1030.0,1037.0,333,0.0,0.0
2024-08-05 13:05:00+09:00,1038.0,1041.0,1037.0,1041.0,2746,0.0,0.0
2024-08-05 13:10:00+09:00,1041.0,1042.0,1039.0,1041.0,62,0.0,0.0
2024-08-05 13:15:00+09:00,1041.0,1073.0,1041.0,1073.0,7353,0.0,0.0
2024-08-05 13:25:00+09:00,1057.0,1084.0,1056.0,1062.0,142,0.0,0.0
2024-08-05 13:30:00+09:00,1061.0,1061.0,1055.0,1055.0,15,0.0,0.0
2024-08-05 13:35:00+09:00,1054.0,1054.0,1050.0,1050.0,1287,0.0,0.0
2024-08-05 13:40:00+09:00,1056.0,1056.0,1050.0,1050.0,8731,0.0,0.0
2024-08-05 13:45:00+09:00,1050.0,1056.0,1050.0,1052.0,297,0.0,0.0
2024-08-05 13:50:00+09:00,1050.0,1051.0,1050.0,1051.0,5,0.0,0.0
2024-08-05 13:55:00+09:00,1050.0,1050.0,1050.0,1050.0,2791,0.0,0.0
2024-08-05 14:25:00+09:00,1050.0,1050.0,1050.0,1050.0,366,0.0,0.0
2024-08-05 14:30:00+09:00,1050.0,1050.0,1048.0,1048.0,91,0.0,0.0
2024-08-05 14:35:00+09:00,1047.0,1047.0,1030.0,1035.0,9357,0.0,0.0
2024-08-05 14:40:00+09:00,1035.0,1035.0,1031.0,1033.0,1824,0.0,0.0
2024-08-05 14:45:00+09:00,1032.0,1032.0,1025.0,1025.0,1562,0.0,0.0
2024-08-05 14:50:00+09:00,1026.0,1026.0,1013.0,1014.0,2247,0.0,0.0
2024-08-05 14:55:00+09:00,1012.0,1026.0,1009.0,1026.0,3719,0.0,0.0
2024-08-06 09:00:00+09:00,1014.0,1054.0,1004.0,1010.0,4764,0.0,0.0
2024-08-06 09:05:00+09:00,1016.0,1032.0,1016.0,1016.0,660,0.0,0.0
2024-08-06 09:10:00+09:00,1016.0,1031.0,1016.0,1016.0,196,0.0,0.0
2024-08-06 09:15:00+09:00,1031.0,1031.0,1016.0,1016.0,13,0.0,0.0
2024-08-06 09:20:00+09:00,1018.0,1030.0,1018.0,1029.0,4859,0.0,0.0
2024-08-06 09:25:00+09:00,1030.0,1038.0,1029.0,1033.0,2436,0.0,0.0
2024-08-06 09:30:00+09:00,1041.0,1041.0,1030.0,1030.0,616,0.0,0.0
2024-08-06 09:35:00+09:00,1030.0,1031.0,1016.0,1018.0,6669,0.0,0.0
2024-08-06 09:40:00+09:00,1018.0,1018.0,1018.0,1018.0,123,0.0,0.0
2024-08-06 09:45:00+09:00,1018.0,1018.0,1018.0,1018.0,277,0.0,0.0
2024-08-06 09:50:00+09:00,1019.0,1030.0,1019.0,1019.0,2260,0.0,0.0
2024-08-06 09:55:00+09:00,1019.0,1022.0,1019.0,1022.0,24,0.0,0.0
2024-08-06 10:00:00+09:00,1022.0,1025.0,1022.0,1025.0,190,0.0,0.0
2024-08-06 10:05:00+09:00,1026.0,1030.0,1026.0,1027.0,1489,0.0,0.0
2024-08-06 10:10:00+09:00,1027.0,1030.0,1027.0,1030.0,2287,0.0,0.0
2024-08-06 10:15:00+09:00,1044.0,1044.0,1044.0,1044.0,5,0.0,0.0
2024-08-06 10:20:00+09:00,1043.0,1044.0,1034.0,1034.0,149,0.0,0.0
2024-08-06 10:25:00+09:00,1033.0,1033.0,1029.0,1029.0,7,0.0,0.0
2024-08-06 10:30:00+09:00,1028.0,1028.0,1025.0,1025.0,3463,0.0,0.0
2024-08-06 10:35:00+09:00,1029.0,1043.0,1029.0,1040.0,2417,0.0,0.0
2024-08-06 10:40:00+09:00,1040.0,1040.0,1033.0,1033.0,122,0.0,0.0
2024-08-06 10:45:00+09:00,1033.0,1033.0,1033.0,1033.0,628,0.0,0.0
2024-08-06 10:50:00+09:00,1032.0,1032.0,1030.0,1032.0,2435,0.0,0.0
2024-08-06 10:55:00+09:00,1032.0,1043.0,1032.0,1036.0,273,0.0,0.0
2024-08-06 11:00:00+09:00,1042.0,1042.0,1034.0,1034.0,3,0.0,0.0
2024-08-06 11:05:00+09:00,1039.0,1039.0,1039.0,1039.0,2,0.0,0.0
2024-08-06 11:10:00+09:00,1039.0,1039.0,1031.0,1031.0,273,0.0,0.0
2024-08-06 11:20:00+09:00,1032.0,1033.0,1023.0,1033.0,129,0.0,0.0
2024-08-06 11:30:00+09:00,1025.0,1033.0,1025.0,1033.0,10,0.0,0.0
2024-08-06 11:35:00+09:00,1029.0,1030.0,1029.0,1030.0,35,0.0,0.0
2024-08-06 11:40:00+09:00,1029.0,1029.0,1029.0,1029.0,28,0.0,0.0
2024-08-06 11:45:00+09:00,1030.0,1031.0,1030.0,1031.0,0,0.0,0.0
2024-08-06 11:50:00+09:00,1031.0,1034.0,1031.0,1034.0,100,0.0,0.0
2024-08-06 11:55:00+09:00,1034.0,1034.0,1034.0,1034.0,19,0.0,0.0
2024-08-06 12:00:00+09:00,1031.0,1031.0,1031.0,1031.0,1720,0.0,0.0
2024-08-06 12:15:00+09:00,1030.0,1032.0,1028.0,1028.0,0,0.0,0.0
2024-08-06 12:20:00+09:00,1028.0,1032.0,1027.0,1031.0,1559,0.0,0.0
2024-08-06 12:25:00+09:00,1030.0,1030.0,1030.0,1030.0,0,0.0,0.0
2024-08-06 12:35:00+09:00,1030.0,1034.0,1030.0,1034.0,160,0.0,0.0
2024-08-06 12:45:00+09:00,1034.0,1034.0,1034.0,1034.0,35,0.0,0.0
2024-08-06 13:00:00+09:00,1033.0,1033.0,1031.0,1031.0,216,0.0,0.0
2024-08-06 13:15:00+09:00,1033.0,1033.0,1033.0,1033.0,1,0.0,0.0
2024-08-06 13:20:00+09:00,1031.0,1031.0,1031.0,1031.0,7,0.0,0.0
2024-08-06 13:30:00+09:00,1031.0,1031.0,1031.0,1031.0,100,0.0,0.0
2024-08-06 13:35:00+09:00,1031.0,1032.0,1030.0,1030.0,0,0.0,0.0
2024-08-06 13:40:00+09:00,1029.0,1029.0,1029.0,1029.0,9,0.0,0.0
2024-08-06 13:50:00+09:00,1029.0,1029.0,1028.0,1028.0,119,0.0,0.0
2024-08-06 13:55:00+09:00,1028.0,1028.0,1028.0,1028.0,46,0.0,0.0
2024-08-06 14:00:00+09:00,1028.0,1028.0,1028.0,1028.0,0,0.0,0.0
2024-08-06 14:20:00+09:00,1028.0,1028.0,1028.0,1028.0,483,0.0,0.0
2024-08-06 14:25:00+09:00,1027.0,1027.0,1027.0,1027.0,0,0.0,0.0
2024-08-06 14:30:00+09:00,1030.0,1030.0,1030.0,1030.0,1,0.0,0.0
2024-08-06 14:40:00+09:00,1027.0,1027.0,1027.0,1027.0,17,0.0,0.0
2024-08-06 14:45:00+09:00,1030.0,1030.0,1027.0,1027.0,195,0.0,0.0
2024-08-06 14:50:00+09:00,1030.0,1030.0,1030.0,1030.0,0,0.0,0.0
2024-08-06 14:55:00+09:00,1030.0,1030.0,1030.0,1030.0,36,0.0,0.0
2024-08-07 09:00:00+09:00,1030.0,1030.0,1022.0,1022.0,249,0.0,0.0
2024-08-07 09:05:00+09:00,1022.0,1026.0,1022.0,1026.0,220,0.0,0.0
2024-08-07 09:10:00+09:00,1027.0,1029.0,1027.0,1027.0,124,0.0,0.0
2024-08-07 09:20:00+09:00,1027.0,1027.0,1023.0,1023.0,1105,0.0,0.0
2024-08-07 09:25:00+09:00,1026.0,1027.0,1026.0,1027.0,9,0.0,0.0
2024-08-07 09:30:00+09:00,1026.0,1026.0,1025.0,1025.0,4,0.0,0.0
2024-08-07 09:35:00+09:00,1025.0,1025.0,1025.0,1025.0,0,0.0,0.0
2024-08-07 09:40:00+09:00,1026.0,1030.0,1026.0,1029.0,645,0.0,0.0
2024-08-07 09:50:00+09:00,1028.0,1028.0,1028.0,1028.0,10,0.0,0.0
2024-08-07 09:55:00+09:00,1028.0,1030.0,1028.0,1028.0,47,0.0,0.0
2024-08-07 10:00:00+09:00,1028.0,1032.0,1028.0,1029.0,668,0.0,0.0
2024-08-07 10:10:00+09:00,1029.0,1029.0,1029.0,1029.0,104,0.0,0.0
2024-08-07 10:25:00+09:00,1030.0,1032.0,1030.0,1032.0,491,0.0,0.0
2024-08-07 10:45:00+09:00,1034.0,1040.0,1034.0,1040.0,0,0.0,0.0
2024-08-07 10:55:00+09:00,1040.0,1040.0,1034.0,1034.0,260,0.0,0.0
2024-08-07 11:00:00+09:00,1039.0,1039.0,1034.0,1034.0,0,0.0,0.0
2024-08-07 11:05:00+09:00,1033.0,1033.0,1033.0,1033.0,0,0.0,0.0
2024-08-07 11:15:00+09:00,1033.0,1033.0,1033.0,1033.0,2306,0.0,0.0
2024-08-07 11:20:00+09:00,1033.0,1040.0,1033.0,1038.0,6,0.0,0.0
2024-08-07 11:25:00+09:00,1038.0,1038.0,1038.0,1038.0,42,0.0,0.0
2024-08-07 11:30:00+09:00,1038.0,1039.0,1038.0,1039.0,3,0.0,0.0
2024-08-07 11:40:00+09:00,1039.0,1039.0,1039.0,1039.0,14,0.0,0.0
2024-08-07 11:45:00+09:00,1038.0,1038.0,1038.0,1038.0,2,0.0,0.0
2024-08-07 11:50:00+09:00,1037.0,1037.0,1033.0,1033.0,88,0.0,0.0
2024-08-07 11:55:00+09:00,1033.0,1034.0,1033.0,1034.0,9,0.0,0.0
2024-08-07 12:00:00+09:00,1035.0,1036.0,1035.0,1036.0,65,0.0,0.0
2024-08-07 12:05:00+09:00,1037.0,1040.0,1037.0,1040.0,404,0.0,0.0
2024-08-07 12:10:00+09:00,1044.0,1048.0,1044.0,1046.0,150,0.0,0.0
2024-08-07 12:15:00+09:00,1045.0,1045.0,1042.0,1043.0,96,0.0,0.0
2024-08-07 12:35:00+09:00,1042.0,1042.0,1042.0,1042.0,2,0.0,0.0
2024-08-07 12:45:00+09:00,1041.0,1043.0,1040.0,1043.0,23,0.0,0.0
2024-08-07 12:50:00+09:00,1041.0,1041.0,1040.0,1040.0,398,0.0,0.0
2024-08-07 12:55:00+09:00,1042.0,1043.0,1042.0,1043.0,0,0.0,0.0
2024-08-07 13:40:00+09:00,1042.0,1042.0,1039.0,1039.0,6146,0.0,0.0
2024-08-07 13:50:00+09:00,1040.0,1043.0,1039.0,1043.0,6192,0.0,0.0
2024-08-07 14:05:00+09:00,1043.0,1043.0,1043.0,1043.0,9,0.0,0.0
2024-08-07 14:25:00+09:00,1043.0,1043.0,1043.0,1043.0,1050,0.0,0.0
2024-08-07 14:30:00+09:00,1042.0,1043.0,1042.0,1043.0,0,0.0,0.0
2024-08-07 14:35:00+09:00,1041.0,1041.0,1041.0,1041.0,0,0.0,0.0
2024-08-07 14:40:00+09:00,1043.0,1043.0,1043.0,1043.0,1,0.0,0.0
2024-08-07 14:50:00+09:00,1042.0,1043.0,1039.0,1039.0,1482,0.0,0.0
2024-08-08 09:00:00+09:00,1050.0,1060.0,1050.0,1058.0,2274,0.0,0.0
2024-08-08 09:05:00+09:00,1054.0,1069.0,1054.0,1069.0,572,0.0,0.0
2024-08-08 09:10:00+09:00,1062.0,1069.0,1061.0,1068.0,784,0.0,0.0
2024-08-08 09:15:00+09:00,1067.0,1068.0,1063.0,1063.0,2122,0.0,0.0
2024-08-08 09:20:00+09:00,1063.0,1067.0,1061.0,1067.0,0,0.0,0.0
2024-08-08 09:25:00+09:00,1066.0,1067.0,1066.0,1066.0,117,0.0,0.0
2024-08-08 09:30:00+09:00,1065.0,1065.0,1052.0,1052.0,2935,0.0,0.0
2024-08-08 09:40:00+09:00,1054.0,1054.0,1054.0,1054.0,0,0.0,0.0
2024-08-08 09:45:00+09:00,1053.0,1053.0,1050.0,1050.0,11124,0.0,0.0
2024-08-08 09:55:00+09:00,1050.0,1060.0,1050.0,1055.0,1118,0.0,0.0
2024-08-08 10:05:00+09:00,1054.0,1054.0,1052.0,1052.0,101,0.0,0.0
2024-08-08 10:10:00+09:00,1060.0,1060.0,1060.0,1060.0,0,0.0,0.0
2024-08-08 10:20:00+09:00,1051.0,1060.0,1050.0,1060.0,35,0.0,0.0
2024-08-08 10:30:00+09:00,1055.0,1059.0,1055.0,1059.0,3,0.0,0.0
2024-08-08 10:35:00+09:00,1058.0,1058.0,1050.0,1054.0,3073,0.0,0.0
2024-08-08 10:40:00+09:00,1053.0,1053.0,1052.0,1052.0,12,0.0,0.0
2024-08-08 10:50:00+09:00,1051.0,1051.0,1050.0,1051.0,387,0.0,0.0
2024-08-08 10:55:00+09:00,1051.0,1051.0,1048.0,1048.0,508,0.0,0.0
2024-08-08 11:00:00+09:00,1049.0,1050.0,1049.0,1050.0,2,0.0,0.0
2024-08-08 11:15:00+09:00,1049.0,1049.0,1049.0,1049.0,50,0.0,0.0
2024-08-08 11:40:00+09:00,1049.0,1049.0,1049.0,1049.0,36,0.0,0.0
2024-08-08 11:50:00+09:00,1048.0,1048.0,1045.0,1048.0,102,0.0,0.0
2024-08-08 12:05:00+09:00,1048.0,1048.0,1048.0,1048.0,85,0.0,0.0
2024-08-08 12:45:00+09:00,1047.0,1047.0,1047.0,1047.0,8551,0.0,0.0
2024-08-08 12:50:00+09:00,1054.0,1054.0,1048.0,1048.0,0,0.0,0.0
2024-08-08 12:55:00+09:00,1053.0,1054.0,1048.0,1054.0,3390,0.0,0.0
2024-08-08 13:00:00+09:00,1053.0,1054.0,1053.0,1054.0,6,0.0,0.0
2024-08-08 13:10:00+09:00,1053.0,1054.0,1053.0,1053.0,10,0.0,0.0
2024-08-08 13:30:00+09:00,1053.0,1053.0,1053.0,1053.0,1245,0.0,0.0
2024-08-08 14:20:00+09:00,1053.0,1053.0,1053.0,1053.0,0,0.0,0.0
2024-08-08 14:55:00+09:00,1053.0,1053.0,1051.0,1051.0,74,0.0,0.0
2024-08-09 09:00:00+09:00,1052.0,1069.0,1052.0,1055.0,1463,0.0,0.0
2024-08-09 09:05:00+09:00,1055.0,1067.0,1055.0,1065.0,118,0.0,0.0
2024-08-09 09:10:00+09:00,1064.0,1064.0,1056.0,1056.0,45,0.0,0.0
2024-08-09 09:15:00+09:00,1062.0,1066.0,1055.0,1057.0,2752,0.0,0.0
2024-08-09 09:20:00+09:00,1057.0,1065.0,1057.0,1058.0,12,0.0,0.0
2024-08-09 09:25:00+09:00,1058.0,1058.0,1056.0,1058.0,711,0.0,0.0
2024-08-09 09:30:00+09:00,1057.0,1057.0,1056.0,1056.0,6,0.0,0.0
2024-08-09 09:35:00+09:00,1056.0,1057.0,1056.0,1057.0,2,0.0,0.0
2024-08-09 09:45:00+09:00,1057.0,1058.0,1057.0,1057.0,5,0.0,0.0
2024-08-09 09:55:00+09:00,1058.0,1058.0,1058.0,1058.0,51,0.0,0.0
2024-08-09 10:55:00+09:00,1058.0,1058.0,1056.0,1056.0,632,0.0,0.0
2024-08-09 11:05:00+09:00,1055.0,1055.0,1054.0,1054.0,51,0.0,0.0
2024-08-09 11:20:00+09:00,1056.0,1056.0,1056.0,1056.0,98,0.0,0.0
2024-08-09 11:25:00+09:00,1055.0,1055.0,1054.0,1055.0,0,0.0,0.0
2024-08-09 11:35:00+09:00,1055.0,1056.0,1055.0,1056.0,228,0.0,0.0
2024-08-09 12:00:00+09:00,1055.0,1055.0,1055.0,1055.0,69,0.0,0.0
2024-08-09 12:15:00+09:00,1054.0,1054.0,1053.0,1053.0,717,0.0,0.0
2024-08-09 12:20:00+09:00,1053.0,1053.0,1052.0,1052.0,669,0.0,0.0
2024-08-09 12:25:00+09:00,1053.0,1053.0,1053.0,1053.0,262,0.0,0.0
2024-08-09 12:50:00+09:00,1055.0,1055.0,1055.0,1055.0,0,0.0,0.0
2024-08-09 13:20:00+09:00,1053.0,1053.0,1052.0,1052.0,2939,0.0,0.0
2024-08-09 13:25:00+09:00,1052.0,1053.0,1052.0,1053.0,0,0.0,0.0
2024-08-09 13:35:00+09:00,1053.0,1055.0,1053.0,1054.0,461,0.0,0.0
2024-08-09 13:45:00+09:00,1054.0,1054.0,1053.0,1053.0,251,0.0,0.0
2024-08-09 14:05:00+09:00,1053.0,1056.0,1053.0,1056.0,0,0.0,0.0
2024-08-09 14:10:00+09:00,1054.0,1067.0,1054.0,1061.0,2546,0.0,0.0
2024-08-09 14:15:00+09:00,1066.0,1066.0,1066.0,1066.0,0,0.0,0.0
2024-08-09 14:20:00+09:00,1060.0,1060.0,1060.0,1060.0,4,0.0,0.0
2024-08-09 14:25:00+09:00,1059.0,1060.0,1059.0,1060.0,15,0.0,0.0
2024-08-09 14:30:00+09:00,1058.0,1060.0,1058.0,1059.0,202,0.0,0.0
2024-08-09 14:35:00+09:00,1060.0,1060.0,1060.0,1060.0,0,0.0,0.0
2024-08-09 14:50:00+09:00,1059.0,1060.0,1058.0,1060.0,365,0.0,0.0
2024-08-09 14:55:00+09:00,1060.0,1060.0,1060.0,1060.0,999,0.0,0.0
