Datetime,Open,High,Low,Close,Volume,Dividends,Stock Splits
2024-07-11 09:00:00+09:00,46400.0,46400.0,45550.0,45600.0,0,0.0,0.0
2024-07-11 09:05:00+09:00,45650.0,46150.0,45500.0,45950.0,51282,0.0,0.0
2024-07-11 09:10:00+09:00,46000.0,46000.0,45450.0,45700.0,51249,0.0,0.0
2024-07-11 09:15:00+09:00,45750.0,46200.0,45600.0,46200.0,34423,0.0,0.0
2024-07-11 09:20:00+09:00,46250.0,46850.0,46200.0,46750.0,102277,0.0,0.0
2024-07-11 09:25:00+09:00,46750.0,46750.0,46050.0,46300.0,52761,0.0,0.0
2024-07-11 09:30:00+09:00,46350.0,46350.0,45900.0,46000.0,28651,0.0,0.0
2024-07-11 09:35:00+09:00,45950.0,46200.0,45950.0,46200.0,15154,0.0,0.0
2024-07-11 09:40:00+09:00,46200.0,46200.0,46000.0,46100.0,12875,0.0,0.0
2024-07-11 09:45:00+09:00,46100.0,46300.0,46100.0,46250.0,10134,0.0,0.0
2024-07-11 09:50:00+09:00,46200.0,46350.0,46050.0,46300.0,22043,0.0,0.0
2024-07-11 09:55:00+09:00,46300.0,47100.0,46250.0,46900.0,89614,0.0,0.0
2024-07-11 10:00:00+09:00,46900.0,47400.0,46800.0,47000.0,108060,0.0,0.0
2024-07-11 10:05:00+09:00,47050.0,47600.0,46800.0,47550.0,117591,0.0,0.0
2024-07-11 10:10:00+09:00,47600.0,47750.0,47300.0,47500.0,92375,0.0,0.0
2024-07-11 10:15:00+09:00,47450.0,47600.0,46900.0,47000.0,47148,0.0,0.0
2024-07-11 10:20:00+09:00,47150.0,47450.0,46950.0,47400.0,31249,0.0,0.0
2024-07-11 10:25:00+09:00,47400.0,47500.0,47300.0,47300.0,28285,0.0,0.0
2024-07-11 10:30:00+09:00,47350.0,47800.0,47200.0,47550.0,54963,0.0,0.0
2024-07-11 10:35:00+09:00,47600.0,47750.0,47400.0,47550.0,25492,0.0,0.0
2024-07-11 10:40:00+09:00,47500.0,47850.0,47500.0,47800.0,56022,0.0,0.0
2024-07-11 10:45:00+09:00,47800.0,47850.0,47400.0,47450.0,39857,0.0,0.0
2024-07-11 10:50:00+09:00,47500.0,47550.0,47150.0,47550.0,25363,0.0,0.0
2024-07-11 10:55:00+09:00,47550.0,47700.0,47450.0,47450.0,20443,0.0,0.0
2024-07-11 11:00:00+09:00,47500.0,47500.0,47050.0,47250.0,41321,0.0,0.0
2024-07-11 11:05:00+09:00,47250.0,47500.0,47150.0,47450.0,15878,0.0,0.0
2024-07-11 11:10:00+09:00,47450.0,47700.0,47400.0,47700.0,19803,0.0,0.0
2024-07-11 11:15:00+09:00,47700.0,48200.0,47650.0,48150.0,137420,0.0,0.0
2024-07-11 11:20:00+09:00,48100.0,48150.0,47500.0,47700.0,53283,0.0,0.0
2024-07-11 11:25:00+09:00,47700.0,47800.0,47550.0,47750.0,20202,0.0,0.0
2024-07-11 11:30:00+09:00,47700.0,48150.0,47550.0,48150.0,32244,0.0,0.0
2024-07-11 11:35:00+09:00,48100.0,48250.0,47900.0,48100.0,43658,0.0,0.0
2024-07-11 11:40:00+09:00,48150.0,48300.0,48000.0,48200.0,34553,0.0,0.0
2024-07-11 11:45:00+09:00,48250.0,48250.0,47900.0,48000.0,41400,0.0,0.0
2024-07-11 11:50:00+09:00,48000.0,48250.0,47950.0,48150.0,17527,0.0,0.0
2024-07-11 11:55:00+09:00,48150.0,48350.0,48100.0,48250.0,28754,0.0,0.0
2024-07-11 12:00:00+09:00,48300.0,48400.0,48200.0,48350.0,24444,0.0,0.0
2024-07-11 12:05:00+09:00,48350.0,48450.0,48250.0,48350.0,38802,0.0,0.0
2024-07-11 12:10:00+09:00,48300.0,48450.0,48300.0,48450.0,18799,0.0,0.0
2024-07-11 12:15:00+09:00,48450.0,48450.0,48250.0,48400.0,26418,0.0,0.0
2024-07-11 12:20:00+09:00,48450.0,48700.0,48350.0,48450.0,75359,0.0,0.0
2024-07-11 12:25:00+09:00,48400.0,48550.0,48000.0,48000.0,68030,0.0,0.0
2024-07-11 12:30:00+09:00,48150.0,48200.0,48000.0,48100.0,27922,0.0,0.0
2024-07-11 12:35:00+09:00,48050.0,48600.0,48050.0,48500.0,32550,0.0,0.0
2024-07-11 12:40:00+09:00,48550.0,48850.0,48500.0,48850.0,51771,0.0,0.0
2024-07-11 12:45:00+09:00,48850.0,49100.0,48650.0,48850.0,103889,0.0,0.0
2024-07-11 12:50:00+09:00,48850.0,49000.0,48700.0,48700.0,36313,0.0,0.0
2024-07-11 12:55:00+09:00,48650.0,48900.0,48500.0,48850.0,30442,0.0,0.0
2024-07-11 13:00:00+09:00,48850.0,49200.0,48800.0,49000.0,58378,0.0,0.0
2024-07-11 13:05:00+09:00,48950.0,49150.0,48900.0,49000.0,40437,0.0,0.0
2024-07-11 13:10:00+09:00,48950.0,49150.0,48700.0,49100.0,32349,0.0,0.0
2024-07-11 13:15:00+09:00,49150.0,49300.0,49100.0,49200.0,63069,0.0,0.0
2024-07-11 13:20:00+09:00,49200.0,49750.0,49150.0,49750.0,118055,0.0,0.0
2024-07-11 13:25:00+09:00,49750.0,50100.0,49400.0,49450.0,195749,0.0,0.0
2024-07-11 13:30:00+09:00,49500.0,49800.0,48800.0,48950.0,87614,0.0,0.0
2024-07-11 13:35:00+09:00,49000.0,49150.0,48400.0,48900.0,85078,0.0,0.0
2024-07-11 13:40:00+09:00,48950.0,49300.0,48700.0,49250.0,44677,0.0,0.0
2024-07-11 13:45:00+09:00,49250.0,49400.0,48950.0,48950.0,32867,0.0,0.0
2024-07-11 13:50:00+09:00,49000.0,49100.0,48750.0,49000.0,28556,0.0,0.0
2024-07-11 13:55:00+09:00,49000.0,49050.0,48650.0,48750.0,25869,0.0,0.0
2024-07-11 14:00:00+09:00,48800.0,49000.0,48750.0,48900.0,15428,0.0,0.0
2024-07-11 14:05:00+09:00,48900.0,49000.0,48800.0,49000.0,21916,0.0,0.0
2024-07-11 14:10:00+09:00,49000.0,49150.0,48900.0,49150.0,18954,0.0,0.0
2024-07-11 14:15:00+09:00,49150.0,49250.0,49050.0,49200.0,26327,0.0,0.0
2024-07-11 14:20:00+09:00,49200.0,49250.0,49050.0,49250.0,16041,0.0,0.0
2024-07-11 14:25:00+09:00,49250.0,49300.0,49000.0,49050.0,28157,0.0,0.0
2024-07-11 14:30:00+09:00,49100.0,49150.0,48900.0,49100.0,24588,0.0,0.0
2024-07-11 14:35:00+09:00,49150.0,49300.0,49050.0,49300.0,21436,0.0,0.0
2024-07-11 14:40:00+09:00,49250.0,49300.0,49150.0,49150.0,21680,0.0,0.0
2024-07-11 14:45:00+09:00,49200.0,49250.0,49050.0,49100.0,22746,0.0,0.0
2024-07-11 14:50:00+09:00,49100.0,49150.0,48950.0,49000.0,23873,0.0,0.0
2024-07-11 14:55:00+09:00,49000.0,49050.0,48350.0,48650.0,73840,0.0,0.0
2024-07-12 09:00:00+09:00,48400.0,49050.0,47550.0,47950.0,118473,0.0,0.0
2024-07-12 09:05:00+09:00,47900.0,48400.0,47500.0,47950.0,67184,0.0,0.0
2024-07-12 09:10:00+09:00,47900.0,47950.0,47250.0,47450.0,88327,0.0,0.0
2024-07-12 09:15:00+09:00,47500.0,47600.0,47200.0,47200.0,69719,0.0,0.0
2024-07-12 09:20:00+09:00,47200.0,47200.0,46000.0,46050.0,181033,0.0,0.0
2024-07-12 09:25:00+09:00,46050.0,46650.0,46000.0,46200.0,86903,0.0,0.0
2024-07-12 09:30:00+09:00,46200.0,46300.0,45700.0,45800.0,110219,0.0,0.0
2024-07-12 09:35:00+09:00,45800.0,47100.0,45700.0,46700.0,103750,0.0,0.0
2024-07-12 09:40:00+09:00,46700.0,46900.0,46500.0,46650.0,25596,0.0,0.0
2024-07-12 09:45:00+09:00,46650.0,47400.0,46600.0,47000.0,37853,0.0,0.0
2024-07-12 09:50:00+09:00,47000.0,47050.0,46450.0,46550.0,37509,0.0,0.0
2024-07-12 09:55:00+09:00,46500.0,46550.0,46150.0,46300.0,60197,0.0,0.0
2024-07-12 10:00:00+09:00,46300.0,46550.0,46250.0,46450.0,18799,0.0,0.0
2024-07-12 10:05:00+09:00,46400.0,46650.0,46150.0,46200.0,26653,0.0,0.0
2024-07-12 10:10:00+09:00,46200.0,46250.0,45800.0,46000.0,47687,0.0,0.0
2024-07-12 10:15:00+09:00,46000.0,46050.0,45750.0,45800.0,41103,0.0,0.0
2024-07-12 10:20:00+09:00,45850.0,46100.0,45800.0,45850.0,22228,0.0,0.0
2024-07-12 10:25:00+09:00,45850.0,46250.0,45850.0,46050.0,13349,0.0,0.0
2024-07-12 10:30:00+09:00,46050.0,46250.0,45900.0,46250.0,18158,0.0,0.0
2024-07-12 10:35:00+09:00,46250.0,46300.0,45950.0,46000.0,17639,0.0,0.0
2024-07-12 10:40:00+09:00,46050.0,46150.0,45950.0,46000.0,12374,0.0,0.0
2024-07-12 10:45:00+09:00,45950.0,46000.0,45850.0,45850.0,20700,0.0,0.0
2024-07-12 10:50:00+09:00,45900.0,45950.0,45650.0,45750.0,48601,0.0,0.0
2024-07-12 10:55:00+09:00,45750.0,45950.0,45600.0,45950.0,30762,0.0,0.0
2024-07-12 11:00:00+09:00,45850.0,46200.0,45850.0,46150.0,18259,0.0,0.0
2024-07-12 11:05:00+09:00,46100.0,46550.0,46050.0,46400.0,27788,0.0,0.0
2024-07-12 11:10:00+09:00,46350.0,46450.0,46250.0,46450.0,16566,0.0,0.0
2024-07-12 11:15:00+09:00,46400.0,46600.0,46400.0,46450.0,12819,0.0,0.0
2024-07-12 11:20:00+09:00,46400.0,46500.0,46250.0,46300.0,10015,0.0,0.0
2024-07-12 11:25:00+09:00,46250.0,46300.0,46000.0,46100.0,12662,0.0,0.0
2024-07-12 11:30:00+09:00,46050.0,46100.0,45750.0,45800.0,27970,0.0,0.0
2024-07-12 11:35:00+09:00,45800.0,46050.0,45750.0,46000.0,9577,0.0,0.0
2024-07-12 11:40:00+09:00,45950.0,46050.0,45800.0,45850.0,11541,0.0,0.0
2024-07-12 11:45:00+09:00,45800.0,45900.0,45750.0,45800.0,12034,0.0,0.0
2024-07-12 11:50:00+09:00,45800.0,45800.0,45650.0,45700.0,16066,0.0,0.0
2024-07-12 11:55:00+09:00,45750.0,45750.0,45550.0,45750.0,23048,0.0,0.0
2024-07-12 12:00:00+09:00,45700.0,45750.0,45600.0,45600.0,13991,0.0,0.0
2024-07-12 12:05:00+09:00,45600.0,45800.0,45600.0,45750.0,9501,0.0,0.0
2024-07-12 12:10:00+09:00,45700.0,45750.0,45650.0,45700.0,6340,0.0,0.0
2024-07-12 12:15:00+09:00,45650.0,45950.0,45650.0,45900.0,14941,0.0,0.0
2024-07-12 12:20:00+09:00,45900.0,45950.0,45850.0,45950.0,8519,0.0,0.0
2024-07-12 12:25:00+09:00,45900.0,45950.0,45800.0,45850.0,8381,0.0,0.0
2024-07-12 12:30:00+09:00,45850.0,45900.0,45550.0,45600.0,29262,0.0,0.0
2024-07-12 12:35:00+09:00,45550.0,45900.0,45500.0,45550.0,21619,0.0,0.0
2024-07-12 12:40:00+09:00,45550.0,45600.0,45500.0,45600.0,10409,0.0,0.0
2024-07-12 12:45:00+09:00,45550.0,45600.0,45200.0,45250.0,55498,0.0,0.0
2024-07-12 12:50:00+09:00,45200.0,45250.0,44850.0,44950.0,107275,0.0,0.0
2024-07-12 12:55:00+09:00,45000.0,45200.0,44850.0,44850.0,29208,0.0,0.0
2024-07-12 13:00:00+09:00,44850.0,44900.0,44450.0,44800.0,66640,0.0,0.0
2024-07-12 13:05:00+09:00,44750.0,45100.0,44750.0,44900.0,41000,0.0,0.0
2024-07-12 13:10:00+09:00,44950.0,45300.0,44900.0,45100.0,24342,0.0,0.0
2024-07-12 13:15:00+09:00,45100.0,45300.0,45000.0,45050.0,17462,0.0,0.0
2024-07-12 13:20:00+09:00,45050.0,45300.0,45050.0,45200.0,9217,0.0,0.0
2024-07-12 13:25:00+09:00,45250.0,45350.0,45200.0,45300.0,14620,0.0,0.0
2024-07-12 13:30:00+09:00,45300.0,45400.0,45050.0,45250.0,17713,0.0,0.0
2024-07-12 13:35:00+09:00,45250.0,45500.0,45200.0,45350.0,17709,0.0,0.0
2024-07-12 13:40:00+09:00,45300.0,45350.0,45000.0,45100.0,16923,0.0,0.0
2024-07-12 13:45:00+09:00,45050.0,45050.0,44700.0,44750.0,33346,0.0,0.0
2024-07-12 13:50:00+09:00,44700.0,44900.0,44600.0,44700.0,44379,0.0,0.0
2024-07-12 13:55:00+09:00,44750.0,44900.0,44700.0,44750.0,16995,0.0,0.0
2024-07-12 14:00:00+09:00,44800.0,45150.0,44750.0,45150.0,33519,0.0,0.0
2024-07-12 14:05:00+09:00,45150.0,45150.0,45050.0,45050.0,12902,0.0,0.0
2024-07-12 14:10:00+09:00,45050.0,45150.0,44750.0,44800.0,34501,0.0,0.0
2024-07-12 14:15:00+09:00,44800.0,44850.0,44450.0,44700.0,52060,0.0,0.0
2024-07-12 14:20:00+09:00,44700.0,44700.0,44500.0,44650.0,16914,0.0,0.0
2024-07-12 14:25:00+09:00,44650.0,44750.0,44550.0,44600.0,12635,0.0,0.0
2024-07-12 14:30:00+09:00,44600.0,44650.0,44350.0,44400.0,43356,0.0,0.0
2024-07-12 14:35:00+09:00,44400.0,44500.0,44200.0,44200.0,37006,0.0,0.0
2024-07-12 14:40:00+09:00,44200.0,44350.0,43850.0,43950.0,99583,0.0,0.0
2024-07-12 14:45:00+09:00,43950.0,44000.0,43650.0,43650.0,77464,0.0,0.0
2024-07-12 14:50:00+09:00,43650.0,43900.0,43300.0,43500.0,121740,0.0,0.0
2024-07-12 14:55:00+09:00,43500.0,43700.0,43200.0,43600.0,91464,0.0,0.0
2024-07-15 09:00:00+09:00,43500.0,44450.0,42900.0,44050.0,0,0.0,0.0
2024-07-15 09:05:00+09:00,44000.0,44650.0,43500.0,44300.0,107123,0.0,0.0
2024-07-15 09:10:00+09:00,44300.0,45050.0,44300.0,44550.0,135642,0.0,0.0
2024-07-15 09:15:00+09:00,44550.0,45600.0,44500.0,45150.0,197899,0.0,0.0
2024-07-15 09:20:00+09:00,45100.0,45400.0,44950.0,45200.0,73518,0.0,0.0
2024-07-15 09:25:00+09:00,45200.0,45350.0,44350.0,44450.0,64967,0.0,0.0
2024-07-15 09:30:00+09:00,44450.0,44550.0,43750.0,44050.0,82613,0.0,0.0
2024-07-15 09:35:00+09:00,44050.0,44650.0,44000.0,44600.0,31297,0.0,0.0
2024-07-15 09:40:00+09:00,44550.0,44600.0,43800.0,43950.0,42023,0.0,0.0
2024-07-15 09:45:00+09:00,43950.0,44050.0,43600.0,44000.0,34951,0.0,0.0
2024-07-15 09:50:00+09:00,43950.0,44050.0,43700.0,43800.0,20454,0.0,0.0
2024-07-15 09:55:00+09:00,43750.0,43800.0,42850.0,42850.0,109776,0.0,0.0
2024-07-15 10:00:00+09:00,43000.0,43350.0,42600.0,43300.0,73257,0.0,0.0
2024-07-15 10:05:00+09:00,43350.0,43800.0,43200.0,43250.0,44650,0.0,0.0
2024-07-15 10:10:00+09:00,43250.0,43400.0,43050.0,43200.0,20585,0.0,0.0
2024-07-15 10:15:00+09:00,43200.0,43250.0,42950.0,43050.0,24031,0.0,0.0
2024-07-15 10:20:00+09:00,43100.0,43200.0,42850.0,42850.0,21054,0.0,0.0
2024-07-15 10:25:00+09:00,42900.0,43000.0,42800.0,42950.0,27681,0.0,0.0
2024-07-15 10:30:00+09:00,42950.0,43250.0,42900.0,42950.0,16342,0.0,0.0
2024-07-15 10:35:00+09:00,42950.0,43000.0,42750.0,42850.0,16800,0.0,0.0
2024-07-15 10:40:00+09:00,42850.0,43000.0,42750.0,43000.0,15326,0.0,0.0
2024-07-15 10:45:00+09:00,43000.0,43200.0,42900.0,43200.0,12035,0.0,0.0
2024-07-15 10:50:00+09:00,43150.0,43200.0,42950.0,42950.0,14539,0.0,0.0
2024-07-15 10:55:00+09:00,43000.0,43050.0,42800.0,42900.0,16230,0.0,0.0
2024-07-15 11:00:00+09:00,42850.0,42950.0,42600.0,42650.0,27539,0.0,0.0
2024-07-15 11:05:00+09:00,42600.0,42650.0,42400.0,42600.0,39046,0.0,0.0
2024-07-15 11:10:00+09:00,42650.0,42850.0,42600.0,42800.0,13717,0.0,0.0
2024-07-15 11:15:00+09:00,42800.0,43200.0,42700.0,42950.0,24210,0.0,0.0
2024-07-15 11:20:00+09:00,42950.0,43350.0,42900.0,43050.0,17138,0.0,0.0
2024-07-15 11:25:00+09:00,43050.0,43050.0,42850.0,42900.0,8354,0.0,0.0
2024-07-15 11:30:00+09:00,42900.0,42900.0,42800.0,42850.0,7861,0.0,0.0
2024-07-15 11:35:00+09:00,42850.0,43050.0,42850.0,42950.0,5792,0.0,0.0
2024-07-15 11:40:00+09:00,42950.0,43000.0,42800.0,42900.0,8790,0.0,0.0
2024-07-15 11:45:00+09:00,42900.0,42900.0,42750.0,42800.0,6079,0.0,0.0
2024-07-15 11:50:00+09:00,42800.0,42850.0,42700.0,42750.0,6452,0.0,0.0
2024-07-15 11:55:00+09:00,42750.0,42800.0,42650.0,42650.0,8756,0.0,0.0
2024-07-15 12:00:00+09:00,42700.0,42750.0,42500.0,42500.0,17689,0.0,0.0
2024-07-15 12:05:00+09:00,42500.0,42550.0,42450.0,42500.0,14724,0.0,0.0
2024-07-15 12:10:00+09:00,42500.0,42650.0,42500.0,42500.0,8754,0.0,0.0
2024-07-15 12:15:00+09:00,42500.0,42550.0,42450.0,42550.0,8033,0.0,0.0
2024-07-15 12:20:00+09:00,42500.0,42650.0,42500.0,42600.0,6373,0.0,0.0
2024-07-15 12:25:00+09:00,42600.0,42900.0,42600.0,42650.0,9560,0.0,0.0
2024-07-15 12:30:00+09:00,42650.0,42650.0,42500.0,42550.0,11685,0.0,0.0
2024-07-15 12:35:00+09:00,42550.0,42650.0,42500.0,42500.0,6747,0.0,0.0
2024-07-15 12:40:00+09:00,42550.0,42600.0,42500.0,42600.0,6750,0.0,0.0
2024-07-15 12:45:00+09:00,42600.0,42950.0,42600.0,42900.0,15849,0.0,0.0
2024-07-15 12:50:00+09:00,42950.0,42950.0,42750.0,42750.0,8532,0.0,0.0
2024-07-15 12:55:00+09:00,42750.0,42950.0,42750.0,42800.0,6970,0.0,0.0
2024-07-15 13:00:00+09:00,42800.0,42950.0,42700.0,42900.0,7959,0.0,0.0
2024-07-15 13:05:00+09:00,42900.0,43050.0,42800.0,43050.0,9912,0.0,0.0
2024-07-15 13:10:00+09:00,43000.0,43100.0,43000.0,43050.0,6586,0.0,0.0
2024-07-15 13:15:00+09:00,43050.0,43050.0,42850.0,42850.0,11673,0.0,0.0
2024-07-15 13:20:00+09:00,42900.0,43000.0,42700.0,42750.0,13026,0.0,0.0
2024-07-15 13:25:00+09:00,42750.0,42900.0,42700.0,42850.0,13182,0.0,0.0
2024-07-15 13:30:00+09:00,42850.0,42900.0,42650.0,42700.0,9747,0.0,0.0
2024-07-15 13:35:00+09:00,42750.0,42750.0,42650.0,42650.0,9926,0.0,0.0
2024-07-15 13:40:00+09:00,42650.0,42850.0,42600.0,42700.0,15348,0.0,0.0
2024-07-15 13:45:00+09:00,42750.0,42850.0,42650.0,42700.0,10952,0.0,0.0
2024-07-15 13:50:00+09:00,42700.0,43050.0,42700.0,43000.0,12397,0.0,0.0
2024-07-15 13:55:00+09:00,43000.0,43050.0,42950.0,42950.0,10665,0.0,0.0
2024-07-15 14:00:00+09:00,42950.0,43000.0,42850.0,43000.0,13059,0.0,0.0
2024-07-15 14:05:00+09:00,42950.0,43050.0,42800.0,42950.0,16169,0.0,0.0
2024-07-15 14:10:00+09:00,43000.0,43000.0,42800.0,42850.0,6873,0.0,0.0
2024-07-15 14:15:00+09:00,42900.0,43000.0,42850.0,43000.0,7615,0.0,0.0
2024-07-15 14:20:00+09:00,43000.0,43100.0,42950.0,43000.0,10066,0.0,0.0
2024-07-15 14:25:00+09:00,43050.0,43350.0,43000.0,43250.0,24949,0.0,0.0
2024-07-15 14:30:00+09:00,43250.0,43300.0,43100.0,43150.0,14709,0.0,0.0
2024-07-15 14:35:00+09:00,43200.0,43250.0,43100.0,43200.0,10378,0.0,0.0
2024-07-15 14:40:00+09:00,43150.0,43250.0,43100.0,43200.0,10658,0.0,0.0
2024-07-15 14:45:00+09:00,43250.0,43350.0,43150.0,43200.0,14028,0.0,0.0
2024-07-15 14:50:00+09:00,43200.0,43300.0,43150.0,43300.0,8886,0.0,0.0
2024-07-15 14:55:00+09:00,43300.0,43450.0,43200.0,43400.0,26713,0.0,0.0
2024-07-16 09:00:00+09:00,43100.0,43300.0,41700.0,41800.0,168084,0.0,0.0
2024-07-16 09:05:00+09:00,41850.0,42150.0,41250.0,41600.0,172955,0.0,0.0
2024-07-16 09:10:00+09:00,41650.0,42150.0,41500.0,41700.0,69451,0.0,0.0
2024-07-16 09:15:00+09:00,41650.0,41950.0,41200.0,41300.0,117049,0.0,0.0
2024-07-16 09:20:00+09:00,41500.0,42400.0,41300.0,42150.0,113668,0.0,0.0
2024-07-16 09:25:00+09:00,42150.0,42700.0,41900.0,42000.0,63849,0.0,0.0
2024-07-16 09:30:00+09:00,42000.0,42900.0,41800.0,41800.0,51665,0.0,0.0
2024-07-16 09:35:00+09:00,41800.0,41850.0,41550.0,41650.0,41478,0.0,0.0
2024-07-16 09:40:00+09:00,41600.0,42200.0,41550.0,41900.0,45174,0.0,0.0
2024-07-16 09:45:00+09:00,41800.0,42200.0,41750.0,42150.0,18729,0.0,0.0
2024-07-16 09:50:00+09:00,42100.0,42350.0,42050.0,42250.0,34616,0.0,0.0
2024-07-16 09:55:00+09:00,42250.0,42350.0,42000.0,42000.0,22146,0.0,0.0
2024-07-16 10:00:00+09:00,42050.0,42050.0,41550.0,41600.0,34040,0.0,0.0
2024-07-16 10:05:00+09:00,41550.0,41600.0,41300.0,41350.0,39554,0.0,0.0
2024-07-16 10:10:00+09:00,41300.0,41350.0,41100.0,41150.0,83213,0.0,0.0
2024-07-16 10:15:00+09:00,41150.0,41200.0,41050.0,41100.0,70685,0.0,0.0
2024-07-16 10:20:00+09:00,41150.0,41300.0,41050.0,41150.0,19737,0.0,0.0
2024-07-16 10:25:00+09:00,41200.0,41300.0,41150.0,41250.0,18402,0.0,0.0
2024-07-16 10:30:00+09:00,41300.0,41350.0,41150.0,41150.0,24556,0.0,0.0
2024-07-16 10:35:00+09:00,41200.0,41300.0,41150.0,41200.0,18419,0.0,0.0
2024-07-16 10:40:00+09:00,41150.0,41250.0,40850.0,40950.0,109136,0.0,0.0
2024-07-16 10:45:00+09:00,40950.0,40950.0,40600.0,40750.0,63277,0.0,0.0
2024-07-16 10:50:00+09:00,40750.0,40800.0,40600.0,40600.0,56759,0.0,0.0
2024-07-16 10:55:00+09:00,40600.0,40950.0,40600.0,40850.0,32585,0.0,0.0
2024-07-16 11:00:00+09:00,40900.0,41250.0,40900.0,41100.0,22766,0.0,0.0
2024-07-16 11:05:00+09:00,41100.0,41250.0,41050.0,41200.0,16580,0.0,0.0
2024-07-16 11:10:00+09:00,41250.0,41300.0,41050.0,41050.0,14857,0.0,0.0
2024-07-16 11:15:00+09:00,41050.0,41100.0,40850.0,40850.0,15146,0.0,0.0
2024-07-16 11:20:00+09:00,40850.0,40900.0,40750.0,40850.0,20873,0.0,0.0
2024-07-16 11:25:00+09:00,40850.0,40850.0,40700.0,40750.0,23701,0.0,0.0
2024-07-16 11:30:00+09:00,40750.0,40850.0,40700.0,40800.0,14843,0.0,0.0
2024-07-16 11:35:00+09:00,40800.0,40850.0,40750.0,40750.0,8593,0.0,0.0
2024-07-16 11:40:00+09:00,40800.0,40850.0,40700.0,40750.0,17045,0.0,0.0
2024-07-16 11:45:00+09:00,40750.0,40950.0,40700.0,40850.0,9096,0.0,0.0
2024-07-16 11:50:00+09:00,40800.0,41050.0,40800.0,41000.0,12624,0.0,0.0
2024-07-16 11:55:00+09:00,41000.0,41050.0,40900.0,40950.0,9519,0.0,0.0
2024-07-16 12:00:00+09:00,41000.0,41000.0,40750.0,40800.0,11137,0.0,0.0
2024-07-16 12:05:00+09:00,40750.0,40850.0,40650.0,40750.0,16980,0.0,0.0
2024-07-16 12:10:00+09:00,40750.0,40800.0,40700.0,40750.0,11392,0.0,0.0
2024-07-16 12:15:00+09:00,40750.0,40800.0,40700.0,40700.0,8977,0.0,0.0
2024-07-16 12:20:00+09:00,40700.0,40750.0,40650.0,40700.0,11633,0.0,0.0
2024-07-16 12:25:00+09:00,40800.0,40850.0,40750.0,40800.0,9629,0.0,0.0
2024-07-16 12:30:00+09:00,40800.0,40800.0,40650.0,40700.0,15333,0.0,0.0
2024-07-16 12:35:00+09:00,40700.0,40800.0,40650.0,40700.0,12106,0.0,0.0
2024-07-16 12:40:00+09:00,40700.0,40700.0,40550.0,40650.0,42530,0.0,0.0
2024-07-16 12:45:00+09:00,40650.0,40700.0,40550.0,40600.0,18385,0.0,0.0
2024-07-16 12:50:00+09:00,40600.0,40800.0,40600.0,40700.0,14141,0.0,0.0
2024-07-16 12:55:00+09:00,40750.0,40800.0,40650.0,40650.0,10418,0.0,0.0
2024-07-16 13:00:00+09:00,40700.0,40750.0,40600.0,40650.0,11617,0.0,0.0
2024-07-16 13:05:00+09:00,40650.0,40950.0,40650.0,40850.0,18111,0.0,0.0
2024-07-16 13:10:00+09:00,40900.0,40950.0,40750.0,40800.0,13774,0.0,0.0
2024-07-16 13:15:00+09:00,40800.0,41300.0,40800.0,41250.0,32272,0.0,0.0
2024-07-16 13:20:00+09:00,41200.0,41350.0,41000.0,41000.0,14425,0.0,0.0
2024-07-16 13:25:00+09:00,41000.0,41050.0,40750.0,40800.0,22141,0.0,0.0
2024-07-16 13:30:00+09:00,40850.0,40850.0,40650.0,40800.0,19119,0.0,0.0
2024-07-16 13:35:00+09:00,40800.0,40800.0,40650.0,40700.0,13255,0.0,0.0
2024-07-16 13:40:00+09:00,40650.0,40700.0,40600.0,40650.0,21059,0.0,0.0
2024-07-16 13:45:00+09:00,40600.0,40750.0,40600.0,40650.0,11880,0.0,0.0
2024-07-16 13:50:00+09:00,40700.0,40750.0,40600.0,40650.0,13498,0.0,0.0
2024-07-16 13:55:00+09:00,40650.0,40800.0,40650.0,40800.0,10591,0.0,0.0
2024-07-16 14:00:00+09:00,40800.0,40900.0,40700.0,40850.0,12264,0.0,0.0
2024-07-16 14:05:00+09:00,40850.0,40900.0,40750.0,40800.0,12569,0.0,0.0
2024-07-16 14:10:00+09:00,40850.0,40850.0,40700.0,40700.0,16264,0.0,0.0
2024-07-16 14:15:00+09:00,40700.0,40800.0,40700.0,40700.0,9477,0.0,0.0
2024-07-16 14:20:00+09:00,40750.0,40900.0,40700.0,40700.0,14974,0.0,0.0
2024-07-16 14:25:00+09:00,40750.0,40750.0,40550.0,40650.0,31057,0.0,0.0
2024-07-16 14:30:00+09:00,40650.0,40700.0,40450.0,40550.0,50054,0.0,0.0
2024-07-16 14:35:00+09:00,40500.0,40600.0,40400.0,40550.0,23403,0.0,0.0
2024-07-16 14:40:00+09:00,40550.0,40600.0,40400.0,40500.0,24125,0.0,0.0
2024-07-16 14:45:00+09:00,40500.0,40650.0,40450.0,40600.0,16950,0.0,0.0
2024-07-16 14:50:00+09:00,40600.0,40600.0,40450.0,40450.0,25709,0.0,0.0
2024-07-16 14:55:00+09:00,40500.0,40600.0,40450.0,40450.0,23837,0.0,0.0
2024-07-17 09:00:00+09:00,41500.0,42550.0,41200.0,42100.0,204364,0.0,0.0
2024-07-17 09:05:00+09:00,42100.0,42100.0,41500.0,41950.0,75980,0.0,0.0
2024-07-17 09:10:00+09:00,41950.0,42700.0,41700.0,42700.0,118069,0.0,0.0
2024-07-17 09:15:00+09:00,42650.0,43100.0,42300.0,42850.0,178805,0.0,0.0
2024-07-17 09:20:00+09:00,42750.0,43000.0,42550.0,42650.0,58259,0.0,0.0
2024-07-17 09:25:00+09:00,42600.0,42600.0,42050.0,42100.0,61872,0.0,0.0
2024-07-17 09:30:00+09:00,42100.0,42250.0,41750.0,42050.0,50108,0.0,0.0
2024-07-17 09:35:00+09:00,42050.0,42400.0,41950.0,41950.0,30552,0.0,0.0
2024-07-17 09:40:00+09:00,42000.0,42250.0,41900.0,42250.0,19390,0.0,0.0
2024-07-17 09:45:00+09:00,42250.0,42350.0,41900.0,42250.0,29147,0.0,0.0
2024-07-17 09:50:00+09:00,42250.0,42300.0,42000.0,42150.0,11768,0.0,0.0
2024-07-17 09:55:00+09:00,42150.0,42250.0,42050.0,42250.0,12266,0.0,0.0
2024-07-17 10:00:00+09:00,42250.0,42650.0,42250.0,42650.0,31552,0.0,0.0
2024-07-17 10:05:00+09:00,42650.0,43200.0,42600.0,42900.0,140513,0.0,0.0
2024-07-17 10:10:00+09:00,42500.0,42600.0,42300.0,42400.0,40726,0.0,0.0
2024-07-17 10:15:00+09:00,42350.0,42500.0,42350.0,42500.0,14152,0.0,0.0
2024-07-17 10:20:00+09:00,42450.0,42550.0,42150.0,42200.0,22933,0.0,0.0
2024-07-17 10:25:00+09:00,42250.0,42350.0,42150.0,42250.0,12874,0.0,0.0
2024-07-17 10:30:00+09:00,42250.0,42500.0,42200.0,42350.0,8303,0.0,0.0
2024-07-17 10:35:00+09:00,42350.0,42450.0,42200.0,42200.0,9930,0.0,0.0
2024-07-17 10:40:00+09:00,42200.0,42250.0,42100.0,42100.0,16431,0.0,0.0
2024-07-17 10:45:00+09:00,42100.0,42150.0,42050.0,42150.0,11808,0.0,0.0
2024-07-17 10:50:00+09:00,42100.0,42400.0,42100.0,42250.0,11052,0.0,0.0
2024-07-17 10:55:00+09:00,42300.0,42600.0,42200.0,42600.0,15743,0.0,0.0
2024-07-17 11:00:00+09:00,42550.0,42650.0,42500.0,42600.0,16093,0.0,0.0
2024-07-17 11:05:00+09:00,42600.0,42850.0,42600.0,42850.0,18380,0.0,0.0
2024-07-17 11:10:00+09:00,42850.0,42850.0,42550.0,42600.0,14641,0.0,0.0
2024-07-17 11:15:00+09:00,42550.0,42750.0,42500.0,42650.0,12421,0.0,0.0
2024-07-17 11:20:00+09:00,42650.0,42750.0,42600.0,42600.0,7992,0.0,0.0
2024-07-17 11:25:00+09:00,42650.0,42700.0,42600.0,42600.0,3820,0.0,0.0
2024-07-17 11:30:00+09:00,42650.0,42700.0,42550.0,42650.0,6730,0.0,0.0
2024-07-17 11:35:00+09:00,42600.0,42600.0,42500.0,42550.0,6976,0.0,0.0
2024-07-17 11:40:00+09:00,42550.0,42600.0,42450.0,42500.0,7138,0.0,0.0
2024-07-17 11:45:00+09:00,42550.0,42700.0,42450.0,42600.0,8373,0.0,0.0
2024-07-17 11:50:00+09:00,42600.0,42700.0,42550.0,42700.0,9260,0.0,0.0
2024-07-17 11:55:00+09:00,42700.0,42750.0,42600.0,42700.0,6047,0.0,0.0
2024-07-17 12:00:00+09:00,42700.0,42950.0,42600.0,42900.0,27045,0.0,0.0
2024-07-17 12:05:00+09:00,42850.0,42950.0,42800.0,42900.0,14131,0.0,0.0
2024-07-17 12:10:00+09:00,42900.0,42950.0,42800.0,42900.0,12278,0.0,0.0
2024-07-17 12:15:00+09:00,42950.0,42950.0,42800.0,42850.0,9024,0.0,0.0
2024-07-17 12:20:00+09:00,42850.0,43250.0,42850.0,43200.0,86400,0.0,0.0
2024-07-17 12:25:00+09:00,43200.0,43200.0,42900.0,43000.0,19250,0.0,0.0
2024-07-17 12:30:00+09:00,43000.0,43050.0,42800.0,42800.0,7655,0.0,0.0
2024-07-17 12:35:00+09:00,42800.0,42950.0,42800.0,42900.0,5428,0.0,0.0
2024-07-17 12:40:00+09:00,42900.0,42900.0,42800.0,42900.0,4867,0.0,0.0
2024-07-17 12:45:00+09:00,42850.0,42950.0,42850.0,42900.0,5214,0.0,0.0
2024-07-17 12:50:00+09:00,42900.0,42950.0,42850.0,42900.0,4446,0.0,0.0
2024-07-17 12:55:00+09:00,42900.0,43250.0,42850.0,43250.0,24192,0.0,0.0
2024-07-17 13:00:00+09:00,43200.0,43400.0,43150.0,43350.0,44447,0.0,0.0
2024-07-17 13:05:00+09:00,43400.0,43700.0,43350.0,43550.0,62825,0.0,0.0
2024-07-17 13:10:00+09:00,43550.0,43600.0,43400.0,43500.0,25600,0.0,0.0
2024-07-17 13:15:00+09:00,43500.0,43550.0,43200.0,43250.0,24515,0.0,0.0
2024-07-17 13:20:00+09:00,43250.0,43300.0,42950.0,43200.0,23363,0.0,0.0
2024-07-17 13:25:00+09:00,43200.0,43850.0,43150.0,43250.0,69862,0.0,0.0
2024-07-17 13:30:00+09:00,43200.0,43300.0,43100.0,43150.0,12049,0.0,0.0
2024-07-17 13:35:00+09:00,43150.0,43550.0,43150.0,43550.0,11971,0.0,0.0
2024-07-17 13:40:00+09:00,43450.0,43650.0,43250.0,43350.0,15880,0.0,0.0
2024-07-17 13:45:00+09:00,43350.0,43400.0,43250.0,43350.0,11906,0.0,0.0
2024-07-17 13:50:00+09:00,43350.0,43400.0,43200.0,43250.0,14236,0.0,0.0
2024-07-17 13:55:00+09:00,43300.0,43400.0,43200.0,43200.0,12154,0.0,0.0
2024-07-17 14:00:00+09:00,43200.0,43300.0,42950.0,42950.0,16490,0.0,0.0
2024-07-17 14:05:00+09:00,42950.0,43000.0,42650.0,42700.0,29407,0.0,0.0
2024-07-17 14:10:00+09:00,42650.0,42950.0,42600.0,42900.0,15421,0.0,0.0
2024-07-17 14:15:00+09:00,42900.0,42950.0,42600.0,42600.0,13610,0.0,0.0
2024-07-17 14:20:00+09:00,42600.0,42800.0,42500.0,42550.0,20118,0.0,0.0
2024-07-17 14:25:00+09:00,42550.0,42550.0,42300.0,42450.0,26040,0.0,0.0
2024-07-17 14:30:00+09:00,42400.0,42450.0,42250.0,42250.0,15146,0.0,0.0
2024-07-17 14:35:00+09:00,42250.0,42750.0,42250.0,42600.0,16444,0.0,0.0
2024-07-17 14:40:00+09:00,42600.0,42850.0,42550.0,42650.0,33453,0.0,0.0
2024-07-17 14:45:00+09:00,42650.0,42700.0,42350.0,42450.0,12113,0.0,0.0
2024-07-17 14:50:00+09:00,42400.0,42550.0,42400.0,42500.0,13868,0.0,0.0
2024-07-17 14:55:00+09:00,42500.0,42650.0,42400.0,42550.0,11082,0.0,0.0
2024-07-18 09:00:00+09:00,41500.0,42150.0,40900.0,41200.0,99213,0.0,0.0
2024-07-18 09:05:00+09:00,41150.0,42300.0,41050.0,42200.0,39403,0.0,0.0
2024-07-18 09:10:00+09:00,42200.0,43300.0,41900.0,43250.0,74995,0.0,0.0
2024-07-18 09:15:00+09:00,43300.0,43300.0,42500.0,43100.0,40563,0.0,0.0
2024-07-18 09:20:00+09:00,43050.0,43500.0,42900.0,43000.0,56967,0.0,0.0
2024-07-18 09:25:00+09:00,43000.0,43350.0,42750.0,43050.0,26451,0.0,0.0
2024-07-18 09:30:00+09:00,43100.0,43300.0,42900.0,43200.0,30986,0.0,0.0
2024-07-18 09:35:00+09:00,43200.0,43500.0,42950.0,43350.0,39436,0.0,0.0
2024-07-18 09:40:00+09:00,43550.0,43600.0,43150.0,43300.0,31360,0.0,0.0
2024-07-18 09:45:00+09:00,43250.0,43500.0,43250.0,43450.0,21062,0.0,0.0
2024-07-18 09:50:00+09:00,43450.0,43500.0,43000.0,43000.0,19898,0.0,0.0
2024-07-18 09:55:00+09:00,43100.0,43100.0,42800.0,42850.0,25138,0.0,0.0
2024-07-18 10:00:00+09:00,42850.0,43300.0,42400.0,42550.0,30529,0.0,0.0
2024-07-18 10:05:00+09:00,42450.0,42550.0,42250.0,42350.0,16500,0.0,0.0
2024-07-18 10:10:00+09:00,42400.0,42650.0,42250.0,42250.0,15790,0.0,0.0
2024-07-18 10:15:00+09:00,42200.0,42900.0,42000.0,42200.0,22204,0.0,0.0
2024-07-18 10:20:00+09:00,42250.0,42300.0,41800.0,41850.0,32250,0.0,0.0
2024-07-18 10:25:00+09:00,41900.0,42000.0,41850.0,41950.0,8114,0.0,0.0
2024-07-18 10:30:00+09:00,41950.0,41950.0,41700.0,41950.0,16065,0.0,0.0
2024-07-18 10:35:00+09:00,41950.0,42100.0,41800.0,41950.0,14738,0.0,0.0
2024-07-18 10:40:00+09:00,41950.0,42250.0,41900.0,42200.0,6677,0.0,0.0
2024-07-18 10:45:00+09:00,42200.0,42400.0,42100.0,42300.0,7361,0.0,0.0
2024-07-18 10:50:00+09:00,42300.0,42350.0,41900.0,41950.0,7829,0.0,0.0
2024-07-18 10:55:00+09:00,41950.0,42050.0,41850.0,41900.0,8179,0.0,0.0
2024-07-18 11:00:00+09:00,41900.0,41900.0,41700.0,41900.0,11075,0.0,0.0
2024-07-18 11:05:00+09:00,41900.0,42100.0,41900.0,42050.0,4965,0.0,0.0
2024-07-18 11:10:00+09:00,42100.0,42200.0,42000.0,42200.0,5455,0.0,0.0
2024-07-18 11:15:00+09:00,42200.0,42300.0,41950.0,42000.0,6193,0.0,0.0
2024-07-18 11:20:00+09:00,42000.0,42000.0,41800.0,41950.0,6541,0.0,0.0
2024-07-18 11:25:00+09:00,41950.0,42200.0,41850.0,42100.0,5200,0.0,0.0
2024-07-18 11:30:00+09:00,42100.0,42400.0,42000.0,42300.0,10980,0.0,0.0
2024-07-18 11:35:00+09:00,42300.0,42550.0,42300.0,42400.0,12975,0.0,0.0
2024-07-18 11:40:00+09:00,42450.0,42450.0,42200.0,42200.0,5732,0.0,0.0
2024-07-18 11:45:00+09:00,42200.0,42450.0,42200.0,42400.0,7596,0.0,0.0
2024-07-18 11:50:00+09:00,42400.0,42600.0,42350.0,42350.0,6879,0.0,0.0
2024-07-18 11:55:00+09:00,42450.0,42650.0,42350.0,42600.0,5144,0.0,0.0
2024-07-18 12:00:00+09:00,42600.0,42600.0,42400.0,42450.0,3683,0.0,0.0
2024-07-18 12:05:00+09:00,42450.0,42550.0,42300.0,42550.0,2952,0.0,0.0
2024-07-18 12:10:00+09:00,42550.0,42700.0,42500.0,42700.0,7278,0.0,0.0
2024-07-18 12:15:00+09:00,42750.0,42800.0,42500.0,42700.0,9115,0.0,0.0
2024-07-18 12:20:00+09:00,42750.0,42800.0,42650.0,42750.0,6968,0.0,0.0
2024-07-18 12:25:00+09:00,42750.0,42800.0,42650.0,42800.0,7637,0.0,0.0
2024-07-18 12:30:00+09:00,42800.0,42850.0,42450.0,42600.0,9023,0.0,0.0
2024-07-18 12:35:00+09:00,42600.0,42650.0,42500.0,42600.0,4162,0.0,0.0
2024-07-18 12:40:00+09:00,42600.0,42650.0,42500.0,42550.0,3206,0.0,0.0
2024-07-18 12:45:00+09:00,42550.0,42700.0,42550.0,42650.0,4647,0.0,0.0
2024-07-18 12:50:00+09:00,42650.0,42650.0,42550.0,42600.0,3063,0.0,0.0
2024-07-18 12:55:00+09:00,42600.0,42700.0,42550.0,42550.0,4891,0.0,0.0
2024-07-18 13:00:00+09:00,42600.0,42600.0,42450.0,42550.0,6234,0.0,0.0
2024-07-18 13:05:00+09:00,42550.0,42600.0,42450.0,42550.0,4258,0.0,0.0
2024-07-18 13:10:00+09:00,42550.0,42550.0,42300.0,42300.0,6483,0.0,0.0
2024-07-18 13:15:00+09:00,42300.0,42350.0,42200.0,42250.0,6900,0.0,0.0
2024-07-18 13:20:00+09:00,42300.0,42350.0,41650.0,42000.0,34070,0.0,0.0
2024-07-18 13:25:00+09:00,42150.0,42200.0,41850.0,42000.0,12443,0.0,0.0
2024-07-18 13:30:00+09:00,42000.0,42200.0,41950.0,42100.0,9371,0.0,0.0
2024-07-18 13:35:00+09:00,42150.0,42150.0,42050.0,42050.0,5273,0.0,0.0
2024-07-18 13:40:00+09:00,42050.0,42100.0,41850.0,41850.0,8569,0.0,0.0
2024-07-18 13:45:00+09:00,41850.0,41900.0,41750.0,41800.0,8847,0.0,0.0
2024-07-18 13:50:00+09:00,41800.0,41850.0,41600.0,41650.0,11770,0.0,0.0
2024-07-18 13:55:00+09:00,41650.0,41800.0,41650.0,41700.0,5871,0.0,0.0
2024-07-18 14:00:00+09:00,41700.0,42050.0,41700.0,42000.0,20190,0.0,0.0
2024-07-18 14:05:00+09:00,42050.0,42050.0,41750.0,41800.0,4534,0.0,0.0
2024-07-18 14:10:00+09:00,41800.0,41800.0,41650.0,41650.0,9312,0.0,0.0
2024-07-18 14:15:00+09:00,41650.0,41750.0,41600.0,41700.0,9958,0.0,0.0
2024-07-18 14:20:00+09:00,41750.0,41800.0,41700.0,41700.0,5277,0.0,0.0
2024-07-18 14:25:00+09:00,41750.0,41750.0,41550.0,41550.0,12936,0.0,0.0
2024-07-18 14:30:00+09:00,41550.0,41650.0,41500.0,41550.0,13601,0.0,0.0
2024-07-18 14:35:00+09:00,41550.0,42050.0,41550.0,41850.0,19342,0.0,0.0
2024-07-18 14:40:00+09:00,41850.0,41900.0,41750.0,41850.0,5570,0.0,0.0
2024-07-18 14:45:00+09:00,41800.0,41850.0,41700.0,41750.0,5140,0.0,0.0
2024-07-18 14:50:00+09:00,41750.0,41850.0,41700.0,41800.0,6140,0.0,0.0
2024-07-18 14:55:00+09:00,41800.0,41850.0,41600.0,41700.0,12142,0.0,0.0
2024-07-19 09:00:00+09:00,41900.0,42100.0,41200.0,41200.0,35039,0.0,0.0
2024-07-19 09:05:00+09:00,41200.0,41550.0,40800.0,40900.0,46406,0.0,0.0
2024-07-19 09:10:00+09:00,40900.0,41300.0,40900.0,41200.0,13437,0.0,0.0
2024-07-19 09:15:00+09:00,41200.0,42150.0,41050.0,42100.0,41543,0.0,0.0
2024-07-19 09:20:00+09:00,42100.0,43050.0,42000.0,42350.0,81538,0.0,0.0
2024-07-19 09:25:00+09:00,42350.0,42700.0,42250.0,42600.0,15692,0.0,0.0
2024-07-19 09:30:00+09:00,42600.0,42950.0,42400.0,42850.0,26792,0.0,0.0
2024-07-19 09:35:00+09:00,42850.0,42950.0,42750.0,42800.0,18699,0.0,0.0
2024-07-19 09:40:00+09:00,42800.0,43400.0,42700.0,43250.0,51190,0.0,0.0
2024-07-19 09:45:00+09:00,43300.0,43900.0,43250.0,43700.0,78292,0.0,0.0
2024-07-19 09:50:00+09:00,43700.0,43900.0,43400.0,43900.0,45709,0.0,0.0
2024-07-19 09:55:00+09:00,43850.0,44000.0,43650.0,44000.0,58652,0.0,0.0
2024-07-19 10:00:00+09:00,44000.0,44000.0,43350.0,43350.0,30774,0.0,0.0
2024-07-19 10:05:00+09:00,43350.0,43650.0,43300.0,43500.0,16166,0.0,0.0
2024-07-19 10:10:00+09:00,43500.0,43750.0,43450.0,43600.0,15031,0.0,0.0
2024-07-19 10:15:00+09:00,43600.0,43900.0,43550.0,43900.0,21875,0.0,0.0
2024-07-19 10:20:00+09:00,43900.0,43900.0,43400.0,43450.0,24366,0.0,0.0
2024-07-19 10:25:00+09:00,43450.0,43450.0,43050.0,43450.0,20424,0.0,0.0
2024-07-19 10:30:00+09:00,43450.0,43450.0,43150.0,43350.0,9857,0.0,0.0
2024-07-19 10:35:00+09:00,43400.0,43400.0,43200.0,43250.0,5483,0.0,0.0
2024-07-19 10:40:00+09:00,43250.0,43550.0,43250.0,43450.0,8712,0.0,0.0
2024-07-19 10:45:00+09:00,43450.0,43850.0,43450.0,43650.0,25629,0.0,0.0
2024-07-19 10:50:00+09:00,43650.0,43650.0,43350.0,43450.0,7929,0.0,0.0
2024-07-19 10:55:00+09:00,43500.0,43600.0,43300.0,43600.0,11404,0.0,0.0
2024-07-19 11:00:00+09:00,43650.0,44000.0,43550.0,43950.0,33419,0.0,0.0
2024-07-19 11:05:00+09:00,44000.0,44000.0,43700.0,43750.0,17915,0.0,0.0
2024-07-19 11:10:00+09:00,43750.0,43750.0,43650.0,43750.0,7030,0.0,0.0
2024-07-19 11:15:00+09:00,43750.0,43900.0,43700.0,43850.0,9651,0.0,0.0
2024-07-19 11:20:00+09:00,43900.0,43950.0,43600.0,43600.0,12535,0.0,0.0
2024-07-19 11:25:00+09:00,43600.0,43600.0,43300.0,43350.0,19419,0.0,0.0
2024-07-19 11:30:00+09:00,43400.0,43700.0,43350.0,43600.0,9599,0.0,0.0
2024-07-19 11:35:00+09:00,43600.0,43700.0,43600.0,43650.0,3047,0.0,0.0
2024-07-19 11:40:00+09:00,43600.0,43850.0,43600.0,43800.0,5667,0.0,0.0
2024-07-19 11:45:00+09:00,43850.0,43850.0,43700.0,43800.0,9783,0.0,0.0
2024-07-19 11:50:00+09:00,43800.0,43900.0,43750.0,43850.0,6996,0.0,0.0
2024-07-19 11:55:00+09:00,43900.0,43900.0,43700.0,43750.0,8315,0.0,0.0
2024-07-19 12:00:00+09:00,43700.0,43750.0,43550.0,43550.0,5736,0.0,0.0
2024-07-19 12:05:00+09:00,43600.0,43650.0,43500.0,43550.0,4484,0.0,0.0
2024-07-19 12:10:00+09:00,43500.0,43600.0,43300.0,43550.0,14579,0.0,0.0
2024-07-19 12:15:00+09:00,43550.0,43650.0,43500.0,43650.0,3320,0.0,0.0
2024-07-19 12:20:00+09:00,43650.0,43650.0,43400.0,43550.0,7239,0.0,0.0
2024-07-19 12:25:00+09:00,43550.0,43550.0,43350.0,43450.0,4990,0.0,0.0
2024-07-19 12:30:00+09:00,43450.0,43550.0,43400.0,43450.0,4532,0.0,0.0
2024-07-19 12:35:00+09:00,43450.0,43550.0,43400.0,43450.0,5682,0.0,0.0
2024-07-19 12:40:00+09:00,43500.0,43550.0,43350.0,43350.0,4629,0.0,0.0
2024-07-19 12:45:00+09:00,43350.0,43400.0,43300.0,43350.0,7626,0.0,0.0
2024-07-19 12:50:00+09:00,43350.0,43450.0,43300.0,43450.0,3413,0.0,0.0
2024-07-19 12:55:00+09:00,43450.0,43500.0,43400.0,43450.0,3250,0.0,0.0
2024-07-19 13:00:00+09:00,43450.0,43450.0,43400.0,43450.0,2718,0.0,0.0
2024-07-19 13:05:00+09:00,43450.0,43450.0,43100.0,43150.0,15195,0.0,0.0
2024-07-19 13:10:00+09:00,43150.0,43350.0,43100.0,43300.0,5978,0.0,0.0
2024-07-19 13:15:00+09:00,43350.0,43400.0,43300.0,43400.0,4488,0.0,0.0
2024-07-19 13:20:00+09:00,43400.0,43500.0,43350.0,43400.0,4940,0.0,0.0
2024-07-19 13:25:00+09:00,43400.0,43500.0,43350.0,43500.0,4292,0.0,0.0
2024-07-19 13:30:00+09:00,43500.0,43500.0,43350.0,43450.0,6147,0.0,0.0
2024-07-19 13:35:00+09:00,43450.0,43550.0,43450.0,43500.0,6777,0.0,0.0
2024-07-19 13:40:00+09:00,43500.0,43650.0,43500.0,43650.0,8015,0.0,0.0
2024-07-19 13:45:00+09:00,43650.0,43700.0,43600.0,43650.0,4796,0.0,0.0
2024-07-19 13:50:00+09:00,43650.0,43750.0,43450.0,43600.0,12316,0.0,0.0
2024-07-19 13:55:00+09:00,43550.0,43600.0,43250.0,43300.0,6687,0.0,0.0
2024-07-19 14:00:00+09:00,43300.0,43400.0,43250.0,43350.0,4269,0.0,0.0
2024-07-19 14:05:00+09:00,43300.0,43400.0,43200.0,43350.0,5478,0.0,0.0
2024-07-19 14:10:00+09:00,43350.0,43400.0,43250.0,43300.0,5478,0.0,0.0
2024-07-19 14:15:00+09:00,43350.0,43500.0,43300.0,43500.0,3720,0.0,0.0
2024-07-19 14:20:00+09:00,43500.0,43550.0,43450.0,43550.0,5231,0.0,0.0
2024-07-19 14:25:00+09:00,43550.0,43550.0,43300.0,43400.0,6684,0.0,0.0
2024-07-19 14:30:00+09:00,43400.0,43550.0,43350.0,43550.0,5953,0.0,0.0
2024-07-19 14:35:00+09:00,43500.0,43700.0,43350.0,43550.0,16849,0.0,0.0
2024-07-19 14:40:00+09:00,43550.0,43650.0,43550.0,43600.0,4662,0.0,0.0
2024-07-19 14:45:00+09:00,43600.0,43650.0,43500.0,43550.0,7896,0.0,0.0
2024-07-19 14:50:00+09:00,43550.0,43650.0,43450.0,43500.0,9965,0.0,0.0
2024-07-19 14:55:00+09:00,43450.0,43650.0,43450.0,43600.0,6569,0.0,0.0
2024-07-22 09:00:00+09:00,44100.0,45250.0,44050.0,44350.0,0,0.0,0.0
2024-07-22 09:05:00+09:00,44350.0,44700.0,43800.0,44250.0,51981,0.0,0.0
2024-07-22 09:10:00+09:00,44250.0,44650.0,44000.0,44550.0,37404,0.0,0.0
2024-07-22 09:15:00+09:00,44550.0,44700.0,43800.0,43800.0,43847,0.0,0.0
2024-07-22 09:20:00+09:00,43850.0,44100.0,43600.0,43750.0,33282,0.0,0.0
2024-07-22 09:25:00+09:00,43750.0,43800.0,43500.0,43600.0,22471,0.0,0.0
2024-07-22 09:30:00+09:00,43650.0,43850.0,43450.0,43850.0,23928,0.0,0.0
2024-07-22 09:35:00+09:00,43850.0,44050.0,43700.0,43950.0,18134,0.0,0.0
2024-07-22 09:40:00+09:00,43950.0,44150.0,43800.0,43900.0,19291,0.0,0.0
2024-07-22 09:45:00+09:00,43900.0,45100.0,43650.0,44300.0,106940,0.0,0.0
2024-07-22 09:50:00+09:00,44350.0,45000.0,44250.0,44700.0,44384,0.0,0.0
2024-07-22 09:55:00+09:00,44650.0,44850.0,44300.0,44500.0,37054,0.0,0.0
2024-07-22 10:00:00+09:00,44500.0,44600.0,44350.0,44350.0,39287,0.0,0.0
2024-07-22 10:05:00+09:00,44400.0,44450.0,44200.0,44250.0,14324,0.0,0.0
2024-07-22 10:10:00+09:00,44250.0,44300.0,44000.0,44050.0,17225,0.0,0.0
2024-07-22 10:15:00+09:00,44050.0,44050.0,43750.0,43750.0,14820,0.0,0.0
2024-07-22 10:20:00+09:00,43750.0,43900.0,43600.0,43850.0,13390,0.0,0.0
2024-07-22 10:25:00+09:00,43850.0,44050.0,43800.0,44000.0,9103,0.0,0.0
2024-07-22 10:30:00+09:00,44000.0,44300.0,43950.0,44200.0,12437,0.0,0.0
2024-07-22 10:35:00+09:00,44200.0,44300.0,44050.0,44050.0,8802,0.0,0.0
2024-07-22 10:40:00+09:00,44000.0,44200.0,44000.0,44150.0,7504,0.0,0.0
2024-07-22 10:45:00+09:00,44200.0,44200.0,43950.0,44200.0,6529,0.0,0.0
2024-07-22 10:50:00+09:00,44200.0,44250.0,43950.0,44250.0,7727,0.0,0.0
2024-07-22 10:55:00+09:00,44250.0,44350.0,44150.0,44300.0,10317,0.0,0.0
2024-07-22 11:00:00+09:00,44300.0,44450.0,44250.0,44400.0,12855,0.0,0.0
2024-07-22 11:05:00+09:00,44400.0,44450.0,44350.0,44400.0,5207,0.0,0.0
2024-07-22 11:10:00+09:00,44350.0,44400.0,44250.0,44300.0,6570,0.0,0.0
2024-07-22 11:15:00+09:00,44300.0,44400.0,44300.0,44400.0,4030,0.0,0.0
2024-07-22 11:20:00+09:00,44400.0,44550.0,44400.0,44550.0,15464,0.0,0.0
2024-07-22 11:25:00+09:00,44550.0,44800.0,44550.0,44700.0,16774,0.0,0.0
2024-07-22 11:30:00+09:00,44650.0,44750.0,44600.0,44650.0,12579,0.0,0.0
2024-07-22 11:35:00+09:00,44600.0,44650.0,44600.0,44600.0,5814,0.0,0.0
2024-07-22 11:40:00+09:00,44600.0,44650.0,44450.0,44650.0,7852,0.0,0.0
2024-07-22 11:45:00+09:00,44650.0,44650.0,44600.0,44600.0,3778,0.0,0.0
2024-07-22 11:50:00+09:00,44600.0,44850.0,44600.0,44800.0,13070,0.0,0.0
2024-07-22 11:55:00+09:00,44800.0,44850.0,44700.0,44700.0,6502,0.0,0.0
2024-07-22 12:00:00+09:00,44750.0,44800.0,44400.0,44600.0,15241,0.0,0.0
2024-07-22 12:05:00+09:00,44650.0,44650.0,44600.0,44600.0,2826,0.0,0.0
2024-07-22 12:10:00+09:00,44650.0,44700.0,44600.0,44700.0,2795,0.0,0.0
2024-07-22 12:15:00+09:00,44700.0,44750.0,44650.0,44750.0,4292,0.0,0.0
2024-07-22 12:20:00+09:00,44750.0,44750.0,44650.0,44700.0,5160,0.0,0.0
2024-07-22 12:25:00+09:00,44700.0,44700.0,44600.0,44600.0,8338,0.0,0.0
2024-07-22 12:30:00+09:00,44600.0,44600.0,44350.0,44450.0,7830,0.0,0.0
2024-07-22 12:35:00+09:00,44450.0,44600.0,44400.0,44550.0,4827,0.0,0.0
2024-07-22 12:40:00+09:00,44550.0,44600.0,44500.0,44600.0,4237,0.0,0.0
2024-07-22 12:45:00+09:00,44600.0,44850.0,44550.0,44800.0,19458,0.0,0.0
2024-07-22 12:50:00+09:00,44750.0,44850.0,44650.0,44800.0,15837,0.0,0.0
2024-07-22 12:55:00+09:00,44800.0,44850.0,44750.0,44800.0,7110,0.0,0.0
2024-07-22 13:00:00+09:00,44800.0,44850.0,44750.0,44800.0,5014,0.0,0.0
2024-07-22 13:05:00+09:00,44800.0,44850.0,44750.0,44750.0,8658,0.0,0.0
2024-07-22 13:10:00+09:00,44750.0,44800.0,44600.0,44600.0,5945,0.0,0.0
2024-07-22 13:15:00+09:00,44600.0,44650.0,44600.0,44600.0,4432,0.0,0.0
2024-07-22 13:20:00+09:00,44600.0,44650.0,44550.0,44600.0,6818,0.0,0.0
2024-07-22 13:25:00+09:00,44600.0,44750.0,44600.0,44700.0,4857,0.0,0.0
2024-07-22 13:30:00+09:00,44700.0,44800.0,44650.0,44700.0,6196,0.0,0.0
2024-07-22 13:35:00+09:00,44700.0,44800.0,44650.0,44750.0,6698,0.0,0.0
2024-07-22 13:40:00+09:00,44800.0,44800.0,44250.0,44350.0,26826,0.0,0.0
2024-07-22 13:45:00+09:00,44350.0,44400.0,43900.0,43900.0,19273,0.0,0.0
2024-07-22 13:50:00+09:00,43900.0,44200.0,43900.0,44150.0,8192,0.0,0.0
2024-07-22 13:55:00+09:00,44150.0,44400.0,44150.0,44150.0,8503,0.0,0.0
2024-07-22 14:00:00+09:00,44150.0,44450.0,44150.0,44400.0,4250,0.0,0.0
2024-07-22 14:05:00+09:00,44400.0,44700.0,44300.0,44650.0,13446,0.0,0.0
2024-07-22 14:10:00+09:00,44650.0,44700.0,44500.0,44550.0,13223,0.0,0.0
2024-07-22 14:15:00+09:00,44550.0,44600.0,44450.0,44600.0,6093,0.0,0.0
2024-07-22 14:20:00+09:00,44600.0,44600.0,44500.0,44550.0,6348,0.0,0.0
2024-07-22 14:25:00+09:00,44550.0,44750.0,44550.0,44750.0,10956,0.0,0.0
2024-07-22 14:30:00+09:00,44750.0,44750.0,44700.0,44750.0,7839,0.0,0.0
2024-07-22 14:35:00+09:00,44750.0,44900.0,44700.0,44900.0,23717,0.0,0.0
2024-07-22 14:40:00+09:00,44900.0,44900.0,44800.0,44800.0,12780,0.0,0.0
2024-07-22 14:45:00+09:00,44850.0,44900.0,44800.0,44900.0,14152,0.0,0.0
2024-07-22 14:50:00+09:00,44900.0,44900.0,44850.0,44850.0,11773,0.0,0.0
2024-07-22 14:55:00+09:00,44900.0,44900.0,44850.0,44900.0,9124,0.0,0.0
2024-07-23 09:00:00+09:00,44950.0,45250.0,44400.0,44700.0,92105,0.0,0.0
2024-07-23 09:05:00+09:00,44800.0,45150.0,43950.0,45150.0,81633,0.0,0.0
2024-07-23 09:10:00+09:00,45150.0,45200.0,44600.0,44600.0,51150,0.0,0.0
2024-07-23 09:15:00+09:00,44650.0,44650.0,44200.0,44300.0,44531,0.0,0.0
2024-07-23 09:20:00+09:00,44300.0,44350.0,43900.0,43950.0,67021,0.0,0.0
2024-07-23 09:25:00+09:00,43950.0,44800.0,43500.0,43800.0,80468,0.0,0.0
2024-07-23 09:30:00+09:00,43800.0,43850.0,43300.0,43450.0,45274,0.0,0.0
2024-07-23 09:35:00+09:00,43400.0,43450.0,43200.0,43250.0,38481,0.0,0.0
2024-07-23 09:40:00+09:00,43200.0,43400.0,43200.0,43350.0,25117,0.0,0.0
2024-07-23 09:45:00+09:00,43350.0,43800.0,43300.0,43700.0,23149,0.0,0.0
2024-07-23 09:50:00+09:00,43750.0,44300.0,43750.0,44050.0,35551,0.0,0.0
2024-07-23 09:55:00+09:00,44100.0,44350.0,44050.0,44300.0,19234,0.0,0.0
2024-07-23 10:00:00+09:00,44300.0,44300.0,43700.0,43850.0,21657,0.0,0.0
2024-07-23 10:05:00+09:00,43750.0,43850.0,43650.0,43800.0,13813,0.0,0.0
2024-07-23 10:10:00+09:00,43750.0,44050.0,43750.0,44050.0,11241,0.0,0.0
2024-07-23 10:15:00+09:00,44050.0,44100.0,43750.0,43800.0,14226,0.0,0.0
2024-07-23 10:20:00+09:00,43800.0,44300.0,43800.0,44250.0,12808,0.0,0.0
2024-07-23 10:25:00+09:00,44250.0,44300.0,44100.0,44100.0,5991,0.0,0.0
2024-07-23 10:30:00+09:00,44100.0,44100.0,43700.0,43850.0,15421,0.0,0.0
2024-07-23 10:35:00+09:00,43850.0,44050.0,43800.0,43950.0,5255,0.0,0.0
2024-07-23 10:40:00+09:00,43950.0,44050.0,43800.0,43800.0,4602,0.0,0.0
2024-07-23 10:45:00+09:00,43850.0,43950.0,43700.0,43800.0,8219,0.0,0.0
2024-07-23 10:50:00+09:00,43800.0,43800.0,43650.0,43700.0,11176,0.0,0.0
2024-07-23 10:55:00+09:00,43700.0,43900.0,43700.0,43850.0,5035,0.0,0.0
2024-07-23 11:00:00+09:00,43850.0,44200.0,43850.0,44200.0,10911,0.0,0.0
2024-07-23 11:05:00+09:00,44200.0,44250.0,44000.0,44050.0,3449,0.0,0.0
2024-07-23 11:10:00+09:00,44000.0,44050.0,43950.0,44050.0,2182,0.0,0.0
2024-07-23 11:15:00+09:00,44050.0,44050.0,43900.0,43900.0,4094,0.0,0.0
2024-07-23 11:20:00+09:00,43900.0,43900.0,43650.0,43750.0,18701,0.0,0.0
2024-07-23 11:25:00+09:00,43750.0,43850.0,43750.0,43850.0,3398,0.0,0.0
2024-07-23 11:30:00+09:00,43850.0,43850.0,43750.0,43850.0,4374,0.0,0.0
2024-07-23 11:35:00+09:00,43800.0,44000.0,43800.0,44000.0,3110,0.0,0.0
2024-07-23 11:40:00+09:00,43950.0,44050.0,43950.0,43950.0,2140,0.0,0.0
2024-07-23 11:45:00+09:00,43950.0,44100.0,43950.0,44050.0,4436,0.0,0.0
2024-07-23 11:50:00+09:00,44050.0,44200.0,44050.0,44200.0,3031,0.0,0.0
2024-07-23 11:55:00+09:00,44150.0,44200.0,44100.0,44150.0,5164,0.0,0.0
2024-07-23 12:00:00+09:00,44200.0,44250.0,44100.0,44200.0,5982,0.0,0.0
2024-07-23 12:05:00+09:00,44200.0,44250.0,44150.0,44200.0,2341,0.0,0.0
2024-07-23 12:10:00+09:00,44200.0,44200.0,44100.0,44150.0,3810,0.0,0.0
2024-07-23 12:15:00+09:00,44150.0,44200.0,44100.0,44100.0,3464,0.0,0.0
2024-07-23 12:20:00+09:00,44100.0,44150.0,43950.0,43950.0,4548,0.0,0.0
2024-07-23 12:25:00+09:00,43950.0,44000.0,43900.0,43900.0,2908,0.0,0.0
2024-07-23 12:30:00+09:00,43900.0,44000.0,43900.0,44000.0,1742,0.0,0.0
2024-07-23 12:35:00+09:00,44000.0,44100.0,44000.0,44050.0,2098,0.0,0.0
2024-07-23 12:40:00+09:00,44050.0,44150.0,44000.0,44050.0,1581,0.0,0.0
2024-07-23 12:45:00+09:00,44100.0,44150.0,44050.0,44050.0,4114,0.0,0.0
2024-07-23 12:50:00+09:00,44100.0,44150.0,44050.0,44100.0,1759,0.0,0.0
2024-07-23 12:55:00+09:00,44100.0,44250.0,44050.0,44250.0,4536,0.0,0.0
2024-07-23 13:00:00+09:00,44250.0,44300.0,44200.0,44250.0,5127,0.0,0.0
2024-07-23 13:05:00+09:00,44250.0,44300.0,44200.0,44250.0,3747,0.0,0.0
2024-07-23 13:10:00+09:00,44250.0,44300.0,44200.0,44300.0,4189,0.0,0.0
2024-07-23 13:15:00+09:00,44300.0,44400.0,44250.0,44400.0,12231,0.0,0.0
2024-07-23 13:20:00+09:00,44400.0,44500.0,44350.0,44500.0,13834,0.0,0.0
2024-07-23 13:25:00+09:00,44500.0,44700.0,44450.0,44450.0,30364,0.0,0.0
2024-07-23 13:30:00+09:00,44400.0,44600.0,44200.0,44400.0,12631,0.0,0.0
2024-07-23 13:35:00+09:00,44400.0,44800.0,44350.0,44750.0,24312,0.0,0.0
2024-07-23 13:40:00+09:00,44750.0,46550.0,44700.0,46250.0,227428,0.0,0.0
2024-07-23 13:45:00+09:00,46250.0,46450.0,45800.0,46400.0,139048,0.0,0.0
2024-07-23 13:50:00+09:00,46350.0,46900.0,46200.0,46650.0,155460,0.0,0.0
2024-07-23 13:55:00+09:00,46650.0,46700.0,46100.0,46250.0,46481,0.0,0.0
2024-07-23 14:00:00+09:00,46300.0,46700.0,46200.0,46700.0,50806,0.0,0.0
2024-07-23 14:05:00+09:00,46700.0,46700.0,46050.0,46400.0,51738,0.0,0.0
2024-07-23 14:10:00+09:00,46400.0,47450.0,46400.0,47150.0,157748,0.0,0.0
2024-07-23 14:15:00+09:00,47100.0,47250.0,46750.0,47050.0,64680,0.0,0.0
2024-07-23 14:20:00+09:00,47050.0,47500.0,47050.0,47400.0,76439,0.0,0.0
2024-07-23 14:25:00+09:00,47400.0,47500.0,47100.0,47400.0,46194,0.0,0.0
2024-07-23 14:30:00+09:00,47350.0,47850.0,47200.0,47700.0,118382,0.0,0.0
2024-07-23 14:35:00+09:00,47700.0,47700.0,47500.0,47600.0,40145,0.0,0.0
2024-07-23 14:40:00+09:00,47600.0,48050.0,47550.0,47850.0,118134,0.0,0.0
2024-07-23 14:45:00+09:00,47900.0,47950.0,47650.0,47950.0,40859,0.0,0.0
2024-07-23 14:50:00+09:00,47950.0,47950.0,47200.0,47400.0,70463,0.0,0.0
2024-07-23 14:55:00+09:00,47400.0,47700.0,47400.0,47500.0,25218,0.0,0.0
2024-07-24 09:00:00+09:00,47700.0,47700.0,46550.0,46700.0,110039,0.0,0.0
2024-07-24 09:05:00+09:00,46800.0,48050.0,46700.0,47400.0,103780,0.0,0.0
2024-07-24 09:10:00+09:00,47300.0,47900.0,47200.0,47750.0,45803,0.0,0.0
2024-07-24 09:15:00+09:00,47750.0,48200.0,47350.0,47550.0,79698,0.0,0.0
2024-07-24 09:20:00+09:00,47600.0,48050.0,47100.0,47150.0,65766,0.0,0.0
2024-07-24 09:25:00+09:00,47150.0,48050.0,47000.0,48050.0,66684,0.0,0.0
2024-07-24 09:30:00+09:00,48050.0,48100.0,47700.0,47750.0,31592,0.0,0.0
2024-07-24 09:35:00+09:00,47800.0,48150.0,47700.0,48100.0,32346,0.0,0.0
2024-07-24 09:40:00+09:00,48100.0,48550.0,48050.0,48400.0,78177,0.0,0.0
2024-07-24 09:45:00+09:00,48400.0,48450.0,47850.0,47850.0,43524,0.0,0.0
2024-07-24 09:50:00+09:00,47850.0,47900.0,47500.0,47500.0,28482,0.0,0.0
2024-07-24 09:55:00+09:00,47500.0,48000.0,47450.0,47700.0,27540,0.0,0.0
2024-07-24 10:00:00+09:00,47700.0,47900.0,47550.0,47650.0,21854,0.0,0.0
2024-07-24 10:05:00+09:00,47650.0,47800.0,47600.0,47700.0,15198,0.0,0.0
2024-07-24 10:10:00+09:00,47700.0,47750.0,47500.0,47500.0,20461,0.0,0.0
2024-07-24 10:15:00+09:00,47500.0,47700.0,47450.0,47600.0,14957,0.0,0.0
2024-07-24 10:20:00+09:00,47600.0,47900.0,47550.0,47800.0,16317,0.0,0.0
2024-07-24 10:25:00+09:00,47750.0,47800.0,47450.0,47550.0,18357,0.0,0.0
2024-07-24 10:30:00+09:00,47550.0,47550.0,47300.0,47400.0,23927,0.0,0.0
2024-07-24 10:35:00+09:00,47350.0,47400.0,47000.0,47150.0,33171,0.0,0.0
2024-07-24 10:40:00+09:00,47150.0,47150.0,46950.0,46950.0,31426,0.0,0.0
2024-07-24 10:45:00+09:00,46950.0,47000.0,46600.0,46600.0,43177,0.0,0.0
2024-07-24 10:50:00+09:00,46600.0,46750.0,46300.0,46450.0,70362,0.0,0.0
2024-07-24 10:55:00+09:00,46450.0,46550.0,46400.0,46550.0,22800,0.0,0.0
2024-07-24 11:00:00+09:00,46500.0,46550.0,46100.0,46400.0,53448,0.0,0.0
2024-07-24 11:05:00+09:00,46400.0,46800.0,46350.0,46800.0,19631,0.0,0.0
2024-07-24 11:10:00+09:00,46800.0,47000.0,46700.0,46950.0,14816,0.0,0.0
2024-07-24 11:15:00+09:00,47000.0,47100.0,46800.0,47000.0,15688,0.0,0.0
2024-07-24 11:20:00+09:00,47000.0,47100.0,46800.0,46900.0,11641,0.0,0.0
2024-07-24 11:25:00+09:00,46900.0,47150.0,46850.0,47000.0,10601,0.0,0.0
2024-07-24 11:30:00+09:00,47050.0,47100.0,46850.0,46900.0,6498,0.0,0.0
2024-07-24 11:35:00+09:00,46900.0,47200.0,46900.0,47100.0,7415,0.0,0.0
2024-07-24 11:40:00+09:00,47150.0,47200.0,47050.0,47100.0,6754,0.0,0.0
2024-07-24 11:45:00+09:00,47100.0,47150.0,47000.0,47050.0,5027,0.0,0.0
2024-07-24 11:50:00+09:00,47000.0,47050.0,46900.0,46950.0,5261,0.0,0.0
2024-07-24 11:55:00+09:00,47000.0,47050.0,46950.0,47000.0,2663,0.0,0.0
2024-07-24 12:00:00+09:00,47000.0,47100.0,47000.0,47050.0,3867,0.0,0.0
2024-07-24 12:05:00+09:00,47100.0,47150.0,47000.0,47050.0,4367,0.0,0.0
2024-07-24 12:10:00+09:00,47050.0,47100.0,47000.0,47000.0,3529,0.0,0.0
2024-07-24 12:15:00+09:00,47050.0,47100.0,47000.0,47050.0,2998,0.0,0.0
2024-07-24 12:20:00+09:00,47100.0,47100.0,47050.0,47100.0,3716,0.0,0.0
2024-07-24 12:25:00+09:00,47100.0,47100.0,47000.0,47050.0,4773,0.0,0.0
2024-07-24 12:30:00+09:00,47000.0,47050.0,47000.0,47000.0,3122,0.0,0.0
2024-07-24 12:35:00+09:00,47050.0,47150.0,47000.0,47100.0,6613,0.0,0.0
2024-07-24 12:40:00+09:00,47150.0,47500.0,47150.0,47400.0,26744,0.0,0.0
2024-07-24 12:45:00+09:00,47450.0,47450.0,47250.0,47250.0,8896,0.0,0.0
2024-07-24 12:50:00+09:00,47250.0,47300.0,47100.0,47200.0,5053,0.0,0.0
2024-07-24 12:55:00+09:00,47150.0,47200.0,47050.0,47050.0,8173,0.0,0.0
2024-07-24 13:00:00+09:00,47100.0,47250.0,47050.0,47150.0,3338,0.0,0.0
2024-07-24 13:05:00+09:00,47150.0,47200.0,47150.0,47200.0,2946,0.0,0.0
2024-07-24 13:10:00+09:00,47150.0,47200.0,47000.0,47100.0,11839,0.0,0.0
2024-07-24 13:15:00+09:00,47100.0,47300.0,47050.0,47300.0,5365,0.0,0.0
2024-07-24 13:20:00+09:00,47300.0,47400.0,47250.0,47350.0,9402,0.0,0.0
2024-07-24 13:25:00+09:00,47350.0,47400.0,47300.0,47350.0,7212,0.0,0.0
2024-07-24 13:30:00+09:00,47350.0,47400.0,47250.0,47350.0,6632,0.0,0.0
2024-07-24 13:35:00+09:00,47350.0,47400.0,47300.0,47300.0,6317,0.0,0.0
2024-07-24 13:40:00+09:00,47300.0,47400.0,47300.0,47350.0,6614,0.0,0.0
2024-07-24 13:45:00+09:00,47350.0,47550.0,47300.0,47450.0,14276,0.0,0.0
2024-07-24 13:50:00+09:00,47500.0,47550.0,47300.0,47300.0,11502,0.0,0.0
2024-07-24 13:55:00+09:00,47300.0,47350.0,47150.0,47150.0,7885,0.0,0.0
2024-07-24 14:00:00+09:00,47150.0,47250.0,47050.0,47200.0,11173,0.0,0.0
2024-07-24 14:05:00+09:00,47200.0,47200.0,46750.0,46750.0,21336,0.0,0.0
2024-07-24 14:10:00+09:00,46800.0,46850.0,46650.0,46850.0,21139,0.0,0.0
2024-07-24 14:15:00+09:00,46850.0,46950.0,46750.0,46800.0,13246,0.0,0.0
2024-07-24 14:20:00+09:00,46800.0,46850.0,46700.0,46800.0,7945,0.0,0.0
2024-07-24 14:25:00+09:00,46800.0,46850.0,46550.0,46550.0,15048,0.0,0.0
2024-07-24 14:30:00+09:00,46550.0,46700.0,46500.0,46700.0,12860,0.0,0.0
2024-07-24 14:35:00+09:00,46700.0,46850.0,46650.0,46800.0,6066,0.0,0.0
2024-07-24 14:40:00+09:00,46800.0,46850.0,46450.0,46550.0,21840,0.0,0.0
2024-07-24 14:45:00+09:00,46500.0,46600.0,46400.0,46550.0,17340,0.0,0.0
2024-07-24 14:50:00+09:00,46600.0,46600.0,46450.0,46550.0,13359,0.0,0.0
2024-07-24 14:55:00+09:00,46550.0,46800.0,46500.0,46750.0,11359,0.0,0.0
2024-07-25 09:00:00+09:00,45700.0,46450.0,44850.0,46400.0,106203,0.0,0.0
2024-07-25 09:05:00+09:00,46400.0,46500.0,45600.0,46050.0,51035,0.0,0.0
2024-07-25 09:10:00+09:00,46050.0,46250.0,45550.0,45800.0,39472,0.0,0.0
2024-07-25 09:15:00+09:00,45800.0,45800.0,45350.0,45400.0,27632,0.0,0.0
2024-07-25 09:20:00+09:00,45400.0,45700.0,44900.0,44900.0,53956,0.0,0.0
2024-07-25 09:25:00+09:00,44950.0,45250.0,44750.0,44850.0,37156,0.0,0.0
2024-07-25 09:30:00+09:00,44800.0,44850.0,44300.0,44600.0,62875,0.0,0.0
2024-07-25 09:35:00+09:00,44600.0,44600.0,44050.0,44050.0,52213,0.0,0.0
2024-07-25 09:40:00+09:00,44150.0,45250.0,44050.0,45000.0,28449,0.0,0.0
2024-07-25 09:45:00+09:00,45000.0,45150.0,44600.0,45000.0,16482,0.0,0.0
2024-07-25 09:50:00+09:00,45000.0,45000.0,44500.0,44700.0,22380,0.0,0.0
2024-07-25 09:55:00+09:00,44700.0,44900.0,44700.0,44800.0,8698,0.0,0.0
2024-07-25 10:00:00+09:00,44750.0,44850.0,44550.0,44650.0,14952,0.0,0.0
2024-07-25 10:05:00+09:00,44650.0,44650.0,44400.0,44550.0,31229,0.0,0.0
2024-07-25 10:10:00+09:00,44550.0,44700.0,44150.0,44250.0,24299,0.0,0.0
2024-07-25 10:15:00+09:00,44200.0,44500.0,44150.0,44400.0,14150,0.0,0.0
2024-07-25 10:20:00+09:00,44400.0,44600.0,44300.0,44550.0,12921,0.0,0.0
2024-07-25 10:25:00+09:00,44550.0,44550.0,44250.0,44400.0,20512,0.0,0.0
2024-07-25 10:30:00+09:00,44400.0,44700.0,44350.0,44400.0,20490,0.0,0.0
2024-07-25 10:35:00+09:00,44350.0,44400.0,44000.0,44050.0,38682,0.0,0.0
2024-07-25 10:40:00+09:00,44050.0,44200.0,44000.0,44050.0,17704,0.0,0.0
2024-07-25 10:45:00+09:00,44050.0,44100.0,44000.0,44050.0,15882,0.0,0.0
2024-07-25 10:50:00+09:00,44000.0,44050.0,43850.0,44000.0,57218,0.0,0.0
2024-07-25 10:55:00+09:00,44000.0,44000.0,43700.0,43750.0,26542,0.0,0.0
2024-07-25 11:00:00+09:00,43750.0,43800.0,43500.0,43500.0,36172,0.0,0.0
2024-07-25 11:05:00+09:00,43550.0,43600.0,43300.0,43500.0,42933,0.0,0.0
2024-07-25 11:10:00+09:00,43500.0,43500.0,42750.0,42850.0,55749,0.0,0.0
2024-07-25 11:15:00+09:00,42900.0,43250.0,42850.0,43050.0,27453,0.0,0.0
2024-07-25 11:20:00+09:00,43000.0,43150.0,42950.0,43150.0,15121,0.0,0.0
2024-07-25 11:25:00+09:00,43150.0,43700.0,43150.0,43500.0,19586,0.0,0.0
2024-07-25 11:30:00+09:00,43500.0,43950.0,43500.0,43950.0,18665,0.0,0.0
2024-07-25 11:35:00+09:00,43950.0,44000.0,43550.0,43650.0,21418,0.0,0.0
2024-07-25 11:40:00+09:00,43650.0,43700.0,43500.0,43500.0,4568,0.0,0.0
2024-07-25 11:45:00+09:00,43500.0,43650.0,43450.0,43500.0,7264,0.0,0.0
2024-07-25 11:50:00+09:00,43500.0,43700.0,43400.0,43400.0,5672,0.0,0.0
2024-07-25 11:55:00+09:00,43450.0,43700.0,43300.0,43700.0,10146,0.0,0.0
2024-07-25 12:00:00+09:00,43700.0,43750.0,43550.0,43750.0,7214,0.0,0.0
2024-07-25 12:05:00+09:00,43750.0,43850.0,43650.0,43700.0,6080,0.0,0.0
2024-07-25 12:10:00+09:00,43700.0,43750.0,43500.0,43600.0,18217,0.0,0.0
2024-07-25 12:15:00+09:00,43550.0,43600.0,43450.0,43600.0,3208,0.0,0.0
2024-07-25 12:20:00+09:00,43550.0,43800.0,43550.0,43600.0,8370,0.0,0.0
2024-07-25 12:25:00+09:00,43650.0,43650.0,43300.0,43350.0,9317,0.0,0.0
2024-07-25 12:30:00+09:00,43350.0,43400.0,43250.0,43300.0,7877,0.0,0.0
2024-07-25 12:35:00+09:00,43250.0,43350.0,43200.0,43300.0,7504,0.0,0.0
2024-07-25 12:40:00+09:00,43300.0,43450.0,43200.0,43400.0,4369,0.0,0.0
2024-07-25 12:45:00+09:00,43400.0,43500.0,43300.0,43350.0,9060,0.0,0.0
2024-07-25 12:50:00+09:00,43300.0,43500.0,43300.0,43350.0,7546,0.0,0.0
2024-07-25 12:55:00+09:00,43350.0,43500.0,43350.0,43400.0,5071,0.0,0.0
2024-07-25 13:00:00+09:00,43450.0,43750.0,43400.0,43700.0,7222,0.0,0.0
2024-07-25 13:05:00+09:00,43700.0,43900.0,43600.0,43900.0,16336,0.0,0.0
2024-07-25 13:10:00+09:00,43850.0,43900.0,43600.0,43750.0,6784,0.0,0.0
2024-07-25 13:15:00+09:00,43700.0,43750.0,43550.0,43600.0,7098,0.0,0.0
2024-07-25 13:20:00+09:00,43600.0,43600.0,43450.0,43600.0,8934,0.0,0.0
2024-07-25 13:25:00+09:00,43600.0,43600.0,43400.0,43500.0,10475,0.0,0.0
2024-07-25 13:30:00+09:00,43500.0,43600.0,43450.0,43600.0,5494,0.0,0.0
2024-07-25 13:35:00+09:00,43600.0,43600.0,43300.0,43450.0,14345,0.0,0.0
2024-07-25 13:40:00+09:00,43400.0,43500.0,43200.0,43250.0,14066,0.0,0.0
2024-07-25 13:45:00+09:00,43250.0,43300.0,42900.0,42950.0,49411,0.0,0.0
2024-07-25 13:50:00+09:00,43050.0,43100.0,42900.0,42950.0,12610,0.0,0.0
2024-07-25 13:55:00+09:00,42950.0,43300.0,42950.0,43300.0,12919,0.0,0.0
2024-07-25 14:00:00+09:00,43300.0,43350.0,43200.0,43200.0,8535,0.0,0.0
2024-07-25 14:05:00+09:00,43300.0,43350.0,43200.0,43300.0,5417,0.0,0.0
2024-07-25 14:10:00+09:00,43300.0,43400.0,43250.0,43350.0,4792,0.0,0.0
2024-07-25 14:15:00+09:00,43350.0,43600.0,43300.0,43500.0,11238,0.0,0.0
2024-07-25 14:20:00+09:00,43500.0,43600.0,43400.0,43450.0,6280,0.0,0.0
2024-07-25 14:25:00+09:00,43400.0,43450.0,43200.0,43250.0,8679,0.0,0.0
2024-07-25 14:30:00+09:00,43300.0,43400.0,43100.0,43200.0,9701,0.0,0.0
2024-07-25 14:35:00+09:00,43200.0,43350.0,43050.0,43200.0,13266,0.0,0.0
2024-07-25 14:40:00+09:00,43200.0,43200.0,42600.0,42650.0,61946,0.0,0.0
2024-07-25 14:45:00+09:00,42650.0,42850.0,42500.0,42750.0,28762,0.0,0.0
2024-07-25 14:50:00+09:00,42800.0,42800.0,42400.0,42450.0,36713,0.0,0.0
2024-07-25 14:55:00+09:00,42500.0,43050.0,42400.0,42950.0,30372,0.0,0.0
2024-07-26 09:00:00+09:00,42950.0,43050.0,42250.0,42350.0,44410,0.0,0.0
2024-07-26 09:05:00+09:00,42350.0,42850.0,42000.0,42300.0,32266,0.0,0.0
2024-07-26 09:10:00+09:00,42350.0,42600.0,42200.0,42300.0,18515,0.0,0.0
2024-07-26 09:15:00+09:00,42550.0,42750.0,42300.0,42450.0,19630,0.0,0.0
2024-07-26 09:20:00+09:00,42350.0,42450.0,41550.0,41700.0,57306,0.0,0.0
2024-07-26 09:25:00+09:00,41700.0,42100.0,41700.0,42000.0,15592,0.0,0.0
2024-07-26 09:30:00+09:00,42000.0,42000.0,41550.0,41850.0,23940,0.0,0.0
2024-07-26 09:35:00+09:00,41900.0,41900.0,41450.0,41700.0,33122,0.0,0.0
2024-07-26 09:40:00+09:00,41700.0,41700.0,41000.0,41550.0,65316,0.0,0.0
2024-07-26 09:45:00+09:00,41500.0,42300.0,41400.0,42200.0,28675,0.0,0.0
2024-07-26 09:50:00+09:00,42200.0,42700.0,42150.0,42500.0,29474,0.0,0.0
2024-07-26 09:55:00+09:00,42500.0,42800.0,42200.0,42800.0,19325,0.0,0.0
2024-07-26 10:00:00+09:00,42800.0,42800.0,42400.0,42500.0,12143,0.0,0.0
2024-07-26 10:05:00+09:00,42450.0,42550.0,42050.0,42050.0,12431,0.0,0.0
2024-07-26 10:10:00+09:00,42000.0,42400.0,42000.0,42300.0,9171,0.0,0.0
2024-07-26 10:15:00+09:00,42350.0,42550.0,42300.0,42400.0,8920,0.0,0.0
2024-07-26 10:20:00+09:00,42400.0,42450.0,42200.0,42350.0,4890,0.0,0.0
2024-07-26 10:25:00+09:00,42350.0,42400.0,41950.0,41950.0,8073,0.0,0.0
2024-07-26 10:30:00+09:00,42000.0,42000.0,41700.0,41950.0,15090,0.0,0.0
2024-07-26 10:35:00+09:00,41950.0,42050.0,41800.0,42050.0,5844,0.0,0.0
2024-07-26 10:40:00+09:00,42050.0,42050.0,41900.0,41900.0,3479,0.0,0.0
2024-07-26 10:45:00+09:00,41950.0,41950.0,41700.0,41800.0,10413,0.0,0.0
2024-07-26 10:50:00+09:00,41800.0,41950.0,41500.0,41650.0,19493,0.0,0.0
2024-07-26 10:55:00+09:00,41650.0,41950.0,41550.0,41900.0,6250,0.0,0.0
2024-07-26 11:00:00+09:00,41900.0,42050.0,41850.0,42050.0,5033,0.0,0.0
2024-07-26 11:05:00+09:00,42050.0,42050.0,41700.0,41700.0,8558,0.0,0.0
2024-07-26 11:10:00+09:00,41800.0,41950.0,41700.0,41900.0,5353,0.0,0.0
2024-07-26 11:15:00+09:00,41900.0,41900.0,41550.0,41700.0,12897,0.0,0.0
2024-07-26 11:20:00+09:00,41700.0,41950.0,41650.0,41850.0,3580,0.0,0.0
2024-07-26 11:25:00+09:00,41900.0,42350.0,41900.0,42350.0,8871,0.0,0.0
2024-07-26 11:30:00+09:00,42350.0,42400.0,42200.0,42300.0,6465,0.0,0.0
2024-07-26 11:35:00+09:00,42300.0,42400.0,42250.0,42300.0,3566,0.0,0.0
2024-07-26 11:40:00+09:00,42250.0,42300.0,42150.0,42250.0,2788,0.0,0.0
2024-07-26 11:45:00+09:00,42250.0,42250.0,42150.0,42200.0,2021,0.0,0.0
2024-07-26 11:50:00+09:00,42200.0,42250.0,42200.0,42250.0,2987,0.0,0.0
2024-07-26 11:55:00+09:00,42250.0,42300.0,42150.0,42250.0,4113,0.0,0.0
2024-07-26 12:00:00+09:00,42300.0,42500.0,42300.0,42350.0,7769,0.0,0.0
2024-07-26 12:05:00+09:00,42350.0,42400.0,42300.0,42350.0,3807,0.0,0.0
2024-07-26 12:10:00+09:00,42300.0,42400.0,42200.0,42350.0,5509,0.0,0.0
2024-07-26 12:15:00+09:00,42350.0,42400.0,42250.0,42400.0,2262,0.0,0.0
2024-07-26 12:20:00+09:00,42300.0,42350.0,42200.0,42250.0,4193,0.0,0.0
2024-07-26 12:25:00+09:00,42200.0,42250.0,42200.0,42200.0,2952,0.0,0.0
2024-07-26 12:30:00+09:00,42250.0,42300.0,42200.0,42200.0,4633,0.0,0.0
2024-07-26 12:35:00+09:00,42300.0,42300.0,42150.0,42200.0,2414,0.0,0.0
2024-07-26 12:40:00+09:00,42200.0,42250.0,42150.0,42200.0,1877,0.0,0.0
2024-07-26 12:45:00+09:00,42200.0,42200.0,42150.0,42200.0,3296,0.0,0.0
2024-07-26 12:50:00+09:00,42150.0,42150.0,41500.0,41900.0,34281,0.0,0.0
2024-07-26 12:55:00+09:00,41900.0,42050.0,41850.0,42050.0,2115,0.0,0.0
2024-07-26 13:00:00+09:00,42050.0,42100.0,41850.0,42000.0,2532,0.0,0.0
2024-07-26 13:05:00+09:00,42000.0,42050.0,41850.0,41900.0,3719,0.0,0.0
2024-07-26 13:10:00+09:00,41850.0,41900.0,41800.0,41850.0,3350,0.0,0.0
2024-07-26 13:15:00+09:00,41900.0,41900.0,41750.0,41800.0,3329,0.0,0.0
2024-07-26 13:20:00+09:00,41800.0,41800.0,41550.0,41750.0,12018,0.0,0.0
2024-07-26 13:25:00+09:00,41800.0,41800.0,41650.0,41650.0,2883,0.0,0.0
2024-07-26 13:30:00+09:00,41650.0,42000.0,41650.0,42000.0,6796,0.0,0.0
2024-07-26 13:35:00+09:00,42000.0,42000.0,41600.0,41800.0,11865,0.0,0.0
2024-07-26 13:40:00+09:00,41750.0,41850.0,41700.0,41850.0,3555,0.0,0.0
2024-07-26 13:45:00+09:00,41850.0,42000.0,41800.0,41850.0,3165,0.0,0.0
2024-07-26 13:50:00+09:00,41800.0,41950.0,41800.0,41950.0,3080,0.0,0.0
2024-07-26 13:55:00+09:00,41950.0,42050.0,41850.0,41950.0,5554,0.0,0.0
2024-07-26 14:00:00+09:00,41950.0,42000.0,41800.0,41950.0,3620,0.0,0.0
2024-07-26 14:05:00+09:00,41950.0,42050.0,41900.0,42000.0,6857,0.0,0.0
2024-07-26 14:10:00+09:00,42000.0,42000.0,41800.0,41800.0,3421,0.0,0.0
2024-07-26 14:15:00+09:00,41900.0,42150.0,41750.0,42150.0,7850,0.0,0.0
2024-07-26 14:20:00+09:00,42150.0,42250.0,42100.0,42250.0,6285,0.0,0.0
2024-07-26 14:25:00+09:00,42250.0,42450.0,42200.0,42400.0,12133,0.0,0.0
2024-07-26 14:30:00+09:00,42350.0,42400.0,42250.0,42250.0,4801,0.0,0.0
2024-07-26 14:35:00+09:00,42300.0,42300.0,42050.0,42100.0,6805,0.0,0.0
2024-07-26 14:40:00+09:00,42050.0,42150.0,41900.0,42000.0,9156,0.0,0.0
2024-07-26 14:45:00+09:00,42050.0,42100.0,41950.0,42100.0,4988,0.0,0.0
2024-07-26 14:50:00+09:00,42050.0,42100.0,42000.0,42100.0,5087,0.0,0.0
2024-07-26 14:55:00+09:00,42100.0,42150.0,42000.0,42100.0,7332,0.0,0.0
2024-07-29 09:00:00+09:00,42350.0,42350.0,41750.0,41900.0,0,0.0,0.0
2024-07-29 09:05:00+09:00,42200.0,43300.0,42150.0,43100.0,59054,0.0,0.0
2024-07-29 09:10:00+09:00,43150.0,44400.0,43000.0,44050.0,131889,0.0,0.0
2024-07-29 09:15:00+09:00,44100.0,44250.0,43600.0,44100.0,49244,0.0,0.0
2024-07-29 09:20:00+09:00,44100.0,44750.0,43950.0,44300.0,85559,0.0,0.0
2024-07-29 09:25:00+09:00,44300.0,44850.0,44150.0,44800.0,50984,0.0,0.0
2024-07-29 09:30:00+09:00,44800.0,45500.0,44800.0,45200.0,148841,0.0,0.0
2024-07-29 09:35:00+09:00,45250.0,45300.0,44450.0,44850.0,56162,0.0,0.0
2024-07-29 09:40:00+09:00,44850.0,45050.0,44550.0,44850.0,35679,0.0,0.0
2024-07-29 09:45:00+09:00,44850.0,44950.0,44600.0,44900.0,24168,0.0,0.0
2024-07-29 09:50:00+09:00,44900.0,45050.0,44750.0,45000.0,29192,0.0,0.0
2024-07-29 09:55:00+09:00,45050.0,45300.0,45000.0,45100.0,31505,0.0,0.0
2024-07-29 10:00:00+09:00,45050.0,45200.0,44800.0,44900.0,14730,0.0,0.0
2024-07-29 10:05:00+09:00,44900.0,44950.0,44800.0,44850.0,8165,0.0,0.0
2024-07-29 10:10:00+09:00,44850.0,45150.0,44750.0,45100.0,22454,0.0,0.0
2024-07-29 10:15:00+09:00,45100.0,45900.0,45050.0,45800.0,112866,0.0,0.0
2024-07-29 10:20:00+09:00,45800.0,46150.0,45600.0,45850.0,73188,0.0,0.0
2024-07-29 10:25:00+09:00,45850.0,45900.0,45500.0,45600.0,31724,0.0,0.0
2024-07-29 10:30:00+09:00,45600.0,45750.0,45250.0,45450.0,29362,0.0,0.0
2024-07-29 10:35:00+09:00,45450.0,45500.0,44700.0,44850.0,56506,0.0,0.0
2024-07-29 10:40:00+09:00,44800.0,45200.0,44750.0,45050.0,24093,0.0,0.0
2024-07-29 10:45:00+09:00,45050.0,45100.0,44900.0,44900.0,8264,0.0,0.0
2024-07-29 10:50:00+09:00,44900.0,44900.0,44600.0,44700.0,31133,0.0,0.0
2024-07-29 10:55:00+09:00,44700.0,44850.0,44600.0,44700.0,14105,0.0,0.0
2024-07-29 11:00:00+09:00,44600.0,44950.0,44600.0,44950.0,5917,0.0,0.0
2024-07-29 11:05:00+09:00,44950.0,44950.0,44650.0,44650.0,10514,0.0,0.0
2024-07-29 11:10:00+09:00,44650.0,44800.0,44500.0,44550.0,24437,0.0,0.0
2024-07-29 11:15:00+09:00,44500.0,44600.0,44450.0,44600.0,8939,0.0,0.0
2024-07-29 11:20:00+09:00,44600.0,44600.0,44200.0,44300.0,15392,0.0,0.0
2024-07-29 11:25:00+09:00,44250.0,44350.0,44200.0,44350.0,10165,0.0,0.0
2024-07-29 11:30:00+09:00,44300.0,44400.0,44250.0,44300.0,5331,0.0,0.0
2024-07-29 11:35:00+09:00,44300.0,44350.0,44250.0,44250.0,4366,0.0,0.0
2024-07-29 11:40:00+09:00,44250.0,44550.0,44250.0,44500.0,4069,0.0,0.0
2024-07-29 11:45:00+09:00,44450.0,44650.0,44400.0,44600.0,5918,0.0,0.0
2024-07-29 11:50:00+09:00,44650.0,44650.0,44500.0,44600.0,6652,0.0,0.0
2024-07-29 11:55:00+09:00,44600.0,44600.0,44450.0,44450.0,3818,0.0,0.0
2024-07-29 12:00:00+09:00,44500.0,44500.0,44450.0,44500.0,3459,0.0,0.0
2024-07-29 12:05:00+09:00,44450.0,44600.0,44450.0,44500.0,3428,0.0,0.0
2024-07-29 12:10:00+09:00,44500.0,44700.0,44500.0,44550.0,4307,0.0,0.0
2024-07-29 12:15:00+09:00,44600.0,44600.0,44500.0,44500.0,3940,0.0,0.0
2024-07-29 12:20:00+09:00,44550.0,44550.0,44450.0,44500.0,3960,0.0,0.0
2024-07-29 12:25:00+09:00,44600.0,44650.0,44500.0,44650.0,4200,0.0,0.0
2024-07-29 12:30:00+09:00,44650.0,44700.0,44550.0,44600.0,4882,0.0,0.0
2024-07-29 12:35:00+09:00,44600.0,44800.0,44550.0,44750.0,4686,0.0,0.0
2024-07-29 12:40:00+09:00,44750.0,45050.0,44750.0,45000.0,15215,0.0,0.0
2024-07-29 12:45:00+09:00,45050.0,45200.0,44950.0,45100.0,13653,0.0,0.0
2024-07-29 12:50:00+09:00,45150.0,45350.0,45000.0,45200.0,20402,0.0,0.0
2024-07-29 12:55:00+09:00,45150.0,45400.0,45150.0,45300.0,8713,0.0,0.0
2024-07-29 13:00:00+09:00,45300.0,45550.0,45200.0,45550.0,22196,0.0,0.0
2024-07-29 13:05:00+09:00,45550.0,45700.0,45400.0,45650.0,21508,0.0,0.0
2024-07-29 13:10:00+09:00,45600.0,45700.0,45300.0,45350.0,12619,0.0,0.0
2024-07-29 13:15:00+09:00,45300.0,45550.0,45300.0,45400.0,14552,0.0,0.0
2024-07-29 13:20:00+09:00,45400.0,45650.0,45350.0,45550.0,23201,0.0,0.0
2024-07-29 13:25:00+09:00,45600.0,45650.0,45350.0,45500.0,10391,0.0,0.0
2024-07-29 13:30:00+09:00,45500.0,45800.0,45400.0,45750.0,44305,0.0,0.0
2024-07-29 13:35:00+09:00,45750.0,45900.0,45650.0,45700.0,27202,0.0,0.0
2024-07-29 13:40:00+09:00,45700.0,45800.0,45550.0,45700.0,9645,0.0,0.0
2024-07-29 13:45:00+09:00,45650.0,45700.0,45600.0,45600.0,6889,0.0,0.0
2024-07-29 13:50:00+09:00,45600.0,45650.0,45400.0,45450.0,11530,0.0,0.0
2024-07-29 13:55:00+09:00,45500.0,45600.0,45400.0,45600.0,5621,0.0,0.0
2024-07-29 14:00:00+09:00,45500.0,45600.0,45450.0,45500.0,6673,0.0,0.0
2024-07-29 14:05:00+09:00,45500.0,45550.0,45350.0,45450.0,8081,0.0,0.0
2024-07-29 14:10:00+09:00,45450.0,45500.0,45350.0,45500.0,9746,0.0,0.0
2024-07-29 14:15:00+09:00,45500.0,45600.0,45450.0,45500.0,12035,0.0,0.0
2024-07-29 14:20:00+09:00,45500.0,45650.0,45350.0,45350.0,20005,0.0,0.0
2024-07-29 14:25:00+09:00,45350.0,45550.0,45350.0,45550.0,4043,0.0,0.0
2024-07-29 14:30:00+09:00,45500.0,45650.0,45500.0,45600.0,13709,0.0,0.0
2024-07-29 14:35:00+09:00,45600.0,45650.0,45550.0,45550.0,3810,0.0,0.0
2024-07-29 14:40:00+09:00,45550.0,45700.0,45550.0,45700.0,12042,0.0,0.0
2024-07-29 14:45:00+09:00,45700.0,45750.0,45650.0,45700.0,7511,0.0,0.0
2024-07-29 14:50:00+09:00,45700.0,45850.0,45650.0,45650.0,28960,0.0,0.0
2024-07-29 14:55:00+09:00,45650.0,45850.0,45600.0,45800.0,27913,0.0,0.0
2024-07-30 09:00:00+09:00,45400.0,46000.0,45050.0,45350.0,63311,0.0,0.0
2024-07-30 09:05:00+09:00,45350.0,45800.0,45050.0,45250.0,46237,0.0,0.0
2024-07-30 09:10:00+09:00,45250.0,45250.0,44450.0,44500.0,64739,0.0,0.0
2024-07-30 09:15:00+09:00,44450.0,44950.0,44150.0,44700.0,47274,0.0,0.0
2024-07-30 09:20:00+09:00,44700.0,45050.0,44500.0,44500.0,20068,0.0,0.0
2024-07-30 09:25:00+09:00,44550.0,45000.0,44550.0,44600.0,14499,0.0,0.0
2024-07-30 09:30:00+09:00,44600.0,44650.0,44250.0,44350.0,26997,0.0,0.0
2024-07-30 09:35:00+09:00,44350.0,44850.0,44350.0,44850.0,7596,0.0,0.0
2024-07-30 09:40:00+09:00,44800.0,44950.0,44550.0,44600.0,16719,0.0,0.0
2024-07-30 09:45:00+09:00,44600.0,44800.0,44500.0,44600.0,8827,0.0,0.0
2024-07-30 09:50:00+09:00,44550.0,44650.0,44350.0,44600.0,23635,0.0,0.0
2024-07-30 09:55:00+09:00,44550.0,45000.0,44450.0,45000.0,9290,0.0,0.0
2024-07-30 10:00:00+09:00,45000.0,45100.0,44800.0,44950.0,20389,0.0,0.0
2024-07-30 10:05:00+09:00,44850.0,45000.0,44700.0,44750.0,6586,0.0,0.0
2024-07-30 10:10:00+09:00,44750.0,44850.0,44600.0,44700.0,7125,0.0,0.0
2024-07-30 10:15:00+09:00,44800.0,45000.0,44700.0,44800.0,4583,0.0,0.0
2024-07-30 10:20:00+09:00,44750.0,44850.0,44650.0,44850.0,6818,0.0,0.0
2024-07-30 10:25:00+09:00,44800.0,44850.0,44600.0,44650.0,8530,0.0,0.0
2024-07-30 10:30:00+09:00,44700.0,44700.0,44600.0,44650.0,6778,0.0,0.0
2024-07-30 10:35:00+09:00,44650.0,44800.0,44650.0,44700.0,4280,0.0,0.0
2024-07-30 10:40:00+09:00,44650.0,44750.0,44550.0,44650.0,5718,0.0,0.0
2024-07-30 10:45:00+09:00,44650.0,44800.0,44650.0,44750.0,1950,0.0,0.0
2024-07-30 10:50:00+09:00,44700.0,44850.0,44700.0,44800.0,3115,0.0,0.0
2024-07-30 10:55:00+09:00,44800.0,44900.0,44800.0,44800.0,4196,0.0,0.0
2024-07-30 11:00:00+09:00,44800.0,44800.0,44500.0,44600.0,6307,0.0,0.0
2024-07-30 11:05:00+09:00,44600.0,44650.0,44550.0,44550.0,3953,0.0,0.0
2024-07-30 11:10:00+09:00,44550.0,44800.0,44400.0,44550.0,11689,0.0,0.0
2024-07-30 11:15:00+09:00,44550.0,44800.0,44450.0,44650.0,2494,0.0,0.0
2024-07-30 11:20:00+09:00,44650.0,44750.0,44550.0,44600.0,3041,0.0,0.0
2024-07-30 11:25:00+09:00,44600.0,44800.0,44550.0,44700.0,2328,0.0,0.0
2024-07-30 11:30:00+09:00,44750.0,44800.0,44500.0,44600.0,3801,0.0,0.0
2024-07-30 11:35:00+09:00,44600.0,44750.0,44600.0,44650.0,1001,0.0,0.0
2024-07-30 11:40:00+09:00,44650.0,44700.0,44600.0,44600.0,1649,0.0,0.0
2024-07-30 11:45:00+09:00,44600.0,44750.0,44600.0,44700.0,1910,0.0,0.0
2024-07-30 11:50:00+09:00,44700.0,44750.0,44550.0,44650.0,4965,0.0,0.0
2024-07-30 11:55:00+09:00,44650.0,44700.0,44500.0,44550.0,4102,0.0,0.0
2024-07-30 12:00:00+09:00,44550.0,44750.0,44500.0,44600.0,5125,0.0,0.0
2024-07-30 12:05:00+09:00,44550.0,44700.0,44500.0,44700.0,2331,0.0,0.0
2024-07-30 12:10:00+09:00,44700.0,44700.0,44500.0,44550.0,4136,0.0,0.0
2024-07-30 12:15:00+09:00,44550.0,44700.0,44500.0,44600.0,2451,0.0,0.0
2024-07-30 12:20:00+09:00,44600.0,44650.0,44500.0,44550.0,4486,0.0,0.0
2024-07-30 12:25:00+09:00,44550.0,44650.0,44500.0,44600.0,1900,0.0,0.0
2024-07-30 12:30:00+09:00,44600.0,44800.0,44600.0,44700.0,3633,0.0,0.0
2024-07-30 12:35:00+09:00,44700.0,44800.0,44600.0,44650.0,3849,0.0,0.0
2024-07-30 12:40:00+09:00,44650.0,44750.0,44600.0,44750.0,5022,0.0,0.0
2024-07-30 12:45:00+09:00,44700.0,45000.0,44700.0,44950.0,9567,0.0,0.0
2024-07-30 12:50:00+09:00,44950.0,45050.0,44900.0,44950.0,7989,0.0,0.0
2024-07-30 12:55:00+09:00,44950.0,45050.0,44950.0,45000.0,4259,0.0,0.0
2024-07-30 13:00:00+09:00,45000.0,45050.0,44850.0,44950.0,6852,0.0,0.0
2024-07-30 13:05:00+09:00,44950.0,45000.0,44700.0,44800.0,6526,0.0,0.0
2024-07-30 13:10:00+09:00,44750.0,44800.0,44600.0,44700.0,4647,0.0,0.0
2024-07-30 13:15:00+09:00,44650.0,44700.0,44500.0,44600.0,8272,0.0,0.0
2024-07-30 13:20:00+09:00,44600.0,44700.0,44500.0,44650.0,6071,0.0,0.0
2024-07-30 13:25:00+09:00,44600.0,44650.0,44450.0,44600.0,7867,0.0,0.0
2024-07-30 13:30:00+09:00,44600.0,44800.0,44550.0,44750.0,3011,0.0,0.0
2024-07-30 13:35:00+09:00,44800.0,44850.0,44700.0,44750.0,3340,0.0,0.0
2024-07-30 13:40:00+09:00,44700.0,44800.0,44700.0,44800.0,1509,0.0,0.0
2024-07-30 13:45:00+09:00,44750.0,44800.0,44650.0,44700.0,3621,0.0,0.0
2024-07-30 13:50:00+09:00,44700.0,44750.0,44700.0,44700.0,1685,0.0,0.0
2024-07-30 13:55:00+09:00,44750.0,44800.0,44700.0,44800.0,2393,0.0,0.0
2024-07-30 14:00:00+09:00,44800.0,44800.0,44600.0,44600.0,4086,0.0,0.0
2024-07-30 14:05:00+09:00,44650.0,44750.0,44600.0,44650.0,2863,0.0,0.0
2024-07-30 14:10:00+09:00,44650.0,44700.0,44650.0,44700.0,2139,0.0,0.0
2024-07-30 14:15:00+09:00,44700.0,44700.0,44600.0,44650.0,7231,0.0,0.0
2024-07-30 14:20:00+09:00,44650.0,44700.0,44500.0,44550.0,8036,0.0,0.0
2024-07-30 14:25:00+09:00,44600.0,44650.0,44500.0,44550.0,8070,0.0,0.0
2024-07-30 14:30:00+09:00,44550.0,44650.0,44450.0,44500.0,36829,0.0,0.0
2024-07-30 14:35:00+09:00,44500.0,44550.0,44450.0,44550.0,4888,0.0,0.0
2024-07-30 14:40:00+09:00,44600.0,44600.0,44550.0,44550.0,2265,0.0,0.0
2024-07-30 14:45:00+09:00,44600.0,44600.0,44500.0,44600.0,5395,0.0,0.0
2024-07-30 14:50:00+09:00,44600.0,44700.0,44550.0,44600.0,5199,0.0,0.0
2024-07-30 14:55:00+09:00,44650.0,44850.0,44650.0,44800.0,5520,0.0,0.0
2024-07-31 09:00:00+09:00,45300.0,45700.0,44850.0,45650.0,89616,0.0,0.0
2024-07-31 09:05:00+09:00,45650.0,45850.0,45300.0,45400.0,71099,0.0,0.0
2024-07-31 09:10:00+09:00,45350.0,45650.0,45000.0,45600.0,32069,0.0,0.0
2024-07-31 09:15:00+09:00,45600.0,46300.0,45600.0,46150.0,57116,0.0,0.0
2024-07-31 09:20:00+09:00,46150.0,46300.0,45800.0,46100.0,48275,0.0,0.0
2024-07-31 09:25:00+09:00,46000.0,46150.0,45800.0,46000.0,25762,0.0,0.0
2024-07-31 09:30:00+09:00,46000.0,46100.0,45300.0,45350.0,36070,0.0,0.0
2024-07-31 09:35:00+09:00,45350.0,45400.0,45250.0,45400.0,11256,0.0,0.0
2024-07-31 09:40:00+09:00,45400.0,45400.0,45000.0,45100.0,30546,0.0,0.0
2024-07-31 09:45:00+09:00,45050.0,45150.0,44850.0,44950.0,21766,0.0,0.0
2024-07-31 09:50:00+09:00,44950.0,45300.0,44850.0,45150.0,12620,0.0,0.0
2024-07-31 09:55:00+09:00,45150.0,45300.0,45150.0,45300.0,5598,0.0,0.0
2024-07-31 10:00:00+09:00,45300.0,45300.0,45100.0,45150.0,4117,0.0,0.0
2024-07-31 10:05:00+09:00,45150.0,45150.0,44850.0,44900.0,11347,0.0,0.0
2024-07-31 10:10:00+09:00,45000.0,45050.0,44950.0,45050.0,2507,0.0,0.0
2024-07-31 10:15:00+09:00,45000.0,45150.0,45000.0,45050.0,4188,0.0,0.0
2024-07-31 10:20:00+09:00,45000.0,45200.0,45000.0,45200.0,3522,0.0,0.0
2024-07-31 10:25:00+09:00,45200.0,45400.0,45200.0,45350.0,6890,0.0,0.0
2024-07-31 10:30:00+09:00,45350.0,45400.0,45100.0,45200.0,7105,0.0,0.0
2024-07-31 10:35:00+09:00,45150.0,45200.0,45000.0,45100.0,9681,0.0,0.0
2024-07-31 10:40:00+09:00,45100.0,45200.0,44800.0,44800.0,18891,0.0,0.0
2024-07-31 10:45:00+09:00,44800.0,44850.0,44450.0,44650.0,24894,0.0,0.0
2024-07-31 10:50:00+09:00,44700.0,44800.0,44550.0,44600.0,6918,0.0,0.0
2024-07-31 10:55:00+09:00,44600.0,44650.0,44150.0,44500.0,26718,0.0,0.0
2024-07-31 11:00:00+09:00,44500.0,44750.0,44450.0,44700.0,5499,0.0,0.0
2024-07-31 11:05:00+09:00,44700.0,44800.0,44500.0,44600.0,7300,0.0,0.0
2024-07-31 11:10:00+09:00,44600.0,44750.0,44550.0,44750.0,2810,0.0,0.0
2024-07-31 11:15:00+09:00,44700.0,44750.0,44550.0,44600.0,4161,0.0,0.0
2024-07-31 11:20:00+09:00,44600.0,44650.0,44550.0,44550.0,3699,0.0,0.0
2024-07-31 11:25:00+09:00,44600.0,44600.0,44450.0,44500.0,7015,0.0,0.0
2024-07-31 11:30:00+09:00,44500.0,44650.0,44500.0,44600.0,2424,0.0,0.0
2024-07-31 11:35:00+09:00,44600.0,44750.0,44550.0,44750.0,3342,0.0,0.0
2024-07-31 11:40:00+09:00,44700.0,44800.0,44550.0,44600.0,2276,0.0,0.0
2024-07-31 11:45:00+09:00,44600.0,44600.0,44500.0,44550.0,4107,0.0,0.0
2024-07-31 11:50:00+09:00,44500.0,44550.0,44450.0,44550.0,5884,0.0,0.0
2024-07-31 11:55:00+09:00,44500.0,44550.0,44300.0,44350.0,8092,0.0,0.0
2024-07-31 12:00:00+09:00,44350.0,44500.0,44300.0,44450.0,4337,0.0,0.0
2024-07-31 12:05:00+09:00,44400.0,44550.0,44400.0,44450.0,1638,0.0,0.0
2024-07-31 12:10:00+09:00,44450.0,44550.0,44350.0,44500.0,1853,0.0,0.0
2024-07-31 12:15:00+09:00,44500.0,44550.0,44300.0,44550.0,2974,0.0,0.0
2024-07-31 12:20:00+09:00,44550.0,44550.0,44400.0,44500.0,1637,0.0,0.0
2024-07-31 12:25:00+09:00,44450.0,44500.0,44350.0,44450.0,2367,0.0,0.0
2024-07-31 12:30:00+09:00,44400.0,44500.0,44350.0,44450.0,2127,0.0,0.0
2024-07-31 12:35:00+09:00,44400.0,44500.0,44400.0,44400.0,1104,0.0,0.0
2024-07-31 12:40:00+09:00,44400.0,44700.0,44350.0,44650.0,3991,0.0,0.0
2024-07-31 12:45:00+09:00,44650.0,45000.0,44500.0,44850.0,8134,0.0,0.0
2024-07-31 12:50:00+09:00,44800.0,44900.0,44650.0,44800.0,2961,0.0,0.0
2024-07-31 12:55:00+09:00,44900.0,45050.0,44800.0,44950.0,6702,0.0,0.0
2024-07-31 13:00:00+09:00,44950.0,44950.0,44750.0,44800.0,3384,0.0,0.0
2024-07-31 13:05:00+09:00,44850.0,44900.0,44700.0,44800.0,4204,0.0,0.0
2024-07-31 13:10:00+09:00,44850.0,44900.0,44600.0,44650.0,7363,0.0,0.0
2024-07-31 13:15:00+09:00,44650.0,44650.0,44450.0,44550.0,7547,0.0,0.0
2024-07-31 13:20:00+09:00,44550.0,44600.0,44300.0,44300.0,11256,0.0,0.0
2024-07-31 13:25:00+09:00,44350.0,44450.0,44300.0,44400.0,7980,0.0,0.0
2024-07-31 13:30:00+09:00,44400.0,44500.0,44250.0,44450.0,8078,0.0,0.0
2024-07-31 13:35:00+09:00,44450.0,44550.0,44350.0,44400.0,4132,0.0,0.0
2024-07-31 13:40:00+09:00,44450.0,44500.0,44350.0,44400.0,4103,0.0,0.0
2024-07-31 13:45:00+09:00,44400.0,44500.0,44350.0,44500.0,3068,0.0,0.0
2024-07-31 13:50:00+09:00,44500.0,44550.0,44250.0,44400.0,7849,0.0,0.0
2024-07-31 13:55:00+09:00,44500.0,44650.0,44400.0,44550.0,3641,0.0,0.0
2024-07-31 14:00:00+09:00,44550.0,44700.0,44450.0,44700.0,3153,0.0,0.0
2024-07-31 14:05:00+09:00,44700.0,44750.0,44500.0,44750.0,6488,0.0,0.0
2024-07-31 14:10:00+09:00,44750.0,44750.0,44500.0,44600.0,4265,0.0,0.0
2024-07-31 14:15:00+09:00,44600.0,44650.0,44450.0,44500.0,3325,0.0,0.0
2024-07-31 14:20:00+09:00,44550.0,44550.0,44400.0,44500.0,3258,0.0,0.0
2024-07-31 14:25:00+09:00,44550.0,44550.0,44400.0,44450.0,6292,0.0,0.0
2024-07-31 14:30:00+09:00,44500.0,44500.0,44350.0,44450.0,9234,0.0,0.0
2024-07-31 14:35:00+09:00,44450.0,44500.0,44350.0,44400.0,4169,0.0,0.0
2024-07-31 14:40:00+09:00,44450.0,44450.0,44200.0,44200.0,25751,0.0,0.0
2024-07-31 14:45:00+09:00,44250.0,44300.0,44100.0,44250.0,11573,0.0,0.0
2024-07-31 14:50:00+09:00,44300.0,44500.0,44150.0,44450.0,8790,0.0,0.0
2024-07-31 14:55:00+09:00,44450.0,44550.0,44300.0,44400.0,7375,0.0,0.0
2024-08-01 09:00:00+09:00,44550.0,44850.0,44000.0,44300.0,58696,0.0,0.0
2024-08-01 09:05:00+09:00,44300.0,45850.0,44250.0,45850.0,96940,0.0,0.0
2024-08-01 09:10:00+09:00,45900.0,47200.0,45850.0,46200.0,228806,0.0,0.0
2024-08-01 09:15:00+09:00,46200.0,46500.0,46000.0,46300.0,56764,0.0,0.0
2024-08-01 09:20:00+09:00,46300.0,47000.0,46250.0,46750.0,77427,0.0,0.0
2024-08-01 09:25:00+09:00,46700.0,46950.0,46450.0,46750.0,34443,0.0,0.0
2024-08-01 09:30:00+09:00,46800.0,47100.0,46700.0,46700.0,78988,0.0,0.0
2024-08-01 09:35:00+09:00,46750.0,46750.0,46050.0,46250.0,55390,0.0,0.0
2024-08-01 09:40:00+09:00,46250.0,46750.0,45750.0,46150.0,41717,0.0,0.0
2024-08-01 09:45:00+09:00,46100.0,46400.0,45650.0,45900.0,26113,0.0,0.0
2024-08-01 09:50:00+09:00,45900.0,46150.0,45750.0,46100.0,20524,0.0,0.0
2024-08-01 09:55:00+09:00,46050.0,46600.0,46050.0,46200.0,24732,0.0,0.0
2024-08-01 10:00:00+09:00,46200.0,46400.0,45850.0,46150.0,19068,0.0,0.0
2024-08-01 10:05:00+09:00,46150.0,46550.0,46150.0,46150.0,13832,0.0,0.0
2024-08-01 10:10:00+09:00,46150.0,46700.0,46100.0,46600.0,25670,0.0,0.0
2024-08-01 10:15:00+09:00,46600.0,46700.0,46200.0,46400.0,18189,0.0,0.0
2024-08-01 10:20:00+09:00,46350.0,46550.0,46150.0,46150.0,11372,0.0,0.0
2024-08-01 10:25:00+09:00,46150.0,46150.0,45900.0,45950.0,16716,0.0,0.0
2024-08-01 10:30:00+09:00,45950.0,46000.0,45750.0,45850.0,21912,0.0,0.0
2024-08-01 10:35:00+09:00,45850.0,46150.0,45850.0,46050.0,7783,0.0,0.0
2024-08-01 10:40:00+09:00,46100.0,46250.0,45900.0,46150.0,7001,0.0,0.0
2024-08-01 10:45:00+09:00,46150.0,46450.0,46000.0,46350.0,15727,0.0,0.0
2024-08-01 10:50:00+09:00,46350.0,46400.0,46100.0,46300.0,7183,0.0,0.0
2024-08-01 10:55:00+09:00,46350.0,46500.0,46150.0,46450.0,16518,0.0,0.0
2024-08-01 11:00:00+09:00,46500.0,46500.0,46300.0,46500.0,7963,0.0,0.0
2024-08-01 11:05:00+09:00,46500.0,46700.0,46400.0,46550.0,23832,0.0,0.0
2024-08-01 11:10:00+09:00,46600.0,46700.0,46500.0,46550.0,11642,0.0,0.0
2024-08-01 11:15:00+09:00,46500.0,46600.0,46450.0,46600.0,6386,0.0,0.0
2024-08-01 11:20:00+09:00,46500.0,46650.0,46500.0,46600.0,9551,0.0,0.0
2024-08-01 11:25:00+09:00,46600.0,46850.0,46600.0,46650.0,38152,0.0,0.0
2024-08-01 11:30:00+09:00,46650.0,46750.0,46550.0,46750.0,4876,0.0,0.0
2024-08-01 11:35:00+09:00,46750.0,46800.0,46650.0,46800.0,15312,0.0,0.0
2024-08-01 11:40:00+09:00,46800.0,46850.0,46750.0,46850.0,16438,0.0,0.0
2024-08-01 11:45:00+09:00,46850.0,46850.0,46800.0,46800.0,3971,0.0,0.0
2024-08-01 11:50:00+09:00,46850.0,46850.0,46700.0,46700.0,7237,0.0,0.0
2024-08-01 11:55:00+09:00,46700.0,46750.0,46600.0,46650.0,5977,0.0,0.0
2024-08-01 12:00:00+09:00,46650.0,46750.0,46600.0,46750.0,4148,0.0,0.0
2024-08-01 12:05:00+09:00,46700.0,46800.0,46650.0,46700.0,5118,0.0,0.0
2024-08-01 12:10:00+09:00,46700.0,46750.0,46650.0,46750.0,3861,0.0,0.0
2024-08-01 12:15:00+09:00,46700.0,46750.0,46700.0,46750.0,3235,0.0,0.0
2024-08-01 12:20:00+09:00,46750.0,46950.0,46700.0,46950.0,40370,0.0,0.0
2024-08-01 12:25:00+09:00,46950.0,47000.0,46850.0,47000.0,21082,0.0,0.0
2024-08-01 12:30:00+09:00,47000.0,47100.0,46850.0,47100.0,43434,0.0,0.0
2024-08-01 12:35:00+09:00,47100.0,47450.0,47100.0,47300.0,81903,0.0,0.0
2024-08-01 12:40:00+09:00,47250.0,47350.0,47100.0,47150.0,18050,0.0,0.0
2024-08-01 12:45:00+09:00,47100.0,47150.0,46750.0,46950.0,26085,0.0,0.0
2024-08-01 12:50:00+09:00,46950.0,47000.0,46850.0,46950.0,8305,0.0,0.0
2024-08-01 12:55:00+09:00,46900.0,47050.0,46900.0,47050.0,9879,0.0,0.0
2024-08-01 13:00:00+09:00,47050.0,47100.0,46950.0,47000.0,19723,0.0,0.0
2024-08-01 13:05:00+09:00,47000.0,47000.0,46700.0,46700.0,18796,0.0,0.0
2024-08-01 13:10:00+09:00,46750.0,46800.0,46500.0,46750.0,24224,0.0,0.0
2024-08-01 13:15:00+09:00,46750.0,46800.0,46500.0,46550.0,16296,0.0,0.0
2024-08-01 13:20:00+09:00,46500.0,46600.0,46400.0,46600.0,14076,0.0,0.0
2024-08-01 13:25:00+09:00,46600.0,46700.0,46550.0,46600.0,6737,0.0,0.0
2024-08-01 13:30:00+09:00,46600.0,46600.0,46400.0,46500.0,11205,0.0,0.0
2024-08-01 13:35:00+09:00,46500.0,46550.0,46450.0,46450.0,5939,0.0,0.0
2024-08-01 13:40:00+09:00,46500.0,46600.0,46450.0,46600.0,5747,0.0,0.0
2024-08-01 13:45:00+09:00,46600.0,46750.0,46450.0,46500.0,13554,0.0,0.0
2024-08-01 13:50:00+09:00,46500.0,46700.0,46500.0,46650.0,4791,0.0,0.0
2024-08-01 13:55:00+09:00,46650.0,46700.0,46600.0,46650.0,5600,0.0,0.0
2024-08-01 14:00:00+09:00,46700.0,46700.0,46500.0,46500.0,5187,0.0,0.0
2024-08-01 14:05:00+09:00,46500.0,46550.0,46250.0,46300.0,18599,0.0,0.0
2024-08-01 14:10:00+09:00,46300.0,46350.0,46200.0,46350.0,7450,0.0,0.0
2024-08-01 14:15:00+09:00,46300.0,46350.0,46100.0,46250.0,21166,0.0,0.0
2024-08-01 14:20:00+09:00,46200.0,46200.0,45800.0,46100.0,31181,0.0,0.0
2024-08-01 14:25:00+09:00,46100.0,46200.0,45950.0,46200.0,13473,0.0,0.0
2024-08-01 14:30:00+09:00,46200.0,46350.0,46150.0,46200.0,12359,0.0,0.0
2024-08-01 14:35:00+09:00,46250.0,46350.0,46200.0,46200.0,7825,0.0,0.0
2024-08-01 14:40:00+09:00,46250.0,46350.0,46200.0,46300.0,5904,0.0,0.0
2024-08-01 14:45:00+09:00,46350.0,46400.0,46150.0,46300.0,11022,0.0,0.0
2024-08-01 14:50:00+09:00,46350.0,46450.0,46300.0,46350.0,10303,0.0,0.0
2024-08-01 14:55:00+09:00,46350.0,46400.0,46200.0,46250.0,7825,0.0,0.0
2024-08-02 09:00:00+09:00,45000.0,45550.0,44450.0,45500.0,102980,0.0,0.0
2024-08-02 09:05:00+09:00,45550.0,45750.0,44850.0,45300.0,46606,0.0,0.0
2024-08-02 09:10:00+09:00,45300.0,45950.0,45050.0,45650.0,41975,0.0,0.0
2024-08-02 09:15:00+09:00,45650.0,45650.0,45000.0,45250.0,30948,0.0,0.0
2024-08-02 09:20:00+09:00,45250.0,46050.0,45200.0,46000.0,34692,0.0,0.0
2024-08-02 09:25:00+09:00,45900.0,46000.0,45000.0,45350.0,25920,0.0,0.0
2024-08-02 09:30:00+09:00,45300.0,45700.0,45200.0,45700.0,8877,0.0,0.0
2024-08-02 09:35:00+09:00,45700.0,45700.0,45300.0,45300.0,12443,0.0,0.0
2024-08-02 09:40:00+09:00,45350.0,45800.0,45300.0,45750.0,19717,0.0,0.0
2024-08-02 09:45:00+09:00,45750.0,45850.0,45600.0,45650.0,19774,0.0,0.0
2024-08-02 09:50:00+09:00,45650.0,45700.0,44500.0,44650.0,62093,0.0,0.0
2024-08-02 09:55:00+09:00,44650.0,44800.0,43500.0,44050.0,109709,0.0,0.0
2024-08-02 10:00:00+09:00,44000.0,44800.0,43850.0,44650.0,42293,0.0,0.0
2024-08-02 10:05:00+09:00,44650.0,45200.0,44500.0,44750.0,24380,0.0,0.0
2024-08-02 10:10:00+09:00,44700.0,45100.0,44550.0,44800.0,20809,0.0,0.0
2024-08-02 10:15:00+09:00,44850.0,45300.0,44650.0,44950.0,19359,0.0,0.0
2024-08-02 10:20:00+09:00,44950.0,45000.0,44400.0,44450.0,21239,0.0,0.0
2024-08-02 10:25:00+09:00,44400.0,44500.0,44200.0,44250.0,12222,0.0,0.0
2024-08-02 10:30:00+09:00,44300.0,44350.0,43900.0,43950.0,26666,0.0,0.0
2024-08-02 10:35:00+09:00,43900.0,44000.0,43450.0,43600.0,67097,0.0,0.0
2024-08-02 10:40:00+09:00,43550.0,44250.0,43550.0,44050.0,25834,0.0,0.0
2024-08-02 10:45:00+09:00,44050.0,44050.0,43750.0,43950.0,8427,0.0,0.0
2024-08-02 10:50:00+09:00,43900.0,43950.0,43600.0,43650.0,11138,0.0,0.0
2024-08-02 10:55:00+09:00,43650.0,43750.0,43450.0,43600.0,29493,0.0,0.0
2024-08-02 11:00:00+09:00,43600.0,43650.0,43450.0,43500.0,15873,0.0,0.0
2024-08-02 11:05:00+09:00,43500.0,43600.0,43450.0,43550.0,7600,0.0,0.0
2024-08-02 11:10:00+09:00,43550.0,43550.0,43050.0,43150.0,34676,0.0,0.0
2024-08-02 11:15:00+09:00,43150.0,43250.0,43000.0,43050.0,36936,0.0,0.0
2024-08-02 11:20:00+09:00,43100.0,43450.0,43000.0,43350.0,8563,0.0,0.0
2024-08-02 11:25:00+09:00,43350.0,43500.0,43300.0,43350.0,8652,0.0,0.0
2024-08-02 11:30:00+09:00,43350.0,43450.0,43200.0,43200.0,6288,0.0,0.0
2024-08-02 11:35:00+09:00,43200.0,43300.0,43050.0,43150.0,9797,0.0,0.0
2024-08-02 11:40:00+09:00,43150.0,43400.0,43050.0,43350.0,11210,0.0,0.0
2024-08-02 11:45:00+09:00,43300.0,43650.0,43200.0,43450.0,10611,0.0,0.0
2024-08-02 11:50:00+09:00,43450.0,43500.0,43200.0,43500.0,4865,0.0,0.0
2024-08-02 11:55:00+09:00,43500.0,43600.0,43350.0,43400.0,8302,0.0,0.0
2024-08-02 12:00:00+09:00,43400.0,43550.0,43250.0,43400.0,5799,0.0,0.0
2024-08-02 12:05:00+09:00,43400.0,43400.0,42900.0,42950.0,29842,0.0,0.0
2024-08-02 12:10:00+09:00,42950.0,43000.0,42700.0,42800.0,20333,0.0,0.0
2024-08-02 12:15:00+09:00,42800.0,42950.0,42650.0,42850.0,23867,0.0,0.0
2024-08-02 12:20:00+09:00,42900.0,42900.0,42750.0,42750.0,6180,0.0,0.0
2024-08-02 12:25:00+09:00,42750.0,42950.0,42600.0,42900.0,15948,0.0,0.0
2024-08-02 12:30:00+09:00,42900.0,43100.0,42850.0,43000.0,6472,0.0,0.0
2024-08-02 12:35:00+09:00,42950.0,43050.0,42900.0,42950.0,6740,0.0,0.0
2024-08-02 12:40:00+09:00,42950.0,43000.0,42850.0,42900.0,4596,0.0,0.0
2024-08-02 12:45:00+09:00,42950.0,42950.0,42750.0,42850.0,11376,0.0,0.0
2024-08-02 12:50:00+09:00,42850.0,42900.0,42750.0,42850.0,5042,0.0,0.0
2024-08-02 12:55:00+09:00,42850.0,43000.0,42750.0,42950.0,7516,0.0,0.0
2024-08-02 13:00:00+09:00,42950.0,43050.0,42700.0,42700.0,23770,0.0,0.0
2024-08-02 13:05:00+09:00,42750.0,42800.0,42500.0,42550.0,26689,0.0,0.0
2024-08-02 13:10:00+09:00,42550.0,42750.0,42450.0,42650.0,15403,0.0,0.0
2024-08-02 13:15:00+09:00,42650.0,43150.0,42600.0,43100.0,22810,0.0,0.0
2024-08-02 13:20:00+09:00,43100.0,43400.0,43050.0,43250.0,14435,0.0,0.0
2024-08-02 13:25:00+09:00,43250.0,43450.0,43250.0,43300.0,12095,0.0,0.0
2024-08-02 13:30:00+09:00,43250.0,43400.0,43200.0,43200.0,7545,0.0,0.0
2024-08-02 13:35:00+09:00,43250.0,43250.0,43100.0,43100.0,4447,0.0,0.0
2024-08-02 13:40:00+09:00,43100.0,43200.0,42950.0,42950.0,12497,0.0,0.0
2024-08-02 13:45:00+09:00,42950.0,43000.0,42750.0,42900.0,10836,0.0,0.0
2024-08-02 13:50:00+09:00,42900.0,43100.0,42800.0,43050.0,5932,0.0,0.0
2024-08-02 13:55:00+09:00,43100.0,43450.0,42900.0,42950.0,10143,0.0,0.0
2024-08-02 14:00:00+09:00,42950.0,42950.0,42600.0,42700.0,22829,0.0,0.0
2024-08-02 14:05:00+09:00,42650.0,42700.0,42450.0,42600.0,21808,0.0,0.0
2024-08-02 14:10:00+09:00,42550.0,42750.0,42500.0,42700.0,8525,0.0,0.0
2024-08-02 14:15:00+09:00,42700.0,42750.0,42150.0,42150.0,68910,0.0,0.0
2024-08-02 14:20:00+09:00,42150.0,42300.0,42050.0,42100.0,32878,0.0,0.0
2024-08-02 14:25:00+09:00,42100.0,42150.0,41850.0,41900.0,62118,0.0,0.0
2024-08-02 14:30:00+09:00,41950.0,42050.0,41850.0,41900.0,40004,0.0,0.0
2024-08-02 14:35:00+09:00,41850.0,42200.0,41650.0,41750.0,49104,0.0,0.0
2024-08-02 14:40:00+09:00,41750.0,42150.0,41750.0,41900.0,20751,0.0,0.0
2024-08-02 14:45:00+09:00,41850.0,42350.0,41700.0,41900.0,30316,0.0,0.0
2024-08-02 14:50:00+09:00,41900.0,42350.0,41850.0,42100.0,25287,0.0,0.0
2024-08-02 14:55:00+09:00,42100.0,42300.0,41950.0,41950.0,28682,0.0,0.0
2024-08-05 09:00:00+09:00,40200.0,41200.0,39850.0,40100.0,0,0.0,0.0
2024-08-05 09:05:00+09:00,40050.0,40100.0,38850.0,39000.0,155104,0.0,0.0
2024-08-05 09:10:00+09:00,38950.0,40300.0,38900.0,39500.0,73846,0.0,0.0
2024-08-05 09:15:00+09:00,39500.0,39600.0,38900.0,38950.0,104353,0.0,0.0
2024-08-05 09:20:00+09:00,38950.0,39000.0,38200.0,38900.0,176527,0.0,0.0
2024-08-05 09:25:00+09:00,38850.0,39800.0,38800.0,39750.0,58603,0.0,0.0
2024-08-05 09:30:00+09:00,39700.0,40000.0,39300.0,39700.0,50358,0.0,0.0
2024-08-05 09:35:00+09:00,39700.0,39750.0,39350.0,39450.0,41463,0.0,0.0
2024-08-05 09:40:00+09:00,39500.0,39900.0,39450.0,39450.0,30535,0.0,0.0
2024-08-05 09:45:00+09:00,39500.0,39500.0,38950.0,39050.0,45403,0.0,0.0
2024-08-05 09:50:00+09:00,39050.0,39250.0,38700.0,38900.0,40403,0.0,0.0
2024-08-05 09:55:00+09:00,38950.0,39250.0,38550.0,38750.0,46450,0.0,0.0
2024-08-05 10:00:00+09:00,38700.0,38750.0,38600.0,38700.0,17991,0.0,0.0
2024-08-05 10:05:00+09:00,38650.0,38750.0,38450.0,38500.0,43288,0.0,0.0
2024-08-05 10:10:00+09:00,38500.0,38600.0,38100.0,38200.0,78134,0.0,0.0
2024-08-05 10:15:00+09:00,38150.0,38200.0,37900.0,38000.0,80911,0.0,0.0
2024-08-05 10:20:00+09:00,38000.0,38050.0,37600.0,37700.0,67119,0.0,0.0
2024-08-05 10:25:00+09:00,37700.0,37750.0,37400.0,37450.0,64470,0.0,0.0
2024-08-05 10:30:00+09:00,37450.0,37750.0,37400.0,37550.0,30213,0.0,0.0
2024-08-05 10:35:00+09:00,37550.0,37800.0,37400.0,37650.0,34519,0.0,0.0
2024-08-05 10:40:00+09:00,37700.0,38200.0,37500.0,37500.0,43134,0.0,0.0
2024-08-05 10:45:00+09:00,37500.0,37800.0,37450.0,37700.0,23749,0.0,0.0
2024-08-05 10:50:00+09:00,37700.0,37700.0,37500.0,37550.0,18799,0.0,0.0
2024-08-05 10:55:00+09:00,37500.0,37700.0,37250.0,37300.0,39314,0.0,0.0
2024-08-05 11:00:00+09:00,37300.0,37400.0,37050.0,37100.0,58674,0.0,0.0
2024-08-05 11:05:00+09:00,37050.0,37450.0,37000.0,37400.0,46202,0.0,0.0
2024-08-05 11:10:00+09:00,37350.0,37550.0,37050.0,37050.0,25645,0.0,0.0
2024-08-05 11:15:00+09:00,37050.0,37300.0,37000.0,37200.0,22412,0.0,0.0
2024-08-05 11:20:00+09:00,37200.0,37700.0,37100.0,37650.0,26299,0.0,0.0
2024-08-05 11:25:00+09:00,37600.0,37750.0,37500.0,37500.0,21253,0.0,0.0
2024-08-05 11:30:00+09:00,37500.0,37550.0,37100.0,37150.0,21958,0.0,0.0
2024-08-05 11:35:00+09:00,37150.0,37200.0,36850.0,36850.0,53258,0.0,0.0
2024-08-05 11:40:00+09:00,36850.0,37050.0,36800.0,36950.0,25557,0.0,0.0
2024-08-05 11:45:00+09:00,36900.0,37000.0,36700.0,36800.0,35683,0.0,0.0
2024-08-05 11:50:00+09:00,36800.0,36850.0,36600.0,36750.0,39450,0.0,0.0
2024-08-05 11:55:00+09:00,36700.0,36800.0,36650.0,36750.0,15986,0.0,0.0
2024-08-05 12:00:00+09:00,36800.0,37150.0,36700.0,37000.0,25830,0.0,0.0
2024-08-05 12:05:00+09:00,37000.0,37150.0,36750.0,36850.0,20615,0.0,0.0
2024-08-05 12:10:00+09:00,36850.0,36850.0,36700.0,36750.0,15573,0.0,0.0
2024-08-05 12:15:00+09:00,36700.0,36750.0,36550.0,36550.0,25197,0.0,0.0
2024-08-05 12:20:00+09:00,36550.0,36800.0,36550.0,36750.0,24694,0.0,0.0
2024-08-05 12:25:00+09:00,36750.0,36750.0,36550.0,36550.0,16425,0.0,0.0
2024-08-05 12:30:00+09:00,36550.0,36650.0,36500.0,36500.0,23221,0.0,0.0
2024-08-05 12:35:00+09:00,36500.0,36600.0,36400.0,36450.0,23101,0.0,0.0
2024-08-05 12:40:00+09:00,36450.0,36500.0,36350.0,36350.0,29249,0.0,0.0
2024-08-05 12:45:00+09:00,36350.0,36400.0,36250.0,36300.0,37972,0.0,0.0
2024-08-05 12:50:00+09:00,36300.0,36300.0,36200.0,36200.0,27405,0.0,0.0
2024-08-05 12:55:00+09:00,36150.0,36250.0,36100.0,36200.0,43619,0.0,0.0
2024-08-05 13:00:00+09:00,36200.0,36250.0,35950.0,36000.0,44688,0.0,0.0
2024-08-05 13:05:00+09:00,36000.0,36450.0,35950.0,36450.0,35881,0.0,0.0
2024-08-05 13:10:00+09:00,36400.0,36450.0,36100.0,36250.0,19197,0.0,0.0
2024-08-05 13:15:00+09:00,36300.0,36400.0,36150.0,36150.0,21673,0.0,0.0
2024-08-05 13:20:00+09:00,36150.0,36300.0,36150.0,36200.0,12361,0.0,0.0
2024-08-05 13:25:00+09:00,36250.0,36300.0,36150.0,36150.0,17782,0.0,0.0
2024-08-05 13:30:00+09:00,36200.0,36200.0,36000.0,36100.0,16903,0.0,0.0
2024-08-05 13:35:00+09:00,36100.0,36150.0,35900.0,36050.0,42698,0.0,0.0
2024-08-05 13:40:00+09:00,36050.0,36500.0,35950.0,36300.0,36679,0.0,0.0
2024-08-05 13:45:00+09:00,36300.0,36750.0,36250.0,36300.0,27614,0.0,0.0
2024-08-05 13:50:00+09:00,36350.0,36500.0,36250.0,36250.0,13759,0.0,0.0
2024-08-05 13:55:00+09:00,36300.0,36400.0,36250.0,36400.0,3018,0.0,0.0
2024-08-05 14:25:00+09:00,36150.0,36150.0,34700.0,35800.0,107240,0.0,0.0
2024-08-05 14:30:00+09:00,35800.0,35900.0,35000.0,35050.0,67781,0.0,0.0
2024-08-05 14:35:00+09:00,35050.0,35050.0,33850.0,33850.0,99780,0.0,0.0
2024-08-05 14:40:00+09:00,33850.0,34400.0,33700.0,34400.0,96310,0.0,0.0
2024-08-05 14:45:00+09:00,34350.0,34800.0,34150.0,34200.0,73530,0.0,0.0
2024-08-05 14:50:00+09:00,34200.0,34350.0,32550.0,32550.0,122316,0.0,0.0
2024-08-05 14:55:00+09:00,32250.0,35450.0,32150.0,35450.0,171040,0.0,0.0
2024-08-06 09:00:00+09:00,38200.0,39600.0,38000.0,39450.0,409229,0.0,0.0
2024-08-06 09:05:00+09:00,39450.0,40600.0,38000.0,38850.0,193332,0.0,0.0
2024-08-06 09:10:00+09:00,38850.0,40450.0,38150.0,40350.0,196517,0.0,0.0
2024-08-06 09:15:00+09:00,40250.0,40950.0,39800.0,40600.0,179948,0.0,0.0
2024-08-06 09:20:00+09:00,40650.0,41200.0,40450.0,40900.0,122165,0.0,0.0
2024-08-06 09:25:00+09:00,40950.0,41600.0,40650.0,40850.0,150081,0.0,0.0
2024-08-06 09:30:00+09:00,40850.0,41500.0,40750.0,41350.0,84436,0.0,0.0
2024-08-06 09:35:00+09:00,41300.0,41450.0,40600.0,40650.0,67472,0.0,0.0
2024-08-06 09:40:00+09:00,40650.0,41050.0,40550.0,40750.0,36561,0.0,0.0
2024-08-06 09:45:00+09:00,40750.0,41000.0,40650.0,41000.0,23102,0.0,0.0
2024-08-06 09:50:00+09:00,40950.0,41300.0,40900.0,41200.0,39588,0.0,0.0
2024-08-06 09:55:00+09:00,41200.0,41650.0,41150.0,41400.0,80971,0.0,0.0
2024-08-06 10:00:00+09:00,41400.0,41450.0,41050.0,41150.0,16698,0.0,0.0
2024-08-06 10:05:00+09:00,41150.0,41150.0,40600.0,40750.0,45195,0.0,0.0
2024-08-06 10:10:00+09:00,40850.0,40900.0,40700.0,40750.0,15928,0.0,0.0
2024-08-06 10:15:00+09:00,40800.0,41150.0,40750.0,40850.0,22458,0.0,0.0
2024-08-06 10:20:00+09:00,40950.0,41250.0,40800.0,40850.0,25027,0.0,0.0
2024-08-06 10:25:00+09:00,40800.0,41000.0,40700.0,40700.0,20206,0.0,0.0
2024-08-06 10:30:00+09:00,40750.0,40750.0,40300.0,40400.0,42525,0.0,0.0
2024-08-06 10:35:00+09:00,40400.0,40450.0,40050.0,40100.0,27584,0.0,0.0
2024-08-06 10:40:00+09:00,40100.0,40200.0,39600.0,40000.0,69192,0.0,0.0
2024-08-06 10:45:00+09:00,40000.0,40400.0,39750.0,40350.0,51232,0.0,0.0
2024-08-06 10:50:00+09:00,40350.0,40650.0,40250.0,40450.0,18660,0.0,0.0
2024-08-06 10:55:00+09:00,40450.0,40650.0,40300.0,40600.0,12783,0.0,0.0
2024-08-06 11:00:00+09:00,40600.0,40650.0,40400.0,40500.0,10604,0.0,0.0
2024-08-06 11:05:00+09:00,40500.0,40550.0,40300.0,40350.0,6883,0.0,0.0
2024-08-06 11:10:00+09:00,40300.0,40400.0,40000.0,40250.0,21912,0.0,0.0
2024-08-06 11:15:00+09:00,40250.0,40650.0,40000.0,40500.0,16972,0.0,0.0
2024-08-06 11:20:00+09:00,40500.0,40550.0,40300.0,40500.0,7833,0.0,0.0
2024-08-06 11:25:00+09:00,40500.0,40750.0,40400.0,40700.0,14500,0.0,0.0
2024-08-06 11:30:00+09:00,40700.0,41000.0,40700.0,40850.0,17773,0.0,0.0
2024-08-06 11:35:00+09:00,40850.0,41000.0,40850.0,40950.0,5379,0.0,0.0
2024-08-06 11:40:00+09:00,41000.0,41350.0,40950.0,41250.0,35966,0.0,0.0
2024-08-06 11:45:00+09:00,41300.0,41550.0,41300.0,41400.0,47552,0.0,0.0
2024-08-06 11:50:00+09:00,41450.0,41450.0,41000.0,41050.0,15079,0.0,0.0
2024-08-06 11:55:00+09:00,41050.0,41100.0,40650.0,41000.0,14219,0.0,0.0
2024-08-06 12:00:00+09:00,41000.0,41150.0,40600.0,40650.0,25196,0.0,0.0
2024-08-06 12:05:00+09:00,40650.0,41050.0,40600.0,40900.0,12557,0.0,0.0
2024-08-06 12:10:00+09:00,40900.0,41100.0,40800.0,41050.0,8967,0.0,0.0
2024-08-06 12:15:00+09:00,41000.0,41050.0,40950.0,41050.0,8082,0.0,0.0
2024-08-06 12:20:00+09:00,41050.0,41450.0,41000.0,41350.0,17073,0.0,0.0
2024-08-06 12:25:00+09:00,41350.0,41450.0,41150.0,41400.0,10539,0.0,0.0
2024-08-06 12:30:00+09:00,41450.0,41600.0,41250.0,41250.0,41361,0.0,0.0
2024-08-06 12:35:00+09:00,41300.0,41500.0,41250.0,41300.0,6021,0.0,0.0
2024-08-06 12:40:00+09:00,41300.0,41500.0,41250.0,41500.0,6574,0.0,0.0
2024-08-06 12:45:00+09:00,41500.0,42150.0,41450.0,42050.0,63272,0.0,0.0
2024-08-06 12:50:00+09:00,42050.0,42050.0,41650.0,41800.0,19493,0.0,0.0
2024-08-06 12:55:00+09:00,41800.0,41900.0,41550.0,41800.0,15643,0.0,0.0
2024-08-06 13:00:00+09:00,41800.0,41950.0,41650.0,41950.0,19758,0.0,0.0
2024-08-06 13:05:00+09:00,42000.0,42000.0,41650.0,41700.0,13628,0.0,0.0
2024-08-06 13:10:00+09:00,41650.0,42050.0,41650.0,42000.0,26355,0.0,0.0
2024-08-06 13:15:00+09:00,42000.0,42100.0,41850.0,42050.0,17919,0.0,0.0
2024-08-06 13:20:00+09:00,42050.0,42350.0,42050.0,42350.0,30055,0.0,0.0
2024-08-06 13:25:00+09:00,42300.0,42700.0,42200.0,42200.0,74584,0.0,0.0
2024-08-06 13:30:00+09:00,42250.0,42250.0,41750.0,41800.0,29740,0.0,0.0
2024-08-06 13:35:00+09:00,41750.0,42400.0,41750.0,42400.0,24348,0.0,0.0
2024-08-06 13:40:00+09:00,42350.0,42600.0,42250.0,42400.0,22303,0.0,0.0
2024-08-06 13:45:00+09:00,42400.0,42400.0,42000.0,42000.0,12669,0.0,0.0
2024-08-06 13:50:00+09:00,42050.0,42050.0,41650.0,42000.0,29397,0.0,0.0
2024-08-06 13:55:00+09:00,41900.0,42000.0,41550.0,41600.0,16678,0.0,0.0
2024-08-06 14:00:00+09:00,41600.0,41950.0,41550.0,41750.0,11466,0.0,0.0
2024-08-06 14:05:00+09:00,41800.0,41800.0,41400.0,41600.0,22464,0.0,0.0
2024-08-06 14:10:00+09:00,41550.0,41600.0,41200.0,41300.0,16591,0.0,0.0
2024-08-06 14:15:00+09:00,41350.0,41450.0,41200.0,41300.0,11326,0.0,0.0
2024-08-06 14:20:00+09:00,41300.0,41800.0,41200.0,41650.0,23253,0.0,0.0
2024-08-06 14:25:00+09:00,41600.0,41850.0,41600.0,41650.0,17733,0.0,0.0
2024-08-06 14:30:00+09:00,41600.0,41650.0,41400.0,41500.0,19398,0.0,0.0
2024-08-06 14:35:00+09:00,41550.0,41550.0,41400.0,41400.0,8242,0.0,0.0
2024-08-06 14:40:00+09:00,41400.0,41450.0,41250.0,41400.0,9411,0.0,0.0
2024-08-06 14:45:00+09:00,41400.0,41850.0,41400.0,41850.0,21833,0.0,0.0
2024-08-06 14:50:00+09:00,41850.0,42050.0,41750.0,42000.0,22452,0.0,0.0
2024-08-06 14:55:00+09:00,41950.0,42050.0,41800.0,42050.0,14298,0.0,0.0
2024-08-07 09:00:00+09:00,41600.0,41600.0,40350.0,40900.0,124502,0.0,0.0
2024-08-07 09:05:00+09:00,40900.0,41700.0,40800.0,41000.0,72850,0.0,0.0
2024-08-07 09:10:00+09:00,41000.0,41400.0,40400.0,40700.0,65926,0.0,0.0
2024-08-07 09:15:00+09:00,40700.0,40750.0,40150.0,40400.0,92365,0.0,0.0
2024-08-07 09:20:00+09:00,40350.0,40700.0,40200.0,40600.0,42991,0.0,0.0
2024-08-07 09:25:00+09:00,40600.0,41000.0,40400.0,40950.0,40651,0.0,0.0
2024-08-07 09:30:00+09:00,40900.0,41250.0,40800.0,41050.0,35754,0.0,0.0
2024-08-07 09:35:00+09:00,41250.0,41450.0,41000.0,41000.0,32730,0.0,0.0
2024-08-07 09:40:00+09:00,41000.0,41850.0,40950.0,41800.0,39482,0.0,0.0
2024-08-07 09:45:00+09:00,41750.0,41750.0,41300.0,41750.0,28133,0.0,0.0
2024-08-07 09:50:00+09:00,41750.0,42100.0,41400.0,41800.0,52007,0.0,0.0
2024-08-07 09:55:00+09:00,41750.0,42050.0,41750.0,42000.0,29037,0.0,0.0
2024-08-07 10:00:00+09:00,41950.0,42200.0,41850.0,42050.0,25588,0.0,0.0
2024-08-07 10:05:00+09:00,42050.0,42550.0,41850.0,42000.0,59570,0.0,0.0
2024-08-07 10:10:00+09:00,42000.0,42150.0,41650.0,41900.0,24823,0.0,0.0
2024-08-07 10:15:00+09:00,41900.0,42100.0,41750.0,42100.0,22282,0.0,0.0
2024-08-07 10:20:00+09:00,42100.0,42600.0,42050.0,42400.0,49190,0.0,0.0
2024-08-07 10:25:00+09:00,42400.0,42950.0,42350.0,42900.0,56768,0.0,0.0
2024-08-07 10:30:00+09:00,42900.0,43400.0,42800.0,43300.0,75310,0.0,0.0
2024-08-07 10:35:00+09:00,43300.0,43300.0,42650.0,43050.0,34086,0.0,0.0
2024-08-07 10:40:00+09:00,43000.0,43200.0,42950.0,43050.0,17836,0.0,0.0
2024-08-07 10:45:00+09:00,43000.0,43250.0,42850.0,42850.0,28859,0.0,0.0
2024-08-07 10:50:00+09:00,42850.0,43300.0,42800.0,43250.0,32963,0.0,0.0
2024-08-07 10:55:00+09:00,43300.0,43450.0,43200.0,43350.0,34305,0.0,0.0
2024-08-07 11:00:00+09:00,43350.0,43400.0,42800.0,42900.0,22375,0.0,0.0
2024-08-07 11:05:00+09:00,42900.0,43150.0,42850.0,43050.0,12414,0.0,0.0
2024-08-07 11:10:00+09:00,43100.0,43250.0,43000.0,43050.0,10346,0.0,0.0
2024-08-07 11:15:00+09:00,43050.0,43150.0,42000.0,42600.0,40472,0.0,0.0
2024-08-07 11:20:00+09:00,42600.0,42950.0,42550.0,42850.0,12239,0.0,0.0
2024-08-07 11:25:00+09:00,42850.0,42900.0,42600.0,42600.0,10670,0.0,0.0
2024-08-07 11:30:00+09:00,42600.0,42700.0,42550.0,42700.0,8031,0.0,0.0
2024-08-07 11:35:00+09:00,42700.0,42950.0,42650.0,42900.0,5470,0.0,0.0
2024-08-07 11:40:00+09:00,42900.0,42950.0,42750.0,42850.0,5312,0.0,0.0
2024-08-07 11:45:00+09:00,42850.0,42900.0,42750.0,42800.0,4399,0.0,0.0
2024-08-07 11:50:00+09:00,42850.0,42900.0,42650.0,42900.0,8642,0.0,0.0
2024-08-07 11:55:00+09:00,42850.0,42900.0,42700.0,42750.0,7060,0.0,0.0
2024-08-07 12:00:00+09:00,42700.0,42900.0,42650.0,42750.0,7493,0.0,0.0
2024-08-07 12:05:00+09:00,42750.0,42850.0,42700.0,42850.0,6200,0.0,0.0
2024-08-07 12:10:00+09:00,42850.0,42900.0,42500.0,42600.0,13921,0.0,0.0
2024-08-07 12:15:00+09:00,42600.0,42800.0,42500.0,42550.0,4412,0.0,0.0
2024-08-07 12:20:00+09:00,42550.0,42650.0,42200.0,42600.0,12486,0.0,0.0
2024-08-07 12:25:00+09:00,42600.0,42600.0,42350.0,42350.0,7516,0.0,0.0
2024-08-07 12:30:00+09:00,42350.0,42650.0,42350.0,42600.0,8019,0.0,0.0
2024-08-07 12:35:00+09:00,42600.0,42700.0,42550.0,42600.0,4554,0.0,0.0
2024-08-07 12:40:00+09:00,42600.0,42850.0,42600.0,42800.0,11600,0.0,0.0
2024-08-07 12:45:00+09:00,42850.0,42900.0,42650.0,42850.0,10121,0.0,0.0
2024-08-07 12:50:00+09:00,42750.0,42900.0,42750.0,42750.0,5584,0.0,0.0
2024-08-07 12:55:00+09:00,42800.0,42850.0,42750.0,42850.0,4815,0.0,0.0
2024-08-07 13:00:00+09:00,42850.0,42900.0,42700.0,42800.0,5237,0.0,0.0
2024-08-07 13:05:00+09:00,42750.0,42850.0,42700.0,42800.0,3574,0.0,0.0
2024-08-07 13:10:00+09:00,42800.0,43050.0,42750.0,43050.0,11968,0.0,0.0
2024-08-07 13:15:00+09:00,43000.0,43100.0,42800.0,42800.0,12040,0.0,0.0
2024-08-07 13:20:00+09:00,42800.0,43000.0,42700.0,42950.0,5207,0.0,0.0
2024-08-07 13:25:00+09:00,42950.0,43000.0,42900.0,42950.0,1862,0.0,0.0
2024-08-07 13:30:00+09:00,42950.0,43000.0,42800.0,42900.0,4031,0.0,0.0
2024-08-07 13:35:00+09:00,42850.0,43000.0,42800.0,43000.0,3927,0.0,0.0
2024-08-07 13:40:00+09:00,43000.0,43000.0,42900.0,43000.0,4937,0.0,0.0
2024-08-07 13:45:00+09:00,43000.0,43000.0,42850.0,42950.0,5254,0.0,0.0
2024-08-07 13:50:00+09:00,42950.0,43000.0,42900.0,42950.0,4033,0.0,0.0
2024-08-07 13:55:00+09:00,42950.0,43000.0,42900.0,43000.0,4985,0.0,0.0
2024-08-07 14:00:00+09:00,42950.0,43000.0,42850.0,42900.0,6526,0.0,0.0
2024-08-07 14:05:00+09:00,42900.0,42950.0,42850.0,42950.0,2660,0.0,0.0
2024-08-07 14:10:00+09:00,42950.0,42950.0,42850.0,42900.0,5461,0.0,0.0
2024-08-07 14:15:00+09:00,42900.0,42950.0,42750.0,42750.0,7153,0.0,0.0
2024-08-07 14:20:00+09:00,42800.0,42800.0,42600.0,42700.0,8553,0.0,0.0
2024-08-07 14:25:00+09:00,42750.0,42800.0,42700.0,42750.0,7173,0.0,0.0
2024-08-07 14:30:00+09:00,42700.0,43000.0,42650.0,42900.0,17134,0.0,0.0
2024-08-07 14:35:00+09:00,42900.0,42950.0,42550.0,42650.0,12574,0.0,0.0
2024-08-07 14:40:00+09:00,42600.0,42650.0,42350.0,42400.0,18487,0.0,0.0
2024-08-07 14:45:00+09:00,42400.0,42450.0,42050.0,42300.0,31807,0.0,0.0
2024-08-07 14:50:00+09:00,42300.0,42300.0,41700.0,41950.0,60363,0.0,0.0
2024-08-07 14:55:00+09:00,41950.0,42000.0,41500.0,41700.0,39117,0.0,0.0
2024-08-08 09:00:00+09:00,40750.0,41600.0,40400.0,41300.0,108763,0.0,0.0
2024-08-08 09:05:00+09:00,41200.0,41550.0,41050.0,41450.0,34972,0.0,0.0
2024-08-08 09:10:00+09:00,41450.0,41500.0,40700.0,40800.0,46576,0.0,0.0
2024-08-08 09:15:00+09:00,40850.0,41350.0,40800.0,41350.0,15444,0.0,0.0
2024-08-08 09:20:00+09:00,41400.0,42650.0,41400.0,42200.0,93773,0.0,0.0
2024-08-08 09:25:00+09:00,42200.0,42700.0,42150.0,42450.0,50604,0.0,0.0
2024-08-08 09:30:00+09:00,42450.0,42500.0,42000.0,42500.0,29990,0.0,0.0
2024-08-08 09:35:00+09:00,42500.0,42500.0,41850.0,42150.0,34578,0.0,0.0
2024-08-08 09:40:00+09:00,42100.0,42200.0,41450.0,41550.0,34020,0.0,0.0
2024-08-08 09:45:00+09:00,41600.0,41600.0,41200.0,41450.0,26650,0.0,0.0
2024-08-08 09:50:00+09:00,41600.0,42000.0,41450.0,41700.0,10626,0.0,0.0
2024-08-08 09:55:00+09:00,41700.0,42050.0,41650.0,41850.0,19779,0.0,0.0
2024-08-08 10:00:00+09:00,41850.0,42000.0,41600.0,41900.0,9022,0.0,0.0
2024-08-08 10:05:00+09:00,41900.0,41900.0,41600.0,41650.0,11425,0.0,0.0
2024-08-08 10:10:00+09:00,41650.0,41650.0,41400.0,41550.0,14859,0.0,0.0
2024-08-08 10:15:00+09:00,41500.0,41750.0,41300.0,41450.0,27168,0.0,0.0
2024-08-08 10:20:00+09:00,41450.0,41600.0,41400.0,41450.0,7619,0.0,0.0
2024-08-08 10:25:00+09:00,41450.0,41450.0,41350.0,41400.0,8577,0.0,0.0
2024-08-08 10:30:00+09:00,41400.0,41650.0,41350.0,41450.0,7267,0.0,0.0
2024-08-08 10:35:00+09:00,41500.0,41500.0,41350.0,41400.0,7985,0.0,0.0
2024-08-08 10:40:00+09:00,41450.0,41600.0,41400.0,41600.0,10686,0.0,0.0
2024-08-08 10:45:00+09:00,41650.0,41700.0,41400.0,41450.0,6895,0.0,0.0
2024-08-08 10:50:00+09:00,41450.0,41500.0,41250.0,41350.0,14576,0.0,0.0
2024-08-08 10:55:00+09:00,41350.0,41500.0,41100.0,41300.0,30700,0.0,0.0
2024-08-08 11:00:00+09:00,41350.0,41700.0,41300.0,41700.0,7071,0.0,0.0
2024-08-08 11:05:00+09:00,41700.0,41900.0,41650.0,41800.0,17132,0.0,0.0
2024-08-08 11:10:00+09:00,41750.0,41900.0,41650.0,41750.0,6432,0.0,0.0
2024-08-08 11:15:00+09:00,41750.0,41750.0,41600.0,41600.0,6377,0.0,0.0
2024-08-08 11:20:00+09:00,41600.0,41650.0,41500.0,41600.0,4722,0.0,0.0
2024-08-08 11:25:00+09:00,41650.0,41750.0,41550.0,41700.0,4533,0.0,0.0
2024-08-08 11:30:00+09:00,41700.0,41700.0,41550.0,41600.0,4057,0.0,0.0
2024-08-08 11:35:00+09:00,41600.0,41600.0,41500.0,41550.0,2919,0.0,0.0
2024-08-08 11:40:00+09:00,41550.0,41600.0,41400.0,41450.0,8249,0.0,0.0
2024-08-08 11:45:00+09:00,41450.0,41600.0,41400.0,41600.0,5734,0.0,0.0
2024-08-08 11:50:00+09:00,41550.0,41600.0,41450.0,41550.0,4524,0.0,0.0
2024-08-08 11:55:00+09:00,41600.0,41700.0,41550.0,41700.0,4657,0.0,0.0
2024-08-08 12:00:00+09:00,41700.0,41900.0,41650.0,41750.0,13500,0.0,0.0
2024-08-08 12:05:00+09:00,41750.0,41850.0,41750.0,41800.0,6600,0.0,0.0
2024-08-08 12:10:00+09:00,41750.0,41850.0,41700.0,41750.0,4871,0.0,0.0
2024-08-08 12:15:00+09:00,41800.0,42000.0,41750.0,41950.0,10726,0.0,0.0
2024-08-08 12:20:00+09:00,42000.0,42250.0,42000.0,42150.0,24184,0.0,0.0
2024-08-08 12:25:00+09:00,42150.0,42400.0,42100.0,42150.0,18057,0.0,0.0
2024-08-08 12:30:00+09:00,42100.0,42150.0,42000.0,42050.0,4008,0.0,0.0
2024-08-08 12:35:00+09:00,42050.0,42350.0,41950.0,42300.0,26158,0.0,0.0
2024-08-08 12:40:00+09:00,42250.0,42300.0,42150.0,42250.0,9973,0.0,0.0
2024-08-08 12:45:00+09:00,42250.0,42400.0,42200.0,42350.0,13767,0.0,0.0
2024-08-08 12:50:00+09:00,42350.0,42450.0,42300.0,42400.0,11333,0.0,0.0
2024-08-08 12:55:00+09:00,42350.0,42400.0,42150.0,42250.0,25282,0.0,0.0
2024-08-08 13:00:00+09:00,42200.0,42300.0,42150.0,42250.0,6978,0.0,0.0
2024-08-08 13:05:00+09:00,42250.0,42600.0,42200.0,42550.0,35109,0.0,0.0
2024-08-08 13:10:00+09:00,42550.0,42550.0,42200.0,42400.0,10800,0.0,0.0
2024-08-08 13:15:00+09:00,42350.0,42400.0,42300.0,42350.0,4859,0.0,0.0
2024-08-08 13:20:00+09:00,42350.0,42400.0,42300.0,42350.0,5279,0.0,0.0
2024-08-08 13:25:00+09:00,42350.0,42400.0,42150.0,42150.0,13189,0.0,0.0
2024-08-08 13:30:00+09:00,42150.0,42250.0,42100.0,42150.0,4799,0.0,0.0
2024-08-08 13:35:00+09:00,42150.0,42200.0,42050.0,42050.0,10469,0.0,0.0
2024-08-08 13:40:00+09:00,42050.0,42100.0,41900.0,41950.0,15995,0.0,0.0
2024-08-08 13:45:00+09:00,41900.0,42100.0,41900.0,42000.0,8406,0.0,0.0
2024-08-08 13:50:00+09:00,42000.0,42150.0,41950.0,42150.0,6832,0.0,0.0
2024-08-08 13:55:00+09:00,42150.0,42350.0,42100.0,42350.0,7551,0.0,0.0
2024-08-08 14:00:00+09:00,42350.0,42350.0,42300.0,42300.0,8532,0.0,0.0
2024-08-08 14:05:00+09:00,42350.0,42400.0,42250.0,42350.0,11402,0.0,0.0
2024-08-08 14:10:00+09:00,42350.0,43300.0,42350.0,43050.0,67899,0.0,0.0
2024-08-08 14:15:00+09:00,43050.0,43600.0,43000.0,43400.0,90006,0.0,0.0
2024-08-08 14:20:00+09:00,43350.0,43400.0,43100.0,43200.0,35566,0.0,0.0
2024-08-08 14:25:00+09:00,43150.0,44150.0,43150.0,44000.0,105750,0.0,0.0
2024-08-08 14:30:00+09:00,44000.0,44300.0,43400.0,43450.0,58789,0.0,0.0
2024-08-08 14:35:00+09:00,43400.0,43900.0,43350.0,43750.0,33924,0.0,0.0
2024-08-08 14:40:00+09:00,43750.0,44000.0,43500.0,43950.0,34798,0.0,0.0
2024-08-08 14:45:00+09:00,43950.0,44200.0,43850.0,44000.0,62349,0.0,0.0
2024-08-08 14:50:00+09:00,44000.0,44150.0,43350.0,43500.0,47945,0.0,0.0
2024-08-08 14:55:00+09:00,43500.0,43900.0,43500.0,43800.0,24714,0.0,0.0
2024-08-09 09:00:00+09:00,44850.0,45750.0,44400.0,45250.0,194274,0.0,0.0
2024-08-09 09:05:00+09:00,45200.0,45250.0,44450.0,44700.0,87026,0.0,0.0
2024-08-09 09:10:00+09:00,44700.0,45150.0,44250.0,45150.0,68784,0.0,0.0
2024-08-09 09:15:00+09:00,45150.0,45350.0,44950.0,45300.0,47409,0.0,0.0
2024-08-09 09:20:00+09:00,45300.0,45650.0,45100.0,45650.0,64460,0.0,0.0
2024-08-09 09:25:00+09:00,45650.0,45700.0,45350.0,45550.0,50684,0.0,0.0
2024-08-09 09:30:00+09:00,45550.0,45900.0,45250.0,45350.0,69378,0.0,0.0
2024-08-09 09:35:00+09:00,45300.0,45400.0,45000.0,45000.0,36495,0.0,0.0
2024-08-09 09:40:00+09:00,45050.0,45350.0,45000.0,45350.0,11346,0.0,0.0
2024-08-09 09:45:00+09:00,45350.0,46250.0,45300.0,46050.0,127352,0.0,0.0
2024-08-09 09:50:00+09:00,46150.0,46250.0,45900.0,45900.0,71409,0.0,0.0
2024-08-09 09:55:00+09:00,45900.0,46550.0,45750.0,46350.0,150331,0.0,0.0
2024-08-09 10:00:00+09:00,46350.0,46500.0,46000.0,46450.0,36257,0.0,0.0
2024-08-09 10:05:00+09:00,46500.0,46600.0,46150.0,46350.0,58217,0.0,0.0
2024-08-09 10:10:00+09:00,46300.0,46300.0,45650.0,45850.0,67627,0.0,0.0
2024-08-09 10:15:00+09:00,45850.0,46300.0,45800.0,45850.0,33470,0.0,0.0
2024-08-09 10:20:00+09:00,45800.0,45900.0,45550.0,45600.0,39704,0.0,0.0
2024-08-09 10:25:00+09:00,45600.0,45750.0,45550.0,45750.0,21043,0.0,0.0
2024-08-09 10:30:00+09:00,45800.0,45800.0,45200.0,45250.0,68870,0.0,0.0
2024-08-09 10:35:00+09:00,45300.0,45300.0,44900.0,45000.0,48607,0.0,0.0
2024-08-09 10:40:00+09:00,45000.0,45000.0,44600.0,44650.0,55683,0.0,0.0
2024-08-09 10:45:00+09:00,44700.0,45200.0,44650.0,45100.0,32162,0.0,0.0
2024-08-09 10:50:00+09:00,45150.0,45200.0,44700.0,44750.0,20290,0.0,0.0
2024-08-09 10:55:00+09:00,44750.0,45000.0,44750.0,44900.0,13322,0.0,0.0
2024-08-09 11:00:00+09:00,44950.0,44950.0,44400.0,44400.0,40735,0.0,0.0
2024-08-09 11:05:00+09:00,44400.0,44600.0,44150.0,44350.0,38492,0.0,0.0
2024-08-09 11:10:00+09:00,44350.0,44650.0,44200.0,44550.0,15720,0.0,0.0
2024-08-09 11:15:00+09:00,44550.0,44750.0,44550.0,44600.0,12529,0.0,0.0
2024-08-09 11:20:00+09:00,44600.0,44800.0,44500.0,44650.0,11050,0.0,0.0
2024-08-09 11:25:00+09:00,44600.0,44800.0,44500.0,44600.0,11207,0.0,0.0
2024-08-09 11:30:00+09:00,44650.0,44650.0,44500.0,44550.0,8074,0.0,0.0
2024-08-09 11:35:00+09:00,44500.0,44600.0,44400.0,44500.0,12024,0.0,0.0
2024-08-09 11:40:00+09:00,44450.0,44500.0,44400.0,44450.0,8527,0.0,0.0
2024-08-09 11:45:00+09:00,44450.0,44800.0,44450.0,44600.0,11669,0.0,0.0
2024-08-09 11:50:00+09:00,44550.0,44650.0,44500.0,44500.0,7080,0.0,0.0
2024-08-09 11:55:00+09:00,44500.0,44550.0,44250.0,44300.0,28467,0.0,0.0
2024-08-09 12:00:00+09:00,44300.0,44450.0,44150.0,44200.0,13866,0.0,0.0
2024-08-09 12:05:00+09:00,44200.0,44300.0,44100.0,44100.0,13431,0.0,0.0
2024-08-09 12:10:00+09:00,44100.0,44600.0,44100.0,44450.0,14521,0.0,0.0
2024-08-09 12:15:00+09:00,44500.0,44500.0,44300.0,44350.0,6718,0.0,0.0
2024-08-09 12:20:00+09:00,44350.0,44400.0,44300.0,44350.0,4332,0.0,0.0
2024-08-09 12:25:00+09:00,44300.0,44450.0,44300.0,44450.0,7661,0.0,0.0
2024-08-09 12:30:00+09:00,44400.0,44550.0,44350.0,44550.0,6314,0.0,0.0
2024-08-09 12:35:00+09:00,44550.0,44600.0,44450.0,44600.0,7776,0.0,0.0
2024-08-09 12:40:00+09:00,44550.0,44850.0,44500.0,44800.0,27923,0.0,0.0
2024-08-09 12:45:00+09:00,44850.0,44950.0,44800.0,44850.0,10653,0.0,0.0
2024-08-09 12:50:00+09:00,44900.0,45000.0,44750.0,44950.0,13400,0.0,0.0
2024-08-09 12:55:00+09:00,44950.0,45250.0,44950.0,45200.0,27906,0.0,0.0
2024-08-09 13:00:00+09:00,45150.0,45250.0,45100.0,45250.0,9530,0.0,0.0
2024-08-09 13:05:00+09:00,45250.0,45300.0,45050.0,45050.0,13368,0.0,0.0
2024-08-09 13:10:00+09:00,45100.0,45300.0,45100.0,45250.0,14187,0.0,0.0
2024-08-09 13:15:00+09:00,45250.0,45300.0,45150.0,45250.0,6302,0.0,0.0
2024-08-09 13:20:00+09:00,45250.0,45250.0,45050.0,45150.0,6842,0.0,0.0
2024-08-09 13:25:00+09:00,45150.0,45200.0,45100.0,45200.0,5480,0.0,0.0
2024-08-09 13:30:00+09:00,45200.0,45200.0,45000.0,45000.0,9003,0.0,0.0
2024-08-09 13:35:00+09:00,45000.0,45150.0,45000.0,45000.0,11699,0.0,0.0
2024-08-09 13:40:00+09:00,45000.0,45050.0,44600.0,44600.0,20126,0.0,0.0
2024-08-09 13:45:00+09:00,44600.0,44950.0,44500.0,44600.0,13417,0.0,0.0
2024-08-09 13:50:00+09:00,44800.0,44950.0,44750.0,44900.0,5173,0.0,0.0
2024-08-09 13:55:00+09:00,44900.0,44950.0,44700.0,44850.0,11073,0.0,0.0
2024-08-09 14:00:00+09:00,44750.0,44950.0,44750.0,44850.0,7388,0.0,0.0
2024-08-09 14:05:00+09:00,44950.0,45200.0,44850.0,45150.0,18428,0.0,0.0
2024-08-09 14:10:00+09:00,45200.0,45250.0,45050.0,45100.0,12390,0.0,0.0
2024-08-09 14:15:00+09:00,45100.0,45100.0,45000.0,45050.0,5743,0.0,0.0
2024-08-09 14:20:00+09:00,45050.0,45100.0,44900.0,45000.0,9672,0.0,0.0
2024-08-09 14:25:00+09:00,45000.0,45050.0,44850.0,44850.0,11461,0.0,0.0
2024-08-09 14:30:00+09:00,44900.0,45050.0,44850.0,44950.0,13321,0.0,0.0
2024-08-09 14:35:00+09:00,45000.0,45100.0,44950.0,45050.0,5468,0.0,0.0
2024-08-09 14:40:00+09:00,45100.0,45150.0,45000.0,45100.0,11940,0.0,0.0
2024-08-09 14:45:00+09:00,45150.0,45300.0,45150.0,45300.0,12357,0.0,0.0
2024-08-09 14:50:00+09:00,45300.0,45300.0,45100.0,45200.0,15184,0.0,0.0
2024-08-09 14:55:00+09:00,45150.0,45350.0,45150.0,45350.0,14021,0.0,0.0
