Datetime,Open,High,Low,Close,Volume,Dividends,Stock Splits,Capital Gains
2024-09-30 09:30:00-04:00,79.48999786376953,79.48999786376953,79.4000015258789,79.44000244140625,0,0.0,0.0,0.0
2024-09-30 09:32:00-04:00,79.41000366210938,79.41000366210938,79.4000015258789,79.4000015258789,0,0.0,0.0,0.0
2024-09-30 09:33:00-04:00,79.3949966430664,79.3949966430664,79.37999725341797,79.37999725341797,0,0.0,0.0,0.0
2024-09-30 09:35:00-04:00,79.4000015258789,79.4000015258789,79.38999938964844,79.38999938964844,0,0.0,0.0,0.0
2024-09-30 09:37:00-04:00,79.37000274658203,79.37000274658203,79.37000274658203,79.37000274658203,0,0.0,0.0,0.0
2024-09-30 09:42:00-04:00,79.4000015258789,79.4000015258789,79.4000015258789,79.4000015258789,0,0.0,0.0,0.0
2024-09-30 09:47:00-04:00,79.3499984741211,79.36000061035156,79.34500122070312,79.3499984741211,0,0.0,0.0,0.0
2024-09-30 09:48:00-04:00,79.33000183105469,79.33000183105469,79.33000183105469,79.33000183105469,0,0.0,0.0,0.0
2024-09-30 09:49:00-04:00,79.3499984741211,79.3499984741211,79.3499984741211,79.3499984741211,0,0.0,0.0,0.0
2024-09-30 09:52:00-04:00,79.4000015258789,79.4000015258789,79.38999938964844,79.38999938964844,0,0.0,0.0,0.0
2024-09-30 09:54:00-04:00,79.38999938964844,79.38999938964844,79.38999938964844,79.38999938964844,0,0.0,0.0,0.0
2024-09-30 09:55:00-04:00,79.4000015258789,79.4000015258789,79.4000015258789,79.4000015258789,0,0.0,0.0,0.0
2024-09-30 10:00:00-04:00,79.38999938964844,79.38999938964844,79.38999938964844,79.38999938964844,0,0.0,0.0,0.0
2024-09-30 10:09:00-04:00,79.4000015258789,79.4000015258789,79.4000015258789,79.4000015258789,0,0.0,0.0,0.0
2024-09-30 10:10:00-04:00,79.4000015258789,79.4000015258789,79.4000015258789,79.4000015258789,0,0.0,0.0,0.0
2024-09-30 10:16:00-04:00,79.4000015258789,79.4000015258789,79.4000015258789,79.4000015258789,0,0.0,0.0,0.0
2024-09-30 10:17:00-04:00,79.4000015258789,79.4000015258789,79.4000015258789,79.4000015258789,0,0.0,0.0,0.0
2024-09-30 10:21:00-04:00,79.3949966430664,79.3949966430664,79.3949966430664,79.3949966430664,0,0.0,0.0,0.0
2024-09-30 10:24:00-04:00,79.4000015258789,79.4000015258789,79.4000015258789,79.4000015258789,0,0.0,0.0,0.0
2024-09-30 10:27:00-04:00,79.37000274658203,79.37000274658203,79.35679626464844,79.35679626464844,0,0.0,0.0,0.0
2024-09-30 10:32:00-04:00,79.37000274658203,79.37000274658203,79.36000061035156,79.36000061035156,0,0.0,0.0,0.0
2024-09-30 10:33:00-04:00,79.37999725341797,79.38999938964844,79.37999725341797,79.37999725341797,0,0.0,0.0,0.0
2024-09-30 10:36:00-04:00,79.38999938964844,79.38999938964844,79.38069915771484,79.38069915771484,0,0.0,0.0,0.0
2024-09-30 10:38:00-04:00,79.43000030517578,79.43000030517578,79.43000030517578,79.43000030517578,0,0.0,0.0,0.0
2024-09-30 10:40:00-04:00,79.4000015258789,79.4000015258789,79.4000015258789,79.4000015258789,0,0.0,0.0,0.0
2024-09-30 10:41:00-04:00,79.38500213623047,79.38500213623047,79.38500213623047,79.38500213623047,0,0.0,0.0,0.0
2024-09-30 10:50:00-04:00,79.3499984741211,79.3499984741211,79.3499984741211,79.3499984741211,0,0.0,0.0,0.0
2024-09-30 10:51:00-04:00,79.3595962524414,79.3595962524414,79.3595962524414,79.3595962524414,0,0.0,0.0,0.0
2024-09-30 10:52:00-04:00,79.33999633789062,79.33999633789062,79.31999969482422,79.31999969482422,0,0.0,0.0,0.0
2024-09-30 10:54:00-04:00,79.32499694824219,79.32499694824219,79.32499694824219,79.32499694824219,0,0.0,0.0,0.0
2024-09-30 11:00:00-04:00,79.33999633789062,79.33999633789062,79.33999633789062,79.33999633789062,0,0.0,0.0,0.0
2024-09-30 11:10:00-04:00,79.30999755859375,79.30999755859375,79.30999755859375,79.30999755859375,0,0.0,0.0,0.0
2024-09-30 11:11:00-04:00,79.31990051269531,79.31990051269531,79.31990051269531,79.31990051269531,0,0.0,0.0,0.0
2024-09-30 11:15:00-04:00,79.33000183105469,79.33000183105469,79.31500244140625,79.31999969482422,0,0.0,0.0,0.0
2024-09-30 11:20:00-04:00,79.33000183105469,79.33000183105469,79.33000183105469,79.33000183105469,34920,0.0,0.0,0.0
2024-09-30 11:32:00-04:00,79.30999755859375,79.30999755859375,79.30999755859375,79.30999755859375,2000,0.0,0.0,0.0
2024-09-30 11:33:00-04:00,79.31999969482422,79.32540130615234,79.31999969482422,79.32540130615234,0,0.0,0.0,0.0
2024-09-30 11:34:00-04:00,79.30000305175781,79.30000305175781,79.30000305175781,79.30000305175781,408,0.0,0.0,0.0
2024-09-30 11:39:00-04:00,79.30999755859375,79.30999755859375,79.30999755859375,79.30999755859375,200,0.0,0.0,0.0
2024-09-30 11:40:00-04:00,79.29399871826172,79.29399871826172,79.29399871826172,79.29399871826172,134,0.0,0.0,0.0
2024-09-30 11:42:00-04:00,79.30000305175781,79.30000305175781,79.30000305175781,79.30000305175781,1193,0.0,0.0,0.0
2024-09-30 11:44:00-04:00,79.29000091552734,79.29000091552734,79.29000091552734,79.29000091552734,782,0.0,0.0,0.0
2024-09-30 11:51:00-04:00,79.30000305175781,79.30000305175781,79.30000305175781,79.30000305175781,110,0.0,0.0,0.0
2024-09-30 11:52:00-04:00,79.30950164794922,79.30950164794922,79.30000305175781,79.30000305175781,2108,0.0,0.0,0.0
2024-09-30 11:56:00-04:00,79.30999755859375,79.3113021850586,79.30999755859375,79.3113021850586,1449,0.0,0.0,0.0
2024-09-30 12:03:00-04:00,79.30999755859375,79.30999755859375,79.30999755859375,79.30999755859375,300,0.0,0.0,0.0
2024-09-30 12:15:00-04:00,79.33000183105469,79.33000183105469,79.33000183105469,79.33000183105469,3042,0.0,0.0,0.0
2024-09-30 12:17:00-04:00,79.3280029296875,79.3280029296875,79.3280029296875,79.3280029296875,300,0.0,0.0,0.0
2024-09-30 12:19:00-04:00,79.33499908447266,79.33499908447266,79.33499908447266,79.33499908447266,128,0.0,0.0,0.0
2024-09-30 12:22:00-04:00,79.3499984741211,79.3499984741211,79.3499984741211,79.3499984741211,252,0.0,0.0,0.0
2024-09-30 12:23:00-04:00,79.34439849853516,79.34439849853516,79.34439849853516,79.34439849853516,152,0.0,0.0,0.0
2024-09-30 12:28:00-04:00,79.3499984741211,79.3499984741211,79.34500122070312,79.34500122070312,880,0.0,0.0,0.0
2024-09-30 12:33:00-04:00,79.37000274658203,79.37000274658203,79.37000274658203,79.37000274658203,541,0.0,0.0,0.0
2024-09-30 12:36:00-04:00,79.37159729003906,79.37159729003906,79.37159729003906,79.37159729003906,202,0.0,0.0,0.0
2024-09-30 12:37:00-04:00,79.37000274658203,79.37000274658203,79.37000274658203,79.37000274658203,0,0.0,0.0,0.0
2024-09-30 12:42:00-04:00,79.37000274658203,79.37000274658203,79.37000274658203,79.37000274658203,510,0.0,0.0,0.0
2024-09-30 12:46:00-04:00,79.36000061035156,79.36000061035156,79.36000061035156,79.36000061035156,466,0.0,0.0,0.0
2024-09-30 12:47:00-04:00,79.36000061035156,79.36000061035156,79.36000061035156,79.36000061035156,300,0.0,0.0,0.0
2024-09-30 12:49:00-04:00,79.37000274658203,79.37000274658203,79.37000274658203,79.37000274658203,463,0.0,0.0,0.0
2024-09-30 12:58:00-04:00,79.38500213623047,79.38500213623047,79.38500213623047,79.38500213623047,345,0.0,0.0,0.0
2024-09-30 13:01:00-04:00,79.37000274658203,79.37000274658203,79.37000274658203,79.37000274658203,350,0.0,0.0,0.0
2024-09-30 13:04:00-04:00,79.39990234375,79.39990234375,79.39990234375,79.39990234375,40,0.0,0.0,0.0
2024-09-30 13:10:00-04:00,79.37000274658203,79.37000274658203,79.37000274658203,79.37000274658203,523,0.0,0.0,0.0
2024-09-30 13:19:00-04:00,79.37999725341797,79.37999725341797,79.37999725341797,79.37999725341797,102,0.0,0.0,0.0
2024-09-30 13:25:00-04:00,79.37000274658203,79.37950134277344,79.37000274658203,79.37950134277344,534,0.0,0.0,0.0
2024-09-30 13:27:00-04:00,79.37999725341797,79.37999725341797,79.37999725341797,79.37999725341797,310,0.0,0.0,0.0
2024-09-30 13:32:00-04:00,79.37999725341797,79.37999725341797,79.37999725341797,79.37999725341797,201,0.0,0.0,0.0
2024-09-30 13:35:00-04:00,79.37999725341797,79.37999725341797,79.37999725341797,79.37999725341797,2574,0.0,0.0,0.0
2024-09-30 13:36:00-04:00,79.37999725341797,79.37999725341797,79.37999725341797,79.37999725341797,0,0.0,0.0,0.0
2024-09-30 13:42:00-04:00,79.37999725341797,79.37999725341797,79.37999725341797,79.37999725341797,3308,0.0,0.0,0.0
2024-09-30 13:43:00-04:00,79.37000274658203,79.37000274658203,79.37000274658203,79.37000274658203,1415,0.0,0.0,0.0
2024-09-30 13:45:00-04:00,79.39849853515625,79.39990234375,79.37000274658203,79.39990234375,7664,0.0,0.0,0.0
2024-09-30 13:50:00-04:00,79.37000274658203,79.37000274658203,79.37000274658203,79.37000274658203,581,0.0,0.0,0.0
2024-09-30 13:59:00-04:00,79.33999633789062,79.33999633789062,79.33999633789062,79.33999633789062,2721,0.0,0.0,0.0
2024-09-30 14:06:00-04:00,79.33000183105469,79.33000183105469,79.33000183105469,79.33000183105469,133,0.0,0.0,0.0
2024-09-30 14:07:00-04:00,79.29499816894531,79.29499816894531,79.29499816894531,79.29499816894531,379,0.0,0.0,0.0
2024-09-30 14:15:00-04:00,79.2249984741211,79.2249984741211,79.2249984741211,79.2249984741211,33,0.0,0.0,0.0
2024-09-30 14:20:00-04:00,79.2300033569336,79.2300033569336,79.2300033569336,79.2300033569336,200,0.0,0.0,0.0
2024-09-30 14:23:00-04:00,79.22000122070312,79.22000122070312,79.22000122070312,79.22000122070312,422,0.0,0.0,0.0
2024-09-30 14:29:00-04:00,79.22000122070312,79.22000122070312,79.22000122070312,79.22000122070312,1038,0.0,0.0,0.0
2024-09-30 14:38:00-04:00,79.2300033569336,79.23989868164062,79.2300033569336,79.23989868164062,422,0.0,0.0,0.0
2024-09-30 14:44:00-04:00,79.26319885253906,79.26319885253906,79.26319885253906,79.26319885253906,250,0.0,0.0,0.0
2024-09-30 14:45:00-04:00,79.26499938964844,79.26499938964844,79.26499938964844,79.26499938964844,249,0.0,0.0,0.0
2024-09-30 14:47:00-04:00,79.26740264892578,79.26740264892578,79.26740264892578,79.26740264892578,0,0.0,0.0,0.0
2024-09-30 14:48:00-04:00,79.27980041503906,79.27980041503906,79.27980041503906,79.27980041503906,551,0.0,0.0,0.0
2024-09-30 14:56:00-04:00,79.25,79.25,79.24829864501953,79.24829864501953,486,0.0,0.0,0.0
2024-09-30 14:59:00-04:00,79.2490005493164,79.2490005493164,79.2490005493164,79.2490005493164,593,0.0,0.0,0.0
2024-09-30 15:05:00-04:00,79.2490005493164,79.24960327148438,79.2300033569336,79.2300033569336,4088,0.0,0.0,0.0
2024-09-30 15:08:00-04:00,79.23999786376953,79.23999786376953,79.23999786376953,79.23999786376953,750,0.0,0.0,0.0
2024-09-30 15:09:00-04:00,79.2300033569336,79.2300033569336,79.2300033569336,79.2300033569336,499,0.0,0.0,0.0
2024-09-30 15:17:00-04:00,79.21499633789062,79.21499633789062,79.21499633789062,79.21499633789062,758,0.0,0.0,0.0
2024-09-30 15:18:00-04:00,79.2300033569336,79.2300033569336,79.2300033569336,79.2300033569336,849,0.0,0.0,0.0
2024-09-30 15:29:00-04:00,79.2239990234375,79.2239990234375,79.2239990234375,79.2239990234375,201,0.0,0.0,0.0
2024-09-30 15:31:00-04:00,79.21939849853516,79.21939849853516,79.21939849853516,79.21939849853516,441,0.0,0.0,0.0
2024-09-30 15:37:00-04:00,79.21499633789062,79.21499633789062,79.21499633789062,79.21499633789062,441,0.0,0.0,0.0
2024-09-30 15:43:00-04:00,79.23999786376953,79.23999786376953,79.22660064697266,79.22660064697266,1309,0.0,0.0,0.0
2024-09-30 15:50:00-04:00,79.24199676513672,79.24199676513672,79.24199676513672,79.24199676513672,162,0.0,0.0,0.0
2024-09-30 15:53:00-04:00,79.24970245361328,79.2499008178711,79.23999786376953,79.23999786376953,2701,0.0,0.0,0.0
2024-09-30 15:57:00-04:00,79.27999877929688,79.27999877929688,79.2699966430664,79.2699966430664,1026,0.0,0.0,0.0
2024-09-30 15:59:00-04:00,79.2699966430664,79.2699966430664,79.11000061035156,79.11000061035156,7950,0.0,0.0,0.0
2024-10-01 09:30:00-04:00,79.33000183105469,79.33000183105469,79.33000183105469,79.33000183105469,0,0.0,0.0,0.0
2024-10-01 09:31:00-04:00,79.29000091552734,79.29000091552734,79.29000091552734,79.29000091552734,0,0.0,0.0,0.0
2024-10-01 09:32:00-04:00,79.29000091552734,79.29000091552734,79.29000091552734,79.29000091552734,0,0.0,0.0,0.0
2024-10-01 09:33:00-04:00,79.33000183105469,79.3499984741211,79.33000183105469,79.33999633789062,0,0.0,0.0,0.0
2024-10-01 09:38:00-04:00,79.41000366210938,79.41000366210938,79.41000366210938,79.41000366210938,0,0.0,0.0,0.0
2024-10-01 09:42:00-04:00,79.37999725341797,79.4198989868164,79.37999725341797,79.37999725341797,0,0.0,0.0,0.0
2024-10-01 09:45:00-04:00,79.37999725341797,79.37999725341797,79.37999725341797,79.37999725341797,0,0.0,0.0,0.0
2024-10-01 09:48:00-04:00,79.36499786376953,79.36499786376953,79.36499786376953,79.36499786376953,0,0.0,0.0,0.0
2024-10-01 09:49:00-04:00,79.36000061035156,79.36000061035156,79.36000061035156,79.36000061035156,0,0.0,0.0,0.0
2024-10-01 10:00:00-04:00,79.27999877929688,79.30999755859375,79.27999877929688,79.30999755859375,0,0.0,0.0,0.0
2024-10-01 10:01:00-04:00,79.4000015258789,79.41999816894531,79.4000015258789,79.40660095214844,0,0.0,0.0,0.0
2024-10-01 10:03:00-04:00,79.41000366210938,79.41000366210938,79.37000274658203,79.37000274658203,0,0.0,0.0,0.0
2024-10-01 10:06:00-04:00,79.4000015258789,79.4000015258789,79.4000015258789,79.4000015258789,0,0.0,0.0,0.0
2024-10-01 10:07:00-04:00,79.38999938964844,79.38999938964844,79.38999938964844,79.38999938964844,0,0.0,0.0,0.0
2024-10-01 10:08:00-04:00,79.40799713134766,79.40799713134766,79.40799713134766,79.40799713134766,0,0.0,0.0,0.0
2024-10-01 10:11:00-04:00,79.39959716796875,79.4000015258789,79.39959716796875,79.4000015258789,0,0.0,0.0,0.0
2024-10-01 10:12:00-04:00,79.40799713134766,79.40799713134766,79.40799713134766,79.40799713134766,0,0.0,0.0,0.0
2024-10-01 10:18:00-04:00,79.37999725341797,79.37999725341797,79.37999725341797,79.37999725341797,0,0.0,0.0,0.0
2024-10-01 10:19:00-04:00,79.34590148925781,79.34590148925781,79.34590148925781,79.34590148925781,0,0.0,0.0,0.0
2024-10-01 10:22:00-04:00,79.36000061035156,79.36000061035156,79.35990142822266,79.35990142822266,0,0.0,0.0,0.0
2024-10-01 10:24:00-04:00,79.38990020751953,79.38990020751953,79.38990020751953,79.38990020751953,0,0.0,0.0,0.0
2024-10-01 10:28:00-04:00,79.36000061035156,79.36000061035156,79.36000061035156,79.36000061035156,0,0.0,0.0,0.0
2024-10-01 10:36:00-04:00,79.3490982055664,79.3490982055664,79.3490982055664,79.3490982055664,0,0.0,0.0,0.0
2024-10-01 10:38:00-04:00,79.30999755859375,79.31999969482422,79.30999755859375,79.31999969482422,0,0.0,0.0,0.0
2024-10-01 10:41:00-04:00,79.31500244140625,79.31500244140625,79.31500244140625,79.31500244140625,0,0.0,0.0,0.0
2024-10-01 10:44:00-04:00,79.31999969482422,79.34400177001953,79.31999969482422,79.34400177001953,0,0.0,0.0,0.0
2024-10-01 10:45:00-04:00,79.35980224609375,79.35980224609375,79.35980224609375,79.35980224609375,0,0.0,0.0,0.0
2024-10-01 10:49:00-04:00,79.3499984741211,79.36000061035156,79.3499984741211,79.36000061035156,0,0.0,0.0,0.0
2024-10-01 10:53:00-04:00,79.36990356445312,79.36990356445312,79.36990356445312,79.36990356445312,0,0.0,0.0,0.0
2024-10-01 10:54:00-04:00,79.3499984741211,79.3499984741211,79.3499984741211,79.3499984741211,0,0.0,0.0,0.0
2024-10-01 10:56:00-04:00,79.33999633789062,79.34600067138672,79.33999633789062,79.34600067138672,0,0.0,0.0,0.0
2024-10-01 10:59:00-04:00,79.33999633789062,79.33999633789062,79.33999633789062,79.33999633789062,0,0.0,0.0,0.0
2024-10-01 11:02:00-04:00,79.34500122070312,79.34500122070312,79.34500122070312,79.34500122070312,0,0.0,0.0,0.0
2024-10-01 11:04:00-04:00,79.31999969482422,79.31999969482422,79.31999969482422,79.31999969482422,0,0.0,0.0,0.0
2024-10-01 11:05:00-04:00,79.32499694824219,79.32499694824219,79.32499694824219,79.32499694824219,0,0.0,0.0,0.0
2024-10-01 11:07:00-04:00,79.3499984741211,79.3499984741211,79.3499984741211,79.3499984741211,0,0.0,0.0,0.0
2024-10-01 11:11:00-04:00,79.33000183105469,79.33899688720703,79.33000183105469,79.33899688720703,0,0.0,0.0,0.0
2024-10-01 11:14:00-04:00,79.33999633789062,79.34880065917969,79.33999633789062,79.34880065917969,0,0.0,0.0,0.0
2024-10-01 11:16:00-04:00,79.33999633789062,79.35990142822266,79.33999633789062,79.34989929199219,0,0.0,0.0,0.0
2024-10-01 11:20:00-04:00,79.35990142822266,79.36000061035156,79.35099792480469,79.35099792480469,0,0.0,0.0,0.0
2024-10-01 11:26:00-04:00,79.35130310058594,79.35130310058594,79.33000183105469,79.33000183105469,0,0.0,0.0,0.0
2024-10-01 11:28:00-04:00,79.33999633789062,79.33999633789062,79.33999633789062,79.33999633789062,0,0.0,0.0,0.0
2024-10-01 11:29:00-04:00,79.33000183105469,79.33000183105469,79.31800079345703,79.31800079345703,0,0.0,0.0,0.0
2024-10-01 11:33:00-04:00,79.30000305175781,79.30000305175781,79.30000305175781,79.30000305175781,0,0.0,0.0,0.0
2024-10-01 11:36:00-04:00,79.31919860839844,79.31919860839844,79.30000305175781,79.30000305175781,47183,0.0,0.0,0.0
2024-10-01 11:44:00-04:00,79.30950164794922,79.30950164794922,79.30000305175781,79.30000305175781,1669,0.0,0.0,0.0
2024-10-01 11:49:00-04:00,79.30999755859375,79.30999755859375,79.30999755859375,79.30999755859375,334,0.0,0.0,0.0
2024-10-01 12:04:00-04:00,79.33000183105469,79.33000183105469,79.33000183105469,79.33000183105469,905,0.0,0.0,0.0
2024-10-01 12:07:00-04:00,79.3499984741211,79.3499984741211,79.3499984741211,79.3499984741211,401,0.0,0.0,0.0
2024-10-01 12:10:00-04:00,79.3499984741211,79.3499984741211,79.3499984741211,79.3499984741211,1100,0.0,0.0,0.0
2024-10-01 12:13:00-04:00,79.3499984741211,79.3499984741211,79.34010314941406,79.34010314941406,7165,0.0,0.0,0.0
2024-10-01 12:16:00-04:00,79.36000061035156,79.36990356445312,79.36000061035156,79.36990356445312,1259,0.0,0.0,0.0
2024-10-01 12:20:00-04:00,79.36000061035156,79.36000061035156,79.36000061035156,79.36000061035156,101,0.0,0.0,0.0
2024-10-01 12:21:00-04:00,79.36499786376953,79.36499786376953,79.36499786376953,79.36499786376953,142,0.0,0.0,0.0
2024-10-01 12:26:00-04:00,79.36499786376953,79.36499786376953,79.36499786376953,79.36499786376953,1281,0.0,0.0,0.0
2024-10-01 12:27:00-04:00,79.36499786376953,79.36990356445312,79.36499786376953,79.36990356445312,382,0.0,0.0,0.0
2024-10-01 12:29:00-04:00,79.37999725341797,79.37999725341797,79.37999725341797,79.37999725341797,55,0.0,0.0,0.0
2024-10-01 12:32:00-04:00,79.37999725341797,79.37999725341797,79.37999725341797,79.37999725341797,242,0.0,0.0,0.0
2024-10-01 12:34:00-04:00,79.4000015258789,79.4000015258789,79.4000015258789,79.4000015258789,287,0.0,0.0,0.0
2024-10-01 12:36:00-04:00,79.37940216064453,79.37940216064453,79.37940216064453,79.37940216064453,378,0.0,0.0,0.0
2024-10-01 12:38:00-04:00,79.37210083007812,79.37210083007812,79.37210083007812,79.37210083007812,374,0.0,0.0,0.0
2024-10-01 12:39:00-04:00,79.37999725341797,79.37999725341797,79.37999725341797,79.37999725341797,1332,0.0,0.0,0.0
2024-10-01 13:01:00-04:00,79.33399963378906,79.33399963378906,79.33399963378906,79.33399963378906,530,0.0,0.0,0.0
2024-10-01 13:04:00-04:00,79.36969757080078,79.36969757080078,79.36969757080078,79.36969757080078,245,0.0,0.0,0.0
2024-10-01 13:24:00-04:00,79.36199951171875,79.36620330810547,79.36199951171875,79.36620330810547,1590,0.0,0.0,0.0
2024-10-01 13:25:00-04:00,79.36620330810547,79.36620330810547,79.35990142822266,79.35990142822266,1375,0.0,0.0,0.0
2024-10-01 13:26:00-04:00,79.3499984741211,79.3499984741211,79.33999633789062,79.33999633789062,2161,0.0,0.0,0.0
2024-10-01 13:27:00-04:00,79.33000183105469,79.3488998413086,79.33000183105469,79.3488998413086,815,0.0,0.0,0.0
2024-10-01 13:30:00-04:00,79.31999969482422,79.31999969482422,79.31999969482422,79.31999969482422,0,0.0,0.0,0.0
2024-10-01 13:31:00-04:00,79.31999969482422,79.31999969482422,79.31999969482422,79.31999969482422,0,0.0,0.0,0.0
2024-10-01 13:36:00-04:00,79.30999755859375,79.33000183105469,79.30989837646484,79.33000183105469,0,0.0,0.0,0.0
2024-10-01 13:42:00-04:00,79.29399871826172,79.29540252685547,79.29000091552734,79.29540252685547,0,0.0,0.0,0.0
2024-10-01 13:44:00-04:00,79.30000305175781,79.30000305175781,79.29989624023438,79.29989624023438,0,0.0,0.0,0.0
2024-10-01 13:49:00-04:00,79.27999877929688,79.27999877929688,79.27999877929688,79.27999877929688,0,0.0,0.0,0.0
2024-10-01 13:51:00-04:00,79.27899932861328,79.27999877929688,79.27899932861328,79.27989959716797,0,0.0,0.0,0.0
2024-10-01 13:55:00-04:00,79.27999877929688,79.3499984741211,79.27999877929688,79.31500244140625,0,0.0,0.0,0.0
2024-10-01 13:56:00-04:00,79.33999633789062,79.3499984741211,79.29000091552734,79.30899810791016,0,0.0,0.0,0.0
2024-10-01 13:57:00-04:00,79.30999755859375,79.30999755859375,79.30999755859375,79.30999755859375,0,0.0,0.0,0.0
2024-10-01 13:58:00-04:00,79.30999755859375,79.30999755859375,79.30999755859375,79.30999755859375,0,0.0,0.0,0.0
2024-10-01 14:00:00-04:00,79.30500030517578,79.30500030517578,79.30500030517578,79.30500030517578,0,0.0,0.0,0.0
2024-10-01 14:05:00-04:00,79.31500244140625,79.33070373535156,79.31500244140625,79.33070373535156,0,0.0,0.0,0.0
2024-10-01 14:06:00-04:00,79.30999755859375,79.30999755859375,79.30999755859375,79.30999755859375,0,0.0,0.0,0.0
2024-10-01 14:07:00-04:00,79.30999755859375,79.30999755859375,79.30999755859375,79.30999755859375,0,0.0,0.0,0.0
2024-10-01 14:09:00-04:00,79.30000305175781,79.30000305175781,79.30000305175781,79.30000305175781,0,0.0,0.0,0.0
2024-10-01 14:10:00-04:00,79.30999755859375,79.30999755859375,79.30999755859375,79.30999755859375,0,0.0,0.0,0.0
2024-10-01 14:20:00-04:00,79.27999877929688,79.27999877929688,79.2699966430664,79.2699966430664,0,0.0,0.0,0.0
2024-10-01 14:23:00-04:00,79.29989624023438,79.29989624023438,79.29989624023438,79.29989624023438,0,0.0,0.0,0.0
2024-10-01 14:24:00-04:00,79.28500366210938,79.28500366210938,79.28250122070312,79.28250122070312,0,0.0,0.0,0.0
2024-10-01 14:25:00-04:00,79.28500366210938,79.28500366210938,79.28500366210938,79.28500366210938,0,0.0,0.0,0.0
2024-10-01 14:27:00-04:00,79.28510284423828,79.28510284423828,79.28510284423828,79.28510284423828,0,0.0,0.0,0.0
2024-10-01 14:29:00-04:00,79.28569793701172,79.28800201416016,79.27999877929688,79.27999877929688,0,0.0,0.0,0.0
2024-10-01 14:32:00-04:00,79.30400085449219,79.30400085449219,79.28109741210938,79.28109741210938,0,0.0,0.0,0.0
2024-10-01 14:33:00-04:00,79.27999877929688,79.29499816894531,79.27999877929688,79.29499816894531,0,0.0,0.0,0.0
2024-10-01 14:36:00-04:00,79.30000305175781,79.30000305175781,79.29000091552734,79.29000091552734,0,0.0,0.0,0.0
2024-10-01 14:41:00-04:00,79.28800201416016,79.28800201416016,79.28800201416016,79.28800201416016,0,0.0,0.0,0.0
2024-10-01 14:43:00-04:00,79.29959869384766,79.29959869384766,79.29000091552734,79.29000091552734,0,0.0,0.0,0.0
2024-10-01 14:50:00-04:00,79.29000091552734,79.29000091552734,79.29000091552734,79.29000091552734,0,0.0,0.0,0.0
2024-10-01 14:51:00-04:00,79.29949951171875,79.29949951171875,79.29949951171875,79.29949951171875,0,0.0,0.0,0.0
2024-10-01 14:52:00-04:00,79.29000091552734,79.29000091552734,79.29000091552734,79.29000091552734,0,0.0,0.0,0.0
2024-10-01 14:53:00-04:00,79.29000091552734,79.29000091552734,79.29000091552734,79.29000091552734,0,0.0,0.0,0.0
2024-10-01 14:57:00-04:00,79.2699966430664,79.2699966430664,79.2699966430664,79.2699966430664,0,0.0,0.0,0.0
2024-10-01 14:58:00-04:00,79.2699966430664,79.27999877929688,79.2699966430664,79.27999877929688,0,0.0,0.0,0.0
2024-10-01 15:01:00-04:00,79.2699966430664,79.2699966430664,79.2699966430664,79.2699966430664,0,0.0,0.0,0.0
2024-10-01 15:02:00-04:00,79.27999877929688,79.27999877929688,79.27999877929688,79.27999877929688,0,0.0,0.0,0.0
2024-10-01 15:16:00-04:00,79.27999877929688,79.27999877929688,79.27999877929688,79.27999877929688,0,0.0,0.0,0.0
2024-10-01 15:18:00-04:00,79.27999877929688,79.27999877929688,79.27999877929688,79.27999877929688,0,0.0,0.0,0.0
2024-10-01 15:19:00-04:00,79.27999877929688,79.27999877929688,79.27999877929688,79.27999877929688,0,0.0,0.0,0.0
2024-10-01 15:27:00-04:00,79.27999877929688,79.27999877929688,79.27999877929688,79.27999877929688,0,0.0,0.0,0.0
2024-10-01 15:29:00-04:00,79.28990173339844,79.28990173339844,79.27999877929688,79.27999877929688,0,0.0,0.0,0.0
2024-10-01 15:34:00-04:00,79.27999877929688,79.27999877929688,79.27999877929688,79.27999877929688,0,0.0,0.0,0.0
2024-10-01 15:38:00-04:00,79.27999877929688,79.27999877929688,79.27200317382812,79.27200317382812,0,0.0,0.0,0.0
2024-10-01 15:39:00-04:00,79.28199768066406,79.28199768066406,79.28199768066406,79.28199768066406,0,0.0,0.0,0.0
2024-10-01 15:40:00-04:00,79.27999877929688,79.27999877929688,79.27999877929688,79.27999877929688,0,0.0,0.0,0.0
2024-10-01 15:42:00-04:00,79.28199768066406,79.28199768066406,79.28199768066406,79.28199768066406,0,0.0,0.0,0.0
2024-10-01 15:46:00-04:00,79.28199768066406,79.28199768066406,79.28199768066406,79.28199768066406,0,0.0,0.0,0.0
2024-10-01 15:50:00-04:00,79.27999877929688,79.27999877929688,79.27999877929688,79.27999877929688,0,0.0,0.0,0.0
2024-10-01 15:59:00-04:00,79.25379943847656,79.27999877929688,79.25,79.27999877929688,0,0.0,0.0,0.0
2024-10-02 15:45:00-04:00,79.12439727783203,79.12439727783203,79.12439727783203,79.12439727783203,0,0.0,0.0,0.0
2024-10-03 11:17:00-04:00,78.9999008178711,78.9999008178711,78.9999008178711,78.9999008178711,0,0.0,0.0,0.0
2024-10-03 11:30:00-04:00,78.96499633789062,78.96499633789062,78.96499633789062,78.96499633789062,38127,0.0,0.0,0.0
2024-10-03 11:31:00-04:00,78.96499633789062,78.96499633789062,78.96499633789062,78.96499633789062,100,0.0,0.0,0.0
2024-10-03 11:32:00-04:00,78.95999908447266,78.95999908447266,78.95999908447266,78.95999908447266,741,0.0,0.0,0.0
2024-10-03 11:33:00-04:00,78.95999908447266,78.95999908447266,78.95999908447266,78.95999908447266,547,0.0,0.0,0.0
2024-10-03 11:37:00-04:00,78.95999908447266,78.95999908447266,78.95999908447266,78.95999908447266,114,0.0,0.0,0.0
2024-10-03 11:43:00-04:00,78.95999908447266,78.95999908447266,78.95999908447266,78.95999908447266,503,0.0,0.0,0.0
2024-10-03 11:44:00-04:00,78.9749984741211,78.9749984741211,78.9749984741211,78.9749984741211,1614,0.0,0.0,0.0
2024-10-03 11:46:00-04:00,78.9800033569336,78.9800033569336,78.9800033569336,78.9800033569336,0,0.0,0.0,0.0
2024-10-03 11:55:00-04:00,78.95999908447266,78.95999908447266,78.95999908447266,78.95999908447266,200,0.0,0.0,0.0
2024-10-03 11:57:00-04:00,78.94000244140625,78.94000244140625,78.94000244140625,78.94000244140625,100,0.0,0.0,0.0
2024-10-03 11:58:00-04:00,78.94999694824219,78.94999694824219,78.94999694824219,78.94999694824219,786,0.0,0.0,0.0
2024-10-03 11:59:00-04:00,78.94000244140625,78.94000244140625,78.94000244140625,78.94000244140625,0,0.0,0.0,0.0
2024-10-03 12:01:00-04:00,78.94999694824219,78.94999694824219,78.94999694824219,78.94999694824219,200,0.0,0.0,0.0
2024-10-03 12:10:00-04:00,78.93000030517578,78.93000030517578,78.93000030517578,78.93000030517578,1361,0.0,0.0,0.0
2024-10-03 12:21:00-04:00,78.94999694824219,78.94999694824219,78.94999694824219,78.94999694824219,131,0.0,0.0,0.0
2024-10-03 12:25:00-04:00,78.97000122070312,78.97000122070312,78.97000122070312,78.97000122070312,248,0.0,0.0,0.0
2024-10-03 12:28:00-04:00,78.94999694824219,78.94999694824219,78.93000030517578,78.93000030517578,2943,0.0,0.0,0.0
2024-10-03 12:37:00-04:00,78.93000030517578,78.93000030517578,78.93000030517578,78.93000030517578,103,0.0,0.0,0.0
2024-10-03 12:53:00-04:00,78.92279815673828,78.92279815673828,78.92279815673828,78.92279815673828,731,0.0,0.0,0.0
2024-10-03 12:55:00-04:00,78.91999816894531,78.91999816894531,78.91999816894531,78.91999816894531,400,0.0,0.0,0.0
2024-10-03 12:56:00-04:00,78.91999816894531,78.94000244140625,78.90390014648438,78.94000244140625,996,0.0,0.0,0.0
2024-10-03 12:59:00-04:00,78.91999816894531,78.91999816894531,78.91999816894531,78.91999816894531,283,0.0,0.0,0.0
2024-10-03 13:01:00-04:00,78.93000030517578,78.94999694824219,78.93000030517578,78.94999694824219,6326,0.0,0.0,0.0
2024-10-03 13:08:00-04:00,78.94499969482422,78.94499969482422,78.94499969482422,78.94499969482422,1074,0.0,0.0,0.0
2024-10-03 13:12:00-04:00,78.91999816894531,78.91999816894531,78.91999816894531,78.91999816894531,629,0.0,0.0,0.0
2024-10-03 13:29:00-04:00,78.91999816894531,78.92900085449219,78.91999816894531,78.92829895019531,1772,0.0,0.0,0.0
2024-10-03 13:40:00-04:00,78.94000244140625,78.94000244140625,78.94000244140625,78.94000244140625,203,0.0,0.0,0.0
2024-10-03 13:49:00-04:00,78.92720031738281,78.92720031738281,78.92720031738281,78.92720031738281,254,0.0,0.0,0.0
2024-10-03 13:50:00-04:00,78.93000030517578,78.93000030517578,78.93000030517578,78.93000030517578,1007,0.0,0.0,0.0
2024-10-03 13:52:00-04:00,78.91000366210938,78.91000366210938,78.91000366210938,78.91000366210938,126,0.0,0.0,0.0
2024-10-03 14:02:00-04:00,78.91999816894531,78.91999816894531,78.91999816894531,78.91999816894531,385,0.0,0.0,0.0
2024-10-03 14:05:00-04:00,78.91999816894531,78.91999816894531,78.91999816894531,78.91999816894531,138,0.0,0.0,0.0
2024-10-03 14:07:00-04:00,78.91000366210938,78.91000366210938,78.91000366210938,78.91000366210938,437,0.0,0.0,0.0
2024-10-03 14:10:00-04:00,78.92960357666016,78.92960357666016,78.92960357666016,78.92960357666016,34,0.0,0.0,0.0
2024-10-03 14:16:00-04:00,78.92849731445312,78.92849731445312,78.92849731445312,78.92849731445312,376,0.0,0.0,0.0
2024-10-03 14:23:00-04:00,78.91000366210938,78.91000366210938,78.91000366210938,78.91000366210938,1097,0.0,0.0,0.0
2024-10-03 14:27:00-04:00,78.91000366210938,78.91000366210938,78.88999938964844,78.88999938964844,465,0.0,0.0,0.0
2024-10-03 14:32:00-04:00,78.88999938964844,78.88999938964844,78.87999725341797,78.87999725341797,559,0.0,0.0,0.0
2024-10-03 14:39:00-04:00,78.9198989868164,78.9198989868164,78.9198989868164,78.9198989868164,311,0.0,0.0,0.0
2024-10-03 14:52:00-04:00,78.90290069580078,78.9198989868164,78.90290069580078,78.90290069580078,1698,0.0,0.0,0.0
2024-10-03 14:53:00-04:00,78.9000015258789,78.9000015258789,78.87000274658203,78.9000015258789,20031,0.0,0.0,0.0
2024-10-03 14:54:00-04:00,78.9000015258789,78.9000015258789,78.9000015258789,78.9000015258789,298,0.0,0.0,0.0
2024-10-03 15:00:00-04:00,78.9000015258789,78.9000015258789,78.8905029296875,78.8905029296875,437,0.0,0.0,0.0
2024-10-03 15:01:00-04:00,78.89900207519531,78.89990234375,78.89900207519531,78.89990234375,660,0.0,0.0,0.0
2024-10-03 15:02:00-04:00,78.88999938964844,78.88999938964844,78.88999938964844,78.88999938964844,47,0.0,0.0,0.0
2024-10-03 15:03:00-04:00,78.88999938964844,78.88999938964844,78.88629913330078,78.88629913330078,1675,0.0,0.0,0.0
2024-10-03 15:18:00-04:00,78.89009857177734,78.92900085449219,78.89009857177734,78.92900085449219,1782,0.0,0.0,0.0
2024-10-03 15:26:00-04:00,78.91999816894531,78.91999816894531,78.91999816894531,78.91999816894531,915,0.0,0.0,0.0
2024-10-03 15:28:00-04:00,78.93000030517578,78.93000030517578,78.93000030517578,78.93000030517578,732,0.0,0.0,0.0
2024-10-03 15:30:00-04:00,78.92990112304688,78.92990112304688,78.92990112304688,78.92990112304688,307,0.0,0.0,0.0
2024-10-03 15:31:00-04:00,78.92990112304688,78.93000030517578,78.90149688720703,78.90149688720703,1036,0.0,0.0,0.0
2024-10-03 15:32:00-04:00,78.93000030517578,78.93000030517578,78.9000015258789,78.9000015258789,1101,0.0,0.0,0.0
2024-10-03 15:34:00-04:00,78.9000015258789,78.94000244140625,78.9000015258789,78.94000244140625,2933,0.0,0.0,0.0
2024-10-03 15:35:00-04:00,78.94000244140625,78.94000244140625,78.94000244140625,78.94000244140625,605,0.0,0.0,0.0
2024-10-03 15:39:00-04:00,78.94000244140625,78.94000244140625,78.94000244140625,78.94000244140625,1300,0.0,0.0,0.0
2024-10-03 15:42:00-04:00,78.91999816894531,78.91999816894531,78.91999816894531,78.91999816894531,758,0.0,0.0,0.0
2024-10-03 15:49:00-04:00,78.93000030517578,78.93000030517578,78.93000030517578,78.93000030517578,806,0.0,0.0,0.0
2024-10-03 15:50:00-04:00,78.93000030517578,78.93499755859375,78.93000030517578,78.93499755859375,900,0.0,0.0,0.0
2024-10-03 15:51:00-04:00,78.93000030517578,78.93499755859375,78.93000030517578,78.93499755859375,1200,0.0,0.0,0.0
2024-10-03 15:52:00-04:00,78.91999816894531,78.94000244140625,78.9000015258789,78.9000015258789,3617,0.0,0.0,0.0
2024-10-03 15:53:00-04:00,78.9000015258789,78.9000015258789,78.9000015258789,78.9000015258789,300,0.0,0.0,0.0
2024-10-03 15:54:00-04:00,78.93000030517578,78.94000244140625,78.93000030517578,78.94000244140625,1214,0.0,0.0,0.0
2024-10-03 15:55:00-04:00,78.93000030517578,78.93000030517578,78.91419982910156,78.91419982910156,3000,0.0,0.0,0.0
2024-10-03 15:56:00-04:00,78.93000030517578,78.93000030517578,78.93000030517578,78.93000030517578,1906,0.0,0.0,0.0
2024-10-03 15:57:00-04:00,78.91999816894531,78.91999816894531,78.91999816894531,78.91999816894531,700,0.0,0.0,0.0
2024-10-03 15:58:00-04:00,78.91999816894531,78.91999816894531,78.91999816894531,78.91999816894531,600,0.0,0.0,0.0
2024-10-03 15:59:00-04:00,78.90499877929688,78.90499877929688,78.90499877929688,78.90499877929688,1910,0.0,0.0,0.0
2024-10-04 09:31:00-04:00,78.3113021850586,78.3113021850586,78.3113021850586,78.3113021850586,7996,0.0,0.0,0.0
2024-10-04 11:17:00-04:00,78.38999938964844,78.38999938964844,78.38999938964844,78.38999938964844,24870,0.0,0.0,0.0
2024-10-04 11:20:00-04:00,78.38999938964844,78.38999938964844,78.38999938964844,78.38999938964844,428,0.0,0.0,0.0
2024-10-04 11:24:00-04:00,78.36499786376953,78.36499786376953,78.36499786376953,78.36499786376953,301,0.0,0.0,0.0
2024-10-04 11:28:00-04:00,78.34500122070312,78.34500122070312,78.34500122070312,78.34500122070312,352,0.0,0.0,0.0
2024-10-04 11:37:00-04:00,78.37999725341797,78.37999725341797,78.37999725341797,78.37999725341797,201,0.0,0.0,0.0
2024-10-04 11:38:00-04:00,78.36000061035156,78.36000061035156,78.36000061035156,78.36000061035156,117,0.0,0.0,0.0
2024-10-04 11:40:00-04:00,78.36000061035156,78.36000061035156,78.36000061035156,78.36000061035156,981,0.0,0.0,0.0
2024-10-04 11:55:00-04:00,78.3499984741211,78.36000061035156,78.3499984741211,78.36000061035156,298,0.0,0.0,0.0
2024-10-04 11:59:00-04:00,78.37940216064453,78.37940216064453,78.3499984741211,78.3499984741211,1945,0.0,0.0,0.0
2024-10-04 12:07:00-04:00,78.41000366210938,78.41000366210938,78.41000366210938,78.41000366210938,272,0.0,0.0,0.0
2024-10-04 12:09:00-04:00,78.37999725341797,78.37999725341797,78.37999725341797,78.37999725341797,182,0.0,0.0,0.0
2024-10-04 12:11:00-04:00,78.375,78.375,78.375,78.375,1110,0.0,0.0,0.0
2024-10-04 12:12:00-04:00,78.38500213623047,78.38500213623047,78.33999633789062,78.37999725341797,3072,0.0,0.0,0.0
2024-10-04 12:13:00-04:00,78.37999725341797,78.37999725341797,78.37999725341797,78.37999725341797,420,0.0,0.0,0.0
2024-10-04 12:25:00-04:00,78.32499694824219,78.32499694824219,78.32499694824219,78.32499694824219,453,0.0,0.0,0.0
2024-10-04 12:26:00-04:00,78.32849884033203,78.32849884033203,78.32499694824219,78.32499694824219,1052,0.0,0.0,0.0
2024-10-04 12:32:00-04:00,78.30000305175781,78.30000305175781,78.30000305175781,78.30000305175781,559,0.0,0.0,0.0
2024-10-04 12:35:00-04:00,78.31500244140625,78.31500244140625,78.31500244140625,78.31500244140625,1072,0.0,0.0,0.0
2024-10-04 12:38:00-04:00,78.31999969482422,78.31999969482422,78.27999877929688,78.27999877929688,1641,0.0,0.0,0.0
2024-10-04 12:43:00-04:00,78.34500122070312,78.34500122070312,78.34500122070312,78.34500122070312,300,0.0,0.0,0.0
2024-10-04 12:44:00-04:00,78.31999969482422,78.31999969482422,78.31999969482422,78.31999969482422,585,0.0,0.0,0.0
2024-10-04 13:13:00-04:00,78.31009674072266,78.31009674072266,78.31009674072266,78.31009674072266,1586,0.0,0.0,0.0
2024-10-04 13:21:00-04:00,78.33809661865234,78.33809661865234,78.33809661865234,78.33809661865234,231,0.0,0.0,0.0
2024-10-04 13:27:00-04:00,78.33999633789062,78.34989929199219,78.30000305175781,78.30000305175781,1744,0.0,0.0,0.0
2024-10-04 13:39:00-04:00,78.34989929199219,78.34989929199219,78.30000305175781,78.30000305175781,3206,0.0,0.0,0.0
2024-10-04 13:44:00-04:00,78.32849884033203,78.32849884033203,78.32499694824219,78.32499694824219,902,0.0,0.0,0.0
2024-10-04 13:51:00-04:00,78.33999633789062,78.33999633789062,78.32499694824219,78.32499694824219,509,0.0,0.0,0.0
2024-10-04 13:56:00-04:00,78.31500244140625,78.31500244140625,78.31500244140625,78.31500244140625,689,0.0,0.0,0.0
2024-10-04 14:05:00-04:00,78.31999969482422,78.31999969482422,78.31999969482422,78.31999969482422,185,0.0,0.0,0.0
2024-10-04 14:11:00-04:00,78.31500244140625,78.31500244140625,78.29000091552734,78.29000091552734,524,0.0,0.0,0.0
2024-10-04 14:19:00-04:00,78.34919738769531,78.34919738769531,78.34919738769531,78.34919738769531,3232,0.0,0.0,0.0
2024-10-04 14:21:00-04:00,78.33000183105469,78.33000183105469,78.30000305175781,78.30000305175781,123,0.0,0.0,0.0
2024-10-04 14:24:00-04:00,78.30999755859375,78.30999755859375,78.30999755859375,78.30999755859375,374,0.0,0.0,0.0
2024-10-04 14:29:00-04:00,78.31500244140625,78.3499984741211,78.31500244140625,78.3499984741211,24,0.0,0.0,0.0
2024-10-04 14:32:00-04:00,78.32499694824219,78.32499694824219,78.32499694824219,78.32499694824219,340,0.0,0.0,0.0
2024-10-04 14:33:00-04:00,78.3499984741211,78.3499984741211,78.3499984741211,78.3499984741211,582,0.0,0.0,0.0
2024-10-04 14:34:00-04:00,78.33000183105469,78.37999725341797,78.33000183105469,78.33000183105469,883,0.0,0.0,0.0
2024-10-04 14:47:00-04:00,78.35350036621094,78.35350036621094,78.35350036621094,78.35350036621094,972,0.0,0.0,0.0
2024-10-04 14:49:00-04:00,78.33000183105469,78.33000183105469,78.33000183105469,78.33000183105469,0,0.0,0.0,0.0
2024-10-04 14:51:00-04:00,78.30000305175781,78.30000305175781,78.30000305175781,78.30000305175781,400,0.0,0.0,0.0
2024-10-04 14:55:00-04:00,78.30000305175781,78.30000305175781,78.29000091552734,78.29000091552734,400,0.0,0.0,0.0
2024-10-04 14:57:00-04:00,78.29000091552734,78.29000091552734,78.29000091552734,78.29000091552734,871,0.0,0.0,0.0
2024-10-04 15:02:00-04:00,78.30999755859375,78.30999755859375,78.30999755859375,78.30999755859375,245,0.0,0.0,0.0
2024-10-04 15:08:00-04:00,78.30000305175781,78.30000305175781,78.30000305175781,78.30000305175781,6899,0.0,0.0,0.0
2024-10-04 15:15:00-04:00,78.31919860839844,78.31919860839844,78.31919860839844,78.31919860839844,0,0.0,0.0,0.0
2024-10-04 15:17:00-04:00,78.30500030517578,78.30500030517578,78.30500030517578,78.30500030517578,279,0.0,0.0,0.0
2024-10-04 15:21:00-04:00,78.306396484375,78.306396484375,78.306396484375,78.306396484375,688,0.0,0.0,0.0
2024-10-04 15:22:00-04:00,78.30999755859375,78.30999755859375,78.30999755859375,78.30999755859375,1256,0.0,0.0,0.0
2024-10-04 15:23:00-04:00,78.30999755859375,78.30999755859375,78.30999755859375,78.30999755859375,83,0.0,0.0,0.0
2024-10-04 15:26:00-04:00,78.3396987915039,78.3396987915039,78.27999877929688,78.27999877929688,2576,0.0,0.0,0.0
2024-10-04 15:28:00-04:00,78.29000091552734,78.29000091552734,78.29000091552734,78.29000091552734,300,0.0,0.0,0.0
2024-10-04 15:32:00-04:00,78.32990264892578,78.32990264892578,78.32990264892578,78.32990264892578,1728,0.0,0.0,0.0
2024-10-04 15:34:00-04:00,78.34989929199219,78.34989929199219,78.29000091552734,78.29000091552734,498,0.0,0.0,0.0
2024-10-04 15:35:00-04:00,78.31999969482422,78.31999969482422,78.29000091552734,78.29000091552734,2098,0.0,0.0,0.0
2024-10-04 15:37:00-04:00,78.31849670410156,78.31849670410156,78.31849670410156,78.31849670410156,349,0.0,0.0,0.0
2024-10-04 15:40:00-04:00,78.29000091552734,78.31500244140625,78.29000091552734,78.31500244140625,841,0.0,0.0,0.0
2024-10-04 15:42:00-04:00,78.29000091552734,78.29000091552734,78.29000091552734,78.29000091552734,698,0.0,0.0,0.0
2024-10-04 15:51:00-04:00,78.30010223388672,78.30010223388672,78.30000305175781,78.30000305175781,3765,0.0,0.0,0.0
2024-10-04 15:53:00-04:00,78.31500244140625,78.31500244140625,78.31500244140625,78.31500244140625,626,0.0,0.0,0.0
2024-10-04 15:54:00-04:00,78.29000091552734,78.29000091552734,78.29000091552734,78.29000091552734,42,0.0,0.0,0.0
2024-10-04 15:59:00-04:00,78.30000305175781,78.3499984741211,78.30000305175781,78.3499984741211,1744,0.0,0.0,0.0
