Datetime,Open,High,Low,Close,Volume,Dividends,Stock Splits
2024-07-26 09:00:00+08:00,73.19999694824219,74.5,70.80000305175781,71.80000305175781,0,0.0,0.0
2024-07-26 09:05:00+08:00,72.19999694824219,72.9000015258789,71.5,72.0,101821,0.0,0.0
2024-07-26 09:10:00+08:00,72.0,73.80000305175781,71.9000015258789,73.5,147004,0.0,0.0
2024-07-26 09:15:00+08:00,73.5,73.5999984741211,72.5999984741211,72.9000015258789,93064,0.0,0.0
2024-07-26 09:20:00+08:00,72.9000015258789,75.0,72.9000015258789,75.0,346884,0.0,0.0
2024-07-26 09:25:00+08:00,74.69999694824219,75.5,74.5,75.30000305175781,224130,0.0,0.0
2024-07-26 09:30:00+08:00,75.19999694824219,76.69999694824219,75.0999984741211,76.30000305175781,644887,0.0,0.0
2024-07-26 09:35:00+08:00,76.4000015258789,76.69999694824219,76.30000305175781,76.5999984741211,194065,0.0,0.0
2024-07-26 09:40:00+08:00,76.4000015258789,76.69999694824219,75.5999984741211,75.80000305175781,156210,0.0,0.0
2024-07-26 09:45:00+08:00,75.9000015258789,76.69999694824219,75.9000015258789,76.69999694824219,257842,0.0,0.0
2024-07-26 09:50:00+08:00,76.5999984741211,76.69999694824219,76.4000015258789,76.69999694824219,104049,0.0,0.0
2024-07-26 09:55:00+08:00,76.69999694824219,76.69999694824219,76.69999694824219,76.69999694824219,491736,0.0,0.0
2024-07-26 10:00:00+08:00,76.69999694824219,76.69999694824219,76.69999694824219,76.69999694824219,15761,0.0,0.0
2024-07-26 10:05:00+08:00,76.69999694824219,76.69999694824219,76.69999694824219,76.69999694824219,9540,0.0,0.0
2024-07-26 10:10:00+08:00,76.69999694824219,76.69999694824219,76.69999694824219,76.69999694824219,52413,0.0,0.0
2024-07-26 10:15:00+08:00,76.69999694824219,76.69999694824219,76.69999694824219,76.69999694824219,2883,0.0,0.0
2024-07-26 10:20:00+08:00,76.69999694824219,76.69999694824219,76.69999694824219,76.69999694824219,17342,0.0,0.0
2024-07-26 10:25:00+08:00,76.69999694824219,76.69999694824219,76.69999694824219,76.69999694824219,59365,0.0,0.0
2024-07-26 10:30:00+08:00,76.69999694824219,76.69999694824219,76.69999694824219,76.69999694824219,58305,0.0,0.0
2024-07-26 10:35:00+08:00,76.69999694824219,76.69999694824219,76.69999694824219,76.69999694824219,11284,0.0,0.0
2024-07-26 10:40:00+08:00,76.69999694824219,76.69999694824219,76.69999694824219,76.69999694824219,5570,0.0,0.0
2024-07-26 10:45:00+08:00,76.69999694824219,76.69999694824219,76.69999694824219,76.69999694824219,1318,0.0,0.0
2024-07-26 10:50:00+08:00,76.69999694824219,76.69999694824219,76.69999694824219,76.69999694824219,2562,0.0,0.0
2024-07-26 11:00:00+08:00,76.69999694824219,76.69999694824219,76.69999694824219,76.69999694824219,2770,0.0,0.0
2024-07-26 11:05:00+08:00,76.69999694824219,76.69999694824219,76.69999694824219,76.69999694824219,5507,0.0,0.0
2024-07-26 11:10:00+08:00,76.69999694824219,76.69999694824219,76.69999694824219,76.69999694824219,11719,0.0,0.0
2024-07-26 11:15:00+08:00,76.69999694824219,76.69999694824219,76.69999694824219,76.69999694824219,10192,0.0,0.0
2024-07-26 11:20:00+08:00,76.69999694824219,76.69999694824219,76.69999694824219,76.69999694824219,1035,0.0,0.0
2024-07-26 11:25:00+08:00,76.69999694824219,76.69999694824219,76.69999694824219,76.69999694824219,3503,0.0,0.0
2024-07-26 11:35:00+08:00,76.69999694824219,76.69999694824219,76.69999694824219,76.69999694824219,1003,0.0,0.0
2024-07-26 11:40:00+08:00,76.69999694824219,76.69999694824219,76.69999694824219,76.69999694824219,4675,0.0,0.0
2024-07-26 11:45:00+08:00,76.69999694824219,76.69999694824219,76.69999694824219,76.69999694824219,10100,0.0,0.0
2024-07-26 11:50:00+08:00,76.69999694824219,76.69999694824219,76.69999694824219,76.69999694824219,17010,0.0,0.0
2024-07-26 11:55:00+08:00,76.69999694824219,76.69999694824219,76.69999694824219,76.69999694824219,109050,0.0,0.0
2024-07-26 12:00:00+08:00,76.69999694824219,76.69999694824219,76.69999694824219,76.69999694824219,10221,0.0,0.0
2024-07-26 12:05:00+08:00,76.69999694824219,76.69999694824219,76.69999694824219,76.69999694824219,25491,0.0,0.0
2024-07-26 12:10:00+08:00,76.69999694824219,76.69999694824219,76.69999694824219,76.69999694824219,10107,0.0,0.0
2024-07-26 12:15:00+08:00,76.69999694824219,76.69999694824219,76.69999694824219,76.69999694824219,2000,0.0,0.0
2024-07-26 12:20:00+08:00,76.69999694824219,76.69999694824219,76.69999694824219,76.69999694824219,28527,0.0,0.0
2024-07-26 12:30:00+08:00,76.69999694824219,76.69999694824219,76.69999694824219,76.69999694824219,1151,0.0,0.0
2024-07-26 12:35:00+08:00,76.69999694824219,76.69999694824219,76.69999694824219,76.69999694824219,20198,0.0,0.0
2024-07-26 12:40:00+08:00,76.69999694824219,76.69999694824219,76.69999694824219,76.69999694824219,1441,0.0,0.0
2024-07-26 12:45:00+08:00,76.69999694824219,76.69999694824219,76.69999694824219,76.69999694824219,12038,0.0,0.0
2024-07-26 12:50:00+08:00,76.69999694824219,76.69999694824219,76.69999694824219,76.69999694824219,15199,0.0,0.0
2024-07-26 12:55:00+08:00,76.69999694824219,76.69999694824219,76.69999694824219,76.69999694824219,6075,0.0,0.0
2024-07-26 13:00:00+08:00,76.69999694824219,76.69999694824219,76.69999694824219,76.69999694824219,6105,0.0,0.0
2024-07-26 13:05:00+08:00,76.69999694824219,76.69999694824219,76.69999694824219,76.69999694824219,2000,0.0,0.0
2024-07-26 13:10:00+08:00,76.69999694824219,76.69999694824219,76.69999694824219,76.69999694824219,2266,0.0,0.0
2024-07-26 13:20:00+08:00,76.69999694824219,76.69999694824219,76.69999694824219,76.69999694824219,4028,0.0,0.0
2024-07-29 09:00:00+08:00,80.0,82.4000015258789,78.9000015258789,79.5,0,0.0,0.0
2024-07-29 09:05:00+08:00,79.5,79.69999694824219,77.80000305175781,78.0999984741211,463000,0.0,0.0
2024-07-29 09:10:00+08:00,78.19999694824219,78.80000305175781,77.80000305175781,78.0,271527,0.0,0.0
2024-07-29 09:15:00+08:00,78.19999694824219,78.9000015258789,78.0,78.5,183168,0.0,0.0
2024-07-29 09:20:00+08:00,78.5,78.5,76.69999694824219,76.80000305175781,325668,0.0,0.0
2024-07-29 09:25:00+08:00,77.0,77.5,76.80000305175781,76.80000305175781,134362,0.0,0.0
2024-07-29 09:30:00+08:00,76.80000305175781,77.69999694824219,76.80000305175781,77.30000305175781,78937,0.0,0.0
2024-07-29 09:35:00+08:00,77.19999694824219,77.30000305175781,76.4000015258789,76.5,171750,0.0,0.0
2024-07-29 09:40:00+08:00,76.5999984741211,76.5999984741211,75.0,75.69999694824219,233084,0.0,0.0
2024-07-29 09:45:00+08:00,75.69999694824219,76.5999984741211,75.69999694824219,75.69999694824219,83027,0.0,0.0
2024-07-29 09:50:00+08:00,75.69999694824219,75.80000305175781,75.5999984741211,75.69999694824219,44056,0.0,0.0
2024-07-29 09:55:00+08:00,75.5999984741211,76.0,75.5999984741211,75.80000305175781,25527,0.0,0.0
2024-07-29 10:00:00+08:00,75.69999694824219,75.69999694824219,75.30000305175781,75.5999984741211,66327,0.0,0.0
2024-07-29 10:05:00+08:00,75.5999984741211,75.5999984741211,74.0,74.5,220586,0.0,0.0
2024-07-29 10:10:00+08:00,74.5,75.0,74.0999984741211,74.0999984741211,122342,0.0,0.0
2024-07-29 10:15:00+08:00,74.19999694824219,74.5999984741211,73.9000015258789,74.0,140844,0.0,0.0
2024-07-29 10:20:00+08:00,74.0999984741211,74.30000305175781,74.0999984741211,74.30000305175781,31100,0.0,0.0
2024-07-29 10:25:00+08:00,74.19999694824219,74.30000305175781,73.5,73.9000015258789,97108,0.0,0.0
2024-07-29 10:30:00+08:00,73.9000015258789,73.9000015258789,73.5,73.5,40013,0.0,0.0
2024-07-29 10:35:00+08:00,73.5999984741211,73.5999984741211,73.30000305175781,73.5999984741211,43455,0.0,0.0
2024-07-29 10:40:00+08:00,73.5999984741211,74.0,73.5999984741211,73.80000305175781,37212,0.0,0.0
2024-07-29 10:45:00+08:00,73.69999694824219,73.9000015258789,73.19999694824219,73.30000305175781,87267,0.0,0.0
2024-07-29 10:50:00+08:00,73.30000305175781,73.30000305175781,73.19999694824219,73.19999694824219,32111,0.0,0.0
2024-07-29 10:55:00+08:00,73.0999984741211,73.5999984741211,73.0999984741211,73.5999984741211,66178,0.0,0.0
2024-07-29 11:00:00+08:00,73.69999694824219,74.0,73.69999694824219,73.9000015258789,37010,0.0,0.0
2024-07-29 11:05:00+08:00,73.9000015258789,74.0,73.9000015258789,73.9000015258789,19028,0.0,0.0
2024-07-29 11:10:00+08:00,73.80000305175781,73.80000305175781,73.5,73.5999984741211,31071,0.0,0.0
2024-07-29 11:15:00+08:00,73.5,73.69999694824219,73.5,73.69999694824219,18052,0.0,0.0
2024-07-29 11:20:00+08:00,73.80000305175781,73.9000015258789,73.5999984741211,73.5999984741211,29007,0.0,0.0
2024-07-29 11:25:00+08:00,73.5999984741211,73.5999984741211,73.4000015258789,73.4000015258789,33000,0.0,0.0
2024-07-29 11:30:00+08:00,73.4000015258789,73.4000015258789,73.30000305175781,73.4000015258789,11005,0.0,0.0
2024-07-29 11:35:00+08:00,73.4000015258789,73.4000015258789,73.30000305175781,73.4000015258789,10028,0.0,0.0
2024-07-29 11:40:00+08:00,73.5,73.5999984741211,73.5,73.5999984741211,9040,0.0,0.0
2024-07-29 11:45:00+08:00,73.5,73.5,73.0,73.0,82496,0.0,0.0
2024-07-29 11:50:00+08:00,73.0,73.0,72.0,72.0,141698,0.0,0.0
2024-07-29 11:55:00+08:00,72.0,72.0,71.69999694824219,72.0,84086,0.0,0.0
2024-07-29 12:00:00+08:00,72.0,72.19999694824219,71.69999694824219,72.0,27190,0.0,0.0
2024-07-29 12:05:00+08:00,72.0,72.0,71.5,71.5,65176,0.0,0.0
2024-07-29 12:10:00+08:00,71.5,71.69999694824219,71.5,71.5999984741211,25492,0.0,0.0
2024-07-29 12:15:00+08:00,71.5999984741211,71.5999984741211,71.4000015258789,71.5999984741211,34033,0.0,0.0
2024-07-29 12:20:00+08:00,71.69999694824219,72.5,71.69999694824219,72.0999984741211,60031,0.0,0.0
2024-07-29 12:25:00+08:00,72.0999984741211,72.0999984741211,71.69999694824219,71.69999694824219,23030,0.0,0.0
2024-07-29 12:30:00+08:00,71.69999694824219,71.80000305175781,71.5,71.80000305175781,48000,0.0,0.0
2024-07-29 12:35:00+08:00,71.80000305175781,71.80000305175781,71.5999984741211,71.69999694824219,22090,0.0,0.0
2024-07-29 12:40:00+08:00,71.69999694824219,71.80000305175781,71.5,71.5999984741211,42347,0.0,0.0
2024-07-29 12:45:00+08:00,71.5999984741211,71.69999694824219,71.4000015258789,71.4000015258789,15150,0.0,0.0
2024-07-29 12:50:00+08:00,71.5,71.5,71.0999984741211,71.0999984741211,41744,0.0,0.0
2024-07-29 12:55:00+08:00,71.0999984741211,71.30000305175781,70.5,70.69999694824219,87543,0.0,0.0
2024-07-29 13:00:00+08:00,70.69999694824219,70.69999694824219,70.30000305175781,70.30000305175781,55064,0.0,0.0
2024-07-29 13:05:00+08:00,70.30000305175781,70.30000305175781,70.0,70.30000305175781,91553,0.0,0.0
2024-07-29 13:10:00+08:00,70.4000015258789,70.5,70.30000305175781,70.4000015258789,33000,0.0,0.0
2024-07-29 13:15:00+08:00,70.30000305175781,70.30000305175781,70.0,70.0,71379,0.0,0.0
2024-07-29 13:20:00+08:00,70.0999984741211,70.30000305175781,70.0,70.0999984741211,77647,0.0,0.0
2024-07-30 09:00:00+08:00,70.0,71.4000015258789,69.5999984741211,69.5999984741211,223000,0.0,0.0
2024-07-30 09:05:00+08:00,69.5999984741211,70.0999984741211,69.0999984741211,70.0999984741211,100243,0.0,0.0
2024-07-30 09:10:00+08:00,70.5,71.5,70.5,71.30000305175781,75250,0.0,0.0
2024-07-30 09:15:00+08:00,71.4000015258789,71.4000015258789,70.5,70.80000305175781,71862,0.0,0.0
2024-07-30 09:20:00+08:00,70.9000015258789,71.0,70.80000305175781,71.0,25070,0.0,0.0
2024-07-30 09:25:00+08:00,71.0,71.0,70.5,70.5,27150,0.0,0.0
2024-07-30 09:30:00+08:00,70.5,71.19999694824219,70.5,71.19999694824219,42030,0.0,0.0
2024-07-30 09:35:00+08:00,71.0,71.4000015258789,71.0,71.0999984741211,38376,0.0,0.0
2024-07-30 09:40:00+08:00,71.4000015258789,71.5999984741211,71.4000015258789,71.4000015258789,13100,0.0,0.0
2024-07-30 09:45:00+08:00,71.4000015258789,71.5,71.19999694824219,71.5,20100,0.0,0.0
2024-07-30 09:50:00+08:00,71.5999984741211,71.9000015258789,71.5999984741211,71.80000305175781,16200,0.0,0.0
2024-07-30 09:55:00+08:00,71.80000305175781,71.9000015258789,71.19999694824219,71.19999694824219,28001,0.0,0.0
2024-07-30 10:00:00+08:00,71.0999984741211,71.69999694824219,71.0,71.5999984741211,39001,0.0,0.0
2024-07-30 10:05:00+08:00,71.5999984741211,71.80000305175781,71.5,71.5,15200,0.0,0.0
2024-07-30 10:10:00+08:00,71.30000305175781,71.5,71.0999984741211,71.0999984741211,9000,0.0,0.0
2024-07-30 10:15:00+08:00,71.0999984741211,71.0999984741211,70.9000015258789,70.9000015258789,10100,0.0,0.0
2024-07-30 10:20:00+08:00,70.9000015258789,71.0999984741211,70.9000015258789,71.0999984741211,3000,0.0,0.0
2024-07-30 10:25:00+08:00,70.9000015258789,70.9000015258789,70.5999984741211,70.5999984741211,18100,0.0,0.0
2024-07-30 10:30:00+08:00,70.5999984741211,71.19999694824219,70.5999984741211,71.19999694824219,23000,0.0,0.0
2024-07-30 10:35:00+08:00,71.19999694824219,71.19999694824219,70.80000305175781,70.80000305175781,22000,0.0,0.0
2024-07-30 10:40:00+08:00,70.9000015258789,70.9000015258789,70.9000015258789,70.9000015258789,1000,0.0,0.0
2024-07-30 10:45:00+08:00,70.80000305175781,70.80000305175781,70.80000305175781,70.80000305175781,1000,0.0,0.0
2024-07-30 10:50:00+08:00,70.80000305175781,71.0999984741211,70.69999694824219,71.0999984741211,11000,0.0,0.0
2024-07-30 10:55:00+08:00,71.0999984741211,71.5,70.9000015258789,71.5,16100,0.0,0.0
2024-07-30 11:00:00+08:00,71.0,71.30000305175781,70.5,71.30000305175781,24000,0.0,0.0
2024-07-30 11:05:00+08:00,71.0,71.0,70.9000015258789,70.9000015258789,2000,0.0,0.0
2024-07-30 11:10:00+08:00,71.0999984741211,71.0999984741211,71.0999984741211,71.0999984741211,2000,0.0,0.0
2024-07-30 11:15:00+08:00,71.19999694824219,71.5,71.19999694824219,71.5,18110,0.0,0.0
2024-07-30 11:20:00+08:00,71.4000015258789,71.4000015258789,71.30000305175781,71.30000305175781,10000,0.0,0.0
2024-07-30 11:25:00+08:00,71.19999694824219,71.19999694824219,71.19999694824219,71.19999694824219,1009,0.0,0.0
2024-07-30 11:30:00+08:00,71.30000305175781,71.30000305175781,71.30000305175781,71.30000305175781,5000,0.0,0.0
2024-07-30 11:35:00+08:00,71.19999694824219,71.19999694824219,71.19999694824219,71.19999694824219,2017,0.0,0.0
2024-07-30 11:40:00+08:00,71.30000305175781,71.30000305175781,71.19999694824219,71.19999694824219,5000,0.0,0.0
2024-07-30 11:45:00+08:00,71.19999694824219,71.4000015258789,71.19999694824219,71.4000015258789,5200,0.0,0.0
2024-07-30 11:50:00+08:00,71.4000015258789,71.4000015258789,71.4000015258789,71.4000015258789,2065,0.0,0.0
2024-07-30 11:55:00+08:00,71.4000015258789,71.4000015258789,71.4000015258789,71.4000015258789,3000,0.0,0.0
2024-07-30 12:00:00+08:00,71.4000015258789,71.4000015258789,71.30000305175781,71.30000305175781,7185,0.0,0.0
2024-07-30 12:05:00+08:00,71.19999694824219,71.19999694824219,71.19999694824219,71.19999694824219,7000,0.0,0.0
2024-07-30 12:10:00+08:00,71.30000305175781,71.30000305175781,71.30000305175781,71.30000305175781,5000,0.0,0.0
2024-07-30 12:15:00+08:00,71.4000015258789,71.5,71.30000305175781,71.4000015258789,13050,0.0,0.0
2024-07-30 12:20:00+08:00,71.4000015258789,71.5,71.4000015258789,71.4000015258789,19000,0.0,0.0
2024-07-30 12:25:00+08:00,71.5,71.5,71.4000015258789,71.4000015258789,6001,0.0,0.0
2024-07-30 12:30:00+08:00,71.4000015258789,71.4000015258789,71.30000305175781,71.4000015258789,8150,0.0,0.0
2024-07-30 12:35:00+08:00,71.5,71.5,71.5,71.5,3004,0.0,0.0
2024-07-30 12:40:00+08:00,71.5,71.5,71.19999694824219,71.19999694824219,34000,0.0,0.0
2024-07-30 12:45:00+08:00,71.19999694824219,71.30000305175781,71.19999694824219,71.30000305175781,7035,0.0,0.0
2024-07-30 12:55:00+08:00,71.30000305175781,71.9000015258789,71.30000305175781,71.9000015258789,68664,0.0,0.0
2024-07-30 13:00:00+08:00,71.9000015258789,72.19999694824219,71.9000015258789,71.9000015258789,34321,0.0,0.0
2024-07-30 13:05:00+08:00,72.0,72.0,71.4000015258789,71.69999694824219,29069,0.0,0.0
2024-07-30 13:10:00+08:00,71.69999694824219,71.9000015258789,71.69999694824219,71.9000015258789,5031,0.0,0.0
2024-07-30 13:15:00+08:00,71.69999694824219,72.0,71.4000015258789,72.0,43030,0.0,0.0
2024-07-30 13:20:00+08:00,71.9000015258789,71.9000015258789,71.5,71.5,17102,0.0,0.0
2024-07-31 09:00:00+08:00,71.5,73.69999694824219,71.5,73.4000015258789,76000,0.0,0.0
2024-07-31 09:05:00+08:00,73.4000015258789,75.19999694824219,73.0,75.19999694824219,237000,0.0,0.0
2024-07-31 09:10:00+08:00,75.30000305175781,75.80000305175781,74.0999984741211,74.19999694824219,148713,0.0,0.0
2024-07-31 09:15:00+08:00,74.5999984741211,75.80000305175781,74.5,75.0999984741211,128780,0.0,0.0
2024-07-31 09:20:00+08:00,75.0999984741211,75.0999984741211,74.5999984741211,74.5999984741211,34250,0.0,0.0
2024-07-31 09:25:00+08:00,74.5999984741211,74.5999984741211,74.30000305175781,74.5,23500,0.0,0.0
2024-07-31 09:30:00+08:00,74.4000015258789,74.5,73.80000305175781,73.80000305175781,59357,0.0,0.0
2024-07-31 09:35:00+08:00,73.80000305175781,73.80000305175781,73.30000305175781,73.4000015258789,52083,0.0,0.0
2024-07-31 09:40:00+08:00,73.5999984741211,73.9000015258789,73.5,73.9000015258789,14144,0.0,0.0
2024-07-31 09:45:00+08:00,74.0,74.0,73.5999984741211,73.5999984741211,11000,0.0,0.0
2024-07-31 09:50:00+08:00,73.5999984741211,73.5999984741211,73.19999694824219,73.30000305175781,42283,0.0,0.0
2024-07-31 09:55:00+08:00,73.30000305175781,73.30000305175781,73.30000305175781,73.30000305175781,6099,0.0,0.0
2024-07-31 10:00:00+08:00,73.5,73.69999694824219,73.5,73.69999694824219,8000,0.0,0.0
2024-07-31 10:05:00+08:00,73.69999694824219,73.80000305175781,73.69999694824219,73.80000305175781,8060,0.0,0.0
2024-07-31 10:10:00+08:00,73.80000305175781,74.19999694824219,73.80000305175781,74.0,17371,0.0,0.0
2024-07-31 10:15:00+08:00,74.0,74.0,74.0,74.0,7079,0.0,0.0
2024-07-31 10:20:00+08:00,73.9000015258789,74.0,73.69999694824219,73.9000015258789,14002,0.0,0.0
2024-07-31 10:25:00+08:00,73.9000015258789,73.9000015258789,73.9000015258789,73.9000015258789,7181,0.0,0.0
2024-07-31 10:30:00+08:00,74.0999984741211,74.5,74.0999984741211,74.4000015258789,18457,0.0,0.0
2024-07-31 10:35:00+08:00,74.5,74.9000015258789,74.5,74.69999694824219,41000,0.0,0.0
2024-07-31 10:40:00+08:00,74.5999984741211,74.5999984741211,74.19999694824219,74.19999694824219,32051,0.0,0.0
2024-07-31 10:45:00+08:00,74.30000305175781,74.4000015258789,74.30000305175781,74.4000015258789,5000,0.0,0.0
2024-07-31 10:50:00+08:00,74.30000305175781,74.5,74.30000305175781,74.5,8000,0.0,0.0
2024-07-31 10:55:00+08:00,74.4000015258789,74.4000015258789,74.0999984741211,74.0999984741211,16400,0.0,0.0
2024-07-31 11:00:00+08:00,74.0,74.0,73.9000015258789,73.9000015258789,6600,0.0,0.0
2024-07-31 11:05:00+08:00,73.80000305175781,73.9000015258789,73.5,73.5,29300,0.0,0.0
2024-07-31 11:10:00+08:00,73.69999694824219,73.69999694824219,73.4000015258789,73.4000015258789,12038,0.0,0.0
2024-07-31 11:15:00+08:00,73.4000015258789,73.4000015258789,73.19999694824219,73.4000015258789,20000,0.0,0.0
2024-07-31 11:20:00+08:00,73.5,73.5,73.30000305175781,73.30000305175781,13000,0.0,0.0
2024-07-31 11:25:00+08:00,73.19999694824219,73.19999694824219,72.80000305175781,72.80000305175781,55000,0.0,0.0
2024-07-31 11:30:00+08:00,72.80000305175781,72.80000305175781,72.4000015258789,72.5999984741211,35417,0.0,0.0
2024-07-31 11:35:00+08:00,72.5999984741211,72.5999984741211,72.5999984741211,72.5999984741211,8625,0.0,0.0
2024-07-31 11:40:00+08:00,72.5999984741211,73.0999984741211,72.5999984741211,73.0999984741211,7485,0.0,0.0
2024-07-31 11:45:00+08:00,73.0,73.0,73.0,73.0,6000,0.0,0.0
2024-07-31 11:50:00+08:00,73.0,73.0,72.5999984741211,72.5999984741211,28000,0.0,0.0
2024-07-31 12:00:00+08:00,72.80000305175781,72.80000305175781,72.80000305175781,72.80000305175781,1004,0.0,0.0
2024-07-31 12:10:00+08:00,72.80000305175781,72.80000305175781,72.80000305175781,72.80000305175781,4000,0.0,0.0
2024-07-31 12:15:00+08:00,72.69999694824219,73.0,72.5999984741211,73.0,10000,0.0,0.0
2024-07-31 12:20:00+08:00,72.80000305175781,73.0,72.80000305175781,73.0,7050,0.0,0.0
2024-07-31 12:25:00+08:00,72.69999694824219,72.69999694824219,72.0999984741211,72.0999984741211,70002,0.0,0.0
2024-07-31 12:30:00+08:00,72.0999984741211,72.0999984741211,72.0,72.0999984741211,27166,0.0,0.0
2024-07-31 12:35:00+08:00,72.19999694824219,72.30000305175781,72.19999694824219,72.30000305175781,2000,0.0,0.0
2024-07-31 12:40:00+08:00,72.4000015258789,72.5,72.19999694824219,72.5,16243,0.0,0.0
2024-07-31 12:45:00+08:00,72.5999984741211,72.5999984741211,72.4000015258789,72.4000015258789,5000,0.0,0.0
2024-07-31 12:50:00+08:00,72.4000015258789,72.5,72.4000015258789,72.5,10000,0.0,0.0
2024-07-31 12:55:00+08:00,72.5,72.5,72.30000305175781,72.30000305175781,9000,0.0,0.0
2024-07-31 13:00:00+08:00,72.19999694824219,72.19999694824219,72.0999984741211,72.19999694824219,15108,0.0,0.0
2024-07-31 13:05:00+08:00,72.19999694824219,72.5,72.0999984741211,72.5,34089,0.0,0.0
2024-07-31 13:10:00+08:00,72.5,72.5999984741211,72.4000015258789,72.5999984741211,23005,0.0,0.0
2024-07-31 13:15:00+08:00,72.5999984741211,72.5999984741211,72.30000305175781,72.30000305175781,19191,0.0,0.0
2024-07-31 13:20:00+08:00,72.4000015258789,72.5,72.0999984741211,72.4000015258789,96100,0.0,0.0
2024-08-01 09:00:00+08:00,71.5,72.0,71.19999694824219,71.9000015258789,113000,2.977099,0.0
2024-08-01 09:05:00+08:00,72.0,72.0,70.5999984741211,70.80000305175781,89000,0.0,0.0
2024-08-01 09:10:00+08:00,70.80000305175781,70.9000015258789,70.5999984741211,70.80000305175781,48003,0.0,0.0
2024-08-01 09:15:00+08:00,70.69999694824219,71.0,70.4000015258789,71.0,46080,0.0,0.0
2024-08-01 09:20:00+08:00,71.0,71.0999984741211,71.0,71.0,0,0.0,0.0
2024-08-01 09:25:00+08:00,70.9000015258789,71.0,70.5999984741211,70.69999694824219,338461,0.0,0.0
2024-08-01 09:30:00+08:00,70.80000305175781,70.9000015258789,70.80000305175781,70.9000015258789,9079,0.0,0.0
2024-08-01 09:35:00+08:00,70.9000015258789,70.9000015258789,70.69999694824219,70.69999694824219,18455,0.0,0.0
2024-08-01 09:40:00+08:00,70.9000015258789,71.19999694824219,70.9000015258789,71.0,20000,0.0,0.0
2024-08-01 09:45:00+08:00,71.0,71.5,71.0,71.5,27000,0.0,0.0
2024-08-01 09:50:00+08:00,71.5,71.5,71.0,71.0,31013,0.0,0.0
2024-08-01 09:55:00+08:00,71.0,71.19999694824219,70.9000015258789,71.19999694824219,21000,0.0,0.0
2024-08-01 10:00:00+08:00,71.19999694824219,71.19999694824219,71.19999694824219,71.19999694824219,2001,0.0,0.0
2024-08-01 10:05:00+08:00,71.0999984741211,71.0999984741211,71.0999984741211,71.0999984741211,2100,0.0,0.0
2024-08-01 10:10:00+08:00,71.0,71.0,70.5999984741211,70.5999984741211,27050,0.0,0.0
2024-08-01 10:15:00+08:00,70.69999694824219,71.0,70.69999694824219,71.0,9000,0.0,0.0
2024-08-01 10:20:00+08:00,71.0,71.0,71.0,71.0,4000,0.0,0.0
2024-08-01 10:25:00+08:00,71.0,71.0,70.80000305175781,70.80000305175781,2000,0.0,0.0
2024-08-01 10:30:00+08:00,70.80000305175781,70.80000305175781,70.80000305175781,70.80000305175781,1000,0.0,0.0
2024-08-01 10:35:00+08:00,70.80000305175781,70.80000305175781,70.80000305175781,70.80000305175781,5000,0.0,0.0
2024-08-01 10:40:00+08:00,70.69999694824219,70.69999694824219,70.69999694824219,70.69999694824219,3000,0.0,0.0
2024-08-01 10:45:00+08:00,70.80000305175781,70.9000015258789,70.80000305175781,70.9000015258789,5110,0.0,0.0
2024-08-01 10:50:00+08:00,70.80000305175781,70.80000305175781,70.80000305175781,70.80000305175781,7000,0.0,0.0
2024-08-01 10:55:00+08:00,70.80000305175781,70.80000305175781,70.69999694824219,70.69999694824219,3219,0.0,0.0
2024-08-01 11:05:00+08:00,70.80000305175781,70.80000305175781,70.80000305175781,70.80000305175781,1000,0.0,0.0
2024-08-01 11:10:00+08:00,70.9000015258789,70.9000015258789,70.9000015258789,70.9000015258789,1000,0.0,0.0
2024-08-01 11:15:00+08:00,70.9000015258789,70.9000015258789,70.9000015258789,70.9000015258789,3010,0.0,0.0
2024-08-01 11:20:00+08:00,70.9000015258789,70.9000015258789,70.69999694824219,70.69999694824219,12031,0.0,0.0
2024-08-01 11:25:00+08:00,70.69999694824219,70.69999694824219,70.69999694824219,70.69999694824219,6000,0.0,0.0
2024-08-01 11:30:00+08:00,70.69999694824219,70.69999694824219,70.69999694824219,70.69999694824219,1250,0.0,0.0
2024-08-01 11:35:00+08:00,70.69999694824219,70.69999694824219,70.69999694824219,70.69999694824219,10052,0.0,0.0
2024-08-01 11:40:00+08:00,70.80000305175781,71.19999694824219,70.80000305175781,71.19999694824219,13100,0.0,0.0
2024-08-01 11:45:00+08:00,71.19999694824219,71.4000015258789,71.19999694824219,71.4000015258789,14204,0.0,0.0
2024-08-01 11:50:00+08:00,71.30000305175781,71.5,71.19999694824219,71.5,17000,0.0,0.0
2024-08-01 11:55:00+08:00,71.5,71.80000305175781,71.5,71.80000305175781,37651,0.0,0.0
2024-08-01 12:00:00+08:00,71.80000305175781,71.80000305175781,71.5999984741211,71.69999694824219,6000,0.0,0.0
2024-08-01 12:05:00+08:00,71.80000305175781,71.9000015258789,71.80000305175781,71.9000015258789,12000,0.0,0.0
2024-08-01 12:10:00+08:00,71.80000305175781,71.9000015258789,71.80000305175781,71.9000015258789,4000,0.0,0.0
2024-08-01 12:15:00+08:00,71.9000015258789,72.0999984741211,71.9000015258789,72.0,21100,0.0,0.0
2024-08-01 12:20:00+08:00,72.0,72.0,71.9000015258789,71.9000015258789,8030,0.0,0.0
2024-08-01 12:25:00+08:00,71.9000015258789,71.9000015258789,71.69999694824219,71.9000015258789,7000,0.0,0.0
2024-08-01 12:30:00+08:00,71.80000305175781,72.0,71.69999694824219,71.69999694824219,14000,0.0,0.0
2024-08-01 12:35:00+08:00,71.5999984741211,71.5999984741211,71.4000015258789,71.4000015258789,9000,0.0,0.0
2024-08-01 12:40:00+08:00,71.30000305175781,71.4000015258789,71.30000305175781,71.4000015258789,7000,0.0,0.0
2024-08-01 12:45:00+08:00,71.30000305175781,71.30000305175781,71.30000305175781,71.30000305175781,5000,0.0,0.0
2024-08-01 12:50:00+08:00,71.19999694824219,71.30000305175781,71.0999984741211,71.30000305175781,7000,0.0,0.0
2024-08-01 12:55:00+08:00,71.4000015258789,71.4000015258789,71.4000015258789,71.4000015258789,8010,0.0,0.0
2024-08-01 13:00:00+08:00,71.5,71.80000305175781,71.5,71.69999694824219,9000,0.0,0.0
2024-08-01 13:05:00+08:00,71.69999694824219,71.69999694824219,71.4000015258789,71.4000015258789,8141,0.0,0.0
2024-08-01 13:10:00+08:00,71.5,71.5,71.5,71.5,3094,0.0,0.0
2024-08-01 13:15:00+08:00,71.5,71.5,71.19999694824219,71.19999694824219,29000,0.0,0.0
2024-08-01 13:20:00+08:00,71.30000305175781,71.5,71.30000305175781,71.4000015258789,15400,0.0,0.0
2024-08-02 09:00:00+08:00,70.0,70.80000305175781,70.0,70.5999984741211,67000,0.0,0.0
2024-08-02 09:05:00+08:00,70.30000305175781,70.5,69.9000015258789,70.5,31010,0.0,0.0
2024-08-02 09:10:00+08:00,70.5,70.80000305175781,70.30000305175781,70.80000305175781,24010,0.0,0.0
2024-08-02 09:15:00+08:00,70.9000015258789,71.30000305175781,70.9000015258789,71.0,36021,0.0,0.0
2024-08-02 09:20:00+08:00,71.0,71.0,70.69999694824219,70.69999694824219,14040,0.0,0.0
2024-08-02 09:25:00+08:00,70.69999694824219,70.9000015258789,70.5,70.9000015258789,8020,0.0,0.0
2024-08-02 09:35:00+08:00,70.9000015258789,71.30000305175781,70.9000015258789,71.30000305175781,12325,0.0,0.0
2024-08-02 09:40:00+08:00,71.4000015258789,71.4000015258789,71.4000015258789,71.4000015258789,2406,0.0,0.0
2024-08-02 09:45:00+08:00,71.4000015258789,71.4000015258789,71.4000015258789,71.4000015258789,9000,0.0,0.0
2024-08-02 09:50:00+08:00,71.4000015258789,71.4000015258789,71.4000015258789,71.4000015258789,2000,0.0,0.0
2024-08-02 09:55:00+08:00,71.30000305175781,71.30000305175781,71.0999984741211,71.0999984741211,9150,0.0,0.0
2024-08-02 10:00:00+08:00,71.0,71.0999984741211,71.0,71.0,17046,0.0,0.0
2024-08-02 10:05:00+08:00,71.0,71.0999984741211,71.0,71.0,8001,0.0,0.0
2024-08-02 10:10:00+08:00,71.0999984741211,71.19999694824219,71.0999984741211,71.19999694824219,6000,0.0,0.0
2024-08-02 10:15:00+08:00,71.19999694824219,71.19999694824219,71.19999694824219,71.19999694824219,3000,0.0,0.0
2024-08-02 10:20:00+08:00,71.0,71.0,71.0,71.0,1029,0.0,0.0
2024-08-02 10:25:00+08:00,71.0,71.0,70.5,70.5,59178,0.0,0.0
2024-08-02 10:30:00+08:00,70.5999984741211,70.80000305175781,70.5999984741211,70.5999984741211,6100,0.0,0.0
2024-08-02 10:35:00+08:00,70.69999694824219,70.69999694824219,70.5999984741211,70.5999984741211,5000,0.0,0.0
2024-08-02 10:40:00+08:00,70.5999984741211,70.69999694824219,70.5,70.5,10000,0.0,0.0
2024-08-02 10:45:00+08:00,70.69999694824219,70.69999694824219,70.69999694824219,70.69999694824219,1000,0.0,0.0
2024-08-02 10:50:00+08:00,70.69999694824219,70.69999694824219,70.69999694824219,70.69999694824219,2000,0.0,0.0
2024-08-02 10:55:00+08:00,70.69999694824219,70.69999694824219,70.69999694824219,70.69999694824219,1000,0.0,0.0
2024-08-02 11:00:00+08:00,70.80000305175781,71.0999984741211,70.80000305175781,71.0999984741211,14028,0.0,0.0
2024-08-02 11:05:00+08:00,71.0999984741211,71.0999984741211,71.0999984741211,71.0999984741211,6002,0.0,0.0
2024-08-02 11:10:00+08:00,71.0,71.0999984741211,71.0,71.0999984741211,2000,0.0,0.0
2024-08-02 11:15:00+08:00,71.0,71.0,71.0,71.0,1097,0.0,0.0
2024-08-02 11:20:00+08:00,71.0,71.0,71.0,71.0,8000,0.0,0.0
2024-08-02 11:25:00+08:00,71.0,71.0,71.0,71.0,1000,0.0,0.0
2024-08-02 11:35:00+08:00,70.9000015258789,70.9000015258789,70.9000015258789,70.9000015258789,12000,0.0,0.0
2024-08-02 11:40:00+08:00,70.80000305175781,70.80000305175781,70.30000305175781,70.30000305175781,35346,0.0,0.0
2024-08-02 11:45:00+08:00,70.19999694824219,70.5,70.19999694824219,70.5,12000,0.0,0.0
2024-08-02 11:50:00+08:00,70.30000305175781,70.30000305175781,70.19999694824219,70.19999694824219,6100,0.0,0.0
2024-08-02 11:55:00+08:00,70.30000305175781,70.4000015258789,70.30000305175781,70.4000015258789,6050,0.0,0.0
2024-08-02 12:00:00+08:00,70.30000305175781,70.30000305175781,70.0999984741211,70.0999984741211,16955,0.0,0.0
2024-08-02 12:05:00+08:00,70.0999984741211,70.0999984741211,69.9000015258789,69.9000015258789,56000,0.0,0.0
2024-08-02 12:10:00+08:00,69.9000015258789,70.0,69.9000015258789,70.0,8302,0.0,0.0
2024-08-02 12:15:00+08:00,70.0,70.19999694824219,70.0,70.19999694824219,9211,0.0,0.0
2024-08-02 12:20:00+08:00,70.19999694824219,70.19999694824219,70.19999694824219,70.19999694824219,3000,0.0,0.0
2024-08-02 12:25:00+08:00,70.19999694824219,70.19999694824219,69.80000305175781,69.80000305175781,26000,0.0,0.0
2024-08-02 12:30:00+08:00,69.69999694824219,69.80000305175781,69.69999694824219,69.69999694824219,20000,0.0,0.0
2024-08-02 12:35:00+08:00,69.69999694824219,69.69999694824219,69.4000015258789,69.4000015258789,56389,0.0,0.0
2024-08-02 12:40:00+08:00,69.5,69.5999984741211,69.5,69.5,7400,0.0,0.0
2024-08-02 12:45:00+08:00,69.5999984741211,69.5999984741211,69.5999984741211,69.5999984741211,3001,0.0,0.0
2024-08-02 12:50:00+08:00,69.5,69.5999984741211,69.19999694824219,69.19999694824219,15750,0.0,0.0
2024-08-02 12:55:00+08:00,69.19999694824219,69.30000305175781,69.0,69.0,40800,0.0,0.0
2024-08-02 13:00:00+08:00,69.0,69.0,68.69999694824219,68.9000015258789,54054,0.0,0.0
2024-08-02 13:05:00+08:00,68.9000015258789,68.9000015258789,68.69999694824219,68.80000305175781,16055,0.0,0.0
2024-08-02 13:10:00+08:00,68.69999694824219,68.69999694824219,68.5999984741211,68.69999694824219,18030,0.0,0.0
2024-08-02 13:15:00+08:00,68.5999984741211,68.5999984741211,68.5,68.5,16616,0.0,0.0
2024-08-02 13:20:00+08:00,68.5,68.5999984741211,68.0,68.0,118057,0.0,0.0
2024-08-05 09:00:00+08:00,65.5,65.5,62.20000076293945,62.29999923706055,0,0.0,0.0
2024-08-05 09:05:00+08:00,62.20000076293945,62.599998474121094,61.29999923706055,61.29999923706055,159460,0.0,0.0
2024-08-05 09:10:00+08:00,61.79999923706055,62.400001525878906,61.79999923706055,62.20000076293945,31262,0.0,0.0
2024-08-05 09:15:00+08:00,62.29999923706055,62.400001525878906,62.0,62.29999923706055,28000,0.0,0.0
2024-08-05 09:20:00+08:00,62.400001525878906,62.400001525878906,62.099998474121094,62.099998474121094,21484,0.0,0.0
2024-08-05 09:25:00+08:00,62.29999923706055,62.29999923706055,61.599998474121094,61.599998474121094,47046,0.0,0.0
2024-08-05 09:30:00+08:00,61.5,61.79999923706055,61.20000076293945,61.79999923706055,185198,0.0,0.0
2024-08-05 09:35:00+08:00,61.70000076293945,61.70000076293945,61.29999923706055,61.29999923706055,44000,0.0,0.0
2024-08-05 09:40:00+08:00,61.29999923706055,61.400001525878906,61.20000076293945,61.400001525878906,46505,0.0,0.0
2024-08-05 09:45:00+08:00,61.29999923706055,61.599998474121094,61.20000076293945,61.599998474121094,43315,0.0,0.0
2024-08-05 09:50:00+08:00,61.400001525878906,61.400001525878906,61.29999923706055,61.29999923706055,13035,0.0,0.0
2024-08-05 09:55:00+08:00,61.400001525878906,61.400001525878906,61.29999923706055,61.400001525878906,7320,0.0,0.0
2024-08-05 10:00:00+08:00,61.400001525878906,61.400001525878906,61.29999923706055,61.400001525878906,16180,0.0,0.0
2024-08-05 10:05:00+08:00,61.400001525878906,61.5,61.400001525878906,61.400001525878906,19000,0.0,0.0
2024-08-05 10:10:00+08:00,61.5,61.599998474121094,61.29999923706055,61.29999923706055,13049,0.0,0.0
2024-08-05 10:15:00+08:00,61.29999923706055,61.400001525878906,61.29999923706055,61.400001525878906,2000,0.0,0.0
2024-08-05 10:20:00+08:00,61.79999923706055,62.400001525878906,61.79999923706055,62.400001525878906,28281,0.0,0.0
2024-08-05 10:25:00+08:00,62.400001525878906,62.400001525878906,62.0,62.0,9000,0.0,0.0
2024-08-05 10:30:00+08:00,62.20000076293945,62.20000076293945,61.79999923706055,61.900001525878906,17000,0.0,0.0
2024-08-05 10:35:00+08:00,61.70000076293945,61.70000076293945,61.70000076293945,61.70000076293945,7000,0.0,0.0
2024-08-05 10:40:00+08:00,61.70000076293945,61.70000076293945,61.400001525878906,61.400001525878906,14063,0.0,0.0
2024-08-05 10:50:00+08:00,61.5,61.5,61.5,61.5,3000,0.0,0.0
2024-08-05 11:00:00+08:00,61.5,61.5,61.5,61.5,2000,0.0,0.0
2024-08-05 11:05:00+08:00,61.5,61.5,61.400001525878906,61.400001525878906,5000,0.0,0.0
2024-08-05 11:15:00+08:00,61.5,61.5,61.400001525878906,61.400001525878906,3109,0.0,0.0
2024-08-05 11:20:00+08:00,61.5,61.5,61.400001525878906,61.400001525878906,12000,0.0,0.0
2024-08-05 11:25:00+08:00,61.5,61.5,61.5,61.5,1000,0.0,0.0
2024-08-05 11:30:00+08:00,61.400001525878906,61.400001525878906,61.29999923706055,61.29999923706055,31361,0.0,0.0
2024-08-05 11:35:00+08:00,61.29999923706055,61.29999923706055,61.20000076293945,61.20000076293945,143074,0.0,0.0
2024-08-05 11:40:00+08:00,61.29999923706055,61.29999923706055,61.29999923706055,61.29999923706055,4001,0.0,0.0
2024-08-05 11:45:00+08:00,61.29999923706055,61.29999923706055,61.20000076293945,61.29999923706055,18000,0.0,0.0
2024-08-05 11:50:00+08:00,61.20000076293945,61.20000076293945,61.20000076293945,61.20000076293945,5019,0.0,0.0
2024-08-05 11:55:00+08:00,61.20000076293945,61.29999923706055,61.20000076293945,61.20000076293945,16227,0.0,0.0
2024-08-05 12:00:00+08:00,61.20000076293945,61.20000076293945,61.20000076293945,61.20000076293945,2000,0.0,0.0
2024-08-05 12:10:00+08:00,61.20000076293945,61.20000076293945,61.20000076293945,61.20000076293945,1000,0.0,0.0
2024-08-05 12:15:00+08:00,61.20000076293945,61.20000076293945,61.20000076293945,61.20000076293945,3200,0.0,0.0
2024-08-05 12:20:00+08:00,61.20000076293945,61.20000076293945,61.20000076293945,61.20000076293945,16000,0.0,0.0
2024-08-05 12:25:00+08:00,61.20000076293945,61.20000076293945,61.20000076293945,61.20000076293945,2169,0.0,0.0
2024-08-05 12:30:00+08:00,61.20000076293945,61.20000076293945,61.20000076293945,61.20000076293945,26000,0.0,0.0
2024-08-05 12:35:00+08:00,61.20000076293945,61.20000076293945,61.20000076293945,61.20000076293945,7000,0.0,0.0
2024-08-05 12:40:00+08:00,61.20000076293945,61.20000076293945,61.20000076293945,61.20000076293945,1499,0.0,0.0
2024-08-05 12:50:00+08:00,61.20000076293945,61.20000076293945,61.20000076293945,61.20000076293945,2000,0.0,0.0
2024-08-05 12:55:00+08:00,61.20000076293945,61.5,61.20000076293945,61.20000076293945,30500,0.0,0.0
2024-08-05 13:00:00+08:00,61.20000076293945,61.20000076293945,61.20000076293945,61.20000076293945,3000,0.0,0.0
2024-08-05 13:05:00+08:00,61.20000076293945,61.29999923706055,61.20000076293945,61.20000076293945,9000,0.0,0.0
2024-08-05 13:10:00+08:00,61.20000076293945,61.20000076293945,61.20000076293945,61.20000076293945,1000,0.0,0.0
2024-08-05 13:15:00+08:00,61.20000076293945,61.20000076293945,61.20000076293945,61.20000076293945,6101,0.0,0.0
2024-08-05 13:20:00+08:00,61.20000076293945,61.20000076293945,61.20000076293945,61.20000076293945,3208,0.0,0.0
2024-08-06 09:00:00+08:00,62.400001525878906,62.599998474121094,61.400001525878906,61.5,121000,0.0,0.0
2024-08-06 09:05:00+08:00,61.599998474121094,62.099998474121094,61.400001525878906,61.400001525878906,50095,0.0,0.0
2024-08-06 09:10:00+08:00,61.400001525878906,61.400001525878906,60.5,60.5,64100,0.0,0.0
2024-08-06 09:15:00+08:00,60.599998474121094,60.70000076293945,60.5,60.5,20000,0.0,0.0
2024-08-06 09:20:00+08:00,60.29999923706055,60.29999923706055,58.5,58.599998474121094,106006,0.0,0.0
2024-08-06 09:25:00+08:00,59.0,59.099998474121094,58.79999923706055,59.099998474121094,23120,0.0,0.0
2024-08-06 09:30:00+08:00,59.20000076293945,59.29999923706055,58.29999923706055,58.5,58028,0.0,0.0
2024-08-06 09:35:00+08:00,58.5,58.79999923706055,57.0,57.0,68462,0.0,0.0
2024-08-06 09:40:00+08:00,57.0,57.599998474121094,57.0,57.29999923706055,58476,0.0,0.0
2024-08-06 09:45:00+08:00,57.599998474121094,58.5,57.0,58.5,99624,0.0,0.0
2024-08-06 09:50:00+08:00,58.599998474121094,59.79999923706055,58.400001525878906,59.79999923706055,22075,0.0,0.0
2024-08-06 09:55:00+08:00,58.900001525878906,58.900001525878906,58.900001525878906,58.900001525878906,2000,0.0,0.0
2024-08-06 10:00:00+08:00,58.29999923706055,58.900001525878906,58.29999923706055,58.70000076293945,3001,0.0,0.0
2024-08-06 10:05:00+08:00,58.5,59.5,58.099998474121094,58.099998474121094,37000,0.0,0.0
2024-08-06 10:10:00+08:00,58.20000076293945,58.29999923706055,58.099998474121094,58.099998474121094,9015,0.0,0.0
2024-08-06 10:15:00+08:00,58.70000076293945,59.20000076293945,58.70000076293945,59.20000076293945,12000,0.0,0.0
2024-08-06 10:20:00+08:00,58.5,58.5,58.099998474121094,58.099998474121094,13000,0.0,0.0
2024-08-06 10:25:00+08:00,58.0,58.400001525878906,58.0,58.400001525878906,8120,0.0,0.0
2024-08-06 10:30:00+08:00,58.5,58.5,58.5,58.5,1489,0.0,0.0
2024-08-06 10:35:00+08:00,58.900001525878906,58.900001525878906,58.900001525878906,58.900001525878906,3006,0.0,0.0
2024-08-06 10:40:00+08:00,59.0,59.400001525878906,58.900001525878906,59.400001525878906,12060,0.0,0.0
2024-08-06 10:45:00+08:00,59.400001525878906,59.5,59.20000076293945,59.400001525878906,14000,0.0,0.0
2024-08-06 10:50:00+08:00,59.5,59.5,59.5,59.5,3000,0.0,0.0
2024-08-06 11:00:00+08:00,59.5,59.5,59.5,59.5,1000,0.0,0.0
2024-08-06 11:05:00+08:00,59.599998474121094,59.599998474121094,59.599998474121094,59.599998474121094,7000,0.0,0.0
2024-08-06 11:10:00+08:00,59.599998474121094,59.900001525878906,59.599998474121094,59.79999923706055,7000,0.0,0.0
2024-08-06 11:15:00+08:00,60.0,60.0,59.70000076293945,59.70000076293945,7000,0.0,0.0
2024-08-06 11:20:00+08:00,60.5,60.5,60.400001525878906,60.400001525878906,13000,0.0,0.0
2024-08-06 11:25:00+08:00,60.400001525878906,60.70000076293945,60.400001525878906,60.70000076293945,9350,0.0,0.0
2024-08-06 11:30:00+08:00,60.599998474121094,60.79999923706055,60.599998474121094,60.599998474121094,12000,0.0,0.0
2024-08-06 11:35:00+08:00,60.599998474121094,61.0,60.599998474121094,61.0,15000,0.0,0.0
2024-08-06 11:40:00+08:00,60.79999923706055,61.099998474121094,60.79999923706055,61.099998474121094,6000,0.0,0.0
2024-08-06 11:45:00+08:00,61.20000076293945,61.20000076293945,61.099998474121094,61.099998474121094,7000,0.0,0.0
2024-08-06 11:50:00+08:00,61.099998474121094,61.099998474121094,61.0,61.0,6000,0.0,0.0
2024-08-06 11:55:00+08:00,61.0,61.0,60.79999923706055,60.79999923706055,7000,0.0,0.0
2024-08-06 12:00:00+08:00,60.5,60.599998474121094,60.400001525878906,60.599998474121094,10008,0.0,0.0
2024-08-06 12:05:00+08:00,60.70000076293945,60.70000076293945,60.70000076293945,60.70000076293945,7000,0.0,0.0
2024-08-06 12:10:00+08:00,60.79999923706055,61.400001525878906,60.79999923706055,61.29999923706055,26000,0.0,0.0
2024-08-06 12:15:00+08:00,61.29999923706055,61.29999923706055,61.099998474121094,61.099998474121094,3000,0.0,0.0
2024-08-06 12:20:00+08:00,61.29999923706055,61.29999923706055,61.29999923706055,61.29999923706055,1002,0.0,0.0
2024-08-06 12:25:00+08:00,61.20000076293945,61.20000076293945,61.20000076293945,61.20000076293945,11000,0.0,0.0
2024-08-06 12:30:00+08:00,61.099998474121094,61.099998474121094,61.0,61.0,9000,0.0,0.0
2024-08-06 12:35:00+08:00,60.79999923706055,60.79999923706055,60.70000076293945,60.70000076293945,2000,0.0,0.0
2024-08-06 12:40:00+08:00,60.79999923706055,60.79999923706055,60.79999923706055,60.79999923706055,4000,0.0,0.0
2024-08-06 12:45:00+08:00,60.79999923706055,60.79999923706055,60.79999923706055,60.79999923706055,3000,0.0,0.0
2024-08-06 12:50:00+08:00,60.5,60.599998474121094,60.20000076293945,60.29999923706055,13000,0.0,0.0
2024-08-06 12:55:00+08:00,60.20000076293945,60.29999923706055,60.20000076293945,60.29999923706055,0,0.0,0.0
2024-08-06 13:00:00+08:00,60.29999923706055,60.29999923706055,60.29999923706055,60.29999923706055,1001037,0.0,0.0
2024-08-06 13:05:00+08:00,60.29999923706055,60.29999923706055,60.099998474121094,60.099998474121094,6009,0.0,0.0
2024-08-06 13:10:00+08:00,60.099998474121094,60.20000076293945,60.099998474121094,60.20000076293945,17000,0.0,0.0
2024-08-06 13:15:00+08:00,60.20000076293945,60.29999923706055,60.099998474121094,60.099998474121094,8000,0.0,0.0
2024-08-06 13:20:00+08:00,60.20000076293945,60.29999923706055,60.20000076293945,60.29999923706055,14057,0.0,0.0
2024-08-07 09:00:00+08:00,60.5,61.599998474121094,60.5,61.599998474121094,24000,0.0,0.0
2024-08-07 09:05:00+08:00,61.599998474121094,62.0,61.5,62.0,33003,0.0,0.0
2024-08-07 09:10:00+08:00,61.79999923706055,62.400001525878906,61.79999923706055,62.29999923706055,14100,0.0,0.0
2024-08-07 09:15:00+08:00,62.29999923706055,62.400001525878906,62.0,62.29999923706055,29000,0.0,0.0
2024-08-07 09:20:00+08:00,62.29999923706055,62.79999923706055,62.099998474121094,62.79999923706055,31000,0.0,0.0
2024-08-07 09:25:00+08:00,62.599998474121094,63.0,62.599998474121094,63.0,24000,0.0,0.0
2024-08-07 09:30:00+08:00,63.099998474121094,63.400001525878906,63.0,63.400001525878906,40053,0.0,0.0
2024-08-07 09:35:00+08:00,63.400001525878906,63.599998474121094,63.400001525878906,63.5,21000,0.0,0.0
2024-08-07 09:40:00+08:00,63.400001525878906,63.70000076293945,63.400001525878906,63.70000076293945,35000,0.0,0.0
2024-08-07 09:45:00+08:00,63.79999923706055,64.80000305175781,63.79999923706055,64.80000305175781,46106,0.0,0.0
2024-08-07 09:50:00+08:00,64.5999984741211,65.30000305175781,64.30000305175781,64.4000015258789,52000,0.0,0.0
2024-08-07 09:55:00+08:00,64.5999984741211,64.5999984741211,64.4000015258789,64.5,13100,0.0,0.0
2024-08-07 10:00:00+08:00,64.4000015258789,64.4000015258789,63.79999923706055,64.0999984741211,48083,0.0,0.0
2024-08-07 10:05:00+08:00,64.0,64.19999694824219,64.0,64.19999694824219,4000,0.0,0.0
2024-08-07 10:10:00+08:00,64.30000305175781,64.5,64.30000305175781,64.4000015258789,5017,0.0,0.0
2024-08-07 10:15:00+08:00,64.4000015258789,64.4000015258789,64.19999694824219,64.19999694824219,9000,0.0,0.0
2024-08-07 10:20:00+08:00,64.19999694824219,64.5,64.19999694824219,64.5,9000,0.0,0.0
2024-08-07 10:25:00+08:00,64.5,64.5,64.30000305175781,64.30000305175781,3000,0.0,0.0
2024-08-07 10:30:00+08:00,64.30000305175781,64.4000015258789,64.30000305175781,64.4000015258789,5000,0.0,0.0
2024-08-07 10:35:00+08:00,64.4000015258789,64.4000015258789,64.4000015258789,64.4000015258789,3000,0.0,0.0
2024-08-07 10:40:00+08:00,64.30000305175781,64.30000305175781,64.19999694824219,64.19999694824219,2000,0.0,0.0
2024-08-07 10:45:00+08:00,64.0999984741211,64.19999694824219,64.0999984741211,64.19999694824219,7041,0.0,0.0
2024-08-07 10:50:00+08:00,64.0999984741211,64.0999984741211,63.79999923706055,63.79999923706055,27000,0.0,0.0
2024-08-07 10:55:00+08:00,63.79999923706055,65.4000015258789,63.79999923706055,65.19999694824219,113482,0.0,0.0
2024-08-07 11:00:00+08:00,65.19999694824219,65.30000305175781,64.80000305175781,64.80000305175781,13000,0.0,0.0
2024-08-07 11:05:00+08:00,64.80000305175781,64.80000305175781,64.80000305175781,64.80000305175781,3000,0.0,0.0
2024-08-07 11:10:00+08:00,64.9000015258789,65.0,64.9000015258789,65.0,11000,0.0,0.0
2024-08-07 11:15:00+08:00,64.80000305175781,64.9000015258789,64.80000305175781,64.9000015258789,4000,0.0,0.0
2024-08-07 11:20:00+08:00,64.69999694824219,65.0,64.69999694824219,65.0,11330,0.0,0.0
2024-08-07 11:25:00+08:00,65.0999984741211,65.4000015258789,65.0,65.0,13000,0.0,0.0
2024-08-07 11:30:00+08:00,65.0,65.0,64.5999984741211,64.5999984741211,13300,0.0,0.0
2024-08-07 11:35:00+08:00,64.5999984741211,64.5999984741211,64.5,64.5,2000,0.0,0.0
2024-08-07 11:40:00+08:00,64.4000015258789,64.5999984741211,64.4000015258789,64.5999984741211,7000,0.0,0.0
2024-08-07 11:50:00+08:00,64.5999984741211,64.5999984741211,64.4000015258789,64.4000015258789,4000,0.0,0.0
2024-08-07 11:55:00+08:00,64.5,64.5,64.5,64.5,1000,0.0,0.0
2024-08-07 12:00:00+08:00,64.5999984741211,64.5999984741211,64.5999984741211,64.5999984741211,4300,0.0,0.0
2024-08-07 12:05:00+08:00,64.69999694824219,64.80000305175781,64.69999694824219,64.80000305175781,12001,0.0,0.0
2024-08-07 12:10:00+08:00,64.80000305175781,64.80000305175781,64.80000305175781,64.80000305175781,1000,0.0,0.0
2024-08-07 12:20:00+08:00,64.9000015258789,65.0,64.9000015258789,65.0,7000,0.0,0.0
2024-08-07 12:25:00+08:00,65.0,65.0,65.0,65.0,4000,0.0,0.0
2024-08-07 12:30:00+08:00,64.9000015258789,65.0,64.9000015258789,64.9000015258789,18000,0.0,0.0
2024-08-07 12:35:00+08:00,64.9000015258789,65.19999694824219,64.9000015258789,65.19999694824219,18020,0.0,0.0
2024-08-07 12:40:00+08:00,65.30000305175781,65.4000015258789,65.30000305175781,65.4000015258789,8000,0.0,0.0
2024-08-07 12:45:00+08:00,65.4000015258789,65.4000015258789,65.0,65.0,13030,0.0,0.0
2024-08-07 12:50:00+08:00,65.0999984741211,65.0999984741211,64.9000015258789,65.0,23001,0.0,0.0
2024-08-07 12:55:00+08:00,65.0,65.0999984741211,64.9000015258789,64.9000015258789,11000,0.0,0.0
2024-08-07 13:00:00+08:00,64.9000015258789,64.9000015258789,64.80000305175781,64.80000305175781,13140,0.0,0.0
2024-08-07 13:05:00+08:00,64.80000305175781,64.80000305175781,64.80000305175781,64.80000305175781,3002,0.0,0.0
2024-08-07 13:10:00+08:00,64.80000305175781,64.80000305175781,64.5999984741211,64.5999984741211,19077,0.0,0.0
2024-08-07 13:15:00+08:00,64.5999984741211,64.5999984741211,64.5,64.5,14080,0.0,0.0
2024-08-07 13:20:00+08:00,64.5,64.5,64.0999984741211,64.0999984741211,32029,0.0,0.0
2024-08-08 09:00:00+08:00,63.29999923706055,63.79999923706055,62.29999923706055,62.29999923706055,72000,0.0,0.0
2024-08-08 09:05:00+08:00,62.599998474121094,62.599998474121094,62.0,62.29999923706055,55382,0.0,0.0
2024-08-08 09:10:00+08:00,62.29999923706055,62.70000076293945,62.20000076293945,62.70000076293945,38000,0.0,0.0
2024-08-08 09:15:00+08:00,62.70000076293945,62.70000076293945,62.599998474121094,62.599998474121094,7005,0.0,0.0
2024-08-08 09:20:00+08:00,62.70000076293945,62.79999923706055,62.400001525878906,62.400001525878906,16170,0.0,0.0
2024-08-08 09:25:00+08:00,62.400001525878906,62.400001525878906,61.599998474121094,61.79999923706055,74017,0.0,0.0
2024-08-08 09:30:00+08:00,62.20000076293945,62.400001525878906,62.20000076293945,62.29999923706055,14204,0.0,0.0
2024-08-08 09:35:00+08:00,62.20000076293945,62.29999923706055,62.20000076293945,62.29999923706055,8087,0.0,0.0
2024-08-08 09:40:00+08:00,62.29999923706055,62.5,62.29999923706055,62.5,7009,0.0,0.0
2024-08-08 09:45:00+08:00,62.400001525878906,62.400001525878906,62.400001525878906,62.400001525878906,2001,0.0,0.0
2024-08-08 09:50:00+08:00,62.400001525878906,62.70000076293945,62.400001525878906,62.70000076293945,10000,0.0,0.0
2024-08-08 09:55:00+08:00,62.900001525878906,62.900001525878906,62.900001525878906,62.900001525878906,5000,0.0,0.0
2024-08-08 10:00:00+08:00,63.29999923706055,63.5,63.099998474121094,63.099998474121094,27000,0.0,0.0
2024-08-08 10:05:00+08:00,63.099998474121094,63.099998474121094,63.0,63.099998474121094,8000,0.0,0.0
2024-08-08 10:10:00+08:00,63.20000076293945,63.20000076293945,63.0,63.0,5000,0.0,0.0
2024-08-08 10:15:00+08:00,63.099998474121094,63.20000076293945,63.099998474121094,63.20000076293945,6000,0.0,0.0
2024-08-08 10:20:00+08:00,63.20000076293945,63.20000076293945,63.0,63.099998474121094,10006,0.0,0.0
2024-08-08 10:25:00+08:00,63.20000076293945,63.20000076293945,63.20000076293945,63.20000076293945,2000,0.0,0.0
2024-08-08 10:30:00+08:00,63.20000076293945,63.20000076293945,63.0,63.0,9005,0.0,0.0
2024-08-08 10:35:00+08:00,63.0,63.0,63.0,63.0,8000,0.0,0.0
2024-08-08 10:40:00+08:00,63.0,63.0,62.599998474121094,62.599998474121094,9002,0.0,0.0
2024-08-08 10:45:00+08:00,62.5,62.5,62.5,62.5,7250,0.0,0.0
2024-08-08 10:50:00+08:00,62.400001525878906,62.599998474121094,62.099998474121094,62.599998474121094,38035,0.0,0.0
2024-08-08 10:55:00+08:00,62.5,62.599998474121094,62.5,62.599998474121094,5000,0.0,0.0
2024-08-08 11:00:00+08:00,62.599998474121094,62.599998474121094,62.599998474121094,62.599998474121094,1150,0.0,0.0
2024-08-08 11:10:00+08:00,62.79999923706055,62.79999923706055,62.599998474121094,62.599998474121094,3000,0.0,0.0
2024-08-08 11:15:00+08:00,62.79999923706055,63.099998474121094,62.79999923706055,63.099998474121094,25000,0.0,0.0
2024-08-08 11:20:00+08:00,63.29999923706055,64.0,63.29999923706055,64.0,48200,0.0,0.0
2024-08-08 11:25:00+08:00,63.900001525878906,64.0,63.70000076293945,63.70000076293945,8000,0.0,0.0
2024-08-08 11:30:00+08:00,63.70000076293945,64.5,63.599998474121094,64.5,28000,0.0,0.0
2024-08-08 11:35:00+08:00,64.4000015258789,64.5999984741211,64.4000015258789,64.5999984741211,7005,0.0,0.0
2024-08-08 11:40:00+08:00,64.5999984741211,64.69999694824219,64.5999984741211,64.69999694824219,8100,0.0,0.0
2024-08-08 11:45:00+08:00,64.5999984741211,64.5999984741211,64.5999984741211,64.5999984741211,4030,0.0,0.0
2024-08-08 11:55:00+08:00,64.5,64.5,64.19999694824219,64.19999694824219,6000,0.0,0.0
2024-08-08 12:00:00+08:00,64.19999694824219,64.19999694824219,64.19999694824219,64.19999694824219,4000,0.0,0.0
2024-08-08 12:05:00+08:00,64.19999694824219,64.30000305175781,64.19999694824219,64.30000305175781,7000,0.0,0.0
2024-08-08 12:10:00+08:00,64.4000015258789,64.9000015258789,64.4000015258789,64.9000015258789,20000,0.0,0.0
2024-08-08 12:15:00+08:00,64.69999694824219,64.69999694824219,64.69999694824219,64.69999694824219,1042,0.0,0.0
2024-08-08 12:20:00+08:00,64.69999694824219,64.69999694824219,64.69999694824219,64.69999694824219,1001,0.0,0.0
2024-08-08 12:25:00+08:00,64.5999984741211,64.5999984741211,64.5,64.5,7008,0.0,0.0
2024-08-08 12:30:00+08:00,64.4000015258789,64.4000015258789,64.4000015258789,64.4000015258789,3004,0.0,0.0
2024-08-08 12:35:00+08:00,64.5,64.5,64.5,64.5,5000,0.0,0.0
2024-08-08 12:40:00+08:00,64.5,65.0999984741211,64.5,65.0,43000,0.0,0.0
2024-08-08 12:45:00+08:00,64.9000015258789,65.5999984741211,64.9000015258789,65.4000015258789,40209,0.0,0.0
2024-08-08 12:50:00+08:00,65.5,65.5,64.69999694824219,65.30000305175781,26001,0.0,0.0
2024-08-08 12:55:00+08:00,65.4000015258789,65.5999984741211,65.19999694824219,65.5,17049,0.0,0.0
2024-08-08 13:00:00+08:00,65.4000015258789,65.5,65.0999984741211,65.0999984741211,30090,0.0,0.0
2024-08-08 13:05:00+08:00,65.19999694824219,65.19999694824219,65.0,65.0,11040,0.0,0.0
2024-08-08 13:10:00+08:00,65.0999984741211,65.5,65.0999984741211,65.5,30220,0.0,0.0
2024-08-08 13:15:00+08:00,65.5,65.5999984741211,65.5,65.5,37050,0.0,0.0
2024-08-08 13:20:00+08:00,65.4000015258789,65.4000015258789,65.0,65.0,21049,0.0,0.0
2024-08-09 09:00:00+08:00,65.19999694824219,66.5999984741211,65.19999694824219,66.19999694824219,152000,0.0,0.0
2024-08-09 09:05:00+08:00,66.80000305175781,66.80000305175781,66.30000305175781,66.4000015258789,37000,0.0,0.0
2024-08-09 09:10:00+08:00,66.5,66.80000305175781,66.0999984741211,66.30000305175781,52100,0.0,0.0
2024-08-09 09:15:00+08:00,66.5,66.5,66.30000305175781,66.30000305175781,22015,0.0,0.0
2024-08-09 09:20:00+08:00,66.30000305175781,66.4000015258789,66.19999694824219,66.19999694824219,26000,0.0,0.0
2024-08-09 09:25:00+08:00,66.19999694824219,66.19999694824219,66.19999694824219,66.19999694824219,6100,0.0,0.0
2024-08-09 09:35:00+08:00,66.19999694824219,66.4000015258789,66.19999694824219,66.30000305175781,6002,0.0,0.0
2024-08-09 09:45:00+08:00,66.19999694824219,66.19999694824219,65.9000015258789,65.9000015258789,34500,0.0,0.0
2024-08-09 09:50:00+08:00,65.80000305175781,65.80000305175781,65.80000305175781,65.80000305175781,8197,0.0,0.0
2024-08-09 09:55:00+08:00,65.80000305175781,65.80000305175781,65.69999694824219,65.69999694824219,7000,0.0,0.0
2024-08-09 10:00:00+08:00,65.69999694824219,65.80000305175781,65.69999694824219,65.69999694824219,5002,0.0,0.0
2024-08-09 10:05:00+08:00,65.9000015258789,65.9000015258789,65.9000015258789,65.9000015258789,3000,0.0,0.0
2024-08-09 10:10:00+08:00,65.9000015258789,65.9000015258789,65.9000015258789,65.9000015258789,2000,0.0,0.0
2024-08-09 10:15:00+08:00,65.69999694824219,65.69999694824219,65.19999694824219,65.30000305175781,20030,0.0,0.0
2024-08-09 10:20:00+08:00,65.19999694824219,65.69999694824219,65.19999694824219,65.69999694824219,7000,0.0,0.0
2024-08-09 10:25:00+08:00,65.80000305175781,65.80000305175781,65.80000305175781,65.80000305175781,1096,0.0,0.0
2024-08-09 10:35:00+08:00,65.80000305175781,66.0,65.80000305175781,65.9000015258789,7004,0.0,0.0
2024-08-09 10:40:00+08:00,65.9000015258789,65.9000015258789,65.9000015258789,65.9000015258789,2000,0.0,0.0
2024-08-09 10:45:00+08:00,65.69999694824219,65.69999694824219,65.5999984741211,65.5999984741211,6000,0.0,0.0
2024-08-09 10:50:00+08:00,65.5999984741211,65.5999984741211,65.5999984741211,65.5999984741211,3000,0.0,0.0
2024-08-09 10:55:00+08:00,65.5999984741211,65.5999984741211,65.5,65.5,7000,0.0,0.0
2024-08-09 11:00:00+08:00,65.5999984741211,65.5999984741211,65.5999984741211,65.5999984741211,2076,0.0,0.0
2024-08-09 11:05:00+08:00,65.5999984741211,65.5999984741211,65.5999984741211,65.5999984741211,4000,0.0,0.0
2024-08-09 11:10:00+08:00,65.69999694824219,65.69999694824219,65.5999984741211,65.5999984741211,7000,0.0,0.0
2024-08-09 11:15:00+08:00,65.5,65.5,65.5,65.5,4053,0.0,0.0
2024-08-09 11:20:00+08:00,65.5,65.5,65.4000015258789,65.4000015258789,4000,0.0,0.0
2024-08-09 11:25:00+08:00,65.4000015258789,65.4000015258789,65.19999694824219,65.19999694824219,12174,0.0,0.0
2024-08-09 11:30:00+08:00,65.30000305175781,65.30000305175781,65.19999694824219,65.19999694824219,3000,0.0,0.0
2024-08-09 11:35:00+08:00,65.30000305175781,65.30000305175781,65.19999694824219,65.19999694824219,9251,0.0,0.0
2024-08-09 11:40:00+08:00,65.0999984741211,65.0999984741211,65.0,65.0,23010,0.0,0.0
2024-08-09 11:45:00+08:00,65.0999984741211,65.19999694824219,65.0,65.0,8418,0.0,0.0
2024-08-09 11:50:00+08:00,65.0,65.19999694824219,65.0,65.19999694824219,17115,0.0,0.0
2024-08-09 11:55:00+08:00,65.19999694824219,65.19999694824219,65.0999984741211,65.0999984741211,2015,0.0,0.0
2024-08-09 12:00:00+08:00,65.0,65.0,65.0,65.0,3002,0.0,0.0
2024-08-09 12:05:00+08:00,65.0,65.30000305175781,65.0,65.30000305175781,8060,0.0,0.0
2024-08-09 12:10:00+08:00,65.30000305175781,65.30000305175781,65.30000305175781,65.30000305175781,2000,0.0,0.0
2024-08-09 12:15:00+08:00,65.19999694824219,65.19999694824219,65.19999694824219,65.19999694824219,1000,0.0,0.0
2024-08-09 12:20:00+08:00,65.19999694824219,65.30000305175781,65.19999694824219,65.30000305175781,4001,0.0,0.0
2024-08-09 12:25:00+08:00,65.19999694824219,65.19999694824219,65.0999984741211,65.0999984741211,8000,0.0,0.0
2024-08-09 12:30:00+08:00,65.0999984741211,65.0999984741211,65.0,65.0,2055,0.0,0.0
2024-08-09 12:40:00+08:00,65.0999984741211,65.0999984741211,64.69999694824219,64.69999694824219,45099,0.0,0.0
2024-08-09 12:45:00+08:00,64.69999694824219,64.80000305175781,64.69999694824219,64.80000305175781,21290,0.0,0.0
2024-08-09 12:50:00+08:00,64.80000305175781,64.80000305175781,64.69999694824219,64.69999694824219,11000,0.0,0.0
2024-08-09 12:55:00+08:00,64.69999694824219,64.69999694824219,64.5999984741211,64.5999984741211,22150,0.0,0.0
2024-08-09 13:00:00+08:00,64.5999984741211,64.5999984741211,64.5,64.5,18000,0.0,0.0
2024-08-09 13:05:00+08:00,64.5,64.5999984741211,64.5,64.5999984741211,20000,0.0,0.0
2024-08-09 13:10:00+08:00,64.69999694824219,64.69999694824219,64.5,64.5,6000,0.0,0.0
2024-08-09 13:15:00+08:00,64.5,64.5,64.5,64.5,38145,0.0,0.0
2024-08-09 13:20:00+08:00,64.5999984741211,64.5999984741211,64.5,64.5,10066,0.0,0.0
2024-08-12 09:00:00+08:00,64.9000015258789,64.9000015258789,64.5,64.5,0,0.0,0.0
2024-08-12 09:05:00+08:00,64.69999694824219,65.0999984741211,64.5,65.0999984741211,14000,0.0,0.0
2024-08-12 09:10:00+08:00,65.19999694824219,65.5999984741211,65.19999694824219,65.4000015258789,7000,0.0,0.0
2024-08-12 09:15:00+08:00,65.5,65.5,65.30000305175781,65.30000305175781,5050,0.0,0.0
2024-08-12 09:20:00+08:00,65.4000015258789,65.4000015258789,64.80000305175781,65.0999984741211,13000,0.0,0.0
2024-08-12 09:25:00+08:00,65.0999984741211,65.30000305175781,65.0999984741211,65.0999984741211,6000,0.0,0.0
2024-08-12 09:30:00+08:00,65.0,65.0,64.9000015258789,64.9000015258789,7080,0.0,0.0
2024-08-12 09:35:00+08:00,65.19999694824219,65.19999694824219,65.19999694824219,65.19999694824219,1000,0.0,0.0
2024-08-12 09:45:00+08:00,65.0,65.0,64.5999984741211,64.5999984741211,18050,0.0,0.0
2024-08-12 09:50:00+08:00,64.5,64.69999694824219,64.5,64.69999694824219,15540,0.0,0.0
2024-08-12 09:55:00+08:00,64.69999694824219,64.80000305175781,64.5999984741211,64.80000305175781,3044,0.0,0.0
2024-08-12 10:00:00+08:00,64.5,64.5,64.4000015258789,64.4000015258789,5006,0.0,0.0
2024-08-12 10:10:00+08:00,64.5,64.9000015258789,64.5,64.9000015258789,5020,0.0,0.0
2024-08-12 10:15:00+08:00,64.9000015258789,64.9000015258789,64.69999694824219,64.69999694824219,3001,0.0,0.0
2024-08-12 10:20:00+08:00,64.69999694824219,64.69999694824219,64.69999694824219,64.69999694824219,14030,0.0,0.0
2024-08-12 10:25:00+08:00,64.69999694824219,64.69999694824219,64.5999984741211,64.5999984741211,3000,0.0,0.0
2024-08-12 10:35:00+08:00,64.5999984741211,64.69999694824219,64.5999984741211,64.69999694824219,8000,0.0,0.0
2024-08-12 10:40:00+08:00,64.80000305175781,64.9000015258789,64.80000305175781,64.9000015258789,20000,0.0,0.0
2024-08-12 10:45:00+08:00,65.0,65.0,65.0,65.0,7000,0.0,0.0
2024-08-12 10:50:00+08:00,65.0,65.0,65.0,65.0,9000,0.0,0.0
2024-08-12 10:55:00+08:00,65.0,65.0,65.0,65.0,3075,0.0,0.0
2024-08-12 11:00:00+08:00,65.0,65.0,64.9000015258789,64.9000015258789,4500,0.0,0.0
2024-08-12 11:05:00+08:00,64.9000015258789,64.9000015258789,64.9000015258789,64.9000015258789,2030,0.0,0.0
2024-08-12 11:10:00+08:00,65.0,65.19999694824219,65.0,65.19999694824219,7030,0.0,0.0
2024-08-12 11:15:00+08:00,65.30000305175781,65.4000015258789,65.30000305175781,65.30000305175781,4025,0.0,0.0
2024-08-12 11:25:00+08:00,65.30000305175781,65.30000305175781,65.30000305175781,65.30000305175781,4000,0.0,0.0
2024-08-12 11:30:00+08:00,65.30000305175781,65.30000305175781,65.0999984741211,65.19999694824219,12000,0.0,0.0
2024-08-12 11:40:00+08:00,65.30000305175781,65.30000305175781,65.30000305175781,65.30000305175781,11122,0.0,0.0
2024-08-12 11:50:00+08:00,65.19999694824219,65.19999694824219,65.19999694824219,65.19999694824219,1000,0.0,0.0
2024-08-12 11:55:00+08:00,65.19999694824219,65.19999694824219,65.19999694824219,65.19999694824219,6192,0.0,0.0
2024-08-12 12:00:00+08:00,65.0999984741211,65.0999984741211,65.0999984741211,65.0999984741211,5001,0.0,0.0
2024-08-12 12:10:00+08:00,65.0999984741211,65.19999694824219,65.0999984741211,65.19999694824219,4000,0.0,0.0
2024-08-12 12:15:00+08:00,65.19999694824219,65.19999694824219,65.19999694824219,65.19999694824219,3001,0.0,0.0
2024-08-12 12:20:00+08:00,65.19999694824219,65.19999694824219,65.19999694824219,65.19999694824219,3000,0.0,0.0
2024-08-12 12:25:00+08:00,65.0999984741211,65.0999984741211,65.0999984741211,65.0999984741211,11000,0.0,0.0
2024-08-12 12:30:00+08:00,65.19999694824219,65.4000015258789,65.19999694824219,65.4000015258789,9000,0.0,0.0
2024-08-12 12:35:00+08:00,65.5,65.69999694824219,65.5,65.69999694824219,20006,0.0,0.0
2024-08-12 12:40:00+08:00,65.69999694824219,65.69999694824219,65.69999694824219,65.69999694824219,7120,0.0,0.0
2024-08-12 12:45:00+08:00,65.5999984741211,65.5999984741211,65.5,65.5,14000,0.0,0.0
2024-08-12 12:50:00+08:00,65.5,65.5,65.4000015258789,65.4000015258789,3000,0.0,0.0
2024-08-12 12:55:00+08:00,65.30000305175781,65.30000305175781,65.19999694824219,65.19999694824219,8000,0.0,0.0
2024-08-12 13:00:00+08:00,65.19999694824219,65.19999694824219,65.19999694824219,65.19999694824219,1000,0.0,0.0
2024-08-12 13:05:00+08:00,65.19999694824219,65.19999694824219,65.19999694824219,65.19999694824219,1000,0.0,0.0
2024-08-12 13:10:00+08:00,65.19999694824219,65.30000305175781,65.19999694824219,65.30000305175781,7120,0.0,0.0
2024-08-12 13:15:00+08:00,65.4000015258789,65.4000015258789,65.30000305175781,65.30000305175781,2000,0.0,0.0
2024-08-12 13:20:00+08:00,65.19999694824219,65.19999694824219,65.0999984741211,65.19999694824219,12000,0.0,0.0
2024-08-13 09:00:00+08:00,65.30000305175781,66.0999984741211,65.30000305175781,65.5,29000,0.0,0.0
2024-08-13 09:05:00+08:00,65.5,65.5,64.80000305175781,64.80000305175781,32085,0.0,0.0
2024-08-13 09:10:00+08:00,65.0,65.0,65.0,65.0,3000,0.0,0.0
2024-08-13 09:15:00+08:00,65.0,65.30000305175781,65.0,65.30000305175781,3000,0.0,0.0
2024-08-13 09:20:00+08:00,65.30000305175781,65.30000305175781,65.0999984741211,65.0999984741211,3000,0.0,0.0
2024-08-13 09:25:00+08:00,65.30000305175781,65.30000305175781,65.30000305175781,65.30000305175781,3000,0.0,0.0
2024-08-13 09:30:00+08:00,65.5,65.5,65.5,65.5,3000,0.0,0.0
2024-08-13 09:45:00+08:00,65.4000015258789,65.5,65.4000015258789,65.5,3000,0.0,0.0
2024-08-13 09:50:00+08:00,65.5999984741211,65.5999984741211,65.5,65.5999984741211,3000,0.0,0.0
2024-08-13 10:00:00+08:00,65.5,65.5999984741211,65.5,65.5999984741211,7000,0.0,0.0
2024-08-13 10:05:00+08:00,65.5999984741211,65.9000015258789,65.5999984741211,65.9000015258789,17152,0.0,0.0
2024-08-13 10:10:00+08:00,66.0,66.0999984741211,65.9000015258789,66.0999984741211,13000,0.0,0.0
2024-08-13 10:15:00+08:00,66.0,66.0,65.9000015258789,66.0,14000,0.0,0.0
2024-08-13 10:20:00+08:00,66.0999984741211,66.0999984741211,66.0,66.0999984741211,12424,0.0,0.0
2024-08-13 10:25:00+08:00,66.19999694824219,66.5,66.19999694824219,66.5,26100,0.0,0.0
2024-08-13 10:30:00+08:00,66.30000305175781,66.30000305175781,66.0999984741211,66.19999694824219,16000,0.0,0.0
2024-08-13 10:35:00+08:00,66.0999984741211,66.0999984741211,65.9000015258789,66.0,23000,0.0,0.0
2024-08-13 10:40:00+08:00,66.19999694824219,66.30000305175781,66.19999694824219,66.30000305175781,5000,0.0,0.0
2024-08-13 10:45:00+08:00,66.4000015258789,66.5,66.4000015258789,66.5,9000,0.0,0.0
2024-08-13 10:50:00+08:00,66.4000015258789,66.4000015258789,66.4000015258789,66.4000015258789,2000,0.0,0.0
2024-08-13 10:55:00+08:00,66.4000015258789,66.5,66.30000305175781,66.5,20000,0.0,0.0
2024-08-13 11:00:00+08:00,66.5,66.5,66.5,66.5,6000,0.0,0.0
2024-08-13 11:05:00+08:00,66.5,66.5,66.5,66.5,1000,0.0,0.0
2024-08-13 11:10:00+08:00,66.4000015258789,66.4000015258789,66.4000015258789,66.4000015258789,2000,0.0,0.0
2024-08-13 11:15:00+08:00,66.4000015258789,66.4000015258789,66.30000305175781,66.4000015258789,18062,0.0,0.0
2024-08-13 11:20:00+08:00,66.4000015258789,66.5,66.4000015258789,66.5,6000,0.0,0.0
2024-08-13 11:25:00+08:00,66.4000015258789,66.4000015258789,66.4000015258789,66.4000015258789,1084,0.0,0.0
2024-08-13 11:35:00+08:00,66.30000305175781,66.30000305175781,66.30000305175781,66.30000305175781,1000,0.0,0.0
2024-08-13 11:40:00+08:00,66.19999694824219,66.19999694824219,66.19999694824219,66.19999694824219,3000,0.0,0.0
2024-08-13 11:45:00+08:00,66.0999984741211,66.0999984741211,65.9000015258789,65.9000015258789,12032,0.0,0.0
2024-08-13 12:00:00+08:00,65.9000015258789,65.9000015258789,65.80000305175781,65.80000305175781,15015,0.0,0.0
2024-08-13 12:10:00+08:00,65.80000305175781,65.80000305175781,65.80000305175781,65.80000305175781,1000,0.0,0.0
2024-08-13 12:15:00+08:00,65.80000305175781,65.80000305175781,65.69999694824219,65.69999694824219,10000,0.0,0.0
2024-08-13 12:20:00+08:00,65.69999694824219,66.0,65.69999694824219,66.0,21001,0.0,0.0
2024-08-13 12:25:00+08:00,66.0,66.0,66.0,66.0,2000,0.0,0.0
2024-08-13 12:30:00+08:00,66.0999984741211,66.0999984741211,66.0999984741211,66.0999984741211,1000,0.0,0.0
2024-08-13 12:35:00+08:00,66.0999984741211,66.0999984741211,66.0999984741211,66.0999984741211,2064,0.0,0.0
2024-08-13 12:40:00+08:00,66.0999984741211,66.4000015258789,66.0999984741211,66.4000015258789,32056,0.0,0.0
2024-08-13 12:45:00+08:00,66.4000015258789,66.4000015258789,66.4000015258789,66.4000015258789,1100,0.0,0.0
2024-08-13 12:55:00+08:00,66.30000305175781,66.30000305175781,66.19999694824219,66.19999694824219,3000,0.0,0.0
2024-08-13 13:00:00+08:00,66.19999694824219,66.19999694824219,66.19999694824219,66.19999694824219,2000,0.0,0.0
2024-08-13 13:05:00+08:00,66.0999984741211,66.0999984741211,66.0,66.0,4000,0.0,0.0
2024-08-13 13:15:00+08:00,66.0,66.0,65.80000305175781,65.9000015258789,21000,0.0,0.0
2024-08-13 13:20:00+08:00,65.9000015258789,66.0,65.80000305175781,65.80000305175781,8050,0.0,0.0
2024-08-14 09:00:00+08:00,66.5999984741211,67.0,66.4000015258789,66.4000015258789,26000,0.0,0.0
2024-08-14 09:05:00+08:00,66.69999694824219,67.0999984741211,66.5999984741211,67.0999984741211,20076,0.0,0.0
2024-08-14 09:10:00+08:00,66.9000015258789,67.0,66.4000015258789,66.4000015258789,18000,0.0,0.0
2024-08-14 09:15:00+08:00,67.0,67.0,66.5,67.0,11000,0.0,0.0
2024-08-14 09:20:00+08:00,67.0,67.4000015258789,67.0,67.19999694824219,31210,0.0,0.0
2024-08-14 09:25:00+08:00,67.0999984741211,68.0,67.0999984741211,68.0,46000,0.0,0.0
2024-08-14 09:30:00+08:00,68.0,68.0,67.5999984741211,67.5999984741211,22100,0.0,0.0
2024-08-14 09:35:00+08:00,67.5999984741211,67.5999984741211,67.5,67.5,19000,0.0,0.0
2024-08-14 09:40:00+08:00,67.5,68.0,67.5,67.80000305175781,41100,0.0,0.0
2024-08-14 09:45:00+08:00,67.69999694824219,67.80000305175781,67.5999984741211,67.5999984741211,8002,0.0,0.0
2024-08-14 09:50:00+08:00,67.5999984741211,67.5999984741211,67.5999984741211,67.5999984741211,6000,0.0,0.0
2024-08-14 09:55:00+08:00,67.5999984741211,67.5999984741211,67.5,67.5,8046,0.0,0.0
2024-08-14 10:00:00+08:00,67.4000015258789,67.4000015258789,67.30000305175781,67.4000015258789,10415,0.0,0.0
2024-08-14 10:05:00+08:00,67.30000305175781,67.5999984741211,67.19999694824219,67.5999984741211,11000,0.0,0.0
2024-08-14 10:10:00+08:00,67.5,67.69999694824219,67.5,67.5,9020,0.0,0.0
2024-08-14 10:15:00+08:00,67.30000305175781,67.30000305175781,67.0999984741211,67.19999694824219,15195,0.0,0.0
2024-08-14 10:20:00+08:00,67.19999694824219,67.19999694824219,67.19999694824219,67.19999694824219,8000,0.0,0.0
2024-08-14 10:25:00+08:00,67.19999694824219,67.19999694824219,67.0,67.0999984741211,13230,0.0,0.0
2024-08-14 10:30:00+08:00,67.19999694824219,67.19999694824219,67.19999694824219,67.19999694824219,5004,0.0,0.0
2024-08-14 10:35:00+08:00,67.4000015258789,67.4000015258789,67.4000015258789,67.4000015258789,6002,0.0,0.0
2024-08-14 10:40:00+08:00,67.30000305175781,67.30000305175781,67.19999694824219,67.19999694824219,7000,0.0,0.0
2024-08-14 10:45:00+08:00,67.0999984741211,67.0999984741211,67.0999984741211,67.0999984741211,4065,0.0,0.0
2024-08-14 10:50:00+08:00,67.0,67.0,67.0,67.0,2000,0.0,0.0
2024-08-14 11:00:00+08:00,67.0,67.0,67.0,67.0,6000,0.0,0.0
2024-08-14 11:10:00+08:00,66.9000015258789,66.9000015258789,66.9000015258789,66.9000015258789,4025,0.0,0.0
2024-08-14 11:15:00+08:00,66.80000305175781,66.80000305175781,66.80000305175781,66.80000305175781,3001,0.0,0.0
2024-08-14 11:20:00+08:00,66.80000305175781,66.80000305175781,66.80000305175781,66.80000305175781,3000,0.0,0.0
2024-08-14 11:25:00+08:00,66.80000305175781,66.9000015258789,66.80000305175781,66.80000305175781,7001,0.0,0.0
2024-08-14 11:45:00+08:00,66.9000015258789,66.9000015258789,66.9000015258789,66.9000015258789,1000,0.0,0.0
2024-08-14 11:50:00+08:00,66.9000015258789,67.0,66.9000015258789,67.0,4000,0.0,0.0
2024-08-14 11:55:00+08:00,66.9000015258789,66.9000015258789,66.9000015258789,66.9000015258789,1000,0.0,0.0
2024-08-14 12:00:00+08:00,66.80000305175781,66.80000305175781,66.69999694824219,66.69999694824219,10100,0.0,0.0
2024-08-14 12:05:00+08:00,66.5999984741211,66.5999984741211,66.5999984741211,66.5999984741211,2000,0.0,0.0
2024-08-14 12:15:00+08:00,66.69999694824219,66.69999694824219,66.69999694824219,66.69999694824219,4073,0.0,0.0
2024-08-14 12:25:00+08:00,66.5999984741211,66.5999984741211,66.5,66.5,13000,0.0,0.0
2024-08-14 12:30:00+08:00,66.5,66.5,66.5,66.5,7000,0.0,0.0
2024-08-14 12:35:00+08:00,66.5,66.5,66.4000015258789,66.5,16107,0.0,0.0
2024-08-14 12:40:00+08:00,66.5999984741211,66.5999984741211,66.5999984741211,66.5999984741211,1050,0.0,0.0
2024-08-14 12:50:00+08:00,66.80000305175781,66.80000305175781,66.80000305175781,66.80000305175781,4078,0.0,0.0
2024-08-14 12:55:00+08:00,66.80000305175781,66.80000305175781,66.80000305175781,66.80000305175781,1000,0.0,0.0
2024-08-14 13:00:00+08:00,66.5999984741211,66.5999984741211,66.4000015258789,66.4000015258789,17005,0.0,0.0
2024-08-14 13:05:00+08:00,66.4000015258789,66.69999694824219,66.4000015258789,66.69999694824219,3000,0.0,0.0
2024-08-14 13:10:00+08:00,66.80000305175781,66.80000305175781,66.5999984741211,66.5999984741211,10000,0.0,0.0
2024-08-14 13:15:00+08:00,66.5,66.5999984741211,66.5,66.5,6000,0.0,0.0
2024-08-14 13:20:00+08:00,66.5999984741211,66.80000305175781,66.5999984741211,66.69999694824219,11050,0.0,0.0
2024-08-15 09:00:00+08:00,67.0,67.4000015258789,67.0,67.30000305175781,13000,0.0,0.0
2024-08-15 09:05:00+08:00,67.19999694824219,67.30000305175781,67.19999694824219,67.30000305175781,10000,0.0,0.0
2024-08-15 09:10:00+08:00,67.4000015258789,67.4000015258789,67.4000015258789,67.4000015258789,2042,0.0,0.0
2024-08-15 09:15:00+08:00,67.4000015258789,67.4000015258789,67.4000015258789,67.4000015258789,5360,0.0,0.0
2024-08-15 09:20:00+08:00,67.19999694824219,67.19999694824219,67.0999984741211,67.0999984741211,2128,0.0,0.0
2024-08-15 09:25:00+08:00,67.0999984741211,67.0999984741211,66.5999984741211,66.69999694824219,20000,0.0,0.0
2024-08-15 09:35:00+08:00,67.0,67.19999694824219,67.0,67.19999694824219,11181,0.0,0.0
2024-08-15 09:40:00+08:00,67.19999694824219,67.19999694824219,67.19999694824219,67.19999694824219,2000,0.0,0.0
2024-08-15 09:45:00+08:00,67.0999984741211,67.19999694824219,67.0999984741211,67.19999694824219,3000,0.0,0.0
2024-08-15 09:50:00+08:00,67.30000305175781,67.69999694824219,67.30000305175781,67.69999694824219,17000,0.0,0.0
2024-08-15 09:55:00+08:00,67.69999694824219,67.9000015258789,67.5999984741211,67.5999984741211,23000,0.0,0.0
2024-08-15 10:00:00+08:00,67.5999984741211,67.5999984741211,67.4000015258789,67.4000015258789,5000,0.0,0.0
2024-08-15 10:05:00+08:00,67.30000305175781,67.30000305175781,67.30000305175781,67.30000305175781,1001,0.0,0.0
2024-08-15 10:20:00+08:00,67.5999984741211,67.5999984741211,67.5,67.5,8001,0.0,0.0
2024-08-15 10:25:00+08:00,67.5999984741211,67.5999984741211,67.5999984741211,67.5999984741211,2044,0.0,0.0
2024-08-15 10:30:00+08:00,67.5999984741211,67.9000015258789,67.5999984741211,67.80000305175781,21000,0.0,0.0
2024-08-15 10:35:00+08:00,67.80000305175781,67.9000015258789,67.80000305175781,67.9000015258789,7020,0.0,0.0
2024-08-15 10:40:00+08:00,67.9000015258789,67.9000015258789,67.80000305175781,67.80000305175781,5000,0.0,0.0
2024-08-15 10:45:00+08:00,67.80000305175781,67.80000305175781,67.5999984741211,67.5999984741211,10000,0.0,0.0
2024-08-15 10:50:00+08:00,67.69999694824219,67.9000015258789,67.69999694824219,67.9000015258789,20000,0.0,0.0
2024-08-15 10:55:00+08:00,67.9000015258789,68.0,67.9000015258789,67.9000015258789,14000,0.0,0.0
2024-08-15 11:00:00+08:00,67.9000015258789,67.9000015258789,67.9000015258789,67.9000015258789,2000,0.0,0.0
2024-08-15 11:05:00+08:00,67.80000305175781,67.80000305175781,67.69999694824219,67.69999694824219,2136,0.0,0.0
2024-08-15 11:20:00+08:00,67.69999694824219,67.69999694824219,67.69999694824219,67.69999694824219,1000,0.0,0.0
2024-08-15 11:25:00+08:00,67.5999984741211,67.5999984741211,67.5999984741211,67.5999984741211,3100,0.0,0.0
2024-08-15 11:40:00+08:00,67.5999984741211,67.5999984741211,67.5999984741211,67.5999984741211,1050,0.0,0.0
2024-08-15 11:45:00+08:00,67.69999694824219,67.69999694824219,67.69999694824219,67.69999694824219,2000,0.0,0.0
2024-08-15 11:55:00+08:00,67.69999694824219,67.80000305175781,67.69999694824219,67.80000305175781,2050,0.0,0.0
2024-08-15 12:00:00+08:00,67.80000305175781,67.80000305175781,67.80000305175781,67.80000305175781,4002,0.0,0.0
2024-08-15 12:05:00+08:00,67.9000015258789,67.9000015258789,67.9000015258789,67.9000015258789,2000,0.0,0.0
2024-08-15 12:15:00+08:00,67.80000305175781,67.80000305175781,67.80000305175781,67.80000305175781,7000,0.0,0.0
2024-08-15 12:20:00+08:00,68.0,68.19999694824219,68.0,68.19999694824219,22607,0.0,0.0
2024-08-15 12:25:00+08:00,68.19999694824219,68.19999694824219,68.0999984741211,68.0999984741211,4000,0.0,0.0
2024-08-15 12:30:00+08:00,68.0999984741211,68.0999984741211,67.80000305175781,67.80000305175781,12290,0.0,0.0
2024-08-15 12:35:00+08:00,67.69999694824219,67.69999694824219,67.69999694824219,67.69999694824219,1320,0.0,0.0
2024-08-15 12:45:00+08:00,67.69999694824219,67.69999694824219,67.69999694824219,67.69999694824219,3000,0.0,0.0
2024-08-15 12:50:00+08:00,67.69999694824219,67.69999694824219,67.69999694824219,67.69999694824219,1000,0.0,0.0
2024-08-15 12:55:00+08:00,67.80000305175781,67.80000305175781,67.80000305175781,67.80000305175781,1000,0.0,0.0
2024-08-15 13:00:00+08:00,67.80000305175781,67.80000305175781,67.80000305175781,67.80000305175781,2000,0.0,0.0
2024-08-15 13:05:00+08:00,67.80000305175781,67.80000305175781,67.80000305175781,67.80000305175781,6000,0.0,0.0
2024-08-15 13:10:00+08:00,67.80000305175781,67.80000305175781,67.69999694824219,67.69999694824219,2000,0.0,0.0
2024-08-15 13:15:00+08:00,67.80000305175781,67.80000305175781,67.69999694824219,67.69999694824219,6000,0.0,0.0
2024-08-15 13:20:00+08:00,67.80000305175781,68.0,67.80000305175781,67.80000305175781,9194,0.0,0.0
2024-08-16 09:00:00+08:00,70.4000015258789,70.4000015258789,69.0999984741211,69.0999984741211,113000,0.0,0.0
2024-08-16 09:05:00+08:00,69.0999984741211,70.69999694824219,69.0999984741211,70.4000015258789,52000,0.0,0.0
2024-08-16 09:10:00+08:00,70.4000015258789,70.5,69.80000305175781,69.80000305175781,21200,0.0,0.0
2024-08-16 09:15:00+08:00,69.5999984741211,70.19999694824219,69.5999984741211,70.0,21480,0.0,0.0
2024-08-16 09:20:00+08:00,69.80000305175781,69.80000305175781,69.80000305175781,69.80000305175781,3000,0.0,0.0
2024-08-16 09:25:00+08:00,70.0999984741211,71.4000015258789,70.0999984741211,71.4000015258789,152672,0.0,0.0
2024-08-16 09:30:00+08:00,71.4000015258789,71.5999984741211,71.0999984741211,71.4000015258789,64037,0.0,0.0
2024-08-16 09:35:00+08:00,71.30000305175781,71.4000015258789,71.19999694824219,71.19999694824219,15011,0.0,0.0
2024-08-16 09:40:00+08:00,71.19999694824219,72.0,71.0,71.69999694824219,84181,0.0,0.0
2024-08-16 09:45:00+08:00,71.5999984741211,71.5999984741211,71.30000305175781,71.30000305175781,7070,0.0,0.0
2024-08-16 09:50:00+08:00,71.19999694824219,71.19999694824219,71.19999694824219,71.19999694824219,9155,0.0,0.0
2024-08-16 09:55:00+08:00,71.19999694824219,71.5999984741211,71.0,71.5999984741211,24108,0.0,0.0
2024-08-16 10:00:00+08:00,71.4000015258789,71.4000015258789,71.19999694824219,71.19999694824219,9064,0.0,0.0
2024-08-16 10:05:00+08:00,71.30000305175781,71.69999694824219,71.30000305175781,71.5,17039,0.0,0.0
2024-08-16 10:10:00+08:00,71.5,71.69999694824219,71.4000015258789,71.4000015258789,10165,0.0,0.0
2024-08-16 10:15:00+08:00,71.4000015258789,71.4000015258789,71.30000305175781,71.30000305175781,3000,0.0,0.0
2024-08-16 10:20:00+08:00,71.30000305175781,71.30000305175781,71.19999694824219,71.30000305175781,6000,0.0,0.0
2024-08-16 10:25:00+08:00,71.19999694824219,71.19999694824219,71.0,71.0,7361,0.0,0.0
2024-08-16 10:30:00+08:00,71.0,71.19999694824219,71.0,71.19999694824219,2000,0.0,0.0
2024-08-16 10:35:00+08:00,71.30000305175781,71.30000305175781,71.19999694824219,71.19999694824219,3000,0.0,0.0
2024-08-16 10:40:00+08:00,71.0999984741211,71.0999984741211,71.0999984741211,71.0999984741211,2103,0.0,0.0
2024-08-16 10:45:00+08:00,71.19999694824219,71.19999694824219,71.19999694824219,71.19999694824219,1000,0.0,0.0
2024-08-16 10:50:00+08:00,71.19999694824219,71.5,71.19999694824219,71.5,7000,0.0,0.0
2024-08-16 10:55:00+08:00,71.19999694824219,71.19999694824219,71.19999694824219,71.19999694824219,4000,0.0,0.0
2024-08-16 11:00:00+08:00,71.0999984741211,71.0999984741211,71.0999984741211,71.0999984741211,1005,0.0,0.0
2024-08-16 11:05:00+08:00,71.0999984741211,71.0999984741211,71.0999984741211,71.0999984741211,3000,0.0,0.0
2024-08-16 11:10:00+08:00,71.19999694824219,71.19999694824219,71.0999984741211,71.0999984741211,3015,0.0,0.0
2024-08-16 11:15:00+08:00,71.0999984741211,71.0999984741211,71.0999984741211,71.0999984741211,1000,0.0,0.0
2024-08-16 11:20:00+08:00,71.0999984741211,71.0999984741211,71.0,71.0,15000,0.0,0.0
2024-08-16 11:25:00+08:00,70.9000015258789,70.9000015258789,70.69999694824219,70.69999694824219,11000,0.0,0.0
2024-08-16 11:30:00+08:00,70.80000305175781,71.0,70.80000305175781,71.0,14157,0.0,0.0
2024-08-16 11:35:00+08:00,71.0,71.0999984741211,71.0,71.0999984741211,7000,0.0,0.0
2024-08-16 11:40:00+08:00,71.0999984741211,71.0999984741211,71.0999984741211,71.0999984741211,1000,0.0,0.0
2024-08-16 11:45:00+08:00,71.0999984741211,71.19999694824219,71.0999984741211,71.0999984741211,3000,0.0,0.0
2024-08-16 11:50:00+08:00,71.0999984741211,71.0999984741211,71.0999984741211,71.0999984741211,2000,0.0,0.0
2024-08-16 12:00:00+08:00,71.0,71.0,71.0,71.0,7115,0.0,0.0
2024-08-16 12:05:00+08:00,71.0,71.0,71.0,71.0,1100,0.0,0.0
2024-08-16 12:10:00+08:00,71.0,71.0,71.0,71.0,1000,0.0,0.0
2024-08-16 12:15:00+08:00,71.0,71.0,71.0,71.0,1160,0.0,0.0
2024-08-16 12:20:00+08:00,70.9000015258789,70.9000015258789,70.9000015258789,70.9000015258789,1002,0.0,0.0
2024-08-16 12:25:00+08:00,70.80000305175781,70.80000305175781,70.69999694824219,70.69999694824219,10176,0.0,0.0
2024-08-16 12:30:00+08:00,70.80000305175781,70.80000305175781,70.80000305175781,70.80000305175781,2050,0.0,0.0
2024-08-16 12:35:00+08:00,70.9000015258789,70.9000015258789,70.80000305175781,70.80000305175781,3000,0.0,0.0
2024-08-16 12:40:00+08:00,70.9000015258789,71.0,70.80000305175781,70.9000015258789,9000,0.0,0.0
2024-08-16 12:45:00+08:00,70.9000015258789,71.0999984741211,70.9000015258789,71.0,8000,0.0,0.0
2024-08-16 12:50:00+08:00,71.0,71.0,70.9000015258789,70.9000015258789,11050,0.0,0.0
2024-08-16 12:55:00+08:00,70.9000015258789,71.0,70.9000015258789,70.9000015258789,6029,0.0,0.0
2024-08-16 13:00:00+08:00,70.9000015258789,70.9000015258789,70.69999694824219,70.69999694824219,12209,0.0,0.0
2024-08-16 13:05:00+08:00,70.69999694824219,70.80000305175781,70.5999984741211,70.80000305175781,15123,0.0,0.0
2024-08-16 13:10:00+08:00,70.69999694824219,70.69999694824219,70.69999694824219,70.69999694824219,6067,0.0,0.0
2024-08-16 13:15:00+08:00,70.69999694824219,70.9000015258789,70.69999694824219,70.80000305175781,13003,0.0,0.0
2024-08-16 13:20:00+08:00,70.80000305175781,70.80000305175781,70.5,70.5999984741211,19007,0.0,0.0
2024-08-19 09:00:00+08:00,71.19999694824219,71.5,70.69999694824219,70.80000305175781,0,0.0,0.0
2024-08-19 09:05:00+08:00,70.80000305175781,71.19999694824219,70.69999694824219,71.19999694824219,23050,0.0,0.0
2024-08-19 09:10:00+08:00,71.19999694824219,71.69999694824219,71.19999694824219,71.69999694824219,20263,0.0,0.0
2024-08-19 09:15:00+08:00,71.5,71.9000015258789,71.4000015258789,71.9000015258789,26500,0.0,0.0
2024-08-19 09:20:00+08:00,71.9000015258789,72.0,71.80000305175781,71.80000305175781,36000,0.0,0.0
2024-08-19 09:25:00+08:00,71.80000305175781,71.80000305175781,71.5,71.5,23034,0.0,0.0
2024-08-19 09:30:00+08:00,71.5,71.69999694824219,71.4000015258789,71.4000015258789,14000,0.0,0.0
2024-08-19 09:35:00+08:00,71.5,71.5,71.30000305175781,71.30000305175781,6000,0.0,0.0
2024-08-19 09:40:00+08:00,71.4000015258789,71.80000305175781,71.4000015258789,71.80000305175781,2000,0.0,0.0
2024-08-19 09:45:00+08:00,71.5,71.5,71.30000305175781,71.30000305175781,26000,0.0,0.0
2024-08-19 09:50:00+08:00,71.5,71.5,71.5,71.5,2160,0.0,0.0
2024-08-19 09:55:00+08:00,71.30000305175781,71.30000305175781,71.19999694824219,71.19999694824219,24000,0.0,0.0
2024-08-19 10:00:00+08:00,71.19999694824219,71.30000305175781,71.19999694824219,71.19999694824219,24000,0.0,0.0
2024-08-19 10:05:00+08:00,71.0999984741211,71.0999984741211,70.9000015258789,70.9000015258789,24000,0.0,0.0
2024-08-19 10:10:00+08:00,70.9000015258789,70.9000015258789,70.9000015258789,70.9000015258789,1288,0.0,0.0
2024-08-19 10:15:00+08:00,70.9000015258789,70.9000015258789,70.80000305175781,70.9000015258789,28044,0.0,0.0
2024-08-19 10:20:00+08:00,71.0,71.0,71.0,71.0,1000,0.0,0.0
2024-08-19 10:25:00+08:00,70.9000015258789,71.0999984741211,70.9000015258789,71.0999984741211,24000,0.0,0.0
2024-08-19 10:30:00+08:00,71.19999694824219,71.30000305175781,71.19999694824219,71.30000305175781,15000,0.0,0.0
2024-08-19 10:35:00+08:00,71.5,71.5999984741211,71.5,71.5,3100,0.0,0.0
2024-08-19 10:40:00+08:00,71.5,71.5,71.4000015258789,71.4000015258789,2000,0.0,0.0
2024-08-19 10:45:00+08:00,71.4000015258789,71.5999984741211,71.4000015258789,71.5999984741211,16028,0.0,0.0
2024-08-19 10:50:00+08:00,71.5999984741211,71.69999694824219,71.5,71.69999694824219,6002,0.0,0.0
2024-08-19 10:55:00+08:00,71.80000305175781,71.80000305175781,71.5,71.5,3100,0.0,0.0
2024-08-19 11:00:00+08:00,71.5,71.5,71.5,71.5,3000,0.0,0.0
2024-08-19 11:05:00+08:00,71.5,71.5,71.5,71.5,2000,0.0,0.0
2024-08-19 11:10:00+08:00,71.69999694824219,71.69999694824219,71.69999694824219,71.69999694824219,2000,0.0,0.0
2024-08-19 11:15:00+08:00,71.5,71.5,71.4000015258789,71.4000015258789,5005,0.0,0.0
2024-08-19 11:20:00+08:00,71.30000305175781,71.30000305175781,71.19999694824219,71.19999694824219,6000,0.0,0.0
2024-08-19 11:25:00+08:00,71.19999694824219,71.4000015258789,71.19999694824219,71.4000015258789,3000,0.0,0.0
2024-08-19 11:30:00+08:00,71.5,71.5,71.5,71.5,0,0.0,0.0
2024-08-19 11:35:00+08:00,71.5,71.5,71.4000015258789,71.5,459574,0.0,0.0
2024-08-19 11:40:00+08:00,71.4000015258789,71.5,71.4000015258789,71.5,3000,0.0,0.0
2024-08-19 11:45:00+08:00,71.30000305175781,71.30000305175781,70.9000015258789,70.9000015258789,13000,0.0,0.0
2024-08-19 11:50:00+08:00,70.9000015258789,70.9000015258789,70.9000015258789,70.9000015258789,3011,0.0,0.0
2024-08-19 11:55:00+08:00,70.9000015258789,70.9000015258789,70.80000305175781,70.80000305175781,18000,0.0,0.0
2024-08-19 12:00:00+08:00,70.80000305175781,70.9000015258789,70.80000305175781,70.9000015258789,6348,0.0,0.0
2024-08-19 12:05:00+08:00,70.9000015258789,70.9000015258789,70.80000305175781,70.80000305175781,3000,0.0,0.0
2024-08-19 12:10:00+08:00,70.69999694824219,71.0999984741211,70.5999984741211,71.0999984741211,18000,0.0,0.0
2024-08-19 12:15:00+08:00,71.19999694824219,71.19999694824219,71.19999694824219,71.19999694824219,1015,0.0,0.0
2024-08-19 12:35:00+08:00,71.19999694824219,71.19999694824219,71.0,71.0,8009,0.0,0.0
2024-08-19 12:40:00+08:00,70.69999694824219,70.69999694824219,70.69999694824219,70.69999694824219,1000,0.0,0.0
2024-08-19 12:45:00+08:00,70.69999694824219,71.30000305175781,70.5999984741211,71.0,38000,0.0,0.0
2024-08-19 12:50:00+08:00,71.0999984741211,71.0999984741211,71.0999984741211,71.0999984741211,10000,0.0,0.0
2024-08-19 12:55:00+08:00,71.0999984741211,71.0999984741211,71.0,71.0,4000,0.0,0.0
2024-08-19 13:00:00+08:00,71.0999984741211,71.0999984741211,71.0999984741211,71.0999984741211,1000,0.0,0.0
2024-08-19 13:05:00+08:00,71.19999694824219,71.19999694824219,71.0,71.0,9102,0.0,0.0
2024-08-19 13:10:00+08:00,71.0,71.0,70.9000015258789,70.9000015258789,18194,0.0,0.0
2024-08-19 13:15:00+08:00,70.9000015258789,70.9000015258789,70.80000305175781,70.80000305175781,7147,0.0,0.0
2024-08-19 13:20:00+08:00,70.69999694824219,70.69999694824219,70.5999984741211,70.69999694824219,14163,0.0,0.0
2024-08-20 09:00:00+08:00,71.0999984741211,71.30000305175781,71.0,71.30000305175781,13000,0.0,0.0
2024-08-20 09:05:00+08:00,71.30000305175781,71.30000305175781,70.69999694824219,70.69999694824219,27100,0.0,0.0
2024-08-20 09:10:00+08:00,70.69999694824219,70.9000015258789,70.5,70.5,16056,0.0,0.0
2024-08-20 09:15:00+08:00,70.69999694824219,70.69999694824219,70.69999694824219,70.69999694824219,5200,0.0,0.0
2024-08-20 09:20:00+08:00,70.5999984741211,70.5999984741211,70.30000305175781,70.4000015258789,15265,0.0,0.0
2024-08-20 09:25:00+08:00,70.5999984741211,70.5999984741211,70.5999984741211,70.5999984741211,1000,0.0,0.0
2024-08-20 09:30:00+08:00,70.69999694824219,70.69999694824219,70.4000015258789,70.4000015258789,30087,0.0,0.0
2024-08-20 09:35:00+08:00,70.5,71.0999984741211,70.5,71.0999984741211,13000,0.0,0.0
2024-08-20 09:40:00+08:00,71.19999694824219,71.19999694824219,70.9000015258789,70.9000015258789,8002,0.0,0.0
2024-08-20 09:45:00+08:00,71.0999984741211,71.4000015258789,71.0999984741211,71.19999694824219,27000,0.0,0.0
2024-08-20 09:50:00+08:00,71.19999694824219,71.4000015258789,71.0,71.30000305175781,15000,0.0,0.0
2024-08-20 09:55:00+08:00,71.30000305175781,71.30000305175781,70.5999984741211,70.5999984741211,10010,0.0,0.0
2024-08-20 10:05:00+08:00,70.69999694824219,70.69999694824219,70.69999694824219,70.69999694824219,1013,0.0,0.0
2024-08-20 10:10:00+08:00,70.80000305175781,70.80000305175781,70.69999694824219,70.69999694824219,7000,0.0,0.0
2024-08-20 10:15:00+08:00,70.69999694824219,70.80000305175781,70.5999984741211,70.5999984741211,8000,0.0,0.0
2024-08-20 10:20:00+08:00,70.5999984741211,70.5999984741211,70.5999984741211,70.5999984741211,1056,0.0,0.0
2024-08-20 10:30:00+08:00,70.69999694824219,70.69999694824219,70.69999694824219,70.69999694824219,2000,0.0,0.0
2024-08-20 10:35:00+08:00,70.69999694824219,70.69999694824219,70.5999984741211,70.5999984741211,4256,0.0,0.0
2024-08-20 10:45:00+08:00,70.5,70.5,70.4000015258789,70.5,14044,0.0,0.0
2024-08-20 10:50:00+08:00,70.5,70.5,70.30000305175781,70.30000305175781,29100,0.0,0.0
2024-08-20 10:55:00+08:00,70.30000305175781,70.30000305175781,70.19999694824219,70.19999694824219,22233,0.0,0.0
2024-08-20 11:00:00+08:00,70.0999984741211,70.19999694824219,70.0999984741211,70.19999694824219,6302,0.0,0.0
2024-08-20 11:05:00+08:00,70.30000305175781,70.30000305175781,70.30000305175781,70.30000305175781,1100,0.0,0.0
2024-08-20 11:15:00+08:00,70.30000305175781,70.30000305175781,70.30000305175781,70.30000305175781,11000,0.0,0.0
2024-08-20 11:20:00+08:00,70.4000015258789,70.4000015258789,70.19999694824219,70.19999694824219,0,0.0,0.0
2024-08-20 11:25:00+08:00,70.19999694824219,70.19999694824219,70.0999984741211,70.0999984741211,294824,0.0,0.0
2024-08-20 11:30:00+08:00,70.0999984741211,70.0999984741211,70.0999984741211,70.0999984741211,2000,0.0,0.0
2024-08-20 11:35:00+08:00,70.0999984741211,70.19999694824219,70.0999984741211,70.19999694824219,4000,0.0,0.0
2024-08-20 11:40:00+08:00,70.30000305175781,70.30000305175781,70.30000305175781,70.30000305175781,1030,0.0,0.0
2024-08-20 11:50:00+08:00,70.4000015258789,70.4000015258789,70.4000015258789,70.4000015258789,5000,0.0,0.0
2024-08-20 11:55:00+08:00,70.4000015258789,70.4000015258789,70.4000015258789,70.4000015258789,4000,0.0,0.0
2024-08-20 12:00:00+08:00,70.30000305175781,70.30000305175781,70.0999984741211,70.0999984741211,14100,0.0,0.0
2024-08-20 12:05:00+08:00,70.19999694824219,70.19999694824219,70.19999694824219,70.19999694824219,1000,0.0,0.0
2024-08-20 12:10:00+08:00,70.30000305175781,70.80000305175781,70.30000305175781,70.69999694824219,35100,0.0,0.0
2024-08-20 12:15:00+08:00,70.5999984741211,70.9000015258789,70.5999984741211,70.80000305175781,28050,0.0,0.0
2024-08-20 12:20:00+08:00,70.69999694824219,70.69999694824219,70.69999694824219,70.69999694824219,4001,0.0,0.0
2024-08-20 12:25:00+08:00,70.5999984741211,70.5999984741211,70.5999984741211,70.5999984741211,4001,0.0,0.0
2024-08-20 12:30:00+08:00,70.5999984741211,70.5999984741211,70.5999984741211,70.5999984741211,1000,0.0,0.0
2024-08-20 12:35:00+08:00,70.5999984741211,70.5999984741211,70.5999984741211,70.5999984741211,2000,0.0,0.0
2024-08-20 12:40:00+08:00,70.5999984741211,70.5999984741211,70.5999984741211,70.5999984741211,8001,0.0,0.0
2024-08-20 12:50:00+08:00,70.5,70.5,70.5,70.5,5000,0.0,0.0
2024-08-20 12:55:00+08:00,70.4000015258789,70.5,70.4000015258789,70.5,4000,0.0,0.0
2024-08-20 13:00:00+08:00,70.5,70.5,70.5,70.5,2000,0.0,0.0
2024-08-20 13:05:00+08:00,70.5,70.5,70.4000015258789,70.4000015258789,5000,0.0,0.0
2024-08-20 13:10:00+08:00,70.4000015258789,70.5,70.4000015258789,70.5,5456,0.0,0.0
2024-08-20 13:15:00+08:00,70.5,70.5,70.5,70.5,3000,0.0,0.0
2024-08-20 13:20:00+08:00,70.5,70.5,70.4000015258789,70.4000015258789,4000,0.0,0.0
2024-08-21 09:00:00+08:00,71.0999984741211,71.0999984741211,70.0,70.0,22000,0.0,0.0
2024-08-21 09:05:00+08:00,70.0,70.0,69.69999694824219,69.69999694824219,20000,0.0,0.0
2024-08-21 09:10:00+08:00,69.80000305175781,70.4000015258789,69.80000305175781,70.4000015258789,19003,0.0,0.0
2024-08-21 09:15:00+08:00,70.30000305175781,70.4000015258789,70.30000305175781,70.4000015258789,3000,0.0,0.0
2024-08-21 09:20:00+08:00,70.30000305175781,70.30000305175781,70.30000305175781,70.30000305175781,1000,0.0,0.0
2024-08-21 09:25:00+08:00,70.4000015258789,71.0,70.4000015258789,71.0,13010,0.0,0.0
2024-08-21 09:30:00+08:00,70.9000015258789,70.9000015258789,70.9000015258789,70.9000015258789,2000,0.0,0.0
2024-08-21 09:40:00+08:00,70.80000305175781,70.9000015258789,70.69999694824219,70.69999694824219,8000,0.0,0.0
2024-08-21 09:50:00+08:00,70.30000305175781,70.30000305175781,70.30000305175781,70.30000305175781,0,0.0,0.0
2024-08-21 10:00:00+08:00,70.4000015258789,70.4000015258789,70.19999694824219,70.19999694824219,98013,0.0,0.0
2024-08-21 10:15:00+08:00,70.4000015258789,71.0,70.4000015258789,71.0,44000,0.0,0.0
2024-08-21 10:20:00+08:00,70.80000305175781,70.80000305175781,70.80000305175781,70.80000305175781,1000,0.0,0.0
2024-08-21 10:25:00+08:00,70.5,70.5,70.5,70.5,7000,0.0,0.0
2024-08-21 10:35:00+08:00,70.5,70.5,70.0999984741211,70.0999984741211,20028,0.0,0.0
2024-08-21 10:45:00+08:00,70.0999984741211,70.0999984741211,70.0999984741211,70.0999984741211,1000,0.0,0.0
2024-08-21 10:50:00+08:00,70.0999984741211,70.0999984741211,70.0999984741211,70.0999984741211,17100,0.0,0.0
2024-08-21 10:55:00+08:00,70.19999694824219,70.19999694824219,70.19999694824219,70.19999694824219,7000,0.0,0.0
2024-08-21 11:00:00+08:00,70.30000305175781,70.30000305175781,70.0999984741211,70.0999984741211,7000,0.0,0.0
2024-08-21 11:05:00+08:00,70.0999984741211,70.0999984741211,70.0999984741211,70.0999984741211,1100,0.0,0.0
2024-08-21 11:20:00+08:00,70.19999694824219,70.19999694824219,70.0999984741211,70.0999984741211,9000,0.0,0.0
2024-08-21 11:25:00+08:00,70.19999694824219,70.19999694824219,70.0999984741211,70.0999984741211,3000,0.0,0.0
2024-08-21 11:30:00+08:00,70.4000015258789,70.4000015258789,70.4000015258789,70.4000015258789,1000,0.0,0.0
2024-08-21 11:40:00+08:00,70.0999984741211,70.0999984741211,70.0999984741211,70.0999984741211,2000,0.0,0.0
2024-08-21 11:55:00+08:00,70.0999984741211,70.0999984741211,70.0999984741211,70.0999984741211,1000,0.0,0.0
2024-08-21 12:00:00+08:00,70.0999984741211,70.0999984741211,70.0999984741211,70.0999984741211,7000,0.0,0.0
2024-08-21 12:05:00+08:00,70.0999984741211,70.0999984741211,70.0999984741211,70.0999984741211,2000,0.0,0.0
2024-08-21 12:10:00+08:00,70.0999984741211,70.19999694824219,70.0999984741211,70.19999694824219,8000,0.0,0.0
2024-08-21 12:15:00+08:00,70.19999694824219,70.4000015258789,70.19999694824219,70.30000305175781,8000,0.0,0.0
2024-08-21 12:20:00+08:00,70.19999694824219,70.19999694824219,70.19999694824219,70.19999694824219,2000,0.0,0.0
2024-08-21 12:25:00+08:00,70.19999694824219,70.19999694824219,70.19999694824219,70.19999694824219,2000,0.0,0.0
2024-08-21 12:30:00+08:00,70.19999694824219,70.19999694824219,70.19999694824219,70.19999694824219,2701,0.0,0.0
2024-08-21 12:35:00+08:00,70.30000305175781,70.30000305175781,70.30000305175781,70.30000305175781,1000,0.0,0.0
2024-08-21 12:40:00+08:00,70.30000305175781,70.30000305175781,70.30000305175781,70.30000305175781,5000,0.0,0.0
2024-08-21 12:45:00+08:00,70.19999694824219,70.19999694824219,70.0,70.0,26058,0.0,0.0
2024-08-21 12:50:00+08:00,70.0,70.0,70.0,70.0,9000,0.0,0.0
2024-08-21 12:55:00+08:00,70.0,70.0,70.0,70.0,6248,0.0,0.0
2024-08-21 13:00:00+08:00,70.0,70.0999984741211,70.0,70.0999984741211,11000,0.0,0.0
2024-08-21 13:05:00+08:00,70.0,70.0,69.80000305175781,69.80000305175781,24667,0.0,0.0
2024-08-21 13:10:00+08:00,70.0999984741211,70.0999984741211,69.9000015258789,69.9000015258789,2065,0.0,0.0
2024-08-21 13:15:00+08:00,70.0,70.19999694824219,69.80000305175781,69.80000305175781,14000,0.0,0.0
2024-08-21 13:20:00+08:00,70.19999694824219,70.19999694824219,70.19999694824219,70.19999694824219,5060,0.0,0.0
2024-08-22 09:00:00+08:00,70.19999694824219,70.69999694824219,70.19999694824219,70.5,0,0.0,0.0
2024-08-22 09:05:00+08:00,70.5,70.5,70.30000305175781,70.30000305175781,3113,0.0,0.0
2024-08-22 09:10:00+08:00,70.4000015258789,70.4000015258789,70.19999694824219,70.19999694824219,5008,0.0,0.0
2024-08-22 09:15:00+08:00,70.19999694824219,70.30000305175781,70.0,70.0,7000,0.0,0.0
2024-08-22 09:20:00+08:00,69.9000015258789,69.9000015258789,69.9000015258789,69.9000015258789,4150,0.0,0.0
2024-08-22 09:25:00+08:00,70.0999984741211,70.0999984741211,70.0999984741211,70.0999984741211,2500,0.0,0.0
2024-08-22 09:30:00+08:00,70.0999984741211,70.0999984741211,69.69999694824219,69.69999694824219,24040,0.0,0.0
2024-08-22 09:35:00+08:00,69.80000305175781,69.80000305175781,69.80000305175781,69.80000305175781,2000,0.0,0.0
2024-08-22 09:40:00+08:00,69.9000015258789,70.0,69.9000015258789,69.9000015258789,13000,0.0,0.0
2024-08-22 09:45:00+08:00,70.0999984741211,70.0999984741211,70.0,70.0,7000,0.0,0.0
2024-08-22 09:50:00+08:00,70.19999694824219,70.4000015258789,70.19999694824219,70.4000015258789,5000,0.0,0.0
2024-08-22 09:55:00+08:00,70.19999694824219,70.19999694824219,70.19999694824219,70.19999694824219,1800,0.0,0.0
2024-08-22 10:05:00+08:00,70.0999984741211,70.19999694824219,70.0999984741211,70.19999694824219,4000,0.0,0.0
2024-08-22 10:15:00+08:00,70.19999694824219,70.19999694824219,70.0999984741211,70.0999984741211,4000,0.0,0.0
2024-08-22 10:20:00+08:00,70.0999984741211,70.0999984741211,70.0999984741211,70.0999984741211,3000,0.0,0.0
2024-08-22 10:25:00+08:00,70.19999694824219,70.30000305175781,70.19999694824219,70.30000305175781,5000,0.0,0.0
2024-08-22 10:30:00+08:00,70.30000305175781,70.80000305175781,70.30000305175781,70.5999984741211,42202,0.0,0.0
2024-08-22 10:35:00+08:00,70.5,70.5999984741211,70.5,70.5,19209,0.0,0.0
2024-08-22 10:45:00+08:00,70.5999984741211,70.5999984741211,70.5999984741211,70.5999984741211,4005,0.0,0.0
2024-08-22 10:50:00+08:00,70.5999984741211,70.5999984741211,70.5999984741211,70.5999984741211,3000,0.0,0.0
2024-08-22 10:55:00+08:00,70.5999984741211,70.69999694824219,70.5999984741211,70.69999694824219,3008,0.0,0.0
2024-08-22 11:00:00+08:00,70.5999984741211,71.0999984741211,70.5999984741211,71.0,49038,0.0,0.0
2024-08-22 11:05:00+08:00,71.0,71.0,71.0,71.0,3259,0.0,0.0
2024-08-22 11:10:00+08:00,70.80000305175781,70.80000305175781,70.5999984741211,70.5999984741211,3100,0.0,0.0
2024-08-22 11:20:00+08:00,70.5999984741211,70.5999984741211,70.5999984741211,70.5999984741211,1006,0.0,0.0
2024-08-22 11:25:00+08:00,70.69999694824219,70.69999694824219,70.69999694824219,70.69999694824219,1000,0.0,0.0
2024-08-22 11:35:00+08:00,70.5999984741211,70.5999984741211,70.5999984741211,70.5999984741211,2000,0.0,0.0
2024-08-22 11:40:00+08:00,70.5999984741211,70.5999984741211,70.5999984741211,70.5999984741211,1000,0.0,0.0
2024-08-22 11:45:00+08:00,70.5,70.5,70.5,70.5,6122,0.0,0.0
2024-08-22 11:55:00+08:00,70.4000015258789,70.4000015258789,70.4000015258789,70.4000015258789,7051,0.0,0.0
2024-08-22 12:10:00+08:00,70.5,70.5,70.5,70.5,1000,0.0,0.0
2024-08-22 12:15:00+08:00,70.5,70.5,70.4000015258789,70.4000015258789,6000,0.0,0.0
2024-08-22 12:20:00+08:00,70.30000305175781,70.30000305175781,70.30000305175781,70.30000305175781,1000,0.0,0.0
2024-08-22 12:25:00+08:00,70.30000305175781,70.30000305175781,70.19999694824219,70.19999694824219,11101,0.0,0.0
2024-08-22 12:30:00+08:00,70.0999984741211,70.19999694824219,70.0999984741211,70.19999694824219,4000,0.0,0.0
2024-08-22 12:35:00+08:00,70.19999694824219,70.19999694824219,70.19999694824219,70.19999694824219,2000,0.0,0.0
2024-08-22 12:40:00+08:00,70.19999694824219,70.19999694824219,70.19999694824219,70.19999694824219,5050,0.0,0.0
2024-08-22 12:50:00+08:00,70.19999694824219,70.19999694824219,70.19999694824219,70.19999694824219,1000,0.0,0.0
2024-08-22 12:55:00+08:00,70.19999694824219,70.19999694824219,70.19999694824219,70.19999694824219,0,0.0,0.0
2024-08-22 13:00:00+08:00,70.30000305175781,70.30000305175781,70.19999694824219,70.19999694824219,296762,0.0,0.0
2024-08-22 13:05:00+08:00,70.19999694824219,70.19999694824219,70.19999694824219,70.19999694824219,1000,0.0,0.0
2024-08-22 13:10:00+08:00,70.0999984741211,70.19999694824219,70.0999984741211,70.19999694824219,7000,0.0,0.0
2024-08-22 13:15:00+08:00,70.0999984741211,70.0999984741211,70.0999984741211,70.0999984741211,15000,0.0,0.0
2024-08-22 13:20:00+08:00,70.0999984741211,70.0999984741211,69.9000015258789,70.0,14000,0.0,0.0
2024-08-23 09:00:00+08:00,69.69999694824219,69.69999694824219,69.0999984741211,69.5,16000,0.0,0.0
2024-08-23 09:05:00+08:00,69.5,69.5,69.19999694824219,69.19999694824219,20020,0.0,0.0
2024-08-23 09:10:00+08:00,69.5,69.5,69.0999984741211,69.0999984741211,25124,0.0,0.0
2024-08-23 09:15:00+08:00,69.0999984741211,69.0999984741211,69.0999984741211,69.0999984741211,5000,0.0,0.0
2024-08-23 09:20:00+08:00,69.19999694824219,69.4000015258789,69.19999694824219,69.4000015258789,9000,0.0,0.0
2024-08-23 09:25:00+08:00,69.30000305175781,69.30000305175781,69.0999984741211,69.0999984741211,7000,0.0,0.0
2024-08-23 09:30:00+08:00,69.30000305175781,69.5,69.30000305175781,69.5,4000,0.0,0.0
2024-08-23 09:35:00+08:00,69.5999984741211,69.5999984741211,69.5999984741211,69.5999984741211,2329,0.0,0.0
2024-08-23 09:40:00+08:00,69.5999984741211,69.5999984741211,69.5,69.5,2000,0.0,0.0
2024-08-23 09:50:00+08:00,69.5,69.5,69.5,69.5,0,0.0,0.0
2024-08-23 09:55:00+08:00,69.4000015258789,69.4000015258789,69.19999694824219,69.19999694824219,106843,0.0,0.0
2024-08-23 10:00:00+08:00,69.19999694824219,69.19999694824219,69.19999694824219,69.19999694824219,3000,0.0,0.0
2024-08-23 10:05:00+08:00,69.19999694824219,69.19999694824219,69.19999694824219,69.19999694824219,1500,0.0,0.0
2024-08-23 10:15:00+08:00,69.19999694824219,69.19999694824219,69.19999694824219,69.19999694824219,5000,0.0,0.0
2024-08-23 10:20:00+08:00,69.19999694824219,69.19999694824219,69.19999694824219,69.19999694824219,1000,0.0,0.0
2024-08-23 10:25:00+08:00,69.0999984741211,69.0999984741211,69.0,69.0,24070,0.0,0.0
2024-08-23 10:30:00+08:00,69.0,69.0,69.0,69.0,1000,0.0,0.0
2024-08-23 10:35:00+08:00,68.9000015258789,68.9000015258789,68.69999694824219,68.69999694824219,9022,0.0,0.0
2024-08-23 10:40:00+08:00,68.80000305175781,69.0,68.80000305175781,69.0,6046,0.0,0.0
2024-08-23 10:45:00+08:00,69.0999984741211,69.0999984741211,69.0999984741211,69.0999984741211,1000,0.0,0.0
2024-08-23 10:55:00+08:00,69.0999984741211,69.0999984741211,69.0999984741211,69.0999984741211,1000,0.0,0.0
2024-08-23 11:00:00+08:00,69.0,69.0,69.0,69.0,5000,0.0,0.0
2024-08-23 11:05:00+08:00,68.9000015258789,68.9000015258789,68.69999694824219,68.80000305175781,6016,0.0,0.0
2024-08-23 11:10:00+08:00,68.80000305175781,68.80000305175781,68.80000305175781,68.80000305175781,4000,0.0,0.0
2024-08-23 11:20:00+08:00,68.80000305175781,68.80000305175781,68.80000305175781,68.80000305175781,1395,0.0,0.0
2024-08-23 11:30:00+08:00,68.9000015258789,69.0,68.9000015258789,69.0,2000,0.0,0.0
2024-08-23 11:35:00+08:00,69.0,69.0,69.0,69.0,1000,0.0,0.0
2024-08-23 11:40:00+08:00,69.0,69.0,69.0,69.0,8000,0.0,0.0
2024-08-23 11:45:00+08:00,69.0,69.0,69.0,69.0,5000,0.0,0.0
2024-08-23 11:50:00+08:00,69.0,69.19999694824219,69.0,69.19999694824219,10036,0.0,0.0
2024-08-23 11:55:00+08:00,69.19999694824219,69.19999694824219,69.19999694824219,69.19999694824219,2000,0.0,0.0
2024-08-23 12:00:00+08:00,69.19999694824219,69.19999694824219,69.19999694824219,69.19999694824219,4000,0.0,0.0
2024-08-23 12:05:00+08:00,69.30000305175781,69.69999694824219,69.30000305175781,69.69999694824219,25050,0.0,0.0
2024-08-23 12:10:00+08:00,69.5,69.5,69.5,69.5,8015,0.0,0.0
2024-08-23 12:15:00+08:00,69.5,69.5,69.5,69.5,14001,0.0,0.0
2024-08-23 12:20:00+08:00,69.5,69.5,69.5,69.5,3019,0.0,0.0
2024-08-23 12:25:00+08:00,69.4000015258789,69.4000015258789,69.4000015258789,69.4000015258789,10001,0.0,0.0
2024-08-23 12:40:00+08:00,69.4000015258789,69.4000015258789,69.4000015258789,69.4000015258789,2000,0.0,0.0
2024-08-23 12:45:00+08:00,69.5,69.5,69.30000305175781,69.30000305175781,3029,0.0,0.0
2024-08-23 12:50:00+08:00,69.5,69.5999984741211,69.5,69.5999984741211,8000,0.0,0.0
2024-08-23 12:55:00+08:00,69.5999984741211,69.5999984741211,69.5,69.5,4000,0.0,0.0
2024-08-23 13:00:00+08:00,69.5,69.5,69.5,69.5,4000,0.0,0.0
2024-08-23 13:05:00+08:00,69.5,69.5,69.5,69.5,1005,0.0,0.0
2024-08-23 13:10:00+08:00,69.4000015258789,69.4000015258789,69.4000015258789,69.4000015258789,10004,0.0,0.0
2024-08-23 13:20:00+08:00,69.4000015258789,69.4000015258789,69.30000305175781,69.30000305175781,9000,0.0,0.0
