Datetime,Open,High,Low,Close,Volume,Dividends,Stock Splits
2024-08-13 09:00:00+09:00,3240.0,3244.0,3233.0,3233.0,0,0.0,0.0
2024-08-13 09:01:00+09:00,3239.0,3239.0,3235.0,3235.0,600,0.0,0.0
2024-08-13 09:02:00+09:00,3234.0,3234.0,3234.0,3234.0,100,0.0,0.0
2024-08-13 09:03:00+09:00,3238.0,3240.0,3234.0,3234.0,1600,0.0,0.0
2024-08-13 09:04:00+09:00,3234.0,3234.0,3232.0,3232.0,400,0.0,0.0
2024-08-13 09:05:00+09:00,3231.0,3231.0,3227.0,3228.0,2200,0.0,0.0
2024-08-13 09:06:00+09:00,3226.0,3226.0,3226.0,3226.0,200,0.0,0.0
2024-08-13 09:07:00+09:00,3226.0,3226.0,3218.0,3218.0,2200,0.0,0.0
2024-08-13 09:08:00+09:00,3223.0,3223.0,3218.0,3218.0,300,0.0,0.0
2024-08-13 09:09:00+09:00,3217.0,3220.0,3212.0,3220.0,700,0.0,0.0
2024-08-13 09:10:00+09:00,3222.0,3225.0,3222.0,3225.0,600,0.0,0.0
2024-08-13 09:11:00+09:00,3225.0,3226.0,3223.0,3223.0,2300,0.0,0.0
2024-08-13 09:13:00+09:00,3229.0,3235.0,3229.0,3235.0,1800,0.0,0.0
2024-08-13 09:14:00+09:00,3230.0,3238.0,3228.0,3228.0,2200,0.0,0.0
2024-08-13 09:15:00+09:00,3224.0,3224.0,3218.0,3218.0,900,0.0,0.0
2024-08-13 09:16:00+09:00,3223.0,3224.0,3221.0,3221.0,400,0.0,0.0
2024-08-13 09:17:00+09:00,3220.0,3220.0,3220.0,3220.0,100,0.0,0.0
2024-08-13 09:18:00+09:00,3219.0,3219.0,3214.0,3214.0,500,0.0,0.0
2024-08-13 09:19:00+09:00,3210.0,3210.0,3210.0,3210.0,200,0.0,0.0
2024-08-13 09:20:00+09:00,3214.0,3220.0,3214.0,3220.0,1400,0.0,0.0
2024-08-13 09:21:00+09:00,3221.0,3223.0,3221.0,3223.0,600,0.0,0.0
2024-08-13 09:22:00+09:00,3220.0,3220.0,3216.0,3216.0,600,0.0,0.0
2024-08-13 09:23:00+09:00,3216.0,3216.0,3216.0,3216.0,300,0.0,0.0
2024-08-13 09:25:00+09:00,3216.0,3222.0,3216.0,3222.0,1000,0.0,0.0
2024-08-13 09:26:00+09:00,3222.0,3223.0,3222.0,3223.0,500,0.0,0.0
2024-08-13 09:27:00+09:00,3223.0,3223.0,3221.0,3221.0,1100,0.0,0.0
2024-08-13 09:28:00+09:00,3220.0,3221.0,3218.0,3220.0,2700,0.0,0.0
2024-08-13 09:29:00+09:00,3217.0,3217.0,3217.0,3217.0,200,0.0,0.0
2024-08-13 09:30:00+09:00,3216.0,3216.0,3215.0,3216.0,700,0.0,0.0
2024-08-13 09:31:00+09:00,3219.0,3219.0,3217.0,3217.0,600,0.0,0.0
2024-08-13 09:32:00+09:00,3218.0,3219.0,3217.0,3217.0,500,0.0,0.0
2024-08-13 09:33:00+09:00,3217.0,3218.0,3216.0,3216.0,600,0.0,0.0
2024-08-13 09:34:00+09:00,3217.0,3218.0,3217.0,3218.0,500,0.0,0.0
2024-08-13 09:35:00+09:00,3219.0,3222.0,3219.0,3222.0,800,0.0,0.0
2024-08-13 09:36:00+09:00,3223.0,3223.0,3219.0,3219.0,2400,0.0,0.0
2024-08-13 09:37:00+09:00,3221.0,3221.0,3218.0,3218.0,300,0.0,0.0
2024-08-13 09:38:00+09:00,3219.0,3219.0,3219.0,3219.0,200,0.0,0.0
2024-08-13 09:39:00+09:00,3219.0,3219.0,3217.0,3219.0,500,0.0,0.0
2024-08-13 09:40:00+09:00,3220.0,3220.0,3220.0,3220.0,200,0.0,0.0
2024-08-13 09:41:00+09:00,3221.0,3221.0,3221.0,3221.0,200,0.0,0.0
2024-08-13 09:43:00+09:00,3221.0,3221.0,3221.0,3221.0,200,0.0,0.0
2024-08-13 09:45:00+09:00,3223.0,3227.0,3221.0,3221.0,19200,0.0,0.0
2024-08-13 09:46:00+09:00,3227.0,3227.0,3227.0,3227.0,500,0.0,0.0
2024-08-13 09:48:00+09:00,3225.0,3226.0,3224.0,3226.0,700,0.0,0.0
2024-08-13 09:50:00+09:00,3224.0,3225.0,3224.0,3225.0,600,0.0,0.0
2024-08-13 09:51:00+09:00,3223.0,3223.0,3222.0,3222.0,200,0.0,0.0
2024-08-13 09:52:00+09:00,3223.0,3227.0,3222.0,3227.0,1500,0.0,0.0
2024-08-13 09:53:00+09:00,3221.0,3223.0,3221.0,3223.0,200,0.0,0.0
2024-08-13 09:54:00+09:00,3223.0,3223.0,3223.0,3223.0,600,0.0,0.0
2024-08-13 09:55:00+09:00,3224.0,3225.0,3224.0,3225.0,900,0.0,0.0
2024-08-13 09:56:00+09:00,3225.0,3225.0,3225.0,3225.0,300,0.0,0.0
2024-08-13 09:57:00+09:00,3224.0,3224.0,3222.0,3224.0,700,0.0,0.0
2024-08-13 09:59:00+09:00,3224.0,3224.0,3219.0,3219.0,1300,0.0,0.0
2024-08-13 10:00:00+09:00,3219.0,3220.0,3219.0,3220.0,800,0.0,0.0
2024-08-13 10:01:00+09:00,3221.0,3223.0,3221.0,3223.0,700,0.0,0.0
2024-08-13 10:02:00+09:00,3224.0,3224.0,3220.0,3220.0,700,0.0,0.0
2024-08-13 10:04:00+09:00,3220.0,3220.0,3218.0,3218.0,200,0.0,0.0
2024-08-13 10:05:00+09:00,3219.0,3219.0,3219.0,3219.0,200,0.0,0.0
2024-08-13 10:06:00+09:00,3219.0,3219.0,3219.0,3219.0,100,0.0,0.0
2024-08-13 10:07:00+09:00,3218.0,3218.0,3218.0,3218.0,100,0.0,0.0
2024-08-13 10:08:00+09:00,3217.0,3217.0,3217.0,3217.0,100,0.0,0.0
2024-08-13 10:09:00+09:00,3220.0,3221.0,3220.0,3220.0,800,0.0,0.0
2024-08-13 10:10:00+09:00,3219.0,3220.0,3218.0,3218.0,600,0.0,0.0
2024-08-13 10:11:00+09:00,3220.0,3222.0,3220.0,3222.0,200,0.0,0.0
2024-08-13 10:13:00+09:00,3222.0,3222.0,3222.0,3222.0,200,0.0,0.0
2024-08-13 10:14:00+09:00,3223.0,3224.0,3223.0,3224.0,700,0.0,0.0
2024-08-13 10:15:00+09:00,3225.0,3225.0,3225.0,3225.0,300,0.0,0.0
2024-08-13 10:16:00+09:00,3226.0,3228.0,3226.0,3228.0,2500,0.0,0.0
2024-08-13 10:17:00+09:00,3229.0,3231.0,3229.0,3231.0,700,0.0,0.0
2024-08-13 10:18:00+09:00,3232.0,3234.0,3232.0,3234.0,400,0.0,0.0
2024-08-13 10:20:00+09:00,3235.0,3235.0,3233.0,3233.0,600,0.0,0.0
2024-08-13 10:21:00+09:00,3233.0,3233.0,3232.0,3232.0,300,0.0,0.0
2024-08-13 10:22:00+09:00,3233.0,3233.0,3231.0,3231.0,1700,0.0,0.0
2024-08-13 10:23:00+09:00,3230.0,3230.0,3230.0,3230.0,100,0.0,0.0
2024-08-13 10:24:00+09:00,3228.0,3228.0,3228.0,3228.0,300,0.0,0.0
2024-08-13 10:25:00+09:00,3230.0,3232.0,3230.0,3232.0,2200,0.0,0.0
2024-08-13 10:26:00+09:00,3232.0,3235.0,3232.0,3235.0,1200,0.0,0.0
2024-08-13 10:27:00+09:00,3234.0,3234.0,3233.0,3233.0,800,0.0,0.0
2024-08-13 10:28:00+09:00,3233.0,3233.0,3230.0,3230.0,500,0.0,0.0
2024-08-13 10:29:00+09:00,3230.0,3230.0,3230.0,3230.0,100,0.0,0.0
2024-08-13 10:30:00+09:00,3230.0,3230.0,3228.0,3228.0,600,0.0,0.0
2024-08-13 10:32:00+09:00,3229.0,3229.0,3229.0,3229.0,100,0.0,0.0
2024-08-13 10:33:00+09:00,3230.0,3231.0,3230.0,3231.0,1400,0.0,0.0
2024-08-13 10:34:00+09:00,3231.0,3231.0,3231.0,3231.0,1000,0.0,0.0
2024-08-13 10:36:00+09:00,3232.0,3234.0,3232.0,3234.0,500,0.0,0.0
2024-08-13 10:37:00+09:00,3235.0,3236.0,3234.0,3234.0,1100,0.0,0.0
2024-08-13 10:41:00+09:00,3237.0,3239.0,3237.0,3239.0,200,0.0,0.0
2024-08-13 10:42:00+09:00,3238.0,3239.0,3238.0,3239.0,300,0.0,0.0
2024-08-13 10:43:00+09:00,3241.0,3242.0,3241.0,3242.0,200,0.0,0.0
2024-08-13 10:44:00+09:00,3239.0,3239.0,3237.0,3237.0,400,0.0,0.0
2024-08-13 10:45:00+09:00,3241.0,3243.0,3241.0,3241.0,600,0.0,0.0
2024-08-13 10:46:00+09:00,3240.0,3240.0,3238.0,3238.0,400,0.0,0.0
2024-08-13 10:48:00+09:00,3236.0,3236.0,3236.0,3236.0,400,0.0,0.0
2024-08-13 10:49:00+09:00,3235.0,3235.0,3232.0,3232.0,500,0.0,0.0
2024-08-13 10:50:00+09:00,3234.0,3234.0,3234.0,3234.0,100,0.0,0.0
2024-08-13 10:52:00+09:00,3234.0,3234.0,3234.0,3234.0,200,0.0,0.0
2024-08-13 10:53:00+09:00,3233.0,3233.0,3231.0,3231.0,300,0.0,0.0
2024-08-13 10:54:00+09:00,3233.0,3233.0,3233.0,3233.0,100,0.0,0.0
2024-08-13 10:55:00+09:00,3232.0,3232.0,3231.0,3231.0,200,0.0,0.0
2024-08-13 10:56:00+09:00,3232.0,3234.0,3232.0,3234.0,700,0.0,0.0
2024-08-13 10:57:00+09:00,3234.0,3234.0,3232.0,3232.0,500,0.0,0.0
2024-08-13 10:58:00+09:00,3234.0,3234.0,3234.0,3234.0,100,0.0,0.0
2024-08-13 10:59:00+09:00,3231.0,3231.0,3231.0,3231.0,100,0.0,0.0
2024-08-13 11:01:00+09:00,3229.0,3229.0,3229.0,3229.0,100,0.0,0.0
2024-08-13 11:02:00+09:00,3229.0,3230.0,3229.0,3230.0,400,0.0,0.0
2024-08-13 11:03:00+09:00,3231.0,3231.0,3231.0,3231.0,200,0.0,0.0
2024-08-13 11:05:00+09:00,3232.0,3233.0,3232.0,3233.0,600,0.0,0.0
2024-08-13 11:08:00+09:00,3230.0,3232.0,3230.0,3231.0,400,0.0,0.0
2024-08-13 11:10:00+09:00,3230.0,3230.0,3230.0,3230.0,500,0.0,0.0
2024-08-13 11:11:00+09:00,3229.0,3229.0,3225.0,3225.0,1600,0.0,0.0
2024-08-13 11:12:00+09:00,3226.0,3226.0,3226.0,3226.0,100,0.0,0.0
2024-08-13 11:13:00+09:00,3228.0,3228.0,3228.0,3228.0,400,0.0,0.0
2024-08-13 11:15:00+09:00,3230.0,3230.0,3230.0,3230.0,100,0.0,0.0
2024-08-13 11:16:00+09:00,3229.0,3229.0,3229.0,3229.0,100,0.0,0.0
2024-08-13 11:17:00+09:00,3229.0,3229.0,3229.0,3229.0,100,0.0,0.0
2024-08-13 11:19:00+09:00,3229.0,3229.0,3229.0,3229.0,200,0.0,0.0
2024-08-13 11:20:00+09:00,3228.0,3228.0,3228.0,3228.0,100,0.0,0.0
2024-08-13 11:21:00+09:00,3226.0,3226.0,3225.0,3225.0,300,0.0,0.0
2024-08-13 11:23:00+09:00,3226.0,3227.0,3226.0,3227.0,500,0.0,0.0
2024-08-13 11:25:00+09:00,3226.0,3226.0,3226.0,3226.0,100,0.0,0.0
2024-08-13 11:26:00+09:00,3226.0,3226.0,3226.0,3226.0,100,0.0,0.0
2024-08-13 11:27:00+09:00,3226.0,3226.0,3221.0,3221.0,1000,0.0,0.0
2024-08-13 11:28:00+09:00,3222.0,3224.0,3221.0,3224.0,400,0.0,0.0
2024-08-13 11:29:00+09:00,3224.0,3225.0,3224.0,3225.0,400,0.0,0.0
2024-08-13 11:30:00+09:00,3223.0,3223.0,3221.0,3221.0,400,0.0,0.0
2024-08-13 11:35:00+09:00,3221.0,3221.0,3221.0,3221.0,0,0.0,0.0
2024-08-13 12:30:00+09:00,3239.0,3239.0,3233.0,3236.0,112700,0.0,0.0
2024-08-13 12:31:00+09:00,3235.0,3235.0,3235.0,3235.0,100,0.0,0.0
2024-08-13 12:32:00+09:00,3235.0,3236.0,3235.0,3236.0,400,0.0,0.0
2024-08-13 12:33:00+09:00,3237.0,3239.0,3237.0,3237.0,1300,0.0,0.0
2024-08-13 12:34:00+09:00,3236.0,3236.0,3236.0,3236.0,100,0.0,0.0
2024-08-13 12:35:00+09:00,3235.0,3242.0,3235.0,3242.0,3100,0.0,0.0
2024-08-13 12:36:00+09:00,3241.0,3241.0,3241.0,3241.0,100,0.0,0.0
2024-08-13 12:37:00+09:00,3244.0,3244.0,3244.0,3244.0,200,0.0,0.0
2024-08-13 12:39:00+09:00,3245.0,3245.0,3245.0,3245.0,700,0.0,0.0
2024-08-13 12:40:00+09:00,3244.0,3245.0,3244.0,3245.0,200,0.0,0.0
2024-08-13 12:42:00+09:00,3246.0,3247.0,3246.0,3247.0,800,0.0,0.0
2024-08-13 12:44:00+09:00,3247.0,3247.0,3244.0,3244.0,1400,0.0,0.0
2024-08-13 12:47:00+09:00,3243.0,3243.0,3239.0,3241.0,1600,0.0,0.0
2024-08-13 12:49:00+09:00,3240.0,3240.0,3240.0,3240.0,100,0.0,0.0
2024-08-13 12:50:00+09:00,3239.0,3239.0,3237.0,3238.0,1500,0.0,0.0
2024-08-13 12:51:00+09:00,3240.0,3240.0,3239.0,3239.0,300,0.0,0.0
2024-08-13 12:52:00+09:00,3238.0,3238.0,3238.0,3238.0,200,0.0,0.0
2024-08-13 12:54:00+09:00,3236.0,3236.0,3236.0,3236.0,100,0.0,0.0
2024-08-13 12:55:00+09:00,3236.0,3236.0,3236.0,3236.0,100,0.0,0.0
2024-08-13 12:56:00+09:00,3237.0,3237.0,3236.0,3236.0,300,0.0,0.0
2024-08-13 12:58:00+09:00,3236.0,3236.0,3235.0,3235.0,400,0.0,0.0
2024-08-13 12:59:00+09:00,3235.0,3235.0,3234.0,3234.0,400,0.0,0.0
2024-08-13 13:00:00+09:00,3233.0,3234.0,3233.0,3233.0,600,0.0,0.0
2024-08-13 13:01:00+09:00,3234.0,3234.0,3234.0,3234.0,400,0.0,0.0
2024-08-13 13:03:00+09:00,3234.0,3234.0,3234.0,3234.0,100,0.0,0.0
2024-08-13 13:05:00+09:00,3233.0,3233.0,3233.0,3233.0,200,0.0,0.0
2024-08-13 13:06:00+09:00,3231.0,3231.0,3231.0,3231.0,100,0.0,0.0
2024-08-13 13:08:00+09:00,3232.0,3232.0,3232.0,3232.0,100,0.0,0.0
2024-08-13 13:09:00+09:00,3233.0,3233.0,3232.0,3232.0,200,0.0,0.0
2024-08-13 13:10:00+09:00,3233.0,3234.0,3233.0,3234.0,600,0.0,0.0
2024-08-13 13:11:00+09:00,3234.0,3234.0,3234.0,3234.0,100,0.0,0.0
2024-08-13 13:12:00+09:00,3234.0,3234.0,3233.0,3233.0,500,0.0,0.0
2024-08-13 13:13:00+09:00,3232.0,3232.0,3231.0,3231.0,2000,0.0,0.0
2024-08-13 13:14:00+09:00,3230.0,3231.0,3229.0,3231.0,600,0.0,0.0
2024-08-13 13:15:00+09:00,3232.0,3233.0,3232.0,3233.0,400,0.0,0.0
2024-08-13 13:16:00+09:00,3231.0,3231.0,3231.0,3231.0,200,0.0,0.0
2024-08-13 13:18:00+09:00,3232.0,3232.0,3232.0,3232.0,100,0.0,0.0
2024-08-13 13:19:00+09:00,3233.0,3233.0,3233.0,3233.0,300,0.0,0.0
2024-08-13 13:22:00+09:00,3234.0,3234.0,3234.0,3234.0,200,0.0,0.0
2024-08-13 13:23:00+09:00,3235.0,3237.0,3235.0,3236.0,500,0.0,0.0
2024-08-13 13:27:00+09:00,3239.0,3239.0,3239.0,3239.0,300,0.0,0.0
2024-08-13 13:28:00+09:00,3239.0,3239.0,3238.0,3238.0,700,0.0,0.0
2024-08-13 13:29:00+09:00,3237.0,3237.0,3235.0,3235.0,400,0.0,0.0
2024-08-13 13:30:00+09:00,3236.0,3237.0,3236.0,3237.0,200,0.0,0.0
2024-08-13 13:32:00+09:00,3237.0,3237.0,3237.0,3237.0,200,0.0,0.0
2024-08-13 13:33:00+09:00,3236.0,3236.0,3234.0,3234.0,500,0.0,0.0
2024-08-13 13:34:00+09:00,3235.0,3235.0,3235.0,3235.0,100,0.0,0.0
2024-08-13 13:35:00+09:00,3237.0,3238.0,3237.0,3238.0,400,0.0,0.0
2024-08-13 13:36:00+09:00,3238.0,3238.0,3238.0,3238.0,300,0.0,0.0
2024-08-13 13:38:00+09:00,3239.0,3240.0,3239.0,3240.0,300,0.0,0.0
2024-08-13 13:39:00+09:00,3241.0,3241.0,3241.0,3241.0,300,0.0,0.0
2024-08-13 13:40:00+09:00,3242.0,3242.0,3242.0,3242.0,100,0.0,0.0
2024-08-13 13:41:00+09:00,3243.0,3243.0,3243.0,3243.0,100,0.0,0.0
2024-08-13 13:42:00+09:00,3244.0,3244.0,3243.0,3243.0,400,0.0,0.0
2024-08-13 13:43:00+09:00,3242.0,3244.0,3242.0,3244.0,400,0.0,0.0
2024-08-13 13:45:00+09:00,3245.0,3245.0,3244.0,3244.0,300,0.0,0.0
2024-08-13 13:47:00+09:00,3245.0,3245.0,3245.0,3245.0,200,0.0,0.0
2024-08-13 13:48:00+09:00,3244.0,3244.0,3244.0,3244.0,100,0.0,0.0
2024-08-13 13:49:00+09:00,3244.0,3244.0,3243.0,3243.0,600,0.0,0.0
2024-08-13 13:50:00+09:00,3243.0,3243.0,3243.0,3243.0,400,0.0,0.0
2024-08-13 13:51:00+09:00,3243.0,3244.0,3243.0,3244.0,400,0.0,0.0
2024-08-13 13:53:00+09:00,3242.0,3242.0,3242.0,3242.0,500,0.0,0.0
2024-08-13 13:55:00+09:00,3242.0,3243.0,3242.0,3243.0,200,0.0,0.0
2024-08-13 13:56:00+09:00,3243.0,3243.0,3243.0,3243.0,140900,0.0,0.0
2024-08-13 13:57:00+09:00,3242.0,3242.0,3242.0,3242.0,100,0.0,0.0
2024-08-13 13:59:00+09:00,3243.0,3243.0,3243.0,3243.0,100,0.0,0.0
2024-08-13 14:00:00+09:00,3243.0,3243.0,3243.0,3243.0,300,0.0,0.0
2024-08-13 14:01:00+09:00,3243.0,3244.0,3243.0,3243.0,600,0.0,0.0
2024-08-13 14:02:00+09:00,3243.0,3243.0,3243.0,3243.0,100,0.0,0.0
2024-08-13 14:03:00+09:00,3243.0,3243.0,3242.0,3242.0,200,0.0,0.0
2024-08-13 14:04:00+09:00,3243.0,3244.0,3243.0,3244.0,300,0.0,0.0
2024-08-13 14:05:00+09:00,3244.0,3244.0,3243.0,3243.0,600,0.0,0.0
2024-08-13 14:06:00+09:00,3242.0,3242.0,3242.0,3242.0,400,0.0,0.0
2024-08-13 14:07:00+09:00,3241.0,3241.0,3241.0,3241.0,600,0.0,0.0
2024-08-13 14:09:00+09:00,3241.0,3241.0,3241.0,3241.0,100,0.0,0.0
2024-08-13 14:10:00+09:00,3241.0,3242.0,3241.0,3241.0,900,0.0,0.0
2024-08-13 14:11:00+09:00,3240.0,3240.0,3240.0,3240.0,100,0.0,0.0
2024-08-13 14:12:00+09:00,3242.0,3242.0,3242.0,3242.0,600,0.0,0.0
2024-08-13 14:13:00+09:00,3241.0,3241.0,3241.0,3241.0,200,0.0,0.0
2024-08-13 14:14:00+09:00,3242.0,3242.0,3242.0,3242.0,200,0.0,0.0
2024-08-13 14:15:00+09:00,3243.0,3243.0,3243.0,3243.0,500,0.0,0.0
2024-08-13 14:16:00+09:00,3242.0,3242.0,3242.0,3242.0,400,0.0,0.0
2024-08-13 14:17:00+09:00,3242.0,3242.0,3242.0,3242.0,200,0.0,0.0
2024-08-13 14:19:00+09:00,3244.0,3245.0,3244.0,3245.0,400,0.0,0.0
2024-08-13 14:20:00+09:00,3245.0,3246.0,3244.0,3246.0,500,0.0,0.0
2024-08-13 14:21:00+09:00,3247.0,3247.0,3247.0,3247.0,100,0.0,0.0
2024-08-13 14:22:00+09:00,3246.0,3246.0,3244.0,3245.0,1100,0.0,0.0
2024-08-13 14:24:00+09:00,3246.0,3246.0,3245.0,3245.0,600,0.0,0.0
2024-08-13 14:25:00+09:00,3246.0,3246.0,3244.0,3244.0,1000,0.0,0.0
2024-08-13 14:26:00+09:00,3244.0,3244.0,3244.0,3244.0,100,0.0,0.0
2024-08-13 14:28:00+09:00,3245.0,3245.0,3243.0,3243.0,1700,0.0,0.0
2024-08-13 14:30:00+09:00,3240.0,3240.0,3239.0,3239.0,300,0.0,0.0
2024-08-13 14:31:00+09:00,3240.0,3240.0,3240.0,3240.0,100,0.0,0.0
2024-08-13 14:32:00+09:00,3239.0,3239.0,3238.0,3238.0,800,0.0,0.0
2024-08-13 14:33:00+09:00,3237.0,3239.0,3237.0,3239.0,1000,0.0,0.0
2024-08-13 14:34:00+09:00,3239.0,3239.0,3239.0,3239.0,1000,0.0,0.0
2024-08-13 14:35:00+09:00,3239.0,3239.0,3238.0,3238.0,800,0.0,0.0
2024-08-13 14:36:00+09:00,3237.0,3237.0,3237.0,3237.0,100,0.0,0.0
2024-08-13 14:38:00+09:00,3236.0,3236.0,3236.0,3236.0,100,0.0,0.0
2024-08-13 14:39:00+09:00,3237.0,3238.0,3237.0,3238.0,400,0.0,0.0
2024-08-13 14:40:00+09:00,3239.0,3239.0,3239.0,3239.0,100,0.0,0.0
2024-08-13 14:41:00+09:00,3240.0,3241.0,3240.0,3241.0,1500,0.0,0.0
2024-08-13 14:42:00+09:00,3241.0,3242.0,3241.0,3242.0,1300,0.0,0.0
2024-08-13 14:43:00+09:00,3243.0,3244.0,3243.0,3244.0,1200,0.0,0.0
2024-08-13 14:44:00+09:00,3244.0,3246.0,3244.0,3246.0,1100,0.0,0.0
2024-08-13 14:45:00+09:00,3246.0,3248.0,3246.0,3248.0,1200,0.0,0.0
2024-08-13 14:46:00+09:00,3246.0,3246.0,3242.0,3242.0,3600,0.0,0.0
2024-08-13 14:47:00+09:00,3242.0,3246.0,3242.0,3246.0,400,0.0,0.0
2024-08-13 14:49:00+09:00,3246.0,3248.0,3246.0,3248.0,300,0.0,0.0
2024-08-13 14:50:00+09:00,3248.0,3248.0,3247.0,3247.0,200,0.0,0.0
2024-08-13 14:51:00+09:00,3248.0,3250.0,3248.0,3250.0,4800,0.0,0.0
2024-08-13 14:52:00+09:00,3249.0,3249.0,3249.0,3249.0,200,0.0,0.0
2024-08-13 14:53:00+09:00,3249.0,3250.0,3249.0,3250.0,2500,0.0,0.0
2024-08-13 14:54:00+09:00,3249.0,3249.0,3249.0,3249.0,200,0.0,0.0
2024-08-13 14:55:00+09:00,3249.0,3249.0,3247.0,3247.0,2800,0.0,0.0
2024-08-13 14:56:00+09:00,3248.0,3250.0,3248.0,3250.0,600,0.0,0.0
2024-08-13 14:57:00+09:00,3249.0,3249.0,3247.0,3248.0,2200,0.0,0.0
2024-08-13 14:58:00+09:00,3248.0,3250.0,3248.0,3249.0,600,0.0,0.0
2024-08-13 14:59:00+09:00,3249.0,3252.0,3248.0,3248.0,4500,0.0,0.0
2024-08-14 09:00:00+09:00,3269.0,3269.0,3262.0,3262.0,5600,0.0,0.0
2024-08-14 09:01:00+09:00,3259.0,3267.0,3259.0,3267.0,900,0.0,0.0
2024-08-14 09:04:00+09:00,3270.0,3270.0,3270.0,3270.0,600,0.0,0.0
2024-08-14 09:05:00+09:00,3266.0,3270.0,3266.0,3270.0,3000,0.0,0.0
2024-08-14 09:06:00+09:00,3271.0,3271.0,3271.0,3271.0,100,0.0,0.0
2024-08-14 09:07:00+09:00,3272.0,3272.0,3272.0,3272.0,100,0.0,0.0
2024-08-14 09:09:00+09:00,3273.0,3273.0,3270.0,3270.0,900,0.0,0.0
2024-08-14 09:11:00+09:00,3270.0,3270.0,3269.0,3270.0,500,0.0,0.0
2024-08-14 09:12:00+09:00,3266.0,3269.0,3265.0,3269.0,1600,0.0,0.0
2024-08-14 09:14:00+09:00,3268.0,3268.0,3268.0,3268.0,100,0.0,0.0
2024-08-14 09:15:00+09:00,3263.0,3267.0,3263.0,3267.0,200,0.0,0.0
2024-08-14 09:18:00+09:00,3267.0,3270.0,3267.0,3270.0,1400,0.0,0.0
2024-08-14 09:19:00+09:00,3274.0,3274.0,3274.0,3274.0,100,0.0,0.0
2024-08-14 09:21:00+09:00,3271.0,3271.0,3271.0,3271.0,100,0.0,0.0
2024-08-14 09:22:00+09:00,3267.0,3267.0,3266.0,3266.0,300,0.0,0.0
2024-08-14 09:23:00+09:00,3266.0,3266.0,3266.0,3266.0,100,0.0,0.0
2024-08-14 09:25:00+09:00,3263.0,3265.0,3262.0,3265.0,500,0.0,0.0
2024-08-14 09:26:00+09:00,3265.0,3267.0,3265.0,3267.0,300,0.0,0.0
2024-08-14 09:28:00+09:00,3267.0,3267.0,3267.0,3267.0,100,0.0,0.0
2024-08-14 09:29:00+09:00,3267.0,3267.0,3266.0,3266.0,200,0.0,0.0
2024-08-14 09:30:00+09:00,3267.0,3267.0,3265.0,3265.0,500,0.0,0.0
2024-08-14 09:35:00+09:00,3267.0,3268.0,3267.0,3267.0,400,0.0,0.0
2024-08-14 09:36:00+09:00,3267.0,3267.0,3267.0,3267.0,100,0.0,0.0
2024-08-14 09:37:00+09:00,3270.0,3270.0,3270.0,3270.0,100,0.0,0.0
2024-08-14 09:38:00+09:00,3271.0,3275.0,3268.0,3268.0,2600,0.0,0.0
2024-08-14 09:39:00+09:00,3269.0,3269.0,3269.0,3269.0,100,0.0,0.0
2024-08-14 09:40:00+09:00,3267.0,3270.0,3266.0,3270.0,700,0.0,0.0
2024-08-14 09:41:00+09:00,3272.0,3272.0,3271.0,3271.0,800,0.0,0.0
2024-08-14 09:42:00+09:00,3270.0,3272.0,3269.0,3269.0,500,0.0,0.0
2024-08-14 09:43:00+09:00,3269.0,3269.0,3269.0,3269.0,200,0.0,0.0
2024-08-14 09:44:00+09:00,3273.0,3273.0,3273.0,3273.0,100,0.0,0.0
2024-08-14 09:45:00+09:00,3270.0,3270.0,3270.0,3270.0,500,0.0,0.0
2024-08-14 09:46:00+09:00,3270.0,3270.0,3267.0,3267.0,1000,0.0,0.0
2024-08-14 09:48:00+09:00,3271.0,3271.0,3269.0,3271.0,300,0.0,0.0
2024-08-14 09:49:00+09:00,3271.0,3272.0,3271.0,3271.0,600,0.0,0.0
2024-08-14 09:50:00+09:00,3273.0,3273.0,3273.0,3273.0,200,0.0,0.0
2024-08-14 09:51:00+09:00,3274.0,3277.0,3274.0,3277.0,400,0.0,0.0
2024-08-14 09:54:00+09:00,3276.0,3276.0,3276.0,3276.0,200,0.0,0.0
2024-08-14 09:56:00+09:00,3278.0,3278.0,3278.0,3278.0,100,0.0,0.0
2024-08-14 09:58:00+09:00,3278.0,3280.0,3278.0,3280.0,2000,0.0,0.0
2024-08-14 09:59:00+09:00,3278.0,3278.0,3276.0,3276.0,500,0.0,0.0
2024-08-14 10:00:00+09:00,3275.0,3276.0,3274.0,3276.0,500,0.0,0.0
2024-08-14 10:01:00+09:00,3277.0,3278.0,3277.0,3278.0,400,0.0,0.0
2024-08-14 10:02:00+09:00,3280.0,3280.0,3278.0,3278.0,600,0.0,0.0
2024-08-14 10:03:00+09:00,3278.0,3281.0,3277.0,3281.0,1100,0.0,0.0
2024-08-14 10:04:00+09:00,3279.0,3282.0,3279.0,3282.0,300,0.0,0.0
2024-08-14 10:05:00+09:00,3282.0,3285.0,3282.0,3282.0,2400,0.0,0.0
2024-08-14 10:06:00+09:00,3281.0,3281.0,3280.0,3280.0,400,0.0,0.0
2024-08-14 10:07:00+09:00,3282.0,3282.0,3281.0,3281.0,200,0.0,0.0
2024-08-14 10:09:00+09:00,3281.0,3281.0,3281.0,3281.0,300,0.0,0.0
2024-08-14 10:10:00+09:00,3281.0,3281.0,3281.0,3281.0,200,0.0,0.0
2024-08-14 10:11:00+09:00,3281.0,3281.0,3281.0,3281.0,100,0.0,0.0
2024-08-14 10:12:00+09:00,3282.0,3285.0,3282.0,3284.0,800,0.0,0.0
2024-08-14 10:13:00+09:00,3286.0,3287.0,3286.0,3287.0,1100,0.0,0.0
2024-08-14 10:14:00+09:00,3286.0,3286.0,3286.0,3286.0,800,0.0,0.0
2024-08-14 10:15:00+09:00,3285.0,3285.0,3282.0,3282.0,1000,0.0,0.0
2024-08-14 10:16:00+09:00,3280.0,3285.0,3280.0,3285.0,900,0.0,0.0
2024-08-14 10:17:00+09:00,3283.0,3283.0,3281.0,3282.0,600,0.0,0.0
2024-08-14 10:18:00+09:00,3281.0,3281.0,3280.0,3280.0,1600,0.0,0.0
2024-08-14 10:19:00+09:00,3280.0,3282.0,3280.0,3282.0,500,0.0,0.0
2024-08-14 10:21:00+09:00,3281.0,3282.0,3280.0,3282.0,500,0.0,0.0
2024-08-14 10:22:00+09:00,3287.0,3287.0,3287.0,3287.0,0,0.0,0.0
2024-08-14 10:23:00+09:00,3287.0,3288.0,3287.0,3288.0,45000,0.0,0.0
2024-08-14 10:24:00+09:00,3289.0,3291.0,3289.0,3291.0,2300,0.0,0.0
2024-08-14 10:25:00+09:00,3290.0,3291.0,3290.0,3291.0,400,0.0,0.0
2024-08-14 10:26:00+09:00,3291.0,3291.0,3291.0,3291.0,300,0.0,0.0
2024-08-14 10:28:00+09:00,3288.0,3290.0,3288.0,3290.0,300,0.0,0.0
2024-08-14 10:30:00+09:00,3289.0,3289.0,3289.0,3289.0,100,0.0,0.0
2024-08-14 10:31:00+09:00,3288.0,3289.0,3288.0,3289.0,400,0.0,0.0
2024-08-14 10:32:00+09:00,3290.0,3291.0,3290.0,3291.0,700,0.0,0.0
2024-08-14 10:33:00+09:00,3292.0,3293.0,3292.0,3293.0,1200,0.0,0.0
2024-08-14 10:34:00+09:00,3294.0,3294.0,3293.0,3293.0,800,0.0,0.0
2024-08-14 10:35:00+09:00,3295.0,3295.0,3295.0,3295.0,1200,0.0,0.0
2024-08-14 10:37:00+09:00,3294.0,3294.0,3294.0,3294.0,500,0.0,0.0
2024-08-14 10:38:00+09:00,3293.0,3293.0,3293.0,3293.0,200,0.0,0.0
2024-08-14 10:39:00+09:00,3293.0,3294.0,3293.0,3293.0,900,0.0,0.0
2024-08-14 10:40:00+09:00,3294.0,3294.0,3293.0,3293.0,400,0.0,0.0
2024-08-14 10:41:00+09:00,3294.0,3294.0,3294.0,3294.0,200,0.0,0.0
2024-08-14 10:42:00+09:00,3294.0,3295.0,3292.0,3295.0,800,0.0,0.0
2024-08-14 10:43:00+09:00,3294.0,3294.0,3294.0,3294.0,100,0.0,0.0
2024-08-14 10:44:00+09:00,3295.0,3295.0,3292.0,3292.0,400,0.0,0.0
2024-08-14 10:45:00+09:00,3294.0,3295.0,3294.0,3295.0,1100,0.0,0.0
2024-08-14 10:46:00+09:00,3292.0,3295.0,3292.0,3295.0,700,0.0,0.0
2024-08-14 10:47:00+09:00,3294.0,3294.0,3291.0,3291.0,400,0.0,0.0
2024-08-14 10:48:00+09:00,3294.0,3294.0,3294.0,3294.0,100,0.0,0.0
2024-08-14 10:49:00+09:00,3294.0,3294.0,3294.0,3294.0,300,0.0,0.0
2024-08-14 10:50:00+09:00,3295.0,3295.0,3294.0,3294.0,200,0.0,0.0
2024-08-14 10:51:00+09:00,3296.0,3296.0,3296.0,3296.0,100,0.0,0.0
2024-08-14 10:52:00+09:00,3294.0,3296.0,3294.0,3294.0,600,0.0,0.0
2024-08-14 10:53:00+09:00,3293.0,3293.0,3293.0,3293.0,100,0.0,0.0
2024-08-14 10:55:00+09:00,3294.0,3294.0,3294.0,3294.0,500,0.0,0.0
2024-08-14 10:56:00+09:00,3296.0,3298.0,3296.0,3298.0,1600,0.0,0.0
2024-08-14 10:59:00+09:00,3298.0,3298.0,3298.0,3298.0,600,0.0,0.0
2024-08-14 11:00:00+09:00,3298.0,3298.0,3298.0,3298.0,600,0.0,0.0
2024-08-14 11:02:00+09:00,3296.0,3298.0,3296.0,3298.0,800,0.0,0.0
2024-08-14 11:03:00+09:00,3298.0,3298.0,3298.0,3298.0,200,0.0,0.0
2024-08-14 11:04:00+09:00,3295.0,3295.0,3290.0,3293.0,1100,0.0,0.0
2024-08-14 11:05:00+09:00,3291.0,3293.0,3291.0,3293.0,200,0.0,0.0
2024-08-14 11:06:00+09:00,3290.0,3291.0,3286.0,3291.0,2500,0.0,0.0
2024-08-14 11:07:00+09:00,3287.0,3287.0,3287.0,3287.0,100,0.0,0.0
2024-08-14 11:08:00+09:00,3285.0,3285.0,3285.0,3285.0,100,0.0,0.0
2024-08-14 11:09:00+09:00,3287.0,3287.0,3287.0,3287.0,500,0.0,0.0
2024-08-14 11:10:00+09:00,3287.0,3287.0,3285.0,3285.0,600,0.0,0.0
2024-08-14 11:11:00+09:00,3283.0,3285.0,3283.0,3285.0,200,0.0,0.0
2024-08-14 11:12:00+09:00,3285.0,3285.0,3281.0,3281.0,600,0.0,0.0
2024-08-14 11:13:00+09:00,3279.0,3279.0,3276.0,3278.0,1000,0.0,0.0
2024-08-14 11:15:00+09:00,3275.0,3275.0,3274.0,3274.0,7600,0.0,0.0
2024-08-14 11:16:00+09:00,3273.0,3276.0,3273.0,3276.0,500,0.0,0.0
2024-08-14 11:17:00+09:00,3278.0,3279.0,3278.0,3279.0,200,0.0,0.0
2024-08-14 11:18:00+09:00,3280.0,3281.0,3279.0,3279.0,1000,0.0,0.0
2024-08-14 11:19:00+09:00,3278.0,3278.0,3278.0,3278.0,100,0.0,0.0
2024-08-14 11:20:00+09:00,3277.0,3277.0,3277.0,3277.0,200,0.0,0.0
2024-08-14 11:21:00+09:00,3279.0,3280.0,3278.0,3280.0,400,0.0,0.0
2024-08-14 11:22:00+09:00,3281.0,3282.0,3280.0,3280.0,600,0.0,0.0
2024-08-14 11:23:00+09:00,3278.0,3281.0,3278.0,3279.0,800,0.0,0.0
2024-08-14 11:24:00+09:00,3279.0,3279.0,3278.0,3279.0,300,0.0,0.0
2024-08-14 11:25:00+09:00,3275.0,3275.0,3274.0,3274.0,300,0.0,0.0
2024-08-14 11:26:00+09:00,3272.0,3272.0,3272.0,3272.0,200,0.0,0.0
2024-08-14 11:27:00+09:00,3273.0,3275.0,3273.0,3275.0,300,0.0,0.0
2024-08-14 11:28:00+09:00,3273.0,3273.0,3273.0,3273.0,100,0.0,0.0
2024-08-14 11:29:00+09:00,3279.0,3279.0,3275.0,3275.0,400,0.0,0.0
2024-08-14 11:30:00+09:00,3275.0,3275.0,3273.0,3273.0,300,0.0,0.0
2024-08-14 11:35:00+09:00,3273.0,3273.0,3273.0,3273.0,0,0.0,0.0
2024-08-14 12:30:00+09:00,3262.0,3262.0,3261.0,3262.0,87600,0.0,0.0
2024-08-14 12:31:00+09:00,3275.0,3282.0,3275.0,3278.0,1900,0.0,0.0
2024-08-14 12:33:00+09:00,3275.0,3278.0,3275.0,3278.0,600,0.0,0.0
2024-08-14 12:34:00+09:00,3279.0,3279.0,3279.0,3279.0,200,0.0,0.0
2024-08-14 12:35:00+09:00,3277.0,3280.0,3277.0,3280.0,200,0.0,0.0
2024-08-14 12:37:00+09:00,3274.0,3276.0,3274.0,3276.0,200,0.0,0.0
2024-08-14 12:38:00+09:00,3278.0,3282.0,3278.0,3282.0,400,0.0,0.0
2024-08-14 12:39:00+09:00,3282.0,3282.0,3278.0,3278.0,1000,0.0,0.0
2024-08-14 12:40:00+09:00,3277.0,3277.0,3277.0,3277.0,200,0.0,0.0
2024-08-14 12:41:00+09:00,3275.0,3275.0,3275.0,3275.0,100,0.0,0.0
2024-08-14 12:42:00+09:00,3275.0,3276.0,3275.0,3276.0,400,0.0,0.0
2024-08-14 12:43:00+09:00,3276.0,3276.0,3276.0,3276.0,100,0.0,0.0
2024-08-14 12:44:00+09:00,3275.0,3275.0,3274.0,3274.0,400,0.0,0.0
2024-08-14 12:45:00+09:00,3275.0,3275.0,3275.0,3275.0,400,0.0,0.0
2024-08-14 12:46:00+09:00,3276.0,3276.0,3274.0,3274.0,500,0.0,0.0
2024-08-14 12:47:00+09:00,3273.0,3273.0,3271.0,3271.0,500,0.0,0.0
2024-08-14 12:49:00+09:00,3273.0,3274.0,3273.0,3274.0,500,0.0,0.0
2024-08-14 12:50:00+09:00,3276.0,3276.0,3273.0,3273.0,700,0.0,0.0
2024-08-14 12:51:00+09:00,3273.0,3273.0,3273.0,3273.0,100,0.0,0.0
2024-08-14 12:52:00+09:00,3274.0,3274.0,3274.0,3274.0,100,0.0,0.0
2024-08-14 12:53:00+09:00,3274.0,3274.0,3274.0,3274.0,100,0.0,0.0
2024-08-14 12:54:00+09:00,3274.0,3274.0,3274.0,3274.0,200,0.0,0.0
2024-08-14 12:56:00+09:00,3276.0,3276.0,3276.0,3276.0,100,0.0,0.0
2024-08-14 12:57:00+09:00,3273.0,3274.0,3273.0,3274.0,200,0.0,0.0
2024-08-14 12:58:00+09:00,3271.0,3271.0,3269.0,3269.0,400,0.0,0.0
2024-08-14 12:59:00+09:00,3269.0,3269.0,3269.0,3269.0,200,0.0,0.0
2024-08-14 13:00:00+09:00,3269.0,3271.0,3269.0,3271.0,400,0.0,0.0
2024-08-14 13:01:00+09:00,3271.0,3271.0,3269.0,3269.0,400,0.0,0.0
2024-08-14 13:02:00+09:00,3271.0,3273.0,3270.0,3270.0,400,0.0,0.0
2024-08-14 13:03:00+09:00,3270.0,3270.0,3270.0,3270.0,100,0.0,0.0
2024-08-14 13:05:00+09:00,3274.0,3274.0,3274.0,3274.0,100,0.0,0.0
2024-08-14 13:06:00+09:00,3271.0,3271.0,3271.0,3271.0,200,0.0,0.0
2024-08-14 13:07:00+09:00,3271.0,3271.0,3271.0,3271.0,100,0.0,0.0
2024-08-14 13:08:00+09:00,3271.0,3271.0,3271.0,3271.0,100,0.0,0.0
2024-08-14 13:09:00+09:00,3270.0,3275.0,3270.0,3275.0,1200,0.0,0.0
2024-08-14 13:10:00+09:00,3273.0,3273.0,3273.0,3273.0,100,0.0,0.0
2024-08-14 13:11:00+09:00,3275.0,3275.0,3272.0,3274.0,500,0.0,0.0
2024-08-14 13:12:00+09:00,3273.0,3273.0,3273.0,3273.0,100,0.0,0.0
2024-08-14 13:16:00+09:00,3273.0,3275.0,3273.0,3275.0,500,0.0,0.0
2024-08-14 13:17:00+09:00,3274.0,3274.0,3273.0,3273.0,200,0.0,0.0
2024-08-14 13:18:00+09:00,3272.0,3272.0,3271.0,3271.0,500,0.0,0.0
2024-08-14 13:19:00+09:00,3271.0,3272.0,3269.0,3269.0,1700,0.0,0.0
2024-08-14 13:20:00+09:00,3269.0,3269.0,3269.0,3269.0,100,0.0,0.0
2024-08-14 13:21:00+09:00,3267.0,3267.0,3267.0,3267.0,100,0.0,0.0
2024-08-14 13:23:00+09:00,3267.0,3267.0,3267.0,3267.0,200,0.0,0.0
2024-08-14 13:24:00+09:00,3268.0,3269.0,3268.0,3269.0,900,0.0,0.0
2024-08-14 13:25:00+09:00,3270.0,3274.0,3270.0,3274.0,600,0.0,0.0
2024-08-14 13:26:00+09:00,3272.0,3272.0,3272.0,3272.0,200,0.0,0.0
2024-08-14 13:27:00+09:00,3272.0,3272.0,3272.0,3272.0,300,0.0,0.0
2024-08-14 13:28:00+09:00,3271.0,3273.0,3271.0,3273.0,200,0.0,0.0
2024-08-14 13:29:00+09:00,3273.0,3273.0,3273.0,3273.0,100,0.0,0.0
2024-08-14 13:30:00+09:00,3273.0,3273.0,3273.0,3273.0,100,0.0,0.0
2024-08-14 13:31:00+09:00,3272.0,3273.0,3270.0,3270.0,300,0.0,0.0
2024-08-14 13:32:00+09:00,3268.0,3268.0,3268.0,3268.0,300,0.0,0.0
2024-08-14 13:33:00+09:00,3268.0,3268.0,3268.0,3268.0,200,0.0,0.0
2024-08-14 13:35:00+09:00,3269.0,3273.0,3269.0,3273.0,1400,0.0,0.0
2024-08-14 13:37:00+09:00,3274.0,3274.0,3274.0,3274.0,100,0.0,0.0
2024-08-14 13:38:00+09:00,3274.0,3274.0,3274.0,3274.0,100,0.0,0.0
2024-08-14 13:40:00+09:00,3275.0,3275.0,3274.0,3274.0,200,0.0,0.0
2024-08-14 13:42:00+09:00,3273.0,3273.0,3272.0,3272.0,800,0.0,0.0
2024-08-14 13:45:00+09:00,3271.0,3271.0,3269.0,3269.0,700,0.0,0.0
2024-08-14 13:46:00+09:00,3269.0,3271.0,3267.0,3271.0,1500,0.0,0.0
2024-08-14 13:47:00+09:00,3268.0,3268.0,3268.0,3268.0,300,0.0,0.0
2024-08-14 13:49:00+09:00,3269.0,3269.0,3269.0,3269.0,100,0.0,0.0
2024-08-14 13:50:00+09:00,3269.0,3270.0,3269.0,3270.0,500,0.0,0.0
2024-08-14 13:51:00+09:00,3270.0,3270.0,3270.0,3270.0,100,0.0,0.0
2024-08-14 13:52:00+09:00,3268.0,3268.0,3268.0,3268.0,400,0.0,0.0
2024-08-14 13:53:00+09:00,3268.0,3268.0,3268.0,3268.0,200,0.0,0.0
2024-08-14 13:54:00+09:00,3268.0,3268.0,3268.0,3268.0,100,0.0,0.0
2024-08-14 13:56:00+09:00,3266.0,3267.0,3266.0,3267.0,400,0.0,0.0
2024-08-14 13:58:00+09:00,3269.0,3269.0,3268.0,3268.0,1500,0.0,0.0
2024-08-14 13:59:00+09:00,3270.0,3270.0,3270.0,3270.0,100,0.0,0.0
2024-08-14 14:00:00+09:00,3270.0,3270.0,3270.0,3270.0,300,0.0,0.0
2024-08-14 14:01:00+09:00,3270.0,3270.0,3270.0,3270.0,100,0.0,0.0
2024-08-14 14:02:00+09:00,3268.0,3268.0,3267.0,3267.0,400,0.0,0.0
2024-08-14 14:03:00+09:00,3268.0,3268.0,3268.0,3268.0,500,0.0,0.0
2024-08-14 14:04:00+09:00,3269.0,3269.0,3266.0,3268.0,400,0.0,0.0
2024-08-14 14:05:00+09:00,3267.0,3267.0,3266.0,3266.0,300,0.0,0.0
2024-08-14 14:07:00+09:00,3265.0,3266.0,3265.0,3266.0,900,0.0,0.0
2024-08-14 14:08:00+09:00,3267.0,3267.0,3267.0,3267.0,500,0.0,0.0
2024-08-14 14:09:00+09:00,3268.0,3270.0,3267.0,3270.0,500,0.0,0.0
2024-08-14 14:11:00+09:00,3270.0,3271.0,3270.0,3271.0,200,0.0,0.0
2024-08-14 14:12:00+09:00,3270.0,3270.0,3270.0,3270.0,200,0.0,0.0
2024-08-14 14:13:00+09:00,3269.0,3271.0,3269.0,3270.0,1600,0.0,0.0
2024-08-14 14:15:00+09:00,3270.0,3270.0,3270.0,3270.0,100,0.0,0.0
2024-08-14 14:16:00+09:00,3270.0,3271.0,3270.0,3271.0,600,0.0,0.0
2024-08-14 14:18:00+09:00,3275.0,3275.0,3274.0,3274.0,600,0.0,0.0
2024-08-14 14:19:00+09:00,3275.0,3275.0,3275.0,3275.0,100,0.0,0.0
2024-08-14 14:20:00+09:00,3275.0,3279.0,3275.0,3279.0,900,0.0,0.0
2024-08-14 14:21:00+09:00,3279.0,3280.0,3278.0,3279.0,800,0.0,0.0
2024-08-14 14:22:00+09:00,3280.0,3281.0,3280.0,3281.0,1100,0.0,0.0
2024-08-14 14:23:00+09:00,3281.0,3281.0,3281.0,3281.0,300,0.0,0.0
2024-08-14 14:24:00+09:00,3280.0,3281.0,3279.0,3281.0,1200,0.0,0.0
2024-08-14 14:25:00+09:00,3281.0,3282.0,3281.0,3282.0,700,0.0,0.0
2024-08-14 14:26:00+09:00,3281.0,3282.0,3281.0,3282.0,400,0.0,0.0
2024-08-14 14:27:00+09:00,3280.0,3280.0,3278.0,3278.0,1700,0.0,0.0
2024-08-14 14:29:00+09:00,3278.0,3278.0,3278.0,3278.0,100,0.0,0.0
2024-08-14 14:30:00+09:00,3277.0,3277.0,3275.0,3275.0,800,0.0,0.0
2024-08-14 14:31:00+09:00,3275.0,3276.0,3275.0,3276.0,200,0.0,0.0
2024-08-14 14:32:00+09:00,3276.0,3276.0,3276.0,3276.0,100,0.0,0.0
2024-08-14 14:33:00+09:00,3276.0,3279.0,3276.0,3279.0,1800,0.0,0.0
2024-08-14 14:34:00+09:00,3279.0,3279.0,3279.0,3279.0,500,0.0,0.0
2024-08-14 14:35:00+09:00,3280.0,3282.0,3280.0,3282.0,700,0.0,0.0
2024-08-14 14:36:00+09:00,3283.0,3283.0,3283.0,3283.0,200,0.0,0.0
2024-08-14 14:37:00+09:00,3281.0,3281.0,3279.0,3279.0,800,0.0,0.0
2024-08-14 14:38:00+09:00,3281.0,3282.0,3280.0,3282.0,800,0.0,0.0
2024-08-14 14:39:00+09:00,3283.0,3284.0,3283.0,3284.0,700,0.0,0.0
2024-08-14 14:40:00+09:00,3284.0,3286.0,3284.0,3285.0,1900,0.0,0.0
2024-08-14 14:41:00+09:00,3283.0,3285.0,3283.0,3285.0,1300,0.0,0.0
2024-08-14 14:42:00+09:00,3283.0,3286.0,3283.0,3286.0,600,0.0,0.0
2024-08-14 14:43:00+09:00,3287.0,3287.0,3287.0,3287.0,100,0.0,0.0
2024-08-14 14:44:00+09:00,3287.0,3288.0,3287.0,3288.0,1300,0.0,0.0
2024-08-14 14:45:00+09:00,3286.0,3290.0,3286.0,3290.0,1900,0.0,0.0
2024-08-14 14:46:00+09:00,3290.0,3291.0,3290.0,3291.0,1000,0.0,0.0
2024-08-14 14:47:00+09:00,3290.0,3291.0,3290.0,3291.0,700,0.0,0.0
2024-08-14 14:48:00+09:00,3291.0,3293.0,3291.0,3293.0,1200,0.0,0.0
2024-08-14 14:49:00+09:00,3291.0,3291.0,3288.0,3288.0,1300,0.0,0.0
2024-08-14 14:50:00+09:00,3287.0,3290.0,3287.0,3290.0,800,0.0,0.0
2024-08-14 14:51:00+09:00,3290.0,3292.0,3290.0,3292.0,700,0.0,0.0
2024-08-14 14:52:00+09:00,3292.0,3292.0,3291.0,3291.0,600,0.0,0.0
2024-08-14 14:53:00+09:00,3290.0,3290.0,3288.0,3288.0,2000,0.0,0.0
2024-08-14 14:54:00+09:00,3289.0,3289.0,3287.0,3287.0,200,0.0,0.0
2024-08-14 14:55:00+09:00,3287.0,3287.0,3287.0,3287.0,900,0.0,0.0
2024-08-14 14:56:00+09:00,3287.0,3290.0,3287.0,3290.0,1100,0.0,0.0
2024-08-14 14:57:00+09:00,3290.0,3290.0,3289.0,3290.0,400,0.0,0.0
2024-08-14 14:58:00+09:00,3288.0,3290.0,3286.0,3290.0,2000,0.0,0.0
2024-08-14 14:59:00+09:00,3286.0,3293.0,3285.0,3293.0,3000,0.0,0.0
2024-08-15 09:00:00+09:00,3284.0,3284.0,3260.0,3269.0,8500,0.0,0.0
2024-08-15 09:01:00+09:00,3264.0,3266.0,3264.0,3266.0,1000,0.0,0.0
2024-08-15 09:02:00+09:00,3269.0,3279.0,3269.0,3279.0,900,0.0,0.0
2024-08-15 09:03:00+09:00,3273.0,3273.0,3273.0,3273.0,100,0.0,0.0
2024-08-15 09:04:00+09:00,3281.0,3284.0,3281.0,3283.0,400,0.0,0.0
2024-08-15 09:05:00+09:00,3281.0,3282.0,3277.0,3281.0,1300,0.0,0.0
2024-08-15 09:06:00+09:00,3281.0,3284.0,3281.0,3281.0,500,0.0,0.0
2024-08-15 09:07:00+09:00,3285.0,3285.0,3285.0,3285.0,200,0.0,0.0
2024-08-15 09:08:00+09:00,3286.0,3286.0,3280.0,3280.0,1100,0.0,0.0
2024-08-15 09:09:00+09:00,3279.0,3280.0,3279.0,3280.0,500,0.0,0.0
2024-08-15 09:10:00+09:00,3275.0,3275.0,3275.0,3275.0,200,0.0,0.0
2024-08-15 09:11:00+09:00,3273.0,3273.0,3271.0,3271.0,600,0.0,0.0
2024-08-15 09:12:00+09:00,3271.0,3274.0,3269.0,3274.0,1900,0.0,0.0
2024-08-15 09:13:00+09:00,3274.0,3274.0,3274.0,3274.0,100,0.0,0.0
2024-08-15 09:14:00+09:00,3276.0,3276.0,3276.0,3276.0,100,0.0,0.0
2024-08-15 09:15:00+09:00,3277.0,3278.0,3275.0,3275.0,600,0.0,0.0
2024-08-15 09:17:00+09:00,3275.0,3275.0,3271.0,3273.0,1500,0.0,0.0
2024-08-15 09:18:00+09:00,3273.0,3273.0,3271.0,3271.0,1100,0.0,0.0
2024-08-15 09:19:00+09:00,3273.0,3275.0,3273.0,3275.0,600,0.0,0.0
2024-08-15 09:20:00+09:00,3276.0,3276.0,3270.0,3270.0,800,0.0,0.0
2024-08-15 09:21:00+09:00,3268.0,3268.0,3268.0,3268.0,100,0.0,0.0
2024-08-15 09:22:00+09:00,3269.0,3270.0,3268.0,3270.0,1300,0.0,0.0
2024-08-15 09:23:00+09:00,3271.0,3271.0,3271.0,3271.0,200,0.0,0.0
2024-08-15 09:24:00+09:00,3270.0,3272.0,3270.0,3272.0,400,0.0,0.0
2024-08-15 09:25:00+09:00,3270.0,3270.0,3268.0,3268.0,200,0.0,0.0
2024-08-15 09:26:00+09:00,3270.0,3270.0,3270.0,3270.0,200,0.0,0.0
2024-08-15 09:27:00+09:00,3273.0,3273.0,3273.0,3273.0,100,0.0,0.0
2024-08-15 09:28:00+09:00,3270.0,3270.0,3270.0,3270.0,300,0.0,0.0
2024-08-15 09:29:00+09:00,3270.0,3271.0,3270.0,3271.0,300,0.0,0.0
2024-08-15 09:30:00+09:00,3269.0,3269.0,3266.0,3266.0,900,0.0,0.0
2024-08-15 09:31:00+09:00,3266.0,3266.0,3262.0,3264.0,1100,0.0,0.0
2024-08-15 09:32:00+09:00,3264.0,3264.0,3264.0,3264.0,300,0.0,0.0
2024-08-15 09:33:00+09:00,3265.0,3266.0,3263.0,3263.0,800,0.0,0.0
2024-08-15 09:34:00+09:00,3264.0,3266.0,3263.0,3266.0,300,0.0,0.0
2024-08-15 09:35:00+09:00,3266.0,3266.0,3265.0,3265.0,500,0.0,0.0
2024-08-15 09:36:00+09:00,3267.0,3267.0,3267.0,3267.0,100,0.0,0.0
2024-08-15 09:37:00+09:00,3266.0,3267.0,3266.0,3267.0,700,0.0,0.0
2024-08-15 09:39:00+09:00,3268.0,3269.0,3268.0,3269.0,500,0.0,0.0
2024-08-15 09:40:00+09:00,3270.0,3271.0,3270.0,3271.0,200,0.0,0.0
2024-08-15 09:41:00+09:00,3269.0,3270.0,3269.0,3269.0,300,0.0,0.0
2024-08-15 09:42:00+09:00,3268.0,3268.0,3268.0,3268.0,200,0.0,0.0
2024-08-15 09:43:00+09:00,3268.0,3268.0,3268.0,3268.0,100,0.0,0.0
2024-08-15 09:44:00+09:00,3264.0,3264.0,3263.0,3263.0,1800,0.0,0.0
2024-08-15 09:45:00+09:00,3266.0,3267.0,3266.0,3267.0,300,0.0,0.0
2024-08-15 09:46:00+09:00,3270.0,3270.0,3270.0,3270.0,100,0.0,0.0
2024-08-15 09:47:00+09:00,3268.0,3268.0,3267.0,3267.0,400,0.0,0.0
2024-08-15 09:48:00+09:00,3266.0,3266.0,3262.0,3262.0,1600,0.0,0.0
2024-08-15 09:49:00+09:00,3264.0,3264.0,3262.0,3264.0,500,0.0,0.0
2024-08-15 09:50:00+09:00,3265.0,3266.0,3265.0,3266.0,400,0.0,0.0
2024-08-15 09:51:00+09:00,3262.0,3263.0,3262.0,3263.0,600,0.0,0.0
2024-08-15 09:52:00+09:00,3264.0,3265.0,3264.0,3265.0,700,0.0,0.0
2024-08-15 09:53:00+09:00,3266.0,3266.0,3266.0,3266.0,500,0.0,0.0
2024-08-15 09:55:00+09:00,3267.0,3268.0,3267.0,3268.0,300,0.0,0.0
2024-08-15 09:56:00+09:00,3267.0,3267.0,3267.0,3267.0,100,0.0,0.0
2024-08-15 09:58:00+09:00,3270.0,3273.0,3270.0,3273.0,1300,0.0,0.0
2024-08-15 09:59:00+09:00,3272.0,3272.0,3272.0,3272.0,100,0.0,0.0
2024-08-15 10:00:00+09:00,3269.0,3269.0,3269.0,3269.0,200,0.0,0.0
2024-08-15 10:01:00+09:00,3269.0,3269.0,3268.0,3268.0,400,0.0,0.0
2024-08-15 10:02:00+09:00,3268.0,3268.0,3268.0,3268.0,200,0.0,0.0
2024-08-15 10:03:00+09:00,3267.0,3268.0,3267.0,3268.0,500,0.0,0.0
2024-08-15 10:04:00+09:00,3269.0,3270.0,3269.0,3270.0,200,0.0,0.0
2024-08-15 10:05:00+09:00,3271.0,3274.0,3271.0,3274.0,600,0.0,0.0
2024-08-15 10:06:00+09:00,3275.0,3276.0,3275.0,3275.0,1800,0.0,0.0
2024-08-15 10:07:00+09:00,3274.0,3279.0,3274.0,3279.0,1000,0.0,0.0
2024-08-15 10:08:00+09:00,3280.0,3280.0,3279.0,3279.0,500,0.0,0.0
2024-08-15 10:09:00+09:00,3279.0,3279.0,3279.0,3279.0,100,0.0,0.0
2024-08-15 10:11:00+09:00,3275.0,3275.0,3275.0,3275.0,100,0.0,0.0
2024-08-15 10:12:00+09:00,3274.0,3276.0,3274.0,3276.0,600,0.0,0.0
2024-08-15 10:13:00+09:00,3279.0,3279.0,3279.0,3279.0,100,0.0,0.0
2024-08-15 10:17:00+09:00,3279.0,3279.0,3279.0,3279.0,100,0.0,0.0
2024-08-15 10:18:00+09:00,3278.0,3280.0,3278.0,3280.0,400,0.0,0.0
2024-08-15 10:19:00+09:00,3278.0,3278.0,3278.0,3278.0,100,0.0,0.0
2024-08-15 10:20:00+09:00,3280.0,3280.0,3280.0,3280.0,200,0.0,0.0
2024-08-15 10:25:00+09:00,3280.0,3282.0,3280.0,3282.0,300,0.0,0.0
2024-08-15 10:26:00+09:00,3281.0,3281.0,3279.0,3280.0,600,0.0,0.0
2024-08-15 10:27:00+09:00,3279.0,3279.0,3279.0,3279.0,200,0.0,0.0
2024-08-15 10:28:00+09:00,3279.0,3280.0,3278.0,3278.0,500,0.0,0.0
2024-08-15 10:29:00+09:00,3282.0,3282.0,3282.0,3282.0,100,0.0,0.0
2024-08-15 10:31:00+09:00,3283.0,3283.0,3283.0,3283.0,300,0.0,0.0
2024-08-15 10:32:00+09:00,3283.0,3285.0,3283.0,3285.0,300,0.0,0.0
2024-08-15 10:34:00+09:00,3286.0,3286.0,3286.0,3286.0,100,0.0,0.0
2024-08-15 10:35:00+09:00,3285.0,3288.0,3285.0,3288.0,300,0.0,0.0
2024-08-15 10:36:00+09:00,3289.0,3289.0,3289.0,3289.0,100,0.0,0.0
2024-08-15 10:37:00+09:00,3289.0,3289.0,3289.0,3289.0,200,0.0,0.0
2024-08-15 10:38:00+09:00,3288.0,3290.0,3288.0,3290.0,600,0.0,0.0
2024-08-15 10:39:00+09:00,3290.0,3292.0,3290.0,3292.0,400,0.0,0.0
2024-08-15 10:41:00+09:00,3294.0,3294.0,3290.0,3291.0,800,0.0,0.0
2024-08-15 10:42:00+09:00,3293.0,3293.0,3292.0,3292.0,200,0.0,0.0
2024-08-15 10:44:00+09:00,3290.0,3291.0,3287.0,3287.0,1300,0.0,0.0
2024-08-15 10:46:00+09:00,3287.0,3287.0,3287.0,3287.0,200,0.0,0.0
2024-08-15 10:47:00+09:00,3286.0,3286.0,3286.0,3286.0,200,0.0,0.0
2024-08-15 10:49:00+09:00,3287.0,3287.0,3287.0,3287.0,500,0.0,0.0
2024-08-15 10:50:00+09:00,3285.0,3286.0,3285.0,3286.0,200,0.0,0.0
2024-08-15 10:51:00+09:00,3286.0,3286.0,3283.0,3283.0,400,0.0,0.0
2024-08-15 10:52:00+09:00,3286.0,3288.0,3286.0,3288.0,500,0.0,0.0
2024-08-15 10:54:00+09:00,3288.0,3288.0,3288.0,3288.0,200,0.0,0.0
2024-08-15 10:55:00+09:00,3288.0,3288.0,3288.0,3288.0,200,0.0,0.0
2024-08-15 10:57:00+09:00,3288.0,3288.0,3288.0,3288.0,300,0.0,0.0
2024-08-15 10:59:00+09:00,3289.0,3289.0,3289.0,3289.0,100,0.0,0.0
2024-08-15 11:00:00+09:00,3290.0,3290.0,3289.0,3289.0,200,0.0,0.0
2024-08-15 11:02:00+09:00,3289.0,3289.0,3288.0,3288.0,300,0.0,0.0
2024-08-15 11:03:00+09:00,3287.0,3288.0,3286.0,3288.0,700,0.0,0.0
2024-08-15 11:06:00+09:00,3290.0,3290.0,3289.0,3289.0,700,0.0,0.0
2024-08-15 11:07:00+09:00,3288.0,3289.0,3288.0,3289.0,700,0.0,0.0
2024-08-15 11:10:00+09:00,3290.0,3290.0,3290.0,3290.0,100,0.0,0.0
2024-08-15 11:11:00+09:00,3290.0,3291.0,3290.0,3291.0,400,0.0,0.0
2024-08-15 11:12:00+09:00,3292.0,3292.0,3292.0,3292.0,100,0.0,0.0
2024-08-15 11:14:00+09:00,3293.0,3293.0,3293.0,3293.0,100,0.0,0.0
2024-08-15 11:15:00+09:00,3294.0,3294.0,3293.0,3294.0,1700,0.0,0.0
2024-08-15 11:16:00+09:00,3294.0,3294.0,3294.0,3294.0,500,0.0,0.0
2024-08-15 11:17:00+09:00,3292.0,3292.0,3292.0,3292.0,300,0.0,0.0
2024-08-15 11:19:00+09:00,3294.0,3294.0,3291.0,3291.0,400,0.0,0.0
2024-08-15 11:20:00+09:00,3293.0,3294.0,3291.0,3291.0,1200,0.0,0.0
2024-08-15 11:21:00+09:00,3290.0,3290.0,3289.0,3289.0,600,0.0,0.0
2024-08-15 11:22:00+09:00,3289.0,3289.0,3288.0,3288.0,200,0.0,0.0
2024-08-15 11:24:00+09:00,3290.0,3290.0,3290.0,3290.0,200,0.0,0.0
2024-08-15 11:27:00+09:00,3292.0,3292.0,3292.0,3292.0,600,0.0,0.0
2024-08-15 11:28:00+09:00,3290.0,3292.0,3290.0,3292.0,800,0.0,0.0
2024-08-15 11:29:00+09:00,3290.0,3290.0,3290.0,3290.0,100,0.0,0.0
2024-08-15 11:35:00+09:00,3290.0,3290.0,3290.0,3290.0,0,0.0,0.0
2024-08-15 12:30:00+09:00,3294.0,3295.0,3288.0,3293.0,70400,0.0,0.0
2024-08-15 12:31:00+09:00,3292.0,3292.0,3292.0,3292.0,100,0.0,0.0
2024-08-15 12:32:00+09:00,3295.0,3295.0,3295.0,3295.0,100,0.0,0.0
2024-08-15 12:34:00+09:00,3295.0,3295.0,3290.0,3290.0,900,0.0,0.0
2024-08-15 12:35:00+09:00,3288.0,3290.0,3288.0,3288.0,500,0.0,0.0
2024-08-15 12:36:00+09:00,3290.0,3293.0,3290.0,3293.0,1100,0.0,0.0
2024-08-15 12:37:00+09:00,3292.0,3292.0,3289.0,3290.0,1100,0.0,0.0
2024-08-15 12:38:00+09:00,3290.0,3291.0,3288.0,3291.0,3100,0.0,0.0
2024-08-15 12:39:00+09:00,3292.0,3292.0,3292.0,3292.0,400,0.0,0.0
2024-08-15 12:40:00+09:00,3293.0,3293.0,3293.0,3293.0,100,0.0,0.0
2024-08-15 12:41:00+09:00,3292.0,3292.0,3291.0,3291.0,400,0.0,0.0
2024-08-15 12:43:00+09:00,3288.0,3288.0,3288.0,3288.0,100,0.0,0.0
2024-08-15 12:44:00+09:00,3290.0,3290.0,3290.0,3290.0,100,0.0,0.0
2024-08-15 12:45:00+09:00,3288.0,3288.0,3288.0,3288.0,100,0.0,0.0
2024-08-15 12:46:00+09:00,3287.0,3288.0,3287.0,3287.0,800,0.0,0.0
2024-08-15 12:48:00+09:00,3287.0,3287.0,3287.0,3287.0,100,0.0,0.0
2024-08-15 12:49:00+09:00,3286.0,3286.0,3286.0,3286.0,200,0.0,0.0
2024-08-15 12:50:00+09:00,3286.0,3287.0,3285.0,3285.0,300,0.0,0.0
2024-08-15 12:52:00+09:00,3283.0,3283.0,3283.0,3283.0,100,0.0,0.0
2024-08-15 12:54:00+09:00,3283.0,3283.0,3283.0,3283.0,300,0.0,0.0
2024-08-15 12:55:00+09:00,3283.0,3283.0,3283.0,3283.0,300,0.0,0.0
2024-08-15 12:57:00+09:00,3284.0,3286.0,3284.0,3286.0,500,0.0,0.0
2024-08-15 12:58:00+09:00,3285.0,3285.0,3285.0,3285.0,100,0.0,0.0
2024-08-15 12:59:00+09:00,3286.0,3286.0,3285.0,3285.0,300,0.0,0.0
2024-08-15 13:00:00+09:00,3284.0,3286.0,3284.0,3285.0,700,0.0,0.0
2024-08-15 13:01:00+09:00,3286.0,3286.0,3284.0,3284.0,1400,0.0,0.0
2024-08-15 13:02:00+09:00,3284.0,3284.0,3280.0,3280.0,1900,0.0,0.0
2024-08-15 13:03:00+09:00,3283.0,3284.0,3282.0,3284.0,1900,0.0,0.0
2024-08-15 13:04:00+09:00,3284.0,3284.0,3282.0,3282.0,400,0.0,0.0
2024-08-15 13:06:00+09:00,3281.0,3281.0,3278.0,3280.0,2600,0.0,0.0
2024-08-15 13:07:00+09:00,3281.0,3281.0,3280.0,3280.0,1500,0.0,0.0
2024-08-15 13:08:00+09:00,3279.0,3279.0,3277.0,3277.0,500,0.0,0.0
2024-08-15 13:09:00+09:00,3277.0,3277.0,3277.0,3277.0,200,0.0,0.0
2024-08-15 13:10:00+09:00,3276.0,3276.0,3276.0,3276.0,200,0.0,0.0
2024-08-15 13:11:00+09:00,3274.0,3274.0,3274.0,3274.0,300,0.0,0.0
2024-08-15 13:12:00+09:00,3274.0,3274.0,3274.0,3274.0,100,0.0,0.0
2024-08-15 13:14:00+09:00,3275.0,3278.0,3275.0,3278.0,900,0.0,0.0
2024-08-15 13:15:00+09:00,3277.0,3277.0,3277.0,3277.0,100,0.0,0.0
2024-08-15 13:16:00+09:00,3277.0,3277.0,3276.0,3276.0,200,0.0,0.0
2024-08-15 13:17:00+09:00,3278.0,3280.0,3278.0,3280.0,500,0.0,0.0
2024-08-15 13:18:00+09:00,3278.0,3278.0,3278.0,3278.0,100,0.0,0.0
2024-08-15 13:20:00+09:00,3279.0,3279.0,3278.0,3278.0,300,0.0,0.0
2024-08-15 13:21:00+09:00,3277.0,3277.0,3277.0,3277.0,100,0.0,0.0
2024-08-15 13:22:00+09:00,3278.0,3278.0,3278.0,3278.0,100,0.0,0.0
2024-08-15 13:25:00+09:00,3278.0,3280.0,3278.0,3280.0,400,0.0,0.0
2024-08-15 13:26:00+09:00,3283.0,3283.0,3283.0,3283.0,100,0.0,0.0
2024-08-15 13:27:00+09:00,3283.0,3284.0,3283.0,3283.0,600,0.0,0.0
2024-08-15 13:28:00+09:00,3284.0,3285.0,3284.0,3284.0,500,0.0,0.0
2024-08-15 13:30:00+09:00,3284.0,3287.0,3284.0,3285.0,1300,0.0,0.0
2024-08-15 13:31:00+09:00,3287.0,3287.0,3287.0,3287.0,100,0.0,0.0
2024-08-15 13:34:00+09:00,3288.0,3288.0,3288.0,3288.0,200,0.0,0.0
2024-08-15 13:35:00+09:00,3288.0,3289.0,3286.0,3286.0,900,0.0,0.0
2024-08-15 13:36:00+09:00,3285.0,3285.0,3284.0,3284.0,200,0.0,0.0
2024-08-15 13:37:00+09:00,3282.0,3282.0,3282.0,3282.0,100,0.0,0.0
2024-08-15 13:38:00+09:00,3283.0,3283.0,3283.0,3283.0,300,0.0,0.0
2024-08-15 13:39:00+09:00,3284.0,3284.0,3284.0,3284.0,100,0.0,0.0
2024-08-15 13:41:00+09:00,3283.0,3283.0,3283.0,3283.0,100,0.0,0.0
2024-08-15 13:42:00+09:00,3282.0,3282.0,3282.0,3282.0,200,0.0,0.0
2024-08-15 13:43:00+09:00,3281.0,3281.0,3281.0,3281.0,200,0.0,0.0
2024-08-15 13:45:00+09:00,3282.0,3282.0,3281.0,3282.0,500,0.0,0.0
2024-08-15 13:46:00+09:00,3283.0,3284.0,3283.0,3284.0,300,0.0,0.0
2024-08-15 13:47:00+09:00,3284.0,3284.0,3283.0,3283.0,300,0.0,0.0
2024-08-15 13:49:00+09:00,3283.0,3283.0,3283.0,3283.0,200,0.0,0.0
2024-08-15 13:50:00+09:00,3282.0,3283.0,3282.0,3283.0,200,0.0,0.0
2024-08-15 13:54:00+09:00,3283.0,3283.0,3283.0,3283.0,600,0.0,0.0
2024-08-15 13:55:00+09:00,3282.0,3282.0,3282.0,3282.0,100,0.0,0.0
2024-08-15 13:56:00+09:00,3283.0,3283.0,3283.0,3283.0,100,0.0,0.0
2024-08-15 13:58:00+09:00,3283.0,3283.0,3283.0,3283.0,200,0.0,0.0
2024-08-15 13:59:00+09:00,3283.0,3283.0,3283.0,3283.0,100,0.0,0.0
2024-08-15 14:00:00+09:00,3283.0,3283.0,3283.0,3283.0,100,0.0,0.0
2024-08-15 14:01:00+09:00,3283.0,3283.0,3282.0,3282.0,600,0.0,0.0
2024-08-15 14:03:00+09:00,3281.0,3283.0,3281.0,3283.0,200,0.0,0.0
2024-08-15 14:04:00+09:00,3281.0,3281.0,3281.0,3281.0,100,0.0,0.0
2024-08-15 14:05:00+09:00,3281.0,3281.0,3279.0,3279.0,400,0.0,0.0
2024-08-15 14:06:00+09:00,3278.0,3280.0,3278.0,3280.0,400,0.0,0.0
2024-08-15 14:07:00+09:00,3281.0,3282.0,3281.0,3282.0,800,0.0,0.0
2024-08-15 14:08:00+09:00,3282.0,3283.0,3282.0,3283.0,200,0.0,0.0
2024-08-15 14:09:00+09:00,3283.0,3283.0,3283.0,3283.0,100,0.0,0.0
2024-08-15 14:11:00+09:00,3283.0,3283.0,3282.0,3282.0,800,0.0,0.0
2024-08-15 14:12:00+09:00,3282.0,3283.0,3282.0,3283.0,200,0.0,0.0
2024-08-15 14:13:00+09:00,3282.0,3282.0,3282.0,3282.0,300,0.0,0.0
2024-08-15 14:14:00+09:00,3281.0,3281.0,3281.0,3281.0,100,0.0,0.0
2024-08-15 14:15:00+09:00,3282.0,3282.0,3282.0,3282.0,100,0.0,0.0
2024-08-15 14:17:00+09:00,3280.0,3280.0,3280.0,3280.0,100,0.0,0.0
2024-08-15 14:18:00+09:00,3280.0,3280.0,3280.0,3280.0,300,0.0,0.0
2024-08-15 14:19:00+09:00,3280.0,3280.0,3280.0,3280.0,100,0.0,0.0
2024-08-15 14:20:00+09:00,3280.0,3280.0,3279.0,3279.0,200,0.0,0.0
2024-08-15 14:21:00+09:00,3277.0,3277.0,3276.0,3276.0,300,0.0,0.0
2024-08-15 14:23:00+09:00,3276.0,3276.0,3275.0,3275.0,300,0.0,0.0
2024-08-15 14:24:00+09:00,3275.0,3275.0,3275.0,3275.0,500,0.0,0.0
2024-08-15 14:25:00+09:00,3275.0,3276.0,3275.0,3276.0,600,0.0,0.0
2024-08-15 14:26:00+09:00,3276.0,3276.0,3276.0,3276.0,200,0.0,0.0
2024-08-15 14:27:00+09:00,3276.0,3276.0,3275.0,3275.0,400,0.0,0.0
2024-08-15 14:28:00+09:00,3276.0,3276.0,3276.0,3276.0,600,0.0,0.0
2024-08-15 14:29:00+09:00,3276.0,3277.0,3276.0,3277.0,300,0.0,0.0
2024-08-15 14:30:00+09:00,3277.0,3277.0,3277.0,3277.0,500,0.0,0.0
2024-08-15 14:31:00+09:00,3277.0,3277.0,3277.0,3277.0,100,0.0,0.0
2024-08-15 14:32:00+09:00,3278.0,3278.0,3278.0,3278.0,900,0.0,0.0
2024-08-15 14:33:00+09:00,3279.0,3280.0,3279.0,3280.0,300,0.0,0.0
2024-08-15 14:35:00+09:00,3281.0,3283.0,3281.0,3283.0,500,0.0,0.0
2024-08-15 14:37:00+09:00,3282.0,3282.0,3282.0,3282.0,100,0.0,0.0
2024-08-15 14:38:00+09:00,3283.0,3284.0,3283.0,3284.0,500,0.0,0.0
2024-08-15 14:39:00+09:00,3285.0,3285.0,3284.0,3284.0,200,0.0,0.0
2024-08-15 14:40:00+09:00,3284.0,3284.0,3284.0,3284.0,600,0.0,0.0
2024-08-15 14:41:00+09:00,3285.0,3286.0,3284.0,3284.0,400,0.0,0.0
2024-08-15 14:42:00+09:00,3285.0,3285.0,3285.0,3285.0,100,0.0,0.0
2024-08-15 14:43:00+09:00,3287.0,3287.0,3285.0,3285.0,500,0.0,0.0
2024-08-15 14:44:00+09:00,3284.0,3285.0,3284.0,3285.0,300,0.0,0.0
2024-08-15 14:45:00+09:00,3284.0,3285.0,3284.0,3285.0,600,0.0,0.0
2024-08-15 14:46:00+09:00,3284.0,3284.0,3284.0,3284.0,200,0.0,0.0
2024-08-15 14:47:00+09:00,3283.0,3284.0,3281.0,3281.0,1100,0.0,0.0
2024-08-15 14:48:00+09:00,3283.0,3284.0,3283.0,3283.0,400,0.0,0.0
2024-08-15 14:49:00+09:00,3284.0,3284.0,3283.0,3283.0,500,0.0,0.0
2024-08-15 14:50:00+09:00,3282.0,3283.0,3280.0,3280.0,1500,0.0,0.0
2024-08-15 14:51:00+09:00,3280.0,3282.0,3278.0,3278.0,4500,0.0,0.0
2024-08-15 14:52:00+09:00,3278.0,3278.0,3277.0,3278.0,900,0.0,0.0
2024-08-15 14:53:00+09:00,3278.0,3278.0,3275.0,3275.0,700,0.0,0.0
2024-08-15 14:54:00+09:00,3275.0,3277.0,3275.0,3277.0,1100,0.0,0.0
2024-08-15 14:55:00+09:00,3278.0,3278.0,3275.0,3276.0,1300,0.0,0.0
2024-08-15 14:56:00+09:00,3275.0,3277.0,3275.0,3277.0,2900,0.0,0.0
2024-08-15 14:57:00+09:00,3276.0,3276.0,3275.0,3275.0,800,0.0,0.0
2024-08-15 14:58:00+09:00,3275.0,3279.0,3275.0,3279.0,1100,0.0,0.0
2024-08-15 14:59:00+09:00,3280.0,3283.0,3280.0,3280.0,600,0.0,0.0
2024-08-16 09:00:00+09:00,3329.0,3330.0,3321.0,3322.0,11700,0.0,0.0
2024-08-16 09:01:00+09:00,3317.0,3320.0,3311.0,3320.0,1500,0.0,0.0
2024-08-16 09:02:00+09:00,3322.0,3322.0,3322.0,3322.0,100,0.0,0.0
2024-08-16 09:03:00+09:00,3323.0,3323.0,3323.0,3323.0,100,0.0,0.0
2024-08-16 09:04:00+09:00,3325.0,3325.0,3318.0,3318.0,700,0.0,0.0
2024-08-16 09:05:00+09:00,3315.0,3321.0,3315.0,3321.0,700,0.0,0.0
2024-08-16 09:06:00+09:00,3320.0,3326.0,3320.0,3326.0,900,0.0,0.0
2024-08-16 09:07:00+09:00,3326.0,3327.0,3321.0,3321.0,600,0.0,0.0
2024-08-16 09:08:00+09:00,3319.0,3319.0,3319.0,3319.0,100,0.0,0.0
2024-08-16 09:09:00+09:00,3320.0,3320.0,3318.0,3320.0,400,0.0,0.0
2024-08-16 09:10:00+09:00,3323.0,3325.0,3319.0,3319.0,2800,0.0,0.0
2024-08-16 09:11:00+09:00,3320.0,3320.0,3317.0,3317.0,300,0.0,0.0
2024-08-16 09:12:00+09:00,3317.0,3317.0,3317.0,3317.0,100,0.0,0.0
2024-08-16 09:13:00+09:00,3314.0,3320.0,3314.0,3320.0,1100,0.0,0.0
2024-08-16 09:14:00+09:00,3319.0,3319.0,3319.0,3319.0,100,0.0,0.0
2024-08-16 09:15:00+09:00,3316.0,3316.0,3315.0,3315.0,400,0.0,0.0
2024-08-16 09:16:00+09:00,3315.0,3316.0,3315.0,3316.0,400,0.0,0.0
2024-08-16 09:17:00+09:00,3313.0,3313.0,3312.0,3312.0,400,0.0,0.0
2024-08-16 09:19:00+09:00,3319.0,3320.0,3319.0,3320.0,200,0.0,0.0
2024-08-16 09:20:00+09:00,3320.0,3327.0,3320.0,3327.0,2700,0.0,0.0
2024-08-16 09:21:00+09:00,3321.0,3321.0,3319.0,3320.0,2100,0.0,0.0
2024-08-16 09:22:00+09:00,3320.0,3320.0,3320.0,3320.0,200,0.0,0.0
2024-08-16 09:23:00+09:00,3319.0,3319.0,3319.0,3319.0,100,0.0,0.0
2024-08-16 09:24:00+09:00,3317.0,3317.0,3317.0,3317.0,200,0.0,0.0
2024-08-16 09:25:00+09:00,3316.0,3318.0,3313.0,3318.0,1200,0.0,0.0
2024-08-16 09:26:00+09:00,3320.0,3321.0,3320.0,3321.0,700,0.0,0.0
2024-08-16 09:27:00+09:00,3319.0,3320.0,3319.0,3320.0,200,0.0,0.0
2024-08-16 09:28:00+09:00,3319.0,3319.0,3319.0,3319.0,100,0.0,0.0
2024-08-16 09:29:00+09:00,3319.0,3320.0,3319.0,3320.0,300,0.0,0.0
2024-08-16 09:30:00+09:00,3320.0,3320.0,3319.0,3319.0,500,0.0,0.0
2024-08-16 09:31:00+09:00,3320.0,3321.0,3319.0,3319.0,800,0.0,0.0
2024-08-16 09:33:00+09:00,3319.0,3319.0,3318.0,3318.0,300,0.0,0.0
2024-08-16 09:34:00+09:00,3319.0,3319.0,3318.0,3318.0,300,0.0,0.0
2024-08-16 09:35:00+09:00,3315.0,3316.0,3314.0,3316.0,500,0.0,0.0
2024-08-16 09:36:00+09:00,3316.0,3318.0,3316.0,3318.0,400,0.0,0.0
2024-08-16 09:38:00+09:00,3319.0,3319.0,3317.0,3317.0,400,0.0,0.0
2024-08-16 09:39:00+09:00,3315.0,3315.0,3313.0,3313.0,400,0.0,0.0
2024-08-16 09:40:00+09:00,3312.0,3316.0,3312.0,3316.0,1400,0.0,0.0
2024-08-16 09:41:00+09:00,3316.0,3316.0,3316.0,3316.0,200,0.0,0.0
2024-08-16 09:44:00+09:00,3312.0,3312.0,3312.0,3312.0,700,0.0,0.0
2024-08-16 09:45:00+09:00,3310.0,3310.0,3310.0,3310.0,500,0.0,0.0
2024-08-16 09:46:00+09:00,3311.0,3311.0,3311.0,3311.0,300,0.0,0.0
2024-08-16 09:47:00+09:00,3309.0,3309.0,3309.0,3309.0,100,0.0,0.0
2024-08-16 09:48:00+09:00,3311.0,3313.0,3311.0,3313.0,300,0.0,0.0
2024-08-16 09:49:00+09:00,3312.0,3312.0,3312.0,3312.0,400,0.0,0.0
2024-08-16 09:50:00+09:00,3313.0,3313.0,3313.0,3313.0,200,0.0,0.0
2024-08-16 09:51:00+09:00,3314.0,3316.0,3314.0,3316.0,800,0.0,0.0
2024-08-16 09:53:00+09:00,3315.0,3317.0,3313.0,3313.0,2200,0.0,0.0
2024-08-16 09:54:00+09:00,3315.0,3315.0,3315.0,3315.0,200,0.0,0.0
2024-08-16 09:56:00+09:00,3316.0,3316.0,3316.0,3316.0,300,0.0,0.0
2024-08-16 09:57:00+09:00,3319.0,3319.0,3319.0,3319.0,100,0.0,0.0
2024-08-16 09:58:00+09:00,3318.0,3318.0,3316.0,3316.0,500,0.0,0.0
2024-08-16 09:59:00+09:00,3315.0,3316.0,3315.0,3316.0,300,0.0,0.0
2024-08-16 10:00:00+09:00,3316.0,3316.0,3316.0,3316.0,100,0.0,0.0
2024-08-16 10:01:00+09:00,3317.0,3317.0,3317.0,3317.0,200,0.0,0.0
2024-08-16 10:02:00+09:00,3318.0,3318.0,3318.0,3318.0,200,0.0,0.0
2024-08-16 10:03:00+09:00,3320.0,3320.0,3320.0,3320.0,200,0.0,0.0
2024-08-16 10:05:00+09:00,3321.0,3321.0,3321.0,3321.0,100,0.0,0.0
2024-08-16 10:06:00+09:00,3320.0,3320.0,3316.0,3316.0,1400,0.0,0.0
2024-08-16 10:07:00+09:00,3315.0,3315.0,3315.0,3315.0,100,0.0,0.0
2024-08-16 10:08:00+09:00,3314.0,3314.0,3314.0,3314.0,100,0.0,0.0
2024-08-16 10:09:00+09:00,3314.0,3314.0,3314.0,3314.0,300,0.0,0.0
2024-08-16 10:10:00+09:00,3316.0,3317.0,3316.0,3317.0,800,0.0,0.0
2024-08-16 10:11:00+09:00,3317.0,3317.0,3316.0,3316.0,300,0.0,0.0
2024-08-16 10:12:00+09:00,3316.0,3316.0,3316.0,3316.0,100,0.0,0.0
2024-08-16 10:13:00+09:00,3315.0,3315.0,3314.0,3314.0,300,0.0,0.0
2024-08-16 10:14:00+09:00,3313.0,3313.0,3311.0,3312.0,900,0.0,0.0
2024-08-16 10:15:00+09:00,3313.0,3316.0,3313.0,3316.0,500,0.0,0.0
2024-08-16 10:18:00+09:00,3319.0,3319.0,3319.0,3319.0,100,0.0,0.0
2024-08-16 10:19:00+09:00,3320.0,3320.0,3318.0,3318.0,600,0.0,0.0
2024-08-16 10:22:00+09:00,3317.0,3317.0,3317.0,3317.0,200,0.0,0.0
2024-08-16 10:23:00+09:00,3317.0,3317.0,3316.0,3316.0,300,0.0,0.0
2024-08-16 10:24:00+09:00,3319.0,3319.0,3319.0,3319.0,100,0.0,0.0
2024-08-16 10:25:00+09:00,3320.0,3320.0,3320.0,3320.0,100,0.0,0.0
2024-08-16 10:26:00+09:00,3319.0,3319.0,3318.0,3318.0,400,0.0,0.0
2024-08-16 10:27:00+09:00,3318.0,3320.0,3318.0,3320.0,200,0.0,0.0
2024-08-16 10:28:00+09:00,3320.0,3320.0,3320.0,3320.0,100,0.0,0.0
2024-08-16 10:29:00+09:00,3320.0,3320.0,3320.0,3320.0,100,0.0,0.0
2024-08-16 10:31:00+09:00,3319.0,3320.0,3319.0,3320.0,800,0.0,0.0
2024-08-16 10:34:00+09:00,3320.0,3320.0,3320.0,3320.0,300,0.0,0.0
2024-08-16 10:35:00+09:00,3319.0,3321.0,3319.0,3320.0,1100,0.0,0.0
2024-08-16 10:39:00+09:00,3320.0,3322.0,3319.0,3322.0,3700,0.0,0.0
2024-08-16 10:40:00+09:00,3321.0,3321.0,3319.0,3319.0,900,0.0,0.0
2024-08-16 10:42:00+09:00,3321.0,3322.0,3321.0,3322.0,400,0.0,0.0
2024-08-16 10:43:00+09:00,3322.0,3322.0,3321.0,3321.0,300,0.0,0.0
2024-08-16 10:44:00+09:00,3320.0,3320.0,3320.0,3320.0,200,0.0,0.0
2024-08-16 10:45:00+09:00,3321.0,3321.0,3321.0,3321.0,100,0.0,0.0
2024-08-16 10:46:00+09:00,3321.0,3321.0,3321.0,3321.0,200,0.0,0.0
2024-08-16 10:49:00+09:00,3320.0,3320.0,3318.0,3318.0,500,0.0,0.0
2024-08-16 10:50:00+09:00,3319.0,3319.0,3319.0,3319.0,200,0.0,0.0
2024-08-16 10:51:00+09:00,3320.0,3320.0,3320.0,3320.0,0,0.0,0.0
2024-08-16 10:53:00+09:00,3319.0,3319.0,3319.0,3319.0,59400,0.0,0.0
2024-08-16 10:54:00+09:00,3320.0,3320.0,3320.0,3320.0,200,0.0,0.0
2024-08-16 10:55:00+09:00,3321.0,3321.0,3321.0,3321.0,400,0.0,0.0
2024-08-16 10:56:00+09:00,3319.0,3319.0,3319.0,3319.0,100,0.0,0.0
2024-08-16 10:57:00+09:00,3320.0,3320.0,3319.0,3319.0,300,0.0,0.0
2024-08-16 10:58:00+09:00,3322.0,3322.0,3322.0,3322.0,100,0.0,0.0
2024-08-16 10:59:00+09:00,3321.0,3321.0,3321.0,3321.0,100,0.0,0.0
2024-08-16 11:01:00+09:00,3320.0,3320.0,3320.0,3320.0,100,0.0,0.0
2024-08-16 11:03:00+09:00,3323.0,3323.0,3321.0,3321.0,1500,0.0,0.0
2024-08-16 11:04:00+09:00,3320.0,3320.0,3320.0,3320.0,100,0.0,0.0
2024-08-16 11:07:00+09:00,3317.0,3317.0,3316.0,3316.0,200,0.0,0.0
2024-08-16 11:08:00+09:00,3317.0,3317.0,3317.0,3317.0,100,0.0,0.0
2024-08-16 11:10:00+09:00,3316.0,3317.0,3316.0,3317.0,200,0.0,0.0
2024-08-16 11:11:00+09:00,3316.0,3316.0,3316.0,3316.0,100,0.0,0.0
2024-08-16 11:12:00+09:00,3318.0,3318.0,3318.0,3318.0,300,0.0,0.0
2024-08-16 11:15:00+09:00,3320.0,3320.0,3318.0,3318.0,500,0.0,0.0
2024-08-16 11:18:00+09:00,3320.0,3320.0,3319.0,3319.0,400,0.0,0.0
2024-08-16 11:19:00+09:00,3320.0,3320.0,3320.0,3320.0,600,0.0,0.0
2024-08-16 11:20:00+09:00,3319.0,3319.0,3318.0,3318.0,400,0.0,0.0
2024-08-16 11:22:00+09:00,3315.0,3315.0,3315.0,3315.0,200,0.0,0.0
2024-08-16 11:23:00+09:00,3314.0,3314.0,3314.0,3314.0,600,0.0,0.0
2024-08-16 11:24:00+09:00,3312.0,3312.0,3312.0,3312.0,100,0.0,0.0
2024-08-16 11:27:00+09:00,3312.0,3312.0,3312.0,3312.0,100,0.0,0.0
2024-08-16 11:28:00+09:00,3310.0,3310.0,3309.0,3309.0,300,0.0,0.0
2024-08-16 11:29:00+09:00,3308.0,3308.0,3308.0,3308.0,200,0.0,0.0
2024-08-16 11:30:00+09:00,3311.0,3311.0,3311.0,3311.0,200,0.0,0.0
2024-08-16 11:35:00+09:00,3311.0,3311.0,3311.0,3311.0,0,0.0,0.0
2024-08-16 12:30:00+09:00,3310.0,3313.0,3307.0,3312.0,70700,0.0,0.0
2024-08-16 12:31:00+09:00,3313.0,3316.0,3313.0,3316.0,1100,0.0,0.0
2024-08-16 12:33:00+09:00,3317.0,3317.0,3316.0,3316.0,200,0.0,0.0
2024-08-16 12:36:00+09:00,3315.0,3315.0,3313.0,3313.0,1600,0.0,0.0
2024-08-16 12:37:00+09:00,3312.0,3312.0,3312.0,3312.0,200,0.0,0.0
2024-08-16 12:38:00+09:00,3311.0,3311.0,3311.0,3311.0,100,0.0,0.0
2024-08-16 12:39:00+09:00,3311.0,3312.0,3311.0,3312.0,500,0.0,0.0
2024-08-16 12:40:00+09:00,3313.0,3317.0,3313.0,3317.0,800,0.0,0.0
2024-08-16 12:41:00+09:00,3317.0,3317.0,3315.0,3315.0,800,0.0,0.0
2024-08-16 12:42:00+09:00,3315.0,3316.0,3315.0,3316.0,500,0.0,0.0
2024-08-16 12:44:00+09:00,3316.0,3316.0,3316.0,3316.0,100,0.0,0.0
2024-08-16 12:45:00+09:00,3318.0,3318.0,3318.0,3318.0,100,0.0,0.0
2024-08-16 12:46:00+09:00,3320.0,3320.0,3320.0,3320.0,100,0.0,0.0
2024-08-16 12:47:00+09:00,3320.0,3320.0,3320.0,3320.0,100,0.0,0.0
2024-08-16 12:48:00+09:00,3319.0,3319.0,3319.0,3319.0,100,0.0,0.0
2024-08-16 12:49:00+09:00,3319.0,3319.0,3319.0,3319.0,400,0.0,0.0
2024-08-16 12:50:00+09:00,3319.0,3319.0,3319.0,3319.0,400,0.0,0.0
2024-08-16 12:51:00+09:00,3318.0,3318.0,3318.0,3318.0,400,0.0,0.0
2024-08-16 12:54:00+09:00,3317.0,3318.0,3316.0,3318.0,600,0.0,0.0
2024-08-16 12:55:00+09:00,3318.0,3319.0,3318.0,3319.0,700,0.0,0.0
2024-08-16 12:56:00+09:00,3321.0,3321.0,3320.0,3320.0,200,0.0,0.0
2024-08-16 12:59:00+09:00,3319.0,3319.0,3318.0,3318.0,500,0.0,0.0
2024-08-16 13:00:00+09:00,3320.0,3321.0,3320.0,3321.0,300,0.0,0.0
2024-08-16 13:01:00+09:00,3322.0,3322.0,3322.0,3322.0,100,0.0,0.0
2024-08-16 13:02:00+09:00,3322.0,3323.0,3322.0,3323.0,600,0.0,0.0
2024-08-16 13:03:00+09:00,3322.0,3322.0,3320.0,3320.0,2800,0.0,0.0
2024-08-16 13:06:00+09:00,3321.0,3322.0,3320.0,3320.0,400,0.0,0.0
2024-08-16 13:07:00+09:00,3322.0,3322.0,3322.0,3322.0,200,0.0,0.0
2024-08-16 13:14:00+09:00,3321.0,3321.0,3320.0,3320.0,1200,0.0,0.0
2024-08-16 13:15:00+09:00,3320.0,3320.0,3319.0,3320.0,600,0.0,0.0
2024-08-16 13:16:00+09:00,3320.0,3320.0,3319.0,3319.0,500,0.0,0.0
2024-08-16 13:18:00+09:00,3318.0,3318.0,3318.0,3318.0,200,0.0,0.0
2024-08-16 13:20:00+09:00,3320.0,3321.0,3320.0,3321.0,200,0.0,0.0
2024-08-16 13:21:00+09:00,3321.0,3321.0,3321.0,3321.0,300,0.0,0.0
2024-08-16 13:23:00+09:00,3321.0,3321.0,3320.0,3320.0,200,0.0,0.0
2024-08-16 13:24:00+09:00,3320.0,3320.0,3320.0,3320.0,400,0.0,0.0
2024-08-16 13:25:00+09:00,3318.0,3320.0,3318.0,3320.0,1000,0.0,0.0
2024-08-16 13:27:00+09:00,3320.0,3320.0,3318.0,3319.0,500,0.0,0.0
2024-08-16 13:30:00+09:00,3318.0,3320.0,3318.0,3320.0,700,0.0,0.0
2024-08-16 13:31:00+09:00,3319.0,3319.0,3319.0,3319.0,300,0.0,0.0
2024-08-16 13:32:00+09:00,3319.0,3319.0,3319.0,3319.0,200,0.0,0.0
2024-08-16 13:35:00+09:00,3319.0,3319.0,3319.0,3319.0,400,0.0,0.0
2024-08-16 13:36:00+09:00,3317.0,3317.0,3317.0,3317.0,200,0.0,0.0
2024-08-16 13:37:00+09:00,3316.0,3316.0,3316.0,3316.0,200,0.0,0.0
2024-08-16 13:39:00+09:00,3315.0,3315.0,3314.0,3314.0,600,0.0,0.0
2024-08-16 13:40:00+09:00,3313.0,3314.0,3313.0,3314.0,700,0.0,0.0
2024-08-16 13:41:00+09:00,3314.0,3315.0,3314.0,3315.0,500,0.0,0.0
2024-08-16 13:42:00+09:00,3316.0,3317.0,3316.0,3317.0,400,0.0,0.0
2024-08-16 13:43:00+09:00,3317.0,3317.0,3316.0,3316.0,600,0.0,0.0
2024-08-16 13:45:00+09:00,3317.0,3317.0,3317.0,3317.0,300,0.0,0.0
2024-08-16 13:47:00+09:00,3317.0,3317.0,3317.0,3317.0,100,0.0,0.0
2024-08-16 13:49:00+09:00,3318.0,3319.0,3318.0,3319.0,200,0.0,0.0
2024-08-16 13:51:00+09:00,3318.0,3319.0,3318.0,3319.0,900,0.0,0.0
2024-08-16 13:54:00+09:00,3319.0,3320.0,3319.0,3320.0,300,0.0,0.0
2024-08-16 13:56:00+09:00,3318.0,3318.0,3317.0,3317.0,700,0.0,0.0
2024-08-16 13:57:00+09:00,3318.0,3318.0,3318.0,3318.0,100,0.0,0.0
2024-08-16 13:58:00+09:00,3317.0,3317.0,3317.0,3317.0,100,0.0,0.0
2024-08-16 13:59:00+09:00,3318.0,3318.0,3318.0,3318.0,100,0.0,0.0
2024-08-16 14:00:00+09:00,3318.0,3318.0,3318.0,3318.0,700,0.0,0.0
2024-08-16 14:03:00+09:00,3319.0,3319.0,3317.0,3317.0,1500,0.0,0.0
2024-08-16 14:07:00+09:00,3318.0,3319.0,3318.0,3319.0,1000,0.0,0.0
2024-08-16 14:10:00+09:00,3320.0,3320.0,3320.0,3320.0,900,0.0,0.0
2024-08-16 14:11:00+09:00,3320.0,3321.0,3319.0,3320.0,800,0.0,0.0
2024-08-16 14:15:00+09:00,3321.0,3321.0,3320.0,3320.0,800,0.0,0.0
2024-08-16 14:16:00+09:00,3321.0,3321.0,3321.0,3321.0,1900,0.0,0.0
2024-08-16 14:17:00+09:00,3321.0,3321.0,3321.0,3321.0,200,0.0,0.0
2024-08-16 14:18:00+09:00,3320.0,3320.0,3319.0,3319.0,800,0.0,0.0
2024-08-16 14:21:00+09:00,3318.0,3318.0,3318.0,3318.0,1200,0.0,0.0
2024-08-16 14:22:00+09:00,3317.0,3319.0,3317.0,3319.0,1200,0.0,0.0
2024-08-16 14:23:00+09:00,3319.0,3319.0,3319.0,3319.0,200,0.0,0.0
2024-08-16 14:25:00+09:00,3319.0,3320.0,3319.0,3320.0,200,0.0,0.0
2024-08-16 14:26:00+09:00,3320.0,3320.0,3320.0,3320.0,100,0.0,0.0
2024-08-16 14:29:00+09:00,3321.0,3321.0,3319.0,3319.0,2300,0.0,0.0
2024-08-16 14:30:00+09:00,3320.0,3322.0,3320.0,3322.0,1300,0.0,0.0
2024-08-16 14:31:00+09:00,3322.0,3323.0,3322.0,3323.0,300,0.0,0.0
2024-08-16 14:33:00+09:00,3322.0,3322.0,3322.0,3322.0,200,0.0,0.0
2024-08-16 14:34:00+09:00,3322.0,3323.0,3322.0,3323.0,1700,0.0,0.0
2024-08-16 14:35:00+09:00,3323.0,3324.0,3323.0,3324.0,1600,0.0,0.0
2024-08-16 14:36:00+09:00,3324.0,3325.0,3324.0,3325.0,1400,0.0,0.0
2024-08-16 14:37:00+09:00,3324.0,3324.0,3324.0,3324.0,1300,0.0,0.0
2024-08-16 14:38:00+09:00,3324.0,3324.0,3324.0,3324.0,700,0.0,0.0
2024-08-16 14:39:00+09:00,3324.0,3324.0,3324.0,3324.0,300,0.0,0.0
2024-08-16 14:40:00+09:00,3324.0,3325.0,3324.0,3324.0,500,0.0,0.0
2024-08-16 14:41:00+09:00,3325.0,3328.0,3325.0,3328.0,2700,0.0,0.0
2024-08-16 14:42:00+09:00,3326.0,3327.0,3326.0,3327.0,1000,0.0,0.0
2024-08-16 14:43:00+09:00,3327.0,3328.0,3327.0,3327.0,400,0.0,0.0
2024-08-16 14:44:00+09:00,3327.0,3327.0,3327.0,3327.0,1000,0.0,0.0
2024-08-16 14:45:00+09:00,3326.0,3327.0,3326.0,3327.0,900,0.0,0.0
2024-08-16 14:46:00+09:00,3326.0,3326.0,3324.0,3324.0,900,0.0,0.0
2024-08-16 14:47:00+09:00,3325.0,3326.0,3325.0,3326.0,1300,0.0,0.0
2024-08-16 14:48:00+09:00,3325.0,3325.0,3325.0,3325.0,400,0.0,0.0
2024-08-16 14:49:00+09:00,3325.0,3326.0,3324.0,3324.0,1600,0.0,0.0
2024-08-16 14:50:00+09:00,3326.0,3327.0,3326.0,3327.0,600,0.0,0.0
2024-08-16 14:51:00+09:00,3327.0,3327.0,3327.0,3327.0,200,0.0,0.0
2024-08-16 14:52:00+09:00,3328.0,3330.0,3328.0,3330.0,2900,0.0,0.0
2024-08-16 14:53:00+09:00,3330.0,3331.0,3330.0,3331.0,2000,0.0,0.0
2024-08-16 14:54:00+09:00,3331.0,3332.0,3328.0,3332.0,3400,0.0,0.0
2024-08-16 14:56:00+09:00,3332.0,3334.0,3331.0,3333.0,1200,0.0,0.0
2024-08-16 14:57:00+09:00,3334.0,3334.0,3333.0,3333.0,700,0.0,0.0
2024-08-16 14:58:00+09:00,3335.0,3335.0,3333.0,3333.0,1100,0.0,0.0
2024-08-16 14:59:00+09:00,3335.0,3340.0,3328.0,3340.0,15900,0.0,0.0
