Datetime,Open,High,Low,Close,Volume,Dividends,Stock Splits
2024-09-20 09:00:00+09:00,6690.0,6710.0,6640.0,6640.0,0,0.0,0.0
2024-09-20 09:05:00+09:00,6650.0,6690.0,6650.0,6660.0,33974,0.0,0.0
2024-09-20 09:10:00+09:00,6670.0,6670.0,6600.0,6610.0,46994,0.0,0.0
2024-09-20 09:15:00+09:00,6610.0,6690.0,6610.0,6660.0,35926,0.0,0.0
2024-09-20 09:20:00+09:00,6660.0,6660.0,6620.0,6630.0,31349,0.0,0.0
2024-09-20 09:25:00+09:00,6630.0,6630.0,6600.0,6610.0,28153,0.0,0.0
2024-09-20 09:30:00+09:00,6610.0,6620.0,6580.0,6580.0,21236,0.0,0.0
2024-09-20 09:35:00+09:00,6580.0,6600.0,6540.0,6540.0,40708,0.0,0.0
2024-09-20 09:40:00+09:00,6550.0,6570.0,6540.0,6550.0,43390,0.0,0.0
2024-09-20 09:45:00+09:00,6550.0,6600.0,6550.0,6580.0,15583,0.0,0.0
2024-09-20 09:50:00+09:00,6590.0,6610.0,6560.0,6570.0,23230,0.0,0.0
2024-09-20 09:55:00+09:00,6570.0,6600.0,6570.0,6600.0,10130,0.0,0.0
2024-09-20 10:00:00+09:00,6580.0,6640.0,6570.0,6640.0,15488,0.0,0.0
2024-09-20 10:05:00+09:00,6630.0,6660.0,6630.0,6650.0,13009,0.0,0.0
2024-09-20 10:10:00+09:00,6650.0,6670.0,6620.0,6640.0,15959,0.0,0.0
2024-09-20 10:15:00+09:00,6660.0,6660.0,6600.0,6610.0,13730,0.0,0.0
2024-09-20 10:20:00+09:00,6610.0,6630.0,6590.0,6590.0,8084,0.0,0.0
2024-09-20 10:25:00+09:00,6590.0,6600.0,6570.0,6590.0,6336,0.0,0.0
2024-09-20 10:30:00+09:00,6590.0,6630.0,6590.0,6600.0,4273,0.0,0.0
2024-09-20 10:35:00+09:00,6600.0,6610.0,6580.0,6580.0,3510,0.0,0.0
2024-09-20 10:40:00+09:00,6590.0,6590.0,6560.0,6560.0,11126,0.0,0.0
2024-09-20 10:45:00+09:00,6560.0,6590.0,6560.0,6580.0,2519,0.0,0.0
2024-09-20 10:50:00+09:00,6580.0,6580.0,6510.0,6530.0,48549,0.0,0.0
2024-09-20 10:55:00+09:00,6520.0,6580.0,6520.0,6540.0,10458,0.0,0.0
2024-09-20 11:00:00+09:00,6540.0,6550.0,6470.0,6490.0,46472,0.0,0.0
2024-09-20 11:05:00+09:00,6490.0,6500.0,6460.0,6470.0,23103,0.0,0.0
2024-09-20 11:10:00+09:00,6470.0,6520.0,6470.0,6480.0,16117,0.0,0.0
2024-09-20 11:15:00+09:00,6480.0,6530.0,6470.0,6490.0,14939,0.0,0.0
2024-09-20 11:20:00+09:00,6470.0,6500.0,6470.0,6490.0,5926,0.0,0.0
2024-09-20 11:25:00+09:00,6490.0,6500.0,6460.0,6460.0,11719,0.0,0.0
2024-09-20 11:30:00+09:00,6470.0,6500.0,6460.0,6490.0,5925,0.0,0.0
2024-09-20 11:35:00+09:00,6490.0,6500.0,6480.0,6500.0,3153,0.0,0.0
2024-09-20 11:40:00+09:00,6490.0,6530.0,6490.0,6490.0,7822,0.0,0.0
2024-09-20 11:45:00+09:00,6500.0,6500.0,6480.0,6480.0,9650,0.0,0.0
2024-09-20 11:50:00+09:00,6480.0,6510.0,6460.0,6470.0,12473,0.0,0.0
2024-09-20 11:55:00+09:00,6480.0,6480.0,6460.0,6470.0,8163,0.0,0.0
2024-09-20 12:00:00+09:00,6470.0,6480.0,6470.0,6470.0,3537,0.0,0.0
2024-09-20 12:05:00+09:00,6470.0,6480.0,6460.0,6460.0,8124,0.0,0.0
2024-09-20 12:10:00+09:00,6470.0,6470.0,6450.0,6460.0,9230,0.0,0.0
2024-09-20 12:15:00+09:00,6470.0,6570.0,6460.0,6560.0,23244,0.0,0.0
2024-09-20 12:20:00+09:00,6560.0,6560.0,6520.0,6550.0,4142,0.0,0.0
2024-09-20 12:25:00+09:00,6550.0,6550.0,6530.0,6540.0,1386,0.0,0.0
2024-09-20 12:30:00+09:00,6540.0,6540.0,6520.0,6540.0,4265,0.0,0.0
2024-09-20 12:35:00+09:00,6540.0,6540.0,6530.0,6540.0,1561,0.0,0.0
2024-09-20 12:40:00+09:00,6530.0,6540.0,6520.0,6530.0,6079,0.0,0.0
2024-09-20 12:45:00+09:00,6530.0,6540.0,6520.0,6540.0,1801,0.0,0.0
2024-09-20 12:50:00+09:00,6530.0,6590.0,6530.0,6560.0,12626,0.0,0.0
2024-09-20 12:55:00+09:00,6560.0,6580.0,6560.0,6560.0,12113,0.0,0.0
2024-09-20 13:00:00+09:00,6560.0,6580.0,6560.0,6570.0,5326,0.0,0.0
2024-09-20 13:05:00+09:00,6560.0,6570.0,6560.0,6560.0,3099,0.0,0.0
2024-09-20 13:10:00+09:00,6560.0,6570.0,6550.0,6560.0,2366,0.0,0.0
2024-09-20 13:15:00+09:00,6560.0,6560.0,6530.0,6540.0,4195,0.0,0.0
2024-09-20 13:20:00+09:00,6540.0,6540.0,6520.0,6540.0,4409,0.0,0.0
2024-09-20 13:25:00+09:00,6540.0,6550.0,6530.0,6540.0,1814,0.0,0.0
2024-09-20 13:30:00+09:00,6550.0,6570.0,6540.0,6570.0,3055,0.0,0.0
2024-09-20 13:35:00+09:00,6570.0,6570.0,6560.0,6570.0,4527,0.0,0.0
2024-09-20 13:40:00+09:00,6560.0,6570.0,6540.0,6550.0,10600,0.0,0.0
2024-09-20 13:45:00+09:00,6540.0,6550.0,6520.0,6540.0,10784,0.0,0.0
2024-09-20 13:50:00+09:00,6540.0,6550.0,6520.0,6530.0,4068,0.0,0.0
2024-09-20 13:55:00+09:00,6530.0,6540.0,6520.0,6520.0,10568,0.0,0.0
2024-09-20 14:00:00+09:00,6530.0,6530.0,6500.0,6520.0,14376,0.0,0.0
2024-09-20 14:05:00+09:00,6520.0,6520.0,6510.0,6510.0,1178,0.0,0.0
2024-09-20 14:10:00+09:00,6510.0,6520.0,6500.0,6510.0,7794,0.0,0.0
2024-09-20 14:15:00+09:00,6520.0,6520.0,6500.0,6500.0,3184,0.0,0.0
2024-09-20 14:20:00+09:00,6510.0,6510.0,6490.0,6490.0,10005,0.0,0.0
2024-09-20 14:25:00+09:00,6490.0,6560.0,6490.0,6550.0,8934,0.0,0.0
2024-09-20 14:30:00+09:00,6520.0,6550.0,6460.0,6460.0,22635,0.0,0.0
2024-09-20 14:35:00+09:00,6460.0,6470.0,6450.0,6450.0,32773,0.0,0.0
2024-09-20 14:40:00+09:00,6450.0,6480.0,6430.0,6460.0,19285,0.0,0.0
2024-09-20 14:45:00+09:00,6460.0,6460.0,6420.0,6440.0,13760,0.0,0.0
2024-09-20 14:50:00+09:00,6440.0,6450.0,6430.0,6450.0,5576,0.0,0.0
2024-09-20 14:55:00+09:00,6440.0,6450.0,6430.0,6430.0,6484,0.0,0.0
2024-09-23 09:00:00+09:00,6430.0,6430.0,6300.0,6340.0,0,0.0,0.0
2024-09-23 09:05:00+09:00,6350.0,6410.0,6340.0,6400.0,10180,0.0,0.0
2024-09-23 09:10:00+09:00,6400.0,6460.0,6350.0,6460.0,26041,0.0,0.0
2024-09-23 09:15:00+09:00,6430.0,6490.0,6430.0,6470.0,17323,0.0,0.0
2024-09-23 09:20:00+09:00,6470.0,6500.0,6460.0,6490.0,22628,0.0,0.0
2024-09-23 09:25:00+09:00,6490.0,6500.0,6470.0,6490.0,10057,0.0,0.0
2024-09-23 09:30:00+09:00,6480.0,6490.0,6450.0,6460.0,37166,0.0,0.0
2024-09-23 09:35:00+09:00,6460.0,6480.0,6420.0,6460.0,10660,0.0,0.0
2024-09-23 09:40:00+09:00,6470.0,6570.0,6460.0,6520.0,47404,0.0,0.0
2024-09-23 09:45:00+09:00,6530.0,6570.0,6490.0,6490.0,19879,0.0,0.0
2024-09-23 09:50:00+09:00,6490.0,6520.0,6480.0,6510.0,9783,0.0,0.0
2024-09-23 09:55:00+09:00,6510.0,6510.0,6480.0,6480.0,9364,0.0,0.0
2024-09-23 10:00:00+09:00,6510.0,6530.0,6490.0,6520.0,19776,0.0,0.0
2024-09-23 10:05:00+09:00,6510.0,6520.0,6480.0,6520.0,7814,0.0,0.0
2024-09-23 10:10:00+09:00,6530.0,6530.0,6480.0,6500.0,12415,0.0,0.0
2024-09-23 10:15:00+09:00,6500.0,6520.0,6460.0,6460.0,16930,0.0,0.0
2024-09-23 10:20:00+09:00,6460.0,6490.0,6450.0,6470.0,5046,0.0,0.0
2024-09-23 10:25:00+09:00,6460.0,6470.0,6440.0,6460.0,10019,0.0,0.0
2024-09-23 10:30:00+09:00,6460.0,6460.0,6440.0,6450.0,5198,0.0,0.0
2024-09-23 10:35:00+09:00,6450.0,6450.0,6430.0,6440.0,6409,0.0,0.0
2024-09-23 10:40:00+09:00,6430.0,6480.0,6430.0,6480.0,5548,0.0,0.0
2024-09-23 10:45:00+09:00,6460.0,6470.0,6460.0,6460.0,3668,0.0,0.0
2024-09-23 10:50:00+09:00,6460.0,6470.0,6460.0,6460.0,900,0.0,0.0
2024-09-23 10:55:00+09:00,6470.0,6480.0,6460.0,6480.0,2960,0.0,0.0
2024-09-23 11:00:00+09:00,6480.0,6480.0,6430.0,6440.0,5225,0.0,0.0
2024-09-23 11:05:00+09:00,6440.0,6470.0,6440.0,6450.0,2590,0.0,0.0
2024-09-23 11:10:00+09:00,6450.0,6460.0,6440.0,6460.0,1319,0.0,0.0
2024-09-23 11:15:00+09:00,6460.0,6460.0,6440.0,6460.0,674,0.0,0.0
2024-09-23 11:20:00+09:00,6460.0,6460.0,6440.0,6440.0,1826,0.0,0.0
2024-09-23 11:25:00+09:00,6440.0,6470.0,6440.0,6450.0,4057,0.0,0.0
2024-09-23 11:30:00+09:00,6460.0,6460.0,6450.0,6450.0,245,0.0,0.0
2024-09-23 11:35:00+09:00,6460.0,6470.0,6440.0,6470.0,3551,0.0,0.0
2024-09-23 11:40:00+09:00,6460.0,6460.0,6450.0,6460.0,136,0.0,0.0
2024-09-23 11:45:00+09:00,6460.0,6470.0,6440.0,6440.0,3864,0.0,0.0
2024-09-23 11:50:00+09:00,6450.0,6450.0,6430.0,6450.0,4438,0.0,0.0
2024-09-23 11:55:00+09:00,6440.0,6450.0,6430.0,6440.0,2122,0.0,0.0
2024-09-23 12:00:00+09:00,6440.0,6440.0,6420.0,6440.0,3024,0.0,0.0
2024-09-23 12:05:00+09:00,6440.0,6440.0,6420.0,6430.0,4295,0.0,0.0
2024-09-23 12:10:00+09:00,6430.0,6440.0,6430.0,6440.0,3667,0.0,0.0
2024-09-23 12:15:00+09:00,6430.0,6450.0,6430.0,6440.0,2792,0.0,0.0
2024-09-23 12:20:00+09:00,6440.0,6460.0,6430.0,6450.0,6398,0.0,0.0
2024-09-23 12:25:00+09:00,6450.0,6450.0,6430.0,6430.0,637,0.0,0.0
2024-09-23 12:30:00+09:00,6430.0,6450.0,6420.0,6450.0,3354,0.0,0.0
2024-09-23 12:35:00+09:00,6450.0,6450.0,6420.0,6450.0,609,0.0,0.0
2024-09-23 12:40:00+09:00,6430.0,6440.0,6430.0,6430.0,3167,0.0,0.0
2024-09-23 12:45:00+09:00,6430.0,6440.0,6420.0,6420.0,7227,0.0,0.0
2024-09-23 12:50:00+09:00,6420.0,6440.0,6410.0,6430.0,0,0.0,0.0
2024-09-23 12:55:00+09:00,6440.0,6440.0,6430.0,6430.0,915,0.0,0.0
2024-09-23 13:00:00+09:00,6430.0,6430.0,6420.0,6420.0,640,0.0,0.0
2024-09-23 13:05:00+09:00,6430.0,6440.0,6420.0,6440.0,2944,0.0,0.0
2024-09-23 13:10:00+09:00,6430.0,6440.0,6430.0,6430.0,2646,0.0,0.0
2024-09-23 13:15:00+09:00,6430.0,6450.0,6430.0,6430.0,877,0.0,0.0
2024-09-23 13:20:00+09:00,6430.0,6440.0,6430.0,6430.0,1096,0.0,0.0
2024-09-23 13:25:00+09:00,6430.0,6450.0,6430.0,6440.0,2539,0.0,0.0
2024-09-23 13:30:00+09:00,6440.0,6460.0,6440.0,6460.0,3631,0.0,0.0
2024-09-23 13:35:00+09:00,6460.0,6460.0,6440.0,6450.0,4301,0.0,0.0
2024-09-23 13:40:00+09:00,6450.0,6450.0,6420.0,6430.0,6013,0.0,0.0
2024-09-23 13:45:00+09:00,6430.0,6450.0,6420.0,6420.0,3691,0.0,0.0
2024-09-23 13:50:00+09:00,6430.0,6450.0,6430.0,6440.0,958,0.0,0.0
2024-09-23 13:55:00+09:00,6450.0,6460.0,6440.0,6460.0,3285,0.0,0.0
2024-09-23 14:00:00+09:00,6440.0,6450.0,6430.0,6430.0,1617,0.0,0.0
2024-09-23 14:05:00+09:00,6440.0,6450.0,6420.0,6420.0,11769,0.0,0.0
2024-09-23 14:10:00+09:00,6420.0,6440.0,6410.0,6430.0,3995,0.0,0.0
2024-09-23 14:15:00+09:00,6420.0,6430.0,6410.0,6420.0,2085,0.0,0.0
2024-09-23 14:20:00+09:00,6410.0,6420.0,6400.0,6420.0,9100,0.0,0.0
2024-09-23 14:25:00+09:00,6420.0,6420.0,6400.0,6410.0,1623,0.0,0.0
2024-09-23 14:30:00+09:00,6410.0,6420.0,6400.0,6410.0,3979,0.0,0.0
2024-09-23 14:35:00+09:00,6400.0,6430.0,6400.0,6420.0,3746,0.0,0.0
2024-09-23 14:40:00+09:00,6430.0,6430.0,6400.0,6410.0,5281,0.0,0.0
2024-09-23 14:45:00+09:00,6410.0,6420.0,6390.0,6390.0,14267,0.0,0.0
2024-09-23 14:50:00+09:00,6400.0,6420.0,6390.0,6420.0,8184,0.0,0.0
2024-09-23 14:55:00+09:00,6420.0,6420.0,6390.0,6410.0,5832,0.0,0.0
2024-09-24 09:00:00+09:00,6450.0,6460.0,6390.0,6420.0,29021,0.0,0.0
2024-09-24 09:05:00+09:00,6420.0,6450.0,6390.0,6430.0,13078,0.0,0.0
2024-09-24 09:10:00+09:00,6430.0,6470.0,6400.0,6460.0,17700,0.0,0.0
2024-09-24 09:15:00+09:00,6460.0,6490.0,6440.0,6480.0,16742,0.0,0.0
2024-09-24 09:20:00+09:00,6480.0,6510.0,6450.0,6510.0,14768,0.0,0.0
2024-09-24 09:25:00+09:00,6510.0,6580.0,6500.0,6540.0,47464,0.0,0.0
2024-09-24 09:30:00+09:00,6540.0,6560.0,6530.0,6560.0,18211,0.0,0.0
2024-09-24 09:35:00+09:00,6550.0,6560.0,6480.0,6510.0,13348,0.0,0.0
2024-09-24 09:40:00+09:00,6510.0,6510.0,6480.0,6510.0,9097,0.0,0.0
2024-09-24 09:45:00+09:00,6500.0,6550.0,6490.0,6540.0,8722,0.0,0.0
2024-09-24 09:50:00+09:00,6540.0,6590.0,6540.0,6550.0,23786,0.0,0.0
2024-09-24 09:55:00+09:00,6560.0,6570.0,6530.0,6530.0,11204,0.0,0.0
2024-09-24 10:00:00+09:00,6550.0,6580.0,6550.0,6560.0,11028,0.0,0.0
2024-09-24 10:05:00+09:00,6560.0,6560.0,6540.0,6550.0,6918,0.0,0.0
2024-09-24 10:10:00+09:00,6550.0,6550.0,6510.0,6530.0,11203,0.0,0.0
2024-09-24 10:15:00+09:00,6530.0,6560.0,6530.0,6560.0,3644,0.0,0.0
2024-09-24 10:20:00+09:00,6560.0,6560.0,6520.0,6550.0,4405,0.0,0.0
2024-09-24 10:25:00+09:00,6550.0,6550.0,6520.0,6540.0,4142,0.0,0.0
2024-09-24 10:30:00+09:00,6530.0,6540.0,6520.0,6530.0,1641,0.0,0.0
2024-09-24 10:35:00+09:00,6530.0,6540.0,6520.0,6520.0,6567,0.0,0.0
2024-09-24 10:40:00+09:00,6520.0,6540.0,6510.0,6520.0,1816,0.0,0.0
2024-09-24 10:45:00+09:00,6520.0,6520.0,6490.0,6490.0,5218,0.0,0.0
2024-09-24 10:50:00+09:00,6500.0,6500.0,6460.0,6460.0,10975,0.0,0.0
2024-09-24 10:55:00+09:00,6470.0,6480.0,6460.0,6460.0,5669,0.0,0.0
2024-09-24 11:00:00+09:00,6460.0,6460.0,6440.0,6450.0,15715,0.0,0.0
2024-09-24 11:05:00+09:00,6450.0,6460.0,6450.0,6460.0,2923,0.0,0.0
2024-09-24 11:10:00+09:00,6460.0,6470.0,6460.0,6460.0,2632,0.0,0.0
2024-09-24 11:15:00+09:00,6450.0,6450.0,6430.0,6440.0,11911,0.0,0.0
2024-09-24 11:20:00+09:00,6440.0,6470.0,6430.0,6470.0,2648,0.0,0.0
2024-09-24 11:25:00+09:00,6450.0,6460.0,6430.0,6430.0,4459,0.0,0.0
2024-09-24 11:30:00+09:00,6430.0,6430.0,6390.0,6400.0,17310,0.0,0.0
2024-09-24 11:35:00+09:00,6390.0,6400.0,6380.0,6400.0,5654,0.0,0.0
2024-09-24 11:40:00+09:00,6400.0,6430.0,6400.0,6410.0,2869,0.0,0.0
2024-09-24 11:45:00+09:00,6420.0,6420.0,6420.0,6420.0,678,0.0,0.0
2024-09-24 11:50:00+09:00,6430.0,6430.0,6420.0,6420.0,1199,0.0,0.0
2024-09-24 11:55:00+09:00,6420.0,6420.0,6390.0,6400.0,4775,0.0,0.0
2024-09-24 12:00:00+09:00,6400.0,6400.0,6390.0,6400.0,3869,0.0,0.0
2024-09-24 12:05:00+09:00,6400.0,6410.0,6400.0,6400.0,2153,0.0,0.0
2024-09-24 12:10:00+09:00,6400.0,6400.0,6400.0,6400.0,1348,0.0,0.0
2024-09-24 12:15:00+09:00,6400.0,6410.0,6400.0,6400.0,553,0.0,0.0
2024-09-24 12:20:00+09:00,6390.0,6400.0,6380.0,6390.0,7469,0.0,0.0
2024-09-24 12:25:00+09:00,6390.0,6400.0,6360.0,6370.0,10290,0.0,0.0
2024-09-24 12:30:00+09:00,6370.0,6410.0,6370.0,6400.0,5102,0.0,0.0
2024-09-24 12:35:00+09:00,6380.0,6400.0,6360.0,6390.0,2806,0.0,0.0
2024-09-24 12:40:00+09:00,6390.0,6400.0,6360.0,6370.0,3060,0.0,0.0
2024-09-24 12:45:00+09:00,6370.0,6410.0,6360.0,6390.0,8682,0.0,0.0
2024-09-24 12:50:00+09:00,6390.0,6400.0,6370.0,6380.0,4090,0.0,0.0
2024-09-24 12:55:00+09:00,6400.0,6400.0,6390.0,6400.0,46,0.0,0.0
2024-09-24 13:00:00+09:00,6390.0,6400.0,6390.0,6390.0,658,0.0,0.0
2024-09-24 13:05:00+09:00,6390.0,6400.0,6390.0,6400.0,2349,0.0,0.0
2024-09-24 13:10:00+09:00,6390.0,6400.0,6390.0,6400.0,1718,0.0,0.0
2024-09-24 13:15:00+09:00,6410.0,6410.0,6400.0,6400.0,1635,0.0,0.0
2024-09-24 13:20:00+09:00,6410.0,6420.0,6380.0,6380.0,12820,0.0,0.0
2024-09-24 13:25:00+09:00,6380.0,6380.0,6380.0,6380.0,1713,0.0,0.0
2024-09-24 13:30:00+09:00,6390.0,6390.0,6360.0,6370.0,4393,0.0,0.0
2024-09-24 13:35:00+09:00,6370.0,6390.0,6370.0,6390.0,1969,0.0,0.0
2024-09-24 13:40:00+09:00,6390.0,6410.0,6390.0,6400.0,2248,0.0,0.0
2024-09-24 13:45:00+09:00,6400.0,6400.0,6390.0,6400.0,449,0.0,0.0
2024-09-24 13:50:00+09:00,6400.0,6420.0,6390.0,6410.0,4846,0.0,0.0
2024-09-24 13:55:00+09:00,6410.0,6420.0,6410.0,6420.0,1072,0.0,0.0
2024-09-24 14:00:00+09:00,6420.0,6450.0,6420.0,6420.0,5999,0.0,0.0
2024-09-24 14:05:00+09:00,6420.0,6450.0,6420.0,6450.0,1575,0.0,0.0
2024-09-24 14:10:00+09:00,6430.0,6450.0,6410.0,6410.0,6510,0.0,0.0
2024-09-24 14:15:00+09:00,6420.0,6450.0,6420.0,6440.0,2429,0.0,0.0
2024-09-24 14:20:00+09:00,6440.0,6450.0,6430.0,6430.0,1845,0.0,0.0
2024-09-24 14:25:00+09:00,6420.0,6420.0,6400.0,6420.0,13085,0.0,0.0
2024-09-24 14:30:00+09:00,6410.0,6410.0,6390.0,6410.0,1883,0.0,0.0
2024-09-24 14:35:00+09:00,6410.0,6420.0,6400.0,6420.0,2463,0.0,0.0
2024-09-24 14:40:00+09:00,6420.0,6420.0,6410.0,6410.0,627,0.0,0.0
2024-09-24 14:45:00+09:00,6410.0,6410.0,6400.0,6400.0,4407,0.0,0.0
2024-09-24 14:50:00+09:00,6400.0,6410.0,6400.0,6410.0,1933,0.0,0.0
2024-09-24 14:55:00+09:00,6400.0,6400.0,6390.0,6400.0,5255,0.0,0.0
2024-09-25 09:00:00+09:00,6500.0,6680.0,6480.0,6580.0,186241,0.0,0.0
2024-09-25 09:05:00+09:00,6580.0,6720.0,6570.0,6670.0,248319,0.0,0.0
2024-09-25 09:10:00+09:00,6680.0,6690.0,6610.0,6640.0,69294,0.0,0.0
2024-09-25 09:15:00+09:00,6640.0,6640.0,6540.0,6580.0,50841,0.0,0.0
2024-09-25 09:20:00+09:00,6570.0,6610.0,6560.0,6590.0,30039,0.0,0.0
2024-09-25 09:25:00+09:00,6580.0,6590.0,6550.0,6590.0,13573,0.0,0.0
2024-09-25 09:30:00+09:00,6590.0,6630.0,6590.0,6610.0,32343,0.0,0.0
2024-09-25 09:35:00+09:00,6610.0,6610.0,6550.0,6600.0,35082,0.0,0.0
2024-09-25 09:40:00+09:00,6590.0,6610.0,6580.0,6590.0,21970,0.0,0.0
2024-09-25 09:45:00+09:00,6580.0,6590.0,6550.0,6570.0,19213,0.0,0.0
2024-09-25 09:50:00+09:00,6580.0,6580.0,6530.0,6560.0,19606,0.0,0.0
2024-09-25 09:55:00+09:00,6560.0,6560.0,6490.0,6540.0,30098,0.0,0.0
2024-09-25 10:00:00+09:00,6540.0,6540.0,6510.0,6520.0,7413,0.0,0.0
2024-09-25 10:05:00+09:00,6520.0,6520.0,6490.0,6500.0,25364,0.0,0.0
2024-09-25 10:10:00+09:00,6500.0,6510.0,6470.0,6470.0,24870,0.0,0.0
2024-09-25 10:15:00+09:00,6470.0,6490.0,6460.0,6460.0,8643,0.0,0.0
2024-09-25 10:20:00+09:00,6470.0,6480.0,6450.0,6480.0,8418,0.0,0.0
2024-09-25 10:25:00+09:00,6470.0,6520.0,6460.0,6520.0,4706,0.0,0.0
2024-09-25 10:30:00+09:00,6510.0,6520.0,6500.0,6500.0,5581,0.0,0.0
2024-09-25 10:35:00+09:00,6490.0,6500.0,6470.0,6500.0,4023,0.0,0.0
2024-09-25 10:40:00+09:00,6500.0,6500.0,6460.0,6500.0,7206,0.0,0.0
2024-09-25 10:45:00+09:00,6490.0,6490.0,6460.0,6470.0,3456,0.0,0.0
2024-09-25 10:50:00+09:00,6470.0,6480.0,6460.0,6460.0,1556,0.0,0.0
2024-09-25 10:55:00+09:00,6460.0,6480.0,6450.0,6460.0,4242,0.0,0.0
2024-09-25 11:00:00+09:00,6450.0,6480.0,6440.0,6470.0,3401,0.0,0.0
2024-09-25 11:05:00+09:00,6460.0,6470.0,6440.0,6460.0,4365,0.0,0.0
2024-09-25 11:10:00+09:00,6460.0,6460.0,6430.0,6430.0,10491,0.0,0.0
2024-09-25 11:15:00+09:00,6430.0,6460.0,6430.0,6450.0,3524,0.0,0.0
2024-09-25 11:20:00+09:00,6440.0,6460.0,6440.0,6440.0,2696,0.0,0.0
2024-09-25 11:25:00+09:00,6450.0,6460.0,6440.0,6460.0,1121,0.0,0.0
2024-09-25 11:30:00+09:00,6440.0,6460.0,6440.0,6460.0,1473,0.0,0.0
2024-09-25 11:35:00+09:00,6450.0,6470.0,6450.0,6470.0,707,0.0,0.0
2024-09-25 11:40:00+09:00,6470.0,6470.0,6460.0,6470.0,1396,0.0,0.0
2024-09-25 11:45:00+09:00,6470.0,6470.0,6430.0,6440.0,6044,0.0,0.0
2024-09-25 11:50:00+09:00,6440.0,6450.0,6410.0,6420.0,18847,0.0,0.0
2024-09-25 11:55:00+09:00,6420.0,6420.0,6380.0,6390.0,15945,0.0,0.0
2024-09-25 12:00:00+09:00,6380.0,6410.0,6360.0,6400.0,19863,0.0,0.0
2024-09-25 12:05:00+09:00,6390.0,6410.0,6380.0,6410.0,992,0.0,0.0
2024-09-25 12:10:00+09:00,6410.0,6440.0,6400.0,6400.0,4892,0.0,0.0
2024-09-25 12:15:00+09:00,6430.0,6430.0,6420.0,6430.0,1681,0.0,0.0
2024-09-25 12:20:00+09:00,6420.0,6440.0,6420.0,6440.0,4057,0.0,0.0
2024-09-25 12:25:00+09:00,6440.0,6440.0,6420.0,6430.0,822,0.0,0.0
2024-09-25 12:30:00+09:00,6420.0,6430.0,6410.0,6430.0,1911,0.0,0.0
2024-09-25 12:35:00+09:00,6430.0,6470.0,6410.0,6460.0,5352,0.0,0.0
2024-09-25 12:40:00+09:00,6460.0,6460.0,6420.0,6430.0,1335,0.0,0.0
2024-09-25 12:45:00+09:00,6430.0,6440.0,6430.0,6430.0,590,0.0,0.0
2024-09-25 12:50:00+09:00,6420.0,6460.0,6420.0,6430.0,2312,0.0,0.0
2024-09-25 12:55:00+09:00,6430.0,6450.0,6420.0,6420.0,1089,0.0,0.0
2024-09-25 13:00:00+09:00,6430.0,6440.0,6410.0,6420.0,5882,0.0,0.0
2024-09-25 13:05:00+09:00,6420.0,6430.0,6410.0,6430.0,4221,0.0,0.0
2024-09-25 13:10:00+09:00,6420.0,6440.0,6420.0,6430.0,1328,0.0,0.0
2024-09-25 13:15:00+09:00,6430.0,6430.0,6420.0,6430.0,351,0.0,0.0
2024-09-25 13:20:00+09:00,6430.0,6430.0,6420.0,6430.0,1284,0.0,0.0
2024-09-25 13:25:00+09:00,6430.0,6440.0,6390.0,6410.0,8717,0.0,0.0
2024-09-25 13:30:00+09:00,6420.0,6430.0,6410.0,6430.0,1391,0.0,0.0
2024-09-25 13:35:00+09:00,6420.0,6440.0,6410.0,6440.0,1959,0.0,0.0
2024-09-25 13:40:00+09:00,6440.0,6440.0,6400.0,6400.0,1356,0.0,0.0
2024-09-25 13:45:00+09:00,6400.0,6420.0,6400.0,6420.0,776,0.0,0.0
2024-09-25 13:50:00+09:00,6420.0,6430.0,6420.0,6430.0,1930,0.0,0.0
2024-09-25 13:55:00+09:00,6440.0,6440.0,6420.0,6430.0,2532,0.0,0.0
2024-09-25 14:00:00+09:00,6410.0,6440.0,6410.0,6440.0,1190,0.0,0.0
2024-09-25 14:05:00+09:00,6420.0,6430.0,6400.0,6400.0,1428,0.0,0.0
2024-09-25 14:10:00+09:00,6400.0,6410.0,6390.0,6390.0,8778,0.0,0.0
2024-09-25 14:15:00+09:00,6390.0,6400.0,6370.0,6390.0,10997,0.0,0.0
2024-09-25 14:20:00+09:00,6390.0,6440.0,6380.0,6430.0,11764,0.0,0.0
2024-09-25 14:25:00+09:00,6420.0,6440.0,6410.0,6430.0,5245,0.0,0.0
2024-09-25 14:30:00+09:00,6420.0,6440.0,6410.0,6410.0,6585,0.0,0.0
2024-09-25 14:35:00+09:00,6410.0,6430.0,6390.0,6390.0,11704,0.0,0.0
2024-09-25 14:40:00+09:00,6390.0,6400.0,6380.0,6400.0,6059,0.0,0.0
2024-09-25 14:45:00+09:00,6390.0,6400.0,6340.0,6390.0,18029,0.0,0.0
2024-09-25 14:50:00+09:00,6370.0,6400.0,6340.0,6350.0,32746,0.0,0.0
2024-09-25 14:55:00+09:00,6370.0,6390.0,6340.0,6350.0,6723,0.0,0.0
2024-09-26 09:00:00+09:00,6400.0,6480.0,6390.0,6440.0,59565,0.0,0.0
2024-09-26 09:05:00+09:00,6450.0,6450.0,6400.0,6430.0,7555,0.0,0.0
2024-09-26 09:10:00+09:00,6430.0,6430.0,6330.0,6380.0,31783,0.0,0.0
2024-09-26 09:15:00+09:00,6370.0,6410.0,6340.0,6360.0,21931,0.0,0.0
2024-09-26 09:20:00+09:00,6380.0,6380.0,6310.0,6380.0,30164,0.0,0.0
2024-09-26 09:25:00+09:00,6340.0,6360.0,6320.0,6320.0,14544,0.0,0.0
2024-09-26 09:30:00+09:00,6320.0,6370.0,6320.0,6370.0,9692,0.0,0.0
2024-09-26 09:35:00+09:00,6370.0,6390.0,6330.0,6390.0,11836,0.0,0.0
2024-09-26 09:40:00+09:00,6380.0,6400.0,6360.0,6400.0,11613,0.0,0.0
2024-09-26 09:45:00+09:00,6390.0,6400.0,6360.0,6370.0,8621,0.0,0.0
2024-09-26 09:50:00+09:00,6370.0,6370.0,6340.0,6350.0,3232,0.0,0.0
2024-09-26 09:55:00+09:00,6350.0,6390.0,6330.0,6390.0,9573,0.0,0.0
2024-09-26 10:00:00+09:00,6390.0,6390.0,6370.0,6390.0,4422,0.0,0.0
2024-09-26 10:05:00+09:00,6380.0,6390.0,6370.0,6380.0,2187,0.0,0.0
2024-09-26 10:10:00+09:00,6390.0,6400.0,6360.0,6360.0,11646,0.0,0.0
2024-09-26 10:15:00+09:00,6360.0,6400.0,6340.0,6370.0,16912,0.0,0.0
2024-09-26 10:20:00+09:00,6350.0,6390.0,6330.0,6390.0,15365,0.0,0.0
2024-09-26 10:25:00+09:00,6390.0,6400.0,6370.0,6390.0,3285,0.0,0.0
2024-09-26 10:30:00+09:00,6380.0,6380.0,6360.0,6370.0,1318,0.0,0.0
2024-09-26 10:35:00+09:00,6370.0,6380.0,6360.0,6370.0,2963,0.0,0.0
2024-09-26 10:40:00+09:00,6370.0,6380.0,6360.0,6360.0,4703,0.0,0.0
2024-09-26 10:45:00+09:00,6360.0,6380.0,6360.0,6380.0,994,0.0,0.0
2024-09-26 10:50:00+09:00,6380.0,6400.0,6370.0,6380.0,3697,0.0,0.0
2024-09-26 10:55:00+09:00,6390.0,6410.0,6380.0,6400.0,6090,0.0,0.0
2024-09-26 11:00:00+09:00,6400.0,6420.0,6400.0,6400.0,5327,0.0,0.0
2024-09-26 11:05:00+09:00,6410.0,6420.0,6400.0,6410.0,3404,0.0,0.0
2024-09-26 11:10:00+09:00,6410.0,6420.0,6400.0,6410.0,3091,0.0,0.0
2024-09-26 11:15:00+09:00,6400.0,6410.0,6400.0,6410.0,1123,0.0,0.0
2024-09-26 11:20:00+09:00,6410.0,6410.0,6400.0,6410.0,539,0.0,0.0
2024-09-26 11:25:00+09:00,6410.0,6410.0,6380.0,6390.0,5671,0.0,0.0
2024-09-26 11:30:00+09:00,6390.0,6410.0,6390.0,6400.0,341,0.0,0.0
2024-09-26 11:35:00+09:00,6400.0,6410.0,6400.0,6410.0,823,0.0,0.0
2024-09-26 11:40:00+09:00,6400.0,6410.0,6400.0,6400.0,5207,0.0,0.0
2024-09-26 11:45:00+09:00,6410.0,6420.0,6400.0,6420.0,5102,0.0,0.0
2024-09-26 11:50:00+09:00,6420.0,6420.0,6410.0,6420.0,2443,0.0,0.0
2024-09-26 11:55:00+09:00,6420.0,6430.0,6420.0,6430.0,5224,0.0,0.0
2024-09-26 12:00:00+09:00,6420.0,6430.0,6410.0,6420.0,1778,0.0,0.0
2024-09-26 12:05:00+09:00,6420.0,6420.0,6410.0,6410.0,6206,0.0,0.0
2024-09-26 12:10:00+09:00,6410.0,6410.0,6400.0,6400.0,0,0.0,0.0
2024-09-26 12:15:00+09:00,6400.0,6410.0,6390.0,6400.0,3713,0.0,0.0
2024-09-26 12:20:00+09:00,6400.0,6410.0,6380.0,6400.0,4613,0.0,0.0
2024-09-26 12:25:00+09:00,6400.0,6410.0,6400.0,6400.0,779,0.0,0.0
2024-09-26 12:30:00+09:00,6400.0,6400.0,6390.0,6400.0,3660,0.0,0.0
2024-09-26 12:35:00+09:00,6390.0,6400.0,6390.0,6400.0,480,0.0,0.0
2024-09-26 12:40:00+09:00,6410.0,6410.0,6390.0,6390.0,3142,0.0,0.0
2024-09-26 12:45:00+09:00,6380.0,6430.0,6380.0,6410.0,12988,0.0,0.0
2024-09-26 12:50:00+09:00,6410.0,6430.0,6410.0,6420.0,515,0.0,0.0
2024-09-26 12:55:00+09:00,6410.0,6420.0,6390.0,6400.0,1850,0.0,0.0
2024-09-26 13:00:00+09:00,6400.0,6410.0,6400.0,6400.0,142,0.0,0.0
2024-09-26 13:05:00+09:00,6400.0,6410.0,6400.0,6410.0,450,0.0,0.0
2024-09-26 13:10:00+09:00,6400.0,6410.0,6390.0,6410.0,933,0.0,0.0
2024-09-26 13:15:00+09:00,6410.0,6410.0,6390.0,6400.0,3296,0.0,0.0
2024-09-26 13:20:00+09:00,6400.0,6410.0,6380.0,6400.0,1314,0.0,0.0
2024-09-26 13:25:00+09:00,6400.0,6400.0,6390.0,6400.0,226,0.0,0.0
2024-09-26 13:30:00+09:00,6400.0,6410.0,6390.0,6400.0,2750,0.0,0.0
2024-09-26 13:35:00+09:00,6410.0,6410.0,6380.0,6400.0,5136,0.0,0.0
2024-09-26 13:40:00+09:00,6400.0,6410.0,6380.0,6390.0,6485,0.0,0.0
2024-09-26 13:45:00+09:00,6390.0,6390.0,6380.0,6380.0,3214,0.0,0.0
2024-09-26 13:50:00+09:00,6380.0,6380.0,6370.0,6370.0,5657,0.0,0.0
2024-09-26 13:55:00+09:00,6380.0,6380.0,6360.0,6380.0,2742,0.0,0.0
2024-09-26 14:00:00+09:00,6380.0,6380.0,6370.0,6380.0,2567,0.0,0.0
2024-09-26 14:05:00+09:00,6380.0,6380.0,6360.0,6370.0,3143,0.0,0.0
2024-09-26 14:10:00+09:00,6380.0,6400.0,6380.0,6400.0,3399,0.0,0.0
2024-09-26 14:15:00+09:00,6390.0,6410.0,6390.0,6400.0,5054,0.0,0.0
2024-09-26 14:20:00+09:00,6400.0,6410.0,6400.0,6400.0,8163,0.0,0.0
2024-09-26 14:25:00+09:00,6390.0,6420.0,6390.0,6420.0,6266,0.0,0.0
2024-09-26 14:30:00+09:00,6420.0,6430.0,6410.0,6430.0,5570,0.0,0.0
2024-09-26 14:35:00+09:00,6420.0,6460.0,6420.0,6450.0,15927,0.0,0.0
2024-09-26 14:40:00+09:00,6450.0,6450.0,6420.0,6430.0,1524,0.0,0.0
2024-09-26 14:45:00+09:00,6430.0,6440.0,6420.0,6430.0,2198,0.0,0.0
2024-09-26 14:50:00+09:00,6440.0,6440.0,6430.0,6430.0,2204,0.0,0.0
2024-09-26 14:55:00+09:00,6430.0,6440.0,6430.0,6440.0,1703,0.0,0.0
2024-09-27 09:00:00+09:00,6440.0,6480.0,6400.0,6440.0,31013,0.0,0.0
2024-09-27 09:05:00+09:00,6410.0,6440.0,6350.0,6350.0,16087,0.0,0.0
2024-09-27 09:10:00+09:00,6360.0,6480.0,6350.0,6450.0,40543,0.0,0.0
2024-09-27 09:15:00+09:00,6440.0,6450.0,6370.0,6440.0,12707,0.0,0.0
2024-09-27 09:20:00+09:00,6440.0,6440.0,6380.0,6410.0,10915,0.0,0.0
2024-09-27 09:25:00+09:00,6410.0,6410.0,6370.0,6390.0,5542,0.0,0.0
2024-09-27 09:30:00+09:00,6410.0,6410.0,6370.0,6380.0,10161,0.0,0.0
2024-09-27 09:35:00+09:00,6370.0,6410.0,6360.0,6380.0,4183,0.0,0.0
2024-09-27 09:40:00+09:00,6380.0,6430.0,6380.0,6400.0,6701,0.0,0.0
2024-09-27 09:45:00+09:00,6410.0,6410.0,6390.0,6400.0,2476,0.0,0.0
2024-09-27 09:50:00+09:00,6390.0,6400.0,6380.0,6380.0,6744,0.0,0.0
2024-09-27 09:55:00+09:00,6380.0,6390.0,6370.0,6370.0,3542,0.0,0.0
2024-09-27 10:00:00+09:00,6370.0,6370.0,6360.0,6370.0,9063,0.0,0.0
2024-09-27 10:05:00+09:00,6360.0,6390.0,6360.0,6370.0,4637,0.0,0.0
2024-09-27 10:10:00+09:00,6370.0,6380.0,6360.0,6380.0,4877,0.0,0.0
2024-09-27 10:15:00+09:00,6370.0,6380.0,6360.0,6380.0,9231,0.0,0.0
2024-09-27 10:20:00+09:00,6370.0,6380.0,6310.0,6320.0,40001,0.0,0.0
2024-09-27 10:25:00+09:00,6360.0,6360.0,6320.0,6350.0,10381,0.0,0.0
2024-09-27 10:30:00+09:00,6330.0,6340.0,6300.0,6330.0,20546,0.0,0.0
2024-09-27 10:35:00+09:00,6320.0,6320.0,6300.0,6320.0,7974,0.0,0.0
2024-09-27 10:40:00+09:00,6310.0,6330.0,6300.0,6300.0,1615,0.0,0.0
2024-09-27 10:45:00+09:00,6300.0,6300.0,6240.0,6240.0,37635,0.0,0.0
2024-09-27 10:50:00+09:00,6240.0,6280.0,6240.0,6270.0,5995,0.0,0.0
2024-09-27 10:55:00+09:00,6250.0,6280.0,6240.0,6280.0,9060,0.0,0.0
2024-09-27 11:00:00+09:00,6280.0,6290.0,6240.0,6260.0,12278,0.0,0.0
2024-09-27 11:05:00+09:00,6250.0,6260.0,6240.0,6250.0,12228,0.0,0.0
2024-09-27 11:10:00+09:00,6260.0,6280.0,6250.0,6280.0,2807,0.0,0.0
2024-09-27 11:15:00+09:00,6280.0,6310.0,6280.0,6290.0,7596,0.0,0.0
2024-09-27 11:20:00+09:00,6300.0,6310.0,6300.0,6310.0,1728,0.0,0.0
2024-09-27 11:25:00+09:00,6310.0,6320.0,6290.0,6300.0,4914,0.0,0.0
2024-09-27 11:30:00+09:00,6290.0,6310.0,6290.0,6290.0,1134,0.0,0.0
2024-09-27 11:35:00+09:00,6290.0,6300.0,6290.0,6290.0,1060,0.0,0.0
2024-09-27 11:40:00+09:00,6290.0,6290.0,6280.0,6290.0,1037,0.0,0.0
2024-09-27 11:45:00+09:00,6280.0,6300.0,6270.0,6300.0,3287,0.0,0.0
2024-09-27 11:50:00+09:00,6280.0,6290.0,6280.0,6290.0,937,0.0,0.0
2024-09-27 11:55:00+09:00,6290.0,6300.0,6260.0,6290.0,3015,0.0,0.0
2024-09-27 12:00:00+09:00,6280.0,6290.0,6260.0,6270.0,1020,0.0,0.0
2024-09-27 12:05:00+09:00,6270.0,6280.0,6270.0,6270.0,432,0.0,0.0
2024-09-27 12:10:00+09:00,6280.0,6280.0,6270.0,6280.0,437,0.0,0.0
2024-09-27 12:15:00+09:00,6270.0,6280.0,6270.0,6270.0,2164,0.0,0.0
2024-09-27 12:20:00+09:00,6270.0,6280.0,6260.0,6280.0,0,0.0,0.0
2024-09-27 12:25:00+09:00,6280.0,6290.0,6280.0,6290.0,985,0.0,0.0
2024-09-27 12:30:00+09:00,6290.0,6290.0,6270.0,6270.0,2018,0.0,0.0
2024-09-27 12:35:00+09:00,6280.0,6280.0,6270.0,6270.0,2201,0.0,0.0
2024-09-27 12:40:00+09:00,6280.0,6280.0,6260.0,6270.0,492,0.0,0.0
2024-09-27 12:45:00+09:00,6260.0,6270.0,6260.0,6270.0,1449,0.0,0.0
2024-09-27 12:50:00+09:00,6270.0,6300.0,6260.0,6300.0,11376,0.0,0.0
2024-09-27 12:55:00+09:00,6290.0,6300.0,6270.0,6280.0,8081,0.0,0.0
2024-09-27 13:00:00+09:00,6280.0,6300.0,6270.0,6300.0,5832,0.0,0.0
2024-09-27 13:05:00+09:00,6290.0,6300.0,6280.0,6290.0,484,0.0,0.0
2024-09-27 13:10:00+09:00,6300.0,6310.0,6300.0,6310.0,6014,0.0,0.0
2024-09-27 13:15:00+09:00,6300.0,6310.0,6300.0,6300.0,3125,0.0,0.0
2024-09-27 13:20:00+09:00,6300.0,6310.0,6290.0,6290.0,1427,0.0,0.0
2024-09-27 13:25:00+09:00,6290.0,6300.0,6280.0,6290.0,1516,0.0,0.0
2024-09-27 13:30:00+09:00,6290.0,6300.0,6290.0,6290.0,1005,0.0,0.0
2024-09-27 13:35:00+09:00,6290.0,6300.0,6290.0,6300.0,1260,0.0,0.0
2024-09-27 13:40:00+09:00,6290.0,6300.0,6290.0,6290.0,1125,0.0,0.0
2024-09-27 13:45:00+09:00,6290.0,6290.0,6280.0,6290.0,1089,0.0,0.0
2024-09-27 13:50:00+09:00,6290.0,6290.0,6270.0,6270.0,9475,0.0,0.0
2024-09-27 13:55:00+09:00,6270.0,6280.0,6270.0,6270.0,1940,0.0,0.0
2024-09-27 14:00:00+09:00,6270.0,6290.0,6260.0,6270.0,8575,0.0,0.0
2024-09-27 14:05:00+09:00,6260.0,6280.0,6260.0,6270.0,4915,0.0,0.0
2024-09-27 14:10:00+09:00,6270.0,6290.0,6270.0,6280.0,9428,0.0,0.0
2024-09-27 14:15:00+09:00,6280.0,6290.0,6280.0,6290.0,1513,0.0,0.0
2024-09-27 14:20:00+09:00,6290.0,6300.0,6280.0,6300.0,1531,0.0,0.0
2024-09-27 14:25:00+09:00,6290.0,6300.0,6280.0,6280.0,1394,0.0,0.0
2024-09-27 14:30:00+09:00,6280.0,6290.0,6280.0,6280.0,8720,0.0,0.0
2024-09-27 14:35:00+09:00,6270.0,6280.0,6260.0,6270.0,10481,0.0,0.0
2024-09-27 14:40:00+09:00,6270.0,6290.0,6270.0,6280.0,2279,0.0,0.0
2024-09-27 14:45:00+09:00,6280.0,6330.0,6280.0,6300.0,10994,0.0,0.0
2024-09-27 14:50:00+09:00,6310.0,6310.0,6300.0,6310.0,2121,0.0,0.0
2024-09-27 14:55:00+09:00,6310.0,6340.0,6310.0,6330.0,6288,0.0,0.0
2024-09-30 09:00:00+09:00,6320.0,6320.0,6160.0,6210.0,0,0.0,0.0
2024-09-30 09:05:00+09:00,6200.0,6250.0,6200.0,6220.0,13996,0.0,0.0
2024-09-30 09:10:00+09:00,6220.0,6280.0,6170.0,6200.0,32487,0.0,0.0
2024-09-30 09:15:00+09:00,6180.0,6230.0,6180.0,6220.0,10690,0.0,0.0
2024-09-30 09:20:00+09:00,6220.0,6230.0,6180.0,6220.0,6611,0.0,0.0
2024-09-30 09:25:00+09:00,6220.0,6250.0,6210.0,6250.0,2154,0.0,0.0
2024-09-30 09:30:00+09:00,6230.0,6250.0,6200.0,6250.0,3059,0.0,0.0
2024-09-30 09:35:00+09:00,6250.0,6250.0,6210.0,6250.0,3366,0.0,0.0
2024-09-30 09:40:00+09:00,6250.0,6280.0,6250.0,6260.0,6125,0.0,0.0
2024-09-30 09:45:00+09:00,6260.0,6270.0,6230.0,6230.0,840,0.0,0.0
2024-09-30 09:50:00+09:00,6240.0,6260.0,6210.0,6210.0,1237,0.0,0.0
2024-09-30 09:55:00+09:00,6210.0,6240.0,6200.0,6220.0,5269,0.0,0.0
2024-09-30 10:00:00+09:00,6220.0,6220.0,6190.0,6210.0,2223,0.0,0.0
2024-09-30 10:05:00+09:00,6200.0,6200.0,6170.0,6190.0,7981,0.0,0.0
2024-09-30 10:10:00+09:00,6190.0,6210.0,6160.0,6170.0,13830,0.0,0.0
2024-09-30 10:15:00+09:00,6170.0,6200.0,6160.0,6200.0,1929,0.0,0.0
2024-09-30 10:20:00+09:00,6190.0,6190.0,6160.0,6160.0,4002,0.0,0.0
2024-09-30 10:25:00+09:00,6170.0,6180.0,6140.0,6160.0,9075,0.0,0.0
2024-09-30 10:30:00+09:00,6160.0,6160.0,6100.0,6120.0,29421,0.0,0.0
2024-09-30 10:35:00+09:00,6130.0,6140.0,6120.0,6140.0,2132,0.0,0.0
2024-09-30 10:40:00+09:00,6140.0,6150.0,6110.0,6110.0,9334,0.0,0.0
2024-09-30 10:45:00+09:00,6110.0,6130.0,6080.0,6090.0,23128,0.0,0.0
2024-09-30 10:50:00+09:00,6100.0,6110.0,6070.0,6070.0,16360,0.0,0.0
2024-09-30 10:55:00+09:00,6070.0,6110.0,6070.0,6110.0,13195,0.0,0.0
2024-09-30 11:00:00+09:00,6100.0,6110.0,6090.0,6100.0,3514,0.0,0.0
2024-09-30 11:05:00+09:00,6100.0,6100.0,6070.0,6070.0,6516,0.0,0.0
2024-09-30 11:10:00+09:00,6070.0,6080.0,6060.0,6060.0,21260,0.0,0.0
2024-09-30 11:15:00+09:00,6070.0,6080.0,6060.0,6080.0,2460,0.0,0.0
2024-09-30 11:20:00+09:00,6060.0,6080.0,6050.0,6050.0,9760,0.0,0.0
2024-09-30 11:25:00+09:00,6060.0,6070.0,6040.0,6060.0,5124,0.0,0.0
2024-09-30 11:30:00+09:00,6060.0,6090.0,6060.0,6090.0,2173,0.0,0.0
2024-09-30 11:35:00+09:00,6090.0,6110.0,6080.0,6110.0,2093,0.0,0.0
2024-09-30 11:40:00+09:00,6100.0,6110.0,6100.0,6110.0,800,0.0,0.0
2024-09-30 11:45:00+09:00,6110.0,6120.0,6100.0,6120.0,2014,0.0,0.0
2024-09-30 11:50:00+09:00,6110.0,6120.0,6110.0,6110.0,874,0.0,0.0
2024-09-30 11:55:00+09:00,6120.0,6130.0,6110.0,6130.0,2469,0.0,0.0
2024-09-30 12:00:00+09:00,6130.0,6130.0,6100.0,6110.0,1865,0.0,0.0
2024-09-30 12:05:00+09:00,6110.0,6110.0,6100.0,6110.0,649,0.0,0.0
2024-09-30 12:10:00+09:00,6100.0,6120.0,6080.0,6120.0,1456,0.0,0.0
2024-09-30 12:15:00+09:00,6120.0,6130.0,6090.0,6120.0,5383,0.0,0.0
2024-09-30 12:20:00+09:00,6120.0,6120.0,6110.0,6110.0,1034,0.0,0.0
2024-09-30 12:25:00+09:00,6120.0,6140.0,6120.0,6140.0,2136,0.0,0.0
2024-09-30 12:30:00+09:00,6140.0,6140.0,6130.0,6130.0,544,0.0,0.0
2024-09-30 12:35:00+09:00,6140.0,6150.0,6140.0,6150.0,1066,0.0,0.0
2024-09-30 12:40:00+09:00,6150.0,6150.0,6130.0,6140.0,1803,0.0,0.0
2024-09-30 12:45:00+09:00,6140.0,6160.0,6130.0,6150.0,8855,0.0,0.0
2024-09-30 12:50:00+09:00,6150.0,6160.0,6130.0,6150.0,2888,0.0,0.0
2024-09-30 12:55:00+09:00,6150.0,6190.0,6150.0,6180.0,11761,0.0,0.0
2024-09-30 13:00:00+09:00,6180.0,6200.0,6180.0,6190.0,3183,0.0,0.0
2024-09-30 13:05:00+09:00,6180.0,6210.0,6180.0,6210.0,2607,0.0,0.0
2024-09-30 13:10:00+09:00,6200.0,6210.0,6190.0,6200.0,515,0.0,0.0
2024-09-30 13:15:00+09:00,6200.0,6200.0,6190.0,6190.0,2339,0.0,0.0
2024-09-30 13:20:00+09:00,6190.0,6190.0,6160.0,6160.0,2531,0.0,0.0
2024-09-30 13:25:00+09:00,6170.0,6180.0,6170.0,6180.0,424,0.0,0.0
2024-09-30 13:30:00+09:00,6180.0,6180.0,6180.0,6180.0,51,0.0,0.0
2024-09-30 13:35:00+09:00,6170.0,6180.0,6150.0,6150.0,5856,0.0,0.0
2024-09-30 13:40:00+09:00,6160.0,6160.0,6150.0,6150.0,0,0.0,0.0
2024-09-30 13:45:00+09:00,6160.0,6160.0,6150.0,6150.0,4827,0.0,0.0
2024-09-30 13:50:00+09:00,6160.0,6160.0,6140.0,6150.0,1059,0.0,0.0
2024-09-30 13:55:00+09:00,6150.0,6150.0,6140.0,6150.0,431,0.0,0.0
2024-09-30 14:00:00+09:00,6160.0,6160.0,6150.0,6160.0,1456,0.0,0.0
2024-09-30 14:05:00+09:00,6160.0,6160.0,6150.0,6150.0,243,0.0,0.0
2024-09-30 14:10:00+09:00,6160.0,6160.0,6130.0,6130.0,7017,0.0,0.0
2024-09-30 14:15:00+09:00,6130.0,6130.0,6120.0,6120.0,0,0.0,0.0
2024-09-30 14:20:00+09:00,6120.0,6130.0,6100.0,6130.0,4281,0.0,0.0
2024-09-30 14:25:00+09:00,6140.0,6140.0,6120.0,6120.0,689,0.0,0.0
2024-09-30 14:30:00+09:00,6140.0,6150.0,6120.0,6150.0,1438,0.0,0.0
2024-09-30 14:35:00+09:00,6150.0,6150.0,6100.0,6100.0,5411,0.0,0.0
2024-09-30 14:40:00+09:00,6100.0,6130.0,6100.0,6130.0,1073,0.0,0.0
2024-09-30 14:45:00+09:00,6130.0,6140.0,6130.0,6130.0,1324,0.0,0.0
2024-09-30 14:50:00+09:00,6130.0,6130.0,6090.0,6120.0,6554,0.0,0.0
2024-09-30 14:55:00+09:00,6110.0,6130.0,6080.0,6130.0,6752,0.0,0.0
2024-10-02 09:00:00+09:00,6050.0,6090.0,5980.0,6050.0,0,0.0,0.0
2024-10-02 09:05:00+09:00,6010.0,6090.0,6010.0,6070.0,6394,0.0,0.0
2024-10-02 09:10:00+09:00,6040.0,6060.0,5980.0,6020.0,10749,0.0,0.0
2024-10-02 09:15:00+09:00,6030.0,6030.0,5950.0,5980.0,66100,0.0,0.0
2024-10-02 09:20:00+09:00,5970.0,5980.0,5930.0,5980.0,13620,0.0,0.0
2024-10-02 09:25:00+09:00,5980.0,5980.0,5940.0,5940.0,8702,0.0,0.0
2024-10-02 09:30:00+09:00,5970.0,5980.0,5940.0,5980.0,9519,0.0,0.0
2024-10-02 09:35:00+09:00,5960.0,6000.0,5960.0,6000.0,3250,0.0,0.0
2024-10-02 09:40:00+09:00,6000.0,6020.0,5990.0,5990.0,2666,0.0,0.0
2024-10-02 09:45:00+09:00,5990.0,6000.0,5970.0,5970.0,2509,0.0,0.0
2024-10-02 09:50:00+09:00,5990.0,6010.0,5960.0,5960.0,6321,0.0,0.0
2024-10-02 09:55:00+09:00,5970.0,5990.0,5960.0,5990.0,1461,0.0,0.0
2024-10-02 10:00:00+09:00,5990.0,6020.0,5980.0,6020.0,4989,0.0,0.0
2024-10-02 10:05:00+09:00,6000.0,6020.0,5980.0,6000.0,2842,0.0,0.0
2024-10-02 10:10:00+09:00,5980.0,6020.0,5980.0,5990.0,4631,0.0,0.0
2024-10-02 10:15:00+09:00,6010.0,6050.0,6000.0,6030.0,7043,0.0,0.0
2024-10-02 10:20:00+09:00,6030.0,6040.0,6020.0,6040.0,1715,0.0,0.0
2024-10-02 10:25:00+09:00,6040.0,6060.0,6040.0,6040.0,1720,0.0,0.0
2024-10-02 10:30:00+09:00,6050.0,6070.0,6040.0,6050.0,3720,0.0,0.0
2024-10-02 10:35:00+09:00,6050.0,6060.0,6030.0,6030.0,708,0.0,0.0
2024-10-02 10:40:00+09:00,6040.0,6050.0,6020.0,6020.0,1747,0.0,0.0
2024-10-02 10:45:00+09:00,6020.0,6050.0,6020.0,6050.0,897,0.0,0.0
2024-10-02 10:50:00+09:00,6030.0,6030.0,6010.0,6020.0,2667,0.0,0.0
2024-10-02 10:55:00+09:00,6020.0,6020.0,6010.0,6020.0,3048,0.0,0.0
2024-10-02 11:00:00+09:00,6030.0,6060.0,6030.0,6060.0,871,0.0,0.0
2024-10-02 11:05:00+09:00,6060.0,6060.0,6040.0,6050.0,4089,0.0,0.0
2024-10-02 11:10:00+09:00,6050.0,6050.0,6040.0,6040.0,176,0.0,0.0
2024-10-02 11:15:00+09:00,6040.0,6040.0,6030.0,6040.0,971,0.0,0.0
2024-10-02 11:20:00+09:00,6040.0,6050.0,6030.0,6040.0,413,0.0,0.0
2024-10-02 11:25:00+09:00,6030.0,6040.0,6020.0,6040.0,2241,0.0,0.0
2024-10-02 11:30:00+09:00,6040.0,6050.0,6040.0,6040.0,445,0.0,0.0
2024-10-02 11:35:00+09:00,6040.0,6050.0,6020.0,6020.0,1415,0.0,0.0
2024-10-02 11:40:00+09:00,6020.0,6040.0,6020.0,6020.0,3535,0.0,0.0
2024-10-02 11:45:00+09:00,6030.0,6030.0,6010.0,6020.0,2325,0.0,0.0
2024-10-02 11:50:00+09:00,6020.0,6020.0,6010.0,6020.0,600,0.0,0.0
2024-10-02 11:55:00+09:00,6020.0,6030.0,6020.0,6020.0,445,0.0,0.0
2024-10-02 12:00:00+09:00,6030.0,6030.0,6010.0,6010.0,3994,0.0,0.0
2024-10-02 12:05:00+09:00,6020.0,6020.0,6010.0,6020.0,2202,0.0,0.0
2024-10-02 12:10:00+09:00,6020.0,6030.0,6020.0,6020.0,1081,0.0,0.0
2024-10-02 12:15:00+09:00,6020.0,6040.0,6020.0,6040.0,810,0.0,0.0
2024-10-02 12:20:00+09:00,6040.0,6040.0,6040.0,6040.0,377,0.0,0.0
2024-10-02 12:25:00+09:00,6030.0,6050.0,6030.0,6040.0,2297,0.0,0.0
2024-10-02 12:30:00+09:00,6040.0,6050.0,6040.0,6040.0,540,0.0,0.0
2024-10-02 12:35:00+09:00,6040.0,6060.0,6040.0,6050.0,2720,0.0,0.0
2024-10-02 12:40:00+09:00,6060.0,6060.0,6050.0,6060.0,3932,0.0,0.0
2024-10-02 12:45:00+09:00,6050.0,6070.0,6050.0,6060.0,3657,0.0,0.0
2024-10-02 12:50:00+09:00,6050.0,6060.0,6040.0,6040.0,2583,0.0,0.0
2024-10-02 12:55:00+09:00,6050.0,6060.0,6040.0,6040.0,744,0.0,0.0
2024-10-02 13:00:00+09:00,6050.0,6050.0,6030.0,6030.0,377,0.0,0.0
2024-10-02 13:05:00+09:00,6040.0,6040.0,6020.0,6030.0,2645,0.0,0.0
2024-10-02 13:10:00+09:00,6030.0,6040.0,6030.0,6040.0,468,0.0,0.0
2024-10-02 13:15:00+09:00,6040.0,6040.0,6010.0,6020.0,7148,0.0,0.0
2024-10-02 13:20:00+09:00,6010.0,6020.0,6000.0,6010.0,7247,0.0,0.0
2024-10-02 13:25:00+09:00,6010.0,6020.0,6000.0,6000.0,1944,0.0,0.0
2024-10-02 13:30:00+09:00,6000.0,6010.0,5970.0,5970.0,6730,0.0,0.0
2024-10-02 13:35:00+09:00,5980.0,5990.0,5970.0,5990.0,104,0.0,0.0
2024-10-02 13:40:00+09:00,5990.0,5990.0,5970.0,5980.0,3532,0.0,0.0
2024-10-02 13:45:00+09:00,5960.0,6010.0,5960.0,6010.0,4097,0.0,0.0
2024-10-02 13:50:00+09:00,6000.0,6010.0,6000.0,6010.0,1524,0.0,0.0
2024-10-02 13:55:00+09:00,6000.0,6010.0,5990.0,6010.0,2744,0.0,0.0
2024-10-02 14:00:00+09:00,6000.0,6010.0,6000.0,6000.0,1656,0.0,0.0
2024-10-02 14:05:00+09:00,6010.0,6020.0,6000.0,6020.0,1982,0.0,0.0
2024-10-02 14:10:00+09:00,6020.0,6020.0,6010.0,6020.0,151,0.0,0.0
2024-10-02 14:15:00+09:00,6020.0,6030.0,6020.0,6030.0,760,0.0,0.0
2024-10-02 14:20:00+09:00,6030.0,6030.0,6010.0,6010.0,1315,0.0,0.0
2024-10-02 14:25:00+09:00,6020.0,6020.0,6000.0,6000.0,644,0.0,0.0
2024-10-02 14:30:00+09:00,6010.0,6010.0,5980.0,5990.0,4835,0.0,0.0
2024-10-02 14:35:00+09:00,5980.0,6000.0,5980.0,5980.0,2316,0.0,0.0
2024-10-02 14:40:00+09:00,5990.0,6000.0,5980.0,5980.0,611,0.0,0.0
2024-10-02 14:45:00+09:00,5990.0,5990.0,5970.0,5990.0,1405,0.0,0.0
2024-10-02 14:50:00+09:00,5980.0,5990.0,5970.0,5980.0,295,0.0,0.0
2024-10-02 14:55:00+09:00,5980.0,5980.0,5970.0,5980.0,4337,0.0,0.0
2024-10-04 09:00:00+09:00,5950.0,5990.0,5950.0,5950.0,0,0.0,0.0
2024-10-04 09:05:00+09:00,5960.0,5990.0,5950.0,5980.0,842,0.0,0.0
2024-10-04 09:10:00+09:00,5980.0,5990.0,5950.0,5970.0,5719,0.0,0.0
2024-10-04 09:15:00+09:00,5950.0,5950.0,5900.0,5920.0,12653,0.0,0.0
2024-10-04 09:20:00+09:00,5920.0,5980.0,5910.0,5960.0,6328,0.0,0.0
2024-10-04 09:25:00+09:00,5960.0,5980.0,5950.0,5980.0,700,0.0,0.0
2024-10-04 09:30:00+09:00,5980.0,5980.0,5950.0,5970.0,2301,0.0,0.0
2024-10-04 09:35:00+09:00,5970.0,5980.0,5940.0,5970.0,1321,0.0,0.0
2024-10-04 09:40:00+09:00,5970.0,5990.0,5970.0,5990.0,1901,0.0,0.0
2024-10-04 09:45:00+09:00,5990.0,5990.0,5950.0,5950.0,2594,0.0,0.0
2024-10-04 09:50:00+09:00,5950.0,6000.0,5950.0,6000.0,3902,0.0,0.0
2024-10-04 09:55:00+09:00,6000.0,6000.0,5980.0,6000.0,1628,0.0,0.0
2024-10-04 10:00:00+09:00,6000.0,6000.0,5980.0,5980.0,5125,0.0,0.0
2024-10-04 10:05:00+09:00,5980.0,5990.0,5960.0,5990.0,589,0.0,0.0
2024-10-04 10:10:00+09:00,6000.0,6010.0,5990.0,6010.0,3204,0.0,0.0
2024-10-04 10:15:00+09:00,6010.0,6010.0,5980.0,6010.0,892,0.0,0.0
2024-10-04 10:20:00+09:00,6010.0,6020.0,5990.0,6010.0,1458,0.0,0.0
2024-10-04 10:25:00+09:00,6010.0,6010.0,6000.0,6010.0,524,0.0,0.0
2024-10-04 10:30:00+09:00,6010.0,6010.0,5990.0,6000.0,2148,0.0,0.0
2024-10-04 10:35:00+09:00,6000.0,6010.0,6000.0,6010.0,1489,0.0,0.0
2024-10-04 10:40:00+09:00,6020.0,6020.0,6010.0,6020.0,1585,0.0,0.0
2024-10-04 10:45:00+09:00,6010.0,6040.0,6010.0,6040.0,4051,0.0,0.0
2024-10-04 10:50:00+09:00,6030.0,6050.0,6030.0,6050.0,3863,0.0,0.0
2024-10-04 10:55:00+09:00,6040.0,6050.0,6030.0,6050.0,4269,0.0,0.0
2024-10-04 11:00:00+09:00,6060.0,6070.0,6050.0,6070.0,12097,0.0,0.0
2024-10-04 11:05:00+09:00,6060.0,6070.0,6030.0,6070.0,7307,0.0,0.0
2024-10-04 11:10:00+09:00,6070.0,6110.0,6030.0,6100.0,16439,0.0,0.0
2024-10-04 11:15:00+09:00,6090.0,6090.0,6050.0,6050.0,1981,0.0,0.0
2024-10-04 11:20:00+09:00,6050.0,6080.0,6040.0,6060.0,1437,0.0,0.0
2024-10-04 11:25:00+09:00,6060.0,6070.0,6060.0,6070.0,421,0.0,0.0
2024-10-04 11:30:00+09:00,6060.0,6060.0,6040.0,6050.0,762,0.0,0.0
2024-10-04 11:35:00+09:00,6050.0,6070.0,6040.0,6070.0,6438,0.0,0.0
2024-10-04 11:40:00+09:00,6080.0,6080.0,6060.0,6080.0,371,0.0,0.0
2024-10-04 11:45:00+09:00,6080.0,6080.0,6060.0,6060.0,1355,0.0,0.0
2024-10-04 11:50:00+09:00,6060.0,6070.0,6050.0,6070.0,476,0.0,0.0
2024-10-04 11:55:00+09:00,6070.0,6070.0,6050.0,6050.0,1560,0.0,0.0
2024-10-04 12:00:00+09:00,6050.0,6050.0,6030.0,6050.0,4281,0.0,0.0
2024-10-04 12:05:00+09:00,6060.0,6060.0,6010.0,6050.0,4006,0.0,0.0
2024-10-04 12:10:00+09:00,6020.0,6020.0,6010.0,6020.0,307,0.0,0.0
2024-10-04 12:15:00+09:00,6020.0,6020.0,6020.0,6020.0,0,0.0,0.0
2024-10-04 12:20:00+09:00,6010.0,6020.0,5990.0,5990.0,7541,0.0,0.0
2024-10-04 12:25:00+09:00,6010.0,6010.0,5990.0,5990.0,475,0.0,0.0
2024-10-04 12:30:00+09:00,5990.0,6010.0,5980.0,6010.0,2691,0.0,0.0
2024-10-04 12:35:00+09:00,6010.0,6010.0,6000.0,6000.0,2013,0.0,0.0
2024-10-04 12:40:00+09:00,6000.0,6000.0,5990.0,5990.0,333,0.0,0.0
2024-10-04 12:45:00+09:00,5980.0,5990.0,5980.0,5990.0,492,0.0,0.0
2024-10-04 12:50:00+09:00,6000.0,6000.0,5980.0,6000.0,372,0.0,0.0
2024-10-04 12:55:00+09:00,6000.0,6000.0,5970.0,5970.0,3505,0.0,0.0
2024-10-04 13:00:00+09:00,5970.0,5970.0,5960.0,5960.0,3821,0.0,0.0
2024-10-04 13:05:00+09:00,5960.0,5970.0,5950.0,5960.0,1865,0.0,0.0
2024-10-04 13:10:00+09:00,5960.0,6000.0,5960.0,6000.0,0,0.0,0.0
2024-10-04 13:15:00+09:00,5970.0,5980.0,5970.0,5970.0,1330,0.0,0.0
2024-10-04 13:25:00+09:00,5980.0,5990.0,5980.0,5990.0,282,0.0,0.0
2024-10-04 13:30:00+09:00,5990.0,6000.0,5990.0,6000.0,559,0.0,0.0
2024-10-04 13:35:00+09:00,5990.0,6000.0,5990.0,5990.0,277,0.0,0.0
2024-10-04 13:40:00+09:00,5990.0,6000.0,5990.0,6000.0,706,0.0,0.0
2024-10-04 13:45:00+09:00,5990.0,5990.0,5970.0,5970.0,1136,0.0,0.0
2024-10-04 13:50:00+09:00,5970.0,5990.0,5950.0,5950.0,3796,0.0,0.0
2024-10-04 13:55:00+09:00,5950.0,5960.0,5950.0,5960.0,2016,0.0,0.0
2024-10-04 14:00:00+09:00,5970.0,5970.0,5950.0,5950.0,350,0.0,0.0
2024-10-04 14:05:00+09:00,5950.0,5960.0,5940.0,5960.0,2585,0.0,0.0
2024-10-04 14:10:00+09:00,5970.0,5970.0,5950.0,5960.0,245,0.0,0.0
2024-10-04 14:15:00+09:00,5970.0,5970.0,5960.0,5960.0,135,0.0,0.0
2024-10-04 14:20:00+09:00,5960.0,6030.0,5960.0,6010.0,6131,0.0,0.0
2024-10-04 14:25:00+09:00,6010.0,6010.0,5960.0,6000.0,619,0.0,0.0
2024-10-04 14:30:00+09:00,6000.0,6000.0,5960.0,5960.0,29,0.0,0.0
2024-10-04 14:35:00+09:00,5960.0,5990.0,5960.0,5970.0,562,0.0,0.0
2024-10-04 14:40:00+09:00,5970.0,5990.0,5960.0,5980.0,80,0.0,0.0
2024-10-04 14:45:00+09:00,5980.0,5980.0,5940.0,5940.0,5036,0.0,0.0
2024-10-04 14:50:00+09:00,5960.0,5960.0,5940.0,5960.0,668,0.0,0.0
2024-10-04 14:55:00+09:00,5950.0,5950.0,5940.0,5940.0,1433,0.0,0.0
2024-10-07 09:00:00+09:00,6030.0,6090.0,5980.0,6020.0,0,0.0,0.0
2024-10-07 09:05:00+09:00,5990.0,6020.0,5940.0,5990.0,12038,0.0,0.0
2024-10-07 09:10:00+09:00,5990.0,6020.0,5960.0,6020.0,5963,0.0,0.0
2024-10-07 09:15:00+09:00,6010.0,6030.0,5990.0,6010.0,4752,0.0,0.0
2024-10-07 09:20:00+09:00,6020.0,6040.0,6000.0,6000.0,7512,0.0,0.0
2024-10-07 09:25:00+09:00,6010.0,6020.0,5950.0,5970.0,8183,0.0,0.0
2024-10-07 09:30:00+09:00,5980.0,5990.0,5950.0,5990.0,3322,0.0,0.0
2024-10-07 09:35:00+09:00,6000.0,6000.0,5990.0,6000.0,1918,0.0,0.0
2024-10-07 09:40:00+09:00,5990.0,6000.0,5970.0,5980.0,5155,0.0,0.0
2024-10-07 09:45:00+09:00,5980.0,5980.0,5960.0,5980.0,1928,0.0,0.0
2024-10-07 09:50:00+09:00,5980.0,6010.0,5980.0,6010.0,6795,0.0,0.0
2024-10-07 09:55:00+09:00,6010.0,6020.0,5950.0,5980.0,15746,0.0,0.0
2024-10-07 10:00:00+09:00,5990.0,5990.0,5970.0,5990.0,668,0.0,0.0
2024-10-07 10:05:00+09:00,5980.0,5990.0,5970.0,5990.0,878,0.0,0.0
2024-10-07 10:10:00+09:00,5980.0,5990.0,5970.0,5990.0,2159,0.0,0.0
2024-10-07 10:15:00+09:00,5990.0,5990.0,5970.0,5990.0,3125,0.0,0.0
2024-10-07 10:20:00+09:00,5990.0,6000.0,5980.0,5990.0,1187,0.0,0.0
2024-10-07 10:25:00+09:00,6000.0,6000.0,5970.0,5970.0,7113,0.0,0.0
2024-10-07 10:30:00+09:00,5990.0,6000.0,5990.0,6000.0,0,0.0,0.0
2024-10-07 10:35:00+09:00,6000.0,6000.0,5990.0,5990.0,672,0.0,0.0
2024-10-07 10:40:00+09:00,6000.0,6000.0,5970.0,5980.0,1598,0.0,0.0
2024-10-07 10:45:00+09:00,5980.0,6000.0,5970.0,5980.0,1980,0.0,0.0
2024-10-07 10:50:00+09:00,5970.0,5980.0,5970.0,5970.0,249,0.0,0.0
2024-10-07 10:55:00+09:00,5980.0,6000.0,5960.0,6000.0,1201,0.0,0.0
2024-10-07 11:00:00+09:00,6000.0,6010.0,5990.0,6000.0,1694,0.0,0.0
2024-10-07 11:05:00+09:00,6000.0,6000.0,5990.0,5990.0,1325,0.0,0.0
2024-10-07 11:10:00+09:00,5990.0,5990.0,5980.0,5990.0,1121,0.0,0.0
2024-10-07 11:15:00+09:00,5970.0,5970.0,5960.0,5970.0,1466,0.0,0.0
2024-10-07 11:20:00+09:00,5960.0,5970.0,5960.0,5960.0,4995,0.0,0.0
2024-10-07 11:25:00+09:00,5960.0,5970.0,5950.0,5970.0,1784,0.0,0.0
2024-10-07 11:30:00+09:00,5950.0,5970.0,5950.0,5970.0,4264,0.0,0.0
2024-10-07 11:35:00+09:00,5970.0,5970.0,5960.0,5970.0,683,0.0,0.0
2024-10-07 11:40:00+09:00,5970.0,5970.0,5960.0,5970.0,1105,0.0,0.0
2024-10-07 11:45:00+09:00,5970.0,5970.0,5960.0,5960.0,2176,0.0,0.0
2024-10-07 11:50:00+09:00,5960.0,5980.0,5960.0,5980.0,2744,0.0,0.0
2024-10-07 11:55:00+09:00,5980.0,5990.0,5970.0,5990.0,664,0.0,0.0
2024-10-07 12:00:00+09:00,5980.0,5990.0,5980.0,5990.0,185,0.0,0.0
2024-10-07 12:05:00+09:00,5990.0,5990.0,5970.0,5970.0,253,0.0,0.0
2024-10-07 12:10:00+09:00,5970.0,5980.0,5950.0,5970.0,8830,0.0,0.0
2024-10-07 12:15:00+09:00,5970.0,5980.0,5970.0,5980.0,548,0.0,0.0
2024-10-07 12:20:00+09:00,5970.0,5980.0,5970.0,5980.0,243,0.0,0.0
2024-10-07 12:25:00+09:00,5980.0,5980.0,5970.0,5970.0,988,0.0,0.0
2024-10-07 12:30:00+09:00,5980.0,5980.0,5970.0,5970.0,1224,0.0,0.0
2024-10-07 12:35:00+09:00,5970.0,5980.0,5970.0,5980.0,589,0.0,0.0
2024-10-07 12:40:00+09:00,5980.0,5980.0,5970.0,5970.0,4243,0.0,0.0
2024-10-07 12:45:00+09:00,5980.0,5980.0,5970.0,5970.0,1099,0.0,0.0
2024-10-07 12:50:00+09:00,5980.0,5980.0,5980.0,5980.0,95,0.0,0.0
2024-10-07 12:55:00+09:00,5980.0,5980.0,5950.0,5970.0,7126,0.0,0.0
2024-10-07 13:00:00+09:00,5970.0,5970.0,5950.0,5960.0,772,0.0,0.0
2024-10-07 13:05:00+09:00,5970.0,5970.0,5940.0,5950.0,2548,0.0,0.0
2024-10-07 13:10:00+09:00,5970.0,5970.0,5940.0,5960.0,1997,0.0,0.0
2024-10-07 13:15:00+09:00,5960.0,5970.0,5960.0,5960.0,1587,0.0,0.0
2024-10-07 13:20:00+09:00,5970.0,5980.0,5970.0,5980.0,6253,0.0,0.0
2024-10-07 13:25:00+09:00,5980.0,6010.0,5980.0,6010.0,6155,0.0,0.0
2024-10-07 13:30:00+09:00,6010.0,6010.0,5990.0,6010.0,1120,0.0,0.0
2024-10-07 13:35:00+09:00,6000.0,6010.0,5990.0,6000.0,1610,0.0,0.0
2024-10-07 13:40:00+09:00,5990.0,6020.0,5990.0,6020.0,3567,0.0,0.0
2024-10-07 13:45:00+09:00,6020.0,6020.0,6010.0,6020.0,0,0.0,0.0
2024-10-07 13:50:00+09:00,6020.0,6030.0,6010.0,6020.0,1452,0.0,0.0
2024-10-07 13:55:00+09:00,6030.0,6040.0,6020.0,6030.0,1900,0.0,0.0
2024-10-07 14:00:00+09:00,6030.0,6040.0,6010.0,6020.0,1570,0.0,0.0
2024-10-07 14:05:00+09:00,6020.0,6030.0,6010.0,6020.0,659,0.0,0.0
2024-10-07 14:10:00+09:00,6020.0,6130.0,6020.0,6060.0,63260,0.0,0.0
2024-10-07 14:15:00+09:00,6060.0,6080.0,6060.0,6070.0,2260,0.0,0.0
2024-10-07 14:20:00+09:00,6070.0,6080.0,6050.0,6050.0,6068,0.0,0.0
2024-10-07 14:25:00+09:00,6060.0,6080.0,6060.0,6070.0,3679,0.0,0.0
2024-10-07 14:30:00+09:00,6070.0,6080.0,6040.0,6040.0,10525,0.0,0.0
2024-10-07 14:35:00+09:00,6040.0,6060.0,6030.0,6060.0,2409,0.0,0.0
2024-10-07 14:40:00+09:00,6050.0,6060.0,6020.0,6060.0,8617,0.0,0.0
2024-10-07 14:45:00+09:00,6060.0,6060.0,6040.0,6060.0,1535,0.0,0.0
2024-10-07 14:50:00+09:00,6060.0,6060.0,6030.0,6040.0,1804,0.0,0.0
2024-10-07 14:55:00+09:00,6030.0,6040.0,6030.0,6030.0,328,0.0,0.0
2024-10-08 09:00:00+09:00,5950.0,5980.0,5920.0,5940.0,7977,0.0,0.0
2024-10-08 09:05:00+09:00,5940.0,5990.0,5940.0,5990.0,6782,0.0,0.0
2024-10-08 09:10:00+09:00,5990.0,5990.0,5950.0,5980.0,6210,0.0,0.0
2024-10-08 09:15:00+09:00,5980.0,5980.0,5940.0,5950.0,3866,0.0,0.0
2024-10-08 09:20:00+09:00,5950.0,5970.0,5880.0,5900.0,27483,0.0,0.0
2024-10-08 09:25:00+09:00,5890.0,5910.0,5860.0,5890.0,8501,0.0,0.0
2024-10-08 09:30:00+09:00,5890.0,5920.0,5890.0,5910.0,3949,0.0,0.0
2024-10-08 09:35:00+09:00,5890.0,5960.0,5880.0,5950.0,28974,0.0,0.0
2024-10-08 09:40:00+09:00,5950.0,5950.0,5900.0,5900.0,4401,0.0,0.0
2024-10-08 09:45:00+09:00,5890.0,5930.0,5870.0,5870.0,17464,0.0,0.0
2024-10-08 09:50:00+09:00,5870.0,5900.0,5860.0,5900.0,8764,0.0,0.0
2024-10-08 09:55:00+09:00,5900.0,5910.0,5880.0,5900.0,4346,0.0,0.0
2024-10-08 10:00:00+09:00,5900.0,5900.0,5890.0,5890.0,4782,0.0,0.0
2024-10-08 10:05:00+09:00,5900.0,5900.0,5860.0,5860.0,5891,0.0,0.0
2024-10-08 10:10:00+09:00,5870.0,5900.0,5860.0,5900.0,1592,0.0,0.0
2024-10-08 10:15:00+09:00,5880.0,5890.0,5860.0,5870.0,2427,0.0,0.0
2024-10-08 10:20:00+09:00,5880.0,5890.0,5860.0,5860.0,5742,0.0,0.0
2024-10-08 10:25:00+09:00,5860.0,5880.0,5860.0,5870.0,2892,0.0,0.0
2024-10-08 10:30:00+09:00,5870.0,5870.0,5850.0,5850.0,5260,0.0,0.0
2024-10-08 10:35:00+09:00,5870.0,5870.0,5840.0,5850.0,10189,0.0,0.0
2024-10-08 10:40:00+09:00,5860.0,5860.0,5850.0,5850.0,1483,0.0,0.0
2024-10-08 10:45:00+09:00,5850.0,5850.0,5830.0,5850.0,7029,0.0,0.0
2024-10-08 10:50:00+09:00,5850.0,5860.0,5850.0,5850.0,4648,0.0,0.0
2024-10-08 10:55:00+09:00,5860.0,5860.0,5850.0,5850.0,2242,0.0,0.0
2024-10-08 11:00:00+09:00,5860.0,5870.0,5840.0,5840.0,2896,0.0,0.0
2024-10-08 11:05:00+09:00,5860.0,5860.0,5840.0,5850.0,1634,0.0,0.0
2024-10-08 11:10:00+09:00,5860.0,5860.0,5840.0,5840.0,1323,0.0,0.0
2024-10-08 11:15:00+09:00,5840.0,5850.0,5830.0,5830.0,6550,0.0,0.0
2024-10-08 11:20:00+09:00,5830.0,5870.0,5830.0,5850.0,2998,0.0,0.0
2024-10-08 11:25:00+09:00,5860.0,5860.0,5840.0,5850.0,2154,0.0,0.0
2024-10-08 11:30:00+09:00,5850.0,5860.0,5840.0,5850.0,2646,0.0,0.0
2024-10-08 11:35:00+09:00,5860.0,5860.0,5830.0,5840.0,5013,0.0,0.0
2024-10-08 11:40:00+09:00,5840.0,5850.0,5840.0,5850.0,1524,0.0,0.0
2024-10-08 11:45:00+09:00,5850.0,5850.0,5840.0,5850.0,1932,0.0,0.0
2024-10-08 11:50:00+09:00,5850.0,5850.0,5830.0,5840.0,2209,0.0,0.0
2024-10-08 11:55:00+09:00,5850.0,5870.0,5850.0,5850.0,2631,0.0,0.0
2024-10-08 12:00:00+09:00,5850.0,5880.0,5850.0,5870.0,2879,0.0,0.0
2024-10-08 12:05:00+09:00,5870.0,5870.0,5840.0,5840.0,3303,0.0,0.0
2024-10-08 12:10:00+09:00,5840.0,5870.0,5840.0,5860.0,4997,0.0,0.0
2024-10-08 12:15:00+09:00,5860.0,5860.0,5840.0,5860.0,2076,0.0,0.0
2024-10-08 12:20:00+09:00,5850.0,5860.0,5840.0,5840.0,1994,0.0,0.0
2024-10-08 12:25:00+09:00,5840.0,5850.0,5830.0,5840.0,1707,0.0,0.0
2024-10-08 12:30:00+09:00,5840.0,5850.0,5830.0,5850.0,1960,0.0,0.0
2024-10-08 12:35:00+09:00,5850.0,5860.0,5830.0,5850.0,1476,0.0,0.0
2024-10-08 12:40:00+09:00,5850.0,5850.0,5830.0,5850.0,3680,0.0,0.0
2024-10-08 12:45:00+09:00,5840.0,5860.0,5830.0,5850.0,3833,0.0,0.0
2024-10-08 12:50:00+09:00,5840.0,5850.0,5830.0,5850.0,1513,0.0,0.0
2024-10-08 12:55:00+09:00,5840.0,5860.0,5830.0,5850.0,1662,0.0,0.0
2024-10-08 13:00:00+09:00,5840.0,5860.0,5830.0,5840.0,1906,0.0,0.0
2024-10-08 13:05:00+09:00,5840.0,5860.0,5840.0,5850.0,2791,0.0,0.0
2024-10-08 13:10:00+09:00,5850.0,5860.0,5840.0,5840.0,2012,0.0,0.0
2024-10-08 13:15:00+09:00,5840.0,5860.0,5820.0,5830.0,9362,0.0,0.0
2024-10-08 13:20:00+09:00,5830.0,5840.0,5820.0,5830.0,2776,0.0,0.0
2024-10-08 13:25:00+09:00,5820.0,5840.0,5820.0,5830.0,3538,0.0,0.0
2024-10-08 13:30:00+09:00,5840.0,5840.0,5810.0,5830.0,10325,0.0,0.0
2024-10-08 13:35:00+09:00,5830.0,5850.0,5830.0,5830.0,3539,0.0,0.0
2024-10-08 13:40:00+09:00,5830.0,5830.0,5810.0,5830.0,4213,0.0,0.0
2024-10-08 13:45:00+09:00,5820.0,5840.0,5810.0,5840.0,3599,0.0,0.0
2024-10-08 13:50:00+09:00,5830.0,5850.0,5820.0,5830.0,3706,0.0,0.0
2024-10-08 13:55:00+09:00,5820.0,5850.0,5820.0,5820.0,3836,0.0,0.0
2024-10-08 14:00:00+09:00,5820.0,5830.0,5820.0,5830.0,3716,0.0,0.0
2024-10-08 14:05:00+09:00,5830.0,5830.0,5810.0,5820.0,4567,0.0,0.0
2024-10-08 14:10:00+09:00,5820.0,5820.0,5810.0,5820.0,5362,0.0,0.0
2024-10-08 14:15:00+09:00,5820.0,5830.0,5810.0,5820.0,3954,0.0,0.0
2024-10-08 14:20:00+09:00,5830.0,5830.0,5810.0,5820.0,9784,0.0,0.0
2024-10-08 14:25:00+09:00,5810.0,5830.0,5810.0,5820.0,3281,0.0,0.0
2024-10-08 14:30:00+09:00,5820.0,5820.0,5810.0,5820.0,4190,0.0,0.0
2024-10-08 14:35:00+09:00,5820.0,5820.0,5810.0,5820.0,1568,0.0,0.0
2024-10-08 14:40:00+09:00,5820.0,5820.0,5780.0,5790.0,32581,0.0,0.0
2024-10-08 14:45:00+09:00,5790.0,5810.0,5770.0,5790.0,8549,0.0,0.0
2024-10-08 14:50:00+09:00,5790.0,5790.0,5770.0,5780.0,6014,0.0,0.0
2024-10-08 14:55:00+09:00,5780.0,5790.0,5770.0,5770.0,10285,0.0,0.0
2024-10-10 09:00:00+09:00,5780.0,5870.0,5770.0,5860.0,0,0.0,0.0
2024-10-10 09:05:00+09:00,5860.0,5880.0,5830.0,5880.0,9725,0.0,0.0
2024-10-10 09:10:00+09:00,5870.0,5920.0,5830.0,5850.0,31723,0.0,0.0
2024-10-10 09:15:00+09:00,5850.0,5860.0,5810.0,5840.0,7519,0.0,0.0
2024-10-10 09:20:00+09:00,5840.0,5840.0,5790.0,5800.0,9964,0.0,0.0
2024-10-10 09:25:00+09:00,5790.0,5800.0,5770.0,5800.0,7851,0.0,0.0
2024-10-10 09:30:00+09:00,5800.0,5810.0,5780.0,5800.0,3807,0.0,0.0
2024-10-10 09:35:00+09:00,5810.0,5810.0,5780.0,5790.0,3039,0.0,0.0
2024-10-10 09:40:00+09:00,5790.0,5800.0,5770.0,5790.0,5615,0.0,0.0
2024-10-10 09:45:00+09:00,5790.0,5790.0,5760.0,5780.0,5443,0.0,0.0
2024-10-10 09:50:00+09:00,5780.0,5780.0,5750.0,5780.0,5548,0.0,0.0
2024-10-10 09:55:00+09:00,5780.0,5780.0,5770.0,5770.0,2231,0.0,0.0
2024-10-10 10:00:00+09:00,5770.0,5780.0,5760.0,5780.0,1629,0.0,0.0
2024-10-10 10:05:00+09:00,5790.0,5820.0,5790.0,5810.0,2768,0.0,0.0
2024-10-10 10:10:00+09:00,5820.0,5820.0,5790.0,5810.0,2316,0.0,0.0
2024-10-10 10:15:00+09:00,5810.0,5810.0,5790.0,5800.0,862,0.0,0.0
2024-10-10 10:20:00+09:00,5790.0,5810.0,5780.0,5810.0,1596,0.0,0.0
2024-10-10 10:25:00+09:00,5800.0,5810.0,5780.0,5800.0,193,0.0,0.0
2024-10-10 10:30:00+09:00,5800.0,5810.0,5790.0,5800.0,1267,0.0,0.0
2024-10-10 10:35:00+09:00,5790.0,5810.0,5790.0,5810.0,284,0.0,0.0
2024-10-10 10:40:00+09:00,5810.0,5810.0,5790.0,5800.0,3642,0.0,0.0
2024-10-10 10:45:00+09:00,5790.0,5800.0,5780.0,5800.0,1679,0.0,0.0
2024-10-10 10:50:00+09:00,5800.0,5800.0,5780.0,5790.0,196,0.0,0.0
2024-10-10 10:55:00+09:00,5790.0,5800.0,5780.0,5800.0,3733,0.0,0.0
2024-10-10 11:00:00+09:00,5800.0,5800.0,5780.0,5800.0,1512,0.0,0.0
2024-10-10 11:05:00+09:00,5790.0,5800.0,5790.0,5800.0,200,0.0,0.0
2024-10-10 11:10:00+09:00,5790.0,5790.0,5780.0,5780.0,1743,0.0,0.0
2024-10-10 11:15:00+09:00,5780.0,5780.0,5770.0,5770.0,2395,0.0,0.0
2024-10-10 11:20:00+09:00,5770.0,5780.0,5770.0,5780.0,1658,0.0,0.0
2024-10-10 11:25:00+09:00,5770.0,5780.0,5760.0,5760.0,1322,0.0,0.0
2024-10-10 11:30:00+09:00,5770.0,5770.0,5750.0,5750.0,7838,0.0,0.0
2024-10-10 11:35:00+09:00,5750.0,5800.0,5740.0,5770.0,27104,0.0,0.0
2024-10-10 11:40:00+09:00,5780.0,5790.0,5780.0,5790.0,1985,0.0,0.0
2024-10-10 11:45:00+09:00,5780.0,5790.0,5780.0,5790.0,110,0.0,0.0
2024-10-10 11:50:00+09:00,5780.0,5790.0,5770.0,5790.0,397,0.0,0.0
2024-10-10 11:55:00+09:00,5780.0,5790.0,5770.0,5780.0,1337,0.0,0.0
2024-10-10 12:00:00+09:00,5780.0,5780.0,5770.0,5780.0,812,0.0,0.0
2024-10-10 12:05:00+09:00,5780.0,5780.0,5770.0,5770.0,159,0.0,0.0
2024-10-10 12:10:00+09:00,5770.0,5780.0,5770.0,5770.0,168,0.0,0.0
2024-10-10 12:15:00+09:00,5780.0,5780.0,5770.0,5780.0,590,0.0,0.0
2024-10-10 12:20:00+09:00,5780.0,5790.0,5780.0,5780.0,456,0.0,0.0
2024-10-10 12:25:00+09:00,5770.0,5780.0,5760.0,5770.0,871,0.0,0.0
2024-10-10 12:30:00+09:00,5770.0,5790.0,5760.0,5760.0,3335,0.0,0.0
2024-10-10 12:35:00+09:00,5760.0,5790.0,5760.0,5770.0,704,0.0,0.0
2024-10-10 12:40:00+09:00,5770.0,5780.0,5770.0,5780.0,112,0.0,0.0
2024-10-10 12:45:00+09:00,5780.0,5780.0,5760.0,5770.0,444,0.0,0.0
2024-10-10 12:50:00+09:00,5780.0,5780.0,5760.0,5760.0,181,0.0,0.0
2024-10-10 12:55:00+09:00,5770.0,5780.0,5760.0,5760.0,1036,0.0,0.0
2024-10-10 13:00:00+09:00,5760.0,5770.0,5750.0,5750.0,8483,0.0,0.0
2024-10-10 13:05:00+09:00,5750.0,5770.0,5750.0,5770.0,1053,0.0,0.0
2024-10-10 13:10:00+09:00,5770.0,5770.0,5760.0,5770.0,1056,0.0,0.0
2024-10-10 13:15:00+09:00,5780.0,5790.0,5780.0,5780.0,3343,0.0,0.0
2024-10-10 13:20:00+09:00,5780.0,5790.0,5780.0,5790.0,408,0.0,0.0
2024-10-10 13:25:00+09:00,5790.0,5790.0,5780.0,5780.0,1140,0.0,0.0
2024-10-10 13:30:00+09:00,5790.0,5790.0,5760.0,5780.0,2085,0.0,0.0
2024-10-10 13:35:00+09:00,5780.0,5780.0,5760.0,5770.0,698,0.0,0.0
2024-10-10 13:40:00+09:00,5770.0,5780.0,5770.0,5780.0,357,0.0,0.0
2024-10-10 13:45:00+09:00,5780.0,5780.0,5760.0,5770.0,1260,0.0,0.0
2024-10-10 13:50:00+09:00,5770.0,5770.0,5760.0,5770.0,922,0.0,0.0
2024-10-10 13:55:00+09:00,5770.0,5770.0,5760.0,5770.0,1884,0.0,0.0
2024-10-10 14:00:00+09:00,5770.0,5770.0,5760.0,5770.0,192,0.0,0.0
2024-10-10 14:05:00+09:00,5770.0,5770.0,5760.0,5770.0,551,0.0,0.0
2024-10-10 14:10:00+09:00,5770.0,5780.0,5770.0,5770.0,4088,0.0,0.0
2024-10-10 14:15:00+09:00,5770.0,5780.0,5760.0,5780.0,58,0.0,0.0
2024-10-10 14:20:00+09:00,5770.0,5780.0,5760.0,5770.0,1547,0.0,0.0
2024-10-10 14:25:00+09:00,5770.0,5770.0,5760.0,5770.0,498,0.0,0.0
2024-10-10 14:30:00+09:00,5770.0,5770.0,5760.0,5760.0,1295,0.0,0.0
2024-10-10 14:35:00+09:00,5770.0,5780.0,5760.0,5760.0,2061,0.0,0.0
2024-10-10 14:40:00+09:00,5770.0,5770.0,5740.0,5750.0,6429,0.0,0.0
2024-10-10 14:45:00+09:00,5750.0,5760.0,5750.0,5760.0,422,0.0,0.0
2024-10-10 14:50:00+09:00,5760.0,5760.0,5740.0,5760.0,4821,0.0,0.0
2024-10-10 14:55:00+09:00,5750.0,5760.0,5710.0,5740.0,11321,0.0,0.0
2024-10-11 09:00:00+09:00,5750.0,5800.0,5740.0,5790.0,12054,0.0,0.0
2024-10-11 09:05:00+09:00,5790.0,5790.0,5770.0,5780.0,2139,0.0,0.0
2024-10-11 09:10:00+09:00,5790.0,5790.0,5770.0,5780.0,3156,0.0,0.0
2024-10-11 09:15:00+09:00,5780.0,5790.0,5740.0,5750.0,7612,0.0,0.0
2024-10-11 09:20:00+09:00,5750.0,5780.0,5750.0,5760.0,2322,0.0,0.0
2024-10-11 09:25:00+09:00,5760.0,5760.0,5740.0,5760.0,4453,0.0,0.0
2024-10-11 09:30:00+09:00,5750.0,5750.0,5720.0,5720.0,5011,0.0,0.0
2024-10-11 09:35:00+09:00,5720.0,5720.0,5670.0,5700.0,12876,0.0,0.0
2024-10-11 09:40:00+09:00,5670.0,5700.0,5650.0,5690.0,13946,0.0,0.0
2024-10-11 09:45:00+09:00,5670.0,5680.0,5670.0,5680.0,3238,0.0,0.0
2024-10-11 09:50:00+09:00,5680.0,5690.0,5660.0,5670.0,4997,0.0,0.0
2024-10-11 09:55:00+09:00,5670.0,5670.0,5610.0,5620.0,19252,0.0,0.0
2024-10-11 10:00:00+09:00,5620.0,5630.0,5600.0,5620.0,23126,0.0,0.0
2024-10-11 10:05:00+09:00,5620.0,5630.0,5610.0,5610.0,7451,0.0,0.0
2024-10-11 10:10:00+09:00,5620.0,5620.0,5600.0,5610.0,12454,0.0,0.0
2024-10-11 10:15:00+09:00,5610.0,5620.0,5580.0,5590.0,17442,0.0,0.0
2024-10-11 10:20:00+09:00,5590.0,5590.0,5550.0,5580.0,12324,0.0,0.0
2024-10-11 10:25:00+09:00,5570.0,5580.0,5530.0,5570.0,11326,0.0,0.0
2024-10-11 10:30:00+09:00,5560.0,5610.0,5550.0,5590.0,8808,0.0,0.0
2024-10-11 10:35:00+09:00,5580.0,5600.0,5580.0,5600.0,4496,0.0,0.0
2024-10-11 10:40:00+09:00,5600.0,5610.0,5590.0,5590.0,4819,0.0,0.0
2024-10-11 10:45:00+09:00,5600.0,5610.0,5590.0,5600.0,4590,0.0,0.0
2024-10-11 10:50:00+09:00,5590.0,5600.0,5580.0,5590.0,2161,0.0,0.0
2024-10-11 10:55:00+09:00,5580.0,5590.0,5550.0,5580.0,8087,0.0,0.0
2024-10-11 11:00:00+09:00,5570.0,5590.0,5560.0,5560.0,4965,0.0,0.0
2024-10-11 11:05:00+09:00,5570.0,5590.0,5560.0,5580.0,3573,0.0,0.0
2024-10-11 11:10:00+09:00,5580.0,5600.0,5570.0,5590.0,3769,0.0,0.0
2024-10-11 11:15:00+09:00,5590.0,5610.0,5590.0,5600.0,5345,0.0,0.0
2024-10-11 11:20:00+09:00,5590.0,5610.0,5590.0,5600.0,704,0.0,0.0
2024-10-11 11:25:00+09:00,5590.0,5600.0,5590.0,5590.0,3195,0.0,0.0
2024-10-11 11:30:00+09:00,5580.0,5590.0,5570.0,5570.0,2328,0.0,0.0
2024-10-11 11:35:00+09:00,5570.0,5590.0,5560.0,5570.0,6272,0.0,0.0
2024-10-11 11:40:00+09:00,5570.0,5590.0,5570.0,5580.0,1598,0.0,0.0
2024-10-11 11:45:00+09:00,5570.0,5590.0,5570.0,5590.0,1592,0.0,0.0
2024-10-11 11:50:00+09:00,5590.0,5590.0,5570.0,5580.0,3158,0.0,0.0
2024-10-11 11:55:00+09:00,5580.0,5600.0,5570.0,5570.0,4762,0.0,0.0
2024-10-11 12:00:00+09:00,5570.0,5580.0,5560.0,5570.0,2250,0.0,0.0
2024-10-11 12:05:00+09:00,5570.0,5590.0,5560.0,5560.0,1358,0.0,0.0
2024-10-11 12:10:00+09:00,5560.0,5580.0,5560.0,5580.0,1417,0.0,0.0
2024-10-11 12:15:00+09:00,5580.0,5590.0,5570.0,5580.0,1173,0.0,0.0
2024-10-11 12:20:00+09:00,5570.0,5590.0,5570.0,5580.0,2647,0.0,0.0
2024-10-11 12:25:00+09:00,5580.0,5590.0,5570.0,5570.0,2252,0.0,0.0
2024-10-11 12:30:00+09:00,5580.0,5580.0,5560.0,5560.0,2191,0.0,0.0
2024-10-11 12:35:00+09:00,5570.0,5590.0,5560.0,5570.0,2279,0.0,0.0
2024-10-11 12:40:00+09:00,5570.0,5570.0,5550.0,5550.0,10388,0.0,0.0
2024-10-11 12:45:00+09:00,5560.0,5570.0,5560.0,5560.0,1829,0.0,0.0
2024-10-11 12:50:00+09:00,5560.0,5580.0,5550.0,5560.0,3494,0.0,0.0
2024-10-11 12:55:00+09:00,5580.0,5580.0,5570.0,5580.0,896,0.0,0.0
2024-10-11 13:00:00+09:00,5580.0,5580.0,5560.0,5560.0,2421,0.0,0.0
2024-10-11 13:05:00+09:00,5570.0,5570.0,5550.0,5560.0,4322,0.0,0.0
2024-10-11 13:10:00+09:00,5550.0,5560.0,5540.0,5550.0,5474,0.0,0.0
2024-10-11 13:15:00+09:00,5560.0,5570.0,5550.0,5550.0,1233,0.0,0.0
2024-10-11 13:20:00+09:00,5550.0,5570.0,5540.0,5560.0,12476,0.0,0.0
2024-10-11 13:25:00+09:00,5550.0,5560.0,5540.0,5550.0,5295,0.0,0.0
2024-10-11 13:30:00+09:00,5540.0,5560.0,5540.0,5550.0,3408,0.0,0.0
2024-10-11 13:35:00+09:00,5550.0,5560.0,5540.0,5540.0,3422,0.0,0.0
2024-10-11 13:40:00+09:00,5540.0,5560.0,5540.0,5540.0,4001,0.0,0.0
2024-10-11 13:45:00+09:00,5540.0,5560.0,5540.0,5560.0,5202,0.0,0.0
2024-10-11 13:50:00+09:00,5550.0,5550.0,5520.0,5520.0,14957,0.0,0.0
2024-10-11 13:55:00+09:00,5530.0,5530.0,5520.0,5520.0,7066,0.0,0.0
2024-10-11 14:00:00+09:00,5530.0,5530.0,5510.0,5520.0,2532,0.0,0.0
2024-10-11 14:05:00+09:00,5530.0,5530.0,5520.0,5520.0,3011,0.0,0.0
2024-10-11 14:10:00+09:00,5520.0,5520.0,5510.0,5510.0,10642,0.0,0.0
2024-10-11 14:15:00+09:00,5510.0,5530.0,5510.0,5530.0,4173,0.0,0.0
2024-10-11 14:20:00+09:00,5530.0,5530.0,5510.0,5510.0,4400,0.0,0.0
2024-10-11 14:25:00+09:00,5510.0,5520.0,5470.0,5470.0,32282,0.0,0.0
2024-10-11 14:30:00+09:00,5470.0,5500.0,5460.0,5480.0,17992,0.0,0.0
2024-10-11 14:35:00+09:00,5480.0,5500.0,5480.0,5500.0,4103,0.0,0.0
2024-10-11 14:40:00+09:00,5500.0,5510.0,5490.0,5500.0,4458,0.0,0.0
2024-10-11 14:45:00+09:00,5500.0,5500.0,5480.0,5480.0,6356,0.0,0.0
2024-10-11 14:50:00+09:00,5480.0,5490.0,5480.0,5490.0,4718,0.0,0.0
2024-10-11 14:55:00+09:00,5490.0,5530.0,5490.0,5530.0,14819,0.0,0.0
2024-10-14 09:00:00+09:00,5500.0,5580.0,5500.0,5560.0,0,0.0,0.0
2024-10-14 09:05:00+09:00,5560.0,5560.0,5500.0,5520.0,3442,0.0,0.0
2024-10-14 09:10:00+09:00,5530.0,5530.0,5490.0,5490.0,12884,0.0,0.0
2024-10-14 09:15:00+09:00,5520.0,5550.0,5500.0,5550.0,926,0.0,0.0
2024-10-14 09:20:00+09:00,5540.0,5590.0,5530.0,5590.0,9410,0.0,0.0
2024-10-14 09:25:00+09:00,5590.0,5620.0,5580.0,5590.0,22016,0.0,0.0
2024-10-14 09:30:00+09:00,5580.0,5610.0,5560.0,5560.0,7140,0.0,0.0
2024-10-14 09:35:00+09:00,5560.0,5580.0,5540.0,5550.0,10041,0.0,0.0
2024-10-14 09:40:00+09:00,5550.0,5550.0,5530.0,5550.0,699,0.0,0.0
2024-10-14 09:45:00+09:00,5550.0,5560.0,5540.0,5540.0,2875,0.0,0.0
2024-10-14 09:50:00+09:00,5540.0,5560.0,5530.0,5540.0,8733,0.0,0.0
2024-10-14 09:55:00+09:00,5550.0,5570.0,5540.0,5570.0,3409,0.0,0.0
2024-10-14 10:00:00+09:00,5570.0,5570.0,5540.0,5550.0,2051,0.0,0.0
2024-10-14 10:05:00+09:00,5540.0,5550.0,5540.0,5550.0,1470,0.0,0.0
2024-10-14 10:10:00+09:00,5550.0,5550.0,5530.0,5530.0,1766,0.0,0.0
2024-10-14 10:15:00+09:00,5540.0,5540.0,5520.0,5530.0,2949,0.0,0.0
2024-10-14 10:20:00+09:00,5520.0,5540.0,5520.0,5520.0,2777,0.0,0.0
2024-10-14 10:25:00+09:00,5520.0,5540.0,5510.0,5510.0,4296,0.0,0.0
2024-10-14 10:30:00+09:00,5510.0,5520.0,5500.0,5520.0,2200,0.0,0.0
2024-10-14 10:35:00+09:00,5520.0,5520.0,5510.0,5520.0,325,0.0,0.0
2024-10-14 10:40:00+09:00,5520.0,5520.0,5510.0,5510.0,1020,0.0,0.0
2024-10-14 10:45:00+09:00,5510.0,5520.0,5510.0,5520.0,1212,0.0,0.0
2024-10-14 10:50:00+09:00,5520.0,5530.0,5520.0,5530.0,991,0.0,0.0
2024-10-14 10:55:00+09:00,5530.0,5530.0,5510.0,5510.0,227,0.0,0.0
2024-10-14 11:00:00+09:00,5520.0,5530.0,5520.0,5530.0,1699,0.0,0.0
2024-10-14 11:05:00+09:00,5530.0,5530.0,5500.0,5530.0,7388,0.0,0.0
2024-10-14 11:10:00+09:00,5500.0,5530.0,5500.0,5530.0,59,0.0,0.0
2024-10-14 11:15:00+09:00,5530.0,5530.0,5510.0,5530.0,320,0.0,0.0
2024-10-14 11:20:00+09:00,5520.0,5530.0,5520.0,5520.0,467,0.0,0.0
2024-10-14 11:25:00+09:00,5520.0,5530.0,5500.0,5530.0,1928,0.0,0.0
2024-10-14 11:30:00+09:00,5530.0,5530.0,5530.0,5530.0,86,0.0,0.0
2024-10-14 11:35:00+09:00,5520.0,5540.0,5520.0,5540.0,224,0.0,0.0
2024-10-14 11:40:00+09:00,5530.0,5530.0,5530.0,5530.0,11,0.0,0.0
2024-10-14 11:45:00+09:00,5520.0,5530.0,5520.0,5530.0,886,0.0,0.0
2024-10-14 11:50:00+09:00,5530.0,5530.0,5520.0,5530.0,179,0.0,0.0
2024-10-14 11:55:00+09:00,5530.0,5540.0,5530.0,5540.0,1536,0.0,0.0
2024-10-14 12:00:00+09:00,5520.0,5530.0,5520.0,5530.0,35,0.0,0.0
2024-10-14 12:05:00+09:00,5520.0,5530.0,5520.0,5530.0,1241,0.0,0.0
2024-10-14 12:10:00+09:00,5530.0,5530.0,5510.0,5530.0,2545,0.0,0.0
2024-10-14 12:15:00+09:00,5530.0,5550.0,5530.0,5540.0,387,0.0,0.0
2024-10-14 12:20:00+09:00,5540.0,5540.0,5540.0,5540.0,317,0.0,0.0
2024-10-14 12:25:00+09:00,5550.0,5550.0,5540.0,5540.0,7,0.0,0.0
2024-10-14 12:30:00+09:00,5540.0,5550.0,5530.0,5540.0,1086,0.0,0.0
2024-10-14 12:35:00+09:00,5540.0,5550.0,5540.0,5550.0,1969,0.0,0.0
2024-10-14 12:40:00+09:00,5560.0,5560.0,5540.0,5540.0,1325,0.0,0.0
2024-10-14 12:45:00+09:00,5540.0,5550.0,5540.0,5550.0,1380,0.0,0.0
2024-10-14 12:50:00+09:00,5550.0,5560.0,5550.0,5560.0,689,0.0,0.0
2024-10-14 12:55:00+09:00,5560.0,5560.0,5560.0,5560.0,52,0.0,0.0
2024-10-14 13:00:00+09:00,5560.0,5560.0,5550.0,5560.0,456,0.0,0.0
2024-10-14 13:05:00+09:00,5560.0,5560.0,5560.0,5560.0,454,0.0,0.0
2024-10-14 13:10:00+09:00,5560.0,5570.0,5560.0,5560.0,1648,0.0,0.0
2024-10-14 13:15:00+09:00,5560.0,5560.0,5550.0,5550.0,0,0.0,0.0
2024-10-14 13:20:00+09:00,5550.0,5560.0,5550.0,5560.0,2011,0.0,0.0
2024-10-14 13:25:00+09:00,5560.0,5570.0,5550.0,5560.0,3701,0.0,0.0
2024-10-14 13:30:00+09:00,5560.0,5580.0,5560.0,5570.0,2608,0.0,0.0
2024-10-14 13:35:00+09:00,5570.0,5580.0,5570.0,5580.0,226,0.0,0.0
2024-10-14 13:40:00+09:00,5580.0,5590.0,5570.0,5580.0,5695,0.0,0.0
2024-10-14 13:45:00+09:00,5570.0,5580.0,5540.0,5580.0,13408,0.0,0.0
2024-10-14 13:50:00+09:00,5550.0,5550.0,5520.0,5530.0,9926,0.0,0.0
2024-10-14 13:55:00+09:00,5530.0,5550.0,5530.0,5540.0,4591,0.0,0.0
2024-10-14 14:00:00+09:00,5530.0,5540.0,5520.0,5530.0,6468,0.0,0.0
2024-10-14 14:05:00+09:00,5520.0,5530.0,5510.0,5520.0,11238,0.0,0.0
2024-10-14 14:10:00+09:00,5510.0,5520.0,5500.0,5510.0,7103,0.0,0.0
2024-10-14 14:15:00+09:00,5510.0,5520.0,5500.0,5510.0,6626,0.0,0.0
2024-10-14 14:20:00+09:00,5510.0,5530.0,5500.0,5510.0,4919,0.0,0.0
2024-10-14 14:25:00+09:00,5500.0,5510.0,5490.0,5500.0,15133,0.0,0.0
2024-10-14 14:30:00+09:00,5510.0,5510.0,5490.0,5500.0,18454,0.0,0.0
2024-10-14 14:35:00+09:00,5490.0,5510.0,5490.0,5490.0,10676,0.0,0.0
2024-10-14 14:40:00+09:00,5490.0,5490.0,5450.0,5460.0,19430,0.0,0.0
2024-10-14 14:45:00+09:00,5470.0,5480.0,5460.0,5460.0,9905,0.0,0.0
2024-10-14 14:50:00+09:00,5460.0,5510.0,5460.0,5500.0,11845,0.0,0.0
2024-10-14 14:55:00+09:00,5490.0,5510.0,5470.0,5480.0,11683,0.0,0.0
2024-10-15 09:00:00+09:00,5490.0,5530.0,5440.0,5480.0,17507,0.0,0.0
2024-10-15 09:05:00+09:00,5470.0,5490.0,5450.0,5470.0,5897,0.0,0.0
2024-10-15 09:10:00+09:00,5470.0,5490.0,5450.0,5460.0,9312,0.0,0.0
2024-10-15 09:15:00+09:00,5460.0,5490.0,5450.0,5480.0,11315,0.0,0.0
2024-10-15 09:20:00+09:00,5480.0,5510.0,5460.0,5460.0,4466,0.0,0.0
2024-10-15 09:25:00+09:00,5460.0,5480.0,5430.0,5440.0,21422,0.0,0.0
2024-10-15 09:30:00+09:00,5450.0,5480.0,5420.0,5440.0,6293,0.0,0.0
2024-10-15 09:35:00+09:00,5440.0,5450.0,5430.0,5440.0,1380,0.0,0.0
2024-10-15 09:40:00+09:00,5440.0,5450.0,5430.0,5430.0,4563,0.0,0.0
2024-10-15 09:45:00+09:00,5430.0,5440.0,5390.0,5400.0,25211,0.0,0.0
2024-10-15 09:50:00+09:00,5400.0,5420.0,5390.0,5410.0,12721,0.0,0.0
2024-10-15 09:55:00+09:00,5420.0,5440.0,5410.0,5430.0,2593,0.0,0.0
2024-10-15 10:00:00+09:00,5420.0,5430.0,5410.0,5420.0,2531,0.0,0.0
2024-10-15 10:05:00+09:00,5430.0,5440.0,5410.0,5440.0,4249,0.0,0.0
2024-10-15 10:10:00+09:00,5430.0,5430.0,5410.0,5410.0,3065,0.0,0.0
2024-10-15 10:15:00+09:00,5420.0,5440.0,5410.0,5430.0,1454,0.0,0.0
2024-10-15 10:20:00+09:00,5430.0,5450.0,5420.0,5450.0,2222,0.0,0.0
2024-10-15 10:25:00+09:00,5440.0,5450.0,5430.0,5450.0,1442,0.0,0.0
2024-10-15 10:30:00+09:00,5440.0,5470.0,5440.0,5470.0,3593,0.0,0.0
2024-10-15 10:35:00+09:00,5460.0,5470.0,5450.0,5460.0,1825,0.0,0.0
2024-10-15 10:40:00+09:00,5460.0,5490.0,5460.0,5470.0,3398,0.0,0.0
2024-10-15 10:45:00+09:00,5480.0,5490.0,5470.0,5470.0,1338,0.0,0.0
2024-10-15 10:50:00+09:00,5480.0,5490.0,5470.0,5480.0,1264,0.0,0.0
2024-10-15 10:55:00+09:00,5480.0,5510.0,5470.0,5490.0,6614,0.0,0.0
2024-10-15 11:00:00+09:00,5480.0,5510.0,5480.0,5490.0,2882,0.0,0.0
2024-10-15 11:05:00+09:00,5500.0,5510.0,5490.0,5510.0,1652,0.0,0.0
2024-10-15 11:10:00+09:00,5510.0,5530.0,5500.0,5530.0,6389,0.0,0.0
2024-10-15 11:15:00+09:00,5520.0,5530.0,5510.0,5530.0,2463,0.0,0.0
2024-10-15 11:20:00+09:00,5520.0,5560.0,5510.0,5540.0,15675,0.0,0.0
2024-10-15 11:25:00+09:00,5530.0,5530.0,5510.0,5510.0,5409,0.0,0.0
2024-10-15 11:30:00+09:00,5510.0,5510.0,5490.0,5490.0,10130,0.0,0.0
2024-10-15 11:35:00+09:00,5500.0,5500.0,5480.0,5490.0,1671,0.0,0.0
2024-10-15 11:40:00+09:00,5490.0,5490.0,5480.0,5480.0,1604,0.0,0.0
2024-10-15 11:45:00+09:00,5480.0,5490.0,5480.0,5490.0,1028,0.0,0.0
2024-10-15 11:50:00+09:00,5490.0,5500.0,5480.0,5500.0,2436,0.0,0.0
2024-10-15 11:55:00+09:00,5480.0,5510.0,5480.0,5490.0,1814,0.0,0.0
2024-10-15 12:00:00+09:00,5490.0,5510.0,5490.0,5490.0,435,0.0,0.0
2024-10-15 12:05:00+09:00,5490.0,5500.0,5490.0,5500.0,306,0.0,0.0
2024-10-15 12:10:00+09:00,5500.0,5500.0,5490.0,5490.0,2180,0.0,0.0
2024-10-15 12:15:00+09:00,5490.0,5500.0,5480.0,5490.0,651,0.0,0.0
2024-10-15 12:20:00+09:00,5500.0,5500.0,5490.0,5490.0,888,0.0,0.0
2024-10-15 12:25:00+09:00,5490.0,5500.0,5480.0,5480.0,2852,0.0,0.0
2024-10-15 12:30:00+09:00,5480.0,5490.0,5480.0,5490.0,874,0.0,0.0
2024-10-15 12:35:00+09:00,5490.0,5500.0,5480.0,5490.0,307,0.0,0.0
2024-10-15 12:40:00+09:00,5490.0,5500.0,5470.0,5480.0,2966,0.0,0.0
2024-10-15 12:45:00+09:00,5480.0,5480.0,5470.0,5470.0,486,0.0,0.0
2024-10-15 12:50:00+09:00,5470.0,5500.0,5470.0,5500.0,1082,0.0,0.0
2024-10-15 12:55:00+09:00,5490.0,5500.0,5480.0,5490.0,1681,0.0,0.0
2024-10-15 13:00:00+09:00,5500.0,5500.0,5470.0,5500.0,6421,0.0,0.0
2024-10-15 13:05:00+09:00,5500.0,5500.0,5460.0,5490.0,4737,0.0,0.0
2024-10-15 13:10:00+09:00,5470.0,5490.0,5460.0,5480.0,5802,0.0,0.0
2024-10-15 13:15:00+09:00,5470.0,5490.0,5470.0,5480.0,772,0.0,0.0
2024-10-15 13:20:00+09:00,5470.0,5480.0,5470.0,5470.0,5541,0.0,0.0
2024-10-15 13:25:00+09:00,5470.0,5480.0,5470.0,5480.0,1863,0.0,0.0
2024-10-15 13:30:00+09:00,5480.0,5480.0,5480.0,5480.0,2732,0.0,0.0
2024-10-15 13:35:00+09:00,5480.0,5510.0,5480.0,5510.0,2829,0.0,0.0
2024-10-15 13:40:00+09:00,5490.0,5500.0,5480.0,5500.0,4543,0.0,0.0
2024-10-15 13:45:00+09:00,5500.0,5510.0,5470.0,5470.0,3277,0.0,0.0
2024-10-15 13:50:00+09:00,5490.0,5500.0,5480.0,5490.0,1816,0.0,0.0
2024-10-15 13:55:00+09:00,5490.0,5510.0,5490.0,5490.0,1454,0.0,0.0
2024-10-15 14:00:00+09:00,5490.0,5510.0,5480.0,5480.0,6370,0.0,0.0
2024-10-15 14:05:00+09:00,5480.0,5500.0,5480.0,5500.0,2402,0.0,0.0
2024-10-15 14:10:00+09:00,5480.0,5490.0,5480.0,5490.0,2359,0.0,0.0
2024-10-15 14:15:00+09:00,5500.0,5500.0,5480.0,5490.0,266,0.0,0.0
2024-10-15 14:20:00+09:00,5490.0,5500.0,5480.0,5500.0,2717,0.0,0.0
2024-10-15 14:25:00+09:00,5480.0,5510.0,5480.0,5490.0,1885,0.0,0.0
2024-10-15 14:30:00+09:00,5490.0,5510.0,5490.0,5500.0,3139,0.0,0.0
2024-10-15 14:35:00+09:00,5490.0,5500.0,5480.0,5490.0,2387,0.0,0.0
2024-10-15 14:40:00+09:00,5490.0,5500.0,5490.0,5490.0,2950,0.0,0.0
2024-10-15 14:45:00+09:00,5490.0,5510.0,5480.0,5500.0,2379,0.0,0.0
2024-10-15 14:50:00+09:00,5500.0,5510.0,5490.0,5500.0,3382,0.0,0.0
2024-10-15 14:55:00+09:00,5510.0,5520.0,5500.0,5500.0,3510,0.0,0.0
2024-10-16 09:00:00+09:00,5470.0,5470.0,5410.0,5430.0,7395,0.0,0.0
2024-10-16 09:05:00+09:00,5450.0,5450.0,5370.0,5390.0,18840,0.0,0.0
2024-10-16 09:10:00+09:00,5380.0,5400.0,5370.0,5400.0,6866,0.0,0.0
2024-10-16 09:15:00+09:00,5380.0,5440.0,5380.0,5440.0,7083,0.0,0.0
2024-10-16 09:20:00+09:00,5420.0,5450.0,5420.0,5440.0,4832,0.0,0.0
2024-10-16 09:25:00+09:00,5430.0,5430.0,5410.0,5420.0,6362,0.0,0.0
2024-10-16 09:30:00+09:00,5410.0,5430.0,5400.0,5410.0,5148,0.0,0.0
2024-10-16 09:35:00+09:00,5410.0,5450.0,5410.0,5450.0,4233,0.0,0.0
2024-10-16 09:40:00+09:00,5460.0,5490.0,5450.0,5470.0,12892,0.0,0.0
2024-10-16 09:45:00+09:00,5450.0,5470.0,5450.0,5460.0,3429,0.0,0.0
2024-10-16 09:50:00+09:00,5450.0,5460.0,5410.0,5410.0,5736,0.0,0.0
2024-10-16 09:55:00+09:00,5420.0,5430.0,5410.0,5430.0,1139,0.0,0.0
2024-10-16 10:00:00+09:00,5430.0,5460.0,5430.0,5450.0,1651,0.0,0.0
2024-10-16 10:05:00+09:00,5450.0,5460.0,5440.0,5440.0,1074,0.0,0.0
2024-10-16 10:10:00+09:00,5450.0,5470.0,5440.0,5470.0,1780,0.0,0.0
2024-10-16 10:15:00+09:00,5470.0,5490.0,5460.0,5490.0,993,0.0,0.0
2024-10-16 10:20:00+09:00,5480.0,5490.0,5480.0,5480.0,2350,0.0,0.0
2024-10-16 10:25:00+09:00,5480.0,5520.0,5480.0,5520.0,6835,0.0,0.0
2024-10-16 10:30:00+09:00,5490.0,5500.0,5480.0,5500.0,6837,0.0,0.0
2024-10-16 10:35:00+09:00,5500.0,5520.0,5500.0,5520.0,1172,0.0,0.0
2024-10-16 10:40:00+09:00,5520.0,5540.0,5510.0,5540.0,4842,0.0,0.0
2024-10-16 10:45:00+09:00,5540.0,5640.0,5540.0,5620.0,37090,0.0,0.0
2024-10-16 10:50:00+09:00,5620.0,5620.0,5590.0,5600.0,3533,0.0,0.0
2024-10-16 10:55:00+09:00,5600.0,5600.0,5570.0,5590.0,8607,0.0,0.0
2024-10-16 11:00:00+09:00,5590.0,5610.0,5570.0,5580.0,5740,0.0,0.0
2024-10-16 11:05:00+09:00,5570.0,5580.0,5550.0,5570.0,3875,0.0,0.0
2024-10-16 11:10:00+09:00,5570.0,5580.0,5560.0,5560.0,2058,0.0,0.0
2024-10-16 11:15:00+09:00,5560.0,5570.0,5540.0,5560.0,7400,0.0,0.0
2024-10-16 11:20:00+09:00,5560.0,5580.0,5560.0,5580.0,1886,0.0,0.0
2024-10-16 11:25:00+09:00,5580.0,5590.0,5570.0,5580.0,1533,0.0,0.0
2024-10-16 11:30:00+09:00,5580.0,5590.0,5570.0,5590.0,2345,0.0,0.0
2024-10-16 11:35:00+09:00,5580.0,5580.0,5560.0,5570.0,1858,0.0,0.0
2024-10-16 11:40:00+09:00,5570.0,5590.0,5570.0,5590.0,1305,0.0,0.0
2024-10-16 11:45:00+09:00,5580.0,5580.0,5570.0,5570.0,2277,0.0,0.0
2024-10-16 11:50:00+09:00,5570.0,5580.0,5560.0,5580.0,4825,0.0,0.0
2024-10-16 11:55:00+09:00,5570.0,5570.0,5570.0,5570.0,345,0.0,0.0
2024-10-16 12:00:00+09:00,5570.0,5570.0,5550.0,5550.0,2054,0.0,0.0
2024-10-16 12:05:00+09:00,5560.0,5560.0,5550.0,5550.0,187,0.0,0.0
2024-10-16 12:10:00+09:00,5560.0,5560.0,5500.0,5500.0,7811,0.0,0.0
2024-10-16 12:15:00+09:00,5520.0,5530.0,5500.0,5530.0,459,0.0,0.0
2024-10-16 12:20:00+09:00,5540.0,5550.0,5540.0,5550.0,465,0.0,0.0
2024-10-16 12:25:00+09:00,5550.0,5550.0,5530.0,5530.0,3057,0.0,0.0
2024-10-16 12:30:00+09:00,5550.0,5560.0,5540.0,5550.0,3016,0.0,0.0
2024-10-16 12:35:00+09:00,5550.0,5550.0,5530.0,5540.0,861,0.0,0.0
2024-10-16 12:40:00+09:00,5530.0,5550.0,5530.0,5540.0,496,0.0,0.0
2024-10-16 12:45:00+09:00,5540.0,5570.0,5540.0,5570.0,11701,0.0,0.0
2024-10-16 12:50:00+09:00,5570.0,5580.0,5570.0,5580.0,893,0.0,0.0
2024-10-16 12:55:00+09:00,5580.0,5590.0,5570.0,5570.0,6516,0.0,0.0
2024-10-16 13:00:00+09:00,5580.0,5580.0,5550.0,5560.0,1479,0.0,0.0
2024-10-16 13:05:00+09:00,5560.0,5570.0,5550.0,5560.0,2631,0.0,0.0
2024-10-16 13:10:00+09:00,5560.0,5560.0,5550.0,5550.0,1570,0.0,0.0
2024-10-16 13:15:00+09:00,5550.0,5580.0,5550.0,5580.0,972,0.0,0.0
2024-10-16 13:20:00+09:00,5580.0,5580.0,5560.0,5560.0,1383,0.0,0.0
2024-10-16 13:25:00+09:00,5560.0,5570.0,5550.0,5550.0,1004,0.0,0.0
2024-10-16 13:30:00+09:00,5550.0,5560.0,5550.0,5560.0,106,0.0,0.0
2024-10-16 13:35:00+09:00,5560.0,5560.0,5550.0,5560.0,2416,0.0,0.0
2024-10-16 13:40:00+09:00,5560.0,5560.0,5540.0,5560.0,1738,0.0,0.0
2024-10-16 13:45:00+09:00,5560.0,5570.0,5550.0,5570.0,796,0.0,0.0
2024-10-16 13:50:00+09:00,5570.0,5570.0,5560.0,5570.0,835,0.0,0.0
2024-10-16 13:55:00+09:00,5570.0,5570.0,5560.0,5570.0,566,0.0,0.0
2024-10-16 14:00:00+09:00,5560.0,5580.0,5560.0,5580.0,3321,0.0,0.0
2024-10-16 14:05:00+09:00,5570.0,5580.0,5560.0,5560.0,2993,0.0,0.0
2024-10-16 14:10:00+09:00,5570.0,5570.0,5560.0,5560.0,2574,0.0,0.0
2024-10-16 14:15:00+09:00,5560.0,5560.0,5540.0,5540.0,3073,0.0,0.0
2024-10-16 14:20:00+09:00,5540.0,5550.0,5540.0,5550.0,462,0.0,0.0
2024-10-16 14:25:00+09:00,5550.0,5560.0,5550.0,5560.0,1868,0.0,0.0
2024-10-16 14:30:00+09:00,5560.0,5570.0,5550.0,5560.0,1099,0.0,0.0
2024-10-16 14:35:00+09:00,5560.0,5570.0,5550.0,5560.0,4609,0.0,0.0
2024-10-16 14:40:00+09:00,5560.0,5590.0,5560.0,5570.0,10993,0.0,0.0
2024-10-16 14:45:00+09:00,5580.0,5580.0,5560.0,5560.0,0,0.0,0.0
2024-10-16 14:50:00+09:00,5570.0,5570.0,5570.0,5570.0,285828,0.0,0.0
2024-10-16 14:55:00+09:00,5570.0,5580.0,5560.0,5580.0,1619,0.0,0.0
2024-10-17 09:00:00+09:00,5610.0,5620.0,5540.0,5570.0,23289,0.0,0.0
2024-10-17 09:05:00+09:00,5560.0,5570.0,5470.0,5480.0,25460,0.0,0.0
2024-10-17 09:10:00+09:00,5510.0,5510.0,5440.0,5460.0,12974,0.0,0.0
2024-10-17 09:15:00+09:00,5450.0,5470.0,5420.0,5430.0,15594,0.0,0.0
2024-10-17 09:20:00+09:00,5430.0,5460.0,5420.0,5440.0,9007,0.0,0.0
2024-10-17 09:25:00+09:00,5440.0,5490.0,5430.0,5470.0,6899,0.0,0.0
2024-10-17 09:30:00+09:00,5490.0,5490.0,5410.0,5420.0,42502,0.0,0.0
2024-10-17 09:35:00+09:00,5420.0,5430.0,5400.0,5430.0,12772,0.0,0.0
2024-10-17 09:40:00+09:00,5430.0,5430.0,5400.0,5420.0,18279,0.0,0.0
2024-10-17 09:45:00+09:00,5430.0,5430.0,5410.0,5410.0,9913,0.0,0.0
2024-10-17 09:50:00+09:00,5420.0,5440.0,5410.0,5420.0,2108,0.0,0.0
2024-10-17 09:55:00+09:00,5420.0,5440.0,5410.0,5430.0,4229,0.0,0.0
2024-10-17 10:00:00+09:00,5430.0,5440.0,5420.0,5430.0,5661,0.0,0.0
2024-10-17 10:05:00+09:00,5430.0,5440.0,5410.0,5410.0,4898,0.0,0.0
2024-10-17 10:10:00+09:00,5410.0,5430.0,5380.0,5400.0,37719,0.0,0.0
2024-10-17 10:15:00+09:00,5400.0,5420.0,5400.0,5410.0,3706,0.0,0.0
2024-10-17 10:20:00+09:00,5420.0,5420.0,5400.0,5410.0,373,0.0,0.0
2024-10-17 10:25:00+09:00,5410.0,5420.0,5400.0,5410.0,2422,0.0,0.0
2024-10-17 10:30:00+09:00,5410.0,5410.0,5360.0,5380.0,25959,0.0,0.0
2024-10-17 10:35:00+09:00,5370.0,5400.0,5360.0,5390.0,1501,0.0,0.0
2024-10-17 10:40:00+09:00,5390.0,5410.0,5390.0,5410.0,2188,0.0,0.0
2024-10-17 10:45:00+09:00,5410.0,5410.0,5380.0,5380.0,3605,0.0,0.0
2024-10-17 10:50:00+09:00,5380.0,5390.0,5370.0,5370.0,10392,0.0,0.0
2024-10-17 10:55:00+09:00,5380.0,5390.0,5370.0,5390.0,5267,0.0,0.0
2024-10-17 11:00:00+09:00,5390.0,5400.0,5370.0,5400.0,1496,0.0,0.0
2024-10-17 11:05:00+09:00,5390.0,5400.0,5390.0,5390.0,422,0.0,0.0
2024-10-17 11:10:00+09:00,5400.0,5410.0,5390.0,5400.0,441,0.0,0.0
2024-10-17 11:15:00+09:00,5400.0,5400.0,5380.0,5380.0,1725,0.0,0.0
2024-10-17 11:20:00+09:00,5380.0,5390.0,5380.0,5390.0,1092,0.0,0.0
2024-10-17 11:25:00+09:00,5390.0,5410.0,5390.0,5400.0,651,0.0,0.0
2024-10-17 11:30:00+09:00,5400.0,5410.0,5400.0,5410.0,1426,0.0,0.0
2024-10-17 11:35:00+09:00,5410.0,5420.0,5400.0,5400.0,1005,0.0,0.0
2024-10-17 11:40:00+09:00,5410.0,5410.0,5400.0,5410.0,638,0.0,0.0
2024-10-17 11:45:00+09:00,5410.0,5420.0,5400.0,5400.0,7261,0.0,0.0
2024-10-17 11:50:00+09:00,5400.0,5410.0,5400.0,5400.0,680,0.0,0.0
2024-10-17 11:55:00+09:00,5400.0,5410.0,5400.0,5400.0,409,0.0,0.0
2024-10-17 12:00:00+09:00,5410.0,5420.0,5400.0,5420.0,886,0.0,0.0
2024-10-17 12:05:00+09:00,5420.0,5420.0,5410.0,5420.0,186,0.0,0.0
2024-10-17 12:10:00+09:00,5410.0,5410.0,5400.0,5400.0,2458,0.0,0.0
2024-10-17 12:15:00+09:00,5400.0,5400.0,5390.0,5400.0,2113,0.0,0.0
2024-10-17 12:20:00+09:00,5400.0,5400.0,5390.0,5400.0,1356,0.0,0.0
2024-10-17 12:25:00+09:00,5390.0,5400.0,5380.0,5380.0,2604,0.0,0.0
2024-10-17 12:30:00+09:00,5390.0,5410.0,5390.0,5400.0,1333,0.0,0.0
2024-10-17 12:35:00+09:00,5410.0,5410.0,5400.0,5410.0,550,0.0,0.0
2024-10-17 12:40:00+09:00,5410.0,5410.0,5400.0,5400.0,415,0.0,0.0
2024-10-17 12:45:00+09:00,5400.0,5410.0,5400.0,5410.0,1197,0.0,0.0
2024-10-17 12:50:00+09:00,5410.0,5410.0,5400.0,5400.0,2421,0.0,0.0
2024-10-17 12:55:00+09:00,5390.0,5400.0,5380.0,5390.0,2420,0.0,0.0
2024-10-17 13:00:00+09:00,5390.0,5390.0,5380.0,5380.0,3602,0.0,0.0
2024-10-17 13:05:00+09:00,5380.0,5390.0,5380.0,5380.0,1676,0.0,0.0
2024-10-17 13:10:00+09:00,5380.0,5410.0,5380.0,5400.0,3542,0.0,0.0
2024-10-17 13:15:00+09:00,5400.0,5420.0,5400.0,5410.0,4156,0.0,0.0
2024-10-17 13:20:00+09:00,5400.0,5430.0,5400.0,5430.0,1090,0.0,0.0
2024-10-17 13:25:00+09:00,5420.0,5420.0,5370.0,5370.0,14470,0.0,0.0
2024-10-17 13:30:00+09:00,5370.0,5370.0,5340.0,5340.0,30850,0.0,0.0
2024-10-17 13:35:00+09:00,5340.0,5340.0,5310.0,5310.0,23145,0.0,0.0
2024-10-17 13:40:00+09:00,5320.0,5320.0,5290.0,5300.0,26757,0.0,0.0
2024-10-17 13:45:00+09:00,5300.0,5310.0,5280.0,5280.0,15976,0.0,0.0
2024-10-17 13:50:00+09:00,5290.0,5290.0,5270.0,5290.0,13951,0.0,0.0
2024-10-17 13:55:00+09:00,5270.0,5290.0,5260.0,5270.0,12211,0.0,0.0
2024-10-17 14:00:00+09:00,5270.0,5310.0,5260.0,5300.0,10686,0.0,0.0
2024-10-17 14:05:00+09:00,5300.0,5310.0,5260.0,5260.0,13489,0.0,0.0
2024-10-17 14:10:00+09:00,5290.0,5320.0,5270.0,5310.0,4191,0.0,0.0
2024-10-17 14:15:00+09:00,5300.0,5320.0,5280.0,5280.0,6793,0.0,0.0
2024-10-17 14:20:00+09:00,5290.0,5300.0,5280.0,5280.0,4649,0.0,0.0
2024-10-17 14:25:00+09:00,5290.0,5300.0,5280.0,5300.0,7119,0.0,0.0
2024-10-17 14:30:00+09:00,5300.0,5300.0,5290.0,5300.0,7207,0.0,0.0
2024-10-17 14:35:00+09:00,5300.0,5320.0,5290.0,5300.0,16210,0.0,0.0
2024-10-17 14:40:00+09:00,5300.0,5320.0,5290.0,5310.0,4580,0.0,0.0
2024-10-17 14:45:00+09:00,5310.0,5320.0,5290.0,5290.0,7584,0.0,0.0
2024-10-17 14:50:00+09:00,5290.0,5300.0,5280.0,5280.0,7277,0.0,0.0
2024-10-17 14:55:00+09:00,5280.0,5310.0,5270.0,5280.0,27551,0.0,0.0
2024-10-18 09:00:00+09:00,5280.0,5350.0,5280.0,5350.0,18462,0.0,0.0
2024-10-18 09:05:00+09:00,5340.0,5370.0,5320.0,5340.0,16549,0.0,0.0
2024-10-18 09:10:00+09:00,5340.0,5360.0,5330.0,5350.0,8950,0.0,0.0
2024-10-18 09:15:00+09:00,5350.0,5360.0,5260.0,5260.0,24533,0.0,0.0
2024-10-18 09:20:00+09:00,5300.0,5300.0,5270.0,5290.0,2620,0.0,0.0
2024-10-18 09:25:00+09:00,5280.0,5300.0,5280.0,5290.0,6652,0.0,0.0
2024-10-18 09:30:00+09:00,5300.0,5320.0,5290.0,5310.0,8926,0.0,0.0
2024-10-18 09:35:00+09:00,5300.0,5380.0,5300.0,5380.0,11579,0.0,0.0
2024-10-18 09:40:00+09:00,5380.0,5380.0,5320.0,5340.0,9133,0.0,0.0
2024-10-18 09:45:00+09:00,5330.0,5340.0,5320.0,5330.0,4616,0.0,0.0
2024-10-18 09:50:00+09:00,5330.0,5340.0,5320.0,5330.0,3461,0.0,0.0
2024-10-18 09:55:00+09:00,5330.0,5350.0,5330.0,5340.0,2768,0.0,0.0
2024-10-18 10:00:00+09:00,5350.0,5390.0,5350.0,5380.0,7233,0.0,0.0
2024-10-18 10:05:00+09:00,5380.0,5470.0,5380.0,5460.0,34709,0.0,0.0
2024-10-18 10:10:00+09:00,5460.0,5470.0,5410.0,5420.0,16211,0.0,0.0
2024-10-18 10:15:00+09:00,5420.0,5420.0,5400.0,5400.0,6602,0.0,0.0
2024-10-18 10:20:00+09:00,5400.0,5400.0,5360.0,5390.0,9390,0.0,0.0
2024-10-18 10:25:00+09:00,5380.0,5380.0,5320.0,5320.0,13354,0.0,0.0
2024-10-18 10:30:00+09:00,5330.0,5330.0,5310.0,5310.0,6518,0.0,0.0
2024-10-18 10:35:00+09:00,5310.0,5330.0,5310.0,5330.0,2629,0.0,0.0
2024-10-18 10:40:00+09:00,5320.0,5330.0,5320.0,5330.0,339,0.0,0.0
2024-10-18 10:45:00+09:00,5330.0,5330.0,5320.0,5320.0,705,0.0,0.0
2024-10-18 10:50:00+09:00,5330.0,5340.0,5330.0,5340.0,1332,0.0,0.0
2024-10-18 10:55:00+09:00,5340.0,5350.0,5340.0,5350.0,1086,0.0,0.0
2024-10-18 11:00:00+09:00,5350.0,5370.0,5350.0,5360.0,4173,0.0,0.0
2024-10-18 11:05:00+09:00,5350.0,5380.0,5350.0,5350.0,1783,0.0,0.0
2024-10-18 11:10:00+09:00,5360.0,5360.0,5330.0,5340.0,1296,0.0,0.0
2024-10-18 11:15:00+09:00,5350.0,5350.0,5320.0,5320.0,1952,0.0,0.0
2024-10-18 11:20:00+09:00,5320.0,5320.0,5300.0,5310.0,11387,0.0,0.0
2024-10-18 11:25:00+09:00,5310.0,5350.0,5310.0,5350.0,3130,0.0,0.0
2024-10-18 11:30:00+09:00,5360.0,5360.0,5320.0,5340.0,853,0.0,0.0
2024-10-18 11:35:00+09:00,5360.0,5360.0,5340.0,5350.0,418,0.0,0.0
2024-10-18 11:40:00+09:00,5330.0,5340.0,5310.0,5310.0,3067,0.0,0.0
2024-10-18 11:45:00+09:00,5310.0,5310.0,5300.0,5310.0,921,0.0,0.0
2024-10-18 11:50:00+09:00,5310.0,5310.0,5300.0,5310.0,4756,0.0,0.0
2024-10-18 11:55:00+09:00,5320.0,5320.0,5310.0,5320.0,466,0.0,0.0
2024-10-18 12:00:00+09:00,5320.0,5320.0,5310.0,5320.0,482,0.0,0.0
2024-10-18 12:05:00+09:00,5320.0,5320.0,5310.0,5320.0,809,0.0,0.0
2024-10-18 12:10:00+09:00,5320.0,5330.0,5300.0,5300.0,1408,0.0,0.0
2024-10-18 12:15:00+09:00,5310.0,5320.0,5300.0,5300.0,2921,0.0,0.0
2024-10-18 12:20:00+09:00,5300.0,5320.0,5300.0,5310.0,460,0.0,0.0
2024-10-18 12:25:00+09:00,5310.0,5320.0,5310.0,5310.0,183,0.0,0.0
2024-10-18 12:30:00+09:00,5300.0,5310.0,5300.0,5310.0,732,0.0,0.0
2024-10-18 12:35:00+09:00,5310.0,5310.0,5280.0,5280.0,16746,0.0,0.0
2024-10-18 12:40:00+09:00,5270.0,5290.0,5270.0,5270.0,2576,0.0,0.0
2024-10-18 12:45:00+09:00,5280.0,5300.0,5270.0,5300.0,327,0.0,0.0
2024-10-18 12:50:00+09:00,5300.0,5300.0,5290.0,5300.0,1268,0.0,0.0
2024-10-18 12:55:00+09:00,5300.0,5310.0,5260.0,5280.0,7300,0.0,0.0
2024-10-18 13:00:00+09:00,5280.0,5310.0,5280.0,5290.0,3231,0.0,0.0
2024-10-18 13:05:00+09:00,5290.0,5310.0,5290.0,5300.0,807,0.0,0.0
2024-10-18 13:10:00+09:00,5300.0,5300.0,5290.0,5300.0,1944,0.0,0.0
2024-10-18 13:15:00+09:00,5300.0,5300.0,5290.0,5300.0,367,0.0,0.0
2024-10-18 13:20:00+09:00,5300.0,5320.0,5290.0,5310.0,4202,0.0,0.0
2024-10-18 13:25:00+09:00,5310.0,5320.0,5300.0,5310.0,4311,0.0,0.0
2024-10-18 13:30:00+09:00,5310.0,5330.0,5310.0,5330.0,5163,0.0,0.0
2024-10-18 13:35:00+09:00,5340.0,5340.0,5320.0,5330.0,2298,0.0,0.0
2024-10-18 13:40:00+09:00,5320.0,5340.0,5320.0,5330.0,441,0.0,0.0
2024-10-18 13:45:00+09:00,5330.0,5350.0,5320.0,5340.0,2528,0.0,0.0
2024-10-18 13:50:00+09:00,5340.0,5350.0,5320.0,5340.0,3488,0.0,0.0
2024-10-18 13:55:00+09:00,5340.0,5350.0,5330.0,5330.0,3258,0.0,0.0
2024-10-18 14:00:00+09:00,5330.0,5350.0,5320.0,5350.0,992,0.0,0.0
2024-10-18 14:05:00+09:00,5340.0,5350.0,5340.0,5350.0,1735,0.0,0.0
2024-10-18 14:10:00+09:00,5340.0,5340.0,5330.0,5340.0,4366,0.0,0.0
2024-10-18 14:15:00+09:00,5350.0,5360.0,5340.0,5340.0,2695,0.0,0.0
2024-10-18 14:20:00+09:00,5340.0,5370.0,5340.0,5370.0,3152,0.0,0.0
2024-10-18 14:25:00+09:00,5370.0,5370.0,5350.0,5350.0,1549,0.0,0.0
2024-10-18 14:30:00+09:00,5360.0,5360.0,5350.0,5360.0,506,0.0,0.0
2024-10-18 14:35:00+09:00,5360.0,5370.0,5360.0,5370.0,481,0.0,0.0
2024-10-18 14:40:00+09:00,5360.0,5360.0,5340.0,5340.0,1419,0.0,0.0
2024-10-18 14:45:00+09:00,5340.0,5350.0,5330.0,5330.0,2369,0.0,0.0
2024-10-18 14:50:00+09:00,5330.0,5350.0,5330.0,5340.0,1778,0.0,0.0
2024-10-18 14:55:00+09:00,5330.0,5330.0,5310.0,5320.0,9723,0.0,0.0
