Datetime,Open,High,Low,Close,Volume,Dividends,Stock Splits
2024-08-15 09:00:00+09:00,777.0,783.0,777.0,777.0,500,0.0,0.0
2024-08-15 09:05:00+09:00,783.0,783.0,776.0,779.0,700,0.0,0.0
2024-08-15 09:10:00+09:00,779.0,779.0,779.0,779.0,100,0.0,0.0
2024-08-15 09:15:00+09:00,778.0,778.0,775.0,775.0,1700,0.0,0.0
2024-08-15 09:20:00+09:00,772.0,774.0,772.0,774.0,200,0.0,0.0
2024-08-15 09:25:00+09:00,772.0,772.0,771.0,771.0,200,0.0,0.0
2024-08-15 09:30:00+09:00,771.0,771.0,770.0,770.0,1100,0.0,0.0
2024-08-15 09:35:00+09:00,767.0,767.0,767.0,767.0,100,0.0,0.0
2024-08-15 09:40:00+09:00,767.0,768.0,767.0,768.0,900,0.0,0.0
2024-08-15 09:45:00+09:00,767.0,770.0,767.0,770.0,700,0.0,0.0
2024-08-15 10:05:00+09:00,770.0,773.0,770.0,773.0,1900,0.0,0.0
2024-08-15 10:15:00+09:00,773.0,774.0,773.0,774.0,1100,0.0,0.0
2024-08-15 10:35:00+09:00,775.0,777.0,775.0,777.0,300,0.0,0.0
2024-08-15 10:45:00+09:00,780.0,780.0,780.0,780.0,200,0.0,0.0
2024-08-15 10:50:00+09:00,780.0,780.0,780.0,780.0,500,0.0,0.0
2024-08-15 10:55:00+09:00,781.0,781.0,781.0,781.0,100,0.0,0.0
2024-08-15 11:00:00+09:00,783.0,783.0,783.0,783.0,1100,0.0,0.0
2024-08-15 11:05:00+09:00,787.0,787.0,784.0,784.0,800,0.0,0.0
2024-08-15 11:15:00+09:00,787.0,787.0,787.0,787.0,100,0.0,0.0
2024-08-15 11:30:00+09:00,787.0,787.0,787.0,787.0,100,0.0,0.0
2024-08-15 11:35:00+09:00,787.0,787.0,787.0,787.0,0,0.0,0.0
2024-08-15 12:30:00+09:00,788.0,791.0,788.0,791.0,13200,0.0,0.0
2024-08-15 12:35:00+09:00,788.0,788.0,788.0,788.0,400,0.0,0.0
2024-08-15 12:40:00+09:00,787.0,787.0,784.0,784.0,700,0.0,0.0
2024-08-15 12:55:00+09:00,784.0,784.0,783.0,784.0,1600,0.0,0.0
2024-08-15 13:00:00+09:00,786.0,786.0,786.0,786.0,300,0.0,0.0
2024-08-15 13:05:00+09:00,787.0,787.0,786.0,786.0,300,0.0,0.0
2024-08-15 13:10:00+09:00,786.0,786.0,786.0,786.0,200,0.0,0.0
2024-08-15 13:15:00+09:00,785.0,785.0,785.0,785.0,100,0.0,0.0
2024-08-15 13:25:00+09:00,785.0,785.0,785.0,785.0,200,0.0,0.0
2024-08-15 13:35:00+09:00,785.0,785.0,785.0,785.0,200,0.0,0.0
2024-08-15 13:40:00+09:00,786.0,786.0,786.0,786.0,600,0.0,0.0
2024-08-15 13:45:00+09:00,785.0,785.0,785.0,785.0,400,0.0,0.0
2024-08-15 13:50:00+09:00,785.0,785.0,785.0,785.0,100,0.0,0.0
2024-08-15 14:00:00+09:00,785.0,786.0,784.0,784.0,2500,0.0,0.0
2024-08-15 14:05:00+09:00,783.0,783.0,782.0,782.0,800,0.0,0.0
2024-08-15 14:10:00+09:00,783.0,783.0,782.0,782.0,200,0.0,0.0
2024-08-15 14:15:00+09:00,782.0,782.0,782.0,782.0,100,0.0,0.0
2024-08-15 14:20:00+09:00,782.0,782.0,780.0,780.0,1100,0.0,0.0
2024-08-15 14:25:00+09:00,781.0,781.0,781.0,781.0,1300,0.0,0.0
2024-08-15 14:30:00+09:00,783.0,784.0,783.0,784.0,200,0.0,0.0
2024-08-15 14:35:00+09:00,784.0,786.0,784.0,785.0,2800,0.0,0.0
2024-08-15 14:40:00+09:00,787.0,788.0,786.0,788.0,900,0.0,0.0
2024-08-15 14:45:00+09:00,787.0,787.0,785.0,785.0,800,0.0,0.0
2024-08-15 14:50:00+09:00,781.0,781.0,781.0,781.0,300,0.0,0.0
2024-08-15 14:55:00+09:00,783.0,783.0,782.0,782.0,600,0.0,0.0
2024-08-16 09:00:00+09:00,793.0,802.0,793.0,802.0,8400,0.0,0.0
2024-08-16 09:20:00+09:00,798.0,798.0,798.0,798.0,300,0.0,0.0
2024-08-16 09:25:00+09:00,797.0,798.0,796.0,798.0,1200,0.0,0.0
2024-08-16 09:35:00+09:00,798.0,801.0,798.0,801.0,1300,0.0,0.0
2024-08-16 09:40:00+09:00,798.0,798.0,793.0,793.0,1100,0.0,0.0
2024-08-16 09:55:00+09:00,795.0,795.0,795.0,795.0,600,0.0,0.0
2024-08-16 10:00:00+09:00,795.0,796.0,795.0,796.0,400,0.0,0.0
2024-08-16 10:05:00+09:00,796.0,796.0,796.0,796.0,100,0.0,0.0
2024-08-16 10:10:00+09:00,795.0,795.0,793.0,793.0,1200,0.0,0.0
2024-08-16 10:15:00+09:00,794.0,794.0,794.0,794.0,200,0.0,0.0
2024-08-16 10:20:00+09:00,795.0,795.0,794.0,794.0,200,0.0,0.0
2024-08-16 10:25:00+09:00,796.0,798.0,796.0,797.0,1200,0.0,0.0
2024-08-16 10:30:00+09:00,796.0,796.0,794.0,796.0,800,0.0,0.0
2024-08-16 10:40:00+09:00,797.0,797.0,797.0,797.0,200,0.0,0.0
2024-08-16 10:45:00+09:00,798.0,799.0,797.0,797.0,1000,0.0,0.0
2024-08-16 10:50:00+09:00,798.0,798.0,798.0,798.0,0,0.0,0.0
2024-08-16 10:55:00+09:00,798.0,798.0,797.0,797.0,18500,0.0,0.0
2024-08-16 11:05:00+09:00,798.0,800.0,798.0,800.0,800,0.0,0.0
2024-08-16 11:10:00+09:00,800.0,801.0,800.0,801.0,400,0.0,0.0
2024-08-16 11:15:00+09:00,799.0,800.0,799.0,800.0,200,0.0,0.0
2024-08-16 11:20:00+09:00,799.0,799.0,798.0,798.0,300,0.0,0.0
2024-08-16 11:25:00+09:00,798.0,798.0,795.0,795.0,1500,0.0,0.0
2024-08-16 11:30:00+09:00,797.0,797.0,797.0,797.0,100,0.0,0.0
2024-08-16 11:35:00+09:00,797.0,797.0,797.0,797.0,0,0.0,0.0
2024-08-16 12:30:00+09:00,798.0,798.0,795.0,795.0,22400,0.0,0.0
2024-08-16 12:35:00+09:00,794.0,794.0,794.0,794.0,200,0.0,0.0
2024-08-16 12:40:00+09:00,794.0,795.0,794.0,795.0,200,0.0,0.0
2024-08-16 12:45:00+09:00,795.0,797.0,795.0,797.0,1100,0.0,0.0
2024-08-16 12:55:00+09:00,797.0,797.0,797.0,797.0,300,0.0,0.0
2024-08-16 13:00:00+09:00,795.0,796.0,795.0,796.0,200,0.0,0.0
2024-08-16 13:05:00+09:00,797.0,798.0,795.0,795.0,800,0.0,0.0
2024-08-16 13:10:00+09:00,795.0,795.0,795.0,795.0,200,0.0,0.0
2024-08-16 13:15:00+09:00,796.0,796.0,796.0,796.0,200,0.0,0.0
2024-08-16 13:25:00+09:00,797.0,797.0,796.0,796.0,200,0.0,0.0
2024-08-16 13:30:00+09:00,796.0,797.0,796.0,796.0,800,0.0,0.0
2024-08-16 13:50:00+09:00,796.0,796.0,795.0,795.0,200,0.0,0.0
2024-08-16 13:55:00+09:00,795.0,798.0,795.0,798.0,1600,0.0,0.0
2024-08-16 14:00:00+09:00,797.0,797.0,796.0,796.0,200,0.0,0.0
2024-08-16 14:05:00+09:00,798.0,800.0,798.0,800.0,1600,0.0,0.0
2024-08-16 14:10:00+09:00,800.0,802.0,800.0,802.0,500,0.0,0.0
2024-08-16 14:15:00+09:00,801.0,801.0,801.0,801.0,200,0.0,0.0
2024-08-16 14:20:00+09:00,801.0,801.0,799.0,799.0,700,0.0,0.0
2024-08-16 14:25:00+09:00,800.0,800.0,800.0,800.0,400,0.0,0.0
2024-08-16 14:30:00+09:00,799.0,803.0,799.0,803.0,1400,0.0,0.0
2024-08-16 14:35:00+09:00,801.0,801.0,800.0,800.0,1000,0.0,0.0
2024-08-16 14:40:00+09:00,801.0,801.0,801.0,801.0,1000,0.0,0.0
2024-08-16 14:45:00+09:00,801.0,801.0,797.0,797.0,1600,0.0,0.0
2024-08-16 14:50:00+09:00,798.0,798.0,796.0,796.0,300,0.0,0.0
2024-08-16 14:55:00+09:00,796.0,798.0,796.0,798.0,600,0.0,0.0
2024-08-19 09:00:00+09:00,808.0,810.0,807.0,807.0,23300,0.0,0.0
2024-08-19 09:05:00+09:00,807.0,807.0,807.0,807.0,700,0.0,0.0
2024-08-19 09:10:00+09:00,807.0,808.0,805.0,808.0,3500,0.0,0.0
2024-08-19 09:15:00+09:00,807.0,808.0,807.0,808.0,300,0.0,0.0
2024-08-19 09:20:00+09:00,804.0,807.0,804.0,807.0,1000,0.0,0.0
2024-08-19 09:25:00+09:00,805.0,805.0,793.0,793.0,3300,0.0,0.0
2024-08-19 09:30:00+09:00,792.0,793.0,792.0,793.0,200,0.0,0.0
2024-08-19 09:35:00+09:00,793.0,795.0,793.0,795.0,1200,0.0,0.0
2024-08-19 09:40:00+09:00,795.0,803.0,795.0,803.0,1900,0.0,0.0
2024-08-19 09:45:00+09:00,803.0,805.0,803.0,804.0,1600,0.0,0.0
2024-08-19 09:55:00+09:00,804.0,804.0,804.0,804.0,100,0.0,0.0
2024-08-19 10:00:00+09:00,802.0,804.0,802.0,804.0,1200,0.0,0.0
2024-08-19 10:05:00+09:00,804.0,804.0,804.0,804.0,100,0.0,0.0
2024-08-19 10:10:00+09:00,803.0,804.0,802.0,802.0,900,0.0,0.0
2024-08-19 10:15:00+09:00,802.0,802.0,802.0,802.0,500,0.0,0.0
2024-08-19 10:20:00+09:00,802.0,802.0,802.0,802.0,100,0.0,0.0
2024-08-19 10:25:00+09:00,802.0,805.0,802.0,805.0,1600,0.0,0.0
2024-08-19 10:30:00+09:00,806.0,806.0,806.0,806.0,500,0.0,0.0
2024-08-19 10:35:00+09:00,806.0,806.0,805.0,805.0,200,0.0,0.0
2024-08-19 10:40:00+09:00,806.0,806.0,806.0,806.0,400,0.0,0.0
2024-08-19 10:45:00+09:00,809.0,810.0,809.0,810.0,500,0.0,0.0
2024-08-19 10:50:00+09:00,810.0,810.0,810.0,810.0,200,0.0,0.0
2024-08-19 10:55:00+09:00,812.0,812.0,811.0,811.0,300,0.0,0.0
2024-08-19 11:05:00+09:00,812.0,814.0,812.0,813.0,600,0.0,0.0
2024-08-19 11:15:00+09:00,813.0,814.0,813.0,814.0,300,0.0,0.0
2024-08-19 11:20:00+09:00,815.0,816.0,815.0,816.0,400,0.0,0.0
2024-08-19 11:25:00+09:00,815.0,815.0,815.0,815.0,100,0.0,0.0
2024-08-19 11:30:00+09:00,815.0,815.0,815.0,815.0,100,0.0,0.0
2024-08-19 11:35:00+09:00,815.0,815.0,815.0,815.0,0,0.0,0.0
2024-08-19 12:30:00+09:00,815.0,815.0,811.0,811.0,46300,0.0,0.0
2024-08-19 12:35:00+09:00,810.0,811.0,807.0,809.0,3000,0.0,0.0
2024-08-19 12:40:00+09:00,808.0,808.0,808.0,808.0,1100,0.0,0.0
2024-08-19 12:45:00+09:00,808.0,808.0,808.0,808.0,100,0.0,0.0
2024-08-19 12:50:00+09:00,808.0,811.0,808.0,810.0,1800,0.0,0.0
2024-08-19 12:55:00+09:00,811.0,811.0,811.0,811.0,100,0.0,0.0
2024-08-19 13:00:00+09:00,812.0,812.0,807.0,807.0,2200,0.0,0.0
2024-08-19 13:05:00+09:00,807.0,807.0,807.0,807.0,100,0.0,0.0
2024-08-19 13:10:00+09:00,810.0,813.0,810.0,813.0,1100,0.0,0.0
2024-08-19 13:15:00+09:00,813.0,813.0,811.0,811.0,600,0.0,0.0
2024-08-19 13:20:00+09:00,813.0,813.0,813.0,813.0,200,0.0,0.0
2024-08-19 13:25:00+09:00,814.0,816.0,814.0,814.0,2200,0.0,0.0
2024-08-19 13:30:00+09:00,813.0,813.0,811.0,812.0,800,0.0,0.0
2024-08-19 13:35:00+09:00,812.0,812.0,808.0,809.0,1800,0.0,0.0
2024-08-19 13:40:00+09:00,808.0,808.0,803.0,803.0,1100,0.0,0.0
2024-08-19 13:45:00+09:00,803.0,803.0,802.0,803.0,500,0.0,0.0
2024-08-19 13:50:00+09:00,802.0,802.0,802.0,802.0,300,0.0,0.0
2024-08-19 13:55:00+09:00,801.0,801.0,801.0,801.0,200,0.0,0.0
2024-08-19 14:00:00+09:00,801.0,802.0,801.0,801.0,500,0.0,0.0
2024-08-19 14:10:00+09:00,802.0,802.0,800.0,800.0,600,0.0,0.0
2024-08-19 14:15:00+09:00,801.0,801.0,801.0,801.0,200,0.0,0.0
2024-08-19 14:20:00+09:00,801.0,801.0,800.0,800.0,1000,0.0,0.0
2024-08-19 14:25:00+09:00,798.0,798.0,795.0,795.0,700,0.0,0.0
2024-08-19 14:30:00+09:00,795.0,796.0,795.0,795.0,400,0.0,0.0
2024-08-19 14:35:00+09:00,794.0,794.0,794.0,794.0,600,0.0,0.0
2024-08-19 14:40:00+09:00,794.0,795.0,794.0,795.0,200,0.0,0.0
2024-08-19 14:45:00+09:00,794.0,795.0,794.0,795.0,900,0.0,0.0
2024-08-19 14:55:00+09:00,793.0,793.0,793.0,793.0,100,0.0,0.0
2024-08-20 09:00:00+09:00,799.0,806.0,799.0,806.0,200,0.0,0.0
2024-08-20 09:05:00+09:00,810.0,819.0,810.0,819.0,3700,0.0,0.0
2024-08-20 09:10:00+09:00,819.0,822.0,819.0,822.0,1100,0.0,0.0
2024-08-20 09:15:00+09:00,822.0,825.0,822.0,825.0,900,0.0,0.0
2024-08-20 09:20:00+09:00,822.0,822.0,822.0,822.0,100,0.0,0.0
2024-08-20 09:25:00+09:00,822.0,822.0,822.0,822.0,300,0.0,0.0
2024-08-20 09:30:00+09:00,823.0,824.0,822.0,824.0,700,0.0,0.0
2024-08-20 09:35:00+09:00,822.0,822.0,822.0,822.0,100,0.0,0.0
2024-08-20 09:50:00+09:00,824.0,824.0,823.0,823.0,200,0.0,0.0
2024-08-20 10:00:00+09:00,824.0,827.0,824.0,827.0,1300,0.0,0.0
2024-08-20 10:05:00+09:00,825.0,825.0,824.0,824.0,500,0.0,0.0
2024-08-20 10:15:00+09:00,823.0,823.0,823.0,823.0,100,0.0,0.0
2024-08-20 10:20:00+09:00,823.0,827.0,823.0,827.0,800,0.0,0.0
2024-08-20 10:25:00+09:00,826.0,826.0,826.0,826.0,200,0.0,0.0
2024-08-20 10:35:00+09:00,826.0,826.0,826.0,826.0,500,0.0,0.0
2024-08-20 10:40:00+09:00,826.0,829.0,826.0,829.0,2400,0.0,0.0
2024-08-20 10:45:00+09:00,830.0,832.0,830.0,831.0,1300,0.0,0.0
2024-08-20 10:50:00+09:00,832.0,833.0,832.0,833.0,500,0.0,0.0
2024-08-20 10:55:00+09:00,833.0,834.0,833.0,834.0,1200,0.0,0.0
2024-08-20 11:00:00+09:00,833.0,834.0,833.0,834.0,200,0.0,0.0
2024-08-20 11:05:00+09:00,835.0,836.0,835.0,836.0,1200,0.0,0.0
2024-08-20 11:10:00+09:00,836.0,837.0,836.0,837.0,200,0.0,0.0
2024-08-20 11:15:00+09:00,837.0,837.0,837.0,837.0,800,0.0,0.0
2024-08-20 11:20:00+09:00,836.0,836.0,836.0,836.0,500,0.0,0.0
2024-08-20 11:25:00+09:00,836.0,836.0,836.0,836.0,200,0.0,0.0
2024-08-20 11:30:00+09:00,836.0,836.0,836.0,836.0,100,0.0,0.0
2024-08-20 11:35:00+09:00,836.0,836.0,836.0,836.0,0,0.0,0.0
2024-08-20 12:30:00+09:00,837.0,840.0,836.0,837.0,22500,0.0,0.0
2024-08-20 12:35:00+09:00,839.0,839.0,836.0,836.0,800,0.0,0.0
2024-08-20 12:40:00+09:00,835.0,835.0,833.0,833.0,500,0.0,0.0
2024-08-20 12:45:00+09:00,831.0,832.0,831.0,831.0,600,0.0,0.0
2024-08-20 12:50:00+09:00,832.0,837.0,832.0,836.0,3300,0.0,0.0
2024-08-20 12:55:00+09:00,835.0,835.0,831.0,831.0,500,0.0,0.0
2024-08-20 13:00:00+09:00,832.0,832.0,828.0,828.0,500,0.0,0.0
2024-08-20 13:05:00+09:00,829.0,829.0,829.0,829.0,100,0.0,0.0
2024-08-20 13:10:00+09:00,830.0,834.0,830.0,833.0,1000,0.0,0.0
2024-08-20 13:15:00+09:00,833.0,833.0,833.0,833.0,100,0.0,0.0
2024-08-20 13:20:00+09:00,833.0,833.0,832.0,832.0,400,0.0,0.0
2024-08-20 13:25:00+09:00,832.0,834.0,832.0,834.0,400,0.0,0.0
2024-08-20 13:30:00+09:00,834.0,837.0,834.0,837.0,1000,0.0,0.0
2024-08-20 13:40:00+09:00,834.0,834.0,831.0,831.0,2900,0.0,0.0
2024-08-20 13:50:00+09:00,830.0,831.0,830.0,831.0,200,0.0,0.0
2024-08-20 13:55:00+09:00,830.0,831.0,830.0,831.0,700,0.0,0.0
2024-08-20 14:00:00+09:00,833.0,833.0,833.0,833.0,100,0.0,0.0
2024-08-20 14:05:00+09:00,833.0,833.0,832.0,832.0,300,0.0,0.0
2024-08-20 14:10:00+09:00,832.0,834.0,832.0,834.0,400,0.0,0.0
2024-08-20 14:20:00+09:00,834.0,835.0,834.0,835.0,400,0.0,0.0
2024-08-20 14:25:00+09:00,836.0,836.0,835.0,835.0,400,0.0,0.0
2024-08-20 14:30:00+09:00,834.0,836.0,834.0,836.0,300,0.0,0.0
2024-08-20 14:35:00+09:00,835.0,835.0,835.0,835.0,200,0.0,0.0
2024-08-20 14:40:00+09:00,835.0,835.0,833.0,833.0,900,0.0,0.0
2024-08-20 14:45:00+09:00,834.0,836.0,834.0,836.0,400,0.0,0.0
2024-08-20 14:50:00+09:00,836.0,836.0,836.0,836.0,300,0.0,0.0
2024-08-20 14:55:00+09:00,836.0,836.0,832.0,832.0,800,0.0,0.0
2024-08-21 09:00:00+09:00,822.0,822.0,821.0,821.0,1100,0.0,0.0
2024-08-21 09:05:00+09:00,824.0,830.0,819.0,830.0,2200,0.0,0.0
2024-08-21 09:10:00+09:00,831.0,832.0,831.0,832.0,300,0.0,0.0
2024-08-21 09:15:00+09:00,833.0,833.0,833.0,833.0,200,0.0,0.0
2024-08-21 09:20:00+09:00,830.0,830.0,830.0,830.0,100,0.0,0.0
2024-08-21 09:25:00+09:00,830.0,830.0,825.0,825.0,800,0.0,0.0
2024-08-21 09:30:00+09:00,825.0,825.0,825.0,825.0,100,0.0,0.0
2024-08-21 09:35:00+09:00,825.0,827.0,825.0,827.0,300,0.0,0.0
2024-08-21 09:40:00+09:00,829.0,832.0,829.0,832.0,600,0.0,0.0
2024-08-21 09:45:00+09:00,832.0,832.0,832.0,832.0,200,0.0,0.0
2024-08-21 09:50:00+09:00,832.0,835.0,832.0,835.0,600,0.0,0.0
2024-08-21 10:00:00+09:00,831.0,831.0,831.0,831.0,200,0.0,0.0
2024-08-21 10:10:00+09:00,826.0,831.0,826.0,831.0,700,0.0,0.0
2024-08-21 10:15:00+09:00,831.0,831.0,829.0,831.0,400,0.0,0.0
2024-08-21 10:25:00+09:00,828.0,828.0,826.0,826.0,500,0.0,0.0
2024-08-21 10:30:00+09:00,826.0,828.0,826.0,828.0,1100,0.0,0.0
2024-08-21 10:40:00+09:00,824.0,824.0,824.0,824.0,300,0.0,0.0
2024-08-21 10:50:00+09:00,829.0,829.0,829.0,829.0,0,0.0,0.0
2024-08-21 10:55:00+09:00,830.0,830.0,830.0,830.0,11100,0.0,0.0
2024-08-21 11:05:00+09:00,829.0,829.0,829.0,829.0,100,0.0,0.0
2024-08-21 11:10:00+09:00,829.0,829.0,829.0,829.0,200,0.0,0.0
2024-08-21 11:15:00+09:00,830.0,831.0,830.0,831.0,1000,0.0,0.0
2024-08-21 11:30:00+09:00,831.0,831.0,831.0,831.0,200,0.0,0.0
2024-08-21 11:35:00+09:00,831.0,831.0,831.0,831.0,0,0.0,0.0
2024-08-21 12:30:00+09:00,831.0,831.0,831.0,831.0,13100,0.0,0.0
2024-08-21 12:35:00+09:00,831.0,833.0,831.0,833.0,700,0.0,0.0
2024-08-21 12:40:00+09:00,831.0,831.0,831.0,831.0,100,0.0,0.0
2024-08-21 12:45:00+09:00,834.0,834.0,833.0,833.0,200,0.0,0.0
2024-08-21 12:55:00+09:00,832.0,834.0,832.0,834.0,800,0.0,0.0
2024-08-21 13:15:00+09:00,834.0,835.0,834.0,835.0,400,0.0,0.0
2024-08-21 13:20:00+09:00,832.0,837.0,832.0,834.0,1300,0.0,0.0
2024-08-21 13:25:00+09:00,833.0,833.0,833.0,833.0,200,0.0,0.0
2024-08-21 13:30:00+09:00,834.0,836.0,834.0,836.0,600,0.0,0.0
2024-08-21 13:50:00+09:00,836.0,836.0,836.0,836.0,200,0.0,0.0
2024-08-21 13:55:00+09:00,836.0,837.0,836.0,837.0,300,0.0,0.0
2024-08-21 14:05:00+09:00,836.0,836.0,834.0,834.0,300,0.0,0.0
2024-08-21 14:20:00+09:00,832.0,832.0,831.0,831.0,200,0.0,0.0
2024-08-21 14:35:00+09:00,832.0,832.0,832.0,832.0,300,0.0,0.0
2024-08-21 14:40:00+09:00,831.0,831.0,830.0,830.0,400,0.0,0.0
2024-08-21 14:45:00+09:00,830.0,831.0,830.0,831.0,200,0.0,0.0
2024-08-21 14:55:00+09:00,830.0,832.0,830.0,832.0,600,0.0,0.0
2024-08-22 09:00:00+09:00,832.0,832.0,832.0,832.0,2400,0.0,0.0
2024-08-22 09:05:00+09:00,826.0,833.0,826.0,833.0,0,0.0,0.0
2024-08-22 09:10:00+09:00,833.0,834.0,833.0,834.0,4200,0.0,0.0
2024-08-22 09:15:00+09:00,835.0,835.0,835.0,835.0,300,0.0,0.0
2024-08-22 09:20:00+09:00,839.0,839.0,834.0,834.0,300,0.0,0.0
2024-08-22 09:35:00+09:00,840.0,840.0,840.0,840.0,200,0.0,0.0
2024-08-22 09:40:00+09:00,841.0,841.0,841.0,841.0,100,0.0,0.0
2024-08-22 11:05:00+09:00,837.0,837.0,837.0,837.0,200,0.0,0.0
2024-08-22 11:20:00+09:00,836.0,837.0,836.0,837.0,200,0.0,0.0
2024-08-22 11:35:00+09:00,837.0,837.0,837.0,837.0,0,0.0,0.0
2024-08-22 12:30:00+09:00,837.0,837.0,832.0,832.0,0,0.0,0.0
2024-08-22 12:35:00+09:00,831.0,831.0,831.0,831.0,0,0.0,0.0
2024-08-22 12:55:00+09:00,830.0,830.0,830.0,830.0,6200,0.0,0.0
2024-08-22 13:00:00+09:00,829.0,829.0,829.0,829.0,100,0.0,0.0
2024-08-22 13:10:00+09:00,830.0,831.0,827.0,831.0,700,0.0,0.0
2024-08-22 13:15:00+09:00,829.0,829.0,828.0,828.0,200,0.0,0.0
2024-08-22 13:25:00+09:00,828.0,828.0,826.0,826.0,300,0.0,0.0
2024-08-22 13:35:00+09:00,826.0,826.0,821.0,821.0,600,0.0,0.0
2024-08-22 13:45:00+09:00,824.0,826.0,824.0,826.0,300,0.0,0.0
2024-08-22 13:50:00+09:00,824.0,824.0,824.0,824.0,100,0.0,0.0
2024-08-22 14:00:00+09:00,824.0,824.0,824.0,824.0,100,0.0,0.0
2024-08-22 14:15:00+09:00,825.0,825.0,825.0,825.0,100,0.0,0.0
2024-08-22 14:20:00+09:00,826.0,826.0,826.0,826.0,100,0.0,0.0
2024-08-22 14:35:00+09:00,827.0,827.0,827.0,827.0,100,0.0,0.0
2024-08-22 14:40:00+09:00,826.0,826.0,826.0,826.0,100,0.0,0.0
2024-08-22 14:55:00+09:00,829.0,830.0,827.0,827.0,300,0.0,0.0
2024-08-23 09:00:00+09:00,821.0,826.0,821.0,826.0,700,0.0,0.0
2024-08-23 09:05:00+09:00,823.0,823.0,820.0,820.0,900,0.0,0.0
2024-08-23 09:20:00+09:00,821.0,821.0,821.0,821.0,100,0.0,0.0
2024-08-23 09:25:00+09:00,820.0,826.0,820.0,826.0,1700,0.0,0.0
2024-08-23 09:35:00+09:00,824.0,824.0,824.0,824.0,100,0.0,0.0
2024-08-23 09:45:00+09:00,823.0,823.0,822.0,822.0,200,0.0,0.0
2024-08-23 09:50:00+09:00,826.0,826.0,825.0,825.0,200,0.0,0.0
2024-08-23 10:00:00+09:00,825.0,825.0,825.0,825.0,100,0.0,0.0
2024-08-23 10:15:00+09:00,823.0,823.0,823.0,823.0,100,0.0,0.0
2024-08-23 10:35:00+09:00,823.0,823.0,823.0,823.0,100,0.0,0.0
2024-08-23 10:40:00+09:00,822.0,822.0,820.0,821.0,900,0.0,0.0
2024-08-23 10:55:00+09:00,819.0,824.0,818.0,824.0,4900,0.0,0.0
2024-08-23 11:00:00+09:00,822.0,822.0,822.0,822.0,200,0.0,0.0
2024-08-23 11:10:00+09:00,823.0,823.0,823.0,823.0,200,0.0,0.0
2024-08-23 11:15:00+09:00,823.0,823.0,823.0,823.0,100,0.0,0.0
2024-08-23 11:30:00+09:00,827.0,827.0,827.0,827.0,100,0.0,0.0
2024-08-23 11:35:00+09:00,827.0,827.0,827.0,827.0,0,0.0,0.0
2024-08-23 12:30:00+09:00,829.0,829.0,828.0,828.0,11200,0.0,0.0
2024-08-23 12:40:00+09:00,828.0,828.0,826.0,826.0,700,0.0,0.0
2024-08-23 13:05:00+09:00,827.0,827.0,827.0,827.0,100,0.0,0.0
2024-08-23 13:40:00+09:00,826.0,828.0,825.0,825.0,0,0.0,0.0
2024-08-23 13:45:00+09:00,826.0,826.0,826.0,826.0,12800,0.0,0.0
2024-08-23 14:00:00+09:00,824.0,824.0,823.0,823.0,500,0.0,0.0
2024-08-23 14:15:00+09:00,823.0,823.0,822.0,822.0,300,0.0,0.0
2024-08-23 14:20:00+09:00,822.0,822.0,819.0,819.0,700,0.0,0.0
2024-08-23 14:25:00+09:00,822.0,822.0,819.0,821.0,700,0.0,0.0
2024-08-23 14:30:00+09:00,822.0,822.0,820.0,820.0,300,0.0,0.0
2024-08-23 14:35:00+09:00,820.0,821.0,820.0,820.0,800,0.0,0.0
2024-08-23 14:40:00+09:00,819.0,819.0,818.0,818.0,1600,0.0,0.0
2024-08-23 14:45:00+09:00,818.0,819.0,818.0,819.0,200,0.0,0.0
2024-08-23 14:50:00+09:00,820.0,821.0,820.0,821.0,600,0.0,0.0
2024-08-23 14:55:00+09:00,820.0,827.0,819.0,821.0,2600,0.0,0.0
2024-08-26 09:00:00+09:00,827.0,828.0,827.0,828.0,1500,0.0,0.0
2024-08-26 09:05:00+09:00,828.0,828.0,828.0,828.0,100,0.0,0.0
2024-08-26 09:10:00+09:00,827.0,827.0,827.0,827.0,100,0.0,0.0
2024-08-26 09:15:00+09:00,827.0,831.0,827.0,830.0,1900,0.0,0.0
2024-08-26 09:20:00+09:00,830.0,830.0,830.0,830.0,200,0.0,0.0
2024-08-26 09:25:00+09:00,832.0,833.0,832.0,833.0,300,0.0,0.0
2024-08-26 09:35:00+09:00,831.0,831.0,828.0,831.0,400,0.0,0.0
2024-08-26 09:55:00+09:00,833.0,834.0,833.0,834.0,600,0.0,0.0
2024-08-26 10:05:00+09:00,834.0,834.0,834.0,834.0,700,0.0,0.0
2024-08-26 10:20:00+09:00,833.0,835.0,833.0,835.0,200,0.0,0.0
2024-08-26 10:35:00+09:00,835.0,836.0,835.0,836.0,500,0.0,0.0
2024-08-26 10:40:00+09:00,837.0,837.0,837.0,837.0,100,0.0,0.0
2024-08-26 10:45:00+09:00,838.0,843.0,838.0,843.0,1700,0.0,0.0
2024-08-26 10:55:00+09:00,841.0,841.0,841.0,841.0,400,0.0,0.0
2024-08-26 11:00:00+09:00,841.0,841.0,841.0,841.0,100,0.0,0.0
2024-08-26 11:05:00+09:00,839.0,839.0,839.0,839.0,100,0.0,0.0
2024-08-26 11:30:00+09:00,840.0,840.0,840.0,840.0,100,0.0,0.0
2024-08-26 11:35:00+09:00,840.0,840.0,840.0,840.0,0,0.0,0.0
2024-08-26 12:30:00+09:00,840.0,840.0,839.0,839.0,9800,0.0,0.0
2024-08-26 12:40:00+09:00,839.0,839.0,839.0,839.0,200,0.0,0.0
2024-08-26 12:45:00+09:00,838.0,838.0,837.0,837.0,200,0.0,0.0
2024-08-26 12:50:00+09:00,836.0,838.0,836.0,838.0,200,0.0,0.0
2024-08-26 12:55:00+09:00,836.0,836.0,836.0,836.0,100,0.0,0.0
2024-08-26 13:35:00+09:00,838.0,838.0,838.0,838.0,100,0.0,0.0
2024-08-26 14:00:00+09:00,837.0,837.0,837.0,837.0,100,0.0,0.0
2024-08-26 14:10:00+09:00,836.0,836.0,835.0,835.0,600,0.0,0.0
2024-08-26 14:25:00+09:00,834.0,834.0,834.0,834.0,500,0.0,0.0
2024-08-26 14:35:00+09:00,835.0,835.0,833.0,833.0,900,0.0,0.0
2024-08-26 14:50:00+09:00,832.0,833.0,832.0,833.0,400,0.0,0.0
2024-08-26 14:55:00+09:00,835.0,835.0,835.0,835.0,200,0.0,0.0
2024-08-27 09:00:00+09:00,842.0,842.0,832.0,832.0,1000,0.0,0.0
2024-08-27 09:05:00+09:00,832.0,832.0,827.0,827.0,1100,0.0,0.0
2024-08-27 09:10:00+09:00,829.0,829.0,829.0,829.0,100,0.0,0.0
2024-08-27 09:15:00+09:00,831.0,831.0,831.0,831.0,100,0.0,0.0
2024-08-27 09:25:00+09:00,832.0,836.0,832.0,836.0,200,0.0,0.0
2024-08-27 09:40:00+09:00,833.0,836.0,833.0,836.0,400,0.0,0.0
2024-08-27 09:55:00+09:00,838.0,838.0,838.0,838.0,200,0.0,0.0
2024-08-27 10:00:00+09:00,839.0,839.0,839.0,839.0,200,0.0,0.0
2024-08-27 10:05:00+09:00,839.0,839.0,839.0,839.0,100,0.0,0.0
2024-08-27 10:15:00+09:00,839.0,840.0,839.0,840.0,200,0.0,0.0
2024-08-27 10:20:00+09:00,838.0,839.0,835.0,835.0,600,0.0,0.0
2024-08-27 10:30:00+09:00,833.0,833.0,830.0,830.0,1700,0.0,0.0
2024-08-27 10:40:00+09:00,829.0,831.0,829.0,831.0,500,0.0,0.0
2024-08-27 10:45:00+09:00,833.0,833.0,833.0,833.0,100,0.0,0.0
2024-08-27 11:00:00+09:00,832.0,833.0,832.0,833.0,300,0.0,0.0
2024-08-27 11:10:00+09:00,830.0,830.0,829.0,829.0,200,0.0,0.0
2024-08-27 11:15:00+09:00,828.0,828.0,827.0,827.0,200,0.0,0.0
2024-08-27 11:25:00+09:00,829.0,829.0,829.0,829.0,100,0.0,0.0
2024-08-27 11:30:00+09:00,832.0,832.0,832.0,832.0,100,0.0,0.0
2024-08-27 11:35:00+09:00,832.0,832.0,832.0,832.0,0,0.0,0.0
2024-08-27 12:30:00+09:00,828.0,835.0,828.0,835.0,8000,0.0,0.0
2024-08-27 12:40:00+09:00,833.0,833.0,832.0,832.0,400,0.0,0.0
2024-08-27 12:50:00+09:00,833.0,833.0,833.0,833.0,300,0.0,0.0
2024-08-27 12:55:00+09:00,831.0,831.0,828.0,828.0,500,0.0,0.0
2024-08-27 13:00:00+09:00,827.0,827.0,826.0,826.0,200,0.0,0.0
2024-08-27 13:05:00+09:00,825.0,825.0,825.0,825.0,200,0.0,0.0
2024-08-27 13:10:00+09:00,826.0,827.0,826.0,827.0,300,0.0,0.0
2024-08-27 13:30:00+09:00,825.0,826.0,824.0,826.0,700,0.0,0.0
2024-08-27 13:45:00+09:00,823.0,824.0,823.0,824.0,400,0.0,0.0
2024-08-27 14:05:00+09:00,824.0,824.0,824.0,824.0,400,0.0,0.0
2024-08-27 14:15:00+09:00,825.0,827.0,825.0,827.0,200,0.0,0.0
2024-08-27 14:25:00+09:00,826.0,826.0,826.0,826.0,200,0.0,0.0
2024-08-27 14:35:00+09:00,826.0,826.0,825.0,825.0,700,0.0,0.0
2024-08-27 14:40:00+09:00,824.0,824.0,824.0,824.0,900,0.0,0.0
2024-08-27 14:45:00+09:00,826.0,826.0,826.0,826.0,0,0.0,0.0
2024-08-27 14:50:00+09:00,827.0,827.0,826.0,826.0,14200,0.0,0.0
2024-08-27 14:55:00+09:00,827.0,827.0,827.0,827.0,100,0.0,0.0
2024-08-28 09:00:00+09:00,826.0,826.0,823.0,823.0,800,0.0,0.0
2024-08-28 09:10:00+09:00,825.0,825.0,823.0,823.0,200,0.0,0.0
2024-08-28 09:15:00+09:00,821.0,821.0,819.0,819.0,1900,0.0,0.0
2024-08-28 09:20:00+09:00,818.0,818.0,818.0,818.0,300,0.0,0.0
2024-08-28 09:25:00+09:00,818.0,818.0,818.0,818.0,100,0.0,0.0
2024-08-28 09:30:00+09:00,819.0,819.0,819.0,819.0,300,0.0,0.0
2024-08-28 09:35:00+09:00,820.0,820.0,820.0,820.0,200,0.0,0.0
2024-08-28 09:50:00+09:00,820.0,820.0,820.0,820.0,100,0.0,0.0
2024-08-28 10:00:00+09:00,824.0,825.0,824.0,825.0,300,0.0,0.0
2024-08-28 10:05:00+09:00,821.0,821.0,821.0,821.0,100,0.0,0.0
2024-08-28 10:10:00+09:00,821.0,821.0,821.0,821.0,100,0.0,0.0
2024-08-28 10:15:00+09:00,821.0,821.0,821.0,821.0,100,0.0,0.0
2024-08-28 10:20:00+09:00,824.0,824.0,824.0,824.0,300,0.0,0.0
2024-08-28 10:30:00+09:00,820.0,820.0,819.0,819.0,600,0.0,0.0
2024-08-28 10:40:00+09:00,820.0,823.0,820.0,823.0,200,0.0,0.0
2024-08-28 10:45:00+09:00,823.0,825.0,823.0,825.0,500,0.0,0.0
2024-08-28 11:05:00+09:00,826.0,826.0,826.0,826.0,500,0.0,0.0
2024-08-28 11:20:00+09:00,826.0,826.0,826.0,826.0,200,0.0,0.0
2024-08-28 11:30:00+09:00,826.0,826.0,826.0,826.0,100,0.0,0.0
2024-08-28 11:35:00+09:00,826.0,826.0,826.0,826.0,0,0.0,0.0
2024-08-28 12:30:00+09:00,826.0,826.0,825.0,825.0,7100,0.0,0.0
2024-08-28 12:45:00+09:00,823.0,823.0,822.0,822.0,300,0.0,0.0
2024-08-28 12:50:00+09:00,824.0,826.0,821.0,821.0,700,0.0,0.0
2024-08-28 13:10:00+09:00,821.0,824.0,821.0,821.0,800,0.0,0.0
2024-08-28 13:30:00+09:00,824.0,825.0,821.0,821.0,500,0.0,0.0
2024-08-28 13:35:00+09:00,821.0,821.0,821.0,821.0,100,0.0,0.0
2024-08-28 13:45:00+09:00,820.0,820.0,820.0,820.0,100,0.0,0.0
2024-08-28 13:50:00+09:00,820.0,820.0,820.0,820.0,100,0.0,0.0
2024-08-28 14:00:00+09:00,819.0,819.0,817.0,817.0,700,0.0,0.0
2024-08-28 14:10:00+09:00,817.0,817.0,814.0,814.0,1300,0.0,0.0
2024-08-28 14:15:00+09:00,816.0,818.0,816.0,818.0,300,0.0,0.0
2024-08-28 14:25:00+09:00,818.0,818.0,817.0,817.0,500,0.0,0.0
2024-08-28 14:35:00+09:00,820.0,826.0,820.0,820.0,100,0.0,0.0
2024-08-29 09:05:00+09:00,816.0,816.0,816.0,816.0,100,0.0,0.0
2024-08-29 09:10:00+09:00,823.0,823.0,823.0,823.0,400,0.0,0.0
2024-08-29 09:15:00+09:00,823.0,823.0,823.0,823.0,100,0.0,0.0
2024-08-29 10:00:00+09:00,824.0,825.0,819.0,819.0,2900,0.0,0.0
2024-08-29 10:05:00+09:00,820.0,821.0,820.0,821.0,200,0.0,0.0
2024-08-29 10:10:00+09:00,821.0,821.0,821.0,821.0,200,0.0,0.0
2024-08-29 10:25:00+09:00,822.0,823.0,822.0,823.0,300,0.0,0.0
2024-08-29 10:30:00+09:00,824.0,828.0,824.0,828.0,2600,0.0,0.0
2024-08-29 10:35:00+09:00,829.0,835.0,829.0,835.0,3400,0.0,0.0
2024-08-29 10:40:00+09:00,835.0,835.0,835.0,835.0,100,0.0,0.0
2024-08-29 10:45:00+09:00,834.0,834.0,834.0,834.0,200,0.0,0.0
2024-08-29 10:55:00+09:00,834.0,834.0,834.0,834.0,100,0.0,0.0
2024-08-29 11:00:00+09:00,834.0,835.0,834.0,835.0,300,0.0,0.0
2024-08-29 11:10:00+09:00,834.0,834.0,834.0,834.0,100,0.0,0.0
2024-08-29 11:15:00+09:00,834.0,834.0,833.0,833.0,200,0.0,0.0
2024-08-29 11:20:00+09:00,835.0,837.0,834.0,834.0,700,0.0,0.0
2024-08-29 11:25:00+09:00,831.0,831.0,829.0,829.0,2400,0.0,0.0
2024-08-29 11:30:00+09:00,828.0,828.0,828.0,828.0,200,0.0,0.0
2024-08-29 11:35:00+09:00,828.0,828.0,828.0,828.0,0,0.0,0.0
2024-08-29 12:30:00+09:00,832.0,832.0,831.0,831.0,14900,0.0,0.0
2024-08-29 12:35:00+09:00,833.0,834.0,833.0,834.0,1000,0.0,0.0
2024-08-29 12:40:00+09:00,831.0,831.0,831.0,831.0,100,0.0,0.0
2024-08-29 12:55:00+09:00,830.0,831.0,829.0,831.0,900,0.0,0.0
2024-08-29 13:15:00+09:00,831.0,831.0,831.0,831.0,200,0.0,0.0
2024-08-29 13:25:00+09:00,832.0,834.0,831.0,831.0,600,0.0,0.0
2024-08-29 13:30:00+09:00,831.0,831.0,830.0,830.0,300,0.0,0.0
2024-08-29 13:35:00+09:00,829.0,831.0,829.0,831.0,200,0.0,0.0
2024-08-29 13:40:00+09:00,828.0,828.0,828.0,828.0,100,0.0,0.0
2024-08-29 13:45:00+09:00,827.0,827.0,827.0,827.0,100,0.0,0.0
2024-08-29 13:55:00+09:00,829.0,829.0,828.0,828.0,500,0.0,0.0
2024-08-29 14:05:00+09:00,828.0,828.0,827.0,828.0,500,0.0,0.0
2024-08-29 14:10:00+09:00,828.0,831.0,828.0,831.0,700,0.0,0.0
2024-08-29 14:15:00+09:00,828.0,828.0,826.0,826.0,1000,0.0,0.0
2024-08-29 14:20:00+09:00,825.0,825.0,823.0,823.0,700,0.0,0.0
2024-08-29 14:25:00+09:00,825.0,825.0,825.0,825.0,100,0.0,0.0
2024-08-29 14:30:00+09:00,824.0,824.0,823.0,823.0,400,0.0,0.0
2024-08-29 14:45:00+09:00,823.0,823.0,823.0,823.0,200,0.0,0.0
2024-08-29 14:50:00+09:00,823.0,824.0,823.0,824.0,400,0.0,0.0
2024-08-29 14:55:00+09:00,823.0,823.0,820.0,822.0,1300,0.0,0.0
2024-08-30 09:00:00+09:00,829.0,829.0,829.0,829.0,200,0.0,0.0
2024-08-30 09:05:00+09:00,827.0,827.0,821.0,821.0,2300,0.0,0.0
2024-08-30 09:10:00+09:00,823.0,823.0,823.0,823.0,100,0.0,0.0
2024-08-30 09:15:00+09:00,819.0,819.0,817.0,817.0,1800,0.0,0.0
2024-08-30 09:25:00+09:00,816.0,820.0,816.0,820.0,700,0.0,0.0
2024-08-30 09:30:00+09:00,823.0,823.0,820.0,821.0,700,0.0,0.0
2024-08-30 09:35:00+09:00,824.0,824.0,824.0,824.0,100,0.0,0.0
2024-08-30 09:40:00+09:00,824.0,824.0,824.0,824.0,0,0.0,0.0
2024-08-30 09:45:00+09:00,823.0,823.0,823.0,823.0,6600,0.0,0.0
2024-08-30 09:50:00+09:00,825.0,825.0,825.0,825.0,100,0.0,0.0
2024-08-30 09:55:00+09:00,825.0,825.0,825.0,825.0,100,0.0,0.0
2024-08-30 10:00:00+09:00,824.0,825.0,824.0,825.0,300,0.0,0.0
2024-08-30 10:05:00+09:00,824.0,824.0,824.0,824.0,100,0.0,0.0
2024-08-30 10:10:00+09:00,825.0,825.0,822.0,822.0,700,0.0,0.0
2024-08-30 10:15:00+09:00,823.0,823.0,822.0,822.0,300,0.0,0.0
2024-08-30 10:20:00+09:00,821.0,821.0,819.0,821.0,400,0.0,0.0
2024-08-30 10:25:00+09:00,821.0,821.0,821.0,821.0,100,0.0,0.0
2024-08-30 10:30:00+09:00,821.0,821.0,821.0,821.0,100,0.0,0.0
2024-08-30 10:35:00+09:00,821.0,821.0,821.0,821.0,100,0.0,0.0
2024-08-30 10:40:00+09:00,822.0,822.0,822.0,822.0,100,0.0,0.0
2024-08-30 10:45:00+09:00,822.0,822.0,822.0,822.0,100,0.0,0.0
2024-08-30 10:55:00+09:00,821.0,821.0,821.0,821.0,100,0.0,0.0
2024-08-30 11:00:00+09:00,821.0,821.0,821.0,821.0,100,0.0,0.0
2024-08-30 11:05:00+09:00,820.0,820.0,819.0,819.0,200,0.0,0.0
2024-08-30 11:15:00+09:00,821.0,821.0,821.0,821.0,100,0.0,0.0
2024-08-30 11:20:00+09:00,821.0,821.0,821.0,821.0,100,0.0,0.0
2024-08-30 11:25:00+09:00,821.0,821.0,821.0,821.0,100,0.0,0.0
2024-08-30 11:30:00+09:00,821.0,821.0,821.0,821.0,200,0.0,0.0
2024-08-30 11:35:00+09:00,821.0,821.0,821.0,821.0,0,0.0,0.0
2024-08-30 12:30:00+09:00,823.0,823.0,823.0,823.0,10300,0.0,0.0
2024-08-30 12:35:00+09:00,820.0,820.0,820.0,820.0,200,0.0,0.0
2024-08-30 12:45:00+09:00,819.0,819.0,814.0,814.0,1100,0.0,0.0
2024-08-30 12:50:00+09:00,816.0,817.0,816.0,817.0,400,0.0,0.0
2024-08-30 12:55:00+09:00,818.0,819.0,818.0,818.0,300,0.0,0.0
2024-08-30 13:05:00+09:00,816.0,816.0,816.0,816.0,200,0.0,0.0
2024-08-30 13:10:00+09:00,816.0,816.0,816.0,816.0,100,0.0,0.0
2024-08-30 13:15:00+09:00,817.0,817.0,817.0,817.0,200,0.0,0.0
2024-08-30 13:20:00+09:00,816.0,816.0,816.0,816.0,100,0.0,0.0
2024-08-30 13:25:00+09:00,816.0,816.0,816.0,816.0,100,0.0,0.0
2024-08-30 13:30:00+09:00,815.0,815.0,815.0,815.0,200,0.0,0.0
2024-08-30 13:35:00+09:00,815.0,815.0,814.0,814.0,400,0.0,0.0
2024-08-30 13:40:00+09:00,816.0,818.0,816.0,818.0,1200,0.0,0.0
2024-08-30 13:50:00+09:00,819.0,820.0,819.0,820.0,300,0.0,0.0
2024-08-30 13:55:00+09:00,820.0,820.0,820.0,820.0,100,0.0,0.0
2024-08-30 14:05:00+09:00,819.0,820.0,819.0,820.0,200,0.0,0.0
2024-08-30 14:20:00+09:00,818.0,820.0,818.0,820.0,400,0.0,0.0
2024-08-30 14:25:00+09:00,817.0,820.0,817.0,820.0,400,0.0,0.0
2024-08-30 14:35:00+09:00,818.0,818.0,818.0,818.0,100,0.0,0.0
2024-08-30 14:40:00+09:00,818.0,818.0,818.0,818.0,100,0.0,0.0
2024-08-30 14:45:00+09:00,820.0,823.0,820.0,823.0,1100,0.0,0.0
2024-08-30 14:50:00+09:00,822.0,824.0,822.0,824.0,600,0.0,0.0
2024-09-02 09:00:00+09:00,825.0,825.0,820.0,820.0,1300,0.0,0.0
2024-09-02 09:05:00+09:00,822.0,822.0,819.0,819.0,400,0.0,0.0
2024-09-02 09:10:00+09:00,816.0,816.0,816.0,816.0,100,0.0,0.0
2024-09-02 09:15:00+09:00,819.0,824.0,818.0,823.0,3500,0.0,0.0
2024-09-02 09:20:00+09:00,822.0,822.0,822.0,822.0,100,0.0,0.0
2024-09-02 09:30:00+09:00,823.0,823.0,823.0,823.0,100,0.0,0.0
2024-09-02 09:35:00+09:00,823.0,823.0,823.0,823.0,100,0.0,0.0
2024-09-02 09:40:00+09:00,821.0,822.0,818.0,818.0,800,0.0,0.0
2024-09-02 09:50:00+09:00,818.0,818.0,818.0,818.0,200,0.0,0.0
2024-09-02 09:55:00+09:00,818.0,819.0,817.0,819.0,500,0.0,0.0
2024-09-02 10:05:00+09:00,818.0,818.0,816.0,816.0,600,0.0,0.0
2024-09-02 10:10:00+09:00,819.0,819.0,819.0,819.0,100,0.0,0.0
2024-09-02 10:15:00+09:00,819.0,819.0,819.0,819.0,100,0.0,0.0
2024-09-02 10:20:00+09:00,821.0,821.0,819.0,819.0,300,0.0,0.0
2024-09-02 10:25:00+09:00,819.0,819.0,818.0,818.0,200,0.0,0.0
2024-09-02 10:30:00+09:00,818.0,818.0,818.0,818.0,200,0.0,0.0
2024-09-02 10:35:00+09:00,817.0,817.0,817.0,817.0,300,0.0,0.0
2024-09-02 10:40:00+09:00,817.0,817.0,816.0,816.0,300,0.0,0.0
2024-09-02 10:45:00+09:00,815.0,815.0,815.0,815.0,100,0.0,0.0
2024-09-02 10:50:00+09:00,816.0,816.0,816.0,816.0,100,0.0,0.0
2024-09-02 11:00:00+09:00,816.0,816.0,814.0,814.0,600,0.0,0.0
2024-09-02 11:05:00+09:00,816.0,816.0,815.0,815.0,200,0.0,0.0
2024-09-02 11:10:00+09:00,813.0,813.0,813.0,813.0,100,0.0,0.0
2024-09-02 11:15:00+09:00,813.0,813.0,812.0,812.0,1300,0.0,0.0
2024-09-02 11:20:00+09:00,812.0,812.0,812.0,812.0,100,0.0,0.0
2024-09-02 11:25:00+09:00,811.0,811.0,810.0,811.0,1000,0.0,0.0
2024-09-02 11:35:00+09:00,811.0,811.0,811.0,811.0,0,0.0,0.0
2024-09-02 12:30:00+09:00,811.0,812.0,811.0,812.0,13000,0.0,0.0
2024-09-02 12:35:00+09:00,814.0,814.0,812.0,812.0,400,0.0,0.0
2024-09-02 12:40:00+09:00,811.0,811.0,810.0,810.0,1400,0.0,0.0
2024-09-02 12:45:00+09:00,810.0,810.0,810.0,810.0,500,0.0,0.0
2024-09-02 12:50:00+09:00,811.0,813.0,811.0,812.0,300,0.0,0.0
2024-09-02 12:55:00+09:00,814.0,815.0,814.0,814.0,400,0.0,0.0
2024-09-02 13:05:00+09:00,814.0,814.0,813.0,813.0,200,0.0,0.0
2024-09-02 13:10:00+09:00,811.0,811.0,811.0,811.0,200,0.0,0.0
2024-09-02 13:15:00+09:00,811.0,812.0,811.0,812.0,300,0.0,0.0
2024-09-02 13:20:00+09:00,813.0,813.0,813.0,813.0,300,0.0,0.0
2024-09-02 13:25:00+09:00,812.0,813.0,812.0,813.0,200,0.0,0.0
2024-09-02 13:30:00+09:00,813.0,813.0,813.0,813.0,200,0.0,0.0
2024-09-02 13:35:00+09:00,813.0,813.0,813.0,813.0,100,0.0,0.0
2024-09-02 13:40:00+09:00,814.0,814.0,813.0,813.0,200,0.0,0.0
2024-09-02 13:45:00+09:00,814.0,814.0,814.0,814.0,200,0.0,0.0
2024-09-02 13:50:00+09:00,814.0,815.0,813.0,815.0,400,0.0,0.0
2024-09-02 14:00:00+09:00,814.0,814.0,814.0,814.0,100,0.0,0.0
2024-09-02 14:05:00+09:00,815.0,815.0,814.0,814.0,200,0.0,0.0
2024-09-02 14:10:00+09:00,814.0,814.0,814.0,814.0,100,0.0,0.0
2024-09-02 14:15:00+09:00,814.0,814.0,814.0,814.0,100,0.0,0.0
2024-09-02 14:20:00+09:00,815.0,815.0,814.0,815.0,800,0.0,0.0
2024-09-02 14:25:00+09:00,813.0,813.0,813.0,813.0,600,0.0,0.0
2024-09-02 14:30:00+09:00,812.0,812.0,812.0,812.0,300,0.0,0.0
2024-09-02 14:45:00+09:00,813.0,813.0,813.0,813.0,200,0.0,0.0
2024-09-02 14:55:00+09:00,813.0,813.0,813.0,813.0,300,0.0,0.0
2024-09-03 09:00:00+09:00,820.0,820.0,820.0,820.0,2500,0.0,0.0
2024-09-03 09:05:00+09:00,820.0,822.0,820.0,822.0,700,0.0,0.0
2024-09-03 09:10:00+09:00,823.0,829.0,823.0,828.0,2400,0.0,0.0
2024-09-03 09:15:00+09:00,827.0,832.0,827.0,832.0,4200,0.0,0.0
2024-09-03 09:20:00+09:00,834.0,834.0,833.0,833.0,200,0.0,0.0
2024-09-03 09:25:00+09:00,834.0,834.0,832.0,832.0,500,0.0,0.0
2024-09-03 09:30:00+09:00,830.0,831.0,830.0,830.0,500,0.0,0.0
2024-09-03 09:35:00+09:00,830.0,830.0,830.0,830.0,100,0.0,0.0
2024-09-03 09:40:00+09:00,832.0,832.0,830.0,832.0,1000,0.0,0.0
2024-09-03 09:45:00+09:00,830.0,830.0,830.0,830.0,200,0.0,0.0
2024-09-03 09:50:00+09:00,831.0,831.0,829.0,829.0,200,0.0,0.0
2024-09-03 09:55:00+09:00,832.0,835.0,832.0,835.0,4800,0.0,0.0
2024-09-03 10:00:00+09:00,835.0,835.0,835.0,835.0,200,0.0,0.0
2024-09-03 10:05:00+09:00,835.0,835.0,835.0,835.0,300,0.0,0.0
2024-09-03 10:10:00+09:00,834.0,834.0,832.0,832.0,200,0.0,0.0
2024-09-03 10:15:00+09:00,834.0,834.0,834.0,834.0,100,0.0,0.0
2024-09-03 10:20:00+09:00,832.0,832.0,832.0,832.0,300,0.0,0.0
2024-09-03 10:25:00+09:00,831.0,833.0,831.0,832.0,800,0.0,0.0
2024-09-03 10:30:00+09:00,833.0,833.0,833.0,833.0,100,0.0,0.0
2024-09-03 10:35:00+09:00,831.0,831.0,831.0,831.0,200,0.0,0.0
2024-09-03 10:40:00+09:00,831.0,831.0,830.0,830.0,700,0.0,0.0
2024-09-03 10:45:00+09:00,833.0,835.0,833.0,835.0,700,0.0,0.0
2024-09-03 10:50:00+09:00,831.0,831.0,831.0,831.0,100,0.0,0.0
2024-09-03 10:55:00+09:00,833.0,833.0,833.0,833.0,100,0.0,0.0
2024-09-03 11:00:00+09:00,835.0,835.0,835.0,835.0,100,0.0,0.0
2024-09-03 11:05:00+09:00,835.0,835.0,835.0,835.0,100,0.0,0.0
2024-09-03 11:10:00+09:00,836.0,838.0,836.0,838.0,1300,0.0,0.0
2024-09-03 11:15:00+09:00,838.0,839.0,838.0,839.0,500,0.0,0.0
2024-09-03 11:20:00+09:00,839.0,839.0,839.0,839.0,100,0.0,0.0
2024-09-03 11:25:00+09:00,838.0,840.0,837.0,840.0,400,0.0,0.0
2024-09-03 11:30:00+09:00,839.0,839.0,839.0,839.0,1100,0.0,0.0
2024-09-03 11:35:00+09:00,839.0,839.0,839.0,839.0,0,0.0,0.0
2024-09-03 12:30:00+09:00,839.0,840.0,839.0,840.0,25300,0.0,0.0
2024-09-03 12:35:00+09:00,838.0,838.0,837.0,837.0,200,0.0,0.0
2024-09-03 12:40:00+09:00,835.0,835.0,833.0,833.0,1400,0.0,0.0
2024-09-03 12:50:00+09:00,834.0,839.0,834.0,839.0,600,0.0,0.0
2024-09-03 12:55:00+09:00,835.0,838.0,835.0,836.0,500,0.0,0.0
2024-09-03 13:05:00+09:00,836.0,836.0,836.0,836.0,100,0.0,0.0
2024-09-03 13:10:00+09:00,836.0,838.0,836.0,838.0,500,0.0,0.0
2024-09-03 13:20:00+09:00,837.0,837.0,837.0,837.0,100,0.0,0.0
2024-09-03 13:25:00+09:00,836.0,837.0,836.0,837.0,200,0.0,0.0
2024-09-03 13:30:00+09:00,837.0,838.0,837.0,838.0,400,0.0,0.0
2024-09-03 13:35:00+09:00,839.0,839.0,839.0,839.0,300,0.0,0.0
2024-09-03 13:40:00+09:00,840.0,840.0,839.0,839.0,700,0.0,0.0
2024-09-03 13:45:00+09:00,839.0,839.0,839.0,839.0,100,0.0,0.0
2024-09-03 13:50:00+09:00,839.0,841.0,839.0,841.0,1600,0.0,0.0
2024-09-03 13:55:00+09:00,842.0,842.0,842.0,842.0,100,0.0,0.0
2024-09-03 14:00:00+09:00,839.0,840.0,839.0,840.0,200,0.0,0.0
2024-09-03 14:05:00+09:00,840.0,840.0,840.0,840.0,100,0.0,0.0
2024-09-03 14:10:00+09:00,840.0,840.0,840.0,840.0,500,0.0,0.0
2024-09-03 14:20:00+09:00,839.0,839.0,839.0,839.0,400,0.0,0.0
2024-09-03 14:25:00+09:00,839.0,839.0,839.0,839.0,100,0.0,0.0
2024-09-03 14:40:00+09:00,837.0,837.0,836.0,836.0,900,0.0,0.0
2024-09-03 14:45:00+09:00,837.0,837.0,837.0,837.0,100,0.0,0.0
2024-09-03 14:50:00+09:00,838.0,841.0,838.0,839.0,2200,0.0,0.0
2024-09-03 14:55:00+09:00,841.0,841.0,841.0,841.0,100,0.0,0.0
2024-09-04 09:00:00+09:00,820.0,836.0,820.0,835.0,4500,0.0,0.0
2024-09-04 09:05:00+09:00,842.0,856.0,840.0,853.0,6700,0.0,0.0
2024-09-04 09:10:00+09:00,853.0,866.0,853.0,864.0,7500,0.0,0.0
2024-09-04 09:15:00+09:00,864.0,882.0,864.0,870.0,13500,0.0,0.0
2024-09-04 09:20:00+09:00,870.0,870.0,857.0,861.0,5200,0.0,0.0
2024-09-04 09:25:00+09:00,858.0,858.0,854.0,857.0,2500,0.0,0.0
2024-09-04 09:30:00+09:00,852.0,852.0,841.0,841.0,1900,0.0,0.0
2024-09-04 09:35:00+09:00,841.0,841.0,836.0,836.0,400,0.0,0.0
2024-09-04 09:40:00+09:00,834.0,838.0,832.0,832.0,1400,0.0,0.0
2024-09-04 09:45:00+09:00,834.0,839.0,834.0,839.0,900,0.0,0.0
2024-09-04 09:50:00+09:00,840.0,846.0,840.0,846.0,700,0.0,0.0
2024-09-04 09:55:00+09:00,845.0,846.0,844.0,845.0,1000,0.0,0.0
2024-09-04 10:00:00+09:00,843.0,846.0,843.0,846.0,1500,0.0,0.0
2024-09-04 10:10:00+09:00,844.0,848.0,844.0,848.0,1600,0.0,0.0
2024-09-04 10:15:00+09:00,847.0,847.0,847.0,847.0,300,0.0,0.0
2024-09-04 10:25:00+09:00,846.0,846.0,846.0,846.0,200,0.0,0.0
2024-09-04 10:30:00+09:00,848.0,849.0,848.0,849.0,1800,0.0,0.0
2024-09-04 10:35:00+09:00,848.0,848.0,848.0,848.0,200,0.0,0.0
2024-09-04 10:40:00+09:00,850.0,852.0,850.0,850.0,1100,0.0,0.0
2024-09-04 10:45:00+09:00,849.0,852.0,849.0,852.0,1000,0.0,0.0
2024-09-04 11:00:00+09:00,854.0,857.0,854.0,857.0,1400,0.0,0.0
2024-09-04 11:05:00+09:00,857.0,857.0,850.0,850.0,1200,0.0,0.0
2024-09-04 11:10:00+09:00,852.0,852.0,851.0,851.0,200,0.0,0.0
2024-09-04 11:15:00+09:00,851.0,851.0,851.0,851.0,100,0.0,0.0
2024-09-04 11:20:00+09:00,853.0,853.0,853.0,853.0,200,0.0,0.0
2024-09-04 11:25:00+09:00,855.0,855.0,855.0,855.0,100,0.0,0.0
2024-09-04 11:30:00+09:00,857.0,857.0,857.0,857.0,100,0.0,0.0
2024-09-04 11:35:00+09:00,857.0,857.0,857.0,857.0,0,0.0,0.0
2024-09-04 12:30:00+09:00,858.0,861.0,851.0,861.0,60000,0.0,0.0
2024-09-04 12:35:00+09:00,860.0,860.0,849.0,849.0,2800,0.0,0.0
2024-09-04 12:40:00+09:00,847.0,850.0,847.0,850.0,2200,0.0,0.0
2024-09-04 12:45:00+09:00,849.0,851.0,849.0,851.0,500,0.0,0.0
2024-09-04 12:50:00+09:00,850.0,850.0,847.0,847.0,500,0.0,0.0
2024-09-04 12:55:00+09:00,846.0,846.0,846.0,846.0,100,0.0,0.0
2024-09-04 13:00:00+09:00,848.0,848.0,848.0,848.0,100,0.0,0.0
2024-09-04 13:05:00+09:00,848.0,852.0,848.0,852.0,1900,0.0,0.0
2024-09-04 13:10:00+09:00,853.0,853.0,850.0,850.0,400,0.0,0.0
2024-09-04 13:20:00+09:00,850.0,851.0,850.0,851.0,300,0.0,0.0
2024-09-04 13:35:00+09:00,848.0,849.0,848.0,848.0,400,0.0,0.0
2024-09-04 13:45:00+09:00,849.0,849.0,848.0,848.0,500,0.0,0.0
2024-09-04 13:50:00+09:00,848.0,849.0,848.0,848.0,700,0.0,0.0
2024-09-04 13:55:00+09:00,846.0,849.0,846.0,849.0,500,0.0,0.0
2024-09-04 14:00:00+09:00,848.0,849.0,846.0,849.0,1400,0.0,0.0
2024-09-04 14:05:00+09:00,848.0,848.0,848.0,848.0,100,0.0,0.0
2024-09-04 14:10:00+09:00,846.0,846.0,845.0,845.0,1000,0.0,0.0
2024-09-04 14:15:00+09:00,847.0,850.0,847.0,849.0,1200,0.0,0.0
2024-09-04 14:25:00+09:00,849.0,851.0,849.0,851.0,700,0.0,0.0
2024-09-04 14:30:00+09:00,850.0,851.0,848.0,848.0,1100,0.0,0.0
2024-09-04 14:35:00+09:00,847.0,847.0,842.0,845.0,5900,0.0,0.0
2024-09-04 14:40:00+09:00,845.0,845.0,844.0,845.0,1100,0.0,0.0
2024-09-04 14:50:00+09:00,845.0,845.0,845.0,845.0,500,0.0,0.0
2024-09-04 14:55:00+09:00,846.0,849.0,846.0,847.0,1100,0.0,0.0
2024-09-05 09:00:00+09:00,850.0,867.0,843.0,858.0,14400,0.0,0.0
2024-09-05 09:05:00+09:00,851.0,860.0,847.0,854.0,5400,0.0,0.0
2024-09-05 09:10:00+09:00,857.0,865.0,857.0,857.0,7300,0.0,0.0
2024-09-05 09:15:00+09:00,856.0,862.0,856.0,862.0,300,0.0,0.0
2024-09-05 09:20:00+09:00,862.0,862.0,859.0,859.0,200,0.0,0.0
2024-09-05 09:25:00+09:00,862.0,862.0,856.0,857.0,2200,0.0,0.0
2024-09-05 09:30:00+09:00,858.0,858.0,846.0,846.0,2400,0.0,0.0
2024-09-05 09:35:00+09:00,846.0,846.0,838.0,838.0,2000,0.0,0.0
2024-09-05 09:40:00+09:00,844.0,844.0,842.0,842.0,1300,0.0,0.0
2024-09-05 09:50:00+09:00,848.0,848.0,844.0,847.0,400,0.0,0.0
2024-09-05 09:55:00+09:00,849.0,849.0,848.0,848.0,200,0.0,0.0
2024-09-05 10:00:00+09:00,849.0,850.0,849.0,850.0,1000,0.0,0.0
2024-09-05 10:05:00+09:00,851.0,851.0,849.0,849.0,400,0.0,0.0
2024-09-05 10:10:00+09:00,850.0,850.0,844.0,844.0,1300,0.0,0.0
2024-09-05 10:15:00+09:00,848.0,851.0,848.0,851.0,1100,0.0,0.0
2024-09-05 10:25:00+09:00,849.0,850.0,849.0,850.0,600,0.0,0.0
2024-09-05 10:35:00+09:00,854.0,854.0,852.0,852.0,600,0.0,0.0
2024-09-05 10:40:00+09:00,855.0,857.0,855.0,856.0,600,0.0,0.0
2024-09-05 10:50:00+09:00,854.0,855.0,851.0,855.0,1300,0.0,0.0
2024-09-05 10:55:00+09:00,854.0,854.0,852.0,852.0,200,0.0,0.0
2024-09-05 11:00:00+09:00,854.0,858.0,854.0,858.0,300,0.0,0.0
2024-09-05 11:05:00+09:00,855.0,856.0,852.0,856.0,400,0.0,0.0
2024-09-05 11:10:00+09:00,853.0,854.0,847.0,854.0,3000,0.0,0.0
2024-09-05 11:15:00+09:00,853.0,854.0,853.0,854.0,500,0.0,0.0
2024-09-05 11:20:00+09:00,849.0,849.0,849.0,849.0,100,0.0,0.0
2024-09-05 11:30:00+09:00,850.0,850.0,850.0,850.0,200,0.0,0.0
2024-09-05 11:35:00+09:00,850.0,850.0,850.0,850.0,0,0.0,0.0
2024-09-05 12:30:00+09:00,850.0,850.0,845.0,845.0,48800,0.0,0.0
2024-09-05 12:35:00+09:00,843.0,843.0,842.0,842.0,700,0.0,0.0
2024-09-05 12:40:00+09:00,842.0,842.0,842.0,842.0,100,0.0,0.0
2024-09-05 12:45:00+09:00,841.0,841.0,840.0,840.0,500,0.0,0.0
2024-09-05 12:50:00+09:00,841.0,843.0,841.0,843.0,700,0.0,0.0
2024-09-05 12:55:00+09:00,839.0,841.0,839.0,839.0,300,0.0,0.0
2024-09-05 13:05:00+09:00,838.0,840.0,838.0,840.0,600,0.0,0.0
2024-09-05 13:10:00+09:00,841.0,841.0,841.0,841.0,200,0.0,0.0
2024-09-05 13:15:00+09:00,842.0,842.0,842.0,842.0,100,0.0,0.0
2024-09-05 13:25:00+09:00,841.0,842.0,841.0,842.0,600,0.0,0.0
2024-09-05 13:30:00+09:00,838.0,841.0,837.0,841.0,700,0.0,0.0
2024-09-05 13:35:00+09:00,841.0,841.0,838.0,838.0,300,0.0,0.0
2024-09-05 13:40:00+09:00,837.0,837.0,835.0,835.0,700,0.0,0.0
2024-09-05 13:50:00+09:00,836.0,840.0,836.0,840.0,800,0.0,0.0
2024-09-05 14:00:00+09:00,838.0,838.0,838.0,838.0,200,0.0,0.0
2024-09-05 14:05:00+09:00,836.0,836.0,836.0,836.0,100,0.0,0.0
2024-09-05 14:10:00+09:00,837.0,837.0,837.0,837.0,500,0.0,0.0
2024-09-05 14:15:00+09:00,838.0,838.0,838.0,838.0,200,0.0,0.0
2024-09-05 14:20:00+09:00,840.0,840.0,840.0,840.0,200,0.0,0.0
2024-09-05 14:30:00+09:00,841.0,841.0,840.0,840.0,200,0.0,0.0
2024-09-05 14:35:00+09:00,843.0,843.0,841.0,841.0,1200,0.0,0.0
2024-09-05 14:45:00+09:00,839.0,839.0,838.0,838.0,400,0.0,0.0
2024-09-05 14:50:00+09:00,839.0,840.0,839.0,840.0,300,0.0,0.0
2024-09-05 14:55:00+09:00,840.0,840.0,840.0,840.0,300,0.0,0.0
2024-09-06 09:00:00+09:00,851.0,856.0,851.0,856.0,3800,0.0,0.0
2024-09-06 09:05:00+09:00,847.0,880.0,847.0,878.0,9500,0.0,0.0
2024-09-06 09:10:00+09:00,879.0,885.0,871.0,881.0,10700,0.0,0.0
2024-09-06 09:15:00+09:00,883.0,884.0,876.0,880.0,1600,0.0,0.0
2024-09-06 09:20:00+09:00,876.0,880.0,876.0,879.0,1900,0.0,0.0
2024-09-06 09:25:00+09:00,877.0,884.0,877.0,884.0,2800,0.0,0.0
2024-09-06 09:30:00+09:00,883.0,885.0,879.0,883.0,4200,0.0,0.0
2024-09-06 09:40:00+09:00,882.0,883.0,882.0,883.0,200,0.0,0.0
2024-09-06 09:45:00+09:00,883.0,887.0,883.0,885.0,6700,0.0,0.0
2024-09-06 09:50:00+09:00,885.0,885.0,874.0,874.0,3500,0.0,0.0
2024-09-06 09:55:00+09:00,874.0,874.0,863.0,865.0,1100,0.0,0.0
2024-09-06 10:00:00+09:00,866.0,867.0,863.0,863.0,1100,0.0,0.0
2024-09-06 10:05:00+09:00,862.0,862.0,858.0,860.0,1200,0.0,0.0
2024-09-06 10:10:00+09:00,861.0,864.0,861.0,864.0,800,0.0,0.0
2024-09-06 10:25:00+09:00,866.0,866.0,866.0,866.0,200,0.0,0.0
2024-09-06 10:30:00+09:00,867.0,879.0,867.0,879.0,3600,0.0,0.0
2024-09-06 10:35:00+09:00,874.0,874.0,871.0,871.0,400,0.0,0.0
2024-09-06 10:40:00+09:00,876.0,876.0,876.0,876.0,600,0.0,0.0
2024-09-06 10:50:00+09:00,876.0,879.0,874.0,876.0,2000,0.0,0.0
2024-09-06 10:55:00+09:00,875.0,875.0,875.0,875.0,100,0.0,0.0
2024-09-06 11:05:00+09:00,873.0,873.0,873.0,873.0,100,0.0,0.0
2024-09-06 11:10:00+09:00,871.0,871.0,871.0,871.0,100,0.0,0.0
2024-09-06 11:15:00+09:00,871.0,875.0,870.0,870.0,3200,0.0,0.0
2024-09-06 11:25:00+09:00,873.0,874.0,873.0,874.0,200,0.0,0.0
2024-09-06 11:35:00+09:00,874.0,874.0,874.0,874.0,0,0.0,0.0
2024-09-06 12:30:00+09:00,874.0,875.0,871.0,871.0,61100,0.0,0.0
2024-09-06 12:35:00+09:00,870.0,870.0,868.0,868.0,500,0.0,0.0
2024-09-06 12:45:00+09:00,867.0,867.0,867.0,867.0,400,0.0,0.0
2024-09-06 12:50:00+09:00,869.0,871.0,869.0,871.0,700,0.0,0.0
2024-09-06 12:55:00+09:00,869.0,869.0,868.0,868.0,300,0.0,0.0
2024-09-06 13:00:00+09:00,867.0,867.0,864.0,864.0,1600,0.0,0.0
2024-09-06 13:10:00+09:00,865.0,865.0,862.0,862.0,800,0.0,0.0
2024-09-06 13:15:00+09:00,864.0,865.0,864.0,865.0,700,0.0,0.0
2024-09-06 13:35:00+09:00,862.0,865.0,861.0,861.0,1100,0.0,0.0
2024-09-06 13:40:00+09:00,859.0,859.0,859.0,859.0,100,0.0,0.0
2024-09-06 13:45:00+09:00,863.0,864.0,863.0,864.0,300,0.0,0.0
2024-09-06 13:50:00+09:00,862.0,862.0,862.0,862.0,100,0.0,0.0
2024-09-06 13:55:00+09:00,865.0,865.0,862.0,862.0,200,0.0,0.0
2024-09-06 14:00:00+09:00,861.0,861.0,861.0,861.0,200,0.0,0.0
2024-09-06 14:05:00+09:00,861.0,862.0,859.0,860.0,1200,0.0,0.0
2024-09-06 14:10:00+09:00,860.0,860.0,860.0,860.0,100,0.0,0.0
2024-09-06 14:15:00+09:00,859.0,860.0,859.0,860.0,500,0.0,0.0
2024-09-06 14:20:00+09:00,860.0,860.0,860.0,860.0,100,0.0,0.0
2024-09-06 14:25:00+09:00,862.0,862.0,862.0,862.0,100,0.0,0.0
2024-09-06 14:30:00+09:00,859.0,860.0,859.0,860.0,400,0.0,0.0
2024-09-06 14:35:00+09:00,860.0,860.0,858.0,860.0,1200,0.0,0.0
2024-09-06 14:40:00+09:00,860.0,860.0,860.0,860.0,100,0.0,0.0
2024-09-06 14:45:00+09:00,861.0,862.0,861.0,862.0,600,0.0,0.0
2024-09-06 14:50:00+09:00,862.0,865.0,862.0,865.0,2700,0.0,0.0
2024-09-06 14:55:00+09:00,864.0,864.0,862.0,862.0,1100,0.0,0.0
2024-09-09 09:00:00+09:00,834.0,844.0,834.0,840.0,7200,0.0,0.0
2024-09-09 09:05:00+09:00,845.0,847.0,845.0,847.0,300,0.0,0.0
2024-09-09 09:10:00+09:00,844.0,847.0,842.0,842.0,1200,0.0,0.0
2024-09-09 09:20:00+09:00,836.0,844.0,836.0,844.0,800,0.0,0.0
2024-09-09 09:25:00+09:00,843.0,850.0,843.0,850.0,600,0.0,0.0
2024-09-09 09:30:00+09:00,848.0,850.0,848.0,850.0,400,0.0,0.0
2024-09-09 09:35:00+09:00,849.0,852.0,849.0,852.0,1500,0.0,0.0
2024-09-09 09:40:00+09:00,849.0,852.0,849.0,852.0,400,0.0,0.0
2024-09-09 09:45:00+09:00,847.0,849.0,847.0,847.0,400,0.0,0.0
2024-09-09 09:55:00+09:00,845.0,845.0,845.0,845.0,300,0.0,0.0
2024-09-09 10:00:00+09:00,844.0,848.0,844.0,848.0,300,0.0,0.0
2024-09-09 10:05:00+09:00,850.0,855.0,850.0,853.0,1600,0.0,0.0
2024-09-09 10:20:00+09:00,850.0,850.0,850.0,850.0,100,0.0,0.0
2024-09-09 10:25:00+09:00,849.0,856.0,849.0,856.0,2000,0.0,0.0
2024-09-09 10:45:00+09:00,853.0,867.0,853.0,864.0,2400,0.0,0.0
2024-09-09 10:50:00+09:00,867.0,868.0,867.0,868.0,300,0.0,0.0
2024-09-09 10:55:00+09:00,865.0,867.0,865.0,867.0,200,0.0,0.0
2024-09-09 11:00:00+09:00,864.0,864.0,864.0,864.0,200,0.0,0.0
2024-09-09 11:05:00+09:00,863.0,865.0,863.0,865.0,1200,0.0,0.0
2024-09-09 11:10:00+09:00,867.0,869.0,867.0,869.0,600,0.0,0.0
2024-09-09 11:15:00+09:00,866.0,866.0,866.0,866.0,400,0.0,0.0
2024-09-09 11:25:00+09:00,864.0,869.0,863.0,869.0,1000,0.0,0.0
2024-09-09 11:35:00+09:00,869.0,869.0,869.0,869.0,0,0.0,0.0
2024-09-09 12:30:00+09:00,862.0,873.0,862.0,873.0,24100,0.0,0.0
2024-09-09 12:35:00+09:00,872.0,873.0,869.0,869.0,0,0.0,0.0
2024-09-09 12:40:00+09:00,867.0,868.0,867.0,868.0,25700,0.0,0.0
2024-09-09 12:45:00+09:00,866.0,870.0,864.0,870.0,1800,0.0,0.0
2024-09-09 12:55:00+09:00,870.0,875.0,870.0,875.0,1500,0.0,0.0
2024-09-09 13:00:00+09:00,871.0,875.0,870.0,874.0,1700,0.0,0.0
2024-09-09 13:05:00+09:00,875.0,875.0,875.0,875.0,100,0.0,0.0
2024-09-09 13:10:00+09:00,876.0,879.0,876.0,879.0,1200,0.0,0.0
2024-09-09 13:15:00+09:00,879.0,879.0,879.0,879.0,200,0.0,0.0
2024-09-09 13:20:00+09:00,876.0,878.0,876.0,878.0,500,0.0,0.0
2024-09-09 13:25:00+09:00,875.0,875.0,875.0,875.0,100,0.0,0.0
2024-09-09 13:35:00+09:00,876.0,878.0,876.0,878.0,400,0.0,0.0
2024-09-09 13:40:00+09:00,880.0,881.0,880.0,881.0,200,0.0,0.0
2024-09-09 13:45:00+09:00,879.0,884.0,879.0,884.0,1700,0.0,0.0
2024-09-09 13:50:00+09:00,884.0,890.0,883.0,890.0,4100,0.0,0.0
2024-09-09 13:55:00+09:00,887.0,887.0,883.0,883.0,1600,0.0,0.0
2024-09-09 14:00:00+09:00,886.0,888.0,884.0,884.0,1700,0.0,0.0
2024-09-09 14:10:00+09:00,882.0,882.0,882.0,882.0,200,0.0,0.0
2024-09-09 14:15:00+09:00,884.0,884.0,881.0,881.0,1100,0.0,0.0
2024-09-09 14:25:00+09:00,883.0,883.0,881.0,881.0,400,0.0,0.0
2024-09-09 14:30:00+09:00,880.0,881.0,879.0,879.0,600,0.0,0.0
2024-09-09 14:35:00+09:00,878.0,878.0,878.0,878.0,500,0.0,0.0
2024-09-09 14:40:00+09:00,878.0,880.0,878.0,878.0,500,0.0,0.0
2024-09-09 14:45:00+09:00,879.0,879.0,878.0,878.0,500,0.0,0.0
2024-09-09 14:50:00+09:00,878.0,878.0,877.0,877.0,500,0.0,0.0
2024-09-09 14:55:00+09:00,878.0,884.0,877.0,879.0,6100,0.0,0.0
2024-09-10 09:00:00+09:00,884.0,890.0,873.0,890.0,9100,0.0,0.0
2024-09-10 09:05:00+09:00,890.0,905.0,890.0,902.0,7100,0.0,0.0
2024-09-10 09:10:00+09:00,904.0,908.0,904.0,908.0,1800,0.0,0.0
2024-09-10 09:15:00+09:00,908.0,916.0,906.0,916.0,7200,0.0,0.0
2024-09-10 09:20:00+09:00,911.0,914.0,910.0,911.0,600,0.0,0.0
2024-09-10 09:25:00+09:00,910.0,910.0,891.0,896.0,8500,0.0,0.0
2024-09-10 09:30:00+09:00,891.0,897.0,891.0,897.0,500,0.0,0.0
2024-09-10 09:40:00+09:00,895.0,897.0,893.0,897.0,300,0.0,0.0
2024-09-10 09:45:00+09:00,897.0,902.0,897.0,899.0,1100,0.0,0.0
2024-09-10 09:50:00+09:00,899.0,899.0,899.0,899.0,100,0.0,0.0
2024-09-10 09:55:00+09:00,902.0,902.0,899.0,899.0,600,0.0,0.0
2024-09-10 10:00:00+09:00,898.0,898.0,898.0,898.0,300,0.0,0.0
2024-09-10 10:10:00+09:00,898.0,900.0,898.0,900.0,800,0.0,0.0
2024-09-10 10:15:00+09:00,900.0,901.0,897.0,897.0,400,0.0,0.0
2024-09-10 10:25:00+09:00,901.0,901.0,898.0,901.0,600,0.0,0.0
2024-09-10 10:30:00+09:00,899.0,901.0,897.0,901.0,1400,0.0,0.0
2024-09-10 10:35:00+09:00,903.0,903.0,903.0,903.0,100,0.0,0.0
2024-09-10 10:50:00+09:00,903.0,905.0,903.0,905.0,700,0.0,0.0
2024-09-10 11:00:00+09:00,905.0,905.0,905.0,905.0,100,0.0,0.0
2024-09-10 11:05:00+09:00,903.0,903.0,901.0,901.0,400,0.0,0.0
2024-09-10 11:10:00+09:00,903.0,904.0,903.0,904.0,700,0.0,0.0
2024-09-10 11:15:00+09:00,901.0,901.0,901.0,901.0,400,0.0,0.0
2024-09-10 11:20:00+09:00,902.0,902.0,901.0,901.0,200,0.0,0.0
2024-09-10 11:25:00+09:00,898.0,901.0,897.0,901.0,400,0.0,0.0
2024-09-10 11:30:00+09:00,898.0,898.0,898.0,898.0,100,0.0,0.0
2024-09-10 11:35:00+09:00,898.0,898.0,898.0,898.0,0,0.0,0.0
2024-09-10 12:30:00+09:00,901.0,902.0,900.0,901.0,44700,0.0,0.0
2024-09-10 12:45:00+09:00,899.0,899.0,896.0,896.0,1800,0.0,0.0
2024-09-10 12:50:00+09:00,895.0,898.0,893.0,898.0,800,0.0,0.0
2024-09-10 12:55:00+09:00,896.0,905.0,894.0,905.0,2700,0.0,0.0
2024-09-10 13:05:00+09:00,900.0,900.0,900.0,900.0,100,0.0,0.0
2024-09-10 13:15:00+09:00,899.0,901.0,899.0,901.0,700,0.0,0.0
2024-09-10 13:20:00+09:00,899.0,899.0,899.0,899.0,100,0.0,0.0
2024-09-10 13:30:00+09:00,898.0,898.0,897.0,897.0,500,0.0,0.0
2024-09-10 13:35:00+09:00,898.0,898.0,896.0,896.0,600,0.0,0.0
2024-09-10 13:45:00+09:00,896.0,899.0,896.0,897.0,1700,0.0,0.0
2024-09-10 13:50:00+09:00,895.0,897.0,895.0,895.0,400,0.0,0.0
2024-09-10 13:55:00+09:00,894.0,894.0,894.0,894.0,100,0.0,0.0
2024-09-10 14:00:00+09:00,894.0,894.0,894.0,894.0,100,0.0,0.0
2024-09-10 14:05:00+09:00,896.0,896.0,895.0,896.0,400,0.0,0.0
2024-09-10 14:10:00+09:00,895.0,895.0,895.0,895.0,100,0.0,0.0
2024-09-10 14:15:00+09:00,895.0,897.0,895.0,897.0,200,0.0,0.0
2024-09-10 14:25:00+09:00,894.0,894.0,894.0,894.0,400,0.0,0.0
2024-09-10 14:30:00+09:00,895.0,896.0,895.0,896.0,1000,0.0,0.0
2024-09-10 14:40:00+09:00,896.0,898.0,896.0,898.0,600,0.0,0.0
2024-09-10 14:45:00+09:00,897.0,897.0,896.0,896.0,700,0.0,0.0
2024-09-10 14:50:00+09:00,894.0,894.0,894.0,894.0,100,0.0,0.0
2024-09-10 14:55:00+09:00,894.0,894.0,891.0,892.0,1200,0.0,0.0
2024-09-11 09:00:00+09:00,886.0,899.0,886.0,899.0,2000,0.0,0.0
2024-09-11 09:05:00+09:00,894.0,900.0,887.0,900.0,3700,0.0,0.0
2024-09-11 09:20:00+09:00,899.0,901.0,899.0,901.0,500,0.0,0.0
2024-09-11 09:25:00+09:00,898.0,902.0,898.0,902.0,300,0.0,0.0
2024-09-11 09:35:00+09:00,901.0,905.0,901.0,905.0,0,0.0,0.0
2024-09-11 09:40:00+09:00,906.0,906.0,906.0,906.0,8100,0.0,0.0
2024-09-11 09:45:00+09:00,906.0,909.0,906.0,909.0,900,0.0,0.0
2024-09-11 09:55:00+09:00,907.0,909.0,904.0,909.0,2000,0.0,0.0
2024-09-11 10:00:00+09:00,905.0,909.0,905.0,909.0,400,0.0,0.0
2024-09-11 10:10:00+09:00,905.0,910.0,905.0,910.0,3000,0.0,0.0
2024-09-11 10:15:00+09:00,910.0,911.0,910.0,910.0,600,0.0,0.0
2024-09-11 10:20:00+09:00,907.0,907.0,907.0,907.0,100,0.0,0.0
2024-09-11 10:25:00+09:00,906.0,906.0,906.0,906.0,100,0.0,0.0
2024-09-11 10:30:00+09:00,905.0,907.0,905.0,907.0,1000,0.0,0.0
2024-09-11 10:35:00+09:00,907.0,910.0,907.0,910.0,1000,0.0,0.0
2024-09-11 10:40:00+09:00,908.0,913.0,907.0,913.0,1400,0.0,0.0
2024-09-11 10:50:00+09:00,914.0,915.0,911.0,911.0,1700,0.0,0.0
2024-09-11 10:55:00+09:00,910.0,910.0,909.0,909.0,1200,0.0,0.0
2024-09-11 11:00:00+09:00,911.0,914.0,910.0,910.0,1400,0.0,0.0
2024-09-11 11:10:00+09:00,910.0,910.0,909.0,909.0,200,0.0,0.0
2024-09-11 11:15:00+09:00,911.0,913.0,911.0,913.0,400,0.0,0.0
2024-09-11 11:20:00+09:00,911.0,911.0,911.0,911.0,100,0.0,0.0
2024-09-11 11:30:00+09:00,910.0,910.0,910.0,910.0,100,0.0,0.0
2024-09-11 11:35:00+09:00,910.0,910.0,910.0,910.0,0,0.0,0.0
2024-09-11 12:30:00+09:00,912.0,912.0,903.0,903.0,25800,0.0,0.0
2024-09-11 12:35:00+09:00,900.0,900.0,899.0,899.0,700,0.0,0.0
2024-09-11 12:40:00+09:00,899.0,903.0,892.0,897.0,4400,0.0,0.0
2024-09-11 12:45:00+09:00,895.0,899.0,895.0,895.0,1200,0.0,0.0
2024-09-11 12:55:00+09:00,898.0,903.0,898.0,903.0,700,0.0,0.0
2024-09-11 13:00:00+09:00,901.0,901.0,901.0,901.0,100,0.0,0.0
2024-09-11 13:05:00+09:00,900.0,900.0,898.0,898.0,1700,0.0,0.0
2024-09-11 13:10:00+09:00,895.0,895.0,895.0,895.0,600,0.0,0.0
2024-09-11 13:15:00+09:00,898.0,900.0,898.0,900.0,800,0.0,0.0
2024-09-11 13:20:00+09:00,899.0,899.0,899.0,899.0,100,0.0,0.0
2024-09-11 13:25:00+09:00,899.0,900.0,899.0,900.0,800,0.0,0.0
2024-09-11 13:30:00+09:00,900.0,900.0,900.0,900.0,100,0.0,0.0
2024-09-11 13:40:00+09:00,900.0,904.0,900.0,904.0,1300,0.0,0.0
2024-09-11 13:45:00+09:00,900.0,900.0,900.0,900.0,300,0.0,0.0
2024-09-11 13:50:00+09:00,900.0,900.0,900.0,900.0,100,0.0,0.0
2024-09-11 13:55:00+09:00,899.0,899.0,899.0,899.0,100,0.0,0.0
2024-09-11 14:00:00+09:00,898.0,898.0,898.0,898.0,300,0.0,0.0
2024-09-11 14:05:00+09:00,898.0,898.0,897.0,897.0,300,0.0,0.0
2024-09-11 14:10:00+09:00,897.0,897.0,894.0,894.0,900,0.0,0.0
2024-09-11 14:15:00+09:00,894.0,894.0,893.0,894.0,500,0.0,0.0
2024-09-11 14:25:00+09:00,892.0,892.0,888.0,888.0,1300,0.0,0.0
2024-09-11 14:30:00+09:00,889.0,895.0,889.0,895.0,700,0.0,0.0
2024-09-11 14:35:00+09:00,897.0,898.0,894.0,895.0,900,0.0,0.0
2024-09-11 14:40:00+09:00,896.0,896.0,894.0,894.0,900,0.0,0.0
2024-09-11 14:45:00+09:00,895.0,896.0,894.0,895.0,1300,0.0,0.0
2024-09-11 14:50:00+09:00,896.0,896.0,893.0,894.0,1700,0.0,0.0
2024-09-11 14:55:00+09:00,893.0,893.0,893.0,893.0,1200,0.0,0.0
2024-09-12 09:00:00+09:00,900.0,910.0,900.0,906.0,5100,0.0,0.0
2024-09-12 09:05:00+09:00,904.0,911.0,904.0,911.0,1900,0.0,0.0
2024-09-12 09:10:00+09:00,907.0,918.0,907.0,918.0,3400,0.0,0.0
2024-09-12 09:15:00+09:00,918.0,919.0,914.0,916.0,1800,0.0,0.0
2024-09-12 09:20:00+09:00,918.0,921.0,918.0,921.0,6700,0.0,0.0
2024-09-12 09:25:00+09:00,922.0,922.0,919.0,922.0,1700,0.0,0.0
2024-09-12 09:30:00+09:00,919.0,919.0,919.0,919.0,300,0.0,0.0
2024-09-12 09:35:00+09:00,919.0,919.0,918.0,918.0,200,0.0,0.0
2024-09-12 09:40:00+09:00,918.0,919.0,916.0,916.0,900,0.0,0.0
2024-09-12 09:45:00+09:00,918.0,918.0,918.0,918.0,100,0.0,0.0
2024-09-12 09:50:00+09:00,919.0,922.0,916.0,919.0,2200,0.0,0.0
2024-09-12 09:55:00+09:00,915.0,919.0,911.0,919.0,3300,0.0,0.0
2024-09-12 10:00:00+09:00,920.0,921.0,915.0,915.0,2400,0.0,0.0
2024-09-12 10:05:00+09:00,921.0,921.0,915.0,918.0,400,0.0,0.0
2024-09-12 10:10:00+09:00,920.0,920.0,919.0,919.0,200,0.0,0.0
2024-09-12 10:15:00+09:00,920.0,923.0,920.0,922.0,4600,0.0,0.0
2024-09-12 10:20:00+09:00,922.0,925.0,922.0,924.0,2600,0.0,0.0
2024-09-12 10:25:00+09:00,922.0,922.0,922.0,922.0,100,0.0,0.0
2024-09-12 10:30:00+09:00,924.0,931.0,924.0,931.0,7000,0.0,0.0
2024-09-12 10:35:00+09:00,930.0,930.0,929.0,930.0,1300,0.0,0.0
2024-09-12 10:40:00+09:00,928.0,928.0,924.0,924.0,1700,0.0,0.0
2024-09-12 10:45:00+09:00,924.0,930.0,924.0,930.0,2200,0.0,0.0
2024-09-12 10:50:00+09:00,930.0,930.0,926.0,926.0,1200,0.0,0.0
2024-09-12 10:55:00+09:00,926.0,926.0,926.0,926.0,100,0.0,0.0
2024-09-12 11:00:00+09:00,924.0,930.0,924.0,930.0,1400,0.0,0.0
2024-09-12 11:05:00+09:00,929.0,929.0,929.0,929.0,100,0.0,0.0
2024-09-12 11:10:00+09:00,929.0,929.0,928.0,928.0,200,0.0,0.0
2024-09-12 11:15:00+09:00,927.0,927.0,926.0,926.0,900,0.0,0.0
2024-09-12 11:20:00+09:00,926.0,926.0,924.0,924.0,3800,0.0,0.0
2024-09-12 11:25:00+09:00,922.0,927.0,922.0,927.0,300,0.0,0.0
2024-09-12 11:30:00+09:00,923.0,923.0,923.0,923.0,100,0.0,0.0
2024-09-12 11:35:00+09:00,923.0,923.0,923.0,923.0,0,0.0,0.0
2024-09-12 12:30:00+09:00,920.0,926.0,916.0,919.0,61700,0.0,0.0
2024-09-12 12:35:00+09:00,919.0,921.0,916.0,921.0,900,0.0,0.0
2024-09-12 12:40:00+09:00,923.0,923.0,923.0,923.0,300,0.0,0.0
2024-09-12 12:45:00+09:00,923.0,927.0,922.0,927.0,1000,0.0,0.0
2024-09-12 12:50:00+09:00,924.0,930.0,923.0,930.0,2900,0.0,0.0
2024-09-12 12:55:00+09:00,928.0,930.0,928.0,930.0,300,0.0,0.0
2024-09-12 13:00:00+09:00,928.0,928.0,927.0,927.0,300,0.0,0.0
2024-09-12 13:05:00+09:00,928.0,929.0,928.0,929.0,600,0.0,0.0
2024-09-12 13:10:00+09:00,926.0,929.0,926.0,929.0,400,0.0,0.0
2024-09-12 13:15:00+09:00,929.0,932.0,929.0,929.0,2800,0.0,0.0
2024-09-12 13:20:00+09:00,928.0,930.0,928.0,930.0,600,0.0,0.0
2024-09-12 13:25:00+09:00,929.0,929.0,926.0,927.0,600,0.0,0.0
2024-09-12 13:30:00+09:00,929.0,931.0,929.0,929.0,2000,0.0,0.0
2024-09-12 13:35:00+09:00,928.0,931.0,928.0,929.0,1800,0.0,0.0
2024-09-12 13:40:00+09:00,929.0,930.0,929.0,930.0,500,0.0,0.0
2024-09-12 13:45:00+09:00,929.0,929.0,929.0,929.0,300,0.0,0.0
2024-09-12 13:50:00+09:00,929.0,930.0,928.0,930.0,1100,0.0,0.0
2024-09-12 13:55:00+09:00,929.0,929.0,929.0,929.0,200,0.0,0.0
2024-09-12 14:00:00+09:00,929.0,929.0,929.0,929.0,200,0.0,0.0
2024-09-12 14:10:00+09:00,927.0,927.0,926.0,926.0,400,0.0,0.0
2024-09-12 14:15:00+09:00,927.0,927.0,927.0,927.0,300,0.0,0.0
2024-09-12 14:25:00+09:00,928.0,929.0,928.0,929.0,400,0.0,0.0
2024-09-12 14:30:00+09:00,929.0,930.0,929.0,929.0,700,0.0,0.0
2024-09-12 14:35:00+09:00,927.0,927.0,926.0,926.0,700,0.0,0.0
2024-09-12 14:40:00+09:00,927.0,928.0,927.0,928.0,1000,0.0,0.0
2024-09-12 14:45:00+09:00,927.0,927.0,925.0,927.0,1600,0.0,0.0
2024-09-12 14:55:00+09:00,927.0,927.0,925.0,926.0,600,0.0,0.0
2024-09-13 09:00:00+09:00,924.0,924.0,910.0,912.0,12400,0.0,0.0
2024-09-13 09:05:00+09:00,914.0,915.0,910.0,912.0,1300,0.0,0.0
2024-09-13 09:10:00+09:00,911.0,911.0,911.0,911.0,200,0.0,0.0
2024-09-13 09:15:00+09:00,912.0,912.0,912.0,912.0,500,0.0,0.0
2024-09-13 09:20:00+09:00,911.0,911.0,907.0,908.0,1000,0.0,0.0
2024-09-13 09:25:00+09:00,908.0,908.0,908.0,908.0,300,0.0,0.0
2024-09-13 09:30:00+09:00,908.0,908.0,908.0,908.0,200,0.0,0.0
2024-09-13 09:35:00+09:00,908.0,908.0,904.0,904.0,2200,0.0,0.0
2024-09-13 09:40:00+09:00,903.0,905.0,903.0,905.0,400,0.0,0.0
2024-09-13 09:45:00+09:00,905.0,905.0,905.0,905.0,1600,0.0,0.0
2024-09-13 09:55:00+09:00,903.0,904.0,903.0,904.0,800,0.0,0.0
2024-09-13 10:05:00+09:00,905.0,906.0,905.0,906.0,1100,0.0,0.0
2024-09-13 10:10:00+09:00,907.0,908.0,907.0,908.0,300,0.0,0.0
2024-09-13 10:15:00+09:00,909.0,910.0,907.0,907.0,400,0.0,0.0
2024-09-13 10:20:00+09:00,909.0,911.0,909.0,911.0,1000,0.0,0.0
2024-09-13 10:25:00+09:00,910.0,910.0,910.0,910.0,500,0.0,0.0
2024-09-13 10:30:00+09:00,909.0,909.0,909.0,909.0,300,0.0,0.0
2024-09-13 10:35:00+09:00,909.0,909.0,909.0,909.0,300,0.0,0.0
2024-09-13 10:40:00+09:00,909.0,909.0,908.0,908.0,200,0.0,0.0
2024-09-13 10:50:00+09:00,908.0,908.0,905.0,905.0,900,0.0,0.0
2024-09-13 10:55:00+09:00,907.0,908.0,907.0,908.0,300,0.0,0.0
2024-09-13 11:05:00+09:00,908.0,908.0,908.0,908.0,100,0.0,0.0
2024-09-13 11:15:00+09:00,909.0,909.0,906.0,906.0,700,0.0,0.0
2024-09-13 11:20:00+09:00,909.0,909.0,909.0,909.0,100,0.0,0.0
2024-09-13 11:25:00+09:00,908.0,908.0,908.0,908.0,100,0.0,0.0
2024-09-13 11:30:00+09:00,905.0,905.0,905.0,905.0,100,0.0,0.0
2024-09-13 11:35:00+09:00,905.0,905.0,905.0,905.0,0,0.0,0.0
2024-09-13 12:30:00+09:00,908.0,908.0,903.0,903.0,29600,0.0,0.0
2024-09-13 12:35:00+09:00,901.0,907.0,900.0,907.0,1600,0.0,0.0
2024-09-13 12:40:00+09:00,908.0,908.0,908.0,908.0,100,0.0,0.0
2024-09-13 12:45:00+09:00,908.0,908.0,905.0,905.0,500,0.0,0.0
2024-09-13 12:50:00+09:00,905.0,905.0,905.0,905.0,100,0.0,0.0
2024-09-13 12:55:00+09:00,906.0,906.0,906.0,906.0,200,0.0,0.0
2024-09-13 13:00:00+09:00,905.0,905.0,905.0,905.0,400,0.0,0.0
2024-09-13 13:05:00+09:00,904.0,904.0,904.0,904.0,300,0.0,0.0
2024-09-13 13:10:00+09:00,905.0,905.0,905.0,905.0,100,0.0,0.0
2024-09-13 13:15:00+09:00,904.0,905.0,903.0,905.0,600,0.0,0.0
2024-09-13 13:20:00+09:00,905.0,905.0,904.0,904.0,200,0.0,0.0
2024-09-13 13:30:00+09:00,903.0,903.0,901.0,901.0,300,0.0,0.0
2024-09-13 13:35:00+09:00,900.0,900.0,898.0,898.0,1600,0.0,0.0
2024-09-13 13:40:00+09:00,900.0,902.0,900.0,902.0,900,0.0,0.0
2024-09-13 13:45:00+09:00,903.0,903.0,903.0,903.0,200,0.0,0.0
2024-09-13 13:50:00+09:00,904.0,904.0,904.0,904.0,100,0.0,0.0
2024-09-13 13:55:00+09:00,903.0,903.0,903.0,903.0,100,0.0,0.0
2024-09-13 14:05:00+09:00,904.0,904.0,904.0,904.0,700,0.0,0.0
2024-09-13 14:10:00+09:00,904.0,906.0,904.0,906.0,600,0.0,0.0
2024-09-13 14:15:00+09:00,906.0,907.0,904.0,904.0,600,0.0,0.0
2024-09-13 14:20:00+09:00,904.0,904.0,904.0,904.0,200,0.0,0.0
2024-09-13 14:25:00+09:00,903.0,903.0,899.0,899.0,1200,0.0,0.0
2024-09-13 14:30:00+09:00,901.0,901.0,901.0,901.0,200,0.0,0.0
2024-09-13 14:35:00+09:00,901.0,902.0,901.0,902.0,800,0.0,0.0
2024-09-13 14:40:00+09:00,902.0,902.0,901.0,901.0,600,0.0,0.0
2024-09-13 14:50:00+09:00,901.0,901.0,901.0,901.0,100,0.0,0.0
2024-09-13 14:55:00+09:00,901.0,902.0,900.0,901.0,1400,0.0,0.0
