Datetime,Open,High,Low,Close,Volume,Dividends,Stock Splits
2024-05-23 09:00:00+09:00,1789.0,1809.0,1773.0,1789.0,0,0.0,0.0
2024-05-23 09:05:00+09:00,1775.0,1788.0,1773.0,1788.0,2140,0.0,0.0
2024-05-23 09:10:00+09:00,1786.0,1786.0,1771.0,1780.0,8297,0.0,0.0
2024-05-23 09:15:00+09:00,1775.0,1777.0,1772.0,1777.0,1744,0.0,0.0
2024-05-23 09:20:00+09:00,1778.0,1785.0,1777.0,1785.0,644,0.0,0.0
2024-05-23 09:25:00+09:00,1784.0,1800.0,1784.0,1797.0,4655,0.0,0.0
2024-05-23 09:30:00+09:00,1796.0,1796.0,1796.0,1796.0,4,0.0,0.0
2024-05-23 09:35:00+09:00,1795.0,1795.0,1787.0,1787.0,718,0.0,0.0
2024-05-23 09:40:00+09:00,1785.0,1786.0,1783.0,1783.0,1948,0.0,0.0
2024-05-23 09:45:00+09:00,1782.0,1782.0,1777.0,1780.0,2468,0.0,0.0
2024-05-23 09:50:00+09:00,1779.0,1781.0,1774.0,1777.0,7053,0.0,0.0
2024-05-23 09:55:00+09:00,1781.0,1793.0,1777.0,1793.0,10462,0.0,0.0
2024-05-23 10:00:00+09:00,1789.0,1793.0,1785.0,1785.0,8662,0.0,0.0
2024-05-23 10:05:00+09:00,1787.0,1793.0,1783.0,1793.0,673,0.0,0.0
2024-05-23 10:10:00+09:00,1793.0,1807.0,1793.0,1804.0,16243,0.0,0.0
2024-05-23 10:15:00+09:00,1798.0,1800.0,1798.0,1800.0,10,0.0,0.0
2024-05-23 10:20:00+09:00,1796.0,1799.0,1795.0,1795.0,1142,0.0,0.0
2024-05-23 10:25:00+09:00,1799.0,1799.0,1799.0,1799.0,0,0.0,0.0
2024-05-23 10:30:00+09:00,1798.0,1800.0,1795.0,1800.0,1369,0.0,0.0
2024-05-23 10:35:00+09:00,1800.0,1800.0,1799.0,1800.0,256,0.0,0.0
2024-05-23 10:40:00+09:00,1799.0,1801.0,1799.0,1801.0,791,0.0,0.0
2024-05-23 10:45:00+09:00,1799.0,1801.0,1799.0,1801.0,2,0.0,0.0
2024-05-23 10:50:00+09:00,1800.0,1800.0,1799.0,1799.0,606,0.0,0.0
2024-05-23 10:55:00+09:00,1800.0,1808.0,1800.0,1808.0,9317,0.0,0.0
2024-05-23 11:00:00+09:00,1804.0,1807.0,1804.0,1807.0,3435,0.0,0.0
2024-05-23 11:05:00+09:00,1806.0,1814.0,1806.0,1811.0,7844,0.0,0.0
2024-05-23 11:10:00+09:00,1811.0,1822.0,1811.0,1822.0,23629,0.0,0.0
2024-05-23 11:15:00+09:00,1817.0,1818.0,1811.0,1814.0,1928,0.0,0.0
2024-05-23 11:20:00+09:00,1811.0,1821.0,1808.0,1819.0,16222,0.0,0.0
2024-05-23 11:25:00+09:00,1811.0,1815.0,1810.0,1813.0,267,0.0,0.0
2024-05-23 11:30:00+09:00,1812.0,1812.0,1811.0,1811.0,809,0.0,0.0
2024-05-23 11:35:00+09:00,1810.0,1810.0,1810.0,1810.0,1012,0.0,0.0
2024-05-23 11:40:00+09:00,1811.0,1812.0,1807.0,1807.0,363,0.0,0.0
2024-05-23 11:45:00+09:00,1810.0,1810.0,1808.0,1808.0,0,0.0,0.0
2024-05-23 11:50:00+09:00,1808.0,1808.0,1807.0,1808.0,164,0.0,0.0
2024-05-23 11:55:00+09:00,1807.0,1808.0,1803.0,1803.0,8512,0.0,0.0
2024-05-23 12:00:00+09:00,1804.0,1804.0,1800.0,1804.0,2616,0.0,0.0
2024-05-23 12:05:00+09:00,1802.0,1803.0,1802.0,1803.0,7,0.0,0.0
2024-05-23 12:10:00+09:00,1803.0,1803.0,1803.0,1803.0,4,0.0,0.0
2024-05-23 12:20:00+09:00,1803.0,1808.0,1803.0,1803.0,2902,0.0,0.0
2024-05-23 12:25:00+09:00,1807.0,1807.0,1806.0,1806.0,1693,0.0,0.0
2024-05-23 12:30:00+09:00,1806.0,1806.0,1806.0,1806.0,0,0.0,0.0
2024-05-23 12:35:00+09:00,1806.0,1807.0,1806.0,1807.0,11,0.0,0.0
2024-05-23 12:40:00+09:00,1806.0,1807.0,1806.0,1807.0,2610,0.0,0.0
2024-05-23 12:45:00+09:00,1808.0,1808.0,1808.0,1808.0,0,0.0,0.0
2024-05-23 12:50:00+09:00,1806.0,1808.0,1806.0,1808.0,501,0.0,0.0
2024-05-23 12:55:00+09:00,1806.0,1808.0,1805.0,1808.0,4179,0.0,0.0
2024-05-23 13:05:00+09:00,1808.0,1808.0,1806.0,1808.0,112,0.0,0.0
2024-05-23 13:10:00+09:00,1806.0,1808.0,1806.0,1808.0,506,0.0,0.0
2024-05-23 13:15:00+09:00,1807.0,1808.0,1807.0,1808.0,12,0.0,0.0
2024-05-23 13:20:00+09:00,1807.0,1807.0,1807.0,1807.0,158,0.0,0.0
2024-05-23 13:25:00+09:00,1807.0,1807.0,1806.0,1807.0,0,0.0,0.0
2024-05-23 13:30:00+09:00,1806.0,1807.0,1806.0,1807.0,1252,0.0,0.0
2024-05-23 13:35:00+09:00,1807.0,1807.0,1807.0,1807.0,2600,0.0,0.0
2024-05-23 13:45:00+09:00,1807.0,1807.0,1805.0,1805.0,1838,0.0,0.0
2024-05-23 13:50:00+09:00,1807.0,1807.0,1807.0,1807.0,4760,0.0,0.0
2024-05-23 13:55:00+09:00,1807.0,1808.0,1807.0,1808.0,174,0.0,0.0
2024-05-23 14:00:00+09:00,1808.0,1808.0,1808.0,1808.0,454,0.0,0.0
2024-05-23 14:05:00+09:00,1808.0,1812.0,1808.0,1812.0,354,0.0,0.0
2024-05-23 14:10:00+09:00,1812.0,1812.0,1810.0,1812.0,495,0.0,0.0
2024-05-23 14:15:00+09:00,1812.0,1812.0,1810.0,1812.0,5551,0.0,0.0
2024-05-23 14:20:00+09:00,1813.0,1813.0,1812.0,1812.0,343,0.0,0.0
2024-05-23 14:25:00+09:00,1813.0,1813.0,1812.0,1812.0,0,0.0,0.0
2024-05-23 14:30:00+09:00,1812.0,1812.0,1812.0,1812.0,1157,0.0,0.0
2024-05-23 14:35:00+09:00,1811.0,1812.0,1811.0,1812.0,539,0.0,0.0
2024-05-23 14:40:00+09:00,1812.0,1812.0,1810.0,1810.0,0,0.0,0.0
2024-05-23 14:45:00+09:00,1810.0,1813.0,1810.0,1813.0,2188,0.0,0.0
2024-05-23 14:50:00+09:00,1813.0,1813.0,1812.0,1812.0,332,0.0,0.0
2024-05-23 14:55:00+09:00,1812.0,1821.0,1812.0,1821.0,13383,0.0,0.0
2024-05-24 09:00:00+09:00,1800.0,1820.0,1800.0,1820.0,1087,0.0,0.0
2024-05-24 09:05:00+09:00,1819.0,1819.0,1819.0,1819.0,1007,0.0,0.0
2024-05-24 09:15:00+09:00,1806.0,1815.0,1802.0,1802.0,7349,0.0,0.0
2024-05-24 09:20:00+09:00,1812.0,1812.0,1802.0,1802.0,25,0.0,0.0
2024-05-24 09:25:00+09:00,1809.0,1809.0,1802.0,1809.0,5744,0.0,0.0
2024-05-24 09:35:00+09:00,1806.0,1808.0,1806.0,1807.0,1227,0.0,0.0
2024-05-24 09:40:00+09:00,1805.0,1807.0,1805.0,1807.0,2650,0.0,0.0
2024-05-24 09:45:00+09:00,1806.0,1809.0,1801.0,1808.0,10593,0.0,0.0
2024-05-24 09:50:00+09:00,1808.0,1809.0,1808.0,1809.0,6,0.0,0.0
2024-05-24 09:55:00+09:00,1809.0,1809.0,1803.0,1809.0,3701,0.0,0.0
2024-05-24 10:00:00+09:00,1808.0,1808.0,1803.0,1803.0,0,0.0,0.0
2024-05-24 10:05:00+09:00,1808.0,1808.0,1808.0,1808.0,0,0.0,0.0
2024-05-24 10:10:00+09:00,1808.0,1808.0,1808.0,1808.0,727,0.0,0.0
2024-05-24 10:15:00+09:00,1807.0,1807.0,1807.0,1807.0,89,0.0,0.0
2024-05-24 10:20:00+09:00,1807.0,1807.0,1803.0,1803.0,171,0.0,0.0
2024-05-24 10:25:00+09:00,1803.0,1803.0,1801.0,1801.0,1184,0.0,0.0
2024-05-24 10:30:00+09:00,1801.0,1802.0,1800.0,1801.0,3714,0.0,0.0
2024-05-24 10:35:00+09:00,1801.0,1801.0,1801.0,1801.0,1125,0.0,0.0
2024-05-24 10:40:00+09:00,1800.0,1800.0,1800.0,1800.0,2378,0.0,0.0
2024-05-24 10:45:00+09:00,1800.0,1801.0,1796.0,1800.0,1766,0.0,0.0
2024-05-24 10:50:00+09:00,1800.0,1801.0,1800.0,1801.0,2926,0.0,0.0
2024-05-24 10:55:00+09:00,1801.0,1801.0,1801.0,1801.0,370,0.0,0.0
2024-05-24 11:00:00+09:00,1801.0,1803.0,1797.0,1800.0,3662,0.0,0.0
2024-05-24 11:05:00+09:00,1800.0,1800.0,1800.0,1800.0,10,0.0,0.0
2024-05-24 11:10:00+09:00,1797.0,1800.0,1797.0,1800.0,278,0.0,0.0
2024-05-24 11:15:00+09:00,1797.0,1800.0,1796.0,1796.0,3704,0.0,0.0
2024-05-24 11:20:00+09:00,1796.0,1800.0,1796.0,1800.0,0,0.0,0.0
2024-05-24 11:25:00+09:00,1799.0,1800.0,1799.0,1800.0,0,0.0,0.0
2024-05-24 11:30:00+09:00,1800.0,1800.0,1800.0,1800.0,1024,0.0,0.0
2024-05-24 11:35:00+09:00,1798.0,1800.0,1795.0,1795.0,11616,0.0,0.0
2024-05-24 11:40:00+09:00,1798.0,1798.0,1794.0,1795.0,0,0.0,0.0
2024-05-24 11:45:00+09:00,1795.0,1795.0,1789.0,1790.0,7841,0.0,0.0
2024-05-24 11:50:00+09:00,1790.0,1794.0,1790.0,1794.0,0,0.0,0.0
2024-05-24 11:55:00+09:00,1791.0,1791.0,1790.0,1790.0,2174,0.0,0.0
2024-05-24 12:00:00+09:00,1793.0,1793.0,1790.0,1790.0,0,0.0,0.0
2024-05-24 12:05:00+09:00,1793.0,1794.0,1790.0,1794.0,2651,0.0,0.0
2024-05-24 12:10:00+09:00,1794.0,1794.0,1791.0,1791.0,2549,0.0,0.0
2024-05-24 12:15:00+09:00,1790.0,1794.0,1787.0,1794.0,4738,0.0,0.0
2024-05-24 12:20:00+09:00,1787.0,1787.0,1785.0,1785.0,6178,0.0,0.0
2024-05-24 12:25:00+09:00,1794.0,1794.0,1794.0,1794.0,0,0.0,0.0
2024-05-24 12:30:00+09:00,1786.0,1792.0,1786.0,1786.0,561,0.0,0.0
2024-05-24 12:35:00+09:00,1792.0,1792.0,1792.0,1792.0,332,0.0,0.0
2024-05-24 12:40:00+09:00,1788.0,1792.0,1788.0,1792.0,0,0.0,0.0
2024-05-24 12:50:00+09:00,1791.0,1791.0,1790.0,1790.0,171,0.0,0.0
2024-05-24 12:55:00+09:00,1789.0,1789.0,1788.0,1788.0,189,0.0,0.0
2024-05-24 13:00:00+09:00,1789.0,1790.0,1789.0,1790.0,140,0.0,0.0
2024-05-24 13:05:00+09:00,1790.0,1790.0,1790.0,1790.0,152,0.0,0.0
2024-05-24 13:10:00+09:00,1790.0,1792.0,1790.0,1790.0,1125,0.0,0.0
2024-05-24 13:15:00+09:00,1791.0,1791.0,1790.0,1790.0,0,0.0,0.0
2024-05-24 13:20:00+09:00,1789.0,1789.0,1788.0,1788.0,1931,0.0,0.0
2024-05-24 13:25:00+09:00,1788.0,1789.0,1786.0,1789.0,6094,0.0,0.0
2024-05-24 13:30:00+09:00,1788.0,1789.0,1787.0,1789.0,1508,0.0,0.0
2024-05-24 13:35:00+09:00,1789.0,1789.0,1789.0,1789.0,43,0.0,0.0
2024-05-24 13:40:00+09:00,1787.0,1789.0,1787.0,1789.0,474,0.0,0.0
2024-05-24 13:45:00+09:00,1789.0,1789.0,1789.0,1789.0,220,0.0,0.0
2024-05-24 13:50:00+09:00,1789.0,1789.0,1789.0,1789.0,0,0.0,0.0
2024-05-24 13:55:00+09:00,1788.0,1789.0,1787.0,1789.0,708,0.0,0.0
2024-05-24 14:00:00+09:00,1788.0,1788.0,1788.0,1788.0,1046,0.0,0.0
2024-05-24 14:05:00+09:00,1788.0,1789.0,1787.0,1789.0,1303,0.0,0.0
2024-05-24 14:10:00+09:00,1790.0,1790.0,1790.0,1790.0,1493,0.0,0.0
2024-05-24 14:15:00+09:00,1790.0,1792.0,1788.0,1791.0,3262,0.0,0.0
2024-05-24 14:20:00+09:00,1791.0,1792.0,1791.0,1792.0,579,0.0,0.0
2024-05-24 14:25:00+09:00,1788.0,1792.0,1787.0,1792.0,3576,0.0,0.0
2024-05-24 14:30:00+09:00,1791.0,1791.0,1786.0,1790.0,3216,0.0,0.0
2024-05-24 14:35:00+09:00,1787.0,1787.0,1784.0,1784.0,8528,0.0,0.0
2024-05-24 14:40:00+09:00,1785.0,1786.0,1784.0,1786.0,2737,0.0,0.0
2024-05-24 14:45:00+09:00,1784.0,1785.0,1783.0,1785.0,3259,0.0,0.0
2024-05-24 14:50:00+09:00,1785.0,1786.0,1784.0,1786.0,1841,0.0,0.0
2024-05-24 14:55:00+09:00,1784.0,1786.0,1784.0,1786.0,1997,0.0,0.0
2024-05-27 09:00:00+09:00,1786.0,1786.0,1779.0,1779.0,0,0.0,0.0
2024-05-27 09:05:00+09:00,1780.0,1785.0,1776.0,1783.0,3823,0.0,0.0
2024-05-27 09:10:00+09:00,1782.0,1785.0,1773.0,1774.0,7212,0.0,0.0
2024-05-27 09:15:00+09:00,1774.0,1784.0,1774.0,1784.0,0,0.0,0.0
2024-05-27 09:20:00+09:00,1780.0,1780.0,1780.0,1780.0,519,0.0,0.0
2024-05-27 09:25:00+09:00,1780.0,1780.0,1780.0,1780.0,960,0.0,0.0
2024-05-27 09:30:00+09:00,1782.0,1789.0,1782.0,1789.0,5160,0.0,0.0
2024-05-27 09:35:00+09:00,1789.0,1789.0,1789.0,1789.0,56,0.0,0.0
2024-05-27 09:40:00+09:00,1785.0,1785.0,1783.0,1783.0,1189,0.0,0.0
2024-05-27 09:45:00+09:00,1781.0,1788.0,1780.0,1788.0,1943,0.0,0.0
2024-05-27 09:50:00+09:00,1784.0,1788.0,1784.0,1784.0,1683,0.0,0.0
2024-05-27 09:55:00+09:00,1784.0,1789.0,1784.0,1787.0,1474,0.0,0.0
2024-05-27 10:00:00+09:00,1788.0,1789.0,1787.0,1787.0,3022,0.0,0.0
2024-05-27 10:05:00+09:00,1786.0,1787.0,1786.0,1787.0,75,0.0,0.0
2024-05-27 10:10:00+09:00,1785.0,1787.0,1785.0,1787.0,327,0.0,0.0
2024-05-27 10:15:00+09:00,1783.0,1787.0,1783.0,1787.0,61,0.0,0.0
2024-05-27 10:20:00+09:00,1783.0,1783.0,1780.0,1780.0,2352,0.0,0.0
2024-05-27 10:25:00+09:00,1780.0,1780.0,1778.0,1778.0,26135,0.0,0.0
2024-05-27 10:30:00+09:00,1778.0,1779.0,1778.0,1778.0,0,0.0,0.0
2024-05-27 10:35:00+09:00,1776.0,1777.0,1774.0,1774.0,6552,0.0,0.0
2024-05-27 10:40:00+09:00,1777.0,1778.0,1774.0,1778.0,8642,0.0,0.0
2024-05-27 10:45:00+09:00,1778.0,1778.0,1778.0,1778.0,1,0.0,0.0
2024-05-27 10:50:00+09:00,1778.0,1778.0,1778.0,1778.0,102,0.0,0.0
2024-05-27 11:05:00+09:00,1778.0,1778.0,1778.0,1778.0,5,0.0,0.0
2024-05-27 11:10:00+09:00,1777.0,1778.0,1772.0,1778.0,13382,0.0,0.0
2024-05-27 11:15:00+09:00,1774.0,1778.0,1772.0,1774.0,6805,0.0,0.0
2024-05-27 11:20:00+09:00,1772.0,1772.0,1769.0,1771.0,5607,0.0,0.0
2024-05-27 11:25:00+09:00,1771.0,1771.0,1767.0,1770.0,5009,0.0,0.0
2024-05-27 11:30:00+09:00,1768.0,1770.0,1766.0,1766.0,3919,0.0,0.0
2024-05-27 11:35:00+09:00,1770.0,1770.0,1770.0,1770.0,0,0.0,0.0
2024-05-27 11:40:00+09:00,1766.0,1770.0,1764.0,1764.0,7283,0.0,0.0
2024-05-27 11:45:00+09:00,1763.0,1770.0,1760.0,1764.0,8767,0.0,0.0
2024-05-27 11:50:00+09:00,1764.0,1764.0,1754.0,1758.0,4564,0.0,0.0
2024-05-27 11:55:00+09:00,1758.0,1758.0,1754.0,1755.0,551,0.0,0.0
2024-05-27 12:00:00+09:00,1755.0,1758.0,1750.0,1750.0,12451,0.0,0.0
2024-05-27 12:05:00+09:00,1750.0,1753.0,1748.0,1753.0,0,0.0,0.0
2024-05-27 12:10:00+09:00,1753.0,1753.0,1753.0,1753.0,147,0.0,0.0
2024-05-27 12:15:00+09:00,1753.0,1758.0,1753.0,1758.0,1719,0.0,0.0
2024-05-27 12:20:00+09:00,1754.0,1758.0,1752.0,1752.0,5173,0.0,0.0
2024-05-27 12:25:00+09:00,1752.0,1754.0,1752.0,1752.0,451,0.0,0.0
2024-05-27 12:30:00+09:00,1751.0,1752.0,1750.0,1750.0,3070,0.0,0.0
2024-05-27 12:35:00+09:00,1750.0,1753.0,1750.0,1752.0,1741,0.0,0.0
2024-05-27 12:40:00+09:00,1752.0,1775.0,1752.0,1775.0,2850,0.0,0.0
2024-05-27 12:45:00+09:00,1764.0,1773.0,1763.0,1773.0,221,0.0,0.0
2024-05-27 12:50:00+09:00,1765.0,1765.0,1750.0,1761.0,9178,0.0,0.0
2024-05-27 12:55:00+09:00,1751.0,1751.0,1751.0,1751.0,0,0.0,0.0
2024-05-27 13:00:00+09:00,1752.0,1752.0,1745.0,1749.0,13232,0.0,0.0
2024-05-27 13:05:00+09:00,1749.0,1756.0,1746.0,1755.0,168,0.0,0.0
2024-05-27 13:10:00+09:00,1756.0,1756.0,1756.0,1756.0,909,0.0,0.0
2024-05-27 13:15:00+09:00,1756.0,1757.0,1756.0,1757.0,3703,0.0,0.0
2024-05-27 13:20:00+09:00,1756.0,1756.0,1756.0,1756.0,2,0.0,0.0
2024-05-27 13:25:00+09:00,1755.0,1755.0,1755.0,1755.0,19,0.0,0.0
2024-05-27 13:30:00+09:00,1755.0,1756.0,1755.0,1755.0,654,0.0,0.0
2024-05-27 13:40:00+09:00,1750.0,1755.0,1750.0,1750.0,14,0.0,0.0
2024-05-27 13:45:00+09:00,1755.0,1755.0,1751.0,1751.0,1,0.0,0.0
2024-05-27 13:50:00+09:00,1755.0,1755.0,1755.0,1755.0,0,0.0,0.0
2024-05-27 13:55:00+09:00,1754.0,1754.0,1754.0,1754.0,20,0.0,0.0
2024-05-27 14:00:00+09:00,1751.0,1754.0,1750.0,1754.0,170,0.0,0.0
2024-05-27 14:05:00+09:00,1751.0,1752.0,1751.0,1752.0,22,0.0,0.0
2024-05-27 14:10:00+09:00,1751.0,1751.0,1747.0,1749.0,4133,0.0,0.0
2024-05-27 14:15:00+09:00,1748.0,1748.0,1747.0,1747.0,489,0.0,0.0
2024-05-27 14:20:00+09:00,1749.0,1751.0,1749.0,1751.0,405,0.0,0.0
2024-05-27 14:30:00+09:00,1751.0,1754.0,1751.0,1754.0,1008,0.0,0.0
2024-05-27 14:35:00+09:00,1755.0,1755.0,1755.0,1755.0,955,0.0,0.0
2024-05-27 14:40:00+09:00,1753.0,1753.0,1749.0,1752.0,258,0.0,0.0
2024-05-27 14:45:00+09:00,1752.0,1752.0,1752.0,1752.0,297,0.0,0.0
2024-05-27 14:50:00+09:00,1748.0,1752.0,1748.0,1752.0,515,0.0,0.0
2024-05-27 14:55:00+09:00,1752.0,1761.0,1752.0,1761.0,2338,0.0,0.0
2024-05-28 09:00:00+09:00,1769.0,1769.0,1750.0,1750.0,789,0.0,0.0
2024-05-28 09:05:00+09:00,1750.0,1766.0,1750.0,1766.0,1229,0.0,0.0
2024-05-28 09:10:00+09:00,1766.0,1766.0,1765.0,1765.0,944,0.0,0.0
2024-05-28 09:15:00+09:00,1764.0,1764.0,1762.0,1762.0,0,0.0,0.0
2024-05-28 09:20:00+09:00,1761.0,1761.0,1761.0,1761.0,8,0.0,0.0
2024-05-28 09:25:00+09:00,1759.0,1761.0,1757.0,1757.0,94,0.0,0.0
2024-05-28 09:30:00+09:00,1757.0,1760.0,1750.0,1750.0,1775,0.0,0.0
2024-05-28 09:35:00+09:00,1750.0,1757.0,1749.0,1757.0,4591,0.0,0.0
2024-05-28 09:40:00+09:00,1753.0,1757.0,1753.0,1757.0,47,0.0,0.0
2024-05-28 09:50:00+09:00,1756.0,1757.0,1754.0,1757.0,105,0.0,0.0
2024-05-28 09:55:00+09:00,1754.0,1755.0,1751.0,1755.0,789,0.0,0.0
2024-05-28 10:00:00+09:00,1755.0,1755.0,1751.0,1755.0,973,0.0,0.0
2024-05-28 10:05:00+09:00,1752.0,1755.0,1751.0,1755.0,154,0.0,0.0
2024-05-28 10:10:00+09:00,1754.0,1754.0,1752.0,1752.0,149,0.0,0.0
2024-05-28 10:15:00+09:00,1752.0,1752.0,1751.0,1752.0,1676,0.0,0.0
2024-05-28 10:20:00+09:00,1751.0,1751.0,1751.0,1751.0,1279,0.0,0.0
2024-05-28 10:25:00+09:00,1752.0,1752.0,1751.0,1751.0,0,0.0,0.0
2024-05-28 10:30:00+09:00,1751.0,1751.0,1750.0,1750.0,3556,0.0,0.0
2024-05-28 10:35:00+09:00,1749.0,1751.0,1748.0,1751.0,2884,0.0,0.0
2024-05-28 10:40:00+09:00,1752.0,1752.0,1752.0,1752.0,400,0.0,0.0
2024-05-28 10:50:00+09:00,1752.0,1752.0,1752.0,1752.0,10,0.0,0.0
2024-05-28 10:55:00+09:00,1752.0,1752.0,1752.0,1752.0,5074,0.0,0.0
2024-05-28 11:00:00+09:00,1752.0,1755.0,1752.0,1755.0,6,0.0,0.0
2024-05-28 11:10:00+09:00,1755.0,1759.0,1755.0,1757.0,5454,0.0,0.0
2024-05-28 11:15:00+09:00,1759.0,1759.0,1755.0,1755.0,621,0.0,0.0
2024-05-28 11:20:00+09:00,1759.0,1759.0,1754.0,1758.0,874,0.0,0.0
2024-05-28 11:25:00+09:00,1758.0,1758.0,1758.0,1758.0,111,0.0,0.0
2024-05-28 11:30:00+09:00,1757.0,1759.0,1757.0,1759.0,1444,0.0,0.0
2024-05-28 11:35:00+09:00,1759.0,1759.0,1757.0,1757.0,40,0.0,0.0
2024-05-28 11:40:00+09:00,1757.0,1760.0,1757.0,1760.0,0,0.0,0.0
2024-05-28 11:50:00+09:00,1756.0,1760.0,1756.0,1760.0,2,0.0,0.0
2024-05-28 11:55:00+09:00,1756.0,1760.0,1755.0,1760.0,611,0.0,0.0
2024-05-28 12:25:00+09:00,1759.0,1759.0,1759.0,1759.0,19,0.0,0.0
2024-05-28 12:30:00+09:00,1756.0,1758.0,1754.0,1758.0,404,0.0,0.0
2024-05-28 12:35:00+09:00,1755.0,1755.0,1754.0,1755.0,33,0.0,0.0
2024-05-28 12:40:00+09:00,1753.0,1755.0,1752.0,1755.0,635,0.0,0.0
2024-05-28 12:45:00+09:00,1755.0,1755.0,1755.0,1755.0,510,0.0,0.0
2024-05-28 12:50:00+09:00,1755.0,1755.0,1755.0,1755.0,0,0.0,0.0
2024-05-28 12:55:00+09:00,1755.0,1758.0,1751.0,1758.0,1502,0.0,0.0
2024-05-28 13:00:00+09:00,1753.0,1753.0,1753.0,1753.0,120,0.0,0.0
2024-05-28 13:05:00+09:00,1757.0,1758.0,1754.0,1757.0,1011,0.0,0.0
2024-05-28 13:10:00+09:00,1757.0,1758.0,1756.0,1758.0,801,0.0,0.0
2024-05-28 13:15:00+09:00,1758.0,1758.0,1758.0,1758.0,335,0.0,0.0
2024-05-28 13:35:00+09:00,1758.0,1758.0,1754.0,1758.0,0,0.0,0.0
2024-05-28 13:40:00+09:00,1758.0,1758.0,1754.0,1758.0,990,0.0,0.0
2024-05-28 13:45:00+09:00,1754.0,1758.0,1754.0,1758.0,307,0.0,0.0
2024-05-28 13:50:00+09:00,1756.0,1757.0,1756.0,1757.0,402,0.0,0.0
2024-05-28 13:55:00+09:00,1754.0,1758.0,1754.0,1758.0,467,0.0,0.0
2024-05-28 14:00:00+09:00,1754.0,1754.0,1754.0,1754.0,1,0.0,0.0
2024-05-28 14:05:00+09:00,1751.0,1756.0,1751.0,1756.0,1491,0.0,0.0
2024-05-28 14:10:00+09:00,1756.0,1758.0,1754.0,1758.0,31,0.0,0.0
2024-05-28 14:15:00+09:00,1758.0,1758.0,1758.0,1758.0,43,0.0,0.0
2024-05-28 14:25:00+09:00,1757.0,1757.0,1757.0,1757.0,0,0.0,0.0
2024-05-28 14:30:00+09:00,1755.0,1757.0,1755.0,1757.0,27,0.0,0.0
2024-05-28 14:35:00+09:00,1757.0,1757.0,1757.0,1757.0,10,0.0,0.0
2024-05-28 14:40:00+09:00,1755.0,1756.0,1755.0,1756.0,3031,0.0,0.0
2024-05-28 14:45:00+09:00,1756.0,1757.0,1756.0,1757.0,0,0.0,0.0
2024-05-28 14:50:00+09:00,1757.0,1758.0,1755.0,1755.0,935,0.0,0.0
2024-05-28 14:55:00+09:00,1754.0,1758.0,1751.0,1758.0,853,0.0,0.0
2024-05-29 09:00:00+09:00,1752.0,1763.0,1752.0,1763.0,8004,0.0,0.0
2024-05-29 09:05:00+09:00,1762.0,1763.0,1760.0,1760.0,63,0.0,0.0
2024-05-29 09:10:00+09:00,1760.0,1760.0,1760.0,1760.0,40,0.0,0.0
2024-05-29 09:15:00+09:00,1760.0,1760.0,1760.0,1760.0,13,0.0,0.0
2024-05-29 09:20:00+09:00,1760.0,1760.0,1752.0,1752.0,4538,0.0,0.0
2024-05-29 09:25:00+09:00,1754.0,1754.0,1754.0,1754.0,248,0.0,0.0
2024-05-29 09:30:00+09:00,1754.0,1758.0,1753.0,1758.0,156,0.0,0.0
2024-05-29 09:35:00+09:00,1758.0,1760.0,1756.0,1756.0,1476,0.0,0.0
2024-05-29 09:40:00+09:00,1756.0,1756.0,1745.0,1745.0,17067,0.0,0.0
2024-05-29 09:45:00+09:00,1754.0,1754.0,1740.0,1750.0,5066,0.0,0.0
2024-05-29 09:50:00+09:00,1748.0,1750.0,1748.0,1750.0,0,0.0,0.0
2024-05-29 09:55:00+09:00,1742.0,1744.0,1740.0,1740.0,40235,0.0,0.0
2024-05-29 10:00:00+09:00,1744.0,1744.0,1740.0,1742.0,164,0.0,0.0
2024-05-29 10:05:00+09:00,1744.0,1744.0,1744.0,1744.0,1769,0.0,0.0
2024-05-29 10:10:00+09:00,1747.0,1747.0,1743.0,1747.0,0,0.0,0.0
2024-05-29 10:15:00+09:00,1747.0,1747.0,1747.0,1747.0,15,0.0,0.0
2024-05-29 10:20:00+09:00,1747.0,1747.0,1747.0,1747.0,10,0.0,0.0
2024-05-29 10:25:00+09:00,1746.0,1746.0,1746.0,1746.0,225,0.0,0.0
2024-05-29 10:30:00+09:00,1746.0,1746.0,1746.0,1746.0,0,0.0,0.0
2024-05-29 10:35:00+09:00,1743.0,1746.0,1743.0,1746.0,1297,0.0,0.0
2024-05-29 10:40:00+09:00,1746.0,1747.0,1744.0,1744.0,39,0.0,0.0
2024-05-29 10:45:00+09:00,1744.0,1744.0,1741.0,1741.0,2557,0.0,0.0
2024-05-29 10:50:00+09:00,1744.0,1750.0,1743.0,1750.0,1635,0.0,0.0
2024-05-29 10:55:00+09:00,1753.0,1757.0,1752.0,1757.0,3463,0.0,0.0
2024-05-29 11:00:00+09:00,1757.0,1757.0,1755.0,1755.0,472,0.0,0.0
2024-05-29 11:05:00+09:00,1755.0,1755.0,1750.0,1752.0,377,0.0,0.0
2024-05-29 11:10:00+09:00,1752.0,1752.0,1752.0,1752.0,1,0.0,0.0
2024-05-29 11:15:00+09:00,1751.0,1751.0,1751.0,1751.0,17,0.0,0.0
2024-05-29 11:20:00+09:00,1751.0,1752.0,1751.0,1752.0,1203,0.0,0.0
2024-05-29 11:25:00+09:00,1753.0,1757.0,1736.0,1757.0,6126,0.0,0.0
2024-05-29 11:30:00+09:00,1753.0,1753.0,1748.0,1752.0,626,0.0,0.0
2024-05-29 11:35:00+09:00,1743.0,1752.0,1743.0,1752.0,2420,0.0,0.0
2024-05-29 11:40:00+09:00,1752.0,1752.0,1744.0,1752.0,624,0.0,0.0
2024-05-29 11:45:00+09:00,1750.0,1750.0,1750.0,1750.0,40,0.0,0.0
2024-05-29 11:50:00+09:00,1750.0,1750.0,1750.0,1750.0,30,0.0,0.0
2024-05-29 11:55:00+09:00,1750.0,1750.0,1750.0,1750.0,34,0.0,0.0
2024-05-29 12:00:00+09:00,1747.0,1749.0,1742.0,1749.0,1500,0.0,0.0
2024-05-29 12:05:00+09:00,1749.0,1749.0,1749.0,1749.0,26,0.0,0.0
2024-05-29 12:10:00+09:00,1749.0,1749.0,1741.0,1749.0,1126,0.0,0.0
2024-05-29 12:15:00+09:00,1749.0,1749.0,1741.0,1745.0,2849,0.0,0.0
2024-05-29 12:20:00+09:00,1749.0,1749.0,1745.0,1745.0,300,0.0,0.0
2024-05-29 12:25:00+09:00,1744.0,1748.0,1744.0,1748.0,139,0.0,0.0
2024-05-29 12:30:00+09:00,1748.0,1748.0,1741.0,1748.0,320,0.0,0.0
2024-05-29 12:35:00+09:00,1748.0,1748.0,1748.0,1748.0,61,0.0,0.0
2024-05-29 12:40:00+09:00,1748.0,1753.0,1748.0,1753.0,2432,0.0,0.0
2024-05-29 12:45:00+09:00,1749.0,1757.0,1749.0,1753.0,7414,0.0,0.0
2024-05-29 12:50:00+09:00,1757.0,1757.0,1748.0,1757.0,4973,0.0,0.0
2024-05-29 12:55:00+09:00,1757.0,1757.0,1757.0,1757.0,97,0.0,0.0
2024-05-29 13:00:00+09:00,1757.0,1757.0,1752.0,1752.0,131,0.0,0.0
2024-05-29 13:05:00+09:00,1750.0,1755.0,1745.0,1755.0,2442,0.0,0.0
2024-05-29 13:10:00+09:00,1755.0,1755.0,1745.0,1755.0,116,0.0,0.0
2024-05-29 13:15:00+09:00,1754.0,1754.0,1745.0,1745.0,4022,0.0,0.0
2024-05-29 13:20:00+09:00,1754.0,1754.0,1745.0,1745.0,0,0.0,0.0
2024-05-29 13:25:00+09:00,1754.0,1754.0,1754.0,1754.0,0,0.0,0.0
2024-05-29 13:30:00+09:00,1754.0,1754.0,1753.0,1754.0,1213,0.0,0.0
2024-05-29 13:35:00+09:00,1754.0,1754.0,1749.0,1749.0,147,0.0,0.0
2024-05-29 13:40:00+09:00,1749.0,1749.0,1749.0,1749.0,2,0.0,0.0
2024-05-29 13:45:00+09:00,1749.0,1749.0,1749.0,1749.0,13,0.0,0.0
2024-05-29 13:50:00+09:00,1749.0,1749.0,1749.0,1749.0,51,0.0,0.0
2024-05-29 13:55:00+09:00,1749.0,1749.0,1745.0,1749.0,1505,0.0,0.0
2024-05-29 14:00:00+09:00,1749.0,1749.0,1746.0,1749.0,651,0.0,0.0
2024-05-29 14:05:00+09:00,1749.0,1749.0,1748.0,1749.0,56,0.0,0.0
2024-05-29 14:10:00+09:00,1749.0,1749.0,1749.0,1749.0,39,0.0,0.0
2024-05-29 14:15:00+09:00,1748.0,1749.0,1747.0,1747.0,980,0.0,0.0
2024-05-29 14:20:00+09:00,1746.0,1748.0,1745.0,1746.0,503,0.0,0.0
2024-05-29 14:25:00+09:00,1748.0,1748.0,1748.0,1748.0,51,0.0,0.0
2024-05-29 14:30:00+09:00,1748.0,1748.0,1747.0,1747.0,34,0.0,0.0
2024-05-29 14:35:00+09:00,1746.0,1746.0,1742.0,1742.0,6620,0.0,0.0
2024-05-29 14:40:00+09:00,1742.0,1743.0,1741.0,1741.0,2182,0.0,0.0
2024-05-29 14:45:00+09:00,1740.0,1740.0,1736.0,1736.0,5017,0.0,0.0
2024-05-29 14:50:00+09:00,1740.0,1740.0,1736.0,1740.0,0,0.0,0.0
2024-05-29 14:55:00+09:00,1740.0,1740.0,1737.0,1740.0,180,0.0,0.0
2024-05-30 09:00:00+09:00,1739.0,1742.0,1734.0,1734.0,7830,0.0,0.0
2024-05-30 09:05:00+09:00,1734.0,1744.0,1732.0,1744.0,900,0.0,0.0
2024-05-30 09:10:00+09:00,1735.0,1744.0,1735.0,1744.0,111,0.0,0.0
2024-05-30 09:15:00+09:00,1735.0,1744.0,1735.0,1743.0,1065,0.0,0.0
2024-05-30 09:20:00+09:00,1739.0,1744.0,1739.0,1744.0,228,0.0,0.0
2024-05-30 09:25:00+09:00,1744.0,1744.0,1740.0,1740.0,453,0.0,0.0
2024-05-30 09:30:00+09:00,1740.0,1740.0,1739.0,1740.0,15,0.0,0.0
2024-05-30 09:35:00+09:00,1740.0,1740.0,1738.0,1739.0,56,0.0,0.0
2024-05-30 09:40:00+09:00,1739.0,1739.0,1733.0,1737.0,1377,0.0,0.0
2024-05-30 09:45:00+09:00,1733.0,1736.0,1730.0,1730.0,6819,0.0,0.0
2024-05-30 09:50:00+09:00,1730.0,1732.0,1726.0,1732.0,3593,0.0,0.0
2024-05-30 09:55:00+09:00,1728.0,1731.0,1725.0,1725.0,3913,0.0,0.0
2024-05-30 10:00:00+09:00,1728.0,1728.0,1726.0,1728.0,720,0.0,0.0
2024-05-30 10:05:00+09:00,1728.0,1728.0,1726.0,1726.0,3097,0.0,0.0
2024-05-30 10:10:00+09:00,1728.0,1730.0,1728.0,1730.0,0,0.0,0.0
2024-05-30 10:15:00+09:00,1730.0,1730.0,1727.0,1727.0,121,0.0,0.0
2024-05-30 10:20:00+09:00,1727.0,1727.0,1726.0,1726.0,390,0.0,0.0
2024-05-30 10:25:00+09:00,1726.0,1726.0,1723.0,1723.0,1100,0.0,0.0
2024-05-30 10:30:00+09:00,1724.0,1730.0,1722.0,1730.0,1617,0.0,0.0
2024-05-30 10:35:00+09:00,1730.0,1732.0,1730.0,1732.0,882,0.0,0.0
2024-05-30 10:40:00+09:00,1732.0,1744.0,1732.0,1744.0,2505,0.0,0.0
2024-05-30 10:45:00+09:00,1738.0,1738.0,1723.0,1732.0,1580,0.0,0.0
2024-05-30 10:50:00+09:00,1734.0,1742.0,1734.0,1742.0,0,0.0,0.0
2024-05-30 10:55:00+09:00,1740.0,1742.0,1735.0,1742.0,6,0.0,0.0
2024-05-30 11:00:00+09:00,1739.0,1739.0,1739.0,1739.0,0,0.0,0.0
2024-05-30 11:10:00+09:00,1738.0,1738.0,1722.0,1730.0,7107,0.0,0.0
2024-05-30 11:15:00+09:00,1733.0,1733.0,1722.0,1730.0,5033,0.0,0.0
2024-05-30 11:20:00+09:00,1733.0,1737.0,1733.0,1737.0,460,0.0,0.0
2024-05-30 11:30:00+09:00,1734.0,1734.0,1730.0,1734.0,788,0.0,0.0
2024-05-30 11:35:00+09:00,1733.0,1735.0,1733.0,1735.0,96,0.0,0.0
2024-05-30 11:40:00+09:00,1735.0,1735.0,1731.0,1735.0,389,0.0,0.0
2024-05-30 11:45:00+09:00,1731.0,1735.0,1724.0,1735.0,2153,0.0,0.0
2024-05-30 11:50:00+09:00,1730.0,1732.0,1730.0,1732.0,1124,0.0,0.0
2024-05-30 11:55:00+09:00,1734.0,1734.0,1734.0,1734.0,0,0.0,0.0
2024-05-30 12:00:00+09:00,1735.0,1737.0,1732.0,1733.0,1740,0.0,0.0
2024-05-30 12:05:00+09:00,1733.0,1733.0,1733.0,1733.0,22,0.0,0.0
2024-05-30 12:10:00+09:00,1733.0,1733.0,1733.0,1733.0,12,0.0,0.0
2024-05-30 12:15:00+09:00,1733.0,1733.0,1733.0,1733.0,140,0.0,0.0
2024-05-30 12:20:00+09:00,1735.0,1735.0,1734.0,1735.0,222,0.0,0.0
2024-05-30 12:25:00+09:00,1734.0,1734.0,1734.0,1734.0,86,0.0,0.0
2024-05-30 12:30:00+09:00,1734.0,1735.0,1734.0,1735.0,165,0.0,0.0
2024-05-30 12:35:00+09:00,1735.0,1735.0,1723.0,1735.0,3033,0.0,0.0
2024-05-30 12:40:00+09:00,1735.0,1735.0,1735.0,1735.0,0,0.0,0.0
2024-05-30 12:45:00+09:00,1735.0,1741.0,1735.0,1741.0,1712,0.0,0.0
2024-05-30 12:50:00+09:00,1741.0,1741.0,1740.0,1741.0,4,0.0,0.0
2024-05-30 13:15:00+09:00,1740.0,1741.0,1740.0,1741.0,3,0.0,0.0
2024-05-30 13:20:00+09:00,1741.0,1741.0,1740.0,1740.0,1410,0.0,0.0
2024-05-30 13:25:00+09:00,1737.0,1740.0,1737.0,1740.0,801,0.0,0.0
2024-05-30 13:30:00+09:00,1738.0,1738.0,1734.0,1738.0,1012,0.0,0.0
2024-05-30 13:35:00+09:00,1734.0,1737.0,1728.0,1728.0,6161,0.0,0.0
2024-05-30 13:40:00+09:00,1728.0,1735.0,1723.0,1723.0,9952,0.0,0.0
2024-05-30 13:45:00+09:00,1733.0,1733.0,1733.0,1733.0,0,0.0,0.0
2024-05-30 13:50:00+09:00,1733.0,1733.0,1730.0,1730.0,570,0.0,0.0
2024-05-30 13:55:00+09:00,1726.0,1733.0,1723.0,1728.0,16450,0.0,0.0
2024-05-30 14:00:00+09:00,1727.0,1728.0,1727.0,1728.0,1187,0.0,0.0
2024-05-30 14:05:00+09:00,1728.0,1728.0,1724.0,1728.0,326,0.0,0.0
2024-05-30 14:10:00+09:00,1728.0,1728.0,1721.0,1721.0,25702,0.0,0.0
2024-05-30 14:15:00+09:00,1721.0,1726.0,1721.0,1726.0,0,0.0,0.0
2024-05-30 14:20:00+09:00,1725.0,1727.0,1722.0,1727.0,82,0.0,0.0
2024-05-30 14:25:00+09:00,1727.0,1728.0,1719.0,1720.0,5373,0.0,0.0
2024-05-30 14:30:00+09:00,1720.0,1727.0,1717.0,1727.0,14900,0.0,0.0
2024-05-30 14:35:00+09:00,1727.0,1727.0,1727.0,1727.0,55,0.0,0.0
2024-05-30 14:40:00+09:00,1727.0,1727.0,1725.0,1727.0,14,0.0,0.0
2024-05-30 14:45:00+09:00,1727.0,1727.0,1727.0,1727.0,8,0.0,0.0
2024-05-30 14:50:00+09:00,1727.0,1727.0,1723.0,1723.0,1422,0.0,0.0
2024-05-30 14:55:00+09:00,1723.0,1727.0,1721.0,1727.0,0,0.0,0.0
2024-05-31 09:00:00+09:00,1716.0,1730.0,1716.0,1730.0,3761,0.0,0.0
2024-05-31 09:05:00+09:00,1730.0,1730.0,1729.0,1730.0,34,0.0,0.0
2024-05-31 09:10:00+09:00,1729.0,1729.0,1726.0,1729.0,45,0.0,0.0
2024-05-31 09:15:00+09:00,1728.0,1729.0,1723.0,1728.0,1013,0.0,0.0
2024-05-31 09:20:00+09:00,1726.0,1729.0,1726.0,1729.0,1580,0.0,0.0
2024-05-31 09:25:00+09:00,1729.0,1744.0,1729.0,1740.0,10728,0.0,0.0
2024-05-31 09:30:00+09:00,1740.0,1742.0,1731.0,1742.0,0,0.0,0.0
2024-05-31 09:35:00+09:00,1734.0,1742.0,1727.0,1736.0,2648,0.0,0.0
2024-05-31 09:40:00+09:00,1736.0,1736.0,1728.0,1728.0,1195,0.0,0.0
2024-05-31 09:45:00+09:00,1728.0,1728.0,1724.0,1728.0,2755,0.0,0.0
2024-05-31 09:50:00+09:00,1728.0,1728.0,1724.0,1728.0,371,0.0,0.0
2024-05-31 09:55:00+09:00,1728.0,1728.0,1728.0,1728.0,314,0.0,0.0
2024-05-31 10:00:00+09:00,1728.0,1738.0,1728.0,1732.0,1727,0.0,0.0
2024-05-31 10:05:00+09:00,1732.0,1733.0,1732.0,1733.0,10,0.0,0.0
2024-05-31 10:10:00+09:00,1733.0,1733.0,1733.0,1733.0,752,0.0,0.0
2024-05-31 10:15:00+09:00,1732.0,1733.0,1732.0,1733.0,755,0.0,0.0
2024-05-31 10:20:00+09:00,1730.0,1734.0,1730.0,1734.0,156,0.0,0.0
2024-05-31 10:25:00+09:00,1734.0,1737.0,1734.0,1737.0,119,0.0,0.0
2024-05-31 10:30:00+09:00,1734.0,1740.0,1734.0,1740.0,3260,0.0,0.0
2024-05-31 10:35:00+09:00,1742.0,1742.0,1735.0,1740.0,0,0.0,0.0
2024-05-31 10:40:00+09:00,1734.0,1740.0,1734.0,1740.0,1,0.0,0.0
2024-05-31 10:45:00+09:00,1731.0,1740.0,1731.0,1740.0,323,0.0,0.0
2024-05-31 10:50:00+09:00,1731.0,1738.0,1724.0,1724.0,176,0.0,0.0
2024-05-31 10:55:00+09:00,1732.0,1738.0,1732.0,1738.0,2448,0.0,0.0
2024-05-31 11:00:00+09:00,1738.0,1738.0,1738.0,1738.0,974,0.0,0.0
2024-05-31 11:05:00+09:00,1739.0,1744.0,1739.0,1743.0,1152,0.0,0.0
2024-05-31 11:10:00+09:00,1736.0,1743.0,1736.0,1743.0,1679,0.0,0.0
2024-05-31 11:15:00+09:00,1743.0,1744.0,1743.0,1743.0,380,0.0,0.0
2024-05-31 11:25:00+09:00,1742.0,1750.0,1742.0,1750.0,7181,0.0,0.0
2024-05-31 11:30:00+09:00,1748.0,1750.0,1748.0,1750.0,495,0.0,0.0
2024-05-31 11:35:00+09:00,1749.0,1760.0,1749.0,1760.0,6807,0.0,0.0
2024-05-31 11:40:00+09:00,1758.0,1777.0,1758.0,1767.0,19868,0.0,0.0
2024-05-31 11:45:00+09:00,1766.0,1769.0,1762.0,1762.0,2599,0.0,0.0
2024-05-31 11:50:00+09:00,1762.0,1762.0,1754.0,1754.0,3125,0.0,0.0
2024-05-31 11:55:00+09:00,1753.0,1770.0,1750.0,1769.0,16283,0.0,0.0
2024-05-31 12:00:00+09:00,1769.0,1769.0,1762.0,1762.0,3973,0.0,0.0
2024-05-31 12:05:00+09:00,1763.0,1763.0,1763.0,1763.0,0,0.0,0.0
2024-05-31 12:15:00+09:00,1763.0,1766.0,1753.0,1760.0,1569,0.0,0.0
2024-05-31 12:20:00+09:00,1756.0,1758.0,1752.0,1757.0,3070,0.0,0.0
2024-05-31 12:25:00+09:00,1753.0,1762.0,1749.0,1762.0,4920,0.0,0.0
2024-05-31 12:30:00+09:00,1754.0,1762.0,1754.0,1762.0,1720,0.0,0.0
2024-05-31 12:35:00+09:00,1755.0,1756.0,1755.0,1756.0,52,0.0,0.0
2024-05-31 12:55:00+09:00,1754.0,1754.0,1754.0,1754.0,692,0.0,0.0
2024-05-31 13:05:00+09:00,1754.0,1754.0,1754.0,1754.0,9,0.0,0.0
2024-05-31 13:10:00+09:00,1753.0,1753.0,1753.0,1753.0,107,0.0,0.0
2024-05-31 13:15:00+09:00,1754.0,1754.0,1754.0,1754.0,633,0.0,0.0
2024-05-31 13:20:00+09:00,1754.0,1763.0,1754.0,1761.0,1314,0.0,0.0
2024-05-31 13:25:00+09:00,1759.0,1763.0,1759.0,1763.0,402,0.0,0.0
2024-05-31 13:30:00+09:00,1762.0,1765.0,1761.0,1765.0,1988,0.0,0.0
2024-05-31 13:35:00+09:00,1763.0,1763.0,1760.0,1762.0,356,0.0,0.0
2024-05-31 13:40:00+09:00,1759.0,1762.0,1758.0,1758.0,3110,0.0,0.0
2024-05-31 13:45:00+09:00,1760.0,1760.0,1760.0,1760.0,1,0.0,0.0
2024-05-31 13:50:00+09:00,1760.0,1762.0,1760.0,1762.0,21,0.0,0.0
2024-05-31 13:55:00+09:00,1760.0,1760.0,1760.0,1760.0,1,0.0,0.0
2024-05-31 14:00:00+09:00,1762.0,1762.0,1760.0,1762.0,762,0.0,0.0
2024-05-31 14:05:00+09:00,1761.0,1762.0,1761.0,1762.0,12,0.0,0.0
2024-05-31 14:10:00+09:00,1762.0,1762.0,1762.0,1762.0,3,0.0,0.0
2024-05-31 14:20:00+09:00,1760.0,1763.0,1760.0,1763.0,5100,0.0,0.0
2024-05-31 14:25:00+09:00,1765.0,1767.0,1765.0,1767.0,0,0.0,0.0
2024-05-31 14:30:00+09:00,1764.0,1766.0,1760.0,1763.0,134122,0.0,0.0
2024-05-31 14:35:00+09:00,1762.0,1764.0,1762.0,1763.0,2562,0.0,0.0
2024-05-31 14:40:00+09:00,1764.0,1768.0,1764.0,1766.0,2063,0.0,0.0
2024-05-31 14:45:00+09:00,1763.0,1766.0,1763.0,1766.0,4100,0.0,0.0
2024-05-31 14:50:00+09:00,1765.0,1769.0,1757.0,1758.0,27037,0.0,0.0
2024-05-31 14:55:00+09:00,1769.0,1769.0,1759.0,1769.0,0,0.0,0.0
2024-06-03 09:00:00+09:00,1762.0,1779.0,1762.0,1764.0,0,0.0,0.0
2024-06-03 09:05:00+09:00,1765.0,1777.0,1762.0,1777.0,653,0.0,0.0
2024-06-03 09:10:00+09:00,1777.0,1777.0,1760.0,1771.0,3245,0.0,0.0
2024-06-03 09:15:00+09:00,1772.0,1772.0,1755.0,1767.0,8568,0.0,0.0
2024-06-03 09:20:00+09:00,1768.0,1778.0,1768.0,1776.0,16169,0.0,0.0
2024-06-03 09:25:00+09:00,1775.0,1788.0,1775.0,1787.0,10309,0.0,0.0
2024-06-03 09:30:00+09:00,1787.0,1798.0,1785.0,1791.0,13673,0.0,0.0
2024-06-03 09:35:00+09:00,1789.0,1789.0,1789.0,1789.0,304,0.0,0.0
2024-06-03 09:40:00+09:00,1789.0,1789.0,1784.0,1784.0,1686,0.0,0.0
2024-06-03 09:45:00+09:00,1788.0,1788.0,1780.0,1783.0,3067,0.0,0.0
2024-06-03 09:50:00+09:00,1783.0,1783.0,1783.0,1783.0,29,0.0,0.0
2024-06-03 09:55:00+09:00,1783.0,1784.0,1783.0,1784.0,803,0.0,0.0
2024-06-03 10:00:00+09:00,1784.0,1785.0,1781.0,1781.0,723,0.0,0.0
2024-06-03 10:05:00+09:00,1785.0,1786.0,1782.0,1785.0,6045,0.0,0.0
2024-06-03 10:10:00+09:00,1779.0,1782.0,1779.0,1782.0,325,0.0,0.0
2024-06-03 10:15:00+09:00,1783.0,1785.0,1780.0,1780.0,3349,0.0,0.0
2024-06-03 10:20:00+09:00,1780.0,1785.0,1775.0,1777.0,4941,0.0,0.0
2024-06-03 10:25:00+09:00,1784.0,1785.0,1780.0,1784.0,2279,0.0,0.0
2024-06-03 10:30:00+09:00,1783.0,1786.0,1783.0,1784.0,74,0.0,0.0
2024-06-03 10:35:00+09:00,1784.0,1786.0,1784.0,1786.0,419,0.0,0.0
2024-06-03 10:40:00+09:00,1785.0,1786.0,1782.0,1786.0,912,0.0,0.0
2024-06-03 10:45:00+09:00,1785.0,1786.0,1785.0,1786.0,80,0.0,0.0
2024-06-03 10:50:00+09:00,1783.0,1786.0,1783.0,1786.0,0,0.0,0.0
2024-06-03 10:55:00+09:00,1787.0,1788.0,1770.0,1788.0,4474,0.0,0.0
2024-06-03 11:00:00+09:00,1773.0,1787.0,1773.0,1787.0,1216,0.0,0.0
2024-06-03 11:05:00+09:00,1783.0,1787.0,1782.0,1782.0,710,0.0,0.0
2024-06-03 11:10:00+09:00,1783.0,1796.0,1783.0,1796.0,12744,0.0,0.0
2024-06-03 11:15:00+09:00,1785.0,1792.0,1780.0,1785.0,6504,0.0,0.0
2024-06-03 11:20:00+09:00,1788.0,1788.0,1788.0,1788.0,19,0.0,0.0
2024-06-03 11:25:00+09:00,1788.0,1788.0,1782.0,1783.0,762,0.0,0.0
2024-06-03 11:30:00+09:00,1783.0,1784.0,1783.0,1784.0,120,0.0,0.0
2024-06-03 11:35:00+09:00,1785.0,1786.0,1784.0,1784.0,8415,0.0,0.0
2024-06-03 11:40:00+09:00,1784.0,1787.0,1782.0,1784.0,6748,0.0,0.0
2024-06-03 11:45:00+09:00,1784.0,1788.0,1784.0,1788.0,3915,0.0,0.0
2024-06-03 11:50:00+09:00,1793.0,1793.0,1784.0,1784.0,1495,0.0,0.0
2024-06-03 11:55:00+09:00,1785.0,1794.0,1785.0,1793.0,7607,0.0,0.0
2024-06-03 12:00:00+09:00,1789.0,1790.0,1789.0,1790.0,79,0.0,0.0
2024-06-03 12:05:00+09:00,1790.0,1792.0,1790.0,1792.0,694,0.0,0.0
2024-06-03 12:10:00+09:00,1791.0,1791.0,1786.0,1789.0,2311,0.0,0.0
2024-06-03 12:15:00+09:00,1784.0,1784.0,1775.0,1784.0,1502,0.0,0.0
2024-06-03 12:20:00+09:00,1784.0,1784.0,1781.0,1784.0,1169,0.0,0.0
2024-06-03 12:25:00+09:00,1782.0,1785.0,1782.0,1785.0,1825,0.0,0.0
2024-06-03 12:30:00+09:00,1780.0,1780.0,1780.0,1780.0,3309,0.0,0.0
2024-06-03 12:35:00+09:00,1780.0,1780.0,1780.0,1780.0,1100,0.0,0.0
2024-06-03 12:40:00+09:00,1780.0,1780.0,1780.0,1780.0,2650,0.0,0.0
2024-06-03 12:45:00+09:00,1780.0,1784.0,1780.0,1784.0,2681,0.0,0.0
2024-06-03 12:50:00+09:00,1783.0,1783.0,1783.0,1783.0,699,0.0,0.0
2024-06-03 12:55:00+09:00,1783.0,1785.0,1783.0,1785.0,38,0.0,0.0
2024-06-03 13:00:00+09:00,1785.0,1789.0,1785.0,1789.0,1234,0.0,0.0
2024-06-03 13:05:00+09:00,1789.0,1794.0,1789.0,1793.0,2847,0.0,0.0
2024-06-03 13:15:00+09:00,1790.0,1794.0,1790.0,1794.0,833,0.0,0.0
2024-06-03 13:20:00+09:00,1791.0,1792.0,1786.0,1787.0,1355,0.0,0.0
2024-06-03 13:25:00+09:00,1789.0,1791.0,1789.0,1791.0,663,0.0,0.0
2024-06-03 13:30:00+09:00,1791.0,1791.0,1787.0,1790.0,333,0.0,0.0
2024-06-03 13:35:00+09:00,1790.0,1790.0,1790.0,1790.0,72,0.0,0.0
2024-06-03 13:40:00+09:00,1790.0,1791.0,1787.0,1787.0,859,0.0,0.0
2024-06-03 13:45:00+09:00,1790.0,1792.0,1790.0,1792.0,244,0.0,0.0
2024-06-03 13:50:00+09:00,1788.0,1791.0,1788.0,1788.0,1005,0.0,0.0
2024-06-03 13:55:00+09:00,1788.0,1790.0,1788.0,1790.0,0,0.0,0.0
2024-06-03 14:00:00+09:00,1790.0,1790.0,1790.0,1790.0,15,0.0,0.0
2024-06-03 14:05:00+09:00,1789.0,1790.0,1787.0,1790.0,208,0.0,0.0
2024-06-03 14:20:00+09:00,1790.0,1790.0,1790.0,1790.0,227,0.0,0.0
2024-06-03 14:30:00+09:00,1790.0,1790.0,1790.0,1790.0,10,0.0,0.0
2024-06-03 14:35:00+09:00,1788.0,1789.0,1788.0,1788.0,151,0.0,0.0
2024-06-03 14:45:00+09:00,1787.0,1787.0,1786.0,1786.0,5310,0.0,0.0
2024-06-03 14:50:00+09:00,1786.0,1788.0,1786.0,1788.0,0,0.0,0.0
2024-06-03 14:55:00+09:00,1787.0,1787.0,1786.0,1786.0,4053,0.0,0.0
2024-06-04 09:00:00+09:00,1778.0,1785.0,1730.0,1757.0,37568,0.0,0.0
2024-06-04 09:05:00+09:00,1757.0,1767.0,1743.0,1767.0,2354,0.0,0.0
2024-06-04 09:10:00+09:00,1767.0,1774.0,1767.0,1772.0,1172,0.0,0.0
2024-06-04 09:15:00+09:00,1772.0,1773.0,1768.0,1768.0,2926,0.0,0.0
2024-06-04 09:20:00+09:00,1772.0,1772.0,1746.0,1765.0,6736,0.0,0.0
2024-06-04 09:25:00+09:00,1760.0,1760.0,1754.0,1760.0,391,0.0,0.0
2024-06-04 09:30:00+09:00,1760.0,1762.0,1750.0,1762.0,717,0.0,0.0
2024-06-04 09:35:00+09:00,1762.0,1764.0,1751.0,1764.0,502,0.0,0.0
2024-06-04 09:40:00+09:00,1763.0,1764.0,1761.0,1762.0,43,0.0,0.0
2024-06-04 09:45:00+09:00,1762.0,1768.0,1760.0,1768.0,3902,0.0,0.0
2024-06-04 09:50:00+09:00,1767.0,1767.0,1766.0,1766.0,109,0.0,0.0
2024-06-04 09:55:00+09:00,1760.0,1766.0,1759.0,1760.0,2050,0.0,0.0
2024-06-04 10:05:00+09:00,1766.0,1766.0,1760.0,1765.0,56,0.0,0.0
2024-06-04 10:10:00+09:00,1760.0,1765.0,1760.0,1765.0,814,0.0,0.0
2024-06-04 10:15:00+09:00,1760.0,1765.0,1760.0,1765.0,1500,0.0,0.0
2024-06-04 10:20:00+09:00,1764.0,1764.0,1764.0,1764.0,1075,0.0,0.0
2024-06-04 10:25:00+09:00,1763.0,1766.0,1763.0,1766.0,3697,0.0,0.0
2024-06-04 10:30:00+09:00,1766.0,1766.0,1759.0,1759.0,5484,0.0,0.0
2024-06-04 10:35:00+09:00,1766.0,1766.0,1766.0,1766.0,0,0.0,0.0
2024-06-04 10:40:00+09:00,1760.0,1760.0,1758.0,1758.0,1135,0.0,0.0
2024-06-04 10:45:00+09:00,1760.0,1766.0,1757.0,1766.0,4994,0.0,0.0
2024-06-04 10:50:00+09:00,1765.0,1766.0,1765.0,1766.0,1237,0.0,0.0
2024-06-04 10:55:00+09:00,1766.0,1766.0,1766.0,1766.0,0,0.0,0.0
2024-06-04 11:05:00+09:00,1761.0,1766.0,1761.0,1766.0,53,0.0,0.0
2024-06-04 11:15:00+09:00,1766.0,1766.0,1766.0,1766.0,373,0.0,0.0
2024-06-04 11:20:00+09:00,1766.0,1766.0,1760.0,1760.0,596,0.0,0.0
2024-06-04 11:25:00+09:00,1760.0,1760.0,1756.0,1756.0,1863,0.0,0.0
2024-06-04 11:30:00+09:00,1756.0,1768.0,1756.0,1768.0,0,0.0,0.0
2024-06-04 11:35:00+09:00,1757.0,1764.0,1756.0,1764.0,502,0.0,0.0
2024-06-04 11:40:00+09:00,1764.0,1772.0,1764.0,1772.0,10000,0.0,0.0
2024-06-04 11:45:00+09:00,1761.0,1764.0,1761.0,1764.0,406,0.0,0.0
2024-06-04 11:50:00+09:00,1761.0,1764.0,1761.0,1764.0,348,0.0,0.0
2024-06-04 11:55:00+09:00,1761.0,1764.0,1760.0,1764.0,1006,0.0,0.0
2024-06-04 12:00:00+09:00,1764.0,1764.0,1764.0,1764.0,48,0.0,0.0
2024-06-04 12:05:00+09:00,1771.0,1774.0,1771.0,1774.0,247,0.0,0.0
2024-06-04 12:10:00+09:00,1773.0,1774.0,1773.0,1774.0,499,0.0,0.0
2024-06-04 12:20:00+09:00,1774.0,1774.0,1764.0,1768.0,2308,0.0,0.0
2024-06-04 12:30:00+09:00,1764.0,1764.0,1760.0,1763.0,321,0.0,0.0
2024-06-04 12:35:00+09:00,1763.0,1765.0,1760.0,1765.0,418,0.0,0.0
2024-06-04 12:40:00+09:00,1765.0,1765.0,1765.0,1765.0,19,0.0,0.0
2024-06-04 12:45:00+09:00,1765.0,1765.0,1765.0,1765.0,419,0.0,0.0
2024-06-04 12:55:00+09:00,1765.0,1773.0,1765.0,1773.0,781,0.0,0.0
2024-06-04 13:00:00+09:00,1766.0,1766.0,1757.0,1766.0,799,0.0,0.0
2024-06-04 13:10:00+09:00,1766.0,1773.0,1766.0,1773.0,53,0.0,0.0
2024-06-04 13:15:00+09:00,1773.0,1773.0,1772.0,1772.0,1003,0.0,0.0
2024-06-04 13:30:00+09:00,1762.0,1772.0,1761.0,1772.0,523,0.0,0.0
2024-06-04 13:35:00+09:00,1770.0,1770.0,1770.0,1770.0,6,0.0,0.0
2024-06-04 13:40:00+09:00,1771.0,1771.0,1762.0,1767.0,12,0.0,0.0
2024-06-04 13:45:00+09:00,1767.0,1767.0,1762.0,1762.0,210,0.0,0.0
2024-06-04 13:50:00+09:00,1767.0,1767.0,1767.0,1767.0,0,0.0,0.0
2024-06-04 13:55:00+09:00,1768.0,1769.0,1768.0,1768.0,606,0.0,0.0
2024-06-04 14:00:00+09:00,1769.0,1769.0,1762.0,1769.0,1126,0.0,0.0
2024-06-04 14:10:00+09:00,1762.0,1769.0,1760.0,1769.0,2301,0.0,0.0
2024-06-04 14:15:00+09:00,1760.0,1769.0,1760.0,1769.0,302,0.0,0.0
2024-06-04 14:20:00+09:00,1769.0,1769.0,1769.0,1769.0,9,0.0,0.0
2024-06-04 14:25:00+09:00,1769.0,1769.0,1769.0,1769.0,15,0.0,0.0
2024-06-04 14:30:00+09:00,1760.0,1760.0,1759.0,1759.0,329,0.0,0.0
2024-06-04 14:35:00+09:00,1769.0,1769.0,1769.0,1769.0,3,0.0,0.0
2024-06-04 14:40:00+09:00,1759.0,1759.0,1759.0,1759.0,2105,0.0,0.0
2024-06-04 14:45:00+09:00,1769.0,1769.0,1758.0,1762.0,5204,0.0,0.0
2024-06-04 14:50:00+09:00,1761.0,1761.0,1757.0,1761.0,7591,0.0,0.0
2024-06-04 14:55:00+09:00,1761.0,1761.0,1761.0,1761.0,588,0.0,0.0
2024-06-05 09:00:00+09:00,1762.0,1768.0,1755.0,1768.0,3817,0.0,0.0
2024-06-05 09:05:00+09:00,1756.0,1767.0,1756.0,1767.0,523,0.0,0.0
2024-06-05 09:10:00+09:00,1759.0,1768.0,1758.0,1758.0,14,0.0,0.0
2024-06-05 09:15:00+09:00,1757.0,1768.0,1752.0,1753.0,4325,0.0,0.0
2024-06-05 09:20:00+09:00,1752.0,1757.0,1748.0,1756.0,8399,0.0,0.0
2024-06-05 09:25:00+09:00,1756.0,1756.0,1747.0,1748.0,5541,0.0,0.0
2024-06-05 09:30:00+09:00,1748.0,1749.0,1746.0,1746.0,1330,0.0,0.0
2024-06-05 09:35:00+09:00,1749.0,1749.0,1745.0,1745.0,7618,0.0,0.0
2024-06-05 09:40:00+09:00,1749.0,1749.0,1737.0,1737.0,19881,0.0,0.0
2024-06-05 09:45:00+09:00,1736.0,1738.0,1735.0,1735.0,2939,0.0,0.0
2024-06-05 09:50:00+09:00,1736.0,1736.0,1736.0,1736.0,2177,0.0,0.0
2024-06-05 09:55:00+09:00,1736.0,1739.0,1736.0,1739.0,1344,0.0,0.0
2024-06-05 10:00:00+09:00,1739.0,1745.0,1739.0,1743.0,3209,0.0,0.0
2024-06-05 10:05:00+09:00,1742.0,1742.0,1740.0,1740.0,601,0.0,0.0
2024-06-05 10:10:00+09:00,1744.0,1744.0,1744.0,1744.0,1077,0.0,0.0
2024-06-05 10:15:00+09:00,1740.0,1740.0,1738.0,1738.0,2859,0.0,0.0
2024-06-05 10:20:00+09:00,1740.0,1749.0,1738.0,1740.0,1860,0.0,0.0
2024-06-05 10:25:00+09:00,1739.0,1739.0,1736.0,1739.0,3586,0.0,0.0
2024-06-05 10:30:00+09:00,1739.0,1739.0,1739.0,1739.0,105,0.0,0.0
2024-06-05 10:35:00+09:00,1739.0,1739.0,1738.0,1739.0,6275,0.0,0.0
2024-06-05 10:40:00+09:00,1743.0,1743.0,1739.0,1739.0,0,0.0,0.0
2024-06-05 10:45:00+09:00,1743.0,1743.0,1743.0,1743.0,2,0.0,0.0
2024-06-05 10:50:00+09:00,1743.0,1743.0,1743.0,1743.0,249,0.0,0.0
2024-06-05 10:55:00+09:00,1741.0,1742.0,1740.0,1742.0,1059,0.0,0.0
2024-06-05 11:00:00+09:00,1742.0,1743.0,1742.0,1743.0,721,0.0,0.0
2024-06-05 11:05:00+09:00,1743.0,1749.0,1741.0,1741.0,3288,0.0,0.0
2024-06-05 11:10:00+09:00,1740.0,1743.0,1740.0,1743.0,0,0.0,0.0
2024-06-05 11:15:00+09:00,1741.0,1742.0,1741.0,1741.0,950,0.0,0.0
2024-06-05 11:20:00+09:00,1740.0,1744.0,1740.0,1744.0,2172,0.0,0.0
2024-06-05 11:25:00+09:00,1744.0,1768.0,1744.0,1760.0,3042,0.0,0.0
2024-06-05 11:30:00+09:00,1749.0,1750.0,1741.0,1750.0,3595,0.0,0.0
2024-06-05 11:35:00+09:00,1750.0,1750.0,1743.0,1745.0,1223,0.0,0.0
2024-06-05 11:50:00+09:00,1742.0,1745.0,1742.0,1745.0,171,0.0,0.0
2024-06-05 11:55:00+09:00,1745.0,1751.0,1745.0,1751.0,12370,0.0,0.0
2024-06-05 12:00:00+09:00,1751.0,1763.0,1751.0,1763.0,3558,0.0,0.0
2024-06-05 12:05:00+09:00,1763.0,1764.0,1754.0,1759.0,5069,0.0,0.0
2024-06-05 12:10:00+09:00,1755.0,1759.0,1755.0,1758.0,772,0.0,0.0
2024-06-05 12:15:00+09:00,1758.0,1758.0,1758.0,1758.0,282,0.0,0.0
2024-06-05 12:20:00+09:00,1758.0,1758.0,1758.0,1758.0,20,0.0,0.0
2024-06-05 12:25:00+09:00,1758.0,1758.0,1758.0,1758.0,0,0.0,0.0
2024-06-05 12:30:00+09:00,1758.0,1758.0,1758.0,1758.0,3,0.0,0.0
2024-06-05 12:35:00+09:00,1757.0,1763.0,1757.0,1763.0,1136,0.0,0.0
2024-06-05 12:40:00+09:00,1759.0,1759.0,1754.0,1754.0,72,0.0,0.0
2024-06-05 12:45:00+09:00,1758.0,1758.0,1758.0,1758.0,61,0.0,0.0
2024-06-05 12:50:00+09:00,1758.0,1758.0,1758.0,1758.0,2,0.0,0.0
2024-06-05 13:00:00+09:00,1754.0,1757.0,1754.0,1757.0,236,0.0,0.0
2024-06-05 13:05:00+09:00,1757.0,1757.0,1757.0,1757.0,120,0.0,0.0
2024-06-05 13:10:00+09:00,1754.0,1754.0,1754.0,1754.0,150,0.0,0.0
2024-06-05 13:15:00+09:00,1756.0,1756.0,1752.0,1752.0,1889,0.0,0.0
2024-06-05 13:20:00+09:00,1754.0,1754.0,1754.0,1754.0,0,0.0,0.0
2024-06-05 13:25:00+09:00,1754.0,1754.0,1754.0,1754.0,102,0.0,0.0
2024-06-05 13:30:00+09:00,1757.0,1757.0,1753.0,1756.0,350,0.0,0.0
2024-06-05 13:35:00+09:00,1753.0,1754.0,1750.0,1753.0,2432,0.0,0.0
2024-06-05 13:40:00+09:00,1753.0,1753.0,1753.0,1753.0,299,0.0,0.0
2024-06-05 13:45:00+09:00,1753.0,1755.0,1753.0,1755.0,1181,0.0,0.0
2024-06-05 13:50:00+09:00,1751.0,1754.0,1750.0,1754.0,2542,0.0,0.0
2024-06-05 13:55:00+09:00,1752.0,1752.0,1749.0,1752.0,757,0.0,0.0
2024-06-05 14:00:00+09:00,1749.0,1753.0,1749.0,1753.0,184,0.0,0.0
2024-06-05 14:10:00+09:00,1753.0,1753.0,1753.0,1753.0,1,0.0,0.0
2024-06-05 14:25:00+09:00,1751.0,1751.0,1750.0,1750.0,110,0.0,0.0
2024-06-05 14:30:00+09:00,1749.0,1751.0,1749.0,1751.0,217,0.0,0.0
2024-06-05 14:35:00+09:00,1749.0,1749.0,1749.0,1749.0,2206,0.0,0.0
2024-06-05 14:40:00+09:00,1751.0,1751.0,1751.0,1751.0,0,0.0,0.0
2024-06-05 14:45:00+09:00,1750.0,1750.0,1750.0,1750.0,2,0.0,0.0
2024-06-05 14:50:00+09:00,1750.0,1751.0,1741.0,1751.0,7461,0.0,0.0
2024-06-05 14:55:00+09:00,1746.0,1751.0,1746.0,1751.0,785,0.0,0.0
2024-06-07 09:00:00+09:00,1751.0,1754.0,1748.0,1754.0,0,0.0,0.0
2024-06-07 09:05:00+09:00,1760.0,1760.0,1749.0,1760.0,936,0.0,0.0
2024-06-07 09:10:00+09:00,1750.0,1760.0,1750.0,1759.0,280,0.0,0.0
2024-06-07 09:15:00+09:00,1750.0,1759.0,1750.0,1750.0,2384,0.0,0.0
2024-06-07 09:20:00+09:00,1750.0,1751.0,1750.0,1751.0,0,0.0,0.0
2024-06-07 09:25:00+09:00,1751.0,1759.0,1749.0,1752.0,12989,0.0,0.0
2024-06-07 09:30:00+09:00,1752.0,1757.0,1752.0,1756.0,169,0.0,0.0
2024-06-07 09:35:00+09:00,1756.0,1758.0,1756.0,1758.0,420,0.0,0.0
2024-06-07 09:40:00+09:00,1758.0,1758.0,1758.0,1758.0,282,0.0,0.0
2024-06-07 09:45:00+09:00,1759.0,1759.0,1759.0,1759.0,0,0.0,0.0
2024-06-07 09:50:00+09:00,1759.0,1767.0,1759.0,1761.0,2022,0.0,0.0
2024-06-07 09:55:00+09:00,1761.0,1762.0,1761.0,1761.0,418,0.0,0.0
2024-06-07 10:00:00+09:00,1763.0,1763.0,1763.0,1763.0,0,0.0,0.0
2024-06-07 10:10:00+09:00,1763.0,1763.0,1763.0,1763.0,123,0.0,0.0
2024-06-07 10:15:00+09:00,1763.0,1774.0,1763.0,1774.0,5381,0.0,0.0
2024-06-07 10:20:00+09:00,1774.0,1774.0,1774.0,1774.0,967,0.0,0.0
2024-06-07 10:25:00+09:00,1773.0,1773.0,1770.0,1770.0,2019,0.0,0.0
2024-06-07 10:30:00+09:00,1770.0,1770.0,1770.0,1770.0,0,0.0,0.0
2024-06-07 10:35:00+09:00,1768.0,1768.0,1751.0,1762.0,5206,0.0,0.0
2024-06-07 10:40:00+09:00,1761.0,1761.0,1757.0,1757.0,968,0.0,0.0
2024-06-07 10:45:00+09:00,1758.0,1760.0,1758.0,1760.0,493,0.0,0.0
2024-06-07 10:50:00+09:00,1760.0,1763.0,1760.0,1763.0,1347,0.0,0.0
2024-06-07 10:55:00+09:00,1761.0,1763.0,1761.0,1763.0,0,0.0,0.0
2024-06-07 11:00:00+09:00,1763.0,1763.0,1760.0,1760.0,2283,0.0,0.0
2024-06-07 11:05:00+09:00,1760.0,1761.0,1760.0,1761.0,0,0.0,0.0
2024-06-07 11:10:00+09:00,1761.0,1761.0,1761.0,1761.0,0,0.0,0.0
2024-06-07 11:15:00+09:00,1761.0,1761.0,1761.0,1761.0,10,0.0,0.0
2024-06-07 11:20:00+09:00,1759.0,1760.0,1753.0,1753.0,3197,0.0,0.0
2024-06-07 11:25:00+09:00,1756.0,1757.0,1753.0,1753.0,1842,0.0,0.0
2024-06-07 11:30:00+09:00,1755.0,1756.0,1752.0,1756.0,1195,0.0,0.0
2024-06-07 11:35:00+09:00,1752.0,1757.0,1752.0,1757.0,2149,0.0,0.0
2024-06-07 12:00:00+09:00,1754.0,1754.0,1752.0,1754.0,1407,0.0,0.0
2024-06-07 12:10:00+09:00,1754.0,1754.0,1754.0,1754.0,3004,0.0,0.0
2024-06-07 12:15:00+09:00,1755.0,1770.0,1755.0,1766.0,4830,0.0,0.0
2024-06-07 12:20:00+09:00,1766.0,1770.0,1757.0,1757.0,6604,0.0,0.0
2024-06-07 12:25:00+09:00,1759.0,1760.0,1751.0,1759.0,4970,0.0,0.0
2024-06-07 12:30:00+09:00,1759.0,1759.0,1759.0,1759.0,2,0.0,0.0
2024-06-07 12:35:00+09:00,1759.0,1766.0,1758.0,1763.0,1040,0.0,0.0
2024-06-07 12:40:00+09:00,1763.0,1770.0,1763.0,1770.0,2565,0.0,0.0
2024-06-07 12:45:00+09:00,1765.0,1765.0,1765.0,1765.0,0,0.0,0.0
2024-06-07 12:55:00+09:00,1764.0,1765.0,1761.0,1761.0,1988,0.0,0.0
2024-06-07 13:00:00+09:00,1765.0,1765.0,1762.0,1763.0,704,0.0,0.0
2024-06-07 13:05:00+09:00,1761.0,1761.0,1757.0,1757.0,345,0.0,0.0
2024-06-07 13:10:00+09:00,1760.0,1762.0,1755.0,1762.0,1717,0.0,0.0
2024-06-07 13:15:00+09:00,1762.0,1762.0,1762.0,1762.0,19,0.0,0.0
2024-06-07 13:20:00+09:00,1759.0,1759.0,1755.0,1755.0,1705,0.0,0.0
2024-06-07 13:25:00+09:00,1753.0,1759.0,1753.0,1756.0,6469,0.0,0.0
2024-06-07 13:40:00+09:00,1756.0,1756.0,1756.0,1756.0,9,0.0,0.0
2024-06-07 13:45:00+09:00,1756.0,1756.0,1752.0,1752.0,1135,0.0,0.0
2024-06-07 13:50:00+09:00,1754.0,1755.0,1751.0,1751.0,2758,0.0,0.0
2024-06-07 13:55:00+09:00,1755.0,1756.0,1751.0,1756.0,1807,0.0,0.0
2024-06-07 14:00:00+09:00,1754.0,1760.0,1754.0,1760.0,76,0.0,0.0
2024-06-07 14:05:00+09:00,1751.0,1751.0,1751.0,1751.0,6,0.0,0.0
2024-06-07 14:10:00+09:00,1755.0,1765.0,1755.0,1764.0,658,0.0,0.0
2024-06-07 14:15:00+09:00,1762.0,1764.0,1750.0,1756.0,2911,0.0,0.0
2024-06-07 14:20:00+09:00,1753.0,1770.0,1752.0,1752.0,2435,0.0,0.0
2024-06-07 14:25:00+09:00,1755.0,1755.0,1755.0,1755.0,9,0.0,0.0
2024-06-07 14:30:00+09:00,1755.0,1757.0,1755.0,1757.0,385,0.0,0.0
2024-06-07 14:35:00+09:00,1757.0,1758.0,1755.0,1758.0,32,0.0,0.0
2024-06-07 14:40:00+09:00,1758.0,1758.0,1758.0,1758.0,19,0.0,0.0
2024-06-07 14:50:00+09:00,1758.0,1758.0,1758.0,1758.0,27,0.0,0.0
2024-06-07 14:55:00+09:00,1758.0,1758.0,1758.0,1758.0,0,0.0,0.0
2024-06-10 09:00:00+09:00,1770.0,1770.0,1742.0,1766.0,0,0.0,0.0
2024-06-10 09:05:00+09:00,1766.0,1766.0,1765.0,1765.0,70,0.0,0.0
2024-06-10 09:10:00+09:00,1759.0,1759.0,1748.0,1749.0,2200,0.0,0.0
2024-06-10 09:15:00+09:00,1757.0,1757.0,1750.0,1753.0,0,0.0,0.0
2024-06-10 09:20:00+09:00,1753.0,1757.0,1753.0,1754.0,2007,0.0,0.0
2024-06-10 09:25:00+09:00,1754.0,1759.0,1754.0,1759.0,4399,0.0,0.0
2024-06-10 09:30:00+09:00,1756.0,1759.0,1755.0,1759.0,1243,0.0,0.0
2024-06-10 09:35:00+09:00,1759.0,1789.0,1759.0,1789.0,9856,0.0,0.0
2024-06-10 09:40:00+09:00,1788.0,1790.0,1788.0,1790.0,8019,0.0,0.0
2024-06-10 09:45:00+09:00,1790.0,1802.0,1790.0,1802.0,10636,0.0,0.0
2024-06-10 09:50:00+09:00,1802.0,1809.0,1798.0,1807.0,3238,0.0,0.0
2024-06-10 09:55:00+09:00,1804.0,1805.0,1785.0,1800.0,3936,0.0,0.0
2024-06-10 10:00:00+09:00,1800.0,1806.0,1796.0,1802.0,14295,0.0,0.0
2024-06-10 10:05:00+09:00,1802.0,1806.0,1802.0,1802.0,5600,0.0,0.0
2024-06-10 10:10:00+09:00,1802.0,1802.0,1798.0,1802.0,395,0.0,0.0
2024-06-10 10:15:00+09:00,1802.0,1802.0,1802.0,1802.0,2861,0.0,0.0
2024-06-10 10:20:00+09:00,1803.0,1803.0,1800.0,1800.0,0,0.0,0.0
2024-06-10 10:25:00+09:00,1801.0,1808.0,1800.0,1807.0,11309,0.0,0.0
2024-06-10 10:30:00+09:00,1808.0,1808.0,1804.0,1804.0,2091,0.0,0.0
2024-06-10 10:35:00+09:00,1803.0,1807.0,1803.0,1807.0,4656,0.0,0.0
2024-06-10 10:40:00+09:00,1807.0,1807.0,1806.0,1806.0,263,0.0,0.0
2024-06-10 10:45:00+09:00,1806.0,1807.0,1805.0,1806.0,3062,0.0,0.0
2024-06-10 10:50:00+09:00,1805.0,1806.0,1804.0,1806.0,4349,0.0,0.0
2024-06-10 10:55:00+09:00,1806.0,1810.0,1805.0,1810.0,2660,0.0,0.0
2024-06-10 11:00:00+09:00,1810.0,1816.0,1810.0,1813.0,6726,0.0,0.0
2024-06-10 11:05:00+09:00,1813.0,1815.0,1813.0,1815.0,1813,0.0,0.0
2024-06-10 11:10:00+09:00,1815.0,1815.0,1815.0,1815.0,387,0.0,0.0
2024-06-10 11:15:00+09:00,1814.0,1814.0,1807.0,1807.0,2476,0.0,0.0
2024-06-10 11:20:00+09:00,1807.0,1807.0,1807.0,1807.0,0,0.0,0.0
2024-06-10 11:25:00+09:00,1807.0,1807.0,1804.0,1805.0,7919,0.0,0.0
2024-06-10 11:30:00+09:00,1805.0,1805.0,1804.0,1805.0,1510,0.0,0.0
2024-06-10 11:35:00+09:00,1805.0,1806.0,1805.0,1805.0,451,0.0,0.0
2024-06-10 11:40:00+09:00,1805.0,1805.0,1804.0,1804.0,723,0.0,0.0
2024-06-10 11:45:00+09:00,1804.0,1805.0,1804.0,1805.0,3971,0.0,0.0
2024-06-10 11:50:00+09:00,1806.0,1806.0,1806.0,1806.0,64,0.0,0.0
2024-06-10 12:00:00+09:00,1805.0,1805.0,1805.0,1805.0,1107,0.0,0.0
2024-06-10 12:05:00+09:00,1805.0,1805.0,1802.0,1805.0,3689,0.0,0.0
2024-06-10 12:10:00+09:00,1803.0,1805.0,1803.0,1805.0,23,0.0,0.0
2024-06-10 12:15:00+09:00,1803.0,1805.0,1803.0,1805.0,13,0.0,0.0
2024-06-10 12:20:00+09:00,1805.0,1805.0,1803.0,1804.0,727,0.0,0.0
2024-06-10 12:25:00+09:00,1805.0,1806.0,1805.0,1806.0,345,0.0,0.0
2024-06-10 12:30:00+09:00,1804.0,1804.0,1801.0,1801.0,9160,0.0,0.0
2024-06-10 12:35:00+09:00,1800.0,1800.0,1800.0,1800.0,856,0.0,0.0
2024-06-10 12:40:00+09:00,1799.0,1800.0,1789.0,1790.0,7629,0.0,0.0
2024-06-10 12:45:00+09:00,1790.0,1790.0,1787.0,1787.0,1611,0.0,0.0
2024-06-10 12:50:00+09:00,1792.0,1792.0,1792.0,1792.0,0,0.0,0.0
2024-06-10 12:55:00+09:00,1792.0,1795.0,1792.0,1795.0,206,0.0,0.0
2024-06-10 13:00:00+09:00,1795.0,1795.0,1795.0,1795.0,30,0.0,0.0
2024-06-10 13:10:00+09:00,1793.0,1794.0,1793.0,1794.0,108,0.0,0.0
2024-06-10 13:15:00+09:00,1794.0,1794.0,1793.0,1793.0,70,0.0,0.0
2024-06-10 13:20:00+09:00,1794.0,1800.0,1794.0,1800.0,1823,0.0,0.0
2024-06-10 13:25:00+09:00,1800.0,1803.0,1800.0,1803.0,60,0.0,0.0
2024-06-10 13:30:00+09:00,1803.0,1803.0,1799.0,1799.0,30,0.0,0.0
2024-06-10 13:35:00+09:00,1799.0,1802.0,1799.0,1802.0,150,0.0,0.0
2024-06-10 13:40:00+09:00,1798.0,1798.0,1798.0,1798.0,501,0.0,0.0
2024-06-10 13:45:00+09:00,1796.0,1798.0,1796.0,1798.0,78,0.0,0.0
2024-06-10 13:50:00+09:00,1796.0,1796.0,1794.0,1794.0,2791,0.0,0.0
2024-06-10 13:55:00+09:00,1794.0,1794.0,1794.0,1794.0,1144,0.0,0.0
2024-06-10 14:00:00+09:00,1793.0,1794.0,1793.0,1793.0,76,0.0,0.0
2024-06-10 14:05:00+09:00,1794.0,1802.0,1794.0,1802.0,636,0.0,0.0
2024-06-10 14:10:00+09:00,1798.0,1802.0,1798.0,1802.0,2558,0.0,0.0
2024-06-10 14:15:00+09:00,1798.0,1798.0,1798.0,1798.0,556,0.0,0.0
2024-06-10 14:20:00+09:00,1794.0,1798.0,1794.0,1798.0,127,0.0,0.0
2024-06-10 14:25:00+09:00,1794.0,1798.0,1794.0,1796.0,558,0.0,0.0
2024-06-10 14:35:00+09:00,1795.0,1797.0,1794.0,1797.0,9,0.0,0.0
2024-06-10 14:40:00+09:00,1793.0,1802.0,1793.0,1802.0,4285,0.0,0.0
2024-06-10 14:50:00+09:00,1798.0,1802.0,1798.0,1802.0,614,0.0,0.0
2024-06-10 14:55:00+09:00,1800.0,1800.0,1799.0,1799.0,0,0.0,0.0
2024-06-11 09:00:00+09:00,1798.0,1818.0,1795.0,1815.0,6164,0.0,0.0
2024-06-11 09:05:00+09:00,1815.0,1815.0,1795.0,1812.0,1108,0.0,0.0
2024-06-11 09:10:00+09:00,1811.0,1811.0,1792.0,1797.0,3960,0.0,0.0
2024-06-11 09:15:00+09:00,1793.0,1797.0,1788.0,1793.0,1814,0.0,0.0
2024-06-11 09:20:00+09:00,1789.0,1789.0,1781.0,1784.0,4089,0.0,0.0
2024-06-11 09:25:00+09:00,1782.0,1790.0,1781.0,1790.0,2597,0.0,0.0
2024-06-11 09:30:00+09:00,1790.0,1796.0,1790.0,1794.0,180,0.0,0.0
2024-06-11 09:35:00+09:00,1788.0,1793.0,1784.0,1789.0,3627,0.0,0.0
2024-06-11 09:40:00+09:00,1787.0,1787.0,1782.0,1782.0,3326,0.0,0.0
2024-06-11 09:45:00+09:00,1782.0,1782.0,1781.0,1781.0,606,0.0,0.0
2024-06-11 09:50:00+09:00,1782.0,1787.0,1782.0,1787.0,426,0.0,0.0
2024-06-11 09:55:00+09:00,1787.0,1787.0,1787.0,1787.0,598,0.0,0.0
2024-06-11 10:00:00+09:00,1788.0,1793.0,1784.0,1790.0,836,0.0,0.0
2024-06-11 10:05:00+09:00,1786.0,1790.0,1786.0,1790.0,599,0.0,0.0
2024-06-11 10:15:00+09:00,1788.0,1788.0,1786.0,1786.0,203,0.0,0.0
2024-06-11 10:20:00+09:00,1786.0,1786.0,1785.0,1786.0,3005,0.0,0.0
2024-06-11 10:25:00+09:00,1786.0,1790.0,1785.0,1789.0,1625,0.0,0.0
2024-06-11 10:30:00+09:00,1789.0,1790.0,1789.0,1790.0,107,0.0,0.0
2024-06-11 10:35:00+09:00,1790.0,1797.0,1790.0,1793.0,1198,0.0,0.0
2024-06-11 10:40:00+09:00,1791.0,1795.0,1791.0,1795.0,1047,0.0,0.0
2024-06-11 10:45:00+09:00,1794.0,1797.0,1793.0,1797.0,591,0.0,0.0
2024-06-11 10:55:00+09:00,1797.0,1797.0,1797.0,1797.0,3,0.0,0.0
2024-06-11 11:00:00+09:00,1793.0,1793.0,1793.0,1793.0,558,0.0,0.0
2024-06-11 11:10:00+09:00,1793.0,1794.0,1793.0,1794.0,834,0.0,0.0
2024-06-11 11:15:00+09:00,1797.0,1805.0,1797.0,1804.0,2578,0.0,0.0
2024-06-11 11:20:00+09:00,1801.0,1804.0,1801.0,1804.0,266,0.0,0.0
2024-06-11 11:25:00+09:00,1802.0,1804.0,1802.0,1804.0,2127,0.0,0.0
2024-06-11 11:30:00+09:00,1806.0,1806.0,1802.0,1803.0,2215,0.0,0.0
2024-06-11 11:40:00+09:00,1801.0,1801.0,1801.0,1801.0,150,0.0,0.0
2024-06-11 11:45:00+09:00,1802.0,1802.0,1798.0,1798.0,1141,0.0,0.0
2024-06-11 11:50:00+09:00,1802.0,1802.0,1802.0,1802.0,0,0.0,0.0
2024-06-11 11:55:00+09:00,1798.0,1801.0,1798.0,1801.0,473,0.0,0.0
2024-06-11 12:00:00+09:00,1798.0,1801.0,1796.0,1801.0,4462,0.0,0.0
2024-06-11 12:05:00+09:00,1797.0,1801.0,1797.0,1801.0,3,0.0,0.0
2024-06-11 12:10:00+09:00,1801.0,1801.0,1798.0,1800.0,122,0.0,0.0
2024-06-11 12:15:00+09:00,1798.0,1798.0,1798.0,1798.0,60,0.0,0.0
2024-06-11 12:20:00+09:00,1800.0,1800.0,1797.0,1797.0,3106,0.0,0.0
2024-06-11 12:25:00+09:00,1795.0,1799.0,1788.0,1799.0,5023,0.0,0.0
2024-06-11 12:40:00+09:00,1796.0,1799.0,1786.0,1795.0,5890,0.0,0.0
2024-06-11 12:45:00+09:00,1794.0,1796.0,1793.0,1796.0,532,0.0,0.0
2024-06-11 12:50:00+09:00,1790.0,1794.0,1790.0,1793.0,247,0.0,0.0
2024-06-11 12:55:00+09:00,1794.0,1794.0,1794.0,1794.0,10,0.0,0.0
2024-06-11 13:05:00+09:00,1789.0,1792.0,1789.0,1792.0,2203,0.0,0.0
2024-06-11 13:10:00+09:00,1792.0,1794.0,1790.0,1790.0,415,0.0,0.0
2024-06-11 13:15:00+09:00,1793.0,1793.0,1789.0,1792.0,846,0.0,0.0
2024-06-11 13:20:00+09:00,1793.0,1794.0,1793.0,1794.0,403,0.0,0.0
2024-06-11 13:25:00+09:00,1790.0,1793.0,1788.0,1788.0,1324,0.0,0.0
2024-06-11 13:30:00+09:00,1791.0,1791.0,1791.0,1791.0,0,0.0,0.0
2024-06-11 13:35:00+09:00,1791.0,1791.0,1791.0,1791.0,716,0.0,0.0
2024-06-11 13:45:00+09:00,1788.0,1789.0,1787.0,1789.0,3141,0.0,0.0
2024-06-11 13:50:00+09:00,1791.0,1791.0,1789.0,1789.0,77,0.0,0.0
2024-06-11 13:55:00+09:00,1791.0,1791.0,1791.0,1791.0,8,0.0,0.0
2024-06-11 14:00:00+09:00,1787.0,1791.0,1787.0,1791.0,0,0.0,0.0
2024-06-11 14:05:00+09:00,1788.0,1788.0,1788.0,1788.0,44,0.0,0.0
2024-06-11 14:10:00+09:00,1791.0,1791.0,1791.0,1791.0,394,0.0,0.0
2024-06-11 14:15:00+09:00,1787.0,1790.0,1787.0,1790.0,22,0.0,0.0
2024-06-11 14:20:00+09:00,1788.0,1790.0,1788.0,1790.0,3,0.0,0.0
2024-06-11 14:25:00+09:00,1788.0,1790.0,1787.0,1790.0,4093,0.0,0.0
2024-06-11 14:30:00+09:00,1790.0,1790.0,1790.0,1790.0,9,0.0,0.0
2024-06-11 14:35:00+09:00,1790.0,1790.0,1790.0,1790.0,4,0.0,0.0
2024-06-11 14:40:00+09:00,1786.0,1786.0,1783.0,1785.0,5202,0.0,0.0
2024-06-11 14:45:00+09:00,1783.0,1790.0,1782.0,1790.0,5219,0.0,0.0
2024-06-11 14:50:00+09:00,1790.0,1794.0,1789.0,1791.0,1223,0.0,0.0
2024-06-11 14:55:00+09:00,1787.0,1787.0,1786.0,1786.0,512,0.0,0.0
2024-06-12 09:00:00+09:00,1805.0,1805.0,1790.0,1805.0,3860,0.0,0.0
2024-06-12 09:05:00+09:00,1800.0,1802.0,1791.0,1802.0,1766,0.0,0.0
2024-06-12 09:10:00+09:00,1801.0,1805.0,1796.0,1805.0,0,0.0,0.0
2024-06-12 09:15:00+09:00,1801.0,1801.0,1800.0,1800.0,78,0.0,0.0
2024-06-12 09:20:00+09:00,1804.0,1817.0,1800.0,1817.0,23363,0.0,0.0
2024-06-12 09:25:00+09:00,1812.0,1821.0,1812.0,1816.0,14553,0.0,0.0
2024-06-12 09:30:00+09:00,1821.0,1828.0,1821.0,1828.0,7813,0.0,0.0
2024-06-12 09:35:00+09:00,1827.0,1827.0,1820.0,1820.0,1427,0.0,0.0
2024-06-12 09:40:00+09:00,1823.0,1837.0,1821.0,1837.0,17156,0.0,0.0
2024-06-12 09:45:00+09:00,1837.0,1839.0,1834.0,1838.0,3047,0.0,0.0
2024-06-12 09:50:00+09:00,1838.0,1838.0,1832.0,1836.0,4382,0.0,0.0
2024-06-12 09:55:00+09:00,1831.0,1831.0,1827.0,1827.0,1629,0.0,0.0
2024-06-12 10:00:00+09:00,1827.0,1827.0,1826.0,1826.0,1899,0.0,0.0
2024-06-12 10:05:00+09:00,1825.0,1825.0,1824.0,1824.0,0,0.0,0.0
2024-06-12 10:10:00+09:00,1823.0,1823.0,1823.0,1823.0,1208,0.0,0.0
2024-06-12 10:15:00+09:00,1826.0,1826.0,1822.0,1822.0,1833,0.0,0.0
2024-06-12 10:20:00+09:00,1822.0,1822.0,1821.0,1822.0,208,0.0,0.0
2024-06-12 10:25:00+09:00,1821.0,1826.0,1817.0,1826.0,9000,0.0,0.0
2024-06-12 10:30:00+09:00,1822.0,1826.0,1817.0,1826.0,597,0.0,0.0
2024-06-12 10:35:00+09:00,1826.0,1827.0,1823.0,1823.0,1760,0.0,0.0
2024-06-12 10:40:00+09:00,1823.0,1831.0,1823.0,1831.0,2511,0.0,0.0
2024-06-12 10:45:00+09:00,1827.0,1827.0,1827.0,1827.0,1000,0.0,0.0
2024-06-12 10:50:00+09:00,1828.0,1828.0,1827.0,1827.0,0,0.0,0.0
2024-06-12 10:55:00+09:00,1828.0,1828.0,1828.0,1828.0,0,0.0,0.0
2024-06-12 11:00:00+09:00,1828.0,1830.0,1825.0,1830.0,2094,0.0,0.0
2024-06-12 11:05:00+09:00,1826.0,1826.0,1824.0,1824.0,1297,0.0,0.0
2024-06-12 11:10:00+09:00,1828.0,1830.0,1825.0,1825.0,1063,0.0,0.0
2024-06-12 11:15:00+09:00,1829.0,1832.0,1829.0,1832.0,3498,0.0,0.0
2024-06-12 11:20:00+09:00,1828.0,1828.0,1825.0,1828.0,3213,0.0,0.0
2024-06-12 11:25:00+09:00,1828.0,1828.0,1828.0,1828.0,1154,0.0,0.0
2024-06-12 11:30:00+09:00,1828.0,1832.0,1823.0,1832.0,3107,0.0,0.0
2024-06-12 11:35:00+09:00,1830.0,1830.0,1827.0,1827.0,1481,0.0,0.0
2024-06-12 11:40:00+09:00,1823.0,1823.0,1821.0,1823.0,1983,0.0,0.0
2024-06-12 11:45:00+09:00,1823.0,1827.0,1821.0,1827.0,0,0.0,0.0
2024-06-12 11:50:00+09:00,1827.0,1827.0,1821.0,1821.0,2110,0.0,0.0
2024-06-12 11:55:00+09:00,1820.0,1820.0,1816.0,1816.0,9493,0.0,0.0
2024-06-12 12:00:00+09:00,1815.0,1815.0,1813.0,1813.0,1978,0.0,0.0
2024-06-12 12:05:00+09:00,1813.0,1814.0,1813.0,1814.0,1866,0.0,0.0
2024-06-12 12:10:00+09:00,1818.0,1830.0,1815.0,1822.0,5605,0.0,0.0
2024-06-12 12:15:00+09:00,1822.0,1822.0,1821.0,1821.0,1446,0.0,0.0
2024-06-12 12:20:00+09:00,1820.0,1820.0,1818.0,1818.0,617,0.0,0.0
2024-06-12 12:25:00+09:00,1818.0,1818.0,1816.0,1818.0,291,0.0,0.0
2024-06-12 12:30:00+09:00,1815.0,1818.0,1815.0,1818.0,2500,0.0,0.0
2024-06-12 12:35:00+09:00,1817.0,1817.0,1817.0,1817.0,320,0.0,0.0
2024-06-12 12:40:00+09:00,1817.0,1819.0,1817.0,1818.0,1164,0.0,0.0
2024-06-12 12:45:00+09:00,1819.0,1827.0,1819.0,1822.0,3647,0.0,0.0
2024-06-12 12:50:00+09:00,1821.0,1821.0,1821.0,1821.0,1000,0.0,0.0
2024-06-12 12:55:00+09:00,1821.0,1821.0,1821.0,1821.0,1500,0.0,0.0
2024-06-12 13:00:00+09:00,1817.0,1821.0,1817.0,1821.0,16,0.0,0.0
2024-06-12 13:05:00+09:00,1821.0,1821.0,1821.0,1821.0,44,0.0,0.0
2024-06-12 13:15:00+09:00,1821.0,1821.0,1821.0,1821.0,500,0.0,0.0
2024-06-12 13:20:00+09:00,1821.0,1821.0,1821.0,1821.0,1250,0.0,0.0
2024-06-12 13:25:00+09:00,1817.0,1821.0,1817.0,1821.0,0,0.0,0.0
2024-06-12 13:30:00+09:00,1817.0,1821.0,1817.0,1820.0,2918,0.0,0.0
2024-06-12 13:35:00+09:00,1820.0,1820.0,1816.0,1819.0,1276,0.0,0.0
2024-06-12 13:40:00+09:00,1819.0,1819.0,1816.0,1816.0,320,0.0,0.0
2024-06-12 13:45:00+09:00,1818.0,1818.0,1818.0,1818.0,199,0.0,0.0
2024-06-12 13:50:00+09:00,1818.0,1827.0,1818.0,1822.0,7276,0.0,0.0
2024-06-12 13:55:00+09:00,1822.0,1827.0,1822.0,1827.0,1043,0.0,0.0
2024-06-12 14:00:00+09:00,1825.0,1827.0,1822.0,1823.0,1093,0.0,0.0
2024-06-12 14:05:00+09:00,1822.0,1822.0,1817.0,1821.0,749,0.0,0.0
2024-06-12 14:10:00+09:00,1820.0,1821.0,1815.0,1821.0,1175,0.0,0.0
2024-06-12 14:15:00+09:00,1821.0,1821.0,1821.0,1821.0,1355,0.0,0.0
2024-06-12 14:20:00+09:00,1819.0,1819.0,1819.0,1819.0,992,0.0,0.0
2024-06-12 14:25:00+09:00,1818.0,1827.0,1816.0,1827.0,7492,0.0,0.0
2024-06-12 14:30:00+09:00,1827.0,1830.0,1821.0,1830.0,1937,0.0,0.0
2024-06-12 14:35:00+09:00,1829.0,1829.0,1829.0,1829.0,102,0.0,0.0
2024-06-12 14:40:00+09:00,1829.0,1829.0,1820.0,1823.0,813,0.0,0.0
2024-06-12 14:45:00+09:00,1823.0,1828.0,1823.0,1828.0,507,0.0,0.0
2024-06-12 14:50:00+09:00,1827.0,1827.0,1823.0,1827.0,250,0.0,0.0
2024-06-12 14:55:00+09:00,1826.0,1827.0,1820.0,1827.0,1202,0.0,0.0
2024-06-13 09:00:00+09:00,1828.0,1842.0,1828.0,1837.0,4521,0.0,0.0
2024-06-13 09:05:00+09:00,1837.0,1844.0,1832.0,1834.0,8700,0.0,0.0
2024-06-13 09:10:00+09:00,1842.0,1845.0,1842.0,1845.0,7962,0.0,0.0
2024-06-13 09:15:00+09:00,1844.0,1844.0,1840.0,1844.0,1852,0.0,0.0
2024-06-13 09:20:00+09:00,1843.0,1843.0,1835.0,1839.0,5912,0.0,0.0
2024-06-13 09:25:00+09:00,1839.0,1846.0,1839.0,1842.0,14235,0.0,0.0
2024-06-13 09:30:00+09:00,1837.0,1841.0,1837.0,1841.0,100,0.0,0.0
2024-06-13 09:35:00+09:00,1841.0,1842.0,1840.0,1842.0,2517,0.0,0.0
2024-06-13 09:40:00+09:00,1842.0,1844.0,1842.0,1842.0,1357,0.0,0.0
2024-06-13 09:45:00+09:00,1842.0,1842.0,1839.0,1841.0,285,0.0,0.0
2024-06-13 09:50:00+09:00,1840.0,1840.0,1839.0,1839.0,986,0.0,0.0
2024-06-13 09:55:00+09:00,1840.0,1841.0,1837.0,1841.0,0,0.0,0.0
2024-06-13 10:00:00+09:00,1841.0,1841.0,1841.0,1841.0,49939,0.0,0.0
2024-06-13 10:05:00+09:00,1840.0,1840.0,1840.0,1840.0,1500,0.0,0.0
2024-06-13 10:10:00+09:00,1840.0,1840.0,1840.0,1840.0,1775,0.0,0.0
2024-06-13 10:15:00+09:00,1840.0,1840.0,1839.0,1840.0,104,0.0,0.0
2024-06-13 10:20:00+09:00,1839.0,1839.0,1835.0,1835.0,3896,0.0,0.0
2024-06-13 10:25:00+09:00,1835.0,1835.0,1835.0,1835.0,3859,0.0,0.0
2024-06-13 10:30:00+09:00,1834.0,1840.0,1834.0,1839.0,5082,0.0,0.0
2024-06-13 10:35:00+09:00,1837.0,1837.0,1836.0,1836.0,1209,0.0,0.0
2024-06-13 10:40:00+09:00,1836.0,1836.0,1836.0,1836.0,610,0.0,0.0
2024-06-13 10:45:00+09:00,1836.0,1836.0,1836.0,1836.0,1102,0.0,0.0
2024-06-13 10:50:00+09:00,1834.0,1834.0,1832.0,1832.0,1570,0.0,0.0
2024-06-13 10:55:00+09:00,1834.0,1835.0,1834.0,1835.0,8,0.0,0.0
2024-06-13 11:00:00+09:00,1832.0,1835.0,1831.0,1831.0,3881,0.0,0.0
2024-06-13 11:05:00+09:00,1830.0,1834.0,1830.0,1834.0,1511,0.0,0.0
2024-06-13 11:10:00+09:00,1832.0,1833.0,1832.0,1832.0,4636,0.0,0.0
2024-06-13 11:15:00+09:00,1832.0,1832.0,1831.0,1831.0,502,0.0,0.0
2024-06-13 11:20:00+09:00,1830.0,1833.0,1830.0,1833.0,223,0.0,0.0
2024-06-13 11:25:00+09:00,1833.0,1833.0,1831.0,1833.0,0,0.0,0.0
2024-06-13 11:30:00+09:00,1833.0,1834.0,1833.0,1834.0,1215,0.0,0.0
2024-06-13 11:35:00+09:00,1831.0,1833.0,1831.0,1833.0,129,0.0,0.0
2024-06-13 11:40:00+09:00,1833.0,1833.0,1830.0,1830.0,2720,0.0,0.0
2024-06-13 11:45:00+09:00,1830.0,1832.0,1830.0,1832.0,3,0.0,0.0
2024-06-13 11:50:00+09:00,1832.0,1832.0,1829.0,1829.0,3362,0.0,0.0
2024-06-13 11:55:00+09:00,1832.0,1832.0,1832.0,1832.0,0,0.0,0.0
2024-06-13 12:00:00+09:00,1829.0,1832.0,1827.0,1832.0,2202,0.0,0.0
2024-06-13 12:05:00+09:00,1830.0,1832.0,1830.0,1832.0,1151,0.0,0.0
2024-06-13 12:10:00+09:00,1828.0,1829.0,1826.0,1829.0,1776,0.0,0.0
2024-06-13 12:15:00+09:00,1829.0,1833.0,1829.0,1833.0,673,0.0,0.0
2024-06-13 12:25:00+09:00,1833.0,1834.0,1829.0,1834.0,1275,0.0,0.0
2024-06-13 12:30:00+09:00,1829.0,1833.0,1829.0,1833.0,9,0.0,0.0
2024-06-13 12:35:00+09:00,1829.0,1833.0,1829.0,1833.0,172,0.0,0.0
2024-06-13 12:40:00+09:00,1833.0,1833.0,1833.0,1833.0,1000,0.0,0.0
2024-06-13 12:45:00+09:00,1829.0,1829.0,1829.0,1829.0,0,0.0,0.0
2024-06-13 12:50:00+09:00,1829.0,1831.0,1825.0,1831.0,8673,0.0,0.0
2024-06-13 12:55:00+09:00,1827.0,1833.0,1827.0,1832.0,4813,0.0,0.0
2024-06-13 13:00:00+09:00,1832.0,1832.0,1832.0,1832.0,1792,0.0,0.0
2024-06-13 13:05:00+09:00,1833.0,1833.0,1833.0,1833.0,0,0.0,0.0
2024-06-13 13:10:00+09:00,1832.0,1832.0,1827.0,1832.0,4051,0.0,0.0
2024-06-13 13:15:00+09:00,1828.0,1828.0,1827.0,1827.0,3008,0.0,0.0
2024-06-13 13:20:00+09:00,1828.0,1832.0,1828.0,1829.0,0,0.0,0.0
2024-06-13 13:25:00+09:00,1827.0,1832.0,1827.0,1832.0,645,0.0,0.0
2024-06-13 13:30:00+09:00,1829.0,1832.0,1829.0,1832.0,159,0.0,0.0
2024-06-13 13:35:00+09:00,1828.0,1832.0,1828.0,1831.0,927,0.0,0.0
2024-06-13 13:40:00+09:00,1832.0,1840.0,1832.0,1840.0,15224,0.0,0.0
2024-06-13 13:45:00+09:00,1836.0,1839.0,1836.0,1836.0,1141,0.0,0.0
2024-06-13 13:50:00+09:00,1839.0,1839.0,1839.0,1839.0,1,0.0,0.0
2024-06-13 13:55:00+09:00,1839.0,1841.0,1839.0,1841.0,6019,0.0,0.0
2024-06-13 14:00:00+09:00,1840.0,1841.0,1830.0,1841.0,3001,0.0,0.0
2024-06-13 14:05:00+09:00,1839.0,1841.0,1839.0,1841.0,839,0.0,0.0
2024-06-13 14:10:00+09:00,1840.0,1842.0,1839.0,1842.0,4182,0.0,0.0
2024-06-13 14:15:00+09:00,1841.0,1843.0,1841.0,1843.0,3952,0.0,0.0
2024-06-13 14:20:00+09:00,1843.0,1854.0,1840.0,1848.0,30888,0.0,0.0
2024-06-13 14:25:00+09:00,1848.0,1854.0,1848.0,1851.0,6288,0.0,0.0
2024-06-13 14:30:00+09:00,1851.0,1853.0,1850.0,1850.0,0,0.0,0.0
2024-06-13 14:35:00+09:00,1848.0,1850.0,1848.0,1848.0,2411,0.0,0.0
2024-06-13 14:40:00+09:00,1848.0,1850.0,1846.0,1848.0,6512,0.0,0.0
2024-06-13 14:45:00+09:00,1849.0,1850.0,1847.0,1848.0,1110,0.0,0.0
2024-06-13 14:50:00+09:00,1849.0,1850.0,1849.0,1849.0,3599,0.0,0.0
2024-06-13 14:55:00+09:00,1849.0,1851.0,1848.0,1851.0,10461,0.0,0.0
2024-06-14 09:00:00+09:00,1854.0,1854.0,1845.0,1852.0,6006,0.0,0.0
2024-06-14 09:05:00+09:00,1852.0,1854.0,1848.0,1854.0,2934,0.0,0.0
2024-06-14 09:10:00+09:00,1852.0,1865.0,1852.0,1856.0,33612,0.0,0.0
2024-06-14 09:15:00+09:00,1865.0,1889.0,1865.0,1888.0,47684,0.0,0.0
2024-06-14 09:20:00+09:00,1888.0,1892.0,1883.0,1883.0,40120,0.0,0.0
2024-06-14 09:25:00+09:00,1883.0,1888.0,1874.0,1874.0,9355,0.0,0.0
2024-06-14 09:30:00+09:00,1874.0,1885.0,1874.0,1878.0,10524,0.0,0.0
2024-06-14 09:35:00+09:00,1883.0,1886.0,1882.0,1883.0,2772,0.0,0.0
2024-06-14 09:40:00+09:00,1883.0,1899.0,1883.0,1897.0,66186,0.0,0.0
2024-06-14 09:45:00+09:00,1897.0,1897.0,1889.0,1896.0,26850,0.0,0.0
2024-06-14 09:50:00+09:00,1896.0,1896.0,1885.0,1885.0,12470,0.0,0.0
2024-06-14 09:55:00+09:00,1885.0,1887.0,1881.0,1881.0,11038,0.0,0.0
2024-06-14 10:00:00+09:00,1881.0,1882.0,1880.0,1880.0,3017,0.0,0.0
2024-06-14 10:05:00+09:00,1878.0,1885.0,1878.0,1885.0,1379,0.0,0.0
2024-06-14 10:10:00+09:00,1880.0,1884.0,1872.0,1876.0,14801,0.0,0.0
2024-06-14 10:15:00+09:00,1880.0,1880.0,1874.0,1874.0,4013,0.0,0.0
2024-06-14 10:20:00+09:00,1875.0,1876.0,1871.0,1872.0,2514,0.0,0.0
2024-06-14 10:25:00+09:00,1875.0,1876.0,1873.0,1873.0,1981,0.0,0.0
2024-06-14 10:30:00+09:00,1876.0,1876.0,1863.0,1863.0,19185,0.0,0.0
2024-06-14 10:35:00+09:00,1866.0,1867.0,1863.0,1863.0,5825,0.0,0.0
2024-06-14 10:40:00+09:00,1863.0,1864.0,1855.0,1855.0,11651,0.0,0.0
2024-06-14 10:45:00+09:00,1855.0,1861.0,1854.0,1856.0,3148,0.0,0.0
2024-06-14 10:50:00+09:00,1856.0,1865.0,1856.0,1864.0,1090,0.0,0.0
2024-06-14 10:55:00+09:00,1864.0,1864.0,1859.0,1864.0,1436,0.0,0.0
2024-06-14 11:00:00+09:00,1860.0,1864.0,1859.0,1860.0,3534,0.0,0.0
2024-06-14 11:05:00+09:00,1863.0,1863.0,1861.0,1862.0,2274,0.0,0.0
2024-06-14 11:10:00+09:00,1863.0,1869.0,1863.0,1865.0,1054,0.0,0.0
2024-06-14 11:15:00+09:00,1866.0,1882.0,1866.0,1882.0,2820,0.0,0.0
2024-06-14 11:20:00+09:00,1877.0,1877.0,1869.0,1873.0,2984,0.0,0.0
2024-06-14 11:25:00+09:00,1873.0,1879.0,1873.0,1879.0,4141,0.0,0.0
2024-06-14 11:30:00+09:00,1878.0,1878.0,1878.0,1878.0,8,0.0,0.0
2024-06-14 11:35:00+09:00,1875.0,1875.0,1868.0,1872.0,6512,0.0,0.0
2024-06-14 11:40:00+09:00,1873.0,1874.0,1873.0,1874.0,731,0.0,0.0
2024-06-14 11:45:00+09:00,1877.0,1877.0,1875.0,1875.0,2007,0.0,0.0
2024-06-14 11:50:00+09:00,1875.0,1877.0,1874.0,1875.0,2356,0.0,0.0
2024-06-14 11:55:00+09:00,1875.0,1878.0,1875.0,1878.0,0,0.0,0.0
2024-06-14 12:00:00+09:00,1878.0,1883.0,1876.0,1879.0,3683,0.0,0.0
2024-06-14 12:05:00+09:00,1879.0,1879.0,1876.0,1879.0,792,0.0,0.0
2024-06-14 12:10:00+09:00,1876.0,1876.0,1874.0,1874.0,3238,0.0,0.0
2024-06-14 12:15:00+09:00,1877.0,1878.0,1874.0,1874.0,0,0.0,0.0
2024-06-14 12:20:00+09:00,1878.0,1878.0,1874.0,1877.0,579,0.0,0.0
2024-06-14 12:25:00+09:00,1876.0,1876.0,1874.0,1874.0,423,0.0,0.0
2024-06-14 12:35:00+09:00,1874.0,1874.0,1872.0,1874.0,838,0.0,0.0
2024-06-14 12:40:00+09:00,1870.0,1874.0,1868.0,1872.0,2504,0.0,0.0
2024-06-14 12:45:00+09:00,1868.0,1868.0,1865.0,1865.0,2552,0.0,0.0
2024-06-14 12:50:00+09:00,1867.0,1867.0,1866.0,1866.0,1099,0.0,0.0
2024-06-14 12:55:00+09:00,1865.0,1865.0,1863.0,1864.0,2281,0.0,0.0
2024-06-14 13:00:00+09:00,1868.0,1868.0,1864.0,1864.0,2062,0.0,0.0
2024-06-14 13:05:00+09:00,1868.0,1868.0,1862.0,1862.0,9834,0.0,0.0
2024-06-14 13:10:00+09:00,1862.0,1862.0,1860.0,1860.0,0,0.0,0.0
2024-06-14 13:15:00+09:00,1861.0,1861.0,1856.0,1860.0,10141,0.0,0.0
2024-06-14 13:20:00+09:00,1860.0,1860.0,1857.0,1857.0,2010,0.0,0.0
2024-06-14 13:25:00+09:00,1857.0,1859.0,1857.0,1859.0,320,0.0,0.0
2024-06-14 13:30:00+09:00,1860.0,1860.0,1859.0,1859.0,235,0.0,0.0
2024-06-14 13:35:00+09:00,1863.0,1867.0,1863.0,1867.0,4247,0.0,0.0
2024-06-14 13:40:00+09:00,1867.0,1867.0,1866.0,1866.0,0,0.0,0.0
2024-06-14 13:45:00+09:00,1863.0,1863.0,1860.0,1860.0,416377,0.0,0.0
2024-06-14 13:50:00+09:00,1861.0,1861.0,1860.0,1860.0,2178,0.0,0.0
2024-06-14 13:55:00+09:00,1865.0,1865.0,1857.0,1857.0,10200,0.0,0.0
2024-06-14 14:00:00+09:00,1860.0,1860.0,1858.0,1858.0,907,0.0,0.0
2024-06-14 14:05:00+09:00,1860.0,1868.0,1860.0,1868.0,3096,0.0,0.0
2024-06-14 14:15:00+09:00,1862.0,1866.0,1862.0,1866.0,307,0.0,0.0
2024-06-14 14:20:00+09:00,1862.0,1866.0,1859.0,1866.0,1002,0.0,0.0
2024-06-14 14:25:00+09:00,1865.0,1866.0,1859.0,1859.0,1138,0.0,0.0
2024-06-14 14:30:00+09:00,1860.0,1865.0,1859.0,1865.0,2785,0.0,0.0
2024-06-14 14:35:00+09:00,1863.0,1865.0,1862.0,1864.0,3120,0.0,0.0
2024-06-14 14:40:00+09:00,1864.0,1866.0,1864.0,1866.0,542,0.0,0.0
2024-06-14 14:45:00+09:00,1866.0,1866.0,1864.0,1864.0,1235,0.0,0.0
2024-06-14 14:50:00+09:00,1864.0,1865.0,1864.0,1865.0,3306,0.0,0.0
2024-06-14 14:55:00+09:00,1863.0,1864.0,1863.0,1863.0,3402,0.0,0.0
2024-06-17 09:00:00+09:00,1869.0,1881.0,1861.0,1875.0,0,0.0,0.0
2024-06-17 09:05:00+09:00,1877.0,1877.0,1866.0,1873.0,3904,0.0,0.0
2024-06-17 09:10:00+09:00,1876.0,1876.0,1866.0,1873.0,3041,0.0,0.0
2024-06-17 09:15:00+09:00,1873.0,1873.0,1866.0,1867.0,2436,0.0,0.0
2024-06-17 09:20:00+09:00,1871.0,1871.0,1866.0,1867.0,1760,0.0,0.0
2024-06-17 09:25:00+09:00,1867.0,1867.0,1845.0,1855.0,22840,0.0,0.0
2024-06-17 09:30:00+09:00,1854.0,1856.0,1849.0,1856.0,2407,0.0,0.0
2024-06-17 09:35:00+09:00,1856.0,1856.0,1851.0,1854.0,717,0.0,0.0
2024-06-17 09:40:00+09:00,1855.0,1869.0,1855.0,1868.0,161,0.0,0.0
2024-06-17 09:45:00+09:00,1859.0,1859.0,1850.0,1851.0,2735,0.0,0.0
2024-06-17 09:50:00+09:00,1853.0,1857.0,1853.0,1854.0,1028,0.0,0.0
2024-06-17 09:55:00+09:00,1855.0,1855.0,1855.0,1855.0,3644,0.0,0.0
2024-06-17 10:00:00+09:00,1851.0,1851.0,1849.0,1850.0,2749,0.0,0.0
2024-06-17 10:05:00+09:00,1854.0,1862.0,1854.0,1862.0,1908,0.0,0.0
2024-06-17 10:10:00+09:00,1854.0,1857.0,1852.0,1855.0,3216,0.0,0.0
2024-06-17 10:15:00+09:00,1852.0,1855.0,1852.0,1855.0,3,0.0,0.0
2024-06-17 10:20:00+09:00,1855.0,1855.0,1855.0,1855.0,245,0.0,0.0
2024-06-17 10:25:00+09:00,1855.0,1856.0,1855.0,1856.0,249,0.0,0.0
2024-06-17 10:30:00+09:00,1855.0,1855.0,1855.0,1855.0,109,0.0,0.0
2024-06-17 10:35:00+09:00,1857.0,1857.0,1855.0,1855.0,706,0.0,0.0
2024-06-17 10:40:00+09:00,1854.0,1857.0,1852.0,1852.0,3985,0.0,0.0
2024-06-17 10:45:00+09:00,1852.0,1857.0,1852.0,1857.0,619,0.0,0.0
2024-06-17 10:50:00+09:00,1854.0,1854.0,1852.0,1854.0,804,0.0,0.0
2024-06-17 10:55:00+09:00,1853.0,1854.0,1853.0,1854.0,132,0.0,0.0
2024-06-17 11:00:00+09:00,1857.0,1857.0,1854.0,1857.0,8,0.0,0.0
2024-06-17 11:05:00+09:00,1854.0,1857.0,1853.0,1856.0,1043,0.0,0.0
2024-06-17 11:10:00+09:00,1853.0,1853.0,1852.0,1852.0,531,0.0,0.0
2024-06-17 11:15:00+09:00,1852.0,1853.0,1850.0,1853.0,1816,0.0,0.0
2024-06-17 11:20:00+09:00,1853.0,1853.0,1849.0,1849.0,1625,0.0,0.0
2024-06-17 11:25:00+09:00,1850.0,1850.0,1848.0,1849.0,1014,0.0,0.0
2024-06-17 11:30:00+09:00,1847.0,1849.0,1845.0,1845.0,4450,0.0,0.0
2024-06-17 11:35:00+09:00,1845.0,1845.0,1841.0,1841.0,5707,0.0,0.0
2024-06-17 11:40:00+09:00,1841.0,1845.0,1841.0,1842.0,0,0.0,0.0
2024-06-17 11:45:00+09:00,1842.0,1842.0,1841.0,1841.0,2211,0.0,0.0
2024-06-17 11:50:00+09:00,1842.0,1856.0,1840.0,1843.0,1627,0.0,0.0
2024-06-17 11:55:00+09:00,1843.0,1843.0,1843.0,1843.0,8,0.0,0.0
2024-06-17 12:00:00+09:00,1841.0,1842.0,1840.0,1840.0,1582,0.0,0.0
2024-06-17 12:05:00+09:00,1839.0,1839.0,1835.0,1839.0,1973,0.0,0.0
2024-06-17 12:10:00+09:00,1839.0,1851.0,1833.0,1842.0,3923,0.0,0.0
2024-06-17 12:15:00+09:00,1844.0,1844.0,1833.0,1840.0,1311,0.0,0.0
2024-06-17 12:20:00+09:00,1841.0,1841.0,1835.0,1841.0,1704,0.0,0.0
2024-06-17 12:25:00+09:00,1835.0,1839.0,1835.0,1839.0,1,0.0,0.0
2024-06-17 12:30:00+09:00,1838.0,1838.0,1837.0,1837.0,30,0.0,0.0
2024-06-17 12:35:00+09:00,1836.0,1836.0,1835.0,1836.0,303,0.0,0.0
2024-06-17 12:40:00+09:00,1835.0,1835.0,1834.0,1834.0,898,0.0,0.0
2024-06-17 12:45:00+09:00,1834.0,1835.0,1834.0,1834.0,1241,0.0,0.0
2024-06-17 12:50:00+09:00,1834.0,1834.0,1833.0,1834.0,324,0.0,0.0
2024-06-17 12:55:00+09:00,1833.0,1836.0,1833.0,1836.0,1099,0.0,0.0
2024-06-17 13:00:00+09:00,1836.0,1836.0,1836.0,1836.0,95,0.0,0.0
2024-06-17 13:05:00+09:00,1836.0,1837.0,1835.0,1837.0,95,0.0,0.0
2024-06-17 13:10:00+09:00,1837.0,1837.0,1834.0,1835.0,1971,0.0,0.0
2024-06-17 13:15:00+09:00,1835.0,1835.0,1834.0,1834.0,685,0.0,0.0
2024-06-17 13:25:00+09:00,1835.0,1835.0,1835.0,1835.0,1,0.0,0.0
2024-06-17 13:30:00+09:00,1835.0,1837.0,1835.0,1837.0,1001,0.0,0.0
2024-06-17 13:40:00+09:00,1834.0,1837.0,1834.0,1837.0,46,0.0,0.0
2024-06-17 13:45:00+09:00,1837.0,1837.0,1833.0,1833.0,1092,0.0,0.0
2024-06-17 13:50:00+09:00,1837.0,1837.0,1832.0,1833.0,3095,0.0,0.0
2024-06-17 13:55:00+09:00,1833.0,1835.0,1833.0,1835.0,375,0.0,0.0
2024-06-17 14:00:00+09:00,1833.0,1835.0,1833.0,1835.0,12,0.0,0.0
2024-06-17 14:05:00+09:00,1832.0,1835.0,1832.0,1835.0,23,0.0,0.0
2024-06-17 14:10:00+09:00,1832.0,1832.0,1832.0,1832.0,242,0.0,0.0
2024-06-17 14:15:00+09:00,1834.0,1834.0,1831.0,1831.0,2111,0.0,0.0
2024-06-17 14:20:00+09:00,1831.0,1834.0,1831.0,1834.0,1104,0.0,0.0
2024-06-17 14:25:00+09:00,1834.0,1834.0,1834.0,1834.0,1049,0.0,0.0
2024-06-17 14:30:00+09:00,1831.0,1834.0,1824.0,1825.0,16304,0.0,0.0
2024-06-17 14:35:00+09:00,1825.0,1826.0,1824.0,1826.0,2043,0.0,0.0
2024-06-17 14:40:00+09:00,1826.0,1834.0,1826.0,1834.0,2231,0.0,0.0
2024-06-17 14:45:00+09:00,1833.0,1834.0,1833.0,1833.0,781,0.0,0.0
2024-06-17 14:55:00+09:00,1829.0,1832.0,1823.0,1829.0,4262,0.0,0.0
2024-06-18 09:00:00+09:00,1819.0,1855.0,1819.0,1847.0,4907,0.0,0.0
2024-06-18 09:05:00+09:00,1824.0,1847.0,1824.0,1847.0,0,0.0,0.0
2024-06-18 09:10:00+09:00,1842.0,1845.0,1842.0,1845.0,5000,0.0,0.0
2024-06-18 09:15:00+09:00,1844.0,1844.0,1829.0,1831.0,335,0.0,0.0
2024-06-18 09:20:00+09:00,1831.0,1831.0,1825.0,1829.0,3822,0.0,0.0
2024-06-18 09:25:00+09:00,1826.0,1826.0,1820.0,1823.0,3116,0.0,0.0
2024-06-18 09:30:00+09:00,1823.0,1823.0,1810.0,1821.0,8107,0.0,0.0
2024-06-18 09:35:00+09:00,1820.0,1820.0,1812.0,1818.0,3525,0.0,0.0
2024-06-18 09:40:00+09:00,1818.0,1818.0,1811.0,1815.0,3863,0.0,0.0
2024-06-18 09:45:00+09:00,1819.0,1822.0,1816.0,1821.0,1542,0.0,0.0
2024-06-18 09:50:00+09:00,1817.0,1821.0,1810.0,1818.0,7704,0.0,0.0
2024-06-18 09:55:00+09:00,1814.0,1815.0,1810.0,1815.0,7738,0.0,0.0
2024-06-18 10:00:00+09:00,1817.0,1826.0,1817.0,1825.0,1341,0.0,0.0
2024-06-18 10:05:00+09:00,1818.0,1818.0,1805.0,1811.0,5397,0.0,0.0
2024-06-18 10:10:00+09:00,1812.0,1813.0,1811.0,1813.0,3167,0.0,0.0
2024-06-18 10:15:00+09:00,1813.0,1813.0,1811.0,1811.0,248,0.0,0.0
2024-06-18 10:20:00+09:00,1811.0,1813.0,1811.0,1813.0,309,0.0,0.0
2024-06-18 10:25:00+09:00,1815.0,1815.0,1815.0,1815.0,99,0.0,0.0
2024-06-18 10:30:00+09:00,1815.0,1815.0,1815.0,1815.0,1113,0.0,0.0
2024-06-18 10:35:00+09:00,1815.0,1815.0,1815.0,1815.0,988,0.0,0.0
2024-06-18 10:40:00+09:00,1818.0,1818.0,1814.0,1814.0,206,0.0,0.0
2024-06-18 10:45:00+09:00,1818.0,1818.0,1818.0,1818.0,0,0.0,0.0
2024-06-18 10:50:00+09:00,1819.0,1825.0,1819.0,1825.0,12,0.0,0.0
2024-06-18 10:55:00+09:00,1821.0,1821.0,1821.0,1821.0,1099,0.0,0.0
2024-06-18 11:00:00+09:00,1825.0,1825.0,1825.0,1825.0,0,0.0,0.0
2024-06-18 11:05:00+09:00,1820.0,1820.0,1820.0,1820.0,518,0.0,0.0
2024-06-18 11:10:00+09:00,1818.0,1818.0,1817.0,1817.0,1205,0.0,0.0
2024-06-18 11:20:00+09:00,1817.0,1817.0,1817.0,1817.0,0,0.0,0.0
2024-06-18 11:30:00+09:00,1817.0,1817.0,1817.0,1817.0,861,0.0,0.0
2024-06-18 11:35:00+09:00,1818.0,1820.0,1815.0,1820.0,5495,0.0,0.0
2024-06-18 11:40:00+09:00,1816.0,1816.0,1815.0,1816.0,4623,0.0,0.0
2024-06-18 11:45:00+09:00,1819.0,1819.0,1819.0,1819.0,0,0.0,0.0
2024-06-18 12:00:00+09:00,1819.0,1819.0,1807.0,1816.0,7035,0.0,0.0
2024-06-18 12:05:00+09:00,1815.0,1815.0,1814.0,1814.0,750,0.0,0.0
2024-06-18 12:10:00+09:00,1816.0,1816.0,1816.0,1816.0,729,0.0,0.0
2024-06-18 12:15:00+09:00,1816.0,1819.0,1816.0,1819.0,2208,0.0,0.0
2024-06-18 12:20:00+09:00,1824.0,1824.0,1824.0,1824.0,1299,0.0,0.0
2024-06-18 12:25:00+09:00,1824.0,1825.0,1824.0,1825.0,5306,0.0,0.0
2024-06-18 12:30:00+09:00,1826.0,1826.0,1822.0,1822.0,426,0.0,0.0
2024-06-18 12:35:00+09:00,1825.0,1825.0,1820.0,1824.0,2367,0.0,0.0
2024-06-18 12:40:00+09:00,1824.0,1825.0,1822.0,1825.0,2300,0.0,0.0
2024-06-18 12:45:00+09:00,1824.0,1824.0,1820.0,1820.0,3635,0.0,0.0
2024-06-18 12:50:00+09:00,1824.0,1824.0,1823.0,1823.0,58,0.0,0.0
2024-06-18 12:55:00+09:00,1823.0,1823.0,1823.0,1823.0,298,0.0,0.0
2024-06-18 13:00:00+09:00,1819.0,1819.0,1818.0,1818.0,6,0.0,0.0
2024-06-18 13:05:00+09:00,1816.0,1818.0,1803.0,1818.0,11958,0.0,0.0
2024-06-18 13:10:00+09:00,1814.0,1818.0,1814.0,1818.0,621,0.0,0.0
2024-06-18 13:15:00+09:00,1814.0,1814.0,1813.0,1814.0,1123,0.0,0.0
2024-06-18 13:20:00+09:00,1813.0,1813.0,1813.0,1813.0,987,0.0,0.0
2024-06-18 13:30:00+09:00,1812.0,1812.0,1812.0,1812.0,448,0.0,0.0
2024-06-18 13:40:00+09:00,1810.0,1810.0,1810.0,1810.0,742,0.0,0.0
2024-06-18 13:55:00+09:00,1810.0,1810.0,1810.0,1810.0,1330,0.0,0.0
2024-06-18 14:00:00+09:00,1807.0,1807.0,1806.0,1806.0,420,0.0,0.0
2024-06-18 14:05:00+09:00,1806.0,1807.0,1806.0,1807.0,2268,0.0,0.0
2024-06-18 14:10:00+09:00,1810.0,1810.0,1810.0,1810.0,3,0.0,0.0
2024-06-18 14:20:00+09:00,1809.0,1819.0,1809.0,1815.0,3261,0.0,0.0
2024-06-18 14:25:00+09:00,1815.0,1815.0,1810.0,1814.0,0,0.0,0.0
2024-06-18 14:40:00+09:00,1812.0,1814.0,1811.0,1814.0,971,0.0,0.0
2024-06-18 14:45:00+09:00,1814.0,1814.0,1808.0,1808.0,1042,0.0,0.0
2024-06-18 14:50:00+09:00,1808.0,1810.0,1808.0,1810.0,1142,0.0,0.0
2024-06-18 14:55:00+09:00,1809.0,1810.0,1807.0,1809.0,536,0.0,0.0
2024-06-19 09:00:00+09:00,1800.0,1825.0,1800.0,1822.0,5105,0.0,0.0
2024-06-19 09:05:00+09:00,1822.0,1822.0,1820.0,1820.0,17,0.0,0.0
2024-06-19 09:10:00+09:00,1807.0,1818.0,1807.0,1810.0,3135,0.0,0.0
2024-06-19 09:15:00+09:00,1805.0,1805.0,1803.0,1804.0,490,0.0,0.0
2024-06-19 09:20:00+09:00,1804.0,1804.0,1803.0,1803.0,573,0.0,0.0
2024-06-19 09:25:00+09:00,1803.0,1804.0,1803.0,1804.0,0,0.0,0.0
2024-06-19 09:30:00+09:00,1803.0,1804.0,1802.0,1804.0,1661,0.0,0.0
2024-06-19 09:35:00+09:00,1805.0,1807.0,1805.0,1807.0,0,0.0,0.0
2024-06-19 09:40:00+09:00,1807.0,1807.0,1807.0,1807.0,0,0.0,0.0
2024-06-19 09:45:00+09:00,1804.0,1806.0,1800.0,1804.0,9197,0.0,0.0
2024-06-19 09:50:00+09:00,1804.0,1804.0,1803.0,1803.0,135,0.0,0.0
2024-06-19 09:55:00+09:00,1803.0,1805.0,1801.0,1805.0,863,0.0,0.0
2024-06-19 10:00:00+09:00,1805.0,1805.0,1805.0,1805.0,1,0.0,0.0
2024-06-19 10:05:00+09:00,1802.0,1805.0,1796.0,1797.0,4932,0.0,0.0
2024-06-19 10:10:00+09:00,1797.0,1799.0,1795.0,1795.0,2080,0.0,0.0
2024-06-19 10:15:00+09:00,1799.0,1799.0,1799.0,1799.0,41,0.0,0.0
2024-06-19 10:20:00+09:00,1797.0,1797.0,1794.0,1794.0,2143,0.0,0.0
2024-06-19 10:25:00+09:00,1795.0,1797.0,1795.0,1795.0,1996,0.0,0.0
2024-06-19 10:30:00+09:00,1798.0,1798.0,1796.0,1796.0,981,0.0,0.0
2024-06-19 10:35:00+09:00,1795.0,1798.0,1795.0,1795.0,1562,0.0,0.0
2024-06-19 10:40:00+09:00,1798.0,1798.0,1795.0,1798.0,0,0.0,0.0
2024-06-19 10:45:00+09:00,1798.0,1802.0,1798.0,1802.0,10028,0.0,0.0
2024-06-19 10:50:00+09:00,1801.0,1801.0,1798.0,1798.0,771,0.0,0.0
2024-06-19 10:55:00+09:00,1798.0,1798.0,1798.0,1798.0,0,0.0,0.0
2024-06-19 11:00:00+09:00,1799.0,1799.0,1798.0,1798.0,2034,0.0,0.0
2024-06-19 11:05:00+09:00,1798.0,1799.0,1798.0,1798.0,342,0.0,0.0
2024-06-19 11:10:00+09:00,1798.0,1805.0,1798.0,1805.0,1514,0.0,0.0
2024-06-19 11:15:00+09:00,1805.0,1807.0,1805.0,1807.0,5834,0.0,0.0
2024-06-19 11:20:00+09:00,1803.0,1807.0,1803.0,1805.0,0,0.0,0.0
2024-06-19 11:25:00+09:00,1803.0,1803.0,1803.0,1803.0,58071,0.0,0.0
2024-06-19 11:30:00+09:00,1801.0,1805.0,1798.0,1805.0,1052,0.0,0.0
2024-06-19 11:35:00+09:00,1805.0,1805.0,1804.0,1804.0,1523,0.0,0.0
2024-06-19 11:45:00+09:00,1803.0,1803.0,1800.0,1800.0,1400,0.0,0.0
2024-06-19 11:50:00+09:00,1800.0,1800.0,1800.0,1800.0,0,0.0,0.0
2024-06-19 11:55:00+09:00,1799.0,1800.0,1796.0,1796.0,3768,0.0,0.0
2024-06-19 12:00:00+09:00,1796.0,1796.0,1795.0,1795.0,224,0.0,0.0
2024-06-19 12:05:00+09:00,1795.0,1796.0,1794.0,1796.0,1751,0.0,0.0
2024-06-19 12:10:00+09:00,1795.0,1795.0,1792.0,1792.0,3082,0.0,0.0
2024-06-19 12:15:00+09:00,1793.0,1796.0,1791.0,1791.0,4570,0.0,0.0
2024-06-19 12:20:00+09:00,1793.0,1796.0,1790.0,1796.0,1844,0.0,0.0
2024-06-19 12:25:00+09:00,1792.0,1796.0,1790.0,1796.0,1000,0.0,0.0
2024-06-19 12:30:00+09:00,1796.0,1796.0,1796.0,1796.0,204,0.0,0.0
2024-06-19 12:35:00+09:00,1794.0,1794.0,1794.0,1794.0,48,0.0,0.0
2024-06-19 12:40:00+09:00,1794.0,1794.0,1794.0,1794.0,0,0.0,0.0
2024-06-19 12:45:00+09:00,1793.0,1793.0,1792.0,1792.0,311,0.0,0.0
2024-06-19 12:50:00+09:00,1792.0,1793.0,1790.0,1793.0,451,0.0,0.0
2024-06-19 12:55:00+09:00,1793.0,1793.0,1788.0,1793.0,2602,0.0,0.0
2024-06-19 13:00:00+09:00,1791.0,1791.0,1787.0,1790.0,60,0.0,0.0
2024-06-19 13:05:00+09:00,1790.0,1791.0,1790.0,1791.0,502,0.0,0.0
2024-06-19 13:10:00+09:00,1791.0,1791.0,1791.0,1791.0,20,0.0,0.0
2024-06-19 13:15:00+09:00,1791.0,1791.0,1789.0,1789.0,1354,0.0,0.0
2024-06-19 13:20:00+09:00,1793.0,1793.0,1789.0,1789.0,198,0.0,0.0
2024-06-19 13:25:00+09:00,1789.0,1789.0,1788.0,1789.0,3029,0.0,0.0
2024-06-19 13:30:00+09:00,1789.0,1793.0,1789.0,1793.0,46,0.0,0.0
2024-06-19 13:35:00+09:00,1789.0,1793.0,1787.0,1793.0,2402,0.0,0.0
2024-06-19 13:40:00+09:00,1790.0,1790.0,1786.0,1786.0,2074,0.0,0.0
2024-06-19 13:45:00+09:00,1788.0,1792.0,1787.0,1792.0,2017,0.0,0.0
2024-06-19 13:50:00+09:00,1789.0,1789.0,1788.0,1789.0,4136,0.0,0.0
2024-06-19 13:55:00+09:00,1789.0,1789.0,1789.0,1789.0,0,0.0,0.0
2024-06-19 14:00:00+09:00,1790.0,1790.0,1787.0,1790.0,1788,0.0,0.0
2024-06-19 14:05:00+09:00,1787.0,1787.0,1785.0,1785.0,3681,0.0,0.0
2024-06-19 14:10:00+09:00,1790.0,1794.0,1790.0,1794.0,2145,0.0,0.0
2024-06-19 14:15:00+09:00,1794.0,1800.0,1794.0,1800.0,52,0.0,0.0
2024-06-19 14:20:00+09:00,1796.0,1800.0,1796.0,1799.0,5281,0.0,0.0
2024-06-19 14:25:00+09:00,1799.0,1799.0,1799.0,1799.0,566,0.0,0.0
2024-06-19 14:30:00+09:00,1798.0,1799.0,1798.0,1799.0,973,0.0,0.0
2024-06-19 14:35:00+09:00,1797.0,1797.0,1796.0,1796.0,965,0.0,0.0
2024-06-19 14:40:00+09:00,1794.0,1796.0,1794.0,1796.0,785,0.0,0.0
2024-06-19 14:45:00+09:00,1797.0,1800.0,1797.0,1797.0,2046,0.0,0.0
2024-06-19 14:50:00+09:00,1796.0,1798.0,1796.0,1797.0,4,0.0,0.0
2024-06-19 14:55:00+09:00,1798.0,1802.0,1798.0,1802.0,340,0.0,0.0
2024-06-20 09:00:00+09:00,1812.0,1825.0,1812.0,1824.0,1635,0.0,0.0
2024-06-20 09:05:00+09:00,1823.0,1823.0,1821.0,1821.0,1,0.0,0.0
2024-06-20 09:10:00+09:00,1816.0,1816.0,1815.0,1816.0,4012,0.0,0.0
2024-06-20 09:15:00+09:00,1819.0,1844.0,1819.0,1842.0,20101,0.0,0.0
2024-06-20 09:20:00+09:00,1836.0,1838.0,1832.0,1838.0,1361,0.0,0.0
2024-06-20 09:25:00+09:00,1838.0,1870.0,1838.0,1870.0,48343,0.0,0.0
2024-06-20 09:30:00+09:00,1866.0,1873.0,1864.0,1864.0,21048,0.0,0.0
2024-06-20 09:35:00+09:00,1863.0,1863.0,1841.0,1853.0,50752,0.0,0.0
2024-06-20 09:40:00+09:00,1853.0,1863.0,1847.0,1862.0,3871,0.0,0.0
2024-06-20 09:45:00+09:00,1858.0,1862.0,1858.0,1862.0,213,0.0,0.0
2024-06-20 09:50:00+09:00,1861.0,1884.0,1861.0,1883.0,34016,0.0,0.0
2024-06-20 09:55:00+09:00,1882.0,1890.0,1876.0,1884.0,37396,0.0,0.0
2024-06-20 10:00:00+09:00,1884.0,1884.0,1862.0,1882.0,10878,0.0,0.0
2024-06-20 10:05:00+09:00,1881.0,1882.0,1871.0,1872.0,0,0.0,0.0
2024-06-20 10:10:00+09:00,1872.0,1872.0,1865.0,1865.0,244993,0.0,0.0
2024-06-20 10:15:00+09:00,1866.0,1870.0,1865.0,1866.0,4925,0.0,0.0
2024-06-20 10:20:00+09:00,1866.0,1867.0,1863.0,1864.0,2061,0.0,0.0
2024-06-20 10:25:00+09:00,1863.0,1867.0,1862.0,1862.0,2856,0.0,0.0
2024-06-20 10:30:00+09:00,1864.0,1867.0,1862.0,1862.0,5188,0.0,0.0
2024-06-20 10:35:00+09:00,1861.0,1864.0,1855.0,1860.0,5103,0.0,0.0
2024-06-20 10:40:00+09:00,1860.0,1864.0,1855.0,1861.0,5221,0.0,0.0
2024-06-20 10:45:00+09:00,1858.0,1858.0,1846.0,1847.0,10688,0.0,0.0
2024-06-20 10:50:00+09:00,1849.0,1859.0,1847.0,1853.0,5012,0.0,0.0
2024-06-20 10:55:00+09:00,1853.0,1853.0,1846.0,1847.0,1058,0.0,0.0
2024-06-20 11:00:00+09:00,1847.0,1848.0,1836.0,1847.0,3954,0.0,0.0
2024-06-20 11:05:00+09:00,1847.0,1847.0,1841.0,1841.0,2642,0.0,0.0
2024-06-20 11:10:00+09:00,1841.0,1844.0,1826.0,1833.0,8821,0.0,0.0
2024-06-20 11:15:00+09:00,1837.0,1837.0,1830.0,1830.0,2330,0.0,0.0
2024-06-20 11:20:00+09:00,1835.0,1838.0,1835.0,1838.0,340,0.0,0.0
2024-06-20 11:25:00+09:00,1838.0,1843.0,1837.0,1840.0,1530,0.0,0.0
2024-06-20 11:30:00+09:00,1840.0,1842.0,1840.0,1842.0,478,0.0,0.0
2024-06-20 11:35:00+09:00,1842.0,1842.0,1841.0,1841.0,1024,0.0,0.0
2024-06-20 11:40:00+09:00,1842.0,1842.0,1840.0,1840.0,1045,0.0,0.0
2024-06-20 11:45:00+09:00,1841.0,1841.0,1835.0,1835.0,3938,0.0,0.0
2024-06-20 11:50:00+09:00,1835.0,1840.0,1830.0,1840.0,11655,0.0,0.0
2024-06-20 11:55:00+09:00,1840.0,1841.0,1838.0,1841.0,1949,0.0,0.0
2024-06-20 12:00:00+09:00,1840.0,1842.0,1840.0,1842.0,161,0.0,0.0
2024-06-20 12:05:00+09:00,1841.0,1842.0,1841.0,1842.0,1156,0.0,0.0
2024-06-20 12:10:00+09:00,1843.0,1847.0,1843.0,1847.0,2369,0.0,0.0
2024-06-20 12:15:00+09:00,1848.0,1851.0,1848.0,1850.0,4175,0.0,0.0
2024-06-20 12:20:00+09:00,1851.0,1854.0,1850.0,1854.0,2513,0.0,0.0
2024-06-20 12:25:00+09:00,1854.0,1855.0,1848.0,1848.0,6441,0.0,0.0
2024-06-20 12:30:00+09:00,1849.0,1849.0,1842.0,1842.0,5155,0.0,0.0
2024-06-20 12:35:00+09:00,1846.0,1850.0,1846.0,1850.0,2374,0.0,0.0
2024-06-20 12:40:00+09:00,1853.0,1853.0,1850.0,1850.0,383,0.0,0.0
2024-06-20 12:45:00+09:00,1854.0,1854.0,1854.0,1854.0,83,0.0,0.0
2024-06-20 12:50:00+09:00,1851.0,1853.0,1851.0,1852.0,285,0.0,0.0
2024-06-20 12:55:00+09:00,1853.0,1853.0,1850.0,1850.0,409,0.0,0.0
2024-06-20 13:00:00+09:00,1849.0,1849.0,1842.0,1842.0,5987,0.0,0.0
2024-06-20 13:05:00+09:00,1841.0,1851.0,1841.0,1851.0,1095,0.0,0.0
2024-06-20 13:15:00+09:00,1849.0,1850.0,1849.0,1850.0,3,0.0,0.0
2024-06-20 13:20:00+09:00,1850.0,1850.0,1844.0,1844.0,1026,0.0,0.0
2024-06-20 13:25:00+09:00,1850.0,1851.0,1850.0,1851.0,223,0.0,0.0
2024-06-20 13:30:00+09:00,1851.0,1852.0,1851.0,1852.0,672,0.0,0.0
2024-06-20 13:35:00+09:00,1850.0,1852.0,1850.0,1852.0,602,0.0,0.0
2024-06-20 13:40:00+09:00,1847.0,1849.0,1847.0,1849.0,682,0.0,0.0
2024-06-20 13:45:00+09:00,1850.0,1850.0,1849.0,1849.0,58,0.0,0.0
2024-06-20 13:50:00+09:00,1847.0,1847.0,1847.0,1847.0,432,0.0,0.0
2024-06-20 13:55:00+09:00,1846.0,1846.0,1822.0,1839.0,19837,0.0,0.0
2024-06-20 14:00:00+09:00,1838.0,1847.0,1838.0,1847.0,1004,0.0,0.0
2024-06-20 14:05:00+09:00,1846.0,1849.0,1834.0,1849.0,301,0.0,0.0
2024-06-20 14:10:00+09:00,1847.0,1853.0,1847.0,1853.0,1701,0.0,0.0
2024-06-20 14:15:00+09:00,1850.0,1850.0,1850.0,1850.0,50,0.0,0.0
2024-06-20 14:25:00+09:00,1839.0,1848.0,1838.0,1848.0,3531,0.0,0.0
2024-06-20 14:30:00+09:00,1848.0,1848.0,1847.0,1847.0,22,0.0,0.0
2024-06-20 14:35:00+09:00,1839.0,1847.0,1839.0,1847.0,33,0.0,0.0
2024-06-20 14:45:00+09:00,1841.0,1847.0,1830.0,1847.0,3514,0.0,0.0
2024-06-20 14:50:00+09:00,1835.0,1845.0,1835.0,1844.0,3084,0.0,0.0
2024-06-20 14:55:00+09:00,1836.0,1836.0,1830.0,1831.0,2131,0.0,0.0
2024-06-21 09:00:00+09:00,1847.0,1860.0,1841.0,1841.0,8747,0.0,0.0
2024-06-21 09:05:00+09:00,1830.0,1837.0,1825.0,1837.0,3880,0.0,0.0
2024-06-21 09:10:00+09:00,1829.0,1837.0,1820.0,1834.0,12202,0.0,0.0
2024-06-21 09:15:00+09:00,1831.0,1831.0,1821.0,1821.0,693,0.0,0.0
2024-06-21 09:20:00+09:00,1821.0,1829.0,1816.0,1829.0,0,0.0,0.0
2024-06-21 09:25:00+09:00,1821.0,1821.0,1800.0,1813.0,23680,0.0,0.0
2024-06-21 09:30:00+09:00,1807.0,1810.0,1805.0,1807.0,3243,0.0,0.0
2024-06-21 09:35:00+09:00,1807.0,1814.0,1807.0,1814.0,4347,0.0,0.0
2024-06-21 09:40:00+09:00,1809.0,1811.0,1806.0,1806.0,2181,0.0,0.0
2024-06-21 09:45:00+09:00,1810.0,1810.0,1810.0,1810.0,839,0.0,0.0
2024-06-21 09:50:00+09:00,1810.0,1811.0,1804.0,1804.0,0,0.0,0.0
2024-06-21 09:55:00+09:00,1810.0,1814.0,1810.0,1814.0,64993,0.0,0.0
2024-06-21 10:00:00+09:00,1815.0,1815.0,1815.0,1815.0,0,0.0,0.0
2024-06-21 10:05:00+09:00,1816.0,1820.0,1816.0,1820.0,66092,0.0,0.0
2024-06-21 10:10:00+09:00,1820.0,1820.0,1820.0,1820.0,10,0.0,0.0
2024-06-21 10:15:00+09:00,1816.0,1816.0,1815.0,1815.0,601,0.0,0.0
2024-06-21 10:20:00+09:00,1815.0,1815.0,1810.0,1810.0,5007,0.0,0.0
2024-06-21 10:25:00+09:00,1810.0,1810.0,1810.0,1810.0,509,0.0,0.0
2024-06-21 10:30:00+09:00,1811.0,1824.0,1808.0,1812.0,512,0.0,0.0
2024-06-21 10:35:00+09:00,1813.0,1813.0,1813.0,1813.0,0,0.0,0.0
2024-06-21 10:40:00+09:00,1811.0,1811.0,1807.0,1808.0,2526,0.0,0.0
2024-06-21 10:45:00+09:00,1808.0,1808.0,1808.0,1808.0,0,0.0,0.0
2024-06-21 10:50:00+09:00,1808.0,1808.0,1802.0,1804.0,13112,0.0,0.0
2024-06-21 10:55:00+09:00,1803.0,1807.0,1801.0,1807.0,3075,0.0,0.0
2024-06-21 11:00:00+09:00,1803.0,1806.0,1795.0,1802.0,16879,0.0,0.0
2024-06-21 11:05:00+09:00,1798.0,1798.0,1797.0,1797.0,2409,0.0,0.0
2024-06-21 11:10:00+09:00,1796.0,1799.0,1795.0,1799.0,4042,0.0,0.0
2024-06-21 11:15:00+09:00,1799.0,1801.0,1798.0,1800.0,1164,0.0,0.0
2024-06-21 11:20:00+09:00,1799.0,1799.0,1791.0,1792.0,9717,0.0,0.0
2024-06-21 11:25:00+09:00,1792.0,1801.0,1791.0,1801.0,5317,0.0,0.0
2024-06-21 11:30:00+09:00,1802.0,1802.0,1802.0,1802.0,46,0.0,0.0
2024-06-21 11:35:00+09:00,1802.0,1802.0,1802.0,1802.0,1679,0.0,0.0
2024-06-21 11:40:00+09:00,1802.0,1802.0,1793.0,1798.0,10483,0.0,0.0
2024-06-21 11:45:00+09:00,1794.0,1798.0,1794.0,1798.0,1329,0.0,0.0
2024-06-21 11:50:00+09:00,1799.0,1806.0,1799.0,1802.0,3274,0.0,0.0
2024-06-21 11:55:00+09:00,1802.0,1804.0,1796.0,1799.0,2973,0.0,0.0
2024-06-21 12:00:00+09:00,1799.0,1799.0,1799.0,1799.0,0,0.0,0.0
2024-06-21 12:05:00+09:00,1796.0,1796.0,1792.0,1792.0,8571,0.0,0.0
2024-06-21 12:10:00+09:00,1793.0,1794.0,1792.0,1793.0,0,0.0,0.0
2024-06-21 12:15:00+09:00,1795.0,1795.0,1792.0,1793.0,2530,0.0,0.0
2024-06-21 12:20:00+09:00,1793.0,1793.0,1790.0,1793.0,12035,0.0,0.0
2024-06-21 12:25:00+09:00,1790.0,1791.0,1787.0,1789.0,2885,0.0,0.0
2024-06-21 12:30:00+09:00,1789.0,1789.0,1789.0,1789.0,5,0.0,0.0
2024-06-21 12:35:00+09:00,1789.0,1789.0,1788.0,1789.0,1210,0.0,0.0
2024-06-21 12:40:00+09:00,1788.0,1791.0,1788.0,1791.0,3385,0.0,0.0
2024-06-21 12:45:00+09:00,1791.0,1796.0,1791.0,1796.0,2646,0.0,0.0
2024-06-21 12:50:00+09:00,1797.0,1797.0,1797.0,1797.0,0,0.0,0.0
2024-06-21 12:55:00+09:00,1797.0,1797.0,1795.0,1796.0,260,0.0,0.0
2024-06-21 13:00:00+09:00,1796.0,1797.0,1794.0,1794.0,20,0.0,0.0
2024-06-21 13:05:00+09:00,1797.0,1797.0,1794.0,1794.0,71,0.0,0.0
2024-06-21 13:10:00+09:00,1794.0,1794.0,1794.0,1794.0,515,0.0,0.0
2024-06-21 13:20:00+09:00,1793.0,1793.0,1792.0,1792.0,337,0.0,0.0
2024-06-21 13:25:00+09:00,1793.0,1794.0,1788.0,1793.0,5554,0.0,0.0
2024-06-21 13:30:00+09:00,1789.0,1789.0,1789.0,1789.0,1961,0.0,0.0
2024-06-21 13:35:00+09:00,1789.0,1797.0,1789.0,1797.0,3085,0.0,0.0
2024-06-21 13:40:00+09:00,1798.0,1806.0,1798.0,1805.0,41,0.0,0.0
2024-06-21 13:45:00+09:00,1797.0,1806.0,1789.0,1799.0,6652,0.0,0.0
2024-06-21 13:50:00+09:00,1799.0,1799.0,1795.0,1795.0,1312,0.0,0.0
2024-06-21 13:55:00+09:00,1794.0,1798.0,1794.0,1798.0,230,0.0,0.0
2024-06-21 14:00:00+09:00,1790.0,1798.0,1788.0,1788.0,2025,0.0,0.0
2024-06-21 14:05:00+09:00,1798.0,1798.0,1788.0,1798.0,72,0.0,0.0
2024-06-21 14:10:00+09:00,1789.0,1797.0,1789.0,1797.0,13,0.0,0.0
2024-06-21 14:15:00+09:00,1797.0,1797.0,1797.0,1797.0,14,0.0,0.0
2024-06-21 14:20:00+09:00,1797.0,1797.0,1797.0,1797.0,2600,0.0,0.0
2024-06-21 14:25:00+09:00,1791.0,1791.0,1788.0,1791.0,600,0.0,0.0
2024-06-21 14:30:00+09:00,1791.0,1791.0,1791.0,1791.0,200,0.0,0.0
2024-06-21 14:35:00+09:00,1797.0,1797.0,1797.0,1797.0,0,0.0,0.0
2024-06-21 14:40:00+09:00,1797.0,1798.0,1787.0,1798.0,4397,0.0,0.0
2024-06-21 14:45:00+09:00,1787.0,1798.0,1787.0,1797.0,1323,0.0,0.0
2024-06-21 14:50:00+09:00,1793.0,1793.0,1793.0,1793.0,2020,0.0,0.0
2024-06-21 14:55:00+09:00,1793.0,1793.0,1793.0,1793.0,1001,0.0,0.0
