Datetime,Open,High,Low,Close,Volume,Dividends,Stock Splits
2024-08-22 09:00:00+09:00,3370.0,3370.0,3355.0,3355.0,3700,0.0,0.0
2024-08-22 09:05:00+09:00,3360.0,3360.0,3345.0,3355.0,500,0.0,0.0
2024-08-22 09:10:00+09:00,3355.0,3360.0,3355.0,3355.0,1000,0.0,0.0
2024-08-22 09:15:00+09:00,3350.0,3350.0,3350.0,3350.0,300,0.0,0.0
2024-08-22 09:20:00+09:00,3345.0,3345.0,3340.0,3340.0,500,0.0,0.0
2024-08-22 09:25:00+09:00,3335.0,3335.0,3330.0,3335.0,400,0.0,0.0
2024-08-22 09:30:00+09:00,3340.0,3355.0,3340.0,3355.0,1200,0.0,0.0
2024-08-22 09:35:00+09:00,3360.0,3360.0,3340.0,3340.0,700,0.0,0.0
2024-08-22 09:40:00+09:00,3335.0,3340.0,3330.0,3330.0,400,0.0,0.0
2024-08-22 09:45:00+09:00,3340.0,3340.0,3335.0,3340.0,300,0.0,0.0
2024-08-22 09:50:00+09:00,3345.0,3345.0,3340.0,3340.0,500,0.0,0.0
2024-08-22 09:55:00+09:00,3345.0,3350.0,3345.0,3345.0,400,0.0,0.0
2024-08-22 10:00:00+09:00,3350.0,3350.0,3350.0,3350.0,700,0.0,0.0
2024-08-22 10:05:00+09:00,3355.0,3355.0,3345.0,3355.0,400,0.0,0.0
2024-08-22 10:10:00+09:00,3350.0,3350.0,3350.0,3350.0,100,0.0,0.0
2024-08-22 10:15:00+09:00,3350.0,3365.0,3350.0,3355.0,1800,0.0,0.0
2024-08-22 10:20:00+09:00,3360.0,3365.0,3360.0,3365.0,400,0.0,0.0
2024-08-22 10:30:00+09:00,3360.0,3365.0,3360.0,3360.0,1100,0.0,0.0
2024-08-22 10:35:00+09:00,3365.0,3365.0,3355.0,3365.0,900,0.0,0.0
2024-08-22 10:40:00+09:00,3360.0,3360.0,3360.0,3360.0,100,0.0,0.0
2024-08-22 10:45:00+09:00,3365.0,3370.0,3365.0,3365.0,700,0.0,0.0
2024-08-22 10:50:00+09:00,3365.0,3365.0,3365.0,3365.0,200,0.0,0.0
2024-08-22 11:00:00+09:00,3355.0,3355.0,3355.0,3355.0,100,0.0,0.0
2024-08-22 11:05:00+09:00,3360.0,3360.0,3360.0,3360.0,100,0.0,0.0
2024-08-22 11:10:00+09:00,3355.0,3355.0,3355.0,3355.0,100,0.0,0.0
2024-08-22 11:15:00+09:00,3350.0,3350.0,3350.0,3350.0,100,0.0,0.0
2024-08-22 11:20:00+09:00,3355.0,3365.0,3350.0,3365.0,2400,0.0,0.0
2024-08-22 11:30:00+09:00,3360.0,3360.0,3360.0,3360.0,200,0.0,0.0
2024-08-22 11:35:00+09:00,3360.0,3360.0,3360.0,3360.0,0,0.0,0.0
2024-08-22 12:30:00+09:00,3360.0,3360.0,3350.0,3350.0,21000,0.0,0.0
2024-08-22 12:35:00+09:00,3345.0,3345.0,3345.0,3345.0,0,0.0,0.0
2024-08-22 12:40:00+09:00,3345.0,3345.0,3345.0,3345.0,21700,0.0,0.0
2024-08-22 12:45:00+09:00,3345.0,3345.0,3345.0,3345.0,100,0.0,0.0
2024-08-22 12:55:00+09:00,3335.0,3350.0,3330.0,3350.0,1600,0.0,0.0
2024-08-22 13:00:00+09:00,3345.0,3345.0,3340.0,3340.0,200,0.0,0.0
2024-08-22 13:10:00+09:00,3345.0,3350.0,3345.0,3350.0,700,0.0,0.0
2024-08-22 13:20:00+09:00,3340.0,3365.0,3340.0,3365.0,2900,0.0,0.0
2024-08-22 13:25:00+09:00,3365.0,3380.0,3365.0,3380.0,4100,0.0,0.0
2024-08-22 13:30:00+09:00,3375.0,3375.0,3350.0,3350.0,2000,0.0,0.0
2024-08-22 13:35:00+09:00,3340.0,3350.0,3340.0,3350.0,900,0.0,0.0
2024-08-22 13:40:00+09:00,3350.0,3355.0,3350.0,3355.0,1100,0.0,0.0
2024-08-22 13:55:00+09:00,3360.0,3360.0,3360.0,3360.0,100,0.0,0.0
2024-08-22 14:00:00+09:00,3360.0,3360.0,3360.0,3360.0,500,0.0,0.0
2024-08-22 14:10:00+09:00,3355.0,3360.0,3355.0,3360.0,300,0.0,0.0
2024-08-22 14:15:00+09:00,3355.0,3355.0,3345.0,3350.0,2100,0.0,0.0
2024-08-22 14:20:00+09:00,3345.0,3345.0,3345.0,3345.0,200,0.0,0.0
2024-08-22 14:25:00+09:00,3345.0,3345.0,3345.0,3345.0,200,0.0,0.0
2024-08-22 14:30:00+09:00,3340.0,3340.0,3340.0,3340.0,400,0.0,0.0
2024-08-22 14:35:00+09:00,3340.0,3340.0,3340.0,3340.0,300,0.0,0.0
2024-08-22 14:45:00+09:00,3340.0,3340.0,3340.0,3340.0,400,0.0,0.0
2024-08-22 14:50:00+09:00,3345.0,3345.0,3345.0,3345.0,800,0.0,0.0
2024-08-22 14:55:00+09:00,3345.0,3345.0,3345.0,3345.0,300,0.0,0.0
2024-08-23 09:00:00+09:00,3365.0,3375.0,3355.0,3355.0,3400,0.0,0.0
2024-08-23 09:05:00+09:00,3355.0,3355.0,3355.0,3355.0,400,0.0,0.0
2024-08-23 09:10:00+09:00,3350.0,3350.0,3345.0,3345.0,200,0.0,0.0
2024-08-23 09:15:00+09:00,3355.0,3355.0,3350.0,3350.0,400,0.0,0.0
2024-08-23 09:25:00+09:00,3350.0,3350.0,3350.0,3350.0,100,0.0,0.0
2024-08-23 09:35:00+09:00,3345.0,3350.0,3345.0,3345.0,700,0.0,0.0
2024-08-23 09:40:00+09:00,3350.0,3355.0,3350.0,3355.0,200,0.0,0.0
2024-08-23 09:45:00+09:00,3355.0,3355.0,3350.0,3350.0,500,0.0,0.0
2024-08-23 09:50:00+09:00,3355.0,3355.0,3355.0,3355.0,200,0.0,0.0
2024-08-23 09:55:00+09:00,3360.0,3370.0,3360.0,3370.0,1000,0.0,0.0
2024-08-23 10:00:00+09:00,3360.0,3360.0,3360.0,3360.0,600,0.0,0.0
2024-08-23 10:05:00+09:00,3360.0,3360.0,3360.0,3360.0,100,0.0,0.0
2024-08-23 10:15:00+09:00,3360.0,3360.0,3355.0,3355.0,200,0.0,0.0
2024-08-23 10:20:00+09:00,3355.0,3360.0,3355.0,3360.0,300,0.0,0.0
2024-08-23 10:25:00+09:00,3365.0,3365.0,3365.0,3365.0,300,0.0,0.0
2024-08-23 10:35:00+09:00,3360.0,3360.0,3360.0,3360.0,400,0.0,0.0
2024-08-23 10:40:00+09:00,3355.0,3355.0,3355.0,3355.0,500,0.0,0.0
2024-08-23 10:50:00+09:00,3345.0,3350.0,3345.0,3350.0,400,0.0,0.0
2024-08-23 10:55:00+09:00,3345.0,3345.0,3345.0,3345.0,200,0.0,0.0
2024-08-23 11:00:00+09:00,3340.0,3340.0,3340.0,3340.0,200,0.0,0.0
2024-08-23 11:05:00+09:00,3340.0,3345.0,3340.0,3345.0,500,0.0,0.0
2024-08-23 11:10:00+09:00,3345.0,3345.0,3345.0,3345.0,400,0.0,0.0
2024-08-23 11:20:00+09:00,3350.0,3350.0,3350.0,3350.0,300,0.0,0.0
2024-08-23 11:25:00+09:00,3350.0,3350.0,3350.0,3350.0,400,0.0,0.0
2024-08-23 11:30:00+09:00,3350.0,3350.0,3350.0,3350.0,200,0.0,0.0
2024-08-23 11:35:00+09:00,3350.0,3350.0,3350.0,3350.0,0,0.0,0.0
2024-08-23 12:30:00+09:00,3350.0,3355.0,3350.0,3355.0,0,0.0,0.0
2024-08-23 12:40:00+09:00,3360.0,3360.0,3360.0,3360.0,13400,0.0,0.0
2024-08-23 12:45:00+09:00,3365.0,3365.0,3360.0,3365.0,300,0.0,0.0
2024-08-23 12:50:00+09:00,3365.0,3365.0,3360.0,3360.0,500,0.0,0.0
2024-08-23 13:00:00+09:00,3360.0,3360.0,3360.0,3360.0,300,0.0,0.0
2024-08-23 13:05:00+09:00,3360.0,3360.0,3360.0,3360.0,200,0.0,0.0
2024-08-23 13:10:00+09:00,3360.0,3360.0,3360.0,3360.0,700,0.0,0.0
2024-08-23 13:15:00+09:00,3360.0,3360.0,3360.0,3360.0,100,0.0,0.0
2024-08-23 13:25:00+09:00,3360.0,3360.0,3360.0,3360.0,700,0.0,0.0
2024-08-23 13:30:00+09:00,3360.0,3360.0,3360.0,3360.0,100,0.0,0.0
2024-08-23 13:35:00+09:00,3355.0,3355.0,3355.0,3355.0,700,0.0,0.0
2024-08-23 13:40:00+09:00,3350.0,3350.0,3350.0,3350.0,300,0.0,0.0
2024-08-23 13:45:00+09:00,3355.0,3355.0,3355.0,3355.0,600,0.0,0.0
2024-08-23 13:50:00+09:00,3355.0,3355.0,3355.0,3355.0,100,0.0,0.0
2024-08-23 13:55:00+09:00,3350.0,3350.0,3350.0,3350.0,200,0.0,0.0
2024-08-23 14:00:00+09:00,3350.0,3350.0,3350.0,3350.0,100,0.0,0.0
2024-08-23 14:05:00+09:00,3350.0,3350.0,3350.0,3350.0,2400,0.0,0.0
2024-08-23 14:15:00+09:00,3350.0,3350.0,3345.0,3345.0,800,0.0,0.0
2024-08-23 14:20:00+09:00,3340.0,3340.0,3335.0,3335.0,600,0.0,0.0
2024-08-23 14:25:00+09:00,3335.0,3335.0,3335.0,3335.0,200,0.0,0.0
2024-08-23 14:30:00+09:00,3340.0,3340.0,3340.0,3340.0,700,0.0,0.0
2024-08-23 14:35:00+09:00,3340.0,3340.0,3340.0,3340.0,100,0.0,0.0
2024-08-23 14:40:00+09:00,3335.0,3335.0,3330.0,3335.0,900,0.0,0.0
2024-08-23 14:45:00+09:00,3335.0,3340.0,3335.0,3340.0,500,0.0,0.0
2024-08-23 14:50:00+09:00,3340.0,3340.0,3340.0,3340.0,100,0.0,0.0
2024-08-23 14:55:00+09:00,3345.0,3345.0,3335.0,3335.0,500,0.0,0.0
2024-08-26 09:00:00+09:00,3330.0,3360.0,3330.0,3360.0,2200,0.0,0.0
2024-08-26 09:10:00+09:00,3350.0,3350.0,3350.0,3350.0,100,0.0,0.0
2024-08-26 09:15:00+09:00,3355.0,3355.0,3350.0,3350.0,500,0.0,0.0
2024-08-26 09:20:00+09:00,3350.0,3355.0,3345.0,3345.0,400,0.0,0.0
2024-08-26 09:25:00+09:00,3340.0,3345.0,3340.0,3340.0,400,0.0,0.0
2024-08-26 09:35:00+09:00,3345.0,3345.0,3345.0,3345.0,200,0.0,0.0
2024-08-26 09:40:00+09:00,3340.0,3350.0,3340.0,3350.0,400,0.0,0.0
2024-08-26 09:45:00+09:00,3345.0,3345.0,3340.0,3340.0,800,0.0,0.0
2024-08-26 09:50:00+09:00,3345.0,3345.0,3345.0,3345.0,300,0.0,0.0
2024-08-26 09:55:00+09:00,3345.0,3345.0,3345.0,3345.0,400,0.0,0.0
2024-08-26 10:00:00+09:00,3345.0,3345.0,3345.0,3345.0,100,0.0,0.0
2024-08-26 10:05:00+09:00,3345.0,3345.0,3345.0,3345.0,200,0.0,0.0
2024-08-26 10:10:00+09:00,3345.0,3345.0,3345.0,3345.0,100,0.0,0.0
2024-08-26 10:15:00+09:00,3340.0,3340.0,3340.0,3340.0,400,0.0,0.0
2024-08-26 10:20:00+09:00,3345.0,3350.0,3345.0,3350.0,600,0.0,0.0
2024-08-26 10:25:00+09:00,3345.0,3345.0,3345.0,3345.0,100,0.0,0.0
2024-08-26 10:35:00+09:00,3345.0,3345.0,3345.0,3345.0,100,0.0,0.0
2024-08-26 10:45:00+09:00,3345.0,3345.0,3345.0,3345.0,200,0.0,0.0
2024-08-26 10:50:00+09:00,3340.0,3340.0,3340.0,3340.0,300,0.0,0.0
2024-08-26 10:55:00+09:00,3335.0,3340.0,3335.0,3340.0,200,0.0,0.0
2024-08-26 11:00:00+09:00,3335.0,3335.0,3335.0,3335.0,100,0.0,0.0
2024-08-26 11:05:00+09:00,3335.0,3335.0,3335.0,3335.0,100,0.0,0.0
2024-08-26 11:15:00+09:00,3335.0,3340.0,3335.0,3340.0,200,0.0,0.0
2024-08-26 11:20:00+09:00,3335.0,3335.0,3335.0,3335.0,100,0.0,0.0
2024-08-26 11:25:00+09:00,3335.0,3335.0,3335.0,3335.0,200,0.0,0.0
2024-08-26 11:30:00+09:00,3330.0,3330.0,3330.0,3330.0,100,0.0,0.0
2024-08-26 11:35:00+09:00,3330.0,3330.0,3330.0,3330.0,0,0.0,0.0
2024-08-26 12:30:00+09:00,3350.0,3350.0,3340.0,3340.0,14300,0.0,0.0
2024-08-26 12:40:00+09:00,3340.0,3340.0,3340.0,3340.0,100,0.0,0.0
2024-08-26 12:45:00+09:00,3335.0,3335.0,3335.0,3335.0,300,0.0,0.0
2024-08-26 12:50:00+09:00,3340.0,3340.0,3340.0,3340.0,400,0.0,0.0
2024-08-26 12:55:00+09:00,3340.0,3345.0,3340.0,3345.0,400,0.0,0.0
2024-08-26 13:00:00+09:00,3345.0,3345.0,3345.0,3345.0,700,0.0,0.0
2024-08-26 13:05:00+09:00,3350.0,3350.0,3350.0,3350.0,100,0.0,0.0
2024-08-26 13:10:00+09:00,3350.0,3350.0,3350.0,3350.0,100,0.0,0.0
2024-08-26 13:15:00+09:00,3350.0,3355.0,3350.0,3350.0,700,0.0,0.0
2024-08-26 13:20:00+09:00,3355.0,3355.0,3355.0,3355.0,200,0.0,0.0
2024-08-26 13:30:00+09:00,3360.0,3360.0,3355.0,3360.0,300,0.0,0.0
2024-08-26 13:35:00+09:00,3360.0,3360.0,3355.0,3360.0,1600,0.0,0.0
2024-08-26 13:40:00+09:00,3360.0,3360.0,3360.0,3360.0,100,0.0,0.0
2024-08-26 13:45:00+09:00,3355.0,3355.0,3355.0,3355.0,100,0.0,0.0
2024-08-26 13:50:00+09:00,3365.0,3365.0,3365.0,3365.0,100,0.0,0.0
2024-08-26 14:00:00+09:00,3365.0,3370.0,3360.0,3370.0,1200,0.0,0.0
2024-08-26 14:05:00+09:00,3370.0,3370.0,3370.0,3370.0,100,0.0,0.0
2024-08-26 14:10:00+09:00,3370.0,3375.0,3370.0,3375.0,800,0.0,0.0
2024-08-26 14:15:00+09:00,3370.0,3385.0,3370.0,3380.0,500,0.0,0.0
2024-08-26 14:20:00+09:00,3380.0,3380.0,3380.0,3380.0,200,0.0,0.0
2024-08-26 14:25:00+09:00,3380.0,3385.0,3380.0,3380.0,1100,0.0,0.0
2024-08-26 14:30:00+09:00,3380.0,3385.0,3380.0,3385.0,200,0.0,0.0
2024-08-26 14:35:00+09:00,3385.0,3385.0,3385.0,3385.0,500,0.0,0.0
2024-08-26 14:40:00+09:00,3385.0,3390.0,3385.0,3390.0,1000,0.0,0.0
2024-08-26 14:45:00+09:00,3385.0,3390.0,3385.0,3390.0,1000,0.0,0.0
2024-08-26 14:50:00+09:00,3390.0,3390.0,3385.0,3385.0,700,0.0,0.0
2024-08-26 14:55:00+09:00,3390.0,3395.0,3385.0,3395.0,1600,0.0,0.0
2024-08-27 09:00:00+09:00,3370.0,3370.0,3370.0,3370.0,800,0.0,0.0
2024-08-27 09:10:00+09:00,3380.0,3395.0,3380.0,3395.0,700,0.0,0.0
2024-08-27 09:15:00+09:00,3390.0,3390.0,3390.0,3390.0,100,0.0,0.0
2024-08-27 09:20:00+09:00,3395.0,3395.0,3385.0,3390.0,700,0.0,0.0
2024-08-27 09:25:00+09:00,3385.0,3385.0,3385.0,3385.0,300,0.0,0.0
2024-08-27 09:40:00+09:00,3390.0,3390.0,3390.0,3390.0,600,0.0,0.0
2024-08-27 09:45:00+09:00,3385.0,3385.0,3385.0,3385.0,300,0.0,0.0
2024-08-27 09:55:00+09:00,3385.0,3385.0,3385.0,3385.0,100,0.0,0.0
2024-08-27 10:00:00+09:00,3385.0,3385.0,3380.0,3380.0,300,0.0,0.0
2024-08-27 10:05:00+09:00,3385.0,3385.0,3385.0,3385.0,100,0.0,0.0
2024-08-27 10:15:00+09:00,3385.0,3385.0,3385.0,3385.0,100,0.0,0.0
2024-08-27 10:20:00+09:00,3380.0,3380.0,3380.0,3380.0,0,0.0,0.0
2024-08-27 10:25:00+09:00,3380.0,3380.0,3380.0,3380.0,4300,0.0,0.0
2024-08-27 10:30:00+09:00,3375.0,3375.0,3375.0,3375.0,300,0.0,0.0
2024-08-27 10:40:00+09:00,3380.0,3380.0,3380.0,3380.0,300,0.0,0.0
2024-08-27 10:50:00+09:00,3375.0,3375.0,3375.0,3375.0,0,0.0,0.0
2024-08-27 10:55:00+09:00,3375.0,3375.0,3375.0,3375.0,5100,0.0,0.0
2024-08-27 11:05:00+09:00,3380.0,3380.0,3380.0,3380.0,100,0.0,0.0
2024-08-27 11:10:00+09:00,3380.0,3380.0,3370.0,3370.0,300,0.0,0.0
2024-08-27 11:20:00+09:00,3380.0,3380.0,3380.0,3380.0,100,0.0,0.0
2024-08-27 11:25:00+09:00,3375.0,3380.0,3375.0,3380.0,200,0.0,0.0
2024-08-27 11:30:00+09:00,3380.0,3380.0,3380.0,3380.0,100,0.0,0.0
2024-08-27 11:35:00+09:00,3380.0,3380.0,3380.0,3380.0,0,0.0,0.0
2024-08-27 12:30:00+09:00,3375.0,3380.0,3370.0,3380.0,7800,0.0,0.0
2024-08-27 12:35:00+09:00,3385.0,3385.0,3385.0,3385.0,400,0.0,0.0
2024-08-27 12:40:00+09:00,3390.0,3390.0,3390.0,3390.0,500,0.0,0.0
2024-08-27 12:45:00+09:00,3390.0,3390.0,3390.0,3390.0,300,0.0,0.0
2024-08-27 12:50:00+09:00,3395.0,3395.0,3395.0,3395.0,100,0.0,0.0
2024-08-27 12:55:00+09:00,3395.0,3410.0,3395.0,3410.0,3600,0.0,0.0
2024-08-27 13:00:00+09:00,3410.0,3410.0,3410.0,3410.0,200,0.0,0.0
2024-08-27 13:05:00+09:00,3410.0,3410.0,3410.0,3410.0,300,0.0,0.0
2024-08-27 13:10:00+09:00,3410.0,3410.0,3410.0,3410.0,100,0.0,0.0
2024-08-27 13:15:00+09:00,3410.0,3415.0,3410.0,3415.0,300,0.0,0.0
2024-08-27 13:25:00+09:00,3415.0,3420.0,3415.0,3415.0,2500,0.0,0.0
2024-08-27 13:30:00+09:00,3415.0,3415.0,3415.0,3415.0,800,0.0,0.0
2024-08-27 13:35:00+09:00,3420.0,3420.0,3420.0,3420.0,200,0.0,0.0
2024-08-27 13:40:00+09:00,3405.0,3405.0,3405.0,3405.0,0,0.0,0.0
2024-08-27 13:45:00+09:00,3415.0,3415.0,3415.0,3415.0,20900,0.0,0.0
2024-08-27 13:50:00+09:00,3415.0,3415.0,3415.0,3415.0,100,0.0,0.0
2024-08-27 13:55:00+09:00,3415.0,3415.0,3410.0,3410.0,300,0.0,0.0
2024-08-27 14:05:00+09:00,3415.0,3415.0,3415.0,3415.0,100,0.0,0.0
2024-08-27 14:10:00+09:00,3415.0,3415.0,3415.0,3415.0,500,0.0,0.0
2024-08-27 14:15:00+09:00,3420.0,3420.0,3420.0,3420.0,100,0.0,0.0
2024-08-27 14:20:00+09:00,3420.0,3420.0,3420.0,3420.0,100,0.0,0.0
2024-08-27 14:30:00+09:00,3420.0,3420.0,3420.0,3420.0,100,0.0,0.0
2024-08-27 14:40:00+09:00,3420.0,3435.0,3420.0,3435.0,5600,0.0,0.0
2024-08-27 14:45:00+09:00,3435.0,3440.0,3435.0,3435.0,1200,0.0,0.0
2024-08-27 14:50:00+09:00,3435.0,3440.0,3435.0,3440.0,700,0.0,0.0
2024-08-27 14:55:00+09:00,3440.0,3445.0,3430.0,3430.0,4300,0.0,0.0
2024-08-28 09:00:00+09:00,3445.0,3450.0,3420.0,3420.0,7800,0.0,0.0
2024-08-28 09:05:00+09:00,3415.0,3415.0,3410.0,3410.0,500,0.0,0.0
2024-08-28 09:10:00+09:00,3415.0,3415.0,3415.0,3415.0,700,0.0,0.0
2024-08-28 09:15:00+09:00,3415.0,3415.0,3410.0,3410.0,400,0.0,0.0
2024-08-28 09:20:00+09:00,3405.0,3405.0,3390.0,3395.0,1400,0.0,0.0
2024-08-28 09:25:00+09:00,3390.0,3395.0,3390.0,3390.0,500,0.0,0.0
2024-08-28 09:30:00+09:00,3385.0,3385.0,3385.0,3385.0,200,0.0,0.0
2024-08-28 09:35:00+09:00,3390.0,3390.0,3390.0,3390.0,600,0.0,0.0
2024-08-28 09:40:00+09:00,3390.0,3390.0,3385.0,3385.0,600,0.0,0.0
2024-08-28 09:45:00+09:00,3385.0,3385.0,3385.0,3385.0,600,0.0,0.0
2024-08-28 09:50:00+09:00,3385.0,3390.0,3385.0,3385.0,500,0.0,0.0
2024-08-28 09:55:00+09:00,3390.0,3390.0,3390.0,3390.0,200,0.0,0.0
2024-08-28 10:00:00+09:00,3390.0,3395.0,3385.0,3385.0,1700,0.0,0.0
2024-08-28 10:05:00+09:00,3380.0,3380.0,3375.0,3375.0,1200,0.0,0.0
2024-08-28 10:10:00+09:00,3375.0,3375.0,3375.0,3375.0,1300,0.0,0.0
2024-08-28 10:15:00+09:00,3380.0,3385.0,3380.0,3385.0,300,0.0,0.0
2024-08-28 10:20:00+09:00,3385.0,3385.0,3385.0,3385.0,300,0.0,0.0
2024-08-28 10:25:00+09:00,3390.0,3390.0,3390.0,3390.0,200,0.0,0.0
2024-08-28 10:30:00+09:00,3395.0,3395.0,3395.0,3395.0,800,0.0,0.0
2024-08-28 10:35:00+09:00,3400.0,3400.0,3395.0,3395.0,600,0.0,0.0
2024-08-28 10:40:00+09:00,3395.0,3400.0,3395.0,3400.0,600,0.0,0.0
2024-08-28 10:45:00+09:00,3405.0,3410.0,3405.0,3410.0,800,0.0,0.0
2024-08-28 10:50:00+09:00,3410.0,3410.0,3410.0,3410.0,300,0.0,0.0
2024-08-28 10:55:00+09:00,3415.0,3415.0,3415.0,3415.0,300,0.0,0.0
2024-08-28 11:00:00+09:00,3415.0,3415.0,3410.0,3410.0,400,0.0,0.0
2024-08-28 11:05:00+09:00,3410.0,3415.0,3410.0,3415.0,600,0.0,0.0
2024-08-28 11:10:00+09:00,3415.0,3415.0,3415.0,3415.0,100,0.0,0.0
2024-08-28 11:15:00+09:00,3415.0,3415.0,3415.0,3415.0,100,0.0,0.0
2024-08-28 11:20:00+09:00,3420.0,3420.0,3420.0,3420.0,900,0.0,0.0
2024-08-28 11:25:00+09:00,3425.0,3425.0,3410.0,3410.0,1300,0.0,0.0
2024-08-28 11:30:00+09:00,3410.0,3410.0,3410.0,3410.0,100,0.0,0.0
2024-08-28 11:35:00+09:00,3410.0,3410.0,3410.0,3410.0,0,0.0,0.0
2024-08-28 12:30:00+09:00,3420.0,3420.0,3395.0,3410.0,30400,0.0,0.0
2024-08-28 12:35:00+09:00,3415.0,3430.0,3415.0,3430.0,1800,0.0,0.0
2024-08-28 12:40:00+09:00,3435.0,3435.0,3430.0,3430.0,1900,0.0,0.0
2024-08-28 12:45:00+09:00,3430.0,3430.0,3425.0,3425.0,2300,0.0,0.0
2024-08-28 12:50:00+09:00,3425.0,3430.0,3425.0,3430.0,800,0.0,0.0
2024-08-28 12:55:00+09:00,3435.0,3435.0,3430.0,3430.0,1400,0.0,0.0
2024-08-28 13:00:00+09:00,3430.0,3430.0,3430.0,3430.0,1000,0.0,0.0
2024-08-28 13:05:00+09:00,3435.0,3435.0,3430.0,3430.0,1000,0.0,0.0
2024-08-28 13:10:00+09:00,3435.0,3435.0,3435.0,3435.0,700,0.0,0.0
2024-08-28 13:15:00+09:00,3435.0,3435.0,3435.0,3435.0,700,0.0,0.0
2024-08-28 13:20:00+09:00,3435.0,3435.0,3435.0,3435.0,1000,0.0,0.0
2024-08-28 13:25:00+09:00,3435.0,3435.0,3435.0,3435.0,1600,0.0,0.0
2024-08-28 13:30:00+09:00,3435.0,3440.0,3435.0,3440.0,1900,0.0,0.0
2024-08-28 13:35:00+09:00,3445.0,3445.0,3440.0,3440.0,900,0.0,0.0
2024-08-28 13:40:00+09:00,3440.0,3440.0,3435.0,3435.0,400,0.0,0.0
2024-08-28 13:45:00+09:00,3435.0,3435.0,3435.0,3435.0,400,0.0,0.0
2024-08-28 13:50:00+09:00,3440.0,3440.0,3435.0,3435.0,400,0.0,0.0
2024-08-28 13:55:00+09:00,3435.0,3440.0,3435.0,3440.0,400,0.0,0.0
2024-08-28 14:00:00+09:00,3440.0,3440.0,3435.0,3435.0,900,0.0,0.0
2024-08-28 14:05:00+09:00,3440.0,3445.0,3440.0,3445.0,3000,0.0,0.0
2024-08-28 14:10:00+09:00,3450.0,3455.0,3450.0,3455.0,5100,0.0,0.0
2024-08-28 14:15:00+09:00,3450.0,3450.0,3450.0,3450.0,900,0.0,0.0
2024-08-28 14:20:00+09:00,3450.0,3450.0,3450.0,3450.0,4200,0.0,0.0
2024-08-28 14:25:00+09:00,3450.0,3450.0,3430.0,3435.0,11100,0.0,0.0
2024-08-28 14:30:00+09:00,3435.0,3435.0,3435.0,3435.0,400,0.0,0.0
2024-08-28 14:35:00+09:00,3435.0,3435.0,3430.0,3430.0,3000,0.0,0.0
2024-08-28 14:40:00+09:00,3435.0,3440.0,3435.0,3440.0,2700,0.0,0.0
2024-08-28 14:45:00+09:00,3440.0,3440.0,3440.0,3440.0,2400,0.0,0.0
2024-08-28 14:50:00+09:00,3440.0,3440.0,3440.0,3440.0,2700,0.0,0.0
2024-08-28 14:55:00+09:00,3445.0,3445.0,3435.0,3435.0,1400,0.0,0.0
2024-08-29 09:00:00+09:00,3440.0,3440.0,3425.0,3425.0,2200,0.0,0.0
2024-08-29 09:05:00+09:00,3440.0,3440.0,3425.0,3425.0,400,0.0,0.0
2024-08-29 09:10:00+09:00,3435.0,3435.0,3430.0,3430.0,200,0.0,0.0
2024-08-29 09:15:00+09:00,3430.0,3435.0,3430.0,3435.0,3600,0.0,0.0
2024-08-29 09:20:00+09:00,3430.0,3430.0,3430.0,3430.0,300,0.0,0.0
2024-08-29 09:25:00+09:00,3430.0,3430.0,3430.0,3430.0,200,0.0,0.0
2024-08-29 09:30:00+09:00,3425.0,3425.0,3405.0,3410.0,1400,0.0,0.0
2024-08-29 09:35:00+09:00,3415.0,3420.0,3415.0,3415.0,1300,0.0,0.0
2024-08-29 09:40:00+09:00,3420.0,3420.0,3420.0,3420.0,300,0.0,0.0
2024-08-29 09:45:00+09:00,3420.0,3420.0,3420.0,3420.0,300,0.0,0.0
2024-08-29 09:50:00+09:00,3420.0,3420.0,3420.0,3420.0,400,0.0,0.0
2024-08-29 09:55:00+09:00,3415.0,3420.0,3415.0,3415.0,800,0.0,0.0
2024-08-29 10:00:00+09:00,3420.0,3425.0,3420.0,3425.0,600,0.0,0.0
2024-08-29 10:05:00+09:00,3425.0,3425.0,3425.0,3425.0,600,0.0,0.0
2024-08-29 10:10:00+09:00,3420.0,3420.0,3420.0,3420.0,200,0.0,0.0
2024-08-29 10:15:00+09:00,3420.0,3420.0,3420.0,3420.0,500,0.0,0.0
2024-08-29 10:20:00+09:00,3420.0,3420.0,3420.0,3420.0,400,0.0,0.0
2024-08-29 10:25:00+09:00,3420.0,3420.0,3420.0,3420.0,200,0.0,0.0
2024-08-29 10:30:00+09:00,3420.0,3420.0,3420.0,3420.0,500,0.0,0.0
2024-08-29 10:40:00+09:00,3425.0,3425.0,3425.0,3425.0,600,0.0,0.0
2024-08-29 10:45:00+09:00,3425.0,3425.0,3425.0,3425.0,200,0.0,0.0
2024-08-29 10:50:00+09:00,3425.0,3425.0,3420.0,3420.0,600,0.0,0.0
2024-08-29 10:55:00+09:00,3420.0,3420.0,3420.0,3420.0,200,0.0,0.0
2024-08-29 11:00:00+09:00,3415.0,3415.0,3415.0,3415.0,300,0.0,0.0
2024-08-29 11:05:00+09:00,3415.0,3415.0,3415.0,3415.0,1300,0.0,0.0
2024-08-29 11:10:00+09:00,3420.0,3420.0,3420.0,3420.0,100,0.0,0.0
2024-08-29 11:15:00+09:00,3420.0,3420.0,3415.0,3415.0,400,0.0,0.0
2024-08-29 11:20:00+09:00,3410.0,3410.0,3410.0,3410.0,100,0.0,0.0
2024-08-29 11:35:00+09:00,3410.0,3410.0,3410.0,3410.0,0,0.0,0.0
2024-08-29 12:30:00+09:00,3405.0,3405.0,3395.0,3395.0,19200,0.0,0.0
2024-08-29 12:35:00+09:00,3395.0,3395.0,3395.0,3395.0,800,0.0,0.0
2024-08-29 12:45:00+09:00,3395.0,3400.0,3395.0,3395.0,700,0.0,0.0
2024-08-29 12:55:00+09:00,3395.0,3395.0,3395.0,3395.0,100,0.0,0.0
2024-08-29 13:00:00+09:00,3395.0,3395.0,3395.0,3395.0,100,0.0,0.0
2024-08-29 13:05:00+09:00,3390.0,3390.0,3390.0,3390.0,1200,0.0,0.0
2024-08-29 13:10:00+09:00,3395.0,3395.0,3395.0,3395.0,200,0.0,0.0
2024-08-29 13:15:00+09:00,3395.0,3395.0,3395.0,3395.0,400,0.0,0.0
2024-08-29 13:20:00+09:00,3390.0,3390.0,3390.0,3390.0,600,0.0,0.0
2024-08-29 13:25:00+09:00,3390.0,3390.0,3390.0,3390.0,200,0.0,0.0
2024-08-29 13:30:00+09:00,3390.0,3390.0,3385.0,3390.0,500,0.0,0.0
2024-08-29 13:35:00+09:00,3390.0,3390.0,3390.0,3390.0,500,0.0,0.0
2024-08-29 13:40:00+09:00,3390.0,3390.0,3390.0,3390.0,500,0.0,0.0
2024-08-29 13:45:00+09:00,3390.0,3390.0,3390.0,3390.0,100,0.0,0.0
2024-08-29 13:50:00+09:00,3395.0,3395.0,3395.0,3395.0,100,0.0,0.0
2024-08-29 13:55:00+09:00,3390.0,3390.0,3390.0,3390.0,100,0.0,0.0
2024-08-29 14:05:00+09:00,3390.0,3390.0,3390.0,3390.0,100,0.0,0.0
2024-08-29 14:10:00+09:00,3390.0,3390.0,3390.0,3390.0,700,0.0,0.0
2024-08-29 14:15:00+09:00,3390.0,3390.0,3390.0,3390.0,100,0.0,0.0
2024-08-29 14:20:00+09:00,3390.0,3390.0,3390.0,3390.0,800,0.0,0.0
2024-08-29 14:25:00+09:00,3390.0,3390.0,3390.0,3390.0,100,0.0,0.0
2024-08-29 14:30:00+09:00,3390.0,3390.0,3390.0,3390.0,200,0.0,0.0
2024-08-29 14:35:00+09:00,3390.0,3390.0,3390.0,3390.0,1100,0.0,0.0
2024-08-29 14:40:00+09:00,3390.0,3390.0,3390.0,3390.0,600,0.0,0.0
2024-08-29 14:45:00+09:00,3395.0,3395.0,3390.0,3390.0,600,0.0,0.0
2024-08-29 14:50:00+09:00,3395.0,3395.0,3395.0,3395.0,2100,0.0,0.0
2024-08-29 14:55:00+09:00,3390.0,3390.0,3390.0,3390.0,400,0.0,0.0
2024-08-30 09:00:00+09:00,3405.0,3430.0,3405.0,3425.0,4400,0.0,0.0
2024-08-30 09:10:00+09:00,3425.0,3425.0,3420.0,3420.0,1300,0.0,0.0
2024-08-30 09:20:00+09:00,3410.0,3420.0,3410.0,3420.0,800,0.0,0.0
2024-08-30 09:30:00+09:00,3420.0,3420.0,3420.0,3420.0,100,0.0,0.0
2024-08-30 09:40:00+09:00,3430.0,3430.0,3430.0,3430.0,100,0.0,0.0
2024-08-30 09:50:00+09:00,3430.0,3430.0,3425.0,3425.0,800,0.0,0.0
2024-08-30 09:55:00+09:00,3425.0,3425.0,3425.0,3425.0,300,0.0,0.0
2024-08-30 10:05:00+09:00,3425.0,3425.0,3425.0,3425.0,500,0.0,0.0
2024-08-30 10:10:00+09:00,3425.0,3425.0,3425.0,3425.0,400,0.0,0.0
2024-08-30 10:15:00+09:00,3425.0,3425.0,3420.0,3420.0,200,0.0,0.0
2024-08-30 10:20:00+09:00,3425.0,3425.0,3425.0,3425.0,300,0.0,0.0
2024-08-30 10:25:00+09:00,3425.0,3425.0,3425.0,3425.0,500,0.0,0.0
2024-08-30 10:30:00+09:00,3430.0,3430.0,3430.0,3430.0,300,0.0,0.0
2024-08-30 10:45:00+09:00,3425.0,3425.0,3420.0,3420.0,600,0.0,0.0
2024-08-30 10:50:00+09:00,3420.0,3420.0,3415.0,3415.0,600,0.0,0.0
2024-08-30 10:55:00+09:00,3420.0,3420.0,3420.0,3420.0,800,0.0,0.0
2024-08-30 11:00:00+09:00,3415.0,3415.0,3415.0,3415.0,500,0.0,0.0
2024-08-30 11:05:00+09:00,3415.0,3415.0,3415.0,3415.0,100,0.0,0.0
2024-08-30 11:20:00+09:00,3420.0,3420.0,3415.0,3415.0,200,0.0,0.0
2024-08-30 11:25:00+09:00,3420.0,3420.0,3415.0,3415.0,300,0.0,0.0
2024-08-30 11:35:00+09:00,3415.0,3415.0,3415.0,3415.0,0,0.0,0.0
2024-08-30 12:30:00+09:00,3415.0,3420.0,3400.0,3410.0,15800,0.0,0.0
2024-08-30 12:35:00+09:00,3415.0,3415.0,3410.0,3410.0,300,0.0,0.0
2024-08-30 12:50:00+09:00,3405.0,3405.0,3405.0,3405.0,200,0.0,0.0
2024-08-30 12:55:00+09:00,3405.0,3405.0,3395.0,3395.0,900,0.0,0.0
2024-08-30 13:00:00+09:00,3400.0,3400.0,3400.0,3400.0,600,0.0,0.0
2024-08-30 13:05:00+09:00,3400.0,3410.0,3400.0,3410.0,700,0.0,0.0
2024-08-30 13:10:00+09:00,3405.0,3405.0,3405.0,3405.0,600,0.0,0.0
2024-08-30 13:15:00+09:00,3405.0,3410.0,3405.0,3405.0,1000,0.0,0.0
2024-08-30 13:20:00+09:00,3400.0,3405.0,3400.0,3405.0,200,0.0,0.0
2024-08-30 13:25:00+09:00,3400.0,3405.0,3400.0,3405.0,600,0.0,0.0
2024-08-30 13:30:00+09:00,3400.0,3400.0,3400.0,3400.0,200,0.0,0.0
2024-08-30 13:35:00+09:00,3400.0,3400.0,3400.0,3400.0,500,0.0,0.0
2024-08-30 13:50:00+09:00,3395.0,3395.0,3390.0,3390.0,500,0.0,0.0
2024-08-30 13:55:00+09:00,3395.0,3395.0,3395.0,3395.0,200,0.0,0.0
2024-08-30 14:05:00+09:00,3390.0,3390.0,3385.0,3385.0,400,0.0,0.0
2024-08-30 14:10:00+09:00,3390.0,3390.0,3385.0,3385.0,400,0.0,0.0
2024-08-30 14:20:00+09:00,3385.0,3410.0,3385.0,3395.0,5600,0.0,0.0
2024-08-30 14:25:00+09:00,3400.0,3400.0,3400.0,3400.0,300,0.0,0.0
2024-08-30 14:35:00+09:00,3395.0,3400.0,3395.0,3395.0,1200,0.0,0.0
2024-08-30 14:40:00+09:00,3400.0,3405.0,3400.0,3405.0,1000,0.0,0.0
2024-08-30 14:45:00+09:00,3405.0,3410.0,3405.0,3410.0,1800,0.0,0.0
2024-08-30 14:50:00+09:00,3415.0,3415.0,3415.0,3415.0,300,0.0,0.0
2024-08-30 14:55:00+09:00,3415.0,3415.0,3400.0,3400.0,7300,0.0,0.0
2024-09-02 09:00:00+09:00,3390.0,3395.0,3375.0,3375.0,1900,0.0,0.0
2024-09-02 09:05:00+09:00,3375.0,3375.0,3365.0,3370.0,1700,0.0,0.0
2024-09-02 09:10:00+09:00,3370.0,3370.0,3370.0,3370.0,300,0.0,0.0
2024-09-02 09:15:00+09:00,3360.0,3360.0,3350.0,3350.0,1700,0.0,0.0
2024-09-02 09:20:00+09:00,3360.0,3360.0,3345.0,3350.0,1300,0.0,0.0
2024-09-02 09:25:00+09:00,3345.0,3350.0,3335.0,3345.0,2100,0.0,0.0
2024-09-02 09:30:00+09:00,3345.0,3345.0,3335.0,3335.0,800,0.0,0.0
2024-09-02 09:35:00+09:00,3340.0,3340.0,3340.0,3340.0,1100,0.0,0.0
2024-09-02 09:40:00+09:00,3340.0,3340.0,3340.0,3340.0,700,0.0,0.0
2024-09-02 09:45:00+09:00,3335.0,3340.0,3335.0,3340.0,800,0.0,0.0
2024-09-02 09:50:00+09:00,3340.0,3355.0,3340.0,3355.0,1500,0.0,0.0
2024-09-02 09:55:00+09:00,3360.0,3360.0,3360.0,3360.0,700,0.0,0.0
2024-09-02 10:00:00+09:00,3365.0,3365.0,3365.0,3365.0,400,0.0,0.0
2024-09-02 10:05:00+09:00,3365.0,3365.0,3365.0,3365.0,200,0.0,0.0
2024-09-02 10:15:00+09:00,3365.0,3365.0,3365.0,3365.0,700,0.0,0.0
2024-09-02 10:20:00+09:00,3360.0,3360.0,3355.0,3360.0,500,0.0,0.0
2024-09-02 10:25:00+09:00,3350.0,3350.0,3345.0,3350.0,1000,0.0,0.0
2024-09-02 10:30:00+09:00,3345.0,3345.0,3345.0,3345.0,200,0.0,0.0
2024-09-02 10:35:00+09:00,3340.0,3340.0,3335.0,3335.0,1300,0.0,0.0
2024-09-02 10:40:00+09:00,3330.0,3330.0,3325.0,3325.0,1200,0.0,0.0
2024-09-02 10:45:00+09:00,3325.0,3340.0,3325.0,3340.0,2000,0.0,0.0
2024-09-02 10:55:00+09:00,3335.0,3335.0,3335.0,3335.0,100,0.0,0.0
2024-09-02 11:00:00+09:00,3335.0,3335.0,3330.0,3330.0,600,0.0,0.0
2024-09-02 11:10:00+09:00,3330.0,3335.0,3330.0,3335.0,1400,0.0,0.0
2024-09-02 11:15:00+09:00,3340.0,3340.0,3340.0,3340.0,200,0.0,0.0
2024-09-02 11:20:00+09:00,3340.0,3340.0,3340.0,3340.0,100,0.0,0.0
2024-09-02 11:25:00+09:00,3335.0,3340.0,3330.0,3330.0,700,0.0,0.0
2024-09-02 11:30:00+09:00,3330.0,3330.0,3330.0,3330.0,100,0.0,0.0
2024-09-02 11:35:00+09:00,3330.0,3330.0,3330.0,3330.0,0,0.0,0.0
2024-09-02 12:30:00+09:00,3335.0,3340.0,3325.0,3340.0,29100,0.0,0.0
2024-09-02 12:35:00+09:00,3345.0,3350.0,3345.0,3345.0,1300,0.0,0.0
2024-09-02 12:40:00+09:00,3345.0,3350.0,3345.0,3350.0,1400,0.0,0.0
2024-09-02 12:45:00+09:00,3350.0,3350.0,3350.0,3350.0,500,0.0,0.0
2024-09-02 12:55:00+09:00,3360.0,3365.0,3360.0,3365.0,300,0.0,0.0
2024-09-02 13:00:00+09:00,3360.0,3360.0,3360.0,3360.0,400,0.0,0.0
2024-09-02 13:05:00+09:00,3365.0,3365.0,3360.0,3365.0,700,0.0,0.0
2024-09-02 13:10:00+09:00,3360.0,3365.0,3360.0,3365.0,1300,0.0,0.0
2024-09-02 13:20:00+09:00,3365.0,3365.0,3360.0,3360.0,1200,0.0,0.0
2024-09-02 13:40:00+09:00,3355.0,3355.0,3355.0,3355.0,100,0.0,0.0
2024-09-02 14:05:00+09:00,3355.0,3355.0,3355.0,3355.0,100,0.0,0.0
2024-09-02 14:15:00+09:00,3355.0,3355.0,3355.0,3355.0,1500,0.0,0.0
2024-09-02 14:20:00+09:00,3355.0,3355.0,3340.0,3345.0,1600,0.0,0.0
2024-09-02 14:25:00+09:00,3350.0,3355.0,3350.0,3355.0,800,0.0,0.0
2024-09-02 14:35:00+09:00,3355.0,3355.0,3355.0,3355.0,900,0.0,0.0
2024-09-02 14:40:00+09:00,3355.0,3360.0,3355.0,3360.0,600,0.0,0.0
2024-09-02 14:45:00+09:00,3360.0,3365.0,3360.0,3360.0,800,0.0,0.0
2024-09-02 14:50:00+09:00,3365.0,3365.0,3365.0,3365.0,1300,0.0,0.0
2024-09-02 14:55:00+09:00,3360.0,3360.0,3345.0,3345.0,3900,0.0,0.0
2024-09-03 09:00:00+09:00,3355.0,3355.0,3325.0,3335.0,3100,0.0,0.0
2024-09-03 09:05:00+09:00,3340.0,3340.0,3335.0,3340.0,1000,0.0,0.0
2024-09-03 09:10:00+09:00,3340.0,3340.0,3320.0,3330.0,3400,0.0,0.0
2024-09-03 09:15:00+09:00,3330.0,3330.0,3310.0,3310.0,2400,0.0,0.0
2024-09-03 09:20:00+09:00,3315.0,3320.0,3315.0,3320.0,300,0.0,0.0
2024-09-03 09:25:00+09:00,3330.0,3335.0,3330.0,3330.0,900,0.0,0.0
2024-09-03 09:30:00+09:00,3330.0,3330.0,3330.0,3330.0,200,0.0,0.0
2024-09-03 09:45:00+09:00,3325.0,3325.0,3320.0,3320.0,600,0.0,0.0
2024-09-03 09:50:00+09:00,3315.0,3320.0,3315.0,3320.0,700,0.0,0.0
2024-09-03 10:00:00+09:00,3320.0,3320.0,3320.0,3320.0,100,0.0,0.0
2024-09-03 10:05:00+09:00,3320.0,3320.0,3315.0,3315.0,900,0.0,0.0
2024-09-03 10:20:00+09:00,3315.0,3330.0,3315.0,3315.0,4400,0.0,0.0
2024-09-03 10:25:00+09:00,3315.0,3315.0,3310.0,3310.0,300,0.0,0.0
2024-09-03 10:30:00+09:00,3310.0,3310.0,3310.0,3310.0,100,0.0,0.0
2024-09-03 10:35:00+09:00,3310.0,3310.0,3310.0,3310.0,100,0.0,0.0
2024-09-03 10:40:00+09:00,3315.0,3325.0,3315.0,3320.0,2500,0.0,0.0
2024-09-03 10:50:00+09:00,3320.0,3320.0,3320.0,3320.0,100,0.0,0.0
2024-09-03 10:55:00+09:00,3320.0,3320.0,3310.0,3310.0,1600,0.0,0.0
2024-09-03 11:00:00+09:00,3315.0,3315.0,3315.0,3315.0,100,0.0,0.0
2024-09-03 11:05:00+09:00,3320.0,3320.0,3320.0,3320.0,900,0.0,0.0
2024-09-03 11:10:00+09:00,3325.0,3330.0,3325.0,3325.0,3500,0.0,0.0
2024-09-03 11:15:00+09:00,3330.0,3330.0,3330.0,3330.0,300,0.0,0.0
2024-09-03 11:20:00+09:00,3335.0,3355.0,3335.0,3355.0,3400,0.0,0.0
2024-09-03 11:25:00+09:00,3350.0,3360.0,3350.0,3360.0,500,0.0,0.0
2024-09-03 11:35:00+09:00,3360.0,3360.0,3360.0,3360.0,0,0.0,0.0
2024-09-03 12:30:00+09:00,3355.0,3355.0,3350.0,3350.0,33900,0.0,0.0
2024-09-03 12:35:00+09:00,3350.0,3355.0,3350.0,3355.0,1300,0.0,0.0
2024-09-03 12:40:00+09:00,3360.0,3365.0,3360.0,3360.0,1800,0.0,0.0
2024-09-03 12:45:00+09:00,3355.0,3355.0,3355.0,3355.0,900,0.0,0.0
2024-09-03 12:50:00+09:00,3355.0,3355.0,3355.0,3355.0,100,0.0,0.0
2024-09-03 12:55:00+09:00,3355.0,3355.0,3355.0,3355.0,400,0.0,0.0
2024-09-03 13:00:00+09:00,3360.0,3360.0,3360.0,3360.0,100,0.0,0.0
2024-09-03 13:05:00+09:00,3355.0,3355.0,3355.0,3355.0,1300,0.0,0.0
2024-09-03 13:10:00+09:00,3355.0,3355.0,3355.0,3355.0,100,0.0,0.0
2024-09-03 13:15:00+09:00,3355.0,3355.0,3355.0,3355.0,300,0.0,0.0
2024-09-03 13:25:00+09:00,3355.0,3355.0,3355.0,3355.0,500,0.0,0.0
2024-09-03 13:30:00+09:00,3350.0,3350.0,3350.0,3350.0,1100,0.0,0.0
2024-09-03 13:35:00+09:00,3355.0,3355.0,3355.0,3355.0,2000,0.0,0.0
2024-09-03 13:40:00+09:00,3355.0,3355.0,3355.0,3355.0,100,0.0,0.0
2024-09-03 13:45:00+09:00,3350.0,3350.0,3350.0,3350.0,200,0.0,0.0
2024-09-03 13:50:00+09:00,3355.0,3355.0,3355.0,3355.0,100,0.0,0.0
2024-09-03 14:00:00+09:00,3350.0,3350.0,3350.0,3350.0,1200,0.0,0.0
2024-09-03 14:05:00+09:00,3350.0,3350.0,3350.0,3350.0,100,0.0,0.0
2024-09-03 14:15:00+09:00,3350.0,3350.0,3350.0,3350.0,600,0.0,0.0
2024-09-03 14:20:00+09:00,3350.0,3350.0,3350.0,3350.0,1500,0.0,0.0
2024-09-03 14:25:00+09:00,3350.0,3350.0,3350.0,3350.0,500,0.0,0.0
2024-09-03 14:30:00+09:00,3350.0,3350.0,3350.0,3350.0,500,0.0,0.0
2024-09-03 14:35:00+09:00,3350.0,3350.0,3350.0,3350.0,1100,0.0,0.0
2024-09-03 14:40:00+09:00,3350.0,3350.0,3345.0,3345.0,1100,0.0,0.0
2024-09-03 14:45:00+09:00,3350.0,3350.0,3350.0,3350.0,2400,0.0,0.0
2024-09-03 14:50:00+09:00,3355.0,3370.0,3355.0,3370.0,3500,0.0,0.0
2024-09-03 14:55:00+09:00,3370.0,3375.0,3365.0,3370.0,2200,0.0,0.0
2024-09-04 09:00:00+09:00,3300.0,3320.0,3285.0,3315.0,3000,0.0,0.0
2024-09-04 09:05:00+09:00,3315.0,3325.0,3305.0,3325.0,700,0.0,0.0
2024-09-04 09:10:00+09:00,3325.0,3355.0,3320.0,3355.0,2600,0.0,0.0
2024-09-04 09:15:00+09:00,3355.0,3395.0,3355.0,3395.0,3900,0.0,0.0
2024-09-04 09:20:00+09:00,3400.0,3420.0,3400.0,3420.0,1500,0.0,0.0
2024-09-04 09:25:00+09:00,3415.0,3415.0,3400.0,3405.0,2400,0.0,0.0
2024-09-04 09:30:00+09:00,3400.0,3400.0,3380.0,3395.0,2900,0.0,0.0
2024-09-04 09:35:00+09:00,3390.0,3390.0,3385.0,3385.0,1700,0.0,0.0
2024-09-04 09:40:00+09:00,3385.0,3385.0,3385.0,3385.0,1100,0.0,0.0
2024-09-04 09:45:00+09:00,3385.0,3385.0,3380.0,3385.0,1500,0.0,0.0
2024-09-04 09:50:00+09:00,3395.0,3395.0,3385.0,3385.0,800,0.0,0.0
2024-09-04 09:55:00+09:00,3385.0,3385.0,3385.0,3385.0,400,0.0,0.0
2024-09-04 10:00:00+09:00,3385.0,3385.0,3385.0,3385.0,1000,0.0,0.0
2024-09-04 10:05:00+09:00,3390.0,3390.0,3390.0,3390.0,1100,0.0,0.0
2024-09-04 10:10:00+09:00,3385.0,3385.0,3370.0,3370.0,1700,0.0,0.0
2024-09-04 10:15:00+09:00,3370.0,3370.0,3370.0,3370.0,100,0.0,0.0
2024-09-04 10:20:00+09:00,3375.0,3380.0,3375.0,3380.0,600,0.0,0.0
2024-09-04 10:25:00+09:00,3375.0,3385.0,3375.0,3385.0,700,0.0,0.0
2024-09-04 10:30:00+09:00,3385.0,3385.0,3385.0,3385.0,1100,0.0,0.0
2024-09-04 10:35:00+09:00,3385.0,3390.0,3380.0,3390.0,1500,0.0,0.0
2024-09-04 10:40:00+09:00,3385.0,3385.0,3380.0,3380.0,2300,0.0,0.0
2024-09-04 10:45:00+09:00,3385.0,3390.0,3385.0,3390.0,800,0.0,0.0
2024-09-04 10:50:00+09:00,3395.0,3405.0,3395.0,3405.0,1000,0.0,0.0
2024-09-04 10:55:00+09:00,3405.0,3405.0,3400.0,3400.0,1100,0.0,0.0
2024-09-04 11:00:00+09:00,3400.0,3400.0,3400.0,3400.0,500,0.0,0.0
2024-09-04 11:05:00+09:00,3400.0,3405.0,3400.0,3400.0,500,0.0,0.0
2024-09-04 11:10:00+09:00,3405.0,3405.0,3395.0,3395.0,1700,0.0,0.0
2024-09-04 11:15:00+09:00,3395.0,3395.0,3395.0,3395.0,100,0.0,0.0
2024-09-04 11:20:00+09:00,3395.0,3400.0,3395.0,3400.0,300,0.0,0.0
2024-09-04 11:25:00+09:00,3400.0,3415.0,3400.0,3405.0,1300,0.0,0.0
2024-09-04 11:35:00+09:00,3405.0,3405.0,3405.0,3405.0,0,0.0,0.0
2024-09-04 12:30:00+09:00,3405.0,3405.0,3390.0,3390.0,43000,0.0,0.0
2024-09-04 12:35:00+09:00,3380.0,3380.0,3380.0,3380.0,1000,0.0,0.0
2024-09-04 12:40:00+09:00,3380.0,3380.0,3380.0,3380.0,100,0.0,0.0
2024-09-04 12:45:00+09:00,3380.0,3380.0,3375.0,3375.0,1000,0.0,0.0
2024-09-04 12:50:00+09:00,3375.0,3375.0,3370.0,3370.0,800,0.0,0.0
2024-09-04 12:55:00+09:00,3370.0,3370.0,3370.0,3370.0,300,0.0,0.0
2024-09-04 13:00:00+09:00,3375.0,3375.0,3375.0,3375.0,300,0.0,0.0
2024-09-04 13:05:00+09:00,3370.0,3370.0,3370.0,3370.0,700,0.0,0.0
2024-09-04 13:10:00+09:00,3375.0,3375.0,3370.0,3370.0,300,0.0,0.0
2024-09-04 13:15:00+09:00,3370.0,3370.0,3370.0,3370.0,300,0.0,0.0
2024-09-04 13:20:00+09:00,3370.0,3370.0,3370.0,3370.0,500,0.0,0.0
2024-09-04 13:25:00+09:00,3370.0,3370.0,3370.0,3370.0,200,0.0,0.0
2024-09-04 13:30:00+09:00,3370.0,3370.0,3370.0,3370.0,400,0.0,0.0
2024-09-04 13:35:00+09:00,3370.0,3370.0,3365.0,3370.0,600,0.0,0.0
2024-09-04 13:45:00+09:00,3370.0,3370.0,3370.0,3370.0,300,0.0,0.0
2024-09-04 13:50:00+09:00,3370.0,3370.0,3370.0,3370.0,200,0.0,0.0
2024-09-04 13:55:00+09:00,3375.0,3375.0,3375.0,3375.0,200,0.0,0.0
2024-09-04 14:00:00+09:00,3375.0,3375.0,3370.0,3370.0,1400,0.0,0.0
2024-09-04 14:05:00+09:00,3365.0,3365.0,3365.0,3365.0,1100,0.0,0.0
2024-09-04 14:10:00+09:00,3360.0,3360.0,3360.0,3360.0,500,0.0,0.0
2024-09-04 14:15:00+09:00,3360.0,3365.0,3360.0,3360.0,400,0.0,0.0
2024-09-04 14:20:00+09:00,3365.0,3365.0,3365.0,3365.0,200,0.0,0.0
2024-09-04 14:25:00+09:00,3365.0,3370.0,3365.0,3370.0,1200,0.0,0.0
2024-09-04 14:30:00+09:00,3365.0,3365.0,3360.0,3360.0,1200,0.0,0.0
2024-09-04 14:35:00+09:00,3360.0,3360.0,3360.0,3360.0,500,0.0,0.0
2024-09-04 14:40:00+09:00,3365.0,3365.0,3365.0,3365.0,0,0.0,0.0
2024-09-04 14:45:00+09:00,3365.0,3365.0,3355.0,3355.0,59300,0.0,0.0
2024-09-04 14:50:00+09:00,3360.0,3360.0,3345.0,3350.0,1100,0.0,0.0
2024-09-04 14:55:00+09:00,3355.0,3360.0,3350.0,3360.0,3300,0.0,0.0
2024-09-05 09:00:00+09:00,3385.0,3385.0,3355.0,3375.0,2500,0.0,0.0
2024-09-05 09:05:00+09:00,3380.0,3380.0,3375.0,3375.0,800,0.0,0.0
2024-09-05 09:10:00+09:00,3380.0,3385.0,3380.0,3385.0,200,0.0,0.0
2024-09-05 09:15:00+09:00,3390.0,3395.0,3390.0,3390.0,900,0.0,0.0
2024-09-05 09:20:00+09:00,3400.0,3410.0,3395.0,3395.0,1800,0.0,0.0
2024-09-05 09:25:00+09:00,3405.0,3410.0,3405.0,3405.0,800,0.0,0.0
2024-09-05 09:30:00+09:00,3405.0,3410.0,3405.0,3405.0,900,0.0,0.0
2024-09-05 09:35:00+09:00,3405.0,3405.0,3405.0,3405.0,500,0.0,0.0
2024-09-05 09:40:00+09:00,3405.0,3405.0,3400.0,3400.0,600,0.0,0.0
2024-09-05 09:45:00+09:00,3400.0,3400.0,3400.0,3400.0,300,0.0,0.0
2024-09-05 09:50:00+09:00,3400.0,3400.0,3395.0,3400.0,400,0.0,0.0
2024-09-05 09:55:00+09:00,3395.0,3395.0,3395.0,3395.0,400,0.0,0.0
2024-09-05 10:00:00+09:00,3400.0,3400.0,3400.0,3400.0,200,0.0,0.0
2024-09-05 10:05:00+09:00,3400.0,3400.0,3400.0,3400.0,100,0.0,0.0
2024-09-05 10:10:00+09:00,3400.0,3400.0,3395.0,3395.0,300,0.0,0.0
2024-09-05 10:15:00+09:00,3405.0,3405.0,3405.0,3405.0,500,0.0,0.0
2024-09-05 10:20:00+09:00,3405.0,3410.0,3405.0,3410.0,700,0.0,0.0
2024-09-05 10:25:00+09:00,3415.0,3415.0,3415.0,3415.0,100,0.0,0.0
2024-09-05 10:30:00+09:00,3415.0,3415.0,3410.0,3415.0,700,0.0,0.0
2024-09-05 10:35:00+09:00,3420.0,3420.0,3415.0,3420.0,600,0.0,0.0
2024-09-05 10:40:00+09:00,3420.0,3420.0,3420.0,3420.0,300,0.0,0.0
2024-09-05 10:45:00+09:00,3425.0,3425.0,3425.0,3425.0,200,0.0,0.0
2024-09-05 10:50:00+09:00,3420.0,3420.0,3415.0,3415.0,0,0.0,0.0
2024-09-05 10:55:00+09:00,3410.0,3410.0,3410.0,3410.0,14700,0.0,0.0
2024-09-05 11:00:00+09:00,3415.0,3420.0,3415.0,3420.0,600,0.0,0.0
2024-09-05 11:05:00+09:00,3415.0,3420.0,3415.0,3420.0,300,0.0,0.0
2024-09-05 11:10:00+09:00,3415.0,3415.0,3410.0,3410.0,500,0.0,0.0
2024-09-05 11:15:00+09:00,3410.0,3410.0,3410.0,3410.0,100,0.0,0.0
2024-09-05 11:20:00+09:00,3415.0,3415.0,3415.0,3415.0,400,0.0,0.0
2024-09-05 11:25:00+09:00,3420.0,3420.0,3410.0,3415.0,500,0.0,0.0
2024-09-05 11:30:00+09:00,3420.0,3420.0,3420.0,3420.0,200,0.0,0.0
2024-09-05 11:35:00+09:00,3420.0,3420.0,3420.0,3420.0,0,0.0,0.0
2024-09-05 12:30:00+09:00,3425.0,3425.0,3400.0,3400.0,0,0.0,0.0
2024-09-05 12:35:00+09:00,3400.0,3400.0,3400.0,3400.0,19400,0.0,0.0
2024-09-05 12:40:00+09:00,3400.0,3405.0,3400.0,3405.0,300,0.0,0.0
2024-09-05 12:45:00+09:00,3400.0,3400.0,3400.0,3400.0,200,0.0,0.0
2024-09-05 12:50:00+09:00,3400.0,3400.0,3400.0,3400.0,100,0.0,0.0
2024-09-05 12:55:00+09:00,3400.0,3400.0,3390.0,3390.0,900,0.0,0.0
2024-09-05 13:00:00+09:00,3390.0,3390.0,3385.0,3385.0,200,0.0,0.0
2024-09-05 13:05:00+09:00,3380.0,3385.0,3380.0,3385.0,1100,0.0,0.0
2024-09-05 13:10:00+09:00,3390.0,3390.0,3390.0,3390.0,200,0.0,0.0
2024-09-05 13:15:00+09:00,3395.0,3395.0,3390.0,3390.0,200,0.0,0.0
2024-09-05 13:20:00+09:00,3390.0,3390.0,3390.0,3390.0,200,0.0,0.0
2024-09-05 13:25:00+09:00,3390.0,3390.0,3390.0,3390.0,100,0.0,0.0
2024-09-05 13:30:00+09:00,3390.0,3390.0,3390.0,3390.0,200,0.0,0.0
2024-09-05 13:35:00+09:00,3385.0,3385.0,3385.0,3385.0,400,0.0,0.0
2024-09-05 13:40:00+09:00,3380.0,3380.0,3375.0,3375.0,400,0.0,0.0
2024-09-05 13:45:00+09:00,3370.0,3370.0,3370.0,3370.0,200,0.0,0.0
2024-09-05 13:50:00+09:00,3375.0,3380.0,3375.0,3380.0,600,0.0,0.0
2024-09-05 13:55:00+09:00,3375.0,3380.0,3375.0,3375.0,800,0.0,0.0
2024-09-05 14:00:00+09:00,3370.0,3370.0,3370.0,3370.0,0,0.0,0.0
2024-09-05 14:05:00+09:00,3375.0,3375.0,3370.0,3375.0,26200,0.0,0.0
2024-09-05 14:10:00+09:00,3365.0,3365.0,3365.0,3365.0,100,0.0,0.0
2024-09-05 14:15:00+09:00,3375.0,3380.0,3375.0,3380.0,600,0.0,0.0
2024-09-05 14:20:00+09:00,3380.0,3380.0,3380.0,3380.0,300,0.0,0.0
2024-09-05 14:25:00+09:00,3385.0,3385.0,3385.0,3385.0,100,0.0,0.0
2024-09-05 14:30:00+09:00,3385.0,3385.0,3385.0,3385.0,200,0.0,0.0
2024-09-05 14:35:00+09:00,3390.0,3395.0,3390.0,3395.0,200,0.0,0.0
2024-09-05 14:40:00+09:00,3390.0,3390.0,3385.0,3385.0,900,0.0,0.0
2024-09-05 14:45:00+09:00,3380.0,3380.0,3380.0,3380.0,400,0.0,0.0
2024-09-05 14:50:00+09:00,3375.0,3380.0,3375.0,3380.0,600,0.0,0.0
2024-09-05 14:55:00+09:00,3380.0,3390.0,3380.0,3390.0,1500,0.0,0.0
2024-09-06 09:00:00+09:00,3395.0,3420.0,3395.0,3420.0,4000,0.0,0.0
2024-09-06 09:10:00+09:00,3425.0,3430.0,3425.0,3425.0,900,0.0,0.0
2024-09-06 09:15:00+09:00,3415.0,3415.0,3410.0,3410.0,500,0.0,0.0
2024-09-06 09:20:00+09:00,3410.0,3410.0,3405.0,3405.0,400,0.0,0.0
2024-09-06 09:25:00+09:00,3410.0,3410.0,3400.0,3400.0,1200,0.0,0.0
2024-09-06 09:30:00+09:00,3400.0,3410.0,3400.0,3410.0,1200,0.0,0.0
2024-09-06 09:35:00+09:00,3405.0,3405.0,3405.0,3405.0,300,0.0,0.0
2024-09-06 09:40:00+09:00,3405.0,3405.0,3405.0,3405.0,200,0.0,0.0
2024-09-06 09:45:00+09:00,3410.0,3410.0,3410.0,3410.0,400,0.0,0.0
2024-09-06 09:50:00+09:00,3415.0,3435.0,3415.0,3425.0,2300,0.0,0.0
2024-09-06 09:55:00+09:00,3420.0,3420.0,3415.0,3415.0,300,0.0,0.0
2024-09-06 10:00:00+09:00,3415.0,3415.0,3410.0,3410.0,600,0.0,0.0
2024-09-06 10:05:00+09:00,3405.0,3405.0,3400.0,3400.0,800,0.0,0.0
2024-09-06 10:10:00+09:00,3405.0,3420.0,3405.0,3420.0,700,0.0,0.0
2024-09-06 10:15:00+09:00,3420.0,3420.0,3420.0,3420.0,500,0.0,0.0
2024-09-06 10:25:00+09:00,3425.0,3425.0,3425.0,3425.0,100,0.0,0.0
2024-09-06 10:30:00+09:00,3425.0,3425.0,3425.0,3425.0,800,0.0,0.0
2024-09-06 10:35:00+09:00,3420.0,3420.0,3420.0,3420.0,400,0.0,0.0
2024-09-06 10:45:00+09:00,3420.0,3420.0,3420.0,3420.0,400,0.0,0.0
2024-09-06 10:50:00+09:00,3425.0,3425.0,3425.0,3425.0,100,0.0,0.0
2024-09-06 10:55:00+09:00,3425.0,3425.0,3425.0,3425.0,200,0.0,0.0
2024-09-06 11:00:00+09:00,3425.0,3425.0,3425.0,3425.0,300,0.0,0.0
2024-09-06 11:05:00+09:00,3430.0,3430.0,3430.0,3430.0,300,0.0,0.0
2024-09-06 11:10:00+09:00,3430.0,3430.0,3425.0,3425.0,800,0.0,0.0
2024-09-06 11:15:00+09:00,3420.0,3425.0,3415.0,3425.0,1500,0.0,0.0
2024-09-06 11:20:00+09:00,3430.0,3430.0,3430.0,3430.0,100,0.0,0.0
2024-09-06 11:25:00+09:00,3430.0,3430.0,3425.0,3425.0,800,0.0,0.0
2024-09-06 11:30:00+09:00,3420.0,3420.0,3420.0,3420.0,200,0.0,0.0
2024-09-06 11:35:00+09:00,3420.0,3420.0,3420.0,3420.0,0,0.0,0.0
2024-09-06 12:30:00+09:00,3430.0,3430.0,3420.0,3420.0,21900,0.0,0.0
2024-09-06 12:35:00+09:00,3415.0,3415.0,3415.0,3415.0,1500,0.0,0.0
2024-09-06 12:40:00+09:00,3420.0,3420.0,3415.0,3415.0,1100,0.0,0.0
2024-09-06 12:50:00+09:00,3415.0,3415.0,3415.0,3415.0,300,0.0,0.0
2024-09-06 12:55:00+09:00,3415.0,3420.0,3415.0,3420.0,600,0.0,0.0
2024-09-06 13:00:00+09:00,3420.0,3420.0,3415.0,3415.0,500,0.0,0.0
2024-09-06 13:05:00+09:00,3415.0,3415.0,3415.0,3415.0,200,0.0,0.0
2024-09-06 13:10:00+09:00,3415.0,3415.0,3415.0,3415.0,400,0.0,0.0
2024-09-06 13:15:00+09:00,3410.0,3415.0,3410.0,3415.0,300,0.0,0.0
2024-09-06 13:20:00+09:00,3415.0,3420.0,3415.0,3420.0,200,0.0,0.0
2024-09-06 13:25:00+09:00,3420.0,3425.0,3420.0,3425.0,900,0.0,0.0
2024-09-06 13:30:00+09:00,3425.0,3425.0,3425.0,3425.0,1100,0.0,0.0
2024-09-06 13:35:00+09:00,3425.0,3425.0,3425.0,3425.0,100,0.0,0.0
2024-09-06 13:40:00+09:00,3425.0,3425.0,3425.0,3425.0,200,0.0,0.0
2024-09-06 13:45:00+09:00,3430.0,3430.0,3430.0,3430.0,200,0.0,0.0
2024-09-06 13:50:00+09:00,3430.0,3430.0,3425.0,3425.0,1400,0.0,0.0
2024-09-06 13:55:00+09:00,3425.0,3425.0,3425.0,3425.0,1300,0.0,0.0
2024-09-06 14:00:00+09:00,3425.0,3425.0,3425.0,3425.0,1000,0.0,0.0
2024-09-06 14:05:00+09:00,3425.0,3425.0,3420.0,3420.0,800,0.0,0.0
2024-09-06 14:10:00+09:00,3420.0,3420.0,3420.0,3420.0,500,0.0,0.0
2024-09-06 14:15:00+09:00,3420.0,3420.0,3420.0,3420.0,200,0.0,0.0
2024-09-06 14:20:00+09:00,3415.0,3420.0,3415.0,3415.0,400,0.0,0.0
2024-09-06 14:25:00+09:00,3420.0,3420.0,3415.0,3415.0,1000,0.0,0.0
2024-09-06 14:30:00+09:00,3410.0,3410.0,3410.0,3410.0,200,0.0,0.0
2024-09-06 14:35:00+09:00,3415.0,3415.0,3405.0,3405.0,1300,0.0,0.0
2024-09-06 14:40:00+09:00,3410.0,3410.0,3410.0,3410.0,1200,0.0,0.0
2024-09-06 14:45:00+09:00,3415.0,3415.0,3415.0,3415.0,1000,0.0,0.0
2024-09-06 14:50:00+09:00,3415.0,3420.0,3415.0,3420.0,400,0.0,0.0
2024-09-06 14:55:00+09:00,3425.0,3425.0,3410.0,3415.0,1900,0.0,0.0
2024-09-09 09:00:00+09:00,3395.0,3410.0,3385.0,3390.0,0,0.0,0.0
2024-09-09 09:05:00+09:00,3395.0,3400.0,3390.0,3390.0,1200,0.0,0.0
2024-09-09 09:10:00+09:00,3390.0,3395.0,3390.0,3395.0,1100,0.0,0.0
2024-09-09 09:15:00+09:00,3390.0,3395.0,3385.0,3385.0,500,0.0,0.0
2024-09-09 09:20:00+09:00,3385.0,3385.0,3385.0,3385.0,400,0.0,0.0
2024-09-09 09:25:00+09:00,3390.0,3390.0,3380.0,3380.0,200,0.0,0.0
2024-09-09 09:30:00+09:00,3385.0,3385.0,3385.0,3385.0,100,0.0,0.0
2024-09-09 09:35:00+09:00,3390.0,3400.0,3390.0,3390.0,1900,0.0,0.0
2024-09-09 09:40:00+09:00,3390.0,3390.0,3385.0,3390.0,1500,0.0,0.0
2024-09-09 09:45:00+09:00,3395.0,3395.0,3395.0,3395.0,100,0.0,0.0
2024-09-09 09:50:00+09:00,3395.0,3395.0,3390.0,3390.0,900,0.0,0.0
2024-09-09 09:55:00+09:00,3390.0,3390.0,3390.0,3390.0,700,0.0,0.0
2024-09-09 10:00:00+09:00,3390.0,3395.0,3385.0,3395.0,500,0.0,0.0
2024-09-09 10:05:00+09:00,3395.0,3400.0,3395.0,3395.0,900,0.0,0.0
2024-09-09 10:10:00+09:00,3395.0,3395.0,3395.0,3395.0,200,0.0,0.0
2024-09-09 10:15:00+09:00,3395.0,3395.0,3395.0,3395.0,200,0.0,0.0
2024-09-09 10:20:00+09:00,3400.0,3400.0,3395.0,3395.0,300,0.0,0.0
2024-09-09 10:25:00+09:00,3390.0,3390.0,3390.0,3390.0,400,0.0,0.0
2024-09-09 10:30:00+09:00,3395.0,3395.0,3395.0,3395.0,300,0.0,0.0
2024-09-09 10:35:00+09:00,3395.0,3395.0,3395.0,3395.0,100,0.0,0.0
2024-09-09 10:40:00+09:00,3400.0,3400.0,3400.0,3400.0,1100,0.0,0.0
2024-09-09 10:45:00+09:00,3405.0,3410.0,3405.0,3410.0,1500,0.0,0.0
2024-09-09 10:50:00+09:00,3415.0,3415.0,3415.0,3415.0,600,0.0,0.0
2024-09-09 10:55:00+09:00,3415.0,3420.0,3415.0,3420.0,300,0.0,0.0
2024-09-09 11:00:00+09:00,3425.0,3425.0,3420.0,3420.0,1200,0.0,0.0
2024-09-09 11:05:00+09:00,3415.0,3415.0,3415.0,3415.0,200,0.0,0.0
2024-09-09 11:10:00+09:00,3420.0,3430.0,3420.0,3430.0,500,0.0,0.0
2024-09-09 11:15:00+09:00,3425.0,3425.0,3425.0,3425.0,300,0.0,0.0
2024-09-09 11:20:00+09:00,3425.0,3425.0,3425.0,3425.0,200,0.0,0.0
2024-09-09 11:25:00+09:00,3430.0,3435.0,3430.0,3435.0,800,0.0,0.0
2024-09-09 11:30:00+09:00,3425.0,3425.0,3425.0,3425.0,200,0.0,0.0
2024-09-09 11:35:00+09:00,3425.0,3425.0,3425.0,3425.0,0,0.0,0.0
2024-09-09 12:30:00+09:00,3440.0,3440.0,3430.0,3430.0,25100,0.0,0.0
2024-09-09 12:35:00+09:00,3430.0,3430.0,3420.0,3420.0,600,0.0,0.0
2024-09-09 12:40:00+09:00,3415.0,3415.0,3405.0,3405.0,600,0.0,0.0
2024-09-09 12:45:00+09:00,3405.0,3405.0,3405.0,3405.0,200,0.0,0.0
2024-09-09 12:50:00+09:00,3405.0,3405.0,3405.0,3405.0,100,0.0,0.0
2024-09-09 12:55:00+09:00,3400.0,3400.0,3400.0,3400.0,100,0.0,0.0
2024-09-09 13:00:00+09:00,3405.0,3405.0,3400.0,3400.0,200,0.0,0.0
2024-09-09 13:05:00+09:00,3400.0,3400.0,3400.0,3400.0,1100,0.0,0.0
2024-09-09 13:10:00+09:00,3405.0,3415.0,3405.0,3410.0,1600,0.0,0.0
2024-09-09 13:15:00+09:00,3410.0,3410.0,3410.0,3410.0,100,0.0,0.0
2024-09-09 13:20:00+09:00,3415.0,3415.0,3415.0,3415.0,100,0.0,0.0
2024-09-09 13:25:00+09:00,3415.0,3415.0,3415.0,3415.0,600,0.0,0.0
2024-09-09 13:35:00+09:00,3415.0,3415.0,3415.0,3415.0,300,0.0,0.0
2024-09-09 13:40:00+09:00,3415.0,3425.0,3415.0,3425.0,1000,0.0,0.0
2024-09-09 13:45:00+09:00,3425.0,3430.0,3425.0,3430.0,1900,0.0,0.0
2024-09-09 13:50:00+09:00,3435.0,3435.0,3430.0,3430.0,200,0.0,0.0
2024-09-09 13:55:00+09:00,3430.0,3430.0,3425.0,3425.0,700,0.0,0.0
2024-09-09 14:00:00+09:00,3420.0,3420.0,3420.0,3420.0,500,0.0,0.0
2024-09-09 14:10:00+09:00,3425.0,3435.0,3425.0,3435.0,1100,0.0,0.0
2024-09-09 14:15:00+09:00,3430.0,3430.0,3425.0,3425.0,600,0.0,0.0
2024-09-09 14:20:00+09:00,3430.0,3430.0,3425.0,3425.0,300,0.0,0.0
2024-09-09 14:25:00+09:00,3425.0,3425.0,3425.0,3425.0,100,0.0,0.0
2024-09-09 14:35:00+09:00,3425.0,3425.0,3425.0,3425.0,1000,0.0,0.0
2024-09-09 14:40:00+09:00,3430.0,3430.0,3425.0,3425.0,900,0.0,0.0
2024-09-09 14:45:00+09:00,3420.0,3420.0,3420.0,3420.0,700,0.0,0.0
2024-09-09 14:50:00+09:00,3425.0,3425.0,3420.0,3420.0,300,0.0,0.0
2024-09-09 14:55:00+09:00,3420.0,3435.0,3420.0,3435.0,2600,0.0,0.0
2024-09-10 09:00:00+09:00,3440.0,3455.0,3440.0,3455.0,3600,0.0,0.0
2024-09-10 09:05:00+09:00,3455.0,3455.0,3455.0,3455.0,400,0.0,0.0
2024-09-10 09:10:00+09:00,3460.0,3460.0,3450.0,3450.0,1400,0.0,0.0
2024-09-10 09:15:00+09:00,3450.0,3450.0,3450.0,3450.0,100,0.0,0.0
2024-09-10 09:20:00+09:00,3455.0,3455.0,3455.0,3455.0,100,0.0,0.0
2024-09-10 09:25:00+09:00,3450.0,3450.0,3440.0,3440.0,400,0.0,0.0
2024-09-10 09:30:00+09:00,3435.0,3435.0,3435.0,3435.0,200,0.0,0.0
2024-09-10 09:35:00+09:00,3440.0,3440.0,3440.0,3440.0,500,0.0,0.0
2024-09-10 09:45:00+09:00,3445.0,3445.0,3440.0,3440.0,200,0.0,0.0
2024-09-10 09:50:00+09:00,3445.0,3445.0,3445.0,3445.0,100,0.0,0.0
2024-09-10 09:55:00+09:00,3450.0,3450.0,3450.0,3450.0,500,0.0,0.0
2024-09-10 10:00:00+09:00,3445.0,3445.0,3445.0,3445.0,0,0.0,0.0
2024-09-10 10:05:00+09:00,3440.0,3440.0,3440.0,3440.0,7900,0.0,0.0
2024-09-10 10:10:00+09:00,3435.0,3435.0,3430.0,3430.0,800,0.0,0.0
2024-09-10 10:15:00+09:00,3425.0,3430.0,3425.0,3430.0,300,0.0,0.0
2024-09-10 10:20:00+09:00,3435.0,3435.0,3435.0,3435.0,100,0.0,0.0
2024-09-10 10:25:00+09:00,3440.0,3440.0,3440.0,3440.0,200,0.0,0.0
2024-09-10 10:35:00+09:00,3435.0,3435.0,3435.0,3435.0,100,0.0,0.0
2024-09-10 10:40:00+09:00,3435.0,3435.0,3435.0,3435.0,100,0.0,0.0
2024-09-10 10:55:00+09:00,3440.0,3445.0,3440.0,3445.0,700,0.0,0.0
2024-09-10 11:00:00+09:00,3445.0,3445.0,3435.0,3435.0,500,0.0,0.0
2024-09-10 11:10:00+09:00,3430.0,3430.0,3425.0,3430.0,600,0.0,0.0
2024-09-10 11:15:00+09:00,3430.0,3430.0,3430.0,3430.0,100,0.0,0.0
2024-09-10 11:25:00+09:00,3430.0,3430.0,3430.0,3430.0,100,0.0,0.0
2024-09-10 11:30:00+09:00,3430.0,3430.0,3430.0,3430.0,100,0.0,0.0
2024-09-10 11:35:00+09:00,3430.0,3430.0,3430.0,3430.0,0,0.0,0.0
2024-09-10 12:30:00+09:00,3425.0,3430.0,3425.0,3430.0,13300,0.0,0.0
2024-09-10 12:35:00+09:00,3430.0,3430.0,3430.0,3430.0,100,0.0,0.0
2024-09-10 12:40:00+09:00,3425.0,3425.0,3425.0,3425.0,200,0.0,0.0
2024-09-10 12:50:00+09:00,3425.0,3425.0,3425.0,3425.0,200,0.0,0.0
2024-09-10 12:55:00+09:00,3425.0,3425.0,3425.0,3425.0,100,0.0,0.0
2024-09-10 13:05:00+09:00,3425.0,3425.0,3425.0,3425.0,100,0.0,0.0
2024-09-10 13:10:00+09:00,3420.0,3420.0,3420.0,3420.0,100,0.0,0.0
2024-09-10 13:15:00+09:00,3420.0,3420.0,3420.0,3420.0,200,0.0,0.0
2024-09-10 13:30:00+09:00,3420.0,3420.0,3420.0,3420.0,700,0.0,0.0
2024-09-10 13:35:00+09:00,3415.0,3415.0,3415.0,3415.0,100,0.0,0.0
2024-09-10 13:40:00+09:00,3415.0,3415.0,3415.0,3415.0,100,0.0,0.0
2024-09-10 13:45:00+09:00,3420.0,3420.0,3420.0,3420.0,700,0.0,0.0
2024-09-10 13:55:00+09:00,3415.0,3425.0,3415.0,3425.0,500,0.0,0.0
2024-09-10 14:00:00+09:00,3420.0,3420.0,3420.0,3420.0,100,0.0,0.0
2024-09-10 14:05:00+09:00,3425.0,3430.0,3425.0,3430.0,900,0.0,0.0
2024-09-10 14:15:00+09:00,3430.0,3430.0,3430.0,3430.0,200,0.0,0.0
2024-09-10 14:35:00+09:00,3425.0,3425.0,3425.0,3425.0,900,0.0,0.0
2024-09-10 14:40:00+09:00,3425.0,3425.0,3425.0,3425.0,700,0.0,0.0
2024-09-10 14:45:00+09:00,3420.0,3420.0,3415.0,3415.0,0,0.0,0.0
2024-09-10 14:50:00+09:00,3410.0,3410.0,3410.0,3410.0,20600,0.0,0.0
2024-09-10 14:55:00+09:00,3410.0,3415.0,3410.0,3410.0,2300,0.0,0.0
2024-09-11 09:00:00+09:00,3440.0,3440.0,3420.0,3425.0,2500,0.0,0.0
2024-09-11 09:05:00+09:00,3420.0,3420.0,3410.0,3410.0,1400,0.0,0.0
2024-09-11 09:10:00+09:00,3410.0,3410.0,3405.0,3405.0,800,0.0,0.0
2024-09-11 09:15:00+09:00,3400.0,3410.0,3400.0,3410.0,800,0.0,0.0
2024-09-11 09:20:00+09:00,3405.0,3405.0,3405.0,3405.0,400,0.0,0.0
2024-09-11 09:25:00+09:00,3400.0,3415.0,3395.0,3415.0,900,0.0,0.0
2024-09-11 09:30:00+09:00,3415.0,3415.0,3415.0,3415.0,100,0.0,0.0
2024-09-11 09:35:00+09:00,3425.0,3425.0,3425.0,3425.0,200,0.0,0.0
2024-09-11 09:40:00+09:00,3425.0,3425.0,3425.0,3425.0,100,0.0,0.0
2024-09-11 09:45:00+09:00,3425.0,3425.0,3420.0,3425.0,300,0.0,0.0
2024-09-11 09:50:00+09:00,3425.0,3425.0,3415.0,3415.0,800,0.0,0.0
2024-09-11 10:00:00+09:00,3420.0,3420.0,3415.0,3415.0,200,0.0,0.0
2024-09-11 10:05:00+09:00,3420.0,3420.0,3415.0,3415.0,300,0.0,0.0
2024-09-11 10:15:00+09:00,3410.0,3415.0,3410.0,3410.0,300,0.0,0.0
2024-09-11 10:20:00+09:00,3410.0,3415.0,3410.0,3415.0,500,0.0,0.0
2024-09-11 10:25:00+09:00,3420.0,3420.0,3415.0,3415.0,400,0.0,0.0
2024-09-11 10:30:00+09:00,3415.0,3415.0,3415.0,3415.0,100,0.0,0.0
2024-09-11 10:35:00+09:00,3410.0,3410.0,3405.0,3405.0,300,0.0,0.0
2024-09-11 10:40:00+09:00,3405.0,3410.0,3405.0,3410.0,500,0.0,0.0
2024-09-11 10:45:00+09:00,3420.0,3420.0,3420.0,3420.0,600,0.0,0.0
2024-09-11 10:50:00+09:00,3415.0,3415.0,3415.0,3415.0,800,0.0,0.0
2024-09-11 10:55:00+09:00,3415.0,3415.0,3415.0,3415.0,100,0.0,0.0
2024-09-11 11:05:00+09:00,3420.0,3420.0,3420.0,3420.0,100,0.0,0.0
2024-09-11 11:10:00+09:00,3420.0,3420.0,3420.0,3420.0,300,0.0,0.0
2024-09-11 11:15:00+09:00,3415.0,3415.0,3415.0,3415.0,100,0.0,0.0
2024-09-11 11:20:00+09:00,3420.0,3425.0,3420.0,3425.0,700,0.0,0.0
2024-09-11 11:25:00+09:00,3430.0,3430.0,3430.0,3430.0,200,0.0,0.0
2024-09-11 11:30:00+09:00,3425.0,3425.0,3425.0,3425.0,100,0.0,0.0
2024-09-11 11:35:00+09:00,3425.0,3425.0,3425.0,3425.0,0,0.0,0.0
2024-09-11 12:30:00+09:00,3420.0,3420.0,3410.0,3410.0,15000,0.0,0.0
2024-09-11 12:35:00+09:00,3405.0,3405.0,3405.0,3405.0,200,0.0,0.0
2024-09-11 12:40:00+09:00,3400.0,3400.0,3400.0,3400.0,600,0.0,0.0
2024-09-11 12:45:00+09:00,3395.0,3395.0,3395.0,3395.0,200,0.0,0.0
2024-09-11 12:50:00+09:00,3390.0,3395.0,3390.0,3395.0,200,0.0,0.0
2024-09-11 12:55:00+09:00,3400.0,3400.0,3400.0,3400.0,500,0.0,0.0
2024-09-11 13:00:00+09:00,3395.0,3395.0,3395.0,3395.0,100,0.0,0.0
2024-09-11 13:05:00+09:00,3390.0,3390.0,3385.0,3385.0,300,0.0,0.0
2024-09-11 13:10:00+09:00,3380.0,3380.0,3375.0,3380.0,900,0.0,0.0
2024-09-11 13:15:00+09:00,3380.0,3385.0,3380.0,3385.0,200,0.0,0.0
2024-09-11 13:20:00+09:00,3385.0,3390.0,3385.0,3390.0,800,0.0,0.0
2024-09-11 13:25:00+09:00,3395.0,3410.0,3395.0,3405.0,1000,0.0,0.0
2024-09-11 13:30:00+09:00,3405.0,3405.0,3400.0,3400.0,600,0.0,0.0
2024-09-11 13:35:00+09:00,3395.0,3395.0,3395.0,3395.0,200,0.0,0.0
2024-09-11 13:40:00+09:00,3400.0,3400.0,3400.0,3400.0,200,0.0,0.0
2024-09-11 13:50:00+09:00,3400.0,3400.0,3390.0,3390.0,200,0.0,0.0
2024-09-11 13:55:00+09:00,3395.0,3395.0,3395.0,3395.0,100,0.0,0.0
2024-09-11 14:00:00+09:00,3395.0,3395.0,3390.0,3390.0,500,0.0,0.0
2024-09-11 14:05:00+09:00,3385.0,3385.0,3385.0,3385.0,200,0.0,0.0
2024-09-11 14:10:00+09:00,3385.0,3385.0,3385.0,3385.0,500,0.0,0.0
2024-09-11 14:15:00+09:00,3385.0,3385.0,3375.0,3375.0,1000,0.0,0.0
2024-09-11 14:20:00+09:00,3375.0,3375.0,3375.0,3375.0,500,0.0,0.0
2024-09-11 14:25:00+09:00,3370.0,3370.0,3365.0,3365.0,900,0.0,0.0
2024-09-11 14:30:00+09:00,3370.0,3380.0,3370.0,3380.0,700,0.0,0.0
2024-09-11 14:35:00+09:00,3380.0,3385.0,3380.0,3380.0,1100,0.0,0.0
2024-09-11 14:40:00+09:00,3380.0,3385.0,3380.0,3385.0,900,0.0,0.0
2024-09-11 14:45:00+09:00,3380.0,3385.0,3380.0,3385.0,700,0.0,0.0
2024-09-11 14:50:00+09:00,3390.0,3395.0,3385.0,3395.0,1700,0.0,0.0
2024-09-11 14:55:00+09:00,3390.0,3390.0,3380.0,3380.0,0,0.0,0.0
2024-09-12 09:00:00+09:00,3395.0,3430.0,3395.0,3425.0,1900,0.0,0.0
2024-09-12 09:05:00+09:00,3425.0,3425.0,3425.0,3425.0,100,0.0,0.0
2024-09-12 09:10:00+09:00,3440.0,3445.0,3430.0,3435.0,3800,0.0,0.0
2024-09-12 09:15:00+09:00,3435.0,3450.0,3435.0,3450.0,600,0.0,0.0
2024-09-12 09:20:00+09:00,3450.0,3450.0,3450.0,3450.0,1100,0.0,0.0
2024-09-12 09:25:00+09:00,3455.0,3455.0,3455.0,3455.0,400,0.0,0.0
2024-09-12 09:30:00+09:00,3460.0,3470.0,3460.0,3470.0,1000,0.0,0.0
2024-09-12 09:35:00+09:00,3465.0,3465.0,3455.0,3455.0,1300,0.0,0.0
2024-09-12 09:40:00+09:00,3450.0,3450.0,3450.0,3450.0,300,0.0,0.0
2024-09-12 09:45:00+09:00,3445.0,3445.0,3445.0,3445.0,200,0.0,0.0
2024-09-12 09:50:00+09:00,3445.0,3445.0,3445.0,3445.0,300,0.0,0.0
2024-09-12 09:55:00+09:00,3440.0,3440.0,3435.0,3435.0,300,0.0,0.0
2024-09-12 10:00:00+09:00,3430.0,3430.0,3420.0,3425.0,600,0.0,0.0
2024-09-12 10:05:00+09:00,3425.0,3425.0,3420.0,3420.0,200,0.0,0.0
2024-09-12 10:10:00+09:00,3415.0,3415.0,3415.0,3415.0,400,0.0,0.0
2024-09-12 10:15:00+09:00,3420.0,3420.0,3420.0,3420.0,200,0.0,0.0
2024-09-12 10:20:00+09:00,3420.0,3420.0,3420.0,3420.0,100,0.0,0.0
2024-09-12 10:25:00+09:00,3415.0,3420.0,3415.0,3415.0,300,0.0,0.0
2024-09-12 10:30:00+09:00,3420.0,3430.0,3420.0,3430.0,900,0.0,0.0
2024-09-12 10:35:00+09:00,3425.0,3425.0,3410.0,3410.0,1000,0.0,0.0
2024-09-12 10:40:00+09:00,3410.0,3410.0,3395.0,3400.0,1200,0.0,0.0
2024-09-12 10:45:00+09:00,3395.0,3395.0,3395.0,3395.0,300,0.0,0.0
2024-09-12 10:50:00+09:00,3395.0,3395.0,3395.0,3395.0,100,0.0,0.0
2024-09-12 11:05:00+09:00,3395.0,3400.0,3395.0,3400.0,200,0.0,0.0
2024-09-12 11:15:00+09:00,3390.0,3395.0,3390.0,3395.0,200,0.0,0.0
2024-09-12 11:30:00+09:00,3395.0,3395.0,3395.0,3395.0,200,0.0,0.0
2024-09-12 11:35:00+09:00,3395.0,3395.0,3395.0,3395.0,0,0.0,0.0
2024-09-12 12:30:00+09:00,3395.0,3395.0,3385.0,3385.0,18200,0.0,0.0
2024-09-12 12:35:00+09:00,3390.0,3395.0,3390.0,3395.0,400,0.0,0.0
2024-09-12 12:40:00+09:00,3395.0,3400.0,3390.0,3395.0,1500,0.0,0.0
2024-09-12 12:45:00+09:00,3405.0,3405.0,3405.0,3405.0,200,0.0,0.0
2024-09-12 12:55:00+09:00,3400.0,3400.0,3400.0,3400.0,200,0.0,0.0
2024-09-12 13:15:00+09:00,3405.0,3405.0,3405.0,3405.0,400,0.0,0.0
2024-09-12 13:20:00+09:00,3405.0,3405.0,3405.0,3405.0,100,0.0,0.0
2024-09-12 13:30:00+09:00,3400.0,3400.0,3400.0,3400.0,100,0.0,0.0
2024-09-12 13:35:00+09:00,3405.0,3405.0,3405.0,3405.0,300,0.0,0.0
2024-09-12 13:50:00+09:00,3405.0,3410.0,3405.0,3410.0,200,0.0,0.0
2024-09-12 13:55:00+09:00,3410.0,3410.0,3410.0,3410.0,100,0.0,0.0
2024-09-12 14:00:00+09:00,3405.0,3405.0,3405.0,3405.0,600,0.0,0.0
2024-09-12 14:10:00+09:00,3400.0,3400.0,3400.0,3400.0,100,0.0,0.0
2024-09-12 14:15:00+09:00,3405.0,3405.0,3405.0,3405.0,500,0.0,0.0
2024-09-12 14:20:00+09:00,3405.0,3405.0,3405.0,3405.0,100,0.0,0.0
2024-09-12 14:25:00+09:00,3400.0,3405.0,3400.0,3405.0,500,0.0,0.0
2024-09-12 14:30:00+09:00,3405.0,3405.0,3400.0,3400.0,1700,0.0,0.0
2024-09-12 14:35:00+09:00,3395.0,3395.0,3390.0,3390.0,600,0.0,0.0
2024-09-12 14:40:00+09:00,3395.0,3395.0,3395.0,3395.0,100,0.0,0.0
2024-09-12 14:45:00+09:00,3390.0,3390.0,3385.0,3390.0,1800,0.0,0.0
2024-09-12 14:55:00+09:00,3395.0,3395.0,3395.0,3395.0,600,0.0,0.0
2024-09-13 09:00:00+09:00,3385.0,3395.0,3380.0,3380.0,17900,0.0,0.0
2024-09-13 09:05:00+09:00,3375.0,3380.0,3375.0,3380.0,300,0.0,0.0
2024-09-13 09:10:00+09:00,3390.0,3390.0,3380.0,3380.0,800,0.0,0.0
2024-09-13 09:15:00+09:00,3375.0,3375.0,3375.0,3375.0,500,0.0,0.0
2024-09-13 09:20:00+09:00,3375.0,3375.0,3375.0,3375.0,100,0.0,0.0
2024-09-13 09:25:00+09:00,3390.0,3390.0,3390.0,3390.0,500,0.0,0.0
2024-09-13 09:35:00+09:00,3390.0,3390.0,3385.0,3385.0,200,0.0,0.0
2024-09-13 09:40:00+09:00,3380.0,3385.0,3380.0,3385.0,300,0.0,0.0
2024-09-13 09:50:00+09:00,3380.0,3385.0,3380.0,3385.0,200,0.0,0.0
2024-09-13 09:55:00+09:00,3385.0,3385.0,3385.0,3385.0,200,0.0,0.0
2024-09-13 10:35:00+09:00,3380.0,3390.0,3380.0,3390.0,400,0.0,0.0
2024-09-13 10:40:00+09:00,3395.0,3395.0,3395.0,3395.0,100,0.0,0.0
2024-09-13 10:45:00+09:00,3395.0,3395.0,3395.0,3395.0,200,0.0,0.0
2024-09-13 10:55:00+09:00,3400.0,3400.0,3400.0,3400.0,200,0.0,0.0
2024-09-13 11:00:00+09:00,3395.0,3395.0,3395.0,3395.0,500,0.0,0.0
2024-09-13 11:05:00+09:00,3395.0,3395.0,3395.0,3395.0,100,0.0,0.0
2024-09-13 11:10:00+09:00,3400.0,3400.0,3400.0,3400.0,100,0.0,0.0
2024-09-13 11:15:00+09:00,3400.0,3400.0,3395.0,3400.0,400,0.0,0.0
2024-09-13 11:25:00+09:00,3395.0,3400.0,3395.0,3400.0,400,0.0,0.0
2024-09-13 11:30:00+09:00,3390.0,3390.0,3390.0,3390.0,500,0.0,0.0
2024-09-13 11:35:00+09:00,3390.0,3390.0,3390.0,3390.0,0,0.0,0.0
2024-09-13 12:30:00+09:00,3395.0,3395.0,3385.0,3390.0,25800,0.0,0.0
2024-09-13 12:35:00+09:00,3395.0,3395.0,3395.0,3395.0,500,0.0,0.0
2024-09-13 12:40:00+09:00,3395.0,3395.0,3395.0,3395.0,400,0.0,0.0
2024-09-13 12:45:00+09:00,3395.0,3395.0,3395.0,3395.0,300,0.0,0.0
2024-09-13 12:50:00+09:00,3395.0,3395.0,3395.0,3395.0,300,0.0,0.0
2024-09-13 12:55:00+09:00,3395.0,3395.0,3395.0,3395.0,100,0.0,0.0
2024-09-13 13:00:00+09:00,3400.0,3400.0,3395.0,3395.0,600,0.0,0.0
2024-09-13 13:05:00+09:00,3395.0,3395.0,3385.0,3385.0,800,0.0,0.0
2024-09-13 13:15:00+09:00,3390.0,3390.0,3390.0,3390.0,700,0.0,0.0
2024-09-13 13:20:00+09:00,3390.0,3390.0,3390.0,3390.0,300,0.0,0.0
2024-09-13 13:25:00+09:00,3390.0,3390.0,3390.0,3390.0,400,0.0,0.0
2024-09-13 13:30:00+09:00,3385.0,3385.0,3385.0,3385.0,300,0.0,0.0
2024-09-13 13:35:00+09:00,3385.0,3385.0,3385.0,3385.0,300,0.0,0.0
2024-09-13 13:40:00+09:00,3385.0,3385.0,3380.0,3385.0,300,0.0,0.0
2024-09-13 13:45:00+09:00,3385.0,3390.0,3385.0,3390.0,600,0.0,0.0
2024-09-13 13:50:00+09:00,3395.0,3395.0,3395.0,3395.0,200,0.0,0.0
2024-09-13 13:55:00+09:00,3395.0,3395.0,3390.0,3395.0,400,0.0,0.0
2024-09-13 14:00:00+09:00,3395.0,3395.0,3390.0,3390.0,800,0.0,0.0
2024-09-13 14:05:00+09:00,3395.0,3395.0,3395.0,3395.0,200,0.0,0.0
2024-09-13 14:10:00+09:00,3390.0,3395.0,3390.0,3395.0,200,0.0,0.0
2024-09-13 14:15:00+09:00,3395.0,3395.0,3390.0,3390.0,400,0.0,0.0
2024-09-13 14:20:00+09:00,3395.0,3395.0,3395.0,3395.0,100,0.0,0.0
2024-09-13 14:25:00+09:00,3395.0,3395.0,3390.0,3390.0,800,0.0,0.0
2024-09-13 14:30:00+09:00,3390.0,3390.0,3390.0,3390.0,300,0.0,0.0
2024-09-13 14:35:00+09:00,3390.0,3390.0,3390.0,3390.0,200,0.0,0.0
2024-09-13 14:40:00+09:00,3390.0,3390.0,3385.0,3385.0,900,0.0,0.0
2024-09-13 14:45:00+09:00,3380.0,3390.0,3380.0,3390.0,500,0.0,0.0
2024-09-13 14:50:00+09:00,3390.0,3390.0,3390.0,3390.0,200,0.0,0.0
2024-09-13 14:55:00+09:00,3390.0,3390.0,3380.0,3385.0,1200,0.0,0.0
2024-09-17 09:00:00+09:00,3400.0,3410.0,3400.0,3405.0,2400,0.0,0.0
2024-09-17 09:05:00+09:00,3410.0,3410.0,3395.0,3395.0,800,0.0,0.0
2024-09-17 09:10:00+09:00,3400.0,3400.0,3395.0,3395.0,200,0.0,0.0
2024-09-17 09:15:00+09:00,3390.0,3390.0,3380.0,3380.0,900,0.0,0.0
2024-09-17 09:20:00+09:00,3380.0,3380.0,3375.0,3375.0,500,0.0,0.0
2024-09-17 09:25:00+09:00,3375.0,3380.0,3375.0,3380.0,300,0.0,0.0
2024-09-17 09:30:00+09:00,3375.0,3385.0,3375.0,3385.0,1100,0.0,0.0
2024-09-17 09:40:00+09:00,3385.0,3385.0,3385.0,3385.0,500,0.0,0.0
2024-09-17 09:45:00+09:00,3385.0,3390.0,3385.0,3390.0,700,0.0,0.0
2024-09-17 09:50:00+09:00,3390.0,3390.0,3390.0,3390.0,200,0.0,0.0
2024-09-17 09:55:00+09:00,3390.0,3390.0,3390.0,3390.0,300,0.0,0.0
2024-09-17 10:05:00+09:00,3395.0,3400.0,3395.0,3400.0,800,0.0,0.0
2024-09-17 10:10:00+09:00,3400.0,3400.0,3395.0,3395.0,1000,0.0,0.0
2024-09-17 10:15:00+09:00,3395.0,3395.0,3395.0,3395.0,100,0.0,0.0
2024-09-17 10:20:00+09:00,3390.0,3390.0,3390.0,3390.0,100,0.0,0.0
2024-09-17 10:25:00+09:00,3390.0,3395.0,3390.0,3395.0,200,0.0,0.0
2024-09-17 10:30:00+09:00,3395.0,3400.0,3395.0,3400.0,700,0.0,0.0
2024-09-17 10:45:00+09:00,3405.0,3410.0,3405.0,3405.0,1200,0.0,0.0
2024-09-17 10:50:00+09:00,3400.0,3400.0,3400.0,3400.0,400,0.0,0.0
2024-09-17 11:00:00+09:00,3400.0,3400.0,3400.0,3400.0,700,0.0,0.0
2024-09-17 11:05:00+09:00,3395.0,3395.0,3390.0,3390.0,400,0.0,0.0
2024-09-17 11:10:00+09:00,3390.0,3390.0,3390.0,3390.0,200,0.0,0.0
2024-09-17 11:15:00+09:00,3390.0,3390.0,3385.0,3385.0,400,0.0,0.0
2024-09-17 11:20:00+09:00,3380.0,3380.0,3380.0,3380.0,300,0.0,0.0
2024-09-17 11:30:00+09:00,3375.0,3375.0,3375.0,3375.0,0,0.0,0.0
2024-09-17 11:35:00+09:00,3375.0,3375.0,3375.0,3375.0,0,0.0,0.0
2024-09-17 12:30:00+09:00,3380.0,3385.0,3375.0,3380.0,16700,0.0,0.0
2024-09-17 12:35:00+09:00,3375.0,3375.0,3370.0,3370.0,700,0.0,0.0
2024-09-17 12:40:00+09:00,3370.0,3370.0,3360.0,3370.0,1300,0.0,0.0
2024-09-17 12:45:00+09:00,3375.0,3375.0,3375.0,3375.0,700,0.0,0.0
2024-09-17 12:50:00+09:00,3375.0,3375.0,3370.0,3375.0,1400,0.0,0.0
2024-09-17 12:55:00+09:00,3370.0,3370.0,3365.0,3365.0,400,0.0,0.0
2024-09-17 13:00:00+09:00,3370.0,3370.0,3370.0,3370.0,200,0.0,0.0
2024-09-17 13:05:00+09:00,3370.0,3370.0,3370.0,3370.0,400,0.0,0.0
2024-09-17 13:15:00+09:00,3375.0,3375.0,3370.0,3375.0,1400,0.0,0.0
2024-09-17 13:20:00+09:00,3370.0,3370.0,3370.0,3370.0,100,0.0,0.0
2024-09-17 13:25:00+09:00,3365.0,3365.0,3365.0,3365.0,100,0.0,0.0
2024-09-17 13:30:00+09:00,3370.0,3370.0,3370.0,3370.0,700,0.0,0.0
2024-09-17 13:35:00+09:00,3365.0,3365.0,3365.0,3365.0,300,0.0,0.0
2024-09-17 13:40:00+09:00,3365.0,3365.0,3365.0,3365.0,600,0.0,0.0
2024-09-17 13:45:00+09:00,3370.0,3370.0,3370.0,3370.0,300,0.0,0.0
2024-09-17 13:50:00+09:00,3370.0,3370.0,3370.0,3370.0,100,0.0,0.0
2024-09-17 13:55:00+09:00,3370.0,3370.0,3365.0,3365.0,600,0.0,0.0
2024-09-17 14:00:00+09:00,3365.0,3365.0,3365.0,3365.0,100,0.0,0.0
2024-09-17 14:05:00+09:00,3370.0,3370.0,3370.0,3370.0,400,0.0,0.0
2024-09-17 14:10:00+09:00,3370.0,3370.0,3370.0,3370.0,800,0.0,0.0
2024-09-17 14:20:00+09:00,3370.0,3370.0,3370.0,3370.0,1000,0.0,0.0
2024-09-17 14:25:00+09:00,3370.0,3375.0,3370.0,3375.0,500,0.0,0.0
2024-09-17 14:30:00+09:00,3370.0,3370.0,3370.0,3370.0,700,0.0,0.0
2024-09-17 14:35:00+09:00,3370.0,3370.0,3365.0,3365.0,700,0.0,0.0
2024-09-17 14:40:00+09:00,3365.0,3370.0,3365.0,3370.0,1200,0.0,0.0
2024-09-17 14:45:00+09:00,3365.0,3370.0,3365.0,3370.0,1400,0.0,0.0
2024-09-17 14:50:00+09:00,3370.0,3375.0,3370.0,3370.0,2000,0.0,0.0
2024-09-17 14:55:00+09:00,3370.0,3390.0,3370.0,3390.0,3900,0.0,0.0
2024-09-18 09:00:00+09:00,3435.0,3435.0,3410.0,3415.0,2200,0.0,0.0
2024-09-18 09:05:00+09:00,3415.0,3435.0,3415.0,3435.0,1000,0.0,0.0
2024-09-18 09:10:00+09:00,3430.0,3435.0,3430.0,3435.0,500,0.0,0.0
2024-09-18 09:15:00+09:00,3435.0,3435.0,3435.0,3435.0,300,0.0,0.0
2024-09-18 09:20:00+09:00,3435.0,3435.0,3430.0,3435.0,700,0.0,0.0
2024-09-18 09:25:00+09:00,3435.0,3435.0,3430.0,3430.0,400,0.0,0.0
2024-09-18 09:30:00+09:00,3425.0,3430.0,3425.0,3430.0,600,0.0,0.0
2024-09-18 09:35:00+09:00,3430.0,3435.0,3430.0,3430.0,800,0.0,0.0
2024-09-18 09:45:00+09:00,3430.0,3430.0,3425.0,3425.0,1000,0.0,0.0
2024-09-18 09:55:00+09:00,3430.0,3430.0,3425.0,3425.0,500,0.0,0.0
2024-09-18 10:00:00+09:00,3415.0,3415.0,3415.0,3415.0,400,0.0,0.0
2024-09-18 10:05:00+09:00,3420.0,3420.0,3420.0,3420.0,300,0.0,0.0
2024-09-18 10:10:00+09:00,3425.0,3425.0,3425.0,3425.0,200,0.0,0.0
2024-09-18 10:15:00+09:00,3430.0,3430.0,3430.0,3430.0,200,0.0,0.0
2024-09-18 10:20:00+09:00,3425.0,3425.0,3420.0,3420.0,500,0.0,0.0
2024-09-18 10:25:00+09:00,3420.0,3420.0,3415.0,3415.0,700,0.0,0.0
2024-09-18 10:35:00+09:00,3415.0,3420.0,3415.0,3415.0,900,0.0,0.0
2024-09-18 10:40:00+09:00,3415.0,3415.0,3415.0,3415.0,200,0.0,0.0
2024-09-18 10:45:00+09:00,3415.0,3415.0,3415.0,3415.0,400,0.0,0.0
2024-09-18 10:50:00+09:00,3415.0,3420.0,3415.0,3420.0,400,0.0,0.0
2024-09-18 10:55:00+09:00,3420.0,3420.0,3420.0,3420.0,300,0.0,0.0
2024-09-18 11:00:00+09:00,3415.0,3415.0,3415.0,3415.0,400,0.0,0.0
2024-09-18 11:05:00+09:00,3420.0,3420.0,3420.0,3420.0,700,0.0,0.0
2024-09-18 11:10:00+09:00,3425.0,3425.0,3425.0,3425.0,200,0.0,0.0
2024-09-18 11:15:00+09:00,3425.0,3425.0,3425.0,3425.0,300,0.0,0.0
2024-09-18 11:20:00+09:00,3425.0,3425.0,3420.0,3420.0,1200,0.0,0.0
2024-09-18 11:25:00+09:00,3420.0,3420.0,3420.0,3420.0,200,0.0,0.0
2024-09-18 11:30:00+09:00,3420.0,3420.0,3420.0,3420.0,100,0.0,0.0
2024-09-18 11:35:00+09:00,3420.0,3420.0,3420.0,3420.0,0,0.0,0.0
2024-09-18 12:30:00+09:00,3430.0,3430.0,3410.0,3410.0,17900,0.0,0.0
2024-09-18 12:35:00+09:00,3410.0,3410.0,3405.0,3405.0,1200,0.0,0.0
2024-09-18 12:40:00+09:00,3410.0,3410.0,3410.0,3410.0,200,0.0,0.0
2024-09-18 12:45:00+09:00,3410.0,3415.0,3410.0,3415.0,500,0.0,0.0
2024-09-18 12:50:00+09:00,3415.0,3415.0,3415.0,3415.0,400,0.0,0.0
2024-09-18 12:55:00+09:00,3415.0,3420.0,3415.0,3415.0,800,0.0,0.0
2024-09-18 13:00:00+09:00,3420.0,3420.0,3420.0,3420.0,100,0.0,0.0
2024-09-18 13:05:00+09:00,3420.0,3420.0,3415.0,3415.0,400,0.0,0.0
2024-09-18 13:10:00+09:00,3420.0,3420.0,3415.0,3415.0,300,0.0,0.0
2024-09-18 13:15:00+09:00,3415.0,3415.0,3415.0,3415.0,300,0.0,0.0
2024-09-18 13:20:00+09:00,3415.0,3420.0,3415.0,3415.0,1200,0.0,0.0
2024-09-18 13:25:00+09:00,3420.0,3420.0,3420.0,3420.0,200,0.0,0.0
2024-09-18 13:30:00+09:00,3415.0,3415.0,3415.0,3415.0,700,0.0,0.0
2024-09-18 13:35:00+09:00,3420.0,3420.0,3420.0,3420.0,500,0.0,0.0
2024-09-18 13:40:00+09:00,3420.0,3420.0,3420.0,3420.0,600,0.0,0.0
2024-09-18 13:45:00+09:00,3420.0,3420.0,3420.0,3420.0,200,0.0,0.0
2024-09-18 13:50:00+09:00,3425.0,3425.0,3415.0,3415.0,1500,0.0,0.0
2024-09-18 13:55:00+09:00,3415.0,3415.0,3415.0,3415.0,1200,0.0,0.0
2024-09-18 14:00:00+09:00,3420.0,3420.0,3420.0,3420.0,100,0.0,0.0
2024-09-18 14:05:00+09:00,3420.0,3420.0,3420.0,3420.0,800,0.0,0.0
2024-09-18 14:10:00+09:00,3420.0,3420.0,3415.0,3420.0,700,0.0,0.0
2024-09-18 14:15:00+09:00,3415.0,3415.0,3410.0,3410.0,1200,0.0,0.0
2024-09-18 14:20:00+09:00,3410.0,3410.0,3410.0,3410.0,1000,0.0,0.0
2024-09-18 14:25:00+09:00,3415.0,3420.0,3415.0,3420.0,1900,0.0,0.0
2024-09-18 14:30:00+09:00,3415.0,3415.0,3410.0,3410.0,500,0.0,0.0
2024-09-18 14:35:00+09:00,3415.0,3415.0,3415.0,3415.0,1500,0.0,0.0
2024-09-18 14:45:00+09:00,3420.0,3420.0,3420.0,3420.0,1400,0.0,0.0
2024-09-18 14:50:00+09:00,3415.0,3420.0,3415.0,3420.0,1900,0.0,0.0
2024-09-18 14:55:00+09:00,3425.0,3430.0,3425.0,3430.0,3500,0.0,0.0
2024-09-19 09:00:00+09:00,3460.0,3465.0,3445.0,3455.0,3200,0.0,0.0
2024-09-19 09:05:00+09:00,3455.0,3455.0,3455.0,3455.0,100,0.0,0.0
2024-09-19 09:10:00+09:00,3455.0,3455.0,3455.0,3455.0,1000,0.0,0.0
2024-09-19 09:15:00+09:00,3450.0,3450.0,3435.0,3440.0,800,0.0,0.0
2024-09-19 09:20:00+09:00,3430.0,3435.0,3430.0,3435.0,400,0.0,0.0
2024-09-19 09:25:00+09:00,3440.0,3440.0,3440.0,3440.0,300,0.0,0.0
2024-09-19 09:30:00+09:00,3440.0,3440.0,3440.0,3440.0,700,0.0,0.0
2024-09-19 09:35:00+09:00,3440.0,3440.0,3440.0,3440.0,200,0.0,0.0
2024-09-19 09:40:00+09:00,3440.0,3440.0,3440.0,3440.0,200,0.0,0.0
2024-09-19 09:45:00+09:00,3440.0,3445.0,3440.0,3445.0,1000,0.0,0.0
2024-09-19 09:50:00+09:00,3440.0,3445.0,3440.0,3445.0,200,0.0,0.0
2024-09-19 09:55:00+09:00,3445.0,3450.0,3445.0,3450.0,200,0.0,0.0
2024-09-19 10:00:00+09:00,3450.0,3450.0,3450.0,3450.0,800,0.0,0.0
2024-09-19 10:05:00+09:00,3455.0,3455.0,3450.0,3450.0,900,0.0,0.0
2024-09-19 10:15:00+09:00,3445.0,3450.0,3445.0,3450.0,600,0.0,0.0
2024-09-19 10:20:00+09:00,3450.0,3450.0,3450.0,3450.0,200,0.0,0.0
2024-09-19 10:25:00+09:00,3455.0,3455.0,3455.0,3455.0,200,0.0,0.0
2024-09-19 10:30:00+09:00,3455.0,3455.0,3450.0,3450.0,700,0.0,0.0
2024-09-19 10:35:00+09:00,3450.0,3450.0,3450.0,3450.0,200,0.0,0.0
2024-09-19 10:40:00+09:00,3455.0,3455.0,3455.0,3455.0,100,0.0,0.0
2024-09-19 10:45:00+09:00,3455.0,3455.0,3455.0,3455.0,200,0.0,0.0
2024-09-19 10:50:00+09:00,3455.0,3455.0,3455.0,3455.0,300,0.0,0.0
2024-09-19 10:55:00+09:00,3455.0,3455.0,3455.0,3455.0,200,0.0,0.0
2024-09-19 11:00:00+09:00,3455.0,3455.0,3455.0,3455.0,200,0.0,0.0
2024-09-19 11:05:00+09:00,3460.0,3460.0,3455.0,3455.0,300,0.0,0.0
2024-09-19 11:10:00+09:00,3460.0,3460.0,3460.0,3460.0,600,0.0,0.0
2024-09-19 11:15:00+09:00,3465.0,3465.0,3460.0,3460.0,500,0.0,0.0
2024-09-19 11:20:00+09:00,3455.0,3455.0,3450.0,3450.0,400,0.0,0.0
2024-09-19 11:25:00+09:00,3450.0,3450.0,3450.0,3450.0,200,0.0,0.0
2024-09-19 11:35:00+09:00,3450.0,3450.0,3450.0,3450.0,0,0.0,0.0
2024-09-19 12:30:00+09:00,3440.0,3445.0,3425.0,3430.0,16700,0.0,0.0
2024-09-19 12:35:00+09:00,3430.0,3430.0,3430.0,3430.0,900,0.0,0.0
2024-09-19 12:40:00+09:00,3435.0,3435.0,3435.0,3435.0,1100,0.0,0.0
2024-09-19 12:45:00+09:00,3435.0,3435.0,3435.0,3435.0,600,0.0,0.0
2024-09-19 12:50:00+09:00,3440.0,3445.0,3440.0,3445.0,800,0.0,0.0
2024-09-19 12:55:00+09:00,3445.0,3460.0,3445.0,3455.0,10100,0.0,0.0
2024-09-19 13:00:00+09:00,3455.0,3460.0,3450.0,3450.0,1300,0.0,0.0
2024-09-19 13:05:00+09:00,3450.0,3450.0,3450.0,3450.0,300,0.0,0.0
2024-09-19 13:10:00+09:00,3450.0,3455.0,3450.0,3455.0,700,0.0,0.0
2024-09-19 13:20:00+09:00,3450.0,3455.0,3450.0,3455.0,300,0.0,0.0
2024-09-19 13:25:00+09:00,3455.0,3455.0,3455.0,3455.0,200,0.0,0.0
2024-09-19 13:30:00+09:00,3450.0,3450.0,3450.0,3450.0,500,0.0,0.0
2024-09-19 13:35:00+09:00,3450.0,3450.0,3450.0,3450.0,300,0.0,0.0
2024-09-19 13:40:00+09:00,3455.0,3455.0,3455.0,3455.0,300,0.0,0.0
2024-09-19 13:45:00+09:00,3450.0,3450.0,3450.0,3450.0,700,0.0,0.0
2024-09-19 13:50:00+09:00,3455.0,3455.0,3455.0,3455.0,200,0.0,0.0
2024-09-19 13:55:00+09:00,3455.0,3455.0,3455.0,3455.0,600,0.0,0.0
2024-09-19 14:00:00+09:00,3460.0,3460.0,3455.0,3455.0,1000,0.0,0.0
2024-09-19 14:05:00+09:00,3450.0,3450.0,3445.0,3445.0,1400,0.0,0.0
2024-09-19 14:10:00+09:00,3445.0,3445.0,3445.0,3445.0,900,0.0,0.0
2024-09-19 14:15:00+09:00,3440.0,3440.0,3435.0,3435.0,1000,0.0,0.0
2024-09-19 14:20:00+09:00,3430.0,3430.0,3420.0,3420.0,1800,0.0,0.0
2024-09-19 14:25:00+09:00,3420.0,3425.0,3420.0,3425.0,1800,0.0,0.0
2024-09-19 14:30:00+09:00,3425.0,3425.0,3420.0,3420.0,1900,0.0,0.0
2024-09-19 14:35:00+09:00,3420.0,3420.0,3415.0,3415.0,500,0.0,0.0
2024-09-19 14:40:00+09:00,3415.0,3415.0,3415.0,3415.0,1200,0.0,0.0
2024-09-19 14:45:00+09:00,3415.0,3420.0,3415.0,3420.0,3200,0.0,0.0
2024-09-19 14:50:00+09:00,3420.0,3420.0,3420.0,3420.0,1200,0.0,0.0
2024-09-19 14:55:00+09:00,3420.0,3420.0,3410.0,3420.0,4200,0.0,0.0
2024-09-20 09:00:00+09:00,3420.0,3445.0,3420.0,3435.0,12600,0.0,0.0
2024-09-20 09:05:00+09:00,3430.0,3430.0,3415.0,3420.0,1300,0.0,0.0
2024-09-20 09:10:00+09:00,3420.0,3425.0,3415.0,3425.0,900,0.0,0.0
2024-09-20 09:15:00+09:00,3425.0,3425.0,3425.0,3425.0,400,0.0,0.0
2024-09-20 09:20:00+09:00,3430.0,3430.0,3430.0,3430.0,1000,0.0,0.0
2024-09-20 09:25:00+09:00,3435.0,3435.0,3425.0,3430.0,1500,0.0,0.0
2024-09-20 09:30:00+09:00,3430.0,3430.0,3430.0,3430.0,200,0.0,0.0
2024-09-20 09:35:00+09:00,3435.0,3435.0,3435.0,3435.0,500,0.0,0.0
2024-09-20 09:40:00+09:00,3430.0,3430.0,3425.0,3425.0,1000,0.0,0.0
2024-09-20 09:45:00+09:00,3430.0,3430.0,3430.0,3430.0,200,0.0,0.0
2024-09-20 09:50:00+09:00,3435.0,3435.0,3425.0,3425.0,1000,0.0,0.0
2024-09-20 09:55:00+09:00,3425.0,3425.0,3425.0,3425.0,500,0.0,0.0
2024-09-20 10:00:00+09:00,3420.0,3420.0,3410.0,3415.0,1400,0.0,0.0
2024-09-20 10:05:00+09:00,3415.0,3415.0,3415.0,3415.0,100,0.0,0.0
2024-09-20 10:10:00+09:00,3415.0,3420.0,3415.0,3420.0,300,0.0,0.0
2024-09-20 10:15:00+09:00,3420.0,3420.0,3420.0,3420.0,200,0.0,0.0
2024-09-20 10:20:00+09:00,3420.0,3420.0,3420.0,3420.0,700,0.0,0.0
2024-09-20 10:25:00+09:00,3420.0,3420.0,3420.0,3420.0,100,0.0,0.0
2024-09-20 10:30:00+09:00,3420.0,3420.0,3420.0,3420.0,200,0.0,0.0
2024-09-20 10:35:00+09:00,3420.0,3420.0,3420.0,3420.0,200,0.0,0.0
2024-09-20 10:40:00+09:00,3420.0,3420.0,3415.0,3420.0,1000,0.0,0.0
2024-09-20 10:45:00+09:00,3425.0,3425.0,3425.0,3425.0,500,0.0,0.0
2024-09-20 10:50:00+09:00,3425.0,3425.0,3425.0,3425.0,600,0.0,0.0
2024-09-20 10:55:00+09:00,3425.0,3425.0,3425.0,3425.0,200,0.0,0.0
2024-09-20 11:00:00+09:00,3425.0,3430.0,3425.0,3425.0,700,0.0,0.0
2024-09-20 11:05:00+09:00,3425.0,3425.0,3425.0,3425.0,700,0.0,0.0
2024-09-20 11:10:00+09:00,3420.0,3420.0,3420.0,3420.0,400,0.0,0.0
2024-09-20 11:15:00+09:00,3420.0,3420.0,3420.0,3420.0,100,0.0,0.0
2024-09-20 11:20:00+09:00,3420.0,3420.0,3415.0,3415.0,300,0.0,0.0
2024-09-20 11:25:00+09:00,3420.0,3425.0,3415.0,3415.0,800,0.0,0.0
2024-09-20 11:30:00+09:00,3425.0,3425.0,3425.0,3425.0,200,0.0,0.0
2024-09-20 11:35:00+09:00,3425.0,3425.0,3425.0,3425.0,0,0.0,0.0
2024-09-20 12:30:00+09:00,3400.0,3410.0,3400.0,3410.0,33600,0.0,0.0
2024-09-20 12:35:00+09:00,3410.0,3410.0,3405.0,3405.0,900,0.0,0.0
2024-09-20 12:45:00+09:00,3405.0,3405.0,3405.0,3405.0,800,0.0,0.0
2024-09-20 12:50:00+09:00,3410.0,3410.0,3405.0,3405.0,500,0.0,0.0
2024-09-20 12:55:00+09:00,3405.0,3410.0,3400.0,3410.0,1600,0.0,0.0
2024-09-20 13:00:00+09:00,3415.0,3420.0,3415.0,3415.0,500,0.0,0.0
2024-09-20 13:05:00+09:00,3415.0,3420.0,3415.0,3420.0,1400,0.0,0.0
2024-09-20 13:10:00+09:00,3425.0,3425.0,3420.0,3420.0,200,0.0,0.0
2024-09-20 13:15:00+09:00,3420.0,3425.0,3420.0,3425.0,200,0.0,0.0
2024-09-20 13:20:00+09:00,3425.0,3425.0,3420.0,3420.0,1500,0.0,0.0
2024-09-20 13:25:00+09:00,3425.0,3425.0,3425.0,3425.0,100,0.0,0.0
2024-09-20 13:30:00+09:00,3425.0,3425.0,3420.0,3420.0,1000,0.0,0.0
2024-09-20 13:35:00+09:00,3420.0,3420.0,3420.0,3420.0,900,0.0,0.0
2024-09-20 13:45:00+09:00,3420.0,3420.0,3420.0,3420.0,500,0.0,0.0
2024-09-20 13:50:00+09:00,3415.0,3420.0,3415.0,3420.0,800,0.0,0.0
2024-09-20 13:55:00+09:00,3425.0,3425.0,3425.0,3425.0,1100,0.0,0.0
2024-09-20 14:00:00+09:00,3425.0,3425.0,3420.0,3425.0,300,0.0,0.0
2024-09-20 14:05:00+09:00,3420.0,3425.0,3420.0,3420.0,1100,0.0,0.0
2024-09-20 14:10:00+09:00,3420.0,3420.0,3420.0,3420.0,100,0.0,0.0
2024-09-20 14:15:00+09:00,3425.0,3425.0,3415.0,3415.0,1000,0.0,0.0
2024-09-20 14:20:00+09:00,3410.0,3410.0,3405.0,3410.0,2100,0.0,0.0
2024-09-20 14:25:00+09:00,3415.0,3415.0,3410.0,3410.0,200,0.0,0.0
2024-09-20 14:30:00+09:00,3410.0,3410.0,3410.0,3410.0,1800,0.0,0.0
2024-09-20 14:35:00+09:00,3410.0,3415.0,3405.0,3405.0,2000,0.0,0.0
2024-09-20 14:40:00+09:00,3410.0,3410.0,3405.0,3405.0,1600,0.0,0.0
2024-09-20 14:45:00+09:00,3405.0,3410.0,3400.0,3410.0,1300,0.0,0.0
2024-09-20 14:50:00+09:00,3410.0,3410.0,3405.0,3405.0,1700,0.0,0.0
2024-09-20 14:55:00+09:00,3405.0,3405.0,3395.0,3405.0,7400,0.0,0.0
