Datetime,Open,High,Low,Close,Volume,Dividends,Stock Splits
2024-08-26 09:30:00-04:00,26.420000076293945,26.420000076293945,26.420000076293945,26.420000076293945,1249,0.0,0.0
2024-08-26 09:33:00-04:00,26.520000457763672,26.520000457763672,26.520000457763672,26.520000457763672,410,0.0,0.0
2024-08-26 09:34:00-04:00,26.420000076293945,26.420000076293945,26.420000076293945,26.420000076293945,430,0.0,0.0
2024-08-26 09:35:00-04:00,26.420000076293945,26.53730010986328,26.420000076293945,26.53730010986328,479,0.0,0.0
2024-08-26 09:39:00-04:00,26.424999237060547,26.424999237060547,26.424999237060547,26.424999237060547,837,0.0,0.0
2024-08-26 10:07:00-04:00,26.43000030517578,26.43000030517578,26.43000030517578,26.43000030517578,1601,0.0,0.0
2024-08-26 10:18:00-04:00,26.43000030517578,26.43000030517578,26.43000030517578,26.43000030517578,400,0.0,0.0
2024-08-26 10:24:00-04:00,26.34000015258789,26.36750030517578,26.34000015258789,26.36750030517578,1314,0.0,0.0
2024-08-26 10:30:00-04:00,26.44499969482422,26.44499969482422,26.44499969482422,26.44499969482422,159,0.0,0.0
2024-08-26 10:31:00-04:00,26.450000762939453,26.520000457763672,26.450000762939453,26.5,1051,0.0,0.0
2024-08-26 10:32:00-04:00,26.549999237060547,26.549999237060547,26.540000915527344,26.540000915527344,1100,0.0,0.0
2024-08-26 10:40:00-04:00,26.4950008392334,26.4950008392334,26.4950008392334,26.4950008392334,410,0.0,0.0
2024-08-26 10:44:00-04:00,26.469999313354492,26.5049991607666,26.450000762939453,26.5049991607666,1019,0.0,0.0
2024-08-26 10:45:00-04:00,26.485000610351562,26.549999237060547,26.485000610351562,26.549999237060547,772,0.0,0.0
2024-08-26 10:47:00-04:00,26.610000610351562,26.700000762939453,26.610000610351562,26.610000610351562,410,0.0,0.0
2024-08-26 10:48:00-04:00,26.610000610351562,26.690000534057617,26.549999237060547,26.614999771118164,3703,0.0,0.0
2024-08-26 10:51:00-04:00,26.520000457763672,26.530000686645508,26.479999542236328,26.489999771118164,1086,0.0,0.0
2024-08-26 10:56:00-04:00,26.479999542236328,26.479999542236328,26.479999542236328,26.479999542236328,473,0.0,0.0
2024-08-26 10:57:00-04:00,26.46500015258789,26.475000381469727,26.46500015258789,26.475000381469727,384,0.0,0.0
2024-08-26 11:00:00-04:00,26.475000381469727,26.475000381469727,26.475000381469727,26.475000381469727,388,0.0,0.0
2024-08-26 11:03:00-04:00,26.559999465942383,26.56999969482422,26.559999465942383,26.56999969482422,593,0.0,0.0
2024-08-26 11:07:00-04:00,26.520000457763672,26.520000457763672,26.485000610351562,26.485000610351562,741,0.0,0.0
2024-08-26 11:10:00-04:00,26.485000610351562,26.485000610351562,26.485000610351562,26.485000610351562,326,0.0,0.0
2024-08-26 11:15:00-04:00,26.520000457763672,26.520000457763672,26.520000457763672,26.520000457763672,1056,0.0,0.0
2024-08-26 11:16:00-04:00,26.5,26.5,26.5,26.5,197,0.0,0.0
2024-08-26 11:19:00-04:00,26.5,26.5,26.5,26.5,105,0.0,0.0
2024-08-26 11:20:00-04:00,26.510000228881836,26.510000228881836,26.440000534057617,26.440000534057617,717,0.0,0.0
2024-08-26 11:23:00-04:00,26.424999237060547,26.424999237060547,26.424999237060547,26.424999237060547,170,0.0,0.0
2024-08-26 11:24:00-04:00,26.3700008392334,26.3700008392334,26.3700008392334,26.3700008392334,351,0.0,0.0
2024-08-26 11:32:00-04:00,26.34000015258789,26.34000015258789,26.34000015258789,26.34000015258789,226,0.0,0.0
2024-08-26 11:40:00-04:00,26.34000015258789,26.34000015258789,26.31999969482422,26.31999969482422,676,0.0,0.0
2024-08-26 11:45:00-04:00,26.364999771118164,26.364999771118164,26.364999771118164,26.364999771118164,578,0.0,0.0
2024-08-26 11:46:00-04:00,26.40999984741211,26.40999984741211,26.40999984741211,26.40999984741211,875,0.0,0.0
2024-08-26 11:47:00-04:00,26.385000228881836,26.40999984741211,26.385000228881836,26.40999984741211,1725,0.0,0.0
2024-08-26 11:55:00-04:00,26.40999984741211,26.469999313354492,26.40999984741211,26.469999313354492,1067,0.0,0.0
2024-08-26 11:57:00-04:00,26.459999084472656,26.459999084472656,26.43000030517578,26.43000030517578,515,0.0,0.0
2024-08-26 11:59:00-04:00,26.434999465942383,26.434999465942383,26.434999465942383,26.434999465942383,307,0.0,0.0
2024-08-26 12:00:00-04:00,26.450000762939453,26.450000762939453,26.450000762939453,26.450000762939453,122,0.0,0.0
2024-08-26 12:02:00-04:00,26.489999771118164,26.489999771118164,26.489999771118164,26.489999771118164,1122,0.0,0.0
2024-08-26 12:11:00-04:00,26.4950008392334,26.4950008392334,26.4950008392334,26.4950008392334,207,0.0,0.0
2024-08-26 12:18:00-04:00,26.450000762939453,26.450000762939453,26.450000762939453,26.450000762939453,345,0.0,0.0
2024-08-26 12:23:00-04:00,26.524999618530273,26.524999618530273,26.524999618530273,26.524999618530273,106,0.0,0.0
2024-08-26 12:24:00-04:00,26.549999237060547,26.549999237060547,26.549999237060547,26.549999237060547,407,0.0,0.0
2024-08-26 12:25:00-04:00,26.549999237060547,26.549999237060547,26.549999237060547,26.549999237060547,812,0.0,0.0
2024-08-26 12:32:00-04:00,26.559999465942383,26.559999465942383,26.520000457763672,26.520000457763672,1012,0.0,0.0
2024-08-26 12:35:00-04:00,26.559999465942383,26.559999465942383,26.559999465942383,26.559999465942383,304,0.0,0.0
2024-08-26 12:38:00-04:00,26.56999969482422,26.56999969482422,26.56999969482422,26.56999969482422,314,0.0,0.0
2024-08-26 12:40:00-04:00,26.549999237060547,26.549999237060547,26.549999237060547,26.549999237060547,751,0.0,0.0
2024-08-26 12:50:00-04:00,26.579999923706055,26.579999923706055,26.579999923706055,26.579999923706055,195,0.0,0.0
2024-08-26 12:52:00-04:00,26.59000015258789,26.59000015258789,26.584999084472656,26.59000015258789,716,0.0,0.0
2024-08-26 12:56:00-04:00,26.59000015258789,26.59000015258789,26.59000015258789,26.59000015258789,588,0.0,0.0
2024-08-26 12:58:00-04:00,26.610000610351562,26.610000610351562,26.610000610351562,26.610000610351562,254,0.0,0.0
2024-08-26 13:01:00-04:00,26.6299991607666,26.639999389648438,26.6299991607666,26.639999389648438,544,0.0,0.0
2024-08-26 13:03:00-04:00,26.68000030517578,26.68000030517578,26.68000030517578,26.68000030517578,314,0.0,0.0
2024-08-26 13:05:00-04:00,26.649999618530273,26.75,26.649999618530273,26.729999542236328,5630,0.0,0.0
2024-08-26 13:07:00-04:00,26.75,26.75,26.690000534057617,26.690000534057617,1531,0.0,0.0
2024-08-26 13:08:00-04:00,26.649999618530273,26.649999618530273,26.645000457763672,26.649999618530273,687,0.0,0.0
2024-08-26 13:09:00-04:00,26.670000076293945,26.670000076293945,26.670000076293945,26.670000076293945,128,0.0,0.0
2024-08-26 13:10:00-04:00,26.645000457763672,26.645000457763672,26.645000457763672,26.645000457763672,828,0.0,0.0
2024-08-26 13:12:00-04:00,26.68000030517578,26.68000030517578,26.68000030517578,26.68000030517578,777,0.0,0.0
2024-08-26 13:19:00-04:00,26.575000762939453,26.575000762939453,26.56999969482422,26.56999969482422,713,0.0,0.0
2024-08-26 13:24:00-04:00,26.56999969482422,26.56999969482422,26.56999969482422,26.56999969482422,290,0.0,0.0
2024-08-26 13:29:00-04:00,26.538299560546875,26.538299560546875,26.538299560546875,26.538299560546875,535,0.0,0.0
2024-08-26 13:31:00-04:00,26.600000381469727,26.610000610351562,26.600000381469727,26.610000610351562,1543,0.0,0.0
2024-08-26 13:34:00-04:00,26.604999542236328,26.604999542236328,26.604999542236328,26.604999542236328,167,0.0,0.0
2024-08-26 13:35:00-04:00,26.600000381469727,26.604999542236328,26.594999313354492,26.604999542236328,2566,0.0,0.0
2024-08-26 13:37:00-04:00,26.604999542236328,26.604999542236328,26.579999923706055,26.594999313354492,5515,0.0,0.0
2024-08-26 13:38:00-04:00,26.600000381469727,26.600000381469727,26.600000381469727,26.600000381469727,409,0.0,0.0
2024-08-26 13:39:00-04:00,26.59000015258789,26.59000015258789,26.59000015258789,26.59000015258789,401,0.0,0.0
2024-08-26 13:40:00-04:00,26.59000015258789,26.6299991607666,26.59000015258789,26.6299991607666,3121,0.0,0.0
2024-08-26 13:46:00-04:00,26.600000381469727,26.600000381469727,26.600000381469727,26.600000381469727,141,0.0,0.0
2024-08-26 13:47:00-04:00,26.600000381469727,26.600000381469727,26.600000381469727,26.600000381469727,415,0.0,0.0
2024-08-26 13:50:00-04:00,26.600000381469727,26.610000610351562,26.594999313354492,26.600000381469727,4066,0.0,0.0
2024-08-26 13:51:00-04:00,26.600000381469727,26.600000381469727,26.600000381469727,26.600000381469727,549,0.0,0.0
2024-08-26 13:52:00-04:00,26.530000686645508,26.56999969482422,26.530000686645508,26.540000915527344,761,0.0,0.0
2024-08-26 13:55:00-04:00,26.565000534057617,26.565000534057617,26.55500030517578,26.55500030517578,2304,0.0,0.0
2024-08-26 13:57:00-04:00,26.56999969482422,26.59000015258789,26.56999969482422,26.59000015258789,1122,0.0,0.0
2024-08-26 13:58:00-04:00,26.600000381469727,26.600000381469727,26.600000381469727,26.600000381469727,293,0.0,0.0
2024-08-26 13:59:00-04:00,26.56999969482422,26.56999969482422,26.56999969482422,26.56999969482422,455,0.0,0.0
2024-08-26 14:03:00-04:00,26.6299991607666,26.6299991607666,26.6299991607666,26.6299991607666,958,0.0,0.0
2024-08-26 14:05:00-04:00,26.670000076293945,26.670000076293945,26.670000076293945,26.670000076293945,904,0.0,0.0
2024-08-26 14:07:00-04:00,26.65999984741211,26.65999984741211,26.649999618530273,26.649999618530273,648,0.0,0.0
2024-08-26 14:11:00-04:00,26.6200008392334,26.6200008392334,26.6200008392334,26.6200008392334,459,0.0,0.0
2024-08-26 14:14:00-04:00,26.600000381469727,26.600000381469727,26.600000381469727,26.600000381469727,129,0.0,0.0
2024-08-26 14:15:00-04:00,26.67259979248047,26.67259979248047,26.67259979248047,26.67259979248047,994,0.0,0.0
2024-08-26 14:16:00-04:00,26.66950035095215,26.66950035095215,26.66950035095215,26.66950035095215,642,0.0,0.0
2024-08-26 14:17:00-04:00,26.649999618530273,26.649999618530273,26.649999618530273,26.649999618530273,926,0.0,0.0
2024-08-26 14:22:00-04:00,26.670000076293945,26.670000076293945,26.670000076293945,26.670000076293945,872,0.0,0.0
2024-08-26 14:24:00-04:00,26.65999984741211,26.68000030517578,26.65999984741211,26.68000030517578,1021,0.0,0.0
2024-08-26 14:25:00-04:00,26.690000534057617,26.690000534057617,26.690000534057617,26.690000534057617,168,0.0,0.0
2024-08-26 14:26:00-04:00,26.690000534057617,26.690000534057617,26.690000534057617,26.690000534057617,444,0.0,0.0
2024-08-26 14:30:00-04:00,26.700000762939453,26.709999084472656,26.700000762939453,26.709999084472656,862,0.0,0.0
2024-08-26 14:36:00-04:00,26.725000381469727,26.725000381469727,26.725000381469727,26.725000381469727,169,0.0,0.0
2024-08-26 14:38:00-04:00,26.709999084472656,26.709999084472656,26.709999084472656,26.709999084472656,436,0.0,0.0
2024-08-26 14:41:00-04:00,26.719999313354492,26.719999313354492,26.719999313354492,26.719999313354492,502,0.0,0.0
2024-08-26 14:45:00-04:00,26.719999313354492,26.719999313354492,26.719999313354492,26.719999313354492,321,0.0,0.0
2024-08-26 14:48:00-04:00,26.690000534057617,26.690000534057617,26.690000534057617,26.690000534057617,202,0.0,0.0
2024-08-26 14:49:00-04:00,26.690000534057617,26.690000534057617,26.690000534057617,26.690000534057617,875,0.0,0.0
2024-08-26 14:50:00-04:00,26.649999618530273,26.655000686645508,26.649999618530273,26.655000686645508,556,0.0,0.0
2024-08-26 14:55:00-04:00,26.65999984741211,26.670000076293945,26.65999984741211,26.670000076293945,589,0.0,0.0
2024-08-26 14:56:00-04:00,26.690000534057617,26.700000762939453,26.690000534057617,26.700000762939453,413,0.0,0.0
2024-08-26 14:58:00-04:00,26.69499969482422,26.69499969482422,26.69499969482422,26.69499969482422,254,0.0,0.0
2024-08-26 15:01:00-04:00,26.68000030517578,26.690000534057617,26.68000030517578,26.68000030517578,593,0.0,0.0
2024-08-26 15:04:00-04:00,26.68000030517578,26.68000030517578,26.68000030517578,26.68000030517578,233,0.0,0.0
2024-08-26 15:05:00-04:00,26.68000030517578,26.68000030517578,26.663299560546875,26.663299560546875,572,0.0,0.0
2024-08-26 15:07:00-04:00,26.68000030517578,26.68000030517578,26.68000030517578,26.68000030517578,267,0.0,0.0
2024-08-26 15:08:00-04:00,26.700000762939453,26.700000762939453,26.700000762939453,26.700000762939453,4252,0.0,0.0
2024-08-26 15:13:00-04:00,26.69499969482422,26.69499969482422,26.674999237060547,26.674999237060547,1341,0.0,0.0
2024-08-26 15:14:00-04:00,26.700000762939453,26.700000762939453,26.700000762939453,26.700000762939453,283,0.0,0.0
2024-08-26 15:15:00-04:00,26.700000762939453,26.700000762939453,26.700000762939453,26.700000762939453,284,0.0,0.0
2024-08-26 15:17:00-04:00,26.65999984741211,26.65999984741211,26.639999389648438,26.639999389648438,576,0.0,0.0
2024-08-26 15:18:00-04:00,26.635000228881836,26.649999618530273,26.635000228881836,26.649999618530273,754,0.0,0.0
2024-08-26 15:19:00-04:00,26.670000076293945,26.700000762939453,26.670000076293945,26.68000030517578,1103,0.0,0.0
2024-08-26 15:21:00-04:00,26.665000915527344,26.665000915527344,26.639999389648438,26.639999389648438,424,0.0,0.0
2024-08-26 15:22:00-04:00,26.639999389648438,26.639999389648438,26.6200008392334,26.6200008392334,954,0.0,0.0
2024-08-26 15:23:00-04:00,26.639999389648438,26.68000030517578,26.639999389648438,26.68000030517578,1389,0.0,0.0
2024-08-26 15:25:00-04:00,26.675500869750977,26.675500869750977,26.675500869750977,26.675500869750977,159,0.0,0.0
2024-08-26 15:26:00-04:00,26.68000030517578,26.68000030517578,26.670000076293945,26.68000030517578,1132,0.0,0.0
2024-08-26 15:28:00-04:00,26.68000030517578,26.68000030517578,26.68000030517578,26.68000030517578,401,0.0,0.0
2024-08-26 15:29:00-04:00,26.690000534057617,26.700000762939453,26.690000534057617,26.69499969482422,2072,0.0,0.0
2024-08-26 15:30:00-04:00,26.68000030517578,26.700000762939453,26.68000030517578,26.700000762939453,1971,0.0,0.0
2024-08-26 15:31:00-04:00,26.684999465942383,26.684999465942383,26.684999465942383,26.684999465942383,618,0.0,0.0
2024-08-26 15:32:00-04:00,26.709999084472656,26.709999084472656,26.684999465942383,26.690000534057617,1243,0.0,0.0
2024-08-26 15:34:00-04:00,26.709999084472656,26.709999084472656,26.68000030517578,26.690000534057617,1200,0.0,0.0
2024-08-26 15:35:00-04:00,26.690000534057617,26.690000534057617,26.625,26.625,6339,0.0,0.0
2024-08-26 15:36:00-04:00,26.59000015258789,26.59000015258789,26.59000015258789,26.59000015258789,208,0.0,0.0
2024-08-26 15:37:00-04:00,26.559999465942383,26.56999969482422,26.559999465942383,26.56999969482422,278,0.0,0.0
2024-08-26 15:38:00-04:00,26.594999313354492,26.594999313354492,26.56999969482422,26.56999969482422,287,0.0,0.0
2024-08-26 15:39:00-04:00,26.594999313354492,26.594999313354492,26.530000686645508,26.530000686645508,1659,0.0,0.0
2024-08-26 15:40:00-04:00,26.55500030517578,26.559999465942383,26.55500030517578,26.559999465942383,1909,0.0,0.0
2024-08-26 15:41:00-04:00,26.56999969482422,26.674999237060547,26.55500030517578,26.674999237060547,5618,0.0,0.0
2024-08-26 15:42:00-04:00,26.639999389648438,26.639999389648438,26.6200008392334,26.6200008392334,1174,0.0,0.0
2024-08-26 15:43:00-04:00,26.6299991607666,26.665000915527344,26.6299991607666,26.665000915527344,5664,0.0,0.0
2024-08-26 15:44:00-04:00,26.6299991607666,26.639999389648438,26.6200008392334,26.625,900,0.0,0.0
2024-08-26 15:45:00-04:00,26.600000381469727,26.600000381469727,26.600000381469727,26.600000381469727,569,0.0,0.0
2024-08-26 15:46:00-04:00,26.59000015258789,26.600000381469727,26.579999923706055,26.600000381469727,1365,0.0,0.0
2024-08-26 15:47:00-04:00,26.584999084472656,26.600000381469727,26.584999084472656,26.600000381469727,4581,0.0,0.0
2024-08-26 15:48:00-04:00,26.59000015258789,26.59000015258789,26.59000015258789,26.59000015258789,961,0.0,0.0
2024-08-26 15:49:00-04:00,26.610000610351562,26.610000610351562,26.55500030517578,26.57990074157715,2854,0.0,0.0
2024-08-26 15:50:00-04:00,26.540000915527344,26.540000915527344,26.530000686645508,26.530000686645508,1146,0.0,0.0
2024-08-26 15:51:00-04:00,26.5,26.5,26.469999313354492,26.469999313354492,4981,0.0,0.0
2024-08-26 15:52:00-04:00,26.4950008392334,26.4950008392334,26.4950008392334,26.4950008392334,741,0.0,0.0
2024-08-26 15:53:00-04:00,26.485000610351562,26.485000610351562,26.485000610351562,26.485000610351562,603,0.0,0.0
2024-08-26 15:54:00-04:00,26.469999313354492,26.4950008392334,26.469999313354492,26.4950008392334,3880,0.0,0.0
2024-08-26 15:55:00-04:00,26.5,26.5,26.479999542236328,26.479999542236328,2315,0.0,0.0
2024-08-26 15:56:00-04:00,26.4950008392334,26.4950008392334,26.469999313354492,26.469999313354492,1351,0.0,0.0
2024-08-26 15:57:00-04:00,26.485000610351562,26.485000610351562,26.46500015258789,26.475000381469727,3288,0.0,0.0
2024-08-26 15:58:00-04:00,26.489999771118164,26.540000915527344,26.469999313354492,26.510000228881836,5319,0.0,0.0
2024-08-26 15:59:00-04:00,26.559999465942383,26.600000381469727,26.4950008392334,26.530000686645508,22294,0.0,0.0
2024-08-27 09:30:00-04:00,26.420000076293945,26.420000076293945,26.260000228881836,26.375,2308,0.0,0.0
2024-08-27 09:37:00-04:00,26.454999923706055,26.454999923706055,26.454999923706055,26.454999923706055,235,0.0,0.0
2024-08-27 09:38:00-04:00,26.290000915527344,26.290000915527344,26.290000915527344,26.290000915527344,295,0.0,0.0
2024-08-27 09:50:00-04:00,26.385000228881836,26.385000228881836,26.385000228881836,26.385000228881836,176,0.0,0.0
2024-08-27 09:51:00-04:00,26.3799991607666,26.3799991607666,26.299999237060547,26.299999237060547,616,0.0,0.0
2024-08-27 09:59:00-04:00,26.299999237060547,26.385000228881836,26.299999237060547,26.299999237060547,1304,0.0,0.0
2024-08-27 10:03:00-04:00,26.3799991607666,26.3799991607666,26.3799991607666,26.3799991607666,236,0.0,0.0
2024-08-27 10:11:00-04:00,26.385000228881836,26.385000228881836,26.385000228881836,26.385000228881836,484,0.0,0.0
2024-08-27 10:14:00-04:00,26.299999237060547,26.299999237060547,26.299999237060547,26.299999237060547,704,0.0,0.0
2024-08-27 10:25:00-04:00,26.270000457763672,26.270000457763672,26.270000457763672,26.270000457763672,282,0.0,0.0
2024-08-27 10:29:00-04:00,26.334999084472656,26.334999084472656,26.334999084472656,26.334999084472656,723,0.0,0.0
2024-08-27 10:32:00-04:00,26.342500686645508,26.342500686645508,26.342500686645508,26.342500686645508,245,0.0,0.0
2024-08-27 10:44:00-04:00,26.344600677490234,26.344600677490234,26.344600677490234,26.344600677490234,513,0.0,0.0
2024-08-27 10:45:00-04:00,26.344999313354492,26.344999313354492,26.344999313354492,26.344999313354492,302,0.0,0.0
2024-08-27 10:49:00-04:00,26.299999237060547,26.299999237060547,26.299999237060547,26.299999237060547,216,0.0,0.0
2024-08-27 10:50:00-04:00,26.3799991607666,26.3799991607666,26.3799991607666,26.3799991607666,225,0.0,0.0
2024-08-27 10:51:00-04:00,26.360000610351562,26.360000610351562,26.360000610351562,26.360000610351562,122,0.0,0.0
2024-08-27 10:52:00-04:00,26.360000610351562,26.360000610351562,26.360000610351562,26.360000610351562,560,0.0,0.0
2024-08-27 10:57:00-04:00,26.360000610351562,26.3700008392334,26.360000610351562,26.3700008392334,991,0.0,0.0
2024-08-27 10:58:00-04:00,26.375,26.399999618530273,26.375,26.389999389648438,663,0.0,0.0
2024-08-27 10:59:00-04:00,26.420000076293945,26.420000076293945,26.420000076293945,26.420000076293945,100,0.0,0.0
2024-08-27 11:00:00-04:00,26.420000076293945,26.510000228881836,26.420000076293945,26.510000228881836,2271,0.0,0.0
2024-08-27 11:03:00-04:00,26.44499969482422,26.44499969482422,26.44499969482422,26.44499969482422,468,0.0,0.0
2024-08-27 11:09:00-04:00,26.44499969482422,26.44499969482422,26.44499969482422,26.44499969482422,293,0.0,0.0
2024-08-27 11:17:00-04:00,26.389999389648438,26.389999389648438,26.389999389648438,26.389999389648438,970,0.0,0.0
2024-08-27 11:20:00-04:00,26.350000381469727,26.350000381469727,26.350000381469727,26.350000381469727,308,0.0,0.0
2024-08-27 11:21:00-04:00,26.34000015258789,26.34000015258789,26.34000015258789,26.34000015258789,181,0.0,0.0
2024-08-27 11:23:00-04:00,26.350000381469727,26.350000381469727,26.34000015258789,26.34000015258789,743,0.0,0.0
2024-08-27 11:25:00-04:00,26.299999237060547,26.299999237060547,26.299999237060547,26.299999237060547,401,0.0,0.0
2024-08-27 11:27:00-04:00,26.270000457763672,26.270000457763672,26.270000457763672,26.270000457763672,268,0.0,0.0
2024-08-27 11:29:00-04:00,26.270000457763672,26.270000457763672,26.270000457763672,26.270000457763672,278,0.0,0.0
2024-08-27 11:34:00-04:00,26.25,26.25,26.25,26.25,418,0.0,0.0
2024-08-27 11:44:00-04:00,26.2549991607666,26.2549991607666,26.2549991607666,26.2549991607666,227,0.0,0.0
2024-08-27 11:54:00-04:00,26.25,26.25,26.25,26.25,313,0.0,0.0
2024-08-27 11:58:00-04:00,26.25,26.25,26.25,26.25,597,0.0,0.0
2024-08-27 12:02:00-04:00,26.17009925842285,26.17009925842285,26.17009925842285,26.17009925842285,393,0.0,0.0
2024-08-27 12:04:00-04:00,26.239999771118164,26.2549991607666,26.239999771118164,26.2549991607666,2240,0.0,0.0
2024-08-27 12:05:00-04:00,26.2549991607666,26.2549991607666,26.2549991607666,26.2549991607666,136,0.0,0.0
2024-08-27 12:07:00-04:00,26.2450008392334,26.2450008392334,26.2450008392334,26.2450008392334,217,0.0,0.0
2024-08-27 12:12:00-04:00,26.260000228881836,26.309999465942383,26.260000228881836,26.309999465942383,1817,0.0,0.0
2024-08-27 12:13:00-04:00,26.389999389648438,26.389999389648438,26.3799991607666,26.389999389648438,807,0.0,0.0
2024-08-27 12:15:00-04:00,26.40999984741211,26.40999984741211,26.40999984741211,26.40999984741211,655,0.0,0.0
2024-08-27 12:19:00-04:00,26.44499969482422,26.44499969482422,26.44499969482422,26.44499969482422,127,0.0,0.0
2024-08-27 12:20:00-04:00,26.479999542236328,26.479999542236328,26.479999542236328,26.479999542236328,403,0.0,0.0
2024-08-27 12:22:00-04:00,26.5,26.5,26.5,26.5,473,0.0,0.0
2024-08-27 12:24:00-04:00,26.479999542236328,26.479999542236328,26.450000762939453,26.450000762939453,302,0.0,0.0
2024-08-27 12:25:00-04:00,26.454999923706055,26.454999923706055,26.454999923706055,26.454999923706055,538,0.0,0.0
2024-08-27 12:29:00-04:00,26.450000762939453,26.450000762939453,26.360000610351562,26.395000457763672,2653,0.0,0.0
2024-08-27 12:31:00-04:00,26.3700008392334,26.3700008392334,26.3700008392334,26.3700008392334,638,0.0,0.0
2024-08-27 12:36:00-04:00,26.329999923706055,26.329999923706055,26.309999465942383,26.309999465942383,291,0.0,0.0
2024-08-27 12:37:00-04:00,26.31999969482422,26.31999969482422,26.31999969482422,26.31999969482422,739,0.0,0.0
2024-08-27 12:42:00-04:00,26.28499984741211,26.31999969482422,26.28499984741211,26.31999969482422,1493,0.0,0.0
2024-08-27 12:46:00-04:00,26.360000610351562,26.360000610351562,26.34000015258789,26.344999313354492,1029,0.0,0.0
2024-08-27 12:51:00-04:00,26.3700008392334,26.3700008392334,26.3700008392334,26.3700008392334,1526,0.0,0.0
2024-08-27 12:57:00-04:00,26.3700008392334,26.3700008392334,26.3700008392334,26.3700008392334,551,0.0,0.0
2024-08-27 13:03:00-04:00,26.350000381469727,26.350000381469727,26.350000381469727,26.350000381469727,286,0.0,0.0
2024-08-27 13:10:00-04:00,26.350000381469727,26.350000381469727,26.350000381469727,26.350000381469727,251,0.0,0.0
2024-08-27 13:11:00-04:00,26.350000381469727,26.350000381469727,26.350000381469727,26.350000381469727,446,0.0,0.0
2024-08-27 13:13:00-04:00,26.350000381469727,26.350000381469727,26.350000381469727,26.350000381469727,141,0.0,0.0
2024-08-27 13:14:00-04:00,26.339500427246094,26.339500427246094,26.339500427246094,26.339500427246094,573,0.0,0.0
2024-08-27 13:26:00-04:00,26.399900436401367,26.399900436401367,26.399900436401367,26.399900436401367,231,0.0,0.0
2024-08-27 13:27:00-04:00,26.399999618530273,26.40999984741211,26.399999618530273,26.40999984741211,445,0.0,0.0
2024-08-27 13:28:00-04:00,26.454999923706055,26.454999923706055,26.454999923706055,26.454999923706055,123,0.0,0.0
2024-08-27 13:29:00-04:00,26.459999084472656,26.459999084472656,26.450000762939453,26.450000762939453,352,0.0,0.0
2024-08-27 13:32:00-04:00,26.434999465942383,26.434999465942383,26.434999465942383,26.434999465942383,232,0.0,0.0
2024-08-27 13:34:00-04:00,26.424999237060547,26.424999237060547,26.424999237060547,26.424999237060547,353,0.0,0.0
2024-08-27 13:48:00-04:00,26.469999313354492,26.489999771118164,26.469999313354492,26.479999542236328,1268,0.0,0.0
2024-08-27 13:56:00-04:00,26.469999313354492,26.469999313354492,26.469999313354492,26.469999313354492,654,0.0,0.0
2024-08-27 14:10:00-04:00,26.475000381469727,26.475000381469727,26.475000381469727,26.475000381469727,2155,0.0,0.0
2024-08-27 14:25:00-04:00,26.469999313354492,26.469999313354492,26.469999313354492,26.469999313354492,1301,0.0,0.0
2024-08-27 14:50:00-04:00,26.469999313354492,26.489999771118164,26.469999313354492,26.489999771118164,1553,0.0,0.0
2024-08-27 14:51:00-04:00,26.51689910888672,26.51689910888672,26.51689910888672,26.51689910888672,1802,0.0,0.0
2024-08-27 14:54:00-04:00,26.55500030517578,26.55500030517578,26.55500030517578,26.55500030517578,920,0.0,0.0
2024-08-27 15:01:00-04:00,26.53499984741211,26.53499984741211,26.53499984741211,26.53499984741211,116,0.0,0.0
2024-08-27 15:02:00-04:00,26.53499984741211,26.53499984741211,26.53499984741211,26.53499984741211,385,0.0,0.0
2024-08-27 15:03:00-04:00,26.530000686645508,26.530000686645508,26.530000686645508,26.530000686645508,1210,0.0,0.0
2024-08-27 15:05:00-04:00,26.510000228881836,26.510000228881836,26.510000228881836,26.510000228881836,1068,0.0,0.0
2024-08-27 15:19:00-04:00,26.524999618530273,26.53820037841797,26.524999618530273,26.53820037841797,286,0.0,0.0
2024-08-27 15:23:00-04:00,26.549999237060547,26.559999465942383,26.549999237060547,26.549999237060547,1134,0.0,0.0
2024-08-27 15:24:00-04:00,26.575000762939453,26.575000762939453,26.575000762939453,26.575000762939453,404,0.0,0.0
2024-08-27 15:25:00-04:00,26.575000762939453,26.575000762939453,26.545000076293945,26.545000076293945,4076,0.0,0.0
2024-08-27 15:28:00-04:00,26.579999923706055,26.579999923706055,26.579999923706055,26.579999923706055,1002,0.0,0.0
2024-08-27 15:31:00-04:00,26.6200008392334,26.639999389648438,26.6200008392334,26.6200008392334,3215,0.0,0.0
2024-08-27 15:32:00-04:00,26.645000457763672,26.645000457763672,26.645000457763672,26.645000457763672,425,0.0,0.0
2024-08-27 15:34:00-04:00,26.6299991607666,26.6299991607666,26.6299991607666,26.6299991607666,193,0.0,0.0
2024-08-27 15:35:00-04:00,26.6299991607666,26.6299991607666,26.59000015258789,26.600000381469727,1031,0.0,0.0
2024-08-27 15:38:00-04:00,26.59000015258789,26.610000610351562,26.579999923706055,26.59000015258789,1252,0.0,0.0
2024-08-27 15:41:00-04:00,26.600000381469727,26.600000381469727,26.600000381469727,26.600000381469727,352,0.0,0.0
2024-08-27 15:43:00-04:00,26.600000381469727,26.610000610351562,26.600000381469727,26.610000610351562,1073,0.0,0.0
2024-08-27 15:44:00-04:00,26.610000610351562,26.614999771118164,26.610000610351562,26.614999771118164,294,0.0,0.0
2024-08-27 15:45:00-04:00,26.610000610351562,26.610000610351562,26.610000610351562,26.610000610351562,328,0.0,0.0
2024-08-27 15:46:00-04:00,26.600000381469727,26.610000610351562,26.594999313354492,26.610000610351562,956,0.0,0.0
2024-08-27 15:47:00-04:00,26.6200008392334,26.6200008392334,26.579999923706055,26.579999923706055,1872,0.0,0.0
2024-08-27 15:48:00-04:00,26.579999923706055,26.579999923706055,26.579999923706055,26.579999923706055,563,0.0,0.0
2024-08-27 15:50:00-04:00,26.59000015258789,26.59000015258789,26.59000015258789,26.59000015258789,844,0.0,0.0
2024-08-27 15:51:00-04:00,26.56999969482422,26.56999969482422,26.559999465942383,26.559999465942383,2385,0.0,0.0
2024-08-27 15:52:00-04:00,26.55500030517578,26.55500030517578,26.540000915527344,26.540000915527344,572,0.0,0.0
2024-08-27 15:53:00-04:00,26.569900512695312,26.569900512695312,26.569900512695312,26.569900512695312,540,0.0,0.0
2024-08-27 15:54:00-04:00,26.540000915527344,26.540000915527344,26.53499984741211,26.53499984741211,1323,0.0,0.0
2024-08-27 15:55:00-04:00,26.540000915527344,26.549999237060547,26.540000915527344,26.549999237060547,1606,0.0,0.0
2024-08-27 15:56:00-04:00,26.559999465942383,26.559999465942383,26.540000915527344,26.55500030517578,1198,0.0,0.0
2024-08-27 15:57:00-04:00,26.540000915527344,26.540000915527344,26.520000457763672,26.530000686645508,2630,0.0,0.0
2024-08-27 15:58:00-04:00,26.549999237060547,26.549999237060547,26.510000228881836,26.510000228881836,1656,0.0,0.0
2024-08-27 15:59:00-04:00,26.5049991607666,26.5049991607666,26.459999084472656,26.459999084472656,5372,0.0,0.0
2024-08-28 09:30:00-04:00,26.489999771118164,26.489999771118164,26.489999771118164,26.489999771118164,666,0.0,0.0
2024-08-28 09:31:00-04:00,26.652599334716797,26.670000076293945,26.652599334716797,26.670000076293945,634,0.0,0.0
2024-08-28 09:36:00-04:00,26.62579917907715,26.62579917907715,26.62579917907715,26.62579917907715,167,0.0,0.0
2024-08-28 09:38:00-04:00,26.520000457763672,26.520000457763672,26.520000457763672,26.520000457763672,255,0.0,0.0
2024-08-28 09:39:00-04:00,26.520000457763672,26.520000457763672,26.520000457763672,26.520000457763672,203,0.0,0.0
2024-08-28 09:40:00-04:00,26.5,26.5,26.489999771118164,26.489999771118164,812,0.0,0.0
2024-08-28 09:43:00-04:00,26.350000381469727,26.350000381469727,26.350000381469727,26.350000381469727,410,0.0,0.0
2024-08-28 09:58:00-04:00,26.389999389648438,26.389999389648438,26.389999389648438,26.389999389648438,108,0.0,0.0
2024-08-28 10:03:00-04:00,26.4950008392334,26.4950008392334,26.4950008392334,26.4950008392334,382,0.0,0.0
2024-08-28 10:11:00-04:00,26.520000457763672,26.635000228881836,26.520000457763672,26.635000228881836,1227,0.0,0.0
2024-08-28 10:21:00-04:00,26.6299991607666,26.6299991607666,26.6299991607666,26.6299991607666,200,0.0,0.0
2024-08-28 10:26:00-04:00,26.600000381469727,26.600000381469727,26.59000015258789,26.59000015258789,448,0.0,0.0
2024-08-28 10:27:00-04:00,26.625,26.625,26.625,26.625,1279,0.0,0.0
2024-08-28 10:31:00-04:00,26.59000015258789,26.59000015258789,26.59000015258789,26.59000015258789,202,0.0,0.0
2024-08-28 10:32:00-04:00,26.530000686645508,26.530000686645508,26.530000686645508,26.530000686645508,185,0.0,0.0
2024-08-28 10:36:00-04:00,26.600000381469727,26.600000381469727,26.600000381469727,26.600000381469727,398,0.0,0.0
2024-08-28 10:38:00-04:00,26.614999771118164,26.614999771118164,26.614999771118164,26.614999771118164,208,0.0,0.0
2024-08-28 10:39:00-04:00,26.549999237060547,26.549999237060547,26.549999237060547,26.549999237060547,102,0.0,0.0
2024-08-28 10:42:00-04:00,26.6200008392334,26.6200008392334,26.6200008392334,26.6200008392334,605,0.0,0.0
2024-08-28 10:45:00-04:00,26.665000915527344,26.665000915527344,26.665000915527344,26.665000915527344,251,0.0,0.0
2024-08-28 10:48:00-04:00,26.68000030517578,26.68000030517578,26.670000076293945,26.68000030517578,783,0.0,0.0
2024-08-28 10:50:00-04:00,26.68000030517578,26.68000030517578,26.68000030517578,26.68000030517578,748,0.0,0.0
2024-08-28 10:52:00-04:00,26.700000762939453,26.700000762939453,26.700000762939453,26.700000762939453,303,0.0,0.0
2024-08-28 10:53:00-04:00,26.700000762939453,26.700000762939453,26.700000762939453,26.700000762939453,588,0.0,0.0
2024-08-28 10:54:00-04:00,26.780000686645508,26.780000686645508,26.780000686645508,26.780000686645508,797,0.0,0.0
2024-08-28 11:07:00-04:00,26.729999542236328,26.729999542236328,26.729999542236328,26.729999542236328,1249,0.0,0.0
2024-08-28 11:11:00-04:00,26.739999771118164,26.739999771118164,26.700000762939453,26.700000762939453,1537,0.0,0.0
2024-08-28 11:13:00-04:00,26.6299991607666,26.6299991607666,26.6299991607666,26.6299991607666,124,0.0,0.0
2024-08-28 11:14:00-04:00,26.645000457763672,26.68000030517578,26.6200008392334,26.6200008392334,1978,0.0,0.0
2024-08-28 11:17:00-04:00,26.600000381469727,26.600000381469727,26.600000381469727,26.600000381469727,651,0.0,0.0
2024-08-28 11:21:00-04:00,26.520000457763672,26.520000457763672,26.440000534057617,26.450000762939453,1251,0.0,0.0
2024-08-28 11:22:00-04:00,26.5,26.5,26.5,26.5,420,0.0,0.0
2024-08-28 11:23:00-04:00,26.481700897216797,26.545000076293945,26.481700897216797,26.545000076293945,2038,0.0,0.0
2024-08-28 11:25:00-04:00,26.579999923706055,26.579999923706055,26.579999923706055,26.579999923706055,127,0.0,0.0
2024-08-28 11:26:00-04:00,26.584999084472656,26.584999084472656,26.584999084472656,26.584999084472656,120,0.0,0.0
2024-08-28 11:27:00-04:00,26.55500030517578,26.55500030517578,26.55500030517578,26.55500030517578,221,0.0,0.0
2024-08-28 11:29:00-04:00,26.56999969482422,26.56999969482422,26.56999969482422,26.56999969482422,410,0.0,0.0
2024-08-28 11:34:00-04:00,26.520000457763672,26.520000457763672,26.520000457763672,26.520000457763672,1365,0.0,0.0
2024-08-28 11:36:00-04:00,26.540000915527344,26.549999237060547,26.540000915527344,26.549999237060547,741,0.0,0.0
2024-08-28 11:41:00-04:00,26.579999923706055,26.579999923706055,26.579999923706055,26.579999923706055,171,0.0,0.0
2024-08-28 11:45:00-04:00,26.610000610351562,26.610000610351562,26.610000610351562,26.610000610351562,411,0.0,0.0
2024-08-28 11:46:00-04:00,26.600000381469727,26.600000381469727,26.600000381469727,26.600000381469727,368,0.0,0.0
2024-08-28 11:49:00-04:00,26.65999984741211,26.68000030517578,26.65999984741211,26.68000030517578,829,0.0,0.0
2024-08-28 11:55:00-04:00,26.68000030517578,26.68000030517578,26.68000030517578,26.68000030517578,538,0.0,0.0
2024-08-28 11:59:00-04:00,26.68000030517578,26.68000030517578,26.68000030517578,26.68000030517578,370,0.0,0.0
2024-08-28 12:00:00-04:00,26.68000030517578,26.68000030517578,26.68000030517578,26.68000030517578,1329,0.0,0.0
2024-08-28 12:04:00-04:00,26.649999618530273,26.649999618530273,26.649999618530273,26.649999618530273,393,0.0,0.0
2024-08-28 12:05:00-04:00,26.600000381469727,26.600000381469727,26.600000381469727,26.600000381469727,141,0.0,0.0
2024-08-28 12:06:00-04:00,26.600000381469727,26.600000381469727,26.600000381469727,26.600000381469727,605,0.0,0.0
2024-08-28 12:07:00-04:00,26.639999389648438,26.639999389648438,26.639999389648438,26.639999389648438,739,0.0,0.0
2024-08-28 12:14:00-04:00,26.600000381469727,26.600000381469727,26.600000381469727,26.600000381469727,374,0.0,0.0
2024-08-28 12:17:00-04:00,26.549999237060547,26.549999237060547,26.549999237060547,26.549999237060547,151,0.0,0.0
2024-08-28 12:20:00-04:00,26.579999923706055,26.649999618530273,26.579999923706055,26.649999618530273,1564,0.0,0.0
2024-08-28 12:24:00-04:00,26.6299991607666,26.6299991607666,26.6299991607666,26.6299991607666,105,0.0,0.0
2024-08-28 12:25:00-04:00,26.625,26.649999618530273,26.6200008392334,26.6200008392334,844,0.0,0.0
2024-08-28 12:29:00-04:00,26.575000762939453,26.575000762939453,26.575000762939453,26.575000762939453,434,0.0,0.0
2024-08-28 12:31:00-04:00,26.549999237060547,26.549999237060547,26.549999237060547,26.549999237060547,144,0.0,0.0
2024-08-28 12:32:00-04:00,26.59000015258789,26.59000015258789,26.59000015258789,26.59000015258789,434,0.0,0.0
2024-08-28 12:33:00-04:00,26.600000381469727,26.600000381469727,26.600000381469727,26.600000381469727,1074,0.0,0.0
2024-08-28 12:36:00-04:00,26.649999618530273,26.649999618530273,26.649999618530273,26.649999618530273,726,0.0,0.0
2024-08-28 12:40:00-04:00,26.690000534057617,26.709999084472656,26.690000534057617,26.709999084472656,542,0.0,0.0
2024-08-28 12:44:00-04:00,26.719999313354492,26.739999771118164,26.719999313354492,26.739999771118164,585,0.0,0.0
2024-08-28 12:46:00-04:00,26.780000686645508,26.780000686645508,26.780000686645508,26.780000686645508,229,0.0,0.0
2024-08-28 12:48:00-04:00,26.809999465942383,26.809999465942383,26.78499984741211,26.78499984741211,815,0.0,0.0
2024-08-28 12:52:00-04:00,26.809999465942383,26.809999465942383,26.809999465942383,26.809999465942383,259,0.0,0.0
2024-08-28 12:53:00-04:00,26.770000457763672,26.799999237060547,26.770000457763672,26.799999237060547,421,0.0,0.0
2024-08-28 12:54:00-04:00,26.809999465942383,26.829999923706055,26.809999465942383,26.81999969482422,946,0.0,0.0
2024-08-28 12:55:00-04:00,26.790000915527344,26.790000915527344,26.790000915527344,26.790000915527344,663,0.0,0.0
2024-08-28 12:56:00-04:00,26.790000915527344,26.790000915527344,26.790000915527344,26.790000915527344,553,0.0,0.0
2024-08-28 13:00:00-04:00,26.809999465942383,26.809999465942383,26.809999465942383,26.809999465942383,246,0.0,0.0
2024-08-28 13:02:00-04:00,26.799999237060547,26.809999465942383,26.799999237060547,26.809999465942383,1143,0.0,0.0
2024-08-28 13:04:00-04:00,26.780000686645508,26.780000686645508,26.780000686645508,26.780000686645508,420,0.0,0.0
2024-08-28 13:05:00-04:00,26.790000915527344,26.790000915527344,26.790000915527344,26.790000915527344,251,0.0,0.0
2024-08-28 13:06:00-04:00,26.739999771118164,26.739999771118164,26.739999771118164,26.739999771118164,403,0.0,0.0
2024-08-28 13:10:00-04:00,26.760000228881836,26.760000228881836,26.760000228881836,26.760000228881836,134,0.0,0.0
2024-08-28 13:13:00-04:00,26.735000610351562,26.735000610351562,26.735000610351562,26.735000610351562,213,0.0,0.0
2024-08-28 13:14:00-04:00,26.729999542236328,26.729999542236328,26.729999542236328,26.729999542236328,117,0.0,0.0
2024-08-28 13:15:00-04:00,26.709999084472656,26.709999084472656,26.709999084472656,26.709999084472656,508,0.0,0.0
2024-08-28 13:19:00-04:00,26.719999313354492,26.719999313354492,26.719999313354492,26.719999313354492,510,0.0,0.0
2024-08-28 13:30:00-04:00,26.704999923706055,26.704999923706055,26.704999923706055,26.704999923706055,183,0.0,0.0
2024-08-28 13:33:00-04:00,26.714599609375,26.714599609375,26.714599609375,26.714599609375,541,0.0,0.0
2024-08-28 13:35:00-04:00,26.7450008392334,26.7450008392334,26.7450008392334,26.7450008392334,156,0.0,0.0
2024-08-28 13:39:00-04:00,26.71500015258789,26.71500015258789,26.71500015258789,26.71500015258789,185,0.0,0.0
2024-08-28 13:43:00-04:00,26.65999984741211,26.65999984741211,26.65999984741211,26.65999984741211,803,0.0,0.0
2024-08-28 13:46:00-04:00,26.700000762939453,26.700000762939453,26.700000762939453,26.700000762939453,616,0.0,0.0
2024-08-28 13:47:00-04:00,26.700000762939453,26.700000762939453,26.700000762939453,26.700000762939453,222,0.0,0.0
2024-08-28 13:49:00-04:00,26.69499969482422,26.69499969482422,26.69499969482422,26.69499969482422,205,0.0,0.0
2024-08-28 13:51:00-04:00,26.670000076293945,26.700000762939453,26.670000076293945,26.700000762939453,1026,0.0,0.0
2024-08-28 13:52:00-04:00,26.69499969482422,26.719999313354492,26.69499969482422,26.719999313354492,581,0.0,0.0
2024-08-28 13:56:00-04:00,26.684999465942383,26.684999465942383,26.684999465942383,26.684999465942383,348,0.0,0.0
2024-08-28 13:57:00-04:00,26.709999084472656,26.709999084472656,26.65999984741211,26.65999984741211,610,0.0,0.0
2024-08-28 14:00:00-04:00,26.6299991607666,26.6299991607666,26.6299991607666,26.6299991607666,446,0.0,0.0
2024-08-28 14:01:00-04:00,26.6299991607666,26.65999984741211,26.6299991607666,26.65999984741211,697,0.0,0.0
2024-08-28 14:03:00-04:00,26.65999984741211,26.65999984741211,26.649999618530273,26.649999618530273,508,0.0,0.0
2024-08-28 14:04:00-04:00,26.59000015258789,26.59000015258789,26.59000015258789,26.59000015258789,496,0.0,0.0
2024-08-28 14:08:00-04:00,26.600000381469727,26.610000610351562,26.600000381469727,26.610000610351562,684,0.0,0.0
2024-08-28 14:10:00-04:00,26.61549949645996,26.6200008392334,26.61549949645996,26.6200008392334,2449,0.0,0.0
2024-08-28 14:16:00-04:00,26.6299991607666,26.6299991607666,26.6299991607666,26.6299991607666,964,0.0,0.0
2024-08-28 14:26:00-04:00,26.649999618530273,26.649999618530273,26.649999618530273,26.649999618530273,422,0.0,0.0
2024-08-28 14:29:00-04:00,26.655000686645508,26.655000686645508,26.655000686645508,26.655000686645508,194,0.0,0.0
2024-08-28 14:30:00-04:00,26.645000457763672,26.645000457763672,26.594999313354492,26.600000381469727,1987,0.0,0.0
2024-08-28 14:38:00-04:00,26.629899978637695,26.674999237060547,26.629899978637695,26.674999237060547,4805,0.0,0.0
2024-08-28 14:39:00-04:00,26.665000915527344,26.665000915527344,26.665000915527344,26.665000915527344,445,0.0,0.0
2024-08-28 14:42:00-04:00,26.665000915527344,26.665000915527344,26.665000915527344,26.665000915527344,350,0.0,0.0
2024-08-28 14:45:00-04:00,26.674999237060547,26.674999237060547,26.639999389648438,26.639999389648438,2685,0.0,0.0
2024-08-28 14:46:00-04:00,26.610000610351562,26.610000610351562,26.610000610351562,26.610000610351562,546,0.0,0.0
2024-08-28 14:50:00-04:00,26.649999618530273,26.649999618530273,26.649999618530273,26.649999618530273,521,0.0,0.0
2024-08-28 14:51:00-04:00,26.65999984741211,26.65999984741211,26.65999984741211,26.65999984741211,603,0.0,0.0
2024-08-28 14:52:00-04:00,26.65999984741211,26.65999984741211,26.65999984741211,26.65999984741211,330,0.0,0.0
2024-08-28 14:54:00-04:00,26.704999923706055,26.704999923706055,26.704999923706055,26.704999923706055,616,0.0,0.0
2024-08-28 14:57:00-04:00,26.739999771118164,26.739999771118164,26.700000762939453,26.700000762939453,964,0.0,0.0
2024-08-28 14:59:00-04:00,26.709999084472656,26.709999084472656,26.709999084472656,26.709999084472656,769,0.0,0.0
2024-08-28 15:02:00-04:00,26.760000228881836,26.780000686645508,26.760000228881836,26.780000686645508,929,0.0,0.0
2024-08-28 15:06:00-04:00,26.731800079345703,26.731800079345703,26.731800079345703,26.731800079345703,1927,0.0,0.0
2024-08-28 15:07:00-04:00,26.729999542236328,26.729999542236328,26.719999313354492,26.729999542236328,644,0.0,0.0
2024-08-28 15:08:00-04:00,26.729999542236328,26.729999542236328,26.729999542236328,26.729999542236328,318,0.0,0.0
2024-08-28 15:09:00-04:00,26.700000762939453,26.700000762939453,26.700000762939453,26.700000762939453,348,0.0,0.0
2024-08-28 15:11:00-04:00,26.674999237060547,26.674999237060547,26.674999237060547,26.674999237060547,412,0.0,0.0
2024-08-28 15:14:00-04:00,26.649999618530273,26.709999084472656,26.649999618530273,26.709999084472656,1844,0.0,0.0
2024-08-28 15:15:00-04:00,26.719999313354492,26.7549991607666,26.719999313354492,26.7549991607666,716,0.0,0.0
2024-08-28 15:16:00-04:00,26.764999389648438,26.764999389648438,26.764999389648438,26.764999389648438,199,0.0,0.0
2024-08-28 15:18:00-04:00,26.760000228881836,26.760000228881836,26.760000228881836,26.760000228881836,175,0.0,0.0
2024-08-28 15:20:00-04:00,26.770000457763672,26.770000457763672,26.770000457763672,26.770000457763672,624,0.0,0.0
2024-08-28 15:21:00-04:00,26.764999389648438,26.764999389648438,26.764999389648438,26.764999389648438,620,0.0,0.0
2024-08-28 15:25:00-04:00,26.780000686645508,26.790000915527344,26.780000686645508,26.790000915527344,1101,0.0,0.0
2024-08-28 15:26:00-04:00,26.790000915527344,26.790000915527344,26.780000686645508,26.780000686645508,243,0.0,0.0
2024-08-28 15:27:00-04:00,26.780000686645508,26.795000076293945,26.77989959716797,26.795000076293945,1045,0.0,0.0
2024-08-28 15:28:00-04:00,26.790000915527344,26.790000915527344,26.790000915527344,26.790000915527344,668,0.0,0.0
2024-08-28 15:29:00-04:00,26.799999237060547,26.799999237060547,26.799999237060547,26.799999237060547,1347,0.0,0.0
2024-08-28 15:30:00-04:00,26.799999237060547,26.799999237060547,26.799999237060547,26.799999237060547,455,0.0,0.0
2024-08-28 15:31:00-04:00,26.799999237060547,26.80500030517578,26.770000457763672,26.78499984741211,1271,0.0,0.0
2024-08-28 15:32:00-04:00,26.760000228881836,26.760000228881836,26.711000442504883,26.711000442504883,3208,0.0,0.0
2024-08-28 15:33:00-04:00,26.700000762939453,26.700000762939453,26.68000030517578,26.68000030517578,1088,0.0,0.0
2024-08-28 15:36:00-04:00,26.639999389648438,26.649999618530273,26.639999389648438,26.639999389648438,1969,0.0,0.0
2024-08-28 15:38:00-04:00,26.610000610351562,26.610000610351562,26.579999923706055,26.579999923706055,1142,0.0,0.0
2024-08-28 15:40:00-04:00,26.59000015258789,26.59000015258789,26.559999465942383,26.59000015258789,1431,0.0,0.0
2024-08-28 15:41:00-04:00,26.56999969482422,26.6299991607666,26.565000534057617,26.6299991607666,1879,0.0,0.0
2024-08-28 15:42:00-04:00,26.639999389648438,26.639999389648438,26.639999389648438,26.639999389648438,381,0.0,0.0
2024-08-28 15:44:00-04:00,26.625,26.639999389648438,26.621999740600586,26.639999389648438,1197,0.0,0.0
2024-08-28 15:45:00-04:00,26.6299991607666,26.6299991607666,26.6200008392334,26.625,2551,0.0,0.0
2024-08-28 15:46:00-04:00,26.6200008392334,26.649999618530273,26.6200008392334,26.649999618530273,944,0.0,0.0
2024-08-28 15:48:00-04:00,26.65999984741211,26.65999984741211,26.632999420166016,26.632999420166016,2006,0.0,0.0
2024-08-28 15:49:00-04:00,26.610000610351562,26.610000610351562,26.610000610351562,26.610000610351562,406,0.0,0.0
2024-08-28 15:50:00-04:00,26.540000915527344,26.649999618530273,26.540000915527344,26.649999618530273,3390,0.0,0.0
2024-08-28 15:51:00-04:00,26.610000610351562,26.610000610351562,26.610000610351562,26.610000610351562,496,0.0,0.0
2024-08-28 15:52:00-04:00,26.590999603271484,26.590999603271484,26.590999603271484,26.590999603271484,1539,0.0,0.0
2024-08-28 15:53:00-04:00,26.559999465942383,26.559999465942383,26.549999237060547,26.549999237060547,1430,0.0,0.0
2024-08-28 15:54:00-04:00,26.5,26.559999465942383,26.5,26.559999465942383,2578,0.0,0.0
2024-08-28 15:55:00-04:00,26.545000076293945,26.545000076293945,26.545000076293945,26.545000076293945,639,0.0,0.0
2024-08-28 15:56:00-04:00,26.549999237060547,26.59000015258789,26.549999237060547,26.559999465942383,4526,0.0,0.0
2024-08-28 15:57:00-04:00,26.549999237060547,26.549999237060547,26.520000457763672,26.540000915527344,9346,0.0,0.0
2024-08-28 15:58:00-04:00,26.520000457763672,26.520000457763672,26.5,26.5,5214,0.0,0.0
2024-08-28 15:59:00-04:00,26.489999771118164,26.510000228881836,26.459999084472656,26.459999084472656,12388,0.0,0.0
2024-08-29 09:30:00-04:00,26.690000534057617,26.690000534057617,26.690000534057617,26.690000534057617,2702,0.0,0.0
2024-08-29 09:44:00-04:00,26.600000381469727,26.600000381469727,26.600000381469727,26.600000381469727,172,0.0,0.0
2024-08-29 09:46:00-04:00,26.510000228881836,26.510000228881836,26.510000228881836,26.510000228881836,240,0.0,0.0
2024-08-29 09:47:00-04:00,26.510000228881836,26.510000228881836,26.510000228881836,26.510000228881836,357,0.0,0.0
2024-08-29 09:56:00-04:00,26.65999984741211,26.670000076293945,26.65999984741211,26.670000076293945,1139,0.0,0.0
2024-08-29 10:00:00-04:00,26.709999084472656,26.709999084472656,26.700000762939453,26.700000762939453,378,0.0,0.0
2024-08-29 10:01:00-04:00,26.700000762939453,26.700000762939453,26.700000762939453,26.700000762939453,286,0.0,0.0
2024-08-29 10:03:00-04:00,26.71500015258789,26.71500015258789,26.71500015258789,26.71500015258789,721,0.0,0.0
2024-08-29 10:05:00-04:00,26.65999984741211,26.65999984741211,26.65999984741211,26.65999984741211,575,0.0,0.0
2024-08-29 10:08:00-04:00,26.649999618530273,26.649999618530273,26.391000747680664,26.391000747680664,1777,0.0,0.0
2024-08-29 10:11:00-04:00,26.450000762939453,26.450000762939453,26.450000762939453,26.450000762939453,466,0.0,0.0
2024-08-29 10:12:00-04:00,26.34000015258789,26.34000015258789,26.34000015258789,26.34000015258789,148,0.0,0.0
2024-08-29 10:15:00-04:00,26.350000381469727,26.350000381469727,26.350000381469727,26.350000381469727,100,0.0,0.0
2024-08-29 10:16:00-04:00,26.389999389648438,26.389999389648438,26.389999389648438,26.389999389648438,145,0.0,0.0
2024-08-29 10:20:00-04:00,26.420000076293945,26.420000076293945,26.420000076293945,26.420000076293945,194,0.0,0.0
2024-08-29 10:25:00-04:00,26.479999542236328,26.479999542236328,26.479999542236328,26.479999542236328,329,0.0,0.0
2024-08-29 10:26:00-04:00,26.579999923706055,26.579999923706055,26.579999923706055,26.579999923706055,772,0.0,0.0
2024-08-29 10:27:00-04:00,26.530000686645508,26.530000686645508,26.530000686645508,26.530000686645508,151,0.0,0.0
2024-08-29 10:28:00-04:00,26.549999237060547,26.549999237060547,26.549999237060547,26.549999237060547,505,0.0,0.0
2024-08-29 10:30:00-04:00,26.510000228881836,26.510000228881836,26.510000228881836,26.510000228881836,641,0.0,0.0
2024-08-29 10:34:00-04:00,26.440000534057617,26.440000534057617,26.440000534057617,26.440000534057617,148,0.0,0.0
2024-08-29 10:36:00-04:00,26.360000610351562,26.360000610351562,26.360000610351562,26.360000610351562,114,0.0,0.0
2024-08-29 10:37:00-04:00,26.45439910888672,26.45439910888672,26.45439910888672,26.45439910888672,703,0.0,0.0
2024-08-29 10:38:00-04:00,26.44499969482422,26.44499969482422,26.44499969482422,26.44499969482422,322,0.0,0.0
2024-08-29 10:40:00-04:00,26.44499969482422,26.44499969482422,26.44499969482422,26.44499969482422,210,0.0,0.0
2024-08-29 10:41:00-04:00,26.44499969482422,26.44499969482422,26.44499969482422,26.44499969482422,850,0.0,0.0
2024-08-29 10:47:00-04:00,26.5,26.579999923706055,26.489999771118164,26.559999465942383,2159,0.0,0.0
2024-08-29 10:54:00-04:00,26.479999542236328,26.52750015258789,26.479999542236328,26.52750015258789,547,0.0,0.0
2024-08-29 10:55:00-04:00,26.479999542236328,26.479999542236328,26.479999542236328,26.479999542236328,481,0.0,0.0
2024-08-29 11:02:00-04:00,26.40999984741211,26.40999984741211,26.40999984741211,26.40999984741211,177,0.0,0.0
2024-08-29 11:07:00-04:00,26.485000610351562,26.6200008392334,26.485000610351562,26.6200008392334,11161,0.0,0.0
2024-08-29 11:08:00-04:00,26.639999389648438,26.639999389648438,26.639999389648438,26.639999389648438,353,0.0,0.0
2024-08-29 11:09:00-04:00,26.639999389648438,26.639999389648438,26.639999389648438,26.639999389648438,128,0.0,0.0
2024-08-29 11:10:00-04:00,26.639999389648438,26.639999389648438,26.639999389648438,26.639999389648438,113,0.0,0.0
2024-08-29 11:11:00-04:00,26.649999618530273,26.649999618530273,26.649999618530273,26.649999618530273,106,0.0,0.0
2024-08-29 11:12:00-04:00,26.639999389648438,26.639999389648438,26.56999969482422,26.56999969482422,211,0.0,0.0
2024-08-29 11:13:00-04:00,26.635000228881836,26.635000228881836,26.635000228881836,26.635000228881836,114,0.0,0.0
2024-08-29 11:14:00-04:00,26.56999969482422,26.635000228881836,26.56999969482422,26.635000228881836,456,0.0,0.0
2024-08-29 11:15:00-04:00,26.649999618530273,26.649999618530273,26.649999618530273,26.649999618530273,329,0.0,0.0
2024-08-29 11:18:00-04:00,26.610000610351562,26.610000610351562,26.610000610351562,26.610000610351562,250,0.0,0.0
2024-08-29 11:19:00-04:00,26.652599334716797,26.652599334716797,26.652599334716797,26.652599334716797,387,0.0,0.0
2024-08-29 11:20:00-04:00,26.655000686645508,26.655000686645508,26.610000610351562,26.655000686645508,317,0.0,0.0
2024-08-29 11:21:00-04:00,26.610000610351562,26.655000686645508,26.610000610351562,26.655000686645508,225,0.0,0.0
2024-08-29 11:23:00-04:00,26.665000915527344,26.665000915527344,26.655000686645508,26.655000686645508,468,0.0,0.0
2024-08-29 11:24:00-04:00,26.700000762939453,26.719999313354492,26.700000762939453,26.719999313354492,1000,0.0,0.0
2024-08-29 11:25:00-04:00,26.760000228881836,26.760000228881836,26.760000228881836,26.760000228881836,180,0.0,0.0
2024-08-29 11:28:00-04:00,26.732500076293945,26.735000610351562,26.732500076293945,26.735000610351562,780,0.0,0.0
2024-08-29 11:30:00-04:00,26.780000686645508,26.790000915527344,26.780000686645508,26.790000915527344,696,0.0,0.0
2024-08-29 11:33:00-04:00,26.860000610351562,26.93000030517578,26.860000610351562,26.93000030517578,784,0.0,0.0
2024-08-29 11:37:00-04:00,26.90999984741211,26.90999984741211,26.90999984741211,26.90999984741211,416,0.0,0.0
2024-08-29 11:41:00-04:00,26.8799991607666,26.8799991607666,26.850000381469727,26.8700008392334,2257,0.0,0.0
2024-08-29 11:42:00-04:00,26.875,26.875,26.875,26.875,100,0.0,0.0
2024-08-29 11:43:00-04:00,26.854999542236328,26.854999542236328,26.854999542236328,26.854999542236328,198,0.0,0.0
2024-08-29 11:44:00-04:00,26.80500030517578,26.80500030517578,26.80500030517578,26.80500030517578,243,0.0,0.0
2024-08-29 11:47:00-04:00,26.850000381469727,26.850000381469727,26.850000381469727,26.850000381469727,220,0.0,0.0
2024-08-29 11:48:00-04:00,26.850000381469727,26.860000610351562,26.850000381469727,26.850000381469727,845,0.0,0.0
2024-08-29 11:49:00-04:00,26.899999618530273,26.899999618530273,26.899999618530273,26.899999618530273,457,0.0,0.0
2024-08-29 11:58:00-04:00,26.8799991607666,26.8799991607666,26.8799991607666,26.8799991607666,485,0.0,0.0
2024-08-29 12:03:00-04:00,26.899999618530273,26.969999313354492,26.899999618530273,26.969999313354492,1064,0.0,0.0
2024-08-29 12:04:00-04:00,26.94499969482422,26.94499969482422,26.920000076293945,26.920000076293945,1171,0.0,0.0
2024-08-29 12:12:00-04:00,26.959999084472656,26.96500015258789,26.959999084472656,26.96500015258789,772,0.0,0.0
2024-08-29 12:22:00-04:00,26.950000762939453,26.950000762939453,26.950000762939453,26.950000762939453,491,0.0,0.0
2024-08-29 12:30:00-04:00,26.94499969482422,26.94499969482422,26.94499969482422,26.94499969482422,338,0.0,0.0
2024-08-29 12:34:00-04:00,26.969999313354492,26.969999313354492,26.959999084472656,26.959999084472656,461,0.0,0.0
2024-08-29 12:37:00-04:00,26.969999313354492,26.969999313354492,26.969999313354492,26.969999313354492,100,0.0,0.0
2024-08-29 12:38:00-04:00,26.998199462890625,26.998199462890625,26.998199462890625,26.998199462890625,193,0.0,0.0
2024-08-29 12:39:00-04:00,26.975000381469727,26.975000381469727,26.975000381469727,26.975000381469727,125,0.0,0.0
2024-08-29 12:41:00-04:00,27.0,27.010000228881836,26.989999771118164,26.989999771118164,1670,0.0,0.0
2024-08-29 12:43:00-04:00,27.024999618530273,27.024999618530273,26.934999465942383,26.934999465942383,3896,0.0,0.0
2024-08-29 13:00:00-04:00,26.94499969482422,26.94499969482422,26.90999984741211,26.90999984741211,287,0.0,0.0
2024-08-29 13:01:00-04:00,26.96500015258789,26.96500015258789,26.96500015258789,26.96500015258789,341,0.0,0.0
2024-08-29 13:11:00-04:00,26.920000076293945,26.920000076293945,26.920000076293945,26.920000076293945,533,0.0,0.0
2024-08-29 13:12:00-04:00,26.950000762939453,26.950000762939453,26.94499969482422,26.94499969482422,984,0.0,0.0
2024-08-29 13:20:00-04:00,26.959999084472656,26.969999313354492,26.950000762939453,26.950000762939453,1762,0.0,0.0
2024-08-29 13:21:00-04:00,26.969999313354492,26.969999313354492,26.950000762939453,26.950000762939453,314,0.0,0.0
2024-08-29 13:22:00-04:00,26.959999084472656,26.959999084472656,26.959999084472656,26.959999084472656,321,0.0,0.0
2024-08-29 13:26:00-04:00,26.959999084472656,27.059999465942383,26.959999084472656,27.030000686645508,1397,0.0,0.0
2024-08-29 13:29:00-04:00,27.024999618530273,27.024999618530273,27.024999618530273,27.024999618530273,191,0.0,0.0
2024-08-29 13:30:00-04:00,27.020000457763672,27.020000457763672,27.020000457763672,27.020000457763672,348,0.0,0.0
2024-08-29 13:31:00-04:00,27.040000915527344,27.045000076293945,27.040000915527344,27.045000076293945,1152,0.0,0.0
2024-08-29 13:34:00-04:00,27.045000076293945,27.045000076293945,27.045000076293945,27.045000076293945,255,0.0,0.0
2024-08-29 13:37:00-04:00,27.045000076293945,27.045000076293945,27.045000076293945,27.045000076293945,866,0.0,0.0
2024-08-29 13:47:00-04:00,27.040000915527344,27.040000915527344,27.040000915527344,27.040000915527344,118,0.0,0.0
2024-08-29 13:48:00-04:00,27.0,27.0,26.989999771118164,26.989999771118164,654,0.0,0.0
2024-08-29 13:49:00-04:00,27.0,27.0,27.0,27.0,198,0.0,0.0
2024-08-29 13:51:00-04:00,27.014999389648438,27.014999389648438,27.014999389648438,27.014999389648438,166,0.0,0.0
2024-08-29 13:53:00-04:00,27.030000686645508,27.040000915527344,27.024999618530273,27.024999618530273,1026,0.0,0.0
2024-08-29 13:54:00-04:00,27.045000076293945,27.045000076293945,27.045000076293945,27.045000076293945,240,0.0,0.0
2024-08-29 13:56:00-04:00,27.02630043029785,27.030000686645508,27.02630043029785,27.030000686645508,1847,0.0,0.0
2024-08-29 14:00:00-04:00,27.0,27.0,27.0,27.0,643,0.0,0.0
2024-08-29 14:09:00-04:00,26.979999542236328,26.979999542236328,26.979999542236328,26.979999542236328,558,0.0,0.0
2024-08-29 14:15:00-04:00,26.979999542236328,26.979999542236328,26.979999542236328,26.979999542236328,136,0.0,0.0
2024-08-29 14:16:00-04:00,26.93000030517578,26.93000030517578,26.93000030517578,26.93000030517578,732,0.0,0.0
2024-08-29 14:27:00-04:00,26.954999923706055,26.954999923706055,26.954999923706055,26.954999923706055,582,0.0,0.0
2024-08-29 14:31:00-04:00,26.81999969482422,26.81999969482422,26.81999969482422,26.81999969482422,253,0.0,0.0
2024-08-29 14:33:00-04:00,26.81999969482422,26.81999969482422,26.81999969482422,26.81999969482422,372,0.0,0.0
2024-08-29 14:35:00-04:00,26.8700008392334,26.8700008392334,26.860000610351562,26.860000610351562,880,0.0,0.0
2024-08-29 14:37:00-04:00,26.899999618530273,26.905000686645508,26.899999618530273,26.905000686645508,543,0.0,0.0
2024-08-29 14:43:00-04:00,26.81999969482422,26.81999969482422,26.81999969482422,26.81999969482422,558,0.0,0.0
2024-08-29 14:45:00-04:00,26.8799991607666,26.8799991607666,26.8799991607666,26.8799991607666,481,0.0,0.0
2024-08-29 14:52:00-04:00,26.854999542236328,26.854999542236328,26.854999542236328,26.854999542236328,451,0.0,0.0
2024-08-29 14:54:00-04:00,26.8799991607666,26.897499084472656,26.84000015258789,26.885000228881836,3490,0.0,0.0
2024-08-29 14:55:00-04:00,26.889999389648438,26.90999984741211,26.889999389648438,26.889999389648438,782,0.0,0.0
2024-08-29 14:56:00-04:00,26.8799991607666,26.8799991607666,26.860000610351562,26.860000610351562,878,0.0,0.0
2024-08-29 14:58:00-04:00,26.81999969482422,26.81999969482422,26.81999969482422,26.81999969482422,678,0.0,0.0
2024-08-29 15:05:00-04:00,26.829999923706055,26.829999923706055,26.809999465942383,26.81999969482422,442,0.0,0.0
2024-08-29 15:06:00-04:00,26.825000762939453,26.825000762939453,26.825000762939453,26.825000762939453,182,0.0,0.0
2024-08-29 15:08:00-04:00,26.809999465942383,26.809999465942383,26.75,26.809999465942383,4253,0.0,0.0
2024-08-29 15:11:00-04:00,26.860000610351562,26.860000610351562,26.860000610351562,26.860000610351562,661,0.0,0.0
2024-08-29 15:15:00-04:00,26.84000015258789,26.84000015258789,26.84000015258789,26.84000015258789,215,0.0,0.0
2024-08-29 15:16:00-04:00,26.860000610351562,26.860000610351562,26.860000610351562,26.860000610351562,380,0.0,0.0
2024-08-29 15:17:00-04:00,26.889999389648438,26.889999389648438,26.8700008392334,26.8799991607666,703,0.0,0.0
2024-08-29 15:18:00-04:00,26.889999389648438,26.889999389648438,26.889999389648438,26.889999389648438,287,0.0,0.0
2024-08-29 15:20:00-04:00,26.8799991607666,26.8799991607666,26.8799991607666,26.8799991607666,473,0.0,0.0
2024-08-29 15:22:00-04:00,26.860000610351562,26.860000610351562,26.84000015258789,26.84000015258789,718,0.0,0.0
2024-08-29 15:25:00-04:00,26.84000015258789,26.850000381469727,26.84000015258789,26.850000381469727,659,0.0,0.0
2024-08-29 15:27:00-04:00,26.834999084472656,26.834999084472656,26.809999465942383,26.809999465942383,381,0.0,0.0
2024-08-29 15:28:00-04:00,26.809999465942383,26.809999465942383,26.809999465942383,26.809999465942383,370,0.0,0.0
2024-08-29 15:29:00-04:00,26.80500030517578,26.809999465942383,26.80500030517578,26.809999465942383,499,0.0,0.0
2024-08-29 15:30:00-04:00,26.809999465942383,26.809999465942383,26.78499984741211,26.78499984741211,1625,0.0,0.0
2024-08-29 15:32:00-04:00,26.75,26.760000228881836,26.75,26.760000228881836,5608,0.0,0.0
2024-08-29 15:35:00-04:00,26.71500015258789,26.71500015258789,26.71500015258789,26.71500015258789,1482,0.0,0.0
2024-08-29 15:36:00-04:00,26.729999542236328,26.75,26.729999542236328,26.75,1737,0.0,0.0
2024-08-29 15:37:00-04:00,26.770000457763672,26.770000457763672,26.770000457763672,26.770000457763672,494,0.0,0.0
2024-08-29 15:38:00-04:00,26.770000457763672,26.770000457763672,26.770000457763672,26.770000457763672,857,0.0,0.0
2024-08-29 15:39:00-04:00,26.739999771118164,26.739999771118164,26.739999771118164,26.739999771118164,507,0.0,0.0
2024-08-29 15:41:00-04:00,26.704999923706055,26.760000228881836,26.704999923706055,26.760000228881836,2746,0.0,0.0
2024-08-29 15:42:00-04:00,26.75,26.75,26.75,26.75,957,0.0,0.0
2024-08-29 15:44:00-04:00,26.725000381469727,26.725000381469727,26.701000213623047,26.701000213623047,333,0.0,0.0
2024-08-29 15:45:00-04:00,26.700000762939453,26.704999923706055,26.69099998474121,26.69099998474121,731,0.0,0.0
2024-08-29 15:46:00-04:00,26.709999084472656,26.709999084472656,26.704999923706055,26.704999923706055,883,0.0,0.0
2024-08-29 15:47:00-04:00,26.68000030517578,26.700000762939453,26.68000030517578,26.700000762939453,1069,0.0,0.0
2024-08-29 15:48:00-04:00,26.670000076293945,26.690000534057617,26.670000076293945,26.690000534057617,929,0.0,0.0
2024-08-29 15:49:00-04:00,26.684999465942383,26.690000534057617,26.680999755859375,26.690000534057617,641,0.0,0.0
2024-08-29 15:50:00-04:00,26.690000534057617,26.69499969482422,26.670000076293945,26.670000076293945,1573,0.0,0.0
2024-08-29 15:51:00-04:00,26.690000534057617,26.690000534057617,26.690000534057617,26.690000534057617,1101,0.0,0.0
2024-08-29 15:52:00-04:00,26.690000534057617,26.69499969482422,26.680999755859375,26.690000534057617,1381,0.0,0.0
2024-08-29 15:53:00-04:00,26.690000534057617,26.709999084472656,26.684999465942383,26.700000762939453,4289,0.0,0.0
2024-08-29 15:54:00-04:00,26.709999084472656,26.760000228881836,26.709999084472656,26.739999771118164,5992,0.0,0.0
2024-08-29 15:55:00-04:00,26.770000457763672,26.790000915527344,26.75,26.75,1626,0.0,0.0
2024-08-29 15:56:00-04:00,26.7549991607666,26.7549991607666,26.7450008392334,26.75,2833,0.0,0.0
2024-08-29 15:57:00-04:00,26.7450008392334,26.809999465942383,26.7450008392334,26.799999237060547,4071,0.0,0.0
2024-08-29 15:58:00-04:00,26.795000076293945,26.81999969482422,26.780000686645508,26.809999465942383,7006,0.0,0.0
2024-08-29 15:59:00-04:00,26.799999237060547,26.8799991607666,26.799999237060547,26.850000381469727,13126,0.0,0.0
2024-08-30 09:30:00-04:00,26.959999084472656,26.959999084472656,26.959999084472656,26.959999084472656,501,0.0,0.0
2024-08-30 09:33:00-04:00,27.03499984741211,27.042499542236328,27.03499984741211,27.042499542236328,320,0.0,0.0
2024-08-30 09:35:00-04:00,27.125,27.25,27.125,27.25,348,0.0,0.0
2024-08-30 09:37:00-04:00,27.108999252319336,27.108999252319336,27.108999252319336,27.108999252319336,638,0.0,0.0
2024-08-30 09:38:00-04:00,27.100000381469727,27.100000381469727,27.100000381469727,27.100000381469727,509,0.0,0.0
2024-08-30 09:43:00-04:00,26.93000030517578,26.93000030517578,26.90999984741211,26.90999984741211,394,0.0,0.0
2024-08-30 09:55:00-04:00,26.780000686645508,26.780000686645508,26.780000686645508,26.780000686645508,1019,0.0,0.0
2024-08-30 09:56:00-04:00,26.770000457763672,26.770000457763672,26.770000457763672,26.770000457763672,295,0.0,0.0
2024-08-30 10:02:00-04:00,26.780099868774414,26.780099868774414,26.780099868774414,26.780099868774414,663,0.0,0.0
2024-08-30 10:06:00-04:00,26.93000030517578,26.93000030517578,26.93000030517578,26.93000030517578,122,0.0,0.0
2024-08-30 10:11:00-04:00,26.93000030517578,26.93000030517578,26.93000030517578,26.93000030517578,214,0.0,0.0
2024-08-30 10:15:00-04:00,26.829999923706055,26.829999923706055,26.829999923706055,26.829999923706055,422,0.0,0.0
2024-08-30 10:27:00-04:00,27.020000457763672,27.020000457763672,27.020000457763672,27.020000457763672,764,0.0,0.0
2024-08-30 10:30:00-04:00,26.885000228881836,26.885000228881836,26.885000228881836,26.885000228881836,1560,0.0,0.0
2024-08-30 10:51:00-04:00,26.950000762939453,27.010000228881836,26.950000762939453,27.010000228881836,686,0.0,0.0
2024-08-30 10:55:00-04:00,26.969999313354492,26.969999313354492,26.950000762939453,26.950000762939453,733,0.0,0.0
2024-08-30 10:58:00-04:00,26.924999237060547,26.924999237060547,26.924999237060547,26.924999237060547,188,0.0,0.0
2024-08-30 11:00:00-04:00,26.924999237060547,26.924999237060547,26.924999237060547,26.924999237060547,315,0.0,0.0
2024-08-30 11:04:00-04:00,26.94499969482422,26.94499969482422,26.94499969482422,26.94499969482422,395,0.0,0.0
2024-08-30 11:06:00-04:00,27.010000228881836,27.010000228881836,27.010000228881836,27.010000228881836,661,0.0,0.0
2024-08-30 11:09:00-04:00,27.030000686645508,27.030000686645508,27.030000686645508,27.030000686645508,585,0.0,0.0
2024-08-30 11:13:00-04:00,27.012500762939453,27.012500762939453,27.0,27.0,1869,0.0,0.0
2024-08-30 11:14:00-04:00,26.934999465942383,26.934999465942383,26.934999465942383,26.934999465942383,134,0.0,0.0
2024-08-30 11:16:00-04:00,26.934999465942383,26.934999465942383,26.934999465942383,26.934999465942383,107,0.0,0.0
2024-08-30 11:17:00-04:00,26.899999618530273,26.899999618530273,26.899999618530273,26.899999618530273,380,0.0,0.0
2024-08-30 11:18:00-04:00,26.8799991607666,26.8799991607666,26.829999923706055,26.864999771118164,944,0.0,0.0
2024-08-30 11:22:00-04:00,26.84000015258789,26.84000015258789,26.84000015258789,26.84000015258789,406,0.0,0.0
2024-08-30 11:26:00-04:00,26.790000915527344,26.790000915527344,26.790000915527344,26.790000915527344,368,0.0,0.0
2024-08-30 11:30:00-04:00,26.809999465942383,26.809999465942383,26.774999618530273,26.774999618530273,865,0.0,0.0
2024-08-30 11:36:00-04:00,26.719999313354492,26.719999313354492,26.719999313354492,26.719999313354492,241,0.0,0.0
2024-08-30 11:41:00-04:00,26.670000076293945,26.670000076293945,26.670000076293945,26.670000076293945,215,0.0,0.0
2024-08-30 11:42:00-04:00,26.65999984741211,26.65999984741211,26.65999984741211,26.65999984741211,205,0.0,0.0
2024-08-30 11:43:00-04:00,26.700000762939453,26.700000762939453,26.700000762939453,26.700000762939453,250,0.0,0.0
2024-08-30 11:44:00-04:00,26.719999313354492,26.719999313354492,26.719999313354492,26.719999313354492,361,0.0,0.0
2024-08-30 11:47:00-04:00,26.670000076293945,26.670000076293945,26.670000076293945,26.670000076293945,468,0.0,0.0
2024-08-30 11:54:00-04:00,26.725000381469727,26.725000381469727,26.725000381469727,26.725000381469727,209,0.0,0.0
2024-08-30 11:58:00-04:00,26.735000610351562,26.735000610351562,26.735000610351562,26.735000610351562,642,0.0,0.0
2024-08-30 12:01:00-04:00,26.65999984741211,26.65999984741211,26.65999984741211,26.65999984741211,223,0.0,0.0
2024-08-30 12:08:00-04:00,26.75,26.760000228881836,26.75,26.760000228881836,1738,0.0,0.0
2024-08-30 12:09:00-04:00,26.7716007232666,26.7716007232666,26.7716007232666,26.7716007232666,442,0.0,0.0
2024-08-30 12:12:00-04:00,26.790000915527344,26.790000915527344,26.790000915527344,26.790000915527344,402,0.0,0.0
2024-08-30 12:21:00-04:00,26.739999771118164,26.739999771118164,26.729999542236328,26.729999542236328,1533,0.0,0.0
2024-08-30 12:32:00-04:00,26.684999465942383,26.684999465942383,26.684999465942383,26.684999465942383,475,0.0,0.0
2024-08-30 12:36:00-04:00,26.69499969482422,26.69499969482422,26.69499969482422,26.69499969482422,100,0.0,0.0
2024-08-30 12:37:00-04:00,26.69499969482422,26.69499969482422,26.69499969482422,26.69499969482422,386,0.0,0.0
2024-08-30 12:45:00-04:00,26.700000762939453,26.739999771118164,26.700000762939453,26.739999771118164,1540,0.0,0.0
2024-08-30 12:47:00-04:00,26.729999542236328,26.729999542236328,26.729999542236328,26.729999542236328,945,0.0,0.0
2024-08-30 12:57:00-04:00,26.790000915527344,26.84000015258789,26.790000915527344,26.81999969482422,1446,0.0,0.0
2024-08-30 13:00:00-04:00,26.829999923706055,26.829999923706055,26.799999237060547,26.81999969482422,1477,0.0,0.0
2024-08-30 13:05:00-04:00,26.829999923706055,26.829999923706055,26.799999237060547,26.799999237060547,675,0.0,0.0
2024-08-30 13:06:00-04:00,26.780000686645508,26.780000686645508,26.780000686645508,26.780000686645508,841,0.0,0.0
2024-08-30 13:18:00-04:00,26.780000686645508,26.780000686645508,26.780000686645508,26.780000686645508,615,0.0,0.0
2024-08-30 13:30:00-04:00,26.770000457763672,26.770000457763672,26.770000457763672,26.770000457763672,1157,0.0,0.0
2024-08-30 13:40:00-04:00,26.799999237060547,26.799999237060547,26.799999237060547,26.799999237060547,1285,0.0,0.0
2024-08-30 14:00:00-04:00,26.81999969482422,26.8700008392334,26.81999969482422,26.829999923706055,3253,0.0,0.0
2024-08-30 14:09:00-04:00,26.84000015258789,26.850000381469727,26.84000015258789,26.850000381469727,697,0.0,0.0
2024-08-30 14:11:00-04:00,26.860000610351562,26.860000610351562,26.860000610351562,26.860000610351562,320,0.0,0.0
2024-08-30 14:16:00-04:00,26.875,26.875,26.875,26.875,224,0.0,0.0
2024-08-30 14:17:00-04:00,26.899999618530273,26.899999618530273,26.899999618530273,26.899999618530273,561,0.0,0.0
2024-08-30 14:27:00-04:00,26.889999389648438,26.899999618530273,26.889999389648438,26.899999618530273,538,0.0,0.0
2024-08-30 14:28:00-04:00,26.8799991607666,26.8799991607666,26.8799991607666,26.8799991607666,147,0.0,0.0
2024-08-30 14:29:00-04:00,26.860000610351562,26.860000610351562,26.809999465942383,26.825000762939453,1674,0.0,0.0
2024-08-30 14:36:00-04:00,26.829999923706055,26.829999923706055,26.829999923706055,26.829999923706055,618,0.0,0.0
2024-08-30 14:45:00-04:00,26.809999465942383,26.809999465942383,26.809999465942383,26.809999465942383,265,0.0,0.0
2024-08-30 14:50:00-04:00,26.84000015258789,26.84000015258789,26.84000015258789,26.84000015258789,802,0.0,0.0
2024-08-30 14:59:00-04:00,26.75,26.799999237060547,26.75,26.799999237060547,355,0.0,0.0
2024-08-30 15:00:00-04:00,26.809999465942383,26.81999969482422,26.809999465942383,26.81999969482422,893,0.0,0.0
2024-08-30 15:11:00-04:00,26.829999923706055,26.829999923706055,26.829999923706055,26.829999923706055,1041,0.0,0.0
2024-08-30 15:15:00-04:00,26.799999237060547,26.860000610351562,26.790000915527344,26.860000610351562,2152,0.0,0.0
2024-08-30 15:19:00-04:00,26.8799991607666,26.920000076293945,26.8799991607666,26.920000076293945,773,0.0,0.0
2024-08-30 15:20:00-04:00,26.90999984741211,26.90999984741211,26.90999984741211,26.90999984741211,299,0.0,0.0
2024-08-30 15:22:00-04:00,26.90999984741211,26.90999984741211,26.90999984741211,26.90999984741211,502,0.0,0.0
2024-08-30 15:23:00-04:00,26.940000534057617,26.94499969482422,26.940000534057617,26.94499969482422,818,0.0,0.0
2024-08-30 15:25:00-04:00,26.954999923706055,26.954999923706055,26.954999923706055,26.954999923706055,356,0.0,0.0
2024-08-30 15:27:00-04:00,26.954999923706055,26.954999923706055,26.954999923706055,26.954999923706055,379,0.0,0.0
2024-08-30 15:30:00-04:00,26.979999542236328,26.979999542236328,26.979999542236328,26.979999542236328,427,0.0,0.0
2024-08-30 15:33:00-04:00,26.940000534057617,26.940000534057617,26.905000686645508,26.905000686645508,1054,0.0,0.0
2024-08-30 15:34:00-04:00,26.940000534057617,26.940000534057617,26.940000534057617,26.940000534057617,227,0.0,0.0
2024-08-30 15:36:00-04:00,26.940000534057617,27.0,26.940000534057617,26.985000610351562,4836,0.0,0.0
2024-08-30 15:37:00-04:00,26.969999313354492,26.985000610351562,26.969999313354492,26.969999313354492,1912,0.0,0.0
2024-08-30 15:39:00-04:00,26.969999313354492,26.969999313354492,26.969999313354492,26.969999313354492,964,0.0,0.0
2024-08-30 15:41:00-04:00,26.940000534057617,26.940000534057617,26.940000534057617,26.940000534057617,318,0.0,0.0
2024-08-30 15:42:00-04:00,26.940000534057617,26.940000534057617,26.940000534057617,26.940000534057617,646,0.0,0.0
2024-08-30 15:43:00-04:00,26.940000534057617,26.940000534057617,26.940000534057617,26.940000534057617,349,0.0,0.0
2024-08-30 15:45:00-04:00,26.940000534057617,26.940000534057617,26.940000534057617,26.940000534057617,101,0.0,0.0
2024-08-30 15:47:00-04:00,26.940000534057617,26.950000762939453,26.940000534057617,26.950000762939453,1236,0.0,0.0
2024-08-30 15:49:00-04:00,26.93000030517578,26.959999084472656,26.920000076293945,26.940000534057617,2099,0.0,0.0
2024-08-30 15:50:00-04:00,26.959999084472656,26.969999313354492,26.959999084472656,26.96500015258789,1876,0.0,0.0
2024-08-30 15:51:00-04:00,26.969999313354492,27.0,26.969999313354492,26.989999771118164,2266,0.0,0.0
2024-08-30 15:52:00-04:00,26.969999313354492,27.040000915527344,26.969999313354492,27.040000915527344,3391,0.0,0.0
2024-08-30 15:53:00-04:00,27.030000686645508,27.040000915527344,27.030000686645508,27.040000915527344,596,0.0,0.0
2024-08-30 15:54:00-04:00,27.049999237060547,27.049999237060547,26.989999771118164,27.010000228881836,3349,0.0,0.0
2024-08-30 15:55:00-04:00,27.030000686645508,27.049999237060547,27.030000686645508,27.049999237060547,1246,0.0,0.0
2024-08-30 15:56:00-04:00,27.100000381469727,27.100000381469727,27.09000015258789,27.100000381469727,1755,0.0,0.0
2024-08-30 15:57:00-04:00,27.09000015258789,27.100000381469727,27.09000015258789,27.100000381469727,2038,0.0,0.0
2024-08-30 15:58:00-04:00,27.100000381469727,27.100000381469727,27.06999969482422,27.06999969482422,3139,0.0,0.0
2024-08-30 15:59:00-04:00,27.079999923706055,27.18000030517578,27.079999923706055,27.110000610351562,15910,0.0,0.0
