Datetime,Open,High,Low,Close,Volume,Dividends,Stock Splits
2024-08-26 09:30:00-04:00,0.1379999965429306,0.1379999965429306,0.1379999965429306,0.1379999965429306,49544,0.0,0.0
2024-08-26 09:31:00-04:00,0.13449999690055847,0.13449999690055847,0.13449999690055847,0.13449999690055847,9924,0.0,0.0
2024-08-26 09:32:00-04:00,0.13449999690055847,0.13609999418258667,0.13449999690055847,0.13609999418258667,0,0.0,0.0
2024-08-26 09:33:00-04:00,0.13619999587535858,0.13619999587535858,0.13619999587535858,0.13619999587535858,2145,0.0,0.0
2024-08-26 09:35:00-04:00,0.1316000074148178,0.1316000074148178,0.13099999725818634,0.13099999725818634,17109,0.0,0.0
2024-08-26 09:36:00-04:00,0.13210000097751617,0.13210000097751617,0.13210000097751617,0.13210000097751617,921,0.0,0.0
2024-08-26 09:37:00-04:00,0.13099999725818634,0.13189999759197235,0.13079999387264252,0.13189999759197235,11412,0.0,0.0
2024-08-26 09:41:00-04:00,0.13099999725818634,0.13779999315738678,0.13099999725818634,0.13699999451637268,14939,0.0,0.0
2024-08-26 09:47:00-04:00,0.1339000016450882,0.13660000264644623,0.1339000016450882,0.13660000264644623,9024,0.0,0.0
2024-08-26 09:50:00-04:00,0.13410000503063202,0.13410000503063202,0.1340000033378601,0.1340000033378601,4830,0.0,0.0
2024-08-26 09:53:00-04:00,0.13410000503063202,0.13410000503063202,0.13410000503063202,0.13410000503063202,816,0.0,0.0
2024-08-26 09:55:00-04:00,0.13410000503063202,0.13410000503063202,0.13410000503063202,0.13410000503063202,296,0.0,0.0
2024-08-26 09:56:00-04:00,0.13600000739097595,0.13600000739097595,0.13600000739097595,0.13600000739097595,500,0.0,0.0
2024-08-26 09:57:00-04:00,0.13420000672340393,0.13420000672340393,0.13420000672340393,0.13420000672340393,963,0.0,0.0
2024-08-26 10:01:00-04:00,0.13510000705718994,0.13510000705718994,0.13420000672340393,0.13420000672340393,56824,0.0,0.0
2024-08-26 10:02:00-04:00,0.13420000672340393,0.13420000672340393,0.13420000672340393,0.13420000672340393,1200,0.0,0.0
2024-08-26 10:04:00-04:00,0.1356000006198883,0.1356000006198883,0.1356000006198883,0.1356000006198883,0,0.0,0.0
2024-08-26 10:06:00-04:00,0.13410000503063202,0.13410000503063202,0.13410000503063202,0.13410000503063202,3734,0.0,0.0
2024-08-26 10:11:00-04:00,0.13379999995231628,0.13379999995231628,0.13379999995231628,0.13379999995231628,220,0.0,0.0
2024-08-26 10:13:00-04:00,0.13359999656677246,0.13359999656677246,0.13359999656677246,0.13359999656677246,90,0.0,0.0
2024-08-26 10:14:00-04:00,0.13359999656677246,0.13359999656677246,0.13359999656677246,0.13359999656677246,100,0.0,0.0
2024-08-26 10:19:00-04:00,0.13600000739097595,0.13600000739097595,0.13600000739097595,0.13600000739097595,1901,0.0,0.0
2024-08-26 10:24:00-04:00,0.13500000536441803,0.13500000536441803,0.13500000536441803,0.13500000536441803,716,0.0,0.0
2024-08-26 10:26:00-04:00,0.13500000536441803,0.13500000536441803,0.13500000536441803,0.13500000536441803,1174,0.0,0.0
2024-08-26 10:32:00-04:00,0.13210000097751617,0.13210000097751617,0.13210000097751617,0.13210000097751617,1409,0.0,0.0
2024-08-26 10:33:00-04:00,0.13220000267028809,0.13500000536441803,0.13210000097751617,0.13500000536441803,909,0.0,0.0
2024-08-26 10:37:00-04:00,0.13379999995231628,0.13379999995231628,0.13379999995231628,0.13379999995231628,1998,0.0,0.0
2024-08-26 10:40:00-04:00,0.13210000097751617,0.13210000097751617,0.13019999861717224,0.13019999861717224,70919,0.0,0.0
2024-08-26 10:44:00-04:00,0.13030000030994415,0.13030000030994415,0.13030000030994415,0.13030000030994415,300,0.0,0.0
2024-08-26 10:46:00-04:00,0.13379999995231628,0.13379999995231628,0.13379999995231628,0.13379999995231628,2768,0.0,0.0
2024-08-26 10:47:00-04:00,0.13199999928474426,0.13369999825954437,0.13199999928474426,0.1331000030040741,5791,0.0,0.0
2024-08-26 10:54:00-04:00,0.13230000436306,0.13230000436306,0.13230000436306,0.13230000436306,12866,0.0,0.0
2024-08-26 10:56:00-04:00,0.13359999656677246,0.13359999656677246,0.13330000638961792,0.13359999656677246,161,0.0,0.0
2024-08-26 10:57:00-04:00,0.13300000131130219,0.13300000131130219,0.13300000131130219,0.13300000131130219,200,0.0,0.0
2024-08-26 11:01:00-04:00,0.13359999656677246,0.13359999656677246,0.13359999656677246,0.13359999656677246,466,0.0,0.0
2024-08-26 11:05:00-04:00,0.13099999725818634,0.13099999725818634,0.13099999725818634,0.13099999725818634,10850,0.0,0.0
2024-08-26 11:07:00-04:00,0.1331000030040741,0.1331000030040741,0.1331000030040741,0.1331000030040741,0,0.0,0.0
2024-08-26 11:09:00-04:00,0.13249999284744263,0.13249999284744263,0.13249999284744263,0.13249999284744263,1728,0.0,0.0
2024-08-26 11:13:00-04:00,0.13249999284744263,0.13249999284744263,0.13249999284744263,0.13249999284744263,0,0.0,0.0
2024-08-26 11:15:00-04:00,0.13109999895095825,0.13109999895095825,0.13109999895095825,0.13109999895095825,471,0.0,0.0
2024-08-26 11:17:00-04:00,0.13099999725818634,0.13099999725818634,0.13099999725818634,0.13099999725818634,1682,0.0,0.0
2024-08-26 11:21:00-04:00,0.13230000436306,0.13330000638961792,0.13230000436306,0.13330000638961792,552,0.0,0.0
2024-08-26 11:24:00-04:00,0.13099999725818634,0.13099999725818634,0.13099999725818634,0.13099999725818634,300,0.0,0.0
2024-08-26 11:28:00-04:00,0.1315000057220459,0.1315000057220459,0.1315000057220459,0.1315000057220459,2858,0.0,0.0
2024-08-26 11:34:00-04:00,0.13099999725818634,0.13099999725818634,0.1306000053882599,0.1306000053882599,10045,0.0,0.0
2024-08-26 11:35:00-04:00,0.12999999523162842,0.12999999523162842,0.12999999523162842,0.12999999523162842,28000,0.0,0.0
2024-08-26 11:39:00-04:00,0.13050000369548798,0.13050000369548798,0.13050000369548798,0.13050000369548798,6690,0.0,0.0
2024-08-26 11:41:00-04:00,0.13030000030994415,0.13030000030994415,0.13030000030994415,0.13030000030994415,2761,0.0,0.0
2024-08-26 11:45:00-04:00,0.13030000030994415,0.13130000233650208,0.13030000030994415,0.13130000233650208,12422,0.0,0.0
2024-08-26 11:50:00-04:00,0.13130000233650208,0.13249999284744263,0.12999999523162842,0.12999999523162842,75386,0.0,0.0
2024-08-26 11:54:00-04:00,0.13349999487400055,0.13349999487400055,0.13349999487400055,0.13349999487400055,800,0.0,0.0
2024-08-26 11:55:00-04:00,0.13359999656677246,0.13359999656677246,0.13179999589920044,0.13179999589920044,11923,0.0,0.0
2024-08-26 11:56:00-04:00,0.13210000097751617,0.13210000097751617,0.13210000097751617,0.13210000097751617,7569,0.0,0.0
2024-08-26 11:59:00-04:00,0.13369999825954437,0.13369999825954437,0.13369999825954437,0.13369999825954437,6900,0.0,0.0
2024-08-26 12:04:00-04:00,0.13300000131130219,0.13300000131130219,0.13300000131130219,0.13300000131130219,5856,0.0,0.0
2024-08-26 12:05:00-04:00,0.13339999318122864,0.13369999825954437,0.13339999318122864,0.13369999825954437,11448,0.0,0.0
2024-08-26 12:06:00-04:00,0.13379999995231628,0.13379999995231628,0.13379999995231628,0.13379999995231628,300,0.0,0.0
2024-08-26 12:08:00-04:00,0.13300000131130219,0.13300000131130219,0.13300000131130219,0.13300000131130219,3381,0.0,0.0
2024-08-26 12:09:00-04:00,0.13210000097751617,0.13300000131130219,0.13210000097751617,0.13220000267028809,12739,0.0,0.0
2024-08-26 12:12:00-04:00,0.13300000131130219,0.13300000131130219,0.13289999961853027,0.13289999961853027,2829,0.0,0.0
2024-08-26 12:14:00-04:00,0.13349999487400055,0.13349999487400055,0.13349999487400055,0.13349999487400055,7719,0.0,0.0
2024-08-26 12:20:00-04:00,0.13369999825954437,0.13369999825954437,0.13369999825954437,0.13369999825954437,4700,0.0,0.0
2024-08-26 12:24:00-04:00,0.13359999656677246,0.13359999656677246,0.13359999656677246,0.13359999656677246,1755,0.0,0.0
2024-08-26 12:35:00-04:00,0.13379999995231628,0.13379999995231628,0.13379999995231628,0.13379999995231628,1266,0.0,0.0
2024-08-26 12:37:00-04:00,0.13359999656677246,0.13359999656677246,0.13359999656677246,0.13359999656677246,1257,0.0,0.0
2024-08-26 13:05:00-04:00,0.1339000016450882,0.1339000016450882,0.1339000016450882,0.1339000016450882,614,0.0,0.0
2024-08-26 13:11:00-04:00,0.1348000019788742,0.13510000705718994,0.1348000019788742,0.13500000536441803,22734,0.0,0.0
2024-08-26 13:15:00-04:00,0.13580000400543213,0.13590000569820404,0.13570000231266022,0.13570000231266022,14105,0.0,0.0
2024-08-26 13:16:00-04:00,0.13570000231266022,0.13570000231266022,0.13570000231266022,0.13570000231266022,103,0.0,0.0
2024-08-26 13:33:00-04:00,0.1348000019788742,0.13600000739097595,0.1348000019788742,0.13539999723434448,22864,0.0,0.0
2024-08-26 13:50:00-04:00,0.13379999995231628,0.13379999995231628,0.13379999995231628,0.13379999995231628,454,0.0,0.0
2024-08-26 13:54:00-04:00,0.13600000739097595,0.13600000739097595,0.13600000739097595,0.13600000739097595,1186,0.0,0.0
2024-08-26 14:03:00-04:00,0.13410000503063202,0.13410000503063202,0.13410000503063202,0.13410000503063202,479,0.0,0.0
2024-08-26 14:11:00-04:00,0.13660000264644623,0.13779999315738678,0.13420000672340393,0.13420000672340393,41847,0.0,0.0
2024-08-26 14:12:00-04:00,0.1362999975681305,0.13729999959468842,0.13510000705718994,0.13510000705718994,38251,0.0,0.0
2024-08-26 14:16:00-04:00,0.13420000672340393,0.13420000672340393,0.13420000672340393,0.13420000672340393,2000,0.0,0.0
2024-08-26 14:19:00-04:00,0.13420000672340393,0.13420000672340393,0.13420000672340393,0.13420000672340393,4900,0.0,0.0
2024-08-26 14:28:00-04:00,0.13779999315738678,0.13779999315738678,0.13779999315738678,0.13779999315738678,353,0.0,0.0
2024-08-26 14:37:00-04:00,0.13740000128746033,0.13740000128746033,0.13740000128746033,0.13740000128746033,2714,0.0,0.0
2024-08-26 14:38:00-04:00,0.13619999587535858,0.13779999315738678,0.13619999587535858,0.13770000636577606,28811,0.0,0.0
2024-08-26 14:39:00-04:00,0.13779999315738678,0.13850000500679016,0.13779999315738678,0.1379999965429306,29680,0.0,0.0
2024-08-26 14:40:00-04:00,0.1388999968767166,0.14000000059604645,0.1388999968767166,0.1388999968767166,17733,0.0,0.0
2024-08-26 14:41:00-04:00,0.14000000059604645,0.14000000059604645,0.14000000059604645,0.14000000059604645,938,0.0,0.0
2024-08-26 14:42:00-04:00,0.14000000059604645,0.14000000059604645,0.14000000059604645,0.14000000059604645,6601,0.0,0.0
2024-08-26 14:44:00-04:00,0.14010000228881836,0.14010000228881836,0.14000000059604645,0.14000000059604645,7143,0.0,0.0
2024-08-26 14:45:00-04:00,0.14139999449253082,0.14139999449253082,0.14139999449253082,0.14139999449253082,0,0.0,0.0
2024-08-26 14:47:00-04:00,0.14169999957084656,0.14169999957084656,0.14000000059604645,0.14020000398159027,12320,0.0,0.0
2024-08-26 14:52:00-04:00,0.14010000228881836,0.14020000398159027,0.14010000228881836,0.14010000228881836,19650,0.0,0.0
2024-08-26 14:53:00-04:00,0.14180000126361847,0.14180000126361847,0.14180000126361847,0.14180000126361847,1436,0.0,0.0
2024-08-26 14:54:00-04:00,0.14020000398159027,0.14100000262260437,0.14010000228881836,0.14020000398159027,18142,0.0,0.0
2024-08-26 14:56:00-04:00,0.14010000228881836,0.14010000228881836,0.14010000228881836,0.14010000228881836,10858,0.0,0.0
2024-08-26 14:57:00-04:00,0.14020000398159027,0.14020000398159027,0.14020000398159027,0.14020000398159027,0,0.0,0.0
2024-08-26 14:58:00-04:00,0.1412000060081482,0.14149999618530273,0.1412000060081482,0.14149999618530273,6000,0.0,0.0
2024-08-26 15:00:00-04:00,0.14010000228881836,0.14010000228881836,0.14010000228881836,0.14010000228881836,8123,0.0,0.0
2024-08-26 15:01:00-04:00,0.14010000228881836,0.14020000398159027,0.14010000228881836,0.14020000398159027,8301,0.0,0.0
2024-08-26 15:02:00-04:00,0.14180000126361847,0.14180000126361847,0.14180000126361847,0.14180000126361847,0,0.0,0.0
2024-08-26 15:03:00-04:00,0.14149999618530273,0.1420000046491623,0.14010000228881836,0.1420000046491623,8628,0.0,0.0
2024-08-26 15:04:00-04:00,0.14270000159740448,0.14499999582767487,0.14180000126361847,0.14180000126361847,33090,0.0,0.0
2024-08-26 15:05:00-04:00,0.1420000046491623,0.1420000046491623,0.14159999787807465,0.14180000126361847,3350,0.0,0.0
2024-08-26 15:06:00-04:00,0.14399999380111694,0.14399999380111694,0.14399999380111694,0.14399999380111694,4500,0.0,0.0
2024-08-26 15:07:00-04:00,0.1445000022649765,0.1445000022649765,0.1412000060081482,0.1412000060081482,18050,0.0,0.0
2024-08-26 15:08:00-04:00,0.1420000046491623,0.14300000667572021,0.1420000046491623,0.14300000667572021,923,0.0,0.0
2024-08-26 15:09:00-04:00,0.14100000262260437,0.14300000667572021,0.14100000262260437,0.14300000667572021,8852,0.0,0.0
2024-08-26 15:11:00-04:00,0.1420000046491623,0.1420000046491623,0.1420000046491623,0.1420000046491623,7401,0.0,0.0
2024-08-26 15:12:00-04:00,0.1420000046491623,0.1420000046491623,0.1420000046491623,0.1420000046491623,10900,0.0,0.0
2024-08-26 15:13:00-04:00,0.1420000046491623,0.1420000046491623,0.14100000262260437,0.14100000262260437,1600,0.0,0.0
2024-08-26 15:14:00-04:00,0.14100000262260437,0.14100000262260437,0.1404999941587448,0.14100000262260437,5802,0.0,0.0
2024-08-26 15:17:00-04:00,0.14090000092983246,0.14090000092983246,0.14000000059604645,0.14000000059604645,8207,0.0,0.0
2024-08-26 15:18:00-04:00,0.14000000059604645,0.14110000431537628,0.14000000059604645,0.1404000073671341,31723,0.0,0.0
2024-08-26 15:21:00-04:00,0.14000000059604645,0.1420000046491623,0.14000000059604645,0.1420000046491623,3350,0.0,0.0
2024-08-26 15:24:00-04:00,0.14190000295639038,0.14190000295639038,0.14190000295639038,0.14190000295639038,978,0.0,0.0
2024-08-26 15:25:00-04:00,0.14020000398159027,0.14190000295639038,0.14020000398159027,0.14190000295639038,17911,0.0,0.0
2024-08-26 15:26:00-04:00,0.1412000060081482,0.14190000295639038,0.14020000398159027,0.14100000262260437,52676,0.0,0.0
2024-08-26 15:27:00-04:00,0.1404000073671341,0.1404000073671341,0.14000000059604645,0.14000000059604645,420,0.0,0.0
2024-08-26 15:31:00-04:00,0.14239999651908875,0.14239999651908875,0.14239999651908875,0.14239999651908875,1440,0.0,0.0
2024-08-26 15:35:00-04:00,0.14249999821186066,0.14249999821186066,0.14239999651908875,0.14239999651908875,9300,0.0,0.0
2024-08-26 15:36:00-04:00,0.14239999651908875,0.14249999821186066,0.14239999651908875,0.14249999821186066,680,0.0,0.0
2024-08-26 15:38:00-04:00,0.14239999651908875,0.14239999651908875,0.14239999651908875,0.14239999651908875,13976,0.0,0.0
2024-08-26 15:40:00-04:00,0.14000000059604645,0.14059999585151672,0.14000000059604645,0.14059999585151672,1619,0.0,0.0
2024-08-26 15:42:00-04:00,0.14010000228881836,0.14010000228881836,0.14010000228881836,0.14010000228881836,100,0.0,0.0
2024-08-26 15:43:00-04:00,0.1387999951839447,0.1387999951839447,0.1387999951839447,0.1387999951839447,410,0.0,0.0
2024-08-26 15:45:00-04:00,0.1387999951839447,0.1387999951839447,0.1387999951839447,0.1387999951839447,1020,0.0,0.0
2024-08-26 15:47:00-04:00,0.1387999951839447,0.1387999951839447,0.1387999951839447,0.1387999951839447,500,0.0,0.0
2024-08-26 15:48:00-04:00,0.13899999856948853,0.13899999856948853,0.13899999856948853,0.13899999856948853,100,0.0,0.0
2024-08-26 15:49:00-04:00,0.13899999856948853,0.13899999856948853,0.13899999856948853,0.13899999856948853,200,0.0,0.0
2024-08-26 15:50:00-04:00,0.13899999856948853,0.13899999856948853,0.13899999856948853,0.13899999856948853,400,0.0,0.0
2024-08-26 15:51:00-04:00,0.13899999856948853,0.13899999856948853,0.13899999856948853,0.13899999856948853,300,0.0,0.0
2024-08-26 15:52:00-04:00,0.13899999856948853,0.13899999856948853,0.13899999856948853,0.13899999856948853,300,0.0,0.0
2024-08-26 15:53:00-04:00,0.13899999856948853,0.13899999856948853,0.13899999856948853,0.13899999856948853,200,0.0,0.0
2024-08-26 15:54:00-04:00,0.13920000195503235,0.13920000195503235,0.13899999856948853,0.13899999856948853,300,0.0,0.0
2024-08-26 15:55:00-04:00,0.13899999856948853,0.13899999856948853,0.13899999856948853,0.13899999856948853,200,0.0,0.0
2024-08-26 15:56:00-04:00,0.13899999856948853,0.13899999856948853,0.13899999856948853,0.13899999856948853,2300,0.0,0.0
2024-08-26 15:57:00-04:00,0.13899999856948853,0.13899999856948853,0.13899999856948853,0.13899999856948853,200,0.0,0.0
2024-08-26 15:58:00-04:00,0.13899999856948853,0.14239999651908875,0.13899999856948853,0.14239999651908875,24332,0.0,0.0
2024-08-26 15:59:00-04:00,0.13899999856948853,0.13899999856948853,0.13899999856948853,0.13899999856948853,522,0.0,0.0
2024-08-27 09:30:00-04:00,0.13760000467300415,0.13760000467300415,0.1362999975681305,0.1362999975681305,69990,0.0,0.0
2024-08-27 09:31:00-04:00,0.13729999959468842,0.13729999959468842,0.13729999959468842,0.13729999959468842,5943,0.0,0.0
2024-08-27 09:33:00-04:00,0.13590000569820404,0.13729999959468842,0.13449999690055847,0.13459999859333038,8901,0.0,0.0
2024-08-27 09:35:00-04:00,0.13210000097751617,0.13729999959468842,0.13210000097751617,0.13729999959468842,9789,0.0,0.0
2024-08-27 09:36:00-04:00,0.1371999979019165,0.1371999979019165,0.1371999979019165,0.1371999979019165,700,0.0,0.0
2024-08-27 09:37:00-04:00,0.1371999979019165,0.13760000467300415,0.1347000002861023,0.13760000467300415,19014,0.0,0.0
2024-08-27 09:40:00-04:00,0.13760000467300415,0.13760000467300415,0.13760000467300415,0.13760000467300415,20023,0.0,0.0
2024-08-27 09:42:00-04:00,0.13729999959468842,0.13729999959468842,0.13729999959468842,0.13729999959468842,672,0.0,0.0
2024-08-27 09:44:00-04:00,0.13729999959468842,0.13830000162124634,0.13729999959468842,0.13729999959468842,8200,0.0,0.0
2024-08-27 09:45:00-04:00,0.13740000128746033,0.13740000128746033,0.13729999959468842,0.13729999959468842,6955,0.0,0.0
2024-08-27 09:46:00-04:00,0.13840000331401825,0.13840000331401825,0.13840000331401825,0.13840000331401825,362,0.0,0.0
2024-08-27 09:47:00-04:00,0.13950000703334808,0.13950000703334808,0.13729999959468842,0.13950000703334808,10577,0.0,0.0
2024-08-27 09:48:00-04:00,0.13840000331401825,0.13840000331401825,0.1347000002861023,0.1347000002861023,79140,0.0,0.0
2024-08-27 09:49:00-04:00,0.13359999656677246,0.13359999656677246,0.13210000097751617,0.13210000097751617,6462,0.0,0.0
2024-08-27 09:50:00-04:00,0.1339000016450882,0.13570000231266022,0.1339000016450882,0.13459999859333038,8200,0.0,0.0
2024-08-27 09:51:00-04:00,0.13570000231266022,0.13650000095367432,0.13570000231266022,0.13590000569820404,14341,0.0,0.0
2024-08-27 09:53:00-04:00,0.1371999979019165,0.1371999979019165,0.13650000095367432,0.13650000095367432,1601,0.0,0.0
2024-08-27 09:54:00-04:00,0.13650000095367432,0.13650000095367432,0.13650000095367432,0.13650000095367432,3772,0.0,0.0
2024-08-27 09:55:00-04:00,0.13689999282360077,0.13689999282360077,0.13689999282360077,0.13689999282360077,0,0.0,0.0
2024-08-27 09:56:00-04:00,0.13650000095367432,0.13650000095367432,0.13650000095367432,0.13650000095367432,5974,0.0,0.0
2024-08-27 09:57:00-04:00,0.13650000095367432,0.13650000095367432,0.13650000095367432,0.13650000095367432,3000,0.0,0.0
2024-08-27 10:01:00-04:00,0.1347000002861023,0.13600000739097595,0.13449999690055847,0.13510000705718994,5800,0.0,0.0
2024-08-27 10:04:00-04:00,0.13600000739097595,0.13600000739097595,0.13600000739097595,0.13600000739097595,0,0.0,0.0
2024-08-27 10:08:00-04:00,0.13600000739097595,0.13600000739097595,0.13510000705718994,0.13600000739097595,1740,0.0,0.0
2024-08-27 10:10:00-04:00,0.13600000739097595,0.13600000739097595,0.13600000739097595,0.13600000739097595,1950,0.0,0.0
2024-08-27 10:11:00-04:00,0.1356000006198883,0.13689999282360077,0.1356000006198883,0.13689999282360077,8360,0.0,0.0
2024-08-27 10:20:00-04:00,0.13619999587535858,0.13619999587535858,0.13619999587535858,0.13619999587535858,2192,0.0,0.0
2024-08-27 10:21:00-04:00,0.1354999989271164,0.1354999989271164,0.1354999989271164,0.1354999989271164,7105,0.0,0.0
2024-08-27 10:22:00-04:00,0.13619999587535858,0.13619999587535858,0.13619999587535858,0.13619999587535858,0,0.0,0.0
2024-08-27 10:25:00-04:00,0.13619999587535858,0.13650000095367432,0.13619999587535858,0.13650000095367432,400,0.0,0.0
2024-08-27 10:28:00-04:00,0.1354999989271164,0.1354999989271164,0.1354999989271164,0.1354999989271164,100,0.0,0.0
2024-08-27 10:36:00-04:00,0.1354999989271164,0.1356000006198883,0.1354999989271164,0.1356000006198883,21900,0.0,0.0
2024-08-27 10:37:00-04:00,0.1354999989271164,0.1354999989271164,0.1354999989271164,0.1354999989271164,0,0.0,0.0
2024-08-27 10:46:00-04:00,0.13529999554157257,0.13529999554157257,0.13529999554157257,0.13529999554157257,201,0.0,0.0
2024-08-27 10:47:00-04:00,0.13510000705718994,0.13830000162124634,0.13500000536441803,0.13809999823570251,9944,0.0,0.0
2024-08-27 10:52:00-04:00,0.13500000536441803,0.13500000536441803,0.13500000536441803,0.13500000536441803,700,0.0,0.0
2024-08-27 10:59:00-04:00,0.13500000536441803,0.13500000536441803,0.13500000536441803,0.13500000536441803,16200,0.0,0.0
2024-08-27 11:03:00-04:00,0.13529999554157257,0.13529999554157257,0.13500000536441803,0.13500000536441803,0,0.0,0.0
2024-08-27 11:07:00-04:00,0.13349999487400055,0.13349999487400055,0.13349999487400055,0.13349999487400055,0,0.0,0.0
2024-08-27 11:10:00-04:00,0.1379999965429306,0.1379999965429306,0.13699999451637268,0.13699999451637268,800,0.0,0.0
2024-08-27 11:11:00-04:00,0.1388999968767166,0.1388999968767166,0.1388999968767166,0.1388999968767166,3014,0.0,0.0
2024-08-27 11:16:00-04:00,0.13500000536441803,0.13500000536441803,0.13500000536441803,0.13500000536441803,3550,0.0,0.0
2024-08-27 11:19:00-04:00,0.1388999968767166,0.1388999968767166,0.1388999968767166,0.1388999968767166,1551,0.0,0.0
2024-08-27 11:22:00-04:00,0.1362999975681305,0.1362999975681305,0.1362999975681305,0.1362999975681305,0,0.0,0.0
2024-08-27 11:27:00-04:00,0.1362999975681305,0.1362999975681305,0.1362999975681305,0.1362999975681305,4847,0.0,0.0
2024-08-27 11:30:00-04:00,0.1362999975681305,0.1362999975681305,0.1362999975681305,0.1362999975681305,900,0.0,0.0
2024-08-27 11:32:00-04:00,0.1362999975681305,0.1362999975681305,0.1362999975681305,0.1362999975681305,25186,0.0,0.0
2024-08-27 11:36:00-04:00,0.1363999992609024,0.1363999992609024,0.1362999975681305,0.1362999975681305,4875,0.0,0.0
2024-08-27 11:47:00-04:00,0.1387999951839447,0.1387999951839447,0.13760000467300415,0.1379999965429306,16074,0.0,0.0
2024-08-27 11:50:00-04:00,0.1379999965429306,0.13950000703334808,0.1379999965429306,0.13950000703334808,15258,0.0,0.0
2024-08-27 11:53:00-04:00,0.1378999948501587,0.1378999948501587,0.1378999948501587,0.1378999948501587,2100,0.0,0.0
2024-08-27 11:54:00-04:00,0.1378999948501587,0.1379999965429306,0.1378999948501587,0.1379999965429306,12050,0.0,0.0
2024-08-27 11:56:00-04:00,0.1378999948501587,0.1379999965429306,0.1378999948501587,0.1379999965429306,0,0.0,0.0
2024-08-27 11:57:00-04:00,0.1387999951839447,0.13950000703334808,0.1387999951839447,0.1387999951839447,4971,0.0,0.0
2024-08-27 12:07:00-04:00,0.13750000298023224,0.13750000298023224,0.13750000298023224,0.13750000298023224,440,0.0,0.0
2024-08-27 12:10:00-04:00,0.1387999951839447,0.1387999951839447,0.1387999951839447,0.1387999951839447,380,0.0,0.0
2024-08-27 12:11:00-04:00,0.1379999965429306,0.1379999965429306,0.1379999965429306,0.1379999965429306,19700,0.0,0.0
2024-08-27 12:19:00-04:00,0.13619999587535858,0.13689999282360077,0.13619999587535858,0.13689999282360077,173,0.0,0.0
2024-08-27 12:24:00-04:00,0.1371999979019165,0.1371999979019165,0.1371999979019165,0.1371999979019165,380,0.0,0.0
2024-08-27 12:33:00-04:00,0.1371999979019165,0.1371999979019165,0.1370999962091446,0.1371999979019165,32052,0.0,0.0
2024-08-27 12:34:00-04:00,0.1371999979019165,0.1371999979019165,0.1371999979019165,0.1371999979019165,0,0.0,0.0
2024-08-27 12:39:00-04:00,0.1371999979019165,0.1371999979019165,0.1370999962091446,0.1371999979019165,12665,0.0,0.0
2024-08-27 12:40:00-04:00,0.1371999979019165,0.1371999979019165,0.1371999979019165,0.1371999979019165,7800,0.0,0.0
2024-08-27 12:41:00-04:00,0.13729999959468842,0.13729999959468842,0.13729999959468842,0.13729999959468842,5570,0.0,0.0
2024-08-27 12:43:00-04:00,0.1371999979019165,0.13729999959468842,0.1370999962091446,0.13729999959468842,5565,0.0,0.0
2024-08-27 12:46:00-04:00,0.13740000128746033,0.13740000128746033,0.1371999979019165,0.1371999979019165,5152,0.0,0.0
2024-08-27 13:01:00-04:00,0.13860000669956207,0.13860000669956207,0.13860000669956207,0.13860000669956207,1800,0.0,0.0
2024-08-27 13:03:00-04:00,0.13930000364780426,0.13930000364780426,0.13899999856948853,0.13899999856948853,845,0.0,0.0
2024-08-27 13:07:00-04:00,0.1386999934911728,0.1386999934911728,0.1386999934911728,0.1386999934911728,2000,0.0,0.0
2024-08-27 13:08:00-04:00,0.13779999315738678,0.13940000534057617,0.13779999315738678,0.13940000534057617,54737,0.0,0.0
2024-08-27 13:15:00-04:00,0.13950000703334808,0.13950000703334808,0.13950000703334808,0.13950000703334808,27606,0.0,0.0
2024-08-27 13:19:00-04:00,0.1387999951839447,0.13950000703334808,0.1387999951839447,0.13950000703334808,600,0.0,0.0
2024-08-27 13:24:00-04:00,0.1379999965429306,0.1379999965429306,0.1379999965429306,0.1379999965429306,2807,0.0,0.0
2024-08-27 13:27:00-04:00,0.13840000331401825,0.13840000331401825,0.13840000331401825,0.13840000331401825,7353,0.0,0.0
2024-08-27 13:28:00-04:00,0.1396999955177307,0.1396999955177307,0.1396999955177307,0.1396999955177307,2988,0.0,0.0
2024-08-27 13:29:00-04:00,0.13840000331401825,0.13899999856948853,0.13840000331401825,0.13899999856948853,0,0.0,0.0
2024-08-27 13:32:00-04:00,0.13840000331401825,0.13899999856948853,0.13840000331401825,0.13899999856948853,401,0.0,0.0
2024-08-27 13:38:00-04:00,0.1370999962091446,0.1370999962091446,0.1370999962091446,0.1370999962091446,4812,0.0,0.0
2024-08-27 13:46:00-04:00,0.13770000636577606,0.1379999965429306,0.13770000636577606,0.1379999965429306,1843,0.0,0.0
2024-08-27 13:50:00-04:00,0.1370999962091446,0.13729999959468842,0.13699999451637268,0.13729999959468842,5604,0.0,0.0
2024-08-27 13:55:00-04:00,0.13619999587535858,0.13619999587535858,0.13619999587535858,0.13619999587535858,3554,0.0,0.0
2024-08-27 14:05:00-04:00,0.13500000536441803,0.13500000536441803,0.13500000536441803,0.13500000536441803,900,0.0,0.0
2024-08-27 14:08:00-04:00,0.1340000033378601,0.1340000033378601,0.1340000033378601,0.1340000033378601,4500,0.0,0.0
2024-08-27 14:12:00-04:00,0.13359999656677246,0.13359999656677246,0.13359999656677246,0.13359999656677246,4469,0.0,0.0
2024-08-27 14:16:00-04:00,0.1387999951839447,0.1387999951839447,0.1387999951839447,0.1387999951839447,201,0.0,0.0
2024-08-27 14:17:00-04:00,0.13349999487400055,0.13349999487400055,0.13349999487400055,0.13349999487400055,2113,0.0,0.0
2024-08-27 14:24:00-04:00,0.13500000536441803,0.13500000536441803,0.13500000536441803,0.13500000536441803,403,0.0,0.0
2024-08-27 14:26:00-04:00,0.13359999656677246,0.13359999656677246,0.13359999656677246,0.13359999656677246,13463,0.0,0.0
2024-08-27 14:28:00-04:00,0.13359999656677246,0.13359999656677246,0.13359999656677246,0.13359999656677246,0,0.0,0.0
2024-08-27 14:33:00-04:00,0.13359999656677246,0.13359999656677246,0.13359999656677246,0.13359999656677246,8910,0.0,0.0
2024-08-27 14:34:00-04:00,0.13439999520778656,0.13439999520778656,0.13359999656677246,0.13359999656677246,301,0.0,0.0
2024-08-27 14:38:00-04:00,0.13359999656677246,0.13359999656677246,0.13359999656677246,0.13359999656677246,1000,0.0,0.0
2024-08-27 14:40:00-04:00,0.13330000638961792,0.1340000033378601,0.13300000131130219,0.13300000131130219,2487,0.0,0.0
2024-08-27 14:42:00-04:00,0.13300000131130219,0.13300000131130219,0.13289999961853027,0.13289999961853027,500,0.0,0.0
2024-08-27 14:45:00-04:00,0.13519999384880066,0.13519999384880066,0.13519999384880066,0.13519999384880066,3900,0.0,0.0
2024-08-27 14:48:00-04:00,0.13529999554157257,0.13529999554157257,0.13529999554157257,0.13529999554157257,260,0.0,0.0
2024-08-27 14:50:00-04:00,0.13259999454021454,0.13259999454021454,0.13259999454021454,0.13259999454021454,0,0.0,0.0
2024-08-27 14:52:00-04:00,0.13459999859333038,0.13459999859333038,0.13459999859333038,0.13459999859333038,8100,0.0,0.0
2024-08-27 14:58:00-04:00,0.13259999454021454,0.13259999454021454,0.13259999454021454,0.13259999454021454,0,0.0,0.0
2024-08-27 15:00:00-04:00,0.13410000503063202,0.13449999690055847,0.13379999995231628,0.13449999690055847,13001,0.0,0.0
2024-08-27 15:11:00-04:00,0.13459999859333038,0.13459999859333038,0.13459999859333038,0.13459999859333038,1400,0.0,0.0
2024-08-27 15:12:00-04:00,0.13449999690055847,0.13449999690055847,0.13449999690055847,0.13449999690055847,2680,0.0,0.0
2024-08-27 15:18:00-04:00,0.13230000436306,0.13230000436306,0.13230000436306,0.13230000436306,600,0.0,0.0
2024-08-27 15:22:00-04:00,0.13249999284744263,0.13249999284744263,0.13249999284744263,0.13249999284744263,720,0.0,0.0
2024-08-27 15:23:00-04:00,0.13349999487400055,0.13349999487400055,0.13349999487400055,0.13349999487400055,610,0.0,0.0
2024-08-27 15:25:00-04:00,0.13249999284744263,0.13249999284744263,0.13249999284744263,0.13249999284744263,1050,0.0,0.0
2024-08-27 15:27:00-04:00,0.13230000436306,0.13230000436306,0.13230000436306,0.13230000436306,147,0.0,0.0
2024-08-27 15:28:00-04:00,0.13300000131130219,0.13379999995231628,0.13300000131130219,0.13369999825954437,5400,0.0,0.0
2024-08-27 15:29:00-04:00,0.13379999995231628,0.13379999995231628,0.13379999995231628,0.13379999995231628,700,0.0,0.0
2024-08-27 15:31:00-04:00,0.13220000267028809,0.13220000267028809,0.13220000267028809,0.13220000267028809,300,0.0,0.0
2024-08-27 15:32:00-04:00,0.13330000638961792,0.13449999690055847,0.133200004696846,0.13449999690055847,17134,0.0,0.0
2024-08-27 15:37:00-04:00,0.13449999690055847,0.13449999690055847,0.13449999690055847,0.13449999690055847,800,0.0,0.0
2024-08-27 15:38:00-04:00,0.13339999318122864,0.13339999318122864,0.13339999318122864,0.13339999318122864,411,0.0,0.0
2024-08-27 15:41:00-04:00,0.13339999318122864,0.13339999318122864,0.13339999318122864,0.13339999318122864,800,0.0,0.0
2024-08-27 15:43:00-04:00,0.13510000705718994,0.13510000705718994,0.13510000705718994,0.13510000705718994,100,0.0,0.0
2024-08-27 15:45:00-04:00,0.13600000739097595,0.13600000739097595,0.13379999995231628,0.13379999995231628,4900,0.0,0.0
2024-08-27 15:46:00-04:00,0.1356000006198883,0.1356000006198883,0.1356000006198883,0.1356000006198883,2200,0.0,0.0
2024-08-27 15:47:00-04:00,0.13379999995231628,0.13379999995231628,0.13379999995231628,0.13379999995231628,0,0.0,0.0
2024-08-27 15:49:00-04:00,0.13379999995231628,0.13379999995231628,0.13379999995231628,0.13379999995231628,300,0.0,0.0
2024-08-27 15:52:00-04:00,0.13379999995231628,0.13379999995231628,0.13259999454021454,0.13259999454021454,1200,0.0,0.0
2024-08-27 15:53:00-04:00,0.13259999454021454,0.13259999454021454,0.13259999454021454,0.13259999454021454,200,0.0,0.0
2024-08-27 15:54:00-04:00,0.13230000436306,0.13230000436306,0.13230000436306,0.13230000436306,700,0.0,0.0
2024-08-27 15:55:00-04:00,0.13230000436306,0.13230000436306,0.13230000436306,0.13230000436306,100,0.0,0.0
2024-08-27 15:56:00-04:00,0.13230000436306,0.13230000436306,0.13230000436306,0.13230000436306,300,0.0,0.0
2024-08-27 15:57:00-04:00,0.13230000436306,0.13230000436306,0.13230000436306,0.13230000436306,300,0.0,0.0
2024-08-27 15:58:00-04:00,0.13230000436306,0.13420000672340393,0.13230000436306,0.13420000672340393,300,0.0,0.0
2024-08-27 15:59:00-04:00,0.13420000672340393,0.13429999351501465,0.13420000672340393,0.13420000672340393,1434,0.0,0.0
2024-08-28 09:30:00-04:00,0.13019999861717224,0.13019999861717224,0.13019999861717224,0.13019999861717224,52920,0.0,0.0
2024-08-28 09:36:00-04:00,0.13379999995231628,0.13379999995231628,0.13379999995231628,0.13379999995231628,0,0.0,0.0
2024-08-28 09:44:00-04:00,0.13199999928474426,0.13339999318122864,0.13050000369548798,0.13050000369548798,5120,0.0,0.0
2024-08-28 09:45:00-04:00,0.13199999928474426,0.13199999928474426,0.13050000369548798,0.13050000369548798,5734,0.0,0.0
2024-08-28 09:50:00-04:00,0.1306000053882599,0.1306000053882599,0.13050000369548798,0.13050000369548798,9204,0.0,0.0
2024-08-28 09:57:00-04:00,0.13050000369548798,0.13050000369548798,0.13050000369548798,0.13050000369548798,200,0.0,0.0
2024-08-28 10:03:00-04:00,0.13339999318122864,0.13339999318122864,0.13339999318122864,0.13339999318122864,1,0.0,0.0
2024-08-28 10:10:00-04:00,0.13050000369548798,0.13050000369548798,0.12999999523162842,0.12999999523162842,121385,0.0,0.0
2024-08-28 10:12:00-04:00,0.12800000607967377,0.12800000607967377,0.12800000607967377,0.12800000607967377,32810,0.0,0.0
2024-08-28 10:14:00-04:00,0.12610000371932983,0.12610000371932983,0.12610000371932983,0.12610000371932983,16420,0.0,0.0
2024-08-28 10:15:00-04:00,0.125,0.12600000202655792,0.125,0.125900000333786,12482,0.0,0.0
2024-08-28 10:16:00-04:00,0.12600000202655792,0.12600000202655792,0.12600000202655792,0.12600000202655792,21858,0.0,0.0
2024-08-28 10:18:00-04:00,0.12919999659061432,0.12929999828338623,0.12919999659061432,0.12929999828338623,1175,0.0,0.0
2024-08-28 10:20:00-04:00,0.12929999828338623,0.12929999828338623,0.12790000438690186,0.12790000438690186,40,0.0,0.0
2024-08-28 10:22:00-04:00,0.12790000438690186,0.12790000438690186,0.12790000438690186,0.12790000438690186,1523,0.0,0.0
2024-08-28 10:24:00-04:00,0.12790000438690186,0.12790000438690186,0.12790000438690186,0.12790000438690186,400,0.0,0.0
2024-08-28 10:25:00-04:00,0.12790000438690186,0.12929999828338623,0.12790000438690186,0.12929999828338623,12136,0.0,0.0
2024-08-28 10:31:00-04:00,0.12880000472068787,0.12880000472068787,0.12880000472068787,0.12880000472068787,16731,0.0,0.0
2024-08-28 10:32:00-04:00,0.12880000472068787,0.13050000369548798,0.12880000472068787,0.13050000369548798,13304,0.0,0.0
2024-08-28 10:39:00-04:00,0.13120000064373016,0.13339999318122864,0.13120000064373016,0.1324000060558319,16924,0.0,0.0
2024-08-28 10:40:00-04:00,0.1290999948978424,0.1290999948978424,0.1290999948978424,0.1290999948978424,644,0.0,0.0
2024-08-28 10:44:00-04:00,0.13009999692440033,0.13009999692440033,0.13009999692440033,0.13009999692440033,1844,0.0,0.0
2024-08-28 10:48:00-04:00,0.13009999692440033,0.13009999692440033,0.13009999692440033,0.13009999692440033,4000,0.0,0.0
2024-08-28 10:50:00-04:00,0.13330000638961792,0.13330000638961792,0.13330000638961792,0.13330000638961792,0,0.0,0.0
2024-08-28 10:54:00-04:00,0.13009999692440033,0.13009999692440033,0.13009999692440033,0.13009999692440033,1969,0.0,0.0
2024-08-28 11:03:00-04:00,0.13040000200271606,0.13079999387264252,0.12999999523162842,0.12999999523162842,2731,0.0,0.0
2024-08-28 11:05:00-04:00,0.1289999932050705,0.1289999932050705,0.12700000405311584,0.12700000405311584,13915,0.0,0.0
2024-08-28 11:07:00-04:00,0.1266999989748001,0.1298000067472458,0.1266999989748001,0.1298000067472458,111600,0.0,0.0
2024-08-28 11:08:00-04:00,0.12919999659061432,0.12919999659061432,0.12919999659061432,0.12919999659061432,0,0.0,0.0
2024-08-28 11:09:00-04:00,0.12960000336170197,0.12960000336170197,0.12960000336170197,0.12960000336170197,39916,0.0,0.0
2024-08-28 11:16:00-04:00,0.1264999955892563,0.1264999955892563,0.1264999955892563,0.1264999955892563,0,0.0,0.0
2024-08-28 11:17:00-04:00,0.1264999955892563,0.1265999972820282,0.1264999955892563,0.1264999955892563,6700,0.0,0.0
2024-08-28 11:18:00-04:00,0.12639999389648438,0.12639999389648438,0.12639999389648438,0.12639999389648438,5219,0.0,0.0
2024-08-28 11:23:00-04:00,0.12600000202655792,0.12600000202655792,0.12600000202655792,0.12600000202655792,300,0.0,0.0
2024-08-28 11:24:00-04:00,0.1264999955892563,0.1264999955892563,0.1264999955892563,0.1264999955892563,2435,0.0,0.0
2024-08-28 11:28:00-04:00,0.1298999935388565,0.1298999935388565,0.1298999935388565,0.1298999935388565,1214,0.0,0.0
2024-08-28 11:30:00-04:00,0.1298999935388565,0.1298999935388565,0.1298999935388565,0.1298999935388565,0,0.0,0.0
2024-08-28 11:33:00-04:00,0.1282999962568283,0.1289999932050705,0.1281999945640564,0.1281999945640564,10000,0.0,0.0
2024-08-28 11:34:00-04:00,0.12700000405311584,0.12700000405311584,0.12700000405311584,0.12700000405311584,0,0.0,0.0
2024-08-28 11:36:00-04:00,0.12549999356269836,0.12690000236034393,0.12549999356269836,0.12690000236034393,10991,0.0,0.0
2024-08-28 11:37:00-04:00,0.1256999969482422,0.12690000236034393,0.1256999969482422,0.12690000236034393,13805,0.0,0.0
2024-08-28 11:39:00-04:00,0.12690000236034393,0.12690000236034393,0.12690000236034393,0.12690000236034393,587,0.0,0.0
2024-08-28 11:40:00-04:00,0.12559999525547028,0.12690000236034393,0.1251000016927719,0.12690000236034393,83966,0.0,0.0
2024-08-28 11:41:00-04:00,0.12690000236034393,0.12690000236034393,0.12690000236034393,0.12690000236034393,2104,0.0,0.0
2024-08-28 11:44:00-04:00,0.12600000202655792,0.12809999287128448,0.12600000202655792,0.12809999287128448,17873,0.0,0.0
2024-08-28 11:46:00-04:00,0.12809999287128448,0.12809999287128448,0.12809999287128448,0.12809999287128448,1000,0.0,0.0
2024-08-28 11:50:00-04:00,0.12600000202655792,0.12600000202655792,0.12600000202655792,0.12600000202655792,20100,0.0,0.0
2024-08-28 11:51:00-04:00,0.1251000016927719,0.12520000338554382,0.125,0.12520000338554382,35519,0.0,0.0
2024-08-28 11:58:00-04:00,0.12520000338554382,0.12520000338554382,0.125,0.125,425,0.0,0.0
2024-08-28 12:00:00-04:00,0.1264999955892563,0.1264999955892563,0.1264999955892563,0.1264999955892563,358,0.0,0.0
2024-08-28 12:02:00-04:00,0.125,0.125,0.125,0.125,2000,0.0,0.0
2024-08-28 12:03:00-04:00,0.12449999898672104,0.12449999898672104,0.12449999898672104,0.12449999898672104,500,0.0,0.0
2024-08-28 12:04:00-04:00,0.1251000016927719,0.1251000016927719,0.1251000016927719,0.1251000016927719,6500,0.0,0.0
2024-08-28 12:08:00-04:00,0.12600000202655792,0.12600000202655792,0.12600000202655792,0.12600000202655792,0,0.0,0.0
2024-08-28 12:14:00-04:00,0.12700000405311584,0.12700000405311584,0.12700000405311584,0.12700000405311584,5094,0.0,0.0
2024-08-28 12:15:00-04:00,0.12600000202655792,0.12600000202655792,0.12600000202655792,0.12600000202655792,0,0.0,0.0
2024-08-28 12:16:00-04:00,0.1242000013589859,0.1242000013589859,0.1242000013589859,0.1242000013589859,500,0.0,0.0
2024-08-28 12:18:00-04:00,0.12600000202655792,0.12600000202655792,0.12430000305175781,0.12430000305175781,1917,0.0,0.0
2024-08-28 12:19:00-04:00,0.12680000066757202,0.12680000066757202,0.12349999696016312,0.12680000066757202,15644,0.0,0.0
2024-08-28 12:21:00-04:00,0.12489999830722809,0.12489999830722809,0.12489999830722809,0.12489999830722809,0,0.0,0.0
2024-08-28 12:24:00-04:00,0.12300000339746475,0.12300000339746475,0.12300000339746475,0.12300000339746475,4800,0.0,0.0
2024-08-28 12:25:00-04:00,0.12399999797344208,0.12680000066757202,0.12219999730587006,0.12219999730587006,6739,0.0,0.0
2024-08-28 12:26:00-04:00,0.1225999966263771,0.12290000170469284,0.121799997985363,0.121799997985363,45426,0.0,0.0
2024-08-28 12:27:00-04:00,0.121799997985363,0.12189999967813492,0.121799997985363,0.12189999967813492,4542,0.0,0.0
2024-08-28 12:28:00-04:00,0.121799997985363,0.12189999967813492,0.121799997985363,0.12189999967813492,15253,0.0,0.0
2024-08-28 12:29:00-04:00,0.12189999967813492,0.12200000137090683,0.121799997985363,0.12200000137090683,1605,0.0,0.0
2024-08-28 12:30:00-04:00,0.12200000137090683,0.12280000001192093,0.12200000137090683,0.12229999899864197,36100,0.0,0.0
2024-08-28 12:32:00-04:00,0.12229999899864197,0.12290000170469284,0.1216999962925911,0.12290000170469284,11500,0.0,0.0
2024-08-28 12:33:00-04:00,0.12200000137090683,0.12269999831914902,0.12200000137090683,0.12269999831914902,0,0.0,0.0
2024-08-28 12:34:00-04:00,0.12200000137090683,0.12200000137090683,0.12150000035762787,0.121799997985363,33500,0.0,0.0
2024-08-28 12:35:00-04:00,0.12129999697208405,0.12129999697208405,0.12129999697208405,0.12129999697208405,20500,0.0,0.0
2024-08-28 12:40:00-04:00,0.12120000272989273,0.12120000272989273,0.12120000272989273,0.12120000272989273,44550,0.0,0.0
2024-08-28 12:41:00-04:00,0.12290000170469284,0.12290000170469284,0.12290000170469284,0.12290000170469284,0,0.0,0.0
2024-08-28 12:43:00-04:00,0.12129999697208405,0.12129999697208405,0.12129999697208405,0.12129999697208405,610,0.0,0.0
2024-08-28 12:44:00-04:00,0.12129999697208405,0.12129999697208405,0.12129999697208405,0.12129999697208405,2900,0.0,0.0
2024-08-28 12:45:00-04:00,0.12129999697208405,0.12210000306367874,0.12129999697208405,0.12129999697208405,60700,0.0,0.0
2024-08-28 12:46:00-04:00,0.12129999697208405,0.12129999697208405,0.12129999697208405,0.12129999697208405,650,0.0,0.0
2024-08-28 12:47:00-04:00,0.12129999697208405,0.12129999697208405,0.12129999697208405,0.12129999697208405,9000,0.0,0.0
2024-08-28 12:48:00-04:00,0.12210000306367874,0.12210000306367874,0.12210000306367874,0.12210000306367874,5065,0.0,0.0
2024-08-28 12:52:00-04:00,0.12120000272989273,0.12120000272989273,0.12120000272989273,0.12120000272989273,20950,0.0,0.0
2024-08-28 12:57:00-04:00,0.12120000272989273,0.12120000272989273,0.12120000272989273,0.12120000272989273,8907,0.0,0.0
2024-08-28 13:02:00-04:00,0.12120000272989273,0.12120000272989273,0.12120000272989273,0.12120000272989273,26176,0.0,0.0
2024-08-28 13:03:00-04:00,0.12099999934434891,0.12189999967813492,0.12099999934434891,0.12099999934434891,9884,0.0,0.0
2024-08-28 13:04:00-04:00,0.12150000035762787,0.12150000035762787,0.12150000035762787,0.12150000035762787,0,0.0,0.0
2024-08-28 13:05:00-04:00,0.12099999934434891,0.12099999934434891,0.12099999934434891,0.12099999934434891,1910,0.0,0.0
2024-08-28 13:11:00-04:00,0.12099999934434891,0.12099999934434891,0.12099999934434891,0.12099999934434891,2003,0.0,0.0
2024-08-28 13:14:00-04:00,0.12099999934434891,0.12099999934434891,0.12099999934434891,0.12099999934434891,4728,0.0,0.0
2024-08-28 13:17:00-04:00,0.12189999967813492,0.12280000001192093,0.12189999967813492,0.12280000001192093,39608,0.0,0.0
2024-08-28 13:18:00-04:00,0.12120000272989273,0.12150000035762787,0.12120000272989273,0.12150000035762787,5782,0.0,0.0
2024-08-28 13:19:00-04:00,0.12280000001192093,0.12280000001192093,0.12280000001192093,0.12280000001192093,900,0.0,0.0
2024-08-28 13:21:00-04:00,0.12150000035762787,0.12150000035762787,0.12150000035762787,0.12150000035762787,0,0.0,0.0
2024-08-28 13:22:00-04:00,0.12189999967813492,0.12189999967813492,0.12189999967813492,0.12189999967813492,3267,0.0,0.0
2024-08-28 13:26:00-04:00,0.12200000137090683,0.12200000137090683,0.12200000137090683,0.12200000137090683,1104,0.0,0.0
2024-08-28 13:28:00-04:00,0.12240000069141388,0.12280000001192093,0.12240000069141388,0.12280000001192093,5327,0.0,0.0
2024-08-28 13:29:00-04:00,0.12280000001192093,0.12280000001192093,0.12280000001192093,0.12280000001192093,10300,0.0,0.0
2024-08-28 13:30:00-04:00,0.12240000069141388,0.12280000001192093,0.12240000069141388,0.12280000001192093,600,0.0,0.0
2024-08-28 13:31:00-04:00,0.12250000238418579,0.12269999831914902,0.12250000238418579,0.12269999831914902,2115,0.0,0.0
2024-08-28 13:33:00-04:00,0.12269999831914902,0.12269999831914902,0.12269999831914902,0.12269999831914902,200,0.0,0.0
2024-08-28 13:34:00-04:00,0.12240000069141388,0.12269999831914902,0.12210000306367874,0.12210000306367874,16307,0.0,0.0
2024-08-28 13:35:00-04:00,0.12210000306367874,0.12210000306367874,0.12210000306367874,0.12210000306367874,15358,0.0,0.0
2024-08-28 13:37:00-04:00,0.12210000306367874,0.12210000306367874,0.12210000306367874,0.12210000306367874,0,0.0,0.0
2024-08-28 13:38:00-04:00,0.12250000238418579,0.12250000238418579,0.12250000238418579,0.12250000238418579,45290,0.0,0.0
2024-08-28 13:41:00-04:00,0.12210000306367874,0.12210000306367874,0.12210000306367874,0.12210000306367874,0,0.0,0.0
2024-08-28 13:44:00-04:00,0.12250000238418579,0.12250000238418579,0.12250000238418579,0.12250000238418579,5200,0.0,0.0
2024-08-28 13:49:00-04:00,0.12210000306367874,0.12210000306367874,0.12210000306367874,0.12210000306367874,0,0.0,0.0
2024-08-28 13:53:00-04:00,0.12240000069141388,0.12240000069141388,0.12229999899864197,0.12229999899864197,9290,0.0,0.0
2024-08-28 14:00:00-04:00,0.12229999899864197,0.12229999899864197,0.12229999899864197,0.12229999899864197,1317,0.0,0.0
2024-08-28 14:05:00-04:00,0.12210000306367874,0.12210000306367874,0.12210000306367874,0.12210000306367874,300,0.0,0.0
2024-08-28 14:08:00-04:00,0.12200000137090683,0.12200000137090683,0.12099999934434891,0.12099999934434891,47065,0.0,0.0
2024-08-28 14:11:00-04:00,0.12200000137090683,0.12200000137090683,0.12160000205039978,0.12160000205039978,29711,0.0,0.0
2024-08-28 14:15:00-04:00,0.12099999934434891,0.12160000205039978,0.12099999934434891,0.12160000205039978,15834,0.0,0.0
2024-08-28 14:16:00-04:00,0.12099999934434891,0.12210000306367874,0.12099999934434891,0.12110000103712082,11590,0.0,0.0
2024-08-28 14:18:00-04:00,0.12110000103712082,0.12110000103712082,0.12110000103712082,0.12110000103712082,9800,0.0,0.0
2024-08-28 14:20:00-04:00,0.12099999934434891,0.12210000306367874,0.12099999934434891,0.12099999934434891,16600,0.0,0.0
2024-08-28 14:21:00-04:00,0.12099999934434891,0.12099999934434891,0.12099999934434891,0.12099999934434891,10300,0.0,0.0
2024-08-28 14:23:00-04:00,0.12099999934434891,0.12099999934434891,0.12099999934434891,0.12099999934434891,0,0.0,0.0
2024-08-28 14:24:00-04:00,0.12099999934434891,0.12099999934434891,0.12099999934434891,0.12099999934434891,1300,0.0,0.0
2024-08-28 14:26:00-04:00,0.12099999934434891,0.12099999934434891,0.12099999934434891,0.12099999934434891,2266,0.0,0.0
2024-08-28 14:27:00-04:00,0.12099999934434891,0.12099999934434891,0.12099999934434891,0.12099999934434891,1100,0.0,0.0
2024-08-28 14:28:00-04:00,0.12210000306367874,0.12210000306367874,0.12210000306367874,0.12210000306367874,7300,0.0,0.0
2024-08-28 14:33:00-04:00,0.12099999934434891,0.12099999934434891,0.12099999934434891,0.12099999934434891,900,0.0,0.0
2024-08-28 14:35:00-04:00,0.12210000306367874,0.12210000306367874,0.12200000137090683,0.12210000306367874,2351,0.0,0.0
2024-08-28 14:36:00-04:00,0.12200000137090683,0.12210000306367874,0.12200000137090683,0.12210000306367874,10761,0.0,0.0
2024-08-28 14:37:00-04:00,0.12210000306367874,0.12210000306367874,0.12210000306367874,0.12210000306367874,1400,0.0,0.0
2024-08-28 14:41:00-04:00,0.12200000137090683,0.12200000137090683,0.12200000137090683,0.12200000137090683,0,0.0,0.0
2024-08-28 14:42:00-04:00,0.12200000137090683,0.12200000137090683,0.12200000137090683,0.12200000137090683,100,0.0,0.0
2024-08-28 14:49:00-04:00,0.12110000103712082,0.12110000103712082,0.12110000103712082,0.12110000103712082,1077,0.0,0.0
2024-08-28 14:50:00-04:00,0.12110000103712082,0.12110000103712082,0.12110000103712082,0.12110000103712082,203,0.0,0.0
2024-08-28 14:51:00-04:00,0.12110000103712082,0.12110000103712082,0.12110000103712082,0.12110000103712082,500,0.0,0.0
2024-08-28 14:52:00-04:00,0.12099999934434891,0.12099999934434891,0.12099999934434891,0.12099999934434891,2000,0.0,0.0
2024-08-28 14:53:00-04:00,0.12110000103712082,0.12200000137090683,0.12110000103712082,0.12200000137090683,7868,0.0,0.0
2024-08-28 14:54:00-04:00,0.12110000103712082,0.12110000103712082,0.12110000103712082,0.12110000103712082,0,0.0,0.0
2024-08-28 14:55:00-04:00,0.12200000137090683,0.12200000137090683,0.12200000137090683,0.12200000137090683,4997,0.0,0.0
2024-08-28 14:56:00-04:00,0.12200000137090683,0.12200000137090683,0.12200000137090683,0.12200000137090683,1050,0.0,0.0
2024-08-28 15:05:00-04:00,0.12110000103712082,0.12110000103712082,0.12110000103712082,0.12110000103712082,550,0.0,0.0
2024-08-28 15:06:00-04:00,0.12110000103712082,0.12110000103712082,0.12110000103712082,0.12110000103712082,150,0.0,0.0
2024-08-28 15:07:00-04:00,0.12139999866485596,0.12139999866485596,0.12099999934434891,0.12099999934434891,1600,0.0,0.0
2024-08-28 15:09:00-04:00,0.12129999697208405,0.1216999962925911,0.12129999697208405,0.1216999962925911,8451,0.0,0.0
2024-08-28 15:11:00-04:00,0.12290000170469284,0.12290000170469284,0.12290000170469284,0.12290000170469284,1944,0.0,0.0
2024-08-28 15:15:00-04:00,0.12210000306367874,0.12280000001192093,0.12200000137090683,0.12269999831914902,1000,0.0,0.0
2024-08-28 15:20:00-04:00,0.12200000137090683,0.12269999831914902,0.12200000137090683,0.12269999831914902,10700,0.0,0.0
2024-08-28 15:21:00-04:00,0.12240000069141388,0.12240000069141388,0.12189999967813492,0.12189999967813492,0,0.0,0.0
2024-08-28 15:23:00-04:00,0.12189999967813492,0.12189999967813492,0.12189999967813492,0.12189999967813492,800,0.0,0.0
2024-08-28 15:26:00-04:00,0.12139999866485596,0.12139999866485596,0.12139999866485596,0.12139999866485596,2212,0.0,0.0
2024-08-28 15:28:00-04:00,0.12120000272989273,0.12120000272989273,0.12120000272989273,0.12120000272989273,805,0.0,0.0
2024-08-28 15:29:00-04:00,0.12110000103712082,0.12110000103712082,0.12110000103712082,0.12110000103712082,300,0.0,0.0
2024-08-28 15:30:00-04:00,0.12189999967813492,0.12269999831914902,0.121799997985363,0.12269999831914902,8200,0.0,0.0
2024-08-28 15:32:00-04:00,0.12110000103712082,0.12269999831914902,0.12110000103712082,0.12110000103712082,7000,0.0,0.0
2024-08-28 15:36:00-04:00,0.12110000103712082,0.12110000103712082,0.12110000103712082,0.12110000103712082,610,0.0,0.0
2024-08-28 15:38:00-04:00,0.12150000035762787,0.12150000035762787,0.12150000035762787,0.12150000035762787,400,0.0,0.0
2024-08-28 15:40:00-04:00,0.1216999962925911,0.1216999962925911,0.12150000035762787,0.12150000035762787,1000,0.0,0.0
2024-08-28 15:45:00-04:00,0.12150000035762787,0.12150000035762787,0.12120000272989273,0.12120000272989273,11700,0.0,0.0
2024-08-28 15:46:00-04:00,0.12120000272989273,0.12150000035762787,0.12120000272989273,0.12150000035762787,300,0.0,0.0
2024-08-28 15:47:00-04:00,0.1225999966263771,0.12389999628067017,0.12120000272989273,0.12210000306367874,22827,0.0,0.0
2024-08-28 15:48:00-04:00,0.12349999696016312,0.12349999696016312,0.12349999696016312,0.12349999696016312,3528,0.0,0.0
2024-08-28 15:50:00-04:00,0.12399999797344208,0.12399999797344208,0.12120000272989273,0.12120000272989273,4149,0.0,0.0
2024-08-28 15:51:00-04:00,0.12240000069141388,0.12330000102519989,0.1216999962925911,0.1216999962925911,27675,0.0,0.0
2024-08-28 15:52:00-04:00,0.1216999962925911,0.1216999962925911,0.1216999962925911,0.1216999962925911,300,0.0,0.0
2024-08-28 15:53:00-04:00,0.1216999962925911,0.1216999962925911,0.1216999962925911,0.1216999962925911,200,0.0,0.0
2024-08-28 15:54:00-04:00,0.1216999962925911,0.1216999962925911,0.1216999962925911,0.1216999962925911,300,0.0,0.0
2024-08-28 15:55:00-04:00,0.1216999962925911,0.12399999797344208,0.1216999962925911,0.12399999797344208,2230,0.0,0.0
2024-08-28 15:57:00-04:00,0.12200000137090683,0.12200000137090683,0.12200000137090683,0.12200000137090683,642,0.0,0.0
2024-08-28 15:58:00-04:00,0.12200000137090683,0.125,0.12200000137090683,0.12370000034570694,56452,0.0,0.0
2024-08-28 15:59:00-04:00,0.12290000170469284,0.12290000170469284,0.12290000170469284,0.12290000170469284,0,0.0,0.0
2024-08-29 09:30:00-04:00,0.12300000339746475,0.12300000339746475,0.12300000339746475,0.12300000339746475,40735,0.0,0.0
2024-08-29 09:33:00-04:00,0.12300000339746475,0.12300000339746475,0.12300000339746475,0.12300000339746475,1777,0.0,0.0
2024-08-29 09:36:00-04:00,0.12290000170469284,0.12290000170469284,0.12290000170469284,0.12290000170469284,5718,0.0,0.0
2024-08-29 09:44:00-04:00,0.12290000170469284,0.12290000170469284,0.12290000170469284,0.12290000170469284,300,0.0,0.0
2024-08-29 09:46:00-04:00,0.12290000170469284,0.12290000170469284,0.12290000170469284,0.12290000170469284,2900,0.0,0.0
2024-08-29 09:47:00-04:00,0.12770000100135803,0.12770000100135803,0.12290000170469284,0.12290000170469284,1410,0.0,0.0
2024-08-29 09:49:00-04:00,0.12300000339746475,0.12300000339746475,0.12300000339746475,0.12300000339746475,140,0.0,0.0
2024-08-29 09:52:00-04:00,0.12359999865293503,0.12359999865293503,0.12300000339746475,0.12300000339746475,1042,0.0,0.0
2024-08-29 09:55:00-04:00,0.12540000677108765,0.12540000677108765,0.12540000677108765,0.12540000677108765,100,0.0,0.0
2024-08-29 09:56:00-04:00,0.12770000100135803,0.12770000100135803,0.12300000339746475,0.12300000339746475,3930,0.0,0.0
2024-08-29 10:00:00-04:00,0.12349999696016312,0.12349999696016312,0.12349999696016312,0.12349999696016312,163,0.0,0.0
2024-08-29 10:02:00-04:00,0.12309999763965607,0.12620000541210175,0.12290000170469284,0.12290000170469284,32710,0.0,0.0
2024-08-29 10:04:00-04:00,0.1266999989748001,0.1266999989748001,0.1266999989748001,0.1266999989748001,0,0.0,0.0
2024-08-29 10:05:00-04:00,0.12300000339746475,0.12300000339746475,0.12300000339746475,0.12300000339746475,0,0.0,0.0
2024-08-29 10:16:00-04:00,0.12479999661445618,0.125,0.12479999661445618,0.125,400,0.0,0.0
2024-08-29 10:18:00-04:00,0.1265999972820282,0.1265999972820282,0.1265999972820282,0.1265999972820282,2140,0.0,0.0
2024-08-29 10:20:00-04:00,0.1265999972820282,0.1265999972820282,0.1265999972820282,0.1265999972820282,1003,0.0,0.0
2024-08-29 10:23:00-04:00,0.125,0.125,0.125,0.125,300,0.0,0.0
2024-08-29 10:25:00-04:00,0.12489999830722809,0.12489999830722809,0.12489999830722809,0.12489999830722809,9776,0.0,0.0
2024-08-29 10:28:00-04:00,0.12399999797344208,0.125,0.12399999797344208,0.12449999898672104,5307,0.0,0.0
2024-08-29 10:30:00-04:00,0.12399999797344208,0.12399999797344208,0.12399999797344208,0.12399999797344208,630,0.0,0.0
2024-08-29 10:31:00-04:00,0.12479999661445618,0.125,0.1242000013589859,0.12460000067949295,1200,0.0,0.0
2024-08-29 10:33:00-04:00,0.125,0.12630000710487366,0.125,0.12630000710487366,10154,0.0,0.0
2024-08-29 10:41:00-04:00,0.125,0.125,0.125,0.125,8850,0.0,0.0
2024-08-29 10:43:00-04:00,0.1234000027179718,0.125,0.1234000027179718,0.125,1200,0.0,0.0
2024-08-29 10:48:00-04:00,0.125,0.125,0.12460000067949295,0.12460000067949295,1400,0.0,0.0
2024-08-29 10:49:00-04:00,0.12449999898672104,0.12460000067949295,0.12399999797344208,0.12460000067949295,6002,0.0,0.0
2024-08-29 10:50:00-04:00,0.12610000371932983,0.12610000371932983,0.12610000371932983,0.12610000371932983,5208,0.0,0.0
2024-08-29 10:53:00-04:00,0.12389999628067017,0.12389999628067017,0.12389999628067017,0.12389999628067017,464,0.0,0.0
2024-08-29 11:08:00-04:00,0.1265999972820282,0.1265999972820282,0.1265999972820282,0.1265999972820282,737,0.0,0.0
2024-08-29 11:19:00-04:00,0.12489999830722809,0.12489999830722809,0.12489999830722809,0.12489999830722809,1164,0.0,0.0
2024-08-29 11:22:00-04:00,0.12370000034570694,0.12370000034570694,0.1234000027179718,0.1234000027179718,2351,0.0,0.0
2024-08-29 11:23:00-04:00,0.12349999696016312,0.12359999865293503,0.1234000027179718,0.12359999865293503,16076,0.0,0.0
2024-08-29 11:35:00-04:00,0.12359999865293503,0.12359999865293503,0.12359999865293503,0.12359999865293503,6905,0.0,0.0
2024-08-29 11:40:00-04:00,0.12359999865293503,0.12359999865293503,0.12359999865293503,0.12359999865293503,200,0.0,0.0
2024-08-29 11:42:00-04:00,0.12349999696016312,0.12359999865293503,0.12349999696016312,0.12359999865293503,2020,0.0,0.0
2024-08-29 11:48:00-04:00,0.1234000027179718,0.1234000027179718,0.1234000027179718,0.1234000027179718,632,0.0,0.0
2024-08-29 12:08:00-04:00,0.12489999830722809,0.12489999830722809,0.12489999830722809,0.12489999830722809,2944,0.0,0.0
2024-08-29 12:17:00-04:00,0.12489999830722809,0.12489999830722809,0.12489999830722809,0.12489999830722809,0,0.0,0.0
2024-08-29 12:29:00-04:00,0.12639999389648438,0.12639999389648438,0.12639999389648438,0.12639999389648438,7902,0.0,0.0
2024-08-29 12:30:00-04:00,0.12639999389648438,0.12639999389648438,0.12639999389648438,0.12639999389648438,0,0.0,0.0
2024-08-29 12:31:00-04:00,0.12489999830722809,0.12489999830722809,0.12489999830722809,0.12489999830722809,1219,0.0,0.0
2024-08-29 12:32:00-04:00,0.12399999797344208,0.12399999797344208,0.12399999797344208,0.12399999797344208,832,0.0,0.0
2024-08-29 12:35:00-04:00,0.12399999797344208,0.12399999797344208,0.12399999797344208,0.12399999797344208,0,0.0,0.0
2024-08-29 12:40:00-04:00,0.12449999898672104,0.12449999898672104,0.12449999898672104,0.12449999898672104,0,0.0,0.0
2024-08-29 12:41:00-04:00,0.12449999898672104,0.12639999389648438,0.12449999898672104,0.12639999389648438,14270,0.0,0.0
2024-08-29 12:44:00-04:00,0.12489999830722809,0.12489999830722809,0.12489999830722809,0.12489999830722809,202,0.0,0.0
2024-08-29 12:47:00-04:00,0.1251000016927719,0.1251000016927719,0.125,0.125,1000,0.0,0.0
2024-08-29 12:48:00-04:00,0.12639999389648438,0.12639999389648438,0.12639999389648438,0.12639999389648438,301,0.0,0.0
2024-08-29 12:52:00-04:00,0.125,0.1256999969482422,0.12370000034570694,0.12370000034570694,50200,0.0,0.0
2024-08-29 12:54:00-04:00,0.125,0.125,0.125,0.125,3731,0.0,0.0
2024-08-29 13:07:00-04:00,0.12549999356269836,0.12549999356269836,0.12549999356269836,0.12549999356269836,2624,0.0,0.0
2024-08-29 13:22:00-04:00,0.12449999898672104,0.1265999972820282,0.12449999898672104,0.12630000710487366,74157,0.0,0.0
2024-08-29 13:23:00-04:00,0.1264999955892563,0.1264999955892563,0.12620000541210175,0.12620000541210175,1948,0.0,0.0
2024-08-29 13:25:00-04:00,0.1251000016927719,0.12620000541210175,0.1251000016927719,0.12620000541210175,410,0.0,0.0
2024-08-29 13:29:00-04:00,0.1251000016927719,0.12620000541210175,0.1251000016927719,0.12620000541210175,3900,0.0,0.0
2024-08-29 13:31:00-04:00,0.1251000016927719,0.1251000016927719,0.12399999797344208,0.12399999797344208,19114,0.0,0.0
2024-08-29 13:54:00-04:00,0.12610000371932983,0.12620000541210175,0.12540000677108765,0.12620000541210175,10150,0.0,0.0
2024-08-29 14:10:00-04:00,0.12549999356269836,0.12549999356269836,0.12549999356269836,0.12549999356269836,583,0.0,0.0
2024-08-29 14:12:00-04:00,0.1265999972820282,0.1265999972820282,0.12559999525547028,0.1265999972820282,19516,0.0,0.0
2024-08-29 14:13:00-04:00,0.12639999389648438,0.12639999389648438,0.12639999389648438,0.12639999389648438,0,0.0,0.0
2024-08-29 14:14:00-04:00,0.1265999972820282,0.1265999972820282,0.1257999986410141,0.1257999986410141,12995,0.0,0.0
2024-08-29 14:22:00-04:00,0.1257999986410141,0.1257999986410141,0.1257999986410141,0.1257999986410141,883,0.0,0.0
2024-08-29 14:33:00-04:00,0.1257999986410141,0.1257999986410141,0.1257999986410141,0.1257999986410141,446,0.0,0.0
2024-08-29 14:46:00-04:00,0.12610000371932983,0.12610000371932983,0.1257999986410141,0.1257999986410141,2800,0.0,0.0
2024-08-29 14:47:00-04:00,0.125900000333786,0.1266999989748001,0.1251000016927719,0.1251000016927719,39997,0.0,0.0
2024-08-29 14:55:00-04:00,0.12520000338554382,0.1266999989748001,0.12520000338554382,0.12639999389648438,17401,0.0,0.0
2024-08-29 15:00:00-04:00,0.12639999389648438,0.12639999389648438,0.12639999389648438,0.12639999389648438,1650,0.0,0.0
2024-08-29 15:01:00-04:00,0.12639999389648438,0.12639999389648438,0.12610000371932983,0.12630000710487366,11205,0.0,0.0
2024-08-29 15:10:00-04:00,0.1251000016927719,0.1251000016927719,0.1251000016927719,0.1251000016927719,2075,0.0,0.0
2024-08-29 15:12:00-04:00,0.1251000016927719,0.12520000338554382,0.1251000016927719,0.12520000338554382,486,0.0,0.0
2024-08-29 15:17:00-04:00,0.1251000016927719,0.1251000016927719,0.1251000016927719,0.1251000016927719,5804,0.0,0.0
2024-08-29 15:21:00-04:00,0.12700000405311584,0.12700000405311584,0.12610000371932983,0.1264999955892563,8049,0.0,0.0
2024-08-29 15:27:00-04:00,0.12700000405311584,0.12770000100135803,0.12700000405311584,0.12770000100135803,2602,0.0,0.0
2024-08-29 15:29:00-04:00,0.12770000100135803,0.12770000100135803,0.12770000100135803,0.12770000100135803,5506,0.0,0.0
2024-08-29 15:30:00-04:00,0.12770000100135803,0.12770000100135803,0.12770000100135803,0.12770000100135803,0,0.0,0.0
2024-08-29 15:31:00-04:00,0.12540000677108765,0.12540000677108765,0.12540000677108765,0.12540000677108765,700,0.0,0.0
2024-08-29 15:45:00-04:00,0.12690000236034393,0.12690000236034393,0.12690000236034393,0.12690000236034393,0,0.0,0.0
2024-08-29 15:46:00-04:00,0.12690000236034393,0.12690000236034393,0.12690000236034393,0.12690000236034393,1500,0.0,0.0
2024-08-29 15:54:00-04:00,0.12600000202655792,0.12600000202655792,0.12600000202655792,0.12600000202655792,5014,0.0,0.0
2024-08-29 15:59:00-04:00,0.12600000202655792,0.12600000202655792,0.12520000338554382,0.12520000338554382,1156,0.0,0.0
2024-08-30 09:30:00-04:00,0.12880000472068787,0.12880000472068787,0.12710000574588776,0.12710000574588776,26571,0.0,0.0
2024-08-30 09:32:00-04:00,0.125,0.125,0.125,0.125,0,0.0,0.0
2024-08-30 09:33:00-04:00,0.125,0.125,0.125,0.125,400,0.0,0.0
2024-08-30 09:34:00-04:00,0.125,0.12919999659061432,0.125,0.125,750,0.0,0.0
2024-08-30 09:35:00-04:00,0.125,0.12919999659061432,0.125,0.12919999659061432,11379,0.0,0.0
2024-08-30 09:36:00-04:00,0.125,0.125,0.125,0.125,13900,0.0,0.0
2024-08-30 09:37:00-04:00,0.125,0.125,0.125,0.125,35343,0.0,0.0
2024-08-30 09:39:00-04:00,0.12300000339746475,0.12300000339746475,0.12300000339746475,0.12300000339746475,0,0.0,0.0
2024-08-30 09:40:00-04:00,0.12800000607967377,0.12800000607967377,0.12300000339746475,0.12300000339746475,711,0.0,0.0
2024-08-30 09:41:00-04:00,0.12300000339746475,0.125,0.12300000339746475,0.125,1000,0.0,0.0
2024-08-30 09:42:00-04:00,0.125,0.125,0.12449999898672104,0.12449999898672104,2501,0.0,0.0
2024-08-30 09:43:00-04:00,0.12449999898672104,0.12449999898672104,0.12449999898672104,0.12449999898672104,880,0.0,0.0
2024-08-30 09:44:00-04:00,0.1225999966263771,0.12300000339746475,0.1225999966263771,0.12300000339746475,2605,0.0,0.0
2024-08-30 09:45:00-04:00,0.12280000001192093,0.12280000001192093,0.12280000001192093,0.12280000001192093,7055,0.0,0.0
2024-08-30 09:47:00-04:00,0.12300000339746475,0.1273999959230423,0.12300000339746475,0.12300000339746475,478,0.0,0.0
2024-08-30 09:48:00-04:00,0.12300000339746475,0.12300000339746475,0.12300000339746475,0.12300000339746475,100,0.0,0.0
2024-08-30 09:49:00-04:00,0.12300000339746475,0.125,0.12300000339746475,0.125,400,0.0,0.0
2024-08-30 09:50:00-04:00,0.1251000016927719,0.1251000016927719,0.1251000016927719,0.1251000016927719,300,0.0,0.0
2024-08-30 09:51:00-04:00,0.1251000016927719,0.1251000016927719,0.1251000016927719,0.1251000016927719,24600,0.0,0.0
2024-08-30 09:52:00-04:00,0.1251000016927719,0.1251000016927719,0.1251000016927719,0.1251000016927719,51300,0.0,0.0
2024-08-30 09:53:00-04:00,0.125,0.125,0.1225999966263771,0.1225999966263771,0,0.0,0.0
2024-08-30 09:54:00-04:00,0.125,0.125,0.1225999966263771,0.1225999966263771,24138,0.0,0.0
2024-08-30 09:56:00-04:00,0.1225999966263771,0.1225999966263771,0.1225999966263771,0.1225999966263771,4500,0.0,0.0
2024-08-30 09:57:00-04:00,0.1225999966263771,0.1225999966263771,0.1225999966263771,0.1225999966263771,840,0.0,0.0
2024-08-30 09:58:00-04:00,0.1225999966263771,0.1225999966263771,0.1225999966263771,0.1225999966263771,1100,0.0,0.0
2024-08-30 10:01:00-04:00,0.125,0.125,0.125,0.125,5528,0.0,0.0
2024-08-30 10:04:00-04:00,0.12409999966621399,0.12449999898672104,0.12409999966621399,0.12449999898672104,406,0.0,0.0
2024-08-30 10:05:00-04:00,0.125,0.125,0.125,0.125,2329,0.0,0.0
2024-08-30 10:08:00-04:00,0.1251000016927719,0.1251000016927719,0.1251000016927719,0.1251000016927719,1106,0.0,0.0
2024-08-30 10:11:00-04:00,0.12710000574588776,0.12710000574588776,0.125,0.125,4045,0.0,0.0
2024-08-30 10:12:00-04:00,0.125,0.125,0.125,0.125,3756,0.0,0.0
2024-08-30 10:19:00-04:00,0.12300000339746475,0.12309999763965607,0.12300000339746475,0.12300000339746475,2801,0.0,0.0
2024-08-30 10:22:00-04:00,0.1282999962568283,0.1282999962568283,0.1282999962568283,0.1282999962568283,1969,0.0,0.0
2024-08-30 10:33:00-04:00,0.12370000034570694,0.12399999797344208,0.12370000034570694,0.12370000034570694,3502,0.0,0.0
2024-08-30 10:34:00-04:00,0.12370000034570694,0.12370000034570694,0.12370000034570694,0.12370000034570694,472,0.0,0.0
2024-08-30 10:38:00-04:00,0.1225999966263771,0.1225999966263771,0.1225999966263771,0.1225999966263771,2102,0.0,0.0
2024-08-30 10:45:00-04:00,0.12349999696016312,0.12349999696016312,0.12349999696016312,0.12349999696016312,2504,0.0,0.0
2024-08-30 10:49:00-04:00,0.12359999865293503,0.12399999797344208,0.12359999865293503,0.12399999797344208,3810,0.0,0.0
2024-08-30 10:53:00-04:00,0.12389999628067017,0.12389999628067017,0.12389999628067017,0.12389999628067017,1438,0.0,0.0
2024-08-30 10:54:00-04:00,0.12389999628067017,0.12389999628067017,0.12389999628067017,0.12389999628067017,951,0.0,0.0
2024-08-30 10:55:00-04:00,0.12380000203847885,0.12380000203847885,0.12380000203847885,0.12380000203847885,105,0.0,0.0
2024-08-30 11:02:00-04:00,0.12389999628067017,0.12389999628067017,0.12389999628067017,0.12389999628067017,3076,0.0,0.0
2024-08-30 11:05:00-04:00,0.12349999696016312,0.12349999696016312,0.12349999696016312,0.12349999696016312,951,0.0,0.0
2024-08-30 11:07:00-04:00,0.12389999628067017,0.12389999628067017,0.12389999628067017,0.12389999628067017,1005,0.0,0.0
2024-08-30 11:08:00-04:00,0.12389999628067017,0.12389999628067017,0.12389999628067017,0.12389999628067017,278,0.0,0.0
2024-08-30 11:09:00-04:00,0.12399999797344208,0.12399999797344208,0.12399999797344208,0.12399999797344208,7400,0.0,0.0
2024-08-30 11:24:00-04:00,0.12309999763965607,0.12309999763965607,0.12309999763965607,0.12309999763965607,4001,0.0,0.0
2024-08-30 11:34:00-04:00,0.12540000677108765,0.12540000677108765,0.12540000677108765,0.12540000677108765,7633,0.0,0.0
2024-08-30 11:36:00-04:00,0.12540000677108765,0.12540000677108765,0.12540000677108765,0.12540000677108765,0,0.0,0.0
2024-08-30 11:37:00-04:00,0.12540000677108765,0.12540000677108765,0.12540000677108765,0.12540000677108765,24,0.0,0.0
2024-08-30 11:38:00-04:00,0.12540000677108765,0.12540000677108765,0.12399999797344208,0.12399999797344208,580,0.0,0.0
2024-08-30 11:39:00-04:00,0.12399999797344208,0.12399999797344208,0.12300000339746475,0.12300000339746475,45296,0.0,0.0
2024-08-30 11:40:00-04:00,0.12150000035762787,0.12150000035762787,0.1177000030875206,0.1177000030875206,134729,0.0,0.0
2024-08-30 11:41:00-04:00,0.12300000339746475,0.12300000339746475,0.1177000030875206,0.1177000030875206,1300,0.0,0.0
2024-08-30 11:42:00-04:00,0.12250000238418579,0.12250000238418579,0.12250000238418579,0.12250000238418579,4700,0.0,0.0
2024-08-30 11:43:00-04:00,0.1225999966263771,0.1225999966263771,0.12039999663829803,0.12039999663829803,13652,0.0,0.0
2024-08-30 11:44:00-04:00,0.12039999663829803,0.12039999663829803,0.12039999663829803,0.12039999663829803,2974,0.0,0.0
2024-08-30 11:47:00-04:00,0.12049999833106995,0.12049999833106995,0.12049999833106995,0.12049999833106995,3114,0.0,0.0
2024-08-30 11:49:00-04:00,0.121799997985363,0.12300000339746475,0.121799997985363,0.121799997985363,7721,0.0,0.0
2024-08-30 11:50:00-04:00,0.121799997985363,0.125,0.121799997985363,0.125,35800,0.0,0.0
2024-08-30 11:51:00-04:00,0.125,0.125,0.125,0.125,6500,0.0,0.0
2024-08-30 11:55:00-04:00,0.12280000001192093,0.12280000001192093,0.12280000001192093,0.12280000001192093,0,0.0,0.0
2024-08-30 11:56:00-04:00,0.12280000001192093,0.12280000001192093,0.12280000001192093,0.12280000001192093,5109,0.0,0.0
2024-08-30 11:57:00-04:00,0.12280000001192093,0.12280000001192093,0.12280000001192093,0.12280000001192093,300,0.0,0.0
2024-08-30 11:58:00-04:00,0.12280000001192093,0.12280000001192093,0.12280000001192093,0.12280000001192093,300,0.0,0.0
2024-08-30 12:03:00-04:00,0.12300000339746475,0.12300000339746475,0.12300000339746475,0.12300000339746475,9372,0.0,0.0
2024-08-30 12:09:00-04:00,0.12099999934434891,0.12099999934434891,0.12099999934434891,0.12099999934434891,5575,0.0,0.0
2024-08-30 12:17:00-04:00,0.12110000103712082,0.12110000103712082,0.12110000103712082,0.12110000103712082,200,0.0,0.0
2024-08-30 12:18:00-04:00,0.12129999697208405,0.12129999697208405,0.12110000103712082,0.12110000103712082,1755,0.0,0.0
2024-08-30 12:22:00-04:00,0.12110000103712082,0.12110000103712082,0.12110000103712082,0.12110000103712082,17969,0.0,0.0
2024-08-30 12:29:00-04:00,0.12439999729394913,0.12439999729394913,0.12439999729394913,0.12439999729394913,1604,0.0,0.0
2024-08-30 12:31:00-04:00,0.12280000001192093,0.12280000001192093,0.12280000001192093,0.12280000001192093,3298,0.0,0.0
2024-08-30 12:33:00-04:00,0.12099999934434891,0.12110000103712082,0.12099999934434891,0.12110000103712082,1700,0.0,0.0
2024-08-30 12:39:00-04:00,0.12110000103712082,0.12110000103712082,0.12049999833106995,0.12049999833106995,17326,0.0,0.0
2024-08-30 12:41:00-04:00,0.12070000171661377,0.12070000171661377,0.12070000171661377,0.12070000171661377,600,0.0,0.0
2024-08-30 12:42:00-04:00,0.12070000171661377,0.12070000171661377,0.11999999731779099,0.12049999833106995,22374,0.0,0.0
2024-08-30 12:43:00-04:00,0.12049999833106995,0.12060000002384186,0.12049999833106995,0.12060000002384186,1661,0.0,0.0
2024-08-30 12:44:00-04:00,0.12200000137090683,0.12210000306367874,0.12200000137090683,0.12210000306367874,1685,0.0,0.0
2024-08-30 12:47:00-04:00,0.12200000137090683,0.12200000137090683,0.12200000137090683,0.12200000137090683,1030,0.0,0.0
2024-08-30 12:48:00-04:00,0.12210000306367874,0.12210000306367874,0.12210000306367874,0.12210000306367874,450,0.0,0.0
2024-08-30 12:51:00-04:00,0.12200000137090683,0.12200000137090683,0.12200000137090683,0.12200000137090683,800,0.0,0.0
2024-08-30 12:52:00-04:00,0.12269999831914902,0.12269999831914902,0.12269999831914902,0.12269999831914902,0,0.0,0.0
2024-08-30 12:56:00-04:00,0.12349999696016312,0.12349999696016312,0.12349999696016312,0.12349999696016312,5501,0.0,0.0
2024-08-30 12:59:00-04:00,0.12380000203847885,0.12380000203847885,0.12380000203847885,0.12380000203847885,600,0.0,0.0
2024-08-30 13:00:00-04:00,0.12300000339746475,0.12300000339746475,0.12300000339746475,0.12300000339746475,401,0.0,0.0
2024-08-30 13:02:00-04:00,0.12300000339746475,0.12300000339746475,0.12300000339746475,0.12300000339746475,1100,0.0,0.0
2024-08-30 13:04:00-04:00,0.12060000002384186,0.12229999899864197,0.12060000002384186,0.12229999899864197,4500,0.0,0.0
2024-08-30 13:07:00-04:00,0.120899997651577,0.12099999934434891,0.12049999833106995,0.12049999833106995,3050,0.0,0.0
2024-08-30 13:09:00-04:00,0.120899997651577,0.12099999934434891,0.120899997651577,0.120899997651577,1939,0.0,0.0
2024-08-30 13:12:00-04:00,0.12080000340938568,0.120899997651577,0.12080000340938568,0.120899997651577,2000,0.0,0.0
2024-08-30 13:17:00-04:00,0.12070000171661377,0.12080000340938568,0.12070000171661377,0.12080000340938568,1100,0.0,0.0
2024-08-30 13:18:00-04:00,0.12080000340938568,0.12080000340938568,0.12080000340938568,0.12080000340938568,400,0.0,0.0
2024-08-30 13:19:00-04:00,0.12080000340938568,0.12080000340938568,0.12080000340938568,0.12080000340938568,400,0.0,0.0
2024-08-30 13:20:00-04:00,0.12080000340938568,0.12080000340938568,0.12080000340938568,0.12080000340938568,9300,0.0,0.0
2024-08-30 13:21:00-04:00,0.12080000340938568,0.12080000340938568,0.12080000340938568,0.12080000340938568,3083,0.0,0.0
2024-08-30 13:22:00-04:00,0.12080000340938568,0.12099999934434891,0.12080000340938568,0.12099999934434891,25700,0.0,0.0
2024-08-30 13:23:00-04:00,0.12269999831914902,0.12269999831914902,0.12269999831914902,0.12269999831914902,0,0.0,0.0
2024-08-30 13:29:00-04:00,0.12110000103712082,0.12309999763965607,0.12099999934434891,0.12309999763965607,21809,0.0,0.0
2024-08-30 13:40:00-04:00,0.12099999934434891,0.12250000238418579,0.12099999934434891,0.12250000238418579,3366,0.0,0.0
2024-08-30 13:47:00-04:00,0.12110000103712082,0.12110000103712082,0.12110000103712082,0.12110000103712082,228,0.0,0.0
2024-08-30 13:48:00-04:00,0.12099999934434891,0.12099999934434891,0.12099999934434891,0.12099999934434891,4206,0.0,0.0
2024-08-30 13:55:00-04:00,0.12080000340938568,0.12080000340938568,0.12080000340938568,0.12080000340938568,955,0.0,0.0
2024-08-30 13:57:00-04:00,0.12060000002384186,0.12240000069141388,0.12060000002384186,0.12240000069141388,25045,0.0,0.0
2024-08-30 13:58:00-04:00,0.12240000069141388,0.12250000238418579,0.1200999990105629,0.12060000002384186,2900,0.0,0.0
2024-08-30 14:02:00-04:00,0.12070000171661377,0.12070000171661377,0.12070000171661377,0.12070000171661377,1500,0.0,0.0
2024-08-30 14:04:00-04:00,0.12060000002384186,0.12060000002384186,0.12060000002384186,0.12060000002384186,605,0.0,0.0
2024-08-30 14:05:00-04:00,0.12060000002384186,0.12060000002384186,0.12060000002384186,0.12060000002384186,2782,0.0,0.0
2024-08-30 14:09:00-04:00,0.12070000171661377,0.12070000171661377,0.12070000171661377,0.12070000171661377,2889,0.0,0.0
2024-08-30 14:18:00-04:00,0.12160000205039978,0.12200000137090683,0.12160000205039978,0.12200000137090683,4040,0.0,0.0
2024-08-30 14:19:00-04:00,0.12160000205039978,0.12160000205039978,0.12160000205039978,0.12160000205039978,100,0.0,0.0
2024-08-30 14:28:00-04:00,0.12229999899864197,0.12229999899864197,0.12229999899864197,0.12229999899864197,5100,0.0,0.0
2024-08-30 14:32:00-04:00,0.12240000069141388,0.12349999696016312,0.12229999899864197,0.12290000170469284,8473,0.0,0.0
2024-08-30 14:33:00-04:00,0.12269999831914902,0.12269999831914902,0.12269999831914902,0.12269999831914902,0,0.0,0.0
2024-08-30 14:34:00-04:00,0.12229999899864197,0.12240000069141388,0.12229999899864197,0.12240000069141388,260,0.0,0.0
2024-08-30 14:36:00-04:00,0.12290000170469284,0.12290000170469284,0.12290000170469284,0.12290000170469284,12770,0.0,0.0
2024-08-30 14:39:00-04:00,0.12290000170469284,0.12290000170469284,0.12290000170469284,0.12290000170469284,0,0.0,0.0
2024-08-30 14:40:00-04:00,0.12229999899864197,0.12229999899864197,0.12229999899864197,0.12229999899864197,200,0.0,0.0
2024-08-30 14:41:00-04:00,0.12099999934434891,0.12099999934434891,0.12099999934434891,0.12099999934434891,917,0.0,0.0
2024-08-30 14:45:00-04:00,0.12099999934434891,0.12099999934434891,0.12099999934434891,0.12099999934434891,1600,0.0,0.0
2024-08-30 14:47:00-04:00,0.12099999934434891,0.12099999934434891,0.12099999934434891,0.12099999934434891,2900,0.0,0.0
2024-08-30 14:52:00-04:00,0.12349999696016312,0.12349999696016312,0.12349999696016312,0.12349999696016312,0,0.0,0.0
2024-08-30 15:00:00-04:00,0.12229999899864197,0.12229999899864197,0.12229999899864197,0.12229999899864197,5028,0.0,0.0
2024-08-30 15:01:00-04:00,0.12110000103712082,0.12110000103712082,0.12110000103712082,0.12110000103712082,100,0.0,0.0
2024-08-30 15:02:00-04:00,0.12110000103712082,0.12110000103712082,0.12110000103712082,0.12110000103712082,2827,0.0,0.0
2024-08-30 15:05:00-04:00,0.12110000103712082,0.12110000103712082,0.12110000103712082,0.12110000103712082,615,0.0,0.0
2024-08-30 15:06:00-04:00,0.12060000002384186,0.12060000002384186,0.12060000002384186,0.12060000002384186,300,0.0,0.0
2024-08-30 15:08:00-04:00,0.12060000002384186,0.12060000002384186,0.12060000002384186,0.12060000002384186,900,0.0,0.0
2024-08-30 15:10:00-04:00,0.12070000171661377,0.12070000171661377,0.12060000002384186,0.12060000002384186,935,0.0,0.0
2024-08-30 15:13:00-04:00,0.12060000002384186,0.12060000002384186,0.12020000070333481,0.12020000070333481,1300,0.0,0.0
2024-08-30 15:17:00-04:00,0.12039999663829803,0.12039999663829803,0.12039999663829803,0.12039999663829803,2100,0.0,0.0
2024-08-30 15:18:00-04:00,0.12039999663829803,0.12039999663829803,0.12039999663829803,0.12039999663829803,1213,0.0,0.0
2024-08-30 15:19:00-04:00,0.12039999663829803,0.1234000027179718,0.12039999663829803,0.1234000027179718,1087,0.0,0.0
2024-08-30 15:20:00-04:00,0.12020000070333481,0.12020000070333481,0.12020000070333481,0.12020000070333481,351,0.0,0.0
2024-08-30 15:21:00-04:00,0.121799997985363,0.1234000027179718,0.121799997985363,0.1234000027179718,11000,0.0,0.0
2024-08-30 15:25:00-04:00,0.12030000239610672,0.12030000239610672,0.12030000239610672,0.12030000239610672,300,0.0,0.0
2024-08-30 15:26:00-04:00,0.12030000239610672,0.12030000239610672,0.12030000239610672,0.12030000239610672,1500,0.0,0.0
2024-08-30 15:27:00-04:00,0.12030000239610672,0.12039999663829803,0.12030000239610672,0.12030000239610672,800,0.0,0.0
2024-08-30 15:28:00-04:00,0.12030000239610672,0.12030000239610672,0.12020000070333481,0.12030000239610672,20650,0.0,0.0
2024-08-30 15:29:00-04:00,0.1200999990105629,0.12020000070333481,0.1200999990105629,0.1200999990105629,400,0.0,0.0
2024-08-30 15:30:00-04:00,0.1200999990105629,0.1200999990105629,0.1200999990105629,0.1200999990105629,300,0.0,0.0
2024-08-30 15:35:00-04:00,0.12030000239610672,0.12030000239610672,0.12030000239610672,0.12030000239610672,2100,0.0,0.0
2024-08-30 15:36:00-04:00,0.12020000070333481,0.12020000070333481,0.12020000070333481,0.12020000070333481,200,0.0,0.0
2024-08-30 15:37:00-04:00,0.12030000239610672,0.12030000239610672,0.12030000239610672,0.12030000239610672,800,0.0,0.0
2024-08-30 15:38:00-04:00,0.12030000239610672,0.12030000239610672,0.12030000239610672,0.12030000239610672,300,0.0,0.0
2024-08-30 15:39:00-04:00,0.12030000239610672,0.12030000239610672,0.12030000239610672,0.12030000239610672,800,0.0,0.0
2024-08-30 15:40:00-04:00,0.12030000239610672,0.12030000239610672,0.12020000070333481,0.12020000070333481,300,0.0,0.0
2024-08-30 15:41:00-04:00,0.12020000070333481,0.12020000070333481,0.12020000070333481,0.12020000070333481,600,0.0,0.0
2024-08-30 15:42:00-04:00,0.12030000239610672,0.12030000239610672,0.12030000239610672,0.12030000239610672,400,0.0,0.0
2024-08-30 15:43:00-04:00,0.12030000239610672,0.12030000239610672,0.12020000070333481,0.12030000239610672,845,0.0,0.0
2024-08-30 15:44:00-04:00,0.12020000070333481,0.12030000239610672,0.12020000070333481,0.12020000070333481,500,0.0,0.0
2024-08-30 15:45:00-04:00,0.12030000239610672,0.12030000239610672,0.12020000070333481,0.12020000070333481,431,0.0,0.0
2024-08-30 15:46:00-04:00,0.12030000239610672,0.12030000239610672,0.12020000070333481,0.12020000070333481,700,0.0,0.0
2024-08-30 15:47:00-04:00,0.12020000070333481,0.12020000070333481,0.12020000070333481,0.12020000070333481,400,0.0,0.0
2024-08-30 15:48:00-04:00,0.12020000070333481,0.12020000070333481,0.1200999990105629,0.12020000070333481,9962,0.0,0.0
2024-08-30 15:49:00-04:00,0.12020000070333481,0.12020000070333481,0.12020000070333481,0.12020000070333481,561,0.0,0.0
2024-08-30 15:50:00-04:00,0.12020000070333481,0.12020000070333481,0.12020000070333481,0.12020000070333481,500,0.0,0.0
2024-08-30 15:51:00-04:00,0.12020000070333481,0.12020000070333481,0.12020000070333481,0.12020000070333481,400,0.0,0.0
2024-08-30 15:52:00-04:00,0.12030000239610672,0.12030000239610672,0.12020000070333481,0.12030000239610672,6301,0.0,0.0
2024-08-30 15:53:00-04:00,0.12030000239610672,0.12030000239610672,0.12030000239610672,0.12030000239610672,3469,0.0,0.0
2024-08-30 15:54:00-04:00,0.12030000239610672,0.12030000239610672,0.12030000239610672,0.12030000239610672,19507,0.0,0.0
2024-08-30 15:55:00-04:00,0.12160000205039978,0.12160000205039978,0.12160000205039978,0.12160000205039978,0,0.0,0.0
2024-08-30 15:56:00-04:00,0.12110000103712082,0.12110000103712082,0.12030000239610672,0.12030000239610672,5000,0.0,0.0
2024-08-30 15:57:00-04:00,0.12030000239610672,0.12189999967813492,0.12030000239610672,0.12189999967813492,19700,0.0,0.0
2024-08-30 15:58:00-04:00,0.12160000205039978,0.121799997985363,0.12160000205039978,0.121799997985363,0,0.0,0.0
2024-08-30 15:59:00-04:00,0.12030000239610672,0.12030000239610672,0.1200999990105629,0.1200999990105629,2635,0.0,0.0
