Datetime,Open,High,Low,Close,Volume,Dividends,Stock Splits
2022-06-29 09:00:00+08:00,67.30000305175781,67.30000305175781,66.69999694824219,67.30000305175781,0,0.0,0.0
2022-06-29 10:00:00+08:00,66.80000305175781,67.4000015258789,66.80000305175781,67.30000305175781,12224,0.0,0.0
2022-06-29 11:00:00+08:00,67.0,67.0999984741211,66.80000305175781,67.0999984741211,9200,0.0,0.0
2022-06-29 12:00:00+08:00,67.19999694824219,67.19999694824219,67.0,67.19999694824219,9002,0.0,0.0
2022-06-29 13:00:00+08:00,67.19999694824219,67.19999694824219,67.0,67.0999984741211,8001,0.0,0.0
2022-06-30 09:00:00+08:00,66.80000305175781,66.80000305175781,65.9000015258789,65.9000015258789,0,0.0,0.0
2022-06-30 10:00:00+08:00,65.80000305175781,66.0999984741211,64.19999694824219,66.0,41027,0.0,0.0
2022-06-30 11:00:00+08:00,66.0,66.0,65.30000305175781,65.4000015258789,12104,0.0,0.0
2022-06-30 12:00:00+08:00,65.5,65.5999984741211,65.5,65.5999984741211,3001,0.0,0.0
2022-06-30 13:00:00+08:00,65.80000305175781,65.80000305175781,65.5999984741211,65.80000305175781,6003,0.0,0.0
2022-07-01 09:00:00+08:00,65.5999984741211,65.69999694824219,65.5999984741211,65.69999694824219,0,0.0,0.0
2022-07-01 10:00:00+08:00,66.0,66.0,64.0999984741211,64.0999984741211,73116,0.0,0.0
2022-07-01 11:00:00+08:00,64.0999984741211,64.30000305175781,63.0,63.0,36183,0.0,0.0
2022-07-01 12:00:00+08:00,63.0,63.099998474121094,62.5,62.5,19000,0.0,0.0
2022-07-01 13:00:00+08:00,62.5,62.5,62.0,62.0,8046,0.0,0.0
2022-07-04 09:00:00+08:00,62.29999923706055,62.29999923706055,62.29999923706055,62.29999923706055,0,0.0,0.0
2022-07-04 10:00:00+08:00,62.400001525878906,62.5,62.0,62.0,15000,0.0,0.0
2022-07-04 11:00:00+08:00,62.0,62.099998474121094,62.0,62.099998474121094,3000,0.0,0.0
2022-07-04 12:00:00+08:00,62.0,62.0,62.0,62.0,4000,0.0,0.0
2022-07-04 13:00:00+08:00,62.0,62.0,61.5,61.5,11003,0.0,0.0
2022-07-05 09:00:00+08:00,62.5,63.5,62.5,63.099998474121094,0,0.0,0.0
2022-07-05 10:00:00+08:00,62.900001525878906,62.900001525878906,62.900001525878906,62.900001525878906,2000,0.0,0.0
2022-07-05 11:00:00+08:00,62.5,62.5,62.099998474121094,62.099998474121094,11000,0.0,0.0
2022-07-05 12:00:00+08:00,62.400001525878906,62.79999923706055,62.29999923706055,62.79999923706055,6012,0.0,0.0
2022-07-05 13:00:00+08:00,62.79999923706055,63.0,62.599998474121094,62.599998474121094,10120,0.0,0.0
2022-07-06 09:00:00+08:00,64.19999694824219,64.19999694824219,62.20000076293945,62.20000076293945,0,0.0,0.0
2022-07-06 10:00:00+08:00,62.29999923706055,62.29999923706055,61.79999923706055,61.900001525878906,24007,0.0,0.0
2022-07-06 11:00:00+08:00,62.0,62.20000076293945,62.0,62.20000076293945,4160,0.0,0.0
2022-07-06 12:00:00+08:00,62.099998474121094,62.099998474121094,61.29999923706055,61.29999923706055,23000,0.0,0.0
2022-07-06 13:00:00+08:00,61.20000076293945,61.20000076293945,60.79999923706055,61.0,17006,0.0,0.0
2022-07-07 09:00:00+08:00,61.099998474121094,61.099998474121094,61.099998474121094,61.099998474121094,0,0.0,0.0
2022-07-07 10:00:00+08:00,61.20000076293945,62.099998474121094,61.20000076293945,62.099998474121094,13016,0.0,0.0
2022-07-07 11:00:00+08:00,62.0,62.20000076293945,62.0,62.20000076293945,4002,0.0,0.0
2022-07-07 12:00:00+08:00,62.20000076293945,62.20000076293945,62.099998474121094,62.099998474121094,9013,0.0,0.0
2022-07-07 13:00:00+08:00,62.099998474121094,62.400001525878906,61.900001525878906,62.0,34000,0.0,0.0
2022-07-08 09:00:00+08:00,62.5,68.0,62.5,68.0,111760,0.0,0.0
2022-07-08 10:00:00+08:00,67.80000305175781,67.80000305175781,65.5,66.19999694824219,41014,0.0,0.0
2022-07-08 11:00:00+08:00,66.0999984741211,66.0999984741211,64.0,64.5999984741211,45012,0.0,0.0
2022-07-08 12:00:00+08:00,65.4000015258789,65.5999984741211,64.5999984741211,65.5,13003,0.0,0.0
2022-07-08 13:00:00+08:00,65.0999984741211,65.0999984741211,65.0,65.0,5000,0.0,0.0
2022-07-11 09:00:00+08:00,66.30000305175781,67.69999694824219,66.0,66.5999984741211,0,0.0,0.0
2022-07-11 10:00:00+08:00,66.5999984741211,67.0,66.0,66.0,41103,0.0,0.0
2022-07-11 11:00:00+08:00,66.69999694824219,66.80000305175781,66.69999694824219,66.80000305175781,6290,0.0,0.0
2022-07-11 12:00:00+08:00,66.5,67.0,66.0999984741211,67.0,18012,0.0,0.0
2022-07-11 13:00:00+08:00,67.0,67.0,66.0999984741211,66.0999984741211,5000,0.0,0.0
2022-07-12 09:00:00+08:00,65.30000305175781,65.30000305175781,65.19999694824219,65.19999694824219,0,0.0,0.0
2022-07-12 10:00:00+08:00,65.0999984741211,66.5,65.0,65.0999984741211,11001,0.0,0.0
2022-07-12 11:00:00+08:00,65.0,65.0,64.4000015258789,64.9000015258789,15000,0.0,0.0
2022-07-12 12:00:00+08:00,64.9000015258789,64.9000015258789,64.9000015258789,64.9000015258789,8114,0.0,0.0
2022-07-12 13:00:00+08:00,64.80000305175781,66.19999694824219,64.80000305175781,64.80000305175781,9001,0.0,0.0
2022-07-13 09:00:00+08:00,67.4000015258789,67.4000015258789,65.5999984741211,66.19999694824219,0,0.0,0.0
2022-07-13 10:00:00+08:00,66.30000305175781,66.4000015258789,66.0999984741211,66.4000015258789,6012,0.0,0.0
2022-07-13 11:00:00+08:00,66.5,67.30000305175781,66.5,66.80000305175781,19000,0.0,0.0
2022-07-13 12:00:00+08:00,66.5,66.5,66.30000305175781,66.30000305175781,5099,0.0,0.0
2022-07-13 13:00:00+08:00,66.80000305175781,66.80000305175781,66.80000305175781,66.80000305175781,1000,0.0,0.0
2022-07-14 09:00:00+08:00,65.80000305175781,67.4000015258789,65.80000305175781,66.19999694824219,0,0.0,0.0
2022-07-14 10:00:00+08:00,66.19999694824219,66.5999984741211,66.0,66.5999984741211,22011,0.0,0.0
2022-07-14 11:00:00+08:00,66.9000015258789,66.9000015258789,66.69999694824219,66.69999694824219,13002,0.0,0.0
2022-07-14 12:00:00+08:00,66.69999694824219,66.69999694824219,66.5999984741211,66.5999984741211,6000,0.0,0.0
2022-07-14 13:00:00+08:00,66.80000305175781,66.80000305175781,66.80000305175781,66.80000305175781,4000,0.0,0.0
2022-07-15 09:00:00+08:00,66.69999694824219,66.69999694824219,66.0,66.0,0,0.0,0.0
2022-07-15 10:00:00+08:00,66.19999694824219,66.9000015258789,66.19999694824219,66.9000015258789,23001,0.0,0.0
2022-07-15 11:00:00+08:00,66.69999694824219,66.69999694824219,66.19999694824219,66.5,17418,0.0,0.0
2022-07-15 12:00:00+08:00,66.4000015258789,67.0,66.19999694824219,67.0,25017,0.0,0.0
2022-07-15 13:00:00+08:00,67.19999694824219,67.5,67.19999694824219,67.30000305175781,5215,0.0,0.0
2022-07-18 09:00:00+08:00,67.0,67.80000305175781,67.0,67.5,0,0.0,0.0
2022-07-18 10:00:00+08:00,67.5,67.69999694824219,67.5,67.5999984741211,23004,0.0,0.0
2022-07-18 11:00:00+08:00,67.5999984741211,68.0,67.5,67.80000305175781,34121,0.0,0.0
2022-07-18 12:00:00+08:00,67.80000305175781,68.19999694824219,67.69999694824219,67.80000305175781,29364,0.0,0.0
2022-07-18 13:00:00+08:00,67.9000015258789,67.9000015258789,67.80000305175781,67.80000305175781,8001,0.0,0.0
2022-07-19 09:00:00+08:00,65.30000305175781,67.5999984741211,65.30000305175781,66.4000015258789,0,3.0,0.0
2022-07-19 10:00:00+08:00,66.30000305175781,66.69999694824219,66.30000305175781,66.5,5000,0.0,0.0
2022-07-19 11:00:00+08:00,66.30000305175781,66.30000305175781,66.19999694824219,66.19999694824219,6007,0.0,0.0
2022-07-19 12:00:00+08:00,66.19999694824219,66.5999984741211,66.19999694824219,66.30000305175781,10501,0.0,0.0
2022-07-19 13:00:00+08:00,66.4000015258789,66.4000015258789,66.0999984741211,66.0999984741211,11002,0.0,0.0
2022-07-20 09:00:00+08:00,66.5999984741211,67.0,66.5,66.5999984741211,0,0.0,0.0
2022-07-20 10:00:00+08:00,66.69999694824219,66.69999694824219,66.4000015258789,66.4000015258789,9000,0.0,0.0
2022-07-20 11:00:00+08:00,66.5,66.5,66.4000015258789,66.4000015258789,10000,0.0,0.0
2022-07-20 12:00:00+08:00,66.5,66.5,66.30000305175781,66.30000305175781,9000,0.0,0.0
2022-07-20 13:00:00+08:00,66.19999694824219,66.19999694824219,66.0999984741211,66.0999984741211,6000,0.0,0.0
2022-07-21 09:00:00+08:00,65.5,66.0,65.5,65.5999984741211,0,0.0,0.0
2022-07-21 10:00:00+08:00,65.69999694824219,66.0,65.69999694824219,66.0,9000,0.0,0.0
2022-07-21 11:00:00+08:00,66.0,66.0999984741211,66.0,66.0,10002,0.0,0.0
2022-07-21 12:00:00+08:00,66.0,66.0,65.80000305175781,65.80000305175781,13050,0.0,0.0
2022-07-21 13:00:00+08:00,65.9000015258789,66.0999984741211,65.9000015258789,66.0999984741211,3001,0.0,0.0
2022-07-22 09:00:00+08:00,66.30000305175781,67.0999984741211,66.30000305175781,66.80000305175781,0,0.0,0.0
2022-07-22 10:00:00+08:00,66.5999984741211,66.5999984741211,66.5999984741211,66.5999984741211,3018,0.0,0.0
2022-07-22 11:00:00+08:00,66.30000305175781,66.30000305175781,66.30000305175781,66.30000305175781,6000,0.0,0.0
2022-07-22 12:00:00+08:00,66.19999694824219,66.30000305175781,66.0,66.0,19004,0.0,0.0
2022-07-22 13:00:00+08:00,65.9000015258789,65.9000015258789,65.9000015258789,65.9000015258789,1000,0.0,0.0
2022-07-25 10:00:00+08:00,66.5,66.5,65.9000015258789,65.9000015258789,3194,0.0,0.0
2022-07-25 12:00:00+08:00,66.0999984741211,66.0999984741211,66.0,66.0,2001,0.0,0.0
2022-07-25 13:00:00+08:00,65.9000015258789,65.9000015258789,65.5999984741211,65.5999984741211,5000,0.0,0.0
2022-07-26 09:00:00+08:00,66.19999694824219,66.69999694824219,66.19999694824219,66.69999694824219,0,0.0,0.0
2022-07-26 10:00:00+08:00,66.30000305175781,66.5999984741211,66.19999694824219,66.5999984741211,38623,0.0,0.0
2022-07-26 11:00:00+08:00,66.30000305175781,66.4000015258789,66.30000305175781,66.30000305175781,6000,0.0,0.0
2022-07-26 12:00:00+08:00,66.30000305175781,66.30000305175781,66.19999694824219,66.19999694824219,12001,0.0,0.0
2022-07-26 13:00:00+08:00,66.30000305175781,66.4000015258789,66.30000305175781,66.30000305175781,3002,0.0,0.0
2022-07-27 09:00:00+08:00,66.5,66.69999694824219,66.30000305175781,66.5999984741211,0,0.0,0.0
2022-07-27 10:00:00+08:00,66.5999984741211,66.80000305175781,66.5999984741211,66.80000305175781,4080,0.0,0.0
2022-07-27 11:00:00+08:00,66.80000305175781,68.0,66.80000305175781,67.69999694824219,23006,0.0,0.0
2022-07-27 12:00:00+08:00,67.5,68.0,67.5,68.0,16014,0.0,0.0
2022-07-27 13:00:00+08:00,68.0,68.0,68.0,68.0,7005,0.0,0.0
2022-07-28 09:00:00+08:00,69.30000305175781,69.30000305175781,68.30000305175781,68.4000015258789,0,0.0,0.0
2022-07-28 10:00:00+08:00,68.30000305175781,68.30000305175781,68.0,68.0,10000,0.0,0.0
2022-07-28 11:00:00+08:00,68.0999984741211,69.0,68.0999984741211,69.0,25125,0.0,0.0
2022-07-28 12:00:00+08:00,69.0,69.5,69.0,69.19999694824219,28101,0.0,0.0
2022-07-28 13:00:00+08:00,69.19999694824219,69.19999694824219,69.0,69.0,3001,0.0,0.0
2022-07-29 09:00:00+08:00,69.5999984741211,70.80000305175781,69.30000305175781,69.69999694824219,0,0.0,0.0
2022-07-29 10:00:00+08:00,69.69999694824219,69.9000015258789,69.69999694824219,69.80000305175781,11054,0.0,0.0
2022-07-29 11:00:00+08:00,69.9000015258789,70.0999984741211,69.9000015258789,70.0999984741211,21065,0.0,0.0
2022-07-29 12:00:00+08:00,70.0999984741211,70.5,69.5,69.5,34180,0.0,0.0
2022-07-29 13:00:00+08:00,70.0,70.30000305175781,70.0,70.0,82002,0.0,0.0
2022-08-01 09:00:00+08:00,70.0,71.0,70.0,70.9000015258789,0,0.0,0.0
2022-08-01 10:00:00+08:00,71.0,73.19999694824219,71.0,72.5999984741211,104362,0.0,0.0
2022-08-01 11:00:00+08:00,72.5,72.5,71.80000305175781,72.0,28066,0.0,0.0
2022-08-01 12:00:00+08:00,72.0,72.0,71.30000305175781,71.5,18015,0.0,0.0
2022-08-01 13:00:00+08:00,71.80000305175781,71.9000015258789,71.80000305175781,71.9000015258789,5000,0.0,0.0
2022-08-02 09:00:00+08:00,71.5999984741211,71.5999984741211,70.19999694824219,70.5999984741211,0,0.0,0.0
2022-08-02 10:00:00+08:00,71.5,71.5999984741211,70.9000015258789,71.0,31014,0.0,0.0
2022-08-02 11:00:00+08:00,71.0,71.0,70.5,70.5,35163,0.0,0.0
2022-08-02 12:00:00+08:00,70.5,70.5999984741211,70.5,70.5,16001,0.0,0.0
2022-08-02 13:00:00+08:00,70.5999984741211,70.80000305175781,70.5,70.5999984741211,12000,0.0,0.0
2022-08-03 09:00:00+08:00,70.4000015258789,70.5999984741211,70.0999984741211,70.5,0,0.0,0.0
2022-08-03 10:00:00+08:00,70.5999984741211,70.80000305175781,70.5999984741211,70.80000305175781,6063,0.0,0.0
2022-08-03 11:00:00+08:00,70.9000015258789,72.0,70.9000015258789,71.80000305175781,28348,0.0,0.0
2022-08-03 12:00:00+08:00,71.30000305175781,71.30000305175781,71.0,71.0,10079,0.0,0.0
2022-08-03 13:00:00+08:00,71.19999694824219,71.5999984741211,71.0,71.0,7051,0.0,0.0
2022-08-04 09:00:00+08:00,71.69999694824219,71.69999694824219,70.9000015258789,71.19999694824219,0,0.0,0.0
2022-08-04 10:00:00+08:00,71.19999694824219,71.69999694824219,71.19999694824219,71.69999694824219,9020,0.0,0.0
2022-08-04 11:00:00+08:00,71.69999694824219,71.80000305175781,70.5,70.5,23001,0.0,0.0
2022-08-04 12:00:00+08:00,71.30000305175781,71.69999694824219,70.80000305175781,71.30000305175781,15003,0.0,0.0
2022-08-04 13:00:00+08:00,71.30000305175781,71.30000305175781,71.30000305175781,71.30000305175781,1000,0.0,0.0
2022-08-05 09:00:00+08:00,72.0,72.5999984741211,71.69999694824219,72.0,0,0.0,0.0
2022-08-05 10:00:00+08:00,72.0,72.30000305175781,71.80000305175781,72.0,30101,0.0,0.0
2022-08-05 11:00:00+08:00,71.80000305175781,71.80000305175781,71.5,71.69999694824219,14003,0.0,0.0
2022-08-05 12:00:00+08:00,71.69999694824219,71.80000305175781,71.5999984741211,71.80000305175781,6241,0.0,0.0
2022-08-05 13:00:00+08:00,71.9000015258789,72.19999694824219,71.80000305175781,72.0999984741211,42034,0.0,0.0
2022-08-08 09:00:00+08:00,72.4000015258789,72.4000015258789,70.0,70.9000015258789,18825,0.0,0.0
2022-08-08 10:00:00+08:00,70.9000015258789,71.19999694824219,70.9000015258789,71.0999984741211,20000,0.0,0.0
2022-08-08 11:00:00+08:00,71.0,71.0999984741211,70.69999694824219,71.0999984741211,23099,0.0,0.0
2022-08-08 12:00:00+08:00,71.0,71.0999984741211,71.0,71.0999984741211,4160,0.0,0.0
2022-08-08 13:00:00+08:00,71.4000015258789,71.5999984741211,71.30000305175781,71.30000305175781,10000,0.0,0.0
2022-08-09 09:00:00+08:00,71.0999984741211,71.30000305175781,70.80000305175781,71.0999984741211,0,0.0,0.0
2022-08-09 10:00:00+08:00,71.5,72.30000305175781,70.80000305175781,70.80000305175781,36343,0.0,0.0
2022-08-09 11:00:00+08:00,71.19999694824219,71.5999984741211,71.19999694824219,71.5999984741211,3002,0.0,0.0
2022-08-09 12:00:00+08:00,71.5999984741211,71.5999984741211,71.30000305175781,71.5999984741211,5001,0.0,0.0
2022-08-09 13:00:00+08:00,71.5,71.5999984741211,71.5,71.5999984741211,7008,0.0,0.0
2022-08-10 09:00:00+08:00,71.5,71.5,71.0999984741211,71.4000015258789,0,0.0,0.0
2022-08-10 10:00:00+08:00,71.5,72.30000305175781,71.5,72.0,35522,0.0,0.0
2022-08-10 11:00:00+08:00,72.0,72.19999694824219,71.9000015258789,72.19999694824219,21032,0.0,0.0
2022-08-10 12:00:00+08:00,71.9000015258789,72.19999694824219,71.80000305175781,71.80000305175781,24012,0.0,0.0
2022-08-10 13:00:00+08:00,72.0,72.0999984741211,72.0,72.0999984741211,7030,0.0,0.0
2022-08-11 09:00:00+08:00,73.80000305175781,75.80000305175781,73.80000305175781,75.0999984741211,282195,0.0,0.0
2022-08-11 10:00:00+08:00,74.69999694824219,74.69999694824219,73.9000015258789,74.0,285518,0.0,0.0
2022-08-11 11:00:00+08:00,74.0,74.0999984741211,73.0999984741211,73.80000305175781,98038,0.0,0.0
2022-08-11 12:00:00+08:00,73.69999694824219,74.0999984741211,73.5999984741211,74.0,42200,0.0,0.0
2022-08-11 13:00:00+08:00,73.9000015258789,74.30000305175781,73.80000305175781,74.0,21050,0.0,0.0
2022-08-12 09:00:00+08:00,73.80000305175781,74.30000305175781,73.5999984741211,73.5999984741211,28209,0.0,0.0
2022-08-12 10:00:00+08:00,73.5,73.5,73.30000305175781,73.30000305175781,19129,0.0,0.0
2022-08-12 11:00:00+08:00,73.5999984741211,73.5999984741211,73.5,73.5999984741211,13312,0.0,0.0
2022-08-12 12:00:00+08:00,73.5,73.5999984741211,72.80000305175781,73.19999694824219,76382,0.0,0.0
2022-08-12 13:00:00+08:00,73.0,73.30000305175781,72.80000305175781,73.30000305175781,12183,0.0,0.0
2022-08-15 09:00:00+08:00,73.9000015258789,74.5999984741211,73.4000015258789,73.5,0,0.0,0.0
2022-08-15 10:00:00+08:00,73.5,73.5,73.0,73.0,55015,0.0,0.0
2022-08-15 11:00:00+08:00,73.0999984741211,73.19999694824219,72.9000015258789,73.19999694824219,21098,0.0,0.0
2022-08-15 12:00:00+08:00,73.30000305175781,73.5,73.19999694824219,73.19999694824219,8001,0.0,0.0
2022-08-15 13:00:00+08:00,73.0999984741211,73.30000305175781,72.80000305175781,73.30000305175781,30001,0.0,0.0
2022-08-16 09:00:00+08:00,74.4000015258789,74.4000015258789,73.4000015258789,74.0,0,0.0,0.0
2022-08-16 10:00:00+08:00,73.9000015258789,73.9000015258789,73.0999984741211,73.0999984741211,27001,0.0,0.0
2022-08-16 11:00:00+08:00,73.0999984741211,73.19999694824219,73.0,73.0,12000,0.0,0.0
2022-08-16 12:00:00+08:00,73.0999984741211,73.0999984741211,72.5999984741211,72.69999694824219,29035,0.0,0.0
2022-08-16 13:00:00+08:00,72.80000305175781,72.80000305175781,72.5999984741211,72.5999984741211,5000,0.0,0.0
2022-08-17 09:00:00+08:00,72.80000305175781,73.4000015258789,72.80000305175781,73.4000015258789,0,0.0,0.0
2022-08-17 10:00:00+08:00,73.0,73.0,72.80000305175781,73.0,7002,0.0,0.0
2022-08-17 11:00:00+08:00,73.0,73.5999984741211,73.0,73.0,30013,0.0,0.0
2022-08-17 12:00:00+08:00,73.0,73.0,73.0,73.0,2103,0.0,0.0
2022-08-17 13:00:00+08:00,73.0,73.0,72.5999984741211,72.5999984741211,20000,0.0,0.0
2022-08-18 09:00:00+08:00,72.4000015258789,72.5,71.9000015258789,72.19999694824219,0,0.0,0.0
2022-08-18 10:00:00+08:00,72.0999984741211,72.5,72.0999984741211,72.5,16000,0.0,0.0
2022-08-18 11:00:00+08:00,72.5,72.80000305175781,72.4000015258789,72.80000305175781,12061,0.0,0.0
2022-08-18 12:00:00+08:00,72.80000305175781,72.80000305175781,72.5,72.5,6111,0.0,0.0
2022-08-18 13:00:00+08:00,72.5,72.5999984741211,72.4000015258789,72.5,10011,0.0,0.0
2022-08-19 09:00:00+08:00,72.69999694824219,73.4000015258789,72.69999694824219,72.80000305175781,0,0.0,0.0
2022-08-19 10:00:00+08:00,73.0,73.0,73.0,73.0,4002,0.0,0.0
2022-08-19 11:00:00+08:00,72.9000015258789,73.0,72.9000015258789,73.0,5001,0.0,0.0
2022-08-19 12:00:00+08:00,73.0,73.0,72.80000305175781,72.80000305175781,11001,0.0,0.0
2022-08-19 13:00:00+08:00,72.69999694824219,72.69999694824219,72.5,72.5,12113,0.0,0.0
2022-08-22 09:00:00+08:00,72.0999984741211,72.5999984741211,71.80000305175781,72.5999984741211,0,0.0,0.0
2022-08-22 10:00:00+08:00,72.69999694824219,72.9000015258789,72.5,72.5,3015,0.0,0.0
2022-08-22 12:00:00+08:00,72.5,72.5,72.30000305175781,72.5,23001,0.0,0.0
2022-08-22 13:00:00+08:00,72.30000305175781,72.5,72.30000305175781,72.30000305175781,8002,0.0,0.0
2022-08-23 09:00:00+08:00,72.30000305175781,72.5,72.0,72.0999984741211,0,0.0,0.0
2022-08-23 10:00:00+08:00,72.4000015258789,72.9000015258789,72.19999694824219,72.5999984741211,23000,0.0,0.0
2022-08-23 11:00:00+08:00,72.69999694824219,72.69999694824219,72.5999984741211,72.5999984741211,21000,0.0,0.0
2022-08-23 12:00:00+08:00,72.5999984741211,72.80000305175781,72.5999984741211,72.80000305175781,27001,0.0,0.0
2022-08-23 13:00:00+08:00,72.80000305175781,73.0999984741211,72.80000305175781,73.0999984741211,24591,0.0,0.0
2022-08-24 09:00:00+08:00,73.9000015258789,75.0,73.5,73.5,0,0.0,0.0
2022-08-24 10:00:00+08:00,73.5999984741211,73.69999694824219,73.5,73.5,6200,0.0,0.0
2022-08-24 11:00:00+08:00,73.5,73.5,73.5,73.5,12000,0.0,0.0
2022-08-24 12:00:00+08:00,73.5,73.5,73.19999694824219,73.19999694824219,17081,0.0,0.0
2022-08-24 13:00:00+08:00,73.19999694824219,73.19999694824219,72.5999984741211,72.5999984741211,16000,0.0,0.0
2022-08-25 09:00:00+08:00,73.30000305175781,73.4000015258789,72.80000305175781,73.0,43150,0.0,0.0
2022-08-25 10:00:00+08:00,73.19999694824219,73.4000015258789,72.9000015258789,73.4000015258789,5000,0.0,0.0
2022-08-25 11:00:00+08:00,73.4000015258789,73.4000015258789,73.30000305175781,73.30000305175781,9500,0.0,0.0
2022-08-25 12:00:00+08:00,73.19999694824219,73.9000015258789,73.19999694824219,73.30000305175781,34001,0.0,0.0
2022-08-25 13:00:00+08:00,73.5999984741211,73.5999984741211,73.5,73.5999984741211,11069,0.0,0.0
2022-08-26 09:00:00+08:00,74.4000015258789,74.5,73.69999694824219,73.9000015258789,0,0.0,0.0
2022-08-26 10:00:00+08:00,73.9000015258789,74.0999984741211,73.80000305175781,74.0999984741211,20000,0.0,0.0
2022-08-26 11:00:00+08:00,74.0999984741211,74.19999694824219,73.80000305175781,73.80000305175781,21200,0.0,0.0
2022-08-26 12:00:00+08:00,73.80000305175781,73.80000305175781,73.30000305175781,73.30000305175781,27002,0.0,0.0
2022-08-26 13:00:00+08:00,73.19999694824219,73.19999694824219,72.80000305175781,73.0,18051,0.0,0.0
2022-08-29 09:00:00+08:00,72.5999984741211,72.80000305175781,71.80000305175781,72.5999984741211,0,0.0,0.0
2022-08-29 10:00:00+08:00,72.5999984741211,72.69999694824219,72.5,72.69999694824219,9003,0.0,0.0
2022-08-29 11:00:00+08:00,72.5999984741211,72.5999984741211,72.5,72.5,4005,0.0,0.0
2022-08-29 12:00:00+08:00,72.5,72.5,72.19999694824219,72.19999694824219,13150,0.0,0.0
2022-08-29 13:00:00+08:00,72.30000305175781,72.4000015258789,72.0999984741211,72.4000015258789,19009,0.0,0.0
2022-08-30 09:00:00+08:00,72.30000305175781,72.80000305175781,72.30000305175781,72.80000305175781,0,0.0,0.0
2022-08-30 10:00:00+08:00,72.69999694824219,72.80000305175781,72.5999984741211,72.5999984741211,6000,0.0,0.0
2022-08-30 11:00:00+08:00,72.80000305175781,73.30000305175781,72.80000305175781,73.19999694824219,14000,0.0,0.0
2022-08-30 12:00:00+08:00,73.0999984741211,74.0999984741211,72.9000015258789,74.0999984741211,27002,0.0,0.0
2022-08-30 13:00:00+08:00,74.0,74.0,73.80000305175781,73.80000305175781,11000,0.0,0.0
2022-08-31 09:00:00+08:00,73.80000305175781,74.19999694824219,73.80000305175781,73.80000305175781,0,0.0,0.0
2022-08-31 10:00:00+08:00,74.0,75.0999984741211,74.0,74.80000305175781,107040,0.0,0.0
2022-08-31 11:00:00+08:00,74.80000305175781,76.0,74.80000305175781,75.80000305175781,158347,0.0,0.0
2022-08-31 12:00:00+08:00,75.80000305175781,75.80000305175781,75.0999984741211,75.4000015258789,33486,0.0,0.0
2022-08-31 13:00:00+08:00,75.5,76.80000305175781,75.5,76.5999984741211,125570,0.0,0.0
2022-09-01 09:00:00+08:00,76.0,76.4000015258789,75.5999984741211,76.19999694824219,0,0.0,0.0
2022-09-01 10:00:00+08:00,76.0999984741211,76.80000305175781,76.0999984741211,76.30000305175781,66100,0.0,0.0
2022-09-01 11:00:00+08:00,76.0999984741211,76.4000015258789,75.80000305175781,75.80000305175781,42471,0.0,0.0
2022-09-01 12:00:00+08:00,75.80000305175781,76.0999984741211,75.5,75.69999694824219,38377,0.0,0.0
2022-09-01 13:00:00+08:00,76.0,76.0999984741211,75.80000305175781,76.0,26191,0.0,0.0
2022-09-02 09:00:00+08:00,75.80000305175781,76.69999694824219,75.80000305175781,76.5,0,0.0,0.0
2022-09-02 10:00:00+08:00,76.5,76.5,76.0,76.0999984741211,41311,0.0,0.0
2022-09-02 11:00:00+08:00,76.0999984741211,77.4000015258789,76.0999984741211,77.19999694824219,77564,0.0,0.0
2022-09-02 12:00:00+08:00,77.0999984741211,79.0,76.9000015258789,78.0,244516,0.0,0.0
2022-09-02 13:00:00+08:00,78.0,78.69999694824219,77.69999694824219,78.69999694824219,62326,0.0,0.0
2022-09-05 09:00:00+08:00,79.5,80.5,78.5999984741211,79.0999984741211,0,0.0,0.0
2022-09-05 10:00:00+08:00,79.19999694824219,79.30000305175781,78.5999984741211,78.5999984741211,56296,0.0,0.0
2022-09-05 11:00:00+08:00,78.5999984741211,79.0,78.5999984741211,78.69999694824219,22039,0.0,0.0
2022-09-05 12:00:00+08:00,78.5999984741211,78.5999984741211,77.0,77.5,100604,0.0,0.0
2022-09-05 13:00:00+08:00,77.5,77.5,77.0999984741211,77.5,22119,0.0,0.0
2022-09-06 09:00:00+08:00,77.0999984741211,77.5,76.9000015258789,76.9000015258789,0,0.0,0.0
2022-09-06 10:00:00+08:00,76.9000015258789,76.9000015258789,76.0,76.0999984741211,75329,0.0,0.0
2022-09-06 11:00:00+08:00,76.0999984741211,76.0999984741211,75.9000015258789,76.0,27001,0.0,0.0
2022-09-06 12:00:00+08:00,76.19999694824219,76.80000305175781,76.19999694824219,76.80000305175781,19420,0.0,0.0
2022-09-06 13:00:00+08:00,76.69999694824219,76.69999694824219,76.4000015258789,76.5999984741211,12002,0.0,0.0
2022-09-07 09:00:00+08:00,75.69999694824219,75.69999694824219,72.80000305175781,75.0,0,0.0,0.0
2022-09-07 10:00:00+08:00,75.30000305175781,75.5999984741211,75.0999984741211,75.0999984741211,20053,0.0,0.0
2022-09-07 11:00:00+08:00,75.5,75.9000015258789,75.5,75.5,6007,0.0,0.0
2022-09-07 12:00:00+08:00,75.5,76.19999694824219,75.5,76.19999694824219,14083,0.0,0.0
2022-09-07 13:00:00+08:00,76.19999694824219,76.5,76.19999694824219,76.30000305175781,16000,0.0,0.0
2022-09-08 09:00:00+08:00,77.0,78.30000305175781,77.0,77.0999984741211,66487,0.0,0.0
2022-09-08 10:00:00+08:00,77.5999984741211,77.5999984741211,77.19999694824219,77.30000305175781,10100,0.0,0.0
2022-09-08 11:00:00+08:00,77.0999984741211,77.80000305175781,77.0,77.5999984741211,25101,0.0,0.0
2022-09-08 12:00:00+08:00,77.69999694824219,78.30000305175781,77.69999694824219,78.0,49539,0.0,0.0
2022-09-08 13:00:00+08:00,78.0,78.0,77.5999984741211,77.5999984741211,15010,0.0,0.0
2022-09-12 09:00:00+08:00,75.0,76.0,73.0999984741211,73.80000305175781,170384,0.0,0.0
2022-09-12 10:00:00+08:00,73.80000305175781,74.4000015258789,73.5999984741211,74.0999984741211,56649,0.0,0.0
2022-09-12 11:00:00+08:00,74.19999694824219,75.4000015258789,74.19999694824219,75.0,68415,0.0,0.0
2022-09-12 12:00:00+08:00,75.0,75.0,74.5999984741211,74.5999984741211,43008,0.0,0.0
2022-09-12 13:00:00+08:00,74.69999694824219,75.0,74.69999694824219,75.0,6000,0.0,0.0
2022-09-13 09:00:00+08:00,75.5999984741211,75.80000305175781,74.0,74.0,0,0.0,0.0
2022-09-13 10:00:00+08:00,74.4000015258789,74.69999694824219,74.19999694824219,74.30000305175781,13006,0.0,0.0
2022-09-13 11:00:00+08:00,74.30000305175781,74.30000305175781,73.80000305175781,74.0,42005,0.0,0.0
2022-09-13 12:00:00+08:00,74.0,74.0,73.9000015258789,74.0,10058,0.0,0.0
2022-09-13 13:00:00+08:00,74.0,74.19999694824219,74.0,74.0,15002,0.0,0.0
2022-09-14 09:00:00+08:00,72.5999984741211,73.80000305175781,72.5999984741211,73.5,0,0.0,0.0
2022-09-14 10:00:00+08:00,73.80000305175781,74.30000305175781,73.80000305175781,74.30000305175781,12119,0.0,0.0
2022-09-14 11:00:00+08:00,73.9000015258789,73.9000015258789,73.69999694824219,73.69999694824219,7100,0.0,0.0
2022-09-14 12:00:00+08:00,74.0999984741211,74.0999984741211,73.9000015258789,74.0999984741211,6006,0.0,0.0
2022-09-14 13:00:00+08:00,74.19999694824219,74.19999694824219,74.0,74.0,11076,0.0,0.0
2022-09-15 09:00:00+08:00,74.0999984741211,74.69999694824219,74.0999984741211,74.69999694824219,0,0.0,0.0
2022-09-15 10:00:00+08:00,74.80000305175781,75.0,74.80000305175781,74.9000015258789,18104,0.0,0.0
2022-09-15 11:00:00+08:00,75.0,75.0,74.69999694824219,74.9000015258789,9128,0.0,0.0
2022-09-15 12:00:00+08:00,74.80000305175781,74.80000305175781,74.19999694824219,74.19999694824219,26091,0.0,0.0
2022-09-15 13:00:00+08:00,74.19999694824219,74.19999694824219,74.0,74.0,10000,0.0,0.0
2022-09-16 09:00:00+08:00,74.5,74.5,73.80000305175781,73.80000305175781,35245,0.0,0.0
2022-09-16 10:00:00+08:00,73.80000305175781,73.80000305175781,73.5,73.5999984741211,20100,0.0,0.0
2022-09-16 11:00:00+08:00,73.5999984741211,73.5999984741211,73.5,73.5,16001,0.0,0.0
2022-09-16 12:00:00+08:00,73.4000015258789,73.5999984741211,73.0999984741211,73.5999984741211,27006,0.0,0.0
2022-09-16 13:00:00+08:00,73.5,73.5,73.19999694824219,73.30000305175781,10003,0.0,0.0
2022-09-19 09:00:00+08:00,73.5999984741211,73.5999984741211,72.9000015258789,73.4000015258789,0,0.0,0.0
2022-09-19 10:00:00+08:00,73.30000305175781,73.30000305175781,73.0,73.0,13007,0.0,0.0
2022-09-19 11:00:00+08:00,72.9000015258789,72.9000015258789,72.9000015258789,72.9000015258789,7008,0.0,0.0
2022-09-19 12:00:00+08:00,72.9000015258789,72.9000015258789,72.80000305175781,72.80000305175781,22002,0.0,0.0
2022-09-19 13:00:00+08:00,72.80000305175781,72.80000305175781,72.80000305175781,72.80000305175781,10002,0.0,0.0
2022-09-20 09:00:00+08:00,73.0,73.69999694824219,73.0,73.69999694824219,2001,0.0,0.0
2022-09-20 10:00:00+08:00,73.0999984741211,73.30000305175781,73.0999984741211,73.19999694824219,13003,0.0,0.0
2022-09-20 11:00:00+08:00,73.0999984741211,73.0999984741211,73.0999984741211,73.0999984741211,1010,0.0,0.0
2022-09-20 12:00:00+08:00,73.5,73.5,73.0999984741211,73.5,5000,0.0,0.0
2022-09-20 13:00:00+08:00,73.30000305175781,73.30000305175781,73.0999984741211,73.30000305175781,6000,0.0,0.0
2022-09-21 09:00:00+08:00,73.4000015258789,73.4000015258789,73.30000305175781,73.30000305175781,0,0.0,0.0
2022-09-21 10:00:00+08:00,73.30000305175781,73.30000305175781,73.30000305175781,73.30000305175781,2001,0.0,0.0
2022-09-21 11:00:00+08:00,73.0999984741211,73.0999984741211,72.9000015258789,72.9000015258789,10000,0.0,0.0
2022-09-21 12:00:00+08:00,72.80000305175781,72.80000305175781,72.5999984741211,72.69999694824219,0,0.0,0.0
2022-09-21 13:00:00+08:00,72.69999694824219,72.69999694824219,72.5,72.5999984741211,49004,0.0,0.0
2022-09-22 09:00:00+08:00,72.4000015258789,72.5,72.0,72.5,0,0.0,0.0
2022-09-22 10:00:00+08:00,72.4000015258789,73.0,72.30000305175781,72.30000305175781,11001,0.0,0.0
2022-09-22 11:00:00+08:00,72.5,72.5,72.19999694824219,72.19999694824219,13004,0.0,0.0
2022-09-22 12:00:00+08:00,72.30000305175781,72.9000015258789,72.30000305175781,72.9000015258789,7004,0.0,0.0
2022-09-23 09:00:00+08:00,72.5,72.5,72.4000015258789,72.4000015258789,0,0.0,0.0
2022-09-23 10:00:00+08:00,72.4000015258789,72.4000015258789,72.19999694824219,72.19999694824219,6075,0.0,0.0
2022-09-23 11:00:00+08:00,72.19999694824219,72.19999694824219,71.69999694824219,71.69999694824219,34515,0.0,0.0
2022-09-23 12:00:00+08:00,71.4000015258789,71.80000305175781,71.4000015258789,71.80000305175781,8173,0.0,0.0
2022-09-23 13:00:00+08:00,71.80000305175781,71.80000305175781,71.69999694824219,71.69999694824219,5160,0.0,0.0
2022-09-26 09:00:00+08:00,71.0,71.0,68.19999694824219,69.0999984741211,0,0.0,0.0
2022-09-26 10:00:00+08:00,69.0,70.0,68.80000305175781,69.5,47360,0.0,0.0
2022-09-26 11:00:00+08:00,69.5,69.5,69.30000305175781,69.30000305175781,10251,0.0,0.0
2022-09-26 12:00:00+08:00,69.19999694824219,69.19999694824219,68.19999694824219,68.4000015258789,37300,0.0,0.0
2022-09-26 13:00:00+08:00,68.4000015258789,69.80000305175781,68.4000015258789,69.4000015258789,20459,0.0,0.0
2022-09-27 09:00:00+08:00,69.5,69.5,69.0,69.0,0,0.0,0.0
2022-09-27 10:00:00+08:00,69.5999984741211,69.69999694824219,69.5999984741211,69.5999984741211,7004,0.0,0.0
2022-09-27 11:00:00+08:00,69.5,69.9000015258789,69.5,69.9000015258789,6000,0.0,0.0
2022-09-27 12:00:00+08:00,69.5999984741211,70.0999984741211,69.4000015258789,70.0999984741211,18002,0.0,0.0
2022-09-27 13:00:00+08:00,70.5,70.5,70.30000305175781,70.5,4000,0.0,0.0
2022-09-28 09:00:00+08:00,69.5,69.5,68.5,68.5,0,0.0,0.0
2022-09-28 10:00:00+08:00,68.5,68.5999984741211,67.80000305175781,67.80000305175781,34070,0.0,0.0
2022-09-28 11:00:00+08:00,67.9000015258789,67.9000015258789,67.5,67.9000015258789,20201,0.0,0.0
2022-09-28 12:00:00+08:00,67.9000015258789,67.9000015258789,67.5,67.5,11283,0.0,0.0
2022-09-28 13:00:00+08:00,67.5,67.5,66.80000305175781,66.80000305175781,22024,0.0,0.0
2022-09-29 09:00:00+08:00,68.80000305175781,68.80000305175781,68.5999984741211,68.5999984741211,0,0.0,0.0
2022-09-29 10:00:00+08:00,68.0,68.0,67.80000305175781,67.9000015258789,3000,0.0,0.0
2022-09-29 11:00:00+08:00,67.9000015258789,68.30000305175781,67.9000015258789,68.30000305175781,7182,0.0,0.0
2022-09-29 12:00:00+08:00,68.19999694824219,68.4000015258789,68.19999694824219,68.30000305175781,7005,0.0,0.0
2022-09-29 13:00:00+08:00,68.30000305175781,68.5999984741211,68.30000305175781,68.5,9001,0.0,0.0
2022-09-30 09:00:00+08:00,67.0999984741211,67.9000015258789,67.0999984741211,67.9000015258789,0,0.0,0.0
2022-09-30 10:00:00+08:00,67.5999984741211,67.9000015258789,67.5,67.9000015258789,7000,0.0,0.0
2022-09-30 11:00:00+08:00,67.80000305175781,67.80000305175781,67.80000305175781,67.80000305175781,1000,0.0,0.0
2022-09-30 12:00:00+08:00,67.9000015258789,67.9000015258789,67.4000015258789,67.4000015258789,16017,0.0,0.0
2022-09-30 13:00:00+08:00,67.9000015258789,68.0,67.9000015258789,68.0,6000,0.0,0.0
2022-10-03 09:00:00+08:00,68.0,68.0999984741211,68.0,68.0,6005,0.0,0.0
2022-10-03 10:00:00+08:00,68.69999694824219,68.69999694824219,68.30000305175781,68.30000305175781,5074,0.0,0.0
2022-10-03 11:00:00+08:00,68.4000015258789,68.4000015258789,68.30000305175781,68.30000305175781,2005,0.0,0.0
2022-10-03 12:00:00+08:00,68.19999694824219,68.19999694824219,68.0,68.0,11095,0.0,0.0
2022-10-03 13:00:00+08:00,67.69999694824219,67.69999694824219,67.5999984741211,67.5999984741211,4000,0.0,0.0
2022-10-04 09:00:00+08:00,69.30000305175781,69.30000305175781,68.80000305175781,68.80000305175781,0,0.0,0.0
2022-10-04 11:00:00+08:00,69.19999694824219,69.5,69.19999694824219,69.5,11000,0.0,0.0
2022-10-04 12:00:00+08:00,69.69999694824219,71.0,69.69999694824219,70.69999694824219,21000,0.0,0.0
2022-10-04 13:00:00+08:00,70.0,70.19999694824219,70.0,70.19999694824219,3000,0.0,0.0
2022-10-05 09:00:00+08:00,71.0999984741211,71.30000305175781,70.9000015258789,71.19999694824219,0,0.0,0.0
2022-10-05 10:00:00+08:00,71.19999694824219,71.30000305175781,71.0,71.30000305175781,14100,0.0,0.0
2022-10-05 11:00:00+08:00,71.0,71.0999984741211,70.4000015258789,70.4000015258789,19175,0.0,0.0
2022-10-05 12:00:00+08:00,70.30000305175781,70.30000305175781,69.19999694824219,69.4000015258789,8035,0.0,0.0
2022-10-05 13:00:00+08:00,69.30000305175781,69.30000305175781,68.80000305175781,69.0,41035,0.0,0.0
2022-10-06 09:00:00+08:00,69.19999694824219,69.19999694824219,67.9000015258789,68.5,65222,0.0,0.0
2022-10-06 10:00:00+08:00,68.19999694824219,68.19999694824219,68.0,68.0999984741211,6152,0.0,0.0
2022-10-06 11:00:00+08:00,68.30000305175781,68.80000305175781,67.5999984741211,67.5999984741211,55502,0.0,0.0
2022-10-06 12:00:00+08:00,67.80000305175781,68.0,67.5,67.5999984741211,34094,0.0,0.0
2022-10-06 13:00:00+08:00,67.80000305175781,67.80000305175781,67.69999694824219,67.69999694824219,8006,0.0,0.0
2022-10-07 09:00:00+08:00,67.69999694824219,68.80000305175781,67.69999694824219,67.80000305175781,42000,0.0,0.0
2022-10-07 10:00:00+08:00,67.69999694824219,67.69999694824219,67.69999694824219,67.69999694824219,5001,0.0,0.0
2022-10-07 11:00:00+08:00,67.80000305175781,67.80000305175781,67.69999694824219,67.80000305175781,10000,0.0,0.0
2022-10-07 12:00:00+08:00,67.80000305175781,67.80000305175781,67.69999694824219,67.69999694824219,13001,0.0,0.0
2022-10-07 13:00:00+08:00,67.5999984741211,67.5999984741211,67.4000015258789,67.5,0,0.0,0.0
2022-10-11 09:00:00+08:00,66.0,66.0,65.19999694824219,65.19999694824219,12210,0.0,0.0
2022-10-11 10:00:00+08:00,65.0999984741211,65.30000305175781,65.0,65.0999984741211,15031,0.0,0.0
2022-10-11 11:00:00+08:00,65.0,65.0,64.69999694824219,64.9000015258789,20004,0.0,0.0
2022-10-11 12:00:00+08:00,64.69999694824219,65.19999694824219,64.19999694824219,64.19999694824219,18656,0.0,0.0
2022-10-11 13:00:00+08:00,64.5,65.30000305175781,64.5,65.30000305175781,6205,0.0,0.0
2022-10-12 09:00:00+08:00,64.5,64.5,62.400001525878906,63.0,76268,0.0,0.0
2022-10-12 10:00:00+08:00,63.29999923706055,63.79999923706055,62.79999923706055,63.79999923706055,30200,0.0,0.0
2022-10-12 11:00:00+08:00,63.79999923706055,63.79999923706055,62.900001525878906,62.900001525878906,27230,0.0,0.0
2022-10-12 12:00:00+08:00,63.0,63.599998474121094,63.0,63.599998474121094,16351,0.0,0.0
2022-10-12 13:00:00+08:00,63.20000076293945,63.20000076293945,62.79999923706055,62.79999923706055,19058,0.0,0.0
2022-10-13 09:00:00+08:00,63.099998474121094,63.099998474121094,62.70000076293945,62.79999923706055,0,0.0,0.0
2022-10-13 10:00:00+08:00,62.79999923706055,62.79999923706055,62.099998474121094,62.5,25022,0.0,0.0
2022-10-13 11:00:00+08:00,62.400001525878906,62.400001525878906,61.5,61.599998474121094,37365,0.0,0.0
2022-10-13 12:00:00+08:00,61.599998474121094,61.79999923706055,61.29999923706055,61.29999923706055,20548,0.0,0.0
2022-10-13 13:00:00+08:00,61.29999923706055,61.5,59.79999923706055,60.0,157000,0.0,0.0
2022-10-14 09:00:00+08:00,61.599998474121094,62.79999923706055,61.599998474121094,62.29999923706055,0,0.0,0.0
2022-10-14 10:00:00+08:00,62.20000076293945,62.79999923706055,61.5,61.5,49150,0.0,0.0
2022-10-14 11:00:00+08:00,61.70000076293945,62.099998474121094,61.5,61.5,27021,0.0,0.0
2022-10-14 12:00:00+08:00,61.599998474121094,61.599998474121094,61.5,61.599998474121094,13629,0.0,0.0
2022-10-14 13:00:00+08:00,61.79999923706055,61.79999923706055,59.900001525878906,60.099998474121094,67150,0.0,0.0
2022-10-17 09:00:00+08:00,59.79999923706055,59.79999923706055,56.900001525878906,57.0,0,0.0,0.0
2022-10-17 10:00:00+08:00,57.70000076293945,58.099998474121094,57.70000076293945,58.099998474121094,19136,0.0,0.0
2022-10-17 11:00:00+08:00,58.20000076293945,58.900001525878906,58.099998474121094,58.70000076293945,29068,0.0,0.0
2022-10-17 12:00:00+08:00,58.79999923706055,59.79999923706055,58.599998474121094,59.79999923706055,35300,0.0,0.0
2022-10-17 13:00:00+08:00,59.900001525878906,60.099998474121094,59.79999923706055,60.099998474121094,17041,0.0,0.0
2022-10-18 09:00:00+08:00,60.900001525878906,60.900001525878906,59.900001525878906,59.900001525878906,0,0.0,0.0
2022-10-18 10:00:00+08:00,59.79999923706055,60.0,59.70000076293945,60.0,10069,0.0,0.0
2022-10-18 12:00:00+08:00,60.0,60.20000076293945,59.599998474121094,60.0,15001,0.0,0.0
2022-10-18 13:00:00+08:00,60.0,60.0,60.0,60.0,1000,0.0,0.0
2022-10-19 09:00:00+08:00,60.0,60.5,60.0,60.5,0,0.0,0.0
2022-10-19 10:00:00+08:00,60.5,60.5,60.0,60.0,40020,0.0,0.0
2022-10-19 11:00:00+08:00,60.0,60.0,59.70000076293945,59.70000076293945,15000,0.0,0.0
2022-10-19 12:00:00+08:00,59.70000076293945,59.79999923706055,59.599998474121094,59.599998474121094,6000,0.0,0.0
2022-10-19 13:00:00+08:00,59.599998474121094,59.599998474121094,59.5,59.5,13518,0.0,0.0
2022-10-20 09:00:00+08:00,59.599998474121094,59.599998474121094,59.0,59.0,0,0.0,0.0
2022-10-20 10:00:00+08:00,59.0,59.29999923706055,58.79999923706055,59.29999923706055,49101,0.0,0.0
2022-10-20 11:00:00+08:00,59.099998474121094,59.099998474121094,58.79999923706055,58.79999923706055,13180,0.0,0.0
2022-10-20 12:00:00+08:00,58.900001525878906,58.900001525878906,58.400001525878906,58.70000076293945,28348,0.0,0.0
2022-10-20 13:00:00+08:00,58.79999923706055,58.79999923706055,58.79999923706055,58.79999923706055,1000,0.0,0.0
2022-10-21 09:00:00+08:00,59.0,60.900001525878906,59.0,59.79999923706055,0,0.0,0.0
2022-10-21 10:00:00+08:00,59.70000076293945,60.099998474121094,59.70000076293945,60.099998474121094,10102,0.0,0.0
2022-10-21 11:00:00+08:00,60.0,60.0,59.900001525878906,60.0,11000,0.0,0.0
2022-10-21 12:00:00+08:00,60.099998474121094,60.099998474121094,59.5,59.5,30330,0.0,0.0
2022-10-21 13:00:00+08:00,59.5,59.70000076293945,59.5,59.70000076293945,7001,0.0,0.0
2022-10-24 09:00:00+08:00,60.20000076293945,60.29999923706055,59.900001525878906,60.29999923706055,0,0.0,0.0
2022-10-24 10:00:00+08:00,60.20000076293945,60.599998474121094,60.0,60.599998474121094,23001,0.0,0.0
2022-10-24 11:00:00+08:00,60.70000076293945,60.70000076293945,60.0,60.0,21000,0.0,0.0
2022-10-24 12:00:00+08:00,60.0,60.0,59.79999923706055,59.79999923706055,7000,0.0,0.0
2022-10-24 13:00:00+08:00,59.900001525878906,59.900001525878906,59.5,59.5,25000,0.0,0.0
2022-10-25 09:00:00+08:00,59.400001525878906,59.400001525878906,58.599998474121094,58.599998474121094,0,0.0,0.0
2022-10-25 10:00:00+08:00,58.70000076293945,58.70000076293945,57.599998474121094,57.900001525878906,38626,0.0,0.0
2022-10-25 11:00:00+08:00,58.20000076293945,58.29999923706055,57.900001525878906,58.099998474121094,13024,0.0,0.0
2022-10-25 12:00:00+08:00,58.099998474121094,58.20000076293945,58.099998474121094,58.099998474121094,8001,0.0,0.0
2022-10-25 13:00:00+08:00,58.099998474121094,58.29999923706055,57.900001525878906,57.900001525878906,21001,0.0,0.0
2022-10-26 10:00:00+08:00,57.900001525878906,58.5,57.599998474121094,58.5,15013,0.0,0.0
2022-10-26 11:00:00+08:00,58.400001525878906,58.400001525878906,57.70000076293945,57.70000076293945,8000,0.0,0.0
2022-10-26 12:00:00+08:00,58.0,58.400001525878906,58.0,58.400001525878906,11000,0.0,0.0
2022-10-26 13:00:00+08:00,58.0,58.0,58.0,58.0,4000,0.0,0.0
2022-10-27 09:00:00+08:00,58.79999923706055,58.900001525878906,58.5,58.79999923706055,0,0.0,0.0
2022-10-27 10:00:00+08:00,59.0,59.0,58.79999923706055,58.900001525878906,4000,0.0,0.0
2022-10-27 11:00:00+08:00,59.0,59.099998474121094,59.0,59.099998474121094,6000,0.0,0.0
2022-10-27 12:00:00+08:00,59.099998474121094,59.79999923706055,59.099998474121094,59.79999923706055,19001,0.0,0.0
2022-10-27 13:00:00+08:00,59.79999923706055,59.79999923706055,59.70000076293945,59.79999923706055,5003,0.0,0.0
2022-10-28 09:00:00+08:00,59.099998474121094,59.20000076293945,58.900001525878906,59.20000076293945,0,0.0,0.0
2022-10-28 10:00:00+08:00,59.20000076293945,59.20000076293945,58.79999923706055,58.79999923706055,16000,0.0,0.0
2022-10-28 11:00:00+08:00,59.0,59.099998474121094,59.0,59.099998474121094,4001,0.0,0.0
2022-10-28 12:00:00+08:00,59.099998474121094,59.099998474121094,59.0,59.0,4000,0.0,0.0
2022-10-28 13:00:00+08:00,58.79999923706055,58.79999923706055,58.79999923706055,58.79999923706055,3000,0.0,0.0
2022-10-31 09:00:00+08:00,59.099998474121094,60.0,59.0,59.099998474121094,45001,0.0,0.0
2022-10-31 10:00:00+08:00,59.5,59.79999923706055,59.0,59.0,58051,0.0,0.0
2022-10-31 11:00:00+08:00,59.400001525878906,59.400001525878906,59.29999923706055,59.29999923706055,3000,0.0,0.0
2022-10-31 12:00:00+08:00,59.099998474121094,59.099998474121094,58.599998474121094,59.0,46000,0.0,0.0
2022-10-31 13:00:00+08:00,59.20000076293945,59.20000076293945,59.20000076293945,59.20000076293945,1000,0.0,0.0
2022-11-01 09:00:00+08:00,59.29999923706055,60.400001525878906,59.29999923706055,60.099998474121094,0,0.0,0.0
2022-11-01 10:00:00+08:00,60.29999923706055,61.29999923706055,60.29999923706055,61.0,71002,0.0,0.0
2022-11-01 11:00:00+08:00,61.099998474121094,61.599998474121094,61.099998474121094,61.29999923706055,26404,0.0,0.0
2022-11-01 12:00:00+08:00,61.20000076293945,61.5,61.20000076293945,61.5,11003,0.0,0.0
2022-11-01 13:00:00+08:00,61.20000076293945,61.29999923706055,61.20000076293945,61.29999923706055,6049,0.0,0.0
2022-11-02 09:00:00+08:00,61.79999923706055,62.5,61.79999923706055,62.5,0,0.0,0.0
2022-11-02 10:00:00+08:00,62.599998474121094,63.400001525878906,62.599998474121094,62.599998474121094,33165,0.0,0.0
2022-11-02 11:00:00+08:00,62.599998474121094,62.599998474121094,62.5,62.5,8020,0.0,0.0
2022-11-02 12:00:00+08:00,62.400001525878906,62.400001525878906,62.0,62.0,12088,0.0,0.0
2022-11-02 13:00:00+08:00,62.099998474121094,62.099998474121094,62.099998474121094,62.099998474121094,2000,0.0,0.0
2022-11-03 09:00:00+08:00,62.0,62.400001525878906,60.70000076293945,62.29999923706055,0,0.0,0.0
2022-11-03 10:00:00+08:00,62.400001525878906,62.900001525878906,62.400001525878906,62.5,14000,0.0,0.0
2022-11-03 11:00:00+08:00,62.900001525878906,63.5,62.79999923706055,62.79999923706055,19000,0.0,0.0
2022-11-03 12:00:00+08:00,63.20000076293945,63.79999923706055,63.20000076293945,63.400001525878906,31003,0.0,0.0
2022-11-03 13:00:00+08:00,63.400001525878906,63.5,63.099998474121094,63.29999923706055,7123,0.0,0.0
2022-11-04 09:00:00+08:00,63.29999923706055,63.29999923706055,62.29999923706055,62.599998474121094,0,0.0,0.0
2022-11-04 10:00:00+08:00,62.900001525878906,64.0,62.900001525878906,63.79999923706055,22000,0.0,0.0
2022-11-04 11:00:00+08:00,63.5,63.900001525878906,63.5,63.599998474121094,11020,0.0,0.0
2022-11-04 12:00:00+08:00,63.5,63.900001525878906,63.400001525878906,63.900001525878906,17001,0.0,0.0
2022-11-04 13:00:00+08:00,64.0,64.0999984741211,63.70000076293945,63.70000076293945,17000,0.0,0.0
2022-11-07 09:00:00+08:00,65.30000305175781,65.30000305175781,64.30000305175781,65.0,0,0.0,0.0
2022-11-07 10:00:00+08:00,64.5,65.0,64.4000015258789,65.0,15023,0.0,0.0
2022-11-07 11:00:00+08:00,65.0,65.30000305175781,64.5999984741211,65.0,22000,0.0,0.0
2022-11-07 12:00:00+08:00,65.0,65.19999694824219,64.9000015258789,64.9000015258789,23150,0.0,0.0
2022-11-07 13:00:00+08:00,64.9000015258789,65.30000305175781,64.9000015258789,65.30000305175781,16089,0.0,0.0
2022-11-08 09:00:00+08:00,66.19999694824219,67.9000015258789,65.80000305175781,66.5999984741211,142154,0.0,0.0
2022-11-08 10:00:00+08:00,66.69999694824219,66.9000015258789,66.0,66.0,51267,0.0,0.0
2022-11-08 11:00:00+08:00,65.9000015258789,66.19999694824219,65.69999694824219,66.0999984741211,24334,0.0,0.0
2022-11-08 12:00:00+08:00,66.0999984741211,66.0999984741211,65.19999694824219,65.4000015258789,62103,0.0,0.0
2022-11-08 13:00:00+08:00,65.4000015258789,65.5999984741211,65.4000015258789,65.5,32002,0.0,0.0
2022-11-09 09:00:00+08:00,66.19999694824219,66.4000015258789,65.80000305175781,66.4000015258789,0,0.0,0.0
2022-11-09 10:00:00+08:00,66.5,66.5,66.0,66.0999984741211,22009,0.0,0.0
2022-11-09 11:00:00+08:00,66.30000305175781,66.30000305175781,65.9000015258789,65.9000015258789,14048,0.0,0.0
2022-11-09 12:00:00+08:00,66.0,66.0,65.80000305175781,65.80000305175781,15394,0.0,0.0
2022-11-09 13:00:00+08:00,65.9000015258789,65.9000015258789,65.9000015258789,65.9000015258789,1000,0.0,0.0
2022-11-10 09:00:00+08:00,66.0,66.5999984741211,65.9000015258789,66.0,0,0.0,0.0
2022-11-10 10:00:00+08:00,66.0,66.0,65.5,66.0,18109,0.0,0.0
2022-11-10 11:00:00+08:00,65.69999694824219,66.19999694824219,65.4000015258789,66.19999694824219,0,0.0,0.0
2022-11-10 12:00:00+08:00,66.0999984741211,66.0999984741211,65.80000305175781,65.80000305175781,73815,0.0,0.0
2022-11-10 13:00:00+08:00,66.0,66.19999694824219,66.0,66.19999694824219,8000,0.0,0.0
2022-11-11 09:00:00+08:00,67.0,67.30000305175781,66.19999694824219,66.5,0,0.0,0.0
2022-11-11 10:00:00+08:00,66.5,66.5999984741211,65.9000015258789,65.9000015258789,27001,0.0,0.0
2022-11-11 11:00:00+08:00,66.0999984741211,66.0999984741211,65.9000015258789,66.0,13030,0.0,0.0
2022-11-11 12:00:00+08:00,65.9000015258789,66.19999694824219,65.69999694824219,65.9000015258789,26151,0.0,0.0
2022-11-11 13:00:00+08:00,66.0,66.0,65.9000015258789,65.9000015258789,3000,0.0,0.0
2022-11-14 09:00:00+08:00,66.5999984741211,66.5999984741211,65.69999694824219,65.69999694824219,0,0.0,0.0
2022-11-14 10:00:00+08:00,65.69999694824219,66.5,65.69999694824219,66.0999984741211,21082,0.0,0.0
2022-11-14 11:00:00+08:00,66.4000015258789,66.5,66.30000305175781,66.30000305175781,9002,0.0,0.0
2022-11-14 12:00:00+08:00,66.30000305175781,66.4000015258789,66.0999984741211,66.4000015258789,25101,0.0,0.0
2022-11-14 13:00:00+08:00,66.4000015258789,66.4000015258789,66.0999984741211,66.19999694824219,7004,0.0,0.0
2022-11-15 09:00:00+08:00,66.19999694824219,66.69999694824219,66.0,66.19999694824219,0,0.0,0.0
2022-11-15 10:00:00+08:00,66.19999694824219,66.19999694824219,65.30000305175781,65.9000015258789,53102,0.0,0.0
2022-11-15 11:00:00+08:00,66.0,66.30000305175781,66.0,66.30000305175781,24180,0.0,0.0
2022-11-15 12:00:00+08:00,66.30000305175781,66.30000305175781,66.0,66.19999694824219,16000,0.0,0.0
2022-11-15 13:00:00+08:00,66.19999694824219,66.19999694824219,66.0999984741211,66.0999984741211,14000,0.0,0.0
2022-11-16 09:00:00+08:00,66.5,67.4000015258789,66.19999694824219,66.9000015258789,0,0.0,0.0
2022-11-16 10:00:00+08:00,66.80000305175781,66.9000015258789,66.69999694824219,66.69999694824219,14002,0.0,0.0
2022-11-16 11:00:00+08:00,66.69999694824219,66.69999694824219,66.19999694824219,66.69999694824219,27000,0.0,0.0
2022-11-16 12:00:00+08:00,66.5999984741211,67.0,66.5999984741211,66.9000015258789,40086,0.0,0.0
2022-11-16 13:00:00+08:00,66.80000305175781,66.9000015258789,66.69999694824219,66.69999694824219,9009,0.0,0.0
2022-11-17 09:00:00+08:00,66.9000015258789,67.80000305175781,66.9000015258789,67.19999694824219,0,0.0,0.0
2022-11-17 10:00:00+08:00,67.4000015258789,68.19999694824219,67.19999694824219,67.80000305175781,59145,0.0,0.0
2022-11-17 11:00:00+08:00,68.0,68.5999984741211,68.0,68.4000015258789,54002,0.0,0.0
2022-11-17 12:00:00+08:00,68.19999694824219,68.4000015258789,67.9000015258789,68.19999694824219,27050,0.0,0.0
2022-11-17 13:00:00+08:00,68.19999694824219,68.19999694824219,68.0,68.19999694824219,14002,0.0,0.0
2022-11-18 09:00:00+08:00,68.9000015258789,69.30000305175781,68.4000015258789,68.4000015258789,0,0.0,0.0
2022-11-18 10:00:00+08:00,68.4000015258789,68.5,68.0,68.4000015258789,46003,0.0,0.0
2022-11-18 11:00:00+08:00,68.4000015258789,68.4000015258789,68.30000305175781,68.30000305175781,6053,0.0,0.0
2022-11-18 12:00:00+08:00,68.19999694824219,68.19999694824219,67.80000305175781,67.80000305175781,23549,0.0,0.0
2022-11-18 13:00:00+08:00,67.80000305175781,68.0,67.80000305175781,68.0,5011,0.0,0.0
2022-11-21 09:00:00+08:00,67.80000305175781,68.0,67.69999694824219,67.80000305175781,0,0.0,0.0
2022-11-21 10:00:00+08:00,67.9000015258789,68.0999984741211,67.80000305175781,68.0999984741211,13000,0.0,0.0
2022-11-21 11:00:00+08:00,68.0,68.69999694824219,67.80000305175781,67.80000305175781,59000,0.0,0.0
2022-11-21 12:00:00+08:00,67.80000305175781,67.9000015258789,67.80000305175781,67.80000305175781,7000,0.0,0.0
2022-11-21 13:00:00+08:00,67.80000305175781,67.80000305175781,67.80000305175781,67.80000305175781,3000,0.0,0.0
2022-11-22 09:00:00+08:00,68.0999984741211,68.0999984741211,67.69999694824219,67.69999694824219,0,0.0,0.0
2022-11-22 10:00:00+08:00,67.5,67.80000305175781,67.5,67.80000305175781,6011,0.0,0.0
2022-11-22 11:00:00+08:00,67.80000305175781,68.0,67.69999694824219,67.69999694824219,14001,0.0,0.0
2022-11-22 12:00:00+08:00,67.9000015258789,67.9000015258789,67.69999694824219,67.80000305175781,7011,0.0,0.0
2022-11-22 13:00:00+08:00,67.69999694824219,67.80000305175781,67.69999694824219,67.80000305175781,3091,0.0,0.0
2022-11-23 09:00:00+08:00,68.0999984741211,68.0999984741211,67.5999984741211,67.80000305175781,0,0.0,0.0
2022-11-23 10:00:00+08:00,67.5999984741211,68.19999694824219,67.5999984741211,68.19999694824219,26005,0.0,0.0
2022-11-23 11:00:00+08:00,68.0,68.0,67.9000015258789,68.0,11000,0.0,0.0
2022-11-23 12:00:00+08:00,68.0,68.0999984741211,67.9000015258789,68.0999984741211,11002,0.0,0.0
2022-11-23 13:00:00+08:00,68.0,68.0,67.9000015258789,67.9000015258789,9000,0.0,0.0
2022-11-24 09:00:00+08:00,68.80000305175781,69.0999984741211,68.4000015258789,69.0999984741211,0,0.0,0.0
2022-11-24 10:00:00+08:00,69.0,69.0999984741211,68.69999694824219,68.9000015258789,24000,0.0,0.0
2022-11-24 11:00:00+08:00,68.9000015258789,69.0,68.69999694824219,69.0,9004,0.0,0.0
2022-11-24 12:00:00+08:00,69.0,69.0,68.5999984741211,68.5999984741211,4001,0.0,0.0
2022-11-24 13:00:00+08:00,68.5999984741211,68.5999984741211,68.5999984741211,68.5999984741211,6000,0.0,0.0
2022-11-25 09:00:00+08:00,68.5,68.80000305175781,68.4000015258789,68.5999984741211,0,0.0,0.0
2022-11-25 10:00:00+08:00,68.69999694824219,68.69999694824219,68.30000305175781,68.30000305175781,23017,0.0,0.0
2022-11-25 11:00:00+08:00,68.19999694824219,68.19999694824219,68.0999984741211,68.0999984741211,8000,0.0,0.0
2022-11-25 12:00:00+08:00,68.0999984741211,68.19999694824219,67.69999694824219,68.0,16104,0.0,0.0
2022-11-25 13:00:00+08:00,67.80000305175781,67.80000305175781,67.5999984741211,67.5999984741211,14001,0.0,0.0
2022-11-28 09:00:00+08:00,68.30000305175781,68.30000305175781,67.5,68.19999694824219,0,0.0,0.0
2022-11-28 10:00:00+08:00,68.0,68.19999694824219,67.5999984741211,68.0,43116,0.0,0.0
2022-11-28 11:00:00+08:00,68.19999694824219,68.30000305175781,68.0999984741211,68.30000305175781,16000,0.0,0.0
2022-11-28 12:00:00+08:00,68.19999694824219,68.30000305175781,68.0,68.0999984741211,22098,0.0,0.0
2022-11-28 13:00:00+08:00,68.0,68.0999984741211,68.0,68.0999984741211,3000,0.0,0.0
2022-11-29 09:00:00+08:00,67.80000305175781,68.19999694824219,67.5999984741211,68.19999694824219,0,0.0,0.0
2022-11-29 10:00:00+08:00,68.30000305175781,68.5,68.0999984741211,68.19999694824219,13003,0.0,0.0
2022-11-29 11:00:00+08:00,68.0999984741211,68.30000305175781,68.0999984741211,68.19999694824219,13001,0.0,0.0
2022-11-29 12:00:00+08:00,68.30000305175781,68.30000305175781,67.80000305175781,68.0999984741211,50102,0.0,0.0
2022-11-29 13:00:00+08:00,68.0999984741211,68.0999984741211,68.0,68.0,6401,0.0,0.0
2022-11-30 09:00:00+08:00,70.0,70.30000305175781,69.0,70.0,34527,0.0,0.0
2022-11-30 10:00:00+08:00,70.0,70.0,69.69999694824219,69.69999694824219,35027,0.0,0.0
2022-11-30 11:00:00+08:00,69.69999694824219,70.0,69.5,70.0,38501,0.0,0.0
2022-11-30 12:00:00+08:00,70.0,70.0,69.80000305175781,70.0,17210,0.0,0.0
2022-11-30 13:00:00+08:00,69.9000015258789,70.0,69.80000305175781,70.0,7000,0.0,0.0
2022-12-01 09:00:00+08:00,70.30000305175781,70.5,70.0,70.0,0,0.0,0.0
2022-12-01 10:00:00+08:00,70.0,70.0,69.69999694824219,69.80000305175781,23012,0.0,0.0
2022-12-01 11:00:00+08:00,69.9000015258789,69.9000015258789,69.80000305175781,69.80000305175781,8101,0.0,0.0
2022-12-01 12:00:00+08:00,69.9000015258789,70.19999694824219,69.69999694824219,70.19999694824219,30071,0.0,0.0
2022-12-01 13:00:00+08:00,70.0999984741211,70.30000305175781,70.0,70.0,14021,0.0,0.0
2022-12-02 09:00:00+08:00,70.0,71.19999694824219,70.0,70.80000305175781,0,0.0,0.0
2022-12-02 10:00:00+08:00,70.80000305175781,70.80000305175781,70.5,70.5,17020,0.0,0.0
2022-12-02 11:00:00+08:00,70.5,70.80000305175781,70.5,70.80000305175781,14100,0.0,0.0
2022-12-02 12:00:00+08:00,70.80000305175781,71.0,70.5,71.0,55252,0.0,0.0
2022-12-02 13:00:00+08:00,70.9000015258789,70.9000015258789,70.69999694824219,70.69999694824219,9048,0.0,0.0
2022-12-05 09:00:00+08:00,71.0999984741211,73.0,71.0,72.19999694824219,1528,0.0,0.0
2022-12-05 10:00:00+08:00,72.30000305175781,72.80000305175781,72.30000305175781,72.69999694824219,40077,0.0,0.0
2022-12-05 11:00:00+08:00,72.69999694824219,72.69999694824219,72.4000015258789,72.5999984741211,8000,0.0,0.0
2022-12-05 12:00:00+08:00,72.5,72.5999984741211,72.19999694824219,72.30000305175781,25068,0.0,0.0
2022-12-05 13:00:00+08:00,72.5,72.5,72.4000015258789,72.5,9154,0.0,0.0
2022-12-06 09:00:00+08:00,72.5,72.69999694824219,71.5999984741211,71.9000015258789,0,0.0,0.0
2022-12-06 10:00:00+08:00,71.9000015258789,72.0999984741211,71.69999694824219,71.69999694824219,47000,0.0,0.0
2022-12-06 11:00:00+08:00,71.9000015258789,72.0,71.5,71.5,25139,0.0,0.0
2022-12-06 12:00:00+08:00,71.5,71.5,71.0,71.0999984741211,0,0.0,0.0
2022-12-06 13:00:00+08:00,71.0999984741211,71.0999984741211,70.5999984741211,70.5999984741211,154337,0.0,0.0
2022-12-07 09:00:00+08:00,70.0999984741211,71.80000305175781,70.0999984741211,71.5,0,0.0,0.0
2022-12-07 10:00:00+08:00,71.4000015258789,71.5,70.30000305175781,70.9000015258789,68202,0.0,0.0
2022-12-07 11:00:00+08:00,70.5999984741211,71.30000305175781,70.5999984741211,71.30000305175781,16189,0.0,0.0
2022-12-07 12:00:00+08:00,71.5,71.5999984741211,71.19999694824219,71.19999694824219,18050,0.0,0.0
2022-12-07 13:00:00+08:00,71.0,71.4000015258789,70.9000015258789,71.4000015258789,8000,0.0,0.0
2022-12-08 09:00:00+08:00,72.0,72.0,71.5,71.9000015258789,0,0.0,0.0
2022-12-08 10:00:00+08:00,71.5,71.80000305175781,71.5,71.5,10000,0.0,0.0
2022-12-08 11:00:00+08:00,71.80000305175781,73.30000305175781,71.5999984741211,73.0,88465,0.0,0.0
2022-12-08 12:00:00+08:00,73.0,73.19999694824219,72.5999984741211,72.5999984741211,33024,0.0,0.0
2022-12-08 13:00:00+08:00,72.5,72.5,72.30000305175781,72.30000305175781,6001,0.0,0.0
2022-12-09 09:00:00+08:00,72.5999984741211,72.80000305175781,72.0,72.69999694824219,0,0.0,0.0
2022-12-09 10:00:00+08:00,72.5999984741211,72.5999984741211,72.30000305175781,72.30000305175781,16040,0.0,0.0
2022-12-09 11:00:00+08:00,72.19999694824219,72.19999694824219,71.9000015258789,71.9000015258789,20185,0.0,0.0
2022-12-09 12:00:00+08:00,71.9000015258789,72.0,71.5,71.5,27282,0.0,0.0
2022-12-09 13:00:00+08:00,71.5,71.5,71.19999694824219,71.30000305175781,10004,0.0,0.0
2022-12-12 09:00:00+08:00,71.80000305175781,71.80000305175781,71.0,71.5999984741211,0,0.0,0.0
2022-12-12 10:00:00+08:00,71.5999984741211,71.80000305175781,71.30000305175781,71.5,56002,0.0,0.0
2022-12-12 11:00:00+08:00,71.5,71.69999694824219,71.4000015258789,71.69999694824219,6014,0.0,0.0
2022-12-12 12:00:00+08:00,71.69999694824219,71.80000305175781,71.69999694824219,71.80000305175781,5001,0.0,0.0
2022-12-12 13:00:00+08:00,71.80000305175781,71.80000305175781,71.5,71.80000305175781,6024,0.0,0.0
2022-12-13 09:00:00+08:00,72.0,72.0,71.5,71.5,0,0.0,0.0
2022-12-13 10:00:00+08:00,71.5,71.5,71.5,71.5,3000,0.0,0.0
2022-12-13 11:00:00+08:00,71.30000305175781,71.5,70.9000015258789,71.0,26333,0.0,0.0
2022-12-13 12:00:00+08:00,71.0,71.0,70.69999694824219,70.80000305175781,29038,0.0,0.0
2022-12-13 13:00:00+08:00,70.80000305175781,70.80000305175781,70.4000015258789,70.4000015258789,47000,0.0,0.0
2022-12-14 09:00:00+08:00,70.69999694824219,71.5999984741211,70.69999694824219,71.30000305175781,0,0.0,0.0
2022-12-14 10:00:00+08:00,71.30000305175781,71.4000015258789,71.0,71.4000015258789,36112,0.0,0.0
2022-12-14 11:00:00+08:00,71.4000015258789,71.4000015258789,71.0999984741211,71.0999984741211,24052,0.0,0.0
2022-12-14 12:00:00+08:00,71.0999984741211,71.0999984741211,70.80000305175781,70.80000305175781,13000,0.0,0.0
2022-12-14 13:00:00+08:00,70.80000305175781,70.80000305175781,70.69999694824219,70.80000305175781,13220,0.0,0.0
2022-12-15 09:00:00+08:00,71.19999694824219,71.9000015258789,71.0,71.5,0,0.0,0.0
2022-12-15 10:00:00+08:00,71.5,71.5999984741211,71.4000015258789,71.5999984741211,13002,0.0,0.0
2022-12-15 11:00:00+08:00,71.5999984741211,72.5999984741211,71.5999984741211,72.5,53259,0.0,0.0
2022-12-15 12:00:00+08:00,72.5,72.5,72.0999984741211,72.0999984741211,17019,0.0,0.0
2022-12-15 13:00:00+08:00,72.0,72.0,71.5,71.5999984741211,22000,0.0,0.0
2022-12-16 09:00:00+08:00,71.0999984741211,71.0999984741211,70.5999984741211,71.0999984741211,0,0.0,0.0
2022-12-16 10:00:00+08:00,71.19999694824219,71.4000015258789,71.19999694824219,71.4000015258789,13232,0.0,0.0
2022-12-16 11:00:00+08:00,71.5,71.5,71.4000015258789,71.4000015258789,5004,0.0,0.0
2022-12-16 12:00:00+08:00,71.30000305175781,71.30000305175781,70.9000015258789,70.9000015258789,16125,0.0,0.0
2022-12-16 13:00:00+08:00,71.0,71.0,70.80000305175781,70.80000305175781,8104,0.0,0.0
2022-12-19 09:00:00+08:00,70.9000015258789,71.19999694824219,70.9000015258789,70.9000015258789,0,0.0,0.0
2022-12-19 10:00:00+08:00,70.9000015258789,71.0,70.9000015258789,71.0,4002,0.0,0.0
2022-12-19 11:00:00+08:00,71.0,71.0999984741211,70.9000015258789,71.0,15002,0.0,0.0
2022-12-19 12:00:00+08:00,71.0,71.0,70.9000015258789,70.9000015258789,13002,0.0,0.0
2022-12-19 13:00:00+08:00,70.9000015258789,70.9000015258789,70.9000015258789,70.9000015258789,3002,0.0,0.0
2022-12-20 09:00:00+08:00,70.80000305175781,70.80000305175781,70.0999984741211,70.80000305175781,5839,0.0,0.0
2022-12-20 10:00:00+08:00,70.80000305175781,70.80000305175781,70.80000305175781,70.80000305175781,1001,0.0,0.0
2022-12-20 11:00:00+08:00,70.4000015258789,70.4000015258789,68.9000015258789,68.9000015258789,54201,0.0,0.0
2022-12-20 12:00:00+08:00,68.80000305175781,68.80000305175781,67.5,68.4000015258789,24147,0.0,0.0
2022-12-20 13:00:00+08:00,68.19999694824219,68.30000305175781,67.5999984741211,67.5999984741211,34000,0.0,0.0
2022-12-21 09:00:00+08:00,69.5,69.5,68.69999694824219,68.69999694824219,0,0.0,0.0
2022-12-21 10:00:00+08:00,68.5999984741211,68.5999984741211,68.4000015258789,68.4000015258789,5006,0.0,0.0
2022-12-21 11:00:00+08:00,68.4000015258789,68.4000015258789,68.30000305175781,68.30000305175781,3003,0.0,0.0
2022-12-21 12:00:00+08:00,68.4000015258789,68.4000015258789,68.4000015258789,68.4000015258789,4002,0.0,0.0
2022-12-21 13:00:00+08:00,68.4000015258789,68.4000015258789,68.30000305175781,68.4000015258789,5004,0.0,0.0
2022-12-22 09:00:00+08:00,69.5999984741211,69.5999984741211,69.0,69.0999984741211,0,0.0,0.0
2022-12-22 10:00:00+08:00,68.80000305175781,68.80000305175781,68.4000015258789,68.4000015258789,15000,0.0,0.0
2022-12-22 11:00:00+08:00,68.0999984741211,68.19999694824219,67.5,68.0999984741211,25515,0.0,0.0
2022-12-22 12:00:00+08:00,68.69999694824219,68.80000305175781,68.69999694824219,68.80000305175781,10006,0.0,0.0
2022-12-22 13:00:00+08:00,68.4000015258789,68.4000015258789,68.4000015258789,68.4000015258789,4000,0.0,0.0
2022-12-23 09:00:00+08:00,67.5,67.9000015258789,67.5,67.80000305175781,0,0.0,0.0
2022-12-23 10:00:00+08:00,68.0,68.0,67.80000305175781,67.80000305175781,9005,0.0,0.0
2022-12-23 11:00:00+08:00,67.9000015258789,67.9000015258789,67.80000305175781,67.9000015258789,13000,0.0,0.0
2022-12-23 12:00:00+08:00,68.0,68.0999984741211,68.0,68.0999984741211,4000,0.0,0.0
2022-12-23 13:00:00+08:00,68.19999694824219,68.19999694824219,67.80000305175781,67.80000305175781,6000,0.0,0.0
2022-12-26 09:00:00+08:00,67.80000305175781,68.19999694824219,67.80000305175781,68.19999694824219,0,0.0,0.0
2022-12-26 10:00:00+08:00,68.0,68.19999694824219,68.0,68.0,8004,0.0,0.0
2022-12-26 11:00:00+08:00,68.0,68.0,68.0,68.0,11200,0.0,0.0
2022-12-26 12:00:00+08:00,68.0,68.0,67.9000015258789,68.0,9003,0.0,0.0
2022-12-26 13:00:00+08:00,67.9000015258789,67.9000015258789,67.80000305175781,67.80000305175781,5001,0.0,0.0
2022-12-27 09:00:00+08:00,68.69999694824219,68.9000015258789,68.5999984741211,68.69999694824219,0,0.0,0.0
2022-12-27 10:00:00+08:00,68.5,68.5,68.5,68.5,3002,0.0,0.0
2022-12-27 11:00:00+08:00,68.30000305175781,68.30000305175781,68.30000305175781,68.30000305175781,6000,0.0,0.0
2022-12-27 12:00:00+08:00,68.30000305175781,68.5,68.30000305175781,68.5,3024,0.0,0.0
2022-12-27 13:00:00+08:00,68.5,68.5,68.5,68.5,2001,0.0,0.0
2022-12-28 09:00:00+08:00,68.9000015258789,68.9000015258789,67.9000015258789,67.9000015258789,0,0.0,0.0
2022-12-28 10:00:00+08:00,67.80000305175781,67.80000305175781,67.80000305175781,67.80000305175781,4000,0.0,0.0
2022-12-28 11:00:00+08:00,67.80000305175781,67.80000305175781,67.69999694824219,67.69999694824219,4054,0.0,0.0
2022-12-28 12:00:00+08:00,67.69999694824219,67.69999694824219,67.5999984741211,67.5999984741211,13000,0.0,0.0
2022-12-28 13:00:00+08:00,67.5,67.5,67.5,67.5,11052,0.0,0.0
2022-12-29 09:00:00+08:00,67.0,67.0,66.19999694824219,66.30000305175781,0,0.0,0.0
2022-12-29 10:00:00+08:00,66.80000305175781,67.0,66.80000305175781,67.0,9062,0.0,0.0
2022-12-29 11:00:00+08:00,66.9000015258789,66.9000015258789,66.4000015258789,66.4000015258789,21099,0.0,0.0
2022-12-29 12:00:00+08:00,66.80000305175781,66.9000015258789,66.80000305175781,66.9000015258789,3000,0.0,0.0
2022-12-29 13:00:00+08:00,67.0,67.0,67.0,67.0,2000,0.0,0.0
2022-12-30 09:00:00+08:00,67.4000015258789,67.4000015258789,67.0,67.0999984741211,0,0.0,0.0
2022-12-30 10:00:00+08:00,67.0,67.30000305175781,67.0,67.0,20000,0.0,0.0
2022-12-30 11:00:00+08:00,67.0,67.30000305175781,66.9000015258789,67.0,24009,0.0,0.0
2022-12-30 12:00:00+08:00,67.19999694824219,67.4000015258789,67.19999694824219,67.19999694824219,25225,0.0,0.0
2022-12-30 13:00:00+08:00,67.4000015258789,67.4000015258789,67.0999984741211,67.0999984741211,6001,0.0,0.0
2023-01-03 09:00:00+08:00,67.0,67.0,67.0,67.0,0,0.0,0.0
2023-01-03 10:00:00+08:00,67.5,67.5,67.0999984741211,67.5,8000,0.0,0.0
2023-01-03 11:00:00+08:00,67.5,67.5,67.5,67.5,1007,0.0,0.0
2023-01-03 12:00:00+08:00,67.69999694824219,67.69999694824219,67.69999694824219,67.69999694824219,1050,0.0,0.0
2023-01-03 13:00:00+08:00,67.69999694824219,67.69999694824219,67.69999694824219,67.69999694824219,1000,0.0,0.0
2023-01-04 10:00:00+08:00,67.9000015258789,68.0,67.80000305175781,67.9000015258789,28033,0.0,0.0
2023-01-04 11:00:00+08:00,67.9000015258789,67.9000015258789,67.80000305175781,67.80000305175781,4000,0.0,0.0
2023-01-04 12:00:00+08:00,67.80000305175781,67.9000015258789,67.80000305175781,67.80000305175781,8008,0.0,0.0
2023-01-04 13:00:00+08:00,67.69999694824219,67.80000305175781,67.69999694824219,67.80000305175781,4013,0.0,0.0
2023-01-05 09:00:00+08:00,68.19999694824219,69.5999984741211,67.80000305175781,68.80000305175781,219,0.0,0.0
2023-01-05 10:00:00+08:00,68.80000305175781,69.0,68.19999694824219,68.19999694824219,23203,0.0,0.0
2023-01-05 11:00:00+08:00,68.30000305175781,68.5999984741211,68.30000305175781,68.30000305175781,5000,0.0,0.0
2023-01-05 12:00:00+08:00,68.5,68.5,68.30000305175781,68.4000015258789,3004,0.0,0.0
2023-01-05 13:00:00+08:00,68.4000015258789,68.5,68.30000305175781,68.4000015258789,9513,0.0,0.0
2023-01-06 09:00:00+08:00,68.30000305175781,68.30000305175781,67.9000015258789,68.0,0,0.0,0.0
2023-01-06 10:00:00+08:00,68.0,68.0,67.9000015258789,68.0,9002,0.0,0.0
2023-01-06 11:00:00+08:00,68.0,68.19999694824219,68.0,68.19999694824219,3006,0.0,0.0
2023-01-06 12:00:00+08:00,68.19999694824219,68.19999694824219,68.0999984741211,68.19999694824219,7002,0.0,0.0
2023-01-06 13:00:00+08:00,68.19999694824219,68.19999694824219,68.0,68.0999984741211,9000,0.0,0.0
2023-01-09 09:00:00+08:00,68.30000305175781,68.80000305175781,68.19999694824219,68.5,22002,0.0,0.0
2023-01-09 10:00:00+08:00,68.5999984741211,68.69999694824219,68.5,68.5999984741211,15100,0.0,0.0
2023-01-09 11:00:00+08:00,68.5999984741211,68.69999694824219,68.5999984741211,68.5999984741211,17211,0.0,0.0
2023-01-09 12:00:00+08:00,68.5999984741211,68.69999694824219,68.5,68.5,18001,0.0,0.0
2023-01-09 13:00:00+08:00,68.5,68.5,68.5,68.5,2000,0.0,0.0
2023-01-10 09:00:00+08:00,68.5,68.69999694824219,68.5,68.69999694824219,0,0.0,0.0
2023-01-10 10:00:00+08:00,68.5999984741211,68.5999984741211,68.30000305175781,68.30000305175781,25461,0.0,0.0
2023-01-10 11:00:00+08:00,68.30000305175781,68.30000305175781,68.0999984741211,68.0999984741211,5103,0.0,0.0
2023-01-10 12:00:00+08:00,68.19999694824219,68.30000305175781,68.0,68.0,20430,0.0,0.0
2023-01-10 13:00:00+08:00,68.0999984741211,68.19999694824219,68.0999984741211,68.19999694824219,3000,0.0,0.0
2023-01-11 09:00:00+08:00,67.5999984741211,67.9000015258789,67.19999694824219,67.69999694824219,24979,0.0,0.0
2023-01-11 10:00:00+08:00,67.9000015258789,68.0,67.69999694824219,67.69999694824219,24485,0.0,0.0
2023-01-11 11:00:00+08:00,67.5999984741211,67.5999984741211,67.30000305175781,67.4000015258789,40047,0.0,0.0
2023-01-11 12:00:00+08:00,67.4000015258789,67.5,67.4000015258789,67.5,6001,0.0,0.0
2023-01-11 13:00:00+08:00,67.5,67.5,67.19999694824219,67.19999694824219,21347,0.0,0.0
2023-01-12 09:00:00+08:00,67.0,67.0,66.4000015258789,66.80000305175781,0,0.0,0.0
2023-01-12 10:00:00+08:00,66.9000015258789,66.9000015258789,66.80000305175781,66.80000305175781,9001,0.0,0.0
2023-01-12 11:00:00+08:00,66.80000305175781,66.80000305175781,66.5,66.5,30024,0.0,0.0
2023-01-12 12:00:00+08:00,66.69999694824219,66.69999694824219,66.5,66.5999984741211,31054,0.0,0.0
2023-01-12 13:00:00+08:00,66.5,66.5,66.4000015258789,66.4000015258789,8000,0.0,0.0
2023-01-13 09:00:00+08:00,66.4000015258789,66.80000305175781,66.4000015258789,66.5999984741211,0,0.0,0.0
2023-01-13 10:00:00+08:00,66.5999984741211,66.5999984741211,65.5,65.5,45027,0.0,0.0
2023-01-13 11:00:00+08:00,65.69999694824219,66.19999694824219,65.69999694824219,65.9000015258789,12048,0.0,0.0
2023-01-13 12:00:00+08:00,66.19999694824219,66.19999694824219,66.0,66.0999984741211,4262,0.0,0.0
2023-01-13 13:00:00+08:00,66.0,66.0,66.0,66.0,4018,0.0,0.0
2023-01-16 09:00:00+08:00,66.0999984741211,66.0999984741211,65.80000305175781,66.0999984741211,0,0.0,0.0
2023-01-16 10:00:00+08:00,66.30000305175781,66.5,66.0999984741211,66.0999984741211,7111,0.0,0.0
2023-01-16 11:00:00+08:00,66.0999984741211,66.0999984741211,66.0999984741211,66.0999984741211,4003,0.0,0.0
2023-01-16 12:00:00+08:00,66.30000305175781,66.9000015258789,66.30000305175781,66.5,13001,0.0,0.0
2023-01-16 13:00:00+08:00,66.5999984741211,66.5999984741211,66.5999984741211,66.5999984741211,3001,0.0,0.0
2023-01-17 09:00:00+08:00,66.19999694824219,66.80000305175781,66.19999694824219,66.69999694824219,0,0.0,0.0
2023-01-17 10:00:00+08:00,66.69999694824219,66.80000305175781,66.69999694824219,66.80000305175781,4007,0.0,0.0
2023-01-17 11:00:00+08:00,66.69999694824219,66.80000305175781,66.5999984741211,66.69999694824219,10045,0.0,0.0
2023-01-17 12:00:00+08:00,66.80000305175781,66.80000305175781,66.69999694824219,66.80000305175781,11252,0.0,0.0
2023-01-17 13:00:00+08:00,66.9000015258789,67.0,66.80000305175781,67.0,13100,0.0,0.0
2023-01-30 09:00:00+08:00,67.5,67.69999694824219,67.5,67.5999984741211,0,0.0,0.0
2023-01-30 10:00:00+08:00,67.5,67.69999694824219,67.30000305175781,67.69999694824219,15126,0.0,0.0
2023-01-30 11:00:00+08:00,67.5999984741211,67.69999694824219,67.5999984741211,67.69999694824219,5004,0.0,0.0
2023-01-30 12:00:00+08:00,67.69999694824219,67.9000015258789,67.69999694824219,67.9000015258789,16004,0.0,0.0
2023-01-30 13:00:00+08:00,67.9000015258789,68.0,67.9000015258789,68.0,8002,0.0,0.0
2023-01-31 09:00:00+08:00,68.0999984741211,69.0,67.9000015258789,68.5999984741211,0,0.0,0.0
2023-01-31 10:00:00+08:00,68.5,68.5,68.5,68.5,1030,0.0,0.0
2023-01-31 11:00:00+08:00,68.5,68.69999694824219,68.5,68.69999694824219,7003,0.0,0.0
2023-01-31 12:00:00+08:00,68.69999694824219,68.69999694824219,68.5,68.5,8004,0.0,0.0
2023-01-31 13:00:00+08:00,68.5999984741211,68.69999694824219,68.5999984741211,68.69999694824219,8000,0.0,0.0
2023-02-01 09:00:00+08:00,68.9000015258789,69.19999694824219,68.9000015258789,69.0999984741211,0,0.0,0.0
2023-02-01 10:00:00+08:00,69.0,69.0,68.80000305175781,68.80000305175781,10004,0.0,0.0
2023-02-01 11:00:00+08:00,68.80000305175781,69.0999984741211,68.80000305175781,69.0,7009,0.0,0.0
2023-02-01 12:00:00+08:00,68.9000015258789,69.0,68.80000305175781,69.0,21344,0.0,0.0
2023-02-01 13:00:00+08:00,69.0,69.0,69.0,69.0,4025,0.0,0.0
2023-02-02 09:00:00+08:00,69.0,69.4000015258789,69.0,69.0999984741211,0,0.0,0.0
2023-02-02 10:00:00+08:00,69.0999984741211,69.19999694824219,69.0999984741211,69.19999694824219,9004,0.0,0.0
2023-02-02 11:00:00+08:00,69.0999984741211,69.19999694824219,69.0999984741211,69.19999694824219,9241,0.0,0.0
2023-02-02 12:00:00+08:00,69.19999694824219,69.30000305175781,69.0999984741211,69.0999984741211,11003,0.0,0.0
2023-02-02 13:00:00+08:00,69.19999694824219,69.30000305175781,69.19999694824219,69.30000305175781,4004,0.0,0.0
2023-02-03 09:00:00+08:00,69.30000305175781,69.5,68.80000305175781,68.80000305175781,0,0.0,0.0
2023-02-03 10:00:00+08:00,68.80000305175781,69.0999984741211,68.80000305175781,69.0,6145,0.0,0.0
2023-02-03 11:00:00+08:00,69.0,69.0,68.9000015258789,68.9000015258789,3013,0.0,0.0
2023-02-03 12:00:00+08:00,68.9000015258789,69.0,68.80000305175781,68.80000305175781,16022,0.0,0.0
2023-02-03 13:00:00+08:00,68.69999694824219,68.9000015258789,68.69999694824219,68.9000015258789,10028,0.0,0.0
2023-02-06 09:00:00+08:00,68.69999694824219,69.0999984741211,68.69999694824219,69.0,0,0.0,0.0
2023-02-06 10:00:00+08:00,68.9000015258789,68.9000015258789,68.80000305175781,68.80000305175781,7013,0.0,0.0
2023-02-06 11:00:00+08:00,68.80000305175781,68.80000305175781,68.80000305175781,68.80000305175781,6009,0.0,0.0
2023-02-06 12:00:00+08:00,68.80000305175781,68.9000015258789,68.80000305175781,68.80000305175781,7139,0.0,0.0
2023-02-06 13:00:00+08:00,68.80000305175781,68.80000305175781,68.5999984741211,68.5999984741211,13012,0.0,0.0
2023-02-07 09:00:00+08:00,68.5,68.5999984741211,68.4000015258789,68.4000015258789,0,0.0,0.0
2023-02-07 10:00:00+08:00,68.4000015258789,68.5,68.4000015258789,68.4000015258789,9031,0.0,0.0
2023-02-07 11:00:00+08:00,68.4000015258789,68.5,68.30000305175781,68.5,8008,0.0,0.0
2023-02-07 13:00:00+08:00,68.4000015258789,68.4000015258789,68.30000305175781,68.30000305175781,10008,0.0,0.0
2023-02-08 09:00:00+08:00,68.5999984741211,68.69999694824219,68.5,68.69999694824219,0,0.0,0.0
2023-02-08 10:00:00+08:00,68.80000305175781,68.80000305175781,68.80000305175781,68.80000305175781,19118,0.0,0.0
2023-02-08 11:00:00+08:00,68.9000015258789,69.0,68.80000305175781,68.80000305175781,13559,0.0,0.0
2023-02-08 12:00:00+08:00,68.80000305175781,68.80000305175781,68.69999694824219,68.69999694824219,7191,0.0,0.0
2023-02-08 13:00:00+08:00,68.69999694824219,68.69999694824219,68.69999694824219,68.69999694824219,4088,0.0,0.0
2023-02-09 09:00:00+08:00,68.5999984741211,69.5999984741211,68.5999984741211,69.5999984741211,0,0.0,0.0
2023-02-09 10:00:00+08:00,69.5999984741211,70.4000015258789,69.5,70.4000015258789,114219,0.0,0.0
2023-02-09 11:00:00+08:00,70.4000015258789,70.4000015258789,70.0,70.0999984741211,28260,0.0,0.0
2023-02-09 12:00:00+08:00,70.0999984741211,70.19999694824219,69.9000015258789,69.9000015258789,19506,0.0,0.0
2023-02-09 13:00:00+08:00,69.9000015258789,69.9000015258789,69.69999694824219,69.69999694824219,12024,0.0,0.0
2023-02-10 09:00:00+08:00,71.0,71.5,70.5999984741211,70.69999694824219,0,0.0,0.0
2023-02-10 10:00:00+08:00,70.69999694824219,70.69999694824219,70.30000305175781,70.4000015258789,29166,0.0,0.0
2023-02-10 11:00:00+08:00,70.30000305175781,70.5,70.30000305175781,70.30000305175781,13111,0.0,0.0
2023-02-10 12:00:00+08:00,70.4000015258789,70.4000015258789,69.80000305175781,70.0,65103,0.0,0.0
2023-02-10 13:00:00+08:00,70.0,70.30000305175781,70.0,70.30000305175781,11010,0.0,0.0
2023-02-13 09:00:00+08:00,68.69999694824219,68.69999694824219,67.5999984741211,68.0,0,0.0,0.0
2023-02-13 10:00:00+08:00,68.4000015258789,68.4000015258789,67.9000015258789,68.0,34683,0.0,0.0
2023-02-13 11:00:00+08:00,68.19999694824219,68.30000305175781,68.19999694824219,68.30000305175781,12527,0.0,0.0
2023-02-13 12:00:00+08:00,68.30000305175781,68.30000305175781,68.19999694824219,68.19999694824219,6039,0.0,0.0
2023-02-13 13:00:00+08:00,68.19999694824219,68.19999694824219,68.0999984741211,68.0999984741211,4010,0.0,0.0
2023-02-14 09:00:00+08:00,68.5999984741211,68.5999984741211,68.0,68.0999984741211,0,0.0,0.0
2023-02-14 10:00:00+08:00,68.19999694824219,68.19999694824219,68.19999694824219,68.19999694824219,5373,0.0,0.0
2023-02-14 11:00:00+08:00,68.30000305175781,68.30000305175781,68.0999984741211,68.30000305175781,8018,0.0,0.0
2023-02-14 12:00:00+08:00,68.30000305175781,68.30000305175781,68.0999984741211,68.0999984741211,15033,0.0,0.0
2023-02-14 13:00:00+08:00,68.0999984741211,68.0999984741211,68.0999984741211,68.0999984741211,3001,0.0,0.0
2023-02-15 09:00:00+08:00,68.0,68.0,67.69999694824219,67.80000305175781,0,0.0,0.0
2023-02-15 10:00:00+08:00,67.9000015258789,67.9000015258789,67.69999694824219,67.69999694824219,21155,0.0,0.0
2023-02-15 11:00:00+08:00,67.80000305175781,68.0999984741211,67.80000305175781,68.0999984741211,22068,0.0,0.0
2023-02-15 12:00:00+08:00,68.0999984741211,68.19999694824219,68.0999984741211,68.0999984741211,17361,0.0,0.0
2023-02-15 13:00:00+08:00,68.19999694824219,68.19999694824219,68.19999694824219,68.19999694824219,6007,0.0,0.0
2023-02-16 09:00:00+08:00,68.4000015258789,68.69999694824219,68.4000015258789,68.5999984741211,0,0.0,0.0
2023-02-16 10:00:00+08:00,68.5,68.5,68.30000305175781,68.30000305175781,12006,0.0,0.0
2023-02-16 11:00:00+08:00,68.30000305175781,68.5999984741211,68.30000305175781,68.5999984741211,19374,0.0,0.0
2023-02-16 12:00:00+08:00,68.5999984741211,68.5999984741211,68.5999984741211,68.5999984741211,2197,0.0,0.0
2023-02-16 13:00:00+08:00,68.5999984741211,68.5999984741211,68.4000015258789,68.4000015258789,20004,0.0,0.0
2023-02-17 09:00:00+08:00,68.69999694824219,68.69999694824219,68.19999694824219,68.19999694824219,0,0.0,0.0
2023-02-17 10:00:00+08:00,68.19999694824219,68.30000305175781,68.19999694824219,68.30000305175781,19401,0.0,0.0
2023-02-17 11:00:00+08:00,68.4000015258789,68.4000015258789,68.0999984741211,68.0999984741211,32006,0.0,0.0
2023-02-17 12:00:00+08:00,68.19999694824219,68.5999984741211,68.0999984741211,68.5999984741211,39806,0.0,0.0
2023-02-17 13:00:00+08:00,68.5999984741211,68.5999984741211,68.5999984741211,68.5999984741211,3391,0.0,0.0
2023-02-20 09:00:00+08:00,68.5,70.0,68.5,69.19999694824219,0,0.0,0.0
2023-02-20 10:00:00+08:00,69.30000305175781,69.5,69.0,69.30000305175781,33222,0.0,0.0
2023-02-20 11:00:00+08:00,69.5,69.5999984741211,69.30000305175781,69.5,23008,0.0,0.0
2023-02-20 12:00:00+08:00,69.4000015258789,69.5999984741211,69.4000015258789,69.5,24119,0.0,0.0
2023-02-20 13:00:00+08:00,69.5,69.5,69.4000015258789,69.5,9002,0.0,0.0
2023-02-21 09:00:00+08:00,69.9000015258789,71.19999694824219,69.69999694824219,70.5999984741211,0,0.0,0.0
2023-02-21 10:00:00+08:00,70.5999984741211,71.0,70.4000015258789,71.0,44492,0.0,0.0
2023-02-21 11:00:00+08:00,70.9000015258789,70.9000015258789,70.5,70.5,34710,0.0,0.0
2023-02-21 12:00:00+08:00,70.5,70.5,70.5,70.5,11016,0.0,0.0
2023-02-21 13:00:00+08:00,70.5999984741211,70.69999694824219,70.5999984741211,70.5999984741211,12014,0.0,0.0
2023-02-22 09:00:00+08:00,70.0,70.30000305175781,69.5999984741211,70.19999694824219,0,0.0,0.0
2023-02-22 10:00:00+08:00,70.19999694824219,70.80000305175781,70.0999984741211,70.80000305175781,37207,0.0,0.0
2023-02-22 11:00:00+08:00,70.80000305175781,71.19999694824219,70.69999694824219,70.69999694824219,26258,0.0,0.0
2023-02-22 12:00:00+08:00,70.80000305175781,71.19999694824219,70.69999694824219,70.69999694824219,54029,0.0,0.0
2023-02-22 13:00:00+08:00,70.80000305175781,71.0,70.80000305175781,71.0,11004,0.0,0.0
2023-02-23 09:00:00+08:00,71.9000015258789,71.9000015258789,71.0,71.4000015258789,0,0.0,0.0
2023-02-23 10:00:00+08:00,71.5,72.69999694824219,71.4000015258789,72.19999694824219,276075,0.0,0.0
2023-02-23 11:00:00+08:00,72.19999694824219,72.19999694824219,72.0,72.19999694824219,48528,0.0,0.0
2023-02-23 12:00:00+08:00,72.30000305175781,72.5,72.0,72.0,70223,0.0,0.0
2023-02-23 13:00:00+08:00,72.0,72.30000305175781,71.80000305175781,72.30000305175781,53002,0.0,0.0
2023-02-24 09:00:00+08:00,72.19999694824219,72.19999694824219,70.9000015258789,71.19999694824219,0,0.0,0.0
2023-02-24 10:00:00+08:00,71.19999694824219,71.19999694824219,70.30000305175781,71.0999984741211,49642,0.0,0.0
2023-02-24 11:00:00+08:00,70.9000015258789,71.5,70.5999984741211,71.5,43327,0.0,0.0
2023-02-24 12:00:00+08:00,71.30000305175781,71.30000305175781,71.0,71.0,19012,0.0,0.0
2023-02-24 13:00:00+08:00,71.0,71.19999694824219,71.0,71.0,9011,0.0,0.0
2023-03-01 09:00:00+08:00,71.0,71.4000015258789,70.80000305175781,71.4000015258789,0,0.0,0.0
2023-03-01 10:00:00+08:00,71.4000015258789,71.4000015258789,71.30000305175781,71.30000305175781,33006,0.0,0.0
2023-03-01 11:00:00+08:00,71.30000305175781,71.30000305175781,71.0999984741211,71.30000305175781,15088,0.0,0.0
2023-03-01 12:00:00+08:00,71.30000305175781,71.4000015258789,71.30000305175781,71.30000305175781,19367,0.0,0.0
2023-03-01 13:00:00+08:00,71.30000305175781,71.4000015258789,71.30000305175781,71.4000015258789,9004,0.0,0.0
2023-03-02 09:00:00+08:00,71.30000305175781,72.0,71.30000305175781,71.5,0,0.0,0.0
2023-03-02 10:00:00+08:00,71.5999984741211,71.69999694824219,71.5999984741211,71.5999984741211,10116,0.0,0.0
2023-03-02 11:00:00+08:00,71.5999984741211,71.5999984741211,71.5999984741211,71.5999984741211,4012,0.0,0.0
2023-03-02 12:00:00+08:00,71.5999984741211,71.69999694824219,71.5999984741211,71.5999984741211,15158,0.0,0.0
2023-03-02 13:00:00+08:00,71.5999984741211,71.69999694824219,71.5999984741211,71.5999984741211,6107,0.0,0.0
2023-03-03 09:00:00+08:00,71.69999694824219,72.19999694824219,71.69999694824219,71.9000015258789,0,0.0,0.0
2023-03-03 10:00:00+08:00,71.80000305175781,72.0,71.69999694824219,72.0,17246,0.0,0.0
2023-03-03 11:00:00+08:00,72.0,72.0,71.80000305175781,72.0,33032,0.0,0.0
2023-03-03 12:00:00+08:00,72.0,72.0,71.80000305175781,71.80000305175781,54011,0.0,0.0
2023-03-03 13:00:00+08:00,71.80000305175781,71.9000015258789,71.5999984741211,71.5999984741211,24016,0.0,0.0
2023-03-06 09:00:00+08:00,72.0,72.69999694824219,72.0,72.5,0,0.0,0.0
2023-03-06 10:00:00+08:00,72.5,72.5999984741211,72.19999694824219,72.4000015258789,62180,0.0,0.0
2023-03-06 11:00:00+08:00,72.4000015258789,72.4000015258789,72.0,72.19999694824219,32787,0.0,0.0
2023-03-06 12:00:00+08:00,72.19999694824219,72.30000305175781,72.0999984741211,72.19999694824219,19360,0.0,0.0
2023-03-06 13:00:00+08:00,72.19999694824219,72.30000305175781,72.0999984741211,72.19999694824219,8039,0.0,0.0
2023-03-07 09:00:00+08:00,72.30000305175781,72.4000015258789,72.30000305175781,72.30000305175781,0,0.0,0.0
2023-03-07 10:00:00+08:00,72.30000305175781,72.4000015258789,72.19999694824219,72.19999694824219,46020,0.0,0.0
2023-03-07 11:00:00+08:00,72.19999694824219,72.19999694824219,72.0999984741211,72.19999694824219,27497,0.0,0.0
2023-03-07 12:00:00+08:00,72.19999694824219,72.19999694824219,71.80000305175781,71.80000305175781,69118,0.0,0.0
2023-03-07 13:00:00+08:00,71.9000015258789,72.0,71.9000015258789,72.0,14438,0.0,0.0
2023-03-08 09:00:00+08:00,71.5,72.0,71.5,71.9000015258789,0,0.0,0.0
2023-03-08 10:00:00+08:00,71.9000015258789,72.0,71.5,71.69999694824219,61029,0.0,0.0
2023-03-08 11:00:00+08:00,71.69999694824219,71.80000305175781,71.69999694824219,71.80000305175781,14012,0.0,0.0
2023-03-08 12:00:00+08:00,71.80000305175781,72.0,71.80000305175781,71.9000015258789,17098,0.0,0.0
2023-03-08 13:00:00+08:00,71.9000015258789,72.0,71.9000015258789,72.0,9031,0.0,0.0
2023-03-09 09:00:00+08:00,71.9000015258789,72.30000305175781,71.69999694824219,71.80000305175781,0,0.0,0.0
2023-03-09 10:00:00+08:00,71.69999694824219,71.69999694824219,71.30000305175781,71.30000305175781,63008,0.0,0.0
2023-03-09 11:00:00+08:00,71.4000015258789,71.5999984741211,71.4000015258789,71.5999984741211,15541,0.0,0.0
2023-03-09 12:00:00+08:00,71.5999984741211,71.69999694824219,71.5,71.5,21007,0.0,0.0
2023-03-09 13:00:00+08:00,71.5999984741211,71.69999694824219,71.5,71.5999984741211,10005,0.0,0.0
2023-03-10 09:00:00+08:00,71.4000015258789,71.4000015258789,70.9000015258789,70.9000015258789,0,0.0,0.0
2023-03-10 10:00:00+08:00,70.9000015258789,70.9000015258789,70.80000305175781,70.80000305175781,28166,0.0,0.0
2023-03-10 11:00:00+08:00,70.69999694824219,70.69999694824219,70.0999984741211,70.19999694824219,58430,0.0,0.0
2023-03-10 12:00:00+08:00,70.19999694824219,70.19999694824219,69.5,69.80000305175781,55207,0.0,0.0
2023-03-10 13:00:00+08:00,69.5999984741211,69.69999694824219,69.5999984741211,69.69999694824219,19014,0.0,0.0
2023-03-13 09:00:00+08:00,70.19999694824219,70.5999984741211,69.4000015258789,69.9000015258789,0,0.0,0.0
2023-03-13 10:00:00+08:00,69.9000015258789,70.0999984741211,69.9000015258789,70.0999984741211,21137,0.0,0.0
2023-03-13 11:00:00+08:00,70.19999694824219,70.30000305175781,70.0999984741211,70.30000305175781,23009,0.0,0.0
2023-03-13 12:00:00+08:00,70.30000305175781,70.4000015258789,70.0999984741211,70.0999984741211,16011,0.0,0.0
2023-03-13 13:00:00+08:00,70.0999984741211,70.19999694824219,70.0,70.0999984741211,10116,0.0,0.0
2023-03-14 09:00:00+08:00,70.4000015258789,70.4000015258789,69.69999694824219,69.69999694824219,0,0.0,0.0
2023-03-14 10:00:00+08:00,69.69999694824219,69.9000015258789,69.5999984741211,69.9000015258789,13494,0.0,0.0
2023-03-14 11:00:00+08:00,70.0,70.5,70.0,70.5,43009,0.0,0.0
2023-03-14 12:00:00+08:00,70.5,70.5,70.0,70.0,16020,0.0,0.0
2023-03-14 13:00:00+08:00,70.0999984741211,70.0999984741211,70.0,70.0,4108,0.0,0.0
2023-03-15 09:00:00+08:00,70.5,70.9000015258789,70.5,70.80000305175781,0,0.0,0.0
2023-03-15 10:00:00+08:00,70.80000305175781,71.5,70.5999984741211,71.4000015258789,60433,0.0,0.0
2023-03-15 11:00:00+08:00,71.5,71.5999984741211,71.19999694824219,71.19999694824219,20055,0.0,0.0
2023-03-15 12:00:00+08:00,71.19999694824219,72.0999984741211,71.0999984741211,71.80000305175781,66201,0.0,0.0
2023-03-15 13:00:00+08:00,71.80000305175781,71.9000015258789,71.4000015258789,71.9000015258789,48073,0.0,0.0
2023-03-16 09:00:00+08:00,71.19999694824219,71.69999694824219,70.80000305175781,70.80000305175781,0,0.0,0.0
2023-03-16 10:00:00+08:00,70.9000015258789,71.0,70.9000015258789,70.9000015258789,30087,0.0,0.0
2023-03-16 11:00:00+08:00,70.9000015258789,71.0999984741211,70.4000015258789,70.5,59143,0.0,0.0
2023-03-16 12:00:00+08:00,70.4000015258789,70.5,70.0999984741211,70.19999694824219,27417,0.0,0.0
2023-03-16 13:00:00+08:00,70.30000305175781,70.5999984741211,70.19999694824219,70.4000015258789,20145,0.0,0.0
2023-03-17 09:00:00+08:00,71.4000015258789,71.80000305175781,71.0,71.0,0,0.0,0.0
2023-03-17 10:00:00+08:00,71.30000305175781,71.30000305175781,71.0999984741211,71.19999694824219,27016,0.0,0.0
2023-03-17 11:00:00+08:00,71.30000305175781,71.5,71.30000305175781,71.4000015258789,22024,0.0,0.0
2023-03-17 12:00:00+08:00,71.5,71.69999694824219,71.4000015258789,71.5999984741211,25360,0.0,0.0
2023-03-17 13:00:00+08:00,71.5999984741211,71.9000015258789,71.4000015258789,71.9000015258789,34004,0.0,0.0
2023-03-20 09:00:00+08:00,72.30000305175781,72.30000305175781,71.5,71.5,0,0.0,0.0
2023-03-20 10:00:00+08:00,72.0,72.0999984741211,71.5,72.0999984741211,26116,0.0,0.0
2023-03-20 11:00:00+08:00,72.0999984741211,72.5,72.0,72.4000015258789,101130,0.0,0.0
2023-03-20 12:00:00+08:00,72.4000015258789,72.4000015258789,72.0999984741211,72.0999984741211,27077,0.0,0.0
2023-03-20 13:00:00+08:00,72.0999984741211,72.69999694824219,72.0999984741211,72.5999984741211,46017,0.0,0.0
2023-03-21 09:00:00+08:00,72.80000305175781,73.80000305175781,72.80000305175781,73.69999694824219,0,0.0,0.0
2023-03-21 10:00:00+08:00,73.69999694824219,73.69999694824219,73.19999694824219,73.19999694824219,51207,0.0,0.0
2023-03-21 11:00:00+08:00,73.19999694824219,73.19999694824219,73.0,73.19999694824219,43412,0.0,0.0
2023-03-21 12:00:00+08:00,73.19999694824219,73.19999694824219,73.0999984741211,73.19999694824219,4003,0.0,0.0
2023-03-21 13:00:00+08:00,73.19999694824219,73.19999694824219,72.80000305175781,73.0,34051,0.0,0.0
2023-03-22 09:00:00+08:00,73.9000015258789,74.30000305175781,73.5999984741211,74.0,0,0.0,0.0
2023-03-22 10:00:00+08:00,74.0999984741211,74.5,74.0999984741211,74.0999984741211,70289,0.0,0.0
2023-03-22 11:00:00+08:00,74.30000305175781,74.30000305175781,73.9000015258789,74.19999694824219,60089,0.0,0.0
2023-03-22 12:00:00+08:00,74.19999694824219,74.30000305175781,73.9000015258789,74.0,52366,0.0,0.0
2023-03-22 13:00:00+08:00,74.0999984741211,74.19999694824219,74.0999984741211,74.0999984741211,10004,0.0,0.0
2023-03-23 09:00:00+08:00,74.19999694824219,74.19999694824219,73.69999694824219,73.9000015258789,0,0.0,0.0
2023-03-23 10:00:00+08:00,73.9000015258789,74.0,73.9000015258789,74.0,26003,0.0,0.0
2023-03-23 11:00:00+08:00,74.0,74.0,73.80000305175781,73.80000305175781,29248,0.0,0.0
2023-03-23 12:00:00+08:00,73.9000015258789,74.0,73.9000015258789,74.0,18329,0.0,0.0
2023-03-23 13:00:00+08:00,73.9000015258789,73.9000015258789,73.80000305175781,73.9000015258789,20402,0.0,0.0
2023-03-24 09:00:00+08:00,71.80000305175781,71.80000305175781,70.0999984741211,70.9000015258789,375031,0.0,0.0
2023-03-24 10:00:00+08:00,70.9000015258789,71.0999984741211,70.4000015258789,70.9000015258789,130430,0.0,0.0
2023-03-24 11:00:00+08:00,70.9000015258789,71.0,70.5999984741211,70.80000305175781,81593,0.0,0.0
2023-03-24 12:00:00+08:00,70.9000015258789,70.9000015258789,70.5999984741211,70.69999694824219,110584,0.0,0.0
2023-03-24 13:00:00+08:00,70.80000305175781,71.0,70.80000305175781,70.80000305175781,44285,0.0,0.0
2023-03-27 09:00:00+08:00,71.19999694824219,71.19999694824219,70.80000305175781,70.80000305175781,0,0.0,0.0
2023-03-27 10:00:00+08:00,70.80000305175781,71.0999984741211,70.80000305175781,71.0,20457,0.0,0.0
2023-03-27 11:00:00+08:00,71.0,71.5,71.0,71.5,47695,0.0,0.0
2023-03-27 12:00:00+08:00,71.5,71.5,71.30000305175781,71.4000015258789,23139,0.0,0.0
2023-03-27 13:00:00+08:00,71.19999694824219,71.5,71.0999984741211,71.5,15115,0.0,0.0
2023-03-28 09:00:00+08:00,71.4000015258789,71.4000015258789,70.30000305175781,70.30000305175781,0,0.0,0.0
2023-03-28 10:00:00+08:00,70.30000305175781,70.69999694824219,70.0999984741211,70.4000015258789,32619,0.0,0.0
2023-03-28 11:00:00+08:00,70.5,70.5,70.19999694824219,70.19999694824219,28390,0.0,0.0
2023-03-28 12:00:00+08:00,70.30000305175781,70.4000015258789,70.0999984741211,70.19999694824219,32063,0.0,0.0
2023-03-28 13:00:00+08:00,70.19999694824219,70.30000305175781,70.0999984741211,70.0999984741211,38034,0.0,0.0
2023-03-29 09:00:00+08:00,70.5,70.5,70.4000015258789,70.5,25162,0.0,0.0
2023-03-29 10:00:00+08:00,70.4000015258789,70.5999984741211,70.30000305175781,70.30000305175781,17205,0.0,0.0
2023-03-29 11:00:00+08:00,70.5,70.5,70.0,70.19999694824219,29201,0.0,0.0
2023-03-29 12:00:00+08:00,70.19999694824219,70.4000015258789,70.19999694824219,70.4000015258789,13013,0.0,0.0
2023-03-29 13:00:00+08:00,70.5,70.5,70.4000015258789,70.5,12092,0.0,0.0
2023-03-30 09:00:00+08:00,71.19999694824219,71.19999694824219,70.69999694824219,70.9000015258789,0,0.0,0.0
2023-03-30 10:00:00+08:00,70.69999694824219,70.80000305175781,70.5999984741211,70.80000305175781,10218,0.0,0.0
2023-03-30 11:00:00+08:00,70.80000305175781,70.9000015258789,70.5999984741211,70.69999694824219,22070,0.0,0.0
2023-03-30 12:00:00+08:00,70.69999694824219,70.80000305175781,70.69999694824219,70.80000305175781,12177,0.0,0.0
2023-03-30 13:00:00+08:00,70.80000305175781,70.9000015258789,70.80000305175781,70.9000015258789,12010,0.0,0.0
2023-03-31 09:00:00+08:00,70.9000015258789,71.30000305175781,70.9000015258789,71.0,0,0.0,0.0
2023-03-31 10:00:00+08:00,71.0,71.0,71.0,71.0,9104,0.0,0.0
2023-03-31 11:00:00+08:00,71.0999984741211,71.19999694824219,70.9000015258789,70.9000015258789,13099,0.0,0.0
2023-03-31 12:00:00+08:00,71.0,71.0999984741211,71.0,71.0999984741211,8093,0.0,0.0
2023-03-31 13:00:00+08:00,71.0999984741211,71.19999694824219,71.0999984741211,71.19999694824219,14053,0.0,0.0
2023-04-06 09:00:00+08:00,71.0999984741211,71.0999984741211,70.5,70.5999984741211,0,0.0,0.0
2023-04-06 10:00:00+08:00,70.69999694824219,70.69999694824219,70.4000015258789,70.5,25054,0.0,0.0
2023-04-06 11:00:00+08:00,70.5,70.5999984741211,70.5,70.5,5012,0.0,0.0
2023-04-06 12:00:00+08:00,70.5,70.80000305175781,70.5,70.5999984741211,18221,0.0,0.0
2023-04-06 13:00:00+08:00,70.5999984741211,70.5999984741211,70.5,70.5,9066,0.0,0.0
2023-04-07 09:00:00+08:00,70.80000305175781,71.4000015258789,70.69999694824219,71.0999984741211,18029,0.0,0.0
2023-04-07 10:00:00+08:00,71.0,71.0,70.80000305175781,70.80000305175781,8009,0.0,0.0
2023-04-07 11:00:00+08:00,70.80000305175781,71.0,70.80000305175781,71.0,6053,0.0,0.0
2023-04-07 12:00:00+08:00,71.0,71.0,70.9000015258789,70.9000015258789,3023,0.0,0.0
2023-04-07 13:00:00+08:00,70.9000015258789,71.0,70.9000015258789,70.9000015258789,9092,0.0,0.0
2023-04-10 09:00:00+08:00,71.19999694824219,71.4000015258789,71.19999694824219,71.4000015258789,0,0.0,0.0
2023-04-10 10:00:00+08:00,71.4000015258789,71.5,71.30000305175781,71.4000015258789,34152,0.0,0.0
2023-04-10 11:00:00+08:00,71.4000015258789,71.5,71.4000015258789,71.4000015258789,10125,0.0,0.0
2023-04-10 12:00:00+08:00,71.4000015258789,71.5,71.4000015258789,71.4000015258789,9052,0.0,0.0
2023-04-10 13:00:00+08:00,71.4000015258789,71.4000015258789,71.4000015258789,71.4000015258789,5071,0.0,0.0
2023-04-11 09:00:00+08:00,71.5999984741211,74.4000015258789,71.5,73.0,153383,0.0,0.0
2023-04-11 10:00:00+08:00,73.0,73.0,72.69999694824219,72.80000305175781,76242,0.0,0.0
2023-04-11 11:00:00+08:00,72.9000015258789,73.30000305175781,72.80000305175781,72.80000305175781,31533,0.0,0.0
2023-04-11 12:00:00+08:00,73.0,73.0,72.4000015258789,72.5,67240,0.0,0.0
2023-04-11 13:00:00+08:00,72.5,72.69999694824219,72.5,72.69999694824219,8137,0.0,0.0
2023-04-12 09:00:00+08:00,72.69999694824219,72.9000015258789,72.0,72.4000015258789,0,0.0,0.0
2023-04-12 10:00:00+08:00,72.0999984741211,72.5,72.0999984741211,72.5,18247,0.0,0.0
2023-04-12 11:00:00+08:00,72.5,72.5,72.4000015258789,72.4000015258789,18047,0.0,0.0
2023-04-12 12:00:00+08:00,72.4000015258789,72.4000015258789,72.0999984741211,72.19999694824219,12157,0.0,0.0
2023-04-12 13:00:00+08:00,72.19999694824219,72.5,72.19999694824219,72.5,14003,0.0,0.0
2023-04-13 09:00:00+08:00,72.5,72.5999984741211,72.0,72.0,0,0.0,0.0
2023-04-13 10:00:00+08:00,72.0,72.0999984741211,72.0,72.0,21129,0.0,0.0
2023-04-13 11:00:00+08:00,72.19999694824219,72.30000305175781,72.19999694824219,72.30000305175781,8011,0.0,0.0
2023-04-13 12:00:00+08:00,72.30000305175781,72.30000305175781,72.0,72.0,21108,0.0,0.0
2023-04-13 13:00:00+08:00,72.0,72.0,72.0,72.0,5013,0.0,0.0
2023-04-14 09:00:00+08:00,72.0999984741211,72.19999694824219,71.9000015258789,71.9000015258789,0,0.0,0.0
2023-04-14 10:00:00+08:00,71.9000015258789,71.9000015258789,71.30000305175781,71.69999694824219,28355,0.0,0.0
2023-04-14 11:00:00+08:00,71.69999694824219,71.80000305175781,71.5999984741211,71.5999984741211,15290,0.0,0.0
2023-04-14 12:00:00+08:00,71.5999984741211,71.69999694824219,71.30000305175781,71.30000305175781,48435,0.0,0.0
2023-04-14 13:00:00+08:00,71.30000305175781,71.4000015258789,71.30000305175781,71.4000015258789,8005,0.0,0.0
2023-04-17 09:00:00+08:00,71.4000015258789,72.5999984741211,71.4000015258789,72.0999984741211,53178,0.0,0.0
2023-04-17 10:00:00+08:00,72.19999694824219,72.19999694824219,72.0,72.19999694824219,20247,0.0,0.0
2023-04-17 11:00:00+08:00,72.0,72.0,72.0,72.0,2148,0.0,0.0
2023-04-17 12:00:00+08:00,72.0999984741211,72.30000305175781,72.0999984741211,72.19999694824219,15159,0.0,0.0
2023-04-17 13:00:00+08:00,72.0,72.19999694824219,72.0,72.0999984741211,7010,0.0,0.0
2023-04-18 09:00:00+08:00,71.80000305175781,72.4000015258789,71.69999694824219,71.80000305175781,0,0.0,0.0
2023-04-18 10:00:00+08:00,71.80000305175781,71.80000305175781,71.5,71.80000305175781,25103,0.0,0.0
2023-04-18 11:00:00+08:00,72.0,72.0,71.80000305175781,71.80000305175781,11072,0.0,0.0
2023-04-18 12:00:00+08:00,71.80000305175781,71.80000305175781,71.69999694824219,71.69999694824219,11162,0.0,0.0
2023-04-18 13:00:00+08:00,71.69999694824219,71.69999694824219,71.69999694824219,71.69999694824219,3003,0.0,0.0
2023-04-19 09:00:00+08:00,71.9000015258789,71.9000015258789,71.69999694824219,71.80000305175781,0,0.0,0.0
2023-04-19 10:00:00+08:00,71.80000305175781,71.80000305175781,71.5,71.69999694824219,28181,0.0,0.0
2023-04-19 11:00:00+08:00,71.5999984741211,72.0,71.5999984741211,72.0,23204,0.0,0.0
2023-04-19 12:00:00+08:00,72.0,72.0,71.69999694824219,71.69999694824219,19224,0.0,0.0
2023-04-19 13:00:00+08:00,71.80000305175781,71.9000015258789,71.5999984741211,71.69999694824219,24056,0.0,0.0
2023-04-20 09:00:00+08:00,71.80000305175781,71.80000305175781,70.80000305175781,71.19999694824219,0,0.0,0.0
2023-04-20 10:00:00+08:00,71.19999694824219,71.30000305175781,70.69999694824219,70.80000305175781,48458,0.0,0.0
2023-04-20 11:00:00+08:00,71.0,71.0,70.69999694824219,70.69999694824219,23020,0.0,0.0
2023-04-20 12:00:00+08:00,70.9000015258789,71.0,70.30000305175781,70.30000305175781,78316,0.0,0.0
2023-04-20 13:00:00+08:00,70.4000015258789,70.5,70.4000015258789,70.5,29035,0.0,0.0
2023-04-21 09:00:00+08:00,70.80000305175781,71.0,70.30000305175781,70.30000305175781,0,0.0,0.0
2023-04-21 10:00:00+08:00,70.4000015258789,70.4000015258789,70.0999984741211,70.30000305175781,30840,0.0,0.0
2023-04-21 11:00:00+08:00,70.30000305175781,70.5999984741211,70.30000305175781,70.4000015258789,17268,0.0,0.0
2023-04-21 12:00:00+08:00,70.5999984741211,70.5999984741211,70.19999694824219,70.5,22090,0.0,0.0
2023-04-21 13:00:00+08:00,70.19999694824219,70.19999694824219,69.9000015258789,70.0,35233,0.0,0.0
2023-04-24 09:00:00+08:00,70.0,70.5,69.69999694824219,70.5,0,0.0,0.0
2023-04-24 10:00:00+08:00,70.5,70.5,70.0,70.0,16043,0.0,0.0
2023-04-24 11:00:00+08:00,70.0,70.19999694824219,70.0,70.19999694824219,13261,0.0,0.0
2023-04-24 12:00:00+08:00,70.19999694824219,70.4000015258789,70.19999694824219,70.30000305175781,8097,0.0,0.0
2023-04-24 13:00:00+08:00,70.30000305175781,70.4000015258789,70.30000305175781,70.4000015258789,7137,0.0,0.0
2023-04-25 09:00:00+08:00,70.5,70.9000015258789,70.5,70.5999984741211,0,0.0,0.0
2023-04-25 10:00:00+08:00,70.5,70.5,70.0,70.0,87023,0.0,0.0
2023-04-25 11:00:00+08:00,70.0,70.0,69.9000015258789,70.0,17110,0.0,0.0
2023-04-25 12:00:00+08:00,70.0,70.0,69.4000015258789,69.4000015258789,89836,0.0,0.0
2023-04-25 13:00:00+08:00,69.4000015258789,69.69999694824219,69.30000305175781,69.69999694824219,12295,0.0,0.0
2023-04-26 09:00:00+08:00,69.5,70.19999694824219,69.4000015258789,70.0,0,0.0,0.0
2023-04-26 10:00:00+08:00,69.9000015258789,70.69999694824219,69.9000015258789,70.69999694824219,50130,0.0,0.0
2023-04-26 11:00:00+08:00,70.80000305175781,70.80000305175781,70.0,70.0,59681,0.0,0.0
2023-04-26 12:00:00+08:00,70.4000015258789,70.4000015258789,69.80000305175781,70.30000305175781,52609,0.0,0.0
2023-04-26 13:00:00+08:00,70.30000305175781,70.5999984741211,70.0999984741211,70.5999984741211,45527,0.0,0.0
2023-04-27 09:00:00+08:00,65.5999984741211,66.5,65.30000305175781,66.5,0,3.970868,0.0
2023-04-27 10:00:00+08:00,66.5,66.69999694824219,66.0999984741211,66.5,37212,0.0,0.0
2023-04-27 11:00:00+08:00,66.5999984741211,67.0999984741211,66.5999984741211,67.0,28449,0.0,0.0
2023-04-27 12:00:00+08:00,67.0,67.0999984741211,66.9000015258789,67.0999984741211,21017,0.0,0.0
2023-04-27 13:00:00+08:00,67.0,67.0,66.80000305175781,66.80000305175781,17159,0.0,0.0
2023-04-28 09:00:00+08:00,67.30000305175781,67.5999984741211,67.0,67.30000305175781,0,0.0,0.0
2023-04-28 10:00:00+08:00,67.30000305175781,67.5,67.19999694824219,67.30000305175781,28123,0.0,0.0
2023-04-28 11:00:00+08:00,67.19999694824219,67.19999694824219,67.0,67.19999694824219,17283,0.0,0.0
2023-04-28 12:00:00+08:00,67.19999694824219,67.30000305175781,67.0,67.0,15303,0.0,0.0
2023-04-28 13:00:00+08:00,67.0,67.0,66.9000015258789,66.9000015258789,8211,0.0,0.0
2023-05-02 09:00:00+08:00,66.9000015258789,67.0999984741211,66.5999984741211,66.5999984741211,0,0.0,0.0
2023-05-02 10:00:00+08:00,66.5999984741211,66.80000305175781,66.5999984741211,66.5999984741211,17602,0.0,0.0
2023-05-02 11:00:00+08:00,66.69999694824219,66.69999694824219,66.69999694824219,66.69999694824219,2629,0.0,0.0
2023-05-02 12:00:00+08:00,66.69999694824219,66.80000305175781,66.69999694824219,66.69999694824219,14003,0.0,0.0
2023-05-02 13:00:00+08:00,66.69999694824219,66.80000305175781,66.69999694824219,66.80000305175781,4087,0.0,0.0
2023-05-03 09:00:00+08:00,66.5999984741211,66.5999984741211,65.80000305175781,66.4000015258789,0,0.0,0.0
2023-05-03 10:00:00+08:00,66.4000015258789,66.5,66.4000015258789,66.4000015258789,9001,0.0,0.0
2023-05-03 11:00:00+08:00,66.5999984741211,66.5999984741211,66.30000305175781,66.30000305175781,4001,0.0,0.0
2023-05-03 12:00:00+08:00,66.4000015258789,66.4000015258789,66.4000015258789,66.4000015258789,4122,0.0,0.0
2023-05-03 13:00:00+08:00,66.4000015258789,66.5,66.4000015258789,66.5,3000,0.0,0.0
2023-05-04 09:00:00+08:00,66.30000305175781,66.4000015258789,66.0999984741211,66.4000015258789,0,0.0,0.0
2023-05-04 10:00:00+08:00,66.5,66.5,66.19999694824219,66.19999694824219,23010,0.0,0.0
2023-05-04 11:00:00+08:00,66.19999694824219,66.30000305175781,66.19999694824219,66.30000305175781,13009,0.0,0.0
2023-05-04 12:00:00+08:00,66.30000305175781,66.30000305175781,65.80000305175781,65.80000305175781,40093,0.0,0.0
2023-05-04 13:00:00+08:00,66.0,66.0,65.80000305175781,65.9000015258789,10025,0.0,0.0
2023-05-05 09:00:00+08:00,66.0,66.5999984741211,66.0,66.19999694824219,0,0.0,0.0
2023-05-05 10:00:00+08:00,66.19999694824219,66.19999694824219,66.0,66.0999984741211,16416,0.0,0.0
2023-05-05 11:00:00+08:00,66.19999694824219,66.19999694824219,66.19999694824219,66.19999694824219,1280,0.0,0.0
2023-05-05 12:00:00+08:00,66.30000305175781,66.4000015258789,66.30000305175781,66.30000305175781,8001,0.0,0.0
2023-05-05 13:00:00+08:00,66.30000305175781,66.4000015258789,66.30000305175781,66.4000015258789,4000,0.0,0.0
2023-05-08 09:00:00+08:00,66.80000305175781,66.80000305175781,66.5,66.5,0,0.0,0.0
2023-05-08 10:00:00+08:00,66.69999694824219,66.69999694824219,66.30000305175781,66.30000305175781,28003,0.0,0.0
2023-05-08 11:00:00+08:00,66.30000305175781,66.4000015258789,66.30000305175781,66.30000305175781,9005,0.0,0.0
2023-05-08 12:00:00+08:00,66.30000305175781,66.30000305175781,66.30000305175781,66.30000305175781,7105,0.0,0.0
2023-05-08 13:00:00+08:00,66.30000305175781,66.30000305175781,66.30000305175781,66.30000305175781,1010,0.0,0.0
2023-05-09 09:00:00+08:00,66.5999984741211,66.69999694824219,65.80000305175781,65.80000305175781,0,0.0,0.0
2023-05-09 10:00:00+08:00,66.0,66.0,65.69999694824219,65.69999694824219,13064,0.0,0.0
2023-05-09 11:00:00+08:00,65.9000015258789,65.9000015258789,65.80000305175781,65.80000305175781,11356,0.0,0.0
2023-05-09 12:00:00+08:00,65.80000305175781,65.80000305175781,65.69999694824219,65.69999694824219,14051,0.0,0.0
2023-05-09 13:00:00+08:00,65.80000305175781,65.80000305175781,65.5999984741211,65.5999984741211,8001,0.0,0.0
2023-05-10 09:00:00+08:00,65.5999984741211,65.80000305175781,65.5999984741211,65.5999984741211,0,0.0,0.0
2023-05-10 10:00:00+08:00,65.5999984741211,65.80000305175781,65.5,65.5,18061,0.0,0.0
2023-05-10 11:00:00+08:00,65.5999984741211,65.5999984741211,65.5999984741211,65.5999984741211,3001,0.0,0.0
2023-05-10 12:00:00+08:00,65.69999694824219,65.9000015258789,65.69999694824219,65.9000015258789,8002,0.0,0.0
2023-05-10 13:00:00+08:00,65.9000015258789,65.9000015258789,65.80000305175781,65.80000305175781,3003,0.0,0.0
2023-05-11 09:00:00+08:00,64.80000305175781,65.0,64.4000015258789,64.4000015258789,50794,0.0,0.0
2023-05-11 10:00:00+08:00,64.5,65.0,63.599998474121094,63.79999923706055,54562,0.0,0.0
2023-05-11 11:00:00+08:00,63.79999923706055,64.0,63.79999923706055,63.900001525878906,16187,0.0,0.0
2023-05-11 12:00:00+08:00,63.79999923706055,64.19999694824219,63.70000076293945,64.0,33691,0.0,0.0
2023-05-11 13:00:00+08:00,63.79999923706055,63.79999923706055,62.900001525878906,63.0,60451,0.0,0.0
2023-05-12 09:00:00+08:00,63.900001525878906,63.900001525878906,63.5,63.70000076293945,0,0.0,0.0
2023-05-12 10:00:00+08:00,63.70000076293945,63.70000076293945,63.20000076293945,63.400001525878906,28098,0.0,0.0
2023-05-12 11:00:00+08:00,63.5,63.79999923706055,63.5,63.79999923706055,10050,0.0,0.0
2023-05-12 12:00:00+08:00,63.599998474121094,63.599998474121094,63.29999923706055,63.400001525878906,17042,0.0,0.0
2023-05-12 13:00:00+08:00,63.5,63.5,63.400001525878906,63.400001525878906,9186,0.0,0.0
2023-05-15 09:00:00+08:00,62.599998474121094,62.599998474121094,61.5,61.79999923706055,0,0.0,0.0
2023-05-15 10:00:00+08:00,61.900001525878906,61.900001525878906,61.400001525878906,61.400001525878906,55288,0.0,0.0
2023-05-15 11:00:00+08:00,61.400001525878906,61.70000076293945,61.400001525878906,61.70000076293945,19001,0.0,0.0
2023-05-15 12:00:00+08:00,61.70000076293945,61.70000076293945,61.5,61.5,24709,0.0,0.0
2023-05-15 13:00:00+08:00,61.5,61.599998474121094,61.5,61.599998474121094,11011,0.0,0.0
2023-05-16 09:00:00+08:00,62.0,62.29999923706055,61.70000076293945,62.29999923706055,0,0.0,0.0
2023-05-16 10:00:00+08:00,62.400001525878906,62.599998474121094,62.400001525878906,62.5,28005,0.0,0.0
2023-05-16 11:00:00+08:00,62.599998474121094,62.599998474121094,62.20000076293945,62.20000076293945,5021,0.0,0.0
2023-05-16 12:00:00+08:00,62.20000076293945,62.400001525878906,62.20000076293945,62.400001525878906,8055,0.0,0.0
2023-05-16 13:00:00+08:00,62.20000076293945,62.29999923706055,62.20000076293945,62.29999923706055,3002,0.0,0.0
2023-05-17 09:00:00+08:00,61.70000076293945,62.599998474121094,61.70000076293945,62.599998474121094,0,0.0,0.0
2023-05-17 10:00:00+08:00,62.5,62.599998474121094,62.5,62.599998474121094,6200,0.0,0.0
2023-05-17 11:00:00+08:00,62.5,62.599998474121094,62.400001525878906,62.599998474121094,8010,0.0,0.0
2023-05-17 12:00:00+08:00,62.599998474121094,63.29999923706055,62.599998474121094,63.099998474121094,13350,0.0,0.0
2023-05-17 13:00:00+08:00,63.099998474121094,63.099998474121094,62.900001525878906,62.900001525878906,7330,0.0,0.0
2023-05-18 09:00:00+08:00,63.5,64.4000015258789,63.400001525878906,64.19999694824219,3686,0.0,0.0
2023-05-18 10:00:00+08:00,64.19999694824219,64.30000305175781,64.0,64.30000305175781,18772,0.0,0.0
2023-05-18 11:00:00+08:00,64.30000305175781,64.5,64.30000305175781,64.4000015258789,16294,0.0,0.0
2023-05-18 12:00:00+08:00,64.30000305175781,64.5,64.30000305175781,64.5,13559,0.0,0.0
2023-05-18 13:00:00+08:00,64.5,64.69999694824219,64.5,64.69999694824219,8076,0.0,0.0
2023-05-19 09:00:00+08:00,64.9000015258789,65.0,64.80000305175781,64.80000305175781,0,0.0,0.0
2023-05-19 10:00:00+08:00,64.69999694824219,64.69999694824219,64.5,64.69999694824219,16100,0.0,0.0
2023-05-19 11:00:00+08:00,64.5999984741211,64.5999984741211,64.5,64.5,5529,0.0,0.0
2023-05-19 12:00:00+08:00,64.5999984741211,64.5999984741211,64.4000015258789,64.4000015258789,15690,0.0,0.0
2023-05-19 13:00:00+08:00,64.4000015258789,64.5,64.4000015258789,64.5,8011,0.0,0.0
2023-05-22 09:00:00+08:00,64.5,65.0,64.4000015258789,64.4000015258789,0,0.0,0.0
2023-05-22 10:00:00+08:00,64.5,64.80000305175781,64.5,64.80000305175781,5023,0.0,0.0
2023-05-22 11:00:00+08:00,64.80000305175781,65.0,64.80000305175781,64.9000015258789,4000,0.0,0.0
2023-05-22 12:00:00+08:00,64.9000015258789,65.4000015258789,64.9000015258789,65.30000305175781,44031,0.0,0.0
2023-05-22 13:00:00+08:00,65.30000305175781,65.5,65.30000305175781,65.4000015258789,25148,0.0,0.0
2023-05-23 09:00:00+08:00,65.69999694824219,65.80000305175781,65.0999984741211,65.0999984741211,0,0.0,0.0
2023-05-23 10:00:00+08:00,65.5,65.5999984741211,65.19999694824219,65.5,7070,0.0,0.0
2023-05-23 11:00:00+08:00,65.5,65.5,65.0,65.0,19257,0.0,0.0
2023-05-23 12:00:00+08:00,65.0,65.0,64.9000015258789,65.0,19039,0.0,0.0
2023-05-23 13:00:00+08:00,65.30000305175781,65.5,65.30000305175781,65.5,5002,0.0,0.0
2023-05-24 09:00:00+08:00,64.5,65.0,64.4000015258789,64.4000015258789,0,0.0,0.0
2023-05-24 10:00:00+08:00,64.5,64.5,64.30000305175781,64.30000305175781,15000,0.0,0.0
2023-05-24 11:00:00+08:00,64.19999694824219,64.30000305175781,64.19999694824219,64.30000305175781,6163,0.0,0.0
2023-05-24 12:00:00+08:00,64.30000305175781,64.30000305175781,64.30000305175781,64.30000305175781,5146,0.0,0.0
2023-05-24 13:00:00+08:00,64.30000305175781,64.5999984741211,64.30000305175781,64.5999984741211,4000,0.0,0.0
2023-05-25 09:00:00+08:00,64.5,64.5,64.0,64.0999984741211,0,0.0,0.0
2023-05-25 10:00:00+08:00,64.4000015258789,64.4000015258789,64.30000305175781,64.30000305175781,3000,0.0,0.0
2023-05-25 11:00:00+08:00,64.30000305175781,64.5999984741211,64.19999694824219,64.5999984741211,22000,0.0,0.0
2023-05-25 12:00:00+08:00,65.0,65.5,65.0,65.19999694824219,30000,0.0,0.0
2023-05-25 13:00:00+08:00,65.0999984741211,65.0999984741211,65.0,65.0,3000,0.0,0.0
2023-05-26 09:00:00+08:00,65.0,65.19999694824219,65.0,65.0,0,0.0,0.0
2023-05-26 10:00:00+08:00,65.0,65.0,64.9000015258789,65.0,13002,0.0,0.0
2023-05-26 11:00:00+08:00,65.0,65.0,64.69999694824219,64.9000015258789,13121,0.0,0.0
2023-05-26 12:00:00+08:00,64.9000015258789,64.9000015258789,64.80000305175781,64.80000305175781,4003,0.0,0.0
2023-05-26 13:00:00+08:00,64.69999694824219,64.9000015258789,64.69999694824219,64.9000015258789,3296,0.0,0.0
2023-05-29 09:00:00+08:00,64.5,65.0,64.5,65.0,0,0.0,0.0
2023-05-29 10:00:00+08:00,65.0,65.0,65.0,65.0,2287,0.0,0.0
2023-05-29 11:00:00+08:00,65.0,65.0,64.5999984741211,64.5999984741211,6013,0.0,0.0
2023-05-29 12:00:00+08:00,64.69999694824219,64.69999694824219,64.69999694824219,64.69999694824219,2105,0.0,0.0
2023-05-30 09:00:00+08:00,65.0,65.0,65.0,65.0,0,0.0,0.0
2023-05-30 10:00:00+08:00,65.19999694824219,65.19999694824219,64.80000305175781,64.80000305175781,8024,0.0,0.0
2023-05-30 11:00:00+08:00,64.80000305175781,65.0,64.80000305175781,64.9000015258789,17121,0.0,0.0
2023-05-30 12:00:00+08:00,65.0,65.0,64.5,64.5,52559,0.0,0.0
2023-05-30 13:00:00+08:00,64.5,64.5999984741211,64.5,64.5,11010,0.0,0.0
2023-05-31 09:00:00+08:00,65.0,65.0,65.0,65.0,0,0.0,0.0
2023-05-31 10:00:00+08:00,64.9000015258789,64.9000015258789,64.9000015258789,64.9000015258789,7006,0.0,0.0
2023-05-31 11:00:00+08:00,64.9000015258789,65.0,64.9000015258789,65.0,6163,0.0,0.0
2023-05-31 12:00:00+08:00,65.0,65.0,64.9000015258789,64.9000015258789,13353,0.0,0.0
2023-05-31 13:00:00+08:00,64.9000015258789,64.9000015258789,64.9000015258789,64.9000015258789,4026,0.0,0.0
2023-06-01 09:00:00+08:00,64.69999694824219,64.9000015258789,64.69999694824219,64.9000015258789,0,0.0,0.0
2023-06-01 10:00:00+08:00,64.9000015258789,64.9000015258789,64.9000015258789,64.9000015258789,7352,0.0,0.0
2023-06-01 11:00:00+08:00,64.9000015258789,66.4000015258789,64.9000015258789,66.0999984741211,44001,0.0,0.0
2023-06-01 12:00:00+08:00,66.0999984741211,66.30000305175781,66.0,66.0,30473,0.0,0.0
2023-06-01 13:00:00+08:00,66.0,66.0,65.69999694824219,65.9000015258789,14001,0.0,0.0
2023-06-02 09:00:00+08:00,66.19999694824219,66.19999694824219,65.80000305175781,66.0,0,0.0,0.0
2023-06-02 10:00:00+08:00,65.80000305175781,66.0999984741211,65.80000305175781,66.0,9337,0.0,0.0
2023-06-02 11:00:00+08:00,65.9000015258789,65.9000015258789,65.80000305175781,65.80000305175781,5229,0.0,0.0
2023-06-02 12:00:00+08:00,65.80000305175781,65.80000305175781,65.69999694824219,65.69999694824219,6004,0.0,0.0
2023-06-02 13:00:00+08:00,65.5999984741211,65.5999984741211,65.5999984741211,65.5999984741211,4001,0.0,0.0
2023-06-05 09:00:00+08:00,65.69999694824219,65.69999694824219,65.5999984741211,65.5999984741211,0,0.0,0.0
2023-06-05 10:00:00+08:00,65.69999694824219,66.0,65.69999694824219,66.0,10218,0.0,0.0
2023-06-05 11:00:00+08:00,66.0,66.0,66.0,66.0,4002,0.0,0.0
2023-06-05 12:00:00+08:00,66.0999984741211,66.0999984741211,65.80000305175781,65.80000305175781,12014,0.0,0.0
2023-06-05 13:00:00+08:00,65.80000305175781,65.80000305175781,65.69999694824219,65.69999694824219,5000,0.0,0.0
2023-06-06 09:00:00+08:00,66.4000015258789,66.4000015258789,65.5999984741211,66.0999984741211,0,0.0,0.0
2023-06-06 11:00:00+08:00,65.80000305175781,65.80000305175781,65.80000305175781,65.80000305175781,9049,0.0,0.0
2023-06-06 12:00:00+08:00,65.69999694824219,65.69999694824219,65.5999984741211,65.5999984741211,11000,0.0,0.0
2023-06-06 13:00:00+08:00,65.5999984741211,65.69999694824219,65.5999984741211,65.5999984741211,8002,0.0,0.0
2023-06-07 09:00:00+08:00,65.80000305175781,66.19999694824219,65.69999694824219,65.69999694824219,0,0.0,0.0
2023-06-07 10:00:00+08:00,65.80000305175781,65.80000305175781,65.5999984741211,65.69999694824219,13000,0.0,0.0
2023-06-07 11:00:00+08:00,65.80000305175781,66.0,65.80000305175781,65.80000305175781,14204,0.0,0.0
2023-06-07 12:00:00+08:00,65.80000305175781,65.9000015258789,65.80000305175781,65.9000015258789,5003,0.0,0.0
2023-06-07 13:00:00+08:00,65.80000305175781,66.0,65.80000305175781,65.9000015258789,5001,0.0,0.0
2023-06-08 09:00:00+08:00,66.19999694824219,68.9000015258789,66.19999694824219,68.80000305175781,150687,0.0,0.0
2023-06-08 10:00:00+08:00,68.80000305175781,69.0999984741211,68.19999694824219,68.5999984741211,149943,0.0,0.0
2023-06-08 11:00:00+08:00,68.5999984741211,68.80000305175781,68.19999694824219,68.19999694824219,70442,0.0,0.0
2023-06-08 12:00:00+08:00,68.19999694824219,68.30000305175781,67.69999694824219,67.69999694824219,61254,0.0,0.0
2023-06-08 13:00:00+08:00,67.69999694824219,67.9000015258789,67.5,67.9000015258789,16000,0.0,0.0
2023-06-09 09:00:00+08:00,67.9000015258789,67.9000015258789,67.30000305175781,67.30000305175781,0,0.0,0.0
2023-06-09 10:00:00+08:00,67.19999694824219,67.19999694824219,66.4000015258789,66.9000015258789,28651,0.0,0.0
2023-06-09 11:00:00+08:00,67.0999984741211,67.4000015258789,67.0999984741211,67.4000015258789,10006,0.0,0.0
2023-06-09 12:00:00+08:00,67.30000305175781,67.30000305175781,67.19999694824219,67.30000305175781,7031,0.0,0.0
2023-06-09 13:00:00+08:00,67.4000015258789,68.5,67.4000015258789,68.5,32005,0.0,0.0
2023-06-12 09:00:00+08:00,68.0,68.0,67.19999694824219,67.4000015258789,0,0.0,0.0
2023-06-12 10:00:00+08:00,67.19999694824219,67.4000015258789,67.0999984741211,67.0999984741211,24291,0.0,0.0
2023-06-12 11:00:00+08:00,67.30000305175781,67.4000015258789,67.30000305175781,67.30000305175781,3598,0.0,0.0
2023-06-12 12:00:00+08:00,67.4000015258789,67.5,67.30000305175781,67.30000305175781,10701,0.0,0.0
2023-06-12 13:00:00+08:00,67.4000015258789,67.4000015258789,67.30000305175781,67.30000305175781,5000,0.0,0.0
2023-06-13 09:00:00+08:00,67.0,67.5,66.4000015258789,67.30000305175781,0,0.0,0.0
2023-06-13 10:00:00+08:00,67.30000305175781,67.30000305175781,67.0,67.19999694824219,13835,0.0,0.0
2023-06-13 11:00:00+08:00,67.30000305175781,67.5,67.30000305175781,67.5,5120,0.0,0.0
2023-06-13 12:00:00+08:00,67.5,67.5999984741211,67.5,67.5999984741211,19003,0.0,0.0
2023-06-13 13:00:00+08:00,67.4000015258789,67.5999984741211,67.30000305175781,67.5999984741211,16002,0.0,0.0
2023-06-14 09:00:00+08:00,67.5999984741211,68.0,67.19999694824219,67.5,0,0.0,0.0
2023-06-14 10:00:00+08:00,67.5,67.5,67.19999694824219,67.5,24001,0.0,0.0
2023-06-14 11:00:00+08:00,67.19999694824219,67.30000305175781,67.0999984741211,67.19999694824219,14324,0.0,0.0
2023-06-14 12:00:00+08:00,67.19999694824219,67.30000305175781,67.19999694824219,67.19999694824219,13004,0.0,0.0
2023-06-14 13:00:00+08:00,67.19999694824219,67.30000305175781,67.0999984741211,67.0999984741211,9020,0.0,0.0
2023-06-15 09:00:00+08:00,67.0,67.0,67.0,67.0,0,0.0,0.0
2023-06-15 10:00:00+08:00,67.0,67.0999984741211,66.5,66.5,0,0.0,0.0
2023-06-15 11:00:00+08:00,66.5,67.19999694824219,66.19999694824219,66.69999694824219,79232,0.0,0.0
2023-06-15 12:00:00+08:00,66.69999694824219,66.80000305175781,66.5999984741211,66.5999984741211,10188,0.0,0.0
2023-06-15 13:00:00+08:00,66.69999694824219,66.69999694824219,66.30000305175781,66.30000305175781,24213,0.0,0.0
2023-06-16 09:00:00+08:00,67.30000305175781,67.5,66.4000015258789,66.4000015258789,0,0.0,0.0
2023-06-16 10:00:00+08:00,66.4000015258789,66.80000305175781,66.4000015258789,66.4000015258789,27000,0.0,0.0
2023-06-16 11:00:00+08:00,66.4000015258789,66.4000015258789,66.19999694824219,66.4000015258789,13002,0.0,0.0
2023-06-16 12:00:00+08:00,66.30000305175781,66.5,66.30000305175781,66.30000305175781,12598,0.0,0.0
2023-06-16 13:00:00+08:00,66.30000305175781,66.5,66.30000305175781,66.5,11001,0.0,0.0
2023-06-19 09:00:00+08:00,66.5,66.9000015258789,66.5,66.5999984741211,0,0.0,0.0
2023-06-19 10:00:00+08:00,66.5,66.5,66.30000305175781,66.30000305175781,5002,0.0,0.0
2023-06-19 11:00:00+08:00,66.30000305175781,66.5,66.0999984741211,66.5,16493,0.0,0.0
2023-06-19 12:00:00+08:00,66.4000015258789,66.4000015258789,66.30000305175781,66.4000015258789,3012,0.0,0.0
2023-06-19 13:00:00+08:00,66.19999694824219,66.30000305175781,66.19999694824219,66.30000305175781,4000,0.0,0.0
2023-06-20 09:00:00+08:00,66.80000305175781,66.9000015258789,66.0,66.0,0,0.0,0.0
2023-06-20 10:00:00+08:00,65.9000015258789,65.9000015258789,65.5999984741211,65.69999694824219,28054,0.0,0.0
2023-06-20 11:00:00+08:00,65.80000305175781,66.0999984741211,65.80000305175781,66.0999984741211,29000,0.0,0.0
2023-06-20 12:00:00+08:00,65.9000015258789,65.9000015258789,65.80000305175781,65.80000305175781,3002,0.0,0.0
2023-06-20 13:00:00+08:00,65.80000305175781,65.80000305175781,65.80000305175781,65.80000305175781,14000,0.0,0.0
2023-06-21 09:00:00+08:00,65.80000305175781,65.9000015258789,65.80000305175781,65.9000015258789,0,0.0,0.0
2023-06-21 10:00:00+08:00,65.69999694824219,65.80000305175781,65.5999984741211,65.80000305175781,9102,0.0,0.0
2023-06-21 11:00:00+08:00,65.80000305175781,65.80000305175781,65.80000305175781,65.80000305175781,2103,0.0,0.0
2023-06-21 12:00:00+08:00,65.69999694824219,65.69999694824219,65.69999694824219,65.69999694824219,4050,0.0,0.0
2023-06-21 13:00:00+08:00,65.69999694824219,65.80000305175781,65.69999694824219,65.80000305175781,10140,0.0,0.0
2023-06-26 09:00:00+08:00,65.5,65.5999984741211,65.0999984741211,65.5999984741211,0,0.0,0.0
2023-06-26 10:00:00+08:00,65.19999694824219,65.19999694824219,65.0,65.0,17200,0.0,0.0
2023-06-26 11:00:00+08:00,65.0999984741211,65.0999984741211,65.0999984741211,65.0999984741211,3001,0.0,0.0
2023-06-26 12:00:00+08:00,65.19999694824219,65.19999694824219,65.0,65.0,32005,0.0,0.0
2023-06-26 13:00:00+08:00,65.0,65.0,64.9000015258789,64.9000015258789,12001,0.0,0.0
2023-06-27 09:00:00+08:00,64.80000305175781,64.80000305175781,64.5,64.80000305175781,0,0.0,0.0
2023-06-27 10:00:00+08:00,64.80000305175781,64.80000305175781,64.69999694824219,64.69999694824219,10007,0.0,0.0
2023-06-27 11:00:00+08:00,64.69999694824219,64.69999694824219,64.5,64.5,16001,0.0,0.0
2023-06-27 12:00:00+08:00,64.5,64.5,64.30000305175781,64.30000305175781,43001,0.0,0.0
2023-06-27 13:00:00+08:00,64.30000305175781,64.30000305175781,64.0999984741211,64.30000305175781,9200,0.0,0.0
2023-06-28 09:00:00+08:00,64.5999984741211,64.5999984741211,64.30000305175781,64.30000305175781,0,0.0,0.0
2023-06-28 10:00:00+08:00,64.4000015258789,64.5,64.4000015258789,64.5,7079,0.0,0.0
2023-06-28 11:00:00+08:00,64.5,64.5,64.5,64.5,2242,0.0,0.0
2023-06-28 12:00:00+08:00,64.5,64.5,64.4000015258789,64.4000015258789,5238,0.0,0.0
2023-06-28 13:00:00+08:00,64.5,64.5,64.5,64.5,2000,0.0,0.0
2023-06-29 09:00:00+08:00,65.0,65.0,65.0,65.0,1000,0.0,0.0
2023-06-29 10:00:00+08:00,64.9000015258789,64.9000015258789,64.5999984741211,64.5999984741211,10003,0.0,0.0
2023-06-29 11:00:00+08:00,64.5999984741211,64.69999694824219,64.5999984741211,64.69999694824219,3080,0.0,0.0
2023-06-29 12:00:00+08:00,64.69999694824219,64.69999694824219,64.5999984741211,64.5999984741211,7193,0.0,0.0
2023-06-29 13:00:00+08:00,64.5999984741211,64.5999984741211,64.4000015258789,64.5,20045,0.0,0.0
2023-06-30 09:00:00+08:00,64.69999694824219,65.0999984741211,64.5999984741211,65.0999984741211,0,0.0,0.0
2023-06-30 10:00:00+08:00,65.0999984741211,65.0999984741211,65.0999984741211,65.0999984741211,4001,0.0,0.0
2023-06-30 11:00:00+08:00,64.80000305175781,64.80000305175781,64.5,64.5,10008,0.0,0.0
2023-06-30 13:00:00+08:00,64.5999984741211,64.5999984741211,64.5999984741211,64.5999984741211,2012,0.0,0.0
2023-07-03 09:00:00+08:00,64.5,64.5,64.5,64.5,0,0.0,0.0
2023-07-03 10:00:00+08:00,64.9000015258789,65.4000015258789,64.5,65.4000015258789,15011,0.0,0.0
2023-07-03 11:00:00+08:00,65.4000015258789,65.80000305175781,65.4000015258789,65.80000305175781,9108,0.0,0.0
2023-07-03 12:00:00+08:00,65.9000015258789,66.69999694824219,65.9000015258789,66.69999694824219,53566,0.0,0.0
2023-07-03 13:00:00+08:00,66.69999694824219,66.69999694824219,66.5,66.5,5475,0.0,0.0
2023-07-04 09:00:00+08:00,66.19999694824219,66.19999694824219,65.69999694824219,65.69999694824219,3000,0.0,0.0
2023-07-04 10:00:00+08:00,65.9000015258789,66.19999694824219,65.80000305175781,66.19999694824219,9001,0.0,0.0
2023-07-04 11:00:00+08:00,66.19999694824219,66.19999694824219,66.0,66.0,11061,0.0,0.0
2023-07-04 12:00:00+08:00,66.0,66.0,66.0,66.0,2103,0.0,0.0
2023-07-04 13:00:00+08:00,66.0999984741211,66.0999984741211,66.0999984741211,66.0999984741211,2100,0.0,0.0
2023-07-05 09:00:00+08:00,65.5999984741211,65.5999984741211,65.5999984741211,65.5999984741211,0,0.0,0.0
2023-07-05 10:00:00+08:00,65.69999694824219,65.69999694824219,65.69999694824219,65.69999694824219,2022,0.0,0.0
2023-07-05 11:00:00+08:00,65.80000305175781,65.80000305175781,65.69999694824219,65.69999694824219,2004,0.0,0.0
2023-07-05 12:00:00+08:00,65.69999694824219,65.69999694824219,65.5999984741211,65.5999984741211,10422,0.0,0.0
2023-07-05 13:00:00+08:00,65.69999694824219,65.80000305175781,65.69999694824219,65.80000305175781,3041,0.0,0.0
2023-07-06 09:00:00+08:00,65.69999694824219,65.69999694824219,65.69999694824219,65.69999694824219,0,0.0,0.0
2023-07-06 10:00:00+08:00,65.69999694824219,65.69999694824219,65.30000305175781,65.30000305175781,11019,0.0,0.0
2023-07-06 11:00:00+08:00,65.30000305175781,65.30000305175781,65.30000305175781,65.30000305175781,2000,0.0,0.0
2023-07-06 12:00:00+08:00,65.30000305175781,65.30000305175781,65.0,65.0,16089,0.0,0.0
2023-07-06 13:00:00+08:00,65.19999694824219,65.19999694824219,65.0,65.0,7002,0.0,0.0
2023-07-07 09:00:00+08:00,64.9000015258789,64.9000015258789,64.5,64.5,3010,0.0,0.0
2023-07-07 10:00:00+08:00,64.9000015258789,64.9000015258789,64.9000015258789,64.9000015258789,1022,0.0,0.0
2023-07-07 11:00:00+08:00,64.80000305175781,64.80000305175781,64.80000305175781,64.80000305175781,6088,0.0,0.0
2023-07-07 12:00:00+08:00,64.80000305175781,64.9000015258789,64.80000305175781,64.9000015258789,10004,0.0,0.0
2023-07-07 13:00:00+08:00,64.9000015258789,65.0999984741211,64.9000015258789,65.0999984741211,4030,0.0,0.0
2023-07-10 09:00:00+08:00,64.80000305175781,64.80000305175781,64.5999984741211,64.80000305175781,0,0.0,0.0
2023-07-10 10:00:00+08:00,64.80000305175781,65.0,64.80000305175781,65.0,5202,0.0,0.0
2023-07-10 11:00:00+08:00,65.0,65.0,64.9000015258789,64.9000015258789,4004,0.0,0.0
2023-07-10 12:00:00+08:00,64.9000015258789,65.0,64.9000015258789,65.0,2553,0.0,0.0
2023-07-10 13:00:00+08:00,65.0,65.0,65.0,65.0,1003,0.0,0.0
2023-07-11 09:00:00+08:00,64.19999694824219,64.19999694824219,63.0,63.400001525878906,108590,0.0,0.0
2023-07-11 10:00:00+08:00,63.29999923706055,63.5,63.20000076293945,63.400001525878906,30211,0.0,0.0
2023-07-11 11:00:00+08:00,63.5,63.79999923706055,63.5,63.79999923706055,7544,0.0,0.0
2023-07-11 12:00:00+08:00,63.79999923706055,63.900001525878906,63.79999923706055,63.900001525878906,15470,0.0,0.0
2023-07-11 13:00:00+08:00,63.79999923706055,63.79999923706055,63.70000076293945,63.70000076293945,6050,0.0,0.0
2023-07-12 09:00:00+08:00,63.79999923706055,63.900001525878906,63.0,63.20000076293945,0,0.0,0.0
2023-07-12 10:00:00+08:00,63.29999923706055,63.70000076293945,63.29999923706055,63.70000076293945,24045,0.0,0.0
2023-07-12 11:00:00+08:00,63.70000076293945,63.70000076293945,63.5,63.599998474121094,5077,0.0,0.0
2023-07-12 12:00:00+08:00,63.400001525878906,63.400001525878906,63.20000076293945,63.20000076293945,15006,0.0,0.0
2023-07-12 13:00:00+08:00,63.29999923706055,63.29999923706055,63.29999923706055,63.29999923706055,1001,0.0,0.0
2023-07-13 09:00:00+08:00,63.29999923706055,63.29999923706055,62.20000076293945,62.5,0,0.0,0.0
2023-07-13 10:00:00+08:00,63.0,63.0,62.79999923706055,62.79999923706055,15013,0.0,0.0
2023-07-13 11:00:00+08:00,62.70000076293945,62.70000076293945,62.5,62.70000076293945,20327,0.0,0.0
2023-07-13 12:00:00+08:00,62.70000076293945,62.70000076293945,62.20000076293945,62.29999923706055,36499,0.0,0.0
2023-07-13 13:00:00+08:00,62.29999923706055,62.29999923706055,62.20000076293945,62.29999923706055,7898,0.0,0.0
2023-07-14 09:00:00+08:00,62.5,62.5,62.29999923706055,62.29999923706055,0,0.0,0.0
2023-07-14 10:00:00+08:00,62.5,63.0,62.5,62.599998474121094,5313,0.0,0.0
2023-07-14 11:00:00+08:00,62.599998474121094,62.599998474121094,62.29999923706055,62.29999923706055,14143,0.0,0.0
2023-07-14 12:00:00+08:00,62.29999923706055,62.400001525878906,62.0,62.0,31178,0.0,0.0
2023-07-14 13:00:00+08:00,62.20000076293945,62.20000076293945,62.20000076293945,62.20000076293945,3018,0.0,0.0
2023-07-17 09:00:00+08:00,62.29999923706055,62.5,62.29999923706055,62.400001525878906,0,0.0,0.0
2023-07-17 10:00:00+08:00,62.5,62.5,62.400001525878906,62.400001525878906,17007,0.0,0.0
2023-07-17 11:00:00+08:00,62.400001525878906,62.400001525878906,62.400001525878906,62.400001525878906,6111,0.0,0.0
2023-07-17 12:00:00+08:00,62.5,62.900001525878906,62.5,62.79999923706055,19111,0.0,0.0
2023-07-17 13:00:00+08:00,63.20000076293945,63.20000076293945,63.20000076293945,63.20000076293945,1000,0.0,0.0
2023-07-18 09:00:00+08:00,63.0,63.0,63.0,63.0,0,0.0,0.0
2023-07-18 10:00:00+08:00,63.0,63.29999923706055,63.0,63.29999923706055,10171,0.0,0.0
2023-07-18 11:00:00+08:00,63.099998474121094,63.20000076293945,63.0,63.20000076293945,6000,0.0,0.0
2023-07-18 12:00:00+08:00,63.29999923706055,63.29999923706055,63.29999923706055,63.29999923706055,3136,0.0,0.0
2023-07-18 13:00:00+08:00,63.20000076293945,63.20000076293945,63.0,63.0,7165,0.0,0.0
2023-07-19 10:00:00+08:00,62.79999923706055,62.79999923706055,62.70000076293945,62.79999923706055,6046,0.0,0.0
2023-07-19 11:00:00+08:00,62.79999923706055,62.79999923706055,62.79999923706055,62.79999923706055,3000,0.0,0.0
2023-07-19 12:00:00+08:00,62.79999923706055,62.79999923706055,62.599998474121094,62.599998474121094,4505,0.0,0.0
2023-07-20 09:00:00+08:00,62.29999923706055,62.400001525878906,62.29999923706055,62.29999923706055,0,0.0,0.0
2023-07-20 10:00:00+08:00,62.5,62.599998474121094,62.20000076293945,62.20000076293945,10002,0.0,0.0
2023-07-20 11:00:00+08:00,62.400001525878906,62.400001525878906,62.29999923706055,62.29999923706055,16103,0.0,0.0
2023-07-20 12:00:00+08:00,62.29999923706055,62.400001525878906,62.29999923706055,62.400001525878906,2100,0.0,0.0
2023-07-20 13:00:00+08:00,62.400001525878906,62.400001525878906,62.29999923706055,62.29999923706055,2000,0.0,0.0
2023-07-21 09:00:00+08:00,62.20000076293945,63.0,62.099998474121094,63.0,0,0.0,0.0
2023-07-21 10:00:00+08:00,62.5,62.70000076293945,62.5,62.5,7164,0.0,0.0
2023-07-21 11:00:00+08:00,62.70000076293945,62.70000076293945,62.5,62.5,16001,0.0,0.0
2023-07-21 12:00:00+08:00,62.400001525878906,62.79999923706055,62.400001525878906,62.79999923706055,0,0.0,0.0
2023-07-21 13:00:00+08:00,62.599998474121094,62.599998474121094,62.5,62.5,50413,0.0,0.0
2023-07-24 10:00:00+08:00,62.599998474121094,62.599998474121094,62.0,62.0,17001,0.0,0.0
2023-07-24 11:00:00+08:00,62.20000076293945,63.0,62.099998474121094,62.79999923706055,11307,0.0,0.0
2023-07-24 12:00:00+08:00,62.79999923706055,62.79999923706055,62.20000076293945,62.20000076293945,6009,0.0,0.0
2023-07-24 13:00:00+08:00,62.20000076293945,62.20000076293945,62.099998474121094,62.099998474121094,4007,0.0,0.0
2023-07-25 09:00:00+08:00,62.099998474121094,62.5,62.0,62.099998474121094,0,0.0,0.0
2023-07-25 10:00:00+08:00,62.29999923706055,62.599998474121094,62.29999923706055,62.599998474121094,28603,0.0,0.0
2023-07-25 11:00:00+08:00,62.70000076293945,63.599998474121094,62.70000076293945,63.599998474121094,11754,0.0,0.0
2023-07-25 12:00:00+08:00,63.599998474121094,64.69999694824219,63.599998474121094,64.19999694824219,23581,0.0,0.0
2023-07-25 13:00:00+08:00,64.30000305175781,64.30000305175781,64.0999984741211,64.30000305175781,15160,0.0,0.0
2023-07-26 09:00:00+08:00,64.19999694824219,65.0,64.0999984741211,64.69999694824219,0,0.0,0.0
2023-07-26 10:00:00+08:00,64.9000015258789,65.0,64.30000305175781,64.5999984741211,12551,0.0,0.0
2023-07-26 11:00:00+08:00,64.5999984741211,64.9000015258789,64.5,64.69999694824219,12106,0.0,0.0
2023-07-26 12:00:00+08:00,64.5999984741211,64.80000305175781,64.5999984741211,64.80000305175781,12120,0.0,0.0
2023-07-26 13:00:00+08:00,64.80000305175781,64.80000305175781,64.69999694824219,64.69999694824219,8075,0.0,0.0
2023-07-27 09:00:00+08:00,65.0,65.0999984741211,64.80000305175781,64.80000305175781,0,0.0,0.0
2023-07-27 10:00:00+08:00,64.80000305175781,65.0,64.80000305175781,65.0,9151,0.0,0.0
2023-07-27 11:00:00+08:00,64.9000015258789,64.9000015258789,64.69999694824219,64.69999694824219,9112,0.0,0.0
2023-07-27 12:00:00+08:00,64.69999694824219,64.69999694824219,64.5999984741211,64.5999984741211,7004,0.0,0.0
2023-07-27 13:00:00+08:00,64.5,64.5,64.5,64.5,3112,0.0,0.0
2023-07-28 09:00:00+08:00,64.5,64.5,64.0999984741211,64.0999984741211,0,0.0,0.0
2023-07-28 10:00:00+08:00,64.0999984741211,64.0999984741211,64.0999984741211,64.0999984741211,1139,0.0,0.0
2023-07-28 11:00:00+08:00,64.0999984741211,64.5,64.0,64.5,8004,0.0,0.0
2023-07-28 12:00:00+08:00,64.0999984741211,64.0999984741211,64.0,64.0,6012,0.0,0.0
2023-07-28 13:00:00+08:00,64.0999984741211,64.0999984741211,63.900001525878906,63.900001525878906,3002,0.0,0.0
2023-07-31 09:00:00+08:00,65.0,65.0,64.30000305175781,65.0,803,0.0,0.0
2023-07-31 10:00:00+08:00,65.0,65.0,64.69999694824219,64.69999694824219,9001,0.0,0.0
2023-07-31 11:00:00+08:00,64.5999984741211,64.5999984741211,63.70000076293945,63.70000076293945,37001,0.0,0.0
2023-07-31 12:00:00+08:00,63.900001525878906,64.30000305175781,63.900001525878906,64.30000305175781,5301,0.0,0.0
2023-07-31 13:00:00+08:00,64.5999984741211,64.5999984741211,64.5999984741211,64.5999984741211,1000,0.0,0.0
2023-08-01 09:00:00+08:00,64.69999694824219,64.69999694824219,64.30000305175781,64.30000305175781,0,0.0,0.0
2023-08-01 11:00:00+08:00,64.0,64.0,63.79999923706055,64.0,7001,0.0,0.0
2023-08-01 12:00:00+08:00,64.0,64.0,64.0,64.0,1202,0.0,0.0
2023-08-01 13:00:00+08:00,64.5,64.5,64.5,64.5,1020,0.0,0.0
2023-08-02 09:00:00+08:00,64.0,64.0,64.0,64.0,0,0.0,0.0
2023-08-02 10:00:00+08:00,63.900001525878906,63.900001525878906,63.20000076293945,63.29999923706055,17152,0.0,0.0
2023-08-02 11:00:00+08:00,63.29999923706055,63.29999923706055,62.900001525878906,62.900001525878906,8201,0.0,0.0
2023-08-02 12:00:00+08:00,63.0,63.0,62.900001525878906,63.0,0,0.0,0.0
2023-08-02 13:00:00+08:00,62.900001525878906,62.900001525878906,62.599998474121094,62.599998474121094,46737,0.0,0.0
2023-08-04 10:00:00+08:00,62.70000076293945,63.0,62.70000076293945,63.0,48038,0.0,0.0
2023-08-04 11:00:00+08:00,63.0,63.0,62.900001525878906,62.900001525878906,3003,0.0,0.0
2023-08-04 12:00:00+08:00,63.0,63.29999923706055,62.900001525878906,63.29999923706055,11058,0.0,0.0
2023-08-04 13:00:00+08:00,63.29999923706055,63.5,63.29999923706055,63.5,4103,0.0,0.0
2023-08-07 09:00:00+08:00,64.0,64.5,64.0,64.0,0,0.0,0.0
2023-08-07 10:00:00+08:00,64.0,64.0,63.5,63.5,3000,0.0,0.0
2023-08-07 11:00:00+08:00,63.5,64.0999984741211,63.5,64.0999984741211,6114,0.0,0.0
2023-08-08 09:00:00+08:00,64.0,64.0,64.0,64.0,0,0.0,0.0
2023-08-08 10:00:00+08:00,63.900001525878906,63.900001525878906,63.900001525878906,63.900001525878906,1000,0.0,0.0
2023-08-08 11:00:00+08:00,63.900001525878906,63.900001525878906,63.400001525878906,63.5,10259,0.0,0.0
2023-08-08 12:00:00+08:00,63.400001525878906,63.400001525878906,63.099998474121094,63.400001525878906,15202,0.0,0.0
2023-08-08 13:00:00+08:00,63.400001525878906,63.400001525878906,63.400001525878906,63.400001525878906,3000,0.0,0.0
2023-08-09 09:00:00+08:00,63.20000076293945,63.20000076293945,63.20000076293945,63.20000076293945,0,0.0,0.0
2023-08-09 11:00:00+08:00,63.400001525878906,63.5,63.20000076293945,63.5,6006,0.0,0.0
2023-08-09 12:00:00+08:00,63.5,63.5,63.099998474121094,63.099998474121094,4071,0.0,0.0
2023-08-09 13:00:00+08:00,63.20000076293945,63.20000076293945,63.099998474121094,63.099998474121094,4136,0.0,0.0
2023-08-10 09:00:00+08:00,59.0,60.900001525878906,59.0,59.5,124307,0.0,0.0
2023-08-10 10:00:00+08:00,59.79999923706055,60.29999923706055,59.79999923706055,60.29999923706055,8144,0.0,0.0
2023-08-10 11:00:00+08:00,60.20000076293945,60.29999923706055,60.099998474121094,60.099998474121094,6024,0.0,0.0
2023-08-10 12:00:00+08:00,60.29999923706055,60.5,60.0,60.0,34002,0.0,0.0
2023-08-10 13:00:00+08:00,59.900001525878906,60.20000076293945,59.900001525878906,59.900001525878906,7110,0.0,0.0
2023-08-11 09:00:00+08:00,60.0,60.29999923706055,60.0,60.0,0,0.0,0.0
2023-08-11 10:00:00+08:00,60.099998474121094,60.099998474121094,60.099998474121094,60.099998474121094,2429,0.0,0.0
2023-08-11 11:00:00+08:00,60.20000076293945,60.5,60.20000076293945,60.5,3147,0.0,0.0
2023-08-11 12:00:00+08:00,60.29999923706055,60.29999923706055,60.099998474121094,60.099998474121094,13256,0.0,0.0
2023-08-11 13:00:00+08:00,60.099998474121094,60.5,60.099998474121094,60.5,6341,0.0,0.0
2023-08-14 09:00:00+08:00,60.20000076293945,60.20000076293945,59.400001525878906,59.400001525878906,0,0.0,0.0
2023-08-14 10:00:00+08:00,59.400001525878906,59.400001525878906,59.20000076293945,59.29999923706055,16244,0.0,0.0
2023-08-14 11:00:00+08:00,59.29999923706055,59.400001525878906,59.099998474121094,59.20000076293945,30604,0.0,0.0
2023-08-14 12:00:00+08:00,59.29999923706055,59.29999923706055,59.29999923706055,59.29999923706055,5167,0.0,0.0
2023-08-14 13:00:00+08:00,59.29999923706055,59.29999923706055,59.20000076293945,59.20000076293945,6645,0.0,0.0
2023-08-15 09:00:00+08:00,59.0,59.20000076293945,59.0,59.20000076293945,0,0.0,0.0
2023-08-15 10:00:00+08:00,59.20000076293945,59.20000076293945,59.20000076293945,59.20000076293945,1002,0.0,0.0
2023-08-15 11:00:00+08:00,59.400001525878906,59.5,59.29999923706055,59.5,10031,0.0,0.0
2023-08-15 12:00:00+08:00,59.599998474121094,59.599998474121094,59.599998474121094,59.599998474121094,0,0.0,0.0
2023-08-16 09:00:00+08:00,59.099998474121094,59.20000076293945,58.900001525878906,58.900001525878906,12032,0.0,0.0
2023-08-16 10:00:00+08:00,59.0,59.20000076293945,59.0,59.20000076293945,6003,0.0,0.0
2023-08-16 11:00:00+08:00,59.0,59.29999923706055,59.0,59.29999923706055,15103,0.0,0.0
2023-08-16 12:00:00+08:00,59.29999923706055,59.400001525878906,59.29999923706055,59.400001525878906,4004,0.0,0.0
2023-08-16 13:00:00+08:00,59.20000076293945,59.20000076293945,59.099998474121094,59.099998474121094,12001,0.0,0.0
2023-08-17 09:00:00+08:00,59.29999923706055,59.400001525878906,59.20000076293945,59.20000076293945,0,0.0,0.0
2023-08-17 10:00:00+08:00,59.29999923706055,59.5,59.099998474121094,59.099998474121094,12119,0.0,0.0
2023-08-17 11:00:00+08:00,59.5,59.599998474121094,59.5,59.599998474121094,4042,0.0,0.0
2023-08-17 12:00:00+08:00,59.599998474121094,59.599998474121094,59.400001525878906,59.400001525878906,8001,0.0,0.0
2023-08-17 13:00:00+08:00,59.400001525878906,59.400001525878906,59.400001525878906,59.400001525878906,6000,0.0,0.0
2023-08-18 09:00:00+08:00,59.29999923706055,59.400001525878906,59.29999923706055,59.400001525878906,0,0.0,0.0
2023-08-18 10:00:00+08:00,59.400001525878906,59.400001525878906,59.400001525878906,59.400001525878906,3101,0.0,0.0
2023-08-18 11:00:00+08:00,59.29999923706055,59.400001525878906,59.29999923706055,59.400001525878906,2116,0.0,0.0
2023-08-18 12:00:00+08:00,59.29999923706055,59.29999923706055,59.099998474121094,59.099998474121094,9021,0.0,0.0
2023-08-18 13:00:00+08:00,59.20000076293945,59.20000076293945,59.0,59.0,6000,0.0,0.0
2023-08-21 09:00:00+08:00,59.0,59.099998474121094,59.0,59.099998474121094,0,0.0,0.0
2023-08-21 10:00:00+08:00,59.0,59.0,59.0,59.0,4005,0.0,0.0
2023-08-21 11:00:00+08:00,59.20000076293945,59.20000076293945,58.900001525878906,58.900001525878906,16001,0.0,0.0
2023-08-21 12:00:00+08:00,58.900001525878906,59.0,58.79999923706055,58.79999923706055,5223,0.0,0.0
2023-08-21 13:00:00+08:00,58.79999923706055,58.900001525878906,58.79999923706055,58.79999923706055,5000,0.0,0.0
2023-08-22 09:00:00+08:00,58.79999923706055,58.79999923706055,58.29999923706055,58.5,14195,0.0,0.0
2023-08-22 10:00:00+08:00,58.400001525878906,58.400001525878906,58.29999923706055,58.400001525878906,10012,0.0,0.0
2023-08-22 11:00:00+08:00,58.400001525878906,58.400001525878906,58.20000076293945,58.29999923706055,12001,0.0,0.0
2023-08-22 12:00:00+08:00,58.20000076293945,58.20000076293945,58.099998474121094,58.20000076293945,13017,0.0,0.0
2023-08-22 13:00:00+08:00,58.099998474121094,58.099998474121094,57.400001525878906,57.400001525878906,56092,0.0,0.0
2023-08-23 09:00:00+08:00,57.400001525878906,57.400001525878906,56.900001525878906,56.900001525878906,23276,0.0,0.0
2023-08-23 10:00:00+08:00,56.900001525878906,56.900001525878906,56.599998474121094,56.79999923706055,21007,0.0,0.0
2023-08-23 11:00:00+08:00,56.70000076293945,56.79999923706055,56.70000076293945,56.79999923706055,11006,0.0,0.0
2023-08-23 12:00:00+08:00,56.900001525878906,56.900001525878906,56.900001525878906,56.900001525878906,3002,0.0,0.0
2023-08-23 13:00:00+08:00,56.900001525878906,57.0,56.900001525878906,57.0,3000,0.0,0.0
2023-08-24 09:00:00+08:00,56.70000076293945,57.099998474121094,56.70000076293945,57.099998474121094,0,0.0,0.0
2023-08-24 10:00:00+08:00,57.099998474121094,57.20000076293945,56.79999923706055,57.20000076293945,15008,0.0,0.0
2023-08-24 11:00:00+08:00,57.0,57.0,56.79999923706055,56.79999923706055,16383,0.0,0.0
2023-08-24 12:00:00+08:00,56.79999923706055,56.79999923706055,56.79999923706055,56.79999923706055,10001,0.0,0.0
2023-08-24 13:00:00+08:00,56.79999923706055,56.900001525878906,56.79999923706055,56.79999923706055,4001,0.0,0.0
2023-08-25 10:00:00+08:00,57.0,57.400001525878906,57.0,57.400001525878906,2015,0.0,0.0
2023-08-25 11:00:00+08:00,57.5,57.5,57.099998474121094,57.099998474121094,7130,0.0,0.0
2023-08-25 12:00:00+08:00,57.20000076293945,57.20000076293945,57.20000076293945,57.20000076293945,1026,0.0,0.0
2023-08-25 13:00:00+08:00,57.5,57.5,57.5,57.5,1000,0.0,0.0
2023-08-28 09:00:00+08:00,57.599998474121094,57.599998474121094,57.400001525878906,57.400001525878906,0,0.0,0.0
2023-08-28 10:00:00+08:00,57.400001525878906,57.400001525878906,57.400001525878906,57.400001525878906,2124,0.0,0.0
2023-08-28 12:00:00+08:00,57.29999923706055,57.5,57.20000076293945,57.5,6160,0.0,0.0
2023-08-28 13:00:00+08:00,57.20000076293945,57.400001525878906,57.20000076293945,57.400001525878906,5000,0.0,0.0
2023-08-29 09:00:00+08:00,57.599998474121094,57.599998474121094,57.599998474121094,57.599998474121094,1000,0.0,0.0
2023-08-29 10:00:00+08:00,57.5,58.0,57.5,57.5,14003,0.0,0.0
2023-08-29 11:00:00+08:00,57.599998474121094,57.599998474121094,57.599998474121094,57.599998474121094,1101,0.0,0.0
2023-08-29 13:00:00+08:00,57.599998474121094,57.79999923706055,57.599998474121094,57.79999923706055,0,0.0,0.0
2023-08-30 09:00:00+08:00,57.70000076293945,57.70000076293945,57.5,57.5,2001,0.0,0.0
2023-08-30 10:00:00+08:00,57.5,58.0,57.400001525878906,58.0,9098,0.0,0.0
2023-08-30 11:00:00+08:00,58.0,58.400001525878906,58.0,58.400001525878906,8010,0.0,0.0
2023-08-30 12:00:00+08:00,58.400001525878906,58.5,58.400001525878906,58.5,7202,0.0,0.0
2023-08-31 09:00:00+08:00,58.5,58.5,58.5,58.5,0,0.0,0.0
2023-08-31 10:00:00+08:00,58.599998474121094,58.900001525878906,58.599998474121094,58.900001525878906,4001,0.0,0.0
2023-08-31 11:00:00+08:00,58.900001525878906,58.900001525878906,58.5,58.5,11005,0.0,0.0
2023-08-31 12:00:00+08:00,58.599998474121094,58.599998474121094,58.5,58.5,5007,0.0,0.0
2023-09-01 09:00:00+08:00,58.5,58.70000076293945,58.5,58.70000076293945,0,0.0,0.0
2023-09-01 10:00:00+08:00,58.70000076293945,58.79999923706055,58.70000076293945,58.79999923706055,4271,0.0,0.0
2023-09-01 12:00:00+08:00,58.70000076293945,58.70000076293945,58.70000076293945,58.70000076293945,6002,0.0,0.0
2023-09-01 13:00:00+08:00,58.70000076293945,58.70000076293945,58.5,58.5,12000,0.0,0.0
2023-09-04 10:00:00+08:00,58.599998474121094,58.599998474121094,58.5,58.599998474121094,4092,0.0,0.0
2023-09-04 11:00:00+08:00,58.79999923706055,58.79999923706055,58.599998474121094,58.599998474121094,9001,0.0,0.0
2023-09-04 12:00:00+08:00,58.5,58.5,58.29999923706055,58.29999923706055,6263,0.0,0.0
2023-09-04 13:00:00+08:00,58.400001525878906,58.5,58.400001525878906,58.5,2001,0.0,0.0
2023-09-05 09:00:00+08:00,58.5,58.5,58.5,58.5,0,0.0,0.0
2023-09-05 10:00:00+08:00,58.5,58.599998474121094,58.5,58.599998474121094,14079,0.0,0.0
2023-09-05 11:00:00+08:00,58.599998474121094,58.599998474121094,58.599998474121094,58.599998474121094,4041,0.0,0.0
2023-09-05 12:00:00+08:00,58.599998474121094,58.599998474121094,58.599998474121094,58.599998474121094,2151,0.0,0.0
2023-09-05 13:00:00+08:00,58.70000076293945,58.79999923706055,58.70000076293945,58.79999923706055,2003,0.0,0.0
2023-09-06 09:00:00+08:00,58.79999923706055,59.0,58.79999923706055,59.0,0,0.0,0.0
2023-09-06 10:00:00+08:00,58.79999923706055,58.900001525878906,58.79999923706055,58.900001525878906,8001,0.0,0.0
2023-09-06 11:00:00+08:00,58.900001525878906,58.900001525878906,58.79999923706055,58.900001525878906,8003,0.0,0.0
2023-09-06 12:00:00+08:00,58.900001525878906,58.900001525878906,58.79999923706055,58.900001525878906,6000,0.0,0.0
2023-09-06 13:00:00+08:00,58.900001525878906,58.900001525878906,58.900001525878906,58.900001525878906,0,0.0,0.0
2023-09-07 09:00:00+08:00,58.5,58.5,57.79999923706055,58.0,13055,0.0,0.0
2023-09-07 10:00:00+08:00,58.20000076293945,58.29999923706055,58.20000076293945,58.20000076293945,7000,0.0,0.0
2023-09-07 11:00:00+08:00,58.20000076293945,58.20000076293945,58.20000076293945,58.20000076293945,1007,0.0,0.0
2023-09-07 12:00:00+08:00,58.20000076293945,58.20000076293945,58.20000076293945,58.20000076293945,2716,0.0,0.0
2023-09-07 13:00:00+08:00,58.29999923706055,58.29999923706055,58.20000076293945,58.20000076293945,2283,0.0,0.0
2023-09-08 09:00:00+08:00,58.70000076293945,58.79999923706055,58.0,58.099998474121094,9010,0.0,0.0
2023-09-08 10:00:00+08:00,58.0,58.29999923706055,58.0,58.29999923706055,20016,0.0,0.0
2023-09-08 11:00:00+08:00,58.29999923706055,58.29999923706055,58.29999923706055,58.29999923706055,10052,0.0,0.0
2023-09-08 12:00:00+08:00,58.20000076293945,58.29999923706055,58.0,58.20000076293945,10131,0.0,0.0
2023-09-08 13:00:00+08:00,58.29999923706055,58.29999923706055,58.29999923706055,58.29999923706055,1086,0.0,0.0
2023-09-11 09:00:00+08:00,57.900001525878906,58.0,57.5,57.900001525878906,0,0.0,0.0
2023-09-11 10:00:00+08:00,58.0,58.0,57.79999923706055,57.79999923706055,3215,0.0,0.0
2023-09-11 11:00:00+08:00,57.79999923706055,58.0,57.79999923706055,58.0,3238,0.0,0.0
2023-09-11 12:00:00+08:00,57.79999923706055,57.79999923706055,57.79999923706055,57.79999923706055,0,0.0,0.0
2023-09-11 13:00:00+08:00,57.70000076293945,57.70000076293945,57.70000076293945,57.70000076293945,23555,0.0,0.0
2023-09-12 09:00:00+08:00,56.400001525878906,56.70000076293945,56.099998474121094,56.099998474121094,27752,0.0,0.0
2023-09-12 10:00:00+08:00,56.20000076293945,56.400001525878906,56.20000076293945,56.400001525878906,14094,0.0,0.0
2023-09-12 11:00:00+08:00,56.400001525878906,56.400001525878906,56.20000076293945,56.20000076293945,23266,0.0,0.0
2023-09-12 12:00:00+08:00,56.099998474121094,56.400001525878906,56.099998474121094,56.400001525878906,12730,0.0,0.0
2023-09-12 13:00:00+08:00,56.400001525878906,56.400001525878906,56.29999923706055,56.400001525878906,9026,0.0,0.0
2023-09-13 09:00:00+08:00,56.29999923706055,56.400001525878906,56.20000076293945,56.400001525878906,36202,0.0,0.0
2023-09-13 10:00:00+08:00,56.5,56.5,56.29999923706055,56.29999923706055,9003,0.0,0.0
2023-09-13 11:00:00+08:00,56.29999923706055,56.5,56.29999923706055,56.5,12102,0.0,0.0
2023-09-13 12:00:00+08:00,56.400001525878906,56.5,56.400001525878906,56.400001525878906,6010,0.0,0.0
2023-09-13 13:00:00+08:00,56.400001525878906,56.400001525878906,56.20000076293945,56.20000076293945,10172,0.0,0.0
2023-09-14 09:00:00+08:00,56.20000076293945,56.29999923706055,56.20000076293945,56.29999923706055,0,0.0,0.0
2023-09-14 10:00:00+08:00,56.400001525878906,56.5,56.400001525878906,56.5,5021,0.0,0.0
2023-09-14 11:00:00+08:00,56.5,56.5,56.400001525878906,56.400001525878906,9041,0.0,0.0
2023-09-14 12:00:00+08:00,56.400001525878906,56.400001525878906,56.29999923706055,56.29999923706055,4267,0.0,0.0
2023-09-14 13:00:00+08:00,56.29999923706055,56.599998474121094,56.20000076293945,56.400001525878906,11070,0.0,0.0
2023-09-15 09:00:00+08:00,56.20000076293945,57.0,56.20000076293945,56.400001525878906,14843,0.0,0.0
2023-09-15 10:00:00+08:00,56.5,56.5,56.099998474121094,56.099998474121094,40006,0.0,0.0
2023-09-15 11:00:00+08:00,56.099998474121094,56.400001525878906,56.099998474121094,56.400001525878906,10494,0.0,0.0
2023-09-15 12:00:00+08:00,56.29999923706055,56.79999923706055,56.29999923706055,56.70000076293945,25082,0.0,0.0
2023-09-15 13:00:00+08:00,56.70000076293945,56.70000076293945,56.70000076293945,56.70000076293945,1030,0.0,0.0
2023-09-18 09:00:00+08:00,56.599998474121094,56.599998474121094,56.400001525878906,56.400001525878906,0,0.0,0.0
2023-09-18 10:00:00+08:00,56.5,56.5,56.29999923706055,56.29999923706055,16099,0.0,0.0
2023-09-18 11:00:00+08:00,56.29999923706055,56.29999923706055,56.20000076293945,56.20000076293945,2000,0.0,0.0
2023-09-18 12:00:00+08:00,56.400001525878906,56.400001525878906,56.400001525878906,56.400001525878906,4076,0.0,0.0
2023-09-18 13:00:00+08:00,56.400001525878906,56.400001525878906,56.20000076293945,56.20000076293945,10003,0.0,0.0
2023-09-19 09:00:00+08:00,56.29999923706055,56.29999923706055,56.099998474121094,56.099998474121094,10259,0.0,0.0
2023-09-19 10:00:00+08:00,56.400001525878906,56.400001525878906,56.400001525878906,56.400001525878906,2001,0.0,0.0
2023-09-19 11:00:00+08:00,56.29999923706055,56.400001525878906,56.29999923706055,56.400001525878906,8156,0.0,0.0
2023-09-19 12:00:00+08:00,56.400001525878906,56.400001525878906,56.400001525878906,56.400001525878906,3114,0.0,0.0
2023-09-19 13:00:00+08:00,56.400001525878906,56.599998474121094,56.400001525878906,56.599998474121094,0,0.0,0.0
2023-09-20 09:00:00+08:00,56.20000076293945,56.20000076293945,56.099998474121094,56.099998474121094,10193,0.0,0.0
2023-09-20 10:00:00+08:00,56.099998474121094,56.099998474121094,56.099998474121094,56.099998474121094,8004,0.0,0.0
2023-09-20 11:00:00+08:00,56.099998474121094,56.20000076293945,56.099998474121094,56.20000076293945,10001,0.0,0.0
2023-09-20 12:00:00+08:00,56.20000076293945,56.20000076293945,56.20000076293945,56.20000076293945,7008,0.0,0.0
2023-09-20 13:00:00+08:00,56.099998474121094,56.099998474121094,56.099998474121094,56.099998474121094,8000,0.0,0.0
2023-09-21 09:00:00+08:00,56.099998474121094,56.099998474121094,56.099998474121094,56.099998474121094,0,0.0,0.0
2023-09-21 10:00:00+08:00,56.099998474121094,56.400001525878906,55.599998474121094,56.400001525878906,28404,0.0,0.0
2023-09-21 11:00:00+08:00,56.099998474121094,56.099998474121094,55.400001525878906,55.400001525878906,16300,0.0,0.0
2023-09-21 12:00:00+08:00,55.5,55.5,55.5,55.5,2160,0.0,0.0
2023-09-21 13:00:00+08:00,55.70000076293945,55.70000076293945,55.599998474121094,55.599998474121094,2094,0.0,0.0
2023-09-22 09:00:00+08:00,55.20000076293945,55.29999923706055,55.099998474121094,55.29999923706055,5076,0.0,0.0
2023-09-22 10:00:00+08:00,55.29999923706055,55.400001525878906,55.29999923706055,55.400001525878906,3002,0.0,0.0
2023-09-22 11:00:00+08:00,55.29999923706055,55.400001525878906,55.20000076293945,55.20000076293945,14001,0.0,0.0
2023-09-22 12:00:00+08:00,55.20000076293945,55.20000076293945,54.900001525878906,55.0,31114,0.0,0.0
2023-09-22 13:00:00+08:00,55.099998474121094,55.099998474121094,55.0,55.099998474121094,6047,0.0,0.0
2023-09-25 09:00:00+08:00,56.400001525878906,56.5,55.70000076293945,56.099998474121094,0,0.0,0.0
2023-09-25 10:00:00+08:00,56.0,56.0,56.0,56.0,1368,0.0,0.0
2023-09-25 12:00:00+08:00,56.0,56.099998474121094,56.0,56.099998474121094,8023,0.0,0.0
2023-09-25 13:00:00+08:00,56.099998474121094,56.099998474121094,55.900001525878906,55.900001525878906,4182,0.0,0.0
2023-09-26 09:00:00+08:00,55.79999923706055,55.79999923706055,55.70000076293945,55.70000076293945,2020,0.0,0.0
2023-09-26 10:00:00+08:00,55.79999923706055,55.79999923706055,55.70000076293945,55.70000076293945,4418,0.0,0.0
2023-09-26 11:00:00+08:00,55.599998474121094,55.79999923706055,55.400001525878906,55.400001525878906,11000,0.0,0.0
2023-09-26 12:00:00+08:00,55.70000076293945,55.70000076293945,55.70000076293945,55.70000076293945,5263,0.0,0.0
2023-09-26 13:00:00+08:00,55.70000076293945,55.70000076293945,55.70000076293945,55.70000076293945,1030,0.0,0.0
2023-09-27 10:00:00+08:00,55.70000076293945,55.70000076293945,55.400001525878906,55.70000076293945,6042,0.0,0.0
2023-09-27 11:00:00+08:00,55.70000076293945,55.70000076293945,55.70000076293945,55.70000076293945,5004,0.0,0.0
2023-09-27 12:00:00+08:00,55.79999923706055,56.099998474121094,55.79999923706055,56.0,16050,0.0,0.0
2023-09-27 13:00:00+08:00,56.0,56.20000076293945,56.0,56.20000076293945,14021,0.0,0.0
2023-09-28 09:00:00+08:00,56.29999923706055,56.29999923706055,56.29999923706055,56.29999923706055,4278,0.0,0.0
2023-09-28 10:00:00+08:00,56.29999923706055,56.29999923706055,56.29999923706055,56.29999923706055,1080,0.0,0.0
2023-09-28 11:00:00+08:00,56.29999923706055,56.5,56.29999923706055,56.5,17111,0.0,0.0
2023-09-28 12:00:00+08:00,56.5,57.0,56.5,57.0,34079,0.0,0.0
2023-09-28 13:00:00+08:00,57.0,57.0,56.79999923706055,57.0,6029,0.0,0.0
2023-10-02 10:00:00+08:00,56.900001525878906,57.099998474121094,56.900001525878906,57.0,4114,0.0,0.0
2023-10-02 11:00:00+08:00,57.0,58.29999923706055,57.0,58.0,48160,0.0,0.0
2023-10-02 12:00:00+08:00,58.29999923706055,59.099998474121094,58.099998474121094,58.900001525878906,37421,0.0,0.0
2023-10-02 13:00:00+08:00,58.79999923706055,59.0,58.79999923706055,59.0,14431,0.0,0.0
2023-10-03 09:00:00+08:00,59.0,62.400001525878906,59.0,61.599998474121094,96688,0.0,0.0
2023-10-03 10:00:00+08:00,61.599998474121094,62.0,61.400001525878906,61.5,44228,0.0,0.0
2023-10-03 11:00:00+08:00,61.599998474121094,62.0,61.599998474121094,61.599998474121094,26391,0.0,0.0
2023-10-03 12:00:00+08:00,61.599998474121094,62.099998474121094,61.599998474121094,62.0,41409,0.0,0.0
2023-10-03 13:00:00+08:00,62.099998474121094,62.099998474121094,61.79999923706055,61.900001525878906,20447,0.0,0.0
2023-10-04 09:00:00+08:00,60.79999923706055,62.0,60.599998474121094,62.0,0,0.0,0.0
2023-10-04 10:00:00+08:00,62.0,62.099998474121094,61.79999923706055,61.900001525878906,24052,0.0,0.0
2023-10-04 11:00:00+08:00,61.900001525878906,61.900001525878906,61.79999923706055,61.900001525878906,16103,0.0,0.0
2023-10-04 12:00:00+08:00,61.900001525878906,61.900001525878906,61.79999923706055,61.79999923706055,2030,0.0,0.0
2023-10-04 13:00:00+08:00,61.79999923706055,61.79999923706055,61.400001525878906,61.400001525878906,9235,0.0,0.0
2023-10-05 09:00:00+08:00,61.79999923706055,62.70000076293945,61.79999923706055,62.0,13492,0.0,0.0
2023-10-05 10:00:00+08:00,61.900001525878906,61.900001525878906,61.599998474121094,61.599998474121094,12006,0.0,0.0
2023-10-05 11:00:00+08:00,61.5,61.5,61.5,61.5,3002,0.0,0.0
2023-10-05 12:00:00+08:00,61.5,61.5,61.29999923706055,61.5,9034,0.0,0.0
2023-10-05 13:00:00+08:00,61.70000076293945,62.0,61.70000076293945,62.0,8001,0.0,0.0
2023-10-06 09:00:00+08:00,62.0,62.0,61.5,61.5,0,0.0,0.0
2023-10-06 10:00:00+08:00,61.5,61.79999923706055,61.5,61.70000076293945,12001,0.0,0.0
2023-10-06 11:00:00+08:00,61.79999923706055,61.79999923706055,61.79999923706055,61.79999923706055,9021,0.0,0.0
2023-10-06 12:00:00+08:00,61.79999923706055,61.900001525878906,61.599998474121094,61.599998474121094,11001,0.0,0.0
2023-10-11 09:00:00+08:00,61.20000076293945,61.20000076293945,60.5,60.5,0,0.0,0.0
2023-10-11 10:00:00+08:00,60.099998474121094,61.5,60.0,61.5,36052,0.0,0.0
2023-10-11 11:00:00+08:00,61.5,61.5,60.400001525878906,61.0,11001,0.0,0.0
2023-10-11 12:00:00+08:00,61.0,61.5,61.0,61.5,15007,0.0,0.0
2023-10-11 13:00:00+08:00,61.5,61.70000076293945,61.5,61.70000076293945,13100,0.0,0.0
2023-10-12 09:00:00+08:00,62.70000076293945,62.70000076293945,61.599998474121094,61.599998474121094,0,0.0,0.0
2023-10-12 10:00:00+08:00,61.599998474121094,61.599998474121094,61.599998474121094,61.599998474121094,10000,0.0,0.0
2023-10-12 11:00:00+08:00,61.599998474121094,61.70000076293945,61.599998474121094,61.599998474121094,7001,0.0,0.0
2023-10-12 12:00:00+08:00,61.599998474121094,61.79999923706055,61.29999923706055,61.70000076293945,20211,0.0,0.0
2023-10-13 09:00:00+08:00,61.29999923706055,61.29999923706055,61.099998474121094,61.20000076293945,7018,0.0,0.0
2023-10-13 10:00:00+08:00,61.20000076293945,61.400001525878906,61.20000076293945,61.400001525878906,5003,0.0,0.0
2023-10-13 11:00:00+08:00,61.29999923706055,61.29999923706055,61.20000076293945,61.20000076293945,6086,0.0,0.0
2023-10-13 12:00:00+08:00,61.099998474121094,61.099998474121094,60.79999923706055,60.900001525878906,15057,0.0,0.0
2023-10-13 13:00:00+08:00,61.20000076293945,61.20000076293945,61.20000076293945,61.20000076293945,1000,0.0,0.0
2023-10-16 09:00:00+08:00,60.5,60.5,60.400001525878906,60.400001525878906,0,0.0,0.0
2023-10-16 10:00:00+08:00,60.400001525878906,60.400001525878906,59.79999923706055,60.0,17336,0.0,0.0
2023-10-16 11:00:00+08:00,59.900001525878906,60.099998474121094,59.79999923706055,59.79999923706055,22000,0.0,0.0
2023-10-16 12:00:00+08:00,59.70000076293945,60.0,59.70000076293945,60.0,11000,0.0,0.0
2023-10-16 13:00:00+08:00,59.900001525878906,60.0,59.599998474121094,59.900001525878906,14104,0.0,0.0
2023-10-17 09:00:00+08:00,60.0,60.0,60.0,60.0,2000,0.0,0.0
2023-10-17 10:00:00+08:00,60.5,60.5,60.099998474121094,60.099998474121094,8024,0.0,0.0
2023-10-17 11:00:00+08:00,60.099998474121094,60.20000076293945,60.0,60.0,6100,0.0,0.0
2023-10-17 12:00:00+08:00,59.900001525878906,59.900001525878906,59.900001525878906,59.900001525878906,4000,0.0,0.0
2023-10-17 13:00:00+08:00,60.0,60.0,59.400001525878906,59.400001525878906,12227,0.0,0.0
2023-10-18 09:00:00+08:00,60.599998474121094,60.599998474121094,60.29999923706055,60.599998474121094,7002,0.0,0.0
2023-10-18 10:00:00+08:00,60.0,60.0,59.20000076293945,59.20000076293945,6085,0.0,0.0
2023-10-18 12:00:00+08:00,59.79999923706055,59.79999923706055,59.400001525878906,59.400001525878906,2039,0.0,0.0
2023-10-18 13:00:00+08:00,59.29999923706055,59.29999923706055,59.29999923706055,59.29999923706055,0,0.0,0.0
2023-10-19 10:00:00+08:00,59.900001525878906,59.900001525878906,59.29999923706055,59.29999923706055,7002,0.0,0.0
2023-10-19 11:00:00+08:00,59.29999923706055,59.29999923706055,58.599998474121094,58.599998474121094,10293,0.0,0.0
2023-10-19 12:00:00+08:00,58.70000076293945,59.0,58.599998474121094,59.0,20927,0.0,0.0
2023-10-19 13:00:00+08:00,58.900001525878906,58.900001525878906,58.79999923706055,58.79999923706055,3000,0.0,0.0
2023-10-20 09:00:00+08:00,58.900001525878906,59.099998474121094,58.900001525878906,59.099998474121094,5004,0.0,0.0
2023-10-20 10:00:00+08:00,59.0,59.0,58.79999923706055,58.900001525878906,13242,0.0,0.0
2023-10-20 12:00:00+08:00,59.0,59.400001525878906,59.0,59.400001525878906,6003,0.0,0.0
2023-10-20 13:00:00+08:00,59.5,59.5,59.5,59.5,1001,0.0,0.0
2023-10-23 09:00:00+08:00,59.0,59.0,58.900001525878906,58.900001525878906,0,0.0,0.0
2023-10-23 10:00:00+08:00,58.900001525878906,58.900001525878906,58.900001525878906,58.900001525878906,1002,0.0,0.0
2023-10-23 11:00:00+08:00,58.900001525878906,58.900001525878906,58.79999923706055,58.79999923706055,2038,0.0,0.0
2023-10-23 12:00:00+08:00,58.900001525878906,58.900001525878906,58.900001525878906,58.900001525878906,1393,0.0,0.0
2023-10-24 09:00:00+08:00,58.70000076293945,58.70000076293945,58.20000076293945,58.5,3472,0.0,0.0
2023-10-24 10:00:00+08:00,58.5,58.900001525878906,58.5,58.900001525878906,5105,0.0,0.0
2023-10-24 11:00:00+08:00,58.900001525878906,58.900001525878906,58.900001525878906,58.900001525878906,3310,0.0,0.0
2023-10-24 12:00:00+08:00,59.0,59.0,59.0,59.0,0,0.0,0.0
2023-10-24 13:00:00+08:00,59.099998474121094,59.099998474121094,59.099998474121094,59.099998474121094,29610,0.0,0.0
2023-10-25 09:00:00+08:00,59.5,59.599998474121094,59.20000076293945,59.20000076293945,0,0.0,0.0
2023-10-25 10:00:00+08:00,59.5,59.79999923706055,59.400001525878906,59.400001525878906,11013,0.0,0.0
2023-10-25 11:00:00+08:00,59.400001525878906,59.400001525878906,59.400001525878906,59.400001525878906,1001,0.0,0.0
2023-10-25 12:00:00+08:00,59.29999923706055,59.400001525878906,59.29999923706055,59.400001525878906,2002,0.0,0.0
2023-10-25 13:00:00+08:00,59.400001525878906,59.400001525878906,59.400001525878906,59.400001525878906,1001,0.0,0.0
2023-10-26 09:00:00+08:00,59.70000076293945,59.79999923706055,59.70000076293945,59.79999923706055,3180,0.0,0.0
2023-10-26 10:00:00+08:00,59.099998474121094,59.099998474121094,59.0,59.0,8000,0.0,0.0
2023-10-26 11:00:00+08:00,58.900001525878906,59.0,58.900001525878906,59.0,3002,0.0,0.0
2023-10-26 12:00:00+08:00,59.0,59.0,59.0,59.0,1003,0.0,0.0
2023-10-26 13:00:00+08:00,59.0,59.0,59.0,59.0,3000,0.0,0.0
2023-10-27 09:00:00+08:00,59.099998474121094,59.099998474121094,59.0,59.0,5097,0.0,0.0
2023-10-27 10:00:00+08:00,59.099998474121094,59.099998474121094,59.099998474121094,59.099998474121094,2000,0.0,0.0
2023-10-27 11:00:00+08:00,59.099998474121094,59.5,59.099998474121094,59.5,11000,0.0,0.0
2023-10-27 12:00:00+08:00,59.5,59.5,59.5,59.5,8000,0.0,0.0
2023-10-27 13:00:00+08:00,59.5,59.599998474121094,59.5,59.599998474121094,18000,0.0,0.0
2023-10-30 09:00:00+08:00,58.20000076293945,59.599998474121094,58.0,59.599998474121094,0,0.0,0.0
2023-10-30 10:00:00+08:00,59.5,59.5,59.5,59.5,14001,0.0,0.0
2023-10-30 11:00:00+08:00,59.5,59.5,59.5,59.5,3002,0.0,0.0
2023-10-30 12:00:00+08:00,59.5,59.5,59.400001525878906,59.5,0,0.0,0.0
2023-10-31 10:00:00+08:00,59.599998474121094,59.599998474121094,59.20000076293945,59.20000076293945,2090,0.0,0.0
2023-10-31 11:00:00+08:00,59.0,59.5,58.900001525878906,59.5,6013,0.0,0.0
2023-10-31 12:00:00+08:00,59.0,59.0,59.0,59.0,3001,0.0,0.0
2023-10-31 13:00:00+08:00,59.099998474121094,59.5,59.0,59.5,27020,0.0,0.0
2023-11-01 09:00:00+08:00,59.0,59.0,59.0,59.0,0,0.0,0.0
2023-11-01 10:00:00+08:00,59.0,59.0,59.0,59.0,7025,0.0,0.0
2023-11-01 11:00:00+08:00,59.0,59.0,59.0,59.0,1000,0.0,0.0
2023-11-01 12:00:00+08:00,59.0,59.0,59.0,59.0,1001,0.0,0.0
2023-11-01 13:00:00+08:00,59.20000076293945,59.20000076293945,59.0,59.0,5085,0.0,0.0
2023-11-02 09:00:00+08:00,59.0,59.29999923706055,58.79999923706055,59.29999923706055,8002,0.0,0.0
2023-11-02 10:00:00+08:00,59.0,59.0,58.79999923706055,58.79999923706055,4013,0.0,0.0
2023-11-02 11:00:00+08:00,59.0,59.0,59.0,59.0,3003,0.0,0.0
2023-11-02 12:00:00+08:00,59.0,59.0,59.0,59.0,5000,0.0,0.0
2023-11-02 13:00:00+08:00,59.0,59.0,59.0,59.0,2000,0.0,0.0
2023-11-03 09:00:00+08:00,59.29999923706055,59.29999923706055,59.29999923706055,59.29999923706055,2000,0.0,0.0
2023-11-03 10:00:00+08:00,59.29999923706055,59.29999923706055,59.20000076293945,59.20000076293945,3000,0.0,0.0
2023-11-03 11:00:00+08:00,59.20000076293945,59.20000076293945,59.20000076293945,59.20000076293945,4113,0.0,0.0
2023-11-03 12:00:00+08:00,59.099998474121094,59.099998474121094,59.099998474121094,59.099998474121094,4055,0.0,0.0
2023-11-03 13:00:00+08:00,59.099998474121094,59.099998474121094,59.099998474121094,59.099998474121094,1000,0.0,0.0
2023-11-06 09:00:00+08:00,59.400001525878906,59.70000076293945,59.400001525878906,59.400001525878906,0,0.0,0.0
2023-11-06 10:00:00+08:00,59.5,59.5,59.5,59.5,4209,0.0,0.0
2023-11-06 11:00:00+08:00,59.5,59.5,59.5,59.5,2010,0.0,0.0
2023-11-06 12:00:00+08:00,59.099998474121094,59.20000076293945,59.099998474121094,59.20000076293945,2000,0.0,0.0
2023-11-06 13:00:00+08:00,59.20000076293945,59.20000076293945,59.20000076293945,59.20000076293945,1022,0.0,0.0
2023-11-07 09:00:00+08:00,59.400001525878906,59.400001525878906,59.400001525878906,59.400001525878906,1062,0.0,0.0
2023-11-07 10:00:00+08:00,59.20000076293945,59.20000076293945,59.20000076293945,59.20000076293945,5002,0.0,0.0
2023-11-07 11:00:00+08:00,59.20000076293945,59.20000076293945,59.20000076293945,59.20000076293945,1350,0.0,0.0
2023-11-07 12:00:00+08:00,59.29999923706055,59.29999923706055,59.29999923706055,59.29999923706055,3013,0.0,0.0
2023-11-07 13:00:00+08:00,59.20000076293945,59.29999923706055,59.20000076293945,59.29999923706055,3001,0.0,0.0
2023-11-08 09:00:00+08:00,59.29999923706055,59.400001525878906,59.099998474121094,59.29999923706055,7210,0.0,0.0
2023-11-08 10:00:00+08:00,59.29999923706055,59.400001525878906,59.29999923706055,59.400001525878906,9001,0.0,0.0
2023-11-08 11:00:00+08:00,59.099998474121094,59.20000076293945,59.099998474121094,59.20000076293945,2001,0.0,0.0
2023-11-08 12:00:00+08:00,59.20000076293945,59.29999923706055,59.20000076293945,59.20000076293945,8287,0.0,0.0
2023-11-08 13:00:00+08:00,59.20000076293945,59.20000076293945,59.20000076293945,59.20000076293945,1001,0.0,0.0
2023-11-09 09:00:00+08:00,59.599998474121094,60.5,59.599998474121094,60.400001525878906,23559,0.0,0.0
2023-11-09 10:00:00+08:00,60.20000076293945,60.29999923706055,60.099998474121094,60.099998474121094,16000,0.0,0.0
2023-11-09 11:00:00+08:00,60.099998474121094,60.20000076293945,60.099998474121094,60.099998474121094,12150,0.0,0.0
2023-11-09 12:00:00+08:00,60.099998474121094,60.20000076293945,60.099998474121094,60.20000076293945,2185,0.0,0.0
2023-11-09 13:00:00+08:00,60.099998474121094,60.099998474121094,60.0,60.0,6000,0.0,0.0
2023-11-10 09:00:00+08:00,60.400001525878906,60.5,60.29999923706055,60.29999923706055,13096,0.0,0.0
2023-11-10 10:00:00+08:00,60.20000076293945,60.5,60.20000076293945,60.400001525878906,15218,0.0,0.0
2023-11-10 11:00:00+08:00,60.29999923706055,60.29999923706055,60.099998474121094,60.099998474121094,3002,0.0,0.0
2023-11-10 12:00:00+08:00,60.099998474121094,60.099998474121094,60.099998474121094,60.099998474121094,2001,0.0,0.0
2023-11-10 13:00:00+08:00,60.0,60.0,59.900001525878906,59.900001525878906,5052,0.0,0.0
2023-11-13 09:00:00+08:00,59.29999923706055,59.29999923706055,58.599998474121094,58.70000076293945,0,0.0,0.0
2023-11-13 10:00:00+08:00,58.70000076293945,58.70000076293945,58.70000076293945,58.70000076293945,4261,0.0,0.0
2023-11-13 11:00:00+08:00,58.900001525878906,59.20000076293945,58.900001525878906,59.20000076293945,10000,0.0,0.0
2023-11-13 13:00:00+08:00,58.900001525878906,58.900001525878906,58.70000076293945,58.70000076293945,8207,0.0,0.0
2023-11-14 09:00:00+08:00,58.79999923706055,58.79999923706055,58.79999923706055,58.79999923706055,1001,0.0,0.0
2023-11-14 10:00:00+08:00,58.79999923706055,58.900001525878906,58.70000076293945,58.900001525878906,12001,0.0,0.0
2023-11-14 11:00:00+08:00,58.900001525878906,58.900001525878906,58.900001525878906,58.900001525878906,2004,0.0,0.0
2023-11-14 12:00:00+08:00,58.900001525878906,58.900001525878906,58.900001525878906,58.900001525878906,1000,0.0,0.0
2023-11-14 13:00:00+08:00,58.900001525878906,58.900001525878906,58.79999923706055,58.79999923706055,3000,0.0,0.0
2023-11-15 09:00:00+08:00,58.900001525878906,59.0,58.900001525878906,59.0,0,0.0,0.0
2023-11-15 10:00:00+08:00,58.79999923706055,58.900001525878906,58.599998474121094,58.599998474121094,10002,0.0,0.0
2023-11-15 11:00:00+08:00,58.599998474121094,58.79999923706055,58.599998474121094,58.79999923706055,9001,0.0,0.0
2023-11-15 12:00:00+08:00,58.70000076293945,58.70000076293945,58.599998474121094,58.599998474121094,17062,0.0,0.0
2023-11-15 13:00:00+08:00,58.79999923706055,58.79999923706055,58.70000076293945,58.70000076293945,3000,0.0,0.0
2023-11-16 09:00:00+08:00,58.70000076293945,58.79999923706055,58.5,58.5,0,0.0,0.0
2023-11-16 10:00:00+08:00,58.5,58.5,58.5,58.5,3200,0.0,0.0
2023-11-16 11:00:00+08:00,58.79999923706055,58.79999923706055,58.400001525878906,58.400001525878906,12008,0.0,0.0
2023-11-16 12:00:00+08:00,58.400001525878906,58.70000076293945,58.29999923706055,58.70000076293945,15016,0.0,0.0
2023-11-16 13:00:00+08:00,58.70000076293945,58.70000076293945,58.5,58.5,3000,0.0,0.0
2023-11-17 09:00:00+08:00,58.29999923706055,58.400001525878906,58.29999923706055,58.400001525878906,0,0.0,0.0
2023-11-17 10:00:00+08:00,58.400001525878906,58.5,58.400001525878906,58.5,10084,0.0,0.0
2023-11-17 11:00:00+08:00,58.599998474121094,58.599998474121094,58.29999923706055,58.400001525878906,22152,0.0,0.0
2023-11-17 12:00:00+08:00,58.29999923706055,58.5,58.29999923706055,58.5,3108,0.0,0.0
2023-11-17 13:00:00+08:00,58.599998474121094,58.599998474121094,58.400001525878906,58.400001525878906,3521,0.0,0.0
2023-11-20 09:00:00+08:00,58.5,58.5,58.5,58.5,0,0.0,0.0
2023-11-20 10:00:00+08:00,58.400001525878906,58.400001525878906,58.29999923706055,58.29999923706055,5004,0.0,0.0
2023-11-20 11:00:00+08:00,58.5,58.5,58.5,58.5,8000,0.0,0.0
2023-11-20 12:00:00+08:00,58.5,58.5,58.400001525878906,58.400001525878906,4201,0.0,0.0
2023-11-20 13:00:00+08:00,58.400001525878906,58.400001525878906,58.400001525878906,58.400001525878906,4000,0.0,0.0
2023-11-21 09:00:00+08:00,58.400001525878906,59.0,58.400001525878906,59.0,10071,0.0,0.0
2023-11-21 10:00:00+08:00,58.900001525878906,59.0,58.900001525878906,59.0,3026,0.0,0.0
2023-11-21 11:00:00+08:00,59.0,59.0,58.79999923706055,58.79999923706055,7103,0.0,0.0
2023-11-21 12:00:00+08:00,58.79999923706055,58.79999923706055,58.79999923706055,58.79999923706055,1006,0.0,0.0
2023-11-21 13:00:00+08:00,58.79999923706055,58.79999923706055,58.79999923706055,58.79999923706055,2005,0.0,0.0
2023-11-22 09:00:00+08:00,58.79999923706055,58.79999923706055,58.400001525878906,58.5,0,0.0,0.0
2023-11-22 10:00:00+08:00,58.79999923706055,59.0,58.79999923706055,59.0,8010,0.0,0.0
2023-11-22 11:00:00+08:00,59.099998474121094,59.29999923706055,59.099998474121094,59.29999923706055,15086,0.0,0.0
2023-11-22 12:00:00+08:00,59.5,59.79999923706055,59.5,59.70000076293945,14035,0.0,0.0
2023-11-22 13:00:00+08:00,59.70000076293945,59.70000076293945,59.400001525878906,59.400001525878906,6107,0.0,0.0
2023-11-23 09:00:00+08:00,59.0,59.400001525878906,59.0,59.0,0,0.0,0.0
2023-11-23 10:00:00+08:00,59.099998474121094,59.20000076293945,59.0,59.0,14084,0.0,0.0
2023-11-23 11:00:00+08:00,59.099998474121094,59.099998474121094,59.0,59.0,4075,0.0,0.0
2023-11-23 12:00:00+08:00,59.400001525878906,59.400001525878906,59.400001525878906,59.400001525878906,3000,0.0,0.0
2023-11-24 09:00:00+08:00,59.29999923706055,59.29999923706055,58.70000076293945,59.20000076293945,0,0.0,0.0
2023-11-24 10:00:00+08:00,59.20000076293945,59.20000076293945,59.20000076293945,59.20000076293945,1053,0.0,0.0
2023-11-24 11:00:00+08:00,59.0,59.099998474121094,59.0,59.099998474121094,2005,0.0,0.0
2023-11-24 12:00:00+08:00,59.29999923706055,59.5,59.29999923706055,59.5,5054,0.0,0.0
2023-11-24 13:00:00+08:00,59.20000076293945,59.20000076293945,59.20000076293945,59.20000076293945,3003,0.0,0.0
2023-11-27 10:00:00+08:00,59.400001525878906,59.400001525878906,59.400001525878906,59.400001525878906,0,0.0,0.0
2023-11-27 11:00:00+08:00,59.400001525878906,59.5,58.900001525878906,58.900001525878906,8785,0.0,0.0
2023-11-27 12:00:00+08:00,58.79999923706055,60.0,58.79999923706055,60.0,17006,0.0,0.0
2023-11-27 13:00:00+08:00,59.5,59.5,58.599998474121094,59.5,14050,0.0,0.0
2023-11-28 09:00:00+08:00,59.0,59.0,59.0,59.0,3135,0.0,0.0
2023-11-28 10:00:00+08:00,59.0,59.0,58.900001525878906,58.900001525878906,2075,0.0,0.0
2023-11-28 12:00:00+08:00,58.900001525878906,59.0,58.900001525878906,59.0,9001,0.0,0.0
2023-11-28 13:00:00+08:00,59.29999923706055,59.29999923706055,59.29999923706055,59.29999923706055,4002,0.0,0.0
2023-11-29 09:00:00+08:00,59.5,59.5,58.900001525878906,59.0,13851,0.0,0.0
2023-11-29 10:00:00+08:00,59.0,59.400001525878906,59.0,59.400001525878906,12179,0.0,0.0
2023-11-29 11:00:00+08:00,59.099998474121094,59.099998474121094,59.099998474121094,59.099998474121094,1117,0.0,0.0
2023-11-29 13:00:00+08:00,59.099998474121094,59.099998474121094,59.099998474121094,59.099998474121094,2000,0.0,0.0
2023-11-30 09:00:00+08:00,58.79999923706055,59.0,58.79999923706055,59.0,0,0.0,0.0
2023-11-30 10:00:00+08:00,58.900001525878906,59.099998474121094,58.79999923706055,59.099998474121094,13102,0.0,0.0
2023-11-30 12:00:00+08:00,59.099998474121094,59.099998474121094,59.099998474121094,59.099998474121094,1055,0.0,0.0
2023-11-30 13:00:00+08:00,59.099998474121094,59.099998474121094,59.099998474121094,59.099998474121094,4000,0.0,0.0
2023-12-01 09:00:00+08:00,59.099998474121094,59.099998474121094,59.099998474121094,59.099998474121094,5000,0.0,0.0
2023-12-01 10:00:00+08:00,59.099998474121094,59.099998474121094,59.099998474121094,59.099998474121094,7002,0.0,0.0
2023-12-01 11:00:00+08:00,59.099998474121094,59.20000076293945,59.099998474121094,59.20000076293945,10020,0.0,0.0
2023-12-01 12:00:00+08:00,59.099998474121094,59.099998474121094,59.0,59.099998474121094,3123,0.0,0.0
2023-12-01 13:00:00+08:00,59.099998474121094,59.099998474121094,59.099998474121094,59.099998474121094,3000,0.0,0.0
2023-12-04 09:00:00+08:00,59.099998474121094,59.099998474121094,59.099998474121094,59.099998474121094,0,0.0,0.0
2023-12-04 10:00:00+08:00,59.099998474121094,59.099998474121094,59.099998474121094,59.099998474121094,4069,0.0,0.0
2023-12-04 11:00:00+08:00,59.20000076293945,59.20000076293945,59.099998474121094,59.099998474121094,6085,0.0,0.0
2023-12-04 12:00:00+08:00,59.099998474121094,59.20000076293945,59.099998474121094,59.099998474121094,13015,0.0,0.0
2023-12-04 13:00:00+08:00,59.20000076293945,59.29999923706055,59.20000076293945,59.29999923706055,3021,0.0,0.0
2023-12-05 10:00:00+08:00,59.20000076293945,59.20000076293945,59.0,59.0,8024,0.0,0.0
2023-12-05 11:00:00+08:00,59.0,59.20000076293945,59.0,59.20000076293945,5202,0.0,0.0
2023-12-05 12:00:00+08:00,59.20000076293945,59.29999923706055,59.20000076293945,59.20000076293945,7124,0.0,0.0
2023-12-05 13:00:00+08:00,59.099998474121094,59.20000076293945,59.099998474121094,59.20000076293945,2427,0.0,0.0
2023-12-06 09:00:00+08:00,59.20000076293945,59.20000076293945,59.0,59.0,21302,0.0,0.0
2023-12-06 10:00:00+08:00,59.099998474121094,59.099998474121094,59.0,59.0,7000,0.0,0.0
2023-12-06 11:00:00+08:00,59.099998474121094,59.099998474121094,59.0,59.099998474121094,3036,0.0,0.0
2023-12-06 12:00:00+08:00,59.0,59.099998474121094,59.0,59.099998474121094,9140,0.0,0.0
2023-12-06 13:00:00+08:00,59.099998474121094,59.099998474121094,59.099998474121094,59.099998474121094,1000,0.0,0.0
2023-12-07 09:00:00+08:00,59.29999923706055,59.29999923706055,59.099998474121094,59.29999923706055,16007,0.0,0.0
2023-12-07 10:00:00+08:00,59.20000076293945,59.20000076293945,59.099998474121094,59.099998474121094,6156,0.0,0.0
2023-12-07 11:00:00+08:00,59.0,59.099998474121094,59.0,59.099998474121094,6000,0.0,0.0
2023-12-07 12:00:00+08:00,59.099998474121094,59.099998474121094,59.099998474121094,59.099998474121094,12001,0.0,0.0
2023-12-07 13:00:00+08:00,59.0,59.099998474121094,59.0,59.099998474121094,7001,0.0,0.0
2023-12-08 09:00:00+08:00,59.20000076293945,59.20000076293945,59.0,59.0,5000,0.0,0.0
2023-12-08 10:00:00+08:00,58.900001525878906,59.0,58.79999923706055,58.79999923706055,19004,0.0,0.0
2023-12-08 11:00:00+08:00,58.79999923706055,58.900001525878906,58.79999923706055,58.900001525878906,2002,0.0,0.0
2023-12-08 12:00:00+08:00,58.900001525878906,58.900001525878906,58.79999923706055,58.79999923706055,6017,0.0,0.0
2023-12-08 13:00:00+08:00,58.900001525878906,58.900001525878906,58.900001525878906,58.900001525878906,0,0.0,0.0
2023-12-11 09:00:00+08:00,58.599998474121094,58.79999923706055,58.599998474121094,58.70000076293945,22025,0.0,0.0
2023-12-11 10:00:00+08:00,58.70000076293945,58.79999923706055,58.599998474121094,58.599998474121094,10478,0.0,0.0
2023-12-11 12:00:00+08:00,58.599998474121094,58.79999923706055,58.599998474121094,58.70000076293945,6610,0.0,0.0
2023-12-11 13:00:00+08:00,58.70000076293945,58.70000076293945,58.599998474121094,58.599998474121094,5000,0.0,0.0
2023-12-12 09:00:00+08:00,58.5,58.599998474121094,58.5,58.599998474121094,5005,0.0,0.0
2023-12-12 10:00:00+08:00,58.70000076293945,58.70000076293945,58.29999923706055,58.29999923706055,17142,0.0,0.0
2023-12-12 11:00:00+08:00,58.5,58.5,58.400001525878906,58.400001525878906,12000,0.0,0.0
2023-12-12 12:00:00+08:00,58.70000076293945,58.70000076293945,58.70000076293945,58.70000076293945,4118,0.0,0.0
2023-12-12 13:00:00+08:00,58.5,58.70000076293945,58.5,58.70000076293945,8069,0.0,0.0
2023-12-13 09:00:00+08:00,58.400001525878906,58.70000076293945,58.20000076293945,58.599998474121094,22730,0.0,0.0
2023-12-13 10:00:00+08:00,58.599998474121094,58.599998474121094,58.5,58.599998474121094,9200,0.0,0.0
2023-12-13 11:00:00+08:00,58.599998474121094,58.599998474121094,58.599998474121094,58.599998474121094,2001,0.0,0.0
2023-12-13 12:00:00+08:00,58.599998474121094,59.0,58.5,58.79999923706055,30675,0.0,0.0
2023-12-13 13:00:00+08:00,58.79999923706055,59.0,58.79999923706055,59.0,6110,0.0,0.0
2023-12-14 09:00:00+08:00,59.29999923706055,59.29999923706055,58.900001525878906,59.0,0,0.0,0.0
2023-12-14 11:00:00+08:00,58.79999923706055,58.79999923706055,58.79999923706055,58.79999923706055,7001,0.0,0.0
2023-12-14 12:00:00+08:00,58.70000076293945,58.900001525878906,58.70000076293945,58.79999923706055,8322,0.0,0.0
2023-12-14 13:00:00+08:00,58.79999923706055,58.79999923706055,58.70000076293945,58.70000076293945,6002,0.0,0.0
2023-12-15 09:00:00+08:00,58.79999923706055,58.79999923706055,58.5,58.599998474121094,11248,0.0,0.0
2023-12-15 10:00:00+08:00,58.599998474121094,58.70000076293945,58.5,58.70000076293945,7003,0.0,0.0
2023-12-15 11:00:00+08:00,58.599998474121094,58.599998474121094,58.599998474121094,58.599998474121094,7024,0.0,0.0
2023-12-15 12:00:00+08:00,58.599998474121094,58.599998474121094,58.599998474121094,58.599998474121094,3209,0.0,0.0
2023-12-15 13:00:00+08:00,58.599998474121094,58.599998474121094,58.599998474121094,58.599998474121094,2002,0.0,0.0
2023-12-18 09:00:00+08:00,58.5,58.599998474121094,58.400001525878906,58.599998474121094,0,0.0,0.0
2023-12-18 10:00:00+08:00,58.5,58.5,58.400001525878906,58.400001525878906,6514,0.0,0.0
2023-12-18 11:00:00+08:00,58.400001525878906,58.400001525878906,58.20000076293945,58.20000076293945,13284,0.0,0.0
2023-12-18 12:00:00+08:00,58.29999923706055,58.5,58.29999923706055,58.29999923706055,12149,0.0,0.0
2023-12-18 13:00:00+08:00,58.5,58.5,58.5,58.5,1002,0.0,0.0
2023-12-19 09:00:00+08:00,58.20000076293945,58.29999923706055,58.0,58.29999923706055,16915,0.0,0.0
2023-12-19 10:00:00+08:00,58.20000076293945,58.20000076293945,58.0,58.0,24003,0.0,0.0
2023-12-19 11:00:00+08:00,58.0,58.0,58.0,58.0,2151,0.0,0.0
2023-12-19 12:00:00+08:00,58.0,58.0,58.0,58.0,9053,0.0,0.0
2023-12-19 13:00:00+08:00,58.0,58.0,58.0,58.0,1002,0.0,0.0
2023-12-20 09:00:00+08:00,57.900001525878906,57.900001525878906,57.70000076293945,57.79999923706055,7003,0.0,0.0
2023-12-20 10:00:00+08:00,57.79999923706055,57.79999923706055,57.70000076293945,57.70000076293945,20022,0.0,0.0
2023-12-20 11:00:00+08:00,58.0,58.0,57.900001525878906,57.900001525878906,4828,0.0,0.0
2023-12-20 12:00:00+08:00,57.900001525878906,57.900001525878906,57.900001525878906,57.900001525878906,2000,0.0,0.0
2023-12-21 10:00:00+08:00,58.0,58.0,58.0,58.0,1130,0.0,0.0
2023-12-21 11:00:00+08:00,57.70000076293945,57.70000076293945,57.599998474121094,57.70000076293945,6131,0.0,0.0
2023-12-21 12:00:00+08:00,57.70000076293945,57.79999923706055,57.70000076293945,57.79999923706055,7066,0.0,0.0
2023-12-21 13:00:00+08:00,57.70000076293945,57.79999923706055,57.70000076293945,57.79999923706055,2305,0.0,0.0
2023-12-22 09:00:00+08:00,57.79999923706055,57.79999923706055,57.70000076293945,57.70000076293945,0,0.0,0.0
2023-12-22 10:00:00+08:00,57.70000076293945,57.70000076293945,57.70000076293945,57.70000076293945,3100,0.0,0.0
2023-12-22 11:00:00+08:00,57.70000076293945,57.70000076293945,57.70000076293945,57.70000076293945,4150,0.0,0.0
2023-12-22 13:00:00+08:00,57.70000076293945,57.79999923706055,57.70000076293945,57.70000076293945,8120,0.0,0.0
2023-12-25 09:00:00+08:00,57.70000076293945,57.70000076293945,57.70000076293945,57.70000076293945,0,0.0,0.0
2023-12-25 11:00:00+08:00,57.70000076293945,57.70000076293945,57.5,57.5,17012,0.0,0.0
2023-12-25 12:00:00+08:00,57.5,57.5,57.5,57.5,1000,0.0,0.0
2023-12-25 13:00:00+08:00,57.5,57.5,57.400001525878906,57.400001525878906,5000,0.0,0.0
2023-12-26 09:00:00+08:00,57.29999923706055,57.29999923706055,57.29999923706055,57.29999923706055,7597,0.0,0.0
2023-12-26 10:00:00+08:00,57.400001525878906,57.5,57.29999923706055,57.5,9000,0.0,0.0
2023-12-26 11:00:00+08:00,57.400001525878906,57.5,57.400001525878906,57.5,4000,0.0,0.0
2023-12-26 12:00:00+08:00,57.5,57.5,57.5,57.5,9801,0.0,0.0
2023-12-26 13:00:00+08:00,57.5,57.5,57.5,57.5,1200,0.0,0.0
2023-12-27 09:00:00+08:00,57.79999923706055,58.70000076293945,57.79999923706055,58.5,7135,0.0,0.0
2023-12-27 10:00:00+08:00,58.5,58.5,58.099998474121094,58.099998474121094,4086,0.0,0.0
2023-12-27 11:00:00+08:00,58.099998474121094,58.099998474121094,58.099998474121094,58.099998474121094,2000,0.0,0.0
2023-12-27 12:00:00+08:00,58.0,58.099998474121094,58.0,58.099998474121094,8236,0.0,0.0
2023-12-27 13:00:00+08:00,58.0,58.099998474121094,58.0,58.099998474121094,9000,0.0,0.0
2023-12-28 09:00:00+08:00,58.20000076293945,58.70000076293945,58.20000076293945,58.5,0,0.0,0.0
2023-12-28 10:00:00+08:00,58.400001525878906,58.70000076293945,58.29999923706055,58.29999923706055,6023,0.0,0.0
2023-12-28 11:00:00+08:00,58.29999923706055,58.29999923706055,58.29999923706055,58.29999923706055,2000,0.0,0.0
2023-12-28 12:00:00+08:00,58.400001525878906,58.599998474121094,58.400001525878906,58.599998474121094,8187,0.0,0.0
2023-12-29 09:00:00+08:00,58.599998474121094,58.599998474121094,58.29999923706055,58.29999923706055,5063,0.0,0.0
2023-12-29 10:00:00+08:00,58.29999923706055,58.400001525878906,58.29999923706055,58.29999923706055,4008,0.0,0.0
2023-12-29 12:00:00+08:00,58.400001525878906,58.70000076293945,58.400001525878906,58.70000076293945,12003,0.0,0.0
2023-12-29 13:00:00+08:00,58.5,58.5,58.5,58.5,3000,0.0,0.0
2024-01-02 09:00:00+08:00,58.79999923706055,58.79999923706055,58.70000076293945,58.70000076293945,0,0.0,0.0
2024-01-02 10:00:00+08:00,58.599998474121094,58.599998474121094,58.5,58.5,5090,0.0,0.0
2024-01-02 11:00:00+08:00,58.5,58.5,58.400001525878906,58.400001525878906,5217,0.0,0.0
2024-01-02 12:00:00+08:00,58.400001525878906,58.400001525878906,58.400001525878906,58.400001525878906,5000,0.0,0.0
2024-01-02 13:00:00+08:00,58.599998474121094,58.599998474121094,58.29999923706055,58.599998474121094,0,0.0,0.0
2024-01-03 09:00:00+08:00,58.900001525878906,58.900001525878906,58.900001525878906,58.900001525878906,1029,0.0,0.0
2024-01-03 10:00:00+08:00,58.70000076293945,58.70000076293945,58.599998474121094,58.599998474121094,4000,0.0,0.0
2024-01-03 11:00:00+08:00,58.5,58.5,58.400001525878906,58.400001525878906,8059,0.0,0.0
2024-01-03 12:00:00+08:00,58.29999923706055,58.29999923706055,58.20000076293945,58.20000076293945,6005,0.0,0.0
2024-01-03 13:00:00+08:00,58.70000076293945,58.70000076293945,58.70000076293945,58.70000076293945,1001,0.0,0.0
2024-01-04 09:00:00+08:00,58.70000076293945,58.70000076293945,58.70000076293945,58.70000076293945,0,0.0,0.0
2024-01-04 10:00:00+08:00,58.400001525878906,58.400001525878906,58.400001525878906,58.400001525878906,2001,0.0,0.0
2024-01-04 11:00:00+08:00,58.20000076293945,58.70000076293945,58.099998474121094,58.70000076293945,12018,0.0,0.0
2024-01-04 12:00:00+08:00,58.5,58.5,58.400001525878906,58.400001525878906,2095,0.0,0.0
2024-01-04 13:00:00+08:00,58.400001525878906,58.599998474121094,58.20000076293945,58.599998474121094,0,0.0,0.0
2024-01-05 10:00:00+08:00,58.29999923706055,58.29999923706055,58.29999923706055,58.29999923706055,1001,0.0,0.0
2024-01-05 11:00:00+08:00,58.20000076293945,58.20000076293945,58.20000076293945,58.20000076293945,2008,0.0,0.0
2024-01-05 12:00:00+08:00,58.29999923706055,58.29999923706055,58.20000076293945,58.20000076293945,2001,0.0,0.0
2024-01-05 13:00:00+08:00,58.20000076293945,58.20000076293945,58.20000076293945,58.20000076293945,1000,0.0,0.0
2024-01-08 09:00:00+08:00,58.099998474121094,59.0,58.099998474121094,59.0,9303,0.0,0.0
2024-01-08 10:00:00+08:00,58.20000076293945,58.900001525878906,58.099998474121094,58.900001525878906,5045,0.0,0.0
2024-01-08 12:00:00+08:00,58.099998474121094,58.099998474121094,58.099998474121094,58.099998474121094,2024,0.0,0.0
2024-01-08 13:00:00+08:00,58.099998474121094,58.599998474121094,58.099998474121094,58.599998474121094,0,0.0,0.0
2024-01-09 09:00:00+08:00,58.0,58.0,57.79999923706055,57.79999923706055,10000,0.0,0.0
2024-01-09 10:00:00+08:00,57.70000076293945,57.70000076293945,57.70000076293945,57.70000076293945,2006,0.0,0.0
2024-01-09 11:00:00+08:00,57.70000076293945,57.70000076293945,57.70000076293945,57.70000076293945,1004,0.0,0.0
2024-01-09 12:00:00+08:00,57.70000076293945,57.70000076293945,57.599998474121094,57.599998474121094,8023,0.0,0.0
2024-01-09 13:00:00+08:00,57.599998474121094,57.599998474121094,57.599998474121094,57.599998474121094,2013,0.0,0.0
2024-01-10 09:00:00+08:00,57.599998474121094,57.599998474121094,57.5,57.5,4036,0.0,0.0
2024-01-10 10:00:00+08:00,57.29999923706055,57.29999923706055,57.29999923706055,57.29999923706055,4006,0.0,0.0
2024-01-10 11:00:00+08:00,57.29999923706055,57.29999923706055,57.29999923706055,57.29999923706055,9008,0.0,0.0
2024-01-10 13:00:00+08:00,57.29999923706055,57.29999923706055,57.29999923706055,57.29999923706055,1040,0.0,0.0
2024-01-11 09:00:00+08:00,57.29999923706055,57.29999923706055,56.599998474121094,57.0,23492,0.0,0.0
2024-01-11 10:00:00+08:00,57.20000076293945,57.20000076293945,56.900001525878906,56.900001525878906,3031,0.0,0.0
2024-01-11 11:00:00+08:00,56.900001525878906,56.900001525878906,56.900001525878906,56.900001525878906,1102,0.0,0.0
2024-01-11 12:00:00+08:00,56.900001525878906,56.900001525878906,56.70000076293945,56.79999923706055,24205,0.0,0.0
2024-01-11 13:00:00+08:00,56.900001525878906,57.29999923706055,56.79999923706055,57.29999923706055,13000,0.0,0.0
2024-01-12 09:00:00+08:00,56.599998474121094,56.599998474121094,56.599998474121094,56.599998474121094,1051,0.0,0.0
2024-01-12 10:00:00+08:00,56.70000076293945,56.70000076293945,56.70000076293945,56.70000076293945,1104,0.0,0.0
2024-01-12 11:00:00+08:00,56.70000076293945,56.70000076293945,56.70000076293945,56.70000076293945,2000,0.0,0.0
2024-01-12 12:00:00+08:00,56.70000076293945,56.70000076293945,56.70000076293945,56.70000076293945,2053,0.0,0.0
2024-01-12 13:00:00+08:00,56.70000076293945,56.900001525878906,56.70000076293945,56.900001525878906,4002,0.0,0.0
2024-01-15 10:00:00+08:00,57.0,57.0,57.0,57.0,0,0.0,0.0
2024-01-15 11:00:00+08:00,56.79999923706055,56.79999923706055,56.70000076293945,56.70000076293945,5002,0.0,0.0
2024-01-15 12:00:00+08:00,56.79999923706055,57.0,56.79999923706055,57.0,6006,0.0,0.0
2024-01-15 13:00:00+08:00,56.900001525878906,57.5,56.79999923706055,57.5,0,0.0,0.0
2024-01-16 09:00:00+08:00,57.0,57.0,57.0,57.0,2008,0.0,0.0
2024-01-16 10:00:00+08:00,56.900001525878906,57.0,56.70000076293945,56.70000076293945,12000,0.0,0.0
2024-01-16 11:00:00+08:00,56.599998474121094,56.599998474121094,56.599998474121094,56.599998474121094,1084,0.0,0.0
2024-01-16 12:00:00+08:00,56.79999923706055,56.79999923706055,56.79999923706055,56.79999923706055,1223,0.0,0.0
2024-01-16 13:00:00+08:00,57.0,57.400001525878906,57.0,57.400001525878906,6008,0.0,0.0
2024-01-17 09:00:00+08:00,57.400001525878906,57.400001525878906,57.400001525878906,57.400001525878906,1000,0.0,0.0
2024-01-17 10:00:00+08:00,57.0,57.400001525878906,56.599998474121094,57.400001525878906,5097,0.0,0.0
2024-01-17 12:00:00+08:00,56.79999923706055,56.79999923706055,56.599998474121094,56.599998474121094,13206,0.0,0.0
2024-01-17 13:00:00+08:00,56.599998474121094,56.599998474121094,56.5,56.599998474121094,10004,0.0,0.0
2024-01-18 09:00:00+08:00,56.599998474121094,58.29999923706055,56.599998474121094,56.79999923706055,30218,0.0,0.0
2024-01-18 10:00:00+08:00,56.79999923706055,56.79999923706055,56.79999923706055,56.79999923706055,1001,0.0,0.0
2024-01-18 11:00:00+08:00,56.70000076293945,56.70000076293945,56.400001525878906,56.400001525878906,5138,0.0,0.0
2024-01-18 12:00:00+08:00,56.400001525878906,56.5,56.400001525878906,56.400001525878906,4026,0.0,0.0
2024-01-18 13:00:00+08:00,56.5,56.70000076293945,56.400001525878906,56.70000076293945,4000,0.0,0.0
2024-01-19 09:00:00+08:00,56.599998474121094,56.599998474121094,56.599998474121094,56.599998474121094,2010,0.0,0.0
2024-01-19 10:00:00+08:00,56.599998474121094,56.599998474121094,56.599998474121094,56.599998474121094,1003,0.0,0.0
2024-01-19 12:00:00+08:00,56.70000076293945,56.70000076293945,56.70000076293945,56.70000076293945,2012,0.0,0.0
2024-01-19 13:00:00+08:00,57.0,57.0,57.0,57.0,1001,0.0,0.0
2024-01-22 09:00:00+08:00,56.900001525878906,56.900001525878906,56.900001525878906,56.900001525878906,0,0.0,0.0
2024-01-22 10:00:00+08:00,56.599998474121094,56.599998474121094,56.599998474121094,56.599998474121094,1005,0.0,0.0
2024-01-22 11:00:00+08:00,56.5,56.599998474121094,56.29999923706055,56.599998474121094,20001,0.0,0.0
2024-01-22 12:00:00+08:00,56.599998474121094,56.599998474121094,56.5,56.5,2122,0.0,0.0
2024-01-22 13:00:00+08:00,56.5,56.599998474121094,56.5,56.599998474121094,3000,0.0,0.0
2024-01-23 09:00:00+08:00,56.5,56.5,56.29999923706055,56.29999923706055,0,0.0,0.0
2024-01-23 10:00:00+08:00,56.29999923706055,56.29999923706055,56.20000076293945,56.20000076293945,7188,0.0,0.0
2024-01-23 11:00:00+08:00,56.20000076293945,56.29999923706055,56.20000076293945,56.29999923706055,10420,0.0,0.0
2024-01-24 09:00:00+08:00,56.5,56.599998474121094,56.20000076293945,56.599998474121094,29463,0.0,0.0
2024-01-24 10:00:00+08:00,56.599998474121094,56.599998474121094,56.400001525878906,56.400001525878906,10008,0.0,0.0
2024-01-24 11:00:00+08:00,56.70000076293945,56.70000076293945,56.29999923706055,56.29999923706055,6000,0.0,0.0
2024-01-24 12:00:00+08:00,56.29999923706055,56.599998474121094,56.29999923706055,56.599998474121094,10026,0.0,0.0
2024-01-25 09:00:00+08:00,56.599998474121094,56.900001525878906,56.599998474121094,56.900001525878906,2126,0.0,0.0
2024-01-25 10:00:00+08:00,56.900001525878906,57.20000076293945,56.70000076293945,56.70000076293945,6203,0.0,0.0
2024-01-25 11:00:00+08:00,56.70000076293945,56.70000076293945,56.70000076293945,56.70000076293945,1199,0.0,0.0
2024-01-25 12:00:00+08:00,56.70000076293945,57.0,56.70000076293945,57.0,3317,0.0,0.0
2024-01-25 13:00:00+08:00,56.70000076293945,56.70000076293945,56.70000076293945,56.70000076293945,1099,0.0,0.0
2024-01-26 10:00:00+08:00,56.599998474121094,56.599998474121094,56.599998474121094,56.599998474121094,2127,0.0,0.0
2024-01-26 11:00:00+08:00,56.70000076293945,56.70000076293945,56.599998474121094,56.599998474121094,6007,0.0,0.0
2024-01-26 12:00:00+08:00,56.599998474121094,56.599998474121094,56.599998474121094,56.599998474121094,2001,0.0,0.0
2024-01-26 13:00:00+08:00,56.599998474121094,57.0,56.5,56.5,11002,0.0,0.0
2024-01-29 09:00:00+08:00,56.400001525878906,56.400001525878906,56.400001525878906,56.400001525878906,0,0.0,0.0
2024-01-29 10:00:00+08:00,56.400001525878906,56.400001525878906,56.29999923706055,56.400001525878906,4001,0.0,0.0
2024-01-29 11:00:00+08:00,56.400001525878906,56.400001525878906,56.29999923706055,56.29999923706055,2648,0.0,0.0
2024-01-29 12:00:00+08:00,56.5,56.5,56.5,56.5,1000,0.0,0.0
2024-01-29 13:00:00+08:00,56.599998474121094,56.599998474121094,56.5,56.5,4000,0.0,0.0
2024-01-30 10:00:00+08:00,56.400001525878906,56.400001525878906,56.29999923706055,56.29999923706055,7003,0.0,0.0
2024-01-30 11:00:00+08:00,56.29999923706055,56.400001525878906,56.099998474121094,56.099998474121094,11006,0.0,0.0
2024-01-30 12:00:00+08:00,56.099998474121094,56.20000076293945,56.0,56.099998474121094,9229,0.0,0.0
2024-01-30 13:00:00+08:00,56.099998474121094,56.099998474121094,56.099998474121094,56.099998474121094,0,0.0,0.0
2024-01-31 09:00:00+08:00,56.099998474121094,56.099998474121094,56.0,56.0,6873,0.0,0.0
2024-01-31 10:00:00+08:00,56.0,56.0,55.900001525878906,56.0,25001,0.0,0.0
2024-01-31 11:00:00+08:00,56.0,56.0,56.0,56.0,4000,0.0,0.0
2024-01-31 12:00:00+08:00,56.0,56.0,55.900001525878906,55.900001525878906,4027,0.0,0.0
2024-01-31 13:00:00+08:00,55.900001525878906,55.900001525878906,55.79999923706055,55.79999923706055,5013,0.0,0.0
2024-02-01 10:00:00+08:00,55.900001525878906,55.900001525878906,55.900001525878906,55.900001525878906,2232,0.0,0.0
2024-02-01 11:00:00+08:00,56.0,56.0,55.900001525878906,55.900001525878906,2000,0.0,0.0
2024-02-01 12:00:00+08:00,55.900001525878906,56.29999923706055,55.900001525878906,56.29999923706055,8007,0.0,0.0
2024-02-01 13:00:00+08:00,56.099998474121094,56.099998474121094,56.0,56.0,2031,0.0,0.0
2024-02-02 09:00:00+08:00,56.0,56.0,55.900001525878906,55.900001525878906,10199,0.0,0.0
2024-02-02 10:00:00+08:00,56.20000076293945,56.5,56.20000076293945,56.5,18219,0.0,0.0
2024-02-02 11:00:00+08:00,56.29999923706055,56.29999923706055,56.29999923706055,56.29999923706055,3001,0.0,0.0
2024-02-02 12:00:00+08:00,56.29999923706055,56.29999923706055,56.29999923706055,56.29999923706055,2194,0.0,0.0
2024-02-02 13:00:00+08:00,56.29999923706055,56.400001525878906,56.29999923706055,56.400001525878906,2000,0.0,0.0
2024-02-05 09:00:00+08:00,56.0,56.099998474121094,56.0,56.099998474121094,0,0.0,0.0
2024-02-05 10:00:00+08:00,56.099998474121094,56.099998474121094,56.0,56.0,10006,0.0,0.0
2024-02-05 11:00:00+08:00,55.900001525878906,55.900001525878906,55.79999923706055,55.79999923706055,12629,0.0,0.0
2024-02-05 12:00:00+08:00,55.79999923706055,55.79999923706055,55.70000076293945,55.70000076293945,10013,0.0,0.0
2024-02-05 13:00:00+08:00,55.70000076293945,55.79999923706055,55.70000076293945,55.70000076293945,4003,0.0,0.0
2024-02-15 09:00:00+08:00,55.79999923706055,55.79999923706055,55.099998474121094,55.400001525878906,0,0.0,0.0
2024-02-15 10:00:00+08:00,55.400001525878906,55.5,55.0,55.099998474121094,24128,0.0,0.0
2024-02-15 11:00:00+08:00,55.20000076293945,55.29999923706055,55.20000076293945,55.29999923706055,5604,0.0,0.0
2024-02-15 12:00:00+08:00,55.29999923706055,55.400001525878906,55.29999923706055,55.29999923706055,12946,0.0,0.0
2024-02-15 13:00:00+08:00,55.400001525878906,55.400001525878906,55.400001525878906,55.400001525878906,2211,0.0,0.0
2024-02-16 09:00:00+08:00,55.599998474121094,56.29999923706055,55.599998474121094,56.0,0,0.0,0.0
2024-02-16 10:00:00+08:00,56.099998474121094,56.5,56.099998474121094,56.5,19449,0.0,0.0
2024-02-16 11:00:00+08:00,56.29999923706055,56.29999923706055,56.29999923706055,56.29999923706055,1116,0.0,0.0
2024-02-16 12:00:00+08:00,56.29999923706055,56.5,56.29999923706055,56.400001525878906,13222,0.0,0.0
2024-02-16 13:00:00+08:00,56.5,56.5,56.400001525878906,56.400001525878906,8066,0.0,0.0
2024-02-19 09:00:00+08:00,56.400001525878906,56.400001525878906,56.29999923706055,56.29999923706055,0,0.0,0.0
2024-02-19 10:00:00+08:00,56.29999923706055,56.900001525878906,56.20000076293945,56.900001525878906,25044,0.0,0.0
2024-02-19 11:00:00+08:00,56.900001525878906,56.900001525878906,56.900001525878906,56.900001525878906,8272,0.0,0.0
2024-02-19 12:00:00+08:00,56.900001525878906,57.0,56.900001525878906,57.0,4125,0.0,0.0
2024-02-19 13:00:00+08:00,56.900001525878906,56.900001525878906,56.70000076293945,56.900001525878906,6003,0.0,0.0
2024-02-20 09:00:00+08:00,56.79999923706055,56.79999923706055,56.099998474121094,56.20000076293945,0,0.0,0.0
2024-02-20 10:00:00+08:00,56.099998474121094,56.20000076293945,56.099998474121094,56.20000076293945,18024,0.0,0.0
2024-02-20 11:00:00+08:00,56.20000076293945,56.20000076293945,56.20000076293945,56.20000076293945,6018,0.0,0.0
2024-02-20 12:00:00+08:00,56.20000076293945,56.29999923706055,56.099998474121094,56.099998474121094,14341,0.0,0.0
2024-02-20 13:00:00+08:00,56.099998474121094,56.29999923706055,56.0,56.0,11240,0.0,0.0
2024-02-21 09:00:00+08:00,56.099998474121094,56.099998474121094,55.900001525878906,55.900001525878906,0,0.0,0.0
2024-02-21 10:00:00+08:00,55.900001525878906,56.0,55.70000076293945,55.900001525878906,30010,0.0,0.0
2024-02-21 11:00:00+08:00,55.900001525878906,56.0,55.900001525878906,56.0,7030,0.0,0.0
2024-02-21 12:00:00+08:00,56.0,56.099998474121094,55.79999923706055,56.099998474121094,10163,0.0,0.0
2024-02-22 09:00:00+08:00,56.0,56.29999923706055,56.0,56.29999923706055,5005,0.0,0.0
2024-02-22 10:00:00+08:00,56.0,56.29999923706055,55.900001525878906,56.29999923706055,9011,0.0,0.0
2024-02-22 11:00:00+08:00,56.099998474121094,56.400001525878906,56.099998474121094,56.400001525878906,11008,0.0,0.0
2024-02-22 12:00:00+08:00,56.29999923706055,56.29999923706055,56.0,56.20000076293945,7007,0.0,0.0
2024-02-22 13:00:00+08:00,56.20000076293945,56.20000076293945,56.099998474121094,56.099998474121094,5004,0.0,0.0
2024-02-23 09:00:00+08:00,56.400001525878906,56.400001525878906,56.099998474121094,56.20000076293945,0,0.0,0.0
2024-02-23 10:00:00+08:00,56.20000076293945,56.29999923706055,56.20000076293945,56.29999923706055,7016,0.0,0.0
2024-02-23 11:00:00+08:00,56.29999923706055,56.29999923706055,56.20000076293945,56.20000076293945,14045,0.0,0.0
2024-02-23 12:00:00+08:00,56.20000076293945,56.29999923706055,56.20000076293945,56.29999923706055,6030,0.0,0.0
2024-02-23 13:00:00+08:00,56.29999923706055,56.29999923706055,56.20000076293945,56.20000076293945,3003,0.0,0.0
2024-02-26 09:00:00+08:00,56.20000076293945,56.400001525878906,56.099998474121094,56.400001525878906,0,0.0,0.0
2024-02-26 10:00:00+08:00,56.599998474121094,56.79999923706055,56.599998474121094,56.79999923706055,7068,0.0,0.0
2024-02-26 11:00:00+08:00,56.599998474121094,56.70000076293945,56.599998474121094,56.70000076293945,11129,0.0,0.0
2024-02-26 12:00:00+08:00,56.70000076293945,56.900001525878906,56.599998474121094,56.900001525878906,14010,0.0,0.0
2024-02-26 13:00:00+08:00,57.0,57.79999923706055,57.0,57.5,24150,0.0,0.0
2024-02-27 09:00:00+08:00,57.5,57.599998474121094,57.29999923706055,57.29999923706055,0,0.0,0.0
2024-02-27 10:00:00+08:00,57.29999923706055,57.29999923706055,57.099998474121094,57.099998474121094,13138,0.0,0.0
2024-02-27 11:00:00+08:00,57.20000076293945,57.400001525878906,57.0,57.400001525878906,12043,0.0,0.0
2024-02-27 12:00:00+08:00,57.20000076293945,57.20000076293945,57.099998474121094,57.20000076293945,10113,0.0,0.0
2024-02-27 13:00:00+08:00,57.20000076293945,57.29999923706055,57.20000076293945,57.20000076293945,8016,0.0,0.0
2024-02-29 09:00:00+08:00,57.599998474121094,57.70000076293945,57.20000076293945,57.20000076293945,0,0.0,0.0
2024-02-29 10:00:00+08:00,57.29999923706055,57.29999923706055,57.29999923706055,57.29999923706055,1039,0.0,0.0
2024-02-29 11:00:00+08:00,57.5,57.5,57.5,57.5,2029,0.0,0.0
2024-02-29 12:00:00+08:00,57.400001525878906,57.400001525878906,57.099998474121094,57.400001525878906,19162,0.0,0.0
2024-02-29 13:00:00+08:00,57.29999923706055,57.29999923706055,57.29999923706055,57.29999923706055,1010,0.0,0.0
2024-03-01 09:00:00+08:00,57.29999923706055,57.29999923706055,57.29999923706055,57.29999923706055,1000,0.0,0.0
2024-03-01 10:00:00+08:00,57.099998474121094,57.099998474121094,57.099998474121094,57.099998474121094,6026,0.0,0.0
2024-03-01 11:00:00+08:00,57.099998474121094,57.099998474121094,57.099998474121094,57.099998474121094,1007,0.0,0.0
2024-03-01 12:00:00+08:00,57.099998474121094,57.099998474121094,57.099998474121094,57.099998474121094,2044,0.0,0.0
2024-03-01 13:00:00+08:00,57.099998474121094,57.099998474121094,57.099998474121094,57.099998474121094,8009,0.0,0.0
2024-03-04 09:00:00+08:00,57.599998474121094,57.599998474121094,57.599998474121094,57.599998474121094,0,0.0,0.0
2024-03-04 10:00:00+08:00,57.5,57.70000076293945,57.29999923706055,57.599998474121094,7154,0.0,0.0
2024-03-04 11:00:00+08:00,57.5,57.599998474121094,57.29999923706055,57.29999923706055,10336,0.0,0.0
2024-03-04 12:00:00+08:00,57.29999923706055,57.29999923706055,57.099998474121094,57.099998474121094,10012,0.0,0.0
2024-03-04 13:00:00+08:00,57.20000076293945,57.20000076293945,57.099998474121094,57.099998474121094,0,0.0,0.0
2024-03-05 09:00:00+08:00,57.099998474121094,57.099998474121094,56.79999923706055,57.0,6070,0.0,0.0
2024-03-05 10:00:00+08:00,57.0,57.0,57.0,57.0,4123,0.0,0.0
2024-03-05 11:00:00+08:00,57.0,57.0,57.0,57.0,3030,0.0,0.0
2024-03-05 12:00:00+08:00,57.099998474121094,57.099998474121094,57.0,57.0,0,0.0,0.0
2024-03-06 09:00:00+08:00,56.79999923706055,56.79999923706055,56.79999923706055,56.79999923706055,2126,0.0,0.0
2024-03-06 10:00:00+08:00,56.900001525878906,57.0,56.79999923706055,56.79999923706055,11026,0.0,0.0
2024-03-06 11:00:00+08:00,56.79999923706055,56.79999923706055,56.79999923706055,56.79999923706055,1009,0.0,0.0
2024-03-06 12:00:00+08:00,57.0,57.099998474121094,57.0,57.0,4010,0.0,0.0
2024-03-06 13:00:00+08:00,56.900001525878906,56.900001525878906,56.900001525878906,56.900001525878906,2006,0.0,0.0
2024-03-07 09:00:00+08:00,57.0,57.0,56.79999923706055,56.79999923706055,9032,0.0,0.0
2024-03-07 10:00:00+08:00,56.70000076293945,56.70000076293945,56.5,56.5,16525,0.0,0.0
2024-03-07 11:00:00+08:00,56.70000076293945,56.70000076293945,56.70000076293945,56.70000076293945,1003,0.0,0.0
2024-03-07 12:00:00+08:00,56.79999923706055,56.79999923706055,56.5,56.5,14175,0.0,0.0
2024-03-07 13:00:00+08:00,56.599998474121094,56.599998474121094,56.599998474121094,56.599998474121094,1706,0.0,0.0
2024-03-08 09:00:00+08:00,56.29999923706055,56.79999923706055,56.29999923706055,56.599998474121094,0,0.0,0.0
2024-03-08 10:00:00+08:00,56.599998474121094,56.599998474121094,56.5,56.5,23093,0.0,0.0
2024-03-08 11:00:00+08:00,56.400001525878906,56.400001525878906,56.099998474121094,56.099998474121094,14389,0.0,0.0
2024-03-08 12:00:00+08:00,56.400001525878906,56.400001525878906,56.400001525878906,56.400001525878906,6157,0.0,0.0
2024-03-08 13:00:00+08:00,56.099998474121094,56.099998474121094,56.099998474121094,56.099998474121094,1000,0.0,0.0
2024-03-11 09:00:00+08:00,55.70000076293945,56.099998474121094,55.5,56.0,11183,0.0,0.0
2024-03-11 10:00:00+08:00,56.0,56.0,56.0,56.0,3114,0.0,0.0
2024-03-11 11:00:00+08:00,56.0,56.0,55.900001525878906,55.900001525878906,5083,0.0,0.0
2024-03-11 12:00:00+08:00,56.099998474121094,56.29999923706055,56.099998474121094,56.099998474121094,11101,0.0,0.0
2024-03-11 13:00:00+08:00,56.099998474121094,56.099998474121094,56.099998474121094,56.099998474121094,1000,0.0,0.0
2024-03-12 10:00:00+08:00,56.20000076293945,56.79999923706055,56.0,56.79999923706055,32850,0.0,0.0
2024-03-12 11:00:00+08:00,56.70000076293945,56.900001525878906,56.599998474121094,56.599998474121094,10036,0.0,0.0
2024-03-12 12:00:00+08:00,56.599998474121094,57.70000076293945,56.599998474121094,57.599998474121094,27373,0.0,0.0
2024-03-12 13:00:00+08:00,57.20000076293945,57.5,57.099998474121094,57.099998474121094,17052,0.0,0.0
2024-03-13 09:00:00+08:00,56.79999923706055,56.79999923706055,56.79999923706055,56.79999923706055,2104,0.0,0.0
2024-03-13 10:00:00+08:00,56.70000076293945,56.70000076293945,56.70000076293945,56.70000076293945,1079,0.0,0.0
2024-03-13 11:00:00+08:00,56.70000076293945,56.70000076293945,56.70000076293945,56.70000076293945,3029,0.0,0.0
2024-03-13 12:00:00+08:00,56.70000076293945,56.900001525878906,56.70000076293945,56.900001525878906,2024,0.0,0.0
2024-03-13 13:00:00+08:00,56.70000076293945,56.70000076293945,56.70000076293945,56.70000076293945,1008,0.0,0.0
2024-03-14 09:00:00+08:00,56.79999923706055,57.099998474121094,56.70000076293945,57.0,13787,0.0,0.0
2024-03-14 11:00:00+08:00,56.900001525878906,56.900001525878906,56.79999923706055,56.79999923706055,2093,0.0,0.0
2024-03-14 12:00:00+08:00,56.79999923706055,56.79999923706055,56.599998474121094,56.599998474121094,15009,0.0,0.0
2024-03-14 13:00:00+08:00,56.5,57.0,56.5,57.0,14153,0.0,0.0
2024-03-15 09:00:00+08:00,56.70000076293945,56.70000076293945,56.599998474121094,56.70000076293945,18074,0.0,0.0
2024-03-15 10:00:00+08:00,56.70000076293945,56.79999923706055,56.70000076293945,56.70000076293945,10011,0.0,0.0
2024-03-15 11:00:00+08:00,56.70000076293945,57.099998474121094,56.70000076293945,57.099998474121094,5109,0.0,0.0
2024-03-15 12:00:00+08:00,57.0,57.0,56.599998474121094,56.599998474121094,16033,0.0,0.0
2024-03-15 13:00:00+08:00,56.70000076293945,56.70000076293945,56.599998474121094,56.599998474121094,4009,0.0,0.0
2024-03-18 09:00:00+08:00,57.900001525878906,57.900001525878906,56.79999923706055,57.0,25073,0.0,0.0
2024-03-18 10:00:00+08:00,57.0,57.20000076293945,57.0,57.20000076293945,16234,0.0,0.0
2024-03-18 11:00:00+08:00,57.29999923706055,57.29999923706055,57.20000076293945,57.20000076293945,17096,0.0,0.0
2024-03-18 12:00:00+08:00,57.20000076293945,57.20000076293945,57.099998474121094,57.20000076293945,15102,0.0,0.0
2024-03-18 13:00:00+08:00,57.20000076293945,57.29999923706055,57.20000076293945,57.29999923706055,4002,0.0,0.0
2024-03-19 09:00:00+08:00,57.20000076293945,57.20000076293945,56.79999923706055,56.79999923706055,36110,0.0,0.0
2024-03-19 10:00:00+08:00,57.0,57.099998474121094,56.79999923706055,56.79999923706055,25028,0.0,0.0
2024-03-19 11:00:00+08:00,56.900001525878906,56.900001525878906,56.79999923706055,56.900001525878906,8011,0.0,0.0
2024-03-19 12:00:00+08:00,57.0,57.20000076293945,57.0,57.20000076293945,9098,0.0,0.0
2024-03-19 13:00:00+08:00,57.29999923706055,57.29999923706055,57.20000076293945,57.20000076293945,2018,0.0,0.0
2024-03-20 09:00:00+08:00,57.20000076293945,57.29999923706055,57.0,57.0,0,0.0,0.0
2024-03-20 10:00:00+08:00,57.20000076293945,57.20000076293945,57.099998474121094,57.20000076293945,16016,0.0,0.0
2024-03-20 11:00:00+08:00,57.099998474121094,57.099998474121094,57.099998474121094,57.099998474121094,2006,0.0,0.0
2024-03-20 12:00:00+08:00,57.099998474121094,57.099998474121094,57.099998474121094,57.099998474121094,7070,0.0,0.0
2024-03-20 13:00:00+08:00,57.0,57.0,57.0,57.0,15469,0.0,0.0
2024-03-21 09:00:00+08:00,57.099998474121094,57.70000076293945,57.099998474121094,57.5,0,0.0,0.0
2024-03-21 10:00:00+08:00,57.400001525878906,57.5,57.29999923706055,57.5,15006,0.0,0.0
2024-03-21 11:00:00+08:00,57.29999923706055,57.29999923706055,57.20000076293945,57.20000076293945,17045,0.0,0.0
2024-03-21 12:00:00+08:00,57.29999923706055,57.400001525878906,57.29999923706055,57.400001525878906,8034,0.0,0.0
2024-03-21 13:00:00+08:00,57.400001525878906,57.5,57.400001525878906,57.5,5058,0.0,0.0
2024-03-22 09:00:00+08:00,57.5,57.5,57.20000076293945,57.29999923706055,0,0.0,0.0
2024-03-22 10:00:00+08:00,57.29999923706055,57.29999923706055,57.099998474121094,57.20000076293945,19009,0.0,0.0
2024-03-22 11:00:00+08:00,57.20000076293945,57.20000076293945,57.099998474121094,57.099998474121094,12025,0.0,0.0
2024-03-22 12:00:00+08:00,57.20000076293945,57.29999923706055,57.099998474121094,57.29999923706055,26013,0.0,0.0
2024-03-22 13:00:00+08:00,57.29999923706055,57.400001525878906,57.20000076293945,57.400001525878906,13017,0.0,0.0
2024-03-25 09:00:00+08:00,57.099998474121094,57.20000076293945,57.099998474121094,57.20000076293945,0,0.0,0.0
2024-03-25 10:00:00+08:00,57.0,57.20000076293945,57.0,57.20000076293945,11627,0.0,0.0
2024-03-25 11:00:00+08:00,57.20000076293945,57.20000076293945,57.0,57.20000076293945,14004,0.0,0.0
2024-03-25 12:00:00+08:00,57.20000076293945,57.5,57.20000076293945,57.29999923706055,13002,0.0,0.0
2024-03-25 13:00:00+08:00,57.29999923706055,57.29999923706055,57.20000076293945,57.20000076293945,3004,0.0,0.0
2024-03-26 09:00:00+08:00,57.29999923706055,57.29999923706055,57.0,57.0,60106,0.0,0.0
2024-03-26 10:00:00+08:00,57.0,57.0,56.900001525878906,56.900001525878906,7094,0.0,0.0
2024-03-26 11:00:00+08:00,56.900001525878906,57.20000076293945,56.79999923706055,57.20000076293945,45040,0.0,0.0
2024-03-26 12:00:00+08:00,57.099998474121094,57.099998474121094,57.0,57.099998474121094,7003,0.0,0.0
2024-03-26 13:00:00+08:00,57.0,57.29999923706055,57.0,57.20000076293945,18126,0.0,0.0
2024-03-27 09:00:00+08:00,57.099998474121094,57.099998474121094,57.0,57.0,0,0.0,0.0
2024-03-27 10:00:00+08:00,57.0,57.0,56.70000076293945,56.900001525878906,40666,0.0,0.0
2024-03-27 11:00:00+08:00,56.900001525878906,56.900001525878906,56.400001525878906,56.400001525878906,34059,0.0,0.0
2024-03-27 12:00:00+08:00,56.70000076293945,56.79999923706055,56.70000076293945,56.70000076293945,12459,0.0,0.0
2024-03-27 13:00:00+08:00,56.70000076293945,56.79999923706055,56.70000076293945,56.70000076293945,10063,0.0,0.0
2024-03-28 09:00:00+08:00,56.79999923706055,56.79999923706055,56.599998474121094,56.599998474121094,0,0.0,0.0
2024-03-28 10:00:00+08:00,56.70000076293945,56.79999923706055,56.5,56.79999923706055,25377,0.0,0.0
2024-03-28 11:00:00+08:00,56.79999923706055,56.79999923706055,56.79999923706055,56.79999923706055,3156,0.0,0.0
2024-03-28 12:00:00+08:00,56.79999923706055,56.79999923706055,56.79999923706055,56.79999923706055,6441,0.0,0.0
2024-03-28 13:00:00+08:00,56.79999923706055,56.79999923706055,56.70000076293945,56.70000076293945,5127,0.0,0.0
2024-03-29 09:00:00+08:00,56.79999923706055,56.900001525878906,56.70000076293945,56.70000076293945,17252,0.0,0.0
2024-03-29 10:00:00+08:00,56.70000076293945,56.70000076293945,56.70000076293945,56.70000076293945,22104,0.0,0.0
2024-03-29 11:00:00+08:00,56.70000076293945,56.70000076293945,56.599998474121094,56.599998474121094,21103,0.0,0.0
2024-03-29 12:00:00+08:00,56.599998474121094,56.599998474121094,56.599998474121094,56.599998474121094,10008,0.0,0.0
2024-03-29 13:00:00+08:00,56.599998474121094,56.79999923706055,56.5,56.79999923706055,13153,0.0,0.0
2024-04-01 09:00:00+08:00,57.0,57.400001525878906,56.5,57.400001525878906,0,0.0,0.0
2024-04-01 10:00:00+08:00,57.400001525878906,58.0,57.400001525878906,58.0,67690,0.0,0.0
2024-04-01 11:00:00+08:00,58.0,58.0,57.400001525878906,57.400001525878906,26204,0.0,0.0
2024-04-01 12:00:00+08:00,57.5,57.599998474121094,57.400001525878906,57.400001525878906,14339,0.0,0.0
2024-04-01 13:00:00+08:00,57.5,57.5,57.400001525878906,57.5,4002,0.0,0.0
2024-04-02 09:00:00+08:00,57.900001525878906,58.70000076293945,57.900001525878906,58.099998474121094,0,0.0,0.0
2024-04-02 10:00:00+08:00,58.099998474121094,58.099998474121094,57.5,57.79999923706055,37733,0.0,0.0
2024-04-02 11:00:00+08:00,57.79999923706055,57.900001525878906,57.79999923706055,57.900001525878906,16023,0.0,0.0
2024-04-02 12:00:00+08:00,57.900001525878906,57.900001525878906,57.79999923706055,57.79999923706055,5303,0.0,0.0
2024-04-02 13:00:00+08:00,57.79999923706055,58.0,57.70000076293945,57.70000076293945,13000,0.0,0.0
2024-04-03 09:00:00+08:00,57.900001525878906,57.900001525878906,57.5,57.5,0,0.0,0.0
2024-04-03 10:00:00+08:00,57.5,57.5,57.400001525878906,57.5,4004,0.0,0.0
2024-04-03 11:00:00+08:00,57.599998474121094,57.70000076293945,57.599998474121094,57.70000076293945,14251,0.0,0.0
2024-04-03 12:00:00+08:00,57.599998474121094,57.599998474121094,57.599998474121094,57.599998474121094,6029,0.0,0.0
2024-04-03 13:00:00+08:00,57.599998474121094,57.599998474121094,57.599998474121094,57.599998474121094,2090,0.0,0.0
2024-04-08 09:00:00+08:00,57.79999923706055,57.79999923706055,57.400001525878906,57.400001525878906,0,0.0,0.0
2024-04-08 10:00:00+08:00,57.70000076293945,57.70000076293945,57.400001525878906,57.400001525878906,13071,0.0,0.0
2024-04-08 11:00:00+08:00,57.400001525878906,57.5,57.400001525878906,57.400001525878906,19066,0.0,0.0
2024-04-08 12:00:00+08:00,57.400001525878906,57.400001525878906,57.29999923706055,57.29999923706055,7366,0.0,0.0
2024-04-08 13:00:00+08:00,57.20000076293945,57.400001525878906,57.20000076293945,57.400001525878906,24173,0.0,0.0
2024-04-09 09:00:00+08:00,57.79999923706055,57.79999923706055,57.0,57.099998474121094,0,0.0,0.0
2024-04-09 10:00:00+08:00,57.20000076293945,57.400001525878906,57.20000076293945,57.29999923706055,24103,0.0,0.0
2024-04-09 11:00:00+08:00,57.29999923706055,57.29999923706055,57.20000076293945,57.20000076293945,10209,0.0,0.0
2024-04-09 12:00:00+08:00,57.29999923706055,57.5,57.29999923706055,57.5,9048,0.0,0.0
2024-04-09 13:00:00+08:00,57.5,57.5,57.099998474121094,57.400001525878906,54011,0.0,0.0
2024-04-10 09:00:00+08:00,57.599998474121094,57.599998474121094,57.0,57.099998474121094,92274,0.0,0.0
2024-04-10 10:00:00+08:00,57.099998474121094,57.20000076293945,57.099998474121094,57.099998474121094,15081,0.0,0.0
2024-04-10 11:00:00+08:00,57.099998474121094,57.099998474121094,57.099998474121094,57.099998474121094,14156,0.0,0.0
2024-04-10 12:00:00+08:00,57.099998474121094,57.099998474121094,57.099998474121094,57.099998474121094,12044,0.0,0.0
2024-04-10 13:00:00+08:00,57.20000076293945,57.20000076293945,57.099998474121094,57.099998474121094,16100,0.0,0.0
2024-04-11 09:00:00+08:00,58.79999923706055,59.5,58.099998474121094,58.79999923706055,362787,0.0,0.0
2024-04-11 10:00:00+08:00,58.900001525878906,59.20000076293945,58.5,58.599998474121094,121249,0.0,0.0
2024-04-11 11:00:00+08:00,58.79999923706055,59.400001525878906,58.70000076293945,59.400001525878906,91641,0.0,0.0
2024-04-11 12:00:00+08:00,59.400001525878906,61.29999923706055,59.20000076293945,60.400001525878906,370952,0.0,0.0
2024-04-11 13:00:00+08:00,60.5,61.0,60.0,60.5,121090,0.0,0.0
2024-04-12 09:00:00+08:00,61.400001525878906,64.5,61.400001525878906,64.0999984741211,776769,0.0,0.0
2024-04-12 10:00:00+08:00,64.0,64.0999984741211,63.29999923706055,64.0,155572,0.0,0.0
2024-04-12 11:00:00+08:00,63.79999923706055,64.4000015258789,63.599998474121094,64.0,155019,0.0,0.0
2024-04-12 12:00:00+08:00,64.0,64.30000305175781,63.79999923706055,64.0,74045,0.0,0.0
2024-04-12 13:00:00+08:00,64.0,64.0,63.599998474121094,63.900001525878906,69875,0.0,0.0
2024-04-15 09:00:00+08:00,63.0,63.70000076293945,62.400001525878906,63.29999923706055,0,0.0,0.0
2024-04-15 10:00:00+08:00,63.5,63.70000076293945,63.099998474121094,63.70000076293945,40925,0.0,0.0
2024-04-15 11:00:00+08:00,63.400001525878906,63.70000076293945,62.900001525878906,63.0,47385,0.0,0.0
2024-04-15 12:00:00+08:00,62.900001525878906,62.900001525878906,62.599998474121094,62.79999923706055,36221,0.0,0.0
2024-04-15 13:00:00+08:00,62.79999923706055,62.79999923706055,62.599998474121094,62.599998474121094,9103,0.0,0.0
2024-04-16 09:00:00+08:00,62.599998474121094,62.599998474121094,59.0,60.0,287576,0.0,0.0
2024-04-16 10:00:00+08:00,60.0,60.400001525878906,59.79999923706055,60.099998474121094,37737,0.0,0.0
2024-04-16 11:00:00+08:00,60.099998474121094,60.400001525878906,60.0,60.400001525878906,17191,0.0,0.0
2024-04-16 12:00:00+08:00,60.400001525878906,60.400001525878906,60.0,60.29999923706055,84934,0.0,0.0
2024-04-16 13:00:00+08:00,60.29999923706055,60.5,60.29999923706055,60.29999923706055,15154,0.0,0.0
2024-04-17 09:00:00+08:00,60.5,62.099998474121094,60.5,62.099998474121094,77312,0.0,0.0
2024-04-17 10:00:00+08:00,62.20000076293945,62.599998474121094,62.0,62.5,50578,0.0,0.0
2024-04-17 11:00:00+08:00,62.29999923706055,62.29999923706055,61.70000076293945,62.0,49109,0.0,0.0
2024-04-17 12:00:00+08:00,61.900001525878906,61.900001525878906,61.5,61.5,31097,0.0,0.0
2024-04-17 13:00:00+08:00,61.5,62.20000076293945,61.5,62.20000076293945,12610,0.0,0.0
2024-04-18 09:00:00+08:00,62.0,64.0,61.79999923706055,63.599998474121094,0,0.0,0.0
2024-04-18 10:00:00+08:00,63.599998474121094,63.70000076293945,63.20000076293945,63.70000076293945,58511,0.0,0.0
2024-04-18 11:00:00+08:00,63.599998474121094,63.599998474121094,63.20000076293945,63.20000076293945,41033,0.0,0.0
2024-04-18 12:00:00+08:00,63.20000076293945,63.29999923706055,63.0,63.0,14225,0.0,0.0
2024-04-18 13:00:00+08:00,63.0,63.5,63.0,63.20000076293945,22237,0.0,0.0
2024-04-19 09:00:00+08:00,63.400001525878906,63.400001525878906,61.79999923706055,62.70000076293945,0,0.0,0.0
2024-04-19 10:00:00+08:00,62.70000076293945,62.70000076293945,60.79999923706055,61.0,0,0.0,0.0
2024-04-19 11:00:00+08:00,61.0,62.70000076293945,60.5,61.5,285876,0.0,0.0
2024-04-19 12:00:00+08:00,61.5,62.099998474121094,61.5,62.0,46844,0.0,0.0
2024-04-19 13:00:00+08:00,61.900001525878906,62.099998474121094,61.79999923706055,62.0,13128,0.0,0.0
2024-04-22 09:00:00+08:00,62.400001525878906,64.19999694824219,62.099998474121094,62.29999923706055,0,0.0,0.0
2024-04-22 10:00:00+08:00,62.400001525878906,62.70000076293945,60.79999923706055,61.400001525878906,47169,0.0,0.0
2024-04-22 11:00:00+08:00,61.20000076293945,61.29999923706055,60.79999923706055,61.0,44136,0.0,0.0
2024-04-22 12:00:00+08:00,60.900001525878906,61.79999923706055,60.900001525878906,61.79999923706055,22629,0.0,0.0
2024-04-22 13:00:00+08:00,61.70000076293945,61.70000076293945,61.400001525878906,61.70000076293945,13469,0.0,0.0
2024-04-23 09:00:00+08:00,61.400001525878906,61.5,61.0,61.5,43915,0.0,0.0
2024-04-23 10:00:00+08:00,61.29999923706055,61.29999923706055,60.79999923706055,61.20000076293945,34673,0.0,0.0
2024-04-23 11:00:00+08:00,61.0,61.20000076293945,61.0,61.20000076293945,5048,0.0,0.0
2024-04-23 12:00:00+08:00,61.20000076293945,61.20000076293945,61.20000076293945,61.20000076293945,8479,0.0,0.0
2024-04-23 13:00:00+08:00,61.20000076293945,61.20000076293945,61.099998474121094,61.20000076293945,3587,0.0,0.0
2024-04-24 09:00:00+08:00,61.29999923706055,62.29999923706055,61.29999923706055,62.0,25987,0.0,0.0
2024-04-24 10:00:00+08:00,62.0,62.0,61.599998474121094,61.79999923706055,16298,0.0,0.0
2024-04-24 11:00:00+08:00,61.79999923706055,61.79999923706055,61.400001525878906,61.400001525878906,27195,0.0,0.0
2024-04-24 12:00:00+08:00,61.400001525878906,61.900001525878906,61.400001525878906,61.400001525878906,24404,0.0,0.0
2024-04-24 13:00:00+08:00,61.400001525878906,61.70000076293945,61.29999923706055,61.70000076293945,14040,0.0,0.0
2024-04-25 09:00:00+08:00,61.70000076293945,61.70000076293945,61.400001525878906,61.400001525878906,8846,0.0,0.0
2024-04-25 10:00:00+08:00,61.400001525878906,61.400001525878906,61.29999923706055,61.400001525878906,17021,0.0,0.0
2024-04-25 11:00:00+08:00,61.5,61.70000076293945,61.5,61.70000076293945,7289,0.0,0.0
2024-04-25 12:00:00+08:00,61.5,61.599998474121094,61.400001525878906,61.599998474121094,14359,0.0,0.0
2024-04-25 13:00:00+08:00,61.599998474121094,61.70000076293945,61.5,61.599998474121094,10340,0.0,0.0
2024-04-26 09:00:00+08:00,61.599998474121094,62.20000076293945,61.5,62.0,0,0.0,0.0
2024-04-26 10:00:00+08:00,61.79999923706055,61.900001525878906,61.599998474121094,61.79999923706055,25328,0.0,0.0
2024-04-26 11:00:00+08:00,61.79999923706055,62.20000076293945,61.79999923706055,62.20000076293945,8137,0.0,0.0
2024-04-26 12:00:00+08:00,62.20000076293945,62.5,61.79999923706055,62.5,31709,0.0,0.0
2024-04-26 13:00:00+08:00,62.5,62.5,62.20000076293945,62.20000076293945,8010,0.0,0.0
2024-04-29 09:00:00+08:00,62.70000076293945,62.70000076293945,61.79999923706055,62.099998474121094,39370,0.0,0.0
2024-04-29 10:00:00+08:00,62.0,62.099998474121094,61.79999923706055,62.099998474121094,43720,0.0,0.0
2024-04-29 11:00:00+08:00,62.0,62.0,61.79999923706055,61.79999923706055,14390,0.0,0.0
2024-04-29 12:00:00+08:00,62.0,62.0,61.5,61.599998474121094,23584,0.0,0.0
2024-04-29 13:00:00+08:00,61.70000076293945,61.70000076293945,61.5,61.5,23212,0.0,0.0
2024-04-30 09:00:00+08:00,61.900001525878906,61.900001525878906,61.29999923706055,61.29999923706055,22970,0.0,0.0
2024-04-30 10:00:00+08:00,61.400001525878906,61.599998474121094,61.400001525878906,61.5,6273,0.0,0.0
2024-04-30 11:00:00+08:00,61.5,61.5,61.20000076293945,61.20000076293945,16494,0.0,0.0
2024-04-30 12:00:00+08:00,61.20000076293945,61.20000076293945,60.70000076293945,61.0,53868,0.0,0.0
2024-04-30 13:00:00+08:00,61.0,61.099998474121094,61.0,61.0,6796,0.0,0.0
2024-05-02 09:00:00+08:00,61.900001525878906,63.099998474121094,61.79999923706055,63.0,1252,0.0,0.0
2024-05-02 10:00:00+08:00,62.79999923706055,63.20000076293945,62.5,62.5,82131,0.0,0.0
2024-05-02 11:00:00+08:00,62.5,62.70000076293945,62.5,62.70000076293945,6531,0.0,0.0
2024-05-02 12:00:00+08:00,62.70000076293945,63.0,62.599998474121094,63.0,23393,0.0,0.0
2024-05-02 13:00:00+08:00,63.0,63.0,62.70000076293945,62.70000076293945,16677,0.0,0.0
2024-05-03 09:00:00+08:00,62.79999923706055,62.900001525878906,62.5,62.5,11637,0.0,0.0
2024-05-03 10:00:00+08:00,62.599998474121094,62.79999923706055,62.20000076293945,62.20000076293945,62475,0.0,0.0
2024-05-03 11:00:00+08:00,62.29999923706055,62.599998474121094,62.0,62.599998474121094,26417,0.0,0.0
2024-05-03 12:00:00+08:00,62.599998474121094,62.79999923706055,62.599998474121094,62.79999923706055,16039,0.0,0.0
2024-05-03 13:00:00+08:00,62.599998474121094,63.0,62.599998474121094,63.0,21001,0.0,0.0
2024-05-06 09:00:00+08:00,63.0,63.099998474121094,62.79999923706055,63.0,0,0.0,0.0
2024-05-06 10:00:00+08:00,62.900001525878906,62.900001525878906,62.599998474121094,62.70000076293945,18582,0.0,0.0
2024-05-06 11:00:00+08:00,62.79999923706055,62.79999923706055,62.79999923706055,62.79999923706055,5004,0.0,0.0
2024-05-06 12:00:00+08:00,62.79999923706055,62.900001525878906,62.70000076293945,62.79999923706055,13385,0.0,0.0
2024-05-06 13:00:00+08:00,62.79999923706055,62.79999923706055,62.70000076293945,62.79999923706055,8006,0.0,0.0
2024-05-07 09:00:00+08:00,63.400001525878906,63.400001525878906,62.79999923706055,62.79999923706055,46314,0.0,0.0
2024-05-07 10:00:00+08:00,62.79999923706055,63.0,62.5,62.79999923706055,21454,0.0,0.0
2024-05-07 11:00:00+08:00,62.70000076293945,63.79999923706055,62.599998474121094,63.20000076293945,207325,0.0,0.0
2024-05-07 12:00:00+08:00,63.20000076293945,64.4000015258789,63.20000076293945,63.900001525878906,91009,0.0,0.0
2024-05-07 13:00:00+08:00,63.900001525878906,64.0999984741211,63.900001525878906,64.0999984741211,17468,0.0,0.0
2024-05-08 09:00:00+08:00,64.0999984741211,65.19999694824219,64.0999984741211,64.5,78983,0.0,0.0
2024-05-08 10:00:00+08:00,64.5999984741211,64.5999984741211,64.0999984741211,64.0999984741211,45358,0.0,0.0
2024-05-08 11:00:00+08:00,64.0999984741211,64.19999694824219,63.70000076293945,64.19999694824219,25083,0.0,0.0
2024-05-08 12:00:00+08:00,64.30000305175781,64.4000015258789,64.19999694824219,64.19999694824219,13187,0.0,0.0
2024-05-08 13:00:00+08:00,64.0999984741211,64.0999984741211,63.900001525878906,63.900001525878906,9368,0.0,0.0
2024-05-09 09:00:00+08:00,66.0,66.4000015258789,64.30000305175781,64.30000305175781,503390,0.0,0.0
2024-05-09 10:00:00+08:00,64.4000015258789,64.5999984741211,64.19999694824219,64.30000305175781,67935,0.0,0.0
2024-05-09 11:00:00+08:00,64.30000305175781,64.9000015258789,64.30000305175781,64.9000015258789,70422,0.0,0.0
2024-05-09 12:00:00+08:00,64.80000305175781,64.9000015258789,64.30000305175781,64.9000015258789,68559,0.0,0.0
2024-05-09 13:00:00+08:00,64.80000305175781,64.9000015258789,64.4000015258789,64.4000015258789,24014,0.0,0.0
2024-05-10 09:00:00+08:00,64.5,64.5,63.70000076293945,63.70000076293945,0,0.0,0.0
2024-05-10 10:00:00+08:00,63.70000076293945,63.79999923706055,63.5,63.5,65570,0.0,0.0
2024-05-10 11:00:00+08:00,63.5,64.0,63.5,64.0,30016,0.0,0.0
2024-05-10 12:00:00+08:00,64.0999984741211,64.0999984741211,64.0,64.0,17819,0.0,0.0
2024-05-10 13:00:00+08:00,63.900001525878906,64.4000015258789,63.900001525878906,64.4000015258789,16031,0.0,0.0
2024-05-13 09:00:00+08:00,65.80000305175781,65.80000305175781,65.0,65.5,3642,0.0,0.0
2024-05-13 10:00:00+08:00,65.5,65.80000305175781,65.30000305175781,65.4000015258789,65734,0.0,0.0
2024-05-13 11:00:00+08:00,65.4000015258789,65.4000015258789,65.19999694824219,65.19999694824219,24500,0.0,0.0
2024-05-13 12:00:00+08:00,65.19999694824219,65.80000305175781,65.19999694824219,65.19999694824219,70869,0.0,0.0
2024-05-13 13:00:00+08:00,65.30000305175781,65.80000305175781,65.30000305175781,65.80000305175781,38360,0.0,0.0
2024-05-14 09:00:00+08:00,65.9000015258789,65.9000015258789,65.5,65.5,15361,0.0,0.0
2024-05-14 10:00:00+08:00,65.5,65.80000305175781,65.5,65.5999984741211,0,0.0,0.0
2024-05-14 11:00:00+08:00,65.5999984741211,65.5999984741211,65.5999984741211,65.5999984741211,62901,0.0,0.0
2024-05-14 12:00:00+08:00,65.5999984741211,65.5999984741211,65.5,65.5,29494,0.0,0.0
2024-05-14 13:00:00+08:00,65.5,65.69999694824219,65.5,65.69999694824219,22015,0.0,0.0
2024-05-15 09:00:00+08:00,67.0,71.0,66.4000015258789,70.19999694824219,584249,0.0,0.0
2024-05-15 10:00:00+08:00,70.0,70.0,68.80000305175781,69.0999984741211,234293,0.0,0.0
2024-05-15 11:00:00+08:00,69.0,69.69999694824219,68.5999984741211,69.4000015258789,173527,0.0,0.0
2024-05-15 12:00:00+08:00,69.19999694824219,69.5,69.0999984741211,69.30000305175781,59828,0.0,0.0
2024-05-15 13:00:00+08:00,69.4000015258789,69.4000015258789,69.0999984741211,69.4000015258789,33220,0.0,0.0
2024-05-16 09:00:00+08:00,70.9000015258789,71.0,69.5999984741211,69.80000305175781,226191,0.0,0.0
2024-05-16 10:00:00+08:00,69.80000305175781,70.0999984741211,69.80000305175781,69.80000305175781,111512,0.0,0.0
2024-05-16 11:00:00+08:00,69.69999694824219,69.69999694824219,68.69999694824219,69.0999984741211,70712,0.0,0.0
2024-05-16 12:00:00+08:00,69.0,69.0999984741211,68.4000015258789,69.0999984741211,27109,0.0,0.0
2024-05-16 13:00:00+08:00,69.0,69.19999694824219,69.0,69.19999694824219,18029,0.0,0.0
2024-05-17 09:00:00+08:00,69.0,69.0999984741211,68.0999984741211,69.0,60952,0.0,0.0
2024-05-17 10:00:00+08:00,68.9000015258789,69.0999984741211,68.19999694824219,68.30000305175781,36537,0.0,0.0
2024-05-17 11:00:00+08:00,68.30000305175781,68.5999984741211,68.0999984741211,68.0999984741211,57003,0.0,0.0
2024-05-17 12:00:00+08:00,68.0999984741211,68.19999694824219,68.0999984741211,68.19999694824219,35275,0.0,0.0
2024-05-17 13:00:00+08:00,68.0999984741211,68.19999694824219,68.0999984741211,68.19999694824219,28225,0.0,0.0
2024-05-20 09:00:00+08:00,68.69999694824219,68.69999694824219,66.80000305175781,67.4000015258789,0,0.0,0.0
2024-05-20 10:00:00+08:00,67.30000305175781,67.69999694824219,67.30000305175781,67.5,20316,0.0,0.0
2024-05-20 11:00:00+08:00,67.80000305175781,68.0999984741211,67.69999694824219,67.69999694824219,14112,0.0,0.0
2024-05-20 12:00:00+08:00,67.5999984741211,67.9000015258789,67.5999984741211,67.9000015258789,10246,0.0,0.0
2024-05-20 13:00:00+08:00,67.80000305175781,67.9000015258789,67.80000305175781,67.9000015258789,6247,0.0,0.0
2024-05-21 09:00:00+08:00,67.69999694824219,67.80000305175781,67.5,67.69999694824219,0,0.0,0.0
2024-05-21 10:00:00+08:00,67.5999984741211,67.5999984741211,67.30000305175781,67.5999984741211,31212,0.0,0.0
2024-05-21 11:00:00+08:00,67.5999984741211,69.0,67.5999984741211,68.5,52865,0.0,0.0
2024-05-21 12:00:00+08:00,68.5,68.5,68.30000305175781,68.30000305175781,16313,0.0,0.0
2024-05-21 13:00:00+08:00,68.4000015258789,68.5999984741211,68.30000305175781,68.30000305175781,35369,0.0,0.0
2024-05-22 09:00:00+08:00,68.69999694824219,68.9000015258789,67.80000305175781,68.30000305175781,129914,0.0,0.0
2024-05-22 10:00:00+08:00,68.4000015258789,69.0,68.0999984741211,69.0,51042,0.0,0.0
2024-05-22 11:00:00+08:00,68.9000015258789,69.0999984741211,68.5999984741211,68.5999984741211,42158,0.0,0.0
2024-05-22 12:00:00+08:00,69.0,69.0,68.80000305175781,68.80000305175781,10086,0.0,0.0
2024-05-22 13:00:00+08:00,68.80000305175781,68.9000015258789,68.69999694824219,68.9000015258789,10681,0.0,0.0
2024-05-23 09:00:00+08:00,69.19999694824219,69.19999694824219,68.19999694824219,68.5,55048,0.0,0.0
2024-05-23 10:00:00+08:00,68.4000015258789,68.4000015258789,68.0,68.0,38764,0.0,0.0
2024-05-23 11:00:00+08:00,68.0,68.0999984741211,68.0,68.0,12026,0.0,0.0
2024-05-23 12:00:00+08:00,68.0,68.30000305175781,68.0,68.0999984741211,13401,0.0,0.0
2024-05-23 13:00:00+08:00,68.0,68.0,67.69999694824219,67.80000305175781,24342,0.0,0.0
2024-05-24 09:00:00+08:00,67.0999984741211,68.69999694824219,67.0,68.69999694824219,0,0.0,0.0
2024-05-24 10:00:00+08:00,68.69999694824219,68.9000015258789,68.30000305175781,68.5,14283,0.0,0.0
2024-05-24 11:00:00+08:00,68.5,68.5,68.19999694824219,68.19999694824219,5002,0.0,0.0
2024-05-24 12:00:00+08:00,68.19999694824219,68.4000015258789,68.0999984741211,68.4000015258789,32359,0.0,0.0
2024-05-24 13:00:00+08:00,68.4000015258789,68.5,68.19999694824219,68.19999694824219,16357,0.0,0.0
2024-05-27 09:00:00+08:00,68.19999694824219,69.69999694824219,67.80000305175781,69.4000015258789,0,0.0,0.0
2024-05-27 10:00:00+08:00,69.30000305175781,69.4000015258789,68.9000015258789,68.9000015258789,51102,0.0,0.0
2024-05-27 11:00:00+08:00,69.0,69.0999984741211,68.9000015258789,68.9000015258789,17050,0.0,0.0
2024-05-27 12:00:00+08:00,68.9000015258789,69.0,68.69999694824219,68.80000305175781,17205,0.0,0.0
2024-05-27 13:00:00+08:00,68.9000015258789,69.4000015258789,68.9000015258789,69.4000015258789,30875,0.0,0.0
2024-05-28 09:00:00+08:00,68.9000015258789,69.5,68.9000015258789,69.30000305175781,0,0.0,0.0
2024-05-28 10:00:00+08:00,69.30000305175781,69.9000015258789,69.30000305175781,69.5999984741211,73343,0.0,0.0
2024-05-28 11:00:00+08:00,69.5999984741211,69.9000015258789,69.4000015258789,69.5999984741211,40620,0.0,0.0
2024-05-28 12:00:00+08:00,69.5999984741211,69.5999984741211,69.19999694824219,69.4000015258789,22291,0.0,0.0
2024-05-28 13:00:00+08:00,69.5,69.5,69.30000305175781,69.30000305175781,11148,0.0,0.0
2024-05-29 09:00:00+08:00,69.5999984741211,69.5999984741211,68.69999694824219,69.0,59268,0.0,0.0
2024-05-29 10:00:00+08:00,69.0,69.5,69.0,69.30000305175781,21199,0.0,0.0
2024-05-29 11:00:00+08:00,69.30000305175781,69.30000305175781,69.0,69.0,13195,0.0,0.0
2024-05-29 12:00:00+08:00,68.9000015258789,69.4000015258789,68.9000015258789,69.4000015258789,24132,0.0,0.0
2024-05-29 13:00:00+08:00,69.30000305175781,69.4000015258789,69.0,69.19999694824219,17389,0.0,0.0
2024-05-30 09:00:00+08:00,69.0,69.0,68.5,69.0,32245,0.0,0.0
2024-05-30 10:00:00+08:00,68.9000015258789,68.9000015258789,68.4000015258789,68.4000015258789,24231,0.0,0.0
2024-05-30 11:00:00+08:00,68.5,68.5999984741211,68.5,68.5,21391,0.0,0.0
2024-05-30 12:00:00+08:00,68.5,68.80000305175781,68.19999694824219,68.30000305175781,42133,0.0,0.0
2024-05-30 13:00:00+08:00,68.5,68.5,68.30000305175781,68.5,14139,0.0,0.0
2024-05-31 09:00:00+08:00,68.80000305175781,68.9000015258789,68.5999984741211,68.69999694824219,18638,0.0,0.0
2024-05-31 10:00:00+08:00,68.69999694824219,68.69999694824219,68.5,68.5,33653,0.0,0.0
2024-05-31 11:00:00+08:00,68.5999984741211,69.0,68.5999984741211,69.0,32017,0.0,0.0
2024-05-31 12:00:00+08:00,68.80000305175781,68.80000305175781,68.5,68.69999694824219,20207,0.0,0.0
2024-05-31 13:00:00+08:00,68.5,68.69999694824219,68.5,68.5,5001,0.0,0.0
2024-06-03 09:00:00+08:00,67.9000015258789,68.5,67.9000015258789,68.5,0,0.0,0.0
2024-06-03 10:00:00+08:00,68.5,68.9000015258789,68.5,68.9000015258789,5986,0.0,0.0
2024-06-03 11:00:00+08:00,68.5999984741211,68.5999984741211,68.4000015258789,68.5,9989,0.0,0.0
2024-06-03 12:00:00+08:00,68.4000015258789,68.4000015258789,68.30000305175781,68.4000015258789,15872,0.0,0.0
2024-06-03 13:00:00+08:00,68.30000305175781,68.5,68.30000305175781,68.30000305175781,11260,0.0,0.0
2024-06-04 09:00:00+08:00,68.0999984741211,68.30000305175781,67.9000015258789,68.19999694824219,55246,0.0,0.0
2024-06-04 10:00:00+08:00,68.19999694824219,68.19999694824219,67.69999694824219,67.69999694824219,38666,0.0,0.0
2024-06-04 11:00:00+08:00,67.80000305175781,68.19999694824219,67.80000305175781,68.0,16104,0.0,0.0
2024-06-04 12:00:00+08:00,67.80000305175781,67.9000015258789,67.5,67.5999984741211,50146,0.0,0.0
2024-06-04 13:00:00+08:00,67.5,67.69999694824219,67.5,67.5999984741211,8183,0.0,0.0
2024-06-05 09:00:00+08:00,67.69999694824219,67.69999694824219,67.69999694824219,67.69999694824219,12176,0.0,0.0
2024-06-05 10:00:00+08:00,67.80000305175781,68.0,67.80000305175781,67.80000305175781,21017,0.0,0.0
2024-06-05 11:00:00+08:00,67.80000305175781,68.19999694824219,67.5,67.5,45617,0.0,0.0
2024-06-05 12:00:00+08:00,67.5,67.5,66.5,66.69999694824219,46526,0.0,0.0
2024-06-05 13:00:00+08:00,66.5999984741211,66.80000305175781,66.19999694824219,66.80000305175781,52167,0.0,0.0
2024-06-06 09:00:00+08:00,66.5,66.9000015258789,66.30000305175781,66.30000305175781,38708,0.0,0.0
2024-06-06 10:00:00+08:00,66.19999694824219,66.19999694824219,65.19999694824219,65.9000015258789,91223,0.0,0.0
2024-06-06 11:00:00+08:00,65.9000015258789,66.30000305175781,65.9000015258789,66.30000305175781,9005,0.0,0.0
2024-06-06 12:00:00+08:00,66.30000305175781,66.4000015258789,66.30000305175781,66.4000015258789,6052,0.0,0.0
2024-06-06 13:00:00+08:00,66.19999694824219,66.5,66.19999694824219,66.5,18221,0.0,0.0
2024-06-07 09:00:00+08:00,66.5,67.30000305175781,66.5,67.30000305175781,32505,0.0,0.0
2024-06-07 10:00:00+08:00,67.0999984741211,67.4000015258789,67.0999984741211,67.30000305175781,30043,0.0,0.0
2024-06-07 11:00:00+08:00,67.30000305175781,67.5,67.19999694824219,67.4000015258789,14253,0.0,0.0
2024-06-07 12:00:00+08:00,67.30000305175781,67.69999694824219,67.19999694824219,67.69999694824219,0,0.0,0.0
2024-06-07 13:00:00+08:00,67.5999984741211,67.9000015258789,67.5999984741211,67.9000015258789,101945,0.0,0.0
2024-06-11 09:00:00+08:00,67.69999694824219,68.4000015258789,67.69999694824219,68.0,0,0.0,0.0
2024-06-11 10:00:00+08:00,68.0,68.5,67.80000305175781,68.0,26005,0.0,0.0
2024-06-11 11:00:00+08:00,68.0,68.0,67.80000305175781,67.9000015258789,6001,0.0,0.0
2024-06-11 12:00:00+08:00,68.0999984741211,68.0999984741211,68.0,68.0,10260,0.0,0.0
2024-06-11 13:00:00+08:00,68.0,68.19999694824219,68.0,68.0999984741211,9000,0.0,0.0
2024-06-12 09:00:00+08:00,65.0,65.5999984741211,62.599998474121094,62.599998474121094,604771,0.0,0.0
2024-06-12 10:00:00+08:00,62.599998474121094,63.70000076293945,62.5,63.099998474121094,88456,0.0,0.0
2024-06-12 11:00:00+08:00,63.099998474121094,63.20000076293945,63.0,63.099998474121094,28236,0.0,0.0
2024-06-12 12:00:00+08:00,63.29999923706055,63.5,63.29999923706055,63.29999923706055,18896,0.0,0.0
2024-06-12 13:00:00+08:00,63.29999923706055,63.29999923706055,63.099998474121094,63.20000076293945,25945,0.0,0.0
2024-06-13 09:00:00+08:00,63.0,63.70000076293945,63.0,63.20000076293945,46414,0.0,0.0
2024-06-13 10:00:00+08:00,63.29999923706055,63.5,63.29999923706055,63.5,23072,0.0,0.0
2024-06-13 11:00:00+08:00,63.5,63.70000076293945,63.400001525878906,63.400001525878906,18454,0.0,0.0
2024-06-13 12:00:00+08:00,63.400001525878906,63.400001525878906,63.0,63.20000076293945,38823,0.0,0.0
2024-06-13 13:00:00+08:00,63.20000076293945,63.400001525878906,63.0,63.099998474121094,18003,0.0,0.0
2024-06-14 09:00:00+08:00,63.099998474121094,63.70000076293945,62.900001525878906,62.900001525878906,0,0.0,0.0
2024-06-14 10:00:00+08:00,62.900001525878906,63.0,62.5,62.5,82495,0.0,0.0
2024-06-14 11:00:00+08:00,62.599998474121094,62.70000076293945,62.5,62.5,66496,0.0,0.0
2024-06-14 12:00:00+08:00,62.5,64.30000305175781,62.5,63.900001525878906,70427,0.0,0.0
2024-06-14 13:00:00+08:00,63.900001525878906,63.900001525878906,63.5,63.5,4400,0.0,0.0
2024-06-17 09:00:00+08:00,63.900001525878906,64.0,62.599998474121094,63.599998474121094,0,0.0,0.0
2024-06-17 10:00:00+08:00,63.29999923706055,63.29999923706055,63.20000076293945,63.29999923706055,34173,0.0,0.0
2024-06-17 11:00:00+08:00,63.29999923706055,63.599998474121094,63.29999923706055,63.599998474121094,7091,0.0,0.0
2024-06-17 12:00:00+08:00,63.599998474121094,63.70000076293945,63.599998474121094,63.70000076293945,11188,0.0,0.0
2024-06-18 09:00:00+08:00,63.099998474121094,63.70000076293945,62.70000076293945,62.900001525878906,19549,0.0,0.0
2024-06-18 10:00:00+08:00,62.900001525878906,62.900001525878906,62.79999923706055,62.79999923706055,51047,0.0,0.0
2024-06-18 11:00:00+08:00,62.79999923706055,63.0,62.70000076293945,62.79999923706055,15052,0.0,0.0
2024-06-18 12:00:00+08:00,62.79999923706055,62.79999923706055,62.70000076293945,62.70000076293945,28078,0.0,0.0
2024-06-18 13:00:00+08:00,62.79999923706055,63.0,62.70000076293945,63.0,8195,0.0,0.0
2024-06-19 09:00:00+08:00,62.79999923706055,63.20000076293945,62.79999923706055,62.79999923706055,46223,0.0,0.0
2024-06-19 10:00:00+08:00,62.79999923706055,62.79999923706055,62.79999923706055,62.79999923706055,4049,0.0,0.0
2024-06-19 11:00:00+08:00,62.900001525878906,63.0,62.79999923706055,62.900001525878906,27143,0.0,0.0
2024-06-19 12:00:00+08:00,63.0,63.0,62.79999923706055,62.900001525878906,18076,0.0,0.0
2024-06-19 13:00:00+08:00,62.79999923706055,62.900001525878906,62.79999923706055,62.900001525878906,2115,0.0,0.0
2024-06-20 09:00:00+08:00,62.79999923706055,63.0,62.79999923706055,63.0,0,0.0,0.0
2024-06-20 10:00:00+08:00,62.900001525878906,62.900001525878906,62.79999923706055,62.900001525878906,18004,0.0,0.0
2024-06-20 11:00:00+08:00,62.900001525878906,62.900001525878906,62.79999923706055,62.900001525878906,13300,0.0,0.0
2024-06-20 12:00:00+08:00,62.900001525878906,62.900001525878906,62.599998474121094,62.900001525878906,21002,0.0,0.0
2024-06-20 13:00:00+08:00,63.0,63.0,62.79999923706055,62.79999923706055,22524,0.0,0.0
2024-06-21 09:00:00+08:00,62.900001525878906,64.19999694824219,62.900001525878906,63.5,77826,0.0,0.0
2024-06-21 10:00:00+08:00,63.599998474121094,63.900001525878906,63.5,63.79999923706055,25187,0.0,0.0
2024-06-21 11:00:00+08:00,63.900001525878906,64.19999694824219,63.900001525878906,64.0,32780,0.0,0.0
2024-06-21 12:00:00+08:00,63.900001525878906,64.0,63.900001525878906,64.0,3031,0.0,0.0
2024-06-21 13:00:00+08:00,64.0,64.0,64.0,64.0,7400,0.0,0.0
2024-06-24 09:00:00+08:00,64.0,64.4000015258789,64.0,64.30000305175781,0,0.0,0.0
2024-06-24 10:00:00+08:00,64.30000305175781,64.5,64.30000305175781,64.30000305175781,23066,0.0,0.0
2024-06-24 11:00:00+08:00,64.30000305175781,64.69999694824219,64.30000305175781,64.5999984741211,22369,0.0,0.0
2024-06-24 12:00:00+08:00,64.5999984741211,64.69999694824219,64.5999984741211,64.5999984741211,11209,0.0,0.0
2024-06-24 13:00:00+08:00,64.5,64.5999984741211,64.4000015258789,64.4000015258789,21150,0.0,0.0
2024-06-25 09:00:00+08:00,65.0,65.0,63.79999923706055,64.19999694824219,53168,0.0,0.0
2024-06-25 10:00:00+08:00,64.19999694824219,64.19999694824219,63.900001525878906,63.900001525878906,26001,0.0,0.0
2024-06-25 11:00:00+08:00,64.0,64.19999694824219,64.0,64.19999694824219,14001,0.0,0.0
2024-06-25 12:00:00+08:00,64.30000305175781,64.30000305175781,64.0999984741211,64.0999984741211,12040,0.0,0.0
2024-06-25 13:00:00+08:00,64.19999694824219,64.19999694824219,64.19999694824219,64.19999694824219,1003,0.0,0.0
2024-06-26 09:00:00+08:00,64.30000305175781,64.30000305175781,64.19999694824219,64.19999694824219,9344,0.0,0.0
2024-06-26 10:00:00+08:00,64.19999694824219,64.19999694824219,64.0,64.0,12241,0.0,0.0
2024-06-26 11:00:00+08:00,64.0999984741211,64.0999984741211,64.0,64.0,4000,0.0,0.0
2024-06-26 12:00:00+08:00,64.0999984741211,64.0999984741211,63.79999923706055,63.900001525878906,17310,0.0,0.0
2024-06-26 13:00:00+08:00,63.79999923706055,63.900001525878906,63.70000076293945,63.70000076293945,32096,0.0,0.0
2024-06-27 09:00:00+08:00,67.0,67.0,65.19999694824219,66.30000305175781,320926,0.0,0.0
2024-06-27 10:00:00+08:00,66.30000305175781,66.30000305175781,65.80000305175781,65.9000015258789,59608,0.0,0.0
2024-06-27 11:00:00+08:00,65.9000015258789,65.9000015258789,65.69999694824219,65.9000015258789,12846,0.0,0.0
2024-06-27 12:00:00+08:00,65.9000015258789,66.19999694824219,65.9000015258789,66.0,76001,0.0,0.0
2024-06-27 13:00:00+08:00,66.0,66.0,65.69999694824219,66.0,21001,0.0,0.0
2024-06-28 09:00:00+08:00,66.0,66.30000305175781,65.30000305175781,65.30000305175781,0,0.0,0.0
2024-06-28 10:00:00+08:00,65.4000015258789,65.69999694824219,65.19999694824219,65.69999694824219,36435,0.0,0.0
2024-06-28 11:00:00+08:00,65.4000015258789,65.5,65.4000015258789,65.4000015258789,11590,0.0,0.0
2024-06-28 12:00:00+08:00,65.5,65.69999694824219,64.69999694824219,65.0,87012,0.0,0.0
2024-06-28 13:00:00+08:00,65.0999984741211,65.5,65.0,65.0,11252,0.0,0.0
