Datetime,Open,High,Low,Close,Volume,Dividends,Stock Splits
2022-06-29 09:00:00+08:00,29.100000381469727,29.100000381469727,29.100000381469727,29.100000381469727,0,0.0,0.0
2022-06-29 10:00:00+08:00,29.100000381469727,29.100000381469727,29.100000381469727,29.100000381469727,10000,0.0,0.0
2022-06-29 11:00:00+08:00,29.100000381469727,29.100000381469727,29.100000381469727,29.100000381469727,1000,0.0,0.0
2022-06-29 12:00:00+08:00,29.100000381469727,29.100000381469727,29.049999237060547,29.049999237060547,14000,0.0,0.0
2022-06-29 13:00:00+08:00,29.049999237060547,29.100000381469727,29.049999237060547,29.100000381469727,2000,0.0,0.0
2022-06-30 09:00:00+08:00,29.049999237060547,29.049999237060547,29.049999237060547,29.049999237060547,0,0.0,0.0
2022-06-30 10:00:00+08:00,29.049999237060547,29.5,29.049999237060547,29.299999237060547,11003,0.0,0.0
2022-06-30 11:00:00+08:00,29.299999237060547,29.299999237060547,29.299999237060547,29.299999237060547,3000,0.0,0.0
2022-06-30 12:00:00+08:00,29.25,29.299999237060547,29.049999237060547,29.299999237060547,4000,0.0,0.0
2022-06-30 13:00:00+08:00,29.299999237060547,29.299999237060547,29.299999237060547,29.299999237060547,1000,0.0,0.0
2022-07-01 09:00:00+08:00,28.950000762939453,29.299999237060547,28.950000762939453,29.299999237060547,0,0.0,0.0
2022-07-01 10:00:00+08:00,29.399999618530273,29.399999618530273,29.0,29.0,5000,0.0,0.0
2022-07-01 11:00:00+08:00,28.950000762939453,29.299999237060547,28.899999618530273,28.899999618530273,5000,0.0,0.0
2022-07-01 12:00:00+08:00,28.899999618530273,29.100000381469727,28.899999618530273,29.100000381469727,11000,0.0,0.0
2022-07-01 13:00:00+08:00,29.0,29.350000381469727,29.0,29.350000381469727,22000,0.0,0.0
2022-07-04 10:00:00+08:00,29.299999237060547,29.299999237060547,29.299999237060547,29.299999237060547,2000,0.0,0.0
2022-07-04 11:00:00+08:00,29.299999237060547,29.299999237060547,29.299999237060547,29.299999237060547,3000,0.0,0.0
2022-07-04 12:00:00+08:00,29.299999237060547,29.299999237060547,29.299999237060547,29.299999237060547,6000,0.0,0.0
2022-07-05 12:00:00+08:00,29.299999237060547,29.299999237060547,29.200000762939453,29.200000762939453,0,0.0,0.0
2022-07-05 13:00:00+08:00,29.200000762939453,29.299999237060547,29.200000762939453,29.299999237060547,2000,0.0,0.0
2022-07-06 09:00:00+08:00,29.799999237060547,29.799999237060547,29.799999237060547,29.799999237060547,0,0.0,0.0
2022-07-06 10:00:00+08:00,29.5,29.5,29.5,29.5,1000,0.0,0.0
2022-07-06 11:00:00+08:00,29.100000381469727,29.100000381469727,29.100000381469727,29.100000381469727,5000,0.0,0.0
2022-07-06 12:00:00+08:00,29.200000762939453,29.200000762939453,29.200000762939453,29.200000762939453,3000,0.0,0.0
2022-07-06 13:00:00+08:00,29.200000762939453,29.200000762939453,29.200000762939453,29.200000762939453,5000,0.0,0.0
2022-07-07 09:00:00+08:00,29.200000762939453,29.200000762939453,29.149999618530273,29.149999618530273,0,0.0,0.0
2022-07-07 10:00:00+08:00,29.200000762939453,29.200000762939453,29.200000762939453,29.200000762939453,1000,0.0,0.0
2022-07-07 11:00:00+08:00,29.299999237060547,29.299999237060547,29.299999237060547,29.299999237060547,2000,0.0,0.0
2022-07-07 12:00:00+08:00,29.299999237060547,29.299999237060547,29.299999237060547,29.299999237060547,1000,0.0,0.0
2022-07-07 13:00:00+08:00,29.299999237060547,29.549999237060547,29.299999237060547,29.549999237060547,3000,0.0,0.0
2022-07-11 09:00:00+08:00,30.399999618530273,30.600000381469727,29.600000381469727,29.600000381469727,17000,0.0,0.0
2022-07-11 10:00:00+08:00,29.799999237060547,29.799999237060547,29.799999237060547,29.799999237060547,4000,0.0,0.0
2022-07-11 11:00:00+08:00,29.600000381469727,29.600000381469727,29.600000381469727,29.600000381469727,3000,0.0,0.0
2022-07-12 09:00:00+08:00,29.0,29.0,29.0,29.0,0,0.0,0.0
2022-07-12 12:00:00+08:00,29.700000762939453,29.799999237060547,29.700000762939453,29.799999237060547,2000,0.0,0.0
2022-07-12 13:00:00+08:00,30.0,30.0,30.0,30.0,1000,0.0,0.0
2022-07-13 09:00:00+08:00,30.100000381469727,30.100000381469727,29.5,29.5,2000,0.0,0.0
2022-07-13 11:00:00+08:00,30.0,30.0,29.899999618530273,29.899999618530273,3049,0.0,0.0
2022-07-13 12:00:00+08:00,29.649999618530273,29.649999618530273,29.649999618530273,29.649999618530273,2000,0.0,0.0
2022-07-13 13:00:00+08:00,29.700000762939453,29.700000762939453,29.700000762939453,29.700000762939453,1000,0.0,0.0
2022-07-14 09:00:00+08:00,29.299999237060547,29.299999237060547,29.299999237060547,29.299999237060547,0,0.0,0.0
2022-07-14 11:00:00+08:00,29.5,29.5,29.5,29.5,1000,0.0,0.0
2022-07-14 12:00:00+08:00,29.600000381469727,29.600000381469727,29.450000762939453,29.450000762939453,5000,0.0,0.0
2022-07-14 13:00:00+08:00,29.450000762939453,29.450000762939453,29.450000762939453,29.450000762939453,4500,0.0,0.0
2022-07-15 10:00:00+08:00,29.600000381469727,29.600000381469727,29.600000381469727,29.600000381469727,0,0.0,0.0
2022-07-15 11:00:00+08:00,29.600000381469727,29.600000381469727,29.5,29.5,2000,0.0,0.0
2022-07-15 13:00:00+08:00,29.5,29.5,29.5,29.5,2000,0.0,0.0
2022-07-18 11:00:00+08:00,29.5,29.5,29.5,29.5,4000,0.0,0.0
2022-07-18 12:00:00+08:00,29.5,29.5,29.5,29.5,1000,0.0,0.0
2022-07-19 09:00:00+08:00,29.100000381469727,29.149999618530273,29.100000381469727,29.149999618530273,0,0.0,0.0
2022-07-19 10:00:00+08:00,29.200000762939453,29.25,29.200000762939453,29.200000762939453,5001,0.0,0.0
2022-07-19 11:00:00+08:00,29.200000762939453,29.200000762939453,29.200000762939453,29.200000762939453,3200,0.0,0.0
2022-07-19 12:00:00+08:00,29.5,29.5,29.5,29.5,4000,0.0,0.0
2022-07-20 10:00:00+08:00,29.299999237060547,29.299999237060547,29.25,29.25,3000,0.0,0.0
2022-07-20 11:00:00+08:00,29.5,29.5,29.5,29.5,1000,0.0,0.0
2022-07-20 13:00:00+08:00,29.5,29.5,29.5,29.5,1000,0.0,0.0
2022-07-21 12:00:00+08:00,29.600000381469727,29.649999618530273,29.600000381469727,29.649999618530273,3000,0.0,0.0
2022-07-21 13:00:00+08:00,29.649999618530273,29.649999618530273,29.649999618530273,29.649999618530273,1000,0.0,0.0
2022-07-22 09:00:00+08:00,29.600000381469727,29.600000381469727,29.600000381469727,29.600000381469727,0,0.0,0.0
2022-07-22 10:00:00+08:00,29.600000381469727,29.600000381469727,29.5,29.5,2000,0.0,0.0
2022-07-22 11:00:00+08:00,29.5,29.5,29.5,29.5,1000,0.0,0.0
2022-07-22 13:00:00+08:00,29.5,29.5,29.5,29.5,1000,0.0,0.0
2022-07-25 09:00:00+08:00,29.5,29.5,29.5,29.5,0,0.0,0.0
2022-07-25 10:00:00+08:00,29.5,29.5,29.5,29.5,1000,0.0,0.0
2022-07-25 11:00:00+08:00,29.649999618530273,29.700000762939453,29.649999618530273,29.700000762939453,3000,0.0,0.0
2022-07-25 12:00:00+08:00,29.700000762939453,29.799999237060547,29.700000762939453,29.799999237060547,6000,0.0,0.0
2022-07-25 13:00:00+08:00,29.399999618530273,29.399999618530273,29.399999618530273,29.399999618530273,2000,0.0,0.0
2022-07-26 10:00:00+08:00,29.299999237060547,29.299999237060547,29.25,29.299999237060547,6260,0.0,0.0
2022-07-26 11:00:00+08:00,29.399999618530273,29.5,29.399999618530273,29.5,4000,0.0,0.0
2022-07-26 12:00:00+08:00,29.5,29.5,29.5,29.5,1000,0.0,0.0
2022-07-27 09:00:00+08:00,29.299999237060547,29.299999237060547,29.200000762939453,29.299999237060547,0,0.0,0.0
2022-07-27 10:00:00+08:00,29.399999618530273,29.399999618530273,29.149999618530273,29.149999618530273,11000,0.0,0.0
2022-07-27 11:00:00+08:00,29.149999618530273,29.149999618530273,29.100000381469727,29.100000381469727,3000,0.0,0.0
2022-07-27 13:00:00+08:00,29.5,29.5,29.5,29.5,5000,0.0,0.0
2022-07-28 09:00:00+08:00,29.5,29.5,29.5,29.5,0,0.0,0.0
2022-07-28 10:00:00+08:00,29.5,29.5,29.25,29.25,5000,0.0,0.0
2022-07-28 12:00:00+08:00,29.450000762939453,29.450000762939453,29.450000762939453,29.450000762939453,1000,0.0,0.0
2022-07-29 09:00:00+08:00,29.5,29.5,29.5,29.5,0,0.0,0.0
2022-07-29 10:00:00+08:00,29.5,29.5,29.450000762939453,29.450000762939453,2000,0.0,0.0
2022-07-29 11:00:00+08:00,29.399999618530273,29.399999618530273,29.399999618530273,29.399999618530273,1000,0.0,0.0
2022-07-29 12:00:00+08:00,29.399999618530273,29.450000762939453,29.399999618530273,29.450000762939453,3000,0.0,0.0
2022-07-29 13:00:00+08:00,29.450000762939453,29.450000762939453,29.450000762939453,29.450000762939453,6000,0.0,0.0
2022-08-01 10:00:00+08:00,29.299999237060547,29.299999237060547,29.299999237060547,29.299999237060547,0,0.0,0.0
2022-08-01 11:00:00+08:00,29.299999237060547,29.299999237060547,29.299999237060547,29.299999237060547,2000,0.0,0.0
2022-08-01 12:00:00+08:00,29.5,29.5,29.5,29.5,1000,0.0,0.0
2022-08-01 13:00:00+08:00,29.399999618530273,29.399999618530273,29.399999618530273,29.399999618530273,1000,0.0,0.0
2022-08-02 09:00:00+08:00,29.200000762939453,29.200000762939453,29.200000762939453,29.200000762939453,0,0.0,0.0
2022-08-02 11:00:00+08:00,29.299999237060547,29.299999237060547,29.149999618530273,29.149999618530273,12000,0.0,0.0
2022-08-02 12:00:00+08:00,29.149999618530273,29.149999618530273,29.149999618530273,29.149999618530273,3000,0.0,0.0
2022-08-02 13:00:00+08:00,29.149999618530273,29.149999618530273,29.149999618530273,29.149999618530273,2000,0.0,0.0
2022-08-03 09:00:00+08:00,29.149999618530273,29.149999618530273,29.149999618530273,29.149999618530273,0,0.0,0.0
2022-08-03 12:00:00+08:00,29.200000762939453,29.200000762939453,29.149999618530273,29.149999618530273,3000,0.0,0.0
2022-08-04 10:00:00+08:00,29.200000762939453,29.200000762939453,29.149999618530273,29.149999618530273,0,0.0,0.0
2022-08-04 11:00:00+08:00,29.149999618530273,29.149999618530273,29.100000381469727,29.100000381469727,4000,0.0,0.0
2022-08-04 12:00:00+08:00,29.149999618530273,29.149999618530273,29.149999618530273,29.149999618530273,1000,0.0,0.0
2022-08-05 10:00:00+08:00,29.149999618530273,29.149999618530273,29.149999618530273,29.149999618530273,0,0.0,0.0
2022-08-08 11:00:00+08:00,29.350000381469727,29.350000381469727,29.299999237060547,29.299999237060547,1000,0.0,0.0
2022-08-09 09:00:00+08:00,29.399999618530273,29.399999618530273,29.399999618530273,29.399999618530273,0,0.0,0.0
2022-08-09 10:00:00+08:00,30.0,30.200000762939453,30.0,30.0,20000,0.0,0.0
2022-08-09 11:00:00+08:00,30.0,30.0,29.700000762939453,29.700000762939453,6000,0.0,0.0
2022-08-09 12:00:00+08:00,29.950000762939453,29.950000762939453,29.649999618530273,29.649999618530273,4000,0.0,0.0
2022-08-10 09:00:00+08:00,30.149999618530273,30.149999618530273,29.899999618530273,29.899999618530273,0,0.0,0.0
2022-08-10 10:00:00+08:00,29.899999618530273,29.899999618530273,29.899999618530273,29.899999618530273,3000,0.0,0.0
2022-08-10 11:00:00+08:00,30.0,30.0,30.0,30.0,6000,0.0,0.0
2022-08-10 12:00:00+08:00,30.100000381469727,30.149999618530273,30.100000381469727,30.149999618530273,7000,0.0,0.0
2022-08-11 09:00:00+08:00,30.200000762939453,31.25,30.200000762939453,31.0,42000,0.0,0.0
2022-08-11 10:00:00+08:00,30.899999618530273,30.899999618530273,30.299999237060547,30.450000762939453,53000,0.0,0.0
2022-08-11 11:00:00+08:00,30.5,30.700000762939453,30.5,30.700000762939453,4000,0.0,0.0
2022-08-11 12:00:00+08:00,30.75,30.75,30.649999618530273,30.649999618530273,7000,0.0,0.0
2022-08-12 10:00:00+08:00,30.649999618530273,30.649999618530273,30.549999237060547,30.549999237060547,0,0.0,0.0
2022-08-12 11:00:00+08:00,30.549999237060547,30.549999237060547,30.149999618530273,30.25,26000,0.0,0.0
2022-08-12 12:00:00+08:00,30.25,30.450000762939453,30.25,30.450000762939453,6000,0.0,0.0
2022-08-15 10:00:00+08:00,30.5,30.5,30.450000762939453,30.450000762939453,1000,0.0,0.0
2022-08-15 11:00:00+08:00,30.450000762939453,30.450000762939453,30.299999237060547,30.399999618530273,4000,0.0,0.0
2022-08-15 12:00:00+08:00,30.399999618530273,30.399999618530273,30.350000381469727,30.350000381469727,3000,0.0,0.0
2022-08-15 13:00:00+08:00,30.350000381469727,30.399999618530273,30.350000381469727,30.399999618530273,2000,0.0,0.0
2022-08-16 10:00:00+08:00,31.200000762939453,31.200000762939453,30.450000762939453,30.450000762939453,4000,0.0,0.0
2022-08-16 11:00:00+08:00,30.450000762939453,30.450000762939453,30.450000762939453,30.450000762939453,2000,0.0,0.0
2022-08-16 12:00:00+08:00,30.450000762939453,30.450000762939453,30.450000762939453,30.450000762939453,3000,0.0,0.0
2022-08-16 13:00:00+08:00,30.5,30.5,30.5,30.5,1000,0.0,0.0
2022-08-17 10:00:00+08:00,30.5,30.5,30.5,30.5,0,0.0,0.0
2022-08-17 11:00:00+08:00,30.299999237060547,30.299999237060547,30.25,30.25,5000,0.0,0.0
2022-08-17 12:00:00+08:00,30.299999237060547,30.5,30.299999237060547,30.5,13000,0.0,0.0
2022-08-18 10:00:00+08:00,30.899999618530273,30.899999618530273,30.899999618530273,30.899999618530273,0,0.0,0.0
2022-08-18 11:00:00+08:00,30.5,30.5,30.5,30.5,0,0.0,0.0
2022-08-18 13:00:00+08:00,30.75,31.100000381469727,30.75,31.0,14000,0.0,0.0
2022-08-19 09:00:00+08:00,34.099998474121094,34.099998474121094,33.79999923706055,34.099998474121094,298493,0.0,0.0
2022-08-19 10:00:00+08:00,34.099998474121094,34.099998474121094,34.099998474121094,34.099998474121094,110300,0.0,0.0
2022-08-19 11:00:00+08:00,34.099998474121094,34.099998474121094,34.099998474121094,34.099998474121094,15055,0.0,0.0
2022-08-19 12:00:00+08:00,34.099998474121094,34.099998474121094,34.099998474121094,34.099998474121094,54032,0.0,0.0
2022-08-22 09:00:00+08:00,36.0,37.5,35.5,37.5,254284,0.0,0.0
2022-08-22 10:00:00+08:00,37.5,37.5,37.5,37.5,36000,0.0,0.0
2022-08-22 11:00:00+08:00,37.5,37.5,37.5,37.5,24080,0.0,0.0
2022-08-22 12:00:00+08:00,37.5,37.5,37.5,37.5,23600,0.0,0.0
2022-08-22 13:00:00+08:00,37.5,37.5,37.5,37.5,3000,0.0,0.0
2022-08-23 09:00:00+08:00,40.5,41.25,39.5,41.20000076293945,1938525,0.0,0.0
2022-08-23 10:00:00+08:00,41.20000076293945,41.25,40.79999923706055,41.0,349356,0.0,0.0
2022-08-23 11:00:00+08:00,41.0,41.150001525878906,40.5,40.599998474121094,237414,0.0,0.0
2022-08-23 12:00:00+08:00,40.5,41.0,40.5,40.849998474121094,98080,0.0,0.0
2022-08-23 13:00:00+08:00,40.849998474121094,41.150001525878906,40.599998474121094,41.0,111548,0.0,0.0
2022-08-24 09:00:00+08:00,40.54999923706055,41.0,39.099998474121094,40.349998474121094,0,0.0,0.0
2022-08-24 10:00:00+08:00,40.349998474121094,41.0,40.150001525878906,40.650001525878906,259562,0.0,0.0
2022-08-24 11:00:00+08:00,40.599998474121094,40.599998474121094,40.150001525878906,40.29999923706055,90622,0.0,0.0
2022-08-24 12:00:00+08:00,40.29999923706055,40.95000076293945,40.29999923706055,40.849998474121094,93000,0.0,0.0
2022-08-24 13:00:00+08:00,40.79999923706055,41.0,40.70000076293945,40.70000076293945,134000,0.0,0.0
2022-08-25 09:00:00+08:00,40.599998474121094,40.79999923706055,39.20000076293945,39.900001525878906,0,0.0,0.0
2022-08-25 10:00:00+08:00,39.900001525878906,40.099998474121094,39.650001525878906,40.0,116000,0.0,0.0
2022-08-25 11:00:00+08:00,40.0,40.900001525878906,40.0,40.849998474121094,204600,0.0,0.0
2022-08-25 12:00:00+08:00,40.849998474121094,42.0,40.70000076293945,40.79999923706055,355523,0.0,0.0
2022-08-25 13:00:00+08:00,40.79999923706055,41.20000076293945,40.599998474121094,41.20000076293945,87000,0.0,0.0
2022-08-26 09:00:00+08:00,41.20000076293945,41.20000076293945,39.70000076293945,39.70000076293945,0,0.0,0.0
2022-08-26 10:00:00+08:00,39.650001525878906,40.099998474121094,39.650001525878906,40.04999923706055,188381,0.0,0.0
2022-08-26 11:00:00+08:00,40.0,40.0,39.849998474121094,39.849998474121094,146100,0.0,0.0
2022-08-26 12:00:00+08:00,39.849998474121094,40.0,39.849998474121094,40.0,94077,0.0,0.0
2022-08-26 13:00:00+08:00,40.0,40.0,39.849998474121094,39.849998474121094,53000,0.0,0.0
2022-08-29 09:00:00+08:00,37.75,38.0,37.0,37.0,0,0.0,0.0
2022-08-29 10:00:00+08:00,37.29999923706055,37.400001525878906,37.099998474121094,37.29999923706055,114777,0.0,0.0
2022-08-29 11:00:00+08:00,37.25,37.25,37.0,37.0,122000,0.0,0.0
2022-08-29 12:00:00+08:00,37.0,37.45000076293945,37.0,37.150001525878906,61213,0.0,0.0
2022-08-29 13:00:00+08:00,37.150001525878906,37.150001525878906,37.099998474121094,37.150001525878906,28020,0.0,0.0
2022-08-30 09:00:00+08:00,37.29999923706055,37.5,37.0,37.0,0,0.0,0.0
2022-08-30 10:00:00+08:00,37.0,37.099998474121094,36.599998474121094,37.099998474121094,57100,0.0,0.0
2022-08-30 11:00:00+08:00,37.0,37.400001525878906,37.0,37.400001525878906,0,0.0,0.0
2022-08-30 12:00:00+08:00,37.54999923706055,38.29999923706055,37.54999923706055,38.0,395429,0.0,0.0
2022-08-30 13:00:00+08:00,37.849998474121094,37.849998474121094,37.599998474121094,37.599998474121094,33000,0.0,0.0
2022-08-31 09:00:00+08:00,37.75,38.849998474121094,37.75,38.70000076293945,0,0.0,0.0
2022-08-31 10:00:00+08:00,38.650001525878906,38.650001525878906,38.25,38.599998474121094,56050,0.0,0.0
2022-08-31 11:00:00+08:00,38.599998474121094,38.599998474121094,38.20000076293945,38.29999923706055,36100,0.0,0.0
2022-08-31 12:00:00+08:00,38.04999923706055,38.20000076293945,37.849998474121094,38.0,42191,0.0,0.0
2022-08-31 13:00:00+08:00,38.150001525878906,38.150001525878906,38.099998474121094,38.150001525878906,19350,0.0,0.0
2022-09-01 09:00:00+08:00,38.20000076293945,38.400001525878906,38.20000076293945,38.400001525878906,76185,0.0,0.0
2022-09-01 10:00:00+08:00,38.400001525878906,38.5,38.400001525878906,38.400001525878906,34075,0.0,0.0
2022-09-01 11:00:00+08:00,38.400001525878906,38.400001525878906,38.20000076293945,38.25,20092,0.0,0.0
2022-09-01 12:00:00+08:00,38.20000076293945,38.20000076293945,38.0,38.099998474121094,41000,0.0,0.0
2022-09-01 13:00:00+08:00,38.099998474121094,38.099998474121094,37.95000076293945,37.95000076293945,34000,0.0,0.0
2022-09-02 09:00:00+08:00,38.849998474121094,38.849998474121094,38.0,38.0,0,0.0,0.0
2022-09-02 10:00:00+08:00,38.0,38.0,37.5,37.650001525878906,63116,0.0,0.0
2022-09-02 11:00:00+08:00,37.650001525878906,37.650001525878906,37.599998474121094,37.650001525878906,34111,0.0,0.0
2022-09-02 12:00:00+08:00,37.599998474121094,37.599998474121094,37.5,37.54999923706055,43060,0.0,0.0
2022-09-02 13:00:00+08:00,37.5,37.5,37.349998474121094,37.349998474121094,17125,0.0,0.0
2022-09-05 09:00:00+08:00,36.20000076293945,37.20000076293945,36.20000076293945,36.849998474121094,0,0.0,0.0
2022-09-05 10:00:00+08:00,36.849998474121094,36.900001525878906,36.849998474121094,36.900001525878906,40000,0.0,0.0
2022-09-05 11:00:00+08:00,36.900001525878906,36.900001525878906,36.5,36.599998474121094,28284,0.0,0.0
2022-09-05 12:00:00+08:00,36.650001525878906,36.70000076293945,36.5,36.5,23001,0.0,0.0
2022-09-05 13:00:00+08:00,36.5,36.5,36.29999923706055,36.29999923706055,32330,0.0,0.0
2022-09-06 09:00:00+08:00,36.5,36.5,35.599998474121094,35.70000076293945,0,0.0,0.0
2022-09-06 10:00:00+08:00,35.70000076293945,35.70000076293945,35.5,35.5,71109,0.0,0.0
2022-09-06 11:00:00+08:00,35.5,35.5,35.0,35.0,92950,0.0,0.0
2022-09-06 12:00:00+08:00,35.0,35.0,34.5,34.5,57190,0.0,0.0
2022-09-06 13:00:00+08:00,34.5,34.75,34.5,34.75,21000,0.0,0.0
2022-09-07 09:00:00+08:00,35.04999923706055,35.04999923706055,33.349998474121094,33.79999923706055,0,0.0,0.0
2022-09-07 10:00:00+08:00,33.79999923706055,34.0,33.79999923706055,34.0,23365,0.0,0.0
2022-09-07 11:00:00+08:00,34.0,34.25,33.849998474121094,33.849998474121094,15150,0.0,0.0
2022-09-07 12:00:00+08:00,33.79999923706055,33.79999923706055,33.54999923706055,33.79999923706055,28800,0.0,0.0
2022-09-07 13:00:00+08:00,33.79999923706055,33.79999923706055,33.79999923706055,33.79999923706055,4551,0.0,0.0
2022-09-08 09:00:00+08:00,34.5,34.5,34.20000076293945,34.5,38000,0.0,0.0
2022-09-08 10:00:00+08:00,34.5,34.79999923706055,34.5,34.5,18100,0.0,0.0
2022-09-08 11:00:00+08:00,35.0,35.0,34.599998474121094,34.599998474121094,20000,0.0,0.0
2022-09-08 12:00:00+08:00,34.599998474121094,34.900001525878906,34.599998474121094,34.79999923706055,27012,0.0,0.0
2022-09-08 13:00:00+08:00,34.79999923706055,35.0,34.79999923706055,35.0,11005,0.0,0.0
2022-09-12 09:00:00+08:00,34.95000076293945,34.95000076293945,34.099998474121094,34.150001525878906,0,0.0,0.0
2022-09-12 10:00:00+08:00,34.400001525878906,34.54999923706055,34.400001525878906,34.54999923706055,11150,0.0,0.0
2022-09-12 11:00:00+08:00,34.45000076293945,34.45000076293945,34.20000076293945,34.400001525878906,21215,0.0,0.0
2022-09-12 12:00:00+08:00,34.5,34.650001525878906,34.5,34.650001525878906,36200,0.0,0.0
2022-09-12 13:00:00+08:00,34.650001525878906,35.0,34.650001525878906,34.70000076293945,20000,0.0,0.0
2022-09-13 09:00:00+08:00,34.20000076293945,38.150001525878906,34.20000076293945,38.150001525878906,507171,0.0,0.0
2022-09-13 10:00:00+08:00,38.150001525878906,38.150001525878906,38.150001525878906,38.150001525878906,30091,0.0,0.0
2022-09-13 11:00:00+08:00,38.150001525878906,38.150001525878906,38.150001525878906,38.150001525878906,45000,0.0,0.0
2022-09-13 12:00:00+08:00,38.150001525878906,38.150001525878906,38.150001525878906,38.150001525878906,33000,0.0,0.0
2022-09-13 13:00:00+08:00,38.150001525878906,38.150001525878906,38.150001525878906,38.150001525878906,1000,0.0,0.0
2022-09-14 09:00:00+08:00,38.0,40.0,37.70000076293945,38.54999923706055,0,0.0,0.0
2022-09-14 10:00:00+08:00,38.54999923706055,39.20000076293945,38.45000076293945,39.20000076293945,202100,0.0,0.0
2022-09-14 11:00:00+08:00,39.04999923706055,39.599998474121094,38.95000076293945,39.0,157106,0.0,0.0
2022-09-14 12:00:00+08:00,39.04999923706055,39.400001525878906,38.599998474121094,38.70000076293945,69510,0.0,0.0
2022-09-14 13:00:00+08:00,38.70000076293945,39.0,38.400001525878906,38.900001525878906,93250,0.0,0.0
2022-09-15 09:00:00+08:00,39.0,39.20000076293945,38.25,38.5,0,0.0,0.0
2022-09-15 10:00:00+08:00,38.349998474121094,38.900001525878906,38.20000076293945,38.20000076293945,150117,0.0,0.0
2022-09-15 11:00:00+08:00,38.400001525878906,38.5,38.29999923706055,38.5,43101,0.0,0.0
2022-09-15 12:00:00+08:00,38.54999923706055,38.599998474121094,37.70000076293945,38.0,107374,0.0,0.0
2022-09-15 13:00:00+08:00,37.70000076293945,38.150001525878906,37.54999923706055,37.900001525878906,37000,0.0,0.0
2022-09-16 09:00:00+08:00,37.75,38.400001525878906,37.29999923706055,37.849998474121094,0,0.0,0.0
2022-09-16 10:00:00+08:00,37.79999923706055,38.099998474121094,37.79999923706055,37.95000076293945,26000,0.0,0.0
2022-09-16 11:00:00+08:00,37.900001525878906,38.04999923706055,37.599998474121094,37.75,71730,0.0,0.0
2022-09-16 12:00:00+08:00,37.70000076293945,37.70000076293945,37.400001525878906,37.54999923706055,30000,0.0,0.0
2022-09-16 13:00:00+08:00,37.54999923706055,37.650001525878906,37.45000076293945,37.45000076293945,14000,0.0,0.0
2022-09-19 09:00:00+08:00,37.5,37.599998474121094,36.400001525878906,37.5,112464,0.0,0.0
2022-09-19 10:00:00+08:00,36.650001525878906,36.70000076293945,36.45000076293945,36.5,24550,0.0,0.0
2022-09-19 11:00:00+08:00,36.5,36.5,35.650001525878906,35.70000076293945,69295,0.0,0.0
2022-09-19 12:00:00+08:00,35.70000076293945,35.95000076293945,35.650001525878906,35.650001525878906,32084,0.0,0.0
2022-09-19 13:00:00+08:00,35.650001525878906,35.650001525878906,35.400001525878906,35.400001525878906,46018,0.0,0.0
2022-09-20 09:00:00+08:00,35.400001525878906,35.75,35.400001525878906,35.5,16090,0.0,0.0
2022-09-20 10:00:00+08:00,35.5,35.599998474121094,35.400001525878906,35.400001525878906,26001,0.0,0.0
2022-09-20 11:00:00+08:00,35.29999923706055,35.29999923706055,35.0,35.0,57035,0.0,0.0
2022-09-20 12:00:00+08:00,35.099998474121094,35.20000076293945,35.099998474121094,35.20000076293945,28000,0.0,0.0
2022-09-20 13:00:00+08:00,35.20000076293945,35.400001525878906,35.20000076293945,35.400001525878906,11000,0.0,0.0
2022-09-21 09:00:00+08:00,35.5,35.79999923706055,35.5,35.599998474121094,0,0.0,0.0
2022-09-21 10:00:00+08:00,35.599998474121094,35.900001525878906,35.599998474121094,35.900001525878906,22000,0.0,0.0
2022-09-21 11:00:00+08:00,35.400001525878906,35.400001525878906,35.099998474121094,35.099998474121094,13000,0.0,0.0
2022-09-21 12:00:00+08:00,35.099998474121094,35.099998474121094,34.95000076293945,35.0,20061,0.0,0.0
2022-09-21 13:00:00+08:00,34.95000076293945,34.95000076293945,34.849998474121094,34.900001525878906,18254,0.0,0.0
2022-09-22 09:00:00+08:00,35.54999923706055,35.54999923706055,34.849998474121094,34.849998474121094,0,0.0,0.0
2022-09-22 10:00:00+08:00,34.849998474121094,34.849998474121094,34.400001525878906,34.54999923706055,53014,0.0,0.0
2022-09-22 11:00:00+08:00,34.70000076293945,35.150001525878906,34.70000076293945,35.150001525878906,23000,0.0,0.0
2022-09-22 12:00:00+08:00,35.400001525878906,35.400001525878906,35.0,35.0,13016,0.0,0.0
2022-09-22 13:00:00+08:00,34.95000076293945,34.95000076293945,34.79999923706055,34.79999923706055,10000,0.0,0.0
2022-09-23 09:00:00+08:00,34.79999923706055,34.900001525878906,34.400001525878906,34.70000076293945,0,0.0,0.0
2022-09-23 10:00:00+08:00,34.5,34.650001525878906,33.79999923706055,34.0,67111,0.0,0.0
2022-09-23 11:00:00+08:00,34.45000076293945,34.45000076293945,34.0,34.0,25200,0.0,0.0
2022-09-23 12:00:00+08:00,34.04999923706055,34.099998474121094,33.79999923706055,34.099998474121094,36078,0.0,0.0
2022-09-23 13:00:00+08:00,34.099998474121094,34.29999923706055,34.0,34.29999923706055,20000,0.0,0.0
2022-09-26 09:00:00+08:00,33.54999923706055,33.54999923706055,32.04999923706055,32.099998474121094,0,0.0,0.0
2022-09-26 10:00:00+08:00,32.150001525878906,32.5,32.099998474121094,32.150001525878906,26000,0.0,0.0
2022-09-26 11:00:00+08:00,32.150001525878906,32.150001525878906,32.099998474121094,32.099998474121094,31600,0.0,0.0
2022-09-26 12:00:00+08:00,32.099998474121094,32.150001525878906,32.0,32.0,0,0.0,0.0
2022-09-26 13:00:00+08:00,32.04999923706055,32.150001525878906,31.799999237060547,32.150001525878906,208318,0.0,0.0
2022-09-27 09:00:00+08:00,31.950000762939453,31.950000762939453,30.600000381469727,30.600000381469727,0,0.0,0.0
2022-09-27 10:00:00+08:00,30.899999618530273,31.549999237060547,30.600000381469727,31.299999237060547,42000,0.0,0.0
2022-09-27 11:00:00+08:00,31.299999237060547,31.299999237060547,31.049999237060547,31.100000381469727,7000,0.0,0.0
2022-09-27 12:00:00+08:00,31.100000381469727,31.5,31.100000381469727,31.5,14000,0.0,0.0
2022-09-27 13:00:00+08:00,31.600000381469727,32.79999923706055,31.600000381469727,32.75,20036,0.0,0.0
2022-09-28 09:00:00+08:00,31.25,31.25,31.100000381469727,31.149999618530273,0,0.0,0.0
2022-09-28 10:00:00+08:00,31.100000381469727,31.100000381469727,30.399999618530273,30.399999618530273,52000,0.0,0.0
2022-09-28 11:00:00+08:00,30.600000381469727,30.700000762939453,30.5,30.700000762939453,19095,0.0,0.0
2022-09-28 12:00:00+08:00,30.700000762939453,30.75,30.5,30.5,51050,0.0,0.0
2022-09-28 13:00:00+08:00,30.450000762939453,30.450000762939453,30.200000762939453,30.200000762939453,29000,0.0,0.0
2022-09-29 09:00:00+08:00,31.700000762939453,31.700000762939453,30.600000381469727,30.799999237060547,0,0.0,0.0
2022-09-29 10:00:00+08:00,30.700000762939453,30.700000762939453,30.350000381469727,30.399999618530273,19308,0.0,0.0
2022-09-29 11:00:00+08:00,30.299999237060547,30.399999618530273,30.149999618530273,30.350000381469727,16092,0.0,0.0
2022-09-29 12:00:00+08:00,30.799999237060547,31.299999237060547,30.799999237060547,30.850000381469727,6000,0.0,0.0
2022-09-29 13:00:00+08:00,30.799999237060547,30.799999237060547,30.700000762939453,30.799999237060547,4000,0.0,0.0
2022-09-30 09:00:00+08:00,30.100000381469727,30.950000762939453,29.5,30.899999618530273,0,0.0,0.0
2022-09-30 10:00:00+08:00,30.5,30.5,30.5,30.5,2000,0.0,0.0
2022-09-30 11:00:00+08:00,30.649999618530273,30.649999618530273,30.600000381469727,30.649999618530273,8000,0.0,0.0
2022-09-30 12:00:00+08:00,30.649999618530273,30.649999618530273,30.649999618530273,30.649999618530273,3000,0.0,0.0
2022-09-30 13:00:00+08:00,30.850000381469727,30.899999618530273,30.649999618530273,30.649999618530273,4000,0.0,0.0
2022-10-03 09:00:00+08:00,31.450000762939453,31.450000762939453,30.600000381469727,30.600000381469727,0,0.0,0.0
2022-10-03 10:00:00+08:00,31.25,31.299999237060547,30.950000762939453,30.950000762939453,11000,0.0,0.0
2022-10-03 11:00:00+08:00,30.950000762939453,30.950000762939453,30.649999618530273,30.899999618530273,7000,0.0,0.0
2022-10-03 12:00:00+08:00,30.649999618530273,30.899999618530273,29.700000762939453,30.0,86000,0.0,0.0
2022-10-03 13:00:00+08:00,30.0,30.649999618530273,30.0,30.649999618530273,19000,0.0,0.0
2022-10-04 09:00:00+08:00,30.5,30.75,30.049999237060547,30.200000762939453,0,0.0,0.0
2022-10-04 10:00:00+08:00,30.200000762939453,30.700000762939453,30.0,30.700000762939453,20080,0.0,0.0
2022-10-04 11:00:00+08:00,30.399999618530273,30.600000381469727,30.350000381469727,30.600000381469727,5000,0.0,0.0
2022-10-04 12:00:00+08:00,30.25,30.25,30.200000762939453,30.25,4091,0.0,0.0
2022-10-04 13:00:00+08:00,30.299999237060547,30.350000381469727,30.0,30.0,14000,0.0,0.0
2022-10-05 09:00:00+08:00,30.549999237060547,30.549999237060547,30.5,30.5,0,0.0,0.0
2022-10-05 10:00:00+08:00,30.5,30.549999237060547,30.5,30.549999237060547,14030,0.0,0.0
2022-10-05 11:00:00+08:00,30.549999237060547,30.549999237060547,30.5,30.5,8000,0.0,0.0
2022-10-05 12:00:00+08:00,30.5,30.549999237060547,30.5,30.549999237060547,19200,0.0,0.0
2022-10-05 13:00:00+08:00,30.549999237060547,30.549999237060547,30.5,30.5,10000,0.0,0.0
2022-10-06 09:00:00+08:00,30.549999237060547,30.600000381469727,30.5,30.5,0,0.0,0.0
2022-10-06 10:00:00+08:00,30.5,30.600000381469727,30.5,30.600000381469727,8000,0.0,0.0
2022-10-06 11:00:00+08:00,30.899999618530273,31.100000381469727,30.899999618530273,30.950000762939453,13000,0.0,0.0
2022-10-06 12:00:00+08:00,30.899999618530273,30.899999618530273,30.049999237060547,30.200000762939453,163000,0.0,0.0
2022-10-06 13:00:00+08:00,30.200000762939453,30.549999237060547,30.149999618530273,30.5,43000,0.0,0.0
2022-10-07 09:00:00+08:00,30.5,30.700000762939453,30.450000762939453,30.549999237060547,44000,0.0,0.0
2022-10-07 10:00:00+08:00,30.549999237060547,30.600000381469727,30.350000381469727,30.350000381469727,18000,0.0,0.0
2022-10-07 11:00:00+08:00,30.350000381469727,30.350000381469727,30.200000762939453,30.200000762939453,10810,0.0,0.0
2022-10-07 12:00:00+08:00,30.25,30.5,30.25,30.5,13136,0.0,0.0
2022-10-07 13:00:00+08:00,30.399999618530273,30.399999618530273,30.299999237060547,30.299999237060547,3000,0.0,0.0
2022-10-11 09:00:00+08:00,30.5,30.5,29.950000762939453,29.950000762939453,0,0.0,0.0
2022-10-11 10:00:00+08:00,29.700000762939453,29.899999618530273,29.600000381469727,29.899999618530273,14000,0.0,0.0
2022-10-11 11:00:00+08:00,29.799999237060547,29.899999618530273,29.649999618530273,29.700000762939453,28100,0.0,0.0
2022-10-11 12:00:00+08:00,29.700000762939453,29.700000762939453,29.649999618530273,29.649999618530273,20000,0.0,0.0
2022-10-11 13:00:00+08:00,29.649999618530273,29.649999618530273,29.600000381469727,29.649999618530273,22000,0.0,0.0
2022-10-12 09:00:00+08:00,29.649999618530273,30.100000381469727,29.600000381469727,29.75,0,0.0,0.0
2022-10-12 10:00:00+08:00,29.75,30.049999237060547,29.75,29.75,11000,0.0,0.0
2022-10-12 11:00:00+08:00,29.799999237060547,29.850000381469727,29.799999237060547,29.850000381469727,3000,0.0,0.0
2022-10-12 12:00:00+08:00,29.850000381469727,29.850000381469727,29.799999237060547,29.799999237060547,3000,0.0,0.0
2022-10-12 13:00:00+08:00,30.049999237060547,30.049999237060547,30.0,30.0,19000,0.0,0.0
2022-10-13 09:00:00+08:00,29.899999618530273,30.049999237060547,29.899999618530273,30.049999237060547,0,0.0,0.0
2022-10-13 10:00:00+08:00,29.950000762939453,29.950000762939453,29.600000381469727,29.950000762939453,38000,0.0,0.0
2022-10-13 11:00:00+08:00,29.549999237060547,29.850000381469727,29.350000381469727,29.5,25000,0.0,0.0
2022-10-13 12:00:00+08:00,29.649999618530273,29.850000381469727,29.0,29.350000381469727,46199,0.0,0.0
2022-10-13 13:00:00+08:00,29.049999237060547,29.299999237060547,29.0,29.200000762939453,16000,0.0,0.0
2022-10-14 09:00:00+08:00,29.200000762939453,29.5,29.200000762939453,29.5,0,0.0,0.0
2022-10-14 10:00:00+08:00,29.700000762939453,29.700000762939453,29.299999237060547,29.450000762939453,5000,0.0,0.0
2022-10-14 11:00:00+08:00,29.450000762939453,29.450000762939453,29.299999237060547,29.299999237060547,16008,0.0,0.0
2022-10-14 12:00:00+08:00,29.25,29.399999618530273,29.25,29.25,30000,0.0,0.0
2022-10-14 13:00:00+08:00,29.25,29.25,29.149999618530273,29.200000762939453,59493,0.0,0.0
2022-10-17 09:00:00+08:00,28.850000381469727,28.850000381469727,28.799999237060547,28.850000381469727,0,0.0,0.0
2022-10-17 10:00:00+08:00,28.850000381469727,28.850000381469727,27.100000381469727,27.100000381469727,60375,0.0,0.0
2022-10-17 11:00:00+08:00,27.100000381469727,28.600000381469727,27.100000381469727,28.600000381469727,23005,0.0,0.0
2022-10-17 12:00:00+08:00,28.600000381469727,28.950000762939453,28.600000381469727,28.899999618530273,15333,0.0,0.0
2022-10-17 13:00:00+08:00,28.549999237060547,28.899999618530273,28.5,28.899999618530273,4094,0.0,0.0
2022-10-18 09:00:00+08:00,29.0,29.049999237060547,28.950000762939453,28.950000762939453,0,0.0,0.0
2022-10-18 10:00:00+08:00,29.149999618530273,29.149999618530273,29.149999618530273,29.149999618530273,1000,0.0,0.0
2022-10-18 11:00:00+08:00,29.0,29.0,29.0,29.0,1000,0.0,0.0
2022-10-18 12:00:00+08:00,29.0,29.0,29.0,29.0,4000,0.0,0.0
2022-10-18 13:00:00+08:00,29.0,29.0,28.75,29.0,6000,0.0,0.0
2022-10-19 09:00:00+08:00,29.0,29.0,28.799999237060547,28.799999237060547,0,0.0,0.0
2022-10-19 10:00:00+08:00,28.799999237060547,29.0,28.75,29.0,6000,0.0,0.0
2022-10-19 11:00:00+08:00,29.0,29.0,29.0,29.0,9000,0.0,0.0
2022-10-19 12:00:00+08:00,29.0,29.0,28.700000762939453,28.700000762939453,2000,0.0,0.0
2022-10-19 13:00:00+08:00,29.350000381469727,29.350000381469727,28.75,28.75,2000,0.0,0.0
2022-10-20 09:00:00+08:00,28.5,28.5,28.100000381469727,28.100000381469727,0,0.0,0.0
2022-10-20 10:00:00+08:00,28.149999618530273,28.149999618530273,28.0,28.0,15030,0.0,0.0
2022-10-20 11:00:00+08:00,28.0,28.149999618530273,28.0,28.0,19133,0.0,0.0
2022-10-20 12:00:00+08:00,28.0,28.0,27.549999237060547,27.700000762939453,23000,0.0,0.0
2022-10-20 13:00:00+08:00,28.0,28.299999237060547,28.0,28.299999237060547,16000,0.0,0.0
2022-10-21 09:00:00+08:00,28.299999237060547,28.299999237060547,27.5,28.299999237060547,0,0.0,0.0
2022-10-21 10:00:00+08:00,28.0,28.149999618530273,28.0,28.149999618530273,8000,0.0,0.0
2022-10-21 11:00:00+08:00,28.149999618530273,28.149999618530273,28.149999618530273,28.149999618530273,3000,0.0,0.0
2022-10-21 13:00:00+08:00,27.850000381469727,27.850000381469727,27.600000381469727,27.600000381469727,8000,0.0,0.0
2022-10-24 09:00:00+08:00,27.649999618530273,27.700000762939453,27.649999618530273,27.700000762939453,0,0.0,0.0
2022-10-24 10:00:00+08:00,27.700000762939453,27.700000762939453,27.649999618530273,27.649999618530273,7001,0.0,0.0
2022-10-24 11:00:00+08:00,27.600000381469727,27.700000762939453,27.299999237060547,27.299999237060547,34000,0.0,0.0
2022-10-24 12:00:00+08:00,27.299999237060547,27.549999237060547,27.200000762939453,27.549999237060547,12000,0.0,0.0
2022-10-24 13:00:00+08:00,27.350000381469727,27.350000381469727,27.350000381469727,27.350000381469727,2000,0.0,0.0
2022-10-25 09:00:00+08:00,27.450000762939453,27.5,26.850000381469727,26.850000381469727,0,0.0,0.0
2022-10-25 10:00:00+08:00,26.799999237060547,26.799999237060547,26.5,26.549999237060547,27091,0.0,0.0
2022-10-25 11:00:00+08:00,26.600000381469727,26.850000381469727,26.600000381469727,26.850000381469727,7228,0.0,0.0
2022-10-25 12:00:00+08:00,26.600000381469727,26.600000381469727,26.600000381469727,26.600000381469727,2000,0.0,0.0
2022-10-25 13:00:00+08:00,26.600000381469727,26.899999618530273,26.5,26.5,11048,0.0,0.0
2022-10-26 09:00:00+08:00,26.5,26.5,26.0,26.0,0,0.0,0.0
2022-10-26 10:00:00+08:00,26.0,26.299999237060547,26.0,26.100000381469727,12001,0.0,0.0
2022-10-26 11:00:00+08:00,26.100000381469727,26.350000381469727,26.100000381469727,26.350000381469727,6015,0.0,0.0
2022-10-26 12:00:00+08:00,26.350000381469727,26.350000381469727,26.299999237060547,26.350000381469727,9000,0.0,0.0
2022-10-26 13:00:00+08:00,26.149999618530273,26.299999237060547,26.100000381469727,26.299999237060547,9000,0.0,0.0
2022-10-27 09:00:00+08:00,26.200000762939453,26.200000762939453,25.850000381469727,26.100000381469727,0,0.0,0.0
2022-10-27 10:00:00+08:00,26.200000762939453,26.200000762939453,26.0,26.200000762939453,24000,0.0,0.0
2022-10-27 11:00:00+08:00,26.100000381469727,26.200000762939453,26.0,26.200000762939453,23001,0.0,0.0
2022-10-27 12:00:00+08:00,26.100000381469727,26.5,26.049999237060547,26.5,24000,0.0,0.0
2022-10-27 13:00:00+08:00,26.5,26.899999618530273,26.5,26.850000381469727,11000,0.0,0.0
2022-10-28 09:00:00+08:00,27.5,27.5,26.399999618530273,26.399999618530273,0,0.0,0.0
2022-10-28 10:00:00+08:00,26.5,26.5,26.049999237060547,26.049999237060547,10000,0.0,0.0
2022-10-28 11:00:00+08:00,26.049999237060547,26.200000762939453,26.0,26.049999237060547,8000,0.0,0.0
2022-10-28 12:00:00+08:00,26.0,26.549999237060547,26.0,26.299999237060547,9000,0.0,0.0
2022-10-28 13:00:00+08:00,26.25,26.549999237060547,26.049999237060547,26.049999237060547,12000,0.0,0.0
2022-10-31 09:00:00+08:00,26.149999618530273,26.549999237060547,25.25,26.5,0,0.0,0.0
2022-10-31 10:00:00+08:00,26.149999618530273,26.149999618530273,25.899999618530273,26.100000381469727,8000,0.0,0.0
2022-10-31 11:00:00+08:00,26.049999237060547,26.100000381469727,25.799999237060547,25.799999237060547,20000,0.0,0.0
2022-10-31 12:00:00+08:00,25.850000381469727,25.850000381469727,25.850000381469727,25.850000381469727,1000,0.0,0.0
2022-10-31 13:00:00+08:00,25.899999618530273,26.149999618530273,25.899999618530273,26.149999618530273,5128,0.0,0.0
2022-11-01 09:00:00+08:00,26.399999618530273,27.950000762939453,26.299999237060547,27.950000762939453,0,0.0,0.0
2022-11-01 10:00:00+08:00,28.0,28.200000762939453,27.399999618530273,27.399999618530273,25000,0.0,0.0
2022-11-01 11:00:00+08:00,27.299999237060547,27.450000762939453,27.299999237060547,27.299999237060547,9100,0.0,0.0
2022-11-01 12:00:00+08:00,27.399999618530273,27.75,27.399999618530273,27.75,7000,0.0,0.0
2022-11-01 13:00:00+08:00,27.799999237060547,27.950000762939453,27.600000381469727,27.600000381469727,11000,0.0,0.0
2022-11-02 09:00:00+08:00,27.75,28.549999237060547,27.75,28.5,0,0.0,0.0
2022-11-02 10:00:00+08:00,28.0,28.299999237060547,28.0,28.200000762939453,17000,0.0,0.0
2022-11-02 11:00:00+08:00,28.200000762939453,28.200000762939453,28.100000381469727,28.149999618530273,6000,0.0,0.0
2022-11-02 12:00:00+08:00,28.100000381469727,28.100000381469727,28.0,28.0,15000,0.0,0.0
2022-11-02 13:00:00+08:00,27.899999618530273,28.0,27.700000762939453,28.0,18000,0.0,0.0
2022-11-03 09:00:00+08:00,27.649999618530273,28.100000381469727,27.200000762939453,27.200000762939453,0,0.0,0.0
2022-11-03 10:00:00+08:00,27.200000762939453,27.5,27.200000762939453,27.299999237060547,12000,0.0,0.0
2022-11-03 11:00:00+08:00,27.299999237060547,27.299999237060547,27.299999237060547,27.299999237060547,3000,0.0,0.0
2022-11-03 12:00:00+08:00,27.75,27.75,27.600000381469727,27.600000381469727,3000,0.0,0.0
2022-11-03 13:00:00+08:00,27.600000381469727,27.75,27.600000381469727,27.75,12000,0.0,0.0
2022-11-04 09:00:00+08:00,27.600000381469727,29.200000762939453,27.600000381469727,28.600000381469727,0,0.0,0.0
2022-11-04 10:00:00+08:00,28.600000381469727,29.75,28.600000381469727,29.5,59000,0.0,0.0
2022-11-04 11:00:00+08:00,29.0,29.0,28.799999237060547,28.799999237060547,0,0.0,0.0
2022-11-04 12:00:00+08:00,29.0,29.950000762939453,29.0,29.5,158002,0.0,0.0
2022-11-04 13:00:00+08:00,29.399999618530273,29.450000762939453,29.0,29.450000762939453,27121,0.0,0.0
2022-11-07 09:00:00+08:00,29.350000381469727,29.700000762939453,28.0,29.549999237060547,0,0.0,0.0
2022-11-07 10:00:00+08:00,29.049999237060547,29.450000762939453,29.0,29.0,8000,0.0,0.0
2022-11-07 11:00:00+08:00,29.049999237060547,29.399999618530273,29.049999237060547,29.399999618530273,10000,0.0,0.0
2022-11-07 12:00:00+08:00,29.399999618530273,29.399999618530273,29.200000762939453,29.200000762939453,13000,0.0,0.0
2022-11-07 13:00:00+08:00,29.299999237060547,29.5,29.299999237060547,29.5,9000,0.0,0.0
2022-11-08 09:00:00+08:00,29.5,29.600000381469727,29.5,29.600000381469727,0,0.0,0.0
2022-11-08 10:00:00+08:00,29.700000762939453,29.700000762939453,29.549999237060547,29.549999237060547,2000,0.0,0.0
2022-11-08 12:00:00+08:00,29.549999237060547,29.549999237060547,29.100000381469727,29.100000381469727,10000,0.0,0.0
2022-11-08 13:00:00+08:00,29.0,29.049999237060547,29.0,29.0,12000,0.0,0.0
2022-11-09 09:00:00+08:00,29.700000762939453,30.0,29.399999618530273,29.399999618530273,0,0.0,0.0
2022-11-09 10:00:00+08:00,29.399999618530273,29.399999618530273,29.25,29.25,3000,0.0,0.0
2022-11-09 11:00:00+08:00,29.049999237060547,29.100000381469727,29.049999237060547,29.100000381469727,8000,0.0,0.0
2022-11-09 12:00:00+08:00,29.200000762939453,29.200000762939453,29.149999618530273,29.200000762939453,6000,0.0,0.0
2022-11-09 13:00:00+08:00,29.200000762939453,29.200000762939453,29.200000762939453,29.200000762939453,1000,0.0,0.0
2022-11-10 09:00:00+08:00,29.049999237060547,29.049999237060547,29.049999237060547,29.049999237060547,0,0.0,0.0
2022-11-10 10:00:00+08:00,29.049999237060547,29.049999237060547,28.799999237060547,28.799999237060547,9000,0.0,0.0
2022-11-10 11:00:00+08:00,29.0,29.0,28.5,28.5,9000,0.0,0.0
2022-11-10 12:00:00+08:00,28.5,29.399999618530273,28.450000762939453,29.350000381469727,8000,0.0,0.0
2022-11-10 13:00:00+08:00,29.0,29.0,28.600000381469727,28.600000381469727,4000,0.0,0.0
2022-11-11 09:00:00+08:00,29.5,29.5,29.0,29.0,0,0.0,0.0
2022-11-11 10:00:00+08:00,29.049999237060547,29.049999237060547,28.799999237060547,29.049999237060547,11000,0.0,0.0
2022-11-11 11:00:00+08:00,29.049999237060547,29.100000381469727,28.799999237060547,28.899999618530273,29000,0.0,0.0
2022-11-11 12:00:00+08:00,28.950000762939453,29.0,28.950000762939453,29.0,13100,0.0,0.0
2022-11-11 13:00:00+08:00,28.950000762939453,29.0,28.950000762939453,29.0,2000,0.0,0.0
2022-11-14 09:00:00+08:00,28.5,29.149999618530273,28.5,29.049999237060547,0,0.0,0.0
2022-11-14 10:00:00+08:00,29.049999237060547,29.049999237060547,29.0,29.0,22000,0.0,0.0
2022-11-14 12:00:00+08:00,29.0,29.0,28.899999618530273,28.899999618530273,8520,0.0,0.0
2022-11-14 13:00:00+08:00,28.799999237060547,28.950000762939453,28.75,28.950000762939453,3000,0.0,0.0
2022-11-15 09:00:00+08:00,29.0,29.0,29.0,29.0,0,0.0,0.0
2022-11-15 10:00:00+08:00,29.0,29.0,29.0,29.0,11000,0.0,0.0
2022-11-15 11:00:00+08:00,28.799999237060547,28.950000762939453,28.649999618530273,28.950000762939453,25000,0.0,0.0
2022-11-15 12:00:00+08:00,28.649999618530273,28.899999618530273,28.549999237060547,28.799999237060547,23000,0.0,0.0
2022-11-15 13:00:00+08:00,28.600000381469727,28.600000381469727,28.600000381469727,28.600000381469727,2000,0.0,0.0
2022-11-16 09:00:00+08:00,28.799999237060547,28.799999237060547,28.700000762939453,28.700000762939453,0,0.0,0.0
2022-11-16 10:00:00+08:00,28.700000762939453,28.75,28.5,28.5,25000,0.0,0.0
2022-11-16 11:00:00+08:00,28.799999237060547,28.799999237060547,28.700000762939453,28.75,5000,0.0,0.0
2022-11-16 12:00:00+08:00,28.75,28.799999237060547,28.75,28.799999237060547,5000,0.0,0.0
2022-11-16 13:00:00+08:00,28.799999237060547,28.850000381469727,28.799999237060547,28.850000381469727,12000,0.0,0.0
2022-11-17 09:00:00+08:00,28.950000762939453,29.399999618530273,28.950000762939453,29.399999618530273,0,0.0,0.0
2022-11-17 10:00:00+08:00,29.399999618530273,29.600000381469727,29.149999618530273,29.149999618530273,32000,0.0,0.0
2022-11-17 11:00:00+08:00,29.299999237060547,29.350000381469727,29.299999237060547,29.299999237060547,9000,0.0,0.0
2022-11-17 12:00:00+08:00,29.200000762939453,29.200000762939453,29.149999618530273,29.149999618530273,6000,0.0,0.0
2022-11-17 13:00:00+08:00,29.25,29.25,29.149999618530273,29.149999618530273,9000,0.0,0.0
2022-11-18 09:00:00+08:00,29.299999237060547,29.399999618530273,29.200000762939453,29.399999618530273,0,0.0,0.0
2022-11-18 10:00:00+08:00,29.149999618530273,29.149999618530273,28.5,28.899999618530273,20000,0.0,0.0
2022-11-18 11:00:00+08:00,29.200000762939453,29.200000762939453,29.0,29.0,8000,0.0,0.0
2022-11-18 12:00:00+08:00,29.0,29.350000381469727,28.799999237060547,29.350000381469727,22000,0.0,0.0
2022-11-18 13:00:00+08:00,29.100000381469727,29.100000381469727,29.100000381469727,29.100000381469727,3012,0.0,0.0
2022-11-21 09:00:00+08:00,28.950000762939453,29.899999618530273,28.899999618530273,28.899999618530273,0,0.0,0.0
2022-11-21 10:00:00+08:00,29.200000762939453,30.25,29.200000762939453,30.0,45000,0.0,0.0
2022-11-21 11:00:00+08:00,30.200000762939453,30.200000762939453,29.75,29.799999237060547,14050,0.0,0.0
2022-11-21 12:00:00+08:00,29.850000381469727,29.850000381469727,29.75,29.75,7000,0.0,0.0
2022-11-21 13:00:00+08:00,29.75,29.950000762939453,29.700000762939453,29.899999618530273,23006,0.0,0.0
2022-11-22 09:00:00+08:00,29.899999618530273,31.200000762939453,29.899999618530273,30.399999618530273,0,0.0,0.0
2022-11-22 10:00:00+08:00,30.399999618530273,30.399999618530273,30.0,30.049999237060547,34013,0.0,0.0
2022-11-22 11:00:00+08:00,30.100000381469727,30.399999618530273,30.100000381469727,30.399999618530273,5000,0.0,0.0
2022-11-22 12:00:00+08:00,30.450000762939453,30.75,30.399999618530273,30.399999618530273,27000,0.0,0.0
2022-11-22 13:00:00+08:00,30.25,30.25,30.200000762939453,30.200000762939453,4000,0.0,0.0
2022-11-23 09:00:00+08:00,30.350000381469727,30.5,30.200000762939453,30.5,0,0.0,0.0
2022-11-23 10:00:00+08:00,30.350000381469727,30.350000381469727,30.200000762939453,30.350000381469727,12000,0.0,0.0
2022-11-23 11:00:00+08:00,30.399999618530273,30.399999618530273,30.399999618530273,30.399999618530273,1000,0.0,0.0
2022-11-23 12:00:00+08:00,30.25,30.350000381469727,30.25,30.350000381469727,8000,0.0,0.0
2022-11-23 13:00:00+08:00,30.350000381469727,30.350000381469727,30.100000381469727,30.100000381469727,15160,0.0,0.0
2022-11-24 09:00:00+08:00,30.200000762939453,30.25,30.0,30.0,0,0.0,0.0
2022-11-24 10:00:00+08:00,30.0,30.0,29.950000762939453,30.0,10000,0.0,0.0
2022-11-24 11:00:00+08:00,30.049999237060547,30.049999237060547,29.950000762939453,30.049999237060547,7000,0.0,0.0
2022-11-24 12:00:00+08:00,29.950000762939453,30.0,29.950000762939453,29.950000762939453,11008,0.0,0.0
2022-11-24 13:00:00+08:00,29.950000762939453,29.950000762939453,29.950000762939453,29.950000762939453,3001,0.0,0.0
2022-11-25 09:00:00+08:00,30.0,30.0,30.0,30.0,0,0.0,0.0
2022-11-25 10:00:00+08:00,29.950000762939453,29.950000762939453,29.649999618530273,29.649999618530273,8000,0.0,0.0
2022-11-25 11:00:00+08:00,29.649999618530273,29.700000762939453,29.600000381469727,29.700000762939453,11000,0.0,0.0
2022-11-25 12:00:00+08:00,29.700000762939453,29.700000762939453,29.5,29.549999237060547,14000,0.0,0.0
2022-11-25 13:00:00+08:00,29.600000381469727,29.600000381469727,29.549999237060547,29.549999237060547,16001,0.0,0.0
2022-11-28 09:00:00+08:00,29.350000381469727,29.399999618530273,29.350000381469727,29.399999618530273,0,0.0,0.0
2022-11-28 10:00:00+08:00,29.549999237060547,29.549999237060547,29.549999237060547,29.549999237060547,1000,0.0,0.0
2022-11-28 11:00:00+08:00,29.549999237060547,29.600000381469727,29.549999237060547,29.600000381469727,6000,0.0,0.0
2022-11-28 12:00:00+08:00,29.600000381469727,29.799999237060547,29.600000381469727,29.799999237060547,3050,0.0,0.0
2022-11-28 13:00:00+08:00,29.950000762939453,29.950000762939453,29.950000762939453,29.950000762939453,2000,0.0,0.0
2022-11-29 09:00:00+08:00,29.700000762939453,29.700000762939453,29.700000762939453,29.700000762939453,0,0.0,0.0
2022-11-29 10:00:00+08:00,29.899999618530273,29.899999618530273,29.799999237060547,29.799999237060547,7000,0.0,0.0
2022-11-29 11:00:00+08:00,29.799999237060547,30.100000381469727,29.700000762939453,30.100000381469727,18000,0.0,0.0
2022-11-29 12:00:00+08:00,30.100000381469727,30.100000381469727,30.0,30.0,6000,0.0,0.0
2022-11-29 13:00:00+08:00,30.0,30.100000381469727,30.0,30.100000381469727,5000,0.0,0.0
2022-11-30 09:00:00+08:00,30.299999237060547,30.299999237060547,30.100000381469727,30.100000381469727,0,0.0,0.0
2022-11-30 10:00:00+08:00,30.100000381469727,30.549999237060547,30.049999237060547,30.5,17000,0.0,0.0
2022-11-30 11:00:00+08:00,30.600000381469727,30.850000381469727,30.600000381469727,30.75,14200,0.0,0.0
2022-11-30 12:00:00+08:00,30.75,31.5,30.75,31.200000762939453,41135,0.0,0.0
2022-11-30 13:00:00+08:00,31.350000381469727,31.350000381469727,31.25,31.25,12000,0.0,0.0
2022-12-01 09:00:00+08:00,31.799999237060547,31.899999618530273,31.350000381469727,31.75,0,0.0,0.0
2022-12-01 10:00:00+08:00,31.700000762939453,31.75,31.649999618530273,31.649999618530273,14000,0.0,0.0
2022-12-01 11:00:00+08:00,31.75,31.75,31.299999237060547,31.399999618530273,24000,0.0,0.0
2022-12-01 12:00:00+08:00,31.350000381469727,31.5,31.299999237060547,31.399999618530273,16000,0.0,0.0
2022-12-01 13:00:00+08:00,31.350000381469727,31.399999618530273,31.350000381469727,31.399999618530273,3000,0.0,0.0
2022-12-02 09:00:00+08:00,31.399999618530273,31.399999618530273,31.350000381469727,31.399999618530273,0,0.0,0.0
2022-12-02 10:00:00+08:00,31.450000762939453,31.450000762939453,31.399999618530273,31.450000762939453,14000,0.0,0.0
2022-12-02 11:00:00+08:00,31.350000381469727,31.549999237060547,31.350000381469727,31.549999237060547,12000,0.0,0.0
2022-12-02 12:00:00+08:00,31.649999618530273,31.950000762939453,31.649999618530273,31.950000762939453,20100,0.0,0.0
2022-12-02 13:00:00+08:00,31.899999618530273,31.899999618530273,31.649999618530273,31.649999618530273,6000,0.0,0.0
2022-12-05 09:00:00+08:00,31.75,32.5,31.75,32.29999923706055,0,0.0,0.0
2022-12-05 10:00:00+08:00,32.20000076293945,32.20000076293945,32.04999923706055,32.04999923706055,8062,0.0,0.0
2022-12-05 11:00:00+08:00,32.04999923706055,32.5,31.950000762939453,32.45000076293945,18000,0.0,0.0
2022-12-05 12:00:00+08:00,32.29999923706055,32.5,32.25,32.400001525878906,29001,0.0,0.0
2022-12-05 13:00:00+08:00,32.400001525878906,32.599998474121094,32.400001525878906,32.5,21000,0.0,0.0
2022-12-06 09:00:00+08:00,32.400001525878906,32.400001525878906,31.950000762939453,32.20000076293945,0,0.0,0.0
2022-12-06 10:00:00+08:00,32.20000076293945,32.20000076293945,32.0,32.0,17000,0.0,0.0
2022-12-06 11:00:00+08:00,32.099998474121094,32.099998474121094,32.0,32.099998474121094,15000,0.0,0.0
2022-12-06 12:00:00+08:00,31.950000762939453,32.20000076293945,31.899999618530273,32.20000076293945,16000,0.0,0.0
2022-12-06 13:00:00+08:00,32.099998474121094,32.099998474121094,32.0,32.0,9000,0.0,0.0
2022-12-07 09:00:00+08:00,32.04999923706055,32.400001525878906,32.04999923706055,32.099998474121094,0,0.0,0.0
2022-12-07 10:00:00+08:00,32.150001525878906,32.150001525878906,31.5,31.5,19200,0.0,0.0
2022-12-07 11:00:00+08:00,31.600000381469727,31.850000381469727,31.600000381469727,31.850000381469727,4000,0.0,0.0
2022-12-07 12:00:00+08:00,31.799999237060547,31.850000381469727,31.5,31.649999618530273,17000,0.0,0.0
2022-12-07 13:00:00+08:00,31.850000381469727,31.850000381469727,31.700000762939453,31.700000762939453,2000,0.0,0.0
2022-12-08 09:00:00+08:00,31.5,31.5,31.399999618530273,31.399999618530273,0,0.0,0.0
2022-12-08 10:00:00+08:00,31.649999618530273,31.75,31.649999618530273,31.649999618530273,7000,0.0,0.0
2022-12-08 12:00:00+08:00,31.75,32.400001525878906,31.75,32.150001525878906,38020,0.0,0.0
2022-12-08 13:00:00+08:00,32.150001525878906,32.150001525878906,32.150001525878906,32.150001525878906,3000,0.0,0.0
2022-12-09 09:00:00+08:00,32.29999923706055,32.29999923706055,32.150001525878906,32.150001525878906,0,0.0,0.0
2022-12-09 10:00:00+08:00,32.20000076293945,32.20000076293945,32.150001525878906,32.150001525878906,5000,0.0,0.0
2022-12-09 11:00:00+08:00,32.20000076293945,32.20000076293945,32.20000076293945,32.20000076293945,7160,0.0,0.0
2022-12-09 12:00:00+08:00,32.29999923706055,32.400001525878906,32.20000076293945,32.400001525878906,25000,0.0,0.0
2022-12-09 13:00:00+08:00,32.400001525878906,32.45000076293945,32.400001525878906,32.45000076293945,5000,0.0,0.0
2022-12-12 09:00:00+08:00,32.400001525878906,32.400001525878906,31.399999618530273,31.399999618530273,0,0.0,0.0
2022-12-12 10:00:00+08:00,31.299999237060547,31.5,30.700000762939453,31.5,19020,0.0,0.0
2022-12-12 11:00:00+08:00,31.299999237060547,31.299999237060547,31.100000381469727,31.100000381469727,14000,0.0,0.0
2022-12-12 12:00:00+08:00,31.5,31.5,31.299999237060547,31.299999237060547,7005,0.0,0.0
2022-12-12 13:00:00+08:00,31.299999237060547,31.350000381469727,31.299999237060547,31.350000381469727,2000,0.0,0.0
2022-12-13 09:00:00+08:00,31.0,31.0,30.850000381469727,30.850000381469727,0,0.0,0.0
2022-12-13 10:00:00+08:00,31.799999237060547,31.799999237060547,31.450000762939453,31.450000762939453,5000,0.0,0.0
2022-12-13 11:00:00+08:00,31.399999618530273,32.0,31.399999618530273,32.0,25000,0.0,0.0
2022-12-13 12:00:00+08:00,31.899999618530273,31.950000762939453,31.899999618530273,31.950000762939453,13000,0.0,0.0
2022-12-13 13:00:00+08:00,31.899999618530273,31.950000762939453,31.649999618530273,31.649999618530273,16000,0.0,0.0
2022-12-14 09:00:00+08:00,31.450000762939453,31.450000762939453,31.200000762939453,31.200000762939453,0,0.0,0.0
2022-12-14 10:00:00+08:00,31.299999237060547,31.899999618530273,31.299999237060547,31.899999618530273,10000,0.0,0.0
2022-12-14 11:00:00+08:00,31.799999237060547,31.799999237060547,31.600000381469727,31.600000381469727,8016,0.0,0.0
2022-12-14 12:00:00+08:00,31.649999618530273,31.649999618530273,31.549999237060547,31.549999237060547,7000,0.0,0.0
2022-12-14 13:00:00+08:00,31.549999237060547,31.549999237060547,31.299999237060547,31.5,18000,0.0,0.0
2022-12-15 09:00:00+08:00,31.25,31.25,31.200000762939453,31.200000762939453,0,0.0,0.0
2022-12-15 10:00:00+08:00,31.200000762939453,31.200000762939453,31.049999237060547,31.100000381469727,22000,0.0,0.0
2022-12-15 11:00:00+08:00,31.200000762939453,31.200000762939453,31.200000762939453,31.200000762939453,1000,0.0,0.0
2022-12-15 12:00:00+08:00,31.200000762939453,31.200000762939453,31.100000381469727,31.100000381469727,16000,0.0,0.0
2022-12-15 13:00:00+08:00,31.149999618530273,31.149999618530273,31.149999618530273,31.149999618530273,6000,0.0,0.0
2022-12-16 09:00:00+08:00,31.700000762939453,31.799999237060547,31.700000762939453,31.75,0,0.0,0.0
2022-12-16 10:00:00+08:00,31.700000762939453,31.75,31.700000762939453,31.700000762939453,7000,0.0,0.0
2022-12-16 11:00:00+08:00,31.5,31.5,31.450000762939453,31.450000762939453,3000,0.0,0.0
2022-12-16 12:00:00+08:00,31.450000762939453,31.450000762939453,31.450000762939453,31.450000762939453,1000,0.0,0.0
2022-12-16 13:00:00+08:00,31.399999618530273,31.399999618530273,31.299999237060547,31.299999237060547,2000,0.0,0.0
2022-12-19 09:00:00+08:00,31.299999237060547,31.350000381469727,31.299999237060547,31.299999237060547,0,0.0,0.0
2022-12-19 10:00:00+08:00,31.25,31.25,31.200000762939453,31.25,5000,0.0,0.0
2022-12-19 11:00:00+08:00,31.299999237060547,31.299999237060547,31.299999237060547,31.299999237060547,5000,0.0,0.0
2022-12-19 12:00:00+08:00,31.299999237060547,31.299999237060547,31.200000762939453,31.200000762939453,14020,0.0,0.0
2022-12-19 13:00:00+08:00,31.200000762939453,31.25,31.149999618530273,31.25,7000,0.0,0.0
2022-12-20 09:00:00+08:00,31.350000381469727,31.350000381469727,31.100000381469727,31.299999237060547,0,0.0,0.0
2022-12-20 10:00:00+08:00,31.299999237060547,31.299999237060547,31.200000762939453,31.299999237060547,7000,0.0,0.0
2022-12-20 11:00:00+08:00,31.149999618530273,31.149999618530273,30.200000762939453,30.200000762939453,23000,0.0,0.0
2022-12-20 12:00:00+08:00,30.299999237060547,30.450000762939453,30.25,30.350000381469727,4000,0.0,0.0
2022-12-20 13:00:00+08:00,30.399999618530273,30.399999618530273,30.399999618530273,30.399999618530273,4000,0.0,0.0
2022-12-21 09:00:00+08:00,30.399999618530273,30.399999618530273,30.399999618530273,30.399999618530273,0,0.0,0.0
2022-12-21 10:00:00+08:00,29.850000381469727,30.0,29.799999237060547,30.0,3000,0.0,0.0
2022-12-21 11:00:00+08:00,30.399999618530273,30.399999618530273,30.399999618530273,30.399999618530273,12000,0.0,0.0
2022-12-21 12:00:00+08:00,30.5,30.5,30.399999618530273,30.5,5000,0.0,0.0
2022-12-21 13:00:00+08:00,30.399999618530273,30.399999618530273,30.399999618530273,30.399999618530273,2000,0.0,0.0
2022-12-22 10:00:00+08:00,30.100000381469727,30.149999618530273,30.100000381469727,30.149999618530273,5000,0.0,0.0
2022-12-22 11:00:00+08:00,30.149999618530273,30.75,30.149999618530273,30.75,27005,0.0,0.0
2022-12-22 13:00:00+08:00,30.75,31.0,30.75,31.0,3000,0.0,0.0
2022-12-23 09:00:00+08:00,31.299999237060547,31.450000762939453,31.299999237060547,31.399999618530273,0,0.0,0.0
2022-12-23 10:00:00+08:00,31.450000762939453,31.450000762939453,31.450000762939453,31.450000762939453,4032,0.0,0.0
2022-12-23 11:00:00+08:00,31.200000762939453,31.200000762939453,31.200000762939453,31.200000762939453,1000,0.0,0.0
2022-12-23 12:00:00+08:00,31.399999618530273,31.5,31.149999618530273,31.200000762939453,15000,0.0,0.0
2022-12-23 13:00:00+08:00,31.200000762939453,31.200000762939453,31.049999237060547,31.100000381469727,11000,0.0,0.0
2022-12-26 09:00:00+08:00,31.549999237060547,32.79999923706055,31.549999237060547,32.599998474121094,0,0.0,0.0
2022-12-26 10:00:00+08:00,31.850000381469727,31.850000381469727,31.649999618530273,31.649999618530273,12000,0.0,0.0
2022-12-26 11:00:00+08:00,31.799999237060547,32.0,31.799999237060547,32.0,11000,0.0,0.0
2022-12-26 12:00:00+08:00,31.799999237060547,31.799999237060547,31.799999237060547,31.799999237060547,3000,0.0,0.0
2022-12-26 13:00:00+08:00,31.799999237060547,31.799999237060547,31.75,31.75,4000,0.0,0.0
2022-12-27 09:00:00+08:00,31.899999618530273,32.650001525878906,31.899999618530273,32.650001525878906,65950,0.0,0.0
2022-12-27 10:00:00+08:00,32.5,32.75,32.5,32.75,44006,0.0,0.0
2022-12-27 11:00:00+08:00,32.75,33.5,32.70000076293945,33.099998474121094,61010,0.0,0.0
2022-12-27 12:00:00+08:00,33.099998474121094,34.0,33.099998474121094,33.150001525878906,39083,0.0,0.0
2022-12-27 13:00:00+08:00,33.099998474121094,33.099998474121094,32.79999923706055,32.95000076293945,21000,0.0,0.0
2022-12-28 09:00:00+08:00,32.900001525878906,34.20000076293945,32.849998474121094,33.599998474121094,0,0.0,0.0
2022-12-28 10:00:00+08:00,33.5,33.5,33.0,33.0,49000,0.0,0.0
2022-12-28 11:00:00+08:00,33.0,33.0,32.29999923706055,32.29999923706055,13015,0.0,0.0
2022-12-28 12:00:00+08:00,32.29999923706055,32.75,32.29999923706055,32.75,5000,0.0,0.0
2022-12-28 13:00:00+08:00,32.400001525878906,32.54999923706055,32.0,32.54999923706055,26000,0.0,0.0
2022-12-29 09:00:00+08:00,32.29999923706055,32.29999923706055,32.0,32.0,0,0.0,0.0
2022-12-29 10:00:00+08:00,32.349998474121094,32.849998474121094,32.349998474121094,32.599998474121094,10000,0.0,0.0
2022-12-29 11:00:00+08:00,32.25,32.25,31.799999237060547,31.799999237060547,13000,0.0,0.0
2022-12-29 12:00:00+08:00,31.899999618530273,31.899999618530273,31.899999618530273,31.899999618530273,1000,0.0,0.0
2022-12-29 13:00:00+08:00,32.0,32.0,31.850000381469727,31.899999618530273,7000,0.0,0.0
2022-12-30 09:00:00+08:00,31.850000381469727,31.899999618530273,31.799999237060547,31.850000381469727,0,0.0,0.0
2022-12-30 10:00:00+08:00,31.700000762939453,31.75,31.649999618530273,31.75,6000,0.0,0.0
2022-12-30 11:00:00+08:00,31.600000381469727,31.600000381469727,31.549999237060547,31.549999237060547,2036,0.0,0.0
2022-12-30 12:00:00+08:00,31.649999618530273,31.649999618530273,31.5,31.549999237060547,18050,0.0,0.0
2022-12-30 13:00:00+08:00,31.450000762939453,31.450000762939453,31.100000381469727,31.200000762939453,15000,0.0,0.0
2023-01-03 09:00:00+08:00,31.200000762939453,31.200000762939453,30.149999618530273,30.149999618530273,0,0.0,0.0
2023-01-03 10:00:00+08:00,30.600000381469727,30.799999237060547,30.600000381469727,30.799999237060547,3000,0.0,0.0
2023-01-03 11:00:00+08:00,30.950000762939453,31.0,30.600000381469727,31.0,6000,0.0,0.0
2023-01-03 13:00:00+08:00,31.0,31.0,31.0,31.0,1000,0.0,0.0
2023-01-04 09:00:00+08:00,31.0,31.0,31.0,31.0,0,0.0,0.0
2023-01-04 10:00:00+08:00,30.700000762939453,30.700000762939453,30.700000762939453,30.700000762939453,2000,0.0,0.0
2023-01-04 11:00:00+08:00,30.700000762939453,31.299999237060547,30.700000762939453,31.299999237060547,15000,0.0,0.0
2023-01-04 12:00:00+08:00,31.149999618530273,31.5,31.149999618530273,31.299999237060547,0,0.0,0.0
2023-01-04 13:00:00+08:00,31.549999237060547,31.600000381469727,31.549999237060547,31.600000381469727,35000,0.0,0.0
2023-01-05 09:00:00+08:00,31.600000381469727,31.600000381469727,31.600000381469727,31.600000381469727,0,0.0,0.0
2023-01-05 10:00:00+08:00,31.600000381469727,31.600000381469727,31.149999618530273,31.600000381469727,7001,0.0,0.0
2023-01-05 11:00:00+08:00,31.600000381469727,31.600000381469727,31.600000381469727,31.600000381469727,0,0.0,0.0
2023-01-05 12:00:00+08:00,31.600000381469727,31.600000381469727,31.600000381469727,31.600000381469727,18160,0.0,0.0
2023-01-05 13:00:00+08:00,31.600000381469727,31.700000762939453,31.600000381469727,31.700000762939453,4000,0.0,0.0
2023-01-06 09:00:00+08:00,31.799999237060547,31.799999237060547,31.0,31.75,0,0.0,0.0
2023-01-06 10:00:00+08:00,31.75,31.75,31.75,31.75,1000,0.0,0.0
2023-01-06 11:00:00+08:00,31.700000762939453,31.850000381469727,31.649999618530273,31.850000381469727,8000,0.0,0.0
2023-01-06 12:00:00+08:00,31.850000381469727,31.850000381469727,31.850000381469727,31.850000381469727,2000,0.0,0.0
2023-01-06 13:00:00+08:00,31.799999237060547,31.950000762939453,31.75,31.950000762939453,7000,0.0,0.0
2023-01-09 09:00:00+08:00,32.0,32.099998474121094,31.899999618530273,31.899999618530273,0,0.0,0.0
2023-01-09 10:00:00+08:00,31.899999618530273,31.899999618530273,31.899999618530273,31.899999618530273,1000,0.0,0.0
2023-01-09 11:00:00+08:00,31.899999618530273,31.899999618530273,31.799999237060547,31.799999237060547,14000,0.0,0.0
2023-01-09 12:00:00+08:00,31.850000381469727,31.850000381469727,31.850000381469727,31.850000381469727,3000,0.0,0.0
2023-01-09 13:00:00+08:00,31.899999618530273,31.899999618530273,31.850000381469727,31.850000381469727,3000,0.0,0.0
2023-01-10 09:00:00+08:00,31.899999618530273,32.400001525878906,31.899999618530273,32.400001525878906,2965,0.0,0.0
2023-01-10 10:00:00+08:00,32.099998474121094,32.099998474121094,32.099998474121094,32.099998474121094,6000,0.0,0.0
2023-01-10 11:00:00+08:00,32.099998474121094,32.45000076293945,32.099998474121094,32.45000076293945,18000,0.0,0.0
2023-01-10 12:00:00+08:00,32.400001525878906,32.45000076293945,32.400001525878906,32.45000076293945,25000,0.0,0.0
2023-01-10 13:00:00+08:00,32.45000076293945,32.45000076293945,32.20000076293945,32.20000076293945,4000,0.0,0.0
2023-01-11 09:00:00+08:00,32.0,32.0,32.0,32.0,0,0.0,0.0
2023-01-11 10:00:00+08:00,31.950000762939453,31.950000762939453,31.899999618530273,31.899999618530273,0,0.0,0.0
2023-01-11 11:00:00+08:00,31.899999618530273,32.0,31.899999618530273,32.0,17000,0.0,0.0
2023-01-11 12:00:00+08:00,32.0,32.0,32.0,32.0,13000,0.0,0.0
2023-01-11 13:00:00+08:00,32.0,32.150001525878906,32.0,32.150001525878906,12000,0.0,0.0
2023-01-12 10:00:00+08:00,32.20000076293945,32.20000076293945,32.20000076293945,32.20000076293945,0,0.0,0.0
2023-01-12 11:00:00+08:00,32.099998474121094,32.20000076293945,32.099998474121094,32.20000076293945,6000,0.0,0.0
2023-01-12 12:00:00+08:00,32.20000076293945,32.20000076293945,32.20000076293945,32.20000076293945,10000,0.0,0.0
2023-01-12 13:00:00+08:00,32.150001525878906,32.20000076293945,32.150001525878906,32.20000076293945,3000,0.0,0.0
2023-01-13 09:00:00+08:00,32.0,32.0,32.0,32.0,14000,0.0,0.0
2023-01-13 10:00:00+08:00,32.150001525878906,32.150001525878906,32.150001525878906,32.150001525878906,1000,0.0,0.0
2023-01-13 12:00:00+08:00,32.099998474121094,32.099998474121094,32.099998474121094,32.099998474121094,12000,0.0,0.0
2023-01-13 13:00:00+08:00,32.29999923706055,32.349998474121094,32.150001525878906,32.150001525878906,7000,0.0,0.0
2023-01-16 09:00:00+08:00,32.0,32.0,31.399999618530273,31.450000762939453,0,0.0,0.0
2023-01-16 10:00:00+08:00,31.799999237060547,31.799999237060547,31.799999237060547,31.799999237060547,7000,0.0,0.0
2023-01-16 11:00:00+08:00,31.799999237060547,32.0,31.799999237060547,32.0,5000,0.0,0.0
2023-01-16 12:00:00+08:00,32.20000076293945,32.20000076293945,32.20000076293945,32.20000076293945,1000,0.0,0.0
2023-01-17 09:00:00+08:00,32.04999923706055,32.04999923706055,31.950000762939453,31.950000762939453,0,0.0,0.0
2023-01-17 10:00:00+08:00,32.20000076293945,32.20000076293945,32.0,32.0,4000,0.0,0.0
2023-01-17 11:00:00+08:00,32.0,32.20000076293945,32.0,32.20000076293945,9000,0.0,0.0
2023-01-17 12:00:00+08:00,32.20000076293945,32.20000076293945,31.950000762939453,31.950000762939453,12000,0.0,0.0
2023-01-17 13:00:00+08:00,32.0,32.20000076293945,31.950000762939453,32.150001525878906,9000,0.0,0.0
2023-01-30 09:00:00+08:00,32.45000076293945,32.95000076293945,32.400001525878906,32.95000076293945,0,0.0,0.0
2023-01-30 10:00:00+08:00,32.95000076293945,33.099998474121094,32.95000076293945,32.95000076293945,55000,0.0,0.0
2023-01-30 11:00:00+08:00,33.099998474121094,33.599998474121094,33.099998474121094,33.150001525878906,23000,0.0,0.0
2023-01-30 12:00:00+08:00,33.099998474121094,33.20000076293945,32.29999923706055,33.20000076293945,19000,0.0,0.0
2023-01-30 13:00:00+08:00,32.650001525878906,32.650001525878906,32.650001525878906,32.650001525878906,1000,0.0,0.0
2023-01-31 09:00:00+08:00,32.29999923706055,33.29999923706055,32.29999923706055,33.29999923706055,0,0.0,0.0
2023-01-31 10:00:00+08:00,33.29999923706055,33.400001525878906,33.20000076293945,33.400001525878906,28000,0.0,0.0
2023-01-31 11:00:00+08:00,33.400001525878906,33.400001525878906,33.099998474121094,33.29999923706055,9000,0.0,0.0
2023-01-31 12:00:00+08:00,33.25,33.29999923706055,33.20000076293945,33.29999923706055,4010,0.0,0.0
2023-01-31 13:00:00+08:00,33.29999923706055,33.5,33.25,33.5,12000,0.0,0.0
2023-02-01 09:00:00+08:00,33.54999923706055,34.20000076293945,33.54999923706055,34.0,31990,0.0,0.0
2023-02-01 10:00:00+08:00,34.0,34.0,33.599998474121094,33.599998474121094,11030,0.0,0.0
2023-02-01 11:00:00+08:00,33.75,33.75,33.650001525878906,33.75,6000,0.0,0.0
2023-02-01 12:00:00+08:00,33.79999923706055,34.29999923706055,33.79999923706055,34.25,44000,0.0,0.0
2023-02-01 13:00:00+08:00,34.25,34.25,34.099998474121094,34.25,44000,0.0,0.0
2023-02-02 09:00:00+08:00,34.29999923706055,34.29999923706055,33.900001525878906,34.0,0,0.0,0.0
2023-02-02 10:00:00+08:00,33.95000076293945,34.349998474121094,33.79999923706055,34.349998474121094,42042,0.0,0.0
2023-02-02 11:00:00+08:00,34.20000076293945,34.29999923706055,33.849998474121094,34.0,49110,0.0,0.0
2023-02-02 12:00:00+08:00,34.0,34.0,33.849998474121094,33.849998474121094,16005,0.0,0.0
2023-02-02 13:00:00+08:00,33.849998474121094,34.25,33.849998474121094,34.25,10000,0.0,0.0
2023-02-03 09:00:00+08:00,34.04999923706055,34.04999923706055,34.04999923706055,34.04999923706055,0,0.0,0.0
2023-02-03 10:00:00+08:00,33.75,33.75,33.54999923706055,33.54999923706055,27000,0.0,0.0
2023-02-03 11:00:00+08:00,33.54999923706055,33.79999923706055,33.400001525878906,33.400001525878906,17000,0.0,0.0
2023-02-03 12:00:00+08:00,33.849998474121094,33.849998474121094,33.849998474121094,33.849998474121094,5000,0.0,0.0
2023-02-03 13:00:00+08:00,33.849998474121094,33.900001525878906,33.849998474121094,33.900001525878906,2000,0.0,0.0
2023-02-06 09:00:00+08:00,33.95000076293945,33.95000076293945,33.95000076293945,33.95000076293945,0,0.0,0.0
2023-02-06 10:00:00+08:00,33.900001525878906,33.900001525878906,33.400001525878906,33.400001525878906,19051,0.0,0.0
2023-02-06 11:00:00+08:00,33.400001525878906,33.95000076293945,33.400001525878906,33.400001525878906,80049,0.0,0.0
2023-02-06 12:00:00+08:00,33.650001525878906,34.0,33.45000076293945,34.0,31101,0.0,0.0
2023-02-07 09:00:00+08:00,33.95000076293945,35.5,33.95000076293945,35.0,0,0.0,0.0
2023-02-07 10:00:00+08:00,35.150001525878906,35.150001525878906,34.54999923706055,34.95000076293945,23200,0.0,0.0
2023-02-07 11:00:00+08:00,34.95000076293945,34.95000076293945,34.79999923706055,34.79999923706055,8001,0.0,0.0
2023-02-07 12:00:00+08:00,34.75,34.900001525878906,34.5,34.5,12099,0.0,0.0
2023-02-07 13:00:00+08:00,34.5,34.79999923706055,34.5,34.650001525878906,5000,0.0,0.0
2023-02-08 09:00:00+08:00,34.5,34.5,34.0,34.0,0,0.0,0.0
2023-02-08 10:00:00+08:00,33.95000076293945,33.95000076293945,33.75,33.900001525878906,10030,0.0,0.0
2023-02-08 11:00:00+08:00,33.900001525878906,34.150001525878906,33.900001525878906,34.150001525878906,4000,0.0,0.0
2023-02-08 12:00:00+08:00,33.95000076293945,33.95000076293945,33.79999923706055,33.79999923706055,5000,0.0,0.0
2023-02-08 13:00:00+08:00,33.79999923706055,33.79999923706055,33.70000076293945,33.70000076293945,16000,0.0,0.0
2023-02-09 09:00:00+08:00,33.70000076293945,33.75,33.70000076293945,33.70000076293945,0,0.0,0.0
2023-02-09 10:00:00+08:00,33.70000076293945,33.70000076293945,33.45000076293945,33.45000076293945,19000,0.0,0.0
2023-02-09 11:00:00+08:00,33.45000076293945,33.45000076293945,33.29999923706055,33.29999923706055,29148,0.0,0.0
2023-02-09 12:00:00+08:00,33.599998474121094,33.599998474121094,33.20000076293945,33.29999923706055,28000,0.0,0.0
2023-02-09 13:00:00+08:00,33.25,33.25,33.25,33.25,1000,0.0,0.0
2023-02-10 09:00:00+08:00,33.29999923706055,33.599998474121094,33.29999923706055,33.599998474121094,0,0.0,0.0
2023-02-10 10:00:00+08:00,33.349998474121094,33.349998474121094,32.900001525878906,32.900001525878906,46000,0.0,0.0
2023-02-10 11:00:00+08:00,32.900001525878906,32.900001525878906,32.900001525878906,32.900001525878906,1000,0.0,0.0
2023-02-10 12:00:00+08:00,32.900001525878906,33.0,32.900001525878906,33.0,0,0.0,0.0
2023-02-13 09:00:00+08:00,33.04999923706055,33.599998474121094,33.0,33.599998474121094,0,0.0,0.0
2023-02-13 10:00:00+08:00,33.599998474121094,33.599998474121094,33.400001525878906,33.599998474121094,12000,0.0,0.0
2023-02-13 11:00:00+08:00,33.599998474121094,33.599998474121094,33.349998474121094,33.349998474121094,11000,0.0,0.0
2023-02-13 12:00:00+08:00,33.349998474121094,33.349998474121094,33.0,33.0,21000,0.0,0.0
2023-02-13 13:00:00+08:00,33.0,33.0,33.0,33.0,2000,0.0,0.0
2023-02-14 09:00:00+08:00,33.0,33.099998474121094,33.0,33.0,0,0.0,0.0
2023-02-14 11:00:00+08:00,33.0,33.0,33.0,33.0,1000,0.0,0.0
2023-02-14 12:00:00+08:00,33.0,33.0,32.900001525878906,33.0,9000,0.0,0.0
2023-02-14 13:00:00+08:00,33.099998474121094,33.099998474121094,33.0,33.099998474121094,4000,0.0,0.0
2023-02-15 09:00:00+08:00,33.0,33.0,33.0,33.0,100,0.0,0.0
2023-02-15 10:00:00+08:00,33.0,33.0,32.70000076293945,33.0,11002,0.0,0.0
2023-02-15 11:00:00+08:00,33.0,33.0,33.0,33.0,1000,0.0,0.0
2023-02-15 12:00:00+08:00,32.95000076293945,32.95000076293945,32.95000076293945,32.95000076293945,1000,0.0,0.0
2023-02-15 13:00:00+08:00,32.95000076293945,32.95000076293945,32.849998474121094,32.849998474121094,6000,0.0,0.0
2023-02-16 09:00:00+08:00,32.900001525878906,32.900001525878906,32.79999923706055,32.79999923706055,0,0.0,0.0
2023-02-16 10:00:00+08:00,32.900001525878906,32.900001525878906,32.900001525878906,32.900001525878906,23041,0.0,0.0
2023-02-16 11:00:00+08:00,32.849998474121094,32.95000076293945,32.849998474121094,32.95000076293945,3000,0.0,0.0
2023-02-16 12:00:00+08:00,32.95000076293945,33.0,32.95000076293945,32.95000076293945,8000,0.0,0.0
2023-02-16 13:00:00+08:00,32.95000076293945,33.0,32.900001525878906,33.0,7011,0.0,0.0
2023-02-17 09:00:00+08:00,32.95000076293945,32.95000076293945,32.95000076293945,32.95000076293945,0,0.0,0.0
2023-02-17 10:00:00+08:00,32.95000076293945,33.0,32.650001525878906,32.650001525878906,3000,0.0,0.0
2023-02-17 11:00:00+08:00,32.70000076293945,32.70000076293945,32.650001525878906,32.650001525878906,17000,0.0,0.0
2023-02-17 12:00:00+08:00,32.70000076293945,32.849998474121094,32.70000076293945,32.849998474121094,8000,0.0,0.0
2023-02-17 13:00:00+08:00,33.0,33.0,32.900001525878906,32.900001525878906,10000,0.0,0.0
2023-02-20 09:00:00+08:00,33.099998474121094,33.29999923706055,33.099998474121094,33.29999923706055,0,0.0,0.0
2023-02-20 10:00:00+08:00,33.0,33.5,33.0,33.5,21000,0.0,0.0
2023-02-20 11:00:00+08:00,33.5,33.5,32.79999923706055,32.849998474121094,35038,0.0,0.0
2023-02-20 12:00:00+08:00,32.849998474121094,33.400001525878906,32.849998474121094,33.400001525878906,10200,0.0,0.0
2023-02-20 13:00:00+08:00,33.349998474121094,33.349998474121094,33.349998474121094,33.349998474121094,1000,0.0,0.0
2023-02-21 09:00:00+08:00,33.349998474121094,33.349998474121094,32.95000076293945,32.95000076293945,0,0.0,0.0
2023-02-21 10:00:00+08:00,33.0,33.29999923706055,33.0,33.20000076293945,46000,0.0,0.0
2023-02-21 11:00:00+08:00,33.29999923706055,33.599998474121094,33.25,33.599998474121094,24000,0.0,0.0
2023-02-21 12:00:00+08:00,33.5,33.70000076293945,33.5,33.650001525878906,20000,0.0,0.0
2023-02-21 13:00:00+08:00,33.650001525878906,33.650001525878906,33.5,33.5,6000,0.0,0.0
2023-02-22 09:00:00+08:00,34.29999923706055,34.29999923706055,33.20000076293945,33.54999923706055,0,0.0,0.0
2023-02-22 10:00:00+08:00,33.45000076293945,33.45000076293945,33.349998474121094,33.400001525878906,10000,0.0,0.0
2023-02-22 11:00:00+08:00,33.400001525878906,33.70000076293945,33.400001525878906,33.70000076293945,4000,0.0,0.0
2023-02-22 12:00:00+08:00,33.5,33.70000076293945,33.5,33.599998474121094,7000,0.0,0.0
2023-02-22 13:00:00+08:00,33.5,33.70000076293945,33.5,33.70000076293945,9000,0.0,0.0
2023-02-23 09:00:00+08:00,33.70000076293945,34.150001525878906,33.70000076293945,34.150001525878906,11900,0.0,0.0
2023-02-23 10:00:00+08:00,34.150001525878906,34.29999923706055,34.150001525878906,34.20000076293945,26000,0.0,0.0
2023-02-23 11:00:00+08:00,34.20000076293945,34.20000076293945,34.20000076293945,34.20000076293945,16100,0.0,0.0
2023-02-23 12:00:00+08:00,34.20000076293945,34.29999923706055,33.79999923706055,33.79999923706055,28000,0.0,0.0
2023-02-23 13:00:00+08:00,33.79999923706055,34.29999923706055,33.79999923706055,34.29999923706055,20000,0.0,0.0
2023-02-24 09:00:00+08:00,34.400001525878906,34.5,33.79999923706055,34.45000076293945,0,0.0,0.0
2023-02-24 10:00:00+08:00,34.45000076293945,34.599998474121094,33.900001525878906,33.900001525878906,46000,0.0,0.0
2023-02-24 11:00:00+08:00,33.95000076293945,34.400001525878906,33.95000076293945,33.95000076293945,29100,0.0,0.0
2023-02-24 12:00:00+08:00,33.95000076293945,34.599998474121094,33.900001525878906,34.599998474121094,62095,0.0,0.0
2023-02-24 13:00:00+08:00,34.0,34.599998474121094,33.95000076293945,34.599998474121094,17000,0.0,0.0
2023-03-01 09:00:00+08:00,34.0,34.0,33.650001525878906,33.650001525878906,0,0.0,0.0
2023-03-01 10:00:00+08:00,33.70000076293945,33.70000076293945,33.5,33.5,18000,0.0,0.0
2023-03-01 11:00:00+08:00,33.75,34.0,33.400001525878906,34.0,22000,0.0,0.0
2023-03-01 12:00:00+08:00,33.95000076293945,34.0,33.95000076293945,34.0,5015,0.0,0.0
2023-03-01 13:00:00+08:00,34.0,34.0,34.0,34.0,2124,0.0,0.0
2023-03-02 09:00:00+08:00,35.0,35.0,34.0,34.0,0,0.0,0.0
2023-03-02 10:00:00+08:00,34.20000076293945,34.20000076293945,33.900001525878906,34.099998474121094,18100,0.0,0.0
2023-03-02 11:00:00+08:00,34.099998474121094,34.5,33.900001525878906,34.5,31000,0.0,0.0
2023-03-02 12:00:00+08:00,34.5,34.5,34.400001525878906,34.400001525878906,3000,0.0,0.0
2023-03-02 13:00:00+08:00,34.400001525878906,34.45000076293945,34.400001525878906,34.400001525878906,13000,0.0,0.0
2023-03-03 09:00:00+08:00,34.29999923706055,34.45000076293945,34.099998474121094,34.20000076293945,0,0.0,0.0
2023-03-03 10:00:00+08:00,34.400001525878906,34.5,34.0,34.45000076293945,53368,0.0,0.0
2023-03-03 11:00:00+08:00,34.45000076293945,34.45000076293945,34.29999923706055,34.29999923706055,7000,0.0,0.0
2023-03-03 12:00:00+08:00,34.20000076293945,34.20000076293945,34.150001525878906,34.150001525878906,4000,0.0,0.0
2023-03-03 13:00:00+08:00,34.099998474121094,34.5,34.0,34.0,22000,0.0,0.0
2023-03-06 09:00:00+08:00,34.5,35.0,34.5,34.5,0,0.0,0.0
2023-03-06 10:00:00+08:00,34.25,34.400001525878906,34.25,34.29999923706055,8000,0.0,0.0
2023-03-06 11:00:00+08:00,34.400001525878906,34.5,34.400001525878906,34.5,11000,0.0,0.0
2023-03-06 12:00:00+08:00,34.5,34.599998474121094,34.5,34.5,21000,0.0,0.0
2023-03-06 13:00:00+08:00,34.650001525878906,34.70000076293945,34.650001525878906,34.70000076293945,4000,0.0,0.0
2023-03-07 09:00:00+08:00,34.29999923706055,34.95000076293945,34.29999923706055,34.599998474121094,0,0.0,0.0
2023-03-07 10:00:00+08:00,34.5,34.5,34.5,34.5,8118,0.0,0.0
2023-03-07 11:00:00+08:00,34.599998474121094,34.599998474121094,34.599998474121094,34.599998474121094,5000,0.0,0.0
2023-03-07 12:00:00+08:00,34.5,34.599998474121094,34.5,34.599998474121094,10000,0.0,0.0
2023-03-07 13:00:00+08:00,34.70000076293945,34.95000076293945,34.599998474121094,34.95000076293945,76000,0.0,0.0
2023-03-08 09:00:00+08:00,34.900001525878906,34.900001525878906,34.79999923706055,34.79999923706055,0,0.0,0.0
2023-03-08 10:00:00+08:00,34.79999923706055,34.79999923706055,34.599998474121094,34.599998474121094,8000,0.0,0.0
2023-03-08 11:00:00+08:00,34.900001525878906,34.95000076293945,34.5,34.5,39000,0.0,0.0
2023-03-08 12:00:00+08:00,34.54999923706055,34.900001525878906,34.5,34.900001525878906,23000,0.0,0.0
2023-03-08 13:00:00+08:00,34.599998474121094,34.95000076293945,34.45000076293945,34.95000076293945,18000,0.0,0.0
2023-03-09 09:00:00+08:00,35.0,35.0,34.349998474121094,34.70000076293945,0,0.0,0.0
2023-03-09 10:00:00+08:00,34.70000076293945,34.900001525878906,34.45000076293945,34.79999923706055,18000,0.0,0.0
2023-03-09 11:00:00+08:00,34.70000076293945,34.70000076293945,34.5,34.54999923706055,7083,0.0,0.0
2023-03-09 12:00:00+08:00,34.70000076293945,34.900001525878906,34.5,34.900001525878906,18045,0.0,0.0
2023-03-09 13:00:00+08:00,34.900001525878906,34.900001525878906,34.900001525878906,34.900001525878906,5000,0.0,0.0
2023-03-10 09:00:00+08:00,34.599998474121094,34.599998474121094,34.25,34.29999923706055,0,0.0,0.0
2023-03-10 10:00:00+08:00,34.25,34.25,34.099998474121094,34.20000076293945,16031,0.0,0.0
2023-03-10 11:00:00+08:00,34.20000076293945,34.20000076293945,34.0,34.0,49010,0.0,0.0
2023-03-10 12:00:00+08:00,34.04999923706055,34.29999923706055,34.0,34.29999923706055,6022,0.0,0.0
2023-03-10 13:00:00+08:00,34.400001525878906,34.70000076293945,34.400001525878906,34.70000076293945,8000,0.0,0.0
2023-03-13 09:00:00+08:00,35.099998474121094,35.400001525878906,34.25,34.599998474121094,53159,0.0,0.0
2023-03-13 10:00:00+08:00,34.5,34.849998474121094,34.5,34.70000076293945,37110,0.0,0.0
2023-03-13 11:00:00+08:00,34.79999923706055,34.79999923706055,34.70000076293945,34.70000076293945,25000,0.0,0.0
2023-03-13 12:00:00+08:00,34.75,34.79999923706055,34.599998474121094,34.599998474121094,16000,0.0,0.0
2023-03-13 13:00:00+08:00,34.54999923706055,34.54999923706055,34.5,34.5,5000,0.0,0.0
2023-03-14 09:00:00+08:00,34.400001525878906,34.79999923706055,34.349998474121094,34.75,0,0.0,0.0
2023-03-14 10:00:00+08:00,34.70000076293945,34.70000076293945,34.54999923706055,34.54999923706055,14030,0.0,0.0
2023-03-14 11:00:00+08:00,34.5,34.54999923706055,34.5,34.5,13000,0.0,0.0
2023-03-14 12:00:00+08:00,34.45000076293945,34.45000076293945,34.45000076293945,34.45000076293945,3100,0.0,0.0
2023-03-14 13:00:00+08:00,34.45000076293945,34.45000076293945,34.349998474121094,34.349998474121094,25073,0.0,0.0
2023-03-15 09:00:00+08:00,34.29999923706055,34.54999923706055,34.29999923706055,34.29999923706055,0,0.0,0.0
2023-03-15 10:00:00+08:00,34.29999923706055,34.29999923706055,34.29999923706055,34.29999923706055,29063,0.0,0.0
2023-03-15 11:00:00+08:00,34.349998474121094,34.349998474121094,34.25,34.25,11000,0.0,0.0
2023-03-15 12:00:00+08:00,34.29999923706055,34.29999923706055,34.20000076293945,34.20000076293945,13000,0.0,0.0
2023-03-15 13:00:00+08:00,34.25,34.25,34.20000076293945,34.20000076293945,2000,0.0,0.0
2023-03-16 09:00:00+08:00,34.099998474121094,34.20000076293945,34.099998474121094,34.150001525878906,0,0.0,0.0
2023-03-16 10:00:00+08:00,34.150001525878906,34.20000076293945,34.150001525878906,34.20000076293945,28000,0.0,0.0
2023-03-16 11:00:00+08:00,34.20000076293945,34.5,34.20000076293945,34.5,12000,0.0,0.0
2023-03-16 12:00:00+08:00,34.5,34.849998474121094,34.5,34.5,54039,0.0,0.0
2023-03-16 13:00:00+08:00,34.5,34.75,34.45000076293945,34.70000076293945,7020,0.0,0.0
2023-03-17 09:00:00+08:00,34.70000076293945,35.099998474121094,34.70000076293945,35.099998474121094,0,0.0,0.0
2023-03-17 10:00:00+08:00,35.0,35.150001525878906,35.0,35.150001525878906,75000,0.0,0.0
2023-03-17 11:00:00+08:00,35.0,35.0,34.95000076293945,35.0,4030,0.0,0.0
2023-03-17 12:00:00+08:00,35.04999923706055,35.099998474121094,35.0,35.099998474121094,25000,0.0,0.0
2023-03-17 13:00:00+08:00,35.0,35.0,35.0,35.0,7065,0.0,0.0
2023-03-20 09:00:00+08:00,34.75,35.0,34.5,35.0,0,0.0,0.0
2023-03-20 10:00:00+08:00,35.0,35.29999923706055,34.900001525878906,35.29999923706055,66000,0.0,0.0
2023-03-20 11:00:00+08:00,35.099998474121094,35.20000076293945,34.849998474121094,35.150001525878906,26001,0.0,0.0
2023-03-20 12:00:00+08:00,35.0,35.0,34.54999923706055,34.54999923706055,14136,0.0,0.0
2023-03-20 13:00:00+08:00,34.599998474121094,35.099998474121094,34.5,35.099998474121094,17000,0.0,0.0
2023-03-21 09:00:00+08:00,35.099998474121094,35.29999923706055,34.95000076293945,35.0,0,0.0,0.0
2023-03-21 10:00:00+08:00,35.0,35.20000076293945,35.0,35.20000076293945,18000,0.0,0.0
2023-03-21 11:00:00+08:00,35.20000076293945,35.25,35.099998474121094,35.150001525878906,11000,0.0,0.0
2023-03-21 12:00:00+08:00,35.04999923706055,35.25,35.04999923706055,35.25,31000,0.0,0.0
2023-03-21 13:00:00+08:00,35.29999923706055,35.29999923706055,35.150001525878906,35.29999923706055,43000,0.0,0.0
2023-03-22 09:00:00+08:00,35.5,38.849998474121094,35.5,38.5,654648,0.0,0.0
2023-03-22 10:00:00+08:00,38.25,38.849998474121094,38.150001525878906,38.79999923706055,461395,0.0,0.0
2023-03-22 11:00:00+08:00,38.79999923706055,38.849998474121094,38.650001525878906,38.79999923706055,148563,0.0,0.0
2023-03-22 12:00:00+08:00,38.79999923706055,38.849998474121094,38.79999923706055,38.849998474121094,191000,0.0,0.0
2023-03-22 13:00:00+08:00,38.849998474121094,38.849998474121094,38.849998474121094,38.849998474121094,11000,0.0,0.0
2023-03-23 09:00:00+08:00,38.0,38.349998474121094,36.79999923706055,37.70000076293945,0,0.0,0.0
2023-03-23 10:00:00+08:00,37.70000076293945,37.79999923706055,37.04999923706055,37.04999923706055,95051,0.0,0.0
2023-03-23 11:00:00+08:00,37.0,37.650001525878906,36.20000076293945,37.650001525878906,159619,0.0,0.0
2023-03-23 12:00:00+08:00,37.0,37.04999923706055,36.79999923706055,36.849998474121094,44145,0.0,0.0
2023-03-23 13:00:00+08:00,36.849998474121094,37.04999923706055,36.70000076293945,36.79999923706055,41200,0.0,0.0
2023-03-24 09:00:00+08:00,36.900001525878906,40.0,36.900001525878906,38.599998474121094,0,0.0,0.0
2023-03-24 10:00:00+08:00,38.5,39.45000076293945,38.400001525878906,39.099998474121094,92444,0.0,0.0
2023-03-24 11:00:00+08:00,39.0,39.04999923706055,38.400001525878906,38.95000076293945,42110,0.0,0.0
2023-03-24 12:00:00+08:00,38.599998474121094,38.599998474121094,37.599998474121094,37.79999923706055,52230,0.0,0.0
2023-03-24 13:00:00+08:00,37.79999923706055,37.900001525878906,37.70000076293945,37.75,37000,0.0,0.0
2023-03-27 09:00:00+08:00,37.599998474121094,39.5,37.5,38.650001525878906,0,0.0,0.0
2023-03-27 10:00:00+08:00,38.650001525878906,38.79999923706055,38.349998474121094,38.70000076293945,44126,0.0,0.0
2023-03-27 11:00:00+08:00,38.599998474121094,38.599998474121094,38.150001525878906,38.150001525878906,71000,0.0,0.0
2023-03-27 12:00:00+08:00,38.099998474121094,38.5,38.099998474121094,38.20000076293945,26000,0.0,0.0
2023-03-27 13:00:00+08:00,38.25,38.5,38.20000076293945,38.20000076293945,11006,0.0,0.0
2023-03-28 09:00:00+08:00,38.20000076293945,38.75,36.650001525878906,36.650001525878906,0,0.0,0.0
2023-03-28 10:00:00+08:00,36.849998474121094,37.400001525878906,36.650001525878906,37.0,64360,0.0,0.0
2023-03-28 11:00:00+08:00,37.04999923706055,37.5,37.0,37.5,42074,0.0,0.0
2023-03-28 12:00:00+08:00,37.45000076293945,37.45000076293945,37.0,37.0,15051,0.0,0.0
2023-03-28 13:00:00+08:00,37.04999923706055,37.20000076293945,36.900001525878906,36.900001525878906,12220,0.0,0.0
2023-03-29 09:00:00+08:00,37.29999923706055,37.599998474121094,37.29999923706055,37.599998474121094,28001,0.0,0.0
2023-03-29 10:00:00+08:00,37.650001525878906,38.0,37.54999923706055,37.79999923706055,39000,0.0,0.0
2023-03-29 11:00:00+08:00,37.900001525878906,37.900001525878906,37.54999923706055,37.54999923706055,14002,0.0,0.0
2023-03-29 12:00:00+08:00,37.54999923706055,37.54999923706055,37.400001525878906,37.400001525878906,9000,0.0,0.0
2023-03-29 13:00:00+08:00,37.349998474121094,37.79999923706055,37.349998474121094,37.79999923706055,26000,0.0,0.0
2023-03-30 09:00:00+08:00,37.849998474121094,38.849998474121094,37.75,38.75,0,0.0,0.0
2023-03-30 10:00:00+08:00,38.75,38.79999923706055,37.95000076293945,37.95000076293945,35001,0.0,0.0
2023-03-30 11:00:00+08:00,38.0,38.150001525878906,38.0,38.150001525878906,17001,0.0,0.0
2023-03-30 12:00:00+08:00,38.099998474121094,38.29999923706055,38.099998474121094,38.099998474121094,10000,0.0,0.0
2023-03-30 13:00:00+08:00,38.0,38.400001525878906,38.0,38.400001525878906,14000,0.0,0.0
2023-03-31 09:00:00+08:00,38.29999923706055,39.0,38.29999923706055,38.75,0,0.0,0.0
2023-03-31 10:00:00+08:00,38.650001525878906,38.650001525878906,38.400001525878906,38.5,44010,0.0,0.0
2023-03-31 11:00:00+08:00,38.5,38.5,38.400001525878906,38.400001525878906,17004,0.0,0.0
2023-03-31 12:00:00+08:00,38.400001525878906,38.79999923706055,38.29999923706055,38.29999923706055,67000,0.0,0.0
2023-03-31 13:00:00+08:00,38.79999923706055,38.79999923706055,38.54999923706055,38.54999923706055,8247,0.0,0.0
2023-04-06 09:00:00+08:00,38.650001525878906,38.79999923706055,38.599998474121094,38.70000076293945,0,0.0,0.0
2023-04-06 10:00:00+08:00,38.70000076293945,38.70000076293945,38.599998474121094,38.70000076293945,29010,0.0,0.0
2023-04-06 11:00:00+08:00,38.650001525878906,38.650001525878906,38.599998474121094,38.599998474121094,10000,0.0,0.0
2023-04-06 12:00:00+08:00,38.599998474121094,38.599998474121094,38.599998474121094,38.599998474121094,4000,0.0,0.0
2023-04-06 13:00:00+08:00,38.599998474121094,38.599998474121094,38.5,38.5,16000,0.0,0.0
2023-04-07 09:00:00+08:00,39.0,39.5,38.599998474121094,38.900001525878906,0,0.0,0.0
2023-04-07 10:00:00+08:00,38.900001525878906,39.0,38.849998474121094,39.0,29000,0.0,0.0
2023-04-07 11:00:00+08:00,38.95000076293945,38.95000076293945,38.849998474121094,38.849998474121094,6050,0.0,0.0
2023-04-07 12:00:00+08:00,38.900001525878906,38.900001525878906,38.70000076293945,38.79999923706055,5000,0.0,0.0
2023-04-07 13:00:00+08:00,38.849998474121094,38.849998474121094,38.650001525878906,38.650001525878906,33000,0.0,0.0
2023-04-10 09:00:00+08:00,38.900001525878906,39.20000076293945,38.650001525878906,38.79999923706055,0,0.0,0.0
2023-04-10 10:00:00+08:00,38.79999923706055,38.900001525878906,38.70000076293945,38.849998474121094,45000,0.0,0.0
2023-04-10 11:00:00+08:00,38.79999923706055,38.900001525878906,38.75,38.849998474121094,36001,0.0,0.0
2023-04-10 12:00:00+08:00,38.900001525878906,38.95000076293945,38.849998474121094,38.900001525878906,27020,0.0,0.0
2023-04-10 13:00:00+08:00,38.900001525878906,38.900001525878906,38.75,38.849998474121094,48036,0.0,0.0
2023-04-11 09:00:00+08:00,40.400001525878906,40.5,39.599998474121094,39.70000076293945,45212,0.0,0.0
2023-04-11 10:00:00+08:00,39.75,39.75,39.599998474121094,39.70000076293945,13001,0.0,0.0
2023-04-11 11:00:00+08:00,39.650001525878906,39.650001525878906,39.400001525878906,39.400001525878906,14039,0.0,0.0
2023-04-11 12:00:00+08:00,39.400001525878906,39.400001525878906,39.0,39.0,42120,0.0,0.0
2023-04-11 13:00:00+08:00,39.20000076293945,39.54999923706055,39.150001525878906,39.54999923706055,6159,0.0,0.0
2023-04-12 09:00:00+08:00,39.849998474121094,39.849998474121094,39.349998474121094,39.45000076293945,0,0.0,0.0
2023-04-12 10:00:00+08:00,39.45000076293945,39.5,39.349998474121094,39.5,32081,0.0,0.0
2023-04-12 11:00:00+08:00,39.5,39.650001525878906,39.45000076293945,39.5,46000,0.0,0.0
2023-04-12 12:00:00+08:00,39.5,39.75,39.5,39.75,0,0.0,0.0
2023-04-12 13:00:00+08:00,39.75,39.79999923706055,39.599998474121094,39.79999923706055,194161,0.0,0.0
2023-04-13 09:00:00+08:00,40.29999923706055,40.400001525878906,39.79999923706055,39.900001525878906,0,0.0,0.0
2023-04-13 10:00:00+08:00,39.900001525878906,40.099998474121094,39.900001525878906,40.0,41013,0.0,0.0
2023-04-13 11:00:00+08:00,40.04999923706055,40.150001525878906,40.0,40.150001525878906,31017,0.0,0.0
2023-04-13 12:00:00+08:00,40.04999923706055,40.099998474121094,40.0,40.0,0,0.0,0.0
2023-04-13 13:00:00+08:00,40.0,40.0,40.0,40.0,210100,0.0,0.0
2023-04-14 09:00:00+08:00,40.099998474121094,40.79999923706055,40.099998474121094,40.650001525878906,176000,0.0,0.0
2023-04-14 10:00:00+08:00,40.599998474121094,40.70000076293945,40.5,40.599998474121094,57100,0.0,0.0
2023-04-14 11:00:00+08:00,40.599998474121094,41.349998474121094,40.599998474121094,40.95000076293945,173050,0.0,0.0
2023-04-14 12:00:00+08:00,40.900001525878906,40.900001525878906,40.599998474121094,40.599998474121094,44100,0.0,0.0
2023-04-14 13:00:00+08:00,40.54999923706055,40.599998474121094,40.45000076293945,40.45000076293945,21000,0.0,0.0
2023-04-17 09:00:00+08:00,40.79999923706055,40.900001525878906,40.599998474121094,40.599998474121094,0,0.0,0.0
2023-04-17 10:00:00+08:00,40.599998474121094,40.79999923706055,40.5,40.79999923706055,47055,0.0,0.0
2023-04-17 11:00:00+08:00,40.79999923706055,40.79999923706055,40.70000076293945,40.75,28000,0.0,0.0
2023-04-17 12:00:00+08:00,40.70000076293945,40.70000076293945,40.599998474121094,40.599998474121094,25115,0.0,0.0
2023-04-17 13:00:00+08:00,40.650001525878906,40.70000076293945,40.54999923706055,40.54999923706055,23000,0.0,0.0
2023-04-18 09:00:00+08:00,40.75,40.75,40.0,40.54999923706055,0,0.0,0.0
2023-04-18 10:00:00+08:00,40.5,40.599998474121094,40.20000076293945,40.599998474121094,45000,0.0,0.0
2023-04-18 11:00:00+08:00,40.5,40.599998474121094,40.29999923706055,40.29999923706055,22146,0.0,0.0
2023-04-18 12:00:00+08:00,40.29999923706055,40.349998474121094,40.20000076293945,40.349998474121094,18333,0.0,0.0
2023-04-18 13:00:00+08:00,40.349998474121094,40.45000076293945,40.29999923706055,40.45000076293945,28000,0.0,0.0
2023-04-19 09:00:00+08:00,40.54999923706055,41.29999923706055,40.54999923706055,41.20000076293945,0,0.0,0.0
2023-04-19 10:00:00+08:00,41.0,41.25,41.0,41.25,83000,0.0,0.0
2023-04-19 11:00:00+08:00,41.25,41.54999923706055,41.25,41.54999923706055,105117,0.0,0.0
2023-04-19 12:00:00+08:00,41.5,41.5,41.29999923706055,41.45000076293945,44000,0.0,0.0
2023-04-19 13:00:00+08:00,41.400001525878906,41.70000076293945,41.400001525878906,41.70000076293945,95307,0.0,0.0
2023-04-20 09:00:00+08:00,42.0,45.0,42.0,44.900001525878906,64104,0.0,0.0
2023-04-20 10:00:00+08:00,44.900001525878906,45.5,44.400001525878906,44.900001525878906,241479,0.0,0.0
2023-04-20 11:00:00+08:00,44.70000076293945,44.70000076293945,43.400001525878906,44.70000076293945,79223,0.0,0.0
2023-04-20 12:00:00+08:00,44.70000076293945,45.099998474121094,44.400001525878906,44.849998474121094,98899,0.0,0.0
2023-04-20 13:00:00+08:00,44.5,44.70000076293945,44.099998474121094,44.099998474121094,21350,0.0,0.0
2023-04-21 09:00:00+08:00,43.20000076293945,43.54999923706055,41.0,41.099998474121094,0,0.0,0.0
2023-04-21 10:00:00+08:00,41.099998474121094,41.849998474121094,39.79999923706055,41.0,194542,0.0,0.0
2023-04-21 11:00:00+08:00,41.0,41.70000076293945,41.0,41.29999923706055,55202,0.0,0.0
2023-04-21 12:00:00+08:00,41.20000076293945,41.20000076293945,39.900001525878906,40.0,90221,0.0,0.0
2023-04-21 13:00:00+08:00,40.099998474121094,40.79999923706055,40.099998474121094,40.79999923706055,41000,0.0,0.0
2023-04-24 09:00:00+08:00,40.099998474121094,41.25,40.099998474121094,40.95000076293945,0,0.0,0.0
2023-04-24 10:00:00+08:00,40.849998474121094,40.849998474121094,40.29999923706055,40.29999923706055,42150,0.0,0.0
2023-04-24 11:00:00+08:00,40.349998474121094,40.400001525878906,40.349998474121094,40.400001525878906,13000,0.0,0.0
2023-04-24 12:00:00+08:00,40.599998474121094,40.79999923706055,40.54999923706055,40.54999923706055,22334,0.0,0.0
2023-04-24 13:00:00+08:00,40.599998474121094,40.95000076293945,40.25,40.79999923706055,26000,0.0,0.0
2023-04-25 09:00:00+08:00,40.95000076293945,41.79999923706055,40.95000076293945,41.79999923706055,0,0.0,0.0
2023-04-25 10:00:00+08:00,41.29999923706055,41.54999923706055,40.75,41.04999923706055,49000,0.0,0.0
2023-04-25 11:00:00+08:00,41.0,41.0,40.79999923706055,40.849998474121094,47009,0.0,0.0
2023-04-25 12:00:00+08:00,40.849998474121094,41.400001525878906,40.849998474121094,41.349998474121094,24021,0.0,0.0
2023-04-25 13:00:00+08:00,41.400001525878906,41.400001525878906,41.29999923706055,41.349998474121094,26033,0.0,0.0
2023-04-26 09:00:00+08:00,41.0,41.29999923706055,40.099998474121094,40.29999923706055,0,0.0,0.0
2023-04-26 10:00:00+08:00,40.400001525878906,40.70000076293945,40.20000076293945,40.599998474121094,33000,0.0,0.0
2023-04-26 11:00:00+08:00,40.5,40.54999923706055,40.29999923706055,40.54999923706055,10122,0.0,0.0
2023-04-26 12:00:00+08:00,40.5,41.29999923706055,40.5,41.099998474121094,60037,0.0,0.0
2023-04-26 13:00:00+08:00,41.099998474121094,41.20000076293945,40.849998474121094,41.0,13000,0.0,0.0
2023-04-27 09:00:00+08:00,40.599998474121094,40.599998474121094,40.20000076293945,40.54999923706055,0,0.0,0.0
2023-04-27 10:00:00+08:00,40.599998474121094,40.650001525878906,40.54999923706055,40.599998474121094,12000,0.0,0.0
2023-04-27 11:00:00+08:00,40.54999923706055,40.54999923706055,40.45000076293945,40.5,12000,0.0,0.0
2023-04-27 12:00:00+08:00,40.54999923706055,40.599998474121094,40.400001525878906,40.599998474121094,29000,0.0,0.0
2023-04-27 13:00:00+08:00,40.599998474121094,40.650001525878906,40.45000076293945,40.45000076293945,19080,0.0,0.0
2023-04-28 09:00:00+08:00,40.650001525878906,41.400001525878906,40.650001525878906,41.29999923706055,0,0.0,0.0
2023-04-28 10:00:00+08:00,41.29999923706055,41.400001525878906,41.25,41.25,44000,0.0,0.0
2023-04-28 11:00:00+08:00,41.349998474121094,41.75,41.29999923706055,41.70000076293945,95000,0.0,0.0
2023-04-28 12:00:00+08:00,41.599998474121094,41.70000076293945,41.45000076293945,41.599998474121094,43400,0.0,0.0
2023-04-28 13:00:00+08:00,41.599998474121094,41.650001525878906,41.599998474121094,41.599998474121094,10000,0.0,0.0
2023-05-02 09:00:00+08:00,41.20000076293945,42.5,41.20000076293945,41.79999923706055,0,0.0,0.0
2023-05-02 10:00:00+08:00,41.900001525878906,41.900001525878906,41.75,41.900001525878906,18000,0.0,0.0
2023-05-02 11:00:00+08:00,41.849998474121094,41.849998474121094,41.70000076293945,41.70000076293945,35000,0.0,0.0
2023-05-02 12:00:00+08:00,41.599998474121094,41.75,41.599998474121094,41.70000076293945,19135,0.0,0.0
2023-05-02 13:00:00+08:00,41.70000076293945,41.70000076293945,41.650001525878906,41.650001525878906,14110,0.0,0.0
2023-05-03 09:00:00+08:00,41.45000076293945,42.099998474121094,41.45000076293945,42.099998474121094,0,0.0,0.0
2023-05-03 10:00:00+08:00,42.099998474121094,42.099998474121094,41.79999923706055,42.0,25117,0.0,0.0
2023-05-03 11:00:00+08:00,42.0,42.0,41.900001525878906,41.95000076293945,11000,0.0,0.0
2023-05-03 12:00:00+08:00,41.849998474121094,42.04999923706055,41.650001525878906,42.04999923706055,40002,0.0,0.0
2023-05-03 13:00:00+08:00,41.900001525878906,42.0,41.900001525878906,41.900001525878906,9000,0.0,0.0
2023-05-04 09:00:00+08:00,42.0,42.20000076293945,41.75,42.099998474121094,0,0.0,0.0
2023-05-04 10:00:00+08:00,42.04999923706055,42.400001525878906,42.0,42.29999923706055,36000,0.0,0.0
2023-05-04 11:00:00+08:00,42.29999923706055,42.900001525878906,42.29999923706055,42.900001525878906,30000,0.0,0.0
2023-05-04 12:00:00+08:00,42.95000076293945,44.5,42.95000076293945,44.29999923706055,96709,0.0,0.0
2023-05-04 13:00:00+08:00,44.099998474121094,44.400001525878906,43.599998474121094,44.0,26005,0.0,0.0
2023-05-05 09:00:00+08:00,44.5,45.400001525878906,44.5,44.599998474121094,0,0.0,0.0
2023-05-05 10:00:00+08:00,44.70000076293945,44.70000076293945,43.5,44.349998474121094,108154,0.0,0.0
2023-05-05 11:00:00+08:00,44.20000076293945,44.5,44.20000076293945,44.5,22005,0.0,0.0
2023-05-05 12:00:00+08:00,44.29999923706055,44.400001525878906,44.0,44.349998474121094,54025,0.0,0.0
2023-05-05 13:00:00+08:00,44.349998474121094,44.349998474121094,44.0,44.349998474121094,38095,0.0,0.0
2023-05-08 09:00:00+08:00,44.5,44.900001525878906,44.400001525878906,44.849998474121094,0,0.0,0.0
2023-05-08 10:00:00+08:00,44.849998474121094,44.849998474121094,44.5,44.79999923706055,31385,0.0,0.0
2023-05-08 11:00:00+08:00,44.79999923706055,44.79999923706055,44.400001525878906,44.70000076293945,39340,0.0,0.0
2023-05-08 12:00:00+08:00,44.70000076293945,44.75,44.29999923706055,44.650001525878906,55478,0.0,0.0
2023-05-08 13:00:00+08:00,44.5,44.650001525878906,44.400001525878906,44.5,48347,0.0,0.0
2023-05-09 09:00:00+08:00,44.599998474121094,44.79999923706055,44.29999923706055,44.54999923706055,0,0.0,0.0
2023-05-09 10:00:00+08:00,44.5,44.599998474121094,44.20000076293945,44.45000076293945,127094,0.0,0.0
2023-05-09 11:00:00+08:00,44.45000076293945,44.5,44.20000076293945,44.5,25294,0.0,0.0
2023-05-09 12:00:00+08:00,44.45000076293945,44.45000076293945,44.099998474121094,44.20000076293945,34300,0.0,0.0
2023-05-09 13:00:00+08:00,44.20000076293945,44.29999923706055,44.0,44.25,15015,0.0,0.0
2023-05-10 09:00:00+08:00,44.0,44.0,42.75,42.75,0,0.0,0.0
2023-05-10 10:00:00+08:00,42.70000076293945,42.900001525878906,42.25,42.25,95000,0.0,0.0
2023-05-10 11:00:00+08:00,42.25,42.5,41.79999923706055,42.150001525878906,81180,0.0,0.0
2023-05-10 12:00:00+08:00,42.29999923706055,42.400001525878906,42.04999923706055,42.04999923706055,39197,0.0,0.0
2023-05-10 13:00:00+08:00,42.150001525878906,42.29999923706055,42.04999923706055,42.29999923706055,27000,0.0,0.0
2023-05-11 09:00:00+08:00,41.099998474121094,41.400001525878906,40.79999923706055,41.25,0,0.0,0.0
2023-05-11 10:00:00+08:00,41.25,41.70000076293945,41.0,41.0,63001,0.0,0.0
2023-05-11 11:00:00+08:00,41.04999923706055,41.29999923706055,41.04999923706055,41.099998474121094,24000,0.0,0.0
2023-05-11 12:00:00+08:00,41.04999923706055,41.04999923706055,40.79999923706055,40.79999923706055,54200,0.0,0.0
2023-05-11 13:00:00+08:00,40.79999923706055,40.79999923706055,40.599998474121094,40.599998474121094,25189,0.0,0.0
2023-05-12 09:00:00+08:00,41.400001525878906,41.45000076293945,41.0,41.0,0,0.0,0.0
2023-05-12 10:00:00+08:00,41.0,41.0,40.95000076293945,41.0,8000,0.0,0.0
2023-05-12 11:00:00+08:00,41.04999923706055,41.20000076293945,41.0,41.0,64132,0.0,0.0
2023-05-12 12:00:00+08:00,41.0,41.5,41.0,41.45000076293945,33000,0.0,0.0
2023-05-12 13:00:00+08:00,41.45000076293945,41.45000076293945,41.45000076293945,41.45000076293945,1000,0.0,0.0
2023-05-15 09:00:00+08:00,41.29999923706055,41.5,41.29999923706055,41.29999923706055,0,0.0,0.0
2023-05-15 10:00:00+08:00,41.29999923706055,41.400001525878906,41.29999923706055,41.29999923706055,24228,0.0,0.0
2023-05-15 11:00:00+08:00,41.29999923706055,41.400001525878906,41.29999923706055,41.400001525878906,7000,0.0,0.0
2023-05-15 12:00:00+08:00,41.45000076293945,41.5,41.45000076293945,41.5,19000,0.0,0.0
2023-05-15 13:00:00+08:00,41.5,41.5,41.400001525878906,41.400001525878906,4000,0.0,0.0
2023-05-16 09:00:00+08:00,41.900001525878906,43.5,41.900001525878906,43.099998474121094,0,0.0,0.0
2023-05-16 10:00:00+08:00,43.099998474121094,43.099998474121094,42.75,42.79999923706055,16061,0.0,0.0
2023-05-16 11:00:00+08:00,42.79999923706055,43.20000076293945,42.79999923706055,43.20000076293945,24300,0.0,0.0
2023-05-16 12:00:00+08:00,43.29999923706055,43.5,43.099998474121094,43.099998474121094,30221,0.0,0.0
2023-05-16 13:00:00+08:00,43.04999923706055,43.04999923706055,42.70000076293945,42.79999923706055,12000,0.0,0.0
2023-05-17 09:00:00+08:00,43.0,43.29999923706055,43.0,43.20000076293945,0,0.0,0.0
2023-05-17 10:00:00+08:00,43.20000076293945,43.900001525878906,43.099998474121094,43.900001525878906,85060,0.0,0.0
2023-05-17 11:00:00+08:00,43.900001525878906,43.900001525878906,43.599998474121094,43.599998474121094,54090,0.0,0.0
2023-05-17 12:00:00+08:00,43.599998474121094,43.599998474121094,43.25,43.25,40265,0.0,0.0
2023-05-17 13:00:00+08:00,43.25,43.400001525878906,43.20000076293945,43.20000076293945,5000,0.0,0.0
2023-05-18 09:00:00+08:00,43.5,43.5,43.20000076293945,43.20000076293945,0,0.0,0.0
2023-05-18 10:00:00+08:00,43.29999923706055,43.29999923706055,43.20000076293945,43.25,8019,0.0,0.0
2023-05-18 11:00:00+08:00,43.25,43.29999923706055,43.25,43.29999923706055,9020,0.0,0.0
2023-05-18 12:00:00+08:00,43.349998474121094,43.400001525878906,43.20000076293945,43.20000076293945,19210,0.0,0.0
2023-05-18 13:00:00+08:00,43.25,43.400001525878906,43.25,43.29999923706055,22100,0.0,0.0
2023-05-19 09:00:00+08:00,43.25,43.54999923706055,43.25,43.25,0,0.0,0.0
2023-05-19 10:00:00+08:00,43.25,43.25,42.70000076293945,42.75,30250,0.0,0.0
2023-05-19 11:00:00+08:00,42.75,42.75,42.599998474121094,42.599998474121094,34292,0.0,0.0
2023-05-19 12:00:00+08:00,42.54999923706055,42.70000076293945,42.400001525878906,42.70000076293945,33120,0.0,0.0
2023-05-19 13:00:00+08:00,42.70000076293945,43.0,42.70000076293945,42.900001525878906,11000,0.0,0.0
2023-05-22 09:00:00+08:00,42.900001525878906,42.900001525878906,42.5,42.599998474121094,0,0.0,0.0
2023-05-22 10:00:00+08:00,42.900001525878906,43.099998474121094,42.900001525878906,43.0,17187,0.0,0.0
2023-05-22 11:00:00+08:00,42.95000076293945,42.95000076293945,42.79999923706055,42.79999923706055,4000,0.0,0.0
2023-05-22 12:00:00+08:00,42.900001525878906,42.900001525878906,42.75,42.75,13162,0.0,0.0
2023-05-22 13:00:00+08:00,42.75,42.75,42.70000076293945,42.70000076293945,8038,0.0,0.0
2023-05-23 09:00:00+08:00,42.70000076293945,45.150001525878906,42.70000076293945,44.79999923706055,19497,0.0,0.0
2023-05-23 10:00:00+08:00,44.599998474121094,44.599998474121094,43.79999923706055,44.0,37120,0.0,0.0
2023-05-23 11:00:00+08:00,44.0,44.0,43.70000076293945,43.95000076293945,17020,0.0,0.0
2023-05-23 12:00:00+08:00,43.79999923706055,43.79999923706055,43.650001525878906,43.79999923706055,8000,0.0,0.0
2023-05-23 13:00:00+08:00,43.79999923706055,44.0,43.75,44.0,21000,0.0,0.0
2023-05-24 09:00:00+08:00,44.29999923706055,44.29999923706055,43.400001525878906,44.0,0,0.0,0.0
2023-05-24 10:00:00+08:00,43.70000076293945,43.79999923706055,43.5,43.5,32226,0.0,0.0
2023-05-24 11:00:00+08:00,43.599998474121094,44.0,43.599998474121094,43.79999923706055,11015,0.0,0.0
2023-05-24 12:00:00+08:00,43.79999923706055,43.79999923706055,43.70000076293945,43.70000076293945,7000,0.0,0.0
2023-05-24 13:00:00+08:00,43.70000076293945,44.0,43.70000076293945,44.0,10000,0.0,0.0
2023-05-25 09:00:00+08:00,45.0,45.0,44.0,44.349998474121094,0,0.0,0.0
2023-05-25 10:00:00+08:00,44.29999923706055,44.349998474121094,44.29999923706055,44.349998474121094,21000,0.0,0.0
2023-05-25 11:00:00+08:00,44.349998474121094,44.54999923706055,44.349998474121094,44.45000076293945,57000,0.0,0.0
2023-05-25 12:00:00+08:00,44.45000076293945,44.45000076293945,44.150001525878906,44.150001525878906,12002,0.0,0.0
2023-05-25 13:00:00+08:00,44.150001525878906,44.25,44.099998474121094,44.25,9010,0.0,0.0
2023-05-26 09:00:00+08:00,44.400001525878906,44.79999923706055,44.04999923706055,44.79999923706055,0,0.0,0.0
2023-05-26 10:00:00+08:00,44.900001525878906,45.20000076293945,44.599998474121094,44.95000076293945,91324,0.0,0.0
2023-05-26 11:00:00+08:00,44.900001525878906,45.0,44.70000076293945,44.849998474121094,25000,0.0,0.0
2023-05-26 12:00:00+08:00,44.849998474121094,45.0,44.79999923706055,44.95000076293945,48210,0.0,0.0
2023-05-26 13:00:00+08:00,44.900001525878906,45.650001525878906,44.900001525878906,45.650001525878906,150065,0.0,0.0
2023-05-29 09:00:00+08:00,46.150001525878906,46.400001525878906,45.849998474121094,46.0,0,0.0,0.0
2023-05-29 10:00:00+08:00,46.0,47.0,46.0,46.849998474121094,123711,0.0,0.0
2023-05-29 11:00:00+08:00,46.70000076293945,46.95000076293945,46.400001525878906,46.79999923706055,23000,0.0,0.0
2023-05-29 12:00:00+08:00,46.70000076293945,46.79999923706055,46.599998474121094,46.70000076293945,21194,0.0,0.0
2023-05-29 13:00:00+08:00,46.75,46.849998474121094,46.75,46.849998474121094,30001,0.0,0.0
2023-05-30 09:00:00+08:00,46.70000076293945,46.900001525878906,46.0,46.79999923706055,0,0.0,0.0
2023-05-30 10:00:00+08:00,46.79999923706055,46.79999923706055,46.349998474121094,46.70000076293945,35020,0.0,0.0
2023-05-30 11:00:00+08:00,46.5,46.5,46.349998474121094,46.349998474121094,15000,0.0,0.0
2023-05-30 12:00:00+08:00,46.29999923706055,46.29999923706055,45.95000076293945,46.0,64206,0.0,0.0
2023-05-30 13:00:00+08:00,46.099998474121094,46.349998474121094,45.70000076293945,46.349998474121094,26194,0.0,0.0
2023-05-31 09:00:00+08:00,46.0,48.400001525878906,46.0,48.150001525878906,0,0.0,0.0
2023-05-31 10:00:00+08:00,48.150001525878906,48.400001525878906,47.599998474121094,48.0,88729,0.0,0.0
2023-05-31 11:00:00+08:00,48.0,48.0,47.900001525878906,47.95000076293945,34100,0.0,0.0
2023-05-31 12:00:00+08:00,47.900001525878906,48.099998474121094,47.849998474121094,48.099998474121094,44063,0.0,0.0
2023-05-31 13:00:00+08:00,48.04999923706055,48.04999923706055,47.95000076293945,48.04999923706055,19047,0.0,0.0
2023-06-01 09:00:00+08:00,48.099998474121094,48.400001525878906,47.099998474121094,47.20000076293945,0,0.0,0.0
2023-06-01 10:00:00+08:00,47.54999923706055,47.54999923706055,47.29999923706055,47.5,13005,0.0,0.0
2023-06-01 11:00:00+08:00,47.5,47.70000076293945,47.5,47.599998474121094,19000,0.0,0.0
2023-06-01 12:00:00+08:00,47.599998474121094,47.900001525878906,47.5,47.900001525878906,56100,0.0,0.0
2023-06-01 13:00:00+08:00,47.900001525878906,47.95000076293945,47.70000076293945,47.95000076293945,10020,0.0,0.0
2023-06-02 09:00:00+08:00,48.0,48.099998474121094,47.70000076293945,48.099998474121094,0,0.0,0.0
2023-06-02 10:00:00+08:00,48.099998474121094,48.20000076293945,47.5,47.5,92237,0.0,0.0
2023-06-02 11:00:00+08:00,47.5,47.95000076293945,47.400001525878906,47.95000076293945,17130,0.0,0.0
2023-06-02 12:00:00+08:00,47.79999923706055,47.79999923706055,47.599998474121094,47.599998474121094,19000,0.0,0.0
2023-06-02 13:00:00+08:00,47.599998474121094,48.099998474121094,47.54999923706055,48.04999923706055,20155,0.0,0.0
2023-06-05 09:00:00+08:00,48.099998474121094,48.70000076293945,48.099998474121094,48.5,0,0.0,0.0
2023-06-05 10:00:00+08:00,48.45000076293945,48.45000076293945,48.20000076293945,48.20000076293945,36000,0.0,0.0
2023-06-05 11:00:00+08:00,48.20000076293945,48.20000076293945,47.900001525878906,47.900001525878906,27000,0.0,0.0
2023-06-05 12:00:00+08:00,47.900001525878906,47.900001525878906,47.650001525878906,47.849998474121094,17178,0.0,0.0
2023-06-05 13:00:00+08:00,48.04999923706055,48.099998474121094,48.04999923706055,48.099998474121094,13025,0.0,0.0
2023-06-06 09:00:00+08:00,48.0,48.0,47.54999923706055,47.849998474121094,0,0.0,0.0
2023-06-06 10:00:00+08:00,47.849998474121094,47.849998474121094,47.849998474121094,47.849998474121094,1001,0.0,0.0
2023-06-06 11:00:00+08:00,47.79999923706055,47.79999923706055,47.599998474121094,47.650001525878906,24074,0.0,0.0
2023-06-06 12:00:00+08:00,47.70000076293945,47.75,47.70000076293945,47.70000076293945,10004,0.0,0.0
2023-06-06 13:00:00+08:00,47.70000076293945,47.75,47.70000076293945,47.75,16000,0.0,0.0
2023-06-07 09:00:00+08:00,48.0,48.5,48.0,48.25,0,0.0,0.0
2023-06-07 10:00:00+08:00,48.25,48.25,47.849998474121094,47.849998474121094,56000,0.0,0.0
2023-06-07 11:00:00+08:00,47.79999923706055,47.79999923706055,47.5,47.5,12000,0.0,0.0
2023-06-07 12:00:00+08:00,47.599998474121094,47.79999923706055,47.599998474121094,47.79999923706055,11000,0.0,0.0
2023-06-07 13:00:00+08:00,47.849998474121094,48.25,47.849998474121094,48.25,6000,0.0,0.0
2023-06-08 09:00:00+08:00,48.400001525878906,48.54999923706055,48.0,48.0,0,0.0,0.0
2023-06-08 10:00:00+08:00,47.900001525878906,47.900001525878906,47.599998474121094,47.79999923706055,54474,0.0,0.0
2023-06-08 11:00:00+08:00,47.75,47.849998474121094,47.75,47.75,16000,0.0,0.0
2023-06-08 12:00:00+08:00,47.650001525878906,47.70000076293945,47.599998474121094,47.650001525878906,23166,0.0,0.0
2023-06-08 13:00:00+08:00,47.70000076293945,47.75,47.70000076293945,47.75,4000,0.0,0.0
2023-06-09 09:00:00+08:00,47.54999923706055,47.54999923706055,47.20000076293945,47.25,0,0.0,0.0
2023-06-09 10:00:00+08:00,47.25,47.29999923706055,45.54999923706055,46.5,134000,0.0,0.0
2023-06-09 11:00:00+08:00,46.5,46.70000076293945,46.5,46.5,18001,0.0,0.0
2023-06-09 12:00:00+08:00,46.54999923706055,46.54999923706055,46.04999923706055,46.5,0,0.0,0.0
2023-06-09 13:00:00+08:00,46.70000076293945,47.349998474121094,46.70000076293945,47.349998474121094,229778,0.0,0.0
2023-06-12 09:00:00+08:00,48.0,48.45000076293945,47.25,47.95000076293945,0,0.0,0.0
2023-06-12 10:00:00+08:00,47.900001525878906,47.900001525878906,47.599998474121094,47.75,26124,0.0,0.0
2023-06-12 11:00:00+08:00,47.75,47.95000076293945,47.70000076293945,47.900001525878906,55134,0.0,0.0
2023-06-12 12:00:00+08:00,47.900001525878906,48.0,47.79999923706055,47.79999923706055,0,0.0,0.0
2023-06-12 13:00:00+08:00,47.79999923706055,47.95000076293945,47.79999923706055,47.95000076293945,203744,0.0,0.0
2023-06-13 09:00:00+08:00,48.25,48.650001525878906,48.099998474121094,48.54999923706055,0,0.0,0.0
2023-06-13 10:00:00+08:00,48.599998474121094,49.20000076293945,48.599998474121094,48.900001525878906,98538,0.0,0.0
2023-06-13 11:00:00+08:00,48.79999923706055,49.04999923706055,48.70000076293945,49.04999923706055,36065,0.0,0.0
2023-06-13 12:00:00+08:00,49.099998474121094,49.099998474121094,48.900001525878906,49.0,43150,0.0,0.0
2023-06-13 13:00:00+08:00,49.0,49.04999923706055,49.0,49.0,19074,0.0,0.0
2023-06-14 09:00:00+08:00,49.900001525878906,50.0,49.5,49.849998474121094,0,0.0,0.0
2023-06-14 10:00:00+08:00,49.900001525878906,49.900001525878906,49.0,49.0,82548,0.0,0.0
2023-06-14 11:00:00+08:00,49.04999923706055,49.650001525878906,48.75,49.400001525878906,40206,0.0,0.0
2023-06-14 12:00:00+08:00,49.25,49.25,49.0,49.0,23000,0.0,0.0
2023-06-14 13:00:00+08:00,49.20000076293945,49.400001525878906,49.0,49.400001525878906,20052,0.0,0.0
2023-06-15 09:00:00+08:00,49.400001525878906,49.400001525878906,48.45000076293945,48.599998474121094,0,0.0,0.0
2023-06-15 10:00:00+08:00,48.599998474121094,48.79999923706055,48.5,48.5,22122,0.0,0.0
2023-06-15 11:00:00+08:00,48.5,48.5,48.5,48.5,11090,0.0,0.0
2023-06-15 12:00:00+08:00,48.79999923706055,48.79999923706055,48.79999923706055,48.79999923706055,3165,0.0,0.0
2023-06-15 13:00:00+08:00,48.79999923706055,49.0,48.79999923706055,48.79999923706055,11080,0.0,0.0
2023-06-16 09:00:00+08:00,48.75,48.75,48.20000076293945,48.349998474121094,0,0.0,0.0
2023-06-16 10:00:00+08:00,48.400001525878906,48.900001525878906,48.400001525878906,48.900001525878906,14100,0.0,0.0
2023-06-16 11:00:00+08:00,49.0,49.099998474121094,48.95000076293945,49.04999923706055,40027,0.0,0.0
2023-06-16 12:00:00+08:00,49.099998474121094,49.20000076293945,49.099998474121094,49.099998474121094,24010,0.0,0.0
2023-06-16 13:00:00+08:00,49.20000076293945,49.20000076293945,49.04999923706055,49.099998474121094,19030,0.0,0.0
2023-06-19 09:00:00+08:00,49.0,49.099998474121094,49.0,49.0,0,0.0,0.0
2023-06-19 10:00:00+08:00,49.0,49.0,48.70000076293945,48.70000076293945,11000,0.0,0.0
2023-06-19 11:00:00+08:00,48.75,49.099998474121094,48.70000076293945,48.79999923706055,16100,0.0,0.0
2023-06-19 12:00:00+08:00,48.79999923706055,48.900001525878906,48.75,48.849998474121094,7105,0.0,0.0
2023-06-19 13:00:00+08:00,48.70000076293945,49.0,48.599998474121094,49.0,6200,0.0,0.0
2023-06-20 09:00:00+08:00,48.54999923706055,48.54999923706055,47.54999923706055,48.400001525878906,0,0.0,0.0
2023-06-20 10:00:00+08:00,48.20000076293945,49.0,48.0,48.0,13000,0.0,0.0
2023-06-20 11:00:00+08:00,48.0,48.0,47.79999923706055,47.79999923706055,14000,0.0,0.0
2023-06-20 12:00:00+08:00,47.79999923706055,47.79999923706055,47.79999923706055,47.79999923706055,4045,0.0,0.0
2023-06-20 13:00:00+08:00,47.79999923706055,47.79999923706055,47.75,47.75,4000,0.0,0.0
2023-06-21 09:00:00+08:00,48.349998474121094,48.45000076293945,47.849998474121094,47.849998474121094,0,0.0,0.0
2023-06-21 10:00:00+08:00,47.849998474121094,47.849998474121094,47.849998474121094,47.849998474121094,7000,0.0,0.0
2023-06-21 11:00:00+08:00,48.0,48.0,47.95000076293945,47.95000076293945,14000,0.0,0.0
2023-06-21 12:00:00+08:00,48.04999923706055,48.04999923706055,48.0,48.0,11035,0.0,0.0
2023-06-21 13:00:00+08:00,48.20000076293945,48.400001525878906,48.20000076293945,48.400001525878906,3000,0.0,0.0
2023-06-26 09:00:00+08:00,48.5,48.5,47.849998474121094,47.849998474121094,0,0.0,0.0
2023-06-26 10:00:00+08:00,48.349998474121094,48.349998474121094,47.900001525878906,47.900001525878906,6000,0.0,0.0
2023-06-26 11:00:00+08:00,47.900001525878906,48.0,47.900001525878906,47.95000076293945,7000,0.0,0.0
2023-06-26 12:00:00+08:00,47.95000076293945,48.0,47.900001525878906,48.0,9000,0.0,0.0
2023-06-26 13:00:00+08:00,48.0,48.0,48.0,48.0,3000,0.0,0.0
2023-06-27 09:00:00+08:00,47.79999923706055,47.900001525878906,47.5,47.849998474121094,15900,0.0,0.0
2023-06-27 10:00:00+08:00,47.849998474121094,47.849998474121094,47.5,47.5,23000,0.0,0.0
2023-06-27 11:00:00+08:00,47.5,47.5,45.0,45.29999923706055,294473,0.0,0.0
2023-06-27 12:00:00+08:00,45.5,46.5,45.349998474121094,45.54999923706055,32075,0.0,0.0
2023-06-27 13:00:00+08:00,45.54999923706055,46.79999923706055,45.5,46.79999923706055,29010,0.0,0.0
2023-06-28 09:00:00+08:00,46.70000076293945,46.70000076293945,45.849998474121094,45.849998474121094,0,0.0,0.0
2023-06-28 10:00:00+08:00,45.849998474121094,45.849998474121094,45.5,45.5,73165,0.0,0.0
2023-06-28 11:00:00+08:00,45.5,45.650001525878906,45.5,45.650001525878906,39035,0.0,0.0
2023-06-28 12:00:00+08:00,45.70000076293945,45.79999923706055,45.70000076293945,45.79999923706055,9598,0.0,0.0
2023-06-28 13:00:00+08:00,45.75,45.75,45.650001525878906,45.75,14252,0.0,0.0
2023-06-29 09:00:00+08:00,46.0,46.099998474121094,45.25,46.099998474121094,0,0.0,0.0
2023-06-29 10:00:00+08:00,46.0,46.0,46.0,46.0,1000,0.0,0.0
2023-06-29 11:00:00+08:00,46.0,46.099998474121094,45.900001525878906,46.099998474121094,11130,0.0,0.0
2023-06-29 12:00:00+08:00,46.04999923706055,46.099998474121094,46.04999923706055,46.099998474121094,12100,0.0,0.0
2023-06-29 13:00:00+08:00,46.0,46.150001525878906,46.0,46.150001525878906,17003,0.0,0.0
2023-06-30 09:00:00+08:00,46.29999923706055,46.599998474121094,46.29999923706055,46.599998474121094,0,0.0,0.0
2023-06-30 10:00:00+08:00,46.599998474121094,46.650001525878906,46.400001525878906,46.5,9000,0.0,0.0
2023-06-30 11:00:00+08:00,46.349998474121094,46.400001525878906,46.29999923706055,46.29999923706055,7010,0.0,0.0
2023-06-30 12:00:00+08:00,46.29999923706055,46.5,46.29999923706055,46.5,7000,0.0,0.0
2023-06-30 13:00:00+08:00,46.349998474121094,46.45000076293945,46.20000076293945,46.45000076293945,10010,0.0,0.0
2023-07-03 09:00:00+08:00,46.5,46.650001525878906,46.5,46.599998474121094,0,0.0,0.0
2023-07-03 10:00:00+08:00,46.400001525878906,46.400001525878906,46.25,46.25,7091,0.0,0.0
2023-07-03 11:00:00+08:00,46.150001525878906,46.650001525878906,46.0,46.400001525878906,26014,0.0,0.0
2023-07-03 12:00:00+08:00,46.5,46.5,46.5,46.5,0,0.0,0.0
2023-07-03 13:00:00+08:00,46.54999923706055,46.599998474121094,46.5,46.5,63378,0.0,0.0
2023-07-04 09:00:00+08:00,46.400001525878906,46.400001525878906,46.20000076293945,46.29999923706055,0,0.0,0.0
2023-07-04 10:00:00+08:00,46.29999923706055,46.29999923706055,46.099998474121094,46.20000076293945,27000,0.0,0.0
2023-07-04 11:00:00+08:00,46.20000076293945,46.5,46.20000076293945,46.5,30300,0.0,0.0
2023-07-04 12:00:00+08:00,46.45000076293945,46.5,46.0,46.5,62098,0.0,0.0
2023-07-04 13:00:00+08:00,46.150001525878906,46.45000076293945,46.099998474121094,46.45000076293945,14000,0.0,0.0
2023-07-05 09:00:00+08:00,46.5,46.900001525878906,46.5,46.900001525878906,0,0.0,0.0
2023-07-05 10:00:00+08:00,46.900001525878906,47.29999923706055,46.79999923706055,47.29999923706055,56000,0.0,0.0
2023-07-05 11:00:00+08:00,47.20000076293945,47.400001525878906,47.20000076293945,47.400001525878906,27000,0.0,0.0
2023-07-05 12:00:00+08:00,47.25,47.25,46.900001525878906,47.20000076293945,16250,0.0,0.0
2023-07-05 13:00:00+08:00,47.20000076293945,47.20000076293945,47.20000076293945,47.20000076293945,3000,0.0,0.0
2023-07-06 09:00:00+08:00,47.29999923706055,47.5,47.29999923706055,47.5,0,0.0,0.0
2023-07-06 10:00:00+08:00,47.45000076293945,47.5,47.29999923706055,47.29999923706055,30003,0.0,0.0
2023-07-06 11:00:00+08:00,47.29999923706055,47.599998474121094,47.29999923706055,47.5,38200,0.0,0.0
2023-07-06 12:00:00+08:00,47.599998474121094,47.79999923706055,47.349998474121094,47.349998474121094,23100,0.0,0.0
2023-07-06 13:00:00+08:00,47.5,47.650001525878906,47.400001525878906,47.599998474121094,7000,0.0,0.0
2023-07-07 09:00:00+08:00,47.79999923706055,48.599998474121094,47.70000076293945,48.29999923706055,0,0.0,0.0
2023-07-07 10:00:00+08:00,48.20000076293945,48.29999923706055,48.099998474121094,48.25,22350,0.0,0.0
2023-07-07 11:00:00+08:00,48.099998474121094,48.20000076293945,48.099998474121094,48.20000076293945,5000,0.0,0.0
2023-07-07 12:00:00+08:00,48.20000076293945,48.25,48.099998474121094,48.25,17005,0.0,0.0
2023-07-07 13:00:00+08:00,48.20000076293945,48.349998474121094,48.150001525878906,48.29999923706055,16000,0.0,0.0
2023-07-10 09:00:00+08:00,47.95000076293945,48.25,47.849998474121094,48.0,0,0.0,0.0
2023-07-10 10:00:00+08:00,48.0,48.25,48.0,48.099998474121094,19000,0.0,0.0
2023-07-10 11:00:00+08:00,48.25,48.29999923706055,48.0,48.0,29000,0.0,0.0
2023-07-10 12:00:00+08:00,48.04999923706055,48.099998474121094,47.79999923706055,48.099998474121094,23160,0.0,0.0
2023-07-10 13:00:00+08:00,48.04999923706055,48.04999923706055,47.95000076293945,47.95000076293945,3000,0.0,0.0
2023-07-11 09:00:00+08:00,47.79999923706055,47.79999923706055,46.04999923706055,46.20000076293945,0,0.0,0.0
2023-07-11 10:00:00+08:00,46.25,46.95000076293945,46.20000076293945,46.95000076293945,28023,0.0,0.0
2023-07-11 11:00:00+08:00,47.0,47.650001525878906,47.0,47.0,19130,0.0,0.0
2023-07-11 12:00:00+08:00,47.0,47.0,46.75,46.75,9000,0.0,0.0
2023-07-11 13:00:00+08:00,46.79999923706055,46.79999923706055,46.599998474121094,46.599998474121094,16000,0.0,0.0
2023-07-12 09:00:00+08:00,47.0,47.0,46.5,46.75,0,0.0,0.0
2023-07-12 10:00:00+08:00,46.5,46.5,46.20000076293945,46.25,24000,0.0,0.0
2023-07-12 11:00:00+08:00,46.25,46.25,46.0,46.0,77630,0.0,0.0
2023-07-12 12:00:00+08:00,46.04999923706055,46.150001525878906,46.0,46.04999923706055,12161,0.0,0.0
2023-07-12 13:00:00+08:00,46.0,46.0,45.95000076293945,45.95000076293945,21000,0.0,0.0
2023-07-13 09:00:00+08:00,46.900001525878906,46.900001525878906,45.5,45.5,0,0.0,0.0
2023-07-13 10:00:00+08:00,45.54999923706055,45.900001525878906,45.5,45.5,53090,0.0,0.0
2023-07-13 11:00:00+08:00,45.5,45.5,44.95000076293945,45.04999923706055,90000,0.0,0.0
2023-07-13 12:00:00+08:00,45.04999923706055,45.29999923706055,44.900001525878906,44.900001525878906,43172,0.0,0.0
2023-07-13 13:00:00+08:00,44.95000076293945,45.5,44.900001525878906,45.5,13236,0.0,0.0
2023-07-14 09:00:00+08:00,44.900001525878906,45.04999923706055,44.5,45.04999923706055,0,0.0,0.0
2023-07-14 10:00:00+08:00,45.5,45.5,45.0,45.45000076293945,17000,0.0,0.0
2023-07-14 11:00:00+08:00,45.099998474121094,45.099998474121094,45.04999923706055,45.04999923706055,5000,0.0,0.0
2023-07-14 12:00:00+08:00,45.45000076293945,45.45000076293945,45.04999923706055,45.04999923706055,5250,0.0,0.0
2023-07-14 13:00:00+08:00,45.04999923706055,45.04999923706055,44.95000076293945,44.95000076293945,0,0.0,0.0
2023-07-17 09:00:00+08:00,45.0,45.099998474121094,44.95000076293945,44.95000076293945,75440,0.0,0.0
2023-07-17 10:00:00+08:00,44.95000076293945,45.20000076293945,44.95000076293945,45.20000076293945,56000,0.0,0.0
2023-07-17 11:00:00+08:00,45.20000076293945,45.29999923706055,45.20000076293945,45.29999923706055,11000,0.0,0.0
2023-07-17 12:00:00+08:00,45.29999923706055,46.099998474121094,45.29999923706055,46.099998474121094,20000,0.0,0.0
2023-07-17 13:00:00+08:00,46.150001525878906,46.150001525878906,46.0,46.0,6000,0.0,0.0
2023-07-18 09:00:00+08:00,46.0,46.0,45.0,45.099998474121094,0,0.0,0.0
2023-07-18 10:00:00+08:00,45.04999923706055,45.04999923706055,44.5,44.79999923706055,30100,0.0,0.0
2023-07-18 11:00:00+08:00,44.900001525878906,44.900001525878906,44.900001525878906,44.900001525878906,1000,0.0,0.0
2023-07-18 12:00:00+08:00,45.0,45.0,44.849998474121094,45.0,14015,0.0,0.0
2023-07-18 13:00:00+08:00,45.0,45.45000076293945,45.0,45.45000076293945,4001,0.0,0.0
2023-07-19 09:00:00+08:00,45.599998474121094,45.599998474121094,45.45000076293945,45.599998474121094,0,0.0,0.0
2023-07-19 10:00:00+08:00,45.75,46.0,45.75,45.75,6000,0.0,0.0
2023-07-19 11:00:00+08:00,45.900001525878906,46.0,45.900001525878906,46.0,9000,0.0,0.0
2023-07-19 12:00:00+08:00,45.95000076293945,46.0,45.70000076293945,45.70000076293945,19100,0.0,0.0
2023-07-19 13:00:00+08:00,45.5,45.70000076293945,45.099998474121094,45.099998474121094,0,0.0,0.0
2023-07-20 09:00:00+08:00,45.79999923706055,46.0,45.79999923706055,46.0,6000,0.0,0.0
2023-07-20 10:00:00+08:00,45.79999923706055,45.79999923706055,45.45000076293945,45.45000076293945,5000,0.0,0.0
2023-07-20 11:00:00+08:00,45.29999923706055,45.29999923706055,45.20000076293945,45.20000076293945,7000,0.0,0.0
2023-07-20 12:00:00+08:00,45.25,45.25,45.099998474121094,45.099998474121094,11150,0.0,0.0
2023-07-20 13:00:00+08:00,45.099998474121094,45.20000076293945,45.0,45.0,15100,0.0,0.0
2023-07-21 09:00:00+08:00,44.95000076293945,44.95000076293945,44.650001525878906,44.79999923706055,0,0.0,0.0
2023-07-21 10:00:00+08:00,44.79999923706055,44.79999923706055,44.0,44.0,76115,0.0,0.0
2023-07-21 11:00:00+08:00,44.04999923706055,44.04999923706055,42.20000076293945,43.0,127575,0.0,0.0
2023-07-21 12:00:00+08:00,42.900001525878906,42.900001525878906,42.5,42.5,57068,0.0,0.0
2023-07-21 13:00:00+08:00,42.599998474121094,42.79999923706055,42.54999923706055,42.54999923706055,28000,0.0,0.0
2023-07-24 09:00:00+08:00,42.54999923706055,42.70000076293945,42.29999923706055,42.70000076293945,0,0.0,0.0
2023-07-24 10:00:00+08:00,42.70000076293945,43.0,42.70000076293945,43.0,22000,0.0,0.0
2023-07-24 11:00:00+08:00,43.5,43.5,43.5,43.5,6000,0.0,0.0
2023-07-24 12:00:00+08:00,43.29999923706055,43.29999923706055,42.900001525878906,42.900001525878906,12100,0.0,0.0
2023-07-24 13:00:00+08:00,42.900001525878906,42.900001525878906,42.900001525878906,42.900001525878906,1000,0.0,0.0
2023-07-25 09:00:00+08:00,42.849998474121094,42.849998474121094,42.5,42.5,0,0.0,0.0
2023-07-25 10:00:00+08:00,42.5,42.79999923706055,42.5,42.79999923706055,26000,0.0,0.0
2023-07-25 11:00:00+08:00,42.75,43.099998474121094,42.75,43.099998474121094,25000,0.0,0.0
2023-07-25 12:00:00+08:00,43.099998474121094,43.099998474121094,43.099998474121094,43.099998474121094,5000,0.0,0.0
2023-07-25 13:00:00+08:00,42.900001525878906,43.099998474121094,42.70000076293945,43.099998474121094,19075,0.0,0.0
2023-07-26 09:00:00+08:00,43.900001525878906,43.900001525878906,43.900001525878906,43.900001525878906,0,0.0,0.0
2023-07-26 10:00:00+08:00,43.29999923706055,43.29999923706055,43.0,43.0,12200,0.0,0.0
2023-07-26 11:00:00+08:00,43.04999923706055,43.04999923706055,43.0,43.0,2000,0.0,0.0
2023-07-26 12:00:00+08:00,43.0,43.0,42.95000076293945,42.95000076293945,6000,0.0,0.0
2023-07-26 13:00:00+08:00,42.95000076293945,42.95000076293945,42.95000076293945,42.95000076293945,3013,0.0,0.0
2023-07-27 09:00:00+08:00,42.099998474121094,42.20000076293945,42.099998474121094,42.150001525878906,0,0.0,0.0
2023-07-27 10:00:00+08:00,42.5,43.04999923706055,42.5,43.0,15018,0.0,0.0
2023-07-27 11:00:00+08:00,43.0,43.099998474121094,43.0,43.099998474121094,7000,0.0,0.0
2023-07-27 12:00:00+08:00,43.04999923706055,43.04999923706055,42.650001525878906,42.650001525878906,10000,0.0,0.0
2023-07-27 13:00:00+08:00,42.70000076293945,42.70000076293945,42.70000076293945,42.70000076293945,3030,0.0,0.0
2023-07-28 09:00:00+08:00,42.5,43.099998474121094,42.29999923706055,43.099998474121094,0,0.0,0.0
2023-07-28 10:00:00+08:00,43.099998474121094,43.099998474121094,42.95000076293945,42.95000076293945,6000,0.0,0.0
2023-07-28 12:00:00+08:00,43.0,43.45000076293945,43.0,43.0,9000,0.0,0.0
2023-07-28 13:00:00+08:00,43.0,43.0,43.0,43.0,4000,0.0,0.0
2023-07-31 09:00:00+08:00,43.45000076293945,43.5,43.45000076293945,43.5,0,0.0,0.0
2023-07-31 11:00:00+08:00,43.45000076293945,43.45000076293945,43.45000076293945,43.45000076293945,2120,0.0,0.0
2023-07-31 12:00:00+08:00,43.400001525878906,43.45000076293945,43.400001525878906,43.45000076293945,2000,0.0,0.0
2023-07-31 13:00:00+08:00,43.45000076293945,43.70000076293945,43.0,43.70000076293945,11000,0.0,0.0
2023-08-01 09:00:00+08:00,43.79999923706055,44.0,43.79999923706055,43.79999923706055,0,0.0,0.0
2023-08-01 10:00:00+08:00,43.79999923706055,43.79999923706055,43.70000076293945,43.70000076293945,4000,0.0,0.0
2023-08-01 11:00:00+08:00,43.79999923706055,43.79999923706055,43.75,43.79999923706055,7011,0.0,0.0
2023-08-01 12:00:00+08:00,43.849998474121094,43.95000076293945,43.849998474121094,43.900001525878906,10000,0.0,0.0
2023-08-01 13:00:00+08:00,43.900001525878906,43.900001525878906,43.900001525878906,43.900001525878906,2000,0.0,0.0
2023-08-02 10:00:00+08:00,43.75,43.900001525878906,43.70000076293945,43.900001525878906,10000,0.0,0.0
2023-08-02 11:00:00+08:00,43.900001525878906,44.0,43.75,43.900001525878906,32335,0.0,0.0
2023-08-02 12:00:00+08:00,44.0,44.0,43.79999923706055,43.900001525878906,9015,0.0,0.0
2023-08-02 13:00:00+08:00,43.900001525878906,43.900001525878906,43.900001525878906,43.900001525878906,1000,0.0,0.0
2023-08-04 09:00:00+08:00,44.0,44.099998474121094,43.5,43.5,0,0.0,0.0
2023-08-04 10:00:00+08:00,43.45000076293945,43.75,43.45000076293945,43.45000076293945,10000,0.0,0.0
2023-08-04 11:00:00+08:00,43.400001525878906,43.54999923706055,43.400001525878906,43.45000076293945,5000,0.0,0.0
2023-08-04 12:00:00+08:00,43.5,43.5,43.5,43.5,1069,0.0,0.0
2023-08-04 13:00:00+08:00,43.54999923706055,43.54999923706055,43.5,43.5,9000,0.0,0.0
2023-08-07 09:00:00+08:00,43.0,43.0,42.5,42.5,0,0.0,0.0
2023-08-07 10:00:00+08:00,42.5,42.54999923706055,42.349998474121094,42.349998474121094,14100,0.0,0.0
2023-08-07 11:00:00+08:00,42.349998474121094,42.349998474121094,42.349998474121094,42.349998474121094,5000,0.0,0.0
2023-08-07 12:00:00+08:00,42.349998474121094,42.400001525878906,42.29999923706055,42.29999923706055,21031,0.0,0.0
2023-08-08 09:00:00+08:00,42.29999923706055,43.0,42.29999923706055,43.0,0,0.0,0.0
2023-08-08 10:00:00+08:00,42.900001525878906,42.900001525878906,42.900001525878906,42.900001525878906,1250,0.0,0.0
2023-08-08 11:00:00+08:00,42.849998474121094,42.849998474121094,42.849998474121094,42.849998474121094,4000,0.0,0.0
2023-08-08 12:00:00+08:00,42.5,42.5,42.400001525878906,42.5,10000,0.0,0.0
2023-08-08 13:00:00+08:00,42.5,42.5,42.349998474121094,42.349998474121094,17000,0.0,0.0
2023-08-09 09:00:00+08:00,42.5,42.5,42.5,42.5,0,0.0,0.0
2023-08-09 10:00:00+08:00,42.5,42.5,42.400001525878906,42.400001525878906,2000,0.0,0.0
2023-08-09 11:00:00+08:00,42.5,42.5,42.5,42.5,1000,0.0,0.0
2023-08-09 13:00:00+08:00,42.5,42.5,42.5,42.5,1032,0.0,0.0
2023-08-10 11:00:00+08:00,42.5,42.5,42.29999923706055,42.29999923706055,1000,0.0,0.0
2023-08-10 12:00:00+08:00,42.29999923706055,42.29999923706055,42.25,42.25,4000,0.0,0.0
2023-08-10 13:00:00+08:00,42.20000076293945,42.20000076293945,42.0,42.0,13000,0.0,0.0
2023-08-11 09:00:00+08:00,43.0,43.0,42.900001525878906,42.900001525878906,0,0.0,0.0
2023-08-11 10:00:00+08:00,42.79999923706055,42.900001525878906,42.75,42.79999923706055,11000,0.0,0.0
2023-08-11 11:00:00+08:00,42.79999923706055,42.849998474121094,42.79999923706055,42.849998474121094,11000,0.0,0.0
2023-08-11 12:00:00+08:00,42.849998474121094,43.0,42.849998474121094,43.0,16000,0.0,0.0
2023-08-11 13:00:00+08:00,43.0,43.0,43.0,43.0,4015,0.0,0.0
2023-08-14 09:00:00+08:00,42.0,42.0,41.79999923706055,41.79999923706055,0,0.0,0.0
2023-08-14 10:00:00+08:00,41.79999923706055,41.79999923706055,40.95000076293945,41.0,38102,0.0,0.0
2023-08-14 11:00:00+08:00,41.04999923706055,41.04999923706055,41.0,41.0,15000,0.0,0.0
2023-08-14 12:00:00+08:00,40.79999923706055,41.5,40.599998474121094,41.25,15059,0.0,0.0
2023-08-14 13:00:00+08:00,41.099998474121094,41.099998474121094,41.0,41.0,10005,0.0,0.0
2023-08-15 09:00:00+08:00,41.0,41.0,40.5,41.0,0,0.0,0.0
2023-08-15 10:00:00+08:00,41.0,41.0,40.400001525878906,40.79999923706055,20210,0.0,0.0
2023-08-15 11:00:00+08:00,40.5,40.5,40.400001525878906,40.400001525878906,7000,0.0,0.0
2023-08-15 12:00:00+08:00,40.400001525878906,40.5,40.349998474121094,40.5,11186,0.0,0.0
2023-08-15 13:00:00+08:00,40.45000076293945,40.5,40.349998474121094,40.349998474121094,0,0.0,0.0
2023-08-16 09:00:00+08:00,41.04999923706055,41.04999923706055,41.0,41.0,2000,0.0,0.0
2023-08-16 10:00:00+08:00,41.95000076293945,42.0,41.95000076293945,42.0,3000,0.0,0.0
2023-08-16 11:00:00+08:00,41.5,41.5,41.5,41.5,8200,0.0,0.0
2023-08-16 12:00:00+08:00,41.75,42.5,41.75,42.5,15861,0.0,0.0
2023-08-16 13:00:00+08:00,42.29999923706055,43.0,42.29999923706055,43.0,9000,0.0,0.0
2023-08-17 09:00:00+08:00,42.20000076293945,42.400001525878906,41.5,41.5,0,0.0,0.0
2023-08-17 10:00:00+08:00,41.5,41.54999923706055,41.5,41.54999923706055,13464,0.0,0.0
2023-08-17 11:00:00+08:00,41.599998474121094,41.650001525878906,41.599998474121094,41.650001525878906,2000,0.0,0.0
2023-08-17 12:00:00+08:00,41.75,42.0,41.75,41.75,8012,0.0,0.0
2023-08-17 13:00:00+08:00,41.849998474121094,41.849998474121094,41.849998474121094,41.849998474121094,1000,0.0,0.0
2023-08-18 11:00:00+08:00,41.95000076293945,41.95000076293945,41.349998474121094,41.349998474121094,5020,0.0,0.0
2023-08-18 12:00:00+08:00,41.349998474121094,41.349998474121094,41.0,41.04999923706055,14000,0.0,0.0
2023-08-18 13:00:00+08:00,41.04999923706055,41.45000076293945,41.04999923706055,41.04999923706055,7300,0.0,0.0
2023-08-21 12:00:00+08:00,42.5,42.5,42.5,42.5,1245,0.0,0.0
2023-08-21 13:00:00+08:00,41.5,41.5,41.5,41.5,2200,0.0,0.0
2023-08-22 10:00:00+08:00,41.70000076293945,41.70000076293945,41.5,41.5,14300,0.0,0.0
2023-08-22 13:00:00+08:00,41.95000076293945,41.95000076293945,41.95000076293945,41.95000076293945,1000,0.0,0.0
2023-08-23 10:00:00+08:00,41.099998474121094,41.099998474121094,41.0,41.0,3002,0.0,0.0
2023-08-23 11:00:00+08:00,41.04999923706055,41.45000076293945,41.04999923706055,41.45000076293945,2000,0.0,0.0
2023-08-24 09:00:00+08:00,41.599998474121094,41.599998474121094,41.599998474121094,41.599998474121094,0,0.0,0.0
2023-08-24 10:00:00+08:00,41.400001525878906,41.400001525878906,41.400001525878906,41.400001525878906,1000,0.0,0.0
2023-08-24 11:00:00+08:00,41.29999923706055,41.29999923706055,41.04999923706055,41.04999923706055,2400,0.0,0.0
2023-08-24 12:00:00+08:00,41.25,41.29999923706055,41.04999923706055,41.04999923706055,5000,0.0,0.0
2023-08-24 13:00:00+08:00,41.04999923706055,41.04999923706055,40.900001525878906,40.900001525878906,0,0.0,0.0
2023-08-25 11:00:00+08:00,40.900001525878906,40.900001525878906,40.849998474121094,40.849998474121094,5300,0.0,0.0
2023-08-25 12:00:00+08:00,40.900001525878906,40.900001525878906,40.900001525878906,40.900001525878906,1022,0.0,0.0
2023-08-28 09:00:00+08:00,40.75,40.75,40.70000076293945,40.70000076293945,0,0.0,0.0
2023-08-28 10:00:00+08:00,40.70000076293945,40.79999923706055,40.70000076293945,40.75,6100,0.0,0.0
2023-08-28 11:00:00+08:00,40.75,40.75,40.70000076293945,40.70000076293945,7200,0.0,0.0
2023-08-28 12:00:00+08:00,40.70000076293945,40.70000076293945,40.650001525878906,40.650001525878906,8001,0.0,0.0
2023-08-28 13:00:00+08:00,40.599998474121094,40.599998474121094,40.599998474121094,40.599998474121094,0,0.0,0.0
2023-08-29 10:00:00+08:00,40.75,40.75,40.75,40.75,2020,0.0,0.0
2023-08-29 11:00:00+08:00,40.75,40.75,40.099998474121094,40.099998474121094,11000,0.0,0.0
2023-08-29 12:00:00+08:00,40.5,40.5,40.099998474121094,40.099998474121094,10000,0.0,0.0
2023-08-29 13:00:00+08:00,40.5,40.5,40.099998474121094,40.099998474121094,6000,0.0,0.0
2023-08-30 09:00:00+08:00,40.5,40.5,40.5,40.5,0,0.0,0.0
2023-08-30 10:00:00+08:00,40.45000076293945,40.45000076293945,40.349998474121094,40.349998474121094,10102,0.0,0.0
2023-08-30 11:00:00+08:00,40.349998474121094,40.349998474121094,40.349998474121094,40.349998474121094,17000,0.0,0.0
2023-08-30 12:00:00+08:00,40.349998474121094,41.0,40.349998474121094,41.0,3148,0.0,0.0
2023-08-30 13:00:00+08:00,41.0,41.0,40.849998474121094,40.849998474121094,2000,0.0,0.0
2023-08-31 09:00:00+08:00,40.849998474121094,40.900001525878906,40.5,40.900001525878906,0,0.0,0.0
2023-08-31 12:00:00+08:00,40.79999923706055,40.79999923706055,40.75,40.75,2000,0.0,0.0
2023-08-31 13:00:00+08:00,40.849998474121094,40.849998474121094,40.70000076293945,40.70000076293945,5100,0.0,0.0
2023-09-01 09:00:00+08:00,40.79999923706055,40.79999923706055,40.79999923706055,40.79999923706055,0,0.0,0.0
2023-09-01 10:00:00+08:00,40.650001525878906,40.95000076293945,40.650001525878906,40.95000076293945,2000,0.0,0.0
2023-09-01 11:00:00+08:00,41.0,41.349998474121094,41.0,41.349998474121094,7000,0.0,0.0
2023-09-01 12:00:00+08:00,41.349998474121094,41.900001525878906,41.349998474121094,41.900001525878906,13001,0.0,0.0
2023-09-01 13:00:00+08:00,41.95000076293945,42.0,41.70000076293945,41.70000076293945,8142,0.0,0.0
2023-09-04 10:00:00+08:00,41.5,41.5,41.29999923706055,41.29999923706055,1000,0.0,0.0
2023-09-04 12:00:00+08:00,41.150001525878906,41.150001525878906,41.099998474121094,41.099998474121094,2000,0.0,0.0
2023-09-04 13:00:00+08:00,41.150001525878906,41.150001525878906,41.150001525878906,41.150001525878906,4000,0.0,0.0
2023-09-05 09:00:00+08:00,41.150001525878906,41.25,41.150001525878906,41.25,0,0.0,0.0
2023-09-05 10:00:00+08:00,41.25,41.25,41.25,41.25,1010,0.0,0.0
2023-09-05 11:00:00+08:00,41.20000076293945,41.20000076293945,41.150001525878906,41.150001525878906,0,0.0,0.0
2023-09-06 09:00:00+08:00,41.150001525878906,41.150001525878906,41.150001525878906,41.150001525878906,3000,0.0,0.0
2023-09-06 10:00:00+08:00,41.099998474121094,41.099998474121094,40.95000076293945,41.099998474121094,0,0.0,0.0
2023-09-06 11:00:00+08:00,41.099998474121094,41.099998474121094,41.099998474121094,41.099998474121094,12214,0.0,0.0
2023-09-06 12:00:00+08:00,41.20000076293945,41.20000076293945,41.20000076293945,41.20000076293945,2000,0.0,0.0
2023-09-07 10:00:00+08:00,41.099998474121094,41.099998474121094,41.099998474121094,41.099998474121094,0,0.0,0.0
2023-09-07 12:00:00+08:00,41.04999923706055,41.04999923706055,41.04999923706055,41.04999923706055,2000,0.0,0.0
2023-09-07 13:00:00+08:00,41.0,41.0,41.0,41.0,0,0.0,0.0
2023-09-08 09:00:00+08:00,41.099998474121094,41.099998474121094,40.95000076293945,40.95000076293945,4000,0.0,0.0
2023-09-08 10:00:00+08:00,41.0,41.099998474121094,41.0,41.099998474121094,9141,0.0,0.0
2023-09-08 12:00:00+08:00,41.04999923706055,41.04999923706055,41.04999923706055,41.04999923706055,3000,0.0,0.0
2023-09-11 09:00:00+08:00,41.20000076293945,41.20000076293945,40.599998474121094,40.650001525878906,0,0.0,0.0
2023-09-11 10:00:00+08:00,40.650001525878906,40.79999923706055,40.349998474121094,40.349998474121094,19102,0.0,0.0
2023-09-11 11:00:00+08:00,40.29999923706055,40.29999923706055,40.150001525878906,40.20000076293945,12000,0.0,0.0
2023-09-11 12:00:00+08:00,40.29999923706055,40.349998474121094,40.29999923706055,40.29999923706055,12000,0.0,0.0
2023-09-11 13:00:00+08:00,40.400001525878906,40.5,40.400001525878906,40.5,5000,0.0,0.0
2023-09-12 09:00:00+08:00,40.45000076293945,40.45000076293945,40.0,40.04999923706055,0,0.0,0.0
2023-09-12 10:00:00+08:00,40.04999923706055,40.29999923706055,40.0,40.29999923706055,21000,0.0,0.0
2023-09-12 11:00:00+08:00,40.25,40.25,40.25,40.25,3000,0.0,0.0
2023-09-12 12:00:00+08:00,40.20000076293945,40.25,40.20000076293945,40.20000076293945,9000,0.0,0.0
2023-09-12 13:00:00+08:00,40.099998474121094,40.29999923706055,40.099998474121094,40.29999923706055,0,0.0,0.0
2023-09-13 11:00:00+08:00,40.29999923706055,40.29999923706055,40.29999923706055,40.29999923706055,1000,0.0,0.0
2023-09-13 13:00:00+08:00,40.25,40.29999923706055,40.25,40.29999923706055,3000,0.0,0.0
2023-09-14 09:00:00+08:00,40.29999923706055,40.29999923706055,40.29999923706055,40.29999923706055,0,0.0,0.0
2023-09-14 10:00:00+08:00,40.349998474121094,40.349998474121094,40.29999923706055,40.29999923706055,2425,0.0,0.0
2023-09-14 11:00:00+08:00,40.5,40.5,40.5,40.5,1000,0.0,0.0
2023-09-14 12:00:00+08:00,40.349998474121094,40.349998474121094,40.349998474121094,40.349998474121094,1000,0.0,0.0
2023-09-14 13:00:00+08:00,40.599998474121094,40.599998474121094,40.400001525878906,40.400001525878906,2000,0.0,0.0
2023-09-15 09:00:00+08:00,41.0,41.0,41.0,41.0,0,0.0,0.0
2023-09-15 10:00:00+08:00,40.5,40.5,40.5,40.5,1000,0.0,0.0
2023-09-15 11:00:00+08:00,40.5,40.5,40.5,40.5,1000,0.0,0.0
2023-09-15 12:00:00+08:00,40.5,41.0,40.5,41.0,6000,0.0,0.0
2023-09-15 13:00:00+08:00,41.0,41.0,41.0,41.0,12000,0.0,0.0
2023-09-18 09:00:00+08:00,41.95000076293945,41.95000076293945,41.95000076293945,41.95000076293945,0,0.0,0.0
2023-09-18 10:00:00+08:00,41.70000076293945,41.70000076293945,41.70000076293945,41.70000076293945,1000,0.0,0.0
2023-09-18 12:00:00+08:00,41.54999923706055,41.54999923706055,41.5,41.54999923706055,7000,0.0,0.0
2023-09-18 13:00:00+08:00,41.29999923706055,41.29999923706055,41.29999923706055,41.29999923706055,0,0.0,0.0
2023-09-19 09:00:00+08:00,41.79999923706055,41.79999923706055,41.79999923706055,41.79999923706055,1065,0.0,0.0
2023-09-19 10:00:00+08:00,41.400001525878906,41.400001525878906,41.400001525878906,41.400001525878906,1000,0.0,0.0
2023-09-19 11:00:00+08:00,41.349998474121094,41.349998474121094,41.349998474121094,41.349998474121094,1000,0.0,0.0
2023-09-19 12:00:00+08:00,41.0,41.20000076293945,41.0,41.20000076293945,2400,0.0,0.0
2023-09-19 13:00:00+08:00,41.20000076293945,41.20000076293945,40.900001525878906,40.900001525878906,3000,0.0,0.0
2023-09-20 09:00:00+08:00,41.45000076293945,41.45000076293945,41.45000076293945,41.45000076293945,0,0.0,0.0
2023-09-20 10:00:00+08:00,40.54999923706055,40.54999923706055,40.54999923706055,40.54999923706055,1000,0.0,0.0
2023-09-20 12:00:00+08:00,40.54999923706055,41.0,40.54999923706055,41.0,2000,0.0,0.0
2023-09-20 13:00:00+08:00,40.5,40.5,40.5,40.5,3000,0.0,0.0
2023-09-21 10:00:00+08:00,40.20000076293945,40.20000076293945,40.150001525878906,40.150001525878906,5050,0.0,0.0
2023-09-21 11:00:00+08:00,40.150001525878906,40.20000076293945,40.150001525878906,40.20000076293945,5000,0.0,0.0
2023-09-21 12:00:00+08:00,40.150001525878906,40.150001525878906,40.099998474121094,40.099998474121094,9000,0.0,0.0
2023-09-22 09:00:00+08:00,40.0,40.0,39.70000076293945,39.70000076293945,2000,0.0,0.0
2023-09-22 10:00:00+08:00,40.0,40.0,40.0,40.0,6000,0.0,0.0
2023-09-22 11:00:00+08:00,40.04999923706055,40.29999923706055,40.0,40.29999923706055,0,0.0,0.0
2023-09-22 12:00:00+08:00,40.29999923706055,40.29999923706055,40.04999923706055,40.04999923706055,18000,0.0,0.0
2023-09-22 13:00:00+08:00,40.0,40.20000076293945,40.0,40.20000076293945,7100,0.0,0.0
2023-09-25 09:00:00+08:00,40.5,40.5,40.5,40.5,0,0.0,0.0
2023-09-25 11:00:00+08:00,40.04999923706055,40.099998474121094,40.04999923706055,40.04999923706055,4100,0.0,0.0
2023-09-25 12:00:00+08:00,40.150001525878906,40.400001525878906,40.099998474121094,40.150001525878906,5000,0.0,0.0
2023-09-25 13:00:00+08:00,40.150001525878906,40.150001525878906,40.150001525878906,40.150001525878906,0,0.0,0.0
2023-09-26 09:00:00+08:00,40.099998474121094,40.099998474121094,40.04999923706055,40.04999923706055,6195,0.0,0.0
2023-09-26 10:00:00+08:00,40.150001525878906,40.150001525878906,40.150001525878906,40.150001525878906,1000,0.0,0.0
2023-09-26 11:00:00+08:00,40.0,40.04999923706055,40.0,40.04999923706055,4000,0.0,0.0
2023-09-26 12:00:00+08:00,40.0,40.04999923706055,40.0,40.0,6000,0.0,0.0
2023-09-26 13:00:00+08:00,40.04999923706055,40.04999923706055,40.0,40.0,0,0.0,0.0
2023-09-27 10:00:00+08:00,40.0,40.0,39.900001525878906,39.900001525878906,3200,0.0,0.0
2023-09-27 11:00:00+08:00,39.849998474121094,39.95000076293945,39.70000076293945,39.95000076293945,9090,0.0,0.0
2023-09-27 12:00:00+08:00,39.95000076293945,39.95000076293945,39.95000076293945,39.95000076293945,1000,0.0,0.0
2023-09-27 13:00:00+08:00,39.95000076293945,39.95000076293945,39.95000076293945,39.95000076293945,0,0.0,0.0
2023-09-28 09:00:00+08:00,39.599998474121094,39.599998474121094,39.349998474121094,39.349998474121094,7000,0.0,0.0
2023-09-28 10:00:00+08:00,39.45000076293945,39.5,39.29999923706055,39.400001525878906,9252,0.0,0.0
2023-09-28 11:00:00+08:00,39.349998474121094,39.349998474121094,39.29999923706055,39.29999923706055,4150,0.0,0.0
2023-09-28 12:00:00+08:00,39.29999923706055,39.29999923706055,39.150001525878906,39.29999923706055,3000,0.0,0.0
2023-09-28 13:00:00+08:00,39.20000076293945,39.20000076293945,39.150001525878906,39.150001525878906,3001,0.0,0.0
2023-10-02 09:00:00+08:00,39.25,39.25,39.25,39.25,0,0.0,0.0
2023-10-02 10:00:00+08:00,39.25,39.29999923706055,39.25,39.29999923706055,4000,0.0,0.0
2023-10-02 11:00:00+08:00,39.29999923706055,39.29999923706055,39.29999923706055,39.29999923706055,1223,0.0,0.0
2023-10-02 12:00:00+08:00,39.29999923706055,39.29999923706055,39.29999923706055,39.29999923706055,2100,0.0,0.0
2023-10-02 13:00:00+08:00,39.5,39.5,39.25,39.25,3100,0.0,0.0
2023-10-03 09:00:00+08:00,39.25,39.25,39.150001525878906,39.25,0,0.0,0.0
2023-10-03 10:00:00+08:00,39.25,39.25,39.150001525878906,39.150001525878906,5000,0.0,0.0
2023-10-03 11:00:00+08:00,39.150001525878906,39.150001525878906,39.099998474121094,39.099998474121094,2000,0.0,0.0
2023-10-03 12:00:00+08:00,39.099998474121094,39.099998474121094,37.900001525878906,37.900001525878906,13655,0.0,0.0
2023-10-03 13:00:00+08:00,38.54999923706055,39.0,38.54999923706055,39.0,6297,0.0,0.0
2023-10-04 09:00:00+08:00,39.0,39.0,39.0,39.0,0,0.0,0.0
2023-10-04 10:00:00+08:00,38.29999923706055,38.5,38.25,38.5,7270,0.0,0.0
2023-10-04 11:00:00+08:00,38.349998474121094,38.400001525878906,38.349998474121094,38.400001525878906,10000,0.0,0.0
2023-10-04 12:00:00+08:00,38.29999923706055,38.5,38.25,38.25,4000,0.0,0.0
2023-10-04 13:00:00+08:00,38.29999923706055,38.5,38.29999923706055,38.5,2000,0.0,0.0
2023-10-05 09:00:00+08:00,39.099998474121094,39.099998474121094,38.45000076293945,38.849998474121094,3000,0.0,0.0
2023-10-05 10:00:00+08:00,38.54999923706055,38.599998474121094,38.54999923706055,38.54999923706055,9051,0.0,0.0
2023-10-05 11:00:00+08:00,38.599998474121094,38.599998474121094,38.5,38.5,2000,0.0,0.0
2023-10-05 12:00:00+08:00,38.5,38.70000076293945,38.5,38.70000076293945,9180,0.0,0.0
2023-10-06 09:00:00+08:00,38.099998474121094,38.5,38.099998474121094,38.5,0,0.0,0.0
2023-10-06 10:00:00+08:00,38.5,38.5,38.5,38.5,1000,0.0,0.0
2023-10-06 11:00:00+08:00,38.5,38.70000076293945,38.5,38.70000076293945,2100,0.0,0.0
2023-10-06 12:00:00+08:00,38.5,38.5,38.29999923706055,38.29999923706055,7650,0.0,0.0
2023-10-11 09:00:00+08:00,38.70000076293945,38.70000076293945,38.54999923706055,38.54999923706055,0,0.0,0.0
2023-10-11 10:00:00+08:00,38.70000076293945,38.95000076293945,38.25,38.29999923706055,4000,0.0,0.0
2023-10-11 11:00:00+08:00,38.29999923706055,38.29999923706055,38.29999923706055,38.29999923706055,4000,0.0,0.0
2023-10-11 12:00:00+08:00,38.599998474121094,38.599998474121094,38.400001525878906,38.400001525878906,3000,0.0,0.0
2023-10-11 13:00:00+08:00,38.599998474121094,38.599998474121094,38.599998474121094,38.599998474121094,2000,0.0,0.0
2023-10-12 10:00:00+08:00,38.29999923706055,38.29999923706055,37.79999923706055,37.79999923706055,36450,0.0,0.0
2023-10-12 11:00:00+08:00,38.0,38.0,37.79999923706055,38.0,10077,0.0,0.0
2023-10-12 12:00:00+08:00,38.0,38.0,37.900001525878906,37.900001525878906,5000,0.0,0.0
2023-10-12 13:00:00+08:00,38.0,38.0,38.0,38.0,1000,0.0,0.0
2023-10-13 09:00:00+08:00,39.20000076293945,39.20000076293945,39.04999923706055,39.04999923706055,0,0.0,0.0
2023-10-13 10:00:00+08:00,38.29999923706055,38.29999923706055,38.29999923706055,38.29999923706055,3000,0.0,0.0
2023-10-13 11:00:00+08:00,38.20000076293945,38.20000076293945,38.20000076293945,38.20000076293945,2330,0.0,0.0
2023-10-16 09:00:00+08:00,38.29999923706055,38.29999923706055,38.099998474121094,38.099998474121094,0,0.0,0.0
2023-10-16 10:00:00+08:00,38.099998474121094,38.20000076293945,38.0,38.0,10000,0.0,0.0
2023-10-16 11:00:00+08:00,38.0,38.0,37.900001525878906,37.900001525878906,8000,0.0,0.0
2023-10-16 12:00:00+08:00,38.0,38.0,38.0,38.0,4000,0.0,0.0
2023-10-16 13:00:00+08:00,37.95000076293945,37.95000076293945,37.95000076293945,37.95000076293945,0,0.0,0.0
2023-10-17 09:00:00+08:00,38.0,38.0,37.95000076293945,37.95000076293945,3100,0.0,0.0
2023-10-17 10:00:00+08:00,38.0,38.20000076293945,38.0,38.20000076293945,4000,0.0,0.0
2023-10-17 11:00:00+08:00,38.150001525878906,38.150001525878906,38.150001525878906,38.150001525878906,1090,0.0,0.0
2023-10-17 12:00:00+08:00,38.099998474121094,38.20000076293945,38.0,38.0,12000,0.0,0.0
2023-10-17 13:00:00+08:00,38.0,38.0,37.95000076293945,37.95000076293945,5000,0.0,0.0
2023-10-18 09:00:00+08:00,38.0,38.0,37.900001525878906,37.900001525878906,0,0.0,0.0
2023-10-18 10:00:00+08:00,38.0,38.099998474121094,38.0,38.099998474121094,3000,0.0,0.0
2023-10-18 11:00:00+08:00,37.900001525878906,37.900001525878906,37.849998474121094,37.849998474121094,9000,0.0,0.0
2023-10-18 12:00:00+08:00,37.849998474121094,37.849998474121094,37.75,37.75,3000,0.0,0.0
2023-10-18 13:00:00+08:00,37.650001525878906,37.650001525878906,37.5,37.5,6150,0.0,0.0
2023-10-19 09:00:00+08:00,37.099998474121094,37.95000076293945,37.099998474121094,37.95000076293945,2000,0.0,0.0
2023-10-19 10:00:00+08:00,37.95000076293945,37.95000076293945,37.25,37.900001525878906,4000,0.0,0.0
2023-10-19 11:00:00+08:00,37.20000076293945,37.95000076293945,37.20000076293945,37.95000076293945,4000,0.0,0.0
2023-10-19 12:00:00+08:00,37.95000076293945,38.0,37.29999923706055,37.400001525878906,5000,0.0,0.0
2023-10-19 13:00:00+08:00,37.45000076293945,37.45000076293945,37.45000076293945,37.45000076293945,1000,0.0,0.0
2023-10-20 09:00:00+08:00,37.45000076293945,37.45000076293945,37.099998474121094,37.099998474121094,0,0.0,0.0
2023-10-20 10:00:00+08:00,37.099998474121094,37.5,37.099998474121094,37.349998474121094,9000,0.0,0.0
2023-10-20 11:00:00+08:00,37.349998474121094,37.349998474121094,37.349998474121094,37.349998474121094,3000,0.0,0.0
2023-10-20 12:00:00+08:00,37.349998474121094,37.400001525878906,37.29999923706055,37.400001525878906,7000,0.0,0.0
2023-10-20 13:00:00+08:00,37.400001525878906,37.400001525878906,37.099998474121094,37.099998474121094,4000,0.0,0.0
2023-10-23 09:00:00+08:00,37.20000076293945,37.20000076293945,37.0,37.099998474121094,0,0.0,0.0
2023-10-23 10:00:00+08:00,37.099998474121094,37.29999923706055,37.099998474121094,37.29999923706055,4000,0.0,0.0
2023-10-23 11:00:00+08:00,37.20000076293945,37.349998474121094,37.150001525878906,37.150001525878906,6000,0.0,0.0
2023-10-23 12:00:00+08:00,37.099998474121094,37.099998474121094,37.04999923706055,37.04999923706055,5000,0.0,0.0
2023-10-23 13:00:00+08:00,37.20000076293945,37.5,37.20000076293945,37.5,4000,0.0,0.0
2023-10-24 09:00:00+08:00,37.20000076293945,37.20000076293945,36.70000076293945,36.70000076293945,0,0.0,0.0
2023-10-24 10:00:00+08:00,36.849998474121094,37.20000076293945,36.849998474121094,37.20000076293945,3000,0.0,0.0
2023-10-24 11:00:00+08:00,37.0,37.20000076293945,37.0,37.20000076293945,4000,0.0,0.0
2023-10-24 12:00:00+08:00,37.0,37.0,36.900001525878906,36.95000076293945,7000,0.0,0.0
2023-10-24 13:00:00+08:00,36.95000076293945,36.95000076293945,36.900001525878906,36.900001525878906,9000,0.0,0.0
2023-10-25 09:00:00+08:00,38.0,38.0,37.29999923706055,37.29999923706055,0,0.0,0.0
2023-10-25 10:00:00+08:00,37.29999923706055,37.400001525878906,37.29999923706055,37.400001525878906,3000,0.0,0.0
2023-10-25 11:00:00+08:00,37.400001525878906,37.5,37.400001525878906,37.400001525878906,7000,0.0,0.0
2023-10-25 12:00:00+08:00,37.29999923706055,37.29999923706055,37.29999923706055,37.29999923706055,2000,0.0,0.0
2023-10-25 13:00:00+08:00,37.150001525878906,37.150001525878906,37.150001525878906,37.150001525878906,1000,0.0,0.0
2023-10-26 09:00:00+08:00,37.04999923706055,37.099998474121094,36.95000076293945,37.099998474121094,6000,0.0,0.0
2023-10-26 10:00:00+08:00,37.0,37.0,36.900001525878906,36.900001525878906,6000,0.0,0.0
2023-10-26 11:00:00+08:00,36.95000076293945,37.0,36.95000076293945,37.0,6000,0.0,0.0
2023-10-26 12:00:00+08:00,37.0,37.349998474121094,37.0,37.0,7000,0.0,0.0
2023-10-26 13:00:00+08:00,37.04999923706055,37.04999923706055,37.04999923706055,37.04999923706055,1000,0.0,0.0
2023-10-27 12:00:00+08:00,37.349998474121094,37.349998474121094,37.29999923706055,37.29999923706055,3105,0.0,0.0
2023-10-27 13:00:00+08:00,37.29999923706055,37.29999923706055,37.29999923706055,37.29999923706055,2050,0.0,0.0
2023-10-30 09:00:00+08:00,37.349998474121094,37.349998474121094,37.0,37.0,8835,0.0,0.0
2023-10-30 10:00:00+08:00,37.0,37.04999923706055,37.0,37.0,6201,0.0,0.0
2023-10-30 11:00:00+08:00,37.099998474121094,37.099998474121094,37.099998474121094,37.099998474121094,1053,0.0,0.0
2023-10-30 12:00:00+08:00,37.099998474121094,37.099998474121094,37.099998474121094,37.099998474121094,0,0.0,0.0
2023-10-31 10:00:00+08:00,37.099998474121094,37.099998474121094,37.099998474121094,37.099998474121094,2000,0.0,0.0
2023-10-31 11:00:00+08:00,37.099998474121094,37.099998474121094,37.099998474121094,37.099998474121094,6000,0.0,0.0
2023-10-31 12:00:00+08:00,37.0,37.0,36.95000076293945,36.95000076293945,4020,0.0,0.0
2023-10-31 13:00:00+08:00,37.150001525878906,37.150001525878906,37.099998474121094,37.099998474121094,3000,0.0,0.0
2023-11-01 09:00:00+08:00,37.599998474121094,37.599998474121094,37.599998474121094,37.599998474121094,0,0.0,0.0
2023-11-01 10:00:00+08:00,37.150001525878906,37.150001525878906,37.150001525878906,37.150001525878906,6000,0.0,0.0
2023-11-01 11:00:00+08:00,37.150001525878906,37.150001525878906,37.150001525878906,37.150001525878906,0,0.0,0.0
2023-11-01 13:00:00+08:00,37.20000076293945,37.20000076293945,37.20000076293945,37.20000076293945,100,0.0,0.0
2023-11-02 10:00:00+08:00,37.099998474121094,37.29999923706055,37.099998474121094,37.29999923706055,4000,0.0,0.0
2023-11-02 11:00:00+08:00,37.29999923706055,37.29999923706055,37.20000076293945,37.20000076293945,5000,0.0,0.0
2023-11-02 12:00:00+08:00,37.099998474121094,37.29999923706055,37.099998474121094,37.29999923706055,10000,0.0,0.0
2023-11-02 13:00:00+08:00,38.0,38.0,37.29999923706055,37.29999923706055,0,0.0,0.0
2023-11-03 09:00:00+08:00,37.04999923706055,37.04999923706055,35.04999923706055,35.70000076293945,136241,0.0,0.0
2023-11-03 10:00:00+08:00,35.54999923706055,35.54999923706055,35.0,35.5,94564,0.0,0.0
2023-11-03 11:00:00+08:00,35.5,35.54999923706055,35.5,35.54999923706055,6000,0.0,0.0
2023-11-03 12:00:00+08:00,35.29999923706055,35.29999923706055,35.0,35.0,42220,0.0,0.0
2023-11-03 13:00:00+08:00,35.099998474121094,35.099998474121094,35.0,35.0,11850,0.0,0.0
2023-11-06 09:00:00+08:00,35.79999923706055,35.79999923706055,34.099998474121094,34.650001525878906,0,0.0,0.0
2023-11-06 10:00:00+08:00,34.599998474121094,34.599998474121094,34.5,34.5,5025,0.0,0.0
2023-11-06 11:00:00+08:00,34.54999923706055,34.54999923706055,34.400001525878906,34.54999923706055,23000,0.0,0.0
2023-11-06 12:00:00+08:00,34.54999923706055,34.54999923706055,34.29999923706055,34.29999923706055,23000,0.0,0.0
2023-11-06 13:00:00+08:00,34.29999923706055,34.29999923706055,34.25,34.25,17004,0.0,0.0
2023-11-07 09:00:00+08:00,34.5,35.75,34.5,34.599998474121094,12509,0.0,0.0
2023-11-07 10:00:00+08:00,34.650001525878906,34.650001525878906,34.5,34.54999923706055,12673,0.0,0.0
2023-11-07 12:00:00+08:00,34.599998474121094,34.599998474121094,34.54999923706055,34.54999923706055,5180,0.0,0.0
2023-11-07 13:00:00+08:00,34.599998474121094,34.599998474121094,34.54999923706055,34.54999923706055,5000,0.0,0.0
2023-11-08 09:00:00+08:00,34.54999923706055,34.54999923706055,34.349998474121094,34.349998474121094,0,0.0,0.0
2023-11-08 10:00:00+08:00,34.400001525878906,34.400001525878906,34.400001525878906,34.400001525878906,5200,0.0,0.0
2023-11-08 11:00:00+08:00,34.400001525878906,34.400001525878906,34.400001525878906,34.400001525878906,2000,0.0,0.0
2023-11-08 12:00:00+08:00,34.5,34.5,34.5,34.5,1000,0.0,0.0
2023-11-08 13:00:00+08:00,34.599998474121094,34.599998474121094,34.54999923706055,34.54999923706055,3000,0.0,0.0
2023-11-09 09:00:00+08:00,34.5,34.5,34.400001525878906,34.400001525878906,0,0.0,0.0
2023-11-09 10:00:00+08:00,34.75,34.75,34.5,34.5,5000,0.0,0.0
2023-11-09 11:00:00+08:00,34.650001525878906,35.099998474121094,34.650001525878906,35.099998474121094,10000,0.0,0.0
2023-11-09 12:00:00+08:00,34.849998474121094,35.20000076293945,34.79999923706055,35.0,14000,0.0,0.0
2023-11-10 09:00:00+08:00,34.75,34.75,34.650001525878906,34.650001525878906,9000,0.0,0.0
2023-11-10 10:00:00+08:00,34.650001525878906,34.650001525878906,34.5,34.54999923706055,7000,0.0,0.0
2023-11-10 11:00:00+08:00,34.54999923706055,34.54999923706055,34.5,34.5,10000,0.0,0.0
2023-11-10 12:00:00+08:00,34.54999923706055,34.54999923706055,34.20000076293945,34.29999923706055,23000,0.0,0.0
2023-11-10 13:00:00+08:00,34.599998474121094,34.599998474121094,34.599998474121094,34.599998474121094,1000,0.0,0.0
2023-11-13 09:00:00+08:00,33.79999923706055,34.70000076293945,33.0,33.0,6050,0.0,0.0
2023-11-13 10:00:00+08:00,33.0,33.04999923706055,33.0,33.04999923706055,21472,0.0,0.0
2023-11-13 11:00:00+08:00,33.04999923706055,33.20000076293945,33.0,33.0,21033,0.0,0.0
2023-11-13 12:00:00+08:00,33.0,33.099998474121094,33.0,33.04999923706055,8000,0.0,0.0
2023-11-13 13:00:00+08:00,33.0,33.0,32.900001525878906,33.0,9000,0.0,0.0
2023-11-14 09:00:00+08:00,33.0,33.79999923706055,33.0,33.150001525878906,16000,0.0,0.0
2023-11-14 10:00:00+08:00,33.25,33.25,33.25,33.25,1175,0.0,0.0
2023-11-14 11:00:00+08:00,33.25,33.54999923706055,33.25,33.54999923706055,7100,0.0,0.0
2023-11-14 12:00:00+08:00,33.45000076293945,33.45000076293945,33.349998474121094,33.349998474121094,4000,0.0,0.0
2023-11-15 09:00:00+08:00,33.20000076293945,33.29999923706055,33.0,33.29999923706055,0,0.0,0.0
2023-11-15 10:00:00+08:00,33.29999923706055,33.349998474121094,33.29999923706055,33.29999923706055,5000,0.0,0.0
2023-11-15 11:00:00+08:00,33.29999923706055,33.29999923706055,33.20000076293945,33.20000076293945,11000,0.0,0.0
2023-11-15 12:00:00+08:00,33.20000076293945,33.20000076293945,33.20000076293945,33.20000076293945,2000,0.0,0.0
2023-11-15 13:00:00+08:00,33.150001525878906,33.20000076293945,33.150001525878906,33.20000076293945,2000,0.0,0.0
2023-11-16 09:00:00+08:00,33.150001525878906,33.45000076293945,33.0,33.20000076293945,0,0.0,0.0
2023-11-16 10:00:00+08:00,33.150001525878906,33.150001525878906,33.0,33.0,27000,0.0,0.0
2023-11-16 11:00:00+08:00,33.0,33.0,33.0,33.0,4000,0.0,0.0
2023-11-16 12:00:00+08:00,33.0,33.0,32.95000076293945,33.0,18700,0.0,0.0
2023-11-16 13:00:00+08:00,33.0,33.0,33.0,33.0,2109,0.0,0.0
2023-11-17 09:00:00+08:00,33.0,33.54999923706055,33.0,33.099998474121094,0,0.0,0.0
2023-11-17 10:00:00+08:00,33.099998474121094,33.099998474121094,33.04999923706055,33.099998474121094,17000,0.0,0.0
2023-11-17 11:00:00+08:00,33.099998474121094,33.5,33.099998474121094,33.5,4026,0.0,0.0
2023-11-17 12:00:00+08:00,33.20000076293945,33.20000076293945,33.099998474121094,33.099998474121094,3022,0.0,0.0
2023-11-17 13:00:00+08:00,33.099998474121094,33.20000076293945,33.099998474121094,33.20000076293945,6000,0.0,0.0
2023-11-20 09:00:00+08:00,33.70000076293945,33.70000076293945,33.25,33.25,0,0.0,0.0
2023-11-20 10:00:00+08:00,33.29999923706055,33.29999923706055,33.20000076293945,33.20000076293945,5084,0.0,0.0
2023-11-20 11:00:00+08:00,33.20000076293945,33.20000076293945,32.95000076293945,33.0,23000,0.0,0.0
2023-11-20 12:00:00+08:00,33.0,33.5,33.0,33.5,25000,0.0,0.0
2023-11-20 13:00:00+08:00,33.5,33.5,33.5,33.5,0,0.0,0.0
2023-11-21 09:00:00+08:00,33.5,33.5,32.599998474121094,32.900001525878906,48000,0.0,0.0
2023-11-21 10:00:00+08:00,32.900001525878906,32.900001525878906,32.849998474121094,32.900001525878906,14000,0.0,0.0
2023-11-21 11:00:00+08:00,32.900001525878906,33.0,32.900001525878906,33.0,7000,0.0,0.0
2023-11-21 12:00:00+08:00,33.04999923706055,33.04999923706055,33.0,33.0,15000,0.0,0.0
2023-11-21 13:00:00+08:00,33.0,33.0,33.0,33.0,7000,0.0,0.0
2023-11-22 09:00:00+08:00,33.0,33.45000076293945,33.0,33.29999923706055,0,0.0,0.0
2023-11-22 10:00:00+08:00,33.349998474121094,33.349998474121094,33.099998474121094,33.099998474121094,5020,0.0,0.0
2023-11-22 12:00:00+08:00,33.150001525878906,33.150001525878906,33.150001525878906,33.150001525878906,1000,0.0,0.0
2023-11-22 13:00:00+08:00,33.20000076293945,33.20000076293945,33.20000076293945,33.20000076293945,1000,0.0,0.0
2023-11-23 09:00:00+08:00,33.20000076293945,33.20000076293945,33.099998474121094,33.099998474121094,0,0.0,0.0
2023-11-23 10:00:00+08:00,33.04999923706055,33.099998474121094,33.04999923706055,33.099998474121094,6000,0.0,0.0
2023-11-23 11:00:00+08:00,33.04999923706055,33.04999923706055,33.0,33.0,7000,0.0,0.0
2023-11-23 12:00:00+08:00,33.04999923706055,33.20000076293945,33.04999923706055,33.20000076293945,4000,0.0,0.0
2023-11-24 10:00:00+08:00,33.04999923706055,33.04999923706055,33.04999923706055,33.04999923706055,0,0.0,0.0
2023-11-24 11:00:00+08:00,33.04999923706055,33.29999923706055,33.04999923706055,33.29999923706055,17000,0.0,0.0
2023-11-27 09:00:00+08:00,33.400001525878906,33.599998474121094,33.400001525878906,33.400001525878906,0,0.0,0.0
2023-11-27 10:00:00+08:00,33.400001525878906,33.5,33.400001525878906,33.5,3175,0.0,0.0
2023-11-27 11:00:00+08:00,33.5,33.5,33.5,33.5,1008,0.0,0.0
2023-11-27 12:00:00+08:00,33.599998474121094,34.0,33.599998474121094,34.0,11195,0.0,0.0
2023-11-27 13:00:00+08:00,34.25,34.29999923706055,34.20000076293945,34.20000076293945,9350,0.0,0.0
2023-11-28 09:00:00+08:00,34.25,35.45000076293945,34.25,35.20000076293945,26660,0.0,0.0
2023-11-28 10:00:00+08:00,35.20000076293945,35.20000076293945,34.900001525878906,34.900001525878906,4000,0.0,0.0
2023-11-28 11:00:00+08:00,34.900001525878906,35.0,34.849998474121094,34.900001525878906,7000,0.0,0.0
2023-11-28 12:00:00+08:00,34.900001525878906,35.150001525878906,34.900001525878906,35.150001525878906,3132,0.0,0.0
2023-11-28 13:00:00+08:00,35.099998474121094,35.099998474121094,35.0,35.0,2000,0.0,0.0
2023-11-29 09:00:00+08:00,35.0,35.20000076293945,35.0,35.20000076293945,0,0.0,0.0
2023-11-29 10:00:00+08:00,35.20000076293945,35.20000076293945,35.20000076293945,35.20000076293945,5000,0.0,0.0
2023-11-29 11:00:00+08:00,35.20000076293945,35.20000076293945,35.099998474121094,35.099998474121094,9000,0.0,0.0
2023-11-29 12:00:00+08:00,35.0,35.0,34.849998474121094,34.849998474121094,9114,0.0,0.0
2023-11-29 13:00:00+08:00,34.900001525878906,34.900001525878906,34.900001525878906,34.900001525878906,1000,0.0,0.0
2023-11-30 10:00:00+08:00,34.79999923706055,34.79999923706055,34.54999923706055,34.54999923706055,11000,0.0,0.0
2023-11-30 11:00:00+08:00,34.5,34.75,34.5,34.75,3000,0.0,0.0
2023-11-30 12:00:00+08:00,34.79999923706055,35.0,34.79999923706055,35.0,7174,0.0,0.0
2023-11-30 13:00:00+08:00,35.04999923706055,35.04999923706055,35.04999923706055,35.04999923706055,1056,0.0,0.0
2023-12-01 09:00:00+08:00,35.20000076293945,35.20000076293945,35.20000076293945,35.20000076293945,0,0.0,0.0
2023-12-01 10:00:00+08:00,35.099998474121094,35.5,35.099998474121094,35.5,13142,0.0,0.0
2023-12-01 11:00:00+08:00,35.599998474121094,35.70000076293945,35.599998474121094,35.650001525878906,4085,0.0,0.0
2023-12-01 12:00:00+08:00,35.75,35.79999923706055,35.70000076293945,35.79999923706055,6002,0.0,0.0
2023-12-01 13:00:00+08:00,35.70000076293945,35.70000076293945,35.599998474121094,35.599998474121094,6000,0.0,0.0
2023-12-04 09:00:00+08:00,35.79999923706055,35.79999923706055,35.400001525878906,35.400001525878906,0,0.0,0.0
2023-12-04 10:00:00+08:00,35.400001525878906,35.400001525878906,35.29999923706055,35.400001525878906,9035,0.0,0.0
2023-12-04 11:00:00+08:00,35.400001525878906,35.400001525878906,35.099998474121094,35.099998474121094,17165,0.0,0.0
2023-12-04 12:00:00+08:00,35.20000076293945,35.20000076293945,35.20000076293945,35.20000076293945,2000,0.0,0.0
2023-12-04 13:00:00+08:00,35.150001525878906,35.150001525878906,35.150001525878906,35.150001525878906,2000,0.0,0.0
2023-12-05 09:00:00+08:00,35.150001525878906,35.150001525878906,34.54999923706055,34.54999923706055,4000,0.0,0.0
2023-12-05 10:00:00+08:00,34.5,34.599998474121094,34.5,34.599998474121094,8000,0.0,0.0
2023-12-05 11:00:00+08:00,34.599998474121094,34.599998474121094,34.599998474121094,34.599998474121094,3000,0.0,0.0
2023-12-05 12:00:00+08:00,34.599998474121094,34.599998474121094,34.54999923706055,34.54999923706055,0,0.0,0.0
2023-12-06 09:00:00+08:00,34.400001525878906,34.400001525878906,34.29999923706055,34.29999923706055,5007,0.0,0.0
2023-12-06 10:00:00+08:00,34.25,34.29999923706055,34.25,34.25,5023,0.0,0.0
2023-12-06 11:00:00+08:00,34.29999923706055,34.349998474121094,34.29999923706055,34.349998474121094,5000,0.0,0.0
2023-12-06 12:00:00+08:00,34.29999923706055,34.349998474121094,34.25,34.25,5000,0.0,0.0
2023-12-06 13:00:00+08:00,34.25,34.54999923706055,34.25,34.54999923706055,0,0.0,0.0
2023-12-07 09:00:00+08:00,34.54999923706055,34.54999923706055,34.099998474121094,34.099998474121094,8000,0.0,0.0
2023-12-07 10:00:00+08:00,34.099998474121094,34.25,34.099998474121094,34.150001525878906,27000,0.0,0.0
2023-12-07 11:00:00+08:00,34.150001525878906,34.25,34.150001525878906,34.150001525878906,14000,0.0,0.0
2023-12-07 12:00:00+08:00,34.20000076293945,34.29999923706055,34.20000076293945,34.29999923706055,2000,0.0,0.0
2023-12-07 13:00:00+08:00,34.25,34.25,34.20000076293945,34.20000076293945,3000,0.0,0.0
2023-12-08 09:00:00+08:00,34.099998474121094,34.099998474121094,34.099998474121094,34.099998474121094,0,0.0,0.0
2023-12-08 10:00:00+08:00,34.150001525878906,34.150001525878906,34.099998474121094,34.099998474121094,10000,0.0,0.0
2023-12-08 11:00:00+08:00,34.099998474121094,34.20000076293945,34.099998474121094,34.20000076293945,12000,0.0,0.0
2023-12-08 13:00:00+08:00,34.20000076293945,34.20000076293945,34.20000076293945,34.20000076293945,2000,0.0,0.0
2023-12-11 09:00:00+08:00,34.5,34.5,34.25,34.25,0,0.0,0.0
2023-12-11 11:00:00+08:00,34.349998474121094,34.599998474121094,34.349998474121094,34.54999923706055,6000,0.0,0.0
2023-12-11 12:00:00+08:00,34.599998474121094,34.70000076293945,34.45000076293945,34.70000076293945,3000,0.0,0.0
2023-12-11 13:00:00+08:00,34.599998474121094,34.599998474121094,34.599998474121094,34.599998474121094,1000,0.0,0.0
2023-12-12 09:00:00+08:00,34.5,34.5,34.20000076293945,34.20000076293945,16142,0.0,0.0
2023-12-12 10:00:00+08:00,34.25,34.25,34.20000076293945,34.20000076293945,17200,0.0,0.0
2023-12-12 11:00:00+08:00,34.20000076293945,34.29999923706055,34.20000076293945,34.29999923706055,11000,0.0,0.0
2023-12-12 12:00:00+08:00,34.25,34.25,34.20000076293945,34.20000076293945,8001,0.0,0.0
2023-12-12 13:00:00+08:00,34.20000076293945,34.29999923706055,34.150001525878906,34.150001525878906,5000,0.0,0.0
2023-12-13 09:00:00+08:00,34.349998474121094,34.349998474121094,34.349998474121094,34.349998474121094,2000,0.0,0.0
2023-12-13 10:00:00+08:00,34.349998474121094,34.5,34.349998474121094,34.349998474121094,4000,0.0,0.0
2023-12-13 11:00:00+08:00,34.349998474121094,34.349998474121094,34.25,34.25,3000,0.0,0.0
2023-12-13 12:00:00+08:00,34.25,34.25,34.150001525878906,34.150001525878906,10000,0.0,0.0
2023-12-13 13:00:00+08:00,34.0,34.0,34.0,34.0,10000,0.0,0.0
2023-12-14 09:00:00+08:00,33.70000076293945,33.79999923706055,33.54999923706055,33.79999923706055,0,0.0,0.0
2023-12-14 10:00:00+08:00,33.75,33.900001525878906,33.75,33.79999923706055,11000,0.0,0.0
2023-12-14 11:00:00+08:00,33.79999923706055,33.79999923706055,33.75,33.75,30000,0.0,0.0
2023-12-14 12:00:00+08:00,33.79999923706055,33.79999923706055,33.79999923706055,33.79999923706055,4000,0.0,0.0
2023-12-14 13:00:00+08:00,33.79999923706055,33.79999923706055,33.75,33.75,7000,0.0,0.0
2023-12-15 09:00:00+08:00,33.900001525878906,34.0,33.79999923706055,34.0,8005,0.0,0.0
2023-12-15 11:00:00+08:00,33.79999923706055,33.79999923706055,33.70000076293945,33.70000076293945,8000,0.0,0.0
2023-12-15 12:00:00+08:00,33.75,33.75,33.75,33.75,1090,0.0,0.0
2023-12-18 09:00:00+08:00,33.75,34.25,33.75,34.25,0,0.0,0.0
2023-12-18 10:00:00+08:00,34.25,34.25,34.25,34.25,1000,0.0,0.0
2023-12-18 11:00:00+08:00,33.95000076293945,33.95000076293945,33.900001525878906,33.900001525878906,2000,0.0,0.0
2023-12-18 12:00:00+08:00,33.95000076293945,34.099998474121094,33.95000076293945,34.099998474121094,3053,0.0,0.0
2023-12-19 09:00:00+08:00,34.25,34.29999923706055,34.25,34.29999923706055,0,0.0,0.0
2023-12-19 10:00:00+08:00,34.29999923706055,34.79999923706055,34.29999923706055,34.70000076293945,7000,0.0,0.0
2023-12-19 11:00:00+08:00,34.70000076293945,34.70000076293945,34.5,34.5,2000,0.0,0.0
2023-12-19 12:00:00+08:00,34.45000076293945,34.45000076293945,34.45000076293945,34.45000076293945,2000,0.0,0.0
2023-12-19 13:00:00+08:00,34.400001525878906,34.400001525878906,34.400001525878906,34.400001525878906,2000,0.0,0.0
2023-12-20 09:00:00+08:00,34.400001525878906,34.70000076293945,34.400001525878906,34.70000076293945,0,0.0,0.0
2023-12-20 10:00:00+08:00,34.650001525878906,34.650001525878906,34.650001525878906,34.650001525878906,3000,0.0,0.0
2023-12-20 11:00:00+08:00,34.650001525878906,34.79999923706055,34.650001525878906,34.79999923706055,6000,0.0,0.0
2023-12-20 12:00:00+08:00,34.79999923706055,35.04999923706055,34.79999923706055,35.0,10005,0.0,0.0
2023-12-20 13:00:00+08:00,35.0,35.0,35.0,35.0,3235,0.0,0.0
2023-12-21 09:00:00+08:00,35.20000076293945,36.45000076293945,35.20000076293945,36.0,15765,0.0,0.0
2023-12-21 10:00:00+08:00,36.20000076293945,36.20000076293945,36.0,36.0,5003,0.0,0.0
2023-12-21 11:00:00+08:00,36.0,36.0,35.75,35.79999923706055,18002,0.0,0.0
2023-12-21 12:00:00+08:00,35.70000076293945,35.70000076293945,35.54999923706055,35.70000076293945,12110,0.0,0.0
2023-12-21 13:00:00+08:00,36.0,36.0,35.70000076293945,35.70000076293945,8099,0.0,0.0
2023-12-22 09:00:00+08:00,35.70000076293945,35.70000076293945,35.0,35.099998474121094,0,0.0,0.0
2023-12-22 10:00:00+08:00,35.099998474121094,35.099998474121094,35.0,35.0,23000,0.0,0.0
2023-12-22 11:00:00+08:00,35.0,35.0,35.0,35.0,2000,0.0,0.0
2023-12-22 12:00:00+08:00,35.0,35.0,35.0,35.0,5055,0.0,0.0
2023-12-25 09:00:00+08:00,36.20000076293945,36.20000076293945,35.29999923706055,35.29999923706055,0,0.0,0.0
2023-12-25 11:00:00+08:00,35.29999923706055,35.29999923706055,35.25,35.25,3000,0.0,0.0
2023-12-25 12:00:00+08:00,35.25,35.25,35.25,35.25,1000,0.0,0.0
2023-12-25 13:00:00+08:00,35.20000076293945,35.20000076293945,35.150001525878906,35.150001525878906,4000,0.0,0.0
2023-12-26 09:00:00+08:00,35.04999923706055,35.099998474121094,35.04999923706055,35.099998474121094,0,0.0,0.0
2023-12-26 10:00:00+08:00,35.20000076293945,35.20000076293945,35.099998474121094,35.20000076293945,7000,0.0,0.0
2023-12-26 12:00:00+08:00,35.25,35.25,35.25,35.25,1020,0.0,0.0
2023-12-26 13:00:00+08:00,35.5,35.5,35.20000076293945,35.20000076293945,3129,0.0,0.0
2023-12-27 09:00:00+08:00,35.20000076293945,35.20000076293945,35.20000076293945,35.20000076293945,0,0.0,0.0
2023-12-27 10:00:00+08:00,35.20000076293945,35.20000076293945,35.20000076293945,35.20000076293945,5000,0.0,0.0
2023-12-27 12:00:00+08:00,35.20000076293945,35.20000076293945,35.20000076293945,35.20000076293945,2100,0.0,0.0
2023-12-27 13:00:00+08:00,35.20000076293945,35.20000076293945,35.150001525878906,35.150001525878906,6000,0.0,0.0
2023-12-28 09:00:00+08:00,35.25,35.25,35.25,35.25,0,0.0,0.0
2023-12-28 11:00:00+08:00,35.25,35.25,35.20000076293945,35.25,5000,0.0,0.0
2023-12-28 12:00:00+08:00,35.20000076293945,35.20000076293945,35.20000076293945,35.20000076293945,1145,0.0,0.0
2023-12-28 13:00:00+08:00,35.099998474121094,35.349998474121094,35.099998474121094,35.349998474121094,0,0.0,0.0
2023-12-29 09:00:00+08:00,35.349998474121094,35.349998474121094,35.349998474121094,35.349998474121094,8000,0.0,0.0
2023-12-29 10:00:00+08:00,35.04999923706055,35.04999923706055,35.04999923706055,35.04999923706055,1000,0.0,0.0
2023-12-29 11:00:00+08:00,35.400001525878906,36.20000076293945,35.400001525878906,35.75,30000,0.0,0.0
2023-12-29 12:00:00+08:00,35.75,35.75,35.75,35.75,3000,0.0,0.0
2023-12-29 13:00:00+08:00,35.75,36.099998474121094,35.75,36.04999923706055,17001,0.0,0.0
2024-01-02 10:00:00+08:00,36.0,36.0,35.900001525878906,35.900001525878906,3000,0.0,0.0
2024-01-02 11:00:00+08:00,35.849998474121094,36.0,35.849998474121094,36.0,4000,0.0,0.0
2024-01-02 12:00:00+08:00,35.900001525878906,36.0,35.900001525878906,36.0,4000,0.0,0.0
2024-01-03 09:00:00+08:00,36.0,36.0,35.79999923706055,35.79999923706055,0,0.0,0.0
2024-01-03 10:00:00+08:00,35.70000076293945,35.900001525878906,35.599998474121094,35.599998474121094,9000,0.0,0.0
2024-01-03 11:00:00+08:00,35.599998474121094,35.599998474121094,35.599998474121094,35.599998474121094,5100,0.0,0.0
2024-01-03 12:00:00+08:00,35.70000076293945,36.0,35.70000076293945,36.0,10100,0.0,0.0
2024-01-03 13:00:00+08:00,36.0,36.0,36.0,36.0,1000,0.0,0.0
2024-01-04 10:00:00+08:00,35.75,35.75,35.400001525878906,35.400001525878906,4000,0.0,0.0
2024-01-05 09:00:00+08:00,35.400001525878906,35.400001525878906,35.29999923706055,35.29999923706055,0,0.0,0.0
2024-01-05 10:00:00+08:00,35.45000076293945,35.45000076293945,35.45000076293945,35.45000076293945,4000,0.0,0.0
2024-01-05 11:00:00+08:00,35.5,35.5,35.5,35.5,1000,0.0,0.0
2024-01-05 12:00:00+08:00,35.5,35.900001525878906,35.5,35.900001525878906,2000,0.0,0.0
2024-01-05 13:00:00+08:00,35.900001525878906,36.0,35.5,35.5,31000,0.0,0.0
2024-01-08 09:00:00+08:00,35.400001525878906,35.400001525878906,35.400001525878906,35.400001525878906,0,0.0,0.0
2024-01-08 10:00:00+08:00,35.29999923706055,35.29999923706055,35.29999923706055,35.29999923706055,6000,0.0,0.0
2024-01-08 11:00:00+08:00,35.5,35.5,35.29999923706055,35.29999923706055,9000,0.0,0.0
2024-01-08 12:00:00+08:00,35.5,35.79999923706055,35.29999923706055,35.79999923706055,0,0.0,0.0
2024-01-09 09:00:00+08:00,35.54999923706055,35.54999923706055,35.54999923706055,35.54999923706055,5000,0.0,0.0
2024-01-09 10:00:00+08:00,35.54999923706055,35.54999923706055,35.5,35.5,9000,0.0,0.0
2024-01-09 11:00:00+08:00,35.54999923706055,35.54999923706055,35.54999923706055,35.54999923706055,3000,0.0,0.0
2024-01-09 12:00:00+08:00,35.54999923706055,35.54999923706055,35.54999923706055,35.54999923706055,9002,0.0,0.0
2024-01-09 13:00:00+08:00,35.650001525878906,35.650001525878906,35.54999923706055,35.54999923706055,2000,0.0,0.0
2024-01-10 09:00:00+08:00,35.54999923706055,35.54999923706055,35.54999923706055,35.54999923706055,2000,0.0,0.0
2024-01-10 10:00:00+08:00,35.54999923706055,36.099998474121094,35.54999923706055,36.099998474121094,21100,0.0,0.0
2024-01-10 11:00:00+08:00,35.849998474121094,35.849998474121094,35.79999923706055,35.79999923706055,2000,0.0,0.0
2024-01-10 12:00:00+08:00,35.70000076293945,35.70000076293945,35.70000076293945,35.70000076293945,1260,0.0,0.0
2024-01-10 13:00:00+08:00,35.75,35.75,35.75,35.75,0,0.0,0.0
2024-01-11 09:00:00+08:00,35.79999923706055,35.79999923706055,35.0,35.29999923706055,13000,0.0,0.0
2024-01-11 10:00:00+08:00,35.400001525878906,35.400001525878906,35.400001525878906,35.400001525878906,1000,0.0,0.0
2024-01-11 11:00:00+08:00,35.400001525878906,35.400001525878906,35.349998474121094,35.349998474121094,5000,0.0,0.0
2024-01-11 12:00:00+08:00,35.29999923706055,35.29999923706055,35.25,35.25,5055,0.0,0.0
2024-01-11 13:00:00+08:00,35.29999923706055,35.29999923706055,35.20000076293945,35.20000076293945,0,0.0,0.0
2024-01-12 10:00:00+08:00,35.099998474121094,35.099998474121094,35.099998474121094,35.099998474121094,2000,0.0,0.0
2024-01-12 12:00:00+08:00,35.04999923706055,35.099998474121094,35.04999923706055,35.099998474121094,3000,0.0,0.0
2024-01-12 13:00:00+08:00,35.099998474121094,35.099998474121094,35.0,35.099998474121094,4000,0.0,0.0
2024-01-15 10:00:00+08:00,35.5,35.5,35.5,35.5,0,0.0,0.0
2024-01-15 13:00:00+08:00,35.5,35.5,35.5,35.5,2015,0.0,0.0
2024-01-16 10:00:00+08:00,35.29999923706055,35.29999923706055,35.0,35.0,8011,0.0,0.0
2024-01-16 11:00:00+08:00,34.95000076293945,34.95000076293945,34.95000076293945,34.95000076293945,1000,0.0,0.0
2024-01-16 12:00:00+08:00,35.0,35.400001525878906,34.79999923706055,35.400001525878906,0,0.0,0.0
2024-01-17 09:00:00+08:00,35.0,35.0,35.0,35.0,3012,0.0,0.0
2024-01-17 10:00:00+08:00,35.0,35.0,34.900001525878906,34.900001525878906,8013,0.0,0.0
2024-01-17 12:00:00+08:00,34.900001525878906,34.900001525878906,34.70000076293945,34.70000076293945,17000,0.0,0.0
2024-01-17 13:00:00+08:00,34.5,34.5,34.25,34.25,0,0.0,0.0
2024-01-18 12:00:00+08:00,34.20000076293945,34.25,34.20000076293945,34.20000076293945,6000,0.0,0.0
2024-01-18 13:00:00+08:00,34.20000076293945,34.20000076293945,34.099998474121094,34.099998474121094,5000,0.0,0.0
2024-01-19 11:00:00+08:00,34.0,34.0,34.0,34.0,1100,0.0,0.0
2024-01-19 12:00:00+08:00,34.0,34.0,33.900001525878906,33.900001525878906,7685,0.0,0.0
2024-01-19 13:00:00+08:00,33.900001525878906,33.900001525878906,33.79999923706055,33.79999923706055,7000,0.0,0.0
2024-01-22 09:00:00+08:00,34.54999923706055,34.54999923706055,34.54999923706055,34.54999923706055,0,0.0,0.0
2024-01-22 10:00:00+08:00,34.70000076293945,34.849998474121094,34.70000076293945,34.849998474121094,5000,0.0,0.0
2024-01-22 11:00:00+08:00,35.0,35.0,35.0,35.0,3000,0.0,0.0
2024-01-22 12:00:00+08:00,35.099998474121094,37.04999923706055,35.099998474121094,36.79999923706055,27000,0.0,0.0
2024-01-22 13:00:00+08:00,36.5,36.5,36.0,36.0,2044,0.0,0.0
2024-01-23 09:00:00+08:00,35.79999923706055,35.79999923706055,35.70000076293945,35.79999923706055,0,0.0,0.0
2024-01-23 11:00:00+08:00,35.95000076293945,35.95000076293945,35.849998474121094,35.849998474121094,4088,0.0,0.0
2024-01-23 12:00:00+08:00,36.0,36.0,35.79999923706055,35.79999923706055,7000,0.0,0.0
2024-01-24 10:00:00+08:00,35.54999923706055,35.54999923706055,35.45000076293945,35.45000076293945,2000,0.0,0.0
2024-01-24 11:00:00+08:00,35.400001525878906,35.400001525878906,35.150001525878906,35.20000076293945,3000,0.0,0.0
2024-01-24 12:00:00+08:00,35.150001525878906,35.150001525878906,34.900001525878906,34.900001525878906,9042,0.0,0.0
2024-01-25 11:00:00+08:00,35.0,35.0,35.0,35.0,0,0.0,0.0
2024-01-25 12:00:00+08:00,34.70000076293945,34.70000076293945,34.70000076293945,34.70000076293945,3100,0.0,0.0
2024-01-25 13:00:00+08:00,34.79999923706055,34.79999923706055,34.79999923706055,34.79999923706055,1000,0.0,0.0
2024-01-26 09:00:00+08:00,36.150001525878906,36.150001525878906,36.099998474121094,36.099998474121094,2045,0.0,0.0
2024-01-26 11:00:00+08:00,35.900001525878906,35.900001525878906,35.900001525878906,35.900001525878906,2000,0.0,0.0
2024-01-26 12:00:00+08:00,35.900001525878906,35.900001525878906,35.900001525878906,35.900001525878906,2015,0.0,0.0
2024-01-26 13:00:00+08:00,35.5,35.5,35.5,35.5,1000,0.0,0.0
2024-01-29 11:00:00+08:00,35.5,35.5,35.5,35.5,0,0.0,0.0
2024-01-29 12:00:00+08:00,35.45000076293945,35.5,35.45000076293945,35.5,8000,0.0,0.0
2024-01-29 13:00:00+08:00,35.5,35.5,35.5,35.5,2000,0.0,0.0
2024-01-30 09:00:00+08:00,35.099998474121094,35.099998474121094,35.0,35.099998474121094,0,0.0,0.0
2024-01-30 11:00:00+08:00,35.0,35.0,34.900001525878906,34.900001525878906,3000,0.0,0.0
2024-01-30 12:00:00+08:00,34.900001525878906,36.0,34.900001525878906,36.0,4000,0.0,0.0
2024-01-30 13:00:00+08:00,35.95000076293945,35.95000076293945,35.95000076293945,35.95000076293945,0,0.0,0.0
2024-01-31 09:00:00+08:00,35.04999923706055,35.04999923706055,34.79999923706055,34.900001525878906,10000,0.0,0.0
2024-01-31 10:00:00+08:00,34.75,35.0,34.650001525878906,34.70000076293945,10198,0.0,0.0
2024-01-31 12:00:00+08:00,34.900001525878906,34.95000076293945,34.849998474121094,34.95000076293945,3028,0.0,0.0
2024-01-31 13:00:00+08:00,34.849998474121094,34.95000076293945,34.849998474121094,34.95000076293945,3000,0.0,0.0
2024-02-01 09:00:00+08:00,34.70000076293945,34.75,34.650001525878906,34.70000076293945,0,0.0,0.0
2024-02-01 10:00:00+08:00,34.75,34.75,34.75,34.75,1000,0.0,0.0
2024-02-01 11:00:00+08:00,34.79999923706055,35.5,34.79999923706055,35.5,0,0.0,0.0
2024-02-02 09:00:00+08:00,34.79999923706055,34.79999923706055,34.79999923706055,34.79999923706055,1000,0.0,0.0
2024-02-02 10:00:00+08:00,34.900001525878906,35.0,34.900001525878906,35.0,4000,0.0,0.0
2024-02-02 12:00:00+08:00,35.29999923706055,35.29999923706055,35.29999923706055,35.29999923706055,4000,0.0,0.0
2024-02-05 09:00:00+08:00,35.5,35.70000076293945,35.5,35.70000076293945,4999,0.0,0.0
2024-02-05 10:00:00+08:00,35.599998474121094,35.70000076293945,35.599998474121094,35.70000076293945,3000,0.0,0.0
2024-02-05 11:00:00+08:00,35.099998474121094,35.70000076293945,35.0,35.70000076293945,16000,0.0,0.0
2024-02-05 12:00:00+08:00,35.599998474121094,35.599998474121094,35.54999923706055,35.54999923706055,6000,0.0,0.0
2024-02-15 09:00:00+08:00,36.5,39.099998474121094,36.5,39.099998474121094,98038,0.0,0.0
2024-02-15 10:00:00+08:00,39.099998474121094,39.099998474121094,39.099998474121094,39.099998474121094,22772,0.0,0.0
2024-02-15 11:00:00+08:00,39.099998474121094,39.099998474121094,39.099998474121094,39.099998474121094,10047,0.0,0.0
2024-02-15 12:00:00+08:00,39.099998474121094,39.099998474121094,39.099998474121094,39.099998474121094,4357,0.0,0.0
2024-02-15 13:00:00+08:00,39.099998474121094,39.099998474121094,39.099998474121094,39.099998474121094,3000,0.0,0.0
2024-02-16 09:00:00+08:00,40.95000076293945,42.900001525878906,40.20000076293945,42.29999923706055,72208,0.0,0.0
2024-02-16 10:00:00+08:00,42.0,42.0,41.599998474121094,42.0,18203,0.0,0.0
2024-02-16 11:00:00+08:00,42.0,42.0,41.04999923706055,41.04999923706055,36000,0.0,0.0
2024-02-16 12:00:00+08:00,41.04999923706055,41.04999923706055,40.099998474121094,40.79999923706055,33596,0.0,0.0
2024-02-16 13:00:00+08:00,40.79999923706055,40.79999923706055,40.70000076293945,40.70000076293945,5200,0.0,0.0
2024-02-19 09:00:00+08:00,40.5,41.25,40.099998474121094,40.75,0,0.0,0.0
2024-02-19 10:00:00+08:00,40.70000076293945,40.75,40.5,40.5,11256,0.0,0.0
2024-02-19 11:00:00+08:00,40.5,40.5,40.5,40.5,13414,0.0,0.0
2024-02-19 12:00:00+08:00,40.099998474121094,40.099998474121094,39.900001525878906,39.900001525878906,9841,0.0,0.0
2024-02-19 13:00:00+08:00,39.849998474121094,39.849998474121094,39.0,39.5,17150,0.0,0.0
2024-02-20 09:00:00+08:00,39.5,39.70000076293945,38.900001525878906,38.900001525878906,0,0.0,0.0
2024-02-20 10:00:00+08:00,39.0,39.20000076293945,38.79999923706055,39.20000076293945,30290,0.0,0.0
2024-02-20 11:00:00+08:00,39.45000076293945,39.45000076293945,38.79999923706055,39.0,35136,0.0,0.0
2024-02-20 12:00:00+08:00,39.0,39.400001525878906,38.95000076293945,39.400001525878906,16000,0.0,0.0
2024-02-20 13:00:00+08:00,39.400001525878906,39.400001525878906,39.400001525878906,39.400001525878906,2000,0.0,0.0
2024-02-21 09:00:00+08:00,38.650001525878906,38.650001525878906,38.150001525878906,38.150001525878906,0,0.0,0.0
2024-02-21 10:00:00+08:00,38.25,38.650001525878906,38.25,38.29999923706055,22570,0.0,0.0
2024-02-21 11:00:00+08:00,38.29999923706055,39.0,38.20000076293945,38.900001525878906,20000,0.0,0.0
2024-02-21 12:00:00+08:00,38.900001525878906,39.0,38.54999923706055,38.54999923706055,10000,0.0,0.0
2024-02-21 13:00:00+08:00,38.849998474121094,38.849998474121094,38.599998474121094,38.599998474121094,0,0.0,0.0
2024-02-22 09:00:00+08:00,36.400001525878906,38.599998474121094,36.400001525878906,38.0,16446,0.0,0.0
2024-02-22 10:00:00+08:00,38.04999923706055,38.04999923706055,37.900001525878906,37.900001525878906,12320,0.0,0.0
2024-02-22 12:00:00+08:00,38.5,38.5,38.20000076293945,38.20000076293945,2531,0.0,0.0
2024-02-22 13:00:00+08:00,38.20000076293945,38.20000076293945,38.20000076293945,38.20000076293945,5000,0.0,0.0
2024-02-23 09:00:00+08:00,38.29999923706055,38.29999923706055,37.900001525878906,38.29999923706055,0,0.0,0.0
2024-02-23 10:00:00+08:00,38.04999923706055,38.20000076293945,38.0,38.0,7060,0.0,0.0
2024-02-23 11:00:00+08:00,38.0,38.0,38.0,38.0,4100,0.0,0.0
2024-02-23 12:00:00+08:00,38.0,38.0,37.29999923706055,37.54999923706055,19160,0.0,0.0
2024-02-23 13:00:00+08:00,37.5,38.0,37.5,37.95000076293945,15000,0.0,0.0
2024-02-26 09:00:00+08:00,38.099998474121094,38.5,38.099998474121094,38.5,0,0.0,0.0
2024-02-26 10:00:00+08:00,38.79999923706055,38.900001525878906,38.75,38.75,18000,0.0,0.0
2024-02-26 11:00:00+08:00,38.70000076293945,38.75,38.650001525878906,38.75,4000,0.0,0.0
2024-02-26 12:00:00+08:00,38.79999923706055,38.79999923706055,38.75,38.75,2100,0.0,0.0
2024-02-26 13:00:00+08:00,38.599998474121094,38.79999923706055,38.599998474121094,38.79999923706055,4000,0.0,0.0
2024-02-27 09:00:00+08:00,38.5,38.5,38.400001525878906,38.400001525878906,5000,0.0,0.0
2024-02-27 10:00:00+08:00,38.400001525878906,38.70000076293945,38.150001525878906,38.349998474121094,14001,0.0,0.0
2024-02-27 11:00:00+08:00,38.349998474121094,38.349998474121094,38.349998474121094,38.349998474121094,0,0.0,0.0
2024-02-27 12:00:00+08:00,38.400001525878906,38.5,38.349998474121094,38.5,27271,0.0,0.0
2024-02-27 13:00:00+08:00,38.349998474121094,38.349998474121094,38.099998474121094,38.099998474121094,18000,0.0,0.0
2024-02-29 10:00:00+08:00,38.0,38.0,37.29999923706055,37.29999923706055,28000,0.0,0.0
2024-02-29 12:00:00+08:00,37.79999923706055,37.900001525878906,37.79999923706055,37.900001525878906,3000,0.0,0.0
2024-02-29 13:00:00+08:00,38.150001525878906,38.150001525878906,37.95000076293945,37.95000076293945,4000,0.0,0.0
2024-03-01 09:00:00+08:00,37.849998474121094,37.95000076293945,37.5,37.599998474121094,0,0.0,0.0
2024-03-01 10:00:00+08:00,37.54999923706055,37.599998474121094,37.29999923706055,37.29999923706055,17000,0.0,0.0
2024-03-01 11:00:00+08:00,37.5,37.5,37.45000076293945,37.45000076293945,3000,0.0,0.0
2024-03-01 13:00:00+08:00,37.599998474121094,37.599998474121094,37.29999923706055,37.29999923706055,37000,0.0,0.0
2024-03-04 09:00:00+08:00,37.29999923706055,37.5,37.150001525878906,37.20000076293945,0,0.0,0.0
2024-03-04 10:00:00+08:00,37.099998474121094,37.25,37.0,37.150001525878906,44020,0.0,0.0
2024-03-04 11:00:00+08:00,37.150001525878906,37.150001525878906,37.150001525878906,37.150001525878906,4000,0.0,0.0
2024-03-04 12:00:00+08:00,37.25,37.599998474121094,37.25,37.599998474121094,6000,0.0,0.0
2024-03-04 13:00:00+08:00,37.29999923706055,37.29999923706055,37.25,37.25,5000,0.0,0.0
2024-03-05 09:00:00+08:00,37.5,38.099998474121094,37.5,38.0,10000,0.0,0.0
2024-03-05 10:00:00+08:00,38.0,38.04999923706055,37.70000076293945,37.70000076293945,10000,0.0,0.0
2024-03-05 12:00:00+08:00,37.70000076293945,37.70000076293945,37.70000076293945,37.70000076293945,5102,0.0,0.0
2024-03-05 13:00:00+08:00,37.54999923706055,37.54999923706055,37.5,37.5,4000,0.0,0.0
2024-03-06 09:00:00+08:00,37.5,37.5,37.45000076293945,37.45000076293945,0,0.0,0.0
2024-03-06 10:00:00+08:00,37.5,37.5,37.5,37.5,3000,0.0,0.0
2024-03-06 11:00:00+08:00,37.5,37.5,37.099998474121094,37.099998474121094,21084,0.0,0.0
2024-03-06 12:00:00+08:00,37.349998474121094,37.349998474121094,37.29999923706055,37.29999923706055,4000,0.0,0.0
2024-03-06 13:00:00+08:00,37.25,37.25,37.20000076293945,37.20000076293945,8000,0.0,0.0
2024-03-07 09:00:00+08:00,37.20000076293945,37.349998474121094,37.0,37.150001525878906,0,0.0,0.0
2024-03-07 10:00:00+08:00,37.20000076293945,37.20000076293945,37.04999923706055,37.099998474121094,34000,0.0,0.0
2024-03-07 11:00:00+08:00,37.099998474121094,37.20000076293945,37.099998474121094,37.20000076293945,2001,0.0,0.0
2024-03-07 12:00:00+08:00,37.099998474121094,37.099998474121094,37.0,37.0,24027,0.0,0.0
2024-03-07 13:00:00+08:00,37.150001525878906,37.150001525878906,37.150001525878906,37.150001525878906,1000,0.0,0.0
2024-03-08 09:00:00+08:00,37.099998474121094,37.5,37.04999923706055,37.349998474121094,0,0.0,0.0
2024-03-08 10:00:00+08:00,37.099998474121094,37.099998474121094,37.099998474121094,37.099998474121094,1000,0.0,0.0
2024-03-08 11:00:00+08:00,37.04999923706055,37.04999923706055,36.5,36.599998474121094,25000,0.0,0.0
2024-03-08 12:00:00+08:00,36.900001525878906,37.04999923706055,36.900001525878906,37.0,16000,0.0,0.0
2024-03-08 13:00:00+08:00,37.29999923706055,37.349998474121094,37.29999923706055,37.349998474121094,0,0.0,0.0
2024-03-11 09:00:00+08:00,35.900001525878906,36.25,35.900001525878906,36.20000076293945,91030,0.0,0.0
2024-03-11 10:00:00+08:00,36.29999923706055,36.29999923706055,36.25,36.25,10000,0.0,0.0
2024-03-11 11:00:00+08:00,36.29999923706055,36.29999923706055,36.29999923706055,36.29999923706055,1000,0.0,0.0
2024-03-11 12:00:00+08:00,36.349998474121094,36.349998474121094,36.29999923706055,36.29999923706055,3000,0.0,0.0
2024-03-11 13:00:00+08:00,36.349998474121094,36.349998474121094,36.349998474121094,36.349998474121094,5000,0.0,0.0
2024-03-12 09:00:00+08:00,36.099998474121094,36.599998474121094,36.0,36.599998474121094,22000,0.0,0.0
2024-03-12 10:00:00+08:00,36.70000076293945,36.70000076293945,36.70000076293945,36.70000076293945,1000,0.0,0.0
2024-03-12 11:00:00+08:00,36.70000076293945,36.70000076293945,36.70000076293945,36.70000076293945,1000,0.0,0.0
2024-03-12 12:00:00+08:00,36.70000076293945,36.70000076293945,36.70000076293945,36.70000076293945,1000,0.0,0.0
2024-03-12 13:00:00+08:00,36.70000076293945,37.0,36.599998474121094,37.0,13296,0.0,0.0
2024-03-13 09:00:00+08:00,36.95000076293945,37.0,36.95000076293945,37.0,2019,0.0,0.0
2024-03-13 11:00:00+08:00,36.79999923706055,36.79999923706055,36.79999923706055,36.79999923706055,2001,0.0,0.0
2024-03-13 12:00:00+08:00,36.79999923706055,36.79999923706055,36.79999923706055,36.79999923706055,5060,0.0,0.0
2024-03-13 13:00:00+08:00,36.79999923706055,36.79999923706055,36.79999923706055,36.79999923706055,2100,0.0,0.0
2024-03-14 09:00:00+08:00,36.5,36.5,36.5,36.5,0,0.0,0.0
2024-03-14 10:00:00+08:00,37.0,37.0,36.54999923706055,36.54999923706055,5000,0.0,0.0
2024-03-14 12:00:00+08:00,36.79999923706055,36.79999923706055,36.79999923706055,36.79999923706055,2000,0.0,0.0
2024-03-14 13:00:00+08:00,36.79999923706055,36.79999923706055,36.79999923706055,36.79999923706055,0,0.0,0.0
2024-03-15 09:00:00+08:00,36.79999923706055,36.79999923706055,36.150001525878906,36.29999923706055,22100,0.0,0.0
2024-03-15 10:00:00+08:00,36.20000076293945,36.79999923706055,36.20000076293945,36.29999923706055,29000,0.0,0.0
2024-03-15 11:00:00+08:00,36.45000076293945,36.70000076293945,36.400001525878906,36.70000076293945,10000,0.0,0.0
2024-03-15 12:00:00+08:00,36.70000076293945,36.79999923706055,36.599998474121094,36.79999923706055,4000,0.0,0.0
2024-03-15 13:00:00+08:00,37.400001525878906,38.29999923706055,37.400001525878906,38.29999923706055,4199,0.0,0.0
2024-03-18 09:00:00+08:00,38.5,38.79999923706055,38.349998474121094,38.349998474121094,0,0.0,0.0
2024-03-18 10:00:00+08:00,38.349998474121094,38.5,38.04999923706055,38.5,9000,0.0,0.0
2024-03-18 11:00:00+08:00,38.79999923706055,38.900001525878906,38.70000076293945,38.849998474121094,28000,0.0,0.0
2024-03-18 12:00:00+08:00,38.79999923706055,38.79999923706055,38.70000076293945,38.70000076293945,3500,0.0,0.0
2024-03-18 13:00:00+08:00,38.70000076293945,38.70000076293945,38.5,38.70000076293945,5200,0.0,0.0
2024-03-19 09:00:00+08:00,38.900001525878906,38.900001525878906,38.900001525878906,38.900001525878906,6000,0.0,0.0
2024-03-19 10:00:00+08:00,38.79999923706055,38.79999923706055,38.79999923706055,38.79999923706055,1200,0.0,0.0
2024-03-19 11:00:00+08:00,38.650001525878906,38.70000076293945,38.150001525878906,38.20000076293945,5045,0.0,0.0
2024-03-20 09:00:00+08:00,39.04999923706055,39.04999923706055,37.54999923706055,37.54999923706055,4755,0.0,0.0
2024-03-20 10:00:00+08:00,37.599998474121094,37.70000076293945,37.5,37.70000076293945,11000,0.0,0.0
2024-03-20 11:00:00+08:00,38.29999923706055,38.5,37.54999923706055,37.54999923706055,9000,0.0,0.0
2024-03-20 12:00:00+08:00,37.599998474121094,37.599998474121094,37.599998474121094,37.599998474121094,1157,0.0,0.0
2024-03-20 13:00:00+08:00,37.599998474121094,37.849998474121094,37.599998474121094,37.849998474121094,2059,0.0,0.0
2024-03-21 09:00:00+08:00,37.849998474121094,37.849998474121094,37.849998474121094,37.849998474121094,0,0.0,0.0
2024-03-21 11:00:00+08:00,37.599998474121094,37.599998474121094,37.599998474121094,37.599998474121094,1050,0.0,0.0
2024-03-21 12:00:00+08:00,37.599998474121094,37.599998474121094,37.5,37.5,5000,0.0,0.0
2024-03-21 13:00:00+08:00,37.5,37.79999923706055,37.29999923706055,37.79999923706055,3000,0.0,0.0
2024-03-22 09:00:00+08:00,37.099998474121094,37.400001525878906,37.099998474121094,37.29999923706055,0,0.0,0.0
2024-03-22 10:00:00+08:00,37.900001525878906,37.95000076293945,37.900001525878906,37.95000076293945,3000,0.0,0.0
2024-03-22 11:00:00+08:00,37.95000076293945,37.95000076293945,37.400001525878906,37.400001525878906,3000,0.0,0.0
2024-03-22 12:00:00+08:00,37.400001525878906,37.400001525878906,37.349998474121094,37.400001525878906,3000,0.0,0.0
2024-03-25 09:00:00+08:00,40.79999923706055,40.79999923706055,37.45000076293945,38.599998474121094,1000,0.0,0.0
2024-03-25 11:00:00+08:00,38.5,38.5,38.5,38.5,2000,0.0,0.0
2024-03-25 12:00:00+08:00,38.29999923706055,38.70000076293945,38.0,38.70000076293945,0,0.0,0.0
2024-03-26 09:00:00+08:00,38.150001525878906,38.650001525878906,38.150001525878906,38.349998474121094,7000,0.0,0.0
2024-03-26 10:00:00+08:00,38.599998474121094,38.599998474121094,38.29999923706055,38.29999923706055,14000,0.0,0.0
2024-03-26 11:00:00+08:00,38.25,38.29999923706055,38.20000076293945,38.25,14000,0.0,0.0
2024-03-26 12:00:00+08:00,38.29999923706055,38.349998474121094,38.25,38.349998474121094,5000,0.0,0.0
2024-03-26 13:00:00+08:00,38.25,38.25,38.04999923706055,38.150001525878906,15000,0.0,0.0
2024-03-27 09:00:00+08:00,37.79999923706055,38.25,37.70000076293945,38.20000076293945,0,0.0,0.0
2024-03-27 10:00:00+08:00,38.20000076293945,38.349998474121094,38.20000076293945,38.25,13200,0.0,0.0
2024-03-27 11:00:00+08:00,38.20000076293945,38.25,38.099998474121094,38.150001525878906,35000,0.0,0.0
2024-03-27 12:00:00+08:00,38.150001525878906,38.150001525878906,38.099998474121094,38.099998474121094,10000,0.0,0.0
2024-03-27 13:00:00+08:00,38.0,38.0,37.95000076293945,37.95000076293945,2000,0.0,0.0
2024-03-28 09:00:00+08:00,38.04999923706055,38.20000076293945,38.04999923706055,38.150001525878906,0,0.0,0.0
2024-03-28 10:00:00+08:00,38.150001525878906,38.150001525878906,37.650001525878906,37.650001525878906,39012,0.0,0.0
2024-03-28 11:00:00+08:00,37.70000076293945,37.70000076293945,37.70000076293945,37.70000076293945,1000,0.0,0.0
2024-03-28 12:00:00+08:00,37.75,37.75,37.54999923706055,37.54999923706055,74000,0.0,0.0
2024-03-28 13:00:00+08:00,37.54999923706055,37.54999923706055,37.54999923706055,37.54999923706055,4027,0.0,0.0
2024-03-29 09:00:00+08:00,37.5,37.5,37.45000076293945,37.45000076293945,2001,0.0,0.0
2024-03-29 11:00:00+08:00,37.599998474121094,37.79999923706055,37.54999923706055,37.54999923706055,9000,0.0,0.0
2024-03-29 12:00:00+08:00,37.599998474121094,37.599998474121094,37.54999923706055,37.54999923706055,3000,0.0,0.0
2024-03-29 13:00:00+08:00,37.849998474121094,37.900001525878906,37.849998474121094,37.900001525878906,12370,0.0,0.0
2024-04-01 09:00:00+08:00,37.95000076293945,37.95000076293945,37.900001525878906,37.95000076293945,0,0.0,0.0
2024-04-01 10:00:00+08:00,38.0,38.20000076293945,38.0,38.099998474121094,5000,0.0,0.0
2024-04-01 11:00:00+08:00,38.099998474121094,38.400001525878906,38.099998474121094,38.20000076293945,12000,0.0,0.0
2024-04-01 12:00:00+08:00,38.20000076293945,38.20000076293945,38.099998474121094,38.099998474121094,8000,0.0,0.0
2024-04-02 10:00:00+08:00,38.25,38.599998474121094,38.25,38.599998474121094,4000,0.0,0.0
2024-04-02 11:00:00+08:00,38.54999923706055,38.54999923706055,38.54999923706055,38.54999923706055,1000,0.0,0.0
2024-04-02 12:00:00+08:00,38.45000076293945,38.45000076293945,38.45000076293945,38.45000076293945,3000,0.0,0.0
2024-04-02 13:00:00+08:00,38.5,38.5,38.5,38.5,2000,0.0,0.0
2024-04-03 09:00:00+08:00,38.54999923706055,38.54999923706055,38.54999923706055,38.54999923706055,0,0.0,0.0
2024-04-03 10:00:00+08:00,39.04999923706055,39.04999923706055,38.45000076293945,38.45000076293945,13000,0.0,0.0
2024-04-03 11:00:00+08:00,38.45000076293945,38.45000076293945,38.400001525878906,38.400001525878906,2000,0.0,0.0
2024-04-03 12:00:00+08:00,38.5,38.54999923706055,38.5,38.5,7019,0.0,0.0
2024-04-08 10:00:00+08:00,38.5,38.5,38.45000076293945,38.5,5000,0.0,0.0
2024-04-08 11:00:00+08:00,38.70000076293945,38.70000076293945,38.70000076293945,38.70000076293945,2075,0.0,0.0
2024-04-08 12:00:00+08:00,38.650001525878906,39.099998474121094,38.650001525878906,39.099998474121094,13100,0.0,0.0
2024-04-08 13:00:00+08:00,39.0,39.0,39.0,39.0,1000,0.0,0.0
2024-04-09 09:00:00+08:00,39.29999923706055,39.29999923706055,39.0,39.0,0,0.0,0.0
2024-04-09 10:00:00+08:00,39.0,39.0,39.0,39.0,8000,0.0,0.0
2024-04-09 11:00:00+08:00,39.0,39.0,39.0,39.0,2001,0.0,0.0
2024-04-09 12:00:00+08:00,38.900001525878906,38.900001525878906,38.79999923706055,38.79999923706055,2049,0.0,0.0
2024-04-09 13:00:00+08:00,38.75,38.849998474121094,38.599998474121094,38.70000076293945,0,0.0,0.0
2024-04-10 09:00:00+08:00,39.29999923706055,39.900001525878906,39.29999923706055,39.599998474121094,18000,0.0,0.0
2024-04-10 10:00:00+08:00,39.599998474121094,39.599998474121094,39.0,39.0,26000,0.0,0.0
2024-04-10 11:00:00+08:00,39.0,39.0,38.70000076293945,38.70000076293945,12000,0.0,0.0
2024-04-10 12:00:00+08:00,38.54999923706055,38.54999923706055,38.54999923706055,38.54999923706055,3000,0.0,0.0
2024-04-11 09:00:00+08:00,39.599998474121094,39.79999923706055,39.099998474121094,39.400001525878906,7007,0.0,0.0
2024-04-11 10:00:00+08:00,39.400001525878906,39.79999923706055,39.400001525878906,39.400001525878906,5000,0.0,0.0
2024-04-11 11:00:00+08:00,39.400001525878906,39.400001525878906,39.349998474121094,39.349998474121094,2000,0.0,0.0
2024-04-11 12:00:00+08:00,39.400001525878906,39.400001525878906,39.400001525878906,39.400001525878906,3000,0.0,0.0
2024-04-11 13:00:00+08:00,39.400001525878906,39.400001525878906,39.349998474121094,39.400001525878906,0,0.0,0.0
2024-04-12 09:00:00+08:00,39.599998474121094,39.70000076293945,39.599998474121094,39.599998474121094,5034,0.0,0.0
2024-04-12 10:00:00+08:00,39.75,40.0,39.650001525878906,39.650001525878906,18172,0.0,0.0
2024-04-12 11:00:00+08:00,39.599998474121094,39.599998474121094,39.599998474121094,39.599998474121094,2000,0.0,0.0
2024-04-12 12:00:00+08:00,39.650001525878906,39.70000076293945,39.599998474121094,39.599998474121094,8000,0.0,0.0
2024-04-12 13:00:00+08:00,39.599998474121094,39.599998474121094,39.599998474121094,39.599998474121094,4000,0.0,0.0
2024-04-15 09:00:00+08:00,39.599998474121094,39.599998474121094,39.599998474121094,39.599998474121094,0,0.0,0.0
2024-04-15 10:00:00+08:00,39.599998474121094,39.599998474121094,39.54999923706055,39.54999923706055,4006,0.0,0.0
2024-04-15 11:00:00+08:00,39.599998474121094,39.599998474121094,39.599998474121094,39.599998474121094,5494,0.0,0.0
2024-04-15 12:00:00+08:00,39.599998474121094,39.599998474121094,39.54999923706055,39.54999923706055,4000,0.0,0.0
2024-04-15 13:00:00+08:00,39.5,39.650001525878906,39.5,39.650001525878906,0,0.0,0.0
2024-04-16 09:00:00+08:00,39.20000076293945,39.20000076293945,38.849998474121094,39.150001525878906,8000,0.0,0.0
2024-04-16 10:00:00+08:00,39.150001525878906,39.150001525878906,38.79999923706055,38.79999923706055,12000,0.0,0.0
2024-04-16 11:00:00+08:00,38.79999923706055,38.79999923706055,38.79999923706055,38.79999923706055,1000,0.0,0.0
2024-04-16 12:00:00+08:00,38.5,38.5,38.0,38.0,13016,0.0,0.0
2024-04-16 13:00:00+08:00,38.099998474121094,38.099998474121094,38.099998474121094,38.099998474121094,4000,0.0,0.0
2024-04-17 09:00:00+08:00,39.0,39.099998474121094,38.900001525878906,38.900001525878906,9000,0.0,0.0
2024-04-17 10:00:00+08:00,38.900001525878906,39.54999923706055,38.900001525878906,39.54999923706055,5000,0.0,0.0
2024-04-17 11:00:00+08:00,39.5,39.5,39.5,39.5,10000,0.0,0.0
2024-04-17 12:00:00+08:00,39.5,39.70000076293945,39.5,39.5,12000,0.0,0.0
2024-04-18 09:00:00+08:00,39.650001525878906,39.70000076293945,39.650001525878906,39.70000076293945,3000,0.0,0.0
2024-04-18 10:00:00+08:00,39.70000076293945,39.75,39.599998474121094,39.75,16000,0.0,0.0
2024-04-18 11:00:00+08:00,39.599998474121094,39.599998474121094,39.599998474121094,39.599998474121094,2000,0.0,0.0
2024-04-18 12:00:00+08:00,39.75,40.099998474121094,39.75,40.099998474121094,11000,0.0,0.0
2024-04-18 13:00:00+08:00,40.099998474121094,40.150001525878906,40.099998474121094,40.150001525878906,8033,0.0,0.0
2024-04-19 09:00:00+08:00,40.400001525878906,42.0,40.0,40.900001525878906,27317,0.0,0.0
2024-04-19 10:00:00+08:00,40.79999923706055,40.79999923706055,40.25,40.29999923706055,41012,0.0,0.0
2024-04-19 11:00:00+08:00,40.54999923706055,40.70000076293945,39.79999923706055,40.70000076293945,38130,0.0,0.0
2024-04-19 12:00:00+08:00,40.70000076293945,40.70000076293945,40.099998474121094,40.099998474121094,7088,0.0,0.0
2024-04-19 13:00:00+08:00,40.0,40.5,40.0,40.45000076293945,8000,0.0,0.0
2024-04-22 09:00:00+08:00,40.45000076293945,41.5,40.45000076293945,41.5,0,0.0,0.0
2024-04-22 10:00:00+08:00,41.400001525878906,41.400001525878906,40.650001525878906,41.20000076293945,6000,0.0,0.0
2024-04-22 11:00:00+08:00,40.79999923706055,41.150001525878906,40.45000076293945,40.45000076293945,11000,0.0,0.0
2024-04-22 12:00:00+08:00,40.29999923706055,40.29999923706055,40.20000076293945,40.20000076293945,9025,0.0,0.0
2024-04-22 13:00:00+08:00,40.099998474121094,40.29999923706055,40.0,40.29999923706055,21000,0.0,0.0
2024-04-23 09:00:00+08:00,39.95000076293945,39.95000076293945,39.79999923706055,39.849998474121094,14000,0.0,0.0
2024-04-23 10:00:00+08:00,39.849998474121094,40.0,39.79999923706055,39.79999923706055,15000,0.0,0.0
2024-04-23 11:00:00+08:00,40.04999923706055,40.04999923706055,40.0,40.0,3000,0.0,0.0
2024-04-23 12:00:00+08:00,40.0,40.099998474121094,40.0,40.099998474121094,3000,0.0,0.0
2024-04-23 13:00:00+08:00,40.099998474121094,40.099998474121094,39.79999923706055,39.900001525878906,9000,0.0,0.0
2024-04-24 09:00:00+08:00,39.849998474121094,39.849998474121094,39.849998474121094,39.849998474121094,0,0.0,0.0
2024-04-24 10:00:00+08:00,40.5,40.70000076293945,40.5,40.70000076293945,11000,0.0,0.0
2024-04-24 11:00:00+08:00,40.5,40.5,40.25,40.5,22000,0.0,0.0
2024-04-24 12:00:00+08:00,40.5,40.5,40.099998474121094,40.099998474121094,10000,0.0,0.0
2024-04-24 13:00:00+08:00,40.20000076293945,40.20000076293945,40.099998474121094,40.20000076293945,9000,0.0,0.0
2024-04-25 09:00:00+08:00,40.20000076293945,40.20000076293945,39.45000076293945,39.45000076293945,0,0.0,0.0
2024-04-25 10:00:00+08:00,39.900001525878906,39.900001525878906,39.900001525878906,39.900001525878906,2000,0.0,0.0
2024-04-25 11:00:00+08:00,39.900001525878906,39.900001525878906,39.900001525878906,39.900001525878906,1000,0.0,0.0
2024-04-25 12:00:00+08:00,39.900001525878906,39.900001525878906,39.900001525878906,39.900001525878906,1000,0.0,0.0
2024-04-25 13:00:00+08:00,39.45000076293945,39.45000076293945,39.099998474121094,39.099998474121094,16000,0.0,0.0
2024-04-26 09:00:00+08:00,38.900001525878906,38.900001525878906,38.900001525878906,38.900001525878906,0,0.0,0.0
2024-04-26 10:00:00+08:00,39.099998474121094,39.099998474121094,39.099998474121094,39.099998474121094,1000,0.0,0.0
2024-04-26 11:00:00+08:00,39.349998474121094,39.349998474121094,39.349998474121094,39.349998474121094,2000,0.0,0.0
2024-04-26 12:00:00+08:00,39.349998474121094,39.349998474121094,38.849998474121094,39.099998474121094,23000,0.0,0.0
2024-04-26 13:00:00+08:00,39.099998474121094,39.099998474121094,38.70000076293945,38.70000076293945,4000,0.0,0.0
2024-04-29 12:00:00+08:00,38.849998474121094,38.849998474121094,38.75,38.79999923706055,6002,0.0,0.0
2024-04-29 13:00:00+08:00,38.849998474121094,38.849998474121094,38.849998474121094,38.849998474121094,1310,0.0,0.0
2024-04-30 09:00:00+08:00,37.29999923706055,37.5,35.0,36.29999923706055,187200,0.0,0.0
2024-04-30 10:00:00+08:00,36.400001525878906,36.400001525878906,36.099998474121094,36.099998474121094,13000,0.0,0.0
2024-04-30 11:00:00+08:00,36.20000076293945,36.95000076293945,36.150001525878906,36.95000076293945,5000,0.0,0.0
2024-04-30 12:00:00+08:00,37.20000076293945,37.400001525878906,37.20000076293945,37.20000076293945,8300,0.0,0.0
2024-04-30 13:00:00+08:00,37.099998474121094,37.099998474121094,37.099998474121094,37.099998474121094,1000,0.0,0.0
2024-05-02 09:00:00+08:00,36.75,37.400001525878906,36.75,37.400001525878906,0,0.0,0.0
2024-05-02 10:00:00+08:00,37.20000076293945,38.349998474121094,37.20000076293945,38.349998474121094,13000,0.0,0.0
2024-05-02 11:00:00+08:00,38.0,38.0,38.0,38.0,1000,0.0,0.0
2024-05-02 12:00:00+08:00,37.75,37.900001525878906,37.75,37.900001525878906,3000,0.0,0.0
2024-05-02 13:00:00+08:00,37.599998474121094,37.900001525878906,37.5,37.900001525878906,7000,0.0,0.0
2024-05-03 10:00:00+08:00,37.5,37.5,37.5,37.5,6000,0.0,0.0
2024-05-03 11:00:00+08:00,37.5,37.5,37.400001525878906,37.400001525878906,6000,0.0,0.0
2024-05-03 12:00:00+08:00,37.400001525878906,37.5,37.29999923706055,37.5,7000,0.0,0.0
2024-05-03 13:00:00+08:00,37.20000076293945,37.20000076293945,37.150001525878906,37.150001525878906,3000,0.0,0.0
2024-05-06 09:00:00+08:00,37.04999923706055,37.04999923706055,37.0,37.0,0,0.0,0.0
2024-05-06 10:00:00+08:00,37.0,37.099998474121094,36.900001525878906,37.099998474121094,16000,0.0,0.0
2024-05-06 11:00:00+08:00,36.95000076293945,37.099998474121094,36.900001525878906,36.900001525878906,7000,0.0,0.0
2024-05-06 12:00:00+08:00,36.900001525878906,37.20000076293945,36.900001525878906,37.20000076293945,13049,0.0,0.0
2024-05-06 13:00:00+08:00,37.0,37.0,37.0,37.0,0,0.0,0.0
2024-05-07 09:00:00+08:00,37.0,37.0,37.0,37.0,7000,0.0,0.0
2024-05-07 10:00:00+08:00,37.0,37.0,37.0,37.0,6000,0.0,0.0
2024-05-07 11:00:00+08:00,37.0,37.0,37.0,37.0,2000,0.0,0.0
2024-05-07 12:00:00+08:00,37.04999923706055,37.04999923706055,37.04999923706055,37.04999923706055,5050,0.0,0.0
2024-05-07 13:00:00+08:00,37.0,37.0,37.0,37.0,0,0.0,0.0
2024-05-08 09:00:00+08:00,37.0,37.0,36.849998474121094,37.0,9000,0.0,0.0
2024-05-08 10:00:00+08:00,37.20000076293945,37.20000076293945,37.20000076293945,37.20000076293945,4009,0.0,0.0
2024-05-08 11:00:00+08:00,37.099998474121094,37.099998474121094,37.0,37.099998474121094,6150,0.0,0.0
2024-05-08 13:00:00+08:00,37.099998474121094,37.099998474121094,37.0,37.0,0,0.0,0.0
2024-05-09 09:00:00+08:00,39.79999923706055,39.79999923706055,38.79999923706055,38.79999923706055,9050,0.0,0.0
2024-05-09 10:00:00+08:00,37.849998474121094,37.849998474121094,37.849998474121094,37.849998474121094,2000,0.0,0.0
2024-05-09 13:00:00+08:00,37.900001525878906,37.900001525878906,37.79999923706055,37.79999923706055,4000,0.0,0.0
2024-05-10 09:00:00+08:00,36.900001525878906,37.0,36.900001525878906,37.0,0,0.0,0.0
2024-05-10 10:00:00+08:00,37.0,37.0,37.0,37.0,5000,0.0,0.0
2024-05-10 11:00:00+08:00,37.0,37.0,37.0,37.0,10241,0.0,0.0
2024-05-13 09:00:00+08:00,37.25,37.25,36.0,36.650001525878906,14754,0.0,0.0
2024-05-13 10:00:00+08:00,36.650001525878906,36.95000076293945,36.650001525878906,36.95000076293945,3000,0.0,0.0
2024-05-13 11:00:00+08:00,36.95000076293945,36.95000076293945,36.95000076293945,36.95000076293945,1000,0.0,0.0
2024-05-13 12:00:00+08:00,36.95000076293945,36.95000076293945,36.95000076293945,36.95000076293945,1000,0.0,0.0
2024-05-13 13:00:00+08:00,36.79999923706055,36.79999923706055,36.75,36.75,4000,0.0,0.0
2024-05-14 09:00:00+08:00,37.0,37.29999923706055,37.0,37.29999923706055,3000,0.0,0.0
2024-05-14 10:00:00+08:00,37.0,37.0,37.0,37.0,0,0.0,0.0
2024-05-14 11:00:00+08:00,37.0,37.0,37.0,37.0,11000,0.0,0.0
2024-05-14 12:00:00+08:00,37.0,37.0,37.0,37.0,2000,0.0,0.0
2024-05-14 13:00:00+08:00,37.0,37.0,37.0,37.0,1000,0.0,0.0
2024-05-15 09:00:00+08:00,37.29999923706055,37.29999923706055,36.79999923706055,36.849998474121094,17000,0.0,0.0
2024-05-15 10:00:00+08:00,36.849998474121094,36.849998474121094,36.849998474121094,36.849998474121094,3000,0.0,0.0
2024-05-15 11:00:00+08:00,36.849998474121094,36.849998474121094,36.75,36.75,16000,0.0,0.0
2024-05-15 12:00:00+08:00,36.75,36.75,36.75,36.75,3000,0.0,0.0
2024-05-16 09:00:00+08:00,36.54999923706055,36.54999923706055,36.5,36.54999923706055,9000,0.0,0.0
2024-05-16 11:00:00+08:00,36.599998474121094,36.599998474121094,36.54999923706055,36.54999923706055,3000,0.0,0.0
2024-05-16 12:00:00+08:00,36.599998474121094,36.599998474121094,36.599998474121094,36.599998474121094,1000,0.0,0.0
2024-05-16 13:00:00+08:00,36.599998474121094,36.599998474121094,36.599998474121094,36.599998474121094,1000,0.0,0.0
2024-05-17 09:00:00+08:00,37.0,37.0,36.599998474121094,36.599998474121094,0,0.0,0.0
2024-05-17 10:00:00+08:00,36.650001525878906,36.650001525878906,36.650001525878906,36.650001525878906,20000,0.0,0.0
2024-05-17 11:00:00+08:00,36.70000076293945,37.0,36.70000076293945,37.0,4000,0.0,0.0
2024-05-17 12:00:00+08:00,36.900001525878906,37.0,36.900001525878906,37.0,4000,0.0,0.0
2024-05-20 09:00:00+08:00,37.0,37.0,36.599998474121094,36.650001525878906,0,0.0,0.0
2024-05-20 10:00:00+08:00,36.79999923706055,36.79999923706055,36.650001525878906,36.650001525878906,12000,0.0,0.0
2024-05-20 11:00:00+08:00,36.70000076293945,36.70000076293945,36.70000076293945,36.70000076293945,2000,0.0,0.0
2024-05-20 12:00:00+08:00,36.70000076293945,36.70000076293945,36.599998474121094,36.599998474121094,53000,0.0,0.0
2024-05-20 13:00:00+08:00,36.599998474121094,36.599998474121094,36.599998474121094,36.599998474121094,0,0.0,0.0
2024-05-21 09:00:00+08:00,36.54999923706055,36.54999923706055,36.5,36.5,3289,0.0,0.0
2024-05-21 10:00:00+08:00,36.5,36.5,36.5,36.5,11000,0.0,0.0
2024-05-21 12:00:00+08:00,36.5,36.5,36.5,36.5,9000,0.0,0.0
2024-05-21 13:00:00+08:00,36.5,36.5,36.400001525878906,36.400001525878906,7153,0.0,0.0
2024-05-22 09:00:00+08:00,36.849998474121094,36.849998474121094,36.5,36.5,6000,0.0,0.0
2024-05-22 10:00:00+08:00,36.5,36.5,36.349998474121094,36.349998474121094,14000,0.0,0.0
2024-05-22 11:00:00+08:00,36.29999923706055,36.45000076293945,36.04999923706055,36.45000076293945,20052,0.0,0.0
2024-05-22 12:00:00+08:00,36.25,36.45000076293945,36.25,36.45000076293945,4000,0.0,0.0
2024-05-22 13:00:00+08:00,36.45000076293945,36.45000076293945,36.25,36.25,5000,0.0,0.0
2024-05-23 09:00:00+08:00,36.04999923706055,36.04999923706055,35.95000076293945,36.0,15010,0.0,0.0
2024-05-23 10:00:00+08:00,36.29999923706055,36.400001525878906,36.0,36.0,9000,0.0,0.0
2024-05-23 11:00:00+08:00,36.0,36.0,35.95000076293945,36.0,16210,0.0,0.0
2024-05-23 12:00:00+08:00,36.04999923706055,36.099998474121094,36.0,36.0,12090,0.0,0.0
2024-05-23 13:00:00+08:00,35.95000076293945,35.95000076293945,35.900001525878906,35.900001525878906,5000,0.0,0.0
2024-05-24 09:00:00+08:00,36.45000076293945,36.45000076293945,36.45000076293945,36.45000076293945,3336,0.0,0.0
2024-05-24 10:00:00+08:00,36.400001525878906,36.400001525878906,36.400001525878906,36.400001525878906,1163,0.0,0.0
2024-05-24 13:00:00+08:00,36.400001525878906,36.400001525878906,36.29999923706055,36.29999923706055,7000,0.0,0.0
2024-05-27 09:00:00+08:00,35.650001525878906,38.099998474121094,35.650001525878906,35.650001525878906,8952,0.0,0.0
2024-05-27 10:00:00+08:00,35.70000076293945,35.70000076293945,35.70000076293945,35.70000076293945,3000,0.0,0.0
2024-05-27 11:00:00+08:00,35.70000076293945,36.0,35.650001525878906,36.0,33000,0.0,0.0
2024-05-27 12:00:00+08:00,36.0,36.0,35.79999923706055,35.79999923706055,6008,0.0,0.0
2024-05-28 09:00:00+08:00,36.0,36.0,36.0,36.0,0,0.0,0.0
2024-05-28 11:00:00+08:00,36.5,36.75,36.5,36.75,0,0.0,0.0
2024-05-29 11:00:00+08:00,36.5,36.5,36.5,36.5,1000,0.0,0.0
2024-05-29 12:00:00+08:00,36.349998474121094,36.349998474121094,36.349998474121094,36.349998474121094,4000,0.0,0.0
2024-05-29 13:00:00+08:00,36.45000076293945,36.45000076293945,36.29999923706055,36.29999923706055,3000,0.0,0.0
2024-05-30 10:00:00+08:00,36.349998474121094,36.45000076293945,36.099998474121094,36.099998474121094,11000,0.0,0.0
2024-05-30 11:00:00+08:00,36.150001525878906,36.150001525878906,36.150001525878906,36.150001525878906,2000,0.0,0.0
2024-05-30 12:00:00+08:00,36.099998474121094,36.099998474121094,36.099998474121094,36.099998474121094,1000,0.0,0.0
2024-05-30 13:00:00+08:00,36.45000076293945,36.5,36.45000076293945,36.5,2000,0.0,0.0
2024-05-31 09:00:00+08:00,36.5,36.5,36.0,36.0,2000,0.0,0.0
2024-05-31 10:00:00+08:00,36.5,36.900001525878906,36.5,36.5,9000,0.0,0.0
2024-05-31 11:00:00+08:00,36.5,36.75,36.400001525878906,36.75,7000,0.0,0.0
2024-05-31 13:00:00+08:00,36.70000076293945,36.70000076293945,36.70000076293945,36.70000076293945,1000,0.0,0.0
2024-06-03 11:00:00+08:00,36.20000076293945,36.20000076293945,36.150001525878906,36.150001525878906,13000,0.0,0.0
2024-06-03 12:00:00+08:00,36.150001525878906,36.150001525878906,36.150001525878906,36.150001525878906,2000,0.0,0.0
2024-06-03 13:00:00+08:00,36.20000076293945,36.20000076293945,36.20000076293945,36.20000076293945,0,0.0,0.0
2024-06-04 09:00:00+08:00,36.20000076293945,36.400001525878906,36.20000076293945,36.400001525878906,2000,0.0,0.0
2024-06-04 10:00:00+08:00,36.20000076293945,36.20000076293945,36.0,36.0,13000,0.0,0.0
2024-06-04 11:00:00+08:00,36.0,36.0,36.0,36.0,2000,0.0,0.0
2024-06-04 12:00:00+08:00,36.0,36.29999923706055,36.0,36.0,18100,0.0,0.0
2024-06-04 13:00:00+08:00,36.20000076293945,36.20000076293945,36.20000076293945,36.20000076293945,2000,0.0,0.0
2024-06-05 11:00:00+08:00,35.95000076293945,35.95000076293945,35.900001525878906,35.900001525878906,0,0.0,0.0
2024-06-05 12:00:00+08:00,35.95000076293945,35.95000076293945,35.95000076293945,35.95000076293945,1000,0.0,0.0
2024-06-05 13:00:00+08:00,36.25,36.25,36.25,36.25,0,0.0,0.0
2024-06-06 09:00:00+08:00,36.25,36.25,36.099998474121094,36.150001525878906,3000,0.0,0.0
2024-06-06 10:00:00+08:00,36.099998474121094,36.099998474121094,36.0,36.0,8009,0.0,0.0
2024-06-06 11:00:00+08:00,36.0,36.0,36.0,36.0,8000,0.0,0.0
2024-06-06 12:00:00+08:00,36.0,36.0,35.900001525878906,35.900001525878906,5019,0.0,0.0
2024-06-06 13:00:00+08:00,35.900001525878906,35.900001525878906,35.5,35.5,10000,0.0,0.0
2024-06-07 10:00:00+08:00,36.04999923706055,36.45000076293945,36.04999923706055,36.45000076293945,8000,0.0,0.0
2024-06-07 11:00:00+08:00,36.29999923706055,36.29999923706055,36.099998474121094,36.20000076293945,12000,0.0,0.0
2024-06-07 12:00:00+08:00,36.099998474121094,36.400001525878906,36.099998474121094,36.400001525878906,0,0.0,0.0
2024-06-07 13:00:00+08:00,36.04999923706055,36.04999923706055,36.04999923706055,36.04999923706055,26040,0.0,0.0
2024-06-11 09:00:00+08:00,36.599998474121094,36.900001525878906,36.29999923706055,36.29999923706055,0,0.0,0.0
2024-06-11 10:00:00+08:00,36.29999923706055,36.29999923706055,36.20000076293945,36.20000076293945,9000,0.0,0.0
2024-06-11 11:00:00+08:00,36.25,36.25,36.20000076293945,36.20000076293945,4000,0.0,0.0
2024-06-11 12:00:00+08:00,36.20000076293945,36.599998474121094,36.20000076293945,36.599998474121094,4000,0.0,0.0
2024-06-12 09:00:00+08:00,36.25,36.54999923706055,36.099998474121094,36.54999923706055,7005,0.0,0.0
2024-06-12 10:00:00+08:00,36.04999923706055,36.04999923706055,36.04999923706055,36.04999923706055,1000,0.0,0.0
2024-06-12 11:00:00+08:00,36.5,36.5,36.5,36.5,2000,0.0,0.0
2024-06-12 12:00:00+08:00,36.04999923706055,36.04999923706055,35.5,35.5,36301,0.0,0.0
2024-06-12 13:00:00+08:00,35.599998474121094,35.599998474121094,35.5,35.5,20000,0.0,0.0
2024-06-13 09:00:00+08:00,36.25,36.25,35.95000076293945,35.95000076293945,6045,0.0,0.0
2024-06-13 10:00:00+08:00,36.0,36.0,35.900001525878906,35.900001525878906,13282,0.0,0.0
2024-06-13 11:00:00+08:00,35.900001525878906,36.0,35.79999923706055,35.79999923706055,7000,0.0,0.0
2024-06-13 12:00:00+08:00,35.79999923706055,35.79999923706055,35.79999923706055,35.79999923706055,6000,0.0,0.0
2024-06-13 13:00:00+08:00,35.900001525878906,36.150001525878906,35.900001525878906,36.150001525878906,8000,0.0,0.0
2024-06-14 09:00:00+08:00,36.04999923706055,36.099998474121094,35.849998474121094,35.849998474121094,0,0.0,0.0
2024-06-14 11:00:00+08:00,36.099998474121094,36.099998474121094,35.849998474121094,35.849998474121094,13000,0.0,0.0
2024-06-14 12:00:00+08:00,35.849998474121094,35.849998474121094,35.849998474121094,35.849998474121094,8000,0.0,0.0
2024-06-17 09:00:00+08:00,36.04999923706055,36.04999923706055,35.20000076293945,35.20000076293945,0,0.0,0.0
2024-06-17 10:00:00+08:00,35.349998474121094,35.349998474121094,35.25,35.25,13000,0.0,0.0
2024-06-17 11:00:00+08:00,35.20000076293945,35.20000076293945,35.0,35.099998474121094,60000,0.0,0.0
2024-06-17 12:00:00+08:00,35.25,36.0,35.0,36.0,50267,0.0,0.0
2024-06-17 13:00:00+08:00,35.04999923706055,35.95000076293945,35.0,35.95000076293945,20000,0.0,0.0
2024-06-18 09:00:00+08:00,35.599998474121094,35.79999923706055,35.0,35.650001525878906,0,0.0,0.0
2024-06-18 10:00:00+08:00,35.20000076293945,35.650001525878906,35.0,35.0,49007,0.0,0.0
2024-06-18 11:00:00+08:00,35.0,35.5,35.0,35.0,27524,0.0,0.0
2024-06-18 12:00:00+08:00,35.0,35.0,34.95000076293945,34.95000076293945,40000,0.0,0.0
2024-06-18 13:00:00+08:00,35.5,35.5,35.0,35.5,12000,0.0,0.0
2024-06-19 09:00:00+08:00,35.0,35.04999923706055,35.0,35.0,13000,0.0,0.0
2024-06-19 10:00:00+08:00,35.0,35.0,34.900001525878906,34.95000076293945,9000,0.0,0.0
2024-06-19 11:00:00+08:00,34.95000076293945,34.95000076293945,34.95000076293945,34.95000076293945,2000,0.0,0.0
2024-06-19 13:00:00+08:00,35.0,35.0,35.0,35.0,1000,0.0,0.0
2024-06-20 09:00:00+08:00,34.95000076293945,34.95000076293945,34.95000076293945,34.95000076293945,0,0.0,0.0
2024-06-20 10:00:00+08:00,35.29999923706055,35.45000076293945,35.29999923706055,35.45000076293945,2000,0.0,0.0
2024-06-20 11:00:00+08:00,35.400001525878906,35.400001525878906,35.400001525878906,35.400001525878906,6000,0.0,0.0
2024-06-20 12:00:00+08:00,35.400001525878906,35.400001525878906,35.349998474121094,35.349998474121094,17000,0.0,0.0
2024-06-20 13:00:00+08:00,35.349998474121094,35.349998474121094,35.349998474121094,35.349998474121094,0,0.0,0.0
2024-06-21 09:00:00+08:00,35.099998474121094,35.099998474121094,35.099998474121094,35.099998474121094,7000,0.0,0.0
2024-06-21 11:00:00+08:00,35.20000076293945,35.20000076293945,35.20000076293945,35.20000076293945,2000,0.0,0.0
2024-06-21 12:00:00+08:00,35.20000076293945,35.25,35.0,35.25,31100,0.0,0.0
2024-06-21 13:00:00+08:00,35.150001525878906,35.29999923706055,35.099998474121094,35.29999923706055,9000,0.0,0.0
2024-06-24 09:00:00+08:00,35.0,35.0,35.0,35.0,0,0.0,0.0
2024-06-24 10:00:00+08:00,35.0,35.0,35.0,35.0,26000,0.0,0.0
2024-06-24 11:00:00+08:00,35.0,35.0,35.0,35.0,13000,0.0,0.0
2024-06-24 12:00:00+08:00,35.0,35.099998474121094,35.0,35.0,10000,0.0,0.0
2024-06-25 09:00:00+08:00,34.95000076293945,34.95000076293945,34.900001525878906,34.900001525878906,4000,0.0,0.0
2024-06-25 10:00:00+08:00,34.95000076293945,35.0,34.95000076293945,35.0,3000,0.0,0.0
2024-06-25 11:00:00+08:00,35.0,35.0,35.0,35.0,1000,0.0,0.0
2024-06-25 12:00:00+08:00,35.0,35.0,35.0,35.0,5000,0.0,0.0
2024-06-25 13:00:00+08:00,35.04999923706055,35.04999923706055,35.04999923706055,35.04999923706055,2000,0.0,0.0
2024-06-26 09:00:00+08:00,35.0,35.45000076293945,35.0,35.0,16000,0.0,0.0
2024-06-26 10:00:00+08:00,35.04999923706055,35.04999923706055,35.0,35.0,25000,0.0,0.0
2024-06-26 11:00:00+08:00,35.0,35.20000076293945,35.0,35.20000076293945,28000,0.0,0.0
2024-06-26 12:00:00+08:00,35.20000076293945,35.20000076293945,35.0,35.0,8000,0.0,0.0
2024-06-26 13:00:00+08:00,35.20000076293945,35.20000076293945,35.20000076293945,35.20000076293945,0,0.0,0.0
2024-06-27 09:00:00+08:00,35.25,35.25,35.099998474121094,35.099998474121094,8006,0.0,0.0
2024-06-27 10:00:00+08:00,35.099998474121094,35.5,35.099998474121094,35.099998474121094,16000,0.0,0.0
2024-06-27 11:00:00+08:00,35.150001525878906,35.150001525878906,35.0,35.0,11000,0.0,0.0
2024-06-27 12:00:00+08:00,35.04999923706055,35.25,35.04999923706055,35.25,3000,0.0,0.0
2024-06-27 13:00:00+08:00,35.0,35.0,35.0,35.0,0,0.0,0.0
2024-06-28 09:00:00+08:00,35.79999923706055,35.79999923706055,35.04999923706055,35.04999923706055,11111,0.0,0.0
2024-06-28 10:00:00+08:00,35.099998474121094,35.54999923706055,35.099998474121094,35.54999923706055,7000,0.0,0.0
2024-06-28 11:00:00+08:00,35.099998474121094,35.20000076293945,35.0,35.20000076293945,17000,0.0,0.0
2024-06-28 12:00:00+08:00,35.20000076293945,35.20000076293945,35.04999923706055,35.04999923706055,22010,0.0,0.0
2024-06-28 13:00:00+08:00,35.29999923706055,35.29999923706055,35.04999923706055,35.04999923706055,1000,0.0,0.0
