Datetime,Open,High,Low,Close,Volume,Dividends,Stock Splits
2024-08-26 09:00:00+08:00,61.0,61.0,61.0,61.0,0,0.0,0.0
2024-08-26 09:05:00+08:00,60.79999923706055,60.79999923706055,60.79999923706055,60.79999923706055,17000,0.0,0.0
2024-08-26 09:10:00+08:00,60.0,60.0,60.0,60.0,56350,0.0,0.0
2024-08-26 09:15:00+08:00,60.5,60.5,60.5,60.5,22259,0.0,0.0
2024-08-26 09:20:00+08:00,60.599998474121094,60.599998474121094,60.599998474121094,60.599998474121094,41999,0.0,0.0
2024-08-26 09:25:00+08:00,60.5,60.5,60.5,60.5,37022,0.0,0.0
2024-08-26 09:30:00+08:00,60.5,60.5,60.5,60.5,11000,0.0,0.0
2024-08-26 09:35:00+08:00,60.20000076293945,60.20000076293945,60.20000076293945,60.20000076293945,28003,0.0,0.0
2024-08-26 09:40:00+08:00,60.20000076293945,60.20000076293945,60.20000076293945,60.20000076293945,21300,0.0,0.0
2024-08-26 09:45:00+08:00,60.20000076293945,60.20000076293945,60.20000076293945,60.20000076293945,12000,0.0,0.0
2024-08-26 09:50:00+08:00,60.400001525878906,60.400001525878906,60.400001525878906,60.400001525878906,21000,0.0,0.0
2024-08-26 09:55:00+08:00,60.099998474121094,60.099998474121094,60.099998474121094,60.099998474121094,12000,0.0,0.0
2024-08-26 10:00:00+08:00,60.099998474121094,60.099998474121094,60.099998474121094,60.099998474121094,1150,0.0,0.0
2024-08-26 10:05:00+08:00,60.29999923706055,60.29999923706055,60.29999923706055,60.29999923706055,12000,0.0,0.0
2024-08-26 10:10:00+08:00,60.29999923706055,60.29999923706055,60.29999923706055,60.29999923706055,2010,0.0,0.0
2024-08-26 10:15:00+08:00,60.20000076293945,60.20000076293945,60.20000076293945,60.20000076293945,16000,0.0,0.0
2024-08-26 10:20:00+08:00,60.099998474121094,60.099998474121094,60.099998474121094,60.099998474121094,16010,0.0,0.0
2024-08-26 10:25:00+08:00,60.29999923706055,60.29999923706055,60.29999923706055,60.29999923706055,5000,0.0,0.0
2024-08-26 10:30:00+08:00,60.099998474121094,60.099998474121094,60.099998474121094,60.099998474121094,11020,0.0,0.0
2024-08-26 10:35:00+08:00,60.29999923706055,60.29999923706055,60.29999923706055,60.29999923706055,6000,0.0,0.0
2024-08-26 10:40:00+08:00,60.29999923706055,60.29999923706055,60.29999923706055,60.29999923706055,8000,0.0,0.0
2024-08-26 10:45:00+08:00,60.20000076293945,60.20000076293945,60.20000076293945,60.20000076293945,6000,0.0,0.0
2024-08-26 10:50:00+08:00,60.20000076293945,60.20000076293945,60.20000076293945,60.20000076293945,4199,0.0,0.0
2024-08-26 10:55:00+08:00,60.099998474121094,60.099998474121094,60.099998474121094,60.099998474121094,21191,0.0,0.0
2024-08-26 11:00:00+08:00,60.0,60.0,60.0,60.0,21400,0.0,0.0
2024-08-26 11:05:00+08:00,60.0,60.0,60.0,60.0,14000,0.0,0.0
2024-08-26 11:10:00+08:00,60.20000076293945,60.20000076293945,60.20000076293945,60.20000076293945,12000,0.0,0.0
2024-08-26 11:15:00+08:00,60.400001525878906,60.400001525878906,60.400001525878906,60.400001525878906,20065,0.0,0.0
2024-08-26 11:20:00+08:00,60.5,60.5,60.5,60.5,49000,0.0,0.0
2024-08-26 11:25:00+08:00,61.0,61.0,61.0,61.0,41391,0.0,0.0
2024-08-26 11:30:00+08:00,61.20000076293945,61.20000076293945,61.20000076293945,61.20000076293945,66100,0.0,0.0
2024-08-26 11:35:00+08:00,61.0,61.0,61.0,61.0,0,0.0,0.0
2024-08-26 11:40:00+08:00,61.5,61.5,61.5,61.5,720514,0.0,0.0
2024-08-26 11:45:00+08:00,61.5,61.5,61.5,61.5,10000,0.0,0.0
2024-08-26 11:50:00+08:00,61.20000076293945,61.20000076293945,61.20000076293945,61.20000076293945,20548,0.0,0.0
2024-08-26 11:55:00+08:00,61.099998474121094,61.099998474121094,61.099998474121094,61.099998474121094,12000,0.0,0.0
2024-08-26 12:00:00+08:00,61.0,61.0,61.0,61.0,11000,0.0,0.0
2024-08-26 12:05:00+08:00,60.70000076293945,60.70000076293945,60.70000076293945,60.70000076293945,13000,0.0,0.0
2024-08-26 12:10:00+08:00,60.70000076293945,60.70000076293945,60.70000076293945,60.70000076293945,8007,0.0,0.0
2024-08-26 12:15:00+08:00,60.900001525878906,60.900001525878906,60.900001525878906,60.900001525878906,4000,0.0,0.0
2024-08-26 12:20:00+08:00,60.900001525878906,60.900001525878906,60.900001525878906,60.900001525878906,8000,0.0,0.0
2024-08-26 12:25:00+08:00,61.0,61.0,61.0,61.0,21000,0.0,0.0
2024-08-26 12:30:00+08:00,60.79999923706055,60.79999923706055,60.79999923706055,60.79999923706055,7000,0.0,0.0
2024-08-26 12:35:00+08:00,60.900001525878906,60.900001525878906,60.900001525878906,60.900001525878906,11000,0.0,0.0
2024-08-26 12:40:00+08:00,60.900001525878906,60.900001525878906,60.900001525878906,60.900001525878906,4000,0.0,0.0
2024-08-26 12:45:00+08:00,60.79999923706055,60.79999923706055,60.79999923706055,60.79999923706055,5155,0.0,0.0
2024-08-26 12:50:00+08:00,60.79999923706055,60.79999923706055,60.79999923706055,60.79999923706055,9000,0.0,0.0
2024-08-26 12:55:00+08:00,60.599998474121094,60.599998474121094,60.599998474121094,60.599998474121094,6077,0.0,0.0
2024-08-26 13:00:00+08:00,60.599998474121094,60.599998474121094,60.599998474121094,60.599998474121094,8050,0.0,0.0
2024-08-26 13:05:00+08:00,60.79999923706055,60.79999923706055,60.79999923706055,60.79999923706055,17000,0.0,0.0
2024-08-26 13:10:00+08:00,60.79999923706055,60.79999923706055,60.79999923706055,60.79999923706055,28000,0.0,0.0
2024-08-26 13:15:00+08:00,60.900001525878906,60.900001525878906,60.900001525878906,60.900001525878906,18373,0.0,0.0
2024-08-26 13:20:00+08:00,60.70000076293945,60.70000076293945,60.70000076293945,60.70000076293945,17327,0.0,0.0
2024-08-27 09:00:00+08:00,59.70000076293945,59.70000076293945,59.70000076293945,59.70000076293945,0,0.0,0.0
2024-08-27 09:05:00+08:00,59.70000076293945,59.70000076293945,59.70000076293945,59.70000076293945,17000,0.0,0.0
2024-08-27 09:10:00+08:00,59.5,59.5,59.5,59.5,24000,0.0,0.0
2024-08-27 09:15:00+08:00,59.0,59.0,59.0,59.0,54055,0.0,0.0
2024-08-27 09:20:00+08:00,59.099998474121094,59.099998474121094,59.099998474121094,59.099998474121094,77117,0.0,0.0
2024-08-27 09:25:00+08:00,59.29999923706055,59.29999923706055,59.29999923706055,59.29999923706055,71020,0.0,0.0
2024-08-27 09:30:00+08:00,59.400001525878906,59.400001525878906,59.400001525878906,59.400001525878906,34025,0.0,0.0
2024-08-27 09:35:00+08:00,59.20000076293945,59.20000076293945,59.20000076293945,59.20000076293945,33040,0.0,0.0
2024-08-27 09:40:00+08:00,59.70000076293945,59.70000076293945,59.70000076293945,59.70000076293945,30030,0.0,0.0
2024-08-27 09:45:00+08:00,60.5,60.5,60.5,60.5,36485,0.0,0.0
2024-08-27 09:50:00+08:00,60.400001525878906,60.400001525878906,60.400001525878906,60.400001525878906,23183,0.0,0.0
2024-08-27 09:55:00+08:00,60.400001525878906,60.400001525878906,60.400001525878906,60.400001525878906,8000,0.0,0.0
2024-08-27 10:00:00+08:00,60.400001525878906,60.400001525878906,60.400001525878906,60.400001525878906,17200,0.0,0.0
2024-08-27 10:05:00+08:00,60.29999923706055,60.29999923706055,60.29999923706055,60.29999923706055,6000,0.0,0.0
2024-08-27 10:10:00+08:00,60.099998474121094,60.099998474121094,60.099998474121094,60.099998474121094,15000,0.0,0.0
2024-08-27 10:15:00+08:00,60.0,60.0,60.0,60.0,14005,0.0,0.0
2024-08-27 10:20:00+08:00,60.0,60.0,60.0,60.0,10000,0.0,0.0
2024-08-27 10:25:00+08:00,60.099998474121094,60.099998474121094,60.099998474121094,60.099998474121094,11000,0.0,0.0
2024-08-27 10:30:00+08:00,60.099998474121094,60.099998474121094,60.099998474121094,60.099998474121094,51000,0.0,0.0
2024-08-27 10:35:00+08:00,60.400001525878906,60.400001525878906,60.400001525878906,60.400001525878906,10000,0.0,0.0
2024-08-27 10:40:00+08:00,60.400001525878906,60.400001525878906,60.400001525878906,60.400001525878906,11200,0.0,0.0
2024-08-27 10:45:00+08:00,60.5,60.5,60.5,60.5,32212,0.0,0.0
2024-08-27 10:50:00+08:00,60.900001525878906,60.900001525878906,60.900001525878906,60.900001525878906,57225,0.0,0.0
2024-08-27 10:55:00+08:00,61.0,61.0,61.0,61.0,46050,0.0,0.0
2024-08-27 11:00:00+08:00,61.0,61.0,61.0,61.0,28140,0.0,0.0
2024-08-27 11:05:00+08:00,60.900001525878906,60.900001525878906,60.900001525878906,60.900001525878906,18000,0.0,0.0
2024-08-27 11:10:00+08:00,60.79999923706055,60.79999923706055,60.79999923706055,60.79999923706055,8010,0.0,0.0
2024-08-27 11:15:00+08:00,60.900001525878906,60.900001525878906,60.900001525878906,60.900001525878906,7346,0.0,0.0
2024-08-27 11:20:00+08:00,61.0,61.0,61.0,61.0,10155,0.0,0.0
2024-08-27 11:25:00+08:00,61.0,61.0,61.0,61.0,73120,0.0,0.0
2024-08-27 11:30:00+08:00,61.29999923706055,61.29999923706055,61.29999923706055,61.29999923706055,64011,0.0,0.0
2024-08-27 11:35:00+08:00,61.5,61.5,61.5,61.5,107200,0.0,0.0
2024-08-27 11:40:00+08:00,62.0,62.0,62.0,62.0,78540,0.0,0.0
2024-08-27 11:45:00+08:00,61.5,61.5,61.5,61.5,73246,0.0,0.0
2024-08-27 11:50:00+08:00,61.20000076293945,61.20000076293945,61.20000076293945,61.20000076293945,47999,0.0,0.0
2024-08-27 11:55:00+08:00,61.400001525878906,61.400001525878906,61.400001525878906,61.400001525878906,11200,0.0,0.0
2024-08-27 12:00:00+08:00,61.5,61.5,61.5,61.5,16150,0.0,0.0
2024-08-27 12:05:00+08:00,61.5,61.5,61.5,61.5,18048,0.0,0.0
2024-08-27 12:10:00+08:00,61.5,61.5,61.5,61.5,23002,0.0,0.0
2024-08-27 12:15:00+08:00,61.29999923706055,61.29999923706055,61.29999923706055,61.29999923706055,13050,0.0,0.0
2024-08-27 12:20:00+08:00,61.400001525878906,61.400001525878906,61.400001525878906,61.400001525878906,9025,0.0,0.0
2024-08-27 12:25:00+08:00,61.900001525878906,61.900001525878906,61.900001525878906,61.900001525878906,65000,0.0,0.0
2024-08-27 12:30:00+08:00,62.400001525878906,62.400001525878906,62.400001525878906,62.400001525878906,111000,0.0,0.0
2024-08-27 12:35:00+08:00,62.5,62.5,62.5,62.5,55100,0.0,0.0
2024-08-27 12:40:00+08:00,62.29999923706055,62.29999923706055,62.29999923706055,62.29999923706055,45359,0.0,0.0
2024-08-27 12:45:00+08:00,62.20000076293945,62.20000076293945,62.20000076293945,62.20000076293945,36020,0.0,0.0
2024-08-27 12:50:00+08:00,62.0,62.0,62.0,62.0,22001,0.0,0.0
2024-08-27 12:55:00+08:00,62.400001525878906,62.400001525878906,62.400001525878906,62.400001525878906,38000,0.0,0.0
2024-08-27 13:00:00+08:00,62.5,62.5,62.5,62.5,39243,0.0,0.0
2024-08-27 13:05:00+08:00,62.5,62.5,62.5,62.5,57075,0.0,0.0
2024-08-27 13:10:00+08:00,62.79999923706055,62.79999923706055,62.79999923706055,62.79999923706055,152240,0.0,0.0
2024-08-27 13:15:00+08:00,63.0,63.0,63.0,63.0,142160,0.0,0.0
2024-08-27 13:20:00+08:00,63.599998474121094,63.599998474121094,63.599998474121094,63.599998474121094,246437,0.0,0.0
2024-08-28 09:00:00+08:00,63.70000076293945,63.70000076293945,63.70000076293945,63.70000076293945,0,0.0,0.0
2024-08-28 09:05:00+08:00,63.900001525878906,63.900001525878906,63.900001525878906,63.900001525878906,65000,0.0,0.0
2024-08-28 09:10:00+08:00,63.900001525878906,63.900001525878906,63.900001525878906,63.900001525878906,71734,0.0,0.0
2024-08-28 09:15:00+08:00,64.5,64.5,64.5,64.5,43388,0.0,0.0
2024-08-28 09:20:00+08:00,65.0,65.0,65.0,65.0,81350,0.0,0.0
2024-08-28 09:25:00+08:00,64.30000305175781,64.30000305175781,64.30000305175781,64.30000305175781,69999,0.0,0.0
2024-08-28 09:30:00+08:00,64.0,64.0,64.0,64.0,58997,0.0,0.0
2024-08-28 09:35:00+08:00,63.599998474121094,63.599998474121094,63.599998474121094,63.599998474121094,80999,0.0,0.0
2024-08-28 09:40:00+08:00,63.5,63.5,63.5,63.5,64623,0.0,0.0
2024-08-28 09:45:00+08:00,63.5,63.5,63.5,63.5,52089,0.0,0.0
2024-08-28 09:50:00+08:00,63.29999923706055,63.29999923706055,63.29999923706055,63.29999923706055,35281,0.0,0.0
2024-08-28 09:55:00+08:00,63.70000076293945,63.70000076293945,63.70000076293945,63.70000076293945,40400,0.0,0.0
2024-08-28 10:00:00+08:00,63.599998474121094,63.599998474121094,63.599998474121094,63.599998474121094,25008,0.0,0.0
2024-08-28 10:05:00+08:00,63.0,63.0,63.0,63.0,49100,0.0,0.0
2024-08-28 10:10:00+08:00,63.20000076293945,63.20000076293945,63.20000076293945,63.20000076293945,41000,0.0,0.0
2024-08-28 10:15:00+08:00,63.0,63.0,63.0,63.0,21164,0.0,0.0
2024-08-28 10:20:00+08:00,63.5,63.5,63.5,63.5,13008,0.0,0.0
2024-08-28 10:25:00+08:00,63.599998474121094,63.599998474121094,63.599998474121094,63.599998474121094,16200,0.0,0.0
2024-08-28 10:30:00+08:00,63.70000076293945,63.70000076293945,63.70000076293945,63.70000076293945,10400,0.0,0.0
2024-08-28 10:35:00+08:00,63.79999923706055,63.79999923706055,63.79999923706055,63.79999923706055,28000,0.0,0.0
2024-08-28 10:40:00+08:00,64.0,64.0,64.0,64.0,23200,0.0,0.0
2024-08-28 10:45:00+08:00,64.5,64.5,64.5,64.5,43930,0.0,0.0
2024-08-28 10:50:00+08:00,65.0,65.0,65.0,65.0,55150,0.0,0.0
2024-08-28 10:55:00+08:00,65.0,65.0,65.0,65.0,47902,0.0,0.0
2024-08-28 11:00:00+08:00,64.5999984741211,64.5999984741211,64.5999984741211,64.5999984741211,25073,0.0,0.0
2024-08-28 11:05:00+08:00,64.69999694824219,64.69999694824219,64.69999694824219,64.69999694824219,13100,0.0,0.0
2024-08-28 11:10:00+08:00,64.19999694824219,64.19999694824219,64.19999694824219,64.19999694824219,31008,0.0,0.0
2024-08-28 11:15:00+08:00,64.9000015258789,64.9000015258789,64.9000015258789,64.9000015258789,12000,0.0,0.0
2024-08-28 11:20:00+08:00,65.30000305175781,65.30000305175781,65.30000305175781,65.30000305175781,40400,0.0,0.0
2024-08-28 11:25:00+08:00,65.5999984741211,65.5999984741211,65.5999984741211,65.5999984741211,85850,0.0,0.0
2024-08-28 11:30:00+08:00,65.19999694824219,65.19999694824219,65.19999694824219,65.19999694824219,32815,0.0,0.0
2024-08-28 11:35:00+08:00,65.0,65.0,65.0,65.0,11420,0.0,0.0
2024-08-28 11:40:00+08:00,65.0999984741211,65.0999984741211,65.0999984741211,65.0999984741211,12100,0.0,0.0
2024-08-28 11:45:00+08:00,64.69999694824219,64.69999694824219,64.69999694824219,64.69999694824219,9101,0.0,0.0
2024-08-28 11:50:00+08:00,64.69999694824219,64.69999694824219,64.69999694824219,64.69999694824219,11014,0.0,0.0
2024-08-28 11:55:00+08:00,65.0,65.0,65.0,65.0,16020,0.0,0.0
2024-08-28 12:00:00+08:00,65.0,65.0,65.0,65.0,8080,0.0,0.0
2024-08-28 12:05:00+08:00,65.0,65.0,65.0,65.0,44180,0.0,0.0
2024-08-28 12:10:00+08:00,65.0999984741211,65.0999984741211,65.0999984741211,65.0999984741211,14100,0.0,0.0
2024-08-28 12:15:00+08:00,65.0999984741211,65.0999984741211,65.0999984741211,65.0999984741211,13206,0.0,0.0
2024-08-28 12:20:00+08:00,65.4000015258789,65.4000015258789,65.4000015258789,65.4000015258789,20100,0.0,0.0
2024-08-28 12:25:00+08:00,65.80000305175781,65.80000305175781,65.80000305175781,65.80000305175781,89543,0.0,0.0
2024-08-28 12:30:00+08:00,65.9000015258789,65.9000015258789,65.9000015258789,65.9000015258789,84572,0.0,0.0
2024-08-28 12:35:00+08:00,66.0,66.0,66.0,66.0,64414,0.0,0.0
2024-08-28 12:40:00+08:00,65.9000015258789,65.9000015258789,65.9000015258789,65.9000015258789,54322,0.0,0.0
2024-08-28 12:45:00+08:00,65.30000305175781,65.30000305175781,65.30000305175781,65.30000305175781,19320,0.0,0.0
2024-08-28 12:50:00+08:00,65.30000305175781,65.30000305175781,65.30000305175781,65.30000305175781,14103,0.0,0.0
2024-08-28 12:55:00+08:00,65.4000015258789,65.4000015258789,65.4000015258789,65.4000015258789,30300,0.0,0.0
2024-08-28 13:00:00+08:00,65.9000015258789,65.9000015258789,65.9000015258789,65.9000015258789,20101,0.0,0.0
2024-08-28 13:05:00+08:00,65.9000015258789,65.9000015258789,65.9000015258789,65.9000015258789,40527,0.0,0.0
2024-08-28 13:10:00+08:00,66.30000305175781,66.30000305175781,66.30000305175781,66.30000305175781,59023,0.0,0.0
2024-08-28 13:15:00+08:00,66.5,66.5,66.5,66.5,66166,0.0,0.0
2024-08-28 13:20:00+08:00,66.5,66.5,66.5,66.5,122125,0.0,0.0
2024-08-29 09:00:00+08:00,63.900001525878906,63.900001525878906,63.900001525878906,63.900001525878906,0,0.0,0.0
2024-08-29 09:05:00+08:00,64.5,64.5,64.5,64.5,31000,0.0,0.0
2024-08-29 09:10:00+08:00,64.9000015258789,64.9000015258789,64.9000015258789,64.9000015258789,37627,0.0,0.0
2024-08-29 09:15:00+08:00,64.9000015258789,64.9000015258789,64.9000015258789,64.9000015258789,49138,0.0,0.0
2024-08-29 09:20:00+08:00,64.80000305175781,64.80000305175781,64.80000305175781,64.80000305175781,14150,0.0,0.0
2024-08-29 09:25:00+08:00,65.0,65.0,65.0,65.0,28200,0.0,0.0
2024-08-29 09:30:00+08:00,65.0999984741211,65.0999984741211,65.0999984741211,65.0999984741211,24020,0.0,0.0
2024-08-29 09:35:00+08:00,65.0999984741211,65.0999984741211,65.0999984741211,65.0999984741211,31200,0.0,0.0
2024-08-29 09:40:00+08:00,65.5,65.5,65.5,65.5,29310,0.0,0.0
2024-08-29 09:45:00+08:00,66.0,66.0,66.0,66.0,55050,0.0,0.0
2024-08-29 09:50:00+08:00,66.4000015258789,66.4000015258789,66.4000015258789,66.4000015258789,40434,0.0,0.0
2024-08-29 09:55:00+08:00,66.4000015258789,66.4000015258789,66.4000015258789,66.4000015258789,43400,0.0,0.0
2024-08-29 10:00:00+08:00,66.30000305175781,66.30000305175781,66.30000305175781,66.30000305175781,38357,0.0,0.0
2024-08-29 10:05:00+08:00,66.0,66.0,66.0,66.0,33393,0.0,0.0
2024-08-29 10:10:00+08:00,65.9000015258789,65.9000015258789,65.9000015258789,65.9000015258789,15050,0.0,0.0
2024-08-29 10:15:00+08:00,65.80000305175781,65.80000305175781,65.80000305175781,65.80000305175781,25170,0.0,0.0
2024-08-29 10:20:00+08:00,65.9000015258789,65.9000015258789,65.9000015258789,65.9000015258789,17000,0.0,0.0
2024-08-29 10:25:00+08:00,66.0,66.0,66.0,66.0,23100,0.0,0.0
2024-08-29 10:30:00+08:00,66.5,66.5,66.5,66.5,43287,0.0,0.0
2024-08-29 10:35:00+08:00,67.5999984741211,67.5999984741211,67.5999984741211,67.5999984741211,91801,0.0,0.0
2024-08-29 10:40:00+08:00,68.0,68.0,68.0,68.0,86424,0.0,0.0
2024-08-29 10:45:00+08:00,67.4000015258789,67.4000015258789,67.4000015258789,67.4000015258789,51297,0.0,0.0
2024-08-29 10:50:00+08:00,67.5,67.5,67.5,67.5,33050,0.0,0.0
2024-08-29 10:55:00+08:00,68.0,68.0,68.0,68.0,55010,0.0,0.0
2024-08-29 11:00:00+08:00,68.5,68.5,68.5,68.5,125949,0.0,0.0
2024-08-29 11:05:00+08:00,68.69999694824219,68.69999694824219,68.69999694824219,68.69999694824219,66690,0.0,0.0
2024-08-29 11:10:00+08:00,68.19999694824219,68.19999694824219,68.19999694824219,68.19999694824219,78190,0.0,0.0
2024-08-29 11:15:00+08:00,68.0999984741211,68.0999984741211,68.0999984741211,68.0999984741211,24250,0.0,0.0
2024-08-29 11:20:00+08:00,68.0,68.0,68.0,68.0,35200,0.0,0.0
2024-08-29 11:25:00+08:00,67.9000015258789,67.9000015258789,67.9000015258789,67.9000015258789,47010,0.0,0.0
2024-08-29 11:30:00+08:00,68.0,68.0,68.0,68.0,30000,0.0,0.0
2024-08-29 11:35:00+08:00,67.69999694824219,67.69999694824219,67.69999694824219,67.69999694824219,19840,0.0,0.0
2024-08-29 11:40:00+08:00,67.5,67.5,67.5,67.5,24160,0.0,0.0
2024-08-29 11:45:00+08:00,67.30000305175781,67.30000305175781,67.30000305175781,67.30000305175781,17000,0.0,0.0
2024-08-29 11:50:00+08:00,66.80000305175781,66.80000305175781,66.80000305175781,66.80000305175781,31518,0.0,0.0
2024-08-29 11:55:00+08:00,66.0999984741211,66.0999984741211,66.0999984741211,66.0999984741211,44115,0.0,0.0
2024-08-29 12:00:00+08:00,66.0,66.0,66.0,66.0,68033,0.0,0.0
2024-08-29 12:05:00+08:00,66.0999984741211,66.0999984741211,66.0999984741211,66.0999984741211,34075,0.0,0.0
2024-08-29 12:10:00+08:00,66.0,66.0,66.0,66.0,57159,0.0,0.0
2024-08-29 12:15:00+08:00,64.80000305175781,64.80000305175781,64.80000305175781,64.80000305175781,94380,0.0,0.0
2024-08-29 12:20:00+08:00,64.0,64.0,64.0,64.0,246099,0.0,0.0
2024-08-29 12:25:00+08:00,64.5,64.5,64.5,64.5,67688,0.0,0.0
2024-08-29 12:30:00+08:00,64.9000015258789,64.9000015258789,64.9000015258789,64.9000015258789,65080,0.0,0.0
2024-08-29 12:35:00+08:00,64.5,64.5,64.5,64.5,26063,0.0,0.0
2024-08-29 12:40:00+08:00,63.70000076293945,63.70000076293945,63.70000076293945,63.70000076293945,114678,0.0,0.0
2024-08-29 12:45:00+08:00,63.0,63.0,63.0,63.0,204597,0.0,0.0
2024-08-29 12:50:00+08:00,61.099998474121094,61.099998474121094,61.099998474121094,61.099998474121094,261419,0.0,0.0
2024-08-29 12:57:00+08:00,63.099998474121094,63.099998474121094,63.099998474121094,63.099998474121094,109546,0.0,0.0
2024-08-29 13:02:00+08:00,63.0,63.0,63.0,63.0,28583,0.0,0.0
2024-08-29 13:07:00+08:00,63.5,63.5,63.5,63.5,36001,0.0,0.0
2024-08-29 13:12:00+08:00,64.0,64.0,64.0,64.0,39050,0.0,0.0
2024-08-29 13:17:00+08:00,63.79999923706055,63.79999923706055,63.79999923706055,63.79999923706055,35202,0.0,0.0
2024-08-29 13:22:00+08:00,64.0,64.0,64.0,64.0,46260,0.0,0.0
2024-08-30 09:02:00+08:00,64.9000015258789,66.30000305175781,64.0,65.69999694824219,0,0.0,0.0
2024-08-30 09:03:00+08:00,65.80000305175781,67.0999984741211,65.80000305175781,67.0999984741211,187000,0.0,0.0
2024-08-30 09:05:00+08:00,67.19999694824219,67.80000305175781,66.30000305175781,67.0999984741211,389000,0.0,0.0
2024-08-30 09:06:00+08:00,67.30000305175781,68.0999984741211,66.80000305175781,67.0,337000,0.0,0.0
2024-08-30 09:07:00+08:00,67.0,67.30000305175781,66.5,67.30000305175781,84000,0.0,0.0
2024-08-30 09:08:00+08:00,67.19999694824219,67.80000305175781,66.30000305175781,66.30000305175781,234000,0.0,0.0
2024-08-30 09:09:00+08:00,66.4000015258789,66.80000305175781,66.19999694824219,66.80000305175781,71000,0.0,0.0
2024-08-30 09:10:00+08:00,66.80000305175781,66.80000305175781,66.0999984741211,66.19999694824219,79126,0.0,0.0
2024-08-30 09:11:00+08:00,66.0999984741211,66.0999984741211,65.0,65.0999984741211,249123,0.0,0.0
2024-08-30 09:12:00+08:00,65.4000015258789,65.9000015258789,64.5999984741211,65.80000305175781,211700,0.0,0.0
2024-08-30 09:13:00+08:00,65.80000305175781,65.80000305175781,64.80000305175781,64.80000305175781,78238,0.0,0.0
2024-08-30 09:14:00+08:00,64.80000305175781,64.80000305175781,64.0,64.0,217115,0.0,0.0
2024-08-30 09:15:00+08:00,64.0,65.19999694824219,64.0,64.80000305175781,113008,0.0,0.0
2024-08-30 09:16:00+08:00,64.80000305175781,64.9000015258789,64.4000015258789,64.4000015258789,53052,0.0,0.0
2024-08-30 09:17:00+08:00,64.5,64.5,64.19999694824219,64.4000015258789,86214,0.0,0.0
2024-08-30 09:18:00+08:00,64.4000015258789,64.4000015258789,62.5,62.599998474121094,259033,0.0,0.0
2024-08-30 09:19:00+08:00,62.70000076293945,62.900001525878906,61.5,62.5,251994,0.0,0.0
2024-08-30 09:20:00+08:00,62.20000076293945,63.099998474121094,61.900001525878906,63.0,166416,0.0,0.0
2024-08-30 09:21:00+08:00,62.900001525878906,63.29999923706055,62.0,62.0,189000,0.0,0.0
2024-08-30 09:22:00+08:00,62.29999923706055,62.400001525878906,61.900001525878906,62.400001525878906,82037,0.0,0.0
2024-08-30 09:23:00+08:00,62.5,62.79999923706055,62.5,62.599998474121094,90025,0.0,0.0
2024-08-30 09:24:00+08:00,62.599998474121094,62.70000076293945,62.599998474121094,62.70000076293945,31000,0.0,0.0
2024-08-30 09:25:00+08:00,62.70000076293945,62.900001525878906,62.70000076293945,62.79999923706055,15556,0.0,0.0
2024-08-30 09:26:00+08:00,62.79999923706055,63.5,62.599998474121094,62.599998474121094,75050,0.0,0.0
2024-08-30 09:27:00+08:00,62.599998474121094,63.099998474121094,62.599998474121094,63.099998474121094,12000,0.0,0.0
2024-08-30 09:28:00+08:00,63.099998474121094,63.599998474121094,63.099998474121094,63.400001525878906,52000,0.0,0.0
2024-08-30 09:29:00+08:00,63.400001525878906,63.5,63.099998474121094,63.099998474121094,29000,0.0,0.0
2024-08-30 09:30:00+08:00,63.0,63.0,62.79999923706055,63.0,21070,0.0,0.0
2024-08-30 09:31:00+08:00,63.099998474121094,64.0,63.099998474121094,64.0,79000,0.0,0.0
2024-08-30 09:32:00+08:00,64.0,64.19999694824219,63.79999923706055,64.19999694824219,55200,0.0,0.0
2024-08-30 09:33:00+08:00,64.0999984741211,64.19999694824219,64.0,64.0999984741211,36100,0.0,0.0
2024-08-30 09:34:00+08:00,64.0999984741211,64.0999984741211,63.0,63.0,86225,0.0,0.0
2024-08-30 09:36:00+08:00,63.099998474121094,63.099998474121094,63.0,63.099998474121094,18234,0.0,0.0
2024-08-30 09:37:00+08:00,63.099998474121094,63.29999923706055,63.099998474121094,63.29999923706055,15420,0.0,0.0
2024-08-30 09:38:00+08:00,63.29999923706055,63.400001525878906,63.29999923706055,63.400001525878906,5000,0.0,0.0
2024-08-30 09:39:00+08:00,63.5,63.5,63.5,63.5,12000,0.0,0.0
2024-08-30 09:40:00+08:00,63.599998474121094,63.599998474121094,63.5,63.5,23000,0.0,0.0
2024-08-30 09:41:00+08:00,63.5,63.5,63.29999923706055,63.29999923706055,29123,0.0,0.0
2024-08-30 09:42:00+08:00,63.29999923706055,63.29999923706055,63.20000076293945,63.29999923706055,12000,0.0,0.0
2024-08-30 09:43:00+08:00,63.400001525878906,63.5,63.400001525878906,63.5,2000,0.0,0.0
2024-08-30 09:44:00+08:00,63.400001525878906,63.400001525878906,63.400001525878906,63.400001525878906,1000,0.0,0.0
2024-08-30 09:45:00+08:00,63.400001525878906,63.5,63.400001525878906,63.5,10000,0.0,0.0
2024-08-30 09:46:00+08:00,63.599998474121094,63.599998474121094,63.599998474121094,63.599998474121094,11000,0.0,0.0
2024-08-30 09:47:00+08:00,63.599998474121094,63.79999923706055,63.599998474121094,63.79999923706055,14000,0.0,0.0
2024-08-30 09:48:00+08:00,63.79999923706055,63.79999923706055,63.70000076293945,63.70000076293945,3000,0.0,0.0
2024-08-30 09:49:00+08:00,63.599998474121094,63.79999923706055,63.5,63.5,34000,0.0,0.0
2024-08-30 09:50:00+08:00,63.400001525878906,63.400001525878906,63.20000076293945,63.20000076293945,6019,0.0,0.0
2024-08-30 09:51:00+08:00,63.20000076293945,63.400001525878906,63.20000076293945,63.400001525878906,4000,0.0,0.0
2024-08-30 09:52:00+08:00,63.5,63.599998474121094,63.5,63.599998474121094,11010,0.0,0.0
2024-08-30 09:53:00+08:00,63.599998474121094,63.599998474121094,63.5,63.5,3000,0.0,0.0
2024-08-30 09:54:00+08:00,63.5,63.5,63.0,63.0,74000,0.0,0.0
2024-08-30 09:55:00+08:00,63.0,63.20000076293945,63.0,63.20000076293945,14478,0.0,0.0
2024-08-30 09:56:00+08:00,63.20000076293945,63.400001525878906,63.20000076293945,63.400001525878906,11000,0.0,0.0
2024-08-30 09:57:00+08:00,63.29999923706055,63.29999923706055,63.099998474121094,63.099998474121094,13000,0.0,0.0
2024-08-30 09:58:00+08:00,63.099998474121094,63.099998474121094,63.0,63.0,8000,0.0,0.0
2024-08-30 09:59:00+08:00,63.099998474121094,63.20000076293945,63.099998474121094,63.20000076293945,11000,0.0,0.0
2024-08-30 10:00:00+08:00,63.29999923706055,63.29999923706055,63.20000076293945,63.20000076293945,4060,0.0,0.0
2024-08-30 10:01:00+08:00,63.29999923706055,63.29999923706055,63.20000076293945,63.20000076293945,16000,0.0,0.0
2024-08-30 10:02:00+08:00,63.20000076293945,63.20000076293945,63.099998474121094,63.099998474121094,8000,0.0,0.0
2024-08-30 10:03:00+08:00,63.0,63.0,63.0,63.0,4000,0.0,0.0
2024-08-30 10:04:00+08:00,63.099998474121094,63.20000076293945,63.099998474121094,63.099998474121094,6000,0.0,0.0
2024-08-30 10:05:00+08:00,63.099998474121094,63.099998474121094,62.79999923706055,62.79999923706055,32000,0.0,0.0
2024-08-30 10:06:00+08:00,62.79999923706055,62.79999923706055,62.599998474121094,62.70000076293945,14002,0.0,0.0
2024-08-30 10:07:00+08:00,62.70000076293945,62.70000076293945,62.20000076293945,62.20000076293945,69226,0.0,0.0
2024-08-30 10:08:00+08:00,62.099998474121094,62.29999923706055,62.099998474121094,62.29999923706055,39542,0.0,0.0
2024-08-30 10:09:00+08:00,62.5,62.5,62.400001525878906,62.400001525878906,21000,0.0,0.0
2024-08-30 10:10:00+08:00,62.400001525878906,62.400001525878906,62.099998474121094,62.20000076293945,48047,0.0,0.0
2024-08-30 10:11:00+08:00,62.20000076293945,62.29999923706055,62.20000076293945,62.20000076293945,9095,0.0,0.0
2024-08-30 10:12:00+08:00,62.20000076293945,62.400001525878906,62.20000076293945,62.400001525878906,5500,0.0,0.0
2024-08-30 10:13:00+08:00,62.400001525878906,62.400001525878906,62.400001525878906,62.400001525878906,6000,0.0,0.0
2024-08-30 10:14:00+08:00,62.5,62.5,62.400001525878906,62.5,7026,0.0,0.0
2024-08-30 10:15:00+08:00,62.599998474121094,62.599998474121094,62.5,62.5,5005,0.0,0.0
2024-08-30 10:16:00+08:00,62.400001525878906,62.5,62.400001525878906,62.5,9449,0.0,0.0
2024-08-30 10:17:00+08:00,62.400001525878906,62.5,62.400001525878906,62.400001525878906,14100,0.0,0.0
2024-08-30 10:18:00+08:00,62.400001525878906,62.400001525878906,62.400001525878906,62.400001525878906,12000,0.0,0.0
2024-08-30 10:19:00+08:00,62.400001525878906,62.400001525878906,62.29999923706055,62.29999923706055,7000,0.0,0.0
2024-08-30 10:20:00+08:00,62.29999923706055,62.29999923706055,62.20000076293945,62.20000076293945,30000,0.0,0.0
2024-08-30 10:21:00+08:00,62.099998474121094,62.20000076293945,62.099998474121094,62.20000076293945,5010,0.0,0.0
2024-08-30 10:22:00+08:00,62.099998474121094,62.099998474121094,62.099998474121094,62.099998474121094,23054,0.0,0.0
2024-08-30 10:23:00+08:00,62.099998474121094,62.20000076293945,62.0,62.0,21000,0.0,0.0
2024-08-30 10:24:00+08:00,62.0,62.099998474121094,62.0,62.0,44011,0.0,0.0
2024-08-30 10:25:00+08:00,62.0,62.599998474121094,62.0,62.5,34050,0.0,0.0
2024-08-30 10:27:00+08:00,62.400001525878906,62.400001525878906,62.400001525878906,62.400001525878906,2000,0.0,0.0
2024-08-30 10:28:00+08:00,62.400001525878906,62.400001525878906,62.400001525878906,62.400001525878906,3000,0.0,0.0
2024-08-30 10:29:00+08:00,62.400001525878906,62.400001525878906,62.400001525878906,62.400001525878906,1000,0.0,0.0
2024-08-30 10:30:00+08:00,62.400001525878906,62.400001525878906,62.29999923706055,62.29999923706055,5050,0.0,0.0
2024-08-30 10:31:00+08:00,62.29999923706055,62.29999923706055,62.099998474121094,62.099998474121094,12000,0.0,0.0
2024-08-30 10:32:00+08:00,62.20000076293945,62.20000076293945,62.0,62.0,19000,0.0,0.0
2024-08-30 10:33:00+08:00,61.900001525878906,61.900001525878906,61.5,61.599998474121094,60999,0.0,0.0
2024-08-30 10:34:00+08:00,61.599998474121094,61.599998474121094,60.70000076293945,61.0,184526,0.0,0.0
2024-08-30 10:35:00+08:00,60.79999923706055,61.0,60.29999923706055,60.900001525878906,83572,0.0,0.0
2024-08-30 10:36:00+08:00,60.900001525878906,61.099998474121094,60.70000076293945,61.0,64539,0.0,0.0
2024-08-30 10:37:00+08:00,61.099998474121094,61.70000076293945,61.0,61.70000076293945,35262,0.0,0.0
2024-08-30 10:38:00+08:00,61.599998474121094,61.599998474121094,61.400001525878906,61.400001525878906,15000,0.0,0.0
2024-08-30 10:39:00+08:00,61.400001525878906,61.400001525878906,61.0,61.0,56008,0.0,0.0
2024-08-30 10:40:00+08:00,61.0,61.20000076293945,60.900001525878906,61.20000076293945,18124,0.0,0.0
2024-08-30 10:41:00+08:00,61.20000076293945,61.29999923706055,61.099998474121094,61.099998474121094,21000,0.0,0.0
2024-08-30 10:42:00+08:00,61.0,61.400001525878906,61.0,61.400001525878906,24040,0.0,0.0
2024-08-30 10:43:00+08:00,61.400001525878906,61.5,61.400001525878906,61.400001525878906,14000,0.0,0.0
2024-08-30 10:44:00+08:00,61.400001525878906,61.5,61.29999923706055,61.400001525878906,6000,0.0,0.0
2024-08-30 10:45:00+08:00,61.400001525878906,61.400001525878906,61.400001525878906,61.400001525878906,3000,0.0,0.0
2024-08-30 10:46:00+08:00,61.400001525878906,61.5,61.400001525878906,61.5,17019,0.0,0.0
2024-08-30 10:47:00+08:00,61.599998474121094,62.0,61.599998474121094,61.70000076293945,10000,0.0,0.0
2024-08-30 10:48:00+08:00,61.70000076293945,61.70000076293945,61.400001525878906,61.400001525878906,17006,0.0,0.0
2024-08-30 10:49:00+08:00,61.29999923706055,61.70000076293945,61.29999923706055,61.29999923706055,13000,0.0,0.0
2024-08-30 10:50:00+08:00,61.29999923706055,61.29999923706055,61.29999923706055,61.29999923706055,4000,0.0,0.0
2024-08-30 10:51:00+08:00,61.29999923706055,61.400001525878906,61.29999923706055,61.400001525878906,6000,0.0,0.0
2024-08-30 10:52:00+08:00,61.400001525878906,61.400001525878906,61.400001525878906,61.400001525878906,5005,0.0,0.0
2024-08-30 10:53:00+08:00,61.400001525878906,61.400001525878906,61.400001525878906,61.400001525878906,1000,0.0,0.0
2024-08-30 10:54:00+08:00,61.400001525878906,62.20000076293945,61.400001525878906,61.70000076293945,23000,0.0,0.0
2024-08-30 10:55:00+08:00,61.70000076293945,61.70000076293945,61.70000076293945,61.70000076293945,5000,0.0,0.0
2024-08-30 10:57:00+08:00,61.599998474121094,61.900001525878906,61.599998474121094,61.79999923706055,3000,0.0,0.0
2024-08-30 10:58:00+08:00,61.79999923706055,61.79999923706055,61.70000076293945,61.70000076293945,4000,0.0,0.0
2024-08-30 11:00:00+08:00,61.70000076293945,61.70000076293945,61.70000076293945,61.70000076293945,1013,0.0,0.0
2024-08-30 11:01:00+08:00,61.70000076293945,61.70000076293945,61.70000076293945,61.70000076293945,1000,0.0,0.0
2024-08-30 11:02:00+08:00,61.79999923706055,62.29999923706055,61.79999923706055,62.29999923706055,13000,0.0,0.0
2024-08-30 11:03:00+08:00,62.099998474121094,62.099998474121094,61.900001525878906,61.900001525878906,8000,0.0,0.0
2024-08-30 11:04:00+08:00,61.900001525878906,61.900001525878906,61.79999923706055,61.900001525878906,6000,0.0,0.0
2024-08-30 11:05:00+08:00,61.900001525878906,61.900001525878906,61.900001525878906,61.900001525878906,5238,0.0,0.0
2024-08-30 11:06:00+08:00,61.900001525878906,61.900001525878906,61.79999923706055,61.79999923706055,14000,0.0,0.0
2024-08-30 11:07:00+08:00,61.79999923706055,61.79999923706055,61.20000076293945,61.20000076293945,49000,0.0,0.0
2024-08-30 11:08:00+08:00,61.20000076293945,61.20000076293945,60.900001525878906,60.900001525878906,57000,0.0,0.0
2024-08-30 11:09:00+08:00,60.900001525878906,60.900001525878906,60.70000076293945,60.70000076293945,30415,0.0,0.0
2024-08-30 11:10:00+08:00,60.70000076293945,60.79999923706055,60.599998474121094,60.70000076293945,35100,0.0,0.0
2024-08-30 11:11:00+08:00,60.79999923706055,61.0,60.70000076293945,61.0,9267,0.0,0.0
2024-08-30 11:12:00+08:00,61.099998474121094,61.099998474121094,61.0,61.0,11000,0.0,0.0
2024-08-30 11:13:00+08:00,60.900001525878906,61.0,60.79999923706055,61.0,11140,0.0,0.0
2024-08-30 11:14:00+08:00,61.0,61.0,60.79999923706055,60.79999923706055,18000,0.0,0.0
2024-08-30 11:15:00+08:00,60.79999923706055,60.79999923706055,60.79999923706055,60.79999923706055,4020,0.0,0.0
2024-08-30 11:16:00+08:00,60.79999923706055,60.79999923706055,60.599998474121094,60.599998474121094,21000,0.0,0.0
2024-08-30 11:17:00+08:00,60.599998474121094,60.599998474121094,60.5,60.5,22503,0.0,0.0
2024-08-30 11:18:00+08:00,60.5,60.5,60.20000076293945,60.20000076293945,102009,0.0,0.0
2024-08-30 11:19:00+08:00,60.20000076293945,60.29999923706055,60.20000076293945,60.29999923706055,13045,0.0,0.0
2024-08-30 11:20:00+08:00,60.400001525878906,60.5,60.29999923706055,60.5,12700,0.0,0.0
2024-08-30 11:21:00+08:00,60.599998474121094,60.900001525878906,60.5,60.900001525878906,21000,0.0,0.0
2024-08-30 11:22:00+08:00,60.900001525878906,60.900001525878906,60.70000076293945,60.900001525878906,4000,0.0,0.0
2024-08-30 11:23:00+08:00,60.79999923706055,60.79999923706055,60.599998474121094,60.70000076293945,14000,0.0,0.0
2024-08-30 11:24:00+08:00,60.599998474121094,60.599998474121094,60.29999923706055,60.29999923706055,42000,0.0,0.0
2024-08-30 11:25:00+08:00,60.29999923706055,60.5,60.29999923706055,60.400001525878906,5000,0.0,0.0
2024-08-30 11:26:00+08:00,60.400001525878906,60.400001525878906,60.29999923706055,60.29999923706055,9491,0.0,0.0
2024-08-30 11:27:00+08:00,60.400001525878906,60.400001525878906,60.20000076293945,60.20000076293945,33280,0.0,0.0
2024-08-30 11:28:00+08:00,60.099998474121094,60.099998474121094,59.5,59.79999923706055,166000,0.0,0.0
2024-08-30 11:29:00+08:00,59.599998474121094,59.79999923706055,59.5,59.79999923706055,81100,0.0,0.0
2024-08-30 11:30:00+08:00,59.79999923706055,59.79999923706055,59.099998474121094,59.29999923706055,76160,0.0,0.0
2024-08-30 11:31:00+08:00,59.099998474121094,59.20000076293945,58.29999923706055,58.5,117050,0.0,0.0
2024-08-30 11:32:00+08:00,58.79999923706055,59.29999923706055,58.5,58.900001525878906,34831,0.0,0.0
2024-08-30 11:33:00+08:00,58.900001525878906,59.0,58.79999923706055,58.900001525878906,21300,0.0,0.0
2024-08-30 11:34:00+08:00,58.900001525878906,59.0,58.79999923706055,59.0,25139,0.0,0.0
2024-08-30 11:35:00+08:00,59.0,59.20000076293945,59.0,59.099998474121094,37005,0.0,0.0
2024-08-30 11:36:00+08:00,59.20000076293945,59.20000076293945,59.0,59.0,23000,0.0,0.0
2024-08-30 11:37:00+08:00,59.0,59.0,58.900001525878906,58.900001525878906,6205,0.0,0.0
2024-08-30 11:38:00+08:00,59.0,59.20000076293945,58.900001525878906,59.20000076293945,26300,0.0,0.0
2024-08-30 11:39:00+08:00,59.20000076293945,59.29999923706055,59.0,59.20000076293945,46000,0.0,0.0
2024-08-30 11:40:00+08:00,59.29999923706055,59.400001525878906,59.20000076293945,59.29999923706055,21000,0.0,0.0
2024-08-30 11:41:00+08:00,59.400001525878906,59.5,59.20000076293945,59.20000076293945,10000,0.0,0.0
2024-08-30 11:42:00+08:00,59.29999923706055,59.70000076293945,59.29999923706055,59.5,16000,0.0,0.0
2024-08-30 11:43:00+08:00,59.599998474121094,59.70000076293945,59.599998474121094,59.70000076293945,18091,0.0,0.0
2024-08-30 11:44:00+08:00,59.70000076293945,60.0,59.70000076293945,60.0,25000,0.0,0.0
2024-08-30 11:45:00+08:00,60.0,60.0,59.79999923706055,59.79999923706055,38009,0.0,0.0
2024-08-30 11:46:00+08:00,59.79999923706055,59.900001525878906,59.5,59.70000076293945,23100,0.0,0.0
2024-08-30 11:47:00+08:00,59.70000076293945,59.70000076293945,59.70000076293945,59.70000076293945,3000,0.0,0.0
2024-08-30 11:48:00+08:00,59.599998474121094,59.70000076293945,59.599998474121094,59.70000076293945,12000,0.0,0.0
2024-08-30 11:49:00+08:00,59.70000076293945,59.70000076293945,59.599998474121094,59.599998474121094,4000,0.0,0.0
2024-08-30 11:50:00+08:00,59.70000076293945,59.79999923706055,59.70000076293945,59.79999923706055,4000,0.0,0.0
2024-08-30 11:51:00+08:00,59.79999923706055,59.900001525878906,59.79999923706055,59.900001525878906,2000,0.0,0.0
2024-08-30 11:52:00+08:00,60.0,60.29999923706055,59.900001525878906,60.20000076293945,39002,0.0,0.0
2024-08-30 11:53:00+08:00,60.29999923706055,60.29999923706055,60.20000076293945,60.20000076293945,2000,0.0,0.0
2024-08-30 11:54:00+08:00,60.29999923706055,60.5,60.29999923706055,60.5,21000,0.0,0.0
2024-08-30 11:55:00+08:00,60.5,60.599998474121094,60.5,60.599998474121094,4000,0.0,0.0
2024-08-30 11:56:00+08:00,60.5,60.599998474121094,60.400001525878906,60.400001525878906,14006,0.0,0.0
2024-08-30 11:57:00+08:00,60.400001525878906,60.400001525878906,60.0,60.20000076293945,11000,0.0,0.0
2024-08-30 11:58:00+08:00,60.29999923706055,60.29999923706055,60.20000076293945,60.20000076293945,2000,0.0,0.0
2024-08-30 11:59:00+08:00,60.29999923706055,60.29999923706055,60.20000076293945,60.29999923706055,3025,0.0,0.0
2024-08-30 12:00:00+08:00,60.400001525878906,60.599998474121094,60.29999923706055,60.599998474121094,10034,0.0,0.0
2024-08-30 12:01:00+08:00,60.5,60.599998474121094,60.5,60.599998474121094,7001,0.0,0.0
2024-08-30 12:02:00+08:00,60.70000076293945,60.79999923706055,60.70000076293945,60.70000076293945,15058,0.0,0.0
2024-08-30 12:03:00+08:00,60.599998474121094,60.70000076293945,60.599998474121094,60.70000076293945,7000,0.0,0.0
2024-08-30 12:04:00+08:00,60.79999923706055,60.79999923706055,60.79999923706055,60.79999923706055,7000,0.0,0.0
2024-08-30 12:05:00+08:00,60.900001525878906,61.099998474121094,60.900001525878906,61.0,31000,0.0,0.0
2024-08-30 12:06:00+08:00,60.900001525878906,61.099998474121094,60.900001525878906,61.099998474121094,17100,0.0,0.0
2024-08-30 12:07:00+08:00,61.099998474121094,61.400001525878906,61.099998474121094,61.29999923706055,31060,0.0,0.0
2024-08-30 12:08:00+08:00,61.400001525878906,61.5,61.099998474121094,61.29999923706055,34000,0.0,0.0
2024-08-30 12:09:00+08:00,61.400001525878906,61.5,61.400001525878906,61.400001525878906,17000,0.0,0.0
2024-08-30 12:10:00+08:00,61.400001525878906,61.400001525878906,61.20000076293945,61.20000076293945,7238,0.0,0.0
2024-08-30 12:12:00+08:00,61.099998474121094,61.20000076293945,61.099998474121094,61.099998474121094,4000,0.0,0.0
2024-08-30 12:13:00+08:00,61.099998474121094,61.099998474121094,60.900001525878906,60.900001525878906,14000,0.0,0.0
2024-08-30 12:14:00+08:00,60.900001525878906,60.900001525878906,60.900001525878906,60.900001525878906,4050,0.0,0.0
2024-08-30 12:15:00+08:00,61.0,61.0,61.0,61.0,3000,0.0,0.0
2024-08-30 12:16:00+08:00,61.0,61.0,60.900001525878906,61.0,18000,0.0,0.0
2024-08-30 12:17:00+08:00,61.0,61.0,61.0,61.0,4042,0.0,0.0
2024-08-30 12:18:00+08:00,61.099998474121094,61.099998474121094,61.099998474121094,61.099998474121094,1000,0.0,0.0
2024-08-30 12:19:00+08:00,61.20000076293945,61.20000076293945,61.20000076293945,61.20000076293945,2000,0.0,0.0
2024-08-30 12:20:00+08:00,61.20000076293945,61.20000076293945,61.099998474121094,61.099998474121094,3000,0.0,0.0
2024-08-30 12:21:00+08:00,61.099998474121094,61.099998474121094,61.099998474121094,61.099998474121094,4000,0.0,0.0
2024-08-30 12:22:00+08:00,61.20000076293945,61.20000076293945,61.20000076293945,61.20000076293945,7300,0.0,0.0
2024-08-30 12:23:00+08:00,61.29999923706055,61.400001525878906,61.29999923706055,61.400001525878906,7000,0.0,0.0
2024-08-30 12:24:00+08:00,61.400001525878906,61.400001525878906,61.400001525878906,61.400001525878906,7000,0.0,0.0
2024-08-30 12:25:00+08:00,61.400001525878906,61.5,61.400001525878906,61.400001525878906,13000,0.0,0.0
2024-08-30 12:27:00+08:00,61.400001525878906,61.400001525878906,61.400001525878906,61.400001525878906,1000,0.0,0.0
2024-08-30 12:28:00+08:00,61.400001525878906,61.400001525878906,61.400001525878906,61.400001525878906,1000,0.0,0.0
2024-08-30 12:29:00+08:00,61.400001525878906,61.400001525878906,61.400001525878906,61.400001525878906,4000,0.0,0.0
2024-08-30 12:30:00+08:00,61.29999923706055,61.29999923706055,61.20000076293945,61.20000076293945,17000,0.0,0.0
2024-08-30 12:31:00+08:00,61.099998474121094,61.099998474121094,60.5,60.599998474121094,48888,0.0,0.0
2024-08-30 12:33:00+08:00,60.70000076293945,60.70000076293945,60.599998474121094,60.599998474121094,6075,0.0,0.0
2024-08-30 12:34:00+08:00,60.5,60.599998474121094,60.5,60.5,10250,0.0,0.0
2024-08-30 12:35:00+08:00,60.400001525878906,60.5,60.400001525878906,60.400001525878906,17000,0.0,0.0
2024-08-30 12:36:00+08:00,60.5,60.5,60.29999923706055,60.29999923706055,17000,0.0,0.0
2024-08-30 12:37:00+08:00,60.400001525878906,60.400001525878906,60.29999923706055,60.29999923706055,2000,0.0,0.0
2024-08-30 12:38:00+08:00,60.29999923706055,60.29999923706055,60.29999923706055,60.29999923706055,1000,0.0,0.0
2024-08-30 12:39:00+08:00,60.400001525878906,60.400001525878906,60.400001525878906,60.400001525878906,2000,0.0,0.0
2024-08-30 12:40:00+08:00,60.400001525878906,60.400001525878906,60.400001525878906,60.400001525878906,5000,0.0,0.0
2024-08-30 12:41:00+08:00,60.5,60.5,60.400001525878906,60.400001525878906,4004,0.0,0.0
2024-08-30 12:42:00+08:00,60.400001525878906,60.400001525878906,60.400001525878906,60.400001525878906,4072,0.0,0.0
2024-08-30 12:43:00+08:00,60.5,60.5,60.5,60.5,1000,0.0,0.0
2024-08-30 12:44:00+08:00,60.5,60.5,60.5,60.5,1000,0.0,0.0
2024-08-30 12:45:00+08:00,60.5,60.599998474121094,60.5,60.599998474121094,3210,0.0,0.0
2024-08-30 12:49:00+08:00,60.900001525878906,60.900001525878906,60.900001525878906,60.900001525878906,1010,0.0,0.0
2024-08-30 12:50:00+08:00,60.900001525878906,60.900001525878906,60.900001525878906,60.900001525878906,3000,0.0,0.0
2024-08-30 12:51:00+08:00,60.900001525878906,61.0,60.900001525878906,61.0,7050,0.0,0.0
2024-08-30 12:52:00+08:00,61.0,61.400001525878906,61.0,61.400001525878906,28033,0.0,0.0
2024-08-30 12:53:00+08:00,61.29999923706055,61.29999923706055,61.29999923706055,61.29999923706055,2000,0.0,0.0
2024-08-30 12:54:00+08:00,61.29999923706055,61.29999923706055,61.20000076293945,61.20000076293945,8025,0.0,0.0
2024-08-30 12:55:00+08:00,61.099998474121094,61.099998474121094,61.0,61.0,19000,0.0,0.0
2024-08-30 12:56:00+08:00,60.900001525878906,61.0,60.900001525878906,60.900001525878906,15000,0.0,0.0
2024-08-30 12:57:00+08:00,60.900001525878906,60.900001525878906,60.900001525878906,60.900001525878906,6000,0.0,0.0
2024-08-30 12:58:00+08:00,61.0,61.0,61.0,61.0,1000,0.0,0.0
2024-08-30 13:00:00+08:00,60.900001525878906,61.0,60.900001525878906,60.900001525878906,3000,0.0,0.0
2024-08-30 13:01:00+08:00,60.900001525878906,60.900001525878906,60.79999923706055,60.79999923706055,5000,0.0,0.0
2024-08-30 13:02:00+08:00,60.79999923706055,60.79999923706055,60.599998474121094,60.599998474121094,25147,0.0,0.0
2024-08-30 13:03:00+08:00,60.5,60.5,60.20000076293945,60.20000076293945,20219,0.0,0.0
2024-08-30 13:04:00+08:00,60.20000076293945,60.20000076293945,60.099998474121094,60.20000076293945,31100,0.0,0.0
2024-08-30 13:05:00+08:00,60.20000076293945,60.599998474121094,60.20000076293945,60.599998474121094,3159,0.0,0.0
2024-08-30 13:06:00+08:00,60.400001525878906,60.400001525878906,60.400001525878906,60.400001525878906,2041,0.0,0.0
2024-08-30 13:07:00+08:00,60.5,60.5,60.5,60.5,5000,0.0,0.0
2024-08-30 13:08:00+08:00,60.5,60.5,60.400001525878906,60.400001525878906,9000,0.0,0.0
2024-08-30 13:09:00+08:00,60.400001525878906,60.400001525878906,60.29999923706055,60.400001525878906,11058,0.0,0.0
2024-08-30 13:10:00+08:00,60.29999923706055,60.29999923706055,60.29999923706055,60.29999923706055,3000,0.0,0.0
2024-08-30 13:11:00+08:00,60.29999923706055,60.400001525878906,60.29999923706055,60.29999923706055,19000,0.0,0.0
2024-08-30 13:12:00+08:00,60.29999923706055,60.29999923706055,60.099998474121094,60.099998474121094,13000,0.0,0.0
2024-08-30 13:13:00+08:00,60.099998474121094,60.099998474121094,59.70000076293945,59.70000076293945,62905,0.0,0.0
2024-08-30 13:14:00+08:00,59.599998474121094,59.599998474121094,59.400001525878906,59.400001525878906,63356,0.0,0.0
2024-08-30 13:15:00+08:00,59.400001525878906,59.400001525878906,58.900001525878906,59.0,100489,0.0,0.0
2024-08-30 13:16:00+08:00,59.0,59.099998474121094,58.900001525878906,59.099998474121094,39025,0.0,0.0
2024-08-30 13:17:00+08:00,59.0,59.099998474121094,58.599998474121094,58.79999923706055,78017,0.0,0.0
2024-08-30 13:18:00+08:00,59.0,59.599998474121094,59.0,59.400001525878906,37800,0.0,0.0
2024-08-30 13:19:00+08:00,59.400001525878906,59.5,59.20000076293945,59.5,9000,0.0,0.0
2024-08-30 13:20:00+08:00,59.5,59.599998474121094,59.5,59.599998474121094,12000,0.0,0.0
2024-08-30 13:21:00+08:00,59.599998474121094,59.599998474121094,59.5,59.599998474121094,12100,0.0,0.0
2024-08-30 13:22:00+08:00,59.400001525878906,59.599998474121094,59.400001525878906,59.400001525878906,17014,0.0,0.0
2024-08-30 13:23:00+08:00,59.400001525878906,59.400001525878906,59.400001525878906,59.400001525878906,26030,0.0,0.0
2024-08-30 13:24:00+08:00,59.29999923706055,59.5,59.20000076293945,59.29999923706055,77500,0.0,0.0
