Datetime,Open,High,Low,Close,Volume,Dividends,Stock Splits
2022-09-15 09:30:00-04:00,16.049999237060547,16.459999084472656,15.9399995803833,16.219999313354492,30109,0.0,0.0
2022-09-15 10:30:00-04:00,16.200000762939453,16.219999313354492,15.970000267028809,16.167499542236328,74162,0.0,0.0
2022-09-15 11:30:00-04:00,16.200000762939453,16.280000686645508,16.1200008392334,16.149999618530273,37361,0.0,0.0
2022-09-15 12:30:00-04:00,16.15999984741211,16.31999969482422,16.149999618530273,16.309999465942383,29678,0.0,0.0
2022-09-15 13:30:00-04:00,16.315000534057617,16.315000534057617,16.200000762939453,16.209999084472656,38454,0.0,0.0
2022-09-15 14:30:00-04:00,16.18000030517578,16.280000686645508,16.170000076293945,16.2450008392334,73189,0.0,0.0
2022-09-15 15:30:00-04:00,16.239999771118164,16.299999237060547,16.219999313354492,16.229999542236328,73099,0.0,0.0
2022-09-16 09:30:00-04:00,15.670000076293945,15.739999771118164,15.460000038146973,15.725000381469727,0,0.0,0.0
2022-09-16 10:30:00-04:00,15.869999885559082,15.875,15.779999732971191,15.845000267028809,28862,0.0,0.0
2022-09-16 11:30:00-04:00,15.84000015258789,15.875,15.824999809265137,15.859999656677246,25716,0.0,0.0
2022-09-16 12:30:00-04:00,15.850000381469727,15.960000038146973,15.84000015258789,15.869999885559082,29947,0.0,0.0
2022-09-16 13:30:00-04:00,15.890000343322754,15.890000343322754,15.670000076293945,15.6899995803833,41298,0.0,0.0
2022-09-16 14:30:00-04:00,15.6899995803833,15.890000343322754,15.645000457763672,15.8100004196167,120888,0.0,0.0
2022-09-16 15:30:00-04:00,15.75,15.800000190734863,15.6899995803833,15.789999961853027,103969,0.0,0.0
2022-09-19 09:30:00-04:00,16.0,16.46500015258789,15.970000267028809,16.219999313354492,60149,0.0,0.0
2022-09-19 10:30:00-04:00,16.209999084472656,16.329999923706055,16.200000762939453,16.25,36884,0.0,0.0
2022-09-19 11:30:00-04:00,16.239999771118164,16.315000534057617,16.170000076293945,16.299999237060547,60724,0.0,0.0
2022-09-19 12:30:00-04:00,16.309999465942383,16.3700008392334,16.299999237060547,16.31999969482422,20173,0.0,0.0
2022-09-19 13:30:00-04:00,16.309999465942383,16.325000762939453,16.280000686645508,16.325000762939453,26161,0.0,0.0
2022-09-19 14:30:00-04:00,16.329999923706055,16.3700008392334,16.30500030517578,16.344999313354492,41355,0.0,0.0
2022-09-19 15:30:00-04:00,16.350000381469727,16.389999389648438,16.329999923706055,16.375,58703,0.0,0.0
2022-09-20 09:30:00-04:00,16.170000076293945,16.219999313354492,16.010000228881836,16.18000030517578,0,0.0,0.0
2022-09-20 10:30:00-04:00,16.18000030517578,16.25,16.139999389648438,16.2450008392334,27987,0.0,0.0
2022-09-20 11:30:00-04:00,16.2450008392334,16.260000228881836,16.149999618530273,16.25,40361,0.0,0.0
2022-09-20 12:30:00-04:00,16.2549991607666,16.270000457763672,16.235000610351562,16.2450008392334,41180,0.0,0.0
2022-09-20 13:30:00-04:00,16.2450008392334,16.25,16.19499969482422,16.235000610351562,84907,0.0,0.0
2022-09-20 14:30:00-04:00,16.235000610351562,16.260000228881836,16.09000015258789,16.145000457763672,68354,0.0,0.0
2022-09-20 15:30:00-04:00,16.145000457763672,16.149999618530273,16.09000015258789,16.104999542236328,111529,0.0,0.0
2022-09-21 09:30:00-04:00,16.149999618530273,16.280000686645508,16.040000915527344,16.260000228881836,19274,0.0,0.0
2022-09-21 10:30:00-04:00,16.260000228881836,16.329999923706055,16.239999771118164,16.270000457763672,13094,0.0,0.0
2022-09-21 11:30:00-04:00,16.290000915527344,16.299999237060547,16.229999542236328,16.270000457763672,14179,0.0,0.0
2022-09-21 12:30:00-04:00,16.260000228881836,16.274999618530273,16.239999771118164,16.260000228881836,20036,0.0,0.0
2022-09-21 13:30:00-04:00,16.260000228881836,16.309999465942383,16.190000534057617,16.264999389648438,49488,0.0,0.0
2022-09-21 14:30:00-04:00,16.239999771118164,16.469999313354492,16.204999923706055,16.219999313354492,48445,0.0,0.0
2022-09-21 15:30:00-04:00,16.219999313354492,16.264999389648438,16.15999984741211,16.2549991607666,117830,0.0,0.0
2022-09-22 09:30:00-04:00,16.010000228881836,16.020000457763672,15.800000190734863,15.904999732971191,30405,0.0,0.0
2022-09-22 10:30:00-04:00,15.920000076293945,15.989999771118164,15.59000015258789,15.729999542236328,154940,0.0,0.0
2022-09-22 11:30:00-04:00,15.725000381469727,15.819999694824219,15.649999618530273,15.739999771118164,191665,0.0,0.0
2022-09-22 12:30:00-04:00,15.739999771118164,15.819999694824219,15.725000381469727,15.800000190734863,96855,0.0,0.0
2022-09-22 13:30:00-04:00,15.779999732971191,15.824999809265137,15.630000114440918,15.649999618530273,58109,0.0,0.0
2022-09-22 14:30:00-04:00,15.65999984741211,15.789999961853027,15.635000228881836,15.755000114440918,95290,0.0,0.0
2022-09-22 15:30:00-04:00,15.755000114440918,15.9399995803833,15.755000114440918,15.854999542236328,129287,0.0,0.0
2022-09-23 09:30:00-04:00,15.640000343322754,15.770000457763672,15.5600004196167,15.600000381469727,0,0.0,0.0
2022-09-23 10:30:00-04:00,15.670000076293945,15.789999961853027,15.614999771118164,15.720000267028809,17830,0.0,0.0
2022-09-23 11:30:00-04:00,15.729999542236328,15.850000381469727,15.710000038146973,15.805000305175781,40735,0.0,0.0
2022-09-23 12:30:00-04:00,15.770000457763672,15.770000457763672,15.640000343322754,15.640000343322754,104843,0.0,0.0
2022-09-23 13:30:00-04:00,15.640000343322754,15.675000190734863,15.579999923706055,15.600000381469727,103887,0.0,0.0
2022-09-23 14:30:00-04:00,15.600000381469727,15.630000114440918,15.600000381469727,15.609999656677246,86882,0.0,0.0
2022-09-23 15:30:00-04:00,15.619999885559082,15.779999732971191,15.600000381469727,15.779999732971191,103732,0.0,0.0
2022-09-26 09:30:00-04:00,15.800000190734863,16.15999984741211,15.800000190734863,16.100000381469727,0,0.0,0.0
2022-09-26 10:30:00-04:00,16.110000610351562,16.135000228881836,15.989999771118164,16.100000381469727,35735,0.0,0.0
2022-09-26 11:30:00-04:00,16.100000381469727,16.180999755859375,16.020000457763672,16.049999237060547,64817,0.0,0.0
2022-09-26 12:30:00-04:00,16.049999237060547,16.19499969482422,16.040000915527344,16.18000030517578,82198,0.0,0.0
2022-09-26 13:30:00-04:00,16.18000030517578,16.229999542236328,16.1299991607666,16.200000762939453,48258,0.0,0.0
2022-09-26 14:30:00-04:00,16.200000762939453,16.3700008392334,16.200000762939453,16.309999465942383,37407,0.0,0.0
2022-09-26 15:30:00-04:00,16.299999237060547,16.3799991607666,16.299999237060547,16.350000381469727,76579,0.0,0.0
2022-09-27 09:30:00-04:00,16.360000610351562,16.899999618530273,16.358999252319336,16.84000015258789,97964,0.0,0.0
2022-09-27 10:30:00-04:00,16.850000381469727,16.8799991607666,16.59000015258789,16.700000762939453,82513,0.0,0.0
2022-09-27 11:30:00-04:00,16.700000762939453,16.729999542236328,16.44499969482422,16.482500076293945,89884,0.0,0.0
2022-09-27 12:30:00-04:00,16.489999771118164,16.689899444580078,16.489999771118164,16.684999465942383,56864,0.0,0.0
2022-09-27 13:30:00-04:00,16.68000030517578,16.739999771118164,16.674999237060547,16.71500015258789,45448,0.0,0.0
2022-09-27 14:30:00-04:00,16.719999313354492,16.7549991607666,16.700000762939453,16.719999313354492,56386,0.0,0.0
2022-09-27 15:30:00-04:00,16.709999084472656,16.739999771118164,16.6299991607666,16.719999313354492,95898,0.0,0.0
2022-09-28 09:30:00-04:00,16.65999984741211,16.84000015258789,16.489999771118164,16.84000015258789,29717,0.0,0.0
2022-09-28 10:30:00-04:00,16.860000610351562,16.860000610351562,16.670000076293945,16.780000686645508,33824,0.0,0.0
2022-09-28 11:30:00-04:00,16.780000686645508,17.100000381469727,16.760000228881836,17.06999969482422,45779,0.0,0.0
2022-09-28 12:30:00-04:00,17.06999969482422,17.110000610351562,17.024999618530273,17.040000915527344,30533,0.0,0.0
2022-09-28 13:30:00-04:00,17.040000915527344,17.100000381469727,17.040000915527344,17.09600067138672,32706,0.0,0.0
2022-09-28 14:30:00-04:00,17.100000381469727,17.110000610351562,17.040000915527344,17.06999969482422,26527,0.0,0.0
2022-09-28 15:30:00-04:00,17.06999969482422,17.100000381469727,16.950000762939453,16.950000762939453,63819,0.0,0.0
2022-09-29 09:30:00-04:00,16.81999969482422,17.010000228881836,16.81999969482422,17.010000228881836,73438,0.0,0.0
2022-09-29 10:30:00-04:00,16.989999771118164,16.989999771118164,16.780000686645508,16.979999542236328,28862,0.0,0.0
2022-09-29 11:30:00-04:00,16.989999771118164,17.260000228881836,16.989999771118164,17.247499465942383,29087,0.0,0.0
2022-09-29 12:30:00-04:00,17.25,17.290000915527344,17.100000381469727,17.12980079650879,27724,0.0,0.0
2022-09-29 13:30:00-04:00,17.100000381469727,17.100000381469727,16.959999084472656,16.969999313354492,26132,0.0,0.0
2022-09-29 14:30:00-04:00,16.979999542236328,17.020000457763672,16.93000030517578,16.959999084472656,27863,0.0,0.0
2022-09-29 15:30:00-04:00,16.950000762939453,17.040000915527344,16.950000762939453,17.010000228881836,36946,0.0,0.0
2022-09-30 09:30:00-04:00,16.950000762939453,17.100000381469727,16.834999084472656,17.049999237060547,68160,0.0,0.0
2022-09-30 10:30:00-04:00,17.059999465942383,17.190000534057617,17.059999465942383,17.18000030517578,46744,0.0,0.0
2022-09-30 11:30:00-04:00,17.110000610351562,17.1200008392334,16.90999984741211,16.920000076293945,39822,0.0,0.0
2022-09-30 12:30:00-04:00,16.920000076293945,17.020000457763672,16.920000076293945,16.979999542236328,23636,0.0,0.0
2022-09-30 13:30:00-04:00,16.979999542236328,17.0,16.959999084472656,16.9950008392334,23053,0.0,0.0
2022-09-30 14:30:00-04:00,17.010000228881836,17.010000228881836,16.854999542236328,16.864999771118164,69839,0.0,0.0
2022-09-30 15:30:00-04:00,16.8700008392334,16.895000457763672,16.780000686645508,16.780000686645508,64401,0.0,0.0
2022-10-03 09:30:00-04:00,17.18000030517578,17.18000030517578,16.360000610351562,16.389999389648438,37016,0.0,0.0
2022-10-03 10:30:00-04:00,16.420000076293945,16.600000381469727,16.40999984741211,16.540000915527344,43488,0.0,0.0
2022-10-03 11:30:00-04:00,16.540000915527344,16.549999237060547,16.450000762939453,16.520000457763672,48226,0.0,0.0
2022-10-03 12:30:00-04:00,16.520000457763672,16.540000915527344,16.420000076293945,16.459999084472656,41747,0.0,0.0
2022-10-03 13:30:00-04:00,16.450000762939453,16.610000610351562,16.440000534057617,16.600000381469727,50227,0.0,0.0
2022-10-03 14:30:00-04:00,16.600000381469727,16.682100296020508,16.600000381469727,16.650999069213867,32780,0.0,0.0
2022-10-03 15:30:00-04:00,16.649999618530273,16.649999618530273,16.559999465942383,16.59000015258789,63862,0.0,0.0
2022-10-04 09:30:00-04:00,16.850000381469727,17.184999465942383,16.709999084472656,17.110000610351562,18915,0.0,0.0
2022-10-04 10:30:00-04:00,17.09000015258789,17.280000686645508,16.923500061035156,16.950000762939453,36381,0.0,0.0
2022-10-04 11:30:00-04:00,16.948400497436523,17.010000228881836,16.81999969482422,17.0,16858,0.0,0.0
2022-10-04 12:30:00-04:00,17.0039005279541,17.0039005279541,16.84000015258789,16.889999389648438,26920,0.0,0.0
2022-10-04 13:30:00-04:00,16.899999618530273,17.030000686645508,16.889999389648438,16.96500015258789,18634,0.0,0.0
2022-10-04 14:30:00-04:00,16.979999542236328,17.06999969482422,16.969999313354492,16.985000610351562,23969,0.0,0.0
2022-10-04 15:30:00-04:00,16.989999771118164,17.024999618530273,16.950000762939453,16.959999084472656,45834,0.0,0.0
2022-10-05 09:30:00-04:00,16.739999771118164,17.040000915527344,16.739999771118164,16.766000747680664,17627,0.0,0.0
2022-10-05 10:30:00-04:00,16.760000228881836,16.8700008392334,16.760000228881836,16.8700008392334,17654,0.0,0.0
2022-10-05 11:30:00-04:00,16.940000534057617,16.989999771118164,16.850000381469727,16.889999389648438,21889,0.0,0.0
2022-10-05 12:30:00-04:00,16.920000076293945,17.020000457763672,16.8700008392334,16.98509979248047,22732,0.0,0.0
2022-10-05 13:30:00-04:00,16.989999771118164,17.0,16.969999313354492,17.0,16491,0.0,0.0
2022-10-05 14:30:00-04:00,17.0,17.010000228881836,16.90999984741211,16.924999237060547,25705,0.0,0.0
2022-10-05 15:30:00-04:00,16.93000030517578,16.93000030517578,16.8799991607666,16.8799991607666,34463,0.0,0.0
2022-10-06 09:30:00-04:00,16.809999465942383,17.190000534057617,16.809999465942383,16.899999618530273,0,0.0,0.0
2022-10-06 10:30:00-04:00,16.93000030517578,17.040000915527344,16.90999984741211,17.020000457763672,17784,0.0,0.0
2022-10-06 11:30:00-04:00,17.020000457763672,17.020000457763672,16.860000610351562,16.950000762939453,46323,0.0,0.0
2022-10-06 12:30:00-04:00,16.940000534057617,17.079999923706055,16.93000030517578,17.020000457763672,18696,0.0,0.0
2022-10-06 13:30:00-04:00,17.020000457763672,17.045000076293945,16.940000534057617,16.969999313354492,26454,0.0,0.0
2022-10-06 14:30:00-04:00,16.969999313354492,16.989999771118164,16.899999618530273,16.959999084472656,38219,0.0,0.0
2022-10-06 15:30:00-04:00,16.979999542236328,17.049999237060547,16.979999542236328,17.040000915527344,36593,0.0,0.0
2022-10-07 09:30:00-04:00,17.0,17.040000915527344,16.643600463867188,16.719999313354492,17481,0.0,0.0
2022-10-07 10:30:00-04:00,16.69499969482422,16.700000762939453,16.299999237060547,16.364999771118164,59907,0.0,0.0
2022-10-07 11:30:00-04:00,16.3700008392334,16.3700008392334,16.18090057373047,16.18090057373047,28052,0.0,0.0
2022-10-07 12:30:00-04:00,16.190000534057617,16.34000015258789,16.110000610351562,16.34000015258789,36347,0.0,0.0
2022-10-07 13:30:00-04:00,16.31999969482422,16.329999923706055,16.25,16.260000228881836,19856,0.0,0.0
2022-10-07 14:30:00-04:00,16.260000228881836,16.440000534057617,16.25,16.309999465942383,56137,0.0,0.0
2022-10-07 15:30:00-04:00,16.309999465942383,16.360000610351562,16.290000915527344,16.34000015258789,34085,0.0,0.0
2022-10-10 09:30:00-04:00,16.34000015258789,16.34000015258789,16.06999969482422,16.290000915527344,0,0.0,0.0
2022-10-10 10:30:00-04:00,16.274999618530273,16.274999618530273,15.920000076293945,16.1299991607666,126626,0.0,0.0
2022-10-10 11:30:00-04:00,16.125,16.15999984741211,16.09000015258789,16.09000015258789,43173,0.0,0.0
2022-10-10 12:30:00-04:00,16.075000762939453,16.15999984741211,15.989999771118164,15.989999771118164,137303,0.0,0.0
2022-10-10 13:30:00-04:00,15.979999542236328,16.18000030517578,15.979999542236328,16.149999618530273,94554,0.0,0.0
2022-10-10 14:30:00-04:00,16.1299991607666,16.219999313354492,16.1299991607666,16.219999313354492,18351,0.0,0.0
2022-10-10 15:30:00-04:00,16.219999313354492,16.280000686645508,16.200000762939453,16.219999313354492,58732,0.0,0.0
2022-10-11 09:30:00-04:00,16.239999771118164,16.239999771118164,15.449999809265137,15.630000114440918,0,0.0,0.0
2022-10-11 10:30:00-04:00,15.59000015258789,15.760000228881836,15.59000015258789,15.729999542236328,29656,0.0,0.0
2022-10-11 11:30:00-04:00,15.729999542236328,16.010000228881836,15.729999542236328,15.994999885559082,79122,0.0,0.0
2022-10-11 12:30:00-04:00,15.994999885559082,16.049999237060547,15.920000076293945,15.920000076293945,22593,0.0,0.0
2022-10-11 13:30:00-04:00,15.904999732971191,15.989999771118164,15.875,15.96500015258789,98291,0.0,0.0
2022-10-11 14:30:00-04:00,15.989999771118164,16.03499984741211,15.930000305175781,15.994999885559082,84191,0.0,0.0
2022-10-11 15:30:00-04:00,16.0,16.030000686645508,15.9399995803833,15.994999885559082,55724,0.0,0.0
2022-10-12 09:30:00-04:00,16.010000228881836,16.040000915527344,15.875,16.029499053955078,29166,0.0,0.0
2022-10-12 10:30:00-04:00,16.010000228881836,16.06999969482422,15.899999618530273,15.920000076293945,42444,0.0,0.0
2022-10-12 11:30:00-04:00,15.90999984741211,15.90999984741211,15.850099563598633,15.90999984741211,10079,0.0,0.0
2022-10-12 12:30:00-04:00,15.880000114440918,15.949999809265137,15.859999656677246,15.899999618530273,18495,0.0,0.0
2022-10-12 13:30:00-04:00,15.904999732971191,15.914999961853027,15.670700073242188,15.6899995803833,73015,0.0,0.0
2022-10-12 14:30:00-04:00,15.710000038146973,15.71500015258789,15.430000305175781,15.475000381469727,24856,0.0,0.0
2022-10-12 15:30:00-04:00,15.460000038146973,15.479999542236328,15.369999885559082,15.404999732971191,43738,0.0,0.0
2022-10-13 09:30:00-04:00,15.079999923706055,15.170000076293945,14.760000228881836,14.979999542236328,0,0.0,0.0
2022-10-13 10:30:00-04:00,14.975000381469727,15.289999961853027,14.899999618530273,15.239999771118164,40254,0.0,0.0
2022-10-13 11:30:00-04:00,15.25,15.449999809265137,15.239999771118164,15.239999771118164,21063,0.0,0.0
2022-10-13 12:30:00-04:00,15.25,15.345000267028809,15.240099906921387,15.345000267028809,26275,0.0,0.0
2022-10-13 13:30:00-04:00,15.359999656677246,15.359999656677246,15.295000076293945,15.329999923706055,32174,0.0,0.0
2022-10-13 14:30:00-04:00,15.34000015258789,15.489999771118164,15.335000038146973,15.425000190734863,43628,0.0,0.0
2022-10-13 15:30:00-04:00,15.430000305175781,15.4399995803833,15.380000114440918,15.390000343322754,71909,0.0,0.0
2022-10-14 09:30:00-04:00,15.520000457763672,15.5600004196167,15.149999618530273,15.25,28865,0.0,0.0
2022-10-14 10:30:00-04:00,15.220000267028809,15.220000267028809,14.960000038146973,14.989999771118164,37195,0.0,0.0
2022-10-14 11:30:00-04:00,14.989999771118164,14.989999771118164,14.699999809265137,14.800000190734863,24763,0.0,0.0
2022-10-14 12:30:00-04:00,14.800000190734863,14.84000015258789,14.699999809265137,14.710000038146973,20834,0.0,0.0
2022-10-14 13:30:00-04:00,14.729999542236328,14.78499984741211,14.649999618530273,14.649999618530273,27581,0.0,0.0
2022-10-14 14:30:00-04:00,14.649999618530273,14.6899995803833,14.479999542236328,14.59000015258789,54143,0.0,0.0
2022-10-14 15:30:00-04:00,14.59000015258789,14.654999732971191,14.545000076293945,14.649999618530273,81560,0.0,0.0
2022-10-17 09:30:00-04:00,14.829999923706055,15.380000114440918,14.829999923706055,15.3149995803833,65923,0.0,0.0
2022-10-17 10:30:00-04:00,15.324999809265137,15.680000305175781,15.324999809265137,15.670000076293945,125689,0.0,0.0
2022-10-17 11:30:00-04:00,15.645000457763672,15.739999771118164,15.630000114440918,15.6899995803833,45180,0.0,0.0
2022-10-17 12:30:00-04:00,15.6899995803833,15.836999893188477,15.649999618530273,15.82800006866455,49126,0.0,0.0
2022-10-17 13:30:00-04:00,15.819999694824219,15.960000038146973,15.75,15.901000022888184,89624,0.0,0.0
2022-10-17 14:30:00-04:00,15.90999984741211,16.010000228881836,15.890000343322754,15.979999542236328,122992,0.0,0.0
2022-10-17 15:30:00-04:00,15.984999656677246,16.0,15.729999542236328,15.729999542236328,77333,0.0,0.0
2022-10-18 09:30:00-04:00,15.979999542236328,16.209999084472656,15.979999542236328,16.149999618530273,22171,0.0,0.0
2022-10-18 10:30:00-04:00,16.079999923706055,16.275699615478516,15.989999771118164,16.0,14540,0.0,0.0
2022-10-18 11:30:00-04:00,15.979999542236328,16.0,15.890000343322754,15.930000305175781,9948,0.0,0.0
2022-10-18 12:30:00-04:00,15.92039966583252,15.979999542236328,15.829999923706055,15.850000381469727,26932,0.0,0.0
2022-10-18 13:30:00-04:00,15.859999656677246,15.869999885559082,15.824999809265137,15.850000381469727,13287,0.0,0.0
2022-10-18 14:30:00-04:00,15.850000381469727,15.930000305175781,15.720000267028809,15.930000305175781,20666,0.0,0.0
2022-10-18 15:30:00-04:00,15.930000305175781,16.049999237060547,15.930000305175781,16.010000228881836,38992,0.0,0.0
2022-10-19 09:30:00-04:00,15.850000381469727,15.914999961853027,15.609999656677246,15.819999694824219,13629,0.0,0.0
2022-10-19 10:30:00-04:00,15.835000038146973,15.869999885559082,15.6899995803833,15.824999809265137,18481,0.0,0.0
2022-10-19 11:30:00-04:00,15.819999694824219,15.819999694824219,15.675000190734863,15.6899995803833,28134,0.0,0.0
2022-10-19 12:30:00-04:00,15.680000305175781,15.760000228881836,15.654999732971191,15.739999771118164,16469,0.0,0.0
2022-10-19 13:30:00-04:00,15.730999946594238,15.75,15.694999694824219,15.720000267028809,12292,0.0,0.0
2022-10-19 14:30:00-04:00,15.739999771118164,15.789999961853027,15.71500015258789,15.739999771118164,20119,0.0,0.0
2022-10-19 15:30:00-04:00,15.729999542236328,15.739999771118164,15.529999732971191,15.619999885559082,56777,0.0,0.0
2022-10-20 09:30:00-04:00,15.729999542236328,15.944999694824219,15.565400123596191,15.899999618530273,19556,0.0,0.0
2022-10-20 10:30:00-04:00,15.890000343322754,16.0,15.649999618530273,15.734999656677246,41195,0.0,0.0
2022-10-20 11:30:00-04:00,15.710000038146973,15.710000038146973,15.635000228881836,15.680000305175781,63924,0.0,0.0
2022-10-20 12:30:00-04:00,15.6899995803833,15.729999542236328,15.609999656677246,15.65999984741211,47375,0.0,0.0
2022-10-20 13:30:00-04:00,15.640000343322754,15.670000076293945,15.510000228881836,15.5600004196167,31967,0.0,0.0
2022-10-20 14:30:00-04:00,15.5600004196167,15.640000343322754,15.5,15.5600004196167,23001,0.0,0.0
2022-10-20 15:30:00-04:00,15.529999732971191,15.550000190734863,15.5,15.5,33691,0.0,0.0
2022-10-21 09:30:00-04:00,15.277299880981445,15.420000076293945,15.199999809265137,15.420000076293945,9654,0.0,0.0
2022-10-21 10:30:00-04:00,15.329999923706055,15.4399995803833,15.319999694824219,15.420000076293945,9477,0.0,0.0
2022-10-21 11:30:00-04:00,15.475799560546875,15.579999923706055,15.380000114440918,15.4350004196167,25039,0.0,0.0
2022-10-21 12:30:00-04:00,15.539999961853027,15.609999656677246,15.539999961853027,15.579999923706055,22428,0.0,0.0
2022-10-21 13:30:00-04:00,15.5600004196167,15.609999656677246,15.5600004196167,15.5649995803833,6473,0.0,0.0
2022-10-21 14:30:00-04:00,15.5,15.510000228881836,15.463000297546387,15.5,43319,0.0,0.0
2022-10-21 15:30:00-04:00,15.5,15.5,15.479999542236328,15.489999771118164,30888,0.0,0.0
2022-10-24 09:30:00-04:00,15.5,15.5,14.880000114440918,14.914999961853027,0,0.0,0.0
2022-10-24 10:30:00-04:00,14.920000076293945,15.210000038146973,14.920000076293945,15.180000305175781,21500,0.0,0.0
2022-10-24 11:30:00-04:00,15.229999542236328,15.479999542236328,15.175000190734863,15.444999694824219,31669,0.0,0.0
2022-10-24 12:30:00-04:00,15.460000038146973,15.498499870300293,15.25,15.25,22821,0.0,0.0
2022-10-24 13:30:00-04:00,15.25,15.359999656677246,15.225000381469727,15.34000015258789,19767,0.0,0.0
2022-10-24 14:30:00-04:00,15.354999542236328,15.4399995803833,15.329999923706055,15.420000076293945,24000,0.0,0.0
2022-10-24 15:30:00-04:00,15.420000076293945,15.430000305175781,15.369999885559082,15.40999984741211,37259,0.0,0.0
2022-10-25 09:30:00-04:00,15.489999771118164,15.979999542236328,15.4399995803833,15.899999618530273,11201,0.0,0.0
2022-10-25 10:30:00-04:00,15.899999618530273,15.930000305175781,15.75,15.864999771118164,16432,0.0,0.0
2022-10-25 11:30:00-04:00,15.885000228881836,15.992500305175781,15.885000228881836,15.984999656677246,8978,0.0,0.0
2022-10-25 12:30:00-04:00,15.970000267028809,15.970000267028809,15.819999694824219,15.824999809265137,12602,0.0,0.0
2022-10-25 13:30:00-04:00,15.824999809265137,16.0,15.824999809265137,15.984999656677246,27166,0.0,0.0
2022-10-25 14:30:00-04:00,15.989999771118164,16.170000076293945,15.979999542236328,16.15999984741211,31241,0.0,0.0
2022-10-25 15:30:00-04:00,16.170000076293945,16.1825008392334,16.049999237060547,16.049999237060547,37754,0.0,0.0
2022-10-26 09:30:00-04:00,15.899999618530273,16.149999618530273,15.494199752807617,16.0,37994,0.0,0.0
2022-10-26 10:30:00-04:00,16.06999969482422,16.315000534057617,16.010000228881836,16.15999984741211,35047,0.0,0.0
2022-10-26 11:30:00-04:00,16.190000534057617,16.239999771118164,16.070899963378906,16.070899963378906,22852,0.0,0.0
2022-10-26 12:30:00-04:00,16.079999923706055,16.079999923706055,15.8100004196167,15.8100004196167,11708,0.0,0.0
2022-10-26 13:30:00-04:00,15.800000190734863,15.850000381469727,15.505000114440918,15.829999923706055,30741,0.0,0.0
2022-10-26 14:30:00-04:00,15.835000038146973,15.880000114440918,15.770000457763672,15.789999961853027,15334,0.0,0.0
2022-10-26 15:30:00-04:00,15.800000190734863,15.819999694824219,15.720000267028809,15.739999771118164,32353,0.0,0.0
2022-10-27 09:30:00-04:00,15.75,16.030000686645508,15.609999656677246,16.014999389648438,0,0.0,0.0
2022-10-27 10:30:00-04:00,16.020000457763672,16.030000686645508,15.930000305175781,15.930000305175781,15647,0.0,0.0
2022-10-27 11:30:00-04:00,15.870100021362305,16.0,15.8100004196167,15.859999656677246,20141,0.0,0.0
2022-10-27 12:30:00-04:00,15.850000381469727,16.010000228881836,15.850000381469727,15.970000267028809,14068,0.0,0.0
2022-10-27 13:30:00-04:00,15.979999542236328,16.0,15.845000267028809,15.890000343322754,12286,0.0,0.0
2022-10-27 14:30:00-04:00,15.899999618530273,15.90999984741211,15.773699760437012,15.850000381469727,16098,0.0,0.0
2022-10-27 15:30:00-04:00,15.850000381469727,15.869999885559082,15.789999961853027,15.850000381469727,34022,0.0,0.0
2022-10-28 09:30:00-04:00,15.9399995803833,16.280000686645508,15.869999885559082,15.914999961853027,20172,0.0,0.0
2022-10-28 10:30:00-04:00,15.930000305175781,16.15999984741211,15.920000076293945,16.040000915527344,9669,0.0,0.0
2022-10-28 11:30:00-04:00,16.06999969482422,16.139999389648438,16.0,16.010000228881836,20803,0.0,0.0
2022-10-28 12:30:00-04:00,16.030000686645508,16.065000534057617,15.970000267028809,16.0,17583,0.0,0.0
2022-10-28 13:30:00-04:00,16.0,16.0,15.9350004196167,15.96500015258789,17116,0.0,0.0
2022-10-28 14:30:00-04:00,15.960000038146973,15.979999542236328,15.869999885559082,15.96500015258789,18735,0.0,0.0
2022-10-28 15:30:00-04:00,15.960000038146973,16.030000686645508,15.960000038146973,16.030000686645508,14213,0.0,0.0
2022-10-31 09:30:00-04:00,15.850000381469727,16.459999084472656,15.819999694824219,16.15999984741211,0,0.0,0.0
2022-10-31 10:30:00-04:00,16.1200008392334,16.31999969482422,16.100000381469727,16.280000686645508,22250,0.0,0.0
2022-10-31 11:30:00-04:00,16.270000457763672,16.280000686645508,16.18000030517578,16.190000534057617,23379,0.0,0.0
2022-10-31 12:30:00-04:00,16.18000030517578,16.219999313354492,16.05500030517578,16.219999313354492,43669,0.0,0.0
2022-10-31 13:30:00-04:00,16.199199676513672,16.290000915527344,16.199199676513672,16.225000381469727,23498,0.0,0.0
2022-10-31 14:30:00-04:00,16.219999313354492,16.235000610351562,16.1299991607666,16.200000762939453,29777,0.0,0.0
2022-10-31 15:30:00-04:00,16.200000762939453,16.309999465942383,16.200000762939453,16.299999237060547,60849,0.0,0.0
2022-11-01 09:30:00-04:00,16.450000762939453,16.4950008392334,16.049999237060547,16.100000381469727,25539,0.0,0.0
2022-11-01 10:30:00-04:00,16.1200008392334,16.1200008392334,15.954999923706055,15.970000267028809,15931,0.0,0.0
2022-11-01 11:30:00-04:00,15.970000267028809,15.970000267028809,15.729999542236328,15.739999771118164,31496,0.0,0.0
2022-11-01 12:30:00-04:00,15.739999771118164,15.920000076293945,15.619999885559082,15.885000228881836,34643,0.0,0.0
2022-11-01 13:30:00-04:00,15.885000228881836,15.980899810791016,15.8100004196167,15.930000305175781,17066,0.0,0.0
2022-11-01 14:30:00-04:00,15.946000099182129,15.960000038146973,15.819999694824219,15.829999923706055,40665,0.0,0.0
2022-11-01 15:30:00-04:00,15.800000190734863,15.84000015258789,15.760000228881836,15.760000228881836,29865,0.0,0.0
2022-11-02 09:30:00-04:00,15.729999542236328,15.854999542236328,15.380000114440918,15.440199851989746,0,0.0,0.0
2022-11-02 10:30:00-04:00,15.468099594116211,15.520000457763672,15.210000038146973,15.239999771118164,8610,0.0,0.0
2022-11-02 11:30:00-04:00,15.239999771118164,15.270000457763672,15.109999656677246,15.130000114440918,20340,0.0,0.0
2022-11-02 12:30:00-04:00,15.130000114440918,15.229900360107422,15.039999961853027,15.170000076293945,26051,0.0,0.0
2022-11-02 13:30:00-04:00,15.180000305175781,15.329999923706055,15.119999885559082,15.319999694824219,43724,0.0,0.0
2022-11-02 14:30:00-04:00,15.34000015258789,15.350000381469727,15.069999694824219,15.114999771118164,170452,0.0,0.0
2022-11-02 15:30:00-04:00,15.130000114440918,15.234999656677246,15.100000381469727,15.220000267028809,102323,0.0,0.0
2022-11-03 09:30:00-04:00,16.239999771118164,17.65880012512207,15.90999984741211,17.489999771118164,175796,0.0,0.0
2022-11-03 10:30:00-04:00,17.5,17.709999084472656,17.059999465942383,17.25,181780,0.0,0.0
2022-11-03 11:30:00-04:00,17.260000228881836,17.299999237060547,17.030000686645508,17.170000076293945,63101,0.0,0.0
2022-11-03 12:30:00-04:00,17.15999984741211,17.290000915527344,17.06999969482422,17.149999618530273,47020,0.0,0.0
2022-11-03 13:30:00-04:00,17.1299991607666,17.280000686645508,17.06999969482422,17.270000457763672,44011,0.0,0.0
2022-11-03 14:30:00-04:00,17.260000228881836,17.270000457763672,17.010000228881836,17.079999923706055,70977,0.0,0.0
2022-11-03 15:30:00-04:00,17.059999465942383,17.219999313354492,17.0,17.15999984741211,91736,0.0,0.0
2022-11-04 09:30:00-04:00,17.510000228881836,17.510000228881836,16.760000228881836,16.954999923706055,53487,0.0,0.0
2022-11-04 10:30:00-04:00,17.0,17.010000228881836,16.799999237060547,16.81999969482422,122531,0.0,0.0
2022-11-04 11:30:00-04:00,16.729999542236328,16.780000686645508,16.729999542236328,16.729999542236328,50214,0.0,0.0
2022-11-04 12:30:00-04:00,16.6200008392334,16.760000228881836,16.540000915527344,16.540000915527344,33047,0.0,0.0
2022-11-04 13:30:00-04:00,16.489999771118164,16.760000228881836,16.489999771118164,16.700000762939453,54111,0.0,0.0
2022-11-04 14:30:00-04:00,16.7549991607666,16.790000915527344,16.719999313354492,16.760000228881836,46046,0.0,0.0
2022-11-04 15:30:00-04:00,16.729999542236328,16.770000457763672,16.729999542236328,16.7549991607666,59719,0.0,0.0
2022-11-07 09:30:00-05:00,16.84000015258789,16.90999984741211,16.260000228881836,16.34000015258789,0,0.0,0.0
2022-11-07 10:30:00-05:00,16.350000381469727,16.600000381469727,16.290000915527344,16.600000381469727,50157,0.0,0.0
2022-11-07 11:30:00-05:00,16.6200008392334,17.27750015258789,16.56999969482422,17.229999542236328,39699,0.0,0.0
2022-11-07 12:30:00-05:00,17.21500015258789,17.266399383544922,17.110000610351562,17.1299991607666,64389,0.0,0.0
2022-11-07 13:30:00-05:00,17.1299991607666,17.5049991607666,17.06999969482422,17.43000030517578,53242,0.0,0.0
2022-11-07 14:30:00-05:00,17.434999465942383,17.68000030517578,17.3799991607666,17.450000762939453,80514,0.0,0.0
2022-11-07 15:30:00-05:00,17.450000762939453,17.510000228881836,17.290000915527344,17.360000610351562,75781,0.0,0.0
2022-11-08 09:30:00-05:00,17.389999389648438,17.440000534057617,16.829999923706055,16.989999771118164,0,0.0,0.0
2022-11-08 10:30:00-05:00,17.049999237060547,17.260000228881836,16.979999542236328,17.260000228881836,76161,0.0,0.0
2022-11-08 11:30:00-05:00,17.290000915527344,17.290000915527344,17.0,17.010099411010742,22280,0.0,0.0
2022-11-08 12:30:00-05:00,17.059999465942383,17.209999084472656,16.975000381469727,16.975000381469727,30377,0.0,0.0
2022-11-08 13:30:00-05:00,16.959999084472656,17.030000686645508,16.81999969482422,16.854999542236328,28062,0.0,0.0
2022-11-08 14:30:00-05:00,16.84000015258789,17.030000686645508,16.84000015258789,16.979999542236328,27175,0.0,0.0
2022-11-08 15:30:00-05:00,16.979999542236328,17.010000228881836,16.940000534057617,16.969999313354492,34771,0.0,0.0
2022-11-09 09:30:00-05:00,16.989999771118164,16.989999771118164,16.559999465942383,16.559999465942383,26551,0.0,0.0
2022-11-09 10:30:00-05:00,16.579999923706055,16.729999542236328,16.450000762939453,16.645000457763672,145979,0.0,0.0
2022-11-09 11:30:00-05:00,16.625,16.760000228881836,16.565000534057617,16.6200008392334,35843,0.0,0.0
2022-11-09 12:30:00-05:00,16.6200008392334,16.690000534057617,16.540000915527344,16.540000915527344,29817,0.0,0.0
2022-11-09 13:30:00-05:00,16.530000686645508,16.709999084472656,16.40999984741211,16.69499969482422,52967,0.0,0.0
2022-11-09 14:30:00-05:00,16.68000030517578,16.68000030517578,16.440000534057617,16.479999542236328,80421,0.0,0.0
2022-11-09 15:30:00-05:00,16.479999542236328,16.510000228881836,16.459999084472656,16.5,173375,0.0,0.0
2022-11-10 09:30:00-05:00,17.170000076293945,17.479999542236328,16.875,17.18000030517578,63200,0.0,0.0
2022-11-10 10:30:00-05:00,17.18000030517578,17.229999542236328,17.030000686645508,17.079999923706055,46289,0.0,0.0
2022-11-10 11:30:00-05:00,17.079999923706055,17.170000076293945,16.979999542236328,17.1299991607666,61797,0.0,0.0
2022-11-10 12:30:00-05:00,17.145000457763672,17.270000457763672,17.020000457763672,17.209999084472656,137062,0.0,0.0
2022-11-10 13:30:00-05:00,17.21500015258789,17.280000686645508,17.139999389648438,17.219999313354492,126201,0.0,0.0
2022-11-10 14:30:00-05:00,17.219999313354492,17.260000228881836,17.149999618530273,17.239999771118164,55167,0.0,0.0
2022-11-10 15:30:00-05:00,17.25,17.260000228881836,17.139999389648438,17.239999771118164,125167,0.0,0.0
2022-11-11 09:30:00-05:00,17.18000030517578,17.459999084472656,16.969999313354492,17.420000076293945,64604,0.0,0.0
2022-11-11 10:30:00-05:00,17.44499969482422,17.65999984741211,17.440000534057617,17.65999984741211,164220,0.0,0.0
2022-11-11 11:30:00-05:00,17.579999923706055,17.950000762939453,17.579999923706055,17.917600631713867,76540,0.0,0.0
2022-11-11 12:30:00-05:00,17.93000030517578,17.950000762939453,17.860000610351562,17.875,78820,0.0,0.0
2022-11-11 13:30:00-05:00,17.940000534057617,17.940000534057617,17.84000015258789,17.920000076293945,74704,0.0,0.0
2022-11-11 14:30:00-05:00,17.915000915527344,17.950000762939453,17.8700008392334,17.924999237060547,75040,0.0,0.0
2022-11-11 15:30:00-05:00,17.93000030517578,17.950000762939453,17.8799991607666,17.920000076293945,78876,0.0,0.0
2022-11-14 09:30:00-05:00,17.860000610351562,18.1299991607666,17.704999923706055,17.950000762939453,83371,0.0,0.0
2022-11-14 10:30:00-05:00,17.979999542236328,18.030000686645508,17.739999771118164,17.850000381469727,26255,0.0,0.0
2022-11-14 11:30:00-05:00,17.809999465942383,17.8799991607666,17.649999618530273,17.84000015258789,20284,0.0,0.0
2022-11-14 12:30:00-05:00,17.844999313354492,18.06999969482422,17.844999313354492,18.059999465942383,13221,0.0,0.0
2022-11-14 13:30:00-05:00,18.079999923706055,18.139999389648438,18.06999969482422,18.124000549316406,17720,0.0,0.0
2022-11-14 14:30:00-05:00,18.1299991607666,18.229999542236328,17.969999313354492,18.145000457763672,53581,0.0,0.0
2022-11-14 15:30:00-05:00,18.15999984741211,18.239999771118164,18.114999771118164,18.1299991607666,64342,0.0,0.0
2022-11-15 09:30:00-05:00,18.299999237060547,18.799999237060547,18.299999237060547,18.600000381469727,146660,0.0,0.0
2022-11-15 10:30:00-05:00,18.530000686645508,18.6200008392334,18.479999542236328,18.514999389648438,42518,0.0,0.0
2022-11-15 11:30:00-05:00,18.530000686645508,18.65999984741211,18.520000457763672,18.6200008392334,25753,0.0,0.0
2022-11-15 12:30:00-05:00,18.610000610351562,18.610000610351562,18.360000610351562,18.395000457763672,17940,0.0,0.0
2022-11-15 13:30:00-05:00,18.389999389648438,18.520000457763672,18.260000228881836,18.479999542236328,36469,0.0,0.0
2022-11-15 14:30:00-05:00,18.489999771118164,18.530000686645508,18.350000381469727,18.43000030517578,35511,0.0,0.0
2022-11-15 15:30:00-05:00,18.424999237060547,18.489999771118164,18.399999618530273,18.46500015258789,69986,0.0,0.0
2022-11-16 09:30:00-05:00,18.3700008392334,18.399999618530273,18.100000381469727,18.360000610351562,120054,0.0,0.0
2022-11-16 10:30:00-05:00,18.389999389648438,18.43000030517578,18.18000030517578,18.329999923706055,29775,0.0,0.0
2022-11-16 11:30:00-05:00,18.350000381469727,18.350000381469727,18.065000534057617,18.21500015258789,22351,0.0,0.0
2022-11-16 12:30:00-05:00,18.21500015258789,18.389999389648438,18.139999389648438,18.389999389648438,87264,0.0,0.0
2022-11-16 13:30:00-05:00,18.34000015258789,18.350000381469727,18.170000076293945,18.290000915527344,80064,0.0,0.0
2022-11-16 14:30:00-05:00,18.274999618530273,18.5,18.21500015258789,18.290000915527344,48194,0.0,0.0
2022-11-16 15:30:00-05:00,18.290000915527344,18.31999969482422,18.15999984741211,18.309999465942383,97771,0.0,0.0
2022-11-17 09:30:00-05:00,18.049999237060547,18.3700008392334,17.817100524902344,18.15570068359375,41327,0.0,0.0
2022-11-17 10:30:00-05:00,18.086700439453125,18.280000686645508,17.989999771118164,18.15999984741211,32912,0.0,0.0
2022-11-17 11:30:00-05:00,18.145000457763672,18.440000534057617,18.145000457763672,18.299999237060547,24680,0.0,0.0
2022-11-17 12:30:00-05:00,18.270000457763672,18.5,18.260000228881836,18.329999923706055,36510,0.0,0.0
2022-11-17 13:30:00-05:00,18.270000457763672,18.440000534057617,18.25,18.440000534057617,36109,0.0,0.0
2022-11-17 14:30:00-05:00,18.405000686645508,18.43000030517578,18.290000915527344,18.299999237060547,28457,0.0,0.0
2022-11-17 15:30:00-05:00,18.299999237060547,18.309999465942383,18.139999389648438,18.239999771118164,52831,0.0,0.0
2022-11-18 09:30:00-05:00,18.18000030517578,18.5,18.079999923706055,18.239999771118164,34384,0.0,0.0
2022-11-18 10:30:00-05:00,18.440000534057617,18.59000015258789,18.3700008392334,18.3700008392334,25327,0.0,0.0
2022-11-18 11:30:00-05:00,18.315000534057617,18.31999969482422,18.139999389648438,18.260000228881836,22187,0.0,0.0
2022-11-18 12:30:00-05:00,18.219999313354492,18.219999313354492,18.1299991607666,18.15999984741211,17239,0.0,0.0
2022-11-18 13:30:00-05:00,18.15999984741211,18.420000076293945,18.15999984741211,18.315000534057617,51978,0.0,0.0
2022-11-18 14:30:00-05:00,18.290000915527344,18.364999771118164,18.229999542236328,18.229999542236328,34973,0.0,0.0
2022-11-18 15:30:00-05:00,18.204999923706055,18.299999237060547,18.15999984741211,18.190000534057617,49898,0.0,0.0
2022-11-21 09:30:00-05:00,18.010000228881836,18.281099319458008,17.700000762939453,18.229999542236328,0,0.0,0.0
2022-11-21 10:30:00-05:00,18.200000762939453,18.2549991607666,18.110000610351562,18.239999771118164,15743,0.0,0.0
2022-11-21 11:30:00-05:00,18.23349952697754,18.270000457763672,18.15999984741211,18.200000762939453,13139,0.0,0.0
2022-11-21 12:30:00-05:00,18.204999923706055,18.25,18.139999389648438,18.190000534057617,8386,0.0,0.0
2022-11-21 13:30:00-05:00,18.190000534057617,18.25,18.1200008392334,18.170000076293945,19825,0.0,0.0
2022-11-21 14:30:00-05:00,18.149999618530273,18.15999984741211,18.065000534057617,18.100000381469727,28205,0.0,0.0
2022-11-21 15:30:00-05:00,18.110000610351562,18.18000030517578,18.079999923706055,18.170000076293945,27976,0.0,0.0
2022-11-22 09:30:00-05:00,18.209999084472656,18.209999084472656,17.815000534057617,17.959999084472656,30537,0.0,0.0
2022-11-22 10:30:00-05:00,17.979999542236328,18.030000686645508,17.81999969482422,17.96500015258789,13895,0.0,0.0
2022-11-22 11:30:00-05:00,17.985000610351562,18.010000228881836,17.905000686645508,17.954999923706055,10718,0.0,0.0
2022-11-22 12:30:00-05:00,17.950000762939453,17.969999313354492,17.864999771118164,17.899999618530273,10535,0.0,0.0
2022-11-22 13:30:00-05:00,17.889999389648438,17.920000076293945,17.809999465942383,17.920000076293945,20148,0.0,0.0
2022-11-22 14:30:00-05:00,17.899999618530273,17.920000076293945,17.825000762939453,17.920000076293945,12462,0.0,0.0
2022-11-22 15:30:00-05:00,17.895000457763672,18.030000686645508,17.8700008392334,18.0,46312,0.0,0.0
2022-11-23 09:30:00-05:00,17.81999969482422,18.200000762939453,17.7549991607666,18.170000076293945,25103,0.0,0.0
2022-11-23 10:30:00-05:00,18.229999542236328,18.399999618530273,18.030000686645508,18.200000762939453,22458,0.0,0.0
2022-11-23 11:30:00-05:00,18.139999389648438,18.149999618530273,17.920000076293945,18.09000015258789,27739,0.0,0.0
2022-11-23 12:30:00-05:00,18.094999313354492,18.149999618530273,17.969999313354492,18.110000610351562,14189,0.0,0.0
2022-11-23 13:30:00-05:00,18.139999389648438,18.139999389648438,17.954999923706055,18.03499984741211,36662,0.0,0.0
2022-11-23 14:30:00-05:00,18.030000686645508,18.079999923706055,17.979999542236328,17.989999771118164,38685,0.0,0.0
2022-11-23 15:30:00-05:00,17.989999771118164,18.079999923706055,17.8700008392334,18.059999465942383,71948,0.0,0.0
2022-11-25 09:30:00-05:00,18.18000030517578,18.239999771118164,17.844999313354492,18.18000030517578,21853,0.0,0.0
2022-11-25 10:30:00-05:00,18.18000030517578,18.309999465942383,18.01180076599121,18.139999389648438,65129,0.0,0.0
2022-11-25 11:30:00-05:00,18.15999984741211,18.280000686645508,18.030000686645508,18.18000030517578,59929,0.0,0.0
2022-11-28 09:30:00-05:00,18.110000610351562,18.3700008392334,18.079999923706055,18.079999923706055,12529,0.0,0.0
2022-11-28 10:30:00-05:00,18.094999313354492,18.224300384521484,17.959999084472656,18.0,27683,0.0,0.0
2022-11-28 11:30:00-05:00,18.05470085144043,18.05470085144043,17.770000457763672,17.954999923706055,19782,0.0,0.0
2022-11-28 12:30:00-05:00,17.954999923706055,18.149999618530273,17.885000228881836,18.03499984741211,34589,0.0,0.0
2022-11-28 13:30:00-05:00,18.024999618530273,18.06999969482422,17.9950008392334,18.049999237060547,20778,0.0,0.0
2022-11-28 14:30:00-05:00,18.049999237060547,18.06999969482422,17.8700008392334,17.90999984741211,42122,0.0,0.0
2022-11-28 15:30:00-05:00,17.90999984741211,17.94499969482422,17.8799991607666,17.920000076293945,60067,0.0,0.0
2022-11-29 09:30:00-05:00,18.18000030517578,18.18000030517578,17.760000228881836,18.100000381469727,0,0.0,0.0
2022-11-29 10:30:00-05:00,18.010000228881836,18.149999618530273,17.940000534057617,17.954999923706055,16723,0.0,0.0
2022-11-29 11:30:00-05:00,17.989999771118164,18.110000610351562,17.989999771118164,18.079999923706055,10015,0.0,0.0
2022-11-29 12:30:00-05:00,18.110000610351562,18.15999984741211,18.024999618530273,18.079999923706055,11236,0.0,0.0
2022-11-29 13:30:00-05:00,18.059999465942383,18.155000686645508,18.0,18.125,11210,0.0,0.0
2022-11-29 14:30:00-05:00,18.125,18.1299991607666,18.020000457763672,18.100000381469727,22726,0.0,0.0
2022-11-29 15:30:00-05:00,18.09000015258789,18.110000610351562,17.940000534057617,17.959999084472656,44157,0.0,0.0
2022-11-30 09:30:00-05:00,18.09000015258789,18.124000549316406,17.920000076293945,18.065000534057617,0,0.0,0.0
2022-11-30 10:30:00-05:00,18.059999465942383,18.09000015258789,17.989999771118164,17.989999771118164,25245,0.0,0.0
2022-11-30 11:30:00-05:00,18.0,18.040000915527344,17.934999465942383,17.950000762939453,9172,0.0,0.0
2022-11-30 12:30:00-05:00,18.0049991607666,18.079999923706055,18.0,18.049999237060547,20404,0.0,0.0
2022-11-30 13:30:00-05:00,18.049999237060547,18.43000030517578,18.049999237060547,18.40999984741211,32633,0.0,0.0
2022-11-30 14:30:00-05:00,18.420000076293945,18.450000762939453,18.219999313354492,18.402000427246094,32413,0.0,0.0
2022-11-30 15:30:00-05:00,18.420000076293945,18.760000228881836,18.405000686645508,18.709999084472656,67484,0.0,0.0
2022-12-01 09:30:00-05:00,18.899999618530273,19.19499969482422,18.790000915527344,18.905000686645508,42612,0.0,0.0
2022-12-01 10:30:00-05:00,18.889999389648438,18.915000915527344,18.690000534057617,18.8700008392334,29170,0.0,0.0
2022-12-01 11:30:00-05:00,18.850000381469727,18.934999465942383,18.81999969482422,18.889999389648438,18844,0.0,0.0
2022-12-01 12:30:00-05:00,18.93000030517578,18.950000762939453,18.770000457763672,18.799999237060547,17204,0.0,0.0
2022-12-01 13:30:00-05:00,18.780000686645508,18.950000762939453,18.72100067138672,18.895000457763672,25772,0.0,0.0
2022-12-01 14:30:00-05:00,18.915000915527344,18.969999313354492,18.8700008392334,18.8700008392334,30811,0.0,0.0
2022-12-01 15:30:00-05:00,18.920000076293945,18.920000076293945,18.889999389648438,18.899999618530273,19029,0.0,0.0
2022-12-05 09:30:00-05:00,18.739999771118164,18.739999771118164,18.190000534057617,18.219999313354492,27353,0.0,0.0
2022-12-05 10:30:00-05:00,18.350000381469727,18.459999084472656,18.299999237060547,18.399999618530273,21423,0.0,0.0
2022-12-05 11:30:00-05:00,18.360000610351562,18.379899978637695,18.200000762939453,18.219999313354492,24902,0.0,0.0
2022-12-05 12:30:00-05:00,18.21500015258789,18.280000686645508,18.040000915527344,18.200000762939453,56369,0.0,0.0
2022-12-05 13:30:00-05:00,18.200000762939453,18.209999084472656,18.06999969482422,18.079999923706055,16783,0.0,0.0
2022-12-05 14:30:00-05:00,18.06999969482422,18.06999969482422,17.93000030517578,18.030000686645508,37034,0.0,0.0
2022-12-05 15:30:00-05:00,18.030000686645508,18.100000381469727,18.010000228881836,18.100000381469727,39948,0.0,0.0
2022-12-06 09:30:00-05:00,18.059999465942383,18.059999465942383,17.825000762939453,17.93000030517578,12696,0.0,0.0
2022-12-06 10:30:00-05:00,17.969999313354492,18.280000686645508,17.920000076293945,18.209999084472656,25076,0.0,0.0
2022-12-06 11:30:00-05:00,18.219999313354492,18.219999313354492,18.09000015258789,18.15999984741211,11824,0.0,0.0
2022-12-06 12:30:00-05:00,18.155000686645508,18.170000076293945,18.09000015258789,18.114999771118164,15291,0.0,0.0
2022-12-06 13:30:00-05:00,18.110000610351562,18.170000076293945,17.829999923706055,17.829999923706055,22313,0.0,0.0
2022-12-06 14:30:00-05:00,17.790000915527344,18.033000946044922,17.700000762939453,18.030000686645508,31480,0.0,0.0
2022-12-06 15:30:00-05:00,18.030000686645508,18.110000610351562,17.950000762939453,17.959999084472656,53606,0.0,0.0
2022-12-07 09:30:00-05:00,17.93000030517578,18.229999542236328,17.83639907836914,18.110000610351562,20559,0.0,0.0
2022-12-07 10:30:00-05:00,18.1200008392334,18.709999084472656,18.091899871826172,18.509899139404297,42920,0.0,0.0
2022-12-07 11:30:00-05:00,18.510000228881836,18.639999389648438,18.270000457763672,18.270000457763672,23350,0.0,0.0
2022-12-07 12:30:00-05:00,18.290000915527344,18.475000381469727,18.25,18.450000762939453,16786,0.0,0.0
2022-12-07 13:30:00-05:00,18.459999084472656,18.475000381469727,18.139999389648438,18.25,20514,0.0,0.0
2022-12-07 14:30:00-05:00,18.239999771118164,18.290000915527344,18.200000762939453,18.25,21505,0.0,0.0
2022-12-07 15:30:00-05:00,18.25,18.290000915527344,18.110000610351562,18.229999542236328,113751,0.0,0.0
2022-12-08 09:30:00-05:00,18.299999237060547,18.6299991607666,18.1200008392334,18.530000686645508,34491,0.0,0.0
2022-12-08 10:30:00-05:00,18.549999237060547,18.65999984741211,18.40999984741211,18.520000457763672,16812,0.0,0.0
2022-12-08 11:30:00-05:00,18.510000228881836,18.809999465942383,18.4950008392334,18.660999298095703,41099,0.0,0.0
2022-12-08 12:30:00-05:00,18.709999084472656,18.729999542236328,18.6200008392334,18.674999237060547,13787,0.0,0.0
2022-12-08 13:30:00-05:00,18.690000534057617,18.690000534057617,18.440000534057617,18.520000457763672,20812,0.0,0.0
2022-12-08 14:30:00-05:00,18.520000457763672,18.520000457763672,18.389999389648438,18.40999984741211,21043,0.0,0.0
2022-12-08 15:30:00-05:00,18.420000076293945,18.520000457763672,18.299999237060547,18.350000381469727,52315,0.0,0.0
2022-12-09 09:30:00-05:00,18.110000610351562,18.399999618530273,18.020000457763672,18.360000610351562,26778,0.0,0.0
2022-12-09 10:30:00-05:00,18.354999542236328,18.3799991607666,18.139999389648438,18.170000076293945,36828,0.0,0.0
2022-12-09 11:30:00-05:00,18.170000076293945,18.25,18.145000457763672,18.15999984741211,21522,0.0,0.0
2022-12-09 12:30:00-05:00,18.142000198364258,18.190000534057617,18.1200008392334,18.170000076293945,20816,0.0,0.0
2022-12-09 13:30:00-05:00,18.18000030517578,18.260000228881836,18.110000610351562,18.110000610351562,95458,0.0,0.0
2022-12-09 14:30:00-05:00,18.1299991607666,18.149999618530273,17.975000381469727,18.070999145507812,95036,0.0,0.0
2022-12-09 15:30:00-05:00,18.06999969482422,18.09000015258789,17.950000762939453,17.979999542236328,131250,0.0,0.0
2022-12-12 09:30:00-05:00,18.049999237060547,18.34000015258789,17.90999984741211,18.28499984741211,0,0.0,0.0
2022-12-12 10:30:00-05:00,18.280000686645508,18.315000534057617,18.110000610351562,18.139999389648438,37120,0.0,0.0
2022-12-12 11:30:00-05:00,18.139999389648438,18.260000228881836,18.110000610351562,18.239999771118164,48548,0.0,0.0
2022-12-12 12:30:00-05:00,18.219999313354492,18.25,18.100000381469727,18.219999313354492,40362,0.0,0.0
2022-12-12 13:30:00-05:00,18.21500015258789,18.290000915527344,18.18000030517578,18.190000534057617,49317,0.0,0.0
2022-12-12 14:30:00-05:00,18.184999465942383,18.270000457763672,18.15999984741211,18.190000534057617,43539,0.0,0.0
2022-12-12 15:30:00-05:00,18.190000534057617,18.329999923706055,18.190000534057617,18.329999923706055,69685,0.0,0.0
2022-12-13 09:30:00-05:00,18.700000762939453,18.850000381469727,18.389999389648438,18.469999313354492,29139,0.0,0.0
2022-12-13 10:30:00-05:00,18.454999923706055,18.65999984741211,18.440000534057617,18.56999969482422,44706,0.0,0.0
2022-12-13 11:30:00-05:00,18.56999969482422,18.56999969482422,18.149999618530273,18.15999984741211,19860,0.0,0.0
2022-12-13 12:30:00-05:00,18.1200008392334,18.450000762939453,18.1200008392334,18.450000762939453,21818,0.0,0.0
2022-12-13 13:30:00-05:00,18.459999084472656,18.469999313354492,18.350000381469727,18.43000030517578,17056,0.0,0.0
2022-12-13 14:30:00-05:00,18.43000030517578,18.459999084472656,18.270000457763672,18.360000610351562,49480,0.0,0.0
2022-12-13 15:30:00-05:00,18.360000610351562,18.40999984741211,18.059999465942383,18.239999771118164,314964,0.0,0.0
2022-12-14 09:30:00-05:00,18.299999237060547,18.579999923706055,18.299999237060547,18.479999542236328,39597,0.0,0.0
2022-12-14 10:30:00-05:00,18.440000534057617,18.520000457763672,18.420000076293945,18.5049991607666,67217,0.0,0.0
2022-12-14 11:30:00-05:00,18.5049991607666,18.579999923706055,18.3799991607666,18.40999984741211,71252,0.0,0.0
2022-12-14 12:30:00-05:00,18.399999618530273,18.559999465942383,18.360000610351562,18.459999084472656,47556,0.0,0.0
2022-12-14 13:30:00-05:00,18.46500015258789,18.549999237060547,18.190000534057617,18.350000381469727,74067,0.0,0.0
2022-12-14 14:30:00-05:00,18.329999923706055,18.520000457763672,18.100000381469727,18.334999084472656,110228,0.0,0.0
2022-12-14 15:30:00-05:00,18.31999969482422,18.399999618530273,18.190000534057617,18.260000228881836,59701,0.0,0.0
2022-12-15 09:30:00-05:00,17.950000762939453,18.15999984741211,17.6299991607666,18.107500076293945,0,0.0,0.0
2022-12-15 10:30:00-05:00,18.1200008392334,18.1200008392334,17.834999084472656,18.010000228881836,41720,0.0,0.0
2022-12-15 11:30:00-05:00,17.979999542236328,18.094999313354492,17.969999313354492,18.09000015258789,17251,0.0,0.0
2022-12-15 12:30:00-05:00,18.09000015258789,18.139999389648438,18.049999237060547,18.075000762939453,23485,0.0,0.0
2022-12-15 13:30:00-05:00,18.094999313354492,18.239999771118164,18.06999969482422,18.219999313354492,32811,0.0,0.0
2022-12-15 14:30:00-05:00,18.229999542236328,18.25,18.18000030517578,18.219999313354492,62907,0.0,0.0
2022-12-15 15:30:00-05:00,18.219999313354492,18.229999542236328,18.09000015258789,18.219999313354492,80101,0.0,0.0
2022-12-16 09:30:00-05:00,17.850000381469727,18.510000228881836,17.850000381469727,18.329999923706055,59552,0.0,0.0
2022-12-16 10:30:00-05:00,18.350000381469727,18.3799991607666,17.809999465942383,17.889999389648438,42388,0.0,0.0
2022-12-16 11:30:00-05:00,17.905000686645508,18.18000030517578,17.905000686645508,18.139999389648438,50194,0.0,0.0
2022-12-16 12:30:00-05:00,18.139999389648438,18.170000076293945,18.040000915527344,18.170000076293945,58271,0.0,0.0
2022-12-16 13:30:00-05:00,18.170000076293945,18.170000076293945,17.979999542236328,18.06999969482422,73072,0.0,0.0
2022-12-16 14:30:00-05:00,18.110000610351562,18.1200008392334,17.975000381469727,18.079999923706055,55901,0.0,0.0
2022-12-16 15:30:00-05:00,18.075000762939453,18.360000610351562,18.06999969482422,18.299999237060547,184053,0.0,0.0
2022-12-19 09:30:00-05:00,18.43000030517578,18.43000030517578,18.030000686645508,18.28499984741211,31510,0.0,0.0
2022-12-19 10:30:00-05:00,18.290000915527344,18.329999923706055,18.229999542236328,18.280000686645508,47365,0.0,0.0
2022-12-19 11:30:00-05:00,18.299999237060547,18.415000915527344,18.295000076293945,18.389999389648438,21665,0.0,0.0
2022-12-19 12:30:00-05:00,18.40999984741211,18.479999542236328,18.350000381469727,18.469999313354492,36411,0.0,0.0
2022-12-19 13:30:00-05:00,18.459999084472656,18.469999313354492,18.350000381469727,18.3799991607666,34613,0.0,0.0
2022-12-19 14:30:00-05:00,18.3799991607666,18.399999618530273,18.190000534057617,18.229999542236328,39268,0.0,0.0
2022-12-19 15:30:00-05:00,18.229999542236328,18.315000534057617,18.15999984741211,18.200000762939453,87659,0.0,0.0
2022-12-20 09:30:00-05:00,17.969999313354492,18.450000762939453,17.90999984741211,18.204999923706055,0,0.0,0.0
2022-12-20 10:30:00-05:00,18.204999923706055,18.309999465942383,18.149999618530273,18.25,41963,0.0,0.0
2022-12-20 11:30:00-05:00,18.260000228881836,18.375,18.25,18.34000015258789,15973,0.0,0.0
2022-12-20 12:30:00-05:00,18.350000381469727,18.350000381469727,18.219999313354492,18.231000900268555,15485,0.0,0.0
2022-12-20 13:30:00-05:00,18.25,18.274999618530273,18.209999084472656,18.219999313354492,19006,0.0,0.0
2022-12-20 14:30:00-05:00,18.219999313354492,18.274999618530273,18.19099998474121,18.240999221801758,38396,0.0,0.0
2022-12-20 15:30:00-05:00,18.25,18.329999923706055,18.190000534057617,18.190000534057617,78584,0.0,0.0
2022-12-21 09:30:00-05:00,18.229999542236328,18.500099182128906,18.084999084472656,18.469999313354492,0,0.0,0.0
2022-12-21 10:30:00-05:00,18.459999084472656,18.510000228881836,18.450000762939453,18.489999771118164,87558,0.0,0.0
2022-12-21 11:30:00-05:00,18.5,18.5,18.389999389648438,18.420000076293945,13755,0.0,0.0
2022-12-21 12:30:00-05:00,18.420000076293945,18.434999465942383,18.34000015258789,18.399999618530273,13608,0.0,0.0
2022-12-21 13:30:00-05:00,18.41819953918457,18.600000381469727,18.399999618530273,18.520000457763672,78619,0.0,0.0
2022-12-21 14:30:00-05:00,18.530000686645508,18.579999923706055,18.440000534057617,18.530000686645508,203535,0.0,0.0
2022-12-21 15:30:00-05:00,18.520000457763672,18.65999984741211,18.520000457763672,18.649999618530273,161012,0.0,0.0
2022-12-22 09:30:00-05:00,18.549999237060547,18.670000076293945,18.290000915527344,18.47100067138672,62754,0.0,0.0
2022-12-22 10:30:00-05:00,18.479999542236328,18.4950008392334,18.268999099731445,18.268999099731445,71824,0.0,0.0
2022-12-22 11:30:00-05:00,18.25,18.34000015258789,18.229999542236328,18.334999084472656,20063,0.0,0.0
2022-12-22 12:30:00-05:00,18.329999923706055,18.329999923706055,18.170000076293945,18.31999969482422,53372,0.0,0.0
2022-12-22 13:30:00-05:00,18.31100082397461,18.415000915527344,18.280000686645508,18.3700008392334,29075,0.0,0.0
2022-12-22 14:30:00-05:00,18.3799991607666,18.510000228881836,18.360000610351562,18.50469970703125,31097,0.0,0.0
2022-12-22 15:30:00-05:00,18.5,18.520000457763672,18.459999084472656,18.510000228881836,60988,0.0,0.0
2022-12-23 09:30:00-05:00,18.540000915527344,18.600000381469727,18.219999313354492,18.469999313354492,0,0.0,0.0
2022-12-23 10:30:00-05:00,18.475000381469727,18.559999465942383,18.46500015258789,18.514999389648438,23410,0.0,0.0
2022-12-23 11:30:00-05:00,18.520000457763672,18.6299991607666,18.43000030517578,18.469999313354492,182085,0.0,0.0
2022-12-23 12:30:00-05:00,18.469999313354492,18.479999542236328,18.239999771118164,18.31999969482422,15948,0.0,0.0
2022-12-23 13:30:00-05:00,18.329999923706055,18.389999389648438,18.270000457763672,18.360000610351562,11147,0.0,0.0
2022-12-23 14:30:00-05:00,18.354999542236328,18.479999542236328,18.329999923706055,18.450000762939453,23073,0.0,0.0
2022-12-23 15:30:00-05:00,18.459999084472656,18.520000457763672,18.440000534057617,18.520000457763672,64720,0.0,0.0
2022-12-27 09:30:00-05:00,18.440000534057617,18.530000686645508,18.100000381469727,18.459999084472656,0,0.0,0.0
2022-12-27 10:30:00-05:00,18.479999542236328,18.540000915527344,18.43000030517578,18.510000228881836,32504,0.0,0.0
2022-12-27 11:30:00-05:00,18.530000686645508,18.59000015258789,18.485000610351562,18.530000686645508,29716,0.0,0.0
2022-12-27 12:30:00-05:00,18.5,18.540000915527344,18.485000610351562,18.5,22276,0.0,0.0
2022-12-27 13:30:00-05:00,18.5,18.520999908447266,18.454999923706055,18.5049991607666,42496,0.0,0.0
2022-12-27 14:30:00-05:00,18.50749969482422,18.510000228881836,18.389999389648438,18.459999084472656,37682,0.0,0.0
2022-12-27 15:30:00-05:00,18.46500015258789,18.520000457763672,18.40999984741211,18.5,63724,0.0,0.0
2022-12-28 09:30:00-05:00,18.579999923706055,18.649999618530273,18.270000457763672,18.40999984741211,196906,0.0,0.0
2022-12-28 10:30:00-05:00,18.389999389648438,18.530000686645508,18.280000686645508,18.4950008392334,27220,0.0,0.0
2022-12-28 11:30:00-05:00,18.510000228881836,18.549999237060547,18.440000534057617,18.46500015258789,48247,0.0,0.0
2022-12-28 12:30:00-05:00,18.46500015258789,18.559999465942383,18.459999084472656,18.530000686645508,204497,0.0,0.0
2022-12-28 13:30:00-05:00,18.540000915527344,18.552499771118164,18.389999389648438,18.53499984741211,57291,0.0,0.0
2022-12-28 14:30:00-05:00,18.540000915527344,18.549999237060547,18.450000762939453,18.479999542236328,55375,0.0,0.0
2022-12-28 15:30:00-05:00,18.479999542236328,18.549999237060547,18.479999542236328,18.5,96841,0.0,0.0
2022-12-29 09:30:00-05:00,18.559999465942383,18.93000030517578,18.469999313354492,18.920000076293945,116165,0.0,0.0
2022-12-29 10:30:00-05:00,18.90999984741211,18.90999984741211,18.799999237060547,18.809999465942383,34322,0.0,0.0
2022-12-29 11:30:00-05:00,18.829999923706055,18.889999389648438,18.739999771118164,18.739999771118164,125110,0.0,0.0
2022-12-29 12:30:00-05:00,18.719999313354492,18.780000686645508,18.700000762939453,18.75,20068,0.0,0.0
2022-12-29 13:30:00-05:00,18.729999542236328,18.80500030517578,18.690000534057617,18.7450008392334,34311,0.0,0.0
2022-12-29 14:30:00-05:00,18.742799758911133,18.815000534057617,18.670000076293945,18.719999313354492,81959,0.0,0.0
2022-12-29 15:30:00-05:00,18.71500015258789,18.760000228881836,18.700000762939453,18.760000228881836,78486,0.0,0.0
2022-12-30 09:30:00-05:00,18.6299991607666,18.84000015258789,18.479999542236328,18.84000015258789,23937,0.0,0.0
2022-12-30 10:30:00-05:00,18.81999969482422,18.920000076293945,18.75,18.780000686645508,31661,0.0,0.0
2022-12-30 11:30:00-05:00,18.780000686645508,18.940000534057617,18.75,18.78499984741211,47762,0.0,0.0
2022-12-30 12:30:00-05:00,18.809999465942383,18.850000381469727,18.68000030517578,18.690000534057617,42484,0.0,0.0
2022-12-30 13:30:00-05:00,18.68000030517578,18.770000457763672,18.614999771118164,18.6200008392334,34302,0.0,0.0
2022-12-30 14:30:00-05:00,18.6299991607666,18.719999313354492,18.540000915527344,18.68000030517578,41244,0.0,0.0
2022-12-30 15:30:00-05:00,18.670000076293945,18.760000228881836,18.670000076293945,18.75,58186,0.0,0.0
2023-01-03 09:30:00-05:00,18.84000015258789,18.93000030517578,18.420000076293945,18.59000015258789,82295,0.0,0.0
2023-01-03 10:30:00-05:00,18.579999923706055,18.739999771118164,18.5,18.625,42394,0.0,0.0
2023-01-03 11:30:00-05:00,18.6299991607666,18.649999618530273,18.55500030517578,18.639999389648438,28192,0.0,0.0
2023-01-03 12:30:00-05:00,18.610000610351562,18.6200008392334,18.454999923706055,18.614999771118164,26895,0.0,0.0
2023-01-03 13:30:00-05:00,18.6299991607666,18.700000762939453,18.489999771118164,18.540000915527344,50502,0.0,0.0
2023-01-03 14:30:00-05:00,18.540000915527344,18.639999389648438,18.530000686645508,18.59000015258789,88054,0.0,0.0
2023-01-03 15:30:00-05:00,18.600000381469727,18.6200008392334,18.55500030517578,18.600000381469727,138849,0.0,0.0
2023-01-04 09:30:00-05:00,18.670000076293945,18.670000076293945,18.15999984741211,18.389999389648438,43107,0.0,0.0
2023-01-04 10:30:00-05:00,18.420000076293945,18.5,18.219999313354492,18.219999313354492,35638,0.0,0.0
2023-01-04 11:30:00-05:00,18.235000610351562,18.329999923706055,18.149999618530273,18.18000030517578,19847,0.0,0.0
2023-01-04 12:30:00-05:00,18.170000076293945,18.3700008392334,18.1200008392334,18.354999542236328,68068,0.0,0.0
2023-01-04 13:30:00-05:00,18.354999542236328,18.489999771118164,18.155000686645508,18.155000686645508,111897,0.0,0.0
2023-01-04 14:30:00-05:00,18.139999389648438,18.260000228881836,18.1200008392334,18.204999923706055,37258,0.0,0.0
2023-01-04 15:30:00-05:00,18.209999084472656,18.299999237060547,18.09000015258789,18.270000457763672,60511,0.0,0.0
2023-01-05 09:30:00-05:00,18.079999923706055,18.260000228881836,17.65999984741211,17.93000030517578,66791,0.0,0.0
2023-01-05 10:30:00-05:00,17.93000030517578,17.9685001373291,17.780000686645508,17.828699111938477,46590,0.0,0.0
2023-01-05 11:30:00-05:00,17.81999969482422,17.950000762939453,17.799999237060547,17.950000762939453,29624,0.0,0.0
2023-01-05 12:30:00-05:00,17.950000762939453,18.002500534057617,17.799999237060547,17.934999465942383,37963,0.0,0.0
2023-01-05 13:30:00-05:00,17.93000030517578,18.079999923706055,17.84000015258789,18.0049991607666,56162,0.0,0.0
2023-01-05 14:30:00-05:00,18.010000228881836,18.030000686645508,17.8700008392334,17.90999984741211,40405,0.0,0.0
2023-01-05 15:30:00-05:00,17.889999389648438,17.959999084472656,17.8700008392334,17.940000534057617,50490,0.0,0.0
2023-01-06 09:30:00-05:00,18.1200008392334,18.1200008392334,17.809999465942383,18.040000915527344,26713,0.0,0.0
2023-01-06 10:30:00-05:00,18.059999465942383,18.229999542236328,18.05500030517578,18.127399444580078,18622,0.0,0.0
2023-01-06 11:30:00-05:00,18.1299991607666,18.25,18.06999969482422,18.207799911499023,42973,0.0,0.0
2023-01-06 12:30:00-05:00,18.20800018310547,18.30500030517578,18.145000457763672,18.30500030517578,21577,0.0,0.0
2023-01-06 13:30:00-05:00,18.290000915527344,18.3700008392334,18.280000686645508,18.309999465942383,15301,0.0,0.0
2023-01-06 14:30:00-05:00,18.309999465942383,18.350000381469727,18.280000686645508,18.309999465942383,23350,0.0,0.0
2023-01-06 15:30:00-05:00,18.31999969482422,18.3700008392334,18.270000457763672,18.350000381469727,46331,0.0,0.0
2023-01-09 09:30:00-05:00,18.3799991607666,18.559999465942383,18.25,18.469999313354492,27393,0.0,0.0
2023-01-09 10:30:00-05:00,18.514999389648438,18.549999237060547,18.3700008392334,18.372400283813477,43733,0.0,0.0
2023-01-09 11:30:00-05:00,18.389999389648438,18.40999984741211,18.228300094604492,18.299999237060547,46939,0.0,0.0
2023-01-09 12:30:00-05:00,18.299999237060547,18.405000686645508,18.190000534057617,18.389999389648438,28591,0.0,0.0
2023-01-09 13:30:00-05:00,18.3700008392334,18.3700008392334,18.260000228881836,18.350000381469727,40141,0.0,0.0
2023-01-09 14:30:00-05:00,18.34000015258789,18.34000015258789,18.235000610351562,18.290000915527344,51792,0.0,0.0
2023-01-09 15:30:00-05:00,18.280000686645508,18.309999465942383,18.209999084472656,18.309999465942383,60185,0.0,0.0
2023-01-10 09:30:00-05:00,18.290000915527344,18.530000686645508,17.950000762939453,18.280000686645508,35639,0.0,0.0
2023-01-10 10:30:00-05:00,18.260000228881836,18.44499969482422,18.18000030517578,18.40999984741211,18769,0.0,0.0
2023-01-10 11:30:00-05:00,18.420000076293945,18.459999084472656,18.360000610351562,18.40999984741211,22866,0.0,0.0
2023-01-10 12:30:00-05:00,18.370399475097656,18.450000762939453,18.274999618530273,18.290000915527344,25508,0.0,0.0
2023-01-10 13:30:00-05:00,18.270000457763672,18.350000381469727,18.270000457763672,18.350000381469727,33559,0.0,0.0
2023-01-10 14:30:00-05:00,18.34000015258789,18.459999084472656,18.25,18.270000457763672,37811,0.0,0.0
2023-01-10 15:30:00-05:00,18.270000457763672,18.329999923706055,18.239999771118164,18.239999771118164,50672,0.0,0.0
2023-01-11 09:30:00-05:00,18.219999313354492,18.290000915527344,18.059999465942383,18.290000915527344,0,0.0,0.0
2023-01-11 10:30:00-05:00,18.25,18.260000228881836,18.139999389648438,18.2450008392334,16242,0.0,0.0
2023-01-11 11:30:00-05:00,18.260000228881836,18.329999923706055,18.25,18.280000686645508,16806,0.0,0.0
2023-01-11 12:30:00-05:00,18.280000686645508,18.299999237060547,18.059999465942383,18.270000457763672,41303,0.0,0.0
2023-01-11 13:30:00-05:00,18.270700454711914,18.309999465942383,18.235000610351562,18.290000915527344,21690,0.0,0.0
2023-01-11 14:30:00-05:00,18.299999237060547,18.510000228881836,18.280000686645508,18.4950008392334,56836,0.0,0.0
2023-01-11 15:30:00-05:00,18.5,18.59000015258789,18.485000610351562,18.59000015258789,85786,0.0,0.0
2023-01-12 09:30:00-05:00,17.959999084472656,18.290000915527344,17.940000534057617,18.1299991607666,54395,0.0,0.0
2023-01-12 10:30:00-05:00,18.110000610351562,18.204999923706055,17.969999313354492,18.0049991607666,50311,0.0,0.0
2023-01-12 11:30:00-05:00,18.0,18.049999237060547,17.94499969482422,18.040000915527344,26079,0.0,0.0
2023-01-12 12:30:00-05:00,18.030000686645508,18.110000610351562,17.8799991607666,17.90999984741211,48929,0.0,0.0
2023-01-12 13:30:00-05:00,17.905000686645508,18.059999465942383,17.905000686645508,18.059999465942383,33950,0.0,0.0
2023-01-12 14:30:00-05:00,18.059900283813477,18.1200008392334,18.030000686645508,18.079999923706055,33038,0.0,0.0
2023-01-12 15:30:00-05:00,18.06999969482422,18.3799991607666,18.049999237060547,18.3799991607666,143490,0.0,0.0
2023-01-13 09:30:00-05:00,18.360000610351562,18.65999984741211,18.290000915527344,18.43000030517578,120102,0.0,0.0
2023-01-13 10:30:00-05:00,18.448400497436523,18.59000015258789,18.420000076293945,18.53179931640625,43358,0.0,0.0
2023-01-13 11:30:00-05:00,18.540000915527344,18.59000015258789,18.459999084472656,18.469999313354492,40207,0.0,0.0
2023-01-13 12:30:00-05:00,18.469999313354492,18.520000457763672,18.46500015258789,18.520000457763672,31764,0.0,0.0
2023-01-13 13:30:00-05:00,18.514999389648438,18.600000381469727,18.479999542236328,18.491100311279297,58000,0.0,0.0
2023-01-13 14:30:00-05:00,18.5,18.508399963378906,18.43000030517578,18.5,23377,0.0,0.0
2023-01-13 15:30:00-05:00,18.5049991607666,18.530000686645508,18.479999542236328,18.510000228881836,51324,0.0,0.0
2023-01-17 09:30:00-05:00,18.540000915527344,18.719999313354492,18.260000228881836,18.579999923706055,0,0.0,0.0
2023-01-17 10:30:00-05:00,18.565000534057617,18.649999618530273,18.492000579833984,18.613100051879883,64844,0.0,0.0
2023-01-17 11:30:00-05:00,18.6200008392334,18.709999084472656,18.579999923706055,18.655000686645508,86843,0.0,0.0
2023-01-17 12:30:00-05:00,18.655000686645508,18.75,18.645000457763672,18.690000534057617,80671,0.0,0.0
2023-01-17 13:30:00-05:00,18.690000534057617,18.850000381469727,18.669599533081055,18.850000381469727,102508,0.0,0.0
2023-01-17 14:30:00-05:00,18.84000015258789,18.84000015258789,18.729999542236328,18.770000457763672,141205,0.0,0.0
2023-01-17 15:30:00-05:00,18.760000228881836,18.809999465942383,18.709999084472656,18.799999237060547,68480,0.0,0.0
2023-01-18 09:30:00-05:00,18.959999084472656,19.15999984741211,18.8700008392334,18.8799991607666,72419,0.0,0.0
2023-01-18 10:30:00-05:00,18.885000228881836,18.899999618530273,18.729999542236328,18.739999771118164,26874,0.0,0.0
2023-01-18 11:30:00-05:00,18.729999542236328,18.739999771118164,18.510000228881836,18.625,57217,0.0,0.0
2023-01-18 12:30:00-05:00,18.6299991607666,18.81999969482422,18.610000610351562,18.81999969482422,119485,0.0,0.0
2023-01-18 13:30:00-05:00,18.809999465942383,18.979999542236328,18.809999465942383,18.829999923706055,35199,0.0,0.0
2023-01-18 14:30:00-05:00,18.81999969482422,18.860000610351562,18.719999313354492,18.719999313354492,34946,0.0,0.0
2023-01-18 15:30:00-05:00,18.709999084472656,18.709999084472656,18.479999542236328,18.489999771118164,142519,0.0,0.0
2023-01-19 09:30:00-05:00,18.270000457763672,18.59000015258789,18.0,18.225000381469727,63255,0.0,0.0
2023-01-19 10:30:00-05:00,18.209999084472656,18.399999618530273,18.100000381469727,18.165000915527344,123950,0.0,0.0
2023-01-19 11:30:00-05:00,18.190000534057617,18.309999465942383,18.149999618530273,18.299999237060547,49031,0.0,0.0
2023-01-19 12:30:00-05:00,18.28499984741211,18.309999465942383,18.21500015258789,18.309999465942383,28272,0.0,0.0
2023-01-19 13:30:00-05:00,18.329999923706055,18.399099349975586,18.239999771118164,18.329999923706055,23805,0.0,0.0
2023-01-19 14:30:00-05:00,18.309999465942383,18.329999923706055,18.219999313354492,18.270000457763672,33803,0.0,0.0
2023-01-19 15:30:00-05:00,18.260000228881836,18.350000381469727,18.229999542236328,18.30500030517578,128162,0.0,0.0
2023-01-20 09:30:00-05:00,18.290000915527344,18.454999923706055,18.100000381469727,18.31999969482422,0,0.0,0.0
2023-01-20 10:30:00-05:00,18.350000381469727,18.479999542236328,18.309999465942383,18.479999542236328,27406,0.0,0.0
2023-01-20 11:30:00-05:00,18.5,18.56999969482422,18.440000534057617,18.559999465942383,22281,0.0,0.0
2023-01-20 12:30:00-05:00,18.55500030517578,18.610000610351562,18.469999313354492,18.56999969482422,32669,0.0,0.0
2023-01-20 13:30:00-05:00,18.56999969482422,18.875,18.56999969482422,18.860000610351562,43665,0.0,0.0
2023-01-20 14:30:00-05:00,18.850000381469727,18.989999771118164,18.825000762939453,18.979999542236328,37918,0.0,0.0
2023-01-20 15:30:00-05:00,18.979999542236328,19.0,18.84000015258789,18.84000015258789,50167,0.0,0.0
2023-01-23 09:30:00-05:00,18.90999984741211,19.059999465942383,18.829999923706055,19.030000686645508,53476,0.0,0.0
2023-01-23 10:30:00-05:00,19.030000686645508,19.40999984741211,19.010000228881836,19.3700008392334,52600,0.0,0.0
2023-01-23 11:30:00-05:00,19.360000610351562,19.43000030517578,19.309999465942383,19.420000076293945,16218,0.0,0.0
2023-01-23 12:30:00-05:00,19.420000076293945,19.440000534057617,19.219999313354492,19.34000015258789,62193,0.0,0.0
2023-01-23 13:30:00-05:00,19.360000610351562,19.5,19.34000015258789,19.45599937438965,27732,0.0,0.0
2023-01-23 14:30:00-05:00,19.450000762939453,19.5,19.4197998046875,19.475000381469727,46157,0.0,0.0
2023-01-23 15:30:00-05:00,19.469999313354492,19.5,19.450000762939453,19.5,49135,0.0,0.0
2023-01-24 09:30:00-05:00,19.649999618530273,19.860000610351562,19.5,19.649999618530273,37608,0.0,0.0
2023-01-24 10:30:00-05:00,19.649999618530273,19.860000610351562,19.639999389648438,19.799999237060547,98902,0.0,0.0
2023-01-24 11:30:00-05:00,19.790000915527344,19.81999969482422,19.690000534057617,19.704999923706055,19629,0.0,0.0
2023-01-24 12:30:00-05:00,19.709999084472656,19.719999313354492,19.56999969482422,19.579999923706055,28881,0.0,0.0
2023-01-24 13:30:00-05:00,19.579999923706055,19.700000762939453,19.440000534057617,19.5,101096,0.0,0.0
2023-01-24 14:30:00-05:00,19.469999313354492,19.4950008392334,19.434999465942383,19.440000534057617,12943,0.0,0.0
2023-01-24 15:30:00-05:00,19.434999465942383,19.434999465942383,19.31999969482422,19.350000381469727,37242,0.0,0.0
2023-01-25 09:30:00-05:00,19.030000686645508,19.04199981689453,18.520000457763672,18.610000610351562,40622,0.0,0.0
2023-01-25 10:30:00-05:00,18.6299991607666,18.809999465942383,18.56999969482422,18.809999465942383,13342,0.0,0.0
2023-01-25 11:30:00-05:00,18.825000762939453,18.920000076293945,18.825000762939453,18.829999923706055,9214,0.0,0.0
2023-01-25 12:30:00-05:00,18.829999923706055,19.020000457763672,18.81999969482422,19.010000228881836,6472,0.0,0.0
2023-01-25 13:30:00-05:00,19.014999389648438,19.260000228881836,18.99970054626465,19.219999313354492,19358,0.0,0.0
2023-01-25 14:30:00-05:00,19.229999542236328,19.229999542236328,19.139999389648438,19.15999984741211,13882,0.0,0.0
2023-01-25 15:30:00-05:00,19.170000076293945,19.190000534057617,19.1200008392334,19.149999618530273,35392,0.0,0.0
2023-01-26 09:30:00-05:00,19.31999969482422,19.56999969482422,19.210100173950195,19.239999771118164,37565,0.0,0.0
2023-01-26 10:30:00-05:00,19.25,19.32900047302246,19.18000030517578,19.274999618530273,23620,0.0,0.0
2023-01-26 11:30:00-05:00,19.270000457763672,19.364999771118164,19.260000228881836,19.364999771118164,8366,0.0,0.0
2023-01-26 12:30:00-05:00,19.364999771118164,19.3700008392334,19.309999465942383,19.31999969482422,14749,0.0,0.0
2023-01-26 13:30:00-05:00,19.34000015258789,19.3799991607666,19.270000457763672,19.309999465942383,14475,0.0,0.0
2023-01-26 14:30:00-05:00,19.309999465942383,19.34000015258789,19.2450008392334,19.280000686645508,23878,0.0,0.0
2023-01-26 15:30:00-05:00,19.288999557495117,19.31999969482422,19.264999389648438,19.280000686645508,28145,0.0,0.0
2023-01-27 09:30:00-05:00,19.219999313354492,19.510000228881836,19.219999313354492,19.47279930114746,13052,0.0,0.0
2023-01-27 10:30:00-05:00,19.489999771118164,19.579999923706055,19.489999771118164,19.510000228881836,24986,0.0,0.0
2023-01-27 11:30:00-05:00,19.520000457763672,19.530000686645508,19.489999771118164,19.510000228881836,13803,0.0,0.0
2023-01-27 12:30:00-05:00,19.530000686645508,19.610000610351562,19.530000686645508,19.600000381469727,18544,0.0,0.0
2023-01-27 13:30:00-05:00,19.600000381469727,19.670000076293945,19.59000015258789,19.625,17252,0.0,0.0
2023-01-27 14:30:00-05:00,19.6200008392334,19.739999771118164,19.600000381469727,19.6299991607666,20154,0.0,0.0
2023-01-27 15:30:00-05:00,19.649999618530273,19.68000030517578,19.559999465942383,19.600000381469727,59221,0.0,0.0
2023-01-30 09:30:00-05:00,19.399999618530273,19.56999969482422,19.360000610351562,19.510000228881836,21881,0.0,0.0
2023-01-30 10:30:00-05:00,19.485000610351562,19.59000015258789,19.440000534057617,19.540000915527344,18239,0.0,0.0
2023-01-30 11:30:00-05:00,19.549999237060547,19.579999923706055,19.459999084472656,19.5,28222,0.0,0.0
2023-01-30 12:30:00-05:00,19.5,19.790000915527344,19.489999771118164,19.770000457763672,142397,0.0,0.0
2023-01-30 13:30:00-05:00,19.760000228881836,19.899999618530273,19.700000762939453,19.790000915527344,92867,0.0,0.0
2023-01-30 14:30:00-05:00,19.780000686645508,19.889999389648438,19.739999771118164,19.889999389648438,44388,0.0,0.0
2023-01-30 15:30:00-05:00,19.889999389648438,19.93000030517578,19.579999923706055,19.579999923706055,101653,0.0,0.0
2023-01-31 09:30:00-05:00,19.719999313354492,19.93000030517578,19.360000610351562,19.850000381469727,25561,0.0,0.0
2023-01-31 10:30:00-05:00,19.829999923706055,19.860000610351562,19.739999771118164,19.75,12354,0.0,0.0
2023-01-31 11:30:00-05:00,19.75,19.81999969482422,19.579999923706055,19.700000762939453,38728,0.0,0.0
2023-01-31 12:30:00-05:00,19.700000762939453,19.75,19.6299991607666,19.639999389648438,18065,0.0,0.0
2023-01-31 13:30:00-05:00,19.6299991607666,19.649999618530273,19.59000015258789,19.6299991607666,15399,0.0,0.0
2023-01-31 14:30:00-05:00,19.6299991607666,19.760000228881836,19.6200008392334,19.700000762939453,24364,0.0,0.0
2023-01-31 15:30:00-05:00,19.700000762939453,19.729999542236328,19.56999969482422,19.56999969482422,258328,0.0,0.0
2023-02-01 09:30:00-05:00,19.610000610351562,19.729999542236328,19.510000228881836,19.614999771118164,97198,0.0,0.0
2023-02-01 10:30:00-05:00,19.614999771118164,19.625,19.489999771118164,19.6200008392334,118999,0.0,0.0
2023-02-01 11:30:00-05:00,19.614999771118164,19.6299991607666,19.55500030517578,19.59000015258789,29560,0.0,0.0
2023-02-01 12:30:00-05:00,19.594999313354492,19.600000381469727,19.549999237060547,19.579999923706055,19088,0.0,0.0
2023-02-01 13:30:00-05:00,19.59000015258789,19.65999984741211,19.459999084472656,19.559999465942383,19675,0.0,0.0
2023-02-01 14:30:00-05:00,19.559999465942383,19.655000686645508,19.454999923706055,19.59000015258789,81953,0.0,0.0
2023-02-01 15:30:00-05:00,19.600000381469727,19.71500015258789,19.579999923706055,19.670000076293945,86133,0.0,0.0
2023-02-02 09:30:00-05:00,19.8799991607666,19.989999771118164,19.795000076293945,19.825000762939453,0,0.0,0.0
2023-02-02 10:30:00-05:00,19.825000762939453,19.8799991607666,19.65999984741211,19.709999084472656,38533,0.0,0.0
2023-02-02 11:30:00-05:00,19.700000762939453,19.989999771118164,19.670000076293945,19.825000762939453,308495,0.0,0.0
2023-02-02 12:30:00-05:00,19.829999923706055,19.829999923706055,19.69499969482422,19.704999923706055,49034,0.0,0.0
2023-02-02 13:30:00-05:00,19.704999923706055,19.704999923706055,19.450000762939453,19.540000915527344,51144,0.0,0.0
2023-02-02 14:30:00-05:00,19.549999237060547,19.700000762939453,19.510000228881836,19.65999984741211,63825,0.0,0.0
2023-02-02 15:30:00-05:00,19.65999984741211,19.665000915527344,19.549999237060547,19.559999465942383,212118,0.0,0.0
2023-02-03 09:30:00-05:00,19.360000610351562,19.470600128173828,19.280000686645508,19.420000076293945,48770,0.0,0.0
2023-02-03 10:30:00-05:00,19.40999984741211,19.510000228881836,19.40999984741211,19.4950008392334,34254,0.0,0.0
2023-02-03 11:30:00-05:00,19.5,19.520000457763672,19.424999237060547,19.479999542236328,28660,0.0,0.0
2023-02-03 12:30:00-05:00,19.489999771118164,19.540000915527344,19.31999969482422,19.385000228881836,49952,0.0,0.0
2023-02-03 13:30:00-05:00,19.3799991607666,19.385000228881836,19.15999984741211,19.25,46530,0.0,0.0
2023-02-03 14:30:00-05:00,19.239999771118164,19.399999618530273,19.239999771118164,19.329999923706055,30251,0.0,0.0
2023-02-03 15:30:00-05:00,19.329999923706055,19.360000610351562,19.280000686645508,19.34000015258789,78230,0.0,0.0
2023-02-06 09:30:00-05:00,19.229999542236328,19.34000015258789,19.040000915527344,19.274999618530273,25586,0.0,0.0
2023-02-06 10:30:00-05:00,19.270000457763672,19.34000015258789,19.270000457763672,19.34000015258789,12316,0.0,0.0
2023-02-06 11:30:00-05:00,19.34000015258789,19.459800720214844,19.31999969482422,19.440000534057617,17916,0.0,0.0
2023-02-06 12:30:00-05:00,19.459999084472656,19.5,19.440000534057617,19.475000381469727,12858,0.0,0.0
2023-02-06 13:30:00-05:00,19.450000762939453,19.530000686645508,19.440000534057617,19.450000762939453,11988,0.0,0.0
2023-02-06 14:30:00-05:00,19.459999084472656,19.485000610351562,19.399999618530273,19.420000076293945,43040,0.0,0.0
2023-02-06 15:30:00-05:00,19.40999984741211,19.424999237060547,19.309999465942383,19.309999465942383,62833,0.0,0.0
2023-02-07 09:30:00-05:00,19.239999771118164,19.270000457763672,19.104999542236328,19.149999618530273,12544,0.0,0.0
2023-02-07 10:30:00-05:00,19.135000228881836,19.260000228881836,19.1200008392334,19.225000381469727,10714,0.0,0.0
2023-02-07 11:30:00-05:00,19.2450008392334,19.3700008392334,19.2450008392334,19.350000381469727,13852,0.0,0.0
2023-02-07 12:30:00-05:00,19.38610076904297,19.524999618530273,19.364999771118164,19.3799991607666,21148,0.0,0.0
2023-02-07 13:30:00-05:00,19.34000015258789,19.43000030517578,19.25,19.389999389648438,18153,0.0,0.0
2023-02-07 14:30:00-05:00,19.399999618530273,19.56999969482422,19.399999618530273,19.524999618530273,25352,0.0,0.0
2023-02-07 15:30:00-05:00,19.520000457763672,19.6200008392334,19.489999771118164,19.559999465942383,53919,0.0,0.0
2023-02-08 09:30:00-05:00,19.6299991607666,19.81999969482422,19.540000915527344,19.670000076293945,0,0.0,0.0
2023-02-08 10:30:00-05:00,19.6200008392334,19.690000534057617,19.579999923706055,19.604999542236328,20850,0.0,0.0
2023-02-08 11:30:00-05:00,19.600000381469727,19.6299991607666,19.59000015258789,19.59000015258789,16623,0.0,0.0
2023-02-08 12:30:00-05:00,19.610000610351562,19.6299991607666,19.59000015258789,19.600000381469727,14868,0.0,0.0
2023-02-08 13:30:00-05:00,19.600000381469727,19.610000610351562,19.549999237060547,19.559999465942383,35740,0.0,0.0
2023-02-08 14:30:00-05:00,19.559999465942383,19.559999465942383,19.489999771118164,19.5,25758,0.0,0.0
2023-02-08 15:30:00-05:00,19.5,19.530000686645508,19.489999771118164,19.5,35712,0.0,0.0
2023-02-09 09:30:00-05:00,19.75,19.850000381469727,19.6200008392334,19.700000762939453,20201,0.0,0.0
2023-02-09 10:30:00-05:00,19.690000534057617,19.71500015258789,19.579999923706055,19.579999923706055,22861,0.0,0.0
2023-02-09 11:30:00-05:00,19.575000762939453,19.65999984741211,19.520000457763672,19.59000015258789,19283,0.0,0.0
2023-02-09 12:30:00-05:00,19.594999313354492,19.600000381469727,19.540000915527344,19.600000381469727,11651,0.0,0.0
2023-02-09 13:30:00-05:00,19.600000381469727,19.610000610351562,19.540000915527344,19.540000915527344,13777,0.0,0.0
2023-02-09 14:30:00-05:00,19.530000686645508,19.540000915527344,19.43000030517578,19.434999465942383,20323,0.0,0.0
2023-02-09 15:30:00-05:00,19.434999465942383,19.459999084472656,19.354999542236328,19.399999618530273,39328,0.0,0.0
2023-02-10 09:30:00-05:00,19.290000915527344,19.290000915527344,19.1299991607666,19.239999771118164,15228,0.0,0.0
2023-02-10 10:30:00-05:00,19.209999084472656,19.290000915527344,19.1299991607666,19.170000076293945,30197,0.0,0.0
2023-02-10 11:30:00-05:00,19.170000076293945,19.190000534057617,19.030000686645508,19.06999969482422,31406,0.0,0.0
2023-02-10 12:30:00-05:00,19.06999969482422,19.190000534057617,19.06999969482422,19.190000534057617,38105,0.0,0.0
2023-02-10 13:30:00-05:00,19.18000030517578,19.219999313354492,19.165000915527344,19.200000762939453,26630,0.0,0.0
2023-02-10 14:30:00-05:00,19.190000534057617,19.229999542236328,19.149999618530273,19.165000915527344,44435,0.0,0.0
2023-02-10 15:30:00-05:00,19.165000915527344,19.204999923706055,19.1200008392334,19.170000076293945,54635,0.0,0.0
2023-02-13 09:30:00-05:00,19.239999771118164,19.350000381469727,19.1299991607666,19.21500015258789,16393,0.0,0.0
2023-02-13 10:30:00-05:00,19.229999542236328,19.389999389648438,19.22599983215332,19.315000534057617,28021,0.0,0.0
2023-02-13 11:30:00-05:00,19.315000534057617,19.34000015258789,19.235000610351562,19.239999771118164,15892,0.0,0.0
2023-02-13 12:30:00-05:00,19.2549991607666,19.309999465942383,19.239999771118164,19.299999237060547,19378,0.0,0.0
2023-02-13 13:30:00-05:00,19.30500030517578,19.389999389648438,19.280000686645508,19.290000915527344,43895,0.0,0.0
2023-02-13 14:30:00-05:00,19.280000686645508,19.280000686645508,19.15999984741211,19.200000762939453,45854,0.0,0.0
2023-02-13 15:30:00-05:00,19.200000762939453,19.219999313354492,19.139999389648438,19.139999389648438,62209,0.0,0.0
2023-02-14 09:30:00-05:00,19.09000015258789,19.30500030517578,18.81999969482422,19.200000762939453,39277,0.0,0.0
2023-02-14 10:30:00-05:00,19.170000076293945,19.200000762939453,19.030000686645508,19.040000915527344,26447,0.0,0.0
2023-02-14 11:30:00-05:00,19.040000915527344,19.100000381469727,18.950000762939453,19.020000457763672,37966,0.0,0.0
2023-02-14 12:30:00-05:00,19.010000228881836,19.079999923706055,18.920000076293945,19.040000915527344,29586,0.0,0.0
2023-02-14 13:30:00-05:00,19.040000915527344,19.06999969482422,18.91010093688965,18.940000534057617,26328,0.0,0.0
2023-02-14 14:30:00-05:00,18.940000534057617,19.110000610351562,18.940000534057617,19.06999969482422,47070,0.0,0.0
2023-02-14 15:30:00-05:00,19.06999969482422,19.079999923706055,18.920000076293945,18.989999771118164,102546,0.0,0.0
2023-02-15 09:30:00-05:00,18.90999984741211,19.020000457763672,18.65999984741211,18.989999771118164,28424,0.0,0.0
2023-02-15 10:30:00-05:00,19.0049991607666,19.165000915527344,18.959999084472656,19.139999389648438,89736,0.0,0.0
2023-02-15 11:30:00-05:00,19.149999618530273,19.489999771118164,19.149999618530273,19.3799991607666,29588,0.0,0.0
2023-02-15 12:30:00-05:00,19.389999389648438,19.530000686645508,19.389999389648438,19.489999771118164,22556,0.0,0.0
2023-02-15 13:30:00-05:00,19.479999542236328,19.59000015258789,19.479999542236328,19.56999969482422,39673,0.0,0.0
2023-02-15 14:30:00-05:00,19.565000534057617,19.68000030517578,19.530000686645508,19.670000076293945,40847,0.0,0.0
2023-02-15 15:30:00-05:00,19.670000076293945,19.690000534057617,19.59000015258789,19.68000030517578,53084,0.0,0.0
2023-02-16 09:30:00-05:00,19.469999313354492,19.559999465942383,19.329999923706055,19.459999084472656,21694,0.0,0.0
2023-02-16 10:30:00-05:00,19.479999542236328,19.549999237060547,19.441699981689453,19.469999313354492,26839,0.0,0.0
2023-02-16 11:30:00-05:00,19.479999542236328,19.520000457763672,19.399999618530273,19.494699478149414,26411,0.0,0.0
2023-02-16 12:30:00-05:00,19.510000228881836,19.600000381469727,19.459999084472656,19.469999313354492,20041,0.0,0.0
2023-02-16 13:30:00-05:00,19.469999313354492,19.5,19.43000030517578,19.459999084472656,12360,0.0,0.0
2023-02-16 14:30:00-05:00,19.469999313354492,19.469999313354492,19.360000610351562,19.40999984741211,22105,0.0,0.0
2023-02-16 15:30:00-05:00,19.389999389648438,19.415000915527344,19.329999923706055,19.350000381469727,26981,0.0,0.0
2023-02-17 09:30:00-05:00,19.149999618530273,19.190000534057617,18.8799991607666,19.110000610351562,0,0.0,0.0
2023-02-17 10:30:00-05:00,19.110000610351562,19.200000762939453,19.020000457763672,19.06999969482422,24746,0.0,0.0
2023-02-17 11:30:00-05:00,19.06999969482422,19.149999618530273,19.05500030517578,19.139999389648438,19007,0.0,0.0
2023-02-17 12:30:00-05:00,19.149999618530273,19.219999313354492,19.1299991607666,19.190000534057617,16422,0.0,0.0
2023-02-17 13:30:00-05:00,19.18000030517578,19.229999542236328,19.18000030517578,19.229999542236328,18611,0.0,0.0
2023-02-17 14:30:00-05:00,19.235000610351562,19.299999237060547,19.209999084472656,19.209999084472656,41033,0.0,0.0
2023-02-17 15:30:00-05:00,19.200000762939453,19.219999313354492,19.079999923706055,19.110000610351562,58006,0.0,0.0
2023-02-21 09:30:00-05:00,19.049999237060547,19.049999237060547,18.65999984741211,18.81999969482422,19283,0.0,0.0
2023-02-21 10:30:00-05:00,18.84000015258789,19.049999237060547,18.829999923706055,18.9950008392334,41172,0.0,0.0
2023-02-21 11:30:00-05:00,19.0049991607666,19.03860092163086,18.93000030517578,19.0,35824,0.0,0.0
2023-02-21 12:30:00-05:00,19.010000228881836,19.06999969482422,18.989999771118164,19.040000915527344,36158,0.0,0.0
2023-02-21 13:30:00-05:00,19.049999237060547,19.084999084472656,19.0,19.0,33043,0.0,0.0
2023-02-21 14:30:00-05:00,19.010000228881836,19.059999465942383,18.959999084472656,18.959999084472656,41090,0.0,0.0
2023-02-21 15:30:00-05:00,18.96500015258789,19.0,18.920000076293945,18.989999771118164,68621,0.0,0.0
2023-02-22 09:30:00-05:00,20.0,20.0,18.100000381469727,18.729999542236328,97362,0.0,0.0
2023-02-22 10:30:00-05:00,18.709999084472656,18.709999084472656,18.100000381469727,18.219999313354492,133376,0.0,0.0
2023-02-22 11:30:00-05:00,18.209999084472656,18.329999923706055,17.979999542236328,18.079999923706055,116636,0.0,0.0
2023-02-22 12:30:00-05:00,18.09000015258789,18.15999984741211,17.8799991607666,17.969999313354492,81277,0.0,0.0
2023-02-22 13:30:00-05:00,17.979999542236328,18.040000915527344,17.530000686645508,17.959999084472656,105095,0.0,0.0
2023-02-22 14:30:00-05:00,17.96500015258789,18.110000610351562,17.600000381469727,17.729999542236328,101710,0.0,0.0
2023-02-22 15:30:00-05:00,17.7549991607666,17.850000381469727,17.6200008392334,17.700000762939453,105478,0.0,0.0
2023-02-23 09:30:00-05:00,17.889999389648438,17.950000762939453,17.610000610351562,17.760000228881836,65766,0.0,0.0
2023-02-23 10:30:00-05:00,17.75,17.8799991607666,17.68000030517578,17.81999969482422,36277,0.0,0.0
2023-02-23 11:30:00-05:00,17.829999923706055,17.8700008392334,17.645000457763672,17.81999969482422,66613,0.0,0.0
2023-02-23 12:30:00-05:00,17.829999923706055,17.920000076293945,17.81999969482422,17.860000610351562,43293,0.0,0.0
2023-02-23 13:30:00-05:00,17.8700008392334,18.020000457763672,17.8700008392334,17.920000076293945,27814,0.0,0.0
2023-02-23 14:30:00-05:00,17.950000762939453,18.094999313354492,17.950000762939453,18.079999923706055,32542,0.0,0.0
2023-02-23 15:30:00-05:00,18.079999923706055,18.100000381469727,18.020000457763672,18.09000015258789,57563,0.0,0.0
2023-02-24 09:30:00-05:00,17.940000534057617,18.18000030517578,17.729999542236328,17.760000228881836,0,0.0,0.0
2023-02-24 10:30:00-05:00,17.739999771118164,17.920000076293945,17.719999313354492,17.920000076293945,32725,0.0,0.0
2023-02-24 11:30:00-05:00,17.90999984741211,17.920000076293945,17.790000915527344,17.809999465942383,23711,0.0,0.0
2023-02-24 12:30:00-05:00,17.809999465942383,17.860000610351562,17.770000457763672,17.829999923706055,20251,0.0,0.0
2023-02-24 13:30:00-05:00,17.81999969482422,17.93000030517578,17.809999465942383,17.850000381469727,32496,0.0,0.0
2023-02-24 14:30:00-05:00,17.857999801635742,18.0049991607666,17.84000015258789,18.0049991607666,93890,0.0,0.0
2023-02-24 15:30:00-05:00,18.0049991607666,18.040000915527344,17.93000030517578,18.040000915527344,147636,0.0,0.0
2023-02-27 09:30:00-05:00,18.1200008392334,18.260000228881836,18.020000457763672,18.25,42747,0.0,0.0
2023-02-27 10:30:00-05:00,18.260000228881836,18.31999969482422,18.09000015258789,18.1200008392334,91333,0.0,0.0
2023-02-27 11:30:00-05:00,18.110000610351562,18.110000610351562,17.739999771118164,17.809999465942383,71306,0.0,0.0
2023-02-27 12:30:00-05:00,17.81999969482422,17.8799991607666,17.81999969482422,17.860000610351562,28147,0.0,0.0
2023-02-27 13:30:00-05:00,17.854999542236328,17.940000534057617,17.78499984741211,17.940000534057617,95363,0.0,0.0
2023-02-27 14:30:00-05:00,17.940000534057617,17.950000762939453,17.729999542236328,17.7549991607666,115341,0.0,0.0
2023-02-27 15:30:00-05:00,17.7549991607666,17.760000228881836,17.59000015258789,17.739999771118164,117178,0.0,0.0
2023-02-28 09:30:00-05:00,17.780000686645508,17.893999099731445,17.649999618530273,17.719999313354492,16982,0.0,0.0
2023-02-28 10:30:00-05:00,17.68000030517578,17.709999084472656,17.540000915527344,17.709999084472656,23617,0.0,0.0
2023-02-28 11:30:00-05:00,17.704999923706055,17.729999542236328,17.600000381469727,17.600000381469727,24094,0.0,0.0
2023-02-28 12:30:00-05:00,17.600000381469727,17.65999984741211,17.559999465942383,17.59000015258789,84025,0.0,0.0
2023-02-28 13:30:00-05:00,17.600000381469727,17.600000381469727,17.270000457763672,17.273300170898438,43304,0.0,0.0
2023-02-28 14:30:00-05:00,17.280000686645508,17.469999313354492,17.19499969482422,17.350000381469727,88551,0.0,0.0
2023-02-28 15:30:00-05:00,17.34000015258789,17.350000381469727,17.18000030517578,17.18000030517578,159591,0.0,0.0
2023-03-01 09:30:00-05:00,17.209999084472656,17.290000915527344,17.020000457763672,17.209999084472656,584075,0.0,0.0
2023-03-01 10:30:00-05:00,17.200000762939453,17.25,16.940000534057617,16.940000534057617,137445,0.0,0.0
2023-03-01 11:30:00-05:00,16.954999923706055,17.0049991607666,16.739999771118164,16.75,37255,0.0,0.0
2023-03-01 12:30:00-05:00,16.760000228881836,16.760000228881836,16.600000381469727,16.68000030517578,25726,0.0,0.0
2023-03-01 13:30:00-05:00,16.68000030517578,16.920000076293945,16.670000076293945,16.815000534057617,54988,0.0,0.0
2023-03-01 14:30:00-05:00,16.815000534057617,16.829999923706055,16.600000381469727,16.610000610351562,44725,0.0,0.0
2023-03-01 15:30:00-05:00,16.610000610351562,16.639999389648438,16.510000228881836,16.510000228881836,106136,0.0,0.0
2023-03-02 09:30:00-05:00,16.399999618530273,16.65999984741211,16.364999771118164,16.399999618530273,141100,0.0,0.0
2023-03-02 10:30:00-05:00,16.389999389648438,16.399999618530273,16.229999542236328,16.280000686645508,35115,0.0,0.0
2023-03-02 11:30:00-05:00,16.280000686645508,16.420000076293945,16.219999313354492,16.40999984741211,183462,0.0,0.0
2023-03-02 12:30:00-05:00,16.43000030517578,16.5,16.299999237060547,16.450000762939453,190523,0.0,0.0
2023-03-02 13:30:00-05:00,16.459999084472656,16.75,16.459999084472656,16.739999771118164,149628,0.0,0.0
2023-03-02 14:30:00-05:00,16.760000228881836,16.850000381469727,16.399999618530273,16.40999984741211,191964,0.0,0.0
2023-03-02 15:30:00-05:00,16.389999389648438,16.40999984741211,16.334999084472656,16.360000610351562,139621,0.0,0.0
2023-03-03 09:30:00-05:00,16.350000381469727,17.03190040588379,16.329999923706055,16.891000747680664,550683,0.0,0.0
2023-03-03 10:30:00-05:00,16.940000534057617,16.940000534057617,16.75,16.892499923706055,53632,0.0,0.0
2023-03-03 11:30:00-05:00,16.885000228881836,16.989999771118164,16.823299407958984,16.969999313354492,37188,0.0,0.0
2023-03-03 12:30:00-05:00,16.969999313354492,16.969999313354492,16.899999618530273,16.920000076293945,37333,0.0,0.0
2023-03-03 13:30:00-05:00,16.920000076293945,16.93000030517578,16.75,16.84000015258789,49521,0.0,0.0
2023-03-03 14:30:00-05:00,16.84000015258789,16.860000610351562,16.780000686645508,16.809999465942383,58900,0.0,0.0
2023-03-03 15:30:00-05:00,16.809999465942383,16.829999923706055,16.670000076293945,16.68000030517578,141820,0.0,0.0
2023-03-06 09:30:00-05:00,16.520000457763672,16.700000762939453,16.360000610351562,16.649999618530273,58440,0.0,0.0
2023-03-06 10:30:00-05:00,16.655000686645508,16.825000762939453,16.6299991607666,16.75,47866,0.0,0.0
2023-03-06 11:30:00-05:00,16.7450008392334,16.75,16.670000076293945,16.725000381469727,43281,0.0,0.0
2023-03-06 12:30:00-05:00,16.725000381469727,16.739999771118164,16.540000915527344,16.6200008392334,82204,0.0,0.0
2023-03-06 13:30:00-05:00,16.610000610351562,16.625,16.520000457763672,16.559999465942383,52032,0.0,0.0
2023-03-06 14:30:00-05:00,16.540000915527344,16.559999465942383,16.420000076293945,16.5,85282,0.0,0.0
2023-03-06 15:30:00-05:00,16.530000686645508,16.6299991607666,16.489999771118164,16.59000015258789,102251,0.0,0.0
2023-03-07 09:30:00-05:00,16.65999984741211,16.790000915527344,16.559999465942383,16.56999969482422,0,0.0,0.0
2023-03-07 10:30:00-05:00,16.579999923706055,16.65999984741211,16.459999084472656,16.459999084472656,21341,0.0,0.0
2023-03-07 11:30:00-05:00,16.43000030517578,16.565000534057617,16.415000915527344,16.565000534057617,27815,0.0,0.0
2023-03-07 12:30:00-05:00,16.604999542236328,16.649999618530273,16.559999465942383,16.610000610351562,13166,0.0,0.0
2023-03-07 13:30:00-05:00,16.6200008392334,16.690000534057617,16.540000915527344,16.649999618530273,20788,0.0,0.0
2023-03-07 14:30:00-05:00,16.65999984741211,16.700000762939453,16.549999237060547,16.68000030517578,39275,0.0,0.0
2023-03-07 15:30:00-05:00,16.690000534057617,16.780000686645508,16.670000076293945,16.700000762939453,81535,0.0,0.0
2023-03-08 09:30:00-05:00,16.719999313354492,16.719999313354492,16.31999969482422,16.549999237060547,15591,0.0,0.0
2023-03-08 10:30:00-05:00,16.59000015258789,16.600000381469727,16.229999542236328,16.40999984741211,40251,0.0,0.0
2023-03-08 11:30:00-05:00,16.399999618530273,16.5,16.38479995727539,16.389999389648438,19972,0.0,0.0
2023-03-08 12:30:00-05:00,16.380699157714844,16.479999542236328,16.200000762939453,16.350000381469727,43917,0.0,0.0
2023-03-08 13:30:00-05:00,16.329999923706055,16.399999618530273,16.329999923706055,16.375,15496,0.0,0.0
2023-03-08 14:30:00-05:00,16.3799991607666,16.389999389648438,16.260000228881836,16.299999237060547,17789,0.0,0.0
2023-03-08 15:30:00-05:00,16.31999969482422,16.360000610351562,16.0,16.0,87552,0.0,0.0
2023-03-09 09:30:00-05:00,14.649999618530273,15.149999618530273,14.630000114440918,14.954999923706055,2651018,0.0,0.0
2023-03-09 10:30:00-05:00,14.954999923706055,15.0,14.75,14.920000076293945,1023223,0.0,0.0
2023-03-09 11:30:00-05:00,14.925000190734863,15.0600004196167,14.864999771118164,15.0,881036,0.0,0.0
2023-03-09 12:30:00-05:00,15.0,15.019800186157227,14.859999656677246,14.890000343322754,527477,0.0,0.0
2023-03-09 13:30:00-05:00,14.895000457763672,14.920000076293945,14.779999732971191,14.779999732971191,489185,0.0,0.0
2023-03-09 14:30:00-05:00,14.78499984741211,14.829999923706055,14.610099792480469,14.789999961853027,736960,0.0,0.0
2023-03-09 15:30:00-05:00,14.779999732971191,15.319999694824219,14.729999542236328,14.869999885559082,1040299,0.0,0.0
2023-03-10 09:30:00-05:00,14.789999961853027,14.850000381469727,14.529999732971191,14.574999809265137,155973,0.0,0.0
2023-03-10 10:30:00-05:00,14.574999809265137,14.829999923706055,14.515000343322754,14.78499984741211,139977,0.0,0.0
2023-03-10 11:30:00-05:00,14.800000190734863,14.859999656677246,14.630000114440918,14.645000457763672,192490,0.0,0.0
2023-03-10 12:30:00-05:00,14.65999984741211,14.670000076293945,14.420000076293945,14.449999809265137,113601,0.0,0.0
2023-03-10 13:30:00-05:00,14.444999694824219,14.449999809265137,14.100000381469727,14.140000343322754,215869,0.0,0.0
2023-03-10 14:30:00-05:00,14.149999618530273,14.1899995803833,13.800000190734863,13.904999732971191,398497,0.0,0.0
2023-03-10 15:30:00-05:00,13.904999732971191,13.904999732971191,13.619999885559082,13.65999984741211,925224,0.0,0.0
2023-03-13 09:30:00-04:00,13.6899995803833,13.824999809265137,13.539999961853027,13.609999656677246,132574,0.0,0.0
2023-03-13 10:30:00-04:00,13.619999885559082,14.069999694824219,13.619999885559082,14.069999694824219,95987,0.0,0.0
2023-03-13 11:30:00-04:00,14.09000015258789,14.160200119018555,13.949999809265137,13.989999771118164,132501,0.0,0.0
2023-03-13 12:30:00-04:00,13.991000175476074,14.0600004196167,13.9399995803833,14.024999618530273,142740,0.0,0.0
2023-03-13 13:30:00-04:00,14.024999618530273,14.130000114440918,13.819999694824219,14.079999923706055,113762,0.0,0.0
2023-03-13 14:30:00-04:00,14.069999694824219,14.104999542236328,13.989999771118164,14.0,123748,0.0,0.0
2023-03-13 15:30:00-04:00,13.994999885559082,14.020000457763672,13.8100004196167,13.84000015258789,206194,0.0,0.0
2023-03-14 09:30:00-04:00,13.890000343322754,14.15999984741211,13.75,13.949999809265137,0,0.0,0.0
2023-03-14 10:30:00-04:00,13.949999809265137,13.975000381469727,13.805000305175781,13.819999694824219,46625,0.0,0.0
2023-03-14 11:30:00-04:00,13.819999694824219,13.9399995803833,13.789999961853027,13.895000457763672,110380,0.0,0.0
2023-03-14 12:30:00-04:00,13.895000457763672,14.0600004196167,13.892499923706055,14.0,126653,0.0,0.0
2023-03-14 13:30:00-04:00,13.989999771118164,13.989999771118164,13.835000038146973,13.9399995803833,106660,0.0,0.0
2023-03-14 14:30:00-04:00,13.9399995803833,14.050000190734863,13.90999984741211,14.010000228881836,151178,0.0,0.0
2023-03-14 15:30:00-04:00,14.010000228881836,14.180000305175781,13.984999656677246,14.119999885559082,282107,0.0,0.0
2023-03-15 09:30:00-04:00,13.949999809265137,14.25,13.840100288391113,14.199999809265137,45006,0.0,0.0
2023-03-15 10:30:00-04:00,14.199999809265137,14.210000038146973,13.90999984741211,14.079999923706055,56218,0.0,0.0
2023-03-15 11:30:00-04:00,14.09000015258789,14.119999885559082,13.9399995803833,13.949999809265137,152453,0.0,0.0
2023-03-15 12:30:00-04:00,13.949999809265137,14.0,13.864999771118164,14.0,95404,0.0,0.0
2023-03-15 13:30:00-04:00,13.989999771118164,14.005000114440918,13.859999656677246,13.949999809265137,99729,0.0,0.0
2023-03-15 14:30:00-04:00,13.949999809265137,14.020000457763672,13.949999809265137,14.0,103988,0.0,0.0
2023-03-15 15:30:00-04:00,14.010000228881836,14.069999694824219,13.9399995803833,14.069999694824219,279649,0.0,0.0
2023-03-16 09:30:00-04:00,14.039999961853027,14.270000457763672,13.979999542236328,14.0649995803833,107310,0.0,0.0
2023-03-16 10:30:00-04:00,14.0600004196167,14.350000381469727,14.055000305175781,14.234999656677246,182230,0.0,0.0
2023-03-16 11:30:00-04:00,14.234999656677246,14.3100004196167,14.1899995803833,14.270000457763672,75149,0.0,0.0
2023-03-16 12:30:00-04:00,14.270000457763672,14.479999542236328,14.229999542236328,14.399999618530273,107690,0.0,0.0
2023-03-16 13:30:00-04:00,14.390000343322754,14.390000343322754,14.25,14.279999732971191,32634,0.0,0.0
2023-03-16 14:30:00-04:00,14.279999732971191,14.359999656677246,14.239999771118164,14.350000381469727,58594,0.0,0.0
2023-03-16 15:30:00-04:00,14.354999542236328,14.470000267028809,14.329999923706055,14.369999885559082,234670,0.0,0.0
2023-03-17 09:30:00-04:00,14.319999694824219,14.369999885559082,14.149999618530273,14.154999732971191,39230,0.0,0.0
2023-03-17 10:30:00-04:00,14.15999984741211,14.1899995803833,14.069999694824219,14.09000015258789,38401,0.0,0.0
2023-03-17 11:30:00-04:00,14.085000038146973,14.199999809265137,14.085000038146973,14.199999809265137,34602,0.0,0.0
2023-03-17 12:30:00-04:00,14.210000038146973,14.239999771118164,14.079999923706055,14.145000457763672,40496,0.0,0.0
2023-03-17 13:30:00-04:00,14.149999618530273,14.220000267028809,14.109999656677246,14.109999656677246,29894,0.0,0.0
2023-03-17 14:30:00-04:00,14.109999656677246,14.180000305175781,14.100000381469727,14.175000190734863,40613,0.0,0.0
2023-03-17 15:30:00-04:00,14.170000076293945,14.25,14.119999885559082,14.229999542236328,128807,0.0,0.0
2023-03-20 09:30:00-04:00,14.229999542236328,14.350000381469727,14.085000038146973,14.3149995803833,67106,0.0,0.0
2023-03-20 10:30:00-04:00,14.324999809265137,14.380000114440918,14.279999732971191,14.329999923706055,59069,0.0,0.0
2023-03-20 11:30:00-04:00,14.329999923706055,14.369999885559082,14.239999771118164,14.350000381469727,54797,0.0,0.0
2023-03-20 12:30:00-04:00,14.34000015258789,14.460000038146973,14.319999694824219,14.449999809265137,51956,0.0,0.0
2023-03-20 13:30:00-04:00,14.449999809265137,14.529999732971191,14.390000343322754,14.4399995803833,65209,0.0,0.0
2023-03-20 14:30:00-04:00,14.4399995803833,14.4399995803833,14.34000015258789,14.380000114440918,77827,0.0,0.0
2023-03-20 15:30:00-04:00,14.369999885559082,14.460000038146973,14.300000190734863,14.420000076293945,262200,0.0,0.0
2023-03-21 09:30:00-04:00,14.600000381469727,14.880000114440918,14.539999961853027,14.789999961853027,72867,0.0,0.0
2023-03-21 10:30:00-04:00,14.800000190734863,14.8100004196167,14.600000381469727,14.649999618530273,57051,0.0,0.0
2023-03-21 11:30:00-04:00,14.65999984741211,14.75,14.649999618530273,14.720000267028809,44373,0.0,0.0
2023-03-21 12:30:00-04:00,14.729999542236328,14.829999923706055,14.710000038146973,14.795000076293945,37233,0.0,0.0
2023-03-21 13:30:00-04:00,14.789999961853027,14.795000076293945,14.680000305175781,14.789999961853027,42779,0.0,0.0
2023-03-21 14:30:00-04:00,14.779999732971191,14.779999732971191,14.649999618530273,14.664999961853027,64995,0.0,0.0
2023-03-21 15:30:00-04:00,14.664999961853027,14.699999809265137,14.604999542236328,14.699999809265137,123889,0.0,0.0
2023-03-22 09:30:00-04:00,14.6899995803833,14.6899995803833,14.520000457763672,14.680000305175781,54377,0.0,0.0
2023-03-22 10:30:00-04:00,14.6899995803833,14.699999809265137,14.630000114440918,14.65999984741211,34272,0.0,0.0
2023-03-22 11:30:00-04:00,14.664999961853027,14.720000267028809,14.630000114440918,14.720000267028809,35555,0.0,0.0
2023-03-22 12:30:00-04:00,14.720000267028809,14.770000457763672,14.66100025177002,14.760000228881836,43603,0.0,0.0
2023-03-22 13:30:00-04:00,14.755000114440918,14.970000267028809,14.710000038146973,14.800000190734863,71075,0.0,0.0
2023-03-22 14:30:00-04:00,14.805000305175781,14.970000267028809,14.770000457763672,14.829999923706055,83668,0.0,0.0
2023-03-22 15:30:00-04:00,14.835000038146973,14.84000015258789,14.630000114440918,14.649999618530273,107518,0.0,0.0
2023-03-23 09:30:00-04:00,14.829999923706055,14.960000038146973,14.6850004196167,14.920000076293945,65128,0.0,0.0
2023-03-23 10:30:00-04:00,14.925000190734863,14.970000267028809,14.845000267028809,14.845000267028809,41381,0.0,0.0
2023-03-23 11:30:00-04:00,14.850000381469727,15.0,14.850000381469727,14.989999771118164,57240,0.0,0.0
2023-03-23 12:30:00-04:00,14.994999885559082,15.024999618530273,14.979999542236328,15.010000228881836,56983,0.0,0.0
2023-03-23 13:30:00-04:00,15.010000228881836,15.020000457763672,14.859999656677246,14.864999771118164,44333,0.0,0.0
2023-03-23 14:30:00-04:00,14.869999885559082,15.0,14.739999771118164,14.875,122820,0.0,0.0
2023-03-23 15:30:00-04:00,14.864999771118164,14.984999656677246,14.859999656677246,14.960000038146973,118404,0.0,0.0
2023-03-24 09:30:00-04:00,14.920000076293945,15.0600004196167,14.899999618530273,15.0600004196167,0,0.0,0.0
2023-03-24 10:30:00-04:00,15.0600004196167,15.085000038146973,14.880000114440918,14.9576997756958,135387,0.0,0.0
2023-03-24 11:30:00-04:00,14.949999809265137,15.015000343322754,14.914999961853027,14.979999542236328,71386,0.0,0.0
2023-03-24 12:30:00-04:00,14.979999542236328,15.005000114440918,14.930000305175781,14.970000267028809,74116,0.0,0.0
2023-03-24 13:30:00-04:00,14.975000381469727,15.0,14.899999618530273,14.9399995803833,65291,0.0,0.0
2023-03-24 14:30:00-04:00,14.949999809265137,15.020000457763672,14.949999809265137,15.020000457763672,67526,0.0,0.0
2023-03-24 15:30:00-04:00,15.020000457763672,15.170000076293945,15.015000343322754,15.140000343322754,135333,0.0,0.0
2023-03-27 09:30:00-04:00,15.289999961853027,15.289999961853027,14.880000114440918,15.210000038146973,94113,0.0,0.0
2023-03-27 10:30:00-04:00,15.20989990234375,15.229999542236328,15.0600004196167,15.100000381469727,50906,0.0,0.0
2023-03-27 11:30:00-04:00,15.095000267028809,15.125,15.029999732971191,15.09000015258789,36935,0.0,0.0
2023-03-27 12:30:00-04:00,15.09000015258789,15.15999984741211,15.079999923706055,15.140000343322754,38200,0.0,0.0
2023-03-27 13:30:00-04:00,15.149999618530273,15.180000305175781,15.079999923706055,15.180000305175781,46001,0.0,0.0
2023-03-27 14:30:00-04:00,15.180000305175781,15.270000457763672,15.180000305175781,15.270000457763672,62298,0.0,0.0
2023-03-27 15:30:00-04:00,15.265000343322754,15.270000457763672,15.119999885559082,15.140000343322754,112473,0.0,0.0
2023-03-28 09:30:00-04:00,15.170000076293945,15.279999732971191,15.020000457763672,15.170000076293945,44286,0.0,0.0
2023-03-28 10:30:00-04:00,15.180000305175781,15.220000267028809,15.109999656677246,15.1899995803833,24398,0.0,0.0
2023-03-28 11:30:00-04:00,15.180000305175781,15.210000038146973,15.074999809265137,15.125,22082,0.0,0.0
2023-03-28 12:30:00-04:00,15.119999885559082,15.180000305175781,15.100000381469727,15.180000305175781,39760,0.0,0.0
2023-03-28 13:30:00-04:00,15.1850004196167,15.210000038146973,15.140000343322754,15.1899995803833,38590,0.0,0.0
2023-03-28 14:30:00-04:00,15.1850004196167,15.449999809265137,15.183699607849121,15.40999984741211,150462,0.0,0.0
2023-03-28 15:30:00-04:00,15.40999984741211,15.420000076293945,15.34000015258789,15.369999885559082,229134,0.0,0.0
2023-03-29 09:30:00-04:00,15.5,15.65999984741211,15.399999618530273,15.475000381469727,77004,0.0,0.0
2023-03-29 10:30:00-04:00,15.470000267028809,15.579999923706055,15.444999694824219,15.569999694824219,66041,0.0,0.0
2023-03-29 11:30:00-04:00,15.529999732971191,15.529999732971191,15.3100004196167,15.319999694824219,195973,0.0,0.0
2023-03-29 12:30:00-04:00,15.300000190734863,15.359999656677246,15.1899995803833,15.1899995803833,50081,0.0,0.0
2023-03-29 13:30:00-04:00,15.1899995803833,15.260000228881836,15.069999694824219,15.19260025024414,50419,0.0,0.0
2023-03-29 14:30:00-04:00,15.194999694824219,15.354999542236328,15.180100440979004,15.25,111002,0.0,0.0
2023-03-29 15:30:00-04:00,15.244999885559082,15.3100004196167,15.225000381469727,15.289999961853027,124294,0.0,0.0
2023-03-30 09:30:00-04:00,15.34000015258789,15.609999656677246,15.180000305175781,15.319999694824219,0,0.0,0.0
2023-03-30 10:30:00-04:00,15.34000015258789,15.5,15.319999694824219,15.479999542236328,31698,0.0,0.0
2023-03-30 11:30:00-04:00,15.475000381469727,15.5649995803833,15.470000267028809,15.470000267028809,39544,0.0,0.0
2023-03-30 12:30:00-04:00,15.470000267028809,15.510000228881836,15.46500015258789,15.489999771118164,22486,0.0,0.0
2023-03-30 13:30:00-04:00,15.489999771118164,15.539999961853027,15.484999656677246,15.529999732971191,26493,0.0,0.0
2023-03-30 14:30:00-04:00,15.529999732971191,15.600000381469727,15.520000457763672,15.585000038146973,45499,0.0,0.0
2023-03-30 15:30:00-04:00,15.595000267028809,15.609999656677246,15.5600004196167,15.5600004196167,66982,0.0,0.0
2023-03-31 09:30:00-04:00,15.609999656677246,15.859999656677246,15.5600004196167,15.84000015258789,0,0.0,0.0
2023-03-31 10:30:00-04:00,15.859999656677246,15.930000305175781,15.850000381469727,15.899999618530273,27233,0.0,0.0
2023-03-31 11:30:00-04:00,15.890000343322754,16.0,15.845000267028809,16.0,23201,0.0,0.0
2023-03-31 12:30:00-04:00,16.0,16.030000686645508,15.98009967803955,16.010000228881836,48251,0.0,0.0
2023-03-31 13:30:00-04:00,16.0,16.059999465942383,15.9399995803833,16.049999237060547,43898,0.0,0.0
2023-03-31 14:30:00-04:00,16.049999237060547,16.079999923706055,15.989999771118164,16.0049991607666,96195,0.0,0.0
2023-03-31 15:30:00-04:00,16.0,16.010000228881836,15.930000305175781,15.930000305175781,125099,0.0,0.0
2023-04-03 09:30:00-04:00,15.789999961853027,15.789999961853027,15.399999618530273,15.6899995803833,87884,0.0,0.0
2023-04-03 10:30:00-04:00,15.6899995803833,15.720000267028809,15.489999771118164,15.520000457763672,73983,0.0,0.0
2023-04-03 11:30:00-04:00,15.510000228881836,15.734999656677246,15.5,15.649999618530273,63647,0.0,0.0
2023-04-03 12:30:00-04:00,15.645000457763672,15.774999618530273,15.640000343322754,15.720000267028809,63903,0.0,0.0
2023-04-03 13:30:00-04:00,15.710000038146973,15.734999656677246,15.65999984741211,15.6899995803833,29286,0.0,0.0
2023-04-03 14:30:00-04:00,15.680000305175781,15.859999656677246,15.670000076293945,15.859999656677246,52150,0.0,0.0
2023-04-03 15:30:00-04:00,15.859999656677246,15.90999984741211,15.800000190734863,15.800000190734863,97009,0.0,0.0
2023-04-04 09:30:00-04:00,15.829999923706055,15.920000076293945,15.720000267028809,15.779999732971191,30015,0.0,0.0
2023-04-04 10:30:00-04:00,15.770000457763672,15.770000457763672,15.5600004196167,15.675000190734863,35530,0.0,0.0
2023-04-04 11:30:00-04:00,15.675000190734863,15.8100004196167,15.675000190734863,15.780099868774414,22922,0.0,0.0
2023-04-04 12:30:00-04:00,15.779999732971191,15.800000190734863,15.739999771118164,15.779999732971191,20543,0.0,0.0
2023-04-04 13:30:00-04:00,15.789999961853027,15.859999656677246,15.720000267028809,15.739999771118164,91304,0.0,0.0
2023-04-04 14:30:00-04:00,15.730999946594238,15.760000228881836,15.699999809265137,15.739999771118164,22837,0.0,0.0
2023-04-04 15:30:00-04:00,15.744999885559082,15.789999961853027,15.720000267028809,15.765000343322754,74936,0.0,0.0
2023-04-05 09:30:00-04:00,15.6899995803833,15.6899995803833,15.520000457763672,15.65999984741211,58158,0.0,0.0
2023-04-05 10:30:00-04:00,15.649999618530273,15.6850004196167,15.350000381469727,15.369999885559082,69854,0.0,0.0
2023-04-05 11:30:00-04:00,15.350000381469727,15.420000076293945,15.335000038146973,15.335000038146973,18114,0.0,0.0
2023-04-05 12:30:00-04:00,15.345000267028809,15.449999809265137,15.345000267028809,15.430000305175781,22674,0.0,0.0
2023-04-05 13:30:00-04:00,15.449999809265137,15.550000190734863,15.40999984741211,15.4399995803833,35971,0.0,0.0
2023-04-05 14:30:00-04:00,15.430000305175781,15.5,15.390000343322754,15.460000038146973,39799,0.0,0.0
2023-04-05 15:30:00-04:00,15.460000038146973,15.5600004196167,15.4399995803833,15.550000190734863,81730,0.0,0.0
2023-04-06 09:30:00-04:00,15.5600004196167,15.600000381469727,15.359999656677246,15.550000190734863,22345,0.0,0.0
2023-04-06 10:30:00-04:00,15.550000190734863,15.609999656677246,15.5,15.5600004196167,17260,0.0,0.0
2023-04-06 11:30:00-04:00,15.539999961853027,15.640000343322754,15.539999961853027,15.585000038146973,12813,0.0,0.0
2023-04-06 12:30:00-04:00,15.59000015258789,15.630000114440918,15.524999618530273,15.541000366210938,14472,0.0,0.0
2023-04-06 13:30:00-04:00,15.550000190734863,15.579999923706055,15.53499984741211,15.579999923706055,13814,0.0,0.0
2023-04-06 14:30:00-04:00,15.585000038146973,15.637999534606934,15.569999694824219,15.619999885559082,35008,0.0,0.0
2023-04-06 15:30:00-04:00,15.609999656677246,15.710000038146973,15.600000381469727,15.699999809265137,76784,0.0,0.0
2023-04-10 09:30:00-04:00,15.859999656677246,15.904999732971191,15.479999542236328,15.850000381469727,0,0.0,0.0
2023-04-10 10:30:00-04:00,15.859999656677246,15.968000411987305,15.859999656677246,15.90999984741211,27552,0.0,0.0
2023-04-10 11:30:00-04:00,15.90999984741211,15.970000267028809,15.859999656677246,15.970000267028809,33191,0.0,0.0
2023-04-10 12:30:00-04:00,15.960000038146973,16.040000915527344,15.954999923706055,15.975000381469727,51881,0.0,0.0
2023-04-10 13:30:00-04:00,15.975000381469727,16.030000686645508,15.859999656677246,15.975000381469727,59476,0.0,0.0
2023-04-10 14:30:00-04:00,15.975000381469727,16.020000457763672,15.975000381469727,15.989999771118164,33757,0.0,0.0
2023-04-10 15:30:00-04:00,16.0,16.1200008392334,15.984999656677246,16.09000015258789,73988,0.0,0.0
2023-04-11 09:30:00-04:00,16.079999923706055,16.290000915527344,15.800000190734863,16.125,0,0.0,0.0
2023-04-11 10:30:00-04:00,16.1200008392334,16.1200008392334,15.930000305175781,16.049999237060547,67660,0.0,0.0
2023-04-11 11:30:00-04:00,16.049999237060547,16.170000076293945,15.998000144958496,16.170000076293945,59378,0.0,0.0
2023-04-11 12:30:00-04:00,16.170000076293945,16.200000762939453,16.1299991607666,16.200000762939453,48075,0.0,0.0
2023-04-11 13:30:00-04:00,16.204999923706055,16.315000534057617,16.139999389648438,16.315000534057617,77039,0.0,0.0
2023-04-11 14:30:00-04:00,16.315000534057617,16.389999389648438,16.280000686645508,16.3799991607666,58185,0.0,0.0
2023-04-11 15:30:00-04:00,16.3799991607666,16.43000030517578,16.34000015258789,16.389999389648438,120779,0.0,0.0
2023-04-12 09:30:00-04:00,16.510000228881836,16.540000915527344,16.309999465942383,16.3700008392334,0,0.0,0.0
2023-04-12 10:30:00-04:00,16.389999389648438,16.395000457763672,16.079999923706055,16.15999984741211,44790,0.0,0.0
2023-04-12 11:30:00-04:00,16.15999984741211,16.19499969482422,16.09000015258789,16.155000686645508,33200,0.0,0.0
2023-04-12 12:30:00-04:00,16.155000686645508,16.260000228881836,16.1299991607666,16.225000381469727,33866,0.0,0.0
2023-04-12 13:30:00-04:00,16.225000381469727,16.2549991607666,16.110000610351562,16.139999389648438,38469,0.0,0.0
2023-04-12 14:30:00-04:00,16.1299991607666,16.165000915527344,16.024999618530273,16.059999465942383,69967,0.0,0.0
2023-04-12 15:30:00-04:00,16.059999465942383,16.100000381469727,15.899999618530273,15.949999809265137,143307,0.0,0.0
2023-04-13 09:30:00-04:00,16.049999237060547,16.229999542236328,16.020000457763672,16.139999389648438,29257,0.0,0.0
2023-04-13 10:30:00-04:00,16.135000228881836,16.15999984741211,16.030000686645508,16.06999969482422,21094,0.0,0.0
2023-04-13 11:30:00-04:00,16.059999465942383,16.100000381469727,15.979999542236328,16.020000457763672,22553,0.0,0.0
2023-04-13 12:30:00-04:00,16.0,16.0,15.859999656677246,15.869999885559082,23705,0.0,0.0
2023-04-13 13:30:00-04:00,15.869999885559082,15.930000305175781,15.84000015258789,15.880000114440918,22667,0.0,0.0
2023-04-13 14:30:00-04:00,15.869999885559082,15.880000114440918,15.779999732971191,15.795000076293945,33198,0.0,0.0
2023-04-13 15:30:00-04:00,15.795000076293945,15.880000114440918,15.760000228881836,15.880000114440918,65235,0.0,0.0
2023-04-14 09:30:00-04:00,15.859999656677246,16.190000534057617,15.829999923706055,15.859999656677246,25802,0.0,0.0
2023-04-14 10:30:00-04:00,15.885000228881836,15.949999809265137,15.84000015258789,15.880000114440918,27040,0.0,0.0
2023-04-14 11:30:00-04:00,15.899999618530273,15.970000267028809,15.829999923706055,15.890000343322754,24232,0.0,0.0
2023-04-14 12:30:00-04:00,15.880000114440918,15.920000076293945,15.829999923706055,15.899999618530273,21528,0.0,0.0
2023-04-14 13:30:00-04:00,15.890000343322754,15.979999542236328,15.885000228881836,15.960000038146973,24638,0.0,0.0
2023-04-14 14:30:00-04:00,15.970000267028809,15.979999542236328,15.8100004196167,15.90999984741211,39138,0.0,0.0
2023-04-14 15:30:00-04:00,15.899999618530273,15.970000267028809,15.880000114440918,15.9399995803833,75596,0.0,0.0
2023-04-17 09:30:00-04:00,15.970000267028809,16.040000915527344,15.829999923706055,15.829999923706055,0,0.0,0.0
2023-04-17 10:30:00-04:00,15.824999809265137,15.979999542236328,15.824999809265137,15.9399995803833,20464,0.0,0.0
2023-04-17 11:30:00-04:00,15.90999984741211,15.949999809265137,15.880000114440918,15.9350004196167,15452,0.0,0.0
2023-04-17 12:30:00-04:00,15.960000038146973,16.110000610351562,15.899999618530273,16.030000686645508,49656,0.0,0.0
2023-04-17 13:30:00-04:00,16.020000457763672,16.040000915527344,15.930000305175781,16.040000915527344,18890,0.0,0.0
2023-04-17 14:30:00-04:00,16.020000457763672,16.06999969482422,15.949999809265137,16.03499984741211,20664,0.0,0.0
2023-04-17 15:30:00-04:00,16.040000915527344,16.06999969482422,15.989999771118164,16.059999465942383,35577,0.0,0.0
2023-04-18 09:30:00-04:00,16.18000030517578,16.260000228881836,15.979999542236328,16.06999969482422,0,0.0,0.0
2023-04-18 10:30:00-04:00,16.045000076293945,16.094999313354492,15.989999771118164,16.030000686645508,18771,0.0,0.0
2023-04-18 11:30:00-04:00,16.03499984741211,16.059999465942383,15.979999542236328,16.049999237060547,14530,0.0,0.0
2023-04-18 12:30:00-04:00,16.06999969482422,16.06999969482422,15.994999885559082,15.994999885559082,12571,0.0,0.0
2023-04-18 13:30:00-04:00,15.989999771118164,16.049999237060547,15.989999771118164,16.040000915527344,42457,0.0,0.0
2023-04-18 14:30:00-04:00,16.040000915527344,16.1200008392334,16.023799896240234,16.1200008392334,29213,0.0,0.0
2023-04-18 15:30:00-04:00,16.1200008392334,16.170000076293945,16.084999084472656,16.100000381469727,62211,0.0,0.0
2023-04-19 09:30:00-04:00,16.110000610351562,16.739999771118164,16.110000610351562,16.479999542236328,0,0.0,0.0
2023-04-19 10:30:00-04:00,16.450000762939453,16.65999984741211,16.40999984741211,16.639999389648438,45270,0.0,0.0
2023-04-19 11:30:00-04:00,16.610000610351562,16.780000686645508,16.59000015258789,16.739999771118164,88364,0.0,0.0
2023-04-19 12:30:00-04:00,16.739999771118164,16.790000915527344,16.70009994506836,16.75,20656,0.0,0.0
2023-04-19 13:30:00-04:00,16.760000228881836,16.809999465942383,16.670000076293945,16.69499969482422,20149,0.0,0.0
2023-04-19 14:30:00-04:00,16.700000762939453,16.700000762939453,16.530000686645508,16.579999923706055,56467,0.0,0.0
2023-04-19 15:30:00-04:00,16.59000015258789,16.649999618530273,16.530000686645508,16.649999618530273,83677,0.0,0.0
2023-04-20 09:30:00-04:00,16.520000457763672,16.799999237060547,16.389999389648438,16.75,27666,0.0,0.0
2023-04-20 10:30:00-04:00,16.750099182128906,16.770000457763672,16.640100479125977,16.68000030517578,37287,0.0,0.0
2023-04-20 11:30:00-04:00,16.68000030517578,16.690000534057617,16.585899353027344,16.635000228881836,19943,0.0,0.0
2023-04-20 12:30:00-04:00,16.635000228881836,16.649999618530273,16.56220054626465,16.600000381469727,19867,0.0,0.0
2023-04-20 13:30:00-04:00,16.600000381469727,16.610000610351562,16.450000762939453,16.469999313354492,36151,0.0,0.0
2023-04-20 14:30:00-04:00,16.479999542236328,16.6200008392334,16.440000534057617,16.579999923706055,60070,0.0,0.0
2023-04-20 15:30:00-04:00,16.59000015258789,16.6299991607666,16.530000686645508,16.549999237060547,80589,0.0,0.0
2023-04-21 09:30:00-04:00,16.579999923706055,16.59000015258789,16.424999237060547,16.59000015258789,0,0.0,0.0
2023-04-21 10:30:00-04:00,16.600000381469727,16.600000381469727,16.540000915527344,16.549999237060547,21781,0.0,0.0
2023-04-21 11:30:00-04:00,16.540000915527344,16.610000610351562,16.520000457763672,16.600000381469727,16187,0.0,0.0
2023-04-21 12:30:00-04:00,16.610000610351562,16.6200008392334,16.584999084472656,16.600000381469727,12692,0.0,0.0
2023-04-21 13:30:00-04:00,16.6200008392334,16.81999969482422,16.610000610351562,16.760000228881836,30359,0.0,0.0
2023-04-21 14:30:00-04:00,16.790000915527344,16.81999969482422,16.68000030517578,16.749000549316406,35681,0.0,0.0
2023-04-21 15:30:00-04:00,16.75,16.760000228881836,16.704999923706055,16.75,42296,0.0,0.0
2023-04-24 09:30:00-04:00,16.68000030517578,16.90999984741211,16.68000030517578,16.760000228881836,0,0.0,0.0
2023-04-24 10:30:00-04:00,16.739999771118164,16.739999771118164,16.489999771118164,16.559999465942383,34453,0.0,0.0
2023-04-24 11:30:00-04:00,16.549999237060547,16.65999984741211,16.530000686645508,16.65999984741211,23416,0.0,0.0
2023-04-24 12:30:00-04:00,16.670000076293945,16.739999771118164,16.670000076293945,16.709999084472656,16393,0.0,0.0
2023-04-24 13:30:00-04:00,16.700000762939453,16.84000015258789,16.684999465942383,16.790000915527344,36137,0.0,0.0
2023-04-24 14:30:00-04:00,16.78499984741211,16.81999969482422,16.739999771118164,16.739999771118164,21683,0.0,0.0
2023-04-24 15:30:00-04:00,16.75,16.809999465942383,16.725000381469727,16.799999237060547,58008,0.0,0.0
2023-04-25 09:30:00-04:00,16.780000686645508,16.8799991607666,16.545000076293945,16.625,0,0.0,0.0
2023-04-25 10:30:00-04:00,16.649999618530273,16.690000534057617,16.600000381469727,16.614999771118164,16315,0.0,0.0
2023-04-25 11:30:00-04:00,16.600000381469727,16.610000610351562,16.459999084472656,16.459999084472656,19085,0.0,0.0
2023-04-25 12:30:00-04:00,16.475000381469727,16.489999771118164,16.350000381469727,16.3700008392334,18546,0.0,0.0
2023-04-25 13:30:00-04:00,16.360000610351562,16.3799991607666,16.309999465942383,16.309999465942383,65105,0.0,0.0
2023-04-25 14:30:00-04:00,16.309999465942383,16.309999465942383,16.010000228881836,16.024999618530273,53734,0.0,0.0
2023-04-25 15:30:00-04:00,16.040000915527344,16.110000610351562,15.930000305175781,15.930000305175781,96770,0.0,0.0
2023-04-26 09:30:00-04:00,16.010000228881836,16.110000610351562,15.960000038146973,16.030000686645508,20429,0.0,0.0
2023-04-26 10:30:00-04:00,16.045000076293945,16.149999618530273,16.010000228881836,16.049999237060547,26853,0.0,0.0
2023-04-26 11:30:00-04:00,16.040000915527344,16.049999237060547,15.979999542236328,16.010000228881836,16635,0.0,0.0
2023-04-26 12:30:00-04:00,15.989999771118164,15.989999771118164,15.890000343322754,15.920000076293945,16172,0.0,0.0
2023-04-26 13:30:00-04:00,15.920000076293945,15.960000038146973,15.914999961853027,15.930000305175781,28696,0.0,0.0
2023-04-26 14:30:00-04:00,15.930000305175781,15.9399995803833,15.619999885559082,15.65999984741211,55196,0.0,0.0
2023-04-26 15:30:00-04:00,15.6673002243042,15.699999809265137,15.5600004196167,15.59000015258789,102564,0.0,0.0
2023-04-27 09:30:00-04:00,15.670000076293945,15.8100004196167,15.569999694824219,15.699999809265137,26590,0.0,0.0
2023-04-27 10:30:00-04:00,15.6899995803833,15.710000038146973,15.59000015258789,15.680000305175781,14507,0.0,0.0
2023-04-27 11:30:00-04:00,15.65999984741211,15.720000267028809,15.609999656677246,15.710000038146973,64921,0.0,0.0
2023-04-27 12:30:00-04:00,15.720000267028809,15.729999542236328,15.699999809265137,15.710000038146973,15489,0.0,0.0
2023-04-27 13:30:00-04:00,15.710000038146973,15.720000267028809,15.545000076293945,15.579899787902832,25251,0.0,0.0
2023-04-27 14:30:00-04:00,15.5649995803833,15.5649995803833,15.460000038146973,15.46500015258789,25010,0.0,0.0
2023-04-27 15:30:00-04:00,15.470000267028809,15.569999694824219,15.460000038146973,15.569999694824219,82765,0.0,0.0
2023-04-28 09:30:00-04:00,15.470000267028809,15.680000305175781,15.399999618530273,15.680000305175781,25533,0.0,0.0
2023-04-28 10:30:00-04:00,15.680000305175781,15.680000305175781,15.5,15.65999984741211,84078,0.0,0.0
2023-04-28 11:30:00-04:00,15.640000343322754,15.680000305175781,15.579999923706055,15.630000114440918,24400,0.0,0.0
2023-04-28 12:30:00-04:00,15.609999656677246,15.619999885559082,15.569000244140625,15.59000015258789,34381,0.0,0.0
2023-04-28 13:30:00-04:00,15.600000381469727,15.600000381469727,15.40999984741211,15.420000076293945,36939,0.0,0.0
2023-04-28 14:30:00-04:00,15.420000076293945,15.479999542236328,15.420000076293945,15.4350004196167,42747,0.0,0.0
2023-04-28 15:30:00-04:00,15.4350004196167,15.4350004196167,15.350000381469727,15.399999618530273,142698,0.0,0.0
2023-05-01 09:30:00-04:00,15.34000015258789,15.614999771118164,15.34000015258789,15.479999542236328,23465,0.0,0.0
2023-05-01 10:30:00-04:00,15.479999542236328,15.729000091552734,15.479999542236328,15.65999984741211,15462,0.0,0.0
2023-05-01 11:30:00-04:00,15.640000343322754,15.770000457763672,15.609999656677246,15.640000343322754,20462,0.0,0.0
2023-05-01 12:30:00-04:00,15.649999618530273,15.670000076293945,15.579999923706055,15.579999923706055,19683,0.0,0.0
2023-05-01 13:30:00-04:00,15.574999809265137,15.579999923706055,15.4399995803833,15.4399995803833,17877,0.0,0.0
2023-05-01 14:30:00-04:00,15.4399995803833,15.545000076293945,15.4399995803833,15.515000343322754,74999,0.0,0.0
2023-05-01 15:30:00-04:00,15.510000228881836,15.529999732971191,15.449999809265137,15.460000038146973,68982,0.0,0.0
2023-05-02 09:30:00-04:00,15.604999542236328,15.604999542236328,15.119999885559082,15.119999885559082,25769,0.0,0.0
2023-05-02 10:30:00-04:00,15.100000381469727,15.100000381469727,14.994999885559082,15.0600004196167,23137,0.0,0.0
2023-05-02 11:30:00-04:00,15.050000190734863,15.109999656677246,15.039999961853027,15.069999694824219,35362,0.0,0.0
2023-05-02 12:30:00-04:00,15.079999923706055,15.079999923706055,14.930000305175781,14.9399995803833,31335,0.0,0.0
2023-05-02 13:30:00-04:00,14.949999809265137,14.970000267028809,14.850000381469727,14.864999771118164,26212,0.0,0.0
2023-05-02 14:30:00-04:00,14.859999656677246,14.970000267028809,14.859999656677246,14.96500015258789,37424,0.0,0.0
2023-05-02 15:30:00-04:00,14.970000267028809,15.069999694824219,14.920000076293945,14.920000076293945,93871,0.0,0.0
2023-05-03 09:30:00-04:00,14.880000114440918,15.0600004196167,14.845000267028809,15.045000076293945,0,0.0,0.0
2023-05-03 10:30:00-04:00,15.045000076293945,15.140000343322754,15.015000343322754,15.130000114440918,21254,0.0,0.0
2023-05-03 11:30:00-04:00,15.130000114440918,15.130000114440918,15.020000457763672,15.029999732971191,20509,0.0,0.0
2023-05-03 12:30:00-04:00,15.039999961853027,15.0600004196167,15.010000228881836,15.039999961853027,22425,0.0,0.0
2023-05-03 13:30:00-04:00,15.045000076293945,15.15999984741211,15.010000228881836,15.140000343322754,24019,0.0,0.0
2023-05-03 14:30:00-04:00,15.125,15.170000076293945,14.930000305175781,14.9399995803833,45816,0.0,0.0
2023-05-03 15:30:00-04:00,14.9350004196167,14.9399995803833,14.739999771118164,14.760000228881836,74882,0.0,0.0
2023-05-04 09:30:00-04:00,14.65999984741211,14.819700241088867,14.449999809265137,14.4975004196167,29408,0.0,0.0
2023-05-04 10:30:00-04:00,14.489999771118164,14.595000267028809,14.449999809265137,14.595000267028809,34328,0.0,0.0
2023-05-04 11:30:00-04:00,14.579999923706055,14.609999656677246,14.460000038146973,14.470000267028809,42432,0.0,0.0
2023-05-04 12:30:00-04:00,14.479999542236328,14.850000381469727,14.329999923706055,14.819999694824219,162700,0.0,0.0
2023-05-04 13:30:00-04:00,14.819999694824219,14.979999542236328,14.760000228881836,14.805000305175781,69990,0.0,0.0
2023-05-04 14:30:00-04:00,14.805000305175781,14.9399995803833,14.789999961853027,14.880000114440918,54828,0.0,0.0
2023-05-04 15:30:00-04:00,14.880000114440918,14.895000457763672,14.600000381469727,14.600000381469727,78853,0.0,0.0
2023-05-05 09:30:00-04:00,13.720000267028809,14.395000457763672,13.015000343322754,14.199999809265137,54976,0.0,0.0
2023-05-05 10:30:00-04:00,14.204999923706055,14.399999618530273,13.960000038146973,14.079999923706055,73533,0.0,0.0
2023-05-05 11:30:00-04:00,14.079999923706055,14.305000305175781,14.029999732971191,14.260000228881836,51565,0.0,0.0
2023-05-05 12:30:00-04:00,14.270000457763672,14.454999923706055,14.25,14.395000457763672,41520,0.0,0.0
2023-05-05 13:30:00-04:00,14.399999618530273,14.420000076293945,14.180000305175781,14.239999771118164,72592,0.0,0.0
2023-05-05 14:30:00-04:00,14.239999771118164,14.369999885559082,14.234999656677246,14.335000038146973,74551,0.0,0.0
2023-05-05 15:30:00-04:00,14.34000015258789,14.369999885559082,14.274999618530273,14.359999656677246,114337,0.0,0.0
2023-05-08 09:30:00-04:00,14.569999694824219,14.680000305175781,14.430000305175781,14.600000381469727,21491,0.0,0.0
2023-05-08 10:30:00-04:00,14.600000381469727,14.640000343322754,14.529999732971191,14.630000114440918,27099,0.0,0.0
2023-05-08 11:30:00-04:00,14.630000114440918,14.720000267028809,14.59000015258789,14.710000038146973,16170,0.0,0.0
2023-05-08 12:30:00-04:00,14.71500015258789,14.71500015258789,14.600000381469727,14.645000457763672,16568,0.0,0.0
2023-05-08 13:30:00-04:00,14.630000114440918,14.720000267028809,14.59000015258789,14.704999923706055,25502,0.0,0.0
2023-05-08 14:30:00-04:00,14.704999923706055,14.8100004196167,14.65999984741211,14.65999984741211,46944,0.0,0.0
2023-05-08 15:30:00-04:00,14.649999618530273,14.6899995803833,14.58080005645752,14.65999984741211,84754,0.0,0.0
2023-05-09 09:30:00-04:00,14.569999694824219,14.6899995803833,14.470000267028809,14.630000114440918,0,0.0,0.0
2023-05-09 10:30:00-04:00,14.600000381469727,14.84000015258789,14.600000381469727,14.710000038146973,29731,0.0,0.0
2023-05-09 11:30:00-04:00,14.710000038146973,14.779999732971191,14.680000305175781,14.720000267028809,26226,0.0,0.0
2023-05-09 12:30:00-04:00,14.725000381469727,14.789999961853027,14.720000267028809,14.779999732971191,22719,0.0,0.0
2023-05-09 13:30:00-04:00,14.770000457763672,14.805000305175781,14.739999771118164,14.760000228881836,24911,0.0,0.0
2023-05-09 14:30:00-04:00,14.755000114440918,14.875,14.755000114440918,14.859999656677246,36983,0.0,0.0
2023-05-09 15:30:00-04:00,14.859999656677246,14.930000305175781,14.819999694824219,14.925000190734863,139740,0.0,0.0
2023-05-10 09:30:00-04:00,15.039999961853027,15.1899995803833,14.6899995803833,15.109999656677246,26774,0.0,0.0
2023-05-10 10:30:00-04:00,15.109999656677246,15.279999732971191,15.020000457763672,15.270000457763672,78623,0.0,0.0
2023-05-10 11:30:00-04:00,15.274999618530273,15.399999618530273,15.260000228881836,15.399999618530273,20073,0.0,0.0
2023-05-10 12:30:00-04:00,15.390000343322754,15.470000267028809,15.199999809265137,15.21500015258789,28670,0.0,0.0
2023-05-10 13:30:00-04:00,15.21500015258789,15.289999961853027,15.199999809265137,15.244999885559082,15120,0.0,0.0
2023-05-10 14:30:00-04:00,15.244999885559082,15.319999694824219,15.210000038146973,15.220000267028809,20519,0.0,0.0
2023-05-10 15:30:00-04:00,15.220000267028809,15.260000228881836,15.199999809265137,15.25,48094,0.0,0.0
2023-05-11 09:30:00-04:00,15.199999809265137,15.25,14.795000076293945,14.930000305175781,0,0.0,0.0
2023-05-11 10:30:00-04:00,14.930000305175781,14.970000267028809,14.8149995803833,14.944999694824219,21573,0.0,0.0
2023-05-11 11:30:00-04:00,14.944999694824219,14.970000267028809,14.890000343322754,14.9399995803833,25179,0.0,0.0
2023-05-11 12:30:00-04:00,14.920000076293945,14.970000267028809,14.90999984741211,14.920000076293945,11471,0.0,0.0
2023-05-11 13:30:00-04:00,14.90999984741211,14.9399995803833,14.84000015258789,14.90999984741211,18277,0.0,0.0
2023-05-11 14:30:00-04:00,14.920000076293945,14.960000038146973,14.904999732971191,14.9399995803833,22475,0.0,0.0
2023-05-11 15:30:00-04:00,14.930000305175781,15.039999961853027,14.899999618530273,15.039999961853027,66064,0.0,0.0
2023-05-12 09:30:00-04:00,14.970000267028809,15.010000228881836,14.84000015258789,14.930000305175781,0,0.0,0.0
2023-05-12 10:30:00-04:00,14.920000076293945,14.989999771118164,14.890000343322754,14.930000305175781,26133,0.0,0.0
2023-05-12 11:30:00-04:00,14.920000076293945,14.930000305175781,14.87399959564209,14.920000076293945,20540,0.0,0.0
2023-05-12 12:30:00-04:00,14.930000305175781,15.010000228881836,14.890000343322754,14.994999885559082,24785,0.0,0.0
2023-05-12 13:30:00-04:00,15.0,15.0,14.869999885559082,14.914999961853027,31628,0.0,0.0
2023-05-12 14:30:00-04:00,14.920000076293945,14.977999687194824,14.90999984741211,14.949999809265137,27782,0.0,0.0
2023-05-12 15:30:00-04:00,14.949999809265137,15.050000190734863,14.9399995803833,15.029999732971191,46775,0.0,0.0
2023-05-15 09:30:00-04:00,15.029999732971191,15.0600004196167,14.90999984741211,15.020000457763672,0,0.0,0.0
2023-05-15 10:30:00-04:00,15.039999961853027,15.140000343322754,15.039999961853027,15.100000381469727,19646,0.0,0.0
2023-05-15 11:30:00-04:00,15.109999656677246,15.170000076293945,15.09000015258789,15.100000381469727,18742,0.0,0.0
2023-05-15 12:30:00-04:00,15.09000015258789,15.140000343322754,15.032400131225586,15.100000381469727,13425,0.0,0.0
2023-05-15 13:30:00-04:00,15.069999694824219,15.1899995803833,15.010000228881836,15.180000305175781,38427,0.0,0.0
2023-05-15 14:30:00-04:00,15.1899995803833,15.300000190734863,15.138999938964844,15.300000190734863,26287,0.0,0.0
2023-05-15 15:30:00-04:00,15.279999732971191,15.3100004196167,15.239999771118164,15.279999732971191,29292,0.0,0.0
2023-05-16 09:30:00-04:00,15.149999618530273,15.229999542236328,15.039999961853027,15.09000015258789,12374,0.0,0.0
2023-05-16 10:30:00-04:00,15.079999923706055,15.175000190734863,15.079999923706055,15.095000267028809,10040,0.0,0.0
2023-05-16 11:30:00-04:00,15.111900329589844,15.170000076293945,15.079999923706055,15.109999656677246,17820,0.0,0.0
2023-05-16 12:30:00-04:00,15.100000381469727,15.109999656677246,15.010000228881836,15.029999732971191,25498,0.0,0.0
2023-05-16 13:30:00-04:00,15.039999961853027,15.119999885559082,15.015000343322754,15.09000015258789,34215,0.0,0.0
2023-05-16 14:30:00-04:00,15.071800231933594,15.119999885559082,15.0649995803833,15.119999885559082,33308,0.0,0.0
2023-05-16 15:30:00-04:00,15.119999885559082,15.15999984741211,15.069999694824219,15.100000381469727,71360,0.0,0.0
2023-05-17 09:30:00-04:00,15.180000305175781,15.257499694824219,15.062999725341797,15.257499694824219,0,0.0,0.0
2023-05-17 10:30:00-04:00,15.220000267028809,15.289999961853027,15.180000305175781,15.210000038146973,9449,0.0,0.0
2023-05-17 11:30:00-04:00,15.227999687194824,15.270000457763672,15.180000305175781,15.225000381469727,19507,0.0,0.0
2023-05-17 12:30:00-04:00,15.23900032043457,15.23900032043457,15.170000076293945,15.210000038146973,22563,0.0,0.0
2023-05-17 13:30:00-04:00,15.229999542236328,15.229999542236328,15.085000038146973,15.154999732971191,30744,0.0,0.0
2023-05-17 14:30:00-04:00,15.145000457763672,15.170000076293945,15.069999694824219,15.069999694824219,26015,0.0,0.0
2023-05-17 15:30:00-04:00,15.069999694824219,15.109999656677246,15.0600004196167,15.0600004196167,40581,0.0,0.0
2023-05-18 09:30:00-04:00,15.069999694824219,15.300000190734863,15.069999694824219,15.199999809265137,16418,0.0,0.0
2023-05-18 10:30:00-04:00,15.170000076293945,15.210000038146973,15.100000381469727,15.149999618530273,9496,0.0,0.0
2023-05-18 11:30:00-04:00,15.140000343322754,15.170000076293945,15.050000190734863,15.050000190734863,18675,0.0,0.0
2023-05-18 12:30:00-04:00,15.0600004196167,15.0649995803833,15.0,15.020000457763672,26334,0.0,0.0
2023-05-18 13:30:00-04:00,15.024999618530273,15.069999694824219,14.989999771118164,15.029999732971191,29727,0.0,0.0
2023-05-18 14:30:00-04:00,15.029999732971191,15.130000114440918,15.010000228881836,15.074999809265137,29002,0.0,0.0
2023-05-18 15:30:00-04:00,15.079999923706055,15.180000305175781,15.079999923706055,15.170000076293945,37230,0.0,0.0
2023-05-19 09:30:00-04:00,15.170000076293945,15.460000038146973,15.170000076293945,15.354999542236328,36433,0.0,0.0
2023-05-19 10:30:00-04:00,15.34000015258789,15.484999656677246,15.329999923706055,15.479999542236328,16853,0.0,0.0
2023-05-19 11:30:00-04:00,15.479999542236328,15.779999732971191,15.470000267028809,15.779999732971191,65530,0.0,0.0
2023-05-19 12:30:00-04:00,15.760000228881836,15.789999961853027,15.600000381469727,15.6899995803833,48124,0.0,0.0
2023-05-19 13:30:00-04:00,15.680000305175781,15.75,15.635000228881836,15.75,15908,0.0,0.0
2023-05-19 14:30:00-04:00,15.74899959564209,15.789999961853027,15.710000038146973,15.770000457763672,40231,0.0,0.0
2023-05-19 15:30:00-04:00,15.765000343322754,15.854999542236328,15.760000228881836,15.8100004196167,40069,0.0,0.0
2023-05-22 09:30:00-04:00,15.9399995803833,16.1200008392334,15.8100004196167,16.114999771118164,0,0.0,0.0
2023-05-22 10:30:00-04:00,16.100000381469727,16.125,16.030000686645508,16.030000686645508,18591,0.0,0.0
2023-05-22 11:30:00-04:00,16.049999237060547,16.18000030517578,16.049999237060547,16.174999237060547,17082,0.0,0.0
2023-05-22 12:30:00-04:00,16.16659927368164,16.209999084472656,16.15999984741211,16.200000762939453,18425,0.0,0.0
2023-05-22 13:30:00-04:00,16.200000762939453,16.309999465942383,16.200000762939453,16.290000915527344,22464,0.0,0.0
2023-05-22 14:30:00-04:00,16.290000915527344,16.375,16.290000915527344,16.315000534057617,66144,0.0,0.0
2023-05-22 15:30:00-04:00,16.31999969482422,16.3799991607666,16.209999084472656,16.360000610351562,92841,0.0,0.0
2023-05-23 09:30:00-04:00,16.3799991607666,16.40999984741211,16.204999923706055,16.280000686645508,391246,0.0,0.0
2023-05-23 10:30:00-04:00,16.280000686645508,16.350000381469727,16.209999084472656,16.25,38171,0.0,0.0
2023-05-23 11:30:00-04:00,16.239999771118164,16.290000915527344,16.030000686645508,16.03499984741211,52980,0.0,0.0
2023-05-23 12:30:00-04:00,16.049999237060547,16.049999237060547,15.800000190734863,15.970000267028809,45731,0.0,0.0
2023-05-23 13:30:00-04:00,15.970000267028809,16.06999969482422,15.90999984741211,16.065000534057617,51825,0.0,0.0
2023-05-23 14:30:00-04:00,16.065000534057617,16.079999923706055,15.904999732971191,15.989999771118164,56738,0.0,0.0
2023-05-23 15:30:00-04:00,15.989999771118164,16.06999969482422,15.970000267028809,16.0,158980,0.0,0.0
2023-05-24 09:30:00-04:00,15.920000076293945,15.930000305175781,15.6850004196167,15.6899995803833,0,0.0,0.0
2023-05-24 10:30:00-04:00,15.664999961853027,15.859999656677246,15.664999961853027,15.84000015258789,22754,0.0,0.0
2023-05-24 11:30:00-04:00,15.850000381469727,15.890000343322754,15.8100004196167,15.875,24754,0.0,0.0
2023-05-24 12:30:00-04:00,15.880000114440918,15.889900207519531,15.829999923706055,15.875,24625,0.0,0.0
2023-05-24 13:30:00-04:00,15.880000114440918,16.0,15.880000114440918,15.979999542236328,32858,0.0,0.0
2023-05-24 14:30:00-04:00,15.970000267028809,16.030000686645508,15.925000190734863,15.979999542236328,115754,0.0,0.0
2023-05-24 15:30:00-04:00,15.979999542236328,16.020000457763672,15.949999809265137,15.960000038146973,122753,0.0,0.0
2023-05-25 09:30:00-04:00,15.989999771118164,16.079999923706055,15.850000381469727,15.925000190734863,0,0.0,0.0
2023-05-25 10:30:00-04:00,15.899999618530273,15.949999809265137,15.680000305175781,15.720000267028809,27517,0.0,0.0
2023-05-25 11:30:00-04:00,15.710000038146973,15.770000457763672,15.609999656677246,15.609999656677246,17512,0.0,0.0
2023-05-25 12:30:00-04:00,15.600000381469727,15.609999656677246,15.3100004196167,15.359999656677246,31644,0.0,0.0
2023-05-25 13:30:00-04:00,15.350000381469727,15.600000381469727,15.34000015258789,15.595000267028809,43114,0.0,0.0
2023-05-25 14:30:00-04:00,15.579999923706055,15.579999923706055,15.425000190734863,15.5600004196167,34138,0.0,0.0
2023-05-25 15:30:00-04:00,15.555000305175781,15.555000305175781,15.420000076293945,15.420000076293945,46044,0.0,0.0
2023-05-26 09:30:00-04:00,15.470000267028809,15.859999656677246,15.470000267028809,15.8100004196167,0,0.0,0.0
2023-05-26 10:30:00-04:00,15.8100004196167,15.859999656677246,15.779999732971191,15.859999656677246,25450,0.0,0.0
2023-05-26 11:30:00-04:00,15.868000030517578,15.960000038146973,15.850000381469727,15.890000343322754,32536,0.0,0.0
2023-05-26 12:30:00-04:00,15.899999618530273,16.040000915527344,15.890000343322754,16.030000686645508,91452,0.0,0.0
2023-05-26 13:30:00-04:00,16.045000076293945,16.09000015258789,15.899999618530273,15.989999771118164,63066,0.0,0.0
2023-05-26 14:30:00-04:00,15.989999771118164,16.010000228881836,15.920000076293945,15.970000267028809,86739,0.0,0.0
2023-05-26 15:30:00-04:00,15.979999542236328,16.0049991607666,15.930000305175781,15.989999771118164,92967,0.0,0.0
2023-05-30 09:30:00-04:00,15.890399932861328,16.2549991607666,15.819999694824219,15.829999923706055,64836,0.0,0.0
2023-05-30 10:30:00-04:00,15.819999694824219,16.030000686645508,15.8100004196167,16.024999618530273,30280,0.0,0.0
2023-05-30 11:30:00-04:00,16.020000457763672,16.059999465942383,15.979999542236328,16.020000457763672,36205,0.0,0.0
2023-05-30 12:30:00-04:00,16.040000915527344,16.09000015258789,15.949999809265137,15.979999542236328,28768,0.0,0.0
2023-05-30 13:30:00-04:00,15.970000267028809,16.014999389648438,15.9399995803833,16.0,30650,0.0,0.0
2023-05-30 14:30:00-04:00,16.0,16.06999969482422,15.949999809265137,15.989999771118164,73835,0.0,0.0
2023-05-30 15:30:00-04:00,15.994999885559082,16.049999237060547,15.949999809265137,15.970000267028809,80027,0.0,0.0
2023-05-31 09:30:00-04:00,15.800000190734863,16.149999618530273,15.800000190734863,15.890000343322754,0,0.0,0.0
2023-05-31 10:30:00-04:00,15.899999618530273,15.960000038146973,15.829999923706055,15.850000381469727,38127,0.0,0.0
2023-05-31 11:30:00-04:00,15.850000381469727,15.989999771118164,15.850000381469727,15.949999809265137,27579,0.0,0.0
2023-05-31 12:30:00-04:00,15.9399995803833,16.0,15.880000114440918,15.960000038146973,35930,0.0,0.0
2023-05-31 13:30:00-04:00,15.979999542236328,16.25,15.970000267028809,16.239999771118164,119430,0.0,0.0
2023-05-31 14:30:00-04:00,16.229999542236328,16.235000610351562,16.04800033569336,16.089000701904297,60532,0.0,0.0
2023-05-31 15:30:00-04:00,16.075000762939453,16.18000030517578,16.040000915527344,16.149999618530273,233842,0.0,0.0
2023-06-01 09:30:00-04:00,15.979999542236328,16.1299991607666,15.739999771118164,16.020000457763672,56555,0.0,0.0
2023-06-01 10:30:00-04:00,16.020000457763672,16.170000076293945,15.989999771118164,16.100000381469727,145357,0.0,0.0
2023-06-01 11:30:00-04:00,16.09000015258789,16.220500946044922,16.065000534057617,16.1200008392334,58583,0.0,0.0
2023-06-01 12:30:00-04:00,16.128799438476562,16.18000030517578,16.03499984741211,16.03499984741211,37066,0.0,0.0
2023-06-01 13:30:00-04:00,15.989999771118164,16.100000381469727,15.819999694824219,15.84000015258789,36721,0.0,0.0
2023-06-01 14:30:00-04:00,15.84000015258789,15.864999771118164,15.779999732971191,15.789999961853027,44412,0.0,0.0
2023-06-01 15:30:00-04:00,15.779999732971191,15.880000114440918,15.744999885559082,15.880000114440918,91849,0.0,0.0
2023-06-02 09:30:00-04:00,15.920000076293945,16.09000015258789,15.841099739074707,15.914999961853027,69729,0.0,0.0
2023-06-02 10:30:00-04:00,15.899999618530273,15.960000038146973,15.859999656677246,15.869999885559082,34867,0.0,0.0
2023-06-02 11:30:00-04:00,15.869999885559082,15.899999618530273,15.779999732971191,15.800000190734863,33560,0.0,0.0
2023-06-02 12:30:00-04:00,15.8100004196167,15.859999656677246,15.779999732971191,15.8149995803833,46722,0.0,0.0
2023-06-02 13:30:00-04:00,15.800000190734863,15.819999694824219,15.71500015258789,15.770000457763672,41007,0.0,0.0
2023-06-02 14:30:00-04:00,15.760000228881836,15.800000190734863,15.710000038146973,15.729999542236328,40994,0.0,0.0
2023-06-02 15:30:00-04:00,15.720000267028809,15.869999885559082,15.699999809265137,15.859999656677246,77309,0.0,0.0
2023-06-05 09:30:00-04:00,15.789999961853027,15.869999885559082,15.5600004196167,15.670000076293945,20028,0.0,0.0
2023-06-05 10:30:00-04:00,15.699999809265137,15.774999618530273,15.630000114440918,15.760000228881836,17408,0.0,0.0
2023-06-05 11:30:00-04:00,15.760000228881836,15.880000114440918,15.739999771118164,15.84000015258789,36283,0.0,0.0
2023-06-05 12:30:00-04:00,15.829999923706055,15.949999809265137,15.789999961853027,15.899999618530273,16214,0.0,0.0
2023-06-05 13:30:00-04:00,15.90999984741211,15.989999771118164,15.869999885559082,15.975000381469727,19906,0.0,0.0
2023-06-05 14:30:00-04:00,15.960000038146973,16.0049991607666,15.880000114440918,15.93589973449707,28512,0.0,0.0
2023-06-05 15:30:00-04:00,15.960000038146973,15.979999542236328,15.90999984741211,15.960000038146973,41059,0.0,0.0
2023-06-06 09:30:00-04:00,15.859999656677246,16.134700775146484,15.859999656677246,16.09000015258789,15695,0.0,0.0
2023-06-06 10:30:00-04:00,16.079999923706055,16.313400268554688,16.040000915527344,16.2450008392334,24678,0.0,0.0
2023-06-06 11:30:00-04:00,16.239999771118164,16.399999618530273,16.235000610351562,16.359100341796875,17328,0.0,0.0
2023-06-06 12:30:00-04:00,16.3700008392334,16.43000030517578,16.309999465942383,16.399999618530273,38080,0.0,0.0
2023-06-06 13:30:00-04:00,16.399999618530273,16.5,16.3700008392334,16.40999984741211,31291,0.0,0.0
2023-06-06 14:30:00-04:00,16.40999984741211,16.43000030517578,16.299999237060547,16.350000381469727,63491,0.0,0.0
2023-06-06 15:30:00-04:00,16.360000610351562,16.389999389648438,16.31999969482422,16.389999389648438,70162,0.0,0.0
2023-06-07 09:30:00-04:00,16.40999984741211,16.670000076293945,16.40999984741211,16.670000076293945,62416,0.0,0.0
2023-06-07 10:30:00-04:00,16.670000076293945,16.809999465942383,16.625,16.700000762939453,46779,0.0,0.0
2023-06-07 11:30:00-04:00,16.690000534057617,16.700000762939453,16.565000534057617,16.575000762939453,37872,0.0,0.0
2023-06-07 12:30:00-04:00,16.559999465942383,16.684999465942383,16.549999237060547,16.549999237060547,38436,0.0,0.0
2023-06-07 13:30:00-04:00,16.540000915527344,16.655000686645508,16.520000457763672,16.6200008392334,27449,0.0,0.0
2023-06-07 14:30:00-04:00,16.610000610351562,16.670000076293945,16.59000015258789,16.639999389648438,32832,0.0,0.0
2023-06-07 15:30:00-04:00,16.639999389648438,16.65999984741211,16.290000915527344,16.549999237060547,66405,0.0,0.0
2023-06-08 09:30:00-04:00,16.479999542236328,16.559999465942383,16.290000915527344,16.524999618530273,0,0.0,0.0
2023-06-08 10:30:00-04:00,16.549999237060547,16.579999923706055,16.459999084472656,16.530000686645508,12898,0.0,0.0
2023-06-08 11:30:00-04:00,16.524999618530273,16.540000915527344,16.360000610351562,16.389999389648438,19647,0.0,0.0
2023-06-08 12:30:00-04:00,16.389999389648438,16.389999389648438,16.280000686645508,16.344999313354492,11375,0.0,0.0
2023-06-08 13:30:00-04:00,16.34000015258789,16.420000076293945,16.329999923706055,16.420000076293945,19712,0.0,0.0
2023-06-08 14:30:00-04:00,16.424999237060547,16.475000381469727,16.40999984741211,16.469999313354492,20406,0.0,0.0
2023-06-08 15:30:00-04:00,16.459999084472656,16.459999084472656,16.329999923706055,16.329999923706055,54353,0.0,0.0
2023-06-09 09:30:00-04:00,16.3799991607666,16.5,16.30500030517578,16.440000534057617,18205,0.0,0.0
2023-06-09 10:30:00-04:00,16.420000076293945,16.450000762939453,16.270000457763672,16.270000457763672,13261,0.0,0.0
2023-06-09 11:30:00-04:00,16.229999542236328,16.389999389648438,16.190000534057617,16.3700008392334,22433,0.0,0.0
2023-06-09 12:30:00-04:00,16.395000457763672,16.40959930419922,16.33009910583496,16.3799991607666,11960,0.0,0.0
2023-06-09 13:30:00-04:00,16.3799991607666,16.479999542236328,16.319599151611328,16.440000534057617,28830,0.0,0.0
2023-06-09 14:30:00-04:00,16.450000762939453,16.485000610351562,16.440000534057617,16.454999923706055,24609,0.0,0.0
2023-06-09 15:30:00-04:00,16.459999084472656,16.489999771118164,16.440000534057617,16.489999771118164,34109,0.0,0.0
2023-06-12 09:30:00-04:00,16.56999969482422,16.639999389648438,16.459999084472656,16.510000228881836,14845,0.0,0.0
2023-06-12 10:30:00-04:00,16.51759910583496,16.610000610351562,16.440000534057617,16.450000762939453,23761,0.0,0.0
2023-06-12 11:30:00-04:00,16.459999084472656,16.540000915527344,16.43000030517578,16.459999084472656,19796,0.0,0.0
2023-06-12 12:30:00-04:00,16.469999313354492,16.540000915527344,16.459999084472656,16.459999084472656,21765,0.0,0.0
2023-06-12 13:30:00-04:00,16.450000762939453,16.5,16.44499969482422,16.469999313354492,18277,0.0,0.0
2023-06-12 14:30:00-04:00,16.469999313354492,16.469999313354492,16.420000076293945,16.450000762939453,24269,0.0,0.0
2023-06-12 15:30:00-04:00,16.459999084472656,16.549999237060547,16.459999084472656,16.549999237060547,42548,0.0,0.0
2023-06-13 09:30:00-04:00,16.6299991607666,16.639999389648438,16.450000762939453,16.520000457763672,32791,0.0,0.0
2023-06-13 10:30:00-04:00,16.520000457763672,16.530000686645508,16.440000534057617,16.510000228881836,25106,0.0,0.0
2023-06-13 11:30:00-04:00,16.53499984741211,16.56999969482422,16.5,16.5,15544,0.0,0.0
2023-06-13 12:30:00-04:00,16.520000457763672,16.584999084472656,16.489999771118164,16.540000915527344,18937,0.0,0.0
2023-06-13 13:30:00-04:00,16.559999465942383,16.600000381469727,16.5,16.510000228881836,19701,0.0,0.0
2023-06-13 14:30:00-04:00,16.510000228881836,16.59000015258789,16.503299713134766,16.575000762939453,24887,0.0,0.0
2023-06-13 15:30:00-04:00,16.579999923706055,16.700000762939453,16.530000686645508,16.700000762939453,81081,0.0,0.0
2023-06-14 09:30:00-04:00,16.68000030517578,16.790000915527344,16.559999465942383,16.639999389648438,34280,0.0,0.0
2023-06-14 10:30:00-04:00,16.649999618530273,16.68000030517578,16.610000610351562,16.649999618530273,21519,0.0,0.0
2023-06-14 11:30:00-04:00,16.65999984741211,16.65999984741211,16.5,16.510000228881836,16120,0.0,0.0
2023-06-14 12:30:00-04:00,16.510000228881836,16.530000686645508,16.469999313354492,16.5,14371,0.0,0.0
2023-06-14 13:30:00-04:00,16.489999771118164,16.5,16.344999313354492,16.389999389648438,24844,0.0,0.0
2023-06-14 14:30:00-04:00,16.3799991607666,16.5,16.350000381469727,16.420000076293945,34861,0.0,0.0
2023-06-14 15:30:00-04:00,16.40999984741211,16.469999313354492,16.329999923706055,16.3700008392334,81588,0.0,0.0
2023-06-15 09:30:00-04:00,16.239999771118164,16.6299991607666,16.239999771118164,16.6299991607666,24674,0.0,0.0
2023-06-15 10:30:00-04:00,16.6299991607666,16.68000030517578,16.350000381469727,16.575000762939453,35137,0.0,0.0
2023-06-15 11:30:00-04:00,16.575000762939453,16.809999465942383,16.575000762939453,16.795000076293945,38232,0.0,0.0
2023-06-15 12:30:00-04:00,16.809999465942383,16.860000610351562,16.739999771118164,16.780000686645508,56601,0.0,0.0
2023-06-15 13:30:00-04:00,16.75,16.760000228881836,16.639999389648438,16.65999984741211,28432,0.0,0.0
2023-06-15 14:30:00-04:00,16.65999984741211,16.68000030517578,16.600000381469727,16.610000610351562,32547,0.0,0.0
2023-06-15 15:30:00-04:00,16.6200008392334,16.65999984741211,16.540000915527344,16.549999237060547,144740,0.0,0.0
2023-06-16 09:30:00-04:00,16.0,16.100000381469727,15.539999961853027,15.789999961853027,517144,0.0,0.0
2023-06-16 10:30:00-04:00,15.770000457763672,15.899999618530273,15.569999694824219,15.569999694824219,136149,0.0,0.0
2023-06-16 11:30:00-04:00,15.569999694824219,15.84000015258789,15.5,15.770000457763672,186566,0.0,0.0
2023-06-16 12:30:00-04:00,15.765000343322754,15.84000015258789,15.737500190734863,15.819999694824219,180685,0.0,0.0
2023-06-16 13:30:00-04:00,15.8100004196167,15.84000015258789,15.729999542236328,15.729999542236328,87060,0.0,0.0
2023-06-16 14:30:00-04:00,15.720000267028809,15.84000015258789,15.6899995803833,15.789999961853027,293655,0.0,0.0
2023-06-16 15:30:00-04:00,15.800000190734863,15.930000305175781,15.760000228881836,15.869999885559082,630980,0.0,0.0
2023-06-20 09:30:00-04:00,15.75,16.040000915527344,15.75,15.8100004196167,92177,0.0,0.0
2023-06-20 10:30:00-04:00,15.8100004196167,15.904999732971191,15.710000038146973,15.895000457763672,83751,0.0,0.0
2023-06-20 11:30:00-04:00,15.895000457763672,15.979999542236328,15.75,15.760000228881836,86239,0.0,0.0
2023-06-20 12:30:00-04:00,15.760000228881836,15.760000228881836,15.59000015258789,15.614999771118164,72288,0.0,0.0
2023-06-20 13:30:00-04:00,15.600000381469727,15.630000114440918,15.550000190734863,15.579999923706055,64829,0.0,0.0
2023-06-20 14:30:00-04:00,15.59000015258789,15.609999656677246,15.5,15.545000076293945,121215,0.0,0.0
2023-06-20 15:30:00-04:00,15.545000076293945,15.779999732971191,15.470000267028809,15.489999771118164,511882,0.0,0.0
2023-06-21 09:30:00-04:00,15.550000190734863,15.699999809265137,15.520000457763672,15.614999771118164,76878,0.0,0.0
2023-06-21 10:30:00-04:00,15.640000343322754,15.65999984741211,15.470000267028809,15.619999885559082,57224,0.0,0.0
2023-06-21 11:30:00-04:00,15.600000381469727,15.600000381469727,15.515000343322754,15.529999732971191,60009,0.0,0.0
2023-06-21 12:30:00-04:00,15.529999732971191,15.579999923706055,15.510000228881836,15.545000076293945,58364,0.0,0.0
2023-06-21 13:30:00-04:00,15.5600004196167,15.65999984741211,15.489999771118164,15.654999732971191,95713,0.0,0.0
2023-06-21 14:30:00-04:00,15.65999984741211,15.670000076293945,15.595000267028809,15.604999542236328,81116,0.0,0.0
2023-06-21 15:30:00-04:00,15.604999542236328,15.649999618530273,15.569999694824219,15.59000015258789,174182,0.0,0.0
2023-06-22 09:30:00-04:00,15.529999732971191,15.630000114440918,15.470000267028809,15.5600004196167,51296,0.0,0.0
2023-06-22 10:30:00-04:00,15.545000076293945,15.579999923706055,15.510000228881836,15.5625,68233,0.0,0.0
2023-06-22 11:30:00-04:00,15.550000190734863,15.609999656677246,15.50100040435791,15.569999694824219,48236,0.0,0.0
2023-06-22 12:30:00-04:00,15.56190013885498,15.59000015258789,15.520000457763672,15.569999694824219,47973,0.0,0.0
2023-06-22 13:30:00-04:00,15.569999694824219,15.59000015258789,15.550000190734863,15.59000015258789,42633,0.0,0.0
2023-06-22 14:30:00-04:00,15.600000381469727,15.600000381469727,15.5600004196167,15.579999923706055,39617,0.0,0.0
2023-06-22 15:30:00-04:00,15.579999923706055,15.600000381469727,15.539999961853027,15.5600004196167,104026,0.0,0.0
2023-06-23 09:30:00-04:00,15.390000343322754,15.600000381469727,15.390000343322754,15.5600004196167,48847,0.0,0.0
2023-06-23 10:30:00-04:00,15.5600004196167,15.699999809265137,15.550000190734863,15.6850004196167,203890,0.0,0.0
2023-06-23 11:30:00-04:00,15.680000305175781,15.75,15.65999984741211,15.75,124041,0.0,0.0
2023-06-23 12:30:00-04:00,15.75,15.800000190734863,15.710000038146973,15.800000190734863,338335,0.0,0.0
2023-06-23 13:30:00-04:00,15.800000190734863,15.8100004196167,15.760000228881836,15.800000190734863,147470,0.0,0.0
2023-06-23 14:30:00-04:00,15.800000190734863,15.800000190734863,15.739999771118164,15.789999961853027,171558,0.0,0.0
2023-06-23 15:30:00-04:00,15.78499984741211,15.800000190734863,15.75,15.770000457763672,349660,0.0,0.0
2023-06-26 09:30:00-04:00,15.710000038146973,15.850000381469727,15.579999923706055,15.600000381469727,99724,0.0,0.0
2023-06-26 10:30:00-04:00,15.609999656677246,15.640000343322754,15.529999732971191,15.569999694824219,81844,0.0,0.0
2023-06-26 11:30:00-04:00,15.569999694824219,15.619999885559082,15.479999542236328,15.479999542236328,88917,0.0,0.0
2023-06-26 12:30:00-04:00,15.46500015258789,15.579999923706055,15.40999984741211,15.569999694824219,52125,0.0,0.0
2023-06-26 13:30:00-04:00,15.569999694824219,15.579999923706055,15.470000267028809,15.489999771118164,32127,0.0,0.0
2023-06-26 14:30:00-04:00,15.494999885559082,15.520000457763672,15.479999542236328,15.510000228881836,59996,0.0,0.0
2023-06-26 15:30:00-04:00,15.510000228881836,15.569999694824219,15.510000228881836,15.5600004196167,133140,0.0,0.0
2023-06-27 09:30:00-04:00,15.600000381469727,15.774999618530273,15.510000228881836,15.699999809265137,82491,0.0,0.0
2023-06-27 10:30:00-04:00,15.704999923706055,15.75,15.640000343322754,15.75,61954,0.0,0.0
2023-06-27 11:30:00-04:00,15.744999885559082,15.850000381469727,15.739999771118164,15.84000015258789,85004,0.0,0.0
2023-06-27 12:30:00-04:00,15.84000015258789,15.850000381469727,15.8100004196167,15.84000015258789,33960,0.0,0.0
2023-06-27 13:30:00-04:00,15.829999923706055,15.890000343322754,15.829999923706055,15.880000114440918,71815,0.0,0.0
2023-06-27 14:30:00-04:00,15.880000114440918,15.899999618530273,15.789999961853027,15.850000381469727,112250,0.0,0.0
2023-06-27 15:30:00-04:00,15.850000381469727,15.850000381469727,15.699999809265137,15.8100004196167,163145,0.0,0.0
2023-06-28 09:30:00-04:00,15.8100004196167,15.899999618530273,15.760000228881836,15.885000228881836,85595,0.0,0.0
2023-06-28 10:30:00-04:00,15.890000343322754,15.899999618530273,15.739999771118164,15.770000457763672,48638,0.0,0.0
2023-06-28 11:30:00-04:00,15.760000228881836,15.8100004196167,15.720000267028809,15.75,62629,0.0,0.0
2023-06-28 12:30:00-04:00,15.755000114440918,15.755000114440918,15.664999961853027,15.729999542236328,42636,0.0,0.0
2023-06-28 13:30:00-04:00,15.720000267028809,15.819999694824219,15.720000267028809,15.78499984741211,42765,0.0,0.0
2023-06-28 14:30:00-04:00,15.779999732971191,15.855299949645996,15.75,15.795000076293945,62724,0.0,0.0
2023-06-28 15:30:00-04:00,15.789999961853027,15.850000381469727,15.710000038146973,15.850000381469727,95588,0.0,0.0
2023-06-29 09:30:00-04:00,15.869999885559082,15.920000076293945,15.8100004196167,15.869999885559082,39111,0.0,0.0
2023-06-29 10:30:00-04:00,15.859999656677246,15.869999885559082,15.789999961853027,15.850000381469727,20215,0.0,0.0
2023-06-29 11:30:00-04:00,15.859999656677246,15.859999656677246,15.770000457763672,15.789999961853027,17984,0.0,0.0
2023-06-29 12:30:00-04:00,15.78499984741211,15.920000076293945,15.78499984741211,15.920000076293945,40522,0.0,0.0
2023-06-29 13:30:00-04:00,15.90999984741211,15.930000305175781,15.6899995803833,15.6899995803833,147359,0.0,0.0
2023-06-29 14:30:00-04:00,15.6899995803833,15.885000228881836,15.670000076293945,15.850000381469727,67629,0.0,0.0
2023-06-29 15:30:00-04:00,15.850000381469727,15.899999618530273,15.850000381469727,15.895000457763672,59346,0.0,0.0
2023-06-30 09:30:00-04:00,15.899999618530273,15.949999809265137,15.8100004196167,15.944999694824219,22869,0.0,0.0
2023-06-30 10:30:00-04:00,15.949999809265137,15.949999809265137,15.800000190734863,15.850000381469727,26368,0.0,0.0
2023-06-30 11:30:00-04:00,15.819999694824219,15.84000015258789,15.779999732971191,15.819999694824219,17944,0.0,0.0
2023-06-30 12:30:00-04:00,15.819999694824219,15.899999618530273,15.8100004196167,15.864999771118164,13857,0.0,0.0
2023-06-30 13:30:00-04:00,15.869999885559082,15.899999618530273,15.84000015258789,15.885000228881836,25134,0.0,0.0
2023-06-30 14:30:00-04:00,15.880000114440918,15.880000114440918,15.800000190734863,15.845000267028809,24800,0.0,0.0
2023-06-30 15:30:00-04:00,15.845000267028809,15.890000343322754,15.835000038146973,15.890000343322754,82394,0.0,0.0
2023-07-03 09:30:00-04:00,15.859999656677246,15.890000343322754,15.800000190734863,15.8100004196167,12896,0.0,0.0
2023-07-03 10:30:00-04:00,15.800000190734863,15.824999809265137,15.729999542236328,15.729999542236328,21398,0.0,0.0
2023-07-03 11:30:00-04:00,15.729999542236328,15.779999732971191,15.704999923706055,15.770000457763672,21359,0.0,0.0
2023-07-05 09:30:00-04:00,15.680000305175781,15.800000190734863,15.529999732971191,15.670000076293945,24375,0.0,0.0
2023-07-05 10:30:00-04:00,15.6850004196167,15.710000038146973,15.649999618530273,15.654999732971191,29176,0.0,0.0
2023-07-05 11:30:00-04:00,15.65999984741211,15.6899995803833,15.579999923706055,15.640000343322754,17000,0.0,0.0
2023-07-05 12:30:00-04:00,15.649999618530273,15.65999984741211,15.600000381469727,15.630000114440918,16601,0.0,0.0
2023-07-05 13:30:00-04:00,15.630000114440918,15.649999618530273,15.550000190734863,15.59000015258789,25677,0.0,0.0
2023-07-05 14:30:00-04:00,15.600000381469727,15.65999984741211,15.539999961853027,15.5600004196167,27786,0.0,0.0
2023-07-05 15:30:00-04:00,15.5600004196167,15.640000343322754,15.550000190734863,15.59000015258789,72813,0.0,0.0
2023-07-06 09:30:00-04:00,15.369999885559082,15.444999694824219,15.290800094604492,15.295000076293945,46459,0.0,0.0
2023-07-06 10:30:00-04:00,15.300000190734863,15.390000343322754,15.279999732971191,15.380000114440918,70633,0.0,0.0
2023-07-06 11:30:00-04:00,15.390000343322754,15.404999732971191,15.34000015258789,15.359999656677246,49643,0.0,0.0
2023-07-06 12:30:00-04:00,15.359999656677246,15.489999771118164,15.350000381469727,15.460000038146973,24568,0.0,0.0
2023-07-06 13:30:00-04:00,15.449999809265137,15.479999542236328,15.420000076293945,15.4350004196167,27411,0.0,0.0
2023-07-06 14:30:00-04:00,15.4399995803833,15.489999771118164,15.4399995803833,15.489999771118164,33097,0.0,0.0
2023-07-06 15:30:00-04:00,15.479999542236328,15.479999542236328,15.390000343322754,15.460000038146973,74003,0.0,0.0
2023-07-07 09:30:00-04:00,15.369999885559082,15.609999656677246,15.350000381469727,15.489999771118164,37289,0.0,0.0
2023-07-07 10:30:00-04:00,15.479999542236328,15.5,15.460000038146973,15.460000038146973,13550,0.0,0.0
2023-07-07 11:30:00-04:00,15.449999809265137,15.449999809265137,15.364999771118164,15.380000114440918,14556,0.0,0.0
2023-07-07 12:30:00-04:00,15.399999618530273,15.449999809265137,15.380000114440918,15.425000190734863,18336,0.0,0.0
2023-07-07 13:30:00-04:00,15.420000076293945,15.430000305175781,15.380000114440918,15.420000076293945,12743,0.0,0.0
2023-07-07 14:30:00-04:00,15.420000076293945,15.5,15.399999618530273,15.489999771118164,71457,0.0,0.0
2023-07-07 15:30:00-04:00,15.479999542236328,15.505000114440918,15.40999984741211,15.430000305175781,31799,0.0,0.0
2023-07-10 09:30:00-04:00,15.404000282287598,15.5600004196167,15.350000381469727,15.550000190734863,25329,0.0,0.0
2023-07-10 10:30:00-04:00,15.5600004196167,15.609999656677246,15.53499984741211,15.59000015258789,24467,0.0,0.0
2023-07-10 11:30:00-04:00,15.595000267028809,15.65999984741211,15.579999923706055,15.649999618530273,16636,0.0,0.0
2023-07-10 12:30:00-04:00,15.640000343322754,15.710000038146973,15.635000228881836,15.699999809265137,44262,0.0,0.0
2023-07-10 13:30:00-04:00,15.699999809265137,15.710000038146973,15.654999732971191,15.699999809265137,19632,0.0,0.0
2023-07-10 14:30:00-04:00,15.6899995803833,15.6899995803833,15.600000381469727,15.619999885559082,75321,0.0,0.0
2023-07-10 15:30:00-04:00,15.619999885559082,15.670000076293945,15.585000038146973,15.65999984741211,113425,0.0,0.0
2023-07-11 09:30:00-04:00,15.65999984741211,15.725000381469727,15.612000465393066,15.725000381469727,24345,0.0,0.0
2023-07-11 10:30:00-04:00,15.75,15.789999961853027,15.710000038146973,15.75,24182,0.0,0.0
2023-07-11 11:30:00-04:00,15.760000228881836,15.789999961853027,15.75,15.765000343322754,24742,0.0,0.0
2023-07-11 12:30:00-04:00,15.770000457763672,15.789999961853027,15.739999771118164,15.755000114440918,38182,0.0,0.0
2023-07-11 13:30:00-04:00,15.755000114440918,15.869999885559082,15.755000114440918,15.869999885559082,124354,0.0,0.0
2023-07-11 14:30:00-04:00,15.880000114440918,15.989999771118164,15.82040023803711,15.960000038146973,159467,0.0,0.0
2023-07-11 15:30:00-04:00,15.960000038146973,15.989999771118164,15.949999809265137,15.989999771118164,218371,0.0,0.0
2023-07-12 09:30:00-04:00,16.15999984741211,16.209999084472656,16.06999969482422,16.19499969482422,87306,0.0,0.0
2023-07-12 10:30:00-04:00,16.190000534057617,16.270000457763672,16.18000030517578,16.260000228881836,86714,0.0,0.0
2023-07-12 11:30:00-04:00,16.270000457763672,16.270000457763672,16.225000381469727,16.264999389648438,37286,0.0,0.0
2023-07-12 12:30:00-04:00,16.270000457763672,16.270000457763672,16.239999771118164,16.252500534057617,44668,0.0,0.0
2023-07-12 13:30:00-04:00,16.260000228881836,16.350000381469727,16.260000228881836,16.350000381469727,205054,0.0,0.0
2023-07-12 14:30:00-04:00,16.344999313354492,16.350000381469727,16.299999237060547,16.315000534057617,87191,0.0,0.0
2023-07-12 15:30:00-04:00,16.315000534057617,16.350000381469727,16.299999237060547,16.350000381469727,179780,0.0,0.0
2023-07-13 09:30:00-04:00,16.43000030517578,16.549999237060547,16.290000915527344,16.520000457763672,137180,0.0,0.0
2023-07-13 10:30:00-04:00,16.540000915527344,16.579999923706055,16.510000228881836,16.579999923706055,87432,0.0,0.0
2023-07-13 11:30:00-04:00,16.59000015258789,16.700000762939453,16.579999923706055,16.700000762939453,42772,0.0,0.0
2023-07-13 12:30:00-04:00,16.700000762939453,16.700000762939453,16.649999618530273,16.69499969482422,35169,0.0,0.0
2023-07-13 13:30:00-04:00,16.69499969482422,16.700000762939453,16.68000030517578,16.684999465942383,54634,0.0,0.0
2023-07-13 14:30:00-04:00,16.690000534057617,16.700000762939453,16.6299991607666,16.698999404907227,112442,0.0,0.0
2023-07-13 15:30:00-04:00,16.690000534057617,16.700000762939453,16.635000228881836,16.684999465942383,139176,0.0,0.0
2023-07-14 09:30:00-04:00,16.610000610351562,16.809999465942383,16.610000610351562,16.7549991607666,0,0.0,0.0
2023-07-14 10:30:00-04:00,16.7450008392334,16.795000076293945,16.65999984741211,16.75,78514,0.0,0.0
2023-07-14 11:30:00-04:00,16.760000228881836,16.799999237060547,16.729999542236328,16.799999237060547,52900,0.0,0.0
2023-07-14 12:30:00-04:00,16.795000076293945,16.84000015258789,16.770000457763672,16.780000686645508,193692,0.0,0.0
2023-07-14 13:30:00-04:00,16.774999618530273,16.799999237060547,16.719999313354492,16.764999389648438,71958,0.0,0.0
2023-07-14 14:30:00-04:00,16.770000457763672,16.780000686645508,16.670000076293945,16.704999923706055,78811,0.0,0.0
2023-07-14 15:30:00-04:00,16.709999084472656,16.735000610351562,16.68000030517578,16.690000534057617,86594,0.0,0.0
2023-07-17 09:30:00-04:00,16.729999542236328,16.799999237060547,16.700000762939453,16.760000228881836,69878,0.0,0.0
2023-07-17 10:30:00-04:00,16.760000228881836,16.81999969482422,16.760000228881836,16.81999969482422,46238,0.0,0.0
2023-07-17 11:30:00-04:00,16.81999969482422,16.8700008392334,16.799999237060547,16.8700008392334,124155,0.0,0.0
2023-07-17 12:30:00-04:00,16.8700008392334,16.950000762939453,16.829999923706055,16.950000762939453,579907,0.0,0.0
2023-07-17 13:30:00-04:00,16.950000762939453,16.950000762939453,16.8799991607666,16.90999984741211,45598,0.0,0.0
2023-07-17 14:30:00-04:00,16.899999618530273,16.920000076293945,16.850000381469727,16.899999618530273,58343,0.0,0.0
2023-07-17 15:30:00-04:00,16.889999389648438,16.90999984741211,16.829999923706055,16.885000228881836,140428,0.0,0.0
2023-07-18 09:30:00-04:00,16.940000534057617,17.0,16.850000381469727,16.90999984741211,36833,0.0,0.0
2023-07-18 10:30:00-04:00,16.899999618530273,16.940000534057617,16.8700008392334,16.899999618530273,18409,0.0,0.0
2023-07-18 11:30:00-04:00,16.899999618530273,16.959999084472656,16.899999618530273,16.920000076293945,38361,0.0,0.0
2023-07-18 12:30:00-04:00,16.90999984741211,16.90999984741211,16.81999969482422,16.8799991607666,39108,0.0,0.0
2023-07-18 13:30:00-04:00,16.8799991607666,16.920000076293945,16.85099983215332,16.899999618530273,31114,0.0,0.0
2023-07-18 14:30:00-04:00,16.899999618530273,16.940000534057617,16.8700008392334,16.90999984741211,35807,0.0,0.0
2023-07-18 15:30:00-04:00,16.90999984741211,16.93000030517578,16.8799991607666,16.920000076293945,56718,0.0,0.0
2023-07-19 09:30:00-04:00,17.0,17.030000686645508,16.940000534057617,16.9950008392334,0,0.0,0.0
2023-07-19 10:30:00-04:00,17.0,17.049999237060547,16.959999084472656,17.049999237060547,42285,0.0,0.0
2023-07-19 11:30:00-04:00,17.049999237060547,17.049999237060547,16.975000381469727,17.0,74956,0.0,0.0
2023-07-19 12:30:00-04:00,17.010000228881836,17.010000228881836,16.920000076293945,16.969999313354492,29388,0.0,0.0
2023-07-19 13:30:00-04:00,16.969999313354492,17.0,16.940000534057617,16.96500015258789,41688,0.0,0.0
2023-07-19 14:30:00-04:00,16.969999313354492,17.049999237060547,16.969999313354492,17.040000915527344,61529,0.0,0.0
2023-07-19 15:30:00-04:00,17.03499984741211,17.049999237060547,17.010000228881836,17.03499984741211,73402,0.0,0.0
2023-07-20 09:30:00-04:00,17.049999237060547,17.1200008392334,17.0,17.06999969482422,36283,0.0,0.0
2023-07-20 10:30:00-04:00,17.059999465942383,17.219999313354492,17.020000457763672,17.209999084472656,257127,0.0,0.0
2023-07-20 11:30:00-04:00,17.229999542236328,17.229999542236328,17.149999618530273,17.172000885009766,28803,0.0,0.0
2023-07-20 12:30:00-04:00,17.18000030517578,17.25,17.149999618530273,17.21500015258789,51775,0.0,0.0
2023-07-20 13:30:00-04:00,17.209999084472656,17.239999771118164,17.174999237060547,17.229999542236328,51818,0.0,0.0
2023-07-20 14:30:00-04:00,17.229000091552734,17.25,17.1299991607666,17.155000686645508,111005,0.0,0.0
2023-07-20 15:30:00-04:00,17.155000686645508,17.25,17.149999618530273,17.219999313354492,88762,0.0,0.0
2023-07-21 09:30:00-04:00,17.299999237060547,17.350000381469727,17.139999389648438,17.200000762939453,68796,0.0,0.0
2023-07-21 10:30:00-04:00,17.19499969482422,17.290000915527344,17.19499969482422,17.270000457763672,23727,0.0,0.0
2023-07-21 11:30:00-04:00,17.270000457763672,17.31999969482422,17.18000030517578,17.200000762939453,36928,0.0,0.0
2023-07-21 12:30:00-04:00,17.209999084472656,17.229999542236328,17.165000915527344,17.19099998474121,22451,0.0,0.0
2023-07-21 13:30:00-04:00,17.190000534057617,17.209999084472656,17.1200008392334,17.135000228881836,31141,0.0,0.0
2023-07-21 14:30:00-04:00,17.139999389648438,17.149999618530273,17.030000686645508,17.1200008392334,78743,0.0,0.0
2023-07-21 15:30:00-04:00,17.1299991607666,17.1299991607666,17.079999923706055,17.100000381469727,159627,0.0,0.0
2023-07-24 09:30:00-04:00,17.100000381469727,17.110000610351562,16.969999313354492,17.075000762939453,19147,0.0,0.0
2023-07-24 10:30:00-04:00,17.075000762939453,17.099000930786133,17.030000686645508,17.030000686645508,27330,0.0,0.0
2023-07-24 11:30:00-04:00,17.040000915527344,17.040000915527344,16.8799991607666,16.8799991607666,49369,0.0,0.0
2023-07-24 12:30:00-04:00,16.899999618530273,16.899999618530273,16.790000915527344,16.799999237060547,29460,0.0,0.0
2023-07-24 13:30:00-04:00,16.795000076293945,17.100000381469727,16.790000915527344,17.100000381469727,98259,0.0,0.0
2023-07-24 14:30:00-04:00,17.100000381469727,17.149999618530273,17.040000915527344,17.049999237060547,216601,0.0,0.0
2023-07-24 15:30:00-04:00,17.040000915527344,17.149999618530273,17.040000915527344,17.110000610351562,151612,0.0,0.0
2023-07-25 09:30:00-04:00,17.149999618530273,17.170000076293945,17.1200008392334,17.1200008392334,26247,0.0,0.0
2023-07-25 10:30:00-04:00,17.1200008392334,17.12929916381836,17.030000686645508,17.040000915527344,26168,0.0,0.0
2023-07-25 11:30:00-04:00,17.03499984741211,17.114999771118164,16.969999313354492,17.104999542236328,118891,0.0,0.0
2023-07-25 12:30:00-04:00,17.104999542236328,17.149999618530273,17.079999923706055,17.104999542236328,57351,0.0,0.0
2023-07-25 13:30:00-04:00,17.104999542236328,17.1299991607666,16.985000610351562,17.0,37773,0.0,0.0
2023-07-25 14:30:00-04:00,16.9950008392334,17.03499984741211,16.969999313354492,16.9950008392334,49169,0.0,0.0
2023-07-25 15:30:00-04:00,16.989999771118164,17.010000228881836,16.950000762939453,17.0,224208,0.0,0.0
2023-07-26 09:30:00-04:00,17.0,17.1200008392334,16.90999984741211,16.969999313354492,36866,0.0,0.0
2023-07-26 10:30:00-04:00,16.969999313354492,16.985000610351562,16.90999984741211,16.985000610351562,46625,0.0,0.0
2023-07-26 11:30:00-04:00,16.979999542236328,16.989999771118164,16.959999084472656,16.959999084472656,33222,0.0,0.0
2023-07-26 12:30:00-04:00,16.969999313354492,16.979999542236328,16.93000030517578,16.934999465942383,25687,0.0,0.0
2023-07-26 13:30:00-04:00,16.93000030517578,17.000900268554688,16.93000030517578,16.979999542236328,37807,0.0,0.0
2023-07-26 14:30:00-04:00,16.985000610351562,17.024999618530273,16.93000030517578,16.969999313354492,74674,0.0,0.0
2023-07-26 15:30:00-04:00,16.979999542236328,16.987499237060547,16.950000762939453,16.959999084472656,111256,0.0,0.0
2023-07-27 09:30:00-04:00,17.010000228881836,17.059900283813477,16.93000030517578,16.940000534057617,20293,0.0,0.0
2023-07-27 10:30:00-04:00,16.958999633789062,17.020000457763672,16.950000762939453,16.979999542236328,44342,0.0,0.0
2023-07-27 11:30:00-04:00,16.989999771118164,17.0,16.940000534057617,16.989999771118164,32167,0.0,0.0
2023-07-27 12:30:00-04:00,16.979999542236328,17.040000915527344,16.969999313354492,16.969999313354492,157200,0.0,0.0
2023-07-27 13:30:00-04:00,16.969999313354492,17.0,16.90999984741211,16.920000076293945,128907,0.0,0.0
2023-07-27 14:30:00-04:00,16.920000076293945,16.950000762939453,16.8700008392334,16.934999465942383,90387,0.0,0.0
2023-07-27 15:30:00-04:00,16.934999465942383,16.950000762939453,16.889999389648438,16.889999389648438,106000,0.0,0.0
2023-07-28 09:30:00-04:00,17.010000228881836,17.25,16.975000381469727,17.219999313354492,398869,0.0,0.0
2023-07-28 10:30:00-04:00,17.229999542236328,17.229999542236328,17.079999923706055,17.079999923706055,31657,0.0,0.0
2023-07-28 11:30:00-04:00,17.059999465942383,17.094999313354492,17.040000915527344,17.065000534057617,32793,0.0,0.0
2023-07-28 12:30:00-04:00,17.06999969482422,17.145000457763672,17.05500030517578,17.135000228881836,41086,0.0,0.0
2023-07-28 13:30:00-04:00,17.135000228881836,17.18000030517578,17.100000381469727,17.155000686645508,56541,0.0,0.0
2023-07-28 14:30:00-04:00,17.155000686645508,17.15999984741211,17.110000610351562,17.1200008392334,73055,0.0,0.0
2023-07-28 15:30:00-04:00,17.1200008392334,17.1299991607666,17.100000381469727,17.104999542236328,130249,0.0,0.0
2023-07-31 09:30:00-04:00,17.149999618530273,17.18000030517578,17.09000015258789,17.170000076293945,0,0.0,0.0
2023-07-31 10:30:00-04:00,17.170000076293945,17.200000762939453,17.110000610351562,17.200000762939453,19158,0.0,0.0
2023-07-31 11:30:00-04:00,17.19499969482422,17.200000762939453,17.149999618530273,17.15999984741211,24914,0.0,0.0
2023-07-31 12:30:00-04:00,17.15999984741211,17.200000762939453,17.135000228881836,17.190000534057617,30427,0.0,0.0
2023-07-31 13:30:00-04:00,17.190000534057617,17.200000762939453,17.18000030517578,17.19499969482422,97866,0.0,0.0
2023-07-31 14:30:00-04:00,17.190000534057617,17.25,17.190000534057617,17.19499969482422,155955,0.0,0.0
2023-07-31 15:30:00-04:00,17.19499969482422,17.229999542236328,17.18000030517578,17.225000381469727,180676,0.0,0.0
2023-08-01 09:30:00-04:00,17.190000534057617,17.190000534057617,17.010000228881836,17.09000015258789,53948,0.0,0.0
2023-08-01 10:30:00-04:00,17.09000015258789,17.200000762939453,17.09000015258789,17.200000762939453,22259,0.0,0.0
2023-08-01 11:30:00-04:00,17.200000762939453,17.209999084472656,17.170000076293945,17.174999237060547,21544,0.0,0.0
2023-08-01 12:30:00-04:00,17.18000030517578,17.200000762939453,17.170000076293945,17.19499969482422,28833,0.0,0.0
2023-08-01 13:30:00-04:00,17.200000762939453,17.229999542236328,17.190000534057617,17.219999313354492,32545,0.0,0.0
2023-08-01 14:30:00-04:00,17.229999542236328,17.25,17.209999084472656,17.219999313354492,58274,0.0,0.0
2023-08-01 15:30:00-04:00,17.219999313354492,17.25,17.209999084472656,17.219999313354492,137046,0.0,0.0
2023-08-02 09:30:00-04:00,17.229999542236328,17.239999771118164,16.90999984741211,17.010000228881836,31815,0.0,0.0
2023-08-02 10:30:00-04:00,17.010000228881836,17.010000228881836,16.760000228881836,16.8700008392334,109575,0.0,0.0
2023-08-02 11:30:00-04:00,16.8700008392334,16.93000030517578,16.68000030517578,16.739999771118164,89118,0.0,0.0
2023-08-02 12:30:00-04:00,16.739999771118164,16.950000762939453,16.739999771118164,16.93000030517578,67685,0.0,0.0
2023-08-02 13:30:00-04:00,16.90999984741211,16.959999084472656,16.8799991607666,16.934999465942383,45420,0.0,0.0
2023-08-02 14:30:00-04:00,16.934999465942383,16.950000762939453,16.799999237060547,16.809999465942383,77378,0.0,0.0
2023-08-02 15:30:00-04:00,16.809999465942383,16.8799991607666,16.75,16.770000457763672,138005,0.0,0.0
2023-08-03 09:30:00-04:00,17.489999771118164,17.889999389648438,16.75,17.790000915527344,687381,0.0,0.0
2023-08-03 10:30:00-04:00,17.790000915527344,17.809999465942383,17.520000457763672,17.698999404907227,205974,0.0,0.0
2023-08-03 11:30:00-04:00,17.690000534057617,17.799999237060547,17.59000015258789,17.635000228881836,190994,0.0,0.0
2023-08-03 12:30:00-04:00,17.635000228881836,17.860000610351562,17.610000610351562,17.780000686645508,209583,0.0,0.0
2023-08-03 13:30:00-04:00,17.770000457763672,17.78499984741211,17.65999984741211,17.65999984741211,108434,0.0,0.0
2023-08-03 14:30:00-04:00,17.65999984741211,17.65999984741211,17.389999389648438,17.459999084472656,195382,0.0,0.0
2023-08-03 15:30:00-04:00,17.459999084472656,17.65999984741211,17.389999389648438,17.6200008392334,594588,0.0,0.0
2023-08-04 09:30:00-04:00,17.729999542236328,17.8700008392334,17.639999389648438,17.69499969482422,95716,0.0,0.0
2023-08-04 10:30:00-04:00,17.704999923706055,18.0,17.704999923706055,17.915000915527344,247827,0.0,0.0
2023-08-04 11:30:00-04:00,17.915000915527344,17.959999084472656,17.820100784301758,17.950000762939453,66155,0.0,0.0
2023-08-04 12:30:00-04:00,17.959999084472656,17.959999084472656,17.809999465942383,17.815000534057617,55899,0.0,0.0
2023-08-04 13:30:00-04:00,17.809999465942383,17.81999969482422,17.770000457763672,17.78499984741211,61718,0.0,0.0
2023-08-04 14:30:00-04:00,17.78499984741211,17.790000915527344,17.469999313354492,17.479999542236328,117368,0.0,0.0
2023-08-04 15:30:00-04:00,17.479999542236328,17.479999542236328,17.3700008392334,17.399999618530273,145288,0.0,0.0
2023-08-07 09:30:00-04:00,17.399999618530273,17.399999618530273,17.139999389648438,17.31999969482422,48736,0.0,0.0
2023-08-07 10:30:00-04:00,17.309999465942383,17.309999465942383,17.09000015258789,17.100000381469727,61886,0.0,0.0
2023-08-07 11:30:00-04:00,17.100000381469727,17.219999313354492,17.100000381469727,17.19499969482422,49711,0.0,0.0
2023-08-07 12:30:00-04:00,17.190000534057617,17.190000534057617,17.040000915527344,17.040000915527344,37320,0.0,0.0
2023-08-07 13:30:00-04:00,17.030000686645508,17.040000915527344,16.799999237060547,16.80500030517578,96133,0.0,0.0
2023-08-07 14:30:00-04:00,16.809999465942383,16.84000015258789,16.68000030517578,16.78499984741211,134744,0.0,0.0
2023-08-07 15:30:00-04:00,16.780000686645508,16.93000030517578,16.770000457763672,16.860000610351562,176369,0.0,0.0
2023-08-08 09:30:00-04:00,16.65999984741211,16.809999465942383,16.510000228881836,16.575000762939453,43054,0.0,0.0
2023-08-08 10:30:00-04:00,16.579999923706055,16.579999923706055,16.399999618530273,16.46500015258789,39768,0.0,0.0
2023-08-08 11:30:00-04:00,16.46500015258789,16.510000228881836,16.389999389648438,16.469999313354492,32166,0.0,0.0
2023-08-08 12:30:00-04:00,16.469999313354492,16.719999313354492,16.469999313354492,16.709999084472656,159039,0.0,0.0
2023-08-08 13:30:00-04:00,16.719999313354492,16.780000686645508,16.6200008392334,16.635000228881836,118649,0.0,0.0
2023-08-08 14:30:00-04:00,16.635000228881836,16.690000534057617,16.579999923706055,16.594999313354492,67496,0.0,0.0
2023-08-08 15:30:00-04:00,16.594999313354492,16.604999542236328,16.530000686645508,16.579999923706055,149867,0.0,0.0
2023-08-09 09:30:00-04:00,16.579999923706055,16.65999984741211,16.459999084472656,16.520000457763672,28694,0.0,0.0
2023-08-09 10:30:00-04:00,16.520000457763672,16.540000915527344,16.450000762939453,16.479999542236328,34111,0.0,0.0
2023-08-09 11:30:00-04:00,16.469999313354492,16.584999084472656,16.469999313354492,16.579999923706055,35161,0.0,0.0
2023-08-09 12:30:00-04:00,16.579999923706055,16.635000228881836,16.540000915527344,16.635000228881836,39672,0.0,0.0
2023-08-09 13:30:00-04:00,16.635000228881836,16.770000457763672,16.635000228881836,16.725000381469727,50659,0.0,0.0
2023-08-09 14:30:00-04:00,16.729999542236328,16.729999542236328,16.549999237060547,16.649999618530273,67845,0.0,0.0
2023-08-09 15:30:00-04:00,16.649999618530273,16.665000915527344,16.5,16.540000915527344,175080,0.0,0.0
2023-08-10 09:30:00-04:00,16.700000762939453,16.829999923706055,16.65999984741211,16.75,20172,0.0,0.0
2023-08-10 10:30:00-04:00,16.790000915527344,16.799999237060547,16.59000015258789,16.6200008392334,33104,0.0,0.0
2023-08-10 11:30:00-04:00,16.6200008392334,16.670000076293945,16.549999237060547,16.56999969482422,28785,0.0,0.0
2023-08-10 12:30:00-04:00,16.56999969482422,16.649999618530273,16.559999465942383,16.6299991607666,51892,0.0,0.0
2023-08-10 13:30:00-04:00,16.6200008392334,16.6299991607666,16.479999542236328,16.5,30989,0.0,0.0
2023-08-10 14:30:00-04:00,16.530000686645508,16.600000381469727,16.479999542236328,16.540000915527344,34987,0.0,0.0
2023-08-10 15:30:00-04:00,16.549999237060547,16.559999465942383,16.5,16.510000228881836,89248,0.0,0.0
2023-08-11 09:30:00-04:00,16.489999771118164,16.7450008392334,16.459999084472656,16.68000030517578,17965,0.0,0.0
2023-08-11 10:30:00-04:00,16.68000030517578,16.80500030517578,16.68000030517578,16.780000686645508,33554,0.0,0.0
2023-08-11 11:30:00-04:00,16.780000686645508,16.90999984741211,16.770000457763672,16.8700008392334,40632,0.0,0.0
2023-08-11 12:30:00-04:00,16.899999618530273,16.969999313354492,16.889999389648438,16.969999313354492,30636,0.0,0.0
2023-08-11 13:30:00-04:00,16.969999313354492,16.969999313354492,16.93000030517578,16.969999313354492,23287,0.0,0.0
2023-08-11 14:30:00-04:00,16.969999313354492,17.0,16.959999084472656,16.9950008392334,50201,0.0,0.0
2023-08-11 15:30:00-04:00,16.9950008392334,17.0049991607666,16.959999084472656,16.989999771118164,234848,0.0,0.0
2023-08-14 09:30:00-04:00,17.0,17.049999237060547,16.829999923706055,17.020000457763672,32911,0.0,0.0
2023-08-14 10:30:00-04:00,17.020000457763672,17.049999237060547,16.969999313354492,17.010000228881836,31108,0.0,0.0
2023-08-14 11:30:00-04:00,17.020000457763672,17.020000457763672,16.969999313354492,16.969999313354492,37740,0.0,0.0
2023-08-14 12:30:00-04:00,16.96500015258789,17.049999237060547,16.90999984741211,17.0,69319,0.0,0.0
2023-08-14 13:30:00-04:00,16.9950008392334,17.0,16.8700008392334,16.895000457763672,51043,0.0,0.0
2023-08-14 14:30:00-04:00,16.889999389648438,16.959999084472656,16.860000610351562,16.915000915527344,77161,0.0,0.0
2023-08-14 15:30:00-04:00,16.90999984741211,16.999000549316406,16.899999618530273,16.959999084472656,149298,0.0,0.0
2023-08-15 09:30:00-04:00,16.950000762939453,17.024999618530273,16.871000289916992,17.024999618530273,94635,0.0,0.0
2023-08-15 10:30:00-04:00,17.020000457763672,17.040000915527344,16.969999313354492,17.040000915527344,144002,0.0,0.0
2023-08-15 11:30:00-04:00,17.03499984741211,17.079999923706055,16.979999542236328,17.0,32188,0.0,0.0
2023-08-15 12:30:00-04:00,17.0,17.020000457763672,16.979999542236328,17.020000457763672,32916,0.0,0.0
2023-08-15 13:30:00-04:00,17.024999618530273,17.03499984741211,16.96500015258789,16.989999771118164,28890,0.0,0.0
2023-08-15 14:30:00-04:00,16.989999771118164,17.010000228881836,16.93000030517578,16.950000762939453,48839,0.0,0.0
2023-08-15 15:30:00-04:00,16.950000762939453,16.989999771118164,16.934999465942383,16.975000381469727,72468,0.0,0.0
2023-08-16 09:30:00-04:00,16.979999542236328,17.030000686645508,16.889999389648438,16.979999542236328,37255,0.0,0.0
2023-08-16 10:30:00-04:00,17.0,17.030000686645508,16.985000610351562,17.010000228881836,21212,0.0,0.0
2023-08-16 11:30:00-04:00,17.010000228881836,17.020000457763672,16.989999771118164,17.0,23528,0.0,0.0
2023-08-16 12:30:00-04:00,17.0049991607666,17.030000686645508,17.0,17.030000686645508,19042,0.0,0.0
2023-08-16 13:30:00-04:00,17.030000686645508,17.09000015258789,17.020000457763672,17.065000534057617,41995,0.0,0.0
2023-08-16 14:30:00-04:00,17.06999969482422,17.06999969482422,17.010000228881836,17.014999389648438,27179,0.0,0.0
2023-08-16 15:30:00-04:00,17.010000228881836,17.059999465942383,16.985000610351562,17.030000686645508,100972,0.0,0.0
2023-08-17 09:30:00-04:00,17.030000686645508,17.1200008392334,16.93000030517578,17.1200008392334,28234,0.0,0.0
2023-08-17 10:30:00-04:00,17.1200008392334,17.1299991607666,17.070999145507812,17.079999923706055,41065,0.0,0.0
2023-08-17 11:30:00-04:00,17.09000015258789,17.110000610351562,17.0,17.110000610351562,22516,0.0,0.0
2023-08-17 12:30:00-04:00,17.104999542236328,17.110000610351562,17.06999969482422,17.079500198364258,22610,0.0,0.0
2023-08-17 13:30:00-04:00,17.06999969482422,17.09000015258789,17.024999618530273,17.03499984741211,27711,0.0,0.0
2023-08-17 14:30:00-04:00,17.030000686645508,17.059999465942383,16.979999542236328,17.020000457763672,56531,0.0,0.0
2023-08-17 15:30:00-04:00,17.024999618530273,17.030000686645508,16.979999542236328,17.0,185904,0.0,0.0
2023-08-18 09:30:00-04:00,16.829999923706055,16.940000534057617,16.739999771118164,16.829999923706055,40346,0.0,0.0
2023-08-18 10:30:00-04:00,16.84000015258789,17.014999389648438,16.84000015258789,16.979999542236328,20831,0.0,0.0
2023-08-18 11:30:00-04:00,16.975000381469727,17.059999465942383,16.96500015258789,17.040000915527344,18984,0.0,0.0
2023-08-18 12:30:00-04:00,17.030000686645508,17.040000915527344,17.0,17.020000457763672,23890,0.0,0.0
2023-08-18 13:30:00-04:00,17.014999389648438,17.049999237060547,17.0,17.049999237060547,24336,0.0,0.0
2023-08-18 14:30:00-04:00,17.049999237060547,17.190000534057617,17.049999237060547,17.149999618530273,59228,0.0,0.0
2023-08-18 15:30:00-04:00,17.149999618530273,17.155000686645508,17.084999084472656,17.110000610351562,95835,0.0,0.0
2023-08-21 09:30:00-04:00,17.079999923706055,17.209999084472656,17.075000762939453,17.195499420166016,23559,0.0,0.0
2023-08-21 10:30:00-04:00,17.18000030517578,17.21500015258789,17.06999969482422,17.079999923706055,16366,0.0,0.0
2023-08-21 11:30:00-04:00,17.09000015258789,17.110000610351562,17.020000457763672,17.06999969482422,14503,0.0,0.0
2023-08-21 12:30:00-04:00,17.059999465942383,17.059999465942383,16.950000762939453,16.975000381469727,18941,0.0,0.0
2023-08-21 13:30:00-04:00,16.969999313354492,17.024999618530273,16.969999313354492,17.014999389648438,25560,0.0,0.0
2023-08-21 14:30:00-04:00,17.020000457763672,17.059999465942383,17.0,17.0049991607666,34213,0.0,0.0
2023-08-21 15:30:00-04:00,17.0049991607666,17.020000457763672,16.829999923706055,16.860000610351562,84423,0.0,0.0
2023-08-22 09:30:00-04:00,16.950000762939453,17.049999237060547,16.860000610351562,17.049999237060547,24685,0.0,0.0
2023-08-22 10:30:00-04:00,17.040000915527344,17.209999084472656,17.0,17.149999618530273,51133,0.0,0.0
2023-08-22 11:30:00-04:00,17.149999618530273,17.229999542236328,17.149999618530273,17.225000381469727,31136,0.0,0.0
2023-08-22 12:30:00-04:00,17.225000381469727,17.280000686645508,17.209999084472656,17.219999313354492,49373,0.0,0.0
2023-08-22 13:30:00-04:00,17.21500015258789,17.219999313354492,17.18000030517578,17.19499969482422,29513,0.0,0.0
2023-08-22 14:30:00-04:00,17.200000762939453,17.34000015258789,17.170000076293945,17.290000915527344,66069,0.0,0.0
2023-08-22 15:30:00-04:00,17.290000915527344,17.295000076293945,17.18000030517578,17.260000228881836,91789,0.0,0.0
2023-08-23 09:30:00-04:00,17.260000228881836,17.350000381469727,17.209999084472656,17.34000015258789,134145,0.0,0.0
2023-08-23 10:30:00-04:00,17.34000015258789,17.351499557495117,17.25,17.280000686645508,16776,0.0,0.0
2023-08-23 11:30:00-04:00,17.280000686645508,17.368200302124023,17.260000228881836,17.354999542236328,31643,0.0,0.0
2023-08-23 12:30:00-04:00,17.360000610351562,17.389999389648438,17.354999542236328,17.375,33200,0.0,0.0
2023-08-23 13:30:00-04:00,17.3799991607666,17.440000534057617,17.3799991607666,17.424999237060547,25331,0.0,0.0
2023-08-23 14:30:00-04:00,17.420499801635742,17.450000762939453,17.354999542236328,17.420000076293945,48052,0.0,0.0
2023-08-23 15:30:00-04:00,17.424999237060547,17.440000534057617,17.3700008392334,17.440000534057617,65321,0.0,0.0
2023-08-24 09:30:00-04:00,17.440000534057617,17.440000534057617,17.239999771118164,17.280000686645508,21933,0.0,0.0
2023-08-24 10:30:00-04:00,17.270000457763672,17.31999969482422,17.204999923706055,17.25,39754,0.0,0.0
2023-08-24 11:30:00-04:00,17.239999771118164,17.280000686645508,17.225000381469727,17.260000228881836,21247,0.0,0.0
2023-08-24 12:30:00-04:00,17.260000228881836,17.270000457763672,17.200000762939453,17.229999542236328,35970,0.0,0.0
2023-08-24 13:30:00-04:00,17.229999542236328,17.290000915527344,17.225000381469727,17.260000228881836,50532,0.0,0.0
2023-08-24 14:30:00-04:00,17.260000228881836,17.290000915527344,17.225000381469727,17.24410057067871,70327,0.0,0.0
2023-08-24 15:30:00-04:00,17.2450008392334,17.288999557495117,17.229999542236328,17.25,154110,0.0,0.0
2023-08-25 09:30:00-04:00,17.31999969482422,17.43000030517578,17.280000686645508,17.309999465942383,18830,0.0,0.0
2023-08-25 10:30:00-04:00,17.309999465942383,17.34000015258789,17.229999542236328,17.290000915527344,31052,0.0,0.0
2023-08-25 11:30:00-04:00,17.290000915527344,17.420000076293945,17.290000915527344,17.40999984741211,71970,0.0,0.0
2023-08-25 12:30:00-04:00,17.40999984741211,17.420000076293945,17.3799991607666,17.389999389648438,29484,0.0,0.0
2023-08-25 13:30:00-04:00,17.399999618530273,17.5,17.385000228881836,17.5,58749,0.0,0.0
2023-08-25 14:30:00-04:00,17.5,17.559999465942383,17.47100067138672,17.5,95108,0.0,0.0
2023-08-25 15:30:00-04:00,17.5,17.5,17.469999313354492,17.5,137625,0.0,0.0
2023-08-28 09:30:00-04:00,17.530000686645508,17.700000762939453,17.4950008392334,17.700000762939453,40248,0.0,0.0
2023-08-28 10:30:00-04:00,17.690000534057617,17.739999771118164,17.649999618530273,17.709999084472656,28541,0.0,0.0
2023-08-28 11:30:00-04:00,17.719999313354492,17.739999771118164,17.709999084472656,17.735000610351562,14626,0.0,0.0
2023-08-28 12:30:00-04:00,17.735000610351562,17.735000610351562,17.674999237060547,17.690000534057617,40235,0.0,0.0
2023-08-28 13:30:00-04:00,17.690000534057617,17.739999771118164,17.559999465942383,17.565000534057617,81599,0.0,0.0
2023-08-28 14:30:00-04:00,17.559999465942383,17.600000381469727,17.489999771118164,17.4950008392334,57594,0.0,0.0
2023-08-28 15:30:00-04:00,17.485000610351562,17.559999465942383,17.459999084472656,17.489999771118164,100212,0.0,0.0
2023-08-29 09:30:00-04:00,17.450000762939453,17.639999389648438,17.3799991607666,17.6200008392334,24448,0.0,0.0
2023-08-29 10:30:00-04:00,17.6200008392334,17.649999618530273,17.579999923706055,17.6200008392334,21457,0.0,0.0
2023-08-29 11:30:00-04:00,17.6200008392334,17.68000030517578,17.600000381469727,17.68000030517578,27697,0.0,0.0
2023-08-29 12:30:00-04:00,17.68000030517578,17.69499969482422,17.65999984741211,17.69499969482422,20419,0.0,0.0
2023-08-29 13:30:00-04:00,17.700000762939453,17.71500015258789,17.65999984741211,17.68000030517578,20972,0.0,0.0
2023-08-29 14:30:00-04:00,17.684999465942383,17.770000457763672,17.649999618530273,17.770000457763672,66463,0.0,0.0
2023-08-29 15:30:00-04:00,17.760000228881836,17.78499984741211,17.719999313354492,17.7450008392334,201717,0.0,0.0
2023-08-30 09:30:00-04:00,17.700000762939453,17.940000534057617,17.700000762939453,17.899999618530273,32647,0.0,0.0
2023-08-30 10:30:00-04:00,17.920000076293945,18.05500030517578,17.90999984741211,17.975000381469727,165710,0.0,0.0
2023-08-30 11:30:00-04:00,17.975000381469727,17.989999771118164,17.959999084472656,17.989999771118164,36316,0.0,0.0
2023-08-30 12:30:00-04:00,17.989999771118164,18.110000610351562,17.985000610351562,18.110000610351562,95423,0.0,0.0
2023-08-30 13:30:00-04:00,18.110000610351562,18.110000610351562,17.9950008392334,18.03499984741211,256934,0.0,0.0
2023-08-30 14:30:00-04:00,18.030000686645508,18.049999237060547,17.989999771118164,18.03499984741211,167277,0.0,0.0
2023-08-30 15:30:00-04:00,18.040000915527344,18.09000015258789,18.030000686645508,18.059999465942383,160784,0.0,0.0
2023-08-31 09:30:00-04:00,18.040000915527344,18.165000915527344,18.024999618530273,18.100000381469727,68219,0.0,0.0
2023-08-31 10:30:00-04:00,18.110000610351562,18.190000534057617,18.09000015258789,18.135000228881836,67913,0.0,0.0
2023-08-31 11:30:00-04:00,18.1299991607666,18.229999542236328,18.094999313354492,18.1200008392334,118261,0.0,0.0
2023-08-31 12:30:00-04:00,18.125,18.229999542236328,18.125,18.209999084472656,47160,0.0,0.0
2023-08-31 13:30:00-04:00,18.209999084472656,18.25,18.19499969482422,18.209999084472656,125047,0.0,0.0
2023-08-31 14:30:00-04:00,18.200000762939453,18.209999084472656,18.05500030517578,18.059999465942383,87002,0.0,0.0
2023-08-31 15:30:00-04:00,18.059999465942383,18.18000030517578,18.05500030517578,18.149999618530273,187915,0.0,0.0
2023-09-01 09:30:00-04:00,18.229999542236328,18.260000228881836,18.110000610351562,18.239999771118164,99088,0.0,0.0
2023-09-01 10:30:00-04:00,18.2549991607666,18.299999237060547,18.200000762939453,18.264999389648438,58983,0.0,0.0
2023-09-01 11:30:00-04:00,18.270000457763672,18.280000686645508,18.225000381469727,18.225000381469727,49122,0.0,0.0
2023-09-01 12:30:00-04:00,18.219999313354492,18.329999923706055,18.19499969482422,18.299999237060547,69421,0.0,0.0
2023-09-01 13:30:00-04:00,18.30500030517578,18.329999923706055,18.295000076293945,18.299999237060547,70446,0.0,0.0
2023-09-01 14:30:00-04:00,18.295000076293945,18.309999465942383,18.229999542236328,18.2549991607666,104896,0.0,0.0
2023-09-01 15:30:00-04:00,18.25,18.260000228881836,18.18000030517578,18.260000228881836,232103,0.0,0.0
2023-09-05 09:30:00-04:00,18.219999313354492,18.540000915527344,18.19499969482422,18.524999618530273,101083,0.0,0.0
2023-09-05 10:30:00-04:00,18.520000457763672,18.844999313354492,18.46500015258789,18.81999969482422,135966,0.0,0.0
2023-09-05 11:30:00-04:00,18.825000762939453,18.8700008392334,18.795000076293945,18.81999969482422,75818,0.0,0.0
2023-09-05 12:30:00-04:00,18.81999969482422,18.8799991607666,18.66900062561035,18.81999969482422,93852,0.0,0.0
2023-09-05 13:30:00-04:00,18.829999923706055,18.889999389648438,18.760000228881836,18.795000076293945,93005,0.0,0.0
2023-09-05 14:30:00-04:00,18.780000686645508,18.799999237060547,18.704999923706055,18.795000076293945,105051,0.0,0.0
2023-09-05 15:30:00-04:00,18.799999237060547,18.850000381469727,18.739999771118164,18.84000015258789,207490,0.0,0.0
2023-09-06 09:30:00-04:00,18.729999542236328,18.95989990234375,18.655000686645508,18.905000686645508,68472,0.0,0.0
2023-09-06 10:30:00-04:00,18.899999618530273,18.950000762939453,18.860000610351562,18.940000534057617,94431,0.0,0.0
2023-09-06 11:30:00-04:00,18.940000534057617,19.020000457763672,18.850000381469727,18.93000030517578,210241,0.0,0.0
2023-09-06 12:30:00-04:00,18.90999984741211,18.979999542236328,18.885000228881836,18.920000076293945,296232,0.0,0.0
2023-09-06 13:30:00-04:00,18.93000030517578,19.030000686645508,18.924999237060547,18.9950008392334,157248,0.0,0.0
2023-09-06 14:30:00-04:00,19.0,19.18000030517578,18.962499618530273,19.18000030517578,289051,0.0,0.0
2023-09-06 15:30:00-04:00,19.190000534057617,19.219999313354492,19.065000534057617,19.075000762939453,465561,0.0,0.0
2023-09-07 09:30:00-04:00,19.0,19.229999542236328,18.989999771118164,19.05500030517578,275158,0.0,0.0
2023-09-07 10:30:00-04:00,19.059999465942383,19.09000015258789,18.959999084472656,19.020000457763672,400911,0.0,0.0
2023-09-07 11:30:00-04:00,19.0,19.239999771118164,19.0,19.219999313354492,249159,0.0,0.0
2023-09-07 12:30:00-04:00,19.229999542236328,19.399999618530273,19.219999313354492,19.395000457763672,104924,0.0,0.0
2023-09-07 13:30:00-04:00,19.399999618530273,19.479999542236328,19.331600189208984,19.385000228881836,118989,0.0,0.0
2023-09-07 14:30:00-04:00,19.385000228881836,19.479999542236328,19.298999786376953,19.479999542236328,160731,0.0,0.0
2023-09-07 15:30:00-04:00,19.479999542236328,19.540000915527344,19.3799991607666,19.399999618530273,382906,0.0,0.0
2023-09-08 09:30:00-04:00,19.600000381469727,19.75,19.469999313354492,19.670000076293945,153640,0.0,0.0
2023-09-08 10:30:00-04:00,19.677499771118164,19.690000534057617,19.56999969482422,19.6200008392334,130965,0.0,0.0
2023-09-08 11:30:00-04:00,19.610000610351562,19.6299991607666,19.43000030517578,19.450000762939453,123125,0.0,0.0
2023-09-08 12:30:00-04:00,19.450000762939453,19.489999771118164,19.09000015258789,19.110000610351562,131842,0.0,0.0
2023-09-08 13:30:00-04:00,19.100000381469727,19.139999389648438,19.020000457763672,19.059999465942383,123740,0.0,0.0
2023-09-08 14:30:00-04:00,19.0575008392334,19.200000762939453,19.03499984741211,19.040000915527344,236163,0.0,0.0
2023-09-08 15:30:00-04:00,19.045000076293945,19.084999084472656,19.0,19.0,407307,0.0,0.0
2023-09-11 09:30:00-04:00,19.030000686645508,19.149999618530273,19.00589942932129,19.1200008392334,62778,0.0,0.0
2023-09-11 10:30:00-04:00,19.110000610351562,19.219999313354492,19.110000610351562,19.184999465942383,47014,0.0,0.0
2023-09-11 11:30:00-04:00,19.184999465942383,19.199899673461914,19.100000381469727,19.149999618530273,45385,0.0,0.0
2023-09-11 12:30:00-04:00,19.149999618530273,19.309999465942383,19.149999618530273,19.290000915527344,68026,0.0,0.0
2023-09-11 13:30:00-04:00,19.290000915527344,19.315000534057617,19.18000030517578,19.209999084472656,229974,0.0,0.0
2023-09-11 14:30:00-04:00,19.21500015258789,19.219999313354492,18.96500015258789,19.030000686645508,342144,0.0,0.0
2023-09-11 15:30:00-04:00,19.024999618530273,19.079999923706055,18.969999313354492,19.049999237060547,394955,0.0,0.0
2023-09-12 09:30:00-04:00,19.040000915527344,19.280000686645508,19.014999389648438,19.06999969482422,148553,0.0,0.0
2023-09-12 10:30:00-04:00,19.049999237060547,19.049999237060547,18.900400161743164,18.93000030517578,98597,0.0,0.0
2023-09-12 11:30:00-04:00,18.950000762939453,19.049999237060547,18.94499969482422,18.975000381469727,90493,0.0,0.0
2023-09-12 12:30:00-04:00,18.975000381469727,19.03499984741211,18.969999313354492,19.020000457763672,45776,0.0,0.0
2023-09-12 13:30:00-04:00,19.011699676513672,19.024999618530273,18.889999389648438,18.90999984741211,87698,0.0,0.0
2023-09-12 14:30:00-04:00,18.899999618530273,18.920000076293945,18.770000457763672,18.770000457763672,135397,0.0,0.0
2023-09-12 15:30:00-04:00,18.770000457763672,18.81999969482422,18.709999084472656,18.81999969482422,194625,0.0,0.0
2023-09-13 09:30:00-04:00,18.850000381469727,18.889999389648438,18.610000610351562,18.610000610351562,85584,0.0,0.0
2023-09-13 10:30:00-04:00,18.615999221801758,18.68000030517578,18.594999313354492,18.6200008392334,59992,0.0,0.0
2023-09-13 11:30:00-04:00,18.6299991607666,18.6299991607666,18.5,18.584999084472656,77591,0.0,0.0
2023-09-13 12:30:00-04:00,18.584999084472656,18.690000534057617,18.545000076293945,18.649999618530273,81341,0.0,0.0
2023-09-13 13:30:00-04:00,18.650100708007812,18.795000076293945,18.635000228881836,18.774999618530273,84410,0.0,0.0
2023-09-13 14:30:00-04:00,18.774999618530273,18.774999618530273,18.690000534057617,18.739999771118164,78427,0.0,0.0
2023-09-13 15:30:00-04:00,18.75,18.78499984741211,18.719999313354492,18.719999313354492,178862,0.0,0.0
2023-09-14 09:30:00-04:00,18.75,19.045000076293945,18.71500015258789,19.045000076293945,188590,0.0,0.0
2023-09-14 10:30:00-04:00,19.040000915527344,19.110000610351562,19.0,19.020000457763672,105421,0.0,0.0
2023-09-14 11:30:00-04:00,19.020000457763672,19.03499984741211,19.0,19.010000228881836,76364,0.0,0.0
2023-09-14 12:30:00-04:00,19.010000228881836,19.100000381469727,19.010000228881836,19.100000381469727,39273,0.0,0.0
2023-09-14 13:30:00-04:00,19.100000381469727,19.174999237060547,19.09000015258789,19.1299991607666,85810,0.0,0.0
2023-09-14 14:30:00-04:00,19.1200008392334,19.184999465942383,19.114999771118164,19.165000915527344,66921,0.0,0.0
2023-09-14 15:30:00-04:00,19.165000915527344,19.229999542236328,19.114999771118164,19.170000076293945,266085,0.0,0.0
2023-09-15 09:30:00-04:00,19.100000381469727,19.145000457763672,18.940000534057617,19.014999389648438,163335,0.0,0.0
2023-09-15 10:30:00-04:00,19.020000457763672,19.079999923706055,18.989999771118164,19.065000534057617,72546,0.0,0.0
2023-09-15 11:30:00-04:00,19.065000534057617,19.1299991607666,19.049999237060547,19.125,56815,0.0,0.0
2023-09-15 12:30:00-04:00,19.1200008392334,19.165000915527344,19.110000610351562,19.149999618530273,69443,0.0,0.0
2023-09-15 13:30:00-04:00,19.149999618530273,19.174999237060547,19.139999389648438,19.15999984741211,63839,0.0,0.0
2023-09-15 14:30:00-04:00,19.155000686645508,19.309999465942383,19.149999618530273,19.30500030517578,118601,0.0,0.0
2023-09-15 15:30:00-04:00,19.309999465942383,19.3700008392334,19.25,19.329999923706055,203395,0.0,0.0
2023-09-18 09:30:00-04:00,19.309999465942383,19.3700008392334,19.21500015258789,19.290000915527344,58237,0.0,0.0
2023-09-18 10:30:00-04:00,19.28499984741211,19.440000534057617,19.270000457763672,19.440000534057617,80433,0.0,0.0
2023-09-18 11:30:00-04:00,19.440000534057617,19.459999084472656,19.360000610351562,19.3799991607666,52591,0.0,0.0
2023-09-18 12:30:00-04:00,19.389999389648438,19.395000457763672,19.329999923706055,19.360000610351562,49797,0.0,0.0
2023-09-18 13:30:00-04:00,19.354999542236328,19.389999389648438,19.329999923706055,19.329999923706055,33804,0.0,0.0
2023-09-18 14:30:00-04:00,19.334999084472656,19.389999389648438,19.31999969482422,19.385000228881836,113631,0.0,0.0
2023-09-18 15:30:00-04:00,19.385000228881836,19.40999984741211,19.350000381469727,19.405000686645508,190457,0.0,0.0
2023-09-19 09:30:00-04:00,19.360000610351562,19.40999984741211,19.235000610351562,19.239999771118164,78734,0.0,0.0
2023-09-19 10:30:00-04:00,19.243999481201172,19.360000610351562,19.239999771118164,19.299999237060547,68088,0.0,0.0
2023-09-19 11:30:00-04:00,19.30500030517578,19.325000762939453,19.155000686645508,19.200000762939453,61789,0.0,0.0
2023-09-19 12:30:00-04:00,19.209999084472656,19.229999542236328,19.18000030517578,19.225000381469727,35985,0.0,0.0
2023-09-19 13:30:00-04:00,19.228500366210938,19.270000457763672,19.22760009765625,19.25,25750,0.0,0.0
2023-09-19 14:30:00-04:00,19.2450008392334,19.360000610351562,19.219999313354492,19.2450008392334,147053,0.0,0.0
2023-09-19 15:30:00-04:00,19.25,19.350000381469727,19.19499969482422,19.299999237060547,847582,0.0,0.0
2023-09-20 09:30:00-04:00,19.31999969482422,19.5,19.309999465942383,19.40999984741211,80975,0.0,0.0
2023-09-20 10:30:00-04:00,19.389999389648438,19.469999313354492,19.3700008392334,19.469999313354492,45684,0.0,0.0
2023-09-20 11:30:00-04:00,19.479999542236328,19.649999618530273,19.479999542236328,19.6200008392334,139397,0.0,0.0
2023-09-20 12:30:00-04:00,19.6200008392334,19.639999389648438,19.549999237060547,19.610000610351562,61151,0.0,0.0
2023-09-20 13:30:00-04:00,19.610000610351562,19.670000076293945,19.59000015258789,19.6299991607666,63681,0.0,0.0
2023-09-20 14:30:00-04:00,19.6200008392334,19.700000762939453,19.460500717163086,19.530000686645508,153483,0.0,0.0
2023-09-20 15:30:00-04:00,19.53499984741211,19.53499984741211,19.459999084472656,19.510000228881836,186156,0.0,0.0
2023-09-21 09:30:00-04:00,19.420000076293945,19.469999313354492,19.25,19.420000076293945,111797,0.0,0.0
2023-09-21 10:30:00-04:00,19.43000030517578,19.454999923706055,19.334999084472656,19.360000610351562,48532,0.0,0.0
2023-09-21 11:30:00-04:00,19.360000610351562,19.37179946899414,19.260000228881836,19.295000076293945,59015,0.0,0.0
2023-09-21 12:30:00-04:00,19.290000915527344,19.389999389648438,19.270000457763672,19.3799991607666,47820,0.0,0.0
2023-09-21 13:30:00-04:00,19.3799991607666,19.420000076293945,19.28499984741211,19.329999923706055,61235,0.0,0.0
2023-09-21 14:30:00-04:00,19.329999923706055,19.354999542236328,19.309999465942383,19.325000762939453,93579,0.0,0.0
2023-09-21 15:30:00-04:00,19.325000762939453,19.350000381469727,19.2450008392334,19.270000457763672,207556,0.0,0.0
2023-09-22 09:30:00-04:00,19.399999618530273,19.479999542236328,19.299999237060547,19.344999313354492,40789,0.0,0.0
2023-09-22 10:30:00-04:00,19.350000381469727,19.420000076293945,19.31999969482422,19.415000915527344,36742,0.0,0.0
2023-09-22 11:30:00-04:00,19.415000915527344,19.579999923706055,19.415000915527344,19.579099655151367,65403,0.0,0.0
2023-09-22 12:30:00-04:00,19.579999923706055,19.645000457763672,19.559999465942383,19.579999923706055,29000,0.0,0.0
2023-09-22 13:30:00-04:00,19.575000762939453,19.6299991607666,19.56999969482422,19.610000610351562,47224,0.0,0.0
2023-09-22 14:30:00-04:00,19.6200008392334,19.670000076293945,19.520000457763672,19.645000457763672,109419,0.0,0.0
2023-09-22 15:30:00-04:00,19.649999618530273,19.670000076293945,19.56999969482422,19.670000076293945,259892,0.0,0.0
2023-09-25 09:30:00-04:00,20.1299991607666,20.149999618530273,19.641700744628906,19.780000686645508,304792,0.0,0.0
2023-09-25 10:30:00-04:00,19.760000228881836,19.84000015258789,19.65999984741211,19.790000915527344,69310,0.0,0.0
2023-09-25 11:30:00-04:00,19.799999237060547,19.850000381469727,19.704500198364258,19.71500015258789,77190,0.0,0.0
2023-09-25 12:30:00-04:00,19.709999084472656,19.809999465942383,19.700000762939453,19.774999618530273,105084,0.0,0.0
2023-09-25 13:30:00-04:00,19.780000686645508,19.959999084472656,19.75,19.954999923706055,77949,0.0,0.0
2023-09-25 14:30:00-04:00,19.950000762939453,20.0,19.940000534057617,19.96500015258789,100633,0.0,0.0
2023-09-25 15:30:00-04:00,19.96500015258789,20.0,19.862499237060547,19.899999618530273,149854,0.0,0.0
2023-09-26 09:30:00-04:00,19.75,19.899999618530273,19.739999771118164,19.790000915527344,82231,0.0,0.0
2023-09-26 10:30:00-04:00,19.799999237060547,19.81999969482422,19.75,19.78499984741211,62679,0.0,0.0
2023-09-26 11:30:00-04:00,19.790000915527344,19.790000915527344,19.700000762939453,19.770000457763672,59215,0.0,0.0
2023-09-26 12:30:00-04:00,19.764999389648438,19.81999969482422,19.739999771118164,19.75,48876,0.0,0.0
2023-09-26 13:30:00-04:00,19.7450008392334,19.760000228881836,19.71500015258789,19.719999313354492,83588,0.0,0.0
2023-09-26 14:30:00-04:00,19.719999313354492,19.719999313354492,19.600000381469727,19.604999542236328,92305,0.0,0.0
2023-09-26 15:30:00-04:00,19.604999542236328,19.610000610351562,19.459999084472656,19.459999084472656,168373,0.0,0.0
2023-09-27 09:30:00-04:00,19.56999969482422,19.739999771118164,19.459999084472656,19.739999771118164,37401,0.0,0.0
2023-09-27 10:30:00-04:00,19.729999542236328,19.739999771118164,19.6200008392334,19.68000030517578,30735,0.0,0.0
2023-09-27 11:30:00-04:00,19.670000076293945,19.68000030517578,19.489999771118164,19.510000228881836,39035,0.0,0.0
2023-09-27 12:30:00-04:00,19.5,19.670000076293945,19.485000610351562,19.540000915527344,159182,0.0,0.0
2023-09-27 13:30:00-04:00,19.549999237060547,19.68000030517578,19.469999313354492,19.68000030517578,169852,0.0,0.0
2023-09-27 14:30:00-04:00,19.690000534057617,19.84000015258789,19.65999984741211,19.770000457763672,75703,0.0,0.0
2023-09-27 15:30:00-04:00,19.760000228881836,19.760000228881836,19.65999984741211,19.704999923706055,68495,0.0,0.0
2023-09-28 09:30:00-04:00,19.709999084472656,19.96940040588379,19.670000076293945,19.850000381469727,290915,0.0,0.0
2023-09-28 10:30:00-04:00,19.850000381469727,19.860000610351562,19.68000030517578,19.75,68028,0.0,0.0
2023-09-28 11:30:00-04:00,19.739999771118164,19.7549991607666,19.645000457763672,19.725000381469727,58096,0.0,0.0
2023-09-28 12:30:00-04:00,19.725000381469727,19.729999542236328,19.579999923706055,19.635000228881836,41600,0.0,0.0
2023-09-28 13:30:00-04:00,19.6299991607666,19.64900016784668,19.524999618530273,19.635000228881836,86458,0.0,0.0
2023-09-28 14:30:00-04:00,19.6299991607666,19.706199645996094,19.579999923706055,19.674999237060547,73680,0.0,0.0
2023-09-28 15:30:00-04:00,19.674999237060547,19.674999237060547,19.600000381469727,19.645000457763672,78245,0.0,0.0
2023-09-29 09:30:00-04:00,19.81999969482422,19.920000076293945,19.700000762939453,19.899999618530273,459607,0.0,0.0
2023-09-29 10:30:00-04:00,19.899999618530273,19.969999313354492,19.799999237060547,19.84000015258789,78801,0.0,0.0
2023-09-29 11:30:00-04:00,19.829999923706055,19.84000015258789,19.690000534057617,19.725000381469727,35832,0.0,0.0
2023-09-29 12:30:00-04:00,19.719999313354492,19.719999313354492,19.531400680541992,19.559999465942383,41258,0.0,0.0
2023-09-29 13:30:00-04:00,19.565000534057617,19.565000534057617,19.399999618530273,19.469999313354492,48364,0.0,0.0
2023-09-29 14:30:00-04:00,19.46500015258789,19.479999542236328,19.3700008392334,19.424999237060547,59321,0.0,0.0
2023-09-29 15:30:00-04:00,19.43000030517578,19.43000030517578,19.30500030517578,19.34000015258789,109242,0.0,0.0
2023-10-02 09:30:00-04:00,19.290000915527344,19.405000686645508,19.239999771118164,19.309999465942383,63323,0.0,0.0
2023-10-02 10:30:00-04:00,19.299999237060547,19.469999313354492,19.280000686645508,19.440000534057617,106124,0.0,0.0
2023-10-02 11:30:00-04:00,19.420000076293945,19.424999237060547,19.25,19.31999969482422,96460,0.0,0.0
2023-10-02 12:30:00-04:00,19.329999923706055,19.329999923706055,19.21500015258789,19.270000457763672,44269,0.0,0.0
2023-10-02 13:30:00-04:00,19.274999618530273,19.350000381469727,19.25,19.28499984741211,84476,0.0,0.0
2023-10-02 14:30:00-04:00,19.28499984741211,19.3799991607666,19.270000457763672,19.354999542236328,99746,0.0,0.0
2023-10-02 15:30:00-04:00,19.350000381469727,19.389999389648438,19.291000366210938,19.389999389648438,146193,0.0,0.0
2023-10-03 09:30:00-04:00,19.31999969482422,19.406400680541992,19.15999984741211,19.31999969482422,47486,0.0,0.0
2023-10-03 10:30:00-04:00,19.31999969482422,19.43000030517578,19.31999969482422,19.420000076293945,57071,0.0,0.0
2023-10-03 11:30:00-04:00,19.40999984741211,19.548999786376953,19.389999389648438,19.420000076293945,234812,0.0,0.0
2023-10-03 12:30:00-04:00,19.420000076293945,19.479999542236328,19.399999618530273,19.434999465942383,58796,0.0,0.0
2023-10-03 13:30:00-04:00,19.434999465942383,19.4375,19.18000030517578,19.290000915527344,270911,0.0,0.0
2023-10-03 14:30:00-04:00,19.280000686645508,19.31999969482422,19.145000457763672,19.149999618530273,89300,0.0,0.0
2023-10-03 15:30:00-04:00,19.145000457763672,19.18000030517578,19.09000015258789,19.100000381469727,205512,0.0,0.0
2023-10-04 09:30:00-04:00,19.1200008392334,19.190000534057617,18.8700008392334,18.905000686645508,89319,0.0,0.0
2023-10-04 10:30:00-04:00,18.889999389648438,19.059999465942383,18.889999389648438,19.030000686645508,82244,0.0,0.0
2023-10-04 11:30:00-04:00,19.024999618530273,19.094999313354492,18.875,19.010000228881836,123384,0.0,0.0
2023-10-04 12:30:00-04:00,19.020000457763672,19.139999389648438,18.969999313354492,19.09000015258789,726982,0.0,0.0
2023-10-04 13:30:00-04:00,19.110000610351562,19.165000915527344,19.059999465942383,19.15999984741211,229632,0.0,0.0
2023-10-04 14:30:00-04:00,19.15999984741211,19.219999313354492,19.100000381469727,19.155000686645508,129732,0.0,0.0
2023-10-04 15:30:00-04:00,19.155000686645508,19.229999542236328,19.1200008392334,19.139999389648438,286561,0.0,0.0
2023-10-05 09:30:00-04:00,19.139999389648438,19.395000457763672,19.139999389648438,19.31999969482422,36295,0.0,0.0
2023-10-05 10:30:00-04:00,19.28499984741211,19.309999465942383,19.190000534057617,19.260000228881836,73988,0.0,0.0
2023-10-05 11:30:00-04:00,19.270000457763672,19.545000076293945,19.260000228881836,19.540000915527344,37198,0.0,0.0
2023-10-05 12:30:00-04:00,19.549999237060547,19.6299991607666,19.489999771118164,19.6299991607666,41781,0.0,0.0
2023-10-05 13:30:00-04:00,19.6200008392334,19.815000534057617,19.6200008392334,19.739999771118164,106538,0.0,0.0
2023-10-05 14:30:00-04:00,19.739999771118164,19.8799991607666,19.739999771118164,19.799999237060547,280812,0.0,0.0
2023-10-05 15:30:00-04:00,19.795000076293945,19.889999389648438,19.78499984741211,19.889999389648438,129158,0.0,0.0
2023-10-06 09:30:00-04:00,19.719999313354492,20.0,19.719999313354492,19.950000762939453,59993,0.0,0.0
2023-10-06 10:30:00-04:00,19.950000762939453,20.139999389648438,19.93000030517578,20.1299991607666,70765,0.0,0.0
2023-10-06 11:30:00-04:00,20.1299991607666,20.350000381469727,20.1299991607666,20.190000534057617,81930,0.0,0.0
2023-10-06 12:30:00-04:00,20.190000534057617,20.260000228881836,20.15999984741211,20.229999542236328,104335,0.0,0.0
2023-10-06 13:30:00-04:00,20.229999542236328,20.239999771118164,20.06999969482422,20.18000030517578,51893,0.0,0.0
2023-10-06 14:30:00-04:00,20.15999984741211,20.209999084472656,20.079999923706055,20.129899978637695,152248,0.0,0.0
2023-10-06 15:30:00-04:00,20.125,20.235000610351562,20.125,20.18000030517578,118884,0.0,0.0
2023-10-09 09:30:00-04:00,20.040000915527344,20.140100479125977,19.940000534057617,20.100000381469727,38782,0.0,0.0
2023-10-09 10:30:00-04:00,20.079999923706055,20.079999923706055,19.809999465942383,19.8799991607666,29885,0.0,0.0
2023-10-09 11:30:00-04:00,19.889999389648438,20.020000457763672,19.8799991607666,20.020000457763672,19701,0.0,0.0
2023-10-09 12:30:00-04:00,20.020000457763672,20.114999771118164,20.01799964904785,20.079999923706055,22208,0.0,0.0
2023-10-09 13:30:00-04:00,20.079999923706055,20.1299991607666,20.040000915527344,20.045000076293945,32312,0.0,0.0
2023-10-09 14:30:00-04:00,20.045000076293945,20.15999984741211,20.045000076293945,20.139999389648438,72105,0.0,0.0
2023-10-09 15:30:00-04:00,20.1299991607666,20.131000518798828,20.045000076293945,20.104999542236328,103814,0.0,0.0
2023-10-10 09:30:00-04:00,20.1200008392334,20.517499923706055,20.059999465942383,20.479999542236328,136627,0.0,0.0
2023-10-10 10:30:00-04:00,20.4950008392334,20.559999465942383,20.440000534057617,20.540000915527344,36446,0.0,0.0
2023-10-10 11:30:00-04:00,20.549999237060547,20.600000381469727,20.479999542236328,20.510000228881836,36136,0.0,0.0
2023-10-10 12:30:00-04:00,20.510000228881836,20.540000915527344,20.350000381469727,20.375,33464,0.0,0.0
2023-10-10 13:30:00-04:00,20.3700008392334,20.469999313354492,20.360000610351562,20.411800384521484,34970,0.0,0.0
2023-10-10 14:30:00-04:00,20.40999984741211,20.43000030517578,20.3700008392334,20.3799991607666,35938,0.0,0.0
2023-10-10 15:30:00-04:00,20.3799991607666,20.450000762939453,20.360000610351562,20.43000030517578,94460,0.0,0.0
2023-10-11 09:30:00-04:00,20.5,20.709999084472656,20.395000457763672,20.610000610351562,79685,0.0,0.0
2023-10-11 10:30:00-04:00,20.610000610351562,20.735000610351562,20.53499984741211,20.700000762939453,52126,0.0,0.0
2023-10-11 11:30:00-04:00,20.700000762939453,20.729999542236328,20.59000015258789,20.604999542236328,36472,0.0,0.0
2023-10-11 12:30:00-04:00,20.604999542236328,20.604999542236328,20.45789909362793,20.5,33643,0.0,0.0
2023-10-11 13:30:00-04:00,20.4950008392334,20.514999389648438,20.40999984741211,20.5,28002,0.0,0.0
2023-10-11 14:30:00-04:00,20.485000610351562,20.530000686645508,20.469999313354492,20.530000686645508,32841,0.0,0.0
2023-10-11 15:30:00-04:00,20.524999618530273,20.594999313354492,20.520099639892578,20.56999969482422,125906,0.0,0.0
2023-10-12 09:30:00-04:00,20.559999465942383,20.729999542236328,20.280000686645508,20.399999618530273,30190,0.0,0.0
2023-10-12 10:30:00-04:00,20.40999984741211,20.450000762939453,20.31999969482422,20.389999389648438,144762,0.0,0.0
2023-10-12 11:30:00-04:00,20.3799991607666,20.420000076293945,20.315000534057617,20.399999618530273,33195,0.0,0.0
2023-10-12 12:30:00-04:00,20.395000457763672,20.415000915527344,20.19099998474121,20.19099998474121,36659,0.0,0.0
2023-10-12 13:30:00-04:00,20.190000534057617,20.229999542236328,20.030000686645508,20.125,37710,0.0,0.0
2023-10-12 14:30:00-04:00,20.1299991607666,20.209999084472656,20.104999542236328,20.200000762939453,33229,0.0,0.0
2023-10-12 15:30:00-04:00,20.209999084472656,20.2549991607666,20.165000915527344,20.239999771118164,90947,0.0,0.0
2023-10-13 09:30:00-04:00,20.420000076293945,20.420000076293945,20.1200008392334,20.149999618530273,89357,0.0,0.0
2023-10-13 10:30:00-04:00,20.15999984741211,20.18000030517578,19.7450008392334,19.799999237060547,218489,0.0,0.0
2023-10-13 11:30:00-04:00,19.799999237060547,19.799999237060547,19.540000915527344,19.56999969482422,80485,0.0,0.0
2023-10-13 12:30:00-04:00,19.565000534057617,19.690000534057617,19.280000686645508,19.290000915527344,62150,0.0,0.0
2023-10-13 13:30:00-04:00,19.299999237060547,19.514999389648438,19.299999237060547,19.3700008392334,57577,0.0,0.0
2023-10-13 14:30:00-04:00,19.389999389648438,19.565000534057617,19.385000228881836,19.5049991607666,57770,0.0,0.0
2023-10-13 15:30:00-04:00,19.510000228881836,19.540000915527344,19.420000076293945,19.540000915527344,98128,0.0,0.0
2023-10-16 09:30:00-04:00,19.68000030517578,19.68000030517578,19.44849967956543,19.6200008392334,71470,0.0,0.0
2023-10-16 10:30:00-04:00,19.6299991607666,19.670000076293945,19.530000686645508,19.6200008392334,55628,0.0,0.0
2023-10-16 11:30:00-04:00,19.6200008392334,19.639999389648438,19.540000915527344,19.6299991607666,37248,0.0,0.0
2023-10-16 12:30:00-04:00,19.639999389648438,19.709999084472656,19.59000015258789,19.59000015258789,35354,0.0,0.0
2023-10-16 13:30:00-04:00,19.59000015258789,19.670000076293945,19.549999237060547,19.65999984741211,138670,0.0,0.0
2023-10-16 14:30:00-04:00,19.65999984741211,19.81999969482422,19.6200008392334,19.790000915527344,132133,0.0,0.0
2023-10-16 15:30:00-04:00,19.780000686645508,19.809999465942383,19.719999313354492,19.729999542236328,104504,0.0,0.0
2023-10-17 09:30:00-04:00,19.639999389648438,19.979999542236328,19.610000610351562,19.940000534057617,40778,0.0,0.0
2023-10-17 10:30:00-04:00,19.934999465942383,20.09000015258789,19.934999465942383,20.09000015258789,58916,0.0,0.0
2023-10-17 11:30:00-04:00,20.100000381469727,20.295000076293945,20.100000381469727,20.204999923706055,53063,0.0,0.0
2023-10-17 12:30:00-04:00,20.209999084472656,20.2549991607666,20.1299991607666,20.15999984741211,54524,0.0,0.0
2023-10-17 13:30:00-04:00,20.110000610351562,20.139999389648438,20.059999465942383,20.104999542236328,24229,0.0,0.0
2023-10-17 14:30:00-04:00,20.100000381469727,20.145000457763672,20.0,20.09000015258789,55732,0.0,0.0
2023-10-17 15:30:00-04:00,20.094999313354492,20.100000381469727,20.010000228881836,20.010000228881836,92376,0.0,0.0
2023-10-18 09:30:00-04:00,19.979999542236328,20.06999969482422,19.770000457763672,19.83989906311035,31402,0.0,0.0
2023-10-18 10:30:00-04:00,19.809999465942383,19.809999465942383,19.610000610351562,19.6200008392334,36443,0.0,0.0
2023-10-18 11:30:00-04:00,19.610000610351562,19.610000610351562,19.540000915527344,19.549999237060547,25985,0.0,0.0
2023-10-18 12:30:00-04:00,19.540000915527344,19.59000015258789,19.489999771118164,19.530000686645508,32747,0.0,0.0
2023-10-18 13:30:00-04:00,19.530099868774414,19.56999969482422,19.469999313354492,19.56999969482422,47881,0.0,0.0
2023-10-18 14:30:00-04:00,19.56999969482422,19.59000015258789,19.485000610351562,19.5,45946,0.0,0.0
2023-10-18 15:30:00-04:00,19.5049991607666,19.520000457763672,19.450000762939453,19.459999084472656,80665,0.0,0.0
2023-10-19 09:30:00-04:00,19.579999923706055,19.729999542236328,19.530000686645508,19.690000534057617,35328,0.0,0.0
2023-10-19 10:30:00-04:00,19.670000076293945,19.81999969482422,19.391599655151367,19.510000228881836,90171,0.0,0.0
2023-10-19 11:30:00-04:00,19.510000228881836,19.760000228881836,19.510000228881836,19.739999771118164,35339,0.0,0.0
2023-10-19 12:30:00-04:00,19.729999542236328,19.924999237060547,19.625,19.889999389648438,38824,0.0,0.0
2023-10-19 13:30:00-04:00,19.8700008392334,19.8700008392334,19.770000457763672,19.829999923706055,50477,0.0,0.0
2023-10-19 14:30:00-04:00,19.81999969482422,19.81999969482422,19.719999313354492,19.739999771118164,49549,0.0,0.0
2023-10-19 15:30:00-04:00,19.7450008392334,19.75,19.5,19.5,187368,0.0,0.0
2023-10-20 09:30:00-04:00,19.469999313354492,19.469999313354492,19.0,19.0,90758,0.0,0.0
2023-10-20 10:30:00-04:00,18.99650001525879,19.0,18.860000610351562,18.90999984741211,51689,0.0,0.0
2023-10-20 11:30:00-04:00,18.93000030517578,19.049999237060547,18.920000076293945,18.989999771118164,67632,0.0,0.0
2023-10-20 12:30:00-04:00,19.0,19.200000762939453,18.989999771118164,19.149999618530273,91960,0.0,0.0
2023-10-20 13:30:00-04:00,19.149999618530273,19.170000076293945,19.065000534057617,19.084999084472656,116601,0.0,0.0
2023-10-20 14:30:00-04:00,19.084999084472656,19.15999984741211,19.059999465942383,19.079999923706055,86947,0.0,0.0
2023-10-20 15:30:00-04:00,19.06999969482422,19.145000457763672,18.920000076293945,18.940000534057617,161026,0.0,0.0
2023-10-23 09:30:00-04:00,18.90999984741211,19.40999984741211,18.809999465942383,19.354999542236328,236932,0.0,0.0
2023-10-23 10:30:00-04:00,19.354999542236328,19.420000076293945,19.15999984741211,19.219999313354492,163416,0.0,0.0
2023-10-23 11:30:00-04:00,19.219999313354492,19.420000076293945,19.165000915527344,19.28499984741211,151952,0.0,0.0
2023-10-23 12:30:00-04:00,19.28499984741211,19.299999237060547,19.19499969482422,19.21500015258789,45476,0.0,0.0
2023-10-23 13:30:00-04:00,19.209999084472656,19.280000686645508,19.170000076293945,19.2450008392334,60222,0.0,0.0
2023-10-23 14:30:00-04:00,19.239999771118164,19.264999389648438,19.114999771118164,19.125,81180,0.0,0.0
2023-10-23 15:30:00-04:00,19.1200008392334,19.21500015258789,19.06999969482422,19.09000015258789,301712,0.0,0.0
2023-10-24 09:30:00-04:00,19.25,19.649999618530273,19.25,19.610000610351562,43368,0.0,0.0
2023-10-24 10:30:00-04:00,19.56999969482422,19.600000381469727,19.5,19.559999465942383,14420,0.0,0.0
2023-10-24 11:30:00-04:00,19.530000686645508,19.6200008392334,19.329999923706055,19.360000610351562,248940,0.0,0.0
2023-10-24 12:30:00-04:00,19.3700008392334,19.440000534057617,19.219999313354492,19.389999389648438,27839,0.0,0.0
2023-10-24 13:30:00-04:00,19.389999389648438,19.540000915527344,19.37310028076172,19.5,48748,0.0,0.0
2023-10-24 14:30:00-04:00,19.510000228881836,19.540000915527344,19.450000762939453,19.450000762939453,44779,0.0,0.0
2023-10-24 15:30:00-04:00,19.454999923706055,19.469999313354492,19.3799991607666,19.399999618530273,167471,0.0,0.0
2023-10-25 09:30:00-04:00,19.270000457763672,19.34000015258789,18.969999313354492,19.0,71775,0.0,0.0
2023-10-25 10:30:00-04:00,19.010000228881836,19.139999389648438,18.989999771118164,19.09000015258789,79928,0.0,0.0
2023-10-25 11:30:00-04:00,19.079999923706055,19.09000015258789,18.889999389648438,18.94499969482422,57384,0.0,0.0
2023-10-25 12:30:00-04:00,18.93000030517578,18.93000030517578,18.829999923706055,18.850000381469727,42139,0.0,0.0
2023-10-25 13:30:00-04:00,18.850000381469727,18.889999389648438,18.760000228881836,18.889999389648438,50154,0.0,0.0
2023-10-25 14:30:00-04:00,18.90999984741211,18.90999984741211,18.780000686645508,18.81999969482422,52145,0.0,0.0
2023-10-25 15:30:00-04:00,18.829999923706055,18.860000610351562,18.719999313354492,18.719999313354492,104918,0.0,0.0
2023-10-26 09:30:00-04:00,18.829999923706055,18.8700008392334,18.549999237060547,18.65999984741211,52963,0.0,0.0
2023-10-26 10:30:00-04:00,18.64900016784668,18.780000686645508,18.540000915527344,18.584999084472656,71314,0.0,0.0
2023-10-26 11:30:00-04:00,18.584999084472656,18.600000381469727,18.424999237060547,18.424999237060547,85315,0.0,0.0
2023-10-26 12:30:00-04:00,18.420000076293945,18.440000534057617,18.364999771118164,18.389999389648438,53175,0.0,0.0
2023-10-26 13:30:00-04:00,18.394500732421875,18.579999923706055,18.389999389648438,18.540000915527344,193678,0.0,0.0
2023-10-26 14:30:00-04:00,18.520000457763672,18.59000015258789,18.5,18.530000686645508,53532,0.0,0.0
2023-10-26 15:30:00-04:00,18.520000457763672,18.559999465942383,18.479999542236328,18.5,284088,0.0,0.0
2023-10-27 09:30:00-04:00,18.540000915527344,18.56999969482422,18.299999237060547,18.420000076293945,23755,0.0,0.0
2023-10-27 10:30:00-04:00,18.40999984741211,18.530000686645508,18.360000610351562,18.530000686645508,25523,0.0,0.0
2023-10-27 11:30:00-04:00,18.510000228881836,18.520000457763672,18.3700008392334,18.3799991607666,15478,0.0,0.0
2023-10-27 12:30:00-04:00,18.389999389648438,18.450000762939453,18.219999313354492,18.22949981689453,33761,0.0,0.0
2023-10-27 13:30:00-04:00,18.229999542236328,18.270000457763672,18.170000076293945,18.190000534057617,33118,0.0,0.0
2023-10-27 14:30:00-04:00,18.190000534057617,18.260000228881836,18.139999389648438,18.18000030517578,48048,0.0,0.0
2023-10-27 15:30:00-04:00,18.170000076293945,18.209999084472656,18.110000610351562,18.209999084472656,92222,0.0,0.0
2023-10-30 09:30:00-04:00,18.329999923706055,18.334999084472656,18.1200008392334,18.1200008392334,23351,0.0,0.0
2023-10-30 10:30:00-04:00,18.139999389648438,18.174999237060547,18.010099411010742,18.1299991607666,101476,0.0,0.0
2023-10-30 11:30:00-04:00,18.139999389648438,18.239999771118164,18.100000381469727,18.131900787353516,63896,0.0,0.0
2023-10-30 12:30:00-04:00,18.1299991607666,18.135000228881836,18.014999389648438,18.040000915527344,50814,0.0,0.0
2023-10-30 13:30:00-04:00,18.03499984741211,18.149999618530273,18.014999389648438,18.110000610351562,96653,0.0,0.0
2023-10-30 14:30:00-04:00,18.100000381469727,18.200000762939453,18.084999084472656,18.09000015258789,165815,0.0,0.0
2023-10-30 15:30:00-04:00,18.100000381469727,18.100000381469727,17.971200942993164,18.0,106214,0.0,0.0
2023-10-31 09:30:00-04:00,17.989999771118164,18.110000610351562,17.93000030517578,18.06999969482422,43712,0.0,0.0
2023-10-31 10:30:00-04:00,18.079999923706055,18.219999313354492,18.065000534057617,18.1299991607666,78235,0.0,0.0
2023-10-31 11:30:00-04:00,18.1200008392334,18.209999084472656,18.079999923706055,18.174999237060547,34859,0.0,0.0
2023-10-31 12:30:00-04:00,18.190000534057617,18.207599639892578,18.084999084472656,18.09000015258789,22180,0.0,0.0
2023-10-31 13:30:00-04:00,18.09000015258789,18.209999084472656,18.09000015258789,18.165000915527344,43497,0.0,0.0
2023-10-31 14:30:00-04:00,18.15999984741211,18.17099952697754,18.0,18.020000457763672,152258,0.0,0.0
2023-10-31 15:30:00-04:00,18.020000457763672,18.06999969482422,17.985000610351562,18.06999969482422,280882,0.0,0.0
2023-11-01 09:30:00-04:00,17.979999542236328,18.260000228881836,17.979999542236328,18.229999542236328,59952,0.0,0.0
2023-11-01 10:30:00-04:00,18.229999542236328,18.25,18.06999969482422,18.06999969482422,48853,0.0,0.0
2023-11-01 11:30:00-04:00,18.059999465942383,18.06999969482422,17.905000686645508,17.920000076293945,67606,0.0,0.0
2023-11-01 12:30:00-04:00,17.950000762939453,17.969999313354492,17.860000610351562,17.8700008392334,48276,0.0,0.0
2023-11-01 13:30:00-04:00,17.8700008392334,17.899999618530273,17.770000457763672,17.795000076293945,61807,0.0,0.0
2023-11-01 14:30:00-04:00,17.799999237060547,17.850000381469727,17.649999618530273,17.84000015258789,108962,0.0,0.0
2023-11-01 15:30:00-04:00,17.84000015258789,17.940000534057617,17.799999237060547,17.940000534057617,217590,0.0,0.0
2023-11-02 09:30:00-04:00,18.190000534057617,19.40999984741211,18.190000534057617,18.915000915527344,222901,0.0,0.0
2023-11-02 10:30:00-04:00,18.915000915527344,19.09000015258789,18.770000457763672,18.8700008392334,99395,0.0,0.0
2023-11-02 11:30:00-04:00,18.889999389648438,18.979999542236328,18.809999465942383,18.920000076293945,104913,0.0,0.0
2023-11-02 12:30:00-04:00,18.920000076293945,18.920000076293945,18.770000457763672,18.809999465942383,52043,0.0,0.0
2023-11-02 13:30:00-04:00,18.795000076293945,18.899999618530273,18.709999084472656,18.899999618530273,60596,0.0,0.0
2023-11-02 14:30:00-04:00,18.885000228881836,18.899999618530273,18.670000076293945,18.729999542236328,117429,0.0,0.0
2023-11-02 15:30:00-04:00,18.729999542236328,18.735000610351562,18.469999313354492,18.579999923706055,306750,0.0,0.0
2023-11-03 09:30:00-04:00,18.610000610351562,18.920000076293945,18.610000610351562,18.829999923706055,112749,0.0,0.0
2023-11-03 10:30:00-04:00,18.84000015258789,19.010000228881836,18.809999465942383,18.905000686645508,132354,0.0,0.0
2023-11-03 11:30:00-04:00,18.889999389648438,18.90999984741211,18.559999465942383,18.65999984741211,137764,0.0,0.0
2023-11-03 12:30:00-04:00,18.65999984741211,18.670000076293945,18.5,18.65999984741211,77561,0.0,0.0
2023-11-03 13:30:00-04:00,18.639999389648438,18.850000381469727,18.639999389648438,18.770000457763672,90889,0.0,0.0
2023-11-03 14:30:00-04:00,18.787799835205078,18.790000915527344,18.469999313354492,18.485000610351562,209299,0.0,0.0
2023-11-03 15:30:00-04:00,18.5,18.610000610351562,18.459999084472656,18.530000686645508,175766,0.0,0.0
2023-11-06 09:30:00-05:00,18.809999465942383,18.899999618530273,18.170000076293945,18.399999618530273,118284,0.0,0.0
2023-11-06 10:30:00-05:00,18.424999237060547,18.440000534057617,18.010000228881836,18.049999237060547,122568,0.0,0.0
2023-11-06 11:30:00-05:00,18.06999969482422,18.149999618530273,18.0,18.049999237060547,53373,0.0,0.0
2023-11-06 12:30:00-05:00,18.045499801635742,18.049999237060547,17.8799991607666,17.93000030517578,122446,0.0,0.0
2023-11-06 13:30:00-05:00,17.940000534057617,18.079999923706055,17.93000030517578,18.049999237060547,57097,0.0,0.0
2023-11-06 14:30:00-05:00,18.049999237060547,18.209999084472656,17.959999084472656,18.184999465942383,383882,0.0,0.0
2023-11-06 15:30:00-05:00,18.190000534057617,18.21500015258789,18.049999237060547,18.15999984741211,225077,0.0,0.0
2023-11-07 09:30:00-05:00,18.389999389648438,18.950000762939453,18.079999923706055,18.770000457763672,3311381,0.0,0.0
2023-11-07 10:30:00-05:00,18.780000686645508,18.90999984741211,18.559999465942383,18.729999542236328,1049791,0.0,0.0
2023-11-07 11:30:00-05:00,18.735000610351562,18.899999618530273,18.735000610351562,18.760000228881836,468207,0.0,0.0
2023-11-07 12:30:00-05:00,18.760000228881836,18.8700008392334,18.760000228881836,18.844999313354492,702141,0.0,0.0
2023-11-07 13:30:00-05:00,18.844999313354492,18.90999984741211,18.709999084472656,18.850000381469727,702147,0.0,0.0
2023-11-07 14:30:00-05:00,18.84000015258789,19.0,18.760000228881836,18.825000762939453,917405,0.0,0.0
2023-11-07 15:30:00-05:00,18.825000762939453,18.920000076293945,18.700000762939453,18.719999313354492,1305140,0.0,0.0
2023-11-08 09:30:00-05:00,18.75,18.915000915527344,18.709999084472656,18.84000015258789,214582,0.0,0.0
2023-11-08 10:30:00-05:00,18.84000015258789,18.850000381469727,18.719999313354492,18.795000076293945,204895,0.0,0.0
2023-11-08 11:30:00-05:00,18.795000076293945,18.850000381469727,18.729999542236328,18.760000228881836,236202,0.0,0.0
2023-11-08 12:30:00-05:00,18.7549991607666,18.93000030517578,18.729999542236328,18.850000381469727,227852,0.0,0.0
2023-11-08 13:30:00-05:00,18.854999542236328,18.93000030517578,18.81999969482422,18.889999389648438,248937,0.0,0.0
2023-11-08 14:30:00-05:00,18.889999389648438,19.165000915527344,18.854999542236328,19.1299991607666,574910,0.0,0.0
2023-11-08 15:30:00-05:00,19.1299991607666,19.229999542236328,18.9950008392334,19.200000762939453,441877,0.0,0.0
2023-11-09 09:30:00-05:00,19.190000534057617,19.2549991607666,18.969999313354492,19.040000915527344,81346,0.0,0.0
2023-11-09 10:30:00-05:00,19.030000686645508,19.25,18.969999313354492,19.110000610351562,134076,0.0,0.0
2023-11-09 11:30:00-05:00,19.125,19.139999389648438,19.030000686645508,19.031999588012695,76490,0.0,0.0
2023-11-09 12:30:00-05:00,19.040000915527344,19.125,18.989999771118164,19.100000381469727,114678,0.0,0.0
2023-11-09 13:30:00-05:00,19.09000015258789,19.1299991607666,18.989999771118164,19.049999237060547,86156,0.0,0.0
2023-11-09 14:30:00-05:00,19.045000076293945,19.079999923706055,18.950000762939453,19.0,180092,0.0,0.0
2023-11-09 15:30:00-05:00,19.0,19.024999618530273,18.940000534057617,19.0,307226,0.0,0.0
2023-11-10 09:30:00-05:00,19.0,19.18000030517578,19.0,19.05500030517578,73560,0.0,0.0
2023-11-10 10:30:00-05:00,19.06999969482422,19.229999542236328,19.049999237060547,19.200000762939453,83481,0.0,0.0
2023-11-10 11:30:00-05:00,19.190000534057617,19.200000762939453,19.100000381469727,19.15999984741211,76553,0.0,0.0
2023-11-10 12:30:00-05:00,19.170000076293945,19.260000228881836,19.155000686645508,19.260000228881836,80081,0.0,0.0
2023-11-10 13:30:00-05:00,19.25,19.309999465942383,19.219999313354492,19.25,116061,0.0,0.0
2023-11-10 14:30:00-05:00,19.239999771118164,19.2450008392334,19.139999389648438,19.209999084472656,163611,0.0,0.0
2023-11-10 15:30:00-05:00,19.209999084472656,19.239999771118164,19.170000076293945,19.239999771118164,180293,0.0,0.0
2023-11-13 09:30:00-05:00,19.260000228881836,19.75,19.25,19.742000579833984,1225665,0.0,0.0
2023-11-13 10:30:00-05:00,19.75,19.860000610351562,19.5,19.809999465942383,258673,0.0,0.0
2023-11-13 11:30:00-05:00,19.815000534057617,19.979999542236328,19.809999465942383,19.8700008392334,106484,0.0,0.0
2023-11-13 12:30:00-05:00,19.888999938964844,19.920000076293945,19.790000915527344,19.854999542236328,106040,0.0,0.0
2023-11-13 13:30:00-05:00,19.850000381469727,20.0,19.829999923706055,19.979999542236328,138689,0.0,0.0
2023-11-13 14:30:00-05:00,19.989999771118164,20.010000228881836,19.940000534057617,19.985000610351562,168937,0.0,0.0
2023-11-13 15:30:00-05:00,19.979999542236328,20.087499618530273,19.934999465942383,20.049999237060547,268946,0.0,0.0
2023-11-14 09:30:00-05:00,20.389999389648438,20.6299991607666,20.264999389648438,20.2908992767334,228205,0.0,0.0
2023-11-14 10:30:00-05:00,20.290000915527344,20.389999389648438,20.21500015258789,20.389999389648438,77709,0.0,0.0
2023-11-14 11:30:00-05:00,20.3799991607666,20.68000030517578,20.3799991607666,20.639999389648438,166766,0.0,0.0
2023-11-14 12:30:00-05:00,20.6200008392334,20.729999542236328,20.56999969482422,20.69499969482422,49831,0.0,0.0
2023-11-14 13:30:00-05:00,20.691999435424805,20.934999465942383,20.6200008392334,20.920000076293945,203369,0.0,0.0
2023-11-14 14:30:00-05:00,20.915000915527344,21.149999618530273,20.899999618530273,21.049999237060547,291042,0.0,0.0
2023-11-14 15:30:00-05:00,21.040000915527344,21.260000228881836,21.040000915527344,21.139999389648438,564167,0.0,0.0
2023-11-15 09:30:00-05:00,21.149999618530273,21.649999618530273,21.110000610351562,21.53499984741211,195290,0.0,0.0
2023-11-15 10:30:00-05:00,21.53499984741211,21.770000457763672,21.399999618530273,21.489999771118164,126661,0.0,0.0
2023-11-15 11:30:00-05:00,21.489999771118164,21.5049991607666,21.280000686645508,21.459999084472656,300011,0.0,0.0
2023-11-15 12:30:00-05:00,21.399999618530273,21.459999084472656,21.104999542236328,21.204999923706055,235189,0.0,0.0
2023-11-15 13:30:00-05:00,21.19499969482422,21.360000610351562,21.1200008392334,21.299999237060547,162601,0.0,0.0
2023-11-15 14:30:00-05:00,21.299999237060547,21.399999618530273,21.15999984741211,21.209999084472656,154396,0.0,0.0
2023-11-15 15:30:00-05:00,21.190000534057617,21.264999389648438,21.1200008392334,21.229999542236328,152898,0.0,0.0
2023-11-16 09:30:00-05:00,21.190000534057617,21.329999923706055,21.170000076293945,21.290000915527344,75098,0.0,0.0
2023-11-16 10:30:00-05:00,21.299999237060547,21.309999465942383,20.979999542236328,21.010000228881836,39866,0.0,0.0
2023-11-16 11:30:00-05:00,20.989999771118164,21.239999771118164,20.959999084472656,21.190000534057617,100484,0.0,0.0
2023-11-16 12:30:00-05:00,21.170000076293945,21.30900001525879,21.110000610351562,21.200000762939453,98395,0.0,0.0
2023-11-16 13:30:00-05:00,21.190000534057617,21.270000457763672,21.190000534057617,21.209999084472656,49941,0.0,0.0
2023-11-16 14:30:00-05:00,21.201000213623047,21.280000686645508,21.200000762939453,21.260000228881836,55572,0.0,0.0
2023-11-16 15:30:00-05:00,21.260000228881836,21.280000686645508,21.1299991607666,21.15999984741211,145102,0.0,0.0
2023-11-17 09:30:00-05:00,21.170000076293945,21.209999084472656,21.0,21.15999984741211,38597,0.0,0.0
2023-11-17 10:30:00-05:00,21.138999938964844,21.299999237060547,21.100000381469727,21.280000686645508,52121,0.0,0.0
2023-11-17 11:30:00-05:00,21.280000686645508,21.3799991607666,21.270000457763672,21.34000015258789,68983,0.0,0.0
2023-11-17 12:30:00-05:00,21.334999084472656,21.389999389648438,21.202999114990234,21.239999771118164,73508,0.0,0.0
2023-11-17 13:30:00-05:00,21.23200035095215,21.25,20.969999313354492,21.030000686645508,156626,0.0,0.0
2023-11-17 14:30:00-05:00,21.03499984741211,21.290000915527344,21.020000457763672,21.219999313354492,203072,0.0,0.0
2023-11-17 15:30:00-05:00,21.229999542236328,21.260000228881836,21.18000030517578,21.190000534057617,172641,0.0,0.0
2023-11-20 09:30:00-05:00,21.329999923706055,21.399999618530273,21.170000076293945,21.27899932861328,53390,0.0,0.0
2023-11-20 10:30:00-05:00,21.270000457763672,21.530000686645508,21.260000228881836,21.459999084472656,109648,0.0,0.0
2023-11-20 11:30:00-05:00,21.459999084472656,21.520000457763672,21.34000015258789,21.3799991607666,150250,0.0,0.0
2023-11-20 12:30:00-05:00,21.3700008392334,21.389999389648438,21.260000228881836,21.31999969482422,81342,0.0,0.0
2023-11-20 13:30:00-05:00,21.309999465942383,21.360000610351562,21.1200008392334,21.139999389648438,106138,0.0,0.0
2023-11-20 14:30:00-05:00,21.1299991607666,21.229999542236328,21.09000015258789,21.149999618530273,104542,0.0,0.0
2023-11-20 15:30:00-05:00,21.155000686645508,21.200000762939453,21.1200008392334,21.18000030517578,108911,0.0,0.0
2023-11-21 09:30:00-05:00,21.100000381469727,21.135000228881836,20.90999984741211,20.930999755859375,99950,0.0,0.0
2023-11-21 10:30:00-05:00,20.920000076293945,20.989999771118164,20.86039924621582,20.93000030517578,74095,0.0,0.0
2023-11-21 11:30:00-05:00,20.93000030517578,20.969999313354492,20.90999984741211,20.920000076293945,39493,0.0,0.0
2023-11-21 12:30:00-05:00,20.93000030517578,20.950000762939453,20.860000610351562,20.889999389648438,61622,0.0,0.0
2023-11-21 13:30:00-05:00,20.889999389648438,20.989999771118164,20.8799991607666,20.969999313354492,50470,0.0,0.0
2023-11-21 14:30:00-05:00,20.959999084472656,21.049999237060547,20.950000762939453,20.989999771118164,53206,0.0,0.0
2023-11-21 15:30:00-05:00,20.985000610351562,20.989999771118164,20.809999465942383,20.8799991607666,254030,0.0,0.0
2023-11-22 09:30:00-05:00,21.049999237060547,21.049999237060547,20.729999542236328,20.829999923706055,76826,0.0,0.0
2023-11-22 10:30:00-05:00,20.850000381469727,20.920000076293945,20.79800033569336,20.899999618530273,52541,0.0,0.0
2023-11-22 11:30:00-05:00,20.899999618530273,20.969999313354492,20.889999389648438,20.899999618530273,45891,0.0,0.0
2023-11-22 12:30:00-05:00,20.899999618530273,20.920000076293945,20.850000381469727,20.875,35761,0.0,0.0
2023-11-22 13:30:00-05:00,20.875,20.8799991607666,20.815000534057617,20.815000534057617,47729,0.0,0.0
2023-11-22 14:30:00-05:00,20.815000534057617,20.895000457763672,20.770000457763672,20.850000381469727,90685,0.0,0.0
2023-11-22 15:30:00-05:00,20.854999542236328,20.920000076293945,20.825000762939453,20.860000610351562,145578,0.0,0.0
2023-11-24 09:30:00-05:00,20.780000686645508,20.950000762939453,20.690000534057617,20.93000030517578,60152,0.0,0.0
2023-11-24 10:30:00-05:00,20.920000076293945,20.9950008392334,20.844999313354492,20.958999633789062,84769,0.0,0.0
2023-11-24 11:30:00-05:00,20.959999084472656,21.010000228881836,20.8700008392334,20.8700008392334,52507,0.0,0.0
2023-11-27 09:30:00-05:00,21.0,21.0,20.860000610351562,20.899999618530273,939906,0.0,0.0
2023-11-27 10:30:00-05:00,20.899999618530273,20.950000762939453,20.829999923706055,20.8799991607666,38133,0.0,0.0
2023-11-27 11:30:00-05:00,20.87660026550293,21.010000228881836,20.860000610351562,20.950000762939453,74120,0.0,0.0
2023-11-27 12:30:00-05:00,20.940000534057617,20.989999771118164,20.91160011291504,20.940000534057617,46167,0.0,0.0
2023-11-27 13:30:00-05:00,20.940000534057617,21.0,20.920000076293945,20.950000762939453,49962,0.0,0.0
2023-11-27 14:30:00-05:00,20.950000762939453,21.099899291992188,20.940000534057617,21.06999969482422,84358,0.0,0.0
2023-11-27 15:30:00-05:00,21.079999923706055,21.09000015258789,21.0,21.010000228881836,122999,0.0,0.0
2023-11-28 09:30:00-05:00,20.93000030517578,21.0,20.809999465942383,20.940000534057617,54984,0.0,0.0
2023-11-28 10:30:00-05:00,20.920000076293945,21.0,20.81999969482422,20.975000381469727,69751,0.0,0.0
2023-11-28 11:30:00-05:00,20.969999313354492,21.040000915527344,20.860000610351562,20.940000534057617,74884,0.0,0.0
2023-11-28 12:30:00-05:00,20.940000534057617,21.100000381469727,20.889999389648438,20.940000534057617,85542,0.0,0.0
2023-11-28 13:30:00-05:00,20.940000534057617,21.030000686645508,20.93000030517578,20.979999542236328,57509,0.0,0.0
2023-11-28 14:30:00-05:00,20.989999771118164,21.264999389648438,20.979999542236328,21.045000076293945,162350,0.0,0.0
2023-11-28 15:30:00-05:00,21.047000885009766,21.139999389648438,21.040000915527344,21.1200008392334,136253,0.0,0.0
2023-11-29 09:30:00-05:00,21.34000015258789,21.889999389648438,21.260000228881836,21.389999389648438,227925,0.0,0.0
2023-11-29 10:30:00-05:00,21.360000610351562,21.3799991607666,21.040000915527344,21.040000915527344,86448,0.0,0.0
2023-11-29 11:30:00-05:00,21.030000686645508,21.360000610351562,21.030000686645508,21.28499984741211,121132,0.0,0.0
2023-11-29 12:30:00-05:00,21.270000457763672,21.600000381469727,21.25,21.399999618530273,178001,0.0,0.0
2023-11-29 13:30:00-05:00,21.389999389648438,21.389999389648438,21.25,21.290000915527344,73262,0.0,0.0
2023-11-29 14:30:00-05:00,21.290000915527344,21.399999618530273,21.15999984741211,21.360000610351562,113300,0.0,0.0
2023-11-29 15:30:00-05:00,21.354999542236328,21.420000076293945,21.219999313354492,21.299999237060547,224479,0.0,0.0
2023-11-30 09:30:00-05:00,21.389999389648438,21.479999542236328,21.149999618530273,21.280000686645508,46372,0.0,0.0
2023-11-30 10:30:00-05:00,21.229999542236328,21.360000610351562,21.190000534057617,21.329999923706055,89883,0.0,0.0
2023-11-30 11:30:00-05:00,21.31999969482422,21.34000015258789,21.15999984741211,21.219999313354492,132945,0.0,0.0
2023-11-30 12:30:00-05:00,21.219999313354492,21.299999237060547,21.1200008392334,21.15999984741211,107814,0.0,0.0
2023-11-30 13:30:00-05:00,21.15999984741211,21.15999984741211,21.049999237060547,21.079999923706055,86485,0.0,0.0
2023-11-30 14:30:00-05:00,21.059999465942383,21.149999618530273,20.989999771118164,21.094999313354492,84603,0.0,0.0
2023-11-30 15:30:00-05:00,21.079999923706055,21.329999923706055,21.059999465942383,21.329999923706055,234853,0.0,0.0
2023-12-01 09:30:00-05:00,19.600000381469727,19.889999389648438,19.485000610351562,19.639999389648438,2956113,0.0,0.0
2023-12-01 10:30:00-05:00,19.639999389648438,19.75,19.56999969482422,19.639999389648438,496589,0.0,0.0
2023-12-01 11:30:00-05:00,19.649999618530273,19.719999313354492,19.579999923706055,19.635000228881836,494787,0.0,0.0
2023-12-01 12:30:00-05:00,19.635000228881836,19.709999084472656,19.489999771118164,19.510000228881836,629658,0.0,0.0
2023-12-01 13:30:00-05:00,19.510000228881836,19.709999084472656,19.3799991607666,19.68000030517578,1010656,0.0,0.0
2023-12-01 14:30:00-05:00,19.68000030517578,19.84000015258789,19.6200008392334,19.7549991607666,890063,0.0,0.0
2023-12-01 15:30:00-05:00,19.7549991607666,19.920000076293945,19.75,19.75,1360170,0.0,0.0
2023-12-04 09:30:00-05:00,19.610000610351562,19.614999771118164,18.75,18.81999969482422,657541,0.0,0.0
2023-12-04 10:30:00-05:00,18.829999923706055,19.25,18.719999313354492,19.25,336673,0.0,0.0
2023-12-04 11:30:00-05:00,19.229999542236328,19.31999969482422,19.170000076293945,19.25,315094,0.0,0.0
2023-12-04 12:30:00-05:00,19.260000228881836,19.399999618530273,19.079999923706055,19.09000015258789,265060,0.0,0.0
2023-12-04 13:30:00-05:00,19.079999923706055,19.18000030517578,18.969999313354492,19.09000015258789,313316,0.0,0.0
2023-12-04 14:30:00-05:00,19.079999923706055,19.110000610351562,18.979999542236328,19.084999084472656,408268,0.0,0.0
2023-12-04 15:30:00-05:00,19.079999923706055,19.170000076293945,19.059999465942383,19.149999618530273,476929,0.0,0.0
2023-12-05 09:30:00-05:00,19.1200008392334,19.1200008392334,18.68000030517578,18.700000762939453,161155,0.0,0.0
2023-12-05 10:30:00-05:00,18.700000762939453,18.920000076293945,18.649999618530273,18.770000457763672,190357,0.0,0.0
2023-12-05 11:30:00-05:00,18.790000915527344,18.829999923706055,18.725000381469727,18.7450008392334,143652,0.0,0.0
2023-12-05 12:30:00-05:00,18.7450008392334,18.75,18.549999237060547,18.69499969482422,199915,0.0,0.0
2023-12-05 13:30:00-05:00,18.690000534057617,18.899999618530273,18.68000030517578,18.889999389648438,157360,0.0,0.0
2023-12-05 14:30:00-05:00,18.889999389648438,18.90999984741211,18.80500030517578,18.8799991607666,146610,0.0,0.0
2023-12-05 15:30:00-05:00,18.8700008392334,18.979999542236328,18.780000686645508,18.950000762939453,398559,0.0,0.0
2023-12-06 09:30:00-05:00,19.0,19.149999618530273,18.90999984741211,19.030000686645508,129276,0.0,0.0
2023-12-06 10:30:00-05:00,19.010000228881836,19.239999771118164,19.010000228881836,19.1299991607666,152469,0.0,0.0
2023-12-06 11:30:00-05:00,19.139999389648438,19.200000762939453,19.06999969482422,19.200000762939453,117096,0.0,0.0
2023-12-06 12:30:00-05:00,19.190000534057617,19.260000228881836,19.149999618530273,19.208999633789062,170185,0.0,0.0
2023-12-06 13:30:00-05:00,19.190000534057617,19.309999465942383,19.190000534057617,19.260000228881836,144268,0.0,0.0
2023-12-06 14:30:00-05:00,19.274999618530273,19.440000534057617,19.274999618530273,19.309999465942383,210589,0.0,0.0
2023-12-06 15:30:00-05:00,19.309999465942383,19.334999084472656,19.190000534057617,19.200000762939453,336458,0.0,0.0
2023-12-07 09:30:00-05:00,19.149999618530273,19.149999618530273,18.950000762939453,18.9950008392334,312059,0.0,0.0
2023-12-07 10:30:00-05:00,18.9950008392334,19.014999389648438,18.739999771118164,18.780000686645508,408074,0.0,0.0
2023-12-07 11:30:00-05:00,18.790000915527344,18.860000610351562,18.770000457763672,18.860000610351562,75683,0.0,0.0
2023-12-07 12:30:00-05:00,18.860000610351562,18.920000076293945,18.780000686645508,18.920000076293945,95243,0.0,0.0
2023-12-07 13:30:00-05:00,18.917499542236328,18.93000030517578,18.895000457763672,18.905000686645508,87139,0.0,0.0
2023-12-07 14:30:00-05:00,18.899999618530273,18.93000030517578,18.809999465942383,18.93000030517578,146185,0.0,0.0
2023-12-07 15:30:00-05:00,18.93000030517578,19.014999389648438,18.90999984741211,18.969999313354492,313773,0.0,0.0
2023-12-08 09:30:00-05:00,18.920000076293945,19.100000381469727,18.809999465942383,19.06999969482422,66503,0.0,0.0
2023-12-08 10:30:00-05:00,19.06999969482422,19.1299991607666,19.020000457763672,19.100000381469727,48969,0.0,0.0
2023-12-08 11:30:00-05:00,19.100000381469727,19.290000915527344,19.100000381469727,19.290000915527344,62705,0.0,0.0
2023-12-08 12:30:00-05:00,19.280000686645508,19.360000610351562,19.280000686645508,19.31999969482422,47823,0.0,0.0
2023-12-08 13:30:00-05:00,19.309999465942383,19.329999923706055,19.280000686645508,19.309999465942383,35221,0.0,0.0
2023-12-08 14:30:00-05:00,19.30500030517578,19.309999465942383,19.25,19.295000076293945,71354,0.0,0.0
2023-12-08 15:30:00-05:00,19.295000076293945,19.31999969482422,19.239999771118164,19.25,162742,0.0,0.0
2023-12-11 09:30:00-05:00,19.170000076293945,19.350000381469727,19.15999984741211,19.30500030517578,93604,0.0,0.0
2023-12-11 10:30:00-05:00,19.30500030517578,19.34000015258789,19.239999771118164,19.25,86177,0.0,0.0
2023-12-11 11:30:00-05:00,19.25,19.25,19.200000762939453,19.204999923706055,53991,0.0,0.0
2023-12-11 12:30:00-05:00,19.200000762939453,19.2549991607666,19.200000762939453,19.200000762939453,60009,0.0,0.0
2023-12-11 13:30:00-05:00,19.21500015258789,19.21500015258789,19.110000610351562,19.1200008392334,77420,0.0,0.0
2023-12-11 14:30:00-05:00,19.1200008392334,19.170000076293945,19.101999282836914,19.15999984741211,55672,0.0,0.0
2023-12-11 15:30:00-05:00,19.155000686645508,19.209999084472656,19.1299991607666,19.149999618530273,119148,0.0,0.0
2023-12-12 09:30:00-05:00,19.170000076293945,19.18000030517578,18.959999084472656,19.03499984741211,96348,0.0,0.0
2023-12-12 10:30:00-05:00,19.030000686645508,19.190000534057617,19.030000686645508,19.104999542236328,72459,0.0,0.0
2023-12-12 11:30:00-05:00,19.110000610351562,19.235000610351562,19.110000610351562,19.18000030517578,54117,0.0,0.0
2023-12-12 12:30:00-05:00,19.184999465942383,19.31999969482422,19.1299991607666,19.280000686645508,103447,0.0,0.0
2023-12-12 13:30:00-05:00,19.28499984741211,19.315000534057617,19.190000534057617,19.219999313354492,95170,0.0,0.0
2023-12-12 14:30:00-05:00,19.219999313354492,19.290000915527344,19.170000076293945,19.200000762939453,117893,0.0,0.0
2023-12-12 15:30:00-05:00,19.204999923706055,19.25,19.170000076293945,19.25,158012,0.0,0.0
2023-12-13 09:30:00-05:00,19.280000686645508,19.299999237060547,19.11400032043457,19.1299991607666,30004,0.0,0.0
2023-12-13 10:30:00-05:00,19.131000518798828,19.260000228881836,19.1200008392334,19.144100189208984,50906,0.0,0.0
2023-12-13 11:30:00-05:00,19.145000457763672,19.200000762939453,19.100000381469727,19.125,71463,0.0,0.0
2023-12-13 12:30:00-05:00,19.121000289916992,19.219999313354492,19.100000381469727,19.1299991607666,48097,0.0,0.0
2023-12-13 13:30:00-05:00,19.1200008392334,19.260000228881836,19.079999923706055,19.25,98780,0.0,0.0
2023-12-13 14:30:00-05:00,19.260000228881836,19.420000076293945,19.235000610351562,19.290000915527344,132826,0.0,0.0
2023-12-13 15:30:00-05:00,19.290000915527344,19.375,19.290000915527344,19.350000381469727,137937,0.0,0.0
2023-12-14 09:30:00-05:00,19.43000030517578,19.610000610351562,19.28499984741211,19.329999923706055,81456,0.0,0.0
2023-12-14 10:30:00-05:00,19.325000762939453,19.34000015258789,19.15999984741211,19.290000915527344,61735,0.0,0.0
2023-12-14 11:30:00-05:00,19.299999237060547,19.349899291992188,19.25,19.31999969482422,107333,0.0,0.0
2023-12-14 12:30:00-05:00,19.325000762939453,19.364999771118164,19.15999984741211,19.15999984741211,57749,0.0,0.0
2023-12-14 13:30:00-05:00,19.15999984741211,19.459999084472656,19.06999969482422,19.459999084472656,174812,0.0,0.0
2023-12-14 14:30:00-05:00,19.450000762939453,19.739999771118164,19.434999465942383,19.600000381469727,255639,0.0,0.0
2023-12-14 15:30:00-05:00,19.610000610351562,19.700000762939453,19.530000686645508,19.700000762939453,1311721,0.0,0.0
2023-12-15 09:30:00-05:00,19.84000015258789,19.84000015258789,19.510000228881836,19.75,192636,0.0,0.0
2023-12-15 10:30:00-05:00,19.75,19.75,19.3700008392334,19.469999313354492,181128,0.0,0.0
2023-12-15 11:30:00-05:00,19.479999542236328,19.56999969482422,19.459999084472656,19.549999237060547,197351,0.0,0.0
2023-12-15 12:30:00-05:00,19.549999237060547,19.71500015258789,19.510000228881836,19.71500015258789,211007,0.0,0.0
2023-12-15 13:30:00-05:00,19.71500015258789,19.729000091552734,19.559999465942383,19.579999923706055,118155,0.0,0.0
2023-12-15 14:30:00-05:00,19.59000015258789,19.7549991607666,19.559999465942383,19.719999313354492,165079,0.0,0.0
2023-12-15 15:30:00-05:00,19.725000381469727,19.829999923706055,19.725000381469727,19.809999465942383,342643,0.0,0.0
2023-12-18 09:30:00-05:00,19.799999237060547,19.899999618530273,19.65999984741211,19.774999618530273,166637,0.0,0.0
2023-12-18 10:30:00-05:00,19.780000686645508,19.78499984741211,19.579999923706055,19.739999771118164,50304,0.0,0.0
2023-12-18 11:30:00-05:00,19.735000610351562,19.790000915527344,19.65999984741211,19.729999542236328,64978,0.0,0.0
2023-12-18 12:30:00-05:00,19.735000610351562,19.789899826049805,19.709999084472656,19.75,80401,0.0,0.0
2023-12-18 13:30:00-05:00,19.749900817871094,19.95989990234375,19.729999542236328,19.850000381469727,245785,0.0,0.0
2023-12-18 14:30:00-05:00,19.860000610351562,19.875,19.780000686645508,19.790000915527344,155814,0.0,0.0
2023-12-18 15:30:00-05:00,19.795000076293945,19.795000076293945,19.670000076293945,19.670000076293945,228046,0.0,0.0
2023-12-19 09:30:00-05:00,19.690000534057617,19.770000457763672,19.489999771118164,19.579999923706055,2235461,0.0,0.0
2023-12-19 10:30:00-05:00,19.56999969482422,19.639999389648438,19.540000915527344,19.6200008392334,179964,0.0,0.0
2023-12-19 11:30:00-05:00,19.6299991607666,19.799999237060547,19.594999313354492,19.764999389648438,152557,0.0,0.0
2023-12-19 12:30:00-05:00,19.764999389648438,19.799999237060547,19.709999084472656,19.774999618530273,87975,0.0,0.0
2023-12-19 13:30:00-05:00,19.770000457763672,19.799999237060547,19.700000762939453,19.75,103515,0.0,0.0
2023-12-19 14:30:00-05:00,19.739999771118164,19.760000228881836,19.65999984741211,19.700000762939453,108625,0.0,0.0
2023-12-19 15:30:00-05:00,19.69499969482422,19.790000915527344,19.684999465942383,19.770000457763672,259557,0.0,0.0
2023-12-20 09:30:00-05:00,19.68000030517578,19.93000030517578,19.59000015258789,19.920000076293945,78009,0.0,0.0
2023-12-20 10:30:00-05:00,19.920000076293945,20.110000610351562,19.912500381469727,20.094999313354492,384181,0.0,0.0
2023-12-20 11:30:00-05:00,20.100000381469727,20.360000610351562,20.059999465942383,20.299999237060547,476570,0.0,0.0
2023-12-20 12:30:00-05:00,20.28499984741211,20.389999389648438,20.219999313354492,20.270000457763672,175709,0.0,0.0
2023-12-20 13:30:00-05:00,20.280000686645508,20.360000610351562,20.200000762939453,20.200000762939453,225727,0.0,0.0
2023-12-20 14:30:00-05:00,20.200000762939453,20.200000762939453,19.719999313354492,19.719999313354492,163653,0.0,0.0
2023-12-20 15:30:00-05:00,19.729999542236328,19.834999084472656,19.670000076293945,19.709999084472656,151102,0.0,0.0
2023-12-21 09:30:00-05:00,19.770000457763672,19.969999313354492,19.549999237060547,19.59000015258789,85238,0.0,0.0
2023-12-21 10:30:00-05:00,19.59000015258789,19.68000030517578,19.510000228881836,19.59000015258789,89203,0.0,0.0
2023-12-21 11:30:00-05:00,19.579999923706055,19.670000076293945,19.549999237060547,19.649999618530273,68550,0.0,0.0
2023-12-21 12:30:00-05:00,19.649799346923828,19.735000610351562,19.649799346923828,19.729999542236328,72965,0.0,0.0
2023-12-21 13:30:00-05:00,19.739999771118164,19.770000457763672,19.645000457763672,19.739999771118164,90660,0.0,0.0
2023-12-21 14:30:00-05:00,19.75,19.790000915527344,19.71500015258789,19.764999389648438,71141,0.0,0.0
2023-12-21 15:30:00-05:00,19.770000457763672,19.809999465942383,19.760000228881836,19.770000457763672,255603,0.0,0.0
2023-12-22 09:30:00-05:00,19.81999969482422,20.020000457763672,19.739999771118164,19.979999542236328,121872,0.0,0.0
2023-12-22 10:30:00-05:00,19.978500366210938,20.149999618530273,19.975000381469727,20.010000228881836,140297,0.0,0.0
2023-12-22 11:30:00-05:00,20.020000457763672,20.110000610351562,20.0,20.110000610351562,89604,0.0,0.0
2023-12-22 12:30:00-05:00,20.110000610351562,20.170000076293945,20.049999237060547,20.049999237060547,80041,0.0,0.0
2023-12-22 13:30:00-05:00,20.059999465942383,20.09000015258789,19.979999542236328,19.989999771118164,74367,0.0,0.0
2023-12-22 14:30:00-05:00,19.989999771118164,20.079999923706055,19.969999313354492,19.969999313354492,247710,0.0,0.0
2023-12-22 15:30:00-05:00,19.959999084472656,20.049999237060547,19.934999465942383,20.045000076293945,262333,0.0,0.0
2023-12-26 09:30:00-05:00,20.100000381469727,20.139999389648438,19.975000381469727,20.079999923706055,73616,0.0,0.0
2023-12-26 10:30:00-05:00,20.079999923706055,20.18000030517578,20.059999465942383,20.09000015258789,147884,0.0,0.0
2023-12-26 11:30:00-05:00,20.100000381469727,20.149999618530273,20.049999237060547,20.06999969482422,23708,0.0,0.0
2023-12-26 12:30:00-05:00,20.049999237060547,20.079999923706055,20.0,20.0,29904,0.0,0.0
2023-12-26 13:30:00-05:00,19.99220085144043,20.06999969482422,19.985000610351562,20.06999969482422,40446,0.0,0.0
2023-12-26 14:30:00-05:00,20.06999969482422,20.100000381469727,20.049999237060547,20.079999923706055,49457,0.0,0.0
2023-12-26 15:30:00-05:00,20.084999084472656,20.110000610351562,20.05900001525879,20.06999969482422,99170,0.0,0.0
2023-12-27 09:30:00-05:00,20.049999237060547,20.309999465942383,19.985000610351562,20.0,60485,0.0,0.0
2023-12-27 10:30:00-05:00,20.0,20.0,19.84000015258789,19.8700008392334,56553,0.0,0.0
2023-12-27 11:30:00-05:00,19.889999389648438,20.03499984741211,19.889999389648438,19.989999771118164,29466,0.0,0.0
2023-12-27 12:30:00-05:00,19.985000610351562,20.01889991760254,19.90999984741211,19.969999313354492,35179,0.0,0.0
2023-12-27 13:30:00-05:00,19.978300094604492,20.0,19.8700008392334,19.959999084472656,37638,0.0,0.0
2023-12-27 14:30:00-05:00,19.950000762939453,19.969999313354492,19.915000915527344,19.959999084472656,29449,0.0,0.0
2023-12-27 15:30:00-05:00,19.959999084472656,19.979999542236328,19.899999618530273,19.969999313354492,124879,0.0,0.0
2023-12-28 09:30:00-05:00,19.979999542236328,20.06999969482422,19.889999389648438,20.030000686645508,254104,0.0,0.0
2023-12-28 10:30:00-05:00,20.040000915527344,20.139999389648438,20.020000457763672,20.09000015258789,54842,0.0,0.0
2023-12-28 11:30:00-05:00,20.100000381469727,20.15999984741211,20.06999969482422,20.06999969482422,132076,0.0,0.0
2023-12-28 12:30:00-05:00,20.075000762939453,20.100000381469727,19.920000076293945,19.989999771118164,119876,0.0,0.0
2023-12-28 13:30:00-05:00,20.0,20.049999237060547,19.979999542236328,20.030000686645508,53754,0.0,0.0
2023-12-28 14:30:00-05:00,20.0310001373291,20.079999923706055,20.010000228881836,20.030000686645508,109196,0.0,0.0
2023-12-28 15:30:00-05:00,20.030000686645508,20.100000381469727,19.9950008392334,20.100000381469727,162210,0.0,0.0
2023-12-29 09:30:00-05:00,20.139999389648438,20.31999969482422,20.030000686645508,20.290000915527344,123775,0.0,0.0
2023-12-29 10:30:00-05:00,20.290000915527344,20.290000915527344,20.0,20.010000228881836,58516,0.0,0.0
2023-12-29 11:30:00-05:00,20.010000228881836,20.06999969482422,19.94499969482422,20.010000228881836,62527,0.0,0.0
2023-12-29 12:30:00-05:00,20.020000457763672,20.045000076293945,19.969999313354492,20.010000228881836,66938,0.0,0.0
2023-12-29 13:30:00-05:00,20.010000228881836,20.139999389648438,20.000999450683594,20.125,67933,0.0,0.0
2023-12-29 14:30:00-05:00,20.125,20.139999389648438,20.059999465942383,20.104999542236328,54486,0.0,0.0
2023-12-29 15:30:00-05:00,20.104999542236328,20.110000610351562,20.010000228881836,20.020000457763672,87109,0.0,0.0
2024-01-02 09:30:00-05:00,19.649999618530273,19.649999618530273,19.235000610351562,19.2450008392334,392810,0.0,0.0
2024-01-02 10:30:00-05:00,19.239999771118164,19.344999313354492,19.040000915527344,19.34000015258789,113598,0.0,0.0
2024-01-02 11:30:00-05:00,19.350000381469727,19.3700008392334,19.19499969482422,19.25,100950,0.0,0.0
2024-01-02 12:30:00-05:00,19.2549991607666,19.385000228881836,19.190000534057617,19.344999313354492,110085,0.0,0.0
2024-01-02 13:30:00-05:00,19.350000381469727,19.485000610351562,19.329999923706055,19.424999237060547,135568,0.0,0.0
2024-01-02 14:30:00-05:00,19.420000076293945,19.450000762939453,19.280000686645508,19.424999237060547,176611,0.0,0.0
2024-01-02 15:30:00-05:00,19.424999237060547,19.489999771118164,19.34000015258789,19.479999542236328,302285,0.0,0.0
2024-01-03 09:30:00-05:00,19.350000381469727,19.760000228881836,19.01460075378418,19.729999542236328,500744,0.0,0.0
2024-01-03 10:30:00-05:00,19.729999542236328,19.799999237060547,19.424999237060547,19.52440071105957,326197,0.0,0.0
2024-01-03 11:30:00-05:00,19.524999618530273,19.610000610351562,19.399999618530273,19.43000030517578,164864,0.0,0.0
2024-01-03 12:30:00-05:00,19.420000076293945,19.450000762939453,19.2549991607666,19.270000457763672,159762,0.0,0.0
2024-01-03 13:30:00-05:00,19.280000686645508,19.3700008392334,19.2450008392334,19.334999084472656,161702,0.0,0.0
2024-01-03 14:30:00-05:00,19.334999084472656,19.3799991607666,19.270000457763672,19.299999237060547,137480,0.0,0.0
2024-01-03 15:30:00-05:00,19.299999237060547,19.399999618530273,19.295000076293945,19.3700008392334,262966,0.0,0.0
2024-01-04 09:30:00-05:00,19.3799991607666,19.549999237060547,19.329999923706055,19.524999618530273,120495,0.0,0.0
2024-01-04 10:30:00-05:00,19.540000915527344,19.56999969482422,19.440000534057617,19.469999313354492,105927,0.0,0.0
2024-01-04 11:30:00-05:00,19.459999084472656,19.56999969482422,19.450000762939453,19.510000228881836,129403,0.0,0.0
2024-01-04 12:30:00-05:00,19.520000457763672,19.639999389648438,19.5,19.635000228881836,79646,0.0,0.0
2024-01-04 13:30:00-05:00,19.639999389648438,19.684999465942383,19.46500015258789,19.46500015258789,87333,0.0,0.0
2024-01-04 14:30:00-05:00,19.459999084472656,19.5,19.40999984741211,19.43000030517578,125516,0.0,0.0
2024-01-04 15:30:00-05:00,19.440000534057617,19.450000762939453,19.309999465942383,19.34000015258789,207659,0.0,0.0
2024-01-05 09:30:00-05:00,19.209999084472656,19.545000076293945,19.1200008392334,19.44499969482422,473812,0.0,0.0
2024-01-05 10:30:00-05:00,19.44499969482422,19.56999969482422,19.43000030517578,19.440000534057617,88207,0.0,0.0
2024-01-05 11:30:00-05:00,19.450000762939453,19.520000457763672,19.3799991607666,19.469999313354492,93115,0.0,0.0
2024-01-05 12:30:00-05:00,19.479999542236328,19.549999237060547,19.450000762939453,19.549999237060547,74077,0.0,0.0
2024-01-05 13:30:00-05:00,19.559999465942383,19.6299991607666,19.559999465942383,19.600000381469727,83015,0.0,0.0
2024-01-05 14:30:00-05:00,19.600000381469727,19.625,19.510000228881836,19.540000915527344,128503,0.0,0.0
2024-01-05 15:30:00-05:00,19.53499984741211,19.610000610351562,19.524999618530273,19.549999237060547,198587,0.0,0.0
2024-01-08 09:30:00-05:00,19.6299991607666,19.780099868774414,19.510000228881836,19.780099868774414,98497,0.0,0.0
2024-01-08 10:30:00-05:00,19.792499542236328,19.899999618530273,19.719999313354492,19.719999313354492,81730,0.0,0.0
2024-01-08 11:30:00-05:00,19.719999313354492,19.739999771118164,19.68000030517578,19.71500015258789,65637,0.0,0.0
2024-01-08 12:30:00-05:00,19.71500015258789,19.75,19.639999389648438,19.655000686645508,70345,0.0,0.0
2024-01-08 13:30:00-05:00,19.649999618530273,19.69499969482422,19.56999969482422,19.610000610351562,91603,0.0,0.0
2024-01-08 14:30:00-05:00,19.6200008392334,19.628999710083008,19.56999969482422,19.604999542236328,132311,0.0,0.0
2024-01-08 15:30:00-05:00,19.604999542236328,19.6200008392334,19.559999465942383,19.559999465942383,257958,0.0,0.0
2024-01-09 09:30:00-05:00,19.489999771118164,19.7189998626709,19.395700454711914,19.670000076293945,84901,0.0,0.0
2024-01-09 10:30:00-05:00,19.68000030517578,19.75,19.670000076293945,19.704999923706055,109868,0.0,0.0
2024-01-09 11:30:00-05:00,19.704999923706055,19.8700008392334,19.704999923706055,19.719999313354492,78149,0.0,0.0
2024-01-09 12:30:00-05:00,19.729999542236328,19.75,19.639999389648438,19.639999389648438,36294,0.0,0.0
2024-01-09 13:30:00-05:00,19.6299991607666,19.719999313354492,19.610000610351562,19.700000762939453,81382,0.0,0.0
2024-01-09 14:30:00-05:00,19.700000762939453,19.760000228881836,19.65999984741211,19.690000534057617,108544,0.0,0.0
2024-01-09 15:30:00-05:00,19.690000534057617,19.700000762939453,19.59000015258789,19.600000381469727,220035,0.0,0.0
2024-01-10 09:30:00-05:00,19.649999618530273,19.68000030517578,19.44499969482422,19.489999771118164,34917,0.0,0.0
2024-01-10 10:30:00-05:00,19.479999542236328,19.520000457763672,19.3700008392334,19.459999084472656,57238,0.0,0.0
2024-01-10 11:30:00-05:00,19.450000762939453,19.5,19.434999465942383,19.479999542236328,37554,0.0,0.0
2024-01-10 12:30:00-05:00,19.459999084472656,19.549999237060547,19.440000534057617,19.520000457763672,42731,0.0,0.0
2024-01-10 13:30:00-05:00,19.520000457763672,19.709999084472656,19.489999771118164,19.709999084472656,171271,0.0,0.0
2024-01-10 14:30:00-05:00,19.7091007232666,19.84000015258789,19.670000076293945,19.84000015258789,175265,0.0,0.0
2024-01-10 15:30:00-05:00,19.84000015258789,19.875,19.780000686645508,19.809999465942383,224829,0.0,0.0
2024-01-11 09:30:00-05:00,19.860000610351562,19.860000610351562,19.690000534057617,19.780000686645508,49131,0.0,0.0
2024-01-11 10:30:00-05:00,19.780000686645508,19.809999465942383,19.68000030517578,19.68000030517578,52050,0.0,0.0
2024-01-11 11:30:00-05:00,19.68000030517578,19.719999313354492,19.639999389648438,19.665000915527344,71876,0.0,0.0
2024-01-11 12:30:00-05:00,19.665000915527344,19.729999542236328,19.639999389648438,19.700000762939453,40040,0.0,0.0
2024-01-11 13:30:00-05:00,19.711999893188477,19.719999313354492,19.65999984741211,19.68000030517578,32349,0.0,0.0
2024-01-11 14:30:00-05:00,19.684999465942383,19.704999923706055,19.639999389648438,19.67099952697754,56366,0.0,0.0
2024-01-11 15:30:00-05:00,19.68000030517578,19.71500015258789,19.639999389648438,19.639999389648438,151257,0.0,0.0
2024-01-12 09:30:00-05:00,19.790000915527344,20.200000762939453,19.700000762939453,20.049999237060547,268404,0.0,0.0
2024-01-12 10:30:00-05:00,20.05500030517578,20.06999969482422,19.94099998474121,19.979999542236328,122779,0.0,0.0
2024-01-12 11:30:00-05:00,19.979999542236328,20.0,19.93000030517578,19.96500015258789,55962,0.0,0.0
2024-01-12 12:30:00-05:00,19.969999313354492,20.010000228881836,19.90999984741211,19.989999771118164,47930,0.0,0.0
2024-01-12 13:30:00-05:00,19.999000549316406,20.079999923706055,19.975000381469727,20.065000534057617,65304,0.0,0.0
2024-01-12 14:30:00-05:00,20.060100555419922,20.149999618530273,20.020000457763672,20.1200008392334,107594,0.0,0.0
2024-01-12 15:30:00-05:00,20.1299991607666,20.149999618530273,20.05500030517578,20.09000015258789,181863,0.0,0.0
2024-01-16 09:30:00-05:00,20.0,20.010000228881836,19.719999313354492,19.950000762939453,80042,0.0,0.0
2024-01-16 10:30:00-05:00,19.950000762939453,20.15999984741211,19.90999984741211,20.145000457763672,90242,0.0,0.0
2024-01-16 11:30:00-05:00,20.1299991607666,20.18000030517578,19.940000534057617,19.940000534057617,96933,0.0,0.0
2024-01-16 12:30:00-05:00,19.940000534057617,20.0,19.90999984741211,19.969999313354492,36654,0.0,0.0
2024-01-16 13:30:00-05:00,19.979999542236328,20.0,19.889999389648438,19.950000762939453,51352,0.0,0.0
2024-01-16 14:30:00-05:00,19.940000534057617,19.96500015258789,19.850000381469727,19.8700008392334,102023,0.0,0.0
2024-01-16 15:30:00-05:00,19.875,20.0,19.84000015258789,19.950000762939453,187151,0.0,0.0
2024-01-17 09:30:00-05:00,19.75,19.7549991607666,19.599000930786133,19.735000610351562,45083,0.0,0.0
2024-01-17 10:30:00-05:00,19.719999313354492,19.799999237060547,19.665000915527344,19.78499984741211,29019,0.0,0.0
2024-01-17 11:30:00-05:00,19.790000915527344,19.790000915527344,19.709999084472656,19.725000381469727,29222,0.0,0.0
2024-01-17 12:30:00-05:00,19.709999084472656,19.760000228881836,19.649999618530273,19.68000030517578,34850,0.0,0.0
2024-01-17 13:30:00-05:00,19.670000076293945,19.674999237060547,19.610000610351562,19.65999984741211,41275,0.0,0.0
2024-01-17 14:30:00-05:00,19.670000076293945,19.690000534057617,19.59000015258789,19.59000015258789,70829,0.0,0.0
2024-01-17 15:30:00-05:00,19.584999084472656,19.649999618530273,19.579999923706055,19.6299991607666,106889,0.0,0.0
2024-01-18 09:30:00-05:00,19.690000534057617,19.690000534057617,19.469999313354492,19.475000381469727,65112,0.0,0.0
2024-01-18 10:30:00-05:00,19.469999313354492,19.719999313354492,19.424999237060547,19.700000762939453,450958,0.0,0.0
2024-01-18 11:30:00-05:00,19.700000762939453,19.700000762939453,19.3799991607666,19.43000030517578,55219,0.0,0.0
2024-01-18 12:30:00-05:00,19.43000030517578,19.479999542236328,19.329999923706055,19.34000015258789,56327,0.0,0.0
2024-01-18 13:30:00-05:00,19.329999923706055,19.475000381469727,19.329999923706055,19.475000381469727,61657,0.0,0.0
2024-01-18 14:30:00-05:00,19.479999542236328,19.510000228881836,19.364999771118164,19.3799991607666,149017,0.0,0.0
2024-01-18 15:30:00-05:00,19.3799991607666,19.415000915527344,19.309999465942383,19.3799991607666,209282,0.0,0.0
2024-01-19 09:30:00-05:00,19.479999542236328,19.479999542236328,18.969999313354492,19.05500030517578,274655,0.0,0.0
2024-01-19 10:30:00-05:00,19.05500030517578,19.05500030517578,18.920000076293945,18.950000762939453,89212,0.0,0.0
2024-01-19 11:30:00-05:00,18.959999084472656,18.959999084472656,18.729999542236328,18.760000228881836,96949,0.0,0.0
2024-01-19 12:30:00-05:00,18.764999389648438,18.954999923706055,18.739999771118164,18.93000030517578,145769,0.0,0.0
2024-01-19 13:30:00-05:00,18.940000534057617,19.010000228881836,18.93000030517578,18.989999771118164,108995,0.0,0.0
2024-01-19 14:30:00-05:00,18.979999542236328,18.979999542236328,18.764999389648438,18.799999237060547,350135,0.0,0.0
2024-01-19 15:30:00-05:00,18.809999465942383,18.90999984741211,18.6200008392334,18.65999984741211,741806,0.0,0.0
2024-01-22 09:30:00-05:00,18.829999923706055,19.05500030517578,18.649999618530273,18.959999084472656,165578,0.0,0.0
2024-01-22 10:30:00-05:00,18.950000762939453,18.969999313354492,18.753999710083008,18.954999923706055,164897,0.0,0.0
2024-01-22 11:30:00-05:00,18.954999923706055,19.030000686645508,18.875,18.899999618530273,278828,0.0,0.0
2024-01-22 12:30:00-05:00,18.899999618530273,18.90999984741211,18.665000915527344,18.690000534057617,161489,0.0,0.0
2024-01-22 13:30:00-05:00,18.700000762939453,18.927499771118164,18.68000030517578,18.856000900268555,231914,0.0,0.0
2024-01-22 14:30:00-05:00,18.854999542236328,19.0,18.84000015258789,19.0,140211,0.0,0.0
2024-01-22 15:30:00-05:00,19.0,19.030000686645508,18.950000762939453,19.02899932861328,462929,0.0,0.0
2024-01-23 09:30:00-05:00,19.020000457763672,19.43000030517578,18.899999618530273,19.049999237060547,59913,0.0,0.0
2024-01-23 10:30:00-05:00,19.040000915527344,19.040000915527344,18.729999542236328,18.739999771118164,48368,0.0,0.0
2024-01-23 11:30:00-05:00,18.7450008392334,18.799999237060547,18.68000030517578,18.729999542236328,37649,0.0,0.0
2024-01-23 12:30:00-05:00,18.739999771118164,18.760000228881836,18.610000610351562,18.729999542236328,57766,0.0,0.0
2024-01-23 13:30:00-05:00,18.725000381469727,18.829999923706055,18.69499969482422,18.780000686645508,53705,0.0,0.0
2024-01-23 14:30:00-05:00,18.780000686645508,18.799999237060547,18.719999313354492,18.75,76390,0.0,0.0
2024-01-23 15:30:00-05:00,18.75,18.774999618530273,18.700000762939453,18.770000457763672,175270,0.0,0.0
2024-01-24 09:30:00-05:00,18.989999771118164,18.989999771118164,18.719999313354492,18.790000915527344,31843,0.0,0.0
2024-01-24 10:30:00-05:00,18.790000915527344,18.899999618530273,18.700000762939453,18.790000915527344,66271,0.0,0.0
2024-01-24 11:30:00-05:00,18.780000686645508,19.0,18.770000457763672,18.8700008392334,310098,0.0,0.0
2024-01-24 12:30:00-05:00,18.8700008392334,18.90999984741211,18.719999313354492,18.739999771118164,44688,0.0,0.0
2024-01-24 13:30:00-05:00,18.729999542236328,18.736400604248047,18.645000457763672,18.670000076293945,57378,0.0,0.0
2024-01-24 14:30:00-05:00,18.690000534057617,18.739999771118164,18.565000534057617,18.56999969482422,98106,0.0,0.0
2024-01-24 15:30:00-05:00,18.559999465942383,18.559999465942383,18.364999771118164,18.3799991607666,335655,0.0,0.0
2024-01-25 09:30:00-05:00,18.489999771118164,18.520000457763672,18.299999237060547,18.43000030517578,58023,0.0,0.0
2024-01-25 10:30:00-05:00,18.450000762939453,18.739999771118164,18.440000534057617,18.729999542236328,169756,0.0,0.0
2024-01-25 11:30:00-05:00,18.739999771118164,18.799999237060547,18.6299991607666,18.639999389648438,142821,0.0,0.0
2024-01-25 12:30:00-05:00,18.6299991607666,18.770000457763672,18.579999923706055,18.760000228881836,93158,0.0,0.0
2024-01-25 13:30:00-05:00,18.760000228881836,18.799999237060547,18.649999618530273,18.684999465942383,108198,0.0,0.0
2024-01-25 14:30:00-05:00,18.68000030517578,18.799999237060547,18.68000030517578,18.7549991607666,154801,0.0,0.0
2024-01-25 15:30:00-05:00,18.7549991607666,18.8700008392334,18.735000610351562,18.8700008392334,311048,0.0,0.0
2024-01-26 09:30:00-05:00,18.850000381469727,19.049999237060547,18.81999969482422,18.850000381469727,300701,0.0,0.0
2024-01-26 10:30:00-05:00,18.8700008392334,19.104999542236328,18.84000015258789,18.979999542236328,161820,0.0,0.0
2024-01-26 11:30:00-05:00,19.010000228881836,19.100000381469727,19.0,19.084999084472656,102343,0.0,0.0
2024-01-26 12:30:00-05:00,19.079999923706055,19.079999923706055,18.979999542236328,19.010000228881836,90752,0.0,0.0
2024-01-26 13:30:00-05:00,19.020000457763672,19.049999237060547,18.969999313354492,19.030000686645508,57986,0.0,0.0
2024-01-26 14:30:00-05:00,19.024999618530273,19.2450008392334,19.020000457763672,19.239999771118164,182231,0.0,0.0
2024-01-26 15:30:00-05:00,19.239999771118164,19.25,19.110000610351562,19.110000610351562,168141,0.0,0.0
2024-01-29 09:30:00-05:00,19.270000457763672,19.440000534057617,19.260000228881836,19.399999618530273,58359,0.0,0.0
2024-01-29 10:30:00-05:00,19.399999618530273,19.40999984741211,19.235000610351562,19.264999389648438,71604,0.0,0.0
2024-01-29 11:30:00-05:00,19.260000228881836,19.350000381469727,19.209999084472656,19.329999923706055,39932,0.0,0.0
2024-01-29 12:30:00-05:00,19.33989906311035,19.3799991607666,19.31999969482422,19.32080078125,67647,0.0,0.0
2024-01-29 13:30:00-05:00,19.31999969482422,19.40999984741211,19.31999969482422,19.40999984741211,57089,0.0,0.0
2024-01-29 14:30:00-05:00,19.408899307250977,19.524999618530273,19.389999389648438,19.5,78274,0.0,0.0
2024-01-29 15:30:00-05:00,19.5049991607666,19.65999984741211,19.469999313354492,19.56999969482422,251826,0.0,0.0
2024-01-30 09:30:00-05:00,19.520000457763672,19.579999923706055,19.3700008392334,19.389999389648438,44814,0.0,0.0
2024-01-30 10:30:00-05:00,19.395000457763672,19.510000228881836,19.290000915527344,19.510000228881836,64925,0.0,0.0
2024-01-30 11:30:00-05:00,19.510000228881836,19.6299991607666,19.280000686645508,19.290000915527344,75950,0.0,0.0
2024-01-30 12:30:00-05:00,19.280000686645508,19.280000686645508,19.190000534057617,19.239999771118164,46577,0.0,0.0
2024-01-30 13:30:00-05:00,19.239999771118164,19.239999771118164,19.100000381469727,19.100000381469727,63314,0.0,0.0
2024-01-30 14:30:00-05:00,19.09000015258789,19.125,19.024999618530273,19.110000610351562,101625,0.0,0.0
2024-01-30 15:30:00-05:00,19.107999801635742,19.179000854492188,19.09000015258789,19.145000457763672,110174,0.0,0.0
2024-01-31 09:30:00-05:00,19.079999923706055,19.280000686645508,19.049999237060547,19.165000915527344,141301,0.0,0.0
2024-01-31 10:30:00-05:00,19.174999237060547,19.264999389648438,19.094999313354492,19.229999542236328,54835,0.0,0.0
2024-01-31 11:30:00-05:00,19.229999542236328,19.299999237060547,19.190000534057617,19.260000228881836,100886,0.0,0.0
2024-01-31 12:30:00-05:00,19.260000228881836,19.334999084472656,19.219999313354492,19.280000686645508,145462,0.0,0.0
2024-01-31 13:30:00-05:00,19.299999237060547,19.329999923706055,19.110000610351562,19.1299991607666,111749,0.0,0.0
2024-01-31 14:30:00-05:00,19.1299991607666,19.360000610351562,18.979999542236328,18.985000610351562,174095,0.0,0.0
2024-01-31 15:30:00-05:00,18.979999542236328,18.979999542236328,18.81999969482422,18.860000610351562,161378,0.0,0.0
2024-02-01 09:30:00-05:00,18.8799991607666,19.014999389648438,18.829999923706055,18.950000762939453,79177,0.0,0.0
2024-02-01 10:30:00-05:00,18.950000762939453,18.950000762939453,18.719999313354492,18.809999465942383,105935,0.0,0.0
2024-02-01 11:30:00-05:00,18.809999465942383,18.915000915527344,18.809999465942383,18.889999389648438,180649,0.0,0.0
2024-02-01 12:30:00-05:00,18.88990020751953,19.1200008392334,18.88990020751953,19.06999969482422,55329,0.0,0.0
2024-02-01 13:30:00-05:00,19.075000762939453,19.219999313354492,19.075000762939453,19.149999618530273,77619,0.0,0.0
2024-02-01 14:30:00-05:00,19.15999984741211,19.200000762939453,19.110000610351562,19.1471004486084,96377,0.0,0.0
2024-02-01 15:30:00-05:00,19.149999618530273,19.200000762939453,19.114999771118164,19.190000534057617,155573,0.0,0.0
2024-02-02 09:30:00-05:00,19.139999389648438,19.184999465942383,18.989999771118164,19.014999389648438,45638,0.0,0.0
2024-02-02 10:30:00-05:00,19.0,19.25,18.9950008392334,19.25,41199,0.0,0.0
2024-02-02 11:30:00-05:00,19.260000228881836,19.350000381469727,19.200000762939453,19.309999465942383,120173,0.0,0.0
2024-02-02 12:30:00-05:00,19.309999465942383,19.31999969482422,19.1299991607666,19.15999984741211,50339,0.0,0.0
2024-02-02 13:30:00-05:00,19.15999984741211,19.31999969482422,19.149999618530273,19.2810001373291,83363,0.0,0.0
2024-02-02 14:30:00-05:00,19.28499984741211,19.360000610351562,19.260000228881836,19.30500030517578,97661,0.0,0.0
2024-02-02 15:30:00-05:00,19.299999237060547,19.329999923706055,19.25,19.25,114191,0.0,0.0
2024-02-05 09:30:00-05:00,19.25,19.290000915527344,18.75,18.80500030517578,33924,0.0,0.0
2024-02-05 10:30:00-05:00,18.809999465942383,18.84000015258789,18.729999542236328,18.790000915527344,39910,0.0,0.0
2024-02-05 11:30:00-05:00,18.790000915527344,18.829999923706055,18.65999984741211,18.65999984741211,58577,0.0,0.0
2024-02-05 12:30:00-05:00,18.65999984741211,18.709999084472656,18.600000381469727,18.649999618530273,44187,0.0,0.0
2024-02-05 13:30:00-05:00,18.655000686645508,18.65999984741211,18.479999542236328,18.510000228881836,66176,0.0,0.0
2024-02-05 14:30:00-05:00,18.510000228881836,18.6200008392334,18.450000762939453,18.545000076293945,163465,0.0,0.0
2024-02-05 15:30:00-05:00,18.55500030517578,18.65999984741211,18.545000076293945,18.6200008392334,182867,0.0,0.0
2024-02-06 09:30:00-05:00,18.780000686645508,18.899999618530273,18.639999389648438,18.799999237060547,53686,0.0,0.0
2024-02-06 10:30:00-05:00,18.780000686645508,18.829999923706055,18.6299991607666,18.719999313354492,29859,0.0,0.0
2024-02-06 11:30:00-05:00,18.700000762939453,18.709999084472656,18.450000762939453,18.479999542236328,29731,0.0,0.0
2024-02-06 12:30:00-05:00,18.489999771118164,18.56999969482422,18.469999313354492,18.530000686645508,38147,0.0,0.0
2024-02-06 13:30:00-05:00,18.548999786376953,18.6299991607666,18.540000915527344,18.579999923706055,52914,0.0,0.0
2024-02-06 14:30:00-05:00,18.597999572753906,18.7450008392334,18.579999923706055,18.739999771118164,47253,0.0,0.0
2024-02-06 15:30:00-05:00,18.739999771118164,18.764999389648438,18.704999923706055,18.75,95321,0.0,0.0
2024-02-07 09:30:00-05:00,18.829999923706055,18.829999923706055,18.56999969482422,18.709999084472656,34316,0.0,0.0
2024-02-07 10:30:00-05:00,18.709999084472656,18.860000610351562,18.65999984741211,18.7450008392334,93619,0.0,0.0
2024-02-07 11:30:00-05:00,18.729999542236328,18.795000076293945,18.690000534057617,18.700000762939453,69653,0.0,0.0
2024-02-07 12:30:00-05:00,18.709999084472656,18.81999969482422,18.68000030517578,18.81999969482422,139115,0.0,0.0
2024-02-07 13:30:00-05:00,18.84000015258789,18.940000534057617,18.829999923706055,18.854999542236328,76523,0.0,0.0
2024-02-07 14:30:00-05:00,18.854999542236328,18.889999389648438,18.739999771118164,18.84000015258789,178148,0.0,0.0
2024-02-07 15:30:00-05:00,18.84000015258789,18.93000030517578,18.790000915527344,18.93000030517578,403327,0.0,0.0
2024-02-08 09:30:00-05:00,18.899999618530273,19.1200008392334,18.81999969482422,19.059999465942383,31460,0.0,0.0
2024-02-08 10:30:00-05:00,19.06999969482422,19.170000076293945,19.049999237060547,19.059999465942383,95968,0.0,0.0
2024-02-08 11:30:00-05:00,19.059999465942383,19.139999389648438,18.979999542236328,19.104999542236328,138373,0.0,0.0
2024-02-08 12:30:00-05:00,19.110000610351562,19.200000762939453,19.040000915527344,19.040000915527344,51342,0.0,0.0
2024-02-08 13:30:00-05:00,19.040000915527344,19.1299991607666,19.040000915527344,19.05500030517578,46528,0.0,0.0
2024-02-08 14:30:00-05:00,19.059999465942383,19.100000381469727,18.959999084472656,18.959999084472656,89692,0.0,0.0
2024-02-08 15:30:00-05:00,18.96500015258789,19.020000457763672,18.905000686645508,19.010000228881836,164726,0.0,0.0
2024-02-09 09:30:00-05:00,19.239999771118164,19.514999389648438,19.149999618530273,19.514999389648438,82145,0.0,0.0
2024-02-09 10:30:00-05:00,19.530000686645508,19.549999237060547,19.489999771118164,19.5049991607666,144932,0.0,0.0
2024-02-09 11:30:00-05:00,19.510000228881836,19.514999389648438,19.290000915527344,19.389999389648438,89020,0.0,0.0
2024-02-09 12:30:00-05:00,19.389999389648438,19.415000915527344,19.34000015258789,19.360000610351562,41644,0.0,0.0
2024-02-09 13:30:00-05:00,19.350000381469727,19.549999237060547,19.325000762939453,19.489999771118164,108937,0.0,0.0
2024-02-09 14:30:00-05:00,19.489999771118164,19.5049991607666,19.375,19.375,64440,0.0,0.0
2024-02-09 15:30:00-05:00,19.375,19.385000228881836,19.280000686645508,19.34000015258789,189586,0.0,0.0
2024-02-12 09:30:00-05:00,19.31999969482422,19.43000030517578,19.15220069885254,19.420000076293945,70494,0.0,0.0
2024-02-12 10:30:00-05:00,19.420000076293945,19.549999237060547,19.360000610351562,19.545000076293945,124386,0.0,0.0
2024-02-12 11:30:00-05:00,19.549999237060547,19.6200008392334,19.489999771118164,19.59000015258789,336611,0.0,0.0
2024-02-12 12:30:00-05:00,19.579999923706055,19.670000076293945,19.450000762939453,19.459999084472656,129449,0.0,0.0
2024-02-12 13:30:00-05:00,19.459999084472656,19.459999084472656,19.299999237060547,19.43000030517578,80125,0.0,0.0
2024-02-12 14:30:00-05:00,19.43000030517578,19.530000686645508,19.43000030517578,19.459999084472656,98236,0.0,0.0
2024-02-12 15:30:00-05:00,19.459999084472656,19.459999084472656,19.34000015258789,19.350000381469727,139996,0.0,0.0
2024-02-13 09:30:00-05:00,18.860000610351562,18.989999771118164,18.721099853515625,18.875,50868,0.0,0.0
2024-02-13 10:30:00-05:00,18.8799991607666,19.059999465942383,18.850000381469727,19.049999237060547,40080,0.0,0.0
2024-02-13 11:30:00-05:00,19.059999465942383,19.1200008392334,19.014999389648438,19.030000686645508,49672,0.0,0.0
2024-02-13 12:30:00-05:00,19.030000686645508,19.100000381469727,18.979999542236328,19.030000686645508,56077,0.0,0.0
2024-02-13 13:30:00-05:00,19.020000457763672,19.040000915527344,18.860000610351562,18.889999389648438,46961,0.0,0.0
2024-02-13 14:30:00-05:00,18.889999389648438,19.010000228881836,18.889999389648438,18.969999313354492,172246,0.0,0.0
2024-02-13 15:30:00-05:00,18.969999313354492,19.0,18.924999237060547,18.969999313354492,154472,0.0,0.0
2024-02-14 09:30:00-05:00,19.18000030517578,19.489999771118164,19.139999389648438,19.440000534057617,174513,0.0,0.0
2024-02-14 10:30:00-05:00,19.459999084472656,19.459999084472656,19.200000762939453,19.280000686645508,215239,0.0,0.0
2024-02-14 11:30:00-05:00,19.280000686645508,19.360000610351562,19.209999084472656,19.360000610351562,56594,0.0,0.0
2024-02-14 12:30:00-05:00,19.360000610351562,19.3799991607666,19.334999084472656,19.354999542236328,33344,0.0,0.0
2024-02-14 13:30:00-05:00,19.350000381469727,19.440000534057617,19.299999237060547,19.325000762939453,99124,0.0,0.0
2024-02-14 14:30:00-05:00,19.325000762939453,19.44499969482422,19.309999465942383,19.440000534057617,231418,0.0,0.0
2024-02-14 15:30:00-05:00,19.440000534057617,19.5,19.399999618530273,19.5,310897,0.0,0.0
2024-02-15 09:30:00-05:00,19.639999389648438,19.709999084472656,19.540000915527344,19.610000610351562,66698,0.0,0.0
2024-02-15 10:30:00-05:00,19.6200008392334,19.709999084472656,19.56999969482422,19.700000762939453,104530,0.0,0.0
2024-02-15 11:30:00-05:00,19.700000762939453,19.81999969482422,19.653799057006836,19.790000915527344,46534,0.0,0.0
2024-02-15 12:30:00-05:00,19.799999237060547,19.809999465942383,19.639999389648438,19.739999771118164,64535,0.0,0.0
2024-02-15 13:30:00-05:00,19.729999542236328,19.780000686645508,19.700000762939453,19.739999771118164,37220,0.0,0.0
2024-02-15 14:30:00-05:00,19.729999542236328,19.84000015258789,19.729999542236328,19.815000534057617,93720,0.0,0.0
2024-02-15 15:30:00-05:00,19.81999969482422,19.93000030517578,19.799999237060547,19.899999618530273,189333,0.0,0.0
2024-02-16 09:30:00-05:00,19.920000076293945,19.959999084472656,19.799999237060547,19.90999984741211,55132,0.0,0.0
2024-02-16 10:30:00-05:00,19.90999984741211,19.959999084472656,19.84000015258789,19.934999465942383,49176,0.0,0.0
2024-02-16 11:30:00-05:00,19.940000534057617,20.0049991607666,19.864999771118164,19.940000534057617,50572,0.0,0.0
2024-02-16 12:30:00-05:00,19.940000534057617,19.950000762939453,19.850000381469727,19.920000076293945,33531,0.0,0.0
2024-02-16 13:30:00-05:00,19.915000915527344,19.940000534057617,19.860000610351562,19.885000228881836,36481,0.0,0.0
2024-02-16 14:30:00-05:00,19.8799991607666,19.899900436401367,19.825000762939453,19.8799991607666,76484,0.0,0.0
2024-02-16 15:30:00-05:00,19.8799991607666,19.8799991607666,19.700000762939453,19.729999542236328,149210,0.0,0.0
2024-02-20 09:30:00-05:00,19.479999542236328,19.639999389648438,19.420000076293945,19.549999237060547,310380,0.0,0.0
2024-02-20 10:30:00-05:00,19.549999237060547,19.790000915527344,19.545000076293945,19.780000686645508,83334,0.0,0.0
2024-02-20 11:30:00-05:00,19.780000686645508,19.850000381469727,19.709999084472656,19.764999389648438,114463,0.0,0.0
2024-02-20 12:30:00-05:00,19.75,19.93000030517578,19.75,19.829999923706055,143602,0.0,0.0
2024-02-20 13:30:00-05:00,19.809999465942383,19.93000030517578,19.790000915527344,19.90999984741211,113202,0.0,0.0
2024-02-20 14:30:00-05:00,19.899999618530273,20.049999237060547,19.84000015258789,20.049999237060547,190452,0.0,0.0
2024-02-20 15:30:00-05:00,20.059999465942383,20.100000381469727,19.950000762939453,20.010000228881836,389048,0.0,0.0
2024-02-21 09:30:00-05:00,19.600000381469727,19.697599411010742,19.219999313354492,19.30500030517578,289127,0.0,0.0
2024-02-21 10:30:00-05:00,19.299999237060547,19.514999389648438,19.25,19.459999084472656,116571,0.0,0.0
2024-02-21 11:30:00-05:00,19.459999084472656,19.719999313354492,19.40999984741211,19.520000457763672,116604,0.0,0.0
2024-02-21 12:30:00-05:00,19.520000457763672,19.6299991607666,19.510000228881836,19.579999923706055,108185,0.0,0.0
2024-02-21 13:30:00-05:00,19.56999969482422,19.649999618530273,19.4950008392334,19.635000228881836,159501,0.0,0.0
2024-02-21 14:30:00-05:00,19.6200008392334,19.700000762939453,19.579999923706055,19.690000534057617,171141,0.0,0.0
2024-02-21 15:30:00-05:00,19.68000030517578,19.885000228881836,19.674999237060547,19.709999084472656,403938,0.0,0.0
2024-02-22 09:30:00-05:00,20.0,20.0,19.6299991607666,19.899999618530273,264574,0.0,0.0
2024-02-22 10:30:00-05:00,19.90999984741211,20.059999465942383,19.8799991607666,19.9950008392334,240609,0.0,0.0
2024-02-22 11:30:00-05:00,19.9950008392334,20.090999603271484,19.81999969482422,19.81999969482422,70287,0.0,0.0
2024-02-22 12:30:00-05:00,19.809999465942383,19.84000015258789,19.709999084472656,19.75,103649,0.0,0.0
2024-02-22 13:30:00-05:00,19.75,19.84000015258789,19.739999771118164,19.790000915527344,47428,0.0,0.0
2024-02-22 14:30:00-05:00,19.799999237060547,19.88990020751953,19.790000915527344,19.860000610351562,77603,0.0,0.0
2024-02-22 15:30:00-05:00,19.860000610351562,19.950000762939453,19.809999465942383,19.809999465942383,231838,0.0,0.0
2024-02-23 09:30:00-05:00,20.0,20.190000534057617,19.850000381469727,19.90999984741211,22558,0.0,0.0
2024-02-23 10:30:00-05:00,19.8799991607666,19.90999984741211,19.670000076293945,19.729999542236328,27111,0.0,0.0
2024-02-23 11:30:00-05:00,19.719999313354492,19.799999237060547,19.610000610351562,19.780000686645508,60250,0.0,0.0
2024-02-23 12:30:00-05:00,19.78070068359375,19.93000030517578,19.772899627685547,19.93000030517578,21594,0.0,0.0
2024-02-23 13:30:00-05:00,19.920000076293945,19.989999771118164,19.900100708007812,19.959999084472656,39505,0.0,0.0
2024-02-23 14:30:00-05:00,19.969999313354492,20.014999389648438,19.8700008392334,19.979999542236328,70103,0.0,0.0
2024-02-23 15:30:00-05:00,19.979999542236328,20.1200008392334,19.979999542236328,20.049999237060547,187264,0.0,0.0
2024-02-26 09:30:00-05:00,20.049999237060547,20.329999923706055,20.020000457763672,20.190000534057617,57154,0.0,0.0
2024-02-26 10:30:00-05:00,20.190000534057617,20.280000686645508,20.170000076293945,20.270000457763672,47329,0.0,0.0
2024-02-26 11:30:00-05:00,20.280000686645508,20.31999969482422,20.25,20.290000915527344,55257,0.0,0.0
2024-02-26 12:30:00-05:00,20.299999237060547,20.299999237060547,19.989999771118164,20.010000228881836,66504,0.0,0.0
2024-02-26 13:30:00-05:00,20.0,20.030000686645508,19.889999389648438,19.954999923706055,61327,0.0,0.0
2024-02-26 14:30:00-05:00,19.957000732421875,20.030000686645508,19.8799991607666,19.985000610351562,54809,0.0,0.0
2024-02-26 15:30:00-05:00,19.979999542236328,19.979999542236328,19.8799991607666,19.899999618530273,155090,0.0,0.0
2024-02-27 09:30:00-05:00,19.90999984741211,20.295000076293945,19.670000076293945,20.295000076293945,84744,0.0,0.0
2024-02-27 10:30:00-05:00,20.31999969482422,20.31999969482422,20.1200008392334,20.260000228881836,64568,0.0,0.0
2024-02-27 11:30:00-05:00,20.2549991607666,20.280000686645508,20.170000076293945,20.219999313354492,79320,0.0,0.0
2024-02-27 12:30:00-05:00,20.219999313354492,20.239999771118164,20.040000915527344,20.1200008392334,60496,0.0,0.0
2024-02-27 13:30:00-05:00,20.139999389648438,20.170000076293945,20.049999237060547,20.100000381469727,58871,0.0,0.0
2024-02-27 14:30:00-05:00,20.100000381469727,20.1299991607666,20.020000457763672,20.045000076293945,62118,0.0,0.0
2024-02-27 15:30:00-05:00,20.040000915527344,20.049999237060547,19.940000534057617,19.969999313354492,206995,0.0,0.0
2024-02-28 09:30:00-05:00,19.889999389648438,20.020000457763672,19.639999389648438,19.81999969482422,57456,0.0,0.0
2024-02-28 10:30:00-05:00,19.829999923706055,19.920000076293945,19.739999771118164,19.850000381469727,88575,0.0,0.0
2024-02-28 11:30:00-05:00,19.850000381469727,19.864999771118164,19.729999542236328,19.739999771118164,67776,0.0,0.0
2024-02-28 12:30:00-05:00,19.739999771118164,19.799999237060547,19.690000534057617,19.739999771118164,86204,0.0,0.0
2024-02-28 13:30:00-05:00,19.7549991607666,19.829999923706055,19.71500015258789,19.795000076293945,68755,0.0,0.0
2024-02-28 14:30:00-05:00,19.799999237060547,19.809999465942383,19.540000915527344,19.559999465942383,144108,0.0,0.0
2024-02-28 15:30:00-05:00,19.575000762939453,19.59000015258789,19.43000030517578,19.43000030517578,216063,0.0,0.0
2024-02-29 09:30:00-05:00,17.219999313354492,18.0,16.719999313354492,17.717899322509766,665427,0.0,0.0
2024-02-29 10:30:00-05:00,17.770000457763672,17.84000015258789,17.149999618530273,17.350000381469727,342836,0.0,0.0
2024-02-29 11:30:00-05:00,17.34000015258789,17.389999389648438,17.040000915527344,17.045000076293945,306373,0.0,0.0
2024-02-29 12:30:00-05:00,17.059999465942383,17.31999969482422,16.870100021362305,17.229999542236328,363771,0.0,0.0
2024-02-29 13:30:00-05:00,17.239999771118164,17.399999618530273,17.1200008392334,17.290000915527344,182359,0.0,0.0
2024-02-29 14:30:00-05:00,17.264999389648438,17.290000915527344,16.959999084472656,16.959999084472656,402081,0.0,0.0
2024-02-29 15:30:00-05:00,16.96500015258789,17.260000228881836,16.895000457763672,17.219999313354492,794165,0.0,0.0
2024-03-01 09:30:00-05:00,17.1299991607666,17.200000762939453,16.850000381469727,17.09000015258789,248228,0.0,0.0
2024-03-01 10:30:00-05:00,17.1200008392334,17.25,17.020000457763672,17.094999313354492,312746,0.0,0.0
2024-03-01 11:30:00-05:00,17.094999313354492,17.15999984741211,16.979999542236328,17.100000381469727,218813,0.0,0.0
2024-03-01 12:30:00-05:00,17.100000381469727,17.1200008392334,17.040000915527344,17.09000015258789,113176,0.0,0.0
2024-03-01 13:30:00-05:00,17.100000381469727,17.104999542236328,17.049999237060547,17.09000015258789,137106,0.0,0.0
2024-03-01 14:30:00-05:00,17.100000381469727,17.1299991607666,17.030000686645508,17.065000534057617,155878,0.0,0.0
2024-03-01 15:30:00-05:00,17.059999465942383,17.100000381469727,17.010000228881836,17.06999969482422,316020,0.0,0.0
2024-03-04 09:30:00-05:00,17.059999465942383,17.790000915527344,16.979999542236328,17.639999389648438,136732,0.0,0.0
2024-03-04 10:30:00-05:00,17.6299991607666,17.75,17.299999237060547,17.420000076293945,103458,0.0,0.0
2024-03-04 11:30:00-05:00,17.412200927734375,17.440000534057617,17.299999237060547,17.31999969482422,88694,0.0,0.0
2024-03-04 12:30:00-05:00,17.309999465942383,17.34000015258789,17.209999084472656,17.239999771118164,95588,0.0,0.0
2024-03-04 13:30:00-05:00,17.2450008392334,17.510000228881836,17.239999771118164,17.43000030517578,125245,0.0,0.0
2024-03-04 14:30:00-05:00,17.420000076293945,17.610000610351562,17.399999618530273,17.530000686645508,158814,0.0,0.0
2024-03-04 15:30:00-05:00,17.530000686645508,17.559999465942383,17.440000534057617,17.549999237060547,244110,0.0,0.0
2024-03-05 09:30:00-05:00,17.3799991607666,17.520000457763672,16.799999237060547,16.920000076293945,99888,0.0,0.0
2024-03-05 10:30:00-05:00,16.93000030517578,17.100000381469727,16.760000228881836,16.809999465942383,133541,0.0,0.0
2024-03-05 11:30:00-05:00,16.81999969482422,16.96500015258789,16.739999771118164,16.954999923706055,144341,0.0,0.0
2024-03-05 12:30:00-05:00,16.954999923706055,17.1299991607666,16.920000076293945,17.0,152957,0.0,0.0
2024-03-05 13:30:00-05:00,17.0,17.040000915527344,16.8700008392334,17.020000457763672,135236,0.0,0.0
2024-03-05 14:30:00-05:00,17.030000686645508,17.037900924682617,16.790000915527344,16.8700008392334,223701,0.0,0.0
2024-03-05 15:30:00-05:00,16.867000579833984,16.989999771118164,16.809999465942383,16.989999771118164,273249,0.0,0.0
2024-03-06 09:30:00-05:00,17.190000534057617,17.3700008392334,16.790000915527344,17.270000457763672,98997,0.0,0.0
2024-03-06 10:30:00-05:00,17.299999237060547,17.364999771118164,17.190000534057617,17.34000015258789,88572,0.0,0.0
2024-03-06 11:30:00-05:00,17.34000015258789,17.479999542236328,17.329999923706055,17.469999313354492,99239,0.0,0.0
2024-03-06 12:30:00-05:00,17.469999313354492,17.56999969482422,17.459999084472656,17.549999237060547,248378,0.0,0.0
2024-03-06 13:30:00-05:00,17.540000915527344,17.549999237060547,17.43000030517578,17.5,375796,0.0,0.0
2024-03-06 14:30:00-05:00,17.4950008392334,17.540000915527344,17.280000686645508,17.389999389648438,353903,0.0,0.0
2024-03-06 15:30:00-05:00,17.3799991607666,17.454999923706055,17.309999465942383,17.34000015258789,222488,0.0,0.0
2024-03-07 09:30:00-05:00,16.950000762939453,16.969999313354492,16.600000381469727,16.649999618530273,1166451,0.0,0.0
2024-03-07 10:30:00-05:00,16.65250015258789,16.770000457763672,16.510000228881836,16.56999969482422,499575,0.0,0.0
2024-03-07 11:30:00-05:00,16.56999969482422,16.780000686645508,16.450000762939453,16.700000762939453,434184,0.0,0.0
2024-03-07 12:30:00-05:00,16.700000762939453,16.739999771118164,16.594999313354492,16.65999984741211,177939,0.0,0.0
2024-03-07 13:30:00-05:00,16.65999984741211,16.799999237060547,16.600000381469727,16.670000076293945,476029,0.0,0.0
2024-03-07 14:30:00-05:00,16.65999984741211,16.760000228881836,16.645000457763672,16.645000457763672,395855,0.0,0.0
2024-03-07 15:30:00-05:00,16.649999618530273,16.700000762939453,16.600000381469727,16.700000762939453,554568,0.0,0.0
2024-03-08 09:30:00-05:00,16.799999237060547,17.049999237060547,16.75,16.96500015258789,700146,0.0,0.0
2024-03-08 10:30:00-05:00,16.96500015258789,17.030000686645508,16.8700008392334,17.010000228881836,318419,0.0,0.0
2024-03-08 11:30:00-05:00,17.0,17.0,16.799999237060547,16.889999389648438,206795,0.0,0.0
2024-03-08 12:30:00-05:00,16.889999389648438,16.889999389648438,16.75,16.760000228881836,199918,0.0,0.0
2024-03-08 13:30:00-05:00,16.75,16.8700008392334,16.729999542236328,16.829999923706055,122035,0.0,0.0
2024-03-08 14:30:00-05:00,16.829999923706055,16.959999084472656,16.829999923706055,16.8700008392334,143176,0.0,0.0
2024-03-08 15:30:00-05:00,16.8700008392334,16.950000762939453,16.86949920654297,16.940000534057617,425462,0.0,0.0
2024-03-11 09:30:00-04:00,16.90999984741211,17.049999237060547,16.739999771118164,16.790000915527344,165691,0.0,0.0
2024-03-11 10:30:00-04:00,16.790000915527344,16.8799991607666,16.75,16.829999923706055,121043,0.0,0.0
2024-03-11 11:30:00-04:00,16.829999923706055,16.989999771118164,16.81999969482422,16.915000915527344,159621,0.0,0.0
2024-03-11 12:30:00-04:00,16.90999984741211,16.940000534057617,16.81999969482422,16.850000381469727,152852,0.0,0.0
2024-03-11 13:30:00-04:00,16.850000381469727,17.010000228881836,16.790000915527344,17.0,324330,0.0,0.0
2024-03-11 14:30:00-04:00,16.989999771118164,17.0049991607666,16.8700008392334,16.8700008392334,170413,0.0,0.0
2024-03-11 15:30:00-04:00,16.8799991607666,16.899999618530273,16.799999237060547,16.829999923706055,316645,0.0,0.0
2024-03-12 09:30:00-04:00,16.81999969482422,17.079999923706055,16.729999542236328,16.959999084472656,269031,0.0,0.0
2024-03-12 10:30:00-04:00,16.969999313354492,17.065000534057617,16.969999313354492,17.065000534057617,130568,0.0,0.0
2024-03-12 11:30:00-04:00,17.06999969482422,17.06999969482422,16.959999084472656,17.010000228881836,178465,0.0,0.0
2024-03-12 12:30:00-04:00,17.010000228881836,17.010000228881836,16.889999389648438,16.979999542236328,156677,0.0,0.0
2024-03-12 13:30:00-04:00,16.989999771118164,17.010000228881836,16.979999542236328,16.999900817871094,120565,0.0,0.0
2024-03-12 14:30:00-04:00,17.0,17.020000457763672,16.920000076293945,16.934999465942383,153610,0.0,0.0
2024-03-12 15:30:00-04:00,16.940000534057617,16.950000762939453,16.825000762939453,16.93000030517578,399519,0.0,0.0
2024-03-13 09:30:00-04:00,17.040000915527344,17.18000030517578,16.68000030517578,16.770000457763672,201431,0.0,0.0
2024-03-13 10:30:00-04:00,16.780000686645508,16.81999969482422,16.520000457763672,16.59000015258789,248263,0.0,0.0
2024-03-13 11:30:00-04:00,16.600000381469727,16.600000381469727,16.389999389648438,16.399999618530273,146476,0.0,0.0
2024-03-13 12:30:00-04:00,16.399999618530273,16.549999237060547,16.3799991607666,16.5,202875,0.0,0.0
2024-03-13 13:30:00-04:00,16.5,16.639999389648438,16.440000534057617,16.579999923706055,316176,0.0,0.0
2024-03-13 14:30:00-04:00,16.579999923706055,16.59000015258789,16.454999923706055,16.5,216172,0.0,0.0
2024-03-13 15:30:00-04:00,16.5,16.540000915527344,16.469999313354492,16.530000686645508,576832,0.0,0.0
2024-03-14 09:30:00-04:00,16.479999542236328,16.6200008392334,16.34000015258789,16.3700008392334,75254,0.0,0.0
2024-03-14 10:30:00-04:00,16.375,16.440000534057617,16.31999969482422,16.399999618530273,295440,0.0,0.0
2024-03-14 11:30:00-04:00,16.395000457763672,16.459999084472656,16.364999771118164,16.399999618530273,110920,0.0,0.0
2024-03-14 12:30:00-04:00,16.389999389648438,16.43000030517578,16.315000534057617,16.315000534057617,89814,0.0,0.0
2024-03-14 13:30:00-04:00,16.309999465942383,16.40999984741211,16.290000915527344,16.375,226609,0.0,0.0
2024-03-14 14:30:00-04:00,16.375,16.389999389648438,16.25,16.28499984741211,156070,0.0,0.0
2024-03-14 15:30:00-04:00,16.28499984741211,16.389999389648438,16.240100860595703,16.389999389648438,340565,0.0,0.0
2024-03-15 09:30:00-04:00,16.270000457763672,16.420000076293945,16.100000381469727,16.290000915527344,93026,0.0,0.0
2024-03-15 10:30:00-04:00,16.282499313354492,16.360000610351562,16.229999542236328,16.360000610351562,72645,0.0,0.0
2024-03-15 11:30:00-04:00,16.3700008392334,16.389999389648438,16.149999618530273,16.149999618530273,121804,0.0,0.0
2024-03-15 12:30:00-04:00,16.155000686645508,16.19499969482422,16.110000610351562,16.184999465942383,114758,0.0,0.0
2024-03-15 13:30:00-04:00,16.184999465942383,16.389999389648438,16.174999237060547,16.364999771118164,248707,0.0,0.0
2024-03-15 14:30:00-04:00,16.368799209594727,16.549999237060547,16.31999969482422,16.549999237060547,205962,0.0,0.0
2024-03-15 15:30:00-04:00,16.549999237060547,16.610000610351562,16.4950008392334,16.610000610351562,469272,0.0,0.0
2024-03-18 09:30:00-04:00,16.59000015258789,16.84000015258789,16.4950008392334,16.829999923706055,179869,0.0,0.0
2024-03-18 10:30:00-04:00,16.829999923706055,16.84000015258789,16.639999389648438,16.739999771118164,124125,0.0,0.0
2024-03-18 11:30:00-04:00,16.735000610351562,16.75,16.690000534057617,16.7450008392334,86344,0.0,0.0
2024-03-18 12:30:00-04:00,16.7450008392334,16.790000915527344,16.639999389648438,16.774999618530273,126024,0.0,0.0
2024-03-18 13:30:00-04:00,16.770000457763672,16.93000030517578,16.770000457763672,16.899999618530273,97262,0.0,0.0
2024-03-18 14:30:00-04:00,16.889999389648438,16.889999389648438,16.80500030517578,16.854999542236328,184788,0.0,0.0
2024-03-18 15:30:00-04:00,16.854999542236328,16.854999542236328,16.764999389648438,16.81999969482422,270142,0.0,0.0
2024-03-19 09:30:00-04:00,16.860000610351562,16.979999542236328,16.739999771118164,16.790000915527344,121408,0.0,0.0
2024-03-19 10:30:00-04:00,16.790000915527344,16.809999465942383,16.65999984741211,16.665000915527344,90832,0.0,0.0
2024-03-19 11:30:00-04:00,16.65999984741211,16.90999984741211,16.6299991607666,16.905000686645508,257924,0.0,0.0
2024-03-19 12:30:00-04:00,16.905000686645508,16.954999923706055,16.850000381469727,16.8799991607666,138150,0.0,0.0
2024-03-19 13:30:00-04:00,16.8799991607666,17.09000015258789,16.860000610351562,17.020000457763672,362196,0.0,0.0
2024-03-19 14:30:00-04:00,17.014999389648438,17.110000610351562,16.969999313354492,16.985000610351562,497661,0.0,0.0
2024-03-19 15:30:00-04:00,16.985000610351562,17.010000228881836,16.950000762939453,16.979999542236328,454315,0.0,0.0
2024-03-20 09:30:00-04:00,16.959999084472656,17.05500030517578,16.850000381469727,16.985000610351562,222777,0.0,0.0
2024-03-20 10:30:00-04:00,16.985000610351562,17.170000076293945,16.889999389648438,17.149999618530273,109418,0.0,0.0
2024-03-20 11:30:00-04:00,17.149999618530273,17.200000762939453,17.114999771118164,17.149999618530273,124491,0.0,0.0
2024-03-20 12:30:00-04:00,17.155000686645508,17.190000534057617,17.110000610351562,17.125,63069,0.0,0.0
2024-03-20 13:30:00-04:00,17.1299991607666,17.299999237060547,17.1299991607666,17.2549991607666,91802,0.0,0.0
2024-03-20 14:30:00-04:00,17.2549991607666,17.3799991607666,17.225000381469727,17.2549991607666,175925,0.0,0.0
2024-03-20 15:30:00-04:00,17.260000228881836,17.3799991607666,17.2450008392334,17.280000686645508,396641,0.0,0.0
2024-03-21 09:30:00-04:00,17.34000015258789,17.34000015258789,17.079999923706055,17.079999923706055,65315,0.0,0.0
2024-03-21 10:30:00-04:00,17.06999969482422,17.170000076293945,17.020000457763672,17.049999237060547,165108,0.0,0.0
2024-03-21 11:30:00-04:00,17.059999465942383,17.18000030517578,17.0,17.170000076293945,114753,0.0,0.0
2024-03-21 12:30:00-04:00,17.18000030517578,17.329999923706055,17.1200008392334,17.329999923706055,138599,0.0,0.0
2024-03-21 13:30:00-04:00,17.325000762939453,17.459999084472656,17.299999237060547,17.40999984741211,179737,0.0,0.0
2024-03-21 14:30:00-04:00,17.40999984741211,17.424999237060547,17.3700008392334,17.40999984741211,135156,0.0,0.0
2024-03-21 15:30:00-04:00,17.40999984741211,17.40999984741211,17.18000030517578,17.270000457763672,481472,0.0,0.0
2024-03-22 09:30:00-04:00,17.239999771118164,17.3799991607666,17.139999389648438,17.290000915527344,127555,0.0,0.0
2024-03-22 10:30:00-04:00,17.290000915527344,17.350000381469727,17.280000686645508,17.329999923706055,108407,0.0,0.0
2024-03-22 11:30:00-04:00,17.325000762939453,17.360000610351562,17.260000228881836,17.280000686645508,103330,0.0,0.0
2024-03-22 12:30:00-04:00,17.28499984741211,17.3700008392334,17.28499984741211,17.350000381469727,113322,0.0,0.0
2024-03-22 13:30:00-04:00,17.350000381469727,17.389999389648438,17.31999969482422,17.364999771118164,125604,0.0,0.0
2024-03-22 14:30:00-04:00,17.3700008392334,17.3700008392334,17.2450008392334,17.2450008392334,246162,0.0,0.0
2024-03-22 15:30:00-04:00,17.25,17.329999923706055,17.2450008392334,17.329999923706055,578390,0.0,0.0
2024-03-25 09:30:00-04:00,17.360000610351562,17.389999389648438,17.309999465942383,17.34000015258789,818862,0.0,0.0
2024-03-25 10:30:00-04:00,17.34000015258789,17.40999984741211,17.260000228881836,17.360000610351562,78016,0.0,0.0
2024-03-25 11:30:00-04:00,17.354999542236328,17.3700008392334,17.219999313354492,17.274999618530273,103698,0.0,0.0
2024-03-25 12:30:00-04:00,17.274999618530273,17.274999618530273,17.149999618530273,17.184999465942383,111353,0.0,0.0
2024-03-25 13:30:00-04:00,17.190000534057617,17.25,17.170000076293945,17.239999771118164,119911,0.0,0.0
2024-03-25 14:30:00-04:00,17.25,17.25,17.1299991607666,17.139999389648438,108748,0.0,0.0
2024-03-25 15:30:00-04:00,17.145000457763672,17.149999618530273,17.030000686645508,17.030000686645508,280462,0.0,0.0
2024-03-26 09:30:00-04:00,17.059999465942383,17.059999465942383,16.93000030517578,16.979999542236328,74458,0.0,0.0
2024-03-26 10:30:00-04:00,16.979999542236328,17.010000228881836,16.899999618530273,16.934999465942383,70011,0.0,0.0
2024-03-26 11:30:00-04:00,16.940000534057617,17.219999313354492,16.920000076293945,17.204999923706055,134658,0.0,0.0
2024-03-26 12:30:00-04:00,17.209999084472656,17.209999084472656,17.15999984741211,17.204999923706055,105959,0.0,0.0
2024-03-26 13:30:00-04:00,17.209999084472656,17.229999542236328,17.1200008392334,17.229999542236328,121305,0.0,0.0
2024-03-26 14:30:00-04:00,17.229999542236328,17.239999771118164,17.184999465942383,17.21500015258789,122670,0.0,0.0
2024-03-26 15:30:00-04:00,17.219900131225586,17.260000228881836,17.190000534057617,17.25,250684,0.0,0.0
2024-03-27 09:30:00-04:00,17.31999969482422,17.354999542236328,17.225000381469727,17.30500030517578,74806,0.0,0.0
2024-03-27 10:30:00-04:00,17.30500030517578,17.3799991607666,17.280000686645508,17.329999923706055,110152,0.0,0.0
2024-03-27 11:30:00-04:00,17.325000762939453,17.469999313354492,17.299999237060547,17.469999313354492,121559,0.0,0.0
2024-03-27 12:30:00-04:00,17.479999542236328,17.5049991607666,17.450000762939453,17.475000381469727,140753,0.0,0.0
2024-03-27 13:30:00-04:00,17.475000381469727,17.5049991607666,17.3700008392334,17.5,175722,0.0,0.0
2024-03-27 14:30:00-04:00,17.5,17.524999618530273,17.440000534057617,17.47249984741211,196865,0.0,0.0
2024-03-27 15:30:00-04:00,17.475000381469727,17.524999618530273,17.459999084472656,17.469999313354492,379383,0.0,0.0
2024-03-28 09:30:00-04:00,17.579999923706055,17.690000534057617,17.479999542236328,17.68000030517578,92858,0.0,0.0
2024-03-28 10:30:00-04:00,17.68000030517578,17.68000030517578,17.579999923706055,17.635000228881836,70567,0.0,0.0
2024-03-28 11:30:00-04:00,17.639999389648438,17.81999969482422,17.639999389648438,17.790000915527344,80706,0.0,0.0
2024-03-28 12:30:00-04:00,17.790000915527344,17.809999465942383,17.610000610351562,17.68000030517578,77691,0.0,0.0
2024-03-28 13:30:00-04:00,17.677799224853516,17.704999923706055,17.610000610351562,17.639999389648438,64653,0.0,0.0
2024-03-28 14:30:00-04:00,17.645000457763672,17.700000762939453,17.610000610351562,17.690000534057617,110319,0.0,0.0
2024-03-28 15:30:00-04:00,17.690000534057617,17.739999771118164,17.65999984741211,17.68000030517578,331682,0.0,0.0
2024-04-01 09:30:00-04:00,17.700000762939453,17.735000610351562,17.40999984741211,17.40999984741211,193930,0.0,0.0
2024-04-01 10:30:00-04:00,17.389999389648438,17.538000106811523,17.290000915527344,17.489999771118164,80998,0.0,0.0
2024-04-01 11:30:00-04:00,17.489999771118164,17.517000198364258,17.43000030517578,17.450000762939453,52539,0.0,0.0
2024-04-01 12:30:00-04:00,17.450000762939453,17.450000762939453,17.350000381469727,17.43000030517578,63547,0.0,0.0
2024-04-01 13:30:00-04:00,17.424999237060547,17.4950008392334,17.3700008392334,17.3799991607666,68168,0.0,0.0
2024-04-01 14:30:00-04:00,17.3700008392334,17.3799991607666,17.229999542236328,17.270000457763672,97369,0.0,0.0
2024-04-01 15:30:00-04:00,17.274999618530273,17.31999969482422,17.239999771118164,17.239999771118164,268594,0.0,0.0
2024-04-02 09:30:00-04:00,17.200000762939453,17.290000915527344,16.959999084472656,17.190000534057617,91802,0.0,0.0
2024-04-02 10:30:00-04:00,17.190000534057617,17.25,17.1299991607666,17.235000610351562,61559,0.0,0.0
2024-04-02 11:30:00-04:00,17.235000610351562,17.239999771118164,17.149999618530273,17.200000762939453,80122,0.0,0.0
2024-04-02 12:30:00-04:00,17.190000534057617,17.25,17.18000030517578,17.225000381469727,55093,0.0,0.0
2024-04-02 13:30:00-04:00,17.229999542236328,17.260000228881836,17.200000762939453,17.260000228881836,45736,0.0,0.0
2024-04-02 14:30:00-04:00,17.260000228881836,17.299999237060547,17.219999313354492,17.2549991607666,106172,0.0,0.0
2024-04-02 15:30:00-04:00,17.2549991607666,17.270000457763672,17.18000030517578,17.190000534057617,205870,0.0,0.0
2024-04-03 09:30:00-04:00,17.110000610351562,17.229999542236328,17.05500030517578,17.1200008392334,58970,0.0,0.0
2024-04-03 10:30:00-04:00,17.11949920654297,17.190000534057617,17.030000686645508,17.049999237060547,57640,0.0,0.0
2024-04-03 11:30:00-04:00,17.049999237060547,17.110000610351562,17.020000457763672,17.059999465942383,89188,0.0,0.0
2024-04-03 12:30:00-04:00,17.066999435424805,17.1200008392334,17.020000457763672,17.1200008392334,49713,0.0,0.0
2024-04-03 13:30:00-04:00,17.1299991607666,17.190000534057617,17.110000610351562,17.149999618530273,67626,0.0,0.0
2024-04-03 14:30:00-04:00,17.149999618530273,17.170000076293945,17.065000534057617,17.08989906311035,98936,0.0,0.0
2024-04-03 15:30:00-04:00,17.079999923706055,17.184999465942383,17.079999923706055,17.149999618530273,309213,0.0,0.0
2024-04-04 09:30:00-04:00,17.290000915527344,17.479999542236328,17.290000915527344,17.40999984741211,62511,0.0,0.0
2024-04-04 10:30:00-04:00,17.399999618530273,17.530000686645508,17.399999618530273,17.4950008392334,57982,0.0,0.0
2024-04-04 11:30:00-04:00,17.489999771118164,17.489999771118164,17.420000076293945,17.469999313354492,41349,0.0,0.0
2024-04-04 12:30:00-04:00,17.479999542236328,17.479999542236328,17.420000076293945,17.44499969482422,37576,0.0,0.0
2024-04-04 13:30:00-04:00,17.44499969482422,17.450000762939453,17.270000457763672,17.270000457763672,64151,0.0,0.0
2024-04-04 14:30:00-04:00,17.260000228881836,17.309999465942383,17.139999389648438,17.139999389648438,78511,0.0,0.0
2024-04-04 15:30:00-04:00,17.139999389648438,17.15999984741211,17.09000015258789,17.1200008392334,143905,0.0,0.0
2024-04-05 09:30:00-04:00,17.110000610351562,17.229999542236328,16.979999542236328,16.979999542236328,53006,0.0,0.0
2024-04-05 10:30:00-04:00,16.979999542236328,17.09000015258789,16.979999542236328,17.09000015258789,52808,0.0,0.0
2024-04-05 11:30:00-04:00,17.09000015258789,17.139999389648438,17.09000015258789,17.139999389648438,36417,0.0,0.0
2024-04-05 12:30:00-04:00,17.135000228881836,17.200000762939453,17.1299991607666,17.184999465942383,46093,0.0,0.0
2024-04-05 13:30:00-04:00,17.184999465942383,17.219999313354492,17.1200008392334,17.1200008392334,66207,0.0,0.0
2024-04-05 14:30:00-04:00,17.125,17.149999618530273,17.040000915527344,17.08099937438965,96386,0.0,0.0
2024-04-05 15:30:00-04:00,17.09000015258789,17.114999771118164,17.045000076293945,17.100000381469727,178053,0.0,0.0
2024-04-08 09:30:00-04:00,17.149999618530273,17.190000534057617,17.030000686645508,17.110000610351562,53585,0.0,0.0
2024-04-08 10:30:00-04:00,17.110000610351562,17.299999237060547,17.110000610351562,17.264999389648438,162839,0.0,0.0
2024-04-08 11:30:00-04:00,17.260000228881836,17.270000457763672,17.209999084472656,17.25,92049,0.0,0.0
2024-04-08 12:30:00-04:00,17.25,17.32990074157715,17.25,17.2549991607666,82279,0.0,0.0
2024-04-08 13:30:00-04:00,17.25,17.260000228881836,17.18000030517578,17.184999465942383,37614,0.0,0.0
2024-04-08 14:30:00-04:00,17.184999465942383,17.190000534057617,17.079999923706055,17.079999923706055,72923,0.0,0.0
2024-04-08 15:30:00-04:00,17.084999084472656,17.1299991607666,17.059999465942383,17.079999923706055,172831,0.0,0.0
2024-04-09 09:30:00-04:00,17.100000381469727,17.229999542236328,17.100000381469727,17.15999984741211,41265,0.0,0.0
2024-04-09 10:30:00-04:00,17.149999618530273,17.15999984741211,16.969999313354492,17.049999237060547,62236,0.0,0.0
2024-04-09 11:30:00-04:00,17.049999237060547,17.165000915527344,17.03499984741211,17.165000915527344,52034,0.0,0.0
2024-04-09 12:30:00-04:00,17.165000915527344,17.184999465942383,17.110000610351562,17.15999984741211,56669,0.0,0.0
2024-04-09 13:30:00-04:00,17.149999618530273,17.149999618530273,17.010000228881836,17.049999237060547,68556,0.0,0.0
2024-04-09 14:30:00-04:00,17.05500030517578,17.079999923706055,16.969999313354492,17.014999389648438,118470,0.0,0.0
2024-04-09 15:30:00-04:00,17.014999389648438,17.014999389648438,16.920000076293945,16.93000030517578,263295,0.0,0.0
2024-04-10 09:30:00-04:00,16.65999984741211,16.665000915527344,16.510000228881836,16.604999542236328,115416,0.0,0.0
2024-04-10 10:30:00-04:00,16.600000381469727,16.6200008392334,16.440000534057617,16.479999542236328,130748,0.0,0.0
2024-04-10 11:30:00-04:00,16.489999771118164,16.510000228881836,16.360000610351562,16.364999771118164,107433,0.0,0.0
2024-04-10 12:30:00-04:00,16.360000610351562,16.415000915527344,16.325000762939453,16.329999923706055,98253,0.0,0.0
2024-04-10 13:30:00-04:00,16.329999923706055,16.364999771118164,16.270000457763672,16.280000686645508,86626,0.0,0.0
2024-04-10 14:30:00-04:00,16.279300689697266,16.3799991607666,16.25,16.350000381469727,153013,0.0,0.0
2024-04-10 15:30:00-04:00,16.354999542236328,16.389999389648438,16.270000457763672,16.3799991607666,315832,0.0,0.0
2024-04-11 09:30:00-04:00,16.459999084472656,16.540000915527344,16.18000030517578,16.190000534057617,89617,0.0,0.0
2024-04-11 10:30:00-04:00,16.200000762939453,16.219999313354492,16.125,16.21500015258789,106080,0.0,0.0
2024-04-11 11:30:00-04:00,16.21500015258789,16.280000686645508,16.170000076293945,16.174999237060547,108499,0.0,0.0
2024-04-11 12:30:00-04:00,16.174999237060547,16.239999771118164,16.149999618530273,16.219999313354492,170308,0.0,0.0
2024-04-11 13:30:00-04:00,16.219999313354492,16.229999542236328,16.15999984741211,16.19029998779297,100227,0.0,0.0
2024-04-11 14:30:00-04:00,16.19499969482422,16.290000915527344,16.170000076293945,16.270000457763672,115377,0.0,0.0
2024-04-11 15:30:00-04:00,16.264999389648438,16.424999237060547,16.264999389648438,16.280000686645508,351104,0.0,0.0
2024-04-12 09:30:00-04:00,16.239999771118164,16.354999542236328,16.172000885009766,16.354999542236328,76276,0.0,0.0
2024-04-12 10:30:00-04:00,16.3700008392334,16.399999618530273,16.309999465942383,16.3799991607666,62569,0.0,0.0
2024-04-12 11:30:00-04:00,16.385000228881836,16.399999618530273,16.25,16.2549991607666,92121,0.0,0.0
2024-04-12 12:30:00-04:00,16.2549991607666,16.389999389648438,16.25,16.315000534057617,63192,0.0,0.0
2024-04-12 13:30:00-04:00,16.309999465942383,16.459999084472656,16.290000915527344,16.454999923706055,232623,0.0,0.0
2024-04-12 14:30:00-04:00,16.450000762939453,16.489999771118164,16.399999618530273,16.40999984741211,101050,0.0,0.0
2024-04-12 15:30:00-04:00,16.405000686645508,16.510000228881836,16.405000686645508,16.43000030517578,240969,0.0,0.0
2024-04-15 09:30:00-04:00,16.520000457763672,16.524999618530273,16.260000228881836,16.290000915527344,53835,0.0,0.0
2024-04-15 10:30:00-04:00,16.290000915527344,16.440000534057617,16.270000457763672,16.399999618530273,88257,0.0,0.0
2024-04-15 11:30:00-04:00,16.405000686645508,16.5,16.389999389648438,16.434999465942383,51798,0.0,0.0
2024-04-15 12:30:00-04:00,16.43000030517578,16.434999465942383,16.184999465942383,16.184999465942383,87983,0.0,0.0
2024-04-15 13:30:00-04:00,16.18000030517578,16.19499969482422,16.100000381469727,16.170000076293945,149076,0.0,0.0
2024-04-15 14:30:00-04:00,16.15999984741211,16.174999237060547,16.114999771118164,16.1200008392334,136287,0.0,0.0
2024-04-15 15:30:00-04:00,16.114999771118164,16.15999984741211,16.100000381469727,16.15999984741211,357110,0.0,0.0
2024-04-16 09:30:00-04:00,16.040000915527344,16.275299072265625,16.030000686645508,16.239999771118164,32751,0.0,0.0
2024-04-16 10:30:00-04:00,16.235000610351562,16.329999923706055,16.229999542236328,16.329999923706055,63029,0.0,0.0
2024-04-16 11:30:00-04:00,16.329999923706055,16.364999771118164,16.290000915527344,16.302499771118164,61339,0.0,0.0
2024-04-16 12:30:00-04:00,16.309999465942383,16.3700008392334,16.2549991607666,16.34000015258789,64007,0.0,0.0
2024-04-16 13:30:00-04:00,16.329999923706055,16.389999389648438,16.274999618530273,16.290000915527344,106121,0.0,0.0
2024-04-16 14:30:00-04:00,16.299999237060547,16.360000610351562,16.280000686645508,16.295000076293945,84484,0.0,0.0
2024-04-16 15:30:00-04:00,16.290000915527344,16.309999465942383,16.209999084472656,16.209999084472656,168168,0.0,0.0
2024-04-17 09:30:00-04:00,16.229999542236328,16.360000610351562,16.202499389648438,16.270000457763672,39986,0.0,0.0
2024-04-17 10:30:00-04:00,16.260000228881836,16.299999237060547,16.219999313354492,16.2549991607666,75090,0.0,0.0
2024-04-17 11:30:00-04:00,16.2549991607666,16.315000534057617,16.25,16.28499984741211,66609,0.0,0.0
2024-04-17 12:30:00-04:00,16.28499984741211,16.350000381469727,16.280000686645508,16.350000381469727,55160,0.0,0.0
2024-04-17 13:30:00-04:00,16.344999313354492,16.389999389648438,16.299999237060547,16.3700008392334,77213,0.0,0.0
2024-04-17 14:30:00-04:00,16.3700008392334,16.420000076293945,16.30500030517578,16.30500030517578,84603,0.0,0.0
2024-04-17 15:30:00-04:00,16.299999237060547,16.34000015258789,16.225000381469727,16.299999237060547,181286,0.0,0.0
2024-04-18 09:30:00-04:00,16.420000076293945,16.459999084472656,16.229999542236328,16.459999084472656,64522,0.0,0.0
2024-04-18 10:30:00-04:00,16.469999313354492,16.600000381469727,16.450000762939453,16.540000915527344,76942,0.0,0.0
2024-04-18 11:30:00-04:00,16.540000915527344,16.6200008392334,16.540000915527344,16.59000015258789,75904,0.0,0.0
2024-04-18 12:30:00-04:00,16.59000015258789,16.598800659179688,16.329999923706055,16.344999313354492,184497,0.0,0.0
2024-04-18 13:30:00-04:00,16.34000015258789,16.360000610351562,16.209999084472656,16.309999465942383,178185,0.0,0.0
2024-04-18 14:30:00-04:00,16.299999237060547,16.389999389648438,16.25,16.334999084472656,136173,0.0,0.0
2024-04-18 15:30:00-04:00,16.34000015258789,16.415000915527344,16.295000076293945,16.315000534057617,328685,0.0,0.0
2024-04-19 09:30:00-04:00,16.350000381469727,16.434999465942383,16.299999237060547,16.299999237060547,95907,0.0,0.0
2024-04-19 10:30:00-04:00,16.309999465942383,16.34000015258789,16.219999313354492,16.264999389648438,86145,0.0,0.0
2024-04-19 11:30:00-04:00,16.264999389648438,16.34000015258789,16.2549991607666,16.280000686645508,105029,0.0,0.0
2024-04-19 12:30:00-04:00,16.280000686645508,16.325000762939453,16.25,16.28499984741211,80522,0.0,0.0
2024-04-19 13:30:00-04:00,16.290000915527344,16.325000762939453,16.25,16.264999389648438,84065,0.0,0.0
2024-04-19 14:30:00-04:00,16.270000457763672,16.329999923706055,16.209999084472656,16.315000534057617,151983,0.0,0.0
2024-04-19 15:30:00-04:00,16.31999969482422,16.360000610351562,16.25,16.360000610351562,216051,0.0,0.0
2024-04-22 09:30:00-04:00,16.440000534057617,16.610000610351562,16.440000534057617,16.440000534057617,53261,0.0,0.0
2024-04-22 10:30:00-04:00,16.450000762939453,16.5049991607666,16.364999771118164,16.40999984741211,77107,0.0,0.0
2024-04-22 11:30:00-04:00,16.40999984741211,16.530000686645508,16.399999618530273,16.479999542236328,87444,0.0,0.0
2024-04-22 12:30:00-04:00,16.469999313354492,16.6299991607666,16.450000762939453,16.625,68699,0.0,0.0
2024-04-22 13:30:00-04:00,16.627500534057617,16.690000534057617,16.625,16.657499313354492,79482,0.0,0.0
2024-04-22 14:30:00-04:00,16.65999984741211,16.684999465942383,16.514999389648438,16.53499984741211,101249,0.0,0.0
2024-04-22 15:30:00-04:00,16.540000915527344,16.549999237060547,16.459999084472656,16.489999771118164,182756,0.0,0.0
2024-04-23 09:30:00-04:00,16.520000457763672,17.079999923706055,16.520000457763672,16.959999084472656,83333,0.0,0.0
2024-04-23 10:30:00-04:00,16.95599937438965,16.969999313354492,16.84000015258789,16.875,58139,0.0,0.0
2024-04-23 11:30:00-04:00,16.875,16.889999389648438,16.760000228881836,16.81999969482422,52116,0.0,0.0
2024-04-23 12:30:00-04:00,16.815000534057617,16.920000076293945,16.780000686645508,16.864999771118164,57750,0.0,0.0
2024-04-23 13:30:00-04:00,16.864999771118164,16.8700008392334,16.799999237060547,16.850000381469727,61714,0.0,0.0
2024-04-23 14:30:00-04:00,16.850000381469727,16.850000381469727,16.729999542236328,16.764999389648438,105397,0.0,0.0
2024-04-23 15:30:00-04:00,16.764999389648438,16.774999618530273,16.649999618530273,16.655000686645508,203249,0.0,0.0
2024-04-24 09:30:00-04:00,16.68000030517578,16.84000015258789,16.53499984741211,16.53499984741211,45306,0.0,0.0
2024-04-24 10:30:00-04:00,16.559999465942383,16.625,16.530000686645508,16.559999465942383,46569,0.0,0.0
2024-04-24 11:30:00-04:00,16.549999237060547,16.59000015258789,16.510000228881836,16.565000534057617,46936,0.0,0.0
2024-04-24 12:30:00-04:00,16.559999465942383,16.600000381469727,16.540000915527344,16.579999923706055,47658,0.0,0.0
2024-04-24 13:30:00-04:00,16.59000015258789,16.610000610351562,16.5,16.5,44560,0.0,0.0
2024-04-24 14:30:00-04:00,16.5,16.530000686645508,16.459999084472656,16.5049991607666,80873,0.0,0.0
2024-04-24 15:30:00-04:00,16.5049991607666,16.579999923706055,16.5,16.520000457763672,130028,0.0,0.0
2024-04-25 09:30:00-04:00,16.34000015258789,16.670000076293945,16.110000610351562,16.350000381469727,54303,0.0,0.0
2024-04-25 10:30:00-04:00,16.350000381469727,16.4950008392334,16.290000915527344,16.459999084472656,90468,0.0,0.0
2024-04-25 11:30:00-04:00,16.454999923706055,16.6299991607666,16.43000030517578,16.579999923706055,112075,0.0,0.0
2024-04-25 12:30:00-04:00,16.56999969482422,16.69499969482422,16.559999465942383,16.614999771118164,75597,0.0,0.0
2024-04-25 13:30:00-04:00,16.610000610351562,16.704999923706055,16.610000610351562,16.655000686645508,60775,0.0,0.0
2024-04-25 14:30:00-04:00,16.65999984741211,16.760000228881836,16.649999618530273,16.719999313354492,103894,0.0,0.0
2024-04-25 15:30:00-04:00,16.719999313354492,16.719999313354492,16.579999923706055,16.579999923706055,195429,0.0,0.0
2024-04-26 09:30:00-04:00,16.610000610351562,16.790000915527344,16.579999923706055,16.649999618530273,70026,0.0,0.0
2024-04-26 10:30:00-04:00,16.639999389648438,16.670000076293945,16.40999984741211,16.40999984741211,231645,0.0,0.0
2024-04-26 11:30:00-04:00,16.40999984741211,16.43000030517578,16.299999237060547,16.420000076293945,87792,0.0,0.0
2024-04-26 12:30:00-04:00,16.43000030517578,16.499900817871094,16.399999618530273,16.440000534057617,55728,0.0,0.0
2024-04-26 13:30:00-04:00,16.450000762939453,16.459999084472656,16.360000610351562,16.459999084472656,62482,0.0,0.0
2024-04-26 14:30:00-04:00,16.454999923706055,16.479999542236328,16.40999984741211,16.434999465942383,71008,0.0,0.0
2024-04-26 15:30:00-04:00,16.43000030517578,16.434999465942383,16.329999923706055,16.389999389648438,223626,0.0,0.0
2024-04-29 09:30:00-04:00,16.459999084472656,16.459999084472656,16.239999771118164,16.329999923706055,79663,0.0,0.0
2024-04-29 10:30:00-04:00,16.329999923706055,16.334999084472656,16.239999771118164,16.260000228881836,74175,0.0,0.0
2024-04-29 11:30:00-04:00,16.280000686645508,16.299999237060547,16.209999084472656,16.219999313354492,84500,0.0,0.0
2024-04-29 12:30:00-04:00,16.219999313354492,16.260000228881836,16.15999984741211,16.18000030517578,95420,0.0,0.0
2024-04-29 13:30:00-04:00,16.174999237060547,16.209999084472656,16.114999771118164,16.184999465942383,131581,0.0,0.0
2024-04-29 14:30:00-04:00,16.18000030517578,16.21500015258789,16.040000915527344,16.065000534057617,235589,0.0,0.0
2024-04-29 15:30:00-04:00,16.06999969482422,16.110000610351562,16.020000457763672,16.030000686645508,373710,0.0,0.0
2024-04-30 09:30:00-04:00,16.0,16.149999618530273,15.789999961853027,15.890000343322754,126066,0.0,0.0
2024-04-30 10:30:00-04:00,15.890000343322754,15.930000305175781,15.729999542236328,15.739999771118164,124282,0.0,0.0
2024-04-30 11:30:00-04:00,15.729999542236328,15.84000015258789,15.699999809265137,15.770000457763672,145432,0.0,0.0
2024-04-30 12:30:00-04:00,15.774999618530273,15.800000190734863,15.680000305175781,15.739999771118164,120532,0.0,0.0
2024-04-30 13:30:00-04:00,15.734999656677246,15.84000015258789,15.720000267028809,15.819999694824219,184505,0.0,0.0
2024-04-30 14:30:00-04:00,15.819999694824219,15.84000015258789,15.720000267028809,15.720000267028809,178114,0.0,0.0
2024-04-30 15:30:00-04:00,15.720000267028809,15.800000190734863,15.710000038146973,15.770000457763672,529047,0.0,0.0
2024-05-01 09:30:00-04:00,15.869999885559082,15.949999809265137,15.619999885559082,15.859999656677246,107468,0.0,0.0
2024-05-01 10:30:00-04:00,15.850000381469727,16.09000015258789,15.819999694824219,15.970000267028809,172192,0.0,0.0
2024-05-01 11:30:00-04:00,15.979999542236328,16.0049991607666,15.869999885559082,15.96500015258789,175504,0.0,0.0
2024-05-01 12:30:00-04:00,15.970000267028809,16.010000228881836,15.8100004196167,15.869999885559082,138421,0.0,0.0
2024-05-01 13:30:00-04:00,15.859999656677246,15.885000228881836,15.739999771118164,15.755000114440918,290199,0.0,0.0
2024-05-01 14:30:00-04:00,15.75,15.920000076293945,15.680000305175781,15.84000015258789,448685,0.0,0.0
2024-05-01 15:30:00-04:00,15.850000381469727,15.880000114440918,15.739999771118164,15.819999694824219,561317,0.0,0.0
2024-05-02 09:30:00-04:00,16.5,17.079999923706055,16.469999313354492,16.920000076293945,412931,0.0,0.0
2024-05-02 10:30:00-04:00,16.950000762939453,17.209999084472656,16.700000762939453,17.030000686645508,278169,0.0,0.0
2024-05-02 11:30:00-04:00,17.049999237060547,17.280000686645508,16.950000762939453,17.209999084472656,127382,0.0,0.0
2024-05-02 12:30:00-04:00,17.204999923706055,17.350000381469727,17.075000762939453,17.25,266350,0.0,0.0
2024-05-02 13:30:00-04:00,17.260000228881836,17.309999465942383,17.125,17.219999313354492,376345,0.0,0.0
2024-05-02 14:30:00-04:00,17.219999313354492,17.309999465942383,17.149999618530273,17.209999084472656,275321,0.0,0.0
2024-05-02 15:30:00-04:00,17.209999084472656,17.209999084472656,17.0,17.200000762939453,546157,0.0,0.0
2024-05-03 09:30:00-04:00,17.3799991607666,17.440000534057617,17.049999237060547,17.139999389648438,176094,0.0,0.0
2024-05-03 10:30:00-04:00,17.139999389648438,17.25,17.114999771118164,17.209999084472656,116024,0.0,0.0
2024-05-03 11:30:00-04:00,17.219999313354492,17.40999984741211,17.204999923706055,17.364999771118164,129446,0.0,0.0
2024-05-03 12:30:00-04:00,17.360000610351562,17.579999923706055,17.360000610351562,17.530000686645508,132896,0.0,0.0
2024-05-03 13:30:00-04:00,17.530000686645508,17.690000534057617,17.530000686645508,17.655000686645508,121909,0.0,0.0
2024-05-03 14:30:00-04:00,17.649999618530273,17.68000030517578,17.479999542236328,17.5,177688,0.0,0.0
2024-05-03 15:30:00-04:00,17.489999771118164,17.709999084472656,17.479999542236328,17.65999984741211,467617,0.0,0.0
2024-05-06 09:30:00-04:00,17.739999771118164,17.8700008392334,17.65999984741211,17.78499984741211,102459,0.0,0.0
2024-05-06 10:30:00-04:00,17.784000396728516,17.940000534057617,17.639999389648438,17.69499969482422,154587,0.0,0.0
2024-05-06 11:30:00-04:00,17.709999084472656,17.709999084472656,17.520000457763672,17.600000381469727,103313,0.0,0.0
2024-05-06 12:30:00-04:00,17.600000381469727,17.600000381469727,17.299999237060547,17.344999313354492,180346,0.0,0.0
2024-05-06 13:30:00-04:00,17.350000381469727,17.389999389648438,17.264999389648438,17.360000610351562,122588,0.0,0.0
2024-05-06 14:30:00-04:00,17.350000381469727,17.40999984741211,17.329999923706055,17.3700008392334,105479,0.0,0.0
2024-05-06 15:30:00-04:00,17.3700008392334,17.469999313354492,17.3700008392334,17.469999313354492,198738,0.0,0.0
2024-05-07 09:30:00-04:00,17.610000610351562,17.809999465942383,17.420000076293945,17.6200008392334,186649,0.0,0.0
2024-05-07 10:30:00-04:00,17.610000610351562,17.809999465942383,17.604999542236328,17.739999771118164,80107,0.0,0.0
2024-05-07 11:30:00-04:00,17.739999771118164,17.899999618530273,17.68000030517578,17.809999465942383,79923,0.0,0.0
2024-05-07 12:30:00-04:00,17.829999923706055,17.829999923706055,17.709999084472656,17.760000228881836,95638,0.0,0.0
2024-05-07 13:30:00-04:00,17.790000915527344,17.815000534057617,17.690000534057617,17.704999923706055,112379,0.0,0.0
2024-05-07 14:30:00-04:00,17.704999923706055,17.770000457763672,17.670000076293945,17.674999237060547,94035,0.0,0.0
2024-05-07 15:30:00-04:00,17.670000076293945,17.719999313354492,17.6299991607666,17.649999618530273,319244,0.0,0.0
2024-05-08 09:30:00-04:00,17.579999923706055,17.8700008392334,17.579999923706055,17.764999389648438,62818,0.0,0.0
2024-05-08 10:30:00-04:00,17.764999389648438,17.889999389648438,17.690000534057617,17.8799991607666,68746,0.0,0.0
2024-05-08 11:30:00-04:00,17.8799991607666,17.924999237060547,17.809999465942383,17.899999618530273,55861,0.0,0.0
2024-05-08 12:30:00-04:00,17.899999618530273,17.959999084472656,17.850000381469727,17.860000610351562,49593,0.0,0.0
2024-05-08 13:30:00-04:00,17.85099983215332,17.940000534057617,17.84000015258789,17.905000686645508,54095,0.0,0.0
2024-05-08 14:30:00-04:00,17.905000686645508,18.1200008392334,17.885000228881836,18.040000915527344,252731,0.0,0.0
2024-05-08 15:30:00-04:00,18.049999237060547,18.110000610351562,18.0049991607666,18.040000915527344,221211,0.0,0.0
2024-05-09 09:30:00-04:00,18.059999465942383,18.15999984741211,17.665000915527344,17.81999969482422,138367,0.0,0.0
2024-05-09 10:30:00-04:00,17.84000015258789,18.09000015258789,17.839000701904297,18.040000915527344,66225,0.0,0.0
2024-05-09 11:30:00-04:00,18.049999237060547,18.09000015258789,17.989999771118164,18.010000228881836,53698,0.0,0.0
2024-05-09 12:30:00-04:00,18.010000228881836,18.040000915527344,17.950000762939453,17.969999313354492,40350,0.0,0.0
2024-05-09 13:30:00-04:00,17.975000381469727,18.03499984741211,17.975000381469727,18.020000457763672,59393,0.0,0.0
2024-05-09 14:30:00-04:00,18.024999618530273,18.1200008392334,18.011999130249023,18.047500610351562,69739,0.0,0.0
2024-05-09 15:30:00-04:00,18.049999237060547,18.18000030517578,18.049800872802734,18.165000915527344,197974,0.0,0.0
2024-05-10 09:30:00-04:00,18.170000076293945,18.174999237060547,17.860000610351562,18.09000015258789,98135,0.0,0.0
2024-05-10 10:30:00-04:00,18.059999465942383,18.239999771118164,18.059999465942383,18.139999389648438,67428,0.0,0.0
2024-05-10 11:30:00-04:00,18.15999984741211,18.25,18.149999618530273,18.209800720214844,66362,0.0,0.0
2024-05-10 12:30:00-04:00,18.190000534057617,18.280000686645508,18.100000381469727,18.149999618530273,101584,0.0,0.0
2024-05-10 13:30:00-04:00,18.139999389648438,18.260000228881836,18.139999389648438,18.25,65291,0.0,0.0
2024-05-10 14:30:00-04:00,18.239999771118164,18.329999923706055,18.209999084472656,18.260000228881836,77574,0.0,0.0
2024-05-10 15:30:00-04:00,18.260000228881836,18.329999923706055,18.219999313354492,18.260000228881836,206693,0.0,0.0
2024-05-13 09:30:00-04:00,18.350000381469727,18.530000686645508,18.219999313354492,18.440000534057617,43832,0.0,0.0
2024-05-13 10:30:00-04:00,18.420000076293945,18.459999084472656,18.34000015258789,18.40999984741211,50532,0.0,0.0
2024-05-13 11:30:00-04:00,18.40999984741211,18.469999313354492,18.350000381469727,18.43000030517578,74902,0.0,0.0
2024-05-13 12:30:00-04:00,18.420000076293945,18.459999084472656,18.389999389648438,18.440000534057617,57013,0.0,0.0
2024-05-13 13:30:00-04:00,18.440000534057617,18.450000762939453,18.329999923706055,18.3799991607666,137895,0.0,0.0
2024-05-13 14:30:00-04:00,18.389999389648438,18.40999984741211,18.274999618530273,18.371000289916992,137274,0.0,0.0
2024-05-13 15:30:00-04:00,18.375,18.450000762939453,18.260000228881836,18.44849967956543,225595,0.0,0.0
2024-05-14 09:30:00-04:00,18.549999237060547,18.834999084472656,18.540000915527344,18.790000915527344,56781,0.0,0.0
2024-05-14 10:30:00-04:00,18.780000686645508,18.809999465942383,18.735000610351562,18.799999237060547,82184,0.0,0.0
2024-05-14 11:30:00-04:00,18.790000915527344,18.795000076293945,18.5,18.6200008392334,60998,0.0,0.0
2024-05-14 12:30:00-04:00,18.610000610351562,18.790000915527344,18.584999084472656,18.770000457763672,92102,0.0,0.0
2024-05-14 13:30:00-04:00,18.770000457763672,18.84000015258789,18.719999313354492,18.84000015258789,71424,0.0,0.0
2024-05-14 14:30:00-04:00,18.81999969482422,18.969999313354492,18.790000915527344,18.90999984741211,128892,0.0,0.0
2024-05-14 15:30:00-04:00,18.90999984741211,18.969999313354492,18.899999618530273,18.950000762939453,233356,0.0,0.0
2024-05-15 09:30:00-04:00,19.1299991607666,19.489999771118164,18.920000076293945,19.43000030517578,113083,0.0,0.0
2024-05-15 10:30:00-04:00,19.43000030517578,19.450000762939453,19.299999237060547,19.389999389648438,129071,0.0,0.0
2024-05-15 11:30:00-04:00,19.389999389648438,19.440000534057617,19.190000534057617,19.190000534057617,117572,0.0,0.0
2024-05-15 12:30:00-04:00,19.190000534057617,19.420000076293945,19.18000030517578,19.3700008392334,204223,0.0,0.0
2024-05-15 13:30:00-04:00,19.350000381469727,19.350000381469727,19.209999084472656,19.260000228881836,114073,0.0,0.0
2024-05-15 14:30:00-04:00,19.260000228881836,19.3799991607666,19.219999313354492,19.260000228881836,190277,0.0,0.0
2024-05-15 15:30:00-04:00,19.2549991607666,19.270000457763672,19.100000381469727,19.100000381469727,334885,0.0,0.0
2024-05-16 09:30:00-04:00,19.059999465942383,19.399999618530273,19.010000228881836,19.1200008392334,49706,0.0,0.0
2024-05-16 10:30:00-04:00,19.143999099731445,19.18000030517578,19.100000381469727,19.170000076293945,41768,0.0,0.0
2024-05-16 11:30:00-04:00,19.15999984741211,19.309999465942383,19.15999984741211,19.309999465942383,40796,0.0,0.0
2024-05-16 12:30:00-04:00,19.299999237060547,19.40999984741211,19.239999771118164,19.399999618530273,58748,0.0,0.0
2024-05-16 13:30:00-04:00,19.40999984741211,19.5,19.3700008392334,19.43000030517578,108146,0.0,0.0
2024-05-16 14:30:00-04:00,19.43000030517578,19.489999771118164,19.3799991607666,19.40999984741211,94713,0.0,0.0
2024-05-16 15:30:00-04:00,19.40999984741211,19.420000076293945,19.3700008392334,19.420000076293945,160629,0.0,0.0
2024-05-17 09:30:00-04:00,19.459999084472656,19.520000457763672,19.375,19.489999771118164,36972,0.0,0.0
2024-05-17 10:30:00-04:00,19.489999771118164,19.509899139404297,19.3700008392334,19.389999389648438,62534,0.0,0.0
2024-05-17 11:30:00-04:00,19.389999389648438,19.459999084472656,19.360000610351562,19.427400588989258,34760,0.0,0.0
2024-05-17 12:30:00-04:00,19.440000534057617,19.5,19.43000030517578,19.48200035095215,35646,0.0,0.0
2024-05-17 13:30:00-04:00,19.479999542236328,19.5,19.3799991607666,19.389999389648438,40411,0.0,0.0
2024-05-17 14:30:00-04:00,19.38789939880371,19.40999984741211,19.260000228881836,19.34000015258789,87936,0.0,0.0
2024-05-17 15:30:00-04:00,19.350000381469727,19.40999984741211,19.329999923706055,19.399999618530273,200346,0.0,0.0
2024-05-20 09:30:00-04:00,19.40999984741211,19.40999984741211,19.15999984741211,19.3700008392334,42755,0.0,0.0
2024-05-20 10:30:00-04:00,19.3700008392334,19.520000457763672,19.344999313354492,19.510000228881836,58388,0.0,0.0
2024-05-20 11:30:00-04:00,19.510000228881836,19.549999237060547,19.34000015258789,19.360000610351562,89562,0.0,0.0
2024-05-20 12:30:00-04:00,19.360000610351562,19.479999542236328,19.360000610351562,19.440000534057617,91688,0.0,0.0
2024-05-20 13:30:00-04:00,19.43000030517578,19.479999542236328,19.290000915527344,19.420000076293945,75307,0.0,0.0
2024-05-20 14:30:00-04:00,19.420000076293945,19.459999084472656,19.375,19.43000030517578,78720,0.0,0.0
2024-05-20 15:30:00-04:00,19.434999465942383,19.434999465942383,19.299999237060547,19.299999237060547,164701,0.0,0.0
2024-05-21 09:30:00-04:00,19.25,19.25,18.84000015258789,18.940000534057617,138851,0.0,0.0
2024-05-21 10:30:00-04:00,18.940000534057617,19.030000686645508,18.799999237060547,18.889999389648438,126085,0.0,0.0
2024-05-21 11:30:00-04:00,18.885000228881836,18.93000030517578,18.739999771118164,18.790000915527344,93671,0.0,0.0
2024-05-21 12:30:00-04:00,18.790000915527344,18.940000534057617,18.760000228881836,18.8799991607666,91015,0.0,0.0
2024-05-21 13:30:00-04:00,18.889999389648438,18.959999084472656,18.799999237060547,18.8799991607666,121581,0.0,0.0
2024-05-21 14:30:00-04:00,18.8799991607666,18.989999771118164,18.844999313354492,18.93000030517578,113792,0.0,0.0
2024-05-21 15:30:00-04:00,18.934999465942383,19.049999237060547,18.934999465942383,19.040000915527344,212190,0.0,0.0
2024-05-22 09:30:00-04:00,18.989999771118164,19.170000076293945,18.8700008392334,19.020000457763672,45481,0.0,0.0
2024-05-22 10:30:00-04:00,19.020000457763672,19.05500030517578,18.90999984741211,18.959999084472656,62405,0.0,0.0
2024-05-22 11:30:00-04:00,18.959999084472656,19.040000915527344,18.90999984741211,18.93000030517578,59135,0.0,0.0
2024-05-22 12:30:00-04:00,18.940000534057617,18.969999313354492,18.8700008392334,18.924999237060547,45691,0.0,0.0
2024-05-22 13:30:00-04:00,18.93000030517578,18.969999313354492,18.799999237060547,18.84000015258789,60415,0.0,0.0
2024-05-22 14:30:00-04:00,18.84000015258789,19.014999389648438,18.81999969482422,18.989999771118164,77660,0.0,0.0
2024-05-22 15:30:00-04:00,19.0,19.079999923706055,18.979999542236328,19.079999923706055,134517,0.0,0.0
2024-05-23 09:30:00-04:00,19.079999923706055,19.110000610351562,18.790000915527344,19.0,49101,0.0,0.0
2024-05-23 10:30:00-04:00,19.0,19.049999237060547,18.899999618530273,18.969999313354492,105244,0.0,0.0
2024-05-23 11:30:00-04:00,18.979999542236328,19.145000457763672,18.979999542236328,19.094999313354492,70786,0.0,0.0
2024-05-23 12:30:00-04:00,19.110000610351562,19.170000076293945,18.989999771118164,19.030000686645508,57719,0.0,0.0
2024-05-23 13:30:00-04:00,19.030000686645508,19.040000915527344,18.8700008392334,18.8700008392334,101034,0.0,0.0
2024-05-23 14:30:00-04:00,18.8700008392334,18.979999542236328,18.864999771118164,18.940000534057617,114840,0.0,0.0
2024-05-23 15:30:00-04:00,18.934999465942383,19.079999923706055,18.934999465942383,19.079999923706055,228697,0.0,0.0
2024-05-24 09:30:00-04:00,19.139999389648438,19.139999389648438,18.8799991607666,18.985000610351562,57186,0.0,0.0
2024-05-24 10:30:00-04:00,18.979999542236328,19.110000610351562,18.899999618530273,19.065000534057617,64928,0.0,0.0
2024-05-24 11:30:00-04:00,19.049999237060547,19.149999618530273,19.040000915527344,19.110000610351562,37800,0.0,0.0
2024-05-24 12:30:00-04:00,19.100000381469727,19.200000762939453,19.040000915527344,19.059999465942383,59918,0.0,0.0
2024-05-24 13:30:00-04:00,19.079999923706055,19.139999389648438,19.0,19.06839942932129,53339,0.0,0.0
2024-05-24 14:30:00-04:00,19.059999465942383,19.149999618530273,19.040000915527344,19.139999389648438,79397,0.0,0.0
2024-05-24 15:30:00-04:00,19.139999389648438,19.239999771118164,19.09000015258789,19.100000381469727,274495,0.0,0.0
2024-05-28 09:30:00-04:00,19.329999923706055,19.579999923706055,19.1299991607666,19.15999984741211,156836,0.0,0.0
2024-05-28 10:30:00-04:00,19.165000915527344,19.170000076293945,18.93000030517578,19.024999618530273,71065,0.0,0.0
2024-05-28 11:30:00-04:00,19.020000457763672,19.100000381469727,18.829999923706055,18.84000015258789,100249,0.0,0.0
2024-05-28 12:30:00-04:00,18.81999969482422,19.020000457763672,18.770000457763672,18.940000534057617,123824,0.0,0.0
2024-05-28 13:30:00-04:00,18.920000076293945,18.989999771118164,18.8799991607666,18.8799991607666,69189,0.0,0.0
2024-05-28 14:30:00-04:00,18.8799991607666,18.93000030517578,18.770000457763672,18.809999465942383,142020,0.0,0.0
2024-05-28 15:30:00-04:00,18.809999465942383,18.895000457763672,18.760000228881836,18.829999923706055,306841,0.0,0.0
2024-05-29 09:30:00-04:00,18.649999618530273,18.850000381469727,18.559999465942383,18.71500015258789,42130,0.0,0.0
2024-05-29 10:30:00-04:00,18.719999313354492,18.75,18.649999618530273,18.649999618530273,50507,0.0,0.0
2024-05-29 11:30:00-04:00,18.639999389648438,18.65999984741211,18.530000686645508,18.610000610351562,85014,0.0,0.0
2024-05-29 12:30:00-04:00,18.610000610351562,18.700000762939453,18.530000686645508,18.690000534057617,50334,0.0,0.0
2024-05-29 13:30:00-04:00,18.690000534057617,18.799999237060547,18.670000076293945,18.670000076293945,66072,0.0,0.0
2024-05-29 14:30:00-04:00,18.65999984741211,18.760000228881836,18.6200008392334,18.739999771118164,72615,0.0,0.0
2024-05-29 15:30:00-04:00,18.739999771118164,18.93000030517578,18.729999542236328,18.93000030517578,185550,0.0,0.0
2024-05-30 09:30:00-04:00,18.84000015258789,18.989999771118164,18.739999771118164,18.899999618530273,38104,0.0,0.0
2024-05-30 10:30:00-04:00,18.900100708007812,18.920000076293945,18.729999542236328,18.850000381469727,67642,0.0,0.0
2024-05-30 11:30:00-04:00,18.84000015258789,18.889999389648438,18.790000915527344,18.793699264526367,49347,0.0,0.0
2024-05-30 12:30:00-04:00,18.799999237060547,18.860000610351562,18.75,18.81999969482422,54552,0.0,0.0
2024-05-30 13:30:00-04:00,18.81999969482422,18.829999923706055,18.725000381469727,18.799999237060547,61072,0.0,0.0
2024-05-30 14:30:00-04:00,18.809999465942383,18.84000015258789,18.75,18.760000228881836,81331,0.0,0.0
2024-05-30 15:30:00-04:00,18.75,18.850000381469727,18.729999542236328,18.829999923706055,241254,0.0,0.0
2024-05-31 09:30:00-04:00,18.8799991607666,19.09000015258789,18.639999389648438,18.709999084472656,134044,0.0,0.0
2024-05-31 10:30:00-04:00,18.690000534057617,18.719999313354492,18.530000686645508,18.56999969482422,48814,0.0,0.0
2024-05-31 11:30:00-04:00,18.56999969482422,18.6200008392334,18.459999084472656,18.540000915527344,89003,0.0,0.0
2024-05-31 12:30:00-04:00,18.524999618530273,18.549999237060547,18.40999984741211,18.510000228881836,80421,0.0,0.0
2024-05-31 13:30:00-04:00,18.5,18.530000686645508,18.415000915527344,18.469999313354492,85597,0.0,0.0
2024-05-31 14:30:00-04:00,18.459999084472656,18.549999237060547,18.440000534057617,18.5,123425,0.0,0.0
2024-05-31 15:30:00-04:00,18.5049991607666,18.979999542236328,18.5,18.93000030517578,499436,0.0,0.0
2024-06-03 09:30:00-04:00,18.940000534057617,19.049999237060547,18.649999618530273,18.770000457763672,109200,0.0,0.0
2024-06-03 10:30:00-04:00,18.760000228881836,18.780000686645508,18.31999969482422,18.68000030517578,79118,0.0,0.0
2024-06-03 11:30:00-04:00,18.649999618530273,18.790000915527344,18.56999969482422,18.600000381469727,82400,0.0,0.0
2024-06-03 12:30:00-04:00,18.600000381469727,18.670000076293945,18.454999923706055,18.53499984741211,193603,0.0,0.0
2024-06-03 13:30:00-04:00,18.540000915527344,18.825199127197266,18.53499984741211,18.81999969482422,54192,0.0,0.0
2024-06-03 14:30:00-04:00,18.81999969482422,18.889999389648438,18.795000076293945,18.84000015258789,110633,0.0,0.0
2024-06-03 15:30:00-04:00,18.850000381469727,18.934999465942383,18.815000534057617,18.924999237060547,236281,0.0,0.0
2024-06-04 09:30:00-04:00,18.940000534057617,19.0,18.739999771118164,18.850000381469727,44590,0.0,0.0
2024-06-04 10:30:00-04:00,18.844999313354492,18.860000610351562,18.739999771118164,18.770000457763672,73640,0.0,0.0
2024-06-04 11:30:00-04:00,18.770000457763672,18.854999542236328,18.75,18.829999923706055,44390,0.0,0.0
2024-06-04 12:30:00-04:00,18.84000015258789,18.875,18.56999969482422,18.670000076293945,395707,0.0,0.0
2024-06-04 13:30:00-04:00,18.68000030517578,18.940000534057617,18.549999237060547,18.899999618530273,163487,0.0,0.0
2024-06-04 14:30:00-04:00,18.905000686645508,19.010000228881836,18.8799991607666,18.96500015258789,178087,0.0,0.0
2024-06-04 15:30:00-04:00,18.96500015258789,19.084999084472656,18.920000076293945,19.079999923706055,287101,0.0,0.0
2024-06-05 09:30:00-04:00,19.110000610351562,19.40999984741211,18.90999984741211,19.30500030517578,282781,0.0,0.0
2024-06-05 10:30:00-04:00,19.30500030517578,19.309999465942383,19.079999923706055,19.19499969482422,156664,0.0,0.0
2024-06-05 11:30:00-04:00,19.209999084472656,19.34000015258789,19.15999984741211,19.280000686645508,208932,0.0,0.0
2024-06-05 12:30:00-04:00,19.280000686645508,19.510000228881836,19.18000030517578,19.454999923706055,278847,0.0,0.0
2024-06-05 13:30:00-04:00,19.469999313354492,19.5,19.280000686645508,19.280000686645508,103728,0.0,0.0
2024-06-05 14:30:00-04:00,19.309999465942383,19.46500015258789,19.190000534057617,19.399999618530273,198461,0.0,0.0
2024-06-05 15:30:00-04:00,19.399999618530273,19.59000015258789,19.360000610351562,19.56999969482422,637316,0.0,0.0
2024-06-06 09:30:00-04:00,19.40999984741211,19.920000076293945,18.883899688720703,19.700000762939453,234913,0.0,0.0
2024-06-06 10:30:00-04:00,19.71500015258789,20.09000015258789,19.700000762939453,20.020000457763672,220541,0.0,0.0
2024-06-06 11:30:00-04:00,20.010000228881836,20.260000228881836,19.920000076293945,20.19499969482422,256331,0.0,0.0
2024-06-06 12:30:00-04:00,20.18000030517578,20.549999237060547,20.1200008392334,20.350000381469727,217164,0.0,0.0
2024-06-06 13:30:00-04:00,20.329999923706055,20.420000076293945,20.06999969482422,20.110000610351562,170765,0.0,0.0
2024-06-06 14:30:00-04:00,20.09000015258789,20.110000610351562,19.969999313354492,20.010000228881836,210986,0.0,0.0
2024-06-06 15:30:00-04:00,20.010000228881836,20.219999313354492,20.0,20.219999313354492,323712,0.0,0.0
2024-06-07 09:30:00-04:00,20.239999771118164,20.239999771118164,19.84000015258789,20.010000228881836,140825,0.0,0.0
2024-06-07 10:30:00-04:00,20.010000228881836,20.290000915527344,19.969999313354492,20.1299991607666,123890,0.0,0.0
2024-06-07 11:30:00-04:00,20.1299991607666,20.25,20.09000015258789,20.15999984741211,150978,0.0,0.0
2024-06-07 12:30:00-04:00,20.170000076293945,20.18000030517578,19.989999771118164,20.1200008392334,126518,0.0,0.0
2024-06-07 13:30:00-04:00,20.1200008392334,20.139999389648438,20.020000457763672,20.110000610351562,113700,0.0,0.0
2024-06-07 14:30:00-04:00,20.100000381469727,20.155000686645508,19.989999771118164,20.149999618530273,119442,0.0,0.0
2024-06-07 15:30:00-04:00,20.149999618530273,20.200000762939453,20.09000015258789,20.1299991607666,197468,0.0,0.0
2024-06-10 09:30:00-04:00,20.049999237060547,20.33300018310547,20.000099182128906,20.33300018310547,112396,0.0,0.0
2024-06-10 10:30:00-04:00,20.34000015258789,20.34000015258789,20.0,20.024999618530273,108129,0.0,0.0
2024-06-10 11:30:00-04:00,20.0,20.170000076293945,19.969999313354492,20.170000076293945,55955,0.0,0.0
2024-06-10 12:30:00-04:00,20.139999389648438,20.139999389648438,19.950000762939453,20.049999237060547,117495,0.0,0.0
2024-06-10 13:30:00-04:00,20.049999237060547,20.049999237060547,19.860000610351562,20.045000076293945,201398,0.0,0.0
2024-06-10 14:30:00-04:00,20.040000915527344,20.165000915527344,20.040000915527344,20.149999618530273,170965,0.0,0.0
2024-06-10 15:30:00-04:00,20.15999984741211,20.270000457763672,20.075000762939453,20.110000610351562,269976,0.0,0.0
2024-06-11 09:30:00-04:00,19.479999542236328,20.030000686645508,19.280000686645508,19.850000381469727,1394676,0.0,0.0
2024-06-11 10:30:00-04:00,19.834999084472656,20.100000381469727,19.829999923706055,19.84000015258789,295991,0.0,0.0
2024-06-11 11:30:00-04:00,19.84000015258789,20.139999389648438,19.81999969482422,20.059999465942383,154198,0.0,0.0
2024-06-11 12:30:00-04:00,20.059999465942383,20.09000015258789,19.915000915527344,19.959999084472656,121587,0.0,0.0
2024-06-11 13:30:00-04:00,19.969999313354492,20.100000381469727,19.969999313354492,20.09000015258789,228357,0.0,0.0
2024-06-11 14:30:00-04:00,20.09000015258789,20.139999389648438,20.03499984741211,20.139999389648438,292744,0.0,0.0
2024-06-11 15:30:00-04:00,20.139999389648438,20.155000686645508,20.030000686645508,20.09000015258789,537285,0.0,0.0
2024-06-12 09:30:00-04:00,20.200000762939453,20.229999542236328,19.8799991607666,20.09000015258789,181438,0.0,0.0
2024-06-12 10:30:00-04:00,20.09000015258789,20.170000076293945,20.049999237060547,20.110000610351562,120530,0.0,0.0
2024-06-12 11:30:00-04:00,20.09000015258789,20.1200008392334,20.049999237060547,20.06999969482422,109192,0.0,0.0
2024-06-12 12:30:00-04:00,20.06999969482422,20.079999923706055,19.989999771118164,19.989999771118164,96916,0.0,0.0
2024-06-12 13:30:00-04:00,20.0,20.049999237060547,19.959999084472656,20.020000457763672,151556,0.0,0.0
2024-06-12 14:30:00-04:00,20.014999389648438,20.030000686645508,19.770000457763672,19.780000686645508,165514,0.0,0.0
2024-06-12 15:30:00-04:00,19.760000228881836,19.829999923706055,19.719999313354492,19.75,231010,0.0,0.0
2024-06-13 09:30:00-04:00,19.65999984741211,19.729999542236328,19.540000915527344,19.55500030517578,0,0.0,0.0
2024-06-13 10:30:00-04:00,19.56999969482422,19.56999969482422,19.360000610351562,19.385000228881836,122823,0.0,0.0
2024-06-13 11:30:00-04:00,19.385000228881836,19.40999984741211,19.209999084472656,19.209999084472656,113938,0.0,0.0
2024-06-13 12:30:00-04:00,19.209999084472656,19.360000610351562,19.190000534057617,19.34000015258789,83768,0.0,0.0
2024-06-13 13:30:00-04:00,19.34000015258789,19.420000076293945,19.329999923706055,19.360000610351562,70463,0.0,0.0
2024-06-13 14:30:00-04:00,19.360000610351562,19.3700008392334,19.239999771118164,19.270000457763672,106713,0.0,0.0
2024-06-13 15:30:00-04:00,19.270000457763672,19.280000686645508,19.134599685668945,19.15999984741211,255723,0.0,0.0
2024-06-14 09:30:00-04:00,19.110000610351562,19.3799991607666,19.049999237060547,19.3799991607666,66189,0.0,0.0
2024-06-14 10:30:00-04:00,19.385000228881836,19.410999298095703,19.25,19.25,83775,0.0,0.0
2024-06-14 11:30:00-04:00,19.25,19.399999618530273,19.239999771118164,19.309999465942383,62303,0.0,0.0
2024-06-14 12:30:00-04:00,19.299999237060547,19.299999237060547,19.190000534057617,19.219999313354492,74176,0.0,0.0
2024-06-14 13:30:00-04:00,19.213300704956055,19.31999969482422,19.190000534057617,19.309999465942383,55954,0.0,0.0
2024-06-14 14:30:00-04:00,19.299999237060547,19.360000610351562,19.260000228881836,19.325000762939453,129286,0.0,0.0
2024-06-14 15:30:00-04:00,19.325000762939453,19.43000030517578,19.25,19.290000915527344,280378,0.0,0.0
2024-06-17 09:30:00-04:00,19.219999313354492,19.274999618530273,18.899999618530273,18.93000030517578,61194,0.0,0.0
2024-06-17 10:30:00-04:00,18.920000076293945,18.940000534057617,18.81999969482422,18.8799991607666,102635,0.0,0.0
2024-06-17 11:30:00-04:00,18.885000228881836,18.959999084472656,18.84000015258789,18.924999237060547,99727,0.0,0.0
2024-06-17 12:30:00-04:00,18.924999237060547,19.010000228881836,18.920000076293945,18.950000762939453,98053,0.0,0.0
2024-06-17 13:30:00-04:00,18.954999923706055,19.15999984741211,18.954999923706055,19.149999618530273,96022,0.0,0.0
2024-06-17 14:30:00-04:00,19.149999618530273,19.170000076293945,19.010000228881836,19.049999237060547,211551,0.0,0.0
2024-06-17 15:30:00-04:00,19.049999237060547,19.100000381469727,19.010000228881836,19.040000915527344,323136,0.0,0.0
2024-06-18 09:30:00-04:00,19.030000686645508,19.149999618530273,18.93000030517578,18.93000030517578,103732,0.0,0.0
2024-06-18 10:30:00-04:00,18.930999755859375,19.110000610351562,18.899999618530273,18.924999237060547,119043,0.0,0.0
2024-06-18 11:30:00-04:00,18.924999237060547,19.024999618530273,18.924999237060547,19.0049991607666,110278,0.0,0.0
2024-06-18 12:30:00-04:00,19.0,19.020000457763672,18.889999389648438,18.924999237060547,111722,0.0,0.0
2024-06-18 13:30:00-04:00,18.920000076293945,18.969999313354492,18.889999389648438,18.96500015258789,83668,0.0,0.0
2024-06-18 14:30:00-04:00,18.959999084472656,19.020000457763672,18.940000534057617,19.0049991607666,195618,0.0,0.0
2024-06-18 15:30:00-04:00,19.0,19.06999969482422,18.979999542236328,19.010000228881836,264930,0.0,0.0
2024-06-20 09:30:00-04:00,19.010000228881836,19.020000457763672,18.809999465942383,18.90999984741211,100874,0.0,0.0
2024-06-20 10:30:00-04:00,18.900100708007812,18.90999984741211,18.639999389648438,18.670000076293945,97156,0.0,0.0
2024-06-20 11:30:00-04:00,18.65999984741211,18.690000534057617,18.600000381469727,18.639999389648438,200676,0.0,0.0
2024-06-20 12:30:00-04:00,18.6299991607666,18.639999389648438,18.540000915527344,18.6299991607666,90534,0.0,0.0
2024-06-20 13:30:00-04:00,18.639999389648438,18.690000534057617,18.559999465942383,18.594999313354492,146881,0.0,0.0
2024-06-20 14:30:00-04:00,18.594999313354492,18.610000610351562,18.510000228881836,18.56999969482422,134720,0.0,0.0
2024-06-20 15:30:00-04:00,18.559999465942383,18.649999618530273,18.510000228881836,18.559999465942383,392715,0.0,0.0
2024-06-21 09:30:00-04:00,18.59000015258789,18.729999542236328,18.479999542236328,18.610000610351562,118670,0.0,0.0
2024-06-21 10:30:00-04:00,18.6200008392334,18.719999313354492,18.614999771118164,18.635000228881836,146788,0.0,0.0
2024-06-21 11:30:00-04:00,18.635000228881836,18.709999084472656,18.6200008392334,18.645000457763672,104551,0.0,0.0
2024-06-21 12:30:00-04:00,18.645000457763672,18.780000686645508,18.645000457763672,18.75,116252,0.0,0.0
2024-06-21 13:30:00-04:00,18.7450008392334,18.888999938964844,18.729999542236328,18.854999542236328,100028,0.0,0.0
2024-06-21 14:30:00-04:00,18.854999542236328,18.940000534057617,18.81999969482422,18.934999465942383,120564,0.0,0.0
2024-06-21 15:30:00-04:00,18.940000534057617,19.06999969482422,18.940000534057617,18.985000610351562,644500,0.0,0.0
2024-06-24 09:30:00-04:00,19.020000457763672,19.059999465942383,18.700000762939453,18.71500015258789,245149,0.0,0.0
2024-06-24 10:30:00-04:00,18.71500015258789,18.780000686645508,18.614999771118164,18.674999237060547,267302,0.0,0.0
2024-06-24 11:30:00-04:00,18.674999237060547,18.790000915527344,18.649999618530273,18.75,156047,0.0,0.0
2024-06-24 12:30:00-04:00,18.754600524902344,18.860000610351562,18.735000610351562,18.850000381469727,530506,0.0,0.0
2024-06-24 13:30:00-04:00,18.860000610351562,18.969999313354492,18.760000228881836,18.959999084472656,181209,0.0,0.0
2024-06-24 14:30:00-04:00,18.969999313354492,19.06999969482422,18.84000015258789,18.854999542236328,407586,0.0,0.0
2024-06-24 15:30:00-04:00,18.854999542236328,18.950000762939453,18.854999542236328,18.93000030517578,457697,0.0,0.0
2024-06-25 09:30:00-04:00,18.93000030517578,19.100000381469727,18.889999389648438,18.979999542236328,71122,0.0,0.0
2024-06-25 10:30:00-04:00,18.969999313354492,18.97249984741211,18.809999465942383,18.829999923706055,154071,0.0,0.0
2024-06-25 11:30:00-04:00,18.834999084472656,18.834999084472656,18.674999237060547,18.690000534057617,90096,0.0,0.0
2024-06-25 12:30:00-04:00,18.68000030517578,18.75,18.6299991607666,18.649999618530273,86738,0.0,0.0
2024-06-25 13:30:00-04:00,18.649999618530273,18.649999618530273,18.514999389648438,18.635000228881836,172817,0.0,0.0
2024-06-25 14:30:00-04:00,18.6299991607666,18.639999389648438,18.5,18.5,252131,0.0,0.0
2024-06-25 15:30:00-04:00,18.5049991607666,18.510000228881836,18.389999389648438,18.459999084472656,605539,0.0,0.0
2024-06-26 09:30:00-04:00,18.350000381469727,18.65999984741211,18.229999542236328,18.559999465942383,192179,0.0,0.0
2024-06-26 10:30:00-04:00,18.565000534057617,18.68000030517578,18.530000686645508,18.670000076293945,264450,0.0,0.0
2024-06-26 11:30:00-04:00,18.68000030517578,18.799999237060547,18.665000915527344,18.764999389648438,174639,0.0,0.0
2024-06-26 12:30:00-04:00,18.770000457763672,18.799999237060547,18.6299991607666,18.770000457763672,208161,0.0,0.0
2024-06-26 13:30:00-04:00,18.770000457763672,18.829999923706055,18.75,18.825000762939453,235883,0.0,0.0
2024-06-26 14:30:00-04:00,18.825000762939453,18.889999389648438,18.760000228881836,18.774999618530273,507693,0.0,0.0
2024-06-26 15:30:00-04:00,18.774999618530273,18.790000915527344,18.6299991607666,18.6299991607666,523666,0.0,0.0
2024-06-27 09:30:00-04:00,18.709999084472656,19.030000686645508,18.579999923706055,18.940000534057617,562416,0.0,0.0
2024-06-27 10:30:00-04:00,18.950000762939453,18.950000762939453,18.739999771118164,18.7450008392334,95802,0.0,0.0
2024-06-27 11:30:00-04:00,18.7450008392334,18.7450008392334,18.59000015258789,18.610000610351562,154890,0.0,0.0
2024-06-27 12:30:00-04:00,18.604999542236328,18.639999389648438,18.350000381469727,18.3700008392334,217701,0.0,0.0
2024-06-27 13:30:00-04:00,18.360000610351562,18.510000228881836,18.280000686645508,18.5049991607666,279043,0.0,0.0
2024-06-27 14:30:00-04:00,18.5049991607666,18.65999984741211,18.5,18.55500030517578,274234,0.0,0.0
2024-06-27 15:30:00-04:00,18.549999237060547,18.610000610351562,18.399999618530273,18.44499969482422,579695,0.0,0.0
2024-06-28 09:30:00-04:00,18.540000915527344,18.649999618530273,18.329999923706055,18.500999450683594,104701,0.0,0.0
2024-06-28 10:30:00-04:00,18.510000228881836,18.729999542236328,18.440000534057617,18.704999923706055,432602,0.0,0.0
2024-06-28 11:30:00-04:00,18.700000762939453,18.905000686645508,18.65999984741211,18.8799991607666,720461,0.0,0.0
2024-06-28 12:30:00-04:00,18.8799991607666,18.920000076293945,18.479999542236328,18.479999542236328,417872,0.0,0.0
2024-06-28 13:30:00-04:00,18.479999542236328,18.639999389648438,18.420000076293945,18.59000015258789,580957,0.0,0.0
2024-06-28 14:30:00-04:00,18.584999084472656,18.584999084472656,18.43000030517578,18.53499984741211,341416,0.0,0.0
2024-06-28 15:30:00-04:00,18.540000915527344,18.59000015258789,18.440000534057617,18.540000915527344,1112354,0.0,0.0
2024-07-01 09:30:00-04:00,18.56999969482422,18.690000534057617,18.170000076293945,18.25,489624,0.0,0.0
2024-07-01 10:30:00-04:00,18.25,18.5,18.239999771118164,18.350000381469727,259453,0.0,0.0
2024-07-01 11:30:00-04:00,18.34000015258789,18.440000534057617,18.34000015258789,18.424999237060547,121302,0.0,0.0
2024-07-01 12:30:00-04:00,18.424999237060547,18.454999923706055,18.3700008392334,18.415000915527344,116512,0.0,0.0
2024-07-01 13:30:00-04:00,18.417499542236328,18.450000762939453,18.290000915527344,18.309999465942383,315700,0.0,0.0
2024-07-01 14:30:00-04:00,18.315000534057617,18.354999542236328,18.260000228881836,18.299999237060547,202472,0.0,0.0
2024-07-01 15:30:00-04:00,18.295000076293945,18.399999618530273,18.295000076293945,18.329999923706055,469302,0.0,0.0
2024-07-02 09:30:00-04:00,18.34000015258789,18.34000015258789,18.1200008392334,18.325000762939453,112724,0.0,0.0
2024-07-02 10:30:00-04:00,18.31999969482422,18.31999969482422,18.18000030517578,18.25,170325,0.0,0.0
2024-07-02 11:30:00-04:00,18.260000228881836,18.274999618530273,18.149999618530273,18.200000762939453,129536,0.0,0.0
2024-07-02 12:30:00-04:00,18.200000762939453,18.200000762939453,18.059999465942383,18.149999618530273,93605,0.0,0.0
2024-07-02 13:30:00-04:00,18.155000686645508,18.239999771118164,18.1200008392334,18.225000381469727,77672,0.0,0.0
2024-07-02 14:30:00-04:00,18.225000381469727,18.299999237060547,18.21500015258789,18.290000915527344,119118,0.0,0.0
2024-07-02 15:30:00-04:00,18.295000076293945,18.299999237060547,18.229999542236328,18.2450008392334,252568,0.0,0.0
2024-07-03 09:30:00-04:00,18.219999313354492,18.459999084472656,18.1299991607666,18.459999084472656,53286,0.0,0.0
2024-07-03 10:30:00-04:00,18.45199966430664,18.459999084472656,18.31999969482422,18.3799991607666,141745,0.0,0.0
2024-07-03 11:30:00-04:00,18.3799991607666,18.5,18.34000015258789,18.5,116724,0.0,0.0
2024-07-05 09:30:00-04:00,18.530000686645508,18.729999542236328,18.520000457763672,18.55500030517578,124847,0.0,0.0
2024-07-05 10:30:00-04:00,18.55500030517578,18.649999618530273,18.55500030517578,18.56999969482422,96128,0.0,0.0
2024-07-05 11:30:00-04:00,18.579999923706055,18.799999237060547,18.549999237060547,18.780000686645508,166839,0.0,0.0
2024-07-05 12:30:00-04:00,18.770000457763672,18.90999984741211,18.760000228881836,18.905000686645508,133941,0.0,0.0
2024-07-05 13:30:00-04:00,18.90999984741211,18.950000762939453,18.829999923706055,18.860000610351562,108717,0.0,0.0
2024-07-05 14:30:00-04:00,18.850000381469727,18.889999389648438,18.825000762939453,18.885000228881836,148493,0.0,0.0
2024-07-05 15:30:00-04:00,18.889999389648438,19.030000686645508,18.8799991607666,19.020000457763672,422135,0.0,0.0
2024-07-08 09:30:00-04:00,19.559999465942383,19.559999465942383,19.299999237060547,19.350000381469727,263320,0.0,0.0
2024-07-08 10:30:00-04:00,19.350000381469727,19.420000076293945,19.190000534057617,19.219999313354492,134130,0.0,0.0
2024-07-08 11:30:00-04:00,19.200000762939453,19.260000228881836,19.1299991607666,19.260000228881836,136753,0.0,0.0
2024-07-08 12:30:00-04:00,19.260000228881836,19.299999237060547,19.149999618530273,19.200000762939453,105778,0.0,0.0
2024-07-08 13:30:00-04:00,19.200000762939453,19.290000915527344,19.15999984741211,19.190000534057617,185857,0.0,0.0
2024-07-08 14:30:00-04:00,19.190000534057617,19.299999237060547,19.110000610351562,19.295000076293945,239579,0.0,0.0
2024-07-08 15:30:00-04:00,19.299999237060547,19.329999923706055,19.09000015258789,19.09000015258789,501416,0.0,0.0
2024-07-09 09:30:00-04:00,19.059999465942383,19.103599548339844,18.799999237060547,18.829999923706055,84567,0.0,0.0
2024-07-09 10:30:00-04:00,18.829999923706055,18.950000762939453,18.75,18.950000762939453,119729,0.0,0.0
2024-07-09 11:30:00-04:00,18.951900482177734,19.010000228881836,18.920000076293945,18.9950008392334,130605,0.0,0.0
2024-07-09 12:30:00-04:00,18.989999771118164,19.010000228881836,18.920000076293945,18.940000534057617,100068,0.0,0.0
2024-07-09 13:30:00-04:00,18.940000534057617,18.950000762939453,18.850000381469727,18.860000610351562,84247,0.0,0.0
2024-07-09 14:30:00-04:00,18.860000610351562,18.90999984741211,18.809999465942383,18.84000015258789,129807,0.0,0.0
2024-07-09 15:30:00-04:00,18.83009910583496,18.8700008392334,18.75,18.75,273418,0.0,0.0
2024-07-10 09:30:00-04:00,18.780000686645508,18.780000686645508,18.31999969482422,18.385000228881836,60747,0.0,0.0
2024-07-10 10:30:00-04:00,18.360000610351562,18.3700008392334,18.139999389648438,18.139999389648438,144995,0.0,0.0
2024-07-10 11:30:00-04:00,18.149999618530273,18.200599670410156,18.079999923706055,18.100000381469727,133603,0.0,0.0
2024-07-10 12:30:00-04:00,18.100000381469727,18.190000534057617,17.979999542236328,18.09000015258789,193014,0.0,0.0
2024-07-10 13:30:00-04:00,18.100000381469727,18.100000381469727,17.959999084472656,17.959999084472656,107502,0.0,0.0
2024-07-10 14:30:00-04:00,17.950000762939453,18.014999389648438,17.670000076293945,17.690000534057617,319128,0.0,0.0
2024-07-10 15:30:00-04:00,17.690000534057617,17.889999389648438,17.628999710083008,17.829999923706055,362022,0.0,0.0
2024-07-11 09:30:00-04:00,18.010000228881836,18.3799991607666,17.940000534057617,18.1200008392334,254273,0.0,0.0
2024-07-11 10:30:00-04:00,18.1200008392334,18.329999923706055,18.09000015258789,18.28499984741211,241031,0.0,0.0
2024-07-11 11:30:00-04:00,18.28499984741211,18.40999984741211,18.200000762939453,18.40999984741211,253287,0.0,0.0
2024-07-11 12:30:00-04:00,18.40999984741211,18.579999923706055,18.40999984741211,18.520000457763672,294272,0.0,0.0
2024-07-11 13:30:00-04:00,18.510000228881836,18.540000915527344,18.43000030517578,18.530000686645508,112751,0.0,0.0
2024-07-11 14:30:00-04:00,18.520000457763672,18.549999237060547,18.264999389648438,18.40999984741211,296420,0.0,0.0
2024-07-11 15:30:00-04:00,18.40999984741211,18.639999389648438,18.40999984741211,18.559999465942383,324415,0.0,0.0
2024-07-12 09:30:00-04:00,18.770000457763672,19.09000015258789,18.7450008392334,19.075000762939453,131853,0.0,0.0
2024-07-12 10:30:00-04:00,19.09000015258789,19.15999984741211,19.06999969482422,19.110000610351562,80522,0.0,0.0
2024-07-12 11:30:00-04:00,19.114999771118164,19.149999618530273,18.979999542236328,19.06999969482422,141817,0.0,0.0
2024-07-12 12:30:00-04:00,19.06999969482422,19.079999923706055,18.959999084472656,19.059999465942383,95870,0.0,0.0
2024-07-12 13:30:00-04:00,19.059999465942383,19.059999465942383,18.979999542236328,19.020000457763672,56232,0.0,0.0
2024-07-12 14:30:00-04:00,19.018999099731445,19.049999237060547,18.96500015258789,18.989999771118164,160549,0.0,0.0
2024-07-12 15:30:00-04:00,19.0,19.020000457763672,18.90999984741211,18.93000030517578,308208,0.0,0.0
2024-07-15 09:30:00-04:00,19.100000381469727,19.100000381469727,18.829999923706055,18.850000381469727,84619,0.0,0.0
2024-07-15 10:30:00-04:00,18.84000015258789,19.049999237060547,18.829999923706055,18.989999771118164,68794,0.0,0.0
2024-07-15 11:30:00-04:00,18.969999313354492,18.979999542236328,18.829999923706055,18.829999923706055,62925,0.0,0.0
2024-07-15 12:30:00-04:00,18.81999969482422,18.90999984741211,18.75,18.899999618530273,87143,0.0,0.0
2024-07-15 13:30:00-04:00,18.889999389648438,18.90999984741211,18.860000610351562,18.895000457763672,78425,0.0,0.0
2024-07-15 14:30:00-04:00,18.895000457763672,19.0,18.8700008392334,18.96500015258789,94720,0.0,0.0
2024-07-15 15:30:00-04:00,18.959999084472656,19.049999237060547,18.899999618530273,19.049999237060547,282258,0.0,0.0
2024-07-16 09:30:00-04:00,19.219999313354492,19.450000762939453,19.110000610351562,19.170000076293945,86286,0.0,0.0
2024-07-16 10:30:00-04:00,19.139999389648438,19.399999618530273,19.139999389648438,19.399999618530273,57808,0.0,0.0
2024-07-16 11:30:00-04:00,19.389999389648438,19.405000686645508,19.209999084472656,19.229999542236328,89565,0.0,0.0
2024-07-16 12:30:00-04:00,19.219999313354492,19.344999313354492,19.209999084472656,19.34000015258789,58806,0.0,0.0
2024-07-16 13:30:00-04:00,19.329999923706055,19.40999984741211,19.329999923706055,19.385000228881836,54047,0.0,0.0
2024-07-16 14:30:00-04:00,19.389999389648438,19.530000686645508,19.389999389648438,19.479999542236328,142246,0.0,0.0
2024-07-16 15:30:00-04:00,19.479999542236328,19.489999771118164,19.31999969482422,19.3700008392334,249373,0.0,0.0
2024-07-17 09:30:00-04:00,19.290000915527344,19.489999771118164,19.239999771118164,19.450000762939453,77379,0.0,0.0
2024-07-17 10:30:00-04:00,19.459999084472656,19.59000015258789,19.440000534057617,19.469999313354492,95039,0.0,0.0
2024-07-17 11:30:00-04:00,19.459999084472656,19.510000228881836,19.174999237060547,19.2450008392334,90047,0.0,0.0
2024-07-17 12:30:00-04:00,19.25,19.43000030517578,19.25,19.43000030517578,146889,0.0,0.0
2024-07-17 13:30:00-04:00,19.440000534057617,19.520000457763672,19.389999389648438,19.520000457763672,83252,0.0,0.0
2024-07-17 14:30:00-04:00,19.511199951171875,19.59000015258789,19.450000762939453,19.530000686645508,140720,0.0,0.0
2024-07-17 15:30:00-04:00,19.53499984741211,19.639999389648438,19.524999618530273,19.600000381469727,207823,0.0,0.0
2024-07-18 09:30:00-04:00,19.520000457763672,20.06999969482422,19.520000457763672,20.040000915527344,90263,0.0,0.0
2024-07-18 10:30:00-04:00,20.02750015258789,20.030000686645508,19.649999618530273,19.799999237060547,198554,0.0,0.0
2024-07-18 11:30:00-04:00,19.799999237060547,19.989999771118164,19.760000228881836,19.989999771118164,214480,0.0,0.0
2024-07-18 12:30:00-04:00,19.989999771118164,20.149999618530273,19.90999984741211,20.06999969482422,213015,0.0,0.0
2024-07-18 13:30:00-04:00,20.075000762939453,20.1200008392334,19.969999313354492,20.020000457763672,150344,0.0,0.0
2024-07-18 14:30:00-04:00,20.020000457763672,20.040000915527344,19.770000457763672,19.989999771118164,368880,0.0,0.0
2024-07-18 15:30:00-04:00,19.989999771118164,20.010000228881836,19.8700008392334,19.920000076293945,425398,0.0,0.0
2024-07-19 09:30:00-04:00,19.950000762939453,20.5049991607666,19.864999771118164,20.3700008392334,304758,0.0,0.0
2024-07-19 10:30:00-04:00,20.3799991607666,20.510000228881836,20.34000015258789,20.368999481201172,148895,0.0,0.0
2024-07-19 11:30:00-04:00,20.360000610351562,20.420000076293945,20.209999084472656,20.34000015258789,156516,0.0,0.0
2024-07-19 12:30:00-04:00,20.350000381469727,20.3799991607666,20.020000457763672,20.030000686645508,279693,0.0,0.0
2024-07-19 13:30:00-04:00,20.024999618530273,20.149999618530273,20.020000457763672,20.09000015258789,185639,0.0,0.0
2024-07-19 14:30:00-04:00,20.09000015258789,20.09000015258789,19.90999984741211,20.0,224757,0.0,0.0
2024-07-19 15:30:00-04:00,19.9950008392334,20.049999237060547,19.920000076293945,20.040000915527344,362633,0.0,0.0
2024-07-22 09:30:00-04:00,20.020000457763672,20.229999542236328,19.860000610351562,20.030000686645508,118719,0.0,0.0
2024-07-22 10:30:00-04:00,20.030000686645508,20.18000030517578,19.93000030517578,19.989999771118164,61348,0.0,0.0
2024-07-22 11:30:00-04:00,19.979999542236328,19.979999542236328,19.780000686645508,19.799999237060547,69897,0.0,0.0
2024-07-22 12:30:00-04:00,19.799999237060547,19.860000610351562,19.780000686645508,19.850000381469727,66326,0.0,0.0
2024-07-22 13:30:00-04:00,19.850000381469727,19.969999313354492,19.829999923706055,19.889999389648438,86304,0.0,0.0
2024-07-22 14:30:00-04:00,19.889999389648438,19.959999084472656,19.885000228881836,19.897499084472656,144560,0.0,0.0
2024-07-22 15:30:00-04:00,19.895000457763672,20.010000228881836,19.864999771118164,20.010000228881836,312403,0.0,0.0
2024-07-23 09:30:00-04:00,20.020000457763672,20.280000686645508,19.780000686645508,20.280000686645508,142098,0.0,0.0
2024-07-23 10:30:00-04:00,20.260000228881836,20.27899932861328,19.969999313354492,20.0,152826,0.0,0.0
2024-07-23 11:30:00-04:00,20.0,20.149999618530273,19.989999771118164,20.079999923706055,75272,0.0,0.0
2024-07-23 12:30:00-04:00,20.06999969482422,20.110000610351562,20.0,20.06999969482422,66354,0.0,0.0
2024-07-23 13:30:00-04:00,20.06999969482422,20.329999923706055,20.049999237060547,20.31999969482422,74641,0.0,0.0
2024-07-23 14:30:00-04:00,20.31999969482422,20.399999618530273,20.200000762939453,20.239999771118164,106216,0.0,0.0
2024-07-23 15:30:00-04:00,20.225000381469727,20.229999542236328,20.110000610351562,20.219999313354492,273976,0.0,0.0
2024-07-24 09:30:00-04:00,20.209999084472656,20.459999084472656,20.010000228881836,20.190000534057617,87749,0.0,0.0
2024-07-24 10:30:00-04:00,20.18000030517578,20.290000915527344,20.079999923706055,20.1299991607666,63936,0.0,0.0
2024-07-24 11:30:00-04:00,20.1299991607666,20.235000610351562,20.110000610351562,20.170000076293945,40657,0.0,0.0
2024-07-24 12:30:00-04:00,20.15999984741211,20.225000381469727,20.06999969482422,20.200000762939453,47885,0.0,0.0
2024-07-24 13:30:00-04:00,20.200000762939453,20.299999237060547,20.149999618530273,20.270000457763672,73410,0.0,0.0
2024-07-24 14:30:00-04:00,20.260000228881836,20.264999389648438,20.1200008392334,20.1200008392334,87374,0.0,0.0
2024-07-24 15:30:00-04:00,20.110000610351562,20.270000457763672,20.100000381469727,20.260000228881836,180214,0.0,0.0
2024-07-25 09:30:00-04:00,20.344999313354492,20.524999618530273,20.1299991607666,20.420000076293945,123230,0.0,0.0
2024-07-25 10:30:00-04:00,20.420000076293945,20.524999618530273,20.309999465942383,20.399999618530273,109218,0.0,0.0
2024-07-25 11:30:00-04:00,20.399999618530273,20.514999389648438,20.31999969482422,20.489999771118164,141577,0.0,0.0
2024-07-25 12:30:00-04:00,20.489999771118164,20.690000534057617,20.459999084472656,20.510000228881836,144699,0.0,0.0
2024-07-25 13:30:00-04:00,20.510000228881836,20.565000534057617,20.40999984741211,20.5,246549,0.0,0.0
2024-07-25 14:30:00-04:00,20.5,20.510000228881836,20.309999465942383,20.350000381469727,107902,0.0,0.0
2024-07-25 15:30:00-04:00,20.354999542236328,20.3799991607666,20.15999984741211,20.15999984741211,422953,0.0,0.0
2024-07-26 09:30:00-04:00,20.329999923706055,20.690000534057617,20.329999923706055,20.5,82362,0.0,0.0
2024-07-26 10:30:00-04:00,20.489999771118164,20.510000228881836,20.395000457763672,20.469999313354492,71357,0.0,0.0
2024-07-26 11:30:00-04:00,20.469999313354492,20.690000534057617,20.469999313354492,20.579999923706055,146466,0.0,0.0
2024-07-26 12:30:00-04:00,20.584999084472656,20.639999389648438,20.520000457763672,20.6299991607666,96512,0.0,0.0
2024-07-26 13:30:00-04:00,20.6200008392334,20.690000534057617,20.489999771118164,20.649999618530273,66376,0.0,0.0
2024-07-26 14:30:00-04:00,20.649999618530273,20.670000076293945,20.56999969482422,20.649999618530273,228220,0.0,0.0
2024-07-26 15:30:00-04:00,20.649999618530273,20.670000076293945,20.579999923706055,20.600000381469727,308100,0.0,0.0
2024-07-29 09:30:00-04:00,20.610000610351562,20.799999237060547,20.395000457763672,20.510000228881836,108046,0.0,0.0
2024-07-29 10:30:00-04:00,20.5,20.540000915527344,20.309999465942383,20.475000381469727,73384,0.0,0.0
2024-07-29 11:30:00-04:00,20.46339988708496,20.530000686645508,20.280000686645508,20.329999923706055,150378,0.0,0.0
2024-07-29 12:30:00-04:00,20.309999465942383,20.309999465942383,20.020000457763672,20.024999618530273,96727,0.0,0.0
2024-07-29 13:30:00-04:00,20.030000686645508,20.030000686645508,19.889999389648438,19.90999984741211,146474,0.0,0.0
2024-07-29 14:30:00-04:00,19.915000915527344,20.170000076293945,19.90999984741211,20.1299991607666,226495,0.0,0.0
2024-07-29 15:30:00-04:00,20.125,20.139999389648438,20.0,20.020000457763672,283299,0.0,0.0
2024-07-30 09:30:00-04:00,19.989999771118164,20.1299991607666,19.80500030517578,19.84000015258789,100353,0.0,0.0
2024-07-30 10:30:00-04:00,19.850000381469727,19.899999618530273,19.75,19.780000686645508,126689,0.0,0.0
2024-07-30 11:30:00-04:00,19.770000457763672,19.780000686645508,19.68000030517578,19.729999542236328,95551,0.0,0.0
2024-07-30 12:30:00-04:00,19.729999542236328,19.889999389648438,19.700000762939453,19.725000381469727,81443,0.0,0.0
2024-07-30 13:30:00-04:00,19.729999542236328,19.760000228881836,19.614999771118164,19.65999984741211,174080,0.0,0.0
2024-07-30 14:30:00-04:00,19.670000076293945,19.700000762939453,19.600000381469727,19.6299991607666,163997,0.0,0.0
2024-07-30 15:30:00-04:00,19.6299991607666,19.860000610351562,19.6200008392334,19.81999969482422,385104,0.0,0.0
2024-07-31 09:30:00-04:00,19.729999542236328,20.030000686645508,19.579999923706055,19.889999389648438,84571,0.0,0.0
2024-07-31 10:30:00-04:00,19.889999389648438,19.905000686645508,19.709999084472656,19.780000686645508,123915,0.0,0.0
2024-07-31 11:30:00-04:00,19.790000915527344,19.90250015258789,19.729999542236328,19.729999542236328,101146,0.0,0.0
2024-07-31 12:30:00-04:00,19.729999542236328,19.76140022277832,19.565000534057617,19.600000381469727,177568,0.0,0.0
2024-07-31 13:30:00-04:00,19.610000610351562,19.700000762939453,19.579999923706055,19.610000610351562,177293,0.0,0.0
2024-07-31 14:30:00-04:00,19.610000610351562,19.790000915527344,19.549999237060547,19.604999542236328,348666,0.0,0.0
2024-07-31 15:30:00-04:00,19.600000381469727,19.68000030517578,19.459999084472656,19.56999969482422,347548,0.0,0.0
2024-08-01 09:30:00-04:00,21.0,22.186500549316406,21.0,22.084999084472656,1695023,0.0,0.0
2024-08-01 10:30:00-04:00,22.084999084472656,23.100000381469727,22.059999465942383,23.030000686645508,1201217,0.0,0.0
2024-08-01 11:30:00-04:00,23.04800033569336,23.420000076293945,22.860000610351562,22.989999771118164,1027491,0.0,0.0
2024-08-01 12:30:00-04:00,22.989999771118164,23.229999542236328,22.540000915527344,22.75,813597,0.0,0.0
2024-08-01 13:30:00-04:00,22.7450008392334,23.290000915527344,22.520000457763672,23.110000610351562,881475,0.0,0.0
2024-08-01 14:30:00-04:00,23.110000610351562,23.350000381469727,22.790000915527344,23.270000457763672,601750,0.0,0.0
2024-08-01 15:30:00-04:00,23.260000228881836,23.549999237060547,23.040000915527344,23.540000915527344,1172088,0.0,0.0
2024-08-02 09:30:00-04:00,23.209999084472656,23.43000030517578,22.56999969482422,22.799999237060547,655310,0.0,0.0
2024-08-02 10:30:00-04:00,22.81999969482422,23.260000228881836,22.719999313354492,23.200000762939453,202607,0.0,0.0
2024-08-02 11:30:00-04:00,23.204999923706055,23.670000076293945,23.200000762939453,23.600000381469727,273313,0.0,0.0
2024-08-02 12:30:00-04:00,23.584999084472656,23.584999084472656,23.34000015258789,23.5049991607666,242814,0.0,0.0
2024-08-02 13:30:00-04:00,23.489999771118164,23.649999618530273,23.399999618530273,23.639999389648438,200206,0.0,0.0
2024-08-02 14:30:00-04:00,23.649999618530273,23.90999984741211,23.549999237060547,23.84000015258789,278430,0.0,0.0
2024-08-02 15:30:00-04:00,23.84000015258789,23.889999389648438,23.6200008392334,23.75,523905,0.0,0.0
2024-08-05 09:30:00-04:00,23.170000076293945,23.389999389648438,22.739999771118164,22.75,314744,0.0,0.0
2024-08-05 10:30:00-04:00,22.770000457763672,23.239999771118164,22.760000228881836,23.165000915527344,241647,0.0,0.0
2024-08-05 11:30:00-04:00,23.15999984741211,23.350000381469727,23.100000381469727,23.219999313354492,195323,0.0,0.0
2024-08-05 12:30:00-04:00,23.209999084472656,23.209999084472656,22.975000381469727,23.1200008392334,227229,0.0,0.0
2024-08-05 13:30:00-04:00,23.110000610351562,23.229999542236328,22.979999542236328,23.065000534057617,140322,0.0,0.0
2024-08-05 14:30:00-04:00,23.059999465942383,23.09000015258789,22.975000381469727,23.09000015258789,157237,0.0,0.0
2024-08-05 15:30:00-04:00,23.06999969482422,23.149999618530273,22.990100860595703,23.030000686645508,330960,0.0,0.0
2024-08-06 09:30:00-04:00,23.0,23.31999969482422,22.829999923706055,23.149999618530273,342942,0.0,0.0
2024-08-06 10:30:00-04:00,23.15999984741211,23.360000610351562,22.9950008392334,23.010000228881836,217359,0.0,0.0
2024-08-06 11:30:00-04:00,23.020000457763672,23.149999618530273,22.950000762939453,23.020000457763672,550579,0.0,0.0
2024-08-06 12:30:00-04:00,23.03499984741211,23.100000381469727,22.690000534057617,22.719999313354492,305327,0.0,0.0
2024-08-06 13:30:00-04:00,22.729999542236328,22.93000030517578,22.579999923706055,22.93000030517578,269266,0.0,0.0
2024-08-06 14:30:00-04:00,22.889999389648438,22.93000030517578,22.485000610351562,22.55500030517578,341255,0.0,0.0
2024-08-06 15:30:00-04:00,22.559999465942383,22.600000381469727,22.399999618530273,22.459999084472656,437473,0.0,0.0
2024-08-07 09:30:00-04:00,22.639999389648438,22.989999771118164,22.549999237060547,22.8700008392334,127840,0.0,0.0
2024-08-07 10:30:00-04:00,22.860000610351562,22.90999984741211,22.760000228881836,22.84000015258789,77270,0.0,0.0
2024-08-07 11:30:00-04:00,22.86750030517578,22.954999923706055,22.729999542236328,22.790000915527344,93973,0.0,0.0
2024-08-07 12:30:00-04:00,22.80500030517578,22.81999969482422,22.510000228881836,22.639999389648438,101717,0.0,0.0
2024-08-07 13:30:00-04:00,22.645000457763672,22.684999465942383,22.149999618530273,22.350000381469727,183371,0.0,0.0
2024-08-07 14:30:00-04:00,22.34000015258789,22.56999969482422,22.239999771118164,22.514999389648438,350698,0.0,0.0
2024-08-07 15:30:00-04:00,22.510000228881836,22.540000915527344,22.450000762939453,22.5,457813,0.0,0.0
2024-08-08 09:30:00-04:00,22.790000915527344,23.350000381469727,22.540000915527344,23.299999237060547,345353,0.0,0.0
2024-08-08 10:30:00-04:00,23.329999923706055,23.329999923706055,23.030000686645508,23.25,194888,0.0,0.0
2024-08-08 11:30:00-04:00,23.260000228881836,23.309999465942383,23.149999618530273,23.18000030517578,80724,0.0,0.0
2024-08-08 12:30:00-04:00,23.170000076293945,23.190000534057617,23.010000228881836,23.020000457763672,167862,0.0,0.0
2024-08-08 13:30:00-04:00,23.020999908447266,23.104999542236328,22.989999771118164,23.030000686645508,222463,0.0,0.0
2024-08-08 14:30:00-04:00,23.020000457763672,23.05500030517578,22.8799991607666,22.889999389648438,380221,0.0,0.0
2024-08-08 15:30:00-04:00,22.889999389648438,23.145000457763672,22.8799991607666,22.969999313354492,396523,0.0,0.0
2024-08-09 09:30:00-04:00,22.5,22.760000228881836,22.25,22.3799991607666,1686745,0.0,0.0
2024-08-09 10:30:00-04:00,22.3799991607666,22.485000610351562,22.170000076293945,22.2549991607666,187535,0.0,0.0
2024-08-09 11:30:00-04:00,22.25,22.3700008392334,22.110000610351562,22.149999618530273,215908,0.0,0.0
2024-08-09 12:30:00-04:00,22.149999618530273,22.239999771118164,22.110000610351562,22.219999313354492,136557,0.0,0.0
2024-08-09 13:30:00-04:00,22.209999084472656,22.31999969482422,22.200000762939453,22.299999237060547,168243,0.0,0.0
2024-08-09 14:30:00-04:00,22.290000915527344,22.299999237060547,22.110000610351562,22.25,303639,0.0,0.0
2024-08-09 15:30:00-04:00,22.2549991607666,22.46500015258789,22.219999313354492,22.399999618530273,489312,0.0,0.0
2024-08-12 09:30:00-04:00,22.549999237060547,22.729999542236328,22.0,22.1200008392334,201062,0.0,0.0
2024-08-12 10:30:00-04:00,22.125,22.36989974975586,22.125,22.31999969482422,136635,0.0,0.0
2024-08-12 11:30:00-04:00,22.31999969482422,22.357999801635742,22.21500015258789,22.309999465942383,87862,0.0,0.0
2024-08-12 12:30:00-04:00,22.329999923706055,22.489999771118164,22.280000686645508,22.389999389648438,116361,0.0,0.0
2024-08-12 13:30:00-04:00,22.389999389648438,22.600000381469727,22.30500030517578,22.559999465942383,222792,0.0,0.0
2024-08-12 14:30:00-04:00,22.559999465942383,22.559999465942383,22.354999542236328,22.354999542236328,224333,0.0,0.0
2024-08-12 15:30:00-04:00,22.350000381469727,22.3799991607666,22.204999923706055,22.34000015258789,315635,0.0,0.0
2024-08-13 09:30:00-04:00,22.450000762939453,22.916000366210938,22.389999389648438,22.860000610351562,237970,0.0,0.0
2024-08-13 10:30:00-04:00,22.84000015258789,23.1299991607666,22.809999465942383,22.959999084472656,287007,0.0,0.0
2024-08-13 11:30:00-04:00,22.950000762939453,23.200000762939453,22.90999984741211,23.184999465942383,267326,0.0,0.0
2024-08-13 12:30:00-04:00,23.18000030517578,23.229999542236328,23.040000915527344,23.149999618530273,309357,0.0,0.0
2024-08-13 13:30:00-04:00,23.170000076293945,23.31999969482422,23.059999465942383,23.290000915527344,243834,0.0,0.0
2024-08-13 14:30:00-04:00,23.280000686645508,23.34000015258789,23.1200008392334,23.18000030517578,254319,0.0,0.0
2024-08-13 15:30:00-04:00,23.18910026550293,23.200000762939453,23.010000228881836,23.010000228881836,428205,0.0,0.0
2024-08-14 09:30:00-04:00,22.989999771118164,23.559999465942383,22.934999465942383,23.139999389648438,495868,0.0,0.0
2024-08-14 10:30:00-04:00,23.139999389648438,23.252099990844727,22.969999313354492,23.229999542236328,307004,0.0,0.0
2024-08-14 11:30:00-04:00,23.219999313354492,23.5,23.15999984741211,23.399999618530273,438025,0.0,0.0
2024-08-14 12:30:00-04:00,23.405000686645508,23.43000030517578,23.290000915527344,23.360000610351562,231147,0.0,0.0
2024-08-14 13:30:00-04:00,23.34000015258789,23.5,23.329999923706055,23.450000762939453,122388,0.0,0.0
2024-08-14 14:30:00-04:00,23.450000762939453,23.469999313354492,23.299999237060547,23.309999465942383,142373,0.0,0.0
2024-08-14 15:30:00-04:00,23.299999237060547,23.420000076293945,23.270000457763672,23.3700008392334,321198,0.0,0.0
2024-08-15 09:30:00-04:00,23.68000030517578,23.93000030517578,23.360000610351562,23.8799991607666,188047,0.0,0.0
2024-08-15 10:30:00-04:00,23.899999618530273,23.899999618530273,23.649999618530273,23.649999618530273,189902,0.0,0.0
2024-08-15 11:30:00-04:00,23.639999389648438,23.780000686645508,23.6200008392334,23.760000228881836,90742,0.0,0.0
2024-08-15 12:30:00-04:00,23.770000457763672,23.770000457763672,23.493000030517578,23.540000915527344,96585,0.0,0.0
2024-08-15 13:30:00-04:00,23.540000915527344,23.639999389648438,23.5,23.59000015258789,64676,0.0,0.0
2024-08-15 14:30:00-04:00,23.579999923706055,23.65999984741211,23.56999969482422,23.6200008392334,81836,0.0,0.0
2024-08-15 15:30:00-04:00,23.6299991607666,23.645000457763672,23.540000915527344,23.56999969482422,207052,0.0,0.0
2024-08-16 09:30:00-04:00,23.610000610351562,23.75,23.440000534057617,23.479999542236328,83126,0.0,0.0
2024-08-16 10:30:00-04:00,23.489999771118164,23.579999923706055,23.364999771118164,23.489999771118164,62654,0.0,0.0
2024-08-16 11:30:00-04:00,23.5,23.56999969482422,23.469999313354492,23.520000457763672,86238,0.0,0.0
2024-08-16 12:30:00-04:00,23.510000228881836,23.6200008392334,23.5,23.59000015258789,103902,0.0,0.0
2024-08-16 13:30:00-04:00,23.610000610351562,23.655000686645508,23.524999618530273,23.600000381469727,53721,0.0,0.0
2024-08-16 14:30:00-04:00,23.600000381469727,23.610000610351562,23.489999771118164,23.489999771118164,66925,0.0,0.0
2024-08-16 15:30:00-04:00,23.489999771118164,23.6200008392334,23.44499969482422,23.600000381469727,187702,0.0,0.0
2024-08-19 09:30:00-04:00,24.0,24.3799991607666,23.81999969482422,24.315000534057617,270724,0.0,0.0
2024-08-19 10:30:00-04:00,24.329999923706055,24.444599151611328,24.264999389648438,24.3700008392334,157256,0.0,0.0
2024-08-19 11:30:00-04:00,24.360000610351562,24.399999618530273,24.270000457763672,24.350000381469727,106173,0.0,0.0
2024-08-19 12:30:00-04:00,24.340099334716797,24.340099334716797,24.206899642944336,24.270000457763672,181021,0.0,0.0
2024-08-19 13:30:00-04:00,24.260000228881836,24.31999969482422,24.1299991607666,24.295000076293945,139925,0.0,0.0
2024-08-19 14:30:00-04:00,24.299999237060547,24.399999618530273,24.209999084472656,24.360000610351562,244283,0.0,0.0
2024-08-19 15:30:00-04:00,24.360000610351562,24.389999389648438,24.190000534057617,24.299999237060547,223572,0.0,0.0
2024-08-20 09:30:00-04:00,24.239999771118164,24.709999084472656,24.209999084472656,24.43000030517578,259309,0.0,0.0
2024-08-20 10:30:00-04:00,24.40999984741211,24.549999237060547,24.40999984741211,24.459999084472656,180939,0.0,0.0
2024-08-20 11:30:00-04:00,24.43000030517578,24.520000457763672,24.389999389648438,24.450000762939453,200562,0.0,0.0
2024-08-20 12:30:00-04:00,24.450000762939453,24.59000015258789,24.440000534057617,24.510000228881836,360211,0.0,0.0
2024-08-20 13:30:00-04:00,24.503299713134766,24.75,24.503299713134766,24.68000030517578,147979,0.0,0.0
2024-08-20 14:30:00-04:00,24.68000030517578,24.709999084472656,24.389999389648438,24.395000457763672,165721,0.0,0.0
2024-08-20 15:30:00-04:00,24.389999389648438,24.395000457763672,24.28499984741211,24.360000610351562,292294,0.0,0.0
2024-08-21 09:30:00-04:00,24.360000610351562,24.424999237060547,24.100000381469727,24.364999771118164,147298,0.0,0.0
2024-08-21 10:30:00-04:00,24.364999771118164,24.440000534057617,24.260000228881836,24.43000030517578,89029,0.0,0.0
2024-08-21 11:30:00-04:00,24.43000030517578,24.56999969482422,24.43000030517578,24.530000686645508,150327,0.0,0.0
2024-08-21 12:30:00-04:00,24.530000686645508,24.56999969482422,24.459999084472656,24.520000457763672,96834,0.0,0.0
2024-08-21 13:30:00-04:00,24.514999389648438,24.6200008392334,24.450000762939453,24.600000381469727,241531,0.0,0.0
2024-08-21 14:30:00-04:00,24.600000381469727,24.729999542236328,24.549999237060547,24.68899917602539,92090,0.0,0.0
2024-08-21 15:30:00-04:00,24.68000030517578,24.709999084472656,24.6200008392334,24.649999618530273,190274,0.0,0.0
2024-08-22 09:30:00-04:00,24.639999389648438,24.8799991607666,24.60409927368164,24.725000381469727,40809,0.0,0.0
2024-08-22 10:30:00-04:00,24.719999313354492,24.760000228881836,24.59000015258789,24.649999618530273,71899,0.0,0.0
2024-08-22 11:30:00-04:00,24.65999984741211,24.690000534057617,24.559600830078125,24.670000076293945,49047,0.0,0.0
2024-08-22 12:30:00-04:00,24.670000076293945,24.670000076293945,24.540000915527344,24.579999923706055,51424,0.0,0.0
2024-08-22 13:30:00-04:00,24.56999969482422,24.56999969482422,24.3700008392334,24.489999771118164,53833,0.0,0.0
2024-08-22 14:30:00-04:00,24.489999771118164,24.520000457763672,24.450000762939453,24.459999084472656,44838,0.0,0.0
2024-08-22 15:30:00-04:00,24.459999084472656,24.459999084472656,24.299999237060547,24.309999465942383,148114,0.0,0.0
2024-08-23 09:30:00-04:00,24.520000457763672,24.639999389648438,24.329999923706055,24.450000762939453,66413,0.0,0.0
2024-08-23 10:30:00-04:00,24.43000030517578,24.450000762939453,24.209999084472656,24.3700008392334,95992,0.0,0.0
2024-08-23 11:30:00-04:00,24.3700008392334,24.469999313354492,24.31999969482422,24.46500015258789,51350,0.0,0.0
2024-08-23 12:30:00-04:00,24.479999542236328,24.59000015258789,24.389999389648438,24.40999984741211,52733,0.0,0.0
2024-08-23 13:30:00-04:00,24.43000030517578,24.549999237060547,24.420000076293945,24.540000915527344,40689,0.0,0.0
2024-08-23 14:30:00-04:00,24.549999237060547,24.639999389648438,24.4950008392334,24.639999389648438,100230,0.0,0.0
2024-08-23 15:30:00-04:00,24.635000228881836,24.649999618530273,24.549999237060547,24.6299991607666,241394,0.0,0.0
2024-08-26 09:30:00-04:00,24.25,24.520000457763672,24.082000732421875,24.239999771118164,172152,0.0,0.0
2024-08-26 10:30:00-04:00,24.25,24.25,24.059999465942383,24.138700485229492,136699,0.0,0.0
2024-08-26 11:30:00-04:00,24.110000610351562,24.189899444580078,24.049999237060547,24.189899444580078,93321,0.0,0.0
2024-08-26 12:30:00-04:00,24.190000534057617,24.239999771118164,24.15999984741211,24.200000762939453,75306,0.0,0.0
2024-08-26 13:30:00-04:00,24.200000762939453,24.270000457763672,24.1200008392334,24.270000457763672,107801,0.0,0.0
2024-08-26 14:30:00-04:00,24.260000228881836,24.309999465942383,24.209999084472656,24.219999313354492,116175,0.0,0.0
2024-08-26 15:30:00-04:00,24.209999084472656,24.260000228881836,24.18000030517578,24.260000228881836,218367,0.0,0.0
2024-08-27 09:30:00-04:00,24.239999771118164,24.309999465942383,24.079999923706055,24.239999771118164,61639,0.0,0.0
2024-08-27 10:30:00-04:00,24.25,24.31999969482422,24.18000030517578,24.18000030517578,101406,0.0,0.0
2024-08-27 11:30:00-04:00,24.18000030517578,24.219999313354492,24.1299991607666,24.190000534057617,93043,0.0,0.0
2024-08-27 12:30:00-04:00,24.18000030517578,24.229999542236328,24.049999237060547,24.209999084472656,151036,0.0,0.0
2024-08-27 13:30:00-04:00,24.200000762939453,24.31999969482422,24.200000762939453,24.309999465942383,94165,0.0,0.0
2024-08-27 14:30:00-04:00,24.309999465942383,24.350000381469727,24.25,24.349000930786133,122156,0.0,0.0
2024-08-27 15:30:00-04:00,24.34000015258789,24.364999771118164,24.260000228881836,24.31999969482422,293899,0.0,0.0
2024-08-28 09:30:00-04:00,24.43000030517578,24.54990005493164,24.239999771118164,24.3700008392334,868891,0.0,0.0
2024-08-28 10:30:00-04:00,24.360000610351562,24.420000076293945,24.229999542236328,24.270000457763672,91081,0.0,0.0
2024-08-28 11:30:00-04:00,24.270000457763672,24.309999465942383,24.18000030517578,24.25,60641,0.0,0.0
2024-08-28 12:30:00-04:00,24.219999313354492,24.40999984741211,24.219999313354492,24.360000610351562,104295,0.0,0.0
2024-08-28 13:30:00-04:00,24.360000610351562,24.389999389648438,24.239999771118164,24.28499984741211,72035,0.0,0.0
2024-08-28 14:30:00-04:00,24.295000076293945,24.440000534057617,24.290000915527344,24.424999237060547,142384,0.0,0.0
2024-08-28 15:30:00-04:00,24.420000076293945,24.420000076293945,24.260000228881836,24.270000457763672,227796,0.0,0.0
2024-08-29 09:30:00-04:00,24.280000686645508,24.639999389648438,24.09000015258789,24.61440086364746,120882,0.0,0.0
2024-08-29 10:30:00-04:00,24.625999450683594,24.78499984741211,24.610000610351562,24.770000457763672,205329,0.0,0.0
2024-08-29 11:30:00-04:00,24.799999237060547,24.81999969482422,24.670000076293945,24.809999465942383,65961,0.0,0.0
2024-08-29 12:30:00-04:00,24.809999465942383,24.809999465942383,24.700000762939453,24.739999771118164,87289,0.0,0.0
2024-08-29 13:30:00-04:00,24.7450008392334,24.854799270629883,24.7450008392334,24.81999969482422,116862,0.0,0.0
2024-08-29 14:30:00-04:00,24.809999465942383,24.834999084472656,24.625,24.65999984741211,136239,0.0,0.0
2024-08-29 15:30:00-04:00,24.655000686645508,24.729999542236328,24.520000457763672,24.56999969482422,241800,0.0,0.0
2024-08-30 09:30:00-04:00,24.610000610351562,24.770000457763672,24.43000030517578,24.635000228881836,107003,0.0,0.0
2024-08-30 10:30:00-04:00,24.6200008392334,24.739999771118164,24.500999450683594,24.56999969482422,120813,0.0,0.0
2024-08-30 11:30:00-04:00,24.56999969482422,24.6299991607666,24.549999237060547,24.56999969482422,92338,0.0,0.0
2024-08-30 12:30:00-04:00,24.56999969482422,24.639999389648438,24.479999542236328,24.6299991607666,104104,0.0,0.0
2024-08-30 13:30:00-04:00,24.6200008392334,24.65999984741211,24.59000015258789,24.6299991607666,97777,0.0,0.0
2024-08-30 14:30:00-04:00,24.6299991607666,24.7549991607666,24.6200008392334,24.75,198933,0.0,0.0
2024-08-30 15:30:00-04:00,24.75,24.860000610351562,24.709999084472656,24.780000686645508,246651,0.0,0.0
2024-09-03 09:30:00-04:00,24.709999084472656,24.93000030517578,24.549999237060547,24.649999618530273,339924,0.0,0.0
2024-09-03 10:30:00-04:00,24.639999389648438,24.639999389648438,24.469999313354492,24.530000686645508,57101,0.0,0.0
2024-09-03 11:30:00-04:00,24.530000686645508,24.549999237060547,24.43400001525879,24.459999084472656,69784,0.0,0.0
2024-09-03 12:30:00-04:00,24.459999084472656,24.459999084472656,24.270000457763672,24.299999237060547,62139,0.0,0.0
2024-09-03 13:30:00-04:00,24.290000915527344,24.3700008392334,24.1200008392334,24.1299991607666,146757,0.0,0.0
2024-09-03 14:30:00-04:00,24.1299991607666,24.350000381469727,24.1299991607666,24.19499969482422,152207,0.0,0.0
2024-09-03 15:30:00-04:00,24.19499969482422,24.209999084472656,24.059999465942383,24.09000015258789,255738,0.0,0.0
2024-09-04 09:30:00-04:00,23.940000534057617,24.190000534057617,23.34000015258789,24.079999923706055,171692,0.0,0.0
2024-09-04 10:30:00-04:00,24.06999969482422,24.139999389648438,23.985000610351562,23.985000610351562,164854,0.0,0.0
2024-09-04 11:30:00-04:00,23.969999313354492,24.079999923706055,23.920000076293945,24.020000457763672,71416,0.0,0.0
2024-09-04 12:30:00-04:00,24.020000457763672,24.059999465942383,23.989999771118164,24.0,80569,0.0,0.0
2024-09-04 13:30:00-04:00,23.985000610351562,23.985000610351562,23.905000686645508,23.96500015258789,111921,0.0,0.0
2024-09-04 14:30:00-04:00,23.959999084472656,24.05900001525879,23.899999618530273,24.02899932861328,201579,0.0,0.0
2024-09-04 15:30:00-04:00,24.024999618530273,24.024999618530273,23.885000228881836,23.959999084472656,216393,0.0,0.0
2024-09-05 09:30:00-04:00,23.90999984741211,24.170000076293945,23.719999313354492,24.09000015258789,58980,0.0,0.0
2024-09-05 10:30:00-04:00,24.1200008392334,24.1299991607666,23.950000762939453,23.979999542236328,36865,0.0,0.0
2024-09-05 11:30:00-04:00,23.979999542236328,23.989999771118164,23.8799991607666,23.979999542236328,75902,0.0,0.0
2024-09-05 12:30:00-04:00,23.989999771118164,24.030000686645508,23.934999465942383,23.959999084472656,57015,0.0,0.0
2024-09-05 13:30:00-04:00,23.950000762939453,23.979999542236328,23.934999465942383,23.950000762939453,49917,0.0,0.0
2024-09-05 14:30:00-04:00,23.950000762939453,23.989999771118164,23.80500030517578,23.860000610351562,96068,0.0,0.0
2024-09-05 15:30:00-04:00,23.8700008392334,23.954999923706055,23.84000015258789,23.850000381469727,184159,0.0,0.0
2024-09-06 09:30:00-04:00,24.040000915527344,24.1299991607666,23.799999237060547,23.799999237060547,61155,0.0,0.0
2024-09-06 10:30:00-04:00,23.760000228881836,23.84000015258789,23.65999984741211,23.690000534057617,58286,0.0,0.0
2024-09-06 11:30:00-04:00,23.690000534057617,23.729999542236328,23.639999389648438,23.700000762939453,47343,0.0,0.0
2024-09-06 12:30:00-04:00,23.69499969482422,23.799999237060547,23.670000076293945,23.690000534057617,76873,0.0,0.0
2024-09-06 13:30:00-04:00,23.68000030517578,23.760000228881836,23.65999984741211,23.7549991607666,57425,0.0,0.0
2024-09-06 14:30:00-04:00,23.75,23.90999984741211,23.725000381469727,23.81999969482422,107496,0.0,0.0
2024-09-06 15:30:00-04:00,23.81999969482422,23.860000610351562,23.709999084472656,23.81999969482422,255961,0.0,0.0
2024-09-09 09:30:00-04:00,23.860000610351562,24.280000686645508,23.860000610351562,24.149999618530273,98162,0.0,0.0
2024-09-09 10:30:00-04:00,24.139999389648438,24.200000762939453,23.979999542236328,24.079999923706055,85088,0.0,0.0
2024-09-09 11:30:00-04:00,24.09000015258789,24.290000915527344,24.079999923706055,24.28499984741211,74071,0.0,0.0
2024-09-09 12:30:00-04:00,24.280000686645508,24.290000915527344,24.200000762939453,24.255800247192383,60519,0.0,0.0
2024-09-09 13:30:00-04:00,24.25,24.270000457763672,24.200000762939453,24.204999923706055,114741,0.0,0.0
2024-09-09 14:30:00-04:00,24.200000762939453,24.219999313354492,24.1200008392334,24.209999084472656,153786,0.0,0.0
2024-09-09 15:30:00-04:00,24.209999084472656,24.28499984741211,24.1299991607666,24.15999984741211,263678,0.0,0.0
2024-09-10 09:30:00-04:00,24.239999771118164,24.30500030517578,23.905000686645508,23.950000762939453,44518,0.0,0.0
2024-09-10 10:30:00-04:00,23.979999542236328,23.989999771118164,23.920000076293945,23.940000534057617,26023,0.0,0.0
2024-09-10 11:30:00-04:00,23.90999984741211,23.93000030517578,23.700000762939453,23.70210075378418,87793,0.0,0.0
2024-09-10 12:30:00-04:00,23.700000762939453,23.700000762939453,23.579999923706055,23.599899291992188,75893,0.0,0.0
2024-09-10 13:30:00-04:00,23.59000015258789,23.639999389648438,23.540000915527344,23.6200008392334,39207,0.0,0.0
2024-09-10 14:30:00-04:00,23.6299991607666,23.639999389648438,23.540000915527344,23.59000015258789,81389,0.0,0.0
2024-09-10 15:30:00-04:00,23.59000015258789,23.68670082092285,23.579999923706055,23.59000015258789,140530,0.0,0.0
2024-09-11 09:30:00-04:00,23.56999969482422,23.670000076293945,23.309999465942383,23.329999923706055,71010,0.0,0.0
2024-09-11 10:30:00-04:00,23.31999969482422,23.3700008392334,23.219999313354492,23.31999969482422,63666,0.0,0.0
2024-09-11 11:30:00-04:00,23.31999969482422,23.530000686645508,23.31999969482422,23.450000762939453,120914,0.0,0.0
2024-09-11 12:30:00-04:00,23.459999084472656,23.540000915527344,23.354999542236328,23.459999084472656,95275,0.0,0.0
2024-09-11 13:30:00-04:00,23.46500015258789,23.530000686645508,23.43000030517578,23.479999542236328,45303,0.0,0.0
2024-09-11 14:30:00-04:00,23.489999771118164,23.510000228881836,23.410999298095703,23.420000076293945,59231,0.0,0.0
2024-09-11 15:30:00-04:00,23.424999237060547,23.625,23.389999389648438,23.56999969482422,162817,0.0,0.0
2024-09-12 09:30:00-04:00,23.559999465942383,23.780000686645508,23.434999465942383,23.459999084472656,39937,0.0,0.0
2024-09-12 10:30:00-04:00,23.459999084472656,23.600000381469727,23.440000534057617,23.584999084472656,128380,0.0,0.0
2024-09-12 11:30:00-04:00,23.56999969482422,23.610000610351562,23.370100021362305,23.420000076293945,40510,0.0,0.0
2024-09-12 12:30:00-04:00,23.43000030517578,23.5,23.360000610351562,23.44499969482422,53030,0.0,0.0
2024-09-12 13:30:00-04:00,23.459999084472656,23.559999465942383,23.450000762939453,23.545000076293945,44323,0.0,0.0
2024-09-12 14:30:00-04:00,23.540000915527344,23.540000915527344,23.440000534057617,23.520000457763672,56789,0.0,0.0
2024-09-12 15:30:00-04:00,23.520000457763672,23.520000457763672,23.360000610351562,23.3700008392334,163461,0.0,0.0
2024-09-13 09:30:00-04:00,23.549999237060547,23.719999313354492,23.3700008392334,23.69499969482422,81001,0.0,0.0
2024-09-13 10:30:00-04:00,23.690000534057617,23.90999984741211,23.65019989013672,23.8799991607666,64204,0.0,0.0
2024-09-13 11:30:00-04:00,23.889999389648438,24.0,23.8700008392334,23.8700008392334,58792,0.0,0.0
2024-09-13 12:30:00-04:00,23.8799991607666,24.100000381469727,23.8799991607666,23.979999542236328,95526,0.0,0.0
2024-09-13 13:30:00-04:00,23.979999542236328,24.049999237060547,23.93000030517578,23.959999084472656,59760,0.0,0.0
2024-09-13 14:30:00-04:00,23.950000762939453,23.979999542236328,23.90999984741211,23.959999084472656,68445,0.0,0.0
2024-09-13 15:30:00-04:00,23.959999084472656,24.108999252319336,23.959999084472656,24.014999389648438,254030,0.0,0.0
