Datetime,Open,High,Low,Close,Volume,Dividends,Stock Splits,Capital Gains
2022-09-15 09:30:00-04:00,24.469999313354492,24.559999465942383,24.469999313354492,24.559999465942383,635,0.0,0.0,0.0
2022-09-15 10:30:00-04:00,24.436199188232422,24.436199188232422,24.436199188232422,24.436199188232422,355,0.0,0.0,0.0
2022-09-15 11:30:00-04:00,24.469999313354492,24.469999313354492,24.469999313354492,24.469999313354492,406,0.0,0.0,0.0
2022-09-15 13:30:00-04:00,24.43000030517578,24.440099716186523,24.43000030517578,24.440099716186523,967,0.0,0.0,0.0
2022-09-15 14:30:00-04:00,24.447799682617188,24.450000762939453,24.3700008392334,24.381099700927734,1884,0.0,0.0,0.0
2022-09-16 09:30:00-04:00,24.1200008392334,24.31999969482422,24.04439926147461,24.280000686645508,7538,0.0,0.0,0.0
2022-09-16 10:30:00-04:00,24.31999969482422,24.350000381469727,24.25,24.25,4625,0.0,0.0,0.0
2022-09-16 11:30:00-04:00,24.270000457763672,24.274999618530273,24.170000076293945,24.170000076293945,4185,0.0,0.0,0.0
2022-09-16 12:30:00-04:00,24.190500259399414,24.227699279785156,24.18000030517578,24.200000762939453,3632,0.0,0.0,0.0
2022-09-16 13:30:00-04:00,24.204999923706055,24.219999313354492,24.17009925842285,24.219999313354492,2367,0.0,0.0,0.0
2022-09-16 14:30:00-04:00,24.2450008392334,24.350000381469727,24.2450008392334,24.280000686645508,2594,0.0,0.0,0.0
2022-09-16 15:30:00-04:00,24.25,24.302900314331055,24.25,24.302900314331055,140,0.0,0.0,0.0
2022-09-19 09:30:00-04:00,24.06999969482422,24.090099334716797,24.06999969482422,24.090099334716797,0,0.0,0.0,0.0
2022-09-19 10:30:00-04:00,24.309999465942383,24.3799991607666,24.299999237060547,24.299999237060547,2675,0.0,0.0,0.0
2022-09-19 11:30:00-04:00,24.295000076293945,24.309999465942383,24.239999771118164,24.270000457763672,3553,0.0,0.0,0.0
2022-09-19 12:30:00-04:00,24.299999237060547,24.309999465942383,24.299999237060547,24.309999465942383,2227,0.0,0.0,0.0
2022-09-19 13:30:00-04:00,24.309999465942383,24.309999465942383,24.280000686645508,24.28499984741211,2959,0.0,0.0,0.0
2022-09-19 14:30:00-04:00,24.290000915527344,24.399999618530273,24.239999771118164,24.361400604248047,10610,0.0,0.0,0.0
2022-09-20 09:30:00-04:00,23.997699737548828,24.02989959716797,23.997699737548828,24.009700775146484,0,0.0,0.0,0.0
2022-09-20 10:30:00-04:00,24.0049991607666,24.0049991607666,23.930099487304688,23.930099487304688,1603,0.0,0.0,0.0
2022-09-20 11:30:00-04:00,24.035999298095703,24.059999465942383,24.000999450683594,24.059999465942383,646,0.0,0.0,0.0
2022-09-20 12:30:00-04:00,23.969999313354492,23.969999313354492,23.969999313354492,23.969999313354492,218,0.0,0.0,0.0
2022-09-20 13:30:00-04:00,23.850000381469727,23.873600006103516,23.850000381469727,23.8700008392334,1571,0.0,0.0,0.0
2022-09-20 14:30:00-04:00,23.800899505615234,23.959999084472656,23.800899505615234,23.959999084472656,1559,0.0,0.0,0.0
2022-09-20 15:30:00-04:00,23.969999313354492,23.969999313354492,23.955799102783203,23.955799102783203,562,0.0,0.0,0.0
2022-09-21 09:30:00-04:00,24.010000228881836,24.010000228881836,23.8799991607666,23.889999389648438,0,0.0,0.0,0.0
2022-09-21 10:30:00-04:00,23.915000915527344,23.920000076293945,23.8700008392334,23.8700008392334,3247,0.0,0.0,0.0
2022-09-21 11:30:00-04:00,23.905000686645508,23.920000076293945,23.870100021362305,23.920000076293945,608,0.0,0.0,0.0
2022-09-21 12:30:00-04:00,23.920000076293945,23.920000076293945,23.8700008392334,23.8700008392334,385,0.0,0.0,0.0
2022-09-21 13:30:00-04:00,23.75,23.75,23.610000610351562,23.739999771118164,497,0.0,0.0,0.0
2022-09-21 14:30:00-04:00,23.719999313354492,24.030000686645508,23.719999313354492,23.809999465942383,1441,0.0,0.0,0.0
2022-09-21 15:30:00-04:00,23.74920082092285,23.74920082092285,23.628599166870117,23.628599166870117,958,0.0,0.0,0.0
2022-09-22 09:30:00-04:00,23.780000686645508,23.780000686645508,23.600000381469727,23.600000381469727,0,0.0,0.0,0.0
2022-09-22 10:30:00-04:00,23.6200008392334,23.6200008392334,23.510000228881836,23.510000228881836,694,0.0,0.0,0.0
2022-09-22 11:30:00-04:00,23.490100860595703,23.559999465942383,23.490100860595703,23.540000915527344,2587,0.0,0.0,0.0
2022-09-22 12:30:00-04:00,23.520000457763672,23.520000457763672,23.520000457763672,23.520000457763672,153,0.0,0.0,0.0
2022-09-22 15:30:00-04:00,23.670000076293945,23.670000076293945,23.621700286865234,23.621700286865234,754,0.0,0.0,0.0
2022-09-23 09:30:00-04:00,23.09000015258789,23.09000015258789,22.850000381469727,22.950000762939453,0,0.0,0.0,0.0
2022-09-23 10:30:00-04:00,22.950000762939453,22.950000762939453,22.850000381469727,22.85890007019043,2688,0.0,0.0,0.0
2022-09-23 11:30:00-04:00,22.8799991607666,22.8799991607666,22.809999465942383,22.809999465942383,1110,0.0,0.0,0.0
2022-09-23 12:30:00-04:00,22.729700088500977,22.889999389648438,22.729700088500977,22.875,3881,0.0,0.0,0.0
2022-09-23 13:30:00-04:00,22.84000015258789,22.84000015258789,22.780000686645508,22.780000686645508,1340,0.0,0.0,0.0
2022-09-23 14:30:00-04:00,22.809999465942383,22.85449981689453,22.709999084472656,22.85449981689453,11645,0.0,0.0,0.0
2022-09-26 09:30:00-04:00,22.6299991607666,22.729999542236328,22.600000381469727,22.719999313354492,0,0.0,0.0,0.0
2022-09-26 10:30:00-04:00,22.677099227905273,22.730899810791016,22.59000015258789,22.59000015258789,2819,0.0,0.0,0.0
2022-09-26 11:30:00-04:00,22.450000762939453,22.450000762939453,22.450000762939453,22.450000762939453,136,0.0,0.0,0.0
2022-09-26 12:30:00-04:00,22.40999984741211,22.40999984741211,22.309999465942383,22.310100555419922,1929,0.0,0.0,0.0
2022-09-26 14:30:00-04:00,22.412599563598633,22.5,22.399999618530273,22.420000076293945,4213,0.0,0.0,0.0
2022-09-26 15:30:00-04:00,22.489999771118164,22.56399917602539,22.476600646972656,22.493999481201172,212478,0.0,0.0,0.0
2022-09-27 09:30:00-04:00,22.549999237060547,22.6299991607666,22.40180015563965,22.44499969482422,0,0.0,0.0,0.0
2022-09-27 10:30:00-04:00,22.520000457763672,22.604999542236328,22.440000534057617,22.440000534057617,4702,0.0,0.0,0.0
2022-09-27 11:30:00-04:00,22.350000381469727,22.350000381469727,22.18000030517578,22.18000030517578,2463,0.0,0.0,0.0
2022-09-27 12:30:00-04:00,22.200000762939453,22.225099563598633,22.200000762939453,22.225099563598633,342,0.0,0.0,0.0
2022-09-27 13:30:00-04:00,22.190000534057617,22.200000762939453,22.190000534057617,22.190000534057617,417,0.0,0.0,0.0
2022-09-27 14:30:00-04:00,22.261499404907227,22.31999969482422,22.260000228881836,22.280000686645508,8669,0.0,0.0,0.0
2022-09-27 15:30:00-04:00,22.239999771118164,22.34000015258789,22.239999771118164,22.332000732421875,2503,0.0,0.0,0.0
2022-09-28 09:30:00-04:00,22.290000915527344,22.329999923706055,22.290000915527344,22.329999923706055,0,0.0,0.0,0.0
2022-09-28 10:30:00-04:00,22.329999923706055,22.3700008392334,22.329999923706055,22.3700008392334,4658,0.0,0.0,0.0
2022-09-28 11:30:00-04:00,22.43000030517578,22.635000228881836,22.43000030517578,22.604999542236328,6023,0.0,0.0,0.0
2022-09-28 12:30:00-04:00,22.600000381469727,22.639999389648438,22.600000381469727,22.639999389648438,8957,0.0,0.0,0.0
2022-09-28 14:30:00-04:00,22.729999542236328,22.770000457763672,22.700000762939453,22.770000457763672,5050,0.0,0.0,0.0
2022-09-28 15:30:00-04:00,22.808000564575195,22.81800079345703,22.75,22.770000457763672,58830,0.0,0.0,0.0
2022-09-29 09:30:00-04:00,22.260000228881836,22.260000228881836,22.209999084472656,22.209999084472656,0,0.0,0.0,0.0
2022-09-29 10:30:00-04:00,22.379899978637695,22.379899978637695,22.379899978637695,22.379899978637695,1315,0.0,0.0,0.0
2022-09-29 11:30:00-04:00,22.40999984741211,22.420000076293945,22.40999984741211,22.420000076293945,1794,0.0,0.0,0.0
2022-09-29 12:30:00-04:00,22.389999389648438,22.389999389648438,22.389999389648438,22.389999389648438,4899,0.0,0.0,0.0
2022-09-29 14:30:00-04:00,22.354999542236328,22.40999984741211,22.350000381469727,22.40999984741211,720,0.0,0.0,0.0
2022-09-29 15:30:00-04:00,22.3799991607666,22.479999542236328,22.3799991607666,22.479999542236328,9378,0.0,0.0,0.0
2022-09-30 09:30:00-04:00,22.38990020751953,22.43000030517578,22.38990020751953,22.420000076293945,0,0.0,0.0,0.0
2022-09-30 11:30:00-04:00,22.530000686645508,22.530000686645508,22.43000030517578,22.43000030517578,1311,0.0,0.0,0.0
2022-09-30 13:30:00-04:00,22.3710994720459,22.393999099731445,22.3710994720459,22.3799991607666,1225,0.0,0.0,0.0
2022-09-30 14:30:00-04:00,22.40999984741211,22.40999984741211,22.325000762939453,22.3700008392334,5673,0.0,0.0,0.0
2022-09-30 15:30:00-04:00,22.34149932861328,22.360000610351562,22.280000686645508,22.280000686645508,3164,0.0,0.0,0.0
2022-10-03 09:30:00-04:00,22.670000076293945,22.723499298095703,22.670000076293945,22.723499298095703,0,0.0,0.0,0.0
2022-10-03 10:30:00-04:00,22.790000915527344,22.81999969482422,22.750099182128906,22.81999969482422,5920,0.0,0.0,0.0
2022-10-03 11:30:00-04:00,22.81999969482422,22.81999969482422,22.81999969482422,22.81999969482422,269,0.0,0.0,0.0
2022-10-03 13:30:00-04:00,22.809999465942383,22.81999969482422,22.809999465942383,22.81999969482422,1457,0.0,0.0,0.0
2022-10-03 14:30:00-04:00,22.899999618530273,22.90999984741211,22.860000610351562,22.860000610351562,1739,0.0,0.0,0.0
2022-10-03 15:30:00-04:00,22.850000381469727,22.850000381469727,22.829299926757812,22.829299926757812,193,0.0,0.0,0.0
2022-10-04 09:30:00-04:00,23.477800369262695,23.6200008392334,23.477800369262695,23.6200008392334,0,0.0,0.0,0.0
2022-10-04 10:30:00-04:00,23.59000015258789,23.709999084472656,23.59000015258789,23.709999084472656,2377,0.0,0.0,0.0
2022-10-04 11:30:00-04:00,23.709999084472656,23.71500015258789,23.700000762939453,23.709999084472656,3954,0.0,0.0,0.0
2022-10-04 12:30:00-04:00,23.739999771118164,23.739999771118164,23.55109977722168,23.600000381469727,2538,0.0,0.0,0.0
2022-10-04 13:30:00-04:00,23.639999389648438,23.670000076293945,23.639999389648438,23.65999984741211,3748,0.0,0.0,0.0
2022-10-04 14:30:00-04:00,23.655000686645508,23.729999542236328,23.655000686645508,23.670000076293945,4553,0.0,0.0,0.0
2022-10-04 15:30:00-04:00,23.709999084472656,23.75119972229004,23.690000534057617,23.75119972229004,756,0.0,0.0,0.0
2022-10-05 09:30:00-04:00,23.389999389648438,23.389999389648438,23.137500762939453,23.239999771118164,0,0.0,0.0,0.0
2022-10-05 10:30:00-04:00,23.229999542236328,23.290000915527344,23.190099716186523,23.290000915527344,3981,0.0,0.0,0.0
2022-10-05 11:30:00-04:00,23.299999237060547,23.420000076293945,23.299999237060547,23.38479995727539,8321,0.0,0.0,0.0
2022-10-05 12:30:00-04:00,23.395000457763672,23.520000457763672,23.389999389648438,23.520000457763672,3343,0.0,0.0,0.0
2022-10-05 13:30:00-04:00,23.438499450683594,23.479999542236328,23.43000030517578,23.479999542236328,5004,0.0,0.0,0.0
2022-10-05 14:30:00-04:00,23.479999542236328,23.579999923706055,23.479999542236328,23.56999969482422,3235,0.0,0.0,0.0
2022-10-05 15:30:00-04:00,23.534299850463867,23.534299850463867,23.465099334716797,23.465099334716797,1484,0.0,0.0,0.0
2022-10-06 09:30:00-04:00,23.25,23.25,23.1200008392334,23.149999618530273,0,0.0,0.0,0.0
2022-10-06 10:30:00-04:00,23.094999313354492,23.15999984741211,23.079999923706055,23.1299991607666,1782,0.0,0.0,0.0
2022-10-06 11:30:00-04:00,23.139999389648438,23.15999984741211,23.06999969482422,23.06999969482422,600,0.0,0.0,0.0
2022-10-06 12:30:00-04:00,23.09000015258789,23.182199478149414,23.09000015258789,23.15760040283203,6225,0.0,0.0,0.0
2022-10-06 13:30:00-04:00,23.1299991607666,23.1299991607666,23.100000381469727,23.110000610351562,1748,0.0,0.0,0.0
2022-10-06 14:30:00-04:00,23.110000610351562,23.12969970703125,23.024200439453125,23.059999465942383,5142,0.0,0.0,0.0
2022-10-06 15:30:00-04:00,23.049999237060547,23.079999923706055,23.0,23.0,7854,0.0,0.0,0.0
2022-10-07 09:30:00-04:00,22.979999542236328,22.979999542236328,22.81999969482422,22.875,0,0.0,0.0,0.0
2022-10-07 10:30:00-04:00,22.829999923706055,22.889999389648438,22.829999923706055,22.86549949645996,2884,0.0,0.0,0.0
2022-10-07 11:30:00-04:00,22.84000015258789,22.84000015258789,22.713199615478516,22.81999969482422,491,0.0,0.0,0.0
2022-10-07 12:30:00-04:00,22.770000457763672,22.780000686645508,22.75,22.780000686645508,744,0.0,0.0,0.0
2022-10-07 13:30:00-04:00,22.75,22.75,22.75,22.75,2118,0.0,0.0,0.0
2022-10-07 14:30:00-04:00,22.733299255371094,22.733299255371094,22.649999618530273,22.649999618530273,0,0.0,0.0,0.0
2022-10-07 15:30:00-04:00,22.648099899291992,22.70170021057129,22.648099899291992,22.70170021057129,9103,0.0,0.0,0.0
2022-10-10 09:30:00-04:00,22.6299991607666,22.6299991607666,22.570899963378906,22.579999923706055,0,0.0,0.0,0.0
2022-10-10 10:30:00-04:00,22.54010009765625,22.54010009765625,22.540000915527344,22.54010009765625,230,0.0,0.0,0.0
2022-10-10 11:30:00-04:00,22.5,22.565000534057617,22.490100860595703,22.54949951171875,4453,0.0,0.0,0.0
2022-10-10 12:30:00-04:00,22.54170036315918,22.549999237060547,22.520000457763672,22.549999237060547,1018,0.0,0.0,0.0
2022-10-10 13:30:00-04:00,22.600000381469727,22.675800323486328,22.357500076293945,22.58930015563965,8579,0.0,0.0,0.0
2022-10-10 14:30:00-04:00,22.6200008392334,22.649999618530273,22.59000015258789,22.610000610351562,974,0.0,0.0,0.0
2022-10-10 15:30:00-04:00,22.57309913635254,22.610000610351562,22.57309913635254,22.588300704956055,54754,0.0,0.0,0.0
2022-10-11 09:30:00-04:00,22.440000534057617,22.440000534057617,22.299999237060547,22.302200317382812,0,0.0,0.0,0.0
2022-10-11 10:30:00-04:00,22.375,22.375,22.375,22.375,2082,0.0,0.0,0.0
2022-10-11 11:30:00-04:00,22.459999084472656,22.568899154663086,22.45009994506836,22.568899154663086,3279,0.0,0.0,0.0
2022-10-11 13:30:00-04:00,22.530000686645508,22.575000762939453,22.510000228881836,22.510000228881836,1925,0.0,0.0,0.0
2022-10-11 14:30:00-04:00,22.449199676513672,22.449199676513672,22.280000686645508,22.280000686645508,1740,0.0,0.0,0.0
2022-10-11 15:30:00-04:00,22.299999237060547,22.3799991607666,22.299999237060547,22.350000381469727,2790,0.0,0.0,0.0
2022-10-12 09:30:00-04:00,22.149999618530273,22.149999618530273,22.149999618530273,22.149999618530273,0,0.0,0.0,0.0
2022-10-12 10:30:00-04:00,22.264999389648438,22.309999465942383,22.2549991607666,22.309999465942383,860,0.0,0.0,0.0
2022-10-12 11:30:00-04:00,22.280000686645508,22.319900512695312,22.260099411010742,22.270000457763672,1932,0.0,0.0,0.0
2022-10-12 12:30:00-04:00,22.229999542236328,22.25,22.229999542236328,22.25,205,0.0,0.0,0.0
2022-10-12 13:30:00-04:00,22.239999771118164,22.31999969482422,22.239999771118164,22.31999969482422,2179,0.0,0.0,0.0
2022-10-12 14:30:00-04:00,22.239999771118164,22.280000686645508,22.209999084472656,22.260000228881836,6999,0.0,0.0,0.0
2022-10-12 15:30:00-04:00,22.24799919128418,22.257999420166016,22.22760009765625,22.22760009765625,1200,0.0,0.0,0.0
2022-10-13 09:30:00-04:00,21.8799991607666,21.8799991607666,21.850000381469727,21.850000381469727,0,0.0,0.0,0.0
2022-10-13 10:30:00-04:00,22.139999389648438,22.3700008392334,22.1200008392334,22.3700008392334,5307,0.0,0.0,0.0
2022-10-13 11:30:00-04:00,22.61280059814453,22.6299991607666,22.610000610351562,22.6299991607666,8912,0.0,0.0,0.0
2022-10-13 13:30:00-04:00,22.71030044555664,22.7367000579834,22.59000015258789,22.59000015258789,21262,0.0,0.0,0.0
2022-10-13 14:30:00-04:00,22.61199951171875,22.68779945373535,22.61199951171875,22.68779945373535,1298,0.0,0.0,0.0
2022-10-14 09:30:00-04:00,22.559999465942383,22.559999465942383,22.5,22.5,0,0.0,0.0,0.0
2022-10-14 10:30:00-04:00,22.489999771118164,22.510000228881836,22.489999771118164,22.510000228881836,924,0.0,0.0,0.0
2022-10-14 11:30:00-04:00,22.5,22.5,22.450000762939453,22.450000762939453,8991,0.0,0.0,0.0
2022-10-14 12:30:00-04:00,22.405000686645508,22.405000686645508,22.405000686645508,22.405000686645508,291,0.0,0.0,0.0
2022-10-14 13:30:00-04:00,22.3700008392334,22.3700008392334,22.280000686645508,22.309999465942383,17691,0.0,0.0,0.0
2022-10-14 14:30:00-04:00,22.324100494384766,22.324100494384766,22.31999969482422,22.31999969482422,601,0.0,0.0,0.0
2022-10-14 15:30:00-04:00,22.3700008392334,22.3700008392334,22.306299209594727,22.306299209594727,733,0.0,0.0,0.0
2022-10-17 09:30:00-04:00,22.8799991607666,22.8799991607666,22.810100555419922,22.810100555419922,0,0.0,0.0,0.0
2022-10-17 10:30:00-04:00,22.920000076293945,22.920000076293945,22.920000076293945,22.920000076293945,473,0.0,0.0,0.0
2022-10-17 11:30:00-04:00,22.90999984741211,22.90999984741211,22.90999984741211,22.90999984741211,469,0.0,0.0,0.0
2022-10-17 12:30:00-04:00,22.899999618530273,22.899999618530273,22.875,22.875,440,0.0,0.0,0.0
2022-10-17 14:30:00-04:00,22.893999099731445,22.893999099731445,22.88279914855957,22.88279914855957,0,0.0,0.0,0.0
2022-10-18 09:30:00-04:00,23.260000228881836,23.260000228881836,23.06999969482422,23.06999969482422,2386,0.0,0.0,0.0
2022-10-18 10:30:00-04:00,23.06999969482422,23.06999969482422,23.06999969482422,23.06999969482422,219,0.0,0.0,0.0
2022-10-18 11:30:00-04:00,22.93000030517578,22.93000030517578,22.93000030517578,22.93000030517578,243,0.0,0.0,0.0
2022-10-18 12:30:00-04:00,22.959999084472656,22.959999084472656,22.950000762939453,22.950000762939453,2440,0.0,0.0,0.0
2022-10-18 13:30:00-04:00,23.040000915527344,23.040000915527344,22.969999313354492,22.985000610351562,2475,0.0,0.0,0.0
2022-10-18 14:30:00-04:00,22.937700271606445,22.940000534057617,22.8700008392334,22.940000534057617,5251,0.0,0.0,0.0
2022-10-18 15:30:00-04:00,23.010000228881836,23.010000228881836,22.99570083618164,22.99570083618164,587,0.0,0.0,0.0
2022-10-19 09:30:00-04:00,22.729999542236328,22.729999542236328,22.729999542236328,22.729999542236328,0,0.0,0.0,0.0
2022-10-19 10:30:00-04:00,22.860000610351562,22.860000610351562,22.850000381469727,22.850000381469727,379,0.0,0.0,0.0
2022-10-19 11:30:00-04:00,22.841999053955078,22.841999053955078,22.780000686645508,22.780000686645508,4127,0.0,0.0,0.0
2022-10-19 12:30:00-04:00,22.66309928894043,22.709999084472656,22.645000457763672,22.709999084472656,1434,0.0,0.0,0.0
2022-10-19 13:30:00-04:00,22.709999084472656,22.75,22.690000534057617,22.75,2988,0.0,0.0,0.0
2022-10-19 14:30:00-04:00,22.729999542236328,22.739999771118164,22.680599212646484,22.680599212646484,1395,0.0,0.0,0.0
2022-10-19 15:30:00-04:00,22.739999771118164,22.739999771118164,22.737199783325195,22.737199783325195,1821,0.0,0.0,0.0
2022-10-20 09:30:00-04:00,22.889999389648438,22.922700881958008,22.889999389648438,22.922700881958008,0,0.0,0.0,0.0
2022-10-20 10:30:00-04:00,22.987899780273438,22.996000289916992,22.94499969482422,22.956499099731445,8950,0.0,0.0,0.0
2022-10-20 11:30:00-04:00,22.954999923706055,22.954999923706055,22.86989974975586,22.86989974975586,341,0.0,0.0,0.0
2022-10-20 12:30:00-04:00,22.79050064086914,22.79050064086914,22.79050064086914,22.79050064086914,366,0.0,0.0,0.0
2022-10-20 13:30:00-04:00,22.775400161743164,22.799999237060547,22.6299991607666,22.6299991607666,7281,0.0,0.0,0.0
2022-10-20 15:30:00-04:00,22.66010093688965,22.73069953918457,22.66010093688965,22.73069953918457,627,0.0,0.0,0.0
2022-10-21 09:30:00-04:00,22.59000015258789,22.797000885009766,22.540000915527344,22.780000686645508,0,0.0,0.0,0.0
2022-10-21 10:30:00-04:00,22.6200008392334,22.6200008392334,22.6200008392334,22.6200008392334,241,0.0,0.0,0.0
2022-10-21 11:30:00-04:00,23.030000686645508,23.030000686645508,23.030000686645508,23.030000686645508,117,0.0,0.0,0.0
2022-10-21 12:30:00-04:00,22.981599807739258,23.040300369262695,22.981599807739258,23.010000228881836,977,0.0,0.0,0.0
2022-10-21 13:30:00-04:00,22.956199645996094,23.0,22.956199645996094,23.0,2122,0.0,0.0,0.0
2022-10-21 14:30:00-04:00,23.110000610351562,23.159000396728516,23.086599349975586,23.159000396728516,823,0.0,0.0,0.0
2022-10-21 15:30:00-04:00,23.17169952392578,23.176000595092773,23.098600387573242,23.176000595092773,4181,0.0,0.0,0.0
2022-10-24 09:30:00-04:00,23.149999618530273,23.170000076293945,23.0,23.0,0,0.0,0.0,0.0
2022-10-24 10:30:00-04:00,23.136899948120117,23.139999389648438,23.136899948120117,23.139999389648438,788,0.0,0.0,0.0
2022-10-24 12:30:00-04:00,23.190000534057617,23.190000534057617,23.190000534057617,23.190000534057617,136,0.0,0.0,0.0
2022-10-24 13:30:00-04:00,23.174999237060547,23.200000762939453,23.170000076293945,23.170000076293945,4072,0.0,0.0,0.0
2022-10-24 14:30:00-04:00,23.16010093688965,23.225000381469727,23.16010093688965,23.200000762939453,4201,0.0,0.0,0.0
2022-10-24 15:30:00-04:00,23.229999542236328,23.229999542236328,23.170000076293945,23.180999755859375,3080,0.0,0.0,0.0
2022-10-25 09:30:00-04:00,23.420000076293945,23.549999237060547,23.34000015258789,23.549999237060547,0,0.0,0.0,0.0
2022-10-25 10:30:00-04:00,23.559999465942383,23.68000030517578,23.559999465942383,23.68000030517578,3560,0.0,0.0,0.0
2022-10-25 11:30:00-04:00,23.68000030517578,23.68000030517578,23.635000228881836,23.649999618530273,951,0.0,0.0,0.0
2022-10-25 12:30:00-04:00,23.649999618530273,23.652999877929688,23.549999237060547,23.610000610351562,4201,0.0,0.0,0.0
2022-10-25 13:30:00-04:00,23.610000610351562,23.6200008392334,23.584999084472656,23.6200008392334,773,0.0,0.0,0.0
2022-10-25 14:30:00-04:00,23.6200008392334,23.690000534057617,23.610000610351562,23.690000534057617,2284,0.0,0.0,0.0
2022-10-25 15:30:00-04:00,23.65089988708496,23.72089958190918,23.65089988708496,23.68709945678711,2072,0.0,0.0,0.0
2022-10-26 09:30:00-04:00,23.78569984436035,23.8799991607666,23.78569984436035,23.8799991607666,0,0.0,0.0,0.0
2022-10-26 10:30:00-04:00,23.860000610351562,24.054500579833984,23.860000610351562,23.969999313354492,1435,0.0,0.0,0.0
2022-10-26 11:30:00-04:00,24.06450080871582,24.07360076904297,23.979999542236328,24.020000457763672,3569,0.0,0.0,0.0
2022-10-26 12:30:00-04:00,24.020000457763672,24.0403995513916,23.959999084472656,23.959999084472656,1390,0.0,0.0,0.0
2022-10-26 13:30:00-04:00,23.920000076293945,23.979999542236328,23.920000076293945,23.950000762939453,1227,0.0,0.0,0.0
2022-10-26 14:30:00-04:00,23.950000762939453,23.950000762939453,23.870100021362305,23.934999465942383,1231,0.0,0.0,0.0
2022-10-26 15:30:00-04:00,23.934999465942383,23.934999465942383,23.860000610351562,23.922199249267578,2658,0.0,0.0,0.0
2022-10-27 09:30:00-04:00,23.889999389648438,23.989999771118164,23.780099868774414,23.989999771118164,0,0.0,0.0,0.0
2022-10-27 10:30:00-04:00,23.989999771118164,24.020000457763672,23.90999984741211,23.920000076293945,2396,0.0,0.0,0.0
2022-10-27 11:30:00-04:00,23.90999984741211,23.90999984741211,23.829999923706055,23.829999923706055,2353,0.0,0.0,0.0
2022-10-27 12:30:00-04:00,23.81999969482422,23.8799991607666,23.809999465942383,23.8799991607666,0,0.0,0.0,0.0
2022-10-27 13:30:00-04:00,23.825899124145508,23.850000381469727,23.770099639892578,23.799999237060547,9290,0.0,0.0,0.0
2022-10-27 14:30:00-04:00,23.770000457763672,23.790000915527344,23.7549991607666,23.774999618530273,790,0.0,0.0,0.0
2022-10-27 15:30:00-04:00,23.739999771118164,23.760000228881836,23.707300186157227,23.707300186157227,12766,0.0,0.0,0.0
2022-10-28 09:30:00-04:00,23.649999618530273,23.75,23.649999618530273,23.709699630737305,0,0.0,0.0,0.0
2022-10-28 10:30:00-04:00,23.760000228881836,23.780000686645508,23.700000762939453,23.739999771118164,2638,0.0,0.0,0.0
2022-10-28 11:30:00-04:00,23.770000457763672,23.809999465942383,23.75,23.76580047607422,5069,0.0,0.0,0.0
2022-10-28 12:30:00-04:00,23.809999465942383,23.850000381469727,23.795000076293945,23.829999923706055,5530,0.0,0.0,0.0
2022-10-28 13:30:00-04:00,23.829999923706055,23.8799991607666,23.829999923706055,23.8799991607666,1360,0.0,0.0,0.0
2022-10-28 14:30:00-04:00,23.860000610351562,23.90999984741211,23.829999923706055,23.90999984741211,2334,0.0,0.0,0.0
2022-10-28 15:30:00-04:00,23.880399703979492,23.899999618530273,23.880399703979492,23.899999618530273,575,0.0,0.0,0.0
2022-10-31 09:30:00-04:00,23.729999542236328,23.729999542236328,23.670000076293945,23.719999313354492,0,0.0,0.0,0.0
2022-10-31 10:30:00-04:00,23.709699630737305,23.709699630737305,23.709699630737305,23.709699630737305,1051,0.0,0.0,0.0
2022-10-31 11:30:00-04:00,23.72410011291504,23.72410011291504,23.68000030517578,23.68000030517578,913,0.0,0.0,0.0
2022-10-31 12:30:00-04:00,23.6643009185791,23.709999084472656,23.6643009185791,23.709999084472656,10935,0.0,0.0,0.0
2022-10-31 13:30:00-04:00,23.74049949645996,23.74049949645996,23.74049949645996,23.74049949645996,250,0.0,0.0,0.0
2022-10-31 14:30:00-04:00,23.700000762939453,23.7450008392334,23.6200008392334,23.700000762939453,11201,0.0,0.0,0.0
2022-11-01 09:30:00-04:00,24.154300689697266,24.18000030517578,24.030000686645508,24.030000686645508,0,0.0,0.0,0.0
2022-11-01 10:30:00-04:00,24.030000686645508,24.030000686645508,23.8700008392334,23.90999984741211,3753,0.0,0.0,0.0
2022-11-01 11:30:00-04:00,23.940000534057617,24.030000686645508,23.860000610351562,23.920000076293945,5521,0.0,0.0,0.0
2022-11-01 12:30:00-04:00,23.90999984741211,23.97610092163086,23.889999389648438,23.959999084472656,4737,0.0,0.0,0.0
2022-11-01 13:30:00-04:00,23.959999084472656,24.010000228881836,23.91010093688965,23.969999313354492,9204,0.0,0.0,0.0
2022-11-01 14:30:00-04:00,23.950000762939453,24.0,23.938600540161133,23.989999771118164,8014,0.0,0.0,0.0
2022-11-01 15:30:00-04:00,23.969999313354492,23.989999771118164,23.925899505615234,23.969999313354492,5260,0.0,0.0,0.0
2022-11-02 09:30:00-04:00,24.030000686645508,24.030000686645508,23.900100708007812,23.900100708007812,0,0.0,0.0,0.0
2022-11-02 10:30:00-04:00,23.938400268554688,23.938400268554688,23.938400268554688,23.938400268554688,407,0.0,0.0,0.0
2022-11-02 11:30:00-04:00,23.940000534057617,23.940000534057617,23.829999923706055,23.84000015258789,1364,0.0,0.0,0.0
2022-11-02 12:30:00-04:00,23.829999923706055,23.865299224853516,23.809999465942383,23.81999969482422,2002,0.0,0.0,0.0
2022-11-02 13:30:00-04:00,23.850000381469727,24.151199340820312,23.799999237060547,24.020000457763672,15901,0.0,0.0,0.0
2022-11-02 14:30:00-04:00,23.959999084472656,23.969999313354492,23.579999923706055,23.579999923706055,2969,0.0,0.0,0.0
2022-11-02 15:30:00-04:00,23.479999542236328,23.530000686645508,23.479999542236328,23.5,2609,0.0,0.0,0.0
2022-11-03 09:30:00-04:00,23.31999969482422,23.31999969482422,23.104999542236328,23.19499969482422,0,0.0,0.0,0.0
2022-11-03 10:30:00-04:00,23.440000534057617,23.440000534057617,23.399999618530273,23.399999618530273,926,0.0,0.0,0.0
2022-11-03 11:30:00-04:00,23.360000610351562,23.360000610351562,23.360000610351562,23.360000610351562,195,0.0,0.0,0.0
2022-11-03 13:30:00-04:00,23.43000030517578,23.440000534057617,23.43000030517578,23.440000534057617,1496,0.0,0.0,0.0
2022-11-03 14:30:00-04:00,23.405000686645508,23.405000686645508,23.405000686645508,23.405000686645508,425,0.0,0.0,0.0
2022-11-03 15:30:00-04:00,23.450000762939453,23.450000762939453,23.3435001373291,23.3435001373291,725,0.0,0.0,0.0
2022-11-04 09:30:00-04:00,23.350000381469727,23.8799991607666,23.350000381469727,23.8799991607666,6250,0.0,0.0,0.0
2022-11-04 10:30:00-04:00,24.280000686645508,24.280000686645508,24.280000686645508,24.280000686645508,200,0.0,0.0,0.0
2022-11-04 11:30:00-04:00,24.09000015258789,24.170000076293945,24.09000015258789,24.170000076293945,352,0.0,0.0,0.0
2022-11-04 12:30:00-04:00,24.139999389648438,24.139999389648438,24.06999969482422,24.06999969482422,900,0.0,0.0,0.0
2022-11-04 13:30:00-04:00,24.11009979248047,24.11009979248047,23.7367000579834,24.049999237060547,2603,0.0,0.0,0.0
2022-11-04 14:30:00-04:00,24.204999923706055,24.2450008392334,24.1875,24.200000762939453,2273,0.0,0.0,0.0
2022-11-04 15:30:00-04:00,24.322500228881836,24.335100173950195,24.299999237060547,24.335100173950195,1943,0.0,0.0,0.0
2022-11-07 09:30:00-05:00,24.510000228881836,24.510000228881836,24.310100555419922,24.344999313354492,0,0.0,0.0,0.0
2022-11-07 10:30:00-05:00,24.377099990844727,24.407699584960938,24.377099990844727,24.407699584960938,3434,0.0,0.0,0.0
2022-11-07 11:30:00-05:00,24.387300491333008,24.387300491333008,24.328100204467773,24.328100204467773,1045,0.0,0.0,0.0
2022-11-07 13:30:00-05:00,24.43000030517578,24.5,24.43000030517578,24.5,2971,0.0,0.0,0.0
2022-11-07 14:30:00-05:00,24.47010040283203,24.47010040283203,24.47010040283203,24.47010040283203,944,0.0,0.0,0.0
2022-11-07 15:30:00-05:00,24.489999771118164,24.5,24.459999084472656,24.462900161743164,1332,0.0,0.0,0.0
2022-11-08 09:30:00-05:00,24.649999618530273,24.730100631713867,24.570100784301758,24.730100631713867,0,0.0,0.0,0.0
2022-11-08 10:30:00-05:00,24.800100326538086,24.897499084472656,24.799999237060547,24.842899322509766,4132,0.0,0.0,0.0
2022-11-08 11:30:00-05:00,24.850000381469727,24.940099716186523,24.850000381469727,24.899999618530273,3036,0.0,0.0,0.0
2022-11-08 12:30:00-05:00,24.829700469970703,24.899900436401367,24.829700469970703,24.860000610351562,3894,0.0,0.0,0.0
2022-11-08 13:30:00-05:00,24.780000686645508,24.780000686645508,24.670000076293945,24.670000076293945,12590,0.0,0.0,0.0
2022-11-08 14:30:00-05:00,24.778200149536133,24.778200149536133,24.739999771118164,24.740100860595703,5317,0.0,0.0,0.0
2022-11-08 15:30:00-05:00,24.850000381469727,24.850000381469727,24.719999313354492,24.829999923706055,8073,0.0,0.0,0.0
2022-11-09 09:30:00-05:00,24.59000015258789,24.690000534057617,24.559999465942383,24.610000610351562,0,0.0,0.0,0.0
2022-11-09 10:30:00-05:00,24.559999465942383,24.559999465942383,24.540000915527344,24.540000915527344,739,0.0,0.0,0.0
2022-11-09 11:30:00-05:00,24.6200008392334,24.659900665283203,24.6200008392334,24.659900665283203,845,0.0,0.0,0.0
2022-11-09 12:30:00-05:00,24.61989974975586,24.61989974975586,24.59000015258789,24.59000015258789,1543,0.0,0.0,0.0
2022-11-09 13:30:00-05:00,24.5049991607666,24.53499984741211,24.5,24.510000228881836,7911,0.0,0.0,0.0
2022-11-09 14:30:00-05:00,24.5,24.5,24.3799991607666,24.434999465942383,3264,0.0,0.0,0.0
2022-11-09 15:30:00-05:00,24.447399139404297,24.450000762939453,24.447399139404297,24.450000762939453,2851,0.0,0.0,0.0
2022-11-10 09:30:00-05:00,25.239999771118164,25.670000076293945,25.239999771118164,25.670000076293945,1782,0.0,0.0,0.0
2022-11-10 10:30:00-05:00,25.559999465942383,25.590700149536133,25.451000213623047,25.5,2251,0.0,0.0,0.0
2022-11-10 11:30:00-05:00,25.5,25.591999053955078,25.5,25.5,1865,0.0,0.0,0.0
2022-11-10 12:30:00-05:00,25.489999771118164,25.510000228881836,25.450000762939453,25.5,2249,0.0,0.0,0.0
2022-11-10 13:30:00-05:00,25.510000228881836,25.510000228881836,25.510000228881836,25.510000228881836,865,0.0,0.0,0.0
2022-11-10 14:30:00-05:00,25.5,25.68000030517578,25.469999313354492,25.6299991607666,3070,0.0,0.0,0.0
2022-11-10 15:30:00-05:00,25.665000915527344,25.743999481201172,25.658199310302734,25.743999481201172,1715,0.0,0.0,0.0
2022-11-11 09:30:00-05:00,26.1299991607666,26.15999984741211,26.128000259399414,26.15999984741211,0,0.0,0.0,0.0
2022-11-11 10:30:00-05:00,26.0851993560791,26.165199279785156,26.002099990844727,26.110000610351562,3268,0.0,0.0,0.0
2022-11-11 11:30:00-05:00,26.14259910583496,26.14259910583496,26.14259910583496,26.14259910583496,955,0.0,0.0,0.0
2022-11-11 12:30:00-05:00,26.157499313354492,26.200300216674805,26.149999618530273,26.200300216674805,1725,0.0,0.0,0.0
2022-11-11 13:30:00-05:00,26.21500015258789,26.21500015258789,26.21500015258789,26.21500015258789,302,0.0,0.0,0.0
2022-11-11 14:30:00-05:00,26.209999084472656,26.31999969482422,26.200000762939453,26.200000762939453,2734,0.0,0.0,0.0
2022-11-11 15:30:00-05:00,26.24020004272461,26.255699157714844,26.24020004272461,26.255699157714844,380,0.0,0.0,0.0
2022-11-14 09:30:00-05:00,26.030000686645508,26.030000686645508,26.030000686645508,26.030000686645508,0,0.0,0.0,0.0
2022-11-14 10:30:00-05:00,26.219999313354492,26.239999771118164,26.099899291992188,26.16469955444336,12800,0.0,0.0,0.0
2022-11-14 11:30:00-05:00,26.209999084472656,26.209999084472656,26.209999084472656,26.209999084472656,100,0.0,0.0,0.0
2022-11-14 12:30:00-05:00,26.229999542236328,26.270000457763672,26.219999313354492,26.270000457763672,605,0.0,0.0,0.0
2022-11-14 13:30:00-05:00,26.290000915527344,26.299999237060547,26.149999618530273,26.204999923706055,14425,0.0,0.0,0.0
2022-11-14 14:30:00-05:00,26.19499969482422,26.3799991607666,26.19499969482422,26.209999084472656,9889,0.0,0.0,0.0
2022-11-14 15:30:00-05:00,26.189899444580078,26.190000534057617,26.079999923706055,26.079999923706055,1483,0.0,0.0,0.0
2022-11-15 09:30:00-05:00,26.520000457763672,26.520000457763672,26.350000381469727,26.350000381469727,0,0.0,0.0,0.0
2022-11-15 10:30:00-05:00,26.350000381469727,26.377099990844727,26.22260093688965,26.377099990844727,11199,0.0,0.0,0.0
2022-11-15 11:30:00-05:00,26.3700008392334,26.3700008392334,26.3700008392334,26.3700008392334,202,0.0,0.0,0.0
2022-11-15 12:30:00-05:00,26.299999237060547,26.3799991607666,26.290000915527344,26.290000915527344,855,0.0,0.0,0.0
2022-11-15 13:30:00-05:00,26.030000686645508,26.1200008392334,24.286399841308594,24.286399841308594,64094,0.0,0.0,0.0
2022-11-15 14:30:00-05:00,26.149999618530273,26.290000915527344,26.149999618530273,26.274999618530273,11393,0.0,0.0,0.0
2022-11-15 15:30:00-05:00,26.229999542236328,26.229999542236328,26.15959930419922,26.15959930419922,414,0.0,0.0,0.0
2022-11-16 09:30:00-05:00,26.290000915527344,26.290000915527344,26.147899627685547,26.147899627685547,0,0.0,0.0,0.0
2022-11-16 10:30:00-05:00,26.1299991607666,26.18000030517578,26.1299991607666,26.18000030517578,587,0.0,0.0,0.0
2022-11-16 11:30:00-05:00,26.139999389648438,26.15999984741211,26.079999923706055,26.079999923706055,1701,0.0,0.0,0.0
2022-11-16 12:30:00-05:00,26.1200008392334,26.15999984741211,26.1200008392334,26.15999984741211,539,0.0,0.0,0.0
2022-11-16 13:30:00-05:00,26.079999923706055,26.079999923706055,26.014999389648438,26.014999389648438,910,0.0,0.0,0.0
2022-11-16 14:30:00-05:00,26.135000228881836,26.139999389648438,26.079999923706055,26.09000015258789,16376,0.0,0.0,0.0
2022-11-16 15:30:00-05:00,26.139999389648438,26.139999389648438,26.1200008392334,26.125900268554688,271,0.0,0.0,0.0
2022-11-17 09:30:00-05:00,25.889999389648438,25.940000534057617,25.829999923706055,25.920000076293945,0,0.0,0.0,0.0
2022-11-17 10:30:00-05:00,25.93000030517578,25.93000030517578,25.8700008392334,25.882099151611328,1464,0.0,0.0,0.0
2022-11-17 11:30:00-05:00,25.899999618530273,25.899999618530273,25.899999618530273,25.899999618530273,475,0.0,0.0,0.0
2022-11-17 13:30:00-05:00,26.110000610351562,26.110000610351562,26.06999969482422,26.09000015258789,1978,0.0,0.0,0.0
2022-11-17 14:30:00-05:00,26.079999923706055,26.079999923706055,25.989999771118164,25.989999771118164,1455,0.0,0.0,0.0
2022-11-17 15:30:00-05:00,26.06999969482422,26.100000381469727,26.06999969482422,26.089599609375,727,0.0,0.0,0.0
2022-11-18 09:30:00-05:00,26.144399642944336,26.219999313354492,26.144399642944336,26.209999084472656,0,0.0,0.0,0.0
2022-11-18 10:30:00-05:00,26.204999923706055,26.239999771118164,26.204999923706055,26.239999771118164,593,0.0,0.0,0.0
2022-11-18 11:30:00-05:00,26.193099975585938,26.229999542236328,26.193099975585938,26.229999542236328,1398,0.0,0.0,0.0
2022-11-18 12:30:00-05:00,26.139999389648438,26.173999786376953,26.117900848388672,26.145000457763672,2841,0.0,0.0,0.0
2022-11-18 13:30:00-05:00,26.09000015258789,26.09000015258789,26.09000015258789,26.09000015258789,397,0.0,0.0,0.0
2022-11-18 14:30:00-05:00,26.15999984741211,26.223499298095703,26.15999984741211,26.223499298095703,2017,0.0,0.0,0.0
2022-11-18 15:30:00-05:00,26.232200622558594,26.239999771118164,26.170000076293945,26.170000076293945,2804,0.0,0.0,0.0
2022-11-21 09:30:00-05:00,26.049999237060547,26.049999237060547,25.969999313354492,25.989999771118164,0,0.0,0.0,0.0
2022-11-21 10:30:00-05:00,26.020599365234375,26.020599365234375,25.920000076293945,25.969999313354492,3880,0.0,0.0,0.0
2022-11-21 11:30:00-05:00,25.96500015258789,25.96500015258789,25.90999984741211,25.930700302124023,1854,0.0,0.0,0.0
2022-11-21 12:30:00-05:00,25.99880027770996,26.060800552368164,25.99880027770996,26.060800552368164,480,0.0,0.0,0.0
2022-11-21 14:30:00-05:00,26.079999923706055,26.09000015258789,25.979999542236328,25.979999542236328,1690,0.0,0.0,0.0
2022-11-21 15:30:00-05:00,25.959999084472656,26.06439971923828,25.959999084472656,26.037399291992188,686,0.0,0.0,0.0
2022-11-22 09:30:00-05:00,26.239999771118164,26.31999969482422,26.239999771118164,26.31999969482422,0,0.0,0.0,0.0
2022-11-22 10:30:00-05:00,26.290000915527344,26.31999969482422,26.250099182128906,26.31999969482422,5018,0.0,0.0,0.0
2022-11-22 11:30:00-05:00,26.32990074157715,26.32990074157715,26.260000228881836,26.297000885009766,5675,0.0,0.0,0.0
2022-11-22 12:30:00-05:00,26.290000915527344,26.32990074157715,26.252099990844727,26.290000915527344,3963,0.0,0.0,0.0
2022-11-22 13:30:00-05:00,26.313400268554688,26.399999618530273,26.300100326538086,26.31909942626953,1721,0.0,0.0,0.0
2022-11-22 14:30:00-05:00,26.34749984741211,26.34749984741211,26.34749984741211,26.34749984741211,332,0.0,0.0,0.0
2022-11-22 15:30:00-05:00,26.39459991455078,26.39780044555664,26.39459991455078,26.39780044555664,418,0.0,0.0,0.0
2022-11-23 09:30:00-05:00,26.5,26.5,26.459999084472656,26.459999084472656,0,0.0,0.0,0.0
2022-11-23 10:30:00-05:00,26.6200008392334,26.6200008392334,26.549699783325195,26.552099227905273,651,0.0,0.0,0.0
2022-11-23 11:30:00-05:00,26.62849998474121,26.62849998474121,26.540000915527344,26.540000915527344,676,0.0,0.0,0.0
2022-11-23 12:30:00-05:00,26.530000686645508,26.530000686645508,26.485000610351562,26.485000610351562,919,0.0,0.0,0.0
2022-11-23 13:30:00-05:00,26.559999465942383,26.668399810791016,26.533199310302734,26.578899383544922,2819,0.0,0.0,0.0
2022-11-23 14:30:00-05:00,26.610000610351562,26.610000610351562,26.570100784301758,26.570100784301758,293,0.0,0.0,0.0
2022-11-23 15:30:00-05:00,26.590099334716797,26.608299255371094,26.590099334716797,26.608299255371094,180,0.0,0.0,0.0
2022-11-25 10:30:00-05:00,26.739999771118164,26.809999465942383,26.739900588989258,26.780000686645508,280,0.0,0.0,0.0
2022-11-25 11:30:00-05:00,26.81999969482422,26.81999969482422,26.81999969482422,26.81999969482422,300,0.0,0.0,0.0
2022-11-28 09:30:00-05:00,26.677000045776367,26.735000610351562,26.66010093688965,26.735000610351562,710,0.0,0.0,0.0
2022-11-28 10:30:00-05:00,26.69499969482422,26.69499969482422,26.67009925842285,26.68000030517578,432,0.0,0.0,0.0
2022-11-28 11:30:00-05:00,26.690000534057617,26.725000381469727,26.58930015563965,26.7091007232666,5461,0.0,0.0,0.0
2022-11-28 12:30:00-05:00,26.65999984741211,26.700000762939453,26.6200008392334,26.6200008392334,1913,0.0,0.0,0.0
2022-11-28 13:30:00-05:00,26.59000015258789,26.59000015258789,26.540000915527344,26.540000915527344,1261,0.0,0.0,0.0
2022-11-28 14:30:00-05:00,26.479999542236328,26.479999542236328,26.440000534057617,26.440000534057617,2484,0.0,0.0,0.0
2022-11-28 15:30:00-05:00,26.513700485229492,26.549999237060547,26.440000534057617,26.530799865722656,1930,0.0,0.0,0.0
2022-11-29 09:30:00-05:00,26.614099502563477,26.638500213623047,26.610000610351562,26.610000610351562,0,0.0,0.0,0.0
2022-11-29 10:30:00-05:00,26.65999984741211,26.72249984741211,26.549999237060547,26.549999237060547,2975,0.0,0.0,0.0
2022-11-29 11:30:00-05:00,26.575000762939453,26.6200008392334,26.5,26.5,5529,0.0,0.0,0.0
2022-11-29 12:30:00-05:00,26.549999237060547,26.597000122070312,26.530000686645508,26.579999923706055,1632,0.0,0.0,0.0
2022-11-29 13:30:00-05:00,26.55500030517578,26.610000610351562,26.549999237060547,26.549999237060547,1960,0.0,0.0,0.0
2022-11-29 14:30:00-05:00,26.530000686645508,26.56999969482422,26.530000686645508,26.56999969482422,2347,0.0,0.0,0.0
2022-11-29 15:30:00-05:00,26.598100662231445,26.598100662231445,26.510000228881836,26.5585994720459,1317,0.0,0.0,0.0
2022-11-30 09:30:00-05:00,26.6200008392334,26.719900131225586,26.6200008392334,26.639999389648438,0,0.0,0.0,0.0
2022-11-30 10:30:00-05:00,26.539600372314453,26.549999237060547,26.539600372314453,26.549999237060547,629,0.0,0.0,0.0
2022-11-30 11:30:00-05:00,26.643999099731445,26.643999099731445,26.540000915527344,26.540000915527344,2438,0.0,0.0,0.0
2022-11-30 12:30:00-05:00,26.53070068359375,26.577999114990234,26.53070068359375,26.549999237060547,2104,0.0,0.0,0.0
2022-11-30 13:30:00-05:00,26.479999542236328,26.950000762939453,26.479999542236328,26.950000762939453,2026,0.0,0.0,0.0
2022-11-30 14:30:00-05:00,26.979999542236328,27.049999237060547,26.90999984741211,27.049999237060547,566233,0.0,0.0,0.0
2022-12-01 09:30:00-05:00,27.309999465942383,27.309999465942383,27.200000762939453,27.200000762939453,0,0.0,0.0,0.0
2022-12-01 10:30:00-05:00,27.170000076293945,27.278200149536133,27.170000076293945,27.219999313354492,14953,0.0,0.0,0.0
2022-12-01 11:30:00-05:00,27.23150062561035,27.260000228881836,27.18000030517578,27.260000228881836,3149,0.0,0.0,0.0
2022-12-01 12:30:00-05:00,27.270000457763672,27.294099807739258,27.270000457763672,27.280000686645508,2589,0.0,0.0,0.0
2022-12-01 13:30:00-05:00,27.240100860595703,27.309499740600586,27.240100860595703,27.290000915527344,11442,0.0,0.0,0.0
2022-12-01 14:30:00-05:00,27.280000686645508,27.338899612426758,27.25,27.25,9775,0.0,0.0,0.0
2022-12-01 15:30:00-05:00,27.290000915527344,27.309999465942383,27.290000915527344,27.29949951171875,2159,0.0,0.0,0.0
2022-12-02 09:30:00-05:00,27.040000915527344,27.059999465942383,27.030000686645508,27.030000686645508,0,0.0,0.0,0.0
2022-12-02 10:30:00-05:00,27.06999969482422,27.06999969482422,27.06999969482422,27.06999969482422,516,0.0,0.0,0.0
2022-12-02 11:30:00-05:00,27.190000534057617,27.25,27.190000534057617,27.229999542236328,5227,0.0,0.0,0.0
2022-12-02 12:30:00-05:00,27.219999313354492,27.219999313354492,27.139999389648438,27.140100479125977,3712,0.0,0.0,0.0
2022-12-02 13:30:00-05:00,27.170000076293945,27.17009925842285,27.170000076293945,27.17009925842285,422,0.0,0.0,0.0
2022-12-02 14:30:00-05:00,27.213899612426758,27.3125,27.213899612426758,27.260000228881836,14587,0.0,0.0,0.0
2022-12-02 15:30:00-05:00,27.270000457763672,27.270000457763672,27.2278995513916,27.23579978942871,1678,0.0,0.0,0.0
2022-12-05 09:30:00-05:00,27.209999084472656,27.209999084472656,27.050100326538086,27.059999465942383,0,0.0,0.0,0.0
2022-12-05 10:30:00-05:00,27.06999969482422,27.101299285888672,27.040000915527344,27.101299285888672,3013,0.0,0.0,0.0
2022-12-05 11:30:00-05:00,27.010000228881836,27.010000228881836,26.950000762939453,27.0,6953,0.0,0.0,0.0
2022-12-05 12:30:00-05:00,26.979999542236328,26.979999542236328,26.933000564575195,26.933000564575195,1338,0.0,0.0,0.0
2022-12-05 13:30:00-05:00,26.959999084472656,26.959999084472656,26.875499725341797,26.875499725341797,1832,0.0,0.0,0.0
2022-12-05 14:30:00-05:00,26.8799991607666,26.8799991607666,26.8700008392334,26.8799991607666,1465,0.0,0.0,0.0
2022-12-05 15:30:00-05:00,26.850000381469727,26.920000076293945,26.850000381469727,26.900299072265625,0,0.0,0.0,0.0
2022-12-06 09:30:00-05:00,26.899999618530273,26.899999618530273,26.820899963378906,26.820899963378906,289,0.0,0.0,0.0
2022-12-06 10:30:00-05:00,26.81999969482422,26.81999969482422,26.81999969482422,26.81999969482422,310,0.0,0.0,0.0
2022-12-06 11:30:00-05:00,26.860000610351562,26.860000610351562,26.809999465942383,26.809999465942383,7210,0.0,0.0,0.0
2022-12-06 12:30:00-05:00,26.780000686645508,26.780000686645508,26.75,26.75,5238,0.0,0.0,0.0
2022-12-06 13:30:00-05:00,26.709999084472656,26.760000228881836,26.709999084472656,26.760000228881836,1624,0.0,0.0,0.0
2022-12-06 14:30:00-05:00,26.719999313354492,26.780000686645508,26.719999313354492,26.756200790405273,5782,0.0,0.0,0.0
2022-12-06 15:30:00-05:00,26.790000915527344,26.809999465942383,26.790000915527344,26.809900283813477,0,0.0,0.0,0.0
2022-12-07 09:30:00-05:00,26.8700008392334,26.899999618530273,26.799999237060547,26.885499954223633,1834,0.0,0.0,0.0
2022-12-07 10:30:00-05:00,26.860000610351562,26.860000610351562,26.802000045776367,26.802000045776367,899,0.0,0.0,0.0
2022-12-07 11:30:00-05:00,26.80820083618164,26.839399337768555,26.80820083618164,26.839399337768555,4681,0.0,0.0,0.0
2022-12-07 13:30:00-05:00,26.850000381469727,26.850000381469727,26.790000915527344,26.809999465942383,5745,0.0,0.0,0.0
2022-12-07 14:30:00-05:00,26.81999969482422,26.850000381469727,26.799999237060547,26.809999465942383,6352,0.0,0.0,0.0
2022-12-07 15:30:00-05:00,26.81999969482422,26.850000381469727,26.809999465942383,26.809999465942383,0,0.0,0.0,0.0
2022-12-08 09:30:00-05:00,26.75,26.889999389648438,26.75,26.889999389648438,1547,0.0,0.0,0.0
2022-12-08 10:30:00-05:00,26.8799991607666,26.8799991607666,26.850000381469727,26.850000381469727,685,0.0,0.0,0.0
2022-12-08 11:30:00-05:00,26.8700008392334,26.8700008392334,26.829999923706055,26.829999923706055,600,0.0,0.0,0.0
2022-12-08 12:30:00-05:00,26.850000381469727,26.899999618530273,26.829999923706055,26.899999618530273,2595,0.0,0.0,0.0
2022-12-08 13:30:00-05:00,26.860000610351562,26.940000534057617,26.860000610351562,26.874099731445312,2946,0.0,0.0,0.0
2022-12-08 14:30:00-05:00,26.875,26.899999618530273,26.8700008392334,26.870100021362305,13166,0.0,0.0,0.0
2022-12-08 15:30:00-05:00,26.93000030517578,26.950000762939453,26.909500122070312,26.909500122070312,5867,0.0,0.0,0.0
2022-12-09 09:30:00-05:00,27.059999465942383,27.059999465942383,27.059999465942383,27.059999465942383,0,0.0,0.0,0.0
2022-12-09 10:30:00-05:00,27.03499984741211,27.03499984741211,26.990100860595703,27.00629997253418,892,0.0,0.0,0.0
2022-12-09 11:30:00-05:00,27.100000381469727,27.100000381469727,27.100000381469727,27.100000381469727,171,0.0,0.0,0.0
2022-12-09 12:30:00-05:00,27.079999923706055,27.119600296020508,27.06999969482422,27.06999969482422,14831,0.0,0.0,0.0
2022-12-09 13:30:00-05:00,27.101999282836914,27.10740089416504,27.020000457763672,27.020000457763672,1876,0.0,0.0,0.0
2022-12-09 14:30:00-05:00,27.059999465942383,27.098499298095703,27.059999465942383,27.098499298095703,1674,0.0,0.0,0.0
2022-12-09 15:30:00-05:00,27.055599212646484,27.06999969482422,26.936599731445312,26.936599731445312,3025,0.0,0.0,0.0
2022-12-12 09:30:00-05:00,26.959999084472656,26.959999084472656,26.915000915527344,26.924999237060547,0,0.0,0.0,0.0
2022-12-12 10:30:00-05:00,26.915000915527344,26.920000076293945,26.84000015258789,26.84000015258789,3131,0.0,0.0,0.0
2022-12-12 11:30:00-05:00,26.92329978942871,26.92329978942871,26.875,26.875,1075,0.0,0.0,0.0
2022-12-12 12:30:00-05:00,26.820100784301758,26.820100784301758,26.820100784301758,26.820100784301758,156,0.0,0.0,0.0
2022-12-12 13:30:00-05:00,26.854999542236328,26.865800857543945,26.854999542236328,26.865800857543945,1184,0.0,0.0,0.0
2022-12-12 14:30:00-05:00,26.864999771118164,26.864999771118164,26.862499237060547,26.862499237060547,2335,0.0,0.0,0.0
2022-12-12 15:30:00-05:00,26.940000534057617,26.970199584960938,26.940000534057617,26.970199584960938,417,0.0,0.0,0.0
2022-12-13 09:30:00-05:00,27.639999389648438,27.722200393676758,27.56999969482422,27.56999969482422,0,0.0,0.0,0.0
2022-12-13 10:30:00-05:00,27.485000610351562,27.485000610351562,27.479999542236328,27.485000610351562,1748,0.0,0.0,0.0
2022-12-13 11:30:00-05:00,27.5,27.559099197387695,27.3700008392334,27.3700008392334,3277,0.0,0.0,0.0
2022-12-13 12:30:00-05:00,27.34000015258789,27.349899291992188,27.270000457763672,27.28420066833496,2130,0.0,0.0,0.0
2022-12-13 13:30:00-05:00,27.354999542236328,27.354999542236328,27.31049919128418,27.31049919128418,364,0.0,0.0,0.0
2022-12-13 14:30:00-05:00,27.321399688720703,27.365999221801758,27.31999969482422,27.31999969482422,1553,0.0,0.0,0.0
2022-12-13 15:30:00-05:00,27.396400451660156,27.420000076293945,27.377899169921875,27.377899169921875,62296,0.0,0.0,0.0
2022-12-14 09:30:00-05:00,27.489999771118164,27.489999771118164,27.34000015258789,27.3799991607666,0,0.0,0.0,0.0
2022-12-14 10:30:00-05:00,27.440000534057617,27.459999084472656,27.420000076293945,27.459999084472656,3078,0.0,0.0,0.0
2022-12-14 11:30:00-05:00,27.477800369262695,27.517900466918945,27.457399368286133,27.457399368286133,1934,0.0,0.0,0.0
2022-12-14 12:30:00-05:00,27.451400756835938,27.530000686645508,27.45009994506836,27.459999084472656,3417,0.0,0.0,0.0
2022-12-14 13:30:00-05:00,27.469999313354492,27.485000610351562,27.200000762939453,27.308000564575195,9914,0.0,0.0,0.0
2022-12-14 14:30:00-05:00,27.140100479125977,27.489999771118164,27.139999389648438,27.489999771118164,2690,0.0,0.0,0.0
2022-12-14 15:30:00-05:00,27.295000076293945,27.38960075378418,27.290000915527344,27.383899688720703,36391,0.0,0.0,0.0
2022-12-15 09:30:00-05:00,27.030000686645508,27.030000686645508,26.75,26.760000228881836,0,0.0,0.0,0.0
2022-12-15 10:30:00-05:00,26.75,26.858999252319336,26.75,26.75,10613,0.0,0.0,0.0
2022-12-15 11:30:00-05:00,26.699899673461914,26.699899673461914,26.649999618530273,26.649999618530273,4595,0.0,0.0,0.0
2022-12-15 12:30:00-05:00,26.709999084472656,26.709999084472656,26.520000457763672,26.56999969482422,19216,0.0,0.0,0.0
2022-12-15 13:30:00-05:00,26.5674991607666,26.68000030517578,26.549999237060547,26.610300064086914,59736,0.0,0.0,0.0
2022-12-15 14:30:00-05:00,26.59000015258789,26.69499969482422,26.59000015258789,26.69499969482422,4325,0.0,0.0,0.0
2022-12-15 15:30:00-05:00,26.65999984741211,26.65999984741211,26.6200008392334,26.651599884033203,50504,0.0,0.0,0.0
2022-12-16 09:30:00-05:00,26.34000015258789,26.565000534057617,26.34000015258789,26.469999313354492,0,0.0,0.0,0.0
2022-12-16 11:30:00-05:00,26.4424991607666,26.44499969482422,26.35540008544922,26.388099670410156,2395,0.0,0.0,0.0
2022-12-16 12:30:00-05:00,26.40999984741211,26.40999984741211,26.367399215698242,26.367399215698242,319,0.0,0.0,0.0
2022-12-16 13:30:00-05:00,26.434099197387695,26.489999771118164,26.41010093688965,26.44499969482422,7322,0.0,0.0,0.0
2022-12-16 14:30:00-05:00,26.420000076293945,26.48699951171875,26.38089942932129,26.48699951171875,6969,0.0,0.0,0.0
2022-12-16 15:30:00-05:00,26.489999771118164,26.549999237060547,26.469999313354492,26.540000915527344,203442,0.0,0.0,0.0
2022-12-19 09:30:00-05:00,26.709999084472656,26.709999084472656,26.549999237060547,26.62980079650879,0,0.0,0.0,0.0
2022-12-19 10:30:00-05:00,26.59000015258789,26.59000015258789,26.469999313354492,26.520000457763672,2770,0.0,0.0,0.0
2022-12-19 11:30:00-05:00,26.514999389648438,26.569000244140625,26.489999771118164,26.489999771118164,688,0.0,0.0,0.0
2022-12-19 12:30:00-05:00,26.490100860595703,26.559900283813477,26.489999771118164,26.520000457763672,8254,0.0,0.0,0.0
2022-12-19 13:30:00-05:00,26.49250030517578,26.516599655151367,26.390100479125977,26.399999618530273,10345,0.0,0.0,0.0
2022-12-19 14:30:00-05:00,26.429100036621094,26.429100036621094,26.429100036621094,26.429100036621094,537,0.0,0.0,0.0
2022-12-19 15:30:00-05:00,26.40250015258789,26.459699630737305,26.389999389648438,26.420000076293945,113871,0.0,0.0,0.0
2022-12-20 09:30:00-05:00,26.479999542236328,26.63010025024414,26.469999313354492,26.63010025024414,0,0.0,0.0,0.0
2022-12-20 10:30:00-05:00,26.649999618530273,26.649999618530273,26.530000686645508,26.549999237060547,3526,0.0,0.0,0.0
2022-12-20 11:30:00-05:00,26.549999237060547,26.657400131225586,26.489999771118164,26.59000015258789,4397,0.0,0.0,0.0
2022-12-20 12:30:00-05:00,26.549999237060547,26.56999969482422,26.546499252319336,26.565000534057617,1110,0.0,0.0,0.0
2022-12-20 13:30:00-05:00,26.575000762939453,26.649900436401367,26.549999237060547,26.549999237060547,30918,0.0,0.0,0.0
2022-12-20 14:30:00-05:00,26.549999237060547,26.629199981689453,26.520000457763672,26.520000457763672,5563,0.0,0.0,0.0
2022-12-20 15:30:00-05:00,26.629899978637695,26.64859962463379,26.530000686645508,26.530000686645508,7421,0.0,0.0,0.0
2022-12-21 09:30:00-05:00,26.725000381469727,26.781999588012695,26.7106990814209,26.781999588012695,46771,0.0,0.0,0.0
2022-12-21 10:30:00-05:00,26.827899932861328,26.844999313354492,26.821399688720703,26.821399688720703,1082,0.0,0.0,0.0
2022-12-21 11:30:00-05:00,26.81209945678711,26.81209945678711,26.729999542236328,26.729999542236328,2411,0.0,0.0,0.0
2022-12-21 13:30:00-05:00,26.774900436401367,26.8700008392334,26.774900436401367,26.8700008392334,945,0.0,0.0,0.0
2022-12-21 14:30:00-05:00,26.799999237060547,26.799999237060547,26.799999237060547,26.799999237060547,131,0.0,0.0,0.0
2022-12-21 15:30:00-05:00,26.829999923706055,26.829999923706055,26.79759979248047,26.824600219726562,93601,0.0,0.0,0.0
2022-12-22 09:30:00-05:00,26.625,26.625,26.592199325561523,26.600000381469727,0,0.0,0.0,0.0
2022-12-22 10:30:00-05:00,26.579999923706055,26.6200008392334,26.559999465942383,26.559999465942383,1402,0.0,0.0,0.0
2022-12-22 11:30:00-05:00,26.5,26.514999389648438,26.48200035095215,26.514999389648438,2056,0.0,0.0,0.0
2022-12-22 12:30:00-05:00,26.493000030517578,26.493000030517578,26.38759994506836,26.420000076293945,4621,0.0,0.0,0.0
2022-12-22 13:30:00-05:00,26.3799991607666,26.46500015258789,26.3799991607666,26.46500015258789,886,0.0,0.0,0.0
2022-12-22 14:30:00-05:00,26.5,26.518400192260742,26.479999542236328,26.518400192260742,1080,0.0,0.0,0.0
2022-12-22 15:30:00-05:00,26.59000015258789,26.61210060119629,26.530000686645508,26.610000610351562,0,0.0,0.0,0.0
2022-12-23 09:30:00-05:00,26.5,26.604999542236328,26.5,26.604999542236328,867,0.0,0.0,0.0
2022-12-23 10:30:00-05:00,26.649999618530273,26.65999984741211,26.6200008392334,26.6200008392334,5065,0.0,0.0,0.0
2022-12-23 11:30:00-05:00,26.63010025024414,26.700000762939453,26.63010025024414,26.670000076293945,5816,0.0,0.0,0.0
2022-12-23 12:30:00-05:00,26.670000076293945,26.684999465942383,26.63990020751953,26.65999984741211,7970,0.0,0.0,0.0
2022-12-23 13:30:00-05:00,26.649999618530273,26.655000686645508,26.6200008392334,26.625,1676,0.0,0.0,0.0
2022-12-23 14:30:00-05:00,26.600000381469727,26.65999984741211,26.600000381469727,26.65999984741211,980,0.0,0.0,0.0
2022-12-23 15:30:00-05:00,26.65250015258789,26.690099716186523,26.636699676513672,26.690099716186523,109944,0.0,0.0,0.0
2022-12-27 09:30:00-05:00,26.780000686645508,26.798900604248047,26.690000534057617,26.798900604248047,0,0.0,0.0,0.0
2022-12-27 10:30:00-05:00,26.809999465942383,26.809999465942383,26.799999237060547,26.799999237060547,326,0.0,0.0,0.0
2022-12-27 11:30:00-05:00,26.760000228881836,26.770000457763672,26.759899139404297,26.759899139404297,1161,0.0,0.0,0.0
2022-12-27 12:30:00-05:00,26.739999771118164,26.760499954223633,26.739999771118164,26.760499954223633,1170,0.0,0.0,0.0
2022-12-27 13:30:00-05:00,26.77589988708496,26.77589988708496,26.736099243164062,26.736099243164062,737,0.0,0.0,0.0
2022-12-27 14:30:00-05:00,26.729999542236328,26.764999389648438,26.729999542236328,26.733400344848633,1779,0.0,0.0,0.0
2022-12-27 15:30:00-05:00,26.760000228881836,26.790000915527344,26.75,26.770000457763672,0,0.0,0.0,0.0
2022-12-28 09:30:00-05:00,26.90999984741211,26.90999984741211,26.690000534057617,26.690000534057617,5940,0.0,0.0,0.0
2022-12-28 10:30:00-05:00,26.65999984741211,26.65999984741211,26.600000381469727,26.600000381469727,664,0.0,0.0,0.0
2022-12-28 11:30:00-05:00,26.56999969482422,26.56999969482422,26.530000686645508,26.540000915527344,3810,0.0,0.0,0.0
2022-12-28 12:30:00-05:00,26.56999969482422,26.59000015258789,26.56999969482422,26.59000015258789,1533,0.0,0.0,0.0
2022-12-28 13:30:00-05:00,26.600000381469727,26.600000381469727,26.52549934387207,26.549999237060547,6316,0.0,0.0,0.0
2022-12-28 14:30:00-05:00,26.540000915527344,26.540000915527344,26.479999542236328,26.479999542236328,2375,0.0,0.0,0.0
2022-12-28 15:30:00-05:00,26.485000610351562,26.485000610351562,26.469999313354492,26.479999542236328,4930,0.0,0.0,0.0
2022-12-29 09:30:00-05:00,26.790000915527344,26.790000915527344,26.75,26.770099639892578,0,0.0,0.0,0.0
2022-12-29 11:30:00-05:00,26.93000030517578,26.93000030517578,26.899999618530273,26.899999618530273,9344,0.0,0.0,0.0
2022-12-29 12:30:00-05:00,26.90999984741211,26.950000762939453,26.900999069213867,26.940000534057617,10536,0.0,0.0,0.0
2022-12-29 13:30:00-05:00,26.940000534057617,26.979799270629883,26.896099090576172,26.94860076904297,23718,0.0,0.0,0.0
2022-12-29 14:30:00-05:00,26.896099090576172,26.989999771118164,26.881500244140625,26.93939971923828,257385,0.0,0.0,0.0
2022-12-29 15:30:00-05:00,26.920000076293945,26.949199676513672,26.87150001525879,26.899999618530273,3214,0.0,0.0,0.0
2022-12-30 09:30:00-05:00,26.81999969482422,26.81999969482422,26.690000534057617,26.690000534057617,0,0.0,0.0,0.0
2022-12-30 10:30:00-05:00,26.701200485229492,26.709999084472656,26.6200008392334,26.6200008392334,4714,0.0,0.0,0.0
2022-12-30 11:30:00-05:00,26.625,26.70319938659668,26.610000610351562,26.697200775146484,2917,0.0,0.0,0.0
2022-12-30 12:30:00-05:00,26.700000762939453,26.75950050354004,26.670000076293945,26.670000076293945,5667,0.0,0.0,0.0
2022-12-30 13:30:00-05:00,26.71969985961914,26.71969985961914,26.59000015258789,26.59000015258789,13539,0.0,0.0,0.0
2022-12-30 14:30:00-05:00,26.600000381469727,26.67340087890625,26.590099334716797,26.63319969177246,34321,0.0,0.0,0.0
2022-12-30 15:30:00-05:00,26.649999618530273,26.729999542236328,26.649999618530273,26.697599411010742,19227,0.0,0.0,0.0
2023-01-03 09:30:00-05:00,26.899999618530273,27.065000534057617,26.85409927368164,26.860000610351562,0,0.0,0.0,0.0
2023-01-03 10:30:00-05:00,26.860000610351562,26.91010093688965,26.810100555419922,26.91010093688965,6054,0.0,0.0,0.0
2023-01-03 11:30:00-05:00,26.860000610351562,26.88949966430664,26.760000228881836,26.828899383544922,6365,0.0,0.0,0.0
2023-01-03 12:30:00-05:00,26.790000915527344,26.790000915527344,26.739999771118164,26.790000915527344,499,0.0,0.0,0.0
2023-01-03 13:30:00-05:00,26.828500747680664,26.828500747680664,26.81999969482422,26.81999969482422,1722,0.0,0.0,0.0
2023-01-03 14:30:00-05:00,26.799999237060547,26.860000610351562,26.799999237060547,26.860000610351562,738,0.0,0.0,0.0
2023-01-03 15:30:00-05:00,26.860000610351562,26.860000610351562,26.850000381469727,26.854999542236328,5706,0.0,0.0,0.0
2023-01-04 09:30:00-05:00,27.15999984741211,27.309999465942383,27.059999465942383,27.100000381469727,1187,0.0,0.0,0.0
2023-01-04 10:30:00-05:00,27.149999618530273,27.2450008392334,27.149999618530273,27.2450008392334,859,0.0,0.0,0.0
2023-01-04 11:30:00-05:00,27.299999237060547,27.32939910888672,27.25,27.250099182128906,1801,0.0,0.0,0.0
2023-01-04 12:30:00-05:00,27.249900817871094,27.270000457763672,27.249900817871094,27.260000228881836,2701,0.0,0.0,0.0
2023-01-04 13:30:00-05:00,27.25,27.260000228881836,27.1299991607666,27.1299991607666,8748,0.0,0.0,0.0
2023-01-04 14:30:00-05:00,27.139999389648438,27.229999542236328,27.139999389648438,27.204999923706055,8535,0.0,0.0,0.0
2023-01-04 15:30:00-05:00,27.204999923706055,27.209999084472656,27.162500381469727,27.200899124145508,32956,0.0,0.0,0.0
2023-01-05 09:30:00-05:00,27.040000915527344,27.040000915527344,26.979999542236328,26.989999771118164,0,0.0,0.0,0.0
2023-01-05 10:30:00-05:00,26.979999542236328,27.020000457763672,26.950000762939453,26.950000762939453,7276,0.0,0.0,0.0
2023-01-05 11:30:00-05:00,26.989999771118164,26.989999771118164,26.959999084472656,26.959999084472656,1976,0.0,0.0,0.0
2023-01-05 12:30:00-05:00,26.995100021362305,27.0,26.985000610351562,26.985000610351562,1014,0.0,0.0,0.0
2023-01-05 13:30:00-05:00,27.079999923706055,27.079999923706055,27.059999465942383,27.059999465942383,671,0.0,0.0,0.0
2023-01-05 14:30:00-05:00,27.040000915527344,27.09000015258789,27.020000457763672,27.030000686645508,13385,0.0,0.0,0.0
2023-01-05 15:30:00-05:00,27.020000457763672,27.030000686645508,26.990100860595703,27.0,66413,0.0,0.0,0.0
2023-01-06 09:30:00-05:00,27.15999984741211,27.34000015258789,27.059999465942383,27.283199310302734,0,0.0,0.0,0.0
2023-01-06 10:30:00-05:00,27.31999969482422,27.459999084472656,27.31999969482422,27.459999084472656,1459,0.0,0.0,0.0
2023-01-06 11:30:00-05:00,27.459999084472656,27.549999237060547,27.459999084472656,27.5,16007,0.0,0.0,0.0
2023-01-06 12:30:00-05:00,27.520000457763672,27.559999465942383,27.510000228881836,27.559999465942383,3496,0.0,0.0,0.0
2023-01-06 13:30:00-05:00,27.50040054321289,27.649999618530273,27.50040054321289,27.649999618530273,9023,0.0,0.0,0.0
2023-01-06 14:30:00-05:00,27.649999618530273,27.670000076293945,27.649999618530273,27.649999618530273,2577,0.0,0.0,0.0
2023-01-06 15:30:00-05:00,27.65999984741211,27.68000030517578,27.599700927734375,27.644699096679688,20081,0.0,0.0,0.0
2023-01-09 09:30:00-05:00,27.889999389648438,27.959999084472656,27.82859992980957,27.949800491333008,0,0.0,0.0,0.0
2023-01-09 10:30:00-05:00,27.969999313354492,28.030000686645508,27.940000534057617,28.030000686645508,11330,0.0,0.0,0.0
2023-01-09 11:30:00-05:00,27.979999542236328,27.979999542236328,27.920000076293945,27.920000076293945,3191,0.0,0.0,0.0
2023-01-09 12:30:00-05:00,27.940000534057617,27.940000534057617,27.86199951171875,27.920000076293945,14235,0.0,0.0,0.0
2023-01-09 13:30:00-05:00,27.926000595092773,27.926000595092773,27.850000381469727,27.8799991607666,4727,0.0,0.0,0.0
2023-01-09 14:30:00-05:00,27.899999618530273,27.909000396728516,27.799999237060547,27.799999237060547,8159,0.0,0.0,0.0
2023-01-09 15:30:00-05:00,27.809999465942383,27.809999465942383,27.75,27.75,31521,0.0,0.0,0.0
2023-01-10 09:30:00-05:00,27.799999237060547,27.809999465942383,27.735000610351562,27.75,4883,0.0,0.0,0.0
2023-01-10 10:30:00-05:00,27.68000030517578,27.790000915527344,27.68000030517578,27.770000457763672,4648,0.0,0.0,0.0
2023-01-10 11:30:00-05:00,27.770000457763672,27.790000915527344,27.739999771118164,27.790000915527344,2071,0.0,0.0,0.0
2023-01-10 12:30:00-05:00,27.770000457763672,27.809999465942383,27.770000457763672,27.799999237060547,2470,0.0,0.0,0.0
2023-01-10 13:30:00-05:00,27.79990005493164,27.850000381469727,27.790199279785156,27.803499221801758,7714,0.0,0.0,0.0
2023-01-10 14:30:00-05:00,27.84000015258789,27.850000381469727,27.801700592041016,27.84000015258789,7756,0.0,0.0,0.0
2023-01-10 15:30:00-05:00,27.829999923706055,27.8700008392334,27.81130027770996,27.8700008392334,2775,0.0,0.0,0.0
2023-01-11 09:30:00-05:00,28.049999237060547,28.049999237060547,27.899999618530273,27.96139907836914,0,0.0,0.0,0.0
2023-01-11 10:30:00-05:00,27.959999084472656,27.959999084472656,27.8700008392334,27.8700008392334,10662,0.0,0.0,0.0
2023-01-11 11:30:00-05:00,27.920000076293945,27.94969940185547,27.903099060058594,27.920000076293945,2474,0.0,0.0,0.0
2023-01-11 12:30:00-05:00,27.898500442504883,27.959999084472656,27.895000457763672,27.93000030517578,10011,0.0,0.0,0.0
2023-01-11 13:30:00-05:00,27.950000762939453,27.959999084472656,27.920000076293945,27.94809913635254,1315,0.0,0.0,0.0
2023-01-11 14:30:00-05:00,27.939899444580078,28.020000457763672,27.939899444580078,28.020000457763672,2857,0.0,0.0,0.0
2023-01-11 15:30:00-05:00,28.0,28.040000915527344,27.979999542236328,27.979999542236328,12172,0.0,0.0,0.0
2023-01-12 09:30:00-05:00,28.3700008392334,28.3700008392334,28.100000381469727,28.100000381469727,0,0.0,0.0,0.0
2023-01-12 10:30:00-05:00,28.25,28.34600067138672,28.25,28.32309913635254,4113,0.0,0.0,0.0
2023-01-12 11:30:00-05:00,28.350000381469727,28.450000762939453,28.350000381469727,28.387800216674805,8680,0.0,0.0,0.0
2023-01-12 12:30:00-05:00,28.458099365234375,28.520000457763672,28.458099365234375,28.459999084472656,1687,0.0,0.0,0.0
2023-01-12 13:30:00-05:00,28.5,28.520000457763672,28.450000762939453,28.450000762939453,3064,0.0,0.0,0.0
2023-01-12 14:30:00-05:00,28.468799591064453,28.479999542236328,28.420000076293945,28.420000076293945,8787,0.0,0.0,0.0
2023-01-12 15:30:00-05:00,28.469999313354492,28.469999313354492,28.440000534057617,28.450000762939453,5785,0.0,0.0,0.0
2023-01-13 09:30:00-05:00,28.399999618530273,28.495399475097656,28.389999389648438,28.495399475097656,0,0.0,0.0,0.0
2023-01-13 10:30:00-05:00,28.520000457763672,28.530000686645508,28.469999313354492,28.509899139404297,5295,0.0,0.0,0.0
2023-01-13 11:30:00-05:00,28.450000762939453,28.49410057067871,28.42449951171875,28.491199493408203,3731,0.0,0.0,0.0
2023-01-13 12:30:00-05:00,28.510000228881836,28.530000686645508,28.4950008392334,28.510000228881836,4620,0.0,0.0,0.0
2023-01-13 13:30:00-05:00,28.510000228881836,28.579999923706055,28.510000228881836,28.55900001525879,4844,0.0,0.0,0.0
2023-01-13 14:30:00-05:00,28.552499771118164,28.56999969482422,28.530000686645508,28.549999237060547,2815,0.0,0.0,0.0
2023-01-13 15:30:00-05:00,28.540000915527344,28.6200008392334,28.540000915527344,28.6200008392334,9873,0.0,0.0,0.0
2023-01-17 09:30:00-05:00,28.65999984741211,28.770000457763672,28.65999984741211,28.690000534057617,0,0.0,0.0,0.0
2023-01-17 10:30:00-05:00,28.690000534057617,28.690000534057617,28.62339973449707,28.643699645996094,4727,0.0,0.0,0.0
2023-01-17 11:30:00-05:00,28.65999984741211,28.709999084472656,28.649999618530273,28.649999618530273,73768,0.0,0.0,0.0
2023-01-17 12:30:00-05:00,28.65999984741211,28.728200912475586,28.649999618530273,28.690000534057617,49200,0.0,0.0,0.0
2023-01-17 13:30:00-05:00,28.700000762939453,28.738800048828125,28.639999389648438,28.738100051879883,5476,0.0,0.0,0.0
2023-01-17 14:30:00-05:00,28.719999313354492,28.760000228881836,28.670000076293945,28.67009925842285,15665,0.0,0.0,0.0
2023-01-17 15:30:00-05:00,28.700000762939453,28.72920036315918,28.671300888061523,28.671300888061523,10245,0.0,0.0,0.0
2023-01-18 09:30:00-05:00,29.0,29.049999237060547,28.84000015258789,28.899999618530273,10700,0.0,0.0,0.0
2023-01-18 10:30:00-05:00,28.889999389648438,28.889999389648438,28.735000610351562,28.774200439453125,5343,0.0,0.0,0.0
2023-01-18 11:30:00-05:00,28.739999771118164,28.762699127197266,28.59269905090332,28.600000381469727,8617,0.0,0.0,0.0
2023-01-18 12:30:00-05:00,28.59000015258789,28.6200008392334,28.579999923706055,28.593900680541992,3878,0.0,0.0,0.0
2023-01-18 13:30:00-05:00,28.60099983215332,28.629899978637695,28.588899612426758,28.600000381469727,5123,0.0,0.0,0.0
2023-01-18 14:30:00-05:00,28.615400314331055,28.6299991607666,28.600000381469727,28.600000381469727,5308,0.0,0.0,0.0
2023-01-18 15:30:00-05:00,28.584999084472656,28.59000015258789,28.540000915527344,28.559999465942383,8843,0.0,0.0,0.0
2023-01-19 09:30:00-05:00,28.549999237060547,28.549999237060547,28.440000534057617,28.503299713134766,0,0.0,0.0,0.0
2023-01-19 10:30:00-05:00,28.479999542236328,28.479999542236328,28.399999618530273,28.438400268554688,7052,0.0,0.0,0.0
2023-01-19 11:30:00-05:00,28.400100708007812,28.479999542236328,28.400100708007812,28.450000762939453,13732,0.0,0.0,0.0
2023-01-19 12:30:00-05:00,28.454999923706055,28.5,28.415000915527344,28.49920082092285,11518,0.0,0.0,0.0
2023-01-19 13:30:00-05:00,28.540000915527344,28.549999237060547,28.524999618530273,28.524999618530273,16613,0.0,0.0,0.0
2023-01-19 14:30:00-05:00,28.601200103759766,28.601200103759766,28.56999969482422,28.59000015258789,6336,0.0,0.0,0.0
2023-01-19 15:30:00-05:00,28.5531005859375,28.579999923706055,28.5,28.559999465942383,38813,0.0,0.0,0.0
2023-01-20 09:30:00-05:00,28.530000686645508,28.56999969482422,28.459999084472656,28.56999969482422,24042,0.0,0.0,0.0
2023-01-20 10:30:00-05:00,28.600000381469727,28.6200008392334,28.540000915527344,28.594999313354492,12998,0.0,0.0,0.0
2023-01-20 11:30:00-05:00,28.600000381469727,28.6299991607666,28.576000213623047,28.6200008392334,16571,0.0,0.0,0.0
2023-01-20 12:30:00-05:00,28.639999389648438,28.639999389648438,28.579999923706055,28.579999923706055,17908,0.0,0.0,0.0
2023-01-20 13:30:00-05:00,28.610000610351562,28.690000534057617,28.610000610351562,28.690000534057617,10008,0.0,0.0,0.0
2023-01-20 14:30:00-05:00,28.69499969482422,28.739999771118164,28.690000534057617,28.729999542236328,21780,0.0,0.0,0.0
2023-01-20 15:30:00-05:00,28.719999313354492,28.799999237060547,28.71500015258789,28.739999771118164,28104,0.0,0.0,0.0
2023-01-23 09:30:00-05:00,28.760000228881836,28.774999618530273,28.700000762939453,28.774999618530273,0,0.0,0.0,0.0
2023-01-23 10:30:00-05:00,28.81999969482422,28.949100494384766,28.781099319458008,28.90999984741211,78566,0.0,0.0,0.0
2023-01-23 11:30:00-05:00,28.8700008392334,28.889400482177734,28.818099975585938,28.850000381469727,33509,0.0,0.0,0.0
2023-01-23 12:30:00-05:00,28.860000610351562,28.895000457763672,28.860000610351562,28.895000457763672,549,0.0,0.0,0.0
2023-01-23 13:30:00-05:00,28.8976993560791,28.950000762939453,28.8700008392334,28.8700008392334,3999,0.0,0.0,0.0
2023-01-23 14:30:00-05:00,28.8700008392334,28.8700008392334,28.779300689697266,28.834999084472656,9950,0.0,0.0,0.0
2023-01-23 15:30:00-05:00,28.844999313354492,28.909700393676758,28.844999313354492,28.8799991607666,5128,0.0,0.0,0.0
2023-01-24 09:30:00-05:00,28.8700008392334,28.8700008392334,28.700000762939453,28.760000228881836,0,0.0,0.0,0.0
2023-01-24 10:30:00-05:00,28.790000915527344,28.8799991607666,28.764999389648438,28.809999465942383,6597,0.0,0.0,0.0
2023-01-24 11:30:00-05:00,28.8799991607666,28.899999618530273,28.84000015258789,28.89299964904785,4944,0.0,0.0,0.0
2023-01-24 12:30:00-05:00,28.90999984741211,28.931299209594727,28.8700008392334,28.889999389648438,8711,0.0,0.0,0.0
2023-01-24 13:30:00-05:00,28.90999984741211,28.920000076293945,28.8700008392334,28.90920066833496,38185,0.0,0.0,0.0
2023-01-24 14:30:00-05:00,28.899999618530273,28.939800262451172,28.899999618530273,28.90999984741211,20653,0.0,0.0,0.0
2023-01-24 15:30:00-05:00,28.889999389648438,28.90999984741211,28.8799991607666,28.899999618530273,0,0.0,0.0,0.0
2023-01-25 09:30:00-05:00,28.850000381469727,28.90999984741211,28.793100357055664,28.83009910583496,9380,0.0,0.0,0.0
2023-01-25 10:30:00-05:00,28.850000381469727,28.892499923706055,28.760000228881836,28.892499923706055,43944,0.0,0.0,0.0
2023-01-25 11:30:00-05:00,28.9060001373291,28.969999313354492,28.899999618530273,28.93000030517578,13196,0.0,0.0,0.0
2023-01-25 12:30:00-05:00,28.96500015258789,29.06800079345703,28.959999084472656,29.030500411987305,4069,0.0,0.0,0.0
2023-01-25 13:30:00-05:00,29.08989906311035,29.1200008392334,29.040000915527344,29.049999237060547,2611,0.0,0.0,0.0
2023-01-25 14:30:00-05:00,29.049999237060547,29.119199752807617,29.030099868774414,29.036100387573242,24772,0.0,0.0,0.0
2023-01-25 15:30:00-05:00,29.059999465942383,29.09000015258789,29.040000915527344,29.049999237060547,3638,0.0,0.0,0.0
2023-01-26 09:30:00-05:00,29.149999618530273,29.149999618530273,28.90999984741211,28.959999084472656,0,0.0,0.0,0.0
2023-01-26 10:30:00-05:00,28.950000762939453,28.959999084472656,28.84000015258789,28.860000610351562,9479,0.0,0.0,0.0
2023-01-26 11:30:00-05:00,28.889999389648438,28.979900360107422,28.8799991607666,28.94499969482422,5399,0.0,0.0,0.0
2023-01-26 12:30:00-05:00,28.940000534057617,28.95989990234375,28.909500122070312,28.924999237060547,10316,0.0,0.0,0.0
2023-01-26 13:30:00-05:00,28.969999313354492,29.030000686645508,28.969999313354492,28.97260093688965,2731,0.0,0.0,0.0
2023-01-26 14:30:00-05:00,28.980499267578125,29.049999237060547,28.979999542236328,29.049999237060547,26912,0.0,0.0,0.0
2023-01-26 15:30:00-05:00,29.05500030517578,29.079999923706055,29.030000686645508,29.049999237060547,33265,0.0,0.0,0.0
2023-01-27 09:30:00-05:00,28.889999389648438,29.059999465942383,28.889999389648438,28.989999771118164,0,0.0,0.0,0.0
2023-01-27 10:30:00-05:00,28.979999542236328,29.0,28.760000228881836,28.969999313354492,50679,0.0,0.0,0.0
2023-01-27 11:30:00-05:00,29.0,29.040000915527344,28.979999542236328,29.02989959716797,16063,0.0,0.0,0.0
2023-01-27 12:30:00-05:00,29.030000686645508,29.049999237060547,29.008100509643555,29.010000228881836,10632,0.0,0.0,0.0
2023-01-27 13:30:00-05:00,29.020000457763672,29.06999969482422,29.0,29.059900283813477,42598,0.0,0.0,0.0
2023-01-27 14:30:00-05:00,29.059999465942383,29.100000381469727,29.010000228881836,29.06999969482422,34113,0.0,0.0,0.0
2023-01-27 15:30:00-05:00,29.06999969482422,29.079999923706055,29.0,29.0,10365,0.0,0.0,0.0
2023-01-30 09:30:00-05:00,28.989999771118164,29.040000915527344,28.927000045776367,28.940000534057617,0,0.0,0.0,0.0
2023-01-30 10:30:00-05:00,28.979999542236328,28.989999771118164,28.920000076293945,28.96500015258789,8612,0.0,0.0,0.0
2023-01-30 11:30:00-05:00,28.969999313354492,28.969999313354492,28.93000030517578,28.934999465942383,4244,0.0,0.0,0.0
2023-01-30 12:30:00-05:00,28.940000534057617,28.950000762939453,28.90999984741211,28.93000030517578,15300,0.0,0.0,0.0
2023-01-30 13:30:00-05:00,28.920000076293945,28.93000030517578,28.8700008392334,28.8799991607666,8162,0.0,0.0,0.0
2023-01-30 14:30:00-05:00,28.845600128173828,28.889999389648438,28.845600128173828,28.850000381469727,12182,0.0,0.0,0.0
2023-01-30 15:30:00-05:00,28.860000610351562,28.889999389648438,28.850000381469727,28.850000381469727,0,0.0,0.0,0.0
2023-01-31 09:30:00-05:00,28.850000381469727,28.850000381469727,28.700000762939453,28.75,15912,0.0,0.0,0.0
2023-01-31 10:30:00-05:00,28.768800735473633,28.997900009155273,28.768800735473633,28.934999465942383,17582,0.0,0.0,0.0
2023-01-31 11:30:00-05:00,28.872499465942383,28.95199966430664,28.850000381469727,28.915000915527344,9228,0.0,0.0,0.0
2023-01-31 12:30:00-05:00,28.969900131225586,28.969900131225586,28.8799991607666,28.915000915527344,6181,0.0,0.0,0.0
2023-01-31 13:30:00-05:00,28.897499084472656,28.940000534057617,28.870100021362305,28.940000534057617,16502,0.0,0.0,0.0
2023-01-31 14:30:00-05:00,28.940000534057617,28.940000534057617,28.899999618530273,28.915000915527344,9717,0.0,0.0,0.0
2023-01-31 15:30:00-05:00,28.912500381469727,29.012500762939453,28.899999618530273,28.989999771118164,13506,0.0,0.0,0.0
2023-02-01 09:30:00-05:00,29.020000457763672,29.020000457763672,28.8799991607666,28.889999389648438,0,0.0,0.0,0.0
2023-02-01 10:30:00-05:00,28.90999984741211,28.93000030517578,28.8700008392334,28.93000030517578,4843,0.0,0.0,0.0
2023-02-01 11:30:00-05:00,28.928800582885742,28.979900360107422,28.90999984741211,28.934999465942383,4287,0.0,0.0,0.0
2023-02-01 12:30:00-05:00,28.860000610351562,28.874799728393555,28.850000381469727,28.850000381469727,1410,0.0,0.0,0.0
2023-02-01 13:30:00-05:00,28.884000778198242,28.93000030517578,28.850000381469727,28.93000030517578,0,0.0,0.0,0.0
2023-02-01 14:30:00-05:00,28.850000381469727,29.290000915527344,28.799999237060547,29.229999542236328,59733,0.0,0.0,0.0
2023-02-01 15:30:00-05:00,29.309999465942383,29.41990089416504,29.239999771118164,29.239999771118164,20128,0.0,0.0,0.0
2023-02-02 09:30:00-05:00,29.31999969482422,29.360000610351562,29.0,29.1200008392334,54363,0.0,0.0,0.0
2023-02-02 10:30:00-05:00,29.159299850463867,29.25,29.159299850463867,29.239999771118164,7403,0.0,0.0,0.0
2023-02-02 11:30:00-05:00,29.239599227905273,29.239599227905273,29.18000030517578,29.200000762939453,6724,0.0,0.0,0.0
2023-02-02 12:30:00-05:00,29.190000534057617,29.200000762939453,29.140100479125977,29.18199920654297,5784,0.0,0.0,0.0
2023-02-02 13:30:00-05:00,29.200000762939453,29.239999771118164,29.15999984741211,29.164899826049805,7580,0.0,0.0,0.0
2023-02-02 14:30:00-05:00,29.139999389648438,29.15999984741211,29.072599411010742,29.1200008392334,38796,0.0,0.0,0.0
2023-02-02 15:30:00-05:00,29.139999389648438,29.190000534057617,29.11009979248047,29.190000534057617,13452,0.0,0.0,0.0
2023-02-03 09:30:00-05:00,29.190000534057617,29.190000534057617,28.829999923706055,29.010000228881836,0,0.0,0.0,0.0
2023-02-03 10:30:00-05:00,28.989999771118164,29.079999923706055,28.989999771118164,29.030000686645508,3265,0.0,0.0,0.0
2023-02-03 11:30:00-05:00,29.059900283813477,29.059900283813477,28.940000534057617,28.959999084472656,19264,0.0,0.0,0.0
2023-02-03 12:30:00-05:00,29.002500534057617,29.040000915527344,28.8799991607666,28.8799991607666,5838,0.0,0.0,0.0
2023-02-03 13:30:00-05:00,28.850000381469727,28.8799991607666,28.809999465942383,28.84000015258789,10448,0.0,0.0,0.0
2023-02-03 14:30:00-05:00,28.829999923706055,28.91990089416504,28.81999969482422,28.885000228881836,108427,0.0,0.0,0.0
2023-02-03 15:30:00-05:00,28.88249969482422,28.920000076293945,28.850000381469727,28.90999984741211,25200,0.0,0.0,0.0
2023-02-06 09:30:00-05:00,28.739999771118164,28.739999771118164,28.459999084472656,28.47599983215332,19332,0.0,0.0,0.0
2023-02-06 10:30:00-05:00,28.459999084472656,28.58099937438965,28.459999084472656,28.565000534057617,5148,0.0,0.0,0.0
2023-02-06 11:30:00-05:00,28.540000915527344,28.540000915527344,28.5,28.502700805664062,5456,0.0,0.0,0.0
2023-02-06 12:30:00-05:00,28.489999771118164,28.559499740600586,28.489999771118164,28.510000228881836,7161,0.0,0.0,0.0
2023-02-06 13:30:00-05:00,28.51689910888672,28.604999542236328,28.51689910888672,28.604999542236328,3650,0.0,0.0,0.0
2023-02-06 14:30:00-05:00,28.600000381469727,28.600000381469727,28.540000915527344,28.559999465942383,3863,0.0,0.0,0.0
2023-02-06 15:30:00-05:00,28.560400009155273,28.610000610351562,28.560400009155273,28.579999923706055,71891,0.0,0.0,0.0
2023-02-07 09:30:00-05:00,28.520000457763672,28.520000457763672,28.420000076293945,28.450000762939453,0,0.0,0.0,0.0
2023-02-07 10:30:00-05:00,28.450000762939453,28.549999237060547,28.440000534057617,28.54010009765625,4114,0.0,0.0,0.0
2023-02-07 11:30:00-05:00,28.604999542236328,28.604999542236328,28.565000534057617,28.59000015258789,5149,0.0,0.0,0.0
2023-02-07 12:30:00-05:00,28.549999237060547,28.8799991607666,28.549999237060547,28.7283992767334,11252,0.0,0.0,0.0
2023-02-07 13:30:00-05:00,28.530000686645508,28.700000762939453,28.5,28.700000762939453,10047,0.0,0.0,0.0
2023-02-07 14:30:00-05:00,28.739999771118164,28.790000915527344,28.700000762939453,28.790000915527344,60684,0.0,0.0,0.0
2023-02-07 15:30:00-05:00,28.790000915527344,28.8799991607666,28.770099639892578,28.81999969482422,195614,0.0,0.0,0.0
2023-02-08 09:30:00-05:00,28.799999237060547,28.799999237060547,28.719999313354492,28.7278995513916,0,0.0,0.0,0.0
2023-02-08 10:30:00-05:00,28.700000762939453,28.709999084472656,28.639999389648438,28.639999389648438,5550,0.0,0.0,0.0
2023-02-08 11:30:00-05:00,28.6299991607666,28.690000534057617,28.591999053955078,28.65180015563965,9799,0.0,0.0,0.0
2023-02-08 12:30:00-05:00,28.6643009185791,28.75,28.6466007232666,28.700000762939453,38223,0.0,0.0,0.0
2023-02-08 13:30:00-05:00,28.700000762939453,28.719999313354492,28.670000076293945,28.670000076293945,60415,0.0,0.0,0.0
2023-02-08 14:30:00-05:00,28.690000534057617,28.709999084472656,28.620100021362305,28.620100021362305,42516,0.0,0.0,0.0
2023-02-08 15:30:00-05:00,28.620500564575195,28.68000030517578,28.620500564575195,28.639999389648438,42151,0.0,0.0,0.0
2023-02-09 09:30:00-05:00,29.149999618530273,29.149999618530273,28.969999313354492,28.969999313354492,0,0.0,0.0,0.0
2023-02-09 10:30:00-05:00,28.93000030517578,28.969999313354492,28.889999389648438,28.889999389648438,28397,0.0,0.0,0.0
2023-02-09 11:30:00-05:00,28.8799991607666,28.93000030517578,28.8700008392334,28.90570068359375,23115,0.0,0.0,0.0
2023-02-09 12:30:00-05:00,28.899999618530273,28.90999984741211,28.799999237060547,28.847299575805664,22634,0.0,0.0,0.0
2023-02-09 13:30:00-05:00,28.829999923706055,28.84000015258789,28.78350067138672,28.78350067138672,3325,0.0,0.0,0.0
2023-02-09 14:30:00-05:00,28.760000228881836,28.7893009185791,28.719999313354492,28.719999313354492,17665,0.0,0.0,0.0
2023-02-09 15:30:00-05:00,28.709999084472656,28.739999771118164,28.66029930114746,28.73150062561035,9130,0.0,0.0,0.0
2023-02-10 09:30:00-05:00,28.639999389648438,28.639999389648438,28.53499984741211,28.621000289916992,0,0.0,0.0,0.0
2023-02-10 10:30:00-05:00,28.6200008392334,28.64859962463379,28.559900283813477,28.559999465942383,9658,0.0,0.0,0.0
2023-02-10 11:30:00-05:00,28.559999465942383,28.559999465942383,28.501399993896484,28.501399993896484,3922,0.0,0.0,0.0
2023-02-10 12:30:00-05:00,28.57360076904297,28.610000610351562,28.54669952392578,28.605300903320312,8472,0.0,0.0,0.0
2023-02-10 13:30:00-05:00,28.600000381469727,28.609699249267578,28.566299438476562,28.566299438476562,6119,0.0,0.0,0.0
2023-02-10 14:30:00-05:00,28.575000762939453,28.600000381469727,28.575000762939453,28.597700119018555,38705,0.0,0.0,0.0
2023-02-10 15:30:00-05:00,28.614999771118164,28.649999618530273,28.614999771118164,28.629899978637695,6877,0.0,0.0,0.0
2023-02-13 09:30:00-05:00,28.6299991607666,28.75,28.520000457763672,28.739599227905273,4860,0.0,0.0,0.0
2023-02-13 10:30:00-05:00,28.789600372314453,28.789600372314453,28.760000228881836,28.760000228881836,1842,0.0,0.0,0.0
2023-02-13 11:30:00-05:00,28.773000717163086,28.829500198364258,28.772199630737305,28.824899673461914,4089,0.0,0.0,0.0
2023-02-13 12:30:00-05:00,28.81999969482422,28.860000610351562,28.809999465942383,28.8523006439209,4049,0.0,0.0,0.0
2023-02-13 13:30:00-05:00,28.86199951171875,28.87809944152832,28.850000381469727,28.850000381469727,11556,0.0,0.0,0.0
2023-02-13 14:30:00-05:00,28.83839988708496,28.85420036315918,28.809999465942383,28.839799880981445,9965,0.0,0.0,0.0
2023-02-13 15:30:00-05:00,28.860000610351562,28.899900436401367,28.850000381469727,28.850000381469727,11243,0.0,0.0,0.0
2023-02-14 09:30:00-05:00,28.8799991607666,29.059999465942383,28.700000762939453,28.959999084472656,32227,0.0,0.0,0.0
2023-02-14 10:30:00-05:00,28.959999084472656,28.959999084472656,28.729999542236328,28.79170036315918,8201,0.0,0.0,0.0
2023-02-14 11:30:00-05:00,28.736799240112305,28.809999465942383,28.69499969482422,28.796499252319336,5606,0.0,0.0,0.0
2023-02-14 12:30:00-05:00,28.790000915527344,28.940000534057617,28.764299392700195,28.8700008392334,10211,0.0,0.0,0.0
2023-02-14 13:30:00-05:00,28.871000289916992,28.920000076293945,28.84000015258789,28.8700008392334,10993,0.0,0.0,0.0
2023-02-14 14:30:00-05:00,28.878000259399414,28.940000534057617,28.878000259399414,28.911399841308594,29923,0.0,0.0,0.0
2023-02-14 15:30:00-05:00,28.917999267578125,28.959999084472656,28.902700424194336,28.92840003967285,103427,0.0,0.0,0.0
2023-02-15 09:30:00-05:00,28.649999618530273,28.66990089416504,28.56999969482422,28.6299991607666,0,0.0,0.0,0.0
2023-02-15 10:30:00-05:00,28.649999618530273,28.68000030517578,28.605899810791016,28.649999618530273,14405,0.0,0.0,0.0
2023-02-15 11:30:00-05:00,28.649999618530273,28.729999542236328,28.642000198364258,28.649999618530273,17892,0.0,0.0,0.0
2023-02-15 12:30:00-05:00,28.639999389648438,28.679899215698242,28.6299991607666,28.639999389648438,4447,0.0,0.0,0.0
2023-02-15 13:30:00-05:00,28.708799362182617,28.76219940185547,28.708799362182617,28.75,5730,0.0,0.0,0.0
2023-02-15 14:30:00-05:00,28.760000228881836,28.93000030517578,28.739999771118164,28.75,340895,0.0,0.0,0.0
2023-02-15 15:30:00-05:00,28.799800872802734,28.811100006103516,28.739999771118164,28.770000457763672,8061,0.0,0.0,0.0
2023-02-16 09:30:00-05:00,28.600000381469727,28.665000915527344,28.520000457763672,28.665000915527344,11099,0.0,0.0,0.0
2023-02-16 10:30:00-05:00,28.68000030517578,28.739999771118164,28.68000030517578,28.714399337768555,12796,0.0,0.0,0.0
2023-02-16 11:30:00-05:00,28.738000869750977,28.792600631713867,28.700000762939453,28.770000457763672,9965,0.0,0.0,0.0
2023-02-16 12:30:00-05:00,28.855300903320312,28.855300903320312,28.790000915527344,28.819000244140625,4001,0.0,0.0,0.0
2023-02-16 13:30:00-05:00,28.761999130249023,28.879899978637695,28.761999130249023,28.879899978637695,19848,0.0,0.0,0.0
2023-02-16 14:30:00-05:00,28.888999938964844,28.888999938964844,28.719999313354492,28.729999542236328,6058,0.0,0.0,0.0
2023-02-16 15:30:00-05:00,28.65999984741211,28.717899322509766,28.639999389648438,28.639999389648438,13798,0.0,0.0,0.0
2023-02-17 09:30:00-05:00,28.610000610351562,28.719600677490234,28.510000228881836,28.649999618530273,0,0.0,0.0,0.0
2023-02-17 10:30:00-05:00,28.670000076293945,28.70870018005371,28.600000381469727,28.600000381469727,4016,0.0,0.0,0.0
2023-02-17 11:30:00-05:00,28.600000381469727,28.693500518798828,28.600000381469727,28.690000534057617,5641,0.0,0.0,0.0
2023-02-17 12:30:00-05:00,28.684200286865234,28.709999084472656,28.639999389648438,28.683700561523438,2345,0.0,0.0,0.0
2023-02-17 13:30:00-05:00,28.68000030517578,28.719999313354492,28.662500381469727,28.719999313354492,2025,0.0,0.0,0.0
2023-02-17 14:30:00-05:00,28.765199661254883,28.803600311279297,28.719999313354492,28.767000198364258,12912,0.0,0.0,0.0
2023-02-17 15:30:00-05:00,28.764999389648438,28.780000686645508,28.739999771118164,28.739999771118164,8162,0.0,0.0,0.0
2023-02-21 09:30:00-05:00,28.65999984741211,28.65999984741211,28.540000915527344,28.62310028076172,16899,0.0,0.0,0.0
2023-02-21 10:30:00-05:00,28.59000015258789,28.699899673461914,28.59000015258789,28.649999618530273,9710,0.0,0.0,0.0
2023-02-21 11:30:00-05:00,28.56999969482422,28.599000930786133,28.543899536132812,28.549999237060547,12320,0.0,0.0,0.0
2023-02-21 12:30:00-05:00,28.540000915527344,28.608400344848633,28.520000457763672,28.520000457763672,4912,0.0,0.0,0.0
2023-02-21 13:30:00-05:00,28.510000228881836,28.510299682617188,28.459999084472656,28.459999084472656,6815,0.0,0.0,0.0
2023-02-21 14:30:00-05:00,28.459999084472656,28.489900588989258,28.459999084472656,28.479999542236328,1506,0.0,0.0,0.0
2023-02-21 15:30:00-05:00,28.509000778198242,28.520000457763672,28.440000534057617,28.440000534057617,4990,0.0,0.0,0.0
2023-02-22 09:30:00-05:00,28.43000030517578,28.459999084472656,28.309999465942383,28.34000015258789,0,0.0,0.0,0.0
2023-02-22 10:30:00-05:00,28.309999465942383,28.360000610351562,28.299999237060547,28.359399795532227,3057,0.0,0.0,0.0
2023-02-22 11:30:00-05:00,28.34000015258789,28.379199981689453,28.31999969482422,28.342300415039062,5823,0.0,0.0,0.0
2023-02-22 12:30:00-05:00,28.409900665283203,28.409900665283203,28.40290069580078,28.40290069580078,837,0.0,0.0,0.0
2023-02-22 13:30:00-05:00,28.416400909423828,28.421600341796875,28.31999969482422,28.34000015258789,4590,0.0,0.0,0.0
2023-02-22 14:30:00-05:00,28.280000686645508,28.298999786376953,28.21809959411621,28.260000228881836,7944,0.0,0.0,0.0
2023-02-22 15:30:00-05:00,28.25,28.274999618530273,28.217300415039062,28.25,20078,0.0,0.0,0.0
2023-02-23 09:30:00-05:00,28.440000534057617,28.440000534057617,28.350000381469727,28.399999618530273,0,0.0,0.0,0.0
2023-02-23 10:30:00-05:00,28.40999984741211,28.415000915527344,28.260000228881836,28.260000228881836,11138,0.0,0.0,0.0
2023-02-23 11:30:00-05:00,28.25,28.25,28.19499969482422,28.217500686645508,2431,0.0,0.0,0.0
2023-02-23 12:30:00-05:00,28.215999603271484,28.247100830078125,28.212499618530273,28.247100830078125,4809,0.0,0.0,0.0
2023-02-23 13:30:00-05:00,28.239999771118164,28.354999542236328,28.23200035095215,28.350000381469727,17288,0.0,0.0,0.0
2023-02-23 14:30:00-05:00,28.389999389648438,28.439899444580078,28.3799991607666,28.429000854492188,24507,0.0,0.0,0.0
2023-02-23 15:30:00-05:00,28.420000076293945,28.440000534057617,28.40999984741211,28.40999984741211,0,0.0,0.0,0.0
2023-02-24 09:30:00-05:00,28.020000457763672,28.049999237060547,27.899999618530273,27.899999618530273,17988,0.0,0.0,0.0
2023-02-24 10:30:00-05:00,27.899999618530273,28.00860023498535,27.8700008392334,28.00860023498535,10139,0.0,0.0,0.0
2023-02-24 11:30:00-05:00,27.920000076293945,27.920000076293945,27.8700008392334,27.88610076904297,2268,0.0,0.0,0.0
2023-02-24 12:30:00-05:00,27.93000030517578,27.954999923706055,27.85070037841797,27.905000686645508,7170,0.0,0.0,0.0
2023-02-24 13:30:00-05:00,27.91790008544922,27.949899673461914,27.899700164794922,27.913299560546875,3875,0.0,0.0,0.0
2023-02-24 14:30:00-05:00,27.969999313354492,28.009899139404297,27.8799991607666,27.959999084472656,14376,0.0,0.0,0.0
2023-02-24 15:30:00-05:00,27.93000030517578,27.979999542236328,27.90180015563965,27.920000076293945,11425,0.0,0.0,0.0
2023-02-27 09:30:00-05:00,28.280000686645508,28.389999389648438,28.219999313354492,28.389999389648438,0,0.0,0.0,0.0
2023-02-27 10:30:00-05:00,28.299999237060547,28.299999237060547,28.229999542236328,28.239999771118164,10175,0.0,0.0,0.0
2023-02-27 11:30:00-05:00,28.190000534057617,28.27989959716797,28.16010093688965,28.277099609375,11285,0.0,0.0,0.0
2023-02-27 12:30:00-05:00,28.25,28.339000701904297,28.242900848388672,28.339000701904297,12407,0.0,0.0,0.0
2023-02-27 13:30:00-05:00,28.270000457763672,28.37929916381836,28.260000228881836,28.280000686645508,18199,0.0,0.0,0.0
2023-02-27 14:30:00-05:00,28.280000686645508,28.309900283813477,28.232099533081055,28.232099533081055,12012,0.0,0.0,0.0
2023-02-27 15:30:00-05:00,28.230100631713867,28.274999618530273,28.229999542236328,28.25,1670,0.0,0.0,0.0
2023-02-28 09:30:00-05:00,28.239999771118164,28.239999771118164,28.1299991607666,28.18000030517578,0,0.0,0.0,0.0
2023-02-28 10:30:00-05:00,28.19499969482422,28.219999313354492,28.139999389648438,28.18000030517578,2879,0.0,0.0,0.0
2023-02-28 11:30:00-05:00,28.149999618530273,28.149999618530273,28.09000015258789,28.149999618530273,8083,0.0,0.0,0.0
2023-02-28 12:30:00-05:00,28.13010025024414,28.190900802612305,28.1200008392334,28.126699447631836,11662,0.0,0.0,0.0
2023-02-28 13:30:00-05:00,28.139999389648438,28.139999389648438,28.110000610351562,28.110000610351562,2191,0.0,0.0,0.0
2023-02-28 14:30:00-05:00,28.079999923706055,28.100000381469727,28.030000686645508,28.04010009765625,11481,0.0,0.0,0.0
2023-02-28 15:30:00-05:00,28.040000915527344,28.097400665283203,28.030000686645508,28.040000915527344,1988,0.0,0.0,0.0
2023-03-01 09:30:00-05:00,28.34000015258789,28.34000015258789,28.110000610351562,28.170000076293945,6741,0.0,0.0,0.0
2023-03-01 10:30:00-05:00,28.1200008392334,28.235000610351562,28.079999923706055,28.079999923706055,56556,0.0,0.0,0.0
2023-03-01 11:30:00-05:00,28.1200008392334,28.224599838256836,28.1200008392334,28.224599838256836,1795,0.0,0.0,0.0
2023-03-01 12:30:00-05:00,28.190000534057617,28.20989990234375,28.139999389648438,28.139999389648438,6155,0.0,0.0,0.0
2023-03-01 13:30:00-05:00,28.1200008392334,28.129100799560547,28.088600158691406,28.088600158691406,1643,0.0,0.0,0.0
2023-03-01 14:30:00-05:00,28.149999618530273,28.154800415039062,28.1299991607666,28.1299991607666,1936,0.0,0.0,0.0
2023-03-01 15:30:00-05:00,28.155500411987305,28.170000076293945,28.139999389648438,28.170000076293945,0,0.0,0.0,0.0
2023-03-02 09:30:00-05:00,28.030000686645508,28.100000381469727,27.979999542236328,28.09000015258789,11611,0.0,0.0,0.0
2023-03-02 10:30:00-05:00,28.1200008392334,28.149900436401367,28.100000381469727,28.110000610351562,2238,0.0,0.0,0.0
2023-03-02 11:30:00-05:00,28.079999923706055,28.100000381469727,28.054800033569336,28.054800033569336,2805,0.0,0.0,0.0
2023-03-02 12:30:00-05:00,28.079999923706055,28.09000015258789,28.066299438476562,28.06999969482422,16175,0.0,0.0,0.0
2023-03-02 13:30:00-05:00,28.059999465942383,28.180999755859375,28.059999465942383,28.180999755859375,14317,0.0,0.0,0.0
2023-03-02 14:30:00-05:00,28.2189998626709,28.219900131225586,28.16390037536621,28.200000762939453,9227,0.0,0.0,0.0
2023-03-02 15:30:00-05:00,28.233600616455078,28.25,28.20050048828125,28.21109962463379,4354,0.0,0.0,0.0
2023-03-03 09:30:00-05:00,28.3799991607666,28.43000030517578,28.31999969482422,28.43000030517578,0,0.0,0.0,0.0
2023-03-03 10:30:00-05:00,28.3799991607666,28.450000762939453,28.360000610351562,28.447999954223633,59695,0.0,0.0,0.0
2023-03-03 11:30:00-05:00,28.42099952697754,28.5,28.399999618530273,28.47100067138672,18046,0.0,0.0,0.0
2023-03-03 12:30:00-05:00,28.459999084472656,28.549999237060547,28.459999084472656,28.549999237060547,2911,0.0,0.0,0.0
2023-03-03 13:30:00-05:00,28.520000457763672,28.590099334716797,28.5,28.56999969482422,17615,0.0,0.0,0.0
2023-03-03 14:30:00-05:00,28.57539939880371,28.6299991607666,28.554399490356445,28.59000015258789,72012,0.0,0.0,0.0
2023-03-03 15:30:00-05:00,28.559999465942383,28.648399353027344,28.559999465942383,28.579999923706055,9073,0.0,0.0,0.0
2023-03-06 09:30:00-05:00,28.6200008392334,28.690000534057617,28.559999465942383,28.68000030517578,40275,0.0,0.0,0.0
2023-03-06 10:30:00-05:00,28.6299991607666,28.66550064086914,28.600000381469727,28.639999389648438,7530,0.0,0.0,0.0
2023-03-06 11:30:00-05:00,28.635000228881836,28.68000030517578,28.635000228881836,28.670000076293945,1489,0.0,0.0,0.0
2023-03-06 12:30:00-05:00,28.649999618530273,28.649999618530273,28.60099983215332,28.628000259399414,10462,0.0,0.0,0.0
2023-03-06 13:30:00-05:00,28.600000381469727,28.614999771118164,28.56800079345703,28.585500717163086,13866,0.0,0.0,0.0
2023-03-06 14:30:00-05:00,28.600000381469727,28.600000381469727,28.553800582885742,28.56999969482422,4212,0.0,0.0,0.0
2023-03-06 15:30:00-05:00,28.559999465942383,28.631999969482422,28.559099197387695,28.610000610351562,14225,0.0,0.0,0.0
2023-03-07 09:30:00-05:00,28.540000915527344,28.540000915527344,28.247400283813477,28.290000915527344,19977,0.0,0.0,0.0
2023-03-07 10:30:00-05:00,28.299999237060547,28.360000610351562,28.200000762939453,28.219999313354492,15099,0.0,0.0,0.0
2023-03-07 11:30:00-05:00,28.209999084472656,28.260000228881836,28.190000534057617,28.25589942932129,38471,0.0,0.0,0.0
2023-03-07 12:30:00-05:00,28.246000289916992,28.25,28.139999389648438,28.139999389648438,7071,0.0,0.0,0.0
2023-03-07 13:30:00-05:00,28.167999267578125,28.167999267578125,28.050100326538086,28.050100326538086,20270,0.0,0.0,0.0
2023-03-07 14:30:00-05:00,28.079999923706055,28.1200008392334,28.070100784301758,28.100000381469727,24818,0.0,0.0,0.0
2023-03-07 15:30:00-05:00,28.1200008392334,28.1299991607666,28.079999923706055,28.09000015258789,10956,0.0,0.0,0.0
2023-03-08 09:30:00-05:00,28.09000015258789,28.215900421142578,28.09000015258789,28.204999923706055,0,0.0,0.0,0.0
2023-03-08 10:30:00-05:00,28.280000686645508,28.30389976501465,28.20039939880371,28.260000228881836,9689,0.0,0.0,0.0
2023-03-08 11:30:00-05:00,28.15999984741211,28.25,28.15999984741211,28.200000762939453,5560,0.0,0.0,0.0
2023-03-08 12:30:00-05:00,28.200000762939453,28.21500015258789,28.144899368286133,28.145000457763672,6425,0.0,0.0,0.0
2023-03-08 13:30:00-05:00,28.13800048828125,28.170000076293945,28.131999969482422,28.15760040283203,5291,0.0,0.0,0.0
2023-03-08 14:30:00-05:00,28.190000534057617,28.216100692749023,28.15130043029785,28.170000076293945,15628,0.0,0.0,0.0
2023-03-08 15:30:00-05:00,28.19499969482422,28.25,28.178600311279297,28.25,6800,0.0,0.0,0.0
2023-03-09 09:30:00-05:00,28.3799991607666,28.41080093383789,28.290000915527344,28.290000915527344,0,0.0,0.0,0.0
2023-03-09 10:30:00-05:00,28.34000015258789,28.350000381469727,28.275699615478516,28.30500030517578,7301,0.0,0.0,0.0
2023-03-09 11:30:00-05:00,28.280000686645508,28.280000686645508,28.22909927368164,28.22909927368164,904,0.0,0.0,0.0
2023-03-09 12:30:00-05:00,28.219999313354492,28.229999542236328,28.209999084472656,28.209999084472656,3332,0.0,0.0,0.0
2023-03-09 13:30:00-05:00,28.204200744628906,28.204200744628906,28.14259910583496,28.170000076293945,5779,0.0,0.0,0.0
2023-03-09 14:30:00-05:00,28.149999618530273,28.149999618530273,27.989999771118164,28.0,7306,0.0,0.0,0.0
2023-03-09 15:30:00-05:00,27.99049949645996,28.020000457763672,27.99049949645996,28.010000228881836,10553,0.0,0.0,0.0
2023-03-10 09:30:00-05:00,28.09000015258789,28.100000381469727,27.950000762939453,28.010000228881836,0,0.0,0.0,0.0
2023-03-10 10:30:00-05:00,28.040000915527344,28.1200008392334,28.03499984741211,28.049999237060547,3173,0.0,0.0,0.0
2023-03-10 11:30:00-05:00,28.059999465942383,28.110000610351562,27.93000030517578,27.959999084472656,3597,0.0,0.0,0.0
2023-03-10 12:30:00-05:00,27.930099487304688,28.0,27.799999237060547,27.824100494384766,12114,0.0,0.0,0.0
2023-03-10 13:30:00-05:00,27.799999237060547,27.809999465942383,27.719999313354492,27.770000457763672,16596,0.0,0.0,0.0
2023-03-10 14:30:00-05:00,27.770000457763672,27.860000610351562,27.770000457763672,27.81999969482422,8613,0.0,0.0,0.0
2023-03-10 15:30:00-05:00,27.799999237060547,27.82309913635254,27.75,27.75,10764,0.0,0.0,0.0
2023-03-13 09:30:00-04:00,27.5,27.679000854492188,27.34040069580078,27.489999771118164,0,0.0,0.0,0.0
2023-03-13 10:30:00-04:00,27.526100158691406,27.700300216674805,27.526100158691406,27.670000076293945,1398,0.0,0.0,0.0
2023-03-13 11:30:00-04:00,27.77429962158203,27.77429962158203,27.559999465942383,27.59000015258789,4932,0.0,0.0,0.0
2023-03-13 12:30:00-04:00,27.59000015258789,27.610000610351562,27.5,27.579999923706055,4512,0.0,0.0,0.0
2023-03-13 13:30:00-04:00,27.56999969482422,27.63330078125,27.559999465942383,27.63330078125,2981,0.0,0.0,0.0
2023-03-13 14:30:00-04:00,27.67259979248047,27.67259979248047,27.56800079345703,27.56800079345703,983,0.0,0.0,0.0
2023-03-13 15:30:00-04:00,27.594999313354492,27.628000259399414,27.520000457763672,27.520000457763672,8905,0.0,0.0,0.0
2023-03-14 09:30:00-04:00,27.850000381469727,27.860000610351562,27.729999542236328,27.809999465942383,34048,0.0,0.0,0.0
2023-03-14 10:30:00-04:00,27.82710075378418,27.877399444580078,27.780000686645508,27.8700008392334,17019,0.0,0.0,0.0
2023-03-14 11:30:00-04:00,27.863300323486328,27.8799991607666,27.81999969482422,27.81999969482422,2812,0.0,0.0,0.0
2023-03-14 12:30:00-04:00,27.770000457763672,27.770000457763672,27.700599670410156,27.75469970703125,2461,0.0,0.0,0.0
2023-03-14 13:30:00-04:00,27.770000457763672,27.802200317382812,27.729999542236328,27.760000228881836,186541,0.0,0.0,0.0
2023-03-14 14:30:00-04:00,27.8075008392334,27.8075008392334,27.75,27.75,47104,0.0,0.0,0.0
2023-03-14 15:30:00-04:00,27.799999237060547,27.889999389648438,27.770000457763672,27.885000228881836,0,0.0,0.0,0.0
2023-03-15 09:30:00-04:00,26.93000030517578,27.00119972229004,26.895000457763672,26.969999313354492,15855,0.0,0.0,0.0
2023-03-15 10:30:00-04:00,26.959999084472656,26.969999313354492,26.809999465942383,26.933500289916992,9428,0.0,0.0,0.0
2023-03-15 11:30:00-04:00,26.89539909362793,26.921899795532227,26.809999465942383,26.809999465942383,75682,0.0,0.0,0.0
2023-03-15 12:30:00-04:00,26.75,26.814199447631836,26.700000762939453,26.790199279785156,7303,0.0,0.0,0.0
2023-03-15 13:30:00-04:00,26.809999465942383,26.889999389648438,26.760000228881836,26.889999389648438,1738,0.0,0.0,0.0
2023-03-15 14:30:00-04:00,27.024999618530273,27.049999237060547,26.959999084472656,26.959999084472656,5454,0.0,0.0,0.0
2023-03-15 15:30:00-04:00,27.010000228881836,27.01129913330078,26.920000076293945,27.0,4812,0.0,0.0,0.0
2023-03-16 09:30:00-04:00,26.792999267578125,27.010000228881836,26.76129913330078,26.873899459838867,0,0.0,0.0,0.0
2023-03-16 10:30:00-04:00,26.920000076293945,27.219999313354492,26.91860008239746,27.219999313354492,10716,0.0,0.0,0.0
2023-03-16 11:30:00-04:00,27.149999618530273,27.25,27.149999618530273,27.24090003967285,2847,0.0,0.0,0.0
2023-03-16 12:30:00-04:00,27.280000686645508,27.329999923706055,27.280000686645508,27.31999969482422,3029,0.0,0.0,0.0
2023-03-16 13:30:00-04:00,27.298799514770508,27.299999237060547,27.25309944152832,27.288999557495117,4507,0.0,0.0,0.0
2023-03-16 14:30:00-04:00,27.260000228881836,27.360000610351562,27.260000228881836,27.360000610351562,6823,0.0,0.0,0.0
2023-03-16 15:30:00-04:00,27.3700008392334,27.399999618530273,27.33009910583496,27.399999618530273,8124,0.0,0.0,0.0
2023-03-17 09:30:00-04:00,27.079999923706055,27.108999252319336,26.979999542236328,26.979999542236328,0,0.0,0.0,0.0
2023-03-17 10:30:00-04:00,26.959999084472656,27.030000686645508,26.950000762939453,26.950000762939453,30366,0.0,0.0,0.0
2023-03-17 11:30:00-04:00,26.959999084472656,27.089000701904297,26.899999618530273,27.075000762939453,20064,0.0,0.0,0.0
2023-03-17 12:30:00-04:00,27.09000015258789,27.093399047851562,27.059999465942383,27.059999465942383,920,0.0,0.0,0.0
2023-03-17 13:30:00-04:00,27.068099975585938,27.07900047302246,27.010000228881836,27.010000228881836,9801,0.0,0.0,0.0
2023-03-17 14:30:00-04:00,27.040000915527344,27.110000610351562,27.040000915527344,27.079999923706055,3650,0.0,0.0,0.0
2023-03-17 15:30:00-04:00,27.08650016784668,27.100000381469727,27.010000228881836,27.010000228881836,9328,0.0,0.0,0.0
2023-03-20 09:30:00-04:00,27.399999618530273,27.450000762939453,27.34000015258789,27.423599243164062,0,0.0,0.0,0.0
2023-03-20 10:30:00-04:00,27.469900131225586,27.562700271606445,27.469900131225586,27.555599212646484,4840,0.0,0.0,0.0
2023-03-20 11:30:00-04:00,27.549999237060547,27.559900283813477,27.479999542236328,27.559900283813477,1743,0.0,0.0,0.0
2023-03-20 12:30:00-04:00,27.450000762939453,27.544700622558594,27.450000762939453,27.53569984436035,1094,0.0,0.0,0.0
2023-03-20 13:30:00-04:00,27.514999389648438,27.530399322509766,27.489999771118164,27.489999771118164,2788,0.0,0.0,0.0
2023-03-20 14:30:00-04:00,27.510099411010742,27.540000915527344,27.489999771118164,27.5,7358,0.0,0.0,0.0
2023-03-20 15:30:00-04:00,27.545000076293945,27.545000076293945,27.5,27.5,2255,0.0,0.0,0.0
2023-03-21 09:30:00-04:00,27.920000076293945,27.920000076293945,27.78380012512207,27.78380012512207,0,0.0,0.0,0.0
2023-03-21 10:30:00-04:00,27.780000686645508,27.780000686645508,27.774999618530273,27.774999618530273,418,0.0,0.0,0.0
2023-03-21 11:30:00-04:00,27.719999313354492,27.769899368286133,27.71500015258789,27.72010040283203,917,0.0,0.0,0.0
2023-03-21 12:30:00-04:00,27.742000579833984,27.75,27.723400115966797,27.747400283813477,4294,0.0,0.0,0.0
2023-03-21 13:30:00-04:00,27.799999237060547,27.799999237060547,27.72010040283203,27.775699615478516,3998,0.0,0.0,0.0
2023-03-21 14:30:00-04:00,27.780000686645508,27.839399337768555,27.763999938964844,27.81999969482422,8703,0.0,0.0,0.0
2023-03-21 15:30:00-04:00,27.823999404907227,27.8700008392334,27.823999404907227,27.83769989013672,2696,0.0,0.0,0.0
2023-03-22 09:30:00-04:00,27.829999923706055,27.850000381469727,27.81999969482422,27.850000381469727,0,0.0,0.0,0.0
2023-03-22 10:30:00-04:00,27.90999984741211,27.938499450683594,27.860000610351562,27.889999389648438,4617,0.0,0.0,0.0
2023-03-22 11:30:00-04:00,27.86009979248047,27.888999938964844,27.809999465942383,27.834999084472656,6035,0.0,0.0,0.0
2023-03-22 12:30:00-04:00,27.84950065612793,27.850000381469727,27.801300048828125,27.829999923706055,2234,0.0,0.0,0.0
2023-03-22 13:30:00-04:00,27.850000381469727,28.02989959716797,27.82270050048828,28.020000457763672,10890,0.0,0.0,0.0
2023-03-22 14:30:00-04:00,27.960100173950195,28.170000076293945,27.850099563598633,27.990100860595703,20875,0.0,0.0,0.0
2023-03-22 15:30:00-04:00,27.990100860595703,28.014999389648438,27.72439956665039,27.739999771118164,7094,0.0,0.0,0.0
2023-03-23 09:30:00-04:00,27.979999542236328,28.040000915527344,27.940000534057617,28.020000457763672,5484,0.0,0.0,0.0
2023-03-23 10:30:00-04:00,28.010000228881836,28.11989974975586,28.010000228881836,28.100000381469727,3728,0.0,0.0,0.0
2023-03-23 11:30:00-04:00,28.079999923706055,28.079999923706055,28.073999404907227,28.079999923706055,1811,0.0,0.0,0.0
2023-03-23 12:30:00-04:00,28.059999465942383,28.059999465942383,27.89900016784668,27.89900016784668,4752,0.0,0.0,0.0
2023-03-23 13:30:00-04:00,27.889999389648438,27.889999389648438,27.84000015258789,27.84000015258789,4229,0.0,0.0,0.0
2023-03-23 14:30:00-04:00,27.690000534057617,27.789400100708008,27.639999389648438,27.700000762939453,10069,0.0,0.0,0.0
2023-03-23 15:30:00-04:00,27.65999984741211,27.79800033569336,27.65999984741211,27.760000228881836,17258,0.0,0.0,0.0
2023-03-24 09:30:00-04:00,27.579999923706055,27.579999923706055,27.450000762939453,27.450000762939453,0,0.0,0.0,0.0
2023-03-24 10:30:00-04:00,27.521099090576172,27.52989959716797,27.440000534057617,27.450000762939453,7111,0.0,0.0,0.0
2023-03-24 11:30:00-04:00,27.549999237060547,27.59000015258789,27.518699645996094,27.518699645996094,1166,0.0,0.0,0.0
2023-03-24 12:30:00-04:00,27.549999237060547,27.61949920654297,27.549999237060547,27.579999923706055,393476,0.0,0.0,0.0
2023-03-24 13:30:00-04:00,27.6299991607666,27.6299991607666,27.600000381469727,27.600000381469727,2049,0.0,0.0,0.0
2023-03-24 14:30:00-04:00,27.6299991607666,27.670000076293945,27.628999710083008,27.670000076293945,4339,0.0,0.0,0.0
2023-03-24 15:30:00-04:00,27.690000534057617,27.71150016784668,27.639999389648438,27.647199630737305,4198,0.0,0.0,0.0
2023-03-27 09:30:00-04:00,27.8799991607666,27.8799991607666,27.81999969482422,27.850000381469727,0,0.0,0.0,0.0
2023-03-27 10:30:00-04:00,27.81999969482422,27.829999923706055,27.760000228881836,27.79400062561035,11200,0.0,0.0,0.0
2023-03-27 11:30:00-04:00,27.814599990844727,27.821500778198242,27.809999465942383,27.821500778198242,1348,0.0,0.0,0.0
2023-03-27 12:30:00-04:00,27.833900451660156,27.88479995727539,27.829999923706055,27.88479995727539,6416,0.0,0.0,0.0
2023-03-27 13:30:00-04:00,27.896799087524414,27.896799087524414,27.8700008392334,27.8799991607666,2370,0.0,0.0,0.0
2023-03-27 14:30:00-04:00,27.890100479125977,27.940000534057617,27.890100479125977,27.90999984741211,16887,0.0,0.0,0.0
2023-03-27 15:30:00-04:00,27.920000076293945,27.938100814819336,27.895000457763672,27.920000076293945,4371,0.0,0.0,0.0
2023-03-28 09:30:00-04:00,27.8799991607666,27.93000030517578,27.8799991607666,27.924999237060547,0,0.0,0.0,0.0
2023-03-28 10:30:00-04:00,27.93000030517578,27.944000244140625,27.895200729370117,27.944000244140625,2974,0.0,0.0,0.0
2023-03-28 11:30:00-04:00,27.96179962158203,27.979999542236328,27.940000534057617,27.940000534057617,6509,0.0,0.0,0.0
2023-03-28 12:30:00-04:00,27.94499969482422,27.959800720214844,27.93899917602539,27.93899917602539,2440,0.0,0.0,0.0
2023-03-28 13:30:00-04:00,27.940000534057617,27.950000762939453,27.889999389648438,27.889999389648438,4780,0.0,0.0,0.0
2023-03-28 15:30:00-04:00,27.914499282836914,27.940000534057617,27.914499282836914,27.93869972229004,0,0.0,0.0,0.0
2023-03-29 09:30:00-04:00,28.290000915527344,28.290000915527344,28.170000076293945,28.25,14577,0.0,0.0,0.0
2023-03-29 10:30:00-04:00,28.229999542236328,28.239999771118164,28.170000076293945,28.219999313354492,11572,0.0,0.0,0.0
2023-03-29 11:30:00-04:00,28.260000228881836,28.260000228881836,28.240100860595703,28.240100860595703,3964,0.0,0.0,0.0
2023-03-29 12:30:00-04:00,28.239999771118164,28.239999771118164,28.190000534057617,28.225000381469727,3818,0.0,0.0,0.0
2023-03-29 13:30:00-04:00,28.229999542236328,28.239999771118164,28.229999542236328,28.229999542236328,1980,0.0,0.0,0.0
2023-03-29 14:30:00-04:00,28.229999542236328,28.239999771118164,28.22100067138672,28.221500396728516,3990,0.0,0.0,0.0
2023-03-29 15:30:00-04:00,28.270000457763672,28.290000915527344,28.260000228881836,28.270000457763672,17465,0.0,0.0,0.0
2023-03-30 09:30:00-04:00,28.56999969482422,28.6299991607666,28.461200714111328,28.6200008392334,0,0.0,0.0,0.0
2023-03-30 10:30:00-04:00,28.614999771118164,28.645000457763672,28.610000610351562,28.61009979248047,9431,0.0,0.0,0.0
2023-03-30 11:30:00-04:00,28.6200008392334,28.6200008392334,28.602500915527344,28.602500915527344,3331,0.0,0.0,0.0
2023-03-30 12:30:00-04:00,28.600000381469727,28.610000610351562,28.579999923706055,28.579999923706055,2458,0.0,0.0,0.0
2023-03-30 13:30:00-04:00,28.583999633789062,28.610000610351562,28.559799194335938,28.600000381469727,16299,0.0,0.0,0.0
2023-03-30 14:30:00-04:00,28.61009979248047,28.61009979248047,28.590099334716797,28.610000610351562,4608,0.0,0.0,0.0
2023-03-30 15:30:00-04:00,28.614999771118164,28.639999389648438,28.600000381469727,28.600000381469727,15524,0.0,0.0,0.0
2023-03-31 09:30:00-04:00,28.649999618530273,28.780000686645508,28.649999618530273,28.760000228881836,15086,0.0,0.0,0.0
2023-03-31 10:30:00-04:00,28.770000457763672,28.770000457763672,28.700000762939453,28.760000228881836,4026,0.0,0.0,0.0
2023-03-31 11:30:00-04:00,28.760000228881836,28.760000228881836,28.715499877929688,28.715499877929688,2828,0.0,0.0,0.0
2023-03-31 12:30:00-04:00,28.710100173950195,28.725000381469727,28.710100173950195,28.725000381469727,365923,0.0,0.0,0.0
2023-03-31 13:30:00-04:00,28.719999313354492,28.719999313354492,28.670000076293945,28.700000762939453,9273,0.0,0.0,0.0
2023-03-31 14:30:00-04:00,28.700000762939453,28.742900848388672,28.700000762939453,28.742900848388672,3288,0.0,0.0,0.0
2023-03-31 15:30:00-04:00,28.700000762939453,28.75,28.700000762939453,28.75,4376,0.0,0.0,0.0
2023-04-03 09:30:00-04:00,28.780000686645508,28.95439910888672,28.780000686645508,28.920000076293945,9616,0.0,0.0,0.0
2023-04-03 10:30:00-04:00,28.959999084472656,28.959999084472656,28.799999237060547,28.826400756835938,8507,0.0,0.0,0.0
2023-04-03 12:30:00-04:00,28.875,28.875,28.834999084472656,28.850000381469727,3751,0.0,0.0,0.0
2023-04-03 13:30:00-04:00,28.850000381469727,28.90999984741211,28.850000381469727,28.90999984741211,5704,0.0,0.0,0.0
2023-04-03 14:30:00-04:00,28.923500061035156,28.93079948425293,28.920000076293945,28.920000076293945,1300,0.0,0.0,0.0
2023-04-03 15:30:00-04:00,28.954999923706055,29.0,28.93000030517578,29.0,0,0.0,0.0,0.0
2023-04-04 09:30:00-04:00,29.040000915527344,29.040000915527344,28.959999084472656,28.989999771118164,7979,0.0,0.0,0.0
2023-04-04 10:30:00-04:00,29.020000457763672,29.020000457763672,28.950000762939453,28.950000762939453,3887,0.0,0.0,0.0
2023-04-04 11:30:00-04:00,28.959999084472656,28.959999084472656,28.886699676513672,28.886699676513672,0,0.0,0.0,0.0
2023-04-04 12:30:00-04:00,28.920000076293945,28.950000762939453,28.889999389648438,28.920000076293945,31554,0.0,0.0,0.0
2023-04-04 13:30:00-04:00,28.960800170898438,28.960800170898438,28.93000030517578,28.93000030517578,8733,0.0,0.0,0.0
2023-04-04 14:30:00-04:00,28.940000534057617,28.950000762939453,28.90999984741211,28.90999984741211,8925,0.0,0.0,0.0
2023-04-04 15:30:00-04:00,28.90999984741211,28.959999084472656,28.90999984741211,28.959999084472656,249467,0.0,0.0,0.0
2023-04-05 09:30:00-04:00,28.889999389648438,28.889999389648438,28.799999237060547,28.809999465942383,0,0.0,0.0,0.0
2023-04-05 10:30:00-04:00,28.799999237060547,28.799999237060547,28.749900817871094,28.772899627685547,732,0.0,0.0,0.0
2023-04-05 11:30:00-04:00,28.80500030517578,28.81760025024414,28.760000228881836,28.760000228881836,7523,0.0,0.0,0.0
2023-04-05 12:30:00-04:00,28.770000457763672,28.770000457763672,28.729900360107422,28.770000457763672,16761,0.0,0.0,0.0
2023-04-05 13:30:00-04:00,28.780000686645508,28.798900604248047,28.760000228881836,28.790000915527344,2658,0.0,0.0,0.0
2023-04-05 14:30:00-04:00,28.790000915527344,28.815000534057617,28.760299682617188,28.790000915527344,10148,0.0,0.0,0.0
2023-04-05 15:30:00-04:00,28.82990074157715,28.831899642944336,28.799999237060547,28.799999237060547,7971,0.0,0.0,0.0
2023-04-06 09:30:00-04:00,28.860000610351562,28.889999389648438,28.780000686645508,28.871000289916992,17463,0.0,0.0,0.0
2023-04-06 10:30:00-04:00,28.860000610351562,28.909500122070312,28.829999923706055,28.909500122070312,13040,0.0,0.0,0.0
2023-04-06 11:30:00-04:00,28.8700008392334,28.954999923706055,28.8700008392334,28.950000762939453,7418,0.0,0.0,0.0
2023-04-06 12:30:00-04:00,29.0,29.020000457763672,28.983400344848633,28.989999771118164,25403,0.0,0.0,0.0
2023-04-06 13:30:00-04:00,28.989999771118164,29.01449966430664,28.982200622558594,28.989999771118164,8285,0.0,0.0,0.0
2023-04-06 14:30:00-04:00,28.98699951171875,29.016399383544922,28.950000762939453,28.950000762939453,17601,0.0,0.0,0.0
2023-04-06 15:30:00-04:00,28.97960090637207,28.97960090637207,28.90999984741211,28.90999984741211,4948,0.0,0.0,0.0
2023-04-10 09:30:00-04:00,28.850000381469727,28.850000381469727,28.735700607299805,28.760000228881836,24556,0.0,0.0,0.0
2023-04-10 10:30:00-04:00,28.790000915527344,28.850000381469727,28.750099182128906,28.829999923706055,13998,0.0,0.0,0.0
2023-04-10 11:30:00-04:00,28.850000381469727,28.850000381469727,28.75,28.829999923706055,15429,0.0,0.0,0.0
2023-04-10 12:30:00-04:00,28.848600387573242,28.885499954223633,28.819499969482422,28.88249969482422,8154,0.0,0.0,0.0
2023-04-10 13:30:00-04:00,28.840099334716797,28.91510009765625,28.84000015258789,28.883899688720703,10049,0.0,0.0,0.0
2023-04-10 14:30:00-04:00,28.850000381469727,28.93000030517578,28.850000381469727,28.895000457763672,17330,0.0,0.0,0.0
2023-04-10 15:30:00-04:00,28.88450050354004,28.959999084472656,28.870100021362305,28.959999084472656,0,0.0,0.0,0.0
2023-04-11 09:30:00-04:00,29.1299991607666,29.1299991607666,29.0,29.049999237060547,21085,0.0,0.0,0.0
2023-04-11 10:30:00-04:00,29.063899993896484,29.069400787353516,28.989999771118164,29.069400787353516,5111,0.0,0.0,0.0
2023-04-11 11:30:00-04:00,29.030500411987305,29.069900512695312,29.01140022277832,29.030000686645508,7686,0.0,0.0,0.0
2023-04-11 12:30:00-04:00,29.04990005493164,29.06999969482422,29.030000686645508,29.059999465942383,15054,0.0,0.0,0.0
2023-04-11 13:30:00-04:00,29.0,29.09000015258789,29.0,29.071199417114258,9487,0.0,0.0,0.0
2023-04-11 14:30:00-04:00,29.079999923706055,29.13990020751953,29.059999465942383,29.128999710083008,8045,0.0,0.0,0.0
2023-04-11 15:30:00-04:00,29.100000381469727,29.139999389648438,29.030000686645508,29.030000686645508,0,0.0,0.0,0.0
2023-04-12 09:30:00-04:00,29.43000030517578,29.43000030517578,29.229999542236328,29.280000686645508,5593,0.0,0.0,0.0
2023-04-12 10:30:00-04:00,29.30500030517578,29.30500030517578,29.170000076293945,29.25,9809,0.0,0.0,0.0
2023-04-12 11:30:00-04:00,29.209999084472656,29.350000381469727,29.200000762939453,29.31999969482422,7821,0.0,0.0,0.0
2023-04-12 12:30:00-04:00,29.31999969482422,29.350400924682617,29.299999237060547,29.34000015258789,6130,0.0,0.0,0.0
2023-04-12 13:30:00-04:00,29.3799991607666,29.40999984741211,29.299999237060547,29.299999237060547,6498,0.0,0.0,0.0
2023-04-12 14:30:00-04:00,29.3031005859375,29.31999969482422,29.206600189208984,29.239999771118164,7396,0.0,0.0,0.0
2023-04-12 15:30:00-04:00,29.209800720214844,29.267499923706055,29.200000762939453,29.20240020751953,3521,0.0,0.0,0.0
2023-04-13 09:30:00-04:00,29.540000915527344,29.540000915527344,29.420000076293945,29.456199645996094,0,0.0,0.0,0.0
2023-04-13 10:30:00-04:00,29.468900680541992,29.510000228881836,29.468900680541992,29.510000228881836,2286,0.0,0.0,0.0
2023-04-13 11:30:00-04:00,29.520000457763672,29.554399490356445,29.491500854492188,29.554399490356445,4311,0.0,0.0,0.0
2023-04-13 12:30:00-04:00,29.53820037841797,29.56999969482422,29.510000228881836,29.56999969482422,7947,0.0,0.0,0.0
2023-04-13 13:30:00-04:00,29.56999969482422,29.629899978637695,29.530099868774414,29.629899978637695,2889,0.0,0.0,0.0
2023-04-13 14:30:00-04:00,29.619199752807617,29.6299991607666,29.59000015258789,29.594999313354492,9342,0.0,0.0,0.0
2023-04-13 15:30:00-04:00,29.56999969482422,29.6200008392334,29.56999969482422,29.600000381469727,6566,0.0,0.0,0.0
2023-04-14 09:30:00-04:00,29.649999618530273,29.649999618530273,29.469999313354492,29.469999313354492,0,0.0,0.0,0.0
2023-04-14 10:30:00-04:00,29.466800689697266,29.498600006103516,29.415000915527344,29.415000915527344,22606,0.0,0.0,0.0
2023-04-14 11:30:00-04:00,29.440000534057617,29.440000534057617,29.36009979248047,29.40999984741211,10162,0.0,0.0,0.0
2023-04-14 12:30:00-04:00,29.399999618530273,29.420000076293945,29.350000381469727,29.40999984741211,8889,0.0,0.0,0.0
2023-04-14 13:30:00-04:00,29.389999389648438,29.440000534057617,29.36989974975586,29.43000030517578,20875,0.0,0.0,0.0
2023-04-14 14:30:00-04:00,29.450000762939453,29.469999313354492,29.40999984741211,29.436599731445312,16447,0.0,0.0,0.0
2023-04-14 15:30:00-04:00,29.430999755859375,29.479999542236328,29.430999755859375,29.479999542236328,6325,0.0,0.0,0.0
2023-04-17 09:30:00-04:00,29.469999313354492,29.469999313354492,29.309999465942383,29.3356990814209,11506,0.0,0.0,0.0
2023-04-17 10:30:00-04:00,29.350000381469727,29.350000381469727,29.29319953918457,29.30030059814453,29379,0.0,0.0,0.0
2023-04-17 11:30:00-04:00,29.309999465942383,29.31999969482422,29.280000686645508,29.309999465942383,4130,0.0,0.0,0.0
2023-04-17 12:30:00-04:00,29.31999969482422,29.34000015258789,29.295000076293945,29.34000015258789,3230,0.0,0.0,0.0
2023-04-17 13:30:00-04:00,29.34000015258789,29.34000015258789,29.298500061035156,29.31999969482422,7070,0.0,0.0,0.0
2023-04-17 14:30:00-04:00,29.34000015258789,29.389999389648438,29.33300018310547,29.389999389648438,4847,0.0,0.0,0.0
2023-04-17 15:30:00-04:00,29.3794002532959,29.40999984741211,29.3700008392334,29.40999984741211,10518,0.0,0.0,0.0
2023-04-18 09:30:00-04:00,29.639999389648438,29.639999389648438,29.489999771118164,29.519899368286133,0,0.0,0.0,0.0
2023-04-18 10:30:00-04:00,29.50160026550293,29.520000457763672,29.487600326538086,29.487600326538086,6740,0.0,0.0,0.0
2023-04-18 11:30:00-04:00,29.5044002532959,29.509000778198242,29.459999084472656,29.5,2068,0.0,0.0,0.0
2023-04-18 12:30:00-04:00,29.52750015258789,29.52750015258789,29.5049991607666,29.5049991607666,1851,0.0,0.0,0.0
2023-04-18 13:30:00-04:00,29.520000457763672,29.530000686645508,29.510000228881836,29.510000228881836,4127,0.0,0.0,0.0
2023-04-18 14:30:00-04:00,29.53700065612793,29.56999969482422,29.5,29.530000686645508,21286,0.0,0.0,0.0
2023-04-18 15:30:00-04:00,29.528099060058594,29.559999465942383,29.528099060058594,29.540000915527344,4358,0.0,0.0,0.0
2023-04-19 09:30:00-04:00,29.479999542236328,29.48069953918457,29.40999984741211,29.450000762939453,0,0.0,0.0,0.0
2023-04-19 10:30:00-04:00,29.459999084472656,29.499900817871094,29.450000762939453,29.459999084472656,18712,0.0,0.0,0.0
2023-04-19 11:30:00-04:00,29.450000762939453,29.459999084472656,29.438100814819336,29.438100814819336,15126,0.0,0.0,0.0
2023-04-19 12:30:00-04:00,29.44409942626953,29.489999771118164,29.44409942626953,29.475000381469727,6414,0.0,0.0,0.0
2023-04-19 13:30:00-04:00,29.479999542236328,29.5,29.469999313354492,29.485000610351562,7308,0.0,0.0,0.0
2023-04-19 14:30:00-04:00,29.474899291992188,29.488000869750977,29.469999313354492,29.469999313354492,3943,0.0,0.0,0.0
2023-04-19 15:30:00-04:00,29.475000381469727,29.479999542236328,29.450000762939453,29.450000762939453,15068,0.0,0.0,0.0
2023-04-20 09:30:00-04:00,29.489999771118164,29.506000518798828,29.440000534057617,29.485000610351562,0,0.0,0.0,0.0
2023-04-20 10:30:00-04:00,29.513599395751953,29.535200119018555,29.450000762939453,29.450000762939453,6222,0.0,0.0,0.0
2023-04-20 11:30:00-04:00,29.450000762939453,29.51490020751953,29.450000762939453,29.489999771118164,7234,0.0,0.0,0.0
2023-04-20 12:30:00-04:00,29.5,29.548999786376953,29.468700408935547,29.548999786376953,8091,0.0,0.0,0.0
2023-04-20 13:30:00-04:00,29.528099060058594,29.540700912475586,29.469999313354492,29.469999313354492,23993,0.0,0.0,0.0
2023-04-20 14:30:00-04:00,29.44499969482422,29.469999313354492,29.395999908447266,29.395999908447266,27795,0.0,0.0,0.0
2023-04-20 15:30:00-04:00,29.420000076293945,29.479999542236328,29.377899169921875,29.479999542236328,4653,0.0,0.0,0.0
2023-04-21 09:30:00-04:00,29.479999542236328,29.520000457763672,29.329999923706055,29.520000457763672,0,0.0,0.0,0.0
2023-04-21 10:30:00-04:00,29.485000610351562,29.489999771118164,29.3799991607666,29.459999084472656,6506,0.0,0.0,0.0
2023-04-21 11:30:00-04:00,29.5,29.54599952697754,29.481700897216797,29.51449966430664,14066,0.0,0.0,0.0
2023-04-21 12:30:00-04:00,29.510000228881836,29.54319953918457,29.510000228881836,29.54319953918457,2918,0.0,0.0,0.0
2023-04-21 13:30:00-04:00,29.559999465942383,29.600000381469727,29.521499633789062,29.56999969482422,13710,0.0,0.0,0.0
2023-04-21 14:30:00-04:00,29.55500030517578,29.56999969482422,29.528200149536133,29.56999969482422,4125,0.0,0.0,0.0
2023-04-21 15:30:00-04:00,29.557300567626953,29.59000015258789,29.540300369262695,29.59000015258789,0,0.0,0.0,0.0
2023-04-24 09:30:00-04:00,29.649999618530273,29.649999618530273,29.54010009765625,29.600000381469727,16355,0.0,0.0,0.0
2023-04-24 10:30:00-04:00,29.600000381469727,29.6200008392334,29.583999633789062,29.583999633789062,1451,0.0,0.0,0.0
2023-04-24 11:30:00-04:00,29.58209991455078,29.591299057006836,29.540000915527344,29.540000915527344,11784,0.0,0.0,0.0
2023-04-24 12:30:00-04:00,29.55579948425293,29.610000610351562,29.55579948425293,29.579999923706055,6114,0.0,0.0,0.0
2023-04-24 13:30:00-04:00,29.599000930786133,29.64069938659668,29.59000015258789,29.64069938659668,2513,0.0,0.0,0.0
2023-04-24 14:30:00-04:00,29.62689971923828,29.649999618530273,29.600000381469727,29.600000381469727,8729,0.0,0.0,0.0
2023-04-24 15:30:00-04:00,29.636999130249023,29.65999984741211,29.610000610351562,29.639400482177734,0,0.0,0.0,0.0
2023-04-25 09:30:00-04:00,29.56999969482422,29.56999969482422,29.38990020751953,29.38990020751953,27678,0.0,0.0,0.0
2023-04-25 10:30:00-04:00,29.40999984741211,29.459999084472656,29.389999389648438,29.441699981689453,15452,0.0,0.0,0.0
2023-04-25 11:30:00-04:00,29.44499969482422,29.44499969482422,29.389999389648438,29.389999389648438,10305,0.0,0.0,0.0
2023-04-25 12:30:00-04:00,29.360000610351562,29.389999389648438,29.2992000579834,29.309999465942383,16153,0.0,0.0,0.0
2023-04-25 13:30:00-04:00,29.299999237060547,29.299999237060547,29.273300170898438,29.27989959716797,5085,0.0,0.0,0.0
2023-04-25 14:30:00-04:00,29.290000915527344,29.309999465942383,29.253599166870117,29.299999237060547,165156,0.0,0.0,0.0
2023-04-25 15:30:00-04:00,29.276399612426758,29.290000915527344,29.266700744628906,29.280000686645508,4260,0.0,0.0,0.0
2023-04-26 09:30:00-04:00,29.520000457763672,29.520000457763672,29.329999923706055,29.329999923706055,0,0.0,0.0,0.0
2023-04-26 10:30:00-04:00,29.354999542236328,29.40999984741211,29.329999923706055,29.382099151611328,16704,0.0,0.0,0.0
2023-04-26 11:30:00-04:00,29.381999969482422,29.440000534057617,29.381999969482422,29.389999389648438,72059,0.0,0.0,0.0
2023-04-26 12:30:00-04:00,29.360000610351562,29.3887996673584,29.34000015258789,29.344900131225586,3059,0.0,0.0,0.0
2023-04-26 13:30:00-04:00,29.344999313354492,29.360000610351562,29.270000457763672,29.270000457763672,18439,0.0,0.0,0.0
2023-04-26 14:30:00-04:00,29.280000686645508,29.280000686645508,29.24799919128418,29.24799919128418,7998,0.0,0.0,0.0
2023-04-26 15:30:00-04:00,29.260000228881836,29.260000228881836,29.229999542236328,29.25,3341,0.0,0.0,0.0
2023-04-27 09:30:00-04:00,29.479999542236328,29.479999542236328,29.360000610351562,29.399999618530273,0,0.0,0.0,0.0
2023-04-27 10:30:00-04:00,29.399999618530273,29.440000534057617,29.38279914855957,29.38279914855957,8042,0.0,0.0,0.0
2023-04-27 11:30:00-04:00,29.450000762939453,29.46489906311035,29.42490005493164,29.464099884033203,3457,0.0,0.0,0.0
2023-04-27 12:30:00-04:00,29.440099716186523,29.4950008392334,29.440000534057617,29.4950008392334,5011,0.0,0.0,0.0
2023-04-27 13:30:00-04:00,29.524999618530273,29.56999969482422,29.520000457763672,29.56450080871582,9976,0.0,0.0,0.0
2023-04-27 14:30:00-04:00,29.556499481201172,29.614500045776367,29.556499481201172,29.61280059814453,3647,0.0,0.0,0.0
2023-04-27 15:30:00-04:00,29.610000610351562,29.6200008392334,29.58289909362793,29.610000610351562,7426,0.0,0.0,0.0
2023-04-28 09:30:00-04:00,29.440000534057617,29.46739959716797,29.350000381469727,29.45989990234375,21201,0.0,0.0,0.0
2023-04-28 10:30:00-04:00,29.459999084472656,29.510000228881836,29.440000534057617,29.5,20539,0.0,0.0,0.0
2023-04-28 11:30:00-04:00,29.540000915527344,29.56999969482422,29.530000686645508,29.565399169921875,3711,0.0,0.0,0.0
2023-04-28 12:30:00-04:00,29.559999465942383,29.56999969482422,29.549999237060547,29.565000534057617,4841,0.0,0.0,0.0
2023-04-28 13:30:00-04:00,29.559999465942383,29.56999969482422,29.54990005493164,29.56999969482422,5702,0.0,0.0,0.0
2023-04-28 14:30:00-04:00,29.540000915527344,29.549999237060547,29.514799118041992,29.520000457763672,16139,0.0,0.0,0.0
2023-04-28 15:30:00-04:00,29.540000915527344,29.600000381469727,29.539899826049805,29.600000381469727,4328,0.0,0.0,0.0
2023-05-01 09:30:00-04:00,29.719999313354492,29.719999313354492,29.57979965209961,29.638099670410156,21506,0.0,0.0,0.0
2023-05-01 10:30:00-04:00,29.56999969482422,29.629100799560547,29.54010009765625,29.56999969482422,7656,0.0,0.0,0.0
2023-05-01 11:30:00-04:00,29.588600158691406,29.59149932861328,29.530000686645508,29.579999923706055,7058,0.0,0.0,0.0
2023-05-01 12:30:00-04:00,29.579999923706055,29.610000610351562,29.579999923706055,29.610000610351562,149873,0.0,0.0,0.0
2023-05-01 13:30:00-04:00,29.594999313354492,29.649999618530273,29.59000015258789,29.649999618530273,4232,0.0,0.0,0.0
2023-05-01 14:30:00-04:00,29.642499923706055,29.642499923706055,29.530099868774414,29.56999969482422,8614,0.0,0.0,0.0
2023-05-01 15:30:00-04:00,29.54800033569336,29.579999923706055,29.520000457763672,29.530000686645508,35044,0.0,0.0,0.0
2023-05-02 09:30:00-04:00,29.34000015258789,29.34000015258789,29.110700607299805,29.110700607299805,313899,0.0,0.0,0.0
2023-05-02 10:30:00-04:00,29.100000381469727,29.16189956665039,29.069900512695312,29.069900512695312,11397,0.0,0.0,0.0
2023-05-02 11:30:00-04:00,29.059099197387695,29.129899978637695,29.049999237060547,29.1200008392334,13146,0.0,0.0,0.0
2023-05-02 12:30:00-04:00,29.110000610351562,29.1697998046875,29.110000610351562,29.166000366210938,6983,0.0,0.0,0.0
2023-05-02 13:30:00-04:00,29.18000030517578,29.219999313354492,29.15999984741211,29.200000762939453,6567,0.0,0.0,0.0
2023-05-02 14:30:00-04:00,29.18000030517578,29.229900360107422,29.174999237060547,29.209999084472656,18259,0.0,0.0,0.0
2023-05-02 15:30:00-04:00,29.228500366210938,29.239999771118164,29.209999084472656,29.239999771118164,2235,0.0,0.0,0.0
2023-05-03 09:30:00-04:00,29.360000610351562,29.399999618530273,29.321800231933594,29.350000381469727,0,0.0,0.0,0.0
2023-05-03 10:30:00-04:00,29.3799991607666,29.389999389648438,29.350000381469727,29.3700008392334,12304,0.0,0.0,0.0
2023-05-03 11:30:00-04:00,29.3799991607666,29.43000030517578,29.350000381469727,29.420000076293945,9414,0.0,0.0,0.0
2023-05-03 12:30:00-04:00,29.420000076293945,29.450000762939453,29.41860008239746,29.439899444580078,4550,0.0,0.0,0.0
2023-05-03 13:30:00-04:00,29.43000030517578,29.510000228881836,29.413999557495117,29.510000228881836,5216,0.0,0.0,0.0
2023-05-03 14:30:00-04:00,29.489999771118164,29.489999771118164,29.3700008392334,29.3700008392334,0,0.0,0.0,0.0
2023-05-03 15:30:00-04:00,29.315000534057617,29.350000381469727,29.25,29.350000381469727,0,0.0,0.0,0.0
2023-05-04 09:30:00-04:00,29.290000915527344,29.290000915527344,29.170000076293945,29.18000030517578,43597,0.0,0.0,0.0
2023-05-04 10:30:00-04:00,29.200000762939453,29.229000091552734,29.134899139404297,29.200000762939453,10452,0.0,0.0,0.0
2023-05-04 11:30:00-04:00,29.204700469970703,29.25,29.204700469970703,29.25,10195,0.0,0.0,0.0
2023-05-04 12:30:00-04:00,29.270000457763672,29.348800659179688,29.25,29.348800659179688,73471,0.0,0.0,0.0
2023-05-04 13:30:00-04:00,29.322099685668945,29.39940071105957,29.25,29.27989959716797,12119,0.0,0.0,0.0
2023-05-04 14:30:00-04:00,29.277999877929688,29.322900772094727,29.22100067138672,29.22100067138672,6371,0.0,0.0,0.0
2023-05-04 15:30:00-04:00,29.280000686645508,29.319900512695312,29.200000762939453,29.260000228881836,175547,0.0,0.0,0.0
2023-05-05 09:30:00-04:00,29.450000762939453,29.53380012512207,29.424999237060547,29.53380012512207,0,0.0,0.0,0.0
2023-05-05 10:30:00-04:00,29.527299880981445,29.6200008392334,29.527299880981445,29.6200008392334,36906,0.0,0.0,0.0
2023-05-05 11:30:00-04:00,29.6200008392334,29.649999618530273,29.61009979248047,29.62540054321289,16433,0.0,0.0,0.0
2023-05-05 12:30:00-04:00,29.649999618530273,29.68000030517578,29.635000228881836,29.68000030517578,213915,0.0,0.0,0.0
2023-05-05 13:30:00-04:00,29.66510009765625,29.700000762939453,29.639999389648438,29.699899673461914,12684,0.0,0.0,0.0
2023-05-05 14:30:00-04:00,29.709999084472656,29.762399673461914,29.709999084472656,29.739999771118164,4875,0.0,0.0,0.0
2023-05-05 15:30:00-04:00,29.76650047302246,29.76650047302246,29.719999313354492,29.725000381469727,4978,0.0,0.0,0.0
2023-05-08 09:30:00-04:00,29.920000076293945,29.920000076293945,29.709999084472656,29.709999084472656,0,0.0,0.0,0.0
2023-05-08 10:30:00-04:00,29.77829933166504,29.7898006439209,29.709999084472656,29.739999771118164,12879,0.0,0.0,0.0
2023-05-08 11:30:00-04:00,29.755199432373047,29.829999923706055,29.736099243164062,29.811500549316406,62701,0.0,0.0,0.0
2023-05-08 12:30:00-04:00,29.809200286865234,29.818700790405273,29.739999771118164,29.759300231933594,9374,0.0,0.0,0.0
2023-05-08 13:30:00-04:00,29.75,29.78849983215332,29.740100860595703,29.749399185180664,5005,0.0,0.0,0.0
2023-05-08 14:30:00-04:00,29.720500946044922,29.76849937438965,29.700000762939453,29.700000762939453,13454,0.0,0.0,0.0
2023-05-08 15:30:00-04:00,29.70009994506836,29.770000457763672,29.700000762939453,29.700000762939453,12624,0.0,0.0,0.0
2023-05-09 09:30:00-04:00,29.600000381469727,29.600000381469727,29.489999771118164,29.549999237060547,0,0.0,0.0,0.0
2023-05-09 10:30:00-04:00,29.552799224853516,29.659900665283203,29.552799224853516,29.622800827026367,8124,0.0,0.0,0.0
2023-05-09 11:30:00-04:00,29.580400466918945,29.6200008392334,29.559999465942383,29.61989974975586,9165,0.0,0.0,0.0
2023-05-09 12:30:00-04:00,29.579999923706055,29.6299991607666,29.564899444580078,29.600000381469727,6632,0.0,0.0,0.0
2023-05-09 13:30:00-04:00,29.64419937133789,29.755399703979492,29.600000381469727,29.676300048828125,38973,0.0,0.0,0.0
2023-05-09 14:30:00-04:00,29.677200317382812,29.6924991607666,29.6200008392334,29.674999237060547,7828,0.0,0.0,0.0
2023-05-09 15:30:00-04:00,29.648000717163086,29.670000076293945,29.6200008392334,29.649999618530273,0,0.0,0.0,0.0
2023-05-10 09:30:00-04:00,29.770000457763672,29.770000457763672,29.489999771118164,29.559999465942383,25660,0.0,0.0,0.0
2023-05-10 10:30:00-04:00,29.530000686645508,29.549999237060547,29.447599411010742,29.499900817871094,16092,0.0,0.0,0.0
2023-05-10 11:30:00-04:00,29.5,29.5,29.479000091552734,29.499900817871094,13715,0.0,0.0,0.0
2023-05-10 12:30:00-04:00,29.48940086364746,29.489999771118164,29.399999618530273,29.399999618530273,3272,0.0,0.0,0.0
2023-05-10 13:30:00-04:00,29.3700008392334,29.479999542236328,29.3700008392334,29.479999542236328,5855,0.0,0.0,0.0
2023-05-10 14:30:00-04:00,29.479999542236328,29.6200008392334,29.479999542236328,29.579999923706055,83772,0.0,0.0,0.0
2023-05-10 15:30:00-04:00,29.594100952148438,29.600000381469727,29.510000228881836,29.550800323486328,9069,0.0,0.0,0.0
2023-05-11 09:30:00-04:00,29.399999618530273,29.399999618530273,29.209999084472656,29.209999084472656,0,0.0,0.0,0.0
2023-05-11 10:30:00-04:00,29.232500076293945,29.329999923706055,29.232500076293945,29.329999923706055,4861,0.0,0.0,0.0
2023-05-11 11:30:00-04:00,29.34000015258789,29.382299423217773,29.299999237060547,29.382299423217773,6169,0.0,0.0,0.0
2023-05-11 12:30:00-04:00,29.375,29.375,29.360000610351562,29.360000610351562,3928,0.0,0.0,0.0
2023-05-11 13:30:00-04:00,29.360000610351562,29.3700008392334,29.31999969482422,29.336700439453125,16080,0.0,0.0,0.0
2023-05-11 14:30:00-04:00,29.37969970703125,29.396400451660156,29.360000610351562,29.396400451660156,12965,0.0,0.0,0.0
2023-05-11 15:30:00-04:00,29.399999618530273,29.415000915527344,29.374900817871094,29.389999389648438,0,0.0,0.0,0.0
2023-05-12 09:30:00-04:00,29.520000457763672,29.520000457763672,29.329999923706055,29.468399047851562,9266,0.0,0.0,0.0
2023-05-12 10:30:00-04:00,29.420000076293945,29.442399978637695,29.329999923706055,29.350000381469727,25647,0.0,0.0,0.0
2023-05-12 11:30:00-04:00,29.337400436401367,29.39590072631836,29.31999969482422,29.31999969482422,7525,0.0,0.0,0.0
2023-05-12 12:30:00-04:00,29.315000534057617,29.324100494384766,29.270000457763672,29.299999237060547,13287,0.0,0.0,0.0
2023-05-12 13:30:00-04:00,29.329999923706055,29.329999923706055,29.280000686645508,29.281600952148438,18332,0.0,0.0,0.0
2023-05-12 14:30:00-04:00,29.274999618530273,29.329999923706055,29.274999618530273,29.31999969482422,28828,0.0,0.0,0.0
2023-05-12 15:30:00-04:00,29.329999923706055,29.350000381469727,29.309999465942383,29.350000381469727,2491,0.0,0.0,0.0
2023-05-15 09:30:00-04:00,29.510000228881836,29.510000228881836,29.426799774169922,29.458999633789062,8183,0.0,0.0,0.0
2023-05-15 10:30:00-04:00,29.469999313354492,29.540000915527344,29.444799423217773,29.501300811767578,11451,0.0,0.0,0.0
2023-05-15 11:30:00-04:00,29.479999542236328,29.520000457763672,29.479999542236328,29.492000579833984,6501,0.0,0.0,0.0
2023-05-15 12:30:00-04:00,29.520000457763672,29.609699249267578,29.509899139404297,29.609699249267578,12160,0.0,0.0,0.0
2023-05-15 13:30:00-04:00,29.540000915527344,29.599000930786133,29.510000228881836,29.579999923706055,15479,0.0,0.0,0.0
2023-05-15 14:30:00-04:00,29.56999969482422,29.62809944152832,29.549999237060547,29.569400787353516,55090,0.0,0.0,0.0
2023-05-15 15:30:00-04:00,29.628400802612305,29.628400802612305,29.549999237060547,29.559999465942383,7161,0.0,0.0,0.0
2023-05-16 09:30:00-04:00,29.549999237060547,29.549999237060547,29.34000015258789,29.3617000579834,11744,0.0,0.0,0.0
2023-05-16 10:30:00-04:00,29.350000381469727,29.399999618530273,29.31999969482422,29.36639976501465,6483,0.0,0.0,0.0
2023-05-16 11:30:00-04:00,29.365100860595703,29.428499221801758,29.31999969482422,29.3700008392334,8985,0.0,0.0,0.0
2023-05-16 12:30:00-04:00,29.3700008392334,29.40920066833496,29.329999923706055,29.369600296020508,25496,0.0,0.0,0.0
2023-05-16 13:30:00-04:00,29.360000610351562,29.389999389648438,29.299999237060547,29.330400466918945,21192,0.0,0.0,0.0
2023-05-16 14:30:00-04:00,29.35379981994629,29.378400802612305,29.299999237060547,29.325000762939453,78677,0.0,0.0,0.0
2023-05-16 15:30:00-04:00,29.31999969482422,29.34000015258789,29.260000228881836,29.270000457763672,11867,0.0,0.0,0.0
2023-05-17 09:30:00-04:00,29.399999618530273,29.399999618530273,29.219999313354492,29.26919937133789,23775,0.0,0.0,0.0
2023-05-17 10:30:00-04:00,29.239999771118164,29.280000686645508,29.200000762939453,29.229999542236328,16137,0.0,0.0,0.0
2023-05-17 11:30:00-04:00,29.219999313354492,29.30500030517578,29.219999313354492,29.26930046081543,12045,0.0,0.0,0.0
2023-05-17 12:30:00-04:00,29.329999923706055,29.414100646972656,29.311399459838867,29.414100646972656,4624,0.0,0.0,0.0
2023-05-17 13:30:00-04:00,29.400699615478516,29.459999084472656,29.365999221801758,29.365999221801758,0,0.0,0.0,0.0
2023-05-17 14:30:00-04:00,29.395000457763672,29.40999984741211,29.359899520874023,29.3700008392334,81659,0.0,0.0,0.0
2023-05-17 15:30:00-04:00,29.35059928894043,29.409099578857422,29.35059928894043,29.409099578857422,11833,0.0,0.0,0.0
2023-05-18 09:30:00-04:00,29.40999984741211,29.40999984741211,29.219999313354492,29.270000457763672,0,0.0,0.0,0.0
2023-05-18 10:30:00-04:00,29.290000915527344,29.290000915527344,29.229999542236328,29.260000228881836,10416,0.0,0.0,0.0
2023-05-18 11:30:00-04:00,29.28969955444336,29.306499481201172,29.200000762939453,29.200000762939453,6738,0.0,0.0,0.0
2023-05-18 12:30:00-04:00,29.219999313354492,29.269500732421875,29.18199920654297,29.209999084472656,5037,0.0,0.0,0.0
2023-05-18 13:30:00-04:00,29.2367000579834,29.259899139404297,29.18000030517578,29.23200035095215,5544,0.0,0.0,0.0
2023-05-18 14:30:00-04:00,29.260000228881836,29.280799865722656,29.23900032043457,29.260000228881836,4608,0.0,0.0,0.0
2023-05-18 15:30:00-04:00,29.270000457763672,29.360000610351562,29.270000457763672,29.350000381469727,25694,0.0,0.0,0.0
2023-05-19 09:30:00-04:00,29.450000762939453,29.559900283813477,29.440099716186523,29.489999771118164,0,0.0,0.0,0.0
2023-05-19 10:30:00-04:00,29.540000915527344,29.588199615478516,29.450000762939453,29.489999771118164,113139,0.0,0.0,0.0
2023-05-19 11:30:00-04:00,29.450000762939453,29.510000228881836,29.43000030517578,29.440000534057617,42965,0.0,0.0,0.0
2023-05-19 12:30:00-04:00,29.43000030517578,29.541500091552734,29.40999984741211,29.541500091552734,27708,0.0,0.0,0.0
2023-05-19 13:30:00-04:00,29.519100189208984,29.55970001220703,29.440000534057617,29.450000762939453,27944,0.0,0.0,0.0
2023-05-19 14:30:00-04:00,29.450000762939453,29.520000457763672,29.440000534057617,29.440000534057617,24942,0.0,0.0,0.0
2023-05-19 15:30:00-04:00,29.440000534057617,29.5403995513916,29.440000534057617,29.524999618530273,11403,0.0,0.0,0.0
2023-05-22 09:30:00-04:00,29.540000915527344,29.58919906616211,29.479999542236328,29.518299102783203,42266,0.0,0.0,0.0
2023-05-22 10:30:00-04:00,29.520000457763672,29.559900283813477,29.465499877929688,29.479999542236328,19168,0.0,0.0,0.0
2023-05-22 11:30:00-04:00,29.5,29.57990074157715,29.480600357055664,29.5585994720459,15215,0.0,0.0,0.0
2023-05-22 12:30:00-04:00,29.520099639892578,29.578399658203125,29.520000457763672,29.520000457763672,3746,0.0,0.0,0.0
2023-05-22 13:30:00-04:00,29.565000534057617,29.605100631713867,29.530000686645508,29.599899291992188,19049,0.0,0.0,0.0
2023-05-22 14:30:00-04:00,29.579999923706055,29.600000381469727,29.520000457763672,29.520000457763672,109336,0.0,0.0,0.0
2023-05-22 15:30:00-04:00,29.545000076293945,29.559999465942383,29.510000228881836,29.510000228881836,66922,0.0,0.0,0.0
2023-05-23 09:30:00-04:00,29.350000381469727,29.360000610351562,29.25,29.31999969482422,0,0.0,0.0,0.0
2023-05-23 10:30:00-04:00,29.330799102783203,29.34000015258789,29.270000457763672,29.30500030517578,12042,0.0,0.0,0.0
2023-05-23 11:30:00-04:00,29.298999786376953,29.349899291992188,29.271699905395508,29.271699905395508,7966,0.0,0.0,0.0
2023-05-23 12:30:00-04:00,29.27989959716797,29.27989959716797,29.239599227905273,29.239599227905273,6524,0.0,0.0,0.0
2023-05-23 13:30:00-04:00,29.209999084472656,29.270000457763672,29.209999084472656,29.209999084472656,17363,0.0,0.0,0.0
2023-05-23 14:30:00-04:00,29.207599639892578,29.229999542236328,29.149999618530273,29.16010093688965,43861,0.0,0.0,0.0
2023-05-23 15:30:00-04:00,29.18000030517578,29.200000762939453,29.149999618530273,29.170000076293945,4010,0.0,0.0,0.0
2023-05-24 09:30:00-04:00,28.959999084472656,28.959999084472656,28.729999542236328,28.75,0,0.0,0.0,0.0
2023-05-24 10:30:00-04:00,28.760000228881836,28.799999237060547,28.7549991607666,28.770000457763672,83299,0.0,0.0,0.0
2023-05-24 11:30:00-04:00,28.790000915527344,28.799999237060547,28.780000686645508,28.790000915527344,5607,0.0,0.0,0.0
2023-05-24 12:30:00-04:00,28.739999771118164,28.774999618530273,28.739999771118164,28.774999618530273,4262,0.0,0.0,0.0
2023-05-24 13:30:00-04:00,28.788299560546875,28.790000915527344,28.751699447631836,28.764999389648438,5529,0.0,0.0,0.0
2023-05-24 14:30:00-04:00,28.766599655151367,28.780799865722656,28.70009994506836,28.780000686645508,16687,0.0,0.0,0.0
2023-05-24 15:30:00-04:00,28.774499893188477,28.809999465942383,28.719999313354492,28.729999542236328,0,0.0,0.0,0.0
2023-05-25 09:30:00-04:00,28.790000915527344,28.790000915527344,28.649999618530273,28.670000076293945,12218,0.0,0.0,0.0
2023-05-25 10:30:00-04:00,28.687999725341797,28.729999542236328,28.649999618530273,28.649999618530273,11433,0.0,0.0,0.0
2023-05-25 11:30:00-04:00,28.6200008392334,28.639999389648438,28.56999969482422,28.639999389648438,11952,0.0,0.0,0.0
2023-05-25 12:30:00-04:00,28.610000610351562,28.65999984741211,28.600000381469727,28.655899047851562,11805,0.0,0.0,0.0
2023-05-25 13:30:00-04:00,28.690000534057617,28.7450008392334,28.690000534057617,28.710100173950195,4985,0.0,0.0,0.0
2023-05-25 14:30:00-04:00,28.65999984741211,28.719999313354492,28.65999984741211,28.719999313354492,11117,0.0,0.0,0.0
2023-05-25 15:30:00-04:00,28.700000762939453,28.719999313354492,28.68000030517578,28.700000762939453,13476,0.0,0.0,0.0
2023-05-26 09:30:00-04:00,28.8700008392334,28.93000030517578,28.84000015258789,28.93000030517578,0,0.0,0.0,0.0
2023-05-26 10:30:00-04:00,28.940000534057617,28.969999313354492,28.885000228881836,28.885000228881836,17226,0.0,0.0,0.0
2023-05-26 11:30:00-04:00,28.87019920349121,28.940000534057617,28.87019920349121,28.939899444580078,12031,0.0,0.0,0.0
2023-05-26 12:30:00-04:00,28.940200805664062,28.959999084472656,28.920000076293945,28.93000030517578,10991,0.0,0.0,0.0
2023-05-26 13:30:00-04:00,28.940000534057617,28.959999084472656,28.89859962463379,28.959999084472656,26120,0.0,0.0,0.0
2023-05-26 14:30:00-04:00,28.959999084472656,28.989999771118164,28.95009994506836,28.969999313354492,12455,0.0,0.0,0.0
2023-05-26 15:30:00-04:00,28.950000762939453,28.969999313354492,28.940500259399414,28.954999923706055,7148,0.0,0.0,0.0
2023-05-30 09:30:00-04:00,28.959999084472656,28.959999084472656,28.770000457763672,28.770000457763672,11396,0.0,0.0,0.0
2023-05-30 10:30:00-04:00,28.782100677490234,28.809999465942383,28.645999908447266,28.686100006103516,18846,0.0,0.0,0.0
2023-05-30 11:30:00-04:00,28.687000274658203,28.719999313354492,28.687000274658203,28.690000534057617,6061,0.0,0.0,0.0
2023-05-30 12:30:00-04:00,28.709999084472656,28.709999084472656,28.644100189208984,28.649999618530273,8807,0.0,0.0,0.0
2023-05-30 13:30:00-04:00,28.645000457763672,28.690000534057617,28.61549949645996,28.690000534057617,2509,0.0,0.0,0.0
2023-05-30 14:30:00-04:00,28.662200927734375,28.729999542236328,28.662200927734375,28.729999542236328,13807,0.0,0.0,0.0
2023-05-30 15:30:00-04:00,28.739999771118164,28.739999771118164,28.709999084472656,28.729999542236328,8588,0.0,0.0,0.0
2023-05-31 09:30:00-04:00,28.510000228881836,28.510000228881836,28.260000228881836,28.260000228881836,0,0.0,0.0,0.0
2023-05-31 10:30:00-04:00,28.25,28.28499984741211,28.219999313354492,28.219999313354492,8131,0.0,0.0,0.0
2023-05-31 11:30:00-04:00,28.2549991607666,28.31999969482422,28.239999771118164,28.239999771118164,5612,0.0,0.0,0.0
2023-05-31 12:30:00-04:00,28.24250030517578,28.298799514770508,28.229999542236328,28.298799514770508,9151,0.0,0.0,0.0
2023-05-31 13:30:00-04:00,28.295000076293945,28.3799991607666,28.295000076293945,28.375,4112,0.0,0.0,0.0
2023-05-31 14:30:00-04:00,28.399999618530273,28.449899673461914,28.364500045776367,28.38010025024414,9417,0.0,0.0,0.0
2023-05-31 15:30:00-04:00,28.418500900268555,28.440000534057617,28.399999618530273,28.40999984741211,4281,0.0,0.0,0.0
2023-06-01 09:30:00-04:00,28.56999969482422,28.59000015258789,28.450000762939453,28.588199615478516,0,0.0,0.0,0.0
2023-06-01 10:30:00-04:00,28.65999984741211,28.729999542236328,28.65999984741211,28.729999542236328,9497,0.0,0.0,0.0
2023-06-01 11:30:00-04:00,28.709999084472656,28.789899826049805,28.709999084472656,28.789899826049805,7455,0.0,0.0,0.0
2023-06-01 12:30:00-04:00,28.776100158691406,28.799999237060547,28.776100158691406,28.79680061340332,3679,0.0,0.0,0.0
2023-06-01 13:30:00-04:00,28.79680061340332,28.829999923706055,28.790000915527344,28.829999923706055,10007,0.0,0.0,0.0
2023-06-01 14:30:00-04:00,28.81329917907715,28.84000015258789,28.809999465942383,28.809999465942383,14303,0.0,0.0,0.0
2023-06-01 15:30:00-04:00,28.78030014038086,28.81999969482422,28.770000457763672,28.81999969482422,15399,0.0,0.0,0.0
2023-06-02 09:30:00-04:00,29.209999084472656,29.209999084472656,29.109699249267578,29.125900268554688,0,0.0,0.0,0.0
2023-06-02 10:30:00-04:00,29.12540054321289,29.219999313354492,29.103500366210938,29.209999084472656,11902,0.0,0.0,0.0
2023-06-02 11:30:00-04:00,29.200000762939453,29.200000762939453,29.100099563598633,29.135000228881836,11882,0.0,0.0,0.0
2023-06-02 12:30:00-04:00,29.120100021362305,29.200000762939453,29.120100021362305,29.174999237060547,5119,0.0,0.0,0.0
2023-06-02 13:30:00-04:00,29.177600860595703,29.200000762939453,29.134599685668945,29.18120002746582,12178,0.0,0.0,0.0
2023-06-02 14:30:00-04:00,29.199899673461914,29.229999542236328,29.17009925842285,29.200000762939453,19927,0.0,0.0,0.0
2023-06-02 15:30:00-04:00,29.184999465942383,29.219999313354492,29.184999465942383,29.200000762939453,35735,0.0,0.0,0.0
2023-06-05 09:30:00-04:00,29.239999771118164,29.239999771118164,29.09000015258789,29.09709930419922,0,0.0,0.0,0.0
2023-06-05 10:30:00-04:00,29.079999923706055,29.107999801635742,29.049999237060547,29.079999923706055,12718,0.0,0.0,0.0
2023-06-05 11:30:00-04:00,29.06999969482422,29.1299991607666,29.06999969482422,29.120899200439453,10866,0.0,0.0,0.0
2023-06-05 12:30:00-04:00,29.1299991607666,29.130399703979492,29.09000015258789,29.09000015258789,4354,0.0,0.0,0.0
2023-06-05 13:30:00-04:00,29.06999969482422,29.129899978637695,29.06999969482422,29.09000015258789,9579,0.0,0.0,0.0
2023-06-05 14:30:00-04:00,29.059999465942383,29.100000381469727,29.040000915527344,29.091999053955078,33980,0.0,0.0,0.0
2023-06-05 15:30:00-04:00,29.080900192260742,29.100000381469727,29.040000915527344,29.079999923706055,0,0.0,0.0,0.0
2023-06-06 09:30:00-04:00,29.200000762939453,29.200000762939453,29.059999465942383,29.139999389648438,0,0.0,0.0,0.0
2023-06-06 10:30:00-04:00,29.149999618530273,29.229999542236328,29.124799728393555,29.196199417114258,7408,0.0,0.0,0.0
2023-06-06 11:30:00-04:00,29.19879913330078,29.289499282836914,29.19879913330078,29.264999389648438,19195,0.0,0.0,0.0
2023-06-06 12:30:00-04:00,29.269399642944336,29.269399642944336,29.200000762939453,29.200700759887695,11505,0.0,0.0,0.0
2023-06-06 13:30:00-04:00,29.22450065612793,29.256399154663086,29.22450065612793,29.234399795532227,10582,0.0,0.0,0.0
2023-06-06 14:30:00-04:00,29.249099731445312,29.280000686645508,29.249099731445312,29.280000686645508,6173,0.0,0.0,0.0
2023-06-06 15:30:00-04:00,29.275400161743164,29.287900924682617,29.25779914855957,29.260000228881836,0,0.0,0.0,0.0
2023-06-07 09:30:00-04:00,29.170000076293945,29.249000549316406,29.147499084472656,29.147499084472656,20355,0.0,0.0,0.0
2023-06-07 10:30:00-04:00,29.15999984741211,29.15999984741211,29.078699111938477,29.079999923706055,5064,0.0,0.0,0.0
2023-06-07 11:30:00-04:00,29.110000610351562,29.1200008392334,29.040000915527344,29.040000915527344,8870,0.0,0.0,0.0
2023-06-07 12:30:00-04:00,29.06999969482422,29.06999969482422,29.003400802612305,29.020000457763672,12151,0.0,0.0,0.0
2023-06-07 13:30:00-04:00,29.013200759887695,29.069000244140625,29.010000228881836,29.049999237060547,10139,0.0,0.0,0.0
2023-06-07 14:30:00-04:00,29.049999237060547,29.06999969482422,29.030000686645508,29.06999969482422,5191,0.0,0.0,0.0
2023-06-07 15:30:00-04:00,29.06999969482422,29.06999969482422,29.020000457763672,29.020000457763672,9014,0.0,0.0,0.0
2023-06-08 09:30:00-04:00,29.229999542236328,29.229999542236328,29.146499633789062,29.21190071105957,12183,0.0,0.0,0.0
2023-06-08 10:30:00-04:00,29.203100204467773,29.245100021362305,29.203100204467773,29.227800369262695,7812,0.0,0.0,0.0
2023-06-08 11:30:00-04:00,29.25,29.284099578857422,29.209999084472656,29.284099578857422,12750,0.0,0.0,0.0
2023-06-08 12:30:00-04:00,29.28660011291504,29.289400100708008,29.258399963378906,29.270000457763672,4517,0.0,0.0,0.0
2023-06-08 13:30:00-04:00,29.25,29.298999786376953,29.229999542236328,29.294700622558594,10746,0.0,0.0,0.0
2023-06-08 14:30:00-04:00,29.270000457763672,29.320199966430664,29.270000457763672,29.270000457763672,5744,0.0,0.0,0.0
2023-06-08 15:30:00-04:00,29.284099578857422,29.360000610351562,29.284099578857422,29.360000610351562,8930,0.0,0.0,0.0
2023-06-09 09:30:00-04:00,29.360000610351562,29.360000610351562,29.270000457763672,29.327899932861328,0,0.0,0.0,0.0
2023-06-09 10:30:00-04:00,29.328500747680664,29.328500747680664,29.25,29.2549991607666,27217,0.0,0.0,0.0
2023-06-09 11:30:00-04:00,29.25,29.289899826049805,29.229999542236328,29.229999542236328,12203,0.0,0.0,0.0
2023-06-09 12:30:00-04:00,29.223499298095703,29.280000686645508,29.223499298095703,29.266599655151367,11125,0.0,0.0,0.0
2023-06-09 13:30:00-04:00,29.263999938964844,29.305700302124023,29.263999938964844,29.290000915527344,9273,0.0,0.0,0.0
2023-06-09 14:30:00-04:00,29.260000228881836,29.302499771118164,29.253400802612305,29.280000686645508,10860,0.0,0.0,0.0
2023-06-09 15:30:00-04:00,29.25,29.319900512695312,29.25,29.299999237060547,9552,0.0,0.0,0.0
2023-06-12 09:30:00-04:00,29.420000076293945,29.420000076293945,29.336299896240234,29.350000381469727,0,0.0,0.0,0.0
2023-06-12 10:30:00-04:00,29.379899978637695,29.393999099731445,29.320100784301758,29.393999099731445,23471,0.0,0.0,0.0
2023-06-12 11:30:00-04:00,29.324600219726562,29.348100662231445,29.299999237060547,29.299999237060547,6826,0.0,0.0,0.0
2023-06-12 12:30:00-04:00,29.325000762939453,29.381799697875977,29.31999969482422,29.34000015258789,8667,0.0,0.0,0.0
2023-06-12 13:30:00-04:00,29.360000610351562,29.37969970703125,29.31399917602539,29.351600646972656,18933,0.0,0.0,0.0
2023-06-12 14:30:00-04:00,29.362600326538086,29.420000076293945,29.31999969482422,29.41990089416504,7941,0.0,0.0,0.0
2023-06-12 15:30:00-04:00,29.40369987487793,29.45989990234375,29.389999389648438,29.389999389648438,7068,0.0,0.0,0.0
2023-06-13 09:30:00-04:00,29.75,29.75,29.600000381469727,29.688199996948242,37534,0.0,0.0,0.0
2023-06-13 10:30:00-04:00,29.639999389648438,29.690000534057617,29.639999389648438,29.649999618530273,11826,0.0,0.0,0.0
2023-06-13 11:30:00-04:00,29.670000076293945,29.690000534057617,29.600099563598633,29.667400360107422,5916,0.0,0.0,0.0
2023-06-13 12:30:00-04:00,29.679899215698242,29.701499938964844,29.643199920654297,29.690000534057617,67776,0.0,0.0,0.0
2023-06-13 13:30:00-04:00,29.648099899291992,29.700000762939453,29.600000381469727,29.610000610351562,21480,0.0,0.0,0.0
2023-06-13 14:30:00-04:00,29.59000015258789,29.649999618530273,29.59000015258789,29.639999389648438,31822,0.0,0.0,0.0
2023-06-13 15:30:00-04:00,29.61400032043457,29.690000534057617,29.600000381469727,29.640499114990234,32123,0.0,0.0,0.0
2023-06-14 09:30:00-04:00,29.90999984741211,29.966400146484375,29.8799991607666,29.940000534057617,0,0.0,0.0,0.0
2023-06-14 10:30:00-04:00,29.920000076293945,29.979900360107422,29.909099578857422,29.943300247192383,11801,0.0,0.0,0.0
2023-06-14 11:30:00-04:00,29.942399978637695,29.96980094909668,29.89240074157715,29.9596004486084,210610,0.0,0.0,0.0
2023-06-14 12:30:00-04:00,29.950000762939453,29.959999084472656,29.870100021362305,29.870100021362305,6927,0.0,0.0,0.0
2023-06-14 13:30:00-04:00,29.8700008392334,29.950000762939453,29.703100204467773,29.729999542236328,2736,0.0,0.0,0.0
2023-06-14 14:30:00-04:00,29.719999313354492,29.889999389648438,29.68000030517578,29.809999465942383,14546,0.0,0.0,0.0
2023-06-14 15:30:00-04:00,29.780000686645508,29.83289909362793,29.729999542236328,29.770000457763672,15385,0.0,0.0,0.0
2023-06-15 09:30:00-04:00,29.940000534057617,29.964000701904297,29.83639907836914,29.926599502563477,18294,0.0,0.0,0.0
2023-06-15 10:30:00-04:00,29.999399185180664,29.999399185180664,29.920000076293945,29.99410057067871,11524,0.0,0.0,0.0
2023-06-15 11:30:00-04:00,30.020000457763672,30.079999923706055,29.997800827026367,30.06999969482422,7798,0.0,0.0,0.0
2023-06-15 12:30:00-04:00,30.049699783325195,30.06999969482422,30.020000457763672,30.020000457763672,8003,0.0,0.0,0.0
2023-06-15 13:30:00-04:00,30.059999465942383,30.10260009765625,30.059999465942383,30.084999084472656,32334,0.0,0.0,0.0
2023-06-15 14:30:00-04:00,30.09000015258789,30.16990089416504,30.09000015258789,30.1299991607666,8259,0.0,0.0,0.0
2023-06-15 15:30:00-04:00,30.148399353027344,30.15999984741211,30.099899291992188,30.110000610351562,19184,0.0,0.0,0.0
2023-06-16 09:30:00-04:00,30.5,30.5,29.530000686645508,29.8700008392334,26110,0.0,0.0,0.0
2023-06-16 10:30:00-04:00,29.795000076293945,29.795000076293945,29.704999923706055,29.780000686645508,6533,0.0,0.0,0.0
2023-06-16 11:30:00-04:00,29.790000915527344,29.790000915527344,29.652299880981445,29.68000030517578,13637,0.0,0.0,0.0
2023-06-16 12:30:00-04:00,29.719999313354492,29.780000686645508,29.690000534057617,29.708099365234375,24257,0.0,0.0,0.0
2023-06-16 13:30:00-04:00,29.700000762939453,29.760000228881836,29.690000534057617,29.700000762939453,21666,0.0,0.0,0.0
2023-06-16 14:30:00-04:00,29.684499740600586,29.749799728393555,29.6299991607666,29.639999389648438,51715,0.0,0.0,0.0
2023-06-16 15:30:00-04:00,29.6299991607666,29.649999618530273,29.600000381469727,29.600000381469727,5359,0.0,0.0,0.0
2023-06-20 09:30:00-04:00,30.610000610351562,30.610000610351562,29.229999542236328,29.229999542236328,0,0.0,0.0,0.0
2023-06-20 10:30:00-04:00,29.229999542236328,29.297100067138672,29.209999084472656,29.239999771118164,22852,0.0,0.0,0.0
2023-06-20 11:30:00-04:00,29.22010040283203,29.32990074157715,29.219999313354492,29.32990074157715,22921,0.0,0.0,0.0
2023-06-20 12:30:00-04:00,29.31839942932129,29.355300903320312,29.280000686645508,29.344999313354492,9923,0.0,0.0,0.0
2023-06-20 13:30:00-04:00,29.353300094604492,29.360200881958008,29.290000915527344,29.329999923706055,7275,0.0,0.0,0.0
2023-06-20 14:30:00-04:00,29.31999969482422,29.36989974975586,29.290000915527344,29.290000915527344,24732,0.0,0.0,0.0
2023-06-20 15:30:00-04:00,29.330400466918945,29.36989974975586,29.25,29.25,19081,0.0,0.0,0.0
2023-06-21 09:30:00-04:00,29.3700008392334,29.3700008392334,29.1200008392334,29.209999084472656,24263,0.0,0.0,0.0
2023-06-21 10:30:00-04:00,29.219999313354492,29.299999237060547,29.191499710083008,29.225000381469727,19038,0.0,0.0,0.0
2023-06-21 11:30:00-04:00,29.229999542236328,29.309999465942383,29.229999542236328,29.297100067138672,9135,0.0,0.0,0.0
2023-06-21 12:30:00-04:00,29.311599731445312,29.31999969482422,29.25,29.274999618530273,17352,0.0,0.0,0.0
2023-06-21 13:30:00-04:00,29.28499984741211,29.379100799560547,29.28499984741211,29.346900939941406,51990,0.0,0.0,0.0
2023-06-21 14:30:00-04:00,29.3700008392334,29.37929916381836,29.309999465942383,29.309999465942383,8143,0.0,0.0,0.0
2023-06-21 15:30:00-04:00,29.309999465942383,29.385099411010742,29.270000457763672,29.270000457763672,12340,0.0,0.0,0.0
2023-06-22 09:30:00-04:00,29.149999618530273,29.149999618530273,29.09000015258789,29.139999389648438,503,0.0,0.0,0.0
2023-06-22 10:30:00-04:00,29.110000610351562,29.121599197387695,29.059999465942383,29.082500457763672,2914,0.0,0.0,0.0
2023-06-22 11:30:00-04:00,29.09950065612793,29.15999984741211,29.060100555419922,29.094999313354492,160867,0.0,0.0,0.0
2023-06-22 12:30:00-04:00,29.100000381469727,29.100000381469727,29.059999465942383,29.099000930786133,2019,0.0,0.0,0.0
2023-06-22 13:30:00-04:00,29.074499130249023,29.14889907836914,29.074499130249023,29.14889907836914,3793,0.0,0.0,0.0
2023-06-22 14:30:00-04:00,29.110000610351562,29.159900665283203,29.077199935913086,29.158300399780273,9248,0.0,0.0,0.0
2023-06-22 15:30:00-04:00,29.104999542236328,29.124000549316406,29.0841007232666,29.100000381469727,3256,0.0,0.0,0.0
2023-06-23 09:30:00-04:00,28.709999084472656,28.75,28.530000686645508,28.739999771118164,48588,0.0,0.0,0.0
2023-06-23 10:30:00-04:00,28.739999771118164,28.81999969482422,28.639999389648438,28.716299057006836,15481,0.0,0.0,0.0
2023-06-23 11:30:00-04:00,28.63010025024414,28.769899368286133,28.63010025024414,28.75909996032715,11474,0.0,0.0,0.0
2023-06-23 12:30:00-04:00,28.719999313354492,28.758100509643555,28.691999435424805,28.7549991607666,6105,0.0,0.0,0.0
2023-06-23 13:30:00-04:00,28.764799118041992,28.809999465942383,28.68000030517578,28.758800506591797,36905,0.0,0.0,0.0
2023-06-23 14:30:00-04:00,28.719999313354492,28.759000778198242,28.655000686645508,28.70989990234375,14079,0.0,0.0,0.0
2023-06-23 15:30:00-04:00,28.700000762939453,28.739999771118164,28.612300872802734,28.700000762939453,32949,0.0,0.0,0.0
2023-06-26 09:30:00-04:00,28.75,28.769899368286133,28.709999084472656,28.725000381469727,0,0.0,0.0,0.0
2023-06-26 10:30:00-04:00,28.68000030517578,28.7549991607666,28.6299991607666,28.70319938659668,2979,0.0,0.0,0.0
2023-06-26 11:30:00-04:00,28.718399047851562,28.77989959716797,28.70159912109375,28.76449966430664,7606,0.0,0.0,0.0
2023-06-26 12:30:00-04:00,28.719999313354492,28.780000686645508,28.673900604248047,28.770000457763672,30460,0.0,0.0,0.0
2023-06-26 13:30:00-04:00,28.77429962158203,28.77989959716797,28.720800399780273,28.735000610351562,3731,0.0,0.0,0.0
2023-06-26 14:30:00-04:00,28.730100631713867,28.766199111938477,28.729999542236328,28.729999542236328,7461,0.0,0.0,0.0
2023-06-26 15:30:00-04:00,28.729999542236328,28.762300491333008,28.709999084472656,28.709999084472656,6450,0.0,0.0,0.0
2023-06-27 09:30:00-04:00,28.850000381469727,28.850000381469727,28.729999542236328,28.8125,0,0.0,0.0,0.0
2023-06-27 10:30:00-04:00,28.825000762939453,28.868799209594727,28.780099868774414,28.84000015258789,10062,0.0,0.0,0.0
2023-06-27 11:30:00-04:00,28.862899780273438,28.920000076293945,28.83209991455078,28.885000228881836,6461,0.0,0.0,0.0
2023-06-27 12:30:00-04:00,28.885000228881836,28.940000534057617,28.870100021362305,28.940000534057617,6491,0.0,0.0,0.0
2023-06-27 13:30:00-04:00,28.94499969482422,28.979900360107422,28.920000076293945,28.920000076293945,7704,0.0,0.0,0.0
2023-06-27 14:30:00-04:00,28.9601993560791,29.038400650024414,28.93000030517578,28.95039939880371,24939,0.0,0.0,0.0
2023-06-27 15:30:00-04:00,28.959999084472656,28.989099502563477,28.920000076293945,28.93000030517578,2764,0.0,0.0,0.0
2023-06-28 09:30:00-04:00,28.969999313354492,28.979999542236328,28.850000381469727,28.936500549316406,0,0.0,0.0,0.0
2023-06-28 10:30:00-04:00,28.889999389648438,28.939899444580078,28.827600479125977,28.90999984741211,31017,0.0,0.0,0.0
2023-06-28 11:30:00-04:00,28.90999984741211,29.020000457763672,28.90999984741211,29.020000457763672,19118,0.0,0.0,0.0
2023-06-28 12:30:00-04:00,28.9424991607666,28.96299934387207,28.889999389648438,28.934999465942383,5724,0.0,0.0,0.0
2023-06-28 13:30:00-04:00,28.94499969482422,28.94499969482422,28.90999984741211,28.932300567626953,3957,0.0,0.0,0.0
2023-06-28 14:30:00-04:00,28.954999923706055,28.97909927368164,28.8799991607666,28.924999237060547,22418,0.0,0.0,0.0
2023-06-28 15:30:00-04:00,28.924999237060547,28.958999633789062,28.889999389648438,28.93000030517578,7667,0.0,0.0,0.0
2023-06-29 09:30:00-04:00,28.90999984741211,28.924699783325195,28.799999237060547,28.924699783325195,32098,0.0,0.0,0.0
2023-06-29 10:30:00-04:00,28.90880012512207,28.920000076293945,28.84000015258789,28.908700942993164,10363,0.0,0.0,0.0
2023-06-29 11:30:00-04:00,28.8799991607666,28.920000076293945,28.84000015258789,28.889999389648438,3527,0.0,0.0,0.0
2023-06-29 12:30:00-04:00,28.919599533081055,28.928199768066406,28.84000015258789,28.88479995727539,4414,0.0,0.0,0.0
2023-06-29 13:30:00-04:00,28.91119956970215,28.91119956970215,28.849000930786133,28.899999618530273,5172,0.0,0.0,0.0
2023-06-29 14:30:00-04:00,28.799999237060547,28.91010093688965,28.799999237060547,28.889999389648438,16769,0.0,0.0,0.0
2023-06-29 15:30:00-04:00,28.90999984741211,28.940000534057617,28.86910057067871,28.940000534057617,8658,0.0,0.0,0.0
2023-06-30 09:30:00-04:00,29.229999542236328,29.280000686645508,29.15290069580078,29.262500762939453,26394,0.0,0.0,0.0
2023-06-30 10:30:00-04:00,29.2450008392334,29.259899139404297,29.185699462890625,29.190000534057617,18458,0.0,0.0,0.0
2023-06-30 11:30:00-04:00,29.18000030517578,29.289400100708008,29.171499252319336,29.289400100708008,8110,0.0,0.0,0.0
2023-06-30 12:30:00-04:00,29.256000518798828,29.288400650024414,29.2406005859375,29.243799209594727,11218,0.0,0.0,0.0
2023-06-30 13:30:00-04:00,29.25,29.299999237060547,29.22010040283203,29.260000228881836,15004,0.0,0.0,0.0
2023-06-30 14:30:00-04:00,29.260000228881836,29.299999237060547,29.207000732421875,29.2549991607666,21713,0.0,0.0,0.0
2023-06-30 15:30:00-04:00,29.261600494384766,29.299999237060547,29.25,29.25,11423,0.0,0.0,0.0
2023-07-03 09:30:00-04:00,29.280000686645508,29.360000610351562,29.21269989013672,29.224899291992188,0,0.0,0.0,0.0
2023-07-03 10:30:00-04:00,29.267099380493164,29.309999465942383,29.20199966430664,29.209999084472656,12995,0.0,0.0,0.0
2023-07-03 11:30:00-04:00,29.25,29.299999237060547,29.195499420166016,29.28499984741211,21270,0.0,0.0,0.0
2023-07-05 09:30:00-04:00,29.209999084472656,29.209999084472656,29.0,29.020000457763672,22171,0.0,0.0,0.0
2023-07-05 10:30:00-04:00,29.015199661254883,29.034500122070312,28.963899612426758,28.968399047851562,53442,0.0,0.0,0.0
2023-07-05 11:30:00-04:00,28.99650001525879,28.99650001525879,28.950000762939453,28.950000762939453,9375,0.0,0.0,0.0
2023-07-05 12:30:00-04:00,28.979999542236328,28.989999771118164,28.90999984741211,28.978700637817383,12398,0.0,0.0,0.0
2023-07-05 13:30:00-04:00,28.98069953918457,28.989999771118164,28.90999984741211,28.934999465942383,29759,0.0,0.0,0.0
2023-07-05 14:30:00-04:00,28.934999465942383,28.95989990234375,28.90999984741211,28.934999465942383,6966,0.0,0.0,0.0
2023-07-05 15:30:00-04:00,28.959999084472656,28.96500015258789,28.90999984741211,28.959999084472656,16890,0.0,0.0,0.0
2023-07-06 09:30:00-04:00,28.59000015258789,28.59000015258789,28.299999237060547,28.35099983215332,0,0.0,0.0,0.0
2023-07-06 10:30:00-04:00,28.290000915527344,28.290000915527344,28.200000762939453,28.239999771118164,13520,0.0,0.0,0.0
2023-07-06 11:30:00-04:00,28.229000091552734,28.389999389648438,28.229000091552734,28.344999313354492,8431,0.0,0.0,0.0
2023-07-06 12:30:00-04:00,28.31290054321289,28.420000076293945,28.31290054321289,28.420000076293945,15429,0.0,0.0,0.0
2023-07-06 13:30:00-04:00,28.429899215698242,28.449899673461914,28.385000228881836,28.385000228881836,12124,0.0,0.0,0.0
2023-07-06 14:30:00-04:00,28.43000030517578,28.449899673461914,28.350000381469727,28.350000381469727,40079,0.0,0.0,0.0
2023-07-06 15:30:00-04:00,28.420000076293945,28.440000534057617,28.3700008392334,28.389999389648438,29453,0.0,0.0,0.0
2023-07-07 09:30:00-04:00,28.530000686645508,28.629899978637695,28.450000762939453,28.623899459838867,17068,0.0,0.0,0.0
2023-07-07 10:30:00-04:00,28.617700576782227,28.659000396728516,28.589500427246094,28.6200008392334,23209,0.0,0.0,0.0
2023-07-07 11:30:00-04:00,28.598600387573242,28.719999313354492,28.579999923706055,28.719999313354492,2823,0.0,0.0,0.0
2023-07-07 12:30:00-04:00,28.728300094604492,28.828899383544922,28.682199478149414,28.774999618530273,28897,0.0,0.0,0.0
2023-07-07 13:30:00-04:00,28.813199996948242,28.813199996948242,28.72909927368164,28.760000228881836,3981,0.0,0.0,0.0
2023-07-07 14:30:00-04:00,28.7549991607666,28.790000915527344,28.68000030517578,28.700000762939453,29322,0.0,0.0,0.0
2023-07-07 15:30:00-04:00,28.70009994506836,28.739900588989258,28.639999389648438,28.649999618530273,10360,0.0,0.0,0.0
2023-07-10 09:30:00-04:00,28.6200008392334,28.684999465942383,28.607200622558594,28.684999465942383,8734,0.0,0.0,0.0
2023-07-10 10:30:00-04:00,28.684999465942383,28.69659996032715,28.610000610351562,28.649999618530273,19509,0.0,0.0,0.0
2023-07-10 11:30:00-04:00,28.610000610351562,28.68899917602539,28.610000610351562,28.639999389648438,90044,0.0,0.0,0.0
2023-07-10 12:30:00-04:00,28.678699493408203,28.752300262451172,28.65239906311035,28.752300262451172,6130,0.0,0.0,0.0
2023-07-10 13:30:00-04:00,28.70009994506836,28.756399154663086,28.694000244140625,28.694000244140625,22298,0.0,0.0,0.0
2023-07-10 14:30:00-04:00,28.709999084472656,28.759000778198242,28.66010093688965,28.68560028076172,7098,0.0,0.0,0.0
2023-07-10 15:30:00-04:00,28.69890022277832,28.7593994140625,28.69890022277832,28.739999771118164,20054,0.0,0.0,0.0
2023-07-11 09:30:00-04:00,28.8799991607666,28.8799991607666,28.770000457763672,28.771900177001953,0,0.0,0.0,0.0
2023-07-11 10:30:00-04:00,28.83489990234375,28.8799991607666,28.794700622558594,28.854999542236328,15449,0.0,0.0,0.0
2023-07-11 11:30:00-04:00,28.899900436401367,28.899999618530273,28.852699279785156,28.899900436401367,14331,0.0,0.0,0.0
2023-07-11 12:30:00-04:00,28.899999618530273,28.924999237060547,28.85700035095215,28.924999237060547,8522,0.0,0.0,0.0
2023-07-11 13:30:00-04:00,28.968299865722656,28.968299865722656,28.860000610351562,28.949899673461914,12376,0.0,0.0,0.0
2023-07-11 14:30:00-04:00,28.89299964904785,28.943700790405273,28.89299964904785,28.934999465942383,10404,0.0,0.0,0.0
2023-07-11 15:30:00-04:00,28.96419906616211,29.038799285888672,28.889999389648438,28.940000534057617,20423,0.0,0.0,0.0
2023-07-12 09:30:00-04:00,29.399999618530273,29.499099731445312,29.366899490356445,29.48200035095215,0,0.0,0.0,0.0
2023-07-12 10:30:00-04:00,29.46500015258789,29.59510040283203,29.46500015258789,29.565000534057617,12907,0.0,0.0,0.0
2023-07-12 11:30:00-04:00,29.53700065612793,29.598400115966797,29.484100341796875,29.509599685668945,11705,0.0,0.0,0.0
2023-07-12 12:30:00-04:00,29.506399154663086,29.599899291992188,29.490999221801758,29.524999618530273,2753,0.0,0.0,0.0
2023-07-12 13:30:00-04:00,29.545000076293945,29.579200744628906,29.489999771118164,29.530000686645508,20122,0.0,0.0,0.0
2023-07-12 14:30:00-04:00,29.535400390625,29.559200286865234,29.480100631713867,29.55579948425293,16540,0.0,0.0,0.0
2023-07-12 15:30:00-04:00,29.520000457763672,29.559900283813477,29.510000228881836,29.510000228881836,5268,0.0,0.0,0.0
2023-07-13 09:30:00-04:00,29.969999313354492,30.069900512695312,29.719999313354492,29.940000534057617,19797,0.0,0.0,0.0
2023-07-13 10:30:00-04:00,29.950000762939453,30.029399871826172,29.920000076293945,29.920000076293945,25316,0.0,0.0,0.0
2023-07-13 11:30:00-04:00,29.920000076293945,30.009899139404297,29.90999984741211,29.993900299072266,17512,0.0,0.0,0.0
2023-07-13 12:30:00-04:00,29.969999313354492,30.010000228881836,29.940000534057617,30.0,36927,0.0,0.0,0.0
2023-07-13 13:30:00-04:00,29.940000534057617,30.06999969482422,29.940000534057617,30.020000457763672,18712,0.0,0.0,0.0
2023-07-13 14:30:00-04:00,29.97920036315918,30.1299991607666,29.969999313354492,30.052799224853516,20992,0.0,0.0,0.0
2023-07-13 15:30:00-04:00,30.049999237060547,30.105499267578125,29.989999771118164,30.0,21399,0.0,0.0,0.0
2023-07-14 09:30:00-04:00,30.06999969482422,30.13089942932129,29.957000732421875,29.969999313354492,8870,0.0,0.0,0.0
2023-07-14 10:30:00-04:00,29.9950008392334,30.020000457763672,29.969999313354492,29.994400024414062,10837,0.0,0.0,0.0
2023-07-14 11:30:00-04:00,30.020000457763672,30.020000457763672,29.91200065612793,29.945199966430664,12813,0.0,0.0,0.0
2023-07-14 12:30:00-04:00,29.90999984741211,29.979999542236328,29.8700008392334,29.872900009155273,21043,0.0,0.0,0.0
2023-07-14 13:30:00-04:00,29.969999313354492,29.969999313354492,29.924999237060547,29.969999313354492,12066,0.0,0.0,0.0
2023-07-14 14:30:00-04:00,29.969999313354492,29.969999313354492,29.899999618530273,29.93000030517578,5463,0.0,0.0,0.0
2023-07-14 15:30:00-04:00,29.93000030517578,29.94860076904297,29.834800720214844,29.850000381469727,7978,0.0,0.0,0.0
2023-07-17 09:30:00-04:00,29.829999923706055,29.829999923706055,29.690000534057617,29.77910041809082,0,0.0,0.0,0.0
2023-07-17 10:30:00-04:00,29.809999465942383,29.859899520874023,29.799999237060547,29.81999969482422,14152,0.0,0.0,0.0
2023-07-17 11:30:00-04:00,29.84469985961914,29.889999389648438,29.799999237060547,29.889999389648438,7010,0.0,0.0,0.0
2023-07-17 12:30:00-04:00,29.799999237060547,29.874500274658203,29.799999237060547,29.83679962158203,22087,0.0,0.0,0.0
2023-07-17 13:30:00-04:00,29.87969970703125,29.8799991607666,29.820100784301758,29.850000381469727,3826,0.0,0.0,0.0
2023-07-17 14:30:00-04:00,29.854700088500977,29.93000030517578,29.820100784301758,29.93000030517578,29170,0.0,0.0,0.0
2023-07-17 15:30:00-04:00,29.927499771118164,29.927499771118164,29.850000381469727,29.850000381469727,5702,0.0,0.0,0.0
2023-07-18 09:30:00-04:00,29.950000762939453,30.049999237060547,29.92639923095703,30.049999237060547,23590,0.0,0.0,0.0
2023-07-18 10:30:00-04:00,29.979999542236328,30.1299991607666,29.979999542236328,30.12179946899414,14106,0.0,0.0,0.0
2023-07-18 11:30:00-04:00,30.095399856567383,30.095399856567383,29.993600845336914,30.064899444580078,9081,0.0,0.0,0.0
2023-07-18 12:30:00-04:00,30.09819984436035,30.09819984436035,29.950000762939453,30.010000228881836,6166,0.0,0.0,0.0
2023-07-18 13:30:00-04:00,30.049699783325195,30.052400588989258,29.960100173950195,30.006000518798828,8531,0.0,0.0,0.0
2023-07-18 14:30:00-04:00,30.049999237060547,30.110000610351562,30.0,30.095800399780273,20008,0.0,0.0,0.0
2023-07-18 15:30:00-04:00,30.059999465942383,30.084999084472656,30.025999069213867,30.049999237060547,20021,0.0,0.0,0.0
2023-07-19 09:30:00-04:00,30.1200008392334,30.15959930419922,30.05970001220703,30.05970001220703,0,0.0,0.0,0.0
2023-07-19 10:30:00-04:00,30.040000915527344,30.0447998046875,29.959999084472656,30.026500701904297,10889,0.0,0.0,0.0
2023-07-19 11:30:00-04:00,30.030000686645508,30.040000915527344,29.969999313354492,29.970600128173828,8250,0.0,0.0,0.0
2023-07-19 12:30:00-04:00,29.97010040283203,30.040000915527344,29.959999084472656,30.020000457763672,29766,0.0,0.0,0.0
2023-07-19 13:30:00-04:00,30.010000228881836,30.040000915527344,29.989999771118164,29.994699478149414,31394,0.0,0.0,0.0
2023-07-19 14:30:00-04:00,30.016799926757812,30.124099731445312,29.989999771118164,30.124099731445312,36068,0.0,0.0,0.0
2023-07-19 15:30:00-04:00,30.084400177001953,30.084400177001953,30.010000228881836,30.020000457763672,9324,0.0,0.0,0.0
2023-07-20 09:30:00-04:00,30.059999465942383,30.149900436401367,29.989999771118164,30.0,6248,0.0,0.0,0.0
2023-07-20 10:30:00-04:00,29.950000762939453,29.99920082092285,29.943500518798828,29.96500015258789,8786,0.0,0.0,0.0
2023-07-20 11:30:00-04:00,29.940099716186523,29.9822998046875,29.940099716186523,29.967500686645508,3004,0.0,0.0,0.0
2023-07-20 12:30:00-04:00,29.952199935913086,29.979299545288086,29.94499969482422,29.979299545288086,4650,0.0,0.0,0.0
2023-07-20 13:30:00-04:00,29.979999542236328,29.98940086364746,29.90999984741211,29.90999984741211,6642,0.0,0.0,0.0
2023-07-20 14:30:00-04:00,29.959999084472656,29.959999084472656,29.899999618530273,29.91819953918457,6894,0.0,0.0,0.0
2023-07-20 15:30:00-04:00,29.920000076293945,29.950000762939453,29.899999618530273,29.93000030517578,3788,0.0,0.0,0.0
2023-07-21 09:30:00-04:00,30.020000457763672,30.020000457763672,29.850000381469727,29.93000030517578,35978,0.0,0.0,0.0
2023-07-21 10:30:00-04:00,29.917299270629883,29.989999771118164,29.90999984741211,29.950000762939453,10018,0.0,0.0,0.0
2023-07-21 11:30:00-04:00,29.969999313354492,29.989999771118164,29.919700622558594,29.946399688720703,3630,0.0,0.0,0.0
2023-07-21 12:30:00-04:00,29.950000762939453,29.999900817871094,29.920000076293945,29.93000030517578,20213,0.0,0.0,0.0
2023-07-21 13:30:00-04:00,29.979999542236328,29.989999771118164,29.9507999420166,29.979999542236328,18813,0.0,0.0,0.0
2023-07-21 14:30:00-04:00,29.95669937133789,30.0,29.950000762939453,29.989900588989258,20252,0.0,0.0,0.0
2023-07-21 15:30:00-04:00,29.954999923706055,30.0,29.940000534057617,29.975000381469727,5403,0.0,0.0,0.0
2023-07-24 09:30:00-04:00,29.899999618530273,29.97450065612793,29.8700008392334,29.8700008392334,0,0.0,0.0,0.0
2023-07-24 10:30:00-04:00,29.870100021362305,29.999000549316406,29.870100021362305,29.97570037841797,53173,0.0,0.0,0.0
2023-07-24 11:30:00-04:00,29.979999542236328,29.999900817871094,29.93000030517578,29.960399627685547,14697,0.0,0.0,0.0
2023-07-24 12:30:00-04:00,29.979999542236328,30.0,29.951000213623047,29.969999313354492,16273,0.0,0.0,0.0
2023-07-24 13:30:00-04:00,29.985000610351562,29.985000610351562,29.92729949951172,29.947999954223633,6096,0.0,0.0,0.0
2023-07-24 14:30:00-04:00,29.969900131225586,29.969900131225586,29.899999618530273,29.899999618530273,12965,0.0,0.0,0.0
2023-07-24 15:30:00-04:00,29.91710090637207,29.9330997467041,29.875,29.9330997467041,6887,0.0,0.0,0.0
2023-07-25 09:30:00-04:00,29.920000076293945,29.989999771118164,29.920000076293945,29.989999771118164,0,0.0,0.0,0.0
2023-07-25 10:30:00-04:00,29.961299896240234,30.0,29.95009994506836,30.0,9662,0.0,0.0,0.0
2023-07-25 11:30:00-04:00,29.986799240112305,30.049999237060547,29.986799240112305,29.990100860595703,11441,0.0,0.0,0.0
2023-07-25 12:30:00-04:00,30.0,30.020000457763672,29.950000762939453,29.988300323486328,5082,0.0,0.0,0.0
2023-07-25 13:30:00-04:00,29.999900817871094,30.010000228881836,29.975000381469727,29.979999542236328,9904,0.0,0.0,0.0
2023-07-25 14:30:00-04:00,30.020000457763672,30.038000106811523,29.969999313354492,29.969999313354492,10307,0.0,0.0,0.0
2023-07-25 15:30:00-04:00,30.010000228881836,30.020000457763672,29.969999313354492,30.010000228881836,6568,0.0,0.0,0.0
2023-07-26 09:30:00-04:00,29.950000762939453,29.958099365234375,29.809999465942383,29.941299438476562,0,0.0,0.0,0.0
2023-07-26 10:30:00-04:00,29.93000030517578,30.0,29.899999618530273,30.0,8920,0.0,0.0,0.0
2023-07-26 11:30:00-04:00,29.962600708007812,30.010000228881836,29.962600708007812,30.010000228881836,7159,0.0,0.0,0.0
2023-07-26 12:30:00-04:00,30.0049991607666,30.030000686645508,29.972900390625,29.979999542236328,8033,0.0,0.0,0.0
2023-07-26 13:30:00-04:00,29.975000381469727,30.09000015258789,29.950000762939453,29.979999542236328,52558,0.0,0.0,0.0
2023-07-26 14:30:00-04:00,30.010000228881836,30.15959930419922,29.959999084472656,30.000099182128906,18035,0.0,0.0,0.0
2023-07-26 15:30:00-04:00,30.030000686645508,30.08970069885254,30.020000457763672,30.030000686645508,5004,0.0,0.0,0.0
2023-07-27 09:30:00-04:00,30.31999969482422,30.31999969482422,30.18000030517578,30.201499938964844,0,0.0,0.0,0.0
2023-07-27 10:30:00-04:00,30.15999984741211,30.200000762939453,30.15519905090332,30.1825008392334,5931,0.0,0.0,0.0
2023-07-27 11:30:00-04:00,30.214000701904297,30.271900177001953,30.194599151611328,30.271900177001953,13923,0.0,0.0,0.0
2023-07-27 12:30:00-04:00,30.265499114990234,30.280000686645508,30.190000534057617,30.235200881958008,14111,0.0,0.0,0.0
2023-07-27 13:30:00-04:00,30.190000534057617,30.225099563598633,30.09000015258789,30.09000015258789,33471,0.0,0.0,0.0
2023-07-27 14:30:00-04:00,30.110000610351562,30.110000610351562,29.989999771118164,30.0,18345,0.0,0.0,0.0
2023-07-27 15:30:00-04:00,29.989999771118164,30.040000915527344,29.959999084472656,29.969999313354492,11283,0.0,0.0,0.0
2023-07-28 09:30:00-04:00,30.239999771118164,30.298900604248047,30.140100479125977,30.209999084472656,0,0.0,0.0,0.0
2023-07-28 10:30:00-04:00,30.219999313354492,30.308300018310547,30.200000762939453,30.308300018310547,6287,0.0,0.0,0.0
2023-07-28 11:30:00-04:00,30.307600021362305,30.307600021362305,30.210100173950195,30.270000457763672,35151,0.0,0.0,0.0
2023-07-28 12:30:00-04:00,30.209999084472656,30.259899139404297,30.149999618530273,30.149999618530273,28718,0.0,0.0,0.0
2023-07-28 13:30:00-04:00,30.149999618530273,30.2091007232666,30.110000610351562,30.174999237060547,0,0.0,0.0,0.0
2023-07-28 14:30:00-04:00,30.189199447631836,30.225400924682617,30.15999984741211,30.19499969482422,123152,0.0,0.0,0.0
2023-07-28 15:30:00-04:00,30.219900131225586,30.229900360107422,30.170000076293945,30.19499969482422,10422,0.0,0.0,0.0
2023-07-31 09:30:00-04:00,30.209999084472656,30.32080078125,30.209999084472656,30.32080078125,0,0.0,0.0,0.0
2023-07-31 10:30:00-04:00,30.295000076293945,30.329999923706055,30.28499984741211,30.310400009155273,29730,0.0,0.0,0.0
2023-07-31 11:30:00-04:00,30.260000228881836,30.299999237060547,30.209999084472656,30.210100173950195,15764,0.0,0.0,0.0
2023-07-31 12:30:00-04:00,30.246000289916992,30.249900817871094,30.170000076293945,30.213600158691406,7079,0.0,0.0,0.0
2023-07-31 13:30:00-04:00,30.229999542236328,30.269500732421875,30.190000534057617,30.195199966430664,10531,0.0,0.0,0.0
2023-07-31 14:30:00-04:00,30.204999923706055,30.229999542236328,30.164499282836914,30.170000076293945,10062,0.0,0.0,0.0
2023-07-31 15:30:00-04:00,30.184499740600586,30.190000534057617,30.15399932861328,30.170000076293945,3966,0.0,0.0,0.0
2023-08-01 09:30:00-04:00,29.8700008392334,29.979000091552734,29.834999084472656,29.852699279785156,28622,0.0,0.0,0.0
2023-08-01 10:30:00-04:00,29.8700008392334,29.8700008392334,29.760000228881836,29.760000228881836,7881,0.0,0.0,0.0
2023-08-01 11:30:00-04:00,29.77989959716797,29.799999237060547,29.719999313354492,29.788400650024414,11657,0.0,0.0,0.0
2023-08-01 12:30:00-04:00,29.746400833129883,29.799999237060547,29.719999313354492,29.790000915527344,19981,0.0,0.0,0.0
2023-08-01 13:30:00-04:00,29.770000457763672,29.81999969482422,29.765600204467773,29.790000915527344,21929,0.0,0.0,0.0
2023-08-01 14:30:00-04:00,29.790000915527344,29.82900047302246,29.790000915527344,29.82900047302246,4925,0.0,0.0,0.0
2023-08-01 15:30:00-04:00,29.80500030517578,29.837099075317383,29.80500030517578,29.81999969482422,3604,0.0,0.0,0.0
2023-08-02 09:30:00-04:00,29.479999542236328,29.479999542236328,29.260000228881836,29.268999099731445,43236,0.0,0.0,0.0
2023-08-02 10:30:00-04:00,29.284700393676758,29.409700393676758,29.204500198364258,29.243200302124023,20995,0.0,0.0,0.0
2023-08-02 11:30:00-04:00,29.260000228881836,29.290000915527344,29.200000762939453,29.27429962158203,14904,0.0,0.0,0.0
2023-08-02 12:30:00-04:00,29.27989959716797,29.3169002532959,29.239999771118164,29.289199829101562,4049,0.0,0.0,0.0
2023-08-02 13:30:00-04:00,29.32990074157715,29.32990074157715,29.260000228881836,29.260099411010742,21182,0.0,0.0,0.0
2023-08-02 14:30:00-04:00,29.277999877929688,29.29990005493164,29.219999313354492,29.249399185180664,4711,0.0,0.0,0.0
2023-08-02 15:30:00-04:00,29.20439910888672,29.260000228881836,29.200000762939453,29.260000228881836,0,0.0,0.0,0.0
2023-08-03 09:30:00-04:00,29.040000915527344,29.09000015258789,29.029300689697266,29.059999465942383,10157,0.0,0.0,0.0
2023-08-03 10:30:00-04:00,29.079999923706055,29.219900131225586,29.06399917602539,29.184999465942383,18620,0.0,0.0,0.0
2023-08-03 11:30:00-04:00,29.190000534057617,29.280000686645508,29.15999984741211,29.18000030517578,13718,0.0,0.0,0.0
2023-08-03 12:30:00-04:00,29.270000457763672,29.32990074157715,29.200000762939453,29.219999313354492,19618,0.0,0.0,0.0
2023-08-03 13:30:00-04:00,29.209999084472656,29.246000289916992,29.15999984741211,29.170000076293945,2294,0.0,0.0,0.0
2023-08-03 14:30:00-04:00,29.23859977722168,29.23940086364746,29.1200008392334,29.198999404907227,9561,0.0,0.0,0.0
2023-08-03 15:30:00-04:00,29.165000915527344,29.199899673461914,29.1200008392334,29.149999618530273,9096,0.0,0.0,0.0
2023-08-04 09:30:00-04:00,29.360000610351562,29.43000030517578,29.325000762939453,29.420000076293945,0,0.0,0.0,0.0
2023-08-04 10:30:00-04:00,29.440000534057617,29.559900283813477,29.43000030517578,29.51689910888672,184039,0.0,0.0,0.0
2023-08-04 11:30:00-04:00,29.479999542236328,29.540000915527344,29.469999313354492,29.476499557495117,35782,0.0,0.0,0.0
2023-08-04 12:30:00-04:00,29.51449966430664,29.58989906311035,29.479999542236328,29.479999542236328,15323,0.0,0.0,0.0
2023-08-04 13:30:00-04:00,29.479999542236328,29.540000915527344,29.34000015258789,29.34000015258789,16644,0.0,0.0,0.0
2023-08-04 14:30:00-04:00,29.35919952392578,29.360000610351562,29.270000457763672,29.274999618530273,2798,0.0,0.0,0.0
2023-08-04 15:30:00-04:00,29.299999237060547,29.299999237060547,29.219999313354492,29.229999542236328,14014,0.0,0.0,0.0
2023-08-07 09:30:00-04:00,29.450000762939453,29.469999313354492,29.34000015258789,29.43000030517578,0,0.0,0.0,0.0
2023-08-07 10:30:00-04:00,29.434999465942383,29.5,29.3799991607666,29.404399871826172,10878,0.0,0.0,0.0
2023-08-07 11:30:00-04:00,29.42490005493164,29.447599411010742,29.42490005493164,29.447599411010742,1852,0.0,0.0,0.0
2023-08-07 12:30:00-04:00,29.43429946899414,29.479999542236328,29.40999984741211,29.44499969482422,34123,0.0,0.0,0.0
2023-08-07 13:30:00-04:00,29.459999084472656,29.5,29.40999984741211,29.479999542236328,20277,0.0,0.0,0.0
2023-08-07 14:30:00-04:00,29.479999542236328,29.505800247192383,29.45009994506836,29.45009994506836,7075,0.0,0.0,0.0
2023-08-07 15:30:00-04:00,29.469999313354492,29.49920082092285,29.450000762939453,29.450000762939453,4556,0.0,0.0,0.0
2023-08-08 09:30:00-04:00,29.149999618530273,29.149999618530273,29.059999465942383,29.059999465942383,0,0.0,0.0,0.0
2023-08-08 10:30:00-04:00,29.061800003051758,29.131900787353516,29.059999465942383,29.1299991607666,36943,0.0,0.0,0.0
2023-08-08 11:30:00-04:00,29.153499603271484,29.169700622558594,29.11009979248047,29.16119956970215,11628,0.0,0.0,0.0
2023-08-08 12:30:00-04:00,29.1200008392334,29.18000030517578,29.1200008392334,29.170000076293945,10173,0.0,0.0,0.0
2023-08-08 13:30:00-04:00,29.199899673461914,29.225400924682617,29.15999984741211,29.225400924682617,9747,0.0,0.0,0.0
2023-08-08 14:30:00-04:00,29.216999053955078,29.255800247192383,29.15999984741211,29.2007999420166,17160,0.0,0.0,0.0
2023-08-08 15:30:00-04:00,29.239999771118164,29.260000228881836,29.231300354003906,29.260000228881836,0,0.0,0.0,0.0
2023-08-09 09:30:00-04:00,29.34000015258789,29.37849998474121,29.299999237060547,29.350000381469727,9755,0.0,0.0,0.0
2023-08-09 10:30:00-04:00,29.31999969482422,29.36989974975586,29.200000762939453,29.225099563598633,17985,0.0,0.0,0.0
2023-08-09 11:30:00-04:00,29.275299072265625,29.291400909423828,29.229999542236328,29.2450008392334,8760,0.0,0.0,0.0
2023-08-09 12:30:00-04:00,29.238000869750977,29.3218994140625,29.238000869750977,29.3218994140625,3769,0.0,0.0,0.0
2023-08-09 13:30:00-04:00,29.329999923706055,29.3799991607666,29.29990005493164,29.344999313354492,8551,0.0,0.0,0.0
2023-08-09 14:30:00-04:00,29.323999404907227,29.369400024414062,29.3164005279541,29.350000381469727,9525,0.0,0.0,0.0
2023-08-09 15:30:00-04:00,29.334999084472656,29.359399795532227,29.25,29.299999237060547,17834,0.0,0.0,0.0
2023-08-10 09:30:00-04:00,29.579999923706055,29.734399795532227,29.56999969482422,29.639999389648438,0,0.0,0.0,0.0
2023-08-10 10:30:00-04:00,29.622900009155273,29.622900009155273,29.540000915527344,29.549999237060547,22460,0.0,0.0,0.0
2023-08-10 11:30:00-04:00,29.600000381469727,29.600000381469727,29.520000457763672,29.566099166870117,8143,0.0,0.0,0.0
2023-08-10 12:30:00-04:00,29.527099609375,29.530000686645508,29.44499969482422,29.44499969482422,4889,0.0,0.0,0.0
2023-08-10 13:30:00-04:00,29.399999618530273,29.43000030517578,29.343799591064453,29.43000030517578,10016,0.0,0.0,0.0
2023-08-10 14:30:00-04:00,29.469900131225586,29.469900131225586,29.3700008392334,29.429100036621094,8643,0.0,0.0,0.0
2023-08-10 15:30:00-04:00,29.3341007232666,29.393600463867188,29.3341007232666,29.34000015258789,1490,0.0,0.0,0.0
2023-08-11 09:30:00-04:00,29.18000030517578,29.24049949645996,29.1200008392334,29.24049949645996,14768,0.0,0.0,0.0
2023-08-11 10:30:00-04:00,29.190000534057617,29.26219940185547,29.170000076293945,29.170000076293945,4554,0.0,0.0,0.0
2023-08-11 11:30:00-04:00,29.13249969482422,29.15999984741211,29.1200008392334,29.15999984741211,1698,0.0,0.0,0.0
2023-08-11 12:30:00-04:00,29.189899444580078,29.189899444580078,29.09320068359375,29.119400024414062,7706,0.0,0.0,0.0
2023-08-11 13:30:00-04:00,29.17020034790039,29.17020034790039,29.08009910583496,29.150999069213867,10856,0.0,0.0,0.0
2023-08-11 14:30:00-04:00,29.125,29.18939971923828,29.100000381469727,29.12929916381836,7221,0.0,0.0,0.0
2023-08-11 15:30:00-04:00,29.139999389648438,29.149999618530273,29.1200008392334,29.1200008392334,4148,0.0,0.0,0.0
2023-08-14 09:30:00-04:00,28.920000076293945,28.999399185180664,28.801000595092773,28.93000030517578,22726,0.0,0.0,0.0
2023-08-14 10:30:00-04:00,28.96139907836914,29.040000915527344,28.96139907836914,29.0049991607666,5897,0.0,0.0,0.0
2023-08-14 11:30:00-04:00,29.077800750732422,29.09000015258789,29.020000457763672,29.020000457763672,4466,0.0,0.0,0.0
2023-08-14 12:30:00-04:00,29.03499984741211,29.095300674438477,29.03499984741211,29.06879997253418,2211,0.0,0.0,0.0
2023-08-14 13:30:00-04:00,29.020000457763672,29.048500061035156,29.020000457763672,29.048500061035156,2071,0.0,0.0,0.0
2023-08-14 14:30:00-04:00,29.014999389648438,29.045499801635742,28.983200073242188,29.030000686645508,7099,0.0,0.0,0.0
2023-08-14 15:30:00-04:00,29.021099090576172,29.073400497436523,28.982900619506836,29.0,10691,0.0,0.0,0.0
2023-08-15 09:30:00-04:00,28.899999618530273,28.899999618530273,28.74329948425293,28.75,16199,0.0,0.0,0.0
2023-08-15 10:30:00-04:00,28.740999221801758,28.80660057067871,28.728500366210938,28.7549991607666,26871,0.0,0.0,0.0
2023-08-15 11:30:00-04:00,28.775400161743164,28.778400421142578,28.729999542236328,28.773799896240234,10183,0.0,0.0,0.0
2023-08-15 12:30:00-04:00,28.74139976501465,28.74370002746582,28.688600540161133,28.725200653076172,7862,0.0,0.0,0.0
2023-08-15 13:30:00-04:00,28.725000381469727,28.759899139404297,28.700000762939453,28.722900390625,2552,0.0,0.0,0.0
2023-08-15 14:30:00-04:00,28.725000381469727,28.760000228881836,28.670000076293945,28.71139907836914,5908,0.0,0.0,0.0
2023-08-15 15:30:00-04:00,28.639999389648438,28.700000762939453,28.639999389648438,28.681800842285156,9567,0.0,0.0,0.0
2023-08-16 09:30:00-04:00,28.610000610351562,28.74920082092285,28.600000381469727,28.705299377441406,5738,0.0,0.0,0.0
2023-08-16 10:30:00-04:00,28.674800872802734,28.721399307250977,28.6299991607666,28.706600189208984,9104,0.0,0.0,0.0
2023-08-16 11:30:00-04:00,28.68910026550293,28.68910026550293,28.594999313354492,28.594999313354492,8406,0.0,0.0,0.0
2023-08-16 12:30:00-04:00,28.6382999420166,28.6382999420166,28.55500030517578,28.599000930786133,16963,0.0,0.0,0.0
2023-08-16 13:30:00-04:00,28.574499130249023,28.629899978637695,28.545000076293945,28.629899978637695,1940,0.0,0.0,0.0
2023-08-16 14:30:00-04:00,28.604999542236328,28.6200008392334,28.459999084472656,28.510000228881836,105940,0.0,0.0,0.0
2023-08-16 15:30:00-04:00,28.450000762939453,28.52899932861328,28.450000762939453,28.47960090637207,6673,0.0,0.0,0.0
2023-08-17 09:30:00-04:00,28.56999969482422,28.56999969482422,28.440000534057617,28.440000534057617,0,0.0,0.0,0.0
2023-08-17 10:30:00-04:00,28.34000015258789,28.440000534057617,28.34000015258789,28.3518009185791,9034,0.0,0.0,0.0
2023-08-17 11:30:00-04:00,28.3700008392334,28.486099243164062,28.356300354003906,28.44499969482422,9229,0.0,0.0,0.0
2023-08-17 12:30:00-04:00,28.400100708007812,28.441999435424805,28.3799991607666,28.3799991607666,7332,0.0,0.0,0.0
2023-08-17 13:30:00-04:00,28.3700008392334,28.3700008392334,28.329999923706055,28.329999923706055,4365,0.0,0.0,0.0
2023-08-17 14:30:00-04:00,28.304800033569336,28.31999969482422,28.229999542236328,28.229999542236328,12093,0.0,0.0,0.0
2023-08-17 15:30:00-04:00,28.29960060119629,28.329999923706055,28.229999542236328,28.290000915527344,167880,0.0,0.0,0.0
2023-08-18 09:30:00-04:00,28.139999389648438,28.200000762939453,28.100000381469727,28.165000915527344,17849,0.0,0.0,0.0
2023-08-18 10:30:00-04:00,28.17449951171875,28.322599411010742,28.17449951171875,28.290000915527344,167478,0.0,0.0,0.0
2023-08-18 11:30:00-04:00,28.25819969177246,28.319900512695312,28.218599319458008,28.290000915527344,18396,0.0,0.0,0.0
2023-08-18 12:30:00-04:00,28.276399612426758,28.290000915527344,28.229999542236328,28.230100631713867,6741,0.0,0.0,0.0
2023-08-18 13:30:00-04:00,28.239999771118164,28.318199157714844,28.239999771118164,28.270099639892578,12909,0.0,0.0,0.0
2023-08-18 14:30:00-04:00,28.270000457763672,28.315900802612305,28.25,28.297199249267578,14387,0.0,0.0,0.0
2023-08-18 15:30:00-04:00,28.319900512695312,28.319900512695312,28.25,28.25,10110,0.0,0.0,0.0
2023-08-21 09:30:00-04:00,28.450000762939453,28.450000762939453,28.26289939880371,28.26289939880371,0,0.0,0.0,0.0
2023-08-21 10:30:00-04:00,28.25,28.299999237060547,28.229999542236328,28.240299224853516,18895,0.0,0.0,0.0
2023-08-21 11:30:00-04:00,28.270000457763672,28.2992000579834,28.219999313354492,28.29010009765625,15592,0.0,0.0,0.0
2023-08-21 12:30:00-04:00,28.360300064086914,28.3700008392334,28.290000915527344,28.350000381469727,12073,0.0,0.0,0.0
2023-08-21 13:30:00-04:00,28.3700008392334,28.45989990234375,28.350099563598633,28.360000610351562,11621,0.0,0.0,0.0
2023-08-21 14:30:00-04:00,28.3700008392334,28.479999542236328,28.3700008392334,28.38010025024414,24871,0.0,0.0,0.0
2023-08-21 15:30:00-04:00,28.469999313354492,28.469999313354492,28.3700008392334,28.3700008392334,4229,0.0,0.0,0.0
2023-08-22 09:30:00-04:00,28.549999237060547,28.549999237060547,28.3700008392334,28.3700008392334,0,0.0,0.0,0.0
2023-08-22 10:30:00-04:00,28.36590003967285,28.40880012512207,28.350000381469727,28.3700008392334,5820,0.0,0.0,0.0
2023-08-22 11:30:00-04:00,28.34000015258789,28.40999984741211,28.270000457763672,28.315200805664062,134988,0.0,0.0,0.0
2023-08-22 12:30:00-04:00,28.31329917907715,28.37779998779297,28.294700622558594,28.350000381469727,7751,0.0,0.0,0.0
2023-08-22 13:30:00-04:00,28.350000381469727,28.350000381469727,28.29960060119629,28.315000534057617,9631,0.0,0.0,0.0
2023-08-22 14:30:00-04:00,28.349000930786133,28.350000381469727,28.299999237060547,28.306100845336914,20099,0.0,0.0,0.0
2023-08-22 15:30:00-04:00,28.349000930786133,28.350000381469727,28.256900787353516,28.31999969482422,35059,0.0,0.0,0.0
2023-08-23 09:30:00-04:00,28.459999084472656,28.556299209594727,28.40880012512207,28.556299209594727,0,0.0,0.0,0.0
2023-08-23 10:30:00-04:00,28.509700775146484,28.56999969482422,28.5,28.56999969482422,15028,0.0,0.0,0.0
2023-08-23 11:30:00-04:00,28.55500030517578,28.59980010986328,28.520000457763672,28.58989906311035,18552,0.0,0.0,0.0
2023-08-23 12:30:00-04:00,28.559999465942383,28.65999984741211,28.520000457763672,28.655899047851562,12099,0.0,0.0,0.0
2023-08-23 13:30:00-04:00,28.625,28.649999618530273,28.563499450683594,28.579999923706055,15417,0.0,0.0,0.0
2023-08-23 14:30:00-04:00,28.60810089111328,28.62579917907715,28.549999237060547,28.600000381469727,36864,0.0,0.0,0.0
2023-08-23 15:30:00-04:00,28.6200008392334,28.635099411010742,28.56999969482422,28.56999969482422,0,0.0,0.0,0.0
2023-08-24 09:30:00-04:00,28.25,28.549999237060547,28.25,28.424999237060547,21076,0.0,0.0,0.0
2023-08-24 10:30:00-04:00,28.399999618530273,28.41010093688965,28.329999923706055,28.329999923706055,15797,0.0,0.0,0.0
2023-08-24 11:30:00-04:00,28.353599548339844,28.37350082397461,28.270000457763672,28.31999969482422,99727,0.0,0.0,0.0
2023-08-24 12:30:00-04:00,28.31800079345703,28.379899978637695,28.280000686645508,28.309999465942383,24535,0.0,0.0,0.0
2023-08-24 13:30:00-04:00,28.321699142456055,28.33919906616211,28.270000457763672,28.270000457763672,34343,0.0,0.0,0.0
2023-08-24 14:30:00-04:00,28.270000457763672,28.31999969482422,28.25,28.274999618530273,115473,0.0,0.0,0.0
2023-08-24 15:30:00-04:00,28.280000686645508,28.289100646972656,28.200000762939453,28.200000762939453,0,0.0,0.0,0.0
2023-08-25 09:30:00-04:00,28.43000030517578,28.485000610351562,28.260000228881836,28.260000228881836,22924,0.0,0.0,0.0
2023-08-25 10:30:00-04:00,28.26110076904297,28.28860092163086,28.181800842285156,28.28860092163086,5494,0.0,0.0,0.0
2023-08-25 11:30:00-04:00,28.27079963684082,28.310400009155273,28.25040054321289,28.30459976196289,5301,0.0,0.0,0.0
2023-08-25 12:30:00-04:00,28.313800811767578,28.344999313354492,28.290000915527344,28.290000915527344,10983,0.0,0.0,0.0
2023-08-25 13:30:00-04:00,28.327699661254883,28.389999389648438,28.270000457763672,28.389999389648438,6372,0.0,0.0,0.0
2023-08-25 14:30:00-04:00,28.41080093383789,28.459400177001953,28.3799991607666,28.434999465942383,11057,0.0,0.0,0.0
2023-08-25 15:30:00-04:00,28.440000534057617,28.45989990234375,28.34000015258789,28.360000610351562,18222,0.0,0.0,0.0
2023-08-28 09:30:00-04:00,28.579999923706055,28.649900436401367,28.55500030517578,28.575000762939453,0,0.0,0.0,0.0
2023-08-28 10:30:00-04:00,28.579999923706055,28.6200008392334,28.540000915527344,28.54669952392578,21969,0.0,0.0,0.0
2023-08-28 11:30:00-04:00,28.59000015258789,28.610000610351562,28.56999969482422,28.597200393676758,5610,0.0,0.0,0.0
2023-08-28 12:30:00-04:00,28.54010009765625,28.639999389648438,28.54010009765625,28.628999710083008,6307,0.0,0.0,0.0
2023-08-28 13:30:00-04:00,28.6299991607666,28.6299991607666,28.559999465942383,28.56329917907715,23412,0.0,0.0,0.0
2023-08-28 14:30:00-04:00,28.560100555419922,28.609899520874023,28.559999465942383,28.600000381469727,12951,0.0,0.0,0.0
2023-08-28 15:30:00-04:00,28.600000381469727,28.65999984741211,28.58009910583496,28.6200008392334,9727,0.0,0.0,0.0
2023-08-29 09:30:00-04:00,28.65999984741211,28.833799362182617,28.559999465942383,28.833799362182617,13417,0.0,0.0,0.0
2023-08-29 10:30:00-04:00,28.799999237060547,28.8799991607666,28.78619956970215,28.837200164794922,6056,0.0,0.0,0.0
2023-08-29 11:30:00-04:00,28.879199981689453,28.920000076293945,28.853200912475586,28.920000076293945,12090,0.0,0.0,0.0
2023-08-29 12:30:00-04:00,28.895000457763672,28.969999313354492,28.895000457763672,28.903099060058594,3012,0.0,0.0,0.0
2023-08-29 13:30:00-04:00,28.91360092163086,28.999300003051758,28.91360092163086,28.950000762939453,9901,0.0,0.0,0.0
2023-08-29 14:30:00-04:00,28.959999084472656,29.039100646972656,28.955400466918945,29.039100646972656,7900,0.0,0.0,0.0
2023-08-29 15:30:00-04:00,29.0,29.030000686645508,28.979999542236328,28.990699768066406,12325,0.0,0.0,0.0
2023-08-30 09:30:00-04:00,29.100000381469727,29.170000076293945,29.010000228881836,29.010000228881836,13150,0.0,0.0,0.0
2023-08-30 10:30:00-04:00,29.010000228881836,29.06999969482422,29.0,29.0049991607666,5783,0.0,0.0,0.0
2023-08-30 11:30:00-04:00,29.030000686645508,29.06999969482422,29.010000228881836,29.059999465942383,11633,0.0,0.0,0.0
2023-08-30 12:30:00-04:00,29.030000686645508,29.049999237060547,29.010000228881836,29.020000457763672,9282,0.0,0.0,0.0
2023-08-30 13:30:00-04:00,29.020000457763672,29.0531005859375,28.940000534057617,28.972000122070312,22972,0.0,0.0,0.0
2023-08-30 14:30:00-04:00,28.975000381469727,29.039899826049805,28.934999465942383,29.018600463867188,23454,0.0,0.0,0.0
2023-08-30 15:30:00-04:00,29.011999130249023,29.030000686645508,29.0,29.030000686645508,12292,0.0,0.0,0.0
2023-08-31 09:30:00-04:00,29.06999969482422,29.06999969482422,28.959999084472656,29.020200729370117,11191,0.0,0.0,0.0
2023-08-31 10:30:00-04:00,29.002399444580078,29.002399444580078,28.923200607299805,28.923200607299805,4978,0.0,0.0,0.0
2023-08-31 11:30:00-04:00,28.90690040588379,28.90690040588379,28.809999465942383,28.810100555419922,12555,0.0,0.0,0.0
2023-08-31 12:30:00-04:00,28.809999465942383,28.860000610351562,28.809999465942383,28.81439971923828,4663,0.0,0.0,0.0
2023-08-31 13:30:00-04:00,28.850000381469727,28.91990089416504,28.850000381469727,28.899999618530273,2420,0.0,0.0,0.0
2023-08-31 14:30:00-04:00,28.902999877929688,28.902999877929688,28.879899978637695,28.88089942932129,4295,0.0,0.0,0.0
2023-08-31 15:30:00-04:00,28.899999618530273,28.920000076293945,28.885000228881836,28.90999984741211,49298,0.0,0.0,0.0
2023-09-01 09:30:00-04:00,29.1299991607666,29.1299991607666,28.940000534057617,28.95989990234375,0,0.0,0.0,0.0
2023-09-01 10:30:00-04:00,28.9281005859375,28.942699432373047,28.83799934387207,28.857999801635742,6246,0.0,0.0,0.0
2023-09-01 11:30:00-04:00,28.799999237060547,28.860000610351562,28.798200607299805,28.800100326538086,18665,0.0,0.0,0.0
2023-09-01 12:30:00-04:00,28.860000610351562,28.869600296020508,28.799999237060547,28.833599090576172,3093,0.0,0.0,0.0
2023-09-01 13:30:00-04:00,28.859899520874023,28.88640022277832,28.850000381469727,28.850000381469727,6336,0.0,0.0,0.0
2023-09-01 14:30:00-04:00,28.854999542236328,28.864999771118164,28.840099334716797,28.840099334716797,4892,0.0,0.0,0.0
2023-09-01 15:30:00-04:00,28.864999771118164,28.8799991607666,28.860000610351562,28.8799991607666,6528,0.0,0.0,0.0
2023-09-05 09:30:00-04:00,28.899999618530273,28.899999618530273,28.69540023803711,28.75,0,0.0,0.0,0.0
2023-09-05 10:30:00-04:00,28.729999542236328,28.75,28.670000076293945,28.709999084472656,7135,0.0,0.0,0.0
2023-09-05 11:30:00-04:00,28.71820068359375,28.779600143432617,28.690000534057617,28.778200149536133,6612,0.0,0.0,0.0
2023-09-05 12:30:00-04:00,28.719999313354492,28.77989959716797,28.690000534057617,28.709999084472656,5596,0.0,0.0,0.0
2023-09-05 13:30:00-04:00,28.725500106811523,28.739999771118164,28.65999984741211,28.729999542236328,15751,0.0,0.0,0.0
2023-09-05 14:30:00-04:00,28.71500015258789,28.738399505615234,28.670000076293945,28.729900360107422,14376,0.0,0.0,0.0
2023-09-05 15:30:00-04:00,28.716400146484375,28.728700637817383,28.68000030517578,28.68000030517578,7691,0.0,0.0,0.0
2023-09-06 09:30:00-04:00,28.75,28.75,28.559999465942383,28.559999465942383,19901,0.0,0.0,0.0
2023-09-06 10:30:00-04:00,28.555999755859375,28.58289909362793,28.513099670410156,28.55500030517578,11346,0.0,0.0,0.0
2023-09-06 11:30:00-04:00,28.566299438476562,28.576000213623047,28.540000915527344,28.549999237060547,2964,0.0,0.0,0.0
2023-09-06 12:30:00-04:00,28.53499984741211,28.57990074157715,28.5,28.52039909362793,12392,0.0,0.0,0.0
2023-09-06 13:30:00-04:00,28.549999237060547,28.585800170898438,28.549999237060547,28.573699951171875,3635,0.0,0.0,0.0
2023-09-06 14:30:00-04:00,28.575000762939453,28.600000381469727,28.541900634765625,28.59000015258789,5845,0.0,0.0,0.0
2023-09-06 15:30:00-04:00,28.575000762939453,28.599300384521484,28.56999969482422,28.56999969482422,5475,0.0,0.0,0.0
2023-09-07 09:30:00-04:00,28.59000015258789,28.59000015258789,28.440000534057617,28.47249984741211,12819,0.0,0.0,0.0
2023-09-07 10:30:00-04:00,28.43000030517578,28.523500442504883,28.43000030517578,28.507699966430664,5742,0.0,0.0,0.0
2023-09-07 11:30:00-04:00,28.48150062561035,28.578500747680664,28.459999084472656,28.578500747680664,9084,0.0,0.0,0.0
2023-09-07 12:30:00-04:00,28.572599411010742,28.572599411010742,28.507099151611328,28.543800354003906,5621,0.0,0.0,0.0
2023-09-07 13:30:00-04:00,28.541000366210938,28.549800872802734,28.5,28.5,10459,0.0,0.0,0.0
2023-09-07 14:30:00-04:00,28.51300048828125,28.530000686645508,28.47010040283203,28.47010040283203,11443,0.0,0.0,0.0
2023-09-07 15:30:00-04:00,28.505199432373047,28.52389907836914,28.489999771118164,28.489999771118164,5167,0.0,0.0,0.0
2023-09-08 09:30:00-04:00,28.549999237060547,28.576000213623047,28.44499969482422,28.56999969482422,21585,0.0,0.0,0.0
2023-09-08 10:30:00-04:00,28.569400787353516,28.569400787353516,28.480100631713867,28.540599822998047,6769,0.0,0.0,0.0
2023-09-08 11:30:00-04:00,28.514999389648438,28.54990005493164,28.45009994506836,28.540000915527344,10636,0.0,0.0,0.0
2023-09-08 12:30:00-04:00,28.479999542236328,28.520000457763672,28.46190071105957,28.46190071105957,8068,0.0,0.0,0.0
2023-09-08 13:30:00-04:00,28.519699096679688,28.521699905395508,28.459999084472656,28.459999084472656,13048,0.0,0.0,0.0
2023-09-08 14:30:00-04:00,28.468399047851562,28.492700576782227,28.40999984741211,28.454999923706055,10136,0.0,0.0,0.0
2023-09-08 15:30:00-04:00,28.442399978637695,28.48870086669922,28.420000076293945,28.450000762939453,12665,0.0,0.0,0.0
2023-09-11 09:30:00-04:00,28.770000457763672,28.798900604248047,28.670000076293945,28.798900604248047,19513,0.0,0.0,0.0
2023-09-11 10:30:00-04:00,28.760000228881836,28.849899291992188,28.700000762939453,28.778600692749023,27285,0.0,0.0,0.0
2023-09-11 11:30:00-04:00,28.729999542236328,28.82379913330078,28.729999542236328,28.809999465942383,15296,0.0,0.0,0.0
2023-09-11 12:30:00-04:00,28.799999237060547,28.829200744628906,28.770000457763672,28.814300537109375,8120,0.0,0.0,0.0
2023-09-11 13:30:00-04:00,28.780000686645508,28.83989906311035,28.780000686645508,28.809099197387695,5833,0.0,0.0,0.0
2023-09-11 14:30:00-04:00,28.778499603271484,28.820499420166016,28.75,28.760000228881836,10027,0.0,0.0,0.0
2023-09-11 15:30:00-04:00,28.796499252319336,28.82900047302246,28.760000228881836,28.760000228881836,27489,0.0,0.0,0.0
2023-09-12 09:30:00-04:00,28.760000228881836,28.760000228881836,28.690000534057617,28.690000534057617,13999,0.0,0.0,0.0
2023-09-12 10:30:00-04:00,28.68899917602539,28.770000457763672,28.670700073242188,28.721399307250977,10138,0.0,0.0,0.0
2023-09-12 11:30:00-04:00,28.75,28.81909942626953,28.75,28.781400680541992,3400,0.0,0.0,0.0
2023-09-12 12:30:00-04:00,28.760000228881836,28.815000534057617,28.739999771118164,28.815000534057617,4026,0.0,0.0,0.0
2023-09-12 13:30:00-04:00,28.81999969482422,28.860000610351562,28.75,28.774999618530273,12618,0.0,0.0,0.0
2023-09-12 14:30:00-04:00,28.770599365234375,28.79990005493164,28.729999542236328,28.735000610351562,9036,0.0,0.0,0.0
2023-09-12 15:30:00-04:00,28.769899368286133,28.769899368286133,28.719999313354492,28.719999313354492,5026,0.0,0.0,0.0
2023-09-13 09:30:00-04:00,28.75,28.760000228881836,28.645000457763672,28.659700393676758,0,0.0,0.0,0.0
2023-09-13 10:30:00-04:00,28.674999237060547,28.770000457763672,28.674999237060547,28.735700607299805,23054,0.0,0.0,0.0
2023-09-13 11:30:00-04:00,28.735000610351562,28.735000610351562,28.665000915527344,28.704999923706055,2964,0.0,0.0,0.0
2023-09-13 12:30:00-04:00,28.701000213623047,28.709299087524414,28.65999984741211,28.68000030517578,5281,0.0,0.0,0.0
2023-09-13 13:30:00-04:00,28.670000076293945,28.70989990234375,28.65999984741211,28.674999237060547,10792,0.0,0.0,0.0
2023-09-13 14:30:00-04:00,28.68000030517578,28.68000030517578,28.579999923706055,28.594999313354492,7171,0.0,0.0,0.0
2023-09-13 15:30:00-04:00,28.614999771118164,28.649900436401367,28.589099884033203,28.600000381469727,3870,0.0,0.0,0.0
2023-09-14 09:30:00-04:00,28.989999771118164,28.989999771118164,28.8700008392334,28.93320083618164,0,0.0,0.0,0.0
2023-09-14 10:30:00-04:00,29.010000228881836,29.07990074157715,29.009700775146484,29.020099639892578,5781,0.0,0.0,0.0
2023-09-14 11:30:00-04:00,29.020000457763672,29.058300018310547,28.989999771118164,29.010000228881836,7511,0.0,0.0,0.0
2023-09-14 12:30:00-04:00,29.030000686645508,29.09000015258789,29.0,29.010000228881836,7472,0.0,0.0,0.0
2023-09-14 13:30:00-04:00,29.030000686645508,29.05970001220703,28.989999771118164,29.0,5968,0.0,0.0,0.0
2023-09-14 14:30:00-04:00,29.0,29.06999969482422,29.0,29.030000686645508,17698,0.0,0.0,0.0
2023-09-14 15:30:00-04:00,29.03499984741211,29.059999465942383,29.0,29.020000457763672,0,0.0,0.0,0.0
2023-09-15 09:30:00-04:00,29.0,29.020000457763672,28.850000381469727,28.979999542236328,22006,0.0,0.0,0.0
2023-09-15 10:30:00-04:00,28.940000534057617,28.96500015258789,28.856000900268555,28.926000595092773,5975,0.0,0.0,0.0
2023-09-15 11:30:00-04:00,28.889999389648438,28.959999084472656,28.8700008392334,28.920000076293945,8338,0.0,0.0,0.0
2023-09-15 12:30:00-04:00,28.950000762939453,28.969999313354492,28.85650062561035,28.85650062561035,10338,0.0,0.0,0.0
2023-09-15 13:30:00-04:00,28.850000381469727,28.940000534057617,28.84000015258789,28.84000015258789,8358,0.0,0.0,0.0
2023-09-15 14:30:00-04:00,28.90880012512207,28.90880012512207,28.82509994506836,28.826799392700195,3791,0.0,0.0,0.0
2023-09-15 15:30:00-04:00,28.81599998474121,28.90999984741211,28.790000915527344,28.790000915527344,12463,0.0,0.0,0.0
2023-09-18 09:30:00-04:00,28.65999984741211,28.681900024414062,28.600000381469727,28.6299991607666,0,0.0,0.0,0.0
2023-09-18 10:30:00-04:00,28.698400497436523,28.739299774169922,28.6156005859375,28.690000534057617,6491,0.0,0.0,0.0
2023-09-18 11:30:00-04:00,28.72879981994629,28.769500732421875,28.700000762939453,28.700000762939453,5241,0.0,0.0,0.0
2023-09-18 12:30:00-04:00,28.763900756835938,28.769899368286133,28.735000610351562,28.735000610351562,8064,0.0,0.0,0.0
2023-09-18 13:30:00-04:00,28.708599090576172,28.76449966430664,28.700000762939453,28.72319984436035,10059,0.0,0.0,0.0
2023-09-18 14:30:00-04:00,28.729900360107422,28.729999542236328,28.68549919128418,28.690000534057617,11875,0.0,0.0,0.0
2023-09-18 15:30:00-04:00,28.663000106811523,28.729999542236328,28.663000106811523,28.729999542236328,5928,0.0,0.0,0.0
2023-09-19 09:30:00-04:00,28.709999084472656,28.855199813842773,28.709999084472656,28.719999313354492,0,0.0,0.0,0.0
2023-09-19 10:30:00-04:00,28.719999313354492,28.790000915527344,28.715700149536133,28.78890037536621,6527,0.0,0.0,0.0
2023-09-19 11:30:00-04:00,28.739999771118164,28.790000915527344,28.700000762939453,28.739999771118164,14414,0.0,0.0,0.0
2023-09-19 12:30:00-04:00,28.746400833129883,28.76449966430664,28.690000534057617,28.74090003967285,8309,0.0,0.0,0.0
2023-09-19 13:30:00-04:00,28.760000228881836,28.829999923706055,28.750099182128906,28.750099182128906,6432,0.0,0.0,0.0
2023-09-19 14:30:00-04:00,28.821500778198242,28.821500778198242,28.719999313354492,28.719999313354492,12202,0.0,0.0,0.0
2023-09-19 15:30:00-04:00,28.729999542236328,28.860000610351562,28.729999542236328,28.81999969482422,11001,0.0,0.0,0.0
2023-09-20 09:30:00-04:00,28.979999542236328,29.091100692749023,28.969999313354492,29.089000701904297,0,0.0,0.0,0.0
2023-09-20 10:30:00-04:00,29.06999969482422,29.1200008392334,29.020000457763672,29.069599151611328,5469,0.0,0.0,0.0
2023-09-20 11:30:00-04:00,29.030000686645508,29.084999084472656,29.030000686645508,29.084999084472656,6016,0.0,0.0,0.0
2023-09-20 12:30:00-04:00,29.05299949645996,29.1299991607666,29.05299949645996,29.09000015258789,5576,0.0,0.0,0.0
2023-09-20 13:30:00-04:00,29.101499557495117,29.1299991607666,28.948999404907227,28.970800399780273,3933,0.0,0.0,0.0
2023-09-20 14:30:00-04:00,29.0,29.005699157714844,28.841400146484375,28.841400146484375,5122,0.0,0.0,0.0
2023-09-20 15:30:00-04:00,28.854999542236328,28.859899520874023,28.719999313354492,28.719999313354492,5483,0.0,0.0,0.0
2023-09-21 09:30:00-04:00,28.479999542236328,28.51930046081543,28.40999984741211,28.514999389648438,5345,0.0,0.0,0.0
2023-09-21 10:30:00-04:00,28.485000610351562,28.53499984741211,28.3799991607666,28.40719985961914,7008,0.0,0.0,0.0
2023-09-21 11:30:00-04:00,28.429000854492188,28.45989990234375,28.405000686645508,28.405000686645508,3863,0.0,0.0,0.0
2023-09-21 12:30:00-04:00,28.420000076293945,28.459999084472656,28.400100708007812,28.45159912109375,11822,0.0,0.0,0.0
2023-09-21 13:30:00-04:00,28.399999618530273,28.469999313354492,28.399999618530273,28.399999618530273,3020,0.0,0.0,0.0
2023-09-21 14:30:00-04:00,28.422199249267578,28.422199249267578,28.34000015258789,28.35759925842285,10197,0.0,0.0,0.0
2023-09-21 15:30:00-04:00,28.354999542236328,28.360000610351562,28.295000076293945,28.299999237060547,9239,0.0,0.0,0.0
2023-09-22 09:30:00-04:00,28.5,28.558900833129883,28.350099563598633,28.558900833129883,0,0.0,0.0,0.0
2023-09-22 10:30:00-04:00,28.520000457763672,28.56999969482422,28.39189910888672,28.39189910888672,9642,0.0,0.0,0.0
2023-09-22 11:30:00-04:00,28.454999923706055,28.4778995513916,28.399999618530273,28.440000534057617,3311,0.0,0.0,0.0
2023-09-22 12:30:00-04:00,28.416500091552734,28.440399169921875,28.309999465942383,28.309999465942383,2908,0.0,0.0,0.0
2023-09-22 13:30:00-04:00,28.382699966430664,28.399200439453125,28.31719970703125,28.360000610351562,11692,0.0,0.0,0.0
2023-09-22 14:30:00-04:00,28.325000762939453,28.390600204467773,28.325000762939453,28.3799991607666,5111,0.0,0.0,0.0
2023-09-22 15:30:00-04:00,28.409000396728516,28.409900665283203,28.350000381469727,28.360000610351562,25093,0.0,0.0,0.0
2023-09-25 09:30:00-04:00,28.170000076293945,28.170000076293945,28.02589988708496,28.09000015258789,18258,0.0,0.0,0.0
2023-09-25 10:30:00-04:00,28.0625,28.15880012512207,28.010000228881836,28.158599853515625,10674,0.0,0.0,0.0
2023-09-25 11:30:00-04:00,28.149999618530273,28.184900283813477,28.124099731445312,28.170400619506836,8154,0.0,0.0,0.0
2023-09-25 12:30:00-04:00,28.24570083618164,28.249900817871094,28.140499114990234,28.16160011291504,19193,0.0,0.0,0.0
2023-09-25 13:30:00-04:00,28.184999465942383,28.23040008544922,28.11009979248047,28.184999465942383,5308,0.0,0.0,0.0
2023-09-25 14:30:00-04:00,28.184999465942383,28.239900588989258,28.137500762939453,28.165000915527344,10795,0.0,0.0,0.0
2023-09-25 15:30:00-04:00,28.165000915527344,28.23270034790039,28.156200408935547,28.170000076293945,8776,0.0,0.0,0.0
2023-09-26 09:30:00-04:00,28.020000457763672,28.06999969482422,27.920000076293945,27.920000076293945,0,0.0,0.0,0.0
2023-09-26 10:30:00-04:00,28.040000915527344,28.049999237060547,27.95170021057129,28.00950050354004,8916,0.0,0.0,0.0
2023-09-26 11:30:00-04:00,27.975000381469727,27.97920036315918,27.910600662231445,27.965200424194336,3596,0.0,0.0,0.0
2023-09-26 12:30:00-04:00,27.970399856567383,28.00909996032715,27.944499969482422,27.988000869750977,4072,0.0,0.0,0.0
2023-09-26 13:30:00-04:00,27.950000762939453,27.950000762939453,27.840999603271484,27.866600036621094,18945,0.0,0.0,0.0
2023-09-26 14:30:00-04:00,27.90570068359375,27.920000076293945,27.81999969482422,27.850000381469727,28693,0.0,0.0,0.0
2023-09-26 15:30:00-04:00,27.844900131225586,27.8700008392334,27.81999969482422,27.829999923706055,8369,0.0,0.0,0.0
2023-09-27 09:30:00-04:00,28.040000915527344,28.104799270629883,27.799999237060547,27.81999969482422,0,0.0,0.0,0.0
2023-09-27 10:30:00-04:00,27.799999237060547,27.83989906311035,27.700000762939453,27.790000915527344,22542,0.0,0.0,0.0
2023-09-27 11:30:00-04:00,27.76959991455078,27.79990005493164,27.670000076293945,27.699899673461914,45273,0.0,0.0,0.0
2023-09-27 12:30:00-04:00,27.690000534057617,27.770000457763672,27.635000228881836,27.635000228881836,87176,0.0,0.0,0.0
2023-09-27 13:30:00-04:00,27.588300704956055,27.72089958190918,27.588300704956055,27.72089958190918,4974,0.0,0.0,0.0
2023-09-27 14:30:00-04:00,27.739900588989258,27.809900283813477,27.728700637817383,27.74250030517578,26737,0.0,0.0,0.0
2023-09-27 15:30:00-04:00,27.795799255371094,27.809999465942383,27.719999313354492,27.729999542236328,3942,0.0,0.0,0.0
2023-09-28 09:30:00-04:00,27.860000610351562,27.920000076293945,27.792800903320312,27.920000076293945,8244,0.0,0.0,0.0
2023-09-28 10:30:00-04:00,27.860000610351562,27.94499969482422,27.860000610351562,27.930099487304688,1738,0.0,0.0,0.0
2023-09-28 11:30:00-04:00,27.979999542236328,28.020000457763672,27.979999542236328,28.020000457763672,50762,0.0,0.0,0.0
2023-09-28 12:30:00-04:00,28.020099639892578,28.038000106811523,27.950000762939453,27.950000762939453,10465,0.0,0.0,0.0
2023-09-28 13:30:00-04:00,27.90999984741211,27.989999771118164,27.90999984741211,27.989999771118164,5515,0.0,0.0,0.0
2023-09-28 14:30:00-04:00,27.950000762939453,28.020000457763672,27.90999984741211,28.020000457763672,15637,0.0,0.0,0.0
2023-09-28 15:30:00-04:00,28.0,28.020000457763672,27.950000762939453,27.950000762939453,7416,0.0,0.0,0.0
2023-09-29 09:30:00-04:00,28.299999237060547,28.299999237060547,28.06999969482422,28.06999969482422,0,0.0,0.0,0.0
2023-09-29 10:30:00-04:00,28.100000381469727,28.170000076293945,28.049999237060547,28.110000610351562,18132,0.0,0.0,0.0
2023-09-29 11:30:00-04:00,28.040000915527344,28.11989974975586,27.989999771118164,28.059900283813477,14936,0.0,0.0,0.0
2023-09-29 12:30:00-04:00,28.031999588012695,28.047000885009766,27.940000534057617,27.988500595092773,5883,0.0,0.0,0.0
2023-09-29 13:30:00-04:00,27.94499969482422,27.969999313354492,27.8799991607666,27.889999389648438,13966,0.0,0.0,0.0
2023-09-29 14:30:00-04:00,27.8700008392334,27.975500106811523,27.8700008392334,27.940000534057617,4011,0.0,0.0,0.0
2023-09-29 15:30:00-04:00,27.92009925842285,27.989999771118164,27.90999984741211,27.90999984741211,17865,0.0,0.0,0.0
2023-10-02 09:30:00-04:00,27.809999465942383,27.809999465942383,27.600000381469727,27.600000381469727,0,0.0,0.0,0.0
2023-10-02 10:30:00-04:00,27.59000015258789,27.645000457763672,27.530000686645508,27.645000457763672,9927,0.0,0.0,0.0
2023-10-02 11:30:00-04:00,27.6200008392334,27.6289005279541,27.5,27.520000457763672,7550,0.0,0.0,0.0
2023-10-02 12:30:00-04:00,27.5,27.525699615478516,27.469999313354492,27.525699615478516,4289,0.0,0.0,0.0
2023-10-02 13:30:00-04:00,27.529499053955078,27.559999465942383,27.490100860595703,27.559999465942383,9191,0.0,0.0,0.0
2023-10-02 14:30:00-04:00,27.469999313354492,27.52989959716797,27.469999313354492,27.521499633789062,4946,0.0,0.0,0.0
2023-10-02 15:30:00-04:00,27.5216007232666,27.549999237060547,27.5,27.510000228881836,0,0.0,0.0,0.0
2023-10-03 09:30:00-04:00,27.329999923706055,27.350000381469727,27.149999618530273,27.2450008392334,11725,0.0,0.0,0.0
2023-10-03 10:30:00-04:00,27.23870086669922,27.270000457763672,27.1299991607666,27.170000076293945,6829,0.0,0.0,0.0
2023-10-03 11:30:00-04:00,27.17959976196289,27.229999542236328,27.1200008392334,27.190000534057617,14798,0.0,0.0,0.0
2023-10-03 12:30:00-04:00,27.239999771118164,27.258800506591797,27.18000030517578,27.21500015258789,28005,0.0,0.0,0.0
2023-10-03 13:30:00-04:00,27.209999084472656,27.229400634765625,27.10059928894043,27.139999389648438,17535,0.0,0.0,0.0
2023-10-03 14:30:00-04:00,27.170000076293945,27.220199584960938,27.139999389648438,27.139999389648438,10020,0.0,0.0,0.0
2023-10-03 15:30:00-04:00,27.149999618530273,27.239999771118164,27.1299991607666,27.170000076293945,0,0.0,0.0,0.0
2023-10-04 09:30:00-04:00,27.219999313354492,27.239999771118164,27.062000274658203,27.06999969482422,7846,0.0,0.0,0.0
2023-10-04 10:30:00-04:00,27.030000686645508,27.155000686645508,26.989999771118164,27.13610076904297,118640,0.0,0.0,0.0
2023-10-04 11:30:00-04:00,27.11709976196289,27.239299774169922,27.11709976196289,27.190000534057617,10794,0.0,0.0,0.0
2023-10-04 12:30:00-04:00,27.209999084472656,27.258899688720703,27.15999984741211,27.170000076293945,8962,0.0,0.0,0.0
2023-10-04 13:30:00-04:00,27.15999984741211,27.17930030822754,27.100000381469727,27.100000381469727,21531,0.0,0.0,0.0
2023-10-04 14:30:00-04:00,27.1299991607666,27.232099533081055,27.110000610351562,27.184999465942383,4113,0.0,0.0,0.0
2023-10-04 15:30:00-04:00,27.21500015258789,27.27989959716797,27.190000534057617,27.190000534057617,12615,0.0,0.0,0.0
2023-10-05 09:30:00-04:00,27.34000015258789,27.409900665283203,27.295000076293945,27.34000015258789,0,0.0,0.0,0.0
2023-10-05 10:30:00-04:00,27.360000610351562,27.360000610351562,27.249900817871094,27.283899307250977,6941,0.0,0.0,0.0
2023-10-05 11:30:00-04:00,27.309999465942383,27.3700008392334,27.280000686645508,27.334999084472656,20292,0.0,0.0,0.0
2023-10-05 12:30:00-04:00,27.3700008392334,27.3700008392334,27.309999465942383,27.329999923706055,8898,0.0,0.0,0.0
2023-10-05 13:30:00-04:00,27.385000228881836,27.450000762939453,27.385000228881836,27.450000762939453,3826,0.0,0.0,0.0
2023-10-05 14:30:00-04:00,27.370100021362305,27.519899368286133,27.370100021362305,27.399999618530273,6852,0.0,0.0,0.0
2023-10-05 15:30:00-04:00,27.450000762939453,27.470300674438477,27.38010025024414,27.389999389648438,12655,0.0,0.0,0.0
2023-10-06 09:30:00-04:00,27.459999084472656,27.459999084472656,27.260000228881836,27.268800735473633,0,0.0,0.0,0.0
2023-10-06 10:30:00-04:00,27.329999923706055,27.625,27.329999923706055,27.625,0,0.0,0.0,0.0
2023-10-06 11:30:00-04:00,27.696800231933594,27.789899826049805,27.586700439453125,27.690000534057617,37699,0.0,0.0,0.0
2023-10-06 12:30:00-04:00,27.690000534057617,27.739999771118164,27.670000076293945,27.739999771118164,5705,0.0,0.0,0.0
2023-10-06 13:30:00-04:00,27.670000076293945,27.799999237060547,27.670000076293945,27.739999771118164,6347,0.0,0.0,0.0
2023-10-06 14:30:00-04:00,27.774999618530273,27.84000015258789,27.719999313354492,27.799999237060547,8976,0.0,0.0,0.0
2023-10-06 15:30:00-04:00,27.834999084472656,27.834999084472656,27.72010040283203,27.729999542236328,6940,0.0,0.0,0.0
2023-10-09 09:30:00-04:00,27.549999237060547,27.559999465942383,27.5,27.5,13709,0.0,0.0,0.0
2023-10-09 10:30:00-04:00,27.56719970703125,27.56719970703125,27.469999313354492,27.4950008392334,5687,0.0,0.0,0.0
2023-10-09 11:30:00-04:00,27.510000228881836,27.579999923706055,27.5,27.530000686645508,22429,0.0,0.0,0.0
2023-10-09 12:30:00-04:00,27.52720069885254,27.561500549316406,27.489999771118164,27.520000457763672,6924,0.0,0.0,0.0
2023-10-09 13:30:00-04:00,27.559999465942383,27.769899368286133,27.559999465942383,27.700000762939453,17402,0.0,0.0,0.0
2023-10-09 14:30:00-04:00,27.700000762939453,27.760000228881836,27.63010025024414,27.650100708007812,18271,0.0,0.0,0.0
2023-10-09 15:30:00-04:00,27.650100708007812,27.760000228881836,27.649999618530273,27.65999984741211,7186,0.0,0.0,0.0
2023-10-10 09:30:00-04:00,28.049999237060547,28.110000610351562,27.979999542236328,28.110000610351562,2841,0.0,0.0,0.0
2023-10-10 10:30:00-04:00,28.18000030517578,28.18000030517578,28.079999923706055,28.1299991607666,8147,0.0,0.0,0.0
2023-10-10 11:30:00-04:00,28.19499969482422,28.235000610351562,28.144800186157227,28.144800186157227,6783,0.0,0.0,0.0
2023-10-10 12:30:00-04:00,28.190000534057617,28.22920036315918,28.066699981689453,28.093000411987305,4405,0.0,0.0,0.0
2023-10-10 13:30:00-04:00,28.059999465942383,28.170000076293945,28.059999465942383,28.136699676513672,16311,0.0,0.0,0.0
2023-10-10 14:30:00-04:00,28.07029914855957,28.16990089416504,28.059999465942383,28.059999465942383,4304,0.0,0.0,0.0
2023-10-10 15:30:00-04:00,28.114999771118164,28.15999984741211,28.06909942626953,28.06999969482422,0,0.0,0.0,0.0
2023-10-11 09:30:00-04:00,28.309999465942383,28.338499069213867,28.190000534057617,28.209999084472656,26711,0.0,0.0,0.0
2023-10-11 10:30:00-04:00,28.209999084472656,28.290000915527344,28.179100036621094,28.179100036621094,13886,0.0,0.0,0.0
2023-10-11 11:30:00-04:00,28.209999084472656,28.21500015258789,28.149999618530273,28.155000686645508,10824,0.0,0.0,0.0
2023-10-11 12:30:00-04:00,28.13010025024414,28.200000762939453,28.110000610351562,28.110000610351562,11809,0.0,0.0,0.0
2023-10-11 13:30:00-04:00,28.14109992980957,28.190000534057617,28.07509994506836,28.139999389648438,10596,0.0,0.0,0.0
2023-10-11 14:30:00-04:00,28.139999389648438,28.200000762939453,28.139999389648438,28.18000030517578,9457,0.0,0.0,0.0
2023-10-11 15:30:00-04:00,28.219999313354492,28.289899826049805,28.205799102783203,28.219999313354492,0,0.0,0.0,0.0
2023-10-12 09:30:00-04:00,28.280000686645508,28.280000686645508,28.09709930419922,28.170000076293945,11832,0.0,0.0,0.0
2023-10-12 10:30:00-04:00,28.116500854492188,28.170000076293945,28.06999969482422,28.1200008392334,7432,0.0,0.0,0.0
2023-10-12 11:30:00-04:00,28.059999465942383,28.131500244140625,28.059999465942383,28.08009910583496,6529,0.0,0.0,0.0
2023-10-12 12:30:00-04:00,28.06999969482422,28.15999984741211,27.96579933166504,27.96579933166504,9166,0.0,0.0,0.0
2023-10-12 13:30:00-04:00,27.950000762939453,27.999300003051758,27.889999389648438,27.889999389648438,12273,0.0,0.0,0.0
2023-10-12 14:30:00-04:00,27.94499969482422,27.989999771118164,27.899999618530273,27.98859977722168,20761,0.0,0.0,0.0
2023-10-12 15:30:00-04:00,27.96500015258789,27.989999771118164,27.950000762939453,27.959999084472656,5051,0.0,0.0,0.0
2023-10-13 09:30:00-04:00,27.950000762939453,28.010000228881836,27.838499069213867,27.838499069213867,18614,0.0,0.0,0.0
2023-10-13 10:30:00-04:00,27.838499069213867,27.86389923095703,27.670000076293945,27.717100143432617,8509,0.0,0.0,0.0
2023-10-13 11:30:00-04:00,27.74959945678711,27.775800704956055,27.670000076293945,27.763700485229492,4571,0.0,0.0,0.0
2023-10-13 12:30:00-04:00,27.81999969482422,27.82990074157715,27.709999084472656,27.71150016784668,4926,0.0,0.0,0.0
2023-10-13 13:30:00-04:00,27.719999313354492,27.796199798583984,27.68000030517578,27.727399826049805,11009,0.0,0.0,0.0
2023-10-13 14:30:00-04:00,27.79990005493164,27.829999923706055,27.68000030517578,27.76849937438965,9842,0.0,0.0,0.0
2023-10-13 15:30:00-04:00,27.756799697875977,27.77090072631836,27.733999252319336,27.760000228881836,4499,0.0,0.0,0.0
2023-10-16 09:30:00-04:00,27.8799991607666,27.920000076293945,27.78339958190918,27.8799991607666,0,0.0,0.0,0.0
2023-10-16 10:30:00-04:00,27.920000076293945,27.99209976196289,27.899999618530273,27.962600708007812,5601,0.0,0.0,0.0
2023-10-16 11:30:00-04:00,27.900100708007812,27.959999084472656,27.899999618530273,27.934099197387695,5727,0.0,0.0,0.0
2023-10-16 12:30:00-04:00,27.940500259399414,27.949600219726562,27.899999618530273,27.917600631713867,12434,0.0,0.0,0.0
2023-10-16 13:30:00-04:00,27.959999084472656,27.959999084472656,27.8700008392334,27.94059944152832,2358,0.0,0.0,0.0
2023-10-16 14:30:00-04:00,27.947200775146484,27.996400833129883,27.940000534057617,27.971599578857422,19214,0.0,0.0,0.0
2023-10-16 15:30:00-04:00,28.01219940185547,28.01219940185547,27.90999984741211,28.010000228881836,5335,0.0,0.0,0.0
2023-10-17 09:30:00-04:00,27.760000228881836,27.97279930114746,27.719999313354492,27.97279930114746,0,0.0,0.0,0.0
2023-10-17 10:30:00-04:00,27.9143009185791,28.020000457763672,27.8799991607666,27.968299865722656,43977,0.0,0.0,0.0
2023-10-17 11:30:00-04:00,27.971200942993164,28.030000686645508,27.971200942993164,28.0,3542,0.0,0.0,0.0
2023-10-17 12:30:00-04:00,28.1023006439209,28.133399963378906,27.959999084472656,28.010000228881836,8030,0.0,0.0,0.0
2023-10-17 13:30:00-04:00,28.049999237060547,28.049999237060547,27.860000610351562,27.969999313354492,5718,0.0,0.0,0.0
2023-10-17 14:30:00-04:00,27.909299850463867,27.973899841308594,27.850099563598633,27.899999618530273,23851,0.0,0.0,0.0
2023-10-17 15:30:00-04:00,27.900100708007812,28.011699676513672,27.899999618530273,27.950000762939453,0,0.0,0.0,0.0
2023-10-18 09:30:00-04:00,27.84000015258789,27.84000015258789,27.665800094604492,27.719999313354492,25365,0.0,0.0,0.0
2023-10-18 10:30:00-04:00,27.679899215698242,27.69860076904297,27.59320068359375,27.6481990814209,16314,0.0,0.0,0.0
2023-10-18 11:30:00-04:00,27.6200008392334,27.6200008392334,27.536800384521484,27.536800384521484,7277,0.0,0.0,0.0
2023-10-18 12:30:00-04:00,27.596799850463867,27.690000534057617,27.562000274658203,27.675899505615234,6344,0.0,0.0,0.0
2023-10-18 13:30:00-04:00,27.68000030517578,27.699899673461914,27.579999923706055,27.656600952148438,3783,0.0,0.0,0.0
2023-10-18 14:30:00-04:00,27.61549949645996,27.61549949645996,27.5,27.57670021057129,12341,0.0,0.0,0.0
2023-10-18 15:30:00-04:00,27.533100128173828,27.57069969177246,27.510000228881836,27.510000228881836,11436,0.0,0.0,0.0
2023-10-19 09:30:00-04:00,27.5,27.5,27.350000381469727,27.377700805664062,21742,0.0,0.0,0.0
2023-10-19 10:30:00-04:00,27.375,27.420000076293945,27.309999465942383,27.396299362182617,4827,0.0,0.0,0.0
2023-10-19 11:30:00-04:00,27.436899185180664,27.464399337768555,27.350099563598633,27.464399337768555,5619,0.0,0.0,0.0
2023-10-19 12:30:00-04:00,27.350000381469727,27.540000915527344,27.270000457763672,27.510000228881836,0,0.0,0.0,0.0
2023-10-19 13:30:00-04:00,27.479400634765625,27.479400634765625,27.340099334716797,27.4060001373291,72082,0.0,0.0,0.0
2023-10-19 14:30:00-04:00,27.350000381469727,27.360000610351562,27.25,27.259300231933594,28403,0.0,0.0,0.0
2023-10-19 15:30:00-04:00,27.316999435424805,27.316999435424805,27.180200576782227,27.299999237060547,9170,0.0,0.0,0.0
2023-10-20 09:30:00-04:00,27.18000030517578,27.2012996673584,27.020099639892578,27.054500579833984,0,0.0,0.0,0.0
2023-10-20 10:30:00-04:00,27.11669921875,27.149999618530273,27.059999465942383,27.079500198364258,293894,0.0,0.0,0.0
2023-10-20 11:30:00-04:00,27.049999237060547,27.110000610351562,27.020000457763672,27.059999465942383,74514,0.0,0.0,0.0
2023-10-20 12:30:00-04:00,27.075000762939453,27.16309928894043,27.058000564575195,27.149999618530273,17816,0.0,0.0,0.0
2023-10-20 13:30:00-04:00,27.135000228881836,27.158199310302734,27.02549934387207,27.02549934387207,11367,0.0,0.0,0.0
2023-10-20 14:30:00-04:00,27.059999465942383,27.084999084472656,27.03179931640625,27.049999237060547,31131,0.0,0.0,0.0
2023-10-20 15:30:00-04:00,27.07469940185547,27.07469940185547,27.010000228881836,27.030000686645508,16985,0.0,0.0,0.0
2023-10-23 09:30:00-04:00,26.950000762939453,27.023700714111328,26.68000030517578,27.015199661254883,14976,0.0,0.0,0.0
2023-10-23 10:30:00-04:00,26.969999313354492,27.110000610351562,26.969999313354492,27.077699661254883,9175,0.0,0.0,0.0
2023-10-23 11:30:00-04:00,27.06290054321289,27.09000015258789,27.049999237060547,27.049999237060547,3094,0.0,0.0,0.0
2023-10-23 12:30:00-04:00,27.126300811767578,27.16990089416504,27.049999237060547,27.16990089416504,9811,0.0,0.0,0.0
2023-10-23 13:30:00-04:00,27.135000228881836,27.185300827026367,27.050100326538086,27.094999313354492,6909,0.0,0.0,0.0
2023-10-23 14:30:00-04:00,27.061899185180664,27.158899307250977,27.049999237060547,27.049999237060547,7181,0.0,0.0,0.0
2023-10-23 15:30:00-04:00,27.060300827026367,27.06800079345703,27.0,27.0,17503,0.0,0.0,0.0
2023-10-24 09:30:00-04:00,27.040000915527344,27.170000076293945,27.01289939880371,27.095399856567383,0,0.0,0.0,0.0
2023-10-24 10:30:00-04:00,27.145999908447266,27.189899444580078,27.110000610351562,27.110000610351562,17483,0.0,0.0,0.0
2023-10-24 11:30:00-04:00,27.149999618530273,27.179399490356445,27.052799224853516,27.11720085144043,4356,0.0,0.0,0.0
2023-10-24 12:30:00-04:00,27.049999237060547,27.084999084472656,27.020000457763672,27.046600341796875,2703,0.0,0.0,0.0
2023-10-24 13:30:00-04:00,27.049999237060547,27.138099670410156,27.049999237060547,27.138099670410156,2045,0.0,0.0,0.0
2023-10-24 14:30:00-04:00,27.083599090576172,27.200000762939453,27.06999969482422,27.1023006439209,18479,0.0,0.0,0.0
2023-10-24 15:30:00-04:00,27.149999618530273,27.190000534057617,27.1028995513916,27.110000610351562,21351,0.0,0.0,0.0
2023-10-25 09:30:00-04:00,27.100000381469727,27.100000381469727,27.0,27.010000228881836,0,0.0,0.0,0.0
2023-10-25 10:30:00-04:00,27.09149932861328,27.200000762939453,27.079999923706055,27.18670082092285,16932,0.0,0.0,0.0
2023-10-25 11:30:00-04:00,27.168500900268555,27.168500900268555,27.020099639892578,27.047500610351562,23398,0.0,0.0,0.0
2023-10-25 12:30:00-04:00,27.038700103759766,27.1200008392334,26.940000534057617,27.04829978942871,24011,0.0,0.0,0.0
2023-10-25 13:30:00-04:00,27.0226993560791,27.0226993560791,26.958599090576172,27.0,10257,0.0,0.0,0.0
2023-10-25 14:30:00-04:00,26.969999313354492,27.010400772094727,26.899999618530273,26.93549919128418,4410,0.0,0.0,0.0
2023-10-25 15:30:00-04:00,26.962200164794922,27.033300399780273,26.951900482177734,26.989999771118164,7568,0.0,0.0,0.0
2023-10-26 09:30:00-04:00,26.959999084472656,26.959999084472656,26.790000915527344,26.860000610351562,0,0.0,0.0,0.0
2023-10-26 10:30:00-04:00,26.889999389648438,26.940000534057617,26.78260040283203,26.860000610351562,19124,0.0,0.0,0.0
2023-10-26 11:30:00-04:00,26.848100662231445,26.854999542236328,26.739999771118164,26.739999771118164,5722,0.0,0.0,0.0
2023-10-26 12:30:00-04:00,26.735000610351562,26.77720069885254,26.709999084472656,26.73780059814453,36069,0.0,0.0,0.0
2023-10-26 13:30:00-04:00,26.75,26.82080078125,26.75,26.815000534057617,7877,0.0,0.0,0.0
2023-10-26 14:30:00-04:00,26.829999923706055,26.9064998626709,26.81999969482422,26.864999771118164,24204,0.0,0.0,0.0
2023-10-26 15:30:00-04:00,26.850000381469727,26.854999542236328,26.799999237060547,26.809999465942383,4413,0.0,0.0,0.0
2023-10-27 09:30:00-04:00,27.020000457763672,27.020000457763672,26.790000915527344,26.790000915527344,0,0.0,0.0,0.0
2023-10-27 10:30:00-04:00,26.780000686645508,26.829999923706055,26.719999313354492,26.803800582885742,9005,0.0,0.0,0.0
2023-10-27 11:30:00-04:00,26.799999237060547,26.83989906311035,26.739999771118164,26.76449966430664,28471,0.0,0.0,0.0
2023-10-27 12:30:00-04:00,26.719999313354492,26.790000915527344,26.6299991607666,26.670000076293945,14064,0.0,0.0,0.0
2023-10-27 13:30:00-04:00,26.6299991607666,26.704200744628906,26.600099563598633,26.610000610351562,44192,0.0,0.0,0.0
2023-10-27 14:30:00-04:00,26.635299682617188,26.68000030517578,26.610000610351562,26.635000228881836,10632,0.0,0.0,0.0
2023-10-27 15:30:00-04:00,26.6200008392334,26.69070053100586,26.604299545288086,26.69070053100586,6519,0.0,0.0,0.0
2023-10-30 09:30:00-04:00,27.09000015258789,27.09000015258789,26.8700008392334,26.8700008392334,0,0.0,0.0,0.0
2023-10-30 10:30:00-04:00,26.860700607299805,27.0,26.860700607299805,26.954999923706055,14377,0.0,0.0,0.0
2023-10-30 11:30:00-04:00,26.96500015258789,26.994400024414062,26.920000076293945,26.9507999420166,4759,0.0,0.0,0.0
2023-10-30 12:30:00-04:00,26.891799926757812,26.950000762939453,26.88520050048828,26.940000534057617,69951,0.0,0.0,0.0
2023-10-30 13:30:00-04:00,26.98430061340332,27.030000686645508,26.95490074157715,26.9768009185791,63968,0.0,0.0,0.0
2023-10-30 14:30:00-04:00,27.030000686645508,27.0403995513916,26.989999771118164,26.994600296020508,30912,0.0,0.0,0.0
2023-10-30 15:30:00-04:00,27.050800323486328,27.059999465942383,26.989999771118164,27.049999237060547,7215,0.0,0.0,0.0
2023-10-31 09:30:00-04:00,27.09000015258789,27.09000015258789,26.967300415039062,27.040000915527344,9005,0.0,0.0,0.0
2023-10-31 10:30:00-04:00,27.079999923706055,27.079999923706055,26.971399307250977,27.0,8577,0.0,0.0,0.0
2023-10-31 11:30:00-04:00,26.996999740600586,27.059999465942383,26.93000030517578,26.940099716186523,20196,0.0,0.0,0.0
2023-10-31 12:30:00-04:00,26.979999542236328,27.058399200439453,26.93000030517578,27.0,66090,0.0,0.0,0.0
2023-10-31 13:30:00-04:00,27.07830047607422,27.07900047302246,27.0,27.0,7394,0.0,0.0,0.0
2023-10-31 14:30:00-04:00,27.010000228881836,27.094999313354492,27.010000228881836,27.06999969482422,9808,0.0,0.0,0.0
2023-10-31 15:30:00-04:00,27.06999969482422,27.119400024414062,27.049999237060547,27.06999969482422,2933,0.0,0.0,0.0
2023-11-01 09:30:00-04:00,27.229999542236328,27.280000686645508,27.1299991607666,27.25,0,0.0,0.0,0.0
2023-11-01 10:30:00-04:00,27.25,27.329999923706055,27.139999389648438,27.198200225830078,41435,0.0,0.0,0.0
2023-11-01 11:30:00-04:00,27.149999618530273,27.232999801635742,27.139999389648438,27.149999618530273,46262,0.0,0.0,0.0
2023-11-01 12:30:00-04:00,27.149999618530273,27.190000534057617,27.110000610351562,27.15999984741211,0,0.0,0.0,0.0
2023-11-01 13:30:00-04:00,27.139999389648438,27.229999542236328,27.10059928894043,27.149999618530273,230717,0.0,0.0,0.0
2023-11-01 14:30:00-04:00,27.203800201416016,27.3518009185791,27.122600555419922,27.345600128173828,8364,0.0,0.0,0.0
2023-11-01 15:30:00-04:00,27.36870002746582,27.36870002746582,27.325000762939453,27.344999313354492,13170,0.0,0.0,0.0
2023-11-02 09:30:00-04:00,27.889999389648438,27.889999389648438,27.719999313354492,27.77120018005371,17839,0.0,0.0,0.0
2023-11-02 10:30:00-04:00,27.740100860595703,27.85140037536621,27.740100860595703,27.82990074157715,9793,0.0,0.0,0.0
2023-11-02 11:30:00-04:00,27.770099639892578,27.850000381469727,27.719999313354492,27.72010040283203,17370,0.0,0.0,0.0
2023-11-02 12:30:00-04:00,27.819900512695312,27.850000381469727,27.7593994140625,27.846200942993164,6788,0.0,0.0,0.0
2023-11-02 13:30:00-04:00,27.850000381469727,27.90999984741211,27.829999923706055,27.888900756835938,68596,0.0,0.0,0.0
2023-11-02 14:30:00-04:00,27.885400772094727,27.899999618530273,27.875,27.875,6387,0.0,0.0,0.0
2023-11-02 15:30:00-04:00,27.875,27.899999618530273,27.84779930114746,27.899999618530273,42333,0.0,0.0,0.0
2023-11-03 09:30:00-04:00,28.170000076293945,28.25,28.102399826049805,28.102399826049805,0,0.0,0.0,0.0
2023-11-03 10:30:00-04:00,28.139999389648438,28.229999542236328,28.100200653076172,28.218399047851562,17849,0.0,0.0,0.0
2023-11-03 11:30:00-04:00,28.188100814819336,28.260000228881836,28.18000030517578,28.260000228881836,26548,0.0,0.0,0.0
2023-11-03 12:30:00-04:00,28.230100631713867,28.28499984741211,28.181800842285156,28.209999084472656,29533,0.0,0.0,0.0
2023-11-03 13:30:00-04:00,28.25,28.25,28.197599411010742,28.239999771118164,15455,0.0,0.0,0.0
2023-11-03 14:30:00-04:00,28.25,28.290000915527344,28.239999771118164,28.270000457763672,9621,0.0,0.0,0.0
2023-11-03 15:30:00-04:00,28.253599166870117,28.257999420166016,28.18000030517578,28.18000030517578,4212,0.0,0.0,0.0
2023-11-06 09:30:00-05:00,28.190000534057617,28.190000534057617,28.02079963684082,28.06999969482422,0,0.0,0.0,0.0
2023-11-06 10:30:00-05:00,28.06999969482422,28.139999389648438,28.059999465942383,28.11910057067871,16914,0.0,0.0,0.0
2023-11-06 11:30:00-05:00,28.09589958190918,28.139999389648438,28.050100326538086,28.087200164794922,33156,0.0,0.0,0.0
2023-11-06 12:30:00-05:00,28.079999923706055,28.079999923706055,28.030000686645508,28.0492000579834,9077,0.0,0.0,0.0
2023-11-06 13:30:00-05:00,28.04949951171875,28.05660057067871,27.959999084472656,27.98189926147461,47809,0.0,0.0,0.0
2023-11-06 14:30:00-05:00,28.000699996948242,28.069900512695312,28.000699996948242,28.045000076293945,13798,0.0,0.0,0.0
2023-11-06 15:30:00-05:00,28.034400939941406,28.06999969482422,28.030000686645508,28.040000915527344,10694,0.0,0.0,0.0
2023-11-07 09:30:00-05:00,27.93000030517578,27.93000030517578,27.770000457763672,27.84000015258789,21473,0.0,0.0,0.0
2023-11-07 10:30:00-05:00,27.799800872802734,27.899999618530273,27.799800872802734,27.860000610351562,11350,0.0,0.0,0.0
2023-11-07 11:30:00-05:00,27.860000610351562,27.882099151611328,27.8125,27.834400177001953,34397,0.0,0.0,0.0
2023-11-07 12:30:00-05:00,27.809999465942383,27.87310028076172,27.780099868774414,27.790000915527344,13708,0.0,0.0,0.0
2023-11-07 13:30:00-05:00,27.816200256347656,27.896499633789062,27.816200256347656,27.84000015258789,23062,0.0,0.0,0.0
2023-11-07 14:30:00-05:00,27.8700008392334,27.89889907836914,27.83449935913086,27.8799991607666,31060,0.0,0.0,0.0
2023-11-07 15:30:00-05:00,27.829999923706055,27.90999984741211,27.829999923706055,27.8799991607666,19438,0.0,0.0,0.0
2023-11-08 09:30:00-05:00,27.889999389648438,27.940799713134766,27.827999114990234,27.834999084472656,40157,0.0,0.0,0.0
2023-11-08 10:30:00-05:00,27.8257999420166,27.889299392700195,27.8257999420166,27.86989974975586,15109,0.0,0.0,0.0
2023-11-08 11:30:00-05:00,27.809999465942383,27.849899291992188,27.770000457763672,27.7726993560791,6771,0.0,0.0,0.0
2023-11-08 12:30:00-05:00,27.7549991607666,27.839500427246094,27.733699798583984,27.77120018005371,13813,0.0,0.0,0.0
2023-11-08 13:30:00-05:00,27.780000686645508,27.82990074157715,27.770000457763672,27.809999465942383,5349,0.0,0.0,0.0
2023-11-08 14:30:00-05:00,27.799400329589844,27.812700271606445,27.760099411010742,27.791500091552734,33783,0.0,0.0,0.0
2023-11-08 15:30:00-05:00,27.795499801635742,27.8700008392334,27.795499801635742,27.860000610351562,8916,0.0,0.0,0.0
2023-11-09 09:30:00-05:00,28.110000610351562,28.1299991607666,28.022899627685547,28.06999969482422,0,0.0,0.0,0.0
2023-11-09 10:30:00-05:00,28.020000457763672,28.108800888061523,28.004100799560547,28.108800888061523,74491,0.0,0.0,0.0
2023-11-09 11:30:00-05:00,28.050100326538086,28.087799072265625,28.050100326538086,28.059999465942383,9359,0.0,0.0,0.0
2023-11-09 12:30:00-05:00,28.059999465942383,28.079999923706055,27.884199142456055,27.989999771118164,15466,0.0,0.0,0.0
2023-11-09 13:30:00-05:00,27.989999771118164,28.0221004486084,27.860000610351562,27.864999771118164,28578,0.0,0.0,0.0
2023-11-09 14:30:00-05:00,27.81999969482422,27.872600555419922,27.799999237060547,27.850000381469727,17825,0.0,0.0,0.0
2023-11-09 15:30:00-05:00,27.82430076599121,27.849599838256836,27.778799057006836,27.829999923706055,8375,0.0,0.0,0.0
2023-11-10 09:30:00-05:00,27.90999984741211,27.90999984741211,27.6299991607666,27.649999618530273,10269,0.0,0.0,0.0
2023-11-10 10:30:00-05:00,27.649999618530273,27.77400016784668,27.6299991607666,27.768199920654297,15652,0.0,0.0,0.0
2023-11-10 11:30:00-05:00,27.75,27.816699981689453,27.74799919128418,27.799999237060547,7735,0.0,0.0,0.0
2023-11-10 12:30:00-05:00,27.81410026550293,27.879499435424805,27.81410026550293,27.875,5743,0.0,0.0,0.0
2023-11-10 13:30:00-05:00,27.882400512695312,27.94610023498535,27.8799991607666,27.93090057373047,8642,0.0,0.0,0.0
2023-11-10 14:30:00-05:00,27.921199798583984,27.949899673461914,27.90239906311035,27.940000534057617,3519,0.0,0.0,0.0
2023-11-10 15:30:00-05:00,27.950000762939453,27.979999542236328,27.940000534057617,27.959999084472656,9072,0.0,0.0,0.0
2023-11-13 09:30:00-05:00,27.969999313354492,27.969999313354492,27.821300506591797,27.920000076293945,0,0.0,0.0,0.0
2023-11-13 10:30:00-05:00,27.940000534057617,28.01180076599121,27.90999984741211,28.01180076599121,15402,0.0,0.0,0.0
2023-11-13 11:30:00-05:00,28.020000457763672,28.06999969482422,28.020000457763672,28.049999237060547,15139,0.0,0.0,0.0
2023-11-13 12:30:00-05:00,28.049999237060547,28.06999969482422,28.018800735473633,28.040000915527344,3722,0.0,0.0,0.0
2023-11-13 13:30:00-05:00,28.012500762939453,28.06999969482422,28.012500762939453,28.040000915527344,6940,0.0,0.0,0.0
2023-11-13 14:30:00-05:00,28.06999969482422,28.086000442504883,28.040000915527344,28.050100326538086,15446,0.0,0.0,0.0
2023-11-13 15:30:00-05:00,28.0664005279541,28.079999923706055,28.040000915527344,28.040000915527344,7041,0.0,0.0,0.0
2023-11-14 09:30:00-05:00,28.489999771118164,28.695499420166016,28.489999771118164,28.695499420166016,15485,0.0,0.0,0.0
2023-11-14 10:30:00-05:00,28.665700912475586,28.719900131225586,28.6299991607666,28.670000076293945,25334,0.0,0.0,0.0
2023-11-14 11:30:00-05:00,28.675199508666992,28.719999313354492,28.58009910583496,28.659900665283203,262701,0.0,0.0,0.0
2023-11-14 12:30:00-05:00,28.623300552368164,28.709999084472656,28.600000381469727,28.68000030517578,7978,0.0,0.0,0.0
2023-11-14 13:30:00-05:00,28.68000030517578,28.680099487304688,28.649999618530273,28.65489959716797,12271,0.0,0.0,0.0
2023-11-14 14:30:00-05:00,28.731700897216797,28.790800094604492,28.704999923706055,28.73819923400879,8854,0.0,0.0,0.0
2023-11-14 15:30:00-05:00,28.792499542236328,28.79990005493164,28.70989990234375,28.729999542236328,8161,0.0,0.0,0.0
2023-11-15 09:30:00-05:00,28.829999923706055,28.829999923706055,28.708900451660156,28.774999618530273,0,0.0,0.0,0.0
2023-11-15 10:30:00-05:00,28.809999465942383,28.860000610351562,28.77120018005371,28.800100326538086,12817,0.0,0.0,0.0
2023-11-15 11:30:00-05:00,28.770099639892578,28.79990005493164,28.729999542236328,28.75,14690,0.0,0.0,0.0
2023-11-15 12:30:00-05:00,28.781200408935547,28.790000915527344,28.718700408935547,28.7450008392334,2316,0.0,0.0,0.0
2023-11-15 13:30:00-05:00,28.756099700927734,28.756099700927734,28.709999084472656,28.711200714111328,6361,0.0,0.0,0.0
2023-11-15 14:30:00-05:00,28.76959991455078,28.76959991455078,28.715299606323242,28.715299606323242,13271,0.0,0.0,0.0
2023-11-15 15:30:00-05:00,28.75,28.759899139404297,28.7278995513916,28.729999542236328,10100,0.0,0.0,0.0
2023-11-16 09:30:00-05:00,28.649999618530273,28.809900283813477,28.649999618530273,28.77989959716797,16314,0.0,0.0,0.0
2023-11-16 10:30:00-05:00,28.801700592041016,28.801700592041016,28.6299991607666,28.6299991607666,19188,0.0,0.0,0.0
2023-11-16 11:30:00-05:00,28.63559913635254,28.679899215698242,28.6299991607666,28.679899215698242,21215,0.0,0.0,0.0
2023-11-16 12:30:00-05:00,28.650100708007812,28.70319938659668,28.636999130249023,28.699899673461914,12471,0.0,0.0,0.0
2023-11-16 13:30:00-05:00,28.690000534057617,28.699399948120117,28.6200008392334,28.655000686645508,6990,0.0,0.0,0.0
2023-11-16 14:30:00-05:00,28.6564998626709,28.700000762939453,28.620100021362305,28.661500930786133,21049,0.0,0.0,0.0
2023-11-16 15:30:00-05:00,28.683900833129883,28.709999084472656,28.654499053955078,28.690000534057617,6795,0.0,0.0,0.0
2023-11-17 09:30:00-05:00,28.979999542236328,28.979999542236328,28.9242000579834,28.959999084472656,0,0.0,0.0,0.0
2023-11-17 10:30:00-05:00,28.97439956665039,29.00830078125,28.950000762939453,28.950000762939453,2560,0.0,0.0,0.0
2023-11-17 11:30:00-05:00,28.983699798583984,29.034299850463867,28.959999084472656,28.989999771118164,24779,0.0,0.0,0.0
2023-11-17 12:30:00-05:00,29.02869987487793,29.063499450683594,29.00149917602539,29.030000686645508,25798,0.0,0.0,0.0
2023-11-17 13:30:00-05:00,29.082000732421875,29.084400177001953,29.03499984741211,29.03499984741211,13756,0.0,0.0,0.0
2023-11-17 14:30:00-05:00,29.018699645996094,29.07990074157715,29.018699645996094,29.04680061340332,22138,0.0,0.0,0.0
2023-11-17 15:30:00-05:00,29.065099716186523,29.06999969482422,29.046100616455078,29.049999237060547,24633,0.0,0.0,0.0
2023-11-20 09:30:00-05:00,29.06999969482422,29.149999618530273,29.010099411010742,29.096599578857422,0,0.0,0.0,0.0
2023-11-20 10:30:00-05:00,29.129899978637695,29.139999389648438,29.079999923706055,29.129600524902344,10359,0.0,0.0,0.0
2023-11-20 11:30:00-05:00,29.1200008392334,29.164100646972656,29.079999923706055,29.152599334716797,14293,0.0,0.0,0.0
2023-11-20 12:30:00-05:00,29.110599517822266,29.18000030517578,29.079999923706055,29.139999389648438,13507,0.0,0.0,0.0
2023-11-20 13:30:00-05:00,29.15999984741211,29.179899215698242,29.139999389648438,29.148500442504883,21262,0.0,0.0,0.0
2023-11-20 14:30:00-05:00,29.16990089416504,29.219999313354492,29.14590072631836,29.219999313354492,6935,0.0,0.0,0.0
2023-11-20 15:30:00-05:00,29.180099487304688,29.209999084472656,29.15999984741211,29.15999984741211,6640,0.0,0.0,0.0
2023-11-21 09:30:00-05:00,29.260000228881836,29.260000228881836,29.13010025024414,29.168100357055664,0,0.0,0.0,0.0
2023-11-21 10:30:00-05:00,29.100099563598633,29.139999389648438,29.100000381469727,29.100799560546875,8350,0.0,0.0,0.0
2023-11-21 11:30:00-05:00,29.108999252319336,29.139999389648438,29.100000381469727,29.100000381469727,13818,0.0,0.0,0.0
2023-11-21 12:30:00-05:00,29.1200008392334,29.129899978637695,29.040000915527344,29.059900283813477,19177,0.0,0.0,0.0
2023-11-21 13:30:00-05:00,29.040000915527344,29.096099853515625,29.0,29.014400482177734,21044,0.0,0.0,0.0
2023-11-21 14:30:00-05:00,29.049999237060547,29.099199295043945,29.0,29.09830093383789,6618,0.0,0.0,0.0
2023-11-21 15:30:00-05:00,29.050500869750977,29.09980010986328,29.049999237060547,29.079999923706055,3269,0.0,0.0,0.0
2023-11-22 09:30:00-05:00,28.8700008392334,29.135000228881836,28.8700008392334,29.033700942993164,0,0.0,0.0,0.0
2023-11-22 10:30:00-05:00,29.0,29.058500289916992,28.995800018310547,29.027999877929688,5582,0.0,0.0,0.0
2023-11-22 11:30:00-05:00,29.049299240112305,29.100000381469727,29.018800735473633,29.094999313354492,10936,0.0,0.0,0.0
2023-11-22 12:30:00-05:00,29.079999923706055,29.09939956665039,29.040000915527344,29.09939956665039,10651,0.0,0.0,0.0
2023-11-22 13:30:00-05:00,29.075000762939453,29.110000610351562,29.020000457763672,29.077600479125977,20254,0.0,0.0,0.0
2023-11-22 14:30:00-05:00,29.09440040588379,29.099000930786133,29.016300201416016,29.091899871826172,9622,0.0,0.0,0.0
2023-11-22 15:30:00-05:00,29.087200164794922,29.1200008392334,29.087200164794922,29.1200008392334,6815,0.0,0.0,0.0
2023-11-24 09:30:00-05:00,29.200000762939453,29.339799880981445,29.200000762939453,29.299999237060547,0,0.0,0.0,0.0
2023-11-24 10:30:00-05:00,29.33989906311035,29.349899291992188,29.31559944152832,29.349899291992188,713,0.0,0.0,0.0
2023-11-24 11:30:00-05:00,29.34000015258789,29.350000381469727,29.290000915527344,29.31170082092285,5360,0.0,0.0,0.0
2023-11-27 09:30:00-05:00,29.31999969482422,29.31999969482422,29.219999313354492,29.251699447631836,10995,0.0,0.0,0.0
2023-11-27 10:30:00-05:00,29.257999420166016,29.289899826049805,29.190000534057617,29.190000534057617,24604,0.0,0.0,0.0
2023-11-27 11:30:00-05:00,29.224199295043945,29.239999771118164,29.190000534057617,29.190099716186523,13279,0.0,0.0,0.0
2023-11-27 12:30:00-05:00,29.23509979248047,29.280000686645508,29.209999084472656,29.260000228881836,10308,0.0,0.0,0.0
2023-11-27 13:30:00-05:00,29.270000457763672,29.280000686645508,29.229999542236328,29.229999542236328,8939,0.0,0.0,0.0
2023-11-27 14:30:00-05:00,29.290000915527344,29.299699783325195,29.229999542236328,29.274999618530273,12948,0.0,0.0,0.0
2023-11-27 15:30:00-05:00,29.2716007232666,29.290000915527344,29.229999542236328,29.280000686645508,3389,0.0,0.0,0.0
2023-11-28 09:30:00-05:00,29.239999771118164,29.239999771118164,29.15999984741211,29.18239974975586,0,0.0,0.0,0.0
2023-11-28 10:30:00-05:00,29.280000686645508,29.328699111938477,29.262800216674805,29.290000915527344,11066,0.0,0.0,0.0
2023-11-28 11:30:00-05:00,29.359899520874023,29.3700008392334,29.306400299072266,29.354999542236328,4757,0.0,0.0,0.0
2023-11-28 12:30:00-05:00,29.31999969482422,29.34000015258789,29.18000030517578,29.225000381469727,13080,0.0,0.0,0.0
2023-11-28 13:30:00-05:00,29.239999771118164,29.290000915527344,29.209999084472656,29.2549991607666,13181,0.0,0.0,0.0
2023-11-28 14:30:00-05:00,29.264999389648438,29.31399917602539,29.250099182128906,29.270000457763672,8597,0.0,0.0,0.0
2023-11-28 15:30:00-05:00,29.299999237060547,29.309999465942383,29.267900466918945,29.309999465942383,2721,0.0,0.0,0.0
2023-11-29 09:30:00-05:00,29.420000076293945,29.420000076293945,29.30500030517578,29.30500030517578,0,0.0,0.0,0.0
2023-11-29 10:30:00-05:00,29.299999237060547,29.375,29.291799545288086,29.326000213623047,8703,0.0,0.0,0.0
2023-11-29 11:30:00-05:00,29.292400360107422,29.3799991607666,29.282499313354492,29.364999771118164,3670,0.0,0.0,0.0
2023-11-29 12:30:00-05:00,29.364999771118164,29.399999618530273,29.350000381469727,29.38520050048828,11614,0.0,0.0,0.0
2023-11-29 13:30:00-05:00,29.375,29.440000534057617,29.375,29.43000030517578,11776,0.0,0.0,0.0
2023-11-29 14:30:00-05:00,29.399999618530273,29.399999618530273,29.350000381469727,29.350000381469727,6143,0.0,0.0,0.0
2023-11-29 15:30:00-05:00,29.326499938964844,29.360000610351562,29.309999465942383,29.350000381469727,9035,0.0,0.0,0.0
2023-11-30 09:30:00-05:00,29.3700008392334,29.3700008392334,29.239999771118164,29.354000091552734,13586,0.0,0.0,0.0
2023-11-30 10:30:00-05:00,29.389999389648438,29.40999984741211,29.309999465942383,29.331100463867188,19481,0.0,0.0,0.0
2023-11-30 11:30:00-05:00,29.32360076904297,29.350000381469727,29.28499984741211,29.299699783325195,9406,0.0,0.0,0.0
2023-11-30 12:30:00-05:00,29.319900512695312,29.319900512695312,29.290000915527344,29.315000534057617,2104,0.0,0.0,0.0
2023-11-30 13:30:00-05:00,29.270000457763672,29.32990074157715,29.25,29.30500030517578,58102,0.0,0.0,0.0
2023-11-30 14:30:00-05:00,29.30820083618164,29.35890007019043,29.23080062866211,29.270000457763672,6227,0.0,0.0,0.0
2023-11-30 15:30:00-05:00,29.274700164794922,29.350000381469727,29.274700164794922,29.350000381469727,1779,0.0,0.0,0.0
2023-12-01 09:30:00-05:00,29.350000381469727,29.45989990234375,29.31999969482422,29.445600509643555,0,0.0,0.0,0.0
2023-12-01 10:30:00-05:00,29.405000686645508,29.5,29.31999969482422,29.497600555419922,35980,0.0,0.0,0.0
2023-12-01 11:30:00-05:00,29.506500244140625,29.594999313354492,29.506500244140625,29.594999313354492,9818,0.0,0.0,0.0
2023-12-01 12:30:00-05:00,29.594999313354492,29.679100036621094,29.579999923706055,29.659799575805664,5874,0.0,0.0,0.0
2023-12-01 13:30:00-05:00,29.63249969482422,29.66990089416504,29.610000610351562,29.65220069885254,7199,0.0,0.0,0.0
2023-12-01 14:30:00-05:00,29.623300552368164,29.649999618530273,29.6200008392334,29.635000228881836,12288,0.0,0.0,0.0
2023-12-01 15:30:00-05:00,29.659900665283203,29.659900665283203,29.6299991607666,29.6299991607666,20642,0.0,0.0,0.0
2023-12-04 09:30:00-05:00,29.389999389648438,29.45319938659668,29.34000015258789,29.379600524902344,0,0.0,0.0,0.0
2023-12-04 10:30:00-05:00,29.376300811767578,29.385099411010742,29.329999923706055,29.385099411010742,3209,0.0,0.0,0.0
2023-12-04 11:30:00-05:00,29.36009979248047,29.420000076293945,29.36009979248047,29.404300689697266,8687,0.0,0.0,0.0
2023-12-04 12:30:00-05:00,29.420000076293945,29.43000030517578,29.36009979248047,29.3700008392334,15694,0.0,0.0,0.0
2023-12-04 13:30:00-05:00,29.368999481201172,29.3799991607666,29.360700607299805,29.373199462890625,17696,0.0,0.0,0.0
2023-12-04 14:30:00-05:00,29.38949966430664,29.436899185180664,29.3799991607666,29.409900665283203,50826,0.0,0.0,0.0
2023-12-04 15:30:00-05:00,29.408300399780273,29.440000534057617,29.390100479125977,29.399999618530273,22071,0.0,0.0,0.0
2023-12-05 09:30:00-05:00,29.3700008392334,29.399999618530273,29.280000686645508,29.31439971923828,0,0.0,0.0,0.0
2023-12-05 10:30:00-05:00,29.359699249267578,29.389999389648438,29.325000762939453,29.33989906311035,3163,0.0,0.0,0.0
2023-12-05 11:30:00-05:00,29.309999465942383,29.36989974975586,29.29789924621582,29.36989974975586,12503,0.0,0.0,0.0
2023-12-05 12:30:00-05:00,29.358400344848633,29.358400344848633,29.286100387573242,29.31999969482422,14246,0.0,0.0,0.0
2023-12-05 13:30:00-05:00,29.31999969482422,29.34000015258789,29.290000915527344,29.31999969482422,7837,0.0,0.0,0.0
2023-12-05 14:30:00-05:00,29.293399810791016,29.350000381469727,29.293399810791016,29.334999084472656,9926,0.0,0.0,0.0
2023-12-05 15:30:00-05:00,29.32159996032715,29.34000015258789,29.310100555419922,29.329999923706055,16492,0.0,0.0,0.0
2023-12-06 09:30:00-05:00,29.610000610351562,29.629899978637695,29.540000915527344,29.579999923706055,0,0.0,0.0,0.0
2023-12-06 10:30:00-05:00,29.59000015258789,29.649999618530273,29.559999465942383,29.58989906311035,27906,0.0,0.0,0.0
2023-12-06 11:30:00-05:00,29.540000915527344,29.565000534057617,29.489999771118164,29.489999771118164,9285,0.0,0.0,0.0
2023-12-06 12:30:00-05:00,29.479999542236328,29.519500732421875,29.459999084472656,29.489999771118164,8890,0.0,0.0,0.0
2023-12-06 13:30:00-05:00,29.489999771118164,29.514999389648438,29.479999542236328,29.479999542236328,5687,0.0,0.0,0.0
2023-12-06 14:30:00-05:00,29.489999771118164,29.508800506591797,29.420000076293945,29.420000076293945,16799,0.0,0.0,0.0
2023-12-06 15:30:00-05:00,29.393299102783203,29.439899444580078,29.381399154663086,29.428199768066406,9648,0.0,0.0,0.0
2023-12-07 09:30:00-05:00,29.579999923706055,29.579999923706055,29.3700008392334,29.47800064086914,8059,0.0,0.0,0.0
2023-12-07 10:30:00-05:00,29.49920082092285,29.579999923706055,29.49920082092285,29.5,9320,0.0,0.0,0.0
2023-12-07 11:30:00-05:00,29.520000457763672,29.569299697875977,29.520000457763672,29.55500030517578,6502,0.0,0.0,0.0
2023-12-07 12:30:00-05:00,29.530000686645508,29.625,29.530000686645508,29.58530044555664,5385,0.0,0.0,0.0
2023-12-07 13:30:00-05:00,29.586999893188477,29.61989974975586,29.579999923706055,29.579999923706055,4604,0.0,0.0,0.0
2023-12-07 14:30:00-05:00,29.65999984741211,29.65999984741211,29.559999465942383,29.6299991607666,10311,0.0,0.0,0.0
2023-12-07 15:30:00-05:00,29.6018009185791,29.65399932861328,29.559999465942383,29.559999465942383,7205,0.0,0.0,0.0
2023-12-08 09:30:00-05:00,29.510000228881836,29.649999618530273,29.469999313354492,29.645000457763672,24015,0.0,0.0,0.0
2023-12-08 10:30:00-05:00,29.639999389648438,29.649999618530273,29.533300399780273,29.549999237060547,29789,0.0,0.0,0.0
2023-12-08 11:30:00-05:00,29.540000915527344,29.540000915527344,29.49489974975586,29.53499984741211,10964,0.0,0.0,0.0
2023-12-08 12:30:00-05:00,29.549999237060547,29.58530044555664,29.520000457763672,29.579999923706055,3307,0.0,0.0,0.0
2023-12-08 13:30:00-05:00,29.57990074157715,29.61829948425293,29.57990074157715,29.610000610351562,5601,0.0,0.0,0.0
2023-12-08 14:30:00-05:00,29.579999923706055,29.659900665283203,29.579999923706055,29.6200008392334,10646,0.0,0.0,0.0
2023-12-08 15:30:00-05:00,29.6200008392334,29.6299991607666,29.610000610351562,29.6200008392334,4430,0.0,0.0,0.0
2023-12-11 09:30:00-05:00,29.540000915527344,29.6200008392334,29.540000915527344,29.600000381469727,0,0.0,0.0,0.0
2023-12-11 10:30:00-05:00,29.600000381469727,29.651599884033203,29.600000381469727,29.610000610351562,9047,0.0,0.0,0.0
2023-12-11 11:30:00-05:00,29.6289005279541,29.645000457763672,29.561899185180664,29.615699768066406,12124,0.0,0.0,0.0
2023-12-11 12:30:00-05:00,29.625,29.639999389648438,29.600000381469727,29.6299991607666,17561,0.0,0.0,0.0
2023-12-11 13:30:00-05:00,29.663799285888672,29.69969940185547,29.639999389648438,29.69969940185547,4351,0.0,0.0,0.0
2023-12-11 14:30:00-05:00,29.697599411010742,29.697599411010742,29.655399322509766,29.674999237060547,6971,0.0,0.0,0.0
2023-12-11 15:30:00-05:00,29.689899444580078,29.704099655151367,29.65999984741211,29.65999984741211,8583,0.0,0.0,0.0
2023-12-12 09:30:00-05:00,29.610000610351562,29.62969970703125,29.530000686645508,29.607500076293945,182641,0.0,0.0,0.0
2023-12-12 10:30:00-05:00,29.64699935913086,29.679000854492188,29.610000610351562,29.628000259399414,11495,0.0,0.0,0.0
2023-12-12 11:30:00-05:00,29.66900062561035,29.678300857543945,29.6200008392334,29.659900665283203,9853,0.0,0.0,0.0
2023-12-12 12:30:00-05:00,29.649999618530273,29.699899673461914,29.6200008392334,29.6299991607666,6968,0.0,0.0,0.0
2023-12-12 13:30:00-05:00,29.65530014038086,29.700000762939453,29.6299991607666,29.649999618530273,20833,0.0,0.0,0.0
2023-12-12 14:30:00-05:00,29.690000534057617,29.739999771118164,29.65519905090332,29.690000534057617,5650,0.0,0.0,0.0
2023-12-12 15:30:00-05:00,29.739999771118164,29.739999771118164,29.65999984741211,29.690000534057617,6100,0.0,0.0,0.0
2023-12-13 09:30:00-05:00,29.81999969482422,29.81999969482422,29.68000030517578,29.732200622558594,0,0.0,0.0,0.0
2023-12-13 10:30:00-05:00,29.77989959716797,29.77989959716797,29.690000534057617,29.7283992767334,54100,0.0,0.0,0.0
2023-12-13 11:30:00-05:00,29.690000534057617,29.749900817871094,29.670000076293945,29.709999084472656,57659,0.0,0.0,0.0
2023-12-13 12:30:00-05:00,29.68000030517578,29.719900131225586,29.639999389648438,29.65999984741211,42740,0.0,0.0,0.0
2023-12-13 13:30:00-05:00,29.639999389648438,29.999500274658203,29.639999389648438,29.975000381469727,89257,0.0,0.0,0.0
2023-12-13 14:30:00-05:00,29.975000381469727,30.260000228881836,29.950000762939453,30.149900436401367,29355,0.0,0.0,0.0
2023-12-13 15:30:00-05:00,30.125,30.238000869750977,30.125,30.170000076293945,9606,0.0,0.0,0.0
2023-12-14 09:30:00-05:00,30.350000381469727,30.450000762939453,30.299999237060547,30.309999465942383,12516,0.0,0.0,0.0
2023-12-14 10:30:00-05:00,30.303800582885742,30.519899368286133,30.270000457763672,30.509300231933594,22142,0.0,0.0,0.0
2023-12-14 11:30:00-05:00,30.475000381469727,30.604999542236328,30.3799991607666,30.480100631713867,32682,0.0,0.0,0.0
2023-12-14 12:30:00-05:00,30.498600006103516,30.539100646972656,30.3799991607666,30.3799991607666,35367,0.0,0.0,0.0
2023-12-14 13:30:00-05:00,30.3799991607666,30.422000885009766,30.341699600219727,30.360000610351562,8469,0.0,0.0,0.0
2023-12-14 14:30:00-05:00,30.399999618530273,30.449100494384766,30.360000610351562,30.421499252319336,12841,0.0,0.0,0.0
2023-12-14 15:30:00-05:00,30.420000076293945,30.449899673461914,30.396400451660156,30.40999984741211,12642,0.0,0.0,0.0
2023-12-15 09:30:00-05:00,30.260000228881836,30.260000228881836,29.959999084472656,30.065000534057617,44284,0.0,0.0,0.0
2023-12-15 10:30:00-05:00,30.090299606323242,30.094200134277344,29.99329948425293,30.034099578857422,12307,0.0,0.0,0.0
2023-12-15 11:30:00-05:00,30.059999465942383,30.059999465942383,29.989999771118164,30.024999618530273,16922,0.0,0.0,0.0
2023-12-15 12:30:00-05:00,30.0,30.0487003326416,29.94890022277832,29.984899520874023,14988,0.0,0.0,0.0
2023-12-15 13:30:00-05:00,29.998899459838867,29.998899459838867,29.889999389648438,29.889999389648438,30995,0.0,0.0,0.0
2023-12-15 14:30:00-05:00,29.90999984741211,29.948299407958984,29.889999389648438,29.948299407958984,10185,0.0,0.0,0.0
2023-12-15 15:30:00-05:00,29.950000762939453,29.950000762939453,29.860000610351562,29.860000610351562,19292,0.0,0.0,0.0
2023-12-18 09:30:00-05:00,30.079999923706055,30.079999923706055,29.93000030517578,29.941099166870117,0,0.0,0.0,0.0
2023-12-18 10:30:00-05:00,29.920000076293945,29.979999542236328,29.899999618530273,29.954999923706055,9205,0.0,0.0,0.0
2023-12-18 11:30:00-05:00,29.95989990234375,29.98889923095703,29.93000030517578,29.98889923095703,8408,0.0,0.0,0.0
2023-12-18 12:30:00-05:00,29.979700088500977,29.988800048828125,29.940000534057617,29.985000610351562,7578,0.0,0.0,0.0
2023-12-18 13:30:00-05:00,29.954999923706055,30.0,29.94529914855957,29.969999313354492,5530,0.0,0.0,0.0
2023-12-18 14:30:00-05:00,29.940000534057617,30.009899139404297,29.940000534057617,29.965099334716797,17358,0.0,0.0,0.0
2023-12-18 15:30:00-05:00,30.010000228881836,30.010000228881836,29.959999084472656,29.969999313354492,0,0.0,0.0,0.0
2023-12-19 09:30:00-05:00,30.260000228881836,30.260000228881836,30.1299991607666,30.219900131225586,28269,0.0,0.0,0.0
2023-12-19 10:30:00-05:00,30.209999084472656,30.219999313354492,30.16349983215332,30.204999923706055,11364,0.0,0.0,0.0
2023-12-19 11:30:00-05:00,30.193700790405273,30.223499298095703,30.18000030517578,30.189300537109375,10711,0.0,0.0,0.0
2023-12-19 12:30:00-05:00,30.18589973449707,30.20989990234375,30.16069984436035,30.179899215698242,15280,0.0,0.0,0.0
2023-12-19 13:30:00-05:00,30.17009925842285,30.200000762939453,30.170000076293945,30.190200805664062,7455,0.0,0.0,0.0
2023-12-19 14:30:00-05:00,30.190000534057617,30.209999084472656,30.174999237060547,30.19499969482422,21796,0.0,0.0,0.0
2023-12-19 15:30:00-05:00,30.191699981689453,30.219999313354492,30.190000534057617,30.190000534057617,16411,0.0,0.0,0.0
2023-12-20 09:30:00-05:00,30.239999771118164,30.239999771118164,30.139999389648438,30.17289924621582,25963,0.0,0.0,0.0
2023-12-20 10:30:00-05:00,30.200000762939453,30.25,30.190000534057617,30.208900451660156,21285,0.0,0.0,0.0
2023-12-20 11:30:00-05:00,30.221099853515625,30.25,30.209999084472656,30.25,8700,0.0,0.0,0.0
2023-12-20 12:30:00-05:00,30.239999771118164,30.260000228881836,30.190000534057617,30.25,12632,0.0,0.0,0.0
2023-12-20 13:30:00-05:00,30.239999771118164,30.239999771118164,30.18000030517578,30.209999084472656,8532,0.0,0.0,0.0
2023-12-20 14:30:00-05:00,30.208599090576172,30.208599090576172,29.959999084472656,29.997800827026367,110791,0.0,0.0,0.0
2023-12-20 15:30:00-05:00,29.979999542236328,29.99410057067871,29.8799991607666,29.889999389648438,6779,0.0,0.0,0.0
2023-12-21 09:30:00-05:00,30.479999542236328,30.479999542236328,30.184999465942383,30.229999542236328,0,0.0,0.0,0.0
2023-12-21 10:30:00-05:00,30.2549991607666,30.329999923706055,30.25,30.29010009765625,8932,0.0,0.0,0.0
2023-12-21 11:30:00-05:00,30.309999465942383,30.309999465942383,30.209999084472656,30.209999084472656,11179,0.0,0.0,0.0
2023-12-21 12:30:00-05:00,30.235000610351562,30.242300033569336,30.209999084472656,30.219999313354492,6001,0.0,0.0,0.0
2023-12-21 13:30:00-05:00,30.239999771118164,30.274999618530273,30.22410011291504,30.274999618530273,12220,0.0,0.0,0.0
2023-12-21 14:30:00-05:00,30.292600631713867,30.32539939880371,30.270000457763672,30.31999969482422,26503,0.0,0.0,0.0
2023-12-21 15:30:00-05:00,30.334999084472656,30.379199981689453,30.329999923706055,30.379199981689453,0,0.0,0.0,0.0
2023-12-22 09:30:00-05:00,30.600000381469727,30.600000381469727,30.489200592041016,30.5,16039,0.0,0.0,0.0
2023-12-22 10:30:00-05:00,30.520000457763672,30.533700942993164,30.434600830078125,30.469999313354492,8409,0.0,0.0,0.0
2023-12-22 11:30:00-05:00,30.510000228881836,30.510000228881836,30.420000076293945,30.482999801635742,8142,0.0,0.0,0.0
2023-12-22 12:30:00-05:00,30.45599937438965,30.529800415039062,30.45599937438965,30.4950008392334,11969,0.0,0.0,0.0
2023-12-22 13:30:00-05:00,30.524999618530273,30.524999618530273,30.36009979248047,30.399999618530273,18156,0.0,0.0,0.0
2023-12-22 14:30:00-05:00,30.364999771118164,30.480899810791016,30.364999771118164,30.464399337768555,5997,0.0,0.0,0.0
2023-12-22 15:30:00-05:00,30.42169952392578,30.469999313354492,30.420000076293945,30.469999313354492,10083,0.0,0.0,0.0
2023-12-26 09:30:00-05:00,30.540000915527344,30.57900047302246,30.479999542236328,30.53499984741211,0,0.0,0.0,0.0
2023-12-26 10:30:00-05:00,30.540000915527344,30.55970001220703,30.514699935913086,30.514699935913086,12496,0.0,0.0,0.0
2023-12-26 11:30:00-05:00,30.55970001220703,30.58880043029785,30.510099411010742,30.55500030517578,5765,0.0,0.0,0.0
2023-12-26 12:30:00-05:00,30.56999969482422,30.587600708007812,30.549999237060547,30.576200485229492,7639,0.0,0.0,0.0
2023-12-26 13:30:00-05:00,30.575000762939453,30.610000610351562,30.549999237060547,30.610000610351562,9963,0.0,0.0,0.0
2023-12-26 14:30:00-05:00,30.584999084472656,30.6299991607666,30.559999465942383,30.6299991607666,11887,0.0,0.0,0.0
2023-12-26 15:30:00-05:00,30.645000457763672,30.655000686645508,30.559999465942383,30.59000015258789,9305,0.0,0.0,0.0
2023-12-27 09:30:00-05:00,30.700000762939453,30.700000762939453,30.600000381469727,30.687700271606445,0,0.0,0.0,0.0
2023-12-27 10:30:00-05:00,30.700000762939453,30.73900032043457,30.631099700927734,30.716699600219727,7828,0.0,0.0,0.0
2023-12-27 11:30:00-05:00,30.75,30.771099090576172,30.729999542236328,30.770000457763672,5878,0.0,0.0,0.0
2023-12-27 12:30:00-05:00,30.757400512695312,30.760000228881836,30.709999084472656,30.740100860595703,7077,0.0,0.0,0.0
2023-12-27 13:30:00-05:00,30.729999542236328,30.770099639892578,30.690000534057617,30.743099212646484,12111,0.0,0.0,0.0
2023-12-27 14:30:00-05:00,30.740100860595703,30.760000228881836,30.70709991455078,30.729999542236328,9207,0.0,0.0,0.0
2023-12-27 15:30:00-05:00,30.7450008392334,30.773099899291992,30.711999893188477,30.75,0,0.0,0.0,0.0
2023-12-28 09:30:00-05:00,30.809999465942383,30.81999969482422,30.639999389648438,30.790000915527344,13948,0.0,0.0,0.0
2023-12-28 10:30:00-05:00,30.799999237060547,30.850000381469727,30.719999313354492,30.719999313354492,24757,0.0,0.0,0.0
2023-12-28 11:30:00-05:00,30.7544002532959,30.760000228881836,30.719999313354492,30.729999542236328,9438,0.0,0.0,0.0
2023-12-28 12:30:00-05:00,30.7450008392334,30.770000457763672,30.689699172973633,30.690000534057617,6440,0.0,0.0,0.0
2023-12-28 13:30:00-05:00,30.709999084472656,30.739999771118164,30.690000534057617,30.691999435424805,5372,0.0,0.0,0.0
2023-12-28 14:30:00-05:00,30.690000534057617,30.729999542236328,30.68000030517578,30.729999542236328,10634,0.0,0.0,0.0
2023-12-28 15:30:00-05:00,30.704999923706055,30.719999313354492,30.65999984741211,30.65999984741211,10131,0.0,0.0,0.0
2023-12-29 09:30:00-05:00,30.700000762939453,30.81999969482422,30.700000762939453,30.81999969482422,0,0.0,0.0,0.0
2023-12-29 10:30:00-05:00,30.795000076293945,30.829999923706055,30.6299991607666,30.649999618530273,21995,0.0,0.0,0.0
2023-12-29 11:30:00-05:00,30.655000686645508,30.75,30.655000686645508,30.690000534057617,13851,0.0,0.0,0.0
2023-12-29 12:30:00-05:00,30.69499969482422,30.729999542236328,30.690000534057617,30.718000411987305,4356,0.0,0.0,0.0
2023-12-29 13:30:00-05:00,30.709999084472656,30.759899139404297,30.68000030517578,30.68000030517578,10641,0.0,0.0,0.0
2023-12-29 14:30:00-05:00,30.719999313354492,30.760000228881836,30.71500015258789,30.725000381469727,2399,0.0,0.0,0.0
2023-12-29 15:30:00-05:00,30.719999313354492,30.73110008239746,30.690000534057617,30.690000534057617,368081,0.0,0.0,0.0
2024-01-02 09:30:00-05:00,30.56999969482422,30.56999969482422,30.406700134277344,30.469999313354492,20571,0.0,0.0,0.0
2024-01-02 10:30:00-05:00,30.454999923706055,30.510000228881836,30.421899795532227,30.510000228881836,19085,0.0,0.0,0.0
2024-01-02 11:30:00-05:00,30.5,30.559999465942383,30.47010040283203,30.47010040283203,12848,0.0,0.0,0.0
2024-01-02 12:30:00-05:00,30.524999618530273,30.559900283813477,30.494600296020508,30.520000457763672,8287,0.0,0.0,0.0
2024-01-02 13:30:00-05:00,30.51300048828125,30.514999389648438,30.446199417114258,30.446199417114258,13156,0.0,0.0,0.0
2024-01-02 14:30:00-05:00,30.46500015258789,30.46969985961914,30.400100708007812,30.43000030517578,18433,0.0,0.0,0.0
2024-01-02 15:30:00-05:00,30.420000076293945,30.420000076293945,30.377300262451172,30.389999389648438,5724,0.0,0.0,0.0
2024-01-03 09:30:00-05:00,30.25,30.290000915527344,30.114999771118164,30.145000457763672,28242,0.0,0.0,0.0
2024-01-03 10:30:00-05:00,30.088199615478516,30.170700073242188,30.049999237060547,30.170700073242188,14279,0.0,0.0,0.0
2024-01-03 11:30:00-05:00,30.219999313354492,30.219999313354492,30.140100479125977,30.20560073852539,4884,0.0,0.0,0.0
2024-01-03 12:30:00-05:00,30.194599151611328,30.27899932861328,30.186199188232422,30.2549991607666,12788,0.0,0.0,0.0
2024-01-03 13:30:00-05:00,30.224700927734375,30.260000228881836,30.16010093688965,30.16010093688965,12616,0.0,0.0,0.0
2024-01-03 14:30:00-05:00,30.299999237060547,30.31089973449707,30.229999542236328,30.239999771118164,18682,0.0,0.0,0.0
2024-01-03 15:30:00-05:00,30.249000549316406,30.270000457763672,30.204500198364258,30.259899139404297,13735,0.0,0.0,0.0
2024-01-04 09:30:00-05:00,30.31999969482422,30.442100524902344,30.29490089416504,30.442100524902344,0,0.0,0.0,0.0
2024-01-04 10:30:00-05:00,30.424999237060547,30.489900588989258,30.40999984741211,30.46500015258789,17929,0.0,0.0,0.0
2024-01-04 11:30:00-05:00,30.475200653076172,30.475200653076172,30.389999389648438,30.424999237060547,6069,0.0,0.0,0.0
2024-01-04 12:30:00-05:00,30.399999618530273,30.439899444580078,30.3700008392334,30.399799346923828,39229,0.0,0.0,0.0
2024-01-04 13:30:00-05:00,30.395000457763672,30.40999984741211,30.351499557495117,30.38159942626953,7425,0.0,0.0,0.0
2024-01-04 14:30:00-05:00,30.37470054626465,30.402299880981445,30.329999923706055,30.33690071105957,10002,0.0,0.0,0.0
2024-01-04 15:30:00-05:00,30.34000015258789,30.390100479125977,30.34000015258789,30.360000610351562,5782,0.0,0.0,0.0
2024-01-05 09:30:00-05:00,30.420000076293945,30.600000381469727,30.326000213623047,30.559999465942383,0,0.0,0.0,0.0
2024-01-05 10:30:00-05:00,30.569900512695312,30.629899978637695,30.474599838256836,30.474599838256836,15722,0.0,0.0,0.0
2024-01-05 11:30:00-05:00,30.52989959716797,30.52989959716797,30.360599517822266,30.3799991607666,27344,0.0,0.0,0.0
2024-01-05 12:30:00-05:00,30.399999618530273,30.420000076293945,30.34000015258789,30.34000015258789,11996,0.0,0.0,0.0
2024-01-05 13:30:00-05:00,30.43000030517578,30.479999542236328,30.40999984741211,30.449399948120117,42205,0.0,0.0,0.0
2024-01-05 14:30:00-05:00,30.43000030517578,30.4507999420166,30.3518009185791,30.3518009185791,15004,0.0,0.0,0.0
2024-01-05 15:30:00-05:00,30.375699996948242,30.41990089416504,30.358299255371094,30.360000610351562,24227,0.0,0.0,0.0
2024-01-08 09:30:00-05:00,30.5,30.5,30.405000686645508,30.480300903320312,13545,0.0,0.0,0.0
2024-01-08 10:30:00-05:00,30.500200271606445,30.569900512695312,30.489999771118164,30.545000076293945,13771,0.0,0.0,0.0
2024-01-08 11:30:00-05:00,30.540000915527344,30.608200073242188,30.540000915527344,30.544300079345703,7016,0.0,0.0,0.0
2024-01-08 12:30:00-05:00,30.547000885009766,30.610000610351562,30.540000915527344,30.549999237060547,7656,0.0,0.0,0.0
2024-01-08 13:30:00-05:00,30.540000915527344,30.610000610351562,30.540000915527344,30.594999313354492,10505,0.0,0.0,0.0
2024-01-08 14:30:00-05:00,30.625,30.649900436401367,30.600000381469727,30.6200008392334,30804,0.0,0.0,0.0
2024-01-08 15:30:00-05:00,30.600500106811523,30.669700622558594,30.600500106811523,30.6299991607666,60840,0.0,0.0,0.0
2024-01-09 09:30:00-05:00,30.440000534057617,30.440000534057617,30.34000015258789,30.415000915527344,101223,0.0,0.0,0.0
2024-01-09 10:30:00-05:00,30.420000076293945,30.42609977722168,30.350000381469727,30.399900436401367,29038,0.0,0.0,0.0
2024-01-09 11:30:00-05:00,30.389999389648438,30.420000076293945,30.3799991607666,30.405000686645508,15323,0.0,0.0,0.0
2024-01-09 12:30:00-05:00,30.40999984741211,30.43269920349121,30.360000610351562,30.360000610351562,16737,0.0,0.0,0.0
2024-01-09 13:30:00-05:00,30.350000381469727,30.40570068359375,30.299999237060547,30.350000381469727,45971,0.0,0.0,0.0
2024-01-09 14:30:00-05:00,30.358400344848633,30.38990020751953,30.309999465942383,30.385799407958984,47899,0.0,0.0,0.0
2024-01-09 15:30:00-05:00,30.3700008392334,30.38610076904297,30.31999969482422,30.38610076904297,7005,0.0,0.0,0.0
2024-01-10 09:30:00-05:00,30.510000228881836,30.510000228881836,30.41010093688965,30.45989990234375,25329,0.0,0.0,0.0
2024-01-10 10:30:00-05:00,30.450000762939453,30.520000457763672,30.450000762939453,30.475000381469727,7022,0.0,0.0,0.0
2024-01-10 11:30:00-05:00,30.469999313354492,30.489999771118164,30.420000076293945,30.440000534057617,5548,0.0,0.0,0.0
2024-01-10 12:30:00-05:00,30.45050048828125,30.5,30.450000762939453,30.469999313354492,6907,0.0,0.0,0.0
2024-01-10 13:30:00-05:00,30.495100021362305,30.507999420166016,30.454099655151367,30.488000869750977,3936,0.0,0.0,0.0
2024-01-10 14:30:00-05:00,30.490100860595703,30.56599998474121,30.490100860595703,30.500099182128906,8615,0.0,0.0,0.0
2024-01-10 15:30:00-05:00,30.529699325561523,30.52989959716797,30.489999771118164,30.489999771118164,7756,0.0,0.0,0.0
2024-01-11 09:30:00-05:00,30.65999984741211,30.65999984741211,30.299999237060547,30.34000015258789,16086,0.0,0.0,0.0
2024-01-11 10:30:00-05:00,30.3799991607666,30.3799991607666,30.264999389648438,30.270000457763672,15072,0.0,0.0,0.0
2024-01-11 11:30:00-05:00,30.2810001373291,30.32990074157715,30.209999084472656,30.270000457763672,10138,0.0,0.0,0.0
2024-01-11 12:30:00-05:00,30.285900115966797,30.398399353027344,30.280000686645508,30.398399353027344,11190,0.0,0.0,0.0
2024-01-11 13:30:00-05:00,30.38990020751953,30.450000762939453,30.326400756835938,30.449899673461914,9910,0.0,0.0,0.0
2024-01-11 14:30:00-05:00,30.466800689697266,30.519899368286133,30.399999618530273,30.459999084472656,45964,0.0,0.0,0.0
2024-01-11 15:30:00-05:00,30.472400665283203,30.5,30.43000030517578,30.5,10574,0.0,0.0,0.0
2024-01-12 09:30:00-05:00,30.610000610351562,30.71980094909668,30.600000381469727,30.645000457763672,0,0.0,0.0,0.0
2024-01-12 10:30:00-05:00,30.649999618530273,30.66699981689453,30.559999465942383,30.570100784301758,17681,0.0,0.0,0.0
2024-01-12 11:30:00-05:00,30.579999923706055,30.579999923706055,30.520000457763672,30.524999618530273,10901,0.0,0.0,0.0
2024-01-12 12:30:00-05:00,30.524999618530273,30.599899291992188,30.510000228881836,30.599899291992188,5417,0.0,0.0,0.0
2024-01-12 13:30:00-05:00,30.549999237060547,30.62350082397461,30.549999237060547,30.600000381469727,15334,0.0,0.0,0.0
2024-01-12 14:30:00-05:00,30.570100784301758,30.570100784301758,30.538299560546875,30.548999786376953,11597,0.0,0.0,0.0
2024-01-12 15:30:00-05:00,30.533599853515625,30.59000015258789,30.530099868774414,30.549999237060547,13059,0.0,0.0,0.0
2024-01-16 09:30:00-05:00,30.260000228881836,30.260000228881836,30.100000381469727,30.18000030517578,48605,0.0,0.0,0.0
2024-01-16 10:30:00-05:00,30.190000534057617,30.267799377441406,30.1299991607666,30.219999313354492,13250,0.0,0.0,0.0
2024-01-16 11:30:00-05:00,30.200000762939453,30.200000762939453,30.059999465942383,30.06999969482422,14106,0.0,0.0,0.0
2024-01-16 12:30:00-05:00,30.049999237060547,30.100000381469727,30.049999237060547,30.086000442504883,12020,0.0,0.0,0.0
2024-01-16 13:30:00-05:00,30.110000610351562,30.139999389648438,30.020000457763672,30.034700393676758,17475,0.0,0.0,0.0
2024-01-16 14:30:00-05:00,30.048099517822266,30.079999923706055,30.021799087524414,30.069400787353516,19731,0.0,0.0,0.0
2024-01-16 15:30:00-05:00,30.059999465942383,30.09000015258789,30.049999237060547,30.09000015258789,12759,0.0,0.0,0.0
2024-01-17 09:30:00-05:00,29.760000228881836,29.760000228881836,29.59000015258789,29.654300689697266,43549,0.0,0.0,0.0
2024-01-17 10:30:00-05:00,29.65410041809082,29.714799880981445,29.639999389648438,29.712200164794922,14887,0.0,0.0,0.0
2024-01-17 11:30:00-05:00,29.700000762939453,29.73889923095703,29.65999984741211,29.696199417114258,3449,0.0,0.0,0.0
2024-01-17 12:30:00-05:00,29.690000534057617,29.719499588012695,29.648500442504883,29.67959976196289,10526,0.0,0.0,0.0
2024-01-17 13:30:00-05:00,29.667999267578125,29.723400115966797,29.639999389648438,29.723400115966797,9878,0.0,0.0,0.0
2024-01-17 14:30:00-05:00,29.719999313354492,29.760000228881836,29.700000762939453,29.71940040588379,8021,0.0,0.0,0.0
2024-01-17 15:30:00-05:00,29.729999542236328,29.809999465942383,29.729999542236328,29.809999465942383,13899,0.0,0.0,0.0
2024-01-18 09:30:00-05:00,29.940000534057617,29.940000534057617,29.82200050354004,29.8700008392334,14583,0.0,0.0,0.0
2024-01-18 10:30:00-05:00,29.8799991607666,29.935100555419922,29.874799728393555,29.935100555419922,5638,0.0,0.0,0.0
2024-01-18 11:30:00-05:00,29.924999237060547,29.943700790405273,29.829999923706055,29.850000381469727,32147,0.0,0.0,0.0
2024-01-18 12:30:00-05:00,29.860000610351562,29.888700485229492,29.829999923706055,29.84000015258789,6415,0.0,0.0,0.0
2024-01-18 13:30:00-05:00,29.854700088500977,29.944000244140625,29.854700088500977,29.944000244140625,12286,0.0,0.0,0.0
2024-01-18 14:30:00-05:00,29.95330047607422,29.999900817871094,29.899999618530273,29.985000610351562,23185,0.0,0.0,0.0
2024-01-18 15:30:00-05:00,29.989999771118164,30.020000457763672,29.969999313354492,29.989999771118164,5844,0.0,0.0,0.0
2024-01-19 09:30:00-05:00,30.030000686645508,30.030000686645508,29.875,29.889999389648438,16110,0.0,0.0,0.0
2024-01-19 10:30:00-05:00,29.8799991607666,29.969999313354492,29.84469985961914,29.94499969482422,105212,0.0,0.0,0.0
2024-01-19 11:30:00-05:00,29.940000534057617,29.9950008392334,29.899999618530273,29.9950008392334,27653,0.0,0.0,0.0
2024-01-19 12:30:00-05:00,30.0,30.049999237060547,29.979999542236328,30.03569984436035,20448,0.0,0.0,0.0
2024-01-19 13:30:00-05:00,30.040000915527344,30.11989974975586,30.040000915527344,30.100000381469727,32716,0.0,0.0,0.0
2024-01-19 14:30:00-05:00,30.094999313354492,30.1299991607666,30.06999969482422,30.079999923706055,27186,0.0,0.0,0.0
2024-01-19 15:30:00-05:00,30.104999542236328,30.114999771118164,30.09000015258789,30.100000381469727,30985,0.0,0.0,0.0
2024-01-22 09:30:00-05:00,30.190000534057617,30.24880027770996,30.139999389648438,30.239999771118164,0,0.0,0.0,0.0
2024-01-22 10:30:00-05:00,30.258699417114258,30.269899368286133,30.16010093688965,30.190099716186523,430342,0.0,0.0,0.0
2024-01-22 11:30:00-05:00,30.219999313354492,30.219999313354492,30.18000030517578,30.197099685668945,32938,0.0,0.0,0.0
2024-01-22 12:30:00-05:00,30.209999084472656,30.229900360107422,30.15999984741211,30.15999984741211,84968,0.0,0.0,0.0
2024-01-22 13:30:00-05:00,30.139999389648438,30.18000030517578,30.127099990844727,30.139999389648438,27810,0.0,0.0,0.0
2024-01-22 14:30:00-05:00,30.145000457763672,30.198299407958984,30.12649917602539,30.198299407958984,15004,0.0,0.0,0.0
2024-01-22 15:30:00-05:00,30.184999465942383,30.200000762939453,30.15999984741211,30.15999984741211,13800,0.0,0.0,0.0
2024-01-23 09:30:00-05:00,30.15999984741211,30.15999984741211,30.012800216674805,30.104999542236328,30581,0.0,0.0,0.0
2024-01-23 10:30:00-05:00,30.100000381469727,30.100000381469727,30.00670051574707,30.038400650024414,26647,0.0,0.0,0.0
2024-01-23 11:30:00-05:00,30.010000228881836,30.04990005493164,30.0,30.030000686645508,29385,0.0,0.0,0.0
2024-01-23 12:30:00-05:00,30.020000457763672,30.092300415039062,30.020000457763672,30.065000534057617,11430,0.0,0.0,0.0
2024-01-23 13:30:00-05:00,30.076200485229492,30.0939998626709,30.06999969482422,30.06999969482422,5829,0.0,0.0,0.0
2024-01-23 14:30:00-05:00,30.09000015258789,30.149999618530273,30.079999923706055,30.145000457763672,11977,0.0,0.0,0.0
2024-01-23 15:30:00-05:00,30.147499084472656,30.16360092163086,30.110000610351562,30.1200008392334,23195,0.0,0.0,0.0
2024-01-24 09:30:00-05:00,30.559999465942383,30.559999465942383,30.450000762939453,30.5,0,0.0,0.0,0.0
2024-01-24 10:30:00-05:00,30.489999771118164,30.558700561523438,30.46489906311035,30.510099411010742,13705,0.0,0.0,0.0
2024-01-24 11:30:00-05:00,30.510000228881836,30.559999465942383,30.500099182128906,30.53809928894043,19102,0.0,0.0,0.0
2024-01-24 12:30:00-05:00,30.553499221801758,30.589099884033203,30.469999313354492,30.507999420166016,24457,0.0,0.0,0.0
2024-01-24 13:30:00-05:00,30.5,30.5,30.40999984741211,30.43000030517578,5697,0.0,0.0,0.0
2024-01-24 14:30:00-05:00,30.450000762939453,30.507299423217773,30.42009925842285,30.424999237060547,14507,0.0,0.0,0.0
2024-01-24 15:30:00-05:00,30.40999984741211,30.440000534057617,30.3700008392334,30.3700008392334,8473,0.0,0.0,0.0
2024-01-25 09:30:00-05:00,30.510000228881836,30.510000228881836,30.40999984741211,30.40999984741211,0,0.0,0.0,0.0
2024-01-25 10:30:00-05:00,30.404600143432617,30.409900665283203,30.329999923706055,30.385799407958984,12734,0.0,0.0,0.0
2024-01-25 11:30:00-05:00,30.37980079650879,30.417999267578125,30.359100341796875,30.37470054626465,9571,0.0,0.0,0.0
2024-01-25 12:30:00-05:00,30.3799991607666,30.43280029296875,30.350000381469727,30.3700008392334,8726,0.0,0.0,0.0
2024-01-25 13:30:00-05:00,30.3700008392334,30.437700271606445,30.34000015258789,30.3799991607666,29150,0.0,0.0,0.0
2024-01-25 14:30:00-05:00,30.423599243164062,30.45159912109375,30.3799991607666,30.43000030517578,59147,0.0,0.0,0.0
2024-01-25 15:30:00-05:00,30.420000076293945,30.469999313354492,30.420000076293945,30.459999084472656,45804,0.0,0.0,0.0
2024-01-26 09:30:00-05:00,30.639999389648438,30.649499893188477,30.59000015258789,30.603200912475586,19057,0.0,0.0,0.0
2024-01-26 10:30:00-05:00,30.594999313354492,30.670000076293945,30.594999313354492,30.670000076293945,18262,0.0,0.0,0.0
2024-01-26 11:30:00-05:00,30.64900016784668,30.670000076293945,30.59000015258789,30.610000610351562,21167,0.0,0.0,0.0
2024-01-26 12:30:00-05:00,30.610000610351562,30.619199752807617,30.561399459838867,30.59510040283203,22346,0.0,0.0,0.0
2024-01-26 13:30:00-05:00,30.610000610351562,30.6299991607666,30.56999969482422,30.600000381469727,17272,0.0,0.0,0.0
2024-01-26 14:30:00-05:00,30.59000015258789,30.643199920654297,30.59000015258789,30.621700286865234,19373,0.0,0.0,0.0
2024-01-26 15:30:00-05:00,30.592899322509766,30.6200008392334,30.59000015258789,30.59000015258789,3096,0.0,0.0,0.0
2024-01-29 09:30:00-05:00,30.559999465942383,30.559999465942383,30.5,30.510000228881836,0,0.0,0.0,0.0
2024-01-29 10:30:00-05:00,30.510000228881836,30.530000686645508,30.5,30.51810073852539,14121,0.0,0.0,0.0
2024-01-29 11:30:00-05:00,30.52199935913086,30.569900512695312,30.51569938659668,30.559999465942383,22530,0.0,0.0,0.0
2024-01-29 12:30:00-05:00,30.559999465942383,30.569299697875977,30.520000457763672,30.520000457763672,8512,0.0,0.0,0.0
2024-01-29 13:30:00-05:00,30.530000686645508,30.58930015563965,30.5226993560791,30.578500747680664,12536,0.0,0.0,0.0
2024-01-29 14:30:00-05:00,30.58530044555664,30.768999099731445,30.559999465942383,30.768999099731445,21874,0.0,0.0,0.0
2024-01-29 15:30:00-05:00,30.739999771118164,30.739999771118164,30.690000534057617,30.690000534057617,16336,0.0,0.0,0.0
2024-01-30 09:30:00-05:00,30.75,30.75,30.579999923706055,30.579999923706055,0,0.0,0.0,0.0
2024-01-30 10:30:00-05:00,30.612499237060547,30.649999618530273,30.559999465942383,30.639999389648438,19100,0.0,0.0,0.0
2024-01-30 11:30:00-05:00,30.649999618530273,30.704599380493164,30.6299991607666,30.698999404907227,23953,0.0,0.0,0.0
2024-01-30 12:30:00-05:00,30.655000686645508,30.68000030517578,30.639999389648438,30.670000076293945,17565,0.0,0.0,0.0
2024-01-30 13:30:00-05:00,30.670000076293945,30.709999084472656,30.64550018310547,30.70989990234375,25190,0.0,0.0,0.0
2024-01-30 14:30:00-05:00,30.706199645996094,30.75,30.69499969482422,30.73940086364746,12781,0.0,0.0,0.0
2024-01-30 15:30:00-05:00,30.73940086364746,30.73940086364746,30.68000030517578,30.704999923706055,16624,0.0,0.0,0.0
2024-01-31 09:30:00-05:00,30.899999618530273,30.947999954223633,30.846399307250977,30.846399307250977,28525,0.0,0.0,0.0
2024-01-31 10:30:00-05:00,30.8435001373291,30.8700008392334,30.80500030517578,30.809999465942383,28456,0.0,0.0,0.0
2024-01-31 11:30:00-05:00,30.780000686645508,30.819900512695312,30.75,30.75309944152832,10681,0.0,0.0,0.0
2024-01-31 12:30:00-05:00,30.790800094604492,30.809999465942383,30.739999771118164,30.79990005493164,11103,0.0,0.0,0.0
2024-01-31 13:30:00-05:00,30.76059913635254,30.80940055847168,30.662399291992188,30.662399291992188,18777,0.0,0.0,0.0
2024-01-31 14:30:00-05:00,30.761499404907227,30.921300888061523,30.559999465942383,30.579999923706055,10593,0.0,0.0,0.0
2024-01-31 15:30:00-05:00,30.529600143432617,30.571300506591797,30.512699127197266,30.56999969482422,17297,0.0,0.0,0.0
2024-02-01 09:30:00-05:00,30.610000610351562,30.659000396728516,30.531400680541992,30.549999237060547,0,0.0,0.0,0.0
2024-02-01 10:30:00-05:00,30.600000381469727,30.632600784301758,30.5,30.599899291992188,112977,0.0,0.0,0.0
2024-02-01 11:30:00-05:00,30.575000762939453,30.764699935913086,30.575000762939453,30.690000534057617,6638,0.0,0.0,0.0
2024-02-01 12:30:00-05:00,30.700000762939453,30.78809928894043,30.690000534057617,30.719999313354492,15588,0.0,0.0,0.0
2024-02-01 13:30:00-05:00,30.769899368286133,30.780000686645508,30.706600189208984,30.780000686645508,96653,0.0,0.0,0.0
2024-02-01 14:30:00-05:00,30.739999771118164,30.829999923706055,30.739999771118164,30.790000915527344,9025,0.0,0.0,0.0
2024-02-01 15:30:00-05:00,30.790000915527344,30.829999923706055,30.770000457763672,30.809999465942383,13762,0.0,0.0,0.0
2024-02-02 09:30:00-05:00,30.75,30.75,30.440000534057617,30.507099151611328,36861,0.0,0.0,0.0
2024-02-02 10:30:00-05:00,30.450000762939453,30.54439926147461,30.440000534057617,30.440000534057617,5809,0.0,0.0,0.0
2024-02-02 11:30:00-05:00,30.459999084472656,30.509199142456055,30.417299270629883,30.46299934387207,17226,0.0,0.0,0.0
2024-02-02 12:30:00-05:00,30.483299255371094,30.539899826049805,30.40999984741211,30.479999542236328,17670,0.0,0.0,0.0
2024-02-02 13:30:00-05:00,30.459999084472656,30.558399200439453,30.459999084472656,30.514999389648438,19093,0.0,0.0,0.0
2024-02-02 14:30:00-05:00,30.489999771118164,30.59980010986328,30.489999771118164,30.55139923095703,20617,0.0,0.0,0.0
2024-02-02 15:30:00-05:00,30.565000534057617,30.588899612426758,30.520000457763672,30.549999237060547,24314,0.0,0.0,0.0
2024-02-05 09:30:00-05:00,30.360000610351562,30.360000610351562,30.170000076293945,30.21619987487793,39034,0.0,0.0,0.0
2024-02-05 10:30:00-05:00,30.24970054626465,30.260000228881836,30.170000076293945,30.229900360107422,41678,0.0,0.0,0.0
2024-02-05 11:30:00-05:00,30.219999313354492,30.300899505615234,30.206100463867188,30.300899505615234,23523,0.0,0.0,0.0
2024-02-05 12:30:00-05:00,30.31999969482422,30.36989974975586,30.305700302124023,30.36989974975586,40564,0.0,0.0,0.0
2024-02-05 13:30:00-05:00,30.332599639892578,30.3799991607666,30.329999923706055,30.37969970703125,9717,0.0,0.0,0.0
2024-02-05 14:30:00-05:00,30.398700714111328,30.41069984436035,30.31800079345703,30.389999389648438,18290,0.0,0.0,0.0
2024-02-05 15:30:00-05:00,30.364999771118164,30.399999618530273,30.309999465942383,30.309999465942383,19669,0.0,0.0,0.0
2024-02-06 09:30:00-05:00,30.389999389648438,30.44860076904297,30.350000381469727,30.429899215698242,43527,0.0,0.0,0.0
2024-02-06 10:30:00-05:00,30.43000030517578,30.499099731445312,30.40999984741211,30.499099731445312,102233,0.0,0.0,0.0
2024-02-06 11:30:00-05:00,30.47480010986328,30.48940086364746,30.436500549316406,30.472900390625,9534,0.0,0.0,0.0
2024-02-06 12:30:00-05:00,30.463699340820312,30.499900817871094,30.450000762939453,30.450000762939453,14097,0.0,0.0,0.0
2024-02-06 13:30:00-05:00,30.454299926757812,30.507999420166016,30.451000213623047,30.4689998626709,35575,0.0,0.0,0.0
2024-02-06 14:30:00-05:00,30.469999313354492,30.520000457763672,30.450000762939453,30.49449920654297,62179,0.0,0.0,0.0
2024-02-06 15:30:00-05:00,30.5,30.549999237060547,30.480199813842773,30.530000686645508,8842,0.0,0.0,0.0
2024-02-07 09:30:00-05:00,30.579999923706055,30.579999923706055,30.459999084472656,30.52630043029785,0,0.0,0.0,0.0
2024-02-07 10:30:00-05:00,30.540000915527344,30.540000915527344,30.434999465942383,30.441999435424805,12883,0.0,0.0,0.0
2024-02-07 11:30:00-05:00,30.459999084472656,30.530000686645508,30.440099716186523,30.530000686645508,15261,0.0,0.0,0.0
2024-02-07 12:30:00-05:00,30.525999069213867,30.54640007019043,30.459999084472656,30.504100799560547,33813,0.0,0.0,0.0
2024-02-07 13:30:00-05:00,30.520000457763672,30.53499984741211,30.5,30.507600784301758,76528,0.0,0.0,0.0
2024-02-07 14:30:00-05:00,30.489999771118164,30.539400100708008,30.489999771118164,30.509899139404297,15417,0.0,0.0,0.0
2024-02-07 15:30:00-05:00,30.510000228881836,30.530000686645508,30.486000061035156,30.5,15153,0.0,0.0,0.0
2024-02-08 09:30:00-05:00,30.6200008392334,30.6200008392334,30.39900016784668,30.39900016784668,0,0.0,0.0,0.0
2024-02-08 10:30:00-05:00,30.415000915527344,30.415000915527344,30.350000381469727,30.360000610351562,33524,0.0,0.0,0.0
2024-02-08 11:30:00-05:00,30.38640022277832,30.41990089416504,30.360000610351562,30.405000686645508,10761,0.0,0.0,0.0
2024-02-08 12:30:00-05:00,30.405000686645508,30.452199935913086,30.389999389648438,30.440000534057617,9560,0.0,0.0,0.0
2024-02-08 13:30:00-05:00,30.44930076599121,30.45989990234375,30.3700008392334,30.399999618530273,23675,0.0,0.0,0.0
2024-02-08 14:30:00-05:00,30.395000457763672,30.450000762939453,30.389999389648438,30.43000030517578,48182,0.0,0.0,0.0
2024-02-08 15:30:00-05:00,30.416099548339844,30.450000762939453,30.399999618530273,30.450000762939453,34411,0.0,0.0,0.0
2024-02-09 09:30:00-05:00,30.459999084472656,30.509899139404297,30.329999923706055,30.329999923706055,44377,0.0,0.0,0.0
2024-02-09 10:30:00-05:00,30.350000381469727,30.40999984741211,30.342500686645508,30.385000228881836,10624,0.0,0.0,0.0
2024-02-09 11:30:00-05:00,30.3799991607666,30.409900665283203,30.360000610351562,30.39900016784668,12804,0.0,0.0,0.0
2024-02-09 12:30:00-05:00,30.405000686645508,30.479999542236328,30.390100479125977,30.479999542236328,17054,0.0,0.0,0.0
2024-02-09 13:30:00-05:00,30.485000610351562,30.520000457763672,30.469999313354492,30.519699096679688,14951,0.0,0.0,0.0
2024-02-09 14:30:00-05:00,30.520000457763672,30.52989959716797,30.440000534057617,30.5,82014,0.0,0.0,0.0
2024-02-09 15:30:00-05:00,30.49959945678711,30.520000457763672,30.469999313354492,30.520000457763672,141349,0.0,0.0,0.0
2024-02-12 09:30:00-05:00,30.56999969482422,30.56999969482422,30.280000686645508,30.530000686645508,36387,0.0,0.0,0.0
2024-02-12 10:30:00-05:00,30.53890037536621,30.579999923706055,30.53890037536621,30.57990074157715,32547,0.0,0.0,0.0
2024-02-12 11:30:00-05:00,30.579999923706055,30.63559913635254,30.55340003967285,30.563199996948242,27616,0.0,0.0,0.0
2024-02-12 12:30:00-05:00,30.63990020751953,30.649999618530273,30.57159996032715,30.639999389648438,9975,0.0,0.0,0.0
2024-02-12 13:30:00-05:00,30.625999450683594,30.644100189208984,30.54450035095215,30.54450035095215,9173,0.0,0.0,0.0
2024-02-12 14:30:00-05:00,30.562000274658203,30.599300384521484,30.5,30.560199737548828,10190,0.0,0.0,0.0
2024-02-12 15:30:00-05:00,30.59000015258789,30.610000610351562,30.570100784301758,30.610000610351562,15565,0.0,0.0,0.0
2024-02-13 09:30:00-05:00,30.389999389648438,30.389999389648438,30.180599212646484,30.260000228881836,13883,0.0,0.0,0.0
2024-02-13 10:30:00-05:00,30.239999771118164,30.289899826049805,30.200000762939453,30.289899826049805,8753,0.0,0.0,0.0
2024-02-13 11:30:00-05:00,30.259000778198242,30.299999237060547,30.200000762939453,30.209199905395508,11730,0.0,0.0,0.0
2024-02-13 12:30:00-05:00,30.219999313354492,30.269899368286133,30.170000076293945,30.18000030517578,20582,0.0,0.0,0.0
2024-02-13 13:30:00-05:00,30.19409942626953,30.19409942626953,30.09000015258789,30.100000381469727,38655,0.0,0.0,0.0
2024-02-13 14:30:00-05:00,30.110000610351562,30.149999618530273,30.016799926757812,30.054399490356445,14152,0.0,0.0,0.0
2024-02-13 15:30:00-05:00,30.06999969482422,30.167299270629883,30.06999969482422,30.1299991607666,25495,0.0,0.0,0.0
2024-02-14 09:30:00-05:00,30.3799991607666,30.389999389648438,30.31170082092285,30.369800567626953,17745,0.0,0.0,0.0
2024-02-14 10:30:00-05:00,30.389999389648438,30.41069984436035,30.329999923706055,30.40290069580078,15661,0.0,0.0,0.0
2024-02-14 11:30:00-05:00,30.385000228881836,30.40999984741211,30.33009910583496,30.345800399780273,17601,0.0,0.0,0.0
2024-02-14 12:30:00-05:00,30.38319969177246,30.449800491333008,30.3700008392334,30.3700008392334,13341,0.0,0.0,0.0
2024-02-14 13:30:00-05:00,30.370800018310547,30.450000762939453,30.3700008392334,30.440000534057617,11284,0.0,0.0,0.0
2024-02-14 14:30:00-05:00,30.440000534057617,30.480300903320312,30.390399932861328,30.43000030517578,74922,0.0,0.0,0.0
2024-02-14 15:30:00-05:00,30.479999542236328,30.5,30.43000030517578,30.469999313354492,24309,0.0,0.0,0.0
2024-02-15 09:30:00-05:00,30.649999618530273,30.78689956665039,30.649999618530273,30.736299514770508,0,0.0,0.0,0.0
2024-02-15 10:30:00-05:00,30.752399444580078,30.757299423217773,30.68000030517578,30.680099487304688,9352,0.0,0.0,0.0
2024-02-15 11:30:00-05:00,30.712499618530273,30.75,30.690000534057617,30.75,8091,0.0,0.0,0.0
2024-02-15 12:30:00-05:00,30.725200653076172,30.789899826049805,30.710100173950195,30.770000457763672,12689,0.0,0.0,0.0
2024-02-15 13:30:00-05:00,30.790000915527344,30.819900512695312,30.760000228881836,30.819900512695312,17492,0.0,0.0,0.0
2024-02-15 14:30:00-05:00,30.795799255371094,30.84779930114746,30.790000915527344,30.831899642944336,14005,0.0,0.0,0.0
2024-02-15 15:30:00-05:00,30.84869956970215,30.850000381469727,30.79010009765625,30.829999923706055,11400,0.0,0.0,0.0
2024-02-16 09:30:00-05:00,30.8700008392334,30.8700008392334,30.75,30.868999481201172,14251,0.0,0.0,0.0
2024-02-16 10:30:00-05:00,30.860000610351562,30.93000030517578,30.84440040588379,30.920000076293945,10966,0.0,0.0,0.0
2024-02-16 11:30:00-05:00,30.929000854492188,30.959999084472656,30.915000915527344,30.92970085144043,118864,0.0,0.0,0.0
2024-02-16 12:30:00-05:00,30.940000534057617,30.979400634765625,30.90999984741211,30.93000030517578,14297,0.0,0.0,0.0
2024-02-16 13:30:00-05:00,30.987300872802734,31.030000686645508,30.93000030517578,30.979999542236328,8991,0.0,0.0,0.0
2024-02-16 14:30:00-05:00,30.965599060058594,30.97480010986328,30.8799991607666,30.93000030517578,14176,0.0,0.0,0.0
2024-02-16 15:30:00-05:00,30.939300537109375,30.939300537109375,30.8700008392334,30.8700008392334,19408,0.0,0.0,0.0
2024-02-20 09:30:00-05:00,31.100000381469727,31.100000381469727,30.979999542236328,31.011899948120117,17016,0.0,0.0,0.0
2024-02-20 10:30:00-05:00,31.0049991607666,31.033700942993164,30.90999984741211,30.959999084472656,9488,0.0,0.0,0.0
2024-02-20 11:30:00-05:00,30.985000610351562,31.00950050354004,30.899999618530273,30.90999984741211,21898,0.0,0.0,0.0
2024-02-20 12:30:00-05:00,30.90999984741211,30.942800521850586,30.86319923400879,30.940000534057617,12379,0.0,0.0,0.0
2024-02-20 13:30:00-05:00,30.877899169921875,30.950700759887695,30.877700805664062,30.93000030517578,13302,0.0,0.0,0.0
2024-02-20 14:30:00-05:00,30.950000762939453,30.970600128173828,30.889999389648438,30.964799880981445,20681,0.0,0.0,0.0
2024-02-20 15:30:00-05:00,30.9601993560791,30.988300323486328,30.90999984741211,30.969999313354492,12609,0.0,0.0,0.0
2024-02-21 09:30:00-05:00,30.940000534057617,31.00909996032715,30.915300369262695,30.940000534057617,0,0.0,0.0,0.0
2024-02-21 10:30:00-05:00,30.934999465942383,30.989900588989258,30.874000549316406,30.93000030517578,23733,0.0,0.0,0.0
2024-02-21 11:30:00-05:00,30.940000534057617,30.968399047851562,30.90999984741211,30.90999984741211,9732,0.0,0.0,0.0
2024-02-21 12:30:00-05:00,30.868600845336914,30.920000076293945,30.868600845336914,30.920000076293945,14384,0.0,0.0,0.0
2024-02-21 13:30:00-05:00,30.886600494384766,30.979999542236328,30.8799991607666,30.924999237060547,27463,0.0,0.0,0.0
2024-02-21 14:30:00-05:00,30.930299758911133,30.934999465942383,30.8799991607666,30.90999984741211,31284,0.0,0.0,0.0
2024-02-21 15:30:00-05:00,30.90999984741211,31.020000457763672,30.90999984741211,31.020000457763672,6515,0.0,0.0,0.0
2024-02-22 09:30:00-05:00,31.290000915527344,31.325000762939453,31.19860076904297,31.229999542236328,0,0.0,0.0,0.0
2024-02-22 10:30:00-05:00,31.229999542236328,31.261600494384766,31.190000534057617,31.239999771118164,9910,0.0,0.0,0.0
2024-02-22 11:30:00-05:00,31.217300415039062,31.252199172973633,31.200000762939453,31.25,15996,0.0,0.0,0.0
2024-02-22 12:30:00-05:00,31.264999389648438,31.349899291992188,31.24679946899414,31.260000228881836,7383,0.0,0.0,0.0
2024-02-22 13:30:00-05:00,31.280000686645508,31.329999923706055,31.265199661254883,31.325000762939453,33015,0.0,0.0,0.0
2024-02-22 14:30:00-05:00,31.309999465942383,31.32670021057129,31.280099868774414,31.309999465942383,81103,0.0,0.0,0.0
2024-02-22 15:30:00-05:00,31.31800079345703,31.329500198364258,31.29450035095215,31.309999465942383,93423,0.0,0.0,0.0
2024-02-23 09:30:00-05:00,31.40999984741211,31.479999542236328,31.3518009185791,31.368000030517578,20970,0.0,0.0,0.0
2024-02-23 10:30:00-05:00,31.3700008392334,31.378999710083008,31.31999969482422,31.33099937438965,15264,0.0,0.0,0.0
2024-02-23 11:30:00-05:00,31.340099334716797,31.40999984741211,31.340099334716797,31.3799991607666,14076,0.0,0.0,0.0
2024-02-23 12:30:00-05:00,31.375,31.449899673461914,31.360000610351562,31.396299362182617,28025,0.0,0.0,0.0
2024-02-23 13:30:00-05:00,31.405099868774414,31.408700942993164,31.34000015258789,31.34000015258789,20718,0.0,0.0,0.0
2024-02-23 14:30:00-05:00,31.350000381469727,31.37649917602539,31.34000015258789,31.354999542236328,11139,0.0,0.0,0.0
2024-02-23 15:30:00-05:00,31.350000381469727,31.3700008392334,31.329999923706055,31.3700008392334,10499,0.0,0.0,0.0
2024-02-26 09:30:00-05:00,31.3799991607666,31.3799991607666,31.280000686645508,31.280000686645508,0,0.0,0.0,0.0
2024-02-26 10:30:00-05:00,31.299999237060547,31.309999465942383,31.2549991607666,31.290000915527344,35633,0.0,0.0,0.0
2024-02-26 11:30:00-05:00,31.280000686645508,31.309999465942383,31.274999618530273,31.28569984436035,46830,0.0,0.0,0.0
2024-02-26 12:30:00-05:00,31.28499984741211,31.28499984741211,31.239999771118164,31.239999771118164,13049,0.0,0.0,0.0
2024-02-26 13:30:00-05:00,31.219999313354492,31.270000457763672,31.209999084472656,31.2549991607666,29069,0.0,0.0,0.0
2024-02-26 14:30:00-05:00,31.25,31.299999237060547,31.24139976501465,31.27429962158203,20840,0.0,0.0,0.0
2024-02-26 15:30:00-05:00,31.298999786376953,31.299999237060547,31.260900497436523,31.280000686645508,11438,0.0,0.0,0.0
2024-02-27 09:30:00-05:00,31.360000610351562,31.362899780273438,31.295000076293945,31.31999969482422,0,0.0,0.0,0.0
2024-02-27 10:30:00-05:00,31.31999969482422,31.389999389648438,31.31999969482422,31.389999389648438,20957,0.0,0.0,0.0
2024-02-27 11:30:00-05:00,31.379899978637695,31.3799991607666,31.31999969482422,31.321199417114258,52969,0.0,0.0,0.0
2024-02-27 12:30:00-05:00,31.339000701904297,31.360000610351562,31.315000534057617,31.360000610351562,13400,0.0,0.0,0.0
2024-02-27 13:30:00-05:00,31.33049964904785,31.360000610351562,31.33049964904785,31.34000015258789,12688,0.0,0.0,0.0
2024-02-27 14:30:00-05:00,31.33989906311035,31.344999313354492,31.31999969482422,31.332500457763672,18944,0.0,0.0,0.0
2024-02-27 15:30:00-05:00,31.341299057006836,31.3700008392334,31.341299057006836,31.3700008392334,7277,0.0,0.0,0.0
2024-02-28 09:30:00-05:00,31.170000076293945,31.170000076293945,31.11009979248047,31.15999984741211,16688,0.0,0.0,0.0
2024-02-28 10:30:00-05:00,31.149999618530273,31.18950080871582,31.13010025024414,31.170000076293945,9486,0.0,0.0,0.0
2024-02-28 11:30:00-05:00,31.149999618530273,31.200000762939453,31.135000228881836,31.188199996948242,8048,0.0,0.0,0.0
2024-02-28 12:30:00-05:00,31.18950080871582,31.190799713134766,31.149999618530273,31.190000534057617,15697,0.0,0.0,0.0
2024-02-28 13:30:00-05:00,31.200000762939453,31.209999084472656,31.125,31.159500122070312,18396,0.0,0.0,0.0
2024-02-28 14:30:00-05:00,31.149999618530273,31.165800094604492,31.1200008392334,31.155000686645508,13394,0.0,0.0,0.0
2024-02-28 15:30:00-05:00,31.170000076293945,31.200000762939453,31.144399642944336,31.200000762939453,22300,0.0,0.0,0.0
2024-02-29 09:30:00-05:00,31.389999389648438,31.43000030517578,31.292600631713867,31.309999465942383,0,0.0,0.0,0.0
2024-02-29 10:30:00-05:00,31.299999237060547,31.299999237060547,31.190099716186523,31.190099716186523,17476,0.0,0.0,0.0
2024-02-29 11:30:00-05:00,31.184999465942383,31.187999725341797,31.1200008392334,31.13960075378418,12025,0.0,0.0,0.0
2024-02-29 12:30:00-05:00,31.149999618530273,31.19499969482422,31.116199493408203,31.19499969482422,8901,0.0,0.0,0.0
2024-02-29 13:30:00-05:00,31.204999923706055,31.25,31.200000762939453,31.219999313354492,5331,0.0,0.0,0.0
2024-02-29 14:30:00-05:00,31.21769905090332,31.22920036315918,31.190000534057617,31.229000091552734,19534,0.0,0.0,0.0
2024-02-29 15:30:00-05:00,31.219999313354492,31.280000686645508,31.219999313354492,31.25,23856,0.0,0.0,0.0
2024-03-01 09:30:00-05:00,31.440000534057617,31.450000762939453,31.2450008392334,31.44499969482422,0,0.0,0.0,0.0
2024-03-01 10:30:00-05:00,31.450000762939453,31.499000549316406,31.43000030517578,31.440000534057617,22793,0.0,0.0,0.0
2024-03-01 11:30:00-05:00,31.440000534057617,31.510000228881836,31.440000534057617,31.5049991607666,11726,0.0,0.0,0.0
2024-03-01 12:30:00-05:00,31.5,31.51959991455078,31.479999542236328,31.5,17974,0.0,0.0,0.0
2024-03-01 13:30:00-05:00,31.49049949645996,31.569900512695312,31.49049949645996,31.530000686645508,15014,0.0,0.0,0.0
2024-03-01 14:30:00-05:00,31.53499984741211,31.5398006439209,31.501800537109375,31.520000457763672,79741,0.0,0.0,0.0
2024-03-01 15:30:00-05:00,31.52989959716797,31.549999237060547,31.512300491333008,31.530000686645508,43949,0.0,0.0,0.0
2024-03-04 09:30:00-05:00,31.6200008392334,31.6200008392334,31.390499114990234,31.420000076293945,18256,0.0,0.0,0.0
2024-03-04 10:30:00-05:00,31.415000915527344,31.4778995513916,31.415000915527344,31.46500015258789,9973,0.0,0.0,0.0
2024-03-04 11:30:00-05:00,31.469999313354492,31.519899368286133,31.450000762939453,31.5,17093,0.0,0.0,0.0
2024-03-04 12:30:00-05:00,31.49850082397461,31.520000457763672,31.459999084472656,31.520000457763672,11365,0.0,0.0,0.0
2024-03-04 13:30:00-05:00,31.478700637817383,31.489900588989258,31.45009994506836,31.469999313354492,7946,0.0,0.0,0.0
2024-03-04 14:30:00-05:00,31.469999313354492,31.559999465942383,31.469999313354492,31.510000228881836,48516,0.0,0.0,0.0
2024-03-04 15:30:00-05:00,31.513999938964844,31.5492000579834,31.469999313354492,31.479900360107422,13380,0.0,0.0,0.0
2024-03-05 09:30:00-05:00,31.510000228881836,31.610000610351562,31.43950080871582,31.52400016784668,0,0.0,0.0,0.0
2024-03-05 10:30:00-05:00,31.5,31.520000457763672,31.479999542236328,31.5049991607666,37150,0.0,0.0,0.0
2024-03-05 11:30:00-05:00,31.489999771118164,31.489999771118164,31.43000030517578,31.489999771118164,15395,0.0,0.0,0.0
2024-03-05 12:30:00-05:00,31.489999771118164,31.499000549316406,31.44890022277832,31.469999313354492,10387,0.0,0.0,0.0
2024-03-05 13:30:00-05:00,31.46500015258789,31.510000228881836,31.4143009185791,31.450000762939453,14552,0.0,0.0,0.0
2024-03-05 14:30:00-05:00,31.440000534057617,31.440000534057617,31.32360076904297,31.32360076904297,14721,0.0,0.0,0.0
2024-03-05 15:30:00-05:00,31.354999542236328,31.436800003051758,31.337499618530273,31.43000030517578,15940,0.0,0.0,0.0
2024-03-06 09:30:00-05:00,31.780000686645508,31.780000686645508,31.69230079650879,31.711700439453125,29140,0.0,0.0,0.0
2024-03-06 10:30:00-05:00,31.709999084472656,31.809999465942383,31.704999923706055,31.809999465942383,55800,0.0,0.0,0.0
2024-03-06 11:30:00-05:00,31.799999237060547,31.8799991607666,31.799999237060547,31.870899200439453,15863,0.0,0.0,0.0
2024-03-06 12:30:00-05:00,31.8700008392334,31.8799991607666,31.820899963378906,31.879899978637695,9808,0.0,0.0,0.0
2024-03-06 13:30:00-05:00,31.8700008392334,31.8700008392334,31.756900787353516,31.795000076293945,11788,0.0,0.0,0.0
2024-03-06 14:30:00-05:00,31.809999465942383,31.809999465942383,31.760000228881836,31.80500030517578,11168,0.0,0.0,0.0
2024-03-06 15:30:00-05:00,31.799999237060547,31.818199157714844,31.75,31.818199157714844,8304,0.0,0.0,0.0
2024-03-07 09:30:00-05:00,32.02000045776367,32.060001373291016,31.989900588989258,32.040000915527344,0,0.0,0.0,0.0
2024-03-07 10:30:00-05:00,32.03990173339844,32.130001068115234,32.03990173339844,32.12990188598633,44757,0.0,0.0,0.0
2024-03-07 11:30:00-05:00,32.09000015258789,32.130001068115234,32.09000015258789,32.119998931884766,10626,0.0,0.0,0.0
2024-03-07 12:30:00-05:00,32.0989990234375,32.13999938964844,32.079498291015625,32.130001068115234,14082,0.0,0.0,0.0
2024-03-07 13:30:00-05:00,32.130001068115234,32.16999816894531,32.130001068115234,32.16910171508789,28682,0.0,0.0,0.0
2024-03-07 14:30:00-05:00,32.14500045776367,32.19889831542969,32.100101470947266,32.14500045776367,38143,0.0,0.0,0.0
2024-03-07 15:30:00-05:00,32.14500045776367,32.179901123046875,32.11000061035156,32.14500045776367,12850,0.0,0.0,0.0
2024-03-08 09:30:00-05:00,32.33000183105469,32.33000183105469,32.165000915527344,32.16999816894531,35158,0.0,0.0,0.0
2024-03-08 10:30:00-05:00,32.189998626708984,32.220001220703125,32.099998474121094,32.099998474121094,18959,0.0,0.0,0.0
2024-03-08 11:30:00-05:00,32.099998474121094,32.11000061035156,32.0630989074707,32.108001708984375,128490,0.0,0.0,0.0
2024-03-08 12:30:00-05:00,32.1150016784668,32.119998931884766,32.0,32.0,12524,0.0,0.0,0.0
2024-03-08 13:30:00-05:00,32.0,32.09000015258789,31.969999313354492,32.09000015258789,14274,0.0,0.0,0.0
2024-03-08 14:30:00-05:00,32.08000183105469,32.150001525878906,32.029998779296875,32.029998779296875,15075,0.0,0.0,0.0
2024-03-08 15:30:00-05:00,32.04499816894531,32.079898834228516,32.02000045776367,32.02000045776367,15940,0.0,0.0,0.0
2024-03-11 09:30:00-04:00,31.799999237060547,31.860000610351562,31.719999313354492,31.719999313354492,84779,0.0,0.0,0.0
2024-03-11 10:30:00-04:00,31.739999771118164,31.764999389648438,31.704999923706055,31.719999313354492,36625,0.0,0.0,0.0
2024-03-11 11:30:00-04:00,31.719999313354492,31.809999465942383,31.709999084472656,31.809999465942383,15129,0.0,0.0,0.0
2024-03-11 12:30:00-04:00,31.809999465942383,31.850000381469727,31.799999237060547,31.825000762939453,64594,0.0,0.0,0.0
2024-03-11 13:30:00-04:00,31.834999084472656,31.849000930786133,31.795900344848633,31.84830093383789,54138,0.0,0.0,0.0
2024-03-11 14:30:00-04:00,31.815000534057617,31.858999252319336,31.799999237060547,31.829999923706055,9743,0.0,0.0,0.0
2024-03-11 15:30:00-04:00,31.84320068359375,31.879899978637695,31.809999465942383,31.829999923706055,18697,0.0,0.0,0.0
2024-03-12 09:30:00-04:00,31.920000076293945,31.979999542236328,31.7544002532959,31.911399841308594,48333,0.0,0.0,0.0
2024-03-12 10:30:00-04:00,31.911500930786133,31.979999542236328,31.899999618530273,31.969999313354492,9657,0.0,0.0,0.0
2024-03-12 11:30:00-04:00,32.0,32.0099983215332,31.969999313354492,31.972000122070312,7719,0.0,0.0,0.0
2024-03-12 12:30:00-04:00,31.969999313354492,31.979999542236328,31.930099487304688,31.979999542236328,20910,0.0,0.0,0.0
2024-03-12 13:30:00-04:00,31.979999542236328,32.025001525878906,31.96500015258789,32.02000045776367,16598,0.0,0.0,0.0
2024-03-12 14:30:00-04:00,32.0,32.060001373291016,32.0,32.04499816894531,26941,0.0,0.0,0.0
2024-03-12 15:30:00-04:00,32.04499816894531,32.109901428222656,32.040000915527344,32.060001373291016,6745,0.0,0.0,0.0
2024-03-13 09:30:00-04:00,32.08000183105469,32.08000183105469,32.000099182128906,32.04499816894531,0,0.0,0.0,0.0
2024-03-13 10:30:00-04:00,32.040000915527344,32.05500030517578,32.02000045776367,32.05500030517578,8046,0.0,0.0,0.0
2024-03-13 11:30:00-04:00,32.04999923706055,32.04999923706055,32.02000045776367,32.02989959716797,25617,0.0,0.0,0.0
2024-03-13 12:30:00-04:00,32.029998779296875,32.10499954223633,32.02000045776367,32.0880012512207,19173,0.0,0.0,0.0
2024-03-13 13:30:00-04:00,32.09000015258789,32.149200439453125,32.08000183105469,32.1150016784668,29363,0.0,0.0,0.0
2024-03-13 14:30:00-04:00,32.09519958496094,32.11989974975586,32.0099983215332,32.0099983215332,17080,0.0,0.0,0.0
2024-03-13 15:30:00-04:00,32.007598876953125,32.09989929199219,32.007598876953125,32.0099983215332,6375,0.0,0.0,0.0
2024-03-14 09:30:00-04:00,32.0099983215332,32.12990188598633,31.819900512695312,31.819900512695312,36103,0.0,0.0,0.0
2024-03-14 10:30:00-04:00,31.83989906311035,31.889799118041992,31.719999313354492,31.719999313354492,32472,0.0,0.0,0.0
2024-03-14 11:30:00-04:00,31.735000610351562,31.789899826049805,31.729999542236328,31.789899826049805,40841,0.0,0.0,0.0
2024-03-14 12:30:00-04:00,31.798999786376953,31.799999237060547,31.704500198364258,31.706600189208984,12195,0.0,0.0,0.0
2024-03-14 13:30:00-04:00,31.68000030517578,31.780000686645508,31.68000030517578,31.780000686645508,17504,0.0,0.0,0.0
2024-03-14 14:30:00-04:00,31.780000686645508,31.78499984741211,31.65999984741211,31.729900360107422,21721,0.0,0.0,0.0
2024-03-14 15:30:00-04:00,31.690000534057617,31.809999465942383,31.649999618530273,31.809999465942383,14130,0.0,0.0,0.0
2024-03-15 09:30:00-04:00,31.860000610351562,31.8799991607666,31.739999771118164,31.84000015258789,16115,0.0,0.0,0.0
2024-03-15 10:30:00-04:00,31.815000534057617,31.879899978637695,31.775299072265625,31.780000686645508,8051,0.0,0.0,0.0
2024-03-15 11:30:00-04:00,31.84910011291504,31.868999481201172,31.741899490356445,31.760000228881836,9447,0.0,0.0,0.0
2024-03-15 12:30:00-04:00,31.731800079345703,31.819900512695312,31.68000030517578,31.761499404907227,6011,0.0,0.0,0.0
2024-03-15 13:30:00-04:00,31.739999771118164,31.77400016784668,31.690000534057617,31.72330093383789,6221,0.0,0.0,0.0
2024-03-15 14:30:00-04:00,31.7450008392334,31.790000915527344,31.7450008392334,31.7549991607666,9672,0.0,0.0,0.0
2024-03-15 15:30:00-04:00,31.780000686645508,31.794300079345703,31.74959945678711,31.75,5967,0.0,0.0,0.0
2024-03-18 09:30:00-04:00,31.799999237060547,31.8799991607666,31.729900360107422,31.73200035095215,5579,0.0,0.0,0.0
2024-03-18 10:30:00-04:00,31.743099212646484,31.778200149536133,31.743099212646484,31.770000457763672,7248,0.0,0.0,0.0
2024-03-18 11:30:00-04:00,31.736499786376953,31.770000457763672,31.736499786376953,31.760000228881836,7434,0.0,0.0,0.0
2024-03-18 12:30:00-04:00,31.7450008392334,31.770000457763672,31.719999313354492,31.75,31912,0.0,0.0,0.0
2024-03-18 13:30:00-04:00,31.739999771118164,31.769899368286133,31.72010040283203,31.760000228881836,30410,0.0,0.0,0.0
2024-03-18 14:30:00-04:00,31.77899932861328,31.77899932861328,31.74209976196289,31.777999877929688,10135,0.0,0.0,0.0
2024-03-18 15:30:00-04:00,31.760000228881836,31.779199600219727,31.723899841308594,31.739999771118164,21181,0.0,0.0,0.0
2024-03-19 09:30:00-04:00,31.760000228881836,31.82990074157715,31.6476993560791,31.719999313354492,23434,0.0,0.0,0.0
2024-03-19 10:30:00-04:00,31.719999313354492,31.7549991607666,31.709999084472656,31.7549991607666,18007,0.0,0.0,0.0
2024-03-19 11:30:00-04:00,31.719999313354492,31.83989906311035,31.719999313354492,31.83989906311035,29677,0.0,0.0,0.0
2024-03-19 12:30:00-04:00,31.84000015258789,31.860000610351562,31.79010009765625,31.819400787353516,13349,0.0,0.0,0.0
2024-03-19 13:30:00-04:00,31.839000701904297,31.839000701904297,31.799999237060547,31.799999237060547,5860,0.0,0.0,0.0
2024-03-19 14:30:00-04:00,31.799999237060547,31.81999969482422,31.780000686645508,31.809900283813477,21589,0.0,0.0,0.0
2024-03-19 15:30:00-04:00,31.809900283813477,31.82990074157715,31.79439926147461,31.799999237060547,21113,0.0,0.0,0.0
2024-03-20 09:30:00-04:00,31.829999923706055,31.87700080871582,31.764999389648438,31.799999237060547,17077,0.0,0.0,0.0
2024-03-20 10:30:00-04:00,31.786100387573242,31.825000762939453,31.786100387573242,31.807300567626953,6167,0.0,0.0,0.0
2024-03-20 11:30:00-04:00,31.800600051879883,31.84429931640625,31.799999237060547,31.81999969482422,17446,0.0,0.0,0.0
2024-03-20 12:30:00-04:00,31.815000534057617,31.849899291992188,31.810100555419922,31.82200050354004,15958,0.0,0.0,0.0
2024-03-20 13:30:00-04:00,31.815000534057617,31.952499389648438,31.815000534057617,31.917999267578125,4741,0.0,0.0,0.0
2024-03-20 14:30:00-04:00,31.895000457763672,32.130001068115234,31.8799991607666,32.130001068115234,92573,0.0,0.0,0.0
2024-03-20 15:30:00-04:00,32.130001068115234,32.150001525878906,32.06999969482422,32.11000061035156,44605,0.0,0.0,0.0
2024-03-21 09:30:00-04:00,32.16999816894531,32.220001220703125,32.130001068115234,32.16999816894531,21210,0.0,0.0,0.0
2024-03-21 10:30:00-04:00,32.13999938964844,32.20090103149414,32.13999938964844,32.165000915527344,10198,0.0,0.0,0.0
2024-03-21 11:30:00-04:00,32.16999816894531,32.18199920654297,32.13710021972656,32.141300201416016,8767,0.0,0.0,0.0
2024-03-21 12:30:00-04:00,32.15999984741211,32.18000030517578,32.13999938964844,32.154998779296875,3242,0.0,0.0,0.0
2024-03-21 13:30:00-04:00,32.12990188598633,32.149898529052734,32.119998931884766,32.130001068115234,7666,0.0,0.0,0.0
2024-03-21 14:30:00-04:00,32.125,32.134300231933594,32.09379959106445,32.09709930419922,9255,0.0,0.0,0.0
2024-03-21 15:30:00-04:00,32.119998931884766,32.13990020751953,32.08000183105469,32.08000183105469,5621,0.0,0.0,0.0
2024-03-22 09:30:00-04:00,32.11000061035156,32.11000061035156,32.005001068115234,32.005001068115234,0,0.0,0.0,0.0
2024-03-22 10:30:00-04:00,32.04059982299805,32.06959915161133,32.02000045776367,32.04499816894531,7443,0.0,0.0,0.0
2024-03-22 11:30:00-04:00,32.04499816894531,32.06990051269531,32.0,32.02949905395508,7494,0.0,0.0,0.0
2024-03-22 12:30:00-04:00,32.0093994140625,32.04999923706055,32.00429916381836,32.00429916381836,8825,0.0,0.0,0.0
2024-03-22 13:30:00-04:00,32.02000045776367,32.040000915527344,32.0,32.025001525878906,51027,0.0,0.0,0.0
2024-03-22 14:30:00-04:00,32.03499984741211,32.03499984741211,31.967500686645508,31.967500686645508,12125,0.0,0.0,0.0
2024-03-22 15:30:00-04:00,32.0099983215332,32.02989959716797,31.989999771118164,31.989999771118164,7123,0.0,0.0,0.0
2024-03-25 09:30:00-04:00,31.950000762939453,32.06999969482422,31.934999465942383,32.06999969482422,0,0.0,0.0,0.0
2024-03-25 10:30:00-04:00,32.029998779296875,32.069000244140625,32.018001556396484,32.035099029541016,6306,0.0,0.0,0.0
2024-03-25 11:30:00-04:00,32.059898376464844,32.059898376464844,32.0099983215332,32.03990173339844,28484,0.0,0.0,0.0
2024-03-25 12:30:00-04:00,32.02000045776367,32.0525016784668,31.97599983215332,32.00699996948242,28784,0.0,0.0,0.0
2024-03-25 13:30:00-04:00,32.0099983215332,32.029998779296875,32.005001068115234,32.029998779296875,10940,0.0,0.0,0.0
2024-03-25 14:30:00-04:00,32.01499938964844,32.029998779296875,31.979999542236328,31.979999542236328,11729,0.0,0.0,0.0
2024-03-25 15:30:00-04:00,31.98900032043457,32.0,31.94499969482422,31.950000762939453,8365,0.0,0.0,0.0
2024-03-26 09:30:00-04:00,32.13999938964844,32.13999938964844,32.060001373291016,32.060001373291016,22531,0.0,0.0,0.0
2024-03-26 10:30:00-04:00,32.05500030517578,32.08000183105469,32.04499816894531,32.064998626708984,23540,0.0,0.0,0.0
2024-03-26 11:30:00-04:00,32.060001373291016,32.06999969482422,32.03630065917969,32.06999969482422,11092,0.0,0.0,0.0
2024-03-26 12:30:00-04:00,32.07529830932617,32.08000183105469,32.059898376464844,32.060001373291016,27533,0.0,0.0,0.0
2024-03-26 13:30:00-04:00,32.09000015258789,32.09000015258789,32.04090118408203,32.060001373291016,7853,0.0,0.0,0.0
2024-03-26 14:30:00-04:00,32.06999969482422,32.08000183105469,32.04999923706055,32.04999923706055,38604,0.0,0.0,0.0
2024-03-26 15:30:00-04:00,32.03990173339844,32.040000915527344,31.989900588989258,31.989999771118164,8881,0.0,0.0,0.0
2024-03-27 09:30:00-04:00,32.11000061035156,32.11000061035156,32.02000045776367,32.06999969482422,0,0.0,0.0,0.0
2024-03-27 10:30:00-04:00,32.0786018371582,32.10499954223633,32.06999969482422,32.095001220703125,22710,0.0,0.0,0.0
2024-03-27 11:30:00-04:00,32.09000015258789,32.11880111694336,32.07809829711914,32.09000015258789,12341,0.0,0.0,0.0
2024-03-27 12:30:00-04:00,32.119300842285156,32.147300720214844,32.099998474121094,32.130001068115234,14510,0.0,0.0,0.0
2024-03-27 13:30:00-04:00,32.130001068115234,32.16699981689453,32.11000061035156,32.16699981689453,17898,0.0,0.0,0.0
2024-03-27 14:30:00-04:00,32.143699645996094,32.168399810791016,32.104000091552734,32.168399810791016,22098,0.0,0.0,0.0
2024-03-27 15:30:00-04:00,32.150001525878906,32.22999954223633,32.140098571777344,32.22999954223633,13220,0.0,0.0,0.0
2024-03-28 09:30:00-04:00,32.22999954223633,32.22999954223633,32.099998474121094,32.119998931884766,17504,0.0,0.0,0.0
2024-03-28 10:30:00-04:00,32.165000915527344,32.16999816894531,32.141300201416016,32.15999984741211,13976,0.0,0.0,0.0
2024-03-28 11:30:00-04:00,32.15999984741211,32.16999816894531,32.12009811401367,32.130001068115234,11457,0.0,0.0,0.0
2024-03-28 12:30:00-04:00,32.16529846191406,32.220001220703125,32.13999938964844,32.14500045776367,34309,0.0,0.0,0.0
2024-03-28 13:30:00-04:00,32.14939880371094,32.15999984741211,32.130001068115234,32.13349914550781,32635,0.0,0.0,0.0
2024-03-28 14:30:00-04:00,32.130001068115234,32.20000076293945,32.119998931884766,32.18960189819336,20552,0.0,0.0,0.0
2024-03-28 15:30:00-04:00,32.141700744628906,32.15890121459961,32.099998474121094,32.11000061035156,190808,0.0,0.0,0.0
2024-04-01 09:30:00-04:00,32.119998931884766,32.164398193359375,32.0099983215332,32.024600982666016,0,0.0,0.0,0.0
2024-04-01 10:30:00-04:00,32.07889938354492,32.07889938354492,31.959999084472656,31.975000381469727,10351,0.0,0.0,0.0
2024-04-01 11:30:00-04:00,31.975000381469727,32.00960159301758,31.899999618530273,31.996000289916992,11873,0.0,0.0,0.0
2024-04-01 12:30:00-04:00,32.0,32.0099983215332,31.969999313354492,31.975000381469727,14059,0.0,0.0,0.0
2024-04-01 13:30:00-04:00,31.989999771118164,32.0,31.972999572753906,31.989999771118164,15283,0.0,0.0,0.0
2024-04-01 14:30:00-04:00,31.999900817871094,32.0,31.985000610351562,31.985000610351562,18139,0.0,0.0,0.0
2024-04-01 15:30:00-04:00,31.989999771118164,32.06990051269531,31.969999313354492,32.02000045776367,17844,0.0,0.0,0.0
2024-04-02 09:30:00-04:00,31.829999923706055,31.889999389648438,31.719999313354492,31.808399200439453,14539,0.0,0.0,0.0
2024-04-02 10:30:00-04:00,31.790000915527344,31.809999465942383,31.739999771118164,31.750099182128906,21415,0.0,0.0,0.0
2024-04-02 11:30:00-04:00,31.75,31.760000228881836,31.716999053955078,31.7450008392334,4743,0.0,0.0,0.0
2024-04-02 12:30:00-04:00,31.73539924621582,31.809900283813477,31.73539924621582,31.7450008392334,17567,0.0,0.0,0.0
2024-04-02 13:30:00-04:00,31.73080062866211,31.799299240112305,31.73080062866211,31.760000228881836,10728,0.0,0.0,0.0
2024-04-02 14:30:00-04:00,31.78499984741211,31.819900512695312,31.729999542236328,31.799999237060547,18166,0.0,0.0,0.0
2024-04-02 15:30:00-04:00,31.760000228881836,31.84280014038086,31.760000228881836,31.81999969482422,10128,0.0,0.0,0.0
2024-04-03 09:30:00-04:00,31.780000686645508,31.947500228881836,31.777700424194336,31.91010093688965,30774,0.0,0.0,0.0
2024-04-03 10:30:00-04:00,31.920000076293945,32.01499938964844,31.90999984741211,32.01499938964844,8657,0.0,0.0,0.0
2024-04-03 11:30:00-04:00,32.03499984741211,32.05839920043945,31.976200103759766,32.029998779296875,20837,0.0,0.0,0.0
2024-04-03 12:30:00-04:00,32.025001525878906,32.07400131225586,31.969999313354492,32.029998779296875,24199,0.0,0.0,0.0
2024-04-03 13:30:00-04:00,32.03499984741211,32.099700927734375,32.02009963989258,32.02009963989258,46870,0.0,0.0,0.0
2024-04-03 14:30:00-04:00,32.04499816894531,32.089900970458984,31.969999313354492,31.969999313354492,17359,0.0,0.0,0.0
2024-04-03 15:30:00-04:00,31.969999313354492,32.029998779296875,31.969999313354492,32.0,22077,0.0,0.0,0.0
2024-04-04 09:30:00-04:00,32.290000915527344,32.290000915527344,32.18000030517578,32.21500015258789,16320,0.0,0.0,0.0
2024-04-04 10:30:00-04:00,32.21500015258789,32.249698638916016,32.17649841308594,32.17850112915039,9428,0.0,0.0,0.0
2024-04-04 11:30:00-04:00,32.213401794433594,32.220001220703125,32.17319869995117,32.20000076293945,6692,0.0,0.0,0.0
2024-04-04 12:30:00-04:00,32.18000030517578,32.249900817871094,32.16999816894531,32.18000030517578,14207,0.0,0.0,0.0
2024-04-04 13:30:00-04:00,32.20940017700195,32.209999084472656,31.969999313354492,31.979999542236328,22939,0.0,0.0,0.0
2024-04-04 14:30:00-04:00,31.940000534057617,31.9596004486084,31.781400680541992,31.781400680541992,14784,0.0,0.0,0.0
2024-04-04 15:30:00-04:00,31.790000915527344,31.799999237060547,31.709999084472656,31.709999084472656,13467,0.0,0.0,0.0
2024-04-05 09:30:00-04:00,31.739999771118164,31.739999771118164,31.610000610351562,31.670000076293945,28758,0.0,0.0,0.0
2024-04-05 10:30:00-04:00,31.725000381469727,31.770000457763672,31.700000762939453,31.7637996673584,6976,0.0,0.0,0.0
2024-04-05 11:30:00-04:00,31.774999618530273,31.859899520874023,31.770000457763672,31.828899383544922,15171,0.0,0.0,0.0
2024-04-05 12:30:00-04:00,31.809999465942383,31.87849998474121,31.809999465942383,31.8518009185791,14082,0.0,0.0,0.0
2024-04-05 13:30:00-04:00,31.861000061035156,31.861000061035156,31.719999313354492,31.82939910888672,15595,0.0,0.0,0.0
2024-04-05 14:30:00-04:00,31.780099868774414,31.80500030517578,31.770000457763672,31.770000457763672,17214,0.0,0.0,0.0
2024-04-05 15:30:00-04:00,31.795000076293945,31.809900283813477,31.770000457763672,31.770000457763672,38547,0.0,0.0,0.0
2024-04-08 09:30:00-04:00,32.02000045776367,32.07170104980469,31.940000534057617,31.985000610351562,17045,0.0,0.0,0.0
2024-04-08 10:30:00-04:00,31.979999542236328,32.04999923706055,31.960100173950195,32.01940155029297,10305,0.0,0.0,0.0
2024-04-08 11:30:00-04:00,32.0099983215332,32.01499938964844,31.95870018005371,31.95870018005371,11223,0.0,0.0,0.0
2024-04-08 12:30:00-04:00,31.969999313354492,32.0281982421875,31.96310043334961,32.013999938964844,7230,0.0,0.0,0.0
2024-04-08 13:30:00-04:00,32.0099983215332,32.029998779296875,32.0,32.01139831542969,10669,0.0,0.0,0.0
2024-04-08 14:30:00-04:00,32.02000045776367,32.02000045776367,31.979999542236328,32.0,9622,0.0,0.0,0.0
2024-04-08 15:30:00-04:00,31.979999542236328,32.02989959716797,31.969999313354492,31.99519920349121,38418,0.0,0.0,0.0
2024-04-09 09:30:00-04:00,32.31999969482422,32.31999969482422,32.04999923706055,32.04999923706055,29098,0.0,0.0,0.0
2024-04-09 10:30:00-04:00,32.0,32.0,31.850000381469727,31.899999618530273,9365,0.0,0.0,0.0
2024-04-09 11:30:00-04:00,31.91900062561035,31.96500015258789,31.895000457763672,31.959999084472656,15110,0.0,0.0,0.0
2024-04-09 12:30:00-04:00,31.959999084472656,31.96820068359375,31.920000076293945,31.94420051574707,15575,0.0,0.0,0.0
2024-04-09 13:30:00-04:00,31.950000762939453,31.96500015258789,31.920000076293945,31.96500015258789,6554,0.0,0.0,0.0
2024-04-09 14:30:00-04:00,31.920000076293945,31.990800857543945,31.889999389648438,31.989999771118164,42912,0.0,0.0,0.0
2024-04-09 15:30:00-04:00,32.0,32.02000045776367,31.954999923706055,32.02000045776367,17996,0.0,0.0,0.0
2024-04-10 09:30:00-04:00,31.649999618530273,31.649999618530273,31.440000534057617,31.570100784301758,27892,0.0,0.0,0.0
2024-04-10 10:30:00-04:00,31.68899917602539,31.68899917602539,31.559999465942383,31.564300537109375,11519,0.0,0.0,0.0
2024-04-10 11:30:00-04:00,31.59000015258789,31.59000015258789,31.514999389648438,31.524999618530273,9091,0.0,0.0,0.0
2024-04-10 12:30:00-04:00,31.542200088500977,31.559999465942383,31.440000534057617,31.540000915527344,20792,0.0,0.0,0.0
2024-04-10 13:30:00-04:00,31.549999237060547,31.59000015258789,31.470300674438477,31.514999389648438,18082,0.0,0.0,0.0
2024-04-10 14:30:00-04:00,31.542699813842773,31.569900512695312,31.469999313354492,31.549999237060547,14044,0.0,0.0,0.0
2024-04-10 15:30:00-04:00,31.51490020751953,31.600000381469727,31.51490020751953,31.557600021362305,12340,0.0,0.0,0.0
2024-04-11 09:30:00-04:00,31.729999542236328,31.790000915527344,31.31999969482422,31.31999969482422,0,0.0,0.0,0.0
2024-04-11 10:30:00-04:00,31.309999465942383,31.40999984741211,31.299999237060547,31.40999984741211,6503,0.0,0.0,0.0
2024-04-11 11:30:00-04:00,31.424999237060547,31.489999771118164,31.424999237060547,31.489999771118164,3883,0.0,0.0,0.0
2024-04-11 12:30:00-04:00,31.511999130249023,31.609899520874023,31.460100173950195,31.564899444580078,10753,0.0,0.0,0.0
2024-04-11 13:30:00-04:00,31.584999084472656,31.67799949645996,31.58139991760254,31.644100189208984,15137,0.0,0.0,0.0
2024-04-11 14:30:00-04:00,31.688800811767578,31.709800720214844,31.639699935913086,31.669200897216797,42715,0.0,0.0,0.0
2024-04-11 15:30:00-04:00,31.65999984741211,31.709999084472656,31.636999130249023,31.639999389648438,18443,0.0,0.0,0.0
2024-04-12 09:30:00-04:00,31.399999618530273,31.44499969482422,31.31999969482422,31.367599487304688,21218,0.0,0.0,0.0
2024-04-12 10:30:00-04:00,31.3700008392334,31.3700008392334,31.190099716186523,31.274999618530273,16045,0.0,0.0,0.0
2024-04-12 11:30:00-04:00,31.325000762939453,31.329999923706055,31.25,31.260000228881836,3556,0.0,0.0,0.0
2024-04-12 12:30:00-04:00,31.257999420166016,31.260000228881836,31.174999237060547,31.190000534057617,13537,0.0,0.0,0.0
2024-04-12 13:30:00-04:00,31.189899444580078,31.244300842285156,31.15999984741211,31.209999084472656,9585,0.0,0.0,0.0
2024-04-12 14:30:00-04:00,31.165000915527344,31.168899536132812,31.114599227905273,31.14150047302246,10873,0.0,0.0,0.0
2024-04-12 15:30:00-04:00,31.159900665283203,31.168500900268555,31.135000228881836,31.139999389648438,3665,0.0,0.0,0.0
2024-04-15 09:30:00-04:00,31.510000228881836,31.510000228881836,31.31999969482422,31.34670066833496,42605,0.0,0.0,0.0
2024-04-15 10:30:00-04:00,31.347400665283203,31.348100662231445,31.224000930786133,31.224000930786133,9844,0.0,0.0,0.0
2024-04-15 11:30:00-04:00,31.251100540161133,31.388200759887695,31.251100540161133,31.290000915527344,5426,0.0,0.0,0.0
2024-04-15 12:30:00-04:00,31.25,31.2549991607666,31.1299991607666,31.1299991607666,16246,0.0,0.0,0.0
2024-04-15 13:30:00-04:00,31.110000610351562,31.114500045776367,31.05270004272461,31.087900161743164,9570,0.0,0.0,0.0
2024-04-15 14:30:00-04:00,31.079999923706055,31.108999252319336,31.020000457763672,31.03499984741211,16300,0.0,0.0,0.0
2024-04-15 15:30:00-04:00,31.040000915527344,31.06999969482422,31.017799377441406,31.06999969482422,12499,0.0,0.0,0.0
2024-04-16 09:30:00-04:00,30.809999465942383,30.81999969482422,30.645000457763672,30.674999237060547,30443,0.0,0.0,0.0
2024-04-16 10:30:00-04:00,30.670000076293945,30.749000549316406,30.65060043334961,30.720399856567383,18829,0.0,0.0,0.0
2024-04-16 11:30:00-04:00,30.709999084472656,30.757999420166016,30.684999465942383,30.729999542236328,10920,0.0,0.0,0.0
2024-04-16 12:30:00-04:00,30.7450008392334,30.768199920654297,30.719999313354492,30.719999313354492,22389,0.0,0.0,0.0
2024-04-16 13:30:00-04:00,30.719999313354492,30.825000762939453,30.6299991607666,30.73870086669922,54069,0.0,0.0,0.0
2024-04-16 14:30:00-04:00,30.701900482177734,30.82990074157715,30.701900482177734,30.809499740600586,12954,0.0,0.0,0.0
2024-04-16 15:30:00-04:00,30.760000228881836,30.77989959716797,30.690000534057617,30.739099502563477,9475,0.0,0.0,0.0
2024-04-17 09:30:00-04:00,30.920000076293945,30.989999771118164,30.729999542236328,30.729999542236328,0,0.0,0.0,0.0
2024-04-17 10:30:00-04:00,30.75779914855957,30.760000228881836,30.68000030517578,30.719999313354492,17920,0.0,0.0,0.0
2024-04-17 11:30:00-04:00,30.680099487304688,30.749900817871094,30.625200271606445,30.68120002746582,24402,0.0,0.0,0.0
2024-04-17 12:30:00-04:00,30.684999465942383,30.69230079650879,30.64299964904785,30.68000030517578,6406,0.0,0.0,0.0
2024-04-17 13:30:00-04:00,30.7450008392334,30.829999923706055,30.7450008392334,30.786500930786133,14517,0.0,0.0,0.0
2024-04-17 14:30:00-04:00,30.799999237060547,30.8799991607666,30.729999542236328,30.739999771118164,14048,0.0,0.0,0.0
2024-04-17 15:30:00-04:00,30.735000610351562,30.790000915527344,30.719999313354492,30.774999618530273,13345,0.0,0.0,0.0
2024-04-18 09:30:00-04:00,30.809999465942383,30.81999969482422,30.665000915527344,30.81999969482422,0,0.0,0.0,0.0
2024-04-18 10:30:00-04:00,30.801300048828125,30.889999389648438,30.770000457763672,30.860000610351562,26166,0.0,0.0,0.0
2024-04-18 11:30:00-04:00,30.81999969482422,30.84000015258789,30.764999389648438,30.799999237060547,54120,0.0,0.0,0.0
2024-04-18 12:30:00-04:00,30.799999237060547,30.80500030517578,30.6299991607666,30.66990089416504,48553,0.0,0.0,0.0
2024-04-18 13:30:00-04:00,30.690000534057617,30.700000762939453,30.6299991607666,30.650100708007812,24133,0.0,0.0,0.0
2024-04-18 14:30:00-04:00,30.65999984741211,30.68000030517578,30.6200008392334,30.66990089416504,23602,0.0,0.0,0.0
2024-04-18 15:30:00-04:00,30.670000076293945,30.690000534057617,30.65999984741211,30.670000076293945,12889,0.0,0.0,0.0
2024-04-19 09:30:00-04:00,30.729999542236328,30.790000915527344,30.729999542236328,30.729999542236328,28113,0.0,0.0,0.0
2024-04-19 10:30:00-04:00,30.790000915527344,30.801799774169922,30.741500854492188,30.760000228881836,6380,0.0,0.0,0.0
2024-04-19 11:30:00-04:00,30.780000686645508,30.780000686645508,30.649999618530273,30.649999618530273,7625,0.0,0.0,0.0
2024-04-19 12:30:00-04:00,30.64539909362793,30.729999542236328,30.64539909362793,30.729999542236328,4617,0.0,0.0,0.0
2024-04-19 13:30:00-04:00,30.722000122070312,30.760000228881836,30.675100326538086,30.70800018310547,11489,0.0,0.0,0.0
2024-04-19 14:30:00-04:00,30.670000076293945,30.68000030517578,30.618000030517578,30.68000030517578,14166,0.0,0.0,0.0
2024-04-19 15:30:00-04:00,30.659799575805664,30.690000534057617,30.642200469970703,30.690000534057617,12638,0.0,0.0,0.0
2024-04-22 09:30:00-04:00,30.8799991607666,30.898000717163086,30.829999923706055,30.8700008392334,28061,0.0,0.0,0.0
2024-04-22 10:30:00-04:00,30.879899978637695,30.940000534057617,30.84000015258789,30.879600524902344,13626,0.0,0.0,0.0
2024-04-22 11:30:00-04:00,30.909900665283203,31.040000915527344,30.889999389648438,30.9822998046875,21595,0.0,0.0,0.0
2024-04-22 12:30:00-04:00,30.979999542236328,31.030000686645508,30.93000030517578,31.030000686645508,12011,0.0,0.0,0.0
2024-04-22 13:30:00-04:00,31.040000915527344,31.170000076293945,31.030000686645508,31.110000610351562,62085,0.0,0.0,0.0
2024-04-22 14:30:00-04:00,31.1200008392334,31.1200008392334,31.03660011291504,31.03660011291504,20852,0.0,0.0,0.0
2024-04-22 15:30:00-04:00,31.040000915527344,31.100000381469727,30.993499755859375,31.030000686645508,32311,0.0,0.0,0.0
2024-04-23 09:30:00-04:00,31.149999618530273,31.289899826049805,31.109899520874023,31.25,19529,0.0,0.0,0.0
2024-04-23 10:30:00-04:00,31.280000686645508,31.38960075378418,31.25659942626953,31.302499771118164,28048,0.0,0.0,0.0
2024-04-23 11:30:00-04:00,31.290000915527344,31.399900436401367,31.253700256347656,31.31999969482422,8923,0.0,0.0,0.0
2024-04-23 12:30:00-04:00,31.34000015258789,31.423599243164062,31.32990074157715,31.350000381469727,17242,0.0,0.0,0.0
2024-04-23 13:30:00-04:00,31.360000610351562,31.429899215698242,31.350000381469727,31.3799991607666,44008,0.0,0.0,0.0
2024-04-23 14:30:00-04:00,31.371000289916992,31.40999984741211,31.34630012512207,31.356599807739258,19842,0.0,0.0,0.0
2024-04-23 15:30:00-04:00,31.36989974975586,31.445100784301758,31.34000015258789,31.34000015258789,9324,0.0,0.0,0.0
2024-04-24 09:30:00-04:00,31.399999618530273,31.399999618530273,31.276500701904297,31.280000686645508,25817,0.0,0.0,0.0
2024-04-24 10:30:00-04:00,31.25,31.25,31.18090057373047,31.190000534057617,10274,0.0,0.0,0.0
2024-04-24 11:30:00-04:00,31.209999084472656,31.218000411987305,31.170000076293945,31.184999465942383,15225,0.0,0.0,0.0
2024-04-24 12:30:00-04:00,31.184999465942383,31.270000457763672,31.15999984741211,31.270000457763672,16153,0.0,0.0,0.0
2024-04-24 13:30:00-04:00,31.25,31.283899307250977,31.229999542236328,31.229999542236328,8015,0.0,0.0,0.0
2024-04-24 14:30:00-04:00,31.235000610351562,31.295000076293945,31.21500015258789,31.280000686645508,19365,0.0,0.0,0.0
2024-04-24 15:30:00-04:00,31.280000686645508,31.290000915527344,31.267499923706055,31.270000457763672,11684,0.0,0.0,0.0
2024-04-25 09:30:00-04:00,31.079999923706055,31.079999923706055,30.84000015258789,31.010000228881836,66434,0.0,0.0,0.0
2024-04-25 10:30:00-04:00,31.014999389648438,31.068099975585938,30.979999542236328,31.0531005859375,22391,0.0,0.0,0.0
2024-04-25 11:30:00-04:00,31.06679916381836,31.109800338745117,31.021499633789062,31.09000015258789,41886,0.0,0.0,0.0
2024-04-25 12:30:00-04:00,31.09000015258789,31.14889907836914,31.08009910583496,31.09000015258789,4773,0.0,0.0,0.0
2024-04-25 13:30:00-04:00,31.121400833129883,31.200000762939453,31.1200008392334,31.127700805664062,8883,0.0,0.0,0.0
2024-04-25 14:30:00-04:00,31.155000686645508,31.219999313354492,31.114200592041016,31.204999923706055,30914,0.0,0.0,0.0
2024-04-25 15:30:00-04:00,31.209999084472656,31.209999084472656,31.139999389648438,31.139999389648438,13953,0.0,0.0,0.0
2024-04-26 09:30:00-04:00,31.31999969482422,31.3700008392334,31.270000457763672,31.3700008392334,0,0.0,0.0,0.0
2024-04-26 10:30:00-04:00,31.333200454711914,31.399099349975586,31.245500564575195,31.270000457763672,11131,0.0,0.0,0.0
2024-04-26 11:30:00-04:00,31.237699508666992,31.34000015258789,31.237699508666992,31.31999969482422,12295,0.0,0.0,0.0
2024-04-26 12:30:00-04:00,31.31999969482422,31.395999908447266,31.316299438476562,31.3700008392334,19780,0.0,0.0,0.0
2024-04-26 13:30:00-04:00,31.402999877929688,31.420000076293945,31.340099334716797,31.386199951171875,9564,0.0,0.0,0.0
2024-04-26 14:30:00-04:00,31.3799991607666,31.439899444580078,31.360000610351562,31.395000457763672,15639,0.0,0.0,0.0
2024-04-26 15:30:00-04:00,31.385000228881836,31.40920066833496,31.34000015258789,31.3700008392334,14997,0.0,0.0,0.0
2024-04-29 09:30:00-04:00,31.540000915527344,31.540000915527344,31.459999084472656,31.5049991607666,0,0.0,0.0,0.0
2024-04-29 10:30:00-04:00,31.540000915527344,31.559799194335938,31.4950008392334,31.545000076293945,15472,0.0,0.0,0.0
2024-04-29 11:30:00-04:00,31.5,31.559999465942383,31.48240089416504,31.540000915527344,8902,0.0,0.0,0.0
2024-04-29 12:30:00-04:00,31.56999969482422,31.56999969482422,31.530000686645508,31.568099975585938,7575,0.0,0.0,0.0
2024-04-29 13:30:00-04:00,31.559999465942383,31.591999053955078,31.530000686645508,31.549999237060547,6303,0.0,0.0,0.0
2024-04-29 14:30:00-04:00,31.520000457763672,31.530000686645508,31.490100860595703,31.520000457763672,34641,0.0,0.0,0.0
2024-04-29 15:30:00-04:00,31.524999618530273,31.559999465942383,31.5,31.520000457763672,6447,0.0,0.0,0.0
2024-04-30 09:30:00-04:00,31.489999771118164,31.540000915527344,31.389999389648438,31.45989990234375,72017,0.0,0.0,0.0
2024-04-30 10:30:00-04:00,31.433500289916992,31.440000534057617,31.281999588012695,31.290000915527344,13653,0.0,0.0,0.0
2024-04-30 11:30:00-04:00,31.270000457763672,31.290000915527344,31.25469970703125,31.260000228881836,14147,0.0,0.0,0.0
2024-04-30 12:30:00-04:00,31.258499145507812,31.286500930786133,31.213300704956055,31.23940086364746,10448,0.0,0.0,0.0
2024-04-30 13:30:00-04:00,31.239999771118164,31.280000686645508,31.23270034790039,31.249900817871094,10427,0.0,0.0,0.0
2024-04-30 14:30:00-04:00,31.239900588989258,31.25,31.189899444580078,31.189899444580078,18445,0.0,0.0,0.0
2024-04-30 15:30:00-04:00,31.200000762939453,31.219999313354492,31.139999389648438,31.139999389648438,20836,0.0,0.0,0.0
2024-05-01 09:30:00-04:00,31.270000457763672,31.270000457763672,31.06100082397461,31.075000762939453,32469,0.0,0.0,0.0
2024-05-01 10:30:00-04:00,31.104999542236328,31.1200008392334,31.062000274658203,31.06999969482422,14152,0.0,0.0,0.0
2024-05-01 11:30:00-04:00,31.097400665283203,31.110000610351562,31.030000686645508,31.06999969482422,10551,0.0,0.0,0.0
2024-05-01 12:30:00-04:00,31.09079933166504,31.09079933166504,31.024999618530273,31.054000854492188,2599,0.0,0.0,0.0
2024-05-01 13:30:00-04:00,31.108400344848633,31.228700637817383,31.089399337768555,31.209999084472656,10452,0.0,0.0,0.0
2024-05-01 14:30:00-04:00,31.190000534057617,31.5,31.149999618530273,31.389999389648438,21396,0.0,0.0,0.0
2024-05-01 15:30:00-04:00,31.33650016784668,31.33650016784668,31.11520004272461,31.149999618530273,11116,0.0,0.0,0.0
2024-05-02 09:30:00-04:00,31.450000762939453,31.450000762939453,31.259899139404297,31.360000610351562,0,0.0,0.0,0.0
2024-05-02 10:30:00-04:00,31.389999389648438,31.40999984741211,31.34670066833496,31.37820053100586,17206,0.0,0.0,0.0
2024-05-02 11:30:00-04:00,31.3799991607666,31.43000030517578,31.360000610351562,31.389999389648438,46660,0.0,0.0,0.0
2024-05-02 12:30:00-04:00,31.389999389648438,31.454999923706055,31.3700008392334,31.449600219726562,28976,0.0,0.0,0.0
2024-05-02 13:30:00-04:00,31.450000762939453,31.52989959716797,31.43000030517578,31.479999542236328,23720,0.0,0.0,0.0
2024-05-02 14:30:00-04:00,31.5,31.569900512695312,31.5,31.540000915527344,72274,0.0,0.0,0.0
2024-05-02 15:30:00-04:00,31.540000915527344,31.540000915527344,31.489999771118164,31.514999389648438,15693,0.0,0.0,0.0
2024-05-03 09:30:00-04:00,31.8700008392334,31.95989990234375,31.655000686645508,31.65999984741211,0,0.0,0.0,0.0
2024-05-03 10:30:00-04:00,31.700000762939453,31.745399475097656,31.68000030517578,31.745399475097656,10017,0.0,0.0,0.0
2024-05-03 11:30:00-04:00,31.770000457763672,31.7992000579834,31.740100860595703,31.786500930786133,8395,0.0,0.0,0.0
2024-05-03 12:30:00-04:00,31.790000915527344,31.819700241088867,31.780000686645508,31.780000686645508,6593,0.0,0.0,0.0
2024-05-03 13:30:00-04:00,31.780000686645508,31.799999237060547,31.763900756835938,31.799999237060547,7064,0.0,0.0,0.0
2024-05-03 14:30:00-04:00,31.799999237060547,31.827999114990234,31.760499954223633,31.825000762939453,12460,0.0,0.0,0.0
2024-05-03 15:30:00-04:00,31.799999237060547,31.828899383544922,31.790000915527344,31.815000534057617,6004,0.0,0.0,0.0
2024-05-06 09:30:00-04:00,32.0099983215332,32.02000045776367,31.91939926147461,32.02000045776367,15186,0.0,0.0,0.0
2024-05-06 10:30:00-04:00,32.0,32.05070114135742,31.969999313354492,31.969999313354492,8381,0.0,0.0,0.0
2024-05-06 11:30:00-04:00,31.969999313354492,32.019901275634766,31.956300735473633,31.956300735473633,9671,0.0,0.0,0.0
2024-05-06 12:30:00-04:00,31.975000381469727,32.02989959716797,31.975000381469727,32.02040100097656,7289,0.0,0.0,0.0
2024-05-06 13:30:00-04:00,32.0099983215332,32.079898834228516,32.0099983215332,32.040000915527344,8926,0.0,0.0,0.0
2024-05-06 14:30:00-04:00,32.058998107910156,32.07820129394531,32.016300201416016,32.02690124511719,19882,0.0,0.0,0.0
2024-05-06 15:30:00-04:00,32.029998779296875,32.06560134887695,32.029998779296875,32.06560134887695,5417,0.0,0.0,0.0
2024-05-07 09:30:00-04:00,32.20000076293945,32.22990036010742,32.138099670410156,32.165000915527344,0,0.0,0.0,0.0
2024-05-07 10:30:00-04:00,32.172298431396484,32.205101013183594,32.138301849365234,32.205101013183594,7070,0.0,0.0,0.0
2024-05-07 11:30:00-04:00,32.189998626708984,32.21760177612305,32.189998626708984,32.21500015258789,4016,0.0,0.0,0.0
2024-05-07 12:30:00-04:00,32.21229934692383,32.21229934692383,32.16529846191406,32.18000030517578,9113,0.0,0.0,0.0
2024-05-07 13:30:00-04:00,32.189998626708984,32.21989822387695,32.086299896240234,32.086299896240234,8062,0.0,0.0,0.0
2024-05-07 14:30:00-04:00,32.08000183105469,32.149898529052734,32.08000183105469,32.1078987121582,14412,0.0,0.0,0.0
2024-05-07 15:30:00-04:00,32.14889907836914,32.1703987121582,32.1349983215332,32.154998779296875,4857,0.0,0.0,0.0
2024-05-08 09:30:00-04:00,31.989999771118164,32.09600067138672,31.95159912109375,32.09600067138672,14823,0.0,0.0,0.0
2024-05-08 10:30:00-04:00,32.101600646972656,32.101600646972656,32.029998779296875,32.040000915527344,6507,0.0,0.0,0.0
2024-05-08 11:30:00-04:00,32.060001373291016,32.089900970458984,32.04119873046875,32.089900970458984,6287,0.0,0.0,0.0
2024-05-08 12:30:00-04:00,32.064998626708984,32.076698303222656,32.02000045776367,32.040000915527344,7325,0.0,0.0,0.0
2024-05-08 13:30:00-04:00,32.040000915527344,32.099998474121094,32.040000915527344,32.084999084472656,26758,0.0,0.0,0.0
2024-05-08 14:30:00-04:00,32.098899841308594,32.099998474121094,32.040000915527344,32.04010009765625,58925,0.0,0.0,0.0
2024-05-08 15:30:00-04:00,32.05179977416992,32.11000061035156,32.05179977416992,32.11000061035156,4660,0.0,0.0,0.0
2024-05-09 09:30:00-04:00,32.119998931884766,32.2400016784668,32.119998931884766,32.2400016784668,0,0.0,0.0,0.0
2024-05-09 10:30:00-04:00,32.239898681640625,32.268001556396484,32.21379852294922,32.21379852294922,38414,0.0,0.0,0.0
2024-05-09 11:30:00-04:00,32.21500015258789,32.23569869995117,32.20000076293945,32.224998474121094,10547,0.0,0.0,0.0
2024-05-09 12:30:00-04:00,32.220001220703125,32.279998779296875,32.220001220703125,32.255001068115234,25462,0.0,0.0,0.0
2024-05-09 13:30:00-04:00,32.290000915527344,32.29999923706055,32.240299224853516,32.2599983215332,22700,0.0,0.0,0.0
2024-05-09 14:30:00-04:00,32.30590057373047,32.31999969482422,32.275001525878906,32.29859924316406,28721,0.0,0.0,0.0
2024-05-09 15:30:00-04:00,32.3036994934082,32.33000183105469,32.28129959106445,32.31999969482422,10568,0.0,0.0,0.0
2024-05-10 09:30:00-04:00,32.5,32.5,32.400001525878906,32.40999984741211,56101,0.0,0.0,0.0
2024-05-10 10:30:00-04:00,32.4119987487793,32.44990158081055,32.34000015258789,32.39500045776367,8134,0.0,0.0,0.0
2024-05-10 11:30:00-04:00,32.41999816894531,32.41999816894531,32.35609817504883,32.38999938964844,6311,0.0,0.0,0.0
2024-05-10 12:30:00-04:00,32.39500045776367,32.42570114135742,32.374900817871094,32.41960144042969,6578,0.0,0.0,0.0
2024-05-10 13:30:00-04:00,32.400001525878906,32.4197998046875,32.38999938964844,32.4197998046875,18138,0.0,0.0,0.0
2024-05-10 14:30:00-04:00,32.400001525878906,32.43000030517578,32.369998931884766,32.4281005859375,25597,0.0,0.0,0.0
2024-05-10 15:30:00-04:00,32.40999984741211,32.44889831542969,32.37739944458008,32.400001525878906,10803,0.0,0.0,0.0
2024-05-13 09:30:00-04:00,32.529998779296875,32.53860092163086,32.470001220703125,32.529998779296875,0,0.0,0.0,0.0
2024-05-13 10:30:00-04:00,32.52000045776367,32.54990005493164,32.459999084472656,32.47999954223633,16081,0.0,0.0,0.0
2024-05-13 11:30:00-04:00,32.459999084472656,32.48830032348633,32.459999084472656,32.459999084472656,11113,0.0,0.0,0.0
2024-05-13 12:30:00-04:00,32.459999084472656,32.47999954223633,32.415000915527344,32.459999084472656,7056,0.0,0.0,0.0
2024-05-13 13:30:00-04:00,32.43000030517578,32.46989822387695,32.390098571777344,32.45119857788086,5685,0.0,0.0,0.0
2024-05-13 14:30:00-04:00,32.415199279785156,32.46989822387695,32.410099029541016,32.46989822387695,5701,0.0,0.0,0.0
2024-05-13 15:30:00-04:00,32.43769836425781,32.46989822387695,32.40999984741211,32.44649887084961,5244,0.0,0.0,0.0
2024-05-14 09:30:00-04:00,32.619998931884766,32.702999114990234,32.572200775146484,32.584999084472656,27306,0.0,0.0,0.0
2024-05-14 10:30:00-04:00,32.630001068115234,32.68000030517578,32.56999969482422,32.599998474121094,10404,0.0,0.0,0.0
2024-05-14 11:30:00-04:00,32.6150016784668,32.63990020751953,32.57170104980469,32.63990020751953,8306,0.0,0.0,0.0
2024-05-14 12:30:00-04:00,32.63990020751953,32.63990020751953,32.58530044555664,32.58530044555664,7266,0.0,0.0,0.0
2024-05-14 13:30:00-04:00,32.61000061035156,32.689701080322266,32.58000183105469,32.689701080322266,36318,0.0,0.0,0.0
2024-05-14 14:30:00-04:00,32.65999984741211,32.720001220703125,32.63880157470703,32.689998626708984,27101,0.0,0.0,0.0
2024-05-14 15:30:00-04:00,32.7046012878418,32.709999084472656,32.66999816894531,32.69499969482422,7422,0.0,0.0,0.0
2024-05-15 09:30:00-04:00,32.90999984741211,32.90999984741211,32.77000045776367,32.79970169067383,0,0.0,0.0,0.0
2024-05-15 10:30:00-04:00,32.798301696777344,32.9385986328125,32.798301696777344,32.92190170288086,25479,0.0,0.0,0.0
2024-05-15 11:30:00-04:00,32.970001220703125,32.970001220703125,32.868099212646484,32.87269973754883,8432,0.0,0.0,0.0
2024-05-15 12:30:00-04:00,32.904998779296875,33.00749969482422,32.904998779296875,32.98500061035156,11710,0.0,0.0,0.0
2024-05-15 13:30:00-04:00,32.9900016784668,33.0,32.94499969482422,32.959999084472656,28841,0.0,0.0,0.0
2024-05-15 14:30:00-04:00,32.970001220703125,32.99919891357422,32.939998626708984,32.9900016784668,15361,0.0,0.0,0.0
2024-05-15 15:30:00-04:00,32.999000549316406,33.040000915527344,32.95009994506836,33.029998779296875,13629,0.0,0.0,0.0
2024-05-16 09:30:00-04:00,32.9900016784668,33.018699645996094,32.939998626708984,32.97919845581055,0,0.0,0.0,0.0
2024-05-16 10:30:00-04:00,32.970001220703125,32.9900016784668,32.935001373291016,32.935001373291016,16481,0.0,0.0,0.0
2024-05-16 11:30:00-04:00,32.939998626708984,32.998199462890625,32.92340087890625,32.98640060424805,9896,0.0,0.0,0.0
2024-05-16 12:30:00-04:00,32.970001220703125,32.9900016784668,32.93000030517578,32.939998626708984,9767,0.0,0.0,0.0
2024-05-16 13:30:00-04:00,32.939998626708984,32.959999084472656,32.900001525878906,32.90999984741211,14237,0.0,0.0,0.0
2024-05-16 14:30:00-04:00,32.915000915527344,32.939998626708984,32.880001068115234,32.928001403808594,19209,0.0,0.0,0.0
2024-05-16 15:30:00-04:00,32.92390060424805,32.92390060424805,32.880001068115234,32.900001525878906,9028,0.0,0.0,0.0
2024-05-17 09:30:00-04:00,32.959999084472656,32.959999084472656,32.875,32.933998107910156,0,0.0,0.0,0.0
2024-05-17 10:30:00-04:00,32.93000030517578,33.02000045776367,32.93000030517578,33.02000045776367,22653,0.0,0.0,0.0
2024-05-17 11:30:00-04:00,32.97999954223633,32.9994010925293,32.954200744628906,32.99620056152344,5351,0.0,0.0,0.0
2024-05-17 12:30:00-04:00,32.98419952392578,33.025001525878906,32.98419952392578,33.025001525878906,11918,0.0,0.0,0.0
2024-05-17 13:30:00-04:00,33.02000045776367,33.029998779296875,32.95000076293945,32.95000076293945,10444,0.0,0.0,0.0
2024-05-17 14:30:00-04:00,32.981201171875,33.040000915527344,32.980098724365234,33.0099983215332,12557,0.0,0.0,0.0
2024-05-17 15:30:00-04:00,33.027801513671875,33.059898376464844,32.9900016784668,33.029998779296875,9212,0.0,0.0,0.0
2024-05-20 09:30:00-04:00,32.970001220703125,33.079200744628906,32.970001220703125,33.07400131225586,33195,0.0,0.0,0.0
2024-05-20 10:30:00-04:00,33.04999923706055,33.089900970458984,33.025001525878906,33.04999923706055,9723,0.0,0.0,0.0
2024-05-20 11:30:00-04:00,33.08300018310547,33.08300018310547,33.0255012512207,33.060001373291016,9001,0.0,0.0,0.0
2024-05-20 12:30:00-04:00,33.048099517822266,33.079898834228516,33.043701171875,33.05939865112305,5435,0.0,0.0,0.0
2024-05-20 13:30:00-04:00,33.04800033569336,33.054500579833984,32.97999954223633,33.029998779296875,14717,0.0,0.0,0.0
2024-05-20 14:30:00-04:00,33.01940155029297,33.040000915527344,33.0,33.007999420166016,10696,0.0,0.0,0.0
2024-05-20 15:30:00-04:00,33.0099983215332,33.0099983215332,32.983699798583984,33.0,31239,0.0,0.0,0.0
2024-05-21 09:30:00-04:00,32.91999816894531,32.96989822387695,32.79999923706055,32.95000076293945,0,0.0,0.0,0.0
2024-05-21 10:30:00-04:00,32.959999084472656,32.97990036010742,32.900001525878906,32.95000076293945,9350,0.0,0.0,0.0
2024-05-21 11:30:00-04:00,32.92499923706055,32.95000076293945,32.90999984741211,32.939998626708984,20258,0.0,0.0,0.0
2024-05-21 12:30:00-04:00,32.915000915527344,32.93989944458008,32.881500244140625,32.90999984741211,14483,0.0,0.0,0.0
2024-05-21 13:30:00-04:00,32.90999984741211,32.95989990234375,32.88010025024414,32.92499923706055,3699,0.0,0.0,0.0
2024-05-21 14:30:00-04:00,32.92499923706055,32.95819854736328,32.89929962158203,32.93000030517578,9478,0.0,0.0,0.0
2024-05-21 15:30:00-04:00,32.959999084472656,32.959999084472656,32.924800872802734,32.93830108642578,0,0.0,0.0,0.0
2024-05-22 09:30:00-04:00,32.7400016784668,32.75870132446289,32.650001525878906,32.650001525878906,30404,0.0,0.0,0.0
2024-05-22 10:30:00-04:00,32.654998779296875,32.72990036010742,32.644500732421875,32.72990036010742,10516,0.0,0.0,0.0
2024-05-22 11:30:00-04:00,32.685001373291016,32.72990036010742,32.650001525878906,32.69449996948242,15839,0.0,0.0,0.0
2024-05-22 12:30:00-04:00,32.72990036010742,32.739898681640625,32.66740036010742,32.739601135253906,2269,0.0,0.0,0.0
2024-05-22 13:30:00-04:00,32.65999984741211,32.68989944458008,32.51240158081055,32.51240158081055,20802,0.0,0.0,0.0
2024-05-22 14:30:00-04:00,32.529998779296875,32.579898834228516,32.529998779296875,32.579898834228516,7578,0.0,0.0,0.0
2024-05-22 15:30:00-04:00,32.560001373291016,32.607601165771484,32.537498474121094,32.58000183105469,0,0.0,0.0,0.0
2024-05-23 09:30:00-04:00,32.88999938964844,32.88999938964844,32.576499938964844,32.68960189819336,35802,0.0,0.0,0.0
2024-05-23 10:30:00-04:00,32.630001068115234,32.65399932861328,32.54199981689453,32.595001220703125,15428,0.0,0.0,0.0
2024-05-23 11:30:00-04:00,32.630001068115234,32.65999984741211,32.592498779296875,32.61000061035156,5949,0.0,0.0,0.0
2024-05-23 12:30:00-04:00,32.650001525878906,32.650001525878906,32.535400390625,32.54999923706055,10795,0.0,0.0,0.0
2024-05-23 13:30:00-04:00,32.529998779296875,32.529998779296875,32.380001068115234,32.38610076904297,8145,0.0,0.0,0.0
2024-05-23 14:30:00-04:00,32.388999938964844,32.409698486328125,32.310001373291016,32.40840148925781,8499,0.0,0.0,0.0
2024-05-23 15:30:00-04:00,32.40999984741211,32.41999816894531,32.347198486328125,32.41999816894531,8914,0.0,0.0,0.0
2024-05-24 09:30:00-04:00,32.65999984741211,32.65999984741211,32.525001525878906,32.60499954223633,12415,0.0,0.0,0.0
2024-05-24 10:30:00-04:00,32.61800003051758,32.68000030517578,32.60499954223633,32.67499923706055,15272,0.0,0.0,0.0
2024-05-24 11:30:00-04:00,32.654998779296875,32.689998626708984,32.59400177001953,32.685001373291016,7078,0.0,0.0,0.0
2024-05-24 12:30:00-04:00,32.64540100097656,32.68989944458008,32.640098571777344,32.64229965209961,14344,0.0,0.0,0.0
2024-05-24 13:30:00-04:00,32.665000915527344,32.71200180053711,32.63999938964844,32.66999816894531,11600,0.0,0.0,0.0
2024-05-24 14:30:00-04:00,32.662498474121094,32.68989944458008,32.625,32.65999984741211,15284,0.0,0.0,0.0
2024-05-24 15:30:00-04:00,32.65999984741211,32.65999984741211,32.639198303222656,32.65999984741211,3407,0.0,0.0,0.0
2024-05-28 09:30:00-04:00,32.810001373291016,32.810001373291016,32.619998931884766,32.649898529052734,0,0.0,0.0,0.0
2024-05-28 10:30:00-04:00,32.63999938964844,32.70399856567383,32.61000061035156,32.685001373291016,7318,0.0,0.0,0.0
2024-05-28 11:30:00-04:00,32.70000076293945,32.7598991394043,32.674400329589844,32.720001220703125,12242,0.0,0.0,0.0
2024-05-28 12:30:00-04:00,32.71500015258789,32.724998474121094,32.685001373291016,32.717201232910156,6110,0.0,0.0,0.0
2024-05-28 13:30:00-04:00,32.689998626708984,32.70000076293945,32.619998931884766,32.619998931884766,8636,0.0,0.0,0.0
2024-05-28 14:30:00-04:00,32.6171989440918,32.650001525878906,32.533599853515625,32.63600158691406,16604,0.0,0.0,0.0
2024-05-28 15:30:00-04:00,32.630001068115234,32.65999984741211,32.58440017700195,32.65999984741211,2091,0.0,0.0,0.0
2024-05-29 09:30:00-04:00,32.27000045776367,32.290000915527344,32.20000076293945,32.206199645996094,0,0.0,0.0,0.0
2024-05-29 10:30:00-04:00,32.2510986328125,32.2510986328125,32.150001525878906,32.18000030517578,6057,0.0,0.0,0.0
2024-05-29 11:30:00-04:00,32.15999984741211,32.22990036010742,32.13330078125,32.22439956665039,22064,0.0,0.0,0.0
2024-05-29 12:30:00-04:00,32.20000076293945,32.239898681640625,32.166099548339844,32.20000076293945,17687,0.0,0.0,0.0
2024-05-29 13:30:00-04:00,32.18000030517578,32.22959899902344,32.16999816894531,32.19499969482422,6266,0.0,0.0,0.0
2024-05-29 14:30:00-04:00,32.185001373291016,32.21989822387695,32.15999984741211,32.19499969482422,14431,0.0,0.0,0.0
2024-05-29 15:30:00-04:00,32.200599670410156,32.20800018310547,32.150001525878906,32.16999816894531,5671,0.0,0.0,0.0
2024-05-30 09:30:00-04:00,32.380001068115234,32.400001525878906,32.320098876953125,32.400001525878906,12920,0.0,0.0,0.0
2024-05-30 10:30:00-04:00,32.369998931884766,32.419898986816406,32.34429931640625,32.40879821777344,11706,0.0,0.0,0.0
2024-05-30 11:30:00-04:00,32.43000030517578,32.45899963378906,32.392799377441406,32.43000030517578,33639,0.0,0.0,0.0
2024-05-30 12:30:00-04:00,32.45000076293945,32.4900016784668,32.45000076293945,32.470001220703125,38357,0.0,0.0,0.0
2024-05-30 13:30:00-04:00,32.47079849243164,32.48899841308594,32.41999816894531,32.45000076293945,18823,0.0,0.0,0.0
2024-05-30 14:30:00-04:00,32.45199966430664,32.45199966430664,32.404998779296875,32.43000030517578,9523,0.0,0.0,0.0
2024-05-30 15:30:00-04:00,32.41999816894531,32.439998626708984,32.36000061035156,32.439998626708984,6829,0.0,0.0,0.0
2024-05-31 09:30:00-04:00,32.650001525878906,32.68579864501953,32.56449890136719,32.595001220703125,0,0.0,0.0,0.0
2024-05-31 10:30:00-04:00,32.58000183105469,32.58000183105469,32.492801666259766,32.5349006652832,24519,0.0,0.0,0.0
2024-05-31 11:30:00-04:00,32.52000045776367,32.55149841308594,32.479400634765625,32.47999954223633,11312,0.0,0.0,0.0
2024-05-31 12:30:00-04:00,32.48500061035156,32.58000183105469,32.464298248291016,32.55870056152344,7261,0.0,0.0,0.0
2024-05-31 13:30:00-04:00,32.55500030517578,32.58940124511719,32.52009963989258,32.52009963989258,16202,0.0,0.0,0.0
2024-05-31 14:30:00-04:00,32.56999969482422,32.599998474121094,32.54499816894531,32.57500076293945,4795,0.0,0.0,0.0
2024-05-31 15:30:00-04:00,32.57500076293945,32.70000076293945,32.565101623535156,32.70000076293945,4177,0.0,0.0,0.0
2024-06-03 09:30:00-04:00,32.939998626708984,32.939998626708984,32.79999923706055,32.83000183105469,0,0.0,0.0,0.0
2024-06-03 10:30:00-04:00,32.82500076293945,32.86000061035156,32.77000045776367,32.77000045776367,18146,0.0,0.0,0.0
2024-06-03 11:30:00-04:00,32.84000015258789,32.84000015258789,32.7510986328125,32.7510986328125,21668,0.0,0.0,0.0
2024-06-03 12:30:00-04:00,32.76900100708008,32.77000045776367,32.72809982299805,32.77000045776367,30010,0.0,0.0,0.0
2024-06-03 13:30:00-04:00,32.7599983215332,32.869998931884766,32.7599983215332,32.84960174560547,27781,0.0,0.0,0.0
2024-06-03 14:30:00-04:00,32.83000183105469,32.880001068115234,32.79999923706055,32.83000183105469,52840,0.0,0.0,0.0
2024-06-03 15:30:00-04:00,32.814998626708984,32.8494987487793,32.790000915527344,32.79999923706055,20835,0.0,0.0,0.0
2024-06-04 09:30:00-04:00,32.79999923706055,32.83100128173828,32.744998931884766,32.75,15169,0.0,0.0,0.0
2024-06-04 10:30:00-04:00,32.7400016784668,32.769500732421875,32.66999816894531,32.72999954223633,18384,0.0,0.0,0.0
2024-06-04 11:30:00-04:00,32.70500183105469,32.72999954223633,32.68000030517578,32.689998626708984,38458,0.0,0.0,0.0
2024-06-04 12:30:00-04:00,32.73419952392578,32.79100036621094,32.709999084472656,32.744998931884766,19027,0.0,0.0,0.0
2024-06-04 13:30:00-04:00,32.779998779296875,32.899898529052734,32.7400016784668,32.810001373291016,20150,0.0,0.0,0.0
2024-06-04 14:30:00-04:00,32.82789993286133,32.84000015258789,32.72999954223633,32.75450134277344,24471,0.0,0.0,0.0
2024-06-04 15:30:00-04:00,32.790000915527344,32.839900970458984,32.77000045776367,32.779998779296875,18410,0.0,0.0,0.0
2024-06-05 09:30:00-04:00,32.97999954223633,32.988800048828125,32.77000045776367,32.834999084472656,0,0.0,0.0,0.0
2024-06-05 10:30:00-04:00,32.81999969482422,32.91510009765625,32.810001373291016,32.879600524902344,16937,0.0,0.0,0.0
2024-06-05 11:30:00-04:00,32.880001068115234,32.929901123046875,32.84000015258789,32.849998474121094,24040,0.0,0.0,0.0
2024-06-05 12:30:00-04:00,32.86750030517578,32.93000030517578,32.84000015258789,32.869998931884766,56818,0.0,0.0,0.0
2024-06-05 13:30:00-04:00,32.89039993286133,32.95000076293945,32.86000061035156,32.91999816894531,36501,0.0,0.0,0.0
2024-06-05 14:30:00-04:00,32.900001525878906,33.040000915527344,32.900001525878906,32.969600677490234,40654,0.0,0.0,0.0
2024-06-05 15:30:00-04:00,32.95500183105469,33.0099983215332,32.93000030517578,32.97999954223633,32745,0.0,0.0,0.0
2024-06-06 09:30:00-04:00,33.08000183105469,33.08000183105469,32.91999816894531,32.97999954223633,141663,0.0,0.0,0.0
2024-06-06 10:30:00-04:00,32.970001220703125,33.08000183105469,32.959999084472656,33.060001373291016,44471,0.0,0.0,0.0
2024-06-06 11:30:00-04:00,33.060001373291016,33.060001373291016,33.003700256347656,33.029998779296875,21481,0.0,0.0,0.0
2024-06-06 12:30:00-04:00,33.088600158691406,33.088600158691406,33.000099182128906,33.06999969482422,27917,0.0,0.0,0.0
2024-06-06 13:30:00-04:00,33.06999969482422,33.08000183105469,33.01499938964844,33.04999923706055,31310,0.0,0.0,0.0
2024-06-06 14:30:00-04:00,33.04970169067383,33.149898529052734,33.04499816894531,33.11000061035156,107339,0.0,0.0,0.0
2024-06-06 15:30:00-04:00,33.1150016784668,33.150001525878906,33.08509826660156,33.099998474121094,0,0.0,0.0,0.0
2024-06-07 09:30:00-04:00,32.9900016784668,32.9900016784668,32.755001068115234,32.849998474121094,26296,0.0,0.0,0.0
2024-06-07 10:30:00-04:00,32.877899169921875,32.93989944458008,32.790000915527344,32.790000915527344,21903,0.0,0.0,0.0
2024-06-07 11:30:00-04:00,32.810001373291016,32.86869812011719,32.75,32.83000183105469,13666,0.0,0.0,0.0
2024-06-07 12:30:00-04:00,32.849998474121094,32.859798431396484,32.77579879760742,32.790000915527344,30356,0.0,0.0,0.0
2024-06-07 13:30:00-04:00,32.81999969482422,32.878501892089844,32.70000076293945,32.809898376464844,21687,0.0,0.0,0.0
2024-06-07 14:30:00-04:00,32.81999969482422,32.839900970458984,32.70000076293945,32.709999084472656,15443,0.0,0.0,0.0
2024-06-07 15:30:00-04:00,32.755001068115234,32.78990173339844,32.66999816894531,32.66999816894531,30983,0.0,0.0,0.0
2024-06-10 09:30:00-04:00,32.52000045776367,32.5890007019043,32.459999084472656,32.54249954223633,0,0.0,0.0,0.0
2024-06-10 10:30:00-04:00,32.52000045776367,32.65999984741211,32.4901008605957,32.63240051269531,10545,0.0,0.0,0.0
2024-06-10 11:30:00-04:00,32.625,32.7598991394043,32.61000061035156,32.73899841308594,19116,0.0,0.0,0.0
2024-06-10 12:30:00-04:00,32.74850082397461,32.74850082397461,32.630001068115234,32.630001068115234,12376,0.0,0.0,0.0
2024-06-10 13:30:00-04:00,32.65999984741211,32.78990173339844,32.65999984741211,32.660099029541016,25546,0.0,0.0,0.0
2024-06-10 14:30:00-04:00,32.689998626708984,32.788700103759766,32.68000030517578,32.720001220703125,35917,0.0,0.0,0.0
2024-06-10 15:30:00-04:00,32.720001220703125,32.73500061035156,32.660099029541016,32.68000030517578,20022,0.0,0.0,0.0
2024-06-11 09:30:00-04:00,32.400001525878906,32.400001525878906,32.099998474121094,32.189998626708984,22616,0.0,0.0,0.0
2024-06-11 10:30:00-04:00,32.268001556396484,32.29909896850586,32.18709945678711,32.18709945678711,17579,0.0,0.0,0.0
2024-06-11 11:30:00-04:00,32.220001220703125,32.24959945678711,32.15520095825195,32.185001373291016,14601,0.0,0.0,0.0
2024-06-11 12:30:00-04:00,32.13999938964844,32.25,32.13999938964844,32.24399948120117,27310,0.0,0.0,0.0
2024-06-11 13:30:00-04:00,32.2494010925293,32.349998474121094,32.220001220703125,32.349998474121094,16847,0.0,0.0,0.0
2024-06-11 14:30:00-04:00,32.314998626708984,32.34980010986328,32.290000915527344,32.290000915527344,23375,0.0,0.0,0.0
2024-06-11 15:30:00-04:00,32.260101318359375,32.349998474121094,32.23720169067383,32.25,15106,0.0,0.0,0.0
2024-06-12 09:30:00-04:00,32.849998474121094,32.90999984741211,32.77000045776367,32.879798889160156,0,0.0,0.0,0.0
2024-06-12 10:30:00-04:00,32.880001068115234,32.88869857788086,32.780399322509766,32.780399322509766,20053,0.0,0.0,0.0
2024-06-12 11:30:00-04:00,32.84000015258789,32.84980010986328,32.790000915527344,32.81999969482422,8564,0.0,0.0,0.0
2024-06-12 12:30:00-04:00,32.81999969482422,32.849998474121094,32.80009841918945,32.80009841918945,8907,0.0,0.0,0.0
2024-06-12 13:30:00-04:00,32.79999923706055,32.970001220703125,32.68280029296875,32.779998779296875,12312,0.0,0.0,0.0
2024-06-12 14:30:00-04:00,32.779998779296875,32.779998779296875,32.619998931884766,32.619998931884766,29570,0.0,0.0,0.0
2024-06-12 15:30:00-04:00,32.650001525878906,32.68000030517578,32.61000061035156,32.630001068115234,9441,0.0,0.0,0.0
2024-06-13 09:30:00-04:00,32.45000076293945,32.45000076293945,32.16999816894531,32.16999816894531,20385,0.0,0.0,0.0
2024-06-13 10:30:00-04:00,32.150001525878906,32.22990036010742,32.11600112915039,32.189998626708984,4946,0.0,0.0,0.0
2024-06-13 11:30:00-04:00,32.18989944458008,32.18989944458008,32.11000061035156,32.14970016479492,8579,0.0,0.0,0.0
2024-06-13 12:30:00-04:00,32.1150016784668,32.208499908447266,32.099998474121094,32.1776008605957,6182,0.0,0.0,0.0
2024-06-13 13:30:00-04:00,32.18190002441406,32.18190002441406,32.13999938964844,32.16999816894531,8986,0.0,0.0,0.0
2024-06-13 14:30:00-04:00,32.13999938964844,32.27989959716797,32.13999938964844,32.21739959716797,11707,0.0,0.0,0.0
2024-06-13 15:30:00-04:00,32.269798278808594,32.269798278808594,32.20000076293945,32.20000076293945,7725,0.0,0.0,0.0
2024-06-14 09:30:00-04:00,31.850000381469727,31.889999389648438,31.739999771118164,31.766199111938477,0,0.0,0.0,0.0
2024-06-14 10:30:00-04:00,31.7450008392334,31.860000610351562,31.71780014038086,31.808900833129883,9634,0.0,0.0,0.0
2024-06-14 11:30:00-04:00,31.875,31.90999984741211,31.798500061035156,31.829999923706055,13818,0.0,0.0,0.0
2024-06-14 12:30:00-04:00,31.889999389648438,31.905000686645508,31.848600387573242,31.895000457763672,3097,0.0,0.0,0.0
2024-06-14 13:30:00-04:00,31.895000457763672,31.895000457763672,31.800100326538086,31.825000762939453,14326,0.0,0.0,0.0
2024-06-14 14:30:00-04:00,31.829999923706055,31.90999984741211,31.829999923706055,31.894500732421875,10474,0.0,0.0,0.0
2024-06-14 15:30:00-04:00,31.841100692749023,31.899999618530273,31.841100692749023,31.852699279785156,9009,0.0,0.0,0.0
2024-06-17 09:30:00-04:00,31.850000381469727,31.850000381469727,31.709999084472656,31.774999618530273,0,0.0,0.0,0.0
2024-06-17 10:30:00-04:00,31.774999618530273,31.88990020751953,31.770000457763672,31.88990020751953,15009,0.0,0.0,0.0
2024-06-17 11:30:00-04:00,31.8700008392334,31.91990089416504,31.807100296020508,31.899999618530273,13712,0.0,0.0,0.0
2024-06-17 12:30:00-04:00,31.90019989013672,31.989700317382812,31.889999389648438,31.940000534057617,9246,0.0,0.0,0.0
2024-06-17 13:30:00-04:00,31.988800048828125,32.03099822998047,31.924999237060547,31.9950008392334,7389,0.0,0.0,0.0
2024-06-17 14:30:00-04:00,31.959999084472656,32.04869842529297,31.959999084472656,32.029998779296875,29562,0.0,0.0,0.0
2024-06-17 15:30:00-04:00,32.0099983215332,32.048099517822266,31.969999313354492,31.979999542236328,17109,0.0,0.0,0.0
2024-06-18 09:30:00-04:00,32.04999923706055,32.14500045776367,32.03499984741211,32.12779998779297,25371,0.0,0.0,0.0
2024-06-18 10:30:00-04:00,32.14939880371094,32.150001525878906,32.04010009765625,32.095001220703125,14363,0.0,0.0,0.0
2024-06-18 11:30:00-04:00,32.119998931884766,32.149898529052734,32.092498779296875,32.13999938964844,10389,0.0,0.0,0.0
2024-06-18 12:30:00-04:00,32.148101806640625,32.15999984741211,32.11009979248047,32.150001525878906,8353,0.0,0.0,0.0
2024-06-18 13:30:00-04:00,32.119998931884766,32.16999816894531,32.09000015258789,32.09000015258789,20825,0.0,0.0,0.0
2024-06-18 14:30:00-04:00,32.130001068115234,32.150001525878906,32.06549835205078,32.119998931884766,13623,0.0,0.0,0.0
2024-06-18 15:30:00-04:00,32.099998474121094,32.16790008544922,32.097900390625,32.165000915527344,15203,0.0,0.0,0.0
2024-06-20 09:30:00-04:00,32.20000076293945,32.249900817871094,32.095001220703125,32.166900634765625,0,0.0,0.0,0.0
2024-06-20 10:30:00-04:00,32.180599212646484,32.28950119018555,32.16999816894531,32.22999954223633,18865,0.0,0.0,0.0
2024-06-20 11:30:00-04:00,32.22999954223633,32.27199935913086,32.150001525878906,32.150001525878906,18719,0.0,0.0,0.0
2024-06-20 12:30:00-04:00,32.119998931884766,32.2400016784668,32.11000061035156,32.130001068115234,7044,0.0,0.0,0.0
2024-06-20 13:30:00-04:00,32.130001068115234,32.2599983215332,32.09000015258789,32.2599983215332,35984,0.0,0.0,0.0
2024-06-20 14:30:00-04:00,32.244998931884766,32.268798828125,32.11980056762695,32.16999816894531,36087,0.0,0.0,0.0
2024-06-20 15:30:00-04:00,32.154998779296875,32.2599983215332,32.13999938964844,32.13999938964844,14628,0.0,0.0,0.0
2024-06-21 09:30:00-04:00,31.1299991607666,31.15999984741211,31.049999237060547,31.1299991607666,17715,0.0,0.0,0.0
2024-06-21 10:30:00-04:00,31.1299991607666,31.179899215698242,31.060100555419922,31.110000610351562,23894,0.0,0.0,0.0
2024-06-21 11:30:00-04:00,31.06999969482422,31.16950035095215,31.040000915527344,31.09000015258789,11288,0.0,0.0,0.0
2024-06-21 12:30:00-04:00,31.1205997467041,31.159900665283203,31.06999969482422,31.159900665283203,10830,0.0,0.0,0.0
2024-06-21 13:30:00-04:00,31.104999542236328,31.179100036621094,31.094900131225586,31.149999618530273,10774,0.0,0.0,0.0
2024-06-21 14:30:00-04:00,31.128999710083008,31.199899673461914,31.100000381469727,31.100000381469727,17768,0.0,0.0,0.0
2024-06-21 15:30:00-04:00,31.135000228881836,31.16939926147461,31.100000381469727,31.100000381469727,15594,0.0,0.0,0.0
2024-06-24 09:30:00-04:00,31.40999984741211,31.5,31.399999618530273,31.440000534057617,11218,0.0,0.0,0.0
2024-06-24 10:30:00-04:00,31.440000534057617,31.469999313354492,31.389999389648438,31.399999618530273,20910,0.0,0.0,0.0
2024-06-24 11:30:00-04:00,31.399999618530273,31.48819923400879,31.36709976196289,31.48819923400879,44818,0.0,0.0,0.0
2024-06-24 12:30:00-04:00,31.48940086364746,31.48940086364746,31.375699996948242,31.420000076293945,20884,0.0,0.0,0.0
2024-06-24 13:30:00-04:00,31.375699996948242,31.399999618530273,31.36009979248047,31.38450050354004,15464,0.0,0.0,0.0
2024-06-24 14:30:00-04:00,31.389999389648438,31.440000534057617,31.383699417114258,31.40999984741211,14329,0.0,0.0,0.0
2024-06-24 15:30:00-04:00,31.40999984741211,31.459999084472656,31.3799991607666,31.440000534057617,9799,0.0,0.0,0.0
2024-06-25 09:30:00-04:00,31.40999984741211,31.43939971923828,31.34000015258789,31.389999389648438,0,0.0,0.0,0.0
2024-06-25 10:30:00-04:00,31.389999389648438,31.450000762939453,31.36549949645996,31.405000686645508,7843,0.0,0.0,0.0
2024-06-25 11:30:00-04:00,31.43000030517578,31.44379997253418,31.376100540161133,31.402299880981445,6297,0.0,0.0,0.0
2024-06-25 12:30:00-04:00,31.350099563598633,31.473899841308594,31.350099563598633,31.473899841308594,9202,0.0,0.0,0.0
2024-06-25 13:30:00-04:00,31.46500015258789,31.489999771118164,31.440000534057617,31.489999771118164,9368,0.0,0.0,0.0
2024-06-25 14:30:00-04:00,31.459999084472656,31.539600372314453,31.450000762939453,31.5049991607666,63620,0.0,0.0,0.0
2024-06-25 15:30:00-04:00,31.485200881958008,31.519800186157227,31.444400787353516,31.459999084472656,52555,0.0,0.0,0.0
2024-06-26 09:30:00-04:00,31.219999313354492,31.260000228881836,31.1200008392334,31.230899810791016,0,0.0,0.0,0.0
2024-06-26 10:30:00-04:00,31.209999084472656,31.24839973449707,31.18000030517578,31.219999313354492,8308,0.0,0.0,0.0
2024-06-26 11:30:00-04:00,31.229400634765625,31.270000457763672,31.184999465942383,31.269500732421875,21325,0.0,0.0,0.0
2024-06-26 12:30:00-04:00,31.22450065612793,31.2731990814209,31.1919002532959,31.229900360107422,10487,0.0,0.0,0.0
2024-06-26 13:30:00-04:00,31.16010093688965,31.239999771118164,31.15999984741211,31.19499969482422,23369,0.0,0.0,0.0
2024-06-26 14:30:00-04:00,31.19499969482422,31.219999313354492,31.17140007019043,31.18939971923828,14807,0.0,0.0,0.0
2024-06-26 15:30:00-04:00,31.18899917602539,31.229999542236328,31.164499282836914,31.229999542236328,2475,0.0,0.0,0.0
2024-06-27 09:30:00-04:00,31.299999237060547,31.375,31.210100173950195,31.290000915527344,36419,0.0,0.0,0.0
2024-06-27 10:30:00-04:00,31.31999969482422,31.350000381469727,31.18269920349121,31.18269920349121,17811,0.0,0.0,0.0
2024-06-27 11:30:00-04:00,31.190000534057617,31.27989959716797,31.150100708007812,31.274999618530273,9975,0.0,0.0,0.0
2024-06-27 12:30:00-04:00,31.235000610351562,31.270000457763672,31.18000030517578,31.24329948425293,150224,0.0,0.0,0.0
2024-06-27 13:30:00-04:00,31.2549991607666,31.260000228881836,31.18000030517578,31.184999465942383,12161,0.0,0.0,0.0
2024-06-27 14:30:00-04:00,31.18000030517578,31.260000228881836,31.150100708007812,31.239999771118164,15941,0.0,0.0,0.0
2024-06-27 15:30:00-04:00,31.21500015258789,31.260000228881836,31.17009925842285,31.204999923706055,6365,0.0,0.0,0.0
2024-06-28 09:30:00-04:00,31.280000686645508,31.32990074157715,31.235000610351562,31.31999969482422,109752,0.0,0.0,0.0
2024-06-28 10:30:00-04:00,31.280000686645508,31.359899520874023,31.209999084472656,31.263200759887695,10700,0.0,0.0,0.0
2024-06-28 11:30:00-04:00,31.264999389648438,31.32990074157715,31.240100860595703,31.2544002532959,12839,0.0,0.0,0.0
2024-06-28 12:30:00-04:00,31.299999237060547,31.299999237060547,31.168399810791016,31.299299240112305,24381,0.0,0.0,0.0
2024-06-28 13:30:00-04:00,31.27989959716797,31.27989959716797,31.229999542236328,31.229999542236328,9016,0.0,0.0,0.0
2024-06-28 14:30:00-04:00,31.239999771118164,31.269899368286133,31.170000076293945,31.200000762939453,31106,0.0,0.0,0.0
2024-06-28 15:30:00-04:00,31.17329978942871,31.270000457763672,31.139999389648438,31.270000457763672,21405,0.0,0.0,0.0
2024-07-01 09:30:00-04:00,31.510000228881836,31.584999084472656,31.34000015258789,31.408000946044922,65267,0.0,0.0,0.0
2024-07-01 10:30:00-04:00,31.363100051879883,31.399999618530273,31.29450035095215,31.309999465942383,6892,0.0,0.0,0.0
2024-07-01 11:30:00-04:00,31.290000915527344,31.368999481201172,31.25,31.364200592041016,20337,0.0,0.0,0.0
2024-07-01 12:30:00-04:00,31.350000381469727,31.3794002532959,31.324199676513672,31.365400314331055,27279,0.0,0.0,0.0
2024-07-01 13:30:00-04:00,31.34239959716797,31.379499435424805,31.318899154663086,31.318899154663086,8925,0.0,0.0,0.0
2024-07-01 14:30:00-04:00,31.31999969482422,31.350000381469727,31.273799896240234,31.310699462890625,26208,0.0,0.0,0.0
2024-07-01 15:30:00-04:00,31.309999465942383,31.36949920654297,31.299999237060547,31.299999237060547,14859,0.0,0.0,0.0
2024-07-02 09:30:00-04:00,31.260000228881836,31.309999465942383,31.170000076293945,31.260000228881836,28120,0.0,0.0,0.0
2024-07-02 10:30:00-04:00,31.280000686645508,31.34869956970215,31.226999282836914,31.30500030517578,21118,0.0,0.0,0.0
2024-07-02 11:30:00-04:00,31.316099166870117,31.348899841308594,31.25,31.3080997467041,13961,0.0,0.0,0.0
2024-07-02 12:30:00-04:00,31.318099975585938,31.34000015258789,31.280000686645508,31.34000015258789,18882,0.0,0.0,0.0
2024-07-02 13:30:00-04:00,31.329999923706055,31.388999938964844,31.299999237060547,31.3799991607666,21257,0.0,0.0,0.0
2024-07-02 14:30:00-04:00,31.350000381469727,31.420000076293945,31.350000381469727,31.420000076293945,22431,0.0,0.0,0.0
2024-07-02 15:30:00-04:00,31.42840003967285,31.469100952148438,31.370100021362305,31.424999237060547,10993,0.0,0.0,0.0
2024-07-03 09:30:00-04:00,31.690000534057617,31.829999923706055,31.6200008392334,31.79990005493164,0,0.0,0.0,0.0
2024-07-03 10:30:00-04:00,31.774999618530273,31.84000015258789,31.719999313354492,31.7450008392334,15287,0.0,0.0,0.0
2024-07-03 11:30:00-04:00,31.739999771118164,31.819000244140625,31.725000381469727,31.764999389648438,7119,0.0,0.0,0.0
2024-07-05 09:30:00-04:00,32.02000045776367,32.029998779296875,31.770000457763672,31.790000915527344,26791,0.0,0.0,0.0
2024-07-05 10:30:00-04:00,31.790000915527344,31.950000762939453,31.790000915527344,31.899999618530273,40229,0.0,0.0,0.0
2024-07-05 11:30:00-04:00,31.899999618530273,31.969999313354492,31.84000015258789,31.885000228881836,7189,0.0,0.0,0.0
2024-07-05 12:30:00-04:00,31.905000686645508,31.948299407958984,31.851699829101562,31.917200088500977,9203,0.0,0.0,0.0
2024-07-05 13:30:00-04:00,31.905000686645508,31.989999771118164,31.850099563598633,31.988100051879883,23584,0.0,0.0,0.0
2024-07-05 14:30:00-04:00,31.87070083618164,32.029998779296875,31.87070083618164,31.979999542236328,13306,0.0,0.0,0.0
2024-07-05 15:30:00-04:00,31.975000381469727,32.02000045776367,31.965900421142578,32.002899169921875,6531,0.0,0.0,0.0
2024-07-08 09:30:00-04:00,31.979999542236328,32.04990005493164,31.87700080871582,31.940000534057617,26817,0.0,0.0,0.0
2024-07-08 10:30:00-04:00,31.959999084472656,31.978700637817383,31.850099563598633,31.87619972229004,17158,0.0,0.0,0.0
2024-07-08 11:30:00-04:00,31.899999618530273,31.918800354003906,31.844999313354492,31.850000381469727,16397,0.0,0.0,0.0
2024-07-08 12:30:00-04:00,31.8700008392334,31.8799991607666,31.84000015258789,31.860000610351562,5424,0.0,0.0,0.0
2024-07-08 13:30:00-04:00,31.860000610351562,31.899999618530273,31.843900680541992,31.86009979248047,8067,0.0,0.0,0.0
2024-07-08 14:30:00-04:00,31.878299713134766,31.899999618530273,31.799999237060547,31.809999465942383,20918,0.0,0.0,0.0
2024-07-08 15:30:00-04:00,31.850000381469727,31.8700008392334,31.760000228881836,31.760000228881836,52755,0.0,0.0,0.0
2024-07-09 09:30:00-04:00,31.799999237060547,31.808799743652344,31.690000534057617,31.700000762939453,0,0.0,0.0,0.0
2024-07-09 10:30:00-04:00,31.650100708007812,31.765300750732422,31.600099563598633,31.65999984741211,12352,0.0,0.0,0.0
2024-07-09 11:30:00-04:00,31.65999984741211,31.770000457763672,31.63010025024414,31.759700775146484,144994,0.0,0.0,0.0
2024-07-09 12:30:00-04:00,31.755699157714844,31.795499801635742,31.733999252319336,31.769899368286133,7727,0.0,0.0,0.0
2024-07-09 13:30:00-04:00,31.7450008392334,31.78809928894043,31.729999542236328,31.729999542236328,9508,0.0,0.0,0.0
2024-07-09 14:30:00-04:00,31.72879981994629,31.778400421142578,31.713899612426758,31.719999313354492,28481,0.0,0.0,0.0
2024-07-09 15:30:00-04:00,31.719999313354492,31.769399642944336,31.710100173950195,31.729999542236328,57273,0.0,0.0,0.0
2024-07-10 09:30:00-04:00,32.02000045776367,32.060001373291016,31.945999145507812,32.025001525878906,15765,0.0,0.0,0.0
2024-07-10 10:30:00-04:00,32.078800201416016,32.13990020751953,32.04759979248047,32.06999969482422,8281,0.0,0.0,0.0
2024-07-10 11:30:00-04:00,32.099998474121094,32.13999938964844,32.099998474121094,32.130001068115234,3369,0.0,0.0,0.0
2024-07-10 12:30:00-04:00,32.15119934082031,32.174198150634766,32.08000183105469,32.149898529052734,20790,0.0,0.0,0.0
2024-07-10 13:30:00-04:00,32.125,32.150001525878906,32.099998474121094,32.119998931884766,24938,0.0,0.0,0.0
2024-07-10 14:30:00-04:00,32.10499954223633,32.18989944458008,32.10499954223633,32.16830062866211,10239,0.0,0.0,0.0
2024-07-10 15:30:00-04:00,32.13759994506836,32.21870040893555,32.13010025024414,32.185001373291016,15991,0.0,0.0,0.0
2024-07-11 09:30:00-04:00,32.439998626708984,32.489898681640625,32.36309814453125,32.38959884643555,0,0.0,0.0,0.0
2024-07-11 10:30:00-04:00,32.35660171508789,32.45989990234375,32.35660171508789,32.38999938964844,7945,0.0,0.0,0.0
2024-07-11 11:30:00-04:00,32.380001068115234,32.380001068115234,32.28300094604492,32.32500076293945,17003,0.0,0.0,0.0
2024-07-11 12:30:00-04:00,32.3047981262207,32.369998931884766,32.279998779296875,32.293399810791016,10421,0.0,0.0,0.0
2024-07-11 13:30:00-04:00,32.279998779296875,32.33000183105469,32.209999084472656,32.2599983215332,24583,0.0,0.0,0.0
2024-07-11 14:30:00-04:00,32.32440185546875,32.33000183105469,32.2599983215332,32.29999923706055,17573,0.0,0.0,0.0
2024-07-11 15:30:00-04:00,32.29499816894531,32.34000015258789,32.27000045776367,32.279998779296875,16135,0.0,0.0,0.0
2024-07-12 09:30:00-04:00,32.4900016784668,32.69850158691406,32.4900016784668,32.64500045776367,20844,0.0,0.0,0.0
2024-07-12 10:30:00-04:00,32.68000030517578,32.7598991394043,32.64500045776367,32.67580032348633,9667,0.0,0.0,0.0
2024-07-12 11:30:00-04:00,32.70000076293945,32.75,32.64799880981445,32.66749954223633,12732,0.0,0.0,0.0
2024-07-12 12:30:00-04:00,32.65700149536133,32.748600006103516,32.61669921875,32.6879997253418,14303,0.0,0.0,0.0
2024-07-12 13:30:00-04:00,32.724998474121094,32.779998779296875,32.68000030517578,32.685001373291016,8632,0.0,0.0,0.0
2024-07-12 14:30:00-04:00,32.68000030517578,32.7598991394043,32.679901123046875,32.720001220703125,13181,0.0,0.0,0.0
2024-07-12 15:30:00-04:00,32.66999816894531,32.72200012207031,32.540000915527344,32.560001373291016,8204,0.0,0.0,0.0
2024-07-15 09:30:00-04:00,32.54999923706055,32.54999923706055,32.41999816894531,32.4640007019043,0,0.0,0.0,0.0
2024-07-15 10:30:00-04:00,32.495201110839844,32.56999969482422,32.45000076293945,32.487998962402344,17200,0.0,0.0,0.0
2024-07-15 11:30:00-04:00,32.459999084472656,32.5099983215332,32.40999984741211,32.43659973144531,11891,0.0,0.0,0.0
2024-07-15 12:30:00-04:00,32.42499923706055,32.47909927368164,32.290000915527344,32.36000061035156,24541,0.0,0.0,0.0
2024-07-15 13:30:00-04:00,32.31010055541992,32.40359878540039,32.2599983215332,32.369998931884766,11770,0.0,0.0,0.0
2024-07-15 14:30:00-04:00,32.38999938964844,32.425201416015625,32.337799072265625,32.39500045776367,10494,0.0,0.0,0.0
2024-07-15 15:30:00-04:00,32.39500045776367,32.45869827270508,32.2599983215332,32.275001525878906,34883,0.0,0.0,0.0
2024-07-16 09:30:00-04:00,32.279998779296875,32.339698791503906,32.15010070800781,32.339698791503906,18957,0.0,0.0,0.0
2024-07-16 10:30:00-04:00,32.220001220703125,32.349998474121094,32.220001220703125,32.337100982666016,10524,0.0,0.0,0.0
2024-07-16 11:30:00-04:00,32.29999923706055,32.378299713134766,32.279998779296875,32.30179977416992,9309,0.0,0.0,0.0
2024-07-16 12:30:00-04:00,32.32749938964844,32.36000061035156,32.310001373291016,32.334999084472656,12994,0.0,0.0,0.0
2024-07-16 13:30:00-04:00,32.30839920043945,32.439998626708984,32.29280090332031,32.351600646972656,74263,0.0,0.0,0.0
2024-07-16 14:30:00-04:00,32.31010055541992,32.44990158081055,32.31010055541992,32.43000030517578,170845,0.0,0.0,0.0
2024-07-16 15:30:00-04:00,32.41999816894531,32.499900817871094,32.410099029541016,32.41999816894531,25183,0.0,0.0,0.0
2024-07-17 09:30:00-04:00,32.400001525878906,32.45989990234375,32.31999969482422,32.402801513671875,36212,0.0,0.0,0.0
2024-07-17 10:30:00-04:00,32.3849983215332,32.4109992980957,32.31999969482422,32.3650016784668,17228,0.0,0.0,0.0
2024-07-17 11:30:00-04:00,32.35499954223633,32.39870071411133,32.209999084472656,32.279998779296875,10663,0.0,0.0,0.0
2024-07-17 12:30:00-04:00,32.275001525878906,32.30500030517578,32.275001525878906,32.30500030517578,3445,0.0,0.0,0.0
2024-07-17 13:30:00-04:00,32.30350112915039,32.359901428222656,32.25,32.30500030517578,9598,0.0,0.0,0.0
2024-07-17 14:30:00-04:00,32.30500030517578,32.400001525878906,32.30500030517578,32.35499954223633,80782,0.0,0.0,0.0
2024-07-17 15:30:00-04:00,32.35499954223633,32.39979934692383,32.290000915527344,32.334999084472656,0,0.0,0.0,0.0
2024-07-18 09:30:00-04:00,32.369998931884766,32.40999984741211,32.30419921875,32.35049819946289,76627,0.0,0.0,0.0
2024-07-18 10:30:00-04:00,32.29999923706055,32.33000183105469,32.189998626708984,32.2151985168457,19999,0.0,0.0,0.0
2024-07-18 11:30:00-04:00,32.1349983215332,32.218101501464844,32.06999969482422,32.10499954223633,27703,0.0,0.0,0.0
2024-07-18 12:30:00-04:00,32.1067008972168,32.18000030517578,32.10499954223633,32.130001068115234,21528,0.0,0.0,0.0
2024-07-18 13:30:00-04:00,32.145999908447266,32.164398193359375,32.0,32.040000915527344,49623,0.0,0.0,0.0
2024-07-18 14:30:00-04:00,32.0,32.079898834228516,31.93000030517578,31.95800018310547,182917,0.0,0.0,0.0
2024-07-18 15:30:00-04:00,31.979999542236328,32.048301696777344,31.979999542236328,32.040000915527344,11459,0.0,0.0,0.0
2024-07-19 09:30:00-04:00,31.940000534057617,31.940000534057617,31.889999389648438,31.889999389648438,0,0.0,0.0,0.0
2024-07-19 10:30:00-04:00,31.835500717163086,31.8799991607666,31.800100326538086,31.800100326538086,5014,0.0,0.0,0.0
2024-07-19 11:30:00-04:00,31.795000076293945,31.8700008392334,31.760799407958984,31.868999481201172,3148,0.0,0.0,0.0
2024-07-19 12:30:00-04:00,31.860000610351562,31.883399963378906,31.761699676513672,31.813400268554688,7583,0.0,0.0,0.0
2024-07-19 13:30:00-04:00,31.85919952392578,31.862300872802734,31.81999969482422,31.829999923706055,5222,0.0,0.0,0.0
2024-07-19 14:30:00-04:00,31.836200714111328,31.93000030517578,31.790000915527344,31.844999313354492,210290,0.0,0.0,0.0
2024-07-19 15:30:00-04:00,31.90850067138672,31.90850067138672,31.809999465942383,31.809999465942383,13404,0.0,0.0,0.0
2024-07-22 09:30:00-04:00,32.189998626708984,32.189998626708984,31.969999313354492,32.05500030517578,0,0.0,0.0,0.0
2024-07-22 10:30:00-04:00,32.05500030517578,32.16120147705078,32.02080154418945,32.03010177612305,13135,0.0,0.0,0.0
2024-07-22 11:30:00-04:00,32.054298400878906,32.11989974975586,31.99970054626465,32.07120132446289,7016,0.0,0.0,0.0
2024-07-22 12:30:00-04:00,32.11989974975586,32.11989974975586,32.0525016784668,32.08000183105469,4082,0.0,0.0,0.0
2024-07-22 13:30:00-04:00,32.09000015258789,32.199100494384766,32.07080078125,32.199100494384766,23927,0.0,0.0,0.0
2024-07-22 14:30:00-04:00,32.0968017578125,32.18000030517578,32.07400131225586,32.104000091552734,48144,0.0,0.0,0.0
2024-07-22 15:30:00-04:00,32.16999816894531,32.16999816894531,32.108001708984375,32.130001068115234,10476,0.0,0.0,0.0
2024-07-23 09:30:00-04:00,32.02000045776367,32.03990173339844,31.89150047302246,31.975000381469727,0,0.0,0.0,0.0
2024-07-23 10:30:00-04:00,31.975000381469727,32.040000915527344,31.920000076293945,31.989999771118164,7290,0.0,0.0,0.0
2024-07-23 11:30:00-04:00,31.989999771118164,32.03990173339844,31.959999084472656,31.96500015258789,9067,0.0,0.0,0.0
2024-07-23 12:30:00-04:00,32.03889846801758,32.03990173339844,31.920000076293945,31.9950008392334,128838,0.0,0.0,0.0
2024-07-23 13:30:00-04:00,31.950000762939453,32.040000915527344,31.926599502563477,31.9950008392334,29838,0.0,0.0,0.0
2024-07-23 14:30:00-04:00,31.9950008392334,32.040000915527344,31.950000762939453,31.9950008392334,135505,0.0,0.0,0.0
2024-07-23 15:30:00-04:00,31.9950008392334,32.02199935913086,31.916500091552734,31.940000534057617,17422,0.0,0.0,0.0
2024-07-24 09:30:00-04:00,31.950000762939453,31.950000762939453,31.79680061340332,31.829999923706055,23184,0.0,0.0,0.0
2024-07-24 10:30:00-04:00,31.854999542236328,31.854999542236328,31.760000228881836,31.78499984741211,17805,0.0,0.0,0.0
2024-07-24 11:30:00-04:00,31.78499984741211,31.858800888061523,31.72920036315918,31.770000457763672,9888,0.0,0.0,0.0
2024-07-24 12:30:00-04:00,31.770000457763672,31.809999465942383,31.709999084472656,31.709999084472656,6588,0.0,0.0,0.0
2024-07-24 13:30:00-04:00,31.729999542236328,31.809900283813477,31.640100479125977,31.684999465942383,10655,0.0,0.0,0.0
2024-07-24 14:30:00-04:00,31.696199417114258,31.699899673461914,31.549999237060547,31.6299991607666,13400,0.0,0.0,0.0
2024-07-24 15:30:00-04:00,31.6200008392334,31.690000534057617,31.520000457763672,31.56999969482422,13783,0.0,0.0,0.0
2024-07-25 09:30:00-04:00,31.459999084472656,31.615999221801758,31.299999237060547,31.429899215698242,13860,0.0,0.0,0.0
2024-07-25 10:30:00-04:00,31.408300399780273,31.58839988708496,31.408100128173828,31.53499984741211,17782,0.0,0.0,0.0
2024-07-25 11:30:00-04:00,31.490100860595703,31.6200008392334,31.459999084472656,31.550100326538086,23063,0.0,0.0,0.0
2024-07-25 12:30:00-04:00,31.6200008392334,31.70989990234375,31.570100784301758,31.614999771118164,18052,0.0,0.0,0.0
2024-07-25 13:30:00-04:00,31.60610008239746,31.62929916381836,31.510000228881836,31.565000534057617,17763,0.0,0.0,0.0
2024-07-25 14:30:00-04:00,31.56999969482422,31.576000213623047,31.469999313354492,31.555999755859375,13757,0.0,0.0,0.0
2024-07-25 15:30:00-04:00,31.549999237060547,31.549999237060547,31.43000030517578,31.450000762939453,20943,0.0,0.0,0.0
2024-07-26 09:30:00-04:00,31.639999389648438,31.704999923706055,31.600099563598633,31.640100479125977,14522,0.0,0.0,0.0
2024-07-26 10:30:00-04:00,31.649999618530273,31.759899139404297,31.649999618530273,31.69499969482422,5914,0.0,0.0,0.0
2024-07-26 11:30:00-04:00,31.74850082397461,31.799999237060547,31.67009925842285,31.799999237060547,7846,0.0,0.0,0.0
2024-07-26 12:30:00-04:00,31.799999237060547,31.82990074157715,31.790000915527344,31.809999465942383,4212,0.0,0.0,0.0
2024-07-26 13:30:00-04:00,31.815000534057617,31.819900512695312,31.726900100708008,31.819900512695312,11528,0.0,0.0,0.0
2024-07-26 14:30:00-04:00,31.818500518798828,31.81999969482422,31.70680046081543,31.799999237060547,61559,0.0,0.0,0.0
2024-07-26 15:30:00-04:00,31.770000457763672,31.81999969482422,31.743999481201172,31.780000686645508,11833,0.0,0.0,0.0
2024-07-29 09:30:00-04:00,31.68000030517578,31.719999313354492,31.5762996673584,31.614999771118164,27369,0.0,0.0,0.0
2024-07-29 10:30:00-04:00,31.6200008392334,31.6299991607666,31.50779914855957,31.565000534057617,14439,0.0,0.0,0.0
2024-07-29 11:30:00-04:00,31.549999237060547,31.679899215698242,31.530000686645508,31.635000228881836,9453,0.0,0.0,0.0
2024-07-29 12:30:00-04:00,31.635000228881836,31.67889976501465,31.590099334716797,31.610000610351562,9715,0.0,0.0,0.0
2024-07-29 13:30:00-04:00,31.6200008392334,31.719999313354492,31.585500717163086,31.59079933166504,35858,0.0,0.0,0.0
2024-07-29 14:30:00-04:00,31.635000228881836,31.69930076599121,31.58799934387207,31.690000534057617,10442,0.0,0.0,0.0
2024-07-29 15:30:00-04:00,31.6560001373291,31.690000534057617,31.610000610351562,31.6299991607666,6117,0.0,0.0,0.0
2024-07-30 09:30:00-04:00,31.719999313354492,31.790000915527344,31.700000762939453,31.75,19769,0.0,0.0,0.0
2024-07-30 10:30:00-04:00,31.739999771118164,31.75,31.635900497436523,31.700000762939453,9270,0.0,0.0,0.0
2024-07-30 11:30:00-04:00,31.690000534057617,31.69879913330078,31.59630012512207,31.597200393676758,0,0.0,0.0,0.0
2024-07-30 12:30:00-04:00,31.699899673461914,31.699899673461914,31.560100555419922,31.660900115966797,43610,0.0,0.0,0.0
2024-07-30 13:30:00-04:00,31.68000030517578,31.690000534057617,31.6072998046875,31.690000534057617,5235,0.0,0.0,0.0
2024-07-30 14:30:00-04:00,31.670000076293945,31.698699951171875,31.6299991607666,31.690000534057617,14296,0.0,0.0,0.0
2024-07-30 15:30:00-04:00,31.65999984741211,31.760000228881836,31.628599166870117,31.719999313354492,31205,0.0,0.0,0.0
2024-07-31 09:30:00-04:00,32.130001068115234,32.209999084472656,32.04499816894531,32.070098876953125,0,0.0,0.0,0.0
2024-07-31 10:30:00-04:00,32.150001525878906,32.1599006652832,32.03620147705078,32.15850067138672,7704,0.0,0.0,0.0
2024-07-31 11:30:00-04:00,32.150001525878906,32.159000396728516,32.02000045776367,32.02349853515625,11401,0.0,0.0,0.0
2024-07-31 12:30:00-04:00,32.09000015258789,32.149898529052734,32.060001373291016,32.130001068115234,12961,0.0,0.0,0.0
2024-07-31 13:30:00-04:00,32.060001373291016,32.150001525878906,32.010101318359375,32.150001525878906,17502,0.0,0.0,0.0
2024-07-31 14:30:00-04:00,32.159400939941406,32.28950119018555,32.11000061035156,32.11000061035156,42088,0.0,0.0,0.0
2024-07-31 15:30:00-04:00,32.1349983215332,32.23929977416992,32.07820129394531,32.18000030517578,14005,0.0,0.0,0.0
2024-08-01 09:30:00-04:00,31.729999542236328,31.780000686645508,31.479999542236328,31.479999542236328,0,0.0,0.0,0.0
2024-08-01 10:30:00-04:00,31.520000457763672,31.520000457763672,31.326499938964844,31.326499938964844,12833,0.0,0.0,0.0
2024-08-01 11:30:00-04:00,31.388700485229492,31.439899444580078,31.290000915527344,31.329999923706055,217090,0.0,0.0,0.0
2024-08-01 12:30:00-04:00,31.34469985961914,31.34469985961914,31.18400001525879,31.209999084472656,98226,0.0,0.0,0.0
2024-08-01 13:30:00-04:00,31.204999923706055,31.235000610351562,31.149999618530273,31.208799362182617,20199,0.0,0.0,0.0
2024-08-01 14:30:00-04:00,31.150100708007812,31.247499465942383,31.090099334716797,31.247499465942383,25163,0.0,0.0,0.0
2024-08-01 15:30:00-04:00,31.25,31.309999465942383,31.22010040283203,31.270000457763672,8490,0.0,0.0,0.0
2024-08-02 09:30:00-04:00,30.950000762939453,30.950000762939453,30.666099548339844,30.729900360107422,25128,0.0,0.0,0.0
2024-08-02 10:30:00-04:00,30.709999084472656,30.746299743652344,30.579999923706055,30.6200008392334,20959,0.0,0.0,0.0
2024-08-02 11:30:00-04:00,30.6200008392334,30.760000228881836,30.6200008392334,30.760000228881836,7548,0.0,0.0,0.0
2024-08-02 12:30:00-04:00,30.757999420166016,30.770000457763672,30.620100021362305,30.754600524902344,46984,0.0,0.0,0.0
2024-08-02 13:30:00-04:00,30.709999084472656,30.756200790405273,30.655000686645508,30.756200790405273,17271,0.0,0.0,0.0
2024-08-02 14:30:00-04:00,30.77989959716797,30.799999237060547,30.719999313354492,30.78499984741211,33843,0.0,0.0,0.0
2024-08-02 15:30:00-04:00,30.792200088500977,30.829999923706055,30.739999771118164,30.829999923706055,7772,0.0,0.0,0.0
2024-08-05 09:30:00-04:00,29.790000915527344,30.635000228881836,29.530000686645508,29.940000534057617,74213,0.0,0.0,0.0
2024-08-05 10:30:00-04:00,29.975000381469727,30.269500732421875,29.969999313354492,30.081899642944336,14609,0.0,0.0,0.0
2024-08-05 11:30:00-04:00,30.126300811767578,30.329999923706055,30.126300811767578,30.287099838256836,17805,0.0,0.0,0.0
2024-08-05 12:30:00-04:00,30.379899978637695,30.379899978637695,30.1299991607666,30.239999771118164,18376,0.0,0.0,0.0
2024-08-05 13:30:00-04:00,30.19499969482422,30.280000686645508,30.19499969482422,30.229999542236328,9663,0.0,0.0,0.0
2024-08-05 14:30:00-04:00,30.270000457763672,30.32990074157715,30.086000442504883,30.086000442504883,24087,0.0,0.0,0.0
2024-08-05 15:30:00-04:00,30.092199325561523,30.172000885009766,30.092199325561523,30.110000610351562,0,0.0,0.0,0.0
2024-08-06 09:30:00-04:00,29.90999984741211,30.110000610351562,29.770000457763672,30.030000686645508,45733,0.0,0.0,0.0
2024-08-06 10:30:00-04:00,29.989999771118164,30.170000076293945,29.960100173950195,30.084999084472656,20916,0.0,0.0,0.0
2024-08-06 11:30:00-04:00,30.020000457763672,30.229999542236328,30.020000457763672,30.100000381469727,24199,0.0,0.0,0.0
2024-08-06 12:30:00-04:00,30.1200008392334,30.21500015258789,30.091699600219727,30.200000762939453,9050,0.0,0.0,0.0
2024-08-06 13:30:00-04:00,30.193700790405273,30.295000076293945,30.193700790405273,30.27669906616211,27500,0.0,0.0,0.0
2024-08-06 14:30:00-04:00,30.280000686645508,30.309999465942383,30.1299991607666,30.219999313354492,34783,0.0,0.0,0.0
2024-08-06 15:30:00-04:00,30.209999084472656,30.25,30.155000686645508,30.165000915527344,28183,0.0,0.0,0.0
2024-08-07 09:30:00-04:00,30.780000686645508,30.799699783325195,30.708999633789062,30.75,52087,0.0,0.0,0.0
2024-08-07 10:30:00-04:00,30.731300354003906,30.84000015258789,30.70009994506836,30.71809959411621,22990,0.0,0.0,0.0
2024-08-07 11:30:00-04:00,30.729999542236328,30.729999542236328,30.630599975585938,30.69499969482422,21573,0.0,0.0,0.0
2024-08-07 12:30:00-04:00,30.708599090576172,30.709999084472656,30.45009994506836,30.517200469970703,10326,0.0,0.0,0.0
2024-08-07 13:30:00-04:00,30.516700744628906,30.59000015258789,30.354999542236328,30.395700454711914,11970,0.0,0.0,0.0
2024-08-07 14:30:00-04:00,30.3700008392334,30.459999084472656,30.280099868774414,30.43000030517578,38053,0.0,0.0,0.0
2024-08-07 15:30:00-04:00,30.43000030517578,30.439899444580078,30.317100524902344,30.34000015258789,10241,0.0,0.0,0.0
2024-08-08 09:30:00-04:00,30.670000076293945,30.718799591064453,30.5137996673584,30.718799591064453,0,0.0,0.0,0.0
2024-08-08 10:30:00-04:00,30.739999771118164,31.039899826049805,30.68000030517578,30.700000762939453,30745,0.0,0.0,0.0
2024-08-08 11:30:00-04:00,30.7450008392334,30.84000015258789,30.7450008392334,30.795000076293945,15270,0.0,0.0,0.0
2024-08-08 12:30:00-04:00,30.795000076293945,30.81999969482422,30.739999771118164,30.809999465942383,7334,0.0,0.0,0.0
2024-08-08 13:30:00-04:00,30.79759979248047,30.889999389648438,30.79759979248047,30.846099853515625,17827,0.0,0.0,0.0
2024-08-08 14:30:00-04:00,30.854999542236328,30.8799991607666,30.834999084472656,30.850000381469727,24314,0.0,0.0,0.0
2024-08-08 15:30:00-04:00,30.850000381469727,30.864999771118164,30.81920051574707,30.860000610351562,10119,0.0,0.0,0.0
2024-08-09 09:30:00-04:00,30.780000686645508,30.81999969482422,30.712499618530273,30.81599998474121,0,0.0,0.0,0.0
2024-08-09 10:30:00-04:00,30.780000686645508,30.8700008392334,30.780000686645508,30.844999313354492,10106,0.0,0.0,0.0
2024-08-09 11:30:00-04:00,30.815000534057617,30.86989974975586,30.760000228881836,30.764999389648438,7613,0.0,0.0,0.0
2024-08-09 12:30:00-04:00,30.7721004486084,30.88990020751953,30.7721004486084,30.86039924621582,11037,0.0,0.0,0.0
2024-08-09 13:30:00-04:00,30.915000915527344,30.949899673461914,30.864999771118164,30.8700008392334,0,0.0,0.0,0.0
2024-08-09 14:30:00-04:00,30.861099243164062,30.920000076293945,30.858800888061523,30.879899978637695,78580,0.0,0.0,0.0
2024-08-09 15:30:00-04:00,30.90999984741211,30.950000762939453,30.90999984741211,30.950000762939453,22310,0.0,0.0,0.0
2024-08-12 09:30:00-04:00,31.0,31.010000228881836,30.860000610351562,30.93000030517578,25605,0.0,0.0,0.0
2024-08-12 10:30:00-04:00,30.915000915527344,31.0,30.90999984741211,30.90999984741211,6804,0.0,0.0,0.0
2024-08-12 11:30:00-04:00,30.920000076293945,30.999900817871094,30.897199630737305,30.971500396728516,4121,0.0,0.0,0.0
2024-08-12 12:30:00-04:00,30.950000762939453,30.969100952148438,30.890399932861328,30.92449951171875,30645,0.0,0.0,0.0
2024-08-12 13:30:00-04:00,30.982500076293945,30.982500076293945,30.900100708007812,30.969999313354492,12841,0.0,0.0,0.0
2024-08-12 14:30:00-04:00,30.958999633789062,30.958999633789062,30.904300689697266,30.929399490356445,0,0.0,0.0,0.0
2024-08-12 15:30:00-04:00,30.920000076293945,30.934999465942383,30.90999984741211,30.920000076293945,107785,0.0,0.0,0.0
2024-08-13 09:30:00-04:00,31.139999389648438,31.229999542236328,31.110000610351562,31.190000534057617,0,0.0,0.0,0.0
2024-08-13 10:30:00-04:00,31.18000030517578,31.290000915527344,31.15999984741211,31.274999618530273,34411,0.0,0.0,0.0
2024-08-13 11:30:00-04:00,31.309600830078125,31.309600830078125,31.256099700927734,31.28660011291504,5701,0.0,0.0,0.0
2024-08-13 12:30:00-04:00,31.31089973449707,31.409900665283203,31.31089973449707,31.398099899291992,4446,0.0,0.0,0.0
2024-08-13 13:30:00-04:00,31.357999801635742,31.389999389648438,31.329999923706055,31.385000228881836,26893,0.0,0.0,0.0
2024-08-13 14:30:00-04:00,31.41200065612793,31.47949981689453,31.378799438476562,31.43000030517578,23978,0.0,0.0,0.0
2024-08-13 15:30:00-04:00,31.47879981994629,31.489999771118164,31.409700393676758,31.489999771118164,7802,0.0,0.0,0.0
2024-08-14 09:30:00-04:00,31.510000228881836,31.530000686645508,31.458200454711914,31.484399795532227,0,0.0,0.0,0.0
2024-08-14 10:30:00-04:00,31.51420021057129,31.567699432373047,31.469999313354492,31.524999618530273,12564,0.0,0.0,0.0
2024-08-14 11:30:00-04:00,31.56130027770996,31.59950065612793,31.5,31.5,7534,0.0,0.0,0.0
2024-08-14 12:30:00-04:00,31.497800827026367,31.559999465942383,31.489999771118164,31.506999969482422,11685,0.0,0.0,0.0
2024-08-14 13:30:00-04:00,31.5049991607666,31.530000686645508,31.489999771118164,31.5049991607666,8177,0.0,0.0,0.0
2024-08-14 14:30:00-04:00,31.50589942932129,31.57830047607422,31.50589942932129,31.54400062561035,15390,0.0,0.0,0.0
2024-08-14 15:30:00-04:00,31.540000915527344,31.59000015258789,31.520999908447266,31.559999465942383,17343,0.0,0.0,0.0
2024-08-15 09:30:00-04:00,32.0,32.0,31.81999969482422,31.920000076293945,28975,0.0,0.0,0.0
2024-08-15 10:30:00-04:00,31.94809913635254,31.989299774169922,31.9060001373291,31.941999435424805,11438,0.0,0.0,0.0
2024-08-15 11:30:00-04:00,31.934999465942383,32.0,31.922100067138672,32.0,3586,0.0,0.0,0.0
2024-08-15 12:30:00-04:00,31.979999542236328,31.98710060119629,31.93000030517578,31.978300094604492,17411,0.0,0.0,0.0
2024-08-15 13:30:00-04:00,31.973100662231445,31.979999542236328,31.929000854492188,31.961999893188477,7246,0.0,0.0,0.0
2024-08-15 14:30:00-04:00,31.979900360107422,32.0,31.938100814819336,31.975500106811523,10172,0.0,0.0,0.0
2024-08-15 15:30:00-04:00,31.968599319458008,31.979999542236328,31.940000534057617,31.959999084472656,10339,0.0,0.0,0.0
2024-08-16 09:30:00-04:00,31.989999771118164,32.06990051269531,31.959999084472656,32.03499984741211,30777,0.0,0.0,0.0
2024-08-16 10:30:00-04:00,32.029998779296875,32.06999969482422,31.989999771118164,32.060001373291016,14480,0.0,0.0,0.0
2024-08-16 11:30:00-04:00,32.06909942626953,32.0890007019043,32.025001525878906,32.064998626708984,6660,0.0,0.0,0.0
2024-08-16 12:30:00-04:00,32.08110046386719,32.119998931884766,32.0620002746582,32.119998931884766,10342,0.0,0.0,0.0
2024-08-16 13:30:00-04:00,32.130001068115234,32.13999938964844,32.081600189208984,32.130001068115234,12428,0.0,0.0,0.0
2024-08-16 14:30:00-04:00,32.119998931884766,32.16999816894531,32.0994987487793,32.15999984741211,32095,0.0,0.0,0.0
2024-08-16 15:30:00-04:00,32.13999938964844,32.16999816894531,32.11149978637695,32.119998931884766,6155,0.0,0.0,0.0
2024-08-19 09:30:00-04:00,32.400001525878906,32.5,32.365299224853516,32.5,0,0.0,0.0,0.0
2024-08-19 10:30:00-04:00,32.505001068115234,32.59000015258789,32.5,32.53499984741211,29800,0.0,0.0,0.0
2024-08-19 11:30:00-04:00,32.529998779296875,32.58000183105469,32.49169921875,32.529998779296875,16437,0.0,0.0,0.0
2024-08-19 12:30:00-04:00,32.529998779296875,32.58000183105469,32.505401611328125,32.54499816894531,20356,0.0,0.0,0.0
2024-08-19 13:30:00-04:00,32.519500732421875,32.589698791503906,32.51139831542969,32.56999969482422,20612,0.0,0.0,0.0
2024-08-19 14:30:00-04:00,32.58000183105469,32.61000061035156,32.5443000793457,32.54999923706055,18977,0.0,0.0,0.0
2024-08-19 15:30:00-04:00,32.59000015258789,32.61000061035156,32.529998779296875,32.529998779296875,12061,0.0,0.0,0.0
2024-08-20 09:30:00-04:00,32.630001068115234,32.630001068115234,32.439998626708984,32.470001220703125,27243,0.0,0.0,0.0
2024-08-20 10:30:00-04:00,32.51300048828125,32.52909851074219,32.41999816894531,32.4900016784668,13471,0.0,0.0,0.0
2024-08-20 11:30:00-04:00,32.45500183105469,32.52119827270508,32.40999984741211,32.439998626708984,47479,0.0,0.0,0.0
2024-08-20 12:30:00-04:00,32.45349884033203,32.5098991394043,32.400001525878906,32.41999816894531,44733,0.0,0.0,0.0
2024-08-20 13:30:00-04:00,32.414798736572266,32.540000915527344,32.400001525878906,32.459999084472656,17182,0.0,0.0,0.0
2024-08-20 14:30:00-04:00,32.52000045776367,32.52989959716797,32.459999084472656,32.5,13961,0.0,0.0,0.0
2024-08-20 15:30:00-04:00,32.5,32.51750183105469,32.41999816894531,32.43000030517578,46281,0.0,0.0,0.0
2024-08-21 09:30:00-04:00,32.83000183105469,32.83000183105469,32.571998596191406,32.630001068115234,21154,0.0,0.0,0.0
2024-08-21 10:30:00-04:00,32.6879997253418,32.739898681640625,32.58000183105469,32.70709991455078,9178,0.0,0.0,0.0
2024-08-21 11:30:00-04:00,32.68000030517578,32.75,32.63999938964844,32.689998626708984,131484,0.0,0.0,0.0
2024-08-21 12:30:00-04:00,32.72600173950195,32.75,32.68000030517578,32.68000030517578,21722,0.0,0.0,0.0
2024-08-21 13:30:00-04:00,32.73889923095703,32.795101165771484,32.670501708984375,32.795101165771484,12690,0.0,0.0,0.0
2024-08-21 14:30:00-04:00,32.81800079345703,32.829898834228516,32.720001220703125,32.76499938964844,22983,0.0,0.0,0.0
2024-08-21 15:30:00-04:00,32.7400016784668,32.810001373291016,32.72999954223633,32.7400016784668,11875,0.0,0.0,0.0
2024-08-22 09:30:00-04:00,32.95000076293945,32.95000076293945,32.66999816894531,32.66999816894531,24306,0.0,0.0,0.0
2024-08-22 10:30:00-04:00,32.68000030517578,32.779998779296875,32.66999816894531,32.676998138427734,8335,0.0,0.0,0.0
2024-08-22 11:30:00-04:00,32.66999816894531,32.69499969482422,32.599998474121094,32.685001373291016,7486,0.0,0.0,0.0
2024-08-22 12:30:00-04:00,32.71500015258789,32.71500015258789,32.61000061035156,32.64500045776367,22945,0.0,0.0,0.0
2024-08-22 13:30:00-04:00,32.6349983215332,32.6599006652832,32.52000045776367,32.599998474121094,21265,0.0,0.0,0.0
2024-08-22 14:30:00-04:00,32.58000183105469,32.649600982666016,32.54999923706055,32.54999923706055,19879,0.0,0.0,0.0
2024-08-22 15:30:00-04:00,32.529998779296875,32.57500076293945,32.5,32.5099983215332,4573,0.0,0.0,0.0
2024-08-23 09:30:00-04:00,32.77000045776367,33.11800003051758,32.76539993286133,33.04999923706055,0,0.0,0.0,0.0
2024-08-23 10:30:00-04:00,33.13410186767578,33.15879821777344,33.0099983215332,33.099300384521484,11188,0.0,0.0,0.0
2024-08-23 11:30:00-04:00,33.125,33.125,32.95000076293945,32.95500183105469,12279,0.0,0.0,0.0
2024-08-23 12:30:00-04:00,33.01390075683594,33.04999923706055,32.920101165771484,33.04999923706055,5713,0.0,0.0,0.0
2024-08-23 13:30:00-04:00,33.06999969482422,33.07979965209961,33.04209899902344,33.060001373291016,8371,0.0,0.0,0.0
2024-08-23 14:30:00-04:00,33.07699966430664,33.13999938964844,33.044898986816406,33.13999938964844,14994,0.0,0.0,0.0
2024-08-23 15:30:00-04:00,33.11600112915039,33.15999984741211,33.099998474121094,33.130001068115234,15988,0.0,0.0,0.0
2024-08-26 09:30:00-04:00,33.11000061035156,33.11000061035156,33.0,33.09000015258789,20029,0.0,0.0,0.0
2024-08-26 10:30:00-04:00,33.095001220703125,33.10879898071289,33.022300720214844,33.03990173339844,10623,0.0,0.0,0.0
2024-08-26 11:30:00-04:00,33.025001525878906,33.029998779296875,32.945899963378906,33.029998779296875,7624,0.0,0.0,0.0
2024-08-26 12:30:00-04:00,33.0099983215332,33.06990051269531,32.98970031738281,32.98970031738281,4767,0.0,0.0,0.0
2024-08-26 13:30:00-04:00,33.02000045776367,33.02000045776367,32.94670104980469,33.0099983215332,13357,0.0,0.0,0.0
2024-08-26 14:30:00-04:00,32.994998931884766,33.040000915527344,32.98889923095703,33.02000045776367,15853,0.0,0.0,0.0
2024-08-26 15:30:00-04:00,33.005001068115234,33.0099983215332,32.9718017578125,32.9900016784668,7451,0.0,0.0,0.0
2024-08-27 09:30:00-04:00,33.060001373291016,33.150001525878906,33.040000915527344,33.11000061035156,22178,0.0,0.0,0.0
2024-08-27 10:30:00-04:00,33.11000061035156,33.11859893798828,33.060001373291016,33.07500076293945,10205,0.0,0.0,0.0
2024-08-27 11:30:00-04:00,33.07500076293945,33.09859848022461,33.038299560546875,33.07500076293945,14433,0.0,0.0,0.0
2024-08-27 12:30:00-04:00,33.098201751708984,33.119998931884766,33.04999923706055,33.11000061035156,14190,0.0,0.0,0.0
2024-08-27 13:30:00-04:00,33.13999938964844,33.209598541259766,33.13119888305664,33.209598541259766,11694,0.0,0.0,0.0
2024-08-27 14:30:00-04:00,33.15999984741211,33.20000076293945,33.119998931884766,33.18000030517578,17298,0.0,0.0,0.0
2024-08-27 15:30:00-04:00,33.150001525878906,33.17959976196289,33.119998931884766,33.13999938964844,13060,0.0,0.0,0.0
2024-08-28 09:30:00-04:00,33.08000183105469,33.15999984741211,33.05220031738281,33.125,60915,0.0,0.0,0.0
2024-08-28 10:30:00-04:00,33.125,33.168701171875,33.08000183105469,33.08000183105469,6342,0.0,0.0,0.0
2024-08-28 11:30:00-04:00,33.07500076293945,33.11000061035156,32.9651985168457,32.98500061035156,76474,0.0,0.0,0.0
2024-08-28 12:30:00-04:00,33.02000045776367,33.058998107910156,32.9900016784668,33.02170181274414,8058,0.0,0.0,0.0
2024-08-28 13:30:00-04:00,33.03990173339844,33.03990173339844,32.89910125732422,32.927101135253906,4835,0.0,0.0,0.0
2024-08-28 14:30:00-04:00,32.91999816894531,33.03889846801758,32.880001068115234,33.03889846801758,27628,0.0,0.0,0.0
2024-08-28 15:30:00-04:00,33.01499938964844,33.03889846801758,32.97999954223633,33.02000045776367,65966,0.0,0.0,0.0
2024-08-29 09:30:00-04:00,33.150001525878906,33.209800720214844,33.099998474121094,33.1150016784668,18163,0.0,0.0,0.0
2024-08-29 10:30:00-04:00,33.13999938964844,33.16999816894531,33.100101470947266,33.15950012207031,14821,0.0,0.0,0.0
2024-08-29 11:30:00-04:00,33.14500045776367,33.2599983215332,33.14500045776367,33.2400016784668,15864,0.0,0.0,0.0
2024-08-29 12:30:00-04:00,33.2598991394043,33.2598991394043,33.19660186767578,33.224998474121094,3882,0.0,0.0,0.0
2024-08-29 13:30:00-04:00,33.26850128173828,33.26850128173828,33.20000076293945,33.20000076293945,15049,0.0,0.0,0.0
2024-08-29 14:30:00-04:00,33.1682014465332,33.1682014465332,33.060001373291016,33.1505012512207,32787,0.0,0.0,0.0
2024-08-29 15:30:00-04:00,33.13159942626953,33.16899871826172,33.04999923706055,33.10499954223633,10924,0.0,0.0,0.0
2024-08-30 09:30:00-04:00,33.209999084472656,33.26900100708008,33.190101623535156,33.22999954223633,0,0.0,0.0,0.0
2024-08-30 10:30:00-04:00,33.22999954223633,33.2400016784668,33.1349983215332,33.1349983215332,2633,0.0,0.0,0.0
2024-08-30 11:30:00-04:00,33.120399475097656,33.169898986816406,33.05009841918945,33.060001373291016,11019,0.0,0.0,0.0
2024-08-30 12:30:00-04:00,33.040000915527344,33.099998474121094,33.01380157470703,33.050201416015625,9120,0.0,0.0,0.0
2024-08-30 13:30:00-04:00,33.067501068115234,33.10900115966797,33.040000915527344,33.076698303222656,9349,0.0,0.0,0.0
2024-08-30 14:30:00-04:00,33.10900115966797,33.13999938964844,33.06999969482422,33.13999938964844,21383,0.0,0.0,0.0
2024-08-30 15:30:00-04:00,33.125,33.201698303222656,33.125,33.17499923706055,15181,0.0,0.0,0.0
2024-09-03 09:30:00-04:00,33.099998474121094,33.099998474121094,32.79999923706055,32.81999969482422,28381,0.0,0.0,0.0
2024-09-03 10:30:00-04:00,32.83000183105469,32.83000183105469,32.730098724365234,32.790000915527344,5258,0.0,0.0,0.0
2024-09-03 11:30:00-04:00,32.790000915527344,32.83919906616211,32.7400016784668,32.83919906616211,20102,0.0,0.0,0.0
2024-09-03 12:30:00-04:00,32.80500030517578,32.839900970458984,32.72999954223633,32.78179931640625,10367,0.0,0.0,0.0
2024-09-03 13:30:00-04:00,32.79199981689453,32.79199981689453,32.66999816894531,32.68000030517578,13524,0.0,0.0,0.0
2024-09-03 14:30:00-04:00,32.68000030517578,32.720001220703125,32.63999938964844,32.65999984741211,22026,0.0,0.0,0.0
2024-09-03 15:30:00-04:00,32.66999816894531,32.67499923706055,32.54999923706055,32.58000183105469,8345,0.0,0.0,0.0
2024-09-04 09:30:00-04:00,32.65999984741211,32.65999984741211,32.380001068115234,32.55630111694336,28000,0.0,0.0,0.0
2024-09-04 10:30:00-04:00,32.560001373291016,32.6599006652832,32.560001373291016,32.599998474121094,14652,0.0,0.0,0.0
2024-09-04 11:30:00-04:00,32.529998779296875,32.599998474121094,32.5,32.56999969482422,15076,0.0,0.0,0.0
2024-09-04 12:30:00-04:00,32.56999969482422,32.630001068115234,32.540000915527344,32.560001373291016,46436,0.0,0.0,0.0
2024-09-04 13:30:00-04:00,32.529998779296875,32.55400085449219,32.470001220703125,32.52000045776367,14660,0.0,0.0,0.0
2024-09-04 14:30:00-04:00,32.5099983215332,32.54499816894531,32.440101623535156,32.5099983215332,20890,0.0,0.0,0.0
2024-09-04 15:30:00-04:00,32.47999954223633,32.54999923706055,32.470001220703125,32.54999923706055,9381,0.0,0.0,0.0
2024-09-05 09:30:00-04:00,32.58000183105469,32.70000076293945,32.56999969482422,32.654998779296875,0,0.0,0.0,0.0
2024-09-05 10:30:00-04:00,32.64590072631836,32.64590072631836,32.540000915527344,32.540000915527344,4368,0.0,0.0,0.0
2024-09-05 11:30:00-04:00,32.5,32.549400329589844,32.45800018310547,32.51499938964844,7521,0.0,0.0,0.0
2024-09-05 12:30:00-04:00,32.51499938964844,32.81999969482422,32.4900016784668,32.51499938964844,40895,0.0,0.0,0.0
2024-09-05 13:30:00-04:00,32.540000915527344,32.64059829711914,32.52000045776367,32.630001068115234,5096,0.0,0.0,0.0
2024-09-05 14:30:00-04:00,32.63999938964844,32.65999984741211,32.560001373291016,32.599998474121094,16866,0.0,0.0,0.0
2024-09-05 15:30:00-04:00,32.609500885009766,32.609500885009766,32.540000915527344,32.58000183105469,7876,0.0,0.0,0.0
2024-09-06 09:30:00-04:00,32.4900016784668,32.4900016784668,32.26499938964844,32.26499938964844,15148,0.0,0.0,0.0
2024-09-06 10:30:00-04:00,32.220001220703125,32.279998779296875,32.055999755859375,32.099998474121094,14721,0.0,0.0,0.0
2024-09-06 11:30:00-04:00,32.095001220703125,32.095001220703125,31.979999542236328,31.992700576782227,51501,0.0,0.0,0.0
2024-09-06 12:30:00-04:00,31.989999771118164,32.028099060058594,31.8700008392334,31.985000610351562,97077,0.0,0.0,0.0
2024-09-06 13:30:00-04:00,31.989999771118164,32.0,31.950000762939453,31.950000762939453,7513,0.0,0.0,0.0
2024-09-06 14:30:00-04:00,31.959999084472656,32.0098991394043,31.877300262451172,31.96500015258789,289712,0.0,0.0,0.0
2024-09-06 15:30:00-04:00,31.977500915527344,32.02000045776367,31.941600799560547,31.979999542236328,17279,0.0,0.0,0.0
2024-09-09 09:30:00-04:00,32.22999954223633,32.329898834228516,32.18389892578125,32.290000915527344,14020,0.0,0.0,0.0
2024-09-09 10:30:00-04:00,32.2599983215332,32.279998779296875,32.21179962158203,32.22930145263672,8746,0.0,0.0,0.0
2024-09-09 11:30:00-04:00,32.22639846801758,32.37799835205078,32.22639846801758,32.37799835205078,8247,0.0,0.0,0.0
2024-09-09 12:30:00-04:00,32.36399841308594,32.400001525878906,32.34000015258789,32.36000061035156,7689,0.0,0.0,0.0
2024-09-09 13:30:00-04:00,32.368499755859375,32.369998931884766,32.2239990234375,32.28559875488281,15677,0.0,0.0,0.0
2024-09-09 14:30:00-04:00,32.2599983215332,32.29990005493164,32.23780059814453,32.2599983215332,22079,0.0,0.0,0.0
2024-09-09 15:30:00-04:00,32.26570129394531,32.290000915527344,32.257198333740234,32.290000915527344,20072,0.0,0.0,0.0
2024-09-10 09:30:00-04:00,32.189998626708984,32.189998626708984,31.938100814819336,31.959999084472656,0,0.0,0.0,0.0
2024-09-10 10:30:00-04:00,31.961000442504883,32.04999923706055,31.950000762939453,31.985000610351562,4673,0.0,0.0,0.0
2024-09-10 11:30:00-04:00,31.976999282836914,31.98200035095215,31.854999542236328,31.864999771118164,8248,0.0,0.0,0.0
2024-09-10 12:30:00-04:00,31.875,31.989900588989258,31.875,31.989900588989258,3060,0.0,0.0,0.0
2024-09-10 13:30:00-04:00,31.94770050048828,32.01179885864258,31.940000534057617,31.992599487304688,4321,0.0,0.0,0.0
2024-09-10 14:30:00-04:00,32.040000915527344,32.119998931884766,32.01179885864258,32.11000061035156,19821,0.0,0.0,0.0
2024-09-10 15:30:00-04:00,32.119998931884766,32.150001525878906,32.099998474121094,32.13999938964844,12165,0.0,0.0,0.0
2024-09-11 09:30:00-04:00,32.150001525878906,32.18000030517578,31.81999969482422,31.81999969482422,0,0.0,0.0,0.0
2024-09-11 10:30:00-04:00,31.81999969482422,31.97949981689453,31.780000686645508,31.95989990234375,18523,0.0,0.0,0.0
2024-09-11 11:30:00-04:00,31.88010025024414,32.06999969482422,31.88010025024414,32.064998626708984,9428,0.0,0.0,0.0
2024-09-11 12:30:00-04:00,32.06999969482422,32.149898529052734,32.0260009765625,32.13999938964844,8405,0.0,0.0,0.0
2024-09-11 13:30:00-04:00,32.13999938964844,32.20090103149414,32.099998474121094,32.19810104370117,9074,0.0,0.0,0.0
2024-09-11 14:30:00-04:00,32.20000076293945,32.27000045776367,32.15599822998047,32.25410079956055,35584,0.0,0.0,0.0
2024-09-11 15:30:00-04:00,32.2599983215332,32.31999969482422,32.209999084472656,32.31999969482422,13306,0.0,0.0,0.0
2024-09-12 09:30:00-04:00,32.279998779296875,32.29999923706055,32.189998626708984,32.29029846191406,10807,0.0,0.0,0.0
2024-09-12 10:30:00-04:00,32.290000915527344,32.349998474121094,32.271400451660156,32.29999923706055,8824,0.0,0.0,0.0
2024-09-12 11:30:00-04:00,32.2963981628418,32.35499954223633,32.2963981628418,32.34920120239258,5887,0.0,0.0,0.0
2024-09-12 12:30:00-04:00,32.33000183105469,32.470001220703125,32.33000183105469,32.470001220703125,6328,0.0,0.0,0.0
2024-09-12 13:30:00-04:00,32.45800018310547,32.529998779296875,32.41999816894531,32.45000076293945,13668,0.0,0.0,0.0
2024-09-12 14:30:00-04:00,32.52000045776367,32.540000915527344,32.43899917602539,32.48619842529297,19860,0.0,0.0,0.0
2024-09-12 15:30:00-04:00,32.47999954223633,32.560001373291016,32.472999572753906,32.529998779296875,3781,0.0,0.0,0.0
2024-09-13 09:30:00-04:00,32.59000015258789,32.665000915527344,32.54999923706055,32.665000915527344,0,0.0,0.0,0.0
2024-09-13 10:30:00-04:00,32.6505012512207,32.72999954223633,32.61000061035156,32.61589813232422,9860,0.0,0.0,0.0
2024-09-13 11:30:00-04:00,32.63999938964844,32.63999938964844,32.5906982421875,32.5906982421875,4273,0.0,0.0,0.0
2024-09-13 12:30:00-04:00,32.57500076293945,32.619998931884766,32.56999969482422,32.599998474121094,12166,0.0,0.0,0.0
2024-09-13 13:30:00-04:00,32.595001220703125,32.62990188598633,32.560001373291016,32.560001373291016,18511,0.0,0.0,0.0
2024-09-13 14:30:00-04:00,32.56560134887695,32.56999969482422,32.52000045776367,32.55500030517578,47953,0.0,0.0,0.0
2024-09-13 15:30:00-04:00,32.56999969482422,32.61000061035156,32.560001373291016,32.58000183105469,11630,0.0,0.0,0.0
