Datetime,Open,High,Low,Close,Volume,Dividends,Stock Splits
2022-09-15 09:30:00-04:00,16.950000762939453,16.950000762939453,16.8700008392334,16.891000747680664,0,0.0,0.0
2022-09-15 10:30:00-04:00,16.8799991607666,16.89299964904785,16.825199127197266,16.84000015258789,7344,0.0,0.0
2022-09-15 11:30:00-04:00,16.84149932861328,16.850000381469727,16.739999771118164,16.764999389648438,14887,0.0,0.0
2022-09-15 12:30:00-04:00,16.739999771118164,16.809999465942383,16.739999771118164,16.75,13725,0.0,0.0
2022-09-15 13:30:00-04:00,16.790000915527344,16.819400787353516,16.739999771118164,16.811199188232422,9522,0.0,0.0
2022-09-15 14:30:00-04:00,16.780000686645508,16.780000686645508,16.639999389648438,16.75,21852,0.0,0.0
2022-09-15 15:30:00-04:00,16.71500015258789,16.739999771118164,16.68000030517578,16.737899780273438,7114,0.0,0.0
2022-09-16 09:30:00-04:00,16.600000381469727,16.709999084472656,16.56999969482422,16.68000030517578,4940,0.0,0.0
2022-09-16 10:30:00-04:00,16.75,16.850000381469727,16.729999542236328,16.768600463867188,4500,0.0,0.0
2022-09-16 11:30:00-04:00,16.70210075378418,16.70210075378418,16.639999389648438,16.639999389648438,5436,0.0,0.0
2022-09-16 12:30:00-04:00,16.690000534057617,16.700000762939453,16.665000915527344,16.665000915527344,1015,0.0,0.0
2022-09-16 13:30:00-04:00,16.700000762939453,16.709999084472656,16.68000030517578,16.691999435424805,3584,0.0,0.0
2022-09-16 14:30:00-04:00,16.666000366210938,16.780000686645508,16.666000366210938,16.76810073852539,7494,0.0,0.0
2022-09-16 15:30:00-04:00,16.704599380493164,16.738500595092773,16.700000762939453,16.738500595092773,5778,0.0,0.0
2022-09-19 09:30:00-04:00,16.729999542236328,16.770000457763672,16.549999237060547,16.549999237060547,0,0.0,0.0
2022-09-19 10:30:00-04:00,16.56999969482422,16.777999877929688,16.530000686645508,16.670000076293945,13237,0.0,0.0
2022-09-19 11:30:00-04:00,16.6200008392334,16.661699295043945,16.559999465942383,16.559999465942383,21251,0.0,0.0
2022-09-19 12:30:00-04:00,16.559999465942383,16.600000381469727,16.549999237060547,16.58169937133789,17373,0.0,0.0
2022-09-19 13:30:00-04:00,16.610000610351562,16.610000610351562,16.549999237060547,16.583499908447266,2938,0.0,0.0
2022-09-19 14:30:00-04:00,16.549999237060547,16.56999969482422,16.510700225830078,16.510700225830078,2078,0.0,0.0
2022-09-19 15:30:00-04:00,16.520000457763672,16.56999969482422,16.510000228881836,16.542699813842773,4492,0.0,0.0
2022-09-20 09:30:00-04:00,16.3799991607666,16.441699981689453,16.200000762939453,16.340700149536133,23060,0.0,0.0
2022-09-20 10:30:00-04:00,16.337099075317383,16.389999389648438,16.270000457763672,16.270000457763672,28719,0.0,0.0
2022-09-20 11:30:00-04:00,16.309999465942383,16.40999984741211,16.309999465942383,16.384000778198242,5624,0.0,0.0
2022-09-20 12:30:00-04:00,16.424299240112305,16.424299240112305,16.360000610351562,16.360000610351562,2960,0.0,0.0
2022-09-20 13:30:00-04:00,16.360000610351562,16.420000076293945,16.31999969482422,16.31999969482422,4344,0.0,0.0
2022-09-20 14:30:00-04:00,16.299999237060547,16.31999969482422,16.290000915527344,16.29800033569336,7884,0.0,0.0
2022-09-20 15:30:00-04:00,16.309999465942383,16.350000381469727,16.299999237060547,16.329999923706055,13844,0.0,0.0
2022-09-21 09:30:00-04:00,16.329999923706055,16.456199645996094,16.32990074157715,16.449499130249023,0,0.0,0.0
2022-09-21 10:30:00-04:00,16.469999313354492,16.469999313354492,16.379100799560547,16.41629981994629,6908,0.0,0.0
2022-09-21 11:30:00-04:00,16.389999389648438,16.389999389648438,16.200000762939453,16.200000762939453,21751,0.0,0.0
2022-09-21 12:30:00-04:00,16.260000228881836,16.264999389648438,16.190000534057617,16.19499969482422,11097,0.0,0.0
2022-09-21 13:30:00-04:00,16.190000534057617,16.399999618530273,16.18000030517578,16.200000762939453,15604,0.0,0.0
2022-09-21 14:30:00-04:00,16.263500213623047,16.34000015258789,16.19849967956543,16.31999969482422,9617,0.0,0.0
2022-09-21 15:30:00-04:00,16.280000686645508,16.309999465942383,16.25,16.290000915527344,3200,0.0,0.0
2022-09-22 09:30:00-04:00,16.18000030517578,16.18000030517578,16.047000885009766,16.135000228881836,0,0.0,0.0
2022-09-22 10:30:00-04:00,16.1200008392334,16.1200008392334,16.020000457763672,16.034400939941406,6067,0.0,0.0
2022-09-22 11:30:00-04:00,16.049999237060547,16.049999237060547,15.90999984741211,15.979999542236328,28408,0.0,0.0
2022-09-22 12:30:00-04:00,15.928199768066406,15.979999542236328,15.920000076293945,15.979999542236328,4612,0.0,0.0
2022-09-22 13:30:00-04:00,15.989999771118164,16.04680061340332,15.90999984741211,15.90999984741211,9681,0.0,0.0
2022-09-22 14:30:00-04:00,15.920000076293945,15.920000076293945,15.760000228881836,15.876299858093262,17583,0.0,0.0
2022-09-22 15:30:00-04:00,15.880000114440918,15.880000114440918,15.829999923706055,15.829999923706055,1486,0.0,0.0
2022-09-23 09:30:00-04:00,15.59000015258789,15.896300315856934,15.59000015258789,15.704400062561035,0,0.0,0.0
2022-09-23 10:30:00-04:00,15.720000267028809,15.75,15.600000381469727,15.600000381469727,14413,0.0,0.0
2022-09-23 11:30:00-04:00,15.619999885559082,15.687800407409668,15.51609992980957,15.569999694824219,13991,0.0,0.0
2022-09-23 12:30:00-04:00,15.600000381469727,15.687000274658203,15.510000228881836,15.600000381469727,18164,0.0,0.0
2022-09-23 13:30:00-04:00,15.600000381469727,15.649999618530273,15.5600004196167,15.619999885559082,17738,0.0,0.0
2022-09-23 14:30:00-04:00,15.5600004196167,15.569999694824219,15.460000038146973,15.470000267028809,24159,0.0,0.0
2022-09-23 15:30:00-04:00,15.505000114440918,15.59000015258789,15.470000267028809,15.579999923706055,33686,0.0,0.0
2022-09-26 09:30:00-04:00,15.460000038146973,15.529999732971191,15.4399995803833,15.460000038146973,0,0.0,0.0
2022-09-26 10:30:00-04:00,15.479999542236328,15.520000457763672,15.444700241088867,15.444999694824219,12423,0.0,0.0
2022-09-26 11:30:00-04:00,15.448800086975098,15.449999809265137,15.350000381469727,15.350000381469727,16666,0.0,0.0
2022-09-26 12:30:00-04:00,15.350000381469727,15.359999656677246,15.25,15.260000228881836,20753,0.0,0.0
2022-09-26 13:30:00-04:00,15.265000343322754,15.343600273132324,15.199999809265137,15.210000038146973,15377,0.0,0.0
2022-09-26 14:30:00-04:00,15.246000289916992,15.309900283813477,15.210000038146973,15.220000267028809,20069,0.0,0.0
2022-09-26 15:30:00-04:00,15.220000267028809,15.270000457763672,15.210000038146973,15.255000114440918,15680,0.0,0.0
2022-09-27 09:30:00-04:00,15.180000305175781,15.35099983215332,15.10200023651123,15.10200023651123,0,0.0,0.0
2022-09-27 10:30:00-04:00,15.154999732971191,15.329999923706055,15.149200439453125,15.149200439453125,23567,0.0,0.0
2022-09-27 11:30:00-04:00,15.204999923706055,15.29990005493164,15.170000076293945,15.225099563598633,15712,0.0,0.0
2022-09-27 12:30:00-04:00,15.244999885559082,15.279999732971191,15.170000076293945,15.25,24895,0.0,0.0
2022-09-27 13:30:00-04:00,15.199999809265137,15.206899642944336,15.170000076293945,15.199999809265137,15061,0.0,0.0
2022-09-27 14:30:00-04:00,15.21500015258789,15.219900131225586,15.170000076293945,15.180000305175781,14269,0.0,0.0
2022-09-27 15:30:00-04:00,15.180000305175781,15.189900398254395,15.100000381469727,15.100000381469727,11040,0.0,0.0
2022-09-28 09:30:00-04:00,15.210000038146973,15.40999984741211,15.180000305175781,15.40999984741211,10163,0.0,0.0
2022-09-28 10:30:00-04:00,15.414999961853027,15.601099967956543,15.350600242614746,15.601099967956543,9188,0.0,0.0
2022-09-28 11:30:00-04:00,15.61989974975586,15.61989974975586,15.539999961853027,15.539999961853027,7420,0.0,0.0
2022-09-28 12:30:00-04:00,15.539999961853027,15.614999771118164,15.53499984741211,15.614999771118164,8715,0.0,0.0
2022-09-28 13:30:00-04:00,15.619999885559082,15.619999885559082,15.548999786376953,15.571700096130371,5100,0.0,0.0
2022-09-28 14:30:00-04:00,15.5600004196167,15.59000015258789,15.430000305175781,15.477999687194824,26978,0.0,0.0
2022-09-28 15:30:00-04:00,15.475000381469727,15.550000190734863,15.475000381469727,15.550000190734863,16724,0.0,0.0
2022-09-29 09:30:00-04:00,15.430000305175781,15.470000267028809,15.1899995803833,15.300000190734863,21288,0.0,0.0
2022-09-29 10:30:00-04:00,15.300000190734863,15.5,15.300000190734863,15.5,8370,0.0,0.0
2022-09-29 11:30:00-04:00,15.4399995803833,15.640000343322754,15.38010025024414,15.59000015258789,14745,0.0,0.0
2022-09-29 12:30:00-04:00,15.569999694824219,15.579999923706055,15.489999771118164,15.539999961853027,10710,0.0,0.0
2022-09-29 13:30:00-04:00,15.515000343322754,15.539999961853027,15.489999771118164,15.524999618530273,7494,0.0,0.0
2022-09-29 14:30:00-04:00,15.523799896240234,15.529600143432617,15.489999771118164,15.489999771118164,13190,0.0,0.0
2022-09-29 15:30:00-04:00,15.515000343322754,15.539999961853027,15.489999771118164,15.520000457763672,10893,0.0,0.0
2022-09-30 09:30:00-04:00,15.65999984741211,15.699999809265137,15.460100173950195,15.515000343322754,0,0.0,0.0
2022-09-30 10:30:00-04:00,15.479999542236328,15.800000190734863,15.479999542236328,15.609999656677246,24197,0.0,0.0
2022-09-30 11:30:00-04:00,15.609999656677246,15.609999656677246,15.510000228881836,15.539999961853027,6465,0.0,0.0
2022-09-30 12:30:00-04:00,15.515000343322754,15.526000022888184,15.40999984741211,15.420000076293945,23689,0.0,0.0
2022-09-30 13:30:00-04:00,15.430000305175781,15.489999771118164,15.410699844360352,15.470000267028809,10553,0.0,0.0
2022-09-30 14:30:00-04:00,15.479999542236328,15.508999824523926,15.350000381469727,15.350000381469727,6284,0.0,0.0
2022-09-30 15:30:00-04:00,15.335000038146973,15.369999885559082,15.319999694824219,15.369999885559082,9851,0.0,0.0
2022-10-03 09:30:00-04:00,15.539999961853027,15.75469970703125,15.539999961853027,15.75469970703125,26184,0.0,0.0
2022-10-03 10:30:00-04:00,15.84000015258789,15.9399995803833,15.774999618530273,15.890000343322754,12541,0.0,0.0
2022-10-03 11:30:00-04:00,15.880000114440918,15.895000457763672,15.765000343322754,15.765000343322754,11166,0.0,0.0
2022-10-03 12:30:00-04:00,15.75,15.859999656677246,15.737000465393066,15.75,5844,0.0,0.0
2022-10-03 13:30:00-04:00,15.75,15.75,15.619999885559082,15.65470027923584,12695,0.0,0.0
2022-10-03 14:30:00-04:00,15.645000457763672,15.649999618530273,15.510000228881836,15.529999732971191,11229,0.0,0.0
2022-10-03 15:30:00-04:00,15.539999961853027,15.619999885559082,15.529999732971191,15.59000015258789,14931,0.0,0.0
2022-10-04 09:30:00-04:00,15.710000038146973,15.84000015258789,15.649999618530273,15.84000015258789,0,0.0,0.0
2022-10-04 10:30:00-04:00,15.840800285339355,15.930000305175781,15.800000190734863,15.8100004196167,10903,0.0,0.0
2022-10-04 11:30:00-04:00,15.814900398254395,15.944999694824219,15.814900398254395,15.944999694824219,5751,0.0,0.0
2022-10-04 12:30:00-04:00,15.930000305175781,16.100000381469727,15.858400344848633,15.899999618530273,19378,0.0,0.0
2022-10-04 13:30:00-04:00,15.90999984741211,15.949999809265137,15.880000114440918,15.949999809265137,5425,0.0,0.0
2022-10-04 14:30:00-04:00,15.96500015258789,16.010000228881836,15.890000343322754,15.9399995803833,5312,0.0,0.0
2022-10-04 15:30:00-04:00,15.930000305175781,15.979999542236328,15.90999984741211,15.960000038146973,7482,0.0,0.0
2022-10-05 09:30:00-04:00,15.9399995803833,16.040000915527344,15.649999618530273,15.789999961853027,0,0.0,0.0
2022-10-05 10:30:00-04:00,15.789999961853027,15.9399995803833,15.729999542236328,15.9399995803833,12504,0.0,0.0
2022-10-05 11:30:00-04:00,15.920000076293945,16.018999099731445,15.850000381469727,15.960000038146973,12429,0.0,0.0
2022-10-05 12:30:00-04:00,15.90999984741211,15.940099716186523,15.800000190734863,15.82919979095459,14090,0.0,0.0
2022-10-05 13:30:00-04:00,15.829999923706055,15.859999656677246,15.810099601745605,15.859999656677246,1734,0.0,0.0
2022-10-05 14:30:00-04:00,15.90999984741211,15.920000076293945,15.850000381469727,15.850000381469727,10265,0.0,0.0
2022-10-05 15:30:00-04:00,15.850000381469727,15.90999984741211,15.850000381469727,15.90999984741211,3075,0.0,0.0
2022-10-06 09:30:00-04:00,15.949999809265137,15.989999771118164,15.800000190734863,15.869999885559082,11006,0.0,0.0
2022-10-06 10:30:00-04:00,15.869999885559082,15.90999984741211,15.859999656677246,15.859999656677246,4822,0.0,0.0
2022-10-06 11:30:00-04:00,15.865900039672852,15.90999984741211,15.850000381469727,15.90999984741211,10958,0.0,0.0
2022-10-06 12:30:00-04:00,15.899999618530273,16.0,15.869999885559082,16.0,7957,0.0,0.0
2022-10-06 13:30:00-04:00,16.0,16.0,15.970000267028809,15.98069953918457,5135,0.0,0.0
2022-10-06 14:30:00-04:00,15.985600471496582,15.985600471496582,15.944999694824219,15.949999809265137,7745,0.0,0.0
2022-10-06 15:30:00-04:00,15.961999893188477,15.970000267028809,15.949999809265137,15.969300270080566,5629,0.0,0.0
2022-10-07 09:30:00-04:00,15.819999694824219,15.9399995803833,15.675299644470215,15.880000114440918,0,0.0,0.0
2022-10-07 10:30:00-04:00,15.880000114440918,15.899999618530273,15.845000267028809,15.845000267028809,3968,0.0,0.0
2022-10-07 11:30:00-04:00,15.880000114440918,15.90999984741211,15.864999771118164,15.869799613952637,7880,0.0,0.0
2022-10-07 12:30:00-04:00,15.819999694824219,15.819999694824219,15.819999694824219,15.819999694824219,205,0.0,0.0
2022-10-07 13:30:00-04:00,15.82919979095459,15.869999885559082,15.82919979095459,15.853699684143066,2404,0.0,0.0
2022-10-07 14:30:00-04:00,15.805399894714355,15.84000015258789,15.779999732971191,15.779999732971191,8755,0.0,0.0
2022-10-07 15:30:00-04:00,15.729999542236328,15.739999771118164,15.720000267028809,15.729999542236328,2799,0.0,0.0
2022-10-10 09:30:00-04:00,15.720000267028809,15.744600296020508,15.59000015258789,15.600000381469727,0,0.0,0.0
2022-10-10 10:30:00-04:00,15.520000457763672,15.579999923706055,15.460000038146973,15.470000267028809,5912,0.0,0.0
2022-10-10 11:30:00-04:00,15.550399780273438,15.5649995803833,15.500800132751465,15.550000190734863,7904,0.0,0.0
2022-10-10 12:30:00-04:00,15.525199890136719,15.539999961853027,15.470100402832031,15.470100402832031,4571,0.0,0.0
2022-10-10 13:30:00-04:00,15.494999885559082,15.600000381469727,15.494999885559082,15.593700408935547,7161,0.0,0.0
2022-10-10 14:30:00-04:00,15.59000015258789,15.600000381469727,15.59000015258789,15.59000015258789,2719,0.0,0.0
2022-10-10 15:30:00-04:00,15.59000015258789,15.59000015258789,15.59000015258789,15.59000015258789,0,0.0,0.0
2022-10-11 09:30:00-04:00,15.59000015258789,15.600000381469727,15.449999809265137,15.449999809265137,6581,0.0,0.0
2022-10-11 10:30:00-04:00,15.479999542236328,15.59000015258789,15.444999694824219,15.59000015258789,13319,0.0,0.0
2022-10-11 11:30:00-04:00,15.59000015258789,15.619999885559082,15.59000015258789,15.609999656677246,2188,0.0,0.0
2022-10-11 12:30:00-04:00,15.59000015258789,15.65999984741211,15.59000015258789,15.632200241088867,4962,0.0,0.0
2022-10-11 13:30:00-04:00,15.619999885559082,15.649999618530273,15.619999885559082,15.619999885559082,2512,0.0,0.0
2022-10-11 14:30:00-04:00,15.59000015258789,15.59000015258789,15.489999771118164,15.5,3909,0.0,0.0
2022-10-11 15:30:00-04:00,15.505000114440918,15.569999694824219,15.5,15.5600004196167,4596,0.0,0.0
2022-10-12 09:30:00-04:00,15.4399995803833,15.503100395202637,15.4399995803833,15.455400466918945,0,0.0,0.0
2022-10-12 10:30:00-04:00,15.45300006866455,15.460000038146973,15.390000343322754,15.390000343322754,5301,0.0,0.0
2022-10-12 11:30:00-04:00,15.462699890136719,15.569999694824219,15.460000038146973,15.569999694824219,5543,0.0,0.0
2022-10-12 12:30:00-04:00,15.544300079345703,15.5600004196167,15.533900260925293,15.539999961853027,6639,0.0,0.0
2022-10-12 13:30:00-04:00,15.5600004196167,15.59000015258789,15.547499656677246,15.5600004196167,1885,0.0,0.0
2022-10-12 14:30:00-04:00,15.553400039672852,15.569999694824219,15.487500190734863,15.487500190734863,7210,0.0,0.0
2022-10-12 15:30:00-04:00,15.527099609375,15.528300285339355,15.4399995803833,15.479999542236328,5218,0.0,0.0
2022-10-13 09:30:00-04:00,15.1899995803833,15.279999732971191,15.109999656677246,15.279999732971191,11365,0.0,0.0
2022-10-13 10:30:00-04:00,15.300000190734863,15.300000190734863,15.17020034790039,15.255000114440918,4336,0.0,0.0
2022-10-13 11:30:00-04:00,15.270000457763672,15.300000190734863,15.199999809265137,15.199999809265137,11665,0.0,0.0
2022-10-13 12:30:00-04:00,15.15999984741211,15.170000076293945,15.0,15.170000076293945,14047,0.0,0.0
2022-10-13 13:30:00-04:00,15.149999618530273,15.210000038146973,15.069999694824219,15.104999542236328,19391,0.0,0.0
2022-10-13 14:30:00-04:00,15.039999961853027,15.100000381469727,15.039999961853027,15.069999694824219,17643,0.0,0.0
2022-10-13 15:30:00-04:00,15.079999923706055,15.149999618530273,15.0600004196167,15.135299682617188,15502,0.0,0.0
2022-10-14 09:30:00-04:00,15.140000343322754,15.204999923706055,15.100000381469727,15.110099792480469,4633,0.0,0.0
2022-10-14 10:30:00-04:00,15.0600004196167,15.0600004196167,15.03600025177002,15.05090045928955,2515,0.0,0.0
2022-10-14 11:30:00-04:00,15.029999732971191,15.050000190734863,14.989999771118164,15.005000114440918,4571,0.0,0.0
2022-10-14 12:30:00-04:00,15.005000114440918,15.005000114440918,15.005000114440918,15.005000114440918,767,0.0,0.0
2022-10-14 13:30:00-04:00,15.012900352478027,15.012900352478027,14.899999618530273,14.899999618530273,20367,0.0,0.0
2022-10-14 14:30:00-04:00,14.9399995803833,14.9399995803833,14.925000190734863,14.925000190734863,5126,0.0,0.0
2022-10-14 15:30:00-04:00,14.960000038146973,14.960000038146973,14.90999984741211,14.90999984741211,6200,0.0,0.0
2022-10-17 09:30:00-04:00,14.979999542236328,15.175999641418457,14.979999542236328,15.039999961853027,0,0.0,0.0
2022-10-17 10:30:00-04:00,15.050000190734863,15.111700057983398,15.039999961853027,15.076000213623047,5409,0.0,0.0
2022-10-17 11:30:00-04:00,15.107600212097168,15.12600040435791,15.079999923706055,15.08240032196045,9856,0.0,0.0
2022-10-17 12:30:00-04:00,15.0600004196167,15.09000015258789,14.989999771118164,15.039999961853027,11367,0.0,0.0
2022-10-17 13:30:00-04:00,15.000100135803223,15.03499984741211,14.979999542236328,14.98009967803955,11238,0.0,0.0
2022-10-17 14:30:00-04:00,14.989999771118164,15.039999961853027,14.979999542236328,14.99590015411377,9131,0.0,0.0
2022-10-17 15:30:00-04:00,14.999899864196777,14.999899864196777,14.960000038146973,14.989999771118164,2281,0.0,0.0
2022-10-18 09:30:00-04:00,15.0,15.09939956665039,14.998700141906738,15.029999732971191,0,0.0,0.0
2022-10-18 10:30:00-04:00,15.010100364685059,15.09000015258789,14.980199813842773,14.983799934387207,9253,0.0,0.0
2022-10-18 11:30:00-04:00,14.978300094604492,14.979999542236328,14.930000305175781,14.979999542236328,10151,0.0,0.0
2022-10-18 12:30:00-04:00,14.965900421142578,15.039999961853027,14.960000038146973,14.984999656677246,12177,0.0,0.0
2022-10-18 13:30:00-04:00,14.98900032043457,15.119999885559082,14.970000267028809,15.09000015258789,7946,0.0,0.0
2022-10-18 14:30:00-04:00,15.079999923706055,15.180000305175781,15.079999923706055,15.170000076293945,9068,0.0,0.0
2022-10-18 15:30:00-04:00,15.177800178527832,15.1899995803833,15.149999618530273,15.1899995803833,4325,0.0,0.0
2022-10-19 09:30:00-04:00,15.140000343322754,15.140000343322754,15.0,15.139300346374512,0,0.0,0.0
2022-10-19 10:30:00-04:00,15.1899995803833,15.199999809265137,15.065099716186523,15.165200233459473,4392,0.0,0.0
2022-10-19 11:30:00-04:00,15.14780044555664,15.14780044555664,15.100000381469727,15.100000381469727,1234,0.0,0.0
2022-10-19 12:30:00-04:00,15.154000282287598,15.154000282287598,15.154000282287598,15.154000282287598,559,0.0,0.0
2022-10-19 13:30:00-04:00,15.079999923706055,15.098999977111816,15.052200317382812,15.09000015258789,5779,0.0,0.0
2022-10-19 14:30:00-04:00,15.119999885559082,15.119999885559082,15.070099830627441,15.095000267028809,10906,0.0,0.0
2022-10-19 15:30:00-04:00,15.095000267028809,15.109999656677246,15.094200134277344,15.100000381469727,620,0.0,0.0
2022-10-20 09:30:00-04:00,15.0,15.0600004196167,15.0,15.0600004196167,0,0.0,0.0
2022-10-20 10:30:00-04:00,15.172699928283691,15.222299575805664,15.140000343322754,15.199999809265137,1998,0.0,0.0
2022-10-20 11:30:00-04:00,15.180000305175781,15.199999809265137,15.109999656677246,15.199999809265137,8077,0.0,0.0
2022-10-20 12:30:00-04:00,15.1899995803833,15.227399826049805,15.1899995803833,15.20359992980957,8941,0.0,0.0
2022-10-20 13:30:00-04:00,15.220000267028809,15.220100402832031,15.109999656677246,15.180000305175781,9552,0.0,0.0
2022-10-20 14:30:00-04:00,15.180000305175781,15.25,15.09000015258789,15.12600040435791,14822,0.0,0.0
2022-10-20 15:30:00-04:00,15.192099571228027,15.192099571228027,15.119999885559082,15.170000076293945,13730,0.0,0.0
2022-10-21 09:30:00-04:00,15.0600004196167,15.25,15.020099639892578,15.25,0,0.0,0.0
2022-10-21 10:30:00-04:00,15.15999984741211,15.184000015258789,15.039199829101562,15.050000190734863,4251,0.0,0.0
2022-10-21 11:30:00-04:00,15.0600004196167,15.185199737548828,15.0600004196167,15.185199737548828,3295,0.0,0.0
2022-10-21 12:30:00-04:00,15.12720012664795,15.229999542236328,15.109999656677246,15.216300010681152,9031,0.0,0.0
2022-10-21 13:30:00-04:00,15.229999542236328,15.34000015258789,15.170000076293945,15.241499900817871,8459,0.0,0.0
2022-10-21 14:30:00-04:00,15.25,15.279999732971191,15.199999809265137,15.25,9939,0.0,0.0
2022-10-21 15:30:00-04:00,15.219499588012695,15.25,15.199999809265137,15.220000267028809,7506,0.0,0.0
2022-10-24 09:30:00-04:00,15.34000015258789,15.34000015258789,15.229999542236328,15.229999542236328,0,0.0,0.0
2022-10-24 10:30:00-04:00,15.26990032196045,15.390000343322754,15.130000114440918,15.359999656677246,13900,0.0,0.0
2022-10-24 11:30:00-04:00,15.359999656677246,15.359999656677246,15.210000038146973,15.34000015258789,6579,0.0,0.0
2022-10-24 12:30:00-04:00,15.345000267028809,15.390000343322754,15.320300102233887,15.369999885559082,3348,0.0,0.0
2022-10-24 13:30:00-04:00,15.369999885559082,15.5,15.369999885559082,15.5,14683,0.0,0.0
2022-10-24 14:30:00-04:00,15.5,15.5600004196167,15.470000267028809,15.5246000289917,13770,0.0,0.0
2022-10-24 15:30:00-04:00,15.479999542236328,15.479999542236328,15.420000076293945,15.460000038146973,1961,0.0,0.0
2022-10-25 09:30:00-04:00,15.609999656677246,15.619999885559082,15.399999618530273,15.573599815368652,0,0.0,0.0
2022-10-25 10:30:00-04:00,15.5649995803833,15.59000015258789,15.501999855041504,15.50879955291748,8136,0.0,0.0
2022-10-25 11:30:00-04:00,15.5,15.5,15.479999542236328,15.479999542236328,1702,0.0,0.0
2022-10-25 12:30:00-04:00,15.489999771118164,15.492300033569336,15.481499671936035,15.492300033569336,4634,0.0,0.0
2022-10-25 13:30:00-04:00,15.489999771118164,15.5600004196167,15.489999771118164,15.5600004196167,1342,0.0,0.0
2022-10-25 14:30:00-04:00,15.552499771118164,15.559900283813477,15.4552001953125,15.475000381469727,6466,0.0,0.0
2022-10-25 15:30:00-04:00,15.491700172424316,15.5,15.468099594116211,15.489999771118164,2810,0.0,0.0
2022-10-26 09:30:00-04:00,15.527099609375,15.670000076293945,15.527099609375,15.670000076293945,0,0.0,0.0
2022-10-26 10:30:00-04:00,15.65999984741211,15.800000190734863,15.600099563598633,15.640000343322754,21821,0.0,0.0
2022-10-26 11:30:00-04:00,15.580100059509277,15.649900436401367,15.574199676513672,15.649900436401367,7745,0.0,0.0
2022-10-26 12:30:00-04:00,15.649999618530273,15.649999618530273,15.515000343322754,15.59000015258789,5532,0.0,0.0
2022-10-26 13:30:00-04:00,15.550000190734863,15.720000267028809,15.550000190734863,15.699999809265137,4316,0.0,0.0
2022-10-26 14:30:00-04:00,15.739999771118164,15.850000381469727,15.699999809265137,15.850000381469727,9557,0.0,0.0
2022-10-26 15:30:00-04:00,15.850000381469727,15.9399995803833,15.850000381469727,15.9399995803833,10115,0.0,0.0
2022-10-27 09:30:00-04:00,15.9399995803833,15.979999542236328,15.641300201416016,15.979999542236328,0,0.0,0.0
2022-10-27 10:30:00-04:00,15.810099601745605,15.979999542236328,15.810099601745605,15.944999694824219,11745,0.0,0.0
2022-10-27 11:30:00-04:00,15.944999694824219,15.949999809265137,15.899999618530273,15.900099754333496,5729,0.0,0.0
2022-10-27 12:30:00-04:00,15.869999885559082,15.899399757385254,15.840700149536133,15.875,3196,0.0,0.0
2022-10-27 13:30:00-04:00,15.878000259399414,15.908599853515625,15.859999656677246,15.908599853515625,2378,0.0,0.0
2022-10-27 14:30:00-04:00,15.859999656677246,15.909500122070312,15.859999656677246,15.909500122070312,1821,0.0,0.0
2022-10-27 15:30:00-04:00,15.869999885559082,15.920000076293945,15.869999885559082,15.920000076293945,734,0.0,0.0
2022-10-28 09:30:00-04:00,15.84000015258789,15.979999542236328,15.84000015258789,15.885000228881836,0,0.0,0.0
2022-10-28 10:30:00-04:00,15.890000343322754,16.020000457763672,15.890000343322754,16.016399383544922,6432,0.0,0.0
2022-10-28 11:30:00-04:00,16.0049991607666,16.149999618530273,16.0049991607666,16.149999618530273,12412,0.0,0.0
2022-10-28 12:30:00-04:00,16.1299991607666,16.149999618530273,16.059999465942383,16.059999465942383,7105,0.0,0.0
2022-10-28 13:30:00-04:00,16.05139923095703,16.05139923095703,15.9399995803833,15.949999809265137,24088,0.0,0.0
2022-10-28 14:30:00-04:00,15.996600151062012,15.996600151062012,15.960000038146973,15.966400146484375,5991,0.0,0.0
2022-10-28 15:30:00-04:00,16.0,16.059999465942383,16.0,16.030000686645508,4480,0.0,0.0
2022-10-31 09:30:00-04:00,16.110000610351562,16.155000686645508,16.0,16.149999618530273,0,0.0,0.0
2022-10-31 10:30:00-04:00,16.13680076599121,16.139999389648438,16.130699157714844,16.130699157714844,981,0.0,0.0
2022-10-31 11:30:00-04:00,16.1299991607666,16.229999542236328,16.1299991607666,16.170000076293945,4070,0.0,0.0
2022-10-31 12:30:00-04:00,16.209999084472656,16.25,16.18079948425293,16.204999923706055,3675,0.0,0.0
2022-10-31 13:30:00-04:00,16.219999313354492,16.219999313354492,16.177400588989258,16.196399688720703,4408,0.0,0.0
2022-10-31 14:30:00-04:00,16.219999313354492,16.219999313354492,16.1299991607666,16.150100708007812,11007,0.0,0.0
2022-10-31 15:30:00-04:00,16.149999618530273,16.170000076293945,16.110000610351562,16.1200008392334,5913,0.0,0.0
2022-11-01 09:30:00-04:00,16.25,16.25,15.789999961853027,16.170000076293945,0,0.0,0.0
2022-11-01 10:30:00-04:00,16.077499389648438,16.127500534057617,16.06999969482422,16.06999969482422,15916,0.0,0.0
2022-11-01 11:30:00-04:00,16.06999969482422,16.0846004486084,16.040000915527344,16.074600219726562,2867,0.0,0.0
2022-11-01 12:30:00-04:00,15.989999771118164,16.031700134277344,15.9399995803833,16.025699615478516,2631,0.0,0.0
2022-11-01 13:30:00-04:00,16.030000686645508,16.049999237060547,16.021799087524414,16.036300659179688,4582,0.0,0.0
2022-11-01 14:30:00-04:00,16.024999618530273,16.024999618530273,15.96090030670166,15.979999542236328,5892,0.0,0.0
2022-11-01 15:30:00-04:00,15.979999542236328,16.010000228881836,15.960000038146973,15.984999656677246,5562,0.0,0.0
2022-11-02 09:30:00-04:00,15.850000381469727,15.980799674987793,15.850000381469727,15.850000381469727,0,0.0,0.0
2022-11-02 10:30:00-04:00,15.789999961853027,15.806400299072266,15.760100364685059,15.793700218200684,3517,0.0,0.0
2022-11-02 11:30:00-04:00,15.789999961853027,15.793999671936035,15.789999961853027,15.793999671936035,1231,0.0,0.0
2022-11-02 12:30:00-04:00,15.77180004119873,15.789999961853027,15.76200008392334,15.779999732971191,4928,0.0,0.0
2022-11-02 13:30:00-04:00,15.75,15.79319953918457,15.675800323486328,15.774999618530273,8829,0.0,0.0
2022-11-02 14:30:00-04:00,15.779999732971191,15.949999809265137,15.75,15.949999809265137,6113,0.0,0.0
2022-11-02 15:30:00-04:00,16.010000228881836,16.010000228881836,15.899999618530273,15.949999809265137,4940,0.0,0.0
2022-11-03 09:30:00-04:00,15.90999984741211,16.010000228881836,15.659500122070312,15.832200050354004,0,0.0,0.0
2022-11-03 10:30:00-04:00,15.89799976348877,15.89799976348877,15.89799976348877,15.89799976348877,591,0.0,0.0
2022-11-03 11:30:00-04:00,15.899999618530273,15.899999618530273,15.760100364685059,15.860099792480469,2309,0.0,0.0
2022-11-03 12:30:00-04:00,15.850099563598633,15.946399688720703,15.819100379943848,15.864999771118164,3855,0.0,0.0
2022-11-03 13:30:00-04:00,15.859999656677246,15.9399995803833,15.821900367736816,15.930000305175781,1744,0.0,0.0
2022-11-03 14:30:00-04:00,15.875,15.875,15.8100004196167,15.810099601745605,4382,0.0,0.0
2022-11-03 15:30:00-04:00,15.770000457763672,15.800000190734863,15.739999771118164,15.739999771118164,5113,0.0,0.0
2022-11-04 09:30:00-04:00,15.890000343322754,15.904999732971191,15.720100402832031,15.899999618530273,0,0.0,0.0
2022-11-04 10:30:00-04:00,15.899999618530273,16.06999969482422,15.899999618530273,15.920000076293945,14431,0.0,0.0
2022-11-04 11:30:00-04:00,15.899999618530273,15.963700294494629,15.899999618530273,15.963700294494629,2885,0.0,0.0
2022-11-04 12:30:00-04:00,15.949999809265137,15.96500015258789,15.928999900817871,15.928999900817871,5730,0.0,0.0
2022-11-04 13:30:00-04:00,15.9350004196167,15.9350004196167,15.925000190734863,15.9350004196167,3721,0.0,0.0
2022-11-04 14:30:00-04:00,15.930000305175781,15.930000305175781,15.824899673461914,15.850000381469727,3729,0.0,0.0
2022-11-04 15:30:00-04:00,15.875900268554688,15.875900268554688,15.800000190734863,15.84000015258789,10153,0.0,0.0
2022-11-07 09:30:00-05:00,15.84000015258789,15.84000015258789,15.670000076293945,15.75,0,0.0,0.0
2022-11-07 10:30:00-05:00,15.71679973602295,15.71679973602295,15.4399995803833,15.460000038146973,13579,0.0,0.0
2022-11-07 11:30:00-05:00,15.444999694824219,15.479999542236328,15.4350004196167,15.479999542236328,12703,0.0,0.0
2022-11-07 12:30:00-05:00,15.470000267028809,15.524999618530273,15.470000267028809,15.505000114440918,3491,0.0,0.0
2022-11-07 13:30:00-05:00,15.5,15.508199691772461,15.479999542236328,15.489999771118164,5907,0.0,0.0
2022-11-07 14:30:00-05:00,15.509499549865723,15.550000190734863,15.489999771118164,15.529999732971191,9987,0.0,0.0
2022-11-07 15:30:00-05:00,15.550000190734863,15.59000015258789,15.539999961853027,15.59000015258789,5491,0.0,0.0
2022-11-08 09:30:00-05:00,15.619999885559082,15.869000434875488,15.579999923706055,15.869000434875488,0,0.0,0.0
2022-11-08 10:30:00-05:00,15.829999923706055,15.829999923706055,15.800000190734863,15.800000190734863,912,0.0,0.0
2022-11-08 11:30:00-05:00,15.775099754333496,15.84160041809082,15.768199920654297,15.819999694824219,9537,0.0,0.0
2022-11-08 12:30:00-05:00,15.815999984741211,15.815999984741211,15.635000228881836,15.699999809265137,21491,0.0,0.0
2022-11-08 13:30:00-05:00,15.699999809265137,15.699999809265137,15.399999618530273,15.489999771118164,15713,0.0,0.0
2022-11-08 14:30:00-05:00,15.460000038146973,15.850000381469727,15.435600280761719,15.824999809265137,21153,0.0,0.0
2022-11-08 15:30:00-05:00,15.856599807739258,15.869999885559082,15.729999542236328,15.729999542236328,7470,0.0,0.0
2022-11-09 09:30:00-05:00,15.619999885559082,15.720000267028809,15.544400215148926,15.720000267028809,0,0.0,0.0
2022-11-09 10:30:00-05:00,15.75,15.779999732971191,15.701299667358398,15.739999771118164,6799,0.0,0.0
2022-11-09 11:30:00-05:00,15.789999961853027,15.789999961853027,15.75,15.75,1218,0.0,0.0
2022-11-09 12:30:00-05:00,15.75,15.75,15.693599700927734,15.739999771118164,1467,0.0,0.0
2022-11-09 13:30:00-05:00,15.699999809265137,15.699999809265137,15.65999984741211,15.691100120544434,4948,0.0,0.0
2022-11-09 14:30:00-05:00,15.6899995803833,15.7253999710083,15.649999618530273,15.7253999710083,12060,0.0,0.0
2022-11-09 15:30:00-05:00,15.718199729919434,15.729999542236328,15.699999809265137,15.699999809265137,2063,0.0,0.0
2022-11-10 09:30:00-05:00,15.949999809265137,16.25,15.949999809265137,16.235000610351562,31551,0.0,0.0
2022-11-10 10:30:00-05:00,16.170000076293945,16.239999771118164,16.100000381469727,16.155000686645508,10929,0.0,0.0
2022-11-10 11:30:00-05:00,16.18000030517578,16.5,16.149999618530273,16.5,28368,0.0,0.0
2022-11-10 12:30:00-05:00,16.498600006103516,16.510000228881836,16.329999923706055,16.329999923706055,11343,0.0,0.0
2022-11-10 13:30:00-05:00,16.322999954223633,16.440000534057617,16.299999237060547,16.420000076293945,13763,0.0,0.0
2022-11-10 14:30:00-05:00,16.420000076293945,16.420000076293945,16.229999542236328,16.260000228881836,12238,0.0,0.0
2022-11-10 15:30:00-05:00,16.25,16.399999618530273,16.209999084472656,16.34000015258789,25365,0.0,0.0
2022-11-11 09:30:00-05:00,16.229999542236328,16.665000915527344,16.229999542236328,16.587099075317383,0,0.0,0.0
2022-11-11 10:30:00-05:00,16.655000686645508,16.655000686645508,16.5,16.510000228881836,9172,0.0,0.0
2022-11-11 11:30:00-05:00,16.520000457763672,16.552799224853516,16.512500762939453,16.530000686645508,2030,0.0,0.0
2022-11-11 12:30:00-05:00,16.530000686645508,16.545000076293945,16.40999984741211,16.540000915527344,12709,0.0,0.0
2022-11-11 13:30:00-05:00,16.579999923706055,16.579999923706055,16.540000915527344,16.559999465942383,6262,0.0,0.0
2022-11-11 14:30:00-05:00,16.559999465942383,16.559999465942383,16.542699813842773,16.549999237060547,1535,0.0,0.0
2022-11-11 15:30:00-05:00,16.545000076293945,16.56999969482422,16.510000228881836,16.53499984741211,3895,0.0,0.0
2022-11-14 09:30:00-05:00,16.450000762939453,16.450000762939453,16.239999771118164,16.291500091552734,0,0.0,0.0
2022-11-14 10:30:00-05:00,16.270700454711914,16.280000686645508,16.24139976501465,16.270000457763672,3544,0.0,0.0
2022-11-14 11:30:00-05:00,16.239999771118164,16.299999237060547,16.238800048828125,16.281400680541992,2437,0.0,0.0
2022-11-14 12:30:00-05:00,16.261199951171875,16.280000686645508,16.239999771118164,16.26580047607422,4345,0.0,0.0
2022-11-14 13:30:00-05:00,16.30500030517578,16.329999923706055,16.290000915527344,16.32990074157715,4688,0.0,0.0
2022-11-14 14:30:00-05:00,16.345800399780273,16.479999542236328,16.345800399780273,16.479999542236328,16290,0.0,0.0
2022-11-14 15:30:00-05:00,16.3700008392334,16.3700008392334,16.335899353027344,16.3700008392334,3112,0.0,0.0
2022-11-15 09:30:00-05:00,16.479999542236328,16.670000076293945,16.399999618530273,16.530000686645508,34478,0.0,0.0
2022-11-15 10:30:00-05:00,16.625,16.8843994140625,16.6200008392334,16.8843994140625,35589,0.0,0.0
2022-11-15 11:30:00-05:00,16.884899139404297,17.059999465942383,16.85300064086914,17.049999237060547,35380,0.0,0.0
2022-11-15 12:30:00-05:00,17.049999237060547,17.06529998779297,16.961000442504883,16.961000442504883,12406,0.0,0.0
2022-11-15 13:30:00-05:00,16.954999923706055,17.059999465942383,16.920000076293945,17.0049991607666,10052,0.0,0.0
2022-11-15 14:30:00-05:00,17.010000228881836,17.049999237060547,16.954999923706055,16.969999313354492,9572,0.0,0.0
2022-11-15 15:30:00-05:00,16.950000762939453,17.010000228881836,16.950000762939453,16.989999771118164,3320,0.0,0.0
2022-11-16 09:30:00-05:00,17.1200008392334,17.1200008392334,16.908700942993164,16.954999923706055,10980,0.0,0.0
2022-11-16 10:30:00-05:00,16.90999984741211,16.989999771118164,16.90999984741211,16.91939926147461,7965,0.0,0.0
2022-11-16 11:30:00-05:00,16.954999923706055,17.024999618530273,16.93000030517578,16.947999954223633,5874,0.0,0.0
2022-11-16 12:30:00-05:00,17.05620002746582,17.059999465942383,16.940099716186523,17.049999237060547,7525,0.0,0.0
2022-11-16 13:30:00-05:00,17.059999465942383,17.109699249267578,17.020000457763672,17.020000457763672,5827,0.0,0.0
2022-11-16 14:30:00-05:00,17.06679916381836,17.06679916381836,16.950000762939453,17.020000457763672,6167,0.0,0.0
2022-11-16 15:30:00-05:00,17.020000457763672,17.020000457763672,16.989999771118164,17.020000457763672,1726,0.0,0.0
2022-11-17 09:30:00-05:00,16.8700008392334,16.923799514770508,16.770000457763672,16.896699905395508,10721,0.0,0.0
2022-11-17 10:30:00-05:00,16.8799991607666,16.895099639892578,16.790000915527344,16.7992000579834,6498,0.0,0.0
2022-11-17 11:30:00-05:00,16.790000915527344,16.829999923706055,16.790000915527344,16.799999237060547,2819,0.0,0.0
2022-11-17 12:30:00-05:00,16.809999465942383,16.834999084472656,16.752300262451172,16.799999237060547,8616,0.0,0.0
2022-11-17 13:30:00-05:00,16.825700759887695,16.825700759887695,16.72010040283203,16.720300674438477,8248,0.0,0.0
2022-11-17 14:30:00-05:00,16.729999542236328,16.729999542236328,16.5,16.549999237060547,20750,0.0,0.0
2022-11-17 15:30:00-05:00,16.530000686645508,16.639999389648438,16.459999084472656,16.639999389648438,13318,0.0,0.0
2022-11-18 09:30:00-05:00,16.520000457763672,16.678499221801758,16.5,16.5,0,0.0,0.0
2022-11-18 10:30:00-05:00,16.399999618530273,16.5,16.395000457763672,16.5,14972,0.0,0.0
2022-11-18 11:30:00-05:00,16.5,16.510000228881836,16.42009925842285,16.450000762939453,8399,0.0,0.0
2022-11-18 12:30:00-05:00,16.450000762939453,16.5049991607666,16.31999969482422,16.459999084472656,17641,0.0,0.0
2022-11-18 13:30:00-05:00,16.479999542236328,16.5,16.3799991607666,16.489999771118164,6986,0.0,0.0
2022-11-18 14:30:00-05:00,16.430099487304688,16.5,16.3799991607666,16.451400756835938,6808,0.0,0.0
2022-11-18 15:30:00-05:00,16.454999923706055,16.454999923706055,16.399999618530273,16.399999618530273,1982,0.0,0.0
2022-11-21 09:30:00-05:00,16.31999969482422,16.639999389648438,16.31999969482422,16.399999618530273,11744,0.0,0.0
2022-11-21 10:30:00-05:00,16.414499282836914,16.489999771118164,16.337499618530273,16.399999618530273,13142,0.0,0.0
2022-11-21 11:30:00-05:00,16.452499389648438,16.486600875854492,16.329999923706055,16.354999542236328,8740,0.0,0.0
2022-11-21 12:30:00-05:00,16.350000381469727,16.433700561523438,16.329999923706055,16.386199951171875,5994,0.0,0.0
2022-11-21 13:30:00-05:00,16.399999618530273,16.44499969482422,16.399999618530273,16.420000076293945,4928,0.0,0.0
2022-11-21 14:30:00-05:00,16.420000076293945,16.479900360107422,16.33009910583496,16.450000762939453,7459,0.0,0.0
2022-11-21 15:30:00-05:00,16.453100204467773,16.479999542236328,16.3799991607666,16.3799991607666,4586,0.0,0.0
2022-11-22 09:30:00-05:00,16.5,16.579999923706055,16.368200302124023,16.545000076293945,0,0.0,0.0
2022-11-22 10:30:00-05:00,16.530000686645508,16.545000076293945,16.520000457763672,16.530000686645508,2700,0.0,0.0
2022-11-22 11:30:00-05:00,16.549999237060547,16.56999969482422,16.520000457763672,16.53499984741211,4516,0.0,0.0
2022-11-22 12:30:00-05:00,16.53499984741211,16.614299774169922,16.53499984741211,16.579999923706055,5236,0.0,0.0
2022-11-22 13:30:00-05:00,16.56999969482422,16.625200271606445,16.559999465942383,16.59000015258789,9170,0.0,0.0
2022-11-22 14:30:00-05:00,16.6200008392334,16.6200008392334,16.5,16.540000915527344,13478,0.0,0.0
2022-11-22 15:30:00-05:00,16.520000457763672,16.540000915527344,16.459999084472656,16.479999542236328,7392,0.0,0.0
2022-11-23 09:30:00-05:00,16.530000686645508,16.65999984741211,16.530000686645508,16.59000015258789,0,0.0,0.0
2022-11-23 10:30:00-05:00,16.59980010986328,16.649999618530273,16.530000686645508,16.64299964904785,17989,0.0,0.0
2022-11-23 11:30:00-05:00,16.625,16.625,16.600000381469727,16.602100372314453,2202,0.0,0.0
2022-11-23 12:30:00-05:00,16.530000686645508,16.600000381469727,16.530000686645508,16.57200050354004,1335,0.0,0.0
2022-11-23 13:30:00-05:00,16.610000610351562,16.649999618530273,16.5,16.639999389648438,11058,0.0,0.0
2022-11-23 14:30:00-05:00,16.614999771118164,16.6200008392334,16.579999923706055,16.6200008392334,4217,0.0,0.0
2022-11-23 15:30:00-05:00,16.604999542236328,16.610000610351562,16.559999465942383,16.56999969482422,3760,0.0,0.0
2022-11-25 09:30:00-05:00,16.56999969482422,16.610000610351562,16.56999969482422,16.59000015258789,0,0.0,0.0
2022-11-25 10:30:00-05:00,16.56999969482422,16.610000610351562,16.559999465942383,16.600000381469727,1937,0.0,0.0
2022-11-25 11:30:00-05:00,16.594200134277344,16.594200134277344,16.530000686645508,16.559999465942383,2984,0.0,0.0
2022-11-28 09:30:00-05:00,16.579999923706055,16.716699600219727,16.520999908447266,16.6466007232666,9058,0.0,0.0
2022-11-28 10:30:00-05:00,16.625,16.700000762939453,16.625,16.677799224853516,7309,0.0,0.0
2022-11-28 11:30:00-05:00,16.6200008392334,16.655000686645508,16.5939998626709,16.5939998626709,5877,0.0,0.0
2022-11-28 12:30:00-05:00,16.610000610351562,16.6200008392334,16.56999969482422,16.579999923706055,2319,0.0,0.0
2022-11-28 13:30:00-05:00,16.610000610351562,16.6200008392334,16.559999465942383,16.6200008392334,6825,0.0,0.0
2022-11-28 14:30:00-05:00,16.6200008392334,16.62809944152832,16.559999465942383,16.579999923706055,13014,0.0,0.0
2022-11-28 15:30:00-05:00,16.600000381469727,16.670000076293945,16.59000015258789,16.670000076293945,12998,0.0,0.0
2022-11-29 09:30:00-05:00,16.639999389648438,16.679899215698242,16.3700008392334,16.4950008392334,0,0.0,0.0
2022-11-29 10:30:00-05:00,16.559999465942383,16.56999969482422,16.489999771118164,16.53499984741211,4048,0.0,0.0
2022-11-29 11:30:00-05:00,16.53499984741211,16.65880012512207,16.510000228881836,16.57270050048828,5548,0.0,0.0
2022-11-29 12:30:00-05:00,16.61910057067871,16.6200008392334,16.5,16.565000534057617,14924,0.0,0.0
2022-11-29 13:30:00-05:00,16.57430076599121,16.6200008392334,16.545499801635742,16.6200008392334,7427,0.0,0.0
2022-11-29 14:30:00-05:00,16.59000015258789,16.6200008392334,16.549999237060547,16.610000610351562,8361,0.0,0.0
2022-11-29 15:30:00-05:00,16.6200008392334,16.6200008392334,16.5,16.600000381469727,13004,0.0,0.0
2022-11-30 09:30:00-05:00,16.75,16.75,16.5,16.700000762939453,0,0.0,0.0
2022-11-30 10:30:00-05:00,16.670499801635742,16.670499801635742,16.56999969482422,16.590599060058594,10456,0.0,0.0
2022-11-30 11:30:00-05:00,16.597200393676758,16.631099700927734,16.573999404907227,16.573999404907227,3816,0.0,0.0
2022-11-30 12:30:00-05:00,16.593900680541992,16.641799926757812,16.577499389648438,16.63010025024414,4061,0.0,0.0
2022-11-30 13:30:00-05:00,16.639999389648438,16.90999984741211,16.6200008392334,16.850000381469727,27295,0.0,0.0
2022-11-30 14:30:00-05:00,16.850000381469727,16.920000076293945,16.799999237060547,16.90999984741211,31101,0.0,0.0
2022-11-30 15:30:00-05:00,16.90999984741211,16.969999313354492,16.84000015258789,16.850000381469727,18679,0.0,0.0
2022-12-01 09:30:00-05:00,16.979999542236328,17.0,16.91790008544922,16.93000030517578,0,0.0,0.0
2022-12-01 10:30:00-05:00,16.911800384521484,16.953500747680664,16.898300170898438,16.950000762939453,6960,0.0,0.0
2022-12-01 11:30:00-05:00,16.93000030517578,16.93000030517578,16.899999618530273,16.899999618530273,11435,0.0,0.0
2022-12-01 12:30:00-05:00,16.899999618530273,16.949899673461914,16.899999618530273,16.899999618530273,4507,0.0,0.0
2022-12-01 13:30:00-05:00,16.899999618530273,16.931900024414062,16.8700008392334,16.899999618530273,7486,0.0,0.0
2022-12-01 14:30:00-05:00,16.8799991607666,16.950000762939453,16.8799991607666,16.899999618530273,13577,0.0,0.0
2022-12-01 15:30:00-05:00,16.885000228881836,16.928600311279297,16.84000015258789,16.8799991607666,9297,0.0,0.0
2022-12-02 09:30:00-05:00,16.8799991607666,16.8799991607666,16.75,16.75,4689,0.0,0.0
2022-12-02 10:30:00-05:00,16.760099411010742,16.780000686645508,16.719999313354492,16.770000457763672,12651,0.0,0.0
2022-12-02 11:30:00-05:00,16.75,16.81999969482422,16.719999313354492,16.81999969482422,5247,0.0,0.0
2022-12-02 12:30:00-05:00,16.791000366210938,16.82990074157715,16.791000366210938,16.82990074157715,3215,0.0,0.0
2022-12-02 13:30:00-05:00,16.829999923706055,16.8799991607666,16.760000228881836,16.760000228881836,7577,0.0,0.0
2022-12-02 14:30:00-05:00,16.760000228881836,16.770000457763672,16.579999923706055,16.610000610351562,18525,0.0,0.0
2022-12-02 15:30:00-05:00,16.610000610351562,16.62299919128418,16.59000015258789,16.610000610351562,9246,0.0,0.0
2022-12-05 09:30:00-05:00,16.600000381469727,16.719999313354492,16.579999923706055,16.67959976196289,0,0.0,0.0
2022-12-05 10:30:00-05:00,16.639999389648438,16.664100646972656,16.582000732421875,16.582000732421875,4830,0.0,0.0
2022-12-05 11:30:00-05:00,16.6299991607666,16.639999389648438,16.540000915527344,16.54199981689453,5222,0.0,0.0
2022-12-05 12:30:00-05:00,16.60580062866211,16.60580062866211,16.536500930786133,16.55780029296875,5437,0.0,0.0
2022-12-05 13:30:00-05:00,16.56060028076172,16.600000381469727,16.510000228881836,16.530000686645508,8816,0.0,0.0
2022-12-05 14:30:00-05:00,16.59000015258789,16.600000381469727,16.510000228881836,16.559999465942383,15191,0.0,0.0
2022-12-05 15:30:00-05:00,16.549999237060547,16.549999237060547,16.5,16.5,5611,0.0,0.0
2022-12-06 09:30:00-05:00,16.559999465942383,16.6200008392334,16.420000076293945,16.420000076293945,0,0.0,0.0
2022-12-06 10:30:00-05:00,16.421600341796875,16.524999618530273,16.40060043334961,16.465900421142578,15517,0.0,0.0
2022-12-06 11:30:00-05:00,16.479999542236328,16.509199142456055,16.465099334716797,16.5,2736,0.0,0.0
2022-12-06 12:30:00-05:00,16.4950008392334,16.4950008392334,16.450000762939453,16.479999542236328,5657,0.0,0.0
2022-12-06 13:30:00-05:00,16.459999084472656,16.489999771118164,16.329999923706055,16.44499969482422,53345,0.0,0.0
2022-12-06 14:30:00-05:00,16.420000076293945,16.420000076293945,16.070999145507812,16.239999771118164,51183,0.0,0.0
2022-12-06 15:30:00-05:00,16.309999465942383,16.350000381469727,16.287599563598633,16.309999465942383,11760,0.0,0.0
2022-12-07 09:30:00-05:00,16.3700008392334,16.5,16.3700008392334,16.5,11089,0.0,0.0
2022-12-07 10:30:00-05:00,16.5,16.600000381469727,16.459999084472656,16.459999084472656,34487,0.0,0.0
2022-12-07 11:30:00-05:00,16.46419906616211,16.469999313354492,16.41200065612793,16.440000534057617,8151,0.0,0.0
2022-12-07 12:30:00-05:00,16.44499969482422,16.520000457763672,16.44499969482422,16.489999771118164,15044,0.0,0.0
2022-12-07 13:30:00-05:00,16.470399856567383,16.509899139404297,16.470399856567383,16.509899139404297,4504,0.0,0.0
2022-12-07 14:30:00-05:00,16.469999313354492,16.489999771118164,16.440000534057617,16.479999542236328,6269,0.0,0.0
2022-12-07 15:30:00-05:00,16.479999542236328,16.489999771118164,16.43000030517578,16.489999771118164,13817,0.0,0.0
2022-12-08 09:30:00-05:00,16.489999771118164,16.509899139404297,16.440000534057617,16.469999313354492,0,0.0,0.0
2022-12-08 10:30:00-05:00,16.5,16.559999465942383,16.45009994506836,16.485000610351562,33040,0.0,0.0
2022-12-08 11:30:00-05:00,16.489999771118164,16.549999237060547,16.440000534057617,16.485000610351562,9657,0.0,0.0
2022-12-08 12:30:00-05:00,16.469999313354492,16.469999313354492,16.329999923706055,16.3799991607666,16988,0.0,0.0
2022-12-08 13:30:00-05:00,16.389999389648438,16.489900588989258,16.350000381469727,16.475000381469727,20692,0.0,0.0
2022-12-08 14:30:00-05:00,16.482999801635742,16.513999938964844,16.420000076293945,16.459999084472656,9865,0.0,0.0
2022-12-08 15:30:00-05:00,16.440000534057617,16.479999542236328,16.350000381469727,16.459999084472656,16891,0.0,0.0
2022-12-09 09:30:00-05:00,16.3799991607666,16.41659927368164,16.178199768066406,16.180700302124023,0,0.0,0.0
2022-12-09 10:30:00-05:00,16.22319984436035,16.3799991607666,16.209999084472656,16.299999237060547,7064,0.0,0.0
2022-12-09 11:30:00-05:00,16.299999237060547,16.389999389648438,16.260000228881836,16.389999389648438,12646,0.0,0.0
2022-12-09 12:30:00-05:00,16.360000610351562,16.405000686645508,16.219999313354492,16.219999313354492,10329,0.0,0.0
2022-12-09 13:30:00-05:00,16.219999313354492,16.22599983215332,16.15999984741211,16.190000534057617,7219,0.0,0.0
2022-12-09 14:30:00-05:00,16.229999542236328,16.31999969482422,16.100000381469727,16.170000076293945,21115,0.0,0.0
2022-12-09 15:30:00-05:00,16.219999313354492,16.280000686645508,16.1200008392334,16.139999389648438,5767,0.0,0.0
2022-12-12 09:30:00-05:00,16.3700008392334,16.3700008392334,16.209999084472656,16.219999313354492,0,0.0,0.0
2022-12-12 10:30:00-05:00,16.25,16.329999923706055,16.142200469970703,16.299999237060547,14125,0.0,0.0
2022-12-12 11:30:00-05:00,16.299999237060547,16.420000076293945,16.299999237060547,16.334999084472656,13011,0.0,0.0
2022-12-12 12:30:00-05:00,16.340099334716797,16.3799991607666,16.312999725341797,16.325000762939453,13947,0.0,0.0
2022-12-12 13:30:00-05:00,16.325000762939453,16.420000076293945,16.31999969482422,16.387500762939453,19072,0.0,0.0
2022-12-12 14:30:00-05:00,16.389999389648438,16.399999618530273,16.299999237060547,16.3700008392334,21603,0.0,0.0
2022-12-12 15:30:00-05:00,16.3799991607666,16.40999984741211,16.360000610351562,16.399999618530273,19228,0.0,0.0
2022-12-13 09:30:00-05:00,16.6299991607666,16.770000457763672,16.587499618530273,16.75,0,0.0,0.0
2022-12-13 10:30:00-05:00,16.719999313354492,16.738300323486328,16.57200050354004,16.57200050354004,15234,0.0,0.0
2022-12-13 11:30:00-05:00,16.595699310302734,16.6200008392334,16.59000015258789,16.6200008392334,2109,0.0,0.0
2022-12-13 12:30:00-05:00,16.610000610351562,16.65850067138672,16.600000381469727,16.65850067138672,15383,0.0,0.0
2022-12-13 13:30:00-05:00,16.6299991607666,16.6299991607666,16.459999084472656,16.479999542236328,11118,0.0,0.0
2022-12-13 14:30:00-05:00,16.510000228881836,16.510000228881836,16.350000381469727,16.364999771118164,15091,0.0,0.0
2022-12-13 15:30:00-05:00,16.350000381469727,16.40250015258789,16.350000381469727,16.399999618530273,0,0.0,0.0
2022-12-14 09:30:00-05:00,16.31999969482422,16.46489906311035,16.31999969482422,16.350000381469727,13519,0.0,0.0
2022-12-14 10:30:00-05:00,16.360000610351562,16.425600051879883,16.262500762939453,16.280000686645508,7858,0.0,0.0
2022-12-14 11:30:00-05:00,16.405399322509766,16.42329978942871,16.30139923095703,16.389299392700195,6408,0.0,0.0
2022-12-14 12:30:00-05:00,16.329999923706055,16.440000534057617,16.329999923706055,16.399999618530273,16871,0.0,0.0
2022-12-14 13:30:00-05:00,16.420000076293945,16.42289924621582,16.35849952697754,16.35849952697754,9732,0.0,0.0
2022-12-14 14:30:00-05:00,16.310400009155273,16.420000076293945,16.310400009155273,16.3799991607666,6612,0.0,0.0
2022-12-14 15:30:00-05:00,16.3700008392334,16.40999984741211,16.329999923706055,16.399999618530273,11441,0.0,0.0
2022-12-15 09:30:00-05:00,16.420000076293945,16.450000762939453,16.329999923706055,16.399999618530273,0,0.0,0.0
2022-12-15 10:30:00-05:00,16.415000915527344,16.420000076293945,16.31999969482422,16.34000015258789,27898,0.0,0.0
2022-12-15 11:30:00-05:00,16.31999969482422,16.329999923706055,16.25,16.280000686645508,24020,0.0,0.0
2022-12-15 12:30:00-05:00,16.274999618530273,16.350000381469727,16.274999618530273,16.304000854492188,13504,0.0,0.0
2022-12-15 13:30:00-05:00,16.299999237060547,16.350000381469727,16.299999237060547,16.31999969482422,10867,0.0,0.0
2022-12-15 14:30:00-05:00,16.31999969482422,16.399999618530273,16.31999969482422,16.36680030822754,14811,0.0,0.0
2022-12-15 15:30:00-05:00,16.34000015258789,16.3799991607666,16.34000015258789,16.3799991607666,5747,0.0,0.0
2022-12-16 09:30:00-05:00,16.3799991607666,16.469900131225586,16.209999084472656,16.469900131225586,35981,0.0,0.0
2022-12-16 10:30:00-05:00,16.469999313354492,16.489999771118164,16.40999984741211,16.40999984741211,8173,0.0,0.0
2022-12-16 11:30:00-05:00,16.43000030517578,16.469999313354492,16.360000610351562,16.459999084472656,8968,0.0,0.0
2022-12-16 12:30:00-05:00,16.42009925842285,16.450000762939453,16.40999984741211,16.440000534057617,5636,0.0,0.0
2022-12-16 13:30:00-05:00,16.434999465942383,16.479999542236328,16.40999984741211,16.440000534057617,17773,0.0,0.0
2022-12-16 14:30:00-05:00,16.454999923706055,16.594999313354492,16.454999923706055,16.594999313354492,24753,0.0,0.0
2022-12-16 15:30:00-05:00,16.610000610351562,16.63129997253418,16.502199172973633,16.549999237060547,2527,0.0,0.0
2022-12-19 09:30:00-05:00,16.40999984741211,16.459999084472656,16.361799240112305,16.361799240112305,0,0.0,0.0
2022-12-19 10:30:00-05:00,16.324800491333008,16.40999984741211,16.270099639892578,16.34000015258789,7491,0.0,0.0
2022-12-19 11:30:00-05:00,16.31999969482422,16.360000610351562,16.280000686645508,16.360000610351562,16673,0.0,0.0
2022-12-19 12:30:00-05:00,16.359899520874023,16.440000534057617,16.320100784301758,16.420000076293945,9441,0.0,0.0
2022-12-19 13:30:00-05:00,16.416200637817383,16.43000030517578,16.385000228881836,16.385000228881836,11868,0.0,0.0
2022-12-19 14:30:00-05:00,16.395000457763672,16.40999984741211,16.290000915527344,16.40999984741211,23871,0.0,0.0
2022-12-19 15:30:00-05:00,16.377099990844727,16.440000534057617,16.373899459838867,16.440000534057617,8464,0.0,0.0
2022-12-20 09:30:00-05:00,16.420000076293945,16.5,16.299999237060547,16.380599975585938,0,0.0,0.0
2022-12-20 10:30:00-05:00,16.360599517822266,16.399999618530273,16.309999465942383,16.309999465942383,15094,0.0,0.0
2022-12-20 11:30:00-05:00,16.370399475097656,16.475799560546875,16.350099563598633,16.440000534057617,7361,0.0,0.0
2022-12-20 12:30:00-05:00,16.440000534057617,16.440000534057617,16.34000015258789,16.3612003326416,9509,0.0,0.0
2022-12-20 13:30:00-05:00,16.440000534057617,16.450000762939453,16.350000381469727,16.399999618530273,4557,0.0,0.0
2022-12-20 14:30:00-05:00,16.417299270629883,16.459999084472656,16.350000381469727,16.44499969482422,2902,0.0,0.0
2022-12-20 15:30:00-05:00,16.468399047851562,16.489999771118164,16.3799991607666,16.40999984741211,15734,0.0,0.0
2022-12-21 09:30:00-05:00,16.40999984741211,16.579999923706055,16.40999984741211,16.520000457763672,0,0.0,0.0
2022-12-21 10:30:00-05:00,16.467500686645508,16.520000457763672,16.405000686645508,16.450000762939453,8448,0.0,0.0
2022-12-21 11:30:00-05:00,16.450000762939453,16.479999542236328,16.424999237060547,16.47260093688965,4445,0.0,0.0
2022-12-21 12:30:00-05:00,16.469999313354492,16.483999252319336,16.3799991607666,16.381200790405273,15558,0.0,0.0
2022-12-21 13:30:00-05:00,16.38279914855957,16.38279914855957,16.34000015258789,16.349899291992188,13287,0.0,0.0
2022-12-21 14:30:00-05:00,16.34000015258789,16.34000015258789,16.280000686645508,16.309999465942383,29352,0.0,0.0
2022-12-21 15:30:00-05:00,16.313800811767578,16.40999984741211,16.313800811767578,16.389999389648438,8356,0.0,0.0
2022-12-22 09:30:00-05:00,16.280000686645508,16.43000030517578,16.280000686645508,16.43000030517578,9659,0.0,0.0
2022-12-22 10:30:00-05:00,16.360000610351562,16.389999389648438,16.270000457763672,16.300100326538086,14027,0.0,0.0
2022-12-22 11:30:00-05:00,16.319900512695312,16.319900512695312,16.235000610351562,16.235000610351562,5535,0.0,0.0
2022-12-22 12:30:00-05:00,16.21769905090332,16.2450008392334,16.149999618530273,16.149999618530273,5708,0.0,0.0
2022-12-22 13:30:00-05:00,16.15999984741211,16.15999984741211,16.040000915527344,16.059900283813477,8787,0.0,0.0
2022-12-22 14:30:00-05:00,16.059900283813477,16.155899047851562,16.049999237060547,16.06999969482422,18094,0.0,0.0
2022-12-22 15:30:00-05:00,16.06999969482422,16.08989906311035,16.059999465942383,16.059999465942383,5666,0.0,0.0
2022-12-23 09:30:00-05:00,16.110000610351562,16.426700592041016,16.100099563598633,16.24250030517578,0,0.0,0.0
2022-12-23 10:30:00-05:00,16.100099563598633,16.239999771118164,16.05139923095703,16.062999725341797,22557,0.0,0.0
2022-12-23 11:30:00-05:00,16.110000610351562,16.152599334716797,15.920000076293945,15.949999809265137,18502,0.0,0.0
2022-12-23 12:30:00-05:00,15.984999656677246,16.0049991607666,15.829999923706055,15.984999656677246,37296,0.0,0.0
2022-12-23 13:30:00-05:00,15.984999656677246,16.190000534057617,15.949999809265137,16.170000076293945,17412,0.0,0.0
2022-12-23 14:30:00-05:00,16.18000030517578,16.190000534057617,15.979999542236328,15.979999542236328,7046,0.0,0.0
2022-12-23 15:30:00-05:00,16.030000686645508,16.06999969482422,16.0,16.014999389648438,4231,0.0,0.0
2022-12-27 09:30:00-05:00,15.930000305175781,15.989999771118164,15.779999732971191,15.886799812316895,0,0.0,0.0
2022-12-27 10:30:00-05:00,15.890000343322754,15.890000343322754,15.800000190734863,15.800000190734863,6335,0.0,0.0
2022-12-27 11:30:00-05:00,15.784299850463867,15.920000076293945,15.784299850463867,15.815500259399414,15728,0.0,0.0
2022-12-27 12:30:00-05:00,15.835000038146973,15.835000038146973,15.609999656677246,15.638999938964844,29280,0.0,0.0
2022-12-27 13:30:00-05:00,15.649999618530273,15.654999732971191,15.569999694824219,15.600099563598633,23618,0.0,0.0
2022-12-27 14:30:00-05:00,15.610099792480469,15.628800392150879,15.520000457763672,15.5600004196167,13291,0.0,0.0
2022-12-27 15:30:00-05:00,15.59000015258789,15.59000015258789,15.5,15.5,15261,0.0,0.0
2022-12-28 09:30:00-05:00,15.539999961853027,15.670700073242188,15.420000076293945,15.4399995803833,0,0.0,0.0
2022-12-28 10:30:00-05:00,15.454999923706055,15.468600273132324,15.399999618530273,15.430000305175781,21638,0.0,0.0
2022-12-28 11:30:00-05:00,15.420000076293945,15.420000076293945,15.34000015258789,15.34000015258789,24509,0.0,0.0
2022-12-28 12:30:00-05:00,15.380000114440918,15.420000076293945,15.350000381469727,15.40530014038086,15424,0.0,0.0
2022-12-28 13:30:00-05:00,15.404999732971191,15.639800071716309,15.404800415039062,15.510000228881836,42060,0.0,0.0
2022-12-28 14:30:00-05:00,15.5,15.539899826049805,15.47659969329834,15.539899826049805,6914,0.0,0.0
2022-12-28 15:30:00-05:00,15.539999961853027,15.569999694824219,15.5,15.5600004196167,15959,0.0,0.0
2022-12-29 09:30:00-05:00,15.600000381469727,15.720000267028809,15.600000381469727,15.649999618530273,8508,0.0,0.0
2022-12-29 10:30:00-05:00,15.637200355529785,15.729999542236328,15.609999656677246,15.689599990844727,23647,0.0,0.0
2022-12-29 11:30:00-05:00,15.680000305175781,15.75,15.667900085449219,15.720000267028809,7511,0.0,0.0
2022-12-29 12:30:00-05:00,15.71720027923584,15.75,15.635000228881836,15.6899995803833,25098,0.0,0.0
2022-12-29 13:30:00-05:00,15.670000076293945,15.779999732971191,15.670000076293945,15.770000457763672,21837,0.0,0.0
2022-12-29 14:30:00-05:00,15.749899864196777,15.845000267028809,15.749600410461426,15.828100204467773,5950,0.0,0.0
2022-12-29 15:30:00-05:00,15.849900245666504,15.960000038146973,15.849900245666504,15.949999809265137,11879,0.0,0.0
2022-12-30 09:30:00-05:00,16.030000686645508,16.199899673461914,15.885000228881836,16.010000228881836,0,0.0,0.0
2022-12-30 10:30:00-05:00,16.049999237060547,16.229999542236328,16.024999618530273,16.15999984741211,16554,0.0,0.0
2022-12-30 11:30:00-05:00,16.16990089416504,16.209999084472656,16.149999618530273,16.184999465942383,10253,0.0,0.0
2022-12-30 12:30:00-05:00,16.184999465942383,16.190000534057617,16.08009910583496,16.139999389648438,8800,0.0,0.0
2022-12-30 13:30:00-05:00,16.15999984741211,16.34000015258789,16.10070037841797,16.260099411010742,12855,0.0,0.0
2022-12-30 14:30:00-05:00,16.30970001220703,16.350000381469727,16.270099639892578,16.34000015258789,6725,0.0,0.0
2022-12-30 15:30:00-05:00,16.32309913635254,16.360000610351562,16.25909996032715,16.350000381469727,8941,0.0,0.0
2023-01-03 09:30:00-05:00,16.540000915527344,16.604700088500977,16.471599578857422,16.48110008239746,0,0.0,0.0
2023-01-03 10:30:00-05:00,16.549999237060547,16.58989906311035,16.459800720214844,16.524999618530273,4516,0.0,0.0
2023-01-03 11:30:00-05:00,16.530000686645508,16.530000686645508,16.3700008392334,16.3799991607666,23879,0.0,0.0
2023-01-03 12:30:00-05:00,16.382299423217773,16.420000076293945,16.382299423217773,16.420000076293945,990,0.0,0.0
2023-01-03 13:30:00-05:00,16.40999984741211,16.549999237060547,16.40999984741211,16.5,18416,0.0,0.0
2023-01-03 14:30:00-05:00,16.530000686645508,16.540000915527344,16.299999237060547,16.360000610351562,25668,0.0,0.0
2023-01-03 15:30:00-05:00,16.360000610351562,16.360000610351562,16.260000228881836,16.280000686645508,3185,0.0,0.0
2023-01-04 09:30:00-05:00,16.299999237060547,16.399999618530273,16.279199600219727,16.307600021362305,0,0.0,0.0
2023-01-04 10:30:00-05:00,16.299999237060547,16.309999465942383,16.25149917602539,16.28499984741211,5962,0.0,0.0
2023-01-04 11:30:00-05:00,16.309999465942383,16.540000915527344,16.309999465942383,16.5049991607666,13214,0.0,0.0
2023-01-04 12:30:00-05:00,16.420000076293945,16.4281005859375,16.420000076293945,16.420000076293945,972,0.0,0.0
2023-01-04 13:30:00-05:00,16.420000076293945,16.424999237060547,16.360000610351562,16.395000457763672,13588,0.0,0.0
2023-01-04 14:30:00-05:00,16.389999389648438,16.479999542236328,16.25,16.375,12264,0.0,0.0
2023-01-04 15:30:00-05:00,16.325000762939453,16.33099937438965,16.299999237060547,16.299999237060547,11647,0.0,0.0
2023-01-05 09:30:00-05:00,16.270000457763672,16.28499984741211,16.170000076293945,16.280000686645508,0,0.0,0.0
2023-01-05 10:30:00-05:00,16.309999465942383,16.33839988708496,16.256000518798828,16.33839988708496,1718,0.0,0.0
2023-01-05 11:30:00-05:00,16.34000015258789,16.34000015258789,16.231000900268555,16.319299697875977,1058,0.0,0.0
2023-01-05 12:30:00-05:00,16.311399459838867,16.311399459838867,16.2406005859375,16.290000915527344,1025,0.0,0.0
2023-01-05 13:30:00-05:00,16.25,16.280000686645508,16.18000030517578,16.200000762939453,3529,0.0,0.0
2023-01-05 14:30:00-05:00,16.200599670410156,16.289899826049805,16.200599670410156,16.289899826049805,3352,0.0,0.0
2023-01-05 15:30:00-05:00,16.270000457763672,16.299999237060547,16.25,16.280000686645508,12667,0.0,0.0
2023-01-06 09:30:00-05:00,16.260000228881836,16.71940040588379,16.249099731445312,16.71940040588379,0,0.0,0.0
2023-01-06 10:30:00-05:00,16.600000381469727,16.600000381469727,16.547300338745117,16.56100082397461,2324,0.0,0.0
2023-01-06 11:30:00-05:00,16.50749969482422,16.709999084472656,16.500099182128906,16.700199127197266,9324,0.0,0.0
2023-01-06 12:30:00-05:00,16.75,16.81999969482422,16.739999771118164,16.739999771118164,12045,0.0,0.0
2023-01-06 13:30:00-05:00,16.719999313354492,16.969999313354492,16.719999313354492,16.950000762939453,23354,0.0,0.0
2023-01-06 14:30:00-05:00,16.869400024414062,16.8700008392334,16.615400314331055,16.690000534057617,12315,0.0,0.0
2023-01-06 15:30:00-05:00,16.684999465942383,16.75,16.65999984741211,16.65999984741211,7220,0.0,0.0
2023-01-09 09:30:00-05:00,16.739999771118164,16.739999771118164,16.6200008392334,16.665000915527344,0,0.0,0.0
2023-01-09 10:30:00-05:00,16.670000076293945,16.75,16.65999984741211,16.739999771118164,8104,0.0,0.0
2023-01-09 11:30:00-05:00,16.739999771118164,16.7544002532959,16.65999984741211,16.7544002532959,4622,0.0,0.0
2023-01-09 12:30:00-05:00,16.75,16.915000915527344,16.749000549316406,16.850000381469727,16505,0.0,0.0
2023-01-09 13:30:00-05:00,16.800100326538086,16.906099319458008,16.800100326538086,16.831600189208984,4657,0.0,0.0
2023-01-09 14:30:00-05:00,16.853900909423828,17.0,16.853900909423828,16.90999984741211,12868,0.0,0.0
2023-01-09 15:30:00-05:00,16.90999984741211,16.950000762939453,16.899200439453125,16.90999984741211,18701,0.0,0.0
2023-01-10 09:30:00-05:00,16.969999313354492,17.030000686645508,16.899999618530273,17.019800186157227,50710,0.0,0.0
2023-01-10 10:30:00-05:00,16.979999542236328,16.979999542236328,16.91469955444336,16.950000762939453,7211,0.0,0.0
2023-01-10 11:30:00-05:00,16.944799423217773,17.024900436401367,16.9197998046875,17.014999389648438,31153,0.0,0.0
2023-01-10 12:30:00-05:00,17.014999389648438,17.099899291992188,16.989999771118164,17.010000228881836,35539,0.0,0.0
2023-01-10 13:30:00-05:00,17.031600952148438,17.06999969482422,17.00659942626953,17.00659942626953,4636,0.0,0.0
2023-01-10 14:30:00-05:00,17.000099182128906,17.06999969482422,17.000099182128906,17.040000915527344,5759,0.0,0.0
2023-01-10 15:30:00-05:00,17.040000915527344,17.1200008392334,17.040000915527344,17.110000610351562,8102,0.0,0.0
2023-01-11 09:30:00-05:00,17.15999984741211,17.219999313354492,17.139999389648438,17.139999389648438,19736,0.0,0.0
2023-01-11 10:30:00-05:00,17.18000030517578,17.195100784301758,17.170000076293945,17.170000076293945,3003,0.0,0.0
2023-01-11 11:30:00-05:00,17.190000534057617,17.19499969482422,17.15999984741211,17.19499969482422,880,0.0,0.0
2023-01-11 12:30:00-05:00,17.219999313354492,17.336200714111328,17.219999313354492,17.31999969482422,6659,0.0,0.0
2023-01-11 13:30:00-05:00,17.360000610351562,17.479999542236328,17.350000381469727,17.479999542236328,16326,0.0,0.0
2023-01-11 14:30:00-05:00,17.454999923706055,17.599899291992188,17.454999923706055,17.59939956665039,16274,0.0,0.0
2023-01-11 15:30:00-05:00,17.55500030517578,17.639999389648438,17.514999389648438,17.559999465942383,16008,0.0,0.0
2023-01-12 09:30:00-05:00,17.5,17.5,17.190000534057617,17.274999618530273,0,0.0,0.0
2023-01-12 10:30:00-05:00,17.274999618530273,17.454299926757812,17.274999618530273,17.418899536132812,5382,0.0,0.0
2023-01-12 11:30:00-05:00,17.459400177001953,17.459400177001953,17.31999969482422,17.329999923706055,11759,0.0,0.0
2023-01-12 12:30:00-05:00,17.329999923706055,17.479999542236328,17.31999969482422,17.40999984741211,5710,0.0,0.0
2023-01-12 13:30:00-05:00,17.40999984741211,17.470600128173828,17.40999984741211,17.43000030517578,7037,0.0,0.0
2023-01-12 14:30:00-05:00,17.440000534057617,17.45599937438965,17.389999389648438,17.40999984741211,11530,0.0,0.0
2023-01-12 15:30:00-05:00,17.40999984741211,17.450000762939453,17.3799991607666,17.3799991607666,5976,0.0,0.0
2023-01-13 09:30:00-05:00,17.31999969482422,17.38330078125,17.31999969482422,17.331300735473633,0,0.0,0.0
2023-01-13 10:30:00-05:00,17.354999542236328,17.399999618530273,17.344999313354492,17.344999313354492,9715,0.0,0.0
2023-01-13 11:30:00-05:00,17.309999465942383,17.31999969482422,17.200000762939453,17.261999130249023,14978,0.0,0.0
2023-01-13 12:30:00-05:00,17.226900100708008,17.229900360107422,17.200000762939453,17.20009994506836,7205,0.0,0.0
2023-01-13 13:30:00-05:00,17.21500015258789,17.288999557495117,17.150100708007812,17.197999954223633,6233,0.0,0.0
2023-01-13 14:30:00-05:00,17.190000534057617,17.209999084472656,17.170000076293945,17.178499221801758,2406,0.0,0.0
2023-01-13 15:30:00-05:00,17.190000534057617,17.270000457763672,17.139999389648438,17.239999771118164,13866,0.0,0.0
2023-01-17 09:30:00-05:00,17.219999313354492,17.360200881958008,17.20199966430664,17.349000930786133,0,0.0,0.0
2023-01-17 10:30:00-05:00,17.309999465942383,17.399999618530273,17.18000030517578,17.219999313354492,26586,0.0,0.0
2023-01-17 11:30:00-05:00,17.209999084472656,17.219999313354492,17.190000534057617,17.190000534057617,764,0.0,0.0
2023-01-17 12:30:00-05:00,17.190000534057617,17.200000762939453,17.106300354003906,17.139999389648438,10115,0.0,0.0
2023-01-17 13:30:00-05:00,17.149999618530273,17.149999618530273,17.09000015258789,17.09000015258789,4002,0.0,0.0
2023-01-17 14:30:00-05:00,17.06999969482422,17.079999923706055,17.049999237060547,17.065000534057617,5668,0.0,0.0
2023-01-17 15:30:00-05:00,17.07069969177246,17.07069969177246,17.010000228881836,17.030000686645508,4991,0.0,0.0
2023-01-18 09:30:00-05:00,17.239999771118164,17.239999771118164,17.18000030517578,17.18000030517578,6508,0.0,0.0
2023-01-18 10:30:00-05:00,17.198299407958984,17.234500885009766,17.1697998046875,17.21649932861328,11322,0.0,0.0
2023-01-18 11:30:00-05:00,17.209999084472656,17.209999084472656,17.149999618530273,17.149999618530273,2462,0.0,0.0
2023-01-18 12:30:00-05:00,17.149999618530273,17.229999542236328,17.149999618530273,17.170000076293945,9283,0.0,0.0
2023-01-18 13:30:00-05:00,17.19499969482422,17.209999084472656,17.18000030517578,17.198299407958984,6621,0.0,0.0
2023-01-18 14:30:00-05:00,17.18000030517578,17.229999542236328,17.18000030517578,17.204999923706055,12267,0.0,0.0
2023-01-18 15:30:00-05:00,17.18000030517578,17.19499969482422,17.170000076293945,17.170000076293945,1295,0.0,0.0
2023-01-19 09:30:00-05:00,17.100000381469727,17.239999771118164,17.08009910583496,17.1200008392334,0,0.0,0.0
2023-01-19 10:30:00-05:00,17.139999389648438,17.209999084472656,17.06999969482422,17.209999084472656,5573,0.0,0.0
2023-01-19 11:30:00-05:00,17.20439910888672,17.219999313354492,17.200000762939453,17.209999084472656,2604,0.0,0.0
2023-01-19 12:30:00-05:00,17.22610092163086,17.290000915527344,17.190000534057617,17.290000915527344,9462,0.0,0.0
2023-01-19 13:30:00-05:00,17.290000915527344,17.341999053955078,17.25,17.25,10089,0.0,0.0
2023-01-19 14:30:00-05:00,17.25,17.290000915527344,17.219999313354492,17.25,11482,0.0,0.0
2023-01-19 15:30:00-05:00,17.270000457763672,17.31999969482422,17.25,17.25,8597,0.0,0.0
2023-01-20 09:30:00-05:00,17.260000228881836,17.260000228881836,17.06999969482422,17.184999465942383,0,0.0,0.0
2023-01-20 10:30:00-05:00,17.1200008392334,17.249900817871094,17.1200008392334,17.249900817871094,12102,0.0,0.0
2023-01-20 11:30:00-05:00,17.15999984741211,17.165000915527344,17.059999465942383,17.059999465942383,11855,0.0,0.0
2023-01-20 12:30:00-05:00,17.06999969482422,17.099899291992188,17.050100326538086,17.050100326538086,17212,0.0,0.0
2023-01-20 13:30:00-05:00,17.110000610351562,17.21500015258789,17.100000381469727,17.21500015258789,12631,0.0,0.0
2023-01-20 14:30:00-05:00,17.229999542236328,17.261499404907227,17.229999542236328,17.235000610351562,6474,0.0,0.0
2023-01-20 15:30:00-05:00,17.235000610351562,17.259899139404297,17.209999084472656,17.219999313354492,9496,0.0,0.0
2023-01-23 09:30:00-05:00,17.1299991607666,17.183300018310547,17.050100326538086,17.149999618530273,6531,0.0,0.0
2023-01-23 10:30:00-05:00,17.200000762939453,17.200000762939453,17.149999618530273,17.15999984741211,3334,0.0,0.0
2023-01-23 11:30:00-05:00,17.174999237060547,17.239900588989258,17.149999618530273,17.167499542236328,11485,0.0,0.0
2023-01-23 12:30:00-05:00,17.149999618530273,17.213699340820312,17.149999618530273,17.190000534057617,1995,0.0,0.0
2023-01-23 13:30:00-05:00,17.229900360107422,17.229900360107422,17.10059928894043,17.15999984741211,8252,0.0,0.0
2023-01-23 14:30:00-05:00,17.170000076293945,17.179899215698242,17.1200008392334,17.1200008392334,8569,0.0,0.0
2023-01-23 15:30:00-05:00,17.110000610351562,17.114999771118164,17.06999969482422,17.06999969482422,2545,0.0,0.0
2023-01-24 09:30:00-05:00,17.09000015258789,17.200000762939453,17.010000228881836,17.124000549316406,23387,0.0,0.0
2023-01-24 10:30:00-05:00,17.149999618530273,17.190000534057617,17.09000015258789,17.149999618530273,6020,0.0,0.0
2023-01-24 11:30:00-05:00,17.20400047302246,17.20400047302246,17.149999618530273,17.174999237060547,1353,0.0,0.0
2023-01-24 12:30:00-05:00,17.190000534057617,17.202999114990234,17.139999389648438,17.139999389648438,7870,0.0,0.0
2023-01-24 13:30:00-05:00,17.18000030517578,17.19379997253418,17.059999465942383,17.110000610351562,6279,0.0,0.0
2023-01-24 14:30:00-05:00,17.110000610351562,17.15999984741211,17.097400665283203,17.139999389648438,8760,0.0,0.0
2023-01-24 15:30:00-05:00,17.1200008392334,17.149999618530273,17.09000015258789,17.1200008392334,5349,0.0,0.0
2023-01-25 09:30:00-05:00,17.06999969482422,17.139999389648438,17.0,17.0,0,0.0,0.0
2023-01-25 10:30:00-05:00,17.02120018005371,17.075000762939453,17.000099182128906,17.020000457763672,2856,0.0,0.0
2023-01-25 11:30:00-05:00,17.040000915527344,17.1200008392334,17.020000457763672,17.075000762939453,2875,0.0,0.0
2023-01-25 12:30:00-05:00,17.110000610351562,17.15999984741211,17.079999923706055,17.15999984741211,3473,0.0,0.0
2023-01-25 13:30:00-05:00,17.15999984741211,17.239999771118164,17.100000381469727,17.239999771118164,12324,0.0,0.0
2023-01-25 14:30:00-05:00,17.161500930786133,17.309999465942383,17.161500930786133,17.180400848388672,16528,0.0,0.0
2023-01-25 15:30:00-05:00,17.18000030517578,17.204999923706055,17.18000030517578,17.204999923706055,0,0.0,0.0
2023-01-26 09:30:00-05:00,17.075599670410156,17.075599670410156,17.075599670410156,17.075599670410156,1098,0.0,0.0
2023-01-26 10:30:00-05:00,17.200000762939453,17.273000717163086,17.149999618530273,17.159400939941406,5439,0.0,0.0
2023-01-26 11:30:00-05:00,17.190000534057617,17.190000534057617,17.098499298095703,17.098499298095703,2626,0.0,0.0
2023-01-26 12:30:00-05:00,17.1299991607666,17.18000030517578,17.1299991607666,17.15999984741211,5519,0.0,0.0
2023-01-26 13:30:00-05:00,17.1299991607666,17.190000534057617,17.079999923706055,17.12969970703125,17132,0.0,0.0
2023-01-26 14:30:00-05:00,17.1200008392334,17.18000030517578,17.09000015258789,17.105499267578125,7198,0.0,0.0
2023-01-26 15:30:00-05:00,17.100000381469727,17.1299991607666,17.08799934387207,17.100000381469727,0,0.0,0.0
2023-01-27 09:30:00-05:00,17.1200008392334,17.200000762939453,17.085399627685547,17.085399627685547,4434,0.0,0.0
2023-01-27 10:30:00-05:00,17.110000610351562,17.149999618530273,17.080799102783203,17.115400314331055,10936,0.0,0.0
2023-01-27 11:30:00-05:00,17.145999908447266,17.149999618530273,17.040000915527344,17.07990074157715,6679,0.0,0.0
2023-01-27 12:30:00-05:00,17.1200008392334,17.15999984741211,17.1200008392334,17.152000427246094,4887,0.0,0.0
2023-01-27 13:30:00-05:00,17.153799057006836,17.209999084472656,17.14780044555664,17.209999084472656,4875,0.0,0.0
2023-01-27 14:30:00-05:00,17.209999084472656,17.239999771118164,17.17009925842285,17.230899810791016,23347,0.0,0.0
2023-01-27 15:30:00-05:00,17.219999313354492,17.260000228881836,17.190000534057617,17.190000534057617,7427,0.0,0.0
2023-01-30 09:30:00-05:00,17.200000762939453,17.229999542236328,17.08300018310547,17.163999557495117,0,0.0,0.0
2023-01-30 10:30:00-05:00,17.094600677490234,17.229900360107422,17.094600677490234,17.1200008392334,2644,0.0,0.0
2023-01-30 11:30:00-05:00,17.159900665283203,17.21500015258789,17.125,17.166799545288086,13489,0.0,0.0
2023-01-30 12:30:00-05:00,17.18000030517578,17.239999771118164,17.170000076293945,17.21489906311035,6852,0.0,0.0
2023-01-30 13:30:00-05:00,17.200000762939453,17.280000686645508,17.200000762939453,17.280000686645508,4530,0.0,0.0
2023-01-30 14:30:00-05:00,17.2549991607666,17.280000686645508,17.23710060119629,17.239900588989258,4079,0.0,0.0
2023-01-30 15:30:00-05:00,17.250699996948242,17.260000228881836,17.239999771118164,17.239999771118164,9628,0.0,0.0
2023-01-31 09:30:00-05:00,17.309999465942383,17.309999465942383,17.25,17.2549991607666,20143,0.0,0.0
2023-01-31 10:30:00-05:00,17.264999389648438,17.264999389648438,17.25,17.255599975585938,4126,0.0,0.0
2023-01-31 11:30:00-05:00,17.250699996948242,17.31999969482422,17.25,17.31999969482422,11432,0.0,0.0
2023-01-31 12:30:00-05:00,17.305299758911133,17.309999465942383,17.270000457763672,17.299999237060547,3801,0.0,0.0
2023-01-31 13:30:00-05:00,17.299999237060547,17.34000015258789,17.299999237060547,17.33989906311035,4843,0.0,0.0
2023-01-31 14:30:00-05:00,17.359899520874023,17.3799991607666,17.348800659179688,17.360000610351562,13446,0.0,0.0
2023-01-31 15:30:00-05:00,17.360000610351562,17.399999618530273,17.360000610351562,17.399999618530273,9354,0.0,0.0
2023-02-01 09:30:00-05:00,17.399999618530273,17.399999618530273,17.34000015258789,17.36840057373047,11804,0.0,0.0
2023-02-01 10:30:00-05:00,17.3351993560791,17.3351993560791,17.270000457763672,17.32900047302246,5857,0.0,0.0
2023-02-01 11:30:00-05:00,17.352500915527344,17.360000610351562,17.320100784301758,17.320100784301758,2709,0.0,0.0
2023-02-01 12:30:00-05:00,17.33370018005371,17.382999420166016,17.31999969482422,17.354999542236328,4740,0.0,0.0
2023-02-01 13:30:00-05:00,17.35580062866211,17.35580062866211,17.29599952697754,17.350000381469727,6317,0.0,0.0
2023-02-01 14:30:00-05:00,17.360000610351562,17.5,17.350000381469727,17.479999542236328,18701,0.0,0.0
2023-02-01 15:30:00-05:00,17.469999313354492,17.489999771118164,17.440000534057617,17.479999542236328,0,0.0,0.0
2023-02-02 09:30:00-05:00,17.579999923706055,17.639999389648438,17.479999542236328,17.63990020751953,20234,0.0,0.0
2023-02-02 10:30:00-05:00,17.6200008392334,17.849899291992188,17.59000015258789,17.849899291992188,23398,0.0,0.0
2023-02-02 11:30:00-05:00,17.799999237060547,17.84000015258789,17.760000228881836,17.809999465942383,20099,0.0,0.0
2023-02-02 12:30:00-05:00,17.785900115966797,17.810100555419922,17.735000610351562,17.77989959716797,8494,0.0,0.0
2023-02-02 13:30:00-05:00,17.735000610351562,17.735000610351562,17.649999618530273,17.691999435424805,2430,0.0,0.0
2023-02-02 14:30:00-05:00,17.674999237060547,17.7283992767334,17.58139991760254,17.622800827026367,6684,0.0,0.0
2023-02-02 15:30:00-05:00,17.59000015258789,17.625099182128906,17.579999923706055,17.579999923706055,3976,0.0,0.0
2023-02-03 09:30:00-05:00,17.649999618530273,17.649999618530273,17.450000762939453,17.5,19769,0.0,0.0
2023-02-03 10:30:00-05:00,17.450000762939453,17.639999389648438,17.43000030517578,17.491300582885742,8416,0.0,0.0
2023-02-03 11:30:00-05:00,17.5,17.55900001525879,17.5,17.55900001525879,1162,0.0,0.0
2023-02-03 12:30:00-05:00,17.530000686645508,17.530000686645508,17.44930076599121,17.44930076599121,2849,0.0,0.0
2023-02-03 13:30:00-05:00,17.47170066833496,17.489999771118164,17.410900115966797,17.42650032043457,7558,0.0,0.0
2023-02-03 14:30:00-05:00,17.469900131225586,17.469999313354492,17.43000030517578,17.450000762939453,7072,0.0,0.0
2023-02-03 15:30:00-05:00,17.434999465942383,17.530000686645508,17.434999465942383,17.489999771118164,6866,0.0,0.0
2023-02-06 09:30:00-05:00,17.440000534057617,17.540000915527344,17.31999969482422,17.43000030517578,0,0.0,0.0
2023-02-06 10:30:00-05:00,17.360000610351562,17.520000457763672,17.360000610351562,17.403499603271484,6032,0.0,0.0
2023-02-06 11:30:00-05:00,17.470800399780273,17.470800399780273,17.3799991607666,17.420000076293945,8522,0.0,0.0
2023-02-06 12:30:00-05:00,17.420000076293945,17.42959976196289,17.399999618530273,17.42959976196289,3098,0.0,0.0
2023-02-06 13:30:00-05:00,17.420000076293945,17.440000534057617,17.25,17.25,10800,0.0,0.0
2023-02-06 14:30:00-05:00,17.25,17.325000762939453,17.139999389648438,17.28499984741211,22171,0.0,0.0
2023-02-06 15:30:00-05:00,17.270000457763672,17.280000686645508,17.170000076293945,17.219999313354492,7462,0.0,0.0
2023-02-07 09:30:00-05:00,17.3700008392334,17.4783992767334,17.299999237060547,17.374300003051758,5663,0.0,0.0
2023-02-07 10:30:00-05:00,17.299999237060547,17.306800842285156,17.231700897216797,17.25,4552,0.0,0.0
2023-02-07 11:30:00-05:00,17.25,17.302900314331055,17.2406005859375,17.302900314331055,5862,0.0,0.0
2023-02-07 12:30:00-05:00,17.290000915527344,17.3700008392334,17.280000686645508,17.309999465942383,5718,0.0,0.0
2023-02-07 13:30:00-05:00,17.260000228881836,17.27400016784668,17.148300170898438,17.25,6012,0.0,0.0
2023-02-07 14:30:00-05:00,17.25,17.6200008392334,17.25,17.6200008392334,22706,0.0,0.0
2023-02-07 15:30:00-05:00,17.6200008392334,17.760000228881836,17.6200008392334,17.690000534057617,33815,0.0,0.0
2023-02-08 09:30:00-05:00,17.600000381469727,17.704999923706055,17.600000381469727,17.6299991607666,4789,0.0,0.0
2023-02-08 10:30:00-05:00,17.67729949951172,17.67959976196289,17.56999969482422,17.600000381469727,5573,0.0,0.0
2023-02-08 11:30:00-05:00,17.670000076293945,17.690000534057617,17.56999969482422,17.68790054321289,18785,0.0,0.0
2023-02-08 12:30:00-05:00,17.670000076293945,17.77989959716797,17.610000610351562,17.709999084472656,11360,0.0,0.0
2023-02-08 13:30:00-05:00,17.725000381469727,17.725000381469727,17.650100708007812,17.72330093383789,4757,0.0,0.0
2023-02-08 14:30:00-05:00,17.74690055847168,17.84000015258789,17.70599937438965,17.739999771118164,24870,0.0,0.0
2023-02-08 15:30:00-05:00,17.829999923706055,17.829999923706055,17.65999984741211,17.65999984741211,7057,0.0,0.0
2023-02-09 09:30:00-05:00,17.809999465942383,17.850000381469727,17.649999618530273,17.6830997467041,10947,0.0,0.0
2023-02-09 10:30:00-05:00,17.639999389648438,17.7450008392334,17.625,17.719999313354492,9552,0.0,0.0
2023-02-09 11:30:00-05:00,17.739999771118164,17.75,17.729999542236328,17.75,2304,0.0,0.0
2023-02-09 12:30:00-05:00,17.729999542236328,17.76580047607422,17.729999542236328,17.75,3878,0.0,0.0
2023-02-09 13:30:00-05:00,17.75,17.75,17.729999542236328,17.729999542236328,6741,0.0,0.0
2023-02-09 14:30:00-05:00,17.68000030517578,17.729999542236328,17.68000030517578,17.700000762939453,4996,0.0,0.0
2023-02-09 15:30:00-05:00,17.670000076293945,17.719999313354492,17.639999389648438,17.670000076293945,7051,0.0,0.0
2023-02-10 09:30:00-05:00,17.5851993560791,17.719999313354492,17.520000457763672,17.520000457763672,0,0.0,0.0
2023-02-10 10:30:00-05:00,17.530000686645508,17.645000457763672,17.440000534057617,17.440000534057617,12891,0.0,0.0
2023-02-10 11:30:00-05:00,17.520000457763672,17.579999923706055,17.3700008392334,17.389999389648438,15223,0.0,0.0
2023-02-10 12:30:00-05:00,17.389999389648438,17.420000076293945,17.350000381469727,17.399999618530273,17754,0.0,0.0
2023-02-10 13:30:00-05:00,17.399999618530273,17.510000228881836,17.3799991607666,17.3799991607666,17211,0.0,0.0
2023-02-10 14:30:00-05:00,17.43000030517578,17.540000915527344,17.350000381469727,17.399999618530273,10541,0.0,0.0
2023-02-10 15:30:00-05:00,17.434999465942383,17.5,17.399999618530273,17.489999771118164,7736,0.0,0.0
2023-02-13 09:30:00-05:00,17.440000534057617,17.559999465942383,17.440000534057617,17.52050018310547,4281,0.0,0.0
2023-02-13 10:30:00-05:00,17.480100631713867,17.59000015258789,17.389999389648438,17.40999984741211,10716,0.0,0.0
2023-02-13 11:30:00-05:00,17.3700008392334,17.437400817871094,17.219999313354492,17.437400817871094,16622,0.0,0.0
2023-02-13 12:30:00-05:00,17.32859992980957,17.458999633789062,17.32859992980957,17.450000762939453,1767,0.0,0.0
2023-02-13 13:30:00-05:00,17.467199325561523,17.475500106811523,17.279699325561523,17.44059944152832,10117,0.0,0.0
2023-02-13 14:30:00-05:00,17.396799087524414,17.408300399780273,17.295000076293945,17.408300399780273,2794,0.0,0.0
2023-02-13 15:30:00-05:00,17.40999984741211,17.40999984741211,17.270000457763672,17.270000457763672,2731,0.0,0.0
2023-02-14 09:30:00-05:00,17.15999984741211,17.523399353027344,17.15999984741211,17.523399353027344,0,0.0,0.0
2023-02-14 10:30:00-05:00,17.424999237060547,17.424999237060547,17.255399703979492,17.255399703979492,33620,0.0,0.0
2023-02-14 11:30:00-05:00,17.209999084472656,17.289899826049805,17.204999923706055,17.289899826049805,2845,0.0,0.0
2023-02-14 12:30:00-05:00,17.280000686645508,17.299999237060547,17.24799919128418,17.299999237060547,1854,0.0,0.0
2023-02-14 13:30:00-05:00,17.31999969482422,17.529399871826172,17.30820083618164,17.458999633789062,18091,0.0,0.0
2023-02-14 14:30:00-05:00,17.407699584960938,17.459999084472656,17.407699584960938,17.417299270629883,4397,0.0,0.0
2023-02-14 15:30:00-05:00,17.40999984741211,17.40999984741211,17.3075008392334,17.34000015258789,14630,0.0,0.0
2023-02-15 09:30:00-05:00,17.280000686645508,17.360000610351562,17.227100372314453,17.325000762939453,0,0.0,0.0
2023-02-15 10:30:00-05:00,17.299999237060547,17.31999969482422,17.299999237060547,17.31999969482422,1216,0.0,0.0
2023-02-15 11:30:00-05:00,17.295000076293945,17.350000381469727,17.295000076293945,17.342500686645508,5444,0.0,0.0
2023-02-15 12:30:00-05:00,17.309999465942383,17.350000381469727,17.290000915527344,17.350000381469727,6758,0.0,0.0
2023-02-15 13:30:00-05:00,17.328800201416016,17.360000610351562,17.325899124145508,17.325899124145508,7389,0.0,0.0
2023-02-15 14:30:00-05:00,17.34000015258789,17.360000610351562,17.34000015258789,17.359600067138672,14599,0.0,0.0
2023-02-15 15:30:00-05:00,17.34000015258789,17.360000610351562,17.34000015258789,17.360000610351562,7332,0.0,0.0
2023-02-16 09:30:00-05:00,17.280000686645508,17.299999237060547,17.22249984741211,17.290000915527344,0,0.0,0.0
2023-02-16 10:30:00-05:00,17.290000915527344,17.31439971923828,17.23889923095703,17.31439971923828,5698,0.0,0.0
2023-02-16 11:30:00-05:00,17.360000610351562,17.43000030517578,17.360000610351562,17.420000076293945,2002,0.0,0.0
2023-02-16 12:30:00-05:00,17.430099487304688,17.533100128173828,17.290000915527344,17.290000915527344,6428,0.0,0.0
2023-02-16 13:30:00-05:00,17.325000762939453,17.325000762939453,17.299999237060547,17.316699981689453,2045,0.0,0.0
2023-02-16 14:30:00-05:00,17.260000228881836,17.290000915527344,17.235700607299805,17.2549991607666,2310,0.0,0.0
2023-02-16 15:30:00-05:00,17.206300735473633,17.239999771118164,17.149999618530273,17.219999313354492,9147,0.0,0.0
2023-02-17 09:30:00-05:00,17.139999389648438,17.34000015258789,17.104700088500977,17.104700088500977,0,0.0,0.0
2023-02-17 10:30:00-05:00,17.070100784301758,17.1299991607666,17.070100784301758,17.0851993560791,1519,0.0,0.0
2023-02-17 11:30:00-05:00,17.1200008392334,17.18939971923828,17.1200008392334,17.18000030517578,2201,0.0,0.0
2023-02-17 12:30:00-05:00,17.060100555419922,17.18000030517578,17.060100555419922,17.145000457763672,8022,0.0,0.0
2023-02-17 13:30:00-05:00,17.129100799560547,17.389999389648438,17.096500396728516,17.350000381469727,7458,0.0,0.0
2023-02-17 14:30:00-05:00,17.350000381469727,17.3700008392334,17.260000228881836,17.260000228881836,7310,0.0,0.0
2023-02-17 15:30:00-05:00,17.25,17.34000015258789,17.100099563598633,17.31999969482422,3545,0.0,0.0
2023-02-21 09:30:00-05:00,17.229999542236328,17.229999542236328,17.030000686645508,17.030000686645508,0,0.0,0.0
2023-02-21 10:30:00-05:00,17.075000762939453,17.13990020751953,17.010000228881836,17.010000228881836,3038,0.0,0.0
2023-02-21 11:30:00-05:00,17.010000228881836,17.06999969482422,16.960100173950195,16.98270034790039,6769,0.0,0.0
2023-02-21 12:30:00-05:00,17.0,17.0,16.920000076293945,16.920000076293945,3903,0.0,0.0
2023-02-21 13:30:00-05:00,16.889999389648438,16.950000762939453,16.850000381469727,16.950000762939453,6304,0.0,0.0
2023-02-21 14:30:00-05:00,16.928800582885742,17.200000762939453,16.928800582885742,17.094999313354492,12035,0.0,0.0
2023-02-21 15:30:00-05:00,17.1299991607666,17.200000762939453,17.1299991607666,17.200000762939453,3300,0.0,0.0
2023-02-22 09:30:00-05:00,17.15999984741211,17.15999984741211,17.0,17.05500030517578,0,0.0,0.0
2023-02-22 10:30:00-05:00,17.010099411010742,17.09000015258789,17.010099411010742,17.09000015258789,524,0.0,0.0
2023-02-22 11:30:00-05:00,17.05500030517578,17.158899307250977,17.03510093688965,17.158899307250977,4518,0.0,0.0
2023-02-22 12:30:00-05:00,17.050100326538086,17.111499786376953,17.050100326538086,17.111499786376953,1862,0.0,0.0
2023-02-22 13:30:00-05:00,17.149999618530273,17.325000762939453,17.139999389648438,17.295000076293945,12069,0.0,0.0
2023-02-22 14:30:00-05:00,17.229999542236328,17.295000076293945,17.13129997253418,17.17970085144043,3867,0.0,0.0
2023-02-22 15:30:00-05:00,17.210100173950195,17.350000381469727,17.210100173950195,17.350000381469727,7737,0.0,0.0
2023-02-23 09:30:00-05:00,17.34000015258789,17.34000015258789,17.16069984436035,17.16069984436035,0,0.0,0.0
2023-02-23 10:30:00-05:00,17.223100662231445,17.223100662231445,17.149999618530273,17.209999084472656,1825,0.0,0.0
2023-02-23 11:30:00-05:00,17.190000534057617,17.190000534057617,17.100000381469727,17.100000381469727,4353,0.0,0.0
2023-02-23 12:30:00-05:00,17.06999969482422,17.152999877929688,17.060100555419922,17.09000015258789,4458,0.0,0.0
2023-02-23 13:30:00-05:00,17.149999618530273,17.219999313354492,17.149999618530273,17.160499572753906,7580,0.0,0.0
2023-02-23 14:30:00-05:00,17.270000457763672,17.329999923706055,17.239999771118164,17.295000076293945,3542,0.0,0.0
2023-02-23 15:30:00-05:00,17.273500442504883,17.299999237060547,17.239999771118164,17.299999237060547,5852,0.0,0.0
2023-02-24 09:30:00-05:00,17.25,17.3799991607666,17.139999389648438,17.239999771118164,9416,0.0,0.0
2023-02-24 10:30:00-05:00,17.225000381469727,17.2450008392334,17.18000030517578,17.2450008392334,1798,0.0,0.0
2023-02-24 11:30:00-05:00,17.180099487304688,17.309999465942383,17.180099487304688,17.21579933166504,4484,0.0,0.0
2023-02-24 12:30:00-05:00,17.191999435424805,17.219999313354492,17.191999435424805,17.219999313354492,995,0.0,0.0
2023-02-24 13:30:00-05:00,17.229999542236328,17.260000228881836,17.141700744628906,17.23080062866211,6509,0.0,0.0
2023-02-24 14:30:00-05:00,17.290000915527344,17.3700008392334,17.290000915527344,17.325000762939453,3554,0.0,0.0
2023-02-24 15:30:00-05:00,17.280099868774414,17.440000534057617,17.280099868774414,17.399999618530273,5953,0.0,0.0
2023-02-27 09:30:00-05:00,17.389999389648438,17.389999389648438,17.190900802612305,17.200000762939453,13914,0.0,0.0
2023-02-27 10:30:00-05:00,17.14349937438965,17.14349937438965,17.079999923706055,17.079999923706055,5137,0.0,0.0
2023-02-27 11:30:00-05:00,17.09779930114746,17.139999389648438,17.000099182128906,17.07699966430664,15661,0.0,0.0
2023-02-27 12:30:00-05:00,17.09000015258789,17.25,17.09000015258789,17.25,3294,0.0,0.0
2023-02-27 13:30:00-05:00,17.235000610351562,17.24970054626465,17.235000610351562,17.24970054626465,1562,0.0,0.0
2023-02-27 14:30:00-05:00,17.239999771118164,17.290000915527344,17.149999618530273,17.149999618530273,7971,0.0,0.0
2023-02-27 15:30:00-05:00,17.145000457763672,17.25,17.110000610351562,17.25,8397,0.0,0.0
2023-02-28 09:30:00-05:00,17.290000915527344,17.290000915527344,17.149999618530273,17.190000534057617,0,0.0,0.0
2023-02-28 10:30:00-05:00,17.190000534057617,17.190000534057617,17.190000534057617,17.190000534057617,676,0.0,0.0
2023-02-28 11:30:00-05:00,17.190000534057617,17.200000762939453,17.060100555419922,17.060300827026367,8140,0.0,0.0
2023-02-28 12:30:00-05:00,17.078699111938477,17.212799072265625,17.078699111938477,17.153200149536133,9756,0.0,0.0
2023-02-28 13:30:00-05:00,17.15999984741211,17.15999984741211,17.060100555419922,17.060100555419922,2826,0.0,0.0
2023-02-28 14:30:00-05:00,17.06089973449707,17.110000610351562,17.06089973449707,17.110000610351562,1697,0.0,0.0
2023-02-28 15:30:00-05:00,17.100000381469727,17.229999542236328,17.100000381469727,17.229999542236328,12795,0.0,0.0
2023-03-01 09:30:00-05:00,17.079999923706055,17.190000534057617,17.0,17.0132999420166,0,0.0,0.0
2023-03-01 10:30:00-05:00,17.010499954223633,17.059999465942383,16.93000030517578,16.953100204467773,6212,0.0,0.0
2023-03-01 11:30:00-05:00,16.93000030517578,16.969999313354492,16.93000030517578,16.96500015258789,5481,0.0,0.0
2023-03-01 12:30:00-05:00,16.939800262451172,16.976900100708008,16.93000030517578,16.93000030517578,1654,0.0,0.0
2023-03-01 13:30:00-05:00,16.93120002746582,16.940000534057617,16.829999923706055,16.829999923706055,4743,0.0,0.0
2023-03-01 14:30:00-05:00,16.8700008392334,16.899999618530273,16.81999969482422,16.8700008392334,7162,0.0,0.0
2023-03-01 15:30:00-05:00,16.8799991607666,16.920000076293945,16.829999923706055,16.889999389648438,8098,0.0,0.0
2023-03-02 09:30:00-05:00,16.75,16.854999542236328,16.649999618530273,16.68000030517578,15632,0.0,0.0
2023-03-02 10:30:00-05:00,16.692399978637695,16.719999313354492,16.64940071105957,16.719999313354492,14460,0.0,0.0
2023-03-02 11:30:00-05:00,16.727100372314453,16.727100372314453,16.59000015258789,16.674999237060547,22559,0.0,0.0
2023-03-02 12:30:00-05:00,16.719900131225586,16.719900131225586,16.64240074157715,16.660999298095703,3452,0.0,0.0
2023-03-02 13:30:00-05:00,16.65999984741211,16.75,16.65999984741211,16.709999084472656,11941,0.0,0.0
2023-03-02 14:30:00-05:00,16.684600830078125,16.729999542236328,16.684600830078125,16.728500366210938,3400,0.0,0.0
2023-03-02 15:30:00-05:00,16.729999542236328,16.75,16.704599380493164,16.75,8224,0.0,0.0
2023-03-03 09:30:00-05:00,16.75,16.905000686645508,16.75,16.888999938964844,0,0.0,0.0
2023-03-03 10:30:00-05:00,16.881799697875977,16.88640022277832,16.780000686645508,16.780000686645508,10972,0.0,0.0
2023-03-03 11:30:00-05:00,16.81999969482422,16.81999969482422,16.75,16.777299880981445,5608,0.0,0.0
2023-03-03 12:30:00-05:00,16.800800323486328,16.81760025024414,16.780000686645508,16.780000686645508,1789,0.0,0.0
2023-03-03 13:30:00-05:00,16.83989906311035,16.84000015258789,16.78619956970215,16.790000915527344,5169,0.0,0.0
2023-03-03 14:30:00-05:00,16.790000915527344,16.799400329589844,16.760000228881836,16.799400329589844,3874,0.0,0.0
2023-03-03 15:30:00-05:00,16.809900283813477,16.809900283813477,16.780000686645508,16.780000686645508,1428,0.0,0.0
2023-03-06 09:30:00-05:00,16.860000610351562,16.860000610351562,16.797199249267578,16.860000610351562,0,0.0,0.0
2023-03-06 10:30:00-05:00,16.87299919128418,16.87299919128418,16.790000915527344,16.803300857543945,3315,0.0,0.0
2023-03-06 11:30:00-05:00,16.81999969482422,16.829999923706055,16.8125,16.829999923706055,1762,0.0,0.0
2023-03-06 12:30:00-05:00,16.81999969482422,16.889999389648438,16.81999969482422,16.81999969482422,2252,0.0,0.0
2023-03-06 13:30:00-05:00,16.805200576782227,16.805200576782227,16.725000381469727,16.725000381469727,6766,0.0,0.0
2023-03-06 14:30:00-05:00,16.74410057067871,16.770000457763672,16.74410057067871,16.770000457763672,0,0.0,0.0
2023-03-06 15:30:00-05:00,16.75,16.75,16.709999084472656,16.709999084472656,25410,0.0,0.0
2023-03-07 09:30:00-05:00,16.760000228881836,16.760000228881836,16.760000228881836,16.760000228881836,0,0.0,0.0
2023-03-07 10:30:00-05:00,16.736099243164062,16.77899932861328,16.700000762939453,16.77899932861328,3509,0.0,0.0
2023-03-07 11:30:00-05:00,16.707599639892578,16.769899368286133,16.707599639892578,16.769899368286133,490,0.0,0.0
2023-03-07 12:30:00-05:00,16.70840072631836,16.73819923400879,16.68000030517578,16.68000030517578,977,0.0,0.0
2023-03-07 13:30:00-05:00,16.690000534057617,16.709999084472656,16.670000076293945,16.670000076293945,1980,0.0,0.0
2023-03-07 14:30:00-05:00,16.670000076293945,16.708999633789062,16.670000076293945,16.69499969482422,1790,0.0,0.0
2023-03-07 15:30:00-05:00,16.69499969482422,16.700000762939453,16.670000076293945,16.670000076293945,0,0.0,0.0
2023-03-08 09:30:00-05:00,16.709999084472656,16.780000686645508,16.66510009765625,16.706100463867188,5973,0.0,0.0
2023-03-08 10:30:00-05:00,16.752899169921875,16.770000457763672,16.714599609375,16.770000457763672,8800,0.0,0.0
2023-03-08 11:30:00-05:00,16.71540069580078,16.770000457763672,16.71540069580078,16.739999771118164,1626,0.0,0.0
2023-03-08 12:30:00-05:00,16.75,16.770000457763672,16.639999389648438,16.65999984741211,8031,0.0,0.0
2023-03-08 13:30:00-05:00,16.6200008392334,16.642000198364258,16.61709976196289,16.639999389648438,4372,0.0,0.0
2023-03-08 14:30:00-05:00,16.6299991607666,16.649999618530273,16.600000381469727,16.614299774169922,7090,0.0,0.0
2023-03-08 15:30:00-05:00,16.6299991607666,16.68000030517578,16.6299991607666,16.68000030517578,10248,0.0,0.0
2023-03-09 09:30:00-05:00,16.739999771118164,16.769899368286133,16.649999618530273,16.70840072631836,0,0.0,0.0
2023-03-09 10:30:00-05:00,16.760000228881836,16.760000228881836,16.723400115966797,16.723400115966797,3611,0.0,0.0
2023-03-09 11:30:00-05:00,16.709999084472656,16.727699279785156,16.700000762939453,16.700000762939453,2160,0.0,0.0
2023-03-09 12:30:00-05:00,16.747900009155273,16.747900009155273,16.676300048828125,16.709999084472656,4008,0.0,0.0
2023-03-09 13:30:00-05:00,16.75,16.790000915527344,16.729999542236328,16.770000457763672,6851,0.0,0.0
2023-03-09 14:30:00-05:00,16.792999267578125,16.799999237060547,16.6299991607666,16.649999618530273,11376,0.0,0.0
2023-03-09 15:30:00-05:00,16.65999984741211,16.733299255371094,16.65999984741211,16.700000762939453,3686,0.0,0.0
2023-03-10 09:30:00-05:00,16.790000915527344,16.81999969482422,16.73200035095215,16.81999969482422,0,0.0,0.0
2023-03-10 10:30:00-05:00,16.81999969482422,16.885000228881836,16.81999969482422,16.885000228881836,5111,0.0,0.0
2023-03-10 11:30:00-05:00,16.889999389648438,16.889999389648438,16.817800521850586,16.854999542236328,3100,0.0,0.0
2023-03-10 12:30:00-05:00,16.82080078125,16.879899978637695,16.809999465942383,16.854999542236328,4295,0.0,0.0
2023-03-10 13:30:00-05:00,16.81999969482422,16.899999618530273,16.770000457763672,16.899999618530273,11525,0.0,0.0
2023-03-10 14:30:00-05:00,16.899999618530273,16.899999618530273,16.84000015258789,16.899999618530273,9871,0.0,0.0
2023-03-10 15:30:00-05:00,16.899999618530273,17.0,16.899999618530273,16.969999313354492,6936,0.0,0.0
2023-03-13 09:30:00-04:00,17.020000457763672,17.385000228881836,17.0,17.15999984741211,0,0.0,0.0
2023-03-13 10:30:00-04:00,17.170000076293945,17.309999465942383,17.08609962463379,17.17959976196289,3338,0.0,0.0
2023-03-13 11:30:00-04:00,17.260000228881836,17.260000228881836,17.010099411010742,17.049999237060547,8895,0.0,0.0
2023-03-13 12:30:00-04:00,17.174800872802734,17.179500579833984,17.020099639892578,17.139999389648438,4837,0.0,0.0
2023-03-13 13:30:00-04:00,17.114999771118164,17.114999771118164,17.010000228881836,17.049999237060547,5119,0.0,0.0
2023-03-13 14:30:00-04:00,17.020000457763672,17.020099639892578,16.925899505615234,16.925899505615234,14575,0.0,0.0
2023-03-13 15:30:00-04:00,16.924999237060547,16.950000762939453,16.90999984741211,16.93000030517578,6968,0.0,0.0
2023-03-14 09:30:00-04:00,16.790000915527344,16.940000534057617,16.73240089416504,16.752399444580078,0,0.0,0.0
2023-03-14 10:30:00-04:00,16.829999923706055,17.198999404907227,16.802400588989258,17.198999404907227,19288,0.0,0.0
2023-03-14 11:30:00-04:00,16.997699737548828,17.199899673461914,16.899999618530273,16.899999618530273,20409,0.0,0.0
2023-03-14 12:30:00-04:00,16.93000030517578,16.979999542236328,16.8700008392334,16.8700008392334,7733,0.0,0.0
2023-03-14 13:30:00-04:00,16.8700008392334,16.889999389648438,16.559999465942383,16.639999389648438,9861,0.0,0.0
2023-03-14 14:30:00-04:00,16.719900131225586,16.760000228881836,16.639999389648438,16.700000762939453,5678,0.0,0.0
2023-03-14 15:30:00-04:00,16.700000762939453,16.75,16.649999618530273,16.75,10027,0.0,0.0
2023-03-15 09:30:00-04:00,16.889999389648438,16.969999313354492,16.709999084472656,16.75,18683,0.0,0.0
2023-03-15 10:30:00-04:00,16.75,16.75,16.709999084472656,16.739200592041016,5188,0.0,0.0
2023-03-15 11:30:00-04:00,16.680700302124023,16.738100051879883,16.579999923706055,16.579999923706055,4326,0.0,0.0
2023-03-15 12:30:00-04:00,16.57819938659668,16.57819938659668,16.479999542236328,16.479999542236328,4742,0.0,0.0
2023-03-15 13:30:00-04:00,16.519800186157227,16.58370018005371,16.489999771118164,16.549999237060547,5501,0.0,0.0
2023-03-15 14:30:00-04:00,16.559999465942383,16.68000030517578,16.549999237060547,16.622400283813477,8828,0.0,0.0
2023-03-15 15:30:00-04:00,16.6299991607666,16.719999313354492,16.6200008392334,16.719999313354492,3172,0.0,0.0
2023-03-16 09:30:00-04:00,16.68000030517578,16.75,16.68000030517578,16.739999771118164,0,0.0,0.0
2023-03-16 10:30:00-04:00,16.74799919128418,16.842500686645508,16.711200714111328,16.735700607299805,14255,0.0,0.0
2023-03-16 11:30:00-04:00,16.74220085144043,16.770000457763672,16.700000762939453,16.769899368286133,5453,0.0,0.0
2023-03-16 12:30:00-04:00,16.790000915527344,16.790000915527344,16.709999084472656,16.765199661254883,6660,0.0,0.0
2023-03-16 13:30:00-04:00,16.725000381469727,16.780000686645508,16.715999603271484,16.75,3323,0.0,0.0
2023-03-16 14:30:00-04:00,16.75,16.780000686645508,16.709999084472656,16.770000457763672,9138,0.0,0.0
2023-03-16 15:30:00-04:00,16.760000228881836,16.760000228881836,16.719999313354492,16.719999313354492,6739,0.0,0.0
2023-03-17 09:30:00-04:00,16.809999465942383,16.809999465942383,16.760000228881836,16.799999237060547,0,0.0,0.0
2023-03-17 10:30:00-04:00,16.7593994140625,16.78499984741211,16.700000762939453,16.70009994506836,5938,0.0,0.0
2023-03-17 11:30:00-04:00,16.739999771118164,16.739999771118164,16.709999084472656,16.724899291992188,3435,0.0,0.0
2023-03-17 12:30:00-04:00,16.726999282836914,16.729999542236328,16.690000534057617,16.690000534057617,7304,0.0,0.0
2023-03-17 13:30:00-04:00,16.69890022277832,16.81999969482422,16.69890022277832,16.81999969482422,14555,0.0,0.0
2023-03-17 14:30:00-04:00,16.809900283813477,16.8799991607666,16.770000457763672,16.8700008392334,10722,0.0,0.0
2023-03-17 15:30:00-04:00,16.8700008392334,16.8799991607666,16.81999969482422,16.850000381469727,9328,0.0,0.0
2023-03-20 09:30:00-04:00,16.8799991607666,16.989999771118164,16.8700008392334,16.88010025024414,0,0.0,0.0
2023-03-20 10:30:00-04:00,16.888399124145508,16.924999237060547,16.860000610351562,16.86989974975586,7057,0.0,0.0
2023-03-20 11:30:00-04:00,16.850000381469727,16.850000381469727,16.760000228881836,16.770000457763672,4976,0.0,0.0
2023-03-20 12:30:00-04:00,16.750900268554688,16.84000015258789,16.750099182128906,16.80190086364746,8002,0.0,0.0
2023-03-20 14:30:00-04:00,16.812000274658203,16.924999237060547,16.75,16.924999237060547,9586,0.0,0.0
2023-03-20 15:30:00-04:00,16.899999618530273,16.920000076293945,16.899999618530273,16.920000076293945,1105,0.0,0.0
2023-03-21 09:30:00-04:00,16.950000762939453,17.024999618530273,16.807199478149414,16.859899520874023,0,0.0,0.0
2023-03-21 10:30:00-04:00,16.84779930114746,16.84779930114746,16.799999237060547,16.800100326538086,4895,0.0,0.0
2023-03-21 11:30:00-04:00,16.829299926757812,16.88409996032715,16.75,16.88409996032715,12312,0.0,0.0
2023-03-21 12:30:00-04:00,16.799999237060547,16.809999465942383,16.782499313354492,16.80500030517578,2595,0.0,0.0
2023-03-21 13:30:00-04:00,16.763099670410156,16.799999237060547,16.763099670410156,16.799999237060547,1792,0.0,0.0
2023-03-21 14:30:00-04:00,16.809999465942383,16.860000610351562,16.799999237060547,16.82710075378418,2525,0.0,0.0
2023-03-21 15:30:00-04:00,16.809999465942383,16.91550064086914,16.809999465942383,16.81999969482422,6938,0.0,0.0
2023-03-22 09:30:00-04:00,16.8799991607666,16.8799991607666,16.739999771118164,16.77750015258789,0,0.0,0.0
2023-03-22 10:30:00-04:00,16.743099212646484,16.760000228881836,16.700000762939453,16.726900100708008,5418,0.0,0.0
2023-03-22 11:30:00-04:00,16.75,16.78499984741211,16.75,16.78499984741211,2305,0.0,0.0
2023-03-22 12:30:00-04:00,16.84000015258789,16.850000381469727,16.829999923706055,16.850000381469727,1653,0.0,0.0
2023-03-22 13:30:00-04:00,16.8700008392334,16.959999084472656,16.8700008392334,16.8700008392334,5470,0.0,0.0
2023-03-22 14:30:00-04:00,16.878999710083008,16.950000762939453,16.8700008392334,16.901100158691406,7044,0.0,0.0
2023-03-22 15:30:00-04:00,16.88010025024414,16.929899215698242,16.8799991607666,16.8799991607666,3481,0.0,0.0
2023-03-23 09:30:00-04:00,16.729999542236328,16.75,16.729999542236328,16.75,0,0.0,0.0
2023-03-23 10:30:00-04:00,16.761899948120117,16.780000686645508,16.65999984741211,16.69540023803711,14016,0.0,0.0
2023-03-23 11:30:00-04:00,16.700700759887695,16.756000518798828,16.600000381469727,16.63010025024414,3493,0.0,0.0
2023-03-23 12:30:00-04:00,16.65999984741211,16.700000762939453,16.600200653076172,16.700000762939453,6149,0.0,0.0
2023-03-23 13:30:00-04:00,16.70549964904785,16.719999313354492,16.700000762939453,16.701900482177734,7525,0.0,0.0
2023-03-23 14:30:00-04:00,16.709999084472656,16.719999313354492,16.700000762939453,16.700000762939453,4984,0.0,0.0
2023-03-23 15:30:00-04:00,16.704999923706055,16.71500015258789,16.68000030517578,16.700000762939453,3190,0.0,0.0
2023-03-24 09:30:00-04:00,16.670000076293945,16.688499450683594,16.600000381469727,16.674999237060547,17852,0.0,0.0
2023-03-24 10:30:00-04:00,16.670000076293945,16.670000076293945,16.600000381469727,16.635000228881836,10216,0.0,0.0
2023-03-24 11:30:00-04:00,16.637100219726562,16.690000534057617,16.637100219726562,16.689899444580078,7251,0.0,0.0
2023-03-24 12:30:00-04:00,16.68400001525879,16.700000762939453,16.678300857543945,16.684999465942383,5453,0.0,0.0
2023-03-24 13:30:00-04:00,16.700000762939453,16.770000457763672,16.68000030517578,16.770000457763672,12934,0.0,0.0
2023-03-24 14:30:00-04:00,16.75,16.854999542236328,16.75,16.854999542236328,8435,0.0,0.0
2023-03-24 15:30:00-04:00,16.850000381469727,16.8700008392334,16.850000381469727,16.850000381469727,3662,0.0,0.0
2023-03-27 09:30:00-04:00,16.81999969482422,16.898799896240234,16.690000534057617,16.690000534057617,18904,0.0,0.0
2023-03-27 10:30:00-04:00,16.783899307250977,16.91900062561035,16.729999542236328,16.91900062561035,2283,0.0,0.0
2023-03-27 11:30:00-04:00,16.90999984741211,16.90999984741211,16.781200408935547,16.84000015258789,4202,0.0,0.0
2023-03-27 12:30:00-04:00,16.84000015258789,16.84000015258789,16.780000686645508,16.780000686645508,6934,0.0,0.0
2023-03-27 13:30:00-04:00,16.770000457763672,16.770000457763672,16.69499969482422,16.700000762939453,4379,0.0,0.0
2023-03-27 14:30:00-04:00,16.690000534057617,16.799999237060547,16.670000076293945,16.799999237060547,7103,0.0,0.0
2023-03-27 15:30:00-04:00,16.850799560546875,17.010000228881836,16.850799560546875,16.969999313354492,13107,0.0,0.0
2023-03-28 09:30:00-04:00,16.969999313354492,16.969999313354492,16.809999465942383,16.91990089416504,0,0.0,0.0
2023-03-28 10:30:00-04:00,16.915000915527344,16.950000762939453,16.850000381469727,16.893199920654297,8933,0.0,0.0
2023-03-28 11:30:00-04:00,16.850099563598633,16.93000030517578,16.850000381469727,16.93000030517578,12970,0.0,0.0
2023-03-28 12:30:00-04:00,16.93000030517578,16.950000762939453,16.925100326538086,16.925100326538086,2543,0.0,0.0
2023-03-28 13:30:00-04:00,16.950000762939453,17.200000762939453,16.850000381469727,17.104999542236328,15297,0.0,0.0
2023-03-28 14:30:00-04:00,17.066499710083008,17.440000534057617,17.066499710083008,17.290000915527344,17314,0.0,0.0
2023-03-28 15:30:00-04:00,17.274700164794922,17.31999969482422,17.18000030517578,17.21500015258789,18990,0.0,0.0
2023-03-29 09:30:00-04:00,17.350000381469727,17.350000381469727,16.92770004272461,16.92770004272461,0,0.0,0.0
2023-03-29 10:30:00-04:00,16.940000534057617,17.18000030517578,16.940000534057617,17.110000610351562,6930,0.0,0.0
2023-03-29 11:30:00-04:00,17.18000030517578,17.18000030517578,17.079999923706055,17.079999923706055,7271,0.0,0.0
2023-03-29 12:30:00-04:00,17.10700035095215,17.139999389648438,17.09000015258789,17.11989974975586,7857,0.0,0.0
2023-03-29 13:30:00-04:00,17.200000762939453,17.203899383544922,17.095399856567383,17.095399856567383,10139,0.0,0.0
2023-03-29 14:30:00-04:00,17.09000015258789,17.155000686645508,16.97010040283203,17.110000610351562,14884,0.0,0.0
2023-03-29 15:30:00-04:00,17.110000610351562,17.1299991607666,16.979999542236328,16.979999542236328,13876,0.0,0.0
2023-03-30 09:30:00-04:00,17.15999984741211,17.21380043029785,17.030099868774414,17.086000442504883,0,0.0,0.0
2023-03-30 10:30:00-04:00,17.0,17.040000915527344,16.940000534057617,17.0,14743,0.0,0.0
2023-03-30 11:30:00-04:00,17.0,17.010000228881836,16.940000534057617,16.989999771118164,5947,0.0,0.0
2023-03-30 12:30:00-04:00,16.986000061035156,16.986000061035156,16.973100662231445,16.973100662231445,2617,0.0,0.0
2023-03-30 13:30:00-04:00,16.969999313354492,16.979999542236328,16.969999313354492,16.975000381469727,640,0.0,0.0
2023-03-30 14:30:00-04:00,16.989999771118164,17.010000228881836,16.970399856567383,17.010000228881836,5690,0.0,0.0
2023-03-30 15:30:00-04:00,17.0,17.100000381469727,16.989999771118164,17.040000915527344,6349,0.0,0.0
2023-03-31 09:30:00-04:00,17.200000762939453,17.200000762939453,17.100000381469727,17.109500885009766,14799,0.0,0.0
2023-03-31 10:30:00-04:00,17.100000381469727,17.200000762939453,17.100000381469727,17.149999618530273,17048,0.0,0.0
2023-03-31 11:30:00-04:00,17.209999084472656,17.309999465942383,17.190000534057617,17.28499984741211,6244,0.0,0.0
2023-03-31 12:30:00-04:00,17.290000915527344,17.399999618530273,17.290000915527344,17.38089942932129,9834,0.0,0.0
2023-03-31 13:30:00-04:00,17.344999313354492,17.3700008392334,17.299999237060547,17.302499771118164,8218,0.0,0.0
2023-03-31 14:30:00-04:00,17.309999465942383,17.329999923706055,17.25,17.260000228881836,9141,0.0,0.0
2023-03-31 15:30:00-04:00,17.280000686645508,17.290000915527344,17.059999465942383,17.059999465942383,21009,0.0,0.0
2023-04-03 09:30:00-04:00,17.100000381469727,17.25,17.100000381469727,17.15999984741211,0,0.0,0.0
2023-04-03 10:30:00-04:00,17.15999984741211,17.15999984741211,17.083900451660156,17.083900451660156,5119,0.0,0.0
2023-04-03 11:30:00-04:00,17.049999237060547,17.094999313354492,17.020000457763672,17.059999465942383,8019,0.0,0.0
2023-04-03 12:30:00-04:00,17.059999465942383,17.100099563598633,17.030000686645508,17.075000762939453,8992,0.0,0.0
2023-04-03 13:30:00-04:00,17.049999237060547,17.059999465942383,16.9242000579834,16.968799591064453,14598,0.0,0.0
2023-04-03 14:30:00-04:00,16.939599990844727,16.97599983215332,16.889999389648438,16.90999984741211,5305,0.0,0.0
2023-04-03 15:30:00-04:00,16.920000076293945,16.959999084472656,16.889999389648438,16.920000076293945,12692,0.0,0.0
2023-04-04 09:30:00-04:00,16.959999084472656,17.13990020751953,16.959999084472656,17.02869987487793,0,0.0,0.0
2023-04-04 10:30:00-04:00,16.989999771118164,17.027700424194336,16.950000762939453,16.979999542236328,7099,0.0,0.0
2023-04-04 11:30:00-04:00,16.975000381469727,17.040000915527344,16.940000534057617,16.940000534057617,5640,0.0,0.0
2023-04-04 12:30:00-04:00,17.010000228881836,17.010000228881836,16.969999313354492,16.969999313354492,4235,0.0,0.0
2023-04-04 13:30:00-04:00,17.010000228881836,17.040000915527344,16.950000762939453,16.950000762939453,4009,0.0,0.0
2023-04-04 14:30:00-04:00,16.950000762939453,17.040000915527344,16.924999237060547,16.979999542236328,18605,0.0,0.0
2023-04-04 15:30:00-04:00,16.969999313354492,17.030000686645508,16.959999084472656,17.030000686645508,4949,0.0,0.0
2023-04-05 09:30:00-04:00,17.1299991607666,17.1299991607666,17.0,17.049999237060547,0,0.0,0.0
2023-04-05 10:30:00-04:00,17.049999237060547,17.099899291992188,17.010000228881836,17.010000228881836,10176,0.0,0.0
2023-04-05 11:30:00-04:00,17.04640007019043,17.13990020751953,17.01919937133789,17.030000686645508,7545,0.0,0.0
2023-04-05 12:30:00-04:00,17.07990074157715,17.09000015258789,17.030000686645508,17.059999465942383,7203,0.0,0.0
2023-04-05 13:30:00-04:00,17.030000686645508,17.1299991607666,17.030000686645508,17.0492000579834,24533,0.0,0.0
2023-04-05 14:30:00-04:00,17.030099868774414,17.082599639892578,17.030099868774414,17.030099868774414,1829,0.0,0.0
2023-04-05 15:30:00-04:00,17.059999465942383,17.079999923706055,17.030000686645508,17.049999237060547,11191,0.0,0.0
2023-04-06 09:30:00-04:00,17.079999923706055,17.1299991607666,16.979999542236328,17.05500030517578,0,0.0,0.0
2023-04-06 10:30:00-04:00,17.040000915527344,17.059900283813477,16.940000534057617,17.020000457763672,30907,0.0,0.0
2023-04-06 11:30:00-04:00,17.059900283813477,17.059900283813477,16.950000762939453,17.003000259399414,7644,0.0,0.0
2023-04-06 12:30:00-04:00,17.059900283813477,17.059900283813477,17.010000228881836,17.033700942993164,5780,0.0,0.0
2023-04-06 13:30:00-04:00,17.0049991607666,17.0049991607666,16.93000030517578,16.940000534057617,11759,0.0,0.0
2023-04-06 14:30:00-04:00,16.959999084472656,16.999900817871094,16.93000030517578,16.969999313354492,3880,0.0,0.0
2023-04-06 15:30:00-04:00,16.950000762939453,16.987499237060547,16.950000762939453,16.959999084472656,2882,0.0,0.0
2023-04-10 09:30:00-04:00,16.979999542236328,16.979999542236328,16.800100326538086,16.899999618530273,13338,0.0,0.0
2023-04-10 10:30:00-04:00,16.920799255371094,16.939899444580078,16.849000930786133,16.8799991607666,9571,0.0,0.0
2023-04-10 11:30:00-04:00,16.82080078125,16.858999252319336,16.809999465942383,16.850000381469727,5262,0.0,0.0
2023-04-10 12:30:00-04:00,16.850000381469727,16.889999389648438,16.850000381469727,16.850000381469727,22197,0.0,0.0
2023-04-10 13:30:00-04:00,16.8799991607666,16.8799991607666,16.850000381469727,16.850000381469727,6194,0.0,0.0
2023-04-10 14:30:00-04:00,16.8700008392334,16.895000457763672,16.850000381469727,16.850000381469727,4338,0.0,0.0
2023-04-10 15:30:00-04:00,16.8700008392334,16.920000076293945,16.8700008392334,16.895000457763672,7006,0.0,0.0
2023-04-11 09:30:00-04:00,16.860000610351562,16.959999084472656,16.840099334716797,16.905000686645508,0,0.0,0.0
2023-04-11 10:30:00-04:00,16.933900833129883,17.0,16.860000610351562,17.0,13210,0.0,0.0
2023-04-11 11:30:00-04:00,16.913400650024414,16.949899673461914,16.860000610351562,16.949899673461914,8699,0.0,0.0
2023-04-11 12:30:00-04:00,16.905000686645508,16.90999984741211,16.809999465942383,16.859899520874023,10896,0.0,0.0
2023-04-11 13:30:00-04:00,16.8700008392334,16.90999984741211,16.850000381469727,16.899999618530273,3159,0.0,0.0
2023-04-11 14:30:00-04:00,16.900699615478516,16.900699615478516,16.829999923706055,16.86669921875,14951,0.0,0.0
2023-04-11 15:30:00-04:00,16.8700008392334,16.8700008392334,16.829999923706055,16.850000381469727,5882,0.0,0.0
2023-04-12 09:30:00-04:00,16.979999542236328,16.979999542236328,16.87190055847168,16.87190055847168,0,0.0,0.0
2023-04-12 10:30:00-04:00,16.899999618530273,16.915599822998047,16.8700008392334,16.88089942932129,5269,0.0,0.0
2023-04-12 11:30:00-04:00,16.8799991607666,16.938600540161133,16.860000610351562,16.90999984741211,5638,0.0,0.0
2023-04-12 12:30:00-04:00,16.933000564575195,16.989999771118164,16.88010025024414,16.959999084472656,15963,0.0,0.0
2023-04-12 13:30:00-04:00,16.93000030517578,16.959999084472656,16.889999389648438,16.959999084472656,5358,0.0,0.0
2023-04-12 14:30:00-04:00,16.924999237060547,17.010000228881836,16.924999237060547,17.010000228881836,6786,0.0,0.0
2023-04-12 15:30:00-04:00,17.010000228881836,17.079999923706055,17.0,17.06999969482422,7519,0.0,0.0
2023-04-13 09:30:00-04:00,16.8799991607666,17.0,16.8799991607666,16.98509979248047,0,0.0,0.0
2023-04-13 10:30:00-04:00,16.93000030517578,16.93000030517578,16.891199111938477,16.891199111938477,1767,0.0,0.0
2023-04-13 11:30:00-04:00,16.885000228881836,16.885000228881836,16.795000076293945,16.84000015258789,10591,0.0,0.0
2023-04-13 12:30:00-04:00,16.87350082397461,16.950000762939453,16.87350082397461,16.906299591064453,12990,0.0,0.0
2023-04-13 13:30:00-04:00,16.899999618530273,16.925899505615234,16.885000228881836,16.885000228881836,8016,0.0,0.0
2023-04-13 14:30:00-04:00,16.899999618530273,16.905000686645508,16.80139923095703,16.898700714111328,7117,0.0,0.0
2023-04-13 15:30:00-04:00,16.899999618530273,16.950000762939453,16.8799991607666,16.8799991607666,7650,0.0,0.0
2023-04-14 09:30:00-04:00,16.899999618530273,16.899999618530273,16.700000762939453,16.799999237060547,0,0.0,0.0
2023-04-14 10:30:00-04:00,16.719999313354492,16.799999237060547,16.690000534057617,16.760000228881836,9547,0.0,0.0
2023-04-14 11:30:00-04:00,16.764999389648438,16.790000915527344,16.709999084472656,16.709999084472656,4268,0.0,0.0
2023-04-14 12:30:00-04:00,16.72010040283203,16.790000915527344,16.72010040283203,16.760000228881836,797,0.0,0.0
2023-04-14 13:30:00-04:00,16.736000061035156,16.790000915527344,16.719999313354492,16.75,5802,0.0,0.0
2023-04-14 14:30:00-04:00,16.76300048828125,16.76300048828125,16.719999313354492,16.729999542236328,6188,0.0,0.0
2023-04-14 15:30:00-04:00,16.729999542236328,16.729999542236328,16.690000534057617,16.690000534057617,6122,0.0,0.0
2023-04-17 09:30:00-04:00,16.670000076293945,16.70330047607422,16.610000610351562,16.65130043029785,2580,0.0,0.0
2023-04-17 10:30:00-04:00,16.6299991607666,16.6299991607666,16.549999237060547,16.594999313354492,4861,0.0,0.0
2023-04-17 11:30:00-04:00,16.59000015258789,16.65999984741211,16.59000015258789,16.659400939941406,9949,0.0,0.0
2023-04-17 12:30:00-04:00,16.6200008392334,16.6200008392334,16.559099197387695,16.559099197387695,2906,0.0,0.0
2023-04-17 13:30:00-04:00,16.549999237060547,16.635799407958984,16.530000686645508,16.604999542236328,5995,0.0,0.0
2023-04-17 14:30:00-04:00,16.600000381469727,16.610000610351562,16.596200942993164,16.610000610351562,803,0.0,0.0
2023-04-17 15:30:00-04:00,16.610000610351562,16.649999618530273,16.600000381469727,16.610000610351562,5813,0.0,0.0
2023-04-18 09:30:00-04:00,16.56999969482422,16.600000381469727,16.530000686645508,16.56220054626465,0,0.0,0.0
2023-04-18 10:30:00-04:00,16.549999237060547,16.579999923706055,16.489999771118164,16.579999923706055,7951,0.0,0.0
2023-04-18 11:30:00-04:00,16.55500030517578,16.58989906311035,16.510000228881836,16.577800750732422,4502,0.0,0.0
2023-04-18 12:30:00-04:00,16.557199478149414,16.579999923706055,16.55500030517578,16.579999923706055,656,0.0,0.0
2023-04-18 13:30:00-04:00,16.54560089111328,16.579999923706055,16.540000915527344,16.56999969482422,6731,0.0,0.0
2023-04-18 14:30:00-04:00,16.56599998474121,16.59000015258789,16.52039909362793,16.576900482177734,8359,0.0,0.0
2023-04-18 15:30:00-04:00,16.56999969482422,16.579999923706055,16.549999237060547,16.559999465942383,3121,0.0,0.0
2023-04-19 09:30:00-04:00,16.489999771118164,16.59000015258789,16.479999542236328,16.524999618530273,0,0.0,0.0
2023-04-19 10:30:00-04:00,16.50160026550293,16.649999618530273,16.50160026550293,16.628700256347656,14899,0.0,0.0
2023-04-19 11:30:00-04:00,16.6299991607666,16.6299991607666,16.594999313354492,16.594999313354492,1408,0.0,0.0
2023-04-19 12:30:00-04:00,16.61549949645996,16.65999984741211,16.610000610351562,16.649999618530273,8035,0.0,0.0
2023-04-19 13:30:00-04:00,16.649999618530273,16.68000030517578,16.617900848388672,16.630599975585938,7479,0.0,0.0
2023-04-19 14:30:00-04:00,16.639999389648438,16.690000534057617,16.625099182128906,16.65999984741211,4229,0.0,0.0
2023-04-19 15:30:00-04:00,16.65999984741211,16.690000534057617,16.6200008392334,16.670000076293945,6683,0.0,0.0
2023-04-20 09:30:00-04:00,16.799999237060547,16.809999465942383,16.739999771118164,16.78660011291504,0,0.0,0.0
2023-04-20 10:30:00-04:00,16.760000228881836,16.770000457763672,16.68000030517578,16.74340057373047,13942,0.0,0.0
2023-04-20 11:30:00-04:00,16.739999771118164,16.739999771118164,16.68000030517578,16.704999923706055,6506,0.0,0.0
2023-04-20 12:30:00-04:00,16.704999923706055,16.770000457763672,16.704999923706055,16.725000381469727,7379,0.0,0.0
2023-04-20 13:30:00-04:00,16.709999084472656,16.740100860595703,16.698999404907227,16.709800720214844,9165,0.0,0.0
2023-04-20 14:30:00-04:00,16.700000762939453,16.725000381469727,16.687599182128906,16.72249984741211,3623,0.0,0.0
2023-04-20 15:30:00-04:00,16.709999084472656,16.709999084472656,16.639999389648438,16.68000030517578,4325,0.0,0.0
2023-04-21 09:30:00-04:00,16.700000762939453,16.75,16.700000762939453,16.700000762939453,0,0.0,0.0
2023-04-21 10:30:00-04:00,16.700000762939453,16.700000762939453,16.649999618530273,16.670000076293945,2225,0.0,0.0
2023-04-21 11:30:00-04:00,16.704999923706055,16.704999923706055,16.600000381469727,16.600000381469727,7667,0.0,0.0
2023-04-21 12:30:00-04:00,16.6697998046875,16.6697998046875,16.655000686645508,16.667299270629883,2008,0.0,0.0
2023-04-21 13:30:00-04:00,16.655000686645508,16.700000762939453,16.655000686645508,16.700000762939453,5103,0.0,0.0
2023-04-21 14:30:00-04:00,16.700000762939453,16.729999542236328,16.670000076293945,16.709999084472656,3830,0.0,0.0
2023-04-21 15:30:00-04:00,16.709999084472656,16.729999542236328,16.690000534057617,16.709999084472656,3253,0.0,0.0
2023-04-24 09:30:00-04:00,16.68000030517578,16.739999771118164,16.68000030517578,16.729000091552734,4291,0.0,0.0
2023-04-24 10:30:00-04:00,16.702499389648438,16.759899139404297,16.68000030517578,16.700000762939453,13453,0.0,0.0
2023-04-24 11:30:00-04:00,16.704500198364258,16.704500198364258,16.690000534057617,16.690000534057617,801,0.0,0.0
2023-04-24 12:30:00-04:00,16.67009925842285,16.67009925842285,16.642900466918945,16.642900466918945,2265,0.0,0.0
2023-04-24 13:30:00-04:00,16.684999465942383,16.684999465942383,16.620100021362305,16.620100021362305,1068,0.0,0.0
2023-04-24 14:30:00-04:00,16.65999984741211,16.75,16.65999984741211,16.700000762939453,6232,0.0,0.0
2023-04-24 15:30:00-04:00,16.700000762939453,16.742300033569336,16.700000762939453,16.700000762939453,1580,0.0,0.0
2023-04-25 09:30:00-04:00,16.719999313354492,16.899999618530273,16.700000762939453,16.725000381469727,10516,0.0,0.0
2023-04-25 10:30:00-04:00,16.709999084472656,16.719999313354492,16.65999984741211,16.65999984741211,4861,0.0,0.0
2023-04-25 11:30:00-04:00,16.690000534057617,16.719999313354492,16.690000534057617,16.710800170898438,1195,0.0,0.0
2023-04-25 12:30:00-04:00,16.709999084472656,16.719999313354492,16.65999984741211,16.65999984741211,4071,0.0,0.0
2023-04-25 13:30:00-04:00,16.698299407958984,16.709999084472656,16.65999984741211,16.709999084472656,5723,0.0,0.0
2023-04-25 14:30:00-04:00,16.690000534057617,16.719900131225586,16.639999389648438,16.719900131225586,3980,0.0,0.0
2023-04-25 15:30:00-04:00,16.700000762939453,16.719999313354492,16.700000762939453,16.71500015258789,1821,0.0,0.0
2023-04-26 09:30:00-04:00,16.81999969482422,16.81999969482422,16.719999313354492,16.723400115966797,0,0.0,0.0
2023-04-26 10:30:00-04:00,16.749000549316406,16.75,16.731399536132812,16.75,3827,0.0,0.0
2023-04-26 11:30:00-04:00,16.75,16.780000686645508,16.736000061035156,16.740100860595703,7500,0.0,0.0
2023-04-26 12:30:00-04:00,16.739999771118164,16.75,16.72010040283203,16.721799850463867,2823,0.0,0.0
2023-04-26 13:30:00-04:00,16.72480010986328,16.790000915527344,16.72480010986328,16.780000686645508,7136,0.0,0.0
2023-04-26 14:30:00-04:00,16.780000686645508,16.81999969482422,16.780000686645508,16.819400787353516,4858,0.0,0.0
2023-04-26 15:30:00-04:00,16.829999923706055,16.920000076293945,16.80500030517578,16.920000076293945,17570,0.0,0.0
2023-04-27 09:30:00-04:00,16.84000015258789,16.86989974975586,16.75,16.86989974975586,0,0.0,0.0
2023-04-27 10:30:00-04:00,16.834999084472656,16.850000381469727,16.790000915527344,16.850000381469727,3500,0.0,0.0
2023-04-27 11:30:00-04:00,16.700000762939453,16.8700008392334,16.700000762939453,16.850000381469727,3196,0.0,0.0
2023-04-27 12:30:00-04:00,16.850000381469727,16.899999618530273,16.81999969482422,16.899999618530273,6307,0.0,0.0
2023-04-27 13:30:00-04:00,16.899999618530273,16.899999618530273,16.850000381469727,16.875,4665,0.0,0.0
2023-04-27 14:30:00-04:00,16.899999618530273,16.899999618530273,16.855300903320312,16.889999389648438,2050,0.0,0.0
2023-04-27 15:30:00-04:00,16.899999618530273,16.93000030517578,16.874500274658203,16.93000030517578,11670,0.0,0.0
2023-04-28 09:30:00-04:00,17.06999969482422,17.06999969482422,16.899999618530273,16.969999313354492,17524,0.0,0.0
2023-04-28 10:30:00-04:00,16.985000610351562,17.06999969482422,16.969999313354492,16.989999771118164,7929,0.0,0.0
2023-04-28 11:30:00-04:00,17.06999969482422,17.139999389648438,17.040000915527344,17.139999389648438,6401,0.0,0.0
2023-04-28 12:30:00-04:00,17.139999389648438,17.190000534057617,17.110000610351562,17.190000534057617,6845,0.0,0.0
2023-04-28 13:30:00-04:00,17.110000610351562,17.253799438476562,17.110000610351562,17.235000610351562,10118,0.0,0.0
2023-04-28 14:30:00-04:00,17.229999542236328,17.3700008392334,17.172500610351562,17.18000030517578,28131,0.0,0.0
2023-04-28 15:30:00-04:00,17.18000030517578,17.229999542236328,17.139999389648438,17.149999618530273,15532,0.0,0.0
2023-05-01 09:30:00-04:00,17.079999923706055,17.165000915527344,16.8700008392334,16.971599578857422,0,0.0,0.0
2023-05-01 10:30:00-04:00,16.950000762939453,17.020000457763672,16.8799991607666,16.950000762939453,11226,0.0,0.0
2023-05-01 11:30:00-04:00,17.0,17.019899368286133,16.90999984741211,17.019899368286133,5738,0.0,0.0
2023-05-01 12:30:00-04:00,16.96500015258789,17.010000228881836,16.923099517822266,16.923099517822266,3027,0.0,0.0
2023-05-01 13:30:00-04:00,16.992599487304688,17.020000457763672,16.937999725341797,17.020000457763672,16190,0.0,0.0
2023-05-01 14:30:00-04:00,17.020000457763672,17.100000381469727,17.000099182128906,17.0314998626709,18023,0.0,0.0
2023-05-01 15:30:00-04:00,17.06999969482422,17.06999969482422,16.979999542236328,17.0,6236,0.0,0.0
2023-05-02 09:30:00-04:00,17.1299991607666,17.190000534057617,17.020000457763672,17.065000534057617,0,0.0,0.0
2023-05-02 10:30:00-04:00,17.100000381469727,17.100000381469727,16.94499969482422,16.94499969482422,9750,0.0,0.0
2023-05-02 11:30:00-04:00,16.969999313354492,17.0,16.940000534057617,16.997600555419922,4340,0.0,0.0
2023-05-02 12:30:00-04:00,17.03660011291504,17.04669952392578,17.03660011291504,17.04669952392578,2531,0.0,0.0
2023-05-02 13:30:00-04:00,17.030000686645508,17.06999969482422,16.90999984741211,17.05590057373047,19531,0.0,0.0
2023-05-02 14:30:00-04:00,17.020000457763672,17.065099716186523,16.979999542236328,16.979999542236328,4544,0.0,0.0
2023-05-02 15:30:00-04:00,16.979999542236328,17.0,16.975000381469727,17.0,6874,0.0,0.0
2023-05-03 09:30:00-04:00,17.030000686645508,17.290000915527344,17.020000457763672,17.020000457763672,0,0.0,0.0
2023-05-03 10:30:00-04:00,16.980100631713867,17.139999389648438,16.980100631713867,17.075000762939453,2527,0.0,0.0
2023-05-03 11:30:00-04:00,17.05150032043457,17.100000381469727,16.934999465942383,17.010000228881836,12387,0.0,0.0
2023-05-03 12:30:00-04:00,16.959999084472656,17.0,16.940000534057617,17.0,11001,0.0,0.0
2023-05-03 13:30:00-04:00,16.969999313354492,16.969999313354492,16.889999389648438,16.954599380493164,9047,0.0,0.0
2023-05-03 14:30:00-04:00,16.969999313354492,16.979999542236328,16.894800186157227,16.924999237060547,0,0.0,0.0
2023-05-03 15:30:00-04:00,16.959999084472656,17.030000686645508,16.959999084472656,17.0,60978,0.0,0.0
2023-05-04 09:30:00-04:00,16.889999389648438,17.020000457763672,16.889999389648438,17.0,0,0.0,0.0
2023-05-04 10:30:00-04:00,16.989999771118164,17.010000228881836,16.899999618530273,17.010000228881836,9409,0.0,0.0
2023-05-04 11:30:00-04:00,17.010000228881836,17.02989959716797,16.969999313354492,17.0,7877,0.0,0.0
2023-05-04 12:30:00-04:00,17.018199920654297,17.02989959716797,16.920000076293945,16.959999084472656,4043,0.0,0.0
2023-05-04 13:30:00-04:00,16.959999084472656,17.020000457763672,16.899999618530273,16.959999084472656,7575,0.0,0.0
2023-05-04 14:30:00-04:00,17.0,17.16990089416504,16.959999084472656,16.989999771118164,20401,0.0,0.0
2023-05-04 15:30:00-04:00,17.0,17.0,16.975000381469727,17.0,15265,0.0,0.0
2023-05-05 09:30:00-04:00,17.030000686645508,17.06999969482422,16.90999984741211,17.0,0,0.0,0.0
2023-05-05 10:30:00-04:00,17.010000228881836,17.041900634765625,16.90999984741211,17.0,8650,0.0,0.0
2023-05-05 11:30:00-04:00,17.0,17.010000228881836,16.9950008392334,17.010000228881836,3327,0.0,0.0
2023-05-05 12:30:00-04:00,16.999900817871094,17.03499984741211,16.980100631713867,17.030000686645508,7790,0.0,0.0
2023-05-05 13:30:00-04:00,17.0,17.059900283813477,17.0,17.0,8081,0.0,0.0
2023-05-05 14:30:00-04:00,17.010000228881836,17.1200008392334,17.010000228881836,17.020000457763672,11335,0.0,0.0
2023-05-05 15:30:00-04:00,17.010000228881836,17.03499984741211,16.959999084472656,17.0,4960,0.0,0.0
2023-05-08 09:30:00-04:00,16.989999771118164,17.0,16.947399139404297,16.950000762939453,0,0.0,0.0
2023-05-08 10:30:00-04:00,16.950000762939453,16.954999923706055,16.93000030517578,16.93000030517578,3320,0.0,0.0
2023-05-08 11:30:00-04:00,16.940000534057617,16.940000534057617,16.93000030517578,16.93239974975586,2135,0.0,0.0
2023-05-08 12:30:00-04:00,16.93000030517578,16.95949935913086,16.93000030517578,16.950000762939453,4900,0.0,0.0
2023-05-08 13:30:00-04:00,16.93000030517578,16.93000030517578,16.90999984741211,16.90999984741211,1264,0.0,0.0
2023-05-08 14:30:00-04:00,16.899599075317383,16.920000076293945,16.850000381469727,16.850000381469727,11010,0.0,0.0
2023-05-08 15:30:00-04:00,16.8700008392334,16.920000076293945,16.8700008392334,16.920000076293945,4669,0.0,0.0
2023-05-09 09:30:00-04:00,16.84000015258789,16.8789005279541,16.799999237060547,16.864999771118164,0,0.0,0.0
2023-05-09 10:30:00-04:00,16.950000762939453,16.950000762939453,16.790000915527344,16.790000915527344,7109,0.0,0.0
2023-05-09 11:30:00-04:00,16.854999542236328,16.854999542236328,16.854999542236328,16.854999542236328,490,0.0,0.0
2023-05-09 12:30:00-04:00,16.90999984741211,16.90999984741211,16.834999084472656,16.834999084472656,2500,0.0,0.0
2023-05-09 13:30:00-04:00,16.834999084472656,16.88990020751953,16.800399780273438,16.861299514770508,4097,0.0,0.0
2023-05-09 14:30:00-04:00,16.809999465942383,16.84000015258789,16.7549991607666,16.799999237060547,10404,0.0,0.0
2023-05-09 15:30:00-04:00,16.832700729370117,16.832700729370117,16.790000915527344,16.790000915527344,5715,0.0,0.0
2023-05-10 09:30:00-04:00,16.81999969482422,16.938400268554688,16.81999969482422,16.920000076293945,0,0.0,0.0
2023-05-10 10:30:00-04:00,16.920000076293945,16.959999084472656,16.800100326538086,16.905000686645508,3031,0.0,0.0
2023-05-10 11:30:00-04:00,16.899999618530273,16.899999618530273,16.899999618530273,16.899999618530273,813,0.0,0.0
2023-05-10 12:30:00-04:00,16.860000610351562,16.90250015258789,16.799999237060547,16.844999313354492,9859,0.0,0.0
2023-05-10 13:30:00-04:00,16.8700008392334,16.899999618530273,16.8700008392334,16.899999618530273,2900,0.0,0.0
2023-05-10 14:30:00-04:00,16.941600799560547,16.96619987487793,16.941600799560547,16.96619987487793,968,0.0,0.0
2023-05-10 15:30:00-04:00,16.899999618530273,17.010000228881836,16.889999389648438,16.93000030517578,14914,0.0,0.0
2023-05-11 09:30:00-04:00,17.049999237060547,17.10449981689453,16.899999618530273,16.96500015258789,0,0.0,0.0
2023-05-11 10:30:00-04:00,16.899999618530273,16.899999618530273,16.850299835205078,16.850299835205078,2368,0.0,0.0
2023-05-11 11:30:00-04:00,16.895000457763672,16.940000534057617,16.850000381469727,16.90999984741211,5161,0.0,0.0
2023-05-11 12:30:00-04:00,16.84000015258789,16.989999771118164,16.84000015258789,16.871000289916992,0,0.0,0.0
2023-05-11 13:30:00-04:00,16.983699798583984,16.987899780273438,16.983699798583984,16.987899780273438,19536,0.0,0.0
2023-05-11 14:30:00-04:00,16.90489959716797,16.989999771118164,16.8799991607666,16.8799991607666,2279,0.0,0.0
2023-05-11 15:30:00-04:00,16.88800048828125,16.940000534057617,16.8700008392334,16.8700008392334,6567,0.0,0.0
2023-05-12 09:30:00-04:00,16.75,16.8700008392334,16.75,16.770700454711914,0,0.0,0.0
2023-05-12 10:30:00-04:00,16.799999237060547,16.834999084472656,16.760000228881836,16.829999923706055,2108,0.0,0.0
2023-05-12 11:30:00-04:00,16.760000228881836,16.81999969482422,16.75,16.76569938659668,0,0.0,0.0
2023-05-12 12:30:00-04:00,16.790000915527344,16.80579948425293,16.75,16.760000228881836,13789,0.0,0.0
2023-05-12 13:30:00-04:00,16.823400497436523,16.889999389648438,16.799999237060547,16.88909912109375,4615,0.0,0.0
2023-05-12 14:30:00-04:00,16.940000534057617,16.98069953918457,16.850000381469727,16.889999389648438,8261,0.0,0.0
2023-05-12 15:30:00-04:00,16.899999618530273,16.959999084472656,16.850000381469727,16.860000610351562,1888,0.0,0.0
2023-05-15 09:30:00-04:00,16.829999923706055,16.920000076293945,16.809999465942383,16.844999313354492,0,0.0,0.0
2023-05-15 10:30:00-04:00,16.81999969482422,16.81999969482422,16.745100021362305,16.75,10718,0.0,0.0
2023-05-15 11:30:00-04:00,16.69499969482422,16.729999542236328,16.600000381469727,16.68000030517578,10711,0.0,0.0
2023-05-15 12:30:00-04:00,16.649999618530273,16.75,16.649999618530273,16.700000762939453,4474,0.0,0.0
2023-05-15 13:30:00-04:00,16.711200714111328,16.729999542236328,16.690000534057617,16.729999542236328,3552,0.0,0.0
2023-05-15 14:30:00-04:00,16.709999084472656,16.729999542236328,16.690000534057617,16.697500228881836,4495,0.0,0.0
2023-05-15 15:30:00-04:00,16.709999084472656,16.729999542236328,16.690000534057617,16.729999542236328,3029,0.0,0.0
2023-05-16 09:30:00-04:00,16.610000610351562,16.700000762939453,16.610000610351562,16.610000610351562,0,0.0,0.0
2023-05-16 10:30:00-04:00,16.610000610351562,16.6200008392334,16.56999969482422,16.618900299072266,2895,0.0,0.0
2023-05-16 11:30:00-04:00,16.604999542236328,16.604999542236328,16.58989906311035,16.58989906311035,1600,0.0,0.0
2023-05-16 12:30:00-04:00,16.59469985961914,16.6200008392334,16.546100616455078,16.56999969482422,6766,0.0,0.0
2023-05-16 13:30:00-04:00,16.583900451660156,16.583900451660156,16.579999923706055,16.579999923706055,296,0.0,0.0
2023-05-16 14:30:00-04:00,16.584999084472656,16.610000610351562,16.579999923706055,16.600000381469727,5597,0.0,0.0
2023-05-16 15:30:00-04:00,16.600000381469727,16.639999389648438,16.571699142456055,16.639999389648438,2736,0.0,0.0
2023-05-17 09:30:00-04:00,16.56999969482422,16.635000228881836,16.52899932861328,16.52899932861328,0,0.0,0.0
2023-05-17 10:30:00-04:00,16.549999237060547,16.579999923706055,16.510000228881836,16.53499984741211,2967,0.0,0.0
2023-05-17 11:30:00-04:00,16.540000915527344,16.601200103759766,16.520000457763672,16.520000457763672,11053,0.0,0.0
2023-05-17 12:30:00-04:00,16.559999465942383,16.575000762939453,16.541000366210938,16.55970001220703,5166,0.0,0.0
2023-05-17 13:30:00-04:00,16.540000915527344,16.56999969482422,16.500099182128906,16.518400192260742,4711,0.0,0.0
2023-05-17 14:30:00-04:00,16.503999710083008,16.530000686645508,16.489999771118164,16.489999771118164,2890,0.0,0.0
2023-05-17 15:30:00-04:00,16.4950008392334,16.530000686645508,16.480100631713867,16.480100631713867,5669,0.0,0.0
2023-05-18 09:30:00-04:00,16.440000534057617,16.5,16.440000534057617,16.5,0,0.0,0.0
2023-05-18 10:30:00-04:00,16.5,16.5,16.420000076293945,16.46500015258789,6303,0.0,0.0
2023-05-18 11:30:00-04:00,16.46500015258789,16.5,16.43000030517578,16.5,8999,0.0,0.0
2023-05-18 12:30:00-04:00,16.47800064086914,16.49810028076172,16.450000762939453,16.49810028076172,3433,0.0,0.0
2023-05-18 13:30:00-04:00,16.489999771118164,16.5,16.440000534057617,16.440000534057617,4989,0.0,0.0
2023-05-18 14:30:00-04:00,16.450000762939453,16.469900131225586,16.420000076293945,16.450000762939453,7934,0.0,0.0
2023-05-18 15:30:00-04:00,16.43000030517578,16.450000762939453,16.420000076293945,16.420000076293945,6131,0.0,0.0
2023-05-19 09:30:00-04:00,16.420000076293945,16.5,16.350000381469727,16.385099411010742,0,0.0,0.0
2023-05-19 10:30:00-04:00,16.360000610351562,16.420000076293945,16.360000610351562,16.40399932861328,3696,0.0,0.0
2023-05-19 11:30:00-04:00,16.389999389648438,16.420000076293945,16.350000381469727,16.360000610351562,6768,0.0,0.0
2023-05-19 12:30:00-04:00,16.375499725341797,16.3799991607666,16.360000610351562,16.3799991607666,1762,0.0,0.0
2023-05-19 13:30:00-04:00,16.399999618530273,16.399999618530273,16.31999969482422,16.375,6101,0.0,0.0
2023-05-19 14:30:00-04:00,16.375,16.43000030517578,16.3700008392334,16.374399185180664,11406,0.0,0.0
2023-05-19 15:30:00-04:00,16.3700008392334,16.389999389648438,16.3700008392334,16.3799991607666,2295,0.0,0.0
2023-05-22 09:30:00-04:00,16.459999084472656,16.459999084472656,16.31999969482422,16.354999542236328,2643,0.0,0.0
2023-05-22 10:30:00-04:00,16.354999542236328,16.354999542236328,16.275100708007812,16.275100708007812,3579,0.0,0.0
2023-05-22 11:30:00-04:00,16.274999618530273,16.3700008392334,16.274999618530273,16.315900802612305,12350,0.0,0.0
2023-05-22 12:30:00-04:00,16.299999237060547,16.299999237060547,16.200000762939453,16.200000762939453,8925,0.0,0.0
2023-05-22 13:30:00-04:00,16.260000228881836,16.290000915527344,16.200000762939453,16.200000762939453,14404,0.0,0.0
2023-05-22 14:30:00-04:00,16.239999771118164,16.260000228881836,16.200000762939453,16.209999084472656,8719,0.0,0.0
2023-05-22 15:30:00-04:00,16.209999084472656,16.229999542236328,16.190000534057617,16.209999084472656,4300,0.0,0.0
2023-05-23 09:30:00-04:00,16.200000762939453,16.209800720214844,16.149999618530273,16.174999237060547,0,0.0,0.0
2023-05-23 10:30:00-04:00,16.150100708007812,16.270000457763672,16.150100708007812,16.239999771118164,4474,0.0,0.0
2023-05-23 11:30:00-04:00,16.2450008392334,16.2450008392334,16.219999313354492,16.219999313354492,1034,0.0,0.0
2023-05-23 12:30:00-04:00,16.219999313354492,16.226600646972656,16.200000762939453,16.209999084472656,2534,0.0,0.0
2023-05-23 13:30:00-04:00,16.170000076293945,16.25,16.170000076293945,16.229999542236328,5464,0.0,0.0
2023-05-23 14:30:00-04:00,16.21500015258789,16.31999969482422,16.21500015258789,16.309999465942383,10520,0.0,0.0
2023-05-23 15:30:00-04:00,16.309999465942383,16.329999923706055,16.299999237060547,16.329999923706055,6755,0.0,0.0
2023-05-24 09:30:00-04:00,16.3700008392334,16.420000076293945,16.200000762939453,16.229999542236328,0,0.0,0.0
2023-05-24 10:30:00-04:00,16.25,16.309999465942383,16.15999984741211,16.225000381469727,5720,0.0,0.0
2023-05-24 11:30:00-04:00,16.22369956970215,16.25,16.125,16.25,10918,0.0,0.0
2023-05-24 12:30:00-04:00,16.249900817871094,16.249900817871094,16.174999237060547,16.200000762939453,1510,0.0,0.0
2023-05-24 13:30:00-04:00,16.150999069213867,16.150999069213867,16.100000381469727,16.1200008392334,3210,0.0,0.0
2023-05-24 14:30:00-04:00,16.09000015258789,16.309999465942383,16.09000015258789,16.18000030517578,6759,0.0,0.0
2023-05-24 15:30:00-04:00,16.15999984741211,16.170000076293945,16.09000015258789,16.170000076293945,4751,0.0,0.0
2023-05-25 09:30:00-04:00,16.100000381469727,16.1200008392334,16.050100326538086,16.050100326538086,0,0.0,0.0
2023-05-25 10:30:00-04:00,16.06999969482422,16.139999389648438,16.040000915527344,16.040000915527344,15199,0.0,0.0
2023-05-25 11:30:00-04:00,16.040000915527344,16.059999465942383,16.0,16.024999618530273,14606,0.0,0.0
2023-05-25 12:30:00-04:00,16.0,16.0,15.890000343322754,15.949999809265137,15336,0.0,0.0
2023-05-25 13:30:00-04:00,15.899999618530273,15.984999656677246,15.899999618530273,15.930000305175781,1985,0.0,0.0
2023-05-25 14:30:00-04:00,15.899999618530273,15.90999984741211,15.895899772644043,15.895899772644043,6311,0.0,0.0
2023-05-25 15:30:00-04:00,15.894100189208984,15.899999618530273,15.869999885559082,15.890000343322754,4451,0.0,0.0
2023-05-26 09:30:00-04:00,16.030000686645508,16.030000686645508,15.949999809265137,16.020000457763672,0,0.0,0.0
2023-05-26 10:30:00-04:00,16.010000228881836,16.030000686645508,16.0,16.014999389648438,17047,0.0,0.0
2023-05-26 11:30:00-04:00,16.030000686645508,16.079999923706055,16.010099411010742,16.06999969482422,5271,0.0,0.0
2023-05-26 12:30:00-04:00,16.079999923706055,16.149999618530273,16.06999969482422,16.149999618530273,9214,0.0,0.0
2023-05-26 13:30:00-04:00,16.139999389648438,16.229999542236328,16.131000518798828,16.21500015258789,19310,0.0,0.0
2023-05-26 14:30:00-04:00,16.21500015258789,16.229999542236328,16.18000030517578,16.200000762939453,9413,0.0,0.0
2023-05-26 15:30:00-04:00,16.200000762939453,16.200000762939453,16.170000076293945,16.190000534057617,5338,0.0,0.0
2023-05-30 09:30:00-04:00,16.200000762939453,16.200000762939453,16.139999389648438,16.139999389648438,5926,0.0,0.0
2023-05-30 10:30:00-04:00,16.1200008392334,16.1299991607666,16.049999237060547,16.049999237060547,25565,0.0,0.0
2023-05-30 11:30:00-04:00,16.118099212646484,16.139999389648438,16.072900772094727,16.13010025024414,7521,0.0,0.0
2023-05-30 12:30:00-04:00,16.114999771118164,16.139999389648438,16.079999923706055,16.139999389648438,5453,0.0,0.0
2023-05-30 13:30:00-04:00,16.139999389648438,16.190000534057617,16.120100021362305,16.1299991607666,9695,0.0,0.0
2023-05-30 14:30:00-04:00,16.165000915527344,16.200000762939453,16.1299991607666,16.152000427246094,9631,0.0,0.0
2023-05-30 15:30:00-04:00,16.125,16.18000030517578,16.110000610351562,16.15999984741211,3988,0.0,0.0
2023-05-31 09:30:00-04:00,16.329999923706055,16.329999923706055,16.181900024414062,16.260000228881836,0,0.0,0.0
2023-05-31 10:30:00-04:00,16.27239990234375,16.280899047851562,16.25,16.270000457763672,4958,0.0,0.0
2023-05-31 11:30:00-04:00,16.209999084472656,16.290000915527344,16.209999084472656,16.290000915527344,7922,0.0,0.0
2023-05-31 12:30:00-04:00,16.290000915527344,16.290000915527344,16.229999542236328,16.23979949951172,2952,0.0,0.0
2023-05-31 13:30:00-04:00,16.270200729370117,16.329999923706055,16.239999771118164,16.329999923706055,6917,0.0,0.0
2023-05-31 14:30:00-04:00,16.28499984741211,16.31999969482422,16.267499923706055,16.309999465942383,2837,0.0,0.0
2023-05-31 15:30:00-04:00,16.31999969482422,16.34000015258789,16.309999465942383,16.309999465942383,4189,0.0,0.0
2023-06-01 09:30:00-04:00,16.360000610351562,16.440000534057617,16.299999237060547,16.389999389648438,9580,0.0,0.0
2023-06-01 10:30:00-04:00,16.420000076293945,16.420000076293945,16.31999969482422,16.399999618530273,10142,0.0,0.0
2023-06-01 11:30:00-04:00,16.399999618530273,16.399999618530273,16.350000381469727,16.3700008392334,6329,0.0,0.0
2023-06-01 12:30:00-04:00,16.370100021362305,16.375,16.360000610351562,16.3700008392334,6565,0.0,0.0
2023-06-01 13:30:00-04:00,16.3799991607666,16.3799991607666,16.350000381469727,16.371999740600586,3252,0.0,0.0
2023-06-01 14:30:00-04:00,16.399700164794922,16.399999618530273,16.360000610351562,16.360000610351562,2041,0.0,0.0
2023-06-01 15:30:00-04:00,16.34000015258789,16.360000610351562,16.290000915527344,16.315000534057617,4956,0.0,0.0
2023-06-02 09:30:00-04:00,16.520000457763672,16.520000457763672,16.39900016784668,16.4424991607666,15336,0.0,0.0
2023-06-02 10:30:00-04:00,16.424999237060547,16.450000762939453,16.405000686645508,16.425399780273438,3071,0.0,0.0
2023-06-02 11:30:00-04:00,16.450000762939453,16.450000762939453,16.399999618530273,16.435300827026367,2240,0.0,0.0
2023-06-02 12:30:00-04:00,16.399999618530273,16.440000534057617,16.388399124145508,16.388399124145508,3264,0.0,0.0
2023-06-02 13:30:00-04:00,16.440000534057617,16.440000534057617,16.29050064086914,16.32379913330078,3956,0.0,0.0
2023-06-02 14:30:00-04:00,16.312299728393555,16.34000015258789,16.301000595092773,16.34000015258789,6514,0.0,0.0
2023-06-02 15:30:00-04:00,16.31999969482422,16.420000076293945,16.309999465942383,16.420000076293945,7831,0.0,0.0
2023-06-05 09:30:00-04:00,16.3700008392334,16.404800415039062,16.3700008392334,16.396400451660156,0,0.0,0.0
2023-06-05 10:30:00-04:00,16.449899673461914,16.449899673461914,16.355899810791016,16.399999618530273,4517,0.0,0.0
2023-06-05 11:30:00-04:00,16.333900451660156,16.399999618530273,16.333900451660156,16.399999618530273,3539,0.0,0.0
2023-06-05 12:30:00-04:00,16.3799991607666,16.399999618530273,16.260000228881836,16.3700008392334,9463,0.0,0.0
2023-06-05 13:30:00-04:00,16.309999465942383,16.309999465942383,16.25,16.293500900268555,1137,0.0,0.0
2023-06-05 14:30:00-04:00,16.260000228881836,16.280000686645508,16.226600646972656,16.235000610351562,7253,0.0,0.0
2023-06-05 15:30:00-04:00,16.241199493408203,16.260000228881836,16.219999313354492,16.219999313354492,1393,0.0,0.0
2023-06-06 09:30:00-04:00,16.229999542236328,16.299999237060547,16.139999389648438,16.219999313354492,0,0.0,0.0
2023-06-06 10:30:00-04:00,16.235000610351562,16.299999237060547,16.235000610351562,16.24650001525879,3959,0.0,0.0
2023-06-06 11:30:00-04:00,16.299999237060547,16.378999710083008,16.290000915527344,16.378999710083008,8062,0.0,0.0
2023-06-06 12:30:00-04:00,16.334999084472656,16.345800399780273,16.32270050048828,16.334999084472656,1853,0.0,0.0
2023-06-06 13:30:00-04:00,16.335100173950195,16.399999618530273,16.300399780273438,16.399999618530273,6397,0.0,0.0
2023-06-06 14:30:00-04:00,16.399999618530273,16.399999618530273,16.36050033569336,16.399999618530273,7083,0.0,0.0
2023-06-06 15:30:00-04:00,16.399999618530273,16.399999618530273,16.3700008392334,16.3700008392334,9477,0.0,0.0
2023-06-07 09:30:00-04:00,16.360000610351562,16.469900131225586,16.360000610351562,16.469900131225586,1575,0.0,0.0
2023-06-07 10:30:00-04:00,16.329999923706055,16.3799991607666,16.329999923706055,16.360000610351562,4112,0.0,0.0
2023-06-07 11:30:00-04:00,16.399999618530273,16.399999618530273,16.354999542236328,16.354999542236328,4066,0.0,0.0
2023-06-07 12:30:00-04:00,16.349000930786133,16.374000549316406,16.244699478149414,16.244699478149414,3046,0.0,0.0
2023-06-07 13:30:00-04:00,16.241500854492188,16.33370018005371,16.241500854492188,16.33370018005371,2072,0.0,0.0
2023-06-07 14:30:00-04:00,16.295000076293945,16.295000076293945,16.295000076293945,16.295000076293945,465,0.0,0.0
2023-06-07 15:30:00-04:00,16.309999465942383,16.31999969482422,16.299999237060547,16.31999969482422,2037,0.0,0.0
2023-06-08 09:30:00-04:00,16.290000915527344,16.309999465942383,16.269699096679688,16.309999465942383,0,0.0,0.0
2023-06-08 10:30:00-04:00,16.330699920654297,16.350000381469727,16.260000228881836,16.350000381469727,4042,0.0,0.0
2023-06-08 11:30:00-04:00,16.307600021362305,16.307600021362305,16.239999771118164,16.239999771118164,3719,0.0,0.0
2023-06-08 13:30:00-04:00,16.29400062561035,16.309900283813477,16.267499923706055,16.270099639892578,2426,0.0,0.0
2023-06-08 14:30:00-04:00,16.298500061035156,16.309999465942383,16.280000686645508,16.309999465942383,2436,0.0,0.0
2023-06-08 15:30:00-04:00,16.309999465942383,16.34000015258789,16.309999465942383,16.34000015258789,1100,0.0,0.0
2023-06-09 09:30:00-04:00,16.280000686645508,16.354999542236328,16.280000686645508,16.354999542236328,0,0.0,0.0
2023-06-09 10:30:00-04:00,16.389999389648438,16.389999389648438,16.350000381469727,16.350099563598633,1000,0.0,0.0
2023-06-09 11:30:00-04:00,16.3700008392334,16.389999389648438,16.357999801635742,16.3700008392334,2544,0.0,0.0
2023-06-09 12:30:00-04:00,16.383699417114258,16.420000076293945,16.350000381469727,16.420000076293945,3748,0.0,0.0
2023-06-09 13:30:00-04:00,16.404800415039062,16.440000534057617,16.395000457763672,16.420000076293945,3763,0.0,0.0
2023-06-09 14:30:00-04:00,16.440000534057617,16.469999313354492,16.399999618530273,16.399999618530273,6359,0.0,0.0
2023-06-09 15:30:00-04:00,16.43000030517578,16.450000762939453,16.39240074157715,16.420000076293945,1624,0.0,0.0
2023-06-12 09:30:00-04:00,16.40999984741211,16.43400001525879,16.350000381469727,16.43400001525879,0,0.0,0.0
2023-06-12 10:30:00-04:00,16.399999618530273,16.441600799560547,16.399999618530273,16.399999618530273,6706,0.0,0.0
2023-06-12 11:30:00-04:00,16.385299682617188,16.40999984741211,16.3700008392334,16.377500534057617,3230,0.0,0.0
2023-06-12 12:30:00-04:00,16.361799240112305,16.430599212646484,16.361799240112305,16.430599212646484,9308,0.0,0.0
2023-06-12 13:30:00-04:00,16.45009994506836,16.45009994506836,16.45009994506836,16.45009994506836,125,0.0,0.0
2023-06-12 14:30:00-04:00,16.43000030517578,16.4325008392334,16.399999618530273,16.415000915527344,1889,0.0,0.0
2023-06-12 15:30:00-04:00,16.415000915527344,16.479999542236328,16.399999618530273,16.399999618530273,4554,0.0,0.0
2023-06-13 09:30:00-04:00,16.43000030517578,16.559999465942383,16.419599533081055,16.489999771118164,0,0.0,0.0
2023-06-13 10:30:00-04:00,16.450000762939453,16.479900360107422,16.399999618530273,16.479900360107422,5738,0.0,0.0
2023-06-13 11:30:00-04:00,16.416000366210938,16.47800064086914,16.399999618530273,16.459999084472656,7210,0.0,0.0
2023-06-13 12:30:00-04:00,16.400100708007812,16.438499450683594,16.399999618530273,16.399999618530273,3704,0.0,0.0
2023-06-13 13:30:00-04:00,16.415199279785156,16.440000534057617,16.299999237060547,16.299999237060547,2332,0.0,0.0
2023-06-13 14:30:00-04:00,16.300100326538086,16.40999984741211,16.300100326538086,16.378999710083008,1100,0.0,0.0
2023-06-13 15:30:00-04:00,16.38990020751953,16.38990020751953,16.229999542236328,16.229999542236328,0,0.0,0.0
2023-06-14 09:30:00-04:00,16.25,16.360000610351562,16.229999542236328,16.360000610351562,3792,0.0,0.0
2023-06-14 10:30:00-04:00,16.360000610351562,16.360000610351562,16.309999465942383,16.329999923706055,2921,0.0,0.0
2023-06-14 11:30:00-04:00,16.309999465942383,16.309999465942383,16.309999465942383,16.309999465942383,570,0.0,0.0
2023-06-14 12:30:00-04:00,16.34000015258789,16.34000015258789,16.260000228881836,16.260000228881836,4598,0.0,0.0
2023-06-14 13:30:00-04:00,16.260099411010742,16.360000610351562,16.25,16.25,2557,0.0,0.0
2023-06-14 14:30:00-04:00,16.317399978637695,16.329999923706055,16.1781005859375,16.1781005859375,4972,0.0,0.0
2023-06-14 15:30:00-04:00,16.239999771118164,16.329999923706055,16.190000534057617,16.329999923706055,10416,0.0,0.0
2023-06-15 09:30:00-04:00,16.450000762939453,16.46030044555664,16.399999618530273,16.40999984741211,17115,0.0,0.0
2023-06-15 10:30:00-04:00,16.404499053955078,16.409500122070312,16.3700008392334,16.409500122070312,3275,0.0,0.0
2023-06-15 11:30:00-04:00,16.389999389648438,16.40999984741211,16.385000228881836,16.404600143432617,7998,0.0,0.0
2023-06-15 12:30:00-04:00,16.389999389648438,16.395000457763672,16.3799991607666,16.3799991607666,6376,0.0,0.0
2023-06-15 13:30:00-04:00,16.384000778198242,16.385000228881836,16.3700008392334,16.3700008392334,626,0.0,0.0
2023-06-15 14:30:00-04:00,16.371000289916992,16.399900436401367,16.309999465942383,16.309999465942383,11261,0.0,0.0
2023-06-15 15:30:00-04:00,16.34000015258789,16.34000015258789,16.250600814819336,16.280000686645508,4062,0.0,0.0
2023-06-16 09:30:00-04:00,16.309999465942383,16.34000015258789,16.260000228881836,16.315000534057617,0,0.0,0.0
2023-06-16 10:30:00-04:00,16.292999267578125,16.315000534057617,16.280000686645508,16.280000686645508,6027,0.0,0.0
2023-06-16 11:30:00-04:00,16.315000534057617,16.350000381469727,16.190000534057617,16.29990005493164,14141,0.0,0.0
2023-06-16 12:30:00-04:00,16.21500015258789,16.23579978942871,16.1200008392334,16.18000030517578,5259,0.0,0.0
2023-06-16 13:30:00-04:00,16.136699676513672,16.249900817871094,16.136699676513672,16.190000534057617,3290,0.0,0.0
2023-06-16 14:30:00-04:00,16.190000534057617,16.190099716186523,16.190000534057617,16.190000534057617,2175,0.0,0.0
2023-06-16 15:30:00-04:00,16.213199615478516,16.23430061340332,16.079999923706055,16.079999923706055,8187,0.0,0.0
2023-06-20 09:30:00-04:00,16.170000076293945,16.200000762939453,15.890000343322754,15.970000267028809,57657,0.0,0.0
2023-06-20 10:30:00-04:00,15.949999809265137,15.99899959564209,15.90999984741211,15.90999984741211,9595,0.0,0.0
2023-06-20 11:30:00-04:00,15.90999984741211,16.0,15.869999885559082,16.0,26399,0.0,0.0
2023-06-20 12:30:00-04:00,15.967700004577637,15.989999771118164,15.859999656677246,15.989999771118164,12527,0.0,0.0
2023-06-20 13:30:00-04:00,15.880000114440918,15.960000038146973,15.84000015258789,15.840100288391113,18892,0.0,0.0
2023-06-20 14:30:00-04:00,15.890000343322754,15.930000305175781,15.880000114440918,15.930000305175781,13868,0.0,0.0
2023-06-20 15:30:00-04:00,15.970000267028809,15.977999687194824,15.920000076293945,15.949999809265137,12579,0.0,0.0
2023-06-21 09:30:00-04:00,15.930000305175781,16.0,15.930000305175781,15.970000267028809,8074,0.0,0.0
2023-06-21 10:30:00-04:00,15.949999809265137,15.979999542236328,15.944999694824219,15.949999809265137,5889,0.0,0.0
2023-06-21 11:30:00-04:00,15.9399995803833,15.989999771118164,15.899999618530273,15.949999809265137,10042,0.0,0.0
2023-06-21 12:30:00-04:00,15.949999809265137,15.979999542236328,15.949999809265137,15.960000038146973,2512,0.0,0.0
2023-06-21 13:30:00-04:00,15.949999809265137,16.170000076293945,15.949999809265137,16.170000076293945,33857,0.0,0.0
2023-06-21 14:30:00-04:00,16.170000076293945,16.25,16.149999618530273,16.18000030517578,6399,0.0,0.0
2023-06-21 15:30:00-04:00,16.188199996948242,16.25,16.188199996948242,16.25,4809,0.0,0.0
2023-06-22 09:30:00-04:00,16.209999084472656,16.25,15.949999809265137,16.030000686645508,45451,0.0,0.0
2023-06-22 10:30:00-04:00,16.030000686645508,16.030000686645508,15.949999809265137,16.014999389648438,10308,0.0,0.0
2023-06-22 11:30:00-04:00,16.014299392700195,16.0575008392334,15.960000038146973,16.02720069885254,1519,0.0,0.0
2023-06-22 12:30:00-04:00,16.010000228881836,16.049400329589844,16.010000228881836,16.049400329589844,662,0.0,0.0
2023-06-22 13:30:00-04:00,15.960000038146973,15.99899959564209,15.90999984741211,15.939900398254395,11079,0.0,0.0
2023-06-22 14:30:00-04:00,15.899999618530273,15.949999809265137,15.899999618530273,15.930000305175781,11564,0.0,0.0
2023-06-22 15:30:00-04:00,15.947600364685059,15.970000267028809,15.920000076293945,15.9399995803833,3199,0.0,0.0
2023-06-23 09:30:00-04:00,16.049999237060547,16.083999633789062,16.049999237060547,16.083999633789062,5473,0.0,0.0
2023-06-23 10:30:00-04:00,16.049100875854492,16.1299991607666,16.049100875854492,16.100000381469727,9146,0.0,0.0
2023-06-23 11:30:00-04:00,16.108999252319336,16.1299991607666,16.020099639892578,16.059999465942383,4922,0.0,0.0
2023-06-23 12:30:00-04:00,16.02989959716797,16.100000381469727,16.02989959716797,16.06999969482422,1191,0.0,0.0
2023-06-23 13:30:00-04:00,16.09000015258789,16.110000610351562,16.09000015258789,16.110000610351562,1137,0.0,0.0
2023-06-23 14:30:00-04:00,16.104999542236328,16.118999481201172,16.100000381469727,16.118999481201172,1240,0.0,0.0
2023-06-23 15:30:00-04:00,16.100000381469727,16.1200008392334,16.059999465942383,16.06999969482422,2934,0.0,0.0
2023-06-26 09:30:00-04:00,16.149999618530273,16.15999984741211,16.100000381469727,16.149999618530273,0,0.0,0.0
2023-06-26 10:30:00-04:00,16.145999908447266,16.159400939941406,16.100000381469727,16.159400939941406,2265,0.0,0.0
2023-06-26 11:30:00-04:00,16.100000381469727,16.143999099731445,16.100000381469727,16.1200008392334,1616,0.0,0.0
2023-06-26 12:30:00-04:00,16.132200241088867,16.149700164794922,16.09000015258789,16.134599685668945,5201,0.0,0.0
2023-06-26 13:30:00-04:00,16.135000228881836,16.190000534057617,16.135000228881836,16.149999618530273,7938,0.0,0.0
2023-06-26 14:30:00-04:00,16.135000228881836,16.149900436401367,16.1200008392334,16.124500274658203,5646,0.0,0.0
2023-06-26 15:30:00-04:00,16.104999542236328,16.139999389648438,16.104999542236328,16.139999389648438,0,0.0,0.0
2023-06-27 09:30:00-04:00,16.1299991607666,16.229999542236328,16.1200008392334,16.184999465942383,4040,0.0,0.0
2023-06-27 10:30:00-04:00,16.18000030517578,16.218700408935547,16.13909912109375,16.218700408935547,2619,0.0,0.0
2023-06-27 11:30:00-04:00,16.172700881958008,16.2367000579834,16.149999618530273,16.229999542236328,3436,0.0,0.0
2023-06-27 12:30:00-04:00,16.229999542236328,16.231599807739258,16.219999313354492,16.229999542236328,2636,0.0,0.0
2023-06-27 13:30:00-04:00,16.229999542236328,16.25,16.209999084472656,16.209999084472656,5203,0.0,0.0
2023-06-27 14:30:00-04:00,16.213499069213867,16.25,16.213499069213867,16.22010040283203,8636,0.0,0.0
2023-06-27 15:30:00-04:00,16.219999313354492,16.229999542236328,16.219999313354492,16.219999313354492,3497,0.0,0.0
2023-06-28 09:30:00-04:00,16.25,16.25,16.100000381469727,16.249900817871094,0,0.0,0.0
2023-06-28 10:30:00-04:00,16.239999771118164,16.2450008392334,16.200000762939453,16.2450008392334,1205,0.0,0.0
2023-06-28 11:30:00-04:00,16.270000457763672,16.289899826049805,16.209999084472656,16.288799285888672,2690,0.0,0.0
2023-06-28 12:30:00-04:00,16.280000686645508,16.299999237060547,16.18000030517578,16.190000534057617,5826,0.0,0.0
2023-06-28 13:30:00-04:00,16.239999771118164,16.25,16.239999771118164,16.25,609,0.0,0.0
2023-06-28 14:30:00-04:00,16.220600128173828,16.3799991607666,16.220600128173828,16.3799991607666,7881,0.0,0.0
2023-06-28 15:30:00-04:00,16.3700008392334,16.389999389648438,16.295000076293945,16.317899703979492,11760,0.0,0.0
2023-06-29 09:30:00-04:00,16.260000228881836,16.260000228881836,16.038999557495117,16.200000762939453,0,0.0,0.0
2023-06-29 10:30:00-04:00,16.149999618530273,16.18000030517578,16.049999237060547,16.1200008392334,11275,0.0,0.0
2023-06-29 11:30:00-04:00,16.149999618530273,16.20949935913086,16.149999618530273,16.160499572753906,1704,0.0,0.0
2023-06-29 12:30:00-04:00,16.170000076293945,16.18000030517578,16.049999237060547,16.100000381469727,15288,0.0,0.0
2023-06-29 13:30:00-04:00,16.145000457763672,16.198999404907227,16.100000381469727,16.134000778198242,9734,0.0,0.0
2023-06-29 14:30:00-04:00,16.145000457763672,16.145000457763672,16.090099334716797,16.114999771118164,6442,0.0,0.0
2023-06-29 15:30:00-04:00,16.100000381469727,16.139999389648438,16.09000015258789,16.1200008392334,3101,0.0,0.0
2023-06-30 09:30:00-04:00,16.350000381469727,16.350000381469727,16.160400390625,16.260000228881836,19762,0.0,0.0
2023-06-30 10:30:00-04:00,16.229999542236328,16.229999542236328,16.19569969177246,16.2101993560791,5605,0.0,0.0
2023-06-30 11:30:00-04:00,16.229999542236328,16.238399505615234,16.190000534057617,16.19879913330078,4488,0.0,0.0
2023-06-30 12:30:00-04:00,16.200000762939453,16.219999313354492,16.16790008544922,16.208499908447266,2305,0.0,0.0
2023-06-30 13:30:00-04:00,16.209999084472656,16.350000381469727,16.170000076293945,16.299999237060547,24893,0.0,0.0
2023-06-30 14:30:00-04:00,16.29960060119629,16.29960060119629,16.260000228881836,16.260000228881836,2036,0.0,0.0
2023-06-30 15:30:00-04:00,16.262100219726562,16.299999237060547,16.262100219726562,16.299999237060547,4028,0.0,0.0
2023-07-03 09:30:00-04:00,16.239999771118164,16.349899291992188,16.239999771118164,16.261600494384766,0,0.0,0.0
2023-07-03 10:30:00-04:00,16.299999237060547,16.31839942932129,16.270099639892578,16.2992000579834,3550,0.0,0.0
2023-07-03 11:30:00-04:00,16.293399810791016,16.33989906311035,16.24090003967285,16.24090003967285,7890,0.0,0.0
2023-07-03 12:30:00-04:00,16.239999771118164,16.280000686645508,16.239999771118164,16.2450008392334,1242,0.0,0.0
2023-07-05 09:30:00-04:00,16.219999313354492,16.290000915527344,16.219999313354492,16.290000915527344,0,0.0,0.0
2023-07-05 10:30:00-04:00,16.350000381469727,16.399999618530273,16.299999237060547,16.350000381469727,8195,0.0,0.0
2023-07-05 11:30:00-04:00,16.350000381469727,16.350000381469727,16.299999237060547,16.299999237060547,3204,0.0,0.0
2023-07-05 12:30:00-04:00,16.25,16.260000228881836,16.18000030517578,16.229999542236328,28870,0.0,0.0
2023-07-05 13:30:00-04:00,16.260000228881836,16.350000381469727,16.25,16.350000381469727,5620,0.0,0.0
2023-07-05 14:30:00-04:00,16.299999237060547,16.30500030517578,16.270000457763672,16.30500030517578,2177,0.0,0.0
2023-07-05 15:30:00-04:00,16.270000457763672,16.270000457763672,16.209999084472656,16.209999084472656,3908,0.0,0.0
2023-07-06 09:30:00-04:00,16.200000762939453,16.200000762939453,15.899999618530273,15.899999618530273,0,0.0,0.0
2023-07-06 10:30:00-04:00,15.914999961853027,15.930000305175781,15.850000381469727,15.850000381469727,6448,0.0,0.0
2023-07-06 11:30:00-04:00,15.850099563598633,15.920000076293945,15.850000381469727,15.904399871826172,8368,0.0,0.0
2023-07-06 12:30:00-04:00,15.920000076293945,15.920000076293945,15.920000076293945,15.920000076293945,1151,0.0,0.0
2023-07-06 13:30:00-04:00,15.899999618530273,15.939399719238281,15.899999618530273,15.939399719238281,3650,0.0,0.0
2023-07-06 14:30:00-04:00,15.920000076293945,15.949999809265137,15.899999618530273,15.90999984741211,7068,0.0,0.0
2023-07-06 15:30:00-04:00,15.899999618530273,15.90999984741211,15.880000114440918,15.880000114440918,5873,0.0,0.0
2023-07-07 09:30:00-04:00,15.90999984741211,16.082500457763672,15.90999984741211,16.082500457763672,0,0.0,0.0
2023-07-07 10:30:00-04:00,16.049999237060547,16.062000274658203,16.0,16.062000274658203,7660,0.0,0.0
2023-07-07 12:30:00-04:00,16.040000915527344,16.09000015258789,16.030000686645508,16.09000015258789,6173,0.0,0.0
2023-07-07 13:30:00-04:00,16.09000015258789,16.09000015258789,16.045000076293945,16.06999969482422,6087,0.0,0.0
2023-07-07 14:30:00-04:00,16.042699813842773,16.100000381469727,16.010099411010742,16.010099411010742,6891,0.0,0.0
2023-07-07 15:30:00-04:00,16.030000686645508,16.049999237060547,16.013999938964844,16.030000686645508,2065,0.0,0.0
2023-07-10 09:30:00-04:00,16.1200008392334,16.1200008392334,16.079999923706055,16.079999923706055,0,0.0,0.0
2023-07-10 10:30:00-04:00,16.093399047851562,16.100000381469727,16.079999923706055,16.079999923706055,4372,0.0,0.0
2023-07-10 11:30:00-04:00,16.097299575805664,16.099899291992188,16.05780029296875,16.092100143432617,0,0.0,0.0
2023-07-10 12:30:00-04:00,16.091299057006836,16.1200008392334,16.051300048828125,16.107999801635742,20325,0.0,0.0
2023-07-10 13:30:00-04:00,16.119600296020508,16.1200008392334,16.059999465942383,16.079999923706055,3298,0.0,0.0
2023-07-10 14:30:00-04:00,16.1200008392334,16.17840003967285,16.059999465942383,16.114999771118164,5279,0.0,0.0
2023-07-10 15:30:00-04:00,16.161800384521484,16.200000762939453,16.079999923706055,16.100000381469727,13028,0.0,0.0
2023-07-11 09:30:00-04:00,16.200000762939453,16.200000762939453,16.090700149536133,16.151599884033203,0,0.0,0.0
2023-07-11 10:30:00-04:00,16.170000076293945,16.295000076293945,16.170000076293945,16.209999084472656,6657,0.0,0.0
2023-07-11 11:30:00-04:00,16.200000762939453,16.25,16.200000762939453,16.200000762939453,2928,0.0,0.0
2023-07-11 12:30:00-04:00,16.21500015258789,16.25,16.200000762939453,16.25,1421,0.0,0.0
2023-07-11 13:30:00-04:00,16.274999618530273,16.299999237060547,16.274999618530273,16.299999237060547,807,0.0,0.0
2023-07-11 14:30:00-04:00,16.280000686645508,16.299999237060547,16.260000228881836,16.260000228881836,8641,0.0,0.0
2023-07-11 15:30:00-04:00,16.290000915527344,16.329999923706055,16.243999481201172,16.329999923706055,7525,0.0,0.0
2023-07-12 09:30:00-04:00,16.350000381469727,16.399900436401367,16.34000015258789,16.34000015258789,0,0.0,0.0
2023-07-12 10:30:00-04:00,16.350000381469727,16.3700008392334,16.280000686645508,16.280000686645508,4768,0.0,0.0
2023-07-12 11:30:00-04:00,16.31399917602539,16.329999923706055,16.280000686645508,16.290000915527344,3725,0.0,0.0
2023-07-12 12:30:00-04:00,16.295000076293945,16.32990074157715,16.260000228881836,16.32990074157715,2980,0.0,0.0
2023-07-12 13:30:00-04:00,16.30579948425293,16.329999923706055,16.229999542236328,16.309999465942383,11024,0.0,0.0
2023-07-12 14:30:00-04:00,16.264999389648438,16.278499603271484,16.204999923706055,16.204999923706055,8606,0.0,0.0
2023-07-12 15:30:00-04:00,16.219999313354492,16.280000686645508,16.209999084472656,16.260000228881836,8663,0.0,0.0
2023-07-13 09:30:00-04:00,16.139999389648438,16.229999542236328,16.139999389648438,16.219999313354492,3107,0.0,0.0
2023-07-13 10:30:00-04:00,16.170000076293945,16.18000030517578,16.079999923706055,16.15999984741211,8841,0.0,0.0
2023-07-13 11:30:00-04:00,16.165000915527344,16.191099166870117,16.120100021362305,16.150999069213867,3445,0.0,0.0
2023-07-13 12:30:00-04:00,16.15999984741211,16.199899673461914,16.15999984741211,16.199899673461914,743,0.0,0.0
2023-07-13 13:30:00-04:00,16.165000915527344,16.200000762939453,16.15410041809082,16.18000030517578,3461,0.0,0.0
2023-07-13 14:30:00-04:00,16.149999618530273,16.18000030517578,16.149999618530273,16.174999237060547,4122,0.0,0.0
2023-07-13 15:30:00-04:00,16.170000076293945,16.17099952697754,16.170000076293945,16.170000076293945,1210,0.0,0.0
2023-07-14 09:30:00-04:00,16.1200008392334,16.259899139404297,16.1200008392334,16.229999542236328,1295,0.0,0.0
2023-07-14 10:30:00-04:00,16.174999237060547,16.199899673461914,16.110000610351562,16.110000610351562,3119,0.0,0.0
2023-07-14 11:30:00-04:00,16.054000854492188,16.110000610351562,16.010000228881836,16.110000610351562,2644,0.0,0.0
2023-07-14 12:30:00-04:00,16.049999237060547,16.052000045776367,16.010000228881836,16.045000076293945,15291,0.0,0.0
2023-07-14 13:30:00-04:00,16.06999969482422,16.10849952697754,16.068500518798828,16.079999923706055,6596,0.0,0.0
2023-07-14 14:30:00-04:00,16.110000610351562,16.170000076293945,16.110000610351562,16.110000610351562,7667,0.0,0.0
2023-07-14 15:30:00-04:00,16.110000610351562,16.1299991607666,16.06999969482422,16.09000015258789,9029,0.0,0.0
2023-07-17 09:30:00-04:00,16.079999923706055,16.128599166870117,16.049999237060547,16.049999237060547,0,0.0,0.0
2023-07-17 10:30:00-04:00,16.010099411010742,16.04759979248047,16.0049991607666,16.040000915527344,6710,0.0,0.0
2023-07-17 11:30:00-04:00,16.049999237060547,16.05820083618164,16.010000228881836,16.040000915527344,6559,0.0,0.0
2023-07-17 12:30:00-04:00,16.0216007232666,16.09000015258789,16.010000228881836,16.075000762939453,8883,0.0,0.0
2023-07-17 13:30:00-04:00,16.060100555419922,16.09000015258789,16.049999237060547,16.049999237060547,6736,0.0,0.0
2023-07-17 14:30:00-04:00,16.079999923706055,16.149999618530273,16.06999969482422,16.06999969482422,7531,0.0,0.0
2023-07-17 15:30:00-04:00,16.149900436401367,16.149900436401367,16.139999389648438,16.139999389648438,1124,0.0,0.0
2023-07-18 09:30:00-04:00,16.09000015258789,16.229999542236328,16.09000015258789,16.170000076293945,0,0.0,0.0
2023-07-18 10:30:00-04:00,16.18000030517578,16.280000686645508,16.1156005859375,16.270000457763672,10553,0.0,0.0
2023-07-18 11:30:00-04:00,16.334999084472656,16.389999389648438,16.31049919128418,16.31049919128418,4207,0.0,0.0
2023-07-18 12:30:00-04:00,16.290000915527344,16.3799991607666,16.260000228881836,16.30500030517578,13524,0.0,0.0
2023-07-18 13:30:00-04:00,16.313499450683594,16.350000381469727,16.219999313354492,16.350000381469727,12031,0.0,0.0
2023-07-18 14:30:00-04:00,16.329999923706055,16.3799991607666,16.31999969482422,16.3799991607666,16605,0.0,0.0
2023-07-18 15:30:00-04:00,16.389999389648438,16.405000686645508,16.3799991607666,16.385000228881836,7267,0.0,0.0
2023-07-19 09:30:00-04:00,16.469999313354492,16.469999313354492,16.375,16.420000076293945,7975,0.0,0.0
2023-07-19 10:30:00-04:00,16.434999465942383,16.465200424194336,16.420000076293945,16.420000076293945,6207,0.0,0.0
2023-07-19 11:30:00-04:00,16.44499969482422,16.520000457763672,16.44499969482422,16.510000228881836,9665,0.0,0.0
2023-07-19 12:30:00-04:00,16.510000228881836,16.539899826049805,16.480100631713867,16.5049991607666,7294,0.0,0.0
2023-07-19 13:30:00-04:00,16.530000686645508,16.610000610351562,16.450000762939453,16.610000610351562,6023,0.0,0.0
2023-07-19 14:30:00-04:00,16.610000610351562,16.610000610351562,16.580900192260742,16.600000381469727,10049,0.0,0.0
2023-07-19 15:30:00-04:00,16.559999465942383,16.62849998474121,16.549999237060547,16.62849998474121,4790,0.0,0.0
2023-07-20 09:30:00-04:00,16.56999969482422,16.56999969482422,16.40999984741211,16.5,0,0.0,0.0
2023-07-20 10:30:00-04:00,16.540700912475586,16.540700912475586,16.5,16.53230094909668,2518,0.0,0.0
2023-07-20 11:30:00-04:00,16.5,16.5,16.479999542236328,16.480100631713867,5146,0.0,0.0
2023-07-20 12:30:00-04:00,16.489999771118164,16.489999771118164,16.454999923706055,16.454999923706055,0,0.0,0.0
2023-07-20 13:30:00-04:00,16.489999771118164,16.610000610351562,16.43000030517578,16.600000381469727,29877,0.0,0.0
2023-07-20 14:30:00-04:00,16.610000610351562,16.610000610351562,16.5,16.53499984741211,4356,0.0,0.0
2023-07-20 15:30:00-04:00,16.610000610351562,16.610000610351562,16.49449920654297,16.530000686645508,11166,0.0,0.0
2023-07-21 09:30:00-04:00,16.530000686645508,16.610000610351562,16.500099182128906,16.549999237060547,0,0.0,0.0
2023-07-21 10:30:00-04:00,16.549999237060547,16.79990005493164,16.5,16.600000381469727,12509,0.0,0.0
2023-07-21 11:30:00-04:00,16.65999984741211,16.780000686645508,16.602699279785156,16.65999984741211,4026,0.0,0.0
2023-07-21 12:30:00-04:00,16.65999984741211,16.700000762939453,16.615800857543945,16.649999618530273,2651,0.0,0.0
2023-07-21 13:30:00-04:00,16.700000762939453,16.700000762939453,16.600000381469727,16.690000534057617,5756,0.0,0.0
2023-07-21 14:30:00-04:00,16.700000762939453,16.739999771118164,16.600000381469727,16.739999771118164,9265,0.0,0.0
2023-07-21 15:30:00-04:00,16.739999771118164,16.780000686645508,16.649999618530273,16.68000030517578,16466,0.0,0.0
2023-07-24 09:30:00-04:00,16.709999084472656,16.709999084472656,16.649999618530273,16.709999084472656,0,0.0,0.0
2023-07-24 10:30:00-04:00,16.78350067138672,16.83340072631836,16.63010025024414,16.83340072631836,4934,0.0,0.0
2023-07-24 11:30:00-04:00,16.81999969482422,16.81999969482422,16.75,16.75,5078,0.0,0.0
2023-07-24 12:30:00-04:00,16.747499465942383,16.899999618530273,16.747499465942383,16.899999618530273,7755,0.0,0.0
2023-07-24 13:30:00-04:00,16.90999984741211,16.987699508666992,16.861799240112305,16.940000534057617,17774,0.0,0.0
2023-07-24 14:30:00-04:00,16.940000534057617,16.940000534057617,16.848400115966797,16.848400115966797,12055,0.0,0.0
2023-07-24 15:30:00-04:00,16.860000610351562,16.940000534057617,16.799999237060547,16.899999618530273,32666,0.0,0.0
2023-07-25 09:30:00-04:00,16.860000610351562,16.864999771118164,16.770000457763672,16.81999969482422,0,0.0,0.0
2023-07-25 10:30:00-04:00,16.81999969482422,16.81999969482422,16.530000686645508,16.657400131225586,9357,0.0,0.0
2023-07-25 11:30:00-04:00,16.700000762939453,16.700000762939453,16.625,16.655000686645508,2254,0.0,0.0
2023-07-25 12:30:00-04:00,16.649999618530273,16.662200927734375,16.610000610351562,16.639699935913086,2346,0.0,0.0
2023-07-25 13:30:00-04:00,16.65999984741211,16.708999633789062,16.65999984741211,16.708599090576172,1897,0.0,0.0
2023-07-25 14:30:00-04:00,16.68000030517578,16.719900131225586,16.610000610351562,16.610000610351562,2308,0.0,0.0
2023-07-25 15:30:00-04:00,16.685300827026367,16.690000534057617,16.6200008392334,16.649999618530273,2845,0.0,0.0
2023-07-26 09:30:00-04:00,16.65999984741211,16.809999465942383,16.43000030517578,16.43000030517578,0,0.0,0.0
2023-07-26 10:30:00-04:00,16.475000381469727,16.51580047607422,16.43000030517578,16.460100173950195,6623,0.0,0.0
2023-07-26 11:30:00-04:00,16.459999084472656,16.542200088500977,16.450000762939453,16.542200088500977,7850,0.0,0.0
2023-07-26 12:30:00-04:00,16.649999618530273,16.760000228881836,16.59000015258789,16.59000015258789,1696,0.0,0.0
2023-07-26 13:30:00-04:00,16.559999465942383,16.579999923706055,16.540000915527344,16.540000915527344,2038,0.0,0.0
2023-07-26 14:30:00-04:00,16.625,16.681499481201172,16.540000915527344,16.540000915527344,4504,0.0,0.0
2023-07-26 15:30:00-04:00,16.56999969482422,16.65999984741211,16.530000686645508,16.530000686645508,3657,0.0,0.0
2023-07-27 09:30:00-04:00,16.709999084472656,16.729999542236328,16.5,16.5,0,0.0,0.0
2023-07-27 10:30:00-04:00,16.459999084472656,16.459999084472656,16.379100799560547,16.41900062561035,4719,0.0,0.0
2023-07-27 11:30:00-04:00,16.3799991607666,16.5,16.33839988708496,16.5,4392,0.0,0.0
2023-07-27 12:30:00-04:00,16.5,16.538400650024414,16.5,16.524700164794922,1995,0.0,0.0
2023-07-27 13:30:00-04:00,16.53499984741211,16.579999923706055,16.53499984741211,16.559999465942383,6764,0.0,0.0
2023-07-27 14:30:00-04:00,16.559999465942383,16.600000381469727,16.500099182128906,16.549999237060547,8445,0.0,0.0
2023-07-27 15:30:00-04:00,16.549999237060547,16.579999923706055,16.510000228881836,16.520000457763672,0,0.0,0.0
2023-07-28 09:30:00-04:00,16.540000915527344,16.579999923706055,16.280000686645508,16.479999542236328,4786,0.0,0.0
2023-07-28 10:30:00-04:00,16.43000030517578,16.43000030517578,16.389999389648438,16.399999618530273,5826,0.0,0.0
2023-07-28 11:30:00-04:00,16.424999237060547,16.450000762939453,16.420000076293945,16.440000534057617,2974,0.0,0.0
2023-07-28 12:30:00-04:00,16.450000762939453,16.466699600219727,16.440000534057617,16.440000534057617,7958,0.0,0.0
2023-07-28 13:30:00-04:00,16.4507999420166,16.454999923706055,16.450000762939453,16.450000762939453,6700,0.0,0.0
2023-07-28 14:30:00-04:00,16.415000915527344,16.450000762939453,16.405000686645508,16.405000686645508,1073,0.0,0.0
2023-07-28 15:30:00-04:00,16.403499603271484,16.459999084472656,16.403499603271484,16.459999084472656,4455,0.0,0.0
2023-07-31 09:30:00-04:00,16.56999969482422,16.638200759887695,16.34000015258789,16.600000381469727,25180,0.0,0.0
2023-07-31 10:30:00-04:00,16.549999237060547,16.639999389648438,16.510000228881836,16.6200008392334,8920,0.0,0.0
2023-07-31 11:30:00-04:00,16.674100875854492,16.68000030517578,16.600000381469727,16.638999938964844,8461,0.0,0.0
2023-07-31 12:30:00-04:00,16.645000457763672,16.65250015258789,16.59000015258789,16.59000015258789,6873,0.0,0.0
2023-07-31 13:30:00-04:00,16.600000381469727,16.659900665283203,16.43000030517578,16.438400268554688,6451,0.0,0.0
2023-07-31 14:30:00-04:00,16.509899139404297,16.599899291992188,16.3799991607666,16.599899291992188,9345,0.0,0.0
2023-07-31 15:30:00-04:00,16.599899291992188,16.639999389648438,16.564899444580078,16.600000381469727,1660,0.0,0.0
2023-08-01 09:30:00-04:00,16.649999618530273,16.649999618530273,16.510000228881836,16.510000228881836,0,0.0,0.0
2023-08-01 10:30:00-04:00,16.549999237060547,16.649999618530273,16.489999771118164,16.520000457763672,9120,0.0,0.0
2023-08-01 11:30:00-04:00,16.542400360107422,16.542400360107422,16.40999984741211,16.42340087890625,2006,0.0,0.0
2023-08-01 12:30:00-04:00,16.3799991607666,16.420000076293945,16.274999618530273,16.299999237060547,11322,0.0,0.0
2023-08-01 13:30:00-04:00,16.25,16.299999237060547,16.25,16.26020050048828,7013,0.0,0.0
2023-08-01 14:30:00-04:00,16.291799545288086,16.34000015258789,16.280000686645508,16.295799255371094,9647,0.0,0.0
2023-08-01 15:30:00-04:00,16.29290008544922,16.440000534057617,16.29290008544922,16.440000534057617,6649,0.0,0.0
2023-08-02 09:30:00-04:00,16.399999618530273,16.399999618530273,16.270000457763672,16.299999237060547,15528,0.0,0.0
2023-08-02 10:30:00-04:00,16.270000457763672,16.295000076293945,16.260000228881836,16.280000686645508,3218,0.0,0.0
2023-08-02 11:30:00-04:00,16.26099967956543,16.264299392700195,16.170000076293945,16.190000534057617,8227,0.0,0.0
2023-08-02 12:30:00-04:00,16.204999923706055,16.280000686645508,16.204999923706055,16.250699996948242,10173,0.0,0.0
2023-08-02 13:30:00-04:00,16.249900817871094,16.280000686645508,16.200000762939453,16.200000762939453,0,0.0,0.0
2023-08-02 14:30:00-04:00,16.170000076293945,16.200000762939453,16.1200008392334,16.200000762939453,60100,0.0,0.0
2023-08-02 15:30:00-04:00,16.170000076293945,16.200000762939453,16.164600372314453,16.170000076293945,3482,0.0,0.0
2023-08-03 09:30:00-04:00,16.1299991607666,16.18000030517578,16.1200008392334,16.158100128173828,0,0.0,0.0
2023-08-03 10:30:00-04:00,16.129499435424805,16.129499435424805,16.020000457763672,16.08139991760254,11277,0.0,0.0
2023-08-03 11:30:00-04:00,16.037700653076172,16.110000610351562,16.0,16.0,9766,0.0,0.0
2023-08-03 12:30:00-04:00,16.010000228881836,16.010000228881836,16.0,16.000099182128906,1801,0.0,0.0
2023-08-03 13:30:00-04:00,16.0,16.049999237060547,16.0,16.01849937438965,9049,0.0,0.0
2023-08-03 14:30:00-04:00,16.014999389648438,16.14590072631836,16.014999389648438,16.04010009765625,1613,0.0,0.0
2023-08-03 15:30:00-04:00,16.139999389648438,16.139999389648438,16.030000686645508,16.1299991607666,9045,0.0,0.0
2023-08-04 09:30:00-04:00,16.149999618530273,16.199899673461914,16.049999237060547,16.14900016784668,0,0.0,0.0
2023-08-04 10:30:00-04:00,16.091100692749023,16.190000534057617,16.091100692749023,16.149999618530273,3418,0.0,0.0
2023-08-04 11:30:00-04:00,16.106800079345703,16.179899215698242,16.059999465942383,16.059999465942383,5487,0.0,0.0
2023-08-04 12:30:00-04:00,16.124000549316406,16.1471004486084,16.090099334716797,16.090099334716797,3155,0.0,0.0
2023-08-04 13:30:00-04:00,16.15839958190918,16.15839958190918,16.086000442504883,16.104999542236328,12188,0.0,0.0
2023-08-04 14:30:00-04:00,16.110000610351562,16.18000030517578,16.110000610351562,16.179899215698242,1792,0.0,0.0
2023-08-04 15:30:00-04:00,16.110000610351562,16.149999618530273,16.100000381469727,16.149999618530273,2386,0.0,0.0
2023-08-07 09:30:00-04:00,16.100000381469727,16.190000534057617,16.020099639892578,16.020099639892578,6731,0.0,0.0
2023-08-07 10:30:00-04:00,16.049999237060547,16.17729949951172,15.970000267028809,15.970000267028809,7956,0.0,0.0
2023-08-07 11:30:00-04:00,15.979999542236328,15.989999771118164,15.899999618530273,15.929499626159668,9182,0.0,0.0
2023-08-07 12:30:00-04:00,15.95989990234375,15.95989990234375,15.861900329589844,15.864999771118164,17921,0.0,0.0
2023-08-07 13:30:00-04:00,15.869999885559082,15.869999885559082,15.699999809265137,15.789999961853027,25238,0.0,0.0
2023-08-07 14:30:00-04:00,15.770000457763672,15.800000190734863,15.760000228881836,15.79990005493164,9199,0.0,0.0
2023-08-07 15:30:00-04:00,15.785099983215332,15.839900016784668,15.760000228881836,15.760000228881836,29353,0.0,0.0
2023-08-08 09:30:00-04:00,15.819999694824219,15.949999809265137,15.819999694824219,15.850000381469727,17701,0.0,0.0
2023-08-08 10:30:00-04:00,15.850000381469727,15.890000343322754,15.75,15.75,8019,0.0,0.0
2023-08-08 11:30:00-04:00,15.812100410461426,15.813199996948242,15.739999771118164,15.75,27398,0.0,0.0
2023-08-08 12:30:00-04:00,15.739999771118164,15.779999732971191,15.739999771118164,15.76550006866455,2611,0.0,0.0
2023-08-08 13:30:00-04:00,15.76550006866455,15.819999694824219,15.76550006866455,15.819999694824219,4548,0.0,0.0
2023-08-08 14:30:00-04:00,15.800000190734863,15.850000381469727,15.779999732971191,15.8100004196167,7002,0.0,0.0
2023-08-08 15:30:00-04:00,15.78499984741211,15.789999961853027,15.765000343322754,15.770000457763672,4210,0.0,0.0
2023-08-09 09:30:00-04:00,15.760000228881836,15.8100004196167,15.760000228881836,15.789999961853027,9528,0.0,0.0
2023-08-09 10:30:00-04:00,15.770000457763672,15.791000366210938,15.770000457763672,15.789999961853027,6361,0.0,0.0
2023-08-09 11:30:00-04:00,15.789999961853027,15.789999961853027,15.760000228881836,15.786499977111816,6924,0.0,0.0
2023-08-09 12:30:00-04:00,15.760000228881836,15.789899826049805,15.760000228881836,15.779999732971191,6371,0.0,0.0
2023-08-09 13:30:00-04:00,15.789899826049805,15.800000190734863,15.779999732971191,15.798399925231934,5832,0.0,0.0
2023-08-09 14:30:00-04:00,15.800000190734863,15.805000305175781,15.779999732971191,15.779999732971191,3955,0.0,0.0
2023-08-09 15:30:00-04:00,15.8100004196167,15.8100004196167,15.779999732971191,15.8100004196167,3054,0.0,0.0
2023-08-10 09:30:00-04:00,15.819999694824219,15.949999809265137,15.819999694824219,15.920000076293945,9654,0.0,0.0
2023-08-10 10:30:00-04:00,15.890000343322754,15.909899711608887,15.800000190734863,15.800000190734863,12448,0.0,0.0
2023-08-10 11:30:00-04:00,15.789999961853027,15.800000190734863,15.744500160217285,15.763699531555176,10167,0.0,0.0
2023-08-10 12:30:00-04:00,15.760299682617188,15.789999961853027,15.729999542236328,15.789999961853027,8895,0.0,0.0
2023-08-10 13:30:00-04:00,15.789999961853027,15.819999694824219,15.770000457763672,15.789999961853027,10322,0.0,0.0
2023-08-10 14:30:00-04:00,15.800000190734863,15.890000343322754,15.79990005493164,15.859999656677246,5211,0.0,0.0
2023-08-10 15:30:00-04:00,15.850000381469727,15.890000343322754,15.819999694824219,15.859999656677246,7472,0.0,0.0
2023-08-11 09:30:00-04:00,15.949999809265137,15.949999809265137,15.869999885559082,15.920000076293945,0,0.0,0.0
2023-08-11 10:30:00-04:00,15.9128999710083,15.9399995803833,15.878499984741211,15.919899940490723,7341,0.0,0.0
2023-08-11 11:30:00-04:00,15.859199523925781,15.920000076293945,15.859199523925781,15.920000076293945,7911,0.0,0.0
2023-08-11 12:30:00-04:00,15.930000305175781,15.930000305175781,15.892000198364258,15.90999984741211,1154,0.0,0.0
2023-08-11 13:30:00-04:00,15.930000305175781,15.970000267028809,15.920000076293945,15.95829963684082,11328,0.0,0.0
2023-08-11 14:30:00-04:00,15.934000015258789,15.970000267028809,15.869999885559082,15.970000267028809,10556,0.0,0.0
2023-08-11 15:30:00-04:00,15.960000038146973,15.960000038146973,15.920000076293945,15.920000076293945,14594,0.0,0.0
2023-08-14 09:30:00-04:00,15.779999732971191,15.850000381469727,15.7475004196167,15.7475004196167,0,0.0,0.0
2023-08-14 10:30:00-04:00,15.763999938964844,15.829999923706055,15.699999809265137,15.755000114440918,18216,0.0,0.0
2023-08-14 11:30:00-04:00,15.8100004196167,15.8100004196167,15.699999809265137,15.780099868774414,4356,0.0,0.0
2023-08-14 12:30:00-04:00,15.770000457763672,15.770000457763672,15.609999656677246,15.649999618530273,23482,0.0,0.0
2023-08-14 13:30:00-04:00,15.64900016784668,15.649999618530273,15.619999885559082,15.630000114440918,18006,0.0,0.0
2023-08-14 14:30:00-04:00,15.609999656677246,15.625,15.600000381469727,15.625,7292,0.0,0.0
2023-08-14 15:30:00-04:00,15.609999656677246,15.634499549865723,15.579999923706055,15.59000015258789,4291,0.0,0.0
2023-08-15 09:30:00-04:00,15.550000190734863,15.600000381469727,15.529999732971191,15.550000190734863,0,0.0,0.0
2023-08-15 10:30:00-04:00,15.550000190734863,15.614500045776367,15.5,15.5,17266,0.0,0.0
2023-08-15 11:30:00-04:00,15.489999771118164,15.579999923706055,15.470000267028809,15.470000267028809,15075,0.0,0.0
2023-08-15 12:30:00-04:00,15.470000267028809,15.491000175476074,15.399999618530273,15.414999961853027,12752,0.0,0.0
2023-08-15 13:30:00-04:00,15.40999984741211,15.430000305175781,15.380000114440918,15.404999732971191,12132,0.0,0.0
2023-08-15 14:30:00-04:00,15.380000114440918,15.429900169372559,15.270000457763672,15.270000457763672,13115,0.0,0.0
2023-08-15 15:30:00-04:00,15.279999732971191,15.369999885559082,15.210000038146973,15.270000457763672,19031,0.0,0.0
2023-08-16 09:30:00-04:00,15.399999618530273,15.460000038146973,15.300000190734863,15.350000381469727,29005,0.0,0.0
2023-08-16 10:30:00-04:00,15.350000381469727,15.40999984741211,15.300000190734863,15.399999618530273,6827,0.0,0.0
2023-08-16 11:30:00-04:00,15.399999618530273,15.404000282287598,15.373900413513184,15.390000343322754,2630,0.0,0.0
2023-08-16 12:30:00-04:00,15.399999618530273,15.404999732971191,15.354000091552734,15.354000091552734,3400,0.0,0.0
2023-08-16 13:30:00-04:00,15.350000381469727,15.350000381469727,15.300000190734863,15.300000190734863,1499,0.0,0.0
2023-08-16 14:30:00-04:00,15.331100463867188,15.34000015258789,15.270000457763672,15.289999961853027,11260,0.0,0.0
2023-08-16 15:30:00-04:00,15.279999732971191,15.300000190734863,15.25,15.300000190734863,11715,0.0,0.0
2023-08-17 09:30:00-04:00,15.25,15.270000457763672,15.232099533081055,15.260000228881836,0,0.0,0.0
2023-08-17 10:30:00-04:00,15.261500358581543,15.279999732971191,15.220000267028809,15.250100135803223,1818,0.0,0.0
2023-08-17 11:30:00-04:00,15.279899597167969,15.279899597167969,15.220000267028809,15.220000267028809,2170,0.0,0.0
2023-08-17 12:30:00-04:00,15.229999542236328,15.279999732971191,15.215200424194336,15.270000457763672,5784,0.0,0.0
2023-08-17 13:30:00-04:00,15.270000457763672,15.279999732971191,15.170000076293945,15.239999771118164,29762,0.0,0.0
2023-08-17 14:30:00-04:00,15.186699867248535,15.239999771118164,15.109999656677246,15.21500015258789,22352,0.0,0.0
2023-08-17 15:30:00-04:00,15.220000267028809,15.229999542236328,15.140000343322754,15.210000038146973,5396,0.0,0.0
2023-08-18 09:30:00-04:00,15.300000190734863,15.340200424194336,15.220000267028809,15.285400390625,0,0.0,0.0
2023-08-18 10:30:00-04:00,15.329899787902832,15.329999923706055,15.25,15.25,25767,0.0,0.0
2023-08-18 11:30:00-04:00,15.277899742126465,15.277899742126465,15.277899742126465,15.277899742126465,1123,0.0,0.0
2023-08-18 12:30:00-04:00,15.265000343322754,15.274999618530273,15.265000343322754,15.269100189208984,3405,0.0,0.0
2023-08-18 13:30:00-04:00,15.258999824523926,15.279999732971191,15.239999771118164,15.270000457763672,8668,0.0,0.0
2023-08-18 14:30:00-04:00,15.260000228881836,15.270000457763672,15.210000038146973,15.210000038146973,6008,0.0,0.0
2023-08-18 15:30:00-04:00,15.239999771118164,15.25,15.229999542236328,15.249899864196777,4395,0.0,0.0
2023-08-21 09:30:00-04:00,15.199999809265137,15.199999809265137,15.143699645996094,15.16189956665039,8894,0.0,0.0
2023-08-21 10:30:00-04:00,15.154999732971191,15.1899995803833,15.154999732971191,15.1899995803833,1621,0.0,0.0
2023-08-21 11:30:00-04:00,15.1899995803833,15.1899995803833,15.1274995803833,15.145000457763672,3220,0.0,0.0
2023-08-21 12:30:00-04:00,15.180000305175781,15.180000305175781,15.092399597167969,15.099100112915039,12261,0.0,0.0
2023-08-21 13:30:00-04:00,15.09000015258789,15.123800277709961,14.90999984741211,14.976200103759766,52821,0.0,0.0
2023-08-21 14:30:00-04:00,14.974900245666504,15.035499572753906,14.899999618530273,14.918600082397461,22901,0.0,0.0
2023-08-21 15:30:00-04:00,14.930000305175781,14.989500045776367,14.819999694824219,14.819999694824219,0,0.0,0.0
2023-08-22 09:30:00-04:00,14.859999656677246,14.966400146484375,14.859999656677246,14.899999618530273,12719,0.0,0.0
2023-08-22 10:30:00-04:00,14.899999618530273,14.930000305175781,14.859999656677246,14.890000343322754,28368,0.0,0.0
2023-08-22 11:30:00-04:00,14.899999618530273,14.90999984741211,14.789999961853027,14.789999961853027,42139,0.0,0.0
2023-08-22 12:30:00-04:00,14.835000038146973,14.859999656677246,14.818400382995605,14.819999694824219,9045,0.0,0.0
2023-08-22 13:30:00-04:00,14.824999809265137,14.9399995803833,14.8149995803833,14.930000305175781,19381,0.0,0.0
2023-08-22 14:30:00-04:00,14.920000076293945,14.938599586486816,14.84000015258789,14.846599578857422,18017,0.0,0.0
2023-08-22 15:30:00-04:00,14.869999885559082,14.890000343322754,14.8100004196167,14.8100004196167,4853,0.0,0.0
2023-08-23 09:30:00-04:00,14.90999984741211,15.0,14.90999984741211,14.960000038146973,13615,0.0,0.0
2023-08-23 10:30:00-04:00,14.968999862670898,15.0,14.960000038146973,14.979999542236328,16721,0.0,0.0
2023-08-23 11:30:00-04:00,14.96500015258789,14.979999542236328,14.920000076293945,14.920000076293945,14477,0.0,0.0
2023-08-23 12:30:00-04:00,14.949999809265137,14.989999771118164,14.920000076293945,14.954099655151367,7234,0.0,0.0
2023-08-23 13:30:00-04:00,14.979999542236328,14.992500305175781,14.941900253295898,14.974300384521484,23141,0.0,0.0
2023-08-23 14:30:00-04:00,14.970000267028809,14.985899925231934,14.920000076293945,14.949999809265137,21752,0.0,0.0
2023-08-23 15:30:00-04:00,14.95989990234375,14.965999603271484,14.949999809265137,14.949999809265137,5171,0.0,0.0
2023-08-24 09:30:00-04:00,15.0,15.050000190734863,14.9399995803833,14.984299659729004,27025,0.0,0.0
2023-08-24 10:30:00-04:00,15.017800331115723,15.039999961853027,15.0,15.020000457763672,13436,0.0,0.0
2023-08-24 11:30:00-04:00,15.00100040435791,15.029899597167969,15.0,15.029899597167969,7431,0.0,0.0
2023-08-24 12:30:00-04:00,15.01099967956543,15.02970027923584,15.010000228881836,15.019000053405762,7796,0.0,0.0
2023-08-24 13:30:00-04:00,15.010000228881836,15.020000457763672,14.970000267028809,15.010000228881836,7311,0.0,0.0
2023-08-24 14:30:00-04:00,15.010000228881836,15.029999732971191,14.989999771118164,15.020000457763672,3382,0.0,0.0
2023-08-24 15:30:00-04:00,15.020000457763672,15.029999732971191,14.99370002746582,15.029999732971191,5686,0.0,0.0
2023-08-25 09:30:00-04:00,15.109999656677246,15.109999656677246,14.952099800109863,15.010000228881836,14950,0.0,0.0
2023-08-25 10:30:00-04:00,15.012499809265137,15.024999618530273,14.8100004196167,14.920000076293945,31241,0.0,0.0
2023-08-25 11:30:00-04:00,14.920000076293945,14.949999809265137,14.90999984741211,14.90999984741211,2216,0.0,0.0
2023-08-25 12:30:00-04:00,14.95989990234375,14.960000038146973,14.949999809265137,14.95989990234375,3761,0.0,0.0
2023-08-25 13:30:00-04:00,14.949999809265137,15.029999732971191,14.9399995803833,15.005000114440918,21186,0.0,0.0
2023-08-25 14:30:00-04:00,15.020000457763672,15.020000457763672,14.979999542236328,15.009400367736816,4783,0.0,0.0
2023-08-25 15:30:00-04:00,14.981800079345703,15.024999618530273,14.979999542236328,15.0,3748,0.0,0.0
2023-08-28 09:30:00-04:00,15.020000457763672,15.100000381469727,14.989999771118164,15.020000457763672,0,0.0,0.0
2023-08-28 10:30:00-04:00,15.039999961853027,15.080900192260742,15.03279972076416,15.050000190734863,8799,0.0,0.0
2023-08-28 11:30:00-04:00,15.042499542236328,15.060400009155273,15.042499542236328,15.060400009155273,891,0.0,0.0
2023-08-28 12:30:00-04:00,15.055500030517578,15.100000381469727,15.050000190734863,15.055299758911133,8833,0.0,0.0
2023-08-28 13:30:00-04:00,15.052900314331055,15.0600004196167,15.020000457763672,15.039999961853027,8537,0.0,0.0
2023-08-28 14:30:00-04:00,15.017499923706055,15.050000190734863,14.970000267028809,15.039999961853027,23675,0.0,0.0
2023-08-28 15:30:00-04:00,15.039999961853027,15.180000305175781,15.039999961853027,15.180000305175781,67341,0.0,0.0
2023-08-29 09:30:00-04:00,15.010000228881836,15.149999618530273,15.010000228881836,15.100099563598633,0,0.0,0.0
2023-08-29 10:30:00-04:00,15.163999557495117,15.350000381469727,15.135000228881836,15.297300338745117,31556,0.0,0.0
2023-08-29 11:30:00-04:00,15.300000190734863,15.389599800109863,15.295000076293945,15.350000381469727,14221,0.0,0.0
2023-08-29 12:30:00-04:00,15.325799942016602,15.345000267028809,15.319999694824219,15.319999694824219,5300,0.0,0.0
2023-08-29 13:30:00-04:00,15.3149995803833,15.3149995803833,15.25,15.25,3886,0.0,0.0
2023-08-29 14:30:00-04:00,15.25,15.25,15.234999656677246,15.25,2718,0.0,0.0
2023-08-29 15:30:00-04:00,15.262100219726562,15.329999923706055,15.220000267028809,15.324399948120117,6197,0.0,0.0
2023-08-30 09:30:00-04:00,15.260000228881836,15.369999885559082,15.260000228881836,15.349800109863281,5284,0.0,0.0
2023-08-30 10:30:00-04:00,15.335000038146973,15.393199920654297,15.284000396728516,15.350000381469727,8438,0.0,0.0
2023-08-30 11:30:00-04:00,15.399999618530273,15.420000076293945,15.32800006866455,15.378000259399414,7013,0.0,0.0
2023-08-30 12:30:00-04:00,15.362500190734863,15.395000457763672,15.362500190734863,15.390000343322754,5145,0.0,0.0
2023-08-30 13:30:00-04:00,15.380000114440918,15.40999984741211,15.380000114440918,15.385000228881836,10952,0.0,0.0
2023-08-30 14:30:00-04:00,15.390000343322754,15.420000076293945,15.380000114440918,15.409899711608887,19016,0.0,0.0
2023-08-30 15:30:00-04:00,15.391400337219238,15.399999618530273,15.340100288391113,15.380000114440918,16179,0.0,0.0
2023-08-31 09:30:00-04:00,15.529999732971191,15.529999732971191,15.371999740600586,15.449999809265137,0,0.0,0.0
2023-08-31 10:30:00-04:00,15.449999809265137,15.545000076293945,15.449999809265137,15.489999771118164,10842,0.0,0.0
2023-08-31 11:30:00-04:00,15.491299629211426,15.5,15.489999771118164,15.498499870300293,9245,0.0,0.0
2023-08-31 12:30:00-04:00,15.494999885559082,15.5,15.489999771118164,15.498600006103516,6885,0.0,0.0
2023-08-31 13:30:00-04:00,15.494999885559082,15.539899826049805,15.489999771118164,15.51099967956543,11464,0.0,0.0
2023-08-31 14:30:00-04:00,15.511199951171875,15.511199951171875,15.479999542236328,15.489999771118164,4049,0.0,0.0
2023-08-31 15:30:00-04:00,15.479999542236328,15.5,15.460000038146973,15.494999885559082,4407,0.0,0.0
2023-09-01 09:30:00-04:00,15.40999984741211,15.585000038146973,15.336000442504883,15.579999923706055,0,0.0,0.0
2023-09-01 10:30:00-04:00,15.579999923706055,15.640000343322754,15.380000114440918,15.380000114440918,41722,0.0,0.0
2023-09-01 11:30:00-04:00,15.380000114440918,15.403900146484375,15.239999771118164,15.25,9537,0.0,0.0
2023-09-01 12:30:00-04:00,15.25,15.260000228881836,15.100000381469727,15.196200370788574,54119,0.0,0.0
2023-09-01 13:30:00-04:00,15.219099998474121,15.219099998474121,15.219099998474121,15.219099998474121,266,0.0,0.0
2023-09-01 14:30:00-04:00,15.220000267028809,15.260000228881836,15.170100212097168,15.25,10511,0.0,0.0
2023-09-01 15:30:00-04:00,15.241600036621094,15.279999732971191,15.241600036621094,15.260000228881836,3854,0.0,0.0
2023-09-05 09:30:00-04:00,15.15999984741211,15.15999984741211,15.119999885559082,15.149999618530273,0,0.0,0.0
2023-09-05 10:30:00-04:00,15.143500328063965,15.15999984741211,15.143500328063965,15.15999984741211,2911,0.0,0.0
2023-09-05 11:30:00-04:00,15.164999961853027,15.180000305175781,15.149999618530273,15.171299934387207,4479,0.0,0.0
2023-09-05 12:30:00-04:00,15.15999984741211,15.189900398254395,15.150199890136719,15.186400413513184,3862,0.0,0.0
2023-09-05 13:30:00-04:00,15.175000190734863,15.210000038146973,15.170000076293945,15.170000076293945,4301,0.0,0.0
2023-09-05 14:30:00-04:00,15.170000076293945,15.170000076293945,15.069999694824219,15.069999694824219,21653,0.0,0.0
2023-09-05 15:30:00-04:00,15.079999923706055,15.09000015258789,15.020000457763672,15.0600004196167,10617,0.0,0.0
2023-09-06 09:30:00-04:00,15.029999732971191,15.1003999710083,15.010000228881836,15.039999961853027,17434,0.0,0.0
2023-09-06 10:30:00-04:00,15.025899887084961,15.0600004196167,15.0,15.0600004196167,12013,0.0,0.0
2023-09-06 11:30:00-04:00,15.031100273132324,15.0600004196167,15.020000457763672,15.050000190734863,7424,0.0,0.0
2023-09-06 12:30:00-04:00,15.045000076293945,15.069999694824219,15.030900001525879,15.050000190734863,7497,0.0,0.0
2023-09-06 13:30:00-04:00,15.045000076293945,15.079999923706055,15.029999732971191,15.055000305175781,17265,0.0,0.0
2023-09-06 14:30:00-04:00,15.069999694824219,15.100000381469727,15.069999694824219,15.100000381469727,6520,0.0,0.0
2023-09-06 15:30:00-04:00,15.079999923706055,15.100000381469727,15.050000190734863,15.050000190734863,5320,0.0,0.0
2023-09-07 09:30:00-04:00,15.15999984741211,15.170000076293945,15.10260009765625,15.140000343322754,23506,0.0,0.0
2023-09-07 10:30:00-04:00,15.130000114440918,15.140000343322754,15.130000114440918,15.135000228881836,3919,0.0,0.0
2023-09-07 11:30:00-04:00,15.135000228881836,15.13949966430664,15.119999885559082,15.119999885559082,3779,0.0,0.0
2023-09-07 12:30:00-04:00,15.125,15.135899543762207,15.125,15.130000114440918,7985,0.0,0.0
2023-09-07 13:30:00-04:00,15.122900009155273,15.149999618530273,15.09589958190918,15.119999885559082,10890,0.0,0.0
2023-09-07 14:30:00-04:00,15.107199668884277,15.107199668884277,15.050000190734863,15.050000190734863,7146,0.0,0.0
2023-09-07 15:30:00-04:00,15.050000190734863,15.069999694824219,14.989999771118164,14.989999771118164,19801,0.0,0.0
2023-09-08 09:30:00-04:00,15.029999732971191,15.130000114440918,15.029999732971191,15.130000114440918,0,0.0,0.0
2023-09-08 10:30:00-04:00,15.130000114440918,15.149999618530273,15.119999885559082,15.130000114440918,15908,0.0,0.0
2023-09-08 11:30:00-04:00,15.140000343322754,15.149999618530273,15.125,15.125,2410,0.0,0.0
2023-09-08 12:30:00-04:00,15.109999656677246,15.109999656677246,15.0600004196167,15.069999694824219,3168,0.0,0.0
2023-09-08 13:30:00-04:00,15.074999809265137,15.084500312805176,15.0600004196167,15.0600004196167,1449,0.0,0.0
2023-09-08 14:30:00-04:00,15.0600004196167,15.0600004196167,15.050000190734863,15.0600004196167,2058,0.0,0.0
2023-09-08 15:30:00-04:00,15.045000076293945,15.069999694824219,15.029999732971191,15.0600004196167,13555,0.0,0.0
2023-09-11 09:30:00-04:00,15.149999618530273,15.149999618530273,15.010000228881836,15.119999885559082,0,0.0,0.0
2023-09-11 10:30:00-04:00,15.109999656677246,15.119999885559082,15.0600004196167,15.06149959564209,8604,0.0,0.0
2023-09-11 11:30:00-04:00,15.09589958190918,15.119999885559082,15.079999923706055,15.082200050354004,18280,0.0,0.0
2023-09-11 12:30:00-04:00,15.119999885559082,15.119999885559082,15.09000015258789,15.09000015258789,13961,0.0,0.0
2023-09-11 13:30:00-04:00,15.104999542236328,15.3100004196167,15.09280014038086,15.300000190734863,30739,0.0,0.0
2023-09-11 14:30:00-04:00,15.300100326538086,15.329999923706055,15.149999618530273,15.3100004196167,13659,0.0,0.0
2023-09-11 15:30:00-04:00,15.315699577331543,15.369999885559082,15.3149995803833,15.369999885559082,2390,0.0,0.0
2023-09-12 09:30:00-04:00,15.260000228881836,15.420000076293945,15.260000228881836,15.350000381469727,0,0.0,0.0
2023-09-12 10:30:00-04:00,15.367300033569336,15.439900398254395,15.367300033569336,15.395000457763672,5778,0.0,0.0
2023-09-12 11:30:00-04:00,15.4399995803833,15.468700408935547,15.350099563598633,15.4350004196167,17667,0.0,0.0
2023-09-12 12:30:00-04:00,15.410799980163574,15.46399974822998,15.410799980163574,15.420000076293945,1988,0.0,0.0
2023-09-12 13:30:00-04:00,15.444999694824219,15.479999542236328,15.40999984741211,15.420100212097168,9170,0.0,0.0
2023-09-12 14:30:00-04:00,15.4399995803833,15.449999809265137,15.319999694824219,15.398699760437012,16334,0.0,0.0
2023-09-12 15:30:00-04:00,15.385000228881836,15.5600004196167,15.385000228881836,15.5600004196167,13122,0.0,0.0
2023-09-13 09:30:00-04:00,15.59000015258789,15.604399681091309,15.420100212097168,15.449999809265137,5665,0.0,0.0
2023-09-13 10:30:00-04:00,15.505000114440918,15.505000114440918,15.4399995803833,15.49209976196289,2570,0.0,0.0
2023-09-13 11:30:00-04:00,15.494999885559082,15.494999885559082,15.440099716186523,15.440099716186523,1982,0.0,0.0
2023-09-13 12:30:00-04:00,15.460000038146973,15.494999885559082,15.440099716186523,15.494999885559082,2921,0.0,0.0
2023-09-13 13:30:00-04:00,15.530200004577637,15.530200004577637,15.505200386047363,15.505200386047363,4900,0.0,0.0
2023-09-13 14:30:00-04:00,15.460100173950195,15.529999732971191,15.460100173950195,15.519000053405762,3066,0.0,0.0
2023-09-13 15:30:00-04:00,15.529999732971191,15.609999656677246,15.529999732971191,15.529999732971191,1294,0.0,0.0
2023-09-14 09:30:00-04:00,15.460000038146973,15.5600004196167,15.359999656677246,15.479999542236328,0,0.0,0.0
2023-09-14 10:30:00-04:00,15.444999694824219,15.529999732971191,15.444999694824219,15.529999732971191,3526,0.0,0.0
2023-09-14 11:30:00-04:00,15.454999923706055,15.518099784851074,15.430000305175781,15.449999809265137,4298,0.0,0.0
2023-09-14 12:30:00-04:00,15.449999809265137,15.529999732971191,15.440099716186523,15.529999732971191,5964,0.0,0.0
2023-09-14 13:30:00-04:00,15.479999542236328,15.479999542236328,15.436200141906738,15.46500015258789,2266,0.0,0.0
2023-09-14 14:30:00-04:00,15.470000267028809,15.529999732971191,15.470000267028809,15.5,4838,0.0,0.0
2023-09-14 15:30:00-04:00,15.494999885559082,15.550000190734863,15.494999885559082,15.550000190734863,6275,0.0,0.0
2023-09-15 09:30:00-04:00,15.5,15.524999618530273,15.425000190734863,15.524999618530273,7690,0.0,0.0
2023-09-15 10:30:00-04:00,15.524999618530273,15.600000381469727,15.51509952545166,15.545000076293945,8491,0.0,0.0
2023-09-15 11:30:00-04:00,15.545100212097168,15.545100212097168,15.510000228881836,15.539999961853027,1774,0.0,0.0
2023-09-15 12:30:00-04:00,15.5600004196167,15.5600004196167,15.521699905395508,15.5600004196167,3262,0.0,0.0
2023-09-15 13:30:00-04:00,15.5600004196167,15.5600004196167,15.489999771118164,15.5,9302,0.0,0.0
2023-09-15 14:30:00-04:00,15.5,15.5600004196167,15.5,15.5600004196167,6397,0.0,0.0
2023-09-15 15:30:00-04:00,15.5600004196167,15.5600004196167,15.520000457763672,15.5600004196167,8034,0.0,0.0
2023-09-18 09:30:00-04:00,15.529999732971191,15.630000114440918,15.510000228881836,15.510000228881836,0,0.0,0.0
2023-09-18 11:30:00-04:00,15.609999656677246,15.609999656677246,15.515000343322754,15.518799781799316,3993,0.0,0.0
2023-09-18 12:30:00-04:00,15.529999732971191,15.5600004196167,15.510000228881836,15.5600004196167,1088,0.0,0.0
2023-09-18 13:30:00-04:00,15.515999794006348,15.550000190734863,15.510000228881836,15.529999732971191,5729,0.0,0.0
2023-09-18 14:30:00-04:00,15.540599822998047,15.550000190734863,15.510000228881836,15.54990005493164,3259,0.0,0.0
2023-09-18 15:30:00-04:00,15.5600004196167,15.630000114440918,15.539999961853027,15.630000114440918,6943,0.0,0.0
2023-09-19 09:30:00-04:00,15.529999732971191,15.585000038146973,15.529999732971191,15.539999961853027,0,0.0,0.0
2023-09-19 10:30:00-04:00,15.539999961853027,15.563199996948242,15.530200004577637,15.53339958190918,1444,0.0,0.0
2023-09-19 11:30:00-04:00,15.530099868774414,15.540900230407715,15.529999732971191,15.539999961853027,1972,0.0,0.0
2023-09-19 12:30:00-04:00,15.549400329589844,15.550000190734863,15.529999732971191,15.550000190734863,8830,0.0,0.0
2023-09-19 13:30:00-04:00,15.539999961853027,15.579999923706055,15.530200004577637,15.530200004577637,5974,0.0,0.0
2023-09-19 14:30:00-04:00,15.555000305175781,15.555000305175781,15.529999732971191,15.550000190734863,1749,0.0,0.0
2023-09-19 15:30:00-04:00,15.550000190734863,15.569999694824219,15.545000076293945,15.550000190734863,11979,0.0,0.0
2023-09-20 09:30:00-04:00,15.5600004196167,15.6899995803833,15.5600004196167,15.670000076293945,0,0.0,0.0
2023-09-20 10:30:00-04:00,15.645000457763672,15.729999542236328,15.600000381469727,15.6899995803833,5241,0.0,0.0
2023-09-20 11:30:00-04:00,15.658100128173828,15.729999542236328,15.658100128173828,15.68239974975586,6189,0.0,0.0
2023-09-20 12:30:00-04:00,15.699999809265137,15.729999542236328,15.697799682617188,15.720000267028809,9310,0.0,0.0
2023-09-20 13:30:00-04:00,15.720000267028809,15.720000267028809,15.587800025939941,15.6899995803833,4406,0.0,0.0
2023-09-20 14:30:00-04:00,15.650099754333496,15.720000267028809,15.650099754333496,15.720000267028809,6916,0.0,0.0
2023-09-20 15:30:00-04:00,15.6899995803833,15.699999809265137,15.619999885559082,15.6899995803833,7437,0.0,0.0
2023-09-21 09:30:00-04:00,15.479999542236328,15.539999961853027,15.420000076293945,15.470000267028809,0,0.0,0.0
2023-09-21 10:30:00-04:00,15.498700141906738,15.550000190734863,15.498700141906738,15.550000190734863,1252,0.0,0.0
2023-09-21 11:30:00-04:00,15.56659984588623,15.56659984588623,15.399999618530273,15.449999809265137,19205,0.0,0.0
2023-09-21 12:30:00-04:00,15.470000267028809,15.5,15.347800254821777,15.409600257873535,16453,0.0,0.0
2023-09-21 13:30:00-04:00,15.380000114440918,15.470000267028809,15.359999656677246,15.425000190734863,4521,0.0,0.0
2023-09-21 14:30:00-04:00,15.430000305175781,15.46969985961914,15.370100021362305,15.460000038146973,4657,0.0,0.0
2023-09-21 15:30:00-04:00,15.399999618530273,15.529999732971191,15.399999618530273,15.529999732971191,5757,0.0,0.0
2023-09-22 09:30:00-04:00,15.399999618530273,15.539999961853027,15.399999618530273,15.510000228881836,0,0.0,0.0
2023-09-22 10:30:00-04:00,15.510000228881836,15.5600004196167,15.480799674987793,15.5,6457,0.0,0.0
2023-09-22 11:30:00-04:00,15.559900283813477,15.559900283813477,15.460000038146973,15.460000038146973,5169,0.0,0.0
2023-09-22 12:30:00-04:00,15.5,15.520000457763672,15.5,15.520000457763672,949,0.0,0.0
2023-09-22 13:30:00-04:00,15.470000267028809,15.479999542236328,15.399999618530273,15.399999618530273,4974,0.0,0.0
2023-09-22 14:30:00-04:00,15.399999618530273,15.449999809265137,15.359999656677246,15.359999656677246,4399,0.0,0.0
2023-09-22 15:30:00-04:00,15.390000343322754,15.430000305175781,15.359999656677246,15.359999656677246,1429,0.0,0.0
2023-09-25 09:30:00-04:00,15.300000190734863,15.379899978637695,15.140000343322754,15.3100004196167,11072,0.0,0.0
2023-09-25 10:30:00-04:00,15.3100004196167,15.3100004196167,15.28499984741211,15.305000305175781,1975,0.0,0.0
2023-09-25 11:30:00-04:00,15.312999725341797,15.312999725341797,15.229999542236328,15.229999542236328,4611,0.0,0.0
2023-09-25 12:30:00-04:00,15.259099960327148,15.259099960327148,15.151000022888184,15.229900360107422,9860,0.0,0.0
2023-09-25 13:30:00-04:00,15.194999694824219,15.22189998626709,15.194999694824219,15.199999809265137,794,0.0,0.0
2023-09-25 14:30:00-04:00,15.220000267028809,15.220000267028809,15.11400032043457,15.1899995803833,7735,0.0,0.0
2023-09-25 15:30:00-04:00,15.210000038146973,15.229999542236328,15.199999809265137,15.199999809265137,1189,0.0,0.0
2023-09-26 09:30:00-04:00,15.199999809265137,15.199999809265137,15.149999618530273,15.149999618530273,0,0.0,0.0
2023-09-26 10:30:00-04:00,15.220000267028809,15.239999771118164,15.149999618530273,15.204999923706055,10805,0.0,0.0
2023-09-26 11:30:00-04:00,15.180000305175781,15.1899995803833,15.149999618530273,15.149999618530273,3205,0.0,0.0
2023-09-26 12:30:00-04:00,15.149999618530273,15.17389965057373,15.060099601745605,15.15999984741211,9304,0.0,0.0
2023-09-26 13:30:00-04:00,15.09000015258789,15.130000114440918,15.0600004196167,15.079000473022461,4449,0.0,0.0
2023-09-26 14:30:00-04:00,15.100199699401855,15.100199699401855,14.899999618530273,14.899999618530273,18726,0.0,0.0
2023-09-26 15:30:00-04:00,14.880000114440918,14.914999961853027,14.770000457763672,14.890000343322754,17767,0.0,0.0
2023-09-27 09:30:00-04:00,15.039999961853027,15.199999809265137,14.95930004119873,15.079999923706055,0,0.0,0.0
2023-09-27 10:30:00-04:00,15.130000114440918,15.149999618530273,15.010000228881836,15.055000305175781,17967,0.0,0.0
2023-09-27 11:30:00-04:00,15.074000358581543,15.074000358581543,14.960000038146973,14.979900360107422,6830,0.0,0.0
2023-09-27 12:30:00-04:00,14.967900276184082,14.969900131225586,14.835000038146973,14.835000038146973,5462,0.0,0.0
2023-09-27 13:30:00-04:00,14.835000038146973,14.894499778747559,14.835000038146973,14.860099792480469,11143,0.0,0.0
2023-09-27 14:30:00-04:00,14.920000076293945,15.0600004196167,14.920000076293945,15.010000228881836,4004,0.0,0.0
2023-09-27 15:30:00-04:00,15.020000457763672,15.107999801635742,14.979999542236328,15.107999801635742,8593,0.0,0.0
2023-09-28 09:30:00-04:00,14.979999542236328,14.979999542236328,14.869999885559082,14.885000228881836,5600,0.0,0.0
2023-09-28 10:30:00-04:00,14.880000114440918,15.130000114440918,14.880000114440918,15.069999694824219,7586,0.0,0.0
2023-09-28 11:30:00-04:00,15.170000076293945,15.279999732971191,15.170000076293945,15.229999542236328,25524,0.0,0.0
2023-09-28 12:30:00-04:00,15.279000282287598,15.300000190734863,15.236000061035156,15.270000457763672,8052,0.0,0.0
2023-09-28 13:30:00-04:00,15.23639965057373,15.3100004196167,15.210000038146973,15.25,17902,0.0,0.0
2023-09-28 14:30:00-04:00,15.289999961853027,15.300000190734863,15.211000442504883,15.255000114440918,17020,0.0,0.0
2023-09-28 15:30:00-04:00,15.270000457763672,15.319999694824219,15.25,15.319999694824219,15657,0.0,0.0
2023-09-29 09:30:00-04:00,15.399999618530273,15.420000076293945,15.274999618530273,15.311400413513184,15875,0.0,0.0
2023-09-29 10:30:00-04:00,15.34000015258789,15.505000114440918,15.34000015258789,15.5,15591,0.0,0.0
2023-09-29 11:30:00-04:00,15.479999542236328,15.479999542236328,15.430000305175781,15.45009994506836,2922,0.0,0.0
2023-09-29 12:30:00-04:00,15.45009994506836,15.470000267028809,15.449999809265137,15.469900131225586,1297,0.0,0.0
2023-09-29 13:30:00-04:00,15.461600303649902,15.479999542236328,15.45009994506836,15.463500022888184,4161,0.0,0.0
2023-09-29 14:30:00-04:00,15.468000411987305,15.468000411987305,15.430000305175781,15.430000305175781,5578,0.0,0.0
2023-09-29 15:30:00-04:00,15.470000267028809,15.609999656677246,15.470000267028809,15.579999923706055,22330,0.0,0.0
2023-10-02 09:30:00-04:00,15.460000038146973,15.460000038146973,15.229999542236328,15.270000457763672,0,0.0,0.0
2023-10-02 10:30:00-04:00,15.270000457763672,15.300000190734863,15.229999542236328,15.270000457763672,4260,0.0,0.0
2023-10-02 11:30:00-04:00,15.25,15.25,15.149999618530273,15.1899995803833,6329,0.0,0.0
2023-10-02 12:30:00-04:00,15.199999809265137,15.229999542236328,15.15999984741211,15.15999984741211,8625,0.0,0.0
2023-10-02 13:30:00-04:00,15.220000267028809,15.25,15.220000267028809,15.229999542236328,4767,0.0,0.0
2023-10-02 14:30:00-04:00,15.210000038146973,15.242300033569336,15.209099769592285,15.242300033569336,6935,0.0,0.0
2023-10-02 15:30:00-04:00,15.244999885559082,15.270000457763672,15.18809986114502,15.199999809265137,3919,0.0,0.0
2023-10-03 09:30:00-04:00,15.140000343322754,15.1899995803833,15.039999961853027,15.050000190734863,10172,0.0,0.0
2023-10-03 10:30:00-04:00,15.109999656677246,15.180000305175781,15.074999809265137,15.074999809265137,6569,0.0,0.0
2023-10-03 11:30:00-04:00,15.09000015258789,15.109999656677246,15.069999694824219,15.069999694824219,2714,0.0,0.0
2023-10-03 12:30:00-04:00,15.130000114440918,15.265800476074219,15.130000114440918,15.239999771118164,10018,0.0,0.0
2023-10-03 13:30:00-04:00,15.239999771118164,15.239999771118164,15.079999923706055,15.09000015258789,9091,0.0,0.0
2023-10-03 14:30:00-04:00,15.130000114440918,15.184200286865234,15.130000114440918,15.140000343322754,8029,0.0,0.0
2023-10-03 15:30:00-04:00,15.140000343322754,15.25,15.140000343322754,15.210000038146973,10314,0.0,0.0
2023-10-04 09:30:00-04:00,15.199999809265137,15.242400169372559,15.199999809265137,15.242400169372559,2126,0.0,0.0
2023-10-04 10:30:00-04:00,15.239999771118164,15.239999771118164,15.100000381469727,15.109999656677246,8341,0.0,0.0
2023-10-04 11:30:00-04:00,15.100000381469727,15.119999885559082,15.0,15.028300285339355,8520,0.0,0.0
2023-10-04 12:30:00-04:00,15.010000228881836,15.050000190734863,14.940099716186523,14.940099716186523,15802,0.0,0.0
2023-10-04 13:30:00-04:00,14.95580005645752,14.956500053405762,14.899999618530273,14.956500053405762,1967,0.0,0.0
2023-10-04 14:30:00-04:00,14.930000305175781,14.949999809265137,14.880000114440918,14.945699691772461,7154,0.0,0.0
2023-10-04 15:30:00-04:00,14.949999809265137,15.010000228881836,14.899999618530273,15.010000228881836,5237,0.0,0.0
2023-10-05 09:30:00-04:00,14.920000076293945,15.279899597167969,14.920000076293945,15.109999656677246,0,0.0,0.0
2023-10-05 10:30:00-04:00,15.050000190734863,15.119999885559082,15.0,15.116299629211426,12075,0.0,0.0
2023-10-05 11:30:00-04:00,15.0600004196167,15.10990047454834,14.949999809265137,14.979999542236328,13203,0.0,0.0
2023-10-05 12:30:00-04:00,14.949999809265137,14.949999809265137,14.8100004196167,14.8149995803833,14859,0.0,0.0
2023-10-05 13:30:00-04:00,14.8100004196167,14.8100004196167,14.720000267028809,14.729999542236328,15964,0.0,0.0
2023-10-05 14:30:00-04:00,14.73740005493164,14.739999771118164,14.729999542236328,14.729999542236328,5134,0.0,0.0
2023-10-05 15:30:00-04:00,14.729999542236328,14.770000457763672,14.720000267028809,14.729999542236328,4031,0.0,0.0
2023-10-06 09:30:00-04:00,14.729999542236328,14.889900207519531,14.704400062561035,14.874600410461426,18309,0.0,0.0
2023-10-06 10:30:00-04:00,14.890000343322754,14.890000343322754,14.729999542236328,14.880000114440918,0,0.0,0.0
2023-10-06 11:30:00-04:00,14.880000114440918,14.920000076293945,14.779999732971191,14.869999885559082,26663,0.0,0.0
2023-10-06 12:30:00-04:00,14.850000381469727,15.050000190734863,14.850000381469727,14.990699768066406,3841,0.0,0.0
2023-10-06 13:30:00-04:00,15.039999961853027,15.039999961853027,15.010000228881836,15.039999961853027,2140,0.0,0.0
2023-10-06 14:30:00-04:00,15.020000457763672,15.039999961853027,15.0,15.029999732971191,1759,0.0,0.0
2023-10-06 15:30:00-04:00,15.02649974822998,15.02649974822998,14.9399995803833,14.979999542236328,4987,0.0,0.0
2023-10-09 09:30:00-04:00,15.119999885559082,15.199999809265137,15.022899627685547,15.149999618530273,7563,0.0,0.0
2023-10-09 10:30:00-04:00,15.0,15.100000381469727,15.0,15.0,3051,0.0,0.0
2023-10-09 11:30:00-04:00,15.100000381469727,15.119400024414062,15.0649995803833,15.0649995803833,891,0.0,0.0
2023-10-09 12:30:00-04:00,15.100000381469727,15.168000221252441,15.0649995803833,15.149999618530273,4556,0.0,0.0
2023-10-09 13:30:00-04:00,15.149999618530273,15.25100040435791,15.140000343322754,15.199999809265137,14831,0.0,0.0
2023-10-09 14:30:00-04:00,15.199999809265137,15.350000381469727,15.199999809265137,15.350000381469727,15658,0.0,0.0
2023-10-09 15:30:00-04:00,15.270000457763672,15.329999923706055,15.270000457763672,15.319999694824219,5610,0.0,0.0
2023-10-10 09:30:00-04:00,15.270000457763672,15.389900207519531,15.199999809265137,15.389900207519531,0,0.0,0.0
2023-10-10 10:30:00-04:00,15.25,15.335000038146973,15.20009994506836,15.300000190734863,14251,0.0,0.0
2023-10-10 11:30:00-04:00,15.300000190734863,15.39900016784668,15.300000190734863,15.39900016784668,6067,0.0,0.0
2023-10-10 12:30:00-04:00,15.3100004196167,15.399999618530273,15.300000190734863,15.327199935913086,7623,0.0,0.0
2023-10-10 13:30:00-04:00,15.350000381469727,15.363300323486328,15.350000381469727,15.354700088500977,3123,0.0,0.0
2023-10-10 14:30:00-04:00,15.3503999710083,15.399999618530273,15.350000381469727,15.399999618530273,4464,0.0,0.0
2023-10-10 15:30:00-04:00,15.399999618530273,15.40999984741211,15.359999656677246,15.390000343322754,3100,0.0,0.0
2023-10-11 09:30:00-04:00,15.4399995803833,15.5600004196167,15.399999618530273,15.53499984741211,0,0.0,0.0
2023-10-11 10:30:00-04:00,15.545000076293945,15.569899559020996,15.510000228881836,15.529999732971191,16913,0.0,0.0
2023-10-11 11:30:00-04:00,15.539999961853027,15.569999694824219,15.5,15.569999694824219,4491,0.0,0.0
2023-10-11 12:30:00-04:00,15.569999694824219,15.609999656677246,15.5600004196167,15.59000015258789,12376,0.0,0.0
2023-10-11 13:30:00-04:00,15.569999694824219,15.600000381469727,15.5600004196167,15.579999923706055,7506,0.0,0.0
2023-10-11 14:30:00-04:00,15.59000015258789,15.619999885559082,15.5600004196167,15.582900047302246,12141,0.0,0.0
2023-10-11 15:30:00-04:00,15.619999885559082,15.619999885559082,15.460000038146973,15.460000038146973,0,0.0,0.0
2023-10-12 09:30:00-04:00,15.430000305175781,15.470000267028809,15.264599800109863,15.399999618530273,11325,0.0,0.0
2023-10-12 10:30:00-04:00,15.355799674987793,15.393899917602539,15.279999732971191,15.279999732971191,8153,0.0,0.0
2023-10-12 11:30:00-04:00,15.270000457763672,15.329999923706055,15.260000228881836,15.264699935913086,3782,0.0,0.0
2023-10-12 12:30:00-04:00,15.300000190734863,15.34000015258789,15.260000228881836,15.260000228881836,5779,0.0,0.0
2023-10-12 13:30:00-04:00,15.279999732971191,15.279999732971191,15.1899995803833,15.199999809265137,5277,0.0,0.0
2023-10-12 14:30:00-04:00,15.210000038146973,15.225000381469727,15.170000076293945,15.211099624633789,4529,0.0,0.0
2023-10-12 15:30:00-04:00,15.1899995803833,15.300000190734863,15.1899995803833,15.300000190734863,8151,0.0,0.0
2023-10-13 09:30:00-04:00,15.300000190734863,15.300000190734863,15.229999542236328,15.282500267028809,8917,0.0,0.0
2023-10-13 10:30:00-04:00,15.300000190734863,15.300000190734863,15.25,15.25,2811,0.0,0.0
2023-10-13 11:30:00-04:00,15.309900283813477,15.3100004196167,15.25,15.3100004196167,15698,0.0,0.0
2023-10-13 12:30:00-04:00,15.3100004196167,15.319999694824219,15.297100067138672,15.319999694824219,14924,0.0,0.0
2023-10-13 13:30:00-04:00,15.300000190734863,15.319299697875977,15.254799842834473,15.29640007019043,3101,0.0,0.0
2023-10-13 14:30:00-04:00,15.279999732971191,15.329999923706055,15.2608003616333,15.2608003616333,16245,0.0,0.0
2023-10-13 15:30:00-04:00,15.339900016784668,15.34000015258789,15.194999694824219,15.274999618530273,15062,0.0,0.0
2023-10-16 09:30:00-04:00,15.199999809265137,15.260000228881836,15.149999618530273,15.252799987792969,0,0.0,0.0
2023-10-16 10:30:00-04:00,15.228300094604492,15.228300094604492,15.149999618530273,15.199999809265137,5861,0.0,0.0
2023-10-16 11:30:00-04:00,15.217499732971191,15.279999732971191,15.187399864196777,15.260000228881836,4867,0.0,0.0
2023-10-16 12:30:00-04:00,15.265000343322754,15.267999649047852,15.239999771118164,15.239999771118164,2093,0.0,0.0
2023-10-16 13:30:00-04:00,15.225000381469727,15.249099731445312,15.210000038146973,15.210000038146973,941,0.0,0.0
2023-10-16 14:30:00-04:00,15.239800453186035,15.265000343322754,15.210100173950195,15.25,7874,0.0,0.0
2023-10-16 15:30:00-04:00,15.265000343322754,15.270000457763672,15.229999542236328,15.270000457763672,4280,0.0,0.0
2023-10-17 09:30:00-04:00,15.170000076293945,15.20989990234375,15.100099563598633,15.154800415039062,15565,0.0,0.0
2023-10-17 10:30:00-04:00,15.196599960327148,15.199999809265137,15.100000381469727,15.10789966583252,3039,0.0,0.0
2023-10-17 11:30:00-04:00,15.143699645996094,15.149999618530273,15.100000381469727,15.100000381469727,4993,0.0,0.0
2023-10-17 12:30:00-04:00,15.109999656677246,15.142999649047852,15.100000381469727,15.119999885559082,1453,0.0,0.0
2023-10-17 13:30:00-04:00,15.100000381469727,15.140000343322754,15.100000381469727,15.100000381469727,2041,0.0,0.0
2023-10-17 14:30:00-04:00,15.119999885559082,15.164400100708008,15.119999885559082,15.149999618530273,5791,0.0,0.0
2023-10-17 15:30:00-04:00,15.145000457763672,15.180000305175781,15.119999885559082,15.119999885559082,3204,0.0,0.0
2023-10-18 09:30:00-04:00,15.039999961853027,15.039999961853027,14.90999984741211,14.930000305175781,0,0.0,0.0
2023-10-18 10:30:00-04:00,14.899999618530273,14.998600006103516,14.885000228881836,14.998600006103516,5716,0.0,0.0
2023-10-18 11:30:00-04:00,14.949999809265137,14.989899635314941,14.920000076293945,14.920000076293945,2947,0.0,0.0
2023-10-18 12:30:00-04:00,14.890000343322754,14.95359992980957,14.84000015258789,14.899999618530273,7418,0.0,0.0
2023-10-18 13:30:00-04:00,14.88599967956543,14.88599967956543,14.84000015258789,14.84000015258789,2236,0.0,0.0
2023-10-18 14:30:00-04:00,14.835000038146973,14.84000015258789,14.699999809265137,14.778200149536133,16195,0.0,0.0
2023-10-18 15:30:00-04:00,14.710000038146973,14.764100074768066,14.699999809265137,14.699999809265137,4134,0.0,0.0
2023-10-19 09:30:00-04:00,14.770000457763672,14.960000038146973,14.741999626159668,14.83810043334961,0,0.0,0.0
2023-10-19 10:30:00-04:00,14.854999542236328,14.854999542236328,14.649999618530273,14.699999809265137,7561,0.0,0.0
2023-10-19 11:30:00-04:00,14.6899995803833,14.714699745178223,14.539999961853027,14.569999694824219,9350,0.0,0.0
2023-10-19 12:30:00-04:00,14.539999961853027,14.5600004196167,14.329999923706055,14.4350004196167,15794,0.0,0.0
2023-10-19 13:30:00-04:00,14.413200378417969,14.4399995803833,14.329999923706055,14.399999618530273,14913,0.0,0.0
2023-10-19 14:30:00-04:00,14.372599601745605,14.430000305175781,14.220000267028809,14.359999656677246,29132,0.0,0.0
2023-10-19 15:30:00-04:00,14.385000228881836,14.390000343322754,14.274399757385254,14.350000381469727,15778,0.0,0.0
2023-10-20 09:30:00-04:00,14.350000381469727,14.579999923706055,14.300000190734863,14.537500381469727,0,0.0,0.0
2023-10-20 10:30:00-04:00,14.481800079345703,14.481800079345703,14.40999984741211,14.460000038146973,2350,0.0,0.0
2023-10-20 11:30:00-04:00,14.475000381469727,14.539999961853027,14.40999984741211,14.5,10451,0.0,0.0
2023-10-20 12:30:00-04:00,14.489999771118164,14.529999732971191,14.479999542236328,14.479999542236328,6717,0.0,0.0
2023-10-20 13:30:00-04:00,14.46500015258789,14.479999542236328,14.4399995803833,14.479999542236328,3884,0.0,0.0
2023-10-20 14:30:00-04:00,14.470000267028809,14.479999542236328,14.449999809265137,14.46500015258789,3918,0.0,0.0
2023-10-20 15:30:00-04:00,14.468600273132324,14.529999732971191,14.468600273132324,14.510000228881836,9595,0.0,0.0
2023-10-23 09:30:00-04:00,14.449999809265137,14.51729965209961,14.336700439453125,14.348199844360352,10231,0.0,0.0
2023-10-23 10:30:00-04:00,14.425000190734863,14.640000343322754,14.359999656677246,14.50570011138916,33361,0.0,0.0
2023-10-23 11:30:00-04:00,14.640000343322754,14.699999809265137,14.579999923706055,14.699999809265137,4139,0.0,0.0
2023-10-23 12:30:00-04:00,14.664899826049805,14.825699806213379,14.5600004196167,14.725000381469727,8560,0.0,0.0
2023-10-23 13:30:00-04:00,14.65999984741211,14.759599685668945,14.65999984741211,14.65999984741211,4831,0.0,0.0
2023-10-23 14:30:00-04:00,14.6899995803833,14.725000381469727,14.664999961853027,14.710000038146973,14586,0.0,0.0
2023-10-23 15:30:00-04:00,14.710000038146973,14.729999542236328,14.699999809265137,14.699999809265137,10925,0.0,0.0
2023-10-24 09:30:00-04:00,14.6899995803833,15.0,14.6899995803833,14.960000038146973,33478,0.0,0.0
2023-10-24 10:30:00-04:00,14.960000038146973,15.139900207519531,14.960000038146973,15.100000381469727,14578,0.0,0.0
2023-10-24 11:30:00-04:00,15.119999885559082,15.15999984741211,15.080300331115723,15.119999885559082,16153,0.0,0.0
2023-10-24 12:30:00-04:00,15.082200050354004,15.109999656677246,15.045499801635742,15.050000190734863,6635,0.0,0.0
2023-10-24 13:30:00-04:00,15.119999885559082,15.119999885559082,15.020000457763672,15.09000015258789,15214,0.0,0.0
2023-10-24 14:30:00-04:00,15.0600004196167,15.119999885559082,15.0600004196167,15.0600004196167,13983,0.0,0.0
2023-10-24 15:30:00-04:00,15.0600004196167,15.0600004196167,14.937399864196777,15.029999732971191,27127,0.0,0.0
2023-10-25 09:30:00-04:00,14.890000343322754,14.930000305175781,14.8100004196167,14.84000015258789,3389,0.0,0.0
2023-10-25 10:30:00-04:00,14.917099952697754,14.917099952697754,14.84000015258789,14.899999618530273,1671,0.0,0.0
2023-10-25 11:30:00-04:00,14.949799537658691,14.949799537658691,14.850000381469727,14.885000228881836,10590,0.0,0.0
2023-10-25 12:30:00-04:00,14.850000381469727,14.850000381469727,14.789999961853027,14.850000381469727,8442,0.0,0.0
2023-10-25 13:30:00-04:00,14.845999717712402,14.899999618530273,14.845999717712402,14.850000381469727,12317,0.0,0.0
2023-10-25 14:30:00-04:00,14.84000015258789,14.850000381469727,14.760000228881836,14.760000228881836,10268,0.0,0.0
2023-10-25 15:30:00-04:00,14.770000457763672,14.789999961853027,14.760000228881836,14.779999732971191,6621,0.0,0.0
2023-10-26 09:30:00-04:00,14.75,14.888400077819824,14.696700096130371,14.819999694824219,0,0.0,0.0
2023-10-26 10:30:00-04:00,14.819999694824219,14.899999618530273,14.800000190734863,14.800000190734863,6016,0.0,0.0
2023-10-26 11:30:00-04:00,14.805000305175781,14.89680004119873,14.800000190734863,14.869999885559082,9364,0.0,0.0
2023-10-26 12:30:00-04:00,14.850000381469727,14.890000343322754,14.846400260925293,14.846400260925293,5163,0.0,0.0
2023-10-26 13:30:00-04:00,14.84000015258789,14.899900436401367,14.84000015258789,14.899900436401367,793,0.0,0.0
2023-10-26 14:30:00-04:00,14.850000381469727,14.88599967956543,14.84000015258789,14.84000015258789,4951,0.0,0.0
2023-10-26 15:30:00-04:00,14.869999885559082,14.890000343322754,14.800000190734863,14.84000015258789,8385,0.0,0.0
2023-10-27 09:30:00-04:00,14.930000305175781,14.930000305175781,14.640000343322754,14.760000228881836,20522,0.0,0.0
2023-10-27 10:30:00-04:00,14.760000228881836,14.800000190734863,14.75,14.75,4579,0.0,0.0
2023-10-27 11:30:00-04:00,14.75,14.770000457763672,14.739999771118164,14.765000343322754,3663,0.0,0.0
2023-10-27 12:30:00-04:00,14.765000343322754,14.799799919128418,14.729999542236328,14.771599769592285,6164,0.0,0.0
2023-10-27 13:30:00-04:00,14.780200004577637,14.800000190734863,14.729999542236328,14.75,5298,0.0,0.0
2023-10-27 14:30:00-04:00,14.774999618530273,14.774999618530273,14.729999542236328,14.729999542236328,2135,0.0,0.0
2023-10-27 15:30:00-04:00,14.729999542236328,14.784799575805664,14.6899995803833,14.720000267028809,6390,0.0,0.0
2023-10-30 09:30:00-04:00,14.779999732971191,14.779999732971191,14.649999618530273,14.649999618530273,0,0.0,0.0
2023-10-30 10:30:00-04:00,14.600000381469727,14.6899995803833,14.550000190734863,14.640000343322754,7867,0.0,0.0
2023-10-30 11:30:00-04:00,14.6899995803833,14.739999771118164,14.664999961853027,14.739999771118164,5434,0.0,0.0
2023-10-30 12:30:00-04:00,14.725000381469727,14.770000457763672,14.710000038146973,14.75,7906,0.0,0.0
2023-10-30 13:30:00-04:00,14.75,14.802499771118164,14.740099906921387,14.795900344848633,9723,0.0,0.0
2023-10-30 14:30:00-04:00,14.795000076293945,14.850000381469727,14.795000076293945,14.800000190734863,3682,0.0,0.0
2023-10-30 15:30:00-04:00,14.789999961853027,14.84000015258789,14.75,14.829999923706055,10948,0.0,0.0
2023-10-31 09:30:00-04:00,14.979999542236328,14.979999542236328,14.845000267028809,14.880000114440918,19718,0.0,0.0
2023-10-31 10:30:00-04:00,14.850099563598633,14.905099868774414,14.850000381469727,14.850000381469727,2810,0.0,0.0
2023-10-31 11:30:00-04:00,14.82040023803711,14.890000343322754,14.819999694824219,14.820099830627441,5105,0.0,0.0
2023-10-31 12:30:00-04:00,14.869999885559082,14.869999885559082,14.760000228881836,14.84000015258789,9482,0.0,0.0
2023-10-31 13:30:00-04:00,14.84000015258789,14.84000015258789,14.649999618530273,14.704999923706055,5120,0.0,0.0
2023-10-31 14:30:00-04:00,14.720000267028809,14.755000114440918,14.670000076293945,14.699999809265137,6527,0.0,0.0
2023-10-31 15:30:00-04:00,14.694999694824219,14.739999771118164,14.680000305175781,14.680000305175781,3138,0.0,0.0
2023-11-01 09:30:00-04:00,14.720000267028809,14.987899780273438,14.720000267028809,14.987899780273438,0,0.0,0.0
2023-11-01 10:30:00-04:00,14.982000350952148,14.989999771118164,14.920000076293945,14.984999656677246,7502,0.0,0.0
2023-11-01 11:30:00-04:00,14.984999656677246,15.09000015258789,14.984999656677246,15.015000343322754,9919,0.0,0.0
2023-11-01 12:30:00-04:00,15.031000137329102,15.130000114440918,15.029999732971191,15.0600004196167,23392,0.0,0.0
2023-11-01 13:30:00-04:00,15.100000381469727,15.100000381469727,15.050000190734863,15.050000190734863,0,0.0,0.0
2023-11-01 14:30:00-04:00,15.085100173950195,15.085100173950195,15.050000190734863,15.0649995803833,74618,0.0,0.0
2023-11-01 15:30:00-04:00,15.050000190734863,15.077899932861328,15.050000190734863,15.0600004196167,9833,0.0,0.0
2023-11-02 09:30:00-04:00,15.199999809265137,15.361900329589844,15.199999809265137,15.329999923706055,36157,0.0,0.0
2023-11-02 10:30:00-04:00,15.329999923706055,15.378299713134766,15.279999732971191,15.289999961853027,16902,0.0,0.0
2023-11-02 11:30:00-04:00,15.345000267028809,15.389900207519531,15.319999694824219,15.319999694824219,4172,0.0,0.0
2023-11-02 12:30:00-04:00,15.335000038146973,15.350000381469727,15.220100402832031,15.26990032196045,6245,0.0,0.0
2023-11-02 13:30:00-04:00,15.269000053405762,15.274999618530273,15.25,15.25,5311,0.0,0.0
2023-11-02 14:30:00-04:00,15.270000457763672,15.3149995803833,15.270000457763672,15.3149995803833,8440,0.0,0.0
2023-11-02 15:30:00-04:00,15.3149995803833,15.420000076293945,15.3149995803833,15.329999923706055,14335,0.0,0.0
2023-11-03 09:30:00-04:00,15.420000076293945,15.640000343322754,15.390600204467773,15.5,0,0.0,0.0
2023-11-03 10:30:00-04:00,15.569999694824219,15.664999961853027,15.51449966430664,15.614999771118164,22727,0.0,0.0
2023-11-03 11:30:00-04:00,15.58180046081543,15.680000305175781,15.550100326538086,15.649999618530273,13176,0.0,0.0
2023-11-03 12:30:00-04:00,15.609999656677246,15.680000305175781,15.550000190734863,15.5600004196167,13066,0.0,0.0
2023-11-03 13:30:00-04:00,15.550000190734863,15.59000015258789,15.539999961853027,15.539999961853027,807,0.0,0.0
2023-11-03 14:30:00-04:00,15.579999923706055,15.59000015258789,15.5649995803833,15.59000015258789,4270,0.0,0.0
2023-11-03 15:30:00-04:00,15.59000015258789,15.619999885559082,15.555999755859375,15.579999923706055,6758,0.0,0.0
2023-11-06 09:30:00-05:00,15.5,15.5,15.260100364685059,15.260100364685059,0,0.0,0.0
2023-11-06 10:30:00-05:00,15.270000457763672,15.380000114440918,15.199999809265137,15.270000457763672,7322,0.0,0.0
2023-11-06 11:30:00-05:00,15.259900093078613,15.260000228881836,15.140000343322754,15.140000343322754,10104,0.0,0.0
2023-11-06 12:30:00-05:00,15.123200416564941,15.180000305175781,15.123200416564941,15.170100212097168,1032,0.0,0.0
2023-11-06 13:30:00-05:00,15.175000190734863,15.175000190734863,15.0,15.010000228881836,9339,0.0,0.0
2023-11-06 14:30:00-05:00,15.06659984588623,15.099900245666504,15.0,15.079999923706055,2511,0.0,0.0
2023-11-06 15:30:00-05:00,15.010000228881836,15.1899995803833,15.010000228881836,15.079999923706055,0,0.0,0.0
2023-11-07 09:30:00-05:00,15.170000076293945,15.218000411987305,15.119999885559082,15.218000411987305,32866,0.0,0.0
2023-11-07 10:30:00-05:00,15.220000267028809,15.253299713134766,15.199999809265137,15.199999809265137,11596,0.0,0.0
2023-11-07 11:30:00-05:00,15.259900093078613,15.281800270080566,15.199999809265137,15.274999618530273,14544,0.0,0.0
2023-11-07 12:30:00-05:00,15.180000305175781,15.210000038146973,15.142800331115723,15.142800331115723,3161,0.0,0.0
2023-11-07 13:30:00-05:00,15.179499626159668,15.270000457763672,15.09000015258789,15.220000267028809,85659,0.0,0.0
2023-11-07 14:30:00-05:00,15.199999809265137,15.249500274658203,15.180000305175781,15.219900131225586,11681,0.0,0.0
2023-11-07 15:30:00-05:00,15.199999809265137,15.239999771118164,15.170000076293945,15.1899995803833,13938,0.0,0.0
2023-11-08 09:30:00-05:00,15.199999809265137,15.35990047454834,15.180000305175781,15.25,0,0.0,0.0
2023-11-08 10:30:00-05:00,15.244999885559082,15.300000190734863,15.1899995803833,15.2121000289917,18640,0.0,0.0
2023-11-08 11:30:00-05:00,15.220000267028809,15.220000267028809,15.170000076293945,15.199999809265137,10835,0.0,0.0
2023-11-08 12:30:00-05:00,15.199999809265137,15.220000267028809,15.149999618530273,15.220000267028809,15048,0.0,0.0
2023-11-08 13:30:00-05:00,15.225000381469727,15.270000457763672,15.1899995803833,15.1899995803833,3660,0.0,0.0
2023-11-08 14:30:00-05:00,15.196599960327148,15.199999809265137,15.15999984741211,15.15999984741211,3358,0.0,0.0
2023-11-08 15:30:00-05:00,15.15999984741211,15.210000038146973,15.149999618530273,15.15999984741211,8522,0.0,0.0
2023-11-09 09:30:00-05:00,15.180000305175781,15.210000038146973,15.079999923706055,15.119199752807617,5239,0.0,0.0
2023-11-09 10:30:00-05:00,15.109999656677246,15.164999961853027,15.109999656677246,15.140000343322754,4545,0.0,0.0
2023-11-09 11:30:00-05:00,15.128600120544434,15.157699584960938,15.128600120544434,15.146300315856934,2716,0.0,0.0
2023-11-09 12:30:00-05:00,15.109999656677246,15.109999656677246,14.960000038146973,14.970000267028809,18834,0.0,0.0
2023-11-09 13:30:00-05:00,14.960000038146973,14.969900131225586,14.899999618530273,14.924699783325195,9858,0.0,0.0
2023-11-09 14:30:00-05:00,14.90999984741211,14.914999961853027,14.869999885559082,14.880000114440918,4383,0.0,0.0
2023-11-09 15:30:00-05:00,14.90999984741211,14.949999809265137,14.850000381469727,14.850000381469727,12304,0.0,0.0
2023-11-10 09:30:00-05:00,14.90999984741211,14.9399995803833,14.859999656677246,14.859999656677246,5101,0.0,0.0
2023-11-10 10:30:00-05:00,14.913299560546875,14.930000305175781,14.84000015258789,14.887900352478027,9573,0.0,0.0
2023-11-10 11:30:00-05:00,14.890000343322754,14.925999641418457,14.880000114440918,14.925999641418457,1870,0.0,0.0
2023-11-10 12:30:00-05:00,14.930000305175781,14.938699722290039,14.880000114440918,14.927399635314941,2820,0.0,0.0
2023-11-10 13:30:00-05:00,14.885000228881836,14.960000038146973,14.880000114440918,14.960000038146973,4753,0.0,0.0
2023-11-10 14:30:00-05:00,14.930000305175781,14.979999542236328,14.894000053405762,14.960000038146973,4783,0.0,0.0
2023-11-10 15:30:00-05:00,14.930000305175781,14.960000038146973,14.920000076293945,14.949999809265137,2780,0.0,0.0
2023-11-13 09:30:00-05:00,14.920000076293945,15.087900161743164,14.880000114440918,14.9350004196167,0,0.0,0.0
2023-11-13 10:30:00-05:00,14.911499977111816,14.913900375366211,14.880000114440918,14.899999618530273,3215,0.0,0.0
2023-11-13 11:30:00-05:00,14.944999694824219,14.979999542236328,14.920000076293945,14.979999542236328,6453,0.0,0.0
2023-11-13 12:30:00-05:00,14.909899711608887,14.979999542236328,14.890000343322754,14.963700294494629,10633,0.0,0.0
2023-11-13 13:30:00-05:00,14.979999542236328,15.0600004196167,14.923199653625488,14.979999542236328,5065,0.0,0.0
2023-11-13 14:30:00-05:00,14.961899757385254,15.0,14.9350004196167,14.9350004196167,2981,0.0,0.0
2023-11-13 15:30:00-05:00,14.930000305175781,15.020000457763672,14.925000190734863,14.979999542236328,5103,0.0,0.0
2023-11-14 09:30:00-05:00,15.050000190734863,15.199999809265137,15.039999961853027,15.199199676513672,16638,0.0,0.0
2023-11-14 10:30:00-05:00,15.149999618530273,15.25,15.109999656677246,15.109999656677246,26770,0.0,0.0
2023-11-14 11:30:00-05:00,15.149999618530273,15.15999984741211,15.100000381469727,15.135000228881836,7664,0.0,0.0
2023-11-14 12:30:00-05:00,15.15999984741211,15.199999809265137,15.15999984741211,15.199999809265137,9229,0.0,0.0
2023-11-14 13:30:00-05:00,15.229999542236328,15.239999771118164,15.210000038146973,15.239999771118164,5000,0.0,0.0
2023-11-14 14:30:00-05:00,15.225000381469727,15.25,15.210000038146973,15.249899864196777,7553,0.0,0.0
2023-11-14 15:30:00-05:00,15.199999809265137,15.239999771118164,15.199999809265137,15.199999809265137,0,0.0,0.0
2023-11-15 09:30:00-05:00,15.130000114440918,15.25,15.109999656677246,15.167699813842773,6187,0.0,0.0
2023-11-15 10:30:00-05:00,15.229999542236328,15.3100004196167,15.1899995803833,15.26200008392334,11552,0.0,0.0
2023-11-15 11:30:00-05:00,15.220000267028809,15.279999732971191,15.208900451660156,15.230199813842773,4029,0.0,0.0
2023-11-15 12:30:00-05:00,15.270000457763672,15.300000190734863,15.220000267028809,15.277000427246094,14325,0.0,0.0
2023-11-15 13:30:00-05:00,15.300000190734863,15.300000190734863,15.241100311279297,15.241100311279297,3205,0.0,0.0
2023-11-15 14:30:00-05:00,15.300000190734863,15.350000381469727,15.260000228881836,15.260000228881836,5813,0.0,0.0
2023-11-15 15:30:00-05:00,15.260100364685059,15.359999656677246,15.260000228881836,15.359999656677246,8447,0.0,0.0
2023-11-16 09:30:00-05:00,15.390000343322754,15.4399995803833,15.300000190734863,15.399999618530273,0,0.0,0.0
2023-11-16 10:30:00-05:00,15.399999618530273,15.420000076293945,15.34000015258789,15.414999961853027,4768,0.0,0.0
2023-11-16 11:30:00-05:00,15.390000343322754,15.40999984741211,15.380000114440918,15.40999984741211,5711,0.0,0.0
2023-11-16 12:30:00-05:00,15.369999885559082,15.369999885559082,15.320099830627441,15.320099830627441,13347,0.0,0.0
2023-11-16 13:30:00-05:00,15.409199714660645,15.550000190734863,15.319999694824219,15.46500015258789,30745,0.0,0.0
2023-11-16 14:30:00-05:00,15.46500015258789,15.520000457763672,15.420000076293945,15.4399995803833,11701,0.0,0.0
2023-11-16 15:30:00-05:00,15.4399995803833,15.479999542236328,15.40999984741211,15.40999984741211,7307,0.0,0.0
2023-11-17 09:30:00-05:00,15.460000038146973,15.489100456237793,15.40250015258789,15.489100456237793,0,0.0,0.0
2023-11-17 10:30:00-05:00,15.489999771118164,15.489999771118164,15.319999694824219,15.319999694824219,3546,0.0,0.0
2023-11-17 11:30:00-05:00,15.354999542236328,15.380000114440918,15.3100004196167,15.319999694824219,8688,0.0,0.0
2023-11-17 12:30:00-05:00,15.34000015258789,15.369999885559082,15.334500312805176,15.334500312805176,3913,0.0,0.0
2023-11-17 13:30:00-05:00,15.36299991607666,15.399999618530273,15.34000015258789,15.369999885559082,4749,0.0,0.0
2023-11-17 14:30:00-05:00,15.399999618530273,15.430000305175781,15.395000457763672,15.40999984741211,7567,0.0,0.0
2023-11-17 15:30:00-05:00,15.40999984741211,15.435700416564941,15.380000114440918,15.40999984741211,3426,0.0,0.0
2023-11-20 09:30:00-05:00,15.40999984741211,15.40999984741211,15.386799812316895,15.388299942016602,1625,0.0,0.0
2023-11-20 10:30:00-05:00,15.360099792480469,15.449999809265137,15.360099792480469,15.449999809265137,2899,0.0,0.0
2023-11-20 11:30:00-05:00,15.4399995803833,15.475000381469727,15.380000114440918,15.424799919128418,13318,0.0,0.0
2023-11-20 12:30:00-05:00,15.425000190734863,15.574999809265137,15.399999618530273,15.539999961853027,23603,0.0,0.0
2023-11-20 13:30:00-05:00,15.550000190734863,15.574000358581543,15.4399995803833,15.510700225830078,25239,0.0,0.0
2023-11-20 14:30:00-05:00,15.545000076293945,15.640000343322754,15.530099868774414,15.640000343322754,6272,0.0,0.0
2023-11-20 15:30:00-05:00,15.640000343322754,15.640000343322754,15.569999694824219,15.609999656677246,4620,0.0,0.0
2023-11-21 09:30:00-05:00,15.6899995803833,15.6899995803833,15.584400177001953,15.600000381469727,0,0.0,0.0
2023-11-21 10:30:00-05:00,15.635000228881836,15.635000228881836,15.579999923706055,15.600000381469727,4047,0.0,0.0
2023-11-21 11:30:00-05:00,15.600000381469727,15.65999984741211,15.600000381469727,15.649999618530273,9736,0.0,0.0
2023-11-21 12:30:00-05:00,15.649999618530273,15.6899995803833,15.640000343322754,15.680000305175781,9849,0.0,0.0
2023-11-21 13:30:00-05:00,15.704999923706055,15.720000267028809,15.579999923706055,15.619999885559082,13214,0.0,0.0
2023-11-21 14:30:00-05:00,15.619999885559082,15.645099639892578,15.609999656677246,15.611700057983398,4466,0.0,0.0
2023-11-21 15:30:00-05:00,15.609999656677246,15.699999809265137,15.600000381469727,15.699999809265137,1964,0.0,0.0
2023-11-22 09:30:00-05:00,15.75,15.76509952545166,15.699999809265137,15.720000267028809,0,0.0,0.0
2023-11-22 10:30:00-05:00,15.71500015258789,15.729999542236328,15.580300331115723,15.720000267028809,6959,0.0,0.0
2023-11-22 11:30:00-05:00,15.710800170898438,15.720000267028809,15.649999618530273,15.694999694824219,9901,0.0,0.0
2023-11-22 12:30:00-05:00,15.699999809265137,15.710000038146973,15.583700180053711,15.59000015258789,12830,0.0,0.0
2023-11-22 13:30:00-05:00,15.579999923706055,15.579999923706055,15.520000457763672,15.579899787902832,4127,0.0,0.0
2023-11-22 14:30:00-05:00,15.520099639892578,15.579999923706055,15.399999618530273,15.449999809265137,38769,0.0,0.0
2023-11-22 15:30:00-05:00,15.449999809265137,15.667900085449219,15.420000076293945,15.597999572753906,2202,0.0,0.0
2023-11-24 09:30:00-05:00,15.479999542236328,15.574999809265137,15.479999542236328,15.574999809265137,0,0.0,0.0
2023-11-24 10:30:00-05:00,15.630000114440918,15.649999618530273,15.482500076293945,15.520000457763672,6315,0.0,0.0
2023-11-24 11:30:00-05:00,15.520000457763672,15.579999923706055,15.520000457763672,15.579999923706055,2516,0.0,0.0
2023-11-27 09:30:00-05:00,15.579999923706055,15.609999656677246,15.5,15.609999656677246,7833,0.0,0.0
2023-11-27 10:30:00-05:00,15.600000381469727,15.612000465393066,15.484999656677246,15.569999694824219,7126,0.0,0.0
2023-11-27 11:30:00-05:00,15.569999694824219,15.609999656677246,15.501799583435059,15.593999862670898,7575,0.0,0.0
2023-11-27 12:30:00-05:00,15.489999771118164,15.5,15.390000343322754,15.435999870300293,16918,0.0,0.0
2023-11-27 13:30:00-05:00,15.4399995803833,15.475000381469727,15.399999618530273,15.449999809265137,6752,0.0,0.0
2023-11-27 14:30:00-05:00,15.449999809265137,15.510000228881836,15.4399995803833,15.509900093078613,9720,0.0,0.0
2023-11-27 15:30:00-05:00,15.484999656677246,15.5,15.460000038146973,15.484999656677246,1700,0.0,0.0
2023-11-28 09:30:00-05:00,15.579999923706055,15.579999923706055,15.481200218200684,15.5600004196167,0,0.0,0.0
2023-11-28 10:30:00-05:00,15.5600004196167,15.609999656677246,15.539999961853027,15.609999656677246,6384,0.0,0.0
2023-11-28 11:30:00-05:00,15.574000358581543,15.600000381469727,15.479999542236328,15.479999542236328,9386,0.0,0.0
2023-11-28 12:30:00-05:00,15.510000228881836,15.607099533081055,15.479999542236328,15.600000381469727,32472,0.0,0.0
2023-11-28 13:30:00-05:00,15.520000457763672,15.59000015258789,15.510000228881836,15.510100364685059,3689,0.0,0.0
2023-11-28 14:30:00-05:00,15.559499740600586,15.600000381469727,15.510000228881836,15.543299674987793,10247,0.0,0.0
2023-11-28 15:30:00-05:00,15.569999694824219,15.600000381469727,15.520000457763672,15.520000457763672,22191,0.0,0.0
2023-11-29 09:30:00-05:00,15.649999618530273,15.6899995803833,15.510000228881836,15.528200149536133,17473,0.0,0.0
2023-11-29 10:30:00-05:00,15.670000076293945,15.670000076293945,15.528300285339355,15.528300285339355,6330,0.0,0.0
2023-11-29 11:30:00-05:00,15.652600288391113,15.652600288391113,15.594400405883789,15.640000343322754,8612,0.0,0.0
2023-11-29 12:30:00-05:00,15.654600143432617,15.6899995803833,15.619999885559082,15.680000305175781,13062,0.0,0.0
2023-11-29 13:30:00-05:00,15.689900398254395,15.710000038146973,15.649999618530273,15.6899995803833,11285,0.0,0.0
2023-11-29 14:30:00-05:00,15.6899995803833,15.720000267028809,15.609999656677246,15.664999961853027,12896,0.0,0.0
2023-11-29 15:30:00-05:00,15.664999961853027,15.716300010681152,15.616100311279297,15.699199676513672,6986,0.0,0.0
2023-11-30 09:30:00-05:00,15.760000228881836,15.779999732971191,15.639900207519531,15.656900405883789,18917,0.0,0.0
2023-11-30 10:30:00-05:00,15.6899995803833,15.739999771118164,15.649999618530273,15.6983003616333,13854,0.0,0.0
2023-11-30 11:30:00-05:00,15.6899995803833,15.699999809265137,15.65999984741211,15.699999809265137,7959,0.0,0.0
2023-11-30 12:30:00-05:00,15.699999809265137,15.699999809265137,15.640000343322754,15.670000076293945,8685,0.0,0.0
2023-11-30 13:30:00-05:00,15.670000076293945,15.695699691772461,15.650699615478516,15.6899995803833,4246,0.0,0.0
2023-11-30 14:30:00-05:00,15.6899995803833,15.729999542236328,15.630000114440918,15.6899995803833,11463,0.0,0.0
2023-11-30 15:30:00-05:00,15.6899995803833,15.720000267028809,15.609999656677246,15.649999618530273,16879,0.0,0.0
2023-12-01 09:30:00-05:00,15.75,15.819999694824219,15.66100025177002,15.819999694824219,0,0.0,0.0
2023-12-01 10:30:00-05:00,15.811200141906738,15.90999984741211,15.619999885559082,15.729999542236328,27853,0.0,0.0
2023-12-01 11:30:00-05:00,15.725000381469727,15.809900283813477,15.725000381469727,15.809900283813477,16070,0.0,0.0
2023-12-01 12:30:00-05:00,15.857399940490723,15.899999618530273,15.819999694824219,15.880000114440918,22282,0.0,0.0
2023-12-01 13:30:00-05:00,15.899999618530273,15.91670036315918,15.84000015258789,15.84000015258789,22685,0.0,0.0
2023-12-01 14:30:00-05:00,15.819999694824219,15.960000038146973,15.819999694824219,15.929900169372559,30504,0.0,0.0
2023-12-01 15:30:00-05:00,15.930000305175781,15.930000305175781,15.819999694824219,15.850000381469727,23391,0.0,0.0
2023-12-04 09:30:00-05:00,15.84000015258789,15.869999885559082,15.824999809265137,15.869999885559082,5722,0.0,0.0
2023-12-04 10:30:00-05:00,15.850000381469727,16.079999923706055,15.850000381469727,16.0,44344,0.0,0.0
2023-12-04 11:30:00-05:00,16.0,16.020000457763672,15.949999809265137,15.956000328063965,5898,0.0,0.0
2023-12-04 12:30:00-05:00,15.975000381469727,15.975000381469727,15.770000457763672,15.930000305175781,21957,0.0,0.0
2023-12-04 13:30:00-05:00,15.780599594116211,15.869999885559082,15.760000228881836,15.86989974975586,17777,0.0,0.0
2023-12-04 14:30:00-05:00,15.899999618530273,15.930000305175781,15.885000228881836,15.890000343322754,5889,0.0,0.0
2023-12-04 15:30:00-05:00,15.895000457763672,15.920000076293945,15.850000381469727,15.859999656677246,7673,0.0,0.0
2023-12-05 09:30:00-05:00,15.930000305175781,16.040000915527344,15.850000381469727,15.98900032043457,0,0.0,0.0
2023-12-05 10:30:00-05:00,16.029499053955078,16.039199829101562,15.949999809265137,15.965999603271484,9196,0.0,0.0
2023-12-05 11:30:00-05:00,15.970000267028809,16.0,15.970000267028809,16.0,3296,0.0,0.0
2023-12-05 12:30:00-05:00,15.998100280761719,15.998700141906738,15.890000343322754,15.890000343322754,17325,0.0,0.0
2023-12-05 13:30:00-05:00,15.930000305175781,15.930000305175781,15.859999656677246,15.859999656677246,9385,0.0,0.0
2023-12-05 14:30:00-05:00,15.890000343322754,15.989999771118164,15.850000381469727,15.989999771118164,31781,0.0,0.0
2023-12-05 15:30:00-05:00,15.989999771118164,16.05500030517578,15.989999771118164,16.030000686645508,19557,0.0,0.0
2023-12-06 09:30:00-05:00,16.1299991607666,16.149999618530273,15.979999542236328,16.0,17386,0.0,0.0
2023-12-06 10:30:00-05:00,16.0,16.110000610351562,15.990099906921387,16.06999969482422,13830,0.0,0.0
2023-12-06 11:30:00-05:00,16.03510093688965,16.08930015563965,15.979999542236328,15.979999542236328,7732,0.0,0.0
2023-12-06 13:30:00-05:00,15.994999885559082,16.002399444580078,15.949999809265137,15.949999809265137,6106,0.0,0.0
2023-12-06 14:30:00-05:00,15.985799789428711,15.99209976196289,15.985799789428711,15.989999771118164,1254,0.0,0.0
2023-12-06 15:30:00-05:00,15.949999809265137,15.960000038146973,15.920000076293945,15.9399995803833,3701,0.0,0.0
2023-12-07 09:30:00-05:00,15.880000114440918,16.010000228881836,15.880000114440918,16.010000228881836,0,0.0,0.0
2023-12-07 10:30:00-05:00,15.989999771118164,15.989999771118164,15.880000114440918,15.960000038146973,9103,0.0,0.0
2023-12-07 11:30:00-05:00,15.989999771118164,16.079999923706055,15.960000038146973,16.079999923706055,10447,0.0,0.0
2023-12-07 12:30:00-05:00,16.079999923706055,16.100000381469727,16.079999923706055,16.100000381469727,212,0.0,0.0
2023-12-07 13:30:00-05:00,16.13990020751953,16.170000076293945,16.075000762939453,16.093000411987305,12790,0.0,0.0
2023-12-07 14:30:00-05:00,16.084999084472656,16.100000381469727,16.059999465942383,16.094999313354492,4236,0.0,0.0
2023-12-07 15:30:00-05:00,16.139999389648438,16.219999313354492,16.1200008392334,16.200000762939453,13402,0.0,0.0
2023-12-08 09:30:00-05:00,16.049999237060547,16.139999389648438,16.0,16.079999923706055,6009,0.0,0.0
2023-12-08 10:30:00-05:00,16.040000915527344,16.059999465942383,16.010000228881836,16.010000228881836,6387,0.0,0.0
2023-12-08 11:30:00-05:00,15.98550033569336,16.049999237060547,15.979999542236328,15.979999542236328,13691,0.0,0.0
2023-12-08 12:30:00-05:00,16.016399383544922,16.06999969482422,16.016399383544922,16.059999465942383,5797,0.0,0.0
2023-12-08 13:30:00-05:00,16.084999084472656,16.084999084472656,15.979999542236328,16.0,13281,0.0,0.0
2023-12-08 14:30:00-05:00,15.989999771118164,15.989999771118164,15.960000038146973,15.960000038146973,4196,0.0,0.0
2023-12-08 15:30:00-05:00,15.975299835205078,16.0,15.975299835205078,15.979999542236328,1943,0.0,0.0
2023-12-11 09:30:00-05:00,16.040000915527344,16.059999465942383,15.989999771118164,16.04949951171875,13984,0.0,0.0
2023-12-11 10:30:00-05:00,16.030000686645508,16.06999969482422,15.989999771118164,16.013999938964844,8994,0.0,0.0
2023-12-11 11:30:00-05:00,16.043899536132812,16.043899536132812,16.010000228881836,16.010000228881836,1028,0.0,0.0
2023-12-11 12:30:00-05:00,16.021900177001953,16.03689956665039,16.021900177001953,16.030000686645508,1825,0.0,0.0
2023-12-11 13:30:00-05:00,16.04800033569336,16.059999465942383,16.021099090576172,16.021099090576172,14900,0.0,0.0
2023-12-11 14:30:00-05:00,16.049999237060547,16.06999969482422,16.0,16.020000457763672,9470,0.0,0.0
2023-12-11 15:30:00-05:00,16.020000457763672,16.030000686645508,15.960000038146973,15.989999771118164,13425,0.0,0.0
2023-12-12 09:30:00-05:00,15.960000038146973,15.960000038146973,15.935500144958496,15.935500144958496,3396,0.0,0.0
2023-12-12 10:30:00-05:00,16.07390022277832,16.07390022277832,15.979999542236328,15.979999542236328,3554,0.0,0.0
2023-12-12 11:30:00-05:00,16.0,16.049999237060547,15.960000038146973,16.0,7088,0.0,0.0
2023-12-12 12:30:00-05:00,15.987000465393066,16.020000457763672,15.96660041809082,15.989999771118164,2471,0.0,0.0
2023-12-12 13:30:00-05:00,15.960800170898438,15.979999542236328,15.960000038146973,15.979999542236328,7300,0.0,0.0
2023-12-12 14:30:00-05:00,15.979999542236328,15.979999542236328,15.910400390625,15.918299674987793,14833,0.0,0.0
2023-12-12 15:30:00-05:00,15.910099983215332,15.9399995803833,15.910099983215332,15.9399995803833,1484,0.0,0.0
2023-12-13 09:30:00-05:00,15.90999984741211,16.0,15.897600173950195,15.940600395202637,13342,0.0,0.0
2023-12-13 10:30:00-05:00,15.930000305175781,15.960000038146973,15.901000022888184,15.9266996383667,6985,0.0,0.0
2023-12-13 11:30:00-05:00,15.9350004196167,16.0,15.930000305175781,16.0,13114,0.0,0.0
2023-12-13 12:30:00-05:00,16.0,16.04759979248047,15.990500450134277,16.0,14276,0.0,0.0
2023-12-13 13:30:00-05:00,16.035499572753906,16.200000762939453,16.030000686645508,16.139999389648438,4861,0.0,0.0
2023-12-13 14:30:00-05:00,16.149999618530273,16.5,16.139999389648438,16.330799102783203,24614,0.0,0.0
2023-12-13 15:30:00-05:00,16.364999771118164,16.389999389648438,16.329999923706055,16.3700008392334,4122,0.0,0.0
2023-12-14 09:30:00-05:00,16.469999313354492,16.469999313354492,16.250099182128906,16.38990020751953,18804,0.0,0.0
2023-12-14 10:30:00-05:00,16.350000381469727,16.489999771118164,16.299999237060547,16.489999771118164,5688,0.0,0.0
2023-12-14 11:30:00-05:00,16.485000610351562,16.579999923706055,16.479999542236328,16.56999969482422,12594,0.0,0.0
2023-12-14 12:30:00-05:00,16.579999923706055,16.600000381469727,16.549999237060547,16.579599380493164,9892,0.0,0.0
2023-12-14 13:30:00-05:00,16.52750015258789,16.53499984741211,16.490100860595703,16.520000457763672,3212,0.0,0.0
2023-12-14 14:30:00-05:00,16.520000457763672,16.540000915527344,16.495899200439453,16.510000228881836,12817,0.0,0.0
2023-12-14 15:30:00-05:00,16.510000228881836,16.520000457763672,16.350000381469727,16.479999542236328,11883,0.0,0.0
2023-12-15 09:30:00-05:00,16.510000228881836,16.58989906311035,16.48200035095215,16.48200035095215,0,0.0,0.0
2023-12-15 10:30:00-05:00,16.479999542236328,16.559999465942383,16.479999542236328,16.480100631713867,16269,0.0,0.0
2023-12-15 11:30:00-05:00,16.510000228881836,16.56999969482422,16.510000228881836,16.524999618530273,3936,0.0,0.0
2023-12-15 12:30:00-05:00,16.56999969482422,16.65999984741211,16.514999389648438,16.604999542236328,10466,0.0,0.0
2023-12-15 13:30:00-05:00,16.54509925842285,16.649999618530273,16.54509925842285,16.579999923706055,4580,0.0,0.0
2023-12-15 14:30:00-05:00,16.610000610351562,16.610000610351562,16.56999969482422,16.600000381469727,6847,0.0,0.0
2023-12-15 15:30:00-05:00,16.579999923706055,16.600000381469727,16.549999237060547,16.549999237060547,10598,0.0,0.0
2023-12-18 09:30:00-05:00,16.469999313354492,16.469999313354492,16.368900299072266,16.449899673461914,0,0.0,0.0
2023-12-18 10:30:00-05:00,16.42060089111328,16.456499099731445,16.42060089111328,16.456499099731445,2442,0.0,0.0
2023-12-18 11:30:00-05:00,16.43000030517578,16.450000762939453,16.399999618530273,16.399999618530273,5431,0.0,0.0
2023-12-18 12:30:00-05:00,16.40999984741211,16.475000381469727,16.40999984741211,16.450000762939453,6179,0.0,0.0
2023-12-18 13:30:00-05:00,16.489999771118164,16.530000686645508,16.40839958190918,16.40839958190918,6185,0.0,0.0
2023-12-18 14:30:00-05:00,16.43429946899414,16.5,16.408000946044922,16.47100067138672,13591,0.0,0.0
2023-12-18 15:30:00-05:00,16.422500610351562,16.440000534057617,16.389999389648438,16.389999389648438,5176,0.0,0.0
2023-12-19 09:30:00-05:00,16.459999084472656,16.5,16.42020034790039,16.479999542236328,16230,0.0,0.0
2023-12-19 10:30:00-05:00,16.469999313354492,16.488300323486328,16.3799991607666,16.450000762939453,15263,0.0,0.0
2023-12-19 11:30:00-05:00,16.479999542236328,16.5,16.450000762939453,16.5,4060,0.0,0.0
2023-12-19 12:30:00-05:00,16.420000076293945,16.465499877929688,16.420000076293945,16.450000762939453,6883,0.0,0.0
2023-12-19 13:30:00-05:00,16.450000762939453,16.52790069580078,16.40999984741211,16.520000457763672,14462,0.0,0.0
2023-12-19 14:30:00-05:00,16.524999618530273,16.559999465942383,16.490999221801758,16.549999237060547,6152,0.0,0.0
2023-12-19 15:30:00-05:00,16.5,16.540000915527344,16.470399856567383,16.53499984741211,0,0.0,0.0
2023-12-20 09:30:00-05:00,16.6200008392334,16.6200008392334,16.399999618530273,16.549999237060547,13172,0.0,0.0
2023-12-20 10:30:00-05:00,16.559999465942383,16.56999969482422,16.501399993896484,16.565000534057617,8262,0.0,0.0
2023-12-20 11:30:00-05:00,16.565000534057617,16.645000457763672,16.530000686645508,16.600000381469727,8693,0.0,0.0
2023-12-20 12:30:00-05:00,16.645000457763672,16.645000457763672,16.559999465942383,16.59000015258789,7984,0.0,0.0
2023-12-20 13:30:00-05:00,16.59000015258789,16.639999389648438,16.530000686645508,16.584999084472656,13206,0.0,0.0
2023-12-20 14:30:00-05:00,16.621400833129883,16.6299991607666,16.514999389648438,16.59630012512207,13011,0.0,0.0
2023-12-20 15:30:00-05:00,16.538000106811523,16.639999389648438,16.520000457763672,16.600000381469727,13778,0.0,0.0
2023-12-21 09:30:00-05:00,16.670000076293945,16.699499130249023,16.42009925842285,16.614999771118164,10606,0.0,0.0
2023-12-21 10:30:00-05:00,16.579999923706055,16.58690071105957,16.479999542236328,16.513399124145508,8258,0.0,0.0
2023-12-21 11:30:00-05:00,16.49970054626465,16.49970054626465,16.389999389648438,16.389999389648438,7177,0.0,0.0
2023-12-21 12:30:00-05:00,16.390899658203125,16.52910041809082,16.350000381469727,16.420000076293945,14553,0.0,0.0
2023-12-21 13:30:00-05:00,16.525800704956055,16.68000030517578,16.525800704956055,16.59000015258789,9441,0.0,0.0
2023-12-21 14:30:00-05:00,16.570600509643555,16.670000076293945,16.570600509643555,16.65999984741211,7940,0.0,0.0
2023-12-21 15:30:00-05:00,16.65999984741211,16.700000762939453,16.59000015258789,16.600000381469727,0,0.0,0.0
2023-12-22 09:30:00-05:00,16.59000015258789,16.59000015258789,16.424999237060547,16.520000457763672,5417,0.0,0.0
2023-12-22 10:30:00-05:00,16.545000076293945,16.610000610351562,16.489999771118164,16.5,10187,0.0,0.0
2023-12-22 11:30:00-05:00,16.5,16.5039005279541,16.399999618530273,16.435800552368164,5951,0.0,0.0
2023-12-22 12:30:00-05:00,16.42020034790039,16.438400268554688,16.399999618530273,16.408700942993164,4304,0.0,0.0
2023-12-22 13:30:00-05:00,16.415000915527344,16.415000915527344,16.350000381469727,16.3700008392334,4209,0.0,0.0
2023-12-22 14:30:00-05:00,16.3700008392334,16.450000762939453,16.3700008392334,16.450000762939453,5202,0.0,0.0
2023-12-22 15:30:00-05:00,16.450000762939453,16.450000762939453,16.420000076293945,16.440000534057617,4202,0.0,0.0
2023-12-26 09:30:00-05:00,16.389999389648438,16.54990005493164,16.389999389648438,16.42300033569336,16142,0.0,0.0
2023-12-26 10:30:00-05:00,16.489999771118164,16.489999771118164,16.309999465942383,16.351299285888672,12386,0.0,0.0
2023-12-26 11:30:00-05:00,16.325000762939453,16.399999618530273,16.309999465942383,16.350000381469727,28073,0.0,0.0
2023-12-26 12:30:00-05:00,16.375,16.399999618530273,16.34000015258789,16.360000610351562,9625,0.0,0.0
2023-12-26 13:30:00-05:00,16.34000015258789,16.34000015258789,16.2810001373291,16.319599151611328,14104,0.0,0.0
2023-12-26 14:30:00-05:00,16.290000915527344,16.290000915527344,16.209999084472656,16.219999313354492,14102,0.0,0.0
2023-12-26 15:30:00-05:00,16.239900588989258,16.239900588989258,16.15999984741211,16.200000762939453,11722,0.0,0.0
2023-12-27 09:30:00-05:00,16.329999923706055,16.34000015258789,16.280799865722656,16.309999465942383,11074,0.0,0.0
2023-12-27 10:30:00-05:00,16.33989906311035,16.440000534057617,16.33880043029785,16.431900024414062,13441,0.0,0.0
2023-12-27 11:30:00-05:00,16.405000686645508,16.4685001373291,16.35740089416504,16.464799880981445,11613,0.0,0.0
2023-12-27 12:30:00-05:00,16.469999313354492,16.56999969482422,16.450000762939453,16.532499313354492,10529,0.0,0.0
2023-12-27 13:30:00-05:00,16.53499984741211,16.579999923706055,16.47100067138672,16.57990074157715,26470,0.0,0.0
2023-12-27 14:30:00-05:00,16.540000915527344,16.56999969482422,16.5,16.507999420166016,24066,0.0,0.0
2023-12-27 15:30:00-05:00,16.539899826049805,16.540000915527344,16.489999771118164,16.511999130249023,8221,0.0,0.0
2023-12-28 09:30:00-05:00,16.40999984741211,16.479999542236328,16.40999984741211,16.450000762939453,0,0.0,0.0
2023-12-28 10:30:00-05:00,16.420000076293945,16.43000030517578,16.399999618530273,16.399999618530273,4553,0.0,0.0
2023-12-28 11:30:00-05:00,16.434999465942383,16.440000534057617,16.329999923706055,16.435199737548828,15936,0.0,0.0
2023-12-28 12:30:00-05:00,16.40999984741211,16.45829963684082,16.3799991607666,16.409400939941406,16833,0.0,0.0
2023-12-28 13:30:00-05:00,16.399999618530273,16.399999618530273,16.330799102783203,16.330799102783203,4808,0.0,0.0
2023-12-28 14:30:00-05:00,16.360000610351562,16.440000534057617,16.309999465942383,16.440000534057617,12957,0.0,0.0
2023-12-28 15:30:00-05:00,16.395000457763672,16.40999984741211,16.350000381469727,16.3700008392334,13191,0.0,0.0
2023-12-29 09:30:00-05:00,16.479999542236328,16.479999542236328,16.18000030517578,16.20709991455078,48230,0.0,0.0
2023-12-29 10:30:00-05:00,16.289199829101562,16.385299682617188,16.289199829101562,16.344999313354492,13080,0.0,0.0
2023-12-29 11:30:00-05:00,16.309999465942383,16.31999969482422,16.300100326538086,16.31999969482422,10549,0.0,0.0
2023-12-29 12:30:00-05:00,16.31060028076172,16.3700008392334,16.170000076293945,16.170000076293945,16264,0.0,0.0
2023-12-29 13:30:00-05:00,16.170000076293945,16.196399688720703,16.128700256347656,16.196399688720703,10012,0.0,0.0
2023-12-29 14:30:00-05:00,16.190000534057617,16.25,16.18000030517578,16.190000534057617,9551,0.0,0.0
2023-12-29 15:30:00-05:00,16.170000076293945,16.219999313354492,16.170000076293945,16.170000076293945,5068,0.0,0.0
2024-01-02 09:30:00-05:00,16.1299991607666,16.23979949951172,16.09000015258789,16.23979949951172,17676,0.0,0.0
2024-01-02 10:30:00-05:00,16.25,16.270000457763672,16.149999618530273,16.257999420166016,14791,0.0,0.0
2024-01-02 11:30:00-05:00,16.200000762939453,16.249799728393555,16.149999618530273,16.21190071105957,7216,0.0,0.0
2024-01-02 12:30:00-05:00,16.239999771118164,16.25,16.209999084472656,16.235000610351562,11221,0.0,0.0
2024-01-02 13:30:00-05:00,16.25,16.25,16.219999313354492,16.2450008392334,8169,0.0,0.0
2024-01-02 14:30:00-05:00,16.270000457763672,16.280000686645508,16.264699935913086,16.270099639892578,12586,0.0,0.0
2024-01-02 15:30:00-05:00,16.235000610351562,16.235000610351562,16.219999313354492,16.229999542236328,5449,0.0,0.0
2024-01-03 09:30:00-05:00,16.219999313354492,16.324899673461914,16.219999313354492,16.324899673461914,2171,0.0,0.0
2024-01-03 10:30:00-05:00,16.299999237060547,16.3700008392334,16.170000076293945,16.3700008392334,16054,0.0,0.0
2024-01-03 11:30:00-05:00,16.3700008392334,16.3799991607666,16.34000015258789,16.355899810791016,5468,0.0,0.0
2024-01-03 12:30:00-05:00,16.36440086364746,16.469999313354492,16.36440086364746,16.469999313354492,7864,0.0,0.0
2024-01-03 13:30:00-05:00,16.5,16.5,16.437000274658203,16.450000762939453,11517,0.0,0.0
2024-01-03 14:30:00-05:00,16.450000762939453,16.450000762939453,16.415000915527344,16.415000915527344,3152,0.0,0.0
2024-01-03 15:30:00-05:00,16.440000534057617,16.510000228881836,16.415000915527344,16.469999313354492,12433,0.0,0.0
2024-01-04 09:30:00-05:00,16.309999465942383,16.489999771118164,16.271400451660156,16.475000381469727,30394,0.0,0.0
2024-01-04 10:30:00-05:00,16.515199661254883,16.559999465942383,16.389999389648438,16.530000686645508,12447,0.0,0.0
2024-01-04 11:30:00-05:00,16.549999237060547,16.579999923706055,16.479999542236328,16.56999969482422,18965,0.0,0.0
2024-01-04 12:30:00-05:00,16.56999969482422,16.6200008392334,16.544300079345703,16.600000381469727,7216,0.0,0.0
2024-01-04 13:30:00-05:00,16.600000381469727,16.700000762939453,16.596900939941406,16.700000762939453,20915,0.0,0.0
2024-01-04 14:30:00-05:00,16.690000534057617,16.72610092163086,16.662799835205078,16.709999084472656,12007,0.0,0.0
2024-01-04 15:30:00-05:00,16.709999084472656,16.82990074157715,16.700000762939453,16.700000762939453,10037,0.0,0.0
2024-01-05 09:30:00-05:00,16.68000030517578,16.731700897216797,16.510000228881836,16.68000030517578,6821,0.0,0.0
2024-01-05 10:30:00-05:00,16.665000915527344,16.689899444580078,16.6299991607666,16.649999618530273,14773,0.0,0.0
2024-01-05 11:30:00-05:00,16.639999389648438,16.639999389648438,16.579999923706055,16.579999923706055,4482,0.0,0.0
2024-01-05 12:30:00-05:00,16.579999923706055,16.610000610351562,16.579999923706055,16.594900131225586,7265,0.0,0.0
2024-01-05 13:30:00-05:00,16.63010025024414,16.709999084472656,16.63010025024414,16.633399963378906,8363,0.0,0.0
2024-01-05 14:30:00-05:00,16.709999084472656,16.809999465942383,16.709999084472656,16.739999771118164,13907,0.0,0.0
2024-01-05 15:30:00-05:00,16.729999542236328,16.75,16.700000762939453,16.700000762939453,7390,0.0,0.0
2024-01-08 09:30:00-05:00,16.829999923706055,16.829999923706055,16.75,16.764799118041992,0,0.0,0.0
2024-01-08 10:30:00-05:00,16.764999389648438,16.790000915527344,16.75,16.75,8774,0.0,0.0
2024-01-08 11:30:00-05:00,16.75,16.770000457763672,16.7450008392334,16.75659942626953,12656,0.0,0.0
2024-01-08 12:30:00-05:00,16.760000228881836,16.77989959716797,16.650999069213867,16.700000762939453,32464,0.0,0.0
2024-01-08 13:30:00-05:00,16.700000762939453,16.753700256347656,16.700000762939453,16.735000610351562,5335,0.0,0.0
2024-01-08 14:30:00-05:00,16.735000610351562,16.850000381469727,16.735000610351562,16.809999465942383,14742,0.0,0.0
2024-01-08 15:30:00-05:00,16.81999969482422,16.81999969482422,16.75,16.790000915527344,13129,0.0,0.0
2024-01-09 09:30:00-05:00,16.809999465942383,16.809999465942383,16.649999618530273,16.760000228881836,14231,0.0,0.0
2024-01-09 10:30:00-05:00,16.760000228881836,16.788400650024414,16.700000762939453,16.709999084472656,5169,0.0,0.0
2024-01-09 11:30:00-05:00,16.7450008392334,16.770000457763672,16.709999084472656,16.709999084472656,6088,0.0,0.0
2024-01-09 12:30:00-05:00,16.730100631713867,16.809900283813477,16.730100631713867,16.75,17337,0.0,0.0
2024-01-09 13:30:00-05:00,16.75,16.832500457763672,16.739999771118164,16.815000534057617,12140,0.0,0.0
2024-01-09 14:30:00-05:00,16.815000534057617,16.860000610351562,16.760099411010742,16.827499389648438,20015,0.0,0.0
2024-01-09 15:30:00-05:00,16.860000610351562,16.8700008392334,16.809999465942383,16.8700008392334,0,0.0,0.0
2024-01-10 09:30:00-05:00,16.799999237060547,16.850000381469727,16.799999237060547,16.825000762939453,8944,0.0,0.0
2024-01-10 10:30:00-05:00,16.809999465942383,16.8218994140625,16.649999618530273,16.65999984741211,14388,0.0,0.0
2024-01-10 11:30:00-05:00,16.65999984741211,16.700000762939453,16.649999618530273,16.695199966430664,15916,0.0,0.0
2024-01-10 12:30:00-05:00,16.69499969482422,16.700000762939453,16.68000030517578,16.68000030517578,5352,0.0,0.0
2024-01-10 13:30:00-05:00,16.68000030517578,16.700000762939453,16.649999618530273,16.649999618530273,10154,0.0,0.0
2024-01-10 14:30:00-05:00,16.649999618530273,16.700000762939453,16.610000610351562,16.6299991607666,15411,0.0,0.0
2024-01-10 15:30:00-05:00,16.6299991607666,16.65999984741211,16.6200008392334,16.639999389648438,4427,0.0,0.0
2024-01-11 09:30:00-05:00,16.639999389648438,16.700000762939453,16.510000228881836,16.610000610351562,9014,0.0,0.0
2024-01-11 10:30:00-05:00,16.540000915527344,16.610000610351562,16.530000686645508,16.53499984741211,13025,0.0,0.0
2024-01-11 11:30:00-05:00,16.594999313354492,16.6200008392334,16.520000457763672,16.545000076293945,3779,0.0,0.0
2024-01-11 12:30:00-05:00,16.520000457763672,16.565000534057617,16.520000457763672,16.520000457763672,10549,0.0,0.0
2024-01-11 13:30:00-05:00,16.520000457763672,16.609899520874023,16.520000457763672,16.520000457763672,7459,0.0,0.0
2024-01-11 14:30:00-05:00,16.5,16.55579948425293,16.479999542236328,16.5,7022,0.0,0.0
2024-01-11 15:30:00-05:00,16.5,16.530000686645508,16.450000762939453,16.450000762939453,3085,0.0,0.0
2024-01-12 09:30:00-05:00,16.40999984741211,16.63960075378418,16.40999984741211,16.5,0,0.0,0.0
2024-01-12 10:30:00-05:00,16.46139907836914,16.53350067138672,16.459999084472656,16.459999084472656,2914,0.0,0.0
2024-01-12 11:30:00-05:00,16.469999313354492,16.479999542236328,16.440000534057617,16.440000534057617,12137,0.0,0.0
2024-01-12 12:30:00-05:00,16.440500259399414,16.456899642944336,16.440000534057617,16.456899642944336,6004,0.0,0.0
2024-01-12 13:30:00-05:00,16.440000534057617,16.459699630737305,16.40999984741211,16.40999984741211,6849,0.0,0.0
2024-01-12 14:30:00-05:00,16.40999984741211,16.439599990844727,16.399999618530273,16.399999618530273,6558,0.0,0.0
2024-01-12 15:30:00-05:00,16.399999618530273,16.43630027770996,16.350000381469727,16.350000381469727,4945,0.0,0.0
2024-01-16 09:30:00-05:00,16.350000381469727,16.449899673461914,16.33139991760254,16.33139991760254,8856,0.0,0.0
2024-01-16 10:30:00-05:00,16.329999923706055,16.389999389648438,16.280000686645508,16.309999465942383,7745,0.0,0.0
2024-01-16 11:30:00-05:00,16.280000686645508,16.281099319458008,16.110000610351562,16.145000457763672,37985,0.0,0.0
2024-01-16 12:30:00-05:00,16.154800415039062,16.155000686645508,16.1200008392334,16.141000747680664,8563,0.0,0.0
2024-01-16 13:30:00-05:00,16.135000228881836,16.149999618530273,16.1200008392334,16.135000228881836,2302,0.0,0.0
2024-01-16 14:30:00-05:00,16.135000228881836,16.190000534057617,16.135000228881836,16.190000534057617,9555,0.0,0.0
2024-01-16 15:30:00-05:00,16.190000534057617,16.190000534057617,16.15999984741211,16.190000534057617,8975,0.0,0.0
2024-01-17 09:30:00-05:00,16.139999389648438,16.209999084472656,16.100000381469727,16.139999389648438,9262,0.0,0.0
2024-01-17 10:30:00-05:00,16.139999389648438,16.149999618530273,16.100000381469727,16.149999618530273,11816,0.0,0.0
2024-01-17 11:30:00-05:00,16.170000076293945,16.209999084472656,16.170000076293945,16.19300079345703,7202,0.0,0.0
2024-01-17 12:30:00-05:00,16.209999084472656,16.219999313354492,16.100000381469727,16.100000381469727,7933,0.0,0.0
2024-01-17 13:30:00-05:00,16.1299991607666,16.1299991607666,16.100000381469727,16.1200008392334,1779,0.0,0.0
2024-01-17 14:30:00-05:00,16.170000076293945,16.200000762939453,16.15999984741211,16.200000762939453,10045,0.0,0.0
2024-01-17 15:30:00-05:00,16.200000762939453,16.25,16.200000762939453,16.229999542236328,4445,0.0,0.0
2024-01-18 09:30:00-05:00,16.25,16.25,16.090200424194336,16.114999771118164,0,0.0,0.0
2024-01-18 10:30:00-05:00,16.139999389648438,16.139999389648438,16.1299991607666,16.139999389648438,2474,0.0,0.0
2024-01-18 11:30:00-05:00,16.139999389648438,16.149900436401367,16.139999389648438,16.149900436401367,1020,0.0,0.0
2024-01-18 12:30:00-05:00,16.1299991607666,16.149999618530273,16.110000610351562,16.110000610351562,4528,0.0,0.0
2024-01-18 13:30:00-05:00,16.1200008392334,16.1200008392334,16.059999465942383,16.079999923706055,8879,0.0,0.0
2024-01-18 14:30:00-05:00,16.09910011291504,16.1200008392334,16.084999084472656,16.110000610351562,5774,0.0,0.0
2024-01-18 15:30:00-05:00,16.139999389648438,16.200000762939453,16.139999389648438,16.170000076293945,11963,0.0,0.0
2024-01-19 09:30:00-05:00,16.239999771118164,16.239999771118164,16.08169937133789,16.1200008392334,0,0.0,0.0
2024-01-19 10:30:00-05:00,16.116600036621094,16.13990020751953,16.116600036621094,16.13990020751953,2173,0.0,0.0
2024-01-19 11:30:00-05:00,16.1200008392334,16.1200008392334,16.110000610351562,16.114999771118164,8660,0.0,0.0
2024-01-19 12:30:00-05:00,16.114999771118164,16.1299991607666,16.08009910583496,16.08009910583496,5774,0.0,0.0
2024-01-19 13:30:00-05:00,16.115100860595703,16.13249969482422,16.059999465942383,16.093000411987305,9854,0.0,0.0
2024-01-19 14:30:00-05:00,16.100000381469727,16.110000610351562,16.079999923706055,16.079999923706055,2669,0.0,0.0
2024-01-19 15:30:00-05:00,16.079999923706055,16.09980010986328,16.059999465942383,16.079999923706055,9323,0.0,0.0
2024-01-22 09:30:00-05:00,16.280000686645508,16.280000686645508,16.170000076293945,16.238000869750977,0,0.0,0.0
2024-01-22 10:30:00-05:00,16.239999771118164,16.239999771118164,16.170000076293945,16.182100296020508,8300,0.0,0.0
2024-01-22 11:30:00-05:00,16.204999923706055,16.299999237060547,16.170000076293945,16.260000228881836,30438,0.0,0.0
2024-01-22 12:30:00-05:00,16.25,16.280000686645508,16.225000381469727,16.225000381469727,2066,0.0,0.0
2024-01-22 13:30:00-05:00,16.201400756835938,16.201400756835938,16.201400756835938,16.201400756835938,217,0.0,0.0
2024-01-22 14:30:00-05:00,16.225000381469727,16.290000915527344,16.225000381469727,16.290000915527344,16455,0.0,0.0
2024-01-22 15:30:00-05:00,16.299999237060547,16.3799991607666,16.299999237060547,16.3799991607666,40724,0.0,0.0
2024-01-23 09:30:00-05:00,16.389999389648438,16.420000076293945,16.3700008392334,16.389999389648438,0,0.0,0.0
2024-01-23 10:30:00-05:00,16.399999618530273,16.399999618530273,16.31999969482422,16.3700008392334,12120,0.0,0.0
2024-01-23 11:30:00-05:00,16.34869956970215,16.389999389648438,16.33009910583496,16.33009910583496,3224,0.0,0.0
2024-01-23 12:30:00-05:00,16.389999389648438,16.389999389648438,16.33009910583496,16.3700008392334,1825,0.0,0.0
2024-01-23 13:30:00-05:00,16.389999389648438,16.420000076293945,16.361400604248047,16.38010025024414,12029,0.0,0.0
2024-01-23 14:30:00-05:00,16.420000076293945,16.440000534057617,16.389999389648438,16.415000915527344,6577,0.0,0.0
2024-01-23 15:30:00-05:00,16.415000915527344,16.440000534057617,16.389999389648438,16.395999908447266,17203,0.0,0.0
2024-01-24 09:30:00-05:00,16.510000228881836,16.510000228881836,16.399999618530273,16.424999237060547,0,0.0,0.0
2024-01-24 10:30:00-05:00,16.424999237060547,16.439899444580078,16.399999618530273,16.399999618530273,10381,0.0,0.0
2024-01-24 11:30:00-05:00,16.440000534057617,16.440000534057617,16.399999618530273,16.420000076293945,2871,0.0,0.0
2024-01-24 12:30:00-05:00,16.399999618530273,16.43000030517578,16.3799991607666,16.399999618530273,1733,0.0,0.0
2024-01-24 13:30:00-05:00,16.399999618530273,16.40920066833496,16.34000015258789,16.375,2534,0.0,0.0
2024-01-24 14:30:00-05:00,16.375,16.40999984741211,16.304399490356445,16.40999984741211,4656,0.0,0.0
2024-01-24 15:30:00-05:00,16.360000610351562,16.420000076293945,16.299999237060547,16.420000076293945,3830,0.0,0.0
2024-01-25 09:30:00-05:00,16.440000534057617,16.489999771118164,16.307100296020508,16.3700008392334,0,0.0,0.0
2024-01-25 10:30:00-05:00,16.399999618530273,16.40999984741211,16.399999618530273,16.40019989013672,4727,0.0,0.0
2024-01-25 11:30:00-05:00,16.400800704956055,16.40999984741211,16.399999618530273,16.409700393676758,5007,0.0,0.0
2024-01-25 12:30:00-05:00,16.40999984741211,16.420000076293945,16.3799991607666,16.41990089416504,3782,0.0,0.0
2024-01-25 13:30:00-05:00,16.420000076293945,16.479999542236328,16.399999618530273,16.479999542236328,10428,0.0,0.0
2024-01-25 14:30:00-05:00,16.454999923706055,16.5049991607666,16.43000030517578,16.5049991607666,10486,0.0,0.0
2024-01-25 15:30:00-05:00,16.5,16.520000457763672,16.469999313354492,16.489999771118164,5772,0.0,0.0
2024-01-26 09:30:00-05:00,16.600000381469727,16.600000381469727,16.389999389648438,16.389999389648438,8280,0.0,0.0
2024-01-26 10:30:00-05:00,16.399999618530273,16.399999618530273,16.34000015258789,16.350000381469727,7999,0.0,0.0
2024-01-26 11:30:00-05:00,16.350000381469727,16.389999389648438,16.350000381469727,16.375,6462,0.0,0.0
2024-01-26 12:30:00-05:00,16.389999389648438,16.399999618530273,16.360000610351562,16.399999618530273,1575,0.0,0.0
2024-01-26 13:30:00-05:00,16.399999618530273,16.399999618530273,16.38010025024414,16.389999389648438,7400,0.0,0.0
2024-01-26 14:30:00-05:00,16.395000457763672,16.469600677490234,16.389999389648438,16.460100173950195,15898,0.0,0.0
2024-01-26 15:30:00-05:00,16.450000762939453,16.450000762939453,16.420000076293945,16.450000762939453,5939,0.0,0.0
2024-01-29 09:30:00-05:00,16.530000686645508,16.530000686645508,16.389999389648438,16.450000762939453,16384,0.0,0.0
2024-01-29 10:30:00-05:00,16.440000534057617,16.459999084472656,16.412500381469727,16.431499481201172,8774,0.0,0.0
2024-01-29 11:30:00-05:00,16.440000534057617,16.440000534057617,16.439800262451172,16.439899444580078,6955,0.0,0.0
2024-01-29 12:30:00-05:00,16.43000030517578,16.440000534057617,16.395299911499023,16.423099517822266,6973,0.0,0.0
2024-01-29 13:30:00-05:00,16.412500381469727,16.459999084472656,16.399999618530273,16.459999084472656,14746,0.0,0.0
2024-01-29 14:30:00-05:00,16.469999313354492,16.5,16.450199127197266,16.5,12452,0.0,0.0
2024-01-29 15:30:00-05:00,16.485000610351562,16.519899368286133,16.479999542236328,16.5,5249,0.0,0.0
2024-01-30 09:30:00-05:00,16.600000381469727,16.639999389648438,16.520000457763672,16.565000534057617,20382,0.0,0.0
2024-01-30 10:30:00-05:00,16.565000534057617,16.600000381469727,16.549999237060547,16.59000015258789,24808,0.0,0.0
2024-01-30 11:30:00-05:00,16.565000534057617,16.58989906311035,16.530099868774414,16.554000854492188,14084,0.0,0.0
2024-01-30 12:30:00-05:00,16.542999267578125,16.54990005493164,16.460100173950195,16.5,5352,0.0,0.0
2024-01-30 13:30:00-05:00,16.5,16.6299991607666,16.5,16.57939910888672,15157,0.0,0.0
2024-01-30 14:30:00-05:00,16.600000381469727,16.649999618530273,16.579999923706055,16.600000381469727,10739,0.0,0.0
2024-01-30 15:30:00-05:00,16.579999923706055,16.690000534057617,16.579999923706055,16.690000534057617,5421,0.0,0.0
2024-01-31 09:30:00-05:00,16.770000457763672,16.79599952697754,16.67009925842285,16.700000762939453,20101,0.0,0.0
2024-01-31 10:30:00-05:00,16.74370002746582,16.744800567626953,16.700000762939453,16.739999771118164,5429,0.0,0.0
2024-01-31 11:30:00-05:00,16.719999313354492,16.752700805664062,16.709999084472656,16.744300842285156,15744,0.0,0.0
2024-01-31 12:30:00-05:00,16.739999771118164,16.799999237060547,16.739999771118164,16.739999771118164,4493,0.0,0.0
2024-01-31 13:30:00-05:00,16.77389907836914,16.81999969482422,16.761999130249023,16.780000686645508,9335,0.0,0.0
2024-01-31 14:30:00-05:00,16.79210090637207,16.860000610351562,16.72559928894043,16.780000686645508,6133,0.0,0.0
2024-01-31 15:30:00-05:00,16.75,16.75,16.68000030517578,16.719999313354492,9601,0.0,0.0
2024-02-01 09:30:00-05:00,16.860000610351562,16.93000030517578,16.799999237060547,16.799999237060547,0,0.0,0.0
2024-02-01 10:30:00-05:00,16.81999969482422,16.889999389648438,16.56999969482422,16.834999084472656,15254,0.0,0.0
2024-02-01 11:30:00-05:00,16.809999465942383,16.887699127197266,16.78019905090332,16.81999969482422,5987,0.0,0.0
2024-02-01 12:30:00-05:00,16.844999313354492,16.899999618530273,16.83009910583496,16.867599487304688,19541,0.0,0.0
2024-02-01 13:30:00-05:00,16.84000015258789,16.926700592041016,16.829999923706055,16.905000686645508,8589,0.0,0.0
2024-02-01 14:30:00-05:00,16.90559959411621,16.950000762939453,16.899999618530273,16.899999618530273,5904,0.0,0.0
2024-02-01 15:30:00-05:00,16.93000030517578,17.0,16.899999618530273,17.0,14793,0.0,0.0
2024-02-02 09:30:00-05:00,16.950000762939453,16.950000762939453,16.860000610351562,16.8700008392334,11446,0.0,0.0
2024-02-02 10:30:00-05:00,16.8700008392334,16.9242000579834,16.860000610351562,16.860000610351562,3230,0.0,0.0
2024-02-02 11:30:00-05:00,16.860000610351562,16.929899215698242,16.850000381469727,16.850000381469727,5344,0.0,0.0
2024-02-02 12:30:00-05:00,16.8700008392334,16.879899978637695,16.70039939880371,16.70039939880371,10440,0.0,0.0
2024-02-02 13:30:00-05:00,16.732999801635742,16.849899291992188,16.7007999420166,16.763599395751953,5697,0.0,0.0
2024-02-02 14:30:00-05:00,16.78499984741211,16.80500030517578,16.78499984741211,16.785499572753906,1682,0.0,0.0
2024-02-02 15:30:00-05:00,16.803199768066406,16.80430030822754,16.760000228881836,16.780000686645508,2662,0.0,0.0
2024-02-05 09:30:00-05:00,16.729999542236328,16.75,16.63789939880371,16.648300170898438,7823,0.0,0.0
2024-02-05 10:30:00-05:00,16.68000030517578,16.68000030517578,16.610000610351562,16.6200008392334,5658,0.0,0.0
2024-02-05 11:30:00-05:00,16.649999618530273,16.688499450683594,16.649999618530273,16.68000030517578,7616,0.0,0.0
2024-02-05 12:30:00-05:00,16.719999313354492,16.719999313354492,16.6200008392334,16.65999984741211,17073,0.0,0.0
2024-02-05 13:30:00-05:00,16.68000030517578,16.719999313354492,16.68000030517578,16.69499969482422,2909,0.0,0.0
2024-02-05 14:30:00-05:00,16.71470069885254,16.719999313354492,16.680299758911133,16.680299758911133,6290,0.0,0.0
2024-02-05 15:30:00-05:00,16.719999313354492,16.719999313354492,16.68000030517578,16.68000030517578,3709,0.0,0.0
2024-02-06 09:30:00-05:00,16.700000762939453,16.813199996948242,16.700000762939453,16.75,5007,0.0,0.0
2024-02-06 10:30:00-05:00,16.75,16.829999923706055,16.75,16.78499984741211,7707,0.0,0.0
2024-02-06 11:30:00-05:00,16.790000915527344,16.81999969482422,16.760000228881836,16.790000915527344,5677,0.0,0.0
2024-02-06 12:30:00-05:00,16.775800704956055,16.82469940185547,16.709999084472656,16.789899826049805,5111,0.0,0.0
2024-02-06 13:30:00-05:00,16.771499633789062,16.771499633789062,16.729999542236328,16.739999771118164,1427,0.0,0.0
2024-02-06 14:30:00-05:00,16.719999313354492,16.759899139404297,16.68000030517578,16.709999084472656,7504,0.0,0.0
2024-02-06 15:30:00-05:00,16.700000762939453,16.739999771118164,16.690000534057617,16.701000213623047,4210,0.0,0.0
2024-02-07 09:30:00-05:00,16.809999465942383,16.825000762939453,16.729999542236328,16.729999542236328,0,0.0,0.0
2024-02-07 10:30:00-05:00,16.75,16.819900512695312,16.739999771118164,16.815099716186523,3280,0.0,0.0
2024-02-07 11:30:00-05:00,16.80500030517578,16.84280014038086,16.75,16.809900283813477,9936,0.0,0.0
2024-02-07 12:30:00-05:00,16.780000686645508,16.860000610351562,16.770000457763672,16.860000610351562,6714,0.0,0.0
2024-02-07 13:30:00-05:00,16.860000610351562,16.860000610351562,16.792499542236328,16.799999237060547,5394,0.0,0.0
2024-02-07 14:30:00-05:00,16.81290054321289,16.81290054321289,16.80500030517578,16.80500030517578,265,0.0,0.0
2024-02-07 15:30:00-05:00,16.799999237060547,16.799999237060547,16.760000228881836,16.760000228881836,368,0.0,0.0
2024-02-08 09:30:00-05:00,16.68000030517578,16.799999237060547,16.609399795532227,16.609399795532227,6910,0.0,0.0
2024-02-08 10:30:00-05:00,16.6200008392334,16.6200008392334,16.600000381469727,16.600000381469727,2341,0.0,0.0
2024-02-08 11:30:00-05:00,16.600000381469727,16.669300079345703,16.600000381469727,16.600000381469727,5550,0.0,0.0
2024-02-08 12:30:00-05:00,16.635900497436523,16.65999984741211,16.600000381469727,16.649999618530273,5479,0.0,0.0
2024-02-08 13:30:00-05:00,16.75589942932129,16.81999969482422,16.6299991607666,16.649999618530273,2285,0.0,0.0
2024-02-08 14:30:00-05:00,16.716800689697266,16.795000076293945,16.639999389648438,16.639999389648438,8771,0.0,0.0
2024-02-08 15:30:00-05:00,16.700000762939453,16.700000762939453,16.670000076293945,16.670000076293945,16076,0.0,0.0
2024-02-09 09:30:00-05:00,16.790000915527344,16.850000381469727,16.709999084472656,16.762399673461914,0,0.0,0.0
2024-02-09 10:30:00-05:00,16.829999923706055,16.829999923706055,16.700000762939453,16.704999923706055,18867,0.0,0.0
2024-02-09 11:30:00-05:00,16.690000534057617,16.7450008392334,16.684999465942383,16.7450008392334,4466,0.0,0.0
2024-02-09 12:30:00-05:00,16.799299240112305,16.799299240112305,16.68000030517578,16.749900817871094,4020,0.0,0.0
2024-02-09 13:30:00-05:00,16.68000030517578,16.75,16.65999984741211,16.69499969482422,13026,0.0,0.0
2024-02-09 14:30:00-05:00,16.69499969482422,16.71179962158203,16.65999984741211,16.71179962158203,2856,0.0,0.0
2024-02-09 15:30:00-05:00,16.729999542236328,16.729999542236328,16.65999984741211,16.670000076293945,9949,0.0,0.0
2024-02-12 09:30:00-05:00,16.719999313354492,16.73699951171875,16.625499725341797,16.68000030517578,18874,0.0,0.0
2024-02-12 10:30:00-05:00,16.639999389648438,16.659900665283203,16.59000015258789,16.59000015258789,5908,0.0,0.0
2024-02-12 11:30:00-05:00,16.600000381469727,16.679800033569336,16.584999084472656,16.649999618530273,15555,0.0,0.0
2024-02-12 12:30:00-05:00,16.6299991607666,16.6299991607666,16.61199951171875,16.628299713134766,1927,0.0,0.0
2024-02-12 13:30:00-05:00,16.6200008392334,16.649900436401367,16.600000381469727,16.6200008392334,12394,0.0,0.0
2024-02-12 14:30:00-05:00,16.6200008392334,16.622699737548828,16.610000610351562,16.61050033569336,5809,0.0,0.0
2024-02-12 15:30:00-05:00,16.628999710083008,16.628999710083008,16.59000015258789,16.59000015258789,7652,0.0,0.0
2024-02-13 09:30:00-05:00,16.540000915527344,16.56999969482422,16.399999618530273,16.424999237060547,9888,0.0,0.0
2024-02-13 10:30:00-05:00,16.399999618530273,16.450000762939453,16.399999618530273,16.43000030517578,4658,0.0,0.0
2024-02-13 11:30:00-05:00,16.43000030517578,16.449899673461914,16.399999618530273,16.40999984741211,3504,0.0,0.0
2024-02-13 12:30:00-05:00,16.420000076293945,16.429899215698242,16.3799991607666,16.3799991607666,5192,0.0,0.0
2024-02-13 13:30:00-05:00,16.3799991607666,16.38010025024414,16.350000381469727,16.350000381469727,1539,0.0,0.0
2024-02-13 14:30:00-05:00,16.360000610351562,16.399999618530273,16.34000015258789,16.385000228881836,9726,0.0,0.0
2024-02-13 15:30:00-05:00,16.40999984741211,16.420000076293945,16.399999618530273,16.405000686645508,0,0.0,0.0
2024-02-14 09:30:00-05:00,16.270000457763672,16.329999923706055,16.270000457763672,16.280000686645508,11456,0.0,0.0
2024-02-14 10:30:00-05:00,16.280000686645508,16.329999923706055,16.209999084472656,16.219999313354492,17036,0.0,0.0
2024-02-14 11:30:00-05:00,16.269899368286133,16.280000686645508,16.252599716186523,16.260000228881836,5888,0.0,0.0
2024-02-14 12:30:00-05:00,16.260000228881836,16.34000015258789,16.229999542236328,16.34000015258789,12324,0.0,0.0
2024-02-14 13:30:00-05:00,16.309999465942383,16.309999465942383,16.29800033569336,16.299999237060547,2789,0.0,0.0
2024-02-14 14:30:00-05:00,16.299999237060547,16.313199996948242,16.219999313354492,16.280000686645508,10115,0.0,0.0
2024-02-14 15:30:00-05:00,16.280000686645508,16.280000686645508,16.229999542236328,16.260000228881836,3597,0.0,0.0
2024-02-15 09:30:00-05:00,16.450000762939453,16.5,16.31999969482422,16.34000015258789,0,0.0,0.0
2024-02-15 10:30:00-05:00,16.312400817871094,16.346399307250977,16.30150032043457,16.30150032043457,2800,0.0,0.0
2024-02-15 11:30:00-05:00,16.307600021362305,16.350000381469727,16.307600021362305,16.31999969482422,2881,0.0,0.0
2024-02-15 12:30:00-05:00,16.34000015258789,16.34000015258789,16.299999237060547,16.31999969482422,6803,0.0,0.0
2024-02-15 13:30:00-05:00,16.311100006103516,16.31999969482422,16.309999465942383,16.315000534057617,5170,0.0,0.0
2024-02-15 14:30:00-05:00,16.31999969482422,16.329999923706055,16.280000686645508,16.309999465942383,15351,0.0,0.0
2024-02-15 15:30:00-05:00,16.319000244140625,16.350000381469727,16.280099868774414,16.350000381469727,0,0.0,0.0
2024-02-16 09:30:00-05:00,16.329999923706055,16.349899291992188,16.257999420166016,16.290000915527344,7280,0.0,0.0
2024-02-16 10:30:00-05:00,16.295000076293945,16.31999969482422,16.190200805664062,16.249500274658203,13729,0.0,0.0
2024-02-16 11:30:00-05:00,16.200000762939453,16.22369956970215,16.190000534057617,16.22369956970215,2886,0.0,0.0
2024-02-16 12:30:00-05:00,16.223400115966797,16.290000915527344,16.219999313354492,16.280000686645508,9257,0.0,0.0
2024-02-16 13:30:00-05:00,16.29960060119629,16.29960060119629,16.2101993560791,16.2101993560791,3546,0.0,0.0
2024-02-16 14:30:00-05:00,16.252099990844727,16.299999237060547,16.252099990844727,16.284000396728516,5572,0.0,0.0
2024-02-16 15:30:00-05:00,16.270000457763672,16.270000457763672,16.209999084472656,16.219999313354492,1981,0.0,0.0
2024-02-20 09:30:00-05:00,16.290000915527344,16.43000030517578,16.200000762939453,16.229999542236328,0,0.0,0.0
2024-02-20 10:30:00-05:00,16.260000228881836,16.275699615478516,16.149999618530273,16.16710090637207,12310,0.0,0.0
2024-02-20 11:30:00-05:00,16.204999923706055,16.280000686645508,16.204999923706055,16.27280044555664,18854,0.0,0.0
2024-02-20 12:30:00-05:00,16.260000228881836,16.27989959716797,16.229999542236328,16.257600784301758,9402,0.0,0.0
2024-02-20 13:30:00-05:00,16.260000228881836,16.27519989013672,16.229999542236328,16.27519989013672,6005,0.0,0.0
2024-02-20 14:30:00-05:00,16.260000228881836,16.260000228881836,16.209999084472656,16.239999771118164,2412,0.0,0.0
2024-02-20 15:30:00-05:00,16.270000457763672,16.299999237060547,16.219999313354492,16.25,11810,0.0,0.0
2024-02-21 09:30:00-05:00,16.3799991607666,16.399999618530273,16.31999969482422,16.379600524902344,0,0.0,0.0
2024-02-21 10:30:00-05:00,16.375099182128906,16.420000076293945,16.3346004486084,16.3346004486084,7864,0.0,0.0
2024-02-21 11:30:00-05:00,16.38330078125,16.440000534057617,16.270000457763672,16.280000686645508,22468,0.0,0.0
2024-02-21 12:30:00-05:00,16.31909942626953,16.389999389648438,16.219999313354492,16.249900817871094,37386,0.0,0.0
2024-02-21 13:30:00-05:00,16.30620002746582,16.344200134277344,16.30459976196289,16.31999969482422,2387,0.0,0.0
2024-02-21 14:30:00-05:00,16.299999237060547,16.299999237060547,16.114999771118164,16.1200008392334,23373,0.0,0.0
2024-02-21 15:30:00-05:00,16.1200008392334,16.239999771118164,16.1200008392334,16.200000762939453,8211,0.0,0.0
2024-02-22 09:30:00-05:00,16.360000610351562,16.440000534057617,16.200000762939453,16.327999114990234,21762,0.0,0.0
2024-02-22 10:30:00-05:00,16.30340003967285,16.420000076293945,16.299999237060547,16.375,10929,0.0,0.0
2024-02-22 11:30:00-05:00,16.412599563598633,16.43000030517578,16.360000610351562,16.3799991607666,5796,0.0,0.0
2024-02-22 12:30:00-05:00,16.374399185180664,16.40999984741211,16.329999923706055,16.329999923706055,9534,0.0,0.0
2024-02-22 13:30:00-05:00,16.32670021057129,16.329999923706055,16.25,16.285400390625,8094,0.0,0.0
2024-02-22 14:30:00-05:00,16.280000686645508,16.295799255371094,16.250099182128906,16.276399612426758,4166,0.0,0.0
2024-02-22 15:30:00-05:00,16.264999389648438,16.280000686645508,16.25,16.25,0,0.0,0.0
2024-02-23 09:30:00-05:00,16.3799991607666,16.399999618530273,16.299999237060547,16.3700008392334,18409,0.0,0.0
2024-02-23 10:30:00-05:00,16.3700008392334,16.389999389648438,16.31999969482422,16.329999923706055,9228,0.0,0.0
2024-02-23 11:30:00-05:00,16.343000411987305,16.358200073242188,16.332700729370117,16.34000015258789,2247,0.0,0.0
2024-02-23 12:30:00-05:00,16.334999084472656,16.350000381469727,16.3302001953125,16.3302001953125,4380,0.0,0.0
2024-02-23 13:30:00-05:00,16.34000015258789,16.34000015258789,16.309999465942383,16.315000534057617,4068,0.0,0.0
2024-02-23 14:30:00-05:00,16.300100326538086,16.30500030517578,16.274999618530273,16.290000915527344,6980,0.0,0.0
2024-02-23 15:30:00-05:00,16.299800872802734,16.329999923706055,16.295000076293945,16.325000762939453,4156,0.0,0.0
2024-02-26 09:30:00-05:00,16.329999923706055,16.329999923706055,16.290000915527344,16.294700622558594,0,0.0,0.0
2024-02-26 10:30:00-05:00,16.350000381469727,16.353599548339844,16.260000228881836,16.299999237060547,9717,0.0,0.0
2024-02-26 11:30:00-05:00,16.299999237060547,16.30500030517578,16.229999542236328,16.25,5662,0.0,0.0
2024-02-26 12:30:00-05:00,16.239999771118164,16.239999771118164,16.219999313354492,16.228700637817383,5671,0.0,0.0
2024-02-26 13:30:00-05:00,16.24690055847168,16.274200439453125,16.22100067138672,16.22100067138672,6794,0.0,0.0
2024-02-26 14:30:00-05:00,16.233200073242188,16.325000762939453,16.225200653076172,16.325000762939453,14899,0.0,0.0
2024-02-26 15:30:00-05:00,16.31999969482422,16.360000610351562,16.31999969482422,16.34000015258789,6498,0.0,0.0
2024-02-27 09:30:00-05:00,16.479999542236328,16.479999542236328,16.354799270629883,16.450000762939453,26194,0.0,0.0
2024-02-27 10:30:00-05:00,16.386999130249023,16.440000534057617,16.33009910583496,16.33009910583496,16108,0.0,0.0
2024-02-27 11:30:00-05:00,16.33009910583496,16.34000015258789,16.079999923706055,16.100000381469727,74986,0.0,0.0
2024-02-27 12:30:00-05:00,16.09000015258789,16.139999389648438,16.059999465942383,16.1200008392334,23830,0.0,0.0
2024-02-27 13:30:00-05:00,16.09000015258789,16.149799346923828,16.09000015258789,16.09000015258789,6529,0.0,0.0
2024-02-27 14:30:00-05:00,16.136699676513672,16.260000228881836,16.13010025024414,16.225000381469727,21658,0.0,0.0
2024-02-27 15:30:00-05:00,16.225000381469727,16.225000381469727,16.1200008392334,16.1200008392334,14723,0.0,0.0
2024-02-28 09:30:00-05:00,16.149999618530273,16.24340057373047,16.149999618530273,16.200000762939453,0,0.0,0.0
2024-02-28 10:30:00-05:00,16.204999923706055,16.204999923706055,16.204999923706055,16.204999923706055,699,0.0,0.0
2024-02-28 11:30:00-05:00,16.200000762939453,16.249900817871094,16.190000534057617,16.200000762939453,6775,0.0,0.0
2024-02-28 12:30:00-05:00,16.21500015258789,16.24970054626465,16.199199676513672,16.19930076599121,3622,0.0,0.0
2024-02-28 13:30:00-05:00,16.18000030517578,16.18000030517578,16.07990074157715,16.110000610351562,14975,0.0,0.0
2024-02-28 14:30:00-05:00,16.104999542236328,16.110000610351562,16.03499984741211,16.06999969482422,13894,0.0,0.0
2024-02-28 15:30:00-05:00,16.079999923706055,16.079999923706055,16.049999237060547,16.059999465942383,4929,0.0,0.0
2024-02-29 09:30:00-05:00,16.139999389648438,16.188499450683594,16.08009910583496,16.170000076293945,36435,0.0,0.0
2024-02-29 10:30:00-05:00,16.159900665283203,16.164400100708008,16.100000381469727,16.100099563598633,5308,0.0,0.0
2024-02-29 11:30:00-05:00,16.110000610351562,16.1299991607666,16.100000381469727,16.100099563598633,7692,0.0,0.0
2024-02-29 12:30:00-05:00,16.1299991607666,16.15999984741211,16.09000015258789,16.139999389648438,9830,0.0,0.0
2024-02-29 13:30:00-05:00,16.1299991607666,16.15049934387207,16.1299991607666,16.145000457763672,3247,0.0,0.0
2024-02-29 14:30:00-05:00,16.1299991607666,16.149999618530273,16.100000381469727,16.149900436401367,7051,0.0,0.0
2024-02-29 15:30:00-05:00,16.135000228881836,16.170000076293945,16.1299991607666,16.139999389648438,16191,0.0,0.0
2024-03-01 09:30:00-05:00,16.1200008392334,16.149999618530273,16.09000015258789,16.100000381469727,0,0.0,0.0
2024-03-01 10:30:00-05:00,16.1200008392334,16.25,16.1200008392334,16.239999771118164,11300,0.0,0.0
2024-03-01 11:30:00-05:00,16.25,16.280000686645508,16.200000762939453,16.239999771118164,7214,0.0,0.0
2024-03-01 12:30:00-05:00,16.259899139404297,16.259899139404297,16.202199935913086,16.210100173950195,12185,0.0,0.0
2024-03-01 13:30:00-05:00,16.239999771118164,16.25,16.219999313354492,16.246000289916992,5898,0.0,0.0
2024-03-01 14:30:00-05:00,16.239999771118164,16.25,16.229999542236328,16.235000610351562,6104,0.0,0.0
2024-03-01 15:30:00-05:00,16.230300903320312,16.25,16.219999313354492,16.25,1757,0.0,0.0
2024-03-04 09:30:00-05:00,16.260000228881836,16.260000228881836,16.18000030517578,16.239999771118164,17107,0.0,0.0
2024-03-04 10:30:00-05:00,16.22559928894043,16.299999237060547,16.219999313354492,16.289899826049805,12436,0.0,0.0
2024-03-04 11:30:00-05:00,16.299299240112305,16.325700759887695,16.290000915527344,16.290000915527344,9641,0.0,0.0
2024-03-04 12:30:00-05:00,16.293100357055664,16.3799991607666,16.290000915527344,16.350000381469727,9525,0.0,0.0
2024-03-04 13:30:00-05:00,16.329999923706055,16.399999618530273,16.329999923706055,16.375,13640,0.0,0.0
2024-03-04 14:30:00-05:00,16.375,16.399999618530273,16.329999923706055,16.3887996673584,10512,0.0,0.0
2024-03-04 15:30:00-05:00,16.393299102783203,16.43000030517578,16.3799991607666,16.420000076293945,7358,0.0,0.0
2024-03-05 09:30:00-05:00,16.469999313354492,16.469999313354492,16.34000015258789,16.360000610351562,14531,0.0,0.0
2024-03-05 10:30:00-05:00,16.3799991607666,16.489999771118164,16.360000610351562,16.469999313354492,22569,0.0,0.0
2024-03-05 11:30:00-05:00,16.440000534057617,16.579999923706055,16.403799057006836,16.489999771118164,39487,0.0,0.0
2024-03-05 12:30:00-05:00,16.516199111938477,16.516199111938477,16.440000534057617,16.5,6325,0.0,0.0
2024-03-05 13:30:00-05:00,16.5,16.559999465942383,16.5,16.554500579833984,14741,0.0,0.0
2024-03-05 14:30:00-05:00,16.549999237060547,16.549999237060547,16.5,16.5,17137,0.0,0.0
2024-03-05 15:30:00-05:00,16.540599822998047,16.56999969482422,16.5,16.540000915527344,7568,0.0,0.0
2024-03-06 09:30:00-05:00,16.520000457763672,16.549999237060547,16.5,16.549999237060547,14885,0.0,0.0
2024-03-06 10:30:00-05:00,16.549999237060547,16.645299911499023,16.545000076293945,16.579999923706055,9226,0.0,0.0
2024-03-06 11:30:00-05:00,16.59040069580078,16.6200008392334,16.59040069580078,16.600000381469727,7542,0.0,0.0
2024-03-06 12:30:00-05:00,16.6200008392334,16.780000686645508,16.6200008392334,16.780000686645508,18563,0.0,0.0
2024-03-06 13:30:00-05:00,16.834999084472656,16.8700008392334,16.809600830078125,16.834999084472656,6252,0.0,0.0
2024-03-06 14:30:00-05:00,16.834999084472656,16.969999313354492,16.834999084472656,16.939800262451172,16621,0.0,0.0
2024-03-06 15:30:00-05:00,16.959999084472656,16.969999313354492,16.799999237060547,16.81999969482422,3961,0.0,0.0
2024-03-07 09:30:00-05:00,16.8700008392334,16.899999618530273,16.82080078125,16.895000457763672,6513,0.0,0.0
2024-03-07 10:30:00-05:00,16.895000457763672,16.895000457763672,16.850000381469727,16.8700008392334,9572,0.0,0.0
2024-03-07 11:30:00-05:00,16.8700008392334,16.879100799560547,16.864999771118164,16.864999771118164,2402,0.0,0.0
2024-03-07 12:30:00-05:00,16.8700008392334,16.91830062866211,16.860000610351562,16.915000915527344,9343,0.0,0.0
2024-03-07 13:30:00-05:00,16.91659927368164,16.9242000579834,16.860000610351562,16.860000610351562,8170,0.0,0.0
2024-03-07 14:30:00-05:00,16.860000610351562,16.887500762939453,16.860000610351562,16.860000610351562,8691,0.0,0.0
2024-03-07 15:30:00-05:00,16.860200881958008,16.8799991607666,16.84000015258789,16.8799991607666,11153,0.0,0.0
2024-03-08 09:30:00-05:00,16.969999313354492,16.969999313354492,16.860000610351562,16.8799991607666,20588,0.0,0.0
2024-03-08 10:30:00-05:00,16.899999618530273,16.989999771118164,16.860000610351562,16.860000610351562,17618,0.0,0.0
2024-03-08 11:30:00-05:00,16.854999542236328,16.8700008392334,16.739999771118164,16.8700008392334,16614,0.0,0.0
2024-03-08 12:30:00-05:00,16.874000549316406,16.905500411987305,16.856700897216797,16.905500411987305,6675,0.0,0.0
2024-03-08 13:30:00-05:00,16.90570068359375,16.90570068359375,16.8700008392334,16.882999420166016,4852,0.0,0.0
2024-03-08 14:30:00-05:00,16.883100509643555,16.950000762939453,16.879100799560547,16.905000686645508,11325,0.0,0.0
2024-03-08 15:30:00-05:00,16.905000686645508,16.940000534057617,16.8700008392334,16.940000534057617,8310,0.0,0.0
2024-03-11 09:30:00-04:00,16.950000762939453,16.950000762939453,16.75,16.850000381469727,0,0.0,0.0
2024-03-11 10:30:00-04:00,16.882099151611328,16.899999618530273,16.780000686645508,16.8700008392334,9080,0.0,0.0
2024-03-11 11:30:00-04:00,16.868999481201172,16.912799835205078,16.850000381469727,16.90999984741211,10240,0.0,0.0
2024-03-11 12:30:00-04:00,16.929500579833984,16.939300537109375,16.8700008392334,16.8700008392334,3860,0.0,0.0
2024-03-11 13:30:00-04:00,16.850000381469727,16.899599075317383,16.81999969482422,16.81999969482422,5472,0.0,0.0
2024-03-11 14:30:00-04:00,16.81999969482422,16.889999389648438,16.790000915527344,16.85569953918457,21115,0.0,0.0
2024-03-11 15:30:00-04:00,16.854999542236328,16.889999389648438,16.83530044555664,16.889999389648438,3722,0.0,0.0
2024-03-12 09:30:00-04:00,16.850000381469727,16.850000381469727,16.740100860595703,16.832799911499023,0,0.0,0.0
2024-03-12 10:30:00-04:00,16.84000015258789,16.90999984741211,16.84000015258789,16.8799991607666,7304,0.0,0.0
2024-03-12 11:30:00-04:00,16.854000091552734,16.899999618530273,16.809999465942383,16.8966007232666,3514,0.0,0.0
2024-03-12 12:30:00-04:00,16.907400131225586,16.950000762939453,16.8799991607666,16.940000534057617,23260,0.0,0.0
2024-03-12 13:30:00-04:00,16.950000762939453,16.969999313354492,16.890100479125977,16.950000762939453,4745,0.0,0.0
2024-03-12 14:30:00-04:00,16.950000762939453,17.139999389648438,16.927600860595703,17.100000381469727,28847,0.0,0.0
2024-03-12 15:30:00-04:00,17.100000381469727,17.139999389648438,17.049999237060547,17.139999389648438,9099,0.0,0.0
2024-03-13 09:30:00-04:00,17.030000686645508,17.079999923706055,16.94099998474121,17.040000915527344,9090,0.0,0.0
2024-03-13 10:30:00-04:00,17.01289939880371,17.01289939880371,16.934099197387695,17.0,17258,0.0,0.0
2024-03-13 11:30:00-04:00,16.9950008392334,17.0,16.979999542236328,16.989999771118164,19156,0.0,0.0
2024-03-13 12:30:00-04:00,16.999900817871094,17.0,16.989999771118164,16.989999771118164,2783,0.0,0.0
2024-03-13 13:30:00-04:00,16.9950008392334,17.0,16.969999313354492,16.969999313354492,3366,0.0,0.0
2024-03-13 14:30:00-04:00,16.989999771118164,16.989999771118164,16.940000534057617,16.969900131225586,6230,0.0,0.0
2024-03-13 15:30:00-04:00,16.959199905395508,17.0,16.959199905395508,17.0,7850,0.0,0.0
2024-03-14 09:30:00-04:00,16.8799991607666,16.8799991607666,16.709999084472656,16.760000228881836,14697,0.0,0.0
2024-03-14 10:30:00-04:00,16.790000915527344,16.799999237060547,16.71540069580078,16.76740074157715,4723,0.0,0.0
2024-03-14 11:30:00-04:00,16.778200149536133,16.778200149536133,16.709999084472656,16.74250030517578,10716,0.0,0.0
2024-03-14 12:30:00-04:00,16.7450008392334,16.75,16.719999313354492,16.719999313354492,4320,0.0,0.0
2024-03-14 13:30:00-04:00,16.735000610351562,16.75,16.719999313354492,16.735000610351562,1308,0.0,0.0
2024-03-14 14:30:00-04:00,16.719999313354492,16.739999771118164,16.68000030517578,16.700000762939453,11456,0.0,0.0
2024-03-14 15:30:00-04:00,16.719999313354492,16.75,16.700000762939453,16.75,7469,0.0,0.0
2024-03-15 09:30:00-04:00,16.75,16.75,16.700000762939453,16.749900817871094,0,0.0,0.0
2024-03-15 10:30:00-04:00,16.707500457763672,16.729999542236328,16.68000030517578,16.709999084472656,10861,0.0,0.0
2024-03-15 11:30:00-04:00,16.71500015258789,16.719999313354492,16.68000030517578,16.700000762939453,5629,0.0,0.0
2024-03-15 12:30:00-04:00,16.700000762939453,16.700000762939453,16.649999618530273,16.65760040283203,3250,0.0,0.0
2024-03-15 13:30:00-04:00,16.655000686645508,16.655000686645508,16.600000381469727,16.600000381469727,7036,0.0,0.0
2024-03-15 14:30:00-04:00,16.600000381469727,16.639999389648438,16.600000381469727,16.610000610351562,5687,0.0,0.0
2024-03-15 15:30:00-04:00,16.610000610351562,16.639999389648438,16.600000381469727,16.600000381469727,5013,0.0,0.0
2024-03-18 09:30:00-04:00,16.700000762939453,16.739900588989258,16.540000915527344,16.649999618530273,6040,0.0,0.0
2024-03-18 10:30:00-04:00,16.644800186157227,16.644800186157227,16.6200008392334,16.6200008392334,1137,0.0,0.0
2024-03-18 11:30:00-04:00,16.539100646972656,16.610000610351562,16.530000686645508,16.58989906311035,10740,0.0,0.0
2024-03-18 12:30:00-04:00,16.587799072265625,16.587799072265625,16.520000457763672,16.520000457763672,6740,0.0,0.0
2024-03-18 13:30:00-04:00,16.57309913635254,16.57309913635254,16.459999084472656,16.459999084472656,7100,0.0,0.0
2024-03-18 14:30:00-04:00,16.450000762939453,16.45669937133789,16.389999389648438,16.389999389648438,4091,0.0,0.0
2024-03-18 15:30:00-04:00,16.389999389648438,16.41710090637207,16.33099937438965,16.350000381469727,0,0.0,0.0
2024-03-19 09:30:00-04:00,16.43000030517578,16.464099884033203,16.399999618530273,16.399999618530273,4966,0.0,0.0
2024-03-19 10:30:00-04:00,16.424999237060547,16.424999237060547,16.40999984741211,16.420000076293945,3125,0.0,0.0
2024-03-19 11:30:00-04:00,16.415000915527344,16.420000076293945,16.399999618530273,16.399999618530273,2634,0.0,0.0
2024-03-19 12:30:00-04:00,16.399999618530273,16.41710090637207,16.350000381469727,16.350000381469727,3621,0.0,0.0
2024-03-19 13:30:00-04:00,16.3799991607666,16.420000076293945,16.360000610351562,16.3700008392334,18593,0.0,0.0
2024-03-19 14:30:00-04:00,16.40999984741211,16.5,16.399999618530273,16.5,16209,0.0,0.0
2024-03-19 15:30:00-04:00,16.5,16.5,16.440000534057617,16.459999084472656,8980,0.0,0.0
2024-03-20 09:30:00-04:00,16.579999923706055,16.579999923706055,16.479999542236328,16.489999771118164,0,0.0,0.0
2024-03-20 10:30:00-04:00,16.474899291992188,16.5,16.469999313354492,16.499300003051758,1922,0.0,0.0
2024-03-20 11:30:00-04:00,16.486000061035156,16.5,16.486000061035156,16.493200302124023,4567,0.0,0.0
2024-03-20 12:30:00-04:00,16.47010040283203,16.487199783325195,16.47010040283203,16.485000610351562,2882,0.0,0.0
2024-03-20 13:30:00-04:00,16.48069953918457,16.485000610351562,16.440000534057617,16.440399169921875,3428,0.0,0.0
2024-03-20 14:30:00-04:00,16.459999084472656,16.479999542236328,16.399999618530273,16.469999313354492,7607,0.0,0.0
2024-03-20 15:30:00-04:00,16.479999542236328,16.489500045776367,16.420000076293945,16.420000076293945,10052,0.0,0.0
2024-03-21 09:30:00-04:00,16.469999313354492,16.5,16.45989990234375,16.45989990234375,0,0.0,0.0
2024-03-21 10:30:00-04:00,16.440000534057617,16.479999542236328,16.420000076293945,16.450000762939453,15739,0.0,0.0
2024-03-21 11:30:00-04:00,16.450000762939453,16.5,16.43560028076172,16.485000610351562,12749,0.0,0.0
2024-03-21 12:30:00-04:00,16.479999542236328,16.5,16.479999542236328,16.479999542236328,4315,0.0,0.0
2024-03-21 13:30:00-04:00,16.47260093688965,16.5,16.455400466918945,16.455400466918945,8176,0.0,0.0
2024-03-21 14:30:00-04:00,16.475000381469727,16.5,16.459999084472656,16.5,10021,0.0,0.0
2024-03-21 15:30:00-04:00,16.5,16.5,16.469999313354492,16.479999542236328,5491,0.0,0.0
2024-03-22 09:30:00-04:00,16.649999618530273,16.709800720214844,16.56999969482422,16.600000381469727,0,0.0,0.0
2024-03-22 10:30:00-04:00,16.600000381469727,16.610000610351562,16.510000228881836,16.510000228881836,2823,0.0,0.0
2024-03-22 11:30:00-04:00,16.530000686645508,16.538700103759766,16.51449966430664,16.538700103759766,2205,0.0,0.0
2024-03-22 12:30:00-04:00,16.540000915527344,16.549999237060547,16.450000762939453,16.534400939941406,27810,0.0,0.0
2024-03-22 13:30:00-04:00,16.53890037536621,16.53890037536621,16.489999771118164,16.5,1618,0.0,0.0
2024-03-22 14:30:00-04:00,16.509899139404297,16.509899139404297,16.450000762939453,16.46500015258789,16415,0.0,0.0
2024-03-22 15:30:00-04:00,16.470699310302734,16.470699310302734,16.420000076293945,16.420000076293945,3100,0.0,0.0
2024-03-25 09:30:00-04:00,16.520000457763672,16.520000457763672,16.43000030517578,16.451099395751953,0,0.0,0.0
2024-03-25 10:30:00-04:00,16.479999542236328,16.5,16.459999084472656,16.479999542236328,7854,0.0,0.0
2024-03-25 11:30:00-04:00,16.496999740600586,16.496999740600586,16.469999313354492,16.469999313354492,12858,0.0,0.0
2024-03-25 12:30:00-04:00,16.459999084472656,16.462900161743164,16.420000076293945,16.43000030517578,5437,0.0,0.0
2024-03-25 13:30:00-04:00,16.423500061035156,16.454999923706055,16.423500061035156,16.43000030517578,3248,0.0,0.0
2024-03-25 14:30:00-04:00,16.445600509643555,16.445600509643555,16.40999984741211,16.40999984741211,3045,0.0,0.0
2024-03-25 15:30:00-04:00,16.399999618530273,16.40999984741211,16.399999618530273,16.40999984741211,1684,0.0,0.0
2024-03-26 09:30:00-04:00,16.40999984741211,16.440000534057617,16.389999389648438,16.399999618530273,0,0.0,0.0
2024-03-26 10:30:00-04:00,16.389999389648438,16.390300750732422,16.34000015258789,16.3700008392334,9902,0.0,0.0
2024-03-26 11:30:00-04:00,16.389999389648438,16.41659927368164,16.385000228881836,16.399999618530273,8296,0.0,0.0
2024-03-26 12:30:00-04:00,16.399999618530273,16.429800033569336,16.399999618530273,16.429800033569336,15794,0.0,0.0
2024-03-26 13:30:00-04:00,16.438199996948242,16.450000762939453,16.38010025024414,16.434999465942383,16136,0.0,0.0
2024-03-26 14:30:00-04:00,16.450000762939453,16.4783992767334,16.4237003326416,16.4237003326416,19098,0.0,0.0
2024-03-26 15:30:00-04:00,16.399999618530273,16.420000076293945,16.3700008392334,16.420000076293945,7591,0.0,0.0
2024-03-27 09:30:00-04:00,16.479999542236328,16.499900817871094,16.450000762939453,16.450000762939453,0,0.0,0.0
2024-03-27 10:30:00-04:00,16.466100692749023,16.466100692749023,16.420000076293945,16.450000762939453,10474,0.0,0.0
2024-03-27 11:30:00-04:00,16.41510009765625,16.45949935913086,16.41510009765625,16.450000762939453,3326,0.0,0.0
2024-03-27 12:30:00-04:00,16.434999465942383,16.449800491333008,16.389999389648438,16.40999984741211,10800,0.0,0.0
2024-03-27 13:30:00-04:00,16.426300048828125,16.42930030822754,16.399999618530273,16.399999618530273,1482,0.0,0.0
2024-03-27 14:30:00-04:00,16.380699157714844,16.389999389648438,16.350000381469727,16.385000228881836,17955,0.0,0.0
2024-03-27 15:30:00-04:00,16.380699157714844,16.43000030517578,16.3799991607666,16.399999618530273,4116,0.0,0.0
2024-03-28 09:30:00-04:00,16.5,16.569299697875977,16.403499603271484,16.469999313354492,0,0.0,0.0
2024-03-28 10:30:00-04:00,16.469999313354492,16.469999313354492,16.40999984741211,16.40999984741211,7140,0.0,0.0
2024-03-28 11:30:00-04:00,16.417999267578125,16.420000076293945,16.350900650024414,16.350900650024414,7911,0.0,0.0
2024-03-28 12:30:00-04:00,16.350000381469727,16.359899520874023,16.260000228881836,16.290000915527344,21584,0.0,0.0
2024-03-28 13:30:00-04:00,16.270000457763672,16.299999237060547,16.219999313354492,16.290000915527344,20111,0.0,0.0
2024-03-28 14:30:00-04:00,16.290000915527344,16.299999237060547,16.280000686645508,16.299999237060547,11036,0.0,0.0
2024-03-28 15:30:00-04:00,16.284700393676758,16.299999237060547,16.260000228881836,16.260000228881836,16992,0.0,0.0
2024-04-01 09:30:00-04:00,16.25,16.25,16.031999588012695,16.073999404907227,28040,0.0,0.0
2024-04-01 10:30:00-04:00,16.065000534057617,16.139999389648438,16.065000534057617,16.100000381469727,8406,0.0,0.0
2024-04-01 11:30:00-04:00,16.09000015258789,16.11989974975586,16.06999969482422,16.079999923706055,3233,0.0,0.0
2024-04-01 12:30:00-04:00,16.084999084472656,16.096799850463867,16.049999237060547,16.06999969482422,13280,0.0,0.0
2024-04-01 13:30:00-04:00,16.06999969482422,16.06999969482422,16.049999237060547,16.049999237060547,3088,0.0,0.0
2024-04-01 14:30:00-04:00,16.059999465942383,16.06999969482422,16.049999237060547,16.049999237060547,1404,0.0,0.0
2024-04-01 15:30:00-04:00,16.040000915527344,16.079999923706055,16.040000915527344,16.050100326538086,7024,0.0,0.0
2024-04-02 09:30:00-04:00,16.059999465942383,16.09000015258789,16.010000228881836,16.079999923706055,17603,0.0,0.0
2024-04-02 10:30:00-04:00,16.08180046081543,16.110000610351562,16.08180046081543,16.100000381469727,16002,0.0,0.0
2024-04-02 11:30:00-04:00,16.099300384521484,16.118499755859375,16.099300384521484,16.100000381469727,3933,0.0,0.0
2024-04-02 12:30:00-04:00,16.05419921875,16.1299991607666,16.05419921875,16.1200008392334,7360,0.0,0.0
2024-04-02 13:30:00-04:00,16.1299991607666,16.1299991607666,16.093700408935547,16.1200008392334,8302,0.0,0.0
2024-04-02 14:30:00-04:00,16.1299991607666,16.170000076293945,16.1299991607666,16.15999984741211,10968,0.0,0.0
2024-04-02 15:30:00-04:00,16.165000915527344,16.209999084472656,16.165000915527344,16.209999084472656,8479,0.0,0.0
2024-04-03 09:30:00-04:00,16.209999084472656,16.209999084472656,16.06999969482422,16.13599967956543,0,0.0,0.0
2024-04-03 10:30:00-04:00,16.151599884033203,16.155000686645508,16.100000381469727,16.125,2697,0.0,0.0
2024-04-03 11:30:00-04:00,16.113300323486328,16.159900665283203,16.100000381469727,16.159900665283203,8586,0.0,0.0
2024-04-03 12:30:00-04:00,16.139999389648438,16.165000915527344,16.116100311279297,16.12420082092285,7134,0.0,0.0
2024-04-03 13:30:00-04:00,16.1299991607666,16.149900436401367,16.110000610351562,16.1200008392334,5605,0.0,0.0
2024-04-03 14:30:00-04:00,16.110000610351562,16.149999618530273,16.110000610351562,16.139999389648438,17332,0.0,0.0
2024-04-03 15:30:00-04:00,16.139999389648438,16.149999618530273,16.1299991607666,16.1299991607666,1427,0.0,0.0
2024-04-04 09:30:00-04:00,16.190000534057617,16.299999237060547,16.190000534057617,16.274999618530273,0,0.0,0.0
2024-04-04 10:30:00-04:00,16.280000686645508,16.31999969482422,16.264999389648438,16.299999237060547,9245,0.0,0.0
2024-04-04 11:30:00-04:00,16.309999465942383,16.309999465942383,16.260000228881836,16.260000228881836,3609,0.0,0.0
2024-04-04 12:30:00-04:00,16.270000457763672,16.304399490356445,16.25,16.304399490356445,5399,0.0,0.0
2024-04-04 13:30:00-04:00,16.270099639892578,16.329999923706055,16.270099639892578,16.329999923706055,3456,0.0,0.0
2024-04-04 14:30:00-04:00,16.290000915527344,16.290000915527344,16.25,16.250200271606445,4437,0.0,0.0
2024-04-04 15:30:00-04:00,16.277999877929688,16.329999923706055,16.277999877929688,16.329999923706055,2861,0.0,0.0
2024-04-05 09:30:00-04:00,16.299999237060547,16.299999237060547,16.229999542236328,16.25,0,0.0,0.0
2024-04-05 10:30:00-04:00,16.25,16.309999465942383,16.239999771118164,16.25,25205,0.0,0.0
2024-04-05 11:30:00-04:00,16.239999771118164,16.25,16.239999771118164,16.239999771118164,1362,0.0,0.0
2024-04-05 12:30:00-04:00,16.260000228881836,16.260000228881836,16.229999542236328,16.240299224853516,2513,0.0,0.0
2024-04-05 13:30:00-04:00,16.260000228881836,16.260000228881836,16.219999313354492,16.219999313354492,2775,0.0,0.0
2024-04-05 14:30:00-04:00,16.2450008392334,16.25,16.229999542236328,16.24970054626465,3385,0.0,0.0
2024-04-05 15:30:00-04:00,16.260000228881836,16.290000915527344,16.239999771118164,16.290000915527344,1474,0.0,0.0
2024-04-08 09:30:00-04:00,16.25,16.350000381469727,16.25,16.34000015258789,0,0.0,0.0
2024-04-08 10:30:00-04:00,16.309999465942383,16.309999465942383,16.25,16.2549991607666,9197,0.0,0.0
2024-04-08 11:30:00-04:00,16.240999221801758,16.264999389648438,16.210100173950195,16.210100173950195,7003,0.0,0.0
2024-04-08 12:30:00-04:00,16.235000610351562,16.260000228881836,16.235000610351562,16.235000610351562,2563,0.0,0.0
2024-04-08 13:30:00-04:00,16.239999771118164,16.239999771118164,16.239999771118164,16.239999771118164,750,0.0,0.0
2024-04-08 14:30:00-04:00,16.229999542236328,16.231700897216797,16.190000534057617,16.204999923706055,9882,0.0,0.0
2024-04-08 15:30:00-04:00,16.209999084472656,16.239999771118164,16.18000030517578,16.18000030517578,0,0.0,0.0
2024-04-09 09:30:00-04:00,16.190000534057617,16.25,16.139999389648438,16.149999618530273,16910,0.0,0.0
2024-04-09 10:30:00-04:00,16.15999984741211,16.2091007232666,16.139999389648438,16.15999984741211,5386,0.0,0.0
2024-04-09 11:30:00-04:00,16.170700073242188,16.204999923706055,16.170000076293945,16.200000762939453,3603,0.0,0.0
2024-04-09 12:30:00-04:00,16.200000762939453,16.239599227905273,16.200000762939453,16.204999923706055,10908,0.0,0.0
2024-04-09 13:30:00-04:00,16.170000076293945,16.213199615478516,16.139999389648438,16.149999618530273,7462,0.0,0.0
2024-04-09 14:30:00-04:00,16.139999389648438,16.170000076293945,16.110000610351562,16.135000228881836,4924,0.0,0.0
2024-04-09 15:30:00-04:00,16.135000228881836,16.15999984741211,16.110000610351562,16.149999618530273,4362,0.0,0.0
2024-04-10 09:30:00-04:00,16.100000381469727,16.25,16.050100326538086,16.139999389648438,22062,0.0,0.0
2024-04-10 10:30:00-04:00,16.1200008392334,16.139999389648438,16.079999923706055,16.09000015258789,15995,0.0,0.0
2024-04-10 11:30:00-04:00,16.079999923706055,16.079999923706055,16.010000228881836,16.040000915527344,17075,0.0,0.0
2024-04-10 12:30:00-04:00,16.034900665283203,16.04990005493164,16.0,16.040000915527344,7202,0.0,0.0
2024-04-10 13:30:00-04:00,16.040000915527344,16.124099731445312,16.040000915527344,16.124099731445312,2319,0.0,0.0
2024-04-10 14:30:00-04:00,16.079999923706055,16.200000762939453,16.075000762939453,16.1200008392334,15956,0.0,0.0
2024-04-10 15:30:00-04:00,16.1200008392334,16.239999771118164,16.110000610351562,16.239999771118164,8069,0.0,0.0
2024-04-11 09:30:00-04:00,16.139999389648438,16.15999984741211,16.030000686645508,16.030000686645508,0,0.0,0.0
2024-04-11 10:30:00-04:00,16.020000457763672,16.040000915527344,15.970000267028809,16.0,16495,0.0,0.0
2024-04-11 11:30:00-04:00,16.0,16.020000457763672,15.989999771118164,16.020000457763672,7286,0.0,0.0
2024-04-11 12:30:00-04:00,16.020000457763672,16.079999923706055,16.020000457763672,16.079999923706055,4878,0.0,0.0
2024-04-11 13:30:00-04:00,16.06999969482422,16.209999084472656,16.040000915527344,16.200000762939453,11958,0.0,0.0
2024-04-11 14:30:00-04:00,16.200000762939453,16.229999542236328,16.170000076293945,16.170000076293945,6785,0.0,0.0
2024-04-11 15:30:00-04:00,16.15999984741211,16.19260025024414,16.100000381469727,16.110000610351562,11210,0.0,0.0
2024-04-12 09:30:00-04:00,16.100000381469727,16.149799346923828,16.06999969482422,16.100000381469727,0,0.0,0.0
2024-04-12 10:30:00-04:00,16.084999084472656,16.100000381469727,16.020000457763672,16.020000457763672,6542,0.0,0.0
2024-04-12 11:30:00-04:00,15.979999542236328,16.020000457763672,15.95009994506836,16.0049991607666,4811,0.0,0.0
2024-04-12 12:30:00-04:00,16.010000228881836,16.010000228881836,15.960000038146973,15.960000038146973,2133,0.0,0.0
2024-04-12 13:30:00-04:00,15.960000038146973,15.960000038146973,15.770000457763672,15.778499603271484,14396,0.0,0.0
2024-04-12 14:30:00-04:00,15.770000457763672,15.829899787902832,15.770000457763672,15.779999732971191,11468,0.0,0.0
2024-04-12 15:30:00-04:00,15.779999732971191,15.819999694824219,15.779999732971191,15.789999961853027,7089,0.0,0.0
2024-04-15 09:30:00-04:00,15.890000343322754,15.890000343322754,15.819999694824219,15.819999694824219,4195,0.0,0.0
2024-04-15 10:30:00-04:00,15.770000457763672,15.805000305175781,15.770000457763672,15.797100067138672,948,0.0,0.0
2024-04-15 11:30:00-04:00,15.779999732971191,15.86400032043457,15.770000457763672,15.83430004119873,9819,0.0,0.0
2024-04-15 12:30:00-04:00,15.789999961853027,15.789999961853027,15.630000114440918,15.649999618530273,13969,0.0,0.0
2024-04-15 13:30:00-04:00,15.670000076293945,15.729999542236328,15.670000076293945,15.690600395202637,5558,0.0,0.0
2024-04-15 14:30:00-04:00,15.690099716186523,15.743800163269043,15.6899995803833,15.690099716186523,9412,0.0,0.0
2024-04-15 15:30:00-04:00,15.691200256347656,15.760000228881836,15.6899995803833,15.729999542236328,5796,0.0,0.0
2024-04-16 09:30:00-04:00,15.699999809265137,15.75,15.650099754333496,15.75,5336,0.0,0.0
2024-04-16 10:30:00-04:00,15.725000381469727,15.742199897766113,15.670000076293945,15.670000076293945,3115,0.0,0.0
2024-04-16 11:30:00-04:00,15.670100212097168,15.680100440979004,15.670100212097168,15.680100440979004,2007,0.0,0.0
2024-04-16 12:30:00-04:00,15.699999809265137,15.699999809265137,15.630000114440918,15.634499549865723,24782,0.0,0.0
2024-04-16 13:30:00-04:00,15.619999885559082,15.7052001953125,15.609999656677246,15.6850004196167,21492,0.0,0.0
2024-04-16 14:30:00-04:00,15.723999977111816,15.729999542236328,15.661199569702148,15.675100326538086,11295,0.0,0.0
2024-04-16 15:30:00-04:00,15.662099838256836,15.759900093078613,15.65999984741211,15.699999809265137,24076,0.0,0.0
2024-04-17 09:30:00-04:00,15.8100004196167,15.954999923706055,15.741299629211426,15.741299629211426,0,0.0,0.0
2024-04-17 10:30:00-04:00,15.782299995422363,15.782299995422363,15.737700462341309,15.779899597167969,3257,0.0,0.0
2024-04-17 11:30:00-04:00,15.805000305175781,15.819999694824219,15.770099639892578,15.7878999710083,3765,0.0,0.0
2024-04-17 12:30:00-04:00,15.795000076293945,15.819999694824219,15.74120044708252,15.75,10929,0.0,0.0
2024-04-17 13:30:00-04:00,15.765000343322754,15.779999732971191,15.75,15.770000457763672,4803,0.0,0.0
2024-04-17 14:30:00-04:00,15.770000457763672,15.8100004196167,15.734299659729004,15.789999961853027,4255,0.0,0.0
2024-04-17 15:30:00-04:00,15.789999961853027,15.81350040435791,15.710000038146973,15.710000038146973,0,0.0,0.0
2024-04-18 09:30:00-04:00,15.739999771118164,15.928099632263184,15.739999771118164,15.928099632263184,2911,0.0,0.0
2024-04-18 10:30:00-04:00,15.845000267028809,15.867300033569336,15.84000015258789,15.84000015258789,1352,0.0,0.0
2024-04-18 11:30:00-04:00,15.85990047454834,15.85990047454834,15.800000190734863,15.800000190734863,1590,0.0,0.0
2024-04-18 12:30:00-04:00,15.8100004196167,15.8100004196167,15.710100173950195,15.789999961853027,4818,0.0,0.0
2024-04-18 13:30:00-04:00,15.765000343322754,15.800000190734863,15.765000343322754,15.800000190734863,3093,0.0,0.0
2024-04-18 14:30:00-04:00,15.747200012207031,15.8100004196167,15.739999771118164,15.8100004196167,3950,0.0,0.0
2024-04-18 15:30:00-04:00,15.800000190734863,15.8100004196167,15.75,15.760000228881836,3382,0.0,0.0
2024-04-19 09:30:00-04:00,15.890000343322754,15.890000343322754,15.762399673461914,15.810099601745605,0,0.0,0.0
2024-04-19 10:30:00-04:00,15.800000190734863,15.869999885559082,15.766200065612793,15.824000358581543,1565,0.0,0.0
2024-04-19 11:30:00-04:00,15.795000076293945,15.795000076293945,15.753100395202637,15.753100395202637,2625,0.0,0.0
2024-04-19 12:30:00-04:00,15.754799842834473,15.754799842834473,15.699999809265137,15.699999809265137,3987,0.0,0.0
2024-04-19 13:30:00-04:00,15.720000267028809,15.73289966583252,15.699999809265137,15.720000267028809,967,0.0,0.0
2024-04-19 14:30:00-04:00,15.699999809265137,15.720000267028809,15.699999809265137,15.699999809265137,1950,0.0,0.0
2024-04-19 15:30:00-04:00,15.699999809265137,15.720000267028809,15.680000305175781,15.680000305175781,2449,0.0,0.0
2024-04-22 09:30:00-04:00,15.75,15.849900245666504,15.75,15.849900245666504,1367,0.0,0.0
2024-04-22 10:30:00-04:00,15.74779987335205,15.83329963684082,15.739999771118164,15.814000129699707,5073,0.0,0.0
2024-04-22 11:30:00-04:00,15.83810043334961,15.840800285339355,15.73009967803955,15.73009967803955,2779,0.0,0.0
2024-04-22 12:30:00-04:00,15.761099815368652,15.84939956665039,15.680000305175781,15.710000038146973,5298,0.0,0.0
2024-04-22 13:30:00-04:00,15.699999809265137,15.710000038146973,15.65999984741211,15.680000305175781,5497,0.0,0.0
2024-04-22 14:30:00-04:00,15.680000305175781,15.699999809265137,15.680000305175781,15.699999809265137,2344,0.0,0.0
2024-04-22 15:30:00-04:00,15.699999809265137,15.699999809265137,15.699899673461914,15.699899673461914,700,0.0,0.0
2024-04-23 09:30:00-04:00,15.699999809265137,15.789999961853027,15.65999984741211,15.729999542236328,0,0.0,0.0
2024-04-23 10:30:00-04:00,15.779999732971191,15.789999961853027,15.720000267028809,15.721400260925293,25501,0.0,0.0
2024-04-23 11:30:00-04:00,15.729999542236328,15.789999961853027,15.699999809265137,15.699999809265137,13751,0.0,0.0
2024-04-23 12:30:00-04:00,15.708999633789062,15.720000267028809,15.680100440979004,15.680100440979004,3352,0.0,0.0
2024-04-23 13:30:00-04:00,15.6850004196167,15.75,15.6850004196167,15.729999542236328,9170,0.0,0.0
2024-04-23 14:30:00-04:00,15.697999954223633,15.710000038146973,15.680000305175781,15.710000038146973,5494,0.0,0.0
2024-04-23 15:30:00-04:00,15.678199768066406,15.710000038146973,15.65999984741211,15.699999809265137,3849,0.0,0.0
2024-04-24 09:30:00-04:00,15.649999618530273,15.670000076293945,15.600000381469727,15.600000381469727,12291,0.0,0.0
2024-04-24 10:30:00-04:00,15.550000190734863,15.555399894714355,15.550000190734863,15.555399894714355,1239,0.0,0.0
2024-04-24 11:30:00-04:00,15.550000190734863,15.569999694824219,15.510000228881836,15.539999961853027,12055,0.0,0.0
2024-04-24 12:30:00-04:00,15.563899993896484,15.729999542236328,15.524999618530273,15.720000267028809,10224,0.0,0.0
2024-04-24 13:30:00-04:00,15.680299758911133,15.699999809265137,15.63010025024414,15.664999961853027,6432,0.0,0.0
2024-04-24 14:30:00-04:00,15.710000038146973,15.729999542236328,15.640000343322754,15.654999732971191,6367,0.0,0.0
2024-04-24 15:30:00-04:00,15.670000076293945,15.6899995803833,15.619999885559082,15.649999618530273,4875,0.0,0.0
2024-04-25 09:30:00-04:00,15.569999694824219,15.630000114440918,15.54010009765625,15.630000114440918,0,0.0,0.0
2024-04-25 10:30:00-04:00,15.593000411987305,15.630000114440918,15.593000411987305,15.62399959564209,5678,0.0,0.0
2024-04-25 11:30:00-04:00,15.630000114440918,15.700400352478027,15.630000114440918,15.640000343322754,1160,0.0,0.0
2024-04-25 12:30:00-04:00,15.640000343322754,15.699399948120117,15.640000343322754,15.652000427246094,3511,0.0,0.0
2024-04-25 13:30:00-04:00,15.641200065612793,15.693599700927734,15.63029956817627,15.639800071716309,10656,0.0,0.0
2024-04-25 14:30:00-04:00,15.64799976348877,15.64799976348877,15.616299629211426,15.630000114440918,4789,0.0,0.0
2024-04-25 15:30:00-04:00,15.64799976348877,15.65999984741211,15.635000228881836,15.65999984741211,2590,0.0,0.0
2024-04-26 09:30:00-04:00,15.630000114440918,15.850000381469727,15.579999923706055,15.699999809265137,18429,0.0,0.0
2024-04-26 10:30:00-04:00,15.707900047302246,15.779399871826172,15.569999694824219,15.595000267028809,21392,0.0,0.0
2024-04-26 11:30:00-04:00,15.619999885559082,15.640000343322754,15.609999656677246,15.614100456237793,10213,0.0,0.0
2024-04-26 12:30:00-04:00,15.619999885559082,15.630000114440918,15.59000015258789,15.630000114440918,11880,0.0,0.0
2024-04-26 13:30:00-04:00,15.614999771118164,15.614999771118164,15.59000015258789,15.59000015258789,1149,0.0,0.0
2024-04-26 14:30:00-04:00,15.600199699401855,15.600199699401855,15.579999923706055,15.59000015258789,10948,0.0,0.0
2024-04-26 15:30:00-04:00,15.57800006866455,15.579999923706055,15.569999694824219,15.569999694824219,545,0.0,0.0
2024-04-29 09:30:00-04:00,15.600000381469727,15.630000114440918,15.570099830627441,15.630000114440918,6715,0.0,0.0
2024-04-29 10:30:00-04:00,15.59000015258789,15.619999885559082,15.545000076293945,15.609999656677246,7990,0.0,0.0
2024-04-29 11:30:00-04:00,15.600000381469727,15.600000381469727,15.572799682617188,15.572799682617188,4070,0.0,0.0
2024-04-29 12:30:00-04:00,15.5600004196167,15.597900390625,15.550000190734863,15.589400291442871,2742,0.0,0.0
2024-04-29 13:30:00-04:00,15.595000267028809,15.63230037689209,15.595000267028809,15.63230037689209,4742,0.0,0.0
2024-04-29 14:30:00-04:00,15.639900207519531,15.639900207519531,15.579999923706055,15.59000015258789,6152,0.0,0.0
2024-04-29 15:30:00-04:00,15.579999923706055,15.649999618530273,15.579999923706055,15.630000114440918,1864,0.0,0.0
2024-04-30 09:30:00-04:00,15.739999771118164,15.739999771118164,15.603300094604492,15.603300094604492,0,0.0,0.0
2024-04-30 10:30:00-04:00,15.649800300598145,15.6899995803833,15.606100082397461,15.6899995803833,8173,0.0,0.0
2024-04-30 11:30:00-04:00,15.624500274658203,15.625200271606445,15.607799530029297,15.607799530029297,1656,0.0,0.0
2024-04-30 12:30:00-04:00,15.609999656677246,15.665300369262695,15.600000381469727,15.665300369262695,2347,0.0,0.0
2024-04-30 13:30:00-04:00,15.628199577331543,15.670000076293945,15.628199577331543,15.640000343322754,2559,0.0,0.0
2024-04-30 14:30:00-04:00,15.670000076293945,15.670000076293945,15.630000114440918,15.63010025024414,12997,0.0,0.0
2024-04-30 15:30:00-04:00,15.649999618530273,15.670000076293945,15.630000114440918,15.630000114440918,784,0.0,0.0
2024-05-01 09:30:00-04:00,15.699999809265137,15.79800033569336,15.671199798583984,15.671199798583984,0,0.0,0.0
2024-05-01 10:30:00-04:00,15.670000076293945,15.749899864196777,15.652000427246094,15.670000076293945,4990,0.0,0.0
2024-05-01 11:30:00-04:00,15.71619987487793,15.71619987487793,15.604499816894531,15.66189956665039,9788,0.0,0.0
2024-05-01 12:30:00-04:00,15.649999618530273,15.649999618530273,15.59000015258789,15.607000350952148,3740,0.0,0.0
2024-05-01 13:30:00-04:00,15.619999885559082,15.649999618530273,15.619999885559082,15.640700340270996,3736,0.0,0.0
2024-05-01 14:30:00-04:00,15.649999618530273,15.720000267028809,15.640000343322754,15.694700241088867,5115,0.0,0.0
2024-05-01 15:30:00-04:00,15.699999809265137,15.699999809265137,15.609999656677246,15.609999656677246,5711,0.0,0.0
2024-05-02 09:30:00-04:00,15.75,15.75,15.659899711608887,15.6899995803833,0,0.0,0.0
2024-05-02 10:30:00-04:00,15.744999885559082,15.75100040435791,15.720000267028809,15.720000267028809,2557,0.0,0.0
2024-05-02 11:30:00-04:00,15.736200332641602,15.779999732971191,15.729999542236328,15.75,3184,0.0,0.0
2024-05-02 12:30:00-04:00,15.767000198364258,15.767000198364258,15.720000267028809,15.760000228881836,13729,0.0,0.0
2024-05-02 13:30:00-04:00,15.800000190734863,15.880000114440918,15.779999732971191,15.866700172424316,38249,0.0,0.0
2024-05-02 14:30:00-04:00,15.845000267028809,15.869999885559082,15.819999694824219,15.859999656677246,11328,0.0,0.0
2024-05-02 15:30:00-04:00,15.899999618530273,15.949999809265137,15.885000228881836,15.899999618530273,8793,0.0,0.0
2024-05-03 09:30:00-04:00,15.930000305175781,16.100000381469727,15.890000343322754,16.100000381469727,0,0.0,0.0
2024-05-03 10:30:00-04:00,16.100000381469727,16.135000228881836,16.0,16.049999237060547,7725,0.0,0.0
2024-05-03 11:30:00-04:00,16.098499298095703,16.099899291992188,16.065000534057617,16.098899841308594,2681,0.0,0.0
2024-05-03 12:30:00-04:00,16.09000015258789,16.149999618530273,16.09000015258789,16.149999618530273,12649,0.0,0.0
2024-05-03 13:30:00-04:00,16.154499053955078,16.290000915527344,16.149999618530273,16.2549991607666,10010,0.0,0.0
2024-05-03 14:30:00-04:00,16.222700119018555,16.280000686645508,16.17959976196289,16.229999542236328,3794,0.0,0.0
2024-05-03 15:30:00-04:00,16.25,16.2549991607666,16.200000762939453,16.200000762939453,6098,0.0,0.0
2024-05-06 09:30:00-04:00,16.34000015258789,16.34000015258789,16.229999542236328,16.23699951171875,0,0.0,0.0
2024-05-06 10:30:00-04:00,16.21500015258789,16.2549991607666,16.209999084472656,16.209999084472656,2720,0.0,0.0
2024-05-06 11:30:00-04:00,16.1200008392334,16.140899658203125,16.100000381469727,16.114900588989258,7699,0.0,0.0
2024-05-06 12:30:00-04:00,16.153200149536133,16.15999984741211,16.079999923706055,16.09869956970215,6537,0.0,0.0
2024-05-06 13:30:00-04:00,16.174999237060547,16.193899154663086,16.174999237060547,16.193899154663086,529,0.0,0.0
2024-05-06 14:30:00-04:00,16.151899337768555,16.194299697875977,16.149999618530273,16.15999984741211,1753,0.0,0.0
2024-05-06 15:30:00-04:00,16.1200008392334,16.174299240112305,16.09000015258789,16.1200008392334,7999,0.0,0.0
2024-05-07 09:30:00-04:00,16.229999542236328,16.229999542236328,16.110000610351562,16.110000610351562,7156,0.0,0.0
2024-05-07 10:30:00-04:00,16.139999389648438,16.139999389648438,16.08139991760254,16.127700805664062,2705,0.0,0.0
2024-05-07 11:30:00-04:00,16.110000610351562,16.125,16.040000915527344,16.085100173950195,10091,0.0,0.0
2024-05-07 12:30:00-04:00,16.098899841308594,16.1200008392334,16.049999237060547,16.050100326538086,4201,0.0,0.0
2024-05-07 13:30:00-04:00,16.049999237060547,16.08650016784668,16.040000915527344,16.08650016784668,4115,0.0,0.0
2024-05-07 14:30:00-04:00,16.089000701904297,16.09000015258789,16.03809928894043,16.052099227905273,4232,0.0,0.0
2024-05-07 15:30:00-04:00,16.049999237060547,16.059999465942383,16.021099090576172,16.059999465942383,3251,0.0,0.0
2024-05-08 09:30:00-04:00,16.049999237060547,16.138599395751953,16.049999237060547,16.089000701904297,0,0.0,0.0
2024-05-08 10:30:00-04:00,16.040000915527344,16.085599899291992,16.0,16.02829933166504,4270,0.0,0.0
2024-05-08 11:30:00-04:00,16.010000228881836,16.010000228881836,15.930000305175781,16.0,8488,0.0,0.0
2024-05-08 12:30:00-04:00,16.0,16.010000228881836,16.0,16.010000228881836,4727,0.0,0.0
2024-05-08 13:30:00-04:00,15.989999771118164,15.994999885559082,15.979999542236328,15.994999885559082,1758,0.0,0.0
2024-05-08 14:30:00-04:00,15.985699653625488,15.990099906921387,15.942299842834473,15.942299842834473,13029,0.0,0.0
2024-05-08 15:30:00-04:00,15.983699798583984,16.020000457763672,15.949999809265137,16.020000457763672,4529,0.0,0.0
2024-05-09 09:30:00-04:00,15.949999809265137,16.030000686645508,15.84000015258789,15.948399543762207,0,0.0,0.0
2024-05-09 10:30:00-04:00,15.935999870300293,15.994400024414062,15.90999984741211,15.90999984741211,7160,0.0,0.0
2024-05-09 11:30:00-04:00,15.90999984741211,15.925000190734863,15.880000114440918,15.925000190734863,6489,0.0,0.0
2024-05-09 12:30:00-04:00,15.880000114440918,15.949899673461914,15.880000114440918,15.949899673461914,2806,0.0,0.0
2024-05-09 13:30:00-04:00,15.942299842834473,15.949999809265137,15.880000114440918,15.88010025024414,17572,0.0,0.0
2024-05-09 14:30:00-04:00,15.9399995803833,15.949999809265137,15.870100021362305,15.91189956665039,9873,0.0,0.0
2024-05-09 15:30:00-04:00,15.890000343322754,15.899999618530273,15.850000381469727,15.899999618530273,21445,0.0,0.0
2024-05-10 09:30:00-04:00,15.890000343322754,15.914999961853027,15.84000015258789,15.85949993133545,0,0.0,0.0
2024-05-10 10:30:00-04:00,15.899999618530273,15.90999984741211,15.875,15.875,2810,0.0,0.0
2024-05-10 11:30:00-04:00,15.890000343322754,15.899999618530273,15.850000381469727,15.861200332641602,10287,0.0,0.0
2024-05-10 12:30:00-04:00,15.890000343322754,15.89900016784668,15.850000381469727,15.850000381469727,4977,0.0,0.0
2024-05-10 13:30:00-04:00,15.850000381469727,15.899999618530273,15.850000381469727,15.899999618530273,2824,0.0,0.0
2024-05-10 14:30:00-04:00,15.875,15.890000343322754,15.850000381469727,15.880000114440918,4142,0.0,0.0
2024-05-10 15:30:00-04:00,15.873100280761719,15.880000114440918,15.859999656677246,15.859999656677246,6656,0.0,0.0
2024-05-13 09:30:00-04:00,15.880000114440918,15.924599647521973,15.869999885559082,15.890000343322754,0,0.0,0.0
2024-05-13 10:30:00-04:00,15.899999618530273,15.899999618530273,15.890000343322754,15.899999618530273,17404,0.0,0.0
2024-05-13 11:30:00-04:00,15.90999984741211,15.929800033569336,15.90999984741211,15.920000076293945,4620,0.0,0.0
2024-05-13 12:30:00-04:00,15.930000305175781,15.930000305175781,15.90999984741211,15.90999984741211,4839,0.0,0.0
2024-05-13 13:30:00-04:00,15.916799545288086,15.919899940490723,15.898900032043457,15.898900032043457,7062,0.0,0.0
2024-05-13 14:30:00-04:00,15.891500473022461,15.899999618530273,15.869999885559082,15.869999885559082,9439,0.0,0.0
2024-05-13 15:30:00-04:00,15.859999656677246,15.859999656677246,15.84000015258789,15.850000381469727,2812,0.0,0.0
2024-05-14 09:30:00-04:00,15.789999961853027,15.8100004196167,15.75,15.8100004196167,3267,0.0,0.0
2024-05-14 10:30:00-04:00,15.8100004196167,15.8100004196167,15.779999732971191,15.789999961853027,6538,0.0,0.0
2024-05-14 11:30:00-04:00,15.800000190734863,15.819999694824219,15.789999961853027,15.800000190734863,4746,0.0,0.0
2024-05-14 12:30:00-04:00,15.808500289916992,15.819600105285645,15.789999961853027,15.793100357055664,3987,0.0,0.0
2024-05-14 13:30:00-04:00,15.798999786376953,15.8100004196167,15.790300369262695,15.795000076293945,1611,0.0,0.0
2024-05-14 14:30:00-04:00,15.795000076293945,15.800000190734863,15.789999961853027,15.79990005493164,13308,0.0,0.0
2024-05-14 15:30:00-04:00,15.795000076293945,15.800000190734863,15.78499984741211,15.800000190734863,18023,0.0,0.0
2024-05-15 09:30:00-04:00,15.869999885559082,15.899999618530273,15.83489990234375,15.889399528503418,0,0.0,0.0
2024-05-15 10:30:00-04:00,15.891500473022461,15.979999542236328,15.850000381469727,15.972999572753906,39959,0.0,0.0
2024-05-15 11:30:00-04:00,15.973999977111816,16.0,15.944999694824219,16.0,18071,0.0,0.0
2024-05-15 12:30:00-04:00,16.0,16.0,15.949999809265137,15.989999771118164,15310,0.0,0.0
2024-05-15 13:30:00-04:00,15.989999771118164,16.040000915527344,15.989999771118164,16.040000915527344,16648,0.0,0.0
2024-05-15 14:30:00-04:00,16.049999237060547,16.25,16.041500091552734,16.209999084472656,20964,0.0,0.0
2024-05-15 15:30:00-04:00,16.196800231933594,16.229999542236328,16.170000076293945,16.200000762939453,11970,0.0,0.0
2024-05-16 09:30:00-04:00,16.190000534057617,16.25,16.067800521850586,16.204999923706055,34446,0.0,0.0
2024-05-16 10:30:00-04:00,16.18549919128418,16.242700576782227,16.149999618530273,16.149999618530273,4034,0.0,0.0
2024-05-16 11:30:00-04:00,16.149999618530273,16.20989990234375,16.149999618530273,16.20989990234375,6346,0.0,0.0
2024-05-16 12:30:00-04:00,16.150100708007812,16.18000030517578,16.149999618530273,16.149999618530273,5412,0.0,0.0
2024-05-16 13:30:00-04:00,16.149999618530273,16.168500900268555,16.079999923706055,16.139999389648438,11105,0.0,0.0
2024-05-16 14:30:00-04:00,16.121999740600586,16.159900665283203,16.1200008392334,16.159900665283203,8162,0.0,0.0
2024-05-16 15:30:00-04:00,16.1200008392334,16.120100021362305,16.059999465942383,16.059999465942383,7928,0.0,0.0
2024-05-17 09:30:00-04:00,16.079999923706055,16.219999313354492,16.079999923706055,16.1200008392334,11596,0.0,0.0
2024-05-17 10:30:00-04:00,16.100000381469727,16.125,16.100000381469727,16.110000610351562,2232,0.0,0.0
2024-05-17 11:30:00-04:00,16.114700317382812,16.1299991607666,16.100000381469727,16.100000381469727,2951,0.0,0.0
2024-05-17 12:30:00-04:00,16.110000610351562,16.110000610351562,16.110000610351562,16.110000610351562,916,0.0,0.0
2024-05-17 13:30:00-04:00,16.100000381469727,16.148099899291992,16.100000381469727,16.148099899291992,2662,0.0,0.0
2024-05-17 14:30:00-04:00,16.165199279785156,16.165199279785156,16.100000381469727,16.100000381469727,2785,0.0,0.0
2024-05-17 15:30:00-04:00,16.1299991607666,16.1299991607666,16.110000610351562,16.110000610351562,887,0.0,0.0
2024-05-20 09:30:00-04:00,16.100000381469727,16.12820053100586,16.059999465942383,16.100000381469727,0,0.0,0.0
2024-05-20 10:30:00-04:00,16.100000381469727,16.100000381469727,16.059999465942383,16.07200050354004,2451,0.0,0.0
2024-05-20 11:30:00-04:00,16.060100555419922,16.060300827026367,16.060100555419922,16.060300827026367,760,0.0,0.0
2024-05-20 12:30:00-04:00,16.06999969482422,16.09000015258789,16.0,16.0,7021,0.0,0.0
2024-05-20 13:30:00-04:00,15.989999771118164,15.989999771118164,15.9399995803833,15.950200080871582,4245,0.0,0.0
2024-05-20 14:30:00-04:00,15.970000267028809,16.100000381469727,15.970000267028809,16.09000015258789,11479,0.0,0.0
2024-05-20 15:30:00-04:00,16.100000381469727,16.100000381469727,16.0,16.100000381469727,0,0.0,0.0
2024-05-21 09:30:00-04:00,16.149999618530273,16.149999618530273,16.07159996032715,16.08009910583496,3051,0.0,0.0
2024-05-21 10:30:00-04:00,16.114999771118164,16.142099380493164,16.079999923706055,16.079999923706055,1671,0.0,0.0
2024-05-21 11:30:00-04:00,16.079999923706055,16.104999542236328,16.079999923706055,16.079999923706055,1027,0.0,0.0
2024-05-21 12:30:00-04:00,16.11210060119629,16.149999618530273,16.05340003967285,16.05340003967285,4998,0.0,0.0
2024-05-21 13:30:00-04:00,16.03059959411621,16.03059959411621,16.03059959411621,16.03059959411621,663,0.0,0.0
2024-05-21 14:30:00-04:00,16.055999755859375,16.079999923706055,16.020000457763672,16.030000686645508,8589,0.0,0.0
2024-05-21 15:30:00-04:00,16.038999557495117,16.06999969482422,16.020000457763672,16.06999969482422,2567,0.0,0.0
2024-05-22 09:30:00-04:00,15.989999771118164,16.061199188232422,15.90999984741211,16.010000228881836,0,0.0,0.0
2024-05-22 10:30:00-04:00,16.0,16.0398006439209,16.0,16.020000457763672,8388,0.0,0.0
2024-05-22 11:30:00-04:00,16.030000686645508,16.030000686645508,16.0,16.010000228881836,6508,0.0,0.0
2024-05-22 12:30:00-04:00,16.00749969482422,16.039899826049805,15.979999542236328,15.981499671936035,10692,0.0,0.0
2024-05-22 13:30:00-04:00,15.979999542236328,16.01490020751953,15.960000038146973,15.960000038146973,2133,0.0,0.0
2024-05-22 14:30:00-04:00,15.970000267028809,16.030000686645508,15.970000267028809,16.0049991607666,7210,0.0,0.0
2024-05-22 15:30:00-04:00,16.0,16.038000106811523,15.989999771118164,16.030000686645508,6067,0.0,0.0
2024-05-23 09:30:00-04:00,16.020000457763672,16.024200439453125,15.87090015411377,15.960000038146973,6192,0.0,0.0
2024-05-23 10:30:00-04:00,16.0,16.010000228881836,15.949999809265137,16.010000228881836,8370,0.0,0.0
2024-05-23 11:30:00-04:00,16.030000686645508,16.030000686645508,15.949999809265137,15.949999809265137,15380,0.0,0.0
2024-05-23 12:30:00-04:00,15.960000038146973,15.960000038146973,15.930000305175781,15.930000305175781,2725,0.0,0.0
2024-05-23 13:30:00-04:00,15.991600036621094,16.030000686645508,15.957200050354004,15.957200050354004,7836,0.0,0.0
2024-05-23 14:30:00-04:00,16.010000228881836,16.05500030517578,16.010000228881836,16.052499771118164,6868,0.0,0.0
2024-05-23 15:30:00-04:00,16.040000915527344,16.069299697875977,15.979999542236328,15.984000205993652,5732,0.0,0.0
2024-05-24 09:30:00-04:00,16.010000228881836,16.049800872802734,15.930100440979004,15.989999771118164,0,0.0,0.0
2024-05-24 10:30:00-04:00,15.95829963684082,16.030000686645508,15.95829963684082,16.030000686645508,1112,0.0,0.0
2024-05-24 11:30:00-04:00,16.020000457763672,16.030000686645508,15.971199989318848,16.030000686645508,5269,0.0,0.0
2024-05-24 12:30:00-04:00,15.990099906921387,16.049999237060547,15.970600128173828,16.020000457763672,13316,0.0,0.0
2024-05-24 13:30:00-04:00,16.020000457763672,16.03499984741211,15.960000038146973,16.010000228881836,5264,0.0,0.0
2024-05-24 14:30:00-04:00,15.989999771118164,16.030000686645508,15.970000267028809,16.020000457763672,3008,0.0,0.0
2024-05-24 15:30:00-04:00,16.020000457763672,16.040000915527344,16.020000457763672,16.020000457763672,1862,0.0,0.0
2024-05-28 09:30:00-04:00,16.020000457763672,16.020000457763672,16.0,16.014999389648438,0,0.0,0.0
2024-05-28 10:30:00-04:00,16.013200759887695,16.013200759887695,15.989999771118164,16.0,5055,0.0,0.0
2024-05-28 11:30:00-04:00,15.989999771118164,16.0,15.98009967803955,15.989999771118164,2500,0.0,0.0
2024-05-28 12:30:00-04:00,15.974699974060059,15.979999542236328,15.920000076293945,15.930000305175781,8759,0.0,0.0
2024-05-28 13:30:00-04:00,15.930000305175781,15.951299667358398,15.90999984741211,15.9399995803833,4450,0.0,0.0
2024-05-28 14:30:00-04:00,15.90999984741211,15.944999694824219,15.899999618530273,15.920000076293945,4797,0.0,0.0
2024-05-28 15:30:00-04:00,15.899999618530273,15.899999618530273,15.88010025024414,15.899999618530273,5499,0.0,0.0
2024-05-29 09:30:00-04:00,15.890000343322754,15.890000343322754,15.819999694824219,15.84000015258789,0,0.0,0.0
2024-05-29 10:30:00-04:00,15.829999923706055,15.84000015258789,15.800000190734863,15.829999923706055,5672,0.0,0.0
2024-05-29 11:30:00-04:00,15.829999923706055,15.859000205993652,15.8100004196167,15.829899787902832,7836,0.0,0.0
2024-05-29 12:30:00-04:00,15.829999923706055,15.84000015258789,15.800000190734863,15.819999694824219,4242,0.0,0.0
2024-05-29 13:30:00-04:00,15.829999923706055,15.889399528503418,15.829999923706055,15.869999885559082,7748,0.0,0.0
2024-05-29 14:30:00-04:00,15.880000114440918,15.890000343322754,15.843000411987305,15.869999885559082,3782,0.0,0.0
2024-05-29 15:30:00-04:00,15.869999885559082,15.9399995803833,15.850000381469727,15.895000457763672,11242,0.0,0.0
2024-05-30 09:30:00-04:00,16.06999969482422,16.06999969482422,15.899999618530273,15.949999809265137,0,0.0,0.0
2024-05-30 10:30:00-04:00,15.970000267028809,16.06999969482422,15.949999809265137,16.0,12509,0.0,0.0
2024-05-30 11:30:00-04:00,16.0,16.030000686645508,15.976699829101562,16.0,3363,0.0,0.0
2024-05-30 12:30:00-04:00,16.0,16.02549934387207,16.0,16.014999389648438,4651,0.0,0.0
2024-05-30 13:30:00-04:00,16.0,16.040000915527344,16.0,16.040000915527344,7662,0.0,0.0
2024-05-30 14:30:00-04:00,16.040000915527344,16.100000381469727,16.040000915527344,16.09950065612793,9990,0.0,0.0
2024-05-30 15:30:00-04:00,16.049999237060547,16.09000015258789,16.049999237060547,16.09000015258789,5352,0.0,0.0
2024-05-31 09:30:00-04:00,16.25,16.25,16.1200008392334,16.1200008392334,24866,0.0,0.0
2024-05-31 10:30:00-04:00,16.1200008392334,16.18000030517578,16.059999465942383,16.18000030517578,4572,0.0,0.0
2024-05-31 12:30:00-04:00,16.15999984741211,16.204999923706055,16.114999771118164,16.200000762939453,9230,0.0,0.0
2024-05-31 13:30:00-04:00,16.170000076293945,16.229999542236328,16.170000076293945,16.200000762939453,10308,0.0,0.0
2024-05-31 14:30:00-04:00,16.18000030517578,16.219999313354492,16.170000076293945,16.219999313354492,18536,0.0,0.0
2024-05-31 15:30:00-04:00,16.19499969482422,16.25,16.170000076293945,16.25,4984,0.0,0.0
2024-06-03 09:30:00-04:00,16.299999237060547,16.299999237060547,16.16990089416504,16.20599937438965,11012,0.0,0.0
2024-06-03 10:30:00-04:00,16.256000518798828,16.299699783325195,16.200000762939453,16.29199981689453,11950,0.0,0.0
2024-06-03 11:30:00-04:00,16.290000915527344,16.290000915527344,16.27199935913086,16.27199935913086,2345,0.0,0.0
2024-06-03 12:30:00-04:00,16.219999313354492,16.290000915527344,16.208499908447266,16.209999084472656,1993,0.0,0.0
2024-06-03 13:30:00-04:00,16.290000915527344,16.295000076293945,16.25,16.258499145507812,1489,0.0,0.0
2024-06-03 14:30:00-04:00,16.260000228881836,16.260000228881836,16.260000228881836,16.260000228881836,1480,0.0,0.0
2024-06-03 15:30:00-04:00,16.299999237060547,16.31999969482422,16.25,16.295000076293945,8197,0.0,0.0
2024-06-04 09:30:00-04:00,16.350000381469727,16.434099197387695,16.250099182128906,16.350000381469727,0,0.0,0.0
2024-06-04 10:30:00-04:00,16.3700008392334,16.3799991607666,16.350000381469727,16.3799991607666,6758,0.0,0.0
2024-06-04 11:30:00-04:00,16.440000534057617,16.450000762939453,16.3700008392334,16.371400833129883,21903,0.0,0.0
2024-06-04 12:30:00-04:00,16.38010025024414,16.40999984741211,16.3700008392334,16.3700008392334,2457,0.0,0.0
2024-06-04 13:30:00-04:00,16.40999984741211,16.440000534057617,16.409900665283203,16.43000030517578,2794,0.0,0.0
2024-06-04 14:30:00-04:00,16.43000030517578,16.450000762939453,16.389999389648438,16.40999984741211,10746,0.0,0.0
2024-06-04 15:30:00-04:00,16.399999618530273,16.415000915527344,16.360000610351562,16.360000610351562,5492,0.0,0.0
2024-06-05 09:30:00-04:00,16.5,16.5,16.3700008392334,16.371200561523438,10844,0.0,0.0
2024-06-05 10:30:00-04:00,16.3799991607666,16.458900451660156,16.378000259399414,16.378000259399414,7115,0.0,0.0
2024-06-05 11:30:00-04:00,16.450000762939453,16.469999313354492,16.440000534057617,16.454999923706055,7953,0.0,0.0
2024-06-05 12:30:00-04:00,16.443199157714844,16.454999923706055,16.443199157714844,16.454999923706055,955,0.0,0.0
2024-06-05 13:30:00-04:00,16.450000762939453,16.462200164794922,16.440000534057617,16.450000762939453,4103,0.0,0.0
2024-06-05 14:30:00-04:00,16.45170021057129,16.464000701904297,16.450000762939453,16.450000762939453,4470,0.0,0.0
2024-06-05 15:30:00-04:00,16.450000762939453,16.469999313354492,16.389999389648438,16.399999618530273,9510,0.0,0.0
2024-06-06 09:30:00-04:00,16.3799991607666,16.424999237060547,16.31999969482422,16.352500915527344,0,0.0,0.0
2024-06-06 10:30:00-04:00,16.360000610351562,16.360000610351562,16.329999923706055,16.34000015258789,4788,0.0,0.0
2024-06-06 11:30:00-04:00,16.350000381469727,16.375,16.34000015258789,16.36720085144043,3869,0.0,0.0
2024-06-06 12:30:00-04:00,16.375,16.383800506591797,16.349599838256836,16.383800506591797,6910,0.0,0.0
2024-06-06 13:30:00-04:00,16.404399871826172,16.404399871826172,16.350000381469727,16.3700008392334,8678,0.0,0.0
2024-06-06 14:30:00-04:00,16.377500534057617,16.424999237060547,16.360000610351562,16.360000610351562,17517,0.0,0.0
2024-06-06 15:30:00-04:00,16.40999984741211,16.40999984741211,16.360000610351562,16.360000610351562,0,0.0,0.0
2024-06-07 09:30:00-04:00,16.34000015258789,16.34000015258789,16.2549991607666,16.280000686645508,15151,0.0,0.0
2024-06-07 10:30:00-04:00,16.28499984741211,16.299999237060547,16.260099411010742,16.260099411010742,5526,0.0,0.0
2024-06-07 11:30:00-04:00,16.260099411010742,16.280000686645508,16.260000228881836,16.260000228881836,4484,0.0,0.0
2024-06-07 12:30:00-04:00,16.260000228881836,16.260000228881836,16.239999771118164,16.239999771118164,1478,0.0,0.0
2024-06-07 13:30:00-04:00,16.236799240112305,16.249900817871094,16.229999542236328,16.230100631713867,7115,0.0,0.0
2024-06-07 14:30:00-04:00,16.219999313354492,16.239999771118164,16.219999313354492,16.239999771118164,885,0.0,0.0
2024-06-07 15:30:00-04:00,16.22949981689453,16.22949981689453,16.190000534057617,16.190000534057617,2780,0.0,0.0
2024-06-10 09:30:00-04:00,16.229999542236328,16.309999465942383,16.151500701904297,16.151500701904297,0,0.0,0.0
2024-06-10 10:30:00-04:00,16.170000076293945,16.170000076293945,16.15239906311035,16.170000076293945,1171,0.0,0.0
2024-06-10 11:30:00-04:00,16.170000076293945,16.21500015258789,16.170000076293945,16.18670082092285,6427,0.0,0.0
2024-06-10 12:30:00-04:00,16.18000030517578,16.18000030517578,16.139999389648438,16.140100479125977,2370,0.0,0.0
2024-06-10 13:30:00-04:00,16.151500701904297,16.151500701904297,16.150100708007812,16.150100708007812,927,0.0,0.0
2024-06-10 14:30:00-04:00,16.149999618530273,16.159900665283203,16.079999923706055,16.098499298095703,3303,0.0,0.0
2024-06-10 15:30:00-04:00,16.145000457763672,16.15999984741211,16.110000610351562,16.139999389648438,5549,0.0,0.0
2024-06-11 09:30:00-04:00,16.139999389648438,16.18000030517578,16.139999389648438,16.15999984741211,0,0.0,0.0
2024-06-11 10:30:00-04:00,16.170000076293945,16.190000534057617,16.170000076293945,16.190000534057617,1463,0.0,0.0
2024-06-11 11:30:00-04:00,16.18000030517578,16.18000030517578,16.139999389648438,16.139999389648438,4412,0.0,0.0
2024-06-11 12:30:00-04:00,16.15999984741211,16.162399291992188,16.15999984741211,16.162399291992188,2127,0.0,0.0
2024-06-11 13:30:00-04:00,16.156400680541992,16.171600341796875,16.139999389648438,16.15999984741211,6343,0.0,0.0
2024-06-11 14:30:00-04:00,16.165000915527344,16.190000534057617,16.149999618530273,16.190000534057617,5885,0.0,0.0
2024-06-11 15:30:00-04:00,16.15999984741211,16.209999084472656,16.15999984741211,16.170000076293945,4213,0.0,0.0
2024-06-12 09:30:00-04:00,16.31999969482422,16.36009979248047,16.31999969482422,16.36009979248047,0,0.0,0.0
2024-06-12 10:30:00-04:00,16.3799991607666,16.399999618530273,16.360000610351562,16.3700008392334,9101,0.0,0.0
2024-06-12 11:30:00-04:00,16.40999984741211,16.420000076293945,16.399999618530273,16.420000076293945,9523,0.0,0.0
2024-06-12 12:30:00-04:00,16.420000076293945,16.43000030517578,16.3700008392334,16.382299423217773,11402,0.0,0.0
2024-06-12 13:30:00-04:00,16.3700008392334,16.3700008392334,16.327999114990234,16.360000610351562,2751,0.0,0.0
2024-06-12 14:30:00-04:00,16.348600387573242,16.40999984741211,16.312000274658203,16.389999389648438,9672,0.0,0.0
2024-06-12 15:30:00-04:00,16.389999389648438,16.389999389648438,16.299999237060547,16.309999465942383,6227,0.0,0.0
2024-06-13 09:30:00-04:00,16.3799991607666,16.39859962463379,16.299999237060547,16.360000610351562,0,0.0,0.0
2024-06-13 10:30:00-04:00,16.290000915527344,16.290000915527344,16.247499465942383,16.247499465942383,1714,0.0,0.0
2024-06-13 11:30:00-04:00,16.290000915527344,16.293399810791016,16.270000457763672,16.290000915527344,4702,0.0,0.0
2024-06-13 12:30:00-04:00,16.290000915527344,16.3799991607666,16.25,16.3799991607666,16679,0.0,0.0
2024-06-13 13:30:00-04:00,16.360000610351562,16.360000610351562,16.329999923706055,16.329999923706055,3653,0.0,0.0
2024-06-13 14:30:00-04:00,16.350000381469727,16.379899978637695,16.31999969482422,16.354999542236328,18315,0.0,0.0
2024-06-13 15:30:00-04:00,16.360000610351562,16.413000106811523,16.350000381469727,16.3700008392334,18024,0.0,0.0
2024-06-14 09:30:00-04:00,16.239999771118164,16.35759925842285,16.235000610351562,16.31290054321289,0,0.0,0.0
2024-06-14 10:30:00-04:00,16.25,16.299999237060547,16.217199325561523,16.290000915527344,4619,0.0,0.0
2024-06-14 11:30:00-04:00,16.25,16.289199829101562,16.25,16.260000228881836,1926,0.0,0.0
2024-06-14 12:30:00-04:00,16.229999542236328,16.229999542236328,16.14299964904785,16.170000076293945,8036,0.0,0.0
2024-06-14 13:30:00-04:00,16.170000076293945,16.18000030517578,16.059999465942383,16.1200008392334,14783,0.0,0.0
2024-06-14 14:30:00-04:00,16.18000030517578,16.219999313354492,16.18000030517578,16.219999313354492,1272,0.0,0.0
2024-06-14 15:30:00-04:00,16.190000534057617,16.329999923706055,16.190000534057617,16.329999923706055,7080,0.0,0.0
2024-06-17 09:30:00-04:00,16.1299991607666,16.139999389648438,15.970000267028809,16.059999465942383,0,0.0,0.0
2024-06-17 10:30:00-04:00,16.094999313354492,16.11989974975586,16.030000686645508,16.09950065612793,8596,0.0,0.0
2024-06-17 11:30:00-04:00,16.075000762939453,16.11989974975586,16.030000686645508,16.030000686645508,2346,0.0,0.0
2024-06-17 12:30:00-04:00,16.040000915527344,16.040000915527344,16.0,16.020000457763672,12981,0.0,0.0
2024-06-17 13:30:00-04:00,16.0226993560791,16.059999465942383,16.0,16.059999465942383,9084,0.0,0.0
2024-06-17 14:30:00-04:00,16.06999969482422,16.075000762939453,16.0,16.0,18261,0.0,0.0
2024-06-17 15:30:00-04:00,16.020000457763672,16.02989959716797,15.979999542236328,15.979999542236328,6190,0.0,0.0
2024-06-18 09:30:00-04:00,16.06999969482422,16.1200008392334,16.010000228881836,16.1200008392334,0,0.0,0.0
2024-06-18 10:30:00-04:00,16.06999969482422,16.100000381469727,16.010000228881836,16.030000686645508,2840,0.0,0.0
2024-06-18 11:30:00-04:00,16.087200164794922,16.1299991607666,16.030099868774414,16.040000915527344,7317,0.0,0.0
2024-06-18 12:30:00-04:00,16.030000686645508,16.109899520874023,16.030000686645508,16.100000381469727,4117,0.0,0.0
2024-06-18 13:30:00-04:00,16.082500457763672,16.100000381469727,16.045000076293945,16.065000534057617,10168,0.0,0.0
2024-06-18 14:30:00-04:00,16.06999969482422,16.100000381469727,16.059999465942383,16.079999923706055,8773,0.0,0.0
2024-06-18 15:30:00-04:00,16.06999969482422,16.079999923706055,15.989999771118164,16.079999923706055,5949,0.0,0.0
2024-06-20 09:30:00-04:00,16.059999465942383,16.059999465942383,16.003999710083008,16.020000457763672,0,0.0,0.0
2024-06-20 10:30:00-04:00,16.040000915527344,16.075000762939453,16.010499954223633,16.030000686645508,7694,0.0,0.0
2024-06-20 11:30:00-04:00,16.06999969482422,16.1299991607666,16.065000534057617,16.1299991607666,9124,0.0,0.0
2024-06-20 12:30:00-04:00,16.100000381469727,16.125,16.100000381469727,16.125,4670,0.0,0.0
2024-06-20 13:30:00-04:00,16.129899978637695,16.129899978637695,16.040000915527344,16.040000915527344,18029,0.0,0.0
2024-06-20 14:30:00-04:00,16.094999313354492,16.139999389648438,16.049999237060547,16.05069923400879,3448,0.0,0.0
2024-06-20 15:30:00-04:00,16.049999237060547,16.049999237060547,16.000099182128906,16.049999237060547,21588,0.0,0.0
2024-06-21 09:30:00-04:00,16.100000381469727,16.13330078125,15.949999809265137,15.989999771118164,0,0.0,0.0
2024-06-21 10:30:00-04:00,16.010000228881836,16.040000915527344,15.949999809265137,15.970000267028809,8602,0.0,0.0
2024-06-21 11:30:00-04:00,15.979900360107422,15.979900360107422,15.880000114440918,15.880000114440918,21734,0.0,0.0
2024-06-21 12:30:00-04:00,15.890000343322754,15.890000343322754,15.880000114440918,15.880000114440918,4257,0.0,0.0
2024-06-21 13:30:00-04:00,15.887999534606934,15.890000343322754,15.869999885559082,15.890000343322754,2947,0.0,0.0
2024-06-21 14:30:00-04:00,15.885100364685059,15.920000076293945,15.885100364685059,15.920000076293945,5752,0.0,0.0
2024-06-21 15:30:00-04:00,15.920000076293945,15.920000076293945,15.859999656677246,15.859999656677246,14809,0.0,0.0
2024-06-24 09:30:00-04:00,15.890000343322754,15.930000305175781,15.829999923706055,15.930000305175781,27579,0.0,0.0
2024-06-24 10:30:00-04:00,15.899999618530273,15.899999618530273,15.84000015258789,15.840100288391113,7153,0.0,0.0
2024-06-24 11:30:00-04:00,15.877400398254395,15.899999618530273,15.856599807739258,15.890000343322754,5128,0.0,0.0
2024-06-24 12:30:00-04:00,15.899900436401367,15.899999618530273,15.850000381469727,15.890000343322754,15169,0.0,0.0
2024-06-24 13:30:00-04:00,15.869999885559082,15.920000076293945,15.869999885559082,15.90999984741211,4782,0.0,0.0
2024-06-24 14:30:00-04:00,15.920000076293945,15.920000076293945,15.779999732971191,15.859999656677246,26750,0.0,0.0
2024-06-24 15:30:00-04:00,15.850000381469727,15.859999656677246,15.829999923706055,15.859999656677246,8154,0.0,0.0
2024-06-25 09:30:00-04:00,15.859999656677246,15.90999984741211,15.849499702453613,15.90999984741211,0,0.0,0.0
2024-06-25 10:30:00-04:00,15.896499633789062,15.896499633789062,15.829999923706055,15.869999885559082,21181,0.0,0.0
2024-06-25 11:30:00-04:00,15.869999885559082,15.899999618530273,15.850000381469727,15.850099563598633,21959,0.0,0.0
2024-06-25 12:30:00-04:00,15.84000015258789,15.859999656677246,15.789999961853027,15.819999694824219,32610,0.0,0.0
2024-06-25 13:30:00-04:00,15.789999961853027,15.829999923706055,15.760000228881836,15.760000228881836,17910,0.0,0.0
2024-06-25 14:30:00-04:00,15.774999618530273,15.829999923706055,15.770000457763672,15.8100004196167,24744,0.0,0.0
2024-06-25 15:30:00-04:00,15.8100004196167,15.890000343322754,15.805000305175781,15.890000343322754,15451,0.0,0.0
2024-06-26 09:30:00-04:00,15.800000190734863,15.8100004196167,15.65999984741211,15.720600128173828,0,0.0,0.0
2024-06-26 10:30:00-04:00,15.744999885559082,15.744999885559082,15.660400390625,15.699999809265137,17842,0.0,0.0
2024-06-26 11:30:00-04:00,15.699999809265137,15.779999732971191,15.696200370788574,15.760000228881836,17199,0.0,0.0
2024-06-26 12:30:00-04:00,15.779999732971191,15.819999694824219,15.75,15.782999992370605,16199,0.0,0.0
2024-06-26 13:30:00-04:00,15.819999694824219,15.819999694824219,15.800000190734863,15.819999694824219,2953,0.0,0.0
2024-06-26 14:30:00-04:00,15.800000190734863,15.8100004196167,15.739999771118164,15.739999771118164,13924,0.0,0.0
2024-06-26 15:30:00-04:00,15.729999542236328,15.760000228881836,15.720000267028809,15.760000228881836,8437,0.0,0.0
2024-06-27 09:30:00-04:00,15.850000381469727,15.850000381469727,15.739999771118164,15.845000267028809,0,0.0,0.0
2024-06-27 10:30:00-04:00,15.869999885559082,15.869999885559082,15.84000015258789,15.84000015258789,5120,0.0,0.0
2024-06-27 11:30:00-04:00,15.842100143432617,15.859999656677246,15.8100004196167,15.8100004196167,8123,0.0,0.0
2024-06-27 12:30:00-04:00,15.846599578857422,15.854999542236328,15.819999694824219,15.84000015258789,2024,0.0,0.0
2024-06-27 13:30:00-04:00,15.829999923706055,15.890000343322754,15.789999961853027,15.859999656677246,12973,0.0,0.0
2024-06-27 14:30:00-04:00,15.859999656677246,15.930000305175781,15.859999656677246,15.901200294494629,12037,0.0,0.0
2024-06-27 15:30:00-04:00,15.90999984741211,15.960000038146973,15.908300399780273,15.960000038146973,7516,0.0,0.0
2024-06-28 09:30:00-04:00,16.040000915527344,16.040000915527344,15.899999618530273,15.9350004196167,0,0.0,0.0
2024-06-28 10:30:00-04:00,15.94320011138916,15.94320011138916,15.829999923706055,15.899999618530273,6758,0.0,0.0
2024-06-28 11:30:00-04:00,15.904999732971191,15.920000076293945,15.870100021362305,15.880000114440918,7990,0.0,0.0
2024-06-28 12:30:00-04:00,15.880000114440918,15.899999618530273,15.829999923706055,15.850000381469727,17553,0.0,0.0
2024-06-28 13:30:00-04:00,15.899999618530273,15.899999618530273,15.842399597167969,15.899999618530273,2949,0.0,0.0
2024-06-28 14:30:00-04:00,15.880000114440918,15.909899711608887,15.880000114440918,15.885000228881836,2399,0.0,0.0
2024-06-28 15:30:00-04:00,15.850000381469727,15.899999618530273,15.84000015258789,15.899999618530273,13025,0.0,0.0
2024-07-01 09:30:00-04:00,15.899999618530273,15.899999618530273,15.739999771118164,15.739999771118164,19357,0.0,0.0
2024-07-01 10:30:00-04:00,15.729999542236328,15.729999542236328,15.569999694824219,15.609999656677246,65014,0.0,0.0
2024-07-01 11:30:00-04:00,15.610099792480469,15.649999618530273,15.595000267028809,15.64050006866455,12119,0.0,0.0
2024-07-01 12:30:00-04:00,15.630000114440918,15.640000343322754,15.600000381469727,15.600000381469727,5395,0.0,0.0
2024-07-01 13:30:00-04:00,15.609999656677246,15.630000114440918,15.59000015258789,15.619999885559082,19969,0.0,0.0
2024-07-01 14:30:00-04:00,15.630000114440918,15.670000076293945,15.595199584960938,15.614999771118164,24213,0.0,0.0
2024-07-01 15:30:00-04:00,15.640000343322754,15.710000038146973,15.59000015258789,15.710000038146973,14599,0.0,0.0
2024-07-02 09:30:00-04:00,15.75,15.75,15.630000114440918,15.75,0,0.0,0.0
2024-07-02 10:30:00-04:00,15.75,15.75,15.720000267028809,15.75,1370,0.0,0.0
2024-07-02 11:30:00-04:00,15.739999771118164,15.739999771118164,15.720000267028809,15.729999542236328,2762,0.0,0.0
2024-07-02 12:30:00-04:00,15.73900032043457,15.744999885559082,15.699899673461914,15.739999771118164,18696,0.0,0.0
2024-07-02 13:30:00-04:00,15.739899635314941,15.75,15.706399917602539,15.75,3192,0.0,0.0
2024-07-02 14:30:00-04:00,15.751399993896484,15.800000190734863,15.748499870300293,15.770000457763672,10844,0.0,0.0
2024-07-02 15:30:00-04:00,15.800000190734863,15.8100004196167,15.789999961853027,15.8100004196167,9820,0.0,0.0
2024-07-03 09:30:00-04:00,15.779999732971191,15.890000343322754,15.779999732971191,15.869999885559082,7814,0.0,0.0
2024-07-03 10:30:00-04:00,15.890000343322754,15.899999618530273,15.859999656677246,15.899999618530273,19872,0.0,0.0
2024-07-03 11:30:00-04:00,15.895000457763672,15.895000457763672,15.890000343322754,15.890000343322754,972,0.0,0.0
2024-07-05 09:30:00-04:00,16.0,16.0,15.89579963684082,15.90999984741211,6409,0.0,0.0
2024-07-05 10:30:00-04:00,15.912400245666504,15.970000267028809,15.90999984741211,15.944999694824219,1423,0.0,0.0
2024-07-05 11:30:00-04:00,15.949999809265137,15.960000038146973,15.90999984741211,15.90999984741211,5186,0.0,0.0
2024-07-05 12:30:00-04:00,15.90999984741211,15.9350004196167,15.90999984741211,15.930000305175781,4400,0.0,0.0
2024-07-05 13:30:00-04:00,15.95359992980957,15.95359992980957,15.920000076293945,15.920000076293945,1175,0.0,0.0
2024-07-05 14:30:00-04:00,15.949999809265137,15.95829963684082,15.90999984741211,15.9443998336792,3761,0.0,0.0
2024-07-05 15:30:00-04:00,15.9399995803833,15.949999809265137,15.920000076293945,15.949999809265137,5635,0.0,0.0
2024-07-08 09:30:00-04:00,15.90999984741211,16.030000686645508,15.850000381469727,15.930000305175781,0,0.0,0.0
2024-07-08 10:30:00-04:00,15.899999618530273,15.930000305175781,15.880000114440918,15.920000076293945,6903,0.0,0.0
2024-07-08 11:30:00-04:00,15.90999984741211,15.930000305175781,15.893400192260742,15.899999618530273,4586,0.0,0.0
2024-07-08 12:30:00-04:00,15.926600456237793,15.949999809265137,15.903499603271484,15.926199913024902,14866,0.0,0.0
2024-07-08 13:30:00-04:00,15.949999809265137,15.989999771118164,15.9399995803833,15.975000381469727,21737,0.0,0.0
2024-07-08 14:30:00-04:00,15.989999771118164,16.049999237060547,15.979999542236328,16.049999237060547,24540,0.0,0.0
2024-07-08 15:30:00-04:00,16.010000228881836,16.110000610351562,16.010000228881836,16.06999969482422,21385,0.0,0.0
2024-07-09 09:30:00-04:00,16.020000457763672,16.09000015258789,16.0,16.0,10307,0.0,0.0
2024-07-09 10:30:00-04:00,16.01580047607422,16.06999969482422,16.011999130249023,16.020000457763672,9588,0.0,0.0
2024-07-09 11:30:00-04:00,16.030000686645508,16.040000915527344,16.011699676513672,16.03569984436035,9180,0.0,0.0
2024-07-09 12:30:00-04:00,16.030000686645508,16.06999969482422,16.020000457763672,16.024999618530273,9207,0.0,0.0
2024-07-09 13:30:00-04:00,16.049999237060547,16.059999465942383,16.030000686645508,16.040000915527344,4801,0.0,0.0
2024-07-09 14:30:00-04:00,16.03499984741211,16.059999465942383,16.010000228881836,16.02669906616211,9036,0.0,0.0
2024-07-09 15:30:00-04:00,16.030000686645508,16.059999465942383,16.010000228881836,16.059999465942383,1538,0.0,0.0
2024-07-10 09:30:00-04:00,16.059999465942383,16.059999465942383,16.0,16.0,0,0.0,0.0
2024-07-10 10:30:00-04:00,16.020000457763672,16.020000457763672,15.979999542236328,16.012699127197266,5588,0.0,0.0
2024-07-10 11:30:00-04:00,16.010000228881836,16.030000686645508,16.0,16.010000228881836,15126,0.0,0.0
2024-07-10 12:30:00-04:00,16.020000457763672,16.100000381469727,16.020000457763672,16.06439971923828,18000,0.0,0.0
2024-07-10 13:30:00-04:00,16.050100326538086,16.059999465942383,16.024999618530273,16.024999618530273,15615,0.0,0.0
2024-07-10 14:30:00-04:00,16.059999465942383,16.079999923706055,16.020000457763672,16.020000457763672,9779,0.0,0.0
2024-07-10 15:30:00-04:00,16.049999237060547,16.100000381469727,16.040000915527344,16.100000381469727,8764,0.0,0.0
2024-07-11 09:30:00-04:00,16.15999984741211,16.25,16.110000610351562,16.184999465942383,0,0.0,0.0
2024-07-11 10:30:00-04:00,16.200000762939453,16.28499984741211,16.19499969482422,16.260000228881836,23939,0.0,0.0
2024-07-11 11:30:00-04:00,16.260000228881836,16.325000762939453,16.260000228881836,16.325000762939453,19096,0.0,0.0
2024-07-11 12:30:00-04:00,16.299999237060547,16.329999923706055,16.299999237060547,16.323699951171875,4254,0.0,0.0
2024-07-11 13:30:00-04:00,16.350000381469727,16.3700008392334,16.32819938659668,16.329999923706055,6598,0.0,0.0
2024-07-11 14:30:00-04:00,16.350000381469727,16.3700008392334,16.34000015258789,16.354999542236328,6501,0.0,0.0
2024-07-11 15:30:00-04:00,16.350000381469727,16.399999618530273,16.329999923706055,16.399999618530273,9073,0.0,0.0
2024-07-12 09:30:00-04:00,16.360000610351562,16.360000610351562,16.284000396728516,16.284000396728516,8102,0.0,0.0
2024-07-12 10:30:00-04:00,16.260000228881836,16.31999969482422,16.25,16.309999465942383,6900,0.0,0.0
2024-07-12 11:30:00-04:00,16.31999969482422,16.31999969482422,16.290000915527344,16.292999267578125,8899,0.0,0.0
2024-07-12 12:30:00-04:00,16.290000915527344,16.34000015258789,16.290000915527344,16.329999923706055,8233,0.0,0.0
2024-07-12 13:30:00-04:00,16.34000015258789,16.389999389648438,16.334999084472656,16.389999389648438,11992,0.0,0.0
2024-07-12 14:30:00-04:00,16.3700008392334,16.510000228881836,16.3700008392334,16.420000076293945,29694,0.0,0.0
2024-07-12 15:30:00-04:00,16.420000076293945,16.48349952697754,16.420000076293945,16.450000762939453,7141,0.0,0.0
2024-07-15 09:30:00-04:00,16.31999969482422,16.34000015258789,16.199100494384766,16.290000915527344,11330,0.0,0.0
2024-07-15 10:30:00-04:00,16.25,16.33989906311035,16.219999313354492,16.33989906311035,16376,0.0,0.0
2024-07-15 11:30:00-04:00,16.34000015258789,16.344999313354492,16.299999237060547,16.344999313354492,23993,0.0,0.0
2024-07-15 12:30:00-04:00,16.33099937438965,16.360000610351562,16.329999923706055,16.34000015258789,9317,0.0,0.0
2024-07-15 13:30:00-04:00,16.329999923706055,16.344999313354492,16.329999923706055,16.33009910583496,2251,0.0,0.0
2024-07-15 14:30:00-04:00,16.360000610351562,16.360000610351562,16.329999923706055,16.350000381469727,12798,0.0,0.0
2024-07-15 15:30:00-04:00,16.350000381469727,16.399999618530273,16.344999313354492,16.399999618530273,9437,0.0,0.0
2024-07-16 09:30:00-04:00,16.399999618530273,16.449100494384766,16.31999969482422,16.360000610351562,12687,0.0,0.0
2024-07-16 10:30:00-04:00,16.309999465942383,16.399999618530273,16.309999465942383,16.360000610351562,38878,0.0,0.0
2024-07-16 11:30:00-04:00,16.334999084472656,16.360000610351562,16.309999465942383,16.34760093688965,12267,0.0,0.0
2024-07-16 12:30:00-04:00,16.350000381469727,16.399999618530273,16.350000381469727,16.3799991607666,10064,0.0,0.0
2024-07-16 13:30:00-04:00,16.385000228881836,16.399999618530273,16.350000381469727,16.375,13590,0.0,0.0
2024-07-16 14:30:00-04:00,16.399999618530273,16.420000076293945,16.389999389648438,16.418500900268555,5105,0.0,0.0
2024-07-16 15:30:00-04:00,16.415000915527344,16.420000076293945,16.3799991607666,16.40999984741211,32383,0.0,0.0
2024-07-17 09:30:00-04:00,16.489999771118164,16.53580093383789,16.450000762939453,16.489299774169922,0,0.0,0.0
2024-07-17 10:30:00-04:00,16.43000030517578,16.440000534057617,16.360000610351562,16.405000686645508,42304,0.0,0.0
2024-07-17 11:30:00-04:00,16.43000030517578,16.459999084472656,16.360000610351562,16.399999618530273,255268,0.0,0.0
2024-07-17 12:30:00-04:00,16.40999984741211,16.40999984741211,16.3700008392334,16.37969970703125,64585,0.0,0.0
2024-07-17 13:30:00-04:00,16.39349937438965,16.39349937438965,16.270000457763672,16.31999969482422,20855,0.0,0.0
2024-07-17 14:30:00-04:00,16.280000686645508,16.31999969482422,16.219999313354492,16.22010040283203,14181,0.0,0.0
2024-07-17 15:30:00-04:00,16.204999923706055,16.219999313354492,16.149999618530273,16.200000762939453,24763,0.0,0.0
2024-07-18 09:30:00-04:00,16.239999771118164,16.260000228881836,16.100000381469727,16.13010025024414,0,0.0,0.0
2024-07-18 10:30:00-04:00,16.18000030517578,16.200000762939453,16.020000457763672,16.06999969482422,19453,0.0,0.0
2024-07-18 11:30:00-04:00,16.020000457763672,16.101900100708008,15.949999809265137,16.0,16362,0.0,0.0
2024-07-18 12:30:00-04:00,16.020000457763672,16.020000457763672,15.890000343322754,15.970000267028809,27672,0.0,0.0
2024-07-18 13:30:00-04:00,15.9399995803833,15.949999809265137,15.890000343322754,15.900099754333496,22628,0.0,0.0
2024-07-18 14:30:00-04:00,15.899999618530273,15.949899673461914,15.890000343322754,15.9350004196167,29369,0.0,0.0
2024-07-18 15:30:00-04:00,15.920000076293945,15.9350004196167,15.869999885559082,15.920000076293945,29423,0.0,0.0
2024-07-19 09:30:00-04:00,15.90999984741211,16.020000457763672,15.90999984741211,16.0049991607666,20146,0.0,0.0
2024-07-19 10:30:00-04:00,16.010000228881836,16.049999237060547,15.989999771118164,16.040000915527344,29582,0.0,0.0
2024-07-19 11:30:00-04:00,16.039899826049805,16.1200008392334,16.030000686645508,16.100000381469727,14080,0.0,0.0
2024-07-19 12:30:00-04:00,16.100000381469727,16.149999618530273,16.084999084472656,16.1299991607666,14955,0.0,0.0
2024-07-19 13:30:00-04:00,16.1299991607666,16.15999984741211,16.1299991607666,16.1299991607666,4183,0.0,0.0
2024-07-19 14:30:00-04:00,16.1200008392334,16.149499893188477,16.1200008392334,16.12540054321289,18930,0.0,0.0
2024-07-19 15:30:00-04:00,16.125,16.1299991607666,16.110000610351562,16.1200008392334,35560,0.0,0.0
2024-07-22 09:30:00-04:00,16.149999618530273,16.18000030517578,16.1299991607666,16.16939926147461,0,0.0,0.0
2024-07-22 10:30:00-04:00,16.170000076293945,16.170000076293945,16.1200008392334,16.170000076293945,13565,0.0,0.0
2024-07-22 11:30:00-04:00,16.139999389648438,16.15999984741211,16.110000610351562,16.15999984741211,75485,0.0,0.0
2024-07-22 12:30:00-04:00,16.149999618530273,16.150100708007812,16.1200008392334,16.124000549316406,13700,0.0,0.0
2024-07-22 13:30:00-04:00,16.139999389648438,16.159900665283203,16.1200008392334,16.159900665283203,9640,0.0,0.0
2024-07-22 14:30:00-04:00,16.145000457763672,16.15959930419922,16.1299991607666,16.139999389648438,9711,0.0,0.0
2024-07-22 15:30:00-04:00,16.155000686645508,16.15999984741211,16.1200008392334,16.139999389648438,48216,0.0,0.0
2024-07-23 09:30:00-04:00,16.139999389648438,16.25,16.1200008392334,16.15999984741211,0,0.0,0.0
2024-07-23 10:30:00-04:00,16.149999618530273,16.190000534057617,16.100799560546875,16.158899307250977,6045,0.0,0.0
2024-07-23 11:30:00-04:00,16.13050079345703,16.188499450683594,16.13050079345703,16.149999618530273,16591,0.0,0.0
2024-07-23 12:30:00-04:00,16.149999618530273,16.155000686645508,16.149999618530273,16.155000686645508,1136,0.0,0.0
2024-07-23 13:30:00-04:00,16.172500610351562,16.172500610351562,16.149999618530273,16.162200927734375,5954,0.0,0.0
2024-07-23 14:30:00-04:00,16.149999618530273,16.19969940185547,16.149999618530273,16.19969940185547,11312,0.0,0.0
2024-07-23 15:30:00-04:00,16.184999465942383,16.260000228881836,16.184999465942383,16.260000228881836,10701,0.0,0.0
2024-07-24 09:30:00-04:00,16.329999923706055,16.329999923706055,16.135000228881836,16.15290069580078,0,0.0,0.0
2024-07-24 10:30:00-04:00,16.17650032043457,16.179899215698242,16.149999618530273,16.179899215698242,3525,0.0,0.0
2024-07-24 11:30:00-04:00,16.174999237060547,16.200000762939453,16.149999618530273,16.16010093688965,21351,0.0,0.0
2024-07-24 12:30:00-04:00,16.18000030517578,16.200000762939453,16.160400390625,16.17449951171875,45712,0.0,0.0
2024-07-24 13:30:00-04:00,16.17449951171875,16.199899673461914,16.13010025024414,16.139999389648438,14764,0.0,0.0
2024-07-24 14:30:00-04:00,16.145000457763672,16.15999984741211,16.1299991607666,16.145000457763672,4449,0.0,0.0
2024-07-24 15:30:00-04:00,16.15999984741211,16.219999313354492,16.145000457763672,16.219999313354492,5905,0.0,0.0
2024-07-25 09:30:00-04:00,16.209999084472656,16.280000686645508,16.1299991607666,16.200000762939453,0,0.0,0.0
2024-07-25 10:30:00-04:00,16.196500778198242,16.200000762939453,16.139999389648438,16.187000274658203,18044,0.0,0.0
2024-07-25 11:30:00-04:00,16.190000534057617,16.190000534057617,16.174999237060547,16.190000534057617,4314,0.0,0.0
2024-07-25 12:30:00-04:00,16.174999237060547,16.189899444580078,16.149999618530273,16.189899444580078,6430,0.0,0.0
2024-07-25 13:30:00-04:00,16.165000915527344,16.165000915527344,16.13010025024414,16.13010025024414,617,0.0,0.0
2024-07-25 14:30:00-04:00,16.1299991607666,16.229999542236328,16.1299991607666,16.229999542236328,14383,0.0,0.0
2024-07-25 15:30:00-04:00,16.260000228881836,16.280000686645508,16.25,16.280000686645508,1321,0.0,0.0
2024-07-26 09:30:00-04:00,16.260000228881836,16.364999771118164,16.17799949645996,16.309999465942383,0,0.0,0.0
2024-07-26 10:30:00-04:00,16.309999465942383,16.34000015258789,16.309999465942383,16.329999923706055,7147,0.0,0.0
2024-07-26 11:30:00-04:00,16.34000015258789,16.350000381469727,16.329999923706055,16.349199295043945,5862,0.0,0.0
2024-07-26 12:30:00-04:00,16.344999313354492,16.360000610351562,16.34000015258789,16.360000610351562,5338,0.0,0.0
2024-07-26 13:30:00-04:00,16.350000381469727,16.389999389648438,16.34000015258789,16.350099563598633,8774,0.0,0.0
2024-07-26 14:30:00-04:00,16.360000610351562,16.360000610351562,16.34000015258789,16.350000381469727,5417,0.0,0.0
2024-07-26 15:30:00-04:00,16.354999542236328,16.399999618530273,16.354999542236328,16.399999618530273,2918,0.0,0.0
2024-07-29 09:30:00-04:00,16.350000381469727,16.368799209594727,16.329999923706055,16.368799209594727,15075,0.0,0.0
2024-07-29 10:30:00-04:00,16.350000381469727,16.399900436401367,16.350000381469727,16.399900436401367,9167,0.0,0.0
2024-07-29 11:30:00-04:00,16.346099853515625,16.39900016784668,16.346099853515625,16.375,6724,0.0,0.0
2024-07-29 12:30:00-04:00,16.389699935913086,16.389999389648438,16.360000610351562,16.375,3713,0.0,0.0
2024-07-29 13:30:00-04:00,16.375,16.387500762939453,16.34000015258789,16.34000015258789,10613,0.0,0.0
2024-07-29 14:30:00-04:00,16.350000381469727,16.350000381469727,16.344999313354492,16.349700927734375,8186,0.0,0.0
2024-07-29 15:30:00-04:00,16.34000015258789,16.3700008392334,16.34000015258789,16.365999221801758,13656,0.0,0.0
2024-07-30 09:30:00-04:00,16.420000076293945,16.420000076293945,16.34000015258789,16.34980010986328,14930,0.0,0.0
2024-07-30 10:30:00-04:00,16.369600296020508,16.420000076293945,16.369600296020508,16.420000076293945,4999,0.0,0.0
2024-07-30 11:30:00-04:00,16.40999984741211,16.43000030517578,16.40999984741211,16.420000076293945,4634,0.0,0.0
2024-07-30 12:30:00-04:00,16.40999984741211,16.540000915527344,16.40999984741211,16.489999771118164,30534,0.0,0.0
2024-07-30 13:30:00-04:00,16.489999771118164,16.5,16.450000762939453,16.479999542236328,12522,0.0,0.0
2024-07-30 14:30:00-04:00,16.479999542236328,16.515600204467773,16.469999313354492,16.512500762939453,4808,0.0,0.0
2024-07-30 15:30:00-04:00,16.510000228881836,16.549999237060547,16.5049991607666,16.549999237060547,10797,0.0,0.0
2024-07-31 09:30:00-04:00,16.68000030517578,16.790000915527344,16.5492000579834,16.739999771118164,49752,0.0,0.0
2024-07-31 10:30:00-04:00,16.7549991607666,16.780000686645508,16.6200008392334,16.729999542236328,47352,0.0,0.0
2024-07-31 11:30:00-04:00,16.700000762939453,16.709999084472656,16.670000076293945,16.68000030517578,6520,0.0,0.0
2024-07-31 12:30:00-04:00,16.690000534057617,16.700000762939453,16.670000076293945,16.700000762939453,3005,0.0,0.0
2024-07-31 13:30:00-04:00,16.690000534057617,16.790000915527344,16.690000534057617,16.790000915527344,11052,0.0,0.0
2024-07-31 14:30:00-04:00,16.770000457763672,16.790000915527344,16.71500015258789,16.770000457763672,33433,0.0,0.0
2024-07-31 15:30:00-04:00,16.770000457763672,16.770000457763672,16.7549991607666,16.770000457763672,8689,0.0,0.0
2024-08-01 09:30:00-04:00,16.780000686645508,16.790000915527344,16.709999084472656,16.75,14692,0.0,0.0
2024-08-01 10:30:00-04:00,16.780000686645508,16.802600860595703,16.75,16.795900344848633,24059,0.0,0.0
2024-08-01 11:30:00-04:00,16.805099487304688,16.838600158691406,16.770000457763672,16.838600158691406,16652,0.0,0.0
2024-08-01 12:30:00-04:00,16.84000015258789,16.850000381469727,16.799999237060547,16.850000381469727,5075,0.0,0.0
2024-08-01 13:30:00-04:00,16.850000381469727,16.850000381469727,16.809999465942383,16.829999923706055,3655,0.0,0.0
2024-08-01 14:30:00-04:00,16.799999237060547,16.82539939880371,16.799999237060547,16.825000762939453,2692,0.0,0.0
2024-08-01 15:30:00-04:00,16.81529998779297,16.825000762939453,16.775999069213867,16.809999465942383,14277,0.0,0.0
2024-08-02 09:30:00-04:00,16.8700008392334,16.954200744628906,16.86440086364746,16.939899444580078,23895,0.0,0.0
2024-08-02 10:30:00-04:00,16.93000030517578,16.979999542236328,16.920000076293945,16.959999084472656,13325,0.0,0.0
2024-08-02 11:30:00-04:00,16.959999084472656,16.959999084472656,16.93000030517578,16.950000762939453,5559,0.0,0.0
2024-08-02 12:30:00-04:00,16.940000534057617,16.950000762939453,16.93000030517578,16.949800491333008,6410,0.0,0.0
2024-08-02 13:30:00-04:00,16.943599700927734,16.950000762939453,16.90999984741211,16.915000915527344,11590,0.0,0.0
2024-08-02 14:30:00-04:00,16.920000076293945,16.950000762939453,16.90999984741211,16.950000762939453,17598,0.0,0.0
2024-08-02 15:30:00-04:00,16.91010093688965,16.959999084472656,16.90999984741211,16.959999084472656,14628,0.0,0.0
2024-08-05 09:30:00-04:00,16.950000762939453,16.950000762939453,16.719999313354492,16.764999389648438,17032,0.0,0.0
2024-08-05 10:30:00-04:00,16.719999313354492,16.809999465942383,16.719999313354492,16.780000686645508,10247,0.0,0.0
2024-08-05 11:30:00-04:00,16.780000686645508,16.790000915527344,16.75,16.760000228881836,19895,0.0,0.0
2024-08-05 12:30:00-04:00,16.75,16.879899978637695,16.75,16.87929916381836,18954,0.0,0.0
2024-08-05 13:30:00-04:00,16.850000381469727,16.8799991607666,16.799999237060547,16.829999923706055,51222,0.0,0.0
2024-08-05 14:30:00-04:00,16.829999923706055,16.938600540161133,16.829999923706055,16.850000381469727,33969,0.0,0.0
2024-08-05 15:30:00-04:00,16.885000228881836,16.950000762939453,16.8700008392334,16.89299964904785,18016,0.0,0.0
2024-08-06 09:30:00-04:00,16.920000076293945,17.040000915527344,16.90999984741211,17.030000686645508,52814,0.0,0.0
2024-08-06 10:30:00-04:00,17.014999389648438,17.158000946044922,17.014999389648438,17.09600067138672,34110,0.0,0.0
2024-08-06 11:30:00-04:00,17.079999923706055,17.139999389648438,17.079999923706055,17.105199813842773,21550,0.0,0.0
2024-08-06 12:30:00-04:00,17.110000610351562,17.1200008392334,17.09000015258789,17.1200008392334,8762,0.0,0.0
2024-08-06 13:30:00-04:00,17.1200008392334,17.274999618530273,17.110000610351562,17.21150016784668,37987,0.0,0.0
2024-08-06 14:30:00-04:00,17.200000762939453,17.229999542236328,17.1200008392334,17.14080047607422,10033,0.0,0.0
2024-08-06 15:30:00-04:00,17.145000457763672,17.329999923706055,17.1299991607666,17.239999771118164,97849,0.0,0.0
2024-08-07 09:30:00-04:00,17.170000076293945,17.280000686645508,17.159000396728516,17.25979995727539,0,0.0,0.0
2024-08-07 10:30:00-04:00,17.2549991607666,17.277999877929688,17.219999313354492,17.229999542236328,0,0.0,0.0
2024-08-07 11:30:00-04:00,17.211299896240234,17.2549991607666,17.200000762939453,17.21500015258789,35373,0.0,0.0
2024-08-07 12:30:00-04:00,17.209999084472656,17.239999771118164,17.18000030517578,17.209999084472656,12237,0.0,0.0
2024-08-07 13:30:00-04:00,17.190000534057617,17.190000534057617,17.170000076293945,17.18000030517578,18953,0.0,0.0
2024-08-07 14:30:00-04:00,17.15999984741211,17.229999542236328,17.149999618530273,17.229999542236328,17705,0.0,0.0
2024-08-07 15:30:00-04:00,17.229999542236328,17.239999771118164,17.190000534057617,17.190000534057617,6566,0.0,0.0
2024-08-08 09:30:00-04:00,17.229999542236328,17.229999542236328,17.110000610351562,17.18000030517578,0,0.0,0.0
2024-08-08 10:30:00-04:00,17.174999237060547,17.269899368286133,17.170000076293945,17.200000762939453,23989,0.0,0.0
2024-08-08 11:30:00-04:00,17.184600830078125,17.274599075317383,17.184600830078125,17.232799530029297,14277,0.0,0.0
2024-08-08 12:30:00-04:00,17.219999313354492,17.229999542236328,17.217599868774414,17.219999313354492,6116,0.0,0.0
2024-08-08 13:30:00-04:00,17.229999542236328,17.245899200439453,17.209999084472656,17.209999084472656,9510,0.0,0.0
2024-08-08 14:30:00-04:00,17.219999313354492,17.225000381469727,17.190000534057617,17.200000762939453,8048,0.0,0.0
2024-08-08 15:30:00-04:00,17.200000762939453,17.219999313354492,17.200000762939453,17.200000762939453,4813,0.0,0.0
2024-08-09 09:30:00-04:00,17.290000915527344,17.309999465942383,17.15999984741211,17.184999465942383,13969,0.0,0.0
2024-08-09 10:30:00-04:00,17.184999465942383,17.229999542236328,17.149999618530273,17.229900360107422,7601,0.0,0.0
2024-08-09 11:30:00-04:00,17.21500015258789,17.21500015258789,17.200000762939453,17.200000762939453,2166,0.0,0.0
2024-08-09 12:30:00-04:00,17.18000030517578,17.25,17.18000030517578,17.25,10919,0.0,0.0
2024-08-09 13:30:00-04:00,17.25,17.290000915527344,17.25,17.290000915527344,6827,0.0,0.0
2024-08-09 14:30:00-04:00,17.286100387573242,17.31999969482422,17.250099182128906,17.310199737548828,10070,0.0,0.0
2024-08-09 15:30:00-04:00,17.309999465942383,17.34000015258789,17.25,17.31999969482422,9997,0.0,0.0
2024-08-12 09:30:00-04:00,17.260000228881836,17.270000457763672,17.190000534057617,17.209999084472656,0,0.0,0.0
2024-08-12 10:30:00-04:00,17.209999084472656,17.229999542236328,17.184999465942383,17.229999542236328,8235,0.0,0.0
2024-08-12 11:30:00-04:00,17.25,17.299999237060547,17.209999084472656,17.299999237060547,8021,0.0,0.0
2024-08-12 12:30:00-04:00,17.2987003326416,17.299999237060547,17.239999771118164,17.270000457763672,2533,0.0,0.0
2024-08-12 13:30:00-04:00,17.270000457763672,17.31999969482422,17.270000457763672,17.309999465942383,7577,0.0,0.0
2024-08-12 14:30:00-04:00,17.309999465942383,17.309999465942383,17.270000457763672,17.295700073242188,4958,0.0,0.0
2024-08-12 15:30:00-04:00,17.290000915527344,17.350000381469727,17.290000915527344,17.350000381469727,8683,0.0,0.0
2024-08-13 09:30:00-04:00,17.350000381469727,17.3799991607666,17.260400772094727,17.34670066833496,0,0.0,0.0
2024-08-13 10:30:00-04:00,17.3700008392334,17.399999618530273,17.356599807739258,17.399999618530273,3198,0.0,0.0
2024-08-13 11:30:00-04:00,17.399999618530273,17.420000076293945,17.375,17.381399154663086,12801,0.0,0.0
2024-08-13 12:30:00-04:00,17.420000076293945,17.420000076293945,17.3799991607666,17.420000076293945,2175,0.0,0.0
2024-08-13 13:30:00-04:00,17.399999618530273,17.420000076293945,17.3799991607666,17.395000457763672,5719,0.0,0.0
2024-08-13 14:30:00-04:00,17.399999618530273,17.43000030517578,17.3799991607666,17.43000030517578,5742,0.0,0.0
2024-08-13 15:30:00-04:00,17.43000030517578,17.440000534057617,17.420000076293945,17.42300033569336,6044,0.0,0.0
2024-08-14 09:30:00-04:00,17.389999389648438,17.469999313354492,17.389999389648438,17.451200485229492,17321,0.0,0.0
2024-08-14 10:30:00-04:00,17.450000762939453,17.472999572753906,17.43000030517578,17.440000534057617,7379,0.0,0.0
2024-08-14 11:30:00-04:00,17.46660041809082,17.549999237060547,17.46660041809082,17.549999237060547,16926,0.0,0.0
2024-08-14 12:30:00-04:00,17.56999969482422,17.59000015258789,17.510000228881836,17.56999969482422,16154,0.0,0.0
2024-08-14 13:30:00-04:00,17.540000915527344,17.57939910888672,17.510000228881836,17.545000076293945,16024,0.0,0.0
2024-08-14 14:30:00-04:00,17.549999237060547,17.57990074157715,17.511699676513672,17.55500030517578,5137,0.0,0.0
2024-08-14 15:30:00-04:00,17.559999465942383,17.579999923706055,17.530000686645508,17.549999237060547,7082,0.0,0.0
2024-08-15 09:30:00-04:00,17.3700008392334,17.3700008392334,17.15999984741211,17.31999969482422,13636,0.0,0.0
2024-08-15 10:30:00-04:00,17.299999237060547,17.498199462890625,17.280000686645508,17.479999542236328,33220,0.0,0.0
2024-08-15 11:30:00-04:00,17.479900360107422,17.540000915527344,17.459999084472656,17.540000915527344,11725,0.0,0.0
2024-08-15 12:30:00-04:00,17.53499984741211,17.57029914855957,17.530000686645508,17.56999969482422,10415,0.0,0.0
2024-08-15 13:30:00-04:00,17.579999923706055,17.579999923706055,17.56529998779297,17.579999923706055,3082,0.0,0.0
2024-08-15 14:30:00-04:00,17.56999969482422,17.780000686645508,17.549999237060547,17.68000030517578,35768,0.0,0.0
2024-08-15 15:30:00-04:00,17.690000534057617,17.719999313354492,17.649999618530273,17.653600692749023,0,0.0,0.0
2024-08-16 09:30:00-04:00,17.260000228881836,17.424999237060547,17.239999771118164,17.36989974975586,70814,0.0,0.0
2024-08-16 10:30:00-04:00,17.350000381469727,17.389999389648438,17.325000762939453,17.360000610351562,20977,0.0,0.0
2024-08-16 11:30:00-04:00,17.375,17.440000534057617,17.354999542236328,17.389999389648438,15965,0.0,0.0
2024-08-16 12:30:00-04:00,17.440000534057617,17.479999542236328,17.389999389648438,17.469999313354492,18766,0.0,0.0
2024-08-16 13:30:00-04:00,17.469999313354492,17.479999542236328,17.3700008392334,17.40290069580078,47208,0.0,0.0
2024-08-16 14:30:00-04:00,17.43000030517578,17.5,17.40999984741211,17.440000534057617,56002,0.0,0.0
2024-08-16 15:30:00-04:00,17.450000762939453,17.489999771118164,17.40999984741211,17.40999984741211,17939,0.0,0.0
2024-08-19 09:30:00-04:00,17.40999984741211,17.510000228881836,17.40999984741211,17.45009994506836,9093,0.0,0.0
2024-08-19 10:30:00-04:00,17.482999801635742,17.482999801635742,17.399999618530273,17.440000534057617,21321,0.0,0.0
2024-08-19 11:30:00-04:00,17.423999786376953,17.520000457763672,17.423999786376953,17.520000457763672,12877,0.0,0.0
2024-08-19 12:30:00-04:00,17.494699478149414,17.520000457763672,17.469999313354492,17.489999771118164,3777,0.0,0.0
2024-08-19 13:30:00-04:00,17.479999542236328,17.485000610351562,17.470300674438477,17.485000610351562,2894,0.0,0.0
2024-08-19 14:30:00-04:00,17.479999542236328,17.489999771118164,17.43000030517578,17.43000030517578,1518,0.0,0.0
2024-08-19 15:30:00-04:00,17.46780014038086,17.479999542236328,17.420000076293945,17.469999313354492,7558,0.0,0.0
2024-08-20 09:30:00-04:00,17.479999542236328,17.6200008392334,17.479999542236328,17.555200576782227,29259,0.0,0.0
2024-08-20 10:30:00-04:00,17.56999969482422,17.56999969482422,17.5,17.53619956970215,10481,0.0,0.0
2024-08-20 11:30:00-04:00,17.549999237060547,17.559999465942383,17.530000686645508,17.540000915527344,9357,0.0,0.0
2024-08-20 12:30:00-04:00,17.524999618530273,17.600000381469727,17.510000228881836,17.600000381469727,17702,0.0,0.0
2024-08-20 13:30:00-04:00,17.6200008392334,17.649999618530273,17.520000457763672,17.530000686645508,22130,0.0,0.0
2024-08-20 14:30:00-04:00,17.545000076293945,17.56999969482422,17.510000228881836,17.56999969482422,3897,0.0,0.0
2024-08-20 15:30:00-04:00,17.542400360107422,17.549999237060547,17.5,17.520000457763672,0,0.0,0.0
2024-08-21 09:30:00-04:00,17.549999237060547,17.579999923706055,17.489999771118164,17.520000457763672,3924,0.0,0.0
2024-08-21 10:30:00-04:00,17.561100006103516,17.561100006103516,17.510000228881836,17.540000915527344,4230,0.0,0.0
2024-08-21 11:30:00-04:00,17.540000915527344,17.6200008392334,17.52869987487793,17.6200008392334,20372,0.0,0.0
2024-08-21 12:30:00-04:00,17.600000381469727,17.649999618530273,17.600000381469727,17.614999771118164,4113,0.0,0.0
2024-08-21 13:30:00-04:00,17.6299991607666,17.790000915527344,17.6200008392334,17.770000457763672,10156,0.0,0.0
2024-08-21 14:30:00-04:00,17.764299392700195,17.829999923706055,17.690000534057617,17.690000534057617,9647,0.0,0.0
2024-08-21 15:30:00-04:00,17.690000534057617,17.709999084472656,17.68000030517578,17.68000030517578,0,0.0,0.0
2024-08-22 09:30:00-04:00,17.68000030517578,17.75,17.610000610351562,17.649999618530273,19703,0.0,0.0
2024-08-22 10:30:00-04:00,17.610000610351562,17.65999984741211,17.579999923706055,17.579999923706055,8217,0.0,0.0
2024-08-22 11:30:00-04:00,17.5846004486084,17.649999618530273,17.579999923706055,17.649999618530273,5028,0.0,0.0
2024-08-22 12:30:00-04:00,17.64900016784668,17.649999618530273,17.6200008392334,17.649999618530273,4070,0.0,0.0
2024-08-22 13:30:00-04:00,17.649999618530273,17.649999618530273,17.59000015258789,17.628599166870117,6702,0.0,0.0
2024-08-22 14:30:00-04:00,17.6299991607666,17.649999618530273,17.59000015258789,17.649999618530273,9159,0.0,0.0
2024-08-22 15:30:00-04:00,17.649999618530273,17.75,17.639999389648438,17.75,10197,0.0,0.0
2024-08-23 09:30:00-04:00,17.739999771118164,17.860000610351562,17.700000762939453,17.809999465942383,0,0.0,0.0
2024-08-23 10:30:00-04:00,17.834999084472656,17.85930061340332,17.809999465942383,17.834800720214844,4624,0.0,0.0
2024-08-23 11:30:00-04:00,17.834999084472656,17.834999084472656,17.780000686645508,17.80500030517578,12295,0.0,0.0
2024-08-23 12:30:00-04:00,17.809999465942383,17.8799991607666,17.80500030517578,17.850000381469727,13371,0.0,0.0
2024-08-23 13:30:00-04:00,17.8799991607666,18.024999618530273,17.850000381469727,17.989999771118164,8236,0.0,0.0
2024-08-23 14:30:00-04:00,17.969999313354492,18.0,17.90999984741211,17.93000030517578,9882,0.0,0.0
2024-08-23 15:30:00-04:00,17.915000915527344,17.950000762939453,17.899999618530273,17.899999618530273,3207,0.0,0.0
2024-08-26 09:30:00-04:00,17.920000076293945,17.974000930786133,17.700000762939453,17.770000457763672,0,0.0,0.0
2024-08-26 10:30:00-04:00,17.729999542236328,17.729999542236328,17.649999618530273,17.690000534057617,11417,0.0,0.0
2024-08-26 11:30:00-04:00,17.65999984741211,17.700000762939453,17.649999618530273,17.684999465942383,8055,0.0,0.0
2024-08-26 12:30:00-04:00,17.700000762939453,17.770000457763672,17.680099487304688,17.760000228881836,24769,0.0,0.0
2024-08-26 13:30:00-04:00,17.770000457763672,17.940000534057617,17.729999542236328,17.940000534057617,9856,0.0,0.0
2024-08-26 14:30:00-04:00,17.950000762939453,17.96500015258789,17.690000534057617,17.760000228881836,41650,0.0,0.0
2024-08-26 15:30:00-04:00,17.84000015258789,17.850000381469727,17.75,17.799999237060547,0,0.0,0.0
2024-08-27 09:30:00-04:00,17.799999237060547,17.799999237060547,17.540000915527344,17.66990089416504,15044,0.0,0.0
2024-08-27 10:30:00-04:00,17.56999969482422,17.66990089416504,17.56999969482422,17.56999969482422,6089,0.0,0.0
2024-08-27 11:30:00-04:00,17.559999465942383,17.639999389648438,17.549999237060547,17.600000381469727,12509,0.0,0.0
2024-08-27 12:30:00-04:00,17.549999237060547,17.6299991607666,17.510000228881836,17.617900848388672,19860,0.0,0.0
2024-08-27 13:30:00-04:00,17.639999389648438,17.780000686645508,17.59830093383789,17.739999771118164,19122,0.0,0.0
2024-08-27 14:30:00-04:00,17.700000762939453,17.860000610351562,17.670000076293945,17.860000610351562,9268,0.0,0.0
2024-08-27 15:30:00-04:00,17.84000015258789,17.889999389648438,17.799999237060547,17.8700008392334,17682,0.0,0.0
2024-08-28 09:30:00-04:00,17.889999389648438,17.889999389648438,17.790000915527344,17.799999237060547,18653,0.0,0.0
2024-08-28 10:30:00-04:00,17.760099411010742,17.825300216674805,17.719999313354492,17.719999313354492,16145,0.0,0.0
2024-08-28 11:30:00-04:00,17.760000228881836,17.81909942626953,17.729999542236328,17.76460075378418,12149,0.0,0.0
2024-08-28 12:30:00-04:00,17.743999481201172,17.778600692749023,17.670000076293945,17.719999313354492,28619,0.0,0.0
2024-08-28 13:30:00-04:00,17.760000228881836,17.799999237060547,17.74410057067871,17.780000686645508,6908,0.0,0.0
2024-08-28 14:30:00-04:00,17.770000457763672,17.770000457763672,17.68000030517578,17.68000030517578,15266,0.0,0.0
2024-08-28 15:30:00-04:00,17.66510009765625,17.809999465942383,17.63719940185547,17.799999237060547,8654,0.0,0.0
2024-08-29 09:30:00-04:00,17.799999237060547,17.799999237060547,17.74679946899414,17.780000686645508,0,0.0,0.0
2024-08-29 10:30:00-04:00,17.75,17.790000915527344,17.719999313354492,17.790000915527344,14163,0.0,0.0
2024-08-29 11:30:00-04:00,17.78190040588379,17.819000244140625,17.756999969482422,17.780000686645508,9117,0.0,0.0
2024-08-29 12:30:00-04:00,17.795000076293945,17.81999969482422,17.780000686645508,17.780000686645508,5255,0.0,0.0
2024-08-29 13:30:00-04:00,17.790000915527344,17.799999237060547,17.780000686645508,17.799999237060547,5716,0.0,0.0
2024-08-29 14:30:00-04:00,17.799999237060547,17.889999389648438,17.780000686645508,17.81999969482422,20026,0.0,0.0
2024-08-29 15:30:00-04:00,17.81999969482422,18.0,17.81999969482422,17.989999771118164,10825,0.0,0.0
2024-08-30 09:30:00-04:00,18.0,18.0,17.850000381469727,17.860000610351562,0,0.0,0.0
2024-08-30 10:30:00-04:00,17.877399444580078,17.909799575805664,17.860000610351562,17.905399322509766,5083,0.0,0.0
2024-08-30 11:30:00-04:00,17.885000228881836,18.049999237060547,17.860000610351562,17.959999084472656,33414,0.0,0.0
2024-08-30 12:30:00-04:00,17.989999771118164,18.0,17.940000534057617,17.950000762939453,10192,0.0,0.0
2024-08-30 13:30:00-04:00,17.966800689697266,18.0,17.93000030517578,17.93000030517578,14712,0.0,0.0
2024-08-30 14:30:00-04:00,17.93000030517578,17.93000030517578,17.8572998046875,17.8572998046875,4676,0.0,0.0
2024-08-30 15:30:00-04:00,17.860000610351562,17.899999618530273,17.850000381469727,17.8799991607666,3458,0.0,0.0
2024-09-03 09:30:00-04:00,17.889999389648438,17.889999389648438,17.719999313354492,17.735000610351562,0,0.0,0.0
2024-09-03 10:30:00-04:00,17.7450008392334,17.7450008392334,17.649999618530273,17.719999313354492,19972,0.0,0.0
2024-09-03 11:30:00-04:00,17.719999313354492,17.854999542236328,17.719999313354492,17.802499771118164,51834,0.0,0.0
2024-09-03 12:30:00-04:00,17.780000686645508,17.850000381469727,17.780000686645508,17.790000915527344,3746,0.0,0.0
2024-09-03 13:30:00-04:00,17.800100326538086,17.889999389648438,17.800100326538086,17.864999771118164,8004,0.0,0.0
2024-09-03 14:30:00-04:00,17.850000381469727,17.854999542236328,17.799999237060547,17.799999237060547,7909,0.0,0.0
2024-09-03 15:30:00-04:00,17.799999237060547,17.799999237060547,17.709999084472656,17.799999237060547,16999,0.0,0.0
2024-09-04 09:30:00-04:00,17.829999923706055,17.829999923706055,17.760000228881836,17.790000915527344,0,0.0,0.0
2024-09-04 10:30:00-04:00,17.809999465942383,17.81999969482422,17.780000686645508,17.790000915527344,13479,0.0,0.0
2024-09-04 11:30:00-04:00,17.795000076293945,17.829999923706055,17.770000457763672,17.770000457763672,6387,0.0,0.0
2024-09-04 12:30:00-04:00,17.825199127197266,17.84000015258789,17.780000686645508,17.825000762939453,23292,0.0,0.0
2024-09-04 13:30:00-04:00,17.825000762939453,17.83989906311035,17.799999237060547,17.80500030517578,11602,0.0,0.0
2024-09-04 14:30:00-04:00,17.799999237060547,17.799999237060547,17.739999771118164,17.760000228881836,4743,0.0,0.0
2024-09-04 15:30:00-04:00,17.760000228881836,17.790000915527344,17.739999771118164,17.739999771118164,0,0.0,0.0
2024-09-05 09:30:00-04:00,17.81999969482422,17.81999969482422,17.767000198364258,17.767000198364258,13495,0.0,0.0
2024-09-05 10:30:00-04:00,17.74489974975586,17.80500030517578,17.729999542236328,17.735000610351562,17802,0.0,0.0
2024-09-05 11:30:00-04:00,17.739999771118164,17.809999465942383,17.739999771118164,17.809999465942383,2855,0.0,0.0
2024-09-05 12:30:00-04:00,17.75,17.81999969482422,17.75,17.799999237060547,13952,0.0,0.0
2024-09-05 13:30:00-04:00,17.80500030517578,17.81999969482422,17.75,17.799999237060547,15318,0.0,0.0
2024-09-05 14:30:00-04:00,17.80500030517578,17.844999313354492,17.80500030517578,17.834999084472656,10567,0.0,0.0
2024-09-05 15:30:00-04:00,17.84000015258789,17.860000610351562,17.834999084472656,17.850000381469727,0,0.0,0.0
2024-09-06 09:30:00-04:00,17.940000534057617,18.0,17.84000015258789,17.899999618530273,15826,0.0,0.0
2024-09-06 10:30:00-04:00,17.899999618530273,17.959999084472656,17.832199096679688,17.915000915527344,16281,0.0,0.0
2024-09-06 11:30:00-04:00,17.915000915527344,18.0,17.90999984741211,17.9689998626709,17495,0.0,0.0
2024-09-06 12:30:00-04:00,17.940000534057617,17.969999313354492,17.920000076293945,17.936199188232422,9119,0.0,0.0
2024-09-06 13:30:00-04:00,17.959999084472656,18.010000228881836,17.950000762939453,18.0,11621,0.0,0.0
2024-09-06 14:30:00-04:00,18.010000228881836,18.170000076293945,17.987199783325195,18.170000076293945,14704,0.0,0.0
2024-09-06 15:30:00-04:00,18.110000610351562,18.239999771118164,18.110000610351562,18.239999771118164,16442,0.0,0.0
2024-09-09 09:30:00-04:00,18.15999984741211,18.239999771118164,18.010000228881836,18.239999771118164,15371,0.0,0.0
2024-09-09 10:30:00-04:00,18.240100860595703,18.360000610351562,18.240100860595703,18.350000381469727,16535,0.0,0.0
2024-09-09 11:30:00-04:00,18.35759925842285,18.35759925842285,18.3341007232666,18.34320068359375,1677,0.0,0.0
2024-09-09 12:30:00-04:00,18.344999313354492,18.439899444580078,18.344999313354492,18.399999618530273,11242,0.0,0.0
2024-09-09 13:30:00-04:00,18.350000381469727,18.3799991607666,18.34000015258789,18.3799991607666,11170,0.0,0.0
2024-09-09 14:30:00-04:00,18.389999389648438,18.424999237060547,18.3700008392334,18.389999389648438,11953,0.0,0.0
2024-09-09 15:30:00-04:00,18.389999389648438,18.434999465942383,18.389999389648438,18.424999237060547,5376,0.0,0.0
2024-09-10 09:30:00-04:00,18.360000610351562,18.469900131225586,18.360000610351562,18.38010025024414,11468,0.0,0.0
2024-09-10 10:30:00-04:00,18.385000228881836,18.428199768066406,18.350099563598633,18.399999618530273,9527,0.0,0.0
2024-09-10 11:30:00-04:00,18.371700286865234,18.429899215698242,18.371700286865234,18.40999984741211,10578,0.0,0.0
2024-09-10 12:30:00-04:00,18.40999984741211,18.43000030517578,18.360000610351562,18.360000610351562,4667,0.0,0.0
2024-09-10 13:30:00-04:00,18.399999618530273,18.5,18.360000610351562,18.452499389648438,11281,0.0,0.0
2024-09-10 14:30:00-04:00,18.459999084472656,18.489999771118164,18.420000076293945,18.42009925842285,12302,0.0,0.0
2024-09-10 15:30:00-04:00,18.489999771118164,18.524999618530273,18.459999084472656,18.520000457763672,7463,0.0,0.0
2024-09-11 09:30:00-04:00,18.440000534057617,18.440000534057617,18.420000076293945,18.420000076293945,0,0.0,0.0
2024-09-11 10:30:00-04:00,18.399999618530273,18.399999618530273,18.299999237060547,18.36370086669922,9328,0.0,0.0
2024-09-11 11:30:00-04:00,18.347999572753906,18.350000381469727,18.347999572753906,18.350000381469727,1409,0.0,0.0
2024-09-11 12:30:00-04:00,18.404199600219727,18.420000076293945,18.385000228881836,18.420000076293945,0,0.0,0.0
2024-09-11 13:30:00-04:00,18.415000915527344,18.459999084472656,18.281999588012695,18.284500122070312,58640,0.0,0.0
2024-09-11 14:30:00-04:00,18.270099639892578,18.329999923706055,18.270099639892578,18.31999969482422,9867,0.0,0.0
2024-09-11 15:30:00-04:00,18.33989906311035,18.33989906311035,18.299999237060547,18.299999237060547,0,0.0,0.0
2024-09-12 09:30:00-04:00,18.299999237060547,18.31999969482422,18.265600204467773,18.315000534057617,7815,0.0,0.0
2024-09-12 10:30:00-04:00,18.3528995513916,18.3528995513916,18.290000915527344,18.315799713134766,10645,0.0,0.0
2024-09-12 11:30:00-04:00,18.31719970703125,18.31999969482422,18.312999725341797,18.312999725341797,1123,0.0,0.0
2024-09-12 12:30:00-04:00,18.34000015258789,18.349300384521484,18.309999465942383,18.309999465942383,7902,0.0,0.0
2024-09-12 13:30:00-04:00,18.322500228881836,18.329999923706055,18.299999237060547,18.31999969482422,2316,0.0,0.0
2024-09-12 14:30:00-04:00,18.309999465942383,18.329999923706055,18.290000915527344,18.309999465942383,6131,0.0,0.0
2024-09-12 15:30:00-04:00,18.299999237060547,18.350000381469727,18.25,18.329999923706055,22403,0.0,0.0
2024-09-13 09:30:00-04:00,18.190000534057617,18.219999313354492,18.150100708007812,18.150100708007812,5810,0.0,0.0
2024-09-13 10:30:00-04:00,18.190000534057617,18.200000762939453,18.150100708007812,18.17009925842285,7272,0.0,0.0
2024-09-13 11:30:00-04:00,18.17060089111328,18.184999465942383,18.15999984741211,18.170000076293945,3739,0.0,0.0
2024-09-13 12:30:00-04:00,18.166000366210938,18.190000534057617,18.100000381469727,18.110000610351562,9770,0.0,0.0
2024-09-13 13:30:00-04:00,18.110000610351562,18.139999389648438,17.989999771118164,18.014999389648438,19759,0.0,0.0
2024-09-13 14:30:00-04:00,17.989999771118164,18.006799697875977,17.950000762939453,17.950000762939453,2774,0.0,0.0
2024-09-13 15:30:00-04:00,17.969999313354492,18.100000381469727,17.920000076293945,18.049999237060547,23625,0.0,0.0
