Datetime,Open,High,Low,Close,Volume,Dividends,Stock Splits,Capital Gains
2022-09-15 09:30:00-04:00,16.81999969482422,16.875,16.799999237060547,16.850000381469727,76329,0.0,0.0,0.0
2022-09-15 10:30:00-04:00,16.81999969482422,16.81999969482422,16.6299991607666,16.68000030517578,18327,0.0,0.0,0.0
2022-09-15 11:30:00-04:00,16.690000534057617,16.690000534057617,16.59000015258789,16.6200008392334,3820,0.0,0.0,0.0
2022-09-15 12:30:00-04:00,16.6299991607666,16.670000076293945,16.6200008392334,16.665000915527344,7763,0.0,0.0,0.0
2022-09-15 13:30:00-04:00,16.670000076293945,16.674999237060547,16.6299991607666,16.6299991607666,38799,0.0,0.0,0.0
2022-09-15 14:30:00-04:00,16.639999389648438,16.639999389648438,16.610000610351562,16.610000610351562,2934,0.0,0.0,0.0
2022-09-15 15:30:00-04:00,16.600000381469727,16.615699768066406,16.600000381469727,16.615699768066406,0,0.0,0.0,0.0
2022-09-16 09:30:00-04:00,16.579999923706055,16.7549991607666,16.56999969482422,16.75,40518,0.0,0.0,0.0
2022-09-16 10:30:00-04:00,16.770000457763672,16.78499984741211,16.729999542236328,16.739999771118164,16440,0.0,0.0,0.0
2022-09-16 11:30:00-04:00,16.739999771118164,16.7450008392334,16.719999313354492,16.719999313354492,10673,0.0,0.0,0.0
2022-09-16 12:30:00-04:00,16.71500015258789,16.739999771118164,16.709999084472656,16.729999542236328,6423,0.0,0.0,0.0
2022-09-16 13:30:00-04:00,16.729999542236328,16.739999771118164,16.6968994140625,16.729999542236328,4596,0.0,0.0,0.0
2022-09-16 14:30:00-04:00,16.739999771118164,16.75,16.729999542236328,16.729999542236328,6073,0.0,0.0,0.0
2022-09-16 15:30:00-04:00,16.729999542236328,16.73110008239746,16.721399307250977,16.721399307250977,300,0.0,0.0,0.0
2022-09-19 09:30:00-04:00,16.610000610351562,16.655000686645508,16.610000610351562,16.649999618530273,57190,0.0,0.0,0.0
2022-09-19 10:30:00-04:00,16.700000762939453,16.729999542236328,16.700000762939453,16.719999313354492,4754,0.0,0.0,0.0
2022-09-19 11:30:00-04:00,16.719999313354492,16.719999313354492,16.690000534057617,16.690000534057617,3012,0.0,0.0,0.0
2022-09-19 12:30:00-04:00,16.690000534057617,16.69499969482422,16.68000030517578,16.68000030517578,3917,0.0,0.0,0.0
2022-09-19 13:30:00-04:00,16.68000030517578,16.69499969482422,16.68000030517578,16.684999465942383,1267,0.0,0.0,0.0
2022-09-19 14:30:00-04:00,16.690000534057617,16.719999313354492,16.690000534057617,16.719999313354492,2586,0.0,0.0,0.0
2022-09-19 15:30:00-04:00,16.719999313354492,16.725000381469727,16.719999313354492,16.719999313354492,535,0.0,0.0,0.0
2022-09-20 09:30:00-04:00,16.639999389648438,16.639999389648438,16.579999923706055,16.622499465942383,10943,0.0,0.0,0.0
2022-09-20 10:30:00-04:00,16.6200008392334,16.649999618530273,16.6200008392334,16.639999389648438,1132,0.0,0.0,0.0
2022-09-20 11:30:00-04:00,16.6299991607666,16.639999389648438,16.6200008392334,16.6200008392334,2848,0.0,0.0,0.0
2022-09-20 12:30:00-04:00,16.6200008392334,16.6299991607666,16.6200008392334,16.6200008392334,1415,0.0,0.0,0.0
2022-09-20 13:30:00-04:00,16.600000381469727,16.635000228881836,16.600000381469727,16.6299991607666,18508,0.0,0.0,0.0
2022-09-20 14:30:00-04:00,16.6200008392334,16.6299991607666,16.6200008392334,16.625,10479,0.0,0.0,0.0
2022-09-20 15:30:00-04:00,16.6299991607666,16.639999389648438,16.6299991607666,16.63360023498535,0,0.0,0.0,0.0
2022-09-21 09:30:00-04:00,16.739999771118164,16.739999771118164,16.68000030517578,16.68000030517578,31426,0.0,0.0,0.0
2022-09-21 10:30:00-04:00,16.65999984741211,16.65999984741211,16.649999618530273,16.655000686645508,1828,0.0,0.0,0.0
2022-09-21 11:30:00-04:00,16.65999984741211,16.670000076293945,16.655000686645508,16.655000686645508,892,0.0,0.0,0.0
2022-09-21 12:30:00-04:00,16.655000686645508,16.65999984741211,16.639999389648438,16.65999984741211,2834,0.0,0.0,0.0
2022-09-21 13:30:00-04:00,16.670000076293945,16.68000030517578,16.540000915527344,16.6299991607666,21168,0.0,0.0,0.0
2022-09-21 14:30:00-04:00,16.6200008392334,16.850000381469727,16.6200008392334,16.77989959716797,20837,0.0,0.0,0.0
2022-09-21 15:30:00-04:00,16.735000610351562,16.7450008392334,16.70009994506836,16.70009994506836,4386,0.0,0.0,0.0
2022-09-22 09:30:00-04:00,16.700000762939453,16.739999771118164,16.700000762939453,16.739999771118164,8390,0.0,0.0,0.0
2022-09-22 10:30:00-04:00,16.708999633789062,16.71500015258789,16.670000076293945,16.690000534057617,5331,0.0,0.0,0.0
2022-09-22 11:30:00-04:00,16.690000534057617,16.709999084472656,16.690000534057617,16.704999923706055,3416,0.0,0.0,0.0
2022-09-22 12:30:00-04:00,16.700000762939453,16.739999771118164,16.700000762939453,16.719999313354492,3139,0.0,0.0,0.0
2022-09-22 13:30:00-04:00,16.709999084472656,16.715099334716797,16.68000030517578,16.68720054626465,1769,0.0,0.0,0.0
2022-09-22 14:30:00-04:00,16.690000534057617,16.709999084472656,16.684999465942383,16.709999084472656,2640,0.0,0.0,0.0
2022-09-22 15:30:00-04:00,16.719999313354492,16.719999313354492,16.704999923706055,16.704999923706055,19804,0.0,0.0,0.0
2022-09-23 09:30:00-04:00,16.520000457763672,16.520000457763672,16.420000076293945,16.457399368286133,10476,0.0,0.0,0.0
2022-09-23 10:30:00-04:00,16.430999755859375,16.450000762939453,16.420000076293945,16.450000762939453,11281,0.0,0.0,0.0
2022-09-23 11:30:00-04:00,16.450000762939453,16.469999313354492,16.450000762939453,16.459999084472656,3493,0.0,0.0,0.0
2022-09-23 12:30:00-04:00,16.450000762939453,16.463499069213867,16.440000534057617,16.463499069213867,2375,0.0,0.0,0.0
2022-09-23 13:30:00-04:00,16.459999084472656,16.459999084472656,16.420000076293945,16.420000076293945,14306,0.0,0.0,0.0
2022-09-23 14:30:00-04:00,16.420000076293945,16.420000076293945,16.3799991607666,16.40999984741211,20391,0.0,0.0,0.0
2022-09-23 15:30:00-04:00,16.40999984741211,16.43000030517578,16.40999984741211,16.41510009765625,14728,0.0,0.0,0.0
2022-09-26 09:30:00-04:00,16.450000762939453,16.450000762939453,16.43000030517578,16.430999755859375,33078,0.0,0.0,0.0
2022-09-26 10:30:00-04:00,16.43000030517578,16.43000030517578,16.3799991607666,16.3799991607666,0,0.0,0.0,0.0
2022-09-26 11:30:00-04:00,16.3700008392334,16.3700008392334,16.290000915527344,16.290000915527344,44227,0.0,0.0,0.0
2022-09-26 12:30:00-04:00,16.290000915527344,16.299999237060547,16.239999771118164,16.25,7709,0.0,0.0,0.0
2022-09-26 13:30:00-04:00,16.260000228881836,16.260000228881836,16.209999084472656,16.219999313354492,5847,0.0,0.0,0.0
2022-09-26 14:30:00-04:00,16.219999313354492,16.290000915527344,16.204999923706055,16.260000228881836,31268,0.0,0.0,0.0
2022-09-26 15:30:00-04:00,16.25,16.25,16.229900360107422,16.230199813842773,0,0.0,0.0,0.0
2022-09-27 09:30:00-04:00,16.34000015258789,16.34000015258789,16.34000015258789,16.34000015258789,12858,0.0,0.0,0.0
2022-09-27 10:30:00-04:00,16.340999603271484,16.360000610351562,16.329999923706055,16.329999923706055,6750,0.0,0.0,0.0
2022-09-27 11:30:00-04:00,16.309999465942383,16.360000610351562,16.290000915527344,16.291000366210938,4366,0.0,0.0,0.0
2022-09-27 12:30:00-04:00,16.299999237060547,16.299999237060547,16.260000228881836,16.27899932861328,2120,0.0,0.0,0.0
2022-09-27 13:30:00-04:00,16.270000457763672,16.299999237060547,16.270000457763672,16.280000686645508,2890,0.0,0.0,0.0
2022-09-27 14:30:00-04:00,16.290000915527344,16.309999465942383,16.270000457763672,16.270000457763672,1033,0.0,0.0,0.0
2022-09-27 15:30:00-04:00,16.264999389648438,16.264999389648438,16.2549991607666,16.2549991607666,0,0.0,0.0,0.0
2022-09-28 09:30:00-04:00,16.41900062561035,16.489999771118164,16.41900062561035,16.475000381469727,6290,0.0,0.0,0.0
2022-09-28 10:30:00-04:00,16.479999542236328,16.530000686645508,16.479999542236328,16.530000686645508,5047,0.0,0.0,0.0
2022-09-28 11:30:00-04:00,16.510000228881836,16.58609962463379,16.510000228881836,16.545000076293945,12469,0.0,0.0,0.0
2022-09-28 12:30:00-04:00,16.540000915527344,16.610000610351562,16.540000915527344,16.600000381469727,2885,0.0,0.0,0.0
2022-09-28 13:30:00-04:00,16.600000381469727,16.604999542236328,16.59000015258789,16.59000015258789,2674,0.0,0.0,0.0
2022-09-28 14:30:00-04:00,16.579999923706055,16.600000381469727,16.579999923706055,16.579999923706055,1428,0.0,0.0,0.0
2022-09-28 15:30:00-04:00,16.579999923706055,16.594999313354492,16.575000762939453,16.594999313354492,0,0.0,0.0,0.0
2022-09-29 09:30:00-04:00,16.549999237060547,16.549999237060547,16.520000457763672,16.520000457763672,3788,0.0,0.0,0.0
2022-09-29 10:30:00-04:00,16.46500015258789,16.579999923706055,16.459999084472656,16.549999237060547,42876,0.0,0.0,0.0
2022-09-29 11:30:00-04:00,16.549999237060547,16.629899978637695,16.549999237060547,16.59000015258789,16125,0.0,0.0,0.0
2022-09-29 12:30:00-04:00,16.579999923706055,16.59000015258789,16.56999969482422,16.59000015258789,2666,0.0,0.0,0.0
2022-09-29 13:30:00-04:00,16.584999084472656,16.59000015258789,16.559999465942383,16.559999465942383,22254,0.0,0.0,0.0
2022-09-29 14:30:00-04:00,16.565000534057617,16.56999969482422,16.565000534057617,16.56999969482422,1778,0.0,0.0,0.0
2022-09-29 15:30:00-04:00,16.579999923706055,16.600000381469727,16.579999923706055,16.599000930786133,0,0.0,0.0,0.0
2022-09-30 09:30:00-04:00,16.649999618530273,16.709999084472656,16.639999389648438,16.69499969482422,52713,0.0,0.0,0.0
2022-09-30 10:30:00-04:00,16.709999084472656,16.735000610351562,16.709999084472656,16.71500015258789,7658,0.0,0.0,0.0
2022-09-30 11:30:00-04:00,16.709999084472656,16.719999313354492,16.639999389648438,16.655000686645508,6949,0.0,0.0,0.0
2022-09-30 12:30:00-04:00,16.649999618530273,16.649999618530273,16.614999771118164,16.6200008392334,18544,0.0,0.0,0.0
2022-09-30 13:30:00-04:00,16.6200008392334,16.6200008392334,16.59000015258789,16.6200008392334,2741,0.0,0.0,0.0
2022-09-30 14:30:00-04:00,16.6200008392334,16.6200008392334,16.600000381469727,16.600000381469727,3479,0.0,0.0,0.0
2022-09-30 15:30:00-04:00,16.600000381469727,16.60420036315918,16.579999923706055,16.59000015258789,32078,0.0,0.0,0.0
2022-10-03 09:30:00-04:00,16.68000030517578,16.84000015258789,16.663000106811523,16.84000015258789,12782,0.0,0.0,0.0
2022-10-03 10:30:00-04:00,16.8700008392334,16.920000076293945,16.84000015258789,16.889999389648438,13385,0.0,0.0,0.0
2022-10-03 11:30:00-04:00,16.8799991607666,16.915000915527344,16.864999771118164,16.8700008392334,6043,0.0,0.0,0.0
2022-10-03 12:30:00-04:00,16.8700008392334,16.90999984741211,16.860000610351562,16.90999984741211,4454,0.0,0.0,0.0
2022-10-03 13:30:00-04:00,16.920000076293945,16.954999923706055,16.920000076293945,16.950000762939453,2629,0.0,0.0,0.0
2022-10-03 14:30:00-04:00,16.975000381469727,16.979999542236328,16.940900802612305,16.959999084472656,17257,0.0,0.0,0.0
2022-10-03 15:30:00-04:00,16.961000442504883,16.989999771118164,16.961000442504883,16.98539924621582,0,0.0,0.0,0.0
2022-10-04 09:30:00-04:00,17.09000015258789,17.139999389648438,17.09000015258789,17.114999771118164,28752,0.0,0.0,0.0
2022-10-04 10:30:00-04:00,17.18000030517578,17.239999771118164,17.170000076293945,17.239999771118164,6738,0.0,0.0,0.0
2022-10-04 11:30:00-04:00,17.260000228881836,17.260000228881836,17.219999313354492,17.260000228881836,2722,0.0,0.0,0.0
2022-10-04 12:30:00-04:00,17.260000228881836,17.270000457763672,17.190000534057617,17.204999923706055,7246,0.0,0.0,0.0
2022-10-04 13:30:00-04:00,17.200000762939453,17.219999313354492,17.19499969482422,17.219999313354492,16143,0.0,0.0,0.0
2022-10-04 14:30:00-04:00,17.229999542236328,17.239999771118164,17.219999313354492,17.229999542236328,1345,0.0,0.0,0.0
2022-10-04 15:30:00-04:00,17.239999771118164,17.239999771118164,17.227500915527344,17.22879981994629,0,0.0,0.0,0.0
2022-10-05 09:30:00-04:00,17.09000015258789,17.09000015258789,16.990299224853516,16.999900817871094,11549,0.0,0.0,0.0
2022-10-05 10:30:00-04:00,17.059999465942383,17.079999923706055,17.059999465942383,17.06999969482422,3380,0.0,0.0,0.0
2022-10-05 11:30:00-04:00,17.06999969482422,17.079999923706055,17.059999465942383,17.079999923706055,2428,0.0,0.0,0.0
2022-10-05 12:30:00-04:00,17.09000015258789,17.104999542236328,17.06999969482422,17.104999542236328,15611,0.0,0.0,0.0
2022-10-05 13:30:00-04:00,17.100000381469727,17.139999389648438,17.100000381469727,17.1299991607666,1423,0.0,0.0,0.0
2022-10-05 14:30:00-04:00,17.1299991607666,17.15999984741211,17.1299991607666,17.15999984741211,970,0.0,0.0,0.0
2022-10-05 15:30:00-04:00,17.15530014038086,17.15530014038086,17.145000457763672,17.149599075317383,0,0.0,0.0,0.0
2022-10-06 09:30:00-04:00,17.110000610351562,17.110000610351562,17.070999145507812,17.070999145507812,17195,0.0,0.0,0.0
2022-10-06 10:30:00-04:00,17.09000015258789,17.1200008392334,17.09000015258789,17.1200008392334,16625,0.0,0.0,0.0
2022-10-06 11:30:00-04:00,17.1200008392334,17.1200008392334,17.059999465942383,17.09000015258789,1657,0.0,0.0,0.0
2022-10-06 12:30:00-04:00,17.100000381469727,17.1200008392334,17.100000381469727,17.1200008392334,301,0.0,0.0,0.0
2022-10-06 13:30:00-04:00,17.110000610351562,17.110000610351562,17.100000381469727,17.110000610351562,685,0.0,0.0,0.0
2022-10-06 14:30:00-04:00,17.114999771118164,17.1299991607666,17.110000610351562,17.1299991607666,3309,0.0,0.0,0.0
2022-10-06 15:30:00-04:00,17.1299991607666,17.13010025024414,17.125,17.125,0,0.0,0.0,0.0
2022-10-07 09:30:00-04:00,16.989999771118164,16.989999771118164,16.940000534057617,16.973400115966797,6329,0.0,0.0,0.0
2022-10-07 10:30:00-04:00,16.96500015258789,17.020000457763672,16.959999084472656,16.979999542236328,5609,0.0,0.0,0.0
2022-10-07 11:30:00-04:00,16.989999771118164,17.049999237060547,16.989999771118164,17.020000457763672,13003,0.0,0.0,0.0
2022-10-07 12:30:00-04:00,17.010000228881836,17.010000228881836,16.975000381469727,17.0,8346,0.0,0.0,0.0
2022-10-07 13:30:00-04:00,17.0,17.0,16.978200912475586,16.979700088500977,4457,0.0,0.0,0.0
2022-10-07 14:30:00-04:00,16.954999923706055,16.954999923706055,16.920000076293945,16.920000076293945,1973,0.0,0.0,0.0
2022-10-07 15:30:00-04:00,16.920000076293945,16.940000534057617,16.920000076293945,16.934999465942383,410,0.0,0.0,0.0
2022-10-10 09:30:00-04:00,16.739999771118164,16.7450008392334,16.719999313354492,16.729999542236328,5152,0.0,0.0,0.0
2022-10-10 10:30:00-04:00,16.690000534057617,16.700000762939453,16.649999618530273,16.65999984741211,3189,0.0,0.0,0.0
2022-10-10 11:30:00-04:00,16.65999984741211,16.65999984741211,16.655000686645508,16.65999984741211,2785,0.0,0.0,0.0
2022-10-10 12:30:00-04:00,16.65999984741211,16.665000915527344,16.65999984741211,16.65999984741211,1020,0.0,0.0,0.0
2022-10-10 13:30:00-04:00,16.670000076293945,16.68000030517578,16.670000076293945,16.68000030517578,761,0.0,0.0,0.0
2022-10-10 14:30:00-04:00,16.68000030517578,16.68000030517578,16.670000076293945,16.67099952697754,3028,0.0,0.0,0.0
2022-10-10 15:30:00-04:00,16.66990089416504,16.674999237060547,16.66990089416504,16.674999237060547,0,0.0,0.0,0.0
2022-10-11 09:30:00-04:00,16.68000030517578,16.68000030517578,16.650100708007812,16.650100708007812,4736,0.0,0.0,0.0
2022-10-11 10:30:00-04:00,16.68000030517578,16.709999084472656,16.68000030517578,16.700000762939453,3405,0.0,0.0,0.0
2022-10-11 11:30:00-04:00,16.719999313354492,16.809999465942383,16.70009994506836,16.809999465942383,19761,0.0,0.0,0.0
2022-10-11 12:30:00-04:00,16.799999237060547,16.809999465942383,16.780000686645508,16.780000686645508,3390,0.0,0.0,0.0
2022-10-11 13:30:00-04:00,16.770000457763672,16.780000686645508,16.760000228881836,16.770000457763672,322853,0.0,0.0,0.0
2022-10-11 14:30:00-04:00,16.76099967956543,16.76099967956543,16.6299991607666,16.65999984741211,37414,0.0,0.0,0.0
2022-10-11 15:30:00-04:00,16.649999618530273,16.649999618530273,16.645000457763672,16.645000457763672,770,0.0,0.0,0.0
2022-10-12 09:30:00-04:00,16.68000030517578,16.68000030517578,16.65999984741211,16.65999984741211,4643,0.0,0.0,0.0
2022-10-12 10:30:00-04:00,16.673500061035156,16.684999465942383,16.673500061035156,16.684999465942383,1325,0.0,0.0,0.0
2022-10-12 11:30:00-04:00,16.670000076293945,16.68000030517578,16.65999984741211,16.665000915527344,46669,0.0,0.0,0.0
2022-10-12 12:30:00-04:00,16.670000076293945,16.690000534057617,16.670000076293945,16.690000534057617,613,0.0,0.0,0.0
2022-10-12 13:30:00-04:00,16.690000534057617,16.75,16.690000534057617,16.739999771118164,7904,0.0,0.0,0.0
2022-10-12 14:30:00-04:00,16.739999771118164,16.739999771118164,16.709999084472656,16.725000381469727,41763,0.0,0.0,0.0
2022-10-12 15:30:00-04:00,16.729999542236328,16.736499786376953,16.725000381469727,16.735000610351562,0,0.0,0.0,0.0
2022-10-13 09:30:00-04:00,16.469999313354492,16.499000549316406,16.420000076293945,16.441099166870117,81641,0.0,0.0,0.0
2022-10-13 10:30:00-04:00,16.459999084472656,16.575000762939453,16.450000762939453,16.575000762939453,7821,0.0,0.0,0.0
2022-10-13 11:30:00-04:00,16.584999084472656,16.65999984741211,16.584999084472656,16.614999771118164,0,0.0,0.0,0.0
2022-10-13 12:30:00-04:00,16.638900756835938,16.704999923706055,16.638900756835938,16.69499969482422,155624,0.0,0.0,0.0
2022-10-13 13:30:00-04:00,16.69499969482422,16.700000762939453,16.674999237060547,16.674999237060547,1493,0.0,0.0,0.0
2022-10-13 14:30:00-04:00,16.665000915527344,16.665000915527344,16.624900817871094,16.624900817871094,4569,0.0,0.0,0.0
2022-10-14 09:30:00-04:00,16.520000457763672,16.530000686645508,16.469999313354492,16.489999771118164,0,0.0,0.0,0.0
2022-10-14 10:30:00-04:00,16.459999084472656,16.4950008392334,16.440000534057617,16.450000762939453,20902,0.0,0.0,0.0
2022-10-14 11:30:00-04:00,16.454999923706055,16.46500015258789,16.399999618530273,16.43000030517578,8090,0.0,0.0,0.0
2022-10-14 12:30:00-04:00,16.43000030517578,16.440000534057617,16.399999618530273,16.40999984741211,24657,0.0,0.0,0.0
2022-10-14 13:30:00-04:00,16.415000915527344,16.434200286865234,16.40999984741211,16.40999984741211,5618,0.0,0.0,0.0
2022-10-14 14:30:00-04:00,16.40999984741211,16.420000076293945,16.389999389648438,16.399999618530273,14342,0.0,0.0,0.0
2022-10-14 15:30:00-04:00,16.409900665283203,16.419200897216797,16.399999618530273,16.415000915527344,3808,0.0,0.0,0.0
2022-10-17 09:30:00-04:00,16.635000228881836,16.639999389648438,16.594999313354492,16.594999313354492,7816,0.0,0.0,0.0
2022-10-17 10:30:00-04:00,16.614999771118164,16.625,16.579999923706055,16.59000015258789,11260,0.0,0.0,0.0
2022-10-17 11:30:00-04:00,16.594999313354492,16.614999771118164,16.59000015258789,16.600000381469727,2447,0.0,0.0,0.0
2022-10-17 12:30:00-04:00,16.59000015258789,16.59000015258789,16.549999237060547,16.565000534057617,6561,0.0,0.0,0.0
2022-10-17 13:30:00-04:00,16.559999465942383,16.559999465942383,16.510000228881836,16.510000228881836,2095,0.0,0.0,0.0
2022-10-17 14:30:00-04:00,16.489999771118164,16.489999771118164,16.469999313354492,16.479999542236328,1024,0.0,0.0,0.0
2022-10-17 15:30:00-04:00,16.479999542236328,16.479999542236328,16.450000762939453,16.459999084472656,881,0.0,0.0,0.0
2022-10-18 09:30:00-04:00,16.540000915527344,16.540000915527344,16.4950008392334,16.4950008392334,1948,0.0,0.0,0.0
2022-10-18 10:30:00-04:00,16.47330093383789,16.516000747680664,16.450000762939453,16.469999313354492,21128,0.0,0.0,0.0
2022-10-18 11:30:00-04:00,16.459999084472656,16.5,16.450000762939453,16.479999542236328,3117,0.0,0.0,0.0
2022-10-18 12:30:00-04:00,16.489999771118164,16.510000228881836,16.479999542236328,16.489999771118164,21905,0.0,0.0,0.0
2022-10-18 13:30:00-04:00,16.491300582885742,16.520000457763672,16.489999771118164,16.4950008392334,321064,0.0,0.0,0.0
2022-10-18 14:30:00-04:00,16.5,16.5,16.469999313354492,16.485000610351562,5447,0.0,0.0,0.0
2022-10-18 15:30:00-04:00,16.489999771118164,16.4950008392334,16.489999771118164,16.489999771118164,5584,0.0,0.0,0.0
2022-10-19 09:30:00-04:00,16.329999923706055,16.344999313354492,16.299999237060547,16.344999313354492,23994,0.0,0.0,0.0
2022-10-19 10:30:00-04:00,16.329999923706055,16.329999923706055,16.299999237060547,16.299999237060547,1263,0.0,0.0,0.0
2022-10-19 11:30:00-04:00,16.299999237060547,16.299999237060547,16.270000457763672,16.270000457763672,2223,0.0,0.0,0.0
2022-10-19 12:30:00-04:00,16.270000457763672,16.280000686645508,16.260000228881836,16.280000686645508,1204,0.0,0.0,0.0
2022-10-19 13:30:00-04:00,16.280000686645508,16.280000686645508,16.260000228881836,16.270000457763672,6492,0.0,0.0,0.0
2022-10-19 14:30:00-04:00,16.27989959716797,16.280000686645508,16.260000228881836,16.270000457763672,8854,0.0,0.0,0.0
2022-10-19 15:30:00-04:00,16.270999908447266,16.280000686645508,16.270000457763672,16.279800415039062,3938,0.0,0.0,0.0
2022-10-20 09:30:00-04:00,16.299999237060547,16.299999237060547,16.299999237060547,16.299999237060547,530,0.0,0.0,0.0
2022-10-20 10:30:00-04:00,16.388900756835938,16.440000534057617,16.388900756835938,16.389999389648438,4901,0.0,0.0,0.0
2022-10-20 11:30:00-04:00,16.399999618530273,16.40999984741211,16.389999389648438,16.389999389648438,1259,0.0,0.0,0.0
2022-10-20 12:30:00-04:00,16.350000381469727,16.350000381469727,16.309999465942383,16.309999465942383,946,0.0,0.0,0.0
2022-10-20 13:30:00-04:00,16.299999237060547,16.299999237060547,16.270000457763672,16.270000457763672,5277,0.0,0.0,0.0
2022-10-20 14:30:00-04:00,16.280000686645508,16.285200119018555,16.264999389648438,16.264999389648438,2774,0.0,0.0,0.0
2022-10-20 15:30:00-04:00,16.239999771118164,16.259000778198242,16.239999771118164,16.25,10232,0.0,0.0,0.0
2022-10-21 09:30:00-04:00,16.299999237060547,16.385000228881836,16.299999237060547,16.36989974975586,13331,0.0,0.0,0.0
2022-10-21 10:30:00-04:00,16.36989974975586,16.450000762939453,16.34000015258789,16.420000076293945,55767,0.0,0.0,0.0
2022-10-21 11:30:00-04:00,16.43000030517578,16.524999618530273,16.399999618530273,16.479999542236328,59763,0.0,0.0,0.0
2022-10-21 12:30:00-04:00,16.5,16.524999618530273,16.489999771118164,16.5,1862,0.0,0.0,0.0
2022-10-21 13:30:00-04:00,16.510000228881836,16.520000457763672,16.5,16.506999969482422,36125,0.0,0.0,0.0
2022-10-21 14:30:00-04:00,16.510000228881836,16.550199508666992,16.510000228881836,16.545000076293945,83335,0.0,0.0,0.0
2022-10-21 15:30:00-04:00,16.540000915527344,16.540000915527344,16.530000686645508,16.53420066833496,4420,0.0,0.0,0.0
2022-10-24 09:30:00-04:00,16.469999313354492,16.520000457763672,16.424999237060547,16.450000762939453,123224,0.0,0.0,0.0
2022-10-24 10:30:00-04:00,16.459999084472656,16.485000610351562,16.449899673461914,16.469999313354492,197083,0.0,0.0,0.0
2022-10-24 11:30:00-04:00,16.469999313354492,16.510000228881836,16.469999313354492,16.5,7728,0.0,0.0,0.0
2022-10-24 12:30:00-04:00,16.4950008392334,16.4950008392334,16.479900360107422,16.480100631713867,24803,0.0,0.0,0.0
2022-10-24 13:30:00-04:00,16.479999542236328,16.480100631713867,16.469999313354492,16.469999313354492,127950,0.0,0.0,0.0
2022-10-24 14:30:00-04:00,16.469999313354492,16.500099182128906,16.469999313354492,16.489999771118164,54599,0.0,0.0,0.0
2022-10-24 15:30:00-04:00,16.486499786376953,16.489900588989258,16.475000381469727,16.479999542236328,2232,0.0,0.0,0.0
2022-10-25 09:30:00-04:00,16.510000228881836,16.594999313354492,16.510000228881836,16.54990005493164,70791,0.0,0.0,0.0
2022-10-25 10:30:00-04:00,16.549999237060547,16.549999237060547,16.530000686645508,16.549999237060547,121007,0.0,0.0,0.0
2022-10-25 11:30:00-04:00,16.550100326538086,16.559999465942383,16.540000915527344,16.540000915527344,41292,0.0,0.0,0.0
2022-10-25 12:30:00-04:00,16.54330062866211,16.54330062866211,16.510000228881836,16.530000686645508,23471,0.0,0.0,0.0
2022-10-25 13:30:00-04:00,16.530000686645508,16.54990005493164,16.530000686645508,16.545000076293945,5029,0.0,0.0,0.0
2022-10-25 14:30:00-04:00,16.540000915527344,16.540000915527344,16.519899368286133,16.519899368286133,6127,0.0,0.0,0.0
2022-10-25 15:30:00-04:00,16.51729965209961,16.520099639892578,16.51729965209961,16.520099639892578,5100,0.0,0.0,0.0
2022-10-26 09:30:00-04:00,16.6200008392334,16.67009925842285,16.6200008392334,16.67009925842285,0,0.0,0.0,0.0
2022-10-26 10:30:00-04:00,16.65999984741211,16.670000076293945,16.63409996032715,16.65999984741211,41334,0.0,0.0,0.0
2022-10-26 11:30:00-04:00,16.684999465942383,16.684999465942383,16.649599075317383,16.649999618530273,13198,0.0,0.0,0.0
2022-10-26 12:30:00-04:00,16.65999984741211,16.65999984741211,16.639999389648438,16.645000457763672,33896,0.0,0.0,0.0
2022-10-26 13:30:00-04:00,16.6299991607666,16.655000686645508,16.629899978637695,16.645000457763672,63581,0.0,0.0,0.0
2022-10-26 14:30:00-04:00,16.639999389648438,16.639999389648438,16.62689971923828,16.6299991607666,2354,0.0,0.0,0.0
2022-10-26 15:30:00-04:00,16.625,16.6299991607666,16.621000289916992,16.621000289916992,9960,0.0,0.0,0.0
2022-10-27 09:30:00-04:00,16.610000610351562,16.63010025024414,16.559999465942383,16.620100021362305,85116,0.0,0.0,0.0
2022-10-27 10:30:00-04:00,16.6299991607666,16.6299991607666,16.584999084472656,16.625,15313,0.0,0.0,0.0
2022-10-27 11:30:00-04:00,16.6299991607666,16.6299991607666,16.579999923706055,16.579999923706055,13423,0.0,0.0,0.0
2022-10-27 12:30:00-04:00,16.549999237060547,16.600000381469727,16.549999237060547,16.600000381469727,11058,0.0,0.0,0.0
2022-10-27 13:30:00-04:00,16.600000381469727,16.600000381469727,16.579999923706055,16.579999923706055,21215,0.0,0.0,0.0
2022-10-27 14:30:00-04:00,16.579200744628906,16.579999923706055,16.56999969482422,16.579999923706055,1498,0.0,0.0,0.0
2022-10-27 15:30:00-04:00,16.59000015258789,16.610000610351562,16.59000015258789,16.610000610351562,8613,0.0,0.0,0.0
2022-10-28 09:30:00-04:00,16.420000076293945,16.475000381469727,16.405000686645508,16.405000686645508,241271,0.0,0.0,0.0
2022-10-28 10:30:00-04:00,16.415000915527344,16.415800094604492,16.3700008392334,16.389999389648438,29123,0.0,0.0,0.0
2022-10-28 11:30:00-04:00,16.389999389648438,16.399999618530273,16.372499465942383,16.395000457763672,29836,0.0,0.0,0.0
2022-10-28 12:30:00-04:00,16.395000457763672,16.43000030517578,16.389999389648438,16.399999618530273,4721,0.0,0.0,0.0
2022-10-28 13:30:00-04:00,16.399999618530273,16.404199600219727,16.39080047607422,16.399999618530273,26976,0.0,0.0,0.0
2022-10-28 14:30:00-04:00,16.40999984741211,16.429899215698242,16.405000686645508,16.429899215698242,16192,0.0,0.0,0.0
2022-10-28 15:30:00-04:00,16.420000076293945,16.43000030517578,16.420000076293945,16.43000030517578,6212,0.0,0.0,0.0
2022-10-31 09:30:00-04:00,16.34000015258789,16.385000228881836,16.34000015258789,16.385000228881836,0,0.0,0.0,0.0
2022-10-31 10:30:00-04:00,16.378999710083008,16.399999618530273,16.360000610351562,16.375,116217,0.0,0.0,0.0
2022-10-31 11:30:00-04:00,16.375,16.38990020751953,16.354999542236328,16.3799991607666,613237,0.0,0.0,0.0
2022-10-31 12:30:00-04:00,16.3700008392334,16.3700008392334,16.344999313354492,16.360000610351562,8437,0.0,0.0,0.0
2022-10-31 13:30:00-04:00,16.360000610351562,16.360000610351562,16.334999084472656,16.34000015258789,4282,0.0,0.0,0.0
2022-10-31 14:30:00-04:00,16.346500396728516,16.346500396728516,16.309999465942383,16.31999969482422,2826,0.0,0.0,0.0
2022-10-31 15:30:00-04:00,16.31999969482422,16.31999969482422,16.30500030517578,16.30500030517578,964,0.0,0.0,0.0
2022-11-01 09:30:00-04:00,16.5,16.520000457763672,16.440000534057617,16.440000534057617,6199,0.0,0.0,0.0
2022-11-01 10:30:00-04:00,16.440000534057617,16.450000762939453,16.43000030517578,16.43000030517578,1395,0.0,0.0,0.0
2022-11-01 11:30:00-04:00,16.440000534057617,16.489999771118164,16.420000076293945,16.440000534057617,12295,0.0,0.0,0.0
2022-11-01 12:30:00-04:00,16.420000076293945,16.450000762939453,16.420000076293945,16.450000762939453,3880,0.0,0.0,0.0
2022-11-01 13:30:00-04:00,16.459999084472656,16.490999221801758,16.459999084472656,16.479999542236328,1025,0.0,0.0,0.0
2022-11-01 14:30:00-04:00,16.475000381469727,16.479999542236328,16.45009994506836,16.45009994506836,19718,0.0,0.0,0.0
2022-11-01 15:30:00-04:00,16.451000213623047,16.4689998626709,16.451000213623047,16.46500015258789,11100,0.0,0.0,0.0
2022-11-02 09:30:00-04:00,16.540000915527344,16.540000915527344,16.492900848388672,16.492900848388672,37778,0.0,0.0,0.0
2022-11-02 10:30:00-04:00,16.479999542236328,16.479999542236328,16.453399658203125,16.453399658203125,0,0.0,0.0,0.0
2022-11-02 11:30:00-04:00,16.450899124145508,16.450899124145508,16.440000534057617,16.440000534057617,87495,0.0,0.0,0.0
2022-11-02 12:30:00-04:00,16.449899673461914,16.459999084472656,16.44499969482422,16.450000762939453,21539,0.0,0.0,0.0
2022-11-02 13:30:00-04:00,16.459999084472656,16.6299991607666,16.459999084472656,16.6299991607666,34236,0.0,0.0,0.0
2022-11-02 14:30:00-04:00,16.639999389648438,16.670000076293945,16.350000381469727,16.385000228881836,75304,0.0,0.0,0.0
2022-11-02 15:30:00-04:00,16.3799991607666,16.385000228881836,16.34000015258789,16.354999542236328,0,0.0,0.0,0.0
2022-11-03 09:30:00-04:00,16.166000366210938,16.229999542236328,16.166000366210938,16.229999542236328,29930,0.0,0.0,0.0
2022-11-03 10:30:00-04:00,16.219999313354492,16.290000915527344,16.219999313354492,16.280000686645508,5913,0.0,0.0,0.0
2022-11-03 11:30:00-04:00,16.270000457763672,16.270000457763672,16.239999771118164,16.2549991607666,2709,0.0,0.0,0.0
2022-11-03 12:30:00-04:00,16.25,16.270000457763672,16.239999771118164,16.270000457763672,16666,0.0,0.0,0.0
2022-11-03 13:30:00-04:00,16.270000457763672,16.28019905090332,16.270000457763672,16.280000686645508,10154,0.0,0.0,0.0
2022-11-03 14:30:00-04:00,16.299999237060547,16.30500030517578,16.290000915527344,16.30500030517578,1715,0.0,0.0,0.0
2022-11-03 15:30:00-04:00,16.30270004272461,16.30270004272461,16.295000076293945,16.295000076293945,2669,0.0,0.0,0.0
2022-11-04 09:30:00-04:00,16.639999389648438,16.704099655151367,16.610000610351562,16.700000762939453,24614,0.0,0.0,0.0
2022-11-04 10:30:00-04:00,16.719999313354492,16.719999313354492,16.690000534057617,16.690000534057617,6842,0.0,0.0,0.0
2022-11-04 11:30:00-04:00,16.690000534057617,16.709999084472656,16.670000076293945,16.70039939880371,18100,0.0,0.0,0.0
2022-11-04 12:30:00-04:00,16.719999313354492,16.719999313354492,16.709999084472656,16.719999313354492,4115,0.0,0.0,0.0
2022-11-04 13:30:00-04:00,16.719999313354492,16.739999771118164,16.719999313354492,16.739999771118164,6049,0.0,0.0,0.0
2022-11-04 14:30:00-04:00,16.75,16.799999237060547,16.75,16.790000915527344,24710,0.0,0.0,0.0
2022-11-04 15:30:00-04:00,16.780000686645508,16.790000915527344,16.780000686645508,16.78890037536621,11486,0.0,0.0,0.0
2022-11-07 09:30:00-05:00,16.770000457763672,16.799999237060547,16.729999542236328,16.729999542236328,222009,0.0,0.0,0.0
2022-11-07 10:30:00-05:00,16.760000228881836,16.78499984741211,16.75,16.770000457763672,3043,0.0,0.0,0.0
2022-11-07 11:30:00-05:00,16.7549991607666,16.767499923706055,16.75,16.7549991607666,12733,0.0,0.0,0.0
2022-11-07 12:30:00-05:00,16.7549991607666,16.760000228881836,16.739999771118164,16.7549991607666,2148,0.0,0.0,0.0
2022-11-07 13:30:00-05:00,16.760000228881836,16.760000228881836,16.739999771118164,16.739999771118164,1792,0.0,0.0,0.0
2022-11-07 14:30:00-05:00,16.732999801635742,16.75,16.725000381469727,16.729999542236328,3097,0.0,0.0,0.0
2022-11-07 15:30:00-05:00,16.735000610351562,16.735000610351562,16.723499298095703,16.725000381469727,0,0.0,0.0,0.0
2022-11-08 09:30:00-05:00,16.75,17.059999465942383,16.739999771118164,17.040000915527344,64446,0.0,0.0,0.0
2022-11-08 10:30:00-05:00,17.059999465942383,17.149999618530273,17.049999237060547,17.149999618530273,8853,0.0,0.0,0.0
2022-11-08 11:30:00-05:00,17.139999389648438,17.139999389648438,17.084999084472656,17.114999771118164,18057,0.0,0.0,0.0
2022-11-08 12:30:00-05:00,17.110000610351562,17.139999389648438,17.110000610351562,17.110000610351562,353546,0.0,0.0,0.0
2022-11-08 13:30:00-05:00,17.110000610351562,17.1200008392334,17.110000610351562,17.1200008392334,6207,0.0,0.0,0.0
2022-11-08 14:30:00-05:00,17.06999969482422,17.104999542236328,17.06999969482422,17.100000381469727,2921,0.0,0.0,0.0
2022-11-08 15:30:00-05:00,17.104999542236328,17.110000610351562,17.09000015258789,17.100000381469727,10492,0.0,0.0,0.0
2022-11-09 09:30:00-05:00,17.110000610351562,17.200000762939453,17.09000015258789,17.100000381469727,64429,0.0,0.0,0.0
2022-11-09 10:30:00-05:00,17.110000610351562,17.1200008392334,17.059999465942383,17.116300582885742,15136,0.0,0.0,0.0
2022-11-09 11:30:00-05:00,17.104999542236328,17.1200008392334,17.094999313354492,17.100000381469727,14865,0.0,0.0,0.0
2022-11-09 12:30:00-05:00,17.100000381469727,17.110000610351562,17.084999084472656,17.084999084472656,16752,0.0,0.0,0.0
2022-11-09 13:30:00-05:00,17.079999923706055,17.079999923706055,17.024999618530273,17.040000915527344,11857,0.0,0.0,0.0
2022-11-09 14:30:00-05:00,17.040000915527344,17.050100326538086,17.010000228881836,17.049999237060547,13544,0.0,0.0,0.0
2022-11-09 15:30:00-05:00,17.045000076293945,17.049999237060547,17.020099639892578,17.024999618530273,14219,0.0,0.0,0.0
2022-11-10 09:30:00-05:00,17.389999389648438,17.510000228881836,17.3700008392334,17.485000610351562,55050,0.0,0.0,0.0
2022-11-10 10:30:00-05:00,17.489999771118164,17.510000228881836,17.43000030517578,17.450000762939453,24702,0.0,0.0,0.0
2022-11-10 11:30:00-05:00,17.459999084472656,17.489999771118164,17.459999084472656,17.469999313354492,17826,0.0,0.0,0.0
2022-11-10 12:30:00-05:00,17.454999923706055,17.489999771118164,17.450000762939453,17.489999771118164,26219,0.0,0.0,0.0
2022-11-10 13:30:00-05:00,17.489999771118164,17.5,17.483699798583984,17.4950008392334,19632,0.0,0.0,0.0
2022-11-10 14:30:00-05:00,17.4950008392334,17.524999618530273,17.4950008392334,17.514999389648438,18124,0.0,0.0,0.0
2022-11-10 15:30:00-05:00,17.514999389648438,17.540000915527344,17.514999389648438,17.540000915527344,33600,0.0,0.0,0.0
2022-11-11 09:30:00-05:00,17.59000015258789,17.6200008392334,17.540000915527344,17.6200008392334,25644,0.0,0.0,0.0
2022-11-11 10:30:00-05:00,17.6200008392334,17.625,17.59000015258789,17.59000015258789,875202,0.0,0.0,0.0
2022-11-11 11:30:00-05:00,17.584999084472656,17.6299991607666,17.5846004486084,17.6299991607666,56563,0.0,0.0,0.0
2022-11-11 12:30:00-05:00,17.6299991607666,17.649999618530273,17.625,17.639999389648438,10521,0.0,0.0,0.0
2022-11-11 13:30:00-05:00,17.639999389648438,17.649999618530273,17.614999771118164,17.649999618530273,16811,0.0,0.0,0.0
2022-11-11 14:30:00-05:00,17.655000686645508,17.655000686645508,17.635000228881836,17.645000457763672,11905,0.0,0.0,0.0
2022-11-11 15:30:00-05:00,17.640399932861328,17.65999984741211,17.635000228881836,17.655000686645508,12083,0.0,0.0,0.0
2022-11-14 09:30:00-05:00,17.6299991607666,17.729999542236328,17.625,17.68000030517578,54644,0.0,0.0,0.0
2022-11-14 10:30:00-05:00,17.690000534057617,17.69499969482422,17.649999618530273,17.65999984741211,23084,0.0,0.0,0.0
2022-11-14 11:30:00-05:00,17.665000915527344,17.69499969482422,17.665000915527344,17.69499969482422,19290,0.0,0.0,0.0
2022-11-14 12:30:00-05:00,17.69499969482422,17.719999313354492,17.674999237060547,17.719999313354492,22355,0.0,0.0,0.0
2022-11-14 13:30:00-05:00,17.709999084472656,17.719999313354492,17.69499969482422,17.704999923706055,20970,0.0,0.0,0.0
2022-11-14 14:30:00-05:00,17.704999923706055,17.719999313354492,17.694000244140625,17.705699920654297,27915,0.0,0.0,0.0
2022-11-14 15:30:00-05:00,17.704999923706055,17.709999084472656,17.69499969482422,17.700000762939453,10847,0.0,0.0,0.0
2022-11-15 09:30:00-05:00,17.75,17.75,17.670000076293945,17.695600509643555,31875,0.0,0.0,0.0
2022-11-15 10:30:00-05:00,17.700000762939453,17.719999313354492,17.670000076293945,17.690000534057617,18105,0.0,0.0,0.0
2022-11-15 11:30:00-05:00,17.684999465942383,17.690000534057617,17.665000915527344,17.690000534057617,20316,0.0,0.0,0.0
2022-11-15 12:30:00-05:00,17.690000534057617,17.719999313354492,17.65999984741211,17.719999313354492,44795,0.0,0.0,0.0
2022-11-15 13:30:00-05:00,17.719999313354492,17.84000015258789,17.690000534057617,17.709999084472656,45185,0.0,0.0,0.0
2022-11-15 14:30:00-05:00,17.719999313354492,17.780000686645508,17.719999313354492,17.760000228881836,17094,0.0,0.0,0.0
2022-11-15 15:30:00-05:00,17.760000228881836,17.780000686645508,17.7549991607666,17.760000228881836,18518,0.0,0.0,0.0
2022-11-16 09:30:00-05:00,17.760000228881836,17.760000228881836,17.71500015258789,17.729999542236328,19107,0.0,0.0,0.0
2022-11-16 10:30:00-05:00,17.729999542236328,17.774999618530273,17.729999542236328,17.75,27364,0.0,0.0,0.0
2022-11-16 11:30:00-05:00,17.7549991607666,17.7549991607666,17.719999313354492,17.735000610351562,34435,0.0,0.0,0.0
2022-11-16 12:30:00-05:00,17.735000610351562,17.7450008392334,17.709999084472656,17.709999084472656,25807,0.0,0.0,0.0
2022-11-16 13:30:00-05:00,17.709999084472656,17.719999313354492,17.690000534057617,17.719999313354492,40309,0.0,0.0,0.0
2022-11-16 14:30:00-05:00,17.71500015258789,17.729999542236328,17.709999084472656,17.729999542236328,30397,0.0,0.0,0.0
2022-11-16 15:30:00-05:00,17.739999771118164,17.739999771118164,17.719999313354492,17.719999313354492,9371,0.0,0.0,0.0
2022-11-17 09:30:00-05:00,17.59000015258789,17.600000381469727,17.56999969482422,17.600000381469727,20538,0.0,0.0,0.0
2022-11-17 10:30:00-05:00,17.56999969482422,17.579999923706055,17.565000534057617,17.579999923706055,25911,0.0,0.0,0.0
2022-11-17 11:30:00-05:00,17.559999465942383,17.56999969482422,17.539600372314453,17.565000534057617,23054,0.0,0.0,0.0
2022-11-17 12:30:00-05:00,17.559999465942383,17.59000015258789,17.55500030517578,17.579999923706055,34903,0.0,0.0,0.0
2022-11-17 13:30:00-05:00,17.584999084472656,17.600000381469727,17.579999923706055,17.59000015258789,31487,0.0,0.0,0.0
2022-11-17 14:30:00-05:00,17.59000015258789,17.600000381469727,17.579999923706055,17.579999923706055,26707,0.0,0.0,0.0
2022-11-17 15:30:00-05:00,17.579999923706055,17.594999313354492,17.579999923706055,17.594999313354492,22948,0.0,0.0,0.0
2022-11-18 09:30:00-05:00,17.530000686645508,17.549999237060547,17.4950008392334,17.540000915527344,17122,0.0,0.0,0.0
2022-11-18 10:30:00-05:00,17.540000915527344,17.559999465942383,17.530000686645508,17.55500030517578,19428,0.0,0.0,0.0
2022-11-18 11:30:00-05:00,17.545000076293945,17.545000076293945,17.479999542236328,17.489999771118164,19542,0.0,0.0,0.0
2022-11-18 12:30:00-05:00,17.5,17.510000228881836,17.489999771118164,17.510000228881836,27893,0.0,0.0,0.0
2022-11-18 13:30:00-05:00,17.4950008392334,17.4950008392334,17.46500015258789,17.479999542236328,21280,0.0,0.0,0.0
2022-11-18 14:30:00-05:00,17.47089958190918,17.479999542236328,17.459999084472656,17.469999313354492,32276,0.0,0.0,0.0
2022-11-18 15:30:00-05:00,17.469999313354492,17.479900360107422,17.46500015258789,17.46500015258789,16891,0.0,0.0,0.0
2022-11-21 09:30:00-05:00,17.43000030517578,17.43000030517578,17.340099334716797,17.340099334716797,11503,0.0,0.0,0.0
2022-11-21 10:30:00-05:00,17.350000381469727,17.350000381469727,17.31999969482422,17.325000762939453,7580,0.0,0.0,0.0
2022-11-21 11:30:00-05:00,17.325000762939453,17.344999313354492,17.309999465942383,17.34000015258789,7346,0.0,0.0,0.0
2022-11-21 12:30:00-05:00,17.34000015258789,17.375,17.34000015258789,17.364999771118164,13849,0.0,0.0,0.0
2022-11-21 13:30:00-05:00,17.3700008392334,17.375,17.352699279785156,17.3700008392334,12072,0.0,0.0,0.0
2022-11-21 14:30:00-05:00,17.3700008392334,17.375,17.34000015258789,17.354999542236328,6679,0.0,0.0,0.0
2022-11-21 15:30:00-05:00,17.36009979248047,17.375,17.36009979248047,17.375,0,0.0,0.0,0.0
2022-11-22 09:30:00-05:00,17.40999984741211,17.440000534057617,17.405000686645508,17.424999237060547,28961,0.0,0.0,0.0
2022-11-22 10:30:00-05:00,17.424999237060547,17.424999237060547,17.385000228881836,17.399999618530273,331610,0.0,0.0,0.0
2022-11-22 11:30:00-05:00,17.389999389648438,17.405000686645508,17.385000228881836,17.385000228881836,29163,0.0,0.0,0.0
2022-11-22 12:30:00-05:00,17.385000228881836,17.385000228881836,17.364999771118164,17.3799991607666,25742,0.0,0.0,0.0
2022-11-22 13:30:00-05:00,17.375,17.3799991607666,17.360000610351562,17.364999771118164,21640,0.0,0.0,0.0
2022-11-22 14:30:00-05:00,17.364999771118164,17.364999771118164,17.360000610351562,17.360000610351562,21936,0.0,0.0,0.0
2022-11-22 15:30:00-05:00,17.362600326538086,17.389999389648438,17.362600326538086,17.385000228881836,37569,0.0,0.0,0.0
2022-11-23 09:30:00-05:00,17.34000015258789,17.450000762939453,17.34000015258789,17.3700008392334,229604,0.0,0.0,0.0
2022-11-23 10:30:00-05:00,17.399999618530273,17.420000076293945,17.389999389648438,17.40999984741211,2912,0.0,0.0,0.0
2022-11-23 11:30:00-05:00,17.415000915527344,17.415000915527344,17.395000457763672,17.415000915527344,13827,0.0,0.0,0.0
2022-11-23 12:30:00-05:00,17.415000915527344,17.43000030517578,17.40999984741211,17.43000030517578,12528,0.0,0.0,0.0
2022-11-23 13:30:00-05:00,17.440000534057617,17.510000228881836,17.420000076293945,17.5,16548,0.0,0.0,0.0
2022-11-23 14:30:00-05:00,17.489999771118164,17.510000228881836,17.475000381469727,17.4950008392334,23702,0.0,0.0,0.0
2022-11-23 15:30:00-05:00,17.4950008392334,17.5,17.489999771118164,17.4950008392334,8625,0.0,0.0,0.0
2022-11-25 09:30:00-05:00,17.479999542236328,17.509000778198242,17.479999542236328,17.5,8194,0.0,0.0,0.0
2022-11-25 10:30:00-05:00,17.489999771118164,17.489999771118164,17.479999542236328,17.489999771118164,6800,0.0,0.0,0.0
2022-11-25 11:30:00-05:00,17.499799728393555,17.540000915527344,17.489999771118164,17.524999618530273,6484,0.0,0.0,0.0
2022-11-28 09:30:00-05:00,17.489999771118164,17.489999771118164,17.44339942932129,17.46500015258789,26192,0.0,0.0,0.0
2022-11-28 10:30:00-05:00,17.459999084472656,17.459999084472656,17.40999984741211,17.415000915527344,9094,0.0,0.0,0.0
2022-11-28 11:30:00-05:00,17.415000915527344,17.440000534057617,17.415000915527344,17.424999237060547,9580,0.0,0.0,0.0
2022-11-28 12:30:00-05:00,17.43000030517578,17.43000030517578,17.389999389648438,17.399999618530273,21223,0.0,0.0,0.0
2022-11-28 13:30:00-05:00,17.399799346923828,17.405000686645508,17.385000228881836,17.389999389648438,11157,0.0,0.0,0.0
2022-11-28 14:30:00-05:00,17.385000228881836,17.389999389648438,17.382299423217773,17.385000228881836,8692,0.0,0.0,0.0
2022-11-28 15:30:00-05:00,17.399999618530273,17.399999618530273,17.3799991607666,17.385000228881836,11727,0.0,0.0,0.0
2022-11-29 09:30:00-05:00,17.469999313354492,17.549999237060547,17.454999923706055,17.549999237060547,10416,0.0,0.0,0.0
2022-11-29 10:30:00-05:00,17.549999237060547,17.549999237060547,17.489999771118164,17.489999771118164,3980,0.0,0.0,0.0
2022-11-29 11:30:00-05:00,17.479999542236328,17.5,17.479999542236328,17.479999542236328,2403,0.0,0.0,0.0
2022-11-29 12:30:00-05:00,17.5,17.5,17.479999542236328,17.479999542236328,16489,0.0,0.0,0.0
2022-11-29 13:30:00-05:00,17.479999542236328,17.508100509643555,17.479999542236328,17.5,3097,0.0,0.0,0.0
2022-11-29 14:30:00-05:00,17.489999771118164,17.489999771118164,17.47249984741211,17.47249984741211,4706,0.0,0.0,0.0
2022-11-29 15:30:00-05:00,17.469999313354492,17.469999313354492,17.459999084472656,17.46500015258789,2442,0.0,0.0,0.0
2022-11-30 09:30:00-05:00,17.56999969482422,17.600000381469727,17.5,17.5,11691,0.0,0.0,0.0
2022-11-30 10:30:00-05:00,17.479999542236328,17.510000228881836,17.47439956665039,17.510000228881836,15396,0.0,0.0,0.0
2022-11-30 11:30:00-05:00,17.510099411010742,17.520000457763672,17.5,17.520000457763672,7715,0.0,0.0,0.0
2022-11-30 12:30:00-05:00,17.509899139404297,17.520000457763672,17.450000762939453,17.450000762939453,4167,0.0,0.0,0.0
2022-11-30 13:30:00-05:00,17.440000534057617,17.6200008392334,17.440000534057617,17.600000381469727,7954,0.0,0.0,0.0
2022-11-30 14:30:00-05:00,17.59000015258789,17.670000076293945,17.59000015258789,17.66990089416504,4475,0.0,0.0,0.0
2022-11-30 15:30:00-05:00,17.674999237060547,17.68000030517578,17.670000076293945,17.68000030517578,169718,0.0,0.0,0.0
2022-12-01 09:30:00-05:00,17.969999313354492,18.010000228881836,17.940000534057617,17.940000534057617,40575,0.0,0.0,0.0
2022-12-01 10:30:00-05:00,17.939599990844727,17.969999313354492,17.939599990844727,17.969999313354492,1163,0.0,0.0,0.0
2022-12-01 11:30:00-05:00,18.0,18.005699157714844,17.990100860595703,17.990100860595703,1209,0.0,0.0,0.0
2022-12-01 12:30:00-05:00,18.010000228881836,18.010000228881836,17.979999542236328,17.979999542236328,11011,0.0,0.0,0.0
2022-12-01 13:30:00-05:00,17.9950008392334,18.0049991607666,17.989999771118164,17.99959945678711,1292,0.0,0.0,0.0
2022-12-01 14:30:00-05:00,18.001800537109375,18.00790023803711,17.9950008392334,17.9950008392334,7872,0.0,0.0,0.0
2022-12-01 15:30:00-05:00,18.004100799560547,18.014999389648438,18.004100799560547,18.01020050048828,0,0.0,0.0,0.0
2022-12-02 09:30:00-05:00,17.84000015258789,17.850000381469727,17.799999237060547,17.799999237060547,28459,0.0,0.0,0.0
2022-12-02 10:30:00-05:00,17.799999237060547,17.8799991607666,17.799999237060547,17.875,83991,0.0,0.0,0.0
2022-12-02 11:30:00-05:00,17.885000228881836,17.947900772094727,17.885000228881836,17.934999465942383,5368,0.0,0.0,0.0
2022-12-02 12:30:00-05:00,17.934999465942383,17.94580078125,17.924999237060547,17.934999465942383,15347,0.0,0.0,0.0
2022-12-02 13:30:00-05:00,17.940000534057617,17.940000534057617,17.920000076293945,17.920000076293945,3321,0.0,0.0,0.0
2022-12-02 14:30:00-05:00,17.93000030517578,17.972200393676758,17.93000030517578,17.969999313354492,8662,0.0,0.0,0.0
2022-12-02 15:30:00-05:00,17.957000732421875,17.95989990234375,17.950000762939453,17.950000762939453,2690,0.0,0.0,0.0
2022-12-05 09:30:00-05:00,17.8700008392334,17.8700008392334,17.719999313354492,17.719999313354492,16685,0.0,0.0,0.0
2022-12-05 10:30:00-05:00,17.719999313354492,17.770000457763672,17.719999313354492,17.739999771118164,14183,0.0,0.0,0.0
2022-12-05 11:30:00-05:00,17.75,17.75,17.674999237060547,17.68000030517578,249460,0.0,0.0,0.0
2022-12-05 12:30:00-05:00,17.68000030517578,17.68000030517578,17.670000076293945,17.670000076293945,11845,0.0,0.0,0.0
2022-12-05 13:30:00-05:00,17.670000076293945,17.68000030517578,17.639999389648438,17.642499923706055,7870,0.0,0.0,0.0
2022-12-05 14:30:00-05:00,17.642499923706055,17.66900062561035,17.639999389648438,17.66900062561035,8340,0.0,0.0,0.0
2022-12-05 15:30:00-05:00,17.649999618530273,17.655000686645508,17.649999618530273,17.655000686645508,3944,0.0,0.0,0.0
2022-12-06 09:30:00-05:00,17.739999771118164,17.75,17.69499969482422,17.704999923706055,13682,0.0,0.0,0.0
2022-12-06 10:30:00-05:00,17.700000762939453,17.729999542236328,17.690099716186523,17.729999542236328,16387,0.0,0.0,0.0
2022-12-06 11:30:00-05:00,17.739999771118164,17.739999771118164,17.684999465942383,17.69499969482422,17077,0.0,0.0,0.0
2022-12-06 12:30:00-05:00,17.684999465942383,17.700000762939453,17.68000030517578,17.68000030517578,7436,0.0,0.0,0.0
2022-12-06 13:30:00-05:00,17.670000076293945,17.68000030517578,17.655000686645508,17.68000030517578,12468,0.0,0.0,0.0
2022-12-06 14:30:00-05:00,17.68000030517578,17.700000762939453,17.670000076293945,17.69499969482422,10597,0.0,0.0,0.0
2022-12-06 15:30:00-05:00,17.69499969482422,17.700000762939453,17.690000534057617,17.69499969482422,11169,0.0,0.0,0.0
2022-12-07 09:30:00-05:00,17.770000457763672,17.850000381469727,17.769899368286133,17.799999237060547,119387,0.0,0.0,0.0
2022-12-07 10:30:00-05:00,17.809900283813477,17.809900283813477,17.75,17.760000228881836,52492,0.0,0.0,0.0
2022-12-07 11:30:00-05:00,17.770000457763672,17.81760025024414,17.770000457763672,17.809999465942383,40475,0.0,0.0,0.0
2022-12-07 12:30:00-05:00,17.809999465942383,17.84000015258789,17.795000076293945,17.834999084472656,14739,0.0,0.0,0.0
2022-12-07 13:30:00-05:00,17.84000015258789,17.8700008392334,17.84000015258789,17.854999542236328,172362,0.0,0.0,0.0
2022-12-07 14:30:00-05:00,17.854999542236328,17.8799991607666,17.850000381469727,17.854999542236328,19896,0.0,0.0,0.0
2022-12-07 15:30:00-05:00,17.854999542236328,17.860000610351562,17.850000381469727,17.850000381469727,15751,0.0,0.0,0.0
2022-12-08 09:30:00-05:00,17.889999389648438,17.920000076293945,17.844200134277344,17.920000076293945,22794,0.0,0.0,0.0
2022-12-08 10:30:00-05:00,17.899900436401367,17.899900436401367,17.854999542236328,17.854999542236328,8446,0.0,0.0,0.0
2022-12-08 11:30:00-05:00,17.854999542236328,17.885000228881836,17.850000381469727,17.864999771118164,21062,0.0,0.0,0.0
2022-12-08 12:30:00-05:00,17.864999771118164,17.8700008392334,17.844999313354492,17.8700008392334,16421,0.0,0.0,0.0
2022-12-08 13:30:00-05:00,17.889999389648438,17.899900436401367,17.850000381469727,17.864999771118164,18788,0.0,0.0,0.0
2022-12-08 14:30:00-05:00,17.864999771118164,17.87779998779297,17.860000610351562,17.869699478149414,12599,0.0,0.0,0.0
2022-12-08 15:30:00-05:00,17.860000610351562,17.8700008392334,17.860000610351562,17.864999771118164,11284,0.0,0.0,0.0
2022-12-09 09:30:00-05:00,17.959999084472656,17.9685001373291,17.916000366210938,17.920000076293945,7051,0.0,0.0,0.0
2022-12-09 10:30:00-05:00,17.90999984741211,17.999900817871094,17.90999984741211,17.999900817871094,8075,0.0,0.0,0.0
2022-12-09 11:30:00-05:00,18.030000686645508,18.030000686645508,17.989999771118164,17.989999771118164,1974,0.0,0.0,0.0
2022-12-09 12:30:00-05:00,17.96500015258789,17.96500015258789,17.96500015258789,17.96500015258789,102,0.0,0.0,0.0
2022-12-09 13:30:00-05:00,17.966800689697266,17.966800689697266,17.954999923706055,17.959999084472656,5982,0.0,0.0,0.0
2022-12-09 14:30:00-05:00,17.972400665283203,17.975000381469727,17.959999084472656,17.959999084472656,1009,0.0,0.0,0.0
2022-12-09 15:30:00-05:00,17.96500015258789,17.96500015258789,17.934999465942383,17.934999465942383,9239,0.0,0.0,0.0
2022-12-12 09:30:00-05:00,17.8700008392334,17.875,17.84000015258789,17.8700008392334,13489,0.0,0.0,0.0
2022-12-12 10:30:00-05:00,17.850000381469727,17.850000381469727,17.80500030517578,17.809999465942383,16937,0.0,0.0,0.0
2022-12-12 11:30:00-05:00,17.803600311279297,17.829999923706055,17.803600311279297,17.815000534057617,5600,0.0,0.0,0.0
2022-12-12 12:30:00-05:00,17.7992000579834,17.815000534057617,17.790000915527344,17.795000076293945,6989,0.0,0.0,0.0
2022-12-12 13:30:00-05:00,17.78499984741211,17.790000915527344,17.770000457763672,17.780000686645508,3525,0.0,0.0,0.0
2022-12-12 14:30:00-05:00,17.770000457763672,17.797000885009766,17.770000457763672,17.78499984741211,7520,0.0,0.0,0.0
2022-12-12 15:30:00-05:00,17.782499313354492,17.790000915527344,17.780000686645508,17.780000686645508,27126,0.0,0.0,0.0
2022-12-13 09:30:00-05:00,18.15999984741211,18.225000381469727,18.139999389648438,18.164499282836914,37790,0.0,0.0,0.0
2022-12-13 10:30:00-05:00,18.1200008392334,18.135000228881836,18.08449935913086,18.104999542236328,9593,0.0,0.0,0.0
2022-12-13 11:30:00-05:00,18.11549949645996,18.125,18.040000915527344,18.040000915527344,11635,0.0,0.0,0.0
2022-12-13 12:30:00-05:00,18.049999237060547,18.110000610351562,18.040000915527344,18.110000610351562,3630349,0.0,0.0,0.0
2022-12-13 13:30:00-05:00,18.1200008392334,18.1200008392334,18.09000015258789,18.09000015258789,3266,0.0,0.0,0.0
2022-12-13 14:30:00-05:00,18.094999313354492,18.094999313354492,18.079999923706055,18.086000442504883,1703,0.0,0.0,0.0
2022-12-13 15:30:00-05:00,18.100000381469727,18.100000381469727,18.079999923706055,18.079999923706055,0,0.0,0.0,0.0
2022-12-14 09:30:00-05:00,18.079999923706055,18.100000381469727,18.06999969482422,18.06999969482422,11607,0.0,0.0,0.0
2022-12-14 10:30:00-05:00,18.09000015258789,18.100000381469727,18.09000015258789,18.09000015258789,1967,0.0,0.0,0.0
2022-12-14 11:30:00-05:00,18.100000381469727,18.100000381469727,18.100000381469727,18.100000381469727,1761,0.0,0.0,0.0
2022-12-14 12:30:00-05:00,18.065000534057617,18.065000534057617,18.06130027770996,18.065000534057617,3246,0.0,0.0,0.0
2022-12-14 13:30:00-05:00,18.065000534057617,18.075000762939453,17.989999771118164,18.010000228881836,4535,0.0,0.0,0.0
2022-12-14 14:30:00-05:00,17.979999542236328,18.084999084472656,17.979999542236328,18.084999084472656,19984,0.0,0.0,0.0
2022-12-14 15:30:00-05:00,18.045000076293945,18.065000534057617,18.040000915527344,18.065000534057617,576,0.0,0.0,0.0
2022-12-15 09:30:00-05:00,17.799999237060547,17.829999923706055,17.75,17.75,14338,0.0,0.0,0.0
2022-12-15 10:30:00-05:00,17.75,17.774999618530273,17.729999542236328,17.760000228881836,9511,0.0,0.0,0.0
2022-12-15 11:30:00-05:00,17.75,17.770000457763672,17.729999542236328,17.770000457763672,3843,0.0,0.0,0.0
2022-12-15 12:30:00-05:00,17.778200149536133,17.780000686645508,17.739999771118164,17.770000457763672,14114,0.0,0.0,0.0
2022-12-15 13:30:00-05:00,17.770000457763672,17.774999618530273,17.760000228881836,17.760900497436523,14806,0.0,0.0,0.0
2022-12-15 14:30:00-05:00,17.760000228881836,17.770000457763672,17.7549991607666,17.760000228881836,4547,0.0,0.0,0.0
2022-12-15 15:30:00-05:00,17.764999389648438,17.764999389648438,17.75,17.75,3502,0.0,0.0,0.0
2022-12-16 09:30:00-05:00,17.809999465942383,17.905000686645508,17.809999465942383,17.8799991607666,0,0.0,0.0,0.0
2022-12-16 10:30:00-05:00,17.8700008392334,17.8799991607666,17.850400924682617,17.8700008392334,4769,0.0,0.0,0.0
2022-12-16 11:30:00-05:00,17.8700008392334,17.8799991607666,17.8700008392334,17.8799991607666,844,0.0,0.0,0.0
2022-12-16 12:30:00-05:00,17.8799991607666,17.885000228881836,17.850000381469727,17.8799991607666,2906,0.0,0.0,0.0
2022-12-16 13:30:00-05:00,17.889999389648438,17.899999618530273,17.889999389648438,17.895000457763672,1694,0.0,0.0,0.0
2022-12-16 14:30:00-05:00,17.895000457763672,17.915700912475586,17.889999389648438,17.915000915527344,2988,0.0,0.0,0.0
2022-12-16 15:30:00-05:00,17.924999237060547,17.924999237060547,17.899999618530273,17.899999618530273,4829,0.0,0.0,0.0
2022-12-19 09:30:00-05:00,17.899999618530273,17.940000534057617,17.875600814819336,17.920000076293945,15430,0.0,0.0,0.0
2022-12-19 10:30:00-05:00,17.90999984741211,17.90999984741211,17.829999923706055,17.85759925842285,13464,0.0,0.0,0.0
2022-12-19 11:30:00-05:00,17.8700008392334,17.8799991607666,17.860000610351562,17.8700008392334,2480,0.0,0.0,0.0
2022-12-19 12:30:00-05:00,17.875,17.895000457763672,17.8700008392334,17.8700008392334,6361,0.0,0.0,0.0
2022-12-19 13:30:00-05:00,17.8700008392334,17.8799991607666,17.850000381469727,17.850000381469727,4407,0.0,0.0,0.0
2022-12-19 14:30:00-05:00,17.854999542236328,17.854999542236328,17.850000381469727,17.850000381469727,5855,0.0,0.0,0.0
2022-12-19 15:30:00-05:00,17.849000930786133,17.854999542236328,17.849000930786133,17.850000381469727,3657,0.0,0.0,0.0
2022-12-20 09:30:00-05:00,18.049999237060547,18.190000534057617,18.040000915527344,18.165000915527344,35217,0.0,0.0,0.0
2022-12-20 10:30:00-05:00,18.16990089416504,18.16990089416504,18.1200008392334,18.129899978637695,7168,0.0,0.0,0.0
2022-12-20 11:30:00-05:00,18.139999389648438,18.184999465942383,18.135000228881836,18.174999237060547,7688,0.0,0.0,0.0
2022-12-20 12:30:00-05:00,18.174999237060547,18.18000030517578,18.12579917907715,18.12579917907715,8764,0.0,0.0,0.0
2022-12-20 13:30:00-05:00,18.135000228881836,18.159900665283203,18.128299713134766,18.145000457763672,9313,0.0,0.0,0.0
2022-12-20 14:30:00-05:00,18.145000457763672,18.16990089416504,18.145000457763672,18.155000686645508,3914,0.0,0.0,0.0
2022-12-20 15:30:00-05:00,18.15999984741211,18.170000076293945,18.155000686645508,18.155000686645508,7139,0.0,0.0,0.0
2022-12-21 09:30:00-05:00,18.149999618530273,18.18790054321289,18.149999618530273,18.160400390625,45908,0.0,0.0,0.0
2022-12-21 10:30:00-05:00,18.190000534057617,18.20800018310547,18.139999389648438,18.14699935913086,396357,0.0,0.0,0.0
2022-12-21 11:30:00-05:00,18.149999618530273,18.165000915527344,18.139999389648438,18.165000915527344,49844,0.0,0.0,0.0
2022-12-21 12:30:00-05:00,18.15999984741211,18.15999984741211,18.139999389648438,18.139999389648438,21257,0.0,0.0,0.0
2022-12-21 13:30:00-05:00,18.141700744628906,18.15999984741211,18.141700744628906,18.149999618530273,11107,0.0,0.0,0.0
2022-12-21 14:30:00-05:00,18.135000228881836,18.135000228881836,18.110000610351562,18.114999771118164,6931,0.0,0.0,0.0
2022-12-21 15:30:00-05:00,18.1200008392334,18.125,18.1200008392334,18.125,0,0.0,0.0,0.0
2022-12-22 09:30:00-05:00,18.020000457763672,18.020000457763672,17.940000534057617,17.940000534057617,56215,0.0,0.0,0.0
2022-12-22 10:30:00-05:00,17.950000762939453,17.959699630737305,17.93000030517578,17.950000762939453,11890,0.0,0.0,0.0
2022-12-22 11:30:00-05:00,17.94499969482422,17.956100463867188,17.922100067138672,17.93000030517578,32615,0.0,0.0,0.0
2022-12-22 12:30:00-05:00,17.924999237060547,17.924999237060547,17.84000015258789,17.850000381469727,64199,0.0,0.0,0.0
2022-12-22 13:30:00-05:00,17.84000015258789,17.859899520874023,17.84000015258789,17.859899520874023,2460,0.0,0.0,0.0
2022-12-22 14:30:00-05:00,17.844999313354492,17.920000076293945,17.844999313354492,17.920000076293945,2955,0.0,0.0,0.0
2022-12-22 15:30:00-05:00,17.911800384521484,17.915000915527344,17.905000686645508,17.905000686645508,2741,0.0,0.0,0.0
2022-12-23 09:30:00-05:00,17.920000076293945,17.937400817871094,17.899999618530273,17.93589973449707,11340,0.0,0.0,0.0
2022-12-23 10:30:00-05:00,18.0,18.008399963378906,18.0,18.008399963378906,2701,0.0,0.0,0.0
2022-12-23 11:30:00-05:00,18.010000228881836,18.010000228881836,17.982799530029297,17.982799530029297,2178,0.0,0.0,0.0
2022-12-23 12:30:00-05:00,17.959999084472656,17.959999084472656,17.94499969482422,17.945899963378906,6770,0.0,0.0,0.0
2022-12-23 13:30:00-05:00,17.924999237060547,17.950000762939453,17.924999237060547,17.949899673461914,2402,0.0,0.0,0.0
2022-12-23 14:30:00-05:00,17.950000762939453,17.950000762939453,17.94499969482422,17.94499969482422,2526,0.0,0.0,0.0
2022-12-23 15:30:00-05:00,17.950000762939453,17.959999084472656,17.950000762939453,17.959999084472656,355357,0.0,0.0,0.0
2022-12-27 09:30:00-05:00,18.030000686645508,18.190000534057617,18.030000686645508,18.190000534057617,12729,0.0,0.0,0.0
2022-12-27 10:30:00-05:00,18.239999771118164,18.299999237060547,18.200000762939453,18.204999923706055,28131,0.0,0.0,0.0
2022-12-27 11:30:00-05:00,18.184999465942383,18.199899673461914,18.184999465942383,18.184999465942383,11813,0.0,0.0,0.0
2022-12-27 12:30:00-05:00,18.148099899291992,18.148099899291992,18.100000381469727,18.137800216674805,5413,0.0,0.0,0.0
2022-12-27 13:30:00-05:00,18.12779998779297,18.149999618530273,18.12779998779297,18.134899139404297,3177,0.0,0.0,0.0
2022-12-27 14:30:00-05:00,18.104999542236328,18.125,18.104999542236328,18.125,1357,0.0,0.0,0.0
2022-12-27 15:30:00-05:00,18.12929916381836,18.12929916381836,18.104999542236328,18.104999542236328,0,0.0,0.0,0.0
2022-12-28 09:30:00-05:00,18.049999237060547,18.06999969482422,17.989999771118164,18.0,213840,0.0,0.0,0.0
2022-12-28 10:30:00-05:00,18.0,18.010000228881836,17.950000762939453,17.989999771118164,742701,0.0,0.0,0.0
2022-12-28 11:30:00-05:00,17.989999771118164,18.030000686645508,17.989999771118164,18.030000686645508,55447,0.0,0.0,0.0
2022-12-28 12:30:00-05:00,18.030000686645508,18.06999969482422,18.030000686645508,18.059999465942383,23235,0.0,0.0,0.0
2022-12-28 13:30:00-05:00,18.064199447631836,18.064199447631836,18.014999389648438,18.038999557495117,468394,0.0,0.0,0.0
2022-12-28 14:30:00-05:00,18.045000076293945,18.045000076293945,18.014999389648438,18.014999389648438,43314,0.0,0.0,0.0
2022-12-28 15:30:00-05:00,18.020000457763672,18.040000915527344,18.020000457763672,18.030000686645508,20909,0.0,0.0,0.0
2022-12-29 09:30:00-05:00,18.100000381469727,18.165000915527344,18.094999313354492,18.1299991607666,72662,0.0,0.0,0.0
2022-12-29 10:30:00-05:00,18.1200008392334,18.135000228881836,18.108299255371094,18.108299255371094,47062,0.0,0.0,0.0
2022-12-29 11:30:00-05:00,18.114999771118164,18.165000915527344,18.114999771118164,18.15999984741211,48877,0.0,0.0,0.0
2022-12-29 12:30:00-05:00,18.15999984741211,18.18000030517578,18.15999984741211,18.174999237060547,49479,0.0,0.0,0.0
2022-12-29 13:30:00-05:00,18.174999237060547,18.174999237060547,18.145000457763672,18.15999984741211,48683,0.0,0.0,0.0
2022-12-29 14:30:00-05:00,18.165000915527344,18.165000915527344,18.145000457763672,18.14900016784668,45416,0.0,0.0,0.0
2022-12-29 15:30:00-05:00,18.14900016784668,18.14900016784668,18.1299991607666,18.1299991607666,39516,0.0,0.0,0.0
2022-12-30 09:30:00-05:00,18.170000076293945,18.200000762939453,18.1299991607666,18.170000076293945,47932,0.0,0.0,0.0
2022-12-30 10:30:00-05:00,18.165000915527344,18.174999237060547,18.139999389648438,18.149999618530273,58698,0.0,0.0,0.0
2022-12-30 11:30:00-05:00,18.139999389648438,18.170000076293945,18.1299991607666,18.165000915527344,42738,0.0,0.0,0.0
2022-12-30 12:30:00-05:00,18.184999465942383,18.239999771118164,18.18000030517578,18.184999465942383,76097,0.0,0.0,0.0
2022-12-30 13:30:00-05:00,18.190000534057617,18.190000534057617,18.174999237060547,18.190000534057617,32195,0.0,0.0,0.0
2022-12-30 14:30:00-05:00,18.200000762939453,18.21500015258789,18.19499969482422,18.204999923706055,56040,0.0,0.0,0.0
2022-12-30 15:30:00-05:00,18.209999084472656,18.229900360107422,18.204999923706055,18.21500015258789,50804,0.0,0.0,0.0
2023-01-03 09:30:00-05:00,18.399999618530273,18.475000381469727,18.309999465942383,18.31999969482422,122690,0.0,0.0,0.0
2023-01-03 10:30:00-05:00,18.309999465942383,18.325000762939453,18.264999389648438,18.274999618530273,114835,0.0,0.0,0.0
2023-01-03 11:30:00-05:00,18.280000686645508,18.354999542236328,18.270000457763672,18.350000381469727,48530,0.0,0.0,0.0
2023-01-03 12:30:00-05:00,18.354999542236328,18.3799991607666,18.354999542236328,18.3799991607666,48887,0.0,0.0,0.0
2023-01-03 13:30:00-05:00,18.385000228881836,18.385000228881836,18.350000381469727,18.354999542236328,38211,0.0,0.0,0.0
2023-01-03 14:30:00-05:00,18.350099563598633,18.376300811767578,18.350000381469727,18.360000610351562,53950,0.0,0.0,0.0
2023-01-03 15:30:00-05:00,18.364999771118164,18.3700008392334,18.350000381469727,18.360000610351562,28610,0.0,0.0,0.0
2023-01-04 09:30:00-05:00,18.559999465942383,18.579999923706055,18.479999542236328,18.549999237060547,62186,0.0,0.0,0.0
2023-01-04 10:30:00-05:00,18.545000076293945,18.575000762939453,18.520000457763672,18.549999237060547,46095,0.0,0.0,0.0
2023-01-04 11:30:00-05:00,18.549999237060547,18.58989906311035,18.540000915527344,18.540000915527344,42104,0.0,0.0,0.0
2023-01-04 12:30:00-05:00,18.540000915527344,18.549999237060547,18.486900329589844,18.5049991607666,39813,0.0,0.0,0.0
2023-01-04 13:30:00-05:00,18.510000228881836,18.510000228881836,18.459999084472656,18.5,51158,0.0,0.0,0.0
2023-01-04 14:30:00-05:00,18.489999771118164,18.530000686645508,18.489999771118164,18.530000686645508,21831,0.0,0.0,0.0
2023-01-04 15:30:00-05:00,18.520000457763672,18.540000915527344,18.5,18.540000915527344,384461,0.0,0.0,0.0
2023-01-05 09:30:00-05:00,18.34000015258789,18.360000610351562,18.270000457763672,18.270000457763672,265180,0.0,0.0,0.0
2023-01-05 10:30:00-05:00,18.270000457763672,18.290000915527344,18.239999771118164,18.290000915527344,251021,0.0,0.0,0.0
2023-01-05 11:30:00-05:00,18.28499984741211,18.315000534057617,18.280000686645508,18.309999465942383,3798,0.0,0.0,0.0
2023-01-05 12:30:00-05:00,18.315000534057617,18.350000381469727,18.309999465942383,18.333799362182617,42772,0.0,0.0,0.0
2023-01-05 13:30:00-05:00,18.344999313354492,18.350000381469727,18.309999465942383,18.309999465942383,9504,0.0,0.0,0.0
2023-01-05 14:30:00-05:00,18.31100082397461,18.334999084472656,18.299999237060547,18.299999237060547,20353,0.0,0.0,0.0
2023-01-05 15:30:00-05:00,18.309999465942383,18.31999969482422,18.309999465942383,18.309999465942383,0,0.0,0.0,0.0
2023-01-06 09:30:00-05:00,18.450000762939453,18.579999923706055,18.389999389648438,18.56999969482422,76746,0.0,0.0,0.0
2023-01-06 10:30:00-05:00,18.575000762939453,18.610000610351562,18.575000762939453,18.584999084472656,12396,0.0,0.0,0.0
2023-01-06 11:30:00-05:00,18.59000015258789,18.6299991607666,18.59000015258789,18.600000381469727,15013,0.0,0.0,0.0
2023-01-06 12:30:00-05:00,18.610000610351562,18.6299991607666,18.59000015258789,18.6299991607666,8593,0.0,0.0,0.0
2023-01-06 13:30:00-05:00,18.6200008392334,18.675600051879883,18.6200008392334,18.665000915527344,49192,0.0,0.0,0.0
2023-01-06 14:30:00-05:00,18.667600631713867,18.679899215698242,18.65999984741211,18.665800094604492,12158,0.0,0.0,0.0
2023-01-06 15:30:00-05:00,18.65999984741211,18.65999984741211,18.639999389648438,18.649999618530273,28186,0.0,0.0,0.0
2023-01-09 09:30:00-05:00,18.75,18.790000915527344,18.719999313354492,18.739999771118164,36289,0.0,0.0,0.0
2023-01-09 10:30:00-05:00,18.739999771118164,18.739999771118164,18.709999084472656,18.739999771118164,19958,0.0,0.0,0.0
2023-01-09 11:30:00-05:00,18.739999771118164,18.760000228881836,18.67650032043457,18.67650032043457,32870,0.0,0.0,0.0
2023-01-09 12:30:00-05:00,18.684999465942383,18.709999084472656,18.68000030517578,18.709999084472656,29045,0.0,0.0,0.0
2023-01-09 13:30:00-05:00,18.725000381469727,18.725000381469727,18.689899444580078,18.700000762939453,41064,0.0,0.0,0.0
2023-01-09 14:30:00-05:00,18.700000762939453,18.735000610351562,18.692100524902344,18.700000762939453,28395,0.0,0.0,0.0
2023-01-09 15:30:00-05:00,18.690000534057617,18.699899673461914,18.68000030517578,18.69499969482422,7644,0.0,0.0,0.0
2023-01-10 09:30:00-05:00,18.75,18.780000686645508,18.737699508666992,18.766799926757812,51138,0.0,0.0,0.0
2023-01-10 10:30:00-05:00,18.7549991607666,18.7549991607666,18.729999542236328,18.7450008392334,13694,0.0,0.0,0.0
2023-01-10 11:30:00-05:00,18.729999542236328,18.729999542236328,18.690000534057617,18.709999084472656,18098,0.0,0.0,0.0
2023-01-10 12:30:00-05:00,18.719999313354492,18.739999771118164,18.704999923706055,18.704999923706055,15919,0.0,0.0,0.0
2023-01-10 13:30:00-05:00,18.709999084472656,18.75,18.709999084472656,18.749900817871094,4708,0.0,0.0,0.0
2023-01-10 14:30:00-05:00,18.7450008392334,18.760000228881836,18.739999771118164,18.760000228881836,173181,0.0,0.0,0.0
2023-01-10 15:30:00-05:00,18.760000228881836,18.760000228881836,18.75,18.760000228881836,0,0.0,0.0,0.0
2023-01-11 09:30:00-05:00,18.760000228881836,18.760099411010742,18.699899673461914,18.699899673461914,58787,0.0,0.0,0.0
2023-01-11 10:30:00-05:00,18.68000030517578,18.700000762939453,18.649999618530273,18.68000030517578,7321,0.0,0.0,0.0
2023-01-11 11:30:00-05:00,18.69499969482422,18.7450008392334,18.69499969482422,18.739999771118164,6619,0.0,0.0,0.0
2023-01-11 12:30:00-05:00,18.725000381469727,18.75,18.709999084472656,18.749900817871094,21070,0.0,0.0,0.0
2023-01-11 13:30:00-05:00,18.749399185180664,18.753700256347656,18.749399185180664,18.753700256347656,1150,0.0,0.0,0.0
2023-01-11 14:30:00-05:00,18.76180076599121,18.76180076599121,18.735000610351562,18.7549991607666,3108,0.0,0.0,0.0
2023-01-11 15:30:00-05:00,18.7450008392334,18.75,18.7450008392334,18.75,14320,0.0,0.0,0.0
2023-01-12 09:30:00-05:00,18.889999389648438,18.920000076293945,18.80500030517578,18.860000610351562,59778,0.0,0.0,0.0
2023-01-12 10:30:00-05:00,18.879899978637695,18.899999618530273,18.850099563598633,18.8966007232666,7852,0.0,0.0,0.0
2023-01-12 11:30:00-05:00,18.899999618530273,18.940000534057617,18.899999618530273,18.940000534057617,16741,0.0,0.0,0.0
2023-01-12 12:30:00-05:00,18.950000762939453,18.959999084472656,18.93000030517578,18.940000534057617,33232,0.0,0.0,0.0
2023-01-12 13:30:00-05:00,18.93000030517578,18.969999313354492,18.93000030517578,18.949899673461914,12259,0.0,0.0,0.0
2023-01-12 14:30:00-05:00,18.94499969482422,18.959999084472656,18.924999237060547,18.924999237060547,9267,0.0,0.0,0.0
2023-01-12 15:30:00-05:00,18.959999084472656,18.96500015258789,18.959999084472656,18.96500015258789,5686,0.0,0.0,0.0
2023-01-13 09:30:00-05:00,19.010000228881836,19.110000610351562,19.0,19.110000610351562,43404,0.0,0.0,0.0
2023-01-13 10:30:00-05:00,19.109899520874023,19.139999389648438,19.08989906311035,19.09000015258789,22499,0.0,0.0,0.0
2023-01-13 11:30:00-05:00,19.100000381469727,19.135000228881836,19.087900161743164,19.132400512695312,8238,0.0,0.0,0.0
2023-01-13 12:30:00-05:00,19.1299991607666,19.170000076293945,19.1299991607666,19.15999984741211,1856571,0.0,0.0,0.0
2023-01-13 13:30:00-05:00,19.17009925842285,19.190000534057617,19.170000076293945,19.17569923400879,10621,0.0,0.0,0.0
2023-01-13 14:30:00-05:00,19.18000030517578,19.184999465942383,19.174999237060547,19.174999237060547,2049,0.0,0.0,0.0
2023-01-13 15:30:00-05:00,19.18000030517578,19.190000534057617,19.170000076293945,19.184999465942383,17793,0.0,0.0,0.0
2023-01-17 09:30:00-05:00,19.139999389648438,19.139999389648438,19.079999923706055,19.079999923706055,42616,0.0,0.0,0.0
2023-01-17 10:30:00-05:00,19.079999923706055,19.09000015258789,19.075000762939453,19.08989906311035,5078,0.0,0.0,0.0
2023-01-17 11:30:00-05:00,19.104999542236328,19.106000900268555,19.049999237060547,19.05500030517578,33909,0.0,0.0,0.0
2023-01-17 12:30:00-05:00,19.049999237060547,19.059900283813477,19.03499984741211,19.045000076293945,16160,0.0,0.0,0.0
2023-01-17 13:30:00-05:00,19.040000915527344,19.040000915527344,19.01580047607422,19.03499984741211,13872,0.0,0.0,0.0
2023-01-17 14:30:00-05:00,19.040000915527344,19.079999923706055,19.040000915527344,19.079999923706055,20293,0.0,0.0,0.0
2023-01-17 15:30:00-05:00,19.06329917907715,19.069900512695312,19.06329917907715,19.065000534057617,1103,0.0,0.0,0.0
2023-01-18 09:30:00-05:00,19.200000762939453,19.229999542236328,19.135000228881836,19.135000228881836,50711,0.0,0.0,0.0
2023-01-18 10:30:00-05:00,19.149999618530273,19.149999618530273,19.079999923706055,19.079999923706055,12742,0.0,0.0,0.0
2023-01-18 11:30:00-05:00,19.049999237060547,19.06999969482422,19.010000228881836,19.010000228881836,16997,0.0,0.0,0.0
2023-01-18 12:30:00-05:00,19.010000228881836,19.040000915527344,19.0,19.020000457763672,9440,0.0,0.0,0.0
2023-01-18 13:30:00-05:00,19.03499984741211,19.040000915527344,19.010000228881836,19.016300201416016,6296,0.0,0.0,0.0
2023-01-18 14:30:00-05:00,19.024999618530273,19.030000686645508,19.016799926757812,19.020000457763672,6589,0.0,0.0,0.0
2023-01-18 15:30:00-05:00,19.020000457763672,19.020000457763672,19.010000228881836,19.010000228881836,1243,0.0,0.0,0.0
2023-01-19 09:30:00-05:00,19.15999984741211,19.200000762939453,19.139999389648438,19.200000762939453,32499,0.0,0.0,0.0
2023-01-19 10:30:00-05:00,19.204999923706055,19.209699630737305,19.155000686645508,19.15999984741211,14291,0.0,0.0,0.0
2023-01-19 11:30:00-05:00,19.189599990844727,19.209999084472656,19.173999786376953,19.173999786376953,13367,0.0,0.0,0.0
2023-01-19 12:30:00-05:00,19.170000076293945,19.200000762939453,19.170000076293945,19.200000762939453,887,0.0,0.0,0.0
2023-01-19 13:30:00-05:00,19.200000762939453,19.280000686645508,19.200000762939453,19.270000457763672,7890,0.0,0.0,0.0
2023-01-19 14:30:00-05:00,19.280000686645508,19.329999923706055,19.274999618530273,19.299999237060547,17060,0.0,0.0,0.0
2023-01-19 15:30:00-05:00,19.290000915527344,19.31999969482422,19.288400650024414,19.315000534057617,4708,0.0,0.0,0.0
2023-01-20 09:30:00-05:00,19.229999542236328,19.25,19.190000534057617,19.23270034790039,21777,0.0,0.0,0.0
2023-01-20 10:30:00-05:00,19.239999771118164,19.264999389648438,19.229999542236328,19.235000610351562,5472,0.0,0.0,0.0
2023-01-20 11:30:00-05:00,19.239999771118164,19.2450008392334,19.209999084472656,19.239999771118164,5186,0.0,0.0,0.0
2023-01-20 12:30:00-05:00,19.239999771118164,19.25,19.229999542236328,19.2450008392334,19756,0.0,0.0,0.0
2023-01-20 13:30:00-05:00,19.250200271606445,19.260000228881836,19.250200271606445,19.257699966430664,5281,0.0,0.0,0.0
2023-01-20 14:30:00-05:00,19.280000686645508,19.280000686645508,19.270000457763672,19.270000457763672,2471,0.0,0.0,0.0
2023-01-20 15:30:00-05:00,19.270000457763672,19.270000457763672,19.25,19.25,140782,0.0,0.0,0.0
2023-01-23 09:30:00-05:00,19.15999984741211,19.170000076293945,19.090099334716797,19.155000686645508,35694,0.0,0.0,0.0
2023-01-23 10:30:00-05:00,19.170000076293945,19.23870086669922,19.15999984741211,19.200000762939453,69353,0.0,0.0,0.0
2023-01-23 11:30:00-05:00,19.200000762939453,19.204999923706055,19.18000030517578,19.190000534057617,7036,0.0,0.0,0.0
2023-01-23 12:30:00-05:00,19.190000534057617,19.255699157714844,19.190000534057617,19.2450008392334,7523,0.0,0.0,0.0
2023-01-23 13:30:00-05:00,19.25,19.270000457763672,19.2450008392334,19.25979995727539,200077,0.0,0.0,0.0
2023-01-23 14:30:00-05:00,19.239999771118164,19.269500732421875,19.239500045776367,19.269500732421875,1225,0.0,0.0,0.0
2023-01-23 15:30:00-05:00,19.264999389648438,19.295000076293945,19.264999389648438,19.290000915527344,18687,0.0,0.0,0.0
2023-01-24 09:30:00-05:00,19.290000915527344,19.290000915527344,19.18000030517578,19.28499984741211,294112,0.0,0.0,0.0
2023-01-24 10:30:00-05:00,19.290000915527344,19.34000015258789,19.270000457763672,19.31999969482422,19734,0.0,0.0,0.0
2023-01-24 11:30:00-05:00,19.329999923706055,19.329999923706055,19.28499984741211,19.315000534057617,27642,0.0,0.0,0.0
2023-01-24 12:30:00-05:00,19.315000534057617,19.329999923706055,19.315000534057617,19.315000534057617,18900,0.0,0.0,0.0
2023-01-24 13:30:00-05:00,19.329999923706055,19.350000381469727,19.319400787353516,19.339399337768555,5536,0.0,0.0,0.0
2023-01-24 14:30:00-05:00,19.34000015258789,19.360000610351562,19.34000015258789,19.354999542236328,1637,0.0,0.0,0.0
2023-01-24 15:30:00-05:00,19.354999542236328,19.354999542236328,19.354999542236328,19.354999542236328,0,0.0,0.0,0.0
2023-01-25 09:30:00-05:00,19.260000228881836,19.360000610351562,19.260000228881836,19.299999237060547,58751,0.0,0.0,0.0
2023-01-25 10:30:00-05:00,19.315000534057617,19.325000762939453,19.270000457763672,19.31999969482422,392309,0.0,0.0,0.0
2023-01-25 11:30:00-05:00,19.31999969482422,19.364999771118164,19.31999969482422,19.364999771118164,17895,0.0,0.0,0.0
2023-01-25 12:30:00-05:00,19.3700008392334,19.395000457763672,19.360000610351562,19.395000457763672,48127,0.0,0.0,0.0
2023-01-25 13:30:00-05:00,19.389999389648438,19.399900436401367,19.3799991607666,19.389999389648438,17624,0.0,0.0,0.0
2023-01-25 14:30:00-05:00,19.399999618530273,19.450000762939453,19.399999618530273,19.420000076293945,103201,0.0,0.0,0.0
2023-01-25 15:30:00-05:00,19.43000030517578,19.450000762939453,19.43000030517578,19.450000762939453,9106,0.0,0.0,0.0
2023-01-26 09:30:00-05:00,19.350000381469727,19.360000610351562,19.290000915527344,19.309999465942383,31659,0.0,0.0,0.0
2023-01-26 10:30:00-05:00,19.315000534057617,19.315000534057617,19.170000076293945,19.239999771118164,45522,0.0,0.0,0.0
2023-01-26 11:30:00-05:00,19.229999542236328,19.280000686645508,19.229999542236328,19.25,7867,0.0,0.0,0.0
2023-01-26 12:30:00-05:00,19.25,19.274999618530273,19.2450008392334,19.274999618530273,10529,0.0,0.0,0.0
2023-01-26 13:30:00-05:00,19.290000915527344,19.30500030517578,19.270000457763672,19.28499984741211,23959,0.0,0.0,0.0
2023-01-26 14:30:00-05:00,19.28499984741211,19.290000915527344,19.280000686645508,19.28499984741211,7785,0.0,0.0,0.0
2023-01-26 15:30:00-05:00,19.28499984741211,19.28499984741211,19.270000457763672,19.270000457763672,9662,0.0,0.0,0.0
2023-01-27 09:30:00-05:00,19.260000228881836,19.260000228881836,19.209999084472656,19.219999313354492,16918,0.0,0.0,0.0
2023-01-27 10:30:00-05:00,19.235000610351562,19.290000915527344,19.149999618530273,19.290000915527344,53278,0.0,0.0,0.0
2023-01-27 11:30:00-05:00,19.295000076293945,19.295000076293945,19.248199462890625,19.248199462890625,41215,0.0,0.0,0.0
2023-01-27 12:30:00-05:00,19.239999771118164,19.28499984741211,19.239999771118164,19.270000457763672,34097,0.0,0.0,0.0
2023-01-27 13:30:00-05:00,19.280000686645508,19.295000076293945,19.280000686645508,19.295000076293945,7757,0.0,0.0,0.0
2023-01-27 14:30:00-05:00,19.295000076293945,19.295000076293945,19.270000457763672,19.270000457763672,32617,0.0,0.0,0.0
2023-01-27 15:30:00-05:00,19.270000457763672,19.274999618530273,19.25,19.25,19086,0.0,0.0,0.0
2023-01-30 09:30:00-05:00,19.260000228881836,19.264999389648438,19.232200622558594,19.264999389648438,21671,0.0,0.0,0.0
2023-01-30 10:30:00-05:00,19.264999389648438,19.264999389648438,19.209999084472656,19.219999313354492,8158,0.0,0.0,0.0
2023-01-30 11:30:00-05:00,19.209999084472656,19.225000381469727,19.209999084472656,19.209999084472656,10178,0.0,0.0,0.0
2023-01-30 12:30:00-05:00,19.204999923706055,19.225000381469727,19.200000762939453,19.209999084472656,4622,0.0,0.0,0.0
2023-01-30 13:30:00-05:00,19.209999084472656,19.219999313354492,19.190000534057617,19.219999313354492,25865,0.0,0.0,0.0
2023-01-30 14:30:00-05:00,19.220600128173828,19.225000381469727,19.200000762939453,19.200000762939453,6463,0.0,0.0,0.0
2023-01-30 15:30:00-05:00,19.197999954223633,19.204999923706055,19.19499969482422,19.200000762939453,7137,0.0,0.0,0.0
2023-01-31 09:30:00-05:00,19.209999084472656,19.25,19.18000030517578,19.190000534057617,26788,0.0,0.0,0.0
2023-01-31 10:30:00-05:00,19.204999923706055,19.270000457763672,19.204999923706055,19.25,42095,0.0,0.0,0.0
2023-01-31 11:30:00-05:00,19.260000228881836,19.280000686645508,19.249900817871094,19.274999618530273,25990,0.0,0.0,0.0
2023-01-31 12:30:00-05:00,19.274999618530273,19.290000915527344,19.270000457763672,19.270000457763672,23528,0.0,0.0,0.0
2023-01-31 13:30:00-05:00,19.274999618530273,19.280000686645508,19.270000457763672,19.27899932861328,6797,0.0,0.0,0.0
2023-01-31 14:30:00-05:00,19.28499984741211,19.28499984741211,19.25510025024414,19.260000228881836,7605,0.0,0.0,0.0
2023-01-31 15:30:00-05:00,19.250099182128906,19.260000228881836,19.25,19.260000228881836,14390,0.0,0.0,0.0
2023-02-01 09:30:00-05:00,19.299999237060547,19.299999237060547,19.209999084472656,19.25,50179,0.0,0.0,0.0
2023-02-01 10:30:00-05:00,19.274999618530273,19.295000076293945,19.270000457763672,19.270000457763672,11408,0.0,0.0,0.0
2023-02-01 11:30:00-05:00,19.260000228881836,19.274999618530273,19.190000534057617,19.225000381469727,17906,0.0,0.0,0.0
2023-02-01 12:30:00-05:00,19.235000610351562,19.25,19.209999084472656,19.25,5744,0.0,0.0,0.0
2023-02-01 13:30:00-05:00,19.260000228881836,19.268999099731445,19.21500015258789,19.225000381469727,12653,0.0,0.0,0.0
2023-02-01 14:30:00-05:00,19.200000762939453,19.454999923706055,19.200000762939453,19.450000762939453,144025,0.0,0.0,0.0
2023-02-01 15:30:00-05:00,19.455400466918945,19.514999389648438,19.455400466918945,19.514999389648438,128673,0.0,0.0,0.0
2023-02-02 09:30:00-05:00,19.450000762939453,19.450000762939453,19.15999984741211,19.239999771118164,132908,0.0,0.0,0.0
2023-02-02 10:30:00-05:00,19.219999313354492,19.2549991607666,19.18000030517578,19.18000030517578,33279,0.0,0.0,0.0
2023-02-02 11:30:00-05:00,19.15999984741211,19.18000030517578,19.139999389648438,19.140100479125977,19793,0.0,0.0,0.0
2023-02-02 12:30:00-05:00,19.145000457763672,19.145000457763672,19.100000381469727,19.145000457763672,15249,0.0,0.0,0.0
2023-02-02 13:30:00-05:00,19.139999389648438,19.165000915527344,19.1200008392334,19.1200008392334,12429,0.0,0.0,0.0
2023-02-02 14:30:00-05:00,19.114999771118164,19.129899978637695,19.079999923706055,19.100000381469727,5142555,0.0,0.0,0.0
2023-02-02 15:30:00-05:00,19.090099334716797,19.110000610351562,19.09000015258789,19.104999542236328,14751,0.0,0.0,0.0
2023-02-03 09:30:00-05:00,18.790000915527344,18.831499099731445,18.670000076293945,18.739999771118164,5556864,0.0,0.0,0.0
2023-02-03 10:30:00-05:00,18.729999542236328,18.75,18.639999389648438,18.645999908447266,90462,0.0,0.0,0.0
2023-02-03 11:30:00-05:00,18.649999618530273,18.670000076293945,18.610000610351562,18.6200008392334,189699,0.0,0.0,0.0
2023-02-03 12:30:00-05:00,18.610000610351562,18.645000457763672,18.594999313354492,18.610000610351562,110286,0.0,0.0,0.0
2023-02-03 13:30:00-05:00,18.600000381469727,18.639999389648438,18.594999313354492,18.625,96463,0.0,0.0,0.0
2023-02-03 14:30:00-05:00,18.6200008392334,18.639999389648438,18.614999771118164,18.635000228881836,131261,0.0,0.0,0.0
2023-02-03 15:30:00-05:00,18.639999389648438,18.645000457763672,18.623199462890625,18.625,50465,0.0,0.0,0.0
2023-02-06 09:30:00-05:00,18.700000762939453,18.729999542236328,18.670000076293945,18.670000076293945,11985,0.0,0.0,0.0
2023-02-06 10:30:00-05:00,18.65999984741211,18.674999237060547,18.6200008392334,18.65999984741211,64171,0.0,0.0,0.0
2023-02-06 11:30:00-05:00,18.65999984741211,18.666000366210938,18.625,18.62689971923828,11818,0.0,0.0,0.0
2023-02-06 12:30:00-05:00,18.6200008392334,18.639999389648438,18.6200008392334,18.639999389648438,528312,0.0,0.0,0.0
2023-02-06 13:30:00-05:00,18.655000686645508,18.684999465942383,18.655000686645508,18.674999237060547,215799,0.0,0.0,0.0
2023-02-06 14:30:00-05:00,18.670000076293945,18.670000076293945,18.6299991607666,18.639999389648438,34763,0.0,0.0,0.0
2023-02-06 15:30:00-05:00,18.635000228881836,18.670000076293945,18.635000228881836,18.665000915527344,16888,0.0,0.0,0.0
2023-02-07 09:30:00-05:00,18.65999984741211,18.690000534057617,18.649900436401367,18.65999984741211,78694,0.0,0.0,0.0
2023-02-07 10:30:00-05:00,18.690000534057617,18.770000457763672,18.690000534057617,18.739999771118164,57523,0.0,0.0,0.0
2023-02-07 11:30:00-05:00,18.75,18.760000228881836,18.719999313354492,18.719999313354492,41107,0.0,0.0,0.0
2023-02-07 12:30:00-05:00,18.719999313354492,18.809999465942383,18.68000030517578,18.700000762939453,83731,0.0,0.0,0.0
2023-02-07 13:30:00-05:00,18.700000762939453,18.700000762939453,18.649999618530273,18.68000030517578,25688,0.0,0.0,0.0
2023-02-07 14:30:00-05:00,18.709999084472656,18.709999084472656,18.670000076293945,18.670000076293945,2959,0.0,0.0,0.0
2023-02-07 15:30:00-05:00,18.670000076293945,18.68000030517578,18.670000076293945,18.68000030517578,11492,0.0,0.0,0.0
2023-02-08 09:30:00-05:00,18.799999237060547,18.799999237060547,18.68000030517578,18.700000762939453,20450,0.0,0.0,0.0
2023-02-08 10:30:00-05:00,18.700000762939453,18.764999389648438,18.700000762939453,18.733400344848633,35637,0.0,0.0,0.0
2023-02-08 11:30:00-05:00,18.729999542236328,18.746599197387695,18.709999084472656,18.746599197387695,2197,0.0,0.0,0.0
2023-02-08 12:30:00-05:00,18.729999542236328,18.760000228881836,18.709999084472656,18.760000228881836,12327,0.0,0.0,0.0
2023-02-08 13:30:00-05:00,18.760000228881836,18.770000457763672,18.739999771118164,18.739999771118164,10197,0.0,0.0,0.0
2023-02-08 14:30:00-05:00,18.75,18.75,18.719999313354492,18.729999542236328,8145,0.0,0.0,0.0
2023-02-08 15:30:00-05:00,18.719999313354492,18.729999542236328,18.719999313354492,18.729999542236328,2832,0.0,0.0,0.0
2023-02-09 09:30:00-05:00,18.84000015258789,18.84000015258789,18.729999542236328,18.729999542236328,24817,0.0,0.0,0.0
2023-02-09 10:30:00-05:00,18.719999313354492,18.729999542236328,18.649999618530273,18.709999084472656,17792,0.0,0.0,0.0
2023-02-09 11:30:00-05:00,18.694400787353516,18.719999313354492,18.694400787353516,18.719999313354492,5172,0.0,0.0,0.0
2023-02-09 12:30:00-05:00,18.69499969482422,18.69499969482422,18.6200008392334,18.649999618530273,31507,0.0,0.0,0.0
2023-02-09 13:30:00-05:00,18.670000076293945,18.670000076293945,18.6299991607666,18.6299991607666,11745,0.0,0.0,0.0
2023-02-09 14:30:00-05:00,18.610000610351562,18.610000610351562,18.577800750732422,18.579999923706055,22846,0.0,0.0,0.0
2023-02-09 15:30:00-05:00,18.573400497436523,18.59000015258789,18.573400497436523,18.58919906616211,0,0.0,0.0,0.0
2023-02-10 09:30:00-05:00,18.65999984741211,18.65999984741211,18.579999923706055,18.610000610351562,68998,0.0,0.0,0.0
2023-02-10 10:30:00-05:00,18.579999923706055,18.59000015258789,18.559999465942383,18.559999465942383,37975,0.0,0.0,0.0
2023-02-10 11:30:00-05:00,18.55500030517578,18.594999313354492,18.540000915527344,18.594999313354492,10818,0.0,0.0,0.0
2023-02-10 12:30:00-05:00,18.600000381469727,18.61639976501465,18.587799072265625,18.610000610351562,15857,0.0,0.0,0.0
2023-02-10 13:30:00-05:00,18.614999771118164,18.614999771118164,18.59000015258789,18.600000381469727,13914,0.0,0.0,0.0
2023-02-10 14:30:00-05:00,18.6200008392334,18.6299991607666,18.6200008392334,18.625999450683594,4734,0.0,0.0,0.0
2023-02-10 15:30:00-05:00,18.6200008392334,18.6200008392334,18.610000610351562,18.614999771118164,7999,0.0,0.0,0.0
2023-02-13 09:30:00-05:00,18.549999237060547,18.559999465942383,18.510000228881836,18.530099868774414,22366,0.0,0.0,0.0
2023-02-13 10:30:00-05:00,18.54990005493164,18.55500030517578,18.5,18.510000228881836,21376,0.0,0.0,0.0
2023-02-13 11:30:00-05:00,18.510000228881836,18.514999389648438,18.489999771118164,18.5049991607666,21738,0.0,0.0,0.0
2023-02-13 12:30:00-05:00,18.5,18.5,18.489999771118164,18.489999771118164,3464,0.0,0.0,0.0
2023-02-13 13:30:00-05:00,18.520000457763672,18.530000686645508,18.511499404907227,18.511499404907227,2405,0.0,0.0,0.0
2023-02-13 14:30:00-05:00,18.502399444580078,18.50589942932129,18.4950008392334,18.5,8766,0.0,0.0,0.0
2023-02-13 15:30:00-05:00,18.510000228881836,18.520000457763672,18.510000228881836,18.520000457763672,9890,0.0,0.0,0.0
2023-02-14 09:30:00-05:00,18.469999313354492,18.634700775146484,18.40999984741211,18.59000015258789,70084,0.0,0.0,0.0
2023-02-14 10:30:00-05:00,18.579999923706055,18.584999084472656,18.459999084472656,18.459999084472656,23016,0.0,0.0,0.0
2023-02-14 11:30:00-05:00,18.467500686645508,18.489999771118164,18.420000076293945,18.459999084472656,20859,0.0,0.0,0.0
2023-02-14 12:30:00-05:00,18.454999923706055,18.559999465942383,18.44499969482422,18.559999465942383,7355,0.0,0.0,0.0
2023-02-14 13:30:00-05:00,18.540000915527344,18.540000915527344,18.5,18.5,3329,0.0,0.0,0.0
2023-02-14 14:30:00-05:00,18.525400161743164,18.538999557495117,18.520000457763672,18.530000686645508,14960,0.0,0.0,0.0
2023-02-14 15:30:00-05:00,18.524999618530273,18.53499984741211,18.520000457763672,18.530000686645508,0,0.0,0.0,0.0
2023-02-15 09:30:00-05:00,18.31999969482422,18.360000610351562,18.309999465942383,18.31920051574707,58509,0.0,0.0,0.0
2023-02-15 10:30:00-05:00,18.319900512695312,18.334999084472656,18.280000686645508,18.299999237060547,22414,0.0,0.0,0.0
2023-02-15 11:30:00-05:00,18.299999237060547,18.354999542236328,18.299999237060547,18.31999969482422,9175,0.0,0.0,0.0
2023-02-15 12:30:00-05:00,18.315000534057617,18.329999923706055,18.309999465942383,18.329999923706055,4691,0.0,0.0,0.0
2023-02-15 13:30:00-05:00,18.31999969482422,18.350000381469727,18.31999969482422,18.340999603271484,29590,0.0,0.0,0.0
2023-02-15 14:30:00-05:00,18.344999313354492,18.344999313354492,18.329999923706055,18.329999923706055,15830,0.0,0.0,0.0
2023-02-15 15:30:00-05:00,18.34000015258789,18.360000610351562,18.34000015258789,18.354999542236328,0,0.0,0.0,0.0
2023-02-16 09:30:00-05:00,18.299999237060547,18.299999237060547,18.260000228881836,18.290000915527344,40086,0.0,0.0,0.0
2023-02-16 10:30:00-05:00,18.323999404907227,18.329999923706055,18.299999237060547,18.315000534057617,11503,0.0,0.0,0.0
2023-02-16 11:30:00-05:00,18.350000381469727,18.40999984741211,18.350000381469727,18.395000457763672,68555,0.0,0.0,0.0
2023-02-16 12:30:00-05:00,18.389999389648438,18.420000076293945,18.389999389648438,18.399999618530273,27345,0.0,0.0,0.0
2023-02-16 13:30:00-05:00,18.393999099731445,18.424999237060547,18.393999099731445,18.415000915527344,8042,0.0,0.0,0.0
2023-02-16 14:30:00-05:00,18.40999984741211,18.40999984741211,18.3700008392334,18.3700008392334,63724,0.0,0.0,0.0
2023-02-16 15:30:00-05:00,18.360000610351562,18.3700008392334,18.34000015258789,18.34000015258789,0,0.0,0.0,0.0
2023-02-17 09:30:00-05:00,18.25,18.34000015258789,18.219999313354492,18.31999969482422,56350,0.0,0.0,0.0
2023-02-17 10:30:00-05:00,18.360000610351562,18.3799991607666,18.31999969482422,18.34000015258789,25327,0.0,0.0,0.0
2023-02-17 11:30:00-05:00,18.334999084472656,18.40999984741211,18.334999084472656,18.389999389648438,17220,0.0,0.0,0.0
2023-02-17 12:30:00-05:00,18.399999618530273,18.399999618530273,18.385000228881836,18.389999389648438,32207,0.0,0.0,0.0
2023-02-17 13:30:00-05:00,18.409900665283203,18.409900665283203,18.399999618530273,18.408100128173828,952,0.0,0.0,0.0
2023-02-17 14:30:00-05:00,18.399999618530273,18.40999984741211,18.399999618530273,18.40999984741211,5578,0.0,0.0,0.0
2023-02-17 15:30:00-05:00,18.409900665283203,18.40999984741211,18.389999389648438,18.389999389648438,30403,0.0,0.0,0.0
2023-02-21 09:30:00-05:00,18.399999618530273,18.420000076293945,18.31999969482422,18.359100341796875,66593,0.0,0.0,0.0
2023-02-21 10:30:00-05:00,18.360000610351562,18.393600463867188,18.329999923706055,18.34000015258789,13933,0.0,0.0,0.0
2023-02-21 11:30:00-05:00,18.329999923706055,18.329999923706055,18.299999237060547,18.309999465942383,22468,0.0,0.0,0.0
2023-02-21 12:30:00-05:00,18.31999969482422,18.34000015258789,18.31999969482422,18.31999969482422,3310,0.0,0.0,0.0
2023-02-21 13:30:00-05:00,18.3169002532959,18.3169002532959,18.299999237060547,18.309999465942383,2280,0.0,0.0,0.0
2023-02-21 14:30:00-05:00,18.309999465942383,18.329999923706055,18.30900001525879,18.329999923706055,12068,0.0,0.0,0.0
2023-02-21 15:30:00-05:00,18.34000015258789,18.34000015258789,18.325000762939453,18.325000762939453,11341,0.0,0.0,0.0
2023-02-22 09:30:00-05:00,18.360000610351562,18.360000610351562,18.299999237060547,18.342100143432617,47163,0.0,0.0,0.0
2023-02-22 10:30:00-05:00,18.350000381469727,18.350000381469727,18.326000213623047,18.326000213623047,4745,0.0,0.0,0.0
2023-02-22 11:30:00-05:00,18.31999969482422,18.31999969482422,18.299999237060547,18.299999237060547,7229,0.0,0.0,0.0
2023-02-22 12:30:00-05:00,18.30500030517578,18.309999465942383,18.290000915527344,18.309999465942383,10575,0.0,0.0,0.0
2023-02-22 13:30:00-05:00,18.299999237060547,18.299999237060547,18.239999771118164,18.25,44126,0.0,0.0,0.0
2023-02-22 14:30:00-05:00,18.239999771118164,18.251699447631836,18.219999313354492,18.239999771118164,10717,0.0,0.0,0.0
2023-02-22 15:30:00-05:00,18.229999542236328,18.229999542236328,18.219999313354492,18.219999313354492,6716,0.0,0.0,0.0
2023-02-23 09:30:00-05:00,18.25,18.260000228881836,18.209999084472656,18.225000381469727,65325,0.0,0.0,0.0
2023-02-23 10:30:00-05:00,18.219999313354492,18.219999313354492,18.170000076293945,18.190000534057617,33688,0.0,0.0,0.0
2023-02-23 11:30:00-05:00,18.190000534057617,18.200000762939453,18.174999237060547,18.18000030517578,9385,0.0,0.0,0.0
2023-02-23 12:30:00-05:00,18.19499969482422,18.200000762939453,18.18000030517578,18.18000030517578,6893,0.0,0.0,0.0
2023-02-23 13:30:00-05:00,18.18000030517578,18.219999313354492,18.174999237060547,18.209999084472656,6015,0.0,0.0,0.0
2023-02-23 14:30:00-05:00,18.209999084472656,18.21969985961914,18.209999084472656,18.209999084472656,4359,0.0,0.0,0.0
2023-02-23 15:30:00-05:00,18.209999084472656,18.209999084472656,18.200000762939453,18.209999084472656,0,0.0,0.0,0.0
2023-02-24 09:30:00-05:00,18.079999923706055,18.1299991607666,18.079999923706055,18.1200008392334,112804,0.0,0.0,0.0
2023-02-24 10:30:00-05:00,18.100000381469727,18.102500915527344,18.070100784301758,18.102500915527344,7075,0.0,0.0,0.0
2023-02-24 11:30:00-05:00,18.110000610351562,18.1200008392334,18.079999923706055,18.09000015258789,895108,0.0,0.0,0.0
2023-02-24 12:30:00-05:00,18.09000015258789,18.100000381469727,18.07309913635254,18.079999923706055,6499,0.0,0.0,0.0
2023-02-24 13:30:00-05:00,18.079999923706055,18.084999084472656,18.06999969482422,18.079999923706055,1854,0.0,0.0,0.0
2023-02-24 14:30:00-05:00,18.09000015258789,18.110000610351562,18.079999923706055,18.110000610351562,4598,0.0,0.0,0.0
2023-02-24 15:30:00-05:00,18.100000381469727,18.100000381469727,18.084999084472656,18.084999084472656,18720,0.0,0.0,0.0
2023-02-27 09:30:00-05:00,18.149999618530273,18.18000030517578,18.1299991607666,18.170000076293945,48331,0.0,0.0,0.0
2023-02-27 10:30:00-05:00,18.155000686645508,18.15999984741211,18.110000610351562,18.117799758911133,18362,0.0,0.0,0.0
2023-02-27 11:30:00-05:00,18.110000610351562,18.149999618530273,18.110000610351562,18.149999618530273,9853,0.0,0.0,0.0
2023-02-27 12:30:00-05:00,18.155000686645508,18.174999237060547,18.149999618530273,18.149999618530273,13661,0.0,0.0,0.0
2023-02-27 13:30:00-05:00,18.149999618530273,18.179399490356445,18.149999618530273,18.165000915527344,7579,0.0,0.0,0.0
2023-02-27 14:30:00-05:00,18.170000076293945,18.170000076293945,18.149999618530273,18.149999618530273,1483,0.0,0.0,0.0
2023-02-27 15:30:00-05:00,18.145999908447266,18.149999618530273,18.139999389648438,18.149999618530273,0,0.0,0.0,0.0
2023-02-28 09:30:00-05:00,18.1299991607666,18.239999771118164,18.1299991607666,18.239999771118164,97449,0.0,0.0,0.0
2023-02-28 10:30:00-05:00,18.229999542236328,18.260000228881836,18.209999084472656,18.254499435424805,23470,0.0,0.0,0.0
2023-02-28 11:30:00-05:00,18.251699447631836,18.28499984741211,18.239999771118164,18.28499984741211,19295,0.0,0.0,0.0
2023-02-28 12:30:00-05:00,18.290000915527344,18.290000915527344,18.260000228881836,18.270000457763672,30434,0.0,0.0,0.0
2023-02-28 13:30:00-05:00,18.274999618530273,18.280000686645508,18.260099411010742,18.270000457763672,7906,0.0,0.0,0.0
2023-02-28 14:30:00-05:00,18.260000228881836,18.264699935913086,18.260000228881836,18.260000228881836,1710,0.0,0.0,0.0
2023-02-28 15:30:00-05:00,18.259899139404297,18.259899139404297,18.239999771118164,18.239999771118164,24726,0.0,0.0,0.0
2023-03-01 09:30:00-05:00,18.3700008392334,18.420000076293945,18.329999923706055,18.360000610351562,81340,0.0,0.0,0.0
2023-03-01 10:30:00-05:00,18.360000610351562,18.407400131225586,18.360000610351562,18.364999771118164,4473,0.0,0.0,0.0
2023-03-01 11:30:00-05:00,18.358400344848633,18.3981990814209,18.350000381469727,18.350000381469727,40895,0.0,0.0,0.0
2023-03-01 12:30:00-05:00,18.360000610351562,18.360000610351562,18.34950065612793,18.360000610351562,6340,0.0,0.0,0.0
2023-03-01 13:30:00-05:00,18.360000610351562,18.367599487304688,18.350000381469727,18.350000381469727,8550,0.0,0.0,0.0
2023-03-01 14:30:00-05:00,18.364999771118164,18.3700008392334,18.360000610351562,18.360000610351562,14245,0.0,0.0,0.0
2023-03-01 15:30:00-05:00,18.360000610351562,18.360000610351562,18.344999313354492,18.350000381469727,12817,0.0,0.0,0.0
2023-03-02 09:30:00-05:00,18.31999969482422,18.360000610351562,18.31999969482422,18.360000610351562,0,0.0,0.0,0.0
2023-03-02 10:30:00-05:00,18.350000381469727,18.360000610351562,18.34000015258789,18.350000381469727,34780,0.0,0.0,0.0
2023-03-02 11:30:00-05:00,18.344999313354492,18.36400032043457,18.309999465942383,18.325000762939453,267191,0.0,0.0,0.0
2023-03-02 12:30:00-05:00,18.31999969482422,18.31999969482422,18.309999465942383,18.31999969482422,12030,0.0,0.0,0.0
2023-03-02 13:30:00-05:00,18.350000381469727,18.350000381469727,18.326000213623047,18.340299606323242,14137,0.0,0.0,0.0
2023-03-02 14:30:00-05:00,18.34000015258789,18.34000015258789,18.329999923706055,18.329999923706055,832,0.0,0.0,0.0
2023-03-02 15:30:00-05:00,18.350000381469727,18.350000381469727,18.34000015258789,18.34000015258789,5465,0.0,0.0,0.0
2023-03-03 09:30:00-05:00,18.420000076293945,18.43000030517578,18.389999389648438,18.399999618530273,39456,0.0,0.0,0.0
2023-03-03 10:30:00-05:00,18.399999618530273,18.440000534057617,18.399999618530273,18.43000030517578,8621,0.0,0.0,0.0
2023-03-03 11:30:00-05:00,18.43000030517578,18.459999084472656,18.43000030517578,18.440000534057617,11456,0.0,0.0,0.0
2023-03-03 12:30:00-05:00,18.450000762939453,18.466299057006836,18.449499130249023,18.459999084472656,5518,0.0,0.0,0.0
2023-03-03 13:30:00-05:00,18.45599937438965,18.479900360107422,18.45599937438965,18.479900360107422,5639,0.0,0.0,0.0
2023-03-03 14:30:00-05:00,18.5,18.540000915527344,18.5,18.530000686645508,9641,0.0,0.0,0.0
2023-03-03 15:30:00-05:00,18.540000915527344,18.540000915527344,18.520000457763672,18.530000686645508,14566,0.0,0.0,0.0
2023-03-06 09:30:00-05:00,18.5,18.510000228881836,18.479999542236328,18.494400024414062,12907,0.0,0.0,0.0
2023-03-06 10:30:00-05:00,18.5049991607666,18.510000228881836,18.469999313354492,18.469999313354492,6568,0.0,0.0,0.0
2023-03-06 11:30:00-05:00,18.489999771118164,18.5049991607666,18.479999542236328,18.489999771118164,10218,0.0,0.0,0.0
2023-03-06 12:30:00-05:00,18.479999542236328,18.479999542236328,18.46820068359375,18.469999313354492,14845,0.0,0.0,0.0
2023-03-06 13:30:00-05:00,18.459999084472656,18.459999084472656,18.43000030517578,18.450000762939453,13232,0.0,0.0,0.0
2023-03-06 14:30:00-05:00,18.440000534057617,18.450000762939453,18.430200576782227,18.440000534057617,9196,0.0,0.0,0.0
2023-03-06 15:30:00-05:00,18.440000534057617,18.44499969482422,18.440000534057617,18.440000534057617,10011,0.0,0.0,0.0
2023-03-07 09:30:00-05:00,18.309999465942383,18.309999465942383,18.196800231933594,18.200000762939453,62011,0.0,0.0,0.0
2023-03-07 10:30:00-05:00,18.199899673461914,18.239999771118164,18.139999389648438,18.15999984741211,35800,0.0,0.0,0.0
2023-03-07 11:30:00-05:00,18.170000076293945,18.200000762939453,18.170000076293945,18.18600082397461,17744,0.0,0.0,0.0
2023-03-07 12:30:00-05:00,18.18000030517578,18.18000030517578,18.125,18.1299991607666,16879,0.0,0.0,0.0
2023-03-07 13:30:00-05:00,18.1299991607666,18.135000228881836,18.1200008392334,18.125,9330,0.0,0.0,0.0
2023-03-07 14:30:00-05:00,18.129899978637695,18.13010025024414,18.129899978637695,18.13010025024414,412,0.0,0.0,0.0
2023-03-07 15:30:00-05:00,18.1299991607666,18.1299991607666,18.1200008392334,18.1200008392334,0,0.0,0.0,0.0
2023-03-08 09:30:00-05:00,18.1200008392334,18.209999084472656,18.1200008392334,18.209999084472656,13581,0.0,0.0,0.0
2023-03-08 10:30:00-05:00,18.200000762939453,18.21619987487793,18.18000030517578,18.200000762939453,5322,0.0,0.0,0.0
2023-03-08 11:30:00-05:00,18.18000030517578,18.18000030517578,18.1299991607666,18.139999389648438,15347,0.0,0.0,0.0
2023-03-08 12:30:00-05:00,18.139999389648438,18.15049934387207,18.1200008392334,18.1299991607666,17969,0.0,0.0,0.0
2023-03-08 13:30:00-05:00,18.1299991607666,18.1299991607666,18.11210060119629,18.1200008392334,6392,0.0,0.0,0.0
2023-03-08 14:30:00-05:00,18.139999389648438,18.139999389648438,18.1299991607666,18.1299991607666,12511,0.0,0.0,0.0
2023-03-08 15:30:00-05:00,18.1200008392334,18.129600524902344,18.110000610351562,18.110000610351562,0,0.0,0.0,0.0
2023-03-09 09:30:00-05:00,18.239999771118164,18.31999969482422,18.239999771118164,18.2716007232666,24315,0.0,0.0,0.0
2023-03-09 10:30:00-05:00,18.290000915527344,18.290000915527344,18.25,18.25909996032715,4396,0.0,0.0,0.0
2023-03-09 11:30:00-05:00,18.274999618530273,18.274999618530273,18.229999542236328,18.264999389648438,16928,0.0,0.0,0.0
2023-03-09 12:30:00-05:00,18.264999389648438,18.290000915527344,18.264999389648438,18.280000686645508,2873,0.0,0.0,0.0
2023-03-09 13:30:00-05:00,18.319299697875977,18.320100784301758,18.315000534057617,18.317800521850586,1859,0.0,0.0,0.0
2023-03-09 14:30:00-05:00,18.290000915527344,18.299999237060547,18.270000457763672,18.279800415039062,11892,0.0,0.0,0.0
2023-03-09 15:30:00-05:00,18.280000686645508,18.290000915527344,18.280000686645508,18.28499984741211,5210,0.0,0.0,0.0
2023-03-10 09:30:00-05:00,18.479999542236328,18.6200008392334,18.469999313354492,18.6200008392334,100317,0.0,0.0,0.0
2023-03-10 10:30:00-05:00,18.6200008392334,18.645000457763672,18.549999237060547,18.549999237060547,36911,0.0,0.0,0.0
2023-03-10 11:30:00-05:00,18.540000915527344,18.604999542236328,18.520000457763672,18.600000381469727,19972,0.0,0.0,0.0
2023-03-10 12:30:00-05:00,18.600000381469727,18.6299991607666,18.59000015258789,18.600000381469727,16264,0.0,0.0,0.0
2023-03-10 13:30:00-05:00,18.610000610351562,18.6299991607666,18.600000381469727,18.610000610351562,22669,0.0,0.0,0.0
2023-03-10 14:30:00-05:00,18.610000610351562,18.6299991607666,18.59000015258789,18.6299991607666,6631,0.0,0.0,0.0
2023-03-10 15:30:00-05:00,18.639999389648438,18.68000030517578,18.639999389648438,18.68000030517578,6730,0.0,0.0,0.0
2023-03-13 09:30:00-04:00,18.989999771118164,19.06999969482422,18.950000762939453,19.030000686645508,91103,0.0,0.0,0.0
2023-03-13 10:30:00-04:00,19.040000915527344,19.110000610351562,19.030000686645508,19.100000381469727,39726,0.0,0.0,0.0
2023-03-13 11:30:00-04:00,19.110000610351562,19.110000610351562,19.010000228881836,19.030000686645508,45770,0.0,0.0,0.0
2023-03-13 12:30:00-04:00,19.030000686645508,19.100000381469727,19.030000686645508,19.09000015258789,12032,0.0,0.0,0.0
2023-03-13 13:30:00-04:00,19.100000381469727,19.100099563598633,19.059999465942383,19.06999969482422,17470,0.0,0.0,0.0
2023-03-13 14:30:00-04:00,19.09000015258789,19.100000381469727,19.049999237060547,19.100000381469727,1599311,0.0,0.0,0.0
2023-03-13 15:30:00-04:00,19.100000381469727,19.125,19.100000381469727,19.110000610351562,0,0.0,0.0,0.0
2023-03-14 09:30:00-04:00,19.059999465942383,19.059999465942383,18.93000030517578,18.989999771118164,44774,0.0,0.0,0.0
2023-03-14 10:30:00-04:00,18.989999771118164,19.059999465942383,18.989999771118164,19.059900283813477,11870,0.0,0.0,0.0
2023-03-14 11:30:00-04:00,19.049999237060547,19.049999237060547,19.0,19.010000228881836,32552,0.0,0.0,0.0
2023-03-14 12:30:00-04:00,19.010000228881836,19.06999969482422,19.010000228881836,19.040000915527344,11572,0.0,0.0,0.0
2023-03-14 13:30:00-04:00,19.032800674438477,19.06999969482422,19.030000686645508,19.06679916381836,19264,0.0,0.0,0.0
2023-03-14 14:30:00-04:00,19.052400588989258,19.052400588989258,19.030000686645508,19.049999237060547,10286,0.0,0.0,0.0
2023-03-14 15:30:00-04:00,19.03499984741211,19.03499984741211,19.0,19.0,0,0.0,0.0,0.0
2023-03-15 09:30:00-04:00,19.219999313354492,19.25,19.149999618530273,19.18000030517578,148544,0.0,0.0,0.0
2023-03-15 10:30:00-04:00,19.170000076293945,19.239999771118164,19.170000076293945,19.235000610351562,2317633,0.0,0.0,0.0
2023-03-15 11:30:00-04:00,19.239999771118164,19.31999969482422,19.190000534057617,19.31999969482422,45196,0.0,0.0,0.0
2023-03-15 12:30:00-04:00,19.309999465942383,19.349899291992188,19.20680046081543,19.229999542236328,54716,0.0,0.0,0.0
2023-03-15 13:30:00-04:00,19.239999771118164,19.260000228881836,19.139999389648438,19.18000030517578,55925,0.0,0.0,0.0
2023-03-15 14:30:00-04:00,19.170000076293945,19.190000534057617,19.06999969482422,19.15999984741211,90856,0.0,0.0,0.0
2023-03-15 15:30:00-04:00,19.15999984741211,19.165000915527344,19.139999389648438,19.145000457763672,0,0.0,0.0,0.0
2023-03-16 09:30:00-04:00,19.290000915527344,19.290000915527344,19.21500015258789,19.25,65475,0.0,0.0,0.0
2023-03-16 10:30:00-04:00,19.270000457763672,19.280000686645508,19.1299991607666,19.159700393676758,1040651,0.0,0.0,0.0
2023-03-16 11:30:00-04:00,19.15999984741211,19.18000030517578,19.114999771118164,19.149999618530273,31671,0.0,0.0,0.0
2023-03-16 12:30:00-04:00,19.170000076293945,19.174999237060547,19.1200008392334,19.15999984741211,29958,0.0,0.0,0.0
2023-03-16 13:30:00-04:00,19.15999984741211,19.170000076293945,19.1299991607666,19.15999984741211,52183,0.0,0.0,0.0
2023-03-16 14:30:00-04:00,19.18000030517578,19.183300018310547,19.15999984741211,19.18000030517578,13433,0.0,0.0,0.0
2023-03-16 15:30:00-04:00,19.170000076293945,19.18000030517578,19.165000915527344,19.18000030517578,26053,0.0,0.0,0.0
2023-03-17 09:30:00-04:00,19.459999084472656,19.52989959716797,19.43000030517578,19.520000457763672,37695,0.0,0.0,0.0
2023-03-17 10:30:00-04:00,19.5216007232666,19.6200008392334,19.521400451660156,19.579999923706055,58714,0.0,0.0,0.0
2023-03-17 11:30:00-04:00,19.600000381469727,19.610000610351562,19.545000076293945,19.545000076293945,413939,0.0,0.0,0.0
2023-03-17 12:30:00-04:00,19.549999237060547,19.65999984741211,19.524999618530273,19.65999984741211,78785,0.0,0.0,0.0
2023-03-17 13:30:00-04:00,19.670000076293945,19.775400161743164,19.670000076293945,19.775400161743164,33032,0.0,0.0,0.0
2023-03-17 14:30:00-04:00,19.780000686645508,19.850000381469727,19.719999313354492,19.729999542236328,40965,0.0,0.0,0.0
2023-03-17 15:30:00-04:00,19.760000228881836,19.770000457763672,19.719999313354492,19.739999771118164,50456,0.0,0.0,0.0
2023-03-20 09:30:00-04:00,19.799999237060547,19.825199127197266,19.639999389648438,19.649999618530273,87414,0.0,0.0,0.0
2023-03-20 10:30:00-04:00,19.65999984741211,19.700000762939453,19.649999618530273,19.68000030517578,42517,0.0,0.0,0.0
2023-03-20 11:30:00-04:00,19.69499969482422,19.770000457763672,19.680099487304688,19.770000457763672,11851,0.0,0.0,0.0
2023-03-20 12:30:00-04:00,19.760000228881836,19.760000228881836,19.719999313354492,19.75,13734,0.0,0.0,0.0
2023-03-20 13:30:00-04:00,19.759199142456055,19.789899826049805,19.7549991607666,19.78569984436035,6491,0.0,0.0,0.0
2023-03-20 14:30:00-04:00,19.79990005493164,19.815000534057617,19.770000457763672,19.770000457763672,26465,0.0,0.0,0.0
2023-03-20 15:30:00-04:00,19.809999465942383,19.809999465942383,19.7450008392334,19.7450008392334,44207,0.0,0.0,0.0
2023-03-21 09:30:00-04:00,19.6299991607666,19.6299991607666,19.440000534057617,19.520000457763672,81748,0.0,0.0,0.0
2023-03-21 10:30:00-04:00,19.489999771118164,19.520000457763672,19.459999084472656,19.459999084472656,34011,0.0,0.0,0.0
2023-03-21 11:30:00-04:00,19.459999084472656,19.459999084472656,19.40999984741211,19.40999984741211,54364,0.0,0.0,0.0
2023-03-21 12:30:00-04:00,19.399999618530273,19.420000076293945,19.350000381469727,19.360000610351562,97196,0.0,0.0,0.0
2023-03-21 13:30:00-04:00,19.360000610351562,19.389999389648438,19.350000381469727,19.377899169921875,32393,0.0,0.0,0.0
2023-03-21 14:30:00-04:00,19.360000610351562,19.3700008392334,19.329999923706055,19.3700008392334,17007,0.0,0.0,0.0
2023-03-21 15:30:00-04:00,19.360000610351562,19.3799991607666,19.354999542236328,19.3799991607666,55741,0.0,0.0,0.0
2023-03-22 09:30:00-04:00,19.3799991607666,19.43000030517578,19.3700008392334,19.424999237060547,64819,0.0,0.0,0.0
2023-03-22 10:30:00-04:00,19.420000076293945,19.5,19.420000076293945,19.469999313354492,60838,0.0,0.0,0.0
2023-03-22 11:30:00-04:00,19.469999313354492,19.469999313354492,19.440000534057617,19.46500015258789,22055,0.0,0.0,0.0
2023-03-22 12:30:00-04:00,19.46500015258789,19.489999771118164,19.43000030517578,19.440000534057617,23950,0.0,0.0,0.0
2023-03-22 13:30:00-04:00,19.440000534057617,19.649999618530273,19.43000030517578,19.579999923706055,76846,0.0,0.0,0.0
2023-03-22 14:30:00-04:00,19.57659912109375,19.760000228881836,19.530000686645508,19.659000396728516,0,0.0,0.0,0.0
2023-03-22 15:30:00-04:00,19.639999389648438,19.729999542236328,19.6200008392334,19.700000762939453,484966,0.0,0.0,0.0
2023-03-23 09:30:00-04:00,19.770000457763672,19.81999969482422,19.739999771118164,19.81999969482422,25617,0.0,0.0,0.0
2023-03-23 10:30:00-04:00,19.81999969482422,19.84000015258789,19.760000228881836,19.84000015258789,46208,0.0,0.0,0.0
2023-03-23 11:30:00-04:00,19.84000015258789,19.90999984741211,19.799999237060547,19.905000686645508,39099,0.0,0.0,0.0
2023-03-23 12:30:00-04:00,19.920000076293945,19.929399490356445,19.88629913330078,19.90999984741211,38922,0.0,0.0,0.0
2023-03-23 13:30:00-04:00,19.90999984741211,20.0,19.90999984741211,19.97100067138672,55549,0.0,0.0,0.0
2023-03-23 14:30:00-04:00,19.969999313354492,20.010000228881836,19.8799991607666,19.93000030517578,141951,0.0,0.0,0.0
2023-03-23 15:30:00-04:00,19.940000534057617,19.959999084472656,19.920000076293945,19.954999923706055,0,0.0,0.0,0.0
2023-03-24 09:30:00-04:00,19.950000762939453,19.975000381469727,19.84000015258789,19.93000030517578,213316,0.0,0.0,0.0
2023-03-24 10:30:00-04:00,19.920000076293945,19.959999084472656,19.889999389648438,19.920000076293945,109593,0.0,0.0,0.0
2023-03-24 11:30:00-04:00,19.915000915527344,19.915000915527344,19.81999969482422,19.84000015258789,105076,0.0,0.0,0.0
2023-03-24 12:30:00-04:00,19.81999969482422,19.844999313354492,19.780000686645508,19.790000915527344,68075,0.0,0.0,0.0
2023-03-24 13:30:00-04:00,19.791099548339844,19.791099548339844,19.739999771118164,19.760000228881836,98373,0.0,0.0,0.0
2023-03-24 14:30:00-04:00,19.75,19.770000457763672,19.739999771118164,19.760000228881836,16722,0.0,0.0,0.0
2023-03-24 15:30:00-04:00,19.770000457763672,19.770000457763672,19.739999771118164,19.739999771118164,11726,0.0,0.0,0.0
2023-03-27 09:30:00-04:00,19.469999313354492,19.540000915527344,19.420000076293945,19.530000686645508,78170,0.0,0.0,0.0
2023-03-27 10:30:00-04:00,19.530000686645508,19.559999465942383,19.510000228881836,19.549999237060547,116883,0.0,0.0,0.0
2023-03-27 11:30:00-04:00,19.540000915527344,19.567100524902344,19.520000457763672,19.549999237060547,82426,0.0,0.0,0.0
2023-03-27 12:30:00-04:00,19.545000076293945,19.559999465942383,19.5,19.510000228881836,72084,0.0,0.0,0.0
2023-03-27 13:30:00-04:00,19.5,19.520000457763672,19.485000610351562,19.514999389648438,21799,0.0,0.0,0.0
2023-03-27 14:30:00-04:00,19.514999389648438,19.559999465942383,19.514999389648438,19.548999786376953,29943,0.0,0.0,0.0
2023-03-27 15:30:00-04:00,19.540000915527344,19.559999465942383,19.540000915527344,19.55500030517578,45558,0.0,0.0,0.0
2023-03-28 09:30:00-04:00,19.600000381469727,19.6299991607666,19.56999969482422,19.600000381469727,50174,0.0,0.0,0.0
2023-03-28 10:30:00-04:00,19.6200008392334,19.68000030517578,19.6200008392334,19.639999389648438,76957,0.0,0.0,0.0
2023-03-28 11:30:00-04:00,19.649999618530273,19.65999984741211,19.639999389648438,19.65999984741211,23434,0.0,0.0,0.0
2023-03-28 12:30:00-04:00,19.665000915527344,19.709999084472656,19.65999984741211,19.690000534057617,18343,0.0,0.0,0.0
2023-03-28 13:30:00-04:00,19.690000534057617,19.725000381469727,19.689699172973633,19.709999084472656,14538,0.0,0.0,0.0
2023-03-28 14:30:00-04:00,19.700000762939453,19.725000381469727,19.69499969482422,19.719999313354492,47173,0.0,0.0,0.0
2023-03-28 15:30:00-04:00,19.719999313354492,19.729999542236328,19.700000762939453,19.709999084472656,0,0.0,0.0,0.0
2023-03-29 09:30:00-04:00,19.6200008392334,19.649999618530273,19.600000381469727,19.641000747680664,74335,0.0,0.0,0.0
2023-03-29 10:30:00-04:00,19.649999618530273,19.690000534057617,19.6200008392334,19.625,100572,0.0,0.0,0.0
2023-03-29 11:30:00-04:00,19.649999618530273,19.649999618530273,19.59000015258789,19.610000610351562,53494,0.0,0.0,0.0
2023-03-29 12:30:00-04:00,19.600000381469727,19.6299991607666,19.600000381469727,19.6200008392334,32346,0.0,0.0,0.0
2023-03-29 13:30:00-04:00,19.639999389648438,19.65999984741211,19.639999389648438,19.658300399780273,4463,0.0,0.0,0.0
2023-03-29 14:30:00-04:00,19.649999618530273,19.649999618530273,19.610000610351562,19.610000610351562,5016,0.0,0.0,0.0
2023-03-29 15:30:00-04:00,19.604999542236328,19.6200008392334,19.59000015258789,19.614999771118164,19304,0.0,0.0,0.0
2023-03-30 09:30:00-04:00,19.639999389648438,19.690000534057617,19.625,19.665000915527344,118345,0.0,0.0,0.0
2023-03-30 10:30:00-04:00,19.65999984741211,19.729999542236328,19.65999984741211,19.700000762939453,14936,0.0,0.0,0.0
2023-03-30 11:30:00-04:00,19.719999313354492,19.78499984741211,19.70009994506836,19.78499984741211,18162,0.0,0.0,0.0
2023-03-30 12:30:00-04:00,19.780000686645508,19.809999465942383,19.764999389648438,19.764999389648438,10006,0.0,0.0,0.0
2023-03-30 13:30:00-04:00,19.760000228881836,19.799999237060547,19.760000228881836,19.780000686645508,6383,0.0,0.0,0.0
2023-03-30 14:30:00-04:00,19.78499984741211,19.794700622558594,19.780000686645508,19.790000915527344,10240,0.0,0.0,0.0
2023-03-30 15:30:00-04:00,19.799999237060547,19.809999465942383,19.78499984741211,19.790000915527344,0,0.0,0.0,0.0
2023-03-31 09:30:00-04:00,19.790000915527344,19.809999465942383,19.739999771118164,19.739999771118164,59842,0.0,0.0,0.0
2023-03-31 10:30:00-04:00,19.760000228881836,19.760400772094727,19.729999542236328,19.74959945678711,30945,0.0,0.0,0.0
2023-03-31 11:30:00-04:00,19.770000457763672,19.780000686645508,19.75,19.764999389648438,29782,0.0,0.0,0.0
2023-03-31 12:30:00-04:00,19.76420021057129,19.76420021057129,19.65999984741211,19.65999984741211,24447,0.0,0.0,0.0
2023-03-31 13:30:00-04:00,19.670000076293945,19.67799949645996,19.649999618530273,19.65999984741211,91119,0.0,0.0,0.0
2023-03-31 14:30:00-04:00,19.670000076293945,19.69499969482422,19.65999984741211,19.680099487304688,318836,0.0,0.0,0.0
2023-03-31 15:30:00-04:00,19.684999465942383,19.690000534057617,19.670000076293945,19.690000534057617,16117,0.0,0.0,0.0
2023-04-03 09:30:00-04:00,19.760000228881836,19.860000610351562,19.700000762939453,19.860000610351562,182890,0.0,0.0,0.0
2023-04-03 10:30:00-04:00,19.84000015258789,19.8700008392334,19.799999237060547,19.860000610351562,29810,0.0,0.0,0.0
2023-04-03 11:30:00-04:00,19.8700008392334,19.8799991607666,19.850000381469727,19.875,9338,0.0,0.0,0.0
2023-04-03 12:30:00-04:00,19.8700008392334,19.8799991607666,19.799999237060547,19.809999465942383,80533,0.0,0.0,0.0
2023-04-03 13:30:00-04:00,19.81999969482422,19.829999923706055,19.809999465942383,19.81999969482422,23746,0.0,0.0,0.0
2023-04-03 14:30:00-04:00,19.809999465942383,19.829999923706055,19.799999237060547,19.825000762939453,15917,0.0,0.0,0.0
2023-04-03 15:30:00-04:00,19.829999923706055,19.834999084472656,19.825000762939453,19.825000762939453,0,0.0,0.0,0.0
2023-04-04 09:30:00-04:00,19.850000381469727,20.209999084472656,19.850000381469727,20.199899673461914,291055,0.0,0.0,0.0
2023-04-04 10:30:00-04:00,20.190000534057617,20.209999084472656,20.139999389648438,20.15999984741211,151132,0.0,0.0,0.0
2023-04-04 11:30:00-04:00,20.15999984741211,20.229999542236328,20.15999984741211,20.190000534057617,80609,0.0,0.0,0.0
2023-04-04 12:30:00-04:00,20.190000534057617,20.204999923706055,20.15999984741211,20.18000030517578,72499,0.0,0.0,0.0
2023-04-04 13:30:00-04:00,20.174999237060547,20.190000534057617,20.15999984741211,20.170000076293945,360363,0.0,0.0,0.0
2023-04-04 14:30:00-04:00,20.18000030517578,20.200000762939453,20.18000030517578,20.190000534057617,623143,0.0,0.0,0.0
2023-04-04 15:30:00-04:00,20.19499969482422,20.209999084472656,20.184999465942383,20.19499969482422,29422,0.0,0.0,0.0
2023-04-05 09:30:00-04:00,20.229999542236328,20.290000915527344,20.170000076293945,20.190000534057617,342109,0.0,0.0,0.0
2023-04-05 10:30:00-04:00,20.18000030517578,20.190000534057617,20.08180046081543,20.170000076293945,400971,0.0,0.0,0.0
2023-04-05 11:30:00-04:00,20.15999984741211,20.217500686645508,20.139999389648438,20.184999465942383,174820,0.0,0.0,0.0
2023-04-05 12:30:00-04:00,20.184999465942383,20.200000762939453,20.165000915527344,20.170000076293945,84918,0.0,0.0,0.0
2023-04-05 13:30:00-04:00,20.190000534057617,20.200000762939453,20.18000030517578,20.200000762939453,287193,0.0,0.0,0.0
2023-04-05 14:30:00-04:00,20.204999923706055,20.209999084472656,20.190099716186523,20.19499969482422,13804,0.0,0.0,0.0
2023-04-05 15:30:00-04:00,20.19499969482422,20.20989990234375,20.18000030517578,20.184999465942383,0,0.0,0.0,0.0
2023-04-06 09:30:00-04:00,20.09000015258789,20.1200008392334,19.989999771118164,20.049100875854492,76332,0.0,0.0,0.0
2023-04-06 10:30:00-04:00,20.051300048828125,20.100000381469727,20.051300048828125,20.07200050354004,6717,0.0,0.0,0.0
2023-04-06 11:30:00-04:00,20.079999923706055,20.1200008392334,20.079999923706055,20.1200008392334,5160,0.0,0.0,0.0
2023-04-06 12:30:00-04:00,20.10849952697754,20.110000610351562,20.06999969482422,20.079999923706055,7705,0.0,0.0,0.0
2023-04-06 13:30:00-04:00,20.08009910583496,20.09000015258789,20.059999465942383,20.059999465942383,4120,0.0,0.0,0.0
2023-04-06 14:30:00-04:00,20.075000762939453,20.07990074157715,20.05500030517578,20.05500030517578,14816,0.0,0.0,0.0
2023-04-06 15:30:00-04:00,20.045000076293945,20.049999237060547,20.040000915527344,20.040000915527344,7944,0.0,0.0,0.0
2023-04-10 09:30:00-04:00,19.899999618530273,19.920000076293945,19.84000015258789,19.858999252319336,59814,0.0,0.0,0.0
2023-04-10 10:30:00-04:00,19.81999969482422,19.8700008392334,19.799999237060547,19.868000030517578,31138,0.0,0.0,0.0
2023-04-10 11:30:00-04:00,19.860000610351562,19.86009979248047,19.850000381469727,19.860000610351562,4010,0.0,0.0,0.0
2023-04-10 12:30:00-04:00,19.860000610351562,19.8799991607666,19.854999542236328,19.8700008392334,9462,0.0,0.0,0.0
2023-04-10 13:30:00-04:00,19.869199752807617,19.8700008392334,19.860000610351562,19.860000610351562,21822,0.0,0.0,0.0
2023-04-10 14:30:00-04:00,19.860000610351562,19.889999389648438,19.854999542236328,19.88010025024414,26885,0.0,0.0,0.0
2023-04-10 15:30:00-04:00,19.885000228881836,19.899999618530273,19.885000228881836,19.889999389648438,23943,0.0,0.0,0.0
2023-04-11 09:30:00-04:00,19.969999313354492,20.010000228881836,19.959999084472656,20.010000228881836,139275,0.0,0.0,0.0
2023-04-11 10:30:00-04:00,20.003999710083008,20.020000457763672,19.989999771118164,20.018999099731445,10948,0.0,0.0,0.0
2023-04-11 11:30:00-04:00,20.010000228881836,20.030000686645508,20.0,20.023000717163086,8924,0.0,0.0,0.0
2023-04-11 12:30:00-04:00,20.030000686645508,20.030099868774414,20.0,20.010000228881836,6001,0.0,0.0,0.0
2023-04-11 13:30:00-04:00,20.024999618530273,20.030099868774414,20.010000228881836,20.030000686645508,9647,0.0,0.0,0.0
2023-04-11 14:30:00-04:00,20.020000457763672,20.040000915527344,20.014999389648438,20.040000915527344,14645,0.0,0.0,0.0
2023-04-11 15:30:00-04:00,20.040000915527344,20.045000076293945,20.010000228881836,20.020000457763672,0,0.0,0.0,0.0
2023-04-12 09:30:00-04:00,20.149999618530273,20.15999984741211,19.989999771118164,20.079599380493164,70794,0.0,0.0,0.0
2023-04-12 10:30:00-04:00,20.06999969482422,20.06999969482422,20.019899368286133,20.052900314331055,25575,0.0,0.0,0.0
2023-04-12 11:30:00-04:00,20.05500030517578,20.065500259399414,20.045000076293945,20.065500259399414,2644,0.0,0.0,0.0
2023-04-12 12:30:00-04:00,20.059999465942383,20.076099395751953,20.04129981994629,20.076099395751953,37596,0.0,0.0,0.0
2023-04-12 13:30:00-04:00,20.07990074157715,20.1200008392334,20.0718994140625,20.1200008392334,1757,0.0,0.0,0.0
2023-04-12 14:30:00-04:00,20.139999389648438,20.155000686645508,20.120500564575195,20.149900436401367,5064,0.0,0.0,0.0
2023-04-12 15:30:00-04:00,20.139999389648438,20.139999389648438,20.110000610351562,20.110000610351562,0,0.0,0.0,0.0
2023-04-13 09:30:00-04:00,20.399999618530273,20.448999404907227,20.372299194335938,20.419200897216797,52588,0.0,0.0,0.0
2023-04-13 10:30:00-04:00,20.360000610351562,20.375,20.319900512695312,20.375,10638,0.0,0.0,0.0
2023-04-13 11:30:00-04:00,20.3799991607666,20.389999389648438,20.350000381469727,20.360000610351562,25540,0.0,0.0,0.0
2023-04-13 12:30:00-04:00,20.37070083618164,20.3799991607666,20.3700008392334,20.3799991607666,6322,0.0,0.0,0.0
2023-04-13 13:30:00-04:00,20.399999618530273,20.41990089416504,20.388999938964844,20.389999389648438,256465,0.0,0.0,0.0
2023-04-13 14:30:00-04:00,20.385000228881836,20.385000228881836,20.34440040588379,20.3700008392334,24699,0.0,0.0,0.0
2023-04-13 15:30:00-04:00,20.364999771118164,20.385000228881836,20.364999771118164,20.385000228881836,9388,0.0,0.0,0.0
2023-04-14 09:30:00-04:00,20.219999313354492,20.260000228881836,20.059999465942383,20.07900047302246,131365,0.0,0.0,0.0
2023-04-14 10:30:00-04:00,20.079999923706055,20.079999923706055,19.920000076293945,19.970500946044922,537939,0.0,0.0,0.0
2023-04-14 11:30:00-04:00,19.975200653076172,19.979999542236328,19.90999984741211,19.93000030517578,96912,0.0,0.0,0.0
2023-04-14 12:30:00-04:00,19.93000030517578,20.0049991607666,19.93000030517578,20.0,13707,0.0,0.0,0.0
2023-04-14 13:30:00-04:00,20.0,20.03499984741211,20.0,20.020000457763672,6391,0.0,0.0,0.0
2023-04-14 14:30:00-04:00,20.010000228881836,20.049999237060547,20.010000228881836,20.040000915527344,8197,0.0,0.0,0.0
2023-04-14 15:30:00-04:00,20.045000076293945,20.045000076293945,20.030000686645508,20.030000686645508,19289,0.0,0.0,0.0
2023-04-17 09:30:00-04:00,19.989999771118164,19.989999771118164,19.88010025024414,19.88010025024414,84007,0.0,0.0,0.0
2023-04-17 10:30:00-04:00,19.870100021362305,19.899999618530273,19.799999237060547,19.899999618530273,20948,0.0,0.0,0.0
2023-04-17 11:30:00-04:00,19.895000457763672,19.899999618530273,19.850000381469727,19.850099563598633,13209,0.0,0.0,0.0
2023-04-17 12:30:00-04:00,19.860000610351562,19.929899215698242,19.860000610351562,19.929899215698242,2341,0.0,0.0,0.0
2023-04-17 13:30:00-04:00,19.93000030517578,19.93000030517578,19.920000076293945,19.928300857543945,3458,0.0,0.0,0.0
2023-04-17 14:30:00-04:00,19.940000534057617,19.94849967956543,19.93000030517578,19.93899917602539,12173,0.0,0.0,0.0
2023-04-17 15:30:00-04:00,19.940000534057617,19.940000534057617,19.931699752807617,19.940000534057617,4713,0.0,0.0,0.0
2023-04-18 09:30:00-04:00,19.920000076293945,20.079999923706055,19.890100479125977,20.049999237060547,0,0.0,0.0,0.0
2023-04-18 10:30:00-04:00,20.052099227905273,20.09000015258789,20.052099227905273,20.079999923706055,98395,0.0,0.0,0.0
2023-04-18 11:30:00-04:00,20.09000015258789,20.09000015258789,20.04789924621582,20.04789924621582,104129,0.0,0.0,0.0
2023-04-18 12:30:00-04:00,20.040000915527344,20.059999465942383,20.030000686645508,20.049999237060547,13228,0.0,0.0,0.0
2023-04-18 13:30:00-04:00,20.040000915527344,20.040000915527344,20.014999389648438,20.020000457763672,16422,0.0,0.0,0.0
2023-04-18 14:30:00-04:00,20.024999618530273,20.040000915527344,20.020000457763672,20.040000915527344,13901,0.0,0.0,0.0
2023-04-18 15:30:00-04:00,20.030000686645508,20.030000686645508,20.010000228881836,20.010000228881836,0,0.0,0.0,0.0
2023-04-19 09:30:00-04:00,19.81999969482422,19.93000030517578,19.809999465942383,19.90999984741211,92807,0.0,0.0,0.0
2023-04-19 10:30:00-04:00,19.920000076293945,19.93000030517578,19.889999389648438,19.915000915527344,26586,0.0,0.0,0.0
2023-04-19 11:30:00-04:00,19.911399841308594,19.917699813842773,19.8799991607666,19.90999984741211,16418,0.0,0.0,0.0
2023-04-19 12:30:00-04:00,19.90999984741211,19.950000762939453,19.90999984741211,19.924999237060547,138803,0.0,0.0,0.0
2023-04-19 13:30:00-04:00,19.934999465942383,19.934999465942383,19.92140007019043,19.930200576782227,3447,0.0,0.0,0.0
2023-04-19 14:30:00-04:00,19.925399780273438,19.947999954223633,19.925399780273438,19.940000534057617,3861,0.0,0.0,0.0
2023-04-19 15:30:00-04:00,19.934999465942383,19.934999465942383,19.915000915527344,19.915000915527344,0,0.0,0.0,0.0
2023-04-20 09:30:00-04:00,20.0,20.094999313354492,20.0,20.040000915527344,81475,0.0,0.0,0.0
2023-04-20 10:30:00-04:00,20.040000915527344,20.040000915527344,19.969999313354492,19.969999313354492,12628,0.0,0.0,0.0
2023-04-20 11:30:00-04:00,20.014999389648438,20.045000076293945,20.010000228881836,20.03499984741211,9791,0.0,0.0,0.0
2023-04-20 12:30:00-04:00,20.03499984741211,20.051599502563477,20.020000457763672,20.051599502563477,10622,0.0,0.0,0.0
2023-04-20 13:30:00-04:00,20.040000915527344,20.049999237060547,20.026100158691406,20.026100158691406,2810,0.0,0.0,0.0
2023-04-20 14:30:00-04:00,20.03499984741211,20.035999298095703,20.020000457763672,20.020000457763672,60227,0.0,0.0,0.0
2023-04-20 15:30:00-04:00,20.024999618530273,20.024999618530273,20.0,20.0,46735,0.0,0.0,0.0
2023-04-21 09:30:00-04:00,19.889999389648438,19.950000762939453,19.700000762939453,19.808300018310547,175205,0.0,0.0,0.0
2023-04-21 10:30:00-04:00,19.799999237060547,19.799999237060547,19.739999771118164,19.75,24836,0.0,0.0,0.0
2023-04-21 11:30:00-04:00,19.739999771118164,19.75,19.72130012512207,19.739999771118164,8419,0.0,0.0,0.0
2023-04-21 12:30:00-04:00,19.740100860595703,19.760000228881836,19.740100860595703,19.760000228881836,2280,0.0,0.0,0.0
2023-04-21 13:30:00-04:00,19.780000686645508,19.795799255371094,19.770000457763672,19.770000457763672,5403,0.0,0.0,0.0
2023-04-21 14:30:00-04:00,19.770000457763672,19.798999786376953,19.760000228881836,19.798999786376953,19480,0.0,0.0,0.0
2023-04-21 15:30:00-04:00,19.799999237060547,19.809999465942383,19.790000915527344,19.799999237060547,102633,0.0,0.0,0.0
2023-04-24 09:30:00-04:00,19.790000915527344,19.790000915527344,19.719999313354492,19.790000915527344,105901,0.0,0.0,0.0
2023-04-24 10:30:00-04:00,19.7987003326416,19.84600067138672,19.790000915527344,19.799999237060547,10107,0.0,0.0,0.0
2023-04-24 11:30:00-04:00,19.799999237060547,19.844999313354492,19.799999237060547,19.83989906311035,6184,0.0,0.0,0.0
2023-04-24 12:30:00-04:00,19.84600067138672,19.8700008392334,19.829999923706055,19.8700008392334,22699,0.0,0.0,0.0
2023-04-24 13:30:00-04:00,19.8700008392334,19.8799991607666,19.8700008392334,19.875,3122,0.0,0.0,0.0
2023-04-24 14:30:00-04:00,19.8700008392334,19.875,19.85219955444336,19.859899520874023,19375,0.0,0.0,0.0
2023-04-24 15:30:00-04:00,19.860000610351562,19.864999771118164,19.851699829101562,19.860000610351562,14197,0.0,0.0,0.0
2023-04-25 09:30:00-04:00,19.8700008392334,19.8700008392334,19.809999465942383,19.81999969482422,142049,0.0,0.0,0.0
2023-04-25 10:30:00-04:00,19.84000015258789,19.8700008392334,19.829999923706055,19.860000610351562,49215,0.0,0.0,0.0
2023-04-25 11:30:00-04:00,19.8700008392334,19.889999389648438,19.860000610351562,19.8799991607666,51190,0.0,0.0,0.0
2023-04-25 12:30:00-04:00,19.8700008392334,19.93000030517578,19.864999771118164,19.93000030517578,81917,0.0,0.0,0.0
2023-04-25 13:30:00-04:00,19.920000076293945,20.010000228881836,19.920000076293945,19.969200134277344,31403,0.0,0.0,0.0
2023-04-25 14:30:00-04:00,19.940000534057617,19.96500015258789,19.93000030517578,19.959999084472656,196990,0.0,0.0,0.0
2023-04-25 15:30:00-04:00,19.96500015258789,19.969999313354492,19.959999084472656,19.96500015258789,0,0.0,0.0,0.0
2023-04-26 09:30:00-04:00,20.06999969482422,20.06999969482422,19.969999313354492,19.979999542236328,26702,0.0,0.0,0.0
2023-04-26 10:30:00-04:00,19.989999771118164,19.989999771118164,19.920000076293945,19.934999465942383,12828,0.0,0.0,0.0
2023-04-26 11:30:00-04:00,19.922300338745117,19.93000030517578,19.834999084472656,19.84000015258789,23636,0.0,0.0,0.0
2023-04-26 12:30:00-04:00,19.84000015258789,19.850000381469727,19.829999923706055,19.829999923706055,23862,0.0,0.0,0.0
2023-04-26 13:30:00-04:00,19.84000015258789,19.86009979248047,19.830699920654297,19.84000015258789,18597,0.0,0.0,0.0
2023-04-26 14:30:00-04:00,19.831600189208984,19.886999130249023,19.829999923706055,19.8799991607666,72553,0.0,0.0,0.0
2023-04-26 15:30:00-04:00,19.875,19.885000228881836,19.850000381469727,19.850000381469727,0,0.0,0.0,0.0
2023-04-27 09:30:00-04:00,19.760000228881836,19.834999084472656,19.719999313354492,19.780000686645508,102273,0.0,0.0,0.0
2023-04-27 10:30:00-04:00,19.78499984741211,19.829999923706055,19.770000457763672,19.829999923706055,17647,0.0,0.0,0.0
2023-04-27 11:30:00-04:00,19.81999969482422,19.829999923706055,19.790000915527344,19.799999237060547,11139,0.0,0.0,0.0
2023-04-27 12:30:00-04:00,19.799999237060547,19.875,19.799999237060547,19.875,28168,0.0,0.0,0.0
2023-04-27 13:30:00-04:00,19.8799991607666,19.8799991607666,19.84910011291504,19.850099563598633,14817,0.0,0.0,0.0
2023-04-27 14:30:00-04:00,19.860000610351562,19.875,19.860000610351562,19.875,29480,0.0,0.0,0.0
2023-04-27 15:30:00-04:00,19.864999771118164,19.864999771118164,19.850000381469727,19.854999542236328,0,0.0,0.0,0.0
2023-04-28 09:30:00-04:00,19.8700008392334,19.8700008392334,19.799999237060547,19.809999465942383,88645,0.0,0.0,0.0
2023-04-28 10:30:00-04:00,19.809999465942383,19.920000076293945,19.809999465942383,19.8700008392334,57282,0.0,0.0,0.0
2023-04-28 11:30:00-04:00,19.8700008392334,19.895000457763672,19.8700008392334,19.889999389648438,53108,0.0,0.0,0.0
2023-04-28 12:30:00-04:00,19.909799575805664,19.909799575805664,19.8700008392334,19.8700008392334,8341,0.0,0.0,0.0
2023-04-28 13:30:00-04:00,19.8799991607666,19.885000228881836,19.8700008392334,19.874300003051758,28137,0.0,0.0,0.0
2023-04-28 14:30:00-04:00,19.8700008392334,19.8799991607666,19.850000381469727,19.860000610351562,38990,0.0,0.0,0.0
2023-04-28 15:30:00-04:00,19.864999771118164,19.8700008392334,19.850000381469727,19.8700008392334,37382,0.0,0.0,0.0
2023-05-01 09:30:00-04:00,20.010000228881836,20.014999389648438,19.81999969482422,19.857999801635742,93431,0.0,0.0,0.0
2023-05-01 10:30:00-04:00,19.860000610351562,19.860000610351562,19.790000915527344,19.799400329589844,25498,0.0,0.0,0.0
2023-05-01 11:30:00-04:00,19.799999237060547,19.825000762939453,19.774999618530273,19.789899826049805,11737,0.0,0.0,0.0
2023-05-01 12:30:00-04:00,19.796600341796875,19.81760025024414,19.780000686645508,19.809999465942383,54155,0.0,0.0,0.0
2023-05-01 13:30:00-04:00,19.80500030517578,19.80780029296875,19.780000686645508,19.795000076293945,17393,0.0,0.0,0.0
2023-05-01 14:30:00-04:00,19.80069923400879,19.809999465942383,19.780000686645508,19.780000686645508,27417,0.0,0.0,0.0
2023-05-01 15:30:00-04:00,19.780000686645508,19.790000915527344,19.770000457763672,19.770000457763672,22737,0.0,0.0,0.0
2023-05-02 09:30:00-04:00,19.860000610351562,20.020000457763672,19.84000015258789,20.020000457763672,134861,0.0,0.0,0.0
2023-05-02 10:30:00-04:00,20.010000228881836,20.104900360107422,20.010000228881836,20.079999923706055,54893,0.0,0.0,0.0
2023-05-02 11:30:00-04:00,20.094999313354492,20.170000076293945,20.079999923706055,20.155000686645508,68842,0.0,0.0,0.0
2023-05-02 12:30:00-04:00,20.1299991607666,20.13990020751953,20.110000610351562,20.110000610351562,2535865,0.0,0.0,0.0
2023-05-02 13:30:00-04:00,20.110000610351562,20.1200008392334,20.09000015258789,20.11989974975586,85484,0.0,0.0,0.0
2023-05-02 14:30:00-04:00,20.1200008392334,20.140100479125977,20.1200008392334,20.1299991607666,183957,0.0,0.0,0.0
2023-05-02 15:30:00-04:00,20.139999389648438,20.15999984741211,20.13010025024414,20.15999984741211,46125,0.0,0.0,0.0
2023-05-03 09:30:00-04:00,20.15999984741211,20.179000854492188,20.100000381469727,20.119800567626953,192202,0.0,0.0,0.0
2023-05-03 10:30:00-04:00,20.128999710083008,20.229999542236328,20.128999710083008,20.225000381469727,37354,0.0,0.0,0.0
2023-05-03 11:30:00-04:00,20.239900588989258,20.239900588989258,20.200000762939453,20.209999084472656,11523,0.0,0.0,0.0
2023-05-03 12:30:00-04:00,20.20989990234375,20.259000778198242,20.204999923706055,20.259000778198242,20627,0.0,0.0,0.0
2023-05-03 13:30:00-04:00,20.259899139404297,20.329999923706055,20.170000076293945,20.200000762939453,253617,0.0,0.0,0.0
2023-05-03 14:30:00-04:00,20.200000762939453,20.25,20.145000457763672,20.221900939941406,87708,0.0,0.0,0.0
2023-05-03 15:30:00-04:00,20.227699279785156,20.329999923706055,20.19499969482422,20.329999923706055,0,0.0,0.0,0.0
2023-05-04 09:30:00-04:00,20.309999465942383,20.520000457763672,20.299999237060547,20.520000457763672,63223,0.0,0.0,0.0
2023-05-04 10:30:00-04:00,20.514999389648438,20.559999465942383,20.43000030517578,20.454999923706055,27953,0.0,0.0,0.0
2023-05-04 11:30:00-04:00,20.475000381469727,20.489999771118164,20.465200424194336,20.469999313354492,32148,0.0,0.0,0.0
2023-05-04 12:30:00-04:00,20.469999313354492,20.4950008392334,20.444000244140625,20.450000762939453,34368,0.0,0.0,0.0
2023-05-04 13:30:00-04:00,20.440000534057617,20.4596004486084,20.43000030517578,20.440099716186523,35051,0.0,0.0,0.0
2023-05-04 14:30:00-04:00,20.450000762939453,20.475000381469727,20.440099716186523,20.46500015258789,23855,0.0,0.0,0.0
2023-05-04 15:30:00-04:00,20.464500427246094,20.475000381469727,20.461999893188477,20.469999313354492,0,0.0,0.0,0.0
2023-05-05 09:30:00-04:00,20.059999465942383,20.09000015258789,19.979999542236328,20.065000534057617,146578,0.0,0.0,0.0
2023-05-05 10:30:00-04:00,20.040000915527344,20.110000610351562,20.03499984741211,20.09000015258789,38633,0.0,0.0,0.0
2023-05-05 11:30:00-04:00,20.09000015258789,20.139999389648438,20.09000015258789,20.139999389648438,41174,0.0,0.0,0.0
2023-05-05 12:30:00-04:00,20.139999389648438,20.165000915527344,20.135000228881836,20.139999389648438,22044,0.0,0.0,0.0
2023-05-05 13:30:00-04:00,20.139999389648438,20.139999389648438,20.11009979248047,20.1299991607666,14597,0.0,0.0,0.0
2023-05-05 14:30:00-04:00,20.110000610351562,20.149999618530273,20.110000610351562,20.143999099731445,16594,0.0,0.0,0.0
2023-05-05 15:30:00-04:00,20.149999618530273,20.15999984741211,20.149999618530273,20.149999618530273,17403,0.0,0.0,0.0
2023-05-08 09:30:00-04:00,20.200000762939453,20.229900360107422,20.15999984741211,20.21500015258789,32421,0.0,0.0,0.0
2023-05-08 10:30:00-04:00,20.200000762939453,20.229999542236328,20.200000762939453,20.219999313354492,6914,0.0,0.0,0.0
2023-05-08 11:30:00-04:00,20.25,20.264999389648438,20.25,20.25,5451,0.0,0.0,0.0
2023-05-08 12:30:00-04:00,20.2450008392334,20.250099182128906,20.222200393676758,20.222200393676758,7065,0.0,0.0,0.0
2023-05-08 13:30:00-04:00,20.23859977722168,20.23859977722168,20.190000534057617,20.19499969482422,0,0.0,0.0,0.0
2023-05-08 14:30:00-04:00,20.184999465942383,20.19499969482422,20.18000030517578,20.190000534057617,84289,0.0,0.0,0.0
2023-05-08 15:30:00-04:00,20.19499969482422,20.19499969482422,20.174999237060547,20.18000030517578,0,0.0,0.0,0.0
2023-05-09 09:30:00-04:00,20.229999542236328,20.280000686645508,20.21500015258789,20.2450008392334,44148,0.0,0.0,0.0
2023-05-09 10:30:00-04:00,20.25,20.25,20.225000381469727,20.225000381469727,11726,0.0,0.0,0.0
2023-05-09 11:30:00-04:00,20.219999313354492,20.290000915527344,20.219999313354492,20.290000915527344,10815,0.0,0.0,0.0
2023-05-09 12:30:00-04:00,20.290000915527344,20.329999923706055,20.269899368286133,20.329999923706055,5535,0.0,0.0,0.0
2023-05-09 13:30:00-04:00,20.34000015258789,20.350000381469727,20.325000762939453,20.334999084472656,16097,0.0,0.0,0.0
2023-05-09 14:30:00-04:00,20.34000015258789,20.344999313354492,20.312999725341797,20.31999969482422,6314,0.0,0.0,0.0
2023-05-09 15:30:00-04:00,20.315000534057617,20.319000244140625,20.315000534057617,20.319000244140625,3822,0.0,0.0,0.0
2023-05-10 09:30:00-04:00,20.31999969482422,20.3799991607666,20.299999237060547,20.309999465942383,52213,0.0,0.0,0.0
2023-05-10 10:30:00-04:00,20.309999465942383,20.315000534057617,20.200000762939453,20.21940040588379,49030,0.0,0.0,0.0
2023-05-10 11:30:00-04:00,20.209999084472656,20.239900588989258,20.20009994506836,20.229999542236328,25652,0.0,0.0,0.0
2023-05-10 12:30:00-04:00,20.229999542236328,20.280000686645508,20.229999542236328,20.280000686645508,9195,0.0,0.0,0.0
2023-05-10 13:30:00-04:00,20.279399871826172,20.299999237060547,20.279399871826172,20.290000915527344,31710,0.0,0.0,0.0
2023-05-10 14:30:00-04:00,20.290000915527344,20.31999969482422,20.274999618530273,20.274999618530273,19731,0.0,0.0,0.0
2023-05-10 15:30:00-04:00,20.280000686645508,20.290000915527344,20.261899948120117,20.290000915527344,24343,0.0,0.0,0.0
2023-05-11 09:30:00-04:00,20.260000228881836,20.290000915527344,20.100000381469727,20.13990020751953,59168,0.0,0.0,0.0
2023-05-11 10:30:00-04:00,20.18000030517578,20.190000534057617,20.150100708007812,20.170000076293945,24286,0.0,0.0,0.0
2023-05-11 11:30:00-04:00,20.14900016784668,20.15999984741211,20.100000381469727,20.149999618530273,67457,0.0,0.0,0.0
2023-05-11 12:30:00-04:00,20.140100479125977,20.149999618530273,20.125,20.129899978637695,10252,0.0,0.0,0.0
2023-05-11 13:30:00-04:00,20.120100021362305,20.125,20.114999771118164,20.1200008392334,10010,0.0,0.0,0.0
2023-05-11 14:30:00-04:00,20.1200008392334,20.129899978637695,20.115999221801758,20.128999710083008,5947,0.0,0.0,0.0
2023-05-11 15:30:00-04:00,20.1299991607666,20.139999389648438,20.110000610351562,20.110000610351562,0,0.0,0.0,0.0
2023-05-12 09:30:00-04:00,20.15999984741211,20.18000030517578,20.13789939880371,20.13789939880371,39343,0.0,0.0,0.0
2023-05-12 10:30:00-04:00,20.110000610351562,20.110000610351562,20.073699951171875,20.078899383544922,7190,0.0,0.0,0.0
2023-05-12 11:30:00-04:00,20.084999084472656,20.08930015563965,20.059999465942383,20.06999969482422,22801,0.0,0.0,0.0
2023-05-12 12:30:00-04:00,20.084999084472656,20.138200759887695,20.079999923706055,20.1200008392334,24737,0.0,0.0,0.0
2023-05-12 13:30:00-04:00,20.111000061035156,20.1299991607666,20.110000610351562,20.1200008392334,8969,0.0,0.0,0.0
2023-05-12 14:30:00-04:00,20.1200008392334,20.1200008392334,20.100000381469727,20.100000381469727,7292,0.0,0.0,0.0
2023-05-12 15:30:00-04:00,20.100000381469727,20.100000381469727,20.079999923706055,20.079999923706055,35488,0.0,0.0,0.0
2023-05-15 09:30:00-04:00,20.139999389648438,20.190000534057617,20.1200008392334,20.130599975585938,27309,0.0,0.0,0.0
2023-05-15 10:30:00-04:00,20.1299991607666,20.139999389648438,20.110000610351562,20.1200008392334,8097,0.0,0.0,0.0
2023-05-15 11:30:00-04:00,20.139999389648438,20.15999984741211,20.1299991607666,20.155000686645508,48336,0.0,0.0,0.0
2023-05-15 12:30:00-04:00,20.174999237060547,20.190000534057617,20.139999389648438,20.139999389648438,11342,0.0,0.0,0.0
2023-05-15 13:30:00-04:00,20.149999618530273,20.165700912475586,20.139999389648438,20.139999389648438,8486,0.0,0.0,0.0
2023-05-15 14:30:00-04:00,20.145000457763672,20.145000457763672,20.1200008392334,20.125,6499,0.0,0.0,0.0
2023-05-15 15:30:00-04:00,20.129100799560547,20.1299991607666,20.1200008392334,20.126300811767578,30452,0.0,0.0,0.0
2023-05-16 09:30:00-04:00,20.059999465942383,20.079999923706055,20.020000457763672,20.022499084472656,48949,0.0,0.0,0.0
2023-05-16 10:30:00-04:00,20.03499984741211,20.03499984741211,19.959999084472656,19.989999771118164,23342,0.0,0.0,0.0
2023-05-16 11:30:00-04:00,19.969999313354492,19.969999313354492,19.899999618530273,19.920000076293945,62597,0.0,0.0,0.0
2023-05-16 12:30:00-04:00,19.90999984741211,19.90999984741211,19.829999923706055,19.8700008392334,135720,0.0,0.0,0.0
2023-05-16 13:30:00-04:00,19.860000610351562,19.875,19.844999313354492,19.875,17938,0.0,0.0,0.0
2023-05-16 14:30:00-04:00,19.870100021362305,19.889999389648438,19.8700008392334,19.875,186124,0.0,0.0,0.0
2023-05-16 15:30:00-04:00,19.8799991607666,19.889999389648438,19.8700008392334,19.8700008392334,35682,0.0,0.0,0.0
2023-05-17 09:30:00-04:00,19.81999969482422,19.829999923706055,19.719999313354492,19.81999969482422,165998,0.0,0.0,0.0
2023-05-17 10:30:00-04:00,19.815000534057617,19.81999969482422,19.780000686645508,19.799999237060547,36951,0.0,0.0,0.0
2023-05-17 11:30:00-04:00,19.780000686645508,19.799999237060547,19.770000457763672,19.780000686645508,23333,0.0,0.0,0.0
2023-05-17 12:30:00-04:00,19.799999237060547,19.815000534057617,19.780000686645508,19.780000686645508,17998,0.0,0.0,0.0
2023-05-17 13:30:00-04:00,19.790000915527344,19.809999465942383,19.790000915527344,19.809999465942383,68229,0.0,0.0,0.0
2023-05-17 14:30:00-04:00,19.809999465942383,19.81999969482422,19.800100326538086,19.80500030517578,11977,0.0,0.0,0.0
2023-05-17 15:30:00-04:00,19.799999237060547,19.809999465942383,19.795000076293945,19.80500030517578,21224,0.0,0.0,0.0
2023-05-18 09:30:00-04:00,19.579999923706055,19.59000015258789,19.545000076293945,19.55500030517578,87485,0.0,0.0,0.0
2023-05-18 10:30:00-04:00,19.565000534057617,19.565000534057617,19.489999771118164,19.519800186157227,78243,0.0,0.0,0.0
2023-05-18 11:30:00-04:00,19.520000457763672,19.549999237060547,19.520000457763672,19.540000915527344,51825,0.0,0.0,0.0
2023-05-18 12:30:00-04:00,19.530000686645508,19.540000915527344,19.513999938964844,19.540000915527344,56328,0.0,0.0,0.0
2023-05-18 13:30:00-04:00,19.5580997467041,19.559999465942383,19.540000915527344,19.549999237060547,11142,0.0,0.0,0.0
2023-05-18 14:30:00-04:00,19.540000915527344,19.549999237060547,19.530000686645508,19.549999237060547,5933,0.0,0.0,0.0
2023-05-18 15:30:00-04:00,19.545000076293945,19.549999237060547,19.542299270629883,19.545000076293945,0,0.0,0.0,0.0
2023-05-19 09:30:00-04:00,19.579999923706055,19.59000015258789,19.559999465942383,19.579999923706055,37984,0.0,0.0,0.0
2023-05-19 10:30:00-04:00,19.579999923706055,19.729999542236328,19.549999237060547,19.704999923706055,25493,0.0,0.0,0.0
2023-05-19 11:30:00-04:00,19.729999542236328,19.809999465942383,19.709999084472656,19.739999771118164,41216,0.0,0.0,0.0
2023-05-19 12:30:00-04:00,19.739999771118164,19.760099411010742,19.739900588989258,19.760000228881836,17147,0.0,0.0,0.0
2023-05-19 13:30:00-04:00,19.770000457763672,19.799999237060547,19.770000457763672,19.795000076293945,7722,0.0,0.0,0.0
2023-05-19 14:30:00-04:00,19.790000915527344,19.790000915527344,19.736299514770508,19.739999771118164,24910,0.0,0.0,0.0
2023-05-19 15:30:00-04:00,19.735000610351562,19.739999771118164,19.719999313354492,19.739999771118164,20077,0.0,0.0,0.0
2023-05-22 09:30:00-04:00,19.700000762939453,19.75,19.670000076293945,19.68000030517578,107316,0.0,0.0,0.0
2023-05-22 10:30:00-04:00,19.690000534057617,19.719999313354492,19.690000534057617,19.709999084472656,10885,0.0,0.0,0.0
2023-05-22 11:30:00-04:00,19.691999435424805,19.719999313354492,19.691999435424805,19.719999313354492,8533,0.0,0.0,0.0
2023-05-22 12:30:00-04:00,19.719999313354492,19.75,19.719999313354492,19.739999771118164,26739,0.0,0.0,0.0
2023-05-22 13:30:00-04:00,19.725000381469727,19.729999542236328,19.719999313354492,19.719999313354492,12686,0.0,0.0,0.0
2023-05-22 14:30:00-04:00,19.704999923706055,19.709999084472656,19.700000762939453,19.709999084472656,8263,0.0,0.0,0.0
2023-05-22 15:30:00-04:00,19.700000762939453,19.704999923706055,19.690000534057617,19.690000534057617,0,0.0,0.0,0.0
2023-05-23 09:30:00-04:00,19.649999618530273,19.700000762939453,19.6299991607666,19.68600082397461,57762,0.0,0.0,0.0
2023-05-23 10:30:00-04:00,19.670000076293945,19.670000076293945,19.6299991607666,19.6299991607666,3687,0.0,0.0,0.0
2023-05-23 11:30:00-04:00,19.6200008392334,19.68000030517578,19.6200008392334,19.68000030517578,9914,0.0,0.0,0.0
2023-05-23 12:30:00-04:00,19.68000030517578,19.719999313354492,19.68000030517578,19.700000762939453,21723,0.0,0.0,0.0
2023-05-23 13:30:00-04:00,19.717199325561523,19.739999771118164,19.710100173950195,19.739999771118164,10547,0.0,0.0,0.0
2023-05-23 14:30:00-04:00,19.75,19.75,19.719999313354492,19.729999542236328,20526,0.0,0.0,0.0
2023-05-23 15:30:00-04:00,19.729999542236328,19.729999542236328,19.719999313354492,19.725000381469727,0,0.0,0.0,0.0
2023-05-24 09:30:00-04:00,19.739999771118164,19.739999771118164,19.65999984741211,19.65999984741211,18442,0.0,0.0,0.0
2023-05-24 10:30:00-04:00,19.65999984741211,19.690000534057617,19.65999984741211,19.65999984741211,7961,0.0,0.0,0.0
2023-05-24 11:30:00-04:00,19.65999984741211,19.665599822998047,19.559999465942383,19.56999969482422,19790,0.0,0.0,0.0
2023-05-24 12:30:00-04:00,19.549999237060547,19.600000381469727,19.549999237060547,19.600000381469727,2323,0.0,0.0,0.0
2023-05-24 13:30:00-04:00,19.610000610351562,19.6200008392334,19.579999923706055,19.610000610351562,36214,0.0,0.0,0.0
2023-05-24 14:30:00-04:00,19.607900619506836,19.610000610351562,19.565000534057617,19.565000534057617,6213,0.0,0.0,0.0
2023-05-24 15:30:00-04:00,19.570100784301758,19.584999084472656,19.565000534057617,19.565000534057617,0,0.0,0.0,0.0
2023-05-25 09:30:00-04:00,19.489999771118164,19.489999771118164,19.450000762939453,19.459999084472656,29901,0.0,0.0,0.0
2023-05-25 10:30:00-04:00,19.459999084472656,19.459999084472656,19.420000076293945,19.43000030517578,22022,0.0,0.0,0.0
2023-05-25 11:30:00-04:00,19.429000854492188,19.43000030517578,19.40839958190918,19.40999984741211,22225,0.0,0.0,0.0
2023-05-25 12:30:00-04:00,19.415000915527344,19.420000076293945,19.40999984741211,19.40999984741211,23952,0.0,0.0,0.0
2023-05-25 13:30:00-04:00,19.409500122070312,19.420000076293945,19.399999618530273,19.40839958190918,5329,0.0,0.0,0.0
2023-05-25 14:30:00-04:00,19.392900466918945,19.40999984741211,19.3799991607666,19.38089942932129,22303,0.0,0.0,0.0
2023-05-25 15:30:00-04:00,19.385000228881836,19.389999389648438,19.36709976196289,19.3799991607666,0,0.0,0.0,0.0
2023-05-26 09:30:00-04:00,19.469999313354492,19.490699768066406,19.440000534057617,19.469999313354492,48661,0.0,0.0,0.0
2023-05-26 10:30:00-04:00,19.43000030517578,19.43000030517578,19.3700008392334,19.38990020751953,19484,0.0,0.0,0.0
2023-05-26 11:30:00-04:00,19.399999618530273,19.440000534057617,19.389999389648438,19.434999465942383,16824,0.0,0.0,0.0
2023-05-26 12:30:00-04:00,19.43000030517578,19.440000534057617,19.40999984741211,19.422300338745117,7623,0.0,0.0,0.0
2023-05-26 13:30:00-04:00,19.40999984741211,19.440000534057617,19.409900665283203,19.440000534057617,3229,0.0,0.0,0.0
2023-05-26 14:30:00-04:00,19.440000534057617,19.440000534057617,19.420000076293945,19.440000534057617,20023,0.0,0.0,0.0
2023-05-26 15:30:00-04:00,19.43000030517578,19.450000762939453,19.43000030517578,19.44499969482422,31261,0.0,0.0,0.0
2023-05-30 09:30:00-04:00,19.540000915527344,19.549999237060547,19.489999771118164,19.530000686645508,40574,0.0,0.0,0.0
2023-05-30 10:30:00-04:00,19.549999237060547,19.584999084472656,19.549999237060547,19.579999923706055,8047,0.0,0.0,0.0
2023-05-30 11:30:00-04:00,19.584999084472656,19.610000610351562,19.584999084472656,19.59000015258789,11851,0.0,0.0,0.0
2023-05-30 12:30:00-04:00,19.59830093383789,19.59830093383789,19.549999237060547,19.56999969482422,18171,0.0,0.0,0.0
2023-05-30 13:30:00-04:00,19.559999465942383,19.56999969482422,19.550100326538086,19.565000534057617,8879,0.0,0.0,0.0
2023-05-30 14:30:00-04:00,19.565000534057617,19.565000534057617,19.559999465942383,19.565000534057617,1929,0.0,0.0,0.0
2023-05-30 15:30:00-04:00,19.573999404907227,19.579999923706055,19.56999969482422,19.575000762939453,0,0.0,0.0,0.0
2023-05-31 09:30:00-04:00,19.6200008392334,19.68000030517578,19.59000015258789,19.625,31774,0.0,0.0,0.0
2023-05-31 10:30:00-04:00,19.709999084472656,19.709999084472656,19.66010093688965,19.704999923706055,30267,0.0,0.0,0.0
2023-05-31 11:30:00-04:00,19.700000762939453,19.700000762939453,19.6299991607666,19.6299991607666,3417,0.0,0.0,0.0
2023-05-31 12:30:00-04:00,19.637800216674805,19.63990020751953,19.614999771118164,19.6200008392334,10051,0.0,0.0,0.0
2023-05-31 13:30:00-04:00,19.609699249267578,19.65999984741211,19.609699249267578,19.639999389648438,11904,0.0,0.0,0.0
2023-05-31 14:30:00-04:00,19.645000457763672,19.645000457763672,19.60569953918457,19.60569953918457,39464,0.0,0.0,0.0
2023-05-31 15:30:00-04:00,19.61210060119629,19.614999771118164,19.604999542236328,19.604999542236328,15819,0.0,0.0,0.0
2023-06-01 09:30:00-04:00,19.670000076293945,19.75,19.649999618530273,19.690000534057617,78587,0.0,0.0,0.0
2023-06-01 10:30:00-04:00,19.709999084472656,19.770000457763672,19.709999084472656,19.770000457763672,10579,0.0,0.0,0.0
2023-06-01 11:30:00-04:00,19.774999618530273,19.799999237060547,19.770000457763672,19.770000457763672,18192,0.0,0.0,0.0
2023-06-01 12:30:00-04:00,19.780000686645508,19.780000686645508,19.739999771118164,19.75,9578,0.0,0.0,0.0
2023-06-01 13:30:00-04:00,19.7549991607666,19.7549991607666,19.739999771118164,19.7450008392334,11094,0.0,0.0,0.0
2023-06-01 14:30:00-04:00,19.739999771118164,19.75950050354004,19.730100631713867,19.75950050354004,11666,0.0,0.0,0.0
2023-06-01 15:30:00-04:00,19.7549991607666,19.759700775146484,19.74340057373047,19.75,21836,0.0,0.0,0.0
2023-06-02 09:30:00-04:00,19.739999771118164,19.739999771118164,19.579999923706055,19.59000015258789,62399,0.0,0.0,0.0
2023-06-02 10:30:00-04:00,19.610000610351562,19.639999389648438,19.600000381469727,19.600000381469727,5056,0.0,0.0,0.0
2023-06-02 11:30:00-04:00,19.610000610351562,19.610000610351562,19.530000686645508,19.530000686645508,12308,0.0,0.0,0.0
2023-06-02 12:30:00-04:00,19.540000915527344,19.540000915527344,19.5,19.510000228881836,22413,0.0,0.0,0.0
2023-06-02 13:30:00-04:00,19.510000228881836,19.510000228881836,19.470699310302734,19.485000610351562,27313,0.0,0.0,0.0
2023-06-02 14:30:00-04:00,19.489999771118164,19.491600036621094,19.469999313354492,19.473800659179688,17648,0.0,0.0,0.0
2023-06-02 15:30:00-04:00,19.46179962158203,19.469999313354492,19.450000762939453,19.459999084472656,14665,0.0,0.0,0.0
2023-06-05 09:30:00-04:00,19.450000762939453,19.59000015258789,19.420000076293945,19.559999465942383,54305,0.0,0.0,0.0
2023-06-05 10:30:00-04:00,19.545000076293945,19.559999465942383,19.53499984741211,19.559999465942383,16439,0.0,0.0,0.0
2023-06-05 11:30:00-04:00,19.549999237060547,19.579999923706055,19.530000686645508,19.565000534057617,26950,0.0,0.0,0.0
2023-06-05 12:30:00-04:00,19.565000534057617,19.565000534057617,19.545000076293945,19.557899475097656,9262,0.0,0.0,0.0
2023-06-05 13:30:00-04:00,19.559999465942383,19.600000381469727,19.559999465942383,19.600000381469727,15483,0.0,0.0,0.0
2023-06-05 14:30:00-04:00,19.584999084472656,19.611000061035156,19.584999084472656,19.611000061035156,22091,0.0,0.0,0.0
2023-06-05 15:30:00-04:00,19.611000061035156,19.611000061035156,19.59000015258789,19.59000015258789,9462,0.0,0.0,0.0
2023-06-06 09:30:00-04:00,19.610000610351562,19.6200008392334,19.520000457763672,19.575000762939453,46591,0.0,0.0,0.0
2023-06-06 10:30:00-04:00,19.575000762939453,19.579999923706055,19.549999237060547,19.579999923706055,27370,0.0,0.0,0.0
2023-06-06 11:30:00-04:00,19.579999923706055,19.639999389648438,19.579999923706055,19.59000015258789,319913,0.0,0.0,0.0
2023-06-06 12:30:00-04:00,19.584999084472656,19.616899490356445,19.584999084472656,19.616899490356445,7635,0.0,0.0,0.0
2023-06-06 13:30:00-04:00,19.6200008392334,19.6299991607666,19.610000610351562,19.610000610351562,15852,0.0,0.0,0.0
2023-06-06 14:30:00-04:00,19.61009979248047,19.614999771118164,19.600000381469727,19.600000381469727,6757,0.0,0.0,0.0
2023-06-06 15:30:00-04:00,19.594999313354492,19.600000381469727,19.59000015258789,19.594999313354492,0,0.0,0.0,0.0
2023-06-07 09:30:00-04:00,19.56999969482422,19.670000076293945,19.559999465942383,19.56999969482422,44263,0.0,0.0,0.0
2023-06-07 10:30:00-04:00,19.56999969482422,19.56999969482422,19.510099411010742,19.520000457763672,23016,0.0,0.0,0.0
2023-06-07 11:30:00-04:00,19.520000457763672,19.520000457763672,19.399999618530273,19.40999984741211,50741,0.0,0.0,0.0
2023-06-07 12:30:00-04:00,19.395000457763672,19.40999984741211,19.3799991607666,19.399999618530273,23314,0.0,0.0,0.0
2023-06-07 13:30:00-04:00,19.399999618530273,19.434999465942383,19.399999618530273,19.399999618530273,18723,0.0,0.0,0.0
2023-06-07 14:30:00-04:00,19.405000686645508,19.405000686645508,19.389999389648438,19.395000457763672,25351,0.0,0.0,0.0
2023-06-07 15:30:00-04:00,19.395000457763672,19.395000457763672,19.3700008392334,19.3700008392334,0,0.0,0.0,0.0
2023-06-08 09:30:00-04:00,19.579999923706055,19.649999618530273,19.56999969482422,19.6299991607666,33868,0.0,0.0,0.0
2023-06-08 10:30:00-04:00,19.65999984741211,19.68000030517578,19.6299991607666,19.635000228881836,18594,0.0,0.0,0.0
2023-06-08 11:30:00-04:00,19.645000457763672,19.66990089416504,19.6299991607666,19.645000457763672,11539,0.0,0.0,0.0
2023-06-08 12:30:00-04:00,19.655000686645508,19.656299591064453,19.610000610351562,19.610000610351562,14707,0.0,0.0,0.0
2023-06-08 13:30:00-04:00,19.6018009185791,19.610000610351562,19.600000381469727,19.610000610351562,5862,0.0,0.0,0.0
2023-06-08 14:30:00-04:00,19.600099563598633,19.625,19.600099563598633,19.610000610351562,6499,0.0,0.0,0.0
2023-06-08 15:30:00-04:00,19.608699798583984,19.625,19.608699798583984,19.6200008392334,0,0.0,0.0,0.0
2023-06-09 09:30:00-04:00,19.610000610351562,19.649999618530273,19.5403995513916,19.649999618530273,27251,0.0,0.0,0.0
2023-06-09 10:30:00-04:00,19.6299991607666,19.6299991607666,19.600000381469727,19.610000610351562,22369,0.0,0.0,0.0
2023-06-09 11:30:00-04:00,19.600000381469727,19.604999542236328,19.579999923706055,19.59000015258789,5891,0.0,0.0,0.0
2023-06-09 12:30:00-04:00,19.594999313354492,19.599899291992188,19.57990074157715,19.594999313354492,19574,0.0,0.0,0.0
2023-06-09 13:30:00-04:00,19.595199584960938,19.599899291992188,19.584999084472656,19.599899291992188,1928,0.0,0.0,0.0
2023-06-09 14:30:00-04:00,19.593299865722656,19.593299865722656,19.579999923706055,19.584999084472656,9182,0.0,0.0,0.0
2023-06-09 15:30:00-04:00,19.579999923706055,19.579999923706055,19.56999969482422,19.56999969482422,3598,0.0,0.0,0.0
2023-06-12 09:30:00-04:00,19.549999237060547,19.559999465942383,19.469999313354492,19.475500106811523,36196,0.0,0.0,0.0
2023-06-12 10:30:00-04:00,19.4950008392334,19.542600631713867,19.4950008392334,19.540000915527344,6844,0.0,0.0,0.0
2023-06-12 11:30:00-04:00,19.549999237060547,19.549999237060547,19.5049991607666,19.5049991607666,10288,0.0,0.0,0.0
2023-06-12 12:30:00-04:00,19.509899139404297,19.528400421142578,19.5049991607666,19.528400421142578,6478,0.0,0.0,0.0
2023-06-12 13:30:00-04:00,19.529199600219727,19.53499984741211,19.529199600219727,19.53499984741211,707,0.0,0.0,0.0
2023-06-12 14:30:00-04:00,19.53499984741211,19.549999237060547,19.53499984741211,19.549400329589844,3269,0.0,0.0,0.0
2023-06-12 15:30:00-04:00,19.548799514770508,19.559999465942383,19.548799514770508,19.559999465942383,4761,0.0,0.0,0.0
2023-06-13 09:30:00-04:00,19.59000015258789,19.610000610351562,19.485000610351562,19.530000686645508,236139,0.0,0.0,0.0
2023-06-13 10:30:00-04:00,19.5,19.5,19.420000076293945,19.434999465942383,220086,0.0,0.0,0.0
2023-06-13 11:30:00-04:00,19.424999237060547,19.44499969482422,19.395000457763672,19.44499969482422,52052,0.0,0.0,0.0
2023-06-13 12:30:00-04:00,19.44499969482422,19.44499969482422,19.420000076293945,19.43000030517578,5181392,0.0,0.0,0.0
2023-06-13 13:30:00-04:00,19.424999237060547,19.43000030517578,19.389999389648438,19.395000457763672,31198,0.0,0.0,0.0
2023-06-13 14:30:00-04:00,19.399999618530273,19.399999618530273,19.3799991607666,19.389999389648438,26184,0.0,0.0,0.0
2023-06-13 15:30:00-04:00,19.388999938964844,19.40999984741211,19.388999938964844,19.40999984741211,98352,0.0,0.0,0.0
2023-06-14 09:30:00-04:00,19.540000915527344,19.56999969482422,19.530000686645508,19.56999969482422,20714,0.0,0.0,0.0
2023-06-14 10:30:00-04:00,19.530000686645508,19.55500030517578,19.530000686645508,19.549999237060547,2090,0.0,0.0,0.0
2023-06-14 11:30:00-04:00,19.55500030517578,19.55500030517578,19.524999618530273,19.52739906311035,3642468,0.0,0.0,0.0
2023-06-14 12:30:00-04:00,19.530000686645508,19.53499984741211,19.514999389648438,19.524999618530273,7707,0.0,0.0,0.0
2023-06-14 13:30:00-04:00,19.524999618530273,19.524999618530273,19.389999389648438,19.420000076293945,18673,0.0,0.0,0.0
2023-06-14 14:30:00-04:00,19.440000534057617,19.479999542236328,19.420000076293945,19.422100067138672,165403,0.0,0.0,0.0
2023-06-14 15:30:00-04:00,19.43000030517578,19.44499969482422,19.413999557495117,19.424999237060547,0,0.0,0.0,0.0
2023-06-15 09:30:00-04:00,19.3799991607666,19.559999465942383,19.3799991607666,19.559999465942383,66831,0.0,0.0,0.0
2023-06-15 10:30:00-04:00,19.55500030517578,19.565000534057617,19.5,19.516300201416016,10383,0.0,0.0,0.0
2023-06-15 11:30:00-04:00,19.53499984741211,19.56999969482422,19.53499984741211,19.559999465942383,27990,0.0,0.0,0.0
2023-06-15 12:30:00-04:00,19.559999465942383,19.575000762939453,19.55500030517578,19.55500030517578,16518,0.0,0.0,0.0
2023-06-15 13:30:00-04:00,19.559999465942383,19.559999465942383,19.55500030517578,19.55500030517578,2501,0.0,0.0,0.0
2023-06-15 14:30:00-04:00,19.549999237060547,19.559999465942383,19.540000915527344,19.55500030517578,6689,0.0,0.0,0.0
2023-06-15 15:30:00-04:00,19.565000534057617,19.56999969482422,19.55500030517578,19.559999465942383,6772,0.0,0.0,0.0
2023-06-16 09:30:00-04:00,19.56999969482422,19.617799758911133,19.510000228881836,19.510000228881836,35921,0.0,0.0,0.0
2023-06-16 10:30:00-04:00,19.545000076293945,19.579999923706055,19.545000076293945,19.579999923706055,9765,0.0,0.0,0.0
2023-06-16 11:30:00-04:00,19.559999465942383,19.559999465942383,19.520000457763672,19.520000457763672,7559,0.0,0.0,0.0
2023-06-16 12:30:00-04:00,19.514999389648438,19.549999237060547,19.514999389648438,19.549999237060547,5605,0.0,0.0,0.0
2023-06-16 13:30:00-04:00,19.555700302124023,19.569900512695312,19.555700302124023,19.569900512695312,3183,0.0,0.0,0.0
2023-06-16 14:30:00-04:00,19.549999237060547,19.559999465942383,19.545000076293945,19.549999237060547,3933,0.0,0.0,0.0
2023-06-16 15:30:00-04:00,19.549999237060547,19.549999237060547,19.530000686645508,19.530000686645508,11820,0.0,0.0,0.0
2023-06-20 09:30:00-04:00,19.3700008392334,19.3700008392334,19.270000457763672,19.290000915527344,56084,0.0,0.0,0.0
2023-06-20 10:30:00-04:00,19.270000457763672,19.329999923706055,19.270000457763672,19.31570053100586,19648,0.0,0.0,0.0
2023-06-20 11:30:00-04:00,19.318300247192383,19.350000381469727,19.315000534057617,19.344999313354492,22616,0.0,0.0,0.0
2023-06-20 12:30:00-04:00,19.344999313354492,19.353700637817383,19.334999084472656,19.334999084472656,4194,0.0,0.0,0.0
2023-06-20 13:30:00-04:00,19.344999313354492,19.350000381469727,19.34000015258789,19.350000381469727,5480,0.0,0.0,0.0
2023-06-20 14:30:00-04:00,19.34000015258789,19.360000610351562,19.34000015258789,19.34000015258789,5176,0.0,0.0,0.0
2023-06-20 15:30:00-04:00,19.34000015258789,19.360000610351562,19.329999923706055,19.329999923706055,12020,0.0,0.0,0.0
2023-06-21 09:30:00-04:00,19.270000457763672,19.270000457763672,19.170000076293945,19.260000228881836,214609,0.0,0.0,0.0
2023-06-21 10:30:00-04:00,19.290000915527344,19.309999465942383,19.270000457763672,19.280000686645508,24170,0.0,0.0,0.0
2023-06-21 11:30:00-04:00,19.290000915527344,19.309999465942383,19.280000686645508,19.30500030517578,22360,0.0,0.0,0.0
2023-06-21 12:30:00-04:00,19.309999465942383,19.327999114990234,19.299999237060547,19.315000534057617,8125,0.0,0.0,0.0
2023-06-21 13:30:00-04:00,19.31999969482422,19.329999923706055,19.309999465942383,19.329999923706055,25639,0.0,0.0,0.0
2023-06-21 14:30:00-04:00,19.350000381469727,19.350000381469727,19.315000534057617,19.315000534057617,4403,0.0,0.0,0.0
2023-06-21 15:30:00-04:00,19.31999969482422,19.32990074157715,19.299999237060547,19.30500030517578,0,0.0,0.0,0.0
2023-06-22 09:30:00-04:00,19.190000534057617,19.219999313354492,19.14889907836914,19.14889907836914,42221,0.0,0.0,0.0
2023-06-22 10:30:00-04:00,19.139999389648438,19.170000076293945,19.110000610351562,19.11370086669922,24360,0.0,0.0,0.0
2023-06-22 11:30:00-04:00,19.109699249267578,19.135000228881836,19.100000381469727,19.135000228881836,20250,0.0,0.0,0.0
2023-06-22 12:30:00-04:00,19.139999389648438,19.149999618530273,19.11009979248047,19.1299991607666,15434,0.0,0.0,0.0
2023-06-22 13:30:00-04:00,19.11910057067871,19.136600494384766,19.11910057067871,19.1200008392334,10769,0.0,0.0,0.0
2023-06-22 14:30:00-04:00,19.1200008392334,19.1299991607666,19.114999771118164,19.114999771118164,196197,0.0,0.0,0.0
2023-06-22 15:30:00-04:00,19.114999771118164,19.114999771118164,19.104999542236328,19.110000610351562,117687,0.0,0.0,0.0
2023-06-23 09:30:00-04:00,19.31999969482422,19.34000015258789,19.24519920349121,19.260000228881836,111945,0.0,0.0,0.0
2023-06-23 10:30:00-04:00,19.260000228881836,19.260000228881836,19.200000762939453,19.200000762939453,74953,0.0,0.0,0.0
2023-06-23 11:30:00-04:00,19.190000534057617,19.204999923706055,19.17009925842285,19.184999465942383,81841,0.0,0.0,0.0
2023-06-23 12:30:00-04:00,19.184999465942383,19.184999465942383,19.149999618530273,19.17799949645996,57784,0.0,0.0,0.0
2023-06-23 13:30:00-04:00,19.177799224853516,19.184999465942383,19.170000076293945,19.174999237060547,54470,0.0,0.0,0.0
2023-06-23 14:30:00-04:00,19.174999237060547,19.189899444580078,19.170000076293945,19.184999465942383,50753,0.0,0.0,0.0
2023-06-23 15:30:00-04:00,19.184999465942383,19.184999465942383,19.165000915527344,19.170000076293945,45160,0.0,0.0,0.0
2023-06-26 09:30:00-04:00,19.25,19.25,19.190000534057617,19.209999084472656,37923,0.0,0.0,0.0
2023-06-26 10:30:00-04:00,19.209999084472656,19.25,19.200000762939453,19.25,11296,0.0,0.0,0.0
2023-06-26 11:30:00-04:00,19.239999771118164,19.2549991607666,19.219999313354492,19.219999313354492,31342,0.0,0.0,0.0
2023-06-26 12:30:00-04:00,19.219999313354492,19.219999313354492,19.208499908447266,19.208499908447266,32624,0.0,0.0,0.0
2023-06-26 13:30:00-04:00,19.21500015258789,19.227800369262695,19.209999084472656,19.21500015258789,9173,0.0,0.0,0.0
2023-06-26 14:30:00-04:00,19.209999084472656,19.219999313354492,19.200000762939453,19.204999923706055,3451,0.0,0.0,0.0
2023-06-26 15:30:00-04:00,19.20009994506836,19.204999923706055,19.200000762939453,19.200000762939453,5804,0.0,0.0,0.0
2023-06-27 09:30:00-04:00,19.270000457763672,19.280000686645508,19.09239959716797,19.139999389648438,50727,0.0,0.0,0.0
2023-06-27 10:30:00-04:00,19.165000915527344,19.165000915527344,19.121400833129883,19.1299991607666,505,0.0,0.0,0.0
2023-06-27 11:30:00-04:00,19.125,19.125,19.100099563598633,19.1200008392334,7494,0.0,0.0,0.0
2023-06-27 12:30:00-04:00,19.1299991607666,19.1299991607666,19.1200008392334,19.1299991607666,39572,0.0,0.0,0.0
2023-06-27 13:30:00-04:00,19.114999771118164,19.114999771118164,19.09000015258789,19.104999542236328,10565,0.0,0.0,0.0
2023-06-27 14:30:00-04:00,19.10219955444336,19.1299991607666,19.10219955444336,19.125600814819336,6305,0.0,0.0,0.0
2023-06-27 15:30:00-04:00,19.125,19.1299991607666,19.110000610351562,19.110000610351562,3602,0.0,0.0,0.0
2023-06-28 09:30:00-04:00,19.06999969482422,19.09000015258789,19.010000228881836,19.059999465942383,26975,0.0,0.0,0.0
2023-06-28 10:30:00-04:00,19.040000915527344,19.079999923706055,19.038400650024414,19.079999923706055,4827,0.0,0.0,0.0
2023-06-28 11:30:00-04:00,19.089799880981445,19.092199325561523,19.075000762939453,19.09000015258789,2037,0.0,0.0,0.0
2023-06-28 12:30:00-04:00,19.087600708007812,19.100900650024414,19.087600708007812,19.100900650024414,2562,0.0,0.0,0.0
2023-06-28 13:30:00-04:00,19.100000381469727,19.100000381469727,19.100000381469727,19.100000381469727,1446,0.0,0.0,0.0
2023-06-28 14:30:00-04:00,19.100000381469727,19.100000381469727,19.06999969482422,19.06999969482422,9660,0.0,0.0,0.0
2023-06-28 15:30:00-04:00,19.075000762939453,19.079999923706055,19.065000534057617,19.065000534057617,10189,0.0,0.0,0.0
2023-06-29 09:30:00-04:00,18.920000076293945,19.079999923706055,18.899999618530273,19.059999465942383,33846,0.0,0.0,0.0
2023-06-29 10:30:00-04:00,19.049999237060547,19.100000381469727,19.030000686645508,19.09000015258789,9785,0.0,0.0,0.0
2023-06-29 11:30:00-04:00,19.06999969482422,19.079999923706055,19.05769920349121,19.079999923706055,2905,0.0,0.0,0.0
2023-06-29 12:30:00-04:00,19.059999465942383,19.079999923706055,19.0575008392334,19.059999465942383,12309,0.0,0.0,0.0
2023-06-29 13:30:00-04:00,19.075000762939453,19.075000762939453,19.049999237060547,19.049999237060547,40464,0.0,0.0,0.0
2023-06-29 14:30:00-04:00,19.05500030517578,19.05500030517578,19.040000915527344,19.040000915527344,8002,0.0,0.0,0.0
2023-06-29 15:30:00-04:00,19.059999465942383,19.059999465942383,19.049800872802734,19.049999237060547,0,0.0,0.0,0.0
2023-06-30 09:30:00-04:00,19.1200008392334,19.149999618530273,19.075000762939453,19.139999389648438,52333,0.0,0.0,0.0
2023-06-30 10:30:00-04:00,19.139999389648438,19.145000457763672,19.110000610351562,19.145000457763672,13570,0.0,0.0,0.0
2023-06-30 11:30:00-04:00,19.149999618530273,19.18000030517578,19.139999389648438,19.149999618530273,11826,0.0,0.0,0.0
2023-06-30 12:30:00-04:00,19.149999618530273,19.198999404907227,19.149999618530273,19.190000534057617,7291,0.0,0.0,0.0
2023-06-30 13:30:00-04:00,19.18000030517578,19.18000030517578,19.149999618530273,19.166500091552734,7726,0.0,0.0,0.0
2023-06-30 14:30:00-04:00,19.15999984741211,19.170000076293945,19.149999618530273,19.15999984741211,34930,0.0,0.0,0.0
2023-06-30 15:30:00-04:00,19.155000686645508,19.18000030517578,19.155000686645508,19.174999237060547,56122,0.0,0.0,0.0
2023-07-03 09:30:00-04:00,19.209999084472656,19.280000686645508,19.190000534057617,19.229999542236328,46839,0.0,0.0,0.0
2023-07-03 10:30:00-04:00,19.229999542236328,19.280000686645508,19.229999542236328,19.239999771118164,21717,0.0,0.0,0.0
2023-07-03 11:30:00-04:00,19.239999771118164,19.25,19.219999313354492,19.225000381469727,243013,0.0,0.0,0.0
2023-07-05 09:30:00-04:00,19.299999237060547,19.299999237060547,19.200000762939453,19.200000762939453,52697,0.0,0.0,0.0
2023-07-05 10:30:00-04:00,19.190000534057617,19.219999313354492,19.170000076293945,19.21500015258789,16609,0.0,0.0,0.0
2023-07-05 11:30:00-04:00,19.209999084472656,19.219999313354492,19.191999435424805,19.204999923706055,22558,0.0,0.0,0.0
2023-07-05 12:30:00-04:00,19.219999313354492,19.219999313354492,19.15999984741211,19.15999984741211,21642,0.0,0.0,0.0
2023-07-05 13:30:00-04:00,19.165000915527344,19.18000030517578,19.135000228881836,19.135000228881836,25345,0.0,0.0,0.0
2023-07-05 14:30:00-04:00,19.139999389648438,19.139999389648438,19.1299991607666,19.139999389648438,37325,0.0,0.0,0.0
2023-07-05 15:30:00-04:00,19.135000228881836,19.145000457763672,19.1299991607666,19.1299991607666,7882,0.0,0.0,0.0
2023-07-06 09:30:00-04:00,19.100000381469727,19.110000610351562,19.010000228881836,19.010000228881836,48399,0.0,0.0,0.0
2023-07-06 10:30:00-04:00,19.010000228881836,19.075000762939453,19.010000228881836,19.059999465942383,28250,0.0,0.0,0.0
2023-07-06 11:30:00-04:00,19.05500030517578,19.097299575805664,19.05500030517578,19.07939910888672,10274,0.0,0.0,0.0
2023-07-06 12:30:00-04:00,19.06209945678711,19.084999084472656,19.06209945678711,19.075000762939453,10336,0.0,0.0,0.0
2023-07-06 13:30:00-04:00,19.06999969482422,19.079999923706055,19.06999969482422,19.06999969482422,7123,0.0,0.0,0.0
2023-07-06 14:30:00-04:00,19.084999084472656,19.084999084472656,19.06999969482422,19.079999923706055,2880,0.0,0.0,0.0
2023-07-06 15:30:00-04:00,19.079999923706055,19.084999084472656,19.06999969482422,19.075000762939453,3840,0.0,0.0,0.0
2023-07-07 09:30:00-04:00,19.190000534057617,19.264999389648438,19.190000534057617,19.25,35728,0.0,0.0,0.0
2023-07-07 10:30:00-04:00,19.260000228881836,19.31130027770996,19.259899139404297,19.270000457763672,9111,0.0,0.0,0.0
2023-07-07 11:30:00-04:00,19.285200119018555,19.285200119018555,19.239999771118164,19.260000228881836,7727,0.0,0.0,0.0
2023-07-07 12:30:00-04:00,19.260000228881836,19.261699676513672,19.239999771118164,19.239999771118164,38542,0.0,0.0,0.0
2023-07-07 13:30:00-04:00,19.25,19.25,19.22010040283203,19.22010040283203,12804,0.0,0.0,0.0
2023-07-07 14:30:00-04:00,19.229999542236328,19.239999771118164,19.229999542236328,19.229999542236328,6330,0.0,0.0,0.0
2023-07-07 15:30:00-04:00,19.229999542236328,19.235000610351562,19.219999313354492,19.219999313354492,10325,0.0,0.0,0.0
2023-07-10 09:30:00-04:00,19.190000534057617,19.219999313354492,19.18000030517578,19.200000762939453,38148,0.0,0.0,0.0
2023-07-10 10:30:00-04:00,19.200000762939453,19.201000213623047,19.190000534057617,19.200000762939453,2968,0.0,0.0,0.0
2023-07-10 11:30:00-04:00,19.200000762939453,19.219900131225586,19.190099716186523,19.219900131225586,7509,0.0,0.0,0.0
2023-07-10 12:30:00-04:00,19.219999313354492,19.229999542236328,19.21500015258789,19.229999542236328,6147,0.0,0.0,0.0
2023-07-10 13:30:00-04:00,19.229999542236328,19.239999771118164,19.219999313354492,19.229999542236328,8074,0.0,0.0,0.0
2023-07-10 14:30:00-04:00,19.229999542236328,19.235000610351562,19.219999313354492,19.228300094604492,6361,0.0,0.0,0.0
2023-07-10 15:30:00-04:00,19.229999542236328,19.239700317382812,19.226600646972656,19.229999542236328,6519,0.0,0.0,0.0
2023-07-11 09:30:00-04:00,19.299999237060547,19.31999969482422,19.270000457763672,19.31999969482422,66130,0.0,0.0,0.0
2023-07-11 10:30:00-04:00,19.31999969482422,19.31999969482422,19.280000686645508,19.290000915527344,7238,0.0,0.0,0.0
2023-07-11 11:30:00-04:00,19.290000915527344,19.30500030517578,19.270000457763672,19.280000686645508,21485,0.0,0.0,0.0
2023-07-11 12:30:00-04:00,19.280000686645508,19.299999237060547,19.280000686645508,19.290000915527344,10726,0.0,0.0,0.0
2023-07-11 13:30:00-04:00,19.290000915527344,19.295000076293945,19.28499984741211,19.28499984741211,6547,0.0,0.0,0.0
2023-07-11 14:30:00-04:00,19.289899826049805,19.290000915527344,19.28499984741211,19.290000915527344,3021,0.0,0.0,0.0
2023-07-11 15:30:00-04:00,19.295000076293945,19.299999237060547,19.29400062561035,19.299999237060547,26179,0.0,0.0,0.0
2023-07-12 09:30:00-04:00,19.479999542236328,19.545000076293945,19.479999542236328,19.53499984741211,291435,0.0,0.0,0.0
2023-07-12 10:30:00-04:00,19.520000457763672,19.549999237060547,19.510000228881836,19.510000228881836,16118,0.0,0.0,0.0
2023-07-12 11:30:00-04:00,19.520000457763672,19.55500030517578,19.520000457763672,19.548500061035156,5728,0.0,0.0,0.0
2023-07-12 12:30:00-04:00,19.559999465942383,19.565000534057617,19.532499313354492,19.53499984741211,41049,0.0,0.0,0.0
2023-07-12 13:30:00-04:00,19.539100646972656,19.549999237060547,19.538000106811523,19.549999237060547,43474,0.0,0.0,0.0
2023-07-12 14:30:00-04:00,19.548500061035156,19.55900001525879,19.540000915527344,19.541799545288086,2479,0.0,0.0,0.0
2023-07-12 15:30:00-04:00,19.549999237060547,19.56170082092285,19.549999237060547,19.559999465942383,4320,0.0,0.0,0.0
2023-07-13 09:30:00-04:00,19.579999923706055,19.588600158691406,19.540000915527344,19.565000534057617,43299,0.0,0.0,0.0
2023-07-13 10:30:00-04:00,19.559999465942383,19.579999923706055,19.559999465942383,19.579999923706055,3910,0.0,0.0,0.0
2023-07-13 11:30:00-04:00,19.579999923706055,19.579999923706055,19.52549934387207,19.566200256347656,17559,0.0,0.0,0.0
2023-07-13 12:30:00-04:00,19.565000534057617,19.565000534057617,19.55500030517578,19.56410026550293,7805,0.0,0.0,0.0
2023-07-13 13:30:00-04:00,19.559999465942383,19.579999923706055,19.55500030517578,19.565000534057617,9545,0.0,0.0,0.0
2023-07-13 14:30:00-04:00,19.565000534057617,19.575000762939453,19.565000534057617,19.575000762939453,7901,0.0,0.0,0.0
2023-07-13 15:30:00-04:00,19.575000762939453,19.575000762939453,19.56999969482422,19.575000762939453,0,0.0,0.0,0.0
2023-07-14 09:30:00-04:00,19.540000915527344,19.579999923706055,19.489999771118164,19.520000457763672,38036,0.0,0.0,0.0
2023-07-14 10:30:00-04:00,19.524999618530273,19.59000015258789,19.520000457763672,19.559999465942383,13741,0.0,0.0,0.0
2023-07-14 11:30:00-04:00,19.559999465942383,19.565000534057617,19.549999237060547,19.559999465942383,14763,0.0,0.0,0.0
2023-07-14 12:30:00-04:00,19.549999237060547,19.565900802612305,19.549999237060547,19.559999465942383,10546,0.0,0.0,0.0
2023-07-14 13:30:00-04:00,19.56999969482422,19.579999923706055,19.559999465942383,19.579999923706055,7905,0.0,0.0,0.0
2023-07-14 14:30:00-04:00,19.584999084472656,19.584999084472656,19.549999237060547,19.549999237060547,9630,0.0,0.0,0.0
2023-07-14 15:30:00-04:00,19.54990005493164,19.54990005493164,19.514999389648438,19.514999389648438,4226,0.0,0.0,0.0
2023-07-17 09:30:00-04:00,19.459999084472656,19.510000228881836,19.440000534057617,19.489999771118164,80683,0.0,0.0,0.0
2023-07-17 10:30:00-04:00,19.489999771118164,19.510000228881836,19.489999771118164,19.5,16557,0.0,0.0,0.0
2023-07-17 11:30:00-04:00,19.5,19.527999877929688,19.5,19.520000457763672,25338,0.0,0.0,0.0
2023-07-17 12:30:00-04:00,19.524999618530273,19.524999618530273,19.5,19.5,16879,0.0,0.0,0.0
2023-07-17 13:30:00-04:00,19.508499145507812,19.530000686645508,19.5049991607666,19.52560043334961,29793,0.0,0.0,0.0
2023-07-17 14:30:00-04:00,19.524999618530273,19.53499984741211,19.524999618530273,19.530000686645508,10866,0.0,0.0,0.0
2023-07-17 15:30:00-04:00,19.524999618530273,19.530000686645508,19.520000457763672,19.530000686645508,0,0.0,0.0,0.0
2023-07-18 09:30:00-04:00,19.670000076293945,19.790000915527344,19.610000610351562,19.790000915527344,87957,0.0,0.0,0.0
2023-07-18 10:30:00-04:00,19.790000915527344,19.809999465942383,19.770000457763672,19.799999237060547,17354,0.0,0.0,0.0
2023-07-18 11:30:00-04:00,19.799999237060547,19.799999237060547,19.739999771118164,19.780000686645508,42506,0.0,0.0,0.0
2023-07-18 12:30:00-04:00,19.78499984741211,19.78499984741211,19.735000610351562,19.735000610351562,10586,0.0,0.0,0.0
2023-07-18 13:30:00-04:00,19.739999771118164,19.7450008392334,19.719999313354492,19.739999771118164,9043,0.0,0.0,0.0
2023-07-18 14:30:00-04:00,19.7450008392334,19.75,19.729999542236328,19.7450008392334,40949,0.0,0.0,0.0
2023-07-18 15:30:00-04:00,19.739999771118164,19.75,19.739999771118164,19.7450008392334,11433,0.0,0.0,0.0
2023-07-19 09:30:00-04:00,19.739999771118164,19.770000457763672,19.700000762939453,19.700000762939453,16710,0.0,0.0,0.0
2023-07-19 10:30:00-04:00,19.700000762939453,19.729999542236328,19.68000030517578,19.728200912475586,10290,0.0,0.0,0.0
2023-07-19 11:30:00-04:00,19.729999542236328,19.729999542236328,19.700000762939453,19.719900131225586,5744,0.0,0.0,0.0
2023-07-19 12:30:00-04:00,19.719999313354492,19.75,19.719999313354492,19.739999771118164,3186,0.0,0.0,0.0
2023-07-19 13:30:00-04:00,19.7450008392334,19.75779914855957,19.739999771118164,19.739999771118164,10525,0.0,0.0,0.0
2023-07-19 14:30:00-04:00,19.739999771118164,19.760000228881836,19.739999771118164,19.7549991607666,3022,0.0,0.0,0.0
2023-07-19 15:30:00-04:00,19.7549991607666,19.760000228881836,19.7549991607666,19.7549991607666,0,0.0,0.0,0.0
2023-07-20 09:30:00-04:00,19.760000228881836,19.760000228881836,19.68000030517578,19.700000762939453,21663,0.0,0.0,0.0
2023-07-20 10:30:00-04:00,19.673900604248047,19.68000030517578,19.639999389648438,19.670000076293945,9141,0.0,0.0,0.0
2023-07-20 11:30:00-04:00,19.670000076293945,19.68000030517578,19.6299991607666,19.6299991607666,5904,0.0,0.0,0.0
2023-07-20 12:30:00-04:00,19.649999618530273,19.665000915527344,19.6299991607666,19.65290069580078,8982,0.0,0.0,0.0
2023-07-20 13:30:00-04:00,19.65999984741211,19.68470001220703,19.65999984741211,19.678800582885742,3137,0.0,0.0,0.0
2023-07-20 14:30:00-04:00,19.670000076293945,19.684999465942383,19.65999984741211,19.670000076293945,6359,0.0,0.0,0.0
2023-07-20 15:30:00-04:00,19.674999237060547,19.684999465942383,19.65999984741211,19.65999984741211,8620,0.0,0.0,0.0
2023-07-21 09:30:00-04:00,19.59000015258789,19.610000610351562,19.559999465942383,19.579999923706055,18257,0.0,0.0,0.0
2023-07-21 10:30:00-04:00,19.579999923706055,19.6200008392334,19.549999237060547,19.56999969482422,10910,0.0,0.0,0.0
2023-07-21 11:30:00-04:00,19.579999923706055,19.594999313354492,19.575000762939453,19.59000015258789,4942,0.0,0.0,0.0
2023-07-21 12:30:00-04:00,19.594999313354492,19.6200008392334,19.58989906311035,19.6200008392334,6904,0.0,0.0,0.0
2023-07-21 13:30:00-04:00,19.610000610351562,19.61750030517578,19.600000381469727,19.610000610351562,7701,0.0,0.0,0.0
2023-07-21 14:30:00-04:00,19.604999542236328,19.610000610351562,19.59000015258789,19.594999313354492,9252,0.0,0.0,0.0
2023-07-21 15:30:00-04:00,19.594999313354492,19.600000381469727,19.59000015258789,19.600000381469727,4605,0.0,0.0,0.0
2023-07-24 09:30:00-04:00,19.600000381469727,19.610000610351562,19.549999237060547,19.549999237060547,19357,0.0,0.0,0.0
2023-07-24 10:30:00-04:00,19.549999237060547,19.584999084472656,19.549999237060547,19.56999969482422,7622,0.0,0.0,0.0
2023-07-24 11:30:00-04:00,19.56999969482422,19.56999969482422,19.559999465942383,19.560100555419922,3256,0.0,0.0,0.0
2023-07-24 12:30:00-04:00,19.56999969482422,19.5757999420166,19.56999969482422,19.56999969482422,6041,0.0,0.0,0.0
2023-07-24 13:30:00-04:00,19.56999969482422,19.56999969482422,19.520000457763672,19.525800704956055,12246,0.0,0.0,0.0
2023-07-24 14:30:00-04:00,19.531999588012695,19.53499984741211,19.501699447631836,19.510000228881836,3667,0.0,0.0,0.0
2023-07-24 15:30:00-04:00,19.510000228881836,19.514999389648438,19.510000228881836,19.514999389648438,0,0.0,0.0,0.0
2023-07-25 09:30:00-04:00,19.540000915527344,19.56999969482422,19.489999771118164,19.56999969482422,19271,0.0,0.0,0.0
2023-07-25 10:30:00-04:00,19.545000076293945,19.6200008392334,19.540000915527344,19.590099334716797,13036,0.0,0.0,0.0
2023-07-25 11:30:00-04:00,19.610000610351562,19.625,19.610000610351562,19.610000610351562,6696,0.0,0.0,0.0
2023-07-25 12:30:00-04:00,19.614999771118164,19.614999771118164,19.58180046081543,19.59000015258789,5604,0.0,0.0,0.0
2023-07-25 13:30:00-04:00,19.59000015258789,19.604999542236328,19.59000015258789,19.604400634765625,2440,0.0,0.0,0.0
2023-07-25 14:30:00-04:00,19.609600067138672,19.619199752807617,19.604999542236328,19.619199752807617,3448,0.0,0.0,0.0
2023-07-25 15:30:00-04:00,19.611799240112305,19.6200008392334,19.610000610351562,19.614999771118164,1773,0.0,0.0,0.0
2023-07-26 09:30:00-04:00,19.65999984741211,19.65999984741211,19.625,19.625,17189,0.0,0.0,0.0
2023-07-26 10:30:00-04:00,19.625,19.719999313354492,19.625,19.709999084472656,8442,0.0,0.0,0.0
2023-07-26 11:30:00-04:00,19.700000762939453,19.704999923706055,19.688600540161133,19.688600540161133,18258,0.0,0.0,0.0
2023-07-26 12:30:00-04:00,19.68779945373535,19.68779945373535,19.649999618530273,19.65530014038086,8075,0.0,0.0,0.0
2023-07-26 13:30:00-04:00,19.665000915527344,19.68000030517578,19.649999618530273,19.649999618530273,5160,0.0,0.0,0.0
2023-07-26 14:30:00-04:00,19.649999618530273,19.75,19.642000198364258,19.709999084472656,8720,0.0,0.0,0.0
2023-07-26 15:30:00-04:00,19.719999313354492,19.719999313354492,19.71500015258789,19.71500015258789,0,0.0,0.0,0.0
2023-07-27 09:30:00-04:00,19.540000915527344,19.540000915527344,19.405000686645508,19.420000076293945,39916,0.0,0.0,0.0
2023-07-27 10:30:00-04:00,19.420000076293945,19.440000534057617,19.40999984741211,19.416000366210938,12513,0.0,0.0,0.0
2023-07-27 11:30:00-04:00,19.424999237060547,19.449899673461914,19.40999984741211,19.40999984741211,14665,0.0,0.0,0.0
2023-07-27 12:30:00-04:00,19.40999984741211,19.469999313354492,19.399999618530273,19.440000534057617,14857,0.0,0.0,0.0
2023-07-27 13:30:00-04:00,19.440000534057617,19.459999084472656,19.43000030517578,19.43000030517578,14583,0.0,0.0,0.0
2023-07-27 14:30:00-04:00,19.420000076293945,19.440000534057617,19.420000076293945,19.440000534057617,6026,0.0,0.0,0.0
2023-07-27 15:30:00-04:00,19.43000030517578,19.434999465942383,19.415000915527344,19.415000915527344,13172,0.0,0.0,0.0
2023-07-28 09:30:00-04:00,19.530000686645508,19.545000076293945,19.510000228881836,19.540000915527344,6636,0.0,0.0,0.0
2023-07-28 10:30:00-04:00,19.559999465942383,19.600000381469727,19.559999465942383,19.600000381469727,6632,0.0,0.0,0.0
2023-07-28 11:30:00-04:00,19.59000015258789,19.597700119018555,19.584999084472656,19.59000015258789,2448,0.0,0.0,0.0
2023-07-28 12:30:00-04:00,19.600000381469727,19.604700088500977,19.588699340820312,19.588699340820312,111357,0.0,0.0,0.0
2023-07-28 13:30:00-04:00,19.584999084472656,19.584999084472656,19.56999969482422,19.575000762939453,33499,0.0,0.0,0.0
2023-07-28 14:30:00-04:00,19.575000762939453,19.575000762939453,19.55500030517578,19.55970001220703,7156,0.0,0.0,0.0
2023-07-28 15:30:00-04:00,19.563800811767578,19.56999969482422,19.559999465942383,19.56999969482422,3411,0.0,0.0,0.0
2023-07-31 09:30:00-04:00,19.6299991607666,19.690000534057617,19.6299991607666,19.639999389648438,28332,0.0,0.0,0.0
2023-07-31 10:30:00-04:00,19.649999618530273,19.65999984741211,19.6299991607666,19.65999984741211,9733,0.0,0.0,0.0
2023-07-31 11:30:00-04:00,19.670000076293945,19.689899444580078,19.670000076293945,19.689899444580078,37318,0.0,0.0,0.0
2023-07-31 12:30:00-04:00,19.690000534057617,19.69499969482422,19.68000030517578,19.684999465942383,9277,0.0,0.0,0.0
2023-07-31 13:30:00-04:00,19.68000030517578,19.684999465942383,19.65999984741211,19.669099807739258,12754,0.0,0.0,0.0
2023-07-31 14:30:00-04:00,19.65999984741211,19.665000915527344,19.620100021362305,19.6299991607666,12303,0.0,0.0,0.0
2023-07-31 15:30:00-04:00,19.6299991607666,19.6299991607666,19.619600296020508,19.619600296020508,4018,0.0,0.0,0.0
2023-08-01 09:30:00-04:00,19.469999313354492,19.510000228881836,19.420000076293945,19.420000076293945,102920,0.0,0.0,0.0
2023-08-01 10:30:00-04:00,19.40999984741211,19.44499969482422,19.399999618530273,19.40999984741211,8210,0.0,0.0,0.0
2023-08-01 11:30:00-04:00,19.420000076293945,19.420000076293945,19.399999618530273,19.40169906616211,8715,0.0,0.0,0.0
2023-08-01 12:30:00-04:00,19.405000686645508,19.40999984741211,19.395000457763672,19.399999618530273,23569,0.0,0.0,0.0
2023-08-01 13:30:00-04:00,19.389999389648438,19.40999984741211,19.389999389648438,19.409900665283203,3127,0.0,0.0,0.0
2023-08-01 14:30:00-04:00,19.41900062561035,19.424999237060547,19.40999984741211,19.415000915527344,5955,0.0,0.0,0.0
2023-08-01 15:30:00-04:00,19.412200927734375,19.43000030517578,19.412200927734375,19.420000076293945,6242,0.0,0.0,0.0
2023-08-02 09:30:00-04:00,19.43000030517578,19.44499969482422,19.31999969482422,19.31999969482422,88861,0.0,0.0,0.0
2023-08-02 10:30:00-04:00,19.329999923706055,19.34000015258789,19.309999465942383,19.309999465942383,18870,0.0,0.0,0.0
2023-08-02 11:30:00-04:00,19.309999465942383,19.354999542236328,19.309999465942383,19.329999923706055,17555,0.0,0.0,0.0
2023-08-02 12:30:00-04:00,19.334999084472656,19.360000610351562,19.325000762939453,19.360000610351562,7537,0.0,0.0,0.0
2023-08-02 13:30:00-04:00,19.354999542236328,19.354999542236328,19.329999923706055,19.329999923706055,37546,0.0,0.0,0.0
2023-08-02 14:30:00-04:00,19.329999923706055,19.34000015258789,19.325000762939453,19.329999923706055,8832,0.0,0.0,0.0
2023-08-02 15:30:00-04:00,19.329999923706055,19.329999923706055,19.31999969482422,19.31999969482422,0,0.0,0.0,0.0
2023-08-03 09:30:00-04:00,19.299999237060547,19.3700008392334,19.299999237060547,19.31999969482422,66140,0.0,0.0,0.0
2023-08-03 10:30:00-04:00,19.350000381469727,19.357999801635742,19.325000762939453,19.34000015258789,16701,0.0,0.0,0.0
2023-08-03 11:30:00-04:00,19.350000381469727,19.350000381469727,19.305200576782227,19.325000762939453,9266,0.0,0.0,0.0
2023-08-03 12:30:00-04:00,19.32990074157715,19.329999923706055,19.31999969482422,19.328399658203125,8033,0.0,0.0,0.0
2023-08-03 13:30:00-04:00,19.328100204467773,19.328100204467773,19.312299728393555,19.31909942626953,3993,0.0,0.0,0.0
2023-08-03 14:30:00-04:00,19.319000244140625,19.319000244140625,19.30500030517578,19.30500030517578,4716,0.0,0.0,0.0
2023-08-03 15:30:00-04:00,19.30500030517578,19.31999969482422,19.30500030517578,19.31999969482422,0,0.0,0.0,0.0
2023-08-04 09:30:00-04:00,19.3799991607666,19.450000762939453,19.3799991607666,19.395000457763672,94195,0.0,0.0,0.0
2023-08-04 10:30:00-04:00,19.389999389648438,19.405000686645508,19.350000381469727,19.3799991607666,11292,0.0,0.0,0.0
2023-08-04 11:30:00-04:00,19.3799991607666,19.4060001373291,19.3799991607666,19.389999389648438,13935,0.0,0.0,0.0
2023-08-04 12:30:00-04:00,19.395000457763672,19.409900665283203,19.3799991607666,19.38089942932129,4804,0.0,0.0,0.0
2023-08-04 13:30:00-04:00,19.388999938964844,19.389999389648438,19.375,19.375,2155,0.0,0.0,0.0
2023-08-04 14:30:00-04:00,19.3799991607666,19.385000228881836,19.3799991607666,19.385000228881836,1280,0.0,0.0,0.0
2023-08-04 15:30:00-04:00,19.389999389648438,19.399999618530273,19.38010025024414,19.389999389648438,8741,0.0,0.0,0.0
2023-08-07 09:30:00-04:00,19.399999618530273,19.399999618530273,19.290000915527344,19.325000762939453,24372,0.0,0.0,0.0
2023-08-07 10:30:00-04:00,19.329999923706055,19.329999923706055,19.299999237060547,19.309999465942383,7111,0.0,0.0,0.0
2023-08-07 11:30:00-04:00,19.30500030517578,19.309999465942383,19.290000915527344,19.309999465942383,29319,0.0,0.0,0.0
2023-08-07 12:30:00-04:00,19.315000534057617,19.32990074157715,19.309999465942383,19.32990074157715,13596,0.0,0.0,0.0
2023-08-07 13:30:00-04:00,19.325000762939453,19.34000015258789,19.325000762939453,19.34000015258789,17074,0.0,0.0,0.0
2023-08-07 14:30:00-04:00,19.334999084472656,19.350000381469727,19.329999923706055,19.34000015258789,6864,0.0,0.0,0.0
2023-08-07 15:30:00-04:00,19.34000015258789,19.34000015258789,19.334999084472656,19.334999084472656,4627,0.0,0.0,0.0
2023-08-08 09:30:00-04:00,19.209999084472656,19.255199432373047,19.208200454711914,19.255199432373047,338663,0.0,0.0,0.0
2023-08-08 10:30:00-04:00,19.260000228881836,19.290000915527344,19.219999313354492,19.229999542236328,239525,0.0,0.0,0.0
2023-08-08 11:30:00-04:00,19.239999771118164,19.25,19.225000381469727,19.25,36958,0.0,0.0,0.0
2023-08-08 12:30:00-04:00,19.2549991607666,19.2549991607666,19.21500015258789,19.229999542236328,128796,0.0,0.0,0.0
2023-08-08 13:30:00-04:00,19.229999542236328,19.239999771118164,19.219999313354492,19.229999542236328,144291,0.0,0.0,0.0
2023-08-08 14:30:00-04:00,19.229999542236328,19.239999771118164,19.219999313354492,19.235000610351562,58552,0.0,0.0,0.0
2023-08-08 15:30:00-04:00,19.229999542236328,19.229999542236328,19.219999313354492,19.225000381469727,14735,0.0,0.0,0.0
2023-08-09 09:30:00-04:00,19.229999542236328,19.247800827026367,19.190500259399414,19.229999542236328,36289,0.0,0.0,0.0
2023-08-09 10:30:00-04:00,19.190000534057617,19.20159912109375,19.1299991607666,19.139999389648438,36799,0.0,0.0,0.0
2023-08-09 11:30:00-04:00,19.139999389648438,19.145000457763672,19.139999389648438,19.14189910888672,0,0.0,0.0,0.0
2023-08-09 12:30:00-04:00,19.139999389648438,19.149999618530273,19.139999389648438,19.14550018310547,87206,0.0,0.0,0.0
2023-08-09 13:30:00-04:00,19.14109992980957,19.14109992980957,19.13170051574707,19.13170051574707,4240,0.0,0.0,0.0
2023-08-09 14:30:00-04:00,19.13159942626953,19.13990020751953,19.13129997253418,19.135000228881836,10877,0.0,0.0,0.0
2023-08-09 15:30:00-04:00,19.135000228881836,19.139999389648438,19.13170051574707,19.135000228881836,13859,0.0,0.0,0.0
2023-08-10 09:30:00-04:00,19.18000030517578,19.219999313354492,19.1299991607666,19.139999389648438,33118,0.0,0.0,0.0
2023-08-10 10:30:00-04:00,19.135000228881836,19.142099380493164,19.110000610351562,19.1299991607666,258626,0.0,0.0,0.0
2023-08-10 11:30:00-04:00,19.149999618530273,19.190000534057617,19.149999618530273,19.18000030517578,0,0.0,0.0,0.0
2023-08-10 12:30:00-04:00,19.190000534057617,19.190000534057617,19.149999618530273,19.149999618530273,418778,0.0,0.0,0.0
2023-08-10 13:30:00-04:00,19.1200008392334,19.1299991607666,19.110000610351562,19.110000610351562,450283,0.0,0.0,0.0
2023-08-10 14:30:00-04:00,19.114999771118164,19.12529945373535,19.110000610351562,19.125,6111,0.0,0.0,0.0
2023-08-10 15:30:00-04:00,19.1200008392334,19.1200008392334,19.110000610351562,19.110000610351562,11742,0.0,0.0,0.0
2023-08-11 09:30:00-04:00,19.1299991607666,19.18000030517578,19.100000381469727,19.15999984741211,62110,0.0,0.0,0.0
2023-08-11 10:30:00-04:00,19.15999984741211,19.170000076293945,19.139999389648438,19.139999389648438,19248,0.0,0.0,0.0
2023-08-11 11:30:00-04:00,19.1299991607666,19.1299991607666,19.110000610351562,19.114999771118164,36175,0.0,0.0,0.0
2023-08-11 12:30:00-04:00,19.121999740600586,19.1299991607666,19.110000610351562,19.1200008392334,9346,0.0,0.0,0.0
2023-08-11 13:30:00-04:00,19.1200008392334,19.1200008392334,19.100000381469727,19.104000091552734,3386,0.0,0.0,0.0
2023-08-11 14:30:00-04:00,19.104999542236328,19.110000610351562,19.100000381469727,19.109899520874023,5406,0.0,0.0,0.0
2023-08-11 15:30:00-04:00,19.101699829101562,19.110000610351562,19.100000381469727,19.104999542236328,5336,0.0,0.0,0.0
2023-08-14 09:30:00-04:00,19.030000686645508,19.06999969482422,19.0,19.049999237060547,112854,0.0,0.0,0.0
2023-08-14 10:30:00-04:00,19.049999237060547,19.09000015258789,19.049999237060547,19.079999923706055,48709,0.0,0.0,0.0
2023-08-14 11:30:00-04:00,19.079999923706055,19.098100662231445,19.079999923706055,19.09000015258789,15108,0.0,0.0,0.0
2023-08-14 12:30:00-04:00,19.09000015258789,19.099899291992188,19.09000015258789,19.094999313354492,11264,0.0,0.0,0.0
2023-08-14 13:30:00-04:00,19.097900390625,19.097900390625,19.06999969482422,19.06999969482422,13657,0.0,0.0,0.0
2023-08-14 14:30:00-04:00,19.065000534057617,19.065000534057617,19.045000076293945,19.045000076293945,14548,0.0,0.0,0.0
2023-08-14 15:30:00-04:00,19.045000076293945,19.05500030517578,19.045000076293945,19.045000076293945,10057,0.0,0.0,0.0
2023-08-15 09:30:00-04:00,19.020000457763672,19.040000915527344,18.969999313354492,19.040000915527344,119569,0.0,0.0,0.0
2023-08-15 10:30:00-04:00,19.040000915527344,19.079999923706055,19.040000915527344,19.040000915527344,84043,0.0,0.0,0.0
2023-08-15 11:30:00-04:00,19.040000915527344,19.049999237060547,19.030000686645508,19.030000686645508,12223,0.0,0.0,0.0
2023-08-15 12:30:00-04:00,19.020000457763672,19.024999618530273,19.0049991607666,19.010000228881836,17733,0.0,0.0,0.0
2023-08-15 13:30:00-04:00,19.010000228881836,19.024999618530273,19.0049991607666,19.0049991607666,14178,0.0,0.0,0.0
2023-08-15 14:30:00-04:00,19.010000228881836,19.010000228881836,18.9950008392334,19.000699996948242,50850,0.0,0.0,0.0
2023-08-15 15:30:00-04:00,19.0,19.009000778198242,19.0,19.0,19328,0.0,0.0,0.0
2023-08-16 09:30:00-04:00,19.010000228881836,19.03499984741211,19.0,19.025999069213867,59385,0.0,0.0,0.0
2023-08-16 10:30:00-04:00,19.020000457763672,19.020000457763672,19.009899139404297,19.014999389648438,20664,0.0,0.0,0.0
2023-08-16 11:30:00-04:00,19.0,19.0049991607666,18.969999313354492,18.969999313354492,443086,0.0,0.0,0.0
2023-08-16 12:30:00-04:00,18.97010040283203,18.979999542236328,18.959999084472656,18.969900131225586,10673,0.0,0.0,0.0
2023-08-16 13:30:00-04:00,18.950000762939453,18.96500015258789,18.93000030517578,18.950000762939453,26017,0.0,0.0,0.0
2023-08-16 14:30:00-04:00,18.959999084472656,18.959999084472656,18.90999984741211,18.90999984741211,14430,0.0,0.0,0.0
2023-08-16 15:30:00-04:00,18.900100708007812,18.915000915527344,18.890100479125977,18.895000457763672,0,0.0,0.0,0.0
2023-08-17 09:30:00-04:00,19.0,19.0,18.915000915527344,18.915000915527344,46244,0.0,0.0,0.0
2023-08-17 10:30:00-04:00,18.915800094604492,18.934999465942383,18.90999984741211,18.915000915527344,17803,0.0,0.0,0.0
2023-08-17 11:30:00-04:00,18.915000915527344,18.915000915527344,18.8700008392334,18.887300491333008,31018,0.0,0.0,0.0
2023-08-17 12:30:00-04:00,18.8799991607666,18.8799991607666,18.83810043334961,18.83810043334961,47663,0.0,0.0,0.0
2023-08-17 13:30:00-04:00,18.829999923706055,18.84000015258789,18.825000762939453,18.829999923706055,34750,0.0,0.0,0.0
2023-08-17 14:30:00-04:00,18.834999084472656,18.864999771118164,18.821699142456055,18.860000610351562,35255,0.0,0.0,0.0
2023-08-17 15:30:00-04:00,18.860000610351562,18.8700008392334,18.856300354003906,18.864999771118164,0,0.0,0.0,0.0
2023-08-18 09:30:00-04:00,18.920000076293945,18.93000030517578,18.8799991607666,18.905000686645508,27782,0.0,0.0,0.0
2023-08-18 10:30:00-04:00,18.90999984741211,18.915000915527344,18.889999389648438,18.8981990814209,17387,0.0,0.0,0.0
2023-08-18 11:30:00-04:00,18.889999389648438,18.889999389648438,18.87929916381836,18.885000228881836,4640,0.0,0.0,0.0
2023-08-18 12:30:00-04:00,18.885000228881836,18.88990020751953,18.850000381469727,18.850000381469727,17239,0.0,0.0,0.0
2023-08-18 13:30:00-04:00,18.850000381469727,18.8700008392334,18.850000381469727,18.860000610351562,9274,0.0,0.0,0.0
2023-08-18 14:30:00-04:00,18.860000610351562,18.864999771118164,18.850000381469727,18.854999542236328,31946,0.0,0.0,0.0
2023-08-18 15:30:00-04:00,18.854999542236328,18.8700008392334,18.850000381469727,18.864999771118164,9778,0.0,0.0,0.0
2023-08-21 09:30:00-04:00,18.93000030517578,18.93000030517578,18.850000381469727,18.850000381469727,29654,0.0,0.0,0.0
2023-08-21 10:30:00-04:00,18.84000015258789,18.864999771118164,18.829999923706055,18.864999771118164,7861,0.0,0.0,0.0
2023-08-21 11:30:00-04:00,18.861400604248047,18.885000228881836,18.860000610351562,18.885000228881836,9393,0.0,0.0,0.0
2023-08-21 12:30:00-04:00,18.885000228881836,18.915000915527344,18.875,18.915000915527344,9317,0.0,0.0,0.0
2023-08-21 13:30:00-04:00,18.920000076293945,18.924999237060547,18.91010093688965,18.920000076293945,21911,0.0,0.0,0.0
2023-08-21 14:30:00-04:00,18.920000076293945,18.929899215698242,18.915000915527344,18.920000076293945,16606,0.0,0.0,0.0
2023-08-21 15:30:00-04:00,18.920000076293945,18.924999237060547,18.90999984741211,18.920000076293945,11711,0.0,0.0,0.0
2023-08-22 09:30:00-04:00,18.93000030517578,18.93000030517578,18.8700008392334,18.899999618530273,47865,0.0,0.0,0.0
2023-08-22 10:30:00-04:00,18.8971004486084,18.950000762939453,18.885000228881836,18.940000534057617,13214,0.0,0.0,0.0
2023-08-22 11:30:00-04:00,18.950000762939453,18.96500015258789,18.950000762939453,18.950000762939453,14855,0.0,0.0,0.0
2023-08-22 12:30:00-04:00,18.954999923706055,18.954999923706055,18.940000534057617,18.950000762939453,31660,0.0,0.0,0.0
2023-08-22 13:30:00-04:00,18.95009994506836,18.954999923706055,18.94499969482422,18.94499969482422,13655,0.0,0.0,0.0
2023-08-22 14:30:00-04:00,18.940000534057617,18.950000762939453,18.940000534057617,18.942100524902344,7215,0.0,0.0,0.0
2023-08-22 15:30:00-04:00,18.94499969482422,18.950000762939453,18.940099716186523,18.94499969482422,9892,0.0,0.0,0.0
2023-08-23 09:30:00-04:00,19.09000015258789,19.15999984741211,19.059999465942383,19.15999984741211,37293,0.0,0.0,0.0
2023-08-23 10:30:00-04:00,19.149999618530273,19.149999618530273,19.127599716186523,19.1382999420166,10416,0.0,0.0,0.0
2023-08-23 11:30:00-04:00,19.135000228881836,19.170000076293945,19.135000228881836,19.165000915527344,18497,0.0,0.0,0.0
2023-08-23 12:30:00-04:00,19.170000076293945,19.1781005859375,19.155000686645508,19.159900665283203,37148,0.0,0.0,0.0
2023-08-23 13:30:00-04:00,19.15999984741211,19.165000915527344,19.143999099731445,19.143999099731445,18289,0.0,0.0,0.0
2023-08-23 14:30:00-04:00,19.145000457763672,19.149999618530273,19.139999389648438,19.145000457763672,19307,0.0,0.0,0.0
2023-08-23 15:30:00-04:00,19.144699096679688,19.149999618530273,19.139999389648438,19.145000457763672,23256,0.0,0.0,0.0
2023-08-24 09:30:00-04:00,19.1200008392334,19.170499801635742,19.09000015258789,19.149999618530273,86220,0.0,0.0,0.0
2023-08-24 10:30:00-04:00,19.139999389648438,19.200000762939453,19.139999389648438,19.18000030517578,31307,0.0,0.0,0.0
2023-08-24 11:30:00-04:00,19.184999465942383,19.184999465942383,19.15999984741211,19.15999984741211,23326,0.0,0.0,0.0
2023-08-24 12:30:00-04:00,19.15999984741211,19.165000915527344,19.139999389648438,19.165000915527344,26724,0.0,0.0,0.0
2023-08-24 13:30:00-04:00,19.165000915527344,19.165000915527344,19.139999389648438,19.145000457763672,11797,0.0,0.0,0.0
2023-08-24 14:30:00-04:00,19.149999618530273,19.149999618530273,19.139999389648438,19.149999618530273,11602,0.0,0.0,0.0
2023-08-24 15:30:00-04:00,19.145000457763672,19.149999618530273,19.1299991607666,19.1299991607666,20018,0.0,0.0,0.0
2023-08-25 09:30:00-04:00,19.1200008392334,19.18000030517578,19.06999969482422,19.06999969482422,45069,0.0,0.0,0.0
2023-08-25 10:30:00-04:00,19.059999465942383,19.059999465942383,19.010099411010742,19.040000915527344,24525,0.0,0.0,0.0
2023-08-25 11:30:00-04:00,19.03499984741211,19.079999923706055,19.030000686645508,19.075000762939453,57651,0.0,0.0,0.0
2023-08-25 12:30:00-04:00,19.075000762939453,19.094999313354492,19.059999465942383,19.094999313354492,29634,0.0,0.0,0.0
2023-08-25 13:30:00-04:00,19.100000381469727,19.114999771118164,19.079999923706055,19.114999771118164,27133,0.0,0.0,0.0
2023-08-25 14:30:00-04:00,19.114999771118164,19.1200008392334,19.09149932861328,19.114999771118164,31950,0.0,0.0,0.0
2023-08-25 15:30:00-04:00,19.110000610351562,19.114999771118164,19.100000381469727,19.114999771118164,20645,0.0,0.0,0.0
2023-08-28 09:30:00-04:00,19.1200008392334,19.170000076293945,19.1200008392334,19.170000076293945,16355,0.0,0.0,0.0
2023-08-28 10:30:00-04:00,19.15999984741211,19.18000030517578,19.155000686645508,19.18000030517578,2431,0.0,0.0,0.0
2023-08-28 11:30:00-04:00,19.200000762939453,19.229900360107422,19.200000762939453,19.201400756835938,3890,0.0,0.0,0.0
2023-08-28 12:30:00-04:00,19.200000762939453,19.200000762939453,19.149900436401367,19.149900436401367,2344,0.0,0.0,0.0
2023-08-28 13:30:00-04:00,19.170000076293945,19.174999237060547,19.16939926147461,19.16939926147461,3896,0.0,0.0,0.0
2023-08-28 14:30:00-04:00,19.16990089416504,19.174299240112305,19.15999984741211,19.170000076293945,11152,0.0,0.0,0.0
2023-08-28 15:30:00-04:00,19.174999237060547,19.179899215698242,19.165000915527344,19.165000915527344,5707,0.0,0.0,0.0
2023-08-29 09:30:00-04:00,19.15999984741211,19.315000534057617,19.0,19.315000534057617,28784,0.0,0.0,0.0
2023-08-29 10:30:00-04:00,19.288400650024414,19.32990074157715,19.28070068359375,19.32990074157715,7933,0.0,0.0,0.0
2023-08-29 11:30:00-04:00,19.329999923706055,19.34779930114746,19.31209945678711,19.31209945678711,7143,0.0,0.0,0.0
2023-08-29 12:30:00-04:00,19.32900047302246,19.350000381469727,19.310100555419922,19.34000015258789,20681,0.0,0.0,0.0
2023-08-29 13:30:00-04:00,19.349899291992188,19.349899291992188,19.329999923706055,19.329999923706055,1963,0.0,0.0,0.0
2023-08-29 14:30:00-04:00,19.329999923706055,19.350000381469727,19.325000762939453,19.345699310302734,12005,0.0,0.0,0.0
2023-08-29 15:30:00-04:00,19.34939956665039,19.350000381469727,19.34000015258789,19.350000381469727,265896,0.0,0.0,0.0
2023-08-30 09:30:00-04:00,19.43000030517578,19.451499938964844,19.40999984741211,19.44099998474121,65412,0.0,0.0,0.0
2023-08-30 10:30:00-04:00,19.449399948120117,19.449399948120117,19.420000076293945,19.420000076293945,4926,0.0,0.0,0.0
2023-08-30 11:30:00-04:00,19.40999984741211,19.42009925842285,19.40999984741211,19.40999984741211,7205,0.0,0.0,0.0
2023-08-30 12:30:00-04:00,19.40999984741211,19.420000076293945,19.409099578857422,19.420000076293945,8325,0.0,0.0,0.0
2023-08-30 13:30:00-04:00,19.420000076293945,19.420000076293945,19.40519905090332,19.40999984741211,4671,0.0,0.0,0.0
2023-08-30 14:30:00-04:00,19.40399932861328,19.40999984741211,19.399999618530273,19.405000686645508,2790,0.0,0.0,0.0
2023-08-30 15:30:00-04:00,19.405000686645508,19.40999984741211,19.399999618530273,19.399999618530273,3216,0.0,0.0,0.0
2023-08-31 09:30:00-04:00,19.40999984741211,19.40999984741211,19.3799991607666,19.40999984741211,35954,0.0,0.0,0.0
2023-08-31 10:30:00-04:00,19.399999618530273,19.40999984741211,19.3799991607666,19.395000457763672,17998,0.0,0.0,0.0
2023-08-31 11:30:00-04:00,19.3700008392334,19.389999389648438,19.3700008392334,19.38920021057129,11596,0.0,0.0,0.0
2023-08-31 12:30:00-04:00,19.389999389648438,19.398500442504883,19.364999771118164,19.364999771118164,4355,0.0,0.0,0.0
2023-08-31 13:30:00-04:00,19.3700008392334,19.389999389648438,19.3700008392334,19.389999389648438,15058,0.0,0.0,0.0
2023-08-31 14:30:00-04:00,19.3799991607666,19.385000228881836,19.3799991607666,19.3799991607666,6620,0.0,0.0,0.0
2023-08-31 15:30:00-04:00,19.3799991607666,19.389999389648438,19.3700008392334,19.3700008392334,20466,0.0,0.0,0.0
2023-09-01 09:30:00-04:00,19.459999084472656,19.479999542236328,19.350000381469727,19.354999542236328,67040,0.0,0.0,0.0
2023-09-01 10:30:00-04:00,19.31999969482422,19.3700008392334,19.31999969482422,19.354999542236328,4954,0.0,0.0,0.0
2023-09-01 11:30:00-04:00,19.347999572753906,19.368099212646484,19.344999313354492,19.361900329589844,6608,0.0,0.0,0.0
2023-09-01 12:30:00-04:00,19.36989974975586,19.36989974975586,19.344999313354492,19.360000610351562,5230,0.0,0.0,0.0
2023-09-01 13:30:00-04:00,19.3799991607666,19.385000228881836,19.379899978637695,19.379899978637695,3017,0.0,0.0,0.0
2023-09-01 14:30:00-04:00,19.3700008392334,19.3799991607666,19.3700008392334,19.379899978637695,3519,0.0,0.0,0.0
2023-09-01 15:30:00-04:00,19.374000549316406,19.385000228881836,19.374000549316406,19.3799991607666,15996,0.0,0.0,0.0
2023-09-05 09:30:00-04:00,19.309999465942383,19.309999465942383,19.229999542236328,19.229999542236328,66515,0.0,0.0,0.0
2023-09-05 10:30:00-04:00,19.239999771118164,19.260000228881836,19.229999542236328,19.239999771118164,67448,0.0,0.0,0.0
2023-09-05 11:30:00-04:00,19.239999771118164,19.2450008392334,19.235000610351562,19.239999771118164,47110,0.0,0.0,0.0
2023-09-05 12:30:00-04:00,19.232200622558594,19.2450008392334,19.232200622558594,19.239999771118164,76435,0.0,0.0,0.0
2023-09-05 13:30:00-04:00,19.239999771118164,19.25,19.229999542236328,19.2450008392334,34076,0.0,0.0,0.0
2023-09-05 14:30:00-04:00,19.239999771118164,19.239999771118164,19.229999542236328,19.239999771118164,17439,0.0,0.0,0.0
2023-09-05 15:30:00-04:00,19.241600036621094,19.241600036621094,19.229999542236328,19.235000610351562,0,0.0,0.0,0.0
2023-09-06 09:30:00-04:00,19.200000762939453,19.260000228881836,19.15999984741211,19.15999984741211,234961,0.0,0.0,0.0
2023-09-06 10:30:00-04:00,19.15999984741211,19.170000076293945,19.125,19.1299991607666,74719,0.0,0.0,0.0
2023-09-06 11:30:00-04:00,19.135000228881836,19.149999618530273,19.1299991607666,19.149999618530273,18849,0.0,0.0,0.0
2023-09-06 12:30:00-04:00,19.149999618530273,19.177900314331055,19.149999618530273,19.165300369262695,15152,0.0,0.0,0.0
2023-09-06 13:30:00-04:00,19.15999984741211,19.15999984741211,19.1299991607666,19.139999389648438,7962,0.0,0.0,0.0
2023-09-06 14:30:00-04:00,19.135000228881836,19.149999618530273,19.13409996032715,19.139999389648438,11270,0.0,0.0,0.0
2023-09-06 15:30:00-04:00,19.149900436401367,19.149900436401367,19.131399154663086,19.135000228881836,0,0.0,0.0,0.0
2023-09-07 09:30:00-04:00,19.209999084472656,19.209999084472656,19.149999618530273,19.149999618530273,29181,0.0,0.0,0.0
2023-09-07 10:30:00-04:00,19.149999618530273,19.184999465942383,19.149999618530273,19.15999984741211,16453,0.0,0.0,0.0
2023-09-07 11:30:00-04:00,19.18000030517578,19.184999465942383,19.170000076293945,19.170000076293945,6639,0.0,0.0,0.0
2023-09-07 12:30:00-04:00,19.168500900268555,19.168500900268555,19.139999389648438,19.156299591064453,9442,0.0,0.0,0.0
2023-09-07 13:30:00-04:00,19.158300399780273,19.15999984741211,19.149999618530273,19.15999984741211,16032,0.0,0.0,0.0
2023-09-07 14:30:00-04:00,19.170000076293945,19.176700592041016,19.164199829101562,19.170000076293945,1675,0.0,0.0,0.0
2023-09-07 15:30:00-04:00,19.168399810791016,19.168399810791016,19.15999984741211,19.15999984741211,8998,0.0,0.0,0.0
2023-09-08 09:30:00-04:00,19.200000762939453,19.260000228881836,19.190000534057617,19.239999771118164,26408,0.0,0.0,0.0
2023-09-08 10:30:00-04:00,19.25,19.2549991607666,19.190000534057617,19.190000534057617,16832,0.0,0.0,0.0
2023-09-08 11:30:00-04:00,19.18000030517578,19.190000534057617,19.15999984741211,19.165000915527344,8936,0.0,0.0,0.0
2023-09-08 12:30:00-04:00,19.149999618530273,19.170000076293945,19.149999618530273,19.165000915527344,17682,0.0,0.0,0.0
2023-09-08 13:30:00-04:00,19.170000076293945,19.175199508666992,19.170000076293945,19.174999237060547,3331,0.0,0.0,0.0
2023-09-08 14:30:00-04:00,19.178499221801758,19.178499221801758,19.152299880981445,19.155000686645508,5334,0.0,0.0,0.0
2023-09-08 15:30:00-04:00,19.155000686645508,19.165000915527344,19.155000686645508,19.15999984741211,2940,0.0,0.0,0.0
2023-09-11 09:30:00-04:00,19.270000457763672,19.270000457763672,19.21500015258789,19.228900909423828,30203,0.0,0.0,0.0
2023-09-11 10:30:00-04:00,19.209999084472656,19.209999084472656,19.184999465942383,19.200000762939453,18526,0.0,0.0,0.0
2023-09-11 11:30:00-04:00,19.200000762939453,19.21500015258789,19.200000762939453,19.21500015258789,2334,0.0,0.0,0.0
2023-09-11 12:30:00-04:00,19.209999084472656,19.209999084472656,19.200000762939453,19.209999084472656,1205,0.0,0.0,0.0
2023-09-11 13:30:00-04:00,19.209999084472656,19.209999084472656,19.190000534057617,19.19499969482422,4250,0.0,0.0,0.0
2023-09-11 14:30:00-04:00,19.195499420166016,19.195499420166016,19.18000030517578,19.190000534057617,3199,0.0,0.0,0.0
2023-09-11 15:30:00-04:00,19.199100494384766,19.200000762939453,19.192100524902344,19.19499969482422,3537,0.0,0.0,0.0
2023-09-12 09:30:00-04:00,19.06999969482422,19.09000015258789,19.049999237060547,19.079999923706055,63333,0.0,0.0,0.0
2023-09-12 10:30:00-04:00,19.100000381469727,19.110000610351562,19.09000015258789,19.094999313354492,7950,0.0,0.0,0.0
2023-09-12 11:30:00-04:00,19.08989906311035,19.1200008392334,19.08989906311035,19.1200008392334,5557,0.0,0.0,0.0
2023-09-12 12:30:00-04:00,19.09000015258789,19.100000381469727,19.09000015258789,19.094999313354492,1732,0.0,0.0,0.0
2023-09-12 13:30:00-04:00,19.095500946044922,19.100000381469727,19.09000015258789,19.100000381469727,3524,0.0,0.0,0.0
2023-09-12 14:30:00-04:00,19.104999542236328,19.110000610351562,19.100000381469727,19.110000610351562,1976,0.0,0.0,0.0
2023-09-12 15:30:00-04:00,19.110000610351562,19.110000610351562,19.100000381469727,19.110000610351562,0,0.0,0.0,0.0
2023-09-13 09:30:00-04:00,19.1200008392334,19.1200008392334,19.079999923706055,19.100000381469727,111578,0.0,0.0,0.0
2023-09-13 10:30:00-04:00,19.09000015258789,19.110000610351562,19.06999969482422,19.09000015258789,15014,0.0,0.0,0.0
2023-09-13 11:30:00-04:00,19.09000015258789,19.09000015258789,19.065000534057617,19.079999923706055,20434,0.0,0.0,0.0
2023-09-13 12:30:00-04:00,19.079999923706055,19.089000701904297,19.059999465942383,19.071300506591797,6363,0.0,0.0,0.0
2023-09-13 13:30:00-04:00,19.075000762939453,19.075000762939453,19.06999969482422,19.06999969482422,6386,0.0,0.0,0.0
2023-09-13 14:30:00-04:00,19.06999969482422,19.06999969482422,19.05500030517578,19.05500030517578,2989,0.0,0.0,0.0
2023-09-13 15:30:00-04:00,19.05500030517578,19.059999465942383,19.049999237060547,19.059999465942383,0,0.0,0.0,0.0
2023-09-14 09:30:00-04:00,19.0,19.030000686645508,18.979999542236328,19.014999389648438,21849,0.0,0.0,0.0
2023-09-14 10:30:00-04:00,19.039400100708008,19.079999923706055,19.039400100708008,19.079999923706055,12283,0.0,0.0,0.0
2023-09-14 11:30:00-04:00,19.03499984741211,19.073299407958984,19.03499984741211,19.06999969482422,4231,0.0,0.0,0.0
2023-09-14 12:30:00-04:00,19.079999923706055,19.079999923706055,19.068099975585938,19.06999969482422,3163,0.0,0.0,0.0
2023-09-14 13:30:00-04:00,19.077800750732422,19.077800750732422,19.054000854492188,19.059999465942383,10392,0.0,0.0,0.0
2023-09-14 14:30:00-04:00,19.069900512695312,19.069900512695312,19.049999237060547,19.059999465942383,11131,0.0,0.0,0.0
2023-09-14 15:30:00-04:00,19.060699462890625,19.061599731445312,19.05500030517578,19.059999465942383,4893,0.0,0.0,0.0
2023-09-15 09:30:00-04:00,19.229999542236328,19.269899368286133,19.204999923706055,19.25,22884,0.0,0.0,0.0
2023-09-15 10:30:00-04:00,19.260000228881836,19.270000457763672,19.23870086669922,19.253799438476562,10216,0.0,0.0,0.0
2023-09-15 11:30:00-04:00,19.219999313354492,19.25,19.219999313354492,19.239999771118164,1963,0.0,0.0,0.0
2023-09-15 12:30:00-04:00,19.225900650024414,19.225900650024414,19.224700927734375,19.224700927734375,588,0.0,0.0,0.0
2023-09-15 13:30:00-04:00,19.209999084472656,19.219900131225586,19.209999084472656,19.219900131225586,13745,0.0,0.0,0.0
2023-09-15 14:30:00-04:00,19.213899612426758,19.219999313354492,19.209999084472656,19.21500015258789,15549,0.0,0.0,0.0
2023-09-15 15:30:00-04:00,19.219900131225586,19.219900131225586,19.190000534057617,19.190000534057617,6723,0.0,0.0,0.0
2023-09-18 09:30:00-04:00,19.25,19.25,19.200000762939453,19.239999771118164,15171,0.0,0.0,0.0
2023-09-18 10:30:00-04:00,19.239999771118164,19.2450008392334,19.235000610351562,19.2450008392334,26364,0.0,0.0,0.0
2023-09-18 11:30:00-04:00,19.25,19.270000457763672,19.2450008392334,19.264999389648438,10142,0.0,0.0,0.0
2023-09-18 12:30:00-04:00,19.274999618530273,19.292299270629883,19.274999618530273,19.292299270629883,3150,0.0,0.0,0.0
2023-09-18 13:30:00-04:00,19.290000915527344,19.30500030517578,19.280399322509766,19.28499984741211,20078,0.0,0.0,0.0
2023-09-18 14:30:00-04:00,19.28849983215332,19.295000076293945,19.280000686645508,19.290000915527344,6312,0.0,0.0,0.0
2023-09-18 15:30:00-04:00,19.28499984741211,19.3080997467041,19.28499984741211,19.30500030517578,0,0.0,0.0,0.0
2023-09-19 09:30:00-04:00,19.329999923706055,19.332500457763672,19.280000686645508,19.280000686645508,36142,0.0,0.0,0.0
2023-09-19 10:30:00-04:00,19.299999237060547,19.32990074157715,19.299999237060547,19.309999465942383,47420,0.0,0.0,0.0
2023-09-19 11:30:00-04:00,19.299999237060547,19.309999465942383,19.295000076293945,19.299999237060547,6101,0.0,0.0,0.0
2023-09-19 12:30:00-04:00,19.282499313354492,19.290000915527344,19.280000686645508,19.280000686645508,35521,0.0,0.0,0.0
2023-09-19 13:30:00-04:00,19.290000915527344,19.290000915527344,19.274999618530273,19.278900146484375,5768,0.0,0.0,0.0
2023-09-19 14:30:00-04:00,19.280000686645508,19.295000076293945,19.272600173950195,19.295000076293945,3896,0.0,0.0,0.0
2023-09-19 15:30:00-04:00,19.2908992767334,19.295000076293945,19.28499984741211,19.28499984741211,2924,0.0,0.0,0.0
2023-09-20 09:30:00-04:00,19.309999465942383,19.40999984741211,19.309999465942383,19.399999618530273,59590,0.0,0.0,0.0
2023-09-20 10:30:00-04:00,19.3799991607666,19.429899215698242,19.3799991607666,19.420000076293945,5787,0.0,0.0,0.0
2023-09-20 11:30:00-04:00,19.40999984741211,19.424999237060547,19.385000228881836,19.424999237060547,20156,0.0,0.0,0.0
2023-09-20 12:30:00-04:00,19.424999237060547,19.44499969482422,19.415000915527344,19.424999237060547,80894,0.0,0.0,0.0
2023-09-20 13:30:00-04:00,19.42930030822754,19.44499969482422,19.3700008392334,19.399999618530273,141166,0.0,0.0,0.0
2023-09-20 14:30:00-04:00,19.399999618530273,19.434999465942383,19.350000381469727,19.360000610351562,80421,0.0,0.0,0.0
2023-09-20 15:30:00-04:00,19.359500885009766,19.359500885009766,19.295000076293945,19.299999237060547,0,0.0,0.0,0.0
2023-09-21 09:30:00-04:00,19.149999618530273,19.190000534057617,19.1299991607666,19.184999465942383,62299,0.0,0.0,0.0
2023-09-21 10:30:00-04:00,19.190000534057617,19.204999923706055,19.149999618530273,19.149999618530273,14439,0.0,0.0,0.0
2023-09-21 11:30:00-04:00,19.155000686645508,19.15999984741211,19.139999389648438,19.155000686645508,25301,0.0,0.0,0.0
2023-09-21 12:30:00-04:00,19.159900665283203,19.170000076293945,19.15489959716797,19.170000076293945,7003,0.0,0.0,0.0
2023-09-21 13:30:00-04:00,19.170000076293945,19.18000030517578,19.170000076293945,19.17919921875,13326,0.0,0.0,0.0
2023-09-21 14:30:00-04:00,19.18000030517578,19.18779945373535,19.170000076293945,19.175199508666992,24529,0.0,0.0,0.0
2023-09-21 15:30:00-04:00,19.174999237060547,19.18000030517578,19.16900062561035,19.16900062561035,10023,0.0,0.0,0.0
2023-09-22 09:30:00-04:00,19.239999771118164,19.25,19.229999542236328,19.25,61306,0.0,0.0,0.0
2023-09-22 10:30:00-04:00,19.25,19.260000228881836,19.239999771118164,19.239999771118164,58546,0.0,0.0,0.0
2023-09-22 11:30:00-04:00,19.239999771118164,19.250999450683594,19.239999771118164,19.25,7033,0.0,0.0,0.0
2023-09-22 12:30:00-04:00,19.229999542236328,19.239900588989258,19.219999313354492,19.229999542236328,20625,0.0,0.0,0.0
2023-09-22 13:30:00-04:00,19.219999313354492,19.229999542236328,19.219999313354492,19.219999313354492,16969,0.0,0.0,0.0
2023-09-22 14:30:00-04:00,19.219999313354492,19.225000381469727,19.210100173950195,19.210100173950195,3023,0.0,0.0,0.0
2023-09-22 15:30:00-04:00,19.219999313354492,19.22909927368164,19.21500015258789,19.225000381469727,18555,0.0,0.0,0.0
2023-09-25 09:30:00-04:00,19.200000762939453,19.229999542236328,19.1299991607666,19.1299991607666,37362,0.0,0.0,0.0
2023-09-25 10:30:00-04:00,19.1299991607666,19.149999618530273,19.1299991607666,19.149999618530273,5918,0.0,0.0,0.0
2023-09-25 11:30:00-04:00,19.154600143432617,19.155000686645508,19.139999389648438,19.145000457763672,20588,0.0,0.0,0.0
2023-09-25 12:30:00-04:00,19.135000228881836,19.139999389648438,19.13089942932129,19.139999389648438,6771,0.0,0.0,0.0
2023-09-25 13:30:00-04:00,19.141300201416016,19.141300201416016,19.1294002532959,19.138999938964844,21982,0.0,0.0,0.0
2023-09-25 14:30:00-04:00,19.139999389648438,19.139999389648438,19.1200008392334,19.125900268554688,6308,0.0,0.0,0.0
2023-09-25 15:30:00-04:00,19.125,19.1299991607666,19.120100021362305,19.125,0,0.0,0.0,0.0
2023-09-26 09:30:00-04:00,19.040000915527344,19.059999465942383,19.020000457763672,19.040000915527344,76217,0.0,0.0,0.0
2023-09-26 10:30:00-04:00,19.049999237060547,19.049999237060547,18.979999542236328,19.0,39841,0.0,0.0,0.0
2023-09-26 11:30:00-04:00,19.010000228881836,19.010000228881836,18.985000610351562,19.0,6604,0.0,0.0,0.0
2023-09-26 12:30:00-04:00,19.0,19.0049991607666,18.980100631713867,18.985000610351562,13445,0.0,0.0,0.0
2023-09-26 13:30:00-04:00,18.989999771118164,18.989999771118164,18.969999313354492,18.969999313354492,34560,0.0,0.0,0.0
2023-09-26 14:30:00-04:00,18.969999313354492,18.979999542236328,18.96109962463379,18.96500015258789,11532,0.0,0.0,0.0
2023-09-26 15:30:00-04:00,18.96470069885254,18.975000381469727,18.96470069885254,18.969999313354492,22479,0.0,0.0,0.0
2023-09-27 09:30:00-04:00,18.8700008392334,18.8700008392334,18.81800079345703,18.83989906311035,55065,0.0,0.0,0.0
2023-09-27 10:30:00-04:00,18.834999084472656,18.84000015258789,18.770000457763672,18.770000457763672,13481,0.0,0.0,0.0
2023-09-27 11:30:00-04:00,18.780000686645508,18.790000915527344,18.75,18.75,15909,0.0,0.0,0.0
2023-09-27 12:30:00-04:00,18.739999771118164,18.7450008392334,18.704999923706055,18.704999923706055,21648,0.0,0.0,0.0
2023-09-27 13:30:00-04:00,18.704999923706055,18.719999313354492,18.69499969482422,18.704999923706055,15016,0.0,0.0,0.0
2023-09-27 14:30:00-04:00,18.709999084472656,18.75,18.709999084472656,18.735000610351562,28662,0.0,0.0,0.0
2023-09-27 15:30:00-04:00,18.735000610351562,18.739999771118164,18.725000381469727,18.739999771118164,78224,0.0,0.0,0.0
2023-09-28 09:30:00-04:00,18.729999542236328,18.729999542236328,18.690000534057617,18.700000762939453,31346,0.0,0.0,0.0
2023-09-28 10:30:00-04:00,18.690000534057617,18.690000534057617,18.549999237060547,18.59000015258789,882305,0.0,0.0,0.0
2023-09-28 11:30:00-04:00,18.579999923706055,18.6200008392334,18.579999923706055,18.614999771118164,9955,0.0,0.0,0.0
2023-09-28 12:30:00-04:00,18.6200008392334,18.625,18.59000015258789,18.59000015258789,13406,0.0,0.0,0.0
2023-09-28 13:30:00-04:00,18.59000015258789,18.6200008392334,18.59000015258789,18.6200008392334,12031,0.0,0.0,0.0
2023-09-28 14:30:00-04:00,18.6200008392334,18.635000228881836,18.614999771118164,18.635000228881836,135705,0.0,0.0,0.0
2023-09-28 15:30:00-04:00,18.639999389648438,18.639999389648438,18.625,18.639999389648438,0,0.0,0.0,0.0
2023-09-29 09:30:00-04:00,18.709999084472656,18.719999313354492,18.559999465942383,18.59000015258789,51924,0.0,0.0,0.0
2023-09-29 10:30:00-04:00,18.56999969482422,18.584999084472656,18.520000457763672,18.520000457763672,46964,0.0,0.0,0.0
2023-09-29 11:30:00-04:00,18.51930046081543,18.524999618530273,18.489999771118164,18.519899368286133,66016,0.0,0.0,0.0
2023-09-29 12:30:00-04:00,18.530000686645508,18.530000686645508,18.469999313354492,18.469999313354492,41859,0.0,0.0,0.0
2023-09-29 13:30:00-04:00,18.469999313354492,18.485000610351562,18.44499969482422,18.44499969482422,7431,0.0,0.0,0.0
2023-09-29 14:30:00-04:00,18.440000534057617,18.469999313354492,18.440000534057617,18.459999084472656,95847,0.0,0.0,0.0
2023-09-29 15:30:00-04:00,18.459999084472656,18.469999313354492,18.44499969482422,18.450000762939453,274788,0.0,0.0,0.0
2023-10-02 09:30:00-04:00,18.329999923706055,18.329999923706055,18.25,18.290000915527344,128058,0.0,0.0,0.0
2023-10-02 10:30:00-04:00,18.28499984741211,18.290000915527344,18.25,18.290000915527344,23172,0.0,0.0,0.0
2023-10-02 11:30:00-04:00,18.299999237060547,18.299999237060547,18.274999618530273,18.290000915527344,9400,0.0,0.0,0.0
2023-10-02 12:30:00-04:00,18.280000686645508,18.309999465942383,18.274999618530273,18.290000915527344,36171,0.0,0.0,0.0
2023-10-02 13:30:00-04:00,18.295000076293945,18.299999237060547,18.28499984741211,18.28499984741211,19955,0.0,0.0,0.0
2023-10-02 14:30:00-04:00,18.28499984741211,18.290000915527344,18.260000228881836,18.260000228881836,14745,0.0,0.0,0.0
2023-10-02 15:30:00-04:00,18.260000228881836,18.270000457763672,18.260000228881836,18.260000228881836,38330,0.0,0.0,0.0
2023-10-03 09:30:00-04:00,18.209999084472656,18.280000686645508,18.170000076293945,18.229999542236328,89940,0.0,0.0,0.0
2023-10-03 10:30:00-04:00,18.229999542236328,18.299999237060547,18.209999084472656,18.209999084472656,9601,0.0,0.0,0.0
2023-10-03 11:30:00-04:00,18.219999313354492,18.239999771118164,18.200000762939453,18.239999771118164,22784,0.0,0.0,0.0
2023-10-03 12:30:00-04:00,18.246599197387695,18.246599197387695,18.2012996673584,18.219999313354492,9109,0.0,0.0,0.0
2023-10-03 13:30:00-04:00,18.219999313354492,18.219999313354492,18.190000534057617,18.200000762939453,2264,0.0,0.0,0.0
2023-10-03 14:30:00-04:00,18.209999084472656,18.225000381469727,18.20870018005371,18.209999084472656,3477,0.0,0.0,0.0
2023-10-03 15:30:00-04:00,18.219999313354492,18.219999313354492,18.209999084472656,18.209999084472656,3220,0.0,0.0,0.0
2023-10-04 09:30:00-04:00,18.219999313354492,18.219999313354492,18.149999618530273,18.149999618530273,118166,0.0,0.0,0.0
2023-10-04 10:30:00-04:00,18.15999984741211,18.229999542236328,18.139999389648438,18.217899322509766,117035,0.0,0.0,0.0
2023-10-04 11:30:00-04:00,18.209999084472656,18.219999313354492,18.190000534057617,18.190000534057617,398909,0.0,0.0,0.0
2023-10-04 12:30:00-04:00,18.190000534057617,18.190000534057617,18.170000076293945,18.170000076293945,15670,0.0,0.0,0.0
2023-10-04 13:30:00-04:00,18.165000915527344,18.165000915527344,18.139999389648438,18.149999618530273,55304,0.0,0.0,0.0
2023-10-04 14:30:00-04:00,18.149999618530273,18.170000076293945,18.13990020751953,18.170000076293945,102242,0.0,0.0,0.0
2023-10-04 15:30:00-04:00,18.18000030517578,18.204999923706055,18.18000030517578,18.204999923706055,0,0.0,0.0,0.0
2023-10-05 09:30:00-04:00,18.15999984741211,18.190000534057617,18.139999389648438,18.170000076293945,43954,0.0,0.0,0.0
2023-10-05 10:30:00-04:00,18.149999618530273,18.174999237060547,18.1299991607666,18.1299991607666,64255,0.0,0.0,0.0
2023-10-05 11:30:00-04:00,18.1299991607666,18.149999618530273,18.114999771118164,18.135000228881836,137633,0.0,0.0,0.0
2023-10-05 12:30:00-04:00,18.149999618530273,18.155000686645508,18.135000228881836,18.149999618530273,51938,0.0,0.0,0.0
2023-10-05 13:30:00-04:00,18.155000686645508,18.174999237060547,18.149999618530273,18.15999984741211,104171,0.0,0.0,0.0
2023-10-05 14:30:00-04:00,18.174999237060547,18.17650032043457,18.160999298095703,18.170000076293945,41419,0.0,0.0,0.0
2023-10-05 15:30:00-04:00,18.174999237060547,18.18000030517578,18.170000076293945,18.174999237060547,25147,0.0,0.0,0.0
2023-10-06 09:30:00-04:00,18.209999084472656,18.260000228881836,18.139999389648438,18.260000228881836,109813,0.0,0.0,0.0
2023-10-06 10:30:00-04:00,18.270000457763672,18.299999237060547,18.200000762939453,18.299999237060547,42705,0.0,0.0,0.0
2023-10-06 11:30:00-04:00,18.309999465942383,18.309999465942383,18.280000686645508,18.290000915527344,56234,0.0,0.0,0.0
2023-10-06 12:30:00-04:00,18.290000915527344,18.290000915527344,18.260000228881836,18.280000686645508,77236,0.0,0.0,0.0
2023-10-06 13:30:00-04:00,18.28499984741211,18.299999237060547,18.280000686645508,18.299999237060547,6249,0.0,0.0,0.0
2023-10-06 14:30:00-04:00,18.30500030517578,18.309999465942383,18.274999618530273,18.280000686645508,7992,0.0,0.0,0.0
2023-10-06 15:30:00-04:00,18.280000686645508,18.28499984741211,18.264999389648438,18.264999389648438,21887,0.0,0.0,0.0
2023-10-09 09:30:00-04:00,18.43000030517578,18.479999542236328,18.420000076293945,18.479999542236328,28405,0.0,0.0,0.0
2023-10-09 10:30:00-04:00,18.479999542236328,18.4950008392334,18.459999084472656,18.489999771118164,58866,0.0,0.0,0.0
2023-10-09 11:30:00-04:00,18.49690055847168,18.5,18.459999084472656,18.469999313354492,28342,0.0,0.0,0.0
2023-10-09 12:30:00-04:00,18.46500015258789,18.48859977722168,18.459999084472656,18.485000610351562,23882,0.0,0.0,0.0
2023-10-09 13:30:00-04:00,18.485000610351562,18.530000686645508,18.479999542236328,18.520000457763672,19572,0.0,0.0,0.0
2023-10-09 14:30:00-04:00,18.530000686645508,18.58799934387207,18.520000457763672,18.584999084472656,10213,0.0,0.0,0.0
2023-10-09 15:30:00-04:00,18.594999313354492,18.610000610351562,18.59000015258789,18.600000381469727,8532,0.0,0.0,0.0
2023-10-10 09:30:00-04:00,18.530000686645508,18.549999237060547,18.514999389648438,18.549999237060547,11854,0.0,0.0,0.0
2023-10-10 10:30:00-04:00,18.540000915527344,18.549999237060547,18.5049991607666,18.540000915527344,5937,0.0,0.0,0.0
2023-10-10 11:30:00-04:00,18.56999969482422,18.59000015258789,18.55500030517578,18.56999969482422,20197,0.0,0.0,0.0
2023-10-10 12:30:00-04:00,18.579999923706055,18.590099334716797,18.57990074157715,18.59000015258789,23435,0.0,0.0,0.0
2023-10-10 13:30:00-04:00,18.565000534057617,18.568099975585938,18.549999237060547,18.568099975585938,2829,0.0,0.0,0.0
2023-10-10 14:30:00-04:00,18.560100555419922,18.56999969482422,18.55500030517578,18.559999465942383,17231,0.0,0.0,0.0
2023-10-10 15:30:00-04:00,18.56999969482422,18.576000213623047,18.56999969482422,18.56999969482422,3445,0.0,0.0,0.0
2023-10-11 09:30:00-04:00,18.690000534057617,18.690000534057617,18.65999984741211,18.689899444580078,14578,0.0,0.0,0.0
2023-10-11 10:30:00-04:00,18.674999237060547,18.68829917907715,18.670000076293945,18.670000076293945,5706,0.0,0.0,0.0
2023-10-11 11:30:00-04:00,18.694499969482422,18.739999771118164,18.692800521850586,18.725000381469727,186546,0.0,0.0,0.0
2023-10-11 12:30:00-04:00,18.725000381469727,18.729999542236328,18.69499969482422,18.709999084472656,48802,0.0,0.0,0.0
2023-10-11 13:30:00-04:00,18.704999923706055,18.709999084472656,18.68000030517578,18.690000534057617,211410,0.0,0.0,0.0
2023-10-11 14:30:00-04:00,18.690000534057617,18.709999084472656,18.684999465942383,18.704999923706055,58327,0.0,0.0,0.0
2023-10-11 15:30:00-04:00,18.709999084472656,18.71500015258789,18.704999923706055,18.704999923706055,36135,0.0,0.0,0.0
2023-10-12 09:30:00-04:00,18.739999771118164,18.739999771118164,18.70009994506836,18.709999084472656,12274,0.0,0.0,0.0
2023-10-12 10:30:00-04:00,18.700000762939453,18.712099075317383,18.68000030517578,18.690000534057617,34071,0.0,0.0,0.0
2023-10-12 11:30:00-04:00,18.684999465942383,18.704999923706055,18.68000030517578,18.700000762939453,13142,0.0,0.0,0.0
2023-10-12 12:30:00-04:00,18.69499969482422,18.69729995727539,18.649999618530273,18.670000076293945,14579,0.0,0.0,0.0
2023-10-12 13:30:00-04:00,18.675600051879883,18.675600051879883,18.65999984741211,18.665000915527344,10138,0.0,0.0,0.0
2023-10-12 14:30:00-04:00,18.670000076293945,18.679000854492188,18.65999984741211,18.665000915527344,36267,0.0,0.0,0.0
2023-10-12 15:30:00-04:00,18.665000915527344,18.670000076293945,18.655000686645508,18.655000686645508,22976,0.0,0.0,0.0
2023-10-13 09:30:00-04:00,19.049999237060547,19.1299991607666,19.049999237060547,19.1299991607666,14954,0.0,0.0,0.0
2023-10-13 10:30:00-04:00,19.1200008392334,19.190000534057617,19.1200008392334,19.190000534057617,21943,0.0,0.0,0.0
2023-10-13 11:30:00-04:00,19.18000030517578,19.229900360107422,19.18000030517578,19.21500015258789,14434,0.0,0.0,0.0
2023-10-13 12:30:00-04:00,19.200000762939453,19.25,19.200000762939453,19.25,40670,0.0,0.0,0.0
2023-10-13 13:30:00-04:00,19.25,19.270000457763672,19.248199462890625,19.26140022277832,25174,0.0,0.0,0.0
2023-10-13 14:30:00-04:00,19.264999389648438,19.264999389648438,19.25,19.25,12548,0.0,0.0,0.0
2023-10-13 15:30:00-04:00,19.2549991607666,19.260000228881836,19.25,19.2549991607666,3912,0.0,0.0,0.0
2023-10-16 09:30:00-04:00,19.149999618530273,19.170000076293945,19.1200008392334,19.149999618530273,32458,0.0,0.0,0.0
2023-10-16 10:30:00-04:00,19.155000686645508,19.184999465942383,19.13990020751953,19.184999465942383,37349,0.0,0.0,0.0
2023-10-16 11:30:00-04:00,19.184999465942383,19.184999465942383,19.172100067138672,19.18000030517578,39584,0.0,0.0,0.0
2023-10-16 12:30:00-04:00,19.171199798583984,19.190000534057617,19.171199798583984,19.18000030517578,544298,0.0,0.0,0.0
2023-10-16 13:30:00-04:00,19.170000076293945,19.170000076293945,19.155000686645508,19.15999984741211,26927,0.0,0.0,0.0
2023-10-16 14:30:00-04:00,19.15999984741211,19.167499542236328,19.149999618530273,19.167499542236328,12868,0.0,0.0,0.0
2023-10-16 15:30:00-04:00,19.170000076293945,19.174999237060547,19.15999984741211,19.15999984741211,2379,0.0,0.0,0.0
2023-10-17 09:30:00-04:00,19.209999084472656,19.277799606323242,19.190000534057617,19.23870086669922,18897,0.0,0.0,0.0
2023-10-17 10:30:00-04:00,19.229999542236328,19.229999542236328,19.200000762939453,19.210399627685547,16227,0.0,0.0,0.0
2023-10-17 11:30:00-04:00,19.219999313354492,19.229999542236328,19.219999313354492,19.219999313354492,11540,0.0,0.0,0.0
2023-10-17 12:30:00-04:00,19.21500015258789,19.219900131225586,19.200000762939453,19.209999084472656,117128,0.0,0.0,0.0
2023-10-17 13:30:00-04:00,19.199199676513672,19.199199676513672,19.15999984741211,19.174999237060547,5773,0.0,0.0,0.0
2023-10-17 14:30:00-04:00,19.170000076293945,19.209999084472656,19.170000076293945,19.209999084472656,19400,0.0,0.0,0.0
2023-10-17 15:30:00-04:00,19.207700729370117,19.209999084472656,19.19499969482422,19.200000762939453,8344,0.0,0.0,0.0
2023-10-18 09:30:00-04:00,19.459999084472656,19.588699340820312,19.459999084472656,19.489999771118164,76237,0.0,0.0,0.0
2023-10-18 10:30:00-04:00,19.5,19.5049991607666,19.360000610351562,19.389999389648438,43962,0.0,0.0,0.0
2023-10-18 11:30:00-04:00,19.418500900268555,19.450000762939453,19.399999618530273,19.450000762939453,5392,0.0,0.0,0.0
2023-10-18 12:30:00-04:00,19.459999084472656,19.530000686645508,19.459999084472656,19.530000686645508,17178,0.0,0.0,0.0
2023-10-18 13:30:00-04:00,19.520000457763672,19.520000457763672,19.479999542236328,19.479999542236328,9843,0.0,0.0,0.0
2023-10-18 14:30:00-04:00,19.475000381469727,19.479799270629883,19.463699340820312,19.469999313354492,12242,0.0,0.0,0.0
2023-10-18 15:30:00-04:00,19.475000381469727,19.485000610351562,19.469999313354492,19.469999313354492,11449,0.0,0.0,0.0
2023-10-19 09:30:00-04:00,19.5,19.519100189208984,19.479999542236328,19.489599227905273,30228,0.0,0.0,0.0
2023-10-19 10:30:00-04:00,19.489999771118164,19.524999618530273,19.469999313354492,19.524999618530273,24010,0.0,0.0,0.0
2023-10-19 11:30:00-04:00,19.540000915527344,19.56999969482422,19.510000228881836,19.52790069580078,49628,0.0,0.0,0.0
2023-10-19 12:30:00-04:00,19.52829933166504,19.649999618530273,19.5,19.649999618530273,0,0.0,0.0,0.0
2023-10-19 13:30:00-04:00,19.673999786376953,19.70949935913086,19.658100128173828,19.69499969482422,162393,0.0,0.0,0.0
2023-10-19 14:30:00-04:00,19.699899673461914,19.739999771118164,19.699899673461914,19.739999771118164,16611,0.0,0.0,0.0
2023-10-19 15:30:00-04:00,19.739999771118164,19.7450008392334,19.709999084472656,19.712099075317383,0,0.0,0.0,0.0
2023-10-20 09:30:00-04:00,19.760000228881836,19.8700008392334,19.739999771118164,19.827999114990234,23320,0.0,0.0,0.0
2023-10-20 10:30:00-04:00,19.8700008392334,19.931699752807617,19.851600646972656,19.931699752807617,44071,0.0,0.0,0.0
2023-10-20 11:30:00-04:00,19.933900833129883,19.934999465942383,19.850000381469727,19.860000610351562,47473,0.0,0.0,0.0
2023-10-20 12:30:00-04:00,19.885000228881836,19.885000228881836,19.719999313354492,19.790000915527344,92283,0.0,0.0,0.0
2023-10-20 13:30:00-04:00,19.799999237060547,19.809999465942383,19.7450008392334,19.7549991607666,16593,0.0,0.0,0.0
2023-10-20 14:30:00-04:00,19.759599685668945,19.78499984741211,19.759599685668945,19.776599884033203,12475,0.0,0.0,0.0
2023-10-20 15:30:00-04:00,19.780000686645508,19.78499984741211,19.764999389648438,19.764999389648438,3350,0.0,0.0,0.0
2023-10-23 09:30:00-04:00,19.760000228881836,19.760000228881836,19.69700050354004,19.729999542236328,32720,0.0,0.0,0.0
2023-10-23 10:30:00-04:00,19.729999542236328,19.75,19.729999542236328,19.7450008392334,11577,0.0,0.0,0.0
2023-10-23 11:30:00-04:00,19.7450008392334,19.7549991607666,19.71500015258789,19.728700637817383,7312,0.0,0.0,0.0
2023-10-23 12:30:00-04:00,19.7549991607666,19.755599975585938,19.704999923706055,19.704999923706055,11633,0.0,0.0,0.0
2023-10-23 13:30:00-04:00,19.72010040283203,19.742300033569336,19.72010040283203,19.739999771118164,10283,0.0,0.0,0.0
2023-10-23 14:30:00-04:00,19.7450008392334,19.75,19.709999084472656,19.709999084472656,8374,0.0,0.0,0.0
2023-10-23 15:30:00-04:00,19.694000244140625,19.69499969482422,19.68000030517578,19.69499969482422,5298,0.0,0.0,0.0
2023-10-24 09:30:00-04:00,19.59000015258789,19.6200008392334,19.559999465942383,19.6200008392334,54808,0.0,0.0,0.0
2023-10-24 10:30:00-04:00,19.61009979248047,19.618000030517578,19.579999923706055,19.59000015258789,26300,0.0,0.0,0.0
2023-10-24 11:30:00-04:00,19.604999542236328,19.69499969482422,19.596599578857422,19.69499969482422,22437,0.0,0.0,0.0
2023-10-24 12:30:00-04:00,19.700000762939453,19.719999313354492,19.700000762939453,19.709999084472656,13367,0.0,0.0,0.0
2023-10-24 13:30:00-04:00,19.718700408935547,19.7450008392334,19.71500015258789,19.715900421142578,3750,0.0,0.0,0.0
2023-10-24 14:30:00-04:00,19.70989990234375,19.70989990234375,19.69499969482422,19.700000762939453,8607,0.0,0.0,0.0
2023-10-24 15:30:00-04:00,19.684999465942383,19.700000762939453,19.68000030517578,19.700000762939453,6511,0.0,0.0,0.0
2023-10-25 09:30:00-04:00,19.75,19.84000015258789,19.719999313354492,19.735000610351562,220360,0.0,0.0,0.0
2023-10-25 10:30:00-04:00,19.729999542236328,19.750200271606445,19.610000610351562,19.71500015258789,77062,0.0,0.0,0.0
2023-10-25 11:30:00-04:00,19.719999313354492,19.809999465942383,19.719999313354492,19.780000686645508,22658,0.0,0.0,0.0
2023-10-25 12:30:00-04:00,19.770000457763672,19.809999465942383,19.739999771118164,19.799999237060547,19516,0.0,0.0,0.0
2023-10-25 13:30:00-04:00,19.809999465942383,19.809999465942383,19.790000915527344,19.799999237060547,12523,0.0,0.0,0.0
2023-10-25 14:30:00-04:00,19.799999237060547,19.799999237060547,19.780000686645508,19.790000915527344,11467,0.0,0.0,0.0
2023-10-25 15:30:00-04:00,19.790000915527344,19.790000915527344,19.770000457763672,19.780000686645508,15740,0.0,0.0,0.0
2023-10-26 09:30:00-04:00,19.75,19.768800735473633,19.700000762939453,19.700000762939453,54401,0.0,0.0,0.0
2023-10-26 10:30:00-04:00,19.709999084472656,19.77199935913086,19.709999084472656,19.75,36116,0.0,0.0,0.0
2023-10-26 11:30:00-04:00,19.730100631713867,19.81999969482422,19.730100631713867,19.819900512695312,7837,0.0,0.0,0.0
2023-10-26 12:30:00-04:00,19.825000762939453,19.84000015258789,19.8075008392334,19.84000015258789,5429,0.0,0.0,0.0
2023-10-26 13:30:00-04:00,19.84000015258789,19.849899291992188,19.81999969482422,19.81999969482422,10305,0.0,0.0,0.0
2023-10-26 14:30:00-04:00,19.825000762939453,19.834999084472656,19.794099807739258,19.794099807739258,12387,0.0,0.0,0.0
2023-10-26 15:30:00-04:00,19.797800064086914,19.81999969482422,19.795000076293945,19.81999969482422,16652,0.0,0.0,0.0
2023-10-27 09:30:00-04:00,19.790000915527344,19.825000762939453,19.774999618530273,19.815000534057617,21057,0.0,0.0,0.0
2023-10-27 10:30:00-04:00,19.815000534057617,19.815000534057617,19.764999389648438,19.764999389648438,5688,0.0,0.0,0.0
2023-10-27 11:30:00-04:00,19.765199661254883,19.78499984741211,19.760000228881836,19.780000686645508,22158,0.0,0.0,0.0
2023-10-27 12:30:00-04:00,19.780000686645508,19.851299285888672,19.774999618530273,19.851299285888672,19766,0.0,0.0,0.0
2023-10-27 13:30:00-04:00,19.8799991607666,20.05500030517578,19.8799991607666,20.049999237060547,56719,0.0,0.0,0.0
2023-10-27 14:30:00-04:00,20.04829978942871,20.059999465942383,20.0,20.024999618530273,74633,0.0,0.0,0.0
2023-10-27 15:30:00-04:00,20.030000686645508,20.049999237060547,20.030000686645508,20.040000915527344,18857,0.0,0.0,0.0
2023-10-30 09:30:00-04:00,19.979999542236328,19.989999771118164,19.93280029296875,19.959999084472656,85523,0.0,0.0,0.0
2023-10-30 10:30:00-04:00,19.940000534057617,19.969999313354492,19.899999618530273,19.969999313354492,9066,0.0,0.0,0.0
2023-10-30 11:30:00-04:00,19.962799072265625,19.96500015258789,19.94499969482422,19.962099075317383,10254,0.0,0.0,0.0
2023-10-30 12:30:00-04:00,19.969999313354492,19.969999313354492,19.920000076293945,19.920000076293945,9489,0.0,0.0,0.0
2023-10-30 13:30:00-04:00,19.959999084472656,19.96500015258789,19.94499969482422,19.959999084472656,5168,0.0,0.0,0.0
2023-10-30 14:30:00-04:00,19.948200225830078,19.954999923706055,19.931299209594727,19.931299209594727,11083,0.0,0.0,0.0
2023-10-30 15:30:00-04:00,19.93790054321289,19.940000534057617,19.915000915527344,19.93000030517578,16237,0.0,0.0,0.0
2023-10-31 09:30:00-04:00,19.940000534057617,20.024999618530273,19.920000076293945,20.014999389648438,30847,0.0,0.0,0.0
2023-10-31 10:30:00-04:00,20.014999389648438,20.014999389648438,19.920000076293945,19.931299209594727,28159,0.0,0.0,0.0
2023-10-31 11:30:00-04:00,19.920000076293945,19.920000076293945,19.84869956970215,19.8799991607666,708803,0.0,0.0,0.0
2023-10-31 12:30:00-04:00,19.8700008392334,19.8799991607666,19.809999465942383,19.809999465942383,20129,0.0,0.0,0.0
2023-10-31 13:30:00-04:00,19.825000762939453,19.825000762939453,19.773099899291992,19.780000686645508,39393,0.0,0.0,0.0
2023-10-31 14:30:00-04:00,19.797199249267578,19.829999923706055,19.790000915527344,19.81999969482422,39597,0.0,0.0,0.0
2023-10-31 15:30:00-04:00,19.82900047302246,19.829599380493164,19.809999465942383,19.809999465942383,41174,0.0,0.0,0.0
2023-11-01 09:30:00-04:00,19.799999237060547,19.920000076293945,19.785200119018555,19.8700008392334,38291,0.0,0.0,0.0
2023-11-01 10:30:00-04:00,19.86989974975586,19.888999938964844,19.79680061340332,19.80500030517578,18729,0.0,0.0,0.0
2023-11-01 11:30:00-04:00,19.790000915527344,19.790000915527344,19.735000610351562,19.737699508666992,248628,0.0,0.0,0.0
2023-11-01 12:30:00-04:00,19.739999771118164,19.760000228881836,19.719999313354492,19.760000228881836,27814,0.0,0.0,0.0
2023-11-01 13:30:00-04:00,19.767200469970703,19.770000457763672,19.748699188232422,19.748699188232422,54645,0.0,0.0,0.0
2023-11-01 14:30:00-04:00,19.759899139404297,19.790000915527344,19.678600311279297,19.769800186157227,31615,0.0,0.0,0.0
2023-11-01 15:30:00-04:00,19.78499984741211,19.78499984741211,19.760000228881836,19.760000228881836,33723,0.0,0.0,0.0
2023-11-02 09:30:00-04:00,19.829999923706055,19.829999923706055,19.780000686645508,19.806100845336914,73675,0.0,0.0,0.0
2023-11-02 10:30:00-04:00,19.780000686645508,19.81999969482422,19.775699615478516,19.775699615478516,69153,0.0,0.0,0.0
2023-11-02 11:30:00-04:00,19.764999389648438,19.790000915527344,19.760000228881836,19.774999618530273,46828,0.0,0.0,0.0
2023-11-02 12:30:00-04:00,19.780000686645508,19.799999237060547,19.77989959716797,19.799999237060547,18253,0.0,0.0,0.0
2023-11-02 13:30:00-04:00,19.83009910583496,19.834999084472656,19.809999465942383,19.809999465942383,82990,0.0,0.0,0.0
2023-11-02 14:30:00-04:00,19.81999969482422,19.829999923706055,19.812400817871094,19.812400817871094,10834,0.0,0.0,0.0
2023-11-02 15:30:00-04:00,19.815000534057617,19.829999923706055,19.806900024414062,19.825000762939453,52030,0.0,0.0,0.0
2023-11-03 09:30:00-04:00,19.850000381469727,19.950000762939453,19.850000381469727,19.899999618530273,11929,0.0,0.0,0.0
2023-11-03 10:30:00-04:00,19.899900436401367,19.920000076293945,19.889999389648438,19.899999618530273,13919,0.0,0.0,0.0
2023-11-03 11:30:00-04:00,19.899999618530273,19.899999618530273,19.8700008392334,19.8700008392334,17904,0.0,0.0,0.0
2023-11-03 12:30:00-04:00,19.899900436401367,19.899900436401367,19.8700008392334,19.885000228881836,21140,0.0,0.0,0.0
2023-11-03 13:30:00-04:00,19.885900497436523,19.899999618530273,19.8799991607666,19.899999618530273,3105,0.0,0.0,0.0
2023-11-03 14:30:00-04:00,19.90999984741211,19.91390037536621,19.899900436401367,19.899900436401367,12371,0.0,0.0,0.0
2023-11-03 15:30:00-04:00,19.899799346923828,19.899999618530273,19.888500213623047,19.889999389648438,4954,0.0,0.0,0.0
2023-11-06 09:30:00-05:00,19.829999923706055,19.829999923706055,19.80500030517578,19.81130027770996,25959,0.0,0.0,0.0
2023-11-06 10:30:00-05:00,19.800100326538086,19.807199478149414,19.770000457763672,19.790000915527344,7398,0.0,0.0,0.0
2023-11-06 11:30:00-05:00,19.798099517822266,19.799999237060547,19.790000915527344,19.799999237060547,8700,0.0,0.0,0.0
2023-11-06 12:30:00-05:00,19.799999237060547,19.80500030517578,19.780000686645508,19.780000686645508,10994,0.0,0.0,0.0
2023-11-06 13:30:00-05:00,19.774999618530273,19.774999618530273,19.764999389648438,19.767000198364258,2581,0.0,0.0,0.0
2023-11-06 14:30:00-05:00,19.770000457763672,19.770000457763672,19.760000228881836,19.764999389648438,4326,0.0,0.0,0.0
2023-11-06 15:30:00-05:00,19.760000228881836,19.760000228881836,19.75,19.75,1518,0.0,0.0,0.0
2023-11-07 09:30:00-05:00,19.6299991607666,19.6299991607666,19.579999923706055,19.610000610351562,14664,0.0,0.0,0.0
2023-11-07 10:30:00-05:00,19.600000381469727,19.6299991607666,19.600000381469727,19.609899520874023,5500,0.0,0.0,0.0
2023-11-07 11:30:00-05:00,19.610000610351562,19.6299991607666,19.600000381469727,19.600000381469727,36630,0.0,0.0,0.0
2023-11-07 12:30:00-05:00,19.59000015258789,19.639999389648438,19.58970069885254,19.639999389648438,46867,0.0,0.0,0.0
2023-11-07 13:30:00-05:00,19.639999389648438,19.668100357055664,19.639999389648438,19.649999618530273,6587,0.0,0.0,0.0
2023-11-07 14:30:00-05:00,19.649999618530273,19.65999984741211,19.639999389648438,19.642900466918945,21298,0.0,0.0,0.0
2023-11-07 15:30:00-05:00,19.649999618530273,19.65999984741211,19.649999618530273,19.658000946044922,7317,0.0,0.0,0.0
2023-11-08 09:30:00-05:00,19.600000381469727,19.600000381469727,19.530000686645508,19.530000686645508,10517,0.0,0.0,0.0
2023-11-08 10:30:00-05:00,19.540000915527344,19.549999237060547,19.479999542236328,19.530000686645508,25032,0.0,0.0,0.0
2023-11-08 11:30:00-05:00,19.530000686645508,19.540000915527344,19.5,19.5,7769,0.0,0.0,0.0
2023-11-08 12:30:00-05:00,19.489999771118164,19.520000457763672,19.479999542236328,19.489999771118164,2948,0.0,0.0,0.0
2023-11-08 13:30:00-05:00,19.479999542236328,19.5,19.469999313354492,19.469999313354492,8114,0.0,0.0,0.0
2023-11-08 14:30:00-05:00,19.4601993560791,19.46500015258789,19.444000244140625,19.46500015258789,30118,0.0,0.0,0.0
2023-11-08 15:30:00-05:00,19.463300704956055,19.469999313354492,19.459999084472656,19.46500015258789,48208,0.0,0.0,0.0
2023-11-09 09:30:00-05:00,19.489999771118164,19.56999969482422,19.479999542236328,19.549999237060547,51501,0.0,0.0,0.0
2023-11-09 10:30:00-05:00,19.549999237060547,19.610000610351562,19.545000076293945,19.59000015258789,69504,0.0,0.0,0.0
2023-11-09 11:30:00-05:00,19.594999313354492,19.610000610351562,19.569799423217773,19.579999923706055,46599,0.0,0.0,0.0
2023-11-09 12:30:00-05:00,19.59000015258789,19.620100021362305,19.559999465942383,19.614999771118164,53788,0.0,0.0,0.0
2023-11-09 13:30:00-05:00,19.604999542236328,19.6200008392334,19.549999237060547,19.549999237060547,16587,0.0,0.0,0.0
2023-11-09 14:30:00-05:00,19.5487003326416,19.560100555419922,19.540000915527344,19.559999465942383,14396,0.0,0.0,0.0
2023-11-09 15:30:00-05:00,19.55500030517578,19.55500030517578,19.540000915527344,19.545000076293945,0,0.0,0.0,0.0
2023-11-10 09:30:00-05:00,19.450000762939453,19.450000762939453,19.389999389648438,19.391300201416016,36115,0.0,0.0,0.0
2023-11-10 10:30:00-05:00,19.389999389648438,19.395000457763672,19.358600616455078,19.358600616455078,6257,0.0,0.0,0.0
2023-11-10 11:30:00-05:00,19.360000610351562,19.3656005859375,19.344999313354492,19.354000091552734,6167,0.0,0.0,0.0
2023-11-10 12:30:00-05:00,19.3572998046875,19.3572998046875,19.328699111938477,19.334299087524414,7433,0.0,0.0,0.0
2023-11-10 13:30:00-05:00,19.30500030517578,19.33839988708496,19.30500030517578,19.329999923706055,5749,0.0,0.0,0.0
2023-11-10 14:30:00-05:00,19.325000762939453,19.329999923706055,19.309999465942383,19.329999923706055,4635,0.0,0.0,0.0
2023-11-10 15:30:00-05:00,19.325000762939453,19.329999923706055,19.31999969482422,19.325000762939453,10964,0.0,0.0,0.0
2023-11-13 09:30:00-05:00,19.31999969482422,19.31999969482422,19.299999237060547,19.31999969482422,12043,0.0,0.0,0.0
2023-11-13 10:30:00-05:00,19.325000762939453,19.399999618530273,19.31999969482422,19.399999618530273,11287,0.0,0.0,0.0
2023-11-13 11:30:00-05:00,19.40999984741211,19.439899444580078,19.40999984741211,19.439899444580078,8669,0.0,0.0,0.0
2023-11-13 12:30:00-05:00,19.450000762939453,19.450000762939453,19.424999237060547,19.43000030517578,3695,0.0,0.0,0.0
2023-11-13 13:30:00-05:00,19.425500869750977,19.450000762939453,19.425500869750977,19.43000030517578,28691,0.0,0.0,0.0
2023-11-13 14:30:00-05:00,19.434999465942383,19.434999465942383,19.420000076293945,19.429899215698242,6107,0.0,0.0,0.0
2023-11-13 15:30:00-05:00,19.424999237060547,19.434999465942383,19.420000076293945,19.43000030517578,29995,0.0,0.0,0.0
2023-11-14 09:30:00-05:00,19.56999969482422,19.65999984741211,19.559999465942383,19.649599075317383,34809,0.0,0.0,0.0
2023-11-14 10:30:00-05:00,19.649999618530273,19.649999618530273,19.600000381469727,19.618600845336914,20051,0.0,0.0,0.0
2023-11-14 11:30:00-05:00,19.614999771118164,19.625,19.597999572753906,19.597999572753906,3563,0.0,0.0,0.0
2023-11-14 12:30:00-05:00,19.599899291992188,19.610000610351562,19.59000015258789,19.599899291992188,2511,0.0,0.0,0.0
2023-11-14 13:30:00-05:00,19.58639907836914,19.600000381469727,19.5841007232666,19.593299865722656,17390,0.0,0.0,0.0
2023-11-14 14:30:00-05:00,19.59149932861328,19.610000610351562,19.59149932861328,19.610000610351562,1841,0.0,0.0,0.0
2023-11-14 15:30:00-05:00,19.60810089111328,19.610000610351562,19.598400115966797,19.600000381469727,16517,0.0,0.0,0.0
2023-11-15 09:30:00-05:00,19.600000381469727,19.600000381469727,19.530000686645508,19.549999237060547,30975,0.0,0.0,0.0
2023-11-15 10:30:00-05:00,19.594999313354492,19.600000381469727,19.579999923706055,19.579999923706055,9144,0.0,0.0,0.0
2023-11-15 11:30:00-05:00,19.59000015258789,19.59000015258789,19.588600158691406,19.588600158691406,1924,0.0,0.0,0.0
2023-11-15 12:30:00-05:00,19.594999313354492,19.599899291992188,19.575000762939453,19.575000762939453,6227,0.0,0.0,0.0
2023-11-15 13:30:00-05:00,19.575700759887695,19.58989906311035,19.559999465942383,19.584999084472656,44879,0.0,0.0,0.0
2023-11-15 14:30:00-05:00,19.57830047607422,19.58839988708496,19.572599411010742,19.584999084472656,4971,0.0,0.0,0.0
2023-11-15 15:30:00-05:00,19.585599899291992,19.585599899291992,19.559999465942383,19.565000534057617,7998,0.0,0.0,0.0
2023-11-16 09:30:00-05:00,19.704999923706055,19.78499984741211,19.704999923706055,19.764999389648438,32058,0.0,0.0,0.0
2023-11-16 10:30:00-05:00,19.790000915527344,19.84000015258789,19.790000915527344,19.84000015258789,687,0.0,0.0,0.0
2023-11-16 11:30:00-05:00,19.815000534057617,19.81999969482422,19.770000457763672,19.799999237060547,9480,0.0,0.0,0.0
2023-11-16 12:30:00-05:00,19.7898006439209,19.813899993896484,19.7898006439209,19.809900283813477,5728,0.0,0.0,0.0
2023-11-16 13:30:00-05:00,19.80929946899414,19.80929946899414,19.799999237060547,19.808500289916992,3068,0.0,0.0,0.0
2023-11-16 14:30:00-05:00,19.802799224853516,19.80500030517578,19.780000686645508,19.780000686645508,144320,0.0,0.0,0.0
2023-11-16 15:30:00-05:00,19.780000686645508,19.78499984741211,19.770000457763672,19.77989959716797,24476,0.0,0.0,0.0
2023-11-17 09:30:00-05:00,19.799999237060547,19.815000534057617,19.790000915527344,19.790000915527344,6423,0.0,0.0,0.0
2023-11-17 10:30:00-05:00,19.799999237060547,19.81999969482422,19.790000915527344,19.790000915527344,2377,0.0,0.0,0.0
2023-11-17 11:30:00-05:00,19.775299072265625,19.778200149536133,19.75,19.7549991607666,8000,0.0,0.0,0.0
2023-11-17 12:30:00-05:00,19.770000457763672,19.780000686645508,19.770000457763672,19.780000686645508,8831,0.0,0.0,0.0
2023-11-17 13:30:00-05:00,19.780000686645508,19.790000915527344,19.780000686645508,19.780000686645508,5605,0.0,0.0,0.0
2023-11-17 14:30:00-05:00,19.75749969482422,19.769899368286133,19.757299423217773,19.769399642944336,3183,0.0,0.0,0.0
2023-11-17 15:30:00-05:00,19.780000686645508,19.780000686645508,19.76449966430664,19.774999618530273,10048,0.0,0.0,0.0
2023-11-20 09:30:00-05:00,19.639999389648438,19.693700790405273,19.6299991607666,19.693700790405273,20524,0.0,0.0,0.0
2023-11-20 10:30:00-05:00,19.67970085144043,19.716899871826172,19.67970085144043,19.704999923706055,9361,0.0,0.0,0.0
2023-11-20 11:30:00-05:00,19.700000762939453,19.729999542236328,19.700000762939453,19.719999313354492,11469,0.0,0.0,0.0
2023-11-20 12:30:00-05:00,19.719999313354492,19.758399963378906,19.700000762939453,19.758399963378906,16029,0.0,0.0,0.0
2023-11-20 13:30:00-05:00,19.75,19.75,19.735000610351562,19.735000610351562,7055,0.0,0.0,0.0
2023-11-20 14:30:00-05:00,19.75,19.7549991607666,19.73550033569336,19.73550033569336,8309,0.0,0.0,0.0
2023-11-20 15:30:00-05:00,19.739999771118164,19.75,19.739999771118164,19.75,4163,0.0,0.0,0.0
2023-11-21 09:30:00-05:00,19.969999313354492,20.03499984741211,19.969999313354492,20.0,227887,0.0,0.0,0.0
2023-11-21 10:30:00-05:00,20.010000228881836,20.024999618530273,19.979999542236328,19.979999542236328,121558,0.0,0.0,0.0
2023-11-21 11:30:00-05:00,19.969999313354492,19.975000381469727,19.95870018005371,19.969999313354492,17380,0.0,0.0,0.0
2023-11-21 12:30:00-05:00,19.970500946044922,19.979999542236328,19.959800720214844,19.959999084472656,10285,0.0,0.0,0.0
2023-11-21 13:30:00-05:00,19.950000762939453,19.969999313354492,19.93000030517578,19.969999313354492,78231,0.0,0.0,0.0
2023-11-21 14:30:00-05:00,19.960100173950195,19.969999313354492,19.954999923706055,19.954999923706055,96204,0.0,0.0,0.0
2023-11-21 15:30:00-05:00,19.959999084472656,19.96500015258789,19.951499938964844,19.959999084472656,21891,0.0,0.0,0.0
2023-11-22 09:30:00-05:00,19.979999542236328,19.99530029296875,19.905000686645508,19.905000686645508,33023,0.0,0.0,0.0
2023-11-22 10:30:00-05:00,19.889999389648438,19.928699493408203,19.889999389648438,19.889999389648438,5235,0.0,0.0,0.0
2023-11-22 11:30:00-05:00,19.886199951171875,19.886199951171875,19.860000610351562,19.8799991607666,18877,0.0,0.0,0.0
2023-11-22 12:30:00-05:00,19.88129997253418,19.89150047302246,19.874099731445312,19.889999389648438,9578,0.0,0.0,0.0
2023-11-22 13:30:00-05:00,19.88170051574707,19.88170051574707,19.840099334716797,19.8799991607666,3589,0.0,0.0,0.0
2023-11-22 14:30:00-05:00,19.8799991607666,19.885000228881836,19.875,19.875,2161,0.0,0.0,0.0
2023-11-22 15:30:00-05:00,19.875,19.875,19.8700008392334,19.8700008392334,757,0.0,0.0,0.0
2023-11-24 09:30:00-05:00,19.979999542236328,19.9950008392334,19.969999313354492,19.969999313354492,63005,0.0,0.0,0.0
2023-11-24 10:30:00-05:00,19.96500015258789,19.969999313354492,19.94499969482422,19.959999084472656,28116,0.0,0.0,0.0
2023-11-24 11:30:00-05:00,19.959999084472656,19.989999771118164,19.95199966430664,19.989999771118164,73201,0.0,0.0,0.0
2023-11-24 12:30:00-05:00,19.979999542236328,19.979999542236328,19.969999313354492,19.979999542236328,0,0.0,0.0,0.0
2023-11-27 09:30:00-05:00,20.079999923706055,20.110000610351562,20.059999465942383,20.099899291992188,110063,0.0,0.0,0.0
2023-11-27 10:30:00-05:00,20.098600387573242,20.098600387573242,20.04840087890625,20.04840087890625,175817,0.0,0.0,0.0
2023-11-27 11:30:00-05:00,20.059900283813477,20.06999969482422,20.040000915527344,20.065900802612305,37683,0.0,0.0,0.0
2023-11-27 12:30:00-05:00,20.05150032043457,20.079999923706055,20.049999237060547,20.079999923706055,6260,0.0,0.0,0.0
2023-11-27 13:30:00-05:00,20.09000015258789,20.100000381469727,20.079999923706055,20.09000015258789,29808,0.0,0.0,0.0
2023-11-27 14:30:00-05:00,20.09000015258789,20.100000381469727,20.09000015258789,20.100000381469727,105248,0.0,0.0,0.0
2023-11-27 15:30:00-05:00,20.09000015258789,20.1200008392334,20.09000015258789,20.1200008392334,0,0.0,0.0,0.0
2023-11-28 09:30:00-05:00,20.25,20.25,20.19499969482422,20.219999313354492,210496,0.0,0.0,0.0
2023-11-28 10:30:00-05:00,20.229999542236328,20.350000381469727,20.225000381469727,20.329999923706055,50415,0.0,0.0,0.0
2023-11-28 11:30:00-05:00,20.329999923706055,20.37660026550293,20.31999969482422,20.37660026550293,60325,0.0,0.0,0.0
2023-11-28 12:30:00-05:00,20.385700225830078,20.389999389648438,20.350099563598633,20.360000610351562,19086,0.0,0.0,0.0
2023-11-28 13:30:00-05:00,20.350000381469727,20.379899978637695,20.350000381469727,20.379899978637695,3146,0.0,0.0,0.0
2023-11-28 14:30:00-05:00,20.360000610351562,20.382400512695312,20.360000610351562,20.36989974975586,11084,0.0,0.0,0.0
2023-11-28 15:30:00-05:00,20.37470054626465,20.3799991607666,20.3700008392334,20.3799991607666,0,0.0,0.0,0.0
2023-11-29 09:30:00-05:00,20.3700008392334,20.43000030517578,20.3700008392334,20.3700008392334,178298,0.0,0.0,0.0
2023-11-29 10:30:00-05:00,20.3799991607666,20.399999618530273,20.3700008392334,20.379899978637695,30081,0.0,0.0,0.0
2023-11-29 11:30:00-05:00,20.3799991607666,20.40999984741211,20.3799991607666,20.40999984741211,67836,0.0,0.0,0.0
2023-11-29 12:30:00-05:00,20.415000915527344,20.42889976501465,20.40999984741211,20.420000076293945,50673,0.0,0.0,0.0
2023-11-29 13:30:00-05:00,20.440000534057617,20.459999084472656,20.440000534057617,20.446300506591797,55871,0.0,0.0,0.0
2023-11-29 14:30:00-05:00,20.43000030517578,20.430200576782227,20.400100708007812,20.40220069885254,27636,0.0,0.0,0.0
2023-11-29 15:30:00-05:00,20.40999984741211,20.420000076293945,20.405000686645508,20.415000915527344,0,0.0,0.0,0.0
2023-11-30 09:30:00-05:00,20.350000381469727,20.350000381469727,20.290000915527344,20.31999969482422,240105,0.0,0.0,0.0
2023-11-30 10:30:00-05:00,20.34000015258789,20.360000610351562,20.329999923706055,20.360000610351562,73961,0.0,0.0,0.0
2023-11-30 11:30:00-05:00,20.350000381469727,20.375,20.34000015258789,20.3700008392334,72009,0.0,0.0,0.0
2023-11-30 12:30:00-05:00,20.360000610351562,20.360000610351562,20.3351993560791,20.339799880981445,37528,0.0,0.0,0.0
2023-11-30 13:30:00-05:00,20.334999084472656,20.334999084472656,20.309999465942383,20.31999969482422,10895,0.0,0.0,0.0
2023-11-30 14:30:00-05:00,20.31999969482422,20.334999084472656,20.31999969482422,20.31999969482422,41128,0.0,0.0,0.0
2023-11-30 15:30:00-05:00,20.329999923706055,20.329999923706055,20.31999969482422,20.329999923706055,6829,0.0,0.0,0.0
2023-12-01 09:30:00-05:00,20.34000015258789,20.489999771118164,20.329999923706055,20.450000762939453,187415,0.0,0.0,0.0
2023-12-01 10:30:00-05:00,20.440000534057617,20.54450035095215,20.40999984741211,20.53499984741211,172890,0.0,0.0,0.0
2023-12-01 11:30:00-05:00,20.530000686645508,20.579999923706055,20.530000686645508,20.56999969482422,21841,0.0,0.0,0.0
2023-12-01 12:30:00-05:00,20.56999969482422,20.651399612426758,20.56999969482422,20.639999389648438,5414,0.0,0.0,0.0
2023-12-01 13:30:00-05:00,20.65999984741211,20.709999084472656,20.65999984741211,20.674999237060547,10725,0.0,0.0,0.0
2023-12-01 14:30:00-05:00,20.65999984741211,20.65999984741211,20.6299991607666,20.655000686645508,36710,0.0,0.0,0.0
2023-12-01 15:30:00-05:00,20.665000915527344,20.674999237060547,20.665000915527344,20.674999237060547,16432,0.0,0.0,0.0
2023-12-04 09:30:00-05:00,20.420000076293945,20.5,20.219999313354492,20.29990005493164,769005,0.0,0.0,0.0
2023-12-04 10:30:00-05:00,20.299999237060547,20.299999237060547,20.170000076293945,20.209999084472656,345272,0.0,0.0,0.0
2023-12-04 11:30:00-05:00,20.200000762939453,20.270000457763672,20.18000030517578,20.219999313354492,124892,0.0,0.0,0.0
2023-12-04 12:30:00-05:00,20.209999084472656,20.221200942993164,20.190000534057617,20.200000762939453,55244,0.0,0.0,0.0
2023-12-04 13:30:00-05:00,20.209999084472656,20.23550033569336,20.190000534057617,20.23550033569336,24654,0.0,0.0,0.0
2023-12-04 14:30:00-05:00,20.239999771118164,20.290000915527344,20.239999771118164,20.2549991607666,32500,0.0,0.0,0.0
2023-12-04 15:30:00-05:00,20.25,20.25819969177246,20.219999313354492,20.219999313354492,22263,0.0,0.0,0.0
2023-12-05 09:30:00-05:00,20.209999084472656,20.219999313354492,20.1299991607666,20.139999389648438,103106,0.0,0.0,0.0
2023-12-05 10:30:00-05:00,20.15999984741211,20.15999984741211,20.06999969482422,20.124000549316406,22310,0.0,0.0,0.0
2023-12-05 11:30:00-05:00,20.1200008392334,20.15999984741211,20.09000015258789,20.15999984741211,91884,0.0,0.0,0.0
2023-12-05 12:30:00-05:00,20.140499114990234,20.170000076293945,20.139799118041992,20.159900665283203,29709,0.0,0.0,0.0
2023-12-05 13:30:00-05:00,20.139999389648438,20.15999984741211,20.135000228881836,20.145000457763672,30258,0.0,0.0,0.0
2023-12-05 14:30:00-05:00,20.145000457763672,20.174999237060547,20.145000457763672,20.15999984741211,3581,0.0,0.0,0.0
2023-12-05 15:30:00-05:00,20.15999984741211,20.15999984741211,20.149999618530273,20.149999618530273,8683,0.0,0.0,0.0
2023-12-06 09:30:00-05:00,20.290000915527344,20.290000915527344,20.19499969482422,20.235000610351562,488711,0.0,0.0,0.0
2023-12-06 10:30:00-05:00,20.239999771118164,20.280000686645508,20.21500015258789,20.21500015258789,115740,0.0,0.0,0.0
2023-12-06 11:30:00-05:00,20.21500015258789,20.270000457763672,20.209999084472656,20.239999771118164,61358,0.0,0.0,0.0
2023-12-06 12:30:00-05:00,20.239999771118164,20.274999618530273,20.239900588989258,20.260000228881836,63087,0.0,0.0,0.0
2023-12-06 13:30:00-05:00,20.260000228881836,20.270000457763672,20.260000228881836,20.260000228881836,8540,0.0,0.0,0.0
2023-12-06 14:30:00-05:00,20.258399963378906,20.260000228881836,20.239999771118164,20.243999481201172,39833,0.0,0.0,0.0
2023-12-06 15:30:00-05:00,20.239999771118164,20.239999771118164,20.219999313354492,20.229999542236328,43428,0.0,0.0,0.0
2023-12-07 09:30:00-05:00,20.290000915527344,20.309999465942383,20.219999313354492,20.25,294347,0.0,0.0,0.0
2023-12-07 10:30:00-05:00,20.260000228881836,20.274999618530273,20.25,20.260000228881836,62278,0.0,0.0,0.0
2023-12-07 11:30:00-05:00,20.25,20.25,20.170000076293945,20.209999084472656,67876,0.0,0.0,0.0
2023-12-07 12:30:00-05:00,20.209999084472656,20.280000686645508,20.20509910583496,20.270000457763672,211757,0.0,0.0,0.0
2023-12-07 13:30:00-05:00,20.270000457763672,20.290000915527344,20.260000228881836,20.260000228881836,43212,0.0,0.0,0.0
2023-12-07 14:30:00-05:00,20.270000457763672,20.280000686645508,20.260000228881836,20.260000228881836,33219,0.0,0.0,0.0
2023-12-07 15:30:00-05:00,20.260000228881836,20.274999618530273,20.25,20.2549991607666,15252,0.0,0.0,0.0
2023-12-08 09:30:00-05:00,20.079999923706055,20.110000610351562,20.020000457763672,20.110000610351562,286716,0.0,0.0,0.0
2023-12-08 10:30:00-05:00,20.094999313354492,20.110000610351562,20.0,20.018600463867188,72281,0.0,0.0,0.0
2023-12-08 11:30:00-05:00,20.020000457763672,20.030000686645508,19.90999984741211,19.940000534057617,77203,0.0,0.0,0.0
2023-12-08 12:30:00-05:00,19.93000030517578,19.959999084472656,19.93000030517578,19.950000762939453,27787,0.0,0.0,0.0
2023-12-08 13:30:00-05:00,19.969999313354492,19.979999542236328,19.959999084472656,19.979999542236328,9852,0.0,0.0,0.0
2023-12-08 14:30:00-05:00,19.969999313354492,20.0,19.969999313354492,19.999900817871094,31206,0.0,0.0,0.0
2023-12-08 15:30:00-05:00,19.9950008392334,20.0,19.989999771118164,19.989999771118164,10598,0.0,0.0,0.0
2023-12-11 09:30:00-05:00,19.860000610351562,19.8799991607666,19.790000915527344,19.790000915527344,168167,0.0,0.0,0.0
2023-12-11 10:30:00-05:00,19.790000915527344,19.799999237060547,19.770000457763672,19.770000457763672,124521,0.0,0.0,0.0
2023-12-11 11:30:00-05:00,19.780000686645508,19.798099517822266,19.75,19.760000228881836,69227,0.0,0.0,0.0
2023-12-11 12:30:00-05:00,19.760000228881836,19.764999389648438,19.729999542236328,19.75,99296,0.0,0.0,0.0
2023-12-11 13:30:00-05:00,19.75,19.790000915527344,19.75,19.77989959716797,99595,0.0,0.0,0.0
2023-12-11 14:30:00-05:00,19.780000686645508,19.780000686645508,19.770000457763672,19.778600692749023,54445,0.0,0.0,0.0
2023-12-11 15:30:00-05:00,19.774999618530273,19.780000686645508,19.770000457763672,19.770000457763672,13182,0.0,0.0,0.0
2023-12-12 09:30:00-05:00,19.799999237060547,19.809999465942383,19.770000457763672,19.799999237060547,287476,0.0,0.0,0.0
2023-12-12 10:30:00-05:00,19.799999237060547,19.799999237060547,19.770000457763672,19.790000915527344,190087,0.0,0.0,0.0
2023-12-12 11:30:00-05:00,19.770000457763672,19.780099868774414,19.75,19.760000228881836,137532,0.0,0.0,0.0
2023-12-12 12:30:00-05:00,19.75,19.770000457763672,19.739999771118164,19.739999771118164,100507,0.0,0.0,0.0
2023-12-12 13:30:00-05:00,19.75,19.780000686645508,19.7450008392334,19.770000457763672,76740,0.0,0.0,0.0
2023-12-12 14:30:00-05:00,19.770000457763672,19.780000686645508,19.760000228881836,19.770000457763672,15225,0.0,0.0,0.0
2023-12-12 15:30:00-05:00,19.770000457763672,19.770000457763672,19.760000228881836,19.760000228881836,15546,0.0,0.0,0.0
2023-12-13 09:30:00-05:00,19.809999465942383,19.809999465942383,19.75,19.760000228881836,123058,0.0,0.0,0.0
2023-12-13 10:30:00-05:00,19.760000228881836,19.799999237060547,19.751699447631836,19.790000915527344,60593,0.0,0.0,0.0
2023-12-13 11:30:00-05:00,19.78499984741211,19.799999237060547,19.77989959716797,19.78019905090332,37627,0.0,0.0,0.0
2023-12-13 12:30:00-05:00,19.7898006439209,19.795000076293945,19.778499603271484,19.790000915527344,27009,0.0,0.0,0.0
2023-12-13 13:30:00-05:00,19.780000686645508,20.040000915527344,19.770000457763672,20.020000457763672,230209,0.0,0.0,0.0
2023-12-13 14:30:00-05:00,20.020000457763672,20.170000076293945,20.0,20.1299991607666,211435,0.0,0.0,0.0
2023-12-13 15:30:00-05:00,20.1299991607666,20.219999313354492,20.1299991607666,20.219999313354492,83613,0.0,0.0,0.0
2023-12-14 09:30:00-05:00,20.329999923706055,20.440000534057617,20.329999923706055,20.389999389648438,392106,0.0,0.0,0.0
2023-12-14 10:30:00-05:00,20.389999389648438,20.389999389648438,20.34000015258789,20.360000610351562,120018,0.0,0.0,0.0
2023-12-14 11:30:00-05:00,20.350000381469727,20.3700008392334,20.334999084472656,20.34000015258789,143328,0.0,0.0,0.0
2023-12-14 12:30:00-05:00,20.34000015258789,20.344999313354492,20.260000228881836,20.260000228881836,144998,0.0,0.0,0.0
2023-12-14 13:30:00-05:00,20.260000228881836,20.298500061035156,20.260000228881836,20.290000915527344,42467,0.0,0.0,0.0
2023-12-14 14:30:00-05:00,20.299999237060547,20.31999969482422,20.28350067138672,20.315000534057617,40761,0.0,0.0,0.0
2023-12-14 15:30:00-05:00,20.309999465942383,20.334999084472656,20.309999465942383,20.325000762939453,73308,0.0,0.0,0.0
2023-12-15 09:30:00-05:00,20.309999465942383,20.350000381469727,20.280000686645508,20.34000015258789,517677,0.0,0.0,0.0
2023-12-15 10:30:00-05:00,20.329999923706055,20.329999923706055,20.299999237060547,20.31999969482422,152806,0.0,0.0,0.0
2023-12-15 11:30:00-05:00,20.329999923706055,20.329999923706055,20.290000915527344,20.309999465942383,99833,0.0,0.0,0.0
2023-12-15 12:30:00-05:00,20.299999237060547,20.299999237060547,20.170000076293945,20.18000030517578,229401,0.0,0.0,0.0
2023-12-15 13:30:00-05:00,20.18000030517578,20.200000762939453,20.1299991607666,20.139999389648438,231636,0.0,0.0,0.0
2023-12-15 14:30:00-05:00,20.1299991607666,20.170000076293945,20.1200008392334,20.170000076293945,60154,0.0,0.0,0.0
2023-12-15 15:30:00-05:00,20.18000030517578,20.18000030517578,20.145000457763672,20.149999618530273,30754,0.0,0.0,0.0
2023-12-18 09:30:00-05:00,20.209999084472656,20.209999084472656,20.170000076293945,20.190000534057617,130940,0.0,0.0,0.0
2023-12-18 10:30:00-05:00,20.190000534057617,20.20400047302246,20.18000030517578,20.20400047302246,68180,0.0,0.0,0.0
2023-12-18 11:30:00-05:00,20.200000762939453,20.209999084472656,20.179899215698242,20.190000534057617,46436,0.0,0.0,0.0
2023-12-18 12:30:00-05:00,20.189800262451172,20.299999237060547,20.189800262451172,20.229999542236328,142293,0.0,0.0,0.0
2023-12-18 13:30:00-05:00,20.219999313354492,20.239999771118164,20.219999313354492,20.239999771118164,12399,0.0,0.0,0.0
2023-12-18 14:30:00-05:00,20.229999542236328,20.239999771118164,20.219999313354492,20.229999542236328,25054,0.0,0.0,0.0
2023-12-18 15:30:00-05:00,20.229999542236328,20.235000610351562,20.225000381469727,20.235000610351562,21364,0.0,0.0,0.0
2023-12-19 09:30:00-05:00,20.280000686645508,20.420000076293945,20.260000228881836,20.399999618530273,400050,0.0,0.0,0.0
2023-12-19 10:30:00-05:00,20.399999618530273,20.43000030517578,20.360000610351562,20.43000030517578,263519,0.0,0.0,0.0
2023-12-19 11:30:00-05:00,20.420000076293945,20.43000030517578,20.3700008392334,20.3799991607666,111545,0.0,0.0,0.0
2023-12-19 12:30:00-05:00,20.3799991607666,20.3799991607666,20.329999923706055,20.350000381469727,59348,0.0,0.0,0.0
2023-12-19 13:30:00-05:00,20.350000381469727,20.360000610351562,20.340200424194336,20.350000381469727,102270,0.0,0.0,0.0
2023-12-19 14:30:00-05:00,20.354999542236328,20.360000610351562,20.350000381469727,20.354999542236328,52352,0.0,0.0,0.0
2023-12-19 15:30:00-05:00,20.354999542236328,20.3700008392334,20.350000381469727,20.3700008392334,93284,0.0,0.0,0.0
2023-12-20 09:30:00-05:00,20.329999923706055,20.347200393676758,20.270000457763672,20.280000686645508,179990,0.0,0.0,0.0
2023-12-20 10:30:00-05:00,20.299999237060547,20.31999969482422,20.28820037841797,20.30500030517578,112599,0.0,0.0,0.0
2023-12-20 11:30:00-05:00,20.309999465942383,20.31999969482422,20.290000915527344,20.295000076293945,47632,0.0,0.0,0.0
2023-12-20 12:30:00-05:00,20.299999237060547,20.31999969482422,20.290000915527344,20.309999465942383,38472,0.0,0.0,0.0
2023-12-20 13:30:00-05:00,20.31999969482422,20.334999084472656,20.31920051574707,20.325000762939453,52064,0.0,0.0,0.0
2023-12-20 14:30:00-05:00,20.31999969482422,20.325000762939453,20.270000457763672,20.299999237060547,147470,0.0,0.0,0.0
2023-12-20 15:30:00-05:00,20.299999237060547,20.299999237060547,20.2549991607666,20.2549991607666,54814,0.0,0.0,0.0
2023-12-21 09:30:00-05:00,20.389999389648438,20.43000030517578,20.329999923706055,20.3700008392334,494788,0.0,0.0,0.0
2023-12-21 10:30:00-05:00,20.3700008392334,20.40999984741211,20.350000381469727,20.40999984741211,308014,0.0,0.0,0.0
2023-12-21 11:30:00-05:00,20.40999984741211,20.40999984741211,20.3700008392334,20.3799991607666,83911,0.0,0.0,0.0
2023-12-21 12:30:00-05:00,20.389999389648438,20.389999389648438,20.34000015258789,20.360000610351562,80296,0.0,0.0,0.0
2023-12-21 13:30:00-05:00,20.360000610351562,20.389999389648438,20.350000381469727,20.385000228881836,54608,0.0,0.0,0.0
2023-12-21 14:30:00-05:00,20.389999389648438,20.420000076293945,20.389999389648438,20.40999984741211,155905,0.0,0.0,0.0
2023-12-21 15:30:00-05:00,20.405000686645508,20.415000915527344,20.399999618530273,20.40999984741211,24355,0.0,0.0,0.0
2023-12-22 09:30:00-05:00,20.6299991607666,20.66699981689453,20.59000015258789,20.600000381469727,347318,0.0,0.0,0.0
2023-12-22 10:30:00-05:00,20.600000381469727,20.600000381469727,20.540000915527344,20.559999465942383,184424,0.0,0.0,0.0
2023-12-22 11:30:00-05:00,20.565000534057617,20.565000534057617,20.469999313354492,20.520000457763672,247737,0.0,0.0,0.0
2023-12-22 12:30:00-05:00,20.510000228881836,20.540000915527344,20.5,20.540000915527344,145776,0.0,0.0,0.0
2023-12-22 13:30:00-05:00,20.540000915527344,20.540000915527344,20.489999771118164,20.489999771118164,42995,0.0,0.0,0.0
2023-12-22 14:30:00-05:00,20.489999771118164,20.5049991607666,20.485000610351562,20.498699188232422,53735,0.0,0.0,0.0
2023-12-22 15:30:00-05:00,20.489999771118164,20.5,20.489999771118164,20.5,18227,0.0,0.0,0.0
2023-12-26 09:30:00-05:00,20.579999923706055,20.579999923706055,20.510000228881836,20.540199279785156,149302,0.0,0.0,0.0
2023-12-26 10:30:00-05:00,20.54010009765625,20.549999237060547,20.530000686645508,20.549999237060547,26709,0.0,0.0,0.0
2023-12-26 11:30:00-05:00,20.559999465942383,20.559999465942383,20.549999237060547,20.55500030517578,17299,0.0,0.0,0.0
2023-12-26 12:30:00-05:00,20.549999237060547,20.559999465942383,20.540000915527344,20.559999465942383,70428,0.0,0.0,0.0
2023-12-26 13:30:00-05:00,20.55459976196289,20.575000762939453,20.54520034790039,20.575000762939453,45868,0.0,0.0,0.0
2023-12-26 14:30:00-05:00,20.56999969482422,20.604999542236328,20.56999969482422,20.604999542236328,14357,0.0,0.0,0.0
2023-12-26 15:30:00-05:00,20.610000610351562,20.655000686645508,20.610000610351562,20.649999618530273,27817,0.0,0.0,0.0
2023-12-27 09:30:00-05:00,20.65999984741211,20.739999771118164,20.6299991607666,20.729999542236328,213642,0.0,0.0,0.0
2023-12-27 10:30:00-05:00,20.729999542236328,20.790000915527344,20.719999313354492,20.770000457763672,188425,0.0,0.0,0.0
2023-12-27 11:30:00-05:00,20.770000457763672,20.790000915527344,20.760000228881836,20.774999618530273,57114,0.0,0.0,0.0
2023-12-27 12:30:00-05:00,20.780000686645508,20.809999465942383,20.770000457763672,20.780000686645508,45035,0.0,0.0,0.0
2023-12-27 13:30:00-05:00,20.780000686645508,20.780000686645508,20.729999542236328,20.739999771118164,65960,0.0,0.0,0.0
2023-12-27 14:30:00-05:00,20.739999771118164,20.75,20.729999542236328,20.735000610351562,42820,0.0,0.0,0.0
2023-12-27 15:30:00-05:00,20.729999542236328,20.75,20.729999542236328,20.75,38143,0.0,0.0,0.0
2023-12-28 09:30:00-05:00,20.729999542236328,20.774999618530273,20.690000534057617,20.760000228881836,252911,0.0,0.0,0.0
2023-12-28 10:30:00-05:00,20.760000228881836,20.764999389648438,20.709999084472656,20.719999313354492,283387,0.0,0.0,0.0
2023-12-28 11:30:00-05:00,20.725000381469727,20.729999542236328,20.700000762939453,20.719999313354492,100473,0.0,0.0,0.0
2023-12-28 12:30:00-05:00,20.719999313354492,20.719999313354492,20.68000030517578,20.700000762939453,220492,0.0,0.0,0.0
2023-12-28 13:30:00-05:00,20.700000762939453,20.704999923706055,20.649999618530273,20.65999984741211,70369,0.0,0.0,0.0
2023-12-28 14:30:00-05:00,20.65999984741211,20.65999984741211,20.6200008392334,20.649900436401367,70614,0.0,0.0,0.0
2023-12-28 15:30:00-05:00,20.645000457763672,20.655000686645508,20.6200008392334,20.6200008392334,52029,0.0,0.0,0.0
2023-12-29 09:30:00-05:00,20.579999923706055,20.610000610351562,20.549999237060547,20.600000381469727,231217,0.0,0.0,0.0
2023-12-29 10:30:00-05:00,20.600000381469727,20.645000457763672,20.59000015258789,20.610000610351562,116069,0.0,0.0,0.0
2023-12-29 11:30:00-05:00,20.614999771118164,20.635000228881836,20.600000381469727,20.6299991607666,118581,0.0,0.0,0.0
2023-12-29 12:30:00-05:00,20.635000228881836,20.645000457763672,20.579999923706055,20.594999313354492,145563,0.0,0.0,0.0
2023-12-29 13:30:00-05:00,20.59000015258789,20.6200008392334,20.59000015258789,20.610000610351562,58550,0.0,0.0,0.0
2023-12-29 14:30:00-05:00,20.6200008392334,20.649999618530273,20.6200008392334,20.6200008392334,42472,0.0,0.0,0.0
2023-12-29 15:30:00-05:00,20.6200008392334,20.625,20.59000015258789,20.600000381469727,113893,0.0,0.0,0.0
2024-01-02 09:30:00-05:00,20.6200008392334,20.670000076293945,20.59000015258789,20.614299774169922,366336,0.0,0.0,0.0
2024-01-02 10:30:00-05:00,20.610000610351562,20.635000228881836,20.520000457763672,20.6299991607666,348240,0.0,0.0,0.0
2024-01-02 11:30:00-05:00,20.610000610351562,20.6299991607666,20.595199584960938,20.600000381469727,24172,0.0,0.0,0.0
2024-01-02 12:30:00-05:00,20.610000610351562,20.614999771118164,20.584999084472656,20.610000610351562,8937,0.0,0.0,0.0
2024-01-02 13:30:00-05:00,20.605899810791016,20.605899810791016,20.56999969482422,20.57990074157715,23950,0.0,0.0,0.0
2024-01-02 14:30:00-05:00,20.579999923706055,20.59000015258789,20.56999969482422,20.56999969482422,32475,0.0,0.0,0.0
2024-01-02 15:30:00-05:00,20.559999465942383,20.565000534057617,20.540000915527344,20.540000915527344,25618,0.0,0.0,0.0
2024-01-03 09:30:00-05:00,20.34000015258789,20.450000762939453,20.290000915527344,20.34000015258789,905739,0.0,0.0,0.0
2024-01-03 10:30:00-05:00,20.34000015258789,20.350000381469727,20.280000686645508,20.309999465942383,347472,0.0,0.0,0.0
2024-01-03 11:30:00-05:00,20.309999465942383,20.309999465942383,20.280000686645508,20.290000915527344,202956,0.0,0.0,0.0
2024-01-03 12:30:00-05:00,20.295000076293945,20.31679916381836,20.27790069580078,20.309999465942383,82974,0.0,0.0,0.0
2024-01-03 13:30:00-05:00,20.309999465942383,20.350000381469727,20.280000686645508,20.350000381469727,151273,0.0,0.0,0.0
2024-01-03 14:30:00-05:00,20.350000381469727,20.385000228881836,20.309999465942383,20.3799991607666,167715,0.0,0.0,0.0
2024-01-03 15:30:00-05:00,20.375,20.389999389648438,20.3700008392334,20.375,315608,0.0,0.0,0.0
2024-01-04 09:30:00-05:00,20.3700008392334,20.434999465942383,20.34000015258789,20.43000030517578,242121,0.0,0.0,0.0
2024-01-04 10:30:00-05:00,20.440000534057617,20.440000534057617,20.405000686645508,20.424999237060547,97205,0.0,0.0,0.0
2024-01-04 11:30:00-05:00,20.420000076293945,20.43000030517578,20.3799991607666,20.385000228881836,42440,0.0,0.0,0.0
2024-01-04 12:30:00-05:00,20.375,20.405000686645508,20.3700008392334,20.389999389648438,12000,0.0,0.0,0.0
2024-01-04 13:30:00-05:00,20.389999389648438,20.399999618530273,20.385000228881836,20.395000457763672,15081,0.0,0.0,0.0
2024-01-04 14:30:00-05:00,20.397199630737305,20.41010093688965,20.395000457763672,20.405000686645508,14184,0.0,0.0,0.0
2024-01-04 15:30:00-05:00,20.405000686645508,20.40999984741211,20.389999389648438,20.399999618530273,36361,0.0,0.0,0.0
2024-01-05 09:30:00-05:00,20.440000534057617,20.600000381469727,20.3799991607666,20.56999969482422,417472,0.0,0.0,0.0
2024-01-05 10:30:00-05:00,20.549999237060547,20.59000015258789,20.463499069213867,20.463499069213867,110369,0.0,0.0,0.0
2024-01-05 11:30:00-05:00,20.479999542236328,20.479999542236328,20.3799991607666,20.3799991607666,84947,0.0,0.0,0.0
2024-01-05 12:30:00-05:00,20.389999389648438,20.399999618530273,20.3700008392334,20.389999389648438,80594,0.0,0.0,0.0
2024-01-05 13:30:00-05:00,20.399999618530273,20.469999313354492,20.399999618530273,20.441299438476562,82010,0.0,0.0,0.0
2024-01-05 14:30:00-05:00,20.44499969482422,20.450000762939453,20.400100708007812,20.40999984741211,27786,0.0,0.0,0.0
2024-01-05 15:30:00-05:00,20.40999984741211,20.40999984741211,20.395000457763672,20.405000686645508,55837,0.0,0.0,0.0
2024-01-08 09:30:00-05:00,20.170000076293945,20.270000457763672,20.149999618530273,20.270000457763672,79000,0.0,0.0,0.0
2024-01-08 10:30:00-05:00,20.270000457763672,20.334999084472656,20.270000457763672,20.299999237060547,27791,0.0,0.0,0.0
2024-01-08 11:30:00-05:00,20.299999237060547,20.299999237060547,20.261499404907227,20.261499404907227,45248,0.0,0.0,0.0
2024-01-08 12:30:00-05:00,20.260000228881836,20.260000228881836,20.229999542236328,20.239999771118164,15131,0.0,0.0,0.0
2024-01-08 13:30:00-05:00,20.239999771118164,20.246000289916992,20.230300903320312,20.246000289916992,10553,0.0,0.0,0.0
2024-01-08 14:30:00-05:00,20.25790023803711,20.260000228881836,20.225000381469727,20.235000610351562,16425,0.0,0.0,0.0
2024-01-08 15:30:00-05:00,20.229999542236328,20.239999771118164,20.229999542236328,20.239999771118164,19731,0.0,0.0,0.0
2024-01-09 09:30:00-05:00,20.31999969482422,20.34000015258789,20.295000076293945,20.309999465942383,159079,0.0,0.0,0.0
2024-01-09 10:30:00-05:00,20.309999465942383,20.309999465942383,20.22599983215332,20.25790023803711,128878,0.0,0.0,0.0
2024-01-09 11:30:00-05:00,20.260000228881836,20.280000686645508,20.250099182128906,20.260000228881836,26439,0.0,0.0,0.0
2024-01-09 12:30:00-05:00,20.2549991607666,20.260000228881836,20.235000610351562,20.235000610351562,28031,0.0,0.0,0.0
2024-01-09 13:30:00-05:00,20.239999771118164,20.260000228881836,20.235000610351562,20.2549991607666,18450,0.0,0.0,0.0
2024-01-09 14:30:00-05:00,20.260000228881836,20.270000457763672,20.2450008392334,20.260000228881836,21992,0.0,0.0,0.0
2024-01-09 15:30:00-05:00,20.25,20.260000228881836,20.25,20.2549991607666,14050,0.0,0.0,0.0
2024-01-10 09:30:00-05:00,20.260000228881836,20.290000915527344,20.219999313354492,20.22209930419922,68301,0.0,0.0,0.0
2024-01-10 10:30:00-05:00,20.235000610351562,20.260000228881836,20.220199584960938,20.220199584960938,30293,0.0,0.0,0.0
2024-01-10 11:30:00-05:00,20.209999084472656,20.239999771118164,20.209999084472656,20.225000381469727,262430,0.0,0.0,0.0
2024-01-10 12:30:00-05:00,20.219999313354492,20.219999313354492,20.18000030517578,20.18000030517578,22161,0.0,0.0,0.0
2024-01-10 13:30:00-05:00,20.190000534057617,20.200000762939453,20.170000076293945,20.179899215698242,163460,0.0,0.0,0.0
2024-01-10 14:30:00-05:00,20.190000534057617,20.21500015258789,20.190000534057617,20.192100524902344,25557,0.0,0.0,0.0
2024-01-10 15:30:00-05:00,20.19499969482422,20.200000762939453,20.184999465942383,20.200000762939453,10510,0.0,0.0,0.0
2024-01-11 09:30:00-05:00,20.270000457763672,20.309999465942383,20.219999313354492,20.270000457763672,137961,0.0,0.0,0.0
2024-01-11 10:30:00-05:00,20.290000915527344,20.290000915527344,20.1299991607666,20.149999618530273,83438,0.0,0.0,0.0
2024-01-11 11:30:00-05:00,20.139999389648438,20.170000076293945,20.100000381469727,20.1299991607666,48347,0.0,0.0,0.0
2024-01-11 12:30:00-05:00,20.1299991607666,20.1299991607666,20.100000381469727,20.120899200439453,21469,0.0,0.0,0.0
2024-01-11 13:30:00-05:00,20.114999771118164,20.209999084472656,20.101699829101562,20.209999084472656,62482,0.0,0.0,0.0
2024-01-11 14:30:00-05:00,20.209999084472656,20.239999771118164,20.209999084472656,20.229999542236328,126969,0.0,0.0,0.0
2024-01-11 15:30:00-05:00,20.235000610351562,20.25,20.225000381469727,20.239999771118164,33368,0.0,0.0,0.0
2024-01-12 09:30:00-05:00,20.540000915527344,20.59000015258789,20.520000457763672,20.548999786376953,101749,0.0,0.0,0.0
2024-01-12 10:30:00-05:00,20.540000915527344,20.540000915527344,20.479999542236328,20.519899368286133,39913,0.0,0.0,0.0
2024-01-12 11:30:00-05:00,20.517799377441406,20.517799377441406,20.399999618530273,20.399999618530273,38282,0.0,0.0,0.0
2024-01-12 12:30:00-05:00,20.399999618530273,20.450000762939453,20.3799991607666,20.440000534057617,47242,0.0,0.0,0.0
2024-01-12 13:30:00-05:00,20.439899444580078,20.454999923706055,20.420000076293945,20.454999923706055,38902,0.0,0.0,0.0
2024-01-12 14:30:00-05:00,20.450000762939453,20.450000762939453,20.432199478149414,20.434999465942383,18502,0.0,0.0,0.0
2024-01-12 15:30:00-05:00,20.43000030517578,20.440000534057617,20.43000030517578,20.440000534057617,16553,0.0,0.0,0.0
2024-01-16 09:30:00-05:00,20.3799991607666,20.389999389648438,20.34000015258789,20.354999542236328,91054,0.0,0.0,0.0
2024-01-16 10:30:00-05:00,20.350000381469727,20.3799991607666,20.290000915527344,20.329999923706055,92532,0.0,0.0,0.0
2024-01-16 11:30:00-05:00,20.329999923706055,20.329999923706055,20.219999313354492,20.229999542236328,82185,0.0,0.0,0.0
2024-01-16 12:30:00-05:00,20.219999313354492,20.25,20.219999313354492,20.22879981994629,56576,0.0,0.0,0.0
2024-01-16 13:30:00-05:00,20.229999542236328,20.25,20.202199935913086,20.239999771118164,46928,0.0,0.0,0.0
2024-01-16 14:30:00-05:00,20.2450008392334,20.260000228881836,20.235000610351562,20.246299743652344,59255,0.0,0.0,0.0
2024-01-16 15:30:00-05:00,20.242000579833984,20.25,20.239999771118164,20.25,29932,0.0,0.0,0.0
2024-01-17 09:30:00-05:00,20.190000534057617,20.190000534057617,20.059999465942383,20.059999465942383,97220,0.0,0.0,0.0
2024-01-17 10:30:00-05:00,20.049999237060547,20.079999923706055,20.021400451660156,20.06999969482422,29293,0.0,0.0,0.0
2024-01-17 11:30:00-05:00,20.057600021362305,20.057600021362305,20.010000228881836,20.010000228881836,66500,0.0,0.0,0.0
2024-01-17 12:30:00-05:00,20.0049991607666,20.040000915527344,19.989999771118164,19.989999771118164,28981,0.0,0.0,0.0
2024-01-17 13:30:00-05:00,20.009899139404297,20.028600692749023,19.989999771118164,20.014999389648438,56462,0.0,0.0,0.0
2024-01-17 14:30:00-05:00,20.010000228881836,20.028499603271484,20.010000228881836,20.020000457763672,19007,0.0,0.0,0.0
2024-01-17 15:30:00-05:00,20.020000457763672,20.030000686645508,20.014999389648438,20.020000457763672,9081,0.0,0.0,0.0
2024-01-18 09:30:00-05:00,20.079999923706055,20.110000610351562,20.06999969482422,20.100099563598633,141019,0.0,0.0,0.0
2024-01-18 10:30:00-05:00,20.100000381469727,20.139999389648438,20.094999313354492,20.139999389648438,120707,0.0,0.0,0.0
2024-01-18 11:30:00-05:00,20.135000228881836,20.135000228881836,20.097999572753906,20.110000610351562,53466,0.0,0.0,0.0
2024-01-18 12:30:00-05:00,20.110000610351562,20.170000076293945,20.110000610351562,20.149999618530273,43305,0.0,0.0,0.0
2024-01-18 13:30:00-05:00,20.149999618530273,20.170000076293945,20.149999618530273,20.165000915527344,55532,0.0,0.0,0.0
2024-01-18 14:30:00-05:00,20.15999984741211,20.17009925842285,20.159900665283203,20.17009925842285,21955,0.0,0.0,0.0
2024-01-18 15:30:00-05:00,20.18000030517578,20.190000534057617,20.18000030517578,20.184999465942383,21999,0.0,0.0,0.0
2024-01-19 09:30:00-05:00,20.290000915527344,20.290000915527344,20.200000762939453,20.219999313354492,356592,0.0,0.0,0.0
2024-01-19 10:30:00-05:00,20.219999313354492,20.25,20.209999084472656,20.219999313354492,50917,0.0,0.0,0.0
2024-01-19 11:30:00-05:00,20.209999084472656,20.239999771118164,20.200000762939453,20.239999771118164,42613,0.0,0.0,0.0
2024-01-19 12:30:00-05:00,20.239999771118164,20.2549991607666,20.229999542236328,20.229999542236328,48893,0.0,0.0,0.0
2024-01-19 13:30:00-05:00,20.229999542236328,20.2450008392334,20.229999542236328,20.242700576782227,33152,0.0,0.0,0.0
2024-01-19 14:30:00-05:00,20.25,20.260000228881836,20.241500854492188,20.25,51273,0.0,0.0,0.0
2024-01-19 15:30:00-05:00,20.24970054626465,20.25,20.239999771118164,20.2450008392334,17679,0.0,0.0,0.0
2024-01-22 09:30:00-05:00,20.170000076293945,20.225000381469727,20.1299991607666,20.219999313354492,80179,0.0,0.0,0.0
2024-01-22 10:30:00-05:00,20.219999313354492,20.219999313354492,20.190000534057617,20.190000534057617,52188,0.0,0.0,0.0
2024-01-22 11:30:00-05:00,20.19499969482422,20.204999923706055,20.190000534057617,20.204999923706055,41868,0.0,0.0,0.0
2024-01-22 12:30:00-05:00,20.200000762939453,20.200000762939453,20.170000076293945,20.170000076293945,161960,0.0,0.0,0.0
2024-01-22 13:30:00-05:00,20.18000030517578,20.18000030517578,20.151599884033203,20.165000915527344,22878,0.0,0.0,0.0
2024-01-22 14:30:00-05:00,20.165000915527344,20.18000030517578,20.15999984741211,20.170000076293945,169028,0.0,0.0,0.0
2024-01-22 15:30:00-05:00,20.165000915527344,20.18000030517578,20.165000915527344,20.174999237060547,5737,0.0,0.0,0.0
2024-01-23 09:30:00-05:00,20.200000762939453,20.229999542236328,20.18000030517578,20.209999084472656,221716,0.0,0.0,0.0
2024-01-23 10:30:00-05:00,20.209999084472656,20.239999771118164,20.200000762939453,20.229999542236328,47907,0.0,0.0,0.0
2024-01-23 11:30:00-05:00,20.209999084472656,20.228599548339844,20.20009994506836,20.209999084472656,38241,0.0,0.0,0.0
2024-01-23 12:30:00-05:00,20.20989990234375,20.209999084472656,20.190000534057617,20.199100494384766,31882,0.0,0.0,0.0
2024-01-23 13:30:00-05:00,20.209999084472656,20.250200271606445,20.209999084472656,20.25,18769,0.0,0.0,0.0
2024-01-23 14:30:00-05:00,20.25,20.270000457763672,20.25,20.259899139404297,33943,0.0,0.0,0.0
2024-01-23 15:30:00-05:00,20.2549991607666,20.259899139404297,20.2450008392334,20.2450008392334,23738,0.0,0.0,0.0
2024-01-24 09:30:00-05:00,20.270000457763672,20.290000915527344,20.15999984741211,20.170000076293945,369106,0.0,0.0,0.0
2024-01-24 10:30:00-05:00,20.165000915527344,20.170000076293945,20.079999923706055,20.110000610351562,128500,0.0,0.0,0.0
2024-01-24 11:30:00-05:00,20.110000610351562,20.139999389648438,20.09000015258789,20.139999389648438,68542,0.0,0.0,0.0
2024-01-24 12:30:00-05:00,20.135000228881836,20.15999984741211,20.100000381469727,20.11050033569336,133453,0.0,0.0,0.0
2024-01-24 13:30:00-05:00,20.110000610351562,20.112300872802734,20.079999923706055,20.084999084472656,30281,0.0,0.0,0.0
2024-01-24 14:30:00-05:00,20.090999603271484,20.100000381469727,20.079999923706055,20.0935001373291,11171,0.0,0.0,0.0
2024-01-24 15:30:00-05:00,20.099899291992188,20.100000381469727,20.079999923706055,20.09000015258789,39723,0.0,0.0,0.0
2024-01-25 09:30:00-05:00,20.18000030517578,20.209999084472656,20.15999984741211,20.170000076293945,375877,0.0,0.0,0.0
2024-01-25 10:30:00-05:00,20.15999984741211,20.174999237060547,20.1299991607666,20.1299991607666,141745,0.0,0.0,0.0
2024-01-25 11:30:00-05:00,20.1299991607666,20.1299991607666,20.099899291992188,20.1200008392334,50492,0.0,0.0,0.0
2024-01-25 12:30:00-05:00,20.1200008392334,20.149999618530273,20.100000381469727,20.149999618530273,44311,0.0,0.0,0.0
2024-01-25 13:30:00-05:00,20.139999389648438,20.139999389648438,20.100000381469727,20.138999938964844,82649,0.0,0.0,0.0
2024-01-25 14:30:00-05:00,20.145999908447266,20.149999618530273,20.13010025024414,20.135000228881836,95192,0.0,0.0,0.0
2024-01-25 15:30:00-05:00,20.139999389648438,20.170000076293945,20.139999389648438,20.165000915527344,43240,0.0,0.0,0.0
2024-01-26 09:30:00-05:00,20.15999984741211,20.190000534057617,20.1299991607666,20.145000457763672,132281,0.0,0.0,0.0
2024-01-26 10:30:00-05:00,20.147499084472656,20.15999984741211,20.125,20.140300750732422,86670,0.0,0.0,0.0
2024-01-26 11:30:00-05:00,20.149999618530273,20.15999984741211,20.131500244140625,20.139999389648438,41433,0.0,0.0,0.0
2024-01-26 12:30:00-05:00,20.139999389648438,20.139999389648438,20.125,20.1299991607666,37556,0.0,0.0,0.0
2024-01-26 13:30:00-05:00,20.139999389648438,20.145000457763672,20.1299991607666,20.1299991607666,33336,0.0,0.0,0.0
2024-01-26 14:30:00-05:00,20.1299991607666,20.149999618530273,20.1299991607666,20.139999389648438,30141,0.0,0.0,0.0
2024-01-26 15:30:00-05:00,20.149700164794922,20.15999984741211,20.149700164794922,20.149999618530273,20004,0.0,0.0,0.0
2024-01-29 09:30:00-05:00,20.290000915527344,20.290000915527344,20.170000076293945,20.18000030517578,120111,0.0,0.0,0.0
2024-01-29 10:30:00-05:00,20.190000534057617,20.229999542236328,20.190000534057617,20.219999313354492,44431,0.0,0.0,0.0
2024-01-29 11:30:00-05:00,20.229999542236328,20.264999389648438,20.229999542236328,20.260099411010742,25265,0.0,0.0,0.0
2024-01-29 12:30:00-05:00,20.260000228881836,20.274999618530273,20.225000381469727,20.225000381469727,33674,0.0,0.0,0.0
2024-01-29 13:30:00-05:00,20.22010040283203,20.2450008392334,20.219999313354492,20.239999771118164,8291,0.0,0.0,0.0
2024-01-29 14:30:00-05:00,20.229000091552734,20.309999465942383,20.229000091552734,20.297700881958008,45281,0.0,0.0,0.0
2024-01-29 15:30:00-05:00,20.290000915527344,20.295000076293945,20.27440071105957,20.28499984741211,31957,0.0,0.0,0.0
2024-01-30 09:30:00-05:00,20.43000030517578,20.440000534057617,20.260000228881836,20.290000915527344,328882,0.0,0.0,0.0
2024-01-30 10:30:00-05:00,20.280000686645508,20.299999237060547,20.270000457763672,20.290000915527344,293685,0.0,0.0,0.0
2024-01-30 11:30:00-05:00,20.290000915527344,20.329999923706055,20.290000915527344,20.31999969482422,99316,0.0,0.0,0.0
2024-01-30 12:30:00-05:00,20.312400817871094,20.312700271606445,20.280000686645508,20.290000915527344,40316,0.0,0.0,0.0
2024-01-30 13:30:00-05:00,20.290000915527344,20.321199417114258,20.280000686645508,20.321199417114258,23861,0.0,0.0,0.0
2024-01-30 14:30:00-05:00,20.31999969482422,20.329999923706055,20.31999969482422,20.325000762939453,43127,0.0,0.0,0.0
2024-01-30 15:30:00-05:00,20.329999923706055,20.329999923706055,20.31999969482422,20.325000762939453,7608,0.0,0.0,0.0
2024-01-31 09:30:00-05:00,20.389999389648438,20.520000457763672,20.389999389648438,20.489999771118164,161116,0.0,0.0,0.0
2024-01-31 10:30:00-05:00,20.489999771118164,20.500999450683594,20.440000534057617,20.469999313354492,73140,0.0,0.0,0.0
2024-01-31 11:30:00-05:00,20.469999313354492,20.475000381469727,20.440000534057617,20.4591007232666,45968,0.0,0.0,0.0
2024-01-31 12:30:00-05:00,20.459999084472656,20.467899322509766,20.44260025024414,20.44379997253418,66821,0.0,0.0,0.0
2024-01-31 13:30:00-05:00,20.450000762939453,20.450000762939453,20.360000610351562,20.3799991607666,137937,0.0,0.0,0.0
2024-01-31 14:30:00-05:00,20.389999389648438,20.459999084472656,20.290000915527344,20.309999465942383,106242,0.0,0.0,0.0
2024-01-31 15:30:00-05:00,20.290000915527344,20.315000534057617,20.274200439453125,20.30500030517578,44078,0.0,0.0,0.0
2024-02-01 09:30:00-05:00,20.450000762939453,20.469999313354492,20.3799991607666,20.459999084472656,205103,0.0,0.0,0.0
2024-02-01 10:30:00-05:00,20.450000762939453,20.56999969482422,20.450000762939453,20.559999465942383,112187,0.0,0.0,0.0
2024-02-01 11:30:00-05:00,20.56999969482422,20.61520004272461,20.55500030517578,20.56999969482422,217495,0.0,0.0,0.0
2024-02-01 12:30:00-05:00,20.56999969482422,20.579999923706055,20.479999542236328,20.5,56710,0.0,0.0,0.0
2024-02-01 13:30:00-05:00,20.510000228881836,20.549999237060547,20.510000228881836,20.530000686645508,58960,0.0,0.0,0.0
2024-02-01 14:30:00-05:00,20.520000457763672,20.530000686645508,20.5,20.510000228881836,122234,0.0,0.0,0.0
2024-02-01 15:30:00-05:00,20.518299102783203,20.520000457763672,20.510000228881836,20.514999389648438,70391,0.0,0.0,0.0
2024-02-02 09:30:00-05:00,20.270000457763672,20.31999969482422,20.24329948425293,20.270000457763672,125574,0.0,0.0,0.0
2024-02-02 10:30:00-05:00,20.270000457763672,20.329999923706055,20.260000228881836,20.31209945678711,42785,0.0,0.0,0.0
2024-02-02 11:30:00-05:00,20.309999465942383,20.329999923706055,20.299999237060547,20.309999465942383,19374,0.0,0.0,0.0
2024-02-02 12:30:00-05:00,20.31999969482422,20.34000015258789,20.312999725341797,20.329999923706055,10273,0.0,0.0,0.0
2024-02-02 13:30:00-05:00,20.329999923706055,20.350000381469727,20.329999923706055,20.34000015258789,220558,0.0,0.0,0.0
2024-02-02 14:30:00-05:00,20.334999084472656,20.350000381469727,20.334999084472656,20.34000015258789,158678,0.0,0.0,0.0
2024-02-02 15:30:00-05:00,20.34000015258789,20.34000015258789,20.31999969482422,20.31999969482422,19892,0.0,0.0,0.0
2024-02-05 09:30:00-05:00,20.139999389648438,20.190000534057617,20.131000518798828,20.15999984741211,65679,0.0,0.0,0.0
2024-02-05 10:30:00-05:00,20.15999984741211,20.15999984741211,20.1200008392334,20.15999984741211,67263,0.0,0.0,0.0
2024-02-05 11:30:00-05:00,20.170000076293945,20.19499969482422,20.170000076293945,20.190000534057617,61447,0.0,0.0,0.0
2024-02-05 12:30:00-05:00,20.200000762939453,20.235000610351562,20.200000762939453,20.223400115966797,24979,0.0,0.0,0.0
2024-02-05 13:30:00-05:00,20.229999542236328,20.229999542236328,20.219999313354492,20.229999542236328,7437,0.0,0.0,0.0
2024-02-05 14:30:00-05:00,20.230100631713867,20.238300323486328,20.200000762939453,20.209999084472656,29443,0.0,0.0,0.0
2024-02-05 15:30:00-05:00,20.21660041809082,20.229999542236328,20.209999084472656,20.209999084472656,11339,0.0,0.0,0.0
2024-02-06 09:30:00-05:00,20.260000228881836,20.34000015258789,20.239999771118164,20.320199966430664,126628,0.0,0.0,0.0
2024-02-06 10:30:00-05:00,20.31999969482422,20.34119987487793,20.31999969482422,20.32990074157715,29452,0.0,0.0,0.0
2024-02-06 11:30:00-05:00,20.329999923706055,20.350000381469727,20.290000915527344,20.299999237060547,43204,0.0,0.0,0.0
2024-02-06 12:30:00-05:00,20.309999465942383,20.350000381469727,20.305700302124023,20.309999465942383,13860,0.0,0.0,0.0
2024-02-06 13:30:00-05:00,20.31999969482422,20.32990074157715,20.309999465942383,20.32990074157715,12465,0.0,0.0,0.0
2024-02-06 14:30:00-05:00,20.329999923706055,20.329999923706055,20.31999969482422,20.329999923706055,12343,0.0,0.0,0.0
2024-02-06 15:30:00-05:00,20.31999969482422,20.325000762939453,20.315000534057617,20.31999969482422,12986,0.0,0.0,0.0
2024-02-07 09:30:00-05:00,20.299999237060547,20.40999984741211,20.290000915527344,20.346500396728516,229515,0.0,0.0,0.0
2024-02-07 10:30:00-05:00,20.360000610351562,20.3700008392334,20.34000015258789,20.360000610351562,86467,0.0,0.0,0.0
2024-02-07 11:30:00-05:00,20.360000610351562,20.360000610351562,20.30769920349121,20.309999465942383,66661,0.0,0.0,0.0
2024-02-07 12:30:00-05:00,20.299999237060547,20.34000015258789,20.299999237060547,20.31999969482422,77220,0.0,0.0,0.0
2024-02-07 13:30:00-05:00,20.31999969482422,20.329999923706055,20.309999465942383,20.31999969482422,33355,0.0,0.0,0.0
2024-02-07 14:30:00-05:00,20.31999969482422,20.31999969482422,20.309999465942383,20.31999969482422,16553,0.0,0.0,0.0
2024-02-07 15:30:00-05:00,20.31999969482422,20.31999969482422,20.309999465942383,20.309999465942383,18801,0.0,0.0,0.0
2024-02-08 09:30:00-05:00,20.239999771118164,20.299999237060547,20.239999771118164,20.260000228881836,193436,0.0,0.0,0.0
2024-02-08 10:30:00-05:00,20.270000457763672,20.299999237060547,20.260000228881836,20.260000228881836,102444,0.0,0.0,0.0
2024-02-08 11:30:00-05:00,20.260000228881836,20.290000915527344,20.249900817871094,20.280000686645508,53821,0.0,0.0,0.0
2024-02-08 12:30:00-05:00,20.280000686645508,20.31999969482422,20.280000686645508,20.299999237060547,70731,0.0,0.0,0.0
2024-02-08 13:30:00-05:00,20.290000915527344,20.299999237060547,20.280000686645508,20.299999237060547,20888,0.0,0.0,0.0
2024-02-08 14:30:00-05:00,20.290000915527344,20.299999237060547,20.280000686645508,20.299999237060547,13823,0.0,0.0,0.0
2024-02-08 15:30:00-05:00,20.299999237060547,20.299999237060547,20.290000915527344,20.295000076293945,25874,0.0,0.0,0.0
2024-02-09 09:30:00-05:00,20.219999313354492,20.229999542236328,20.190000534057617,20.200000762939453,165291,0.0,0.0,0.0
2024-02-09 10:30:00-05:00,20.200000762939453,20.209999084472656,20.170000076293945,20.18000030517578,122340,0.0,0.0,0.0
2024-02-09 11:30:00-05:00,20.18000030517578,20.200000762939453,20.170000076293945,20.190000534057617,63725,0.0,0.0,0.0
2024-02-09 12:30:00-05:00,20.190000534057617,20.229999542236328,20.190000534057617,20.209999084472656,26569,0.0,0.0,0.0
2024-02-09 13:30:00-05:00,20.200000762939453,20.229999542236328,20.190000534057617,20.219999313354492,75787,0.0,0.0,0.0
2024-02-09 14:30:00-05:00,20.210100173950195,20.229999542236328,20.204999923706055,20.229999542236328,22570,0.0,0.0,0.0
2024-02-09 15:30:00-05:00,20.219999313354492,20.219999313354492,20.209999084472656,20.209999084472656,18522,0.0,0.0,0.0
2024-02-12 09:30:00-05:00,20.1200008392334,20.149999618530273,20.100000381469727,20.114700317382812,87574,0.0,0.0,0.0
2024-02-12 10:30:00-05:00,20.110000610351562,20.114999771118164,20.088699340820312,20.110000610351562,134638,0.0,0.0,0.0
2024-02-12 11:30:00-05:00,20.1200008392334,20.142499923706055,20.11009979248047,20.142499923706055,6023,0.0,0.0,0.0
2024-02-12 12:30:00-05:00,20.143999099731445,20.170000076293945,20.139999389648438,20.15999984741211,29804,0.0,0.0,0.0
2024-02-12 13:30:00-05:00,20.155000686645508,20.188100814819336,20.155000686645508,20.16990089416504,13079,0.0,0.0,0.0
2024-02-12 14:30:00-05:00,20.155000686645508,20.165000915527344,20.155000686645508,20.165000915527344,19055,0.0,0.0,0.0
2024-02-12 15:30:00-05:00,20.15999984741211,20.170000076293945,20.149999618530273,20.165000915527344,11969,0.0,0.0,0.0
2024-02-13 09:30:00-05:00,19.979999542236328,19.979999542236328,19.868999481201172,19.90999984741211,201518,0.0,0.0,0.0
2024-02-13 10:30:00-05:00,19.899999618530273,19.920000076293945,19.8799991607666,19.920000076293945,48394,0.0,0.0,0.0
2024-02-13 11:30:00-05:00,19.905000686645508,19.940000534057617,19.899999618530273,19.899999618530273,42226,0.0,0.0,0.0
2024-02-13 12:30:00-05:00,19.908199310302734,19.920000076293945,19.890100479125977,19.90999984741211,62858,0.0,0.0,0.0
2024-02-13 13:30:00-05:00,19.91189956665039,19.920000076293945,19.885000228881836,19.889999389648438,71230,0.0,0.0,0.0
2024-02-13 14:30:00-05:00,19.8799991607666,19.899999618530273,19.8799991607666,19.89109992980957,22758,0.0,0.0,0.0
2024-02-13 15:30:00-05:00,19.895000457763672,19.898000717163086,19.889999389648438,19.895000457763672,9995,0.0,0.0,0.0
2024-02-14 09:30:00-05:00,19.8700008392334,19.8799991607666,19.809999465942383,19.841100692749023,82737,0.0,0.0,0.0
2024-02-14 10:30:00-05:00,19.834999084472656,19.875,19.820100784301758,19.8700008392334,59370,0.0,0.0,0.0
2024-02-14 11:30:00-05:00,19.889999389648438,19.895000457763672,19.8700008392334,19.885000228881836,67479,0.0,0.0,0.0
2024-02-14 12:30:00-05:00,19.8799991607666,19.924999237060547,19.8799991607666,19.8799991607666,48776,0.0,0.0,0.0
2024-02-14 13:30:00-05:00,19.885000228881836,19.889999389648438,19.874399185180664,19.875,12096,0.0,0.0,0.0
2024-02-14 14:30:00-05:00,19.875,19.889999389648438,19.864999771118164,19.869699478149414,32891,0.0,0.0,0.0
2024-02-14 15:30:00-05:00,19.862300872802734,19.8799991607666,19.862300872802734,19.875,7385,0.0,0.0,0.0
2024-02-15 09:30:00-05:00,20.0,20.049999237060547,19.985000610351562,20.040000915527344,269619,0.0,0.0,0.0
2024-02-15 10:30:00-05:00,20.03499984741211,20.03499984741211,19.959999084472656,19.959999084472656,118285,0.0,0.0,0.0
2024-02-15 11:30:00-05:00,19.954999923706055,19.985000610351562,19.950000762939453,19.985000610351562,69117,0.0,0.0,0.0
2024-02-15 12:30:00-05:00,19.9950008392334,20.009000778198242,19.989999771118164,20.0,30950,0.0,0.0,0.0
2024-02-15 13:30:00-05:00,19.994800567626953,20.029699325561523,19.994800567626953,20.020000457763672,19349,0.0,0.0,0.0
2024-02-15 14:30:00-05:00,20.010000228881836,20.020000457763672,20.0,20.0,15866,0.0,0.0,0.0
2024-02-15 15:30:00-05:00,20.010000228881836,20.010000228881836,20.0,20.010000228881836,8307,0.0,0.0,0.0
2024-02-16 09:30:00-05:00,20.0,20.020000457763672,19.920000076293945,20.020000457763672,80213,0.0,0.0,0.0
2024-02-16 10:30:00-05:00,20.020999908447266,20.075000762939453,20.020000457763672,20.049999237060547,82808,0.0,0.0,0.0
2024-02-16 11:30:00-05:00,20.049999237060547,20.075000762939453,20.040000915527344,20.06290054321289,76248,0.0,0.0,0.0
2024-02-16 12:30:00-05:00,20.06999969482422,20.114999771118164,20.06999969482422,20.09000015258789,49164,0.0,0.0,0.0
2024-02-16 13:30:00-05:00,20.084999084472656,20.114999771118164,20.084999084472656,20.110000610351562,13218,0.0,0.0,0.0
2024-02-16 14:30:00-05:00,20.110000610351562,20.114999771118164,20.079999923706055,20.084999084472656,39805,0.0,0.0,0.0
2024-02-16 15:30:00-05:00,20.09000015258789,20.100000381469727,20.079999923706055,20.079999923706055,17012,0.0,0.0,0.0
2024-02-20 09:30:00-05:00,20.260000228881836,20.260000228881836,20.229999542236328,20.260000228881836,69843,0.0,0.0,0.0
2024-02-20 10:30:00-05:00,20.260000228881836,20.264999389648438,20.225000381469727,20.240100860595703,39817,0.0,0.0,0.0
2024-02-20 11:30:00-05:00,20.25,20.25,20.219999313354492,20.225000381469727,3349,0.0,0.0,0.0
2024-02-20 12:30:00-05:00,20.229999542236328,20.2549991607666,20.229999542236328,20.239999771118164,11925,0.0,0.0,0.0
2024-02-20 13:30:00-05:00,20.239999771118164,20.239999771118164,20.229999542236328,20.229999542236328,11633,0.0,0.0,0.0
2024-02-20 14:30:00-05:00,20.235000610351562,20.239999771118164,20.200000762939453,20.204999923706055,11759,0.0,0.0,0.0
2024-02-20 15:30:00-05:00,20.204999923706055,20.209999084472656,20.200000762939453,20.204999923706055,4444,0.0,0.0,0.0
2024-02-21 09:30:00-05:00,20.260000228881836,20.260000228881836,20.239999771118164,20.260000228881836,43253,0.0,0.0,0.0
2024-02-21 10:30:00-05:00,20.2549991607666,20.2549991607666,20.200000762939453,20.209999084472656,33446,0.0,0.0,0.0
2024-02-21 11:30:00-05:00,20.209999084472656,20.219999313354492,20.190000534057617,20.190000534057617,26624,0.0,0.0,0.0
2024-02-21 12:30:00-05:00,20.190000534057617,20.204999923706055,20.190000534057617,20.200000762939453,5754,0.0,0.0,0.0
2024-02-21 13:30:00-05:00,20.189699172973633,20.219999313354492,20.176700592041016,20.219999313354492,29181,0.0,0.0,0.0
2024-02-21 14:30:00-05:00,20.209999084472656,20.229999542236328,20.209999084472656,20.21780014038086,10248,0.0,0.0,0.0
2024-02-21 15:30:00-05:00,20.211999893188477,20.225000381469727,20.209999084472656,20.209999084472656,5532,0.0,0.0,0.0
2024-02-22 09:30:00-05:00,20.219999313354492,20.219999313354492,20.170000076293945,20.170000076293945,223087,0.0,0.0,0.0
2024-02-22 10:30:00-05:00,20.170000076293945,20.209999084472656,20.170000076293945,20.190000534057617,70774,0.0,0.0,0.0
2024-02-22 11:30:00-05:00,20.184999465942383,20.200000762939453,20.165000915527344,20.199899673461914,87069,0.0,0.0,0.0
2024-02-22 12:30:00-05:00,20.200000762939453,20.204999923706055,20.16010093688965,20.172000885009766,56502,0.0,0.0,0.0
2024-02-22 13:30:00-05:00,20.170000076293945,20.190000534057617,20.170000076293945,20.190000534057617,44393,0.0,0.0,0.0
2024-02-22 14:30:00-05:00,20.190099716186523,20.200000762939453,20.190099716186523,20.199899673461914,3182,0.0,0.0,0.0
2024-02-22 15:30:00-05:00,20.200000762939453,20.209999084472656,20.19099998474121,20.209999084472656,15263,0.0,0.0,0.0
2024-02-23 09:30:00-05:00,20.209999084472656,20.25,20.209999084472656,20.239999771118164,58147,0.0,0.0,0.0
2024-02-23 10:30:00-05:00,20.23189926147461,20.30500030517578,20.23189926147461,20.299999237060547,19678,0.0,0.0,0.0
2024-02-23 11:30:00-05:00,20.31999969482422,20.350000381469727,20.31999969482422,20.34000015258789,30217,0.0,0.0,0.0
2024-02-23 12:30:00-05:00,20.34000015258789,20.360000610351562,20.329999923706055,20.360000610351562,75186,0.0,0.0,0.0
2024-02-23 13:30:00-05:00,20.350000381469727,20.3799991607666,20.350000381469727,20.354999542236328,47496,0.0,0.0,0.0
2024-02-23 14:30:00-05:00,20.354999542236328,20.354999542236328,20.320100784301758,20.329999923706055,11528,0.0,0.0,0.0
2024-02-23 15:30:00-05:00,20.329999923706055,20.329999923706055,20.320100784301758,20.329999923706055,75951,0.0,0.0,0.0
2024-02-26 09:30:00-05:00,20.25,20.25,20.219999313354492,20.229999542236328,62186,0.0,0.0,0.0
2024-02-26 10:30:00-05:00,20.219999313354492,20.260000228881836,20.219999313354492,20.239999771118164,81528,0.0,0.0,0.0
2024-02-26 11:30:00-05:00,20.239999771118164,20.25,20.229999542236328,20.239999771118164,26249,0.0,0.0,0.0
2024-02-26 12:30:00-05:00,20.24209976196289,20.264999389648438,20.232799530029297,20.264999389648438,136403,0.0,0.0,0.0
2024-02-26 13:30:00-05:00,20.264999389648438,20.270000457763672,20.25,20.2549991607666,140900,0.0,0.0,0.0
2024-02-26 14:30:00-05:00,20.2549991607666,20.290000915527344,20.2549991607666,20.290000915527344,44076,0.0,0.0,0.0
2024-02-26 15:30:00-05:00,20.299999237060547,20.299999237060547,20.28499984741211,20.290000915527344,44608,0.0,0.0,0.0
2024-02-27 09:30:00-05:00,20.31999969482422,20.344999313354492,20.309999465942383,20.31999969482422,97922,0.0,0.0,0.0
2024-02-27 10:30:00-05:00,20.309999465942383,20.31999969482422,20.280000686645508,20.299999237060547,54601,0.0,0.0,0.0
2024-02-27 11:30:00-05:00,20.299999237060547,20.309999465942383,20.270000457763672,20.270000457763672,53917,0.0,0.0,0.0
2024-02-27 12:30:00-05:00,20.270000457763672,20.329999923706055,20.270000457763672,20.310100555419922,42111,0.0,0.0,0.0
2024-02-27 13:30:00-05:00,20.299999237060547,20.305500030517578,20.270000457763672,20.274999618530273,45787,0.0,0.0,0.0
2024-02-27 14:30:00-05:00,20.270000457763672,20.274999618530273,20.25,20.2549991607666,23287,0.0,0.0,0.0
2024-02-27 15:30:00-05:00,20.260000228881836,20.270000457763672,20.259899139404297,20.264999389648438,59106,0.0,0.0,0.0
2024-02-28 09:30:00-05:00,20.309999465942383,20.309999465942383,20.270000457763672,20.299999237060547,97946,0.0,0.0,0.0
2024-02-28 10:30:00-05:00,20.299999237060547,20.309999465942383,20.280000686645508,20.299999237060547,79158,0.0,0.0,0.0
2024-02-28 11:30:00-05:00,20.295000076293945,20.31999969482422,20.280000686645508,20.30500030517578,31070,0.0,0.0,0.0
2024-02-28 12:30:00-05:00,20.299999237060547,20.309999465942383,20.290000915527344,20.299999237060547,23708,0.0,0.0,0.0
2024-02-28 13:30:00-05:00,20.299999237060547,20.299999237060547,20.27199935913086,20.280000686645508,45116,0.0,0.0,0.0
2024-02-28 14:30:00-05:00,20.280000686645508,20.30500030517578,20.277299880981445,20.30500030517578,18558,0.0,0.0,0.0
2024-02-28 15:30:00-05:00,20.30500030517578,20.309999465942383,20.299999237060547,20.299999237060547,0,0.0,0.0,0.0
2024-02-29 09:30:00-05:00,20.450000762939453,20.469999313354492,20.42009925842285,20.450000762939453,197072,0.0,0.0,0.0
2024-02-29 10:30:00-05:00,20.450000762939453,20.459999084472656,20.41119956970215,20.420000076293945,29835,0.0,0.0,0.0
2024-02-29 11:30:00-05:00,20.40999984741211,20.43000030517578,20.40999984741211,20.40999984741211,38963,0.0,0.0,0.0
2024-02-29 12:30:00-05:00,20.399999618530273,20.43000030517578,20.399999618530273,20.43000030517578,16183,0.0,0.0,0.0
2024-02-29 13:30:00-05:00,20.421300888061523,20.43000030517578,20.420000076293945,20.424999237060547,32788,0.0,0.0,0.0
2024-02-29 14:30:00-05:00,20.43000030517578,20.43000030517578,20.405000686645508,20.40999984741211,156438,0.0,0.0,0.0
2024-02-29 15:30:00-05:00,20.40999984741211,20.40999984741211,20.399999618530273,20.399999618530273,7401,0.0,0.0,0.0
2024-03-01 09:30:00-05:00,20.510000228881836,20.59000015258789,20.424999237060547,20.59000015258789,214461,0.0,0.0,0.0
2024-03-01 10:30:00-05:00,20.59000015258789,20.729999542236328,20.59000015258789,20.709999084472656,138060,0.0,0.0,0.0
2024-03-01 11:30:00-05:00,20.704999923706055,20.81999969482422,20.704999923706055,20.799999237060547,131960,0.0,0.0,0.0
2024-03-01 12:30:00-05:00,20.799999237060547,20.84000015258789,20.789899826049805,20.829999923706055,59422,0.0,0.0,0.0
2024-03-01 13:30:00-05:00,20.820899963378906,20.842100143432617,20.815000534057617,20.81999969482422,41691,0.0,0.0,0.0
2024-03-01 14:30:00-05:00,20.81999969482422,20.829999923706055,20.800100326538086,20.809999465942383,87849,0.0,0.0,0.0
2024-03-01 15:30:00-05:00,20.802200317382812,20.809999465942383,20.795000076293945,20.795000076293945,31513,0.0,0.0,0.0
2024-03-04 09:30:00-05:00,20.93000030517578,20.989999771118164,20.905000686645508,20.969999313354492,147897,0.0,0.0,0.0
2024-03-04 10:30:00-05:00,20.969999313354492,21.110000610351562,20.969999313354492,21.094999313354492,105681,0.0,0.0,0.0
2024-03-04 11:30:00-05:00,21.100000381469727,21.15999984741211,21.100000381469727,21.1299991607666,64762,0.0,0.0,0.0
2024-03-04 12:30:00-05:00,21.1299991607666,21.139999389648438,21.125,21.139999389648438,52500,0.0,0.0,0.0
2024-03-04 13:30:00-05:00,21.1299991607666,21.1299991607666,21.097000122070312,21.1200008392334,186053,0.0,0.0,0.0
2024-03-04 14:30:00-05:00,21.1200008392334,21.135000228881836,21.1200008392334,21.135000228881836,20104,0.0,0.0,0.0
2024-03-04 15:30:00-05:00,21.138599395751953,21.145000457763672,21.125,21.1299991607666,101365,0.0,0.0,0.0
2024-03-05 09:30:00-05:00,21.290000915527344,21.350000381469727,21.219999313354492,21.270000457763672,294465,0.0,0.0,0.0
2024-03-05 10:30:00-05:00,21.264999389648438,21.299999237060547,21.209999084472656,21.225000381469727,98943,0.0,0.0,0.0
2024-03-05 11:30:00-05:00,21.229999542236328,21.25,21.200199127197266,21.25,50282,0.0,0.0,0.0
2024-03-05 12:30:00-05:00,21.25200080871582,21.299999237060547,21.239999771118164,21.299999237060547,44827,0.0,0.0,0.0
2024-03-05 13:30:00-05:00,21.290000915527344,21.309999465942383,21.264999389648438,21.299999237060547,33160,0.0,0.0,0.0
2024-03-05 14:30:00-05:00,21.290000915527344,21.290000915527344,21.25,21.270000457763672,23143,0.0,0.0,0.0
2024-03-05 15:30:00-05:00,21.268999099731445,21.268999099731445,21.241899490356445,21.260000228881836,44264,0.0,0.0,0.0
2024-03-06 09:30:00-05:00,21.360000610351562,21.450000762939453,21.290000915527344,21.3700008392334,453703,0.0,0.0,0.0
2024-03-06 10:30:00-05:00,21.3700008392334,21.440000534057617,21.350000381469727,21.429899215698242,130768,0.0,0.0,0.0
2024-03-06 11:30:00-05:00,21.420000076293945,21.450000762939453,21.389999389648438,21.400100708007812,169893,0.0,0.0,0.0
2024-03-06 12:30:00-05:00,21.399999618530273,21.469999313354492,21.3799991607666,21.469999313354492,122895,0.0,0.0,0.0
2024-03-06 13:30:00-05:00,21.469999313354492,21.479999542236328,21.3700008392334,21.375,85448,0.0,0.0,0.0
2024-03-06 14:30:00-05:00,21.3700008392334,21.40999984741211,21.360000610351562,21.40519905090332,39140,0.0,0.0,0.0
2024-03-06 15:30:00-05:00,21.40999984741211,21.43000030517578,21.40999984741211,21.43000030517578,20748,0.0,0.0,0.0
2024-03-07 09:30:00-05:00,21.5,21.530000686645508,21.440000534057617,21.479999542236328,243762,0.0,0.0,0.0
2024-03-07 10:30:00-05:00,21.489999771118164,21.540000915527344,21.454999923706055,21.540000915527344,168007,0.0,0.0,0.0
2024-03-07 11:30:00-05:00,21.530000686645508,21.549999237060547,21.514999389648438,21.530000686645508,63625,0.0,0.0,0.0
2024-03-07 12:30:00-05:00,21.530000686645508,21.549999237060547,21.514999389648438,21.540000915527344,0,0.0,0.0,0.0
2024-03-07 13:30:00-05:00,21.540000915527344,21.549999237060547,21.524999618530273,21.549999237060547,886538,0.0,0.0,0.0
2024-03-07 14:30:00-05:00,21.549999237060547,21.56999969482422,21.540000915527344,21.559999465942383,31401,0.0,0.0,0.0
2024-03-07 15:30:00-05:00,21.569000244140625,21.569000244140625,21.540000915527344,21.540000915527344,32789,0.0,0.0,0.0
2024-03-08 09:30:00-05:00,21.65999984741211,21.690000534057617,21.610000610351562,21.65999984741211,241221,0.0,0.0,0.0
2024-03-08 10:30:00-05:00,21.65999984741211,21.729999542236328,21.65999984741211,21.700000762939453,103148,0.0,0.0,0.0
2024-03-08 11:30:00-05:00,21.709999084472656,21.90999984741211,21.709999084472656,21.889999389648438,233676,0.0,0.0,0.0
2024-03-08 12:30:00-05:00,21.899999618530273,21.90999984741211,21.729999542236328,21.7450008392334,115125,0.0,0.0,0.0
2024-03-08 13:30:00-05:00,21.75,21.757400512695312,21.649999618530273,21.71500015258789,78168,0.0,0.0,0.0
2024-03-08 14:30:00-05:00,21.719999313354492,21.739999771118164,21.71500015258789,21.729999542236328,42891,0.0,0.0,0.0
2024-03-08 15:30:00-05:00,21.725000381469727,21.739999771118164,21.719999313354492,21.729999542236328,21583,0.0,0.0,0.0
2024-03-11 09:30:00-04:00,21.75,21.80500030517578,21.719999313354492,21.770000457763672,162520,0.0,0.0,0.0
2024-03-11 10:30:00-04:00,21.770000457763672,21.809999465942383,21.760000228881836,21.799999237060547,238024,0.0,0.0,0.0
2024-03-11 11:30:00-04:00,21.795000076293945,21.81999969482422,21.774999618530273,21.780000686645508,55777,0.0,0.0,0.0
2024-03-11 12:30:00-04:00,21.774999618530273,21.795000076293945,21.7450008392334,21.780000686645508,36577,0.0,0.0,0.0
2024-03-11 13:30:00-04:00,21.78499984741211,21.78499984741211,21.739999771118164,21.739999771118164,8356,0.0,0.0,0.0
2024-03-11 14:30:00-04:00,21.739999771118164,21.799999237060547,21.735000610351562,21.795000076293945,11053,0.0,0.0,0.0
2024-03-11 15:30:00-04:00,21.790000915527344,21.795000076293945,21.770000457763672,21.770000457763672,71895,0.0,0.0,0.0
2024-03-12 09:30:00-04:00,21.610000610351562,21.610000610351562,21.489999771118164,21.56999969482422,312611,0.0,0.0,0.0
2024-03-12 10:30:00-04:00,21.56999969482422,21.6200008392334,21.540000915527344,21.559999465942383,428257,0.0,0.0,0.0
2024-03-12 11:30:00-04:00,21.568300247192383,21.610000610351562,21.559999465942383,21.59000015258789,73761,0.0,0.0,0.0
2024-03-12 12:30:00-04:00,21.584999084472656,21.625,21.559999465942383,21.565000534057617,89922,0.0,0.0,0.0
2024-03-12 13:30:00-04:00,21.56999969482422,21.56999969482422,21.4950008392334,21.514999389648438,176893,0.0,0.0,0.0
2024-03-12 14:30:00-04:00,21.514999389648438,21.530000686645508,21.469999313354492,21.5049991607666,192052,0.0,0.0,0.0
2024-03-12 15:30:00-04:00,21.514999389648438,21.53499984741211,21.514999389648438,21.53499984741211,61989,0.0,0.0,0.0
2024-03-13 09:30:00-04:00,21.59000015258789,21.670000076293945,21.59000015258789,21.638500213623047,232119,0.0,0.0,0.0
2024-03-13 10:30:00-04:00,21.6299991607666,21.709999084472656,21.6200008392334,21.709999084472656,45369,0.0,0.0,0.0
2024-03-13 11:30:00-04:00,21.70509910583496,21.70509910583496,21.65999984741211,21.699899673461914,60022,0.0,0.0,0.0
2024-03-13 12:30:00-04:00,21.696300506591797,21.760000228881836,21.68000030517578,21.709999084472656,77677,0.0,0.0,0.0
2024-03-13 13:30:00-04:00,21.709999084472656,21.735000610351562,21.704999923706055,21.71500015258789,62238,0.0,0.0,0.0
2024-03-13 14:30:00-04:00,21.719999313354492,21.725000381469727,21.690099716186523,21.704999923706055,59637,0.0,0.0,0.0
2024-03-13 15:30:00-04:00,21.704999923706055,21.704999923706055,21.68000030517578,21.690000534057617,91994,0.0,0.0,0.0
2024-03-14 09:30:00-04:00,21.600000381469727,21.600000381469727,21.530000686645508,21.56999969482422,156874,0.0,0.0,0.0
2024-03-14 10:30:00-04:00,21.579999923706055,21.59000015258789,21.53499984741211,21.540000915527344,44657,0.0,0.0,0.0
2024-03-14 11:30:00-04:00,21.540000915527344,21.55500030517578,21.489999771118164,21.55500030517578,80737,0.0,0.0,0.0
2024-03-14 12:30:00-04:00,21.55500030517578,21.600000381469727,21.540000915527344,21.59000015258789,65516,0.0,0.0,0.0
2024-03-14 13:30:00-04:00,21.584999084472656,21.587600708007812,21.559999465942383,21.575000762939453,42909,0.0,0.0,0.0
2024-03-14 14:30:00-04:00,21.57819938659668,21.579999923706055,21.565000534057617,21.579999923706055,12016,0.0,0.0,0.0
2024-03-14 15:30:00-04:00,21.575000762939453,21.59000015258789,21.575000762939453,21.59000015258789,84028,0.0,0.0,0.0
2024-03-15 09:30:00-04:00,21.549999237060547,21.59000015258789,21.530000686645508,21.56879997253418,139763,0.0,0.0,0.0
2024-03-15 10:30:00-04:00,21.56999969482422,21.610000610351562,21.559999465942383,21.579999923706055,61726,0.0,0.0,0.0
2024-03-15 11:30:00-04:00,21.575000762939453,21.59000015258789,21.545000076293945,21.586299896240234,116991,0.0,0.0,0.0
2024-03-15 12:30:00-04:00,21.584999084472656,21.600000381469727,21.530000686645508,21.53499984741211,234999,0.0,0.0,0.0
2024-03-15 13:30:00-04:00,21.530000686645508,21.540000915527344,21.510000228881836,21.539899826049805,114880,0.0,0.0,0.0
2024-03-15 14:30:00-04:00,21.545000076293945,21.55500030517578,21.530000686645508,21.540000915527344,40778,0.0,0.0,0.0
2024-03-15 15:30:00-04:00,21.53499984741211,21.53969955444336,21.520000457763672,21.520000457763672,30024,0.0,0.0,0.0
2024-03-18 09:30:00-04:00,21.530000686645508,21.565000534057617,21.520000457763672,21.55500030517578,205763,0.0,0.0,0.0
2024-03-18 10:30:00-04:00,21.549999237060547,21.565000534057617,21.540000915527344,21.565000534057617,73039,0.0,0.0,0.0
2024-03-18 11:30:00-04:00,21.564899444580078,21.565000534057617,21.510000228881836,21.540000915527344,107777,0.0,0.0,0.0
2024-03-18 12:30:00-04:00,21.540000915527344,21.565000534057617,21.53499984741211,21.559999465942383,36672,0.0,0.0,0.0
2024-03-18 13:30:00-04:00,21.559999465942383,21.559999465942383,21.549999237060547,21.55500030517578,38325,0.0,0.0,0.0
2024-03-18 14:30:00-04:00,21.55500030517578,21.56999969482422,21.55500030517578,21.56999969482422,19293,0.0,0.0,0.0
2024-03-18 15:30:00-04:00,21.565000534057617,21.565000534057617,21.55500030517578,21.559999465942383,7914,0.0,0.0,0.0
2024-03-19 09:30:00-04:00,21.530000686645508,21.530000686645508,21.440000534057617,21.48979949951172,132589,0.0,0.0,0.0
2024-03-19 10:30:00-04:00,21.489999771118164,21.515100479125977,21.469999313354492,21.489999771118164,64958,0.0,0.0,0.0
2024-03-19 11:30:00-04:00,21.489999771118164,21.510000228881836,21.479999542236328,21.510000228881836,14275,0.0,0.0,0.0
2024-03-19 12:30:00-04:00,21.510000228881836,21.524999618530273,21.489999771118164,21.524999618530273,48272,0.0,0.0,0.0
2024-03-19 13:30:00-04:00,21.520000457763672,21.530000686645508,21.514999389648438,21.514999389648438,13424,0.0,0.0,0.0
2024-03-19 14:30:00-04:00,21.530000686645508,21.53499984741211,21.520000457763672,21.530099868774414,4733,0.0,0.0,0.0
2024-03-19 15:30:00-04:00,21.530099868774414,21.540000915527344,21.524999618530273,21.540000915527344,12278,0.0,0.0,0.0
2024-03-20 09:30:00-04:00,21.5,21.604999542236328,21.469999313354492,21.575000762939453,213611,0.0,0.0,0.0
2024-03-20 10:30:00-04:00,21.56999969482422,21.56999969482422,21.520000457763672,21.524999618530273,107966,0.0,0.0,0.0
2024-03-20 11:30:00-04:00,21.520000457763672,21.540000915527344,21.5049991607666,21.530000686645508,39396,0.0,0.0,0.0
2024-03-20 12:30:00-04:00,21.53499984741211,21.549999237060547,21.530000686645508,21.53499984741211,28712,0.0,0.0,0.0
2024-03-20 13:30:00-04:00,21.540000915527344,21.709999084472656,21.530000686645508,21.635000228881836,207352,0.0,0.0,0.0
2024-03-20 14:30:00-04:00,21.649999618530273,21.84000015258789,21.59000015258789,21.84000015258789,323479,0.0,0.0,0.0
2024-03-20 15:30:00-04:00,21.829999923706055,21.834999084472656,21.764999389648438,21.780000686645508,61897,0.0,0.0,0.0
2024-03-21 09:30:00-04:00,21.989999771118164,21.989999771118164,21.719999313354492,21.719999313354492,379755,0.0,0.0,0.0
2024-03-21 10:30:00-04:00,21.739999771118164,21.770000457763672,21.6299991607666,21.6299991607666,147505,0.0,0.0,0.0
2024-03-21 11:30:00-04:00,21.639999389648438,21.739999771118164,21.639999389648438,21.735000610351562,113119,0.0,0.0,0.0
2024-03-21 12:30:00-04:00,21.739999771118164,21.79990005493164,21.719999313354492,21.790000915527344,80376,0.0,0.0,0.0
2024-03-21 13:30:00-04:00,21.780000686645508,21.78499984741211,21.7549991607666,21.770000457763672,40006,0.0,0.0,0.0
2024-03-21 14:30:00-04:00,21.774999618530273,21.795000076293945,21.774999618530273,21.780000686645508,15591,0.0,0.0,0.0
2024-03-21 15:30:00-04:00,21.780000686645508,21.780000686645508,21.764999389648438,21.764999389648438,19739,0.0,0.0,0.0
2024-03-22 09:30:00-04:00,21.729999542236328,21.760000228881836,21.690000534057617,21.704999923706055,196685,0.0,0.0,0.0
2024-03-22 10:30:00-04:00,21.700000762939453,21.71269989013672,21.6299991607666,21.649999618530273,64808,0.0,0.0,0.0
2024-03-22 11:30:00-04:00,21.639999389648438,21.639999389648438,21.610000610351562,21.614999771118164,63527,0.0,0.0,0.0
2024-03-22 12:30:00-04:00,21.610000610351562,21.610000610351562,21.530000686645508,21.540000915527344,112781,0.0,0.0,0.0
2024-03-22 13:30:00-04:00,21.540000915527344,21.604999542236328,21.540000915527344,21.604999542236328,38143,0.0,0.0,0.0
2024-03-22 14:30:00-04:00,21.600000381469727,21.600000381469727,21.579999923706055,21.584999084472656,14573,0.0,0.0,0.0
2024-03-22 15:30:00-04:00,21.59000015258789,21.610000610351562,21.586299896240234,21.600000381469727,25193,0.0,0.0,0.0
2024-03-25 09:30:00-04:00,21.68000030517578,21.770000457763672,21.68000030517578,21.729999542236328,69925,0.0,0.0,0.0
2024-03-25 10:30:00-04:00,21.719999313354492,21.739999771118164,21.71500015258789,21.71500015258789,29369,0.0,0.0,0.0
2024-03-25 11:30:00-04:00,21.71500015258789,21.735000610351562,21.709999084472656,21.735000610351562,24762,0.0,0.0,0.0
2024-03-25 12:30:00-04:00,21.732099533081055,21.735000610351562,21.709999084472656,21.709999084472656,17210,0.0,0.0,0.0
2024-03-25 13:30:00-04:00,21.709999084472656,21.719999313354492,21.690000534057617,21.699899673461914,8459,0.0,0.0,0.0
2024-03-25 14:30:00-04:00,21.693300247192383,21.700000762939453,21.670000076293945,21.68000030517578,145048,0.0,0.0,0.0
2024-03-25 15:30:00-04:00,21.684999465942383,21.684999465942383,21.665000915527344,21.670000076293945,22765,0.0,0.0,0.0
2024-03-26 09:30:00-04:00,21.84000015258789,21.850000381469727,21.75,21.780000686645508,198539,0.0,0.0,0.0
2024-03-26 10:30:00-04:00,21.780000686645508,21.791200637817383,21.709999084472656,21.739999771118164,190100,0.0,0.0,0.0
2024-03-26 11:30:00-04:00,21.729999542236328,21.729999542236328,21.68000030517578,21.722999572753906,128060,0.0,0.0,0.0
2024-03-26 12:30:00-04:00,21.725000381469727,21.739999771118164,21.719999313354492,21.729999542236328,36830,0.0,0.0,0.0
2024-03-26 13:30:00-04:00,21.729999542236328,21.75,21.719999313354492,21.719999313354492,13901,0.0,0.0,0.0
2024-03-26 14:30:00-04:00,21.729999542236328,21.739999771118164,21.725000381469727,21.726600646972656,20954,0.0,0.0,0.0
2024-03-26 15:30:00-04:00,21.729999542236328,21.739999771118164,21.729999542236328,21.735000610351562,0,0.0,0.0,0.0
2024-03-27 09:30:00-04:00,21.809999465942383,21.895000457763672,21.809999465942383,21.8799991607666,156854,0.0,0.0,0.0
2024-03-27 10:30:00-04:00,21.8799991607666,21.905000686645508,21.860000610351562,21.860000610351562,51976,0.0,0.0,0.0
2024-03-27 11:30:00-04:00,21.850000381469727,21.875,21.84000015258789,21.8700008392334,41962,0.0,0.0,0.0
2024-03-27 12:30:00-04:00,21.875,21.895000457763672,21.864999771118164,21.8700008392334,47523,0.0,0.0,0.0
2024-03-27 13:30:00-04:00,21.8700008392334,21.8700008392334,21.844999313354492,21.854999542236328,37035,0.0,0.0,0.0
2024-03-27 14:30:00-04:00,21.860000610351562,21.8799991607666,21.860000610351562,21.864999771118164,13200,0.0,0.0,0.0
2024-03-27 15:30:00-04:00,21.864999771118164,21.899999618530273,21.864999771118164,21.895000457763672,26385,0.0,0.0,0.0
2024-03-28 09:30:00-04:00,22.059999465942383,22.059999465942383,21.979999542236328,22.020000457763672,381196,0.0,0.0,0.0
2024-03-28 10:30:00-04:00,22.024999618530273,22.125,22.024999618530273,22.110000610351562,140209,0.0,0.0,0.0
2024-03-28 11:30:00-04:00,22.110000610351562,22.139999389648438,22.09000015258789,22.139999389648438,59908,0.0,0.0,0.0
2024-03-28 12:30:00-04:00,22.149999618530273,22.209999084472656,22.1200008392334,22.129899978637695,78011,0.0,0.0,0.0
2024-03-28 13:30:00-04:00,22.139999389648438,22.18000030517578,22.139999389648438,22.170000076293945,25555,0.0,0.0,0.0
2024-03-28 14:30:00-04:00,22.170000076293945,22.170000076293945,22.139999389648438,22.15999984741211,25424,0.0,0.0,0.0
2024-03-28 15:30:00-04:00,22.155000686645508,22.18000030517578,22.142000198364258,22.174999237060547,39870,0.0,0.0,0.0
2024-04-01 09:30:00-04:00,22.510000228881836,22.510000228881836,22.274999618530273,22.28499984741211,304636,0.0,0.0,0.0
2024-04-01 10:30:00-04:00,22.280000686645508,22.354999542236328,22.25,22.354999542236328,105772,0.0,0.0,0.0
2024-04-01 11:30:00-04:00,22.350000381469727,22.385000228881836,22.33139991760254,22.3799991607666,65581,0.0,0.0,0.0
2024-04-01 12:30:00-04:00,22.3799991607666,22.389999389648438,22.30500030517578,22.329999923706055,51730,0.0,0.0,0.0
2024-04-01 13:30:00-04:00,22.329999923706055,22.3700008392334,22.329999923706055,22.3700008392334,39708,0.0,0.0,0.0
2024-04-01 14:30:00-04:00,22.360000610351562,22.375,22.350000381469727,22.3700008392334,62542,0.0,0.0,0.0
2024-04-01 15:30:00-04:00,22.3700008392334,22.399999618530273,22.350099563598633,22.399999618530273,123569,0.0,0.0,0.0
2024-04-02 09:30:00-04:00,22.549999237060547,22.729999542236328,22.53499984741211,22.719999313354492,350924,0.0,0.0,0.0
2024-04-02 10:30:00-04:00,22.71500015258789,22.719999313354492,22.5,22.510000228881836,212590,0.0,0.0,0.0
2024-04-02 11:30:00-04:00,22.5,22.559999465942383,22.459999084472656,22.540000915527344,108994,0.0,0.0,0.0
2024-04-02 12:30:00-04:00,22.549999237060547,22.575000762939453,22.549999237060547,22.566499710083008,19256,0.0,0.0,0.0
2024-04-02 13:30:00-04:00,22.56999969482422,22.68000030517578,22.565000534057617,22.670000076293945,128025,0.0,0.0,0.0
2024-04-02 14:30:00-04:00,22.670000076293945,22.704999923706055,22.639999389648438,22.69499969482422,22857,0.0,0.0,0.0
2024-04-02 15:30:00-04:00,22.690000534057617,22.749799728393555,22.684999465942383,22.735000610351562,69544,0.0,0.0,0.0
2024-04-03 09:30:00-04:00,22.709999084472656,22.809999465942383,22.68000030517578,22.739999771118164,291328,0.0,0.0,0.0
2024-04-03 10:30:00-04:00,22.719999313354492,22.829999923706055,22.700000762939453,22.829999923706055,136610,0.0,0.0,0.0
2024-04-03 11:30:00-04:00,22.81999969482422,22.8700008392334,22.760000228881836,22.860000610351562,137796,0.0,0.0,0.0
2024-04-03 12:30:00-04:00,22.875,22.905000686645508,22.850000381469727,22.905000686645508,105909,0.0,0.0,0.0
2024-04-03 13:30:00-04:00,22.90130043029785,22.90999984741211,22.875,22.899999618530273,47146,0.0,0.0,0.0
2024-04-03 14:30:00-04:00,22.899999618530273,22.940000534057617,22.899999618530273,22.915000915527344,62073,0.0,0.0,0.0
2024-04-03 15:30:00-04:00,22.915000915527344,22.93000030517578,22.90519905090332,22.924999237060547,66058,0.0,0.0,0.0
2024-04-04 09:30:00-04:00,22.860000610351562,22.93000030517578,22.799999237060547,22.920000076293945,247805,0.0,0.0,0.0
2024-04-04 10:30:00-04:00,22.924999237060547,22.950000762939453,22.8799991607666,22.895000457763672,140611,0.0,0.0,0.0
2024-04-04 11:30:00-04:00,22.895000457763672,22.895000457763672,22.850000381469727,22.864999771118164,189040,0.0,0.0,0.0
2024-04-04 12:30:00-04:00,22.875,22.875,22.825000762939453,22.850000381469727,91663,0.0,0.0,0.0
2024-04-04 13:30:00-04:00,22.854999542236328,22.979999542236328,22.854999542236328,22.959999084472656,164605,0.0,0.0,0.0
2024-04-04 14:30:00-04:00,22.950000762939453,23.010000228881836,22.8799991607666,22.905000686645508,217385,0.0,0.0,0.0
2024-04-04 15:30:00-04:00,22.90999984741211,22.90999984741211,22.760000228881836,22.809999465942383,311944,0.0,0.0,0.0
2024-04-05 09:30:00-04:00,22.920000076293945,23.06999969482422,22.8799991607666,23.06999969482422,570075,0.0,0.0,0.0
2024-04-05 10:30:00-04:00,23.079999923706055,23.229999542236328,23.059999465942383,23.209999084472656,427154,0.0,0.0,0.0
2024-04-05 11:30:00-04:00,23.209999084472656,23.25,23.18000030517578,23.209999084472656,244348,0.0,0.0,0.0
2024-04-05 12:30:00-04:00,23.209999084472656,23.259700775146484,23.200000762939453,23.209999084472656,181805,0.0,0.0,0.0
2024-04-05 13:30:00-04:00,23.219999313354492,23.239999771118164,23.19499969482422,23.229999542236328,99646,0.0,0.0,0.0
2024-04-05 14:30:00-04:00,23.21299934387207,23.225000381469727,23.162399291992188,23.190000534057617,157381,0.0,0.0,0.0
2024-04-05 15:30:00-04:00,23.190000534057617,23.19499969482422,23.170000076293945,23.190000534057617,74010,0.0,0.0,0.0
2024-04-08 09:30:00-04:00,23.290000915527344,23.30500030517578,23.139999389648438,23.219999313354492,370761,0.0,0.0,0.0
2024-04-08 10:30:00-04:00,23.209999084472656,23.270000457763672,23.200000762939453,23.264999389648438,153545,0.0,0.0,0.0
2024-04-08 11:30:00-04:00,23.264999389648438,23.270000457763672,23.21500015258789,23.2450008392334,46677,0.0,0.0,0.0
2024-04-08 12:30:00-04:00,23.24169921875,23.274999618530273,23.21500015258789,23.274599075317383,52500,0.0,0.0,0.0
2024-04-08 13:30:00-04:00,23.280000686645508,23.375,23.280000686645508,23.367599487304688,90290,0.0,0.0,0.0
2024-04-08 14:30:00-04:00,23.3700008392334,23.3700008392334,23.329999923706055,23.354999542236328,62038,0.0,0.0,0.0
2024-04-08 15:30:00-04:00,23.350000381469727,23.354999542236328,23.324899673461914,23.334999084472656,72609,0.0,0.0,0.0
2024-04-09 09:30:00-04:00,23.489999771118164,23.59000015258789,23.485000610351562,23.56999969482422,322734,0.0,0.0,0.0
2024-04-09 10:30:00-04:00,23.56999969482422,23.59000015258789,23.395000457763672,23.420000076293945,466547,0.0,0.0,0.0
2024-04-09 11:30:00-04:00,23.41189956665039,23.434999465942383,23.34000015258789,23.420000076293945,136038,0.0,0.0,0.0
2024-04-09 12:30:00-04:00,23.42020034790039,23.424999237060547,23.377599716186523,23.395000457763672,129058,0.0,0.0,0.0
2024-04-09 13:30:00-04:00,23.399999618530273,23.450000762939453,23.397600173950195,23.440900802612305,71432,0.0,0.0,0.0
2024-04-09 14:30:00-04:00,23.44499969482422,23.45509910583496,23.40999984741211,23.43000030517578,50389,0.0,0.0,0.0
2024-04-09 15:30:00-04:00,23.43000030517578,23.468000411987305,23.420000076293945,23.46500015258789,48681,0.0,0.0,0.0
2024-04-10 09:30:00-04:00,23.229999542236328,23.479999542236328,23.15999984741211,23.43000030517578,562562,0.0,0.0,0.0
2024-04-10 10:30:00-04:00,23.420000076293945,23.479999542236328,23.270000457763672,23.329999923706055,555389,0.0,0.0,0.0
2024-04-10 11:30:00-04:00,23.329999923706055,23.3700008392334,23.299999237060547,23.31999969482422,279099,0.0,0.0,0.0
2024-04-10 12:30:00-04:00,23.31999969482422,23.350000381469727,23.209999084472656,23.25,507887,0.0,0.0,0.0
2024-04-10 13:30:00-04:00,23.25,23.405000686645508,23.25,23.31559944152832,470824,0.0,0.0,0.0
2024-04-10 14:30:00-04:00,23.309999465942383,23.315000534057617,23.219999313354492,23.25,289046,0.0,0.0,0.0
2024-04-10 15:30:00-04:00,23.249900817871094,23.260000228881836,23.2450008392334,23.25,62693,0.0,0.0,0.0
2024-04-11 09:30:00-04:00,23.399999618530273,23.420000076293945,23.309999465942383,23.31999969482422,259119,0.0,0.0,0.0
2024-04-11 10:30:00-04:00,23.329999923706055,23.3700008392334,23.287599563598633,23.334999084472656,104778,0.0,0.0,0.0
2024-04-11 11:30:00-04:00,23.338499069213867,23.420000076293945,23.334999084472656,23.389999389648438,138992,0.0,0.0,0.0
2024-04-11 12:30:00-04:00,23.389999389648438,23.524999618530273,23.389999389648438,23.5,185420,0.0,0.0,0.0
2024-04-11 13:30:00-04:00,23.510000228881836,23.59000015258789,23.497600555419922,23.579999923706055,134605,0.0,0.0,0.0
2024-04-11 14:30:00-04:00,23.575000762939453,23.610000610351562,23.56999969482422,23.600000381469727,78347,0.0,0.0,0.0
2024-04-11 15:30:00-04:00,23.600000381469727,23.700000762939453,23.594999313354492,23.690000534057617,190661,0.0,0.0,0.0
2024-04-12 09:30:00-04:00,23.93000030517578,24.15239906311035,23.889999389648438,24.087600708007812,450114,0.0,0.0,0.0
2024-04-12 10:30:00-04:00,24.102399826049805,24.260000228881836,23.899999618530273,23.905000686645508,688536,0.0,0.0,0.0
2024-04-12 11:30:00-04:00,23.90999984741211,23.94770050048828,23.690000534057617,23.690000534057617,407541,0.0,0.0,0.0
2024-04-12 12:30:00-04:00,23.700000762939453,23.719999313354492,23.479999542236328,23.530000686645508,951818,0.0,0.0,0.0
2024-04-12 13:30:00-04:00,23.530000686645508,23.540000915527344,23.40999984741211,23.40999984741211,494918,0.0,0.0,0.0
2024-04-12 14:30:00-04:00,23.40999984741211,23.43000030517578,23.30500030517578,23.364999771118164,367459,0.0,0.0,0.0
2024-04-12 15:30:00-04:00,23.3700008392334,23.40999984741211,23.334999084472656,23.385000228881836,194365,0.0,0.0,0.0
2024-04-15 09:30:00-04:00,23.5,23.510000228881836,23.200000762939453,23.280000686645508,1329579,0.0,0.0,0.0
2024-04-15 10:30:00-04:00,23.280000686645508,23.475000381469727,23.280000686645508,23.459999084472656,491198,0.0,0.0,0.0
2024-04-15 11:30:00-04:00,23.459999084472656,23.479999542236328,23.40999984741211,23.440000534057617,137409,0.0,0.0,0.0
2024-04-15 12:30:00-04:00,23.440000534057617,23.6200008392334,23.420000076293945,23.6200008392334,121276,0.0,0.0,0.0
2024-04-15 13:30:00-04:00,23.6200008392334,23.65999984741211,23.579999923706055,23.6299991607666,348661,0.0,0.0,0.0
2024-04-15 14:30:00-04:00,23.6299991607666,23.825000762939453,23.625,23.790000915527344,171838,0.0,0.0,0.0
2024-04-15 15:30:00-04:00,23.79990005493164,23.825000762939453,23.770000457763672,23.81999969482422,170117,0.0,0.0,0.0
2024-04-16 09:30:00-04:00,23.760000228881836,23.760000228881836,23.59000015258789,23.6200008392334,946760,0.0,0.0,0.0
2024-04-16 10:30:00-04:00,23.622400283813477,23.881000518798828,23.6200008392334,23.75,215793,0.0,0.0,0.0
2024-04-16 11:30:00-04:00,23.75,23.864999771118164,23.739999771118164,23.84000015258789,112666,0.0,0.0,0.0
2024-04-16 12:30:00-04:00,23.84760093688965,23.934999465942383,23.829999923706055,23.84760093688965,211505,0.0,0.0,0.0
2024-04-16 13:30:00-04:00,23.809999465942383,23.90999984741211,23.7549991607666,23.844999313354492,1624447,0.0,0.0,0.0
2024-04-16 14:30:00-04:00,23.829999923706055,23.905000686645508,23.827600479125977,23.899999618530273,972922,0.0,0.0,0.0
2024-04-16 15:30:00-04:00,23.8799991607666,23.8799991607666,23.844999313354492,23.850000381469727,72390,0.0,0.0,0.0
2024-04-17 09:30:00-04:00,23.84000015258789,23.899999618530273,23.809999465942383,23.8799991607666,391848,0.0,0.0,0.0
2024-04-17 10:30:00-04:00,23.8700008392334,23.90999984741211,23.790000915527344,23.799999237060547,325157,0.0,0.0,0.0
2024-04-17 11:30:00-04:00,23.808900833129883,23.829999923706055,23.75,23.75,125612,0.0,0.0,0.0
2024-04-17 12:30:00-04:00,23.741100311279297,23.741100311279297,23.56999969482422,23.670000076293945,909096,0.0,0.0,0.0
2024-04-17 13:30:00-04:00,23.68000030517578,23.739999771118164,23.65760040283203,23.704999923706055,376953,0.0,0.0,0.0
2024-04-17 14:30:00-04:00,23.71299934387207,23.7450008392334,23.6299991607666,23.65999984741211,157349,0.0,0.0,0.0
2024-04-17 15:30:00-04:00,23.65760040283203,23.690000534057617,23.65760040283203,23.68000030517578,129913,0.0,0.0,0.0
2024-04-18 09:30:00-04:00,23.8799991607666,23.8799991607666,23.71500015258789,23.719999313354492,359868,0.0,0.0,0.0
2024-04-18 10:30:00-04:00,23.729999542236328,23.792400360107422,23.647600173950195,23.790000915527344,393209,0.0,0.0,0.0
2024-04-18 11:30:00-04:00,23.790000915527344,23.809900283813477,23.747600555419922,23.798900604248047,80626,0.0,0.0,0.0
2024-04-18 12:30:00-04:00,23.799999237060547,23.844999313354492,23.777599334716797,23.78499984741211,194533,0.0,0.0,0.0
2024-04-18 13:30:00-04:00,23.787599563598633,23.800100326538086,23.747600555419922,23.770599365234375,92381,0.0,0.0,0.0
2024-04-18 14:30:00-04:00,23.780000686645508,23.802400588989258,23.739599227905273,23.739999771118164,46870,0.0,0.0,0.0
2024-04-18 15:30:00-04:00,23.739999771118164,23.770000457763672,23.739999771118164,23.75,61559,0.0,0.0,0.0
2024-04-19 09:30:00-04:00,23.780000686645508,23.8700008392334,23.739999771118164,23.84000015258789,503827,0.0,0.0,0.0
2024-04-19 10:30:00-04:00,23.84239959716797,23.912399291992188,23.81999969482422,23.889999389648438,320489,0.0,0.0,0.0
2024-04-19 11:30:00-04:00,23.882400512695312,23.908199310302734,23.848899841308594,23.860000610351562,85532,0.0,0.0,0.0
2024-04-19 12:30:00-04:00,23.868799209594727,23.972400665283203,23.868799209594727,23.940000534057617,206742,0.0,0.0,0.0
2024-04-19 13:30:00-04:00,23.937599182128906,23.95240020751953,23.877599716186523,23.905000686645508,76829,0.0,0.0,0.0
2024-04-19 14:30:00-04:00,23.899999618530273,23.93000030517578,23.88759994506836,23.889999389648438,89636,0.0,0.0,0.0
2024-04-19 15:30:00-04:00,23.889999389648438,23.899999618530273,23.827600479125977,23.829999923706055,156265,0.0,0.0,0.0
2024-04-22 09:30:00-04:00,23.329999923706055,23.350000381469727,23.269899368286133,23.334999084472656,446366,0.0,0.0,0.0
2024-04-22 10:30:00-04:00,23.360000610351562,23.389999389648438,23.287599563598633,23.287599563598633,163827,0.0,0.0,0.0
2024-04-22 11:30:00-04:00,23.299999237060547,23.332399368286133,23.25,23.26689910888672,257241,0.0,0.0,0.0
2024-04-22 12:30:00-04:00,23.270000457763672,23.299999237060547,23.2450008392334,23.274999618530273,146165,0.0,0.0,0.0
2024-04-22 13:30:00-04:00,23.280000686645508,23.290000915527344,23.204999923706055,23.204999923706055,155936,0.0,0.0,0.0
2024-04-22 14:30:00-04:00,23.209999084472656,23.264999389648438,23.209999084472656,23.25,48239,0.0,0.0,0.0
2024-04-22 15:30:00-04:00,23.248899459838867,23.2549991607666,23.239999771118164,23.2450008392334,75007,0.0,0.0,0.0
2024-04-23 09:30:00-04:00,23.059999465942383,23.27239990234375,23.059999465942383,23.18000030517578,638052,0.0,0.0,0.0
2024-04-23 10:30:00-04:00,23.18000030517578,23.192399978637695,23.104999542236328,23.18000030517578,400759,0.0,0.0,0.0
2024-04-23 11:30:00-04:00,23.18000030517578,23.225000381469727,23.149999618530273,23.225000381469727,180202,0.0,0.0,0.0
2024-04-23 12:30:00-04:00,23.229999542236328,23.270000457763672,23.209999084472656,23.239900588989258,145105,0.0,0.0,0.0
2024-04-23 13:30:00-04:00,23.229999542236328,23.25,23.207599639892578,23.219999313354492,62580,0.0,0.0,0.0
2024-04-23 14:30:00-04:00,23.219999313354492,23.219999313354492,23.18000030517578,23.190900802612305,87922,0.0,0.0,0.0
2024-04-23 15:30:00-04:00,23.190000534057617,23.190000534057617,23.167600631713867,23.172000885009766,49097,0.0,0.0,0.0
2024-04-24 09:30:00-04:00,23.170000076293945,23.209999084472656,23.129899978637695,23.174999237060547,316354,0.0,0.0,0.0
2024-04-24 10:30:00-04:00,23.174999237060547,23.329999923706055,23.170000076293945,23.270000457763672,169952,0.0,0.0,0.0
2024-04-24 11:30:00-04:00,23.260000228881836,23.260000228881836,23.170000076293945,23.190000534057617,268507,0.0,0.0,0.0
2024-04-24 12:30:00-04:00,23.190000534057617,23.2549991607666,23.188199996948242,23.200000762939453,112533,0.0,0.0,0.0
2024-04-24 13:30:00-04:00,23.209999084472656,23.209999084472656,23.167600631713867,23.170000076293945,99926,0.0,0.0,0.0
2024-04-24 14:30:00-04:00,23.170000076293945,23.179899215698242,23.147600173950195,23.170400619506836,76565,0.0,0.0,0.0
2024-04-24 15:30:00-04:00,23.172399520874023,23.174999237060547,23.135099411010742,23.145000457763672,44030,0.0,0.0,0.0
2024-04-25 09:30:00-04:00,23.1299991607666,23.212400436401367,23.110000610351562,23.193899154663086,417904,0.0,0.0,0.0
2024-04-25 10:30:00-04:00,23.219999313354492,23.399999618530273,23.21820068359375,23.290000915527344,725199,0.0,0.0,0.0
2024-04-25 11:30:00-04:00,23.290000915527344,23.302400588989258,23.207599639892578,23.22960090637207,131320,0.0,0.0,0.0
2024-04-25 12:30:00-04:00,23.222400665283203,23.264999389648438,23.217599868774414,23.260000228881836,83450,0.0,0.0,0.0
2024-04-25 13:30:00-04:00,23.247600555419922,23.30500030517578,23.247600555419922,23.270000457763672,167615,0.0,0.0,0.0
2024-04-25 14:30:00-04:00,23.270000457763672,23.315000534057617,23.26759910583496,23.31170082092285,201757,0.0,0.0,0.0
2024-04-25 15:30:00-04:00,23.309999465942383,23.31999969482422,23.270000457763672,23.280000686645508,64586,0.0,0.0,0.0
2024-04-26 09:30:00-04:00,23.399999618530273,23.40999984741211,23.31999969482422,23.350099563598633,273145,0.0,0.0,0.0
2024-04-26 10:30:00-04:00,23.350000381469727,23.350000381469727,23.239999771118164,23.290000915527344,402402,0.0,0.0,0.0
2024-04-26 11:30:00-04:00,23.28499984741211,23.344999313354492,23.274999618530273,23.312400817871094,188841,0.0,0.0,0.0
2024-04-26 12:30:00-04:00,23.315000534057617,23.34000015258789,23.28499984741211,23.309999465942383,251762,0.0,0.0,0.0
2024-04-26 13:30:00-04:00,23.309999465942383,23.364999771118164,23.30500030517578,23.360000610351562,489823,0.0,0.0,0.0
2024-04-26 14:30:00-04:00,23.363500595092773,23.364999771118164,23.31999969482422,23.329999923706055,366965,0.0,0.0,0.0
2024-04-26 15:30:00-04:00,23.334999084472656,23.358999252319336,23.327600479125977,23.350000381469727,64583,0.0,0.0,0.0
2024-04-29 09:30:00-04:00,23.299999237060547,23.34239959716797,23.219999313354492,23.34000015258789,209749,0.0,0.0,0.0
2024-04-29 10:30:00-04:00,23.34000015258789,23.349899291992188,23.280000686645508,23.31999969482422,142719,0.0,0.0,0.0
2024-04-29 11:30:00-04:00,23.329999923706055,23.420000076293945,23.309999465942383,23.399999618530273,273811,0.0,0.0,0.0
2024-04-29 12:30:00-04:00,23.389999389648438,23.415000915527344,23.375,23.40999984741211,142548,0.0,0.0,0.0
2024-04-29 13:30:00-04:00,23.415000915527344,23.415000915527344,23.34000015258789,23.344999313354492,183206,0.0,0.0,0.0
2024-04-29 14:30:00-04:00,23.344999313354492,23.3700008392334,23.290000915527344,23.315000534057617,461655,0.0,0.0,0.0
2024-04-29 15:30:00-04:00,23.309999465942383,23.315000534057617,23.2898006439209,23.309999465942383,52014,0.0,0.0,0.0
2024-04-30 09:30:00-04:00,23.040000915527344,23.082399368286133,22.940000534057617,22.969999313354492,912918,0.0,0.0,0.0
2024-04-30 10:30:00-04:00,22.969999313354492,22.972400665283203,22.8799991607666,22.940000534057617,306492,0.0,0.0,0.0
2024-04-30 11:30:00-04:00,22.950000762939453,22.950000762939453,22.899999618530273,22.940000534057617,54737,0.0,0.0,0.0
2024-04-30 12:30:00-04:00,22.940000534057617,22.940000534057617,22.8700008392334,22.8700008392334,64161,0.0,0.0,0.0
2024-04-30 13:30:00-04:00,22.8799991607666,22.929800033569336,22.8799991607666,22.90999984741211,57793,0.0,0.0,0.0
2024-04-30 14:30:00-04:00,22.90760040283203,22.924999237060547,22.852399826049805,22.8799991607666,95959,0.0,0.0,0.0
2024-04-30 15:30:00-04:00,22.889999389648438,22.905000686645508,22.850000381469727,22.850000381469727,90672,0.0,0.0,0.0
2024-05-01 09:30:00-04:00,22.989999771118164,23.059999465942383,22.950000762939453,23.020000457763672,481784,0.0,0.0,0.0
2024-05-01 10:30:00-04:00,23.0049991607666,23.030000686645508,22.940000534057617,23.030000686645508,129199,0.0,0.0,0.0
2024-05-01 11:30:00-04:00,23.042400360107422,23.059999465942383,22.97760009765625,23.0,71874,0.0,0.0,0.0
2024-05-01 12:30:00-04:00,23.020000457763672,23.024999618530273,22.959999084472656,22.959999084472656,29749,0.0,0.0,0.0
2024-05-01 13:30:00-04:00,22.940000534057617,23.079999923706055,22.93000030517578,23.079999923706055,244761,0.0,0.0,0.0
2024-05-01 14:30:00-04:00,23.079999923706055,23.239999771118164,23.030000686645508,23.170000076293945,794991,0.0,0.0,0.0
2024-05-01 15:30:00-04:00,23.170000076293945,23.18000030517578,23.05500030517578,23.059999465942383,85126,0.0,0.0,0.0
2024-05-02 09:30:00-04:00,22.8700008392334,22.940099716186523,22.807600021362305,22.899999618530273,601384,0.0,0.0,0.0
2024-05-02 10:30:00-04:00,22.90999984741211,23.020000457763672,22.90999984741211,22.9950008392334,115617,0.0,0.0,0.0
2024-05-02 11:30:00-04:00,22.989999771118164,23.0,22.924999237060547,22.959999084472656,153377,0.0,0.0,0.0
2024-05-02 12:30:00-04:00,22.969999313354492,22.980100631713867,22.94499969482422,22.959999084472656,107042,0.0,0.0,0.0
2024-05-02 13:30:00-04:00,22.957599639892578,23.045000076293945,22.957599639892578,23.024999618530273,52061,0.0,0.0,0.0
2024-05-02 14:30:00-04:00,23.025400161743164,23.03499984741211,22.9950008392334,22.9950008392334,45340,0.0,0.0,0.0
2024-05-02 15:30:00-04:00,22.989999771118164,23.0,22.969999313354492,22.98040008544922,72726,0.0,0.0,0.0
2024-05-03 09:30:00-04:00,22.969999313354492,22.979999542236328,22.729999542236328,22.81999969482422,1109028,0.0,0.0,0.0
2024-05-03 10:30:00-04:00,22.84000015258789,22.912399291992188,22.782400131225586,22.88759994506836,139756,0.0,0.0,0.0
2024-05-03 11:30:00-04:00,22.8799991607666,22.940000534057617,22.8799991607666,22.927600860595703,163738,0.0,0.0,0.0
2024-05-03 12:30:00-04:00,22.924999237060547,22.959999084472656,22.917600631713867,22.950000762939453,125308,0.0,0.0,0.0
2024-05-03 13:30:00-04:00,22.94499969482422,22.985000610351562,22.940000534057617,22.940000534057617,125370,0.0,0.0,0.0
2024-05-03 14:30:00-04:00,22.940000534057617,22.951000213623047,22.919700622558594,22.940000534057617,162829,0.0,0.0,0.0
2024-05-03 15:30:00-04:00,22.937599182128906,22.969999313354492,22.934999465942383,22.969999313354492,71829,0.0,0.0,0.0
2024-05-06 09:30:00-04:00,23.229999542236328,23.280000686645508,23.18000030517578,23.200000762939453,448724,0.0,0.0,0.0
2024-05-06 10:30:00-04:00,23.204999923706055,23.22760009765625,23.149999618530273,23.18000030517578,226648,0.0,0.0,0.0
2024-05-06 11:30:00-04:00,23.190000534057617,23.225000381469727,23.188199996948242,23.200000762939453,60318,0.0,0.0,0.0
2024-05-06 12:30:00-04:00,23.204999923706055,23.209999084472656,23.1299991607666,23.170000076293945,169807,0.0,0.0,0.0
2024-05-06 13:30:00-04:00,23.18000030517578,23.21500015258789,23.18000030517578,23.21500015258789,57065,0.0,0.0,0.0
2024-05-06 14:30:00-04:00,23.21500015258789,23.219999313354492,23.200000762939453,23.209999084472656,73390,0.0,0.0,0.0
2024-05-06 15:30:00-04:00,23.209999084472656,23.212400436401367,23.191699981689453,23.204999923706055,138309,0.0,0.0,0.0
2024-05-07 09:30:00-04:00,23.149999618530273,23.170000076293945,23.1299991607666,23.15999984741211,300025,0.0,0.0,0.0
2024-05-07 10:30:00-04:00,23.159900665283203,23.15999984741211,23.079999923706055,23.100000381469727,220778,0.0,0.0,0.0
2024-05-07 11:30:00-04:00,23.110000610351562,23.1117000579834,23.079999923706055,23.108800888061523,103045,0.0,0.0,0.0
2024-05-07 12:30:00-04:00,23.110000610351562,23.11240005493164,23.059999465942383,23.09000015258789,58282,0.0,0.0,0.0
2024-05-07 13:30:00-04:00,23.11240005493164,23.125,23.087600708007812,23.100000381469727,50186,0.0,0.0,0.0
2024-05-07 14:30:00-04:00,23.100000381469727,23.104999542236328,23.079999923706055,23.079999923706055,43534,0.0,0.0,0.0
2024-05-07 15:30:00-04:00,23.079999923706055,23.100000381469727,23.06999969482422,23.100000381469727,52332,0.0,0.0,0.0
2024-05-08 09:30:00-04:00,23.049999237060547,23.1200008392334,23.024999618530273,23.110000610351562,239567,0.0,0.0,0.0
2024-05-08 10:30:00-04:00,23.110000610351562,23.135000228881836,23.084999084472656,23.1299991607666,99336,0.0,0.0,0.0
2024-05-08 11:30:00-04:00,23.1299991607666,23.16029930114746,23.125,23.139999389648438,99168,0.0,0.0,0.0
2024-05-08 12:30:00-04:00,23.139999389648438,23.143699645996094,23.094999313354492,23.099700927734375,78213,0.0,0.0,0.0
2024-05-08 13:30:00-04:00,23.100000381469727,23.110000610351562,23.079999923706055,23.079999923706055,24418,0.0,0.0,0.0
2024-05-08 14:30:00-04:00,23.079999923706055,23.084999084472656,23.05500030517578,23.059999465942383,62314,0.0,0.0,0.0
2024-05-08 15:30:00-04:00,23.049999237060547,23.059900283813477,23.030000686645508,23.03499984741211,55067,0.0,0.0,0.0
2024-05-09 09:30:00-04:00,23.1200008392334,23.340299606323242,23.1200008392334,23.309999465942383,308330,0.0,0.0,0.0
2024-05-09 10:30:00-04:00,23.299999237060547,23.329700469970703,23.239999771118164,23.290000915527344,141405,0.0,0.0,0.0
2024-05-09 11:30:00-04:00,23.290300369262695,23.290300369262695,23.239700317382812,23.290000915527344,59546,0.0,0.0,0.0
2024-05-09 12:30:00-04:00,23.290000915527344,23.295000076293945,23.25,23.28969955444336,77875,0.0,0.0,0.0
2024-05-09 13:30:00-04:00,23.280000686645508,23.311199188232422,23.279699325561523,23.29990005493164,30438,0.0,0.0,0.0
2024-05-09 14:30:00-04:00,23.295000076293945,23.329999923706055,23.295000076293945,23.32979965209961,74326,0.0,0.0,0.0
2024-05-09 15:30:00-04:00,23.329999923706055,23.395000457763672,23.325000762939453,23.389999389648438,228937,0.0,0.0,0.0
2024-05-10 09:30:00-04:00,23.6299991607666,23.68000030517578,23.56999969482422,23.56999969482422,258860,0.0,0.0,0.0
2024-05-10 10:30:00-04:00,23.559999465942383,23.610000610351562,23.520000457763672,23.59000015258789,268382,0.0,0.0,0.0
2024-05-10 11:30:00-04:00,23.59000015258789,23.610000610351562,23.579999923706055,23.594999313354492,84967,0.0,0.0,0.0
2024-05-10 12:30:00-04:00,23.594999313354492,23.65049934387207,23.59000015258789,23.639999389648438,55708,0.0,0.0,0.0
2024-05-10 13:30:00-04:00,23.6299991607666,23.65999984741211,23.6299991607666,23.649999618530273,39803,0.0,0.0,0.0
2024-05-10 14:30:00-04:00,23.639999389648438,23.649999618530273,23.589500427246094,23.59000015258789,53727,0.0,0.0,0.0
2024-05-10 15:30:00-04:00,23.59000015258789,23.594999313354492,23.576499938964844,23.584999084472656,48733,0.0,0.0,0.0
2024-05-13 09:30:00-04:00,23.420000076293945,23.440000534057617,23.360000610351562,23.399999618530273,317487,0.0,0.0,0.0
2024-05-13 10:30:00-04:00,23.402700424194336,23.410499572753906,23.299999237060547,23.309999465942383,296973,0.0,0.0,0.0
2024-05-13 11:30:00-04:00,23.290000915527344,23.329999923706055,23.279499053955078,23.31049919128418,167001,0.0,0.0,0.0
2024-05-13 12:30:00-04:00,23.31049919128418,23.329999923706055,23.299999237060547,23.31999969482422,40803,0.0,0.0,0.0
2024-05-13 13:30:00-04:00,23.320499420166016,23.33049964904785,23.314300537109375,23.31999969482422,27231,0.0,0.0,0.0
2024-05-13 14:30:00-04:00,23.315000534057617,23.334999084472656,23.31209945678711,23.329999923706055,24492,0.0,0.0,0.0
2024-05-13 15:30:00-04:00,23.32029914855957,23.34000015258789,23.31999969482422,23.325000762939453,50267,0.0,0.0,0.0
2024-05-14 09:30:00-04:00,23.450000762939453,23.520000457763672,23.399999618530273,23.469999313354492,318455,0.0,0.0,0.0
2024-05-14 10:30:00-04:00,23.470500946044922,23.50950050354004,23.450000762939453,23.459999084472656,176070,0.0,0.0,0.0
2024-05-14 11:30:00-04:00,23.460500717163086,23.489999771118164,23.420000076293945,23.440000534057617,205172,0.0,0.0,0.0
2024-05-14 12:30:00-04:00,23.450000762939453,23.5049991607666,23.43950080871582,23.489999771118164,128657,0.0,0.0,0.0
2024-05-14 13:30:00-04:00,23.5,23.545000076293945,23.49880027770996,23.540000915527344,20328,0.0,0.0,0.0
2024-05-14 14:30:00-04:00,23.540000915527344,23.545000076293945,23.50950050354004,23.510000228881836,46349,0.0,0.0,0.0
2024-05-14 15:30:00-04:00,23.520000457763672,23.524999618530273,23.510000228881836,23.520000457763672,50227,0.0,0.0,0.0
2024-05-15 09:30:00-04:00,23.649999618530273,23.65999984741211,23.47949981689453,23.6200008392334,394411,0.0,0.0,0.0
2024-05-15 10:30:00-04:00,23.6200008392334,23.809999465942383,23.6200008392334,23.795000076293945,606255,0.0,0.0,0.0
2024-05-15 11:30:00-04:00,23.79050064086914,23.81049919128418,23.72949981689453,23.809999465942383,135874,0.0,0.0,0.0
2024-05-15 12:30:00-04:00,23.80500030517578,23.844999313354492,23.780000686645508,23.844999313354492,204713,0.0,0.0,0.0
2024-05-15 13:30:00-04:00,23.84000015258789,23.854999542236328,23.809999465942383,23.825000762939453,91221,0.0,0.0,0.0
2024-05-15 14:30:00-04:00,23.825000762939453,23.82990074157715,23.790000915527344,23.819799423217773,113156,0.0,0.0,0.0
2024-05-15 15:30:00-04:00,23.809999465942383,23.829999923706055,23.797700881958008,23.815000534057617,200410,0.0,0.0,0.0
2024-05-16 09:30:00-04:00,23.739999771118164,23.739999771118164,23.670000076293945,23.690000534057617,335969,0.0,0.0,0.0
2024-05-16 10:30:00-04:00,23.690000534057617,23.76580047607422,23.665000915527344,23.760000228881836,227163,0.0,0.0,0.0
2024-05-16 11:30:00-04:00,23.760000228881836,23.77989959716797,23.7450008392334,23.760000228881836,120879,0.0,0.0,0.0
2024-05-16 12:30:00-04:00,23.75,23.78499984741211,23.749500274658203,23.760000228881836,55393,0.0,0.0,0.0
2024-05-16 13:30:00-04:00,23.770000457763672,23.77120018005371,23.735000610351562,23.739999771118164,80542,0.0,0.0,0.0
2024-05-16 14:30:00-04:00,23.75,23.770000457763672,23.735000610351562,23.75,31364,0.0,0.0,0.0
2024-05-16 15:30:00-04:00,23.739999771118164,23.75,23.729999542236328,23.735000610351562,49211,0.0,0.0,0.0
2024-05-17 09:30:00-04:00,23.969999313354492,24.030000686645508,23.90999984741211,24.010000228881836,481544,0.0,0.0,0.0
2024-05-17 10:30:00-04:00,24.010000228881836,24.145000457763672,23.989999771118164,24.020000457763672,399805,0.0,0.0,0.0
2024-05-17 11:30:00-04:00,24.010000228881836,24.09000015258789,23.989999771118164,24.049999237060547,134514,0.0,0.0,0.0
2024-05-17 12:30:00-04:00,24.049999237060547,24.09000015258789,24.010000228881836,24.079999923706055,138413,0.0,0.0,0.0
2024-05-17 13:30:00-04:00,24.09000015258789,24.120100021362305,24.059999465942383,24.120100021362305,198442,0.0,0.0,0.0
2024-05-17 14:30:00-04:00,24.1200008392334,24.14109992980957,24.06999969482422,24.1299991607666,112980,0.0,0.0,0.0
2024-05-17 15:30:00-04:00,24.1299991607666,24.1299991607666,24.100000381469727,24.1200008392334,45816,0.0,0.0,0.0
2024-05-20 09:30:00-04:00,24.1299991607666,24.165000915527344,24.059999465942383,24.1200008392334,519954,0.0,0.0,0.0
2024-05-20 10:30:00-04:00,24.120500564575195,24.210500717163086,24.1200008392334,24.200000762939453,270246,0.0,0.0,0.0
2024-05-20 11:30:00-04:00,24.200000762939453,24.220500946044922,24.149099349975586,24.209999084472656,171619,0.0,0.0,0.0
2024-05-20 12:30:00-04:00,24.21500015258789,24.295000076293945,24.199100494384766,24.295000076293945,111864,0.0,0.0,0.0
2024-05-20 13:30:00-04:00,24.290000915527344,24.31999969482422,24.270000457763672,24.309999465942383,73722,0.0,0.0,0.0
2024-05-20 14:30:00-04:00,24.309999465942383,24.325000762939453,24.239999771118164,24.25,123266,0.0,0.0,0.0
2024-05-20 15:30:00-04:00,24.25,24.270000457763672,24.21500015258789,24.219999313354492,72558,0.0,0.0,0.0
2024-05-21 09:30:00-04:00,24.25,24.260000228881836,24.200000762939453,24.219999313354492,296779,0.0,0.0,0.0
2024-05-21 10:30:00-04:00,24.229999542236328,24.28499984741211,24.21500015258789,24.239999771118164,239337,0.0,0.0,0.0
2024-05-21 11:30:00-04:00,24.239999771118164,24.25,24.1299991607666,24.149999618530273,295241,0.0,0.0,0.0
2024-05-21 12:30:00-04:00,24.149999618530273,24.184999465942383,24.149099349975586,24.170000076293945,131403,0.0,0.0,0.0
2024-05-21 13:30:00-04:00,24.170900344848633,24.170900344848633,24.128999710083008,24.13909912109375,140500,0.0,0.0,0.0
2024-05-21 14:30:00-04:00,24.139999389648438,24.200899124145508,24.139999389648438,24.190000534057617,24460,0.0,0.0,0.0
2024-05-21 15:30:00-04:00,24.190000534057617,24.199899673461914,24.18000030517578,24.18000030517578,33325,0.0,0.0,0.0
2024-05-22 09:30:00-04:00,24.079999923706055,24.080900192260742,23.799999237060547,23.809999465942383,471470,0.0,0.0,0.0
2024-05-22 10:30:00-04:00,23.81999969482422,23.904699325561523,23.77910041809082,23.84950065612793,290367,0.0,0.0,0.0
2024-05-22 11:30:00-04:00,23.847999572753906,23.890899658203125,23.82900047302246,23.8700008392334,194527,0.0,0.0,0.0
2024-05-22 12:30:00-04:00,23.8700008392334,23.899999618530273,23.84000015258789,23.84000015258789,93936,0.0,0.0,0.0
2024-05-22 13:30:00-04:00,23.850000381469727,23.86090087890625,23.739999771118164,23.739999771118164,264936,0.0,0.0,0.0
2024-05-22 14:30:00-04:00,23.75,23.760000228881836,23.704999923706055,23.7450008392334,233424,0.0,0.0,0.0
2024-05-22 15:30:00-04:00,23.739999771118164,23.75,23.725000381469727,23.739999771118164,75590,0.0,0.0,0.0
2024-05-23 09:30:00-04:00,23.59000015258789,23.645000457763672,23.420000076293945,23.450000762939453,718729,0.0,0.0,0.0
2024-05-23 10:30:00-04:00,23.440000534057617,23.459999084472656,23.350000381469727,23.3700008392334,483069,0.0,0.0,0.0
2024-05-23 11:30:00-04:00,23.3799991607666,23.450199127197266,23.37980079650879,23.389999389648438,197367,0.0,0.0,0.0
2024-05-23 12:30:00-04:00,23.399999618530273,23.409900665283203,23.299999237060547,23.31999969482422,307958,0.0,0.0,0.0
2024-05-23 13:30:00-04:00,23.319799423217773,23.340200424194336,23.270000457763672,23.309999465942383,286392,0.0,0.0,0.0
2024-05-23 14:30:00-04:00,23.299999237060547,23.310100555419922,23.280000686645508,23.290000915527344,80356,0.0,0.0,0.0
2024-05-23 15:30:00-04:00,23.290000915527344,23.295000076293945,23.26490020751953,23.270000457763672,106288,0.0,0.0,0.0
2024-05-24 09:30:00-04:00,23.399999618530273,23.43000030517578,23.309999465942383,23.31999969482422,194587,0.0,0.0,0.0
2024-05-24 10:30:00-04:00,23.32979965209961,23.354999542236328,23.290000915527344,23.299999237060547,114307,0.0,0.0,0.0
2024-05-24 11:30:00-04:00,23.300199508666992,23.320199966430664,23.274999618530273,23.315000534057617,131573,0.0,0.0,0.0
2024-05-24 12:30:00-04:00,23.309999465942383,23.319900512695312,23.28499984741211,23.290000915527344,56755,0.0,0.0,0.0
2024-05-24 13:30:00-04:00,23.290000915527344,23.31999969482422,23.270099639892578,23.309999465942383,159306,0.0,0.0,0.0
2024-05-24 14:30:00-04:00,23.30500030517578,23.31999969482422,23.272499084472656,23.27989959716797,120185,0.0,0.0,0.0
2024-05-24 15:30:00-04:00,23.280000686645508,23.295000076293945,23.270000457763672,23.290000915527344,45028,0.0,0.0,0.0
2024-05-28 09:30:00-04:00,23.579999923706055,23.579999923706055,23.43000030517578,23.479999542236328,460340,0.0,0.0,0.0
2024-05-28 10:30:00-04:00,23.479999542236328,23.545000076293945,23.469999313354492,23.540000915527344,267829,0.0,0.0,0.0
2024-05-28 11:30:00-04:00,23.530000686645508,23.56999969482422,23.517000198364258,23.524999618530273,235074,0.0,0.0,0.0
2024-05-28 12:30:00-04:00,23.530000686645508,23.53499984741211,23.485000610351562,23.5,159713,0.0,0.0,0.0
2024-05-28 13:30:00-04:00,23.510000228881836,23.540700912475586,23.485000610351562,23.489999771118164,153302,0.0,0.0,0.0
2024-05-28 14:30:00-04:00,23.485700607299805,23.530000686645508,23.479900360107422,23.52989959716797,136669,0.0,0.0,0.0
2024-05-28 15:30:00-04:00,23.530000686645508,23.546499252319336,23.524999618530273,23.530000686645508,106466,0.0,0.0,0.0
2024-05-29 09:30:00-04:00,23.399999618530273,23.40999984741211,23.350000381469727,23.389999389648438,342410,0.0,0.0,0.0
2024-05-29 10:30:00-04:00,23.389999389648438,23.40999984741211,23.349599838256836,23.349899291992188,58752,0.0,0.0,0.0
2024-05-29 11:30:00-04:00,23.34000015258789,23.360000610351562,23.309900283813477,23.329999923706055,135516,0.0,0.0,0.0
2024-05-29 12:30:00-04:00,23.334999084472656,23.3700008392334,23.31999969482422,23.3700008392334,140755,0.0,0.0,0.0
2024-05-29 13:30:00-04:00,23.366500854492188,23.399999618530273,23.364999771118164,23.3700008392334,47034,0.0,0.0,0.0
2024-05-29 14:30:00-04:00,23.375,23.375,23.328800201416016,23.329700469970703,68385,0.0,0.0,0.0
2024-05-29 15:30:00-04:00,23.329999923706055,23.331199645996094,23.309999465942383,23.31999969482422,92386,0.0,0.0,0.0
2024-05-30 09:30:00-04:00,23.399999618530273,23.459999084472656,23.3700008392334,23.43000030517578,317234,0.0,0.0,0.0
2024-05-30 10:30:00-04:00,23.420000076293945,23.434999465942383,23.360000610351562,23.377500534057617,294321,0.0,0.0,0.0
2024-05-30 11:30:00-04:00,23.3700008392334,23.39069938659668,23.354999542236328,23.37380027770996,104828,0.0,0.0,0.0
2024-05-30 12:30:00-04:00,23.38990020751953,23.424999237060547,23.38990020751953,23.39389991760254,176986,0.0,0.0,0.0
2024-05-30 13:30:00-04:00,23.395099639892578,23.395099639892578,23.360000610351562,23.360000610351562,47885,0.0,0.0,0.0
2024-05-30 14:30:00-04:00,23.3700008392334,23.379899978637695,23.350000381469727,23.359899520874023,275536,0.0,0.0,0.0
2024-05-30 15:30:00-04:00,23.354999542236328,23.364999771118164,23.350000381469727,23.364999771118164,57540,0.0,0.0,0.0
2024-05-31 09:30:00-04:00,23.479999542236328,23.5,23.328899383544922,23.3700008392334,430417,0.0,0.0,0.0
2024-05-31 10:30:00-04:00,23.360000610351562,23.360000610351562,23.229999542236328,23.260000228881836,630836,0.0,0.0,0.0
2024-05-31 11:30:00-04:00,23.260000228881836,23.30500030517578,23.239999771118164,23.280000686645508,239097,0.0,0.0,0.0
2024-05-31 12:30:00-04:00,23.28499984741211,23.31060028076172,23.19499969482422,23.209999084472656,243621,0.0,0.0,0.0
2024-05-31 13:30:00-04:00,23.200000762939453,23.225000381469727,23.19499969482422,23.208799362182617,206332,0.0,0.0,0.0
2024-05-31 14:30:00-04:00,23.209999084472656,23.219100952148438,23.159400939941406,23.170000076293945,133798,0.0,0.0,0.0
2024-05-31 15:30:00-04:00,23.165000915527344,23.229999542236328,23.165000915527344,23.229999542236328,168416,0.0,0.0,0.0
2024-06-03 09:30:00-04:00,23.299999237060547,23.37030029296875,23.2549991607666,23.349899291992188,603570,0.0,0.0,0.0
2024-06-03 10:30:00-04:00,23.350000381469727,23.40180015563965,23.308500289916992,23.3700008392334,341246,0.0,0.0,0.0
2024-06-03 11:30:00-04:00,23.373699188232422,23.39150047302246,23.360200881958008,23.385000228881836,139397,0.0,0.0,0.0
2024-06-03 12:30:00-04:00,23.385000228881836,23.49850082397461,23.385000228881836,23.434999465942383,225362,0.0,0.0,0.0
2024-06-03 13:30:00-04:00,23.439899444580078,23.451499938964844,23.415000915527344,23.440000534057617,164055,0.0,0.0,0.0
2024-06-03 14:30:00-04:00,23.434999465942383,23.440000534057617,23.40999984741211,23.40999984741211,66031,0.0,0.0,0.0
2024-06-03 15:30:00-04:00,23.409400939941406,23.43000030517578,23.405000686645508,23.43000030517578,61230,0.0,0.0,0.0
2024-06-04 09:30:00-04:00,23.31999969482422,23.31999969482422,23.104999542236328,23.149999618530273,623390,0.0,0.0,0.0
2024-06-04 10:30:00-04:00,23.15999984741211,23.23150062561035,23.114999771118164,23.209999084472656,474511,0.0,0.0,0.0
2024-06-04 11:30:00-04:00,23.21500015258789,23.240100860595703,23.184999465942383,23.189899444580078,163691,0.0,0.0,0.0
2024-06-04 12:30:00-04:00,23.190000534057617,23.225000381469727,23.179000854492188,23.225000381469727,175044,0.0,0.0,0.0
2024-06-04 13:30:00-04:00,23.229999542236328,23.25149917602539,23.223800659179688,23.229999542236328,152984,0.0,0.0,0.0
2024-06-04 14:30:00-04:00,23.219999313354492,23.23080062866211,23.21150016784668,23.225000381469727,103544,0.0,0.0,0.0
2024-06-04 15:30:00-04:00,23.22249984741211,23.229999542236328,23.209999084472656,23.219999313354492,71829,0.0,0.0,0.0
2024-06-05 09:30:00-04:00,23.3799991607666,23.40999984741211,23.299299240112305,23.403499603271484,456051,0.0,0.0,0.0
2024-06-05 10:30:00-04:00,23.420000076293945,23.489999771118164,23.399999618530273,23.459999084472656,651090,0.0,0.0,0.0
2024-06-05 11:30:00-04:00,23.459999084472656,23.520000457763672,23.459999084472656,23.469999313354492,261882,0.0,0.0,0.0
2024-06-05 12:30:00-04:00,23.469999313354492,23.500099182128906,23.468399047851562,23.5,155124,0.0,0.0,0.0
2024-06-05 13:30:00-04:00,23.500099182128906,23.510000228881836,23.469999313354492,23.509899139404297,133477,0.0,0.0,0.0
2024-06-05 14:30:00-04:00,23.50790023803711,23.520000457763672,23.498899459838867,23.5,262256,0.0,0.0,0.0
2024-06-05 15:30:00-04:00,23.489999771118164,23.499900817871094,23.479999542236328,23.4950008392334,116045,0.0,0.0,0.0
2024-06-06 09:30:00-04:00,23.559999465942383,23.614999771118164,23.524999618530273,23.579999923706055,487024,0.0,0.0,0.0
2024-06-06 10:30:00-04:00,23.579999923706055,23.69029998779297,23.56999969482422,23.690000534057617,173196,0.0,0.0,0.0
2024-06-06 11:30:00-04:00,23.709400177001953,23.719999313354492,23.649999618530273,23.690000534057617,153240,0.0,0.0,0.0
2024-06-06 12:30:00-04:00,23.689899444580078,23.700000762939453,23.659700393676758,23.65999984741211,95869,0.0,0.0,0.0
2024-06-06 13:30:00-04:00,23.65999984741211,23.680099487304688,23.631200790405273,23.659400939941406,73234,0.0,0.0,0.0
2024-06-06 14:30:00-04:00,23.655000686645508,23.69499969482422,23.655000686645508,23.680099487304688,77332,0.0,0.0,0.0
2024-06-06 15:30:00-04:00,23.68000030517578,23.689899444580078,23.65999984741211,23.674999237060547,120389,0.0,0.0,0.0
2024-06-07 09:30:00-04:00,23.209999084472656,23.219900131225586,23.010000228881836,23.13010025024414,640060,0.0,0.0,0.0
2024-06-07 10:30:00-04:00,23.139999389648438,23.15999984741211,23.040000915527344,23.040000915527344,292741,0.0,0.0,0.0
2024-06-07 11:30:00-04:00,23.030000686645508,23.060400009155273,22.979999542236328,23.059999465942383,477990,0.0,0.0,0.0
2024-06-07 12:30:00-04:00,23.06999969482422,23.100000381469727,23.0,23.020099639892578,381721,0.0,0.0,0.0
2024-06-07 13:30:00-04:00,23.020000457763672,23.030000686645508,22.986600875854492,23.0,220091,0.0,0.0,0.0
2024-06-07 14:30:00-04:00,23.0,23.0,22.889999389648438,22.899999618530273,305954,0.0,0.0,0.0
2024-06-07 15:30:00-04:00,22.905000686645508,22.905000686645508,22.81999969482422,22.825000762939453,167740,0.0,0.0,0.0
2024-06-10 09:30:00-04:00,22.979999542236328,23.020000457763672,22.950000762939453,22.983600616455078,493724,0.0,0.0,0.0
2024-06-10 10:30:00-04:00,22.979999542236328,23.021299362182617,22.96500015258789,23.0,134737,0.0,0.0,0.0
2024-06-10 11:30:00-04:00,22.993000030517578,23.072900772094727,22.989999771118164,23.072900772094727,52706,0.0,0.0,0.0
2024-06-10 12:30:00-04:00,23.065000534057617,23.084999084472656,23.042800903320312,23.042800903320312,71632,0.0,0.0,0.0
2024-06-10 13:30:00-04:00,23.04990005493164,23.081499099731445,23.04990005493164,23.059999465942383,44913,0.0,0.0,0.0
2024-06-10 14:30:00-04:00,23.059999465942383,23.075000762939453,23.049999237060547,23.06909942626953,117713,0.0,0.0,0.0
2024-06-10 15:30:00-04:00,23.05500030517578,23.069900512695312,23.030000686645508,23.030000686645508,99144,0.0,0.0,0.0
2024-06-11 09:30:00-04:00,23.09000015258789,23.1200008392334,23.045000076293945,23.09000015258789,285021,0.0,0.0,0.0
2024-06-11 10:30:00-04:00,23.100000381469727,23.1299991607666,23.059999465942383,23.069799423217773,51913,0.0,0.0,0.0
2024-06-11 11:30:00-04:00,23.06999969482422,23.100000381469727,23.020000457763672,23.020000457763672,54563,0.0,0.0,0.0
2024-06-11 12:30:00-04:00,23.01959991455078,23.069900512695312,23.010000228881836,23.040000915527344,59186,0.0,0.0,0.0
2024-06-11 13:30:00-04:00,23.049999237060547,23.104999542236328,23.049999237060547,23.104999542236328,40417,0.0,0.0,0.0
2024-06-11 14:30:00-04:00,23.099899291992188,23.10070037841797,23.079999923706055,23.09000015258789,22560,0.0,0.0,0.0
2024-06-11 15:30:00-04:00,23.080299377441406,23.110000610351562,23.075000762939453,23.104999542236328,54262,0.0,0.0,0.0
2024-06-12 09:30:00-04:00,23.3700008392334,23.3700008392334,23.149999618530273,23.209999084472656,510766,0.0,0.0,0.0
2024-06-12 10:30:00-04:00,23.200000762939453,23.25,23.170000076293945,23.249900817871094,112592,0.0,0.0,0.0
2024-06-12 11:30:00-04:00,23.25,23.329999923706055,23.239999771118164,23.299999237060547,103712,0.0,0.0,0.0
2024-06-12 12:30:00-04:00,23.299999237060547,23.34000015258789,23.299999237060547,23.33009910583496,54371,0.0,0.0,0.0
2024-06-12 13:30:00-04:00,23.319599151611328,23.31999969482422,23.200000762939453,23.239999771118164,186946,0.0,0.0,0.0
2024-06-12 14:30:00-04:00,23.260000228881836,23.270000457763672,23.110000610351562,23.1200008392334,130945,0.0,0.0,0.0
2024-06-12 15:30:00-04:00,23.114999771118164,23.165000915527344,23.109699249267578,23.15999984741211,88579,0.0,0.0,0.0
2024-06-13 09:30:00-04:00,23.1299991607666,23.190000534057617,22.99959945678711,23.030000686645508,289811,0.0,0.0,0.0
2024-06-13 10:30:00-04:00,23.040000915527344,23.110000610351562,22.989999771118164,23.030000686645508,260173,0.0,0.0,0.0
2024-06-13 11:30:00-04:00,23.02989959716797,23.030099868774414,22.899999618530273,22.920000076293945,105164,0.0,0.0,0.0
2024-06-13 12:30:00-04:00,22.93000030517578,22.98110008239746,22.920000076293945,22.969999313354492,123316,0.0,0.0,0.0
2024-06-13 13:30:00-04:00,22.969999313354492,22.97010040283203,22.940000534057617,22.960100173950195,59021,0.0,0.0,0.0
2024-06-13 14:30:00-04:00,22.96269989013672,22.989900588989258,22.96269989013672,22.979999542236328,95358,0.0,0.0,0.0
2024-06-13 15:30:00-04:00,22.979999542236328,22.9950008392334,22.975000381469727,22.975000381469727,119172,0.0,0.0,0.0
2024-06-14 09:30:00-04:00,23.219999313354492,23.299999237060547,23.190000534057617,23.270000457763672,327072,0.0,0.0,0.0
2024-06-14 10:30:00-04:00,23.280000686645508,23.280099868774414,23.21969985961914,23.229999542236328,118545,0.0,0.0,0.0
2024-06-14 11:30:00-04:00,23.222999572753906,23.260000228881836,23.19499969482422,23.239999771118164,132772,0.0,0.0,0.0
2024-06-14 12:30:00-04:00,23.239999771118164,23.290000915527344,23.229999542236328,23.285600662231445,179755,0.0,0.0,0.0
2024-06-14 13:30:00-04:00,23.280000686645508,23.309999465942383,23.270000457763672,23.290000915527344,108457,0.0,0.0,0.0
2024-06-14 14:30:00-04:00,23.280000686645508,23.299999237060547,23.270000457763672,23.28499984741211,85895,0.0,0.0,0.0
2024-06-14 15:30:00-04:00,23.290000915527344,23.300800323486328,23.270000457763672,23.274999618530273,93615,0.0,0.0,0.0
2024-06-17 09:30:00-04:00,23.190000534057617,23.21739959716797,23.130699157714844,23.209299087524414,238427,0.0,0.0,0.0
2024-06-17 10:30:00-04:00,23.208900451660156,23.220699310302734,23.139999389648438,23.139999389648438,120812,0.0,0.0,0.0
2024-06-17 11:30:00-04:00,23.139999389648438,23.139999389648438,23.040000915527344,23.09000015258789,444339,0.0,0.0,0.0
2024-06-17 12:30:00-04:00,23.094999313354492,23.125,23.084999084472656,23.099000930786133,81232,0.0,0.0,0.0
2024-06-17 13:30:00-04:00,23.090099334716797,23.1299991607666,23.084999084472656,23.1200008392334,79864,0.0,0.0,0.0
2024-06-17 14:30:00-04:00,23.114999771118164,23.149999618530273,23.11009979248047,23.139999389648438,68425,0.0,0.0,0.0
2024-06-17 15:30:00-04:00,23.13010025024414,23.150699615478516,23.13010025024414,23.145000457763672,49525,0.0,0.0,0.0
2024-06-18 09:30:00-04:00,23.139999389648438,23.23069953918457,23.100000381469727,23.19969940185547,419923,0.0,0.0,0.0
2024-06-18 10:30:00-04:00,23.219999313354492,23.222000122070312,23.149999618530273,23.209999084472656,184618,0.0,0.0,0.0
2024-06-18 11:30:00-04:00,23.209999084472656,23.25,23.189300537109375,23.239999771118164,161088,0.0,0.0,0.0
2024-06-18 12:30:00-04:00,23.240100860595703,23.280000686645508,23.209999084472656,23.270000457763672,253354,0.0,0.0,0.0
2024-06-18 13:30:00-04:00,23.270000457763672,23.2893009185791,23.229999542236328,23.251100540161133,62235,0.0,0.0,0.0
2024-06-18 14:30:00-04:00,23.26930046081543,23.270000457763672,23.240100860595703,23.25,52568,0.0,0.0,0.0
2024-06-18 15:30:00-04:00,23.25,23.260000228881836,23.239999771118164,23.25,213375,0.0,0.0,0.0
2024-06-20 09:30:00-04:00,23.3799991607666,23.52989959716797,23.31999969482422,23.4950008392334,336152,0.0,0.0,0.0
2024-06-20 10:30:00-04:00,23.5,23.599000930786133,23.459199905395508,23.45989990234375,473487,0.0,0.0,0.0
2024-06-20 11:30:00-04:00,23.459199905395508,23.51099967956543,23.459199905395508,23.5,274038,0.0,0.0,0.0
2024-06-20 12:30:00-04:00,23.5,23.510799407958984,23.479999542236328,23.5,226424,0.0,0.0,0.0
2024-06-20 13:30:00-04:00,23.494300842285156,23.559999465942383,23.494300842285156,23.559999465942383,73937,0.0,0.0,0.0
2024-06-20 14:30:00-04:00,23.549999237060547,23.550800323486328,23.520000457763672,23.530000686645508,68321,0.0,0.0,0.0
2024-06-20 15:30:00-04:00,23.53019905090332,23.540000915527344,23.528799057006836,23.530000686645508,65940,0.0,0.0,0.0
2024-06-21 09:30:00-04:00,23.510000228881836,23.510000228881836,23.239999771118164,23.299999237060547,436892,0.0,0.0,0.0
2024-06-21 10:30:00-04:00,23.299999237060547,23.329999923706055,23.189899444580078,23.219999313354492,351350,0.0,0.0,0.0
2024-06-21 11:30:00-04:00,23.209999084472656,23.25,23.19499969482422,23.209999084472656,332539,0.0,0.0,0.0
2024-06-21 12:30:00-04:00,23.209999084472656,23.219999313354492,23.1299991607666,23.1299991607666,305171,0.0,0.0,0.0
2024-06-21 13:30:00-04:00,23.1299991607666,23.15999984741211,23.11949920654297,23.15999984741211,146586,0.0,0.0,0.0
2024-06-21 14:30:00-04:00,23.170000076293945,23.184999465942383,23.159000396728516,23.184999465942383,50647,0.0,0.0,0.0
2024-06-21 15:30:00-04:00,23.170000076293945,23.18000030517578,23.165000915527344,23.174999237060547,76646,0.0,0.0,0.0
2024-06-24 09:30:00-04:00,23.270000457763672,23.280099868774414,23.225000381469727,23.2450008392334,290164,0.0,0.0,0.0
2024-06-24 10:30:00-04:00,23.2450008392334,23.281400680541992,23.2450008392334,23.25,320266,0.0,0.0,0.0
2024-06-24 11:30:00-04:00,23.2549991607666,23.260299682617188,23.225000381469727,23.24530029296875,218007,0.0,0.0,0.0
2024-06-24 12:30:00-04:00,23.25,23.270000457763672,23.2450008392334,23.270000457763672,133108,0.0,0.0,0.0
2024-06-24 13:30:00-04:00,23.26799964904785,23.290000915527344,23.260099411010742,23.28499984741211,131006,0.0,0.0,0.0
2024-06-24 14:30:00-04:00,23.289100646972656,23.299999237060547,23.260000228881836,23.270000457763672,87183,0.0,0.0,0.0
2024-06-24 15:30:00-04:00,23.269800186157227,23.28499984741211,23.260000228881836,23.270000457763672,108293,0.0,0.0,0.0
2024-06-25 09:30:00-04:00,23.190000534057617,23.219999313354492,23.149900436401367,23.190000534057617,291316,0.0,0.0,0.0
2024-06-25 10:30:00-04:00,23.190000534057617,23.229900360107422,23.149999618530273,23.155000686645508,334249,0.0,0.0,0.0
2024-06-25 11:30:00-04:00,23.149999618530273,23.200000762939453,23.109399795532227,23.139999389648438,343647,0.0,0.0,0.0
2024-06-25 12:30:00-04:00,23.135000228881836,23.145000457763672,23.104999542236328,23.1299991607666,159017,0.0,0.0,0.0
2024-06-25 13:30:00-04:00,23.138700485229492,23.149999618530273,23.125,23.1299991607666,58060,0.0,0.0,0.0
2024-06-25 14:30:00-04:00,23.135000228881836,23.149999618530273,23.135000228881836,23.145000457763672,46405,0.0,0.0,0.0
2024-06-25 15:30:00-04:00,23.149999618530273,23.149999618530273,23.139999389648438,23.145000457763672,11464,0.0,0.0,0.0
2024-06-26 09:30:00-04:00,22.920000076293945,22.959999084472656,22.885000228881836,22.93000030517578,460673,0.0,0.0,0.0
2024-06-26 10:30:00-04:00,22.931400299072266,22.9950008392334,22.905000686645508,22.959999084472656,442522,0.0,0.0,0.0
2024-06-26 11:30:00-04:00,22.959999084472656,22.975000381469727,22.934999465942383,22.969999313354492,340176,0.0,0.0,0.0
2024-06-26 12:30:00-04:00,22.96500015258789,22.979999542236328,22.934999465942383,22.969999313354492,165824,0.0,0.0,0.0
2024-06-26 13:30:00-04:00,22.969999313354492,22.979999542236328,22.950000762939453,22.950000762939453,105754,0.0,0.0,0.0
2024-06-26 14:30:00-04:00,22.959999084472656,22.959999084472656,22.90999984741211,22.934999465942383,86059,0.0,0.0,0.0
2024-06-26 15:30:00-04:00,22.93000030517578,22.950000762939453,22.920000076293945,22.940000534057617,162760,0.0,0.0,0.0
2024-06-27 09:30:00-04:00,23.18000030517578,23.239999771118164,23.139999389648438,23.18000030517578,468671,0.0,0.0,0.0
2024-06-27 10:30:00-04:00,23.190000534057617,23.2450008392334,23.18000030517578,23.200000762939453,380838,0.0,0.0,0.0
2024-06-27 11:30:00-04:00,23.209999084472656,23.225000381469727,23.190000534057617,23.19499969482422,231832,0.0,0.0,0.0
2024-06-27 12:30:00-04:00,23.19499969482422,23.219999313354492,23.18000030517578,23.200000762939453,212858,0.0,0.0,0.0
2024-06-27 13:30:00-04:00,23.199899673461914,23.209999084472656,23.174999237060547,23.180200576782227,99708,0.0,0.0,0.0
2024-06-27 14:30:00-04:00,23.184999465942383,23.219999313354492,23.165000915527344,23.21500015258789,206533,0.0,0.0,0.0
2024-06-27 15:30:00-04:00,23.209999084472656,23.210100173950195,23.200000762939453,23.200000762939453,51016,0.0,0.0,0.0
2024-06-28 09:30:00-04:00,23.270000457763672,23.2810001373291,23.21500015258789,23.239999771118164,534191,0.0,0.0,0.0
2024-06-28 10:30:00-04:00,23.23979949951172,23.24090003967285,23.174999237060547,23.225000381469727,567403,0.0,0.0,0.0
2024-06-28 11:30:00-04:00,23.229999542236328,23.270099639892578,23.219999313354492,23.26110076904297,359819,0.0,0.0,0.0
2024-06-28 12:30:00-04:00,23.25,23.280000686645508,23.225000381469727,23.239999771118164,272656,0.0,0.0,0.0
2024-06-28 13:30:00-04:00,23.239999771118164,23.239999771118164,23.209999084472656,23.219999313354492,133353,0.0,0.0,0.0
2024-06-28 14:30:00-04:00,23.21500015258789,23.21500015258789,23.18000030517578,23.189899444580078,43732,0.0,0.0,0.0
2024-06-28 15:30:00-04:00,23.18000030517578,23.20989990234375,23.174999237060547,23.19499969482422,69368,0.0,0.0,0.0
2024-07-01 09:30:00-04:00,23.229999542236328,23.280000686645508,23.149999618530273,23.185100555419922,591895,0.0,0.0,0.0
2024-07-01 10:30:00-04:00,23.189800262451172,23.235000610351562,23.14889907836914,23.21500015258789,329719,0.0,0.0,0.0
2024-07-01 11:30:00-04:00,23.21500015258789,23.264999389648438,23.19499969482422,23.2549991607666,230360,0.0,0.0,0.0
2024-07-01 12:30:00-04:00,23.25,23.25,23.21500015258789,23.239999771118164,176002,0.0,0.0,0.0
2024-07-01 13:30:00-04:00,23.229999542236328,23.249799728393555,23.219999313354492,23.22010040283203,72922,0.0,0.0,0.0
2024-07-01 14:30:00-04:00,23.225000381469727,23.259899139404297,23.225000381469727,23.2549991607666,61655,0.0,0.0,0.0
2024-07-01 15:30:00-04:00,23.260000228881836,23.270000457763672,23.2450008392334,23.260000228881836,34310,0.0,0.0,0.0
2024-07-02 09:30:00-04:00,23.229999542236328,23.309999465942383,23.18000030517578,23.209999084472656,526423,0.0,0.0,0.0
2024-07-02 10:30:00-04:00,23.209999084472656,23.25,23.179000854492188,23.229999542236328,372771,0.0,0.0,0.0
2024-07-02 11:30:00-04:00,23.225000381469727,23.229999542236328,23.149999618530273,23.184999465942383,249217,0.0,0.0,0.0
2024-07-02 12:30:00-04:00,23.184999465942383,23.200000762939453,23.15999984741211,23.200000762939453,190442,0.0,0.0,0.0
2024-07-02 13:30:00-04:00,23.19499969482422,23.229999542236328,23.174999237060547,23.219999313354492,138808,0.0,0.0,0.0
2024-07-02 14:30:00-04:00,23.21500015258789,23.25,23.20009994506836,23.2450008392334,51123,0.0,0.0,0.0
2024-07-02 15:30:00-04:00,23.2450008392334,23.260000228881836,23.235000610351562,23.260000228881836,51086,0.0,0.0,0.0
2024-07-03 09:30:00-04:00,23.459999084472656,23.5939998626709,23.444599151611328,23.540000915527344,674187,0.0,0.0,0.0
2024-07-03 10:30:00-04:00,23.539400100708008,23.600000381469727,23.53499984741211,23.579999923706055,266337,0.0,0.0,0.0
2024-07-03 11:30:00-04:00,23.575000762939453,23.59000015258789,23.53499984741211,23.540000915527344,307071,0.0,0.0,0.0
2024-07-05 09:30:00-04:00,23.690000534057617,23.790000915527344,23.690000534057617,23.729900360107422,741069,0.0,0.0,0.0
2024-07-05 10:30:00-04:00,23.729900360107422,23.809999465942383,23.729900360107422,23.790000915527344,534745,0.0,0.0,0.0
2024-07-05 11:30:00-04:00,23.790000915527344,23.825000762939453,23.774999618530273,23.80500030517578,353720,0.0,0.0,0.0
2024-07-05 12:30:00-04:00,23.80500030517578,23.84000015258789,23.790000915527344,23.84000015258789,376453,0.0,0.0,0.0
2024-07-05 13:30:00-04:00,23.84000015258789,23.860000610351562,23.790000915527344,23.850000381469727,197552,0.0,0.0,0.0
2024-07-05 14:30:00-04:00,23.844999313354492,23.875,23.829999923706055,23.850000381469727,162397,0.0,0.0,0.0
2024-07-05 15:30:00-04:00,23.850000381469727,23.854999542236328,23.825000762939453,23.829999923706055,124734,0.0,0.0,0.0
2024-07-08 09:30:00-04:00,23.700000762939453,23.7450008392334,23.655000686645508,23.71500015258789,504858,0.0,0.0,0.0
2024-07-08 10:30:00-04:00,23.71500015258789,23.725000381469727,23.649999618530273,23.649999618530273,440564,0.0,0.0,0.0
2024-07-08 11:30:00-04:00,23.639999389648438,23.639999389648438,23.459999084472656,23.481000900268555,1355405,0.0,0.0,0.0
2024-07-08 12:30:00-04:00,23.489999771118164,23.541000366210938,23.479999542236328,23.5049991607666,214828,0.0,0.0,0.0
2024-07-08 13:30:00-04:00,23.5093994140625,23.540000915527344,23.5,23.5049991607666,51903,0.0,0.0,0.0
2024-07-08 14:30:00-04:00,23.509899139404297,23.52989959716797,23.4950008392334,23.515399932861328,66456,0.0,0.0,0.0
2024-07-08 15:30:00-04:00,23.514999389648438,23.549999237060547,23.510000228881836,23.540000915527344,63322,0.0,0.0,0.0
2024-07-09 09:30:00-04:00,23.579999923706055,23.65999984741211,23.520000457763672,23.56999969482422,463293,0.0,0.0,0.0
2024-07-09 10:30:00-04:00,23.56999969482422,23.600000381469727,23.448999404907227,23.479999542236328,523331,0.0,0.0,0.0
2024-07-09 11:30:00-04:00,23.485000610351562,23.575000762939453,23.47960090637207,23.549999237060547,294142,0.0,0.0,0.0
2024-07-09 12:30:00-04:00,23.550100326538086,23.56100082397461,23.514999389648438,23.560100555419922,323115,0.0,0.0,0.0
2024-07-09 13:30:00-04:00,23.559999465942383,23.600000381469727,23.55500030517578,23.590999603271484,172136,0.0,0.0,0.0
2024-07-09 14:30:00-04:00,23.58989906311035,23.610000610351562,23.584999084472656,23.584999084472656,91233,0.0,0.0,0.0
2024-07-09 15:30:00-04:00,23.584999084472656,23.584999084472656,23.575000762939453,23.575000762939453,38202,0.0,0.0,0.0
2024-07-10 09:30:00-04:00,23.75,23.809999465942383,23.729900360107422,23.738800048828125,421278,0.0,0.0,0.0
2024-07-10 10:30:00-04:00,23.731199264526367,23.731199264526367,23.684999465942383,23.729999542236328,471832,0.0,0.0,0.0
2024-07-10 11:30:00-04:00,23.739999771118164,23.760000228881836,23.72879981994629,23.729999542236328,659289,0.0,0.0,0.0
2024-07-10 12:30:00-04:00,23.729999542236328,23.739999771118164,23.65999984741211,23.678800582885742,416956,0.0,0.0,0.0
2024-07-10 13:30:00-04:00,23.678800582885742,23.684999465942383,23.639999389648438,23.639999389648438,186449,0.0,0.0,0.0
2024-07-10 14:30:00-04:00,23.649999618530273,23.679899215698242,23.649999618530273,23.65999984741211,86938,0.0,0.0,0.0
2024-07-10 15:30:00-04:00,23.655000686645508,23.670000076293945,23.655000686645508,23.65999984741211,33354,0.0,0.0,0.0
2024-07-11 09:30:00-04:00,24.020000457763672,24.05500030517578,23.899999618530273,24.020000457763672,397357,0.0,0.0,0.0
2024-07-11 10:30:00-04:00,24.019899368286133,24.174999237060547,23.985000610351562,24.139999389648438,450081,0.0,0.0,0.0
2024-07-11 11:30:00-04:00,24.149900436401367,24.184999465942383,24.075000762939453,24.079999923706055,475886,0.0,0.0,0.0
2024-07-11 12:30:00-04:00,24.06999969482422,24.101200103759766,24.040000915527344,24.100000381469727,250188,0.0,0.0,0.0
2024-07-11 13:30:00-04:00,24.09000015258789,24.110000610351562,24.060100555419922,24.075000762939453,112722,0.0,0.0,0.0
2024-07-11 14:30:00-04:00,24.079999923706055,24.128599166870117,24.078800201416016,24.114999771118164,101235,0.0,0.0,0.0
2024-07-11 15:30:00-04:00,24.110000610351562,24.114999771118164,24.079999923706055,24.079999923706055,91839,0.0,0.0,0.0
2024-07-12 09:30:00-04:00,23.969999313354492,24.050100326538086,23.940000534057617,24.030000686645508,464733,0.0,0.0,0.0
2024-07-12 10:30:00-04:00,24.031400680541992,24.084999084472656,24.01020050048828,24.049999237060547,193658,0.0,0.0,0.0
2024-07-12 11:30:00-04:00,24.049999237060547,24.100000381469727,24.040000915527344,24.094999313354492,157898,0.0,0.0,0.0
2024-07-12 12:30:00-04:00,24.100000381469727,24.1200008392334,24.097999572753906,24.100099563598633,60247,0.0,0.0,0.0
2024-07-12 13:30:00-04:00,24.105300903320312,24.125,24.09000015258789,24.09000015258789,22477,0.0,0.0,0.0
2024-07-12 14:30:00-04:00,24.09000015258789,24.100000381469727,24.075000762939453,24.084999084472656,32889,0.0,0.0,0.0
2024-07-12 15:30:00-04:00,24.079999923706055,24.09000015258789,24.059999465942383,24.066299438476562,60507,0.0,0.0,0.0
2024-07-15 09:30:00-04:00,24.100000381469727,24.18000030517578,24.059999465942383,24.174999237060547,178854,0.0,0.0,0.0
2024-07-15 10:30:00-04:00,24.170000076293945,24.311399459838867,24.16550064086914,24.30500030517578,356111,0.0,0.0,0.0
2024-07-15 11:30:00-04:00,24.309999465942383,24.309999465942383,24.25,24.270000457763672,147524,0.0,0.0,0.0
2024-07-15 12:30:00-04:00,24.280000686645508,24.344999313354492,24.170000076293945,24.184999465942383,263323,0.0,0.0,0.0
2024-07-15 13:30:00-04:00,24.18000030517578,24.180200576782227,24.139999389648438,24.174999237060547,69696,0.0,0.0,0.0
2024-07-15 14:30:00-04:00,24.170000076293945,24.190000534057617,24.145000457763672,24.170000076293945,52941,0.0,0.0,0.0
2024-07-15 15:30:00-04:00,24.15999984741211,24.18000030517578,24.155000686645508,24.15999984741211,58234,0.0,0.0,0.0
2024-07-16 09:30:00-04:00,24.31999969482422,24.420000076293945,24.309999465942383,24.40999984741211,349002,0.0,0.0,0.0
2024-07-16 10:30:00-04:00,24.40999984741211,24.565000534057617,24.409900665283203,24.545000076293945,217421,0.0,0.0,0.0
2024-07-16 11:30:00-04:00,24.54759979248047,24.600000381469727,24.530000686645508,24.56999969482422,471676,0.0,0.0,0.0
2024-07-16 12:30:00-04:00,24.57990074157715,24.579999923706055,24.530000686645508,24.579999923706055,45675,0.0,0.0,0.0
2024-07-16 13:30:00-04:00,24.56999969482422,24.61009979248047,24.56999969482422,24.59000015258789,35876,0.0,0.0,0.0
2024-07-16 14:30:00-04:00,24.575000762939453,24.610000610351562,24.56999969482422,24.600000381469727,42088,0.0,0.0,0.0
2024-07-16 15:30:00-04:00,24.600000381469727,24.635000228881836,24.59000015258789,24.6299991607666,66402,0.0,0.0,0.0
2024-07-17 09:30:00-04:00,24.700000762939453,24.780000686645508,24.58989906311035,24.638500213623047,411838,0.0,0.0,0.0
2024-07-17 10:30:00-04:00,24.6299991607666,24.67020034790039,24.520299911499023,24.591999053955078,285978,0.0,0.0,0.0
2024-07-17 11:30:00-04:00,24.59000015258789,24.600000381469727,24.469999313354492,24.469999313354492,278090,0.0,0.0,0.0
2024-07-17 12:30:00-04:00,24.489999771118164,24.53019905090332,24.487600326538086,24.520000457763672,119667,0.0,0.0,0.0
2024-07-17 13:30:00-04:00,24.510000228881836,24.510000228881836,24.459999084472656,24.507600784301758,84305,0.0,0.0,0.0
2024-07-17 14:30:00-04:00,24.510000228881836,24.549699783325195,24.509700775146484,24.520099639892578,61754,0.0,0.0,0.0
2024-07-17 15:30:00-04:00,24.520000457763672,24.540000915527344,24.510000228881836,24.530000686645508,89872,0.0,0.0,0.0
2024-07-18 09:30:00-04:00,24.559999465942383,24.600000381469727,24.514999389648438,24.565000534057617,189109,0.0,0.0,0.0
2024-07-18 10:30:00-04:00,24.569900512695312,24.6299991607666,24.530000686645508,24.59239959716797,275547,0.0,0.0,0.0
2024-07-18 11:30:00-04:00,24.590099334716797,24.604999542236328,24.507600784301758,24.545000076293945,856428,0.0,0.0,0.0
2024-07-18 12:30:00-04:00,24.549999237060547,24.549999237060547,24.459999084472656,24.469999313354492,319987,0.0,0.0,0.0
2024-07-18 13:30:00-04:00,24.469999313354492,24.510000228881836,24.46500015258789,24.47010040283203,78122,0.0,0.0,0.0
2024-07-18 14:30:00-04:00,24.459999084472656,24.469999313354492,24.34000015258789,24.371200561523438,129655,0.0,0.0,0.0
2024-07-18 15:30:00-04:00,24.360000610351562,24.3799991607666,24.34000015258789,24.3700008392334,112923,0.0,0.0,0.0
2024-07-19 09:30:00-04:00,23.920000076293945,24.010000228881836,23.899999618530273,23.962499618530273,242499,0.0,0.0,0.0
2024-07-19 10:30:00-04:00,23.968900680541992,24.026899337768555,23.908899307250977,23.989900588989258,159235,0.0,0.0,0.0
2024-07-19 11:30:00-04:00,23.979999542236328,24.01110076904297,23.967500686645508,23.969900131225586,86428,0.0,0.0,0.0
2024-07-19 12:30:00-04:00,23.970199584960938,23.982500076293945,23.918899536132812,23.920000076293945,155139,0.0,0.0,0.0
2024-07-19 13:30:00-04:00,23.922500610351562,23.950300216674805,23.90999984741211,23.929000854492188,49932,0.0,0.0,0.0
2024-07-19 14:30:00-04:00,23.93000030517578,23.939899444580078,23.92259979248047,23.93470001220703,27655,0.0,0.0,0.0
2024-07-19 15:30:00-04:00,23.920000076293945,23.950000762939453,23.920000076293945,23.93000030517578,20400,0.0,0.0,0.0
2024-07-22 09:30:00-04:00,23.920000076293945,23.93000030517578,23.81999969482422,23.81999969482422,202679,0.0,0.0,0.0
2024-07-22 10:30:00-04:00,23.815000534057617,23.84040069580078,23.78499984741211,23.80500030517578,78340,0.0,0.0,0.0
2024-07-22 11:30:00-04:00,23.809900283813477,23.84040069580078,23.795000076293945,23.830400466918945,148648,0.0,0.0,0.0
2024-07-22 12:30:00-04:00,23.829999923706055,23.90999984741211,23.825000762939453,23.88010025024414,164290,0.0,0.0,0.0
2024-07-22 13:30:00-04:00,23.8799991607666,23.899999618530273,23.8700008392334,23.8981990814209,42232,0.0,0.0,0.0
2024-07-22 14:30:00-04:00,23.8981990814209,23.921100616455078,23.889999389648438,23.915000915527344,32254,0.0,0.0,0.0
2024-07-22 15:30:00-04:00,23.920000076293945,23.94499969482422,23.91469955444336,23.934999465942383,39181,0.0,0.0,0.0
2024-07-23 09:30:00-04:00,24.0,24.0,23.940000534057617,23.989999771118164,209772,0.0,0.0,0.0
2024-07-23 10:30:00-04:00,23.98900032043457,24.020000457763672,23.96500015258789,24.00040054321289,216380,0.0,0.0,0.0
2024-07-23 11:30:00-04:00,24.00040054321289,24.020000457763672,23.97960090637207,23.979999542236328,158028,0.0,0.0,0.0
2024-07-23 12:30:00-04:00,23.985000610351562,24.024999618530273,23.985000610351562,24.010000228881836,194565,0.0,0.0,0.0
2024-07-23 13:30:00-04:00,24.0,24.0049991607666,23.975000381469727,23.9950008392334,41400,0.0,0.0,0.0
2024-07-23 14:30:00-04:00,23.989999771118164,24.03499984741211,23.985000610351562,24.026100158691406,71299,0.0,0.0,0.0
2024-07-23 15:30:00-04:00,24.020299911499023,24.040000915527344,24.014999389648438,24.020000457763672,62623,0.0,0.0,0.0
2024-07-24 09:30:00-04:00,24.1200008392334,24.219999313354492,24.1200008392334,24.200300216674805,386770,0.0,0.0,0.0
2024-07-24 10:30:00-04:00,24.20989990234375,24.264999389648438,24.184999465942383,24.219900131225586,476289,0.0,0.0,0.0
2024-07-24 11:30:00-04:00,24.219999313354492,24.239999771118164,24.145000457763672,24.15999984741211,188179,0.0,0.0,0.0
2024-07-24 12:30:00-04:00,24.15019989013672,24.170000076293945,24.09000015258789,24.099899291992188,120072,0.0,0.0,0.0
2024-07-24 13:30:00-04:00,24.098600387573242,24.106800079345703,24.0049991607666,24.030000686645508,185157,0.0,0.0,0.0
2024-07-24 14:30:00-04:00,24.030000686645508,24.040000915527344,24.010000228881836,24.010000228881836,42659,0.0,0.0,0.0
2024-07-24 15:30:00-04:00,24.0,24.014999389648438,23.93000030517578,23.93000030517578,116184,0.0,0.0,0.0
2024-07-25 09:30:00-04:00,23.649999618530273,23.655000686645508,23.523300170898438,23.600000381469727,394930,0.0,0.0,0.0
2024-07-25 10:30:00-04:00,23.600000381469727,23.625,23.559999465942383,23.590099334716797,1115071,0.0,0.0,0.0
2024-07-25 11:30:00-04:00,23.59000015258789,23.61009979248047,23.518600463867188,23.570100784301758,518493,0.0,0.0,0.0
2024-07-25 12:30:00-04:00,23.56999969482422,23.590099334716797,23.479999542236328,23.489999771118164,908041,0.0,0.0,0.0
2024-07-25 13:30:00-04:00,23.485000610351562,23.530000686645508,23.475000381469727,23.530000686645508,341345,0.0,0.0,0.0
2024-07-25 14:30:00-04:00,23.54990005493164,23.554899215698242,23.5049991607666,23.554899215698242,50873,0.0,0.0,0.0
2024-07-25 15:30:00-04:00,23.575000762939453,23.579999923706055,23.559999465942383,23.565000534057617,72544,0.0,0.0,0.0
2024-07-26 09:30:00-04:00,23.739999771118164,23.850000381469727,23.719999313354492,23.799999237060547,343142,0.0,0.0,0.0
2024-07-26 10:30:00-04:00,23.790000915527344,23.81999969482422,23.746700286865234,23.790000915527344,249563,0.0,0.0,0.0
2024-07-26 11:30:00-04:00,23.790000915527344,23.834999084472656,23.790000915527344,23.83009910583496,253792,0.0,0.0,0.0
2024-07-26 12:30:00-04:00,23.829999923706055,23.850000381469727,23.774999618530273,23.774999618530273,230346,0.0,0.0,0.0
2024-07-26 13:30:00-04:00,23.770000457763672,23.80500030517578,23.760000228881836,23.79599952697754,116435,0.0,0.0,0.0
2024-07-26 14:30:00-04:00,23.799999237060547,23.799999237060547,23.774999618530273,23.799999237060547,64115,0.0,0.0,0.0
2024-07-26 15:30:00-04:00,23.80500030517578,23.81999969482422,23.790000915527344,23.809999465942383,26878,0.0,0.0,0.0
2024-07-29 09:30:00-04:00,23.889999389648438,23.90999984741211,23.829999923706055,23.850099563598633,367217,0.0,0.0,0.0
2024-07-29 10:30:00-04:00,23.850099563598633,23.850099563598633,23.649999618530273,23.700000762939453,551608,0.0,0.0,0.0
2024-07-29 11:30:00-04:00,23.690000534057617,23.739999771118164,23.674999237060547,23.711299896240234,505670,0.0,0.0,0.0
2024-07-29 12:30:00-04:00,23.719999313354492,23.774999618530273,23.709999084472656,23.7450008392334,516992,0.0,0.0,0.0
2024-07-29 13:30:00-04:00,23.75,23.774999618530273,23.725000381469727,23.739999771118164,175691,0.0,0.0,0.0
2024-07-29 14:30:00-04:00,23.73859977722168,23.78499984741211,23.729999542236328,23.78499984741211,97962,0.0,0.0,0.0
2024-07-29 15:30:00-04:00,23.780000686645508,23.795000076293945,23.774999618530273,23.774999618530273,306085,0.0,0.0,0.0
2024-07-30 09:30:00-04:00,23.889999389648438,23.920000076293945,23.81999969482422,23.880199432373047,594926,0.0,0.0,0.0
2024-07-30 10:30:00-04:00,23.88010025024414,23.901399612426758,23.78969955444336,23.809999465942383,380369,0.0,0.0,0.0
2024-07-30 11:30:00-04:00,23.815000534057617,23.864999771118164,23.781099319458008,23.860000610351562,418594,0.0,0.0,0.0
2024-07-30 12:30:00-04:00,23.854999542236328,24.059999465942383,23.84950065612793,24.013900756835938,606494,0.0,0.0,0.0
2024-07-30 13:30:00-04:00,24.020000457763672,24.03499984741211,23.97909927368164,24.0,177625,0.0,0.0,0.0
2024-07-30 14:30:00-04:00,24.0,24.0216007232666,23.987699508666992,24.0216007232666,100692,0.0,0.0,0.0
2024-07-30 15:30:00-04:00,24.020000457763672,24.02989959716797,24.0049991607666,24.020000457763672,95946,0.0,0.0,0.0
2024-07-31 09:30:00-04:00,24.149999618530273,24.235000610351562,24.139999389648438,24.18000030517578,382520,0.0,0.0,0.0
2024-07-31 10:30:00-04:00,24.174999237060547,24.200000762939453,24.135000228881836,24.15999984741211,492529,0.0,0.0,0.0
2024-07-31 11:30:00-04:00,24.155000686645508,24.219999313354492,24.155000686645508,24.219999313354492,358698,0.0,0.0,0.0
2024-07-31 12:30:00-04:00,24.21969985961914,24.236000061035156,24.204999923706055,24.22369956970215,120746,0.0,0.0,0.0
2024-07-31 13:30:00-04:00,24.228700637817383,24.235000610351562,24.165000915527344,24.190200805664062,169519,0.0,0.0,0.0
2024-07-31 14:30:00-04:00,24.200000762939453,24.385000228881836,24.200000762939453,24.364999771118164,447396,0.0,0.0,0.0
2024-07-31 15:30:00-04:00,24.364999771118164,24.454599380493164,24.364999771118164,24.450000762939453,317645,0.0,0.0,0.0
2024-08-01 09:30:00-04:00,24.479999542236328,24.55500030517578,24.3700008392334,24.389999389648438,611631,0.0,0.0,0.0
2024-08-01 10:30:00-04:00,24.389999389648438,24.469900131225586,24.375,24.399999618530273,659036,0.0,0.0,0.0
2024-08-01 11:30:00-04:00,24.40999984741211,24.43000030517578,24.360000610351562,24.400100708007812,241152,0.0,0.0,0.0
2024-08-01 12:30:00-04:00,24.399999618530273,24.420000076293945,24.30500030517578,24.30500030517578,381709,0.0,0.0,0.0
2024-08-01 13:30:00-04:00,24.30500030517578,24.344999313354492,24.286800384521484,24.290000915527344,167699,0.0,0.0,0.0
2024-08-01 14:30:00-04:00,24.299999237060547,24.369699478149414,24.28499984741211,24.369699478149414,188437,0.0,0.0,0.0
2024-08-01 15:30:00-04:00,24.375,24.379899978637695,24.351699829101562,24.364999771118164,72662,0.0,0.0,0.0
2024-08-02 09:30:00-04:00,24.610000610351562,24.689699172973633,24.57990074157715,24.58989906311035,674153,0.0,0.0,0.0
2024-08-02 10:30:00-04:00,24.584999084472656,24.59000015258789,24.049999237060547,24.190000534057617,848479,0.0,0.0,0.0
2024-08-02 11:30:00-04:00,24.200000762939453,24.329999923706055,24.139999389648438,24.299999237060547,234030,0.0,0.0,0.0
2024-08-02 12:30:00-04:00,24.299999237060547,24.300199508666992,24.179800033569336,24.209999084472656,208094,0.0,0.0,0.0
2024-08-02 13:30:00-04:00,24.219999313354492,24.280000686645508,24.209999084472656,24.274999618530273,136894,0.0,0.0,0.0
2024-08-02 14:30:00-04:00,24.260000228881836,24.280000686645508,24.200000762939453,24.260000228881836,161513,0.0,0.0,0.0
2024-08-02 15:30:00-04:00,24.270000457763672,24.329999923706055,24.270000457763672,24.325000762939453,182714,0.0,0.0,0.0
2024-08-05 09:30:00-04:00,23.809999465942383,23.90999984741211,23.774999618530273,23.815000534057617,880371,0.0,0.0,0.0
2024-08-05 10:30:00-04:00,23.81999969482422,24.059999465942383,23.81999969482422,24.010000228881836,756141,0.0,0.0,0.0
2024-08-05 11:30:00-04:00,24.010000228881836,24.030000686645508,23.940000534057617,24.020000457763672,684853,0.0,0.0,0.0
2024-08-05 12:30:00-04:00,24.020000457763672,24.030000686645508,23.954999923706055,23.979999542236328,258158,0.0,0.0,0.0
2024-08-05 13:30:00-04:00,23.979999542236328,24.03019905090332,23.959999084472656,24.010000228881836,154284,0.0,0.0,0.0
2024-08-05 14:30:00-04:00,24.009700775146484,24.040000915527344,23.985000610351562,24.03499984741211,134283,0.0,0.0,0.0
2024-08-05 15:30:00-04:00,24.030000686645508,24.06999969482422,24.02400016784668,24.024999618530273,124627,0.0,0.0,0.0
2024-08-06 09:30:00-04:00,23.90999984741211,23.969999313354492,23.850000381469727,23.850000381469727,569192,0.0,0.0,0.0
2024-08-06 10:30:00-04:00,23.849899291992188,23.875,23.760000228881836,23.809999465942383,642107,0.0,0.0,0.0
2024-08-06 11:30:00-04:00,23.809999465942383,23.844999313354492,23.769899368286133,23.81999969482422,314519,0.0,0.0,0.0
2024-08-06 12:30:00-04:00,23.809999465942383,23.860000610351562,23.799999237060547,23.850000381469727,446223,0.0,0.0,0.0
2024-08-06 13:30:00-04:00,23.850000381469727,23.889999389648438,23.84320068359375,23.889999389648438,166017,0.0,0.0,0.0
2024-08-06 14:30:00-04:00,23.8799991607666,23.899999618530273,23.836200714111328,23.844999313354492,142248,0.0,0.0,0.0
2024-08-06 15:30:00-04:00,23.84000015258789,23.84000015258789,23.809999465942383,23.81999969482422,53500,0.0,0.0,0.0
2024-08-07 09:30:00-04:00,23.950000762939453,23.989999771118164,23.920000076293945,23.959999084472656,294755,0.0,0.0,0.0
2024-08-07 10:30:00-04:00,23.962600708007812,23.975000381469727,23.920000076293945,23.93000030517578,222692,0.0,0.0,0.0
2024-08-07 11:30:00-04:00,23.889999389648438,23.90999984741211,23.8700008392334,23.889999389648438,221193,0.0,0.0,0.0
2024-08-07 12:30:00-04:00,23.889999389648438,23.94499969482422,23.860000610351562,23.860000610351562,141215,0.0,0.0,0.0
2024-08-07 13:30:00-04:00,23.860000610351562,23.885000228881836,23.819900512695312,23.84000015258789,288788,0.0,0.0,0.0
2024-08-07 14:30:00-04:00,23.829999923706055,23.844999313354492,23.78059959411621,23.83009910583496,119400,0.0,0.0,0.0
2024-08-07 15:30:00-04:00,23.84000015258789,23.844999313354492,23.790000915527344,23.799999237060547,51055,0.0,0.0,0.0
2024-08-08 09:30:00-04:00,24.049999237060547,24.18000030517578,24.020000457763672,24.170000076293945,492848,0.0,0.0,0.0
2024-08-08 10:30:00-04:00,24.174999237060547,24.18000030517578,24.059999465942383,24.09000015258789,304233,0.0,0.0,0.0
2024-08-08 11:30:00-04:00,24.09000015258789,24.174999237060547,24.079999923706055,24.170000076293945,119305,0.0,0.0,0.0
2024-08-08 12:30:00-04:00,24.170000076293945,24.18000030517578,24.09869956970215,24.18000030517578,126912,0.0,0.0,0.0
2024-08-08 13:30:00-04:00,24.18000030517578,24.200000762939453,24.155000686645508,24.190200805664062,111625,0.0,0.0,0.0
2024-08-08 14:30:00-04:00,24.190000534057617,24.190099716186523,24.165000915527344,24.18549919128418,104376,0.0,0.0,0.0
2024-08-08 15:30:00-04:00,24.184999465942383,24.184999465942383,24.158700942993164,24.170000076293945,81728,0.0,0.0,0.0
2024-08-09 09:30:00-04:00,24.270000457763672,24.270000457763672,24.15999984741211,24.25,279987,0.0,0.0,0.0
2024-08-09 10:30:00-04:00,24.268699645996094,24.301300048828125,24.209999084472656,24.229999542236328,185378,0.0,0.0,0.0
2024-08-09 11:30:00-04:00,24.239900588989258,24.271299362182617,24.219999313354492,24.239999771118164,105489,0.0,0.0,0.0
2024-08-09 12:30:00-04:00,24.249900817871094,24.309999465942383,24.249900817871094,24.280000686645508,137089,0.0,0.0,0.0
2024-08-09 13:30:00-04:00,24.28499984741211,24.28499984741211,24.218700408935547,24.229999542236328,188286,0.0,0.0,0.0
2024-08-09 14:30:00-04:00,24.219999313354492,24.2450008392334,24.21500015258789,24.229999542236328,85397,0.0,0.0,0.0
2024-08-09 15:30:00-04:00,24.231300354003906,24.239999771118164,24.21500015258789,24.229999542236328,43722,0.0,0.0,0.0
2024-08-12 09:30:00-04:00,24.40999984741211,24.514999389648438,24.389999389648438,24.428699493408203,426208,0.0,0.0,0.0
2024-08-12 10:30:00-04:00,24.43000030517578,24.549999237060547,24.429800033569336,24.52039909362793,259380,0.0,0.0,0.0
2024-08-12 11:30:00-04:00,24.520000457763672,24.610000610351562,24.49970054626465,24.579999923706055,177834,0.0,0.0,0.0
2024-08-12 12:30:00-04:00,24.579999923706055,24.594999313354492,24.565000534057617,24.58139991760254,191460,0.0,0.0,0.0
2024-08-12 13:30:00-04:00,24.59000015258789,24.649999618530273,24.584999084472656,24.649999618530273,121441,0.0,0.0,0.0
2024-08-12 14:30:00-04:00,24.645000457763672,24.65999984741211,24.6299991607666,24.649999618530273,98679,0.0,0.0,0.0
2024-08-12 15:30:00-04:00,24.649999618530273,24.661300659179688,24.645000457763672,24.649999618530273,102387,0.0,0.0,0.0
2024-08-13 09:30:00-04:00,24.6299991607666,24.695600509643555,24.614999771118164,24.6200008392334,230758,0.0,0.0,0.0
2024-08-13 10:30:00-04:00,24.6200008392334,24.679899215698242,24.59000015258789,24.6299991607666,289293,0.0,0.0,0.0
2024-08-13 11:30:00-04:00,24.6200008392334,24.655000686645508,24.604999542236328,24.610000610351562,109902,0.0,0.0,0.0
2024-08-13 12:30:00-04:00,24.610000610351562,24.649999618530273,24.608699798583984,24.625200271606445,158374,0.0,0.0,0.0
2024-08-13 13:30:00-04:00,24.620100021362305,24.639999389648438,24.600000381469727,24.625,121798,0.0,0.0,0.0
2024-08-13 14:30:00-04:00,24.620500564575195,24.629899978637695,24.594999313354492,24.600000381469727,90624,0.0,0.0,0.0
2024-08-13 15:30:00-04:00,24.600000381469727,24.6200008392334,24.569900512695312,24.614999771118164,87580,0.0,0.0,0.0
2024-08-14 09:30:00-04:00,24.459999084472656,24.549999237060547,24.440000534057617,24.510000228881836,447301,0.0,0.0,0.0
2024-08-14 10:30:00-04:00,24.510000228881836,24.51129913330078,24.41010093688965,24.440000534057617,427393,0.0,0.0,0.0
2024-08-14 11:30:00-04:00,24.440000534057617,24.441299438476562,24.34000015258789,24.350200653076172,315865,0.0,0.0,0.0
2024-08-14 12:30:00-04:00,24.350000381469727,24.395000457763672,24.329999923706055,24.360000610351562,206610,0.0,0.0,0.0
2024-08-14 13:30:00-04:00,24.360000610351562,24.386999130249023,24.350000381469727,24.385099411010742,202957,0.0,0.0,0.0
2024-08-14 14:30:00-04:00,24.385000228881836,24.429899215698242,24.3799991607666,24.395000457763672,109870,0.0,0.0,0.0
2024-08-14 15:30:00-04:00,24.399999618530273,24.420000076293945,24.389999389648438,24.40999984741211,64982,0.0,0.0,0.0
2024-08-15 09:30:00-04:00,24.420000076293945,24.470399856567383,24.30500030517578,24.459999084472656,514353,0.0,0.0,0.0
2024-08-15 10:30:00-04:00,24.450000762939453,24.524999618530273,24.448699951171875,24.5,265379,0.0,0.0,0.0
2024-08-15 11:30:00-04:00,24.510000228881836,24.540000915527344,24.485000610351562,24.530000686645508,274317,0.0,0.0,0.0
2024-08-15 12:30:00-04:00,24.520000457763672,24.520000457763672,24.469999313354492,24.489999771118164,96441,0.0,0.0,0.0
2024-08-15 13:30:00-04:00,24.48870086669922,24.510000228881836,24.478700637817383,24.510000228881836,76868,0.0,0.0,0.0
2024-08-15 14:30:00-04:00,24.516300201416016,24.559900283813477,24.5,24.545000076293945,145792,0.0,0.0,0.0
2024-08-15 15:30:00-04:00,24.545000076293945,24.545000076293945,24.479999542236328,24.489999771118164,88718,0.0,0.0,0.0
2024-08-16 09:30:00-04:00,24.81999969482422,24.940000534057617,24.719999313354492,24.760000228881836,482660,0.0,0.0,0.0
2024-08-16 10:30:00-04:00,24.750099182128906,24.849899291992188,24.735000610351562,24.81800079345703,272466,0.0,0.0,0.0
2024-08-16 11:30:00-04:00,24.815000534057617,24.905000686645508,24.80500030517578,24.905000686645508,322085,0.0,0.0,0.0
2024-08-16 12:30:00-04:00,24.899999618530273,24.940200805664062,24.875,24.940000534057617,311965,0.0,0.0,0.0
2024-08-16 13:30:00-04:00,24.93000030517578,24.950000762939453,24.905000686645508,24.93000030517578,290638,0.0,0.0,0.0
2024-08-16 14:30:00-04:00,24.934999465942383,25.0049991607666,24.934999465942383,25.0,246849,0.0,0.0,0.0
2024-08-16 15:30:00-04:00,24.998699188232422,25.040000915527344,24.979999542236328,25.020000457763672,202777,0.0,0.0,0.0
2024-08-19 09:30:00-04:00,24.850000381469727,24.930099487304688,24.799999237060547,24.93000030517578,356139,0.0,0.0,0.0
2024-08-19 10:30:00-04:00,24.934999465942383,25.0049991607666,24.93000030517578,25.0,305825,0.0,0.0,0.0
2024-08-19 11:30:00-04:00,24.989999771118164,25.010000228881836,24.940000534057617,24.989999771118164,225882,0.0,0.0,0.0
2024-08-19 12:30:00-04:00,24.985000610351562,25.020000457763672,24.969999313354492,24.969999313354492,125363,0.0,0.0,0.0
2024-08-19 13:30:00-04:00,24.96500015258789,24.989999771118164,24.954999923706055,24.975000381469727,132962,0.0,0.0,0.0
2024-08-19 14:30:00-04:00,24.979999542236328,25.0,24.975000381469727,24.9950008392334,265067,0.0,0.0,0.0
2024-08-19 15:30:00-04:00,24.989999771118164,25.0049991607666,24.979999542236328,25.0,114097,0.0,0.0,0.0
2024-08-20 09:30:00-04:00,25.229999542236328,25.251300811767578,25.148700714111328,25.170000076293945,337552,0.0,0.0,0.0
2024-08-20 10:30:00-04:00,25.170499801635742,25.222999572753906,25.0,25.030000686645508,477054,0.0,0.0,0.0
2024-08-20 11:30:00-04:00,25.040000915527344,25.09000015258789,24.950000762939453,25.0,231706,0.0,0.0,0.0
2024-08-20 12:30:00-04:00,25.0,25.06999969482422,24.979999542236328,25.065000534057617,213822,0.0,0.0,0.0
2024-08-20 13:30:00-04:00,25.059999465942383,25.08989906311035,25.039899826049805,25.084999084472656,106855,0.0,0.0,0.0
2024-08-20 14:30:00-04:00,25.084999084472656,25.100000381469727,25.049999237060547,25.075000762939453,173680,0.0,0.0,0.0
2024-08-20 15:30:00-04:00,25.075000762939453,25.100000381469727,25.06999969482422,25.09000015258789,148782,0.0,0.0,0.0
2024-08-21 09:30:00-04:00,25.020000457763672,25.020000457763672,24.889999389648438,24.950000762939453,631811,0.0,0.0,0.0
2024-08-21 10:30:00-04:00,24.9512996673584,25.03499984741211,24.885000228881836,25.020000457763672,580072,0.0,0.0,0.0
2024-08-21 11:30:00-04:00,25.014999389648438,25.049999237060547,24.979999542236328,25.020000457763672,180608,0.0,0.0,0.0
2024-08-21 12:30:00-04:00,25.010000228881836,25.05109977722168,25.0,25.040000915527344,134515,0.0,0.0,0.0
2024-08-21 13:30:00-04:00,25.0398006439209,25.13599967956543,25.030000686645508,25.1299991607666,155498,0.0,0.0,0.0
2024-08-21 14:30:00-04:00,25.125,25.129899978637695,25.059999465942383,25.065000534057617,96309,0.0,0.0,0.0
2024-08-21 15:30:00-04:00,25.06999969482422,25.100000381469727,25.05500030517578,25.05500030517578,145774,0.0,0.0,0.0
2024-08-22 09:30:00-04:00,24.8799991607666,24.8799991607666,24.638700485229492,24.70680046081543,569354,0.0,0.0,0.0
2024-08-22 10:30:00-04:00,24.700000762939453,24.771299362182617,24.649999618530273,24.700000762939453,379425,0.0,0.0,0.0
2024-08-22 11:30:00-04:00,24.704999923706055,24.78499984741211,24.684999465942383,24.76799964904785,263992,0.0,0.0,0.0
2024-08-22 12:30:00-04:00,24.768699645996094,24.790000915527344,24.729799270629883,24.739999771118164,143376,0.0,0.0,0.0
2024-08-22 13:30:00-04:00,24.739900588989258,24.780000686645508,24.73870086669922,24.76919937133789,165766,0.0,0.0,0.0
2024-08-22 14:30:00-04:00,24.764999389648438,24.770000457763672,24.71500015258789,24.71500015258789,115171,0.0,0.0,0.0
2024-08-22 15:30:00-04:00,24.719999313354492,24.764999389648438,24.718700408935547,24.760000228881836,105157,0.0,0.0,0.0
2024-08-23 09:30:00-04:00,24.950000762939453,25.114999771118164,24.885000228881836,25.079999923706055,497244,0.0,0.0,0.0
2024-08-23 10:30:00-04:00,25.079999923706055,25.1200008392334,24.985000610351562,25.100000381469727,415487,0.0,0.0,0.0
2024-08-23 11:30:00-04:00,25.104999542236328,25.110000610351562,24.992700576782227,25.01020050048828,162082,0.0,0.0,0.0
2024-08-23 12:30:00-04:00,25.014999389648438,25.059999465942383,24.959999084472656,25.040300369262695,272794,0.0,0.0,0.0
2024-08-23 13:30:00-04:00,25.030000686645508,25.06999969482422,25.030000686645508,25.049999237060547,127980,0.0,0.0,0.0
2024-08-23 14:30:00-04:00,25.049999237060547,25.065000534057617,25.020000457763672,25.05500030517578,72349,0.0,0.0,0.0
2024-08-23 15:30:00-04:00,25.05500030517578,25.059999465942383,25.03860092163086,25.045000076293945,120483,0.0,0.0,0.0
2024-08-26 09:30:00-04:00,25.209999084472656,25.209999084472656,25.059999465942383,25.114999771118164,249583,0.0,0.0,0.0
2024-08-26 10:30:00-04:00,25.11989974975586,25.135000228881836,25.058700561523438,25.060100555419922,377250,0.0,0.0,0.0
2024-08-26 11:30:00-04:00,25.065000534057617,25.1200008392334,25.059999465942383,25.100000381469727,274546,0.0,0.0,0.0
2024-08-26 12:30:00-04:00,25.091299057006836,25.18000030517578,25.09000015258789,25.135000228881836,267897,0.0,0.0,0.0
2024-08-26 13:30:00-04:00,25.1299991607666,25.139999389648438,25.104999542236328,25.11009979248047,145357,0.0,0.0,0.0
2024-08-26 14:30:00-04:00,25.104999542236328,25.149999618530273,25.100000381469727,25.139999389648438,185372,0.0,0.0,0.0
2024-08-26 15:30:00-04:00,25.139999389648438,25.15999984741211,25.1200008392334,25.1200008392334,139011,0.0,0.0,0.0
2024-08-27 09:30:00-04:00,25.020000457763672,25.121299743652344,25.0,25.09869956970215,379053,0.0,0.0,0.0
2024-08-27 10:30:00-04:00,25.100099563598633,25.145000457763672,25.084999084472656,25.110000610351562,218143,0.0,0.0,0.0
2024-08-27 11:30:00-04:00,25.104999542236328,25.104999542236328,25.040000915527344,25.06999969482422,124499,0.0,0.0,0.0
2024-08-27 12:30:00-04:00,25.06999969482422,25.1299991607666,25.059999465942383,25.1200008392334,131965,0.0,0.0,0.0
2024-08-27 13:30:00-04:00,25.1200008392334,25.18000030517578,25.1200008392334,25.174999237060547,151557,0.0,0.0,0.0
2024-08-27 14:30:00-04:00,25.190000534057617,25.200000762939453,25.170000076293945,25.18000030517578,243370,0.0,0.0,0.0
2024-08-27 15:30:00-04:00,25.18000030517578,25.199899673461914,25.174999237060547,25.19499969482422,207759,0.0,0.0,0.0
2024-08-28 09:30:00-04:00,25.049999237060547,25.049999237060547,24.940000534057617,24.999900817871094,182579,0.0,0.0,0.0
2024-08-28 10:30:00-04:00,24.999799728393555,25.030099868774414,24.985000610351562,25.020000457763672,264752,0.0,0.0,0.0
2024-08-28 11:30:00-04:00,25.014999389648438,25.049999237060547,24.905000686645508,24.93000030517578,308071,0.0,0.0,0.0
2024-08-28 12:30:00-04:00,24.93000030517578,24.985000610351562,24.920000076293945,24.975000381469727,191612,0.0,0.0,0.0
2024-08-28 13:30:00-04:00,24.975000381469727,25.001300811767578,24.969999313354492,24.979999542236328,87917,0.0,0.0,0.0
2024-08-28 14:30:00-04:00,24.980100631713867,25.040000915527344,24.980100631713867,25.03499984741211,229026,0.0,0.0,0.0
2024-08-28 15:30:00-04:00,25.030500411987305,25.030500411987305,25.010000228881836,25.010000228881836,67909,0.0,0.0,0.0
2024-08-29 09:30:00-04:00,25.059999465942383,25.139999389648438,25.040000915527344,25.110000610351562,430936,0.0,0.0,0.0
2024-08-29 10:30:00-04:00,25.089799880981445,25.184999465942383,25.088699340820312,25.1200008392334,214658,0.0,0.0,0.0
2024-08-29 11:30:00-04:00,25.1200008392334,25.170000076293945,25.104999542236328,25.15999984741211,168256,0.0,0.0,0.0
2024-08-29 12:30:00-04:00,25.170000076293945,25.21500015258789,25.149999618530273,25.200000762939453,183440,0.0,0.0,0.0
2024-08-29 13:30:00-04:00,25.200000762939453,25.209999084472656,25.15999984741211,25.18000030517578,166223,0.0,0.0,0.0
2024-08-29 14:30:00-04:00,25.176000595092773,25.200000762939453,25.139999389648438,25.15999984741211,232353,0.0,0.0,0.0
2024-08-29 15:30:00-04:00,25.15999984741211,25.165000915527344,25.139999389648438,25.139999389648438,563414,0.0,0.0,0.0
2024-08-30 09:30:00-04:00,25.100000381469727,25.1299991607666,25.04990005493164,25.04990005493164,406985,0.0,0.0,0.0
2024-08-30 10:30:00-04:00,25.03499984741211,25.079999923706055,24.979999542236328,24.989999771118164,302384,0.0,0.0,0.0
2024-08-30 11:30:00-04:00,24.979999542236328,25.010000228881836,24.950000762939453,24.959800720214844,227581,0.0,0.0,0.0
2024-08-30 12:30:00-04:00,24.969999313354492,24.979999542236328,24.889999389648438,24.900800704956055,232819,0.0,0.0,0.0
2024-08-30 13:30:00-04:00,24.899999618530273,24.985000610351562,24.889999389648438,24.979999542236328,170662,0.0,0.0,0.0
2024-08-30 14:30:00-04:00,24.969999313354492,24.9950008392334,24.924999237060547,24.959800720214844,146023,0.0,0.0,0.0
2024-08-30 15:30:00-04:00,24.959999084472656,24.989999771118164,24.94499969482422,24.96500015258789,126931,0.0,0.0,0.0
2024-09-03 09:30:00-04:00,24.8700008392334,24.8700008392334,24.670000076293945,24.709999084472656,411388,0.0,0.0,0.0
2024-09-03 10:30:00-04:00,24.719999313354492,24.770000457763672,24.709999084472656,24.770000457763672,208036,0.0,0.0,0.0
2024-09-03 11:30:00-04:00,24.764999389648438,24.831300735473633,24.760000228881836,24.80500030517578,308633,0.0,0.0,0.0
2024-09-03 12:30:00-04:00,24.799999237060547,24.860000610351562,24.780099868774414,24.854999542236328,83234,0.0,0.0,0.0
2024-09-03 13:30:00-04:00,24.850000381469727,24.862499237060547,24.809999465942383,24.834999084472656,93221,0.0,0.0,0.0
2024-09-03 14:30:00-04:00,24.829999923706055,24.8799991607666,24.809999465942383,24.8799991607666,90281,0.0,0.0,0.0
2024-09-03 15:30:00-04:00,24.8799991607666,24.885000228881836,24.850000381469727,24.860000610351562,66129,0.0,0.0,0.0
2024-09-04 09:30:00-04:00,24.809999465942383,24.940000534057617,24.764999389648438,24.860000610351562,451266,0.0,0.0,0.0
2024-09-04 10:30:00-04:00,24.860000610351562,24.941299438476562,24.860000610351562,24.899999618530273,277449,0.0,0.0,0.0
2024-09-04 11:30:00-04:00,24.8799991607666,24.90999984741211,24.86989974975586,24.905000686645508,180879,0.0,0.0,0.0
2024-09-04 12:30:00-04:00,24.899999618530273,24.920000076293945,24.889999389648438,24.889999389648438,84814,0.0,0.0,0.0
2024-09-04 13:30:00-04:00,24.889999389648438,24.890199661254883,24.8700008392334,24.875,110182,0.0,0.0,0.0
2024-09-04 14:30:00-04:00,24.875,24.895000457763672,24.864999771118164,24.8799991607666,92802,0.0,0.0,0.0
2024-09-04 15:30:00-04:00,24.8799991607666,24.8799991607666,24.850000381469727,24.8700008392334,117299,0.0,0.0,0.0
2024-09-05 09:30:00-04:00,25.110000610351562,25.139999389648438,25.014999389648438,25.100000381469727,358263,0.0,0.0,0.0
2024-09-05 10:30:00-04:00,25.114999771118164,25.1200008392334,24.979999542236328,25.0,345559,0.0,0.0,0.0
2024-09-05 11:30:00-04:00,25.010000228881836,25.049999237060547,25.0,25.040000915527344,179746,0.0,0.0,0.0
2024-09-05 12:30:00-04:00,25.040000915527344,25.06999969482422,25.030000686645508,25.06999969482422,86616,0.0,0.0,0.0
2024-09-05 13:30:00-04:00,25.059999465942383,25.100000381469727,25.049999237060547,25.094999313354492,58025,0.0,0.0,0.0
2024-09-05 14:30:00-04:00,25.094999313354492,25.110000610351562,25.079999923706055,25.079999923706055,996244,0.0,0.0,0.0
2024-09-05 15:30:00-04:00,25.084999084472656,25.094999313354492,25.059999465942383,25.079999923706055,287373,0.0,0.0,0.0
2024-09-06 09:30:00-04:00,25.030000686645508,25.049999237060547,24.959999084472656,24.979999542236328,434739,0.0,0.0,0.0
2024-09-06 10:30:00-04:00,24.989999771118164,25.1200008392334,24.948999404907227,25.084999084472656,732198,0.0,0.0,0.0
2024-09-06 11:30:00-04:00,25.09000015258789,25.09000015258789,24.84000015258789,24.8799991607666,601455,0.0,0.0,0.0
2024-09-06 12:30:00-04:00,24.877700805664062,24.899999618530273,24.789499282836914,24.885000228881836,615689,0.0,0.0,0.0
2024-09-06 13:30:00-04:00,24.885000228881836,24.905000686645508,24.854999542236328,24.895000457763672,323890,0.0,0.0,0.0
2024-09-06 14:30:00-04:00,24.895000457763672,24.895000457763672,24.844999313354492,24.8799991607666,162599,0.0,0.0,0.0
2024-09-06 15:30:00-04:00,24.885000228881836,24.90999984741211,24.8700008392334,24.899999618530273,373102,0.0,0.0,0.0
2024-09-09 09:30:00-04:00,24.969999313354492,24.969999313354492,24.899999618530273,24.93000030517578,127985,0.0,0.0,0.0
2024-09-09 10:30:00-04:00,24.93000030517578,24.939899444580078,24.8700008392334,24.889999389648438,164997,0.0,0.0,0.0
2024-09-09 11:30:00-04:00,24.889999389648438,24.96500015258789,24.889999389648438,24.954500198364258,91752,0.0,0.0,0.0
2024-09-09 12:30:00-04:00,24.96500015258789,24.990100860595703,24.959800720214844,24.975000381469727,67340,0.0,0.0,0.0
2024-09-09 13:30:00-04:00,24.969999313354492,25.0,24.934999465942383,24.954999923706055,160906,0.0,0.0,0.0
2024-09-09 14:30:00-04:00,24.95009994506836,24.989999771118164,24.95009994506836,24.969999313354492,158073,0.0,0.0,0.0
2024-09-09 15:30:00-04:00,24.975000381469727,25.0,24.96500015258789,24.9950008392334,243765,0.0,0.0,0.0
2024-09-10 09:30:00-04:00,25.079999923706055,25.079999923706055,24.954999923706055,24.959999084472656,183799,0.0,0.0,0.0
2024-09-10 10:30:00-04:00,24.950000762939453,25.076000213623047,24.940000534057617,25.06999969482422,211944,0.0,0.0,0.0
2024-09-10 11:30:00-04:00,25.06999969482422,25.121000289916992,25.045000076293945,25.069900512695312,188983,0.0,0.0,0.0
2024-09-10 12:30:00-04:00,25.075000762939453,25.094999313354492,25.06999969482422,25.079999923706055,47488,0.0,0.0,0.0
2024-09-10 13:30:00-04:00,25.077800750732422,25.09000015258789,25.065000534057617,25.079999923706055,73484,0.0,0.0,0.0
2024-09-10 14:30:00-04:00,25.09000015258789,25.110000610351562,25.079999923706055,25.08989906311035,127868,0.0,0.0,0.0
2024-09-10 15:30:00-04:00,25.084999084472656,25.110000610351562,25.075000762939453,25.110000610351562,226971,0.0,0.0,0.0
2024-09-11 09:30:00-04:00,25.020000457763672,25.045000076293945,24.950000762939453,25.0049991607666,412658,0.0,0.0,0.0
2024-09-11 10:30:00-04:00,25.010000228881836,25.084999084472656,24.969999313354492,25.06999969482422,230068,0.0,0.0,0.0
2024-09-11 11:30:00-04:00,25.06999969482422,25.100000381469727,25.05500030517578,25.094999313354492,73225,0.0,0.0,0.0
2024-09-11 12:30:00-04:00,25.094999313354492,25.139999389648438,25.065000534057617,25.079999923706055,199747,0.0,0.0,0.0
2024-09-11 13:30:00-04:00,25.075000762939453,25.104999542236328,25.059999465942383,25.065000534057617,589725,0.0,0.0,0.0
2024-09-11 14:30:00-04:00,25.059999465942383,25.06999969482422,25.030000686645508,25.049999237060547,1453181,0.0,0.0,0.0
2024-09-11 15:30:00-04:00,25.059999465942383,25.06999969482422,25.030000686645508,25.065000534057617,164798,0.0,0.0,0.0
2024-09-12 09:30:00-04:00,25.31999969482422,25.44499969482422,25.309799194335938,25.3700008392334,461694,0.0,0.0,0.0
2024-09-12 10:30:00-04:00,25.375,25.480199813842773,25.375,25.460100173950195,179132,0.0,0.0,0.0
2024-09-12 11:30:00-04:00,25.469999313354492,25.479999542236328,25.385000228881836,25.389999389648438,203905,0.0,0.0,0.0
2024-09-12 12:30:00-04:00,25.388999938964844,25.479999542236328,25.388999938964844,25.454999923706055,131669,0.0,0.0,0.0
2024-09-12 13:30:00-04:00,25.454999923706055,25.480199813842773,25.450000762939453,25.479999542236328,131568,0.0,0.0,0.0
2024-09-12 14:30:00-04:00,25.479999542236328,25.524999618530273,25.479000091552734,25.485000610351562,177122,0.0,0.0,0.0
2024-09-12 15:30:00-04:00,25.489900588989258,25.524999618530273,25.485000610351562,25.510000228881836,158349,0.0,0.0,0.0
2024-09-13 09:30:00-04:00,25.709999084472656,25.770000457763672,25.677400588989258,25.71500015258789,537641,0.0,0.0,0.0
2024-09-13 10:30:00-04:00,25.719999313354492,25.739999771118164,25.674999237060547,25.716772079467773,390760,0.0,0.0,0.0
2024-09-13 11:30:00-04:00,25.7189998626709,25.790000915527344,25.716800689697266,25.770000457763672,369334,0.0,0.0,0.0
2024-09-13 12:30:00-04:00,25.760000228881836,25.79990005493164,25.743000030517578,25.760000228881836,383312,0.0,0.0,0.0
2024-09-13 13:30:00-04:00,25.770000457763672,25.780000686645508,25.7450008392334,25.780000686645508,191327,0.0,0.0,0.0
2024-09-13 14:30:00-04:00,25.775999069213867,25.778499603271484,25.729999542236328,25.760000228881836,300977,0.0,0.0,0.0
2024-09-13 15:30:00-04:00,25.76259994506836,25.770000457763672,25.75,25.764999389648438,97613,0.0,0.0,0.0
