Datetime,Open,High,Low,Close,Volume,Dividends,Stock Splits
2022-09-15 09:30:00-04:00,5.840000152587891,5.88129997253418,5.829999923706055,5.829999923706055,51827,0.0,0.0
2022-09-15 10:30:00-04:00,5.829999923706055,5.829999923706055,5.739999771118164,5.78000020980835,89624,0.0,0.0
2022-09-15 11:30:00-04:00,5.760000228881836,5.769999980926514,5.670000076293945,5.690000057220459,38793,0.0,0.0
2022-09-15 12:30:00-04:00,5.690000057220459,5.760000228881836,5.690000057220459,5.7515997886657715,25487,0.0,0.0
2022-09-15 13:30:00-04:00,5.760000228881836,5.760000228881836,5.650000095367432,5.650000095367432,20876,0.0,0.0
2022-09-15 14:30:00-04:00,5.664999961853027,5.699999809265137,5.619999885559082,5.675000190734863,57110,0.0,0.0
2022-09-15 15:30:00-04:00,5.659999847412109,5.670000076293945,5.635000228881836,5.670000076293945,32365,0.0,0.0
2022-09-16 09:30:00-04:00,5.699999809265137,5.699999809265137,5.570000171661377,5.601900100708008,34669,0.0,0.0
2022-09-16 10:30:00-04:00,5.610000133514404,5.619999885559082,5.574999809265137,5.59499979019165,27622,0.0,0.0
2022-09-16 11:30:00-04:00,5.59499979019165,5.670000076293945,5.59499979019165,5.670000076293945,18077,0.0,0.0
2022-09-16 12:30:00-04:00,5.679999828338623,5.75,5.670000076293945,5.739999771118164,25298,0.0,0.0
2022-09-16 13:30:00-04:00,5.75,5.809999942779541,5.735000133514404,5.804999828338623,24563,0.0,0.0
2022-09-16 14:30:00-04:00,5.804999828338623,5.820000171661377,5.760000228881836,5.775000095367432,26886,0.0,0.0
2022-09-16 15:30:00-04:00,5.775000095367432,5.920000076293945,5.764999866485596,5.900000095367432,76021,0.0,0.0
2022-09-19 09:30:00-04:00,5.889999866485596,5.990600109100342,5.864999771118164,5.885000228881836,41864,0.0,0.0
2022-09-19 10:30:00-04:00,5.885000228881836,5.940000057220459,5.869999885559082,5.880000114440918,81887,0.0,0.0
2022-09-19 11:30:00-04:00,5.860000133514404,5.860000133514404,5.840000152587891,5.840000152587891,26086,0.0,0.0
2022-09-19 12:30:00-04:00,5.835000038146973,5.880000114440918,5.829999923706055,5.849999904632568,8718,0.0,0.0
2022-09-19 13:30:00-04:00,5.849999904632568,5.869999885559082,5.809999942779541,5.820000171661377,10779,0.0,0.0
2022-09-19 14:30:00-04:00,5.815000057220459,5.860000133514404,5.789999961853027,5.829999923706055,118526,0.0,0.0
2022-09-19 15:30:00-04:00,5.840000152587891,5.840000152587891,5.710000038146973,5.710000038146973,165973,0.0,0.0
2022-09-20 09:30:00-04:00,5.710000038146973,5.760000228881836,5.664999961853027,5.739999771118164,28363,0.0,0.0
2022-09-20 10:30:00-04:00,5.76140022277832,5.800000190734863,5.71999979019165,5.78000020980835,15997,0.0,0.0
2022-09-20 11:30:00-04:00,5.789999961853027,5.829999923706055,5.770100116729736,5.797800064086914,16308,0.0,0.0
2022-09-20 12:30:00-04:00,5.78000020980835,5.8084001541137695,5.756400108337402,5.760000228881836,12425,0.0,0.0
2022-09-20 13:30:00-04:00,5.760000228881836,5.760000228881836,5.730000019073486,5.75,7789,0.0,0.0
2022-09-20 14:30:00-04:00,5.740799903869629,5.760000228881836,5.710000038146973,5.71999979019165,8776,0.0,0.0
2022-09-20 15:30:00-04:00,5.71999979019165,5.739999771118164,5.679999828338623,5.679999828338623,19270,0.0,0.0
2022-09-21 09:30:00-04:00,5.699999809265137,5.78000020980835,5.670000076293945,5.739999771118164,30112,0.0,0.0
2022-09-21 10:30:00-04:00,5.744999885559082,5.75,5.695000171661377,5.719200134277344,11504,0.0,0.0
2022-09-21 11:30:00-04:00,5.715000152587891,5.730000019073486,5.690000057220459,5.690000057220459,3402,0.0,0.0
2022-09-21 12:30:00-04:00,5.690000057220459,5.710000038146973,5.679999828338623,5.710000038146973,29175,0.0,0.0
2022-09-21 13:30:00-04:00,5.704999923706055,5.724999904632568,5.620200157165527,5.650000095367432,32649,0.0,0.0
2022-09-21 14:30:00-04:00,5.639999866485596,5.769999980926514,5.630000114440918,5.679999828338623,62055,0.0,0.0
2022-09-21 15:30:00-04:00,5.659999847412109,5.6717000007629395,5.630000114440918,5.650000095367432,38325,0.0,0.0
2022-09-22 09:30:00-04:00,5.639999866485596,5.639999866485596,5.5,5.579999923706055,80872,0.0,0.0
2022-09-22 10:30:00-04:00,5.590000152587891,5.610000133514404,5.5,5.53000020980835,34354,0.0,0.0
2022-09-22 11:30:00-04:00,5.52269983291626,5.550000190734863,5.460000038146973,5.5,42459,0.0,0.0
2022-09-22 12:30:00-04:00,5.5,5.510000228881836,5.440000057220459,5.441400051116943,16053,0.0,0.0
2022-09-22 13:30:00-04:00,5.449999809265137,5.519999980926514,5.440100193023682,5.489999771118164,31047,0.0,0.0
2022-09-22 14:30:00-04:00,5.489999771118164,5.5,5.475200176239014,5.485000133514404,11471,0.0,0.0
2022-09-22 15:30:00-04:00,5.489999771118164,5.519999980926514,5.479899883270264,5.519999980926514,29470,0.0,0.0
2022-09-23 09:30:00-04:00,5.380000114440918,5.460000038146973,5.230000019073486,5.25,87040,0.0,0.0
2022-09-23 10:30:00-04:00,5.261899948120117,5.269999980926514,5.170000076293945,5.230000019073486,78379,0.0,0.0
2022-09-23 11:30:00-04:00,5.230000019073486,5.239099979400635,5.139999866485596,5.139999866485596,43367,0.0,0.0
2022-09-23 12:30:00-04:00,5.139999866485596,5.235000133514404,5.119999885559082,5.199999809265137,36342,0.0,0.0
2022-09-23 13:30:00-04:00,5.210000038146973,5.210000038146973,5.105000019073486,5.130000114440918,26358,0.0,0.0
2022-09-23 14:30:00-04:00,5.130000114440918,5.190000057220459,5.090099811553955,5.190000057220459,69788,0.0,0.0
2022-09-23 15:30:00-04:00,5.190000057220459,5.210000038146973,5.190000057220459,5.198999881744385,32244,0.0,0.0
2022-09-26 09:30:00-04:00,5.25,5.25,5.070000171661377,5.099999904632568,56559,0.0,0.0
2022-09-26 10:30:00-04:00,5.09499979019165,5.09499979019165,5.014999866485596,5.014999866485596,79322,0.0,0.0
2022-09-26 11:30:00-04:00,5.019999980926514,5.019999980926514,4.920000076293945,4.920000076293945,102587,0.0,0.0
2022-09-26 12:30:00-04:00,4.909999847412109,4.939899921417236,4.829999923706055,4.875699996948242,44689,0.0,0.0
2022-09-26 13:30:00-04:00,4.880000114440918,4.914999961853027,4.835000038146973,4.909999847412109,58609,0.0,0.0
2022-09-26 14:30:00-04:00,4.909999847412109,4.945000171661377,4.885000228881836,4.900000095367432,39566,0.0,0.0
2022-09-26 15:30:00-04:00,4.900000095367432,4.900000095367432,4.829999923706055,4.840000152587891,73891,0.0,0.0
2022-09-27 09:30:00-04:00,4.989999771118164,5.0,4.760000228881836,4.789899826049805,69019,0.0,0.0
2022-09-27 10:30:00-04:00,4.775000095367432,4.840000152587891,4.730000019073486,4.748899936676025,89638,0.0,0.0
2022-09-27 11:30:00-04:00,4.739999771118164,4.764999866485596,4.670000076293945,4.679999828338623,83538,0.0,0.0
2022-09-27 12:30:00-04:00,4.679999828338623,4.699999809265137,4.630000114440918,4.659999847412109,41273,0.0,0.0
2022-09-27 13:30:00-04:00,4.670000076293945,4.710000038146973,4.630000114440918,4.644999980926514,59356,0.0,0.0
2022-09-27 14:30:00-04:00,4.6458001136779785,4.710000038146973,4.644999980926514,4.670000076293945,49890,0.0,0.0
2022-09-27 15:30:00-04:00,4.670000076293945,4.71999979019165,4.65500020980835,4.670000076293945,72232,0.0,0.0
2022-09-28 09:30:00-04:00,4.71999979019165,4.8470001220703125,4.670000076293945,4.699999809265137,50323,0.0,0.0
2022-09-28 10:30:00-04:00,4.710100173950195,4.789999961853027,4.664000034332275,4.7895002365112305,30002,0.0,0.0
2022-09-28 11:30:00-04:00,4.750100135803223,4.900000095367432,4.730000019073486,4.809999942779541,137712,0.0,0.0
2022-09-28 12:30:00-04:00,4.809999942779541,4.869900226593018,4.800000190734863,4.860000133514404,75741,0.0,0.0
2022-09-28 13:30:00-04:00,4.860000133514404,4.885000228881836,4.829999923706055,4.885000228881836,38953,0.0,0.0
2022-09-28 14:30:00-04:00,4.880000114440918,4.920000076293945,4.869900226593018,4.869900226593018,58021,0.0,0.0
2022-09-28 15:30:00-04:00,4.879899978637695,4.900000095367432,4.860000133514404,4.880000114440918,67734,0.0,0.0
2022-09-29 09:30:00-04:00,4.710000038146973,4.710000038146973,4.269999980926514,4.320000171661377,132195,0.0,0.0
2022-09-29 10:30:00-04:00,4.329999923706055,4.369999885559082,4.269999980926514,4.289999961853027,61178,0.0,0.0
2022-09-29 11:30:00-04:00,4.28000020980835,4.289999961853027,4.210000038146973,4.210000038146973,78060,0.0,0.0
2022-09-29 12:30:00-04:00,4.204999923706055,4.210000038146973,4.159999847412109,4.170000076293945,56239,0.0,0.0
2022-09-29 13:30:00-04:00,4.170100212097168,4.189899921417236,4.050000190734863,4.079999923706055,89424,0.0,0.0
2022-09-29 14:30:00-04:00,4.079999923706055,4.159999847412109,4.079999923706055,4.159999847412109,60651,0.0,0.0
2022-09-29 15:30:00-04:00,4.150000095367432,4.21999979019165,4.150000095367432,4.199999809265137,64115,0.0,0.0
2022-09-30 09:30:00-04:00,4.179999828338623,4.289999961853027,4.159999847412109,4.28000020980835,33518,0.0,0.0
2022-09-30 10:30:00-04:00,4.289999961853027,4.320000171661377,4.260000228881836,4.289999961853027,37708,0.0,0.0
2022-09-30 11:30:00-04:00,4.28000020980835,4.28000020980835,4.184999942779541,4.25,32125,0.0,0.0
2022-09-30 12:30:00-04:00,4.25,4.259900093078613,4.210000038146973,4.255000114440918,24636,0.0,0.0
2022-09-30 13:30:00-04:00,4.255000114440918,4.260000228881836,4.21999979019165,4.21999979019165,19570,0.0,0.0
2022-09-30 14:30:00-04:00,4.215000152587891,4.215000152587891,4.159999847412109,4.159999847412109,65983,0.0,0.0
2022-09-30 15:30:00-04:00,4.15500020980835,4.175000190734863,4.130000114440918,4.139999866485596,47293,0.0,0.0
2022-10-03 09:30:00-04:00,4.190000057220459,4.25,3.860100030899048,4.190000057220459,136276,0.0,0.0
2022-10-03 10:30:00-04:00,4.190000057220459,4.210000038146973,4.090000152587891,4.144999980926514,107164,0.0,0.0
2022-10-03 11:30:00-04:00,4.139999866485596,4.150000095367432,4.050000190734863,4.059999942779541,39842,0.0,0.0
2022-10-03 12:30:00-04:00,4.079999923706055,4.119999885559082,4.059999942779541,4.119999885559082,31087,0.0,0.0
2022-10-03 13:30:00-04:00,4.130000114440918,4.159999847412109,4.110000133514404,4.150000095367432,23591,0.0,0.0
2022-10-03 14:30:00-04:00,4.150000095367432,4.150000095367432,4.090000152587891,4.110000133514404,40280,0.0,0.0
2022-10-03 15:30:00-04:00,4.110000133514404,4.110000133514404,4.03000020980835,4.039999961853027,29645,0.0,0.0
2022-10-04 09:30:00-04:00,4.150000095367432,4.510000228881836,4.150000095367432,4.440000057220459,122268,0.0,0.0
2022-10-04 10:30:00-04:00,4.46999979019165,4.559999942779541,4.46999979019165,4.493000030517578,79140,0.0,0.0
2022-10-04 11:30:00-04:00,4.5,4.5507001876831055,4.5,4.539999961853027,51780,0.0,0.0
2022-10-04 12:30:00-04:00,4.539999961853027,4.610000133514404,4.53000020980835,4.53000020980835,108796,0.0,0.0
2022-10-04 13:30:00-04:00,4.534999847412109,4.550000190734863,4.489999771118164,4.489999771118164,87755,0.0,0.0
2022-10-04 14:30:00-04:00,4.489999771118164,4.570000171661377,4.485000133514404,4.570000171661377,57439,0.0,0.0
2022-10-04 15:30:00-04:00,4.574999809265137,4.605000019073486,4.559999942779541,4.565000057220459,85957,0.0,0.0
2022-10-05 09:30:00-04:00,4.489999771118164,4.489999771118164,4.2266998291015625,4.234899997711182,63869,0.0,0.0
2022-10-05 10:30:00-04:00,4.223700046539307,4.224999904632568,4.159999847412109,4.210000038146973,34112,0.0,0.0
2022-10-05 11:30:00-04:00,4.206900119781494,4.206900119781494,4.119999885559082,4.150000095367432,24306,0.0,0.0
2022-10-05 12:30:00-04:00,4.150000095367432,4.199999809265137,4.139999866485596,4.199999809265137,12530,0.0,0.0
2022-10-05 13:30:00-04:00,4.199999809265137,4.21999979019165,4.179999828338623,4.21999979019165,30447,0.0,0.0
2022-10-05 14:30:00-04:00,4.21999979019165,4.300000190734863,4.2118000984191895,4.264999866485596,44011,0.0,0.0
2022-10-05 15:30:00-04:00,4.269999980926514,4.269999980926514,4.210000038146973,4.21999979019165,32851,0.0,0.0
2022-10-06 09:30:00-04:00,4.190000057220459,4.260000228881836,4.0,4.0,76220,0.0,0.0
2022-10-06 10:30:00-04:00,4.0,4.074999809265137,3.950000047683716,4.034999847412109,42731,0.0,0.0
2022-10-06 11:30:00-04:00,4.050000190734863,4.099999904632568,4.014699935913086,4.079999923706055,52343,0.0,0.0
2022-10-06 12:30:00-04:00,4.064000129699707,4.088200092315674,4.03000020980835,4.070000171661377,18266,0.0,0.0
2022-10-06 13:30:00-04:00,4.0746002197265625,4.110000133514404,4.039999961853027,4.099999904632568,49603,0.0,0.0
2022-10-06 14:30:00-04:00,4.090000152587891,4.090000152587891,4.019999980926514,4.078999996185303,23810,0.0,0.0
2022-10-06 15:30:00-04:00,4.079999923706055,4.079999923706055,4.019999980926514,4.03000020980835,88017,0.0,0.0
2022-10-07 09:30:00-04:00,3.880000114440918,4.050000190734863,3.8399999141693115,3.950000047683716,109870,0.0,0.0
2022-10-07 10:30:00-04:00,3.940000057220459,3.990000009536743,3.9049999713897705,3.9600000381469727,48691,0.0,0.0
2022-10-07 11:30:00-04:00,3.956399917602539,4.010000228881836,3.956399917602539,3.9800000190734863,31646,0.0,0.0
2022-10-07 12:30:00-04:00,3.9500999450683594,3.9500999450683594,3.869999885559082,3.940000057220459,44457,0.0,0.0
2022-10-07 13:30:00-04:00,3.940000057220459,3.9498000144958496,3.869999885559082,3.9000000953674316,27096,0.0,0.0
2022-10-07 14:30:00-04:00,3.888700008392334,3.9149999618530273,3.8499999046325684,3.9000000953674316,68556,0.0,0.0
2022-10-07 15:30:00-04:00,3.890000104904175,3.9398999214172363,3.880000114440918,3.890000104904175,83374,0.0,0.0
2022-10-10 09:30:00-04:00,3.8499999046325684,3.890000104904175,3.700000047683716,3.7699999809265137,93652,0.0,0.0
2022-10-10 10:30:00-04:00,3.759999990463257,3.7690000534057617,3.640000104904175,3.6649999618530273,59431,0.0,0.0
2022-10-10 11:30:00-04:00,3.6500000953674316,3.690000057220459,3.5941998958587646,3.609999895095825,64933,0.0,0.0
2022-10-10 12:30:00-04:00,3.6050000190734863,3.619999885559082,3.549999952316284,3.609999895095825,28080,0.0,0.0
2022-10-10 13:30:00-04:00,3.609999895095825,3.680000066757202,3.5999999046325684,3.609999895095825,27047,0.0,0.0
2022-10-10 14:30:00-04:00,3.609999895095825,3.619999885559082,3.5399999618530273,3.5399999618530273,62222,0.0,0.0
2022-10-10 15:30:00-04:00,3.5350000858306885,3.5899999141693115,3.515000104904175,3.5794999599456787,106566,0.0,0.0
2022-10-11 09:30:00-04:00,3.559999942779541,3.7799999713897705,3.559999942779541,3.759999990463257,80493,0.0,0.0
2022-10-11 10:30:00-04:00,3.7335000038146973,3.859999895095825,3.7335000038146973,3.859999895095825,25167,0.0,0.0
2022-10-11 11:30:00-04:00,3.8499999046325684,3.9549999237060547,3.8499999046325684,3.869999885559082,48049,0.0,0.0
2022-10-11 12:30:00-04:00,3.882499933242798,3.930000066757202,3.859999895095825,3.880000114440918,31162,0.0,0.0
2022-10-11 13:30:00-04:00,3.8877999782562256,3.9000000953674316,3.8499999046325684,3.880000114440918,16675,0.0,0.0
2022-10-11 14:30:00-04:00,3.880000114440918,3.884999990463257,3.759999990463257,3.790600061416626,20472,0.0,0.0
2022-10-11 15:30:00-04:00,3.7950000762939453,3.8299999237060547,3.79010009765625,3.8299999237060547,40342,0.0,0.0
2022-10-12 09:30:00-04:00,3.869999885559082,3.869999885559082,3.640000104904175,3.680000066757202,34162,0.0,0.0
2022-10-12 10:30:00-04:00,3.6500000953674316,3.740000009536743,3.5999999046325684,3.740000009536743,63170,0.0,0.0
2022-10-12 11:30:00-04:00,3.7321999073028564,3.745500087738037,3.6649999618530273,3.6700000762939453,12149,0.0,0.0
2022-10-12 12:30:00-04:00,3.680000066757202,3.700000047683716,3.6600000858306885,3.690000057220459,10465,0.0,0.0
2022-10-12 13:30:00-04:00,3.700000047683716,3.744999885559082,3.6600000858306885,3.744999885559082,23972,0.0,0.0
2022-10-12 14:30:00-04:00,3.740000009536743,3.759999990463257,3.7100000381469727,3.759999990463257,10849,0.0,0.0
2022-10-12 15:30:00-04:00,3.75,3.7699999809265137,3.7200000286102295,3.7249999046325684,18762,0.0,0.0
2022-10-13 09:30:00-04:00,3.6600000858306885,3.7662999629974365,3.5999999046325684,3.640000104904175,23581,0.0,0.0
2022-10-13 10:30:00-04:00,3.6500000953674316,3.759999990463257,3.6500000953674316,3.740000009536743,11842,0.0,0.0
2022-10-13 11:30:00-04:00,3.740000009536743,3.7699999809265137,3.662899971008301,3.677299976348877,28961,0.0,0.0
2022-10-13 12:30:00-04:00,3.6700000762939453,3.759999990463257,3.640000104904175,3.759999990463257,46587,0.0,0.0
2022-10-13 13:30:00-04:00,3.759999990463257,3.7899999618530273,3.755000114440918,3.765000104904175,14924,0.0,0.0
2022-10-13 14:30:00-04:00,3.759999990463257,3.8399999141693115,3.759999990463257,3.819999933242798,20987,0.0,0.0
2022-10-13 15:30:00-04:00,3.8299999237060547,3.8399999141693115,3.799999952316284,3.819999933242798,46516,0.0,0.0
2022-10-14 09:30:00-04:00,3.880000114440918,4.0,3.8399999141693115,3.869999885559082,27225,0.0,0.0
2022-10-14 10:30:00-04:00,3.859999895095825,3.9200000762939453,3.809999942779541,3.859999895095825,15872,0.0,0.0
2022-10-14 11:30:00-04:00,3.8399999141693115,3.869999885559082,3.819999933242798,3.8598999977111816,14982,0.0,0.0
2022-10-14 12:30:00-04:00,3.851099967956543,3.8550000190734863,3.799999952316284,3.809999942779541,11703,0.0,0.0
2022-10-14 13:30:00-04:00,3.8299999237060547,3.8589000701904297,3.819999933242798,3.8299999237060547,8388,0.0,0.0
2022-10-14 14:30:00-04:00,3.8201000690460205,3.8299999237060547,3.7899999618530273,3.799999952316284,27679,0.0,0.0
2022-10-14 15:30:00-04:00,3.809999942779541,3.819999933242798,3.7699999809265137,3.7899999618530273,30097,0.0,0.0
2022-10-17 09:30:00-04:00,3.8399999141693115,3.9100000858306885,3.759999990463257,3.799999952316284,61503,0.0,0.0
2022-10-17 10:30:00-04:00,3.799999952316284,3.869999885559082,3.7699999809265137,3.859999895095825,39999,0.0,0.0
2022-10-17 11:30:00-04:00,3.868499994277954,3.869999885559082,3.809999942779541,3.8299999237060547,13913,0.0,0.0
2022-10-17 12:30:00-04:00,3.825000047683716,3.825000047683716,3.7699999809265137,3.799999952316284,43672,0.0,0.0
2022-10-17 13:30:00-04:00,3.799999952316284,3.8299999237060547,3.759999990463257,3.759999990463257,11292,0.0,0.0
2022-10-17 14:30:00-04:00,3.7699999809265137,3.7999000549316406,3.740000009536743,3.75,33762,0.0,0.0
2022-10-17 15:30:00-04:00,3.755000114440918,3.7899999618530273,3.75,3.7799999713897705,25094,0.0,0.0
2022-10-18 09:30:00-04:00,4.150000095367432,4.338699817657471,4.119999885559082,4.121500015258789,168860,0.0,0.0
2022-10-18 10:30:00-04:00,4.119999885559082,4.215000152587891,4.088200092315674,4.199999809265137,113042,0.0,0.0
2022-10-18 11:30:00-04:00,4.199999809265137,4.260000228881836,4.179999828338623,4.25,40148,0.0,0.0
2022-10-18 12:30:00-04:00,4.239999771118164,4.25,4.059999942779541,4.179999828338623,153157,0.0,0.0
2022-10-18 13:30:00-04:00,4.179999828338623,4.199999809265137,4.170000076293945,4.199999809265137,16643,0.0,0.0
2022-10-18 14:30:00-04:00,4.199999809265137,4.204999923706055,4.079999923706055,4.099999904632568,42694,0.0,0.0
2022-10-18 15:30:00-04:00,4.110000133514404,4.150000095367432,4.099999904632568,4.148799896240234,61651,0.0,0.0
2022-10-19 09:30:00-04:00,4.059999942779541,4.150000095367432,3.9800000190734863,4.050000190734863,37285,0.0,0.0
2022-10-19 10:30:00-04:00,4.039999961853027,4.050000190734863,3.9800000190734863,3.9800000190734863,45376,0.0,0.0
2022-10-19 11:30:00-04:00,3.9800000190734863,3.990000009536743,3.950000047683716,3.984999895095825,34973,0.0,0.0
2022-10-19 12:30:00-04:00,3.9800000190734863,3.990000009536743,3.930000066757202,3.9684998989105225,38893,0.0,0.0
2022-10-19 13:30:00-04:00,3.9600000381469727,4.010000228881836,3.950000047683716,3.984999895095825,9802,0.0,0.0
2022-10-19 14:30:00-04:00,3.9800000190734863,4.110000133514404,3.9649999141693115,4.090000152587891,149605,0.0,0.0
2022-10-19 15:30:00-04:00,4.09499979019165,4.110000133514404,4.039999961853027,4.059999942779541,65761,0.0,0.0
2022-10-20 09:30:00-04:00,4.110000133514404,4.420000076293945,4.050000190734863,4.320000171661377,69662,0.0,0.0
2022-10-20 10:30:00-04:00,4.289999961853027,4.382400035858154,4.260000228881836,4.360000133514404,44003,0.0,0.0
2022-10-20 11:30:00-04:00,4.360000133514404,4.420000076293945,4.329999923706055,4.329999923706055,32204,0.0,0.0
2022-10-20 12:30:00-04:00,4.329999923706055,4.341300010681152,4.300000190734863,4.300000190734863,14524,0.0,0.0
2022-10-20 13:30:00-04:00,4.289999961853027,4.329999923706055,4.289999961853027,4.309999942779541,5654,0.0,0.0
2022-10-20 14:30:00-04:00,4.323400020599365,4.323400020599365,4.239999771118164,4.25,23403,0.0,0.0
2022-10-20 15:30:00-04:00,4.244999885559082,4.260000228881836,4.210000038146973,4.239999771118164,24467,0.0,0.0
2022-10-21 09:30:00-04:00,4.239999771118164,4.260000228881836,4.156099796295166,4.21999979019165,26674,0.0,0.0
2022-10-21 10:30:00-04:00,4.199999809265137,4.209000110626221,4.159999847412109,4.190000057220459,10045,0.0,0.0
2022-10-21 11:30:00-04:00,4.190000057220459,4.312300205230713,4.190000057220459,4.289999961853027,14369,0.0,0.0
2022-10-21 12:30:00-04:00,4.300000190734863,4.329999923706055,4.269999980926514,4.28000020980835,30039,0.0,0.0
2022-10-21 13:30:00-04:00,4.28000020980835,4.28000020980835,4.239999771118164,4.25,16936,0.0,0.0
2022-10-21 14:30:00-04:00,4.260000228881836,4.300000190734863,4.260000228881836,4.300000190734863,24395,0.0,0.0
2022-10-21 15:30:00-04:00,4.307300090789795,4.320000171661377,4.295000076293945,4.304999828338623,7416,0.0,0.0
2022-10-24 09:30:00-04:00,4.340000152587891,4.400000095367432,4.269999980926514,4.269999980926514,14067,0.0,0.0
2022-10-24 10:30:00-04:00,4.28000020980835,4.335000038146973,4.230599880218506,4.329999923706055,4818,0.0,0.0
2022-10-24 11:30:00-04:00,4.320000171661377,4.349999904632568,4.320000171661377,4.340000152587891,4204,0.0,0.0
2022-10-24 12:30:00-04:00,4.329999923706055,4.389999866485596,4.300000190734863,4.300000190734863,12933,0.0,0.0
2022-10-24 13:30:00-04:00,4.300000190734863,4.329999923706055,4.300000190734863,4.320000171661377,5286,0.0,0.0
2022-10-24 14:30:00-04:00,4.300000190734863,4.320000171661377,4.300000190734863,4.320000171661377,3630,0.0,0.0
2022-10-24 15:30:00-04:00,4.309999942779541,4.320000171661377,4.269999980926514,4.284999847412109,30185,0.0,0.0
2022-10-25 09:30:00-04:00,4.300000190734863,4.462800025939941,4.21999979019165,4.429999828338623,55909,0.0,0.0
2022-10-25 10:30:00-04:00,4.46999979019165,4.574999809265137,4.454999923706055,4.53000020980835,27416,0.0,0.0
2022-10-25 11:30:00-04:00,4.550000190734863,4.589399814605713,4.53000020980835,4.589399814605713,7309,0.0,0.0
2022-10-25 12:30:00-04:00,4.589300155639648,4.630000114440918,4.579999923706055,4.579999923706055,30882,0.0,0.0
2022-10-25 13:30:00-04:00,4.587299823760986,4.619999885559082,4.587299823760986,4.610000133514404,15124,0.0,0.0
2022-10-25 14:30:00-04:00,4.601900100708008,4.610000133514404,4.590000152587891,4.599999904632568,13503,0.0,0.0
2022-10-25 15:30:00-04:00,4.610000133514404,4.610000133514404,4.579999923706055,4.579999923706055,16034,0.0,0.0
2022-10-26 09:30:00-04:00,4.639999866485596,4.730000019073486,4.545000076293945,4.639999866485596,38953,0.0,0.0
2022-10-26 10:30:00-04:00,4.65500020980835,4.724100112915039,4.610000133514404,4.715000152587891,23302,0.0,0.0
2022-10-26 11:30:00-04:00,4.699999809265137,4.760000228881836,4.699999809265137,4.71999979019165,18718,0.0,0.0
2022-10-26 12:30:00-04:00,4.730000019073486,4.75,4.710000038146973,4.75,18655,0.0,0.0
2022-10-26 13:30:00-04:00,4.730000019073486,4.75,4.690000057220459,4.699999809265137,26734,0.0,0.0
2022-10-26 14:30:00-04:00,4.695000171661377,4.699999809265137,4.670000076293945,4.670000076293945,12819,0.0,0.0
2022-10-26 15:30:00-04:00,4.664999961853027,4.664999961853027,4.610000133514404,4.610000133514404,28623,0.0,0.0
2022-10-27 09:30:00-04:00,4.699999809265137,4.800000190734863,4.619999885559082,4.670000076293945,21939,0.0,0.0
2022-10-27 10:30:00-04:00,4.670000076293945,4.730000019073486,4.670000076293945,4.730000019073486,17865,0.0,0.0
2022-10-27 11:30:00-04:00,4.75,4.769999980926514,4.715000152587891,4.730000019073486,23219,0.0,0.0
2022-10-27 12:30:00-04:00,4.739999771118164,4.809999942779541,4.739999771118164,4.800000190734863,22344,0.0,0.0
2022-10-27 13:30:00-04:00,4.809999942779541,4.840000152587891,4.759900093078613,4.775300025939941,22318,0.0,0.0
2022-10-27 14:30:00-04:00,4.769999980926514,4.769999980926514,4.690000057220459,4.699999809265137,7916,0.0,0.0
2022-10-27 15:30:00-04:00,4.710000038146973,4.710000038146973,4.639999866485596,4.659999847412109,19484,0.0,0.0
2022-10-28 09:30:00-04:00,4.659999847412109,4.849999904632568,4.619999885559082,4.789999961853027,21760,0.0,0.0
2022-10-28 10:30:00-04:00,4.800000190734863,4.820000171661377,4.78000020980835,4.78000020980835,11024,0.0,0.0
2022-10-28 11:30:00-04:00,4.789999961853027,4.847599983215332,4.769999980926514,4.847599983215332,18796,0.0,0.0
2022-10-28 12:30:00-04:00,4.835000038146973,4.869900226593018,4.835000038146973,4.860000133514404,7424,0.0,0.0
2022-10-28 13:30:00-04:00,4.866300106048584,4.880000114440918,4.809999942779541,4.832300186157227,19142,0.0,0.0
2022-10-28 14:30:00-04:00,4.840000152587891,4.855000019073486,4.820000171661377,4.840000152587891,26583,0.0,0.0
2022-10-28 15:30:00-04:00,4.840000152587891,4.869999885559082,4.831099987030029,4.840000152587891,27256,0.0,0.0
2022-10-31 09:30:00-04:00,4.900000095367432,4.98769998550415,4.809999942779541,4.949999809265137,52063,0.0,0.0
2022-10-31 10:30:00-04:00,4.949999809265137,4.989999771118164,4.929999828338623,4.980000019073486,26998,0.0,0.0
2022-10-31 11:30:00-04:00,4.980000019073486,5.0625,4.965000152587891,5.010000228881836,39021,0.0,0.0
2022-10-31 12:30:00-04:00,5.019999980926514,5.019999980926514,4.989999771118164,5.010000228881836,17747,0.0,0.0
2022-10-31 13:30:00-04:00,5.018499851226807,5.019999980926514,4.980000019073486,4.989999771118164,17564,0.0,0.0
2022-10-31 14:30:00-04:00,4.989999771118164,4.994999885559082,4.929999828338623,4.934999942779541,23735,0.0,0.0
2022-10-31 15:30:00-04:00,4.929999828338623,4.949999809265137,4.900000095367432,4.920000076293945,37898,0.0,0.0
2022-11-01 09:30:00-04:00,4.869999885559082,5.0,4.789999961853027,4.909999847412109,86785,0.0,0.0
2022-11-01 10:30:00-04:00,4.889999866485596,4.900000095367432,4.829999923706055,4.849999904632568,6816,0.0,0.0
2022-11-01 11:30:00-04:00,4.849999904632568,4.925000190734863,4.829999923706055,4.867700099945068,19414,0.0,0.0
2022-11-01 12:30:00-04:00,4.860000133514404,4.920000076293945,4.860000133514404,4.889999866485596,9234,0.0,0.0
2022-11-01 13:30:00-04:00,4.889999866485596,4.920000076293945,4.880000114440918,4.90500020980835,5753,0.0,0.0
2022-11-01 14:30:00-04:00,4.918300151824951,4.929999828338623,4.860000133514404,4.860000133514404,5088,0.0,0.0
2022-11-01 15:30:00-04:00,4.868199825286865,4.889999866485596,4.860000133514404,4.880000114440918,10615,0.0,0.0
2022-11-02 09:30:00-04:00,4.849999904632568,4.8979997634887695,4.820000171661377,4.849999904632568,15266,0.0,0.0
2022-11-02 10:30:00-04:00,4.860000133514404,4.88040018081665,4.840099811553955,4.8582000732421875,9857,0.0,0.0
2022-11-02 11:30:00-04:00,4.849999904632568,4.860000133514404,4.820000171661377,4.841000080108643,7510,0.0,0.0
2022-11-02 12:30:00-04:00,4.82919979095459,4.860000133514404,4.829100131988525,4.860000133514404,8264,0.0,0.0
2022-11-02 13:30:00-04:00,4.860000133514404,4.980000019073486,4.840000152587891,4.980000019073486,15428,0.0,0.0
2022-11-02 14:30:00-04:00,5.0,5.0,4.820000171661377,4.820000171661377,23169,0.0,0.0
2022-11-02 15:30:00-04:00,4.820000171661377,4.8597002029418945,4.809999942779541,4.820000171661377,11356,0.0,0.0
2022-11-03 09:30:00-04:00,4.78000020980835,4.800000190734863,4.579999923706055,4.630000114440918,54262,0.0,0.0
2022-11-03 10:30:00-04:00,4.619999885559082,4.718999862670898,4.610000133514404,4.6620001792907715,17539,0.0,0.0
2022-11-03 11:30:00-04:00,4.670000076293945,4.71999979019165,4.65500020980835,4.715000152587891,6431,0.0,0.0
2022-11-03 12:30:00-04:00,4.71999979019165,4.815000057220459,4.71999979019165,4.795000076293945,19989,0.0,0.0
2022-11-03 13:30:00-04:00,4.795000076293945,4.820000171661377,4.78000020980835,4.809999942779541,14403,0.0,0.0
2022-11-03 14:30:00-04:00,4.804999828338623,4.820000171661377,4.78000020980835,4.789999961853027,22705,0.0,0.0
2022-11-03 15:30:00-04:00,4.789999961853027,4.804999828338623,4.75,4.75,23667,0.0,0.0
2022-11-04 09:30:00-04:00,4.800000190734863,5.019999980926514,4.800000190734863,4.994999885559082,47149,0.0,0.0
2022-11-04 10:30:00-04:00,4.994999885559082,5.079999923706055,4.985000133514404,5.03000020980835,25681,0.0,0.0
2022-11-04 11:30:00-04:00,5.03000020980835,5.03000020980835,4.9120001792907715,4.980000019073486,37762,0.0,0.0
2022-11-04 12:30:00-04:00,4.999899864196777,5.0,4.940000057220459,4.989999771118164,25002,0.0,0.0
2022-11-04 13:30:00-04:00,4.985000133514404,5.010000228881836,4.929999828338623,5.010000228881836,13780,0.0,0.0
2022-11-04 14:30:00-04:00,5.019999980926514,5.070000171661377,5.0,5.059999942779541,19887,0.0,0.0
2022-11-04 15:30:00-04:00,5.050000190734863,5.079999923706055,5.019999980926514,5.079999923706055,20077,0.0,0.0
2022-11-07 09:30:00-05:00,5.070000171661377,5.190000057220459,5.03000020980835,5.051300048828125,23533,0.0,0.0
2022-11-07 10:30:00-05:00,5.058800220489502,5.150000095367432,5.050000190734863,5.144999980926514,23704,0.0,0.0
2022-11-07 11:30:00-05:00,5.159999847412109,5.204999923706055,5.119999885559082,5.177999973297119,22264,0.0,0.0
2022-11-07 12:30:00-05:00,5.179999828338623,5.25,5.179900169372559,5.239999771118164,13178,0.0,0.0
2022-11-07 13:30:00-05:00,5.230000019073486,5.320000171661377,5.224999904632568,5.300000190734863,13060,0.0,0.0
2022-11-07 14:30:00-05:00,5.300000190734863,5.300000190734863,5.190000057220459,5.21999979019165,36760,0.0,0.0
2022-11-07 15:30:00-05:00,5.190000057220459,5.239999771118164,5.170000076293945,5.239999771118164,19453,0.0,0.0
2022-11-08 09:30:00-05:00,5.269999980926514,5.349999904632568,5.239999771118164,5.277299880981445,45279,0.0,0.0
2022-11-08 10:30:00-05:00,5.275000095367432,5.297599792480469,5.260000228881836,5.266200065612793,73468,0.0,0.0
2022-11-08 11:30:00-05:00,5.264999866485596,5.28000020980835,5.21999979019165,5.255000114440918,13536,0.0,0.0
2022-11-08 12:30:00-05:00,5.255000114440918,5.255000114440918,5.170000076293945,5.170000076293945,64670,0.0,0.0
2022-11-08 13:30:00-05:00,5.159999847412109,5.179999828338623,5.099999904632568,5.110000133514404,15246,0.0,0.0
2022-11-08 14:30:00-05:00,5.110000133514404,5.230000019073486,5.110000133514404,5.224999904632568,10777,0.0,0.0
2022-11-08 15:30:00-05:00,5.230000019073486,5.269999980926514,5.230000019073486,5.269999980926514,22756,0.0,0.0
2022-11-09 09:30:00-05:00,5.239999771118164,5.320000171661377,5.179999828338623,5.309999942779541,23714,0.0,0.0
2022-11-09 10:30:00-05:00,5.309999942779541,5.329999923706055,5.25,5.329999923706055,12258,0.0,0.0
2022-11-09 11:30:00-05:00,5.320000171661377,5.320000171661377,5.269999980926514,5.289999961853027,19397,0.0,0.0
2022-11-09 12:30:00-05:00,5.260000228881836,5.269999980926514,5.239999771118164,5.269999980926514,16883,0.0,0.0
2022-11-09 13:30:00-05:00,5.269999980926514,5.289999961853027,5.130000114440918,5.144999980926514,68080,0.0,0.0
2022-11-09 14:30:00-05:00,5.139999866485596,5.179999828338623,5.114999771118164,5.179999828338623,19177,0.0,0.0
2022-11-09 15:30:00-05:00,5.179999828338623,5.179999828338623,5.130000114440918,5.130000114440918,12686,0.0,0.0
2022-11-10 09:30:00-05:00,5.309999942779541,5.448699951171875,5.300099849700928,5.380000114440918,67596,0.0,0.0
2022-11-10 10:30:00-05:00,5.369999885559082,5.369999885559082,5.289999961853027,5.369999885559082,24911,0.0,0.0
2022-11-10 11:30:00-05:00,5.369999885559082,5.420000076293945,5.339900016784668,5.380000114440918,41654,0.0,0.0
2022-11-10 12:30:00-05:00,5.380000114440918,5.409999847412109,5.349999904632568,5.409999847412109,43604,0.0,0.0
2022-11-10 13:30:00-05:00,5.409999847412109,5.420000076293945,5.369999885559082,5.400000095367432,19139,0.0,0.0
2022-11-10 14:30:00-05:00,5.400000095367432,5.409999847412109,5.360000133514404,5.360000133514404,90567,0.0,0.0
2022-11-10 15:30:00-05:00,5.364999771118164,5.440000057220459,5.34499979019165,5.440000057220459,77831,0.0,0.0
2022-11-11 09:30:00-05:00,5.449999809265137,5.610000133514404,5.409999847412109,5.581699848175049,52122,0.0,0.0
2022-11-11 10:30:00-05:00,5.590000152587891,5.599999904632568,5.539999961853027,5.570000171661377,51071,0.0,0.0
2022-11-11 11:30:00-05:00,5.579999923706055,5.869999885559082,5.550000190734863,5.860000133514404,146089,0.0,0.0
2022-11-11 12:30:00-05:00,5.853400230407715,5.869999885559082,5.690000057220459,5.710000038146973,81888,0.0,0.0
2022-11-11 13:30:00-05:00,5.710000038146973,5.764999866485596,5.710000038146973,5.75,39967,0.0,0.0
2022-11-11 14:30:00-05:00,5.75,5.760000228881836,5.670000076293945,5.690000057220459,36806,0.0,0.0
2022-11-11 15:30:00-05:00,5.690000057220459,5.719799995422363,5.639999866485596,5.650000095367432,76852,0.0,0.0
2022-11-14 09:30:00-05:00,5.639999866485596,5.701099872589111,5.429999828338623,5.557400226593018,55077,0.0,0.0
2022-11-14 10:30:00-05:00,5.559999942779541,5.619999885559082,5.53000020980835,5.599999904632568,35001,0.0,0.0
2022-11-14 11:30:00-05:00,5.605000019073486,5.610000133514404,5.525000095367432,5.599999904632568,44592,0.0,0.0
2022-11-14 12:30:00-05:00,5.610000133514404,5.630000114440918,5.579999923706055,5.590000152587891,15497,0.0,0.0
2022-11-14 13:30:00-05:00,5.590000152587891,5.609899997711182,5.519999980926514,5.519999980926514,7617,0.0,0.0
2022-11-14 14:30:00-05:00,5.5278000831604,5.534999847412109,5.489999771118164,5.5,28445,0.0,0.0
2022-11-14 15:30:00-05:00,5.494999885559082,5.510000228881836,5.440000057220459,5.440000057220459,27645,0.0,0.0
2022-11-15 09:30:00-05:00,5.539999961853027,5.75,5.519999980926514,5.670000076293945,46521,0.0,0.0
2022-11-15 10:30:00-05:00,5.659999847412109,5.659999847412109,5.53000020980835,5.559999942779541,67255,0.0,0.0
2022-11-15 11:30:00-05:00,5.559999942779541,5.570000171661377,5.489999771118164,5.5,22694,0.0,0.0
2022-11-15 12:30:00-05:00,5.510000228881836,5.519999980926514,5.449999809265137,5.46999979019165,40400,0.0,0.0
2022-11-15 13:30:00-05:00,5.465000152587891,5.519999980926514,5.454999923706055,5.489999771118164,28340,0.0,0.0
2022-11-15 14:30:00-05:00,5.5,5.539999961853027,5.489999771118164,5.489999771118164,14964,0.0,0.0
2022-11-15 15:30:00-05:00,5.489999771118164,5.519999980926514,5.474999904632568,5.519999980926514,24265,0.0,0.0
2022-11-16 09:30:00-05:00,5.510000228881836,5.519899845123291,5.300000190734863,5.300000190734863,16637,0.0,0.0
2022-11-16 10:30:00-05:00,5.320000171661377,5.320000171661377,5.190000057220459,5.309999942779541,32226,0.0,0.0
2022-11-16 11:30:00-05:00,5.309999942779541,5.309999942779541,5.239999771118164,5.269999980926514,7214,0.0,0.0
2022-11-16 12:30:00-05:00,5.260000228881836,5.349999904632568,5.260000228881836,5.340000152587891,14607,0.0,0.0
2022-11-16 13:30:00-05:00,5.339799880981445,5.339799880981445,5.28000020980835,5.324999809265137,18293,0.0,0.0
2022-11-16 14:30:00-05:00,5.309999942779541,5.320000171661377,5.260000228881836,5.269999980926514,16456,0.0,0.0
2022-11-16 15:30:00-05:00,5.260000228881836,5.284999847412109,5.25,5.260000228881836,14718,0.0,0.0
2022-11-17 09:30:00-05:00,5.190000057220459,5.199999809265137,5.099999904632568,5.15500020980835,20468,0.0,0.0
2022-11-17 10:30:00-05:00,5.15500020980835,5.15500020980835,5.079999923706055,5.150000095367432,46533,0.0,0.0
2022-11-17 11:30:00-05:00,5.150000095367432,5.269999980926514,5.150000095367432,5.21999979019165,39477,0.0,0.0
2022-11-17 12:30:00-05:00,5.21999979019165,5.230000019073486,5.190000057220459,5.21999979019165,10157,0.0,0.0
2022-11-17 13:30:00-05:00,5.21999979019165,5.230000019073486,5.179999828338623,5.190000057220459,19913,0.0,0.0
2022-11-17 14:30:00-05:00,5.199999809265137,5.230000019073486,5.170000076293945,5.230000019073486,14464,0.0,0.0
2022-11-17 15:30:00-05:00,5.210000038146973,5.289999961853027,5.210000038146973,5.260000228881836,26208,0.0,0.0
2022-11-18 09:30:00-05:00,5.380000114440918,5.409999847412109,5.190000057220459,5.269999980926514,42255,0.0,0.0
2022-11-18 10:30:00-05:00,5.25,5.275199890136719,5.230000019073486,5.269999980926514,10485,0.0,0.0
2022-11-18 11:30:00-05:00,5.269999980926514,5.269999980926514,5.235000133514404,5.25,24663,0.0,0.0
2022-11-18 12:30:00-05:00,5.260000228881836,5.319200038909912,5.260000228881836,5.319200038909912,14381,0.0,0.0
2022-11-18 13:30:00-05:00,5.320000171661377,5.3653998374938965,5.320000171661377,5.364999771118164,24309,0.0,0.0
2022-11-18 14:30:00-05:00,5.349999904632568,5.355000019073486,5.320000171661377,5.349999904632568,20063,0.0,0.0
2022-11-18 15:30:00-05:00,5.360000133514404,5.369999885559082,5.320000171661377,5.349999904632568,7855,0.0,0.0
2022-11-21 09:30:00-05:00,5.289999961853027,5.46999979019165,5.260000228881836,5.46999979019165,25045,0.0,0.0
2022-11-21 10:30:00-05:00,5.46999979019165,5.485000133514404,5.40500020980835,5.40500020980835,34973,0.0,0.0
2022-11-21 11:30:00-05:00,5.394999980926514,5.460000038146973,5.389999866485596,5.449999809265137,12378,0.0,0.0
2022-11-21 12:30:00-05:00,5.460000038146973,5.505000114440918,5.460000038146973,5.5,15081,0.0,0.0
2022-11-21 13:30:00-05:00,5.5,5.505000114440918,5.400000095367432,5.434999942779541,68454,0.0,0.0
2022-11-21 14:30:00-05:00,5.429999828338623,5.46999979019165,5.400000095367432,5.400000095367432,15101,0.0,0.0
2022-11-21 15:30:00-05:00,5.400000095367432,5.429999828338623,5.380000114440918,5.420000076293945,17264,0.0,0.0
2022-11-22 09:30:00-05:00,5.429999828338623,5.539999961853027,5.340000152587891,5.539999961853027,5455,0.0,0.0
2022-11-22 10:30:00-05:00,5.5,5.539999961853027,5.489999771118164,5.510000228881836,4714,0.0,0.0
2022-11-22 11:30:00-05:00,5.5,5.510000228881836,5.5,5.5,9810,0.0,0.0
2022-11-22 12:30:00-05:00,5.5,5.538000106811523,5.5,5.519999980926514,7019,0.0,0.0
2022-11-22 13:30:00-05:00,5.519999980926514,5.539999961853027,5.514999866485596,5.538899898529053,2758,0.0,0.0
2022-11-22 14:30:00-05:00,5.539999961853027,5.550000190734863,5.53000020980835,5.539999961853027,6908,0.0,0.0
2022-11-22 15:30:00-05:00,5.532400131225586,5.559999942779541,5.53000020980835,5.559999942779541,17658,0.0,0.0
2022-11-23 09:30:00-05:00,5.559999942779541,5.565000057220459,5.429999828338623,5.559999942779541,22865,0.0,0.0
2022-11-23 10:30:00-05:00,5.579999923706055,5.590000152587891,5.53000020980835,5.539899826049805,10969,0.0,0.0
2022-11-23 11:30:00-05:00,5.53000020980835,5.53000020980835,5.5,5.5,25843,0.0,0.0
2022-11-23 12:30:00-05:00,5.5,5.53000020980835,5.494999885559082,5.494999885559082,12575,0.0,0.0
2022-11-23 13:30:00-05:00,5.510000228881836,5.534999847412109,5.489999771118164,5.534999847412109,8875,0.0,0.0
2022-11-23 14:30:00-05:00,5.53000020980835,5.570000171661377,5.519999980926514,5.53000020980835,20381,0.0,0.0
2022-11-23 15:30:00-05:00,5.545000076293945,5.559999942779541,5.519999980926514,5.539999961853027,13093,0.0,0.0
2022-11-25 09:30:00-05:00,5.480000019073486,5.690000057220459,5.480000019073486,5.690000057220459,50336,0.0,0.0
2022-11-25 10:30:00-05:00,5.699999809265137,5.740099906921387,5.683300018310547,5.739999771118164,22384,0.0,0.0
2022-11-25 11:30:00-05:00,5.739999771118164,5.775000095367432,5.739999771118164,5.769999980926514,25370,0.0,0.0
2022-11-28 09:30:00-05:00,5.800000190734863,5.840000152587891,5.75,5.75,66426,0.0,0.0
2022-11-28 10:30:00-05:00,5.760000228881836,5.784999847412109,5.724999904632568,5.760000228881836,17206,0.0,0.0
2022-11-28 11:30:00-05:00,5.760000228881836,5.789999961853027,5.71999979019165,5.71999979019165,25899,0.0,0.0
2022-11-28 12:30:00-05:00,5.730000019073486,5.756899833679199,5.690000057220459,5.699999809265137,10197,0.0,0.0
2022-11-28 13:30:00-05:00,5.679999828338623,5.71999979019165,5.679999828338623,5.710000038146973,9537,0.0,0.0
2022-11-28 14:30:00-05:00,5.71999979019165,5.738500118255615,5.599999904632568,5.679999828338623,30238,0.0,0.0
2022-11-28 15:30:00-05:00,5.664999961853027,5.710000038146973,5.639999866485596,5.659999847412109,14636,0.0,0.0
2022-11-29 09:30:00-05:00,5.650000095367432,5.78000020980835,5.617199897766113,5.760000228881836,85949,0.0,0.0
2022-11-29 10:30:00-05:00,5.760000228881836,5.760000228881836,5.670000076293945,5.699999809265137,32946,0.0,0.0
2022-11-29 11:30:00-05:00,5.695000171661377,5.730000019073486,5.695000171661377,5.715000152587891,4895,0.0,0.0
2022-11-29 12:30:00-05:00,5.71999979019165,5.730000019073486,5.684999942779541,5.684999942779541,8616,0.0,0.0
2022-11-29 13:30:00-05:00,5.679999828338623,5.769999980926514,5.679999828338623,5.769999980926514,27273,0.0,0.0
2022-11-29 14:30:00-05:00,5.769999980926514,5.820000171661377,5.760000228881836,5.820000171661377,15970,0.0,0.0
2022-11-29 15:30:00-05:00,5.815299987792969,5.829999923706055,5.789999961853027,5.829999923706055,15798,0.0,0.0
2022-11-30 09:30:00-05:00,5.840000152587891,5.880000114440918,5.710000038146973,5.838900089263916,18493,0.0,0.0
2022-11-30 10:30:00-05:00,5.839399814605713,5.860000133514404,5.835000038146973,5.849999904632568,29234,0.0,0.0
2022-11-30 11:30:00-05:00,5.849999904632568,5.875,5.824999809265137,5.849999904632568,31866,0.0,0.0
2022-11-30 12:30:00-05:00,5.849999904632568,5.849999904632568,5.809999942779541,5.820000171661377,7699,0.0,0.0
2022-11-30 13:30:00-05:00,5.835000038146973,6.010000228881836,5.835000038146973,5.980000019073486,26612,0.0,0.0
2022-11-30 14:30:00-05:00,5.960000038146973,5.960000038146973,5.902299880981445,5.949999809265137,26146,0.0,0.0
2022-11-30 15:30:00-05:00,5.96999979019165,6.010000228881836,5.960000038146973,5.980000019073486,35677,0.0,0.0
2022-12-01 09:30:00-05:00,5.960000038146973,6.170000076293945,5.960000038146973,6.050000190734863,44651,0.0,0.0
2022-12-01 10:30:00-05:00,6.03000020980835,6.130000114440918,6.03000020980835,6.130000114440918,29778,0.0,0.0
2022-12-01 11:30:00-05:00,6.130000114440918,6.1774001121521,6.099999904632568,6.144000053405762,30605,0.0,0.0
2022-12-01 12:30:00-05:00,6.139999866485596,6.144999980926514,6.070099830627441,6.070099830627441,14995,0.0,0.0
2022-12-01 13:30:00-05:00,6.079999923706055,6.125,6.079999923706055,6.100200176239014,5920,0.0,0.0
2022-12-01 14:30:00-05:00,6.099999904632568,6.109899997711182,6.034999847412109,6.085000038146973,66497,0.0,0.0
2022-12-01 15:30:00-05:00,6.079999923706055,6.099999904632568,6.03000020980835,6.099999904632568,42876,0.0,0.0
2022-12-02 09:30:00-05:00,6.050000190734863,6.110000133514404,5.840000152587891,6.107600212097168,43085,0.0,0.0
2022-12-02 10:30:00-05:00,6.105000019073486,6.110000133514404,6.085000038146973,6.110000133514404,15753,0.0,0.0
2022-12-02 11:30:00-05:00,6.110000133514404,6.150000095367432,6.03000020980835,6.087399959564209,25490,0.0,0.0
2022-12-02 12:30:00-05:00,6.079999923706055,6.105000019073486,6.070000171661377,6.079999923706055,15451,0.0,0.0
2022-12-02 13:30:00-05:00,6.079999923706055,6.105000019073486,6.070000171661377,6.090000152587891,12168,0.0,0.0
2022-12-02 14:30:00-05:00,6.090000152587891,6.139999866485596,6.090000152587891,6.110000133514404,19236,0.0,0.0
2022-12-02 15:30:00-05:00,6.111599922180176,6.139999866485596,6.090000152587891,6.090000152587891,38282,0.0,0.0
2022-12-05 09:30:00-05:00,6.159999847412109,6.159999847412109,6.00570011138916,6.070000171661377,41287,0.0,0.0
2022-12-05 10:30:00-05:00,6.079999923706055,6.130000114440918,6.079999923706055,6.110000133514404,21021,0.0,0.0
2022-12-05 11:30:00-05:00,6.110000133514404,6.130000114440918,6.070000171661377,6.090000152587891,14098,0.0,0.0
2022-12-05 12:30:00-05:00,6.090000152587891,6.110000133514404,6.059999942779541,6.059999942779541,15683,0.0,0.0
2022-12-05 13:30:00-05:00,6.059999942779541,6.070000171661377,6.019999980926514,6.019999980926514,27638,0.0,0.0
2022-12-05 14:30:00-05:00,6.019999980926514,6.03249979019165,6.0,6.01140022277832,14774,0.0,0.0
2022-12-05 15:30:00-05:00,6.019999980926514,6.059999942779541,6.0,6.03000020980835,12356,0.0,0.0
2022-12-06 09:30:00-05:00,6.139999866485596,6.139999866485596,5.869999885559082,5.880000114440918,36603,0.0,0.0
2022-12-06 10:30:00-05:00,5.880000114440918,5.900000095367432,5.863800048828125,5.889999866485596,25608,0.0,0.0
2022-12-06 11:30:00-05:00,5.889999866485596,5.920000076293945,5.888899803161621,5.920000076293945,18065,0.0,0.0
2022-12-06 12:30:00-05:00,5.920000076293945,5.925000190734863,5.860000133514404,5.860000133514404,16470,0.0,0.0
2022-12-06 13:30:00-05:00,5.860000133514404,5.889999866485596,5.849999904632568,5.869999885559082,21904,0.0,0.0
2022-12-06 14:30:00-05:00,5.869999885559082,5.9095001220703125,5.869999885559082,5.8942999839782715,9032,0.0,0.0
2022-12-06 15:30:00-05:00,5.889999866485596,5.8968000411987305,5.849999904632568,5.869999885559082,40781,0.0,0.0
2022-12-07 09:30:00-05:00,5.880000114440918,5.989999771118164,5.849999904632568,5.989999771118164,43711,0.0,0.0
2022-12-07 10:30:00-05:00,5.989999771118164,6.054999828338623,5.949999809265137,6.019999980926514,33759,0.0,0.0
2022-12-07 11:30:00-05:00,6.019999980926514,6.090000152587891,6.019999980926514,6.050000190734863,47781,0.0,0.0
2022-12-07 12:30:00-05:00,6.050000190734863,6.059999942779541,6.010000228881836,6.014999866485596,32861,0.0,0.0
2022-12-07 13:30:00-05:00,6.010000228881836,6.010000228881836,5.985000133514404,5.985000133514404,30999,0.0,0.0
2022-12-07 14:30:00-05:00,5.980999946594238,5.994999885559082,5.96999979019165,5.980000019073486,28233,0.0,0.0
2022-12-07 15:30:00-05:00,5.980000019073486,5.980000019073486,5.920000076293945,5.929999828338623,25412,0.0,0.0
2022-12-08 09:30:00-05:00,6.039999961853027,6.119999885559082,6.0,6.03000020980835,53608,0.0,0.0
2022-12-08 10:30:00-05:00,6.03000020980835,6.079999923706055,6.019999980926514,6.03000020980835,15427,0.0,0.0
2022-12-08 11:30:00-05:00,6.03000020980835,6.105000019073486,6.03000020980835,6.099999904632568,14263,0.0,0.0
2022-12-08 12:30:00-05:00,6.099999904632568,6.110000133514404,6.054999828338623,6.110000133514404,23427,0.0,0.0
2022-12-08 13:30:00-05:00,6.130000114440918,6.150000095367432,6.079999923706055,6.110000133514404,20099,0.0,0.0
2022-12-08 14:30:00-05:00,6.099999904632568,6.178699970245361,6.090000152587891,6.178699970245361,58107,0.0,0.0
2022-12-08 15:30:00-05:00,6.159999847412109,6.170000076293945,6.130000114440918,6.150000095367432,11987,0.0,0.0
2022-12-09 09:30:00-05:00,6.019999980926514,6.25,6.0,6.239999771118164,74948,0.0,0.0
2022-12-09 10:30:00-05:00,6.244999885559082,6.27400016784668,6.239999771118164,6.255000114440918,19519,0.0,0.0
2022-12-09 11:30:00-05:00,6.254300117492676,6.28000020980835,6.239999771118164,6.259900093078613,14703,0.0,0.0
2022-12-09 12:30:00-05:00,6.260000228881836,6.289899826049805,6.25,6.25,6285,0.0,0.0
2022-12-09 13:30:00-05:00,6.255000114440918,6.260000228881836,6.25,6.25600004196167,11610,0.0,0.0
2022-12-09 14:30:00-05:00,6.255000114440918,6.269999980926514,6.239999771118164,6.244999885559082,13618,0.0,0.0
2022-12-09 15:30:00-05:00,6.239999771118164,6.240799903869629,6.190000057220459,6.230000019073486,10246,0.0,0.0
2022-12-12 09:30:00-05:00,6.190000057220459,6.289999961853027,6.065000057220459,6.079999923706055,54917,0.0,0.0
2022-12-12 10:30:00-05:00,6.090000152587891,6.150000095367432,6.090000152587891,6.130000114440918,15680,0.0,0.0
2022-12-12 11:30:00-05:00,6.119999885559082,6.122000217437744,6.099999904632568,6.119999885559082,8205,0.0,0.0
2022-12-12 12:30:00-05:00,6.111700057983398,6.130000114440918,6.110000133514404,6.119999885559082,11309,0.0,0.0
2022-12-12 13:30:00-05:00,6.129000186920166,6.135000228881836,6.119999885559082,6.130000114440918,8069,0.0,0.0
2022-12-12 14:30:00-05:00,6.130000114440918,6.195000171661377,6.114999771118164,6.195000171661377,13691,0.0,0.0
2022-12-12 15:30:00-05:00,6.199999809265137,6.210000038146973,6.170100212097168,6.179999828338623,11534,0.0,0.0
2022-12-13 09:30:00-05:00,6.380000114440918,6.53000020980835,6.28000020980835,6.28849983215332,37501,0.0,0.0
2022-12-13 10:30:00-05:00,6.28000020980835,6.300000190734863,6.25,6.260000228881836,17809,0.0,0.0
2022-12-13 11:30:00-05:00,6.263500213623047,6.269999980926514,6.239999771118164,6.255000114440918,29733,0.0,0.0
2022-12-13 12:30:00-05:00,6.25,6.309999942779541,6.21999979019165,6.309999942779541,21357,0.0,0.0
2022-12-13 13:30:00-05:00,6.329899787902832,6.329899787902832,6.295000076293945,6.309999942779541,11671,0.0,0.0
2022-12-13 14:30:00-05:00,6.309999942779541,6.340000152587891,6.255000114440918,6.269999980926514,36787,0.0,0.0
2022-12-13 15:30:00-05:00,6.269999980926514,6.275000095367432,6.179999828338623,6.190000057220459,24368,0.0,0.0
2022-12-14 09:30:00-05:00,6.139999866485596,6.199999809265137,6.090000152587891,6.159999847412109,25410,0.0,0.0
2022-12-14 10:30:00-05:00,6.179999828338623,6.269999980926514,6.179999828338623,6.244999885559082,33689,0.0,0.0
2022-12-14 11:30:00-05:00,6.240900039672852,6.258800029754639,6.239999771118164,6.258800029754639,9675,0.0,0.0
2022-12-14 12:30:00-05:00,6.260000228881836,6.269999980926514,6.255000114440918,6.269999980926514,5913,0.0,0.0
2022-12-14 13:30:00-05:00,6.28000020980835,6.289999961853027,6.179999828338623,6.21999979019165,24578,0.0,0.0
2022-12-14 14:30:00-05:00,6.21999979019165,6.309999942779541,6.159999847412109,6.21999979019165,36218,0.0,0.0
2022-12-14 15:30:00-05:00,6.210000038146973,6.25,6.175000190734863,6.239999771118164,21611,0.0,0.0
2022-12-15 09:30:00-05:00,6.179999828338623,6.199999809265137,6.090000152587891,6.099999904632568,17193,0.0,0.0
2022-12-15 10:30:00-05:00,6.110000133514404,6.119999885559082,6.054999828338623,6.079999923706055,15915,0.0,0.0
2022-12-15 11:30:00-05:00,6.090000152587891,6.170000076293945,6.090000152587891,6.164999961853027,5605,0.0,0.0
2022-12-15 12:30:00-05:00,6.179999828338623,6.179999828338623,6.139999866485596,6.139999866485596,3142,0.0,0.0
2022-12-15 13:30:00-05:00,6.139999866485596,6.204999923706055,6.139999866485596,6.190000057220459,14174,0.0,0.0
2022-12-15 14:30:00-05:00,6.190000057220459,6.239999771118164,6.190000057220459,6.21999979019165,8968,0.0,0.0
2022-12-15 15:30:00-05:00,6.210000038146973,6.239999771118164,6.190000057220459,6.21999979019165,15457,0.0,0.0
2022-12-16 09:30:00-05:00,6.150000095367432,6.210000038146973,6.070000171661377,6.130000114440918,27959,0.0,0.0
2022-12-16 10:30:00-05:00,6.135000228881836,6.147500038146973,6.110000133514404,6.130000114440918,7871,0.0,0.0
2022-12-16 11:30:00-05:00,6.139999866485596,6.139999866485596,6.079999923706055,6.109899997711182,13201,0.0,0.0
2022-12-16 12:30:00-05:00,6.110000133514404,6.130000114440918,6.050000190734863,6.059999942779541,24638,0.0,0.0
2022-12-16 13:30:00-05:00,6.050000190734863,6.070000171661377,6.034999847412109,6.034999847412109,10976,0.0,0.0
2022-12-16 14:30:00-05:00,6.034999847412109,6.090000152587891,6.03000020980835,6.090000152587891,14271,0.0,0.0
2022-12-16 15:30:00-05:00,6.090000152587891,6.105000019073486,6.019999980926514,6.039999961853027,16000,0.0,0.0
2022-12-19 09:30:00-05:00,6.019999980926514,6.130000114440918,5.929999828338623,6.119999885559082,37684,0.0,0.0
2022-12-19 10:30:00-05:00,6.119999885559082,6.130000114440918,6.025000095367432,6.065000057220459,25629,0.0,0.0
2022-12-19 11:30:00-05:00,6.059999942779541,6.059999942779541,6.019999980926514,6.03000020980835,13228,0.0,0.0
2022-12-19 12:30:00-05:00,6.034999847412109,6.099999904632568,6.034999847412109,6.079999923706055,30767,0.0,0.0
2022-12-19 13:30:00-05:00,6.079999923706055,6.085000038146973,5.994999885559082,5.994999885559082,26118,0.0,0.0
2022-12-19 14:30:00-05:00,6.0,6.014999866485596,5.989999771118164,5.994999885559082,7528,0.0,0.0
2022-12-19 15:30:00-05:00,6.0,6.059999942779541,5.985000133514404,6.059999942779541,19105,0.0,0.0
2022-12-20 09:30:00-05:00,5.889999866485596,6.03000020980835,5.800000190734863,5.920000076293945,58989,0.0,0.0
2022-12-20 10:30:00-05:00,5.920000076293945,5.96999979019165,5.860000133514404,5.860000133514404,13813,0.0,0.0
2022-12-20 11:30:00-05:00,5.860000133514404,5.925000190734863,5.842700004577637,5.889999866485596,18989,0.0,0.0
2022-12-20 12:30:00-05:00,5.880000114440918,5.880000114440918,5.840000152587891,5.849999904632568,24218,0.0,0.0
2022-12-20 13:30:00-05:00,5.852799892425537,5.900000095367432,5.852799892425537,5.860000133514404,13103,0.0,0.0
2022-12-20 14:30:00-05:00,5.849999904632568,5.849999904632568,5.800000190734863,5.800000190734863,31316,0.0,0.0
2022-12-20 15:30:00-05:00,5.804999828338623,5.804999828338623,5.760000228881836,5.760000228881836,25884,0.0,0.0
2022-12-21 09:30:00-05:00,5.809999942779541,6.0,5.75,5.940000057220459,28177,0.0,0.0
2022-12-21 10:30:00-05:00,5.940000057220459,5.980000019073486,5.929999828338623,5.929999828338623,18058,0.0,0.0
2022-12-21 11:30:00-05:00,5.925000190734863,5.949999809265137,5.909999847412109,5.914999961853027,7776,0.0,0.0
2022-12-21 12:30:00-05:00,5.920000076293945,5.965099811553955,5.920000076293945,5.949999809265137,19499,0.0,0.0
2022-12-21 13:30:00-05:00,5.940000057220459,5.960000038146973,5.929999828338623,5.932400226593018,8153,0.0,0.0
2022-12-21 14:30:00-05:00,5.940000057220459,5.949999809265137,5.909999847412109,5.909999847412109,11201,0.0,0.0
2022-12-21 15:30:00-05:00,5.909999847412109,5.925000190734863,5.860000133514404,5.885000228881836,29251,0.0,0.0
2022-12-22 09:30:00-05:00,5.809999942779541,5.849999904632568,5.769999980926514,5.820000171661377,11646,0.0,0.0
2022-12-22 10:30:00-05:00,5.809999942779541,5.849999904632568,5.800000190734863,5.820000171661377,10363,0.0,0.0
2022-12-22 11:30:00-05:00,5.809999942779541,5.820000171661377,5.789999961853027,5.789999961853027,9936,0.0,0.0
2022-12-22 12:30:00-05:00,5.789999961853027,5.789999961853027,5.699999809265137,5.704999923706055,29768,0.0,0.0
2022-12-22 13:30:00-05:00,5.699999809265137,5.760000228881836,5.699999809265137,5.75,16457,0.0,0.0
2022-12-22 14:30:00-05:00,5.760000228881836,5.829999923706055,5.750999927520752,5.829999923706055,9108,0.0,0.0
2022-12-22 15:30:00-05:00,5.839900016784668,5.839900016784668,5.78000020980835,5.789999961853027,25426,0.0,0.0
2022-12-23 09:30:00-05:00,5.789999961853027,5.809999942779541,5.710000038146973,5.760000228881836,14161,0.0,0.0
2022-12-23 10:30:00-05:00,5.739999771118164,5.755000114440918,5.675000190734863,5.679999828338623,17923,0.0,0.0
2022-12-23 11:30:00-05:00,5.670100212097168,5.78000020980835,5.659999847412109,5.769999980926514,32076,0.0,0.0
2022-12-23 12:30:00-05:00,5.75,5.75,5.690000057220459,5.738100051879883,5097,0.0,0.0
2022-12-23 13:30:00-05:00,5.730000019073486,5.75,5.710000038146973,5.730000019073486,14891,0.0,0.0
2022-12-23 14:30:00-05:00,5.724999904632568,5.789999961853027,5.724999904632568,5.75,13674,0.0,0.0
2022-12-23 15:30:00-05:00,5.75,5.784999847412109,5.75,5.775000095367432,6833,0.0,0.0
2022-12-27 09:30:00-05:00,5.760000228881836,5.78000020980835,5.659999847412109,5.679999828338623,40726,0.0,0.0
2022-12-27 10:30:00-05:00,5.662700176239014,5.684999942779541,5.639999866485596,5.684999942779541,11042,0.0,0.0
2022-12-27 11:30:00-05:00,5.680099964141846,5.699999809265137,5.680099964141846,5.699999809265137,3515,0.0,0.0
2022-12-27 12:30:00-05:00,5.695000171661377,5.699999809265137,5.659999847412109,5.670000076293945,30532,0.0,0.0
2022-12-27 13:30:00-05:00,5.670000076293945,5.699999809265137,5.650000095367432,5.690000057220459,27114,0.0,0.0
2022-12-27 14:30:00-05:00,5.699999809265137,5.71999979019165,5.690000057220459,5.699999809265137,21091,0.0,0.0
2022-12-27 15:30:00-05:00,5.699999809265137,5.730000019073486,5.690000057220459,5.690000057220459,22401,0.0,0.0
2022-12-28 09:30:00-05:00,5.639999866485596,5.690000057220459,5.579999923706055,5.579999923706055,43908,0.0,0.0
2022-12-28 10:30:00-05:00,5.579999923706055,5.585000038146973,5.559999942779541,5.579999923706055,21586,0.0,0.0
2022-12-28 11:30:00-05:00,5.579999923706055,5.579999923706055,5.510000228881836,5.519999980926514,35199,0.0,0.0
2022-12-28 12:30:00-05:00,5.5177001953125,5.570000171661377,5.514999866485596,5.539700031280518,18444,0.0,0.0
2022-12-28 13:30:00-05:00,5.53000020980835,5.534999847412109,5.480000019073486,5.480000019073486,21956,0.0,0.0
2022-12-28 14:30:00-05:00,5.480000019073486,5.494999885559082,5.465000152587891,5.469900131225586,13278,0.0,0.0
2022-12-28 15:30:00-05:00,5.460000038146973,5.465000152587891,5.429999828338623,5.449999809265137,41612,0.0,0.0
2022-12-29 09:30:00-05:00,5.28000020980835,5.389999866485596,5.179999828338623,5.340000152587891,39945,0.0,0.0
2022-12-29 10:30:00-05:00,5.340000152587891,5.340000152587891,5.28000020980835,5.320000171661377,39747,0.0,0.0
2022-12-29 11:30:00-05:00,5.309999942779541,5.409999847412109,5.309999942779541,5.409900188446045,18416,0.0,0.0
2022-12-29 12:30:00-05:00,5.4191999435424805,5.420000076293945,5.385000228881836,5.400000095367432,21198,0.0,0.0
2022-12-29 13:30:00-05:00,5.400000095367432,5.409999847412109,5.360000133514404,5.380000114440918,35916,0.0,0.0
2022-12-29 14:30:00-05:00,5.380000114440918,5.409999847412109,5.364999771118164,5.385000228881836,33444,0.0,0.0
2022-12-29 15:30:00-05:00,5.389999866485596,5.394999980926514,5.355000019073486,5.360000133514404,25265,0.0,0.0
2022-12-30 09:30:00-05:00,5.269999980926514,5.420000076293945,5.269999980926514,5.409999847412109,52104,0.0,0.0
2022-12-30 10:30:00-05:00,5.420000076293945,5.420000076293945,5.329999923706055,5.349999904632568,39243,0.0,0.0
2022-12-30 11:30:00-05:00,5.335000038146973,5.380000114440918,5.300000190734863,5.360000133514404,31209,0.0,0.0
2022-12-30 12:30:00-05:00,5.361000061035156,5.40500020980835,5.340000152587891,5.364999771118164,21287,0.0,0.0
2022-12-30 13:30:00-05:00,5.364999771118164,5.380000114440918,5.309199810028076,5.309999942779541,19463,0.0,0.0
2022-12-30 14:30:00-05:00,5.309999942779541,5.320000171661377,5.230000019073486,5.239999771118164,53968,0.0,0.0
2022-12-30 15:30:00-05:00,5.239999771118164,5.309999942779541,5.235000133514404,5.304999828338623,28446,0.0,0.0
2023-01-03 09:30:00-05:00,5.389999866485596,5.519999980926514,5.369999885559082,5.414999961853027,53876,0.0,0.0
2023-01-03 10:30:00-05:00,5.414999961853027,5.525000095367432,5.414999961853027,5.474999904632568,26956,0.0,0.0
2023-01-03 11:30:00-05:00,5.480000019073486,5.480000019073486,5.420000076293945,5.460000038146973,25063,0.0,0.0
2023-01-03 12:30:00-05:00,5.46999979019165,5.472700119018555,5.420100212097168,5.449999809265137,7672,0.0,0.0
2023-01-03 13:30:00-05:00,5.454999923706055,5.489999771118164,5.440000057220459,5.485000133514404,12862,0.0,0.0
2023-01-03 14:30:00-05:00,5.480000019073486,5.519999980926514,5.449999809265137,5.519999980926514,28953,0.0,0.0
2023-01-03 15:30:00-05:00,5.525000095367432,5.53000020980835,5.505000114440918,5.519999980926514,19989,0.0,0.0
2023-01-04 09:30:00-05:00,5.619999885559082,5.71999979019165,5.599999904632568,5.690000057220459,68388,0.0,0.0
2023-01-04 10:30:00-05:00,5.680699825286865,5.758500099182129,5.680699825286865,5.739999771118164,29090,0.0,0.0
2023-01-04 11:30:00-05:00,5.741300106048584,5.760000228881836,5.730000019073486,5.760000228881836,19819,0.0,0.0
2023-01-04 12:30:00-05:00,5.760000228881836,5.789999961853027,5.760000228881836,5.78000020980835,7964,0.0,0.0
2023-01-04 13:30:00-05:00,5.789999961853027,5.789999961853027,5.71999979019165,5.71999979019165,17468,0.0,0.0
2023-01-04 14:30:00-05:00,5.71999979019165,5.795000076293945,5.71999979019165,5.789999961853027,13413,0.0,0.0
2023-01-04 15:30:00-05:00,5.789999961853027,5.800000190734863,5.764999866485596,5.789999961853027,24947,0.0,0.0
2023-01-05 09:30:00-05:00,5.650000095367432,5.78000020980835,5.640100002288818,5.769999980926514,20123,0.0,0.0
2023-01-05 10:30:00-05:00,5.764999866485596,5.795000076293945,5.764999866485596,5.795000076293945,3433,0.0,0.0
2023-01-05 11:30:00-05:00,5.800000190734863,5.829999923706055,5.78000020980835,5.824999809265137,19410,0.0,0.0
2023-01-05 12:30:00-05:00,5.829899787902832,5.862800121307373,5.829899787902832,5.862800121307373,22047,0.0,0.0
2023-01-05 13:30:00-05:00,5.860000133514404,5.869999885559082,5.840000152587891,5.860000133514404,18287,0.0,0.0
2023-01-05 14:30:00-05:00,5.849999904632568,5.880000114440918,5.840000152587891,5.869500160217285,23972,0.0,0.0
2023-01-05 15:30:00-05:00,5.860000133514404,5.869999885559082,5.840000152587891,5.840000152587891,11269,0.0,0.0
2023-01-06 09:30:00-05:00,5.900000095367432,5.900000095367432,5.78000020980835,5.860000133514404,24124,0.0,0.0
2023-01-06 10:30:00-05:00,5.869999885559082,5.920000076293945,5.869999885559082,5.889999866485596,7023,0.0,0.0
2023-01-06 11:30:00-05:00,5.889999866485596,5.929900169372559,5.880000114440918,5.880000114440918,6706,0.0,0.0
2023-01-06 12:30:00-05:00,5.880000114440918,5.880199909210205,5.860000133514404,5.860000133514404,4236,0.0,0.0
2023-01-06 13:30:00-05:00,5.869999885559082,5.920000076293945,5.869999885559082,5.894999980926514,10776,0.0,0.0
2023-01-06 14:30:00-05:00,5.900000095367432,5.909999847412109,5.888400077819824,5.900000095367432,8469,0.0,0.0
2023-01-06 15:30:00-05:00,5.889999866485596,5.894999980926514,5.860000133514404,5.880000114440918,11593,0.0,0.0
2023-01-09 09:30:00-05:00,5.960000038146973,6.050000190734863,5.940000057220459,6.010000228881836,46860,0.0,0.0
2023-01-09 10:30:00-05:00,6.010000228881836,6.050000190734863,6.010000228881836,6.044899940490723,10382,0.0,0.0
2023-01-09 11:30:00-05:00,6.039999961853027,6.050000190734863,6.0,6.0,12962,0.0,0.0
2023-01-09 12:30:00-05:00,6.0,6.0,5.980000019073486,6.0,6416,0.0,0.0
2023-01-09 13:30:00-05:00,6.0,6.03000020980835,5.96999979019165,6.03000020980835,12281,0.0,0.0
2023-01-09 14:30:00-05:00,6.014999866485596,6.050000190734863,5.980000019073486,5.989299774169922,16609,0.0,0.0
2023-01-09 15:30:00-05:00,5.974999904632568,5.974999904632568,5.920000076293945,5.920000076293945,23514,0.0,0.0
2023-01-10 09:30:00-05:00,5.920000076293945,5.960000038146973,5.869999885559082,5.954999923706055,7414,0.0,0.0
2023-01-10 10:30:00-05:00,5.940000057220459,5.960000038146973,5.920000076293945,5.957900047302246,4166,0.0,0.0
2023-01-10 11:30:00-05:00,5.965000152587891,6.010000228881836,5.965000152587891,6.0,8040,0.0,0.0
2023-01-10 12:30:00-05:00,6.019999980926514,6.039999961853027,5.989999771118164,6.005000114440918,14797,0.0,0.0
2023-01-10 13:30:00-05:00,6.005000114440918,6.050000190734863,6.005000114440918,6.019999980926514,10114,0.0,0.0
2023-01-10 14:30:00-05:00,6.019999980926514,6.079999923706055,6.010000228881836,6.079999923706055,12085,0.0,0.0
2023-01-10 15:30:00-05:00,6.074999809265137,6.099999904632568,6.064499855041504,6.090000152587891,13312,0.0,0.0
2023-01-11 09:30:00-05:00,6.150000095367432,6.237400054931641,6.150000095367432,6.213699817657471,21895,0.0,0.0
2023-01-11 10:30:00-05:00,6.199999809265137,6.269999980926514,6.190000057220459,6.25,14965,0.0,0.0
2023-01-11 11:30:00-05:00,6.260000228881836,6.28000020980835,6.232399940490723,6.25,7957,0.0,0.0
2023-01-11 12:30:00-05:00,6.239999771118164,6.290800094604492,6.239999771118164,6.289999961853027,6575,0.0,0.0
2023-01-11 13:30:00-05:00,6.281899929046631,6.300000190734863,6.269999980926514,6.280200004577637,2659,0.0,0.0
2023-01-11 14:30:00-05:00,6.291999816894531,6.360000133514404,6.289999961853027,6.340000152587891,8330,0.0,0.0
2023-01-11 15:30:00-05:00,6.3420000076293945,6.3420000076293945,6.269999980926514,6.269999980926514,18346,0.0,0.0
2023-01-12 09:30:00-05:00,6.289999961853027,6.389999866485596,6.289999961853027,6.35699987411499,17883,0.0,0.0
2023-01-12 10:30:00-05:00,6.355000019073486,6.380000114440918,6.320000171661377,6.369999885559082,11875,0.0,0.0
2023-01-12 11:30:00-05:00,6.360000133514404,6.389999866485596,6.360000133514404,6.375,19230,0.0,0.0
2023-01-12 12:30:00-05:00,6.369999885559082,6.400000095367432,6.349999904632568,6.369999885559082,15199,0.0,0.0
2023-01-12 13:30:00-05:00,6.360000133514404,6.380000114440918,6.349999904632568,6.349999904632568,13047,0.0,0.0
2023-01-12 14:30:00-05:00,6.369999885559082,6.389999866485596,6.349999904632568,6.360000133514404,8415,0.0,0.0
2023-01-12 15:30:00-05:00,6.389999866485596,6.389999866485596,6.349999904632568,6.380000114440918,18739,0.0,0.0
2023-01-13 09:30:00-05:00,6.320000171661377,6.409999847412109,6.320000171661377,6.379799842834473,31264,0.0,0.0
2023-01-13 10:30:00-05:00,6.360000133514404,6.380000114440918,6.340000152587891,6.349999904632568,17102,0.0,0.0
2023-01-13 11:30:00-05:00,6.340000152587891,6.369999885559082,6.309999942779541,6.349999904632568,8507,0.0,0.0
2023-01-13 12:30:00-05:00,6.369999885559082,6.380000114440918,6.340000152587891,6.349999904632568,15047,0.0,0.0
2023-01-13 13:30:00-05:00,6.355000019073486,6.380000114440918,6.355000019073486,6.380000114440918,3936,0.0,0.0
2023-01-13 14:30:00-05:00,6.375,6.380000114440918,6.362500190734863,6.364999771118164,7568,0.0,0.0
2023-01-13 15:30:00-05:00,6.380000114440918,6.440000057220459,6.380000114440918,6.429999828338623,24979,0.0,0.0
2023-01-17 09:30:00-05:00,6.389999866485596,6.510000228881836,6.389999866485596,6.480000019073486,16905,0.0,0.0
2023-01-17 10:30:00-05:00,6.48199987411499,6.488999843597412,6.449999809265137,6.480000019073486,13866,0.0,0.0
2023-01-17 11:30:00-05:00,6.480000019073486,6.480000019073486,6.409999847412109,6.409999847412109,6660,0.0,0.0
2023-01-17 12:30:00-05:00,6.409999847412109,6.414999961853027,6.401100158691406,6.414999961853027,2169,0.0,0.0
2023-01-17 13:30:00-05:00,6.429999828338623,6.449999809265137,6.409999847412109,6.409999847412109,10048,0.0,0.0
2023-01-17 14:30:00-05:00,6.409999847412109,6.409999847412109,6.369999885559082,6.380000114440918,10198,0.0,0.0
2023-01-17 15:30:00-05:00,6.389999866485596,6.389999866485596,6.369999885559082,6.380000114440918,6747,0.0,0.0
2023-01-18 09:30:00-05:00,6.480000019073486,6.510000228881836,6.400000095367432,6.4720001220703125,40421,0.0,0.0
2023-01-18 10:30:00-05:00,6.489999771118164,6.489999771118164,6.420000076293945,6.425000190734863,12420,0.0,0.0
2023-01-18 11:30:00-05:00,6.409999847412109,6.409999847412109,6.340000152587891,6.340000152587891,20596,0.0,0.0
2023-01-18 12:30:00-05:00,6.340000152587891,6.389999866485596,6.329999923706055,6.389999866485596,9021,0.0,0.0
2023-01-18 13:30:00-05:00,6.400000095367432,6.449999809265137,6.390100002288818,6.420000076293945,12922,0.0,0.0
2023-01-18 14:30:00-05:00,6.420000076293945,6.460000038146973,6.414999961853027,6.460000038146973,13683,0.0,0.0
2023-01-18 15:30:00-05:00,6.449999809265137,6.449999809265137,6.385000228881836,6.409999847412109,17607,0.0,0.0
2023-01-19 09:30:00-05:00,6.329999923706055,6.375,6.239999771118164,6.25,30306,0.0,0.0
2023-01-19 10:30:00-05:00,6.240099906921387,6.260000228881836,6.179999828338623,6.21999979019165,23812,0.0,0.0
2023-01-19 11:30:00-05:00,6.230000019073486,6.260000228881836,6.190000057220459,6.190000057220459,7448,0.0,0.0
2023-01-19 12:30:00-05:00,6.199999809265137,6.269999980926514,6.199999809265137,6.255000114440918,19249,0.0,0.0
2023-01-19 13:30:00-05:00,6.269999980926514,6.309999942779541,6.260000228881836,6.309999942779541,17801,0.0,0.0
2023-01-19 14:30:00-05:00,6.300000190734863,6.300000190734863,6.264999866485596,6.269999980926514,11031,0.0,0.0
2023-01-19 15:30:00-05:00,6.269999980926514,6.320000171661377,6.260000228881836,6.300000190734863,16829,0.0,0.0
2023-01-20 09:30:00-05:00,6.320000171661377,6.349999904632568,6.235000133514404,6.335000038146973,35473,0.0,0.0
2023-01-20 10:30:00-05:00,6.340000152587891,6.340000152587891,6.320000171661377,6.329999923706055,10046,0.0,0.0
2023-01-20 11:30:00-05:00,6.349999904632568,6.409999847412109,6.340000152587891,6.389999866485596,26395,0.0,0.0
2023-01-20 12:30:00-05:00,6.385000228881836,6.394999980926514,6.364999771118164,6.394999980926514,8759,0.0,0.0
2023-01-20 13:30:00-05:00,6.394999980926514,6.429999828338623,6.394999980926514,6.425000190734863,9308,0.0,0.0
2023-01-20 14:30:00-05:00,6.429999828338623,6.449999809265137,6.389999866485596,6.445000171661377,40223,0.0,0.0
2023-01-20 15:30:00-05:00,6.440000057220459,6.460000038146973,6.434999942779541,6.449999809265137,10100,0.0,0.0
2023-01-23 09:30:00-05:00,6.559999942779541,6.610000133514404,6.525000095367432,6.539999961853027,46492,0.0,0.0
2023-01-23 10:30:00-05:00,6.539999961853027,6.632199764251709,6.530099868774414,6.59499979019165,29828,0.0,0.0
2023-01-23 11:30:00-05:00,6.59499979019165,6.605000019073486,6.579999923706055,6.585000038146973,15546,0.0,0.0
2023-01-23 12:30:00-05:00,6.585000038146973,6.599999904632568,6.570000171661377,6.599999904632568,11255,0.0,0.0
2023-01-23 13:30:00-05:00,6.590000152587891,6.619999885559082,6.574999809265137,6.619999885559082,21928,0.0,0.0
2023-01-23 14:30:00-05:00,6.619999885559082,6.619999885559082,6.590000152587891,6.59499979019165,13560,0.0,0.0
2023-01-23 15:30:00-05:00,6.59499979019165,6.599999904632568,6.559999942779541,6.565000057220459,25279,0.0,0.0
2023-01-24 09:30:00-05:00,6.5,6.590000152587891,6.449999809265137,6.545000076293945,17770,0.0,0.0
2023-01-24 10:30:00-05:00,6.570000171661377,6.599999904632568,6.570000171661377,6.579999923706055,8148,0.0,0.0
2023-01-24 11:30:00-05:00,6.590000152587891,6.599999904632568,6.5630998611450195,6.5630998611450195,5062,0.0,0.0
2023-01-24 12:30:00-05:00,6.565000057220459,6.570000171661377,6.539999961853027,6.550000190734863,4955,0.0,0.0
2023-01-24 13:30:00-05:00,6.550000190734863,6.559999942779541,6.550000190734863,6.553199768066406,8739,0.0,0.0
2023-01-24 14:30:00-05:00,6.554999828338623,6.554999828338623,6.539999961853027,6.545000076293945,14838,0.0,0.0
2023-01-24 15:30:00-05:00,6.545000076293945,6.545000076293945,6.514999866485596,6.539999961853027,18595,0.0,0.0
2023-01-25 09:30:00-05:00,6.489999771118164,6.514999866485596,6.400000095367432,6.489999771118164,6059,0.0,0.0
2023-01-25 10:30:00-05:00,6.495299816131592,6.510000228881836,6.460000038146973,6.479599952697754,9502,0.0,0.0
2023-01-25 11:30:00-05:00,6.489999771118164,6.539999961853027,6.489999771118164,6.519999980926514,2288,0.0,0.0
2023-01-25 12:30:00-05:00,6.53000020980835,6.554999828338623,6.53000020980835,6.554999828338623,6078,0.0,0.0
2023-01-25 13:30:00-05:00,6.557799816131592,6.590000152587891,6.557799816131592,6.559999942779541,5034,0.0,0.0
2023-01-25 14:30:00-05:00,6.559999942779541,6.559999942779541,6.550000190734863,6.550000190734863,3483,0.0,0.0
2023-01-25 15:30:00-05:00,6.550000190734863,6.550000190734863,6.53000020980835,6.537499904632568,9205,0.0,0.0
2023-01-26 09:30:00-05:00,6.619999885559082,6.670000076293945,6.559999942779541,6.630000114440918,12158,0.0,0.0
2023-01-26 10:30:00-05:00,6.639999866485596,6.690000057220459,6.590000152587891,6.590000152587891,7112,0.0,0.0
2023-01-26 11:30:00-05:00,6.59499979019165,6.614999771118164,6.590000152587891,6.590000152587891,5441,0.0,0.0
2023-01-26 12:30:00-05:00,6.599999904632568,6.605000019073486,6.590000152587891,6.599999904632568,2016,0.0,0.0
2023-01-26 13:30:00-05:00,6.609099864959717,6.625,6.609099864959717,6.625,3668,0.0,0.0
2023-01-26 14:30:00-05:00,6.625,6.639900207519531,6.605000019073486,6.614999771118164,6397,0.0,0.0
2023-01-26 15:30:00-05:00,6.610000133514404,6.630000114440918,6.610000133514404,6.619999885559082,26644,0.0,0.0
2023-01-27 09:30:00-05:00,6.619999885559082,6.739999771118164,6.619999885559082,6.710000038146973,20156,0.0,0.0
2023-01-27 10:30:00-05:00,6.710000038146973,6.710000038146973,6.639999866485596,6.699999809265137,32105,0.0,0.0
2023-01-27 11:30:00-05:00,6.699999809265137,6.730000019073486,6.699999809265137,6.710000038146973,14285,0.0,0.0
2023-01-27 12:30:00-05:00,6.703499794006348,6.710000038146973,6.650000095367432,6.700200080871582,57258,0.0,0.0
2023-01-27 13:30:00-05:00,6.699999809265137,6.7118000984191895,6.675300121307373,6.690000057220459,19901,0.0,0.0
2023-01-27 14:30:00-05:00,6.690000057220459,6.699999809265137,6.679999828338623,6.699999809265137,9420,0.0,0.0
2023-01-27 15:30:00-05:00,6.704999923706055,6.730000019073486,6.659999847412109,6.690000057220459,32844,0.0,0.0
2023-01-30 09:30:00-05:00,6.630000114440918,6.670000076293945,6.519999980926514,6.639999866485596,35225,0.0,0.0
2023-01-30 10:30:00-05:00,6.644999980926514,6.65339994430542,6.570000171661377,6.619999885559082,17230,0.0,0.0
2023-01-30 11:30:00-05:00,6.619999885559082,6.639999866485596,6.579999923706055,6.590000152587891,5073,0.0,0.0
2023-01-30 12:30:00-05:00,6.579999923706055,6.59499979019165,6.534999847412109,6.585000038146973,14045,0.0,0.0
2023-01-30 13:30:00-05:00,6.59660005569458,6.619999885559082,6.570099830627441,6.590000152587891,7167,0.0,0.0
2023-01-30 14:30:00-05:00,6.590000152587891,6.590000152587891,6.510000228881836,6.539999961853027,9791,0.0,0.0
2023-01-30 15:30:00-05:00,6.550000190734863,6.570000171661377,6.53000020980835,6.550000190734863,13811,0.0,0.0
2023-01-31 09:30:00-05:00,6.599999904632568,6.739999771118164,6.599999904632568,6.670000076293945,25565,0.0,0.0
2023-01-31 10:30:00-05:00,6.690000057220459,6.704999923706055,6.65500020980835,6.660299777984619,13604,0.0,0.0
2023-01-31 11:30:00-05:00,6.659999847412109,6.760000228881836,6.659999847412109,6.739999771118164,21769,0.0,0.0
2023-01-31 12:30:00-05:00,6.730000019073486,6.760000228881836,6.71999979019165,6.745999813079834,4976,0.0,0.0
2023-01-31 13:30:00-05:00,6.739999771118164,6.755000114440918,6.71999979019165,6.75,11175,0.0,0.0
2023-01-31 14:30:00-05:00,6.75,6.75,6.704999923706055,6.724999904632568,6069,0.0,0.0
2023-01-31 15:30:00-05:00,6.724999904632568,6.75,6.710000038146973,6.75,11752,0.0,0.0
2023-02-01 09:30:00-05:00,6.860000133514404,6.860000133514404,6.690000057220459,6.760000228881836,47806,0.0,0.0
2023-02-01 10:30:00-05:00,6.760000228881836,6.840000152587891,6.760000228881836,6.800000190734863,14903,0.0,0.0
2023-02-01 11:30:00-05:00,6.810100078582764,6.849999904632568,6.800000190734863,6.800000190734863,10600,0.0,0.0
2023-02-01 12:30:00-05:00,6.809999942779541,6.849999904632568,6.809999942779541,6.828700065612793,8680,0.0,0.0
2023-02-01 13:30:00-05:00,6.829999923706055,6.84499979019165,6.789999961853027,6.800000190734863,14558,0.0,0.0
2023-02-01 14:30:00-05:00,6.800000190734863,6.869999885559082,6.78000020980835,6.860000133514404,18477,0.0,0.0
2023-02-01 15:30:00-05:00,6.880000114440918,6.900000095367432,6.820000171661377,6.840000152587891,51450,0.0,0.0
2023-02-02 09:30:00-05:00,6.880000114440918,7.0269999504089355,6.880000114440918,7.01800012588501,19300,0.0,0.0
2023-02-02 10:30:00-05:00,7.000100135803223,7.050000190734863,6.99370002746582,7.050000190734863,28098,0.0,0.0
2023-02-02 11:30:00-05:00,7.050000190734863,7.050000190734863,7.0,7.03000020980835,17274,0.0,0.0
2023-02-02 12:30:00-05:00,7.039999961853027,7.039999961853027,6.96999979019165,6.96999979019165,44256,0.0,0.0
2023-02-02 13:30:00-05:00,6.96999979019165,7.0,6.949999809265137,6.960000038146973,12950,0.0,0.0
2023-02-02 14:30:00-05:00,6.960000038146973,6.960000038146973,6.900000095367432,6.909999847412109,4619,0.0,0.0
2023-02-02 15:30:00-05:00,6.909999847412109,6.940000057220459,6.909999847412109,6.909999847412109,5730,0.0,0.0
2023-02-03 09:30:00-05:00,6.769999980926514,6.90500020980835,6.769999980926514,6.90500020980835,17828,0.0,0.0
2023-02-03 10:30:00-05:00,6.889999866485596,6.940000057220459,6.889999866485596,6.930500030517578,5946,0.0,0.0
2023-02-03 11:30:00-05:00,6.940000057220459,6.949999809265137,6.871799945831299,6.920000076293945,12349,0.0,0.0
2023-02-03 12:30:00-05:00,6.920000076293945,6.940000057220459,6.860000133514404,6.894999980926514,7884,0.0,0.0
2023-02-03 13:30:00-05:00,6.869999885559082,6.900000095367432,6.860000133514404,6.869999885559082,11503,0.0,0.0
2023-02-03 14:30:00-05:00,6.869999885559082,6.869999885559082,6.821800231933594,6.849999904632568,5371,0.0,0.0
2023-02-03 15:30:00-05:00,6.84499979019165,6.869999885559082,6.820000171661377,6.855000019073486,18139,0.0,0.0
2023-02-06 09:30:00-05:00,6.800000190734863,6.814499855041504,6.639999866485596,6.644999980926514,25968,0.0,0.0
2023-02-06 10:30:00-05:00,6.635000228881836,6.659999847412109,6.634799957275391,6.659900188446045,7634,0.0,0.0
2023-02-06 11:30:00-05:00,6.659999847412109,6.679900169372559,6.610000133514404,6.620200157165527,11382,0.0,0.0
2023-02-06 12:30:00-05:00,6.639999866485596,6.650000095367432,6.590000152587891,6.590000152587891,4074,0.0,0.0
2023-02-06 13:30:00-05:00,6.590000152587891,6.599999904632568,6.559999942779541,6.582099914550781,7444,0.0,0.0
2023-02-06 14:30:00-05:00,6.579999923706055,6.619999885559082,6.579999923706055,6.5991997718811035,21192,0.0,0.0
2023-02-06 15:30:00-05:00,6.590000152587891,6.599999904632568,6.570000171661377,6.590000152587891,5884,0.0,0.0
2023-02-07 09:30:00-05:00,6.510000228881836,6.519999980926514,6.449999809265137,6.465000152587891,31601,0.0,0.0
2023-02-07 10:30:00-05:00,6.478000164031982,6.53000020980835,6.478000164031982,6.519999980926514,6443,0.0,0.0
2023-02-07 11:30:00-05:00,6.519999980926514,6.5696001052856445,6.519999980926514,6.5696001052856445,6198,0.0,0.0
2023-02-07 12:30:00-05:00,6.550000190734863,6.650000095367432,6.550000190734863,6.579999923706055,6245,0.0,0.0
2023-02-07 13:30:00-05:00,6.539999961853027,6.574999809265137,6.5,6.570000171661377,5716,0.0,0.0
2023-02-07 14:30:00-05:00,6.579999923706055,6.59499979019165,6.579999923706055,6.590000152587891,2225,0.0,0.0
2023-02-07 15:30:00-05:00,6.579999923706055,6.639999866485596,6.559999942779541,6.590000152587891,17747,0.0,0.0
2023-02-08 09:30:00-05:00,6.53000020980835,6.599899768829346,6.53000020980835,6.534999847412109,7202,0.0,0.0
2023-02-08 10:30:00-05:00,6.550000190734863,6.550000190734863,6.510000228881836,6.510000228881836,11099,0.0,0.0
2023-02-08 11:30:00-05:00,6.509900093078613,6.510000228881836,6.5,6.510000228881836,2732,0.0,0.0
2023-02-08 12:30:00-05:00,6.518400192260742,6.550000190734863,6.510000228881836,6.550000190734863,2840,0.0,0.0
2023-02-08 13:30:00-05:00,6.519999980926514,6.521999835968018,6.489999771118164,6.494999885559082,6220,0.0,0.0
2023-02-08 14:30:00-05:00,6.5,6.519999980926514,6.5,6.510000228881836,3609,0.0,0.0
2023-02-08 15:30:00-05:00,6.502799987792969,6.519999980926514,6.5,6.5,9441,0.0,0.0
2023-02-09 09:30:00-05:00,6.550000190734863,6.610000133514404,6.485000133514404,6.485000133514404,12794,0.0,0.0
2023-02-09 10:30:00-05:00,6.434999942779541,6.46999979019165,6.420000076293945,6.440000057220459,7202,0.0,0.0
2023-02-09 11:30:00-05:00,6.449999809265137,6.449999809265137,6.409999847412109,6.426700115203857,3214,0.0,0.0
2023-02-09 12:30:00-05:00,6.414999961853027,6.429999828338623,6.380000114440918,6.380000114440918,5459,0.0,0.0
2023-02-09 13:30:00-05:00,6.380000114440918,6.380000114440918,6.329999923706055,6.329999923706055,8663,0.0,0.0
2023-02-09 14:30:00-05:00,6.329999923706055,6.34499979019165,6.288400173187256,6.289999961853027,9697,0.0,0.0
2023-02-09 15:30:00-05:00,6.284999847412109,6.340000152587891,6.284999847412109,6.320000171661377,12253,0.0,0.0
2023-02-10 09:30:00-05:00,6.28000020980835,6.369999885559082,6.28000020980835,6.320000171661377,11941,0.0,0.0
2023-02-10 10:30:00-05:00,6.311600208282471,6.349999904632568,6.179999828338623,6.260000228881836,53626,0.0,0.0
2023-02-10 11:30:00-05:00,6.2642998695373535,6.309999942779541,6.242199897766113,6.289999961853027,9318,0.0,0.0
2023-02-10 12:30:00-05:00,6.302499771118164,6.349999904632568,6.302499771118164,6.335000038146973,12884,0.0,0.0
2023-02-10 13:30:00-05:00,6.329999923706055,6.340000152587891,6.28000020980835,6.289999961853027,20136,0.0,0.0
2023-02-10 14:30:00-05:00,6.289999961853027,6.329999923706055,6.2881999015808105,6.309999942779541,30049,0.0,0.0
2023-02-10 15:30:00-05:00,6.320000171661377,6.349999904632568,6.320000171661377,6.349999904632568,26589,0.0,0.0
2023-02-13 09:30:00-05:00,6.349999904632568,6.349999904632568,6.300000190734863,6.316400051116943,19106,0.0,0.0
2023-02-13 10:30:00-05:00,6.315000057220459,6.340000152587891,6.309999942779541,6.329999923706055,6021,0.0,0.0
2023-02-13 11:30:00-05:00,6.320000171661377,6.340000152587891,6.320000171661377,6.331099987030029,8500,0.0,0.0
2023-02-13 12:30:00-05:00,6.349999904632568,6.376500129699707,6.340000152587891,6.375,16721,0.0,0.0
2023-02-13 13:30:00-05:00,6.375,6.409999847412109,6.349999904632568,6.380000114440918,16993,0.0,0.0
2023-02-13 14:30:00-05:00,6.376200199127197,6.376200199127197,6.349999904632568,6.349999904632568,3115,0.0,0.0
2023-02-13 15:30:00-05:00,6.340000152587891,6.400000095367432,6.320000171661377,6.400000095367432,17769,0.0,0.0
2023-02-14 09:30:00-05:00,6.349999904632568,6.355000019073486,6.296800136566162,6.340000152587891,13587,0.0,0.0
2023-02-14 10:30:00-05:00,6.320000171661377,6.320000171661377,6.230000019073486,6.25,25271,0.0,0.0
2023-02-14 11:30:00-05:00,6.260000228881836,6.260000228881836,6.21999979019165,6.25,8662,0.0,0.0
2023-02-14 12:30:00-05:00,6.25,6.275000095367432,6.239999771118164,6.2581000328063965,10464,0.0,0.0
2023-02-14 13:30:00-05:00,6.260000228881836,6.269999980926514,6.25,6.25,3722,0.0,0.0
2023-02-14 14:30:00-05:00,6.260000228881836,6.275000095367432,6.239999771118164,6.275000095367432,23693,0.0,0.0
2023-02-14 15:30:00-05:00,6.269999980926514,6.329999923706055,6.269999980926514,6.329999923706055,138654,0.0,0.0
2023-02-15 09:30:00-05:00,6.320000171661377,6.329999923706055,6.179999828338623,6.190000057220459,57214,0.0,0.0
2023-02-15 10:30:00-05:00,6.190000057220459,6.21999979019165,6.159999847412109,6.170000076293945,49939,0.0,0.0
2023-02-15 11:30:00-05:00,6.170000076293945,6.210000038146973,6.150000095367432,6.179999828338623,32449,0.0,0.0
2023-02-15 12:30:00-05:00,6.179999828338623,6.190000057220459,6.135000228881836,6.135000228881836,21760,0.0,0.0
2023-02-15 13:30:00-05:00,6.135000228881836,6.150000095367432,6.110000133514404,6.139999866485596,27099,0.0,0.0
2023-02-15 14:30:00-05:00,6.139999866485596,6.199999809265137,6.105000019073486,6.150000095367432,76316,0.0,0.0
2023-02-15 15:30:00-05:00,6.159999847412109,6.210000038146973,6.159999847412109,6.179999828338623,34551,0.0,0.0
2023-02-16 09:30:00-05:00,6.079999923706055,6.210000038146973,6.070000171661377,6.210000038146973,14362,0.0,0.0
2023-02-16 10:30:00-05:00,6.199999809265137,6.260000228881836,6.199999809265137,6.239999771118164,19729,0.0,0.0
2023-02-16 11:30:00-05:00,6.239999771118164,6.260000228881836,6.224999904632568,6.260000228881836,7568,0.0,0.0
2023-02-16 12:30:00-05:00,6.264999866485596,6.28000020980835,6.255000114440918,6.269999980926514,9239,0.0,0.0
2023-02-16 13:30:00-05:00,6.268599987030029,6.268599987030029,6.230999946594238,6.239999771118164,6062,0.0,0.0
2023-02-16 14:30:00-05:00,6.230000019073486,6.25,6.230000019073486,6.230000019073486,7783,0.0,0.0
2023-02-16 15:30:00-05:00,6.230000019073486,6.25,6.210000038146973,6.239999771118164,24988,0.0,0.0
2023-02-17 09:30:00-05:00,6.21999979019165,6.260000228881836,6.139999866485596,6.190000057220459,10494,0.0,0.0
2023-02-17 10:30:00-05:00,6.190000057220459,6.199999809265137,6.139999866485596,6.139999866485596,4535,0.0,0.0
2023-02-17 11:30:00-05:00,6.149899959564209,6.179999828338623,6.139999866485596,6.164999961853027,1521,0.0,0.0
2023-02-17 12:30:00-05:00,6.167300224304199,6.204999923706055,6.164999961853027,6.199999809265137,8487,0.0,0.0
2023-02-17 13:30:00-05:00,6.199999809265137,6.199999809265137,6.195000171661377,6.195000171661377,453,0.0,0.0
2023-02-17 14:30:00-05:00,6.195000171661377,6.224999904632568,6.170000076293945,6.210100173950195,16059,0.0,0.0
2023-02-17 15:30:00-05:00,6.21999979019165,6.25,6.21999979019165,6.230000019073486,14004,0.0,0.0
2023-02-21 09:30:00-05:00,6.179999828338623,6.179999828338623,6.050000190734863,6.063799858093262,16139,0.0,0.0
2023-02-21 10:30:00-05:00,6.070000171661377,6.110000133514404,6.059999942779541,6.059999942779541,6754,0.0,0.0
2023-02-21 11:30:00-05:00,6.048099994659424,6.059999942779541,6.019999980926514,6.038099765777588,5006,0.0,0.0
2023-02-21 12:30:00-05:00,6.039999961853027,6.059999942779541,6.003300189971924,6.003300189971924,3553,0.0,0.0
2023-02-21 13:30:00-05:00,6.019400119781494,6.019400119781494,5.959199905395508,5.96999979019165,7650,0.0,0.0
2023-02-21 14:30:00-05:00,5.974999904632568,6.0,5.965000152587891,6.0,7897,0.0,0.0
2023-02-21 15:30:00-05:00,6.0,6.019999980926514,5.96999979019165,6.0,12219,0.0,0.0
2023-02-22 09:30:00-05:00,5.96999979019165,6.079999923706055,5.96999979019165,6.025000095367432,19646,0.0,0.0
2023-02-22 10:30:00-05:00,6.010000228881836,6.065000057220459,5.989999771118164,6.059999942779541,7400,0.0,0.0
2023-02-22 11:30:00-05:00,6.054999828338623,6.059999942779541,6.045000076293945,6.054999828338623,5051,0.0,0.0
2023-02-22 12:30:00-05:00,6.050099849700928,6.079999923706055,6.039999961853027,6.079999923706055,14865,0.0,0.0
2023-02-22 13:30:00-05:00,6.074999809265137,6.110000133514404,6.065000057220459,6.090000152587891,11524,0.0,0.0
2023-02-22 14:30:00-05:00,6.090000152587891,6.090000152587891,6.054999828338623,6.059999942779541,6404,0.0,0.0
2023-02-22 15:30:00-05:00,6.059999942779541,6.070000171661377,6.03000020980835,6.039999961853027,13912,0.0,0.0
2023-02-23 09:30:00-05:00,6.199999809265137,6.199999809265137,6.0,6.0,11035,0.0,0.0
2023-02-23 10:30:00-05:00,6.019999980926514,6.079999923706055,6.010000228881836,6.069900035858154,13237,0.0,0.0
2023-02-23 11:30:00-05:00,6.03879976272583,6.040500164031982,6.019999980926514,6.019999980926514,4955,0.0,0.0
2023-02-23 12:30:00-05:00,6.03000020980835,6.050000190734863,6.03000020980835,6.039999961853027,4275,0.0,0.0
2023-02-23 13:30:00-05:00,6.059999942779541,6.079999923706055,6.054999828338623,6.079999923706055,4147,0.0,0.0
2023-02-23 14:30:00-05:00,6.090000152587891,6.110000133514404,6.079999923706055,6.110000133514404,4447,0.0,0.0
2023-02-23 15:30:00-05:00,6.110000133514404,6.119999885559082,6.105000019073486,6.119999885559082,9212,0.0,0.0
2023-02-24 09:30:00-05:00,6.050000190734863,6.059999942779541,5.989999771118164,6.0,0,0.0,0.0
2023-02-24 10:30:00-05:00,6.03000020980835,6.090000152587891,6.010000228881836,6.090000152587891,16287,0.0,0.0
2023-02-24 11:30:00-05:00,6.070099830627441,6.179999828338623,6.070099830627441,6.179999828338623,22180,0.0,0.0
2023-02-24 12:30:00-05:00,6.190000057220459,6.190000057220459,6.159999847412109,6.175000190734863,10166,0.0,0.0
2023-02-24 13:30:00-05:00,6.170000076293945,6.210000038146973,6.160099983215332,6.210000038146973,22243,0.0,0.0
2023-02-24 14:30:00-05:00,6.210000038146973,6.239999771118164,6.195000171661377,6.21999979019165,20179,0.0,0.0
2023-02-24 15:30:00-05:00,6.21999979019165,6.230000019073486,6.190000057220459,6.210000038146973,22826,0.0,0.0
2023-02-27 09:30:00-05:00,6.25,6.329999923706055,6.183300018310547,6.204999923706055,43333,0.0,0.0
2023-02-27 10:30:00-05:00,6.204999923706055,6.240799903869629,6.201399803161621,6.21999979019165,29522,0.0,0.0
2023-02-27 11:30:00-05:00,6.210000038146973,6.239999771118164,6.210000038146973,6.224999904632568,11710,0.0,0.0
2023-02-27 12:30:00-05:00,6.230000019073486,6.289999961853027,6.22130012512207,6.289999961853027,21863,0.0,0.0
2023-02-27 13:30:00-05:00,6.28000020980835,6.289999961853027,6.260000228881836,6.28000020980835,13870,0.0,0.0
2023-02-27 14:30:00-05:00,6.284999847412109,6.309999942779541,6.270100116729736,6.300000190734863,22041,0.0,0.0
2023-02-27 15:30:00-05:00,6.289999961853027,6.289999961853027,6.239999771118164,6.239999771118164,10859,0.0,0.0
2023-02-28 09:30:00-05:00,6.25,6.28000020980835,6.239999771118164,6.260000228881836,14944,0.0,0.0
2023-02-28 10:30:00-05:00,6.2733001708984375,6.309999942779541,6.25,6.304999828338623,19983,0.0,0.0
2023-02-28 11:30:00-05:00,6.300000190734863,6.309999942779541,6.275000095367432,6.300000190734863,17453,0.0,0.0
2023-02-28 12:30:00-05:00,6.300000190734863,6.340000152587891,6.300000190734863,6.335000038146973,10948,0.0,0.0
2023-02-28 13:30:00-05:00,6.329999923706055,6.340000152587891,6.324999809265137,6.332699775695801,9865,0.0,0.0
2023-02-28 14:30:00-05:00,6.329999923706055,6.380000114440918,6.329999923706055,6.369999885559082,29187,0.0,0.0
2023-02-28 15:30:00-05:00,6.361800193786621,6.375,6.349999904632568,6.360000133514404,11252,0.0,0.0
2023-03-01 09:30:00-05:00,6.300000190734863,6.300000190734863,6.130000114440918,6.130000114440918,35884,0.0,0.0
2023-03-01 10:30:00-05:00,6.130000114440918,6.159900188446045,6.090000152587891,6.090000152587891,31417,0.0,0.0
2023-03-01 11:30:00-05:00,6.090000152587891,6.114999771118164,6.090000152587891,6.099999904632568,11548,0.0,0.0
2023-03-01 12:30:00-05:00,6.1097002029418945,6.130000114440918,6.050000190734863,6.054999828338623,31825,0.0,0.0
2023-03-01 13:30:00-05:00,6.050000190734863,6.054999828338623,6.050000190734863,6.050000190734863,12081,0.0,0.0
2023-03-01 14:30:00-05:00,6.050000190734863,6.079999923706055,6.045000076293945,6.079999923706055,24385,0.0,0.0
2023-03-01 15:30:00-05:00,6.079999923706055,6.079999923706055,6.045000076293945,6.050000190734863,20235,0.0,0.0
2023-03-02 09:30:00-05:00,5.989999771118164,6.010000228881836,5.940000057220459,5.949999809265137,36138,0.0,0.0
2023-03-02 10:30:00-05:00,5.949999809265137,5.96999979019165,5.929999828338623,5.934999942779541,11995,0.0,0.0
2023-03-02 11:30:00-05:00,5.934999942779541,5.934999942779541,5.920000076293945,5.920000076293945,6281,0.0,0.0
2023-03-02 12:30:00-05:00,5.920000076293945,5.934999942779541,5.909999847412109,5.909999847412109,8967,0.0,0.0
2023-03-02 13:30:00-05:00,5.909999847412109,5.960000038146973,5.909999847412109,5.945000171661377,15458,0.0,0.0
2023-03-02 14:30:00-05:00,5.945000171661377,6.03000020980835,5.940000057220459,6.03000020980835,16118,0.0,0.0
2023-03-02 15:30:00-05:00,6.03000020980835,6.039999961853027,5.989999771118164,6.010000228881836,15441,0.0,0.0
2023-03-03 09:30:00-05:00,6.010000228881836,6.074999809265137,6.010000228881836,6.074999809265137,19602,0.0,0.0
2023-03-03 10:30:00-05:00,6.070099830627441,6.090000152587891,6.069900035858154,6.090000152587891,12341,0.0,0.0
2023-03-03 11:30:00-05:00,6.090000152587891,6.150000095367432,6.090000152587891,6.140100002288818,12252,0.0,0.0
2023-03-03 12:30:00-05:00,6.144999980926514,6.175000190734863,6.139999866485596,6.170000076293945,8447,0.0,0.0
2023-03-03 13:30:00-05:00,6.170000076293945,6.179999828338623,6.164999961853027,6.179999828338623,8553,0.0,0.0
2023-03-03 14:30:00-05:00,6.179999828338623,6.189700126647949,6.170000076293945,6.175000190734863,13508,0.0,0.0
2023-03-03 15:30:00-05:00,6.175000190734863,6.175000190734863,6.110000133514404,6.119999885559082,12936,0.0,0.0
2023-03-06 09:30:00-05:00,6.119999885559082,6.25,6.119999885559082,6.230000019073486,40506,0.0,0.0
2023-03-06 10:30:00-05:00,6.230000019073486,6.230000019073486,6.179999828338623,6.179999828338623,12325,0.0,0.0
2023-03-06 11:30:00-05:00,6.190000057220459,6.190000057220459,6.170000076293945,6.184999942779541,9248,0.0,0.0
2023-03-06 12:30:00-05:00,6.184999942779541,6.184999942779541,6.179999828338623,6.179999828338623,6624,0.0,0.0
2023-03-06 13:30:00-05:00,6.179999828338623,6.179999828338623,6.150000095367432,6.159999847412109,6285,0.0,0.0
2023-03-06 14:30:00-05:00,6.159999847412109,6.164999961853027,6.159999847412109,6.162199974060059,9001,0.0,0.0
2023-03-06 15:30:00-05:00,6.144999980926514,6.170000076293945,6.110000133514404,6.170000076293945,13164,0.0,0.0
2023-03-07 09:30:00-05:00,6.059999942779541,6.170000076293945,6.059999942779541,6.101399898529053,28871,0.0,0.0
2023-03-07 10:30:00-05:00,6.110000133514404,6.125,6.059999942779541,6.059999942779541,19151,0.0,0.0
2023-03-07 11:30:00-05:00,6.054999828338623,6.059999942779541,6.019999980926514,6.050000190734863,13085,0.0,0.0
2023-03-07 12:30:00-05:00,6.039999961853027,6.045000076293945,6.039999961853027,6.039999961853027,5834,0.0,0.0
2023-03-07 13:30:00-05:00,6.039999961853027,6.039999961853027,6.010000228881836,6.010000228881836,7972,0.0,0.0
2023-03-07 14:30:00-05:00,6.010000228881836,6.010000228881836,5.989999771118164,5.989999771118164,8038,0.0,0.0
2023-03-07 15:30:00-05:00,5.989999771118164,5.989999771118164,5.960000038146973,5.96999979019165,27332,0.0,0.0
2023-03-08 09:30:00-05:00,5.960000038146973,5.9770002365112305,5.849999904632568,5.860000133514404,44173,0.0,0.0
2023-03-08 10:30:00-05:00,5.860000133514404,5.884099960327148,5.860000133514404,5.860000133514404,14449,0.0,0.0
2023-03-08 11:30:00-05:00,5.864999771118164,5.869900226593018,5.849999904632568,5.849999904632568,16179,0.0,0.0
2023-03-08 12:30:00-05:00,5.849999904632568,5.869999885559082,5.809999942779541,5.809999942779541,18825,0.0,0.0
2023-03-08 13:30:00-05:00,5.809999942779541,5.809999942779541,5.75,5.769999980926514,36970,0.0,0.0
2023-03-08 14:30:00-05:00,5.78000020980835,5.78000020980835,5.764999866485596,5.78000020980835,12066,0.0,0.0
2023-03-08 15:30:00-05:00,5.784999847412109,5.800000190734863,5.769999980926514,5.800000190734863,14994,0.0,0.0
2023-03-09 09:30:00-05:00,5.800000190734863,5.804999828338623,5.75,5.769999980926514,23601,0.0,0.0
2023-03-09 10:30:00-05:00,5.769999980926514,5.820000171661377,5.739999771118164,5.739999771118164,18575,0.0,0.0
2023-03-09 11:30:00-05:00,5.739999771118164,5.739999771118164,5.699999809265137,5.704999923706055,15637,0.0,0.0
2023-03-09 12:30:00-05:00,5.704999923706055,5.717100143432617,5.659999847412109,5.664999961853027,20666,0.0,0.0
2023-03-09 13:30:00-05:00,5.664999961853027,5.675000190734863,5.610000133514404,5.639999866485596,22055,0.0,0.0
2023-03-09 14:30:00-05:00,5.639999866485596,5.639999866485596,5.565000057220459,5.570000171661377,25233,0.0,0.0
2023-03-09 15:30:00-05:00,5.565000057220459,5.570000171661377,5.5,5.5,30232,0.0,0.0
2023-03-10 09:30:00-05:00,5.5,5.514999866485596,5.329999923706055,5.369999885559082,62046,0.0,0.0
2023-03-10 10:30:00-05:00,5.369999885559082,5.449999809265137,5.340000152587891,5.449999809265137,17978,0.0,0.0
2023-03-10 11:30:00-05:00,5.46999979019165,5.46999979019165,5.350100040435791,5.360000133514404,8695,0.0,0.0
2023-03-10 12:30:00-05:00,5.369999885559082,5.369999885559082,5.289999961853027,5.295000076293945,27725,0.0,0.0
2023-03-10 13:30:00-05:00,5.295000076293945,5.309999942779541,5.260000228881836,5.275000095367432,29401,0.0,0.0
2023-03-10 14:30:00-05:00,5.275000095367432,5.329999923706055,5.275000095367432,5.289999961853027,24215,0.0,0.0
2023-03-10 15:30:00-05:00,5.28000020980835,5.289999961853027,5.230000019073486,5.260000228881836,35334,0.0,0.0
2023-03-13 09:30:00-04:00,5.159999847412109,5.159999847412109,4.9608001708984375,4.989999771118164,61084,0.0,0.0
2023-03-13 10:30:00-04:00,5.019999980926514,5.179999828338623,5.010000228881836,5.175000190734863,18562,0.0,0.0
2023-03-13 11:30:00-04:00,5.190000057220459,5.190000057220459,5.110000133514404,5.130000114440918,27593,0.0,0.0
2023-03-13 12:30:00-04:00,5.119999885559082,5.150000095367432,5.059999942779541,5.130000114440918,27670,0.0,0.0
2023-03-13 13:30:00-04:00,5.119999885559082,5.190000057220459,5.099999904632568,5.179999828338623,36822,0.0,0.0
2023-03-13 14:30:00-04:00,5.179999828338623,5.239999771118164,5.139999866485596,5.139999866485596,40882,0.0,0.0
2023-03-13 15:30:00-04:00,5.139999866485596,5.15500020980835,5.119999885559082,5.130000114440918,26131,0.0,0.0
2023-03-14 09:30:00-04:00,5.289999961853027,5.380000114440918,5.289999961853027,5.375,42419,0.0,0.0
2023-03-14 10:30:00-04:00,5.373799800872803,5.440000057220459,5.360000133514404,5.429999828338623,32854,0.0,0.0
2023-03-14 11:30:00-04:00,5.429999828338623,5.440000057220459,5.389999866485596,5.438600063323975,13441,0.0,0.0
2023-03-14 12:30:00-04:00,5.429999828338623,5.429999828338623,5.324999809265137,5.340000152587891,19893,0.0,0.0
2023-03-14 13:30:00-04:00,5.340000152587891,5.369900226593018,5.329999923706055,5.340000152587891,15534,0.0,0.0
2023-03-14 14:30:00-04:00,5.340000152587891,5.34499979019165,5.269999980926514,5.289999961853027,22823,0.0,0.0
2023-03-14 15:30:00-04:00,5.295000076293945,5.340000152587891,5.28000020980835,5.300000190734863,28684,0.0,0.0
2023-03-15 09:30:00-04:00,5.28000020980835,5.28000020980835,5.03000020980835,5.079999923706055,59493,0.0,0.0
2023-03-15 10:30:00-04:00,5.079999923706055,5.150000095367432,5.079999923706055,5.090000152587891,38503,0.0,0.0
2023-03-15 11:30:00-04:00,5.074999809265137,5.110000133514404,5.059999942779541,5.079999923706055,17348,0.0,0.0
2023-03-15 12:30:00-04:00,5.079999923706055,5.090000152587891,5.019999980926514,5.090000152587891,32751,0.0,0.0
2023-03-15 13:30:00-04:00,5.090000152587891,5.150000095367432,5.070000171661377,5.139999866485596,13035,0.0,0.0
2023-03-15 14:30:00-04:00,5.144999980926514,5.1570000648498535,5.105000019073486,5.139999866485596,14646,0.0,0.0
2023-03-15 15:30:00-04:00,5.141499996185303,5.150000095367432,5.099999904632568,5.150000095367432,21079,0.0,0.0
2023-03-16 09:30:00-04:00,5.070000171661377,5.130000114440918,4.960000038146973,5.019999980926514,40978,0.0,0.0
2023-03-16 10:30:00-04:00,5.037700176239014,5.199999809265137,5.03000020980835,5.199999809265137,42585,0.0,0.0
2023-03-16 11:30:00-04:00,5.199999809265137,5.260000228881836,5.170000076293945,5.260000228881836,33529,0.0,0.0
2023-03-16 12:30:00-04:00,5.255000114440918,5.340000152587891,5.24459981918335,5.300000190734863,24893,0.0,0.0
2023-03-16 13:30:00-04:00,5.300000190734863,5.309999942779541,5.28000020980835,5.300000190734863,21340,0.0,0.0
2023-03-16 14:30:00-04:00,5.300000190734863,5.347700119018555,5.289999961853027,5.340000152587891,20274,0.0,0.0
2023-03-16 15:30:00-04:00,5.349999904632568,5.355000019073486,5.28000020980835,5.289999961853027,15318,0.0,0.0
2023-03-17 09:30:00-04:00,5.190000057220459,5.269999980926514,5.019999980926514,5.03000020980835,65481,0.0,0.0
2023-03-17 10:30:00-04:00,5.03000020980835,5.039999961853027,5.0,5.010000228881836,49967,0.0,0.0
2023-03-17 11:30:00-04:00,5.010000228881836,5.050000190734863,5.0,5.034999847412109,41508,0.0,0.0
2023-03-17 12:30:00-04:00,5.034999847412109,5.059999942779541,5.019999980926514,5.03249979019165,33253,0.0,0.0
2023-03-17 13:30:00-04:00,5.034999847412109,5.079999923706055,5.034999847412109,5.050000190734863,47078,0.0,0.0
2023-03-17 14:30:00-04:00,5.050000190734863,5.099999904632568,5.03000020980835,5.090000152587891,41976,0.0,0.0
2023-03-17 15:30:00-04:00,5.090000152587891,5.139999866485596,5.059999942779541,5.139999866485596,71188,0.0,0.0
2023-03-20 09:30:00-04:00,5.150000095367432,5.25,5.150000095367432,5.224999904632568,63815,0.0,0.0
2023-03-20 10:30:00-04:00,5.239999771118164,5.309999942779541,5.199999809265137,5.300000190734863,170006,0.0,0.0
2023-03-20 11:30:00-04:00,5.295000076293945,5.300000190734863,5.230100154876709,5.230100154876709,9897,0.0,0.0
2023-03-20 12:30:00-04:00,5.25,5.289999961853027,5.25,5.269999980926514,14946,0.0,0.0
2023-03-20 13:30:00-04:00,5.275000095367432,5.275000095367432,5.230000019073486,5.239999771118164,14801,0.0,0.0
2023-03-20 14:30:00-04:00,5.239999771118164,5.239999771118164,5.210000038146973,5.215000152587891,18158,0.0,0.0
2023-03-20 15:30:00-04:00,5.21999979019165,5.230000019073486,5.190000057220459,5.210000038146973,17060,0.0,0.0
2023-03-21 09:30:00-04:00,5.269999980926514,5.426199913024902,5.269999980926514,5.389999866485596,29607,0.0,0.0
2023-03-21 10:30:00-04:00,5.389999866485596,5.420000076293945,5.382699966430664,5.420000076293945,18911,0.0,0.0
2023-03-21 11:30:00-04:00,5.420000076293945,5.428699970245361,5.380000114440918,5.420000076293945,18251,0.0,0.0
2023-03-21 12:30:00-04:00,5.420000076293945,5.429999828338623,5.409999847412109,5.409999847412109,12107,0.0,0.0
2023-03-21 13:30:00-04:00,5.409999847412109,5.414999961853027,5.400000095367432,5.40500020980835,12980,0.0,0.0
2023-03-21 14:30:00-04:00,5.400000095367432,5.414999961853027,5.400000095367432,5.409999847412109,14298,0.0,0.0
2023-03-21 15:30:00-04:00,5.409999847412109,5.409999847412109,5.360000133514404,5.40500020980835,40218,0.0,0.0
2023-03-22 09:30:00-04:00,5.389999866485596,5.429999828338623,5.340000152587891,5.429999828338623,26205,0.0,0.0
2023-03-22 10:30:00-04:00,5.440000057220459,5.449100017547607,5.400000095367432,5.409999847412109,12253,0.0,0.0
2023-03-22 11:30:00-04:00,5.40500020980835,5.409999847412109,5.389999866485596,5.409999847412109,16243,0.0,0.0
2023-03-22 12:30:00-04:00,5.414999961853027,5.429999828338623,5.409999847412109,5.420000076293945,12020,0.0,0.0
2023-03-22 13:30:00-04:00,5.420000076293945,5.489999771118164,5.420000076293945,5.465000152587891,21823,0.0,0.0
2023-03-22 14:30:00-04:00,5.460000038146973,5.480000019073486,5.360000133514404,5.394999980926514,50122,0.0,0.0
2023-03-22 15:30:00-04:00,5.389999866485596,5.389999866485596,5.260000228881836,5.260000228881836,31449,0.0,0.0
2023-03-23 09:30:00-04:00,5.340000152587891,5.420000076293945,5.340000152587891,5.391300201416016,42098,0.0,0.0
2023-03-23 10:30:00-04:00,5.400000095367432,5.470300197601318,5.389999866485596,5.440000057220459,26354,0.0,0.0
2023-03-23 11:30:00-04:00,5.434999942779541,5.449999809265137,5.3927001953125,5.400000095367432,15912,0.0,0.0
2023-03-23 12:30:00-04:00,5.400000095367432,5.409999847412109,5.380000114440918,5.380000114440918,17495,0.0,0.0
2023-03-23 13:30:00-04:00,5.380000114440918,5.380000114440918,5.289999961853027,5.289999961853027,19985,0.0,0.0
2023-03-23 14:30:00-04:00,5.289999961853027,5.329999923706055,5.264999866485596,5.28000020980835,21195,0.0,0.0
2023-03-23 15:30:00-04:00,5.269999980926514,5.289999961853027,5.25,5.25,16603,0.0,0.0
2023-03-24 09:30:00-04:00,5.25,5.340000152587891,5.210000038146973,5.330100059509277,33039,0.0,0.0
2023-03-24 10:30:00-04:00,5.340000152587891,5.34499979019165,5.300000190734863,5.344399929046631,16146,0.0,0.0
2023-03-24 11:30:00-04:00,5.340000152587891,5.434999942779541,5.309999942779541,5.434999942779541,42217,0.0,0.0
2023-03-24 12:30:00-04:00,5.440000057220459,5.449999809265137,5.420000076293945,5.449999809265137,7952,0.0,0.0
2023-03-24 13:30:00-04:00,5.4481000900268555,5.460000038146973,5.440000057220459,5.449999809265137,15987,0.0,0.0
2023-03-24 14:30:00-04:00,5.449999809265137,5.519999980926514,5.449999809265137,5.519999980926514,25514,0.0,0.0
2023-03-24 15:30:00-04:00,5.518700122833252,5.519999980926514,5.474999904632568,5.519999980926514,10500,0.0,0.0
2023-03-27 09:30:00-04:00,5.590000152587891,5.639999866485596,5.559999942779541,5.579999923706055,23618,0.0,0.0
2023-03-27 10:30:00-04:00,5.579999923706055,5.635000228881836,5.570000171661377,5.614999771118164,12180,0.0,0.0
2023-03-27 11:30:00-04:00,5.619900226593018,5.620100021362305,5.579999923706055,5.620100021362305,16526,0.0,0.0
2023-03-27 12:30:00-04:00,5.625,5.659999847412109,5.625,5.639999866485596,17995,0.0,0.0
2023-03-27 13:30:00-04:00,5.659999847412109,5.679999828338623,5.659999847412109,5.675000190734863,15803,0.0,0.0
2023-03-27 14:30:00-04:00,5.675000190734863,5.6890997886657715,5.659999847412109,5.679999828338623,14163,0.0,0.0
2023-03-27 15:30:00-04:00,5.679999828338623,5.679999828338623,5.619999885559082,5.619999885559082,41137,0.0,0.0
2023-03-28 09:30:00-04:00,5.610000133514404,5.670000076293945,5.610000133514404,5.656400203704834,18818,0.0,0.0
2023-03-28 10:30:00-04:00,5.650000095367432,5.679999828338623,5.639999866485596,5.670000076293945,30131,0.0,0.0
2023-03-28 11:30:00-04:00,5.675000190734863,5.710000038146973,5.670499801635742,5.695000171661377,18231,0.0,0.0
2023-03-28 12:30:00-04:00,5.690000057220459,5.695000171661377,5.659999847412109,5.67110013961792,13422,0.0,0.0
2023-03-28 13:30:00-04:00,5.670000076293945,5.670000076293945,5.619999885559082,5.625,7461,0.0,0.0
2023-03-28 14:30:00-04:00,5.625,5.63539981842041,5.619999885559082,5.619999885559082,28289,0.0,0.0
2023-03-28 15:30:00-04:00,5.619999885559082,5.639999866485596,5.614999771118164,5.639999866485596,15379,0.0,0.0
2023-03-29 09:30:00-04:00,5.71999979019165,5.789999961853027,5.710000038146973,5.769999980926514,22058,0.0,0.0
2023-03-29 10:30:00-04:00,5.789999961853027,5.795000076293945,5.730000019073486,5.739999771118164,17163,0.0,0.0
2023-03-29 11:30:00-04:00,5.757199764251709,5.769999980926514,5.730000019073486,5.75,18993,0.0,0.0
2023-03-29 12:30:00-04:00,5.75,5.769999980926514,5.71999979019165,5.71999979019165,23633,0.0,0.0
2023-03-29 13:30:00-04:00,5.71999979019165,5.730000019073486,5.710000038146973,5.710000038146973,11084,0.0,0.0
2023-03-29 14:30:00-04:00,5.710000038146973,5.730000019073486,5.699999809265137,5.730000019073486,18351,0.0,0.0
2023-03-29 15:30:00-04:00,5.730000019073486,5.739999771118164,5.710000038146973,5.715000152587891,19529,0.0,0.0
2023-03-30 09:30:00-04:00,5.619999885559082,5.620100021362305,5.550000190734863,5.579999923706055,37265,0.0,0.0
2023-03-30 10:30:00-04:00,5.584199905395508,5.590000152587891,5.550000190734863,5.587200164794922,15247,0.0,0.0
2023-03-30 11:30:00-04:00,5.579999923706055,5.590000152587891,5.570000171661377,5.570000171661377,9833,0.0,0.0
2023-03-30 12:30:00-04:00,5.570000171661377,5.570000171661377,5.539999961853027,5.539999961853027,18577,0.0,0.0
2023-03-30 13:30:00-04:00,5.543300151824951,5.574999809265137,5.519999980926514,5.570000171661377,18954,0.0,0.0
2023-03-30 14:30:00-04:00,5.579999923706055,5.579999923706055,5.550000190734863,5.550000190734863,17289,0.0,0.0
2023-03-30 15:30:00-04:00,5.550000190734863,5.574999809265137,5.550000190734863,5.559999942779541,20401,0.0,0.0
2023-03-31 09:30:00-04:00,5.630000114440918,5.659999847412109,5.610000133514404,5.659999847412109,20657,0.0,0.0
2023-03-31 10:30:00-04:00,5.659999847412109,5.699999809265137,5.639999866485596,5.699999809265137,28232,0.0,0.0
2023-03-31 11:30:00-04:00,5.709799766540527,5.735000133514404,5.699999809265137,5.730000019073486,11174,0.0,0.0
2023-03-31 12:30:00-04:00,5.730000019073486,5.742700099945068,5.71999979019165,5.738399982452393,12074,0.0,0.0
2023-03-31 13:30:00-04:00,5.739999771118164,5.760000228881836,5.739999771118164,5.75,27125,0.0,0.0
2023-03-31 14:30:00-04:00,5.75,5.75,5.730000019073486,5.75,12775,0.0,0.0
2023-03-31 15:30:00-04:00,5.75,5.789999961853027,5.730000019073486,5.760000228881836,19511,0.0,0.0
2023-04-03 09:30:00-04:00,5.769999980926514,5.840000152587891,5.71999979019165,5.820000171661377,26653,0.0,0.0
2023-04-03 10:30:00-04:00,5.829899787902832,5.829999923706055,5.75,5.755000114440918,16981,0.0,0.0
2023-04-03 11:30:00-04:00,5.750100135803223,5.769999980926514,5.720200061798096,5.764999866485596,17781,0.0,0.0
2023-04-03 12:30:00-04:00,5.763299942016602,5.792600154876709,5.760000228881836,5.78000020980835,13893,0.0,0.0
2023-04-03 13:30:00-04:00,5.784999847412109,5.784999847412109,5.730000019073486,5.755000114440918,16692,0.0,0.0
2023-04-03 14:30:00-04:00,5.760000228881836,5.78000020980835,5.760000228881836,5.769999980926514,19360,0.0,0.0
2023-04-03 15:30:00-04:00,5.769999980926514,5.800000190734863,5.760000228881836,5.78000020980835,16681,0.0,0.0
2023-04-04 09:30:00-04:00,5.820000171661377,5.820000171661377,5.710000038146973,5.730000019073486,6403,0.0,0.0
2023-04-04 10:30:00-04:00,5.73829984664917,5.753300189971924,5.715000152587891,5.753300189971924,28093,0.0,0.0
2023-04-04 11:30:00-04:00,5.760000228881836,5.800000190734863,5.760000228881836,5.800000190734863,18659,0.0,0.0
2023-04-04 12:30:00-04:00,5.800000190734863,5.809999942779541,5.789999961853027,5.800000190734863,18735,0.0,0.0
2023-04-04 13:30:00-04:00,5.804999828338623,5.804999828338623,5.75,5.769999980926514,21305,0.0,0.0
2023-04-04 14:30:00-04:00,5.769999980926514,5.78000020980835,5.730000019073486,5.760000228881836,18404,0.0,0.0
2023-04-04 15:30:00-04:00,5.75,5.800000190734863,5.730000019073486,5.800000190734863,13289,0.0,0.0
2023-04-05 09:30:00-04:00,5.710000038146973,5.795000076293945,5.710000038146973,5.789999961853027,19249,0.0,0.0
2023-04-05 10:30:00-04:00,5.800000190734863,5.8282999992370605,5.789999961853027,5.8282999992370605,3635,0.0,0.0
2023-04-05 11:30:00-04:00,5.829999923706055,5.869999885559082,5.824999809265137,5.869999885559082,10000,0.0,0.0
2023-04-05 12:30:00-04:00,5.880199909210205,5.945000171661377,5.869999885559082,5.945000171661377,21119,0.0,0.0
2023-04-05 13:30:00-04:00,5.945000171661377,5.956500053405762,5.929999828338623,5.940000057220459,34382,0.0,0.0
2023-04-05 14:30:00-04:00,5.945000171661377,5.949999809265137,5.900000095367432,5.929999828338623,19194,0.0,0.0
2023-04-05 15:30:00-04:00,5.929999828338623,5.949999809265137,5.900000095367432,5.909999847412109,20398,0.0,0.0
2023-04-06 09:30:00-04:00,5.909999847412109,5.9882001876831055,5.880000114440918,5.920000076293945,8128,0.0,0.0
2023-04-06 10:30:00-04:00,5.889999866485596,5.930099964141846,5.889999866485596,5.930099964141846,4097,0.0,0.0
2023-04-06 11:30:00-04:00,5.940000057220459,5.960000038146973,5.929999828338623,5.929999828338623,4440,0.0,0.0
2023-04-06 12:30:00-04:00,5.940000057220459,5.940000057220459,5.909999847412109,5.909999847412109,4834,0.0,0.0
2023-04-06 13:30:00-04:00,5.9079999923706055,5.909999847412109,5.880000114440918,5.880000114440918,3978,0.0,0.0
2023-04-06 14:30:00-04:00,5.860000133514404,5.869999885559082,5.820000171661377,5.820000171661377,37301,0.0,0.0
2023-04-06 15:30:00-04:00,5.820000171661377,5.869999885559082,5.820000171661377,5.869999885559082,12381,0.0,0.0
2023-04-10 09:30:00-04:00,5.829999923706055,5.840000152587891,5.760000228881836,5.760000228881836,30513,0.0,0.0
2023-04-10 10:30:00-04:00,5.75,5.769999980926514,5.659999847412109,5.659999847412109,24563,0.0,0.0
2023-04-10 11:30:00-04:00,5.64709997177124,5.649899959564209,5.5,5.5,22618,0.0,0.0
2023-04-10 12:30:00-04:00,5.5,5.559999942779541,5.5,5.559999942779541,19223,0.0,0.0
2023-04-10 13:30:00-04:00,5.55079984664917,5.570000171661377,5.550000190734863,5.567999839782715,10256,0.0,0.0
2023-04-10 14:30:00-04:00,5.570000171661377,5.619999885559082,5.559999942779541,5.619999885559082,10591,0.0,0.0
2023-04-10 15:30:00-04:00,5.619999885559082,5.619999885559082,5.585000038146973,5.59499979019165,26887,0.0,0.0
2023-04-11 09:30:00-04:00,5.650000095367432,5.659999847412109,5.570000171661377,5.623499870300293,18741,0.0,0.0
2023-04-11 10:30:00-04:00,5.633800029754639,5.639999866485596,5.615200042724609,5.639999866485596,10122,0.0,0.0
2023-04-11 11:30:00-04:00,5.619999885559082,5.679999828338623,5.619999885559082,5.679999828338623,12510,0.0,0.0
2023-04-11 12:30:00-04:00,5.679999828338623,5.679999828338623,5.659999847412109,5.664999961853027,7451,0.0,0.0
2023-04-11 13:30:00-04:00,5.659999847412109,5.690000057220459,5.65500020980835,5.690000057220459,5585,0.0,0.0
2023-04-11 14:30:00-04:00,5.690000057220459,5.699999809265137,5.679999828338623,5.690100193023682,5968,0.0,0.0
2023-04-11 15:30:00-04:00,5.696700096130371,5.696700096130371,5.610000133514404,5.650000095367432,40606,0.0,0.0
2023-04-12 09:30:00-04:00,5.699999809265137,5.75,5.639999866485596,5.639999866485596,14201,0.0,0.0
2023-04-12 10:30:00-04:00,5.639999866485596,5.65500020980835,5.579999923706055,5.579999923706055,12811,0.0,0.0
2023-04-12 11:30:00-04:00,5.590000152587891,5.619999885559082,5.579999923706055,5.599999904632568,18270,0.0,0.0
2023-04-12 12:30:00-04:00,5.605000019073486,5.659999847412109,5.599999904632568,5.659999847412109,31715,0.0,0.0
2023-04-12 13:30:00-04:00,5.670000076293945,5.730000019073486,5.670000076293945,5.699999809265137,19786,0.0,0.0
2023-04-12 14:30:00-04:00,5.690000057220459,5.690000057220459,5.650000095367432,5.670000076293945,5579,0.0,0.0
2023-04-12 15:30:00-04:00,5.664999961853027,5.679999828338623,5.650000095367432,5.679999828338623,9848,0.0,0.0
2023-04-13 09:30:00-04:00,5.670000076293945,5.670000076293945,5.619999885559082,5.619999885559082,6365,0.0,0.0
2023-04-13 10:30:00-04:00,5.619999885559082,5.639999866485596,5.559999942779541,5.5756001472473145,4132,0.0,0.0
2023-04-13 11:30:00-04:00,5.570000171661377,5.605000019073486,5.562699794769287,5.605000019073486,5981,0.0,0.0
2023-04-13 12:30:00-04:00,5.599999904632568,5.679999828338623,5.599999904632568,5.679999828338623,18548,0.0,0.0
2023-04-13 13:30:00-04:00,5.679999828338623,5.679999828338623,5.630000114440918,5.664999961853027,5352,0.0,0.0
2023-04-13 14:30:00-04:00,5.664999961853027,5.679999828338623,5.625,5.659999847412109,12423,0.0,0.0
2023-04-13 15:30:00-04:00,5.659999847412109,5.679999828338623,5.639999866485596,5.659999847412109,25397,0.0,0.0
2023-04-14 09:30:00-04:00,5.659999847412109,5.739999771118164,5.619999885559082,5.619999885559082,21237,0.0,0.0
2023-04-14 10:30:00-04:00,5.617700099945068,5.639999866485596,5.570000171661377,5.570000171661377,5644,0.0,0.0
2023-04-14 11:30:00-04:00,5.579999923706055,5.610000133514404,5.579999923706055,5.609000205993652,3993,0.0,0.0
2023-04-14 12:30:00-04:00,5.599999904632568,5.599999904632568,5.579999923706055,5.599999904632568,2682,0.0,0.0
2023-04-14 13:30:00-04:00,5.590000152587891,5.590000152587891,5.579999923706055,5.590000152587891,5634,0.0,0.0
2023-04-14 14:30:00-04:00,5.599999904632568,5.639999866485596,5.579999923706055,5.639999866485596,19530,0.0,0.0
2023-04-14 15:30:00-04:00,5.625,5.639999866485596,5.605000019073486,5.619999885559082,17627,0.0,0.0
2023-04-17 09:30:00-04:00,5.610000133514404,5.639999866485596,5.510900020599365,5.639999866485596,22224,0.0,0.0
2023-04-17 10:30:00-04:00,5.625,5.650000095367432,5.610000133514404,5.639999866485596,8470,0.0,0.0
2023-04-17 11:30:00-04:00,5.630000114440918,5.639999866485596,5.610000133514404,5.635000228881836,7354,0.0,0.0
2023-04-17 12:30:00-04:00,5.639999866485596,5.659999847412109,5.619999885559082,5.639999866485596,6256,0.0,0.0
2023-04-17 13:30:00-04:00,5.639999866485596,5.659999847412109,5.619999885559082,5.659999847412109,7105,0.0,0.0
2023-04-17 14:30:00-04:00,5.670000076293945,5.75,5.65500020980835,5.748000144958496,14437,0.0,0.0
2023-04-17 15:30:00-04:00,5.75,5.75,5.71999979019165,5.739999771118164,15625,0.0,0.0
2023-04-18 09:30:00-04:00,5.739999771118164,5.809999942779541,5.699999809265137,5.710000038146973,8459,0.0,0.0
2023-04-18 10:30:00-04:00,5.695000171661377,5.699999809265137,5.675000190734863,5.699999809265137,2854,0.0,0.0
2023-04-18 11:30:00-04:00,5.71999979019165,5.71999979019165,5.690000057220459,5.710000038146973,3239,0.0,0.0
2023-04-18 12:30:00-04:00,5.679999828338623,5.679999828338623,5.659999847412109,5.660799980163574,1893,0.0,0.0
2023-04-18 13:30:00-04:00,5.659999847412109,5.664999961853027,5.639999866485596,5.639999866485596,5506,0.0,0.0
2023-04-18 14:30:00-04:00,5.650000095367432,5.659999847412109,5.625,5.65500020980835,5879,0.0,0.0
2023-04-18 15:30:00-04:00,5.659999847412109,5.679999828338623,5.639999866485596,5.670000076293945,7427,0.0,0.0
2023-04-19 09:30:00-04:00,5.659999847412109,5.659999847412109,5.594200134277344,5.630000114440918,4286,0.0,0.0
2023-04-19 10:30:00-04:00,5.639999866485596,5.739999771118164,5.639999866485596,5.699999809265137,28998,0.0,0.0
2023-04-19 11:30:00-04:00,5.701300144195557,5.71999979019165,5.679999828338623,5.704999923706055,4519,0.0,0.0
2023-04-19 12:30:00-04:00,5.71999979019165,5.739999771118164,5.695000171661377,5.710000038146973,7016,0.0,0.0
2023-04-19 13:30:00-04:00,5.71999979019165,5.760000228881836,5.690000057220459,5.750699996948242,17598,0.0,0.0
2023-04-19 14:30:00-04:00,5.75,5.78000020980835,5.739999771118164,5.769999980926514,14143,0.0,0.0
2023-04-19 15:30:00-04:00,5.789999961853027,5.800000190734863,5.71999979019165,5.739999771118164,6606,0.0,0.0
2023-04-20 09:30:00-04:00,5.699999809265137,5.710000038146973,5.679999828338623,5.710000038146973,4852,0.0,0.0
2023-04-20 10:30:00-04:00,5.730000019073486,5.730000019073486,5.710000038146973,5.717899799346924,4779,0.0,0.0
2023-04-20 11:30:00-04:00,5.710000038146973,5.730000019073486,5.690000057220459,5.730000019073486,5233,0.0,0.0
2023-04-20 12:30:00-04:00,5.730000019073486,5.78000020980835,5.730000019073486,5.75,3819,0.0,0.0
2023-04-20 13:30:00-04:00,5.739999771118164,5.75,5.724999904632568,5.730000019073486,2823,0.0,0.0
2023-04-20 14:30:00-04:00,5.730000019073486,5.755000114440918,5.710000038146973,5.71999979019165,6815,0.0,0.0
2023-04-20 15:30:00-04:00,5.71999979019165,5.769999980926514,5.710000038146973,5.769999980926514,11606,0.0,0.0
2023-04-21 09:30:00-04:00,5.769999980926514,5.789999961853027,5.659999847412109,5.699999809265137,11059,0.0,0.0
2023-04-21 10:30:00-04:00,5.730000019073486,5.739999771118164,5.699999809265137,5.71999979019165,6331,0.0,0.0
2023-04-21 11:30:00-04:00,5.739999771118164,5.78000020980835,5.730000019073486,5.744999885559082,7657,0.0,0.0
2023-04-21 12:30:00-04:00,5.739999771118164,5.739999771118164,5.710000038146973,5.715000152587891,8545,0.0,0.0
2023-04-21 13:30:00-04:00,5.71999979019165,5.769999980926514,5.710000038146973,5.739999771118164,17476,0.0,0.0
2023-04-21 14:30:00-04:00,5.758999824523926,5.760000228881836,5.710000038146973,5.71999979019165,10043,0.0,0.0
2023-04-21 15:30:00-04:00,5.710000038146973,5.75,5.710000038146973,5.739999771118164,21662,0.0,0.0
2023-04-24 09:30:00-04:00,5.710000038146973,5.710000038146973,5.550000190734863,5.670000076293945,18782,0.0,0.0
2023-04-24 10:30:00-04:00,5.684999942779541,5.684999942779541,5.619999885559082,5.619999885559082,8964,0.0,0.0
2023-04-24 11:30:00-04:00,5.630099773406982,5.650000095367432,5.630000114440918,5.639999866485596,2034,0.0,0.0
2023-04-24 12:30:00-04:00,5.644999980926514,5.659999847412109,5.639999866485596,5.650000095367432,2989,0.0,0.0
2023-04-24 13:30:00-04:00,5.659999847412109,5.670000076293945,5.599999904632568,5.614999771118164,7982,0.0,0.0
2023-04-24 14:30:00-04:00,5.599999904632568,5.630000114440918,5.599999904632568,5.610000133514404,5708,0.0,0.0
2023-04-24 15:30:00-04:00,5.619999885559082,5.630000114440918,5.610000133514404,5.610000133514404,16845,0.0,0.0
2023-04-25 09:30:00-04:00,5.559999942779541,5.659999847412109,5.559999942779541,5.570000171661377,9931,0.0,0.0
2023-04-25 10:30:00-04:00,5.584400177001953,5.619900226593018,5.570000171661377,5.619900226593018,3018,0.0,0.0
2023-04-25 11:30:00-04:00,5.585000038146973,5.585000038146973,5.550000190734863,5.550000190734863,5867,0.0,0.0
2023-04-25 12:30:00-04:00,5.550000190734863,5.550000190734863,5.434999942779541,5.440000057220459,54175,0.0,0.0
2023-04-25 13:30:00-04:00,5.434999942779541,5.449999809265137,5.429999828338623,5.449999809265137,15362,0.0,0.0
2023-04-25 14:30:00-04:00,5.445000171661377,5.445000171661377,5.400000095367432,5.400000095367432,9512,0.0,0.0
2023-04-25 15:30:00-04:00,5.420000076293945,5.420000076293945,5.389999866485596,5.389999866485596,17794,0.0,0.0
2023-04-26 09:30:00-04:00,5.409999847412109,5.420000076293945,5.360000133514404,5.369999885559082,32615,0.0,0.0
2023-04-26 10:30:00-04:00,5.364999771118164,5.429999828338623,5.349999904632568,5.429999828338623,23334,0.0,0.0
2023-04-26 11:30:00-04:00,5.440000057220459,5.460000038146973,5.434999942779541,5.434999942779541,8199,0.0,0.0
2023-04-26 12:30:00-04:00,5.434999942779541,5.460000038146973,5.429999828338623,5.429999828338623,6650,0.0,0.0
2023-04-26 13:30:00-04:00,5.429999828338623,5.449999809265137,5.369999885559082,5.369999885559082,8277,0.0,0.0
2023-04-26 14:30:00-04:00,5.380000114440918,5.380000114440918,5.329999923706055,5.360000133514404,8506,0.0,0.0
2023-04-26 15:30:00-04:00,5.369999885559082,5.369999885559082,5.309999942779541,5.320000171661377,11510,0.0,0.0
2023-04-27 09:30:00-04:00,5.380000114440918,5.539999961853027,5.369999885559082,5.454999923706055,11158,0.0,0.0
2023-04-27 10:30:00-04:00,5.449999809265137,5.449999809265137,5.420000076293945,5.433800220489502,5723,0.0,0.0
2023-04-27 11:30:00-04:00,5.449999809265137,5.460000038146973,5.420000076293945,5.460000038146973,4608,0.0,0.0
2023-04-27 12:30:00-04:00,5.449999809265137,5.460000038146973,5.420000076293945,5.460000038146973,3604,0.0,0.0
2023-04-27 13:30:00-04:00,5.460000038146973,5.460000038146973,5.429999828338623,5.429999828338623,2263,0.0,0.0
2023-04-27 14:30:00-04:00,5.460000038146973,5.480000019073486,5.460000038146973,5.460000038146973,2235,0.0,0.0
2023-04-27 15:30:00-04:00,5.449999809265137,5.460000038146973,5.429999828338623,5.460000038146973,9702,0.0,0.0
2023-04-28 09:30:00-04:00,5.5,5.590000152587891,5.460000038146973,5.590000152587891,31367,0.0,0.0
2023-04-28 10:30:00-04:00,5.599999904632568,5.630000114440918,5.539999961853027,5.619999885559082,12826,0.0,0.0
2023-04-28 11:30:00-04:00,5.590199947357178,5.630000114440918,5.590199947357178,5.610000133514404,13115,0.0,0.0
2023-04-28 12:30:00-04:00,5.610000133514404,5.610000133514404,5.579999923706055,5.579999923706055,6068,0.0,0.0
2023-04-28 13:30:00-04:00,5.579999923706055,5.589900016784668,5.55079984664917,5.570000171661377,5516,0.0,0.0
2023-04-28 14:30:00-04:00,5.565000057220459,5.579999923706055,5.559999942779541,5.565000057220459,2956,0.0,0.0
2023-04-28 15:30:00-04:00,5.565000057220459,5.579999923706055,5.539999961853027,5.550000190734863,8026,0.0,0.0
2023-05-01 09:30:00-04:00,5.579999923706055,5.639999866485596,5.460000038146973,5.460000038146973,20374,0.0,0.0
2023-05-01 10:30:00-04:00,5.460000038146973,5.513999938964844,5.429999828338623,5.445000171661377,15008,0.0,0.0
2023-05-01 11:30:00-04:00,5.429999828338623,5.449999809265137,5.409999847412109,5.420000076293945,13262,0.0,0.0
2023-05-01 12:30:00-04:00,5.420000076293945,5.420000076293945,5.340000152587891,5.340000152587891,27072,0.0,0.0
2023-05-01 13:30:00-04:00,5.340000152587891,5.355000019073486,5.300000190734863,5.300000190734863,34427,0.0,0.0
2023-05-01 14:30:00-04:00,5.320000171661377,5.320000171661377,5.28000020980835,5.300000190734863,4465,0.0,0.0
2023-05-01 15:30:00-04:00,5.28000020980835,5.369999885559082,5.28000020980835,5.369999885559082,16200,0.0,0.0
2023-05-02 09:30:00-04:00,5.360000133514404,5.3618998527526855,5.090000152587891,5.099999904632568,39762,0.0,0.0
2023-05-02 10:30:00-04:00,5.099999904632568,5.138599872589111,5.050099849700928,5.059999942779541,35171,0.0,0.0
2023-05-02 11:30:00-04:00,5.069699764251709,5.119999885559082,5.059999942779541,5.079999923706055,12915,0.0,0.0
2023-05-02 12:30:00-04:00,5.079999923706055,5.119999885559082,5.074999809265137,5.110000133514404,5228,0.0,0.0
2023-05-02 13:30:00-04:00,5.119999885559082,5.150000095367432,5.118100166320801,5.135000228881836,12590,0.0,0.0
2023-05-02 14:30:00-04:00,5.139999866485596,5.179999828338623,5.135000228881836,5.159999847412109,13252,0.0,0.0
2023-05-02 15:30:00-04:00,5.150000095367432,5.199999809265137,5.150000095367432,5.190000057220459,16309,0.0,0.0
2023-05-03 09:30:00-04:00,5.210000038146973,5.21999979019165,5.155600070953369,5.21999979019165,11399,0.0,0.0
2023-05-03 10:30:00-04:00,5.210000038146973,5.260000228881836,5.198800086975098,5.260000228881836,11278,0.0,0.0
2023-05-03 11:30:00-04:00,5.260000228881836,5.28000020980835,5.251500129699707,5.269999980926514,12382,0.0,0.0
2023-05-03 12:30:00-04:00,5.260000228881836,5.282700061798096,5.239999771118164,5.25,32836,0.0,0.0
2023-05-03 13:30:00-04:00,5.244999885559082,5.244999885559082,5.224999904632568,5.239999771118164,2972,0.0,0.0
2023-05-03 14:30:00-04:00,5.25,5.260000228881836,5.21999979019165,5.239999771118164,10100,0.0,0.0
2023-05-03 15:30:00-04:00,5.210000038146973,5.21999979019165,5.150000095367432,5.159999847412109,10825,0.0,0.0
2023-05-04 09:30:00-04:00,5.070000171661377,5.090000152587891,4.912199974060059,4.9899001121521,45746,0.0,0.0
2023-05-04 10:30:00-04:00,4.960000038146973,5.0,4.945000171661377,4.96999979019165,16852,0.0,0.0
2023-05-04 11:30:00-04:00,4.980000019073486,5.0,4.96999979019165,5.0,6589,0.0,0.0
2023-05-04 12:30:00-04:00,5.0,5.025000095367432,4.989999771118164,5.019999980926514,5148,0.0,0.0
2023-05-04 13:30:00-04:00,5.02810001373291,5.034999847412109,5.0,5.0,5333,0.0,0.0
2023-05-04 14:30:00-04:00,4.989999771118164,5.03000020980835,4.96999979019165,5.03000020980835,10596,0.0,0.0
2023-05-04 15:30:00-04:00,5.03000020980835,5.03000020980835,5.0,5.019999980926514,8072,0.0,0.0
2023-05-05 09:30:00-04:00,5.309999942779541,5.454899787902832,5.289999961853027,5.420000076293945,55329,0.0,0.0
2023-05-05 10:30:00-04:00,5.409999847412109,5.420000076293945,5.380000114440918,5.389999866485596,18336,0.0,0.0
2023-05-05 11:30:00-04:00,5.400000095367432,5.401000022888184,5.340000152587891,5.401000022888184,13674,0.0,0.0
2023-05-05 12:30:00-04:00,5.409999847412109,5.409999847412109,5.369999885559082,5.369999885559082,10619,0.0,0.0
2023-05-05 13:30:00-04:00,5.360000133514404,5.372700214385986,5.3520002365112305,5.369999885559082,9599,0.0,0.0
2023-05-05 14:30:00-04:00,5.364999771118164,5.429999828338623,5.335000038146973,5.389999866485596,48539,0.0,0.0
2023-05-05 15:30:00-04:00,5.389999866485596,5.400000095367432,5.360000133514404,5.360000133514404,15934,0.0,0.0
2023-05-08 09:30:00-04:00,5.389999866485596,5.429900169372559,5.369999885559082,5.420000076293945,21952,0.0,0.0
2023-05-08 10:30:00-04:00,5.429999828338623,5.460000038146973,5.420000076293945,5.429999828338623,9735,0.0,0.0
2023-05-08 11:30:00-04:00,5.400000095367432,5.409999847412109,5.39169979095459,5.394999980926514,7714,0.0,0.0
2023-05-08 12:30:00-04:00,5.389999866485596,5.400000095367432,5.380000114440918,5.400000095367432,7747,0.0,0.0
2023-05-08 13:30:00-04:00,5.400000095367432,5.425000190734863,5.400000095367432,5.409999847412109,12678,0.0,0.0
2023-05-08 14:30:00-04:00,5.420000076293945,5.449999809265137,5.420000076293945,5.429999828338623,19579,0.0,0.0
2023-05-08 15:30:00-04:00,5.434999942779541,5.460000038146973,5.429999828338623,5.440000057220459,8929,0.0,0.0
2023-05-09 09:30:00-04:00,5.380000114440918,5.420000076293945,5.299200057983398,5.369999885559082,12726,0.0,0.0
2023-05-09 10:30:00-04:00,5.34119987487793,5.349999904632568,5.309999942779541,5.329999923706055,16077,0.0,0.0
2023-05-09 11:30:00-04:00,5.320000171661377,5.329999923706055,5.320000171661377,5.329999923706055,2389,0.0,0.0
2023-05-09 12:30:00-04:00,5.324999809265137,5.324999809265137,5.300000190734863,5.304999828338623,7773,0.0,0.0
2023-05-09 13:30:00-04:00,5.309999942779541,5.340000152587891,5.309999942779541,5.320000171661377,3879,0.0,0.0
2023-05-09 14:30:00-04:00,5.335000038146973,5.337299823760986,5.320000171661377,5.337299823760986,2584,0.0,0.0
2023-05-09 15:30:00-04:00,5.320000171661377,5.329999923706055,5.289999961853027,5.300000190734863,9568,0.0,0.0
2023-05-10 09:30:00-04:00,5.380000114440918,5.389999866485596,5.28000020980835,5.300000190734863,9727,0.0,0.0
2023-05-10 10:30:00-04:00,5.289999961853027,5.289999961853027,5.255000114440918,5.257500171661377,6377,0.0,0.0
2023-05-10 11:30:00-04:00,5.25,5.269999980926514,5.230000019073486,5.230000019073486,9046,0.0,0.0
2023-05-10 12:30:00-04:00,5.21999979019165,5.224999904632568,5.190000057220459,5.190000057220459,10571,0.0,0.0
2023-05-10 13:30:00-04:00,5.199999809265137,5.230000019073486,5.192500114440918,5.21999979019165,7100,0.0,0.0
2023-05-10 14:30:00-04:00,5.235000133514404,5.275000095367432,5.230000019073486,5.275000095367432,10937,0.0,0.0
2023-05-10 15:30:00-04:00,5.275000095367432,5.28000020980835,5.239999771118164,5.260000228881836,10678,0.0,0.0
2023-05-11 09:30:00-04:00,5.179999828338623,5.300000190734863,5.168499946594238,5.269999980926514,17127,0.0,0.0
2023-05-11 10:30:00-04:00,5.28000020980835,5.304999828338623,5.260000228881836,5.260000228881836,4800,0.0,0.0
2023-05-11 11:30:00-04:00,5.269999980926514,5.284999847412109,5.260700225830078,5.284999847412109,3652,0.0,0.0
2023-05-11 12:30:00-04:00,5.308899879455566,5.340000152587891,5.308899879455566,5.329999923706055,3240,0.0,0.0
2023-05-11 13:30:00-04:00,5.329999923706055,5.329999923706055,5.289999961853027,5.309999942779541,4047,0.0,0.0
2023-05-11 14:30:00-04:00,5.320000171661377,5.320000171661377,5.320000171661377,5.320000171661377,738,0.0,0.0
2023-05-11 15:30:00-04:00,5.320000171661377,5.335000038146973,5.319200038909912,5.320000171661377,9468,0.0,0.0
2023-05-12 09:30:00-04:00,5.340000152587891,5.340000152587891,5.300000190734863,5.329999923706055,4427,0.0,0.0
2023-05-12 10:30:00-04:00,5.340000152587891,5.340000152587891,5.310100078582764,5.329999923706055,2135,0.0,0.0
2023-05-12 11:30:00-04:00,5.309999942779541,5.327499866485596,5.309999942779541,5.320000171661377,2666,0.0,0.0
2023-05-12 12:30:00-04:00,5.313600063323975,5.319699764251709,5.300000190734863,5.309999942779541,5298,0.0,0.0
2023-05-12 13:30:00-04:00,5.304999828338623,5.304999828338623,5.300000190734863,5.304999828338623,2508,0.0,0.0
2023-05-12 14:30:00-04:00,5.300000190734863,5.300000190734863,5.289999961853027,5.295000076293945,10452,0.0,0.0
2023-05-12 15:30:00-04:00,5.295000076293945,5.309999942779541,5.289999961853027,5.309999942779541,6118,0.0,0.0
2023-05-15 09:30:00-04:00,5.340000152587891,5.355000019073486,5.300000190734863,5.355000019073486,15198,0.0,0.0
2023-05-15 10:30:00-04:00,5.340000152587891,5.380000114440918,5.340000152587891,5.360000133514404,7619,0.0,0.0
2023-05-15 11:30:00-04:00,5.349999904632568,5.380000114440918,5.340099811553955,5.380000114440918,215439,0.0,0.0
2023-05-15 12:30:00-04:00,5.380000114440918,5.440000057220459,5.380000114440918,5.440000057220459,8281,0.0,0.0
2023-05-15 13:30:00-04:00,5.429999828338623,5.429999828338623,5.380000114440918,5.380000114440918,3259,0.0,0.0
2023-05-15 14:30:00-04:00,5.37060022354126,5.37060022354126,5.360000133514404,5.360000133514404,6832,0.0,0.0
2023-05-15 15:30:00-04:00,5.360000133514404,5.420000076293945,5.360000133514404,5.400000095367432,39226,0.0,0.0
2023-05-16 09:30:00-04:00,5.429999828338623,5.429999828338623,5.360000133514404,5.369999885559082,11423,0.0,0.0
2023-05-16 10:30:00-04:00,5.380000114440918,5.409999847412109,5.360000133514404,5.380000114440918,12511,0.0,0.0
2023-05-16 11:30:00-04:00,5.380000114440918,5.389999866485596,5.375,5.375,3717,0.0,0.0
2023-05-16 12:30:00-04:00,5.375,5.380000114440918,5.369999885559082,5.375,5566,0.0,0.0
2023-05-16 13:30:00-04:00,5.369999885559082,5.380000114440918,5.360000133514404,5.369999885559082,1143,0.0,0.0
2023-05-16 14:30:00-04:00,5.360000133514404,5.369999885559082,5.360000133514404,5.364999771118164,4457,0.0,0.0
2023-05-16 15:30:00-04:00,5.360000133514404,5.360000133514404,5.340000152587891,5.360000133514404,6063,0.0,0.0
2023-05-17 09:30:00-04:00,5.400000095367432,5.400000095367432,5.289999961853027,5.340000152587891,8306,0.0,0.0
2023-05-17 10:30:00-04:00,5.340000152587891,5.369999885559082,5.309999942779541,5.360000133514404,5427,0.0,0.0
2023-05-17 11:30:00-04:00,5.375,5.394999980926514,5.360000133514404,5.380000114440918,17098,0.0,0.0
2023-05-17 12:30:00-04:00,5.380000114440918,5.456299781799316,5.380000114440918,5.429999828338623,13529,0.0,0.0
2023-05-17 13:30:00-04:00,5.429999828338623,5.46999979019165,5.429999828338623,5.429999828338623,8167,0.0,0.0
2023-05-17 14:30:00-04:00,5.420000076293945,5.420000076293945,5.380000114440918,5.389999866485596,7616,0.0,0.0
2023-05-17 15:30:00-04:00,5.400000095367432,5.449999809265137,5.400000095367432,5.449999809265137,7244,0.0,0.0
2023-05-18 09:30:00-04:00,5.440000057220459,5.474400043487549,5.4303998947143555,5.474400043487549,3424,0.0,0.0
2023-05-18 10:30:00-04:00,5.460000038146973,5.489999771118164,5.452199935913086,5.480000019073486,2801,0.0,0.0
2023-05-18 11:30:00-04:00,5.480000019073486,5.480000019073486,5.46999979019165,5.46999979019165,759,0.0,0.0
2023-05-18 12:30:00-04:00,5.46999979019165,5.489999771118164,5.462200164794922,5.489999771118164,2516,0.0,0.0
2023-05-18 13:30:00-04:00,5.46999979019165,5.474999904632568,5.440000057220459,5.472799777984619,8766,0.0,0.0
2023-05-18 14:30:00-04:00,5.499000072479248,5.5,5.480000019073486,5.5,3023,0.0,0.0
2023-05-18 15:30:00-04:00,5.5,5.550000190734863,5.5,5.550000190734863,8245,0.0,0.0
2023-05-19 09:30:00-04:00,5.550000190734863,5.570000171661377,5.510000228881836,5.550000190734863,7519,0.0,0.0
2023-05-19 10:30:00-04:00,5.53000020980835,5.53000020980835,5.5,5.510000228881836,25264,0.0,0.0
2023-05-19 11:30:00-04:00,5.514999866485596,5.514999866485596,5.47130012512207,5.47130012512207,5107,0.0,0.0
2023-05-19 12:30:00-04:00,5.46999979019165,5.480000019073486,5.440100193023682,5.440100193023682,2704,0.0,0.0
2023-05-19 13:30:00-04:00,5.440000057220459,5.449999809265137,5.429999828338623,5.449999809265137,1853,0.0,0.0
2023-05-19 14:30:00-04:00,5.445000171661377,5.485000133514404,5.445000171661377,5.465000152587891,2296,0.0,0.0
2023-05-19 15:30:00-04:00,5.46999979019165,5.480000019073486,5.460000038146973,5.480000019073486,3234,0.0,0.0
2023-05-22 09:30:00-04:00,5.460000038146973,5.489999771118164,5.449999809265137,5.489999771118164,7424,0.0,0.0
2023-05-22 10:30:00-04:00,5.485000133514404,5.510000228881836,5.485000133514404,5.510000228881836,3343,0.0,0.0
2023-05-22 11:30:00-04:00,5.494999885559082,5.519999980926514,5.49459981918335,5.510000228881836,1186,0.0,0.0
2023-05-22 12:30:00-04:00,5.510000228881836,5.519999980926514,5.480000019073486,5.519999980926514,3640,0.0,0.0
2023-05-22 13:30:00-04:00,5.519999980926514,5.539999961853027,5.5100998878479,5.53000020980835,3759,0.0,0.0
2023-05-22 14:30:00-04:00,5.534999847412109,5.550000190734863,5.519999980926514,5.519999980926514,3171,0.0,0.0
2023-05-22 15:30:00-04:00,5.539999961853027,5.579999923706055,5.53000020980835,5.550000190734863,8884,0.0,0.0
2023-05-23 09:30:00-04:00,5.599999904632568,5.679999828338623,5.5528998374938965,5.610000133514404,21956,0.0,0.0
2023-05-23 10:30:00-04:00,5.610000133514404,5.630000114440918,5.610000133514404,5.624599933624268,6191,0.0,0.0
2023-05-23 11:30:00-04:00,5.639999866485596,5.679999828338623,5.619999885559082,5.619999885559082,4729,0.0,0.0
2023-05-23 12:30:00-04:00,5.619999885559082,5.630000114440918,5.593400001525879,5.630000114440918,12844,0.0,0.0
2023-05-23 13:30:00-04:00,5.605000019073486,5.605000019073486,5.570000171661377,5.590000152587891,2932,0.0,0.0
2023-05-23 14:30:00-04:00,5.539999961853027,5.5725998878479,5.539999961853027,5.565000057220459,1362,0.0,0.0
2023-05-23 15:30:00-04:00,5.539999961853027,5.590000152587891,5.539999961853027,5.570000171661377,5541,0.0,0.0
2023-05-24 09:30:00-04:00,5.519999980926514,5.534999847412109,5.440000057220459,5.449999809265137,12368,0.0,0.0
2023-05-24 10:30:00-04:00,5.429999828338623,5.434999942779541,5.377500057220459,5.40500020980835,11458,0.0,0.0
2023-05-24 11:30:00-04:00,5.420000076293945,5.420000076293945,5.369999885559082,5.369999885559082,4511,0.0,0.0
2023-05-24 12:30:00-04:00,5.369999885559082,5.410099983215332,5.369999885559082,5.400000095367432,3728,0.0,0.0
2023-05-24 13:30:00-04:00,5.377500057220459,5.400000095367432,5.375,5.375,6190,0.0,0.0
2023-05-24 14:30:00-04:00,5.367499828338623,5.409999847412109,5.349999904632568,5.409999847412109,8298,0.0,0.0
2023-05-24 15:30:00-04:00,5.409999847412109,5.409999847412109,5.369999885559082,5.389999866485596,11016,0.0,0.0
2023-05-25 09:30:00-04:00,5.389999866485596,5.389999866485596,5.210000038146973,5.273799896240234,14644,0.0,0.0
2023-05-25 10:30:00-04:00,5.210000038146973,5.230000019073486,5.170000076293945,5.179999828338623,7413,0.0,0.0
2023-05-25 11:30:00-04:00,5.1778998374938965,5.190000057220459,5.159999847412109,5.190000057220459,5476,0.0,0.0
2023-05-25 12:30:00-04:00,5.170000076293945,5.179999828338623,5.142399787902832,5.179999828338623,7500,0.0,0.0
2023-05-25 13:30:00-04:00,5.190000057220459,5.210000038146973,5.179999828338623,5.210000038146973,2516,0.0,0.0
2023-05-25 14:30:00-04:00,5.179999828338623,5.230000019073486,5.170000076293945,5.230000019073486,4076,0.0,0.0
2023-05-25 15:30:00-04:00,5.224999904632568,5.230000019073486,5.170000076293945,5.179999828338623,7151,0.0,0.0
2023-05-26 09:30:00-04:00,5.150000095367432,5.210000038146973,5.119999885559082,5.210000038146973,0,0.0,0.0
2023-05-26 10:30:00-04:00,5.21999979019165,5.230000019073486,5.199999809265137,5.199999809265137,5628,0.0,0.0
2023-05-26 11:30:00-04:00,5.236599922180176,5.289999961853027,5.236599922180176,5.289999961853027,6361,0.0,0.0
2023-05-26 12:30:00-04:00,5.297299861907959,5.297299861907959,5.28000020980835,5.28000020980835,2270,0.0,0.0
2023-05-26 13:30:00-04:00,5.269999980926514,5.309999942779541,5.269999980926514,5.309999942779541,3016,0.0,0.0
2023-05-26 14:30:00-04:00,5.300000190734863,5.310699939727783,5.2993998527526855,5.309999942779541,2998,0.0,0.0
2023-05-26 15:30:00-04:00,5.317299842834473,5.349999904632568,5.317299842834473,5.349999904632568,10905,0.0,0.0
2023-05-30 09:30:00-04:00,5.340000152587891,5.5,5.340000152587891,5.449999809265137,28251,0.0,0.0
2023-05-30 10:30:00-04:00,5.440000057220459,5.480000019073486,5.429999828338623,5.429999828338623,22001,0.0,0.0
2023-05-30 11:30:00-04:00,5.442299842834473,5.4517998695373535,5.408999919891357,5.429299831390381,8437,0.0,0.0
2023-05-30 12:30:00-04:00,5.429900169372559,5.460000038146973,5.420000076293945,5.445000171661377,6064,0.0,0.0
2023-05-30 13:30:00-04:00,5.435500144958496,5.470799922943115,5.435500144958496,5.470799922943115,2394,0.0,0.0
2023-05-30 14:30:00-04:00,5.46999979019165,5.512899875640869,5.46999979019165,5.512899875640869,11042,0.0,0.0
2023-05-30 15:30:00-04:00,5.489999771118164,5.53000020980835,5.489999771118164,5.53000020980835,6876,0.0,0.0
2023-05-31 09:30:00-04:00,5.519999980926514,5.547699928283691,5.460000038146973,5.539999961853027,17968,0.0,0.0
2023-05-31 10:30:00-04:00,5.505000114440918,5.519999980926514,5.460000038146973,5.494999885559082,1606,0.0,0.0
2023-05-31 11:30:00-04:00,5.460000038146973,5.479800224304199,5.449999809265137,5.449999809265137,4661,0.0,0.0
2023-05-31 12:30:00-04:00,5.440000057220459,5.473599910736084,5.440000057220459,5.46999979019165,2670,0.0,0.0
2023-05-31 13:30:00-04:00,5.5,5.550000190734863,5.5,5.550000190734863,1836,0.0,0.0
2023-05-31 14:30:00-04:00,5.539999961853027,5.539999961853027,5.510000228881836,5.519999980926514,1977,0.0,0.0
2023-05-31 15:30:00-04:00,5.519899845123291,5.559999942779541,5.5,5.510000228881836,11033,0.0,0.0
2023-06-01 09:30:00-04:00,5.559999942779541,5.559999942779541,5.489999771118164,5.489999771118164,12485,0.0,0.0
2023-06-01 10:30:00-04:00,5.489999771118164,5.539999961853027,5.489999771118164,5.519999980926514,4491,0.0,0.0
2023-06-01 11:30:00-04:00,5.545000076293945,5.579999923706055,5.545000076293945,5.570000171661377,4618,0.0,0.0
2023-06-01 12:30:00-04:00,5.579999923706055,5.579999923706055,5.53000020980835,5.550000190734863,4214,0.0,0.0
2023-06-01 13:30:00-04:00,5.550000190734863,5.570000171661377,5.519999980926514,5.53000020980835,3792,0.0,0.0
2023-06-01 14:30:00-04:00,5.550000190734863,5.559999942779541,5.53000020980835,5.559999942779541,4155,0.0,0.0
2023-06-01 15:30:00-04:00,5.560299873352051,5.570000171661377,5.519999980926514,5.550000190734863,13137,0.0,0.0
2023-06-02 09:30:00-04:00,5.610000133514404,5.710000038146973,5.559999942779541,5.650000095367432,36281,0.0,0.0
2023-06-02 10:30:00-04:00,5.639999866485596,5.670000076293945,5.619999885559082,5.659999847412109,10315,0.0,0.0
2023-06-02 11:30:00-04:00,5.6605000495910645,5.679999828338623,5.639999866485596,5.650000095367432,6364,0.0,0.0
2023-06-02 12:30:00-04:00,5.65310001373291,5.713099956512451,5.639999866485596,5.713099956512451,17620,0.0,0.0
2023-06-02 13:30:00-04:00,5.71999979019165,5.730000019073486,5.699999809265137,5.699999809265137,9280,0.0,0.0
2023-06-02 14:30:00-04:00,5.710000038146973,5.71999979019165,5.690499782562256,5.699999809265137,6233,0.0,0.0
2023-06-02 15:30:00-04:00,5.699999809265137,5.78000020980835,5.699999809265137,5.78000020980835,26410,0.0,0.0
2023-06-05 09:30:00-04:00,5.739999771118164,5.800000190734863,5.739999771118164,5.769999980926514,6265,0.0,0.0
2023-06-05 10:30:00-04:00,5.769999980926514,5.809999942779541,5.760000228881836,5.809999942779541,9936,0.0,0.0
2023-06-05 11:30:00-04:00,5.809999942779541,5.820000171661377,5.790200233459473,5.820000171661377,1826,0.0,0.0
2023-06-05 12:30:00-04:00,5.840000152587891,5.840000152587891,5.809999942779541,5.815000057220459,5281,0.0,0.0
2023-06-05 13:30:00-04:00,5.815000057220459,5.829999923706055,5.791999816894531,5.800000190734863,5588,0.0,0.0
2023-06-05 14:30:00-04:00,5.809999942779541,5.820000171661377,5.780099868774414,5.804999828338623,8037,0.0,0.0
2023-06-05 15:30:00-04:00,5.820000171661377,5.820000171661377,5.78000020980835,5.820000171661377,7211,0.0,0.0
2023-06-06 09:30:00-04:00,5.789999961853027,5.840000152587891,5.75,5.840000152587891,4754,0.0,0.0
2023-06-06 10:30:00-04:00,5.800000190734863,5.860000133514404,5.800000190734863,5.860000133514404,6060,0.0,0.0
2023-06-06 11:30:00-04:00,5.860000133514404,5.885000228881836,5.854000091552734,5.885000228881836,1865,0.0,0.0
2023-06-06 12:30:00-04:00,5.869999885559082,5.87939977645874,5.849999904632568,5.864999771118164,5050,0.0,0.0
2023-06-06 13:30:00-04:00,5.849999904632568,5.849999904632568,5.849999904632568,5.849999904632568,732,0.0,0.0
2023-06-06 14:30:00-04:00,5.860000133514404,5.889999866485596,5.860000133514404,5.880000114440918,3348,0.0,0.0
2023-06-06 15:30:00-04:00,5.880000114440918,5.889999866485596,5.860000133514404,5.889999866485596,4892,0.0,0.0
2023-06-07 09:30:00-04:00,5.929999828338623,5.949999809265137,5.860000133514404,5.938799858093262,13958,0.0,0.0
2023-06-07 10:30:00-04:00,5.940000057220459,5.940000057220459,5.940000057220459,5.940000057220459,469,0.0,0.0
2023-06-07 11:30:00-04:00,5.929999828338623,5.949999809265137,5.91349983215332,5.940000057220459,6371,0.0,0.0
2023-06-07 12:30:00-04:00,5.940000057220459,5.980000019073486,5.929999828338623,5.929999828338623,15052,0.0,0.0
2023-06-07 13:30:00-04:00,5.949999809265137,5.954999923706055,5.926700115203857,5.952499866485596,21454,0.0,0.0
2023-06-07 14:30:00-04:00,5.954999923706055,5.954999923706055,5.927299976348877,5.954999923706055,4943,0.0,0.0
2023-06-07 15:30:00-04:00,5.949999809265137,5.949999809265137,5.940000057220459,5.949999809265137,5983,0.0,0.0
2023-06-08 09:30:00-04:00,5.96999979019165,5.96999979019165,5.900000095367432,5.920000076293945,5589,0.0,0.0
2023-06-08 10:30:00-04:00,5.920000076293945,5.949999809265137,5.920000076293945,5.949999809265137,1279,0.0,0.0
2023-06-08 11:30:00-04:00,5.940999984741211,5.954999923706055,5.940000057220459,5.949999809265137,1629,0.0,0.0
2023-06-08 12:30:00-04:00,5.940000057220459,5.96999979019165,5.940000057220459,5.960000038146973,2935,0.0,0.0
2023-06-08 13:30:00-04:00,5.979899883270264,5.980000019073486,5.960000038146973,5.96999979019165,4665,0.0,0.0
2023-06-08 14:30:00-04:00,5.974999904632568,6.010000228881836,5.974999904632568,6.010000228881836,25434,0.0,0.0
2023-06-08 15:30:00-04:00,6.0,6.019999980926514,5.96999979019165,5.989999771118164,7691,0.0,0.0
2023-06-09 09:30:00-04:00,5.960000038146973,6.039899826049805,5.951200008392334,5.961400032043457,7350,0.0,0.0
2023-06-09 10:30:00-04:00,5.960000038146973,5.989999771118164,5.949999809265137,5.960000038146973,5153,0.0,0.0
2023-06-09 11:30:00-04:00,5.960000038146973,5.980999946594238,5.949999809265137,5.960000038146973,4148,0.0,0.0
2023-06-09 12:30:00-04:00,5.966000080108643,5.982500076293945,5.966000080108643,5.982500076293945,656,0.0,0.0
2023-06-09 13:30:00-04:00,6.0,6.0,5.973999977111816,5.973999977111816,1925,0.0,0.0
2023-06-09 14:30:00-04:00,5.974999904632568,5.974999904632568,5.960000038146973,5.96999979019165,2757,0.0,0.0
2023-06-09 15:30:00-04:00,5.96999979019165,5.989999771118164,5.960000038146973,5.960000038146973,4979,0.0,0.0
2023-06-12 09:30:00-04:00,5.96999979019165,6.005000114440918,5.911399841308594,6.0,4482,0.0,0.0
2023-06-12 10:30:00-04:00,5.965000152587891,6.009900093078613,5.960000038146973,5.960000038146973,10766,0.0,0.0
2023-06-12 11:30:00-04:00,5.974999904632568,6.0,5.96999979019165,6.0,6428,0.0,0.0
2023-06-12 12:30:00-04:00,5.989999771118164,6.019999980926514,5.989999771118164,5.989999771118164,7546,0.0,0.0
2023-06-12 13:30:00-04:00,5.989999771118164,6.0,5.980000019073486,5.9847002029418945,1333,0.0,0.0
2023-06-12 14:30:00-04:00,5.989999771118164,6.019999980926514,5.985000133514404,6.0,20772,0.0,0.0
2023-06-12 15:30:00-04:00,6.014999866485596,6.014999866485596,6.0,6.0,4657,0.0,0.0
2023-06-13 09:30:00-04:00,6.050000190734863,6.150000095367432,6.03000020980835,6.110000133514404,17195,0.0,0.0
2023-06-13 10:30:00-04:00,6.099999904632568,6.125,6.079999923706055,6.079999923706055,12331,0.0,0.0
2023-06-13 11:30:00-04:00,6.099999904632568,6.099999904632568,6.050000190734863,6.059999942779541,9401,0.0,0.0
2023-06-13 12:30:00-04:00,6.059999942779541,6.110000133514404,6.059999942779541,6.099999904632568,24911,0.0,0.0
2023-06-13 13:30:00-04:00,6.099999904632568,6.110000133514404,6.079999923706055,6.083399772644043,2482,0.0,0.0
2023-06-13 14:30:00-04:00,6.079999923706055,6.090000152587891,6.039999961853027,6.054999828338623,26204,0.0,0.0
2023-06-13 15:30:00-04:00,6.039999961853027,6.070000171661377,6.03000020980835,6.059999942779541,4597,0.0,0.0
2023-06-14 09:30:00-04:00,6.099999904632568,6.125,6.070000171661377,6.079999923706055,10285,0.0,0.0
2023-06-14 10:30:00-04:00,6.079999923706055,6.130000114440918,6.058000087738037,6.099999904632568,18302,0.0,0.0
2023-06-14 11:30:00-04:00,6.090000152587891,6.130000114440918,6.079999923706055,6.079999923706055,17206,0.0,0.0
2023-06-14 12:30:00-04:00,6.099999904632568,6.105000019073486,6.070000171661377,6.070000171661377,5070,0.0,0.0
2023-06-14 13:30:00-04:00,6.070000171661377,6.099999904632568,5.989999771118164,5.989999771118164,16952,0.0,0.0
2023-06-14 14:30:00-04:00,5.994999885559082,6.099999904632568,5.980000019073486,6.079999923706055,16609,0.0,0.0
2023-06-14 15:30:00-04:00,6.065000057220459,6.079999923706055,6.019999980926514,6.050000190734863,10709,0.0,0.0
2023-06-15 09:30:00-04:00,6.070000171661377,6.130000114440918,6.070000171661377,6.099999904632568,9153,0.0,0.0
2023-06-15 10:30:00-04:00,6.129899978637695,6.139900207519531,6.099999904632568,6.104499816894531,6187,0.0,0.0
2023-06-15 11:30:00-04:00,6.119999885559082,6.119999885559082,6.110000133514404,6.110000133514404,1046,0.0,0.0
2023-06-15 12:30:00-04:00,6.139900207519531,6.170000076293945,6.110000133514404,6.119999885559082,37444,0.0,0.0
2023-06-15 13:30:00-04:00,6.119999885559082,6.159999847412109,6.119999885559082,6.127699851989746,23068,0.0,0.0
2023-06-15 14:30:00-04:00,6.147799968719482,6.170000076293945,6.138000011444092,6.170000076293945,8531,0.0,0.0
2023-06-15 15:30:00-04:00,6.179999828338623,6.179999828338623,6.150000095367432,6.150000095367432,4800,0.0,0.0
2023-06-16 09:30:00-04:00,6.119999885559082,6.164700031280518,6.050000190734863,6.10129976272583,24010,0.0,0.0
2023-06-16 10:30:00-04:00,6.149899959564209,6.179999828338623,6.059999942779541,6.110000133514404,17420,0.0,0.0
2023-06-16 11:30:00-04:00,6.110000133514404,6.159999847412109,6.100100040435791,6.159999847412109,6161,0.0,0.0
2023-06-16 12:30:00-04:00,6.150000095367432,6.170000076293945,6.150000095367432,6.150000095367432,5013,0.0,0.0
2023-06-16 13:30:00-04:00,6.150000095367432,6.190000057220459,6.150000095367432,6.190000057220459,3793,0.0,0.0
2023-06-16 14:30:00-04:00,6.175000190734863,6.190000057220459,6.135799884796143,6.179999828338623,4564,0.0,0.0
2023-06-16 15:30:00-04:00,6.175000190734863,6.28000020980835,6.170000076293945,6.269999980926514,50998,0.0,0.0
2023-06-20 09:30:00-04:00,6.320000171661377,6.320000171661377,6.099999904632568,6.139999866485596,21878,0.0,0.0
2023-06-20 10:30:00-04:00,6.155200004577637,6.174499988555908,6.130000114440918,6.170000076293945,8596,0.0,0.0
2023-06-20 11:30:00-04:00,6.170000076293945,6.179900169372559,6.150000095367432,6.159999847412109,2754,0.0,0.0
2023-06-20 12:30:00-04:00,6.164999961853027,6.179999828338623,6.139999866485596,6.15910005569458,18700,0.0,0.0
2023-06-20 13:30:00-04:00,6.139999866485596,6.150000095367432,6.130000114440918,6.135000228881836,23554,0.0,0.0
2023-06-20 14:30:00-04:00,6.144999980926514,6.144999980926514,6.130000114440918,6.139999866485596,7096,0.0,0.0
2023-06-20 15:30:00-04:00,6.139999866485596,6.150000095367432,6.130000114440918,6.130000114440918,14292,0.0,0.0
2023-06-21 09:30:00-04:00,6.099999904632568,6.159999847412109,6.099999904632568,6.138700008392334,8415,0.0,0.0
2023-06-21 10:30:00-04:00,6.150000095367432,6.179900169372559,6.13730001449585,6.179900169372559,4713,0.0,0.0
2023-06-21 11:30:00-04:00,6.179999828338623,6.210000038146973,6.164299964904785,6.1707000732421875,10507,0.0,0.0
2023-06-21 12:30:00-04:00,6.190000057220459,6.199999809265137,6.159999847412109,6.199999809265137,8220,0.0,0.0
2023-06-21 13:30:00-04:00,6.199999809265137,6.230000019073486,6.177999973297119,6.230000019073486,2885,0.0,0.0
2023-06-21 14:30:00-04:00,6.215000152587891,6.230000019073486,6.190000057220459,6.230000019073486,6508,0.0,0.0
2023-06-21 15:30:00-04:00,6.230000019073486,6.230000019073486,6.179999828338623,6.190000057220459,9739,0.0,0.0
2023-06-22 09:30:00-04:00,6.210000038146973,6.210000038146973,6.130099773406982,6.169000148773193,7879,0.0,0.0
2023-06-22 10:30:00-04:00,6.159999847412109,6.179999828338623,6.14900016784668,6.172299861907959,11398,0.0,0.0
2023-06-22 11:30:00-04:00,6.179999828338623,6.207799911499023,6.170000076293945,6.179999828338623,10256,0.0,0.0
2023-06-22 12:30:00-04:00,6.197800159454346,6.210000038146973,6.190000057220459,6.210000038146973,8805,0.0,0.0
2023-06-22 13:30:00-04:00,6.204999923706055,6.230000019073486,6.199999809265137,6.230000019073486,4354,0.0,0.0
2023-06-22 14:30:00-04:00,6.21999979019165,6.230000019073486,6.215000152587891,6.224999904632568,5464,0.0,0.0
2023-06-22 15:30:00-04:00,6.204999923706055,6.230000019073486,6.190000057220459,6.190000057220459,4681,0.0,0.0
2023-06-23 09:30:00-04:00,6.150000095367432,6.150000095367432,6.099999904632568,6.130000114440918,4589,0.0,0.0
2023-06-23 10:30:00-04:00,6.130000114440918,6.150000095367432,6.119999885559082,6.119999885559082,5456,0.0,0.0
2023-06-23 11:30:00-04:00,6.130000114440918,6.139900207519531,6.110000133514404,6.119999885559082,4990,0.0,0.0
2023-06-23 12:30:00-04:00,6.110099792480469,6.126800060272217,6.110000133514404,6.119999885559082,2433,0.0,0.0
2023-06-23 13:30:00-04:00,6.130000114440918,6.170000076293945,6.130000114440918,6.139999866485596,13543,0.0,0.0
2023-06-23 14:30:00-04:00,6.139999866485596,6.141300201416016,6.119999885559082,6.119999885559082,8508,0.0,0.0
2023-06-23 15:30:00-04:00,6.099999904632568,6.099999904632568,6.065000057220459,6.090000152587891,9197,0.0,0.0
2023-06-26 09:30:00-04:00,6.010000228881836,6.03000020980835,5.949999809265137,5.989999771118164,35345,0.0,0.0
2023-06-26 10:30:00-04:00,6.010000228881836,6.065000057220459,6.010000228881836,6.018899917602539,13443,0.0,0.0
2023-06-26 11:30:00-04:00,6.010000228881836,6.079999923706055,6.010000228881836,6.071100234985352,10358,0.0,0.0
2023-06-26 12:30:00-04:00,6.074999809265137,6.099999904632568,6.050000190734863,6.090000152587891,18264,0.0,0.0
2023-06-26 13:30:00-04:00,6.090000152587891,6.110000133514404,6.090000152587891,6.104899883270264,5819,0.0,0.0
2023-06-26 14:30:00-04:00,6.110000133514404,6.159999847412109,6.110000133514404,6.144999980926514,9103,0.0,0.0
2023-06-26 15:30:00-04:00,6.144999980926514,6.159999847412109,6.130000114440918,6.130000114440918,11589,0.0,0.0
2023-06-27 09:30:00-04:00,6.099999904632568,6.239999771118164,6.099999904632568,6.200200080871582,19388,0.0,0.0
2023-06-27 10:30:00-04:00,6.203000068664551,6.269999980926514,6.19890022277832,6.2453999519348145,18342,0.0,0.0
2023-06-27 11:30:00-04:00,6.269999980926514,6.269999980926514,6.239999771118164,6.269999980926514,2338,0.0,0.0
2023-06-27 12:30:00-04:00,6.269999980926514,6.300000190734863,6.263899803161621,6.289999961853027,12569,0.0,0.0
2023-06-27 13:30:00-04:00,6.289999961853027,6.300000190734863,6.289999961853027,6.289999961853027,11386,0.0,0.0
2023-06-27 14:30:00-04:00,6.289999961853027,6.308000087738037,6.2804999351501465,6.289999961853027,7104,0.0,0.0
2023-06-27 15:30:00-04:00,6.289999961853027,6.300000190734863,6.260000228881836,6.260000228881836,7470,0.0,0.0
2023-06-28 09:30:00-04:00,6.329999923706055,6.329999923706055,6.220099925994873,6.28000020980835,8259,0.0,0.0
2023-06-28 10:30:00-04:00,6.28000020980835,6.304999828338623,6.269999980926514,6.300000190734863,7412,0.0,0.0
2023-06-28 11:30:00-04:00,6.309999942779541,6.329999923706055,6.289999961853027,6.300000190734863,9631,0.0,0.0
2023-06-28 12:30:00-04:00,6.309999942779541,6.309999942779541,6.28000020980835,6.289999961853027,5329,0.0,0.0
2023-06-28 13:30:00-04:00,6.300000190734863,6.320000171661377,6.300000190734863,6.309999942779541,13844,0.0,0.0
2023-06-28 14:30:00-04:00,6.309999942779541,6.320000171661377,6.300000190734863,6.300000190734863,17040,0.0,0.0
2023-06-28 15:30:00-04:00,6.304999828338623,6.315000057220459,6.28000020980835,6.300000190734863,14115,0.0,0.0
2023-06-29 09:30:00-04:00,6.190000057220459,6.190000057220459,6.090000152587891,6.110000133514404,5183,0.0,0.0
2023-06-29 10:30:00-04:00,6.118000030517578,6.119999885559082,6.110000133514404,6.119999885559082,958,0.0,0.0
2023-06-29 11:30:00-04:00,6.119999885559082,6.150000095367432,6.119999885559082,6.150000095367432,2502,0.0,0.0
2023-06-29 12:30:00-04:00,6.150000095367432,6.150000095367432,6.119999885559082,6.130000114440918,2042,0.0,0.0
2023-06-29 13:30:00-04:00,6.139999866485596,6.139999866485596,6.099999904632568,6.119999885559082,3627,0.0,0.0
2023-06-29 14:30:00-04:00,6.099999904632568,6.130000114440918,6.099999904632568,6.130000114440918,6184,0.0,0.0
2023-06-29 15:30:00-04:00,6.125,6.139999866485596,6.079999923706055,6.079999923706055,6365,0.0,0.0
2023-06-30 09:30:00-04:00,6.170000076293945,6.198299884796143,6.1143999099731445,6.15500020980835,9979,0.0,0.0
2023-06-30 10:30:00-04:00,6.144999980926514,6.144999980926514,6.119999885559082,6.138800144195557,2449,0.0,0.0
2023-06-30 11:30:00-04:00,6.139999866485596,6.139999866485596,6.083099842071533,6.110000133514404,9091,0.0,0.0
2023-06-30 12:30:00-04:00,6.110000133514404,6.119999885559082,6.110000133514404,6.119999885559082,1252,0.0,0.0
2023-06-30 13:30:00-04:00,6.143599987030029,6.170000076293945,6.119999885559082,6.119999885559082,2715,0.0,0.0
2023-06-30 14:30:00-04:00,6.130000114440918,6.139999866485596,6.099999904632568,6.099999904632568,10259,0.0,0.0
2023-06-30 15:30:00-04:00,6.114999771118164,6.119999885559082,6.090000152587891,6.119999885559082,5591,0.0,0.0
2023-07-03 09:30:00-04:00,6.059999942779541,6.150000095367432,6.059000015258789,6.090000152587891,7583,0.0,0.0
2023-07-03 10:30:00-04:00,6.079999923706055,6.119999885559082,6.056300163269043,6.070000171661377,3420,0.0,0.0
2023-07-03 11:30:00-04:00,6.059999942779541,6.079999923706055,6.031000137329102,6.031000137329102,5100,0.0,0.0
2023-07-05 09:30:00-04:00,6.03000020980835,6.03000020980835,5.96999979019165,6.019999980926514,11299,0.0,0.0
2023-07-05 10:30:00-04:00,6.019999980926514,6.090000152587891,6.019999980926514,6.090000152587891,8380,0.0,0.0
2023-07-05 11:30:00-04:00,6.099999904632568,6.110000133514404,6.085000038146973,6.099999904632568,3352,0.0,0.0
2023-07-05 12:30:00-04:00,6.110000133514404,6.139999866485596,6.099999904632568,6.139999866485596,7561,0.0,0.0
2023-07-05 13:30:00-04:00,6.125,6.139999866485596,6.125,6.130000114440918,3780,0.0,0.0
2023-07-05 14:30:00-04:00,6.130000114440918,6.150000095367432,6.130000114440918,6.150000095367432,3386,0.0,0.0
2023-07-05 15:30:00-04:00,6.139999866485596,6.144999980926514,6.099999904632568,6.099999904632568,10832,0.0,0.0
2023-07-06 09:30:00-04:00,6.039999961853027,6.039999961853027,5.849999904632568,5.864999771118164,18439,0.0,0.0
2023-07-06 10:30:00-04:00,5.869999885559082,5.900000095367432,5.86329984664917,5.870500087738037,19440,0.0,0.0
2023-07-06 11:30:00-04:00,5.889999866485596,5.929999828338623,5.889999866485596,5.925000190734863,4911,0.0,0.0
2023-07-06 12:30:00-04:00,5.929999828338623,5.960000038146973,5.929999828338623,5.949999809265137,8967,0.0,0.0
2023-07-06 13:30:00-04:00,5.96999979019165,5.989999771118164,5.96999979019165,5.980000019073486,2114,0.0,0.0
2023-07-06 14:30:00-04:00,5.989999771118164,6.010000228881836,5.989999771118164,6.0,3512,0.0,0.0
2023-07-06 15:30:00-04:00,6.0,6.03000020980835,5.989999771118164,6.03000020980835,9898,0.0,0.0
2023-07-07 09:30:00-04:00,5.980000019073486,6.059999942779541,5.980000019073486,6.045400142669678,6439,0.0,0.0
2023-07-07 10:30:00-04:00,6.059999942779541,6.090000152587891,6.050000190734863,6.0802001953125,2835,0.0,0.0
2023-07-07 11:30:00-04:00,6.129899978637695,6.139999866485596,6.090099811553955,6.139999866485596,3803,0.0,0.0
2023-07-07 12:30:00-04:00,6.115600109100342,6.159999847412109,6.115600109100342,6.142499923706055,7608,0.0,0.0
2023-07-07 13:30:00-04:00,6.139999866485596,6.14900016784668,6.130000114440918,6.130000114440918,6428,0.0,0.0
2023-07-07 14:30:00-04:00,6.131700038909912,6.131700038909912,6.130000114440918,6.130000114440918,1582,0.0,0.0
2023-07-07 15:30:00-04:00,6.110000133514404,6.110000133514404,6.059999942779541,6.090000152587891,7360,0.0,0.0
2023-07-10 09:30:00-04:00,6.070000171661377,6.179999828338623,6.070000171661377,6.170000076293945,6044,0.0,0.0
2023-07-10 10:30:00-04:00,6.180500030517578,6.199999809265137,6.180500030517578,6.199999809265137,2361,0.0,0.0
2023-07-10 11:30:00-04:00,6.204999923706055,6.210000038146973,6.190000057220459,6.2052001953125,8260,0.0,0.0
2023-07-10 12:30:00-04:00,6.199999809265137,6.21999979019165,6.199999809265137,6.199999809265137,3897,0.0,0.0
2023-07-10 13:30:00-04:00,6.199999809265137,6.21999979019165,6.199999809265137,6.204999923706055,2643,0.0,0.0
2023-07-10 14:30:00-04:00,6.193600177764893,6.193600177764893,6.193600177764893,6.193600177764893,149,0.0,0.0
2023-07-10 15:30:00-04:00,6.199999809265137,6.210000038146973,6.170000076293945,6.170000076293945,1704,0.0,0.0
2023-07-11 09:30:00-04:00,6.25,6.25,6.21999979019165,6.230000019073486,4951,0.0,0.0
2023-07-11 10:30:00-04:00,6.239999771118164,6.239999771118164,6.159999847412109,6.159999847412109,3708,0.0,0.0
2023-07-11 11:30:00-04:00,6.159999847412109,6.198200225830078,6.159999847412109,6.170000076293945,4359,0.0,0.0
2023-07-11 12:30:00-04:00,6.170000076293945,6.190000057220459,6.163400173187256,6.163400173187256,2592,0.0,0.0
2023-07-11 13:30:00-04:00,6.170000076293945,6.179999828338623,6.170000076293945,6.179999828338623,2904,0.0,0.0
2023-07-11 14:30:00-04:00,6.179999828338623,6.179999828338623,6.150000095367432,6.159999847412109,3698,0.0,0.0
2023-07-11 15:30:00-04:00,6.150000095367432,6.170000076293945,6.139999866485596,6.170000076293945,3680,0.0,0.0
2023-07-12 09:30:00-04:00,6.25,6.269999980926514,6.230000019073486,6.260000228881836,16388,0.0,0.0
2023-07-12 10:30:00-04:00,6.2779998779296875,6.289999961853027,6.220099925994873,6.269899845123291,12957,0.0,0.0
2023-07-12 11:30:00-04:00,6.244100093841553,6.28000020980835,6.244100093841553,6.25,7941,0.0,0.0
2023-07-12 12:30:00-04:00,6.25,6.289999961853027,6.25,6.289999961853027,3265,0.0,0.0
2023-07-12 13:30:00-04:00,6.260000228881836,6.300000190734863,6.260000228881836,6.300000190734863,2152,0.0,0.0
2023-07-12 14:30:00-04:00,6.300000190734863,6.300000190734863,6.190000057220459,6.210000038146973,14352,0.0,0.0
2023-07-12 15:30:00-04:00,6.210000038146973,6.230000019073486,6.059999942779541,6.059999942779541,50678,0.0,0.0
2023-07-13 09:30:00-04:00,5.900000095367432,6.28000020980835,5.889999866485596,6.230000019073486,71382,0.0,0.0
2023-07-13 10:30:00-04:00,6.21999979019165,6.25,6.1006999015808105,6.159999847412109,23012,0.0,0.0
2023-07-13 11:30:00-04:00,6.179999828338623,6.21999979019165,6.179999828338623,6.199999809265137,5185,0.0,0.0
2023-07-13 12:30:00-04:00,6.194399833679199,6.199999809265137,6.170000076293945,6.170000076293945,6970,0.0,0.0
2023-07-13 13:30:00-04:00,6.199999809265137,6.25,6.199999809265137,6.230000019073486,18348,0.0,0.0
2023-07-13 14:30:00-04:00,6.230000019073486,6.25,6.150000095367432,6.199999809265137,18155,0.0,0.0
2023-07-13 15:30:00-04:00,6.199999809265137,6.21999979019165,6.190000057220459,6.21999979019165,8909,0.0,0.0
2023-07-14 09:30:00-04:00,6.25,6.340000152587891,6.25,6.269999980926514,38836,0.0,0.0
2023-07-14 10:30:00-04:00,6.289999961853027,6.349999904632568,6.269999980926514,6.300000190734863,108502,0.0,0.0
2023-07-14 11:30:00-04:00,6.320000171661377,6.360000133514404,6.309999942779541,6.360000133514404,30437,0.0,0.0
2023-07-14 12:30:00-04:00,6.360000133514404,6.420000076293945,6.360000133514404,6.400000095367432,105771,0.0,0.0
2023-07-14 13:30:00-04:00,6.400000095367432,6.400000095367432,6.349999904632568,6.380000114440918,268808,0.0,0.0
2023-07-14 14:30:00-04:00,6.380000114440918,6.440000057220459,6.369999885559082,6.429999828338623,36515,0.0,0.0
2023-07-14 15:30:00-04:00,6.425000190734863,6.46999979019165,6.420000076293945,6.449999809265137,48528,0.0,0.0
2023-07-17 09:30:00-04:00,6.489999771118164,6.53000020980835,6.429999828338623,6.489999771118164,11453,0.0,0.0
2023-07-17 10:30:00-04:00,6.53000020980835,6.539999961853027,6.519999980926514,6.519999980926514,3709,0.0,0.0
2023-07-17 11:30:00-04:00,6.50029993057251,6.53000020980835,6.440000057220459,6.447500228881836,18554,0.0,0.0
2023-07-17 12:30:00-04:00,6.449999809265137,6.550000190734863,6.445000171661377,6.519999980926514,29873,0.0,0.0
2023-07-17 13:30:00-04:00,6.519999980926514,6.539999961853027,6.46999979019165,6.5,56765,0.0,0.0
2023-07-17 14:30:00-04:00,6.5,6.670000076293945,6.489999771118164,6.659900188446045,357214,0.0,0.0
2023-07-17 15:30:00-04:00,6.659999847412109,6.71999979019165,6.646200180053711,6.650000095367432,284072,0.0,0.0
2023-07-18 09:30:00-04:00,6.650000095367432,6.860000133514404,6.610000133514404,6.840000152587891,21491,0.0,0.0
2023-07-18 10:30:00-04:00,6.829999923706055,6.880000114440918,6.809999942779541,6.880000114440918,12345,0.0,0.0
2023-07-18 11:30:00-04:00,6.849999904632568,6.880000114440918,6.849999904632568,6.849999904632568,3428,0.0,0.0
2023-07-18 12:30:00-04:00,6.860000133514404,6.860000133514404,6.78000020980835,6.78000020980835,23216,0.0,0.0
2023-07-18 13:30:00-04:00,6.78000020980835,6.889999866485596,6.714000225067139,6.889999866485596,14378,0.0,0.0
2023-07-18 14:30:00-04:00,6.829999923706055,6.849999904632568,6.78000020980835,6.800000190734863,17838,0.0,0.0
2023-07-18 15:30:00-04:00,6.789999961853027,6.829999923706055,6.76200008392334,6.820000171661377,11756,0.0,0.0
2023-07-19 09:30:00-04:00,6.820000171661377,6.890100002288818,6.809999942779541,6.849999904632568,9689,0.0,0.0
2023-07-19 10:30:00-04:00,6.849999904632568,6.879899978637695,6.809999942779541,6.809999942779541,17093,0.0,0.0
2023-07-19 11:30:00-04:00,6.817999839782715,6.820000171661377,6.71999979019165,6.769999980926514,12969,0.0,0.0
2023-07-19 12:30:00-04:00,6.760000228881836,6.769999980926514,6.730100154876709,6.769999980926514,3041,0.0,0.0
2023-07-19 13:30:00-04:00,6.769999980926514,6.840000152587891,6.755000114440918,6.840000152587891,6272,0.0,0.0
2023-07-19 14:30:00-04:00,6.840000152587891,6.869999885559082,6.830100059509277,6.860000133514404,14851,0.0,0.0
2023-07-19 15:30:00-04:00,6.880000114440918,6.880000114440918,6.809999942779541,6.809999942779541,14977,0.0,0.0
2023-07-20 09:30:00-04:00,6.829999923706055,6.829999923706055,6.590000152587891,6.590000152587891,26635,0.0,0.0
2023-07-20 10:30:00-04:00,6.565800189971924,6.569900035858154,6.489999771118164,6.500100135803223,13684,0.0,0.0
2023-07-20 11:30:00-04:00,6.53000020980835,6.559999942779541,6.5,6.549900054931641,8124,0.0,0.0
2023-07-20 12:30:00-04:00,6.520100116729736,6.579999923706055,6.519999980926514,6.519999980926514,3327,0.0,0.0
2023-07-20 13:30:00-04:00,6.514999866485596,6.539999961853027,6.514999866485596,6.539999961853027,2242,0.0,0.0
2023-07-20 14:30:00-04:00,6.53000020980835,6.569799900054932,6.519999980926514,6.519999980926514,5893,0.0,0.0
2023-07-20 15:30:00-04:00,6.519999980926514,6.579999923706055,6.519999980926514,6.570000171661377,28954,0.0,0.0
2023-07-21 09:30:00-04:00,6.599999904632568,6.650000095367432,6.578999996185303,6.578999996185303,6410,0.0,0.0
2023-07-21 10:30:00-04:00,6.559999942779541,6.559999942779541,6.519999980926514,6.519999980926514,10160,0.0,0.0
2023-07-21 11:30:00-04:00,6.53000020980835,6.539999961853027,6.500100135803223,6.539999961853027,7690,0.0,0.0
2023-07-21 12:30:00-04:00,6.550000190734863,6.550000190734863,6.510000228881836,6.510000228881836,2453,0.0,0.0
2023-07-21 13:30:00-04:00,6.513299942016602,6.549900054931641,6.513299942016602,6.549900054931641,6508,0.0,0.0
2023-07-21 14:30:00-04:00,6.550000190734863,6.559800148010254,6.539999961853027,6.539999961853027,5526,0.0,0.0
2023-07-21 15:30:00-04:00,6.545000076293945,6.559999942779541,6.531700134277344,6.559999942779541,7877,0.0,0.0
2023-07-24 09:30:00-04:00,6.579999923706055,6.630000114440918,6.579999923706055,6.630000114440918,5648,0.0,0.0
2023-07-24 10:30:00-04:00,6.595200061798096,6.595200061798096,6.510000228881836,6.510000228881836,20324,0.0,0.0
2023-07-24 11:30:00-04:00,6.519999980926514,6.585000038146973,6.510000228881836,6.585000038146973,14512,0.0,0.0
2023-07-24 12:30:00-04:00,6.565899848937988,6.590000152587891,6.559999942779541,6.574999809265137,4401,0.0,0.0
2023-07-24 13:30:00-04:00,6.599999904632568,6.619999885559082,6.5802998542785645,6.5802998542785645,8852,0.0,0.0
2023-07-24 14:30:00-04:00,6.581399917602539,6.598599910736084,6.570000171661377,6.574999809265137,4962,0.0,0.0
2023-07-24 15:30:00-04:00,6.559999942779541,6.599999904632568,6.559999942779541,6.590000152587891,13005,0.0,0.0
2023-07-25 09:30:00-04:00,6.570000171661377,6.614999771118164,6.539999961853027,6.539999961853027,15908,0.0,0.0
2023-07-25 10:30:00-04:00,6.574999809265137,6.579999923706055,6.550000190734863,6.570000171661377,9086,0.0,0.0
2023-07-25 11:30:00-04:00,6.574999809265137,6.605000019073486,6.574999809265137,6.579999923706055,5312,0.0,0.0
2023-07-25 12:30:00-04:00,6.570000171661377,6.574999809265137,6.53000020980835,6.554999828338623,21186,0.0,0.0
2023-07-25 13:30:00-04:00,6.539999961853027,6.554999828338623,6.53000020980835,6.539999961853027,8340,0.0,0.0
2023-07-25 14:30:00-04:00,6.559999942779541,6.559999942779541,6.551000118255615,6.551000118255615,2992,0.0,0.0
2023-07-25 15:30:00-04:00,6.550000190734863,6.550000190734863,6.5,6.53000020980835,18449,0.0,0.0
2023-07-26 09:30:00-04:00,6.829999923706055,6.888000011444092,6.699999809265137,6.699999809265137,36166,0.0,0.0
2023-07-26 10:30:00-04:00,6.710000038146973,6.71999979019165,6.650000095367432,6.650000095367432,9450,0.0,0.0
2023-07-26 11:30:00-04:00,6.664999961853027,6.679999828338623,6.650000095367432,6.660099983215332,4927,0.0,0.0
2023-07-26 12:30:00-04:00,6.675000190734863,6.679999828338623,6.650000095367432,6.659999847412109,13345,0.0,0.0
2023-07-26 13:30:00-04:00,6.664999961853027,6.664999961853027,6.650000095367432,6.659999847412109,1960,0.0,0.0
2023-07-26 14:30:00-04:00,6.650000095367432,6.670000076293945,6.599999904632568,6.639999866485596,22774,0.0,0.0
2023-07-26 15:30:00-04:00,6.630000114440918,6.659999847412109,6.630000114440918,6.650000095367432,17886,0.0,0.0
2023-07-27 09:30:00-04:00,6.71999979019165,6.78000020980835,6.670000076293945,6.75,11654,0.0,0.0
2023-07-27 10:30:00-04:00,6.730100154876709,6.800000190734863,6.730000019073486,6.78000020980835,4566,0.0,0.0
2023-07-27 11:30:00-04:00,6.78000020980835,6.789999961853027,6.750100135803223,6.769999980926514,3948,0.0,0.0
2023-07-27 12:30:00-04:00,6.763800144195557,6.78000020980835,6.730000019073486,6.75,8480,0.0,0.0
2023-07-27 13:30:00-04:00,6.760000228881836,6.760000228881836,6.695000171661377,6.695000171661377,3603,0.0,0.0
2023-07-27 14:30:00-04:00,6.695000171661377,6.695000171661377,6.610000133514404,6.670000076293945,17644,0.0,0.0
2023-07-27 15:30:00-04:00,6.664999961853027,6.664999961853027,6.599999904632568,6.610000133514404,9576,0.0,0.0
2023-07-28 09:30:00-04:00,6.690000057220459,6.690000057220459,6.519999980926514,6.550000190734863,53632,0.0,0.0
2023-07-28 10:30:00-04:00,6.550000190734863,6.570000171661377,6.519999980926514,6.559999942779541,56101,0.0,0.0
2023-07-28 11:30:00-04:00,6.550000190734863,6.570000171661377,6.5,6.550000190734863,50881,0.0,0.0
2023-07-28 12:30:00-04:00,6.550000190734863,6.559999942779541,6.519999980926514,6.550000190734863,47585,0.0,0.0
2023-07-28 13:30:00-04:00,6.53000020980835,6.579999923706055,6.53000020980835,6.559999942779541,47770,0.0,0.0
2023-07-28 14:30:00-04:00,6.559999942779541,6.630000114440918,6.539999961853027,6.550000190734863,79019,0.0,0.0
2023-07-28 15:30:00-04:00,6.559999942779541,6.610000133514404,6.539999961853027,6.610000133514404,37758,0.0,0.0
2023-07-31 09:30:00-04:00,6.75,6.75,6.650000095367432,6.730000019073486,33203,0.0,0.0
2023-07-31 10:30:00-04:00,6.710000038146973,6.739699840545654,6.710000038146973,6.730000019073486,5789,0.0,0.0
2023-07-31 11:30:00-04:00,6.739999771118164,6.75,6.670000076293945,6.670000076293945,8795,0.0,0.0
2023-07-31 12:30:00-04:00,6.670000076293945,6.699999809265137,6.664999961853027,6.679999828338623,2842,0.0,0.0
2023-07-31 13:30:00-04:00,6.679999828338623,6.699999809265137,6.610000133514404,6.619999885559082,8446,0.0,0.0
2023-07-31 14:30:00-04:00,6.610000133514404,6.610000133514404,6.590000152587891,6.605000019073486,7590,0.0,0.0
2023-07-31 15:30:00-04:00,6.619999885559082,6.619999885559082,6.579999923706055,6.579999923706055,9680,0.0,0.0
2023-08-01 09:30:00-04:00,6.650000095367432,6.650000095367432,6.521100044250488,6.539999961853027,24438,0.0,0.0
2023-08-01 10:30:00-04:00,6.559999942779541,6.610000133514404,6.559999942779541,6.610000133514404,5094,0.0,0.0
2023-08-01 11:30:00-04:00,6.570000171661377,6.599999904632568,6.570000171661377,6.579999923706055,1835,0.0,0.0
2023-08-01 12:30:00-04:00,6.580999851226807,6.590000152587891,6.571400165557861,6.590000152587891,4359,0.0,0.0
2023-08-01 13:30:00-04:00,6.599999904632568,6.650000095367432,6.599999904632568,6.639999866485596,10545,0.0,0.0
2023-08-01 14:30:00-04:00,6.639999866485596,6.650000095367432,6.599999904632568,6.599999904632568,11965,0.0,0.0
2023-08-01 15:30:00-04:00,6.599999904632568,6.619999885559082,6.559999942779541,6.579999923706055,10755,0.0,0.0
2023-08-02 09:30:00-04:00,6.400000095367432,6.519999980926514,6.400000095367432,6.519999980926514,42510,0.0,0.0
2023-08-02 10:30:00-04:00,6.519999980926514,6.550000190734863,6.429999828338623,6.429999828338623,48669,0.0,0.0
2023-08-02 11:30:00-04:00,6.485000133514404,6.570000171661377,6.485000133514404,6.534999847412109,5457,0.0,0.0
2023-08-02 12:30:00-04:00,6.570000171661377,6.599999904632568,6.519999980926514,6.559899806976318,3959,0.0,0.0
2023-08-02 13:30:00-04:00,6.579999923706055,6.579999923706055,6.53000020980835,6.579999923706055,944,0.0,0.0
2023-08-02 14:30:00-04:00,6.545000076293945,6.559999942779541,6.519999980926514,6.53000020980835,5914,0.0,0.0
2023-08-02 15:30:00-04:00,6.546800136566162,6.550000190734863,6.5,6.5,10198,0.0,0.0
2023-08-03 09:30:00-04:00,6.53000020980835,6.53000020980835,6.369999885559082,6.400599956512451,39777,0.0,0.0
2023-08-03 10:30:00-04:00,6.425000190734863,6.4253997802734375,6.377299785614014,6.380000114440918,6230,0.0,0.0
2023-08-03 11:30:00-04:00,6.369999885559082,6.420000076293945,6.369999885559082,6.400000095367432,7168,0.0,0.0
2023-08-03 12:30:00-04:00,6.400000095367432,6.409999847412109,6.389999866485596,6.389999866485596,1333,0.0,0.0
2023-08-03 13:30:00-04:00,6.400000095367432,6.400000095367432,6.380000114440918,6.389200210571289,2882,0.0,0.0
2023-08-03 14:30:00-04:00,6.400000095367432,6.400000095367432,6.380000114440918,6.380000114440918,2865,0.0,0.0
2023-08-03 15:30:00-04:00,6.369999885559082,6.379199981689453,6.320099830627441,6.340000152587891,4291,0.0,0.0
2023-08-04 09:30:00-04:00,6.380000114440918,6.5,6.380000114440918,6.489999771118164,7683,0.0,0.0
2023-08-04 10:30:00-04:00,6.489999771118164,6.510000228881836,6.489999771118164,6.489999771118164,9190,0.0,0.0
2023-08-04 11:30:00-04:00,6.489999771118164,6.519999980926514,6.480000019073486,6.481900215148926,5250,0.0,0.0
2023-08-04 12:30:00-04:00,6.495999813079834,6.519999980926514,6.495999813079834,6.519999980926514,3202,0.0,0.0
2023-08-04 13:30:00-04:00,6.514999866485596,6.514999866485596,6.4527997970581055,6.4527997970581055,10662,0.0,0.0
2023-08-04 14:30:00-04:00,6.460000038146973,6.460000038146973,6.404200077056885,6.425000190734863,11794,0.0,0.0
2023-08-04 15:30:00-04:00,6.440000057220459,6.46999979019165,6.410999774932861,6.46999979019165,6585,0.0,0.0
2023-08-07 09:30:00-04:00,6.53000020980835,6.664999961853027,6.510000228881836,6.650000095367432,38083,0.0,0.0
2023-08-07 10:30:00-04:00,6.670000076293945,6.690000057220459,6.660099983215332,6.670000076293945,7193,0.0,0.0
2023-08-07 11:30:00-04:00,6.639999866485596,6.670000076293945,6.639999866485596,6.650000095367432,6028,0.0,0.0
2023-08-07 12:30:00-04:00,6.639999866485596,6.670100212097168,6.619999885559082,6.670000076293945,26275,0.0,0.0
2023-08-07 13:30:00-04:00,6.679900169372559,6.690000057220459,6.659999847412109,6.670000076293945,30939,0.0,0.0
2023-08-07 14:30:00-04:00,6.679900169372559,6.679999828338623,6.670000076293945,6.679299831390381,9503,0.0,0.0
2023-08-07 15:30:00-04:00,6.699999809265137,6.78000020980835,6.696100234985352,6.730000019073486,24222,0.0,0.0
2023-08-08 09:30:00-04:00,6.690000057220459,6.704999923706055,6.599999904632568,6.664999961853027,17784,0.0,0.0
2023-08-08 10:30:00-04:00,6.670000076293945,6.690000057220459,6.650000095367432,6.679999828338623,5607,0.0,0.0
2023-08-08 11:30:00-04:00,6.690000057220459,6.730000019073486,6.679999828338623,6.715000152587891,10985,0.0,0.0
2023-08-08 12:30:00-04:00,6.730000019073486,6.789999961853027,6.710000038146973,6.75,13869,0.0,0.0
2023-08-08 13:30:00-04:00,6.739999771118164,6.789999961853027,6.739999771118164,6.78000020980835,7879,0.0,0.0
2023-08-08 14:30:00-04:00,6.78000020980835,6.860000133514404,6.78000020980835,6.840000152587891,32325,0.0,0.0
2023-08-08 15:30:00-04:00,6.849999904632568,6.849999904632568,6.78000020980835,6.789999961853027,50410,0.0,0.0
2023-08-09 09:30:00-04:00,6.449999809265137,6.699999809265137,6.4019999504089355,6.690000057220459,39563,0.0,0.0
2023-08-09 10:30:00-04:00,6.730000019073486,6.800000190734863,6.706299781799316,6.739999771118164,16836,0.0,0.0
2023-08-09 11:30:00-04:00,6.75,6.78000020980835,6.680300235748291,6.710000038146973,17887,0.0,0.0
2023-08-09 12:30:00-04:00,6.699999809265137,6.760000228881836,6.699999809265137,6.71999979019165,8293,0.0,0.0
2023-08-09 13:30:00-04:00,6.760000228881836,6.789999961853027,6.679999828338623,6.679999828338623,23284,0.0,0.0
2023-08-09 14:30:00-04:00,6.675000190734863,6.675000190734863,6.619999885559082,6.630000114440918,13432,0.0,0.0
2023-08-09 15:30:00-04:00,6.630000114440918,6.639999866485596,6.599999904632568,6.599999904632568,32837,0.0,0.0
2023-08-10 09:30:00-04:00,6.610000133514404,6.783699989318848,6.610000133514404,6.730000019073486,27709,0.0,0.0
2023-08-10 10:30:00-04:00,6.699999809265137,6.699999809265137,6.679999828338623,6.690000057220459,19601,0.0,0.0
2023-08-10 11:30:00-04:00,6.690100193023682,6.695000171661377,6.650000095367432,6.659999847412109,24658,0.0,0.0
2023-08-10 12:30:00-04:00,6.659999847412109,6.659999847412109,6.59089994430542,6.630000114440918,9978,0.0,0.0
2023-08-10 13:30:00-04:00,6.650000095367432,6.650000095367432,6.559999942779541,6.590000152587891,4166,0.0,0.0
2023-08-10 14:30:00-04:00,6.590000152587891,6.599999904632568,6.579999923706055,6.599999904632568,5330,0.0,0.0
2023-08-10 15:30:00-04:00,6.590000152587891,6.599999904632568,6.570000171661377,6.570000171661377,10519,0.0,0.0
2023-08-11 09:30:00-04:00,6.579999923706055,6.599999904632568,6.480000019073486,6.590000152587891,15708,0.0,0.0
2023-08-11 10:30:00-04:00,6.610000133514404,6.610000133514404,6.5,6.570000171661377,4699,0.0,0.0
2023-08-11 11:30:00-04:00,6.570000171661377,6.570000171661377,6.5,6.53000020980835,3245,0.0,0.0
2023-08-11 12:30:00-04:00,6.559999942779541,6.559999942779541,6.510000228881836,6.519999980926514,4199,0.0,0.0
2023-08-11 13:30:00-04:00,6.53000020980835,6.559999942779541,6.519999980926514,6.559999942779541,12518,0.0,0.0
2023-08-11 14:30:00-04:00,6.53000020980835,6.565000057220459,6.510000228881836,6.539999961853027,8148,0.0,0.0
2023-08-11 15:30:00-04:00,6.500100135803223,6.539999961853027,6.5,6.539999961853027,10128,0.0,0.0
2023-08-14 09:30:00-04:00,6.519999980926514,6.53000020980835,6.449999809265137,6.5,30813,0.0,0.0
2023-08-14 10:30:00-04:00,6.53000020980835,6.53000020980835,6.433899879455566,6.433899879455566,11972,0.0,0.0
2023-08-14 11:30:00-04:00,6.449999809265137,6.5,6.449900150299072,6.5,4980,0.0,0.0
2023-08-14 12:30:00-04:00,6.490099906921387,6.510000228881836,6.490099906921387,6.490099906921387,5674,0.0,0.0
2023-08-14 13:30:00-04:00,6.5,6.5,6.460899829864502,6.460899829864502,5325,0.0,0.0
2023-08-14 14:30:00-04:00,6.46999979019165,6.46999979019165,6.460000038146973,6.46999979019165,5422,0.0,0.0
2023-08-14 15:30:00-04:00,6.46999979019165,6.480000019073486,6.46999979019165,6.480000019073486,10468,0.0,0.0
2023-08-15 09:30:00-04:00,6.46999979019165,6.46999979019165,6.401199817657471,6.409999847412109,20041,0.0,0.0
2023-08-15 10:30:00-04:00,6.401700019836426,6.420000076293945,6.400000095367432,6.420000076293945,8352,0.0,0.0
2023-08-15 11:30:00-04:00,6.429900169372559,6.447700023651123,6.429900169372559,6.447700023651123,2528,0.0,0.0
2023-08-15 12:30:00-04:00,6.434999942779541,6.434999942779541,6.434999942779541,6.434999942779541,1017,0.0,0.0
2023-08-15 13:30:00-04:00,6.434999942779541,6.449999809265137,6.434999942779541,6.449999809265137,2331,0.0,0.0
2023-08-15 14:30:00-04:00,6.449999809265137,6.46999979019165,6.429999828338623,6.429999828338623,9074,0.0,0.0
2023-08-15 15:30:00-04:00,6.440000057220459,6.440000057220459,6.409999847412109,6.409999847412109,8737,0.0,0.0
2023-08-16 09:30:00-04:00,6.420000076293945,6.46999979019165,6.360000133514404,6.360000133514404,41341,0.0,0.0
2023-08-16 10:30:00-04:00,6.360000133514404,6.369999885559082,6.340000152587891,6.360000133514404,20254,0.0,0.0
2023-08-16 11:30:00-04:00,6.349999904632568,6.360000133514404,6.329999923706055,6.340000152587891,18289,0.0,0.0
2023-08-16 12:30:00-04:00,6.348599910736084,6.348599910736084,6.309999942779541,6.340000152587891,11703,0.0,0.0
2023-08-16 13:30:00-04:00,6.335000038146973,6.349999904632568,6.329999923706055,6.349999904632568,13245,0.0,0.0
2023-08-16 14:30:00-04:00,6.349999904632568,6.360000133514404,6.315000057220459,6.340000152587891,15945,0.0,0.0
2023-08-16 15:30:00-04:00,6.340000152587891,6.349999904632568,6.335000038146973,6.349999904632568,6206,0.0,0.0
2023-08-17 09:30:00-04:00,6.309999942779541,6.349999904632568,6.300000190734863,6.300000190734863,14319,0.0,0.0
2023-08-17 10:30:00-04:00,6.300000190734863,6.300000190734863,6.25,6.25,9903,0.0,0.0
2023-08-17 11:30:00-04:00,6.25,6.255000114440918,6.239999771118164,6.254000186920166,5077,0.0,0.0
2023-08-17 12:30:00-04:00,6.255000114440918,6.255000114440918,6.170000076293945,6.190000057220459,10444,0.0,0.0
2023-08-17 13:30:00-04:00,6.184999942779541,6.260000228881836,6.170000076293945,6.260000228881836,10454,0.0,0.0
2023-08-17 14:30:00-04:00,6.250100135803223,6.260000228881836,6.210000038146973,6.25,19496,0.0,0.0
2023-08-17 15:30:00-04:00,6.25,6.25,6.199999809265137,6.199999809265137,14848,0.0,0.0
2023-08-18 09:30:00-04:00,6.110000133514404,6.184999942779541,6.110000133514404,6.179999828338623,5098,0.0,0.0
2023-08-18 10:30:00-04:00,6.170000076293945,6.230000019073486,6.170000076293945,6.230000019073486,3383,0.0,0.0
2023-08-18 11:30:00-04:00,6.230000019073486,6.230000019073486,6.210000038146973,6.210000038146973,5864,0.0,0.0
2023-08-18 12:30:00-04:00,6.215000152587891,6.21999979019165,6.214600086212158,6.21999979019165,2810,0.0,0.0
2023-08-18 13:30:00-04:00,6.21999979019165,6.239999771118164,6.21999979019165,6.21999979019165,3826,0.0,0.0
2023-08-18 14:30:00-04:00,6.224999904632568,6.239999771118164,6.195000171661377,6.195000171661377,5186,0.0,0.0
2023-08-18 15:30:00-04:00,6.195000171661377,6.21999979019165,6.179999828338623,6.190000057220459,11797,0.0,0.0
2023-08-21 09:30:00-04:00,6.25,6.25,6.15910005569458,6.179999828338623,6228,0.0,0.0
2023-08-21 10:30:00-04:00,6.170000076293945,6.170000076293945,6.150000095367432,6.150000095367432,3109,0.0,0.0
2023-08-21 11:30:00-04:00,6.150000095367432,6.150000095367432,6.130000114440918,6.150000095367432,6909,0.0,0.0
2023-08-21 12:30:00-04:00,6.150000095367432,6.159999847412109,6.119999885559082,6.159999847412109,3590,0.0,0.0
2023-08-21 13:30:00-04:00,6.159999847412109,6.159999847412109,6.119999885559082,6.119999885559082,10214,0.0,0.0
2023-08-21 14:30:00-04:00,6.139999866485596,6.178299903869629,6.139999866485596,6.178299903869629,5352,0.0,0.0
2023-08-21 15:30:00-04:00,6.170000076293945,6.174200057983398,6.139999866485596,6.159999847412109,5828,0.0,0.0
2023-08-22 09:30:00-04:00,6.21999979019165,6.239999771118164,6.159999847412109,6.159999847412109,3681,0.0,0.0
2023-08-22 10:30:00-04:00,6.159999847412109,6.170000076293945,6.119999885559082,6.119999885559082,7637,0.0,0.0
2023-08-22 11:30:00-04:00,6.119999885559082,6.139999866485596,6.119999885559082,6.138400077819824,1123,0.0,0.0
2023-08-22 12:30:00-04:00,6.130000114440918,6.139999866485596,6.119999885559082,6.130000114440918,2506,0.0,0.0
2023-08-22 13:30:00-04:00,6.130000114440918,6.130000114440918,6.125,6.130000114440918,2811,0.0,0.0
2023-08-22 14:30:00-04:00,6.130000114440918,6.179999828338623,6.130000114440918,6.179999828338623,3088,0.0,0.0
2023-08-22 15:30:00-04:00,6.179999828338623,6.179999828338623,6.139999866485596,6.150000095367432,6022,0.0,0.0
2023-08-23 09:30:00-04:00,6.199999809265137,6.289999961853027,6.130000114440918,6.284999847412109,9973,0.0,0.0
2023-08-23 10:30:00-04:00,6.289999961853027,6.320000171661377,6.269999980926514,6.320000171661377,6759,0.0,0.0
2023-08-23 11:30:00-04:00,6.320000171661377,6.320000171661377,6.309999942779541,6.309999942779541,3614,0.0,0.0
2023-08-23 12:30:00-04:00,6.309999942779541,6.320000171661377,6.301000118255615,6.320000171661377,1863,0.0,0.0
2023-08-23 13:30:00-04:00,6.309999942779541,6.349999904632568,6.309999942779541,6.349999904632568,6214,0.0,0.0
2023-08-23 14:30:00-04:00,6.333399772644043,6.389999866485596,6.333399772644043,6.369999885559082,6105,0.0,0.0
2023-08-23 15:30:00-04:00,6.360000133514404,6.369999885559082,6.329999923706055,6.349999904632568,11406,0.0,0.0
2023-08-24 09:30:00-04:00,6.340000152587891,6.429999828338623,6.340000152587891,6.400000095367432,6513,0.0,0.0
2023-08-24 10:30:00-04:00,6.409999847412109,6.409999847412109,6.300000190734863,6.340000152587891,4168,0.0,0.0
2023-08-24 11:30:00-04:00,6.320000171661377,6.380000114440918,6.300000190734863,6.380000114440918,4339,0.0,0.0
2023-08-24 12:30:00-04:00,6.360000133514404,6.360000133514404,6.340000152587891,6.340000152587891,2039,0.0,0.0
2023-08-24 13:30:00-04:00,6.309999942779541,6.315000057220459,6.28000020980835,6.300000190734863,2160,0.0,0.0
2023-08-24 14:30:00-04:00,6.289899826049805,6.340000152587891,6.289899826049805,6.320000171661377,3489,0.0,0.0
2023-08-24 15:30:00-04:00,6.320099830627441,6.340000152587891,6.309999942779541,6.329999923706055,8550,0.0,0.0
2023-08-25 09:30:00-04:00,6.340000152587891,6.423399925231934,6.340000152587891,6.423399925231934,6133,0.0,0.0
2023-08-25 10:30:00-04:00,6.414999961853027,6.414999961853027,6.320000171661377,6.320000171661377,2433,0.0,0.0
2023-08-25 11:30:00-04:00,6.340000152587891,6.389999866485596,6.340000152587891,6.389999866485596,1936,0.0,0.0
2023-08-25 12:30:00-04:00,6.400000095367432,6.420000076293945,6.400000095367432,6.420000076293945,6026,0.0,0.0
2023-08-25 13:30:00-04:00,6.389999866485596,6.409999847412109,6.3379998207092285,6.380000114440918,5664,0.0,0.0
2023-08-25 14:30:00-04:00,6.400000095367432,6.440000057220459,6.400000095367432,6.440000057220459,2786,0.0,0.0
2023-08-25 15:30:00-04:00,6.440000057220459,6.440000057220459,6.389999866485596,6.389999866485596,9792,0.0,0.0
2023-08-28 09:30:00-04:00,6.420000076293945,6.53000020980835,6.400000095367432,6.53000020980835,24835,0.0,0.0
2023-08-28 10:30:00-04:00,6.52269983291626,6.570000171661377,6.5,6.54640007019043,18682,0.0,0.0
2023-08-28 11:30:00-04:00,6.559999942779541,6.559999942779541,6.519999980926514,6.519999980926514,10090,0.0,0.0
2023-08-28 12:30:00-04:00,6.519999980926514,6.559999942779541,6.519999980926514,6.559999942779541,9022,0.0,0.0
2023-08-28 13:30:00-04:00,6.559999942779541,6.559999942779541,6.550000190734863,6.554999828338623,3801,0.0,0.0
2023-08-28 14:30:00-04:00,6.550000190734863,6.639999866485596,6.550000190734863,6.570000171661377,8536,0.0,0.0
2023-08-28 15:30:00-04:00,6.570000171661377,6.599999904632568,6.570000171661377,6.590000152587891,5455,0.0,0.0
2023-08-29 09:30:00-04:00,6.570000171661377,6.639999866485596,6.559999942779541,6.639999866485596,4119,0.0,0.0
2023-08-29 10:30:00-04:00,6.690000057220459,6.739999771118164,6.630000114440918,6.650000095367432,10326,0.0,0.0
2023-08-29 11:30:00-04:00,6.639999866485596,6.659999847412109,6.639999866485596,6.659999847412109,10311,0.0,0.0
2023-08-29 12:30:00-04:00,6.690000057220459,6.699999809265137,6.65500020980835,6.670000076293945,7544,0.0,0.0
2023-08-29 13:30:00-04:00,6.670000076293945,6.670000076293945,6.659299850463867,6.659999847412109,5859,0.0,0.0
2023-08-29 14:30:00-04:00,6.650000095367432,6.670000076293945,6.630000114440918,6.650000095367432,9686,0.0,0.0
2023-08-29 15:30:00-04:00,6.650000095367432,6.670000076293945,6.639999866485596,6.639999866485596,11695,0.0,0.0
2023-08-30 09:30:00-04:00,6.71999979019165,6.71999979019165,6.599999904632568,6.650000095367432,7628,0.0,0.0
2023-08-30 10:30:00-04:00,6.650000095367432,6.650000095367432,6.570000171661377,6.590000152587891,7481,0.0,0.0
2023-08-30 11:30:00-04:00,6.590000152587891,6.599999904632568,6.590000152587891,6.599999904632568,3138,0.0,0.0
2023-08-30 12:30:00-04:00,6.581500053405762,6.590000152587891,6.570099830627441,6.585000038146973,4309,0.0,0.0
2023-08-30 13:30:00-04:00,6.59499979019165,6.610000133514404,6.570000171661377,6.599999904632568,12062,0.0,0.0
2023-08-30 14:30:00-04:00,6.574999809265137,6.619999885559082,6.559999942779541,6.599999904632568,7254,0.0,0.0
2023-08-30 15:30:00-04:00,6.610000133514404,6.610000133514404,6.570000171661377,6.590000152587891,5060,0.0,0.0
2023-08-31 09:30:00-04:00,6.579999923706055,6.679999828338623,6.579999923706055,6.659999847412109,5434,0.0,0.0
2023-08-31 10:30:00-04:00,6.679999828338623,6.699999809265137,6.659999847412109,6.679999828338623,3625,0.0,0.0
2023-08-31 11:30:00-04:00,6.679999828338623,6.690000057220459,6.630000114440918,6.670000076293945,2103,0.0,0.0
2023-08-31 12:30:00-04:00,6.650000095367432,6.690000057220459,6.639999866485596,6.657700061798096,9904,0.0,0.0
2023-08-31 13:30:00-04:00,6.670000076293945,6.690000057220459,6.650000095367432,6.664999961853027,3431,0.0,0.0
2023-08-31 14:30:00-04:00,6.674699783325195,6.674699783325195,6.650000095367432,6.652500152587891,6264,0.0,0.0
2023-08-31 15:30:00-04:00,6.65500020980835,6.65500020980835,6.614999771118164,6.630000114440918,3173,0.0,0.0
2023-09-01 09:30:00-04:00,6.670000076293945,6.699999809265137,6.670000076293945,6.679999828338623,3841,0.0,0.0
2023-09-01 10:30:00-04:00,6.650000095367432,6.659999847412109,6.640100002288818,6.650000095367432,4286,0.0,0.0
2023-09-01 11:30:00-04:00,6.650000095367432,6.650000095367432,6.619999885559082,6.639999866485596,6106,0.0,0.0
2023-09-01 12:30:00-04:00,6.639999866485596,6.649899959564209,6.630000114440918,6.630000114440918,1625,0.0,0.0
2023-09-01 13:30:00-04:00,6.650000095367432,6.650000095367432,6.630000114440918,6.630000114440918,1372,0.0,0.0
2023-09-01 14:30:00-04:00,6.619999885559082,6.630000114440918,6.599999904632568,6.625,3948,0.0,0.0
2023-09-01 15:30:00-04:00,6.625,6.630000114440918,6.570000171661377,6.570000171661377,19868,0.0,0.0
2023-09-05 09:30:00-04:00,6.5,6.539999961853027,6.449999809265137,6.510000228881836,15511,0.0,0.0
2023-09-05 10:30:00-04:00,6.5,6.509900093078613,6.454999923706055,6.460000038146973,5706,0.0,0.0
2023-09-05 11:30:00-04:00,6.460000038146973,6.474999904632568,6.429999828338623,6.460000038146973,2860,0.0,0.0
2023-09-05 12:30:00-04:00,6.449999809265137,6.449999809265137,6.4303998947143555,6.4303998947143555,1401,0.0,0.0
2023-09-05 13:30:00-04:00,6.449900150299072,6.449999809265137,6.429999828338623,6.440000057220459,4683,0.0,0.0
2023-09-05 14:30:00-04:00,6.430099964141846,6.430099964141846,6.380000114440918,6.380000114440918,4310,0.0,0.0
2023-09-05 15:30:00-04:00,6.370100021362305,6.389999866485596,6.360000133514404,6.380000114440918,10491,0.0,0.0
2023-09-06 09:30:00-04:00,6.369999885559082,6.400000095367432,6.300000190734863,6.329999923706055,11055,0.0,0.0
2023-09-06 10:30:00-04:00,6.340000152587891,6.340000152587891,6.302000045776367,6.309999942779541,2795,0.0,0.0
2023-09-06 11:30:00-04:00,6.326700210571289,6.369999885559082,6.326700210571289,6.349999904632568,8328,0.0,0.0
2023-09-06 12:30:00-04:00,6.360000133514404,6.389999866485596,6.341700077056885,6.389999866485596,2456,0.0,0.0
2023-09-06 13:30:00-04:00,6.360000133514404,6.360000133514404,6.360000133514404,6.360000133514404,1185,0.0,0.0
2023-09-06 14:30:00-04:00,6.364999771118164,6.369999885559082,6.349999904632568,6.349999904632568,5431,0.0,0.0
2023-09-06 15:30:00-04:00,6.360000133514404,6.539999961853027,6.340000152587891,6.519999980926514,58680,0.0,0.0
2023-09-07 09:30:00-04:00,6.400000095367432,6.53000020980835,6.400000095367432,6.420000076293945,8181,0.0,0.0
2023-09-07 10:30:00-04:00,6.429999828338623,6.449999809265137,6.420000076293945,6.445000171661377,2496,0.0,0.0
2023-09-07 11:30:00-04:00,6.457399845123291,6.457399845123291,6.433499813079834,6.449999809265137,2014,0.0,0.0
2023-09-07 12:30:00-04:00,6.449999809265137,6.449999809265137,6.449999809265137,6.449999809265137,645,0.0,0.0
2023-09-07 13:30:00-04:00,6.440000057220459,6.480000019073486,6.440000057220459,6.480000019073486,5473,0.0,0.0
2023-09-07 14:30:00-04:00,6.480000019073486,6.480000019073486,6.46999979019165,6.46999979019165,2765,0.0,0.0
2023-09-07 15:30:00-04:00,6.465000152587891,6.5,6.460000038146973,6.460000038146973,16349,0.0,0.0
2023-09-08 09:30:00-04:00,6.429999828338623,6.519999980926514,6.429999828338623,6.519999980926514,2733,0.0,0.0
2023-09-08 10:30:00-04:00,6.539999961853027,6.550000190734863,6.53000020980835,6.53000020980835,4091,0.0,0.0
2023-09-08 11:30:00-04:00,6.539999961853027,6.539999961853027,6.53000020980835,6.534999847412109,1401,0.0,0.0
2023-09-08 12:30:00-04:00,6.53000020980835,6.536300182342529,6.5100998878479,6.5100998878479,526,0.0,0.0
2023-09-08 13:30:00-04:00,6.51200008392334,6.519999980926514,6.510000228881836,6.519999980926514,3060,0.0,0.0
2023-09-08 14:30:00-04:00,6.519999980926514,6.519999980926514,6.514999866485596,6.519999980926514,1712,0.0,0.0
2023-09-08 15:30:00-04:00,6.489999771118164,6.510000228881836,6.480000019073486,6.510000228881836,3458,0.0,0.0
2023-09-11 09:30:00-04:00,6.550000190734863,6.550000190734863,6.420000076293945,6.449999809265137,5685,0.0,0.0
2023-09-11 10:30:00-04:00,6.473999977111816,6.489999771118164,6.46999979019165,6.489999771118164,4977,0.0,0.0
2023-09-11 11:30:00-04:00,6.5,6.53000020980835,6.5,6.53000020980835,2040,0.0,0.0
2023-09-11 12:30:00-04:00,6.550000190734863,6.559999942779541,6.545000076293945,6.559999942779541,1154,0.0,0.0
2023-09-11 13:30:00-04:00,6.559999942779541,6.559999942779541,6.5100998878479,6.5100998878479,5389,0.0,0.0
2023-09-11 14:30:00-04:00,6.520100116729736,6.539999961853027,6.519999980926514,6.519999980926514,2407,0.0,0.0
2023-09-11 15:30:00-04:00,6.5100998878479,6.539999961853027,6.480000019073486,6.480000019073486,9225,0.0,0.0
2023-09-12 09:30:00-04:00,6.480000019073486,6.559999942779541,6.478499889373779,6.559999942779541,3835,0.0,0.0
2023-09-12 10:30:00-04:00,6.579999923706055,6.579999923706055,6.559999942779541,6.559999942779541,15627,0.0,0.0
2023-09-12 11:30:00-04:00,6.559999942779541,6.570000171661377,6.559999942779541,6.565000057220459,2071,0.0,0.0
2023-09-12 12:30:00-04:00,6.569200038909912,6.570000171661377,6.568999767303467,6.568999767303467,2556,0.0,0.0
2023-09-12 13:30:00-04:00,6.560800075531006,6.574999809265137,6.550000190734863,6.550000190734863,29278,0.0,0.0
2023-09-12 14:30:00-04:00,6.570000171661377,6.570000171661377,6.510000228881836,6.510000228881836,3819,0.0,0.0
2023-09-12 15:30:00-04:00,6.519999980926514,6.53000020980835,6.480000019073486,6.480000019073486,27140,0.0,0.0
2023-09-13 09:30:00-04:00,6.53000020980835,6.53000020980835,6.46999979019165,6.489999771118164,21322,0.0,0.0
2023-09-13 10:30:00-04:00,6.53000020980835,6.53000020980835,6.510000228881836,6.519999980926514,2857,0.0,0.0
2023-09-13 11:30:00-04:00,6.510000228881836,6.510000228881836,6.480000019073486,6.489999771118164,4739,0.0,0.0
2023-09-13 12:30:00-04:00,6.519999980926514,6.53000020980835,6.519999980926514,6.519999980926514,1622,0.0,0.0
2023-09-13 13:30:00-04:00,6.53000020980835,6.53000020980835,6.489999771118164,6.510000228881836,12166,0.0,0.0
2023-09-13 14:30:00-04:00,6.489999771118164,6.489999771118164,6.449999809265137,6.449999809265137,7244,0.0,0.0
2023-09-13 15:30:00-04:00,6.434999942779541,6.445000171661377,6.429999828338623,6.440000057220459,18172,0.0,0.0
2023-09-14 09:30:00-04:00,6.409999847412109,6.510000228881836,6.409999847412109,6.440000057220459,16975,0.0,0.0
2023-09-14 10:30:00-04:00,6.430099964141846,6.5,6.430099964141846,6.489999771118164,19775,0.0,0.0
2023-09-14 11:30:00-04:00,6.482100009918213,6.53000020980835,6.480000019073486,6.5,28524,0.0,0.0
2023-09-14 12:30:00-04:00,6.494999885559082,6.550000190734863,6.494999885559082,6.5,2841,0.0,0.0
2023-09-14 13:30:00-04:00,6.519999980926514,6.519999980926514,6.460000038146973,6.46999979019165,6959,0.0,0.0
2023-09-14 14:30:00-04:00,6.460000038146973,6.480000019073486,6.449699878692627,6.449999809265137,19599,0.0,0.0
2023-09-14 15:30:00-04:00,6.440000057220459,6.449999809265137,6.429999828338623,6.440000057220459,12567,0.0,0.0
2023-09-15 09:30:00-04:00,6.440000057220459,6.454999923706055,6.420000076293945,6.440000057220459,5006,0.0,0.0
2023-09-15 10:30:00-04:00,6.440000057220459,6.449999809265137,6.420000076293945,6.420000076293945,3908,0.0,0.0
2023-09-15 11:30:00-04:00,6.429999828338623,6.429999828338623,6.400000095367432,6.400000095367432,18428,0.0,0.0
2023-09-15 12:30:00-04:00,6.400000095367432,6.400000095367432,6.320000171661377,6.320000171661377,47123,0.0,0.0
2023-09-15 13:30:00-04:00,6.309999942779541,6.400000095367432,6.300000190734863,6.380000114440918,16457,0.0,0.0
2023-09-15 14:30:00-04:00,6.380000114440918,6.380000114440918,6.375,6.380000114440918,5970,0.0,0.0
2023-09-15 15:30:00-04:00,6.380000114440918,6.400000095367432,6.28000020980835,6.300000190734863,61538,0.0,0.0
2023-09-18 09:30:00-04:00,6.340000152587891,6.400000095367432,6.340000152587891,6.385000228881836,25272,0.0,0.0
2023-09-18 10:30:00-04:00,6.380000114440918,6.409999847412109,6.360000133514404,6.360000133514404,10722,0.0,0.0
2023-09-18 11:30:00-04:00,6.389999866485596,6.389999866485596,6.360000133514404,6.389999866485596,7789,0.0,0.0
2023-09-18 12:30:00-04:00,6.375,6.400000095367432,6.360000133514404,6.360000133514404,20493,0.0,0.0
2023-09-18 13:30:00-04:00,6.360000133514404,6.389999866485596,6.360000133514404,6.375,6485,0.0,0.0
2023-09-18 14:30:00-04:00,6.360000133514404,6.389900207519531,6.329999923706055,6.329999923706055,6665,0.0,0.0
2023-09-18 15:30:00-04:00,6.329999923706055,6.340000152587891,6.28000020980835,6.28000020980835,61545,0.0,0.0
2023-09-19 09:30:00-04:00,6.309999942779541,6.380000114440918,6.309999942779541,6.309999942779541,15132,0.0,0.0
2023-09-19 10:30:00-04:00,6.309999942779541,6.309999942779541,6.221799850463867,6.221799850463867,9273,0.0,0.0
2023-09-19 11:30:00-04:00,6.269999980926514,6.289999961853027,6.260000228881836,6.289999961853027,4324,0.0,0.0
2023-09-19 12:30:00-04:00,6.28000020980835,6.289999961853027,6.199999809265137,6.251100063323975,45137,0.0,0.0
2023-09-19 13:30:00-04:00,6.25,6.255000114440918,6.178999900817871,6.179999828338623,25289,0.0,0.0
2023-09-19 14:30:00-04:00,6.210000038146973,6.230000019073486,6.170000076293945,6.170000076293945,16067,0.0,0.0
2023-09-19 15:30:00-04:00,6.184999942779541,6.199999809265137,6.039999961853027,6.110000133514404,109375,0.0,0.0
2023-09-20 09:30:00-04:00,6.159999847412109,6.230000019073486,6.150000095367432,6.170000076293945,33030,0.0,0.0
2023-09-20 10:30:00-04:00,6.199999809265137,6.199999809265137,6.050000190734863,6.130000114440918,77000,0.0,0.0
2023-09-20 11:30:00-04:00,6.116000175476074,6.130000114440918,6.03000020980835,6.059999942779541,52873,0.0,0.0
2023-09-20 12:30:00-04:00,6.070000171661377,6.099999904632568,6.039999961853027,6.039999961853027,23532,0.0,0.0
2023-09-20 13:30:00-04:00,6.039999961853027,6.070000171661377,6.010000228881836,6.067999839782715,33887,0.0,0.0
2023-09-20 14:30:00-04:00,6.070000171661377,6.079999923706055,5.980000019073486,6.0,31459,0.0,0.0
2023-09-20 15:30:00-04:00,6.0,6.0,5.895199775695801,5.929999828338623,57231,0.0,0.0
2023-09-21 09:30:00-04:00,5.909999847412109,5.938399791717529,5.71999979019165,5.879700183868408,21081,0.0,0.0
2023-09-21 10:30:00-04:00,5.880000114440918,5.880000114440918,5.820000171661377,5.820000171661377,9008,0.0,0.0
2023-09-21 11:30:00-04:00,5.820000171661377,5.849999904632568,5.809999942779541,5.809999942779541,3409,0.0,0.0
2023-09-21 12:30:00-04:00,5.809999942779541,5.849999904632568,5.809999942779541,5.849999904632568,10329,0.0,0.0
2023-09-21 13:30:00-04:00,5.840000152587891,5.855000019073486,5.829999923706055,5.840000152587891,10849,0.0,0.0
2023-09-21 14:30:00-04:00,5.820000171661377,5.840000152587891,5.809999942779541,5.809999942779541,8809,0.0,0.0
2023-09-21 15:30:00-04:00,5.800000190734863,5.840000152587891,5.800000190734863,5.829999923706055,17081,0.0,0.0
2023-09-22 09:30:00-04:00,5.800000190734863,5.880000114440918,5.75,5.770100116729736,29051,0.0,0.0
2023-09-22 10:30:00-04:00,5.800000190734863,5.827899932861328,5.789999961853027,5.815000057220459,26102,0.0,0.0
2023-09-22 11:30:00-04:00,5.815000057220459,5.820000171661377,5.809999942779541,5.809999942779541,20486,0.0,0.0
2023-09-22 12:30:00-04:00,5.809999942779541,5.839300155639648,5.809999942779541,5.809999942779541,7520,0.0,0.0
2023-09-22 13:30:00-04:00,5.809999942779541,5.820000171661377,5.809999942779541,5.815000057220459,8345,0.0,0.0
2023-09-22 14:30:00-04:00,5.815000057220459,5.875,5.815000057220459,5.875,0,0.0,0.0
2023-09-22 15:30:00-04:00,5.875,5.875,5.849999904632568,5.860000133514404,116141,0.0,0.0
2023-09-25 09:30:00-04:00,5.789999961853027,5.849999904632568,5.789999961853027,5.800000190734863,36486,0.0,0.0
2023-09-25 10:30:00-04:00,5.800000190734863,5.840000152587891,5.789999961853027,5.809999942779541,9117,0.0,0.0
2023-09-25 11:30:00-04:00,5.828999996185303,5.849999904632568,5.828999996185303,5.849999904632568,1448,0.0,0.0
2023-09-25 12:30:00-04:00,5.840099811553955,5.84499979019165,5.769999980926514,5.789999961853027,29440,0.0,0.0
2023-09-25 13:30:00-04:00,5.769999980926514,5.800000190734863,5.760000228881836,5.769999980926514,9242,0.0,0.0
2023-09-25 14:30:00-04:00,5.769999980926514,5.789999961853027,5.679999828338623,5.71999979019165,33093,0.0,0.0
2023-09-25 15:30:00-04:00,5.712600231170654,5.71999979019165,5.590000152587891,5.599999904632568,94261,0.0,0.0
2023-09-26 09:30:00-04:00,5.599999904632568,5.650000095367432,5.5,5.53000020980835,29471,0.0,0.0
2023-09-26 10:30:00-04:00,5.539999961853027,5.585000038146973,5.510000228881836,5.510000228881836,19964,0.0,0.0
2023-09-26 11:30:00-04:00,5.5,5.559999942779541,5.480000019073486,5.550000190734863,21541,0.0,0.0
2023-09-26 12:30:00-04:00,5.579999923706055,5.599999904632568,5.559999942779541,5.559999942779541,9636,0.0,0.0
2023-09-26 13:30:00-04:00,5.559999942779541,5.605000019073486,5.559999942779541,5.59499979019165,12835,0.0,0.0
2023-09-26 14:30:00-04:00,5.599999904632568,5.610000133514404,5.550000190734863,5.55049991607666,10859,0.0,0.0
2023-09-26 15:30:00-04:00,5.559999942779541,5.599999904632568,5.559999942779541,5.599999904632568,21845,0.0,0.0
2023-09-27 09:30:00-04:00,5.659999847412109,5.676199913024902,5.579999923706055,5.619999885559082,7832,0.0,0.0
2023-09-27 10:30:00-04:00,5.619999885559082,5.619999885559082,5.562600135803223,5.589700222015381,7355,0.0,0.0
2023-09-27 11:30:00-04:00,5.570000171661377,5.579999923706055,5.53000020980835,5.539999961853027,14874,0.0,0.0
2023-09-27 12:30:00-04:00,5.550000190734863,5.570000171661377,5.5,5.5,7252,0.0,0.0
2023-09-27 13:30:00-04:00,5.510000228881836,5.539999961853027,5.480000019073486,5.539999961853027,16546,0.0,0.0
2023-09-27 14:30:00-04:00,5.550000190734863,5.659999847412109,5.550000190734863,5.619999885559082,23681,0.0,0.0
2023-09-27 15:30:00-04:00,5.610000133514404,5.619999885559082,5.570000171661377,5.610000133514404,21092,0.0,0.0
2023-09-28 09:30:00-04:00,5.449999809265137,5.480000019073486,5.360000133514404,5.360000133514404,30132,0.0,0.0
2023-09-28 10:30:00-04:00,5.360000133514404,5.420000076293945,5.349999904632568,5.420000076293945,18133,0.0,0.0
2023-09-28 11:30:00-04:00,5.429999828338623,5.5,5.429999828338623,5.5,3575,0.0,0.0
2023-09-28 12:30:00-04:00,5.5,5.5,5.440000057220459,5.442999839782715,3744,0.0,0.0
2023-09-28 13:30:00-04:00,5.449999809265137,5.480000019073486,5.440000057220459,5.470099925994873,10156,0.0,0.0
2023-09-28 14:30:00-04:00,5.480000019073486,5.519999980926514,5.460000038146973,5.510000228881836,7819,0.0,0.0
2023-09-28 15:30:00-04:00,5.5,5.510000228881836,5.480000019073486,5.480000019073486,14053,0.0,0.0
2023-09-29 09:30:00-04:00,5.5,5.570099830627441,5.5,5.539999961853027,8108,0.0,0.0
2023-09-29 10:30:00-04:00,5.542799949645996,5.619999885559082,5.542799949645996,5.619999885559082,17015,0.0,0.0
2023-09-29 11:30:00-04:00,5.599999904632568,5.599999904632568,5.550000190734863,5.570000171661377,2791,0.0,0.0
2023-09-29 12:30:00-04:00,5.570000171661377,5.579999923706055,5.534999847412109,5.534999847412109,1986,0.0,0.0
2023-09-29 13:30:00-04:00,5.539999961853027,5.539999961853027,5.5,5.5,2891,0.0,0.0
2023-09-29 14:30:00-04:00,5.497000217437744,5.53000020980835,5.490699768066406,5.51200008392334,10654,0.0,0.0
2023-09-29 15:30:00-04:00,5.510000228881836,5.550000190734863,5.510000228881836,5.539999961853027,10537,0.0,0.0
2023-10-02 09:30:00-04:00,5.489999771118164,5.489999771118164,5.360000133514404,5.360000133514404,17110,0.0,0.0
2023-10-02 10:30:00-04:00,5.375,5.389999866485596,5.360000133514404,5.389999866485596,9697,0.0,0.0
2023-10-02 11:30:00-04:00,5.389999866485596,5.389999866485596,5.350100040435791,5.359000205993652,12032,0.0,0.0
2023-10-02 12:30:00-04:00,5.349999904632568,5.349999904632568,5.269999980926514,5.28000020980835,8120,0.0,0.0
2023-10-02 13:30:00-04:00,5.269999980926514,5.28000020980835,5.260000228881836,5.260000228881836,14067,0.0,0.0
2023-10-02 14:30:00-04:00,5.250100135803223,5.300000190734863,5.250100135803223,5.300000190734863,13070,0.0,0.0
2023-10-02 15:30:00-04:00,5.295000076293945,5.309999942779541,5.284999847412109,5.289999961853027,20899,0.0,0.0
2023-10-03 09:30:00-04:00,5.300000190734863,5.3155999183654785,5.099999904632568,5.130000114440918,18194,0.0,0.0
2023-10-03 10:30:00-04:00,5.118800163269043,5.139999866485596,5.110000133514404,5.125,5625,0.0,0.0
2023-10-03 11:30:00-04:00,5.110000133514404,5.110000133514404,5.070000171661377,5.09499979019165,10162,0.0,0.0
2023-10-03 12:30:00-04:00,5.090000152587891,5.090000152587891,5.071100234985352,5.074999809265137,2292,0.0,0.0
2023-10-03 13:30:00-04:00,5.0767998695373535,5.079999923706055,5.050000190734863,5.0680999755859375,5336,0.0,0.0
2023-10-03 14:30:00-04:00,5.070000171661377,5.079999923706055,5.059999942779541,5.070000171661377,7191,0.0,0.0
2023-10-03 15:30:00-04:00,5.0731000900268555,5.099999904632568,5.070000171661377,5.090000152587891,17369,0.0,0.0
2023-10-04 09:30:00-04:00,5.099999904632568,5.159999847412109,5.0,5.019999980926514,21620,0.0,0.0
2023-10-04 10:30:00-04:00,5.03000020980835,5.03000020980835,4.980000019073486,5.019999980926514,18813,0.0,0.0
2023-10-04 11:30:00-04:00,5.0395002365112305,5.070000171661377,5.021699905395508,5.059999942779541,7527,0.0,0.0
2023-10-04 12:30:00-04:00,5.050000190734863,5.079999923706055,5.050000190734863,5.070000171661377,9854,0.0,0.0
2023-10-04 13:30:00-04:00,5.065000057220459,5.078999996185303,5.065000057220459,5.070000171661377,16793,0.0,0.0
2023-10-04 14:30:00-04:00,5.079999923706055,5.130300045013428,5.079999923706055,5.130000114440918,4763,0.0,0.0
2023-10-04 15:30:00-04:00,5.130000114440918,5.159999847412109,5.130000114440918,5.139999866485596,10938,0.0,0.0
2023-10-05 09:30:00-04:00,5.139999866485596,5.159999847412109,5.119999885559082,5.150000095367432,2636,0.0,0.0
2023-10-05 10:30:00-04:00,5.135000228881836,5.159999847412109,5.135000228881836,5.159999847412109,1590,0.0,0.0
2023-10-05 11:30:00-04:00,5.159999847412109,5.170000076293945,5.159999847412109,5.170000076293945,1479,0.0,0.0
2023-10-05 12:30:00-04:00,5.189899921417236,5.189899921417236,5.170000076293945,5.179999828338623,4557,0.0,0.0
2023-10-05 13:30:00-04:00,5.190000057220459,5.21999979019165,5.190000057220459,5.21999979019165,3449,0.0,0.0
2023-10-05 14:30:00-04:00,5.230000019073486,5.239999771118164,5.215000152587891,5.239999771118164,3439,0.0,0.0
2023-10-05 15:30:00-04:00,5.25,5.260000228881836,5.25,5.25,10237,0.0,0.0
2023-10-06 09:30:00-04:00,5.21999979019165,5.21999979019165,5.160099983215332,5.210000038146973,3184,0.0,0.0
2023-10-06 10:30:00-04:00,5.21999979019165,5.230000019073486,5.190000057220459,5.190000057220459,2222,0.0,0.0
2023-10-06 11:30:00-04:00,5.204999923706055,5.27869987487793,5.190000057220459,5.230000019073486,7649,0.0,0.0
2023-10-06 12:30:00-04:00,5.21999979019165,5.239999771118164,5.21999979019165,5.235000133514404,2970,0.0,0.0
2023-10-06 13:30:00-04:00,5.235000133514404,5.239999771118164,5.21999979019165,5.230000019073486,7686,0.0,0.0
2023-10-06 14:30:00-04:00,5.235000133514404,5.239999771118164,5.210000038146973,5.230000019073486,4836,0.0,0.0
2023-10-06 15:30:00-04:00,5.230000019073486,5.239999771118164,5.210000038146973,5.239999771118164,7425,0.0,0.0
2023-10-09 09:30:00-04:00,5.21999979019165,5.230000019073486,5.210000038146973,5.230000019073486,11763,0.0,0.0
2023-10-09 10:30:00-04:00,5.230000019073486,5.309999942779541,5.230000019073486,5.309999942779541,15054,0.0,0.0
2023-10-09 11:30:00-04:00,5.312399864196777,5.329999923706055,5.269999980926514,5.269999980926514,7934,0.0,0.0
2023-10-09 12:30:00-04:00,5.309899806976318,5.309899806976318,5.260000228881836,5.260000228881836,5444,0.0,0.0
2023-10-09 13:30:00-04:00,5.289999961853027,5.309999942779541,5.28000020980835,5.309999942779541,7701,0.0,0.0
2023-10-09 14:30:00-04:00,5.309999942779541,5.309999942779541,5.269999980926514,5.28000020980835,3919,0.0,0.0
2023-10-09 15:30:00-04:00,5.28000020980835,5.289999961853027,5.269999980926514,5.28000020980835,10629,0.0,0.0
2023-10-10 09:30:00-04:00,5.28000020980835,5.349999904632568,5.28000020980835,5.335000038146973,8374,0.0,0.0
2023-10-10 10:30:00-04:00,5.340000152587891,5.360000133514404,5.315000057220459,5.340000152587891,18240,0.0,0.0
2023-10-10 11:30:00-04:00,5.340000152587891,5.380000114440918,5.340000152587891,5.375,2679,0.0,0.0
2023-10-10 12:30:00-04:00,5.360000133514404,5.380000114440918,5.329999923706055,5.329999923706055,6663,0.0,0.0
2023-10-10 13:30:00-04:00,5.327499866485596,5.340000152587891,5.320000171661377,5.329999923706055,6025,0.0,0.0
2023-10-10 14:30:00-04:00,5.326099872589111,5.349999904632568,5.324999809265137,5.34499979019165,7581,0.0,0.0
2023-10-10 15:30:00-04:00,5.349999904632568,5.400000095367432,5.349999904632568,5.389999866485596,17974,0.0,0.0
2023-10-11 09:30:00-04:00,5.369999885559082,5.449999809265137,5.349999904632568,5.409999847412109,22534,0.0,0.0
2023-10-11 10:30:00-04:00,5.409999847412109,5.409999847412109,5.409900188446045,5.409999847412109,899,0.0,0.0
2023-10-11 11:30:00-04:00,5.400000095367432,5.401000022888184,5.400000095367432,5.400000095367432,2238,0.0,0.0
2023-10-11 12:30:00-04:00,5.400000095367432,5.409999847412109,5.400000095367432,5.400000095367432,4885,0.0,0.0
2023-10-11 13:30:00-04:00,5.400000095367432,5.409999847412109,5.389999866485596,5.403200149536133,6856,0.0,0.0
2023-10-11 14:30:00-04:00,5.409999847412109,5.409999847412109,5.408899784088135,5.408899784088135,917,0.0,0.0
2023-10-11 15:30:00-04:00,5.40880012512207,5.420000076293945,5.400000095367432,5.409999847412109,16202,0.0,0.0
2023-10-12 09:30:00-04:00,5.429999828338623,5.429999828338623,5.260000228881836,5.28000020980835,25991,0.0,0.0
2023-10-12 10:30:00-04:00,5.28000020980835,5.319900035858154,5.28000020980835,5.309899806976318,10076,0.0,0.0
2023-10-12 11:30:00-04:00,5.309299945831299,5.309999942779541,5.289999961853027,5.300000190734863,8216,0.0,0.0
2023-10-12 12:30:00-04:00,5.300000190734863,5.300000190734863,5.200300216674805,5.200300216674805,6897,0.0,0.0
2023-10-12 13:30:00-04:00,5.199999809265137,5.199999809265137,5.179999828338623,5.199399948120117,4158,0.0,0.0
2023-10-12 14:30:00-04:00,5.210000038146973,5.260000228881836,5.210000038146973,5.21999979019165,7020,0.0,0.0
2023-10-12 15:30:00-04:00,5.239999771118164,5.260000228881836,5.21999979019165,5.25,10490,0.0,0.0
2023-10-13 09:30:00-04:00,5.340000152587891,5.340000152587891,5.244999885559082,5.25,10039,0.0,0.0
2023-10-13 10:30:00-04:00,5.235000133514404,5.235000133514404,5.159999847412109,5.159999847412109,7482,0.0,0.0
2023-10-13 11:30:00-04:00,5.15500020980835,5.206600189208984,5.150000095367432,5.195099830627441,3646,0.0,0.0
2023-10-13 12:30:00-04:00,5.206600189208984,5.210000038146973,5.150000095367432,5.150000095367432,6966,0.0,0.0
2023-10-13 13:30:00-04:00,5.139999866485596,5.173600196838379,5.130000114440918,5.170000076293945,8993,0.0,0.0
2023-10-13 14:30:00-04:00,5.170000076293945,5.170000076293945,5.150000095367432,5.150000095367432,13511,0.0,0.0
2023-10-13 15:30:00-04:00,5.151199817657471,5.159999847412109,5.139999866485596,5.139999866485596,11351,0.0,0.0
2023-10-16 09:30:00-04:00,5.159999847412109,5.159999847412109,5.090000152587891,5.159999847412109,15161,0.0,0.0
2023-10-16 10:30:00-04:00,5.170000076293945,5.199999809265137,5.130000114440918,5.190000057220459,9213,0.0,0.0
2023-10-16 11:30:00-04:00,5.159999847412109,5.190000057220459,5.130000114440918,5.150000095367432,12040,0.0,0.0
2023-10-16 12:30:00-04:00,5.179999828338623,5.199999809265137,5.1620001792907715,5.190000057220459,3306,0.0,0.0
2023-10-16 13:30:00-04:00,5.179999828338623,5.25,5.170000076293945,5.25,10722,0.0,0.0
2023-10-16 14:30:00-04:00,5.220300197601318,5.25,5.190499782562256,5.230000019073486,5510,0.0,0.0
2023-10-16 15:30:00-04:00,5.239099979400635,5.239999771118164,5.21999979019165,5.21999979019165,5961,0.0,0.0
2023-10-17 09:30:00-04:00,5.21999979019165,5.28000020980835,5.190000057220459,5.209000110626221,13665,0.0,0.0
2023-10-17 10:30:00-04:00,5.20989990234375,5.20989990234375,5.150000095367432,5.199999809265137,16327,0.0,0.0
2023-10-17 11:30:00-04:00,5.199999809265137,5.239999771118164,5.199999809265137,5.200099945068359,6548,0.0,0.0
2023-10-17 12:30:00-04:00,5.21999979019165,5.21999979019165,5.210999965667725,5.21999979019165,12659,0.0,0.0
2023-10-17 13:30:00-04:00,5.210000038146973,5.21999979019165,5.210000038146973,5.210000038146973,2103,0.0,0.0
2023-10-17 14:30:00-04:00,5.215000152587891,5.21999979019165,5.199999809265137,5.21999979019165,2470,0.0,0.0
2023-10-17 15:30:00-04:00,5.239999771118164,5.239999771118164,5.170000076293945,5.170000076293945,10978,0.0,0.0
2023-10-18 09:30:00-04:00,5.170000076293945,5.170000076293945,5.020599842071533,5.03000020980835,21696,0.0,0.0
2023-10-18 10:30:00-04:00,5.059999942779541,5.070000171661377,5.039999961853027,5.070000171661377,1250,0.0,0.0
2023-10-18 11:30:00-04:00,5.050000190734863,5.050000190734863,5.019999980926514,5.039999961853027,34998,0.0,0.0
2023-10-18 12:30:00-04:00,5.039999961853027,5.130000114440918,5.039999961853027,5.130000114440918,4430,0.0,0.0
2023-10-18 13:30:00-04:00,5.079999923706055,5.090000152587891,5.050000190734863,5.070000171661377,4053,0.0,0.0
2023-10-18 14:30:00-04:00,5.070000171661377,5.119999885559082,5.03000020980835,5.059999942779541,19125,0.0,0.0
2023-10-18 15:30:00-04:00,5.065000057220459,5.079999923706055,5.050000190734863,5.050000190734863,11395,0.0,0.0
2023-10-19 09:30:00-04:00,5.03000020980835,5.03000020980835,4.96999979019165,4.980000019073486,10401,0.0,0.0
2023-10-19 10:30:00-04:00,4.96999979019165,4.985000133514404,4.96999979019165,4.980000019073486,10360,0.0,0.0
2023-10-19 11:30:00-04:00,4.989999771118164,5.039999961853027,4.989999771118164,5.039999961853027,8653,0.0,0.0
2023-10-19 12:30:00-04:00,5.03000020980835,5.030099868774414,4.989999771118164,5.03000020980835,18522,0.0,0.0
2023-10-19 13:30:00-04:00,5.03000020980835,5.039999961853027,5.03000020980835,5.039999961853027,1486,0.0,0.0
2023-10-19 14:30:00-04:00,5.0,5.001200199127197,4.962500095367432,4.962500095367432,15065,0.0,0.0
2023-10-19 15:30:00-04:00,4.960000038146973,4.980000019073486,4.960000038146973,4.96999979019165,5403,0.0,0.0
2023-10-20 09:30:00-04:00,4.949999809265137,4.980000019073486,4.925000190734863,4.949999809265137,16978,0.0,0.0
2023-10-20 10:30:00-04:00,4.949999809265137,4.949999809265137,4.940000057220459,4.949999809265137,18527,0.0,0.0
2023-10-20 11:30:00-04:00,4.949999809265137,4.960000038146973,4.940000057220459,4.960000038146973,2221,0.0,0.0
2023-10-20 12:30:00-04:00,4.96560001373291,4.995800018310547,4.949999809265137,4.965000152587891,14326,0.0,0.0
2023-10-20 13:30:00-04:00,4.949999809265137,4.96999979019165,4.920000076293945,4.95550012588501,3877,0.0,0.0
2023-10-20 14:30:00-04:00,4.949999809265137,4.989999771118164,4.940000057220459,4.960000038146973,12335,0.0,0.0
2023-10-20 15:30:00-04:00,4.960000038146973,4.960000038146973,4.949999809265137,4.954999923706055,8434,0.0,0.0
2023-10-23 09:30:00-04:00,4.940000057220459,4.940000057220459,4.820000171661377,4.909999847412109,20114,0.0,0.0
2023-10-23 10:30:00-04:00,4.909999847412109,4.920000076293945,4.880099773406982,4.920000076293945,8114,0.0,0.0
2023-10-23 11:30:00-04:00,4.929999828338623,4.96999979019165,4.929999828338623,4.949999809265137,4095,0.0,0.0
2023-10-23 12:30:00-04:00,4.954999923706055,4.954999923706055,4.949999809265137,4.954999923706055,13011,0.0,0.0
2023-10-23 13:30:00-04:00,4.940000057220459,4.989999771118164,4.940000057220459,4.980000019073486,24014,0.0,0.0
2023-10-23 14:30:00-04:00,4.985000133514404,5.005000114440918,4.929999828338623,4.929999828338623,25094,0.0,0.0
2023-10-23 15:30:00-04:00,4.929999828338623,4.949999809265137,4.929999828338623,4.940000057220459,8909,0.0,0.0
2023-10-24 09:30:00-04:00,5.0,5.0,4.900000095367432,4.949999809265137,24217,0.0,0.0
2023-10-24 10:30:00-04:00,4.920000076293945,4.965000152587891,4.920000076293945,4.940000057220459,8969,0.0,0.0
2023-10-24 11:30:00-04:00,4.949999809265137,4.960000038146973,4.920000076293945,4.940000057220459,7436,0.0,0.0
2023-10-24 12:30:00-04:00,4.940000057220459,4.949999809265137,4.940000057220459,4.945000171661377,7944,0.0,0.0
2023-10-24 13:30:00-04:00,4.940000057220459,4.949999809265137,4.940000057220459,4.945000171661377,6828,0.0,0.0
2023-10-24 14:30:00-04:00,4.945000171661377,4.949999809265137,4.940000057220459,4.949999809265137,7325,0.0,0.0
2023-10-24 15:30:00-04:00,4.949999809265137,5.0,4.929999828338623,4.989999771118164,27745,0.0,0.0
2023-10-25 09:30:00-04:00,4.940000057220459,4.9558000564575195,4.889999866485596,4.920000076293945,5535,0.0,0.0
2023-10-25 10:30:00-04:00,4.920000076293945,4.96999979019165,4.900000095367432,4.900000095367432,11744,0.0,0.0
2023-10-25 11:30:00-04:00,4.900000095367432,4.909999847412109,4.900000095367432,4.900300025939941,11931,0.0,0.0
2023-10-25 12:30:00-04:00,4.900000095367432,4.909999847412109,4.900000095367432,4.90500020980835,11406,0.0,0.0
2023-10-25 13:30:00-04:00,4.90500020980835,4.920000076293945,4.900000095367432,4.909999847412109,6737,0.0,0.0
2023-10-25 14:30:00-04:00,4.900000095367432,4.909999847412109,4.900000095367432,4.90500020980835,12922,0.0,0.0
2023-10-25 15:30:00-04:00,4.909999847412109,4.909999847412109,4.900000095367432,4.900000095367432,20616,0.0,0.0
2023-10-26 09:30:00-04:00,4.900000095367432,4.929999828338623,4.900000095367432,4.9019999504089355,7644,0.0,0.0
2023-10-26 10:30:00-04:00,4.900000095367432,4.929999828338623,4.900000095367432,4.909999847412109,1811,0.0,0.0
2023-10-26 11:30:00-04:00,4.9120001792907715,4.920000076293945,4.909999847412109,4.909999847412109,16021,0.0,0.0
2023-10-26 12:30:00-04:00,4.914999961853027,4.929999828338623,4.909999847412109,4.929999828338623,10378,0.0,0.0
2023-10-26 13:30:00-04:00,4.940000057220459,4.958399772644043,4.920000076293945,4.958399772644043,5075,0.0,0.0
2023-10-26 14:30:00-04:00,4.941999912261963,4.954999923706055,4.940000057220459,4.949999809265137,6830,0.0,0.0
2023-10-26 15:30:00-04:00,4.949999809265137,4.958799839019775,4.949999809265137,4.949999809265137,13130,0.0,0.0
2023-10-27 09:30:00-04:00,4.96999979019165,5.010000228881836,4.960000038146973,4.989999771118164,6106,0.0,0.0
2023-10-27 10:30:00-04:00,4.980000019073486,4.989999771118164,4.945000171661377,4.945000171661377,6670,0.0,0.0
2023-10-27 11:30:00-04:00,4.949100017547607,4.949999809265137,4.930099964141846,4.930099964141846,4020,0.0,0.0
2023-10-27 12:30:00-04:00,4.940000057220459,4.940000057220459,4.920000076293945,4.922500133514404,5221,0.0,0.0
2023-10-27 13:30:00-04:00,4.929800033569336,4.960000038146973,4.920000076293945,4.929999828338623,12848,0.0,0.0
2023-10-27 14:30:00-04:00,4.934999942779541,4.960000038146973,4.929999828338623,4.949999809265137,17711,0.0,0.0
2023-10-27 15:30:00-04:00,4.940000057220459,4.949999809265137,4.909999847412109,4.909999847412109,14412,0.0,0.0
2023-10-30 09:30:00-04:00,4.989999771118164,5.03000020980835,4.920000076293945,4.965000152587891,7350,0.0,0.0
2023-10-30 10:30:00-04:00,4.980000019073486,5.0,4.949999809265137,4.96999979019165,9525,0.0,0.0
2023-10-30 11:30:00-04:00,4.9791998863220215,5.019999980926514,4.962399959564209,5.019999980926514,9836,0.0,0.0
2023-10-30 12:30:00-04:00,5.019999980926514,5.039999961853027,5.019999980926514,5.03000020980835,4646,0.0,0.0
2023-10-30 13:30:00-04:00,5.039999961853027,5.070000171661377,5.039999961853027,5.070000171661377,5040,0.0,0.0
2023-10-30 14:30:00-04:00,5.079999923706055,5.090000152587891,5.070000171661377,5.079999923706055,4419,0.0,0.0
2023-10-30 15:30:00-04:00,5.079999923706055,5.091400146484375,5.039999961853027,5.059999942779541,15456,0.0,0.0
2023-10-31 09:30:00-04:00,5.179999828338623,5.25,5.159999847412109,5.199999809265137,32997,0.0,0.0
2023-10-31 10:30:00-04:00,5.170000076293945,5.191999912261963,5.130000114440918,5.159999847412109,31042,0.0,0.0
2023-10-31 11:30:00-04:00,5.150000095367432,5.159999847412109,5.079999923706055,5.090000152587891,11143,0.0,0.0
2023-10-31 12:30:00-04:00,5.099999904632568,5.119999885559082,5.079999923706055,5.090000152587891,2726,0.0,0.0
2023-10-31 13:30:00-04:00,5.099999904632568,5.139999866485596,5.079999923706055,5.09499979019165,6740,0.0,0.0
2023-10-31 14:30:00-04:00,5.090000152587891,5.09250020980835,5.059999942779541,5.059999942779541,10352,0.0,0.0
2023-10-31 15:30:00-04:00,5.059999942779541,5.059999942779541,5.019999980926514,5.019999980926514,10762,0.0,0.0
2023-11-01 09:30:00-04:00,5.039999961853027,5.169899940490723,5.0,5.159999847412109,33314,0.0,0.0
2023-11-01 10:30:00-04:00,5.179999828338623,5.239999771118164,5.139999866485596,5.150000095367432,21204,0.0,0.0
2023-11-01 11:30:00-04:00,5.150000095367432,5.170000076293945,5.139999866485596,5.139999866485596,5666,0.0,0.0
2023-11-01 12:30:00-04:00,5.139999866485596,5.139999866485596,5.099999904632568,5.109899997711182,3983,0.0,0.0
2023-11-01 13:30:00-04:00,5.099999904632568,5.1168999671936035,5.090000152587891,5.099999904632568,4762,0.0,0.0
2023-11-01 14:30:00-04:00,5.099999904632568,5.1020002365112305,5.059999942779541,5.059999942779541,5753,0.0,0.0
2023-11-01 15:30:00-04:00,5.071000099182129,5.090000152587891,5.059999942779541,5.079999923706055,29173,0.0,0.0
2023-11-02 09:30:00-04:00,5.090000152587891,5.199999809265137,5.090000152587891,5.199999809265137,26145,0.0,0.0
2023-11-02 10:30:00-04:00,5.199999809265137,5.199999809265137,5.150000095367432,5.168000221252441,12932,0.0,0.0
2023-11-02 11:30:00-04:00,5.15500020980835,5.1579999923706055,5.130000114440918,5.144999980926514,6326,0.0,0.0
2023-11-02 12:30:00-04:00,5.130000114440918,5.159999847412109,5.110000133514404,5.135000228881836,8252,0.0,0.0
2023-11-02 13:30:00-04:00,5.110000133514404,5.159999847412109,5.110000133514404,5.125,10043,0.0,0.0
2023-11-02 14:30:00-04:00,5.125,5.170000076293945,5.090000152587891,5.110000133514404,39801,0.0,0.0
2023-11-02 15:30:00-04:00,5.119999885559082,5.130000114440918,5.090000152587891,5.119999885559082,16511,0.0,0.0
2023-11-03 09:30:00-04:00,5.199999809265137,5.28000020980835,5.190000057220459,5.21999979019165,28904,0.0,0.0
2023-11-03 10:30:00-04:00,5.21999979019165,5.228300094604492,5.159999847412109,5.197999954223633,30890,0.0,0.0
2023-11-03 11:30:00-04:00,5.199999809265137,5.199999809265137,5.111999988555908,5.150000095367432,16214,0.0,0.0
2023-11-03 12:30:00-04:00,5.123000144958496,5.150000095367432,5.123000144958496,5.139999866485596,3192,0.0,0.0
2023-11-03 13:30:00-04:00,5.139999866485596,5.139999866485596,5.110000133514404,5.119999885559082,17307,0.0,0.0
2023-11-03 14:30:00-04:00,5.119999885559082,5.179999828338623,5.079999923706055,5.119999885559082,46457,0.0,0.0
2023-11-03 15:30:00-04:00,5.130000114440918,5.159999847412109,5.111299991607666,5.139999866485596,28838,0.0,0.0
2023-11-06 09:30:00-05:00,5.110000133514404,5.119999885559082,5.060100078582764,5.060100078582764,14878,0.0,0.0
2023-11-06 10:30:00-05:00,5.085000038146973,5.119999885559082,5.085000038146973,5.094299793243408,14207,0.0,0.0
2023-11-06 11:30:00-05:00,5.0903000831604,5.139999866485596,5.0903000831604,5.139999866485596,3950,0.0,0.0
2023-11-06 12:30:00-05:00,5.150000095367432,5.190000057220459,5.139999866485596,5.159999847412109,9091,0.0,0.0
2023-11-06 13:30:00-05:00,5.130000114440918,5.170000076293945,5.120800018310547,5.159999847412109,5729,0.0,0.0
2023-11-06 14:30:00-05:00,5.139999866485596,5.170000076293945,5.128300189971924,5.168000221252441,8546,0.0,0.0
2023-11-06 15:30:00-05:00,5.15500020980835,5.15500020980835,5.139999866485596,5.150000095367432,8151,0.0,0.0
2023-11-07 09:30:00-05:00,5.139999866485596,5.159999847412109,5.079999923706055,5.130000114440918,9339,0.0,0.0
2023-11-07 10:30:00-05:00,5.150000095367432,5.25,5.150000095367432,5.25,3218,0.0,0.0
2023-11-07 11:30:00-05:00,5.25,5.25,5.170000076293945,5.170000076293945,3703,0.0,0.0
2023-11-07 12:30:00-05:00,5.170000076293945,5.199999809265137,5.139999866485596,5.165299892425537,3327,0.0,0.0
2023-11-07 13:30:00-05:00,5.159999847412109,5.170000076293945,5.159999847412109,5.170000076293945,590,0.0,0.0
2023-11-07 14:30:00-05:00,5.170000076293945,5.190000057220459,5.099999904632568,5.190000057220459,5577,0.0,0.0
2023-11-07 15:30:00-05:00,5.179999828338623,5.210000038146973,5.159999847412109,5.170000076293945,10799,0.0,0.0
2023-11-08 09:30:00-05:00,5.199999809265137,5.289899826049805,5.170000076293945,5.25,15590,0.0,0.0
2023-11-08 10:30:00-05:00,5.28410005569458,5.28410005569458,5.25,5.255000114440918,9703,0.0,0.0
2023-11-08 11:30:00-05:00,5.269999980926514,5.309999942779541,5.269999980926514,5.269999980926514,14408,0.0,0.0
2023-11-08 12:30:00-05:00,5.269999980926514,5.320000171661377,5.25,5.320000171661377,10384,0.0,0.0
2023-11-08 13:30:00-05:00,5.309999942779541,5.329999923706055,5.230000019073486,5.296199798583984,20622,0.0,0.0
2023-11-08 14:30:00-05:00,5.289999961853027,5.289999961853027,5.269999980926514,5.269999980926514,8106,0.0,0.0
2023-11-08 15:30:00-05:00,5.295100212097168,5.295100212097168,5.269999980926514,5.28000020980835,6245,0.0,0.0
2023-11-09 09:30:00-05:00,5.320000171661377,5.34060001373291,5.260000228881836,5.289999961853027,20315,0.0,0.0
2023-11-09 10:30:00-05:00,5.28000020980835,5.329999923706055,5.239999771118164,5.329999923706055,12276,0.0,0.0
2023-11-09 11:30:00-05:00,5.289999961853027,5.320000171661377,5.269999980926514,5.269999980926514,5617,0.0,0.0
2023-11-09 12:30:00-05:00,5.274199962615967,5.274199962615967,5.199999809265137,5.210400104522705,15915,0.0,0.0
2023-11-09 13:30:00-05:00,5.235000133514404,5.235000133514404,5.170000076293945,5.210000038146973,4182,0.0,0.0
2023-11-09 14:30:00-05:00,5.25,5.25,5.150000095367432,5.159999847412109,17593,0.0,0.0
2023-11-09 15:30:00-05:00,5.150000095367432,5.210000038146973,5.150000095367432,5.150000095367432,27161,0.0,0.0
2023-11-10 09:30:00-05:00,5.179999828338623,5.28000020980835,5.139999866485596,5.210000038146973,14067,0.0,0.0
2023-11-10 10:30:00-05:00,5.230000019073486,5.300000190734863,5.210000038146973,5.260000228881836,12382,0.0,0.0
2023-11-10 11:30:00-05:00,5.269700050354004,5.28000020980835,5.25,5.260000228881836,4467,0.0,0.0
2023-11-10 12:30:00-05:00,5.260000228881836,5.315000057220459,5.260000228881836,5.300000190734863,4537,0.0,0.0
2023-11-10 13:30:00-05:00,5.309999942779541,5.320000171661377,5.309999942779541,5.320000171661377,3883,0.0,0.0
2023-11-10 14:30:00-05:00,5.315000057220459,5.320000171661377,5.289999961853027,5.320000171661377,11136,0.0,0.0
2023-11-10 15:30:00-05:00,5.320000171661377,5.320000171661377,5.269999980926514,5.288000106811523,15476,0.0,0.0
2023-11-13 09:30:00-05:00,5.230000019073486,5.231299877166748,5.199999809265137,5.199999809265137,4615,0.0,0.0
2023-11-13 10:30:00-05:00,5.21999979019165,5.25,5.210000038146973,5.25,3437,0.0,0.0
2023-11-13 11:30:00-05:00,5.249000072479248,5.264100074768066,5.230000019073486,5.230999946594238,17014,0.0,0.0
2023-11-13 12:30:00-05:00,5.230000019073486,5.230000019073486,5.224999904632568,5.224999904632568,1304,0.0,0.0
2023-11-13 13:30:00-05:00,5.230000019073486,5.230000019073486,5.230000019073486,5.230000019073486,749,0.0,0.0
2023-11-13 14:30:00-05:00,5.230000019073486,5.239999771118164,5.21999979019165,5.230000019073486,3593,0.0,0.0
2023-11-13 15:30:00-05:00,5.239999771118164,5.239999771118164,5.210000038146973,5.21999979019165,5545,0.0,0.0
2023-11-14 09:30:00-05:00,5.289999961853027,5.429900169372559,5.289999961853027,5.400000095367432,38334,0.0,0.0
2023-11-14 10:30:00-05:00,5.389999866485596,5.409999847412109,5.370200157165527,5.385000228881836,26061,0.0,0.0
2023-11-14 11:30:00-05:00,5.389999866485596,5.410999774932861,5.378200054168701,5.378200054168701,23187,0.0,0.0
2023-11-14 12:30:00-05:00,5.389999866485596,5.389999866485596,5.379899978637695,5.389999866485596,7259,0.0,0.0
2023-11-14 13:30:00-05:00,5.400000095367432,5.420000076293945,5.369999885559082,5.369999885559082,9352,0.0,0.0
2023-11-14 14:30:00-05:00,5.380000114440918,5.380000114440918,5.329999923706055,5.349999904632568,21015,0.0,0.0
2023-11-14 15:30:00-05:00,5.340000152587891,5.349999904632568,5.309999942779541,5.309999942779541,18087,0.0,0.0
2023-11-15 09:30:00-05:00,5.349999904632568,5.349999904632568,5.320000171661377,5.349899768829346,4620,0.0,0.0
2023-11-15 10:30:00-05:00,5.329999923706055,5.34060001373291,5.309999942779541,5.320000171661377,8804,0.0,0.0
2023-11-15 11:30:00-05:00,5.309999942779541,5.340000152587891,5.289999961853027,5.340000152587891,8100,0.0,0.0
2023-11-15 12:30:00-05:00,5.329999923706055,5.34499979019165,5.309999942779541,5.329999923706055,13580,0.0,0.0
2023-11-15 13:30:00-05:00,5.329999923706055,5.329999923706055,5.320000171661377,5.320000171661377,3422,0.0,0.0
2023-11-15 14:30:00-05:00,5.320000171661377,5.320000171661377,5.289999961853027,5.309999942779541,7151,0.0,0.0
2023-11-15 15:30:00-05:00,5.309999942779541,5.339000225067139,5.289999961853027,5.320000171661377,24166,0.0,0.0
2023-11-16 09:30:00-05:00,5.300000190734863,5.349999904632568,5.269999980926514,5.289999961853027,22559,0.0,0.0
2023-11-16 10:30:00-05:00,5.300000190734863,5.300000190734863,5.21999979019165,5.269999980926514,14271,0.0,0.0
2023-11-16 11:30:00-05:00,5.269999980926514,5.269999980926514,5.25,5.260000228881836,2384,0.0,0.0
2023-11-16 12:30:00-05:00,5.25,5.289999961853027,5.25,5.289999961853027,5967,0.0,0.0
2023-11-16 13:30:00-05:00,5.289999961853027,5.289999961853027,5.260000228881836,5.275000095367432,2976,0.0,0.0
2023-11-16 14:30:00-05:00,5.28000020980835,5.28000020980835,5.255000114440918,5.28000020980835,4987,0.0,0.0
2023-11-16 15:30:00-05:00,5.275000095367432,5.275000095367432,5.230000019073486,5.230000019073486,13870,0.0,0.0
2023-11-17 09:30:00-05:00,5.300000190734863,5.309999942779541,5.260000228881836,5.28000020980835,6821,0.0,0.0
2023-11-17 10:30:00-05:00,5.284999847412109,5.284999847412109,5.239999771118164,5.239999771118164,2185,0.0,0.0
2023-11-17 11:30:00-05:00,5.235599994659424,5.260000228881836,5.235599994659424,5.25,4995,0.0,0.0
2023-11-17 12:30:00-05:00,5.260000228881836,5.28000020980835,5.255000114440918,5.269999980926514,17075,0.0,0.0
2023-11-17 13:30:00-05:00,5.28000020980835,5.2972002029418945,5.260000228881836,5.2972002029418945,6822,0.0,0.0
2023-11-17 14:30:00-05:00,5.273799896240234,5.275000095367432,5.239999771118164,5.258999824523926,11628,0.0,0.0
2023-11-17 15:30:00-05:00,5.255000114440918,5.260000228881836,5.239999771118164,5.239999771118164,3216,0.0,0.0
2023-11-20 09:30:00-05:00,5.210000038146973,5.25,5.210000038146973,5.239999771118164,7972,0.0,0.0
2023-11-20 10:30:00-05:00,5.230100154876709,5.234899997711182,5.21999979019165,5.21999979019165,11786,0.0,0.0
2023-11-20 11:30:00-05:00,5.21999979019165,5.230000019073486,5.170000076293945,5.189000129699707,26058,0.0,0.0
2023-11-20 12:30:00-05:00,5.179999828338623,5.190000057220459,5.144999980926514,5.144999980926514,23009,0.0,0.0
2023-11-20 13:30:00-05:00,5.148499965667725,5.190000057220459,5.139999866485596,5.158999919891357,20636,0.0,0.0
2023-11-20 14:30:00-05:00,5.150000095367432,5.170000076293945,5.139999866485596,5.150000095367432,13437,0.0,0.0
2023-11-20 15:30:00-05:00,5.144999980926514,5.159999847412109,5.139999866485596,5.159999847412109,19679,0.0,0.0
2023-11-21 09:30:00-05:00,5.150000095367432,5.179999828338623,5.139900207519531,5.139999866485596,12841,0.0,0.0
2023-11-21 10:30:00-05:00,5.139999866485596,5.144999980926514,5.130000114440918,5.135000228881836,6759,0.0,0.0
2023-11-21 11:30:00-05:00,5.130000114440918,5.156199932098389,5.130000114440918,5.130000114440918,10234,0.0,0.0
2023-11-21 12:30:00-05:00,5.135000228881836,5.170000076293945,5.130000114440918,5.144999980926514,12873,0.0,0.0
2023-11-21 13:30:00-05:00,5.144999980926514,5.159999847412109,5.130000114440918,5.159999847412109,17387,0.0,0.0
2023-11-21 14:30:00-05:00,5.159999847412109,5.170000076293945,5.150000095367432,5.159999847412109,8947,0.0,0.0
2023-11-21 15:30:00-05:00,5.159999847412109,5.170000076293945,5.159999847412109,5.159999847412109,11954,0.0,0.0
2023-11-22 09:30:00-05:00,5.179999828338623,5.199999809265137,5.130000114440918,5.150000095367432,14424,0.0,0.0
2023-11-22 10:30:00-05:00,5.150000095367432,5.190000057220459,5.150000095367432,5.175000190734863,11550,0.0,0.0
2023-11-22 11:30:00-05:00,5.170000076293945,5.179999828338623,5.150000095367432,5.150000095367432,8224,0.0,0.0
2023-11-22 12:30:00-05:00,5.170000076293945,5.179999828338623,5.159999847412109,5.175000190734863,4665,0.0,0.0
2023-11-22 13:30:00-05:00,5.175000190734863,5.179999828338623,5.150000095367432,5.150000095367432,4340,0.0,0.0
2023-11-22 14:30:00-05:00,5.159999847412109,5.170000076293945,5.14300012588501,5.150000095367432,27621,0.0,0.0
2023-11-22 15:30:00-05:00,5.170000076293945,5.179999828338623,5.150000095367432,5.159999847412109,17010,0.0,0.0
2023-11-24 09:30:00-05:00,5.190000057220459,5.190000057220459,5.150000095367432,5.150000095367432,9486,0.0,0.0
2023-11-24 10:30:00-05:00,5.150000095367432,5.1504998207092285,5.119999885559082,5.130000114440918,9746,0.0,0.0
2023-11-24 11:30:00-05:00,5.119999885559082,5.150000095367432,5.119999885559082,5.139999866485596,4787,0.0,0.0
2023-11-27 09:30:00-05:00,5.159999847412109,5.159999847412109,5.123300075531006,5.150000095367432,13978,0.0,0.0
2023-11-27 10:30:00-05:00,5.150000095367432,5.150000095367432,5.130000114440918,5.139999866485596,8581,0.0,0.0
2023-11-27 11:30:00-05:00,5.119999885559082,5.139999866485596,5.110000133514404,5.114999771118164,8163,0.0,0.0
2023-11-27 12:30:00-05:00,5.119999885559082,5.119999885559082,5.099999904632568,5.119999885559082,3710,0.0,0.0
2023-11-27 13:30:00-05:00,5.110000133514404,5.119999885559082,5.110000133514404,5.114999771118164,9524,0.0,0.0
2023-11-27 14:30:00-05:00,5.114999771118164,5.139999866485596,5.110000133514404,5.125,21081,0.0,0.0
2023-11-27 15:30:00-05:00,5.125,5.130000114440918,5.110000133514404,5.119999885559082,15302,0.0,0.0
2023-11-28 09:30:00-05:00,5.130000114440918,5.130000114440918,5.090000152587891,5.110000133514404,7661,0.0,0.0
2023-11-28 10:30:00-05:00,5.119999885559082,5.135000228881836,5.090000152587891,5.130000114440918,12278,0.0,0.0
2023-11-28 11:30:00-05:00,5.130000114440918,5.1493000984191895,5.130000114440918,5.144999980926514,12081,0.0,0.0
2023-11-28 12:30:00-05:00,5.144999980926514,5.150000095367432,5.139999866485596,5.142499923706055,8575,0.0,0.0
2023-11-28 13:30:00-05:00,5.150100231170654,5.190000057220459,5.139999866485596,5.179999828338623,120438,0.0,0.0
2023-11-28 14:30:00-05:00,5.179999828338623,5.199999809265137,5.179999828338623,5.190100193023682,32686,0.0,0.0
2023-11-28 15:30:00-05:00,5.195000171661377,5.199999809265137,5.190000057220459,5.199999809265137,28450,0.0,0.0
2023-11-29 09:30:00-05:00,5.150000095367432,5.335000038146973,5.150000095367432,5.320000171661377,20976,0.0,0.0
2023-11-29 10:30:00-05:00,5.324999809265137,5.324999809265137,5.260000228881836,5.271500110626221,22799,0.0,0.0
2023-11-29 11:30:00-05:00,5.284999847412109,5.320000171661377,5.28000020980835,5.289999961853027,14968,0.0,0.0
2023-11-29 12:30:00-05:00,5.300000190734863,5.329899787902832,5.28000020980835,5.289999961853027,23254,0.0,0.0
2023-11-29 13:30:00-05:00,5.300000190734863,5.329999923706055,5.289999961853027,5.329999923706055,36639,0.0,0.0
2023-11-29 14:30:00-05:00,5.320000171661377,5.340000152587891,5.320000171661377,5.335000038146973,15120,0.0,0.0
2023-11-29 15:30:00-05:00,5.329999923706055,5.340000152587891,5.320000171661377,5.335000038146973,21371,0.0,0.0
2023-11-30 09:30:00-05:00,5.320000171661377,5.320000171661377,5.269999980926514,5.288000106811523,14186,0.0,0.0
2023-11-30 10:30:00-05:00,5.260000228881836,5.289999961853027,5.252999782562256,5.252999782562256,23228,0.0,0.0
2023-11-30 11:30:00-05:00,5.25,5.28000020980835,5.230000019073486,5.25,15764,0.0,0.0
2023-11-30 12:30:00-05:00,5.239999771118164,5.260000228881836,5.230000019073486,5.255000114440918,3016,0.0,0.0
2023-11-30 13:30:00-05:00,5.260000228881836,5.269999980926514,5.230000019073486,5.230000019073486,10769,0.0,0.0
2023-11-30 14:30:00-05:00,5.230000019073486,5.269999980926514,5.230000019073486,5.230000019073486,4807,0.0,0.0
2023-11-30 15:30:00-05:00,5.244999885559082,5.247399806976318,5.199999809265137,5.199999809265137,14026,0.0,0.0
2023-12-01 09:30:00-05:00,5.195000171661377,5.25,5.195000171661377,5.25,21693,0.0,0.0
2023-12-01 10:30:00-05:00,5.230000019073486,5.340000152587891,5.230000019073486,5.335000038146973,23246,0.0,0.0
2023-12-01 11:30:00-05:00,5.335000038146973,5.369999885559082,5.320000171661377,5.359499931335449,23186,0.0,0.0
2023-12-01 12:30:00-05:00,5.369999885559082,5.429999828338623,5.364999771118164,5.429999828338623,37242,0.0,0.0
2023-12-01 13:30:00-05:00,5.420000076293945,5.440000057220459,5.409999847412109,5.429999828338623,21492,0.0,0.0
2023-12-01 14:30:00-05:00,5.429999828338623,5.440000057220459,5.410999774932861,5.429999828338623,11300,0.0,0.0
2023-12-01 15:30:00-05:00,5.429999828338623,5.440000057220459,5.420000076293945,5.429999828338623,11126,0.0,0.0
2023-12-04 09:30:00-05:00,5.440000057220459,5.460000038146973,5.409999847412109,5.440000057220459,17561,0.0,0.0
2023-12-04 10:30:00-05:00,5.440000057220459,5.449999809265137,5.420000076293945,5.420000076293945,17661,0.0,0.0
2023-12-04 11:30:00-05:00,5.420000076293945,5.449999809265137,5.420000076293945,5.440000057220459,10969,0.0,0.0
2023-12-04 12:30:00-05:00,5.442599773406982,5.46999979019165,5.420000076293945,5.449999809265137,7658,0.0,0.0
2023-12-04 13:30:00-05:00,5.449999809265137,5.455999851226807,5.440000057220459,5.440100193023682,6603,0.0,0.0
2023-12-04 14:30:00-05:00,5.449999809265137,5.449999809265137,5.440000057220459,5.449999809265137,10631,0.0,0.0
2023-12-04 15:30:00-05:00,5.449999809265137,5.480000019073486,5.429999828338623,5.480000019073486,28702,0.0,0.0
2023-12-05 09:30:00-05:00,5.460000038146973,5.46999979019165,5.409999847412109,5.460000038146973,8651,0.0,0.0
2023-12-05 10:30:00-05:00,5.46999979019165,5.46999979019165,5.449999809265137,5.46999979019165,7960,0.0,0.0
2023-12-05 11:30:00-05:00,5.46999979019165,5.530099868774414,5.46999979019165,5.519999980926514,41288,0.0,0.0
2023-12-05 12:30:00-05:00,5.510000228881836,5.519999980926514,5.489999771118164,5.5,7322,0.0,0.0
2023-12-05 13:30:00-05:00,5.510000228881836,5.559999942779541,5.501399993896484,5.550099849700928,32007,0.0,0.0
2023-12-05 14:30:00-05:00,5.550000190734863,5.579999923706055,5.539999961853027,5.565000057220459,32362,0.0,0.0
2023-12-05 15:30:00-05:00,5.565000057220459,5.590000152587891,5.559999942779541,5.579999923706055,19154,0.0,0.0
2023-12-06 09:30:00-05:00,5.599999904632568,5.690000057220459,5.579999923706055,5.590000152587891,30143,0.0,0.0
2023-12-06 10:30:00-05:00,5.59499979019165,5.659999847412109,5.550000190734863,5.650000095367432,46788,0.0,0.0
2023-12-06 11:30:00-05:00,5.650000095367432,5.65500020980835,5.559999942779541,5.573500156402588,22376,0.0,0.0
2023-12-06 12:30:00-05:00,5.570000171661377,5.619999885559082,5.550000190734863,5.550000190734863,43696,0.0,0.0
2023-12-06 13:30:00-05:00,5.550000190734863,5.559999942779541,5.510000228881836,5.550000190734863,24180,0.0,0.0
2023-12-06 14:30:00-05:00,5.550000190734863,5.559999942779541,5.54010009765625,5.550000190734863,7503,0.0,0.0
2023-12-06 15:30:00-05:00,5.550000190734863,5.559999942779541,5.510000228881836,5.539999961853027,25434,0.0,0.0
2023-12-07 09:30:00-05:00,5.570000171661377,5.599999904632568,5.5,5.583199977874756,11961,0.0,0.0
2023-12-07 10:30:00-05:00,5.590000152587891,5.599999904632568,5.5,5.565000057220459,32324,0.0,0.0
2023-12-07 11:30:00-05:00,5.570000171661377,5.619999885559082,5.550000190734863,5.619999885559082,26746,0.0,0.0
2023-12-07 12:30:00-05:00,5.610000133514404,5.630000114440918,5.610000133514404,5.630000114440918,17164,0.0,0.0
2023-12-07 13:30:00-05:00,5.630000114440918,5.639999866485596,5.619999885559082,5.639999866485596,12013,0.0,0.0
2023-12-07 14:30:00-05:00,5.619999885559082,5.679999828338623,5.619999885559082,5.670000076293945,39159,0.0,0.0
2023-12-07 15:30:00-05:00,5.670000076293945,5.730000019073486,5.670000076293945,5.71999979019165,29051,0.0,0.0
2023-12-08 09:30:00-05:00,5.699999809265137,5.699999809265137,5.6296000480651855,5.6296000480651855,22922,0.0,0.0
2023-12-08 10:30:00-05:00,5.625,5.639999866485596,5.590000152587891,5.639999866485596,29072,0.0,0.0
2023-12-08 11:30:00-05:00,5.6230998039245605,5.690000057220459,5.6230998039245605,5.659999847412109,16258,0.0,0.0
2023-12-08 12:30:00-05:00,5.650000095367432,5.690000057220459,5.639999866485596,5.679999828338623,11454,0.0,0.0
2023-12-08 13:30:00-05:00,5.679999828338623,5.71999979019165,5.670000076293945,5.690000057220459,9891,0.0,0.0
2023-12-08 14:30:00-05:00,5.679999828338623,5.75,5.679999828338623,5.735000133514404,119694,0.0,0.0
2023-12-08 15:30:00-05:00,5.735000133514404,5.769999980926514,5.730100154876709,5.760000228881836,47082,0.0,0.0
2023-12-11 09:30:00-05:00,5.599999904632568,5.800000190734863,5.599999904632568,5.800000190734863,135784,0.0,0.0
2023-12-11 10:30:00-05:00,5.800000190734863,5.909999847412109,5.800000190734863,5.860099792480469,48119,0.0,0.0
2023-12-11 11:30:00-05:00,5.880000114440918,5.980000019073486,5.869999885559082,5.974999904632568,189692,0.0,0.0
2023-12-11 12:30:00-05:00,5.980000019073486,6.005000114440918,5.973999977111816,6.0,99672,0.0,0.0
2023-12-11 13:30:00-05:00,6.0,6.0,5.980000019073486,5.989999771118164,12679,0.0,0.0
2023-12-11 14:30:00-05:00,6.0,6.0,5.940000057220459,5.960000038146973,52164,0.0,0.0
2023-12-11 15:30:00-05:00,5.945000171661377,5.974999904632568,5.940000057220459,5.965000152587891,30588,0.0,0.0
2023-12-12 09:30:00-05:00,5.900000095367432,5.945000171661377,5.869999885559082,5.929999828338623,33697,0.0,0.0
2023-12-12 10:30:00-05:00,5.929999828338623,5.929999828338623,5.885000228881836,5.889999866485596,40459,0.0,0.0
2023-12-12 11:30:00-05:00,5.894999980926514,5.909999847412109,5.889999866485596,5.900000095367432,33464,0.0,0.0
2023-12-12 12:30:00-05:00,5.909999847412109,5.925000190734863,5.889999866485596,5.920000076293945,14120,0.0,0.0
2023-12-12 13:30:00-05:00,5.920000076293945,5.920000076293945,5.888800144195557,5.894999980926514,44106,0.0,0.0
2023-12-12 14:30:00-05:00,5.894999980926514,5.900000095367432,5.849999904632568,5.869999885559082,45751,0.0,0.0
2023-12-12 15:30:00-05:00,5.875,5.880000114440918,5.860000133514404,5.869999885559082,35519,0.0,0.0
2023-12-13 09:30:00-05:00,5.860000133514404,5.900000095367432,5.820000171661377,5.820000171661377,57394,0.0,0.0
2023-12-13 10:30:00-05:00,5.829999923706055,5.860000133514404,5.800000190734863,5.860000133514404,34805,0.0,0.0
2023-12-13 11:30:00-05:00,5.840000152587891,5.869999885559082,5.840000152587891,5.869999885559082,16211,0.0,0.0
2023-12-13 12:30:00-05:00,5.850100040435791,5.860000133514404,5.820000171661377,5.829999923706055,16542,0.0,0.0
2023-12-13 13:30:00-05:00,5.829999923706055,6.0,5.829999923706055,6.0,67983,0.0,0.0
2023-12-13 14:30:00-05:00,6.002500057220459,6.070000171661377,5.989999771118164,6.050000190734863,125136,0.0,0.0
2023-12-13 15:30:00-05:00,6.054999828338623,6.079999923706055,6.050000190734863,6.059999942779541,85569,0.0,0.0
2023-12-14 09:30:00-05:00,6.119999885559082,6.199999809265137,6.099999904632568,6.099999904632568,85825,0.0,0.0
2023-12-14 10:30:00-05:00,6.099999904632568,6.139999866485596,6.099999904632568,6.139999866485596,73728,0.0,0.0
2023-12-14 11:30:00-05:00,6.130000114440918,6.150000095367432,6.110000133514404,6.119999885559082,19416,0.0,0.0
2023-12-14 12:30:00-05:00,6.125,6.1392998695373535,6.105000019073486,6.114999771118164,20986,0.0,0.0
2023-12-14 13:30:00-05:00,6.110000133514404,6.119999885559082,6.105000019073486,6.110000133514404,18141,0.0,0.0
2023-12-14 14:30:00-05:00,6.110000133514404,6.139999866485596,6.110000133514404,6.139999866485596,14717,0.0,0.0
2023-12-14 15:30:00-05:00,6.150000095367432,6.150000095367432,6.099999904632568,6.099999904632568,35526,0.0,0.0
2023-12-15 09:30:00-05:00,6.119999885559082,6.119999885559082,6.010000228881836,6.090000152587891,57362,0.0,0.0
2023-12-15 10:30:00-05:00,6.059999942779541,6.119999885559082,6.059999942779541,6.090000152587891,18966,0.0,0.0
2023-12-15 11:30:00-05:00,6.099999904632568,6.110000133514404,6.079999923706055,6.110000133514404,14033,0.0,0.0
2023-12-15 12:30:00-05:00,6.110000133514404,6.130000114440918,6.099999904632568,6.130000114440918,20888,0.0,0.0
2023-12-15 13:30:00-05:00,6.130000114440918,6.130000114440918,6.070000171661377,6.085000038146973,54171,0.0,0.0
2023-12-15 14:30:00-05:00,6.090000152587891,6.099999904632568,6.050000190734863,6.065000057220459,42722,0.0,0.0
2023-12-15 15:30:00-05:00,6.070000171661377,6.159999847412109,6.050000190734863,6.159999847412109,65047,0.0,0.0
2023-12-18 09:30:00-05:00,6.110000133514404,6.110000133514404,6.019999980926514,6.03000020980835,15199,0.0,0.0
2023-12-18 10:30:00-05:00,6.03000020980835,6.046599864959717,6.010000228881836,6.019999980926514,32160,0.0,0.0
2023-12-18 11:30:00-05:00,6.019999980926514,6.059999942779541,6.018099784851074,6.039000034332275,16771,0.0,0.0
2023-12-18 12:30:00-05:00,6.039999961853027,6.050000190734863,6.03000020980835,6.03000020980835,10850,0.0,0.0
2023-12-18 13:30:00-05:00,6.034999847412109,6.059999942779541,6.019999980926514,6.03000020980835,21375,0.0,0.0
2023-12-18 14:30:00-05:00,6.039999961853027,6.050000190734863,6.019999980926514,6.039999961853027,38724,0.0,0.0
2023-12-18 15:30:00-05:00,6.034999847412109,6.039999961853027,6.019999980926514,6.03000020980835,28464,0.0,0.0
2023-12-19 09:30:00-05:00,6.019999980926514,6.170000076293945,6.019999980926514,6.170000076293945,25128,0.0,0.0
2023-12-19 10:30:00-05:00,6.179999828338623,6.241499900817871,6.139999866485596,6.21999979019165,39142,0.0,0.0
2023-12-19 11:30:00-05:00,6.210000038146973,6.25,6.199999809265137,6.244999885559082,75235,0.0,0.0
2023-12-19 12:30:00-05:00,6.25,6.25,6.21999979019165,6.235000133514404,89975,0.0,0.0
2023-12-19 13:30:00-05:00,6.235000133514404,6.239999771118164,6.199999809265137,6.21999979019165,14858,0.0,0.0
2023-12-19 14:30:00-05:00,6.215000152587891,6.21999979019165,6.190000057220459,6.199999809265137,30410,0.0,0.0
2023-12-19 15:30:00-05:00,6.204999923706055,6.210000038146973,6.170000076293945,6.184999942779541,36833,0.0,0.0
2023-12-20 09:30:00-05:00,6.079999923706055,6.260000228881836,6.059999942779541,6.239999771118164,102225,0.0,0.0
2023-12-20 10:30:00-05:00,6.244999885559082,6.269999980926514,6.235000133514404,6.25,68607,0.0,0.0
2023-12-20 11:30:00-05:00,6.25,6.289999961853027,6.244999885559082,6.275000095367432,54050,0.0,0.0
2023-12-20 12:30:00-05:00,6.271999835968018,6.28000020980835,6.239999771118164,6.260000228881836,43213,0.0,0.0
2023-12-20 13:30:00-05:00,6.25,6.284999847412109,6.239999771118164,6.25,27045,0.0,0.0
2023-12-20 14:30:00-05:00,6.25,6.25,6.15500020980835,6.190000057220459,44195,0.0,0.0
2023-12-20 15:30:00-05:00,6.190000057220459,6.204999923706055,6.170000076293945,6.175000190734863,46015,0.0,0.0
2023-12-21 09:30:00-05:00,6.190000057220459,6.25,6.170000076293945,6.210000038146973,27683,0.0,0.0
2023-12-21 10:30:00-05:00,6.210000038146973,6.21999979019165,6.190000057220459,6.199999809265137,12666,0.0,0.0
2023-12-21 11:30:00-05:00,6.199999809265137,6.21999979019165,6.170000076293945,6.199999809265137,15941,0.0,0.0
2023-12-21 12:30:00-05:00,6.199999809265137,6.210000038146973,6.191699981689453,6.204999923706055,11953,0.0,0.0
2023-12-21 13:30:00-05:00,6.210000038146973,6.21999979019165,6.184999942779541,6.210000038146973,12461,0.0,0.0
2023-12-21 14:30:00-05:00,6.218500137329102,6.21999979019165,6.203999996185303,6.215000152587891,23052,0.0,0.0
2023-12-21 15:30:00-05:00,6.215000152587891,6.289999961853027,6.210899829864502,6.289000034332275,21871,0.0,0.0
2023-12-22 09:30:00-05:00,6.260000228881836,6.400000095367432,6.260000228881836,6.385000228881836,67047,0.0,0.0
2023-12-22 10:30:00-05:00,6.400000095367432,6.400000095367432,6.340000152587891,6.355000019073486,35412,0.0,0.0
2023-12-22 11:30:00-05:00,6.360000133514404,6.400000095367432,6.355000019073486,6.389999866485596,15161,0.0,0.0
2023-12-22 12:30:00-05:00,6.394999980926514,6.400000095367432,6.380000114440918,6.396900177001953,31126,0.0,0.0
2023-12-22 13:30:00-05:00,6.394999980926514,6.400000095367432,6.360000133514404,6.360000133514404,28217,0.0,0.0
2023-12-22 14:30:00-05:00,6.360000133514404,6.380000114440918,6.355000019073486,6.375,22029,0.0,0.0
2023-12-22 15:30:00-05:00,6.380000114440918,6.389999866485596,6.369999885559082,6.380000114440918,13251,0.0,0.0
2023-12-26 09:30:00-05:00,6.300000190734863,6.40500020980835,6.269999980926514,6.394999980926514,29141,0.0,0.0
2023-12-26 10:30:00-05:00,6.394999980926514,6.420000076293945,6.369999885559082,6.380000114440918,16016,0.0,0.0
2023-12-26 11:30:00-05:00,6.380000114440918,6.400000095367432,6.380000114440918,6.400000095367432,6397,0.0,0.0
2023-12-26 12:30:00-05:00,6.394999980926514,6.449999809265137,6.349999904632568,6.449999809265137,36755,0.0,0.0
2023-12-26 13:30:00-05:00,6.440000057220459,6.440000057220459,6.409999847412109,6.434999942779541,23369,0.0,0.0
2023-12-26 14:30:00-05:00,6.440000057220459,6.449999809265137,6.434999942779541,6.445000171661377,16165,0.0,0.0
2023-12-26 15:30:00-05:00,6.445000171661377,6.449999809265137,6.429999828338623,6.440000057220459,23843,0.0,0.0
2023-12-27 09:30:00-05:00,6.420000076293945,6.449999809265137,6.3649001121521,6.429999828338623,21562,0.0,0.0
2023-12-27 10:30:00-05:00,6.434999942779541,6.460000038146973,6.409999847412109,6.454999923706055,22903,0.0,0.0
2023-12-27 11:30:00-05:00,6.454999923706055,6.480000019073486,6.449999809265137,6.480000019073486,12447,0.0,0.0
2023-12-27 12:30:00-05:00,6.474999904632568,6.53000020980835,6.470600128173828,6.53000020980835,33247,0.0,0.0
2023-12-27 13:30:00-05:00,6.525000095367432,6.53000020980835,6.460000038146973,6.460000038146973,38083,0.0,0.0
2023-12-27 14:30:00-05:00,6.460000038146973,6.489999771118164,6.440000057220459,6.460000038146973,17196,0.0,0.0
2023-12-27 15:30:00-05:00,6.460000038146973,6.46999979019165,6.440000057220459,6.449999809265137,29881,0.0,0.0
2023-12-28 09:30:00-05:00,6.349999904632568,6.406599998474121,6.349999904632568,6.394999980926514,22607,0.0,0.0
2023-12-28 10:30:00-05:00,6.394999980926514,6.394999980926514,6.344900131225586,6.360000133514404,10090,0.0,0.0
2023-12-28 11:30:00-05:00,6.369900226593018,6.414999961853027,6.369900226593018,6.414999961853027,13453,0.0,0.0
2023-12-28 12:30:00-05:00,6.410099983215332,6.425000190734863,6.360000133514404,6.369999885559082,13556,0.0,0.0
2023-12-28 13:30:00-05:00,6.370500087738037,6.429999828338623,6.370500087738037,6.409999847412109,32115,0.0,0.0
2023-12-28 14:30:00-05:00,6.409999847412109,6.414999961853027,6.369999885559082,6.414999961853027,31736,0.0,0.0
2023-12-28 15:30:00-05:00,6.420000076293945,6.440000057220459,6.400000095367432,6.409999847412109,15004,0.0,0.0
2023-12-29 09:30:00-05:00,6.380000114440918,6.400000095367432,6.289999961853027,6.309999942779541,40249,0.0,0.0
2023-12-29 10:30:00-05:00,6.329999923706055,6.329999923706055,6.244999885559082,6.252799987792969,50828,0.0,0.0
2023-12-29 11:30:00-05:00,6.25,6.28000020980835,6.25,6.269999980926514,25553,0.0,0.0
2023-12-29 12:30:00-05:00,6.269999980926514,6.309999942779541,6.269999980926514,6.289999961853027,14238,0.0,0.0
2023-12-29 13:30:00-05:00,6.289999961853027,6.300000190734863,6.230100154876709,6.260000228881836,57018,0.0,0.0
2023-12-29 14:30:00-05:00,6.259900093078613,6.329999923706055,6.25,6.320000171661377,22220,0.0,0.0
2023-12-29 15:30:00-05:00,6.309999942779541,6.360000133514404,6.300099849700928,6.360000133514404,44622,0.0,0.0
2024-01-02 09:30:00-05:00,6.28000020980835,6.300000190734863,6.21999979019165,6.21999979019165,42080,0.0,0.0
2024-01-02 10:30:00-05:00,6.229400157928467,6.239999771118164,6.170100212097168,6.235000133514404,41555,0.0,0.0
2024-01-02 11:30:00-05:00,6.239999771118164,6.28000020980835,6.239999771118164,6.255000114440918,16268,0.0,0.0
2024-01-02 12:30:00-05:00,6.25,6.269999980926514,6.224999904632568,6.269999980926514,13045,0.0,0.0
2024-01-02 13:30:00-05:00,6.260000228881836,6.269999980926514,6.199999809265137,6.204999923706055,27831,0.0,0.0
2024-01-02 14:30:00-05:00,6.204999923706055,6.210000038146973,6.179999828338623,6.190000057220459,11710,0.0,0.0
2024-01-02 15:30:00-05:00,6.199999809265137,6.210000038146973,6.179999828338623,6.179999828338623,20094,0.0,0.0
2024-01-03 09:30:00-05:00,6.099999904632568,6.12939977645874,6.019999980926514,6.110000133514404,36939,0.0,0.0
2024-01-03 10:30:00-05:00,6.119999885559082,6.139999866485596,6.0406999588012695,6.130000114440918,34992,0.0,0.0
2024-01-03 11:30:00-05:00,6.125,6.139999866485596,6.114999771118164,6.130000114440918,10380,0.0,0.0
2024-01-03 12:30:00-05:00,6.119999885559082,6.188000202178955,6.119999885559082,6.179999828338623,12854,0.0,0.0
2024-01-03 13:30:00-05:00,6.179999828338623,6.179999828338623,6.110000133514404,6.125,31199,0.0,0.0
2024-01-03 14:30:00-05:00,6.125,6.139999866485596,6.054999828338623,6.059999942779541,22467,0.0,0.0
2024-01-03 15:30:00-05:00,6.065000057220459,6.099999904632568,6.065000057220459,6.079999923706055,27300,0.0,0.0
2024-01-04 09:30:00-05:00,6.099999904632568,6.159999847412109,6.090000152587891,6.159999847412109,28118,0.0,0.0
2024-01-04 10:30:00-05:00,6.159999847412109,6.239999771118164,6.159999847412109,6.239999771118164,26179,0.0,0.0
2024-01-04 11:30:00-05:00,6.239999771118164,6.239999771118164,6.170000076293945,6.190000057220459,35039,0.0,0.0
2024-01-04 12:30:00-05:00,6.190000057220459,6.199999809265137,6.175000190734863,6.199999809265137,9379,0.0,0.0
2024-01-04 13:30:00-05:00,6.199999809265137,6.21999979019165,6.198999881744385,6.210000038146973,26238,0.0,0.0
2024-01-04 14:30:00-05:00,6.210000038146973,6.230000019073486,6.190000057220459,6.224999904632568,38137,0.0,0.0
2024-01-04 15:30:00-05:00,6.224999904632568,6.269999980926514,6.179999828338623,6.179999828338623,45628,0.0,0.0
2024-01-05 09:30:00-05:00,6.139999866485596,6.289999961853027,6.139999866485596,6.28000020980835,18716,0.0,0.0
2024-01-05 10:30:00-05:00,6.278900146484375,6.329999923706055,6.269999980926514,6.289899826049805,24488,0.0,0.0
2024-01-05 11:30:00-05:00,6.289999961853027,6.295000076293945,6.260000228881836,6.264999866485596,9501,0.0,0.0
2024-01-05 12:30:00-05:00,6.25,6.269999980926514,6.230000019073486,6.264999866485596,6677,0.0,0.0
2024-01-05 13:30:00-05:00,6.264999866485596,6.289999961853027,6.264999866485596,6.269999980926514,9362,0.0,0.0
2024-01-05 14:30:00-05:00,6.269999980926514,6.289999961853027,6.235000133514404,6.289999961853027,22398,0.0,0.0
2024-01-05 15:30:00-05:00,6.284999847412109,6.300000190734863,6.260000228881836,6.28000020980835,40267,0.0,0.0
2024-01-08 09:30:00-05:00,6.300000190734863,6.409999847412109,6.239999771118164,6.409999847412109,35479,0.0,0.0
2024-01-08 10:30:00-05:00,6.40500020980835,6.440000057220459,6.389400005340576,6.429999828338623,18418,0.0,0.0
2024-01-08 11:30:00-05:00,6.420100212097168,6.420100212097168,6.369999885559082,6.409999847412109,37899,0.0,0.0
2024-01-08 12:30:00-05:00,6.420000076293945,6.449999809265137,6.414999961853027,6.414999961853027,19788,0.0,0.0
2024-01-08 13:30:00-05:00,6.420000076293945,6.440000057220459,6.420000076293945,6.440000057220459,19793,0.0,0.0
2024-01-08 14:30:00-05:00,6.429999828338623,6.480000019073486,6.421000003814697,6.440000057220459,50913,0.0,0.0
2024-01-08 15:30:00-05:00,6.440000057220459,6.489999771118164,6.440000057220459,6.489999771118164,34440,0.0,0.0
2024-01-09 09:30:00-05:00,6.389999866485596,6.480000019073486,6.389999866485596,6.480000019073486,17280,0.0,0.0
2024-01-09 10:30:00-05:00,6.480000019073486,6.480000019073486,6.46999979019165,6.480000019073486,11958,0.0,0.0
2024-01-09 11:30:00-05:00,6.474999904632568,6.480000019073486,6.463600158691406,6.480000019073486,31805,0.0,0.0
2024-01-09 12:30:00-05:00,6.480000019073486,6.480000019073486,6.454999923706055,6.460000038146973,18370,0.0,0.0
2024-01-09 13:30:00-05:00,6.460000038146973,6.485000133514404,6.460000038146973,6.480000019073486,20373,0.0,0.0
2024-01-09 14:30:00-05:00,6.480000019073486,6.480000019073486,6.460100173950195,6.46999979019165,12323,0.0,0.0
2024-01-09 15:30:00-05:00,6.46999979019165,6.46999979019165,6.449999809265137,6.460000038146973,28790,0.0,0.0
2024-01-10 09:30:00-05:00,6.420000076293945,6.490099906921387,6.409999847412109,6.480000019073486,27609,0.0,0.0
2024-01-10 10:30:00-05:00,6.489999771118164,6.53000020980835,6.480000019073486,6.510000228881836,23397,0.0,0.0
2024-01-10 11:30:00-05:00,6.510000228881836,6.53000020980835,6.5019001960754395,6.510000228881836,11487,0.0,0.0
2024-01-10 12:30:00-05:00,6.510000228881836,6.559999942779541,6.510000228881836,6.550000190734863,149504,0.0,0.0
2024-01-10 13:30:00-05:00,6.550000190734863,6.565000057220459,6.539999961853027,6.557400226593018,44060,0.0,0.0
2024-01-10 14:30:00-05:00,6.550000190734863,6.554999828338623,6.489999771118164,6.494999885559082,42385,0.0,0.0
2024-01-10 15:30:00-05:00,6.5,6.525000095367432,6.5,6.519999980926514,24615,0.0,0.0
2024-01-11 09:30:00-05:00,6.460000038146973,6.460000038146973,6.329999923706055,6.389999866485596,37127,0.0,0.0
2024-01-11 10:30:00-05:00,6.40500020980835,6.40500020980835,6.360000133514404,6.380000114440918,24930,0.0,0.0
2024-01-11 11:30:00-05:00,6.369999885559082,6.409999847412109,6.364999771118164,6.40500020980835,14613,0.0,0.0
2024-01-11 12:30:00-05:00,6.40500020980835,6.46999979019165,6.400000095367432,6.445000171661377,12041,0.0,0.0
2024-01-11 13:30:00-05:00,6.440000057220459,6.440000057220459,6.389999866485596,6.429999828338623,20378,0.0,0.0
2024-01-11 14:30:00-05:00,6.429999828338623,6.434999942779541,6.40500020980835,6.40500020980835,20380,0.0,0.0
2024-01-11 15:30:00-05:00,6.40500020980835,6.429999828338623,6.40500020980835,6.409999847412109,29081,0.0,0.0
2024-01-12 09:30:00-05:00,6.449999809265137,6.599999904632568,6.449999809265137,6.550000190734863,51036,0.0,0.0
2024-01-12 10:30:00-05:00,6.559999942779541,6.570000171661377,6.480000019073486,6.520899772644043,29384,0.0,0.0
2024-01-12 11:30:00-05:00,6.529900074005127,6.534999847412109,6.489999771118164,6.510000228881836,14040,0.0,0.0
2024-01-12 12:30:00-05:00,6.510000228881836,6.517499923706055,6.480000019073486,6.510000228881836,18721,0.0,0.0
2024-01-12 13:30:00-05:00,6.514999866485596,6.519999980926514,6.5,6.505000114440918,11779,0.0,0.0
2024-01-12 14:30:00-05:00,6.510000228881836,6.510000228881836,6.46999979019165,6.485000133514404,22234,0.0,0.0
2024-01-12 15:30:00-05:00,6.489999771118164,6.53000020980835,6.489999771118164,6.510000228881836,27871,0.0,0.0
2024-01-16 09:30:00-05:00,6.429999828338623,6.449999809265137,6.360000133514404,6.409999847412109,14888,0.0,0.0
2024-01-16 10:30:00-05:00,6.409999847412109,6.409999847412109,6.360000133514404,6.360000133514404,15952,0.0,0.0
2024-01-16 11:30:00-05:00,6.369999885559082,6.380000114440918,6.340000152587891,6.340000152587891,15678,0.0,0.0
2024-01-16 12:30:00-05:00,6.329999923706055,6.329999923706055,6.28000020980835,6.309999942779541,31419,0.0,0.0
2024-01-16 13:30:00-05:00,6.309999942779541,6.309999942779541,6.270299911499023,6.295000076293945,12785,0.0,0.0
2024-01-16 14:30:00-05:00,6.289999961853027,6.335000038146973,6.289999961853027,6.335000038146973,17891,0.0,0.0
2024-01-16 15:30:00-05:00,6.329999923706055,6.335000038146973,6.320000171661377,6.320000171661377,10283,0.0,0.0
2024-01-17 09:30:00-05:00,6.25,6.409999847412109,6.222799777984619,6.409999847412109,20855,0.0,0.0
2024-01-17 10:30:00-05:00,6.409999847412109,6.409999847412109,6.339900016784668,6.340000152587891,13906,0.0,0.0
2024-01-17 11:30:00-05:00,6.320000171661377,6.324999809265137,6.289999961853027,6.320000171661377,14782,0.0,0.0
2024-01-17 12:30:00-05:00,6.329999923706055,6.329999923706055,6.28000020980835,6.284999847412109,15623,0.0,0.0
2024-01-17 13:30:00-05:00,6.269999980926514,6.329999923706055,6.25,6.329999923706055,19190,0.0,0.0
2024-01-17 14:30:00-05:00,6.329999923706055,6.329999923706055,6.300000190734863,6.320000171661377,12352,0.0,0.0
2024-01-17 15:30:00-05:00,6.320000171661377,6.369999885559082,6.320000171661377,6.369999885559082,25547,0.0,0.0
2024-01-18 09:30:00-05:00,6.409999847412109,6.420000076293945,6.360000133514404,6.360000133514404,12426,0.0,0.0
2024-01-18 10:30:00-05:00,6.350299835205078,6.369999885559082,6.300000190734863,6.315000057220459,12978,0.0,0.0
2024-01-18 11:30:00-05:00,6.320000171661377,6.340000152587891,6.309999942779541,6.315000057220459,11964,0.0,0.0
2024-01-18 12:30:00-05:00,6.309999942779541,6.320000171661377,6.260000228881836,6.260000228881836,23943,0.0,0.0
2024-01-18 13:30:00-05:00,6.269999980926514,6.315000057220459,6.269999980926514,6.315000057220459,9062,0.0,0.0
2024-01-18 14:30:00-05:00,6.324999809265137,6.335000038146973,6.300000190734863,6.324999809265137,13654,0.0,0.0
2024-01-18 15:30:00-05:00,6.324999809265137,6.329999923706055,6.304999828338623,6.315000057220459,15380,0.0,0.0
2024-01-19 09:30:00-05:00,6.329999923706055,6.329999923706055,6.21999979019165,6.230000019073486,11153,0.0,0.0
2024-01-19 10:30:00-05:00,6.235000133514404,6.28000020980835,6.235000133514404,6.25,50768,0.0,0.0
2024-01-19 11:30:00-05:00,6.25,6.25,6.228799819946289,6.229899883270264,11058,0.0,0.0
2024-01-19 12:30:00-05:00,6.224999904632568,6.239999771118164,6.210000038146973,6.235000133514404,31258,0.0,0.0
2024-01-19 13:30:00-05:00,6.230000019073486,6.25,6.21999979019165,6.235000133514404,30734,0.0,0.0
2024-01-19 14:30:00-05:00,6.239999771118164,6.239999771118164,6.21999979019165,6.235000133514404,23717,0.0,0.0
2024-01-19 15:30:00-05:00,6.230000019073486,6.239999771118164,6.190000057220459,6.21999979019165,67663,0.0,0.0
2024-01-22 09:30:00-05:00,6.239999771118164,6.309999942779541,6.222099781036377,6.284999847412109,22780,0.0,0.0
2024-01-22 10:30:00-05:00,6.28000020980835,6.28000020980835,6.2322001457214355,6.2322001457214355,27251,0.0,0.0
2024-01-22 11:30:00-05:00,6.239999771118164,6.25,6.210000038146973,6.226399898529053,15220,0.0,0.0
2024-01-22 12:30:00-05:00,6.21999979019165,6.230000019073486,6.179999828338623,6.199999809265137,19346,0.0,0.0
2024-01-22 13:30:00-05:00,6.195000171661377,6.210000038146973,6.150000095367432,6.17110013961792,15343,0.0,0.0
2024-01-22 14:30:00-05:00,6.175000190734863,6.190000057220459,6.150000095367432,6.190000057220459,41499,0.0,0.0
2024-01-22 15:30:00-05:00,6.199999809265137,6.204999923706055,6.150000095367432,6.159999847412109,40538,0.0,0.0
2024-01-23 09:30:00-05:00,6.159999847412109,6.21999979019165,6.150000095367432,6.204999923706055,12281,0.0,0.0
2024-01-23 10:30:00-05:00,6.199999809265137,6.21999979019165,6.170000076293945,6.21999979019165,8613,0.0,0.0
2024-01-23 11:30:00-05:00,6.21999979019165,6.275000095367432,6.21999979019165,6.264999866485596,30666,0.0,0.0
2024-01-23 12:30:00-05:00,6.269999980926514,6.289999961853027,6.261300086975098,6.289999961853027,11231,0.0,0.0
2024-01-23 13:30:00-05:00,6.289999961853027,6.320000171661377,6.28000020980835,6.320000171661377,12649,0.0,0.0
2024-01-23 14:30:00-05:00,6.320000171661377,6.369999885559082,6.309999942779541,6.329999923706055,40528,0.0,0.0
2024-01-23 15:30:00-05:00,6.340000152587891,6.369999885559082,6.340000152587891,6.360000133514404,31070,0.0,0.0
2024-01-24 09:30:00-05:00,6.360000133514404,6.460000038146973,6.3520002365112305,6.3520002365112305,31648,0.0,0.0
2024-01-24 10:30:00-05:00,6.349999904632568,6.400000095367432,6.349999904632568,6.400000095367432,9411,0.0,0.0
2024-01-24 11:30:00-05:00,6.400000095367432,6.400000095367432,6.349999904632568,6.360000133514404,6926,0.0,0.0
2024-01-24 12:30:00-05:00,6.369999885559082,6.420000076293945,6.369999885559082,6.394999980926514,17128,0.0,0.0
2024-01-24 13:30:00-05:00,6.394999980926514,6.394999980926514,6.309999942779541,6.309999942779541,8569,0.0,0.0
2024-01-24 14:30:00-05:00,6.300000190734863,6.324999809265137,6.28000020980835,6.304999828338623,19778,0.0,0.0
2024-01-24 15:30:00-05:00,6.309999942779541,6.329999923706055,6.300000190734863,6.320000171661377,11331,0.0,0.0
2024-01-25 09:30:00-05:00,6.409999847412109,6.46999979019165,6.380000114440918,6.449999809265137,74305,0.0,0.0
2024-01-25 10:30:00-05:00,6.449999809265137,6.460000038146973,6.434999942779541,6.449999809265137,46863,0.0,0.0
2024-01-25 11:30:00-05:00,6.449999809265137,6.460000038146973,6.440000057220459,6.449999809265137,44783,0.0,0.0
2024-01-25 12:30:00-05:00,6.449999809265137,6.46999979019165,6.440000057220459,6.454999923706055,66714,0.0,0.0
2024-01-25 13:30:00-05:00,6.460000038146973,6.460000038146973,6.440000057220459,6.449999809265137,23649,0.0,0.0
2024-01-25 14:30:00-05:00,6.445000171661377,6.449999809265137,6.420000076293945,6.425000190734863,41254,0.0,0.0
2024-01-25 15:30:00-05:00,6.429999828338623,6.429999828338623,6.394999980926514,6.394999980926514,109370,0.0,0.0
2024-01-26 09:30:00-05:00,6.449999809265137,6.5,6.420000076293945,6.449999809265137,55659,0.0,0.0
2024-01-26 10:30:00-05:00,6.449999809265137,6.465000152587891,6.429999828338623,6.460000038146973,10954,0.0,0.0
2024-01-26 11:30:00-05:00,6.46999979019165,6.5,6.460000038146973,6.499199867248535,16082,0.0,0.0
2024-01-26 12:30:00-05:00,6.5,6.5,6.460000038146973,6.473800182342529,15465,0.0,0.0
2024-01-26 13:30:00-05:00,6.480000019073486,6.480000019073486,6.448200225830078,6.449999809265137,8569,0.0,0.0
2024-01-26 14:30:00-05:00,6.449999809265137,6.449999809265137,6.389999866485596,6.390100002288818,25024,0.0,0.0
2024-01-26 15:30:00-05:00,6.400000095367432,6.40500020980835,6.389999866485596,6.400000095367432,23993,0.0,0.0
2024-01-29 09:30:00-05:00,6.449999809265137,6.449999809265137,6.392000198364258,6.429999828338623,25323,0.0,0.0
2024-01-29 10:30:00-05:00,6.434500217437744,6.46999979019165,6.425000190734863,6.440000057220459,36639,0.0,0.0
2024-01-29 11:30:00-05:00,6.434999942779541,6.460000038146973,6.425000190734863,6.454999923706055,10714,0.0,0.0
2024-01-29 12:30:00-05:00,6.454999923706055,6.460000038146973,6.430099964141846,6.440000057220459,11351,0.0,0.0
2024-01-29 13:30:00-05:00,6.440000057220459,6.440000057220459,6.429999828338623,6.440000057220459,7594,0.0,0.0
2024-01-29 14:30:00-05:00,6.440000057220459,6.454999923706055,6.429999828338623,6.429999828338623,29945,0.0,0.0
2024-01-29 15:30:00-05:00,6.434999942779541,6.440000057220459,6.420000076293945,6.425000190734863,37412,0.0,0.0
2024-01-30 09:30:00-05:00,6.380000114440918,6.420000076293945,6.35099983215332,6.35099983215332,16420,0.0,0.0
2024-01-30 10:30:00-05:00,6.360000133514404,6.400000095367432,6.360000133514404,6.364999771118164,13965,0.0,0.0
2024-01-30 11:30:00-05:00,6.369999885559082,6.400000095367432,6.364999771118164,6.369900226593018,6807,0.0,0.0
2024-01-30 12:30:00-05:00,6.360000133514404,6.360000133514404,6.349999904632568,6.349999904632568,11975,0.0,0.0
2024-01-30 13:30:00-05:00,6.357500076293945,6.360000133514404,6.340000152587891,6.34689998626709,16316,0.0,0.0
2024-01-30 14:30:00-05:00,6.340000152587891,6.340000152587891,6.300000190734863,6.304999828338623,8688,0.0,0.0
2024-01-30 15:30:00-05:00,6.300000190734863,6.320000171661377,6.300000190734863,6.320000171661377,11245,0.0,0.0
2024-01-31 09:30:00-05:00,6.289999961853027,6.360000133514404,6.289999961853027,6.350200176239014,37707,0.0,0.0
2024-01-31 10:30:00-05:00,6.355000019073486,6.360000133514404,6.34499979019165,6.349999904632568,29350,0.0,0.0
2024-01-31 11:30:00-05:00,6.349999904632568,6.389999866485596,6.34499979019165,6.385000228881836,16325,0.0,0.0
2024-01-31 12:30:00-05:00,6.385000228881836,6.385000228881836,6.349999904632568,6.351900100708008,10624,0.0,0.0
2024-01-31 13:30:00-05:00,6.355000019073486,6.360000133514404,6.349999904632568,6.349999904632568,18063,0.0,0.0
2024-01-31 14:30:00-05:00,6.349999904632568,6.409999847412109,6.260000228881836,6.269999980926514,37019,0.0,0.0
2024-01-31 15:30:00-05:00,6.264999866485596,6.264999866485596,6.230000019073486,6.230000019073486,16111,0.0,0.0
2024-02-01 09:30:00-05:00,6.210000038146973,6.260000228881836,6.144999980926514,6.210000038146973,48012,0.0,0.0
2024-02-01 10:30:00-05:00,6.210000038146973,6.219900131225586,6.119999885559082,6.150000095367432,48296,0.0,0.0
2024-02-01 11:30:00-05:00,6.159999847412109,6.25,6.159999847412109,6.239999771118164,10895,0.0,0.0
2024-02-01 12:30:00-05:00,6.244999885559082,6.295000076293945,6.239999771118164,6.275000095367432,13759,0.0,0.0
2024-02-01 13:30:00-05:00,6.289999961853027,6.289999961853027,6.269999980926514,6.284999847412109,6321,0.0,0.0
2024-02-01 14:30:00-05:00,6.28000020980835,6.309999942779541,6.25,6.304999828338623,10440,0.0,0.0
2024-02-01 15:30:00-05:00,6.304999828338623,6.309999942779541,6.28000020980835,6.300000190734863,12898,0.0,0.0
2024-02-02 09:30:00-05:00,6.199999809265137,6.269999980926514,6.130000114440918,6.215000152587891,19761,0.0,0.0
2024-02-02 10:30:00-05:00,6.199699878692627,6.260000228881836,6.18179988861084,6.210000038146973,12064,0.0,0.0
2024-02-02 11:30:00-05:00,6.215000152587891,6.230000019073486,6.195000171661377,6.210000038146973,6739,0.0,0.0
2024-02-02 12:30:00-05:00,6.210000038146973,6.230000019073486,6.170000076293945,6.200799942016602,13163,0.0,0.0
2024-02-02 13:30:00-05:00,6.204999923706055,6.235000133514404,6.200099945068359,6.224999904632568,5906,0.0,0.0
2024-02-02 14:30:00-05:00,6.230000019073486,6.244999885559082,6.210000038146973,6.244999885559082,13682,0.0,0.0
2024-02-02 15:30:00-05:00,6.244999885559082,6.24970006942749,6.199999809265137,6.210000038146973,6501,0.0,0.0
2024-02-05 09:30:00-05:00,6.130000114440918,6.130000114440918,5.96999979019165,5.980000019073486,29669,0.0,0.0
2024-02-05 10:30:00-05:00,5.980000019073486,6.025000095367432,5.970099925994873,6.001500129699707,12487,0.0,0.0
2024-02-05 11:30:00-05:00,6.001500129699707,6.03000020980835,5.990099906921387,6.025000095367432,34481,0.0,0.0
2024-02-05 12:30:00-05:00,6.025000095367432,6.039999961853027,6.014999866485596,6.025000095367432,9107,0.0,0.0
2024-02-05 13:30:00-05:00,6.025000095367432,6.090000152587891,6.025000095367432,6.085000038146973,13914,0.0,0.0
2024-02-05 14:30:00-05:00,6.085000038146973,6.105000019073486,6.059999942779541,6.085000038146973,16884,0.0,0.0
2024-02-05 15:30:00-05:00,6.090000152587891,6.110000133514404,6.079999923706055,6.090000152587891,25273,0.0,0.0
2024-02-06 09:30:00-05:00,6.099999904632568,6.125,6.070000171661377,6.119999885559082,39501,0.0,0.0
2024-02-06 10:30:00-05:00,6.119999885559082,6.119999885559082,6.050000190734863,6.079999923706055,11716,0.0,0.0
2024-02-06 11:30:00-05:00,6.070000171661377,6.079999923706055,6.059999942779541,6.079999923706055,11723,0.0,0.0
2024-02-06 12:30:00-05:00,6.090000152587891,6.099999904632568,6.070000171661377,6.09499979019165,9212,0.0,0.0
2024-02-06 13:30:00-05:00,6.106100082397461,6.110000133514404,6.039999961853027,6.050000190734863,11097,0.0,0.0
2024-02-06 14:30:00-05:00,6.054999828338623,6.059999942779541,6.034999847412109,6.054999828338623,22674,0.0,0.0
2024-02-06 15:30:00-05:00,6.054999828338623,6.099999904632568,6.050000190734863,6.099999904632568,17540,0.0,0.0
2024-02-07 09:30:00-05:00,6.079999923706055,6.079999923706055,5.900000095367432,5.929999828338623,51391,0.0,0.0
2024-02-07 10:30:00-05:00,5.940000057220459,5.949999809265137,5.909999847412109,5.945000171661377,55525,0.0,0.0
2024-02-07 11:30:00-05:00,5.949999809265137,5.949999809265137,5.909999847412109,5.934999942779541,72506,0.0,0.0
2024-02-07 12:30:00-05:00,5.940000057220459,5.974999904632568,5.934999942779541,5.974999904632568,15885,0.0,0.0
2024-02-07 13:30:00-05:00,5.980000019073486,6.019999980926514,5.980000019073486,6.0,18365,0.0,0.0
2024-02-07 14:30:00-05:00,6.005000114440918,6.010000228881836,5.994999885559082,6.0,36397,0.0,0.0
2024-02-07 15:30:00-05:00,6.0,6.010000228881836,5.994999885559082,6.0,49905,0.0,0.0
2024-02-08 09:30:00-05:00,5.960000038146973,6.019999980926514,5.920000076293945,6.019999980926514,49614,0.0,0.0
2024-02-08 10:30:00-05:00,6.014599800109863,6.014999866485596,6.0,6.010000228881836,16833,0.0,0.0
2024-02-08 11:30:00-05:00,6.0,6.03000020980835,5.989999771118164,6.03000020980835,71177,0.0,0.0
2024-02-08 12:30:00-05:00,6.020999908447266,6.045000076293945,6.0,6.03000020980835,5980,0.0,0.0
2024-02-08 13:30:00-05:00,6.034999847412109,6.070000171661377,6.034999847412109,6.070000171661377,10434,0.0,0.0
2024-02-08 14:30:00-05:00,6.070000171661377,6.070000171661377,6.034999847412109,6.050000190734863,7585,0.0,0.0
2024-02-08 15:30:00-05:00,6.054999828338623,6.059999942779541,6.034999847412109,6.039999961853027,12048,0.0,0.0
2024-02-09 09:30:00-05:00,6.03000020980835,6.100100040435791,6.019999980926514,6.039999961853027,29530,0.0,0.0
2024-02-09 10:30:00-05:00,6.014999866485596,6.059999942779541,6.0,6.049900054931641,36138,0.0,0.0
2024-02-09 11:30:00-05:00,6.05019998550415,6.055600166320801,6.019999980926514,6.025000095367432,19871,0.0,0.0
2024-02-09 12:30:00-05:00,6.03000020980835,6.090000152587891,6.025000095367432,6.074999809265137,30199,0.0,0.0
2024-02-09 13:30:00-05:00,6.079999923706055,6.120100021362305,6.079999923706055,6.114999771118164,18412,0.0,0.0
2024-02-09 14:30:00-05:00,6.114999771118164,6.130000114440918,6.079999923706055,6.125,37328,0.0,0.0
2024-02-09 15:30:00-05:00,6.123300075531006,6.130000114440918,6.110000133514404,6.119999885559082,22222,0.0,0.0
2024-02-12 09:30:00-05:00,6.079999923706055,6.199999809265137,6.079999923706055,6.119999885559082,37105,0.0,0.0
2024-02-12 10:30:00-05:00,6.119999885559082,6.149600028991699,6.110000133514404,6.119999885559082,17202,0.0,0.0
2024-02-12 11:30:00-05:00,6.129899978637695,6.139999866485596,6.110000133514404,6.130000114440918,15197,0.0,0.0
2024-02-12 12:30:00-05:00,6.139999866485596,6.170100212097168,6.130000114440918,6.159999847412109,19875,0.0,0.0
2024-02-12 13:30:00-05:00,6.159999847412109,6.199999809265137,6.159999847412109,6.195000171661377,24081,0.0,0.0
2024-02-12 14:30:00-05:00,6.195000171661377,6.195000171661377,6.170000076293945,6.179999828338623,9497,0.0,0.0
2024-02-12 15:30:00-05:00,6.170000076293945,6.195000171661377,6.159999847412109,6.159999847412109,16762,0.0,0.0
2024-02-13 09:30:00-05:00,5.949999809265137,6.019999980926514,5.929999828338623,6.0,50940,0.0,0.0
2024-02-13 10:30:00-05:00,6.0,6.031099796295166,6.0,6.025000095367432,11494,0.0,0.0
2024-02-13 11:30:00-05:00,6.025000095367432,6.025000095367432,6.005000114440918,6.010000228881836,31578,0.0,0.0
2024-02-13 12:30:00-05:00,6.014999866485596,6.03000020980835,6.010000228881836,6.010000228881836,15497,0.0,0.0
2024-02-13 13:30:00-05:00,6.010000228881836,6.014999866485596,5.980000019073486,6.000100135803223,28609,0.0,0.0
2024-02-13 14:30:00-05:00,6.005000114440918,6.0100998878479,5.914999961853027,5.920000076293945,20529,0.0,0.0
2024-02-13 15:30:00-05:00,5.925000190734863,5.940000057220459,5.920000076293945,5.940000057220459,11322,0.0,0.0
2024-02-14 09:30:00-05:00,5.940000057220459,6.051199913024902,5.940000057220459,6.039999961853027,48195,0.0,0.0
2024-02-14 10:30:00-05:00,6.034999847412109,6.034999847412109,5.989999771118164,6.010000228881836,11047,0.0,0.0
2024-02-14 11:30:00-05:00,6.005000114440918,6.014999866485596,5.980000019073486,6.010000228881836,9535,0.0,0.0
2024-02-14 12:30:00-05:00,6.005000114440918,6.02869987487793,6.0,6.025000095367432,16920,0.0,0.0
2024-02-14 13:30:00-05:00,6.03000020980835,6.039999961853027,6.025000095367432,6.039999961853027,22833,0.0,0.0
2024-02-14 14:30:00-05:00,6.045000076293945,6.065000057220459,6.045000076293945,6.065000057220459,20888,0.0,0.0
2024-02-14 15:30:00-05:00,6.065000057220459,6.079999923706055,6.050000190734863,6.050000190734863,14199,0.0,0.0
2024-02-15 09:30:00-05:00,6.090000152587891,6.21999979019165,6.059999942779541,6.190000057220459,46906,0.0,0.0
2024-02-15 10:30:00-05:00,6.179999828338623,6.179999828338623,6.079999923706055,6.135000228881836,19172,0.0,0.0
2024-02-15 11:30:00-05:00,6.135000228881836,6.144999980926514,6.110000133514404,6.110000133514404,19033,0.0,0.0
2024-02-15 12:30:00-05:00,6.114999771118164,6.144999980926514,6.09499979019165,6.130000114440918,20940,0.0,0.0
2024-02-15 13:30:00-05:00,6.130000114440918,6.130000114440918,6.090000152587891,6.090000152587891,22536,0.0,0.0
2024-02-15 14:30:00-05:00,6.09499979019165,6.170000076293945,6.09499979019165,6.159999847412109,30608,0.0,0.0
2024-02-15 15:30:00-05:00,6.159999847412109,6.170000076293945,6.125,6.130000114440918,40785,0.0,0.0
2024-02-16 09:30:00-05:00,6.039999961853027,6.190000057220459,6.039999961853027,6.139999866485596,36884,0.0,0.0
2024-02-16 10:30:00-05:00,6.139999866485596,6.170000076293945,6.130000114440918,6.145699977874756,29313,0.0,0.0
2024-02-16 11:30:00-05:00,6.159999847412109,6.179999828338623,6.135200023651123,6.150000095367432,18441,0.0,0.0
2024-02-16 12:30:00-05:00,6.144999980926514,6.144999980926514,6.119999885559082,6.130000114440918,11426,0.0,0.0
2024-02-16 13:30:00-05:00,6.129899978637695,6.135000228881836,6.110000133514404,6.135000228881836,6322,0.0,0.0
2024-02-16 14:30:00-05:00,6.130000114440918,6.135000228881836,6.079999923706055,6.099999904632568,25233,0.0,0.0
2024-02-16 15:30:00-05:00,6.090000152587891,6.099999904632568,6.050000190734863,6.050000190734863,33347,0.0,0.0
2024-02-20 09:30:00-05:00,6.0,6.045000076293945,5.949999809265137,6.014999866485596,64626,0.0,0.0
2024-02-20 10:30:00-05:00,6.010000228881836,6.019999980926514,5.96999979019165,5.974999904632568,31072,0.0,0.0
2024-02-20 11:30:00-05:00,5.974999904632568,5.974999904632568,5.909999847412109,5.920000076293945,42839,0.0,0.0
2024-02-20 12:30:00-05:00,5.914999961853027,5.929999828338623,5.885000228881836,5.894999980926514,27250,0.0,0.0
2024-02-20 13:30:00-05:00,5.894999980926514,5.920000076293945,5.864999771118164,5.920000076293945,32941,0.0,0.0
2024-02-20 14:30:00-05:00,5.909999847412109,5.939899921417236,5.909999847412109,5.925000190734863,22858,0.0,0.0
2024-02-20 15:30:00-05:00,5.925000190734863,5.929999828338623,5.90500020980835,5.909999847412109,54464,0.0,0.0
2024-02-21 09:30:00-05:00,5.900000095367432,5.960000038146973,5.860000133514404,5.925000190734863,25670,0.0,0.0
2024-02-21 10:30:00-05:00,5.925000190734863,5.960000038146973,5.914999961853027,5.949999809265137,15092,0.0,0.0
2024-02-21 11:30:00-05:00,5.940000057220459,5.945000171661377,5.879700183868408,5.894999980926514,74119,0.0,0.0
2024-02-21 12:30:00-05:00,5.894999980926514,5.934999942779541,5.889999866485596,5.894999980926514,63837,0.0,0.0
2024-02-21 13:30:00-05:00,5.900000095367432,5.900000095367432,5.880099773406982,5.900000095367432,24872,0.0,0.0
2024-02-21 14:30:00-05:00,5.900000095367432,5.909999847412109,5.880000114440918,5.889999866485596,28919,0.0,0.0
2024-02-21 15:30:00-05:00,5.894999980926514,5.960000038146973,5.889999866485596,5.949999809265137,42975,0.0,0.0
2024-02-22 09:30:00-05:00,6.03000020980835,6.039999961853027,5.760000228881836,5.769999980926514,112864,0.0,0.0
2024-02-22 10:30:00-05:00,5.769899845123291,5.810500144958496,5.670000076293945,5.704999923706055,43655,0.0,0.0
2024-02-22 11:30:00-05:00,5.710000038146973,5.710000038146973,5.659999847412109,5.664999961853027,26766,0.0,0.0
2024-02-22 12:30:00-05:00,5.679999828338623,5.679999828338623,5.619999885559082,5.639999866485596,71441,0.0,0.0
2024-02-22 13:30:00-05:00,5.639999866485596,5.799799919128418,5.639999866485596,5.789999961853027,105188,0.0,0.0
2024-02-22 14:30:00-05:00,5.78000020980835,5.84499979019165,5.760000228881836,5.824999809265137,105971,0.0,0.0
2024-02-22 15:30:00-05:00,5.824999809265137,5.860000133514404,5.824999809265137,5.84499979019165,49520,0.0,0.0
2024-02-23 09:30:00-05:00,5.800000190734863,6.0,5.800000190734863,5.974999904632568,51365,0.0,0.0
2024-02-23 10:30:00-05:00,5.96999979019165,6.159999847412109,5.960000038146973,6.159999847412109,91738,0.0,0.0
2024-02-23 11:30:00-05:00,6.1554999351501465,6.215000152587891,6.135000228881836,6.210000038146973,65085,0.0,0.0
2024-02-23 12:30:00-05:00,6.200699806213379,6.25,6.199999809265137,6.204999923706055,48657,0.0,0.0
2024-02-23 13:30:00-05:00,6.204999923706055,6.215000152587891,6.170000076293945,6.170000076293945,41052,0.0,0.0
2024-02-23 14:30:00-05:00,6.190000057220459,6.215000152587891,6.170000076293945,6.179999828338623,61190,0.0,0.0
2024-02-23 15:30:00-05:00,6.190000057220459,6.230000019073486,6.179999828338623,6.230000019073486,71162,0.0,0.0
2024-02-26 09:30:00-05:00,6.289999961853027,6.389999866485596,6.195899963378906,6.220200061798096,114605,0.0,0.0
2024-02-26 10:30:00-05:00,6.229899883270264,6.300000190734863,6.229899883270264,6.249899864196777,53772,0.0,0.0
2024-02-26 11:30:00-05:00,6.241000175476074,6.2469000816345215,6.150000095367432,6.184999942779541,25644,0.0,0.0
2024-02-26 12:30:00-05:00,6.179999828338623,6.190000057220459,6.099999904632568,6.110000133514404,43811,0.0,0.0
2024-02-26 13:30:00-05:00,6.110000133514404,6.239999771118164,6.110000133514404,6.235000133514404,75536,0.0,0.0
2024-02-26 14:30:00-05:00,6.2399001121521,6.28000020980835,6.179999828338623,6.195000171661377,56766,0.0,0.0
2024-02-26 15:30:00-05:00,6.199999809265137,6.210000038146973,6.164999961853027,6.210000038146973,39841,0.0,0.0
2024-02-27 09:30:00-05:00,6.349999904632568,6.349999904632568,6.139999866485596,6.139999866485596,90682,0.0,0.0
2024-02-27 10:30:00-05:00,6.144999980926514,6.220099925994873,6.144999980926514,6.190000057220459,53608,0.0,0.0
2024-02-27 11:30:00-05:00,6.175000190734863,6.179999828338623,6.15500020980835,6.164999961853027,18258,0.0,0.0
2024-02-27 12:30:00-05:00,6.159999847412109,6.170000076293945,6.099999904632568,6.119999885559082,25597,0.0,0.0
2024-02-27 13:30:00-05:00,6.127200126647949,6.139999866485596,6.105000019073486,6.125,19856,0.0,0.0
2024-02-27 14:30:00-05:00,6.130000114440918,6.159999847412109,6.119999885559082,6.144999980926514,39873,0.0,0.0
2024-02-27 15:30:00-05:00,6.144999980926514,6.144999980926514,6.090000152587891,6.110000133514404,76975,0.0,0.0
2024-02-28 09:30:00-05:00,6.039999961853027,6.051000118255615,5.940000057220459,5.954999923706055,114149,0.0,0.0
2024-02-28 10:30:00-05:00,5.954999923706055,5.980000019073486,5.929999828338623,5.934999942779541,32015,0.0,0.0
2024-02-28 11:30:00-05:00,5.929999828338623,5.96999979019165,5.909999847412109,5.914999961853027,25570,0.0,0.0
2024-02-28 12:30:00-05:00,5.909999847412109,5.914999961853027,5.849999904632568,5.885000228881836,50459,0.0,0.0
2024-02-28 13:30:00-05:00,5.889999866485596,5.920000076293945,5.889900207519531,5.900000095367432,42427,0.0,0.0
2024-02-28 14:30:00-05:00,5.900000095367432,5.909999847412109,5.869999885559082,5.875,48632,0.0,0.0
2024-02-28 15:30:00-05:00,5.875,5.90500020980835,5.869999885559082,5.869999885559082,40379,0.0,0.0
2024-02-29 09:30:00-05:00,5.960000038146973,6.099999904632568,5.960000038146973,6.099999904632568,77107,0.0,0.0
2024-02-29 10:30:00-05:00,6.099999904632568,6.099999904632568,6.039999961853027,6.039999961853027,46518,0.0,0.0
2024-02-29 11:30:00-05:00,6.039999961853027,6.039999961853027,6.0,6.010000228881836,19265,0.0,0.0
2024-02-29 12:30:00-05:00,6.005000114440918,6.099999904632568,6.005000114440918,6.090000152587891,34604,0.0,0.0
2024-02-29 13:30:00-05:00,6.090000152587891,6.099999904632568,6.070000171661377,6.070000171661377,12669,0.0,0.0
2024-02-29 14:30:00-05:00,6.070000171661377,6.079999923706055,6.039999961853027,6.079999923706055,16570,0.0,0.0
2024-02-29 15:30:00-05:00,6.079999923706055,6.099999904632568,6.070000171661377,6.070000171661377,21866,0.0,0.0
2024-03-01 09:30:00-05:00,6.070000171661377,6.099999904632568,5.960000038146973,6.090000152587891,45279,0.0,0.0
2024-03-01 10:30:00-05:00,6.090000152587891,6.095900058746338,6.021100044250488,6.021100044250488,25531,0.0,0.0
2024-03-01 11:30:00-05:00,6.019999980926514,6.079999923706055,6.019999980926514,6.070000171661377,26232,0.0,0.0
2024-03-01 12:30:00-05:00,6.079999923706055,6.079999923706055,6.03000020980835,6.045000076293945,13666,0.0,0.0
2024-03-01 13:30:00-05:00,6.039999961853027,6.059999942779541,6.019999980926514,6.059999942779541,35659,0.0,0.0
2024-03-01 14:30:00-05:00,6.059999942779541,6.079999923706055,6.039999961853027,6.054999828338623,25335,0.0,0.0
2024-03-01 15:30:00-05:00,6.051300048828125,6.090000152587891,6.050000190734863,6.090000152587891,41069,0.0,0.0
2024-03-04 09:30:00-05:00,6.050000190734863,6.076000213623047,6.019999980926514,6.059999942779541,39646,0.0,0.0
2024-03-04 10:30:00-05:00,6.059999942779541,6.070000171661377,6.045000076293945,6.054999828338623,17258,0.0,0.0
2024-03-04 11:30:00-05:00,6.059999942779541,6.09499979019165,6.03000020980835,6.070000171661377,23836,0.0,0.0
2024-03-04 12:30:00-05:00,6.059999942779541,6.059999942779541,6.025000095367432,6.039999961853027,12632,0.0,0.0
2024-03-04 13:30:00-05:00,6.039999961853027,6.050000190734863,6.019999980926514,6.019999980926514,12225,0.0,0.0
2024-03-04 14:30:00-05:00,6.019999980926514,6.050000190734863,6.019999980926514,6.019999980926514,20734,0.0,0.0
2024-03-04 15:30:00-05:00,6.019999980926514,6.019999980926514,5.980000019073486,5.980000019073486,23749,0.0,0.0
2024-03-05 09:30:00-05:00,5.96999979019165,6.050000190734863,5.96999979019165,6.034999847412109,26691,0.0,0.0
2024-03-05 10:30:00-05:00,6.03000020980835,6.090000152587891,6.019999980926514,6.070000171661377,52654,0.0,0.0
2024-03-05 11:30:00-05:00,6.070000171661377,6.09499979019165,6.039999961853027,6.090000152587891,14326,0.0,0.0
2024-03-05 12:30:00-05:00,6.09499979019165,6.099999904632568,6.059999942779541,6.074999809265137,9486,0.0,0.0
2024-03-05 13:30:00-05:00,6.079999923706055,6.09499979019165,6.054999828338623,6.07390022277832,11168,0.0,0.0
2024-03-05 14:30:00-05:00,6.070000171661377,6.070000171661377,6.050000190734863,6.070000171661377,17147,0.0,0.0
2024-03-05 15:30:00-05:00,6.070000171661377,6.079999923706055,6.050000190734863,6.054999828338623,26670,0.0,0.0
2024-03-06 09:30:00-05:00,6.099999904632568,6.150000095367432,6.010000228881836,6.125,53850,0.0,0.0
2024-03-06 10:30:00-05:00,6.130000114440918,6.130000114440918,6.099999904632568,6.119999885559082,18415,0.0,0.0
2024-03-06 11:30:00-05:00,6.114999771118164,6.119999885559082,6.059999942779541,6.099999904632568,12280,0.0,0.0
2024-03-06 12:30:00-05:00,6.090000152587891,6.104300022125244,6.054999828338623,6.060500144958496,14133,0.0,0.0
2024-03-06 13:30:00-05:00,6.065000057220459,6.065000057220459,6.03000020980835,6.065000057220459,14432,0.0,0.0
2024-03-06 14:30:00-05:00,6.074999809265137,6.079999923706055,6.059000015258789,6.065000057220459,17375,0.0,0.0
2024-03-06 15:30:00-05:00,6.065000057220459,6.090000152587891,6.054999828338623,6.079999923706055,25576,0.0,0.0
2024-03-07 09:30:00-05:00,6.059999942779541,6.159999847412109,6.059999942779541,6.079999923706055,61191,0.0,0.0
2024-03-07 10:30:00-05:00,6.070000171661377,6.085000038146973,6.059999942779541,6.079999923706055,16771,0.0,0.0
2024-03-07 11:30:00-05:00,6.085000038146973,6.085000038146973,6.039999961853027,6.049900054931641,15698,0.0,0.0
2024-03-07 12:30:00-05:00,6.045000076293945,6.070000171661377,6.039999961853027,6.070000171661377,15142,0.0,0.0
2024-03-07 13:30:00-05:00,6.065000057220459,6.065000057220459,6.03000020980835,6.039999961853027,17368,0.0,0.0
2024-03-07 14:30:00-05:00,6.03000020980835,6.045000076293945,6.010000228881836,6.010000228881836,23111,0.0,0.0
2024-03-07 15:30:00-05:00,6.014999866485596,6.045000076293945,6.010000228881836,6.03000020980835,37499,0.0,0.0
2024-03-08 09:30:00-05:00,6.150000095367432,6.199999809265137,6.099999904632568,6.119999885559082,108649,0.0,0.0
2024-03-08 10:30:00-05:00,6.119999885559082,6.139999866485596,6.09499979019165,6.09499979019165,16622,0.0,0.0
2024-03-08 11:30:00-05:00,6.090000152587891,6.099999904632568,6.069499969482422,6.099899768829346,16064,0.0,0.0
2024-03-08 12:30:00-05:00,6.090000152587891,6.099999904632568,6.049900054931641,6.054999828338623,15830,0.0,0.0
2024-03-08 13:30:00-05:00,6.050000190734863,6.090000152587891,6.019999980926514,6.079999923706055,13575,0.0,0.0
2024-03-08 14:30:00-05:00,6.070000171661377,6.070000171661377,6.045000076293945,6.050000190734863,14322,0.0,0.0
2024-03-08 15:30:00-05:00,6.039999961853027,6.070000171661377,6.039999961853027,6.070000171661377,19619,0.0,0.0
2024-03-11 09:30:00-04:00,6.03000020980835,6.119999885559082,6.019999980926514,6.050000190734863,45250,0.0,0.0
2024-03-11 10:30:00-04:00,6.050000190734863,6.059999942779541,6.03000020980835,6.054999828338623,18162,0.0,0.0
2024-03-11 11:30:00-04:00,6.051300048828125,6.051300048828125,6.019999980926514,6.050000190734863,17065,0.0,0.0
2024-03-11 12:30:00-04:00,6.054999828338623,6.070000171661377,6.045000076293945,6.061600208282471,6440,0.0,0.0
2024-03-11 13:30:00-04:00,6.065000057220459,6.070000171661377,6.025000095367432,6.050000190734863,26970,0.0,0.0
2024-03-11 14:30:00-04:00,6.050000190734863,6.059999942779541,6.03000020980835,6.034999847412109,13191,0.0,0.0
2024-03-11 15:30:00-04:00,6.039999961853027,6.045000076293945,6.019999980926514,6.03000020980835,15885,0.0,0.0
2024-03-12 09:30:00-04:00,6.010000228881836,6.059999942779541,6.0,6.03000020980835,19557,0.0,0.0
2024-03-12 10:30:00-04:00,6.034999847412109,6.039999961853027,6.014999866485596,6.03000020980835,13841,0.0,0.0
2024-03-12 11:30:00-04:00,6.019999980926514,6.034999847412109,6.010000228881836,6.019999980926514,19347,0.0,0.0
2024-03-12 12:30:00-04:00,6.014999866485596,6.034999847412109,6.014999866485596,6.019999980926514,17880,0.0,0.0
2024-03-12 13:30:00-04:00,6.014999866485596,6.059999942779541,6.014999866485596,6.054999828338623,9686,0.0,0.0
2024-03-12 14:30:00-04:00,6.054999828338623,6.099999904632568,6.054999828338623,6.079999923706055,58218,0.0,0.0
2024-03-12 15:30:00-04:00,6.071199893951416,6.099999904632568,6.071199893951416,6.090000152587891,14224,0.0,0.0
2024-03-13 09:30:00-04:00,6.099999904632568,6.150000095367432,6.099999904632568,6.150000095367432,54176,0.0,0.0
2024-03-13 10:30:00-04:00,6.139999866485596,6.144999980926514,6.09499979019165,6.105000019073486,14032,0.0,0.0
2024-03-13 11:30:00-04:00,6.09499979019165,6.114999771118164,6.090000152587891,6.09499979019165,16302,0.0,0.0
2024-03-13 12:30:00-04:00,6.085000038146973,6.090000152587891,6.039999961853027,6.058000087738037,25224,0.0,0.0
2024-03-13 13:30:00-04:00,6.065000057220459,6.065000057220459,6.025000095367432,6.039999961853027,16527,0.0,0.0
2024-03-13 14:30:00-04:00,6.039999961853027,6.050000190734863,6.025000095367432,6.034999847412109,19787,0.0,0.0
2024-03-13 15:30:00-04:00,6.050000190734863,6.050000190734863,5.929999828338623,5.96999979019165,118398,0.0,0.0
2024-03-14 09:30:00-04:00,5.949999809265137,5.9899001121521,5.889999866485596,5.929999828338623,28392,0.0,0.0
2024-03-14 10:30:00-04:00,5.929999828338623,5.979899883270264,5.920100212097168,5.920100212097168,31861,0.0,0.0
2024-03-14 11:30:00-04:00,5.920000076293945,5.925000190734863,5.875,5.900000095367432,26019,0.0,0.0
2024-03-14 12:30:00-04:00,5.894999980926514,5.900000095367432,5.869999885559082,5.869999885559082,20922,0.0,0.0
2024-03-14 13:30:00-04:00,5.860000133514404,5.894999980926514,5.860000133514404,5.869900226593018,29227,0.0,0.0
2024-03-14 14:30:00-04:00,5.864999771118164,5.864999771118164,5.769999980926514,5.820000171661377,99872,0.0,0.0
2024-03-14 15:30:00-04:00,5.829999923706055,5.849999904632568,5.809999942779541,5.848999977111816,35140,0.0,0.0
2024-03-15 09:30:00-04:00,5.800000190734863,5.911099910736084,5.789999961853027,5.889999866485596,38161,0.0,0.0
2024-03-15 10:30:00-04:00,5.900000095367432,5.929999828338623,5.889999866485596,5.920000076293945,13446,0.0,0.0
2024-03-15 11:30:00-04:00,5.900000095367432,5.929999828338623,5.889999866485596,5.920000076293945,6863,0.0,0.0
2024-03-15 12:30:00-04:00,5.920000076293945,5.920000076293945,5.880000114440918,5.894999980926514,11658,0.0,0.0
2024-03-15 13:30:00-04:00,5.889999866485596,5.90500020980835,5.864999771118164,5.889999866485596,14713,0.0,0.0
2024-03-15 14:30:00-04:00,5.889999866485596,5.920000076293945,5.880000114440918,5.909999847412109,15832,0.0,0.0
2024-03-15 15:30:00-04:00,5.909999847412109,5.929999828338623,5.800000190734863,5.809999942779541,219061,0.0,0.0
2024-03-18 09:30:00-04:00,5.809999942779541,5.869999885559082,5.809999942779541,5.849999904632568,44159,0.0,0.0
2024-03-18 10:30:00-04:00,5.859899997711182,5.889999866485596,5.840000152587891,5.880000114440918,25904,0.0,0.0
2024-03-18 11:30:00-04:00,5.880000114440918,5.900000095367432,5.869999885559082,5.869999885559082,28267,0.0,0.0
2024-03-18 12:30:00-04:00,5.875,5.88700008392334,5.860000133514404,5.860000133514404,21438,0.0,0.0
2024-03-18 13:30:00-04:00,5.860000133514404,5.864999771118164,5.849999904632568,5.855000019073486,11752,0.0,0.0
2024-03-18 14:30:00-04:00,5.849999904632568,5.849999904632568,5.820000171661377,5.820000171661377,19657,0.0,0.0
2024-03-18 15:30:00-04:00,5.824999809265137,5.835000038146973,5.800000190734863,5.800000190734863,65575,0.0,0.0
2024-03-19 09:30:00-04:00,5.820000171661377,5.880000114440918,5.789999961853027,5.869999885559082,34896,0.0,0.0
2024-03-19 10:30:00-04:00,5.869999885559082,5.869999885559082,5.820099830627441,5.864999771118164,23668,0.0,0.0
2024-03-19 11:30:00-04:00,5.864999771118164,5.880000114440918,5.860000133514404,5.875,13813,0.0,0.0
2024-03-19 12:30:00-04:00,5.872499942779541,5.894999980926514,5.860000133514404,5.889999866485596,27318,0.0,0.0
2024-03-19 13:30:00-04:00,5.894999980926514,5.909900188446045,5.860000133514404,5.869999885559082,23511,0.0,0.0
2024-03-19 14:30:00-04:00,5.869999885559082,5.900000095367432,5.869999885559082,5.880000114440918,34296,0.0,0.0
2024-03-19 15:30:00-04:00,5.885000228881836,5.920000076293945,5.880000114440918,5.880000114440918,34485,0.0,0.0
2024-03-20 09:30:00-04:00,5.849999904632568,5.989999771118164,5.829999923706055,5.989999771118164,21224,0.0,0.0
2024-03-20 10:30:00-04:00,5.994999885559082,6.019999980926514,5.965000152587891,6.010000228881836,22729,0.0,0.0
2024-03-20 11:30:00-04:00,6.014999866485596,6.014999866485596,5.954999923706055,6.0,25414,0.0,0.0
2024-03-20 12:30:00-04:00,6.005000114440918,6.03000020980835,6.0,6.0269999504089355,17453,0.0,0.0
2024-03-20 13:30:00-04:00,6.03000020980835,6.130000114440918,6.010000228881836,6.105000019073486,41187,0.0,0.0
2024-03-20 14:30:00-04:00,6.105000019073486,6.179999828338623,6.070000171661377,6.090000152587891,59057,0.0,0.0
2024-03-20 15:30:00-04:00,6.090000152587891,6.130000114440918,6.059999942779541,6.099999904632568,61247,0.0,0.0
2024-03-21 09:30:00-04:00,6.130000114440918,6.190000057220459,6.099999904632568,6.190000057220459,53474,0.0,0.0
2024-03-21 10:30:00-04:00,6.179999828338623,6.190000057220459,6.159999847412109,6.170000076293945,25823,0.0,0.0
2024-03-21 11:30:00-04:00,6.170000076293945,6.179999828338623,6.110000133514404,6.130000114440918,74275,0.0,0.0
2024-03-21 12:30:00-04:00,6.139999866485596,6.139999866485596,6.105000019073486,6.119999885559082,15051,0.0,0.0
2024-03-21 13:30:00-04:00,6.125,6.130000114440918,6.085000038146973,6.119999885559082,28928,0.0,0.0
2024-03-21 14:30:00-04:00,6.119999885559082,6.170000076293945,6.099999904632568,6.15500020980835,34229,0.0,0.0
2024-03-21 15:30:00-04:00,6.150000095367432,6.159999847412109,6.139999866485596,6.144999980926514,33315,0.0,0.0
2024-03-22 09:30:00-04:00,6.159999847412109,6.184999942779541,6.130000114440918,6.15500020980835,23779,0.0,0.0
2024-03-22 10:30:00-04:00,6.159999847412109,6.175000190734863,6.150000095367432,6.159999847412109,10631,0.0,0.0
2024-03-22 11:30:00-04:00,6.164999961853027,6.170000076293945,6.150000095367432,6.15500020980835,10535,0.0,0.0
2024-03-22 12:30:00-04:00,6.15500020980835,6.15939998626709,6.119999885559082,6.119999885559082,23184,0.0,0.0
2024-03-22 13:30:00-04:00,6.119999885559082,6.119999885559082,6.099999904632568,6.099999904632568,16866,0.0,0.0
2024-03-22 14:30:00-04:00,6.10830020904541,6.119999885559082,6.099999904632568,6.105000019073486,21630,0.0,0.0
2024-03-22 15:30:00-04:00,6.110000133514404,6.129300117492676,6.0960001945495605,6.119999885559082,42408,0.0,0.0
2024-03-25 09:30:00-04:00,6.119999885559082,6.190000057220459,6.119999885559082,6.175000190734863,40175,0.0,0.0
2024-03-25 10:30:00-04:00,6.175000190734863,6.195000171661377,6.15500020980835,6.164999961853027,22014,0.0,0.0
2024-03-25 11:30:00-04:00,6.170000076293945,6.204999923706055,6.170000076293945,6.179999828338623,28954,0.0,0.0
2024-03-25 12:30:00-04:00,6.184999942779541,6.184999942779541,6.159999847412109,6.159999847412109,15075,0.0,0.0
2024-03-25 13:30:00-04:00,6.159999847412109,6.179999828338623,6.150100231170654,6.15500020980835,12989,0.0,0.0
2024-03-25 14:30:00-04:00,6.15500020980835,6.15500020980835,6.110000133514404,6.139999866485596,18240,0.0,0.0
2024-03-25 15:30:00-04:00,6.144999980926514,6.170000076293945,6.144999980926514,6.170000076293945,22882,0.0,0.0
2024-03-26 09:30:00-04:00,6.21999979019165,6.21999979019165,6.139999866485596,6.150000095367432,45979,0.0,0.0
2024-03-26 10:30:00-04:00,6.135000228881836,6.170000076293945,6.135000228881836,6.150000095367432,19609,0.0,0.0
2024-03-26 11:30:00-04:00,6.155600070953369,6.155600070953369,6.130000114440918,6.144999980926514,13910,0.0,0.0
2024-03-26 12:30:00-04:00,6.150000095367432,6.150000095367432,6.105000019073486,6.119999885559082,12000,0.0,0.0
2024-03-26 13:30:00-04:00,6.119999885559082,6.119999885559082,6.090000152587891,6.110000133514404,17816,0.0,0.0
2024-03-26 14:30:00-04:00,6.110000133514404,6.114999771118164,6.09499979019165,6.105000019073486,27252,0.0,0.0
2024-03-26 15:30:00-04:00,6.099999904632568,6.110000133514404,6.059999942779541,6.059999942779541,30505,0.0,0.0
2024-03-27 09:30:00-04:00,5.920000076293945,5.960000038146973,5.900000095367432,5.940000057220459,31048,0.0,0.0
2024-03-27 10:30:00-04:00,5.940000057220459,5.989999771118164,5.940000057220459,5.989999771118164,14852,0.0,0.0
2024-03-27 11:30:00-04:00,5.985000133514404,5.997499942779541,5.965000152587891,5.974999904632568,18388,0.0,0.0
2024-03-27 12:30:00-04:00,5.980000019073486,6.0,5.974999904632568,6.0,9012,0.0,0.0
2024-03-27 13:30:00-04:00,5.989999771118164,5.989999771118164,5.96999979019165,5.96999979019165,7791,0.0,0.0
2024-03-27 14:30:00-04:00,5.96999979019165,5.974999904632568,5.960000038146973,5.974999904632568,13952,0.0,0.0
2024-03-27 15:30:00-04:00,5.974999904632568,6.010000228881836,5.960100173950195,6.010000228881836,38583,0.0,0.0
2024-03-28 09:30:00-04:00,5.949999809265137,6.074999809265137,5.949999809265137,6.074999809265137,42506,0.0,0.0
2024-03-28 10:30:00-04:00,6.074999809265137,6.079999923706055,6.050000190734863,6.059999942779541,21373,0.0,0.0
2024-03-28 11:30:00-04:00,6.059999942779541,6.110000133514404,6.054999828338623,6.079999923706055,52899,0.0,0.0
2024-03-28 12:30:00-04:00,6.079999923706055,6.079999923706055,6.034999847412109,6.039999961853027,13778,0.0,0.0
2024-03-28 13:30:00-04:00,6.039999961853027,6.050000190734863,6.034999847412109,6.045000076293945,5723,0.0,0.0
2024-03-28 14:30:00-04:00,6.050000190734863,6.059999942779541,6.039999961853027,6.050000190734863,6322,0.0,0.0
2024-03-28 15:30:00-04:00,6.050000190734863,6.119999885559082,6.039999961853027,6.110000133514404,61173,0.0,0.0
2024-04-01 09:30:00-04:00,6.139999866485596,6.139999866485596,6.059999942779541,6.0883002281188965,35499,0.0,0.0
2024-04-01 10:30:00-04:00,6.079999923706055,6.110000133514404,6.079999923706055,6.090000152587891,18010,0.0,0.0
2024-04-01 11:30:00-04:00,6.091800212860107,6.091800212860107,6.059999942779541,6.071000099182129,27745,0.0,0.0
2024-04-01 12:30:00-04:00,6.079999923706055,6.079999923706055,6.050000190734863,6.059999942779541,11043,0.0,0.0
2024-04-01 13:30:00-04:00,6.065000057220459,6.070000171661377,6.059999942779541,6.065000057220459,13816,0.0,0.0
2024-04-01 14:30:00-04:00,6.059999942779541,6.070000171661377,6.039999961853027,6.054999828338623,46430,0.0,0.0
2024-04-01 15:30:00-04:00,6.050000190734863,6.070000171661377,6.039999961853027,6.065000057220459,20313,0.0,0.0
2024-04-02 09:30:00-04:00,6.03000020980835,6.059999942779541,6.0,6.0,33358,0.0,0.0
2024-04-02 10:30:00-04:00,5.994999885559082,6.03000020980835,5.990099906921387,6.014999866485596,16760,0.0,0.0
2024-04-02 11:30:00-04:00,6.005000114440918,6.005000114440918,5.980100154876709,5.989999771118164,12799,0.0,0.0
2024-04-02 12:30:00-04:00,5.985000133514404,5.989999771118164,5.960899829864502,5.960899829864502,9362,0.0,0.0
2024-04-02 13:30:00-04:00,5.960000038146973,5.965000152587891,5.949999809265137,5.965000152587891,12750,0.0,0.0
2024-04-02 14:30:00-04:00,5.967700004577637,5.969900131225586,5.934999942779541,5.940000057220459,15847,0.0,0.0
2024-04-02 15:30:00-04:00,5.940000057220459,5.974999904632568,5.934999942779541,5.96999979019165,22416,0.0,0.0
2024-04-03 09:30:00-04:00,5.909999847412109,5.974999904632568,5.909999847412109,5.954999923706055,26090,0.0,0.0
2024-04-03 10:30:00-04:00,5.950799942016602,5.980000019073486,5.929999828338623,5.960000038146973,21314,0.0,0.0
2024-04-03 11:30:00-04:00,5.96999979019165,5.96999979019165,5.960000038146973,5.965000152587891,8406,0.0,0.0
2024-04-03 12:30:00-04:00,5.965000152587891,5.980100154876709,5.929999828338623,5.949999809265137,16310,0.0,0.0
2024-04-03 13:30:00-04:00,5.940000057220459,5.949900150299072,5.920000076293945,5.934999942779541,21220,0.0,0.0
2024-04-03 14:30:00-04:00,5.929999828338623,5.935699939727783,5.925000190734863,5.925000190734863,16004,0.0,0.0
2024-04-03 15:30:00-04:00,5.920000076293945,5.940000057220459,5.920000076293945,5.929999828338623,13200,0.0,0.0
2024-04-04 09:30:00-04:00,5.96999979019165,6.03000020980835,5.940000057220459,6.0,34957,0.0,0.0
2024-04-04 10:30:00-04:00,6.005000114440918,6.010000228881836,5.980000019073486,6.0,6227,0.0,0.0
2024-04-04 11:30:00-04:00,6.0,6.0,5.989999771118164,5.994999885559082,3023,0.0,0.0
2024-04-04 12:30:00-04:00,5.989999771118164,6.0,5.960000038146973,5.974999904632568,17381,0.0,0.0
2024-04-04 13:30:00-04:00,5.974999904632568,5.974999904632568,5.934999942779541,5.934999942779541,11804,0.0,0.0
2024-04-04 14:30:00-04:00,5.929999828338623,5.929999828338623,5.90500020980835,5.920000076293945,27268,0.0,0.0
2024-04-04 15:30:00-04:00,5.925000190734863,5.925000190734863,5.900000095367432,5.900000095367432,19841,0.0,0.0
2024-04-05 09:30:00-04:00,5.940000057220459,5.980000019073486,5.869999885559082,5.8892998695373535,24487,0.0,0.0
2024-04-05 10:30:00-04:00,5.900000095367432,5.920000076293945,5.889999866485596,5.909999847412109,18702,0.0,0.0
2024-04-05 11:30:00-04:00,5.920000076293945,5.939300060272217,5.909999847412109,5.929999828338623,11176,0.0,0.0
2024-04-05 12:30:00-04:00,5.939899921417236,5.939899921417236,5.900000095367432,5.900000095367432,14389,0.0,0.0
2024-04-05 13:30:00-04:00,5.894999980926514,5.920000076293945,5.889999866485596,5.900000095367432,17015,0.0,0.0
2024-04-05 14:30:00-04:00,5.900000095367432,5.909999847412109,5.890100002288818,5.909999847412109,10203,0.0,0.0
2024-04-05 15:30:00-04:00,5.914999961853027,5.920000076293945,5.894999980926514,5.900000095367432,17667,0.0,0.0
2024-04-08 09:30:00-04:00,5.949999809265137,5.950099945068359,5.870999813079834,5.894999980926514,39636,0.0,0.0
2024-04-08 10:30:00-04:00,5.900000095367432,5.929999828338623,5.900000095367432,5.920000076293945,8089,0.0,0.0
2024-04-08 11:30:00-04:00,5.900000095367432,5.900000095367432,5.889999866485596,5.889999866485596,10855,0.0,0.0
2024-04-08 12:30:00-04:00,5.894999980926514,5.899400234222412,5.872200012207031,5.872200012207031,9109,0.0,0.0
2024-04-08 13:30:00-04:00,5.875,5.929999828338623,5.875,5.925000190734863,46661,0.0,0.0
2024-04-08 14:30:00-04:00,5.925000190734863,5.949999809265137,5.920000076293945,5.934999942779541,14807,0.0,0.0
2024-04-08 15:30:00-04:00,5.940000057220459,5.949999809265137,5.920000076293945,5.920000076293945,12838,0.0,0.0
2024-04-09 09:30:00-04:00,5.949999809265137,5.96999979019165,5.929900169372559,5.949999809265137,26901,0.0,0.0
2024-04-09 10:30:00-04:00,5.949999809265137,5.960000038146973,5.929900169372559,5.954999923706055,8793,0.0,0.0
2024-04-09 11:30:00-04:00,5.949999809265137,6.010000228881836,5.949999809265137,5.974999904632568,135857,0.0,0.0
2024-04-09 12:30:00-04:00,5.989999771118164,6.0,5.96999979019165,5.994999885559082,12447,0.0,0.0
2024-04-09 13:30:00-04:00,6.0,6.019999980926514,5.980000019073486,6.014999866485596,53849,0.0,0.0
2024-04-09 14:30:00-04:00,6.012499809265137,6.014999866485596,5.985000133514404,6.0,40942,0.0,0.0
2024-04-09 15:30:00-04:00,6.0,6.014999866485596,5.989999771118164,6.0,38057,0.0,0.0
2024-04-10 09:30:00-04:00,5.929999828338623,5.960000038146973,5.820000171661377,5.889999866485596,35023,0.0,0.0
2024-04-10 10:30:00-04:00,5.889999866485596,5.894999980926514,5.840000152587891,5.855000019073486,12335,0.0,0.0
2024-04-10 11:30:00-04:00,5.855000019073486,5.855000019073486,5.789999961853027,5.809999942779541,50569,0.0,0.0
2024-04-10 12:30:00-04:00,5.800000190734863,5.800000190734863,5.744999885559082,5.768099784851074,23371,0.0,0.0
2024-04-10 13:30:00-04:00,5.744999885559082,5.755000114440918,5.710000038146973,5.71120023727417,14113,0.0,0.0
2024-04-10 14:30:00-04:00,5.712800025939941,5.730000019073486,5.679999828338623,5.719699859619141,37608,0.0,0.0
2024-04-10 15:30:00-04:00,5.710000038146973,5.71999979019165,5.690000057220459,5.715000152587891,16499,0.0,0.0
2024-04-11 09:30:00-04:00,5.75,5.75,5.670000076293945,5.670000076293945,30682,0.0,0.0
2024-04-11 10:30:00-04:00,5.670000076293945,5.679999828338623,5.659999847412109,5.670000076293945,13304,0.0,0.0
2024-04-11 11:30:00-04:00,5.659999847412109,5.730000019073486,5.659999847412109,5.704999923706055,11494,0.0,0.0
2024-04-11 12:30:00-04:00,5.699999809265137,5.75,5.679999828338623,5.730000019073486,14178,0.0,0.0
2024-04-11 13:30:00-04:00,5.735000133514404,5.755000114440918,5.724999904632568,5.755000114440918,12499,0.0,0.0
2024-04-11 14:30:00-04:00,5.755000114440918,5.759900093078613,5.724999904632568,5.735000133514404,23567,0.0,0.0
2024-04-11 15:30:00-04:00,5.730000019073486,5.75,5.730000019073486,5.738999843597412,20850,0.0,0.0
2024-04-12 09:30:00-04:00,5.710000038146973,5.760000228881836,5.679999828338623,5.710000038146973,12313,0.0,0.0
2024-04-12 10:30:00-04:00,5.710000038146973,5.71999979019165,5.695000171661377,5.704999923706055,8491,0.0,0.0
2024-04-12 11:30:00-04:00,5.704999923706055,5.710000038146973,5.679999828338623,5.679999828338623,11475,0.0,0.0
2024-04-12 12:30:00-04:00,5.679999828338623,5.685100078582764,5.639999866485596,5.639999866485596,44196,0.0,0.0
2024-04-12 13:30:00-04:00,5.639999866485596,5.650000095367432,5.630000114440918,5.639999866485596,28017,0.0,0.0
2024-04-12 14:30:00-04:00,5.630000114440918,5.630000114440918,5.570000171661377,5.610000133514404,44275,0.0,0.0
2024-04-12 15:30:00-04:00,5.599999904632568,5.639999866485596,5.599999904632568,5.630000114440918,26126,0.0,0.0
2024-04-15 09:30:00-04:00,5.690000057220459,5.690000057220459,5.610000133514404,5.610000133514404,31465,0.0,0.0
2024-04-15 10:30:00-04:00,5.619999885559082,5.630000114440918,5.590000152587891,5.599999904632568,15818,0.0,0.0
2024-04-15 11:30:00-04:00,5.599999904632568,5.639999866485596,5.590000152587891,5.610000133514404,18593,0.0,0.0
2024-04-15 12:30:00-04:00,5.599999904632568,5.605000019073486,5.539999961853027,5.545000076293945,66466,0.0,0.0
2024-04-15 13:30:00-04:00,5.539999961853027,5.559999942779541,5.510000228881836,5.53000020980835,45560,0.0,0.0
2024-04-15 14:30:00-04:00,5.53000020980835,5.53000020980835,5.5,5.519999980926514,27290,0.0,0.0
2024-04-15 15:30:00-04:00,5.519999980926514,5.570000171661377,5.519999980926514,5.559999942779541,28139,0.0,0.0
2024-04-16 09:30:00-04:00,5.590000152587891,5.590000152587891,5.449999809265137,5.480000019073486,47900,0.0,0.0
2024-04-16 10:30:00-04:00,5.460000038146973,5.489999771118164,5.449999809265137,5.480100154876709,9489,0.0,0.0
2024-04-16 11:30:00-04:00,5.480000019073486,5.510000228881836,5.480000019073486,5.510000228881836,6044,0.0,0.0
2024-04-16 12:30:00-04:00,5.5,5.505000114440918,5.465000152587891,5.480000019073486,15473,0.0,0.0
2024-04-16 13:30:00-04:00,5.46999979019165,5.480000019073486,5.440000057220459,5.440000057220459,17498,0.0,0.0
2024-04-16 14:30:00-04:00,5.440000057220459,5.474999904632568,5.440000057220459,5.474999904632568,8874,0.0,0.0
2024-04-16 15:30:00-04:00,5.46999979019165,5.46999979019165,5.449999809265137,5.449999809265137,9501,0.0,0.0
2024-04-17 09:30:00-04:00,5.5,5.534999847412109,5.449999809265137,5.489999771118164,16309,0.0,0.0
2024-04-17 10:30:00-04:00,5.480000019073486,5.499899864196777,5.46999979019165,5.46999979019165,6115,0.0,0.0
2024-04-17 11:30:00-04:00,5.465000152587891,5.46999979019165,5.460000038146973,5.460000038146973,3687,0.0,0.0
2024-04-17 12:30:00-04:00,5.449999809265137,5.480000019073486,5.449999809265137,5.480000019073486,4501,0.0,0.0
2024-04-17 13:30:00-04:00,5.494999885559082,5.510000228881836,5.46999979019165,5.482500076293945,19002,0.0,0.0
2024-04-17 14:30:00-04:00,5.485000133514404,5.505000114440918,5.454999923706055,5.45989990234375,10933,0.0,0.0
2024-04-17 15:30:00-04:00,5.460000038146973,5.460000038146973,5.449999809265137,5.460000038146973,9698,0.0,0.0
2024-04-18 09:30:00-04:00,5.460000038146973,5.525000095367432,5.449999809265137,5.500699996948242,29755,0.0,0.0
2024-04-18 10:30:00-04:00,5.505000114440918,5.539999961853027,5.5,5.53000020980835,7357,0.0,0.0
2024-04-18 11:30:00-04:00,5.520100116729736,5.53000020980835,5.505000114440918,5.505000114440918,4715,0.0,0.0
2024-04-18 12:30:00-04:00,5.510000228881836,5.510000228881836,5.480000019073486,5.510000228881836,12147,0.0,0.0
2024-04-18 13:30:00-04:00,5.501100063323975,5.525000095367432,5.489999771118164,5.510000228881836,12820,0.0,0.0
2024-04-18 14:30:00-04:00,5.489999771118164,5.510000228881836,5.489999771118164,5.5,6323,0.0,0.0
2024-04-18 15:30:00-04:00,5.5,5.519999980926514,5.494999885559082,5.505000114440918,16190,0.0,0.0
2024-04-19 09:30:00-04:00,5.519999980926514,5.559999942779541,5.5,5.539999961853027,18555,0.0,0.0
2024-04-19 10:30:00-04:00,5.550000190734863,5.550000190734863,5.525000095367432,5.550000190734863,6379,0.0,0.0
2024-04-19 11:30:00-04:00,5.545000076293945,5.550000190734863,5.53000020980835,5.53000020980835,11722,0.0,0.0
2024-04-19 12:30:00-04:00,5.539999961853027,5.570000171661377,5.530099868774414,5.550000190734863,21692,0.0,0.0
2024-04-19 13:30:00-04:00,5.550000190734863,5.550000190734863,5.534999847412109,5.549300193786621,13253,0.0,0.0
2024-04-19 14:30:00-04:00,5.53000020980835,5.534999847412109,5.519999980926514,5.53000020980835,6803,0.0,0.0
2024-04-19 15:30:00-04:00,5.53000020980835,5.570000171661377,5.519999980926514,5.559999942779541,22374,0.0,0.0
2024-04-22 09:30:00-04:00,5.599999904632568,5.635000228881836,5.559999942779541,5.585000038146973,17778,0.0,0.0
2024-04-22 10:30:00-04:00,5.585000038146973,5.599999904632568,5.570000171661377,5.590000152587891,10452,0.0,0.0
2024-04-22 11:30:00-04:00,5.579999923706055,5.599999904632568,5.579999923706055,5.590000152587891,17790,0.0,0.0
2024-04-22 12:30:00-04:00,5.590000152587891,5.630000114440918,5.590000152587891,5.625,14040,0.0,0.0
2024-04-22 13:30:00-04:00,5.625,5.630000114440918,5.619999885559082,5.625,10499,0.0,0.0
2024-04-22 14:30:00-04:00,5.630000114440918,5.630000114440918,5.590000152587891,5.590000152587891,15012,0.0,0.0
2024-04-22 15:30:00-04:00,5.590000152587891,5.610000133514404,5.570000171661377,5.570000171661377,24753,0.0,0.0
2024-04-23 09:30:00-04:00,5.579999923706055,5.699999809265137,5.570000171661377,5.699999809265137,26443,0.0,0.0
2024-04-23 10:30:00-04:00,5.699999809265137,5.7083001136779785,5.659999847412109,5.670000076293945,22316,0.0,0.0
2024-04-23 11:30:00-04:00,5.659999847412109,5.690000057220459,5.639999866485596,5.679999828338623,32044,0.0,0.0
2024-04-23 12:30:00-04:00,5.690000057220459,5.71999979019165,5.679999828338623,5.715000152587891,11202,0.0,0.0
2024-04-23 13:30:00-04:00,5.710000038146973,5.730000019073486,5.704999923706055,5.71999979019165,7219,0.0,0.0
2024-04-23 14:30:00-04:00,5.714399814605713,5.71999979019165,5.690000057220459,5.699999809265137,11863,0.0,0.0
2024-04-23 15:30:00-04:00,5.690000057220459,5.704999923706055,5.679999828338623,5.684999942779541,22557,0.0,0.0
2024-04-24 09:30:00-04:00,5.659999847412109,5.681099891662598,5.630000114440918,5.65500020980835,15200,0.0,0.0
2024-04-24 10:30:00-04:00,5.639999866485596,5.639999866485596,5.590000152587891,5.590000152587891,14241,0.0,0.0
2024-04-24 11:30:00-04:00,5.59499979019165,5.605000019073486,5.570000171661377,5.605000019073486,15640,0.0,0.0
2024-04-24 12:30:00-04:00,5.605000019073486,5.619999885559082,5.599999904632568,5.619999885559082,7596,0.0,0.0
2024-04-24 13:30:00-04:00,5.625,5.635000228881836,5.614999771118164,5.619999885559082,7348,0.0,0.0
2024-04-24 14:30:00-04:00,5.619999885559082,5.639999866485596,5.619999885559082,5.635000228881836,14161,0.0,0.0
2024-04-24 15:30:00-04:00,5.630000114440918,5.639999866485596,5.614999771118164,5.614999771118164,17538,0.0,0.0
2024-04-25 09:30:00-04:00,5.590000152587891,5.650000095367432,5.550000190734863,5.580100059509277,15245,0.0,0.0
2024-04-25 10:30:00-04:00,5.579999923706055,5.579999923706055,5.539999961853027,5.550000190734863,13691,0.0,0.0
2024-04-25 11:30:00-04:00,5.554999828338623,5.579999923706055,5.554999828338623,5.570099830627441,5804,0.0,0.0
2024-04-25 12:30:00-04:00,5.579999923706055,5.579999923706055,5.565000057220459,5.565000057220459,3657,0.0,0.0
2024-04-25 13:30:00-04:00,5.565000057220459,5.570000171661377,5.539999961853027,5.539999961853027,7874,0.0,0.0
2024-04-25 14:30:00-04:00,5.534999847412109,5.545000076293945,5.53000020980835,5.53000020980835,15871,0.0,0.0
2024-04-25 15:30:00-04:00,5.53000020980835,5.539999961853027,5.5,5.505000114440918,24837,0.0,0.0
2024-04-26 09:30:00-04:00,5.53000020980835,5.684999942779541,5.53000020980835,5.650000095367432,30464,0.0,0.0
2024-04-26 10:30:00-04:00,5.640100002288818,5.659999847412109,5.639900207519531,5.659999847412109,5217,0.0,0.0
2024-04-26 11:30:00-04:00,5.65500020980835,5.684999942779541,5.642499923706055,5.684999942779541,12003,0.0,0.0
2024-04-26 12:30:00-04:00,5.679999828338623,5.699999809265137,5.679999828338623,5.695899963378906,6859,0.0,0.0
2024-04-26 13:30:00-04:00,5.699999809265137,5.710000038146973,5.681000232696533,5.690000057220459,15953,0.0,0.0
2024-04-26 14:30:00-04:00,5.679999828338623,5.690000057220459,5.65500020980835,5.65500020980835,12271,0.0,0.0
2024-04-26 15:30:00-04:00,5.659999847412109,5.659999847412109,5.650000095367432,5.656000137329102,13852,0.0,0.0
2024-04-29 09:30:00-04:00,5.679999828338623,5.71999979019165,5.659999847412109,5.690000057220459,12567,0.0,0.0
2024-04-29 10:30:00-04:00,5.695000171661377,5.710000038146973,5.679999828338623,5.710000038146973,12663,0.0,0.0
2024-04-29 11:30:00-04:00,5.710000038146973,5.724999904632568,5.679999828338623,5.679999828338623,21541,0.0,0.0
2024-04-29 12:30:00-04:00,5.684999942779541,5.702000141143799,5.659999847412109,5.682499885559082,9394,0.0,0.0
2024-04-29 13:30:00-04:00,5.679999828338623,5.69920015335083,5.659999847412109,5.659999847412109,14901,0.0,0.0
2024-04-29 14:30:00-04:00,5.659999847412109,5.664999961853027,5.610000133514404,5.635000228881836,15465,0.0,0.0
2024-04-29 15:30:00-04:00,5.630000114440918,5.659999847412109,5.630000114440918,5.650000095367432,13316,0.0,0.0
2024-04-30 09:30:00-04:00,5.639999866485596,5.699999809265137,5.565000057220459,5.599999904632568,52319,0.0,0.0
2024-04-30 10:30:00-04:00,5.599999904632568,5.605000019073486,5.554999828338623,5.565000057220459,15623,0.0,0.0
2024-04-30 11:30:00-04:00,5.570000171661377,5.570000171661377,5.550000190734863,5.554999828338623,11202,0.0,0.0
2024-04-30 12:30:00-04:00,5.550000190734863,5.565000057220459,5.520500183105469,5.565000057220459,18584,0.0,0.0
2024-04-30 13:30:00-04:00,5.565000057220459,5.574999809265137,5.550000190734863,5.559999942779541,25133,0.0,0.0
2024-04-30 14:30:00-04:00,5.574999809265137,5.590000152587891,5.560999870300293,5.574999809265137,25220,0.0,0.0
2024-04-30 15:30:00-04:00,5.574999809265137,5.574999809265137,5.545000076293945,5.545000076293945,19091,0.0,0.0
2024-05-01 09:30:00-04:00,5.570000171661377,5.679999828338623,5.570000171661377,5.619999885559082,31217,0.0,0.0
2024-05-01 10:30:00-04:00,5.628799915313721,5.659999847412109,5.621500015258789,5.644999980926514,21667,0.0,0.0
2024-05-01 11:30:00-04:00,5.639999866485596,5.659999847412109,5.619999885559082,5.659999847412109,13235,0.0,0.0
2024-05-01 12:30:00-04:00,5.65500020980835,5.6793999671936035,5.650000095367432,5.675000190734863,21853,0.0,0.0
2024-05-01 13:30:00-04:00,5.675000190734863,5.684999942779541,5.670000076293945,5.684999942779541,10656,0.0,0.0
2024-05-01 14:30:00-04:00,5.679999828338623,5.760000228881836,5.670000076293945,5.71999979019165,34747,0.0,0.0
2024-05-01 15:30:00-04:00,5.71999979019165,5.71999979019165,5.670000076293945,5.679999828338623,14365,0.0,0.0
2024-05-02 09:30:00-04:00,5.699999809265137,5.764400005340576,5.695000171661377,5.715000152587891,19273,0.0,0.0
2024-05-02 10:30:00-04:00,5.71999979019165,5.764999866485596,5.710000038146973,5.7600998878479,17241,0.0,0.0
2024-05-02 11:30:00-04:00,5.760000228881836,5.764999866485596,5.731299877166748,5.75,19504,0.0,0.0
2024-05-02 12:30:00-04:00,5.75,5.764999866485596,5.739999771118164,5.7600998878479,16904,0.0,0.0
2024-05-02 13:30:00-04:00,5.764999866485596,5.800000190734863,5.760000228881836,5.795000076293945,15784,0.0,0.0
2024-05-02 14:30:00-04:00,5.795000076293945,5.795000076293945,5.760000228881836,5.769999980926514,17527,0.0,0.0
2024-05-02 15:30:00-04:00,5.760000228881836,5.764999866485596,5.75,5.75,12625,0.0,0.0
2024-05-03 09:30:00-04:00,5.960000038146973,6.21999979019165,5.960000038146973,6.150000095367432,153369,0.0,0.0
2024-05-03 10:30:00-04:00,6.150300025939941,6.25,6.130000114440918,6.25,52027,0.0,0.0
2024-05-03 11:30:00-04:00,6.235000133514404,6.375,6.224999904632568,6.355000019073486,66305,0.0,0.0
2024-05-03 12:30:00-04:00,6.349999904632568,6.350100040435791,6.210700035095215,6.211999893188477,59243,0.0,0.0
2024-05-03 13:30:00-04:00,6.219900131225586,6.300000190734863,6.219900131225586,6.289999961853027,17893,0.0,0.0
2024-05-03 14:30:00-04:00,6.2993998527526855,6.2993998527526855,6.184999942779541,6.199999809265137,56441,0.0,0.0
2024-05-03 15:30:00-04:00,6.204999923706055,6.269999980926514,6.184999942779541,6.269999980926514,79361,0.0,0.0
2024-05-06 09:30:00-04:00,6.239999771118164,6.550000190734863,6.239999771118164,6.538000106811523,123799,0.0,0.0
2024-05-06 10:30:00-04:00,6.539899826049805,6.590000152587891,6.53000020980835,6.550000190734863,61179,0.0,0.0
2024-05-06 11:30:00-04:00,6.570000171661377,6.599899768829346,6.565000057220459,6.585000038146973,38461,0.0,0.0
2024-05-06 12:30:00-04:00,6.585000038146973,6.650000095367432,6.579999923706055,6.630000114440918,53034,0.0,0.0
2024-05-06 13:30:00-04:00,6.630000114440918,6.690000057220459,6.621699810028076,6.650000095367432,49574,0.0,0.0
2024-05-06 14:30:00-04:00,6.639999866485596,6.735000133514404,6.619999885559082,6.724999904632568,57869,0.0,0.0
2024-05-06 15:30:00-04:00,6.724999904632568,6.75,6.690000057220459,6.75,62101,0.0,0.0
2024-05-07 09:30:00-04:00,6.760000228881836,6.909999847412109,6.75,6.7600998878479,105272,0.0,0.0
2024-05-07 10:30:00-04:00,6.764999866485596,6.829999923706055,6.76200008392334,6.795000076293945,39711,0.0,0.0
2024-05-07 11:30:00-04:00,6.795000076293945,6.829999923706055,6.789999961853027,6.795000076293945,21803,0.0,0.0
2024-05-07 12:30:00-04:00,6.790200233459473,6.829999923706055,6.75,6.829999923706055,21580,0.0,0.0
2024-05-07 13:30:00-04:00,6.829999923706055,6.829999923706055,6.764999866485596,6.78000020980835,25859,0.0,0.0
2024-05-07 14:30:00-04:00,6.789999961853027,6.804999828338623,6.76140022277832,6.800000190734863,33449,0.0,0.0
2024-05-07 15:30:00-04:00,6.792500019073486,6.809999942779541,6.760000228881836,6.809999942779541,83598,0.0,0.0
2024-05-08 09:30:00-04:00,6.739999771118164,6.829999923706055,6.699999809265137,6.795000076293945,64245,0.0,0.0
2024-05-08 10:30:00-04:00,6.800000190734863,6.809999942779541,6.78000020980835,6.78000020980835,24657,0.0,0.0
2024-05-08 11:30:00-04:00,6.78000020980835,6.800000190734863,6.769999980926514,6.775000095367432,16653,0.0,0.0
2024-05-08 12:30:00-04:00,6.775000095367432,6.795000076293945,6.770100116729736,6.7804999351501465,20468,0.0,0.0
2024-05-08 13:30:00-04:00,6.784999847412109,6.804999828338623,6.78000020980835,6.795000076293945,29520,0.0,0.0
2024-05-08 14:30:00-04:00,6.800000190734863,6.800000190734863,6.769999980926514,6.7789998054504395,27868,0.0,0.0
2024-05-08 15:30:00-04:00,6.775000095367432,6.78000020980835,6.75,6.755000114440918,46893,0.0,0.0
2024-05-09 09:30:00-04:00,6.75,6.829999923706055,6.734000205993652,6.789999961853027,24775,0.0,0.0
2024-05-09 10:30:00-04:00,6.800000190734863,6.809999942779541,6.710000038146973,6.75,36158,0.0,0.0
2024-05-09 11:30:00-04:00,6.75,6.760000228881836,6.739999771118164,6.75,24147,0.0,0.0
2024-05-09 12:30:00-04:00,6.75,6.755000114440918,6.71999979019165,6.730000019073486,19482,0.0,0.0
2024-05-09 13:30:00-04:00,6.730000019073486,6.730000019073486,6.690000057220459,6.71999979019165,31479,0.0,0.0
2024-05-09 14:30:00-04:00,6.71999979019165,6.739999771118164,6.699999809265137,6.735000133514404,42172,0.0,0.0
2024-05-09 15:30:00-04:00,6.735000133514404,6.745200157165527,6.715000152587891,6.71999979019165,53415,0.0,0.0
2024-05-10 09:30:00-04:00,6.739999771118164,6.829999923706055,6.739999771118164,6.800000190734863,23197,0.0,0.0
2024-05-10 10:30:00-04:00,6.78000020980835,6.80649995803833,6.760000228881836,6.78000020980835,18300,0.0,0.0
2024-05-10 11:30:00-04:00,6.78000020980835,6.789999961853027,6.7600998878479,6.769999980926514,11870,0.0,0.0
2024-05-10 12:30:00-04:00,6.769999980926514,6.789999961853027,6.760000228881836,6.789999961853027,16173,0.0,0.0
2024-05-10 13:30:00-04:00,6.789999961853027,6.795000076293945,6.760000228881836,6.77209997177124,21721,0.0,0.0
2024-05-10 14:30:00-04:00,6.769999980926514,6.770100116729736,6.75,6.760000228881836,11821,0.0,0.0
2024-05-10 15:30:00-04:00,6.760000228881836,6.820000171661377,6.755000114440918,6.809999942779541,46072,0.0,0.0
2024-05-13 09:30:00-04:00,6.809999942779541,6.849999904632568,6.730000019073486,6.815000057220459,175245,0.0,0.0
2024-05-13 10:30:00-04:00,6.815000057220459,6.835000038146973,6.795000076293945,6.795000076293945,27907,0.0,0.0
2024-05-13 11:30:00-04:00,6.795000076293945,6.820000171661377,6.769999980926514,6.809999942779541,14904,0.0,0.0
2024-05-13 12:30:00-04:00,6.809899806976318,6.880000114440918,6.800000190734863,6.869999885559082,45579,0.0,0.0
2024-05-13 13:30:00-04:00,6.875,6.880000114440918,6.84499979019165,6.860000133514404,20408,0.0,0.0
2024-05-13 14:30:00-04:00,6.869999885559082,6.875,6.829999923706055,6.835000038146973,16616,0.0,0.0
2024-05-13 15:30:00-04:00,6.839300155639648,6.855000019073486,6.829999923706055,6.829999923706055,21197,0.0,0.0
2024-05-14 09:30:00-04:00,6.889999866485596,6.889999866485596,6.820000171661377,6.820000171661377,23306,0.0,0.0
2024-05-14 10:30:00-04:00,6.820000171661377,6.849999904632568,6.815000057220459,6.829999923706055,7335,0.0,0.0
2024-05-14 11:30:00-04:00,6.810999870300293,6.829999923706055,6.800000190734863,6.800000190734863,18084,0.0,0.0
2024-05-14 12:30:00-04:00,6.800000190734863,6.840000152587891,6.800000190734863,6.829999923706055,9450,0.0,0.0
2024-05-14 13:30:00-04:00,6.820000171661377,6.835000038146973,6.820000171661377,6.829999923706055,11811,0.0,0.0
2024-05-14 14:30:00-04:00,6.829999923706055,6.84499979019165,6.800000190734863,6.804999828338623,17650,0.0,0.0
2024-05-14 15:30:00-04:00,6.804999828338623,6.824999809265137,6.800000190734863,6.809999942779541,22283,0.0,0.0
2024-05-15 09:30:00-04:00,6.889999866485596,6.925000190734863,6.849999904632568,6.914999961853027,29703,0.0,0.0
2024-05-15 10:30:00-04:00,6.914999961853027,6.925000190734863,6.900000095367432,6.914999961853027,27011,0.0,0.0
2024-05-15 11:30:00-04:00,6.920000076293945,6.949999809265137,6.909999847412109,6.945000171661377,27377,0.0,0.0
2024-05-15 12:30:00-04:00,6.945000171661377,6.960000038146973,6.920100212097168,6.945000171661377,15731,0.0,0.0
2024-05-15 13:30:00-04:00,6.949999809265137,6.960000038146973,6.934999942779541,6.940000057220459,24943,0.0,0.0
2024-05-15 14:30:00-04:00,6.940000057220459,6.954999923706055,6.925000190734863,6.929999828338623,15502,0.0,0.0
2024-05-15 15:30:00-04:00,6.929999828338623,6.96999979019165,6.925000190734863,6.96999979019165,22653,0.0,0.0
2024-05-16 09:30:00-04:00,6.989999771118164,6.989999771118164,6.934000015258789,6.949999809265137,13072,0.0,0.0
2024-05-16 10:30:00-04:00,6.960000038146973,6.96999979019165,6.949999809265137,6.950099945068359,5433,0.0,0.0
2024-05-16 11:30:00-04:00,6.940000057220459,6.96999979019165,6.930099964141846,6.96999979019165,7268,0.0,0.0
2024-05-16 12:30:00-04:00,6.974999904632568,6.987500190734863,6.96999979019165,6.980000019073486,3961,0.0,0.0
2024-05-16 13:30:00-04:00,6.980000019073486,6.980000019073486,6.960000038146973,6.980000019073486,4331,0.0,0.0
2024-05-16 14:30:00-04:00,6.980000019073486,6.980000019073486,6.960000038146973,6.960000038146973,6453,0.0,0.0
2024-05-16 15:30:00-04:00,6.954999923706055,6.980000019073486,6.954999923706055,6.980000019073486,8890,0.0,0.0
2024-05-17 09:30:00-04:00,6.989999771118164,6.989999771118164,6.900000095367432,6.940000057220459,31747,0.0,0.0
2024-05-17 10:30:00-04:00,6.940000057220459,6.940000057220459,6.900000095367432,6.920000076293945,10092,0.0,0.0
2024-05-17 11:30:00-04:00,6.925000190734863,6.945199966430664,6.909999847412109,6.940000057220459,10320,0.0,0.0
2024-05-17 12:30:00-04:00,6.929999828338623,6.959000110626221,6.920000076293945,6.947999954223633,6287,0.0,0.0
2024-05-17 13:30:00-04:00,6.945000171661377,6.96750020980835,6.945000171661377,6.949999809265137,20085,0.0,0.0
2024-05-17 14:30:00-04:00,6.940000057220459,6.980000019073486,6.940000057220459,6.949999809265137,18952,0.0,0.0
2024-05-17 15:30:00-04:00,6.949999809265137,6.96999979019165,6.940000057220459,6.968999862670898,11815,0.0,0.0
2024-05-20 09:30:00-04:00,6.949999809265137,6.980000019073486,6.940000057220459,6.96999979019165,17937,0.0,0.0
2024-05-20 10:30:00-04:00,6.980000019073486,6.980000019073486,6.949999809265137,6.960000038146973,7266,0.0,0.0
2024-05-20 11:30:00-04:00,6.965000152587891,6.96999979019165,6.949999809265137,6.949999809265137,6032,0.0,0.0
2024-05-20 12:30:00-04:00,6.949999809265137,6.949999809265137,6.929999828338623,6.934999942779541,12852,0.0,0.0
2024-05-20 13:30:00-04:00,6.925000190734863,6.925000190734863,6.909999847412109,6.910099983215332,3662,0.0,0.0
2024-05-20 14:30:00-04:00,6.925000190734863,6.925000190734863,6.900000095367432,6.900000095367432,9528,0.0,0.0
2024-05-20 15:30:00-04:00,6.880099773406982,6.900000095367432,6.880099773406982,6.900000095367432,10697,0.0,0.0
2024-05-21 09:30:00-04:00,6.889999866485596,6.920000076293945,6.860000133514404,6.900000095367432,18324,0.0,0.0
2024-05-21 10:30:00-04:00,6.900000095367432,6.90500020980835,6.860000133514404,6.869999885559082,13826,0.0,0.0
2024-05-21 11:30:00-04:00,6.880000114440918,6.885000228881836,6.8520002365112305,6.880000114440918,21415,0.0,0.0
2024-05-21 12:30:00-04:00,6.869999885559082,6.885000228881836,6.869999885559082,6.880000114440918,15889,0.0,0.0
2024-05-21 13:30:00-04:00,6.880000114440918,6.889999866485596,6.870100021362305,6.872700214385986,7618,0.0,0.0
2024-05-21 14:30:00-04:00,6.875,6.880000114440918,6.860000133514404,6.880000114440918,8875,0.0,0.0
2024-05-21 15:30:00-04:00,6.875,6.909999847412109,6.869999885559082,6.900000095367432,26675,0.0,0.0
2024-05-22 09:30:00-04:00,6.869999885559082,6.900000095367432,6.84499979019165,6.869999885559082,15598,0.0,0.0
2024-05-22 10:30:00-04:00,6.875,6.889999866485596,6.869999885559082,6.869999885559082,5577,0.0,0.0
2024-05-22 11:30:00-04:00,6.869999885559082,6.889999866485596,6.835000038146973,6.885000228881836,13871,0.0,0.0
2024-05-22 12:30:00-04:00,6.889999866485596,6.920000076293945,6.875,6.875,17630,0.0,0.0
2024-05-22 13:30:00-04:00,6.875199794769287,6.900000095367432,6.849999904632568,6.849999904632568,12634,0.0,0.0
2024-05-22 14:30:00-04:00,6.829999923706055,6.869999885559082,6.809999942779541,6.860000133514404,28230,0.0,0.0
2024-05-22 15:30:00-04:00,6.869999885559082,6.869999885559082,6.840000152587891,6.840000152587891,17727,0.0,0.0
2024-05-23 09:30:00-04:00,6.860000133514404,6.860000133514404,6.760000228881836,6.800000190734863,17524,0.0,0.0
2024-05-23 10:30:00-04:00,6.800000190734863,6.800000190734863,6.75,6.769999980926514,18923,0.0,0.0
2024-05-23 11:30:00-04:00,6.764999866485596,6.764999866485596,6.75,6.75,6381,0.0,0.0
2024-05-23 12:30:00-04:00,6.75,6.75,6.670000076293945,6.710000038146973,25701,0.0,0.0
2024-05-23 13:30:00-04:00,6.710000038146973,6.710000038146973,6.650000095367432,6.659999847412109,26642,0.0,0.0
2024-05-23 14:30:00-04:00,6.659999847412109,6.679999828338623,6.630000114440918,6.644999980926514,37064,0.0,0.0
2024-05-23 15:30:00-04:00,6.644999980926514,6.659999847412109,6.619999885559082,6.659999847412109,24330,0.0,0.0
2024-05-24 09:30:00-04:00,6.650000095367432,6.711400032043457,6.610000133514404,6.690000057220459,16714,0.0,0.0
2024-05-24 10:30:00-04:00,6.699999809265137,6.710000038146973,6.670000076293945,6.670000076293945,17819,0.0,0.0
2024-05-24 11:30:00-04:00,6.675000190734863,6.679999828338623,6.659999847412109,6.679999828338623,7119,0.0,0.0
2024-05-24 12:30:00-04:00,6.675000190734863,6.675000190734863,6.619999885559082,6.640500068664551,10983,0.0,0.0
2024-05-24 13:30:00-04:00,6.639999866485596,6.659999847412109,6.625,6.65500020980835,16318,0.0,0.0
2024-05-24 14:30:00-04:00,6.650000095367432,6.675000190734863,6.650000095367432,6.650000095367432,13889,0.0,0.0
2024-05-24 15:30:00-04:00,6.650000095367432,6.664999961853027,6.650000095367432,6.659999847412109,10807,0.0,0.0
2024-05-28 09:30:00-04:00,6.699999809265137,6.769999980926514,6.690000057220459,6.699999809265137,69166,0.0,0.0
2024-05-28 10:30:00-04:00,6.699999809265137,6.724999904632568,6.690000057220459,6.724999904632568,10535,0.0,0.0
2024-05-28 11:30:00-04:00,6.71999979019165,6.730000019073486,6.715000152587891,6.71999979019165,17987,0.0,0.0
2024-05-28 12:30:00-04:00,6.715000152587891,6.7220001220703125,6.679999828338623,6.684999942779541,16911,0.0,0.0
2024-05-28 13:30:00-04:00,6.679999828338623,6.684999942779541,6.639999866485596,6.644999980926514,23746,0.0,0.0
2024-05-28 14:30:00-04:00,6.649899959564209,6.664999961853027,6.639999866485596,6.65500020980835,19590,0.0,0.0
2024-05-28 15:30:00-04:00,6.650000095367432,6.670000076293945,6.635000228881836,6.670000076293945,30253,0.0,0.0
2024-05-29 09:30:00-04:00,6.599999904632568,6.635000228881836,6.570000171661377,6.590000152587891,13154,0.0,0.0
2024-05-29 10:30:00-04:00,6.590000152587891,6.590000152587891,6.570000171661377,6.579999923706055,4958,0.0,0.0
2024-05-29 11:30:00-04:00,6.579999923706055,6.58519983291626,6.539999961853027,6.579999923706055,10887,0.0,0.0
2024-05-29 12:30:00-04:00,6.579999923706055,6.579999923706055,6.559999942779541,6.574999809265137,7031,0.0,0.0
2024-05-29 13:30:00-04:00,6.574999809265137,6.574999809265137,6.550000190734863,6.550000190734863,5078,0.0,0.0
2024-05-29 14:30:00-04:00,6.554999828338623,6.610000133514404,6.545000076293945,6.599999904632568,21933,0.0,0.0
2024-05-29 15:30:00-04:00,6.590000152587891,6.610000133514404,6.570000171661377,6.590000152587891,29823,0.0,0.0
2024-05-30 09:30:00-04:00,6.739999771118164,6.75,6.675000190734863,6.679999828338623,22987,0.0,0.0
2024-05-30 10:30:00-04:00,6.684999942779541,6.710000038146973,6.679999828338623,6.704999923706055,14513,0.0,0.0
2024-05-30 11:30:00-04:00,6.710000038146973,6.739999771118164,6.699999809265137,6.739999771118164,8830,0.0,0.0
2024-05-30 12:30:00-04:00,6.739999771118164,6.739999771118164,6.710100173950195,6.730000019073486,43983,0.0,0.0
2024-05-30 13:30:00-04:00,6.730000019073486,6.744999885559082,6.724999904632568,6.739999771118164,19616,0.0,0.0
2024-05-30 14:30:00-04:00,6.739999771118164,6.769999980926514,6.739999771118164,6.750100135803223,31349,0.0,0.0
2024-05-30 15:30:00-04:00,6.75,6.775000095367432,6.71999979019165,6.769999980926514,39604,0.0,0.0
2024-05-31 09:30:00-04:00,6.800000190734863,6.839900016784668,6.731100082397461,6.75,24464,0.0,0.0
2024-05-31 10:30:00-04:00,6.739999771118164,6.75,6.699999809265137,6.73799991607666,20189,0.0,0.0
2024-05-31 11:30:00-04:00,6.730000019073486,6.730000019073486,6.699999809265137,6.710000038146973,20294,0.0,0.0
2024-05-31 12:30:00-04:00,6.71999979019165,6.78000020980835,6.710000038146973,6.78000020980835,12208,0.0,0.0
2024-05-31 13:30:00-04:00,6.760000228881836,6.791100025177002,6.760000228881836,6.78000020980835,16984,0.0,0.0
2024-05-31 14:30:00-04:00,6.78000020980835,6.789999961853027,6.764999866485596,6.784999847412109,19775,0.0,0.0
2024-05-31 15:30:00-04:00,6.784999847412109,6.809999942779541,6.784900188446045,6.800000190734863,27523,0.0,0.0
2024-06-03 09:30:00-04:00,6.929999828338623,6.940000057220459,6.840000152587891,6.840000152587891,24267,0.0,0.0
2024-06-03 10:30:00-04:00,6.849999904632568,6.860000133514404,6.829999923706055,6.849999904632568,13009,0.0,0.0
2024-06-03 11:30:00-04:00,6.84089994430542,6.84499979019165,6.809999942779541,6.815000057220459,11240,0.0,0.0
2024-06-03 12:30:00-04:00,6.809999942779541,6.835000038146973,6.80019998550415,6.824999809265137,22942,0.0,0.0
2024-06-03 13:30:00-04:00,6.824999809265137,6.84499979019165,6.815000057220459,6.84499979019165,12425,0.0,0.0
2024-06-03 14:30:00-04:00,6.84499979019165,6.889999866485596,6.8420000076293945,6.860000133514404,34299,0.0,0.0
2024-06-03 15:30:00-04:00,6.860000133514404,6.894999980926514,6.849999904632568,6.869999885559082,59332,0.0,0.0
2024-06-04 09:30:00-04:00,6.849999904632568,6.900000095367432,6.849999904632568,6.860000133514404,39986,0.0,0.0
2024-06-04 10:30:00-04:00,6.867300033569336,6.867300033569336,6.820000171661377,6.820000171661377,8376,0.0,0.0
2024-06-04 11:30:00-04:00,6.815000057220459,6.815000057220459,6.78000020980835,6.809999942779541,14488,0.0,0.0
2024-06-04 12:30:00-04:00,6.820000171661377,6.8302001953125,6.800000190734863,6.824999809265137,27340,0.0,0.0
2024-06-04 13:30:00-04:00,6.824999809265137,6.849999904632568,6.820000171661377,6.84499979019165,8146,0.0,0.0
2024-06-04 14:30:00-04:00,6.84499979019165,6.84499979019165,6.800000190734863,6.824999809265137,24837,0.0,0.0
2024-06-04 15:30:00-04:00,6.829999923706055,6.840000152587891,6.809999942779541,6.829999923706055,40244,0.0,0.0
2024-06-05 09:30:00-04:00,6.849999904632568,6.869999885559082,6.809999942779541,6.840000152587891,12877,0.0,0.0
2024-06-05 10:30:00-04:00,6.8394999504089355,6.889999866485596,6.835000038146973,6.888000011444092,31315,0.0,0.0
2024-06-05 11:30:00-04:00,6.88070011138916,6.919300079345703,6.870100021362305,6.90500020980835,35133,0.0,0.0
2024-06-05 12:30:00-04:00,6.909999847412109,6.920000076293945,6.889999866485596,6.904600143432617,25241,0.0,0.0
2024-06-05 13:30:00-04:00,6.897600173950195,6.929999828338623,6.894999980926514,6.925000190734863,20107,0.0,0.0
2024-06-05 14:30:00-04:00,6.920000076293945,6.940000057220459,6.920000076293945,6.940000057220459,13468,0.0,0.0
2024-06-05 15:30:00-04:00,6.940000057220459,6.949999809265137,6.920000076293945,6.940000057220459,29769,0.0,0.0
2024-06-06 09:30:00-04:00,6.949999809265137,6.949999809265137,6.880000114440918,6.883999824523926,20141,0.0,0.0
2024-06-06 10:30:00-04:00,6.889699935913086,6.889699935913086,6.849999904632568,6.869999885559082,28804,0.0,0.0
2024-06-06 11:30:00-04:00,6.869999885559082,6.875,6.855000019073486,6.855000019073486,14462,0.0,0.0
2024-06-06 12:30:00-04:00,6.855000019073486,6.880000114440918,6.855000019073486,6.875,10541,0.0,0.0
2024-06-06 13:30:00-04:00,6.875,6.889999866485596,6.875,6.880000114440918,14300,0.0,0.0
2024-06-06 14:30:00-04:00,6.880000114440918,6.909999847412109,6.875,6.888000011444092,27199,0.0,0.0
2024-06-06 15:30:00-04:00,6.885000228881836,6.889999866485596,6.860000133514404,6.860000133514404,21454,0.0,0.0
2024-06-07 09:30:00-04:00,6.820000171661377,6.860000133514404,6.78000020980835,6.849999904632568,22616,0.0,0.0
2024-06-07 10:30:00-04:00,6.849999904632568,6.849999904632568,6.769999980926514,6.78000020980835,9261,0.0,0.0
2024-06-07 11:30:00-04:00,6.769999980926514,6.795000076293945,6.769999980926514,6.795000076293945,5189,0.0,0.0
2024-06-07 12:30:00-04:00,6.795000076293945,6.804999828338623,6.78000020980835,6.784999847412109,10179,0.0,0.0
2024-06-07 13:30:00-04:00,6.784999847412109,6.784999847412109,6.738399982452393,6.755000114440918,24397,0.0,0.0
2024-06-07 14:30:00-04:00,6.7571001052856445,6.784999847412109,6.755000114440918,6.78000020980835,21009,0.0,0.0
2024-06-07 15:30:00-04:00,6.775000095367432,6.809999942779541,6.775000095367432,6.797999858856201,19895,0.0,0.0
2024-06-10 09:30:00-04:00,6.699999809265137,6.78000020980835,6.699999809265137,6.735000133514404,16099,0.0,0.0
2024-06-10 10:30:00-04:00,6.73199987411499,6.75,6.71999979019165,6.75,9545,0.0,0.0
2024-06-10 11:30:00-04:00,6.75,6.769999980926514,6.739999771118164,6.766600131988525,14702,0.0,0.0
2024-06-10 12:30:00-04:00,6.7600998878479,6.789999961853027,6.739999771118164,6.744999885559082,7975,0.0,0.0
2024-06-10 13:30:00-04:00,6.75,6.78000020980835,6.740099906921387,6.769999980926514,9143,0.0,0.0
2024-06-10 14:30:00-04:00,6.760000228881836,6.775000095367432,6.755000114440918,6.755000114440918,7632,0.0,0.0
2024-06-10 15:30:00-04:00,6.75,6.75,6.730000019073486,6.735000133514404,14506,0.0,0.0
2024-06-11 09:30:00-04:00,6.679999828338623,6.710000038146973,6.670000076293945,6.679999828338623,15687,0.0,0.0
2024-06-11 10:30:00-04:00,6.670000076293945,6.690000057220459,6.670000076293945,6.690000057220459,7998,0.0,0.0
2024-06-11 11:30:00-04:00,6.699999809265137,6.699999809265137,6.650000095367432,6.659999847412109,17243,0.0,0.0
2024-06-11 12:30:00-04:00,6.659999847412109,6.679999828338623,6.650000095367432,6.65500020980835,6111,0.0,0.0
2024-06-11 13:30:00-04:00,6.65500020980835,6.684999942779541,6.65500020980835,6.675000190734863,14953,0.0,0.0
2024-06-11 14:30:00-04:00,6.679999828338623,6.704999923706055,6.675000190734863,6.695000171661377,13349,0.0,0.0
2024-06-11 15:30:00-04:00,6.695000171661377,6.699999809265137,6.670000076293945,6.679999828338623,21815,0.0,0.0
2024-06-12 09:30:00-04:00,6.880000114440918,6.949999809265137,6.829999923706055,6.829999923706055,43713,0.0,0.0
2024-06-12 10:30:00-04:00,6.829999923706055,6.869999885559082,6.824999809265137,6.829999923706055,42091,0.0,0.0
2024-06-12 11:30:00-04:00,6.820000171661377,6.849999904632568,6.820000171661377,6.840000152587891,8590,0.0,0.0
2024-06-12 12:30:00-04:00,6.829999923706055,6.84499979019165,6.829999923706055,6.835000038146973,11511,0.0,0.0
2024-06-12 13:30:00-04:00,6.829999923706055,6.835000038146973,6.809999942779541,6.815000057220459,20512,0.0,0.0
2024-06-12 14:30:00-04:00,6.820000171661377,6.820000171661377,6.760000228881836,6.760000228881836,29838,0.0,0.0
2024-06-12 15:30:00-04:00,6.760000228881836,6.78000020980835,6.75,6.75,28187,0.0,0.0
2024-06-13 09:30:00-04:00,6.769999980926514,6.804999828338623,6.760000228881836,6.775000095367432,17290,0.0,0.0
2024-06-13 10:30:00-04:00,6.78000020980835,6.809999942779541,6.769999980926514,6.784999847412109,32042,0.0,0.0
2024-06-13 11:30:00-04:00,6.78000020980835,6.789999961853027,6.769999980926514,6.78000020980835,22884,0.0,0.0
2024-06-13 12:30:00-04:00,6.78000020980835,6.829999923706055,6.78000020980835,6.824999809265137,15652,0.0,0.0
2024-06-13 13:30:00-04:00,6.824999809265137,6.829999923706055,6.800000190734863,6.800000190734863,15156,0.0,0.0
2024-06-13 14:30:00-04:00,6.795000076293945,6.800000190734863,6.784999847412109,6.800000190734863,9533,0.0,0.0
2024-06-13 15:30:00-04:00,6.78000020980835,6.800000190734863,6.78000020980835,6.784999847412109,12749,0.0,0.0
2024-06-14 09:30:00-04:00,6.840000152587891,6.880000114440918,6.820000171661377,6.835000038146973,41354,0.0,0.0
2024-06-14 10:30:00-04:00,6.829999923706055,6.849999904632568,6.820000171661377,6.84499979019165,23220,0.0,0.0
2024-06-14 11:30:00-04:00,6.84499979019165,6.849999904632568,6.829999923706055,6.829999923706055,14849,0.0,0.0
2024-06-14 12:30:00-04:00,6.835000038146973,6.8480000495910645,6.829999923706055,6.844600200653076,9140,0.0,0.0
2024-06-14 13:30:00-04:00,6.840000152587891,6.840000152587891,6.820000171661377,6.824999809265137,14959,0.0,0.0
2024-06-14 14:30:00-04:00,6.824999809265137,6.829999923706055,6.809999942779541,6.829999923706055,15623,0.0,0.0
2024-06-14 15:30:00-04:00,6.840000152587891,6.889999866485596,6.835000038146973,6.889999866485596,38923,0.0,0.0
2024-06-17 09:30:00-04:00,6.840000152587891,6.860000133514404,6.820000171661377,6.849999904632568,15471,0.0,0.0
2024-06-17 10:30:00-04:00,6.860000133514404,6.880000114440918,6.849999904632568,6.880000114440918,15212,0.0,0.0
2024-06-17 11:30:00-04:00,6.889999866485596,6.920000076293945,6.869999885559082,6.914999961853027,26144,0.0,0.0
2024-06-17 12:30:00-04:00,6.914999961853027,6.929999828338623,6.909999847412109,6.925000190734863,7317,0.0,0.0
2024-06-17 13:30:00-04:00,6.925000190734863,6.929999828338623,6.909999847412109,6.929900169372559,15809,0.0,0.0
2024-06-17 14:30:00-04:00,6.925000190734863,6.940000057220459,6.900000095367432,6.909999847412109,34526,0.0,0.0
2024-06-17 15:30:00-04:00,6.920000076293945,6.920000076293945,6.900000095367432,6.914999961853027,38711,0.0,0.0
2024-06-18 09:30:00-04:00,6.920000076293945,6.940000057220459,6.900000095367432,6.909999847412109,17136,0.0,0.0
2024-06-18 10:30:00-04:00,6.909999847412109,6.9120001792907715,6.875,6.875,11857,0.0,0.0
2024-06-18 11:30:00-04:00,6.879899978637695,6.885000228881836,6.869999885559082,6.875,9130,0.0,0.0
2024-06-18 12:30:00-04:00,6.880000114440918,6.880000114440918,6.849999904632568,6.860000133514404,14876,0.0,0.0
2024-06-18 13:30:00-04:00,6.860000133514404,6.860000133514404,6.809999942779541,6.815000057220459,18559,0.0,0.0
2024-06-18 14:30:00-04:00,6.813799858093262,6.860000133514404,6.800000190734863,6.829999923706055,36384,0.0,0.0
2024-06-18 15:30:00-04:00,6.829999923706055,6.880000114440918,6.829999923706055,6.849999904632568,36675,0.0,0.0
2024-06-20 09:30:00-04:00,6.840000152587891,6.864999771118164,6.809999942779541,6.864999771118164,18261,0.0,0.0
2024-06-20 10:30:00-04:00,6.864999771118164,6.864999771118164,6.795000076293945,6.804999828338623,30673,0.0,0.0
2024-06-20 11:30:00-04:00,6.809999942779541,6.815000057220459,6.789999961853027,6.789999961853027,14713,0.0,0.0
2024-06-20 12:30:00-04:00,6.789999961853027,6.797900199890137,6.77269983291626,6.775000095367432,14131,0.0,0.0
2024-06-20 13:30:00-04:00,6.775000095367432,6.820000171661377,6.769999980926514,6.820000171661377,23705,0.0,0.0
2024-06-20 14:30:00-04:00,6.820000171661377,6.829999923706055,6.784999847412109,6.809999942779541,37810,0.0,0.0
2024-06-20 15:30:00-04:00,6.809999942779541,6.840000152587891,6.800000190734863,6.829999923706055,41104,0.0,0.0
2024-06-21 09:30:00-04:00,6.829999923706055,6.860000133514404,6.809999942779541,6.855000019073486,29688,0.0,0.0
2024-06-21 10:30:00-04:00,6.855000019073486,6.900000095367432,6.849999904632568,6.849999904632568,33357,0.0,0.0
2024-06-21 11:30:00-04:00,6.840000152587891,6.849999904632568,6.809999942779541,6.829999923706055,15793,0.0,0.0
2024-06-21 12:30:00-04:00,6.829999923706055,6.847700119018555,6.820000171661377,6.824999809265137,15728,0.0,0.0
2024-06-21 13:30:00-04:00,6.820000171661377,6.840000152587891,6.809999942779541,6.840000152587891,11263,0.0,0.0
2024-06-21 14:30:00-04:00,6.835000038146973,6.864999771118164,6.820000171661377,6.860000133514404,17291,0.0,0.0
2024-06-21 15:30:00-04:00,6.869999885559082,6.980000019073486,6.861100196838379,6.947999954223633,138840,0.0,0.0
2024-06-24 09:30:00-04:00,6.929999828338623,6.96999979019165,6.889999866485596,6.889999866485596,32997,0.0,0.0
2024-06-24 10:30:00-04:00,6.885000228881836,6.889999866485596,6.829999923706055,6.829999923706055,27138,0.0,0.0
2024-06-24 11:30:00-04:00,6.829999923706055,6.829999923706055,6.78000020980835,6.800000190734863,39756,0.0,0.0
2024-06-24 12:30:00-04:00,6.804999828338623,6.835000038146973,6.789999961853027,6.835000038146973,19375,0.0,0.0
2024-06-24 13:30:00-04:00,6.829999923706055,6.849999904632568,6.815000057220459,6.829999923706055,44861,0.0,0.0
2024-06-24 14:30:00-04:00,6.829999923706055,6.860000133514404,6.829999923706055,6.84499979019165,29640,0.0,0.0
2024-06-24 15:30:00-04:00,6.84499979019165,6.849999904632568,6.829999923706055,6.830999851226807,26769,0.0,0.0
2024-06-25 09:30:00-04:00,6.849999904632568,6.851399898529053,6.800000190734863,6.829800128936768,21156,0.0,0.0
2024-06-25 10:30:00-04:00,6.829999923706055,6.840000152587891,6.809999942779541,6.815000057220459,13481,0.0,0.0
2024-06-25 11:30:00-04:00,6.815000057220459,6.829999923706055,6.809999942779541,6.820000171661377,11491,0.0,0.0
2024-06-25 12:30:00-04:00,6.809999942779541,6.840000152587891,6.769999980926514,6.78000020980835,72105,0.0,0.0
2024-06-25 13:30:00-04:00,6.784999847412109,6.835000038146973,6.784999847412109,6.795000076293945,19672,0.0,0.0
2024-06-25 14:30:00-04:00,6.795000076293945,6.795000076293945,6.760000228881836,6.764999866485596,65542,0.0,0.0
2024-06-25 15:30:00-04:00,6.764999866485596,6.764999866485596,6.710000038146973,6.75,90932,0.0,0.0
2024-06-26 09:30:00-04:00,6.71999979019165,6.809999942779541,6.650000095367432,6.71999979019165,56067,0.0,0.0
2024-06-26 10:30:00-04:00,6.71999979019165,6.760000228881836,6.699999809265137,6.760000228881836,45300,0.0,0.0
2024-06-26 11:30:00-04:00,6.760000228881836,6.760000228881836,6.730000019073486,6.744999885559082,21091,0.0,0.0
2024-06-26 12:30:00-04:00,6.75,6.769999980926514,6.730000019073486,6.735000133514404,35711,0.0,0.0
2024-06-26 13:30:00-04:00,6.735000133514404,6.769999980926514,6.730000019073486,6.769999980926514,34799,0.0,0.0
2024-06-26 14:30:00-04:00,6.769999980926514,6.800000190734863,6.769999980926514,6.784999847412109,31128,0.0,0.0
2024-06-26 15:30:00-04:00,6.784999847412109,6.809999942779541,6.784999847412109,6.800000190734863,53275,0.0,0.0
2024-06-27 09:30:00-04:00,6.880000114440918,6.889999866485596,6.710000038146973,6.710000038146973,44664,0.0,0.0
2024-06-27 10:30:00-04:00,6.729899883270264,6.739999771118164,6.710000038146973,6.730000019073486,48440,0.0,0.0
2024-06-27 11:30:00-04:00,6.71999979019165,6.71999979019165,6.650000095367432,6.70989990234375,113051,0.0,0.0
2024-06-27 12:30:00-04:00,6.699999809265137,6.704999923706055,6.650000095367432,6.659999847412109,45053,0.0,0.0
2024-06-27 13:30:00-04:00,6.659999847412109,6.679999828338623,6.639999866485596,6.650000095367432,51624,0.0,0.0
2024-06-27 14:30:00-04:00,6.650000095367432,6.710000038146973,6.644999980926514,6.704999923706055,48219,0.0,0.0
2024-06-27 15:30:00-04:00,6.710000038146973,6.710000038146973,6.659999847412109,6.710000038146973,74920,0.0,0.0
2024-06-28 09:30:00-04:00,6.590000152587891,6.670000076293945,6.550000190734863,6.670000076293945,78473,0.0,0.0
2024-06-28 10:30:00-04:00,6.670000076293945,6.690000057220459,6.610000133514404,6.679999828338623,74394,0.0,0.0
2024-06-28 11:30:00-04:00,6.679999828338623,6.679999828338623,6.630000114440918,6.650000095367432,93924,0.0,0.0
2024-06-28 12:30:00-04:00,6.650000095367432,6.659999847412109,6.599999904632568,6.599999904632568,82746,0.0,0.0
2024-06-28 13:30:00-04:00,6.59499979019165,6.610000133514404,6.570000171661377,6.599999904632568,71739,0.0,0.0
2024-06-28 14:30:00-04:00,6.599999904632568,6.605000019073486,6.559999942779541,6.559999942779541,46413,0.0,0.0
2024-06-28 15:30:00-04:00,6.565000057220459,6.659999847412109,6.559999942779541,6.639999866485596,178780,0.0,0.0
2024-07-01 09:30:00-04:00,6.630000114440918,6.630000114440918,6.510000228881836,6.519999980926514,100419,0.0,0.0
2024-07-01 10:30:00-04:00,6.514999866485596,6.579999923706055,6.510000228881836,6.559999942779541,41653,0.0,0.0
2024-07-01 11:30:00-04:00,6.559999942779541,6.579999923706055,6.539999961853027,6.550000190734863,23103,0.0,0.0
2024-07-01 12:30:00-04:00,6.539999961853027,6.550000190734863,6.510000228881836,6.525000095367432,34116,0.0,0.0
2024-07-01 13:30:00-04:00,6.53000020980835,6.539999961853027,6.480000019073486,6.480000019073486,86758,0.0,0.0
2024-07-01 14:30:00-04:00,6.480000019073486,6.525000095367432,6.454999923706055,6.519999980926514,45430,0.0,0.0
2024-07-01 15:30:00-04:00,6.519999980926514,6.559999942779541,6.510000228881836,6.550000190734863,50623,0.0,0.0
2024-07-02 09:30:00-04:00,6.519999980926514,6.590000152587891,6.480000019073486,6.579999923706055,41490,0.0,0.0
2024-07-02 10:30:00-04:00,6.579999923706055,6.588099956512451,6.539999961853027,6.554999828338623,31791,0.0,0.0
2024-07-02 11:30:00-04:00,6.554999828338623,6.559999942779541,6.545000076293945,6.550000190734863,21184,0.0,0.0
2024-07-02 12:30:00-04:00,6.539999961853027,6.554999828338623,6.525000095367432,6.534999847412109,30666,0.0,0.0
2024-07-02 13:30:00-04:00,6.53000020980835,6.539999961853027,6.514999866485596,6.539999961853027,23147,0.0,0.0
2024-07-02 14:30:00-04:00,6.539899826049805,6.565000057220459,6.525000095367432,6.554999828338623,43092,0.0,0.0
2024-07-02 15:30:00-04:00,6.559999942779541,6.570000171661377,6.550000190734863,6.565000057220459,41997,0.0,0.0
2024-07-03 09:30:00-04:00,6.579999923706055,6.641200065612793,6.565000057220459,6.630000114440918,36527,0.0,0.0
2024-07-03 10:30:00-04:00,6.630000114440918,6.65500020980835,6.599999904632568,6.610099792480469,44376,0.0,0.0
2024-07-03 11:30:00-04:00,6.610000133514404,6.625,6.599999904632568,6.614999771118164,23059,0.0,0.0
2024-07-05 09:30:00-04:00,6.619999885559082,6.659900188446045,6.619999885559082,6.650000095367432,28113,0.0,0.0
2024-07-05 10:30:00-04:00,6.644999980926514,6.699999809265137,6.630000114440918,6.690000057220459,52692,0.0,0.0
2024-07-05 11:30:00-04:00,6.679999828338623,6.679999828338623,6.650000095367432,6.650000095367432,17373,0.0,0.0
2024-07-05 12:30:00-04:00,6.644999980926514,6.659999847412109,6.644999980926514,6.659999847412109,6624,0.0,0.0
2024-07-05 13:30:00-04:00,6.650000095367432,6.670000076293945,6.650000095367432,6.65500020980835,22237,0.0,0.0
2024-07-05 14:30:00-04:00,6.650000095367432,6.659999847412109,6.639999866485596,6.639999866485596,22217,0.0,0.0
2024-07-05 15:30:00-04:00,6.644999980926514,6.679999828338623,6.639999866485596,6.659999847412109,26060,0.0,0.0
2024-07-08 09:30:00-04:00,6.699999809265137,6.71999979019165,6.670000076293945,6.710000038146973,26788,0.0,0.0
2024-07-08 10:30:00-04:00,6.699999809265137,6.710000038146973,6.679999828338623,6.679999828338623,14640,0.0,0.0
2024-07-08 11:30:00-04:00,6.670000076293945,6.690000057220459,6.670000076293945,6.690000057220459,9592,0.0,0.0
2024-07-08 12:30:00-04:00,6.679999828338623,6.704999923706055,6.679999828338623,6.690000057220459,22201,0.0,0.0
2024-07-08 13:30:00-04:00,6.690000057220459,6.699999809265137,6.659999847412109,6.679999828338623,28813,0.0,0.0
2024-07-08 14:30:00-04:00,6.679999828338623,6.690000057220459,6.659999847412109,6.675000190734863,23545,0.0,0.0
2024-07-08 15:30:00-04:00,6.670000076293945,6.690000057220459,6.670000076293945,6.690000057220459,32260,0.0,0.0
2024-07-09 09:30:00-04:00,6.659999847412109,6.710000038146973,6.651899814605713,6.671599864959717,23132,0.0,0.0
2024-07-09 10:30:00-04:00,6.6809000968933105,6.690000057220459,6.678800106048584,6.679999828338623,16544,0.0,0.0
2024-07-09 11:30:00-04:00,6.679999828338623,6.699999809265137,6.679999828338623,6.699999809265137,11304,0.0,0.0
2024-07-09 12:30:00-04:00,6.690000057220459,6.710000038146973,6.679999828338623,6.690000057220459,24259,0.0,0.0
2024-07-09 13:30:00-04:00,6.679999828338623,6.690000057220459,6.670000076293945,6.679999828338623,16379,0.0,0.0
2024-07-09 14:30:00-04:00,6.679999828338623,6.679999828338623,6.659999847412109,6.67080020904541,26449,0.0,0.0
2024-07-09 15:30:00-04:00,6.675000190734863,6.684999942779541,6.659999847412109,6.670000076293945,32965,0.0,0.0
2024-07-10 09:30:00-04:00,6.690000057220459,6.7399001121521,6.690000057220459,6.7399001121521,19706,0.0,0.0
2024-07-10 10:30:00-04:00,6.75,6.78000020980835,6.744999885559082,6.78000020980835,23981,0.0,0.0
2024-07-10 11:30:00-04:00,6.78000020980835,6.789999961853027,6.760000228881836,6.780700206756592,28879,0.0,0.0
2024-07-10 12:30:00-04:00,6.78000020980835,6.824999809265137,6.779900074005127,6.820000171661377,32430,0.0,0.0
2024-07-10 13:30:00-04:00,6.810100078582764,6.840000152587891,6.809999942779541,6.829999923706055,28750,0.0,0.0
2024-07-10 14:30:00-04:00,6.839099884033203,6.849999904632568,6.820000171661377,6.849999904632568,26096,0.0,0.0
2024-07-10 15:30:00-04:00,6.855000019073486,6.880000114440918,6.849999904632568,6.875,32142,0.0,0.0
2024-07-11 09:30:00-04:00,6.949999809265137,7.070000171661377,6.920000076293945,7.059999942779541,77785,0.0,0.0
2024-07-11 10:30:00-04:00,7.059999942779541,7.09499979019165,7.050000190734863,7.090000152587891,44080,0.0,0.0
2024-07-11 11:30:00-04:00,7.09499979019165,7.130000114440918,7.059999942779541,7.130000114440918,31671,0.0,0.0
2024-07-11 12:30:00-04:00,7.139200210571289,7.190000057220459,7.139200210571289,7.180099964141846,46026,0.0,0.0
2024-07-11 13:30:00-04:00,7.179999828338623,7.179999828338623,7.139999866485596,7.139999866485596,31860,0.0,0.0
2024-07-11 14:30:00-04:00,7.139999866485596,7.150000095367432,7.130000114440918,7.144999980926514,27329,0.0,0.0
2024-07-11 15:30:00-04:00,7.150000095367432,7.179999828338623,7.139999866485596,7.159999847412109,51106,0.0,0.0
2024-07-12 09:30:00-04:00,7.179999828338623,7.230000019073486,7.159999847412109,7.190000057220459,64787,0.0,0.0
2024-07-12 10:30:00-04:00,7.190000057220459,7.21999979019165,7.179999828338623,7.202600002288818,22842,0.0,0.0
2024-07-12 11:30:00-04:00,7.2083001136779785,7.210000038146973,7.1691999435424805,7.170000076293945,39026,0.0,0.0
2024-07-12 12:30:00-04:00,7.170000076293945,7.179999828338623,7.150000095367432,7.179999828338623,11528,0.0,0.0
2024-07-12 13:30:00-04:00,7.179999828338623,7.199100017547607,7.175000190734863,7.175000190734863,9179,0.0,0.0
2024-07-12 14:30:00-04:00,7.179900169372559,7.21999979019165,7.170000076293945,7.204999923706055,40260,0.0,0.0
2024-07-12 15:30:00-04:00,7.210000038146973,7.255000114440918,7.210000038146973,7.244999885559082,66809,0.0,0.0
2024-07-15 09:30:00-04:00,7.300000190734863,7.308000087738037,7.210000038146973,7.239999771118164,31310,0.0,0.0
2024-07-15 10:30:00-04:00,7.239999771118164,7.387800216674805,7.239999771118164,7.375,65721,0.0,0.0
2024-07-15 11:30:00-04:00,7.380000114440918,7.400000095367432,7.3379998207092285,7.349999904632568,33757,0.0,0.0
2024-07-15 12:30:00-04:00,7.349999904632568,7.349999904632568,7.309299945831299,7.32889986038208,27915,0.0,0.0
2024-07-15 13:30:00-04:00,7.329999923706055,7.349999904632568,7.309999942779541,7.349999904632568,23438,0.0,0.0
2024-07-15 14:30:00-04:00,7.340000152587891,7.364999771118164,7.329999923706055,7.360000133514404,38662,0.0,0.0
2024-07-15 15:30:00-04:00,7.369999885559082,7.380000114440918,7.349999904632568,7.369999885559082,44451,0.0,0.0
2024-07-16 09:30:00-04:00,7.400000095367432,7.460000038146973,7.389999866485596,7.454999923706055,45355,0.0,0.0
2024-07-16 10:30:00-04:00,7.449999809265137,7.454999923706055,7.369999885559082,7.445000171661377,29066,0.0,0.0
2024-07-16 11:30:00-04:00,7.449999809265137,7.468999862670898,7.429999828338623,7.440000057220459,17249,0.0,0.0
2024-07-16 12:30:00-04:00,7.440000057220459,7.460000038146973,7.429999828338623,7.460000038146973,15063,0.0,0.0
2024-07-16 13:30:00-04:00,7.460000038146973,7.5,7.460000038146973,7.5,14822,0.0,0.0
2024-07-16 14:30:00-04:00,7.494999885559082,7.534999847412109,7.489999771118164,7.5096001625061035,44545,0.0,0.0
2024-07-16 15:30:00-04:00,7.505000114440918,7.519999980926514,7.485000133514404,7.514999866485596,35859,0.0,0.0
2024-07-17 09:30:00-04:00,7.519999980926514,7.630000114440918,7.5,7.590000152587891,51345,0.0,0.0
2024-07-17 10:30:00-04:00,7.592700004577637,7.619699954986572,7.590000152587891,7.593900203704834,27440,0.0,0.0
2024-07-17 11:30:00-04:00,7.599999904632568,7.599999904632568,7.559999942779541,7.570000171661377,12189,0.0,0.0
2024-07-17 12:30:00-04:00,7.570000171661377,7.599999904632568,7.5192999839782715,7.539999961853027,29403,0.0,0.0
2024-07-17 13:30:00-04:00,7.550000190734863,7.630000114440918,7.550000190734863,7.599999904632568,32450,0.0,0.0
2024-07-17 14:30:00-04:00,7.604700088500977,7.610000133514404,7.539999961853027,7.590000152587891,62626,0.0,0.0
2024-07-17 15:30:00-04:00,7.590000152587891,7.590000152587891,7.539999961853027,7.579999923706055,34876,0.0,0.0
2024-07-18 09:30:00-04:00,7.53000020980835,7.650000095367432,7.53000020980835,7.650000095367432,40748,0.0,0.0
2024-07-18 10:30:00-04:00,7.642600059509277,7.642600059509277,7.560100078582764,7.570000171661377,19883,0.0,0.0
2024-07-18 11:30:00-04:00,7.569900035858154,7.579999923706055,7.489999771118164,7.5,16438,0.0,0.0
2024-07-18 12:30:00-04:00,7.5,7.559999942779541,7.5,7.554999828338623,14656,0.0,0.0
2024-07-18 13:30:00-04:00,7.559999942779541,7.559999942779541,7.46999979019165,7.46999979019165,15828,0.0,0.0
2024-07-18 14:30:00-04:00,7.460000038146973,7.489999771118164,7.434999942779541,7.449999809265137,18073,0.0,0.0
2024-07-18 15:30:00-04:00,7.449999809265137,7.489999771118164,7.449999809265137,7.460000038146973,24733,0.0,0.0
2024-07-19 09:30:00-04:00,7.510000228881836,7.539999961853027,7.489999771118164,7.53000020980835,33072,0.0,0.0
2024-07-19 10:30:00-04:00,7.534999847412109,7.550000190734863,7.510000228881836,7.510000228881836,16088,0.0,0.0
2024-07-19 11:30:00-04:00,7.510000228881836,7.539999961853027,7.5,7.5106000900268555,12729,0.0,0.0
2024-07-19 12:30:00-04:00,7.5,7.519999980926514,7.485000133514404,7.5,9546,0.0,0.0
2024-07-19 13:30:00-04:00,7.509900093078613,7.514999866485596,7.490699768066406,7.494999885559082,10586,0.0,0.0
2024-07-19 14:30:00-04:00,7.505000114440918,7.514999866485596,7.5,7.510000228881836,17738,0.0,0.0
2024-07-19 15:30:00-04:00,7.510000228881836,7.53000020980835,7.5,7.510000228881836,26058,0.0,0.0
2024-07-22 09:30:00-04:00,7.559999942779541,7.619999885559082,7.480000019073486,7.554999828338623,31103,0.0,0.0
2024-07-22 10:30:00-04:00,7.550000190734863,7.550099849700928,7.525000095367432,7.545000076293945,49357,0.0,0.0
2024-07-22 11:30:00-04:00,7.545000076293945,7.559999942779541,7.534999847412109,7.554999828338623,38552,0.0,0.0
2024-07-22 12:30:00-04:00,7.550000190734863,7.554999828338623,7.539999961853027,7.539999961853027,9666,0.0,0.0
2024-07-22 13:30:00-04:00,7.539999961853027,7.550000190734863,7.539999961853027,7.550000190734863,9778,0.0,0.0
2024-07-22 14:30:00-04:00,7.550000190734863,7.5920000076293945,7.539999961853027,7.590000152587891,40421,0.0,0.0
2024-07-22 15:30:00-04:00,7.599999904632568,7.620800018310547,7.570000171661377,7.610000133514404,77935,0.0,0.0
2024-07-23 09:30:00-04:00,7.539999961853027,7.579999923706055,7.510000228881836,7.554999828338623,58399,0.0,0.0
2024-07-23 10:30:00-04:00,7.559999942779541,7.594099998474121,7.550000190734863,7.565000057220459,27012,0.0,0.0
2024-07-23 11:30:00-04:00,7.570000171661377,7.574999809265137,7.537499904632568,7.539999961853027,28145,0.0,0.0
2024-07-23 12:30:00-04:00,7.53000020980835,7.550000190734863,7.51200008392334,7.519999980926514,19276,0.0,0.0
2024-07-23 13:30:00-04:00,7.519999980926514,7.539999961853027,7.514999866485596,7.519999980926514,13078,0.0,0.0
2024-07-23 14:30:00-04:00,7.519999980926514,7.554999828338623,7.514999866485596,7.534999847412109,26345,0.0,0.0
2024-07-23 15:30:00-04:00,7.534999847412109,7.539999961853027,7.5,7.514999866485596,45198,0.0,0.0
2024-07-24 09:30:00-04:00,7.480000019073486,7.5,7.400000095367432,7.449999809265137,26298,0.0,0.0
2024-07-24 10:30:00-04:00,7.445000171661377,7.480000019073486,7.409999847412109,7.449999809265137,14477,0.0,0.0
2024-07-24 11:30:00-04:00,7.460000038146973,7.510000228881836,7.449999809265137,7.505000114440918,22914,0.0,0.0
2024-07-24 12:30:00-04:00,7.505000114440918,7.510000228881836,7.449999809265137,7.460000038146973,37381,0.0,0.0
2024-07-24 13:30:00-04:00,7.449999809265137,7.46999979019165,7.400000095367432,7.400000095367432,27866,0.0,0.0
2024-07-24 14:30:00-04:00,7.394999980926514,7.434999942779541,7.369999885559082,7.40500020980835,32714,0.0,0.0
2024-07-24 15:30:00-04:00,7.409999847412109,7.434999942779541,7.400000095367432,7.40500020980835,53176,0.0,0.0
2024-07-25 09:30:00-04:00,7.409999847412109,7.46999979019165,7.369999885559082,7.46999979019165,25569,0.0,0.0
2024-07-25 10:30:00-04:00,7.449999809265137,7.5,7.409999847412109,7.46999979019165,15561,0.0,0.0
2024-07-25 11:30:00-04:00,7.460000038146973,7.505000114440918,7.456361770629883,7.5,7912,0.0,0.0
2024-07-25 12:30:00-04:00,7.494999885559082,7.539999961853027,7.489999771118164,7.489999771118164,15066,0.0,0.0
2024-07-25 13:30:00-04:00,7.46999979019165,7.46999979019165,7.429999828338623,7.429999828338623,10377,0.0,0.0
2024-07-25 14:30:00-04:00,7.434999942779541,7.449999809265137,7.400000095367432,7.449999809265137,11950,0.0,0.0
2024-07-25 15:30:00-04:00,7.45989990234375,7.45989990234375,7.400000095367432,7.400000095367432,24865,0.0,0.0
2024-07-26 09:30:00-04:00,7.590000152587891,7.644999980926514,7.5,7.639999866485596,44775,0.0,0.0
2024-07-26 10:30:00-04:00,7.630000114440918,7.630000114440918,7.508500099182129,7.510000228881836,49139,0.0,0.0
2024-07-26 11:30:00-04:00,7.505000114440918,7.554999828338623,7.495200157165527,7.539999961853027,22657,0.0,0.0
2024-07-26 12:30:00-04:00,7.53000020980835,7.64300012588501,7.53000020980835,7.64300012588501,28990,0.0,0.0
2024-07-26 13:30:00-04:00,7.649899959564209,7.684999942779541,7.630000114440918,7.684999942779541,23168,0.0,0.0
2024-07-26 14:30:00-04:00,7.690000057220459,7.695000171661377,7.650000095367432,7.695000171661377,36351,0.0,0.0
2024-07-26 15:30:00-04:00,7.695000171661377,7.739999771118164,7.690000057220459,7.730000019073486,61648,0.0,0.0
2024-07-29 09:30:00-04:00,7.769999980926514,7.789999961853027,7.690000057220459,7.692500114440918,43129,0.0,0.0
2024-07-29 10:30:00-04:00,7.684999942779541,7.699999809265137,7.659999847412109,7.695000171661377,9555,0.0,0.0
2024-07-29 11:30:00-04:00,7.699900150299072,7.699900150299072,7.664999961853027,7.664999961853027,13417,0.0,0.0
2024-07-29 12:30:00-04:00,7.670000076293945,7.670000076293945,7.630000114440918,7.664999961853027,15003,0.0,0.0
2024-07-29 13:30:00-04:00,7.669300079345703,7.684999942779541,7.639999866485596,7.679999828338623,22110,0.0,0.0
2024-07-29 14:30:00-04:00,7.664999961853027,7.667399883270264,7.625,7.659999847412109,27814,0.0,0.0
2024-07-29 15:30:00-04:00,7.650000095367432,7.650000095367432,7.610000133514404,7.619999885559082,43598,0.0,0.0
2024-07-30 09:30:00-04:00,7.710000038146973,7.739999771118164,7.675000190734863,7.699999809265137,27881,0.0,0.0
2024-07-30 10:30:00-04:00,7.710000038146973,7.740499973297119,7.690000057220459,7.730000019073486,21437,0.0,0.0
2024-07-30 11:30:00-04:00,7.730000019073486,7.739999771118164,7.710000038146973,7.739999771118164,17547,0.0,0.0
2024-07-30 12:30:00-04:00,7.739999771118164,7.764999866485596,7.735000133514404,7.75,16810,0.0,0.0
2024-07-30 13:30:00-04:00,7.75,7.784999847412109,7.744999885559082,7.769999980926514,19658,0.0,0.0
2024-07-30 14:30:00-04:00,7.764999866485596,7.795000076293945,7.75,7.7870001792907715,20297,0.0,0.0
2024-07-30 15:30:00-04:00,7.784999847412109,7.811100006103516,7.78000020980835,7.800000190734863,36436,0.0,0.0
2024-07-31 09:30:00-04:00,7.860000133514404,7.860000133514404,7.710000038146973,7.730000019073486,59096,0.0,0.0
2024-07-31 10:30:00-04:00,7.730000019073486,7.739999771118164,7.684999942779541,7.690000057220459,22360,0.0,0.0
2024-07-31 11:30:00-04:00,7.684999942779541,7.699999809265137,7.679900169372559,7.684999942779541,9492,0.0,0.0
2024-07-31 12:30:00-04:00,7.684999942779541,7.710000038146973,7.678800106048584,7.710000038146973,18754,0.0,0.0
2024-07-31 13:30:00-04:00,7.699999809265137,7.730000019073486,7.690000057220459,7.690000057220459,20849,0.0,0.0
2024-07-31 14:30:00-04:00,7.690000057220459,7.78000020980835,7.690000057220459,7.690000057220459,31748,0.0,0.0
2024-07-31 15:30:00-04:00,7.690000057220459,7.735000133514404,7.690000057220459,7.71999979019165,54444,0.0,0.0
2024-08-01 09:30:00-04:00,7.769999980926514,7.809999942779541,7.570000171661377,7.570000171661377,40651,0.0,0.0
2024-08-01 10:30:00-04:00,7.570000171661377,7.610000133514404,7.480000019073486,7.5,31247,0.0,0.0
2024-08-01 11:30:00-04:00,7.500100135803223,7.534999847412109,7.480000019073486,7.534999847412109,16325,0.0,0.0
2024-08-01 12:30:00-04:00,7.539999961853027,7.550000190734863,7.505000114440918,7.53000020980835,19371,0.0,0.0
2024-08-01 13:30:00-04:00,7.525000095367432,7.554999828338623,7.519999980926514,7.519999980926514,11912,0.0,0.0
2024-08-01 14:30:00-04:00,7.53000020980835,7.545000076293945,7.505000114440918,7.545000076293945,19262,0.0,0.0
2024-08-01 15:30:00-04:00,7.550000190734863,7.614999771118164,7.550000190734863,7.599999904632568,53710,0.0,0.0
2024-08-02 09:30:00-04:00,7.329999923706055,7.329999923706055,7.079999923706055,7.082200050354004,167423,0.0,0.0
2024-08-02 10:30:00-04:00,7.090000152587891,7.1107001304626465,6.949999809265137,6.985000133514404,79134,0.0,0.0
2024-08-02 11:30:00-04:00,6.985000133514404,7.03000020980835,6.960000038146973,7.03000020980835,44517,0.0,0.0
2024-08-02 12:30:00-04:00,7.03000020980835,7.039999961853027,6.929999828338623,6.934999942779541,45512,0.0,0.0
2024-08-02 13:30:00-04:00,6.929999828338623,6.938399791717529,6.860000133514404,6.880000114440918,57267,0.0,0.0
2024-08-02 14:30:00-04:00,6.889999866485596,6.934999942779541,6.869999885559082,6.920000076293945,71655,0.0,0.0
2024-08-02 15:30:00-04:00,6.928999900817871,6.940000057220459,6.894999980926514,6.909999847412109,88131,0.0,0.0
2024-08-05 09:30:00-04:00,6.599999904632568,6.630000114440918,6.269999980926514,6.579999923706055,220433,0.0,0.0
2024-08-05 10:30:00-04:00,6.590000152587891,6.628200054168701,6.559999942779541,6.599999904632568,60213,0.0,0.0
2024-08-05 11:30:00-04:00,6.599999904632568,6.699999809265137,6.550000190734863,6.699900150299072,104895,0.0,0.0
2024-08-05 12:30:00-04:00,6.690000057220459,6.730000019073486,6.630000114440918,6.659999847412109,31275,0.0,0.0
2024-08-05 13:30:00-04:00,6.669899940490723,6.710000038146973,6.621099948883057,6.639999866485596,49266,0.0,0.0
2024-08-05 14:30:00-04:00,6.630000114440918,6.630000114440918,6.519999980926514,6.520999908447266,98247,0.0,0.0
2024-08-05 15:30:00-04:00,6.519999980926514,6.525000095367432,6.480000019073486,6.514999866485596,75799,0.0,0.0
2024-08-06 09:30:00-04:00,6.550000190734863,6.607999801635742,6.409999847412109,6.60699987411499,73949,0.0,0.0
2024-08-06 10:30:00-04:00,6.579999923706055,6.663899898529053,6.559999942779541,6.571199893951416,37015,0.0,0.0
2024-08-06 11:30:00-04:00,6.570000171661377,6.638000011444092,6.550000190734863,6.619999885559082,30520,0.0,0.0
2024-08-06 12:30:00-04:00,6.627999782562256,6.675000190734863,6.614999771118164,6.670000076293945,26704,0.0,0.0
2024-08-06 13:30:00-04:00,6.690000057220459,6.699999809265137,6.639999866485596,6.650000095367432,27318,0.0,0.0
2024-08-06 14:30:00-04:00,6.650000095367432,6.659999847412109,6.570000171661377,6.619900226593018,37620,0.0,0.0
2024-08-06 15:30:00-04:00,6.619999885559082,6.619999885559082,6.539999961853027,6.559999942779541,58422,0.0,0.0
2024-08-07 09:30:00-04:00,6.619999885559082,6.795000076293945,6.590000152587891,6.760000228881836,51965,0.0,0.0
2024-08-07 10:30:00-04:00,6.760000228881836,6.789999961853027,6.710000038146973,6.710000038146973,20289,0.0,0.0
2024-08-07 11:30:00-04:00,6.719099998474121,6.728000164031982,6.679999828338623,6.71999979019165,24256,0.0,0.0
2024-08-07 12:30:00-04:00,6.710000038146973,6.728000164031982,6.650000095367432,6.670000076293945,7659,0.0,0.0
2024-08-07 13:30:00-04:00,6.680699825286865,6.684999942779541,6.610000133514404,6.639999866485596,23762,0.0,0.0
2024-08-07 14:30:00-04:00,6.630000114440918,6.710000038146973,6.619999885559082,6.699999809265137,28586,0.0,0.0
2024-08-07 15:30:00-04:00,6.704999923706055,6.704999923706055,6.639999866485596,6.650000095367432,86618,0.0,0.0
2024-08-08 09:30:00-04:00,6.75,6.824999809265137,6.670000076293945,6.820000171661377,59853,0.0,0.0
2024-08-08 10:30:00-04:00,6.829999923706055,6.84499979019165,6.788000106811523,6.809999942779541,39509,0.0,0.0
2024-08-08 11:30:00-04:00,6.809999942779541,6.815000057220459,6.795000076293945,6.795000076293945,18048,0.0,0.0
2024-08-08 12:30:00-04:00,6.789999961853027,6.835000038146973,6.769999980926514,6.820000171661377,16267,0.0,0.0
2024-08-08 13:30:00-04:00,6.824999809265137,6.849999904632568,6.824999809265137,6.830699920654297,9455,0.0,0.0
2024-08-08 14:30:00-04:00,6.840000152587891,6.875,6.820000171661377,6.829999923706055,27025,0.0,0.0
2024-08-08 15:30:00-04:00,6.829999923706055,6.829999923706055,6.775000095367432,6.809999942779541,56342,0.0,0.0
2024-08-09 09:30:00-04:00,6.829999923706055,6.829999923706055,6.789999961853027,6.794300079345703,21759,0.0,0.0
2024-08-09 10:30:00-04:00,6.789999961853027,6.834700107574463,6.780099868774414,6.804999828338623,36070,0.0,0.0
2024-08-09 11:30:00-04:00,6.800000190734863,6.804999828338623,6.75,6.759900093078613,21531,0.0,0.0
2024-08-09 12:30:00-04:00,6.760000228881836,6.789999961853027,6.744999885559082,6.779900074005127,37836,0.0,0.0
2024-08-09 13:30:00-04:00,6.78000020980835,6.789999961853027,6.739999771118164,6.739999771118164,24480,0.0,0.0
2024-08-09 14:30:00-04:00,6.744999885559082,6.769999980926514,6.739999771118164,6.755000114440918,12803,0.0,0.0
2024-08-09 15:30:00-04:00,6.755000114440918,6.760000228881836,6.739999771118164,6.739999771118164,28102,0.0,0.0
2024-08-12 09:30:00-04:00,6.800000190734863,6.809999942779541,6.695000171661377,6.704999923706055,33700,0.0,0.0
2024-08-12 10:30:00-04:00,6.699999809265137,6.704999923706055,6.646999835968018,6.646999835968018,28858,0.0,0.0
2024-08-12 11:30:00-04:00,6.639999866485596,6.675000190734863,6.630000114440918,6.650000095367432,11491,0.0,0.0
2024-08-12 12:30:00-04:00,6.6579999923706055,6.6579999923706055,6.630000114440918,6.635000228881836,17670,0.0,0.0
2024-08-12 13:30:00-04:00,6.639900207519531,6.650000095367432,6.619999885559082,6.619999885559082,7423,0.0,0.0
2024-08-12 14:30:00-04:00,6.619999885559082,6.6356000900268555,6.610000133514404,6.619999885559082,18673,0.0,0.0
2024-08-12 15:30:00-04:00,6.614999771118164,6.625,6.590000152587891,6.607999801635742,34340,0.0,0.0
2024-08-13 09:30:00-04:00,6.659999847412109,6.710000038146973,6.644999980926514,6.65500020980835,26657,0.0,0.0
2024-08-13 10:30:00-04:00,6.65500020980835,6.670000076293945,6.639999866485596,6.659999847412109,8560,0.0,0.0
2024-08-13 11:30:00-04:00,6.656199932098389,6.710000038146973,6.635000228881836,6.70359992980957,24744,0.0,0.0
2024-08-13 12:30:00-04:00,6.695000171661377,6.724999904632568,6.695000171661377,6.710000038146973,12100,0.0,0.0
2024-08-13 13:30:00-04:00,6.710000038146973,6.710000038146973,6.679999828338623,6.679999828338623,5979,0.0,0.0
2024-08-13 14:30:00-04:00,6.681000232696533,6.71999979019165,6.681000232696533,6.715000152587891,17640,0.0,0.0
2024-08-13 15:30:00-04:00,6.715000152587891,6.75,6.714399814605713,6.735000133514404,18870,0.0,0.0
2024-08-14 09:30:00-04:00,6.769999980926514,6.769999980926514,6.695000171661377,6.699999809265137,17391,0.0,0.0
2024-08-14 10:30:00-04:00,6.690000057220459,6.704999923706055,6.6793999671936035,6.699999809265137,6598,0.0,0.0
2024-08-14 11:30:00-04:00,6.699999809265137,6.739999771118164,6.698800086975098,6.700099945068359,14441,0.0,0.0
2024-08-14 12:30:00-04:00,6.704999923706055,6.728000164031982,6.704999923706055,6.71999979019165,10492,0.0,0.0
2024-08-14 13:30:00-04:00,6.710000038146973,6.739999771118164,6.704999923706055,6.730000019073486,12386,0.0,0.0
2024-08-14 14:30:00-04:00,6.730000019073486,6.75,6.71999979019165,6.744999885559082,15104,0.0,0.0
2024-08-14 15:30:00-04:00,6.744999885559082,6.760000228881836,6.735000133514404,6.739999771118164,26771,0.0,0.0
2024-08-15 09:30:00-04:00,6.855000019073486,6.855000019073486,6.75,6.789999961853027,29030,0.0,0.0
2024-08-15 10:30:00-04:00,6.795000076293945,6.820000171661377,6.78000020980835,6.789999961853027,14816,0.0,0.0
2024-08-15 11:30:00-04:00,6.789999961853027,6.869999885559082,6.789999961853027,6.864999771118164,40310,0.0,0.0
2024-08-15 12:30:00-04:00,6.864999771118164,6.889999866485596,6.864999771118164,6.889999866485596,9241,0.0,0.0
2024-08-15 13:30:00-04:00,6.889999866485596,6.889999866485596,6.855000019073486,6.869999885559082,15890,0.0,0.0
2024-08-15 14:30:00-04:00,6.869999885559082,6.869999885559082,6.84499979019165,6.860000133514404,6845,0.0,0.0
2024-08-15 15:30:00-04:00,6.855000019073486,6.855000019073486,6.769999980926514,6.78000020980835,28047,0.0,0.0
2024-08-16 09:30:00-04:00,6.789999961853027,6.900000095367432,6.789999961853027,6.869999885559082,27465,0.0,0.0
2024-08-16 10:30:00-04:00,6.860000133514404,6.860000133514404,6.840000152587891,6.860000133514404,5575,0.0,0.0
2024-08-16 11:30:00-04:00,6.860000133514404,6.860000133514404,6.840000152587891,6.84499979019165,8272,0.0,0.0
2024-08-16 12:30:00-04:00,6.84499979019165,6.849999904632568,6.820000171661377,6.820000171661377,12668,0.0,0.0
2024-08-16 13:30:00-04:00,6.820000171661377,6.824999809265137,6.795000076293945,6.795000076293945,12174,0.0,0.0
2024-08-16 14:30:00-04:00,6.800000190734863,6.815000057220459,6.795000076293945,6.795000076293945,9287,0.0,0.0
2024-08-16 15:30:00-04:00,6.795000076293945,6.860000133514404,6.795000076293945,6.860000133514404,34473,0.0,0.0
2024-08-19 09:30:00-04:00,6.885000228881836,6.885000228881836,6.849400043487549,6.849899768829346,23780,0.0,0.0
2024-08-19 10:30:00-04:00,6.849999904632568,6.868000030517578,6.840000152587891,6.868000030517578,13567,0.0,0.0
2024-08-19 11:30:00-04:00,6.864999771118164,6.864999771118164,6.840000152587891,6.855000019073486,14871,0.0,0.0
2024-08-19 12:30:00-04:00,6.849999904632568,6.849999904632568,6.824999809265137,6.835000038146973,16816,0.0,0.0
2024-08-19 13:30:00-04:00,6.829999923706055,6.860000133514404,6.824999809265137,6.860000133514404,9949,0.0,0.0
2024-08-19 14:30:00-04:00,6.855000019073486,6.864999771118164,6.850100040435791,6.855000019073486,8777,0.0,0.0
2024-08-19 15:30:00-04:00,6.860000133514404,6.860000133514404,6.840000152587891,6.860000133514404,19593,0.0,0.0
2024-08-20 09:30:00-04:00,6.860000133514404,6.860000133514404,6.795000076293945,6.7972002029418945,18472,0.0,0.0
2024-08-20 10:30:00-04:00,6.789999961853027,6.800000190734863,6.769999980926514,6.78000020980835,38839,0.0,0.0
2024-08-20 11:30:00-04:00,6.769999980926514,6.804999828338623,6.769999980926514,6.804999828338623,17349,0.0,0.0
2024-08-20 12:30:00-04:00,6.800000190734863,6.820000171661377,6.775000095367432,6.809999942779541,15787,0.0,0.0
2024-08-20 13:30:00-04:00,6.800000190734863,6.809999942779541,6.789999961853027,6.804999828338623,5199,0.0,0.0
2024-08-20 14:30:00-04:00,6.795000076293945,6.809999942779541,6.79010009765625,6.795000076293945,6245,0.0,0.0
2024-08-20 15:30:00-04:00,6.795000076293945,6.820000171661377,6.789999961853027,6.795000076293945,18504,0.0,0.0
2024-08-21 09:30:00-04:00,6.869999885559082,6.869999885559082,6.784999847412109,6.820000171661377,39662,0.0,0.0
2024-08-21 10:30:00-04:00,6.829999923706055,6.835000038146973,6.800000190734863,6.810699939727783,11814,0.0,0.0
2024-08-21 11:30:00-04:00,6.815000057220459,6.820000171661377,6.769999980926514,6.795000076293945,27385,0.0,0.0
2024-08-21 12:30:00-04:00,6.789999961853027,6.849599838256836,6.789999961853027,6.840000152587891,42106,0.0,0.0
2024-08-21 13:30:00-04:00,6.849999904632568,6.869500160217285,6.840099811553955,6.864999771118164,21836,0.0,0.0
2024-08-21 14:30:00-04:00,6.869999885559082,6.934999942779541,6.869999885559082,6.925000190734863,66237,0.0,0.0
2024-08-21 15:30:00-04:00,6.925000190734863,6.929999828338623,6.909999847412109,6.925000190734863,36437,0.0,0.0
2024-08-22 09:30:00-04:00,7.0,7.0,6.958399772644043,6.96999979019165,55048,0.0,0.0
2024-08-22 10:30:00-04:00,6.96999979019165,7.034999847412109,6.96999979019165,7.034999847412109,56492,0.0,0.0
2024-08-22 11:30:00-04:00,7.034999847412109,7.059999942779541,7.030099868774414,7.050000190734863,26859,0.0,0.0
2024-08-22 12:30:00-04:00,7.050000190734863,7.050099849700928,7.0,7.005000114440918,21704,0.0,0.0
2024-08-22 13:30:00-04:00,7.009900093078613,7.039999961853027,7.0,7.03000020980835,23559,0.0,0.0
2024-08-22 14:30:00-04:00,7.034999847412109,7.059999942779541,7.03000020980835,7.039999961853027,9510,0.0,0.0
2024-08-22 15:30:00-04:00,7.045000076293945,7.049900054931641,6.989999771118164,6.989999771118164,20752,0.0,0.0
2024-08-23 09:30:00-04:00,7.079999923706055,7.21999979019165,7.03000020980835,7.210100173950195,98800,0.0,0.0
2024-08-23 10:30:00-04:00,7.2153000831604,7.300000190734863,7.210000038146973,7.300000190734863,47548,0.0,0.0
2024-08-23 11:30:00-04:00,7.298900127410889,7.309199810028076,7.210000038146973,7.210000038146973,32071,0.0,0.0
2024-08-23 12:30:00-04:00,7.199999809265137,7.25,7.184999942779541,7.244999885559082,21365,0.0,0.0
2024-08-23 13:30:00-04:00,7.249300003051758,7.25,7.224999904632568,7.235199928283691,10818,0.0,0.0
2024-08-23 14:30:00-04:00,7.239299774169922,7.249100208282471,7.21999979019165,7.239999771118164,6647,0.0,0.0
2024-08-23 15:30:00-04:00,7.244999885559082,7.25,7.21999979019165,7.235000133514404,56539,0.0,0.0
2024-08-26 09:30:00-04:00,7.340000152587891,7.349999904632568,7.26200008392334,7.349999904632568,88085,0.0,0.0
2024-08-26 10:30:00-04:00,7.359899997711182,7.369999885559082,7.260000228881836,7.269999980926514,40751,0.0,0.0
2024-08-26 11:30:00-04:00,7.28000020980835,7.309999942779541,7.275000095367432,7.28000020980835,14866,0.0,0.0
2024-08-26 12:30:00-04:00,7.28000020980835,7.304999828338623,7.28000020980835,7.304999828338623,15730,0.0,0.0
2024-08-26 13:30:00-04:00,7.300000190734863,7.300000190734863,7.289999961853027,7.289999961853027,7010,0.0,0.0
2024-08-26 14:30:00-04:00,7.289999961853027,7.329999923706055,7.289999961853027,7.324999809265137,36086,0.0,0.0
2024-08-26 15:30:00-04:00,7.315000057220459,7.329999923706055,7.289999961853027,7.309999942779541,41424,0.0,0.0
2024-08-27 09:30:00-04:00,7.300000190734863,7.329999923706055,7.269999980926514,7.320000171661377,17839,0.0,0.0
2024-08-27 10:30:00-04:00,7.329999923706055,7.349999904632568,7.300000190734863,7.304999828338623,10344,0.0,0.0
2024-08-27 11:30:00-04:00,7.300000190734863,7.315000057220459,7.269999980926514,7.269999980926514,15963,0.0,0.0
2024-08-27 12:30:00-04:00,7.275000095367432,7.320000171661377,7.260000228881836,7.320000171661377,10965,0.0,0.0
2024-08-27 13:30:00-04:00,7.315000057220459,7.324999809265137,7.309999942779541,7.313700199127197,11968,0.0,0.0
2024-08-27 14:30:00-04:00,7.315000057220459,7.340000152587891,7.315000057220459,7.324999809265137,19123,0.0,0.0
2024-08-27 15:30:00-04:00,7.309999942779541,7.320000171661377,7.289999961853027,7.289999961853027,21534,0.0,0.0
2024-08-28 09:30:00-04:00,7.300000190734863,7.367800235748291,7.300000190734863,7.335000038146973,40885,0.0,0.0
2024-08-28 10:30:00-04:00,7.340099811553955,7.355000019073486,7.309999942779541,7.329999923706055,41910,0.0,0.0
2024-08-28 11:30:00-04:00,7.320000171661377,7.329999923706055,7.295000076293945,7.313799858093262,23445,0.0,0.0
2024-08-28 12:30:00-04:00,7.309999942779541,7.32889986038208,7.300099849700928,7.309999942779541,13934,0.0,0.0
2024-08-28 13:30:00-04:00,7.309999942779541,7.320000171661377,7.309999942779541,7.309999942779541,12624,0.0,0.0
2024-08-28 14:30:00-04:00,7.315000057220459,7.369999885559082,7.315000057220459,7.369999885559082,25477,0.0,0.0
2024-08-28 15:30:00-04:00,7.375,7.400000095367432,7.364999771118164,7.389999866485596,54154,0.0,0.0
2024-08-29 09:30:00-04:00,7.429999828338623,7.46999979019165,7.320000171661377,7.335000038146973,35270,0.0,0.0
2024-08-29 10:30:00-04:00,7.339900016784668,7.340000152587891,7.309999942779541,7.335000038146973,11456,0.0,0.0
2024-08-29 11:30:00-04:00,7.340000152587891,7.375,7.340000152587891,7.34499979019165,29437,0.0,0.0
2024-08-29 12:30:00-04:00,7.34499979019165,7.349999904632568,7.34119987487793,7.349999904632568,2497,0.0,0.0
2024-08-29 13:30:00-04:00,7.349999904632568,7.349999904632568,7.329999923706055,7.329999923706055,25083,0.0,0.0
2024-08-29 14:30:00-04:00,7.329999923706055,7.340000152587891,7.309999942779541,7.340000152587891,17386,0.0,0.0
2024-08-29 15:30:00-04:00,7.340000152587891,7.369999885559082,7.320000171661377,7.369999885559082,29043,0.0,0.0
2024-08-30 09:30:00-04:00,7.429999828338623,7.429999828338623,7.340000152587891,7.409999847412109,14894,0.0,0.0
2024-08-30 10:30:00-04:00,7.40500020980835,7.414999961853027,7.365799903869629,7.365799903869629,12927,0.0,0.0
2024-08-30 11:30:00-04:00,7.364999771118164,7.364999771118164,7.320000171661377,7.320000171661377,9916,0.0,0.0
2024-08-30 12:30:00-04:00,7.309999942779541,7.349999904632568,7.309999942779541,7.3292999267578125,12324,0.0,0.0
2024-08-30 13:30:00-04:00,7.335000038146973,7.369999885559082,7.335000038146973,7.360000133514404,8006,0.0,0.0
2024-08-30 14:30:00-04:00,7.360000133514404,7.400000095367432,7.360000133514404,7.394999980926514,34703,0.0,0.0
2024-08-30 15:30:00-04:00,7.394999980926514,7.440000057220459,7.389999866485596,7.440000057220459,33507,0.0,0.0
2024-09-03 09:30:00-04:00,7.389999866485596,7.389999866485596,7.260000228881836,7.260000228881836,27848,0.0,0.0
2024-09-03 10:30:00-04:00,7.268799781799316,7.310800075531006,7.250999927520752,7.310800075531006,16413,0.0,0.0
2024-09-03 11:30:00-04:00,7.315000057220459,7.340000152587891,7.295000076293945,7.300000190734863,12182,0.0,0.0
2024-09-03 12:30:00-04:00,7.299900054931641,7.309999942779541,7.25,7.309999942779541,15764,0.0,0.0
2024-09-03 13:30:00-04:00,7.300000190734863,7.320000171661377,7.300000190734863,7.320000171661377,8654,0.0,0.0
2024-09-03 14:30:00-04:00,7.309999942779541,7.329999923706055,7.305200099945068,7.324999809265137,17108,0.0,0.0
2024-09-03 15:30:00-04:00,7.324999809265137,7.349999904632568,7.289999961853027,7.349999904632568,35370,0.0,0.0
2024-09-04 09:30:00-04:00,7.349999904632568,7.355000019073486,7.309999942779541,7.340000152587891,17805,0.0,0.0
2024-09-04 10:30:00-04:00,7.340000152587891,7.380000114440918,7.300000190734863,7.320000171661377,32789,0.0,0.0
2024-09-04 11:30:00-04:00,7.320000171661377,7.320000171661377,7.300000190734863,7.309999942779541,19061,0.0,0.0
2024-09-04 12:30:00-04:00,7.300099849700928,7.314300060272217,7.25,7.260000228881836,18548,0.0,0.0
2024-09-04 13:30:00-04:00,7.25,7.260000228881836,7.21999979019165,7.230000019073486,17876,0.0,0.0
2024-09-04 14:30:00-04:00,7.230000019073486,7.239999771118164,7.204999923706055,7.215000152587891,26245,0.0,0.0
2024-09-04 15:30:00-04:00,7.210000038146973,7.28000020980835,7.204999923706055,7.269999980926514,50573,0.0,0.0
2024-09-05 09:30:00-04:00,7.329999923706055,7.360599994659424,7.300000190734863,7.349999904632568,37623,0.0,0.0
2024-09-05 10:30:00-04:00,7.349999904632568,7.349999904632568,7.300000190734863,7.329999923706055,16173,0.0,0.0
2024-09-05 11:30:00-04:00,7.318999767303467,7.360000133514404,7.295000076293945,7.349999904632568,14651,0.0,0.0
2024-09-05 12:30:00-04:00,7.340000152587891,7.369999885559082,7.340000152587891,7.349999904632568,17139,0.0,0.0
2024-09-05 13:30:00-04:00,7.349999904632568,7.380000114440918,7.349999904632568,7.375,6201,0.0,0.0
2024-09-05 14:30:00-04:00,7.380000114440918,7.389999866485596,7.369999885559082,7.385000228881836,10614,0.0,0.0
2024-09-05 15:30:00-04:00,7.380000114440918,7.420000076293945,7.369999885559082,7.409999847412109,41996,0.0,0.0
2024-09-06 09:30:00-04:00,7.400000095367432,7.409999847412109,7.34499979019165,7.34499979019165,23841,0.0,0.0
2024-09-06 10:30:00-04:00,7.340000152587891,7.349999904632568,7.304999828338623,7.309999942779541,13526,0.0,0.0
2024-09-06 11:30:00-04:00,7.320000171661377,7.320000171661377,7.295000076293945,7.300000190734863,8204,0.0,0.0
2024-09-06 12:30:00-04:00,7.300000190734863,7.355000019073486,7.295000076293945,7.355000019073486,8357,0.0,0.0
2024-09-06 13:30:00-04:00,7.349999904632568,7.360000133514404,7.29010009765625,7.320000171661377,23595,0.0,0.0
2024-09-06 14:30:00-04:00,7.320000171661377,7.340000152587891,7.298999786376953,7.340000152587891,9714,0.0,0.0
2024-09-06 15:30:00-04:00,7.340000152587891,7.369999885559082,7.320000171661377,7.364999771118164,31151,0.0,0.0
2024-09-09 09:30:00-04:00,7.389999866485596,7.40500020980835,7.355000019073486,7.369999885559082,20187,0.0,0.0
2024-09-09 10:30:00-04:00,7.360000133514404,7.409999847412109,7.355000019073486,7.394999980926514,27004,0.0,0.0
2024-09-09 11:30:00-04:00,7.400000095367432,7.434999942779541,7.389999866485596,7.429999828338623,23396,0.0,0.0
2024-09-09 12:30:00-04:00,7.425000190734863,7.440000057220459,7.409999847412109,7.429999828338623,26453,0.0,0.0
2024-09-09 13:30:00-04:00,7.429999828338623,7.440000057220459,7.420000076293945,7.429999828338623,16913,0.0,0.0
2024-09-09 14:30:00-04:00,7.425000190734863,7.445000171661377,7.400000095367432,7.445000171661377,44580,0.0,0.0
2024-09-09 15:30:00-04:00,7.440000057220459,7.451200008392334,7.420000076293945,7.420000076293945,23441,0.0,0.0
2024-09-10 09:30:00-04:00,7.440000057220459,7.440000057220459,7.360000133514404,7.360000133514404,17559,0.0,0.0
2024-09-10 10:30:00-04:00,7.360000133514404,7.364999771118164,7.340000152587891,7.360000133514404,16304,0.0,0.0
2024-09-10 11:30:00-04:00,7.349999904632568,7.349999904632568,7.324999809265137,7.329999923706055,6040,0.0,0.0
2024-09-10 12:30:00-04:00,7.329999923706055,7.369999885559082,7.329999923706055,7.369999885559082,5782,0.0,0.0
2024-09-10 13:30:00-04:00,7.369999885559082,7.409999847412109,7.369999885559082,7.409999847412109,10550,0.0,0.0
2024-09-10 14:30:00-04:00,7.414999961853027,7.445000171661377,7.413700103759766,7.440000057220459,20618,0.0,0.0
2024-09-10 15:30:00-04:00,7.440000057220459,7.440000057220459,7.400000095367432,7.400000095367432,20877,0.0,0.0
2024-09-11 09:30:00-04:00,7.369999885559082,7.394999980926514,7.275000095367432,7.28000020980835,21333,0.0,0.0
2024-09-11 10:30:00-04:00,7.28000020980835,7.309999942779541,7.28000020980835,7.304999828338623,4861,0.0,0.0
2024-09-11 11:30:00-04:00,7.324999809265137,7.340000152587891,7.295000076293945,7.309999942779541,6882,0.0,0.0
2024-09-11 12:30:00-04:00,7.320000171661377,7.364999771118164,7.320000171661377,7.324999809265137,10726,0.0,0.0
2024-09-11 13:30:00-04:00,7.324999809265137,7.329899787902832,7.300000190734863,7.310200214385986,5643,0.0,0.0
2024-09-11 14:30:00-04:00,7.315000057220459,7.335000038146973,7.300000190734863,7.335000038146973,17792,0.0,0.0
2024-09-11 15:30:00-04:00,7.335000038146973,7.360000133514404,7.329999923706055,7.349999904632568,22877,0.0,0.0
2024-09-12 09:30:00-04:00,7.380000114440918,7.400000095367432,7.360000133514404,7.389999866485596,9098,0.0,0.0
2024-09-12 10:30:00-04:00,7.394999980926514,7.420000076293945,7.389999866485596,7.414999961853027,18644,0.0,0.0
2024-09-12 11:30:00-04:00,7.420000076293945,7.420000076293945,7.375,7.394999980926514,6585,0.0,0.0
2024-09-12 12:30:00-04:00,7.393243789672852,7.400000095367432,7.375,7.380000114440918,17957,0.0,0.0
2024-09-12 13:30:00-04:00,7.385000228881836,7.395400047302246,7.375,7.3907999992370605,8419,0.0,0.0
2024-09-12 14:30:00-04:00,7.394999980926514,7.394999980926514,7.364999771118164,7.375,10435,0.0,0.0
2024-09-12 15:30:00-04:00,7.375,7.394999980926514,7.355000019073486,7.385000228881836,32118,0.0,0.0
2024-09-13 09:30:00-04:00,7.420000076293945,7.46999979019165,7.400000095367432,7.46999979019165,29486,0.0,0.0
2024-09-13 10:30:00-04:00,7.46999979019165,7.53000020980835,7.445000171661377,7.53000020980835,95611,0.0,0.0
2024-09-13 11:30:00-04:00,7.53000020980835,7.539999961853027,7.489999771118164,7.494999885559082,37845,0.0,0.0
2024-09-13 12:30:00-04:00,7.498700141906738,7.520100116729736,7.489999771118164,7.519999980926514,46920,0.0,0.0
2024-09-13 13:30:00-04:00,7.519999980926514,7.550000190734863,7.509200096130371,7.53000020980835,44060,0.0,0.0
2024-09-13 14:30:00-04:00,7.539899826049805,7.570000171661377,7.53000020980835,7.570000171661377,51751,0.0,0.0
2024-09-13 15:30:00-04:00,7.579999923706055,7.599999904632568,7.579899787902832,7.599999904632568,57277,0.0,0.0
