Datetime,Open,High,Low,Close,Volume,Dividends,Stock Splits,Capital Gains
2022-09-15 12:30:00-04:00,19.1200008392334,19.139999389648438,19.04560089111328,19.04560089111328,788,0.0,0.0,0.0
2022-09-16 09:30:00-04:00,18.899999618530273,18.899999618530273,18.799999237060547,18.799999237060547,0,0.0,0.0,0.0
2022-09-16 12:30:00-04:00,18.56999969482422,18.56999969482422,18.56999969482422,18.56999969482422,2648,0.0,0.0,0.0
2022-09-16 13:30:00-04:00,18.59000015258789,18.69569969177246,18.59000015258789,18.69569969177246,1200,0.0,0.0,0.0
2022-09-19 09:30:00-04:00,18.4950008392334,18.625,18.459999084472656,18.625,1711,0.0,0.0,0.0
2022-09-19 10:30:00-04:00,18.690000534057617,18.77790069580078,18.530000686645508,18.77790069580078,579,0.0,0.0,0.0
2022-09-20 09:30:00-04:00,19.440000534057617,19.440000534057617,19.440000534057617,19.440000534057617,0,0.0,0.0,0.0
2022-09-20 11:30:00-04:00,18.639999389648438,18.65999984741211,18.639999389648438,18.649999618530273,905,0.0,0.0,0.0
2022-09-20 12:30:00-04:00,18.61009979248047,18.61009979248047,18.610000610351562,18.610000610351562,1166,0.0,0.0,0.0
2022-09-20 13:30:00-04:00,18.639999389648438,18.649999618530273,18.6299991607666,18.649999618530273,475,0.0,0.0,0.0
2022-09-20 14:30:00-04:00,18.649999618530273,18.650100708007812,18.649999618530273,18.650100708007812,2357,0.0,0.0,0.0
2022-09-20 15:30:00-04:00,18.670000076293945,18.80500030517578,18.670000076293945,18.799999237060547,38613,0.0,0.0,0.0
2022-09-21 09:30:00-04:00,18.860000610351562,18.860000610351562,18.850000381469727,18.850000381469727,0,0.0,0.0,0.0
2022-09-21 11:30:00-04:00,18.81999969482422,18.81999969482422,18.81999969482422,18.81999969482422,225,0.0,0.0,0.0
2022-09-21 13:30:00-04:00,18.8799991607666,18.8799991607666,18.649999618530273,18.649999618530273,600,0.0,0.0,0.0
2022-09-21 14:30:00-04:00,18.889999389648438,18.889999389648438,18.889999389648438,18.889999389648438,846,0.0,0.0,0.0
2022-09-21 15:30:00-04:00,18.600000381469727,18.600000381469727,18.549999237060547,18.549999237060547,1377,0.0,0.0,0.0
2022-09-22 09:30:00-04:00,18.5,18.5,18.440000534057617,18.450000762939453,0,0.0,0.0,0.0
2022-09-22 10:30:00-04:00,18.3799991607666,18.389999389648438,18.25,18.25,931,0.0,0.0,0.0
2022-09-22 13:30:00-04:00,18.188499450683594,18.188499450683594,18.188499450683594,18.188499450683594,8166,0.0,0.0,0.0
2022-09-22 14:30:00-04:00,18.27989959716797,18.290000915527344,18.27989959716797,18.290000915527344,405,0.0,0.0,0.0
2022-09-22 15:30:00-04:00,18.24970054626465,18.24970054626465,18.06999969482422,18.09000015258789,2889,0.0,0.0,0.0
2022-09-23 09:30:00-04:00,17.860000610351562,17.860000610351562,17.1200008392334,17.1200008392334,0,0.0,0.0,0.0
2022-09-23 10:30:00-04:00,16.962299346923828,16.962299346923828,16.962299346923828,16.962299346923828,332,0.0,0.0,0.0
2022-09-23 11:30:00-04:00,16.940000534057617,16.979999542236328,16.8799991607666,16.8799991607666,18441,0.0,0.0,0.0
2022-09-23 12:30:00-04:00,16.899999618530273,16.90999984741211,16.889999389648438,16.889999389648438,5535,0.0,0.0,0.0
2022-09-23 14:30:00-04:00,16.929399490356445,16.9778995513916,16.91080093383789,16.9778995513916,2099,0.0,0.0,0.0
2022-09-23 15:30:00-04:00,17.020000457763672,17.020000457763672,16.950000762939453,16.959999084472656,15500,0.0,0.0,0.0
2022-09-26 09:30:00-04:00,16.850000381469727,16.850000381469727,16.850000381469727,16.850000381469727,0,0.0,0.0,0.0
2022-09-26 10:30:00-04:00,16.840999603271484,16.8700008392334,16.83209991455078,16.83209991455078,4203,0.0,0.0,0.0
2022-09-26 11:30:00-04:00,16.65999984741211,16.65999984741211,16.600000381469727,16.604999542236328,2867,0.0,0.0,0.0
2022-09-26 12:30:00-04:00,16.459999084472656,16.459999084472656,16.459999084472656,16.459999084472656,3730,0.0,0.0,0.0
2022-09-26 13:30:00-04:00,16.479999542236328,16.525100708007812,16.479999542236328,16.525100708007812,2638,0.0,0.0,0.0
2022-09-26 14:30:00-04:00,16.579999923706055,16.6299991607666,16.56999969482422,16.6299991607666,1143,0.0,0.0,0.0
2022-09-26 15:30:00-04:00,16.59000015258789,16.59000015258789,16.52790069580078,16.52790069580078,600,0.0,0.0,0.0
2022-09-27 09:30:00-04:00,16.889999389648438,16.889999389648438,16.790000915527344,16.799999237060547,0,0.0,0.0,0.0
2022-09-27 11:30:00-04:00,16.950000762939453,16.950000762939453,16.729999542236328,16.729999542236328,11839,0.0,0.0,0.0
2022-09-27 12:30:00-04:00,16.770099639892578,16.770099639892578,16.770099639892578,16.770099639892578,677,0.0,0.0,0.0
2022-09-27 14:30:00-04:00,16.84000015258789,16.84000015258789,16.829999923706055,16.829999923706055,10500,0.0,0.0,0.0
2022-09-27 15:30:00-04:00,16.81999969482422,16.81999969482422,16.766000747680664,16.766000747680664,0,0.0,0.0,0.0
2022-09-28 09:30:00-04:00,17.040000915527344,17.110000610351562,16.829999923706055,17.079999923706055,42676,0.0,0.0,0.0
2022-09-28 10:30:00-04:00,17.229999542236328,17.34000015258789,17.229999542236328,17.34000015258789,1369,0.0,0.0,0.0
2022-09-28 11:30:00-04:00,17.299999237060547,17.350000381469727,17.25,17.350000381469727,7187,0.0,0.0,0.0
2022-09-28 12:30:00-04:00,17.34000015258789,17.360000610351562,17.34000015258789,17.350000381469727,1303,0.0,0.0,0.0
2022-09-28 13:30:00-04:00,17.3700008392334,17.448999404907227,17.3700008392334,17.448999404907227,644,0.0,0.0,0.0
2022-09-28 14:30:00-04:00,17.479999542236328,17.559999465942383,17.479999542236328,17.559999465942383,410,0.0,0.0,0.0
2022-09-28 15:30:00-04:00,17.530000686645508,17.56999969482422,17.520000457763672,17.56999969482422,8821,0.0,0.0,0.0
2022-09-29 09:30:00-04:00,17.15999984741211,17.219999313354492,16.979999542236328,17.0,0,0.0,0.0,0.0
2022-09-29 10:30:00-04:00,17.010000228881836,17.239999771118164,17.0,17.239999771118164,1107,0.0,0.0,0.0
2022-09-29 15:30:00-04:00,17.339000701904297,17.339000701904297,17.260000228881836,17.260000228881836,2024,0.0,0.0,0.0
2022-09-30 09:30:00-04:00,17.190099716186523,17.190099716186523,17.190099716186523,17.190099716186523,0,0.0,0.0,0.0
2022-09-30 10:30:00-04:00,17.510000228881836,17.510000228881836,17.510000228881836,17.510000228881836,100,0.0,0.0,0.0
2022-09-30 11:30:00-04:00,17.520000457763672,17.530000686645508,17.520000457763672,17.530000686645508,23753,0.0,0.0,0.0
2022-09-30 12:30:00-04:00,17.510000228881836,17.530000686645508,17.510000228881836,17.530000686645508,1651,0.0,0.0,0.0
2022-09-30 13:30:00-04:00,17.510000228881836,17.510000228881836,17.510000228881836,17.510000228881836,504,0.0,0.0,0.0
2022-09-30 14:30:00-04:00,17.43000030517578,17.5,17.43000030517578,17.479999542236328,2201,0.0,0.0,0.0
2022-09-30 15:30:00-04:00,17.538999557495117,17.538999557495117,17.342199325561523,17.342199325561523,1325,0.0,0.0,0.0
2022-10-03 09:30:00-04:00,17.719999313354492,17.780000686645508,17.719999313354492,17.780000686645508,0,0.0,0.0,0.0
2022-10-03 11:30:00-04:00,17.659700393676758,17.659700393676758,17.627399444580078,17.627399444580078,699,0.0,0.0,0.0
2022-10-03 12:30:00-04:00,17.630300521850586,17.700000762939453,17.610000610351562,17.699899673461914,14984,0.0,0.0,0.0
2022-10-03 13:30:00-04:00,17.700000762939453,17.7185001373291,17.672300338745117,17.672300338745117,944,0.0,0.0,0.0
2022-10-03 14:30:00-04:00,17.75,17.829999923706055,17.75,17.829999923706055,430,0.0,0.0,0.0
2022-10-03 15:30:00-04:00,17.75,17.75,17.672500610351562,17.672500610351562,1000,0.0,0.0,0.0
2022-10-04 09:30:00-04:00,18.0,18.13640022277832,17.969999313354492,18.079999923706055,12241,0.0,0.0,0.0
2022-10-04 10:30:00-04:00,18.2189998626709,18.229999542236328,18.18000030517578,18.18000030517578,10803,0.0,0.0,0.0
2022-10-04 11:30:00-04:00,18.18000030517578,18.18000030517578,18.18000030517578,18.18000030517578,7732,0.0,0.0,0.0
2022-10-04 12:30:00-04:00,18.149999618530273,18.149999618530273,18.149999618530273,18.149999618530273,198,0.0,0.0,0.0
2022-10-04 13:30:00-04:00,18.170000076293945,18.170000076293945,18.170000076293945,18.170000076293945,154,0.0,0.0,0.0
2022-10-04 14:30:00-04:00,18.259000778198242,18.259000778198242,18.23240089416504,18.23240089416504,100,0.0,0.0,0.0
2022-10-05 09:30:00-04:00,18.2450008392334,18.270000457763672,17.840599060058594,17.8700008392334,20157,0.0,0.0,0.0
2022-10-05 10:30:00-04:00,17.91010093688965,17.959999084472656,17.90999984741211,17.959999084472656,3753,0.0,0.0,0.0
2022-10-05 13:30:00-04:00,18.3799991607666,18.40999984741211,18.350000381469727,18.40999984741211,7768,0.0,0.0,0.0
2022-10-05 15:30:00-04:00,18.31999969482422,18.350000381469727,18.2987003326416,18.2987003326416,1793,0.0,0.0,0.0
2022-10-06 09:30:00-04:00,18.360000610351562,18.360000610351562,18.139999389648438,18.170000076293945,0,0.0,0.0,0.0
2022-10-06 10:30:00-04:00,18.139999389648438,18.139999389648438,18.139999389648438,18.139999389648438,100,0.0,0.0,0.0
2022-10-06 12:30:00-04:00,18.134000778198242,18.18000030517578,18.1299991607666,18.145000457763672,3022,0.0,0.0,0.0
2022-10-06 14:30:00-04:00,18.190000534057617,18.190000534057617,18.190000534057617,18.190000534057617,1449,0.0,0.0,0.0
2022-10-06 15:30:00-04:00,18.163999557495117,18.190000534057617,18.139999389648438,18.149999618530273,0,0.0,0.0,0.0
2022-10-07 09:30:00-04:00,18.149999618530273,18.149999618530273,17.960100173950195,17.960100173950195,7890,0.0,0.0,0.0
2022-10-07 10:30:00-04:00,18.149999618530273,18.190000534057617,18.149999618530273,18.18000030517578,2200,0.0,0.0,0.0
2022-10-07 11:30:00-04:00,18.204999923706055,18.229999542236328,18.110000610351562,18.110000610351562,1203,0.0,0.0,0.0
2022-10-07 12:30:00-04:00,18.06999969482422,18.06999969482422,18.059999465942383,18.059999465942383,1550,0.0,0.0,0.0
2022-10-07 13:30:00-04:00,18.125,18.145000457763672,18.124900817871094,18.145000457763672,550,0.0,0.0,0.0
2022-10-07 14:30:00-04:00,18.030000686645508,18.052000045776367,18.030000686645508,18.030000686645508,2872,0.0,0.0,0.0
2022-10-07 15:30:00-04:00,18.020000457763672,18.020000457763672,17.950000762939453,18.00550079345703,1865,0.0,0.0,0.0
2022-10-10 09:30:00-04:00,18.1200008392334,18.170000076293945,18.1200008392334,18.170000076293945,0,0.0,0.0,0.0
2022-10-10 10:30:00-04:00,18.059999465942383,18.059999465942383,17.739999771118164,17.739999771118164,2682,0.0,0.0,0.0
2022-10-10 13:30:00-04:00,17.8257999420166,17.8257999420166,17.65999984741211,17.680200576782227,1601,0.0,0.0,0.0
2022-10-10 14:30:00-04:00,17.700000762939453,17.709999084472656,17.65999984741211,17.684999465942383,6264,0.0,0.0,0.0
2022-10-10 15:30:00-04:00,17.679000854492188,17.690900802612305,17.670000076293945,17.690900802612305,941,0.0,0.0,0.0
2022-10-11 09:30:00-04:00,17.579999923706055,17.60260009765625,17.5,17.520000457763672,0,0.0,0.0,0.0
2022-10-11 10:30:00-04:00,17.600000381469727,17.860000610351562,17.600000381469727,17.850000381469727,3618,0.0,0.0,0.0
2022-10-11 11:30:00-04:00,17.922800064086914,18.040000915527344,17.922800064086914,18.040000915527344,1140,0.0,0.0,0.0
2022-10-11 12:30:00-04:00,18.110000610351562,18.1299991607666,18.040000915527344,18.110000610351562,11749,0.0,0.0,0.0
2022-10-11 13:30:00-04:00,18.109699249267578,18.109699249267578,18.049999237060547,18.049999237060547,0,0.0,0.0,0.0
2022-10-11 14:30:00-04:00,17.90999984741211,17.90999984741211,17.8700008392334,17.8700008392334,29816,0.0,0.0,0.0
2022-10-11 15:30:00-04:00,17.93899917602539,17.96969985961914,17.90999984741211,17.96969985961914,706,0.0,0.0,0.0
2022-10-12 11:30:00-04:00,17.644899368286133,17.644899368286133,17.644899368286133,17.644899368286133,0,0.0,0.0,0.0
2022-10-12 13:30:00-04:00,17.724000930786133,17.724000930786133,17.709999084472656,17.709999084472656,4426,0.0,0.0,0.0
2022-10-12 15:30:00-04:00,17.725000381469727,17.75,17.672300338745117,17.672300338745117,1084,0.0,0.0,0.0
2022-10-13 09:30:00-04:00,17.399999618530273,17.68549919128418,17.399999618530273,17.68549919128418,0,0.0,0.0,0.0
2022-10-13 10:30:00-04:00,17.610000610351562,18.079999923706055,17.610000610351562,17.91010093688965,12091,0.0,0.0,0.0
2022-10-13 11:30:00-04:00,18.059999465942383,18.059999465942383,18.059999465942383,18.059999465942383,78430,0.0,0.0,0.0
2022-10-13 12:30:00-04:00,17.93000030517578,17.93000030517578,17.93000030517578,17.93000030517578,27130,0.0,0.0,0.0
2022-10-13 14:30:00-04:00,18.110000610351562,18.1299991607666,18.049999237060547,18.079999923706055,1789,0.0,0.0,0.0
2022-10-13 15:30:00-04:00,18.09000015258789,18.09000015258789,18.08329963684082,18.08329963684082,200,0.0,0.0,0.0
2022-10-14 09:30:00-04:00,17.86400032043457,17.93000030517578,17.861000061035156,17.93000030517578,0,0.0,0.0,0.0
2022-10-14 12:30:00-04:00,17.90999984741211,17.90999984741211,17.90999984741211,17.90999984741211,1665,0.0,0.0,0.0
2022-10-14 13:30:00-04:00,17.790000915527344,17.790000915527344,17.780000686645508,17.780000686645508,461,0.0,0.0,0.0
2022-10-14 14:30:00-04:00,17.700000762939453,17.76689910888672,17.700000762939453,17.76689910888672,1377,0.0,0.0,0.0
2022-10-14 15:30:00-04:00,17.799999237060547,17.799999237060547,17.690000534057617,17.700000762939453,11725,0.0,0.0,0.0
2022-10-17 09:30:00-04:00,18.040000915527344,18.040000915527344,18.040000915527344,18.040000915527344,0,0.0,0.0,0.0
2022-10-17 11:30:00-04:00,18.020000457763672,18.06999969482422,18.020000457763672,18.06999969482422,344,0.0,0.0,0.0
2022-10-17 12:30:00-04:00,18.065799713134766,18.065799713134766,18.065799713134766,18.065799713134766,309,0.0,0.0,0.0
2022-10-17 13:30:00-04:00,18.0939998626709,18.0939998626709,18.0939998626709,18.0939998626709,250,0.0,0.0,0.0
2022-10-17 14:30:00-04:00,18.040000915527344,18.079299926757812,18.040000915527344,18.079299926757812,1045,0.0,0.0,0.0
2022-10-18 11:30:00-04:00,18.241100311279297,18.241100311279297,18.209999084472656,18.210100173950195,0,0.0,0.0,0.0
2022-10-18 12:30:00-04:00,18.280000686645508,18.280000686645508,18.280000686645508,18.280000686645508,0,0.0,0.0,0.0
2022-10-18 14:30:00-04:00,18.34000015258789,18.34000015258789,18.34000015258789,18.34000015258789,7269,0.0,0.0,0.0
2022-10-18 15:30:00-04:00,18.399999618530273,18.40999984741211,18.329999923706055,18.333099365234375,6907,0.0,0.0,0.0
2022-10-19 10:30:00-04:00,18.440000534057617,18.440000534057617,18.420000076293945,18.420000076293945,678,0.0,0.0,0.0
2022-10-19 12:30:00-04:00,18.25,18.25,18.25,18.25,100,0.0,0.0,0.0
2022-10-19 13:30:00-04:00,18.350000381469727,18.350000381469727,18.350000381469727,18.350000381469727,636,0.0,0.0,0.0
2022-10-19 14:30:00-04:00,18.40999984741211,18.450000762939453,18.40999984741211,18.440000534057617,1024,0.0,0.0,0.0
2022-10-19 15:30:00-04:00,18.399999618530273,18.399999618530273,18.36009979248047,18.3700008392334,2719,0.0,0.0,0.0
2022-10-20 09:30:00-04:00,18.54010009765625,18.565500259399414,18.540000915527344,18.565500259399414,0,0.0,0.0,0.0
2022-10-20 10:30:00-04:00,18.579999923706055,18.579999923706055,18.549999237060547,18.549999237060547,9254,0.0,0.0,0.0
2022-10-20 11:30:00-04:00,18.525999069213867,18.525999069213867,18.525999069213867,18.525999069213867,1408,0.0,0.0,0.0
2022-10-20 13:30:00-04:00,18.360000610351562,18.440000534057617,18.290000915527344,18.290000915527344,6103,0.0,0.0,0.0
2022-10-20 14:30:00-04:00,18.3799991607666,18.412599563598633,18.3799991607666,18.412599563598633,275,0.0,0.0,0.0
2022-10-21 09:30:00-04:00,18.40999984741211,18.540000915527344,18.34000015258789,18.34000015258789,0,0.0,0.0,0.0
2022-10-21 10:30:00-04:00,18.360000610351562,18.43000030517578,18.309999465942383,18.420000076293945,11503,0.0,0.0,0.0
2022-10-21 11:30:00-04:00,18.469999313354492,18.571699142456055,18.469999313354492,18.549999237060547,18114,0.0,0.0,0.0
2022-10-21 12:30:00-04:00,18.540000915527344,18.689899444580078,18.540000915527344,18.689899444580078,14718,0.0,0.0,0.0
2022-10-21 13:30:00-04:00,18.68429946899414,18.68429946899414,18.610000610351562,18.610000610351562,39540,0.0,0.0,0.0
2022-10-21 14:30:00-04:00,18.635000228881836,18.66990089416504,18.635000228881836,18.652999877929688,1801,0.0,0.0,0.0
2022-10-24 09:30:00-04:00,18.68000030517578,18.68000030517578,18.610000610351562,18.610000610351562,0,0.0,0.0,0.0
2022-10-24 10:30:00-04:00,18.55500030517578,18.55500030517578,18.46500015258789,18.46500015258789,200,0.0,0.0,0.0
2022-10-24 11:30:00-04:00,18.409500122070312,18.5,18.409500122070312,18.5,416,0.0,0.0,0.0
2022-10-24 12:30:00-04:00,18.469999313354492,18.520000457763672,18.469999313354492,18.489999771118164,506,0.0,0.0,0.0
2022-10-24 13:30:00-04:00,18.5,18.5,18.43000030517578,18.43000030517578,3842,0.0,0.0,0.0
2022-10-24 14:30:00-04:00,18.489999771118164,18.540000915527344,18.489999771118164,18.540000915527344,357,0.0,0.0,0.0
2022-10-24 15:30:00-04:00,18.584999084472656,18.584999084472656,18.479999542236328,18.487300872802734,818,0.0,0.0,0.0
2022-10-25 09:30:00-04:00,18.360000610351562,18.649999618530273,18.360000610351562,18.649999618530273,0,0.0,0.0,0.0
2022-10-25 10:30:00-04:00,18.56999969482422,18.6200008392334,18.559999465942383,18.6200008392334,25151,0.0,0.0,0.0
2022-10-25 12:30:00-04:00,18.649999618530273,18.649999618530273,18.610000610351562,18.610000610351562,5743,0.0,0.0,0.0
2022-10-25 13:30:00-04:00,18.639999389648438,18.670000076293945,18.639999389648438,18.670000076293945,1036,0.0,0.0,0.0
2022-10-25 14:30:00-04:00,18.639999389648438,18.735700607299805,18.610000610351562,18.735700607299805,500,0.0,0.0,0.0
2022-10-26 09:30:00-04:00,18.795000076293945,18.795000076293945,18.75,18.75,0,0.0,0.0,0.0
2022-10-26 10:30:00-04:00,18.809999465942383,18.829999923706055,18.799999237060547,18.809999465942383,7425,0.0,0.0,0.0
2022-10-26 11:30:00-04:00,18.90999984741211,18.90999984741211,18.85810089111328,18.85810089111328,390,0.0,0.0,0.0
2022-10-26 14:30:00-04:00,18.87579917907715,18.87579917907715,18.860000610351562,18.860000610351562,1881,0.0,0.0,0.0
2022-10-26 15:30:00-04:00,18.850000381469727,18.850000381469727,18.84000015258789,18.84000015258789,1375,0.0,0.0,0.0
2022-10-27 09:30:00-04:00,19.0,19.1200008392334,19.0,19.020000457763672,0,0.0,0.0,0.0
2022-10-27 11:30:00-04:00,19.15999984741211,19.15999984741211,19.149999618530273,19.149999618530273,39068,0.0,0.0,0.0
2022-10-27 12:30:00-04:00,19.239999771118164,19.239999771118164,19.239999771118164,19.239999771118164,590,0.0,0.0,0.0
2022-10-27 15:30:00-04:00,19.1200008392334,19.128299713134766,19.1200008392334,19.128299713134766,100,0.0,0.0,0.0
2022-10-28 09:30:00-04:00,19.290000915527344,19.290000915527344,19.054000854492188,19.054000854492188,0,0.0,0.0,0.0
2022-10-28 10:30:00-04:00,19.05299949645996,19.05299949645996,19.05299949645996,19.05299949645996,286,0.0,0.0,0.0
2022-10-28 12:30:00-04:00,19.170000076293945,19.26300048828125,19.170000076293945,19.26300048828125,5225,0.0,0.0,0.0
2022-10-31 09:30:00-04:00,19.309999465942383,19.510000228881836,19.309999465942383,19.510000228881836,1251,0.0,0.0,0.0
2022-10-31 10:30:00-04:00,19.40999984741211,19.40999984741211,19.40999984741211,19.40999984741211,315,0.0,0.0,0.0
2022-10-31 13:30:00-04:00,19.530000686645508,19.530000686645508,19.530000686645508,19.530000686645508,189,0.0,0.0,0.0
2022-10-31 14:30:00-04:00,19.540000915527344,19.54010009765625,19.5,19.510000228881836,3142,0.0,0.0,0.0
2022-10-31 15:30:00-04:00,19.556299209594727,19.556299209594727,19.4862003326416,19.4862003326416,1000,0.0,0.0,0.0
2022-11-01 11:30:00-04:00,19.56999969482422,19.56999969482422,19.549999237060547,19.549999237060547,179,0.0,0.0,0.0
2022-11-01 12:30:00-04:00,19.540000915527344,19.579999923706055,19.540000915527344,19.579999923706055,3582,0.0,0.0,0.0
2022-11-01 15:30:00-04:00,19.549999237060547,19.56999969482422,19.549999237060547,19.56999969482422,881,0.0,0.0,0.0
2022-11-02 09:30:00-04:00,19.600000381469727,19.600000381469727,19.399999618530273,19.450000762939453,389,0.0,0.0,0.0
2022-11-02 10:30:00-04:00,19.340999603271484,19.340999603271484,19.340999603271484,19.340999603271484,350,0.0,0.0,0.0
2022-11-02 11:30:00-04:00,19.361000061035156,19.389999389648438,19.361000061035156,19.389999389648438,674,0.0,0.0,0.0
2022-11-02 13:30:00-04:00,19.360000610351562,19.459999084472656,19.350000381469727,19.459999084472656,2487,0.0,0.0,0.0
2022-11-02 14:30:00-04:00,19.344999313354492,19.344999313354492,19.229900360107422,19.229999542236328,978,0.0,0.0,0.0
2022-11-02 15:30:00-04:00,19.200000762939453,19.219999313354492,19.1825008392334,19.219999313354492,554,0.0,0.0,0.0
2022-11-03 09:30:00-04:00,19.0,19.1200008392334,19.0,19.105899810791016,0,0.0,0.0,0.0
2022-11-03 10:30:00-04:00,19.18000030517578,19.2716007232666,19.1299991607666,19.23069953918457,1749,0.0,0.0,0.0
2022-11-03 11:30:00-04:00,19.290000915527344,19.290000915527344,19.290000915527344,19.290000915527344,17775,0.0,0.0,0.0
2022-11-03 12:30:00-04:00,19.40999984741211,19.40999984741211,19.40999984741211,19.40999984741211,465,0.0,0.0,0.0
2022-11-03 13:30:00-04:00,19.290000915527344,19.290000915527344,19.290000915527344,19.290000915527344,145,0.0,0.0,0.0
2022-11-03 14:30:00-04:00,19.229999542236328,19.229999542236328,19.209999084472656,19.209999084472656,13424,0.0,0.0,0.0
2022-11-03 15:30:00-04:00,19.270000457763672,19.31999969482422,19.270000457763672,19.2726993560791,7889,0.0,0.0,0.0
2022-11-04 09:30:00-04:00,19.450000762939453,19.450000762939453,19.329099655151367,19.329099655151367,0,0.0,0.0,0.0
2022-11-07 09:30:00-05:00,19.59000015258789,19.59000015258789,19.44499969482422,19.44499969482422,0,0.0,0.0,0.0
2022-11-07 10:30:00-05:00,19.450000762939453,19.486499786376953,19.450000762939453,19.479999542236328,1946,0.0,0.0,0.0
2022-11-07 11:30:00-05:00,19.3700008392334,19.399999618530273,19.3700008392334,19.399999618530273,1332,0.0,0.0,0.0
2022-11-07 12:30:00-05:00,19.41360092163086,19.41360092163086,19.41360092163086,19.41360092163086,129,0.0,0.0,0.0
2022-11-07 13:30:00-05:00,19.399999618530273,19.399999618530273,19.399999618530273,19.399999618530273,2061,0.0,0.0,0.0
2022-11-07 15:30:00-05:00,19.40999984741211,19.421499252319336,19.40999984741211,19.421499252319336,700,0.0,0.0,0.0
2022-11-08 09:30:00-05:00,19.34000015258789,19.351699829101562,19.34000015258789,19.351699829101562,0,0.0,0.0,0.0
2022-11-08 10:30:00-05:00,19.479999542236328,19.510000228881836,19.479999542236328,19.510000228881836,8134,0.0,0.0,0.0
2022-11-08 11:30:00-05:00,19.530000686645508,19.549999237060547,19.50200080871582,19.549999237060547,14244,0.0,0.0,0.0
2022-11-08 13:30:00-05:00,19.440000534057617,19.440000534057617,19.395000457763672,19.395000457763672,273,0.0,0.0,0.0
2022-11-08 15:30:00-05:00,19.469999313354492,19.469999313354492,19.420000076293945,19.43280029296875,4720,0.0,0.0,0.0
2022-11-09 09:30:00-05:00,19.200000762939453,19.200000762939453,19.200000762939453,19.200000762939453,0,0.0,0.0,0.0
2022-11-09 13:30:00-05:00,19.030000686645508,19.030000686645508,18.979999542236328,18.979999542236328,2139,0.0,0.0,0.0
2022-11-09 14:30:00-05:00,18.90999984741211,18.979299545288086,18.90999984741211,18.979299545288086,1290,0.0,0.0,0.0
2022-11-09 15:30:00-05:00,18.899999618530273,18.969999313354492,18.899999618530273,18.969999313354492,995,0.0,0.0,0.0
2022-11-10 12:30:00-05:00,19.270000457763672,19.414499282836914,19.270000457763672,19.414499282836914,65,0.0,0.0,0.0
2022-11-11 09:30:00-05:00,19.68000030517578,19.68000030517578,19.68000030517578,19.68000030517578,0,0.0,0.0,0.0
2022-11-11 10:30:00-05:00,19.449899673461914,19.454999923706055,19.345500946044922,19.345500946044922,724,0.0,0.0,0.0
2022-11-14 10:30:00-05:00,19.649999618530273,19.649999618530273,19.649999618530273,19.649999618530273,0,0.0,0.0,0.0
2022-11-14 15:30:00-05:00,19.450000762939453,19.450000762939453,19.295499801635742,19.450000762939453,250,0.0,0.0,0.0
2022-11-15 10:30:00-05:00,19.520000457763672,19.520000457763672,19.34000015258789,19.34000015258789,121,0.0,0.0,0.0
2022-11-15 11:30:00-05:00,19.350000381469727,19.399999618530273,19.350000381469727,19.360000610351562,1829,0.0,0.0,0.0
2022-11-15 12:30:00-05:00,19.350000381469727,19.350000381469727,19.350000381469727,19.350000381469727,132,0.0,0.0,0.0
2022-11-15 13:30:00-05:00,19.290000915527344,19.329999923706055,19.290000915527344,19.329999923706055,477,0.0,0.0,0.0
2022-11-15 15:30:00-05:00,19.18000030517578,19.18000030517578,19.170000076293945,19.177499771118164,200,0.0,0.0,0.0
2022-11-16 09:30:00-05:00,19.049999237060547,19.049999237060547,19.049999237060547,19.049999237060547,0,0.0,0.0,0.0
2022-11-16 11:30:00-05:00,19.09000015258789,19.100000381469727,19.079999923706055,19.079999923706055,1725,0.0,0.0,0.0
2022-11-16 12:30:00-05:00,19.114999771118164,19.114999771118164,19.059999465942383,19.059999465942383,673,0.0,0.0,0.0
2022-11-16 13:30:00-05:00,19.049999237060547,19.15999984741211,19.049999237060547,19.15999984741211,2302,0.0,0.0,0.0
2022-11-16 14:30:00-05:00,19.174999237060547,19.239099502563477,19.174999237060547,19.229999542236328,803,0.0,0.0,0.0
2022-11-16 15:30:00-05:00,19.235000610351562,19.290000915527344,19.235000610351562,19.290000915527344,1199,0.0,0.0,0.0
2022-11-17 09:30:00-05:00,19.0,19.0049991607666,18.969999313354492,18.97100067138672,0,0.0,0.0,0.0
2022-11-17 10:30:00-05:00,19.030099868774414,19.030099868774414,19.010000228881836,19.026599884033203,30470,0.0,0.0,0.0
2022-11-17 11:30:00-05:00,19.0,19.020000457763672,19.0,19.010000228881836,2172,0.0,0.0,0.0
2022-11-17 12:30:00-05:00,19.059999465942383,19.059999465942383,19.059999465942383,19.059999465942383,1500,0.0,0.0,0.0
2022-11-17 13:30:00-05:00,19.059999465942383,19.059999465942383,19.059999465942383,19.059999465942383,1630,0.0,0.0,0.0
2022-11-17 14:30:00-05:00,19.1200008392334,19.1200008392334,19.1200008392334,19.1200008392334,201,0.0,0.0,0.0
2022-11-17 15:30:00-05:00,19.08989906311035,19.08989906311035,19.06999969482422,19.06999969482422,741,0.0,0.0,0.0
2022-11-18 12:30:00-05:00,19.172700881958008,19.172700881958008,19.1299991607666,19.1299991607666,164,0.0,0.0,0.0
2022-11-18 13:30:00-05:00,19.260000228881836,19.260000228881836,19.260000228881836,19.260000228881836,1416,0.0,0.0,0.0
2022-11-18 15:30:00-05:00,19.280000686645508,19.299999237060547,19.280000686645508,19.299999237060547,1505,0.0,0.0,0.0
2022-11-21 09:30:00-05:00,18.88249969482422,18.88249969482422,18.88249969482422,18.88249969482422,0,0.0,0.0,0.0
2022-11-21 14:30:00-05:00,19.09000015258789,19.09000015258789,19.09000015258789,19.09000015258789,1576,0.0,0.0,0.0
2022-11-21 15:30:00-05:00,19.15999984741211,19.15999984741211,19.139999389648438,19.139999389648438,5134,0.0,0.0,0.0
2022-11-22 09:30:00-05:00,19.100000381469727,19.100000381469727,19.100000381469727,19.100000381469727,0,0.0,0.0,0.0
2022-11-22 10:30:00-05:00,19.42099952697754,19.42099952697754,19.42099952697754,19.42099952697754,414,0.0,0.0,0.0
2022-11-22 11:30:00-05:00,19.595500946044922,19.595500946044922,19.595500946044922,19.595500946044922,142,0.0,0.0,0.0
2022-11-22 14:30:00-05:00,19.610000610351562,19.6200008392334,19.60110092163086,19.60110092163086,1555,0.0,0.0,0.0
2022-11-23 09:30:00-05:00,19.219999313354492,19.4335994720459,19.219999313354492,19.43000030517578,1081,0.0,0.0,0.0
2022-11-23 10:30:00-05:00,19.420000076293945,19.420000076293945,19.420000076293945,19.420000076293945,100,0.0,0.0,0.0
2022-11-23 12:30:00-05:00,19.25,19.260000228881836,19.25,19.260000228881836,1792,0.0,0.0,0.0
2022-11-23 13:30:00-05:00,19.280000686645508,19.299999237060547,19.280000686645508,19.299999237060547,386,0.0,0.0,0.0
2022-11-23 14:30:00-05:00,19.299999237060547,19.299999237060547,19.299999237060547,19.299999237060547,100,0.0,0.0,0.0
2022-11-23 15:30:00-05:00,19.299999237060547,19.299999237060547,19.299999237060547,19.299999237060547,1343,0.0,0.0,0.0
2022-11-25 09:30:00-05:00,19.299999237060547,19.38680076599121,19.299999237060547,19.37339973449707,0,0.0,0.0,0.0
2022-11-28 10:30:00-05:00,19.25,19.25,19.239999771118164,19.239999771118164,4524,0.0,0.0,0.0
2022-11-28 12:30:00-05:00,19.25,19.25,19.25,19.25,346,0.0,0.0,0.0
2022-11-28 14:30:00-05:00,19.18000030517578,19.227500915527344,19.139999389648438,19.139999389648438,0,0.0,0.0,0.0
2022-11-28 15:30:00-05:00,19.190000534057617,19.229999542236328,19.18000030517578,19.229999542236328,21008,0.0,0.0,0.0
2022-11-29 09:30:00-05:00,19.229999542236328,19.270000457763672,19.229999542236328,19.260000228881836,0,0.0,0.0,0.0
2022-11-29 11:30:00-05:00,19.34000015258789,19.350000381469727,19.34000015258789,19.350000381469727,546,0.0,0.0,0.0
2022-11-29 12:30:00-05:00,19.3799991607666,19.3799991607666,19.3799991607666,19.3799991607666,883,0.0,0.0,0.0
2022-11-29 14:30:00-05:00,19.427499771118164,19.51580047607422,19.420000076293945,19.51580047607422,1239,0.0,0.0,0.0
2022-11-30 09:30:00-05:00,19.68000030517578,19.68000030517578,19.68000030517578,19.68000030517578,0,0.0,0.0,0.0
2022-11-30 10:30:00-05:00,19.549999237060547,19.610000610351562,19.549999237060547,19.610000610351562,16498,0.0,0.0,0.0
2022-11-30 11:30:00-05:00,19.600000381469727,19.600000381469727,19.600000381469727,19.600000381469727,5120,0.0,0.0,0.0
2022-11-30 12:30:00-05:00,19.5,19.510000228881836,19.489999771118164,19.510000228881836,872,0.0,0.0,0.0
2022-11-30 13:30:00-05:00,19.6200008392334,19.6200008392334,19.6200008392334,19.6200008392334,435,0.0,0.0,0.0
2022-11-30 15:30:00-05:00,19.700000762939453,19.709999084472656,19.684900283813477,19.684900283813477,2006,0.0,0.0,0.0
2022-12-01 09:30:00-05:00,19.75119972229004,19.75119972229004,19.65999984741211,19.65999984741211,0,0.0,0.0,0.0
2022-12-01 10:30:00-05:00,19.64780044555664,19.65999984741211,19.636600494384766,19.639999389648438,553,0.0,0.0,0.0
2022-12-01 15:30:00-05:00,19.549999237060547,19.549999237060547,19.529600143432617,19.529600143432617,205,0.0,0.0,0.0
2022-12-02 10:30:00-05:00,19.479999542236328,19.479999542236328,19.479999542236328,19.479999542236328,0,0.0,0.0,0.0
2022-12-02 13:30:00-05:00,19.600000381469727,19.610000610351562,19.59000015258789,19.600000381469727,4039,0.0,0.0,0.0
2022-12-02 14:30:00-05:00,19.625999450683594,19.632299423217773,19.625999450683594,19.632299423217773,848,0.0,0.0,0.0
2022-12-02 15:30:00-05:00,19.600000381469727,19.614900588989258,19.59000015258789,19.613300323486328,2450,0.0,0.0,0.0
2022-12-05 09:30:00-05:00,19.59000015258789,19.59000015258789,19.59000015258789,19.59000015258789,0,0.0,0.0,0.0
2022-12-05 10:30:00-05:00,19.400100708007812,19.43000030517578,19.34869956970215,19.3799991607666,12113,0.0,0.0,0.0
2022-12-05 12:30:00-05:00,19.229999542236328,19.229999542236328,19.229999542236328,19.229999542236328,168,0.0,0.0,0.0
2022-12-05 13:30:00-05:00,19.2096004486084,19.2096004486084,19.2096004486084,19.2096004486084,220,0.0,0.0,0.0
2022-12-05 14:30:00-05:00,19.299999237060547,19.299999237060547,19.299100875854492,19.299100875854492,100,0.0,0.0,0.0
2022-12-06 09:30:00-05:00,19.100000381469727,19.100099563598633,19.100000381469727,19.100000381469727,0,0.0,0.0,0.0
2022-12-06 10:30:00-05:00,19.030000686645508,19.030000686645508,18.969999313354492,18.969999313354492,2874,0.0,0.0,0.0
2022-12-06 11:30:00-05:00,18.940000534057617,18.950000762939453,18.93000030517578,18.950000762939453,417,0.0,0.0,0.0
2022-12-06 12:30:00-05:00,18.889999389648438,18.890100479125977,18.889999389648438,18.890100479125977,492,0.0,0.0,0.0
2022-12-06 13:30:00-05:00,18.809999465942383,18.809999465942383,18.799999237060547,18.799999237060547,966,0.0,0.0,0.0
2022-12-06 15:30:00-05:00,18.790000915527344,18.93000030517578,18.770000457763672,18.923900604248047,0,0.0,0.0,0.0
2022-12-07 12:30:00-05:00,18.770000457763672,18.770000457763672,18.770000457763672,18.770000457763672,1578,0.0,0.0,0.0
2022-12-07 13:30:00-05:00,18.65999984741211,18.670000076293945,18.639999389648438,18.639999389648438,4000,0.0,0.0,0.0
2022-12-07 14:30:00-05:00,18.670000076293945,18.670000076293945,18.639999389648438,18.65999984741211,3910,0.0,0.0,0.0
2022-12-07 15:30:00-05:00,18.6299991607666,18.670000076293945,18.6299991607666,18.643199920654297,1801,0.0,0.0,0.0
2022-12-08 09:30:00-05:00,18.809999465942383,18.809999465942383,18.809999465942383,18.809999465942383,0,0.0,0.0,0.0
2022-12-08 10:30:00-05:00,18.687999725341797,18.739999771118164,18.687999725341797,18.739999771118164,9978,0.0,0.0,0.0
2022-12-08 11:30:00-05:00,18.66830062866211,18.66830062866211,18.63990020751953,18.63990020751953,946,0.0,0.0,0.0
2022-12-08 14:30:00-05:00,18.599899291992188,18.600000381469727,18.599899291992188,18.600000381469727,983,0.0,0.0,0.0
2022-12-08 15:30:00-05:00,18.559999465942383,18.56999969482422,18.510000228881836,18.510000228881836,2610,0.0,0.0,0.0
2022-12-09 09:30:00-05:00,18.649999618530273,18.649999618530273,18.649999618530273,18.649999618530273,0,0.0,0.0,0.0
2022-12-09 10:30:00-05:00,18.450000762939453,18.520000457763672,18.31999969482422,18.489999771118164,3744,0.0,0.0,0.0
2022-12-09 11:30:00-05:00,18.420000076293945,18.420000076293945,18.420000076293945,18.420000076293945,1670,0.0,0.0,0.0
2022-12-09 15:30:00-05:00,18.272199630737305,18.280000686645508,18.25860023498535,18.25860023498535,380,0.0,0.0,0.0
2022-12-12 09:30:00-05:00,18.43000030517578,18.43000030517578,18.209999084472656,18.209999084472656,0,0.0,0.0,0.0
2022-12-12 10:30:00-05:00,18.424999237060547,18.457500457763672,18.424999237060547,18.457500457763672,394,0.0,0.0,0.0
2022-12-12 11:30:00-05:00,18.479999542236328,18.479999542236328,18.440000534057617,18.440000534057617,0,0.0,0.0,0.0
2022-12-12 13:30:00-05:00,18.440000534057617,18.440000534057617,18.440000534057617,18.440000534057617,3249,0.0,0.0,0.0
2022-12-12 15:30:00-05:00,18.540000915527344,18.600000381469727,18.540000915527344,18.600000381469727,0,0.0,0.0,0.0
2022-12-13 10:30:00-05:00,18.659900665283203,18.659900665283203,18.638500213623047,18.638500213623047,482,0.0,0.0,0.0
2022-12-13 11:30:00-05:00,18.729900360107422,18.729900360107422,18.65999984741211,18.719999313354492,6236,0.0,0.0,0.0
2022-12-13 13:30:00-05:00,18.780000686645508,18.780000686645508,18.67840003967285,18.709999084472656,4077,0.0,0.0,0.0
2022-12-13 14:30:00-05:00,18.681900024414062,18.709999084472656,18.681900024414062,18.709999084472656,341,0.0,0.0,0.0
2022-12-13 15:30:00-05:00,18.84000015258789,18.84000015258789,18.81999969482422,18.829999923706055,3971,0.0,0.0,0.0
2022-12-14 10:30:00-05:00,18.59000015258789,18.59000015258789,18.59000015258789,18.59000015258789,0,0.0,0.0,0.0
2022-12-14 12:30:00-05:00,18.739999771118164,18.75,18.739999771118164,18.740100860595703,1222,0.0,0.0,0.0
2022-12-14 14:30:00-05:00,18.719999313354492,18.799999237060547,18.719999313354492,18.760000228881836,14083,0.0,0.0,0.0
2022-12-14 15:30:00-05:00,18.72599983215332,18.730300903320312,18.6914005279541,18.72319984436035,1155,0.0,0.0,0.0
2022-12-15 09:30:00-05:00,18.75,18.75,18.404499053955078,18.440000534057617,497,0.0,0.0,0.0
2022-12-15 10:30:00-05:00,18.4325008392334,18.469999313354492,18.3700008392334,18.399900436401367,3519,0.0,0.0,0.0
2022-12-15 11:30:00-05:00,18.360000610351562,18.3700008392334,18.299999237060547,18.299999237060547,1372,0.0,0.0,0.0
2022-12-15 12:30:00-05:00,18.434999465942383,18.434999465942383,18.434999465942383,18.434999465942383,143,0.0,0.0,0.0
2022-12-15 14:30:00-05:00,18.510000228881836,18.520000457763672,18.510000228881836,18.520000457763672,310,0.0,0.0,0.0
2022-12-15 15:30:00-05:00,18.579999923706055,18.579999923706055,18.520000457763672,18.579999923706055,4100,0.0,0.0,0.0
2022-12-16 10:30:00-05:00,18.270000457763672,18.270000457763672,18.260000228881836,18.260000228881836,3895,0.0,0.0,0.0
2022-12-16 11:30:00-05:00,18.290000915527344,18.290000915527344,18.289899826049805,18.289899826049805,9814,0.0,0.0,0.0
2022-12-16 13:30:00-05:00,18.15999984741211,18.15999984741211,18.15999984741211,18.15999984741211,814,0.0,0.0,0.0
2022-12-16 14:30:00-05:00,18.209999084472656,18.280000686645508,18.209999084472656,18.280000686645508,2124,0.0,0.0,0.0
2022-12-16 15:30:00-05:00,18.378299713134766,18.530000686645508,18.378299713134766,18.530000686645508,1640,0.0,0.0,0.0
2022-12-19 09:30:00-05:00,18.770000457763672,18.770000457763672,18.65999984741211,18.65999984741211,0,0.0,0.0,0.0
2022-12-19 11:30:00-05:00,18.360000610351562,18.389999389648438,18.360000610351562,18.389999389648438,2118,0.0,0.0,0.0
2022-12-19 12:30:00-05:00,18.354999542236328,18.357999801635742,18.31999969482422,18.34000015258789,13651,0.0,0.0,0.0
2022-12-19 13:30:00-05:00,18.309999465942383,18.350000381469727,18.219999313354492,18.219999313354492,15605,0.0,0.0,0.0
2022-12-19 14:30:00-05:00,18.177200317382812,18.198999404907227,18.177200317382812,18.198999404907227,300,0.0,0.0,0.0
2022-12-19 15:30:00-05:00,18.22570037841797,18.248199462890625,18.190000534057617,18.248199462890625,825,0.0,0.0,0.0
2022-12-20 09:30:00-05:00,18.040000915527344,18.38990020751953,18.040000915527344,18.38990020751953,0,0.0,0.0,0.0
2022-12-20 10:30:00-05:00,18.30500030517578,18.30500030517578,18.302000045776367,18.302000045776367,2227,0.0,0.0,0.0
2022-12-20 12:30:00-05:00,18.22319984436035,18.239999771118164,18.22319984436035,18.239999771118164,1350,0.0,0.0,0.0
2022-12-20 13:30:00-05:00,18.360000610351562,18.360000610351562,18.360000610351562,18.360000610351562,7578,0.0,0.0,0.0
2022-12-20 14:30:00-05:00,18.309999465942383,18.309999465942383,18.231199264526367,18.240999221801758,4997,0.0,0.0,0.0
2022-12-21 09:30:00-05:00,18.309999465942383,18.350000381469727,18.290000915527344,18.350000381469727,0,0.0,0.0,0.0
2022-12-21 10:30:00-05:00,18.350000381469727,18.350000381469727,18.350000381469727,18.350000381469727,342,0.0,0.0,0.0
2022-12-21 11:30:00-05:00,18.360000610351562,18.360000610351562,18.31999969482422,18.31999969482422,2453,0.0,0.0,0.0
2022-12-21 12:30:00-05:00,18.350000381469727,18.350000381469727,18.350000381469727,18.350000381469727,1796,0.0,0.0,0.0
2022-12-21 13:30:00-05:00,18.405000686645508,18.510000228881836,18.405000686645508,18.510000228881836,2905,0.0,0.0,0.0
2022-12-21 14:30:00-05:00,18.510000228881836,18.510000228881836,18.479999542236328,18.485300064086914,2629,0.0,0.0,0.0
2022-12-22 10:30:00-05:00,18.25,18.290000915527344,18.229999542236328,18.290000915527344,51097,0.0,0.0,0.0
2022-12-22 11:30:00-05:00,18.280000686645508,18.302200317382812,18.280000686645508,18.302200317382812,852,0.0,0.0,0.0
2022-12-22 13:30:00-05:00,18.0,18.059999465942383,18.0,18.059999465942383,1331,0.0,0.0,0.0
2022-12-22 14:30:00-05:00,18.2549991607666,18.280000686645508,18.2549991607666,18.270000457763672,0,0.0,0.0,0.0
2022-12-22 15:30:00-05:00,18.328800201416016,18.328800201416016,18.290000915527344,18.299999237060547,56658,0.0,0.0,0.0
2022-12-23 09:30:00-05:00,18.399999618530273,18.399999618530273,18.399999618530273,18.399999618530273,0,0.0,0.0,0.0
2022-12-23 10:30:00-05:00,18.489999771118164,18.489999771118164,18.489999771118164,18.489999771118164,2139,0.0,0.0,0.0
2022-12-23 12:30:00-05:00,18.489999771118164,18.57900047302246,18.489999771118164,18.57900047302246,2449,0.0,0.0,0.0
2022-12-23 13:30:00-05:00,18.540000915527344,18.649099349975586,18.540000915527344,18.649099349975586,4418,0.0,0.0,0.0
2022-12-23 14:30:00-05:00,18.600000381469727,18.651599884033203,18.600000381469727,18.651599884033203,2348,0.0,0.0,0.0
2022-12-27 09:30:00-05:00,18.530000686645508,18.670000076293945,18.530000686645508,18.6200008392334,0,0.0,0.0,0.0
2022-12-27 10:30:00-05:00,18.655000686645508,18.662099838256836,18.655000686645508,18.662099838256836,1410,0.0,0.0,0.0
2022-12-27 13:30:00-05:00,18.610000610351562,18.610000610351562,18.610000610351562,18.610000610351562,374,0.0,0.0,0.0
2022-12-27 14:30:00-05:00,18.649900436401367,18.690000534057617,18.649900436401367,18.67169952392578,0,0.0,0.0,0.0
2022-12-27 15:30:00-05:00,18.690000534057617,18.700000762939453,18.6200008392334,18.623199462890625,41,0.0,0.0,0.0
2022-12-28 09:30:00-05:00,18.492300033569336,18.492300033569336,18.45009994506836,18.45009994506836,700,0.0,0.0,0.0
2022-12-28 12:30:00-05:00,18.420000076293945,18.450000762939453,18.40999984741211,18.450000762939453,5477,0.0,0.0,0.0
2022-12-28 13:30:00-05:00,18.389999389648438,18.389999389648438,18.3799991607666,18.389999389648438,1874,0.0,0.0,0.0
2022-12-28 14:30:00-05:00,18.43000030517578,18.43000030517578,18.43000030517578,18.43000030517578,295,0.0,0.0,0.0
2022-12-28 15:30:00-05:00,18.349000930786133,18.370100021362305,18.349000930786133,18.360000610351562,3243,0.0,0.0,0.0
2022-12-29 09:30:00-05:00,18.350099563598633,18.540000915527344,18.350099563598633,18.540000915527344,0,0.0,0.0,0.0
2022-12-29 10:30:00-05:00,18.540000915527344,18.540000915527344,18.540000915527344,18.540000915527344,198,0.0,0.0,0.0
2022-12-29 12:30:00-05:00,18.6200008392334,18.6200008392334,18.592199325561523,18.592199325561523,2634,0.0,0.0,0.0
2022-12-29 13:30:00-05:00,18.610000610351562,18.610000610351562,18.600000381469727,18.600000381469727,4233,0.0,0.0,0.0
2022-12-29 14:30:00-05:00,18.65999984741211,18.6968994140625,18.649999618530273,18.6968994140625,1130,0.0,0.0,0.0
2022-12-30 09:30:00-05:00,18.489999771118164,18.600000381469727,18.489999771118164,18.600000381469727,0,0.0,0.0,0.0
2022-12-30 11:30:00-05:00,18.593399047851562,18.638999938964844,18.593399047851562,18.638999938964844,8744,0.0,0.0,0.0
2022-12-30 12:30:00-05:00,18.6299991607666,18.670000076293945,18.59000015258789,18.59000015258789,10892,0.0,0.0,0.0
2022-12-30 13:30:00-05:00,18.610000610351562,18.639999389648438,18.59000015258789,18.59000015258789,4473,0.0,0.0,0.0
2022-12-30 14:30:00-05:00,18.690000534057617,18.709999084472656,18.690000534057617,18.690000534057617,455,0.0,0.0,0.0
2022-12-30 15:30:00-05:00,18.75,18.75,18.75,18.75,100,0.0,0.0,0.0
2023-01-03 10:30:00-05:00,18.56999969482422,18.65999984741211,18.56999969482422,18.64080047607422,2078,0.0,0.0,0.0
2023-01-03 11:30:00-05:00,18.5,18.5,18.5,18.5,618,0.0,0.0,0.0
2023-01-03 13:30:00-05:00,18.400100708007812,18.400100708007812,18.399999618530273,18.399999618530273,456,0.0,0.0,0.0
2023-01-03 14:30:00-05:00,18.320999145507812,18.420000076293945,18.320999145507812,18.395000457763672,1002,0.0,0.0,0.0
2023-01-03 15:30:00-05:00,18.43000030517578,18.530000686645508,18.420000076293945,18.530000686645508,0,0.0,0.0,0.0
2023-01-04 09:30:00-05:00,18.43000030517578,18.459999084472656,18.43000030517578,18.459999084472656,379,0.0,0.0,0.0
2023-01-04 10:30:00-05:00,18.575000762939453,18.575000762939453,18.575000762939453,18.575000762939453,100,0.0,0.0,0.0
2023-01-04 11:30:00-05:00,18.59000015258789,18.6299991607666,18.5841007232666,18.59000015258789,2000,0.0,0.0,0.0
2023-01-04 12:30:00-05:00,18.65999984741211,18.67009925842285,18.65999984741211,18.67009925842285,14830,0.0,0.0,0.0
2023-01-04 14:30:00-05:00,18.520000457763672,18.594999313354492,18.520000457763672,18.594999313354492,2140,0.0,0.0,0.0
2023-01-05 09:30:00-05:00,18.549999237060547,18.549999237060547,18.5,18.5,0,0.0,0.0,0.0
2023-01-05 10:30:00-05:00,18.489999771118164,18.489999771118164,18.489999771118164,18.489999771118164,917,0.0,0.0,0.0
2023-01-05 13:30:00-05:00,18.649999618530273,18.73979949951172,18.649999618530273,18.73979949951172,0,0.0,0.0,0.0
2023-01-06 12:30:00-05:00,19.15999984741211,19.300800323486328,19.15999984741211,19.300800323486328,440,0.0,0.0,0.0
2023-01-09 09:30:00-05:00,19.420000076293945,19.554000854492188,19.420000076293945,19.459999084472656,2057,0.0,0.0,0.0
2023-01-09 10:30:00-05:00,19.527999877929688,19.527999877929688,19.510000228881836,19.520000457763672,1659,0.0,0.0,0.0
2023-01-09 11:30:00-05:00,19.520000457763672,19.520000457763672,19.440000534057617,19.440000534057617,1543,0.0,0.0,0.0
2023-01-09 12:30:00-05:00,19.389999389648438,19.41010093688965,19.389999389648438,19.40999984741211,5231,0.0,0.0,0.0
2023-01-09 14:30:00-05:00,19.3700008392334,19.3700008392334,19.3700008392334,19.3700008392334,360,0.0,0.0,0.0
2023-01-09 15:30:00-05:00,19.420000076293945,19.420000076293945,19.420000076293945,19.420000076293945,248,0.0,0.0,0.0
2023-01-10 09:30:00-05:00,19.415700912475586,19.415700912475586,19.399999618530273,19.399999618530273,0,0.0,0.0,0.0
2023-01-10 10:30:00-05:00,19.290000915527344,19.33989906311035,19.290000915527344,19.33989906311035,2391,0.0,0.0,0.0
2023-01-10 11:30:00-05:00,19.399200439453125,19.399200439453125,19.399200439453125,19.399200439453125,763,0.0,0.0,0.0
2023-01-10 12:30:00-05:00,19.41990089416504,19.450000762939453,19.41990089416504,19.450000762939453,345,0.0,0.0,0.0
2023-01-10 13:30:00-05:00,19.450000762939453,19.450000762939453,19.450000762939453,19.450000762939453,1081,0.0,0.0,0.0
2023-01-10 14:30:00-05:00,19.399999618530273,19.40999984741211,19.380599975585938,19.380599975585938,1155,0.0,0.0,0.0
2023-01-11 09:30:00-05:00,19.549999237060547,19.549999237060547,19.548999786376953,19.548999786376953,0,0.0,0.0,0.0
2023-01-11 10:30:00-05:00,19.49090003967285,19.540000915527344,19.49090003967285,19.506200790405273,3682,0.0,0.0,0.0
2023-01-11 11:30:00-05:00,19.452299118041992,19.519899368286133,19.452299118041992,19.489999771118164,3850,0.0,0.0,0.0
2023-01-11 13:30:00-05:00,19.469999313354492,19.469999313354492,19.469999313354492,19.469999313354492,574,0.0,0.0,0.0
2023-01-11 14:30:00-05:00,19.59000015258789,19.610000610351562,19.59000015258789,19.610000610351562,464,0.0,0.0,0.0
2023-01-11 15:30:00-05:00,19.600000381469727,19.600000381469727,19.600000381469727,19.600000381469727,358,0.0,0.0,0.0
2023-01-12 09:30:00-05:00,19.31999969482422,19.31999969482422,19.31999969482422,19.31999969482422,0,0.0,0.0,0.0
2023-01-12 10:30:00-05:00,19.459999084472656,19.459999084472656,19.459999084472656,19.459999084472656,225,0.0,0.0,0.0
2023-01-12 12:30:00-05:00,19.510000228881836,19.510000228881836,19.510000228881836,19.510000228881836,202,0.0,0.0,0.0
2023-01-12 14:30:00-05:00,19.44499969482422,19.44499969482422,19.44499969482422,19.44499969482422,510,0.0,0.0,0.0
2023-01-13 09:30:00-05:00,19.440000534057617,19.440000534057617,19.440000534057617,19.440000534057617,120,0.0,0.0,0.0
2023-01-13 14:30:00-05:00,19.450000762939453,19.465200424194336,19.450000762939453,19.465200424194336,641,0.0,0.0,0.0
2023-01-17 09:30:00-05:00,19.34000015258789,19.5,19.34000015258789,19.5,293,0.0,0.0,0.0
2023-01-17 10:30:00-05:00,19.520000457763672,19.520000457763672,19.43000030517578,19.43000030517578,20170,0.0,0.0,0.0
2023-01-17 11:30:00-05:00,19.40999984741211,19.415000915527344,19.3700008392334,19.3700008392334,3029,0.0,0.0,0.0
2023-01-17 12:30:00-05:00,19.360000610351562,19.36009979248047,19.350000381469727,19.350000381469727,1330,0.0,0.0,0.0
2023-01-17 13:30:00-05:00,19.39940071105957,19.39940071105957,19.3700008392334,19.3700008392334,682,0.0,0.0,0.0
2023-01-17 14:30:00-05:00,19.3700008392334,19.3700008392334,19.3700008392334,19.3700008392334,115,0.0,0.0,0.0
2023-01-17 15:30:00-05:00,19.409900665283203,19.40999984741211,19.389799118041992,19.389799118041992,200,0.0,0.0,0.0
2023-01-18 09:30:00-05:00,19.490100860595703,19.510000228881836,19.479999542236328,19.489999771118164,29720,0.0,0.0,0.0
2023-01-18 10:30:00-05:00,19.510000228881836,19.510000228881836,19.510000228881836,19.510000228881836,100,0.0,0.0,0.0
2023-01-18 12:30:00-05:00,19.23240089416504,19.23240089416504,19.23240089416504,19.23240089416504,770,0.0,0.0,0.0
2023-01-18 14:30:00-05:00,19.139999389648438,19.21139907836914,19.139999389648438,19.21139907836914,875,0.0,0.0,0.0
2023-01-18 15:30:00-05:00,19.1299991607666,19.1299991607666,19.110000610351562,19.110000610351562,3510,0.0,0.0,0.0
2023-01-19 09:30:00-05:00,19.110000610351562,19.110000610351562,19.110000610351562,19.110000610351562,0,0.0,0.0,0.0
2023-01-19 13:30:00-05:00,19.299999237060547,19.299999237060547,19.294200897216797,19.294200897216797,894,0.0,0.0,0.0
2023-01-20 12:30:00-05:00,19.40530014038086,19.41900062561035,19.40530014038086,19.41900062561035,567,0.0,0.0,0.0
2023-01-20 13:30:00-05:00,19.389999389648438,19.389999389648438,19.389999389648438,19.389999389648438,904,0.0,0.0,0.0
2023-01-20 15:30:00-05:00,19.3799991607666,19.385700225830078,19.360000610351562,19.385700225830078,0,0.0,0.0,0.0
2023-01-23 11:30:00-05:00,19.73900032043457,19.73900032043457,19.682600021362305,19.682600021362305,778,0.0,0.0,0.0
2023-01-24 09:30:00-05:00,19.829999923706055,19.829999923706055,19.552000045776367,19.552000045776367,0,0.0,0.0,0.0
2023-01-24 10:30:00-05:00,19.540000915527344,19.540000915527344,19.540000915527344,19.540000915527344,100,0.0,0.0,0.0
2023-01-24 11:30:00-05:00,19.639999389648438,19.639999389648438,19.565000534057617,19.565000534057617,3689,0.0,0.0,0.0
2023-01-24 12:30:00-05:00,19.62579917907715,19.62579917907715,19.62579917907715,19.62579917907715,147,0.0,0.0,0.0
2023-01-24 13:30:00-05:00,19.65999984741211,19.713600158691406,19.65999984741211,19.713600158691406,8113,0.0,0.0,0.0
2023-01-24 15:30:00-05:00,19.72010040283203,19.72010040283203,19.670000076293945,19.670000076293945,0,0.0,0.0,0.0
2023-01-25 09:30:00-05:00,19.81999969482422,19.81999969482422,19.520000457763672,19.520000457763672,737,0.0,0.0,0.0
2023-01-25 10:30:00-05:00,19.604999542236328,19.604999542236328,19.604999542236328,19.604999542236328,132,0.0,0.0,0.0
2023-01-25 11:30:00-05:00,19.665000915527344,19.665000915527344,19.665000915527344,19.665000915527344,200,0.0,0.0,0.0
2023-01-25 12:30:00-05:00,19.635000228881836,19.635000228881836,19.614999771118164,19.614999771118164,275,0.0,0.0,0.0
2023-01-25 13:30:00-05:00,19.645000457763672,19.645000457763672,19.600000381469727,19.63800048828125,2341,0.0,0.0,0.0
2023-01-26 10:30:00-05:00,19.719999313354492,19.719999313354492,19.719999313354492,19.719999313354492,0,0.0,0.0,0.0
2023-01-26 11:30:00-05:00,19.760000228881836,19.780000686645508,19.72010040283203,19.770000457763672,3675,0.0,0.0,0.0
2023-01-26 12:30:00-05:00,19.790000915527344,19.790000915527344,19.760000228881836,19.760000228881836,3397,0.0,0.0,0.0
2023-01-26 13:30:00-05:00,19.799999237060547,19.799999237060547,19.799999237060547,19.799999237060547,644,0.0,0.0,0.0
2023-01-26 14:30:00-05:00,19.829999923706055,19.849899291992188,19.829999923706055,19.849899291992188,100,0.0,0.0,0.0
2023-01-27 09:30:00-05:00,19.889999389648438,19.889999389648438,19.889999389648438,19.889999389648438,0,0.0,0.0,0.0
2023-01-27 13:30:00-05:00,19.877300262451172,19.877300262451172,19.860000610351562,19.860000610351562,1880,0.0,0.0,0.0
2023-01-27 14:30:00-05:00,19.8700008392334,19.8700008392334,19.808000564575195,19.808000564575195,1527,0.0,0.0,0.0
2023-01-30 09:30:00-05:00,19.739999771118164,19.759899139404297,19.68000030517578,19.759899139404297,0,0.0,0.0,0.0
2023-01-30 13:30:00-05:00,19.510000228881836,19.54800033569336,19.459999084472656,19.459999084472656,2713,0.0,0.0,0.0
2023-01-30 14:30:00-05:00,19.459999084472656,19.468799591064453,19.423799514770508,19.457000732421875,352,0.0,0.0,0.0
2023-01-31 09:30:00-05:00,19.399999618530273,19.399999618530273,19.399999618530273,19.399999618530273,0,0.0,0.0,0.0
2023-01-31 10:30:00-05:00,19.479999542236328,19.479999542236328,19.440000534057617,19.440000534057617,52422,0.0,0.0,0.0
2023-01-31 11:30:00-05:00,19.5,19.5,19.5,19.5,532,0.0,0.0,0.0
2023-01-31 15:30:00-05:00,19.5,19.542800903320312,19.5,19.542800903320312,100,0.0,0.0,0.0
2023-02-01 09:30:00-05:00,19.5,19.5,19.5,19.5,0,0.0,0.0,0.0
2023-02-01 10:30:00-05:00,19.540000915527344,19.540000915527344,19.540000915527344,19.540000915527344,10000,0.0,0.0,0.0
2023-02-01 11:30:00-05:00,19.510099411010742,19.510099411010742,19.34000015258789,19.34000015258789,1929,0.0,0.0,0.0
2023-02-01 12:30:00-05:00,19.360000610351562,19.360000610351562,19.31999969482422,19.31999969482422,669,0.0,0.0,0.0
2023-02-01 13:30:00-05:00,19.43000030517578,19.554100036621094,19.43000030517578,19.554100036621094,280,0.0,0.0,0.0
2023-02-02 09:30:00-05:00,19.739999771118164,19.739999771118164,19.5,19.5,0,0.0,0.0,0.0
2023-02-02 11:30:00-05:00,19.649999618530273,19.649999618530273,19.639999389648438,19.649999618530273,2224,0.0,0.0,0.0
2023-02-02 12:30:00-05:00,19.7189998626709,19.7189998626709,19.7189998626709,19.7189998626709,600,0.0,0.0,0.0
2023-02-02 13:30:00-05:00,19.739999771118164,19.739999771118164,19.739999771118164,19.739999771118164,215,0.0,0.0,0.0
2023-02-02 14:30:00-05:00,19.71500015258789,19.75,19.71500015258789,19.725000381469727,600,0.0,0.0,0.0
2023-02-02 15:30:00-05:00,19.735000610351562,19.73539924621582,19.690000534057617,19.73539924621582,2735,0.0,0.0,0.0
2023-02-03 09:30:00-05:00,19.760000228881836,19.760000228881836,19.760000228881836,19.760000228881836,0,0.0,0.0,0.0
2023-02-03 11:30:00-05:00,19.709999084472656,19.709999084472656,19.709999084472656,19.709999084472656,1613,0.0,0.0,0.0
2023-02-03 12:30:00-05:00,19.729999542236328,19.729999542236328,19.68000030517578,19.68000030517578,1690,0.0,0.0,0.0
2023-02-03 13:30:00-05:00,19.729999542236328,19.729999542236328,19.649999618530273,19.649999618530273,640,0.0,0.0,0.0
2023-02-03 14:30:00-05:00,19.674999237060547,19.674999237060547,19.674999237060547,19.674999237060547,183,0.0,0.0,0.0
2023-02-03 15:30:00-05:00,19.65999984741211,19.65999984741211,19.61039924621582,19.61039924621582,886,0.0,0.0,0.0
2023-02-06 11:30:00-05:00,19.59000015258789,19.59000015258789,19.59000015258789,19.59000015258789,0,0.0,0.0,0.0
2023-02-06 12:30:00-05:00,19.530000686645508,19.59000015258789,19.530000686645508,19.59000015258789,655,0.0,0.0,0.0
2023-02-06 13:30:00-05:00,19.59000015258789,19.59000015258789,19.56369972229004,19.56369972229004,763,0.0,0.0,0.0
2023-02-07 09:30:00-05:00,19.559999465942383,19.559999465942383,19.549999237060547,19.559999465942383,1644,0.0,0.0,0.0
2023-02-07 10:30:00-05:00,19.485000610351562,19.485000610351562,19.485000610351562,19.485000610351562,604,0.0,0.0,0.0
2023-02-07 12:30:00-05:00,19.56999969482422,19.598499298095703,19.559999465942383,19.579999923706055,701,0.0,0.0,0.0
2023-02-07 13:30:00-05:00,19.489999771118164,19.600000381469727,19.489999771118164,19.600000381469727,4011,0.0,0.0,0.0
2023-02-07 14:30:00-05:00,19.59000015258789,19.59000015258789,19.59000015258789,19.59000015258789,300,0.0,0.0,0.0
2023-02-07 15:30:00-05:00,19.579999923706055,19.579999923706055,19.57900047302246,19.57900047302246,0,0.0,0.0,0.0
2023-02-08 09:30:00-05:00,19.540000915527344,19.540000915527344,19.540000915527344,19.540000915527344,533,0.0,0.0,0.0
2023-02-08 10:30:00-05:00,19.420000076293945,19.420000076293945,19.420000076293945,19.420000076293945,218,0.0,0.0,0.0
2023-02-08 13:30:00-05:00,19.559999465942383,19.689300537109375,19.549999237060547,19.689300537109375,939,0.0,0.0,0.0
2023-02-09 10:30:00-05:00,19.729999542236328,19.78809928894043,19.729999542236328,19.739999771118164,14089,0.0,0.0,0.0
2023-02-09 12:30:00-05:00,19.639999389648438,19.690000534057617,19.639999389648438,19.690000534057617,9640,0.0,0.0,0.0
2023-02-09 13:30:00-05:00,19.68000030517578,19.68000030517578,19.650100708007812,19.650100708007812,1313,0.0,0.0,0.0
2023-02-09 14:30:00-05:00,19.510099411010742,19.549999237060547,19.510000228881836,19.549999237060547,350,0.0,0.0,0.0
2023-02-09 15:30:00-05:00,19.59000015258789,19.600000381469727,19.59000015258789,19.600000381469727,600,0.0,0.0,0.0
2023-02-10 10:30:00-05:00,19.770000457763672,19.770000457763672,19.770000457763672,19.770000457763672,0,0.0,0.0,0.0
2023-02-10 13:30:00-05:00,19.850000381469727,19.850000381469727,19.83810043334961,19.83810043334961,0,0.0,0.0,0.0
2023-02-13 13:30:00-05:00,19.93000030517578,19.93000030517578,19.93000030517578,19.93000030517578,727,0.0,0.0,0.0
2023-02-13 14:30:00-05:00,19.90999984741211,19.90999984741211,19.90999984741211,19.90999984741211,3040,0.0,0.0,0.0
2023-02-13 15:30:00-05:00,19.81999969482422,19.81999969482422,19.819700241088867,19.819700241088867,0,0.0,0.0,0.0
2023-02-14 12:30:00-05:00,19.889999389648438,20.034900665283203,19.889999389648438,20.034900665283203,1670,0.0,0.0,0.0
2023-02-15 09:30:00-05:00,19.780000686645508,19.91080093383789,19.780000686645508,19.91080093383789,1336,0.0,0.0,0.0
2023-02-15 10:30:00-05:00,20.020000457763672,20.020000457763672,20.020000457763672,20.020000457763672,110,0.0,0.0,0.0
2023-02-15 12:30:00-05:00,19.8799991607666,19.8799991607666,19.8799991607666,19.8799991607666,502,0.0,0.0,0.0
2023-02-15 14:30:00-05:00,19.979999542236328,19.979999542236328,19.979999542236328,19.979999542236328,466,0.0,0.0,0.0
2023-02-15 15:30:00-05:00,19.95009994506836,19.95009994506836,19.940000534057617,19.940000534057617,355,0.0,0.0,0.0
2023-02-16 09:30:00-05:00,19.639999389648438,19.949899673461914,19.639999389648438,19.949899673461914,0,0.0,0.0,0.0
2023-02-16 11:30:00-05:00,19.940000534057617,19.969999313354492,19.940000534057617,19.969999313354492,385,0.0,0.0,0.0
2023-02-16 12:30:00-05:00,19.989999771118164,20.0,19.940000534057617,19.989999771118164,1947,0.0,0.0,0.0
2023-02-16 13:30:00-05:00,19.969999313354492,19.969999313354492,19.969999313354492,19.969999313354492,201,0.0,0.0,0.0
2023-02-16 14:30:00-05:00,19.989999771118164,19.989999771118164,19.90559959411621,19.90559959411621,5043,0.0,0.0,0.0
2023-02-17 09:30:00-05:00,19.65999984741211,19.65999984741211,19.65999984741211,19.65999984741211,0,0.0,0.0,0.0
2023-02-17 10:30:00-05:00,19.649999618530273,19.649999618530273,19.649999618530273,19.649999618530273,9833,0.0,0.0,0.0
2023-02-17 11:30:00-05:00,19.614999771118164,19.614999771118164,19.614999771118164,19.614999771118164,993,0.0,0.0,0.0
2023-02-17 12:30:00-05:00,19.63990020751953,19.63990020751953,19.62969970703125,19.62980079650879,1080,0.0,0.0,0.0
2023-02-17 13:30:00-05:00,19.530000686645508,19.530000686645508,19.520000457763672,19.520000457763672,879,0.0,0.0,0.0
2023-02-17 15:30:00-05:00,19.559999465942383,19.559999465942383,19.520000457763672,19.534099578857422,6238,0.0,0.0,0.0
2023-02-21 11:30:00-05:00,19.260000228881836,19.260000228881836,19.260000228881836,19.260000228881836,0,0.0,0.0,0.0
2023-02-21 13:30:00-05:00,19.280000686645508,19.280000686645508,19.280000686645508,19.280000686645508,239,0.0,0.0,0.0
2023-02-21 14:30:00-05:00,19.290000915527344,19.290000915527344,19.280000686645508,19.280000686645508,5177,0.0,0.0,0.0
2023-02-21 15:30:00-05:00,19.299999237060547,19.335899353027344,19.299999237060547,19.335899353027344,1887,0.0,0.0,0.0
2023-02-22 13:30:00-05:00,19.40999984741211,19.40999984741211,19.40169906616211,19.40169906616211,2011,0.0,0.0,0.0
2023-02-23 09:30:00-05:00,19.469999313354492,19.469999313354492,19.439300537109375,19.439300537109375,11899,0.0,0.0,0.0
2023-02-23 10:30:00-05:00,19.424999237060547,19.424999237060547,19.424999237060547,19.424999237060547,439,0.0,0.0,0.0
2023-02-23 13:30:00-05:00,19.479400634765625,19.479400634765625,19.40999984741211,19.440000534057617,4326,0.0,0.0,0.0
2023-02-23 14:30:00-05:00,19.440000534057617,19.489999771118164,19.440000534057617,19.458200454711914,200,0.0,0.0,0.0
2023-02-24 09:30:00-05:00,19.280000686645508,19.280000686645508,19.280000686645508,19.280000686645508,0,0.0,0.0,0.0
2023-02-24 11:30:00-05:00,19.330900192260742,19.330900192260742,19.330900192260742,19.330900192260742,240,0.0,0.0,0.0
2023-02-24 15:30:00-05:00,19.320100784301758,19.357799530029297,19.31999969482422,19.357799530029297,400,0.0,0.0,0.0
2023-02-27 11:30:00-05:00,19.364999771118164,19.364999771118164,19.364999771118164,19.364999771118164,0,0.0,0.0,0.0
2023-02-27 14:30:00-05:00,19.290000915527344,19.360000610351562,19.290000915527344,19.360000610351562,2124,0.0,0.0,0.0
2023-02-27 15:30:00-05:00,19.321500778198242,19.336299896240234,19.321500778198242,19.336299896240234,691,0.0,0.0,0.0
2023-02-28 09:30:00-05:00,19.200000762939453,19.440000534057617,19.200000762939453,19.440000534057617,2679,0.0,0.0,0.0
2023-02-28 10:30:00-05:00,19.370100021362305,19.370100021362305,19.370100021362305,19.370100021362305,100,0.0,0.0,0.0
2023-02-28 11:30:00-05:00,19.31999969482422,19.31999969482422,19.270000457763672,19.270000457763672,3911,0.0,0.0,0.0
2023-02-28 12:30:00-05:00,19.299999237060547,19.309999465942383,19.299999237060547,19.309999465942383,1201,0.0,0.0,0.0
2023-02-28 13:30:00-05:00,19.309999465942383,19.309999465942383,19.25,19.25,925,0.0,0.0,0.0
2023-02-28 14:30:00-05:00,19.280000686645508,19.280000686645508,19.280000686645508,19.280000686645508,100,0.0,0.0,0.0
2023-02-28 15:30:00-05:00,19.200000762939453,19.25,19.190000534057617,19.25,2281,0.0,0.0,0.0
2023-03-01 12:30:00-05:00,19.209999084472656,19.209999084472656,19.209999084472656,19.209999084472656,190,0.0,0.0,0.0
2023-03-01 13:30:00-05:00,19.170000076293945,19.190000534057617,19.170000076293945,19.190000534057617,6381,0.0,0.0,0.0
2023-03-01 14:30:00-05:00,19.190000534057617,19.190000534057617,19.190000534057617,19.190000534057617,235,0.0,0.0,0.0
2023-03-01 15:30:00-05:00,19.239999771118164,19.239999771118164,19.209999084472656,19.209999084472656,0,0.0,0.0,0.0
2023-03-02 09:30:00-05:00,19.360000610351562,19.360000610351562,19.360000610351562,19.360000610351562,404,0.0,0.0,0.0
2023-03-02 12:30:00-05:00,19.450000762939453,19.510000228881836,19.450000762939453,19.510000228881836,1217,0.0,0.0,0.0
2023-03-02 14:30:00-05:00,19.530000686645508,19.530000686645508,19.530000686645508,19.530000686645508,500,0.0,0.0,0.0
2023-03-02 15:30:00-05:00,19.520000457763672,19.520000457763672,19.49340057373047,19.49340057373047,598,0.0,0.0,0.0
2023-03-03 13:30:00-05:00,19.68000030517578,19.68000030517578,19.68000030517578,19.68000030517578,0,0.0,0.0,0.0
2023-03-03 14:30:00-05:00,19.66010093688965,19.729999542236328,19.591899871826172,19.591899871826172,614,0.0,0.0,0.0
2023-03-06 09:30:00-05:00,19.579999923706055,19.635799407958984,19.579999923706055,19.635799407958984,0,0.0,0.0,0.0
2023-03-06 11:30:00-05:00,19.68000030517578,19.680099487304688,19.68000030517578,19.680099487304688,1882,0.0,0.0,0.0
2023-03-06 13:30:00-05:00,19.690000534057617,19.709999084472656,19.68000030517578,19.709999084472656,0,0.0,0.0,0.0
2023-03-06 15:30:00-05:00,19.670000076293945,19.670000076293945,19.66189956665039,19.66189956665039,4116,0.0,0.0,0.0
2023-03-07 09:30:00-05:00,19.709999084472656,19.719999313354492,19.579999923706055,19.6200008392334,6448,0.0,0.0,0.0
2023-03-07 11:30:00-05:00,19.56719970703125,19.56719970703125,19.56719970703125,19.56719970703125,1465,0.0,0.0,0.0
2023-03-07 13:30:00-05:00,19.579999923706055,19.59000015258789,19.579999923706055,19.59000015258789,2286,0.0,0.0,0.0
2023-03-07 15:30:00-05:00,19.479999542236328,19.48419952392578,19.479999542236328,19.48419952392578,1100,0.0,0.0,0.0
2023-03-08 09:30:00-05:00,19.31999969482422,19.5049991607666,19.31999969482422,19.5049991607666,0,0.0,0.0,0.0
2023-03-08 11:30:00-05:00,19.299999237060547,19.299999237060547,19.290000915527344,19.299999237060547,1149,0.0,0.0,0.0
2023-03-08 13:30:00-05:00,19.360000610351562,19.36009979248047,19.360000610351562,19.36009979248047,904,0.0,0.0,0.0
2023-03-08 14:30:00-05:00,19.36050033569336,19.446399688720703,19.36050033569336,19.36050033569336,1694,0.0,0.0,0.0
2023-03-09 15:30:00-05:00,19.31999969482422,19.31999969482422,19.31999969482422,19.31999969482422,9202,0.0,0.0,0.0
2023-03-10 10:30:00-05:00,19.3799991607666,19.3799991607666,19.3799991607666,19.3799991607666,0,0.0,0.0,0.0
2023-03-10 12:30:00-05:00,19.270000457763672,19.270000457763672,19.200000762939453,19.200000762939453,1251,0.0,0.0,0.0
2023-03-10 13:30:00-05:00,19.09000015258789,19.11910057067871,19.09000015258789,19.11910057067871,107,0.0,0.0,0.0
2023-03-13 10:30:00-04:00,19.170000076293945,19.170000076293945,19.15999984741211,19.170000076293945,0,0.0,0.0,0.0
2023-03-13 12:30:00-04:00,19.010000228881836,19.010000228881836,19.0,19.0,497,0.0,0.0,0.0
2023-03-13 14:30:00-04:00,18.96500015258789,18.96500015258789,18.90220069885254,18.90220069885254,328,0.0,0.0,0.0
2023-03-14 09:30:00-04:00,19.09000015258789,19.09000015258789,19.06999969482422,19.06999969482422,0,0.0,0.0,0.0
2023-03-14 12:30:00-04:00,19.110000610351562,19.110000610351562,19.110000610351562,19.110000610351562,772,0.0,0.0,0.0
2023-03-14 13:30:00-04:00,19.030000686645508,19.030000686645508,18.989999771118164,18.989999771118164,1288,0.0,0.0,0.0
2023-03-14 14:30:00-04:00,18.899999618530273,18.899999618530273,18.899999618530273,18.899999618530273,1450,0.0,0.0,0.0
2023-03-14 15:30:00-04:00,18.917400360107422,18.93720054626465,18.917400360107422,18.93720054626465,215,0.0,0.0,0.0
2023-03-15 09:30:00-04:00,18.559999465942383,18.560100555419922,18.559999465942383,18.559999465942383,0,0.0,0.0,0.0
2023-03-15 10:30:00-04:00,18.399999618530273,18.399999618530273,18.399999618530273,18.399999618530273,16517,0.0,0.0,0.0
2023-03-15 11:30:00-04:00,18.315000534057617,18.315000534057617,18.315000534057617,18.315000534057617,130,0.0,0.0,0.0
2023-03-15 12:30:00-04:00,18.15999984741211,18.15999984741211,18.15999984741211,18.15999984741211,4000,0.0,0.0,0.0
2023-03-15 14:30:00-04:00,18.320100784301758,18.320100784301758,18.320100784301758,18.320100784301758,500,0.0,0.0,0.0
2023-03-15 15:30:00-04:00,18.28019905090332,18.29199981689453,18.270000457763672,18.29199981689453,219,0.0,0.0,0.0
2023-03-16 09:30:00-04:00,18.1299991607666,18.18000030517578,17.922000885009766,17.922000885009766,0,0.0,0.0,0.0
2023-03-16 10:30:00-04:00,17.969999313354492,18.139999389648438,17.969999313354492,18.116600036621094,1649,0.0,0.0,0.0
2023-03-16 13:30:00-04:00,18.38010025024414,18.49169921875,18.3799991607666,18.49169921875,2700,0.0,0.0,0.0
2023-03-17 09:30:00-04:00,18.489999771118164,18.520000457763672,18.299999237060547,18.299999237060547,22434,0.0,0.0,0.0
2023-03-17 11:30:00-04:00,18.170000076293945,18.170000076293945,18.170000076293945,18.170000076293945,164,0.0,0.0,0.0
2023-03-17 12:30:00-04:00,18.16830062866211,18.198999404907227,18.16830062866211,18.198999404907227,1076,0.0,0.0,0.0
2023-03-17 15:30:00-04:00,18.261600494384766,18.359100341796875,18.261600494384766,18.290000915527344,501,0.0,0.0,0.0
2023-03-20 09:30:00-04:00,18.520000457763672,18.520000457763672,18.5,18.5,0,0.0,0.0,0.0
2023-03-20 11:30:00-04:00,18.520000457763672,18.520000457763672,18.520000457763672,18.520000457763672,497,0.0,0.0,0.0
2023-03-20 12:30:00-04:00,18.43000030517578,18.43000030517578,18.43000030517578,18.43000030517578,111,0.0,0.0,0.0
2023-03-20 14:30:00-04:00,18.299999237060547,18.299999237060547,18.299999237060547,18.299999237060547,4809,0.0,0.0,0.0
2023-03-20 15:30:00-04:00,18.275999069213867,18.275999069213867,18.275999069213867,18.275999069213867,500,0.0,0.0,0.0
2023-03-21 12:30:00-04:00,18.68000030517578,18.690000534057617,18.68000030517578,18.690000534057617,320,0.0,0.0,0.0
2023-03-21 13:30:00-04:00,18.690000534057617,18.690000534057617,18.690000534057617,18.690000534057617,260,0.0,0.0,0.0
2023-03-21 14:30:00-04:00,18.690000534057617,18.690200805664062,18.690000534057617,18.690000534057617,865,0.0,0.0,0.0
2023-03-21 15:30:00-04:00,18.68000030517578,18.719999313354492,18.6299991607666,18.6299991607666,2947,0.0,0.0,0.0
2023-03-22 09:30:00-04:00,18.6117000579834,18.6299991607666,18.604999542236328,18.6299991607666,0,0.0,0.0,0.0
2023-03-22 11:30:00-04:00,18.600000381469727,18.600000381469727,18.599899291992188,18.599899291992188,1253,0.0,0.0,0.0
2023-03-22 12:30:00-04:00,18.579999923706055,18.579999923706055,18.559999465942383,18.56999969482422,3801,0.0,0.0,0.0
2023-03-22 13:30:00-04:00,18.549999237060547,18.56999969482422,18.520000457763672,18.520000457763672,10682,0.0,0.0,0.0
2023-03-22 14:30:00-04:00,18.5,18.579999923706055,18.5,18.579999923706055,3960,0.0,0.0,0.0
2023-03-22 15:30:00-04:00,18.3799991607666,18.3799991607666,18.30900001525879,18.30900001525879,100,0.0,0.0,0.0
2023-03-23 09:30:00-04:00,18.6200008392334,18.6200008392334,18.469999313354492,18.469999313354492,0,0.0,0.0,0.0
2023-03-23 10:30:00-04:00,18.399999618530273,18.415000915527344,18.3700008392334,18.415000915527344,4860,0.0,0.0,0.0
2023-03-23 11:30:00-04:00,18.389999389648438,18.399999618530273,18.280000686645508,18.280000686645508,10617,0.0,0.0,0.0
2023-03-23 12:30:00-04:00,18.260000228881836,18.260000228881836,18.1299991607666,18.1299991607666,1828,0.0,0.0,0.0
2023-03-23 13:30:00-04:00,18.1200008392334,18.1200008392334,18.010000228881836,18.010000228881836,3970,0.0,0.0,0.0
2023-03-23 14:30:00-04:00,18.0,18.010000228881836,17.889999389648438,17.950000762939453,4224,0.0,0.0,0.0
2023-03-23 15:30:00-04:00,17.950000762939453,18.020000457763672,17.940000534057617,18.0,5036,0.0,0.0,0.0
2023-03-24 09:30:00-04:00,17.850000381469727,17.850000381469727,17.730899810791016,17.770000457763672,0,0.0,0.0,0.0
2023-03-24 10:30:00-04:00,17.790000915527344,17.790000915527344,17.790000915527344,17.790000915527344,645,0.0,0.0,0.0
2023-03-24 13:30:00-04:00,18.1200008392334,18.1200008392334,18.1200008392334,18.1200008392334,1389,0.0,0.0,0.0
2023-03-24 14:30:00-04:00,18.16010093688965,18.161699295043945,18.139999389648438,18.149999618530273,1757,0.0,0.0,0.0
2023-03-24 15:30:00-04:00,18.139999389648438,18.140100479125977,18.079999923706055,18.079999923706055,1000,0.0,0.0,0.0
2023-03-27 09:30:00-04:00,18.379899978637695,18.379899978637695,18.253000259399414,18.253000259399414,0,0.0,0.0,0.0
2023-03-27 10:30:00-04:00,18.299999237060547,18.299999237060547,18.280000686645508,18.299999237060547,10271,0.0,0.0,0.0
2023-03-27 11:30:00-04:00,18.309999465942383,18.309999465942383,18.309999465942383,18.309999465942383,3423,0.0,0.0,0.0
2023-03-27 13:30:00-04:00,18.479999542236328,18.479999542236328,18.469999313354492,18.469999313354492,26662,0.0,0.0,0.0
2023-03-27 14:30:00-04:00,18.489999771118164,18.5,18.489999771118164,18.5,8788,0.0,0.0,0.0
2023-03-27 15:30:00-04:00,18.459999084472656,18.459999084472656,18.420000076293945,18.420000076293945,3855,0.0,0.0,0.0
2023-03-28 09:30:00-04:00,18.290000915527344,18.540000915527344,18.290000915527344,18.540000915527344,0,0.0,0.0,0.0
2023-03-28 10:30:00-04:00,18.668100357055664,18.668100357055664,18.668100357055664,18.668100357055664,1500,0.0,0.0,0.0
2023-03-28 11:30:00-04:00,18.68000030517578,18.68000030517578,18.68000030517578,18.68000030517578,1150,0.0,0.0,0.0
2023-03-28 12:30:00-04:00,18.650100708007812,18.650100708007812,18.639999389648438,18.649999618530273,25266,0.0,0.0,0.0
2023-03-28 14:30:00-04:00,18.6299991607666,18.639999389648438,18.6299991607666,18.63610076904297,1571,0.0,0.0,0.0
2023-03-29 09:30:00-04:00,18.780000686645508,18.780000686645508,18.780000686645508,18.780000686645508,0,0.0,0.0,0.0
2023-03-29 10:30:00-04:00,18.710100173950195,18.710100173950195,18.710100173950195,18.710100173950195,291,0.0,0.0,0.0
2023-03-29 11:30:00-04:00,18.790000915527344,18.799999237060547,18.790000915527344,18.799999237060547,7675,0.0,0.0,0.0
2023-03-29 14:30:00-04:00,18.84000015258789,18.850000381469727,18.799999237060547,18.850000381469727,16192,0.0,0.0,0.0
2023-03-29 15:30:00-04:00,18.84000015258789,18.850200653076172,18.822799682617188,18.84480094909668,10524,0.0,0.0,0.0
2023-03-30 09:30:00-04:00,18.90999984741211,18.950000762939453,18.90999984741211,18.950000762939453,0,0.0,0.0,0.0
2023-03-30 10:30:00-04:00,18.944299697875977,18.979999542236328,18.920000076293945,18.930099487304688,4458,0.0,0.0,0.0
2023-03-30 11:30:00-04:00,18.950300216674805,18.979999542236328,18.950300216674805,18.979999542236328,2613,0.0,0.0,0.0
2023-03-30 13:30:00-04:00,19.0,19.0,18.93000030517578,18.940000534057617,227808,0.0,0.0,0.0
2023-03-30 14:30:00-04:00,18.940000534057617,19.0,18.920000076293945,18.969999313354492,799798,0.0,0.0,0.0
2023-03-30 15:30:00-04:00,18.979999542236328,19.030000686645508,18.950000762939453,18.979999542236328,105756,0.0,0.0,0.0
2023-03-31 10:30:00-04:00,19.0,19.049999237060547,19.0,19.049999237060547,17667,0.0,0.0,0.0
2023-03-31 11:30:00-04:00,19.08009910583496,19.110700607299805,19.06999969482422,19.110000610351562,7373,0.0,0.0,0.0
2023-03-31 12:30:00-04:00,19.09000015258789,19.100000381469727,19.06999969482422,19.06999969482422,4916,0.0,0.0,0.0
2023-03-31 13:30:00-04:00,19.030000686645508,19.030000686645508,19.030000686645508,19.030000686645508,200,0.0,0.0,0.0
2023-03-31 14:30:00-04:00,19.020000457763672,19.034500122070312,19.020000457763672,19.020000457763672,1586,0.0,0.0,0.0
2023-03-31 15:30:00-04:00,19.020000457763672,19.071800231933594,19.020000457763672,19.071800231933594,999,0.0,0.0,0.0
2023-04-03 09:30:00-04:00,19.420000076293945,19.420000076293945,19.420000076293945,19.420000076293945,0,0.0,0.0,0.0
2023-04-03 10:30:00-04:00,19.382200241088867,19.385000228881836,19.382200241088867,19.385000228881836,1013,0.0,0.0,0.0
2023-04-03 11:30:00-04:00,19.350000381469727,19.427799224853516,19.350000381469727,19.427799224853516,1531,0.0,0.0,0.0
2023-04-03 13:30:00-04:00,19.40999984741211,19.40999984741211,19.40999984741211,19.40999984741211,346,0.0,0.0,0.0
2023-04-03 14:30:00-04:00,19.479999542236328,19.479999542236328,19.479999542236328,19.479999542236328,18117,0.0,0.0,0.0
2023-04-03 15:30:00-04:00,19.460100173950195,19.49650001525879,19.459999084472656,19.49650001525879,5670,0.0,0.0,0.0
2023-04-04 09:30:00-04:00,19.399999618530273,19.399999618530273,19.34000015258789,19.34000015258789,0,0.0,0.0,0.0
2023-04-04 10:30:00-04:00,19.334999084472656,19.360000610351562,19.299999237060547,19.299999237060547,726,0.0,0.0,0.0
2023-04-04 11:30:00-04:00,19.180700302124023,19.180700302124023,19.110000610351562,19.110000610351562,368,0.0,0.0,0.0
2023-04-04 12:30:00-04:00,19.1299991607666,19.190000534057617,19.1299991607666,19.190000534057617,1290,0.0,0.0,0.0
2023-04-04 13:30:00-04:00,19.219999313354492,19.25,19.219999313354492,19.2450008392334,32561,0.0,0.0,0.0
2023-04-04 14:30:00-04:00,19.25,19.260000228881836,19.209999084472656,19.209999084472656,11544,0.0,0.0,0.0
2023-04-04 15:30:00-04:00,19.200000762939453,19.299299240112305,19.200000762939453,19.298799514770508,7791,0.0,0.0,0.0
2023-04-05 09:30:00-04:00,19.290000915527344,19.420000076293945,19.219999313354492,19.229999542236328,0,0.0,0.0,0.0
2023-04-05 14:30:00-04:00,19.31999969482422,19.31999969482422,19.31999969482422,19.31999969482422,17530,0.0,0.0,0.0
2023-04-05 15:30:00-04:00,19.309999465942383,19.309999465942383,19.260000228881836,19.296899795532227,12681,0.0,0.0,0.0
2023-04-06 09:30:00-04:00,19.34000015258789,19.350000381469727,19.34000015258789,19.34000015258789,0,0.0,0.0,0.0
2023-04-06 10:30:00-04:00,19.263999938964844,19.263999938964844,19.239999771118164,19.246000289916992,12354,0.0,0.0,0.0
2023-04-06 11:30:00-04:00,19.234500885009766,19.25,19.229999542236328,19.229999542236328,5022,0.0,0.0,0.0
2023-04-06 12:30:00-04:00,19.280000686645508,19.290000915527344,19.260000228881836,19.260000228881836,1184,0.0,0.0,0.0
2023-04-06 13:30:00-04:00,19.250099182128906,19.25749969482422,19.239999771118164,19.25749969482422,4035,0.0,0.0,0.0
2023-04-06 14:30:00-04:00,19.260000228881836,19.260000228881836,19.18000030517578,19.206100463867188,17984,0.0,0.0,0.0
2023-04-10 09:30:00-04:00,18.899999618530273,19.3700008392334,18.899999618530273,19.36989974975586,0,0.0,0.0,0.0
2023-04-10 10:30:00-04:00,19.3700008392334,19.3700008392334,19.364999771118164,19.364999771118164,378,0.0,0.0,0.0
2023-04-10 11:30:00-04:00,19.270000457763672,19.270000457763672,19.200899124145508,19.252199172973633,7866,0.0,0.0,0.0
2023-04-10 12:30:00-04:00,19.24020004272461,19.24020004272461,19.24020004272461,19.24020004272461,160,0.0,0.0,0.0
2023-04-10 13:30:00-04:00,19.260000228881836,19.260000228881836,19.2549991607666,19.2549991607666,200,0.0,0.0,0.0
2023-04-10 14:30:00-04:00,19.175500869750977,19.207199096679688,19.175500869750977,19.207199096679688,1382,0.0,0.0,0.0
2023-04-11 09:30:00-04:00,19.31999969482422,19.350000381469727,19.31999969482422,19.350000381469727,0,0.0,0.0,0.0
2023-04-11 13:30:00-04:00,19.450000762939453,19.48259925842285,19.450000762939453,19.48259925842285,1154,0.0,0.0,0.0
2023-04-11 15:30:00-04:00,19.360000610351562,19.368900299072266,19.360000610351562,19.368900299072266,101,0.0,0.0,0.0
2023-04-12 11:30:00-04:00,19.100000381469727,19.100000381469727,19.100000381469727,19.100000381469727,0,0.0,0.0,0.0
2023-04-12 12:30:00-04:00,19.110000610351562,19.110000610351562,19.110000610351562,19.110000610351562,462,0.0,0.0,0.0
2023-04-12 14:30:00-04:00,19.125,19.125,19.068599700927734,19.068599700927734,130,0.0,0.0,0.0
2023-04-13 10:30:00-04:00,19.1299991607666,19.138999938964844,19.06999969482422,19.090599060058594,2453,0.0,0.0,0.0
2023-04-13 11:30:00-04:00,19.06999969482422,19.08049964904785,19.059999465942383,19.059999465942383,2483,0.0,0.0,0.0
2023-04-13 12:30:00-04:00,19.06999969482422,19.078399658203125,19.059999465942383,19.061599731445312,1630,0.0,0.0,0.0
2023-04-13 13:30:00-04:00,19.09000015258789,19.09000015258789,19.09000015258789,19.09000015258789,168,0.0,0.0,0.0
2023-04-13 14:30:00-04:00,19.1299991607666,19.139999389648438,19.10740089416504,19.10740089416504,800,0.0,0.0,0.0
2023-04-14 09:30:00-04:00,18.969999313354492,19.155000686645508,18.969999313354492,19.155000686645508,0,0.0,0.0,0.0
2023-04-14 10:30:00-04:00,19.132200241088867,19.132200241088867,19.110000610351562,19.110000610351562,1193,0.0,0.0,0.0
2023-04-14 11:30:00-04:00,19.06999969482422,19.06999969482422,19.06999969482422,19.06999969482422,148,0.0,0.0,0.0
2023-04-14 13:30:00-04:00,19.15999984741211,19.15999984741211,19.15999984741211,19.15999984741211,331,0.0,0.0,0.0
2023-04-14 15:30:00-04:00,19.1299991607666,19.165000915527344,19.1299991607666,19.16469955444336,300,0.0,0.0,0.0
2023-04-17 09:30:00-04:00,19.219999313354492,19.22010040283203,19.190000534057617,19.190000534057617,0,0.0,0.0,0.0
2023-04-17 10:30:00-04:00,19.168100357055664,19.168100357055664,19.125,19.125,896,0.0,0.0,0.0
2023-04-17 14:30:00-04:00,19.059999465942383,19.100000381469727,19.059999465942383,19.091899871826172,5317,0.0,0.0,0.0
2023-04-17 15:30:00-04:00,19.139999389648438,19.139999389648438,19.137300491333008,19.137300491333008,100,0.0,0.0,0.0
2023-04-18 10:30:00-04:00,19.110000610351562,19.110000610351562,19.110000610351562,19.110000610351562,0,0.0,0.0,0.0
2023-04-18 11:30:00-04:00,19.09000015258789,19.09000015258789,19.09000015258789,19.09000015258789,100,0.0,0.0,0.0
2023-04-18 12:30:00-04:00,19.100000381469727,19.100000381469727,19.100000381469727,19.100000381469727,665,0.0,0.0,0.0
2023-04-18 15:30:00-04:00,19.075000762939453,19.0762996673584,19.06999969482422,19.06999969482422,702,0.0,0.0,0.0
2023-04-19 09:30:00-04:00,18.889999389648438,19.052499771118164,18.889999389648438,19.010000228881836,2277,0.0,0.0,0.0
2023-04-19 10:30:00-04:00,18.959999084472656,18.959999084472656,18.950000762939453,18.950000762939453,27968,0.0,0.0,0.0
2023-04-19 15:30:00-04:00,18.90999984741211,18.920000076293945,18.8799991607666,18.90999984741211,9518,0.0,0.0,0.0
2023-04-20 09:30:00-04:00,18.75,18.75,18.75,18.75,0,0.0,0.0,0.0
2023-04-20 10:30:00-04:00,18.846599578857422,18.846599578857422,18.846599578857422,18.846599578857422,2796,0.0,0.0,0.0
2023-04-20 12:30:00-04:00,18.81999969482422,18.81999969482422,18.81999969482422,18.81999969482422,608,0.0,0.0,0.0
2023-04-20 14:30:00-04:00,18.790000915527344,18.790000915527344,18.780000686645508,18.780000686645508,819,0.0,0.0,0.0
2023-04-20 15:30:00-04:00,18.780000686645508,18.81999969482422,18.770000457763672,18.81999969482422,3272,0.0,0.0,0.0
2023-04-21 09:30:00-04:00,18.90999984741211,18.90999984741211,18.90999984741211,18.90999984741211,0,0.0,0.0,0.0
2023-04-21 10:30:00-04:00,18.915000915527344,18.915000915527344,18.915000915527344,18.915000915527344,396,0.0,0.0,0.0
2023-04-21 13:30:00-04:00,18.875200271606445,18.920000076293945,18.875200271606445,18.920000076293945,502,0.0,0.0,0.0
2023-04-21 15:30:00-04:00,18.959999084472656,18.973899841308594,18.959999084472656,18.973899841308594,0,0.0,0.0,0.0
2023-04-24 09:30:00-04:00,18.860000610351562,19.03059959411621,18.860000610351562,19.03059959411621,24804,0.0,0.0,0.0
2023-04-24 10:30:00-04:00,19.049999237060547,19.094999313354492,18.979999542236328,18.979999542236328,6134,0.0,0.0,0.0
2023-04-24 11:30:00-04:00,19.0,19.040000915527344,19.0,19.040000915527344,404,0.0,0.0,0.0
2023-04-24 12:30:00-04:00,19.094999313354492,19.094999313354492,18.979999542236328,19.010000228881836,63831,0.0,0.0,0.0
2023-04-24 13:30:00-04:00,19.020000457763672,19.049999237060547,18.989999771118164,19.049999237060547,93132,0.0,0.0,0.0
2023-04-24 14:30:00-04:00,19.049999237060547,19.050100326538086,19.049999237060547,19.050100326538086,5754,0.0,0.0,0.0
2023-04-24 15:30:00-04:00,19.040000915527344,19.040000915527344,19.0,19.001699447631836,91537,0.0,0.0,0.0
2023-04-25 09:30:00-04:00,18.979999542236328,18.989999771118164,18.920000076293945,18.920000076293945,0,0.0,0.0,0.0
2023-04-25 12:30:00-04:00,18.84000015258789,18.84000015258789,18.81999969482422,18.81999969482422,5905,0.0,0.0,0.0
2023-04-25 13:30:00-04:00,18.805400848388672,18.805500030517578,18.799999237060547,18.799999237060547,1220,0.0,0.0,0.0
2023-04-25 14:30:00-04:00,18.79560089111328,18.81999969482422,18.79560089111328,18.819900512695312,890,0.0,0.0,0.0
2023-04-25 15:30:00-04:00,18.75,18.780000686645508,18.729999542236328,18.776399612426758,2466,0.0,0.0,0.0
2023-04-26 09:30:00-04:00,18.719999313354492,18.719999313354492,18.719999313354492,18.719999313354492,0,0.0,0.0,0.0
2023-04-26 15:30:00-04:00,18.719999313354492,18.770000457763672,18.719999313354492,18.760000228881836,1,0.0,0.0,0.0
2023-04-27 09:30:00-04:00,18.780000686645508,18.790000915527344,18.780000686645508,18.790000915527344,272,0.0,0.0,0.0
2023-04-27 10:30:00-04:00,18.799999237060547,18.799999237060547,18.799999237060547,18.799999237060547,368,0.0,0.0,0.0
2023-04-27 11:30:00-04:00,18.809999465942383,18.84000015258789,18.809999465942383,18.84000015258789,758,0.0,0.0,0.0
2023-04-27 12:30:00-04:00,18.860000610351562,18.8700008392334,18.860000610351562,18.8700008392334,299,0.0,0.0,0.0
2023-04-27 13:30:00-04:00,18.90999984741211,18.920000076293945,18.889999389648438,18.920000076293945,908,0.0,0.0,0.0
2023-04-27 14:30:00-04:00,18.958900451660156,18.980100631713867,18.93000030517578,18.980100631713867,2855,0.0,0.0,0.0
2023-04-27 15:30:00-04:00,18.969999313354492,19.0,18.950000762939453,18.96139907836914,0,0.0,0.0,0.0
2023-04-28 10:30:00-04:00,19.049999237060547,19.05500030517578,18.989999771118164,18.990999221801758,386,0.0,0.0,0.0
2023-04-28 12:30:00-04:00,19.049999237060547,19.05229949951172,19.040000915527344,19.05229949951172,10301,0.0,0.0,0.0
2023-05-01 09:30:00-04:00,19.1299991607666,19.1299991607666,19.1299991607666,19.1299991607666,0,0.0,0.0,0.0
2023-05-01 10:30:00-04:00,19.149999618530273,19.149999618530273,19.149999618530273,19.149999618530273,0,0.0,0.0,0.0
2023-05-01 11:30:00-04:00,19.139999389648438,19.139999389648438,19.139999389648438,19.139999389648438,2310,0.0,0.0,0.0
2023-05-01 13:30:00-04:00,19.078899383544922,19.078899383544922,19.030000686645508,19.059999465942383,1650,0.0,0.0,0.0
2023-05-01 14:30:00-04:00,18.979999542236328,18.979999542236328,18.979999542236328,18.979999542236328,200,0.0,0.0,0.0
2023-05-01 15:30:00-04:00,18.969999313354492,18.979999542236328,18.959999084472656,18.970800399780273,0,0.0,0.0,0.0
2023-05-02 10:30:00-04:00,18.440000534057617,18.440000534057617,18.420000076293945,18.42009925842285,680,0.0,0.0,0.0
2023-05-02 11:30:00-04:00,18.389999389648438,18.420000076293945,18.389999389648438,18.420000076293945,3029,0.0,0.0,0.0
2023-05-02 12:30:00-04:00,18.399999618530273,18.43000030517578,18.399999618530273,18.40999984741211,1140,0.0,0.0,0.0
2023-05-02 13:30:00-04:00,18.479999542236328,18.540000915527344,18.479999542236328,18.540000915527344,3343,0.0,0.0,0.0
2023-05-02 15:30:00-04:00,18.60810089111328,18.6200008392334,18.60810089111328,18.615999221801758,2220,0.0,0.0,0.0
2023-05-03 10:30:00-04:00,18.549999237060547,18.549999237060547,18.510000228881836,18.510000228881836,562,0.0,0.0,0.0
2023-05-03 11:30:00-04:00,18.530000686645508,18.56999969482422,18.530000686645508,18.56999969482422,1050,0.0,0.0,0.0
2023-05-03 12:30:00-04:00,18.6299991607666,18.639999389648438,18.610000610351562,18.610000610351562,0,0.0,0.0,0.0
2023-05-03 15:30:00-04:00,18.440000534057617,18.479999542236328,18.440000534057617,18.46269989013672,1,0.0,0.0,0.0
2023-05-04 09:30:00-04:00,18.270000457763672,18.34000015258789,18.270000457763672,18.34000015258789,1670,0.0,0.0,0.0
2023-05-04 10:30:00-04:00,18.260000228881836,18.260000228881836,18.260000228881836,18.260000228881836,490,0.0,0.0,0.0
2023-05-04 11:30:00-04:00,18.170000076293945,18.219999313354492,18.15999984741211,18.219999313354492,3313,0.0,0.0,0.0
2023-05-04 12:30:00-04:00,18.260000228881836,18.290000915527344,18.20400047302246,18.280000686645508,3663,0.0,0.0,0.0
2023-05-04 13:30:00-04:00,18.309900283813477,18.309900283813477,18.290000915527344,18.290000915527344,100,0.0,0.0,0.0
2023-05-05 09:30:00-04:00,18.299999237060547,18.299999237060547,18.299999237060547,18.299999237060547,0,0.0,0.0,0.0
2023-05-05 10:30:00-04:00,18.469999313354492,18.520000457763672,18.469999313354492,18.520000457763672,1027,0.0,0.0,0.0
2023-05-05 11:30:00-04:00,18.605300903320312,18.605300903320312,18.605300903320312,18.605300903320312,0,0.0,0.0,0.0
2023-05-05 12:30:00-04:00,18.590700149536133,18.590700149536133,18.590700149536133,18.590700149536133,2458,0.0,0.0,0.0
2023-05-05 13:30:00-04:00,18.600000381469727,18.600000381469727,18.600000381469727,18.600000381469727,332,0.0,0.0,0.0
2023-05-05 15:30:00-04:00,18.59000015258789,18.59000015258789,18.59000015258789,18.59000015258789,0,0.0,0.0,0.0
2023-05-08 09:30:00-04:00,18.790000915527344,18.809999465942383,18.679000854492188,18.679000854492188,0,0.0,0.0,0.0
2023-05-08 11:30:00-04:00,18.440000534057617,18.440000534057617,18.440000534057617,18.440000534057617,6203,0.0,0.0,0.0
2023-05-08 14:30:00-04:00,18.504899978637695,18.504899978637695,18.440000534057617,18.504899978637695,0,0.0,0.0,0.0
2023-05-09 10:30:00-04:00,18.530000686645508,18.530000686645508,18.530000686645508,18.530000686645508,1081,0.0,0.0,0.0
2023-05-09 11:30:00-04:00,18.540000915527344,18.540000915527344,18.540000915527344,18.540000915527344,530,0.0,0.0,0.0
2023-05-09 13:30:00-04:00,18.59670066833496,18.59670066833496,18.59670066833496,18.59670066833496,225,0.0,0.0,0.0
2023-05-09 14:30:00-04:00,18.6156005859375,18.6156005859375,18.600099563598633,18.602399826049805,0,0.0,0.0,0.0
2023-05-10 12:30:00-04:00,18.520000457763672,18.520000457763672,18.520000457763672,18.520000457763672,0,0.0,0.0,0.0
2023-05-10 14:30:00-04:00,18.530000686645508,18.530099868774414,18.530000686645508,18.530099868774414,515,0.0,0.0,0.0
2023-05-10 15:30:00-04:00,18.6299991607666,18.6299991607666,18.612600326538086,18.612600326538086,896,0.0,0.0,0.0
2023-05-11 09:30:00-04:00,18.5,18.5,18.40999984741211,18.459999084472656,3044,0.0,0.0,0.0
2023-05-11 10:30:00-04:00,18.489999771118164,18.5,18.489999771118164,18.5,0,0.0,0.0,0.0
2023-05-11 13:30:00-04:00,18.489999771118164,18.497600555419922,18.489999771118164,18.497600555419922,5683,0.0,0.0,0.0
2023-05-11 14:30:00-04:00,18.520000457763672,18.520000457763672,18.520000457763672,18.520000457763672,135,0.0,0.0,0.0
2023-05-11 15:30:00-04:00,18.510000228881836,18.510000228881836,18.510000228881836,18.510000228881836,100,0.0,0.0,0.0
2023-05-12 11:30:00-04:00,18.652599334716797,18.652599334716797,18.559999465942383,18.559999465942383,463,0.0,0.0,0.0
2023-05-12 12:30:00-04:00,18.56999969482422,18.56999969482422,18.56999969482422,18.56999969482422,1352,0.0,0.0,0.0
2023-05-12 13:30:00-04:00,18.590999603271484,18.590999603271484,18.590999603271484,18.590999603271484,2786,0.0,0.0,0.0
2023-05-12 14:30:00-04:00,18.56999969482422,18.604999542236328,18.565000534057617,18.60409927368164,2019,0.0,0.0,0.0
2023-05-15 09:30:00-04:00,19.28499984741211,19.299999237060547,19.28499984741211,19.299999237060547,0,0.0,0.0,0.0
2023-05-15 10:30:00-04:00,19.459999084472656,19.459999084472656,19.459999084472656,19.459999084472656,881,0.0,0.0,0.0
2023-05-15 11:30:00-04:00,19.41990089416504,19.41990089416504,19.41990089416504,19.41990089416504,946,0.0,0.0,0.0
2023-05-15 15:30:00-04:00,19.399999618530273,19.399999618530273,19.399999618530273,19.399999618530273,100,0.0,0.0,0.0
2023-05-16 14:30:00-04:00,19.188100814819336,19.188100814819336,19.150299072265625,19.188100814819336,0,0.0,0.0,0.0
2023-05-17 12:30:00-04:00,19.290000915527344,19.299999237060547,19.290000915527344,19.299999237060547,2371,0.0,0.0,0.0
2023-05-17 13:30:00-04:00,19.290000915527344,19.337400436401367,19.280000686645508,19.337400436401367,0,0.0,0.0,0.0
2023-05-18 10:30:00-04:00,19.489999771118164,19.489999771118164,19.489999771118164,19.489999771118164,10320,0.0,0.0,0.0
2023-05-18 11:30:00-04:00,19.549999237060547,19.549999237060547,19.480100631713867,19.480100631713867,3602,0.0,0.0,0.0
2023-05-18 12:30:00-04:00,19.65730094909668,19.65730094909668,19.543699264526367,19.65730094909668,155,0.0,0.0,0.0
2023-05-19 09:30:00-04:00,19.700000762939453,19.700000762939453,19.700000762939453,19.700000762939453,0,0.0,0.0,0.0
2023-05-19 10:30:00-04:00,19.71500015258789,19.71500015258789,19.660400390625,19.660400390625,0,0.0,0.0,0.0
2023-05-22 09:30:00-04:00,19.634300231933594,19.634300231933594,19.634300231933594,19.634300231933594,762,0.0,0.0,0.0
2023-05-22 10:30:00-04:00,19.560400009155273,19.560400009155273,19.560400009155273,19.560400009155273,1562,0.0,0.0,0.0
2023-05-22 12:30:00-04:00,19.57990074157715,19.65999984741211,19.568700790405273,19.568700790405273,0,0.0,0.0,0.0
2023-05-23 09:30:00-04:00,19.530000686645508,19.6200008392334,19.530000686645508,19.6200008392334,383,0.0,0.0,0.0
2023-05-23 10:30:00-04:00,19.75,19.75,19.75,19.75,0,0.0,0.0,0.0
2023-05-23 13:30:00-04:00,19.674999237060547,19.674999237060547,19.624000549316406,19.624000549316406,3215,0.0,0.0,0.0
2023-05-23 14:30:00-04:00,19.579999923706055,19.649999618530273,19.579999923706055,19.620100021362305,664,0.0,0.0,0.0
2023-05-23 15:30:00-04:00,19.622299194335938,19.622299194335938,19.622299194335938,19.622299194335938,0,0.0,0.0,0.0
2023-05-24 09:30:00-04:00,19.510000228881836,19.510000228881836,19.510000228881836,19.510000228881836,440,0.0,0.0,0.0
2023-05-24 10:30:00-04:00,19.59000015258789,19.59000015258789,19.56999969482422,19.56999969482422,1910,0.0,0.0,0.0
2023-05-24 13:30:00-04:00,19.510000228881836,19.53969955444336,19.510000228881836,19.510000228881836,535,0.0,0.0,0.0
2023-05-24 14:30:00-04:00,19.5,19.5,19.5,19.5,0,0.0,0.0,0.0
2023-05-24 15:30:00-04:00,19.520000457763672,19.579999923706055,19.520000457763672,19.579999923706055,5371,0.0,0.0,0.0
2023-05-25 09:30:00-04:00,19.309999465942383,19.309999465942383,19.309999465942383,19.309999465942383,0,0.0,0.0,0.0
2023-05-25 14:30:00-04:00,19.398799896240234,19.398799896240234,19.3700008392334,19.398799896240234,606,0.0,0.0,0.0
2023-05-26 14:30:00-04:00,19.3799991607666,19.40999984741211,19.3799991607666,19.40999984741211,0,0.0,0.0,0.0
2023-05-26 15:30:00-04:00,19.299999237060547,19.299999237060547,19.299999237060547,19.299999237060547,887,0.0,0.0,0.0
2023-05-30 10:30:00-04:00,19.1200008392334,19.1200008392334,19.1200008392334,19.1200008392334,0,0.0,0.0,0.0
2023-05-30 11:30:00-04:00,19.100000381469727,19.100000381469727,19.09000015258789,19.09000015258789,805,0.0,0.0,0.0
2023-05-30 12:30:00-04:00,19.100000381469727,19.21310043334961,19.100000381469727,19.21310043334961,0,0.0,0.0,0.0
2023-05-31 13:30:00-04:00,19.06999969482422,19.06999969482422,19.01409912109375,19.01409912109375,869,0.0,0.0,0.0
2023-06-01 09:30:00-04:00,18.889999389648438,18.889999389648438,18.889999389648438,18.889999389648438,440,0.0,0.0,0.0
2023-06-01 10:30:00-04:00,19.200000762939453,19.200000762939453,19.200000762939453,19.200000762939453,100,0.0,0.0,0.0
2023-06-01 11:30:00-04:00,19.217100143432617,19.270000457763672,19.217100143432617,19.261499404907227,0,0.0,0.0,0.0
2023-06-01 12:30:00-04:00,19.25279998779297,19.25279998779297,19.244199752807617,19.244199752807617,2354,0.0,0.0,0.0
2023-06-01 14:30:00-04:00,19.24690055847168,19.24690055847168,19.24690055847168,19.24690055847168,100,0.0,0.0,0.0
2023-06-02 11:30:00-04:00,19.549999237060547,19.58300018310547,19.549999237060547,19.58300018310547,0,0.0,0.0,0.0
2023-06-05 09:30:00-04:00,19.6299991607666,19.6299991607666,19.6299991607666,19.6299991607666,0,0.0,0.0,0.0
2023-06-05 13:30:00-04:00,19.524999618530273,19.524999618530273,19.524999618530273,19.524999618530273,384,0.0,0.0,0.0
2023-06-05 15:30:00-04:00,19.538000106811523,19.53890037536621,19.538000106811523,19.53890037536621,0,0.0,0.0,0.0
2023-06-06 09:30:00-04:00,19.530000686645508,19.540000915527344,19.530000686645508,19.540000915527344,0,0.0,0.0,0.0
2023-06-06 10:30:00-04:00,19.56999969482422,19.639999389648438,19.549999237060547,19.639999389648438,2843,0.0,0.0,0.0
2023-06-06 11:30:00-04:00,19.600000381469727,19.6299991607666,19.56999969482422,19.59000015258789,2231,0.0,0.0,0.0
2023-06-06 12:30:00-04:00,19.56999969482422,19.56999969482422,19.540000915527344,19.540000915527344,800,0.0,0.0,0.0
2023-06-06 13:30:00-04:00,19.549999237060547,19.599899291992188,19.540000915527344,19.549999237060547,1813,0.0,0.0,0.0
2023-06-06 14:30:00-04:00,19.530899047851562,19.559999465942383,19.530899047851562,19.559999465942383,1346,0.0,0.0,0.0
2023-06-06 15:30:00-04:00,19.559999465942383,19.600000381469727,19.559999465942383,19.56999969482422,0,0.0,0.0,0.0
2023-06-07 09:30:00-04:00,19.729999542236328,19.75,19.729999542236328,19.75,12498,0.0,0.0,0.0
2023-06-07 10:30:00-04:00,19.81999969482422,19.81999969482422,19.81999969482422,19.81999969482422,12000,0.0,0.0,0.0
2023-06-07 11:30:00-04:00,19.91900062561035,19.920000076293945,19.875699996948242,19.875699996948242,8094,0.0,0.0,0.0
2023-06-07 12:30:00-04:00,19.84000015258789,19.878400802612305,19.84000015258789,19.878400802612305,0,0.0,0.0,0.0
2023-06-08 09:30:00-04:00,19.610000610351562,19.760900497436523,19.610000610351562,19.760900497436523,347,0.0,0.0,0.0
2023-06-08 12:30:00-04:00,19.739999771118164,19.739999771118164,19.739999771118164,19.739999771118164,243,0.0,0.0,0.0
2023-06-08 14:30:00-04:00,19.828800201416016,19.828800201416016,19.809999465942383,19.828800201416016,250,0.0,0.0,0.0
2023-06-09 11:30:00-04:00,19.58919906616211,19.58919906616211,19.535900115966797,19.535900115966797,39,0.0,0.0,0.0
2023-06-12 09:30:00-04:00,19.479999542236328,19.479999542236328,19.479999542236328,19.479999542236328,0,0.0,0.0,0.0
2023-06-12 10:30:00-04:00,19.385000228881836,19.385000228881836,19.385000228881836,19.385000228881836,489,0.0,0.0,0.0
2023-06-12 13:30:00-04:00,19.3799991607666,19.3799991607666,19.3799991607666,19.3799991607666,935,0.0,0.0,0.0
2023-06-12 15:30:00-04:00,19.3799991607666,19.399999618530273,19.3700008392334,19.399999618530273,0,0.0,0.0,0.0
2023-06-13 10:30:00-04:00,19.610000610351562,19.6299991607666,19.610000610351562,19.6299991607666,2466,0.0,0.0,0.0
2023-06-13 11:30:00-04:00,19.52899932861328,19.530000686645508,19.52899932861328,19.52989959716797,1093,0.0,0.0,0.0
2023-06-13 13:30:00-04:00,19.43000030517578,19.43000030517578,19.43000030517578,19.43000030517578,1224,0.0,0.0,0.0
2023-06-13 14:30:00-04:00,19.405000686645508,19.405000686645508,19.405000686645508,19.405000686645508,0,0.0,0.0,0.0
2023-06-13 15:30:00-04:00,19.360000610351562,19.360000610351562,19.360000610351562,19.360000610351562,5356,0.0,0.0,0.0
2023-06-14 13:30:00-04:00,19.454299926757812,19.454299926757812,19.454299926757812,19.454299926757812,182,0.0,0.0,0.0
2023-06-15 09:30:00-04:00,19.6200008392334,19.6200008392334,19.6200008392334,19.6200008392334,658,0.0,0.0,0.0
2023-06-15 10:30:00-04:00,19.649999618530273,19.649999618530273,19.649999618530273,19.649999618530273,823,0.0,0.0,0.0
2023-06-15 11:30:00-04:00,19.690000534057617,19.690000534057617,19.690000534057617,19.690000534057617,900,0.0,0.0,0.0
2023-06-15 12:30:00-04:00,19.639999389648438,19.639999389648438,19.610000610351562,19.610000610351562,5532,0.0,0.0,0.0
2023-06-15 14:30:00-04:00,19.639999389648438,19.692100524902344,19.639999389648438,19.692100524902344,782,0.0,0.0,0.0
2023-06-16 11:30:00-04:00,19.714399337768555,19.714399337768555,19.714399337768555,19.714399337768555,0,0.0,0.0,0.0
2023-06-16 12:30:00-04:00,19.80900001525879,19.819000244140625,19.80900001525879,19.819000244140625,467,0.0,0.0,0.0
2023-06-16 15:30:00-04:00,19.850000381469727,19.850000381469727,19.774900436401367,19.774900436401367,135,0.0,0.0,0.0
2023-06-20 09:30:00-04:00,19.690000534057617,19.690000534057617,19.690000534057617,19.690000534057617,4964,0.0,0.0,0.0
2023-06-20 14:30:00-04:00,19.540000915527344,19.54010009765625,19.540000915527344,19.54010009765625,200,0.0,0.0,0.0
2023-06-20 15:30:00-04:00,19.569900512695312,19.56999969482422,19.569900512695312,19.56999969482422,0,0.0,0.0,0.0
2023-06-21 09:30:00-04:00,19.610000610351562,19.610000610351562,19.610000610351562,19.610000610351562,184,0.0,0.0,0.0
2023-06-21 11:30:00-04:00,19.65999984741211,19.65999984741211,19.65999984741211,19.65999984741211,150,0.0,0.0,0.0
2023-06-21 12:30:00-04:00,19.65999984741211,19.65999984741211,19.65999984741211,19.65999984741211,1840,0.0,0.0,0.0
2023-06-21 13:30:00-04:00,19.649999618530273,19.649999618530273,19.649999618530273,19.649999618530273,100,0.0,0.0,0.0
2023-06-21 14:30:00-04:00,19.639999389648438,19.639999389648438,19.579999923706055,19.579999923706055,1560,0.0,0.0,0.0
2023-06-21 15:30:00-04:00,19.579999923706055,19.579999923706055,19.540000915527344,19.540000915527344,4433,0.0,0.0,0.0
2023-06-22 09:30:00-04:00,19.409700393676758,19.409700393676758,19.406700134277344,19.406700134277344,0,0.0,0.0,0.0
2023-06-23 15:30:00-04:00,19.260000228881836,19.268199920654297,19.260000228881836,19.268199920654297,219,0.0,0.0,0.0
2023-06-26 09:30:00-04:00,19.440000534057617,19.440000534057617,19.440000534057617,19.440000534057617,8215,0.0,0.0,0.0
2023-06-26 10:30:00-04:00,19.43000030517578,19.43000030517578,19.43000030517578,19.43000030517578,0,0.0,0.0,0.0
2023-06-26 13:30:00-04:00,19.440000534057617,19.440000534057617,19.440000534057617,19.440000534057617,16436,0.0,0.0,0.0
2023-06-26 14:30:00-04:00,19.44580078125,19.47010040283203,19.44580078125,19.44580078125,200,0.0,0.0,0.0
2023-06-27 11:30:00-04:00,19.40999984741211,19.40999984741211,19.40999984741211,19.40999984741211,0,0.0,0.0,0.0
2023-06-27 13:30:00-04:00,19.47760009765625,19.47760009765625,19.43000030517578,19.47760009765625,1800,0.0,0.0,0.0
2023-06-28 09:30:00-04:00,19.489999771118164,19.489999771118164,19.40999984741211,19.40999984741211,3165,0.0,0.0,0.0
2023-06-28 10:30:00-04:00,19.459999084472656,19.459999084472656,19.459999084472656,19.459999084472656,0,0.0,0.0,0.0
2023-06-28 11:30:00-04:00,19.469999313354492,19.64590072631836,19.469999313354492,19.64590072631836,0,0.0,0.0,0.0
2023-06-29 09:30:00-04:00,19.56999969482422,19.56999969482422,19.559999465942383,19.559999465942383,3900,0.0,0.0,0.0
2023-06-29 10:30:00-04:00,19.729999542236328,19.729999542236328,19.729999542236328,19.729999542236328,201,0.0,0.0,0.0
2023-06-29 11:30:00-04:00,19.75629997253418,19.75629997253418,19.75629997253418,19.75629997253418,102,0.0,0.0,0.0
2023-06-29 14:30:00-04:00,19.82200050354004,19.82200050354004,19.82200050354004,19.82200050354004,117,0.0,0.0,0.0
2023-06-30 10:30:00-04:00,19.920000076293945,19.9689998626709,19.920000076293945,19.9689998626709,10593,0.0,0.0,0.0
2023-06-30 13:30:00-04:00,19.954999923706055,20.0,19.866600036621094,19.866600036621094,6551,0.0,0.0,0.0
2023-07-05 09:30:00-04:00,19.93000030517578,19.93000030517578,19.93000030517578,19.93000030517578,0,0.0,0.0,0.0
2023-07-05 11:30:00-04:00,19.979999542236328,19.979999542236328,19.979999542236328,19.979999542236328,230,0.0,0.0,0.0
2023-07-05 12:30:00-04:00,19.969999313354492,19.969999313354492,19.959999084472656,19.969999313354492,2320,0.0,0.0,0.0
2023-07-05 13:30:00-04:00,19.979999542236328,19.980499267578125,19.979999542236328,19.980499267578125,950,0.0,0.0,0.0
2023-07-05 14:30:00-04:00,19.959999084472656,19.979999542236328,19.90999984741211,19.92009925842285,3724,0.0,0.0,0.0
2023-07-05 15:30:00-04:00,19.920000076293945,19.93000030517578,19.889999389648438,19.920000076293945,1200,0.0,0.0,0.0
2023-07-06 09:30:00-04:00,19.850000381469727,19.850000381469727,19.850000381469727,19.850000381469727,0,0.0,0.0,0.0
2023-07-06 10:30:00-04:00,19.75,19.75,19.75,19.75,351,0.0,0.0,0.0
2023-07-06 12:30:00-04:00,19.719999313354492,19.719999313354492,19.719999313354492,19.719999313354492,163,0.0,0.0,0.0
2023-07-06 15:30:00-04:00,19.83839988708496,19.83839988708496,19.835500717163086,19.83839988708496,100,0.0,0.0,0.0
2023-07-07 09:30:00-04:00,19.889999389648438,19.899999618530273,19.889999389648438,19.899999618530273,0,0.0,0.0,0.0
2023-07-07 11:30:00-04:00,19.93000030517578,20.040800094604492,19.93000030517578,20.040800094604492,601,0.0,0.0,0.0
2023-07-10 09:30:00-04:00,19.940000534057617,19.940000534057617,19.940000534057617,19.940000534057617,0,0.0,0.0,0.0
2023-07-10 10:30:00-04:00,20.139999389648438,20.139999389648438,20.139999389648438,20.139999389648438,1561,0.0,0.0,0.0
2023-07-10 14:30:00-04:00,20.100000381469727,20.100000381469727,20.079999923706055,20.079999923706055,320,0.0,0.0,0.0
2023-07-10 15:30:00-04:00,20.079999923706055,20.119199752807617,20.079999923706055,20.119199752807617,440,0.0,0.0,0.0
2023-07-11 09:30:00-04:00,20.309999465942383,20.309999465942383,20.309999465942383,20.309999465942383,0,0.0,0.0,0.0
2023-07-11 13:30:00-04:00,20.2450008392334,20.2450008392334,20.2450008392334,20.2450008392334,2715,0.0,0.0,0.0
2023-07-11 15:30:00-04:00,20.239999771118164,20.249099731445312,20.229999542236328,20.249099731445312,0,0.0,0.0,0.0
2023-07-12 10:30:00-04:00,20.282899856567383,20.282899856567383,20.282899856567383,20.282899856567383,0,0.0,0.0,0.0
2023-07-12 12:30:00-04:00,20.290000915527344,20.290000915527344,20.290000915527344,20.290000915527344,1454,0.0,0.0,0.0
2023-07-12 15:30:00-04:00,20.341999053955078,20.341999053955078,20.341999053955078,20.341999053955078,0,0.0,0.0,0.0
2023-07-13 09:30:00-04:00,19.989999771118164,19.989999771118164,19.989999771118164,19.989999771118164,218,0.0,0.0,0.0
2023-07-13 10:30:00-04:00,20.049999237060547,20.075000762939453,20.049999237060547,20.075000762939453,1064,0.0,0.0,0.0
2023-07-13 11:30:00-04:00,20.049999237060547,20.079999923706055,20.049999237060547,20.079999923706055,0,0.0,0.0,0.0
2023-07-13 12:30:00-04:00,20.040000915527344,20.040000915527344,20.040000915527344,20.040000915527344,3437,0.0,0.0,0.0
2023-07-13 14:30:00-04:00,20.133699417114258,20.133699417114258,20.133699417114258,20.133699417114258,0,0.0,0.0,0.0
2023-07-13 15:30:00-04:00,20.1299991607666,20.1299991607666,20.1299991607666,20.1299991607666,3698,0.0,0.0,0.0
2023-07-14 12:30:00-04:00,19.84000015258789,19.84000015258789,19.84000015258789,19.84000015258789,2846,0.0,0.0,0.0
2023-07-14 13:30:00-04:00,19.84000015258789,19.8700008392334,19.84000015258789,19.8700008392334,787,0.0,0.0,0.0
2023-07-14 15:30:00-04:00,19.844999313354492,19.845199584960938,19.844999313354492,19.845199584960938,100,0.0,0.0,0.0
2023-07-17 11:30:00-04:00,19.860000610351562,19.860000610351562,19.829999923706055,19.829999923706055,0,0.0,0.0,0.0
2023-07-17 13:30:00-04:00,19.899999618530273,19.899999618530273,19.899999618530273,19.899999618530273,812,0.0,0.0,0.0
2023-07-17 15:30:00-04:00,19.88249969482422,19.88249969482422,19.88249969482422,19.88249969482422,0,0.0,0.0,0.0
2023-07-18 12:30:00-04:00,20.110000610351562,20.11009979248047,20.110000610351562,20.11009979248047,397,0.0,0.0,0.0
2023-07-18 13:30:00-04:00,20.15999984741211,20.15999984741211,20.15999984741211,20.15999984741211,492,0.0,0.0,0.0
2023-07-18 15:30:00-04:00,20.100000381469727,20.100000381469727,20.085100173950195,20.085100173950195,213,0.0,0.0,0.0
2023-07-19 09:30:00-04:00,19.989999771118164,19.989999771118164,19.989999771118164,19.989999771118164,0,0.0,0.0,0.0
2023-07-19 15:30:00-04:00,20.139999389648438,20.157699584960938,20.1299991607666,20.157699584960938,2000,0.0,0.0,0.0
2023-07-20 09:30:00-04:00,20.010000228881836,20.010000228881836,20.010000228881836,20.010000228881836,0,0.0,0.0,0.0
2023-07-20 10:30:00-04:00,20.170000076293945,20.170000076293945,20.15999984741211,20.15999984741211,350,0.0,0.0,0.0
2023-07-20 11:30:00-04:00,20.170000076293945,20.170000076293945,20.170000076293945,20.170000076293945,117,0.0,0.0,0.0
2023-07-20 12:30:00-04:00,20.239999771118164,20.264999389648438,20.200000762939453,20.200000762939453,0,0.0,0.0,0.0
2023-07-20 13:30:00-04:00,20.229999542236328,20.229999542236328,20.229999542236328,20.229999542236328,5441,0.0,0.0,0.0
2023-07-20 14:30:00-04:00,20.239999771118164,20.239999771118164,20.239999771118164,20.239999771118164,249,0.0,0.0,0.0
2023-07-21 12:30:00-04:00,20.25,20.25,20.25,20.25,1154,0.0,0.0,0.0
2023-07-21 13:30:00-04:00,20.260000228881836,20.260000228881836,20.260000228881836,20.260000228881836,200,0.0,0.0,0.0
2023-07-21 14:30:00-04:00,20.260000228881836,20.31999969482422,20.260000228881836,20.30500030517578,1090,0.0,0.0,0.0
2023-07-21 15:30:00-04:00,20.229999542236328,20.232099533081055,20.229999542236328,20.232099533081055,200,0.0,0.0,0.0
2023-07-24 09:30:00-04:00,20.420000076293945,20.420000076293945,20.40999984741211,20.40999984741211,0,0.0,0.0,0.0
2023-07-24 10:30:00-04:00,20.52989959716797,20.52989959716797,20.52989959716797,20.52989959716797,459,0.0,0.0,0.0
2023-07-24 11:30:00-04:00,20.5049991607666,20.5049991607666,20.5049991607666,20.5049991607666,130,0.0,0.0,0.0
2023-07-24 12:30:00-04:00,20.520000457763672,20.520000457763672,20.520000457763672,20.520000457763672,120,0.0,0.0,0.0
2023-07-24 13:30:00-04:00,20.540000915527344,20.540000915527344,20.520000457763672,20.521299362182617,0,0.0,0.0,0.0
2023-07-25 09:30:00-04:00,20.549999237060547,20.549999237060547,20.479999542236328,20.5044002532959,537,0.0,0.0,0.0
2023-07-25 10:30:00-04:00,20.510000228881836,20.524999618530273,20.510000228881836,20.524999618530273,880,0.0,0.0,0.0
2023-07-25 11:30:00-04:00,20.510000228881836,20.510000228881836,20.510000228881836,20.510000228881836,100,0.0,0.0,0.0
2023-07-25 12:30:00-04:00,20.540000915527344,20.56999969482422,20.540000915527344,20.56999969482422,297,0.0,0.0,0.0
2023-07-25 13:30:00-04:00,20.559900283813477,20.559999465942383,20.559900283813477,20.559999465942383,505,0.0,0.0,0.0
2023-07-25 14:30:00-04:00,20.487199783325195,20.559999465942383,20.487199783325195,20.487199783325195,320,0.0,0.0,0.0
2023-07-26 09:30:00-04:00,20.3799991607666,20.3799991607666,20.3799991607666,20.3799991607666,0,0.0,0.0,0.0
2023-07-26 10:30:00-04:00,20.539899826049805,20.539899826049805,20.539899826049805,20.539899826049805,304,0.0,0.0,0.0
2023-07-26 11:30:00-04:00,20.52899932861328,20.52899932861328,20.52899932861328,20.52899932861328,359,0.0,0.0,0.0
2023-07-26 14:30:00-04:00,20.5,20.5,20.5,20.5,415,0.0,0.0,0.0
2023-07-26 15:30:00-04:00,20.43000030517578,20.445100784301758,20.420000076293945,20.445100784301758,0,0.0,0.0,0.0
2023-07-27 09:30:00-04:00,20.395000457763672,20.395000457763672,20.395000457763672,20.395000457763672,158,0.0,0.0,0.0
2023-07-27 10:30:00-04:00,20.420000076293945,20.420000076293945,20.420000076293945,20.420000076293945,0,0.0,0.0,0.0
2023-07-27 13:30:00-04:00,20.431499481201172,20.431499481201172,20.431499481201172,20.431499481201172,712,0.0,0.0,0.0
2023-07-27 14:30:00-04:00,20.42289924621582,20.42289924621582,20.408899307250977,20.408899307250977,2042,0.0,0.0,0.0
2023-07-27 15:30:00-04:00,20.3700008392334,20.3700008392334,20.345399856567383,20.345399856567383,0,0.0,0.0,0.0
2023-07-28 09:30:00-04:00,20.360000610351562,20.510499954223633,20.31999969482422,20.510499954223633,8779,0.0,0.0,0.0
2023-07-31 09:30:00-04:00,20.579999923706055,20.579999923706055,20.579999923706055,20.579999923706055,0,0.0,0.0,0.0
2023-07-31 11:30:00-04:00,20.645000457763672,20.645000457763672,20.600000381469727,20.600099563598633,1420,0.0,0.0,0.0
2023-07-31 13:30:00-04:00,20.600000381469727,20.632699966430664,20.600000381469727,20.632699966430664,289,0.0,0.0,0.0
2023-08-01 09:30:00-04:00,20.545000076293945,20.545000076293945,20.545000076293945,20.545000076293945,0,0.0,0.0,0.0
2023-08-01 11:30:00-04:00,20.399999618530273,20.537799835205078,20.3799991607666,20.537799835205078,0,0.0,0.0,0.0
2023-08-02 10:30:00-04:00,20.25,20.25,20.229999542236328,20.25,1226,0.0,0.0,0.0
2023-08-02 11:30:00-04:00,20.219999313354492,20.270000457763672,20.219999313354492,20.270000457763672,1159,0.0,0.0,0.0
2023-08-02 12:30:00-04:00,20.260000228881836,20.260000228881836,20.260000228881836,20.260000228881836,1460,0.0,0.0,0.0
2023-08-02 13:30:00-04:00,20.353900909423828,20.353900909423828,20.353900909423828,20.353900909423828,100,0.0,0.0,0.0
2023-08-03 09:30:00-04:00,20.348499298095703,20.348499298095703,20.348499298095703,20.348499298095703,0,0.0,0.0,0.0
2023-08-04 09:30:00-04:00,20.3799991607666,20.3799991607666,20.3700008392334,20.3700008392334,2692,0.0,0.0,0.0
2023-08-04 10:30:00-04:00,20.459999084472656,20.459999084472656,20.459999084472656,20.459999084472656,14990,0.0,0.0,0.0
2023-08-04 12:30:00-04:00,20.460599899291992,20.479999542236328,20.459999084472656,20.479999542236328,773,0.0,0.0,0.0
2023-08-04 14:30:00-04:00,20.360000610351562,20.360000610351562,20.360000610351562,20.360000610351562,100,0.0,0.0,0.0
2023-08-04 15:30:00-04:00,20.280000686645508,20.30190086364746,20.27869987487793,20.27869987487793,550,0.0,0.0,0.0
2023-08-07 09:30:00-04:00,20.443599700927734,20.443599700927734,20.3799991607666,20.43000030517578,0,0.0,0.0,0.0
2023-08-07 10:30:00-04:00,20.398500442504883,20.398500442504883,20.398500442504883,20.398500442504883,0,0.0,0.0,0.0
2023-08-07 15:30:00-04:00,20.440000534057617,20.440000534057617,20.440000534057617,20.440000534057617,2623,0.0,0.0,0.0
2023-08-08 11:30:00-04:00,20.290000915527344,20.290000915527344,20.290000915527344,20.290000915527344,0,0.0,0.0,0.0
2023-08-08 13:30:00-04:00,20.3700008392334,20.3700008392334,20.3700008392334,20.3700008392334,277,0.0,0.0,0.0
2023-08-08 14:30:00-04:00,20.40559959411621,20.40559959411621,20.40559959411621,20.40559959411621,485,0.0,0.0,0.0
2023-08-08 15:30:00-04:00,20.360000610351562,20.360000610351562,20.360000610351562,20.360000610351562,790,0.0,0.0,0.0
2023-08-09 10:30:00-04:00,20.45009994506836,20.45009994506836,20.450000762939453,20.450000762939453,0,0.0,0.0,0.0
2023-08-09 11:30:00-04:00,20.380699157714844,20.395000457763672,20.3700008392334,20.395000457763672,0,0.0,0.0,0.0
2023-08-09 12:30:00-04:00,20.360000610351562,20.399999618530273,20.360000610351562,20.399999618530273,2095,0.0,0.0,0.0
2023-08-09 14:30:00-04:00,20.350000381469727,20.389999389648438,20.350000381469727,20.389999389648438,1071,0.0,0.0,0.0
2023-08-09 15:30:00-04:00,20.3700008392334,20.3700008392334,20.31999969482422,20.322099685668945,0,0.0,0.0,0.0
2023-08-10 12:30:00-04:00,20.350000381469727,20.350000381469727,20.31999969482422,20.34000015258789,841,0.0,0.0,0.0
2023-08-10 14:30:00-04:00,20.350000381469727,20.350000381469727,20.350000381469727,20.350000381469727,492,0.0,0.0,0.0
2023-08-10 15:30:00-04:00,20.360000610351562,20.360000610351562,20.360000610351562,20.360000610351562,183,0.0,0.0,0.0
2023-08-11 09:30:00-04:00,20.420000076293945,20.420000076293945,20.420000076293945,20.420000076293945,0,0.0,0.0,0.0
2023-08-11 13:30:00-04:00,20.479999542236328,20.574399948120117,20.469999313354492,20.574399948120117,4518,0.0,0.0,0.0
2023-08-14 10:30:00-04:00,20.579999923706055,20.579999923706055,20.579999923706055,20.579999923706055,0,0.0,0.0,0.0
2023-08-14 11:30:00-04:00,20.549999237060547,20.549999237060547,20.549999237060547,20.549999237060547,769,0.0,0.0,0.0
2023-08-14 12:30:00-04:00,20.540000915527344,20.540000915527344,20.540000915527344,20.540000915527344,0,0.0,0.0,0.0
2023-08-14 15:30:00-04:00,20.454599380493164,20.454599380493164,20.454599380493164,20.454599380493164,2293,0.0,0.0,0.0
2023-08-15 09:30:00-04:00,20.31999969482422,20.31999969482422,20.31999969482422,20.31999969482422,207,0.0,0.0,0.0
2023-08-15 12:30:00-04:00,20.309999465942383,20.34000015258789,20.290000915527344,20.329999923706055,0,0.0,0.0,0.0
2023-08-15 13:30:00-04:00,20.299999237060547,20.299999237060547,20.280000686645508,20.280000686645508,5250,0.0,0.0,0.0
2023-08-15 14:30:00-04:00,20.34000015258789,20.34000015258789,20.34000015258789,20.34000015258789,489,0.0,0.0,0.0
2023-08-15 15:30:00-04:00,20.290000915527344,20.299999237060547,20.290000915527344,20.290000915527344,1414,0.0,0.0,0.0
2023-08-16 09:30:00-04:00,20.3700008392334,20.3700008392334,20.3700008392334,20.3700008392334,0,0.0,0.0,0.0
2023-08-16 12:30:00-04:00,20.360000610351562,20.360000610351562,20.34000015258789,20.34000015258789,1410,0.0,0.0,0.0
2023-08-16 13:30:00-04:00,20.309999465942383,20.360000610351562,20.309999465942383,20.360000610351562,1025,0.0,0.0,0.0
2023-08-16 15:30:00-04:00,20.346200942993164,20.346200942993164,20.346200942993164,20.346200942993164,100,0.0,0.0,0.0
2023-08-17 09:30:00-04:00,20.421300888061523,20.421300888061523,20.421300888061523,20.421300888061523,0,0.0,0.0,0.0
2023-08-17 10:30:00-04:00,20.420000076293945,20.421499252319336,20.420000076293945,20.421499252319336,2000,0.0,0.0,0.0
2023-08-17 11:30:00-04:00,20.417800903320312,20.417800903320312,20.417800903320312,20.417800903320312,0,0.0,0.0,0.0
2023-08-18 09:30:00-04:00,20.439800262451172,20.439800262451172,20.439800262451172,20.439800262451172,1225,0.0,0.0,0.0
2023-08-18 10:30:00-04:00,20.459999084472656,20.459999084472656,20.459999084472656,20.459999084472656,0,0.0,0.0,0.0
2023-08-18 14:30:00-04:00,20.540000915527344,20.585899353027344,20.5,20.585899353027344,9270,0.0,0.0,0.0
2023-08-21 09:30:00-04:00,20.530000686645508,20.600000381469727,20.530000686645508,20.600000381469727,0,0.0,0.0,0.0
2023-08-21 10:30:00-04:00,20.583499908447266,20.583499908447266,20.583499908447266,20.583499908447266,554,0.0,0.0,0.0
2023-08-21 12:30:00-04:00,20.545499801635742,20.549999237060547,20.545499801635742,20.549999237060547,342,0.0,0.0,0.0
2023-08-21 13:30:00-04:00,20.561199188232422,20.561199188232422,20.561199188232422,20.561199188232422,300,0.0,0.0,0.0
2023-08-21 14:30:00-04:00,20.658100128173828,20.658100128173828,20.658100128173828,20.658100128173828,0,0.0,0.0,0.0
2023-08-22 09:30:00-04:00,20.600000381469727,20.600000381469727,20.600000381469727,20.600000381469727,2572,0.0,0.0,0.0
2023-08-22 12:30:00-04:00,20.610000610351562,20.610000610351562,20.60700035095215,20.60700035095215,555,0.0,0.0,0.0
2023-08-23 09:30:00-04:00,20.431499481201172,20.431499481201172,20.431499481201172,20.431499481201172,0,0.0,0.0,0.0
2023-08-23 10:30:00-04:00,20.450000762939453,20.450000762939453,20.450000762939453,20.450000762939453,0,0.0,0.0,0.0
2023-08-23 12:30:00-04:00,20.510000228881836,20.510000228881836,20.5,20.5,2795,0.0,0.0,0.0
2023-08-23 13:30:00-04:00,20.542600631713867,20.56800079345703,20.542600631713867,20.549999237060547,415,0.0,0.0,0.0
2023-08-24 09:30:00-04:00,20.520000457763672,20.520000457763672,20.520000457763672,20.520000457763672,0,0.0,0.0,0.0
2023-08-24 10:30:00-04:00,20.50629997253418,20.50629997253418,20.50629997253418,20.50629997253418,2218,0.0,0.0,0.0
2023-08-25 09:30:00-04:00,20.540000915527344,20.540000915527344,20.540000915527344,20.540000915527344,0,0.0,0.0,0.0
2023-08-25 13:30:00-04:00,20.549999237060547,20.559999465942383,20.549999237060547,20.559999465942383,1563,0.0,0.0,0.0
2023-08-28 11:30:00-04:00,20.6299991607666,20.65999984741211,20.6299991607666,20.65999984741211,1635,0.0,0.0,0.0
2023-08-28 13:30:00-04:00,20.649999618530273,20.649999618530273,20.649999618530273,20.649999618530273,440,0.0,0.0,0.0
2023-08-28 14:30:00-04:00,20.700000762939453,20.700000762939453,20.700000762939453,20.700000762939453,1500,0.0,0.0,0.0
2023-08-28 15:30:00-04:00,20.700899124145508,20.700899124145508,20.65999984741211,20.700899124145508,2617,0.0,0.0,0.0
2023-08-29 09:30:00-04:00,20.709999084472656,20.709999084472656,20.709999084472656,20.709999084472656,0,0.0,0.0,0.0
2023-08-29 10:30:00-04:00,20.709999084472656,20.709999084472656,20.709999084472656,20.709999084472656,1522,0.0,0.0,0.0
2023-08-29 11:30:00-04:00,20.77630043029785,20.77630043029785,20.77630043029785,20.77630043029785,0,0.0,0.0,0.0
2023-08-30 09:30:00-04:00,20.959999084472656,20.959999084472656,20.959999084472656,20.959999084472656,118,0.0,0.0,0.0
2023-08-30 10:30:00-04:00,20.799999237060547,20.799999237060547,20.79010009765625,20.799999237060547,519,0.0,0.0,0.0
2023-08-30 11:30:00-04:00,20.7987003326416,20.79990005493164,20.790000915527344,20.79990005493164,1733,0.0,0.0,0.0
2023-08-30 12:30:00-04:00,20.795000076293945,20.859899520874023,20.795000076293945,20.859899520874023,951,0.0,0.0,0.0
2023-08-30 13:30:00-04:00,20.770000457763672,20.770000457763672,20.729999542236328,20.729999542236328,676,0.0,0.0,0.0
2023-08-30 15:30:00-04:00,20.780000686645508,20.814800262451172,20.780000686645508,20.8125,1137,0.0,0.0,0.0
2023-08-31 09:30:00-04:00,20.8700008392334,20.8799991607666,20.770000457763672,20.8799991607666,1457,0.0,0.0,0.0
2023-08-31 10:30:00-04:00,20.834800720214844,20.834800720214844,20.834800720214844,20.834800720214844,146,0.0,0.0,0.0
2023-08-31 13:30:00-04:00,20.84000015258789,20.84000015258789,20.84000015258789,20.84000015258789,100,0.0,0.0,0.0
2023-08-31 14:30:00-04:00,20.84000015258789,20.84000015258789,20.81999969482422,20.829999923706055,355,0.0,0.0,0.0
2023-08-31 15:30:00-04:00,20.809999465942383,20.844999313354492,20.760000228881836,20.788999557495117,0,0.0,0.0,0.0
2023-09-01 09:30:00-04:00,20.799999237060547,21.0393009185791,20.799999237060547,21.0393009185791,2397,0.0,0.0,0.0
2023-09-01 11:30:00-04:00,20.934999465942383,20.934999465942383,20.934999465942383,20.934999465942383,285,0.0,0.0,0.0
2023-09-01 12:30:00-04:00,20.89430046081543,20.940000534057617,20.89430046081543,20.940000534057617,689,0.0,0.0,0.0
2023-09-01 14:30:00-04:00,20.959999084472656,21.01689910888672,20.959999084472656,21.01689910888672,163,0.0,0.0,0.0
2023-09-05 09:30:00-04:00,20.8700008392334,21.100000381469727,20.8700008392334,21.100000381469727,134,0.0,0.0,0.0
2023-09-05 10:30:00-04:00,21.05500030517578,21.05500030517578,21.040000915527344,21.040000915527344,210,0.0,0.0,0.0
2023-09-05 11:30:00-04:00,21.06999969482422,21.13990020751953,21.06999969482422,21.13990020751953,819,0.0,0.0,0.0
2023-09-05 12:30:00-04:00,21.139999389648438,21.139999389648438,21.139999389648438,21.139999389648438,105,0.0,0.0,0.0
2023-09-05 13:30:00-04:00,21.100000381469727,21.100000381469727,21.100000381469727,21.100000381469727,102,0.0,0.0,0.0
2023-09-05 14:30:00-04:00,21.09000015258789,21.09000015258789,21.040000915527344,21.040000915527344,201,0.0,0.0,0.0
2023-09-05 15:30:00-04:00,21.049999237060547,21.050100326538086,21.030000686645508,21.030000686645508,980,0.0,0.0,0.0
2023-09-06 11:30:00-04:00,20.690000534057617,20.690000534057617,20.68899917602539,20.68899917602539,1382,0.0,0.0,0.0
2023-09-06 12:30:00-04:00,20.639999389648438,20.639999389648438,20.639999389648438,20.639999389648438,100,0.0,0.0,0.0
2023-09-06 13:30:00-04:00,20.639999389648438,20.639999389648438,20.6200008392334,20.6200008392334,2434,0.0,0.0,0.0
2023-09-06 14:30:00-04:00,20.614999771118164,20.649900436401367,20.60099983215332,20.60099983215332,0,0.0,0.0,0.0
2023-09-07 09:30:00-04:00,20.420000076293945,20.719999313354492,20.420000076293945,20.719999313354492,4064,0.0,0.0,0.0
2023-09-07 13:30:00-04:00,20.729999542236328,20.760000228881836,20.729999542236328,20.75860023498535,1537,0.0,0.0,0.0
2023-09-08 11:30:00-04:00,20.760000228881836,20.780000686645508,20.760000228881836,20.780000686645508,1575,0.0,0.0,0.0
2023-09-08 12:30:00-04:00,20.780000686645508,20.829999923706055,20.780000686645508,20.829999923706055,2649,0.0,0.0,0.0
2023-09-08 13:30:00-04:00,20.81999969482422,20.829999923706055,20.81999969482422,20.829999923706055,2274,0.0,0.0,0.0
2023-09-08 14:30:00-04:00,20.81999969482422,20.829999923706055,20.81999969482422,20.81999969482422,1476,0.0,0.0,0.0
2023-09-08 15:30:00-04:00,20.829999923706055,20.829999923706055,20.822799682617188,20.822799682617188,100,0.0,0.0,0.0
2023-09-11 09:30:00-04:00,20.799999237060547,20.799999237060547,20.799999237060547,20.799999237060547,0,0.0,0.0,0.0
2023-09-11 11:30:00-04:00,20.760000228881836,20.790000915527344,20.739999771118164,20.790000915527344,3041,0.0,0.0,0.0
2023-09-11 14:30:00-04:00,20.670000076293945,20.68000030517578,20.649999618530273,20.649999618530273,1757,0.0,0.0,0.0
2023-09-11 15:30:00-04:00,20.670000076293945,20.700000762939453,20.670000076293945,20.690000534057617,2022,0.0,0.0,0.0
2023-09-12 10:30:00-04:00,20.940000534057617,20.940000534057617,20.940000534057617,20.940000534057617,2128,0.0,0.0,0.0
2023-09-12 12:30:00-04:00,20.989999771118164,20.989999771118164,20.989999771118164,20.989999771118164,148,0.0,0.0,0.0
2023-09-12 14:30:00-04:00,20.940000534057617,20.96380043029785,20.940000534057617,20.96380043029785,0,0.0,0.0,0.0
2023-09-13 09:30:00-04:00,20.959999084472656,20.959999084472656,20.959999084472656,20.959999084472656,955,0.0,0.0,0.0
2023-09-13 10:30:00-04:00,20.850000381469727,20.850099563598633,20.850000381469727,20.850099563598633,263,0.0,0.0,0.0
2023-09-13 11:30:00-04:00,20.899999618530273,20.899999618530273,20.889999389648438,20.899999618530273,2665,0.0,0.0,0.0
2023-09-13 12:30:00-04:00,20.940000534057617,20.940000534057617,20.940000534057617,20.940000534057617,751,0.0,0.0,0.0
2023-09-13 14:30:00-04:00,20.93000030517578,20.930099487304688,20.889999389648438,20.90999984741211,2577,0.0,0.0,0.0
2023-09-13 15:30:00-04:00,20.94499969482422,20.94499969482422,20.93000030517578,20.93000030517578,0,0.0,0.0,0.0
2023-09-14 09:30:00-04:00,21.05190086364746,21.05190086364746,21.030000686645508,21.05190086364746,452,0.0,0.0,0.0
2023-09-14 11:30:00-04:00,21.079999923706055,21.079999923706055,21.079999923706055,21.079999923706055,445,0.0,0.0,0.0
2023-09-14 14:30:00-04:00,21.079999923706055,21.079999923706055,21.079999923706055,21.079999923706055,414,0.0,0.0,0.0
2023-09-14 15:30:00-04:00,21.049999237060547,21.094499588012695,21.049999237060547,21.094499588012695,0,0.0,0.0,0.0
2023-09-15 10:30:00-04:00,21.030000686645508,21.030000686645508,20.985599517822266,20.985599517822266,230,0.0,0.0,0.0
2023-09-18 10:30:00-04:00,21.049999237060547,21.049999237060547,21.049999237060547,21.049999237060547,0,0.0,0.0,0.0
2023-09-18 12:30:00-04:00,21.040000915527344,21.040000915527344,21.040000915527344,21.040000915527344,100,0.0,0.0,0.0
2023-09-18 13:30:00-04:00,21.010000228881836,21.125,21.0,21.125,0,0.0,0.0,0.0
2023-09-19 09:30:00-04:00,21.1200008392334,21.190000534057617,21.1200008392334,21.190000534057617,6384,0.0,0.0,0.0
2023-09-19 11:30:00-04:00,21.21500015258789,21.21500015258789,21.180099487304688,21.200000762939453,1769,0.0,0.0,0.0
2023-09-19 14:30:00-04:00,21.18000030517578,21.27910041809082,21.18000030517578,21.27910041809082,0,0.0,0.0,0.0
2023-09-20 12:30:00-04:00,21.489999771118164,21.489999771118164,21.489999771118164,21.489999771118164,161,0.0,0.0,0.0
2023-09-20 13:30:00-04:00,21.540000915527344,21.559999465942383,21.540000915527344,21.559999465942383,277,0.0,0.0,0.0
2023-09-20 14:30:00-04:00,21.530099868774414,21.530099868774414,21.479999542236328,21.5,3011,0.0,0.0,0.0
2023-09-20 15:30:00-04:00,21.40999984741211,21.429500579833984,21.40999984741211,21.429500579833984,0,0.0,0.0,0.0
2023-09-21 10:30:00-04:00,21.299999237060547,21.299999237060547,21.299999237060547,21.299999237060547,208,0.0,0.0,0.0
2023-09-21 12:30:00-04:00,21.40999984741211,21.479999542236328,21.40999984741211,21.479999542236328,1202,0.0,0.0,0.0
2023-09-21 14:30:00-04:00,21.299999237060547,21.299999237060547,21.299999237060547,21.299999237060547,1704,0.0,0.0,0.0
2023-09-21 15:30:00-04:00,21.294700622558594,21.294700622558594,21.293899536132812,21.293899536132812,0,0.0,0.0,0.0
2023-09-22 10:30:00-04:00,21.510000228881836,21.510000228881836,21.43000030517578,21.43000030517578,320,0.0,0.0,0.0
2023-09-22 11:30:00-04:00,21.350000381469727,21.350000381469727,21.350000381469727,21.350000381469727,142,0.0,0.0,0.0
2023-09-22 12:30:00-04:00,21.540000915527344,21.540000915527344,21.540000915527344,21.540000915527344,101,0.0,0.0,0.0
2023-09-22 13:30:00-04:00,21.43000030517578,21.479999542236328,21.43000030517578,21.453800201416016,3644,0.0,0.0,0.0
2023-09-22 14:30:00-04:00,21.520000457763672,21.520000457763672,21.520000457763672,21.520000457763672,0,0.0,0.0,0.0
2023-09-22 15:30:00-04:00,21.520000457763672,21.520000457763672,21.183700561523438,21.183700561523438,5067,0.0,0.0,0.0
2023-09-25 09:30:00-04:00,21.18000030517578,21.18000030517578,21.18000030517578,21.18000030517578,0,0.0,0.0,0.0
2023-09-25 11:30:00-04:00,21.43000030517578,21.43000030517578,21.43000030517578,21.43000030517578,566,0.0,0.0,0.0
2023-09-25 12:30:00-04:00,21.329999923706055,21.329999923706055,21.329999923706055,21.329999923706055,101,0.0,0.0,0.0
2023-09-25 14:30:00-04:00,21.309999465942383,21.309999465942383,21.309999465942383,21.309999465942383,512,0.0,0.0,0.0
2023-09-25 15:30:00-04:00,21.3439998626709,21.34480094909668,21.3439998626709,21.34480094909668,107,0.0,0.0,0.0
2023-09-26 09:30:00-04:00,21.200000762939453,21.200000762939453,21.171499252319336,21.171499252319336,1010,0.0,0.0,0.0
2023-09-26 11:30:00-04:00,21.270000457763672,21.270000457763672,21.250999450683594,21.250999450683594,1605,0.0,0.0,0.0
2023-09-26 13:30:00-04:00,21.1200008392334,21.1200008392334,21.100000381469727,21.111000061035156,2560,0.0,0.0,0.0
2023-09-26 15:30:00-04:00,21.079999923706055,21.079999923706055,21.059999465942383,21.059999465942383,202,0.0,0.0,0.0
2023-09-27 09:30:00-04:00,21.24020004272461,21.24020004272461,21.24020004272461,21.24020004272461,0,0.0,0.0,0.0
2023-09-27 10:30:00-04:00,21.25,21.25,21.18000030517578,21.239999771118164,1539,0.0,0.0,0.0
2023-09-27 11:30:00-04:00,21.31999969482422,21.31999969482422,21.31999969482422,21.31999969482422,5000,0.0,0.0,0.0
2023-09-27 12:30:00-04:00,21.350000381469727,21.3700008392334,21.290000915527344,21.290000915527344,27386,0.0,0.0,0.0
2023-09-27 13:30:00-04:00,21.290000915527344,21.31999969482422,21.25,21.31999969482422,1604,0.0,0.0,0.0
2023-09-27 14:30:00-04:00,21.31999969482422,21.329999923706055,21.31999969482422,21.31999969482422,341,0.0,0.0,0.0
2023-09-27 15:30:00-04:00,21.31999969482422,21.329999923706055,21.299999237060547,21.326200485229492,0,0.0,0.0,0.0
2023-09-28 10:30:00-04:00,21.229999542236328,21.305400848388672,21.209999084472656,21.260000228881836,2455,0.0,0.0,0.0
2023-09-28 11:30:00-04:00,21.260000228881836,21.290000915527344,21.219999313354492,21.290000915527344,1389,0.0,0.0,0.0
2023-09-28 12:30:00-04:00,21.299999237060547,21.299999237060547,21.200000762939453,21.200000762939453,3381,0.0,0.0,0.0
2023-09-28 13:30:00-04:00,21.219999313354492,21.25,21.18000030517578,21.25,1200,0.0,0.0,0.0
2023-09-28 14:30:00-04:00,21.239999771118164,21.350000381469727,21.239999771118164,21.350000381469727,3176,0.0,0.0,0.0
2023-09-28 15:30:00-04:00,21.309999465942383,21.329999923706055,21.299999237060547,21.32710075378418,1262,0.0,0.0,0.0
2023-09-29 09:30:00-04:00,21.559999465942383,21.559999465942383,21.559999465942383,21.559999465942383,0,0.0,0.0,0.0
2023-09-29 12:30:00-04:00,21.219999313354492,21.247600555419922,21.219999313354492,21.247600555419922,488,0.0,0.0,0.0
2023-10-02 09:30:00-04:00,21.110000610351562,21.110000610351562,21.110000610351562,21.110000610351562,884,0.0,0.0,0.0
2023-10-02 14:30:00-04:00,20.940000534057617,20.940000534057617,20.940000534057617,20.940000534057617,2405,0.0,0.0,0.0
2023-10-02 15:30:00-04:00,21.010000228881836,21.010000228881836,20.959999084472656,20.96269989013672,563,0.0,0.0,0.0
2023-10-03 10:30:00-04:00,20.84000015258789,20.84000015258789,20.662900924682617,20.662900924682617,0,0.0,0.0,0.0
2023-10-04 09:30:00-04:00,20.579999923706055,20.579999923706055,20.57990074157715,20.57990074157715,0,0.0,0.0,0.0
2023-10-04 10:30:00-04:00,20.315000534057617,20.329999923706055,20.280000686645508,20.299999237060547,6291,0.0,0.0,0.0
2023-10-04 11:30:00-04:00,20.364999771118164,20.41830062866211,20.364999771118164,20.41830062866211,2011,0.0,0.0,0.0
2023-10-04 14:30:00-04:00,20.350000381469727,20.375,20.350000381469727,20.375,560,0.0,0.0,0.0
2023-10-04 15:30:00-04:00,20.440000534057617,20.447599411010742,20.440000534057617,20.447599411010742,100,0.0,0.0,0.0
2023-10-05 10:30:00-04:00,20.489999771118164,20.489999771118164,20.489900588989258,20.489900588989258,0,0.0,0.0,0.0
2023-10-05 14:30:00-04:00,20.5,20.559999465942383,20.5,20.530000686645508,4700,0.0,0.0,0.0
2023-10-05 15:30:00-04:00,20.540000915527344,20.57040023803711,20.540000915527344,20.57040023803711,3630,0.0,0.0,0.0
2023-10-06 09:30:00-04:00,20.469999313354492,20.50819969177246,20.469999313354492,20.479999542236328,0,0.0,0.0,0.0
2023-10-06 10:30:00-04:00,20.540000915527344,20.540000915527344,20.540000915527344,20.540000915527344,233,0.0,0.0,0.0
2023-10-06 11:30:00-04:00,20.684999465942383,20.684999465942383,20.65999984741211,20.65999984741211,489,0.0,0.0,0.0
2023-10-06 12:30:00-04:00,20.6299991607666,20.649999618530273,20.6200008392334,20.632400512695312,841,0.0,0.0,0.0
2023-10-09 09:30:00-04:00,20.83009910583496,20.8700008392334,20.83009910583496,20.8700008392334,0,0.0,0.0,0.0
2023-10-09 12:30:00-04:00,20.920000076293945,20.920000076293945,20.920000076293945,20.920000076293945,100,0.0,0.0,0.0
2023-10-09 14:30:00-04:00,20.99049949645996,21.020000457763672,20.99049949645996,21.020000457763672,19050,0.0,0.0,0.0
2023-10-09 15:30:00-04:00,21.020000457763672,21.059999465942383,21.020000457763672,21.059999465942383,0,0.0,0.0,0.0
2023-10-10 12:30:00-04:00,21.14069938659668,21.202299118041992,21.14069938659668,21.202299118041992,1349,0.0,0.0,0.0
2023-10-10 13:30:00-04:00,21.18000030517578,21.18000030517578,21.18000030517578,21.18000030517578,177,0.0,0.0,0.0
2023-10-10 14:30:00-04:00,21.239999771118164,21.260000228881836,21.15559959411621,21.15559959411621,3875,0.0,0.0,0.0
2023-10-11 09:30:00-04:00,21.209999084472656,21.23390007019043,21.209999084472656,21.23390007019043,0,0.0,0.0,0.0
2023-10-12 09:30:00-04:00,20.7450008392334,20.7450008392334,20.7450008392334,20.7450008392334,262,0.0,0.0,0.0
2023-10-12 10:30:00-04:00,20.805999755859375,20.805999755859375,20.805999755859375,20.805999755859375,313,0.0,0.0,0.0
2023-10-12 11:30:00-04:00,20.790000915527344,20.790000915527344,20.790000915527344,20.790000915527344,150,0.0,0.0,0.0
2023-10-12 12:30:00-04:00,20.84000015258789,20.84000015258789,20.84000015258789,20.84000015258789,305,0.0,0.0,0.0
2023-10-12 15:30:00-04:00,20.84000015258789,20.84000015258789,20.84000015258789,20.84000015258789,0,0.0,0.0,0.0
2023-10-13 09:30:00-04:00,21.030000686645508,21.030000686645508,21.0,21.0,847,0.0,0.0,0.0
2023-10-13 10:30:00-04:00,20.94860076904297,20.959999084472656,20.940000534057617,20.940000534057617,400,0.0,0.0,0.0
2023-10-13 11:30:00-04:00,20.940000534057617,20.989999771118164,20.940000534057617,20.989999771118164,13435,0.0,0.0,0.0
2023-10-13 13:30:00-04:00,20.959999084472656,21.09000015258789,20.959999084472656,21.09000015258789,12737,0.0,0.0,0.0
2023-10-13 14:30:00-04:00,21.049999237060547,21.049999237060547,21.0,21.0,1400,0.0,0.0,0.0
2023-10-16 11:30:00-04:00,21.12019920349121,21.139999389648438,21.1200008392334,21.12019920349121,0,0.0,0.0,0.0
2023-10-16 12:30:00-04:00,21.1299991607666,21.1299991607666,21.1299991607666,21.1299991607666,100,0.0,0.0,0.0
2023-10-16 13:30:00-04:00,21.139999389648438,21.17009925842285,21.139999389648438,21.17009925842285,2544,0.0,0.0,0.0
2023-10-16 14:30:00-04:00,21.165000915527344,21.165000915527344,21.165000915527344,21.165000915527344,146,0.0,0.0,0.0
2023-10-16 15:30:00-04:00,21.149999618530273,21.149999618530273,21.149999618530273,21.149999618530273,0,0.0,0.0,0.0
2023-10-17 09:30:00-04:00,21.154300689697266,21.154300689697266,21.154300689697266,21.154300689697266,1090,0.0,0.0,0.0
2023-10-17 12:30:00-04:00,21.16309928894043,21.16309928894043,21.16309928894043,21.16309928894043,502,0.0,0.0,0.0
2023-10-17 14:30:00-04:00,21.149999618530273,21.15999984741211,21.149999618530273,21.15999984741211,4191,0.0,0.0,0.0
2023-10-17 15:30:00-04:00,21.174999237060547,21.17530059814453,21.174999237060547,21.17530059814453,248,0.0,0.0,0.0
2023-10-18 09:30:00-04:00,21.379899978637695,21.389999389648438,21.379899978637695,21.389999389648438,0,0.0,0.0,0.0
2023-10-18 10:30:00-04:00,21.344999313354492,21.376800537109375,21.344999313354492,21.376800537109375,316,0.0,0.0,0.0
2023-10-18 11:30:00-04:00,21.34000015258789,21.340099334716797,21.34000015258789,21.340099334716797,531,0.0,0.0,0.0
2023-10-18 12:30:00-04:00,21.34000015258789,21.34000015258789,21.34000015258789,21.34000015258789,356,0.0,0.0,0.0
2023-10-18 13:30:00-04:00,21.315000534057617,21.315000534057617,21.290300369262695,21.290300369262695,296,0.0,0.0,0.0
2023-10-18 14:30:00-04:00,21.260000228881836,21.260000228881836,21.229999542236328,21.229999542236328,1519,0.0,0.0,0.0
2023-10-18 15:30:00-04:00,21.219999313354492,21.29010009765625,21.219999313354492,21.29010009765625,1106,0.0,0.0,0.0
2023-10-19 09:30:00-04:00,21.110000610351562,21.15999984741211,21.110000610351562,21.139999389648438,0,0.0,0.0,0.0
2023-10-19 11:30:00-04:00,21.334299087524414,21.34000015258789,21.299999237060547,21.33009910583496,2477,0.0,0.0,0.0
2023-10-19 12:30:00-04:00,21.3799991607666,21.401899337768555,21.3799991607666,21.389999389648438,2046,0.0,0.0,0.0
2023-10-19 13:30:00-04:00,21.299999237060547,21.344600677490234,21.299999237060547,21.329999923706055,524,0.0,0.0,0.0
2023-10-19 14:30:00-04:00,21.360000610351562,21.3700008392334,21.290599822998047,21.34000015258789,3998,0.0,0.0,0.0
2023-10-19 15:30:00-04:00,21.280099868774414,21.334999084472656,21.280000686645508,21.334999084472656,1083,0.0,0.0,0.0
2023-10-20 09:30:00-04:00,21.309999465942383,21.309999465942383,21.25279998779297,21.25279998779297,703,0.0,0.0,0.0
2023-10-20 11:30:00-04:00,21.200000762939453,21.280000686645508,21.200000762939453,21.280000686645508,864,0.0,0.0,0.0
2023-10-20 13:30:00-04:00,21.270000457763672,21.270000457763672,21.270000457763672,21.270000457763672,184,0.0,0.0,0.0
2023-10-20 14:30:00-04:00,21.229999542236328,21.231000900268555,21.229999542236328,21.230100631713867,1117,0.0,0.0,0.0
2023-10-20 15:30:00-04:00,21.23200035095215,21.239299774169922,21.23200035095215,21.239299774169922,466,0.0,0.0,0.0
2023-10-23 09:30:00-04:00,21.31999969482422,21.31999969482422,21.1200008392334,21.1200008392334,0,0.0,0.0,0.0
2023-10-23 10:30:00-04:00,21.155000686645508,21.155000686645508,21.155000686645508,21.155000686645508,599,0.0,0.0,0.0
2023-10-23 11:30:00-04:00,21.1200008392334,21.120100021362305,21.1200008392334,21.120100021362305,288,0.0,0.0,0.0
2023-10-23 12:30:00-04:00,21.09000015258789,21.09000015258789,21.09000015258789,21.09000015258789,121,0.0,0.0,0.0
2023-10-23 14:30:00-04:00,21.040000915527344,21.040000915527344,21.032400131225586,21.032400131225586,0,0.0,0.0,0.0
2023-10-24 09:30:00-04:00,21.100000381469727,21.100000381469727,21.100000381469727,21.100000381469727,103,0.0,0.0,0.0
2023-10-24 10:30:00-04:00,21.100000381469727,21.100000381469727,21.065000534057617,21.100000381469727,4979,0.0,0.0,0.0
2023-10-24 11:30:00-04:00,21.030000686645508,21.049999237060547,21.030000686645508,21.049999237060547,225,0.0,0.0,0.0
2023-10-24 12:30:00-04:00,20.969999313354492,20.989999771118164,20.93000030517578,20.989999771118164,1000,0.0,0.0,0.0
2023-10-24 13:30:00-04:00,21.0049991607666,21.049999237060547,21.0049991607666,21.014999389648438,2138,0.0,0.0,0.0
2023-10-24 14:30:00-04:00,21.0049991607666,21.0049991607666,20.959999084472656,20.989999771118164,1287,0.0,0.0,0.0
2023-10-24 15:30:00-04:00,21.049999237060547,21.059999465942383,21.030000686645508,21.040000915527344,0,0.0,0.0,0.0
2023-10-25 09:30:00-04:00,21.079999923706055,21.079999923706055,21.049999237060547,21.049999237060547,2441,0.0,0.0,0.0
2023-10-25 12:30:00-04:00,21.020000457763672,21.030000686645508,21.020000457763672,21.020000457763672,476,0.0,0.0,0.0
2023-10-25 14:30:00-04:00,20.979999542236328,21.021400451660156,20.979999542236328,21.021400451660156,0,0.0,0.0,0.0
2023-10-26 13:30:00-04:00,20.864999771118164,20.889999389648438,20.864999771118164,20.889999389648438,603,0.0,0.0,0.0
2023-10-26 15:30:00-04:00,20.884000778198242,20.884000778198242,20.877700805664062,20.877700805664062,0,0.0,0.0,0.0
2023-10-27 09:30:00-04:00,20.760000228881836,20.854999542236328,20.760000228881836,20.81999969482422,3896,0.0,0.0,0.0
2023-10-27 10:30:00-04:00,20.729999542236328,20.729999542236328,20.729999542236328,20.729999542236328,300,0.0,0.0,0.0
2023-10-27 11:30:00-04:00,20.75,20.75,20.719999313354492,20.719999313354492,470,0.0,0.0,0.0
2023-10-27 12:30:00-04:00,20.665000915527344,20.700000762939453,20.665000915527344,20.700000762939453,1471,0.0,0.0,0.0
2023-10-27 13:30:00-04:00,20.649999618530273,20.649999618530273,20.6299991607666,20.649999618530273,596,0.0,0.0,0.0
2023-10-27 14:30:00-04:00,20.690000534057617,20.708200454711914,20.690000534057617,20.690000534057617,615,0.0,0.0,0.0
2023-10-27 15:30:00-04:00,20.69499969482422,20.69499969482422,20.69499969482422,20.69499969482422,781,0.0,0.0,0.0
2023-10-30 10:30:00-04:00,20.559999465942383,20.600000381469727,20.559999465942383,20.600000381469727,2074,0.0,0.0,0.0
2023-10-30 12:30:00-04:00,20.59000015258789,20.673999786376953,20.540000915527344,20.673999786376953,944,0.0,0.0,0.0
2023-10-31 10:30:00-04:00,20.770000457763672,20.860000610351562,20.75,20.860000610351562,860,0.0,0.0,0.0
2023-10-31 14:30:00-04:00,20.77669906616211,20.77669906616211,20.77669906616211,20.77669906616211,425,0.0,0.0,0.0
2023-11-01 10:30:00-04:00,20.900100708007812,21.010000228881836,20.889999389648438,20.93000030517578,2961,0.0,0.0,0.0
2023-11-01 11:30:00-04:00,20.860700607299805,20.951900482177734,20.850000381469727,20.920000076293945,1999,0.0,0.0,0.0
2023-11-01 12:30:00-04:00,20.920000076293945,20.920000076293945,20.920000076293945,20.920000076293945,1507,0.0,0.0,0.0
2023-11-01 13:30:00-04:00,20.915000915527344,20.915000915527344,20.915000915527344,20.915000915527344,1085,0.0,0.0,0.0
2023-11-01 15:30:00-04:00,20.93000030517578,20.93000030517578,20.90999984741211,20.920000076293945,0,0.0,0.0,0.0
2023-11-02 09:30:00-04:00,21.149999618530273,21.149999618530273,21.149999618530273,21.149999618530273,250,0.0,0.0,0.0
2023-11-02 10:30:00-04:00,21.299999237060547,21.299999237060547,21.290000915527344,21.290000915527344,1597,0.0,0.0,0.0
2023-11-02 11:30:00-04:00,21.290000915527344,21.29010009765625,21.290000915527344,21.29010009765625,290,0.0,0.0,0.0
2023-11-02 12:30:00-04:00,21.360000610351562,21.360000610351562,21.350000381469727,21.350000381469727,782,0.0,0.0,0.0
2023-11-02 13:30:00-04:00,21.3799991607666,21.3799991607666,21.3789005279541,21.3789005279541,2789,0.0,0.0,0.0
2023-11-02 15:30:00-04:00,21.5,21.5,21.5,21.5,301,0.0,0.0,0.0
2023-11-03 09:30:00-04:00,21.53230094909668,21.53230094909668,21.5,21.524999618530273,1127,0.0,0.0,0.0
2023-11-03 12:30:00-04:00,21.514999389648438,21.530000686645508,21.479999542236328,21.479999542236328,2334,0.0,0.0,0.0
2023-11-03 13:30:00-04:00,21.479999542236328,21.514699935913086,21.469999313354492,21.514699935913086,1391,0.0,0.0,0.0
2023-11-03 14:30:00-04:00,21.549999237060547,21.56999969482422,21.540000915527344,21.549999237060547,13004,0.0,0.0,0.0
2023-11-03 15:30:00-04:00,21.559999465942383,21.579999923706055,21.559999465942383,21.579999923706055,1100,0.0,0.0,0.0
2023-11-06 09:30:00-05:00,21.600000381469727,21.600000381469727,21.600000381469727,21.600000381469727,0,0.0,0.0,0.0
2023-11-06 10:30:00-05:00,21.53499984741211,21.53499984741211,21.53499984741211,21.53499984741211,136,0.0,0.0,0.0
2023-11-06 11:30:00-05:00,21.5,21.5,21.5,21.5,405,0.0,0.0,0.0
2023-11-06 12:30:00-05:00,21.488300323486328,21.488300323486328,21.413700103759766,21.413700103759766,1449,0.0,0.0,0.0
2023-11-06 13:30:00-05:00,21.440000534057617,21.440000534057617,21.440000534057617,21.440000534057617,561,0.0,0.0,0.0
2023-11-06 14:30:00-05:00,21.469999313354492,21.469999313354492,21.469999313354492,21.469999313354492,192,0.0,0.0,0.0
2023-11-06 15:30:00-05:00,21.479999542236328,21.479999542236328,21.457199096679688,21.457199096679688,702,0.0,0.0,0.0
2023-11-07 09:30:00-05:00,21.139999389648438,21.209999084472656,21.100000381469727,21.18000030517578,0,0.0,0.0,0.0
2023-11-07 10:30:00-05:00,21.190000534057617,21.235000610351562,21.190000534057617,21.21500015258789,4584,0.0,0.0,0.0
2023-11-07 11:30:00-05:00,21.139999389648438,21.180099487304688,21.139999389648438,21.15999984741211,3423,0.0,0.0,0.0
2023-11-07 12:30:00-05:00,21.15999984741211,21.190000534057617,21.149999618530273,21.190000534057617,3580,0.0,0.0,0.0
2023-11-07 13:30:00-05:00,21.200000762939453,21.200000762939453,21.139999389648438,21.200000762939453,2567,0.0,0.0,0.0
2023-11-07 14:30:00-05:00,21.170000076293945,21.170000076293945,21.167499542236328,21.170000076293945,3282,0.0,0.0,0.0
2023-11-07 15:30:00-05:00,21.25,21.25,21.209999084472656,21.209999084472656,940,0.0,0.0,0.0
2023-11-08 09:30:00-05:00,21.06999969482422,21.15999984741211,21.06999969482422,21.110000610351562,0,0.0,0.0,0.0
2023-11-08 10:30:00-05:00,21.020000457763672,21.030000686645508,21.020000457763672,21.030000686645508,1241,0.0,0.0,0.0
2023-11-08 11:30:00-05:00,20.969999313354492,20.979999542236328,20.895000457763672,20.895000457763672,1687,0.0,0.0,0.0
2023-11-08 12:30:00-05:00,20.899999618530273,20.899999618530273,20.8799991607666,20.899999618530273,1339,0.0,0.0,0.0
2023-11-08 13:30:00-05:00,20.90999984741211,20.950000762939453,20.899999618530273,20.93000030517578,4616,0.0,0.0,0.0
2023-11-08 14:30:00-05:00,20.920000076293945,20.920000076293945,20.8799991607666,20.899999618530273,1558,0.0,0.0,0.0
2023-11-08 15:30:00-05:00,20.889999389648438,20.90999984741211,20.889999389648438,20.889999389648438,1655,0.0,0.0,0.0
2023-11-09 09:30:00-05:00,20.889999389648438,20.93000030517578,20.889999389648438,20.93000030517578,0,0.0,0.0,0.0
2023-11-09 10:30:00-05:00,21.010000228881836,21.010000228881836,20.950000762939453,20.950000762939453,10749,0.0,0.0,0.0
2023-11-09 11:30:00-05:00,20.954999923706055,20.959999084472656,20.93000030517578,20.93000030517578,5641,0.0,0.0,0.0
2023-11-09 12:30:00-05:00,20.950000762939453,20.950000762939453,20.899999618530273,20.899999618530273,2700,0.0,0.0,0.0
2023-11-09 13:30:00-05:00,20.899999618530273,20.899999618530273,20.8799991607666,20.8799991607666,3587,0.0,0.0,0.0
2023-11-09 15:30:00-05:00,20.84980010986328,20.84980010986328,20.84980010986328,20.84980010986328,0,0.0,0.0,0.0
2023-11-10 09:30:00-05:00,21.046600341796875,21.046600341796875,21.046600341796875,21.046600341796875,562,0.0,0.0,0.0
2023-11-10 10:30:00-05:00,21.010000228881836,21.041400909423828,21.010000228881836,21.020000457763672,959,0.0,0.0,0.0
2023-11-10 11:30:00-05:00,21.010000228881836,21.024999618530273,20.979999542236328,20.979999542236328,1013,0.0,0.0,0.0
2023-11-10 12:30:00-05:00,21.0,21.000099182128906,21.0,21.000099182128906,333,0.0,0.0,0.0
2023-11-10 14:30:00-05:00,21.010000228881836,21.010000228881836,21.010000228881836,21.010000228881836,518,0.0,0.0,0.0
2023-11-10 15:30:00-05:00,20.950000762939453,20.95050048828125,20.940000534057617,20.95050048828125,1059,0.0,0.0,0.0
2023-11-13 09:30:00-05:00,20.950000762939453,20.980100631713867,20.950000762939453,20.979999542236328,485,0.0,0.0,0.0
2023-11-13 10:30:00-05:00,20.979999542236328,20.979999542236328,20.979999542236328,20.979999542236328,341,0.0,0.0,0.0
2023-11-13 11:30:00-05:00,21.0,21.059999465942383,21.0,21.043800354003906,2216,0.0,0.0,0.0
2023-11-13 12:30:00-05:00,21.020000457763672,21.06999969482422,21.020000457763672,21.06999969482422,883,0.0,0.0,0.0
2023-11-13 13:30:00-05:00,20.969999313354492,21.0,20.969999313354492,21.0,300,0.0,0.0,0.0
2023-11-13 14:30:00-05:00,21.049999237060547,21.059999465942383,20.959999084472656,20.959999084472656,5294,0.0,0.0,0.0
2023-11-13 15:30:00-05:00,20.989999771118164,21.03510093688965,20.989999771118164,21.03510093688965,0,0.0,0.0,0.0
2023-11-14 09:30:00-05:00,21.155000686645508,21.155000686645508,21.155000686645508,21.155000686645508,158,0.0,0.0,0.0
2023-11-14 12:30:00-05:00,21.242900848388672,21.242900848388672,21.242900848388672,21.242900848388672,387,0.0,0.0,0.0
2023-11-14 13:30:00-05:00,21.229999542236328,21.229999542236328,21.229999542236328,21.229999542236328,1423,0.0,0.0,0.0
2023-11-14 14:30:00-05:00,21.315000534057617,21.315000534057617,21.315000534057617,21.315000534057617,200,0.0,0.0,0.0
2023-11-14 15:30:00-05:00,21.280000686645508,21.312599182128906,21.280000686645508,21.280000686645508,100,0.0,0.0,0.0
2023-11-15 11:30:00-05:00,21.450000762939453,21.450000762939453,21.44499969482422,21.44499969482422,2824,0.0,0.0,0.0
2023-11-15 12:30:00-05:00,21.350000381469727,21.350000381469727,21.350000381469727,21.350000381469727,100,0.0,0.0,0.0
2023-11-15 13:30:00-05:00,21.31999969482422,21.320999145507812,21.280000686645508,21.280000686645508,4126,0.0,0.0,0.0
2023-11-15 14:30:00-05:00,21.350000381469727,21.350000381469727,21.350000381469727,21.350000381469727,1200,0.0,0.0,0.0
2023-11-15 15:30:00-05:00,21.3799991607666,21.3799991607666,21.352699279785156,21.352699279785156,568,0.0,0.0,0.0
2023-11-16 09:30:00-05:00,21.25,21.25,21.25,21.25,0,0.0,0.0,0.0
2023-11-16 10:30:00-05:00,21.1299991607666,21.1299991607666,21.1299991607666,21.1299991607666,224,0.0,0.0,0.0
2023-11-16 11:30:00-05:00,21.110000610351562,21.1299991607666,21.040000915527344,21.110000610351562,2648,0.0,0.0,0.0
2023-11-16 12:30:00-05:00,21.079999923706055,21.079999923706055,21.079999923706055,21.079999923706055,104,0.0,0.0,0.0
2023-11-16 13:30:00-05:00,21.100000381469727,21.1299991607666,21.100000381469727,21.1299991607666,408,0.0,0.0,0.0
2023-11-16 14:30:00-05:00,21.1200008392334,21.165000915527344,21.11669921875,21.11669921875,0,0.0,0.0,0.0
2023-11-17 09:30:00-05:00,21.293800354003906,21.293800354003906,21.293800354003906,21.293800354003906,321,0.0,0.0,0.0
2023-11-17 10:30:00-05:00,21.34000015258789,21.409099578857422,21.34000015258789,21.350000381469727,867,0.0,0.0,0.0
2023-11-17 11:30:00-05:00,21.420000076293945,21.420000076293945,21.420000076293945,21.420000076293945,668,0.0,0.0,0.0
2023-11-17 14:30:00-05:00,21.510000228881836,21.549999237060547,21.489999771118164,21.53019905090332,6035,0.0,0.0,0.0
2023-11-20 10:30:00-05:00,21.6200008392334,21.6200008392334,21.530000686645508,21.540000915527344,510,0.0,0.0,0.0
2023-11-20 11:30:00-05:00,21.510000228881836,21.510000228881836,21.469999313354492,21.469999313354492,2500,0.0,0.0,0.0
2023-11-20 12:30:00-05:00,21.510000228881836,21.543699264526367,21.469999313354492,21.489999771118164,8356,0.0,0.0,0.0
2023-11-20 13:30:00-05:00,21.510000228881836,21.530000686645508,21.469999313354492,21.489999771118164,2100,0.0,0.0,0.0
2023-11-20 14:30:00-05:00,21.520000457763672,21.561500549316406,21.510000228881836,21.520000457763672,4168,0.0,0.0,0.0
2023-11-20 15:30:00-05:00,21.530000686645508,21.549999237060547,21.510000228881836,21.510000228881836,0,0.0,0.0,0.0
2023-11-21 10:30:00-05:00,21.6299991607666,21.6299991607666,21.6299991607666,21.6299991607666,211,0.0,0.0,0.0
2023-11-21 14:30:00-05:00,21.639999389648438,21.66990089416504,21.639999389648438,21.66990089416504,1753,0.0,0.0,0.0
2023-11-21 15:30:00-05:00,21.600000381469727,21.600200653076172,21.600000381469727,21.600200653076172,410,0.0,0.0,0.0
2023-11-22 09:30:00-05:00,21.549999237060547,21.549999237060547,21.449899673461914,21.469999313354492,5407,0.0,0.0,0.0
2023-11-22 10:30:00-05:00,21.537799835205078,21.549999237060547,21.5,21.5,1248,0.0,0.0,0.0
2023-11-22 11:30:00-05:00,21.53059959411621,21.53059959411621,21.53059959411621,21.53059959411621,468,0.0,0.0,0.0
2023-11-22 12:30:00-05:00,21.584999084472656,21.584999084472656,21.530000686645508,21.579999923706055,1109,0.0,0.0,0.0
2023-11-22 13:30:00-05:00,21.59000015258789,21.59000015258789,21.59000015258789,21.59000015258789,122,0.0,0.0,0.0
2023-11-22 15:30:00-05:00,21.670000076293945,21.704200744628906,21.670000076293945,21.704200744628906,148,0.0,0.0,0.0
2023-11-27 09:30:00-05:00,21.709999084472656,21.709999084472656,21.700000762939453,21.700000762939453,0,0.0,0.0,0.0
2023-11-27 10:30:00-05:00,21.783000946044922,21.783000946044922,21.780000686645508,21.780000686645508,1767,0.0,0.0,0.0
2023-11-27 11:30:00-05:00,21.670000076293945,21.67009925842285,21.670000076293945,21.670000076293945,550,0.0,0.0,0.0
2023-11-27 14:30:00-05:00,21.65999984741211,21.65999984741211,21.65999984741211,21.65999984741211,872,0.0,0.0,0.0
2023-11-27 15:30:00-05:00,21.719999313354492,21.719999313354492,21.709999084472656,21.719600677490234,378,0.0,0.0,0.0
2023-11-28 09:30:00-05:00,21.649999618530273,21.719999313354492,21.649999618530273,21.719999313354492,0,0.0,0.0,0.0
2023-11-28 11:30:00-05:00,21.739999771118164,21.739999771118164,21.722400665283203,21.722400665283203,288,0.0,0.0,0.0
2023-11-28 14:30:00-05:00,21.68000030517578,21.68000030517578,21.68000030517578,21.68000030517578,470,0.0,0.0,0.0
2023-11-28 15:30:00-05:00,21.69499969482422,21.69499969482422,21.688899993896484,21.688899993896484,0,0.0,0.0,0.0
2023-11-29 12:30:00-05:00,21.81999969482422,21.81999969482422,21.81999969482422,21.81999969482422,400,0.0,0.0,0.0
2023-11-29 13:30:00-05:00,21.899999618530273,21.959999084472656,21.899999618530273,21.959999084472656,12742,0.0,0.0,0.0
2023-11-29 15:30:00-05:00,21.855499267578125,21.855499267578125,21.855499267578125,21.855499267578125,100,0.0,0.0,0.0
2023-11-30 09:30:00-05:00,22.114999771118164,22.15999984741211,22.114999771118164,22.15999984741211,0,0.0,0.0,0.0
2023-11-30 10:30:00-05:00,21.969999313354492,21.969999313354492,21.969999313354492,21.969999313354492,9152,0.0,0.0,0.0
2023-11-30 14:30:00-05:00,22.040000915527344,22.110000610351562,22.040000915527344,22.059999465942383,1236,0.0,0.0,0.0
2023-11-30 15:30:00-05:00,22.139999389648438,22.156299591064453,22.139999389648438,22.156299591064453,0,0.0,0.0,0.0
2023-12-01 10:30:00-05:00,22.190000534057617,22.190000534057617,22.190000534057617,22.190000534057617,1356,0.0,0.0,0.0
2023-12-01 11:30:00-05:00,22.299999237060547,22.299999237060547,22.299999237060547,22.299999237060547,0,0.0,0.0,0.0
2023-12-01 12:30:00-05:00,22.25,22.25,22.229999542236328,22.229999542236328,5100,0.0,0.0,0.0
2023-12-01 13:30:00-05:00,22.260000228881836,22.260000228881836,22.243200302124023,22.259899139404297,1382,0.0,0.0,0.0
2023-12-01 15:30:00-05:00,22.299999237060547,22.299999237060547,22.25,22.283100128173828,1601,0.0,0.0,0.0
2023-12-04 10:30:00-05:00,22.15999984741211,22.15999984741211,22.139999389648438,22.139999389648438,644,0.0,0.0,0.0
2023-12-04 11:30:00-05:00,22.18239974975586,22.18239974975586,22.18239974975586,22.18239974975586,500,0.0,0.0,0.0
2023-12-04 12:30:00-05:00,22.209999084472656,22.209999084472656,22.209999084472656,22.209999084472656,126,0.0,0.0,0.0
2023-12-04 14:30:00-05:00,22.16010093688965,22.210100173950195,22.139999389648438,22.210100173950195,2550,0.0,0.0,0.0
2023-12-04 15:30:00-05:00,22.200000762939453,22.242399215698242,22.200000762939453,22.242399215698242,0,0.0,0.0,0.0
2023-12-05 11:30:00-05:00,22.079999923706055,22.079999923706055,21.989999771118164,21.989999771118164,397,0.0,0.0,0.0
2023-12-05 12:30:00-05:00,22.0,22.040000915527344,21.989999771118164,22.020000457763672,3324,0.0,0.0,0.0
2023-12-05 13:30:00-05:00,22.020000457763672,22.030000686645508,22.020000457763672,22.030000686645508,748,0.0,0.0,0.0
2023-12-05 14:30:00-05:00,22.040000915527344,22.049999237060547,22.0,22.0,327,0.0,0.0,0.0
2023-12-05 15:30:00-05:00,21.91119956970215,21.917200088500977,21.91119956970215,21.917200088500977,0,0.0,0.0,0.0
2023-12-06 09:30:00-05:00,21.829999923706055,21.84000015258789,21.829999923706055,21.84000015258789,479,0.0,0.0,0.0
2023-12-06 10:30:00-05:00,21.709999084472656,21.709999084472656,21.709999084472656,21.709999084472656,655,0.0,0.0,0.0
2023-12-06 11:30:00-05:00,21.639999389648438,21.639999389648438,21.600000381469727,21.600000381469727,291,0.0,0.0,0.0
2023-12-06 12:30:00-05:00,21.579999923706055,21.579999923706055,21.579999923706055,21.579999923706055,732,0.0,0.0,0.0
2023-12-06 13:30:00-05:00,21.6200008392334,21.6200008392334,21.6200008392334,21.6200008392334,517,0.0,0.0,0.0
2023-12-06 14:30:00-05:00,21.56999969482422,21.583599090576172,21.56999969482422,21.583599090576172,478,0.0,0.0,0.0
2023-12-06 15:30:00-05:00,21.530000686645508,21.530000686645508,21.510000228881836,21.518600463867188,348,0.0,0.0,0.0
2023-12-07 09:30:00-05:00,21.459999084472656,21.559999465942383,21.459999084472656,21.530000686645508,0,0.0,0.0,0.0
2023-12-07 10:30:00-05:00,21.469999313354492,21.469999313354492,21.469999313354492,21.469999313354492,273,0.0,0.0,0.0
2023-12-07 11:30:00-05:00,21.35759925842285,21.35759925842285,21.35759925842285,21.35759925842285,687,0.0,0.0,0.0
2023-12-08 09:30:00-05:00,21.40999984741211,21.40999984741211,21.40999984741211,21.40999984741211,0,0.0,0.0,0.0
2023-12-08 10:30:00-05:00,21.430299758911133,21.430299758911133,21.430299758911133,21.430299758911133,460,0.0,0.0,0.0
2023-12-08 11:30:00-05:00,21.329999923706055,21.329999923706055,21.329999923706055,21.329999923706055,100,0.0,0.0,0.0
2023-12-08 13:30:00-05:00,21.329999923706055,21.33009910583496,21.329999923706055,21.33009910583496,1878,0.0,0.0,0.0
2023-12-08 14:30:00-05:00,21.309999465942383,21.333200454711914,21.309999465942383,21.333200454711914,1420,0.0,0.0,0.0
2023-12-11 09:30:00-05:00,21.1200008392334,21.209999084472656,21.1200008392334,21.209999084472656,0,0.0,0.0,0.0
2023-12-11 13:30:00-05:00,21.09000015258789,21.09000015258789,21.018600463867188,21.018600463867188,1687,0.0,0.0,0.0
2023-12-12 09:30:00-05:00,21.0,21.0,20.84000015258789,20.850000381469727,1684,0.0,0.0,0.0
2023-12-12 10:30:00-05:00,20.809999465942383,20.809999465942383,20.809999465942383,20.809999465942383,2000,0.0,0.0,0.0
2023-12-12 11:30:00-05:00,20.780000686645508,20.780000686645508,20.780000686645508,20.780000686645508,657,0.0,0.0,0.0
2023-12-12 12:30:00-05:00,20.753799438476562,20.757999420166016,20.753799438476562,20.757999420166016,1000,0.0,0.0,0.0
2023-12-12 13:30:00-05:00,20.809999465942383,20.81999969482422,20.809999465942383,20.81999969482422,335,0.0,0.0,0.0
2023-12-12 14:30:00-05:00,20.860000610351562,20.860000610351562,20.860000610351562,20.860000610351562,444,0.0,0.0,0.0
2023-12-12 15:30:00-05:00,20.829999923706055,20.829999923706055,20.799999237060547,20.809999465942383,1633,0.0,0.0,0.0
2023-12-13 09:30:00-05:00,20.82069969177246,20.82069969177246,20.82069969177246,20.82069969177246,0,0.0,0.0,0.0
2023-12-13 10:30:00-05:00,20.84000015258789,20.93000030517578,20.84000015258789,20.93000030517578,2345,0.0,0.0,0.0
2023-12-13 13:30:00-05:00,20.850000381469727,21.12700080871582,20.850000381469727,21.12700080871582,0,0.0,0.0,0.0
2023-12-14 09:30:00-05:00,21.399999618530273,21.440000534057617,21.399999618530273,21.440000534057617,376,0.0,0.0,0.0
2023-12-14 10:30:00-05:00,21.43000030517578,21.43000030517578,21.43000030517578,21.43000030517578,543,0.0,0.0,0.0
2023-12-14 11:30:00-05:00,21.489999771118164,21.489999771118164,21.489999771118164,21.489999771118164,116,0.0,0.0,0.0
2023-12-14 13:30:00-05:00,21.399999618530273,21.40060043334961,21.399999618530273,21.40060043334961,400,0.0,0.0,0.0
2023-12-14 14:30:00-05:00,21.389999389648438,21.389999389648438,21.34000015258789,21.35810089111328,0,0.0,0.0,0.0
2023-12-15 09:30:00-05:00,21.170000076293945,21.170000076293945,21.149999618530273,21.149999618530273,1913,0.0,0.0,0.0
2023-12-15 13:30:00-05:00,21.21500015258789,21.21500015258789,21.190000534057617,21.190000534057617,550,0.0,0.0,0.0
2023-12-15 14:30:00-05:00,21.209999084472656,21.209999084472656,21.209999084472656,21.209999084472656,250,0.0,0.0,0.0
2023-12-15 15:30:00-05:00,21.270000457763672,21.270000457763672,21.219999313354492,21.222900390625,200,0.0,0.0,0.0
2023-12-18 09:30:00-05:00,21.1299991607666,21.450000762939453,21.1299991607666,21.31999969482422,30999,0.0,0.0,0.0
2023-12-18 10:30:00-05:00,21.350000381469727,21.350000381469727,21.350000381469727,21.350000381469727,1269,0.0,0.0,0.0
2023-12-18 13:30:00-05:00,21.219999313354492,21.229999542236328,21.219999313354492,21.219999313354492,994,0.0,0.0,0.0
2023-12-18 15:30:00-05:00,21.25,21.25,21.239999771118164,21.239999771118164,0,0.0,0.0,0.0
2023-12-19 10:30:00-05:00,21.299999237060547,21.299999237060547,21.299999237060547,21.299999237060547,583,0.0,0.0,0.0
2023-12-19 11:30:00-05:00,21.429800033569336,21.43000030517578,21.399999618530273,21.399999618530273,837,0.0,0.0,0.0
2023-12-19 12:30:00-05:00,21.459999084472656,21.459999084472656,21.459999084472656,21.459999084472656,102,0.0,0.0,0.0
2023-12-19 13:30:00-05:00,21.450000762939453,21.459999084472656,21.450000762939453,21.459999084472656,533,0.0,0.0,0.0
2023-12-19 15:30:00-05:00,21.3799991607666,21.399999618530273,21.3799991607666,21.389999389648438,443,0.0,0.0,0.0
2023-12-20 11:30:00-05:00,21.520000457763672,21.520000457763672,21.520000457763672,21.520000457763672,444,0.0,0.0,0.0
2023-12-20 13:30:00-05:00,21.549999237060547,21.549999237060547,21.549999237060547,21.549999237060547,390,0.0,0.0,0.0
2023-12-20 14:30:00-05:00,21.40019989013672,21.43000030517578,21.31999969482422,21.350000381469727,5138,0.0,0.0,0.0
2023-12-20 15:30:00-05:00,21.40999984741211,21.43000030517578,21.389999389648438,21.40959930419922,0,0.0,0.0,0.0
2023-12-21 10:30:00-05:00,21.43000030517578,21.43000030517578,21.43000030517578,21.43000030517578,375,0.0,0.0,0.0
2023-12-21 11:30:00-05:00,21.559999465942383,21.559999465942383,21.559999465942383,21.559999465942383,113,0.0,0.0,0.0
2023-12-21 15:30:00-05:00,21.489999771118164,21.489999771118164,21.489999771118164,21.489999771118164,513,0.0,0.0,0.0
2023-12-22 09:30:00-05:00,21.574899673461914,21.574899673461914,21.574899673461914,21.574899673461914,0,0.0,0.0,0.0
2023-12-22 10:30:00-05:00,21.579999923706055,21.58009910583496,21.398700714111328,21.398700714111328,200,0.0,0.0,0.0
2023-12-26 11:30:00-05:00,21.479999542236328,21.510000228881836,21.479999542236328,21.510000228881836,0,0.0,0.0,0.0
2023-12-26 13:30:00-05:00,21.459999084472656,21.459999084472656,21.459999084472656,21.459999084472656,100,0.0,0.0,0.0
2023-12-26 14:30:00-05:00,21.480100631713867,21.480100631713867,21.457399368286133,21.457399368286133,422,0.0,0.0,0.0
2023-12-27 09:30:00-05:00,21.350000381469727,21.350000381469727,21.350000381469727,21.350000381469727,576,0.0,0.0,0.0
2023-12-27 11:30:00-05:00,21.40999984741211,21.43000030517578,21.3799991607666,21.43000030517578,2885,0.0,0.0,0.0
2023-12-27 12:30:00-05:00,21.40999984741211,21.420000076293945,21.40999984741211,21.420000076293945,730,0.0,0.0,0.0
2023-12-27 13:30:00-05:00,21.420000076293945,21.45199966430664,21.389999389648438,21.45199966430664,0,0.0,0.0,0.0
2023-12-28 09:30:00-05:00,21.489999771118164,21.524999618530273,21.489999771118164,21.524999618530273,800,0.0,0.0,0.0
2023-12-28 11:30:00-05:00,21.579999923706055,21.579999923706055,21.57990074157715,21.57990074157715,464,0.0,0.0,0.0
2023-12-28 12:30:00-05:00,21.53499984741211,21.53499984741211,21.53499984741211,21.53499984741211,156,0.0,0.0,0.0
2023-12-28 14:30:00-05:00,21.480100631713867,21.48819923400879,21.469999313354492,21.479999542236328,1463,0.0,0.0,0.0
2023-12-28 15:30:00-05:00,21.479999542236328,21.4950008392334,21.459999084472656,21.465499877929688,625,0.0,0.0,0.0
2023-12-29 09:30:00-05:00,21.34000015258789,21.34000015258789,21.34000015258789,21.34000015258789,0,0.0,0.0,0.0
2023-12-29 10:30:00-05:00,21.459999084472656,21.479999542236328,21.459999084472656,21.469999313354492,1030,0.0,0.0,0.0
2023-12-29 13:30:00-05:00,21.40999984741211,21.40999984741211,21.40999984741211,21.40999984741211,101,0.0,0.0,0.0
2023-12-29 14:30:00-05:00,21.420000076293945,21.420000076293945,21.399999618530273,21.40999984741211,1700,0.0,0.0,0.0
2023-12-29 15:30:00-05:00,21.420000076293945,21.47260093688965,21.420000076293945,21.43000030517578,1193,0.0,0.0,0.0
2024-01-02 09:30:00-05:00,21.469999313354492,21.47010040283203,21.418899536132812,21.418899536132812,0,0.0,0.0,0.0
2024-01-02 10:30:00-05:00,21.360000610351562,21.360000610351562,21.360000610351562,21.360000610351562,2876,0.0,0.0,0.0
2024-01-02 11:30:00-05:00,21.457300186157227,21.457300186157227,21.457300186157227,21.457300186157227,4707,0.0,0.0,0.0
2024-01-03 11:30:00-05:00,21.559999465942383,21.56999969482422,21.559999465942383,21.567699432373047,610,0.0,0.0,0.0
2024-01-03 12:30:00-05:00,21.559999465942383,21.639999389648438,21.559999465942383,21.639999389648438,600,0.0,0.0,0.0
2024-01-03 13:30:00-05:00,21.659000396728516,21.690000534057617,21.643999099731445,21.643999099731445,705,0.0,0.0,0.0
2024-01-03 15:30:00-05:00,21.65999984741211,21.65999984741211,21.639699935913086,21.639699935913086,0,0.0,0.0,0.0
2024-01-04 13:30:00-05:00,21.600000381469727,21.61009979248047,21.600000381469727,21.610000610351562,1630,0.0,0.0,0.0
2024-01-04 14:30:00-05:00,21.600000381469727,21.6200008392334,21.549999237060547,21.600000381469727,6729,0.0,0.0,0.0
2024-01-04 15:30:00-05:00,21.559999465942383,21.559999465942383,21.533000946044922,21.533000946044922,200,0.0,0.0,0.0
2024-01-05 09:30:00-05:00,21.674999237060547,21.674999237060547,21.674999237060547,21.674999237060547,0,0.0,0.0,0.0
2024-01-05 11:30:00-05:00,21.719999313354492,21.719999313354492,21.719999313354492,21.719999313354492,411,0.0,0.0,0.0
2024-01-05 13:30:00-05:00,21.6299991607666,21.638700485229492,21.6200008392334,21.638700485229492,6208,0.0,0.0,0.0
2024-01-08 09:30:00-05:00,21.497400283813477,21.497400283813477,21.497400283813477,21.497400283813477,0,0.0,0.0,0.0
2024-01-08 10:30:00-05:00,21.420000076293945,21.420000076293945,21.420000076293945,21.420000076293945,100,0.0,0.0,0.0
2024-01-08 11:30:00-05:00,21.540000915527344,21.540000915527344,21.540000915527344,21.540000915527344,555,0.0,0.0,0.0
2024-01-08 12:30:00-05:00,21.549999237060547,21.550100326538086,21.549999237060547,21.550100326538086,1066,0.0,0.0,0.0
2024-01-08 13:30:00-05:00,21.549999237060547,21.549999237060547,21.549999237060547,21.549999237060547,6245,0.0,0.0,0.0
2024-01-08 14:30:00-05:00,21.549999237060547,21.583999633789062,21.549999237060547,21.583999633789062,0,0.0,0.0,0.0
2024-01-09 11:30:00-05:00,21.479700088500977,21.479700088500977,21.479700088500977,21.479700088500977,2804,0.0,0.0,0.0
2024-01-09 13:30:00-05:00,21.535400390625,21.615999221801758,21.535400390625,21.615999221801758,987,0.0,0.0,0.0
2024-01-10 11:30:00-05:00,21.57110023498535,21.6299991607666,21.57110023498535,21.629899978637695,1400,0.0,0.0,0.0
2024-01-10 12:30:00-05:00,21.579999923706055,21.579999923706055,21.579999923706055,21.579999923706055,8151,0.0,0.0,0.0
2024-01-10 14:30:00-05:00,21.59000015258789,21.59000015258789,21.59000015258789,21.59000015258789,260,0.0,0.0,0.0
2024-01-10 15:30:00-05:00,21.58919906616211,21.58919906616211,21.58919906616211,21.58919906616211,0,0.0,0.0,0.0
2024-01-11 14:30:00-05:00,21.530000686645508,21.56999969482422,21.530000686645508,21.54010009765625,2186,0.0,0.0,0.0
2024-01-11 15:30:00-05:00,21.56999969482422,21.595699310302734,21.56999969482422,21.595699310302734,0,0.0,0.0,0.0
2024-01-12 10:30:00-05:00,21.30500030517578,21.30500030517578,21.30500030517578,21.30500030517578,233,0.0,0.0,0.0
2024-01-12 11:30:00-05:00,21.284000396728516,21.284000396728516,21.284000396728516,21.284000396728516,619,0.0,0.0,0.0
2024-01-12 14:30:00-05:00,21.389999389648438,21.389999389648438,21.389999389648438,21.389999389648438,2254,0.0,0.0,0.0
2024-01-12 15:30:00-05:00,21.450000762939453,21.454999923706055,21.43000030517578,21.435199737548828,575,0.0,0.0,0.0
2024-01-16 09:30:00-05:00,21.479999542236328,21.526100158691406,21.479999542236328,21.526100158691406,0,0.0,0.0,0.0
2024-01-16 10:30:00-05:00,21.350000381469727,21.350000381469727,21.350000381469727,21.350000381469727,3077,0.0,0.0,0.0
2024-01-16 12:30:00-05:00,21.3700008392334,21.41830062866211,21.360000610351562,21.41830062866211,3656,0.0,0.0,0.0
2024-01-16 13:30:00-05:00,21.423599243164062,21.423599243164062,21.389999389648438,21.389999389648438,252,0.0,0.0,0.0
2024-01-16 15:30:00-05:00,21.360000610351562,21.373300552368164,21.360000610351562,21.373300552368164,0,0.0,0.0,0.0
2024-01-17 11:30:00-05:00,21.151899337768555,21.151899337768555,21.151899337768555,21.151899337768555,234,0.0,0.0,0.0
2024-01-17 14:30:00-05:00,21.079999923706055,21.142499923706055,21.049999237060547,21.142499923706055,0,0.0,0.0,0.0
2024-01-18 09:30:00-05:00,21.09000015258789,21.11370086669922,21.09000015258789,21.09000015258789,301,0.0,0.0,0.0
2024-01-18 10:30:00-05:00,21.139999389648438,21.139999389648438,21.040000915527344,21.065000534057617,3224,0.0,0.0,0.0
2024-01-18 13:30:00-05:00,20.969999313354492,21.11549949645996,20.969999313354492,21.11549949645996,350,0.0,0.0,0.0
2024-01-19 10:30:00-05:00,21.079999923706055,21.079999923706055,21.079999923706055,21.079999923706055,0,0.0,0.0,0.0
2024-01-19 12:30:00-05:00,21.020000457763672,21.030000686645508,21.020000457763672,21.030000686645508,2396,0.0,0.0,0.0
2024-01-19 14:30:00-05:00,21.049999237060547,21.06999969482422,21.049999237060547,21.06999969482422,2673,0.0,0.0,0.0
2024-01-19 15:30:00-05:00,21.110000610351562,21.110000610351562,21.110000610351562,21.110000610351562,600,0.0,0.0,0.0
2024-01-22 09:30:00-05:00,21.100000381469727,21.100000381469727,21.100000381469727,21.100000381469727,0,0.0,0.0,0.0
2024-01-22 10:30:00-05:00,21.41200065612793,21.41200065612793,21.41200065612793,21.41200065612793,294,0.0,0.0,0.0
2024-01-22 11:30:00-05:00,21.450000762939453,21.450000762939453,21.450000762939453,21.450000762939453,1097,0.0,0.0,0.0
2024-01-22 13:30:00-05:00,21.479999542236328,21.479999542236328,21.479999542236328,21.479999542236328,588,0.0,0.0,0.0
2024-01-22 14:30:00-05:00,21.450000762939453,21.450000762939453,21.440000534057617,21.440000534057617,974,0.0,0.0,0.0
2024-01-22 15:30:00-05:00,21.450000762939453,21.450000762939453,21.440000534057617,21.450000762939453,0,0.0,0.0,0.0
2024-01-23 09:30:00-05:00,21.489999771118164,21.510000228881836,21.440000534057617,21.489999771118164,3766,0.0,0.0,0.0
2024-01-23 10:30:00-05:00,21.449899673461914,21.449899673461914,21.449899673461914,21.449899673461914,572,0.0,0.0,0.0
2024-01-23 13:30:00-05:00,21.469999313354492,21.494800567626953,21.469999313354492,21.494800567626953,0,0.0,0.0,0.0
2024-01-24 09:30:00-05:00,21.770000457763672,21.770000457763672,21.4950008392334,21.4950008392334,566,0.0,0.0,0.0
2024-01-24 11:30:00-05:00,21.647199630737305,21.647199630737305,21.647199630737305,21.647199630737305,377,0.0,0.0,0.0
2024-01-24 14:30:00-05:00,21.530000686645508,21.563400268554688,21.520000457763672,21.563400268554688,0,0.0,0.0,0.0
2024-01-25 09:30:00-05:00,21.56999969482422,21.719999313354492,21.56999969482422,21.719999313354492,1008,0.0,0.0,0.0
2024-01-25 10:30:00-05:00,21.649999618530273,21.719999313354492,21.649999618530273,21.719999313354492,300,0.0,0.0,0.0
2024-01-25 11:30:00-05:00,21.719999313354492,21.719999313354492,21.719999313354492,21.719999313354492,300,0.0,0.0,0.0
2024-01-25 12:30:00-05:00,21.719999313354492,21.72010040283203,21.700000762939453,21.719999313354492,3441,0.0,0.0,0.0
2024-01-25 13:30:00-05:00,21.760000228881836,21.795000076293945,21.760000228881836,21.795000076293945,918,0.0,0.0,0.0
2024-01-25 14:30:00-05:00,21.809999465942383,21.809999465942383,21.809999465942383,21.809999465942383,330,0.0,0.0,0.0
2024-01-25 15:30:00-05:00,21.81570053100586,21.81570053100586,21.81570053100586,21.81570053100586,0,0.0,0.0,0.0
2024-01-26 09:30:00-05:00,21.829999923706055,21.829999923706055,21.829999923706055,21.829999923706055,2294,0.0,0.0,0.0
2024-01-26 10:30:00-05:00,21.989999771118164,21.989999771118164,21.989999771118164,21.989999771118164,3194,0.0,0.0,0.0
2024-01-26 12:30:00-05:00,21.969999313354492,22.105899810791016,21.969999313354492,22.105899810791016,3677,0.0,0.0,0.0
2024-01-29 09:30:00-05:00,22.12579917907715,22.12579917907715,22.12579917907715,22.12579917907715,0,0.0,0.0,0.0
2024-01-29 12:30:00-05:00,22.040000915527344,22.040000915527344,22.040000915527344,22.040000915527344,300,0.0,0.0,0.0
2024-01-29 14:30:00-05:00,22.1200008392334,22.227699279785156,22.1200008392334,22.227699279785156,0,0.0,0.0,0.0
2024-01-30 09:30:00-05:00,22.1299991607666,22.1299991607666,22.1299991607666,22.1299991607666,105,0.0,0.0,0.0
2024-01-30 10:30:00-05:00,22.1299991607666,22.170000076293945,22.1299991607666,22.170000076293945,833,0.0,0.0,0.0
2024-01-30 11:30:00-05:00,22.15999984741211,22.25,22.15999984741211,22.219999313354492,2100,0.0,0.0,0.0
2024-01-30 12:30:00-05:00,22.209999084472656,22.219999313354492,22.18000030517578,22.18000030517578,0,0.0,0.0,0.0
2024-01-30 13:30:00-05:00,22.239999771118164,22.239999771118164,22.228500366210938,22.228500366210938,5045,0.0,0.0,0.0
2024-01-31 09:30:00-05:00,22.1200008392334,22.264999389648438,22.1200008392334,22.264999389648438,0,0.0,0.0,0.0
2024-01-31 11:30:00-05:00,22.06999969482422,22.06999969482422,22.06999969482422,22.06999969482422,100,0.0,0.0,0.0
2024-01-31 12:30:00-05:00,22.09000015258789,22.09000015258789,22.09000015258789,22.09000015258789,100,0.0,0.0,0.0
2024-01-31 13:30:00-05:00,22.06999969482422,22.098499298095703,22.000600814819336,22.000600814819336,0,0.0,0.0,0.0
2024-02-01 09:30:00-05:00,22.010000228881836,22.010000228881836,22.010000228881836,22.010000228881836,568,0.0,0.0,0.0
2024-02-01 11:30:00-05:00,22.354999542236328,22.354999542236328,22.354999542236328,22.354999542236328,231,0.0,0.0,0.0
2024-02-01 14:30:00-05:00,22.1200008392334,22.1200008392334,22.0841007232666,22.0841007232666,0,0.0,0.0,0.0
2024-02-02 12:30:00-05:00,21.940000534057617,21.940000534057617,21.940000534057617,21.940000534057617,243,0.0,0.0,0.0
2024-02-02 14:30:00-05:00,21.959999084472656,21.969999313354492,21.959999084472656,21.969900131225586,700,0.0,0.0,0.0
2024-02-02 15:30:00-05:00,21.93000030517578,21.953800201416016,21.93000030517578,21.953800201416016,783,0.0,0.0,0.0
2024-02-05 11:30:00-05:00,21.829999923706055,21.829999923706055,21.829999923706055,21.829999923706055,0,0.0,0.0,0.0
2024-02-05 13:30:00-05:00,21.899999618530273,21.899999618530273,21.8700008392334,21.8700008392334,322,0.0,0.0,0.0
2024-02-05 15:30:00-05:00,21.920000076293945,21.920000076293945,21.9197998046875,21.9197998046875,0,0.0,0.0,0.0
2024-02-06 10:30:00-05:00,21.860000610351562,21.860000610351562,21.860000610351562,21.860000610351562,1426,0.0,0.0,0.0
2024-02-06 15:30:00-05:00,21.760000228881836,21.760000228881836,21.719999313354492,21.72260093688965,300,0.0,0.0,0.0
2024-02-07 11:30:00-05:00,21.739999771118164,21.739999771118164,21.719999313354492,21.719999313354492,371,0.0,0.0,0.0
2024-02-07 15:30:00-05:00,21.780000686645508,21.791799545288086,21.780000686645508,21.791799545288086,0,0.0,0.0,0.0
2024-02-08 14:30:00-05:00,21.809999465942383,21.84000015258789,21.790000915527344,21.84000015258789,1341,0.0,0.0,0.0
2024-02-08 15:30:00-05:00,21.799999237060547,21.832000732421875,21.799999237060547,21.832000732421875,531,0.0,0.0,0.0
2024-02-09 10:30:00-05:00,21.770000457763672,21.770000457763672,21.75,21.75,0,0.0,0.0,0.0
2024-02-09 11:30:00-05:00,21.829999923706055,21.829999923706055,21.829999923706055,21.829999923706055,1011,0.0,0.0,0.0
2024-02-09 12:30:00-05:00,21.82990074157715,21.82990074157715,21.82990074157715,21.82990074157715,919,0.0,0.0,0.0
2024-02-09 13:30:00-05:00,21.850000381469727,21.850000381469727,21.81999969482422,21.81999969482422,1479,0.0,0.0,0.0
2024-02-09 14:30:00-05:00,21.829999923706055,21.829999923706055,21.829999923706055,21.829999923706055,100,0.0,0.0,0.0
2024-02-09 15:30:00-05:00,21.854999542236328,21.85580062866211,21.854999542236328,21.85580062866211,100,0.0,0.0,0.0
2024-02-12 09:30:00-05:00,21.959999084472656,21.959999084472656,21.959999084472656,21.959999084472656,110,0.0,0.0,0.0
2024-02-12 10:30:00-05:00,22.045000076293945,22.045000076293945,22.045000076293945,22.045000076293945,100,0.0,0.0,0.0
2024-02-12 11:30:00-05:00,22.06999969482422,22.116300582885742,22.06999969482422,22.116300582885742,0,0.0,0.0,0.0
2024-02-13 11:30:00-05:00,22.010000228881836,22.010000228881836,22.010000228881836,22.010000228881836,604,0.0,0.0,0.0
2024-02-13 13:30:00-05:00,22.059999465942383,22.059999465942383,22.059999465942383,22.059999465942383,2537,0.0,0.0,0.0
2024-02-13 14:30:00-05:00,21.969999313354492,21.969999313354492,21.969999313354492,21.969999313354492,2032,0.0,0.0,0.0
2024-02-13 15:30:00-05:00,21.8799991607666,21.88920021057129,21.8799991607666,21.88920021057129,0,0.0,0.0,0.0
2024-02-14 10:30:00-05:00,21.889999389648438,21.98200035095215,21.889999389648438,21.98200035095215,5754,0.0,0.0,0.0
2024-02-14 12:30:00-05:00,21.93000030517578,21.93000030517578,21.93000030517578,21.93000030517578,9715,0.0,0.0,0.0
2024-02-14 13:30:00-05:00,21.969999313354492,21.969999313354492,21.899999618530273,21.90999984741211,7959,0.0,0.0,0.0
2024-02-14 14:30:00-05:00,21.940000534057617,21.959999084472656,21.940000534057617,21.940000534057617,1465,0.0,0.0,0.0
2024-02-14 15:30:00-05:00,21.920000076293945,21.987300872802734,21.920000076293945,21.987300872802734,0,0.0,0.0,0.0
2024-02-15 10:30:00-05:00,22.170000076293945,22.17009925842285,22.170000076293945,22.17009925842285,4054,0.0,0.0,0.0
2024-02-15 12:30:00-05:00,22.399999618530273,22.399999618530273,22.399999618530273,22.399999618530273,261,0.0,0.0,0.0
2024-02-15 13:30:00-05:00,22.440000534057617,22.440000534057617,22.440000534057617,22.440000534057617,5246,0.0,0.0,0.0
2024-02-15 14:30:00-05:00,22.450000762939453,22.450000762939453,22.450000762939453,22.450000762939453,3215,0.0,0.0,0.0
2024-02-15 15:30:00-05:00,22.40999984741211,22.43000030517578,22.399999618530273,22.422500610351562,0,0.0,0.0,0.0
2024-02-16 09:30:00-05:00,22.420000076293945,22.420000076293945,22.420000076293945,22.420000076293945,342,0.0,0.0,0.0
2024-02-16 10:30:00-05:00,22.5,22.5,22.5,22.5,994,0.0,0.0,0.0
2024-02-16 15:30:00-05:00,22.579999923706055,22.610000610351562,22.579999923706055,22.610000610351562,280,0.0,0.0,0.0
2024-02-20 09:30:00-05:00,22.6299991607666,22.6299991607666,22.6299991607666,22.6299991607666,0,0.0,0.0,0.0
2024-02-20 10:30:00-05:00,22.559999465942383,22.559999465942383,22.520000457763672,22.520000457763672,595,0.0,0.0,0.0
2024-02-20 11:30:00-05:00,22.559999465942383,22.579999923706055,22.559999465942383,22.579999923706055,13862,0.0,0.0,0.0
2024-02-20 12:30:00-05:00,22.690099716186523,22.841299057006836,22.690099716186523,22.841299057006836,522,0.0,0.0,0.0
2024-02-21 10:30:00-05:00,22.979999542236328,22.979999542236328,22.979999542236328,22.979999542236328,0,0.0,0.0,0.0
2024-02-21 11:30:00-05:00,23.010000228881836,23.010000228881836,23.010000228881836,23.010000228881836,100,0.0,0.0,0.0
2024-02-21 13:30:00-05:00,23.0,23.0,23.0,23.0,100,0.0,0.0,0.0
2024-02-21 15:30:00-05:00,22.93000030517578,22.95669937133789,22.93000030517578,22.95669937133789,0,0.0,0.0,0.0
2024-02-22 09:30:00-05:00,23.100000381469727,23.100000381469727,23.100000381469727,23.100000381469727,131,0.0,0.0,0.0
2024-02-22 10:30:00-05:00,23.10409927368164,23.10409927368164,23.10409927368164,23.10409927368164,411,0.0,0.0,0.0
2024-02-22 11:30:00-05:00,23.170000076293945,23.187000274658203,23.170000076293945,23.170000076293945,301,0.0,0.0,0.0
2024-02-22 12:30:00-05:00,23.229999542236328,23.229999542236328,23.229999542236328,23.229999542236328,184,0.0,0.0,0.0
2024-02-22 14:30:00-05:00,23.280799865722656,23.295000076293945,23.218399047851562,23.218399047851562,0,0.0,0.0,0.0
2024-02-23 10:30:00-05:00,23.360000610351562,23.3700008392334,23.360000610351562,23.3700008392334,1458,0.0,0.0,0.0
2024-02-23 11:30:00-05:00,23.350000381469727,23.3799991607666,23.350000381469727,23.3799991607666,6182,0.0,0.0,0.0
2024-02-23 13:30:00-05:00,23.329999923706055,23.360000610351562,23.284700393676758,23.284700393676758,2241,0.0,0.0,0.0
2024-02-26 09:30:00-05:00,23.149999618530273,23.149999618530273,23.149999618530273,23.149999618530273,0,0.0,0.0,0.0
2024-02-26 12:30:00-05:00,23.235000610351562,23.259899139404297,23.1299991607666,23.1299991607666,2379,0.0,0.0,0.0
2024-02-26 14:30:00-05:00,23.15999984741211,23.15999984741211,23.110000610351562,23.110000610351562,402,0.0,0.0,0.0
2024-02-26 15:30:00-05:00,23.100000381469727,23.1200008392334,23.06999969482422,23.06999969482422,1018,0.0,0.0,0.0
2024-02-27 10:30:00-05:00,23.209999084472656,23.209999084472656,23.209999084472656,23.209999084472656,2899,0.0,0.0,0.0
2024-02-27 12:30:00-05:00,23.139999389648438,23.139999389648438,23.139999389648438,23.139999389648438,1000,0.0,0.0,0.0
2024-02-27 14:30:00-05:00,23.06999969482422,23.137399673461914,23.049999237060547,23.137399673461914,0,0.0,0.0,0.0
2024-02-28 09:30:00-05:00,23.280000686645508,23.290000915527344,23.280000686645508,23.290000915527344,2856,0.0,0.0,0.0
2024-02-28 10:30:00-05:00,23.190000534057617,23.190000534057617,23.15999984741211,23.15999984741211,453,0.0,0.0,0.0
2024-02-28 12:30:00-05:00,23.0,23.0,23.0,23.0,132,0.0,0.0,0.0
2024-02-28 14:30:00-05:00,22.950000762939453,22.979999542236328,22.950000762939453,22.969999313354492,1968,0.0,0.0,0.0
2024-02-28 15:30:00-05:00,22.920000076293945,22.920000076293945,22.913400650024414,22.913400650024414,0,0.0,0.0,0.0
2024-02-29 11:30:00-05:00,23.033300399780273,23.033300399780273,23.033300399780273,23.033300399780273,129,0.0,0.0,0.0
2024-02-29 12:30:00-05:00,23.020000457763672,23.020000457763672,23.020000457763672,23.020000457763672,200,0.0,0.0,0.0
2024-02-29 14:30:00-05:00,22.969999313354492,23.029300689697266,22.969999313354492,23.029300689697266,0,0.0,0.0,0.0
2024-03-01 09:30:00-05:00,23.149999618530273,23.209999084472656,23.149999618530273,23.209999084472656,2533,0.0,0.0,0.0
2024-03-01 12:30:00-05:00,23.31999969482422,23.385000228881836,23.31999969482422,23.385000228881836,1008,0.0,0.0,0.0
2024-03-01 13:30:00-05:00,23.309999465942383,23.332000732421875,23.309999465942383,23.332000732421875,411,0.0,0.0,0.0
2024-03-04 09:30:00-05:00,23.110000610351562,23.344200134277344,23.110000610351562,23.329999923706055,0,0.0,0.0,0.0
2024-03-04 10:30:00-05:00,23.360000610351562,23.360000610351562,23.360000610351562,23.360000610351562,332,0.0,0.0,0.0
2024-03-04 11:30:00-05:00,23.3700008392334,23.3700008392334,23.350000381469727,23.350000381469727,1680,0.0,0.0,0.0
2024-03-04 15:30:00-05:00,23.290000915527344,23.297100067138672,23.290000915527344,23.297100067138672,0,0.0,0.0,0.0
2024-03-05 09:30:00-05:00,23.290000915527344,23.3799991607666,23.290000915527344,23.3799991607666,28229,0.0,0.0,0.0
2024-03-05 10:30:00-05:00,23.479999542236328,23.549999237060547,23.479999542236328,23.510000228881836,32200,0.0,0.0,0.0
2024-03-05 11:30:00-05:00,23.530000686645508,23.530000686645508,23.459999084472656,23.5,5122,0.0,0.0,0.0
2024-03-05 12:30:00-05:00,23.540000915527344,23.58989906311035,23.540000915527344,23.58989906311035,2025,0.0,0.0,0.0
2024-03-05 14:30:00-05:00,23.489999771118164,23.489999771118164,23.440000534057617,23.440000534057617,300,0.0,0.0,0.0
2024-03-05 15:30:00-05:00,23.440000534057617,23.472400665283203,23.440000534057617,23.472400665283203,0,0.0,0.0,0.0
2024-03-06 09:30:00-05:00,23.729999542236328,23.729999542236328,23.65999984741211,23.68000030517578,1932,0.0,0.0,0.0
2024-03-06 11:30:00-05:00,23.780000686645508,23.790000915527344,23.780000686645508,23.790000915527344,396,0.0,0.0,0.0
2024-03-06 14:30:00-05:00,23.710100173950195,23.760000228881836,23.710100173950195,23.760000228881836,1814,0.0,0.0,0.0
2024-03-06 15:30:00-05:00,23.760000228881836,23.760000228881836,23.75779914855957,23.75779914855957,100,0.0,0.0,0.0
2024-03-07 09:30:00-05:00,23.90999984741211,23.90999984741211,23.770000457763672,23.864299774169922,0,0.0,0.0,0.0
2024-03-07 10:30:00-05:00,23.799999237060547,23.799999237060547,23.790000915527344,23.790000915527344,274,0.0,0.0,0.0
2024-03-07 11:30:00-05:00,23.770000457763672,23.770000457763672,23.760000228881836,23.760000228881836,12273,0.0,0.0,0.0
2024-03-07 12:30:00-05:00,23.809900283813477,23.809900283813477,23.770000457763672,23.770000457763672,582,0.0,0.0,0.0
2024-03-07 13:30:00-05:00,23.770000457763672,23.790000915527344,23.736600875854492,23.736600875854492,10561,0.0,0.0,0.0
2024-03-07 14:30:00-05:00,23.684999465942383,23.684999465942383,23.68000030517578,23.68000030517578,280,0.0,0.0,0.0
2024-03-07 15:30:00-05:00,23.729999542236328,23.729999542236328,23.729999542236328,23.729999542236328,0,0.0,0.0,0.0
2024-03-08 09:30:00-05:00,23.587600708007812,23.587600708007812,23.549999237060547,23.549999237060547,393,0.0,0.0,0.0
2024-03-08 10:30:00-05:00,23.56999969482422,23.600000381469727,23.56999969482422,23.600000381469727,399,0.0,0.0,0.0
2024-03-08 11:30:00-05:00,23.53499984741211,23.53499984741211,23.53499984741211,23.53499984741211,308,0.0,0.0,0.0
2024-03-08 12:30:00-05:00,23.540000915527344,23.540000915527344,23.510000228881836,23.510000228881836,305,0.0,0.0,0.0
2024-03-08 13:30:00-05:00,23.459999084472656,23.459999084472656,23.459999084472656,23.459999084472656,119,0.0,0.0,0.0
2024-03-08 14:30:00-05:00,23.524599075317383,23.524599075317383,23.524599075317383,23.524599075317383,100,0.0,0.0,0.0
2024-03-08 15:30:00-05:00,23.530000686645508,23.540000915527344,23.518800735473633,23.518800735473633,600,0.0,0.0,0.0
2024-03-11 10:30:00-04:00,23.459999084472656,23.459999084472656,23.459999084472656,23.459999084472656,686,0.0,0.0,0.0
2024-03-11 12:30:00-04:00,23.530000686645508,23.530000686645508,23.530000686645508,23.530000686645508,3489,0.0,0.0,0.0
2024-03-11 13:30:00-04:00,23.520000457763672,23.520099639892578,23.510000228881836,23.520000457763672,4194,0.0,0.0,0.0
2024-03-11 14:30:00-04:00,23.59000015258789,23.59000015258789,23.57670021057129,23.57670021057129,0,0.0,0.0,0.0
2024-03-12 10:30:00-04:00,23.59469985961914,23.59469985961914,23.59469985961914,23.59469985961914,100,0.0,0.0,0.0
2024-03-12 11:30:00-04:00,23.639999389648438,23.639999389648438,23.639999389648438,23.639999389648438,18077,0.0,0.0,0.0
2024-03-12 12:30:00-04:00,23.68000030517578,23.700000762939453,23.6200008392334,23.6200008392334,58490,0.0,0.0,0.0
2024-03-12 13:30:00-04:00,23.6200008392334,23.6200008392334,23.6200008392334,23.6200008392334,139,0.0,0.0,0.0
2024-03-12 15:30:00-04:00,23.700000762939453,23.700000762939453,23.65999984741211,23.67060089111328,0,0.0,0.0,0.0
2024-03-13 10:30:00-04:00,23.760000228881836,23.780000686645508,23.760000228881836,23.780000686645508,20140,0.0,0.0,0.0
2024-03-13 12:30:00-04:00,23.770000457763672,23.770000457763672,23.770000457763672,23.770000457763672,9374,0.0,0.0,0.0
2024-03-13 13:30:00-04:00,23.719999313354492,23.719999313354492,23.719999313354492,23.719999313354492,1785,0.0,0.0,0.0
2024-03-13 14:30:00-04:00,23.690000534057617,23.690000534057617,23.690000534057617,23.690000534057617,2279,0.0,0.0,0.0
2024-03-13 15:30:00-04:00,23.709999084472656,23.719999313354492,23.690000534057617,23.700000762939453,0,0.0,0.0,0.0
2024-03-14 09:30:00-04:00,23.510000228881836,23.510000228881836,23.479999542236328,23.479999542236328,7979,0.0,0.0,0.0
2024-03-14 11:30:00-04:00,23.40999984741211,23.42959976196289,23.40999984741211,23.42959976196289,8566,0.0,0.0,0.0
2024-03-14 12:30:00-04:00,23.360000610351562,23.360000610351562,23.360000610351562,23.360000610351562,100,0.0,0.0,0.0
2024-03-14 13:30:00-04:00,23.3700008392334,23.3700008392334,23.3700008392334,23.3700008392334,5276,0.0,0.0,0.0
2024-03-14 14:30:00-04:00,23.299999237060547,23.34000015258789,23.299999237060547,23.33989906311035,961,0.0,0.0,0.0
2024-03-14 15:30:00-04:00,23.309999465942383,23.31999969482422,23.309999465942383,23.31999969482422,0,0.0,0.0,0.0
2024-03-15 15:30:00-04:00,23.520000457763672,23.579999923706055,23.5,23.56999969482422,34864,0.0,0.0,0.0
2024-03-18 13:30:00-04:00,23.604000091552734,23.604000091552734,23.604000091552734,23.604000091552734,0,0.0,0.0,0.0
2024-03-18 14:30:00-04:00,23.660400390625,23.660400390625,23.651399612426758,23.651399612426758,0,0.0,0.0,0.0
2024-03-19 09:30:00-04:00,23.790000915527344,23.790000915527344,23.739999771118164,23.760000228881836,62058,0.0,0.0,0.0
2024-03-19 10:30:00-04:00,23.785400390625,23.785400390625,23.785400390625,23.785400390625,842,0.0,0.0,0.0
2024-03-19 11:30:00-04:00,23.760000228881836,23.760000228881836,23.739999771118164,23.739999771118164,829,0.0,0.0,0.0
2024-03-19 12:30:00-04:00,23.770000457763672,23.81999969482422,23.770000457763672,23.81999969482422,43339,0.0,0.0,0.0
2024-03-19 13:30:00-04:00,23.799999237060547,23.81999969482422,23.790000915527344,23.799999237060547,2500,0.0,0.0,0.0
2024-03-19 14:30:00-04:00,23.809999465942383,23.850000381469727,23.799999237060547,23.81999969482422,16089,0.0,0.0,0.0
2024-03-19 15:30:00-04:00,23.829999923706055,23.8799991607666,23.826200485229492,23.8799991607666,28610,0.0,0.0,0.0
2024-03-20 09:30:00-04:00,23.59000015258789,23.84000015258789,23.59000015258789,23.84000015258789,0,0.0,0.0,0.0
2024-03-20 10:30:00-04:00,23.889999389648438,23.899999618530273,23.8799991607666,23.899999618530273,102738,0.0,0.0,0.0
2024-03-20 11:30:00-04:00,23.93000030517578,23.93000030517578,23.899999618530273,23.93000030517578,16091,0.0,0.0,0.0
2024-03-20 12:30:00-04:00,23.940000534057617,23.950000762939453,23.940000534057617,23.950000762939453,2273,0.0,0.0,0.0
2024-03-20 13:30:00-04:00,23.90999984741211,23.90999984741211,23.899999618530273,23.899999618530273,4460,0.0,0.0,0.0
2024-03-20 14:30:00-04:00,23.90999984741211,23.969999313354492,23.90999984741211,23.940000534057617,5016,0.0,0.0,0.0
2024-03-20 15:30:00-04:00,23.989999771118164,24.040000915527344,23.959999084472656,24.040000915527344,0,0.0,0.0,0.0
2024-03-21 09:30:00-04:00,24.219999313354492,24.219999313354492,24.075000762939453,24.075000762939453,1693,0.0,0.0,0.0
2024-03-21 10:30:00-04:00,23.9950008392334,24.030000686645508,23.9950008392334,24.020000457763672,52044,0.0,0.0,0.0
2024-03-21 11:30:00-04:00,24.020000457763672,24.020000457763672,24.020000457763672,24.020000457763672,15446,0.0,0.0,0.0
2024-03-21 13:30:00-04:00,24.020000457763672,24.06999969482422,24.020000457763672,24.06999969482422,2802,0.0,0.0,0.0
2024-03-21 15:30:00-04:00,24.07900047302246,24.09000015258789,24.030000686645508,24.09000015258789,0,0.0,0.0,0.0
2024-03-22 09:30:00-04:00,23.969999313354492,23.969999313354492,23.897499084472656,23.897499084472656,5351,0.0,0.0,0.0
2024-03-22 10:30:00-04:00,23.959999084472656,23.959999084472656,23.920000076293945,23.920000076293945,46137,0.0,0.0,0.0
2024-03-22 11:30:00-04:00,23.920000076293945,23.920000076293945,23.90999984741211,23.920000076293945,446,0.0,0.0,0.0
2024-03-22 12:30:00-04:00,23.850000381469727,23.899999618530273,23.850000381469727,23.899999618530273,1884,0.0,0.0,0.0
2024-03-22 13:30:00-04:00,23.899999618530273,23.899999618530273,23.8700008392334,23.8700008392334,14120,0.0,0.0,0.0
2024-03-22 15:30:00-04:00,23.8799991607666,23.889999389648438,23.850000381469727,23.850000381469727,842,0.0,0.0,0.0
2024-03-25 09:30:00-04:00,24.082700729370117,24.082700729370117,24.079999923706055,24.079999923706055,0,0.0,0.0,0.0
2024-03-25 10:30:00-04:00,23.950000762939453,23.950000762939453,23.8799991607666,23.915000915527344,4214,0.0,0.0,0.0
2024-03-25 11:30:00-04:00,23.93000030517578,23.93000030517578,23.920000076293945,23.92259979248047,4812,0.0,0.0,0.0
2024-03-25 13:30:00-04:00,23.885000228881836,23.885000228881836,23.8700008392334,23.8700008392334,1102,0.0,0.0,0.0
2024-03-25 14:30:00-04:00,23.8700008392334,23.8700008392334,23.8700008392334,23.8700008392334,7959,0.0,0.0,0.0
2024-03-25 15:30:00-04:00,23.84000015258789,23.84000015258789,23.8080997467041,23.8080997467041,0,0.0,0.0,0.0
2024-03-26 09:30:00-04:00,23.670000076293945,23.809999465942383,23.670000076293945,23.809999465942383,1189,0.0,0.0,0.0
2024-03-26 12:30:00-04:00,23.770000457763672,23.770000457763672,23.770000457763672,23.770000457763672,208,0.0,0.0,0.0
2024-03-26 14:30:00-04:00,23.770000457763672,23.799999237060547,23.75,23.785400390625,0,0.0,0.0,0.0
2024-03-27 09:30:00-04:00,23.889999389648438,23.899999618530273,23.889999389648438,23.899999618530273,1450,0.0,0.0,0.0
2024-03-27 10:30:00-04:00,23.84000015258789,23.90999984741211,23.84000015258789,23.90999984741211,1879,0.0,0.0,0.0
2024-03-27 11:30:00-04:00,23.850000381469727,23.850000381469727,23.850000381469727,23.850000381469727,180,0.0,0.0,0.0
2024-03-27 12:30:00-04:00,23.864999771118164,23.8700008392334,23.85569953918457,23.85569953918457,1257,0.0,0.0,0.0
2024-03-27 14:30:00-04:00,23.850000381469727,23.850000381469727,23.850000381469727,23.850000381469727,6137,0.0,0.0,0.0
2024-03-27 15:30:00-04:00,23.850000381469727,23.87980079650879,23.850000381469727,23.87980079650879,20757,0.0,0.0,0.0
2024-03-28 09:30:00-04:00,23.8799991607666,23.8799991607666,23.8799991607666,23.8799991607666,0,0.0,0.0,0.0
2024-03-28 10:30:00-04:00,23.920000076293945,23.920000076293945,23.920000076293945,23.920000076293945,0,0.0,0.0,0.0
2024-03-28 12:30:00-04:00,24.040000915527344,24.06999969482422,24.040000915527344,24.06999969482422,7238,0.0,0.0,0.0
2024-03-28 13:30:00-04:00,24.110000610351562,24.146299362182617,24.0802001953125,24.146299362182617,2529,0.0,0.0,0.0
2024-04-01 09:30:00-04:00,24.139999389648438,24.139999389648438,24.139999389648438,24.139999389648438,0,0.0,0.0,0.0
2024-04-01 10:30:00-04:00,24.181100845336914,24.181100845336914,24.181100845336914,24.181100845336914,900,0.0,0.0,0.0
2024-04-01 11:30:00-04:00,24.170000076293945,24.180099487304688,24.170000076293945,24.180099487304688,1304,0.0,0.0,0.0
2024-04-01 12:30:00-04:00,24.200000762939453,24.20009994506836,24.200000762939453,24.200000762939453,630,0.0,0.0,0.0
2024-04-01 15:30:00-04:00,24.139999389648438,24.1466007232666,24.139999389648438,24.1466007232666,0,0.0,0.0,0.0
2024-04-02 09:30:00-04:00,24.141000747680664,24.141000747680664,24.141000747680664,24.141000747680664,483,0.0,0.0,0.0
2024-04-02 10:30:00-04:00,24.239999771118164,24.25,24.239999771118164,24.25,655,0.0,0.0,0.0
2024-04-02 11:30:00-04:00,24.31999969482422,24.31999969482422,24.309999465942383,24.309999465942383,561,0.0,0.0,0.0
2024-04-02 12:30:00-04:00,24.280000686645508,24.280000686645508,24.280000686645508,24.280000686645508,516,0.0,0.0,0.0
2024-04-02 14:30:00-04:00,24.290000915527344,24.290000915527344,24.290000915527344,24.290000915527344,112,0.0,0.0,0.0
2024-04-02 15:30:00-04:00,24.299999237060547,24.36949920654297,24.299999237060547,24.349899291992188,934,0.0,0.0,0.0
2024-04-03 11:30:00-04:00,24.600000381469727,24.600000381469727,24.600000381469727,24.600000381469727,8033,0.0,0.0,0.0
2024-04-03 13:30:00-04:00,24.600000381469727,24.600000381469727,24.600000381469727,24.600000381469727,201,0.0,0.0,0.0
2024-04-03 14:30:00-04:00,24.549999237060547,24.549999237060547,24.549999237060547,24.549999237060547,1016,0.0,0.0,0.0
2024-04-03 15:30:00-04:00,24.56999969482422,24.56999969482422,24.549999237060547,24.557100296020508,0,0.0,0.0,0.0
2024-04-04 10:30:00-04:00,24.690000534057617,24.710500717163086,24.690000534057617,24.710500717163086,1177,0.0,0.0,0.0
2024-04-04 13:30:00-04:00,24.73200035095215,24.73200035095215,24.73200035095215,24.73200035095215,689,0.0,0.0,0.0
2024-04-04 14:30:00-04:00,24.639999389648438,24.65999984741211,24.48900032043457,24.48900032043457,0,0.0,0.0,0.0
2024-04-05 09:30:00-04:00,24.270000457763672,24.270000457763672,24.270000457763672,24.270000457763672,285,0.0,0.0,0.0
2024-04-05 10:30:00-04:00,24.34000015258789,24.440000534057617,24.34000015258789,24.439899444580078,7779,0.0,0.0,0.0
2024-04-05 11:30:00-04:00,24.420000076293945,24.420000076293945,24.420000076293945,24.420000076293945,555,0.0,0.0,0.0
2024-04-05 12:30:00-04:00,24.43079948425293,24.43079948425293,24.43079948425293,24.43079948425293,562,0.0,0.0,0.0
2024-04-05 13:30:00-04:00,24.434999465942383,24.434999465942383,24.434999465942383,24.434999465942383,607,0.0,0.0,0.0
2024-04-05 15:30:00-04:00,24.3799991607666,24.3799991607666,24.3799991607666,24.3799991607666,1509,0.0,0.0,0.0
2024-04-08 09:30:00-04:00,24.389999389648438,24.399900436401367,24.36009979248047,24.36009979248047,0,0.0,0.0,0.0
2024-04-08 10:30:00-04:00,24.409400939941406,24.409400939941406,24.380800247192383,24.380800247192383,660,0.0,0.0,0.0
2024-04-08 14:30:00-04:00,24.399999618530273,24.436500549316406,24.399999618530273,24.436500549316406,2183,0.0,0.0,0.0
2024-04-08 15:30:00-04:00,24.40999984741211,24.40999984741211,24.366500854492188,24.366500854492188,0,0.0,0.0,0.0
2024-04-09 09:30:00-04:00,24.350000381469727,24.469999313354492,24.350000381469727,24.420000076293945,4955,0.0,0.0,0.0
2024-04-09 10:30:00-04:00,24.25,24.25,24.25,24.25,180,0.0,0.0,0.0
2024-04-09 11:30:00-04:00,24.27989959716797,24.27989959716797,24.219999313354492,24.219999313354492,4307,0.0,0.0,0.0
2024-04-09 12:30:00-04:00,24.229999542236328,24.239999771118164,24.164400100708008,24.190000534057617,30418,0.0,0.0,0.0
2024-04-09 13:30:00-04:00,24.1200008392334,24.1200008392334,24.09000015258789,24.09000015258789,346,0.0,0.0,0.0
2024-04-09 15:30:00-04:00,24.1200008392334,24.170000076293945,24.1200008392334,24.166900634765625,0,0.0,0.0,0.0
2024-04-10 10:30:00-04:00,24.1200008392334,24.1200008392334,24.030000686645508,24.100000381469727,3694,0.0,0.0,0.0
2024-04-10 12:30:00-04:00,24.014999389648438,24.039899826049805,23.920000076293945,23.920000076293945,5068,0.0,0.0,0.0
2024-04-10 15:30:00-04:00,23.93000030517578,23.93000030517578,23.915599822998047,23.915599822998047,0,0.0,0.0,0.0
2024-04-11 09:30:00-04:00,23.399999618530273,23.399999618530273,23.360000610351562,23.360000610351562,255,0.0,0.0,0.0
2024-04-11 10:30:00-04:00,23.379199981689453,23.3799991607666,23.360000610351562,23.360000610351562,2555,0.0,0.0,0.0
2024-04-11 11:30:00-04:00,23.3700008392334,23.3700008392334,23.329999923706055,23.329999923706055,682,0.0,0.0,0.0
2024-04-11 12:30:00-04:00,23.40999984741211,23.40999984741211,23.40999984741211,23.40999984741211,223,0.0,0.0,0.0
2024-04-11 14:30:00-04:00,23.43000030517578,23.440000534057617,23.43000030517578,23.440000534057617,645,0.0,0.0,0.0
2024-04-11 15:30:00-04:00,23.5,23.510000228881836,23.5,23.50749969482422,0,0.0,0.0,0.0
2024-04-12 09:30:00-04:00,23.760000228881836,23.760000228881836,23.760000228881836,23.760000228881836,321,0.0,0.0,0.0
2024-04-12 10:30:00-04:00,23.619600296020508,23.619600296020508,23.619600296020508,23.619600296020508,1726,0.0,0.0,0.0
2024-04-12 13:30:00-04:00,23.350000381469727,23.350000381469727,23.350000381469727,23.350000381469727,121,0.0,0.0,0.0
2024-04-12 15:30:00-04:00,23.239999771118164,23.239999771118164,23.190000534057617,23.190000534057617,711,0.0,0.0,0.0
2024-04-15 09:30:00-04:00,23.209999084472656,23.209999084472656,23.170000076293945,23.170000076293945,0,0.0,0.0,0.0
2024-04-15 13:30:00-04:00,23.0,23.0,22.959999084472656,22.959999084472656,418,0.0,0.0,0.0
2024-04-15 14:30:00-04:00,22.916500091552734,22.916500091552734,22.916500091552734,22.916500091552734,220,0.0,0.0,0.0
2024-04-15 15:30:00-04:00,22.81999969482422,22.860000610351562,22.81999969482422,22.8341007232666,0,0.0,0.0,0.0
2024-04-16 10:30:00-04:00,22.590099334716797,22.6200008392334,22.590099334716797,22.6200008392334,1720,0.0,0.0,0.0
2024-04-16 13:30:00-04:00,22.6200008392334,22.6200008392334,22.6200008392334,22.6200008392334,100,0.0,0.0,0.0
2024-04-16 14:30:00-04:00,22.590999603271484,22.649999618530273,22.59000015258789,22.649999618530273,2848,0.0,0.0,0.0
2024-04-16 15:30:00-04:00,22.670000076293945,22.68000030517578,22.643299102783203,22.643299102783203,0,0.0,0.0,0.0
2024-04-17 15:30:00-04:00,22.875,22.910900115966797,22.875,22.910900115966797,78,0.0,0.0,0.0
2024-04-18 10:30:00-04:00,23.149999618530273,23.150100708007812,23.149999618530273,23.150100708007812,934,0.0,0.0,0.0
2024-04-18 11:30:00-04:00,23.161800384521484,23.188199996948242,23.161800384521484,23.162599563598633,1091,0.0,0.0,0.0
2024-04-18 12:30:00-04:00,23.25950050354004,23.25950050354004,23.219999313354492,23.219999313354492,4362,0.0,0.0,0.0
2024-04-18 13:30:00-04:00,23.059999465942383,23.059999465942383,23.059999465942383,23.059999465942383,213,0.0,0.0,0.0
2024-04-18 14:30:00-04:00,23.030000686645508,23.040000915527344,23.030000686645508,23.040000915527344,550,0.0,0.0,0.0
2024-04-18 15:30:00-04:00,23.049999237060547,23.1200008392334,23.049999237060547,23.10580062866211,3338,0.0,0.0,0.0
2024-04-19 09:30:00-04:00,22.90999984741211,22.90999984741211,22.90999984741211,22.90999984741211,0,0.0,0.0,0.0
2024-04-19 12:30:00-04:00,23.493200302124023,23.493200302124023,23.493200302124023,23.493200302124023,983,0.0,0.0,0.0
2024-04-19 14:30:00-04:00,23.389999389648438,23.389999389648438,23.389999389648438,23.389999389648438,379,0.0,0.0,0.0
2024-04-19 15:30:00-04:00,23.440000534057617,23.454599380493164,23.440000534057617,23.44420051574707,366,0.0,0.0,0.0
2024-04-22 09:30:00-04:00,23.399999618530273,23.399999618530273,23.399999618530273,23.399999618530273,1718,0.0,0.0,0.0
2024-04-22 10:30:00-04:00,23.520000457763672,23.530000686645508,23.520000457763672,23.520000457763672,2920,0.0,0.0,0.0
2024-04-22 11:30:00-04:00,23.500900268554688,23.500900268554688,23.500900268554688,23.500900268554688,597,0.0,0.0,0.0
2024-04-22 12:30:00-04:00,23.579999923706055,23.579999923706055,23.540000915527344,23.54010009765625,2000,0.0,0.0,0.0
2024-04-22 13:30:00-04:00,23.600000381469727,23.600000381469727,23.600000381469727,23.600000381469727,1063,0.0,0.0,0.0
2024-04-22 14:30:00-04:00,23.559999465942383,23.59510040283203,23.54210090637207,23.54210090637207,0,0.0,0.0,0.0
2024-04-23 09:30:00-04:00,23.649999618530273,23.649999618530273,23.649999618530273,23.649999618530273,114,0.0,0.0,0.0
2024-04-23 10:30:00-04:00,23.68000030517578,23.719999313354492,23.68000030517578,23.719999313354492,882,0.0,0.0,0.0
2024-04-23 11:30:00-04:00,23.729999542236328,23.75,23.729999542236328,23.75,200,0.0,0.0,0.0
2024-04-23 12:30:00-04:00,23.760000228881836,23.770000457763672,23.75,23.770000457763672,300,0.0,0.0,0.0
2024-04-23 13:30:00-04:00,23.725000381469727,23.725000381469727,23.700000762939453,23.700000762939453,686,0.0,0.0,0.0
2024-04-23 14:30:00-04:00,23.700000762939453,23.719999313354492,23.649999618530273,23.653799057006836,0,0.0,0.0,0.0
2024-04-24 10:30:00-04:00,23.56999969482422,23.56999969482422,23.56999969482422,23.56999969482422,8196,0.0,0.0,0.0
2024-04-24 12:30:00-04:00,23.579999923706055,23.579999923706055,23.579999923706055,23.579999923706055,101,0.0,0.0,0.0
2024-04-24 13:30:00-04:00,23.669599533081055,23.709999084472656,23.65999984741211,23.65999984741211,1191,0.0,0.0,0.0
2024-04-24 14:30:00-04:00,23.677499771118164,23.758100509643555,23.65999984741211,23.758100509643555,2832,0.0,0.0,0.0
2024-04-24 15:30:00-04:00,23.75,23.790700912475586,23.75,23.790700912475586,0,0.0,0.0,0.0
2024-04-25 09:30:00-04:00,23.649999618530273,23.649999618530273,23.649999618530273,23.649999618530273,168,0.0,0.0,0.0
2024-04-25 11:30:00-04:00,23.649999618530273,23.729900360107422,23.649999618530273,23.729900360107422,2076,0.0,0.0,0.0
2024-04-25 13:30:00-04:00,23.729999542236328,23.73200035095215,23.729999542236328,23.73200035095215,0,0.0,0.0,0.0
2024-04-26 10:30:00-04:00,23.700000762939453,23.700000762939453,23.700000762939453,23.700000762939453,304,0.0,0.0,0.0
2024-04-26 14:30:00-04:00,23.739999771118164,23.765399932861328,23.739999771118164,23.765399932861328,4000,0.0,0.0,0.0
2024-04-29 09:30:00-04:00,23.81999969482422,23.81999969482422,23.81999969482422,23.81999969482422,0,0.0,0.0,0.0
2024-04-29 14:30:00-04:00,23.809999465942383,23.884199142456055,23.809999465942383,23.884199142456055,0,0.0,0.0,0.0
2024-04-30 09:30:00-04:00,23.790000915527344,23.799999237060547,23.790000915527344,23.799999237060547,722,0.0,0.0,0.0
2024-04-30 10:30:00-04:00,23.700000762939453,23.70009994506836,23.43630027770996,23.43630027770996,0,0.0,0.0,0.0
2024-05-01 10:30:00-04:00,23.190000534057617,23.190099716186523,23.190000534057617,23.190099716186523,397,0.0,0.0,0.0
2024-05-01 14:30:00-04:00,23.189899444580078,23.360000610351562,23.189899444580078,23.280099868774414,501,0.0,0.0,0.0
2024-05-01 15:30:00-04:00,23.235000610351562,23.235000610351562,23.209199905395508,23.209199905395508,147,0.0,0.0,0.0
2024-05-02 09:30:00-04:00,23.270000457763672,23.270099639892578,23.270000457763672,23.270099639892578,0,0.0,0.0,0.0
2024-05-02 10:30:00-04:00,23.420000076293945,23.420000076293945,23.3799991607666,23.389999389648438,1235,0.0,0.0,0.0
2024-05-02 11:30:00-04:00,23.3799991607666,23.3799991607666,23.3799991607666,23.3799991607666,1074,0.0,0.0,0.0
2024-05-02 12:30:00-04:00,23.399999618530273,23.422399520874023,23.399999618530273,23.422399520874023,0,0.0,0.0,0.0
2024-05-03 09:30:00-04:00,23.59000015258789,23.600000381469727,23.59000015258789,23.600000381469727,599,0.0,0.0,0.0
2024-05-03 11:30:00-04:00,23.590499877929688,23.590499877929688,23.590499877929688,23.590499877929688,218,0.0,0.0,0.0
2024-05-03 15:30:00-04:00,23.649999618530273,23.66010093688965,23.649999618530273,23.66010093688965,223,0.0,0.0,0.0
2024-05-06 09:30:00-04:00,23.670000076293945,23.809999465942383,23.670000076293945,23.809999465942383,0,0.0,0.0,0.0
2024-05-06 10:30:00-04:00,23.690000534057617,23.690000534057617,23.690000534057617,23.690000534057617,801,0.0,0.0,0.0
2024-05-06 11:30:00-04:00,23.75,23.760000228881836,23.75,23.760000228881836,734,0.0,0.0,0.0
2024-05-06 12:30:00-04:00,23.649999618530273,23.649999618530273,23.649999618530273,23.649999618530273,257,0.0,0.0,0.0
2024-05-06 14:30:00-04:00,23.700000762939453,23.73150062561035,23.690000534057617,23.73150062561035,0,0.0,0.0,0.0
2024-05-07 09:30:00-04:00,23.829999923706055,23.829999923706055,23.829999923706055,23.829999923706055,10536,0.0,0.0,0.0
2024-05-07 10:30:00-04:00,23.739999771118164,23.739999771118164,23.739999771118164,23.739999771118164,3749,0.0,0.0,0.0
2024-05-07 12:30:00-04:00,23.83970069885254,23.84119987487793,23.81999969482422,23.84119987487793,652,0.0,0.0,0.0
2024-05-08 09:30:00-04:00,23.829200744628906,23.829200744628906,23.829200744628906,23.829200744628906,0,0.0,0.0,0.0
2024-05-08 13:30:00-04:00,23.8799991607666,23.90999984741211,23.8799991607666,23.90999984741211,7730,0.0,0.0,0.0
2024-05-08 15:30:00-04:00,23.920000076293945,23.97439956665039,23.899999618530273,23.97439956665039,0,0.0,0.0,0.0
2024-05-09 10:30:00-04:00,24.1299991607666,24.1299991607666,24.129899978637695,24.129899978637695,828,0.0,0.0,0.0
2024-05-09 11:30:00-04:00,24.094999313354492,24.094999313354492,24.094999313354492,24.094999313354492,215,0.0,0.0,0.0
2024-05-09 14:30:00-04:00,24.010000228881836,24.010099411010742,24.010000228881836,24.010099411010742,294,0.0,0.0,0.0
2024-05-09 15:30:00-04:00,24.03499984741211,24.061399459838867,24.03499984741211,24.061399459838867,0,0.0,0.0,0.0
2024-05-10 12:30:00-04:00,23.8799991607666,23.8799991607666,23.8799991607666,23.8799991607666,135,0.0,0.0,0.0
2024-05-10 13:30:00-04:00,23.8799991607666,23.8799991607666,23.799999237060547,23.800100326538086,1129,0.0,0.0,0.0
2024-05-10 14:30:00-04:00,23.809999465942383,23.894899368286133,23.809999465942383,23.894899368286133,5525,0.0,0.0,0.0
2024-05-13 09:30:00-04:00,23.989999771118164,23.989999771118164,23.979999542236328,23.979999542236328,0,0.0,0.0,0.0
2024-05-13 12:30:00-04:00,23.84000015258789,23.84000015258789,23.799999237060547,23.799999237060547,2730,0.0,0.0,0.0
2024-05-13 13:30:00-04:00,23.790000915527344,23.790000915527344,23.789899826049805,23.789899826049805,296,0.0,0.0,0.0
2024-05-13 15:30:00-04:00,23.640100479125977,23.641000747680664,23.640100479125977,23.641000747680664,0,0.0,0.0,0.0
2024-05-14 09:30:00-04:00,23.729999542236328,23.729999542236328,23.700000762939453,23.700000762939453,2929,0.0,0.0,0.0
2024-05-14 12:30:00-04:00,23.670000076293945,23.670000076293945,23.670000076293945,23.670000076293945,386,0.0,0.0,0.0
2024-05-14 15:30:00-04:00,23.8799991607666,23.8799991607666,23.8799991607666,23.8799991607666,0,0.0,0.0,0.0
2024-05-15 10:30:00-04:00,23.770000457763672,23.799999237060547,23.770000457763672,23.799999237060547,1745,0.0,0.0,0.0
2024-05-15 11:30:00-04:00,23.770000457763672,23.770000457763672,23.770000457763672,23.770000457763672,4490,0.0,0.0,0.0
2024-05-15 13:30:00-04:00,23.790000915527344,23.845199584960938,23.790000915527344,23.845199584960938,0,0.0,0.0,0.0
2024-05-16 10:30:00-04:00,23.860000610351562,23.889999389648438,23.850000381469727,23.889999389648438,6272,0.0,0.0,0.0
2024-05-16 11:30:00-04:00,23.899999618530273,23.899999618530273,23.717500686645508,23.717500686645508,209,0.0,0.0,0.0
2024-05-17 09:30:00-04:00,23.579999923706055,23.670000076293945,23.579999923706055,23.670000076293945,0,0.0,0.0,0.0
2024-05-17 10:30:00-04:00,23.68000030517578,23.68000030517578,23.610000610351562,23.610200881958008,1145,0.0,0.0,0.0
2024-05-17 14:30:00-04:00,23.921600341796875,23.949899673461914,23.921600341796875,23.949899673461914,624,0.0,0.0,0.0
2024-05-17 15:30:00-04:00,23.90999984741211,23.949600219726562,23.90999984741211,23.949600219726562,1870,0.0,0.0,0.0
2024-05-20 09:30:00-04:00,23.950000762939453,24.020099639892578,23.940000534057617,24.020099639892578,4874,0.0,0.0,0.0
2024-05-20 11:30:00-04:00,24.08530044555664,24.119600296020508,24.08530044555664,24.119600296020508,0,0.0,0.0,0.0
2024-05-21 09:30:00-04:00,24.06999969482422,24.100000381469727,24.06999969482422,24.100000381469727,7981,0.0,0.0,0.0
2024-05-21 10:30:00-04:00,24.100000381469727,24.100000381469727,24.100000381469727,24.100000381469727,2089,0.0,0.0,0.0
2024-05-21 13:30:00-04:00,24.059999465942383,24.059999465942383,24.059999465942383,24.059999465942383,7000,0.0,0.0,0.0
2024-05-21 15:30:00-04:00,23.989999771118164,23.989999771118164,23.989999771118164,23.989999771118164,100,0.0,0.0,0.0
2024-05-22 09:30:00-04:00,23.860599517822266,23.860599517822266,23.860599517822266,23.860599517822266,0,0.0,0.0,0.0
2024-05-22 10:30:00-04:00,23.770000457763672,23.770000457763672,23.75,23.75,1107,0.0,0.0,0.0
2024-05-22 11:30:00-04:00,23.739999771118164,23.739999771118164,23.729999542236328,23.729999542236328,625,0.0,0.0,0.0
2024-05-22 12:30:00-04:00,23.739999771118164,23.739999771118164,23.739999771118164,23.739999771118164,100,0.0,0.0,0.0
2024-05-22 13:30:00-04:00,23.690000534057617,23.690000534057617,23.61590003967285,23.61590003967285,0,0.0,0.0,0.0
2024-05-23 09:30:00-04:00,23.889999389648438,23.889999389648438,23.889999389648438,23.889999389648438,308,0.0,0.0,0.0
2024-05-23 12:30:00-04:00,23.530000686645508,23.530000686645508,23.530000686645508,23.530000686645508,192,0.0,0.0,0.0
2024-05-23 15:30:00-04:00,23.3700008392334,23.3700008392334,23.3700008392334,23.3700008392334,100,0.0,0.0,0.0
2024-05-24 09:30:00-04:00,23.579999923706055,23.579999923706055,23.34000015258789,23.34000015258789,0,0.0,0.0,0.0
2024-05-24 11:30:00-04:00,23.3700008392334,23.3700008392334,23.3700008392334,23.3700008392334,200,0.0,0.0,0.0
2024-05-24 12:30:00-04:00,23.353700637817383,23.353700637817383,23.353700637817383,23.353700637817383,268,0.0,0.0,0.0
2024-05-24 13:30:00-04:00,23.34000015258789,23.358999252319336,23.34000015258789,23.350000381469727,3505,0.0,0.0,0.0
2024-05-24 14:30:00-04:00,23.350000381469727,23.350000381469727,23.34000015258789,23.34000015258789,300,0.0,0.0,0.0
2024-05-24 15:30:00-04:00,23.358999252319336,23.3799991607666,23.358999252319336,23.3799991607666,1051,0.0,0.0,0.0
2024-05-28 13:30:00-04:00,23.350000381469727,23.350000381469727,23.350000381469727,23.350000381469727,100,0.0,0.0,0.0
2024-05-28 14:30:00-04:00,23.31760025024414,23.31760025024414,23.31760025024414,23.31760025024414,300,0.0,0.0,0.0
2024-05-28 15:30:00-04:00,23.450000762939453,23.45639991760254,23.450000762939453,23.45639991760254,500,0.0,0.0,0.0
2024-05-29 09:30:00-04:00,23.309999465942383,23.350000381469727,23.309999465942383,23.350000381469727,5065,0.0,0.0,0.0
2024-05-29 12:30:00-04:00,23.290000915527344,23.290000915527344,23.290000915527344,23.290000915527344,204,0.0,0.0,0.0
2024-05-29 15:30:00-04:00,23.290000915527344,23.309999465942383,23.290000915527344,23.309999465942383,0,0.0,0.0,0.0
2024-05-30 10:30:00-04:00,23.190000534057617,23.219900131225586,23.170000076293945,23.170000076293945,1133,0.0,0.0,0.0
2024-05-30 13:30:00-04:00,23.209999084472656,23.209999084472656,23.209999084472656,23.209999084472656,204,0.0,0.0,0.0
2024-05-30 14:30:00-04:00,23.1200008392334,23.190000534057617,23.110000610351562,23.149999618530273,1827,0.0,0.0,0.0
2024-05-30 15:30:00-04:00,23.170000076293945,23.209999084472656,23.170000076293945,23.209999084472656,0,0.0,0.0,0.0
2024-05-31 10:30:00-04:00,23.280000686645508,23.280000686645508,23.280000686645508,23.280000686645508,0,0.0,0.0,0.0
2024-05-31 15:30:00-04:00,23.540000915527344,23.540000915527344,23.540000915527344,23.540000915527344,1107,0.0,0.0,0.0
2024-06-03 11:30:00-04:00,23.2549991607666,23.270000457763672,23.2549991607666,23.270000457763672,100,0.0,0.0,0.0
2024-06-03 12:30:00-04:00,23.229999542236328,23.229999542236328,23.229999542236328,23.229999542236328,104,0.0,0.0,0.0
2024-06-03 14:30:00-04:00,23.229999542236328,23.270000457763672,23.219999313354492,23.260000228881836,5322,0.0,0.0,0.0
2024-06-03 15:30:00-04:00,23.229999542236328,23.290000915527344,23.219600677490234,23.290000915527344,0,0.0,0.0,0.0
2024-06-04 09:30:00-04:00,23.06999969482422,23.18000030517578,23.049999237060547,23.18000030517578,3096,0.0,0.0,0.0
2024-06-04 10:30:00-04:00,23.139999389648438,23.170000076293945,23.139999389648438,23.170000076293945,626,0.0,0.0,0.0
2024-06-04 11:30:00-04:00,23.135000228881836,23.135000228881836,23.110000610351562,23.11009979248047,902,0.0,0.0,0.0
2024-06-04 12:30:00-04:00,23.150100708007812,23.174999237060547,23.149999618530273,23.174999237060547,725,0.0,0.0,0.0
2024-06-04 14:30:00-04:00,23.174999237060547,23.174999237060547,23.174999237060547,23.174999237060547,158,0.0,0.0,0.0
2024-06-04 15:30:00-04:00,23.375,23.375,23.375,23.375,0,0.0,0.0,0.0
2024-06-05 09:30:00-04:00,23.299999237060547,23.299999237060547,23.299999237060547,23.299999237060547,177,0.0,0.0,0.0
2024-06-05 12:30:00-04:00,23.420000076293945,23.440000534057617,23.399999618530273,23.40999984741211,6392,0.0,0.0,0.0
2024-06-05 13:30:00-04:00,23.440000534057617,23.459999084472656,23.399999618530273,23.459999084472656,21206,0.0,0.0,0.0
2024-06-05 15:30:00-04:00,23.559999465942383,23.559999465942383,23.558000564575195,23.558000564575195,137,0.0,0.0,0.0
2024-06-06 09:30:00-04:00,23.559999465942383,23.560100555419922,23.540000915527344,23.549999237060547,0,0.0,0.0,0.0
2024-06-06 11:30:00-04:00,23.600000381469727,23.600000381469727,23.600000381469727,23.600000381469727,100,0.0,0.0,0.0
2024-06-06 13:30:00-04:00,23.595699310302734,23.610000610351562,23.595699310302734,23.600000381469727,1270,0.0,0.0,0.0
2024-06-06 14:30:00-04:00,23.59000015258789,23.6200008392334,23.56999969482422,23.59000015258789,12293,0.0,0.0,0.0
2024-06-06 15:30:00-04:00,23.6200008392334,23.68899917602539,23.600000381469727,23.68899917602539,4800,0.0,0.0,0.0
2024-06-07 09:30:00-04:00,23.75,23.770000457763672,23.729999542236328,23.770000457763672,0,0.0,0.0,0.0
2024-06-07 12:30:00-04:00,23.770000457763672,23.770000457763672,23.719999313354492,23.719999313354492,1800,0.0,0.0,0.0
2024-06-07 15:30:00-04:00,23.739999771118164,23.739999771118164,23.739999771118164,23.739999771118164,168,0.0,0.0,0.0
2024-06-10 12:30:00-04:00,24.06999969482422,24.06999969482422,24.06999969482422,24.06999969482422,0,0.0,0.0,0.0
2024-06-10 15:30:00-04:00,24.084999084472656,24.084999084472656,24.084999084472656,24.084999084472656,0,0.0,0.0,0.0
2024-06-11 09:30:00-04:00,23.987699508666992,23.987699508666992,23.987699508666992,23.987699508666992,208,0.0,0.0,0.0
2024-06-11 10:30:00-04:00,24.039499282836914,24.039499282836914,24.039499282836914,24.039499282836914,2072,0.0,0.0,0.0
2024-06-11 11:30:00-04:00,23.989999771118164,23.989999771118164,23.984600067138672,23.984600067138672,291,0.0,0.0,0.0
2024-06-11 13:30:00-04:00,24.040000915527344,24.040000915527344,24.040000915527344,24.040000915527344,197,0.0,0.0,0.0
2024-06-11 14:30:00-04:00,23.969999313354492,23.969999313354492,23.969999313354492,23.969999313354492,685,0.0,0.0,0.0
2024-06-11 15:30:00-04:00,23.860000610351562,23.88990020751953,23.860000610351562,23.88990020751953,543,0.0,0.0,0.0
2024-06-12 09:30:00-04:00,23.959999084472656,23.959999084472656,23.8799991607666,23.8799991607666,0,0.0,0.0,0.0
2024-06-12 11:30:00-04:00,23.920000076293945,23.920000076293945,23.920000076293945,23.920000076293945,303,0.0,0.0,0.0
2024-06-12 14:30:00-04:00,23.850000381469727,23.850000381469727,23.824600219726562,23.824600219726562,476,0.0,0.0,0.0
2024-06-13 09:30:00-04:00,23.940000534057617,23.940000534057617,23.692899703979492,23.692899703979492,0,0.0,0.0,0.0
2024-06-13 12:30:00-04:00,23.700000762939453,23.709999084472656,23.700000762939453,23.700000762939453,5730,0.0,0.0,0.0
2024-06-13 13:30:00-04:00,23.75,23.75,23.75,23.75,421,0.0,0.0,0.0
2024-06-13 15:30:00-04:00,23.709999084472656,23.709999084472656,23.68000030517578,23.684999465942383,0,0.0,0.0,0.0
2024-06-14 13:30:00-04:00,23.515600204467773,23.515600204467773,23.459999084472656,23.459999084472656,590,0.0,0.0,0.0
2024-06-14 14:30:00-04:00,23.459999084472656,23.459999084472656,23.43000030517578,23.43000030517578,200,0.0,0.0,0.0
2024-06-14 15:30:00-04:00,23.40999984741211,23.476299285888672,23.40999984741211,23.476299285888672,245,0.0,0.0,0.0
2024-06-17 10:30:00-04:00,23.540000915527344,23.540000915527344,23.540000915527344,23.540000915527344,0,0.0,0.0,0.0
2024-06-17 12:30:00-04:00,23.559999465942383,23.56999969482422,23.559999465942383,23.56999969482422,265,0.0,0.0,0.0
2024-06-17 14:30:00-04:00,23.739999771118164,23.739999771118164,23.729999542236328,23.739999771118164,339,0.0,0.0,0.0
2024-06-17 15:30:00-04:00,23.665000915527344,23.665000915527344,23.65999984741211,23.65999984741211,0,0.0,0.0,0.0
2024-06-18 09:30:00-04:00,23.790000915527344,23.790000915527344,23.780000686645508,23.780000686645508,5070,0.0,0.0,0.0
2024-06-18 10:30:00-04:00,23.850000381469727,23.850000381469727,23.799999237060547,23.81999969482422,14400,0.0,0.0,0.0
2024-06-18 11:30:00-04:00,23.799999237060547,23.829999923706055,23.799999237060547,23.829999923706055,1267,0.0,0.0,0.0
2024-06-18 12:30:00-04:00,23.790000915527344,23.799999237060547,23.790000915527344,23.799999237060547,12404,0.0,0.0,0.0
2024-06-18 13:30:00-04:00,23.760000228881836,23.760000228881836,23.729999542236328,23.729999542236328,5036,0.0,0.0,0.0
2024-06-18 14:30:00-04:00,23.690000534057617,23.690000534057617,23.649999618530273,23.649999618530273,10696,0.0,0.0,0.0
2024-06-18 15:30:00-04:00,23.649999618530273,23.649999618530273,23.559999465942383,23.579999923706055,44564,0.0,0.0,0.0
2024-06-20 09:30:00-04:00,23.760000228881836,23.81999969482422,23.739999771118164,23.760000228881836,0,0.0,0.0,0.0
2024-06-20 10:30:00-04:00,23.719999313354492,23.780000686645508,23.719999313354492,23.770000457763672,10000,0.0,0.0,0.0
2024-06-20 11:30:00-04:00,23.760000228881836,23.815000534057617,23.739999771118164,23.799999237060547,5742,0.0,0.0,0.0
2024-06-20 12:30:00-04:00,23.809999465942383,23.899999618530273,23.780000686645508,23.81999969482422,45031,0.0,0.0,0.0
2024-06-20 13:30:00-04:00,23.81999969482422,23.81999969482422,23.790000915527344,23.799999237060547,41200,0.0,0.0,0.0
2024-06-20 14:30:00-04:00,23.800100326538086,23.800100326538086,23.800100326538086,23.800100326538086,380,0.0,0.0,0.0
2024-06-20 15:30:00-04:00,23.83530044555664,23.857200622558594,23.809999465942383,23.857200622558594,0,0.0,0.0,0.0
2024-06-21 11:30:00-04:00,24.010000228881836,24.010000228881836,24.010000228881836,24.010000228881836,4223,0.0,0.0,0.0
2024-06-21 12:30:00-04:00,23.979999542236328,23.979999542236328,23.959999084472656,23.959999084472656,7244,0.0,0.0,0.0
2024-06-21 13:30:00-04:00,23.989999771118164,23.989999771118164,23.989999771118164,23.989999771118164,5219,0.0,0.0,0.0
2024-06-21 15:30:00-04:00,23.969999313354492,23.969999313354492,23.969900131225586,23.969900131225586,540,0.0,0.0,0.0
2024-06-24 11:30:00-04:00,24.125,24.125,24.125,24.125,0,0.0,0.0,0.0
2024-06-24 12:30:00-04:00,24.309999465942383,24.309999465942383,24.309900283813477,24.309900283813477,2188,0.0,0.0,0.0
2024-06-24 14:30:00-04:00,24.310100555419922,24.310100555419922,24.310100555419922,24.310100555419922,386,0.0,0.0,0.0
2024-06-24 15:30:00-04:00,24.360000610351562,24.399999618530273,24.360000610351562,24.367799758911133,575,0.0,0.0,0.0
2024-06-25 09:30:00-04:00,24.389999389648438,24.389999389648438,24.389999389648438,24.389999389648438,0,0.0,0.0,0.0
2024-06-25 10:30:00-04:00,24.399999618530273,24.499300003051758,24.399999618530273,24.499300003051758,1009,0.0,0.0,0.0
2024-06-25 11:30:00-04:00,24.440000534057617,24.440000534057617,24.440000534057617,24.440000534057617,2151,0.0,0.0,0.0
2024-06-25 12:30:00-04:00,24.389999389648438,24.43000030517578,24.389999389648438,24.43000030517578,752,0.0,0.0,0.0
2024-06-25 13:30:00-04:00,24.440000534057617,24.440000534057617,24.440000534057617,24.440000534057617,324,0.0,0.0,0.0
2024-06-25 15:30:00-04:00,24.430500030517578,24.44499969482422,24.430500030517578,24.44499969482422,452,0.0,0.0,0.0
2024-06-26 09:30:00-04:00,24.440000534057617,24.440000534057617,24.440000534057617,24.440000534057617,0,0.0,0.0,0.0
2024-06-26 10:30:00-04:00,24.31999969482422,24.31999969482422,24.31999969482422,24.31999969482422,100,0.0,0.0,0.0
2024-06-26 11:30:00-04:00,24.34000015258789,24.340999603271484,24.34000015258789,24.34000015258789,5599,0.0,0.0,0.0
2024-06-26 12:30:00-04:00,24.420000076293945,24.420000076293945,24.40999984741211,24.420000076293945,3066,0.0,0.0,0.0
2024-06-26 13:30:00-04:00,24.415000915527344,24.469200134277344,24.415000915527344,24.469200134277344,0,0.0,0.0,0.0
2024-06-27 13:30:00-04:00,24.450000762939453,24.450300216674805,24.329999923706055,24.450300216674805,22923,0.0,0.0,0.0
2024-06-28 09:30:00-04:00,24.329999923706055,24.489999771118164,24.329999923706055,24.489999771118164,0,0.0,0.0,0.0
2024-06-28 10:30:00-04:00,24.489999771118164,24.549999237060547,24.469999313354492,24.549999237060547,705,0.0,0.0,0.0
2024-06-28 12:30:00-04:00,24.6200008392334,24.6200008392334,24.6200008392334,24.6200008392334,101,0.0,0.0,0.0
2024-06-28 13:30:00-04:00,24.600000381469727,24.600000381469727,24.600000381469727,24.600000381469727,100,0.0,0.0,0.0
2024-06-28 14:30:00-04:00,24.549999237060547,24.549999237060547,24.549999237060547,24.549999237060547,125,0.0,0.0,0.0
2024-06-28 15:30:00-04:00,24.6200008392334,24.6200008392334,24.619199752807617,24.619199752807617,406,0.0,0.0,0.0
2024-07-01 09:30:00-04:00,24.59000015258789,24.59000015258789,24.549999237060547,24.549999237060547,0,0.0,0.0,0.0
2024-07-01 10:30:00-04:00,24.510000228881836,24.55500030517578,24.510000228881836,24.55500030517578,300,0.0,0.0,0.0
2024-07-01 11:30:00-04:00,24.579999923706055,24.58009910583496,24.579999923706055,24.58009910583496,1057,0.0,0.0,0.0
2024-07-01 12:30:00-04:00,24.690000534057617,24.690000534057617,24.690000534057617,24.690000534057617,102,0.0,0.0,0.0
2024-07-01 14:30:00-04:00,24.700000762939453,24.7322998046875,24.700000762939453,24.7322998046875,0,0.0,0.0,0.0
2024-07-02 09:30:00-04:00,24.681800842285156,24.860000610351562,24.681800842285156,24.860000610351562,215,0.0,0.0,0.0
2024-07-02 10:30:00-04:00,24.75,24.75,24.75,24.75,200,0.0,0.0,0.0
2024-07-02 11:30:00-04:00,24.760000228881836,24.770000457763672,24.75,24.75,4610,0.0,0.0,0.0
2024-07-02 12:30:00-04:00,24.729999542236328,24.729999542236328,24.729999542236328,24.729999542236328,100,0.0,0.0,0.0
2024-07-02 13:30:00-04:00,24.815799713134766,24.815799713134766,24.815799713134766,24.815799713134766,1292,0.0,0.0,0.0
2024-07-02 14:30:00-04:00,24.780000686645508,24.790000915527344,24.780000686645508,24.790000915527344,326,0.0,0.0,0.0
2024-07-02 15:30:00-04:00,24.809999465942383,24.809999465942383,24.809999465942383,24.809999465942383,218,0.0,0.0,0.0
2024-07-03 09:30:00-04:00,24.989999771118164,25.030000686645508,24.969999313354492,25.030000686645508,0,0.0,0.0,0.0
2024-07-03 10:30:00-04:00,25.049999237060547,25.09000015258789,25.049999237060547,25.09000015258789,2201,0.0,0.0,0.0
2024-07-03 11:30:00-04:00,25.059099197387695,25.059099197387695,25.059099197387695,25.059099197387695,262,0.0,0.0,0.0
2024-07-03 12:30:00-04:00,24.985700607299805,24.985700607299805,24.985700607299805,24.985700607299805,2300,0.0,0.0,0.0
2024-07-05 09:30:00-04:00,24.90999984741211,24.90999984741211,24.799999237060547,24.799999237060547,0,0.0,0.0,0.0
2024-07-05 10:30:00-04:00,24.770000457763672,24.84000015258789,24.770000457763672,24.829999923706055,3270,0.0,0.0,0.0
2024-07-05 13:30:00-04:00,24.75,24.75,24.739999771118164,24.739999771118164,369,0.0,0.0,0.0
2024-07-05 15:30:00-04:00,24.770000457763672,24.785200119018555,24.770000457763672,24.785200119018555,200,0.0,0.0,0.0
2024-07-08 09:30:00-04:00,24.610000610351562,24.610000610351562,24.610000610351562,24.610000610351562,0,0.0,0.0,0.0
2024-07-08 11:30:00-04:00,24.790000915527344,24.791099548339844,24.709999084472656,24.709999084472656,3465,0.0,0.0,0.0
2024-07-08 12:30:00-04:00,24.8700008392334,24.8700008392334,24.8700008392334,24.8700008392334,367,0.0,0.0,0.0
2024-07-08 13:30:00-04:00,24.806400299072266,24.806400299072266,24.806400299072266,24.806400299072266,0,0.0,0.0,0.0
2024-07-09 10:30:00-04:00,24.790000915527344,24.790000915527344,24.790000915527344,24.790000915527344,1609,0.0,0.0,0.0
2024-07-09 15:30:00-04:00,24.82539939880371,24.82539939880371,24.82539939880371,24.82539939880371,0,0.0,0.0,0.0
2024-07-10 09:30:00-04:00,24.719999313354492,24.76810073852539,24.719999313354492,24.76810073852539,1477,0.0,0.0,0.0
2024-07-11 09:30:00-04:00,24.700000762939453,24.78350067138672,24.700000762939453,24.78350067138672,5036,0.0,0.0,0.0
2024-07-11 11:30:00-04:00,24.780000686645508,24.799999237060547,24.780000686645508,24.780000686645508,1476,0.0,0.0,0.0
2024-07-11 12:30:00-04:00,24.780000686645508,24.8302001953125,24.780000686645508,24.8302001953125,1374,0.0,0.0,0.0
2024-07-12 09:30:00-04:00,24.881099700927734,24.881099700927734,24.881099700927734,24.881099700927734,0,0.0,0.0,0.0
2024-07-12 10:30:00-04:00,24.839599609375,24.860000610351562,24.839599609375,24.860000610351562,580,0.0,0.0,0.0
2024-07-12 11:30:00-04:00,24.84670066833496,24.91699981689453,24.84670066833496,24.91699981689453,0,0.0,0.0,0.0
2024-07-15 09:30:00-04:00,24.469999313354492,24.63990020751953,24.469999313354492,24.56999969482422,0,0.0,0.0,0.0
2024-07-15 13:30:00-04:00,24.729999542236328,24.75,24.680099487304688,24.712299346923828,9831,0.0,0.0,0.0
2024-07-16 09:30:00-04:00,24.729999542236328,24.729999542236328,24.729999542236328,24.729999542236328,0,0.0,0.0,0.0
2024-07-16 10:30:00-04:00,24.799999237060547,24.829999923706055,24.799999237060547,24.829999923706055,1622,0.0,0.0,0.0
2024-07-16 12:30:00-04:00,24.739999771118164,24.739999771118164,24.739999771118164,24.739999771118164,102,0.0,0.0,0.0
2024-07-16 13:30:00-04:00,24.795499801635742,24.795499801635742,24.770099639892578,24.780000686645508,1613,0.0,0.0,0.0
2024-07-16 14:30:00-04:00,24.817100524902344,24.817100524902344,24.790000915527344,24.79010009765625,1701,0.0,0.0,0.0
2024-07-16 15:30:00-04:00,24.780000686645508,24.81909942626953,24.780000686645508,24.81909942626953,0,0.0,0.0,0.0
2024-07-17 09:30:00-04:00,24.989999771118164,24.989999771118164,24.989999771118164,24.989999771118164,235,0.0,0.0,0.0
2024-07-17 10:30:00-04:00,24.889999389648438,24.889999389648438,24.889999389648438,24.889999389648438,0,0.0,0.0,0.0
2024-07-17 11:30:00-04:00,24.924999237060547,24.924999237060547,24.924999237060547,24.924999237060547,602,0.0,0.0,0.0
2024-07-17 14:30:00-04:00,24.889999389648438,24.889999389648438,24.821699142456055,24.821699142456055,0,0.0,0.0,0.0
2024-07-18 09:30:00-04:00,24.969999313354492,24.969999313354492,24.90999984741211,24.90999984741211,1243,0.0,0.0,0.0
2024-07-18 10:30:00-04:00,24.920000076293945,24.920000076293945,24.920000076293945,24.920000076293945,101,0.0,0.0,0.0
2024-07-18 15:30:00-04:00,24.940000534057617,24.940000534057617,24.93000030517578,24.936399459838867,0,0.0,0.0,0.0
2024-07-19 09:30:00-04:00,24.969999313354492,25.0,24.969999313354492,25.0,534,0.0,0.0,0.0
2024-07-19 13:30:00-04:00,24.979999542236328,24.979999542236328,24.979999542236328,24.979999542236328,108,0.0,0.0,0.0
2024-07-19 14:30:00-04:00,24.950000762939453,24.950000762939453,24.920000076293945,24.920000076293945,200,0.0,0.0,0.0
2024-07-22 09:30:00-04:00,24.829999923706055,24.829999923706055,24.81999969482422,24.81999969482422,1172,0.0,0.0,0.0
2024-07-22 14:30:00-04:00,24.979999542236328,24.989999771118164,24.950000762939453,24.989999771118164,2193,0.0,0.0,0.0
2024-07-22 15:30:00-04:00,25.030000686645508,25.030000686645508,25.024499893188477,25.024499893188477,0,0.0,0.0,0.0
2024-07-23 09:30:00-04:00,24.93000030517578,24.93000030517578,24.899999618530273,24.899999618530273,2162,0.0,0.0,0.0
2024-07-23 11:30:00-04:00,24.905000686645508,24.905000686645508,24.905000686645508,24.905000686645508,592,0.0,0.0,0.0
2024-07-23 13:30:00-04:00,24.947099685668945,24.947099685668945,24.947099685668945,24.947099685668945,0,0.0,0.0,0.0
2024-07-23 15:30:00-04:00,24.8700008392334,24.8700008392334,24.86669921875,24.86669921875,41,0.0,0.0,0.0
2024-07-24 09:30:00-04:00,24.780000686645508,24.8700008392334,24.56999969482422,24.56999969482422,415,0.0,0.0,0.0
2024-07-24 10:30:00-04:00,24.760000228881836,24.760000228881836,24.665000915527344,24.665000915527344,901,0.0,0.0,0.0
2024-07-24 11:30:00-04:00,24.68000030517578,24.68000030517578,24.649999618530273,24.649999618530273,0,0.0,0.0,0.0
2024-07-24 12:30:00-04:00,24.6299991607666,24.6299991607666,24.520000457763672,24.520000457763672,2846,0.0,0.0,0.0
2024-07-24 13:30:00-04:00,24.549999237060547,24.549999237060547,24.5,24.510000228881836,500,0.0,0.0,0.0
2024-07-24 14:30:00-04:00,24.489999771118164,24.520000457763672,24.479999542236328,24.479999542236328,2958,0.0,0.0,0.0
2024-07-24 15:30:00-04:00,24.489999771118164,24.489999771118164,24.35409927368164,24.35409927368164,233,0.0,0.0,0.0
2024-07-25 09:30:00-04:00,24.260000228881836,24.3799991607666,24.260000228881836,24.365999221801758,0,0.0,0.0,0.0
2024-07-25 10:30:00-04:00,24.37190055847168,24.37190055847168,24.37190055847168,24.37190055847168,575,0.0,0.0,0.0
2024-07-25 11:30:00-04:00,24.3799991607666,24.3799991607666,24.3799991607666,24.3799991607666,110,0.0,0.0,0.0
2024-07-25 12:30:00-04:00,24.3799991607666,24.380399703979492,24.3700008392334,24.3700008392334,396,0.0,0.0,0.0
2024-07-25 13:30:00-04:00,24.381000518798828,24.381000518798828,24.168800354003906,24.168800354003906,0,0.0,0.0,0.0
2024-07-26 10:30:00-04:00,24.299999237060547,24.299999237060547,24.299999237060547,24.299999237060547,167,0.0,0.0,0.0
2024-07-26 11:30:00-04:00,24.389999389648438,24.389999389648438,24.3700008392334,24.3700008392334,2613,0.0,0.0,0.0
2024-07-26 12:30:00-04:00,24.479999542236328,24.479999542236328,24.479999542236328,24.479999542236328,1026,0.0,0.0,0.0
2024-07-26 13:30:00-04:00,24.479999542236328,24.479999542236328,24.479999542236328,24.479999542236328,121,0.0,0.0,0.0
2024-07-26 14:30:00-04:00,24.459999084472656,24.459999084472656,24.440000534057617,24.440000534057617,3961,0.0,0.0,0.0
2024-07-26 15:30:00-04:00,24.299999237060547,24.329999923706055,24.299999237060547,24.329999923706055,1000,0.0,0.0,0.0
2024-07-29 10:30:00-04:00,24.229999542236328,24.239999771118164,24.229999542236328,24.239999771118164,0,0.0,0.0,0.0
2024-07-29 12:30:00-04:00,24.219999313354492,24.219999313354492,24.219999313354492,24.219999313354492,0,0.0,0.0,0.0
2024-07-29 14:30:00-04:00,24.249300003051758,24.260499954223633,24.249300003051758,24.260499954223633,0,0.0,0.0,0.0
2024-07-29 15:30:00-04:00,24.28499984741211,24.31999969482422,24.28499984741211,24.302000045776367,0,0.0,0.0,0.0
2024-07-30 09:30:00-04:00,24.290000915527344,24.470600128173828,24.25,24.470600128173828,7595,0.0,0.0,0.0
2024-07-31 09:30:00-04:00,24.809999465942383,24.809999465942383,24.809999465942383,24.809999465942383,0,0.0,0.0,0.0
2024-07-31 10:30:00-04:00,24.559900283813477,24.559900283813477,24.559900283813477,24.559900283813477,256,0.0,0.0,0.0
2024-07-31 15:30:00-04:00,24.351600646972656,24.351600646972656,24.351600646972656,24.351600646972656,0,0.0,0.0,0.0
2024-08-01 11:30:00-04:00,24.18000030517578,24.18000030517578,24.1299991607666,24.1299991607666,2271,0.0,0.0,0.0
2024-08-01 12:30:00-04:00,24.049999237060547,24.049999237060547,24.049999237060547,24.049999237060547,2661,0.0,0.0,0.0
2024-08-01 13:30:00-04:00,23.959999084472656,23.959999084472656,23.959999084472656,23.959999084472656,229,0.0,0.0,0.0
2024-08-01 14:30:00-04:00,24.005800247192383,24.193300247192383,24.005800247192383,24.193300247192383,1411,0.0,0.0,0.0
2024-08-02 09:30:00-04:00,23.829999923706055,23.829999923706055,23.829999923706055,23.829999923706055,0,0.0,0.0,0.0
2024-08-02 10:30:00-04:00,23.600000381469727,23.6200008392334,23.600000381469727,23.6200008392334,1959,0.0,0.0,0.0
2024-08-02 11:30:00-04:00,23.690000534057617,23.690000534057617,23.690000534057617,23.690000534057617,267,0.0,0.0,0.0
2024-08-02 14:30:00-04:00,23.75,23.77239990234375,23.75,23.77239990234375,2234,0.0,0.0,0.0
2024-08-05 09:30:00-04:00,22.940000534057617,23.100000381469727,22.8799991607666,23.100000381469727,0,0.0,0.0,0.0
2024-08-05 10:30:00-04:00,22.969999313354492,23.0,22.969999313354492,23.0,7275,0.0,0.0,0.0
2024-08-05 11:30:00-04:00,23.079999923706055,23.079999923706055,23.06999969482422,23.06999969482422,1379,0.0,0.0,0.0
2024-08-05 12:30:00-04:00,23.15999984741211,23.15999984741211,23.139999389648438,23.139999389648438,1173,0.0,0.0,0.0
2024-08-05 13:30:00-04:00,23.149999618530273,23.149999618530273,23.149999618530273,23.149999618530273,1169,0.0,0.0,0.0
2024-08-05 15:30:00-04:00,23.1299991607666,23.1299991607666,23.1299991607666,23.1299991607666,320,0.0,0.0,0.0
2024-08-06 09:30:00-04:00,23.514999389648438,23.6299991607666,23.514999389648438,23.6299991607666,0,0.0,0.0,0.0
2024-08-06 12:30:00-04:00,23.700000762939453,23.700000762939453,23.700000762939453,23.700000762939453,16120,0.0,0.0,0.0
2024-08-06 14:30:00-04:00,23.739900588989258,23.739999771118164,23.700000762939453,23.70009994506836,0,0.0,0.0,0.0
2024-08-06 15:30:00-04:00,23.68000030517578,23.68000030517578,23.579999923706055,23.579999923706055,0,0.0,0.0,0.0
2024-08-07 10:30:00-04:00,23.780000686645508,23.780000686645508,23.780000686645508,23.780000686645508,1504,0.0,0.0,0.0
2024-08-07 12:30:00-04:00,23.719999313354492,23.719999313354492,23.719999313354492,23.719999313354492,0,0.0,0.0,0.0
2024-08-07 14:30:00-04:00,23.625,23.625,23.437999725341797,23.437999725341797,0,0.0,0.0,0.0
2024-08-08 12:30:00-04:00,23.639999389648438,23.690000534057617,23.639999389648438,23.690000534057617,1091,0.0,0.0,0.0
2024-08-08 14:30:00-04:00,23.807899475097656,23.807899475097656,23.807899475097656,23.807899475097656,794,0.0,0.0,0.0
2024-08-08 15:30:00-04:00,23.780000686645508,23.780000686645508,23.780000686645508,23.780000686645508,0,0.0,0.0,0.0
2024-08-09 10:30:00-04:00,23.559999465942383,23.559999465942383,23.559999465942383,23.559999465942383,0,0.0,0.0,0.0
2024-08-09 12:30:00-04:00,23.3700008392334,23.3700008392334,23.3700008392334,23.3700008392334,204,0.0,0.0,0.0
2024-08-09 14:30:00-04:00,23.389999389648438,23.441299438476562,23.389999389648438,23.441299438476562,0,0.0,0.0,0.0
2024-08-12 09:30:00-04:00,23.389999389648438,23.409000396728516,23.389999389648438,23.389999389648438,1200,0.0,0.0,0.0
2024-08-12 10:30:00-04:00,23.43000030517578,23.43000030517578,23.399999618530273,23.399999618530273,3897,0.0,0.0,0.0
2024-08-12 11:30:00-04:00,23.329999923706055,23.329999923706055,23.299999237060547,23.299999237060547,23752,0.0,0.0,0.0
2024-08-12 12:30:00-04:00,23.299999237060547,23.31999969482422,23.219999313354492,23.22010040283203,12172,0.0,0.0,0.0
2024-08-12 14:30:00-04:00,23.15999984741211,23.15999984741211,23.15999984741211,23.15999984741211,100,0.0,0.0,0.0
2024-08-12 15:30:00-04:00,23.05109977722168,23.05109977722168,23.044700622558594,23.044700622558594,0,0.0,0.0,0.0
2024-08-13 09:30:00-04:00,22.809999465942383,22.90999984741211,22.809999465942383,22.84600067138672,1983,0.0,0.0,0.0
2024-08-13 10:30:00-04:00,22.93000030517578,22.940000534057617,22.920000076293945,22.940000534057617,1735,0.0,0.0,0.0
2024-08-13 11:30:00-04:00,22.94499969482422,22.94499969482422,22.94499969482422,22.94499969482422,127,0.0,0.0,0.0
2024-08-13 12:30:00-04:00,22.95989990234375,22.989999771118164,22.95989990234375,22.989999771118164,562,0.0,0.0,0.0
2024-08-13 14:30:00-04:00,22.969999313354492,23.020000457763672,22.959999084472656,23.020000457763672,2557,0.0,0.0,0.0
2024-08-13 15:30:00-04:00,22.98349952697754,22.98349952697754,22.98349952697754,22.98349952697754,271,0.0,0.0,0.0
2024-08-14 09:30:00-04:00,23.114999771118164,23.114999771118164,23.114999771118164,23.114999771118164,0,0.0,0.0,0.0
2024-08-14 12:30:00-04:00,23.328500747680664,23.329999923706055,23.290000915527344,23.299999237060547,1744,0.0,0.0,0.0
2024-08-14 13:30:00-04:00,23.31999969482422,23.31999969482422,23.31999969482422,23.31999969482422,0,0.0,0.0,0.0
2024-08-14 14:30:00-04:00,23.360000610351562,23.40999984741211,23.360000610351562,23.40999984741211,2925,0.0,0.0,0.0
2024-08-14 15:30:00-04:00,23.46109962463379,23.46109962463379,23.46109962463379,23.46109962463379,520,0.0,0.0,0.0
2024-08-15 10:30:00-04:00,23.700000762939453,23.770000457763672,23.700000762939453,23.770000457763672,1974,0.0,0.0,0.0
2024-08-15 11:30:00-04:00,23.700000762939453,23.760000228881836,23.690000534057617,23.760000228881836,589,0.0,0.0,0.0
2024-08-15 12:30:00-04:00,23.719999313354492,23.719999313354492,23.700000762939453,23.700000762939453,1115,0.0,0.0,0.0
2024-08-15 13:30:00-04:00,23.68000030517578,23.68000030517578,23.68000030517578,23.68000030517578,113,0.0,0.0,0.0
2024-08-15 14:30:00-04:00,23.829999923706055,23.860000610351562,23.790000915527344,23.860000610351562,1806,0.0,0.0,0.0
2024-08-15 15:30:00-04:00,23.760000228881836,23.790000915527344,23.709999084472656,23.790000915527344,0,0.0,0.0,0.0
2024-08-16 12:30:00-04:00,23.989999771118164,24.197799682617188,23.989999771118164,24.197799682617188,8579,0.0,0.0,0.0
2024-08-19 09:30:00-04:00,24.190000534057617,24.190000534057617,24.190000534057617,24.190000534057617,0,0.0,0.0,0.0
2024-08-19 11:30:00-04:00,24.34000015258789,24.340099334716797,24.329999923706055,24.340099334716797,740,0.0,0.0,0.0
2024-08-19 15:30:00-04:00,24.290000915527344,24.298999786376953,24.290000915527344,24.298999786376953,0,0.0,0.0,0.0
2024-08-21 09:30:00-04:00,23.899999618530273,23.940000534057617,23.899999618530273,23.940000534057617,3744,0.0,0.0,0.0
2024-08-21 13:30:00-04:00,23.920000076293945,23.920000076293945,23.889999389648438,23.889999389648438,1711,0.0,0.0,0.0
2024-08-21 14:30:00-04:00,23.889999389648438,23.950000762939453,23.889999389648438,23.90999984741211,2666,0.0,0.0,0.0
2024-08-21 15:30:00-04:00,23.899999618530273,23.899999618530273,23.8700008392334,23.8700008392334,0,0.0,0.0,0.0
2024-08-22 09:30:00-04:00,23.790000915527344,23.790000915527344,23.790000915527344,23.790000915527344,1463,0.0,0.0,0.0
2024-08-22 12:30:00-04:00,24.040000915527344,24.040000915527344,23.989599227905273,23.989599227905273,0,0.0,0.0,0.0
2024-08-23 09:30:00-04:00,24.200000762939453,24.200000762939453,24.200000762939453,24.200000762939453,447,0.0,0.0,0.0
2024-08-23 11:30:00-04:00,24.110000610351562,24.110000610351562,24.110000610351562,24.110000610351562,5895,0.0,0.0,0.0
2024-08-23 12:30:00-04:00,24.110000610351562,24.110000610351562,24.110000610351562,24.110000610351562,110,0.0,0.0,0.0
2024-08-23 13:30:00-04:00,24.170000076293945,24.170000076293945,24.149999618530273,24.170000076293945,8268,0.0,0.0,0.0
2024-08-23 14:30:00-04:00,24.222400665283203,24.239999771118164,24.222400665283203,24.239999771118164,3815,0.0,0.0,0.0
2024-08-23 15:30:00-04:00,24.209999084472656,24.209999084472656,24.197799682617188,24.197799682617188,553,0.0,0.0,0.0
2024-08-26 09:30:00-04:00,24.440000534057617,24.440000534057617,24.440000534057617,24.440000534057617,0,0.0,0.0,0.0
2024-08-26 10:30:00-04:00,24.24650001525879,24.24650001525879,24.24650001525879,24.24650001525879,105,0.0,0.0,0.0
2024-08-26 12:30:00-04:00,24.309999465942383,24.33009910583496,24.309999465942383,24.309999465942383,478,0.0,0.0,0.0
2024-08-26 13:30:00-04:00,24.31999969482422,24.31999969482422,24.31999969482422,24.31999969482422,100,0.0,0.0,0.0
2024-08-26 14:30:00-04:00,24.286699295043945,24.286699295043945,24.286699295043945,24.286699295043945,0,0.0,0.0,0.0
2024-08-27 10:30:00-04:00,24.329999923706055,24.329999923706055,24.274999618530273,24.274999618530273,632,0.0,0.0,0.0
2024-08-27 12:30:00-04:00,24.121000289916992,24.121000289916992,24.121000289916992,24.121000289916992,265,0.0,0.0,0.0
2024-08-27 13:30:00-04:00,24.030000686645508,24.030000686645508,24.030000686645508,24.030000686645508,415,0.0,0.0,0.0
2024-08-27 14:30:00-04:00,24.01259994506836,24.01259994506836,24.01259994506836,24.01259994506836,0,0.0,0.0,0.0
2024-08-28 09:30:00-04:00,23.76580047607422,23.76580047607422,23.76580047607422,23.76580047607422,28,0.0,0.0,0.0
2024-08-29 10:30:00-04:00,24.170000076293945,24.170000076293945,24.059999465942383,24.1299991607666,2103,0.0,0.0,0.0
2024-08-29 11:30:00-04:00,24.156299591064453,24.170000076293945,24.156299591064453,24.170000076293945,4836,0.0,0.0,0.0
2024-08-29 14:30:00-04:00,24.31719970703125,24.31719970703125,24.31719970703125,24.31719970703125,0,0.0,0.0,0.0
2024-08-30 15:30:00-04:00,24.479999542236328,24.489999771118164,24.420000076293945,24.420000076293945,1100,0.0,0.0,0.0
2024-09-03 09:30:00-04:00,24.102399826049805,24.102399826049805,24.102399826049805,24.102399826049805,0,0.0,0.0,0.0
2024-09-04 10:30:00-04:00,24.309999465942383,24.309999465942383,24.309999465942383,24.309999465942383,100,0.0,0.0,0.0
2024-09-04 11:30:00-04:00,24.2450008392334,24.270000457763672,24.209999084472656,24.270000457763672,770,0.0,0.0,0.0
2024-09-04 14:30:00-04:00,23.997800827026367,23.997800827026367,23.997800827026367,23.997800827026367,914,0.0,0.0,0.0
2024-09-05 09:30:00-04:00,24.140199661254883,24.229999542236328,24.140199661254883,24.229999542236328,0,0.0,0.0,0.0
2024-09-05 10:30:00-04:00,24.219999313354492,24.219999313354492,24.219999313354492,24.219999313354492,947,0.0,0.0,0.0
2024-09-05 11:30:00-04:00,24.1200008392334,24.1200008392334,24.110000610351562,24.110000610351562,410,0.0,0.0,0.0
2024-09-05 15:30:00-04:00,24.059999465942383,24.100000381469727,24.050800323486328,24.050800323486328,0,0.0,0.0,0.0
2024-09-06 09:30:00-04:00,24.1299991607666,24.1299991607666,24.049999237060547,24.049999237060547,8563,0.0,0.0,0.0
2024-09-06 10:30:00-04:00,23.92799949645996,23.92799949645996,23.92799949645996,23.92799949645996,1028,0.0,0.0,0.0
2024-09-06 11:30:00-04:00,23.899999618530273,23.937999725341797,23.8799991607666,23.926799774169922,3222,0.0,0.0,0.0
2024-09-06 12:30:00-04:00,23.899999618530273,23.899999618530273,23.899999618530273,23.899999618530273,104,0.0,0.0,0.0
2024-09-06 13:30:00-04:00,23.850200653076172,23.850200653076172,23.850200653076172,23.850200653076172,209,0.0,0.0,0.0
2024-09-06 14:30:00-04:00,23.860000610351562,23.860000610351562,23.860000610351562,23.860000610351562,121,0.0,0.0,0.0
2024-09-06 15:30:00-04:00,23.857200622558594,23.87220001220703,23.857200622558594,23.87220001220703,607,0.0,0.0,0.0
2024-09-09 10:30:00-04:00,23.90999984741211,23.90999984741211,23.860000610351562,23.860000610351562,0,0.0,0.0,0.0
2024-09-09 11:30:00-04:00,24.0,24.0,24.0,24.0,372,0.0,0.0,0.0
2024-09-09 15:30:00-04:00,23.899999618530273,23.899999618530273,23.860000610351562,23.86009979248047,4411,0.0,0.0,0.0
2024-09-10 09:30:00-04:00,23.90999984741211,23.90999984741211,23.790000915527344,23.790000915527344,0,0.0,0.0,0.0
2024-09-10 10:30:00-04:00,23.780000686645508,23.860000610351562,23.770000457763672,23.860000610351562,2625,0.0,0.0,0.0
2024-09-10 14:30:00-04:00,23.88610076904297,24.011199951171875,23.88610076904297,24.011199951171875,0,0.0,0.0,0.0
2024-09-11 12:30:00-04:00,24.170000076293945,24.170000076293945,24.170000076293945,24.170000076293945,104,0.0,0.0,0.0
2024-09-11 15:30:00-04:00,24.0,24.00950050354004,24.0,24.00950050354004,0,0.0,0.0,0.0
2024-09-12 14:30:00-04:00,24.190099716186523,24.22319984436035,24.190000534057617,24.190000534057617,1107,0.0,0.0,0.0
2024-09-12 15:30:00-04:00,24.257400512695312,24.257400512695312,24.180099487304688,24.180099487304688,323,0.0,0.0,0.0
2024-09-13 09:30:00-04:00,24.43000030517578,24.43000030517578,24.3302001953125,24.3302001953125,2654,0.0,0.0,0.0
2024-09-13 15:30:00-04:00,24.468399047851562,24.468399047851562,24.43000030517578,24.468399047851562,698,0.0,0.0,0.0
