Datetime,Open,High,Low,Close,Volume,Dividends,Stock Splits
2022-09-15 09:30:00-04:00,8.800000190734863,9.149999618530273,8.760000228881836,8.899999618530273,13247,0.0,0.0
2022-09-15 10:30:00-04:00,8.800000190734863,8.899999618530273,8.649999618530273,8.651900291442871,5577,0.0,0.0
2022-09-15 11:30:00-04:00,8.649999618530273,8.845000267028809,8.649999618530273,8.760000228881836,7232,0.0,0.0
2022-09-15 12:30:00-04:00,8.84000015258789,8.84000015258789,8.680000305175781,8.680000305175781,3723,0.0,0.0
2022-09-15 13:30:00-04:00,8.765000343322754,8.819999694824219,8.699999809265137,8.805000305175781,2966,0.0,0.0
2022-09-15 14:30:00-04:00,8.800000190734863,8.960000038146973,8.739999771118164,8.800000190734863,6239,0.0,0.0
2022-09-15 15:30:00-04:00,8.800000190734863,9.149999618530273,8.800000190734863,9.100000381469727,15861,0.0,0.0
2022-09-16 09:30:00-04:00,8.819999694824219,8.899999618530273,8.630000114440918,8.630000114440918,5576,0.0,0.0
2022-09-16 10:30:00-04:00,8.670000076293945,8.71500015258789,8.550000190734863,8.65999984741211,4858,0.0,0.0
2022-09-16 11:30:00-04:00,8.609999656677246,8.630000114440918,8.515899658203125,8.600000381469727,2165,0.0,0.0
2022-09-16 12:30:00-04:00,8.5,8.619999885559082,8.5,8.5,4284,0.0,0.0
2022-09-16 13:30:00-04:00,8.510000228881836,8.515000343322754,8.395000457763672,8.395000457763672,6431,0.0,0.0
2022-09-16 14:30:00-04:00,8.331000328063965,8.680000305175781,8.331000328063965,8.607500076293945,9541,0.0,0.0
2022-09-16 15:30:00-04:00,8.619999885559082,8.960000038146973,8.520000457763672,8.899999618530273,8020,0.0,0.0
2022-09-19 09:30:00-04:00,8.710000038146973,9.020000457763672,8.617500305175781,8.829999923706055,2998,0.0,0.0
2022-09-19 10:30:00-04:00,8.72439956665039,8.9399995803833,8.72439956665039,8.805000305175781,5633,0.0,0.0
2022-09-19 11:30:00-04:00,8.895000457763672,8.970000267028809,8.772500038146973,8.859999656677246,15263,0.0,0.0
2022-09-19 12:30:00-04:00,8.807499885559082,8.90999984741211,8.770000457763672,8.890000343322754,4383,0.0,0.0
2022-09-19 13:30:00-04:00,8.890000343322754,8.890000343322754,8.734999656677246,8.8100004196167,9998,0.0,0.0
2022-09-19 14:30:00-04:00,8.84000015258789,8.949999809265137,8.774100303649902,8.9399995803833,2854,0.0,0.0
2022-09-19 15:30:00-04:00,8.875,9.149999618530273,8.770000457763672,9.149999618530273,26512,0.0,0.0
2022-09-20 09:30:00-04:00,8.930000305175781,8.930000305175781,8.90999984741211,8.922499656677246,523,0.0,0.0
2022-09-20 10:30:00-04:00,8.899999618530273,8.989999771118164,8.698699951171875,8.989999771118164,1963,0.0,0.0
2022-09-20 11:30:00-04:00,9.029999732971191,9.079999923706055,8.949999809265137,9.079999923706055,4130,0.0,0.0
2022-09-20 13:30:00-04:00,9.100000381469727,9.100000381469727,8.994999885559082,9.045000076293945,16726,0.0,0.0
2022-09-20 14:30:00-04:00,9.119999885559082,9.140000343322754,8.949999809265137,9.029999732971191,16886,0.0,0.0
2022-09-20 15:30:00-04:00,9.029999732971191,9.350000381469727,8.960000038146973,9.25,32512,0.0,0.0
2022-09-21 09:30:00-04:00,9.220000267028809,9.220000267028809,8.529999732971191,9.005000114440918,1679,0.0,0.0
2022-09-21 10:30:00-04:00,9.40999984741211,9.489999771118164,8.781000137329102,9.095000267028809,4159,0.0,0.0
2022-09-21 11:30:00-04:00,9.095000267028809,9.199999809265137,8.729999542236328,9.1899995803833,21019,0.0,0.0
2022-09-21 12:30:00-04:00,9.199999809265137,9.460000038146973,9.079999923706055,9.25,4595,0.0,0.0
2022-09-21 13:30:00-04:00,9.229999542236328,9.399999618530273,9.029999732971191,9.154999732971191,5409,0.0,0.0
2022-09-21 14:30:00-04:00,9.180000305175781,9.180000305175781,9.08080005645752,9.08080005645752,913,0.0,0.0
2022-09-21 15:30:00-04:00,9.100000381469727,9.244999885559082,9.039999961853027,9.199999809265137,7569,0.0,0.0
2022-09-22 09:30:00-04:00,9.050000190734863,9.149999618530273,9.0,9.149999618530273,7937,0.0,0.0
2022-09-22 10:30:00-04:00,9.170000076293945,9.319999694824219,9.039999961853027,9.039999961853027,6473,0.0,0.0
2022-09-22 11:30:00-04:00,9.430000305175781,9.479999542236328,9.270000457763672,9.270000457763672,7722,0.0,0.0
2022-09-22 12:30:00-04:00,9.359999656677246,9.359999656677246,9.1850004196167,9.199999809265137,665,0.0,0.0
2022-09-22 13:30:00-04:00,9.380000114440918,9.380000114440918,9.335000038146973,9.335000038146973,306,0.0,0.0
2022-09-22 14:30:00-04:00,9.324999809265137,9.335000038146973,9.20419979095459,9.204500198364258,1803,0.0,0.0
2022-09-22 15:30:00-04:00,9.239999771118164,9.319999694824219,9.1899995803833,9.300000190734863,5502,0.0,0.0
2022-09-23 09:30:00-04:00,9.029999732971191,9.225000381469727,9.029999732971191,9.210000038146973,697,0.0,0.0
2022-09-23 10:30:00-04:00,9.010000228881836,9.010000228881836,9.010000228881836,9.010000228881836,494,0.0,0.0
2022-09-23 11:30:00-04:00,9.010000228881836,9.010000228881836,9.010000228881836,9.010000228881836,235,0.0,0.0
2022-09-23 13:30:00-04:00,9.09000015258789,9.1899995803833,9.050000190734863,9.1899995803833,3337,0.0,0.0
2022-09-23 14:30:00-04:00,9.130000114440918,9.194999694824219,9.010000228881836,9.180000305175781,1482,0.0,0.0
2022-09-23 15:30:00-04:00,9.100000381469727,9.1850004196167,9.100000381469727,9.1850004196167,240,0.0,0.0
2022-09-26 09:30:00-04:00,9.099699974060059,9.099699974060059,9.099699974060059,9.099699974060059,846,0.0,0.0
2022-09-26 10:30:00-04:00,8.886699676513672,8.886699676513672,8.886699676513672,8.886699676513672,682,0.0,0.0
2022-09-26 11:30:00-04:00,8.930000305175781,8.956600189208984,8.899999618530273,8.956600189208984,1161,0.0,0.0
2022-09-26 12:30:00-04:00,8.975000381469727,9.033699989318848,8.975000381469727,9.024999618530273,1282,0.0,0.0
2022-09-26 13:30:00-04:00,9.0,9.029999732971191,9.0,9.029999732971191,599,0.0,0.0
2022-09-26 14:30:00-04:00,8.970000267028809,8.970000267028809,8.970000267028809,8.970000267028809,151,0.0,0.0
2022-09-26 15:30:00-04:00,9.1899995803833,9.210000038146973,9.1899995803833,9.199999809265137,415,0.0,0.0
2022-09-27 09:30:00-04:00,9.055000305175781,9.055000305175781,9.050000190734863,9.050000190734863,876,0.0,0.0
2022-09-27 11:30:00-04:00,9.100000381469727,9.1899995803833,9.100000381469727,9.1899995803833,570,0.0,0.0
2022-09-27 12:30:00-04:00,9.09000015258789,9.180000305175781,9.050000190734863,9.100000381469727,2569,0.0,0.0
2022-09-27 13:30:00-04:00,9.029999732971191,9.0649995803833,8.9399995803833,9.050000190734863,1705,0.0,0.0
2022-09-27 14:30:00-04:00,9.09000015258789,9.09000015258789,9.09000015258789,9.09000015258789,285,0.0,0.0
2022-09-27 15:30:00-04:00,9.079999923706055,9.09000015258789,8.970000267028809,9.079999923706055,5252,0.0,0.0
2022-09-28 09:30:00-04:00,9.079999923706055,9.09000015258789,8.899999618530273,9.09000015258789,1725,0.0,0.0
2022-09-28 10:30:00-04:00,9.069999694824219,9.289999961853027,9.069999694824219,9.289999961853027,0,0.0,0.0
2022-09-28 11:30:00-04:00,9.289999961853027,9.375,9.279999732971191,9.375,7529,0.0,0.0
2022-09-28 12:30:00-04:00,9.220000267028809,9.225000381469727,9.220000267028809,9.225000381469727,564,0.0,0.0
2022-09-28 14:30:00-04:00,9.359999656677246,9.359999656677246,9.359999656677246,9.359999656677246,297,0.0,0.0
2022-09-29 09:30:00-04:00,9.149999618530273,9.319999694824219,9.149999618530273,9.289999961853027,2161,0.0,0.0
2022-09-29 10:30:00-04:00,9.390000343322754,9.444999694824219,9.300000190734863,9.380000114440918,7634,0.0,0.0
2022-09-29 11:30:00-04:00,9.380000114440918,9.630000114440918,9.380000114440918,9.630000114440918,1953,0.0,0.0
2022-09-29 12:30:00-04:00,9.600000381469727,9.600000381469727,9.529999732971191,9.53499984741211,930,0.0,0.0
2022-09-29 13:30:00-04:00,9.489999771118164,9.520000457763672,9.199999809265137,9.295000076293945,3942,0.0,0.0
2022-09-29 14:30:00-04:00,9.300000190734863,9.470000267028809,9.300000190734863,9.430000305175781,4049,0.0,0.0
2022-09-30 10:30:00-04:00,9.40999984741211,9.449999809265137,9.40999984741211,9.449999809265137,1401,0.0,0.0
2022-09-30 11:30:00-04:00,9.499899864196777,9.680000305175781,9.499899864196777,9.680000305175781,1606,0.0,0.0
2022-09-30 12:30:00-04:00,9.704999923706055,10.154199600219727,9.680000305175781,9.986000061035156,2881,0.0,0.0
2022-09-30 13:30:00-04:00,10.119999885559082,10.40999984741211,10.069999694824219,10.069999694824219,6793,0.0,0.0
2022-09-30 14:30:00-04:00,10.039999961853027,10.085000038146973,9.869999885559082,9.880000114440918,3697,0.0,0.0
2022-09-30 15:30:00-04:00,9.944999694824219,9.944999694824219,9.579999923706055,9.579999923706055,665,0.0,0.0
2022-10-03 09:30:00-04:00,9.739999771118164,10.199999809265137,9.739999771118164,10.199999809265137,3333,0.0,0.0
2022-10-03 10:30:00-04:00,10.229999542236328,10.420000076293945,10.092000007629395,10.420000076293945,6081,0.0,0.0
2022-10-03 11:30:00-04:00,10.399999618530273,10.79990005493164,10.399999618530273,10.550000190734863,5348,0.0,0.0
2022-10-03 12:30:00-04:00,10.529000282287598,10.600000381469727,10.484999656677246,10.529999732971191,2608,0.0,0.0
2022-10-03 13:30:00-04:00,10.319999694824219,10.319999694824219,10.010000228881836,10.09000015258789,1791,0.0,0.0
2022-10-03 14:30:00-04:00,10.09000015258789,10.229999542236328,10.050000190734863,10.109999656677246,4740,0.0,0.0
2022-10-03 15:30:00-04:00,10.109999656677246,10.119999885559082,9.84000015258789,10.010000228881836,5788,0.0,0.0
2022-10-04 09:30:00-04:00,10.100000381469727,10.551300048828125,10.050000190734863,10.551300048828125,1815,0.0,0.0
2022-10-04 10:30:00-04:00,10.510000228881836,10.59000015258789,10.210000038146973,10.42199993133545,9880,0.0,0.0
2022-10-04 11:30:00-04:00,10.229999542236328,10.239999771118164,10.140000343322754,10.229999542236328,5594,0.0,0.0
2022-10-04 12:30:00-04:00,10.229999542236328,10.229999542236328,10.229999542236328,10.229999542236328,901,0.0,0.0
2022-10-04 13:30:00-04:00,10.399999618530273,10.743399620056152,10.319999694824219,10.579099655151367,6729,0.0,0.0
2022-10-04 14:30:00-04:00,10.529999732971191,10.609999656677246,10.270000457763672,10.270000457763672,4287,0.0,0.0
2022-10-04 15:30:00-04:00,10.239999771118164,10.239999771118164,10.109999656677246,10.109999656677246,1026,0.0,0.0
2022-10-05 09:30:00-04:00,9.949999809265137,10.069999694824219,9.734999656677246,9.734999656677246,2517,0.0,0.0
2022-10-05 10:30:00-04:00,9.739999771118164,9.84000015258789,9.610099792480469,9.75,11893,0.0,0.0
2022-10-05 11:30:00-04:00,9.869999885559082,9.869999885559082,9.869999885559082,9.869999885559082,527,0.0,0.0
2022-10-05 15:30:00-04:00,9.850000381469727,9.899999618530273,9.649999618530273,9.800000190734863,2621,0.0,0.0
2022-10-06 09:30:00-04:00,9.59000015258789,10.170000076293945,9.59000015258789,10.170000076293945,6339,0.0,0.0
2022-10-06 10:30:00-04:00,10.319999694824219,10.319999694824219,9.90999984741211,10.119799613952637,2448,0.0,0.0
2022-10-06 11:30:00-04:00,9.914899826049805,10.119999885559082,9.914899826049805,10.104999542236328,1424,0.0,0.0
2022-10-06 12:30:00-04:00,9.9399995803833,10.039999961853027,9.779999732971191,9.914999961853027,5999,0.0,0.0
2022-10-06 13:30:00-04:00,10.029999732971191,10.039999961853027,10.029999732971191,10.029999732971191,758,0.0,0.0
2022-10-06 14:30:00-04:00,9.875,9.875,9.875,9.875,641,0.0,0.0
2022-10-06 15:30:00-04:00,9.890000343322754,9.989999771118164,9.869999885559082,9.989999771118164,818,0.0,0.0
2022-10-07 09:30:00-04:00,9.8100004196167,9.920900344848633,9.8100004196167,9.920900344848633,249,0.0,0.0
2022-10-07 10:30:00-04:00,9.699999809265137,9.869999885559082,9.550000190734863,9.869999885559082,2843,0.0,0.0
2022-10-07 12:30:00-04:00,9.75,9.819999694824219,9.430000305175781,9.800000190734863,2625,0.0,0.0
2022-10-07 14:30:00-04:00,9.1899995803833,9.199999809265137,8.520000457763672,8.770000457763672,17279,0.0,0.0
2022-10-07 15:30:00-04:00,8.479999542236328,8.479999542236328,6.960000038146973,7.25,63305,0.0,0.0
2022-10-10 09:30:00-04:00,7.539999961853027,7.859899997711182,7.28000020980835,7.460000038146973,18053,0.0,0.0
2022-10-10 10:30:00-04:00,7.664999961853027,7.869999885559082,7.46999979019165,7.519999980926514,9459,0.0,0.0
2022-10-10 11:30:00-04:00,7.605000019073486,7.951099872589111,7.519999980926514,7.739999771118164,3225,0.0,0.0
2022-10-10 12:30:00-04:00,7.8541998863220215,7.8541998863220215,7.369999885559082,7.369999885559082,2008,0.0,0.0
2022-10-10 13:30:00-04:00,7.53000020980835,7.53000020980835,6.849999904632568,7.289999961853027,21535,0.0,0.0
2022-10-10 14:30:00-04:00,7.195000171661377,7.195000171661377,6.73199987411499,6.972700119018555,7587,0.0,0.0
2022-10-10 15:30:00-04:00,6.800000190734863,7.179999828338623,6.800000190734863,7.130000114440918,14464,0.0,0.0
2022-10-11 09:30:00-04:00,7.369999885559082,7.634799957275391,7.199999809265137,7.634799957275391,9062,0.0,0.0
2022-10-11 10:30:00-04:00,7.260000228881836,7.260000228881836,6.739999771118164,7.0,13865,0.0,0.0
2022-10-11 11:30:00-04:00,7.0,7.420000076293945,6.90500020980835,7.239999771118164,14307,0.0,0.0
2022-10-11 12:30:00-04:00,7.625500202178955,8.279999732971191,7.579999923706055,8.279999732971191,53139,0.0,0.0
2022-10-11 13:30:00-04:00,8.300000190734863,8.869999885559082,8.239999771118164,8.866499900817871,31392,0.0,0.0
2022-10-11 14:30:00-04:00,8.866900444030762,9.199999809265137,8.550000190734863,8.845000267028809,41436,0.0,0.0
2022-10-11 15:30:00-04:00,8.845000267028809,8.989999771118164,7.989999771118164,8.0,26580,0.0,0.0
2022-10-12 09:30:00-04:00,8.119999885559082,8.40999984741211,7.510000228881836,7.53000020980835,23539,0.0,0.0
2022-10-12 10:30:00-04:00,7.900000095367432,8.229999542236328,7.570000171661377,8.100000381469727,9894,0.0,0.0
2022-10-12 11:30:00-04:00,8.069999694824219,8.429900169372559,8.069999694824219,8.09000015258789,7414,0.0,0.0
2022-10-12 12:30:00-04:00,8.234999656677246,8.289999961853027,7.699999809265137,7.980000019073486,6699,0.0,0.0
2022-10-12 13:30:00-04:00,7.75,7.840000152587891,7.590000152587891,7.840000152587891,4256,0.0,0.0
2022-10-12 14:30:00-04:00,7.900000095367432,8.1225004196167,7.769999980926514,7.900000095367432,11429,0.0,0.0
2022-10-12 15:30:00-04:00,8.050000190734863,8.130000114440918,7.900000095367432,7.989999771118164,2409,0.0,0.0
2022-10-13 09:30:00-04:00,7.5,7.96999979019165,7.300000190734863,7.809999942779541,9238,0.0,0.0
2022-10-13 10:30:00-04:00,8.010000228881836,8.010000228881836,7.909999847412109,7.954999923706055,1690,0.0,0.0
2022-10-13 11:30:00-04:00,7.849999904632568,7.942699909210205,7.800000190734863,7.942699909210205,1036,0.0,0.0
2022-10-13 12:30:00-04:00,7.949900150299072,8.399999618530273,7.929999828338623,8.130399703979492,6967,0.0,0.0
2022-10-13 13:30:00-04:00,8.204999923706055,8.204999923706055,8.204999923706055,8.204999923706055,564,0.0,0.0
2022-10-13 14:30:00-04:00,8.399999618530273,8.5,8.329999923706055,8.450799942016602,3902,0.0,0.0
2022-10-13 15:30:00-04:00,8.460000038146973,8.800000190734863,8.448699951171875,8.800000190734863,2782,0.0,0.0
2022-10-14 09:30:00-04:00,8.5600004196167,8.614500045776367,7.989999771118164,8.140000343322754,8833,0.0,0.0
2022-10-14 10:30:00-04:00,8.010000228881836,8.140000343322754,7.690000057220459,7.869999885559082,26887,0.0,0.0
2022-10-14 11:30:00-04:00,7.760000228881836,7.789999961853027,7.269999980926514,7.449999809265137,22664,0.0,0.0
2022-10-14 12:30:00-04:00,7.389999866485596,7.449999809265137,7.050000190734863,7.140399932861328,39387,0.0,0.0
2022-10-14 13:30:00-04:00,7.070000171661377,7.315000057220459,7.070000171661377,7.275000095367432,22424,0.0,0.0
2022-10-14 14:30:00-04:00,7.25,7.255000114440918,7.059999942779541,7.164999961853027,17846,0.0,0.0
2022-10-14 15:30:00-04:00,7.170000076293945,7.170000076293945,7.070000171661377,7.070000171661377,4918,0.0,0.0
2022-10-17 09:30:00-04:00,7.400000095367432,7.400000095367432,7.079999923706055,7.099999904632568,25205,0.0,0.0
2022-10-17 10:30:00-04:00,7.090000152587891,7.170000076293945,7.079999923706055,7.100100040435791,5266,0.0,0.0
2022-10-17 11:30:00-04:00,7.110000133514404,7.110000133514404,7.054999828338623,7.054999828338623,7192,0.0,0.0
2022-10-17 12:30:00-04:00,7.050000190734863,7.050000190734863,6.914999961853027,7.0,6468,0.0,0.0
2022-10-17 13:30:00-04:00,7.090000152587891,7.099999904632568,6.980000019073486,6.989999771118164,5037,0.0,0.0
2022-10-17 14:30:00-04:00,6.960000038146973,7.315000057220459,6.960000038146973,7.315000057220459,3872,0.0,0.0
2022-10-17 15:30:00-04:00,7.460000038146973,7.460000038146973,7.199999809265137,7.199999809265137,3868,0.0,0.0
2022-10-18 09:30:00-04:00,7.239999771118164,7.309999942779541,6.946000099182129,7.295000076293945,14270,0.0,0.0
2022-10-18 10:30:00-04:00,7.321499824523926,7.590000152587891,7.272500038146973,7.590000152587891,25006,0.0,0.0
2022-10-18 11:30:00-04:00,7.5,7.573500156402588,7.375,7.559999942779541,2928,0.0,0.0
2022-10-18 12:30:00-04:00,7.5,7.614999771118164,7.480000019073486,7.614999771118164,2542,0.0,0.0
2022-10-18 13:30:00-04:00,7.579999923706055,7.730000019073486,7.53000020980835,7.53000020980835,5569,0.0,0.0
2022-10-18 14:30:00-04:00,7.75,7.869999885559082,7.539999961853027,7.5843000411987305,5599,0.0,0.0
2022-10-18 15:30:00-04:00,7.730000019073486,7.795000076293945,7.590000152587891,7.78000020980835,3839,0.0,0.0
2022-10-19 09:30:00-04:00,7.820000171661377,7.820000171661377,7.150000095367432,7.369999885559082,17260,0.0,0.0
2022-10-19 10:30:00-04:00,7.565000057220459,7.769999980926514,7.019999980926514,7.179999828338623,40689,0.0,0.0
2022-10-19 11:30:00-04:00,7.110000133514404,7.190000057220459,6.769999980926514,6.820000171661377,18038,0.0,0.0
2022-10-19 12:30:00-04:00,6.820000171661377,6.945000171661377,6.800000190734863,6.889999866485596,11493,0.0,0.0
2022-10-19 13:30:00-04:00,6.949999809265137,7.0,6.889999866485596,6.949999809265137,2429,0.0,0.0
2022-10-19 14:30:00-04:00,6.989999771118164,7.019999980926514,6.929999828338623,6.980000019073486,5492,0.0,0.0
2022-10-19 15:30:00-04:00,6.989999771118164,7.079999923706055,6.929999828338623,6.96999979019165,9638,0.0,0.0
2022-10-20 09:30:00-04:00,6.909999847412109,7.070400238037109,6.909999847412109,6.909999847412109,1602,0.0,0.0
2022-10-20 10:30:00-04:00,7.010000228881836,7.499899864196777,6.78000020980835,6.820000171661377,8798,0.0,0.0
2022-10-20 11:30:00-04:00,6.974999904632568,7.204999923706055,6.809999942779541,6.900100231170654,3192,0.0,0.0
2022-10-20 12:30:00-04:00,7.210000038146973,7.210000038146973,6.900000095367432,6.909999847412109,4101,0.0,0.0
2022-10-20 13:30:00-04:00,6.900000095367432,7.010000228881836,6.570000171661377,6.78000020980835,18769,0.0,0.0
2022-10-20 14:30:00-04:00,6.784999847412109,6.949999809265137,6.539999961853027,6.949999809265137,13597,0.0,0.0
2022-10-20 15:30:00-04:00,6.949999809265137,6.960000038146973,6.800000190734863,6.840000152587891,16213,0.0,0.0
2022-10-21 09:30:00-04:00,7.039999961853027,7.039999961853027,6.800000190734863,6.849999904632568,2335,0.0,0.0
2022-10-21 10:30:00-04:00,6.809999942779541,6.809999942779541,6.809999942779541,6.809999942779541,368,0.0,0.0
2022-10-21 11:30:00-04:00,7.139999866485596,7.159999847412109,6.849999904632568,7.010000228881836,2776,0.0,0.0
2022-10-21 12:30:00-04:00,6.849999904632568,7.03000020980835,6.849999904632568,7.03000020980835,637,0.0,0.0
2022-10-21 13:30:00-04:00,6.860000133514404,6.860000133514404,6.730000019073486,6.730000019073486,850,0.0,0.0
2022-10-21 14:30:00-04:00,6.795000076293945,7.050000190734863,6.699999809265137,7.050000190734863,3602,0.0,0.0
2022-10-21 15:30:00-04:00,7.070000171661377,7.079999923706055,6.909999847412109,7.070000171661377,2411,0.0,0.0
2022-10-24 09:30:00-04:00,7.0,7.0,7.0,7.0,904,0.0,0.0
2022-10-24 10:30:00-04:00,6.829999923706055,6.829999923706055,6.75,6.75,530,0.0,0.0
2022-10-24 11:30:00-04:00,6.630000114440918,6.650000095367432,6.510000228881836,6.53000020980835,8493,0.0,0.0
2022-10-24 12:30:00-04:00,6.603000164031982,6.610000133514404,6.550000190734863,6.550000190734863,1779,0.0,0.0
2022-10-24 13:30:00-04:00,6.590000152587891,6.590000152587891,6.210000038146973,6.210000038146973,8008,0.0,0.0
2022-10-24 14:30:00-04:00,6.170000076293945,6.46999979019165,6.170000076293945,6.300000190734863,9572,0.0,0.0
2022-10-24 15:30:00-04:00,6.300000190734863,6.309999942779541,6.230000019073486,6.300000190734863,2756,0.0,0.0
2022-10-25 09:30:00-04:00,6.420000076293945,6.420000076293945,5.809999942779541,5.929999828338623,15878,0.0,0.0
2022-10-25 10:30:00-04:00,6.099999904632568,6.369999885559082,5.940100193023682,6.369999885559082,4280,0.0,0.0
2022-10-25 11:30:00-04:00,6.408299922943115,6.764800071716309,6.360099792480469,6.764800071716309,7108,0.0,0.0
2022-10-25 12:30:00-04:00,6.879899978637695,6.90500020980835,6.700099945068359,6.800000190734863,17862,0.0,0.0
2022-10-25 13:30:00-04:00,6.809999942779541,6.809999942779541,6.360000133514404,6.369999885559082,21254,0.0,0.0
2022-10-25 14:30:00-04:00,6.369999885559082,6.407100200653076,6.119999885559082,6.230000019073486,20734,0.0,0.0
2022-10-25 15:30:00-04:00,6.267300128936768,6.267300128936768,6.090000152587891,6.090000152587891,9983,0.0,0.0
2022-10-26 09:30:00-04:00,6.230000019073486,6.670000076293945,6.130000114440918,6.25,9596,0.0,0.0
2022-10-26 10:30:00-04:00,6.130000114440918,6.311200141906738,6.03000020980835,6.03000020980835,9607,0.0,0.0
2022-10-26 11:30:00-04:00,6.099899768829346,6.150000095367432,6.010000228881836,6.150000095367432,15914,0.0,0.0
2022-10-26 12:30:00-04:00,6.190000057220459,6.300000190734863,5.980000019073486,6.269999980926514,8924,0.0,0.0
2022-10-26 13:30:00-04:00,6.090000152587891,6.099999904632568,5.699999809265137,5.900000095367432,21206,0.0,0.0
2022-10-26 14:30:00-04:00,5.979899883270264,6.03000020980835,5.900000095367432,5.909999847412109,9305,0.0,0.0
2022-10-26 15:30:00-04:00,5.920000076293945,6.03000020980835,5.71999979019165,5.78000020980835,8651,0.0,0.0
2022-10-27 09:30:00-04:00,5.96999979019165,5.96999979019165,5.620100021362305,5.75,3666,0.0,0.0
2022-10-27 10:30:00-04:00,5.900000095367432,5.900000095367432,5.900000095367432,5.900000095367432,234,0.0,0.0
2022-10-27 11:30:00-04:00,5.736100196838379,5.809999942779541,5.736100196838379,5.809999942779541,519,0.0,0.0
2022-10-27 12:30:00-04:00,5.809999942779541,5.849999904632568,5.710000038146973,5.849999904632568,6140,0.0,0.0
2022-10-27 13:30:00-04:00,5.809999942779541,5.889999866485596,5.742000102996826,5.849999904632568,3682,0.0,0.0
2022-10-27 14:30:00-04:00,5.804999828338623,5.909999847412109,5.804999828338623,5.909999847412109,643,0.0,0.0
2022-10-27 15:30:00-04:00,5.940000057220459,6.029900074005127,5.940000057220459,6.010000228881836,6745,0.0,0.0
2022-10-28 09:30:00-04:00,5.900000095367432,6.010000228881836,5.769999980926514,6.0,3157,0.0,0.0
2022-10-28 10:30:00-04:00,6.010000228881836,6.065000057220459,5.909999847412109,6.065000057220459,5767,0.0,0.0
2022-10-28 11:30:00-04:00,6.010000228881836,6.010000228881836,5.820000171661377,5.934999942779541,8530,0.0,0.0
2022-10-28 12:30:00-04:00,5.980000019073486,5.980000019073486,5.78000020980835,5.869999885559082,2420,0.0,0.0
2022-10-28 13:30:00-04:00,5.885000228881836,5.980000019073486,5.800000190734863,5.849999904632568,5978,0.0,0.0
2022-10-28 14:30:00-04:00,5.849999904632568,5.940000057220459,5.849999904632568,5.860000133514404,566,0.0,0.0
2022-10-28 15:30:00-04:00,5.920000076293945,6.059999942779541,5.849999904632568,6.0,20241,0.0,0.0
2022-10-31 09:30:00-04:00,6.210000038146973,6.235000133514404,5.809999942779541,6.0,22375,0.0,0.0
2022-10-31 10:30:00-04:00,5.980000019073486,6.005000114440918,5.980000019073486,6.005000114440918,961,0.0,0.0
2022-10-31 11:30:00-04:00,6.019999980926514,6.019999980926514,5.920000076293945,5.929999828338623,1837,0.0,0.0
2022-10-31 12:30:00-04:00,5.920000076293945,5.920000076293945,5.880000114440918,5.920000076293945,2329,0.0,0.0
2022-10-31 13:30:00-04:00,5.945000171661377,6.110000133514404,5.945000171661377,6.039999961853027,10148,0.0,0.0
2022-10-31 14:30:00-04:00,6.054999828338623,6.110000133514404,6.054999828338623,6.110000133514404,10986,0.0,0.0
2022-10-31 15:30:00-04:00,6.110000133514404,6.159999847412109,6.099999904632568,6.135000228881836,15430,0.0,0.0
2022-11-01 09:30:00-04:00,6.110000133514404,6.409999847412109,5.78000020980835,5.989999771118164,13170,0.0,0.0
2022-11-01 10:30:00-04:00,5.989999771118164,6.26639986038208,5.989999771118164,6.074999809265137,4688,0.0,0.0
2022-11-01 11:30:00-04:00,6.190000057220459,6.190000057220459,6.02209997177124,6.02209997177124,2275,0.0,0.0
2022-11-01 12:30:00-04:00,6.090000152587891,6.190000057220459,6.090000152587891,6.190000057220459,837,0.0,0.0
2022-11-01 13:30:00-04:00,6.119999885559082,6.130000114440918,6.119999885559082,6.119999885559082,906,0.0,0.0
2022-11-01 14:30:00-04:00,6.110000133514404,6.300000190734863,6.110000133514404,6.224999904632568,4562,0.0,0.0
2022-11-01 15:30:00-04:00,6.28000020980835,6.28000020980835,6.28000020980835,6.28000020980835,636,0.0,0.0
2022-11-02 09:30:00-04:00,6.110000133514404,6.3618998527526855,6.010000228881836,6.159999847412109,5654,0.0,0.0
2022-11-02 10:30:00-04:00,6.190000057220459,6.300000190734863,6.15500020980835,6.300000190734863,1877,0.0,0.0
2022-11-02 11:30:00-04:00,6.164999961853027,6.300000190734863,6.164999961853027,6.170000076293945,1940,0.0,0.0
2022-11-02 12:30:00-04:00,6.300000190734863,6.300000190734863,6.170000076293945,6.170000076293945,1207,0.0,0.0
2022-11-02 13:30:00-04:00,6.130000114440918,6.389999866485596,6.130000114440918,6.28000020980835,17062,0.0,0.0
2022-11-02 14:30:00-04:00,6.289999961853027,6.400000095367432,6.159999847412109,6.300000190734863,7865,0.0,0.0
2022-11-02 15:30:00-04:00,6.170000076293945,6.570000171661377,6.170000076293945,6.5,8468,0.0,0.0
2022-11-03 09:30:00-04:00,6.420000076293945,7.0,6.340000152587891,6.702700138092041,12534,0.0,0.0
2022-11-03 10:30:00-04:00,6.96999979019165,7.050000190734863,6.809999942779541,7.005000114440918,17519,0.0,0.0
2022-11-03 11:30:00-04:00,7.0370001792907715,7.090000152587891,6.929999828338623,7.090000152587891,6729,0.0,0.0
2022-11-03 12:30:00-04:00,7.079999923706055,7.079999923706055,6.5,6.872099876403809,10001,0.0,0.0
2022-11-03 13:30:00-04:00,6.869999885559082,7.0,6.659999847412109,6.989999771118164,8923,0.0,0.0
2022-11-03 14:30:00-04:00,6.829999923706055,7.010000228881836,6.809999942779541,6.849999904632568,4991,0.0,0.0
2022-11-03 15:30:00-04:00,6.920000076293945,7.0,6.800000190734863,6.880000114440918,5009,0.0,0.0
2022-11-04 09:30:00-04:00,7.110000133514404,7.110000133514404,6.5,6.840000152587891,12863,0.0,0.0
2022-11-04 11:30:00-04:00,6.820000171661377,6.820000171661377,6.550000190734863,6.550000190734863,940,0.0,0.0
2022-11-04 12:30:00-04:00,6.510000228881836,6.650000095367432,6.25,6.489999771118164,4863,0.0,0.0
2022-11-04 13:30:00-04:00,6.409999847412109,6.409999847412109,6.409999847412109,6.409999847412109,460,0.0,0.0
2022-11-04 14:30:00-04:00,6.400000095367432,6.429999828338623,6.389999866485596,6.429999828338623,937,0.0,0.0
2022-11-04 15:30:00-04:00,6.505000114440918,6.599999904632568,6.46999979019165,6.46999979019165,3848,0.0,0.0
2022-11-07 09:30:00-05:00,6.639999866485596,6.650000095367432,6.639999866485596,6.650000095367432,2125,0.0,0.0
2022-11-07 10:30:00-05:00,6.559999942779541,6.559999942779541,6.559999942779541,6.559999942779541,423,0.0,0.0
2022-11-07 11:30:00-05:00,6.560100078582764,6.789999961853027,6.560100078582764,6.71999979019165,4846,0.0,0.0
2022-11-07 12:30:00-05:00,6.650000095367432,6.7733001708984375,6.309999942779541,6.7733001708984375,974,0.0,0.0
2022-11-07 13:30:00-05:00,6.460000038146973,6.610000133514404,6.450200080871582,6.485000133514404,2411,0.0,0.0
2022-11-07 14:30:00-05:00,6.610000133514404,6.619999885559082,6.505000114440918,6.505000114440918,1002,0.0,0.0
2022-11-07 15:30:00-05:00,6.429999828338623,6.53000020980835,6.429999828338623,6.429999828338623,1208,0.0,0.0
2022-11-08 09:30:00-05:00,7.0,7.0,6.510000228881836,6.695000171661377,8918,0.0,0.0
2022-11-08 10:30:00-05:00,6.599999904632568,6.679999828338623,6.599999904632568,6.679999828338623,1525,0.0,0.0
2022-11-08 11:30:00-05:00,6.599999904632568,6.599999904632568,6.599999904632568,6.599999904632568,381,0.0,0.0
2022-11-08 12:30:00-05:00,6.590000152587891,6.590000152587891,6.5,6.550000190734863,1386,0.0,0.0
2022-11-08 13:30:00-05:00,6.505000114440918,6.679999828338623,6.448999881744385,6.448999881744385,593,0.0,0.0
2022-11-08 14:30:00-05:00,6.514999866485596,6.679999828338623,6.340000152587891,6.340000152587891,4970,0.0,0.0
2022-11-08 15:30:00-05:00,6.340000152587891,6.599999904632568,6.340000152587891,6.590000152587891,5264,0.0,0.0
2022-11-09 09:30:00-05:00,6.360000133514404,6.360000133514404,6.360000133514404,6.360000133514404,1001,0.0,0.0
2022-11-09 10:30:00-05:00,6.644999980926514,6.644999980926514,6.309999942779541,6.309999942779541,2745,0.0,0.0
2022-11-09 12:30:00-05:00,6.230000019073486,6.550000190734863,6.150000095367432,6.550000190734863,6778,0.0,0.0
2022-11-09 13:30:00-05:00,6.557700157165527,6.650000095367432,6.179999828338623,6.389999866485596,8278,0.0,0.0
2022-11-09 14:30:00-05:00,6.210000038146973,6.210000038146973,6.210000038146973,6.210000038146973,475,0.0,0.0
2022-11-09 15:30:00-05:00,6.21999979019165,6.369999885559082,6.170000076293945,6.170000076293945,1059,0.0,0.0
2022-11-10 09:30:00-05:00,6.0,6.650000095367432,6.0,6.599999904632568,4550,0.0,0.0
2022-11-10 10:30:00-05:00,6.710000038146973,6.739999771118164,6.539999961853027,6.539999961853027,1620,0.0,0.0
2022-11-10 11:30:00-05:00,6.591100215911865,6.591100215911865,6.340000152587891,6.340099811553955,3439,0.0,0.0
2022-11-10 12:30:00-05:00,6.51039981842041,6.51039981842041,6.51039981842041,6.51039981842041,302,0.0,0.0
2022-11-10 13:30:00-05:00,6.449999809265137,6.5,6.389999866485596,6.409999847412109,960,0.0,0.0
2022-11-10 14:30:00-05:00,6.409999847412109,6.53000020980835,6.380000114440918,6.53000020980835,2966,0.0,0.0
2022-11-10 15:30:00-05:00,6.529900074005127,6.53000020980835,6.269999980926514,6.360000133514404,1773,0.0,0.0
2022-11-11 09:30:00-05:00,6.590000152587891,6.690000057220459,6.5100998878479,6.5100998878479,0,0.0,0.0
2022-11-11 11:30:00-05:00,6.590000152587891,6.880000114440918,6.590000152587891,6.880000114440918,1119,0.0,0.0
2022-11-11 12:30:00-05:00,6.940000057220459,6.949999809265137,6.510000228881836,6.559999942779541,6433,0.0,0.0
2022-11-11 13:30:00-05:00,6.640500068664551,6.640500068664551,6.534999847412109,6.550000190734863,1690,0.0,0.0
2022-11-11 14:30:00-05:00,6.510000228881836,6.510000228881836,6.510000228881836,6.510000228881836,1142,0.0,0.0
2022-11-11 15:30:00-05:00,6.516499996185303,6.534999847412109,6.380000114440918,6.380000114440918,5229,0.0,0.0
2022-11-14 09:30:00-05:00,6.809999942779541,6.809999942779541,6.236700057983398,6.5,4336,0.0,0.0
2022-11-14 10:30:00-05:00,6.519999980926514,6.723800182342529,6.449999809265137,6.519999980926514,6886,0.0,0.0
2022-11-14 11:30:00-05:00,6.670000076293945,7.059999942779541,6.550000190734863,7.019999980926514,15125,0.0,0.0
2022-11-14 12:30:00-05:00,7.010000228881836,7.011099815368652,7.0,7.0,7020,0.0,0.0
2022-11-14 13:30:00-05:00,7.0,7.150000095367432,6.83050012588501,6.869999885559082,10579,0.0,0.0
2022-11-14 14:30:00-05:00,6.880000114440918,7.139999866485596,6.800000190734863,6.800000190734863,3571,0.0,0.0
2022-11-14 15:30:00-05:00,6.840000152587891,7.059999942779541,6.800000190734863,6.800000190734863,4231,0.0,0.0
2022-11-15 09:30:00-05:00,7.0,7.139999866485596,7.0,7.139999866485596,2537,0.0,0.0
2022-11-15 10:30:00-05:00,7.139999866485596,7.199999809265137,7.019999980926514,7.184999942779541,7918,0.0,0.0
2022-11-15 11:30:00-05:00,7.289999961853027,8.164999961853027,7.289999961853027,7.599999904632568,21507,0.0,0.0
2022-11-15 12:30:00-05:00,7.75,8.34000015258789,7.610799789428711,8.135000228881836,8526,0.0,0.0
2022-11-15 13:30:00-05:00,8.140000343322754,8.220000267028809,7.179999828338623,7.5,63422,0.0,0.0
2022-11-15 14:30:00-05:00,7.739999771118164,7.769999980926514,7.579999923706055,7.690000057220459,11132,0.0,0.0
2022-11-15 15:30:00-05:00,7.614999771118164,7.690000057220459,7.420000076293945,7.420000076293945,10830,0.0,0.0
2022-11-16 09:30:00-05:00,7.5,7.690000057220459,7.090000152587891,7.460000038146973,19235,0.0,0.0
2022-11-16 10:30:00-05:00,7.630000114440918,7.738399982452393,7.489999771118164,7.730000019073486,4293,0.0,0.0
2022-11-16 11:30:00-05:00,7.550000190734863,7.71999979019165,7.550000190734863,7.630000114440918,2679,0.0,0.0
2022-11-16 12:30:00-05:00,7.59499979019165,7.75,7.46999979019165,7.559999942779541,6739,0.0,0.0
2022-11-16 13:30:00-05:00,7.630000114440918,7.630000114440918,7.557799816131592,7.559999942779541,1364,0.0,0.0
2022-11-16 14:30:00-05:00,7.630000114440918,7.75,7.480000019073486,7.599999904632568,4328,0.0,0.0
2022-11-16 15:30:00-05:00,7.619999885559082,7.690000057220459,7.406000137329102,7.5,6935,0.0,0.0
2022-11-17 09:30:00-05:00,7.25,7.25,6.809999942779541,7.139999866485596,6490,0.0,0.0
2022-11-17 14:30:00-05:00,7.434999942779541,7.670000076293945,7.370999813079834,7.670000076293945,3586,0.0,0.0
2022-11-17 15:30:00-05:00,7.474999904632568,7.474999904632568,7.269999980926514,7.269999980926514,2508,0.0,0.0
2022-11-18 09:30:00-05:00,7.480000019073486,7.480000019073486,7.480000019073486,7.480000019073486,758,0.0,0.0
2022-11-18 10:30:00-05:00,7.449999809265137,7.46999979019165,7.224599838256836,7.449999809265137,1509,0.0,0.0
2022-11-18 11:30:00-05:00,7.309999942779541,7.46999979019165,7.289999961853027,7.440000057220459,1642,0.0,0.0
2022-11-18 12:30:00-05:00,7.440000057220459,7.460000038146973,7.269999980926514,7.460000038146973,2330,0.0,0.0
2022-11-18 13:30:00-05:00,7.460000038146973,7.699999809265137,7.330699920654297,7.699999809265137,11949,0.0,0.0
2022-11-18 14:30:00-05:00,7.690000057220459,7.820000171661377,7.310999870300293,7.5,10504,0.0,0.0
2022-11-18 15:30:00-05:00,7.552000045776367,7.590000152587891,7.34499979019165,7.360000133514404,5735,0.0,0.0
2022-11-21 09:30:00-05:00,7.239999771118164,7.480000019073486,7.239999771118164,7.349999904632568,3809,0.0,0.0
2022-11-21 10:30:00-05:00,7.385000228881836,7.5,7.300099849700928,7.5,4837,0.0,0.0
2022-11-21 11:30:00-05:00,7.489999771118164,7.980000019073486,7.429999828338623,7.960000038146973,31574,0.0,0.0
2022-11-21 12:30:00-05:00,7.940000057220459,8.3100004196167,7.920000076293945,8.25,13452,0.0,0.0
2022-11-21 13:30:00-05:00,8.25,8.600000381469727,8.079999923706055,8.600000381469727,23330,0.0,0.0
2022-11-21 14:30:00-05:00,8.59000015258789,8.989899635314941,8.199999809265137,8.279999732971191,29037,0.0,0.0
2022-11-21 15:30:00-05:00,8.199999809265137,8.305000305175781,8.100000381469727,8.220000267028809,19470,0.0,0.0
2022-11-22 09:30:00-05:00,8.020000457763672,8.260000228881836,7.070000171661377,7.210000038146973,24281,0.0,0.0
2022-11-22 10:30:00-05:00,7.329999923706055,7.360000133514404,6.960000038146973,7.079999923706055,13684,0.0,0.0
2022-11-22 11:30:00-05:00,7.099999904632568,7.210000038146973,7.050000190734863,7.179999828338623,4590,0.0,0.0
2022-11-22 12:30:00-05:00,7.059999942779541,7.429999828338623,7.050099849700928,7.429999828338623,9682,0.0,0.0
2022-11-22 13:30:00-05:00,7.420000076293945,7.46999979019165,7.300000190734863,7.440000057220459,3669,0.0,0.0
2022-11-22 14:30:00-05:00,7.335000038146973,7.619999885559082,7.150000095367432,7.550000190734863,11453,0.0,0.0
2022-11-22 15:30:00-05:00,7.619999885559082,7.664999961853027,7.210000038146973,7.394999980926514,13237,0.0,0.0
2022-11-23 09:30:00-05:00,7.320000171661377,7.670000076293945,7.320000171661377,7.489999771118164,8268,0.0,0.0
2022-11-23 10:30:00-05:00,7.639999866485596,8.720000267028809,7.639999866485596,8.720000267028809,3127,0.0,0.0
2022-11-23 11:30:00-05:00,8.279999732971191,8.279999732971191,7.550000190734863,7.925000190734863,2047,0.0,0.0
2022-11-23 12:30:00-05:00,7.929999828338623,8.079999923706055,7.760000228881836,8.079999923706055,6263,0.0,0.0
2022-11-23 13:30:00-05:00,7.840000152587891,8.100000381469727,7.829999923706055,7.945000171661377,4493,0.0,0.0
2022-11-23 14:30:00-05:00,8.100000381469727,8.479999542236328,7.940000057220459,8.170000076293945,15551,0.0,0.0
2022-11-23 15:30:00-05:00,8.0600004196167,8.170000076293945,7.809999942779541,8.140000343322754,10075,0.0,0.0
2022-11-25 09:30:00-05:00,7.739999771118164,8.399999618530273,7.519999980926514,7.900000095367432,0,0.0,0.0
2022-11-25 10:30:00-05:00,7.920000076293945,7.920000076293945,7.920000076293945,7.920000076293945,240,0.0,0.0
2022-11-25 11:30:00-05:00,7.8979997634887695,8.029999732971191,7.815000057220459,8.020000457763672,1188,0.0,0.0
2022-11-28 09:30:00-05:00,7.96999979019165,8.460000038146973,7.66949987411499,8.25,4500,0.0,0.0
2022-11-28 10:30:00-05:00,8.319999694824219,8.319999694824219,7.820000171661377,7.880000114440918,11842,0.0,0.0
2022-11-28 11:30:00-05:00,7.949999809265137,8.119999885559082,7.210000038146973,7.735000133514404,8379,0.0,0.0
2022-11-28 12:30:00-05:00,7.210000038146973,7.940000057220459,7.210000038146973,7.610000133514404,744,0.0,0.0
2022-11-28 13:30:00-05:00,7.849999904632568,7.849999904632568,7.610000133514404,7.635000228881836,35926,0.0,0.0
2022-11-28 14:30:00-05:00,7.889999866485596,8.149999618530273,7.889999866485596,8.050000190734863,3792,0.0,0.0
2022-11-28 15:30:00-05:00,8.039999961853027,8.100000381469727,8.0,8.0600004196167,3161,0.0,0.0
2022-11-29 09:30:00-05:00,8.220000267028809,8.220000267028809,8.0,8.09000015258789,3880,0.0,0.0
2022-11-29 10:30:00-05:00,8.085000038146973,8.085000038146973,8.069999694824219,8.069999694824219,1630,0.0,0.0
2022-11-29 11:30:00-05:00,8.199999809265137,8.239999771118164,8.199999809265137,8.239999771118164,807,0.0,0.0
2022-11-29 12:30:00-05:00,8.274999618530273,8.274999618530273,8.059300422668457,8.059300422668457,1062,0.0,0.0
2022-11-29 13:30:00-05:00,8.18809986114502,8.270000457763672,8.177499771118164,8.177499771118164,1583,0.0,0.0
2022-11-29 15:30:00-05:00,8.100000381469727,8.100000381469727,8.079999923706055,8.079999923706055,360,0.0,0.0
2022-11-30 09:30:00-05:00,8.020000457763672,8.149999618530273,7.784999847412109,7.90500020980835,29958,0.0,0.0
2022-11-30 10:30:00-05:00,7.90500020980835,8.109999656677246,7.880000114440918,8.020000457763672,3480,0.0,0.0
2022-11-30 11:30:00-05:00,8.055000305175781,8.055000305175781,8.055000305175781,8.055000305175781,414,0.0,0.0
2022-11-30 12:30:00-05:00,8.000100135803223,8.000100135803223,7.71999979019165,7.96999979019165,5150,0.0,0.0
2022-11-30 13:30:00-05:00,7.809999942779541,8.100000381469727,7.809999942779541,8.100000381469727,10787,0.0,0.0
2022-11-30 14:30:00-05:00,8.109999656677246,8.390000343322754,8.109999656677246,8.199999809265137,3792,0.0,0.0
2022-11-30 15:30:00-05:00,8.199999809265137,8.260000228881836,8.109999656677246,8.199999809265137,6065,0.0,0.0
2022-12-01 09:30:00-05:00,8.539999961853027,8.609999656677246,8.109999656677246,8.109999656677246,7246,0.0,0.0
2022-12-01 10:30:00-05:00,8.074999809265137,8.130000114440918,8.010000228881836,8.039999961853027,2732,0.0,0.0
2022-12-01 11:30:00-05:00,8.300000190734863,8.300000190734863,8.069999694824219,8.069999694824219,275,0.0,0.0
2022-12-01 12:30:00-05:00,8.145000457763672,8.271100044250488,8.0,8.074999809265137,4305,0.0,0.0
2022-12-01 13:30:00-05:00,8.074999809265137,8.170000076293945,8.029999732971191,8.15999984741211,1581,0.0,0.0
2022-12-01 14:30:00-05:00,8.15999984741211,8.270000457763672,8.15999984741211,8.180000305175781,5272,0.0,0.0
2022-12-01 15:30:00-05:00,8.170000076293945,8.180000305175781,8.0,8.0,3394,0.0,0.0
2022-12-02 09:30:00-05:00,7.989999771118164,7.989999771118164,7.989999771118164,7.989999771118164,1386,0.0,0.0
2022-12-02 10:30:00-05:00,8.138400077819824,8.138400077819824,8.119999885559082,8.125,684,0.0,0.0
2022-12-02 11:30:00-05:00,8.130000114440918,8.25,8.119999885559082,8.199999809265137,5153,0.0,0.0
2022-12-02 12:30:00-05:00,8.210000038146973,8.234999656677246,8.199999809265137,8.199999809265137,2410,0.0,0.0
2022-12-02 13:30:00-05:00,8.199999809265137,8.199999809265137,7.820000171661377,7.960000038146973,4436,0.0,0.0
2022-12-02 14:30:00-05:00,8.100000381469727,8.199999809265137,8.00100040435791,8.024999618530273,6145,0.0,0.0
2022-12-02 15:30:00-05:00,8.149999618530273,8.149999618530273,7.989999771118164,8.0,4810,0.0,0.0
2022-12-05 09:30:00-05:00,7.96999979019165,8.289999961853027,7.894999980926514,7.894999980926514,0,0.0,0.0
2022-12-05 10:30:00-05:00,7.84499979019165,8.184499740600586,7.75,8.0649995803833,2660,0.0,0.0
2022-12-05 11:30:00-05:00,8.0600004196167,8.100000381469727,7.929999828338623,8.100000381469727,8415,0.0,0.0
2022-12-05 12:30:00-05:00,8.100000381469727,8.100000381469727,8.0649995803833,8.0649995803833,572,0.0,0.0
2022-12-05 13:30:00-05:00,8.0600004196167,8.100000381469727,7.739999771118164,7.741000175476074,11126,0.0,0.0
2022-12-05 14:30:00-05:00,7.789999961853027,8.0,7.760000228881836,7.989999771118164,5376,0.0,0.0
2022-12-05 15:30:00-05:00,7.989999771118164,8.09000015258789,7.900000095367432,8.050000190734863,8532,0.0,0.0
2022-12-06 09:30:00-05:00,7.900000095367432,8.149900436401367,7.599999904632568,7.875,8518,0.0,0.0
2022-12-06 10:30:00-05:00,7.699999809265137,7.699999809265137,7.097300052642822,7.34499979019165,13958,0.0,0.0
2022-12-06 11:30:00-05:00,7.5,7.769999980926514,7.25,7.599999904632568,12222,0.0,0.0
2022-12-06 12:30:00-05:00,7.599999904632568,7.599999904632568,7.204999923706055,7.204999923706055,9303,0.0,0.0
2022-12-06 13:30:00-05:00,7.199999809265137,7.380000114440918,7.139999866485596,7.260000228881836,6482,0.0,0.0
2022-12-06 14:30:00-05:00,7.260000228881836,7.579999923706055,7.25,7.579999923706055,12307,0.0,0.0
2022-12-06 15:30:00-05:00,7.579999923706055,7.769999980926514,7.449999809265137,7.550000190734863,0,0.0,0.0
2022-12-07 09:30:00-05:00,7.53000020980835,8.045000076293945,7.46999979019165,8.010000228881836,12901,0.0,0.0
2022-12-07 10:30:00-05:00,7.949900150299072,8.076299667358398,7.820000171661377,8.076299667358398,1806,0.0,0.0
2022-12-07 11:30:00-05:00,7.945000171661377,8.25,7.800000190734863,8.09000015258789,7013,0.0,0.0
2022-12-07 12:30:00-05:00,8.074999809265137,8.085000038146973,7.889999866485596,8.085000038146973,1408,0.0,0.0
2022-12-07 13:30:00-05:00,8.09000015258789,8.09000015258789,8.09000015258789,8.09000015258789,377,0.0,0.0
2022-12-07 14:30:00-05:00,8.197500228881836,8.444999694824219,7.889999866485596,8.399999618530273,19440,0.0,0.0
2022-12-07 15:30:00-05:00,8.420000076293945,8.420000076293945,8.199999809265137,8.20009994506836,14751,0.0,0.0
2022-12-08 09:30:00-05:00,8.449999809265137,8.449999809265137,7.510000228881836,8.074999809265137,3137,0.0,0.0
2022-12-08 10:30:00-05:00,8.210000038146973,8.210000038146973,7.980000019073486,8.010000228881836,9597,0.0,0.0
2022-12-08 11:30:00-05:00,8.119999885559082,8.119999885559082,7.534999847412109,7.760000228881836,9329,0.0,0.0
2022-12-08 12:30:00-05:00,7.860000133514404,7.920000076293945,7.550000190734863,7.75,6052,0.0,0.0
2022-12-08 13:30:00-05:00,7.75,8.0,7.585000038146973,7.989999771118164,16311,0.0,0.0
2022-12-08 14:30:00-05:00,7.820000171661377,7.989999771118164,7.648499965667725,7.899400234222412,9532,0.0,0.0
2022-12-08 15:30:00-05:00,7.849999904632568,7.96999979019165,7.849999904632568,7.900000095367432,5131,0.0,0.0
2022-12-09 09:30:00-05:00,8.34000015258789,8.34000015258789,7.78000020980835,8.0,6226,0.0,0.0
2022-12-09 10:30:00-05:00,8.270000457763672,8.289999961853027,7.889999866485596,8.0,14266,0.0,0.0
2022-12-09 11:30:00-05:00,8.0,8.140000343322754,7.840000152587891,7.989999771118164,10132,0.0,0.0
2022-12-09 12:30:00-05:00,7.989999771118164,8.100000381469727,7.840000152587891,8.0,7404,0.0,0.0
2022-12-09 13:30:00-05:00,8.0600004196167,8.0600004196167,7.900000095367432,7.960000038146973,4829,0.0,0.0
2022-12-09 14:30:00-05:00,8.0,8.029999732971191,7.769999980926514,7.949999809265137,18446,0.0,0.0
2022-12-09 15:30:00-05:00,8.0,8.039999961853027,7.75,7.840000152587891,4938,0.0,0.0
2022-12-12 09:30:00-05:00,7.909999847412109,8.199999809265137,7.829999923706055,7.980000019073486,12960,0.0,0.0
2022-12-12 10:30:00-05:00,7.980000019073486,8.0,7.909999847412109,7.942500114440918,1601,0.0,0.0
2022-12-12 11:30:00-05:00,7.926300048828125,8.140000343322754,7.926300048828125,8.0,5123,0.0,0.0
2022-12-12 12:30:00-05:00,8.010000228881836,8.100000381469727,7.949999809265137,8.09000015258789,6982,0.0,0.0
2022-12-12 13:30:00-05:00,8.015000343322754,8.09000015258789,7.889999866485596,8.0,10007,0.0,0.0
2022-12-12 14:30:00-05:00,8.0,8.0600004196167,7.929999828338623,7.940000057220459,10360,0.0,0.0
2022-12-12 15:30:00-05:00,8.0,8.050000190734863,7.909999847412109,7.989999771118164,13480,0.0,0.0
2022-12-13 09:30:00-05:00,8.09000015258789,8.300000190734863,7.949999809265137,8.289999961853027,6358,0.0,0.0
2022-12-13 10:30:00-05:00,8.289999961853027,8.3100004196167,8.175000190734863,8.260000228881836,12744,0.0,0.0
2022-12-13 11:30:00-05:00,8.378800392150879,8.378800392150879,8.050000190734863,8.056400299072266,16011,0.0,0.0
2022-12-13 12:30:00-05:00,8.09000015258789,8.25,8.0,8.199999809265137,10470,0.0,0.0
2022-12-13 13:30:00-05:00,8.199999809265137,8.300000190734863,8.149999618530273,8.229999542236328,8499,0.0,0.0
2022-12-13 14:30:00-05:00,8.244999885559082,8.244999885559082,8.010000228881836,8.140000343322754,24272,0.0,0.0
2022-12-13 15:30:00-05:00,8.140000343322754,8.1899995803833,8.100000381469727,8.100000381469727,3206,0.0,0.0
2022-12-14 09:30:00-05:00,8.25,8.25,8.050000190734863,8.09000015258789,935,0.0,0.0
2022-12-14 10:30:00-05:00,8.260000228881836,8.260000228881836,8.170000076293945,8.1899995803833,1400,0.0,0.0
2022-12-14 11:30:00-05:00,8.1899995803833,8.220000267028809,8.170000076293945,8.170000076293945,1236,0.0,0.0
2022-12-14 12:30:00-05:00,8.260000228881836,8.28499984741211,7.789999961853027,8.020000457763672,11406,0.0,0.0
2022-12-14 13:30:00-05:00,7.760000228881836,8.020000457763672,7.760000228881836,8.0,9572,0.0,0.0
2022-12-14 14:30:00-05:00,8.020000457763672,8.199999809265137,7.920000076293945,8.100000381469727,17862,0.0,0.0
2022-12-14 15:30:00-05:00,8.100000381469727,8.199999809265137,8.100000381469727,8.199999809265137,10742,0.0,0.0
2022-12-15 09:30:00-05:00,8.170000076293945,8.170000076293945,8.115300178527832,8.135000228881836,1174,0.0,0.0
2022-12-15 10:30:00-05:00,8.0,8.0,7.75,7.75,1335,0.0,0.0
2022-12-15 11:30:00-05:00,7.849999904632568,7.880000114440918,7.769999980926514,7.769999980926514,1413,0.0,0.0
2022-12-15 12:30:00-05:00,7.78000020980835,7.78000020980835,7.510000228881836,7.510000228881836,7030,0.0,0.0
2022-12-15 13:30:00-05:00,7.625,7.909999847412109,7.5,7.90500020980835,9657,0.0,0.0
2022-12-15 14:30:00-05:00,7.90500020980835,8.1899995803833,7.800000190734863,8.039999961853027,15179,0.0,0.0
2022-12-15 15:30:00-05:00,8.130000114440918,8.25,8.020000457763672,8.239999771118164,16607,0.0,0.0
2022-12-16 09:30:00-05:00,7.949999809265137,8.079999923706055,7.619999885559082,7.75,4193,0.0,0.0
2022-12-16 10:30:00-05:00,7.739999771118164,7.9430999755859375,7.550000190734863,7.699999809265137,7126,0.0,0.0
2022-12-16 11:30:00-05:00,7.699999809265137,8.09000015258789,7.679999828338623,7.880000114440918,10756,0.0,0.0
2022-12-16 12:30:00-05:00,7.869999885559082,8.0,7.579999923706055,7.735000133514404,24394,0.0,0.0
2022-12-16 13:30:00-05:00,7.840000152587891,7.840000152587891,7.579999923706055,7.664999961853027,4462,0.0,0.0
2022-12-16 14:30:00-05:00,7.55109977722168,7.690000057220459,7.510000228881836,7.510000228881836,22239,0.0,0.0
2022-12-16 15:30:00-05:00,7.570000171661377,7.619999885559082,7.130000114440918,7.360000133514404,24902,0.0,0.0
2022-12-19 09:30:00-05:00,7.460000038146973,7.460000038146973,7.050000190734863,7.050000190734863,1307,0.0,0.0
2022-12-19 10:30:00-05:00,7.230000019073486,7.599999904632568,7.190000057220459,7.425000190734863,4074,0.0,0.0
2022-12-19 11:30:00-05:00,7.429999828338623,7.550000190734863,7.380000114440918,7.420000076293945,3212,0.0,0.0
2022-12-19 12:30:00-05:00,7.409999847412109,7.5,7.3231000900268555,7.5,3858,0.0,0.0
2022-12-19 13:30:00-05:00,7.489999771118164,7.579999923706055,7.380000114440918,7.409999847412109,3316,0.0,0.0
2022-12-19 14:30:00-05:00,7.25,7.440000057220459,7.059999942779541,7.369999885559082,4686,0.0,0.0
2022-12-19 15:30:00-05:00,7.400000095367432,7.400000095367432,7.039999961853027,7.039999961853027,5351,0.0,0.0
2022-12-20 09:30:00-05:00,7.050000190734863,7.489999771118164,6.800099849700928,6.929999828338623,0,0.0,0.0
2022-12-20 10:30:00-05:00,6.949999809265137,7.050000190734863,6.849999904632568,6.889999866485596,7465,0.0,0.0
2022-12-20 11:30:00-05:00,6.940000057220459,6.96999979019165,6.500100135803223,6.59499979019165,9133,0.0,0.0
2022-12-20 12:30:00-05:00,6.545000076293945,6.769999980926514,6.519999980926514,6.769999980926514,5586,0.0,0.0
2022-12-20 13:30:00-05:00,6.570000171661377,7.059999942779541,6.570000171661377,6.885000228881836,6122,0.0,0.0
2022-12-20 14:30:00-05:00,7.139999866485596,7.199999809265137,6.800000190734863,6.914999961853027,13095,0.0,0.0
2022-12-20 15:30:00-05:00,6.75,7.190000057220459,6.650000095367432,6.650000095367432,15048,0.0,0.0
2022-12-21 09:30:00-05:00,6.619999885559082,6.809500217437744,6.360000133514404,6.599999904632568,7362,0.0,0.0
2022-12-21 10:30:00-05:00,6.510000228881836,6.659999847412109,6.355000019073486,6.429999828338623,5637,0.0,0.0
2022-12-21 11:30:00-05:00,6.53879976272583,6.644499778747559,6.460000038146973,6.640399932861328,1853,0.0,0.0
2022-12-21 12:30:00-05:00,6.478300094604492,6.679999828338623,6.119999885559082,6.46999979019165,29623,0.0,0.0
2022-12-21 13:30:00-05:00,6.525000095367432,6.630000114440918,6.210000038146973,6.210000038146973,1878,0.0,0.0
2022-12-21 14:30:00-05:00,6.349999904632568,6.349999904632568,6.199999809265137,6.25,4851,0.0,0.0
2022-12-21 15:30:00-05:00,6.199999809265137,6.269999980926514,6.199999809265137,6.260000228881836,1616,0.0,0.0
2022-12-22 09:30:00-05:00,6.139999866485596,6.440000057220459,6.03000020980835,6.050000190734863,42199,0.0,0.0
2022-12-22 10:30:00-05:00,6.056099891662598,6.349999904632568,6.056099891662598,6.340000152587891,932,0.0,0.0
2022-12-22 11:30:00-05:00,6.15500020980835,6.289999961853027,6.15500020980835,6.179999828338623,2020,0.0,0.0
2022-12-22 12:30:00-05:00,6.14900016784668,6.14900016784668,6.019999980926514,6.019999980926514,501,0.0,0.0
2022-12-22 13:30:00-05:00,6.139999866485596,6.329999923706055,6.110000133514404,6.190000057220459,4518,0.0,0.0
2022-12-22 14:30:00-05:00,6.349999904632568,6.349999904632568,6.199999809265137,6.199999809265137,2962,0.0,0.0
2022-12-22 15:30:00-05:00,6.260000228881836,6.320000171661377,6.179999828338623,6.269999980926514,0,0.0,0.0
2022-12-23 09:30:00-05:00,6.150000095367432,6.224999904632568,6.050000190734863,6.119999885559082,12074,0.0,0.0
2022-12-23 10:30:00-05:00,6.099999904632568,6.340000152587891,6.099999904632568,6.340000152587891,1050,0.0,0.0
2022-12-23 11:30:00-05:00,6.099999904632568,6.264800071716309,6.099999904632568,6.150000095367432,2069,0.0,0.0
2022-12-23 12:30:00-05:00,6.150000095367432,6.159999847412109,6.150000095367432,6.150000095367432,1018,0.0,0.0
2022-12-23 13:30:00-05:00,6.25,6.25,6.25,6.25,159,0.0,0.0
2022-12-23 14:30:00-05:00,6.150000095367432,6.199999809265137,6.099999904632568,6.099999904632568,1394,0.0,0.0
2022-12-23 15:30:00-05:00,6.099999904632568,6.099999904632568,6.050000190734863,6.050000190734863,2958,0.0,0.0
2022-12-27 09:30:00-05:00,6.099999904632568,6.099999904632568,6.0,6.0,0,0.0,0.0
2022-12-27 10:30:00-05:00,6.010000228881836,6.059999942779541,5.559999942779541,5.71999979019165,12627,0.0,0.0
2022-12-27 11:30:00-05:00,5.760000228881836,5.914999961853027,5.690800189971924,5.690800189971924,4290,0.0,0.0
2022-12-27 12:30:00-05:00,5.829999923706055,5.840000152587891,5.829999923706055,5.840000152587891,1061,0.0,0.0
2022-12-27 13:30:00-05:00,5.690000057220459,5.75,5.614500045776367,5.614500045776367,8270,0.0,0.0
2022-12-27 14:30:00-05:00,5.619999885559082,5.71999979019165,5.599999904632568,5.605000019073486,8989,0.0,0.0
2022-12-27 15:30:00-05:00,5.619999885559082,5.659999847412109,5.570000171661377,5.570000171661377,7561,0.0,0.0
2022-12-28 09:30:00-05:00,5.519999980926514,5.760000228881836,5.360000133514404,5.360000133514404,9841,0.0,0.0
2022-12-28 10:30:00-05:00,5.46999979019165,5.46999979019165,5.380000114440918,5.434999942779541,3660,0.0,0.0
2022-12-28 11:30:00-05:00,5.400000095367432,5.400000095367432,5.260000228881836,5.260000228881836,6501,0.0,0.0
2022-12-28 12:30:00-05:00,5.39900016784668,5.449999809265137,5.289999961853027,5.364999771118164,5555,0.0,0.0
2022-12-28 13:30:00-05:00,5.309999942779541,5.309999942779541,5.110000133514404,5.204999923706055,4614,0.0,0.0
2022-12-28 14:30:00-05:00,5.210000038146973,5.429999828338623,5.119999885559082,5.429999828338623,28435,0.0,0.0
2022-12-28 15:30:00-05:00,5.429999828338623,5.639999866485596,5.369999885559082,5.389999866485596,11673,0.0,0.0
2022-12-29 09:30:00-05:00,5.460000038146973,5.849999904632568,5.460000038146973,5.849999904632568,0,0.0,0.0
2022-12-29 10:30:00-05:00,5.769999980926514,5.829999923706055,5.565000057220459,5.829999923706055,3106,0.0,0.0
2022-12-29 11:30:00-05:00,5.829999923706055,5.989999771118164,5.684999942779541,5.869999885559082,4713,0.0,0.0
2022-12-29 12:30:00-05:00,5.760000228881836,5.949999809265137,5.638999938964844,5.920000076293945,3948,0.0,0.0
2022-12-29 13:30:00-05:00,5.936299800872803,6.03000020980835,5.650000095367432,6.03000020980835,3436,0.0,0.0
2022-12-29 14:30:00-05:00,6.039999961853027,6.235000133514404,5.960000038146973,6.139999866485596,8655,0.0,0.0
2022-12-29 15:30:00-05:00,6.059999942779541,6.199999809265137,5.889999866485596,5.889999866485596,8207,0.0,0.0
2022-12-30 09:30:00-05:00,5.739999771118164,5.869999885559082,5.525000095367432,5.525000095367432,6682,0.0,0.0
2022-12-30 10:30:00-05:00,5.703000068664551,5.730000019073486,5.703000068664551,5.730000019073486,399,0.0,0.0
2022-12-30 11:30:00-05:00,5.65500020980835,5.820000171661377,5.65500020980835,5.699999809265137,1840,0.0,0.0
2022-12-30 12:30:00-05:00,5.800000190734863,6.010000228881836,5.75,5.809999942779541,5242,0.0,0.0
2022-12-30 13:30:00-05:00,5.920000076293945,5.989999771118164,5.820000171661377,5.989999771118164,7909,0.0,0.0
2022-12-30 14:30:00-05:00,5.934999942779541,6.130000114440918,5.934999942779541,6.070000171661377,10955,0.0,0.0
2022-12-30 15:30:00-05:00,6.110000133514404,6.199999809265137,5.900000095367432,5.909999847412109,21843,0.0,0.0
2023-01-03 09:30:00-05:00,5.96999979019165,6.249899864196777,5.929999828338623,5.929999828338623,16758,0.0,0.0
2023-01-03 10:30:00-05:00,5.869999885559082,5.989999771118164,5.630000114440918,5.989999771118164,6154,0.0,0.0
2023-01-03 11:30:00-05:00,6.2399001121521,6.2399001121521,5.840000152587891,5.840000152587891,1226,0.0,0.0
2023-01-03 12:30:00-05:00,5.914999961853027,5.920000076293945,5.550000190734863,5.829999923706055,2602,0.0,0.0
2023-01-03 13:30:00-05:00,5.83459997177124,5.868500232696533,5.539999961853027,5.868500232696533,4403,0.0,0.0
2023-01-03 14:30:00-05:00,5.690000057220459,5.900000095367432,5.690000057220459,5.900000095367432,2870,0.0,0.0
2023-01-03 15:30:00-05:00,5.867599964141846,5.900000095367432,5.75,5.900000095367432,0,0.0,0.0
2023-01-04 09:30:00-05:00,6.010000228881836,6.139999866485596,5.78000020980835,5.985000133514404,5846,0.0,0.0
2023-01-04 10:30:00-05:00,5.989999771118164,5.989999771118164,5.860000133514404,5.880000114440918,3609,0.0,0.0
2023-01-04 11:30:00-05:00,6.059999942779541,6.079999923706055,5.960000038146973,5.960000038146973,524,0.0,0.0
2023-01-04 12:30:00-05:00,6.050000190734863,6.179500102996826,6.050000190734863,6.179500102996826,735,0.0,0.0
2023-01-04 13:30:00-05:00,6.010000228881836,6.010000228881836,6.010000228881836,6.010000228881836,312,0.0,0.0
2023-01-04 14:30:00-05:00,6.119999885559082,6.179999828338623,6.119999885559082,6.179999828338623,585,0.0,0.0
2023-01-04 15:30:00-05:00,6.139999866485596,6.239999771118164,6.139999866485596,6.21999979019165,3272,0.0,0.0
2023-01-05 09:30:00-05:00,6.650000095367432,6.650000095367432,6.050000190734863,6.070000171661377,6372,0.0,0.0
2023-01-05 10:30:00-05:00,6.309999942779541,6.309999942779541,6.130000114440918,6.130000114440918,1055,0.0,0.0
2023-01-05 11:30:00-05:00,6.169000148773193,6.269999980926514,6.159999847412109,6.269999980926514,5380,0.0,0.0
2023-01-05 13:30:00-05:00,6.380000114440918,6.480000019073486,6.380000114440918,6.380000114440918,493,0.0,0.0
2023-01-05 14:30:00-05:00,6.389999866485596,6.644999980926514,6.389999866485596,6.644999980926514,3640,0.0,0.0
2023-01-05 15:30:00-05:00,6.739999771118164,6.739999771118164,6.559999942779541,6.739999771118164,3567,0.0,0.0
2023-01-06 09:30:00-05:00,6.630000114440918,6.670000076293945,6.630000114440918,6.670000076293945,733,0.0,0.0
2023-01-06 10:30:00-05:00,6.590000152587891,6.723199844360352,6.300000190734863,6.53000020980835,3350,0.0,0.0
2023-01-06 11:30:00-05:00,6.449999809265137,6.449999809265137,6.449999809265137,6.449999809265137,133,0.0,0.0
2023-01-06 12:30:00-05:00,6.5329999923706055,6.5329999923706055,6.329999923706055,6.429999828338623,2375,0.0,0.0
2023-01-06 13:30:00-05:00,6.46999979019165,6.480000019073486,6.440000057220459,6.465000152587891,1034,0.0,0.0
2023-01-06 14:30:00-05:00,6.5,6.550000190734863,6.460000038146973,6.460000038146973,2582,0.0,0.0
2023-01-06 15:30:00-05:00,6.599999904632568,6.599999904632568,6.5,6.5,960,0.0,0.0
2023-01-09 09:30:00-05:00,6.46999979019165,6.5,6.130000114440918,6.300000190734863,2439,0.0,0.0
2023-01-09 10:30:00-05:00,6.5,6.599999904632568,6.389999866485596,6.400000095367432,6135,0.0,0.0
2023-01-09 11:30:00-05:00,6.400000095367432,6.593599796295166,6.400000095367432,6.5,688,0.0,0.0
2023-01-09 12:30:00-05:00,6.619999885559082,6.619999885559082,6.539999961853027,6.610000133514404,2358,0.0,0.0
2023-01-09 13:30:00-05:00,6.75,6.75,6.619999885559082,6.699999809265137,2900,0.0,0.0
2023-01-09 14:30:00-05:00,6.699999809265137,6.71999979019165,6.690000057220459,6.690000057220459,2831,0.0,0.0
2023-01-09 15:30:00-05:00,6.630000114440918,6.630000114440918,6.449999809265137,6.449999809265137,3752,0.0,0.0
2023-01-10 09:30:00-05:00,6.510000228881836,6.510000228881836,6.510000228881836,6.510000228881836,342,0.0,0.0
2023-01-10 10:30:00-05:00,6.932000160217285,6.932000160217285,6.932000160217285,6.932000160217285,402,0.0,0.0
2023-01-10 12:30:00-05:00,6.545000076293945,6.8267998695373535,6.25,6.545000076293945,6964,0.0,0.0
2023-01-10 13:30:00-05:00,6.53000020980835,6.53000020980835,6.309999942779541,6.309999942779541,393,0.0,0.0
2023-01-10 14:30:00-05:00,6.813499927520752,6.813499927520752,6.813499927520752,6.813499927520752,253,0.0,0.0
2023-01-10 15:30:00-05:00,6.699999809265137,6.840000152587891,6.619999885559082,6.71999979019165,3370,0.0,0.0
2023-01-11 09:30:00-05:00,6.980000019073486,6.980000019073486,6.579999923706055,6.579999923706055,4307,0.0,0.0
2023-01-11 10:30:00-05:00,6.849999904632568,6.875,6.590000152587891,6.75,4516,0.0,0.0
2023-01-11 11:30:00-05:00,6.899899959564209,6.899899959564209,6.590000152587891,6.639999866485596,2253,0.0,0.0
2023-01-11 12:30:00-05:00,6.590099811553955,6.789999961853027,6.590000152587891,6.789999961853027,1445,0.0,0.0
2023-01-11 13:30:00-05:00,6.800000190734863,6.800000190734863,6.590000152587891,6.630000114440918,1364,0.0,0.0
2023-01-11 14:30:00-05:00,6.789999961853027,6.800000190734863,6.71999979019165,6.71999979019165,1167,0.0,0.0
2023-01-11 15:30:00-05:00,6.849899768829346,6.849899768829346,6.75,6.75,5410,0.0,0.0
2023-01-12 09:30:00-05:00,6.829999923706055,6.900000095367432,6.510000228881836,6.900000095367432,2171,0.0,0.0
2023-01-12 11:30:00-05:00,6.599999904632568,6.599999904632568,6.599999904632568,6.599999904632568,465,0.0,0.0
2023-01-12 12:30:00-05:00,6.800000190734863,6.96999979019165,6.639999866485596,6.639999866485596,3566,0.0,0.0
2023-01-12 14:30:00-05:00,6.679999828338623,6.784999847412109,6.670000076293945,6.690000057220459,2532,0.0,0.0
2023-01-12 15:30:00-05:00,6.679999828338623,6.849999904632568,6.679999828338623,6.800000190734863,7231,0.0,0.0
2023-01-13 09:30:00-05:00,6.730000019073486,6.809999942779541,6.559999942779541,6.559999942779541,4920,0.0,0.0
2023-01-13 10:30:00-05:00,6.599999904632568,6.739999771118164,6.570000171661377,6.590000152587891,1359,0.0,0.0
2023-01-13 12:30:00-05:00,6.599999904632568,6.664999961853027,6.550000190734863,6.550000190734863,7386,0.0,0.0
2023-01-13 13:30:00-05:00,6.683599948883057,6.719399929046631,6.400000095367432,6.559999942779541,7273,0.0,0.0
2023-01-13 14:30:00-05:00,6.510000228881836,6.56879997253418,6.409999847412109,6.420000076293945,2189,0.0,0.0
2023-01-13 15:30:00-05:00,6.485000133514404,6.550000190734863,6.409999847412109,6.409999847412109,3329,0.0,0.0
2023-01-17 09:30:00-05:00,6.489999771118164,6.489999771118164,6.489999771118164,6.489999771118164,763,0.0,0.0
2023-01-17 10:30:00-05:00,6.760000228881836,6.760000228881836,6.570000171661377,6.570000171661377,327,0.0,0.0
2023-01-17 11:30:00-05:00,6.590000152587891,6.6269001960754395,6.260000228881836,6.340000152587891,6671,0.0,0.0
2023-01-17 12:30:00-05:00,6.429999828338623,6.429999828338623,6.340000152587891,6.340000152587891,684,0.0,0.0
2023-01-17 13:30:00-05:00,6.380000114440918,6.420000076293945,6.039999961853027,6.050000190734863,1961,0.0,0.0
2023-01-17 14:30:00-05:00,6.050099849700928,6.369999885559082,6.050000190734863,6.179999828338623,4333,0.0,0.0
2023-01-17 15:30:00-05:00,6.2758002281188965,6.289999961853027,6.210000038146973,6.210000038146973,1196,0.0,0.0
2023-01-18 09:30:00-05:00,6.239999771118164,6.239999771118164,6.239999771118164,6.239999771118164,277,0.0,0.0
2023-01-18 10:30:00-05:00,6.400000095367432,6.400000095367432,5.900000095367432,6.045000076293945,18418,0.0,0.0
2023-01-18 11:30:00-05:00,6.0,6.010000228881836,6.0,6.010000228881836,1518,0.0,0.0
2023-01-18 12:30:00-05:00,6.090000152587891,6.090000152587891,5.900000095367432,5.980000019073486,4178,0.0,0.0
2023-01-18 13:30:00-05:00,6.050000190734863,6.050000190734863,5.900000095367432,6.010000228881836,2759,0.0,0.0
2023-01-18 14:30:00-05:00,6.034999847412109,6.034999847412109,5.920000076293945,5.920000076293945,1060,0.0,0.0
2023-01-18 15:30:00-05:00,6.010000228881836,6.010000228881836,5.900000095367432,5.900000095367432,2164,0.0,0.0
2023-01-19 09:30:00-05:00,6.099999904632568,6.20989990234375,5.699999809265137,5.900000095367432,18225,0.0,0.0
2023-01-19 10:30:00-05:00,6.019999980926514,6.099999904632568,5.929999828338623,6.010000228881836,4372,0.0,0.0
2023-01-19 11:30:00-05:00,6.03000020980835,6.03000020980835,5.909999847412109,5.909999847412109,5862,0.0,0.0
2023-01-19 12:30:00-05:00,6.059999942779541,6.059999942779541,5.909999847412109,5.909999847412109,1542,0.0,0.0
2023-01-19 13:30:00-05:00,5.909999847412109,6.039999961853027,5.900000095367432,5.900000095367432,2649,0.0,0.0
2023-01-19 14:30:00-05:00,5.954999923706055,6.019999980926514,5.900000095367432,5.909999847412109,22434,0.0,0.0
2023-01-19 15:30:00-05:00,5.965000152587891,6.03000020980835,5.900000095367432,6.03000020980835,3014,0.0,0.0
2023-01-20 09:30:00-05:00,5.949999809265137,5.949999809265137,5.949999809265137,5.949999809265137,0,0.0,0.0
2023-01-20 10:30:00-05:00,6.219099998474121,6.219099998474121,6.03000020980835,6.03000020980835,2071,0.0,0.0
2023-01-20 11:30:00-05:00,6.190000057220459,6.190000057220459,6.190000057220459,6.190000057220459,182,0.0,0.0
2023-01-20 12:30:00-05:00,6.099999904632568,6.119999885559082,6.019999980926514,6.050000190734863,3306,0.0,0.0
2023-01-20 13:30:00-05:00,6.070000171661377,6.190000057220459,6.0,6.0,3664,0.0,0.0
2023-01-20 14:30:00-05:00,6.145299911499023,6.145299911499023,6.0,6.079999923706055,1475,0.0,0.0
2023-01-20 15:30:00-05:00,6.130000114440918,6.130000114440918,6.090000152587891,6.105000019073486,1551,0.0,0.0
2023-01-23 09:30:00-05:00,6.039999961853027,6.039999961853027,6.039999961853027,6.039999961853027,351,0.0,0.0
2023-01-23 10:30:00-05:00,6.139999866485596,6.360000133514404,6.099999904632568,6.329999923706055,9372,0.0,0.0
2023-01-23 11:30:00-05:00,6.295000076293945,6.295000076293945,6.119999885559082,6.119999885559082,3297,0.0,0.0
2023-01-23 12:30:00-05:00,6.179999828338623,6.429999828338623,6.119999885559082,6.199999809265137,2539,0.0,0.0
2023-01-23 13:30:00-05:00,6.300000190734863,6.300000190734863,6.289999961853027,6.289999961853027,455,0.0,0.0
2023-01-23 14:30:00-05:00,6.269999980926514,6.40500020980835,6.139999866485596,6.269999980926514,8653,0.0,0.0
2023-01-23 15:30:00-05:00,6.349999904632568,6.409999847412109,6.269999980926514,6.340000152587891,1620,0.0,0.0
2023-01-24 09:30:00-05:00,6.289999961853027,6.289999961853027,6.289999961853027,6.289999961853027,235,0.0,0.0
2023-01-24 10:30:00-05:00,6.190000057220459,6.260000228881836,6.059999942779541,6.260000228881836,5039,0.0,0.0
2023-01-24 11:30:00-05:00,6.135000228881836,6.409999847412109,6.0,6.099999904632568,22499,0.0,0.0
2023-01-24 12:30:00-05:00,6.099999904632568,6.150000095367432,6.0,6.099999904632568,7684,0.0,0.0
2023-01-24 13:30:00-05:00,6.099999904632568,6.139999866485596,6.050000190734863,6.099999904632568,3376,0.0,0.0
2023-01-24 14:30:00-05:00,6.090000152587891,6.150000095367432,6.079999923706055,6.079999923706055,4181,0.0,0.0
2023-01-24 15:30:00-05:00,6.050000190734863,6.107500076293945,6.050000190734863,6.059999942779541,3056,0.0,0.0
2023-01-25 09:30:00-05:00,5.980000019073486,5.989999771118164,5.800000190734863,5.800000190734863,10098,0.0,0.0
2023-01-25 10:30:00-05:00,5.862100124359131,5.900000095367432,5.739999771118164,5.889999866485596,17720,0.0,0.0
2023-01-25 11:30:00-05:00,5.929999828338623,6.065000057220459,5.860000133514404,5.989999771118164,2328,0.0,0.0
2023-01-25 12:30:00-05:00,5.860000133514404,6.070000171661377,5.820000171661377,5.860000133514404,4109,0.0,0.0
2023-01-25 13:30:00-05:00,5.96999979019165,6.065000057220459,5.760000228881836,5.849999904632568,9186,0.0,0.0
2023-01-25 14:30:00-05:00,5.880000114440918,6.005000114440918,5.769999980926514,5.849999904632568,13243,0.0,0.0
2023-01-25 15:30:00-05:00,5.789999961853027,6.03000020980835,5.789999961853027,5.809999942779541,1269,0.0,0.0
2023-01-26 09:30:00-05:00,5.960000038146973,6.0,5.960000038146973,6.0,1010,0.0,0.0
2023-01-26 10:30:00-05:00,6.139999866485596,6.159999847412109,6.139999866485596,6.159999847412109,485,0.0,0.0
2023-01-26 11:30:00-05:00,6.150000095367432,6.170000076293945,5.909999847412109,6.039999961853027,1001,0.0,0.0
2023-01-26 12:30:00-05:00,6.040999889373779,6.050000190734863,5.952499866485596,5.954999923706055,3321,0.0,0.0
2023-01-26 13:30:00-05:00,5.954999923706055,5.965000152587891,5.920000076293945,5.929999828338623,1771,0.0,0.0
2023-01-26 14:30:00-05:00,5.880000114440918,5.880000114440918,5.800000190734863,5.864999771118164,1913,0.0,0.0
2023-01-26 15:30:00-05:00,5.929999828338623,5.929999828338623,5.809999942779541,5.829999923706055,3219,0.0,0.0
2023-01-27 09:30:00-05:00,5.820000171661377,5.820000171661377,5.820000171661377,5.820000171661377,658,0.0,0.0
2023-01-27 10:30:00-05:00,5.889999866485596,5.889999866485596,5.854599952697754,5.854599952697754,704,0.0,0.0
2023-01-27 11:30:00-05:00,5.820000171661377,5.900000095367432,5.730000019073486,5.75,4149,0.0,0.0
2023-01-27 12:30:00-05:00,5.829999923706055,5.980000019073486,5.71999979019165,5.75,19080,0.0,0.0
2023-01-27 13:30:00-05:00,5.75,6.119999885559082,5.579999923706055,5.650000095367432,36226,0.0,0.0
2023-01-27 14:30:00-05:00,5.715000152587891,5.849999904632568,5.599999904632568,5.699999809265137,20096,0.0,0.0
2023-01-27 15:30:00-05:00,5.824999809265137,5.824999809265137,5.699999809265137,5.699999809265137,5237,0.0,0.0
2023-01-30 09:30:00-05:00,5.880000114440918,5.880000114440918,5.5,5.519999980926514,7976,0.0,0.0
2023-01-30 10:30:00-05:00,5.519999980926514,5.670000076293945,5.300000190734863,5.409999847412109,17441,0.0,0.0
2023-01-30 11:30:00-05:00,5.369999885559082,5.440000057220459,5.309999942779541,5.320000171661377,3321,0.0,0.0
2023-01-30 12:30:00-05:00,5.423900127410889,5.5,5.300000190734863,5.423799991607666,9163,0.0,0.0
2023-01-30 13:30:00-05:00,5.309999942779541,5.570000171661377,5.300000190734863,5.570000171661377,3943,0.0,0.0
2023-01-30 14:30:00-05:00,5.486000061035156,5.614999771118164,5.405300140380859,5.5,14442,0.0,0.0
2023-01-30 15:30:00-05:00,5.452600002288818,5.610000133514404,5.375,5.380000114440918,4605,0.0,0.0
2023-01-31 09:30:00-05:00,5.699999809265137,5.699999809265137,5.489999771118164,5.5,5756,0.0,0.0
2023-01-31 10:30:00-05:00,5.5,5.5,5.434999942779541,5.434999942779541,715,0.0,0.0
2023-01-31 11:30:00-05:00,5.46999979019165,5.550000190734863,5.46999979019165,5.5,1723,0.0,0.0
2023-01-31 12:30:00-05:00,5.5391998291015625,5.565000057220459,5.5,5.550000190734863,3020,0.0,0.0
2023-01-31 13:30:00-05:00,5.53000020980835,5.599999904632568,5.480000019073486,5.550000190734863,8749,0.0,0.0
2023-01-31 14:30:00-05:00,5.570000171661377,5.619999885559082,5.480000019073486,5.619999885559082,1939,0.0,0.0
2023-01-31 15:30:00-05:00,5.550000190734863,5.590000152587891,5.489999771118164,5.489999771118164,1703,0.0,0.0
2023-02-01 09:30:00-05:00,5.5,5.519999980926514,5.400000095367432,5.46999979019165,10527,0.0,0.0
2023-02-01 10:30:00-05:00,5.610000133514404,5.68779993057251,5.5,5.610000133514404,18909,0.0,0.0
2023-02-01 12:30:00-05:00,5.570000171661377,5.610000133514404,5.519999980926514,5.550000190734863,2730,0.0,0.0
2023-02-01 13:30:00-05:00,5.554999828338623,5.599999904632568,5.5,5.523499965667725,8138,0.0,0.0
2023-02-01 14:30:00-05:00,5.5,5.599999904632568,5.5,5.519999980926514,12604,0.0,0.0
2023-02-01 15:30:00-05:00,5.550000190734863,5.610000133514404,5.519999980926514,5.570000171661377,14603,0.0,0.0
2023-02-02 09:30:00-05:00,5.599999904632568,5.7769999504089355,5.559999942779541,5.559999942779541,4941,0.0,0.0
2023-02-02 10:30:00-05:00,5.809999942779541,5.809999942779541,5.65500020980835,5.669899940490723,2174,0.0,0.0
2023-02-02 11:30:00-05:00,5.644999980926514,5.659999847412109,5.619999885559082,5.659999847412109,1189,0.0,0.0
2023-02-02 12:30:00-05:00,5.579999923706055,5.664999961853027,5.300000190734863,5.614999771118164,9536,0.0,0.0
2023-02-02 13:30:00-05:00,5.630000114440918,5.670000076293945,5.570000171661377,5.639999866485596,6313,0.0,0.0
2023-02-02 14:30:00-05:00,5.610000133514404,5.610000133514404,5.519999980926514,5.539999961853027,3958,0.0,0.0
2023-02-02 15:30:00-05:00,5.599999904632568,5.670000076293945,5.550000190734863,5.579999923706055,4144,0.0,0.0
2023-02-03 09:30:00-05:00,5.519999980926514,5.744999885559082,5.519999980926514,5.599999904632568,12168,0.0,0.0
2023-02-03 10:30:00-05:00,5.679999828338623,5.829999923706055,5.559999942779541,5.600100040435791,6032,0.0,0.0
2023-02-03 11:30:00-05:00,5.599999904632568,5.659999847412109,5.449999809265137,5.570000171661377,8286,0.0,0.0
2023-02-03 12:30:00-05:00,5.610000133514404,5.630000114440918,5.5,5.519999980926514,6278,0.0,0.0
2023-02-03 13:30:00-05:00,5.605000019073486,5.605000019073486,5.5,5.519999980926514,3727,0.0,0.0
2023-02-03 14:30:00-05:00,5.53000020980835,5.635000228881836,5.53000020980835,5.599999904632568,9848,0.0,0.0
2023-02-03 15:30:00-05:00,5.599999904632568,5.610000133514404,5.53000020980835,5.599999904632568,10588,0.0,0.0
2023-02-06 09:30:00-05:00,5.599999904632568,5.849999904632568,5.599999904632568,5.679999828338623,13401,0.0,0.0
2023-02-06 10:30:00-05:00,5.724999904632568,5.800000190734863,5.599999904632568,5.739999771118164,11121,0.0,0.0
2023-02-06 11:30:00-05:00,5.840000152587891,5.840000152587891,5.599999904632568,5.789999961853027,12905,0.0,0.0
2023-02-06 12:30:00-05:00,5.769999980926514,5.800000190734863,5.679999828338623,5.769999980926514,9048,0.0,0.0
2023-02-06 13:30:00-05:00,5.769999980926514,5.820000171661377,5.690000057220459,5.769999980926514,8118,0.0,0.0
2023-02-06 14:30:00-05:00,5.78000020980835,5.889999866485596,5.78000020980835,5.889999866485596,2542,0.0,0.0
2023-02-06 15:30:00-05:00,5.860000133514404,5.880000114440918,5.78000020980835,5.789999961853027,5067,0.0,0.0
2023-02-07 09:30:00-05:00,5.829999923706055,6.047999858856201,5.829999923706055,5.840000152587891,10109,0.0,0.0
2023-02-07 10:30:00-05:00,5.880000114440918,5.920000076293945,5.829999923706055,5.909999847412109,1576,0.0,0.0
2023-02-07 11:30:00-05:00,5.920000076293945,5.945000171661377,5.849999904632568,5.860000133514404,4210,0.0,0.0
2023-02-07 12:30:00-05:00,5.900000095367432,5.940000057220459,5.630000114440918,5.679999828338623,11891,0.0,0.0
2023-02-07 13:30:00-05:00,5.730000019073486,5.789999961853027,5.679999828338623,5.691800117492676,3894,0.0,0.0
2023-02-07 14:30:00-05:00,5.769999980926514,5.820000171661377,5.7204999923706055,5.767000198364258,3825,0.0,0.0
2023-02-07 15:30:00-05:00,5.739999771118164,5.789999961853027,5.730000019073486,5.78000020980835,4271,0.0,0.0
2023-02-08 09:30:00-05:00,5.679999828338623,5.9552998542785645,5.679999828338623,5.9552998542785645,914,0.0,0.0
2023-02-08 10:30:00-05:00,5.775000095367432,5.849999904632568,5.775000095367432,5.849999904632568,338,0.0,0.0
2023-02-08 11:30:00-05:00,5.829999923706055,5.849999904632568,5.829999923706055,5.849999904632568,1937,0.0,0.0
2023-02-08 12:30:00-05:00,5.849999904632568,5.849999904632568,5.679999828338623,5.679999828338623,633,0.0,0.0
2023-02-08 13:30:00-05:00,5.869999885559082,5.869999885559082,5.869999885559082,5.869999885559082,173,0.0,0.0
2023-02-08 14:30:00-05:00,5.849999904632568,5.849999904632568,5.800000190734863,5.849999904632568,730,0.0,0.0
2023-02-08 15:30:00-05:00,5.789999961853027,5.829999923706055,5.739999771118164,5.829999923706055,3396,0.0,0.0
2023-02-09 09:30:00-05:00,5.730000019073486,5.769999980926514,5.579999923706055,5.760000228881836,3576,0.0,0.0
2023-02-09 10:30:00-05:00,5.630000114440918,5.769999980926514,5.630000114440918,5.659999847412109,1924,0.0,0.0
2023-02-09 11:30:00-05:00,5.769999980926514,5.800000190734863,5.769999980926514,5.800000190734863,489,0.0,0.0
2023-02-09 12:30:00-05:00,5.860000133514404,6.019999980926514,5.789999961853027,5.789999961853027,8122,0.0,0.0
2023-02-09 13:30:00-05:00,6.014999866485596,6.014999866485596,5.829999923706055,5.849999904632568,2384,0.0,0.0
2023-02-09 14:30:00-05:00,5.840000152587891,5.989999771118164,5.840000152587891,5.869999885559082,1957,0.0,0.0
2023-02-09 15:30:00-05:00,5.989999771118164,5.989999771118164,5.889999866485596,5.980000019073486,2901,0.0,0.0
2023-02-10 09:30:00-05:00,5.860000133514404,6.150000095367432,5.650000095367432,5.739999771118164,10008,0.0,0.0
2023-02-10 10:30:00-05:00,5.840000152587891,5.929500102996826,5.75,5.929500102996826,3945,0.0,0.0
2023-02-10 11:30:00-05:00,5.980000019073486,6.0,5.889999866485596,5.889999866485596,4753,0.0,0.0
2023-02-10 12:30:00-05:00,5.929999828338623,5.940000057220459,5.849999904632568,5.940000057220459,1943,0.0,0.0
2023-02-10 13:30:00-05:00,5.940000057220459,5.980000019073486,5.889999866485596,5.920000076293945,7654,0.0,0.0
2023-02-10 14:30:00-05:00,5.909999847412109,5.960000038146973,5.909999847412109,5.960000038146973,1944,0.0,0.0
2023-02-10 15:30:00-05:00,5.980000019073486,5.980000019073486,5.800000190734863,5.800000190734863,16249,0.0,0.0
2023-02-13 09:30:00-05:00,5.929999828338623,6.098999977111816,5.570000171661377,5.699999809265137,0,0.0,0.0
2023-02-13 10:30:00-05:00,5.730000019073486,5.840000152587891,5.659999847412109,5.659999847412109,4877,0.0,0.0
2023-02-13 11:30:00-05:00,5.699999809265137,5.739999771118164,5.699999809265137,5.730000019073486,1688,0.0,0.0
2023-02-13 12:30:00-05:00,5.781400203704834,5.929999828338623,5.670000076293945,5.670000076293945,5582,0.0,0.0
2023-02-13 13:30:00-05:00,5.669300079345703,5.669300079345703,5.599999904632568,5.599999904632568,1995,0.0,0.0
2023-02-13 14:30:00-05:00,5.630000114440918,5.71999979019165,5.570000171661377,5.639999866485596,6834,0.0,0.0
2023-02-13 15:30:00-05:00,5.659999847412109,5.659999847412109,5.5,5.5,8293,0.0,0.0
2023-02-14 09:30:00-05:00,5.570000171661377,5.570000171661377,5.400000095367432,5.476200103759766,13157,0.0,0.0
2023-02-14 10:30:00-05:00,5.486100196838379,5.486100196838379,5.400000095367432,5.400000095367432,2044,0.0,0.0
2023-02-14 11:30:00-05:00,5.400000095367432,5.400000095367432,5.400000095367432,5.400000095367432,503,0.0,0.0
2023-02-14 12:30:00-05:00,5.519999980926514,5.520999908447266,5.349999904632568,5.449999809265137,9507,0.0,0.0
2023-02-14 13:30:00-05:00,5.460000038146973,5.460000038146973,5.300000190734863,5.369999885559082,8028,0.0,0.0
2023-02-14 14:30:00-05:00,5.321000099182129,5.321000099182129,4.920000076293945,5.070000171661377,45795,0.0,0.0
2023-02-14 15:30:00-05:00,5.090799808502197,5.170000076293945,5.059999942779541,5.139999866485596,10216,0.0,0.0
2023-02-15 09:30:00-05:00,5.150000095367432,5.289999961853027,5.0,5.21999979019165,11788,0.0,0.0
2023-02-15 10:30:00-05:00,5.11299991607666,5.230000019073486,5.099999904632568,5.159999847412109,5308,0.0,0.0
2023-02-15 11:30:00-05:00,5.199999809265137,5.230000019073486,5.120100021362305,5.21999979019165,2657,0.0,0.0
2023-02-15 12:30:00-05:00,5.190000057220459,5.239999771118164,5.159999847412109,5.199999809265137,14879,0.0,0.0
2023-02-15 13:30:00-05:00,5.239999771118164,5.25,5.204999923706055,5.210000038146973,2704,0.0,0.0
2023-02-15 14:30:00-05:00,5.190100193023682,5.247700214385986,5.099999904632568,5.099999904632568,14155,0.0,0.0
2023-02-15 15:30:00-05:00,5.135000228881836,5.210000038146973,5.010000228881836,5.130000114440918,7003,0.0,0.0
2023-02-16 09:30:00-05:00,5.090000152587891,5.119999885559082,5.010000228881836,5.099999904632568,1294,0.0,0.0
2023-02-16 10:30:00-05:00,5.189799785614014,5.192200183868408,5.1315999031066895,5.150000095367432,1386,0.0,0.0
2023-02-16 11:30:00-05:00,5.210000038146973,5.289999961853027,5.210000038146973,5.289999961853027,2121,0.0,0.0
2023-02-16 12:30:00-05:00,5.300000190734863,5.71999979019165,5.2600998878479,5.449999809265137,22055,0.0,0.0
2023-02-16 13:30:00-05:00,5.449999809265137,5.449999809265137,5.400000095367432,5.400000095367432,4661,0.0,0.0
2023-02-16 14:30:00-05:00,5.429999828338623,5.659999847412109,5.369999885559082,5.614999771118164,7317,0.0,0.0
2023-02-16 15:30:00-05:00,5.630000114440918,5.650000095367432,5.519999980926514,5.53000020980835,13786,0.0,0.0
2023-02-17 09:30:00-05:00,5.320000171661377,5.3979997634887695,5.040299892425537,5.389999866485596,8911,0.0,0.0
2023-02-17 10:30:00-05:00,5.517499923706055,5.517499923706055,5.46999979019165,5.46999979019165,1034,0.0,0.0
2023-02-17 11:30:00-05:00,5.5,5.809999942779541,5.5,5.71999979019165,4671,0.0,0.0
2023-02-17 12:30:00-05:00,5.849999904632568,5.889999866485596,5.720099925994873,5.800000190734863,4078,0.0,0.0
2023-02-17 13:30:00-05:00,5.860000133514404,6.059999942779541,5.800000190734863,5.800000190734863,13833,0.0,0.0
2023-02-17 14:30:00-05:00,5.820000171661377,5.949999809265137,5.71999979019165,5.940000057220459,10996,0.0,0.0
2023-02-17 15:30:00-05:00,6.017199993133545,6.017199993133545,5.889999866485596,6.0,4069,0.0,0.0
2023-02-21 09:30:00-05:00,5.820000171661377,5.894999980926514,5.660099983215332,5.840000152587891,3315,0.0,0.0
2023-02-21 10:30:00-05:00,5.979899883270264,5.979899883270264,5.809999942779541,5.880000114440918,3651,0.0,0.0
2023-02-21 11:30:00-05:00,5.940000057220459,5.989999771118164,5.929999828338623,5.949999809265137,1891,0.0,0.0
2023-02-21 12:30:00-05:00,6.034999847412109,6.034999847412109,5.960000038146973,5.9816999435424805,2904,0.0,0.0
2023-02-21 13:30:00-05:00,5.97130012512207,5.97130012512207,5.97130012512207,5.97130012512207,285,0.0,0.0
2023-02-21 14:30:00-05:00,6.090000152587891,6.139999866485596,6.010000228881836,6.139999866485596,2171,0.0,0.0
2023-02-21 15:30:00-05:00,6.005000114440918,6.139999866485596,6.005000114440918,6.139999866485596,1912,0.0,0.0
2023-02-22 09:30:00-05:00,6.059999942779541,6.170000076293945,6.039999961853027,6.059999942779541,6735,0.0,0.0
2023-02-22 10:30:00-05:00,6.099899768829346,6.099899768829346,6.03000020980835,6.03000020980835,2383,0.0,0.0
2023-02-22 12:30:00-05:00,6.178899765014648,6.190000057220459,6.100100040435791,6.116099834442139,8279,0.0,0.0
2023-02-22 13:30:00-05:00,6.120100021362305,6.179999828338623,6.120100021362305,6.130000114440918,1167,0.0,0.0
2023-02-22 14:30:00-05:00,6.130000114440918,6.190000057220459,6.099999904632568,6.190000057220459,4137,0.0,0.0
2023-02-22 15:30:00-05:00,6.190000057220459,6.3744001388549805,6.164999961853027,6.28000020980835,1745,0.0,0.0
2023-02-23 09:30:00-05:00,6.239999771118164,6.28000020980835,6.122700214385986,6.269999980926514,7324,0.0,0.0
2023-02-23 10:30:00-05:00,6.230000019073486,6.260000228881836,6.190000057220459,6.260000228881836,1006,0.0,0.0
2023-02-23 11:30:00-05:00,6.190000057220459,6.190000057220459,6.190000057220459,6.190000057220459,269,0.0,0.0
2023-02-23 12:30:00-05:00,6.190000057220459,6.190000057220459,6.130000114440918,6.183800220489502,969,0.0,0.0
2023-02-23 13:30:00-05:00,6.229899883270264,6.229899883270264,6.175000190734863,6.175000190734863,398,0.0,0.0
2023-02-23 14:30:00-05:00,6.128399848937988,6.2129998207092285,6.128399848937988,6.210000038146973,2295,0.0,0.0
2023-02-23 15:30:00-05:00,6.210000038146973,6.21999979019165,6.184999942779541,6.199999809265137,2809,0.0,0.0
2023-02-24 09:30:00-05:00,6.099999904632568,6.170000076293945,5.900000095367432,5.900000095367432,6295,0.0,0.0
2023-02-24 10:30:00-05:00,6.019999980926514,6.099999904632568,5.954999923706055,6.079999923706055,2602,0.0,0.0
2023-02-24 11:30:00-05:00,5.849999904632568,6.079999923706055,5.849999904632568,6.079999923706055,2391,0.0,0.0
2023-02-24 12:30:00-05:00,6.079999923706055,6.079999923706055,6.002299785614014,6.079999923706055,2340,0.0,0.0
2023-02-24 13:30:00-05:00,6.199999809265137,6.199999809265137,6.070000171661377,6.190000057220459,1533,0.0,0.0
2023-02-24 14:30:00-05:00,6.324999809265137,6.324999809265137,6.320000171661377,6.320000171661377,627,0.0,0.0
2023-02-24 15:30:00-05:00,6.380000114440918,6.389999866485596,6.239999771118164,6.360000133514404,3162,0.0,0.0
2023-02-27 09:30:00-05:00,6.28000020980835,6.480000019073486,6.28000020980835,6.3892998695373535,2942,0.0,0.0
2023-02-27 10:30:00-05:00,6.300000190734863,6.349899768829346,6.25,6.25,3083,0.0,0.0
2023-02-27 11:30:00-05:00,6.239999771118164,6.272500038146973,6.225900173187256,6.272500038146973,5780,0.0,0.0
2023-02-27 12:30:00-05:00,6.445000171661377,6.449999809265137,6.440000057220459,6.449999809265137,1082,0.0,0.0
2023-02-27 13:30:00-05:00,6.40500020980835,6.40500020980835,6.21999979019165,6.245500087738037,19259,0.0,0.0
2023-02-27 14:30:00-05:00,6.399899959564209,6.399899959564209,6.260000228881836,6.300000190734863,3406,0.0,0.0
2023-02-27 15:30:00-05:00,6.300000190734863,6.340000152587891,6.300000190734863,6.340000152587891,5299,0.0,0.0
2023-02-28 09:30:00-05:00,6.28000020980835,6.28000020980835,6.28000020980835,6.28000020980835,284,0.0,0.0
2023-02-28 10:30:00-05:00,6.420000076293945,6.460000038146973,6.360000133514404,6.440000057220459,1555,0.0,0.0
2023-02-28 11:30:00-05:00,6.421999931335449,6.421999931335449,6.349999904632568,6.349999904632568,2319,0.0,0.0
2023-02-28 12:30:00-05:00,6.300000190734863,6.300000190734863,6.300000190734863,6.300000190734863,161,0.0,0.0
2023-02-28 13:30:00-05:00,6.386600017547607,6.386600017547607,6.320000171661377,6.320000171661377,2103,0.0,0.0
2023-02-28 14:30:00-05:00,6.300000190734863,6.300000190734863,6.289999961853027,6.289999961853027,695,0.0,0.0
2023-02-28 15:30:00-05:00,6.30709981918335,6.360000133514404,6.300000190734863,6.309999942779541,2062,0.0,0.0
2023-03-01 09:30:00-05:00,6.289999961853027,6.599999904632568,6.199999809265137,6.599999904632568,0,0.0,0.0
2023-03-01 10:30:00-05:00,6.387700080871582,6.550000190734863,6.380000114440918,6.380000114440918,949,0.0,0.0
2023-03-01 11:30:00-05:00,6.340000152587891,6.389999866485596,6.340000152587891,6.389999866485596,580,0.0,0.0
2023-03-01 12:30:00-05:00,6.324999809265137,6.400000095367432,6.324999809265137,6.399899959564209,2582,0.0,0.0
2023-03-01 13:30:00-05:00,6.400000095367432,6.550000190734863,6.400000095367432,6.525000095367432,3339,0.0,0.0
2023-03-01 14:30:00-05:00,6.5,6.699900150299072,6.489999771118164,6.699900150299072,2794,0.0,0.0
2023-03-01 15:30:00-05:00,6.679999828338623,6.699999809265137,6.590000152587891,6.699999809265137,2217,0.0,0.0
2023-03-02 10:30:00-05:00,6.420000076293945,6.485499858856201,6.409999847412109,6.485499858856201,2217,0.0,0.0
2023-03-02 11:30:00-05:00,6.442500114440918,6.530200004577637,6.411900043487549,6.53000020980835,1950,0.0,0.0
2023-03-02 12:30:00-05:00,6.420000076293945,6.489999771118164,6.21999979019165,6.21999979019165,15971,0.0,0.0
2023-03-02 13:30:00-05:00,6.21999979019165,6.28000020980835,6.199999809265137,6.21999979019165,2492,0.0,0.0
2023-03-02 14:30:00-05:00,6.21999979019165,6.244999885559082,6.190000057220459,6.190000057220459,6273,0.0,0.0
2023-03-02 15:30:00-05:00,6.119999885559082,6.260000228881836,6.119999885559082,6.130000114440918,2465,0.0,0.0
2023-03-03 09:30:00-05:00,6.170000076293945,6.5,6.099999904632568,6.099999904632568,3747,0.0,0.0
2023-03-03 11:30:00-05:00,6.190000057220459,6.199999809265137,6.185999870300293,6.199999809265137,822,0.0,0.0
2023-03-03 12:30:00-05:00,6.178899765014648,6.178899765014648,6.178899765014648,6.178899765014648,590,0.0,0.0
2023-03-03 13:30:00-05:00,6.190000057220459,6.190000057220459,6.190000057220459,6.190000057220459,579,0.0,0.0
2023-03-03 15:30:00-05:00,6.320000171661377,6.441999912261963,6.300000190734863,6.349999904632568,2933,0.0,0.0
2023-03-06 09:30:00-05:00,6.300000190734863,6.460000038146973,6.300000190734863,6.460000038146973,6486,0.0,0.0
2023-03-06 10:30:00-05:00,6.505899906158447,6.505899906158447,6.300000190734863,6.300000190734863,2124,0.0,0.0
2023-03-06 11:30:00-05:00,6.360000133514404,6.360000133514404,6.360000133514404,6.360000133514404,228,0.0,0.0
2023-03-06 12:30:00-05:00,6.409999847412109,6.679999828338623,6.360000133514404,6.679999828338623,5847,0.0,0.0
2023-03-06 13:30:00-05:00,6.659999847412109,6.670000076293945,6.440000057220459,6.460000038146973,6908,0.0,0.0
2023-03-06 14:30:00-05:00,6.565000057220459,6.565000057220459,6.46999979019165,6.489999771118164,1434,0.0,0.0
2023-03-06 15:30:00-05:00,6.490300178527832,6.670000076293945,6.490300178527832,6.670000076293945,6592,0.0,0.0
2023-03-07 09:30:00-05:00,6.710000038146973,6.710000038146973,6.349999904632568,6.389999866485596,4356,0.0,0.0
2023-03-07 10:30:00-05:00,6.429999828338623,6.789999961853027,6.429999828338623,6.789999961853027,5871,0.0,0.0
2023-03-07 11:30:00-05:00,6.829999923706055,6.889999866485596,6.710000038146973,6.800000190734863,3417,0.0,0.0
2023-03-07 12:30:00-05:00,6.75,6.815000057220459,6.739999771118164,6.739999771118164,670,0.0,0.0
2023-03-07 13:30:00-05:00,6.849999904632568,6.849999904632568,6.75,6.75,4712,0.0,0.0
2023-03-07 14:30:00-05:00,6.710000038146973,6.710000038146973,6.710000038146973,6.710000038146973,269,0.0,0.0
2023-03-07 15:30:00-05:00,6.710000038146973,6.710000038146973,6.710000038146973,6.710000038146973,608,0.0,0.0
2023-03-08 09:30:00-05:00,6.760000228881836,6.760000228881836,6.510000228881836,6.695000171661377,7684,0.0,0.0
2023-03-08 10:30:00-05:00,6.710000038146973,6.710000038146973,6.599999904632568,6.610000133514404,3680,0.0,0.0
2023-03-08 11:30:00-05:00,6.570000171661377,6.719900131225586,6.5,6.719900131225586,4465,0.0,0.0
2023-03-08 12:30:00-05:00,6.610799789428711,6.610799789428711,6.590000152587891,6.599999904632568,1998,0.0,0.0
2023-03-08 13:30:00-05:00,6.609099864959717,6.670000076293945,6.590000152587891,6.599999904632568,5745,0.0,0.0
2023-03-08 15:30:00-05:00,6.70989990234375,6.71999979019165,6.599999904632568,6.71999979019165,3324,0.0,0.0
2023-03-09 10:30:00-05:00,6.670000076293945,6.670000076293945,6.570000171661377,6.670000076293945,2169,0.0,0.0
2023-03-09 11:30:00-05:00,6.670000076293945,6.670000076293945,6.619999885559082,6.639999866485596,996,0.0,0.0
2023-03-09 12:30:00-05:00,6.639999866485596,6.639999866485596,6.489999771118164,6.559999942779541,2298,0.0,0.0
2023-03-09 13:30:00-05:00,6.489999771118164,6.53000020980835,6.448999881744385,6.53000020980835,2873,0.0,0.0
2023-03-09 14:30:00-05:00,6.53000020980835,6.53000020980835,6.449999809265137,6.5,3500,0.0,0.0
2023-03-09 15:30:00-05:00,6.489999771118164,6.619999885559082,6.420000076293945,6.619999885559082,5488,0.0,0.0
2023-03-10 09:30:00-05:00,6.409999847412109,6.480000019073486,6.300000190734863,6.46999979019165,2622,0.0,0.0
2023-03-10 10:30:00-05:00,6.46999979019165,6.46999979019165,6.400000095367432,6.460000038146973,864,0.0,0.0
2023-03-10 11:30:00-05:00,6.300000190734863,6.46999979019165,6.300000190734863,6.46999979019165,893,0.0,0.0
2023-03-10 12:30:00-05:00,6.360000133514404,6.389999866485596,6.300000190734863,6.369999885559082,5553,0.0,0.0
2023-03-10 13:30:00-05:00,6.385000228881836,6.449999809265137,6.199999809265137,6.260000228881836,6785,0.0,0.0
2023-03-10 14:30:00-05:00,6.329999923706055,6.409999847412109,6.273900032043457,6.349999904632568,1553,0.0,0.0
2023-03-10 15:30:00-05:00,6.460000038146973,6.480000019073486,6.309999942779541,6.46999979019165,3910,0.0,0.0
2023-03-13 09:30:00-04:00,6.300000190734863,6.300000190734863,6.214700222015381,6.214700222015381,1544,0.0,0.0
2023-03-13 10:30:00-04:00,6.300000190734863,6.300000190734863,6.099999904632568,6.159999847412109,8357,0.0,0.0
2023-03-13 11:30:00-04:00,6.150000095367432,6.150000095367432,6.0,6.079999923706055,4872,0.0,0.0
2023-03-13 12:30:00-04:00,6.019999980926514,6.059999942779541,6.0,6.010000228881836,6438,0.0,0.0
2023-03-13 13:30:00-04:00,6.010000228881836,6.079999923706055,6.010000228881836,6.059999942779541,2099,0.0,0.0
2023-03-13 14:30:00-04:00,6.150000095367432,6.170000076293945,6.150000095367432,6.150000095367432,2666,0.0,0.0
2023-03-13 15:30:00-04:00,6.159999847412109,6.159999847412109,6.159999847412109,6.159999847412109,235,0.0,0.0
2023-03-14 09:30:00-04:00,6.260000228881836,6.260000228881836,6.260000228881836,6.260000228881836,0,0.0,0.0
2023-03-14 10:30:00-04:00,6.369999885559082,6.369999885559082,6.014999866485596,6.014999866485596,848,0.0,0.0
2023-03-14 12:30:00-04:00,6.019999980926514,6.349999904632568,6.019999980926514,6.210000038146973,22145,0.0,0.0
2023-03-14 13:30:00-04:00,6.190000057220459,6.190000057220459,6.190000057220459,6.190000057220459,979,0.0,0.0
2023-03-14 15:30:00-04:00,6.059999942779541,6.099999904632568,6.059999942779541,6.099999904632568,800,0.0,0.0
2023-03-15 09:30:00-04:00,6.03000020980835,6.159999847412109,5.699999809265137,6.159900188446045,6390,0.0,0.0
2023-03-15 10:30:00-04:00,6.236299991607666,6.236299991607666,6.199999809265137,6.199999809265137,681,0.0,0.0
2023-03-15 11:30:00-04:00,6.199999809265137,6.199999809265137,6.110000133514404,6.110000133514404,551,0.0,0.0
2023-03-15 13:30:00-04:00,6.050000190734863,6.050000190734863,6.0,6.0,1650,0.0,0.0
2023-03-15 15:30:00-04:00,5.96999979019165,6.050000190734863,5.96999979019165,6.0,1615,0.0,0.0
2023-03-16 09:30:00-04:00,6.019999980926514,6.019999980926514,6.019999980926514,6.019999980926514,1039,0.0,0.0
2023-03-16 11:30:00-04:00,5.889999866485596,5.900000095367432,5.824999809265137,5.824999809265137,2075,0.0,0.0
2023-03-16 12:30:00-04:00,6.019999980926514,6.099999904632568,5.940000057220459,6.099999904632568,6404,0.0,0.0
2023-03-17 09:30:00-04:00,6.170000076293945,6.170000076293945,6.170000076293945,6.170000076293945,370,0.0,0.0
2023-03-17 12:30:00-04:00,6.179999828338623,6.179999828338623,6.150000095367432,6.150000095367432,740,0.0,0.0
2023-03-17 13:30:00-04:00,6.099999904632568,6.199999809265137,6.099999904632568,6.199999809265137,2449,0.0,0.0
2023-03-17 14:30:00-04:00,6.210000038146973,6.210000038146973,6.190000057220459,6.199999809265137,2853,0.0,0.0
2023-03-17 15:30:00-04:00,6.222499847412109,6.239999771118164,6.222499847412109,6.239999771118164,693,0.0,0.0
2023-03-20 11:30:00-04:00,6.380000114440918,6.380000114440918,6.300000190734863,6.300000190734863,3130,0.0,0.0
2023-03-20 14:30:00-04:00,6.179999828338623,6.179999828338623,6.179999828338623,6.179999828338623,131,0.0,0.0
2023-03-21 09:30:00-04:00,6.230000019073486,6.230000019073486,6.050000190734863,6.050000190734863,0,0.0,0.0
2023-03-21 10:30:00-04:00,6.199999809265137,6.199999809265137,6.199999809265137,6.199999809265137,360,0.0,0.0
2023-03-21 11:30:00-04:00,6.199999809265137,6.2179999351501465,6.0,6.0,5970,0.0,0.0
2023-03-21 12:30:00-04:00,6.0,6.137700080871582,6.0,6.0,2357,0.0,0.0
2023-03-21 13:30:00-04:00,6.010000228881836,6.059999942779541,6.0,6.059999942779541,3957,0.0,0.0
2023-03-21 14:30:00-04:00,6.0,6.090000152587891,5.989999771118164,6.079999923706055,2992,0.0,0.0
2023-03-21 15:30:00-04:00,6.079999923706055,6.150000095367432,6.059999942779541,6.150000095367432,8138,0.0,0.0
2023-03-22 09:30:00-04:00,6.117800235748291,6.119999885559082,6.010000228881836,6.056600093841553,0,0.0,0.0
2023-03-22 10:30:00-04:00,5.920000076293945,6.0,5.920000076293945,6.0,504,0.0,0.0
2023-03-22 11:30:00-04:00,6.045000076293945,6.089900016784668,5.96999979019165,6.079999923706055,5213,0.0,0.0
2023-03-22 12:30:00-04:00,6.054999828338623,6.090000152587891,6.014999866485596,6.014999866485596,1927,0.0,0.0
2023-03-22 13:30:00-04:00,6.0,6.0,5.96999979019165,5.96999979019165,5837,0.0,0.0
2023-03-22 14:30:00-04:00,5.980000019073486,6.010000228881836,5.940000057220459,5.96999979019165,7581,0.0,0.0
2023-03-22 15:30:00-04:00,5.949999809265137,5.989999771118164,5.900000095367432,5.949999809265137,8214,0.0,0.0
2023-03-23 09:30:00-04:00,5.800000190734863,5.809999942779541,5.593100070953369,5.78380012512207,4622,0.0,0.0
2023-03-23 10:30:00-04:00,5.783899784088135,5.829999923706055,5.690000057220459,5.730000019073486,6830,0.0,0.0
2023-03-23 11:30:00-04:00,5.699999809265137,5.724999904632568,5.679999828338623,5.699999809265137,2690,0.0,0.0
2023-03-23 12:30:00-04:00,5.639999866485596,5.639999866485596,5.574999809265137,5.574999809265137,3491,0.0,0.0
2023-03-23 13:30:00-04:00,5.574999809265137,5.579999923706055,5.440000057220459,5.579999923706055,8858,0.0,0.0
2023-03-23 14:30:00-04:00,5.579999923706055,5.590000152587891,5.539999961853027,5.590000152587891,2836,0.0,0.0
2023-03-23 15:30:00-04:00,5.610000133514404,5.610000133514404,5.539999961853027,5.539999961853027,6213,0.0,0.0
2023-03-24 09:30:00-04:00,5.400000095367432,5.579899787902832,5.400000095367432,5.579899787902832,0,0.0,0.0
2023-03-24 10:30:00-04:00,5.569900035858154,5.569900035858154,5.400000095367432,5.400000095367432,4650,0.0,0.0
2023-03-24 11:30:00-04:00,5.409999847412109,5.409999847412109,5.349999904632568,5.389999866485596,6583,0.0,0.0
2023-03-24 12:30:00-04:00,5.385000228881836,5.420000076293945,5.385000228881836,5.400000095367432,1442,0.0,0.0
2023-03-24 13:30:00-04:00,5.429999828338623,5.445000171661377,5.360000133514404,5.360000133514404,25950,0.0,0.0
2023-03-24 14:30:00-04:00,5.3694000244140625,5.429999828338623,5.320000171661377,5.429999828338623,3366,0.0,0.0
2023-03-24 15:30:00-04:00,5.429999828338623,5.480000019073486,5.409999847412109,5.409999847412109,3455,0.0,0.0
2023-03-27 09:30:00-04:00,5.360000133514404,5.46999979019165,5.349999904632568,5.349999904632568,5297,0.0,0.0
2023-03-27 10:30:00-04:00,5.590000152587891,5.590000152587891,5.590000152587891,5.590000152587891,671,0.0,0.0
2023-03-27 11:30:00-04:00,5.349999904632568,5.349999904632568,5.349999904632568,5.349999904632568,592,0.0,0.0
2023-03-27 12:30:00-04:00,5.349999904632568,5.349999904632568,5.349999904632568,5.349999904632568,672,0.0,0.0
2023-03-27 13:30:00-04:00,5.53000020980835,5.53000020980835,5.449999809265137,5.449999809265137,986,0.0,0.0
2023-03-27 15:30:00-04:00,5.440000057220459,5.440000057220459,5.440000057220459,5.440000057220459,716,0.0,0.0
2023-03-28 09:30:00-04:00,5.570000171661377,5.659999847412109,5.440000057220459,5.5,0,0.0,0.0
2023-03-28 10:30:00-04:00,5.584700107574463,5.584700107574463,5.584700107574463,5.584700107574463,1192,0.0,0.0
2023-03-28 11:30:00-04:00,5.550000190734863,5.550000190734863,5.550000190734863,5.550000190734863,441,0.0,0.0
2023-03-28 12:30:00-04:00,5.519999980926514,5.559999942779541,5.519999980926514,5.559999942779541,373,0.0,0.0
2023-03-28 13:30:00-04:00,5.519999980926514,5.579999923706055,5.440000057220459,5.531300067901611,2895,0.0,0.0
2023-03-28 14:30:00-04:00,5.440000057220459,5.440000057220459,5.440000057220459,5.440000057220459,1283,0.0,0.0
2023-03-28 15:30:00-04:00,5.534999847412109,5.534999847412109,5.320000171661377,5.360000133514404,16242,0.0,0.0
2023-03-29 09:30:00-04:00,5.466599941253662,5.619999885559082,5.460000038146973,5.610000133514404,0,0.0,0.0
2023-03-29 10:30:00-04:00,5.599999904632568,5.599999904632568,5.375,5.440000057220459,3888,0.0,0.0
2023-03-29 11:30:00-04:00,5.420000076293945,5.420000076293945,5.409999847412109,5.409999847412109,1206,0.0,0.0
2023-03-29 12:30:00-04:00,5.340000152587891,5.465000152587891,5.139999866485596,5.420000076293945,8484,0.0,0.0
2023-03-29 13:30:00-04:00,5.5,5.5,5.295000076293945,5.329999923706055,2994,0.0,0.0
2023-03-29 14:30:00-04:00,5.349999904632568,5.389999866485596,5.269999980926514,5.269999980926514,2600,0.0,0.0
2023-03-29 15:30:00-04:00,5.269999980926514,5.309999942779541,5.25,5.300000190734863,4654,0.0,0.0
2023-03-30 09:30:00-04:00,5.5,5.519999980926514,5.474999904632568,5.474999904632568,3524,0.0,0.0
2023-03-30 10:30:00-04:00,5.432700157165527,5.465000152587891,5.429999828338623,5.449999809265137,5206,0.0,0.0
2023-03-30 11:30:00-04:00,5.486499786376953,5.486499786376953,5.451200008392334,5.457600116729736,1461,0.0,0.0
2023-03-30 12:30:00-04:00,5.445000171661377,5.579999923706055,5.445000171661377,5.449999809265137,19460,0.0,0.0
2023-03-30 13:30:00-04:00,5.440000057220459,5.440000057220459,3.6500000953674316,4.579999923706055,174520,0.0,0.0
2023-03-30 14:30:00-04:00,4.650000095367432,4.954999923706055,4.199999809265137,4.954999923706055,23994,0.0,0.0
2023-03-30 15:30:00-04:00,4.980000019073486,5.090000152587891,4.980000019073486,5.070000171661377,10271,0.0,0.0
2023-03-31 09:30:00-04:00,5.139999866485596,5.139999866485596,4.800000190734863,5.039999961853027,1789,0.0,0.0
2023-03-31 10:30:00-04:00,4.932700157165527,4.932700157165527,4.932700157165527,4.932700157165527,607,0.0,0.0
2023-03-31 11:30:00-04:00,4.980000019073486,4.980000019073486,4.980000019073486,4.980000019073486,460,0.0,0.0
2023-03-31 12:30:00-04:00,5.0,5.074999809265137,4.999899864196777,5.019999980926514,3450,0.0,0.0
2023-03-31 13:30:00-04:00,5.079599857330322,5.079599857330322,5.079599857330322,5.079599857330322,138,0.0,0.0
2023-03-31 14:30:00-04:00,5.079999923706055,5.179999828338623,5.079999923706055,5.179999828338623,2794,0.0,0.0
2023-03-31 15:30:00-04:00,5.1545000076293945,5.289999961853027,5.1545000076293945,5.199999809265137,4472,0.0,0.0
2023-04-03 09:30:00-04:00,5.28000020980835,5.28000020980835,5.230000019073486,5.230000019073486,1518,0.0,0.0
2023-04-03 10:30:00-04:00,5.099999904632568,5.195000171661377,5.099999904632568,5.099999904632568,2591,0.0,0.0
2023-04-03 11:30:00-04:00,5.119999885559082,5.139999866485596,5.119999885559082,5.139999866485596,2086,0.0,0.0
2023-04-03 12:30:00-04:00,5.300000190734863,5.300000190734863,5.300000190734863,5.300000190734863,769,0.0,0.0
2023-04-03 13:30:00-04:00,5.1367998123168945,5.400000095367432,5.119999885559082,5.400000095367432,7579,0.0,0.0
2023-04-03 14:30:00-04:00,5.409999847412109,5.789999961853027,5.400000095367432,5.55079984664917,19429,0.0,0.0
2023-04-03 15:30:00-04:00,5.510000228881836,5.510000228881836,5.300000190734863,5.300000190734863,1865,0.0,0.0
2023-04-04 09:30:00-04:00,5.613399982452393,5.613399982452393,5.254499912261963,5.4120001792907715,1148,0.0,0.0
2023-04-04 10:30:00-04:00,5.485000133514404,5.5,5.440000057220459,5.440000057220459,693,0.0,0.0
2023-04-04 11:30:00-04:00,5.5,5.590000152587891,5.349999904632568,5.5,4291,0.0,0.0
2023-04-04 12:30:00-04:00,5.460000038146973,5.585000038146973,5.460000038146973,5.579999923706055,1848,0.0,0.0
2023-04-04 13:30:00-04:00,5.5,5.5,5.485000133514404,5.489999771118164,2849,0.0,0.0
2023-04-04 14:30:00-04:00,5.454999923706055,5.559999942779541,5.429999828338623,5.429999828338623,3479,0.0,0.0
2023-04-04 15:30:00-04:00,5.494999885559082,5.699999809265137,5.429999828338623,5.590000152587891,5543,0.0,0.0
2023-04-05 09:30:00-04:00,5.420000076293945,5.420000076293945,5.150000095367432,5.150000095367432,1783,0.0,0.0
2023-04-05 10:30:00-04:00,5.239999771118164,5.809999942779541,5.150000095367432,5.489999771118164,14158,0.0,0.0
2023-04-05 11:30:00-04:00,5.429999828338623,5.429999828338623,5.369999885559082,5.369999885559082,324,0.0,0.0
2023-04-05 12:30:00-04:00,5.5,5.5,5.340000152587891,5.5,2617,0.0,0.0
2023-04-05 13:30:00-04:00,5.5,5.5,5.409999847412109,5.429999828338623,3074,0.0,0.0
2023-04-05 14:30:00-04:00,5.429999828338623,5.5,5.400000095367432,5.409999847412109,6850,0.0,0.0
2023-04-05 15:30:00-04:00,5.434999942779541,5.434999942779541,5.260000228881836,5.260000228881836,3139,0.0,0.0
2023-04-06 09:30:00-04:00,5.340000152587891,5.340000152587891,5.230000019073486,5.230000019073486,373,0.0,0.0
2023-04-06 10:30:00-04:00,5.309999942779541,5.309999942779541,5.275000095367432,5.300000190734863,1798,0.0,0.0
2023-04-06 11:30:00-04:00,5.300000190734863,5.300000190734863,5.0,5.0,3850,0.0,0.0
2023-04-06 12:30:00-04:00,5.090000152587891,5.279900074005127,5.0,5.0,19399,0.0,0.0
2023-04-06 13:30:00-04:00,5.144999980926514,5.261099815368652,5.019999980926514,5.130000114440918,5037,0.0,0.0
2023-04-06 14:30:00-04:00,5.039999961853027,5.244800090789795,5.039999961853027,5.110000133514404,4797,0.0,0.0
2023-04-06 15:30:00-04:00,5.010000228881836,5.09499979019165,4.804999828338623,4.804999828338623,6013,0.0,0.0
2023-04-10 09:30:00-04:00,5.21999979019165,5.21999979019165,5.005000114440918,5.005000114440918,2856,0.0,0.0
2023-04-10 10:30:00-04:00,5.105000019073486,5.187600135803223,5.0,5.050000190734863,12849,0.0,0.0
2023-04-10 11:30:00-04:00,5.050000190734863,5.340000152587891,5.010000228881836,5.199999809265137,21715,0.0,0.0
2023-04-10 12:30:00-04:00,5.199999809265137,5.5,5.199999809265137,5.360000133514404,7351,0.0,0.0
2023-04-10 13:30:00-04:00,5.360000133514404,5.493500232696533,5.349999904632568,5.360000133514404,3532,0.0,0.0
2023-04-10 14:30:00-04:00,5.360000133514404,5.590000152587891,5.360000133514404,5.429999828338623,2245,0.0,0.0
2023-04-10 15:30:00-04:00,5.519999980926514,5.619999885559082,5.329999923706055,5.460000038146973,14898,0.0,0.0
2023-04-11 09:30:00-04:00,5.619999885559082,5.699999809265137,5.510000228881836,5.695000171661377,6126,0.0,0.0
2023-04-11 10:30:00-04:00,5.670000076293945,5.749300003051758,5.650000095367432,5.650000095367432,14420,0.0,0.0
2023-04-11 11:30:00-04:00,5.650000095367432,5.739999771118164,5.570000171661377,5.570000171661377,4501,0.0,0.0
2023-04-11 12:30:00-04:00,5.510000228881836,5.710000038146973,5.5,5.5,6275,0.0,0.0
2023-04-11 13:30:00-04:00,5.554999828338623,5.565000057220459,5.440000057220459,5.565000057220459,2657,0.0,0.0
2023-04-11 14:30:00-04:00,5.565000057220459,5.659999847412109,5.5,5.5,5784,0.0,0.0
2023-04-11 15:30:00-04:00,5.599999904632568,5.639999866485596,5.380000114440918,5.380000114440918,5464,0.0,0.0
2023-04-12 09:30:00-04:00,5.449999809265137,5.461699962615967,5.449999809265137,5.461699962615967,1440,0.0,0.0
2023-04-12 10:30:00-04:00,5.590000152587891,5.590000152587891,5.590000152587891,5.590000152587891,112,0.0,0.0
2023-04-12 11:30:00-04:00,5.659999847412109,5.659999847412109,5.300000190734863,5.40500020980835,2662,0.0,0.0
2023-04-12 12:30:00-04:00,5.420000076293945,5.505000114440918,5.420000076293945,5.449999809265137,865,0.0,0.0
2023-04-12 13:30:00-04:00,5.519999980926514,5.534999847412109,5.460000038146973,5.534999847412109,812,0.0,0.0
2023-04-12 14:30:00-04:00,5.53000020980835,5.659999847412109,5.460000038146973,5.460000038146973,20258,0.0,0.0
2023-04-12 15:30:00-04:00,5.460000038146973,5.590000152587891,5.269999980926514,5.300000190734863,16988,0.0,0.0
2023-04-13 09:30:00-04:00,5.25,5.400000095367432,5.25,5.400000095367432,0,0.0,0.0
2023-04-13 10:30:00-04:00,5.409999847412109,5.420000076293945,5.300000190734863,5.309999942779541,6125,0.0,0.0
2023-04-13 11:30:00-04:00,5.329999923706055,5.425000190734863,5.300000190734863,5.414999961853027,6903,0.0,0.0
2023-04-13 12:30:00-04:00,5.420000076293945,5.420000076293945,5.309999942779541,5.309999942779541,2352,0.0,0.0
2023-04-13 13:30:00-04:00,5.329999923706055,5.329999923706055,5.329999923706055,5.329999923706055,841,0.0,0.0
2023-04-13 14:30:00-04:00,5.53000020980835,5.53000020980835,5.400000095367432,5.400000095367432,1169,0.0,0.0
2023-04-13 15:30:00-04:00,5.465000152587891,5.465000152587891,5.369999885559082,5.380000114440918,3173,0.0,0.0
2023-04-14 09:30:00-04:00,5.329999923706055,5.538400173187256,5.329999923706055,5.538400173187256,0,0.0,0.0
2023-04-14 10:30:00-04:00,5.17609977722168,5.440000057220459,5.17609977722168,5.340000152587891,1327,0.0,0.0
2023-04-14 11:30:00-04:00,5.349999904632568,5.355000019073486,5.210000038146973,5.275000095367432,7038,0.0,0.0
2023-04-14 12:30:00-04:00,5.159999847412109,5.309999942779541,5.159999847412109,5.260000228881836,2195,0.0,0.0
2023-04-14 13:30:00-04:00,5.315000057220459,5.315000057220459,5.139999866485596,5.244999885559082,2387,0.0,0.0
2023-04-14 14:30:00-04:00,5.255000114440918,5.289999961853027,5.190000057220459,5.210000038146973,15623,0.0,0.0
2023-04-14 15:30:00-04:00,5.269999980926514,5.329999923706055,5.239999771118164,5.239999771118164,6080,0.0,0.0
2023-04-17 09:30:00-04:00,5.429999828338623,5.4980998039245605,5.320000171661377,5.329999923706055,987,0.0,0.0
2023-04-17 10:30:00-04:00,5.340000152587891,5.5,5.329999923706055,5.389999866485596,5699,0.0,0.0
2023-04-17 11:30:00-04:00,5.445000171661377,5.489999771118164,5.360000133514404,5.429999828338623,4549,0.0,0.0
2023-04-17 12:30:00-04:00,5.48390007019043,5.585000038146973,5.440000057220459,5.585000038146973,6655,0.0,0.0
2023-04-17 13:30:00-04:00,5.599999904632568,5.630000114440918,5.510000228881836,5.550000190734863,3164,0.0,0.0
2023-04-17 14:30:00-04:00,5.59499979019165,5.639999866485596,5.519999980926514,5.519999980926514,3812,0.0,0.0
2023-04-17 15:30:00-04:00,5.585000038146973,5.590000152587891,5.46999979019165,5.510000228881836,8969,0.0,0.0
2023-04-18 09:30:00-04:00,5.519999980926514,5.519999980926514,5.140100002288818,5.420000076293945,12782,0.0,0.0
2023-04-18 10:30:00-04:00,5.650000095367432,5.789999961853027,5.389999866485596,5.480000019073486,17179,0.0,0.0
2023-04-18 11:30:00-04:00,5.409999847412109,5.460000038146973,5.409999847412109,5.460000038146973,1739,0.0,0.0
2023-04-18 12:30:00-04:00,5.474999904632568,5.474999904632568,5.25,5.25,20686,0.0,0.0
2023-04-18 13:30:00-04:00,5.329999923706055,5.400000095367432,5.329999923706055,5.389999866485596,3541,0.0,0.0
2023-04-18 14:30:00-04:00,5.340000152587891,5.420000076293945,5.295000076293945,5.329999923706055,5641,0.0,0.0
2023-04-18 15:30:00-04:00,5.340000152587891,5.394999980926514,5.269999980926514,5.340000152587891,3263,0.0,0.0
2023-04-19 09:30:00-04:00,5.300000190734863,5.300000190734863,5.25,5.25,1917,0.0,0.0
2023-04-19 10:30:00-04:00,5.264999866485596,5.264999866485596,5.264999866485596,5.264999866485596,100,0.0,0.0
2023-04-19 11:30:00-04:00,5.519999980926514,5.519999980926514,5.260000228881836,5.28000020980835,1402,0.0,0.0
2023-04-19 12:30:00-04:00,5.300000190734863,5.75,5.28000020980835,5.695000171661377,9769,0.0,0.0
2023-04-19 13:30:00-04:00,5.650000095367432,5.699999809265137,5.260000228881836,5.489999771118164,62551,0.0,0.0
2023-04-19 14:30:00-04:00,5.579999923706055,5.679999828338623,5.519999980926514,5.619999885559082,3484,0.0,0.0
2023-04-19 15:30:00-04:00,5.630000114440918,5.686399936676025,5.5,5.5,8238,0.0,0.0
2023-04-20 09:30:00-04:00,5.150000095367432,5.329999923706055,5.150000095367432,5.25,12971,0.0,0.0
2023-04-20 10:30:00-04:00,5.369999885559082,5.469399929046631,5.320000171661377,5.469399929046631,5468,0.0,0.0
2023-04-20 11:30:00-04:00,5.389999866485596,5.428199768066406,5.349999904632568,5.349999904632568,1758,0.0,0.0
2023-04-20 12:30:00-04:00,5.335000038146973,5.335000038146973,5.25,5.320000171661377,3512,0.0,0.0
2023-04-20 13:30:00-04:00,5.289999961853027,5.300000190734863,5.25,5.25,5023,0.0,0.0
2023-04-20 14:30:00-04:00,5.25,5.380000114440918,5.25,5.269999980926514,10000,0.0,0.0
2023-04-20 15:30:00-04:00,5.300000190734863,5.300000190734863,5.295000076293945,5.300000190734863,2265,0.0,0.0
2023-04-21 09:30:00-04:00,5.230000019073486,5.25,5.230000019073486,5.25,1180,0.0,0.0
2023-04-21 10:30:00-04:00,5.329999923706055,5.329999923706055,5.329999923706055,5.329999923706055,825,0.0,0.0
2023-04-21 11:30:00-04:00,5.409999847412109,5.409999847412109,4.889999866485596,4.980000019073486,23996,0.0,0.0
2023-04-21 12:30:00-04:00,5.019999980926514,5.039999961853027,4.840000152587891,4.840000152587891,10854,0.0,0.0
2023-04-21 13:30:00-04:00,4.980000019073486,5.019899845123291,4.809999942779541,4.920000076293945,13526,0.0,0.0
2023-04-21 14:30:00-04:00,4.920000076293945,5.119999885559082,4.739999771118164,4.889999866485596,32984,0.0,0.0
2023-04-21 15:30:00-04:00,4.889999866485596,4.900000095367432,4.800000190734863,4.800000190734863,8865,0.0,0.0
2023-04-24 09:30:00-04:00,4.809999942779541,4.989999771118164,4.760000228881836,4.809999942779541,7870,0.0,0.0
2023-04-24 10:30:00-04:00,4.820000171661377,4.849999904632568,4.75,4.75,2341,0.0,0.0
2023-04-24 11:30:00-04:00,4.75,4.804999828338623,4.599999904632568,4.760000228881836,9354,0.0,0.0
2023-04-24 12:30:00-04:00,4.760000228881836,4.760000228881836,4.519999980926514,4.730000019073486,8833,0.0,0.0
2023-04-24 13:30:00-04:00,4.679999828338623,4.75,4.679999828338623,4.699999809265137,3278,0.0,0.0
2023-04-24 14:30:00-04:00,4.650000095367432,4.7399001121521,4.650000095367432,4.71999979019165,13669,0.0,0.0
2023-04-24 15:30:00-04:00,4.699999809265137,4.7399001121521,4.650000095367432,4.650000095367432,5734,0.0,0.0
2023-04-25 09:30:00-04:00,4.679999828338623,4.800000190734863,4.650000095367432,4.650000095367432,1186,0.0,0.0
2023-04-25 10:30:00-04:00,4.650000095367432,4.670000076293945,4.510000228881836,4.510000228881836,3458,0.0,0.0
2023-04-25 11:30:00-04:00,4.53000020980835,4.590000152587891,4.5,4.5,10589,0.0,0.0
2023-04-25 12:30:00-04:00,4.519999980926514,4.599999904632568,4.5,4.5,12299,0.0,0.0
2023-04-25 13:30:00-04:00,4.510000228881836,4.519999980926514,4.34499979019165,4.360000133514404,11579,0.0,0.0
2023-04-25 14:30:00-04:00,4.429999828338623,4.630000114440918,4.380000114440918,4.46999979019165,7981,0.0,0.0
2023-04-25 15:30:00-04:00,4.664999961853027,4.664999961853027,4.440000057220459,4.610000133514404,22964,0.0,0.0
2023-04-26 09:30:00-04:00,4.590000152587891,4.729899883270264,4.519999980926514,4.519999980926514,1611,0.0,0.0
2023-04-26 10:30:00-04:00,4.53000020980835,4.570000171661377,4.389999866485596,4.429999828338623,6227,0.0,0.0
2023-04-26 11:30:00-04:00,4.510000228881836,4.559999942779541,4.429999828338623,4.559999942779541,3059,0.0,0.0
2023-04-26 12:30:00-04:00,4.699999809265137,4.699999809265137,4.639999866485596,4.695000171661377,987,0.0,0.0
2023-04-26 13:30:00-04:00,4.730000019073486,4.730000019073486,4.570000171661377,4.644999980926514,3429,0.0,0.0
2023-04-26 14:30:00-04:00,4.670000076293945,4.730000019073486,4.574999809265137,4.690000057220459,2325,0.0,0.0
2023-04-26 15:30:00-04:00,4.675000190734863,4.675000190734863,4.5,4.650000095367432,1541,0.0,0.0
2023-04-27 09:30:00-04:00,4.489999771118164,4.679999828338623,4.409999847412109,4.679999828338623,1492,0.0,0.0
2023-04-27 10:30:00-04:00,4.619999885559082,4.74970006942749,4.570000171661377,4.739999771118164,5747,0.0,0.0
2023-04-27 11:30:00-04:00,4.739999771118164,4.789999961853027,4.619999885559082,4.784999847412109,2002,0.0,0.0
2023-04-27 12:30:00-04:00,4.800000190734863,4.9583001136779785,4.639999866485596,4.724999904632568,13594,0.0,0.0
2023-04-27 13:30:00-04:00,4.659999847412109,4.769999980926514,4.610000133514404,4.619999885559082,5977,0.0,0.0
2023-04-27 14:30:00-04:00,4.599999904632568,4.679999828338623,4.389999866485596,4.389999866485596,10770,0.0,0.0
2023-04-27 15:30:00-04:00,4.400000095367432,4.53000020980835,4.380000114440918,4.380000114440918,7937,0.0,0.0
2023-04-28 09:30:00-04:00,4.5,4.5,4.382299900054932,4.485000133514404,0,0.0,0.0
2023-04-28 10:30:00-04:00,4.429999828338623,4.648900032043457,4.409999847412109,4.510000228881836,3918,0.0,0.0
2023-04-28 11:30:00-04:00,4.519999980926514,4.639999866485596,4.5,4.639999866485596,3687,0.0,0.0
2023-04-28 12:30:00-04:00,4.599999904632568,4.659999847412109,4.599999904632568,4.599999904632568,1539,0.0,0.0
2023-04-28 13:30:00-04:00,4.667699813842773,4.667699813842773,4.599999904632568,4.599999904632568,1563,0.0,0.0
2023-04-28 14:30:00-04:00,4.599999904632568,4.699999809265137,4.599999904632568,4.670000076293945,4457,0.0,0.0
2023-04-28 15:30:00-04:00,4.695000171661377,4.800000190734863,4.630000114440918,4.630000114440918,8970,0.0,0.0
2023-05-01 09:30:00-04:00,4.610000133514404,4.800000190734863,4.610000133514404,4.71999979019165,0,0.0,0.0
2023-05-01 10:30:00-04:00,4.775000095367432,4.775000095367432,4.775000095367432,4.775000095367432,11045,0.0,0.0
2023-05-01 11:30:00-04:00,4.78000020980835,4.966300010681152,4.699999809265137,4.809999942779541,10531,0.0,0.0
2023-05-01 12:30:00-04:00,4.820000171661377,4.914999961853027,4.820000171661377,4.914999961853027,976,0.0,0.0
2023-05-01 13:30:00-04:00,4.860000133514404,4.900000095367432,4.860000133514404,4.900000095367432,542,0.0,0.0
2023-05-01 14:30:00-04:00,4.909999847412109,4.934999942779541,4.860000133514404,4.880000114440918,3117,0.0,0.0
2023-05-01 15:30:00-04:00,4.929999828338623,4.929999828338623,4.760000228881836,4.760000228881836,4465,0.0,0.0
2023-05-02 09:30:00-04:00,5.0,5.0,4.755000114440918,4.849999904632568,0,0.0,0.0
2023-05-02 10:30:00-04:00,4.739999771118164,4.900000095367432,4.739999771118164,4.78000020980835,4685,0.0,0.0
2023-05-02 11:30:00-04:00,4.860000133514404,4.900000095367432,4.630000114440918,4.659999847412109,13407,0.0,0.0
2023-05-02 12:30:00-04:00,4.670000076293945,4.840000152587891,4.659999847412109,4.840000152587891,1667,0.0,0.0
2023-05-02 13:30:00-04:00,4.886099815368652,4.886099815368652,4.699999809265137,4.858799934387207,7624,0.0,0.0
2023-05-02 14:30:00-04:00,4.75,4.809999942779541,4.710000038146973,4.710000038146973,1980,0.0,0.0
2023-05-02 15:30:00-04:00,4.699999809265137,4.744999885559082,4.699999809265137,4.710000038146973,3731,0.0,0.0
2023-05-03 09:30:00-04:00,4.820000171661377,4.820000171661377,4.800000190734863,4.800000190734863,0,0.0,0.0
2023-05-03 11:30:00-04:00,4.78000020980835,4.84499979019165,4.769999980926514,4.78000020980835,1776,0.0,0.0
2023-05-03 12:30:00-04:00,4.812399864196777,4.858500003814697,4.730000019073486,4.730000019073486,979,0.0,0.0
2023-05-03 13:30:00-04:00,4.75,4.815000057220459,4.730000019073486,4.730000019073486,991,0.0,0.0
2023-05-03 14:30:00-04:00,4.809999942779541,4.824999809265137,4.760000228881836,4.760000228881836,938,0.0,0.0
2023-05-03 15:30:00-04:00,4.75,4.824999809265137,4.730000019073486,4.730000019073486,3693,0.0,0.0
2023-05-04 09:30:00-04:00,4.900000095367432,4.900000095367432,4.880000114440918,4.880000114440918,523,0.0,0.0
2023-05-04 10:30:00-04:00,4.840000152587891,4.894999980926514,4.760000228881836,4.885000228881836,3118,0.0,0.0
2023-05-04 11:30:00-04:00,4.71999979019165,4.71999979019165,4.71999979019165,4.71999979019165,321,0.0,0.0
2023-05-04 12:30:00-04:00,4.71999979019165,4.71999979019165,4.699999809265137,4.699999809265137,1344,0.0,0.0
2023-05-04 13:30:00-04:00,4.769999980926514,4.769999980926514,4.730000019073486,4.730000019073486,1066,0.0,0.0
2023-05-04 14:30:00-04:00,4.710000038146973,4.710000038146973,4.710000038146973,4.710000038146973,1394,0.0,0.0
2023-05-04 15:30:00-04:00,4.809999942779541,4.818999767303467,4.699999809265137,4.710000038146973,2782,0.0,0.0
2023-05-05 09:30:00-04:00,4.730000019073486,4.889999866485596,4.710000038146973,4.710000038146973,1488,0.0,0.0
2023-05-05 10:30:00-04:00,4.9899001121521,4.9899001121521,4.730000019073486,4.960000038146973,4923,0.0,0.0
2023-05-05 11:30:00-04:00,4.760000228881836,4.760000228881836,4.71999979019165,4.730000019073486,1813,0.0,0.0
2023-05-05 12:30:00-04:00,4.739999771118164,4.739999771118164,4.730000019073486,4.739999771118164,1813,0.0,0.0
2023-05-05 13:30:00-04:00,4.71999979019165,4.739999771118164,4.710000038146973,4.710000038146973,2130,0.0,0.0
2023-05-05 14:30:00-04:00,4.75,4.75,4.699999809265137,4.730000019073486,2162,0.0,0.0
2023-05-05 15:30:00-04:00,4.699999809265137,4.699999809265137,4.699999809265137,4.699999809265137,459,0.0,0.0
2023-05-08 09:30:00-04:00,4.730000019073486,4.860000133514404,4.610000133514404,4.699999809265137,2008,0.0,0.0
2023-05-08 10:30:00-04:00,4.699999809265137,4.710000038146973,4.699999809265137,4.704999923706055,2554,0.0,0.0
2023-05-08 11:30:00-04:00,4.739999771118164,4.880000114440918,4.510000228881836,4.510000228881836,17539,0.0,0.0
2023-05-08 12:30:00-04:00,4.409999847412109,4.659900188446045,4.295000076293945,4.394999980926514,6264,0.0,0.0
2023-05-08 13:30:00-04:00,4.28000020980835,4.510000228881836,4.130000114440918,4.184999942779541,20942,0.0,0.0
2023-05-08 14:30:00-04:00,4.150000095367432,4.329999923706055,4.140100002288818,4.260000228881836,9042,0.0,0.0
2023-05-08 15:30:00-04:00,4.260000228881836,4.329899787902832,4.230000019073486,4.239999771118164,6521,0.0,0.0
2023-05-09 09:30:00-04:00,4.360000133514404,4.574999809265137,4.309999942779541,4.309999942779541,5650,0.0,0.0
2023-05-09 10:30:00-04:00,4.360000133514404,4.380000114440918,4.349999904632568,4.364999771118164,4629,0.0,0.0
2023-05-09 11:30:00-04:00,4.356900215148926,4.449999809265137,4.349999904632568,4.40500020980835,3905,0.0,0.0
2023-05-09 12:30:00-04:00,4.355000019073486,4.479899883270264,4.349999904632568,4.369999885559082,4638,0.0,0.0
2023-05-09 13:30:00-04:00,4.420000076293945,4.480000019073486,4.360000133514404,4.434999942779541,3448,0.0,0.0
2023-05-09 14:30:00-04:00,4.429999828338623,4.474999904632568,4.360000133514404,4.474999904632568,5538,0.0,0.0
2023-05-09 15:30:00-04:00,4.460000038146973,4.474999904632568,4.360000133514404,4.360000133514404,3850,0.0,0.0
2023-05-10 09:30:00-04:00,4.559999942779541,4.630000114440918,4.159999847412109,4.25,5894,0.0,0.0
2023-05-10 10:30:00-04:00,4.400000095367432,4.599999904632568,4.315000057220459,4.451300144195557,25175,0.0,0.0
2023-05-10 11:30:00-04:00,4.439700126647949,4.439700126647949,4.340000152587891,4.380000114440918,4094,0.0,0.0
2023-05-10 12:30:00-04:00,4.409999847412109,4.650000095367432,4.300000190734863,4.400000095367432,34551,0.0,0.0
2023-05-10 13:30:00-04:00,4.380000114440918,4.4079999923706055,4.309999942779541,4.400000095367432,4857,0.0,0.0
2023-05-10 14:30:00-04:00,4.380000114440918,4.429999828338623,4.320000171661377,4.414999961853027,4925,0.0,0.0
2023-05-10 15:30:00-04:00,4.420000076293945,4.420000076293945,4.300000190734863,4.300000190734863,4065,0.0,0.0
2023-05-11 09:30:00-04:00,4.309999942779541,4.699999809265137,4.179999828338623,4.440000057220459,6858,0.0,0.0
2023-05-11 10:30:00-04:00,4.300000190734863,4.474999904632568,4.150000095367432,4.150000095367432,8854,0.0,0.0
2023-05-11 11:30:00-04:00,4.159999847412109,4.215000152587891,3.6500000953674316,3.6600000858306885,29465,0.0,0.0
2023-05-11 12:30:00-04:00,3.6600000858306885,3.9000000953674316,3.6500000953674316,3.7500998973846436,16190,0.0,0.0
2023-05-11 13:30:00-04:00,3.950000047683716,3.9600000381469727,3.9000000953674316,3.930000066757202,4707,0.0,0.0
2023-05-11 14:30:00-04:00,3.9000000953674316,4.099999904632568,3.9000000953674316,4.034999847412109,14304,0.0,0.0
2023-05-11 15:30:00-04:00,4.120299816131592,4.130000114440918,3.9100000858306885,3.9100000858306885,7237,0.0,0.0
2023-05-12 09:30:00-04:00,3.8399999141693115,4.210000038146973,3.8399999141693115,4.210000038146973,6712,0.0,0.0
2023-05-12 10:30:00-04:00,4.139999866485596,4.150000095367432,3.950000047683716,3.960099935531616,7402,0.0,0.0
2023-05-12 11:30:00-04:00,3.9700000286102295,4.031199932098389,3.9500999450683594,3.9600000381469727,4661,0.0,0.0
2023-05-12 12:30:00-04:00,4.0,4.019999980926514,3.9200000762939453,3.9800000190734863,4990,0.0,0.0
2023-05-12 13:30:00-04:00,3.9549999237060547,3.9549999237060547,3.7799999713897705,3.7799999713897705,9305,0.0,0.0
2023-05-12 14:30:00-04:00,3.9000000953674316,4.0,3.859999895095825,3.950000047683716,7265,0.0,0.0
2023-05-12 15:30:00-04:00,3.990000009536743,4.119999885559082,3.9600000381469727,4.119999885559082,7764,0.0,0.0
2023-05-15 09:30:00-04:00,4.0,4.114999771118164,3.7300000190734863,4.114999771118164,8403,0.0,0.0
2023-05-15 10:30:00-04:00,4.110000133514404,4.159999847412109,4.059999942779541,4.135000228881836,5301,0.0,0.0
2023-05-15 11:30:00-04:00,4.139999866485596,4.150000095367432,4.010000228881836,4.019999980926514,5653,0.0,0.0
2023-05-15 12:30:00-04:00,4.019999980926514,4.099999904632568,4.019999980926514,4.070000171661377,1051,0.0,0.0
2023-05-15 13:30:00-04:00,4.090000152587891,4.130000114440918,4.079999923706055,4.090000152587891,2873,0.0,0.0
2023-05-15 14:30:00-04:00,4.090000152587891,4.130000114440918,4.079999923706055,4.079999923706055,2007,0.0,0.0
2023-05-15 15:30:00-04:00,4.079999923706055,4.099999904632568,4.059999942779541,4.070000171661377,1938,0.0,0.0
2023-05-16 09:30:00-04:00,4.21999979019165,4.21999979019165,3.759999990463257,4.099999904632568,1405,0.0,0.0
2023-05-16 11:30:00-04:00,4.090000152587891,4.090000152587891,4.090000152587891,4.090000152587891,338,0.0,0.0
2023-05-16 12:30:00-04:00,4.130000114440918,4.190000057220459,4.099999904632568,4.110099792480469,8978,0.0,0.0
2023-05-16 13:30:00-04:00,4.159999847412109,4.179999828338623,4.110000133514404,4.119999885559082,1457,0.0,0.0
2023-05-16 14:30:00-04:00,4.119999885559082,4.179999828338623,4.119999885559082,4.144999980926514,1525,0.0,0.0
2023-05-16 15:30:00-04:00,4.150000095367432,4.170000076293945,4.079999923706055,4.079999923706055,1894,0.0,0.0
2023-05-17 09:30:00-04:00,4.090000152587891,4.940000057220459,4.054999828338623,4.860899925231934,107020,0.0,0.0
2023-05-17 10:30:00-04:00,4.842199802398682,5.150000095367432,4.670000076293945,4.829999923706055,139662,0.0,0.0
2023-05-17 11:30:00-04:00,4.829999923706055,4.900000095367432,4.760000228881836,4.809999942779541,58704,0.0,0.0
2023-05-17 12:30:00-04:00,4.855000019073486,4.889999866485596,4.739999771118164,4.739999771118164,34221,0.0,0.0
2023-05-17 13:30:00-04:00,4.71999979019165,4.759200096130371,4.619999885559082,4.639999866485596,43276,0.0,0.0
2023-05-17 14:30:00-04:00,4.679800033569336,4.679900169372559,4.519999980926514,4.559999942779541,36969,0.0,0.0
2023-05-17 15:30:00-04:00,4.565000057220459,4.639999866485596,4.460000038146973,4.599999904632568,23866,0.0,0.0
2023-05-18 09:30:00-04:00,4.789999961853027,4.909999847412109,4.53000020980835,4.599999904632568,82240,0.0,0.0
2023-05-18 10:30:00-04:00,4.590000152587891,4.679999828338623,4.590000152587891,4.635000228881836,28794,0.0,0.0
2023-05-18 11:30:00-04:00,4.635000228881836,4.659999847412109,4.474999904632568,4.480000019073486,38269,0.0,0.0
2023-05-18 12:30:00-04:00,4.505000114440918,4.539999961853027,4.425000190734863,4.510000228881836,19704,0.0,0.0
2023-05-18 13:30:00-04:00,4.510000228881836,4.550000190734863,4.474999904632568,4.489999771118164,27027,0.0,0.0
2023-05-18 14:30:00-04:00,4.489999771118164,4.539999961853027,4.460000038146973,4.494999885559082,15205,0.0,0.0
2023-05-18 15:30:00-04:00,4.460000038146973,4.53000020980835,4.400000095367432,4.400000095367432,25285,0.0,0.0
2023-05-19 09:30:00-04:00,4.599999904632568,4.710000038146973,4.480000019073486,4.480000019073486,35414,0.0,0.0
2023-05-19 10:30:00-04:00,4.489999771118164,4.550000190734863,4.485000133514404,4.539999961853027,19254,0.0,0.0
2023-05-19 11:30:00-04:00,4.53000020980835,4.53000020980835,4.480000019073486,4.5,10168,0.0,0.0
2023-05-19 12:30:00-04:00,4.510000228881836,4.519999980926514,4.449999809265137,4.5,6069,0.0,0.0
2023-05-19 13:30:00-04:00,4.485000133514404,4.519999980926514,4.46999979019165,4.5,6820,0.0,0.0
2023-05-19 14:30:00-04:00,4.5,4.574999809265137,4.409999847412109,4.539999961853027,25214,0.0,0.0
2023-05-19 15:30:00-04:00,4.539999961853027,4.545000076293945,4.380000114440918,4.409999847412109,23440,0.0,0.0
2023-05-22 09:30:00-04:00,4.409999847412109,4.4899001121521,4.400000095367432,4.409999847412109,21732,0.0,0.0
2023-05-22 10:30:00-04:00,4.445000171661377,4.445000171661377,4.170000076293945,4.210000038146973,23960,0.0,0.0
2023-05-22 11:30:00-04:00,4.199999809265137,4.340000152587891,4.199999809265137,4.309999942779541,22669,0.0,0.0
2023-05-22 12:30:00-04:00,4.309999942779541,4.389999866485596,4.309999942779541,4.349999904632568,8443,0.0,0.0
2023-05-22 13:30:00-04:00,4.375,4.5391998291015625,4.375,4.5,29033,0.0,0.0
2023-05-22 14:30:00-04:00,4.500199794769287,4.500199794769287,4.389999866485596,4.400000095367432,25768,0.0,0.0
2023-05-22 15:30:00-04:00,4.400000095367432,4.5,4.400000095367432,4.489999771118164,15606,0.0,0.0
2023-05-23 09:30:00-04:00,4.510000228881836,4.559999942779541,4.369999885559082,4.559999942779541,9746,0.0,0.0
2023-05-23 10:30:00-04:00,4.559999942779541,4.619999885559082,4.53000020980835,4.53000020980835,5068,0.0,0.0
2023-05-23 11:30:00-04:00,4.539999961853027,4.585000038146973,4.53000020980835,4.550000190734863,5380,0.0,0.0
2023-05-23 12:30:00-04:00,4.530099868774414,4.530099868774414,4.400000095367432,4.400000095367432,6571,0.0,0.0
2023-05-23 13:30:00-04:00,4.400000095367432,4.440000057220459,4.349999904632568,4.360000133514404,13336,0.0,0.0
2023-05-23 14:30:00-04:00,4.349999904632568,4.4197998046875,4.329999923706055,4.369999885559082,9313,0.0,0.0
2023-05-23 15:30:00-04:00,4.360000133514404,4.409999847412109,4.340000152587891,4.400000095367432,7714,0.0,0.0
2023-05-24 09:30:00-04:00,4.369999885559082,4.369999885559082,4.309999942779541,4.349999904632568,9518,0.0,0.0
2023-05-24 10:30:00-04:00,4.340000152587891,4.340000152587891,4.199999809265137,4.25,28618,0.0,0.0
2023-05-24 11:30:00-04:00,4.21999979019165,4.28000020980835,4.21999979019165,4.21999979019165,4263,0.0,0.0
2023-05-24 12:30:00-04:00,4.21999979019165,4.260000228881836,4.210000038146973,4.230000019073486,9480,0.0,0.0
2023-05-24 13:30:00-04:00,4.25,4.279200077056885,4.210000038146973,4.25,4732,0.0,0.0
2023-05-24 14:30:00-04:00,4.25,4.25,4.179999828338623,4.204999923706055,21091,0.0,0.0
2023-05-24 15:30:00-04:00,4.215000152587891,4.28000020980835,4.170000076293945,4.230000019073486,8744,0.0,0.0
2023-05-25 09:30:00-04:00,4.179999828338623,4.21999979019165,4.150000095367432,4.150000095367432,2803,0.0,0.0
2023-05-25 10:30:00-04:00,4.159999847412109,4.25,4.099999904632568,4.170000076293945,9422,0.0,0.0
2023-05-25 11:30:00-04:00,4.23829984664917,4.23829984664917,4.170000076293945,4.170000076293945,1438,0.0,0.0
2023-05-25 12:30:00-04:00,4.179999828338623,4.210000038146973,4.150599956512451,4.150599956512451,2794,0.0,0.0
2023-05-25 13:30:00-04:00,4.175000190734863,4.199999809265137,4.159999847412109,4.159999847412109,1116,0.0,0.0
2023-05-25 14:30:00-04:00,4.150000095367432,4.199999809265137,4.150000095367432,4.159999847412109,1223,0.0,0.0
2023-05-25 15:30:00-04:00,4.159999847412109,4.159999847412109,4.085000038146973,4.099999904632568,6493,0.0,0.0
2023-05-26 09:30:00-04:00,4.099999904632568,4.170000076293945,4.099999904632568,4.159999847412109,2890,0.0,0.0
2023-05-26 10:30:00-04:00,4.144999980926514,4.349999904632568,4.110000133514404,4.269999980926514,52052,0.0,0.0
2023-05-26 11:30:00-04:00,4.269999980926514,4.300000190734863,4.239999771118164,4.264999866485596,10971,0.0,0.0
2023-05-26 12:30:00-04:00,4.264999866485596,4.269999980926514,4.1427001953125,4.159999847412109,6322,0.0,0.0
2023-05-26 13:30:00-04:00,4.21999979019165,4.289999961853027,4.199999809265137,4.25,8617,0.0,0.0
2023-05-26 14:30:00-04:00,4.21999979019165,4.220300197601318,4.210000038146973,4.210000038146973,899,0.0,0.0
2023-05-26 15:30:00-04:00,4.210000038146973,4.239999771118164,4.135000228881836,4.190000057220459,7327,0.0,0.0
2023-05-30 09:30:00-04:00,4.130000114440918,4.210000038146973,4.130000114440918,4.150000095367432,6081,0.0,0.0
2023-05-30 10:30:00-04:00,4.190000057220459,4.239999771118164,4.170000076293945,4.2342000007629395,9793,0.0,0.0
2023-05-30 11:30:00-04:00,4.199999809265137,4.199999809265137,4.162199974060059,4.175000190734863,4048,0.0,0.0
2023-05-30 12:30:00-04:00,4.179999828338623,4.190000057220459,4.127500057220459,4.159999847412109,10782,0.0,0.0
2023-05-30 13:30:00-04:00,4.144999980926514,4.179999828338623,4.144999980926514,4.179999828338623,961,0.0,0.0
2023-05-30 14:30:00-04:00,4.164999961853027,4.164999961853027,4.118299961090088,4.118299961090088,3323,0.0,0.0
2023-05-30 15:30:00-04:00,4.159999847412109,4.230000019073486,4.139999866485596,4.230000019073486,18071,0.0,0.0
2023-05-31 09:30:00-04:00,4.21999979019165,4.21999979019165,4.03000020980835,4.099999904632568,14280,0.0,0.0
2023-05-31 10:30:00-04:00,4.09499979019165,4.09499979019165,3.809999942779541,3.8375000953674316,49553,0.0,0.0
2023-05-31 11:30:00-04:00,3.8952999114990234,3.9800000190734863,3.8499999046325684,3.9100000858306885,20334,0.0,0.0
2023-05-31 12:30:00-04:00,3.944999933242798,4.0,3.940000057220459,4.0,7071,0.0,0.0
2023-05-31 13:30:00-04:00,3.9700000286102295,4.059999942779541,3.9700000286102295,4.059999942779541,4007,0.0,0.0
2023-05-31 14:30:00-04:00,4.079999923706055,4.130000114440918,4.059999942779541,4.099999904632568,4449,0.0,0.0
2023-05-31 15:30:00-04:00,4.099999904632568,4.150000095367432,4.039999961853027,4.139999866485596,7770,0.0,0.0
2023-06-01 09:30:00-04:00,4.079999923706055,4.170000076293945,4.0100998878479,4.117499828338623,11235,0.0,0.0
2023-06-01 10:30:00-04:00,4.170000076293945,4.179999828338623,4.054999828338623,4.110000133514404,6457,0.0,0.0
2023-06-01 11:30:00-04:00,4.099999904632568,4.170000076293945,4.099999904632568,4.170000076293945,2902,0.0,0.0
2023-06-01 12:30:00-04:00,4.170000076293945,4.230000019073486,4.169899940490723,4.21999979019165,6375,0.0,0.0
2023-06-01 13:30:00-04:00,4.230000019073486,4.25,4.179999828338623,4.21999979019165,4518,0.0,0.0
2023-06-01 14:30:00-04:00,4.238999843597412,4.239999771118164,4.179999828338623,4.21999979019165,5528,0.0,0.0
2023-06-01 15:30:00-04:00,4.204999923706055,4.289999961853027,4.170000076293945,4.289999961853027,15535,0.0,0.0
2023-06-02 09:30:00-04:00,4.300000190734863,4.424799919128418,4.260000228881836,4.424799919128418,17369,0.0,0.0
2023-06-02 10:30:00-04:00,4.400000095367432,4.429999828338623,4.309999942779541,4.349999904632568,25079,0.0,0.0
2023-06-02 11:30:00-04:00,4.349999904632568,4.409999847412109,4.304999828338623,4.389999866485596,8374,0.0,0.0
2023-06-02 12:30:00-04:00,4.380000114440918,4.429999828338623,4.369999885559082,4.400000095367432,6436,0.0,0.0
2023-06-02 13:30:00-04:00,4.400000095367432,4.429999828338623,4.369999885559082,4.389999866485596,5790,0.0,0.0
2023-06-02 14:30:00-04:00,4.389999866485596,4.5,4.389999866485596,4.460000038146973,6282,0.0,0.0
2023-06-02 15:30:00-04:00,4.460000038146973,4.539599895477295,4.429999828338623,4.519999980926514,21109,0.0,0.0
2023-06-05 09:30:00-04:00,4.519999980926514,4.519999980926514,4.369999885559082,4.440000057220459,0,0.0,0.0
2023-06-05 10:30:00-04:00,4.429999828338623,4.531899929046631,4.425000190734863,4.519999980926514,3672,0.0,0.0
2023-06-05 11:30:00-04:00,4.53000020980835,4.592700004577637,4.525000095367432,4.537899971008301,2982,0.0,0.0
2023-06-05 12:30:00-04:00,4.545000076293945,4.730000019073486,4.545000076293945,4.670000076293945,8681,0.0,0.0
2023-06-05 13:30:00-04:00,4.696000099182129,4.739999771118164,4.619999885559082,4.619999885559082,5569,0.0,0.0
2023-06-05 14:30:00-04:00,4.619999885559082,4.639999866485596,4.610000133514404,4.625,5963,0.0,0.0
2023-06-05 15:30:00-04:00,4.630000114440918,4.670000076293945,4.620100021362305,4.670000076293945,5939,0.0,0.0
2023-06-06 09:30:00-04:00,4.639999866485596,4.739999771118164,4.639999866485596,4.71999979019165,8254,0.0,0.0
2023-06-06 10:30:00-04:00,4.730000019073486,4.760000228881836,4.675600051879883,4.695000171661377,7714,0.0,0.0
2023-06-06 11:30:00-04:00,4.679999828338623,4.760000228881836,4.672500133514404,4.711599826812744,7242,0.0,0.0
2023-06-06 12:30:00-04:00,4.712699890136719,4.900000095367432,4.71120023727417,4.869999885559082,27609,0.0,0.0
2023-06-06 13:30:00-04:00,4.860000133514404,4.907100200653076,4.860000133514404,4.867499828338623,3530,0.0,0.0
2023-06-06 14:30:00-04:00,4.909999847412109,5.025000095367432,4.909999847412109,4.974999904632568,11477,0.0,0.0
2023-06-06 15:30:00-04:00,4.980000019073486,4.980000019073486,4.920000076293945,4.920000076293945,8642,0.0,0.0
2023-06-07 09:30:00-04:00,4.920000076293945,5.150000095367432,4.920000076293945,5.099999904632568,18588,0.0,0.0
2023-06-07 10:30:00-04:00,5.110000133514404,5.110000133514404,5.0406999588012695,5.0406999588012695,2825,0.0,0.0
2023-06-07 11:30:00-04:00,5.03000020980835,5.059999942779541,5.010000228881836,5.0100998878479,4366,0.0,0.0
2023-06-07 12:30:00-04:00,5.050000190734863,5.089900016784668,5.03000020980835,5.050000190734863,4464,0.0,0.0
2023-06-07 13:30:00-04:00,5.039999961853027,5.039999961853027,4.860000133514404,4.889999866485596,28298,0.0,0.0
2023-06-07 14:30:00-04:00,4.840000152587891,4.889999866485596,4.710000038146973,4.730000019073486,21944,0.0,0.0
2023-06-07 15:30:00-04:00,4.796000003814697,4.840000152587891,4.747499942779541,4.78000020980835,5310,0.0,0.0
2023-06-08 09:30:00-04:00,4.909999847412109,5.0,4.730000019073486,4.900000095367432,13759,0.0,0.0
2023-06-08 10:30:00-04:00,4.940000057220459,4.947000026702881,4.909999847412109,4.947000026702881,909,0.0,0.0
2023-06-08 11:30:00-04:00,4.910200119018555,4.925000190734863,4.909999847412109,4.925000190734863,984,0.0,0.0
2023-06-08 12:30:00-04:00,4.945000171661377,5.062300205230713,4.945000171661377,5.034999847412109,5378,0.0,0.0
2023-06-08 13:30:00-04:00,5.050000190734863,5.099899768829346,5.03000020980835,5.030099868774414,6478,0.0,0.0
2023-06-08 14:30:00-04:00,5.03000020980835,5.034999847412109,4.900000095367432,4.900000095367432,18027,0.0,0.0
2023-06-08 15:30:00-04:00,4.900000095367432,4.96999979019165,4.900000095367432,4.949999809265137,6260,0.0,0.0
2023-06-09 09:30:00-04:00,5.03000020980835,5.18179988861084,4.949999809265137,5.090000152587891,15250,0.0,0.0
2023-06-09 10:30:00-04:00,5.098899841308594,5.110000133514404,4.980800151824951,5.010000228881836,18633,0.0,0.0
2023-06-09 11:30:00-04:00,5.054999828338623,5.098800182342529,4.820000171661377,4.840000152587891,9720,0.0,0.0
2023-06-09 12:30:00-04:00,4.929999828338623,4.929999828338623,4.840000152587891,4.849999904632568,6118,0.0,0.0
2023-06-09 13:30:00-04:00,4.860000133514404,4.940000057220459,4.860000133514404,4.912499904632568,4353,0.0,0.0
2023-06-09 14:30:00-04:00,4.949999809265137,5.039999961853027,4.949999809265137,5.039999961853027,4730,0.0,0.0
2023-06-09 15:30:00-04:00,5.099999904632568,5.119999885559082,5.039999961853027,5.099999904632568,6274,0.0,0.0
2023-06-12 09:30:00-04:00,5.110000133514404,5.190000057220459,5.110000133514404,5.127500057220459,7718,0.0,0.0
2023-06-12 10:30:00-04:00,5.059999942779541,5.125,4.96999979019165,5.006899833679199,13595,0.0,0.0
2023-06-12 11:30:00-04:00,5.0,5.0,4.940400123596191,4.985000133514404,1898,0.0,0.0
2023-06-12 12:30:00-04:00,4.929999828338623,4.929999828338623,4.760000228881836,4.900000095367432,16198,0.0,0.0
2023-06-12 13:30:00-04:00,4.920000076293945,4.940000057220459,4.769999980926514,4.840000152587891,26179,0.0,0.0
2023-06-12 14:30:00-04:00,4.769999980926514,4.829999923706055,4.75,4.75,12614,0.0,0.0
2023-06-12 15:30:00-04:00,4.739999771118164,4.800000190734863,4.71999979019165,4.71999979019165,6132,0.0,0.0
2023-06-13 09:30:00-04:00,4.760000228881836,4.929999828338623,4.760000228881836,4.919300079345703,5963,0.0,0.0
2023-06-13 10:30:00-04:00,4.970200061798096,4.992199897766113,4.900000095367432,4.992199897766113,3532,0.0,0.0
2023-06-13 11:30:00-04:00,4.929999828338623,4.942800045013428,4.889999866485596,4.942800045013428,1356,0.0,0.0
2023-06-13 12:30:00-04:00,4.925000190734863,4.925099849700928,4.889999866485596,4.889999866485596,4574,0.0,0.0
2023-06-13 13:30:00-04:00,4.860000133514404,4.931000232696533,4.769999980926514,4.869999885559082,15422,0.0,0.0
2023-06-13 14:30:00-04:00,4.896900177001953,4.900000095367432,4.849999904632568,4.869999885559082,1593,0.0,0.0
2023-06-13 15:30:00-04:00,4.860000133514404,4.880000114440918,4.860000133514404,4.860000133514404,1614,0.0,0.0
2023-06-14 09:30:00-04:00,4.809999942779541,5.053899765014648,4.809999942779541,4.949999809265137,5993,0.0,0.0
2023-06-14 10:30:00-04:00,5.019999980926514,5.050000190734863,4.95359992980957,5.0,12626,0.0,0.0
2023-06-14 11:30:00-04:00,5.050000190734863,5.050000190734863,4.909999847412109,4.909999847412109,10728,0.0,0.0
2023-06-14 12:30:00-04:00,4.920000076293945,4.940000057220459,4.90500020980835,4.914999961853027,778,0.0,0.0
2023-06-14 13:30:00-04:00,4.920000076293945,4.920000076293945,4.849999904632568,4.849999904632568,1967,0.0,0.0
2023-06-14 14:30:00-04:00,4.835000038146973,4.835000038146973,4.71999979019165,4.789999961853027,9040,0.0,0.0
2023-06-14 15:30:00-04:00,4.815000057220459,4.824999809265137,4.730000019073486,4.730000019073486,4554,0.0,0.0
2023-06-15 09:30:00-04:00,4.78000020980835,4.878799915313721,4.78000020980835,4.878799915313721,1566,0.0,0.0
2023-06-15 10:30:00-04:00,4.880000114440918,4.880000114440918,4.78000020980835,4.78000020980835,1893,0.0,0.0
2023-06-15 11:30:00-04:00,4.820000171661377,4.820000171661377,4.820000171661377,4.820000171661377,1282,0.0,0.0
2023-06-15 12:30:00-04:00,4.800000190734863,4.800000190734863,4.510000228881836,4.550000190734863,18454,0.0,0.0
2023-06-15 13:30:00-04:00,4.53410005569458,4.53410005569458,4.380000114440918,4.5,18209,0.0,0.0
2023-06-15 14:30:00-04:00,4.454999923706055,4.4899001121521,4.400000095367432,4.480000019073486,7980,0.0,0.0
2023-06-15 15:30:00-04:00,4.489999771118164,4.519899845123291,4.429999828338623,4.429999828338623,7507,0.0,0.0
2023-06-16 09:30:00-04:00,4.440000057220459,4.53000020980835,4.429999828338623,4.440000057220459,10665,0.0,0.0
2023-06-16 10:30:00-04:00,4.5,4.5,4.440000057220459,4.449999809265137,8633,0.0,0.0
2023-06-16 11:30:00-04:00,4.400000095367432,4.460000038146973,4.400000095367432,4.400000095367432,2318,0.0,0.0
2023-06-16 12:30:00-04:00,4.400000095367432,4.408699989318848,4.232500076293945,4.360000133514404,21724,0.0,0.0
2023-06-16 13:30:00-04:00,4.349999904632568,4.400000095367432,4.248000144958496,4.34499979019165,5687,0.0,0.0
2023-06-16 14:30:00-04:00,4.369999885559082,4.409999847412109,4.360000133514404,4.409999847412109,3261,0.0,0.0
2023-06-16 15:30:00-04:00,4.409999847412109,4.46999979019165,4.407400131225586,4.46999979019165,3679,0.0,0.0
2023-06-20 09:30:00-04:00,4.489999771118164,4.489999771118164,4.409999847412109,4.409999847412109,22693,0.0,0.0
2023-06-20 10:30:00-04:00,4.40500020980835,4.619999885559082,4.360000133514404,4.570000171661377,8523,0.0,0.0
2023-06-20 11:30:00-04:00,4.625899791717529,4.625899791717529,4.5,4.5,9792,0.0,0.0
2023-06-20 12:30:00-04:00,4.5,4.533299922943115,4.5,4.5,2190,0.0,0.0
2023-06-20 13:30:00-04:00,4.5,4.519999980926514,4.489999771118164,4.519999980926514,738,0.0,0.0
2023-06-20 14:30:00-04:00,4.5,4.510000228881836,4.414999961853027,4.414999961853027,8813,0.0,0.0
2023-06-20 15:30:00-04:00,4.510000228881836,4.519000053405762,4.460000038146973,4.489999771118164,2478,0.0,0.0
2023-06-21 09:30:00-04:00,4.429999828338623,4.519999980926514,4.429999828338623,4.519999980926514,3117,0.0,0.0
2023-06-21 10:30:00-04:00,4.519999980926514,4.539999961853027,4.460000038146973,4.539999961853027,8231,0.0,0.0
2023-06-21 11:30:00-04:00,4.460000038146973,4.510000228881836,4.449999809265137,4.451700210571289,3659,0.0,0.0
2023-06-21 12:30:00-04:00,4.480000019073486,4.480000019073486,4.364999771118164,4.364999771118164,10576,0.0,0.0
2023-06-21 13:30:00-04:00,4.389999866485596,4.440000057220459,4.320099830627441,4.420000076293945,15059,0.0,0.0
2023-06-21 14:30:00-04:00,4.420000076293945,4.440000057220459,4.380000114440918,4.429999828338623,4759,0.0,0.0
2023-06-21 15:30:00-04:00,4.429999828338623,4.465000152587891,4.340000152587891,4.340000152587891,10231,0.0,0.0
2023-06-22 09:30:00-04:00,4.349999904632568,4.507900238037109,4.309999942779541,4.489999771118164,3366,0.0,0.0
2023-06-22 10:30:00-04:00,4.345900058746338,4.425000190734863,4.345900058746338,4.425000190734863,1152,0.0,0.0
2023-06-22 11:30:00-04:00,4.46150016784668,4.510000228881836,4.46150016784668,4.510000228881836,1479,0.0,0.0
2023-06-22 12:30:00-04:00,4.389999866485596,4.489999771118164,4.389999866485596,4.429999828338623,2106,0.0,0.0
2023-06-22 13:30:00-04:00,4.340000152587891,4.469900131225586,4.340000152587891,4.468999862670898,3190,0.0,0.0
2023-06-22 14:30:00-04:00,4.389999866485596,4.449999809265137,4.349999904632568,4.349999904632568,7710,0.0,0.0
2023-06-22 15:30:00-04:00,4.340000152587891,4.355000019073486,4.300000190734863,4.300000190734863,5717,0.0,0.0
2023-06-23 09:30:00-04:00,4.300000190734863,4.517000198364258,4.300000190734863,4.300000190734863,2954,0.0,0.0
2023-06-23 10:30:00-04:00,4.3993000984191895,4.400000095367432,4.369999885559082,4.369999885559082,1066,0.0,0.0
2023-06-23 11:30:00-04:00,4.396299839019775,4.396299839019775,4.394999980926514,4.394999980926514,1435,0.0,0.0
2023-06-23 12:30:00-04:00,4.394999980926514,4.400000095367432,4.394999980926514,4.400000095367432,1399,0.0,0.0
2023-06-23 13:30:00-04:00,4.400000095367432,4.429999828338623,4.322500228881836,4.340000152587891,2862,0.0,0.0
2023-06-23 14:30:00-04:00,4.300000190734863,4.369999885559082,4.300000190734863,4.360000133514404,9812,0.0,0.0
2023-06-23 15:30:00-04:00,4.360000133514404,4.360000133514404,4.300000190734863,4.349999904632568,3041,0.0,0.0
2023-06-26 09:30:00-04:00,4.349999904632568,4.460000038146973,4.349999904632568,4.459499835968018,8718,0.0,0.0
2023-06-26 10:30:00-04:00,4.449999809265137,4.449999809265137,4.375999927520752,4.380000114440918,1527,0.0,0.0
2023-06-26 11:30:00-04:00,4.385000228881836,4.440000057220459,4.349999904632568,4.349999904632568,6667,0.0,0.0
2023-06-26 12:30:00-04:00,4.349999904632568,4.349999904632568,4.320000171661377,4.320000171661377,784,0.0,0.0
2023-06-26 13:30:00-04:00,4.309999942779541,4.339900016784668,4.300000190734863,4.339900016784668,1310,0.0,0.0
2023-06-26 14:30:00-04:00,4.300000190734863,4.320000171661377,4.144000053405762,4.144000053405762,11700,0.0,0.0
2023-06-26 15:30:00-04:00,4.190000057220459,4.28000020980835,4.190000057220459,4.28000020980835,6591,0.0,0.0
2023-06-27 09:30:00-04:00,4.190000057220459,4.272500038146973,4.150000095367432,4.25600004196167,19307,0.0,0.0
2023-06-27 10:30:00-04:00,4.170000076293945,4.170000076293945,4.170000076293945,4.170000076293945,942,0.0,0.0
2023-06-27 11:30:00-04:00,4.159999847412109,4.179900169372559,4.130000114440918,4.154900074005127,8853,0.0,0.0
2023-06-27 12:30:00-04:00,4.139999866485596,4.179999828338623,4.130000114440918,4.139999866485596,11396,0.0,0.0
2023-06-27 13:30:00-04:00,4.150000095367432,4.170000076293945,4.130000114440918,4.130000114440918,8256,0.0,0.0
2023-06-27 14:30:00-04:00,4.129899978637695,4.130000114440918,4.099999904632568,4.110000133514404,9183,0.0,0.0
2023-06-27 15:30:00-04:00,4.110000133514404,4.149899959564209,4.099999904632568,4.110000133514404,5883,0.0,0.0
2023-06-28 09:30:00-04:00,4.119999885559082,4.256800174713135,4.050000190734863,4.130000114440918,8345,0.0,0.0
2023-06-28 10:30:00-04:00,4.119999885559082,4.125,4.070000171661377,4.09499979019165,2926,0.0,0.0
2023-06-28 11:30:00-04:00,4.119999885559082,4.119999885559082,4.070000171661377,4.105000019073486,2742,0.0,0.0
2023-06-28 12:30:00-04:00,4.070000171661377,4.090000152587891,4.050000190734863,4.050000190734863,3355,0.0,0.0
2023-06-28 13:30:00-04:00,4.050000190734863,4.119999885559082,4.010000228881836,4.010000228881836,6661,0.0,0.0
2023-06-28 14:30:00-04:00,4.010000228881836,4.10699987411499,4.010000228881836,4.10699987411499,6683,0.0,0.0
2023-06-28 15:30:00-04:00,4.159999847412109,4.190000057220459,4.059999942779541,4.159999847412109,5196,0.0,0.0
2023-06-29 09:30:00-04:00,4.070000171661377,4.190000057220459,4.070000171661377,4.190000057220459,668,0.0,0.0
2023-06-29 10:30:00-04:00,4.139999866485596,4.139999866485596,4.070000171661377,4.105000019073486,936,0.0,0.0
2023-06-29 11:30:00-04:00,4.070000171661377,4.099999904632568,4.070000171661377,4.099999904632568,1490,0.0,0.0
2023-06-29 12:30:00-04:00,4.090000152587891,4.099999904632568,4.070000171661377,4.099999904632568,476,0.0,0.0
2023-06-29 13:30:00-04:00,4.110000133514404,4.110000133514404,4.099999904632568,4.099999904632568,413,0.0,0.0
2023-06-29 14:30:00-04:00,4.099999904632568,4.129000186920166,4.070000171661377,4.099999904632568,2110,0.0,0.0
2023-06-29 15:30:00-04:00,4.095099925994873,4.139999866485596,4.090000152587891,4.139999866485596,1700,0.0,0.0
2023-06-30 09:30:00-04:00,4.130000114440918,4.25,4.010000228881836,4.159999847412109,5231,0.0,0.0
2023-06-30 10:30:00-04:00,4.0920000076293945,4.15500020980835,3.75,3.9800000190734863,41981,0.0,0.0
2023-06-30 11:30:00-04:00,3.9800000190734863,4.059999942779541,3.9800000190734863,4.059999942779541,4299,0.0,0.0
2023-06-30 12:30:00-04:00,4.099999904632568,4.099999904632568,4.019999980926514,4.019999980926514,3790,0.0,0.0
2023-06-30 13:30:00-04:00,4.051000118255615,4.109899997711182,4.051000118255615,4.079999923706055,4929,0.0,0.0
2023-06-30 14:30:00-04:00,4.068600177764893,4.068600177764893,4.03000020980835,4.03000020980835,2404,0.0,0.0
2023-06-30 15:30:00-04:00,4.037199974060059,4.130000114440918,4.025000095367432,4.130000114440918,4952,0.0,0.0
2023-07-03 09:30:00-04:00,4.119999885559082,4.199999809265137,4.119999885559082,4.139999866485596,5431,0.0,0.0
2023-07-03 10:30:00-04:00,4.139999866485596,4.2220001220703125,4.099999904632568,4.099999904632568,2086,0.0,0.0
2023-07-03 11:30:00-04:00,4.185999870300293,4.185999870300293,4.010000228881836,4.018400192260742,6323,0.0,0.0
2023-07-05 09:30:00-04:00,4.150000095367432,4.339900016784668,4.050000190734863,4.059999942779541,7378,0.0,0.0
2023-07-05 10:30:00-04:00,4.079999923706055,4.139999866485596,3.9800000190734863,4.039999961853027,3112,0.0,0.0
2023-07-05 11:30:00-04:00,4.039999961853027,4.170000076293945,4.039999961853027,4.139999866485596,3214,0.0,0.0
2023-07-05 12:30:00-04:00,4.074999809265137,4.139999866485596,4.010000228881836,4.019999980926514,2414,0.0,0.0
2023-07-05 13:30:00-04:00,4.079999923706055,4.150000095367432,4.019999980926514,4.039999961853027,3234,0.0,0.0
2023-07-05 14:30:00-04:00,4.119999885559082,4.210000038146973,4.039999961853027,4.125,6142,0.0,0.0
2023-07-05 15:30:00-04:00,4.114999771118164,4.190000057220459,4.050000190734863,4.150000095367432,7478,0.0,0.0
2023-07-06 09:30:00-04:00,4.179999828338623,4.25,4.050000190734863,4.199999809265137,5624,0.0,0.0
2023-07-06 10:30:00-04:00,4.150000095367432,4.199999809265137,4.054999828338623,4.110000133514404,10541,0.0,0.0
2023-07-06 11:30:00-04:00,4.090000152587891,4.190000057220459,4.039999961853027,4.099999904632568,10208,0.0,0.0
2023-07-06 12:30:00-04:00,4.059999942779541,4.210000038146973,4.019999980926514,4.15500020980835,7169,0.0,0.0
2023-07-06 13:30:00-04:00,4.15500020980835,4.15500020980835,4.090000152587891,4.110000133514404,2936,0.0,0.0
2023-07-06 14:30:00-04:00,4.110000133514404,4.170000076293945,4.070000171661377,4.119999885559082,4434,0.0,0.0
2023-07-06 15:30:00-04:00,4.125699996948242,4.25,4.119999885559082,4.199999809265137,7601,0.0,0.0
2023-07-07 09:30:00-04:00,4.190000057220459,4.32480001449585,4.139999866485596,4.289999961853027,5922,0.0,0.0
2023-07-07 10:30:00-04:00,4.329999923706055,4.440000057220459,4.315800189971924,4.364999771118164,8147,0.0,0.0
2023-07-07 11:30:00-04:00,4.380000114440918,4.460000038146973,4.309999942779541,4.446400165557861,1233,0.0,0.0
2023-07-07 12:30:00-04:00,4.349999904632568,4.469600200653076,4.349999904632568,4.469600200653076,4925,0.0,0.0
2023-07-07 13:30:00-04:00,4.454999923706055,4.53000020980835,4.400000095367432,4.414999961853027,11515,0.0,0.0
2023-07-07 14:30:00-04:00,4.420000076293945,4.485000133514404,4.409999847412109,4.465000152587891,4060,0.0,0.0
2023-07-07 15:30:00-04:00,4.429999828338623,4.465000152587891,4.369999885559082,4.440000057220459,3973,0.0,0.0
2023-07-10 09:30:00-04:00,4.519999980926514,4.650000095367432,4.440000057220459,4.46999979019165,5099,0.0,0.0
2023-07-10 10:30:00-04:00,4.585000038146973,4.670400142669678,4.4984002113342285,4.6016998291015625,3572,0.0,0.0
2023-07-10 11:30:00-04:00,4.599999904632568,4.600900173187256,4.599999904632568,4.599999904632568,1331,0.0,0.0
2023-07-10 12:30:00-04:00,4.599999904632568,4.600100040435791,4.599999904632568,4.599999904632568,5923,0.0,0.0
2023-07-10 13:30:00-04:00,4.599999904632568,4.600500106811523,4.492000102996826,4.5,3811,0.0,0.0
2023-07-10 14:30:00-04:00,4.53000020980835,4.609000205993652,4.53000020980835,4.609000205993652,1122,0.0,0.0
2023-07-10 15:30:00-04:00,4.474999904632568,4.480000019073486,4.309999942779541,4.320000171661377,1956,0.0,0.0
2023-07-11 09:30:00-04:00,4.369999885559082,4.369999885559082,4.320000171661377,4.320000171661377,958,0.0,0.0
2023-07-11 10:30:00-04:00,4.480000019073486,4.5,4.400000095367432,4.400000095367432,1669,0.0,0.0
2023-07-11 11:30:00-04:00,4.340000152587891,4.340000152587891,4.340000152587891,4.340000152587891,410,0.0,0.0
2023-07-11 12:30:00-04:00,4.394999980926514,4.440000057220459,4.130000114440918,4.289999961853027,17181,0.0,0.0
2023-07-11 13:30:00-04:00,4.28000020980835,4.300000190734863,4.150000095367432,4.164999961853027,2582,0.0,0.0
2023-07-11 14:30:00-04:00,4.199999809265137,4.249899864196777,4.199999809265137,4.210000038146973,3465,0.0,0.0
2023-07-11 15:30:00-04:00,4.199999809265137,4.230000019073486,4.139999866485596,4.199999809265137,2511,0.0,0.0
2023-07-12 09:30:00-04:00,4.199999809265137,4.440000057220459,4.199999809265137,4.25,17219,0.0,0.0
2023-07-12 10:30:00-04:00,4.21999979019165,4.25,4.21999979019165,4.25,2781,0.0,0.0
2023-07-12 11:30:00-04:00,4.25,4.25,4.199999809265137,4.199999809265137,3325,0.0,0.0
2023-07-12 12:30:00-04:00,4.210000038146973,4.210000038146973,4.199999809265137,4.199999809265137,562,0.0,0.0
2023-07-12 13:30:00-04:00,4.25,4.28000020980835,4.199999809265137,4.199999809265137,6296,0.0,0.0
2023-07-12 14:30:00-04:00,4.282400131225586,4.282400131225586,4.199999809265137,4.210000038146973,1396,0.0,0.0
2023-07-12 15:30:00-04:00,4.204999923706055,4.230000019073486,4.139999866485596,4.159999847412109,5795,0.0,0.0
2023-07-13 09:30:00-04:00,4.25,4.429999828338623,4.25,4.320000171661377,8213,0.0,0.0
2023-07-13 10:30:00-04:00,4.309999942779541,4.400000095367432,4.28000020980835,4.28000020980835,2751,0.0,0.0
2023-07-13 11:30:00-04:00,4.400000095367432,4.400000095367432,4.230000019073486,4.349999904632568,7936,0.0,0.0
2023-07-13 12:30:00-04:00,4.239999771118164,4.300000190734863,4.230000019073486,4.300000190734863,861,0.0,0.0
2023-07-13 13:30:00-04:00,4.284999847412109,4.289999961853027,4.210100173950195,4.210100173950195,1054,0.0,0.0
2023-07-13 14:30:00-04:00,4.21999979019165,4.25,4.164999961853027,4.167500019073486,7622,0.0,0.0
2023-07-13 15:30:00-04:00,4.264500141143799,4.360000133514404,4.179999828338623,4.360000133514404,2854,0.0,0.0
2023-07-14 09:30:00-04:00,4.429999828338623,4.519999980926514,4.300000190734863,4.375,15207,0.0,0.0
2023-07-14 10:30:00-04:00,4.380000114440918,4.539999961853027,4.122499942779541,4.249899864196777,13229,0.0,0.0
2023-07-14 11:30:00-04:00,4.210000038146973,4.259900093078613,4.210000038146973,4.210000038146973,3256,0.0,0.0
2023-07-14 12:30:00-04:00,4.210000038146973,4.255000114440918,4.199999809265137,4.230000019073486,10890,0.0,0.0
2023-07-14 13:30:00-04:00,4.21999979019165,4.230000019073486,4.210000038146973,4.210000038146973,2222,0.0,0.0
2023-07-14 14:30:00-04:00,4.210000038146973,4.239999771118164,4.210000038146973,4.239999771118164,3504,0.0,0.0
2023-07-14 15:30:00-04:00,4.21999979019165,4.269999980926514,4.204999923706055,4.210000038146973,26684,0.0,0.0
2023-07-17 09:30:00-04:00,4.159999847412109,4.269999980926514,4.159999847412109,4.25,6511,0.0,0.0
2023-07-17 10:30:00-04:00,4.235000133514404,4.340000152587891,4.224999904632568,4.340000152587891,4644,0.0,0.0
2023-07-17 11:30:00-04:00,4.367599964141846,4.367599964141846,4.261199951171875,4.304999828338623,1575,0.0,0.0
2023-07-17 12:30:00-04:00,4.269999980926514,4.329999923706055,4.269999980926514,4.320000171661377,1503,0.0,0.0
2023-07-17 13:30:00-04:00,4.324999809265137,4.324999809265137,4.324999809265137,4.324999809265137,624,0.0,0.0
2023-07-17 14:30:00-04:00,4.260000228881836,4.28000020980835,4.260000228881836,4.260000228881836,1684,0.0,0.0
2023-07-17 15:30:00-04:00,4.260000228881836,4.289999961853027,4.260000228881836,4.260000228881836,2098,0.0,0.0
2023-07-18 09:30:00-04:00,4.21999979019165,4.361700057983398,4.21999979019165,4.335000038146973,2814,0.0,0.0
2023-07-18 10:30:00-04:00,4.289999961853027,4.360000133514404,4.289999961853027,4.360000133514404,772,0.0,0.0
2023-07-18 11:30:00-04:00,4.460000038146973,4.460000038146973,4.236999988555908,4.309999942779541,657,0.0,0.0
2023-07-18 12:30:00-04:00,4.369999885559082,4.369999885559082,4.239999771118164,4.239999771118164,3420,0.0,0.0
2023-07-18 13:30:00-04:00,4.309999942779541,4.309999942779541,4.264999866485596,4.264999866485596,822,0.0,0.0
2023-07-18 14:30:00-04:00,4.275000095367432,4.28000020980835,4.25,4.260000228881836,3139,0.0,0.0
2023-07-18 15:30:00-04:00,4.230000019073486,4.309999942779541,4.199999809265137,4.210000038146973,2984,0.0,0.0
2023-07-19 09:30:00-04:00,4.190000057220459,4.309999942779541,4.16379976272583,4.309999942779541,7678,0.0,0.0
2023-07-19 11:30:00-04:00,4.309999942779541,4.377600193023682,4.309999942779541,4.309999942779541,1053,0.0,0.0
2023-07-19 13:30:00-04:00,4.309999942779541,4.340000152587891,4.309999942779541,4.340000152587891,608,0.0,0.0
2023-07-19 14:30:00-04:00,4.380000114440918,4.400000095367432,4.380000114440918,4.400000095367432,531,0.0,0.0
2023-07-19 15:30:00-04:00,4.369999885559082,4.40500020980835,4.349999904632568,4.400000095367432,0,0.0,0.0
2023-07-20 09:30:00-04:00,4.360000133514404,4.505000114440918,4.360000133514404,4.440000057220459,3447,0.0,0.0
2023-07-20 10:30:00-04:00,4.440000057220459,4.474999904632568,4.409999847412109,4.409999847412109,1118,0.0,0.0
2023-07-20 11:30:00-04:00,4.409999847412109,4.460000038146973,4.409999847412109,4.449999809265137,563,0.0,0.0
2023-07-20 12:30:00-04:00,4.460000038146973,4.460000038146973,4.387499809265137,4.387499809265137,5843,0.0,0.0
2023-07-20 13:30:00-04:00,4.360000133514404,4.360000133514404,4.360000133514404,4.360000133514404,460,0.0,0.0
2023-07-20 14:30:00-04:00,4.389999866485596,4.480000019073486,4.360000133514404,4.360000133514404,6177,0.0,0.0
2023-07-20 15:30:00-04:00,4.360000133514404,4.380000114440918,4.269999980926514,4.269999980926514,1810,0.0,0.0
2023-07-21 09:30:00-04:00,4.269999980926514,4.315000057220459,4.269999980926514,4.309999942779541,1823,0.0,0.0
2023-07-21 10:30:00-04:00,4.400000095367432,4.400000095367432,4.341300010681152,4.341300010681152,838,0.0,0.0
2023-07-21 11:30:00-04:00,4.344699859619141,4.465000152587891,4.344699859619141,4.407299995422363,3826,0.0,0.0
2023-07-21 12:30:00-04:00,4.480000019073486,4.488500118255615,4.340000152587891,4.340000152587891,2102,0.0,0.0
2023-07-21 13:30:00-04:00,4.329999923706055,4.399899959564209,4.242000102996826,4.399899959564209,6021,0.0,0.0
2023-07-21 14:30:00-04:00,4.360000133514404,4.400000095367432,4.320000171661377,4.360000133514404,5503,0.0,0.0
2023-07-21 15:30:00-04:00,4.360000133514404,4.360000133514404,4.309999942779541,4.320000171661377,1870,0.0,0.0
2023-07-24 09:30:00-04:00,4.230000019073486,4.409900188446045,4.211400032043457,4.296800136566162,12275,0.0,0.0
2023-07-24 10:30:00-04:00,4.295000076293945,4.295000076293945,4.199999809265137,4.210000038146973,5526,0.0,0.0
2023-07-24 11:30:00-04:00,4.242499828338623,4.242499828338623,4.130000114440918,4.139999866485596,5719,0.0,0.0
2023-07-24 12:30:00-04:00,4.125,4.170000076293945,4.070000171661377,4.170000076293945,3253,0.0,0.0
2023-07-24 13:30:00-04:00,4.119999885559082,4.119999885559082,4.110000133514404,4.110000133514404,494,0.0,0.0
2023-07-24 14:30:00-04:00,4.099999904632568,4.150000095367432,4.072500228881836,4.130000114440918,15525,0.0,0.0
2023-07-24 15:30:00-04:00,4.130000114440918,4.159999847412109,4.079999923706055,4.139999866485596,4732,0.0,0.0
2023-07-25 09:30:00-04:00,4.119999885559082,4.150000095367432,4.099999904632568,4.099999904632568,0,0.0,0.0
2023-07-25 10:30:00-04:00,4.110000133514404,4.189899921417236,4.090000152587891,4.112500190734863,2997,0.0,0.0
2023-07-25 11:30:00-04:00,4.090000152587891,4.190000057220459,4.079999923706055,4.159999847412109,11219,0.0,0.0
2023-07-25 12:30:00-04:00,4.159999847412109,4.159999847412109,4.105000019073486,4.150000095367432,1515,0.0,0.0
2023-07-25 13:30:00-04:00,4.090000152587891,4.21999979019165,4.090000152587891,4.139999866485596,731,0.0,0.0
2023-07-25 14:30:00-04:00,4.110000133514404,4.125,4.110000133514404,4.119999885559082,1564,0.0,0.0
2023-07-25 15:30:00-04:00,4.090000152587891,4.139999866485596,4.090000152587891,4.139999866485596,1698,0.0,0.0
2023-07-26 09:30:00-04:00,4.090000152587891,4.21999979019165,4.090000152587891,4.210000038146973,1539,0.0,0.0
2023-07-26 11:30:00-04:00,4.110000133514404,4.119999885559082,4.105000019073486,4.105000019073486,421,0.0,0.0
2023-07-26 12:30:00-04:00,4.199999809265137,4.199999809265137,4.164999961853027,4.199999809265137,3276,0.0,0.0
2023-07-26 13:30:00-04:00,4.199999809265137,4.289000034332275,4.139999866485596,4.289000034332275,17792,0.0,0.0
2023-07-26 14:30:00-04:00,4.25,4.250100135803223,4.25,4.25,570,0.0,0.0
2023-07-26 15:30:00-04:00,4.25,4.289999961853027,4.235000133514404,4.25,4491,0.0,0.0
2023-07-27 09:30:00-04:00,4.25,4.260000228881836,4.25,4.260000228881836,704,0.0,0.0
2023-07-27 10:30:00-04:00,4.269999980926514,4.269999980926514,4.269999980926514,4.269999980926514,110,0.0,0.0
2023-07-27 11:30:00-04:00,4.270100116729736,4.28000020980835,4.270100116729736,4.28000020980835,500,0.0,0.0
2023-07-27 12:30:00-04:00,4.375,4.5,4.269999980926514,4.269999980926514,6670,0.0,0.0
2023-07-27 13:30:00-04:00,4.170100212097168,4.349999904632568,4.170100212097168,4.349999904632568,4726,0.0,0.0
2023-07-27 14:30:00-04:00,4.260000228881836,4.329999923706055,4.179999828338623,4.18779993057251,3051,0.0,0.0
2023-07-27 15:30:00-04:00,4.239999771118164,4.239999771118164,4.170000076293945,4.179999828338623,1321,0.0,0.0
2023-07-28 09:30:00-04:00,4.179999828338623,4.339900016784668,4.179999828338623,4.286399841308594,1359,0.0,0.0
2023-07-28 10:30:00-04:00,4.25,4.289999961853027,4.25,4.289999961853027,1754,0.0,0.0
2023-07-28 11:30:00-04:00,4.239999771118164,4.239999771118164,4.239999771118164,4.239999771118164,127,0.0,0.0
2023-07-28 12:30:00-04:00,4.289999961853027,4.289999961853027,4.289999961853027,4.289999961853027,215,0.0,0.0
2023-07-28 13:30:00-04:00,4.25,4.255000114440918,4.239999771118164,4.255000114440918,813,0.0,0.0
2023-07-28 14:30:00-04:00,4.269999980926514,4.309999942779541,4.259900093078613,4.28000020980835,3347,0.0,0.0
2023-07-28 15:30:00-04:00,4.282899856567383,4.320000171661377,4.269999980926514,4.269999980926514,7560,0.0,0.0
2023-07-31 09:30:00-04:00,4.269999980926514,4.315000057220459,4.269999980926514,4.300000190734863,2866,0.0,0.0
2023-07-31 10:30:00-04:00,4.25,4.319900035858154,4.25,4.289999961853027,1370,0.0,0.0
2023-07-31 11:30:00-04:00,4.269999980926514,4.269999980926514,4.269999980926514,4.269999980926514,336,0.0,0.0
2023-07-31 12:30:00-04:00,4.307600021362305,4.320000171661377,4.28000020980835,4.320000171661377,2101,0.0,0.0
2023-07-31 13:30:00-04:00,4.315000057220459,4.315000057220459,4.300000190734863,4.300000190734863,1406,0.0,0.0
2023-07-31 14:30:00-04:00,4.300000190734863,4.300000190734863,4.240099906921387,4.240099906921387,1630,0.0,0.0
2023-07-31 15:30:00-04:00,4.300000190734863,4.360000133514404,4.300000190734863,4.320000171661377,1644,0.0,0.0
2023-08-01 09:30:00-04:00,4.329999923706055,4.400000095367432,4.2967000007629395,4.300000190734863,5977,0.0,0.0
2023-08-01 10:30:00-04:00,4.320000171661377,4.349999904632568,4.3180999755859375,4.319900035858154,2670,0.0,0.0
2023-08-01 11:30:00-04:00,4.309999942779541,4.364999771118164,4.28000020980835,4.28000020980835,2981,0.0,0.0
2023-08-01 12:30:00-04:00,4.25,4.259300231933594,4.25,4.259300231933594,438,0.0,0.0
2023-08-01 13:30:00-04:00,4.25,4.25,4.25,4.25,144,0.0,0.0
2023-08-01 14:30:00-04:00,4.273200035095215,4.289999961853027,4.269999980926514,4.289999961853027,1002,0.0,0.0
2023-08-01 15:30:00-04:00,4.2789998054504395,4.320000171661377,4.269999980926514,4.320000171661377,1613,0.0,0.0
2023-08-02 09:30:00-04:00,4.28000020980835,4.429999828338623,4.269999980926514,4.340000152587891,6114,0.0,0.0
2023-08-02 10:30:00-04:00,4.329999923706055,4.349999904632568,4.275000095367432,4.329999923706055,9145,0.0,0.0
2023-08-02 11:30:00-04:00,4.329999923706055,4.340000152587891,4.320000171661377,4.320000171661377,9882,0.0,0.0
2023-08-02 12:30:00-04:00,4.275000095367432,4.275000095367432,4.275000095367432,4.275000095367432,263,0.0,0.0
2023-08-02 13:30:00-04:00,4.260000228881836,4.260000228881836,4.260000228881836,4.260000228881836,133,0.0,0.0
2023-08-02 14:30:00-04:00,4.250500202178955,4.250500202178955,4.25,4.25,558,0.0,0.0
2023-08-02 15:30:00-04:00,4.275000095367432,4.300000190734863,4.275000095367432,4.300000190734863,1128,0.0,0.0
2023-08-03 09:30:00-04:00,4.28000020980835,4.340000152587891,4.260000228881836,4.260000228881836,0,0.0,0.0
2023-08-03 10:30:00-04:00,4.260000228881836,4.5,4.260000228881836,4.400000095367432,25020,0.0,0.0
2023-08-03 11:30:00-04:00,4.400000095367432,4.400000095367432,4.3125,4.3125,9343,0.0,0.0
2023-08-03 12:30:00-04:00,4.309999942779541,4.309999942779541,4.300000190734863,4.300000190734863,497,0.0,0.0
2023-08-03 13:30:00-04:00,4.286300182342529,4.286300182342529,4.261099815368652,4.261099815368652,322,0.0,0.0
2023-08-03 14:30:00-04:00,4.309999942779541,4.309999942779541,4.309999942779541,4.309999942779541,372,0.0,0.0
2023-08-03 15:30:00-04:00,4.329999923706055,4.329999923706055,4.320000171661377,4.329999923706055,6596,0.0,0.0
2023-08-04 09:30:00-04:00,4.309999942779541,4.329999923706055,4.250100135803223,4.250100135803223,0,0.0,0.0
2023-08-04 10:30:00-04:00,4.294600009918213,4.340000152587891,4.28000020980835,4.289000034332275,1681,0.0,0.0
2023-08-04 11:30:00-04:00,4.269999980926514,4.269999980926514,4.269999980926514,4.269999980926514,211,0.0,0.0
2023-08-04 12:30:00-04:00,4.320000171661377,4.320000171661377,4.320000171661377,4.320000171661377,1103,0.0,0.0
2023-08-04 13:30:00-04:00,4.28000020980835,4.28000020980835,4.28000020980835,4.28000020980835,331,0.0,0.0
2023-08-04 15:30:00-04:00,4.309999942779541,4.309999942779541,4.309999942779541,4.309999942779541,1089,0.0,0.0
2023-08-07 09:30:00-04:00,4.289999961853027,4.329999923706055,4.119999885559082,4.130000114440918,1925,0.0,0.0
2023-08-07 10:30:00-04:00,4.130000114440918,4.170000076293945,4.130000114440918,4.170000076293945,341,0.0,0.0
2023-08-07 11:30:00-04:00,4.21019983291626,4.21019983291626,4.21019983291626,4.21019983291626,241,0.0,0.0
2023-08-07 12:30:00-04:00,4.119999885559082,4.21999979019165,4.119999885559082,4.21999979019165,3885,0.0,0.0
2023-08-07 13:30:00-04:00,4.272200107574463,4.289899826049805,4.210000038146973,4.269999980926514,2621,0.0,0.0
2023-08-07 14:30:00-04:00,4.2546000480651855,4.28000020980835,4.204999923706055,4.25,1416,0.0,0.0
2023-08-07 15:30:00-04:00,4.280099868774414,4.280099868774414,4.119999885559082,4.119999885559082,6363,0.0,0.0
2023-08-08 09:30:00-04:00,4.119999885559082,4.369999885559082,4.119999885559082,4.309999942779541,16246,0.0,0.0
2023-08-08 10:30:00-04:00,4.309999942779541,4.400000095367432,4.131899833679199,4.210000038146973,12072,0.0,0.0
2023-08-08 11:30:00-04:00,4.215000152587891,4.215000152587891,4.199999809265137,4.199999809265137,2170,0.0,0.0
2023-08-08 12:30:00-04:00,4.159999847412109,4.159999847412109,4.159999847412109,4.159999847412109,521,0.0,0.0
2023-08-08 13:30:00-04:00,4.150000095367432,4.150000095367432,4.150000095367432,4.150000095367432,100,0.0,0.0
2023-08-08 14:30:00-04:00,4.164999961853027,4.239999771118164,4.139999866485596,4.239999771118164,3686,0.0,0.0
2023-08-08 15:30:00-04:00,4.210000038146973,4.264999866485596,4.210000038146973,4.230000019073486,2468,0.0,0.0
2023-08-09 09:30:00-04:00,4.21999979019165,4.21999979019165,4.21999979019165,4.21999979019165,146,0.0,0.0
2023-08-09 10:30:00-04:00,4.28000020980835,4.340000152587891,4.15500020980835,4.15500020980835,6795,0.0,0.0
2023-08-09 12:30:00-04:00,4.210000038146973,4.210000038146973,4.210000038146973,4.210000038146973,167,0.0,0.0
2023-08-09 13:30:00-04:00,4.289999961853027,4.800000190734863,4.255000114440918,4.605000019073486,108659,0.0,0.0
2023-08-09 14:30:00-04:00,4.610000133514404,4.690000057220459,4.394000053405762,4.425000190734863,50277,0.0,0.0
2023-08-09 15:30:00-04:00,4.460000038146973,4.510000228881836,4.349999904632568,4.400000095367432,20995,0.0,0.0
2023-08-10 09:30:00-04:00,4.400000095367432,4.400000095367432,4.150000095367432,4.199999809265137,18809,0.0,0.0
2023-08-10 10:30:00-04:00,4.199999809265137,4.199999809265137,4.164999961853027,4.164999961853027,3668,0.0,0.0
2023-08-10 11:30:00-04:00,4.17140007019043,4.179999828338623,4.159999847412109,4.170000076293945,3999,0.0,0.0
2023-08-10 12:30:00-04:00,4.189899921417236,4.190000057220459,4.189899921417236,4.190000057220459,1600,0.0,0.0
2023-08-10 13:30:00-04:00,4.197299957275391,4.210000038146973,4.190000057220459,4.190000057220459,560,0.0,0.0
2023-08-10 14:30:00-04:00,4.190000057220459,4.210000038146973,4.170000076293945,4.210000038146973,4604,0.0,0.0
2023-08-10 15:30:00-04:00,4.199999809265137,4.21999979019165,4.170000076293945,4.170000076293945,3460,0.0,0.0
2023-08-11 09:30:00-04:00,4.150000095367432,4.150000095367432,4.110000133514404,4.130000114440918,0,0.0,0.0
2023-08-11 10:30:00-04:00,4.139999866485596,4.289999961853027,4.099999904632568,4.210000038146973,9751,0.0,0.0
2023-08-11 11:30:00-04:00,4.170000076293945,4.170000076293945,4.150000095367432,4.150000095367432,812,0.0,0.0
2023-08-11 12:30:00-04:00,4.230000019073486,4.239999771118164,4.224999904632568,4.224999904632568,733,0.0,0.0
2023-08-11 13:30:00-04:00,4.230000019073486,4.230000019073486,4.159999847412109,4.184999942779541,894,0.0,0.0
2023-08-11 14:30:00-04:00,4.170000076293945,4.170000076293945,4.170000076293945,4.170000076293945,100,0.0,0.0
2023-08-11 15:30:00-04:00,4.190000057220459,4.239999771118164,4.190000057220459,4.199999809265137,3209,0.0,0.0
2023-08-14 09:30:00-04:00,4.300000190734863,4.369999885559082,4.099999904632568,4.139999866485596,13949,0.0,0.0
2023-08-14 10:30:00-04:00,4.309999942779541,4.309999942779541,4.260000228881836,4.260000228881836,234,0.0,0.0
2023-08-14 11:30:00-04:00,4.256700038909912,4.256700038909912,4.195000171661377,4.195000171661377,1995,0.0,0.0
2023-08-14 12:30:00-04:00,4.195000171661377,4.195000171661377,4.110000133514404,4.15500020980835,6410,0.0,0.0
2023-08-14 13:30:00-04:00,4.144999980926514,4.329999923706055,4.119999885559082,4.119999885559082,15331,0.0,0.0
2023-08-14 14:30:00-04:00,4.224999904632568,4.25,4.110099792480469,4.110099792480469,1838,0.0,0.0
2023-08-14 15:30:00-04:00,4.175000190734863,4.389999866485596,4.175000190734863,4.389999866485596,0,0.0,0.0
2023-08-15 09:30:00-04:00,4.309999942779541,4.320000171661377,4.204999923706055,4.204999923706055,2164,0.0,0.0
2023-08-15 10:30:00-04:00,4.230000019073486,4.230000019073486,4.164999961853027,4.164999961853027,751,0.0,0.0
2023-08-15 11:30:00-04:00,4.21999979019165,4.369999885559082,4.199999809265137,4.340000152587891,2589,0.0,0.0
2023-08-15 12:30:00-04:00,4.210000038146973,4.210000038146973,4.210000038146973,4.210000038146973,1132,0.0,0.0
2023-08-15 13:30:00-04:00,4.300000190734863,4.300000190734863,4.210000038146973,4.210000038146973,451,0.0,0.0
2023-08-15 15:30:00-04:00,4.275000095367432,4.28000020980835,4.105000019073486,4.130000114440918,2920,0.0,0.0
2023-08-16 09:30:00-04:00,4.260000228881836,4.289999961853027,4.150000095367432,4.150000095367432,5835,0.0,0.0
2023-08-16 10:30:00-04:00,4.170000076293945,4.170000076293945,4.170000076293945,4.170000076293945,1268,0.0,0.0
2023-08-16 11:30:00-04:00,4.159999847412109,4.159999847412109,4.135000228881836,4.135000228881836,1473,0.0,0.0
2023-08-16 12:30:00-04:00,4.159999847412109,4.170000076293945,4.139999866485596,4.150000095367432,2026,0.0,0.0
2023-08-16 13:30:00-04:00,4.170000076293945,4.210000038146973,4.150000095367432,4.210000038146973,1587,0.0,0.0
2023-08-16 14:30:00-04:00,4.190000057220459,4.210000038146973,4.151800155639648,4.151800155639648,3101,0.0,0.0
2023-08-16 15:30:00-04:00,4.199999809265137,4.199999809265137,4.159999847412109,4.199999809265137,2114,0.0,0.0
2023-08-17 09:30:00-04:00,4.25,4.269999980926514,4.173399925231934,4.173399925231934,1566,0.0,0.0
2023-08-17 10:30:00-04:00,4.150000095367432,4.150000095367432,4.150000095367432,4.150000095367432,321,0.0,0.0
2023-08-17 11:30:00-04:00,4.179999828338623,4.179999828338623,4.159999847412109,4.159999847412109,787,0.0,0.0
2023-08-17 12:30:00-04:00,4.179999828338623,4.199999809265137,4.157700061798096,4.157700061798096,739,0.0,0.0
2023-08-17 13:30:00-04:00,4.170000076293945,4.170000076293945,4.010000228881836,4.019999980926514,16417,0.0,0.0
2023-08-17 14:30:00-04:00,4.078999996185303,4.090000152587891,4.010000228881836,4.010000228881836,7237,0.0,0.0
2023-08-17 15:30:00-04:00,4.028299808502197,4.097899913787842,4.010000228881836,4.010000228881836,0,0.0,0.0
2023-08-18 09:30:00-04:00,4.170000076293945,4.170000076293945,4.170000076293945,4.170000076293945,933,0.0,0.0
2023-08-18 10:30:00-04:00,4.019999980926514,4.050000190734863,4.019999980926514,4.039999961853027,1253,0.0,0.0
2023-08-18 11:30:00-04:00,4.079999923706055,4.079999923706055,4.079999923706055,4.079999923706055,629,0.0,0.0
2023-08-18 12:30:00-04:00,4.03000020980835,4.059999942779541,4.010000228881836,4.059999942779541,6563,0.0,0.0
2023-08-18 13:30:00-04:00,4.139999866485596,4.139999866485596,4.139999866485596,4.139999866485596,358,0.0,0.0
2023-08-18 14:30:00-04:00,4.068999767303467,4.070000171661377,4.019999980926514,4.050000190734863,2427,0.0,0.0
2023-08-18 15:30:00-04:00,4.010000228881836,4.099999904632568,4.010000228881836,4.099999904632568,1962,0.0,0.0
2023-08-21 09:30:00-04:00,4.039999961853027,4.099999904632568,4.039999961853027,4.070000171661377,6934,0.0,0.0
2023-08-21 10:30:00-04:00,4.060200214385986,4.114999771118164,4.039999961853027,4.039999961853027,5128,0.0,0.0
2023-08-21 11:30:00-04:00,4.039999961853027,4.099999904632568,4.010000228881836,4.03000020980835,8493,0.0,0.0
2023-08-21 12:30:00-04:00,4.02269983291626,4.050000190734863,4.010000228881836,4.03000020980835,3648,0.0,0.0
2023-08-21 13:30:00-04:00,4.03000020980835,4.059999942779541,3.990000009536743,3.990000009536743,12876,0.0,0.0
2023-08-21 14:30:00-04:00,3.990000009536743,3.990000009536743,3.9200000762939453,3.963599920272827,13843,0.0,0.0
2023-08-21 15:30:00-04:00,3.9600000381469727,3.9639999866485596,3.9000000953674316,3.9000000953674316,5730,0.0,0.0
2023-08-22 09:30:00-04:00,4.010000228881836,4.014999866485596,3.9000000953674316,3.9000000953674316,2223,0.0,0.0
2023-08-22 10:30:00-04:00,3.9100000858306885,3.921999931335449,3.9000000953674316,3.908799886703491,2552,0.0,0.0
2023-08-22 11:30:00-04:00,3.859999895095825,3.880000114440918,3.819999933242798,3.819999933242798,7869,0.0,0.0
2023-08-22 12:30:00-04:00,3.804800033569336,3.8499999046325684,3.75,3.809999942779541,22225,0.0,0.0
2023-08-22 13:30:00-04:00,3.7699999809265137,3.7699999809265137,3.759999990463257,3.759999990463257,998,0.0,0.0
2023-08-22 14:30:00-04:00,3.75,3.839900016784668,3.75,3.759999990463257,7168,0.0,0.0
2023-08-22 15:30:00-04:00,3.7850000858306885,3.799999952316284,3.7850000858306885,3.799999952316284,259,0.0,0.0
2023-08-23 09:30:00-04:00,3.880000114440918,3.9149999618530273,3.819999933242798,3.898699998855591,9192,0.0,0.0
2023-08-23 10:30:00-04:00,4.050000190734863,4.099999904632568,3.930000066757202,3.9649999141693115,1981,0.0,0.0
2023-08-23 11:30:00-04:00,4.039899826049805,4.039899826049805,3.759999990463257,3.759999990463257,25102,0.0,0.0
2023-08-23 12:30:00-04:00,3.9314000606536865,3.9314000606536865,3.8499999046325684,3.8499999046325684,494,0.0,0.0
2023-08-23 13:30:00-04:00,3.809999942779541,3.8299999237060547,3.7699999809265137,3.7699999809265137,2570,0.0,0.0
2023-08-23 14:30:00-04:00,3.8399999141693115,3.859999895095825,3.7699999809265137,3.799999952316284,3471,0.0,0.0
2023-08-23 15:30:00-04:00,3.7799999713897705,3.8399999141693115,3.7799999713897705,3.7799999713897705,3204,0.0,0.0
2023-08-24 09:30:00-04:00,3.8499999046325684,3.9128000736236572,3.700000047683716,3.759999990463257,24220,0.0,0.0
2023-08-24 10:30:00-04:00,3.759999990463257,3.799999952316284,3.759999990463257,3.7750000953674316,10083,0.0,0.0
2023-08-24 11:30:00-04:00,3.7799999713897705,3.9407999515533447,3.7699999809265137,3.7699999809265137,2561,0.0,0.0
2023-08-24 12:30:00-04:00,3.7699999809265137,3.8299999237060547,3.7699999809265137,3.799999952316284,1693,0.0,0.0
2023-08-24 13:30:00-04:00,3.890000104904175,3.890000104904175,3.799999952316284,3.799999952316284,785,0.0,0.0
2023-08-24 14:30:00-04:00,3.8299999237060547,3.8299999237060547,3.8299999237060547,3.8299999237060547,110,0.0,0.0
2023-08-24 15:30:00-04:00,3.924999952316284,4.035399913787842,3.805000066757202,3.809999942779541,2890,0.0,0.0
2023-08-25 09:30:00-04:00,3.859999895095825,3.859999895095825,3.859999895095825,3.859999895095825,1642,0.0,0.0
2023-08-25 10:30:00-04:00,3.950000047683716,3.950000047683716,3.950000047683716,3.950000047683716,201,0.0,0.0
2023-08-25 11:30:00-04:00,3.869999885559082,4.019999980926514,3.8499999046325684,3.869999885559082,9633,0.0,0.0
2023-08-25 13:30:00-04:00,3.9649999141693115,3.9649999141693115,3.9149999618530273,3.9149999618530273,1425,0.0,0.0
2023-08-25 14:30:00-04:00,3.8499999046325684,3.880000114440918,3.7799999713897705,3.869999885559082,7445,0.0,0.0
2023-08-25 15:30:00-04:00,3.8399999141693115,3.869999885559082,3.809999942779541,3.809999942779541,2799,0.0,0.0
2023-08-28 09:30:00-04:00,3.859999895095825,3.9000000953674316,3.859999895095825,3.9000000953674316,0,0.0,0.0
2023-08-28 10:30:00-04:00,3.809999942779541,3.809999942779541,3.809999942779541,3.809999942779541,111,0.0,0.0
2023-08-28 11:30:00-04:00,3.859999895095825,3.859999895095825,3.809999942779541,3.809999942779541,467,0.0,0.0
2023-08-28 13:30:00-04:00,3.799999952316284,3.799999952316284,3.799999952316284,3.799999952316284,1154,0.0,0.0
2023-08-28 14:30:00-04:00,3.8550000190734863,3.8550000190734863,3.8550000190734863,3.8550000190734863,413,0.0,0.0
2023-08-28 15:30:00-04:00,3.869999885559082,3.869999885559082,3.799999952316284,3.799999952316284,0,0.0,0.0
2023-08-29 10:30:00-04:00,3.918600082397461,3.918600082397461,3.799999952316284,3.828200101852417,14470,0.0,0.0
2023-08-29 11:30:00-04:00,3.8299999237060547,3.859999895095825,3.8299999237060547,3.8299999237060547,2374,0.0,0.0
2023-08-29 12:30:00-04:00,3.8499999046325684,3.8499999046325684,3.765000104904175,3.765000104904175,5394,0.0,0.0
2023-08-29 13:30:00-04:00,3.755000114440918,3.7599000930786133,3.7300000190734863,3.75,1913,0.0,0.0
2023-08-29 14:30:00-04:00,3.740000009536743,3.740000009536743,3.7300000190734863,3.7300000190734863,4942,0.0,0.0
2023-08-29 15:30:00-04:00,3.759999990463257,3.7799999713897705,3.759999990463257,3.7799999713897705,1430,0.0,0.0
2023-08-30 09:30:00-04:00,3.740000009536743,3.880000114440918,3.740000009536743,3.869999885559082,2955,0.0,0.0
2023-08-30 10:30:00-04:00,3.7544000148773193,3.809999942779541,3.7544000148773193,3.809999942779541,1219,0.0,0.0
2023-08-30 11:30:00-04:00,3.75,3.759999990463257,3.740000009536743,3.7467000484466553,2533,0.0,0.0
2023-08-30 12:30:00-04:00,3.805000066757202,3.805000066757202,3.759999990463257,3.7699999809265137,877,0.0,0.0
2023-08-30 13:30:00-04:00,3.839900016784668,3.839900016784668,3.839900016784668,3.839900016784668,263,0.0,0.0
2023-08-30 14:30:00-04:00,3.8438000679016113,3.8438000679016113,3.8438000679016113,3.8438000679016113,267,0.0,0.0
2023-08-30 15:30:00-04:00,3.8299999237060547,3.8499999046325684,3.799999952316284,3.8499999046325684,4993,0.0,0.0
2023-08-31 09:30:00-04:00,3.799999952316284,3.799999952316284,3.799999952316284,3.799999952316284,0,0.0,0.0
2023-08-31 10:30:00-04:00,3.799999952316284,3.799999952316284,3.799999952316284,3.799999952316284,343,0.0,0.0
2023-08-31 12:30:00-04:00,3.8399999141693115,3.890000104904175,3.818000078201294,3.818000078201294,610,0.0,0.0
2023-08-31 13:30:00-04:00,3.799999952316284,3.799999952316284,3.799999952316284,3.799999952316284,117,0.0,0.0
2023-08-31 14:30:00-04:00,3.799999952316284,3.799999952316284,3.7890000343322754,3.7899999618530273,1432,0.0,0.0
2023-08-31 15:30:00-04:00,3.819999933242798,3.8499999046325684,3.809999942779541,3.8499999046325684,1129,0.0,0.0
2023-09-01 09:30:00-04:00,3.819999933242798,3.819999933242798,3.819999933242798,3.819999933242798,497,0.0,0.0
2023-09-01 10:30:00-04:00,3.819999933242798,3.819999933242798,3.819999933242798,3.819999933242798,607,0.0,0.0
2023-09-01 11:30:00-04:00,3.859999895095825,3.859999895095825,3.859999895095825,3.859999895095825,288,0.0,0.0
2023-09-01 12:30:00-04:00,3.869999885559082,3.869999885559082,3.799999952316284,3.799999952316284,479,0.0,0.0
2023-09-01 13:30:00-04:00,3.8798000812530518,3.8798000812530518,3.8798000812530518,3.8798000812530518,1103,0.0,0.0
2023-09-01 14:30:00-04:00,3.819999933242798,3.827899932861328,3.819999933242798,3.827899932861328,1050,0.0,0.0
2023-09-05 09:30:00-04:00,4.21999979019165,4.369999885559082,4.074999809265137,4.164999961853027,27054,0.0,0.0
2023-09-05 10:30:00-04:00,4.164999961853027,4.164999961853027,4.079999923706055,4.090000152587891,10520,0.0,0.0
2023-09-05 11:30:00-04:00,4.079999923706055,4.099999904632568,4.000100135803223,4.000100135803223,10813,0.0,0.0
2023-09-05 12:30:00-04:00,4.0,4.039100170135498,4.0,4.039100170135498,3862,0.0,0.0
2023-09-05 13:30:00-04:00,4.039999961853027,4.039999961853027,4.039999961853027,4.039999961853027,776,0.0,0.0
2023-09-05 14:30:00-04:00,4.019999980926514,4.019999980926514,3.9200000762939453,3.940000057220459,5127,0.0,0.0
2023-09-05 15:30:00-04:00,3.940000057220459,3.9700000286102295,3.9200000762939453,3.9200000762939453,10394,0.0,0.0
2023-09-06 09:30:00-04:00,3.950000047683716,3.950000047683716,3.9000000953674316,3.9000000953674316,6561,0.0,0.0
2023-09-06 10:30:00-04:00,3.890000104904175,3.919800043106079,3.88700008392334,3.9000000953674316,1653,0.0,0.0
2023-09-06 11:30:00-04:00,3.8610000610351562,3.862600088119507,3.8610000610351562,3.862600088119507,1182,0.0,0.0
2023-09-06 12:30:00-04:00,3.859999895095825,3.859999895095825,3.75,3.759999990463257,13617,0.0,0.0
2023-09-06 13:30:00-04:00,3.7799999713897705,3.7999000549316406,3.7799999713897705,3.7799999713897705,1369,0.0,0.0
2023-09-06 14:30:00-04:00,3.799999952316284,3.8499999046325684,3.799999952316284,3.8499999046325684,1349,0.0,0.0
2023-09-06 15:30:00-04:00,3.9000000953674316,3.9000000953674316,3.9000000953674316,3.9000000953674316,0,0.0,0.0
2023-09-07 09:30:00-04:00,3.889699935913086,3.889699935913086,3.7613000869750977,3.7613000869750977,1184,0.0,0.0
2023-09-07 10:30:00-04:00,3.839900016784668,3.839900016784668,3.75,3.799999952316284,7723,0.0,0.0
2023-09-07 11:30:00-04:00,3.75,3.75,3.75,3.75,685,0.0,0.0
2023-09-07 12:30:00-04:00,3.7300000190734863,3.789799928665161,3.7300000190734863,3.789799928665161,1260,0.0,0.0
2023-09-07 13:30:00-04:00,3.7300000190734863,3.7544000148773193,3.7300000190734863,3.7300000190734863,1724,0.0,0.0
2023-09-07 14:30:00-04:00,3.7300000190734863,3.7699999809265137,3.7200000286102295,3.7200000286102295,5584,0.0,0.0
2023-09-07 15:30:00-04:00,3.75,3.7699999809265137,3.7200000286102295,3.740000009536743,4860,0.0,0.0
2023-09-08 09:30:00-04:00,3.75,3.759999990463257,3.7300000190734863,3.7300000190734863,1104,0.0,0.0
2023-09-08 10:30:00-04:00,3.7950000762939453,3.829900026321411,3.5999999046325684,3.609999895095825,27094,0.0,0.0
2023-09-08 11:30:00-04:00,3.619999885559082,3.619999885559082,3.5999999046325684,3.619999885559082,1827,0.0,0.0
2023-09-08 12:30:00-04:00,3.6798999309539795,3.7799999713897705,3.5999999046325684,3.7799999713897705,4297,0.0,0.0
2023-09-08 13:30:00-04:00,3.7200000286102295,3.7200000286102295,3.7200000286102295,3.7200000286102295,287,0.0,0.0
2023-09-08 15:30:00-04:00,3.7200000286102295,3.7200000286102295,3.7200000286102295,3.7200000286102295,812,0.0,0.0
2023-09-11 09:30:00-04:00,3.630000114440918,3.7293999195098877,3.630000114440918,3.6700000762939453,3006,0.0,0.0
2023-09-11 10:30:00-04:00,3.680000066757202,3.700000047683716,3.640000104904175,3.640000104904175,5076,0.0,0.0
2023-09-11 11:30:00-04:00,3.640000104904175,3.700000047683716,3.6201000213623047,3.700000047683716,17579,0.0,0.0
2023-09-11 12:30:00-04:00,3.7300000190734863,3.7300000190734863,3.6410999298095703,3.6500000953674316,4440,0.0,0.0
2023-09-11 13:30:00-04:00,3.6600000858306885,3.690000057220459,3.619999885559082,3.619999885559082,5081,0.0,0.0
2023-09-11 14:30:00-04:00,3.609999895095825,3.625,3.5299999713897705,3.5299999713897705,14144,0.0,0.0
2023-09-11 15:30:00-04:00,3.549999952316284,3.569999933242798,3.450000047683716,3.4800000190734863,11112,0.0,0.0
2023-09-12 09:30:00-04:00,3.4000000953674316,3.5699000358581543,3.3499999046325684,3.4000000953674316,5069,0.0,0.0
2023-09-12 10:30:00-04:00,3.430000066757202,3.498500108718872,3.3299999237060547,3.3299999237060547,8487,0.0,0.0
2023-09-12 11:30:00-04:00,3.3299999237060547,3.3299999237060547,3.2850000858306885,3.2850000858306885,4184,0.0,0.0
2023-09-12 12:30:00-04:00,3.3099000453948975,3.309999942779541,3.0999999046325684,3.0999999046325684,14374,0.0,0.0
2023-09-12 13:30:00-04:00,3.200000047683716,3.200000047683716,3.130000114440918,3.130000114440918,1503,0.0,0.0
2023-09-12 14:30:00-04:00,3.1700000762939453,3.177999973297119,3.1500000953674316,3.1500000953674316,1598,0.0,0.0
2023-09-12 15:30:00-04:00,3.1549999713897705,3.1549999713897705,3.059999942779541,3.069999933242798,17918,0.0,0.0
2023-09-13 09:30:00-04:00,3.119999885559082,3.3299999237060547,3.119999885559082,3.2750000953674316,12597,0.0,0.0
2023-09-13 10:30:00-04:00,3.23009991645813,3.23009991645813,3.130000114440918,3.1666998863220215,14775,0.0,0.0
2023-09-13 11:30:00-04:00,3.1440999507904053,3.1600000858306885,3.0999999046325684,3.1600000858306885,7002,0.0,0.0
2023-09-13 12:30:00-04:00,3.0999999046325684,3.109999895095825,3.049999952316284,3.055000066757202,14039,0.0,0.0
2023-09-13 13:30:00-04:00,3.049999952316284,3.1050000190734863,3.015000104904175,3.1050000190734863,64238,0.0,0.0
2023-09-13 14:30:00-04:00,3.059999942779541,3.109999895095825,3.059999942779541,3.109999895095825,1885,0.0,0.0
2023-09-13 15:30:00-04:00,3.109999895095825,3.174999952316284,3.0299999713897705,3.0299999713897705,12594,0.0,0.0
2023-09-14 09:30:00-04:00,3.0199999809265137,3.180000066757202,3.0199999809265137,3.049999952316284,16325,0.0,0.0
2023-09-14 10:30:00-04:00,3.059999942779541,3.1050000190734863,3.0299999713897705,3.1050000190734863,3434,0.0,0.0
2023-09-14 11:30:00-04:00,3.049999952316284,3.049999952316284,3.049999952316284,3.049999952316284,1255,0.0,0.0
2023-09-14 12:30:00-04:00,3.049999952316284,3.0999999046325684,2.9600000381469727,2.9600000381469727,17391,0.0,0.0
2023-09-14 13:30:00-04:00,2.990000009536743,3.069000005722046,2.869999885559082,2.869999885559082,8243,0.0,0.0
2023-09-14 14:30:00-04:00,2.8708999156951904,2.990000009536743,2.8708999156951904,2.950000047683716,3539,0.0,0.0
2023-09-14 15:30:00-04:00,2.944999933242798,2.944999933242798,2.880000114440918,2.930000066757202,11888,0.0,0.0
2023-09-15 09:30:00-04:00,2.9000000953674316,3.0,2.859999895095825,2.859999895095825,8805,0.0,0.0
2023-09-15 10:30:00-04:00,2.8678998947143555,2.8678998947143555,2.799999952316284,2.809999942779541,5381,0.0,0.0
2023-09-15 11:30:00-04:00,2.809999942779541,2.8798999786376953,2.809999942779541,2.8798000812530518,2204,0.0,0.0
2023-09-15 12:30:00-04:00,2.865000009536743,2.9198999404907227,2.8550000190734863,2.9000000953674316,7063,0.0,0.0
2023-09-15 13:30:00-04:00,2.8299999237060547,2.8608999252319336,2.7899999618530273,2.8399999141693115,5517,0.0,0.0
2023-09-15 14:30:00-04:00,2.8698999881744385,2.8698999881744385,2.690000057220459,2.700000047683716,14529,0.0,0.0
2023-09-15 15:30:00-04:00,2.7232000827789307,2.75,2.609999895095825,2.690000057220459,6821,0.0,0.0
2023-09-18 09:30:00-04:00,2.7799999713897705,2.9000000953674316,2.7799999713897705,2.8605000972747803,5095,0.0,0.0
2023-09-18 10:30:00-04:00,2.859999895095825,2.859999895095825,2.7799999713897705,2.7799999713897705,9295,0.0,0.0
2023-09-18 11:30:00-04:00,2.7850000858306885,2.7899999618530273,2.7850000858306885,2.7899999618530273,1077,0.0,0.0
2023-09-18 12:30:00-04:00,2.7850000858306885,2.809999942779541,2.7699999809265137,2.7699999809265137,2517,0.0,0.0
2023-09-18 13:30:00-04:00,2.744999885559082,2.759999990463257,2.555000066757202,2.5601999759674072,71666,0.0,0.0
2023-09-18 14:30:00-04:00,2.615000009536743,2.690000057220459,2.615000009536743,2.690000057220459,3693,0.0,0.0
2023-09-18 15:30:00-04:00,2.6510000228881836,2.7200000286102295,2.6449999809265137,2.7200000286102295,2868,0.0,0.0
2023-09-19 09:30:00-04:00,2.799999952316284,2.799999952316284,2.617000102996826,2.617000102996826,2648,0.0,0.0
2023-09-19 10:30:00-04:00,2.706700086593628,2.7181999683380127,2.619999885559082,2.6649999618530273,5256,0.0,0.0
2023-09-19 11:30:00-04:00,2.690000057220459,2.876499891281128,2.690000057220459,2.876499891281128,6113,0.0,0.0
2023-09-19 12:30:00-04:00,2.7105000019073486,2.7105000019073486,2.7105000019073486,2.7105000019073486,400,0.0,0.0
2023-09-19 13:30:00-04:00,2.924999952316284,2.924999952316284,2.8427999019622803,2.8427999019622803,1705,0.0,0.0
2023-09-19 14:30:00-04:00,2.930000066757202,2.9899001121520996,2.9149999618530273,2.9899001121520996,7752,0.0,0.0
2023-09-19 15:30:00-04:00,2.9112000465393066,2.950000047683716,2.891400098800659,2.940000057220459,3088,0.0,0.0
2023-09-20 09:30:00-04:00,2.950000047683716,3.0,2.910099983215332,2.9600000381469727,4767,0.0,0.0
2023-09-20 10:30:00-04:00,2.9100000858306885,2.9100000858306885,2.7678000926971436,2.788300037384033,7108,0.0,0.0
2023-09-20 11:30:00-04:00,2.8299999237060547,2.909899950027466,2.8299999237060547,2.909899950027466,3636,0.0,0.0
2023-09-20 12:30:00-04:00,2.8399999141693115,2.9000000953674316,2.734999895095825,2.734999895095825,2422,0.0,0.0
2023-09-20 13:30:00-04:00,2.75,2.825000047683716,2.72160005569458,2.8152999877929688,10836,0.0,0.0
2023-09-20 14:30:00-04:00,2.799999952316284,2.809999942779541,2.799999952316284,2.799999952316284,859,0.0,0.0
2023-09-20 15:30:00-04:00,2.809999942779541,2.8336000442504883,2.7699999809265137,2.7899999618530273,3508,0.0,0.0
2023-09-21 09:30:00-04:00,3.140000104904175,3.140000104904175,2.6933999061584473,2.848299980163574,10584,0.0,0.0
2023-09-21 10:30:00-04:00,2.8299999237060547,2.859999895095825,2.8299999237060547,2.859999895095825,495,0.0,0.0
2023-09-21 11:30:00-04:00,2.969899892807007,2.9700000286102295,2.7720999717712402,2.7720999717712402,4347,0.0,0.0
2023-09-21 12:30:00-04:00,2.869999885559082,2.9600000381469727,2.7701001167297363,2.7701001167297363,1436,0.0,0.0
2023-09-21 13:30:00-04:00,2.815000057220459,2.815000057220459,2.7899999618530273,2.7899999618530273,4190,0.0,0.0
2023-09-21 14:30:00-04:00,2.819999933242798,2.9683001041412354,2.800800085067749,2.801300048828125,3260,0.0,0.0
2023-09-21 15:30:00-04:00,2.9000000953674316,2.930000066757202,2.839099884033203,2.839099884033203,908,0.0,0.0
2023-09-22 09:30:00-04:00,2.858599901199341,2.890000104904175,2.7904999256134033,2.7904999256134033,4545,0.0,0.0
2023-09-22 10:30:00-04:00,2.9600000381469727,2.9798998832702637,2.8378000259399414,2.8378000259399414,2878,0.0,0.0
2023-09-22 11:30:00-04:00,2.9763998985290527,2.9763998985290527,2.859999895095825,2.859999895095825,1160,0.0,0.0
2023-09-22 12:30:00-04:00,2.9149999618530273,2.9149999618530273,2.8606998920440674,2.8606998920440674,662,0.0,0.0
2023-09-22 13:30:00-04:00,2.9642999172210693,2.9642999172210693,2.8499999046325684,2.8499999046325684,2928,0.0,0.0
2023-09-22 14:30:00-04:00,2.8868000507354736,2.8868000507354736,2.7699999809265137,2.7899999618530273,1849,0.0,0.0
2023-09-22 15:30:00-04:00,2.759999990463257,2.819999933242798,2.759999990463257,2.799999952316284,2984,0.0,0.0
2023-09-25 09:30:00-04:00,2.819999933242798,2.819999933242798,2.6700000762939453,2.7200000286102295,8988,0.0,0.0
2023-09-25 10:30:00-04:00,2.7300000190734863,2.758699893951416,2.700000047683716,2.749799966812134,3102,0.0,0.0
2023-09-25 13:30:00-04:00,2.7850000858306885,2.819999933242798,2.759999990463257,2.766200065612793,9309,0.0,0.0
2023-09-25 14:30:00-04:00,2.799999952316284,2.799999952316284,2.791300058364868,2.791300058364868,365,0.0,0.0
2023-09-25 15:30:00-04:00,2.75,2.75,2.75,2.75,808,0.0,0.0
2023-09-26 09:30:00-04:00,2.9000000953674316,2.930000066757202,2.760499954223633,2.880000114440918,7978,0.0,0.0
2023-09-26 10:30:00-04:00,2.880000114440918,2.880000114440918,2.836699962615967,2.8399999141693115,459,0.0,0.0
2023-09-26 11:30:00-04:00,2.8399999141693115,2.8399999141693115,2.799999952316284,2.799999952316284,11304,0.0,0.0
2023-09-26 12:30:00-04:00,2.799999952316284,2.8299999237060547,2.799999952316284,2.819999933242798,1015,0.0,0.0
2023-09-26 13:30:00-04:00,2.8499999046325684,2.9200000762939453,2.8440001010894775,2.890000104904175,5153,0.0,0.0
2023-09-26 14:30:00-04:00,2.8299999237060547,2.930000066757202,2.8299999237060547,2.9149999618530273,2446,0.0,0.0
2023-09-26 15:30:00-04:00,2.8949999809265137,2.950000047683716,2.8949999809265137,2.950000047683716,2979,0.0,0.0
2023-09-27 09:30:00-04:00,2.930000066757202,3.1500000953674316,2.930000066757202,3.1500000953674316,9174,0.0,0.0
2023-09-27 10:30:00-04:00,3.130000114440918,3.1500000953674316,3.0299999713897705,3.119999885559082,17620,0.0,0.0
2023-09-27 11:30:00-04:00,3.050100088119507,3.140000104904175,3.0,3.0,2073,0.0,0.0
2023-09-27 12:30:00-04:00,3.049999952316284,3.0634000301361084,3.0,3.016700029373169,10736,0.0,0.0
2023-09-27 13:30:00-04:00,3.0,3.0399999618530273,2.9600000381469727,3.0199999809265137,7804,0.0,0.0
2023-09-27 14:30:00-04:00,3.0201001167297363,3.101300001144409,2.990000009536743,2.990000009536743,4896,0.0,0.0
2023-09-27 15:30:00-04:00,2.950000047683716,2.9999001026153564,2.7799999713897705,2.7799999713897705,15848,0.0,0.0
2023-09-28 09:30:00-04:00,2.75,2.817199945449829,2.7100000381469727,2.759999990463257,11016,0.0,0.0
2023-09-28 10:30:00-04:00,2.7802999019622803,2.7804999351501465,2.7699999809265137,2.7699999809265137,2246,0.0,0.0
2023-09-28 11:30:00-04:00,2.7699999809265137,2.7699999809265137,2.7100000381469727,2.7100000381469727,3227,0.0,0.0
2023-09-28 12:30:00-04:00,2.7699999809265137,2.7699999809265137,2.7100000381469727,2.7100000381469727,10680,0.0,0.0
2023-09-28 13:30:00-04:00,2.7100000381469727,2.746799945831299,2.7100000381469727,2.746799945831299,501,0.0,0.0
2023-09-28 14:30:00-04:00,2.7300000190734863,2.7300000190734863,2.7200000286102295,2.7300000190734863,309,0.0,0.0
2023-09-28 15:30:00-04:00,2.7300000190734863,2.75,2.6500000953674316,2.6500000953674316,13838,0.0,0.0
2023-09-29 09:30:00-04:00,2.509999990463257,2.759999990463257,2.5,2.559999942779541,33431,0.0,0.0
2023-09-29 10:30:00-04:00,2.609999895095825,2.7799999713897705,2.609999895095825,2.615000009536743,4129,0.0,0.0
2023-09-29 11:30:00-04:00,2.615000009536743,2.619999885559082,2.4200000762939453,2.450000047683716,28120,0.0,0.0
2023-09-29 12:30:00-04:00,2.5250000953674316,2.569999933242798,2.300100088119507,2.358799934387207,39563,0.0,0.0
2023-09-29 13:30:00-04:00,2.3499999046325684,2.390000104904175,2.1700000762939453,2.200000047683716,32689,0.0,0.0
2023-09-29 14:30:00-04:00,2.1600000858306885,2.25,2.069999933242798,2.190000057220459,48750,0.0,0.0
2023-09-29 15:30:00-04:00,2.200000047683716,2.2000999450683594,2.130000114440918,2.200000047683716,13874,0.0,0.0
2023-10-02 09:30:00-04:00,2.25,2.25,2.0701000690460205,2.1201000213623047,21585,0.0,0.0
2023-10-02 10:30:00-04:00,2.130000114440918,2.130000114440918,2.0799999237060547,2.0799999237060547,10250,0.0,0.0
2023-10-02 11:30:00-04:00,2.0799999237060547,2.0999999046325684,2.069999933242798,2.0799999237060547,18456,0.0,0.0
2023-10-02 12:30:00-04:00,2.0810000896453857,2.0810000896453857,2.0799999237060547,2.0799999237060547,1129,0.0,0.0
2023-10-02 13:30:00-04:00,2.119999885559082,2.140000104904175,2.1017000675201416,2.130000114440918,2078,0.0,0.0
2023-10-02 14:30:00-04:00,2.134999990463257,2.140000104904175,2.0899999141693115,2.0899999141693115,4704,0.0,0.0
2023-10-02 15:30:00-04:00,2.0850000381469727,2.0899999141693115,2.049999952316284,2.049999952316284,10440,0.0,0.0
2023-10-03 09:30:00-04:00,2.0,2.0250000953674316,1.9500000476837158,1.9600000381469727,13070,0.0,0.0
2023-10-03 10:30:00-04:00,1.9953999519348145,1.9953999519348145,1.8901000022888184,1.9157999753952026,26838,0.0,0.0
2023-10-03 11:30:00-04:00,1.9900000095367432,1.9900000095367432,1.9500000476837158,1.9500000476837158,2288,0.0,0.0
2023-10-03 13:30:00-04:00,1.975000023841858,2.0299999713897705,1.940000057220459,2.0,14091,0.0,0.0
2023-10-03 14:30:00-04:00,1.9800000190734863,2.0,1.9299999475479126,1.9500000476837158,4628,0.0,0.0
2023-10-03 15:30:00-04:00,1.9500000476837158,1.9600000381469727,1.9450000524520874,1.9600000381469727,2068,0.0,0.0
2023-10-04 09:30:00-04:00,1.9299999475479126,2.0599000453948975,1.910099983215332,1.910099983215332,8868,0.0,0.0
2023-10-04 10:30:00-04:00,2.0250000953674316,2.0250000953674316,2.0250000953674316,2.0250000953674316,197,0.0,0.0
2023-10-04 11:30:00-04:00,2.015000104904175,2.029900074005127,2.0,2.0,2323,0.0,0.0
2023-10-04 12:30:00-04:00,2.0230000019073486,2.0230000019073486,2.0,2.015000104904175,616,0.0,0.0
2023-10-04 13:30:00-04:00,2.015000104904175,2.018399953842163,1.9950000047683716,2.018399953842163,6221,0.0,0.0
2023-10-04 14:30:00-04:00,2.0,2.015000104904175,2.0,2.0,534,0.0,0.0
2023-10-04 15:30:00-04:00,2.015000104904175,2.0199999809265137,1.9800000190734863,1.9800000190734863,4365,0.0,0.0
2023-10-05 09:30:00-04:00,1.9600000381469727,2.015000104904175,1.9500000476837158,1.999899983406067,16646,0.0,0.0
2023-10-05 10:30:00-04:00,2.0,2.0,1.9700000286102295,2.0,626,0.0,0.0
2023-10-05 11:30:00-04:00,2.0,2.012500047683716,2.0,2.0,5442,0.0,0.0
2023-10-05 12:30:00-04:00,2.0,2.009999990463257,2.0,2.005000114440918,3166,0.0,0.0
2023-10-05 13:30:00-04:00,1.9801000356674194,2.029900074005127,1.9801000356674194,2.0,3368,0.0,0.0
2023-10-05 14:30:00-04:00,2.009999990463257,2.009999990463257,2.0,2.0,1781,0.0,0.0
2023-10-05 15:30:00-04:00,2.0,2.0223000049591064,1.9900000095367432,1.9900000095367432,4550,0.0,0.0
2023-10-06 09:30:00-04:00,2.0,2.0,1.9600000381469727,2.0,8465,0.0,0.0
2023-10-06 10:30:00-04:00,1.9900000095367432,2.0,1.9900000095367432,2.0,1466,0.0,0.0
2023-10-06 11:30:00-04:00,2.0,2.009999990463257,2.0,2.0085999965667725,1991,0.0,0.0
2023-10-06 12:30:00-04:00,1.9850000143051147,2.009999990463257,1.972599983215332,2.009999990463257,2277,0.0,0.0
2023-10-06 13:30:00-04:00,2.005000114440918,2.028899908065796,2.005000114440918,2.0134999752044678,5772,0.0,0.0
2023-10-06 14:30:00-04:00,2.0,2.009999990463257,1.9800000190734863,2.0,1768,0.0,0.0
2023-10-06 15:30:00-04:00,2.0,2.0,1.9900000095367432,1.9900000095367432,2289,0.0,0.0
2023-10-09 09:30:00-04:00,2.0,2.0478999614715576,1.9800000190734863,2.005000114440918,1165,0.0,0.0
2023-10-09 10:30:00-04:00,2.0,2.0,1.9800000190734863,2.0,928,0.0,0.0
2023-10-09 11:30:00-04:00,1.9700000286102295,1.9700000286102295,1.9700000286102295,1.9700000286102295,1214,0.0,0.0
2023-10-09 12:30:00-04:00,1.9199999570846558,1.9199999570846558,1.899999976158142,1.899999976158142,1966,0.0,0.0
2023-10-09 13:30:00-04:00,1.899999976158142,1.909999966621399,1.850000023841858,1.8688000440597534,5106,0.0,0.0
2023-10-09 14:30:00-04:00,1.850000023841858,1.850000023841858,1.850000023841858,1.850000023841858,237,0.0,0.0
2023-10-09 15:30:00-04:00,1.8899999856948853,1.9149999618530273,1.850000023841858,1.850000023841858,5458,0.0,0.0
2023-10-10 09:30:00-04:00,1.9900000095367432,2.069700002670288,1.9800000190734863,2.009999990463257,48284,0.0,0.0
2023-10-10 10:30:00-04:00,2.0,2.069999933242798,1.965000033378601,1.9800000190734863,13881,0.0,0.0
2023-10-10 11:30:00-04:00,2.0,2.0199999809265137,1.9850000143051147,2.0,8518,0.0,0.0
2023-10-10 12:30:00-04:00,2.0,2.0299999713897705,1.9700000286102295,2.0,21742,0.0,0.0
2023-10-10 13:30:00-04:00,2.0599000453948975,2.0599000453948975,2.009999990463257,2.0350000858306885,1638,0.0,0.0
2023-10-10 15:30:00-04:00,2.0251998901367188,2.0899999141693115,2.0251998901367188,2.0899999141693115,1524,0.0,0.0
2023-10-11 09:30:00-04:00,2.0,2.236599922180176,2.0,2.0,57689,0.0,0.0
2023-10-11 10:30:00-04:00,1.9800000190734863,1.9800000190734863,1.899999976158142,1.9170000553131104,4603,0.0,0.0
2023-10-11 11:30:00-04:00,1.9600000381469727,2.0199999809265137,1.940000057220459,2.0,33156,0.0,0.0
2023-10-11 12:30:00-04:00,1.9600000381469727,2.0,1.9600000381469727,2.0,1253,0.0,0.0
2023-10-11 13:30:00-04:00,1.9800000190734863,1.9800000190734863,1.9580999612808228,1.9580999612808228,1811,0.0,0.0
2023-10-11 14:30:00-04:00,1.9500000476837158,1.9500000476837158,1.9500000476837158,1.9500000476837158,341,0.0,0.0
2023-10-11 15:30:00-04:00,1.9600000381469727,2.009999990463257,1.9600000381469727,2.0,4255,0.0,0.0
2023-10-12 09:30:00-04:00,1.9600000381469727,2.009999990463257,1.9500000476837158,1.9500000476837158,8243,0.0,0.0
2023-10-12 10:30:00-04:00,2.0199999809265137,2.02839994430542,1.940000057220459,2.0,5544,0.0,0.0
2023-10-12 11:30:00-04:00,2.0,2.0399999618530273,2.0,2.0199999809265137,1717,0.0,0.0
2023-10-12 12:30:00-04:00,1.9600000381469727,2.0199999809265137,1.9550000429153442,1.9900000095367432,7336,0.0,0.0
2023-10-12 13:30:00-04:00,1.9600000381469727,1.965000033378601,1.9500000476837158,1.965000033378601,1477,0.0,0.0
2023-10-12 14:30:00-04:00,1.9500000476837158,1.9700000286102295,1.9500000476837158,1.9700000286102295,501,0.0,0.0
2023-10-12 15:30:00-04:00,1.9600000381469727,1.9900000095367432,1.940000057220459,1.9800000190734863,1199,0.0,0.0
2023-10-13 09:30:00-04:00,2.0,2.0299999713897705,1.9850000143051147,2.005000114440918,8973,0.0,0.0
2023-10-13 10:30:00-04:00,2.0088999271392822,2.0088999271392822,2.0,2.0,350,0.0,0.0
2023-10-13 11:30:00-04:00,2.015000104904175,2.015000104904175,2.015000104904175,2.015000104904175,120,0.0,0.0
2023-10-13 12:30:00-04:00,2.0199999809265137,2.0199999809265137,1.9852999448776245,1.9889999628067017,4212,0.0,0.0
2023-10-13 13:30:00-04:00,1.9900000095367432,2.0,1.9900000095367432,2.0,1354,0.0,0.0
2023-10-13 14:30:00-04:00,2.0,2.0,2.0,2.0,200,0.0,0.0
2023-10-13 15:30:00-04:00,1.9900000095367432,2.0199999809265137,1.9900000095367432,2.0199999809265137,1474,0.0,0.0
2023-10-16 09:30:00-04:00,1.9900000095367432,2.130000114440918,1.9850000143051147,2.049999952316284,58141,0.0,0.0
2023-10-16 10:30:00-04:00,2.055000066757202,2.200000047683716,2.0399999618530273,2.184999942779541,24820,0.0,0.0
2023-10-16 11:30:00-04:00,2.184999942779541,2.2672998905181885,2.140000104904175,2.190000057220459,39702,0.0,0.0
2023-10-16 12:30:00-04:00,2.2200000286102295,2.4600000381469727,2.180000066757202,2.4100000858306885,18812,0.0,0.0
2023-10-16 13:30:00-04:00,2.450000047683716,2.75,2.4200000762939453,2.680000066757202,70031,0.0,0.0
2023-10-16 14:30:00-04:00,2.690000057220459,2.7300000190734863,2.5299999713897705,2.565000057220459,63812,0.0,0.0
2023-10-16 15:30:00-04:00,2.565000057220459,2.75,2.200000047683716,2.200000047683716,97213,0.0,0.0
2023-10-17 09:30:00-04:00,2.0999999046325684,2.3499999046325684,2.0,2.0399999618530273,83721,0.0,0.0
2023-10-17 10:30:00-04:00,2.005000114440918,2.055000066757202,2.005000114440918,2.0299999713897705,14245,0.0,0.0
2023-10-17 11:30:00-04:00,2.0299999713897705,2.0399999618530273,2.0199999809265137,2.0299999713897705,7683,0.0,0.0
2023-10-17 12:30:00-04:00,2.049999952316284,2.0999999046325684,2.0199999809265137,2.049999952316284,11074,0.0,0.0
2023-10-17 13:30:00-04:00,2.049999952316284,2.059999942779541,2.049999952316284,2.059999942779541,1207,0.0,0.0
2023-10-17 14:30:00-04:00,2.0999999046325684,2.0999999046325684,2.020400047302246,2.0999999046325684,3101,0.0,0.0
2023-10-17 15:30:00-04:00,2.0899999141693115,2.0899999141693115,2.059999942779541,2.0799999237060547,10241,0.0,0.0
2023-10-18 09:30:00-04:00,2.0,2.0855000019073486,2.0,2.0399999618530273,10465,0.0,0.0
2023-10-18 10:30:00-04:00,2.0399999618530273,2.240000009536743,2.0399999618530273,2.0850000381469727,34725,0.0,0.0
2023-10-18 11:30:00-04:00,2.081700086593628,2.1500000953674316,2.0701000690460205,2.109999895095825,16073,0.0,0.0
2023-10-18 12:30:00-04:00,2.1500000953674316,2.1600000858306885,2.109999895095825,2.109999895095825,5520,0.0,0.0
2023-10-18 13:30:00-04:00,2.0999999046325684,2.1584999561309814,2.069999933242798,2.0803000926971436,6401,0.0,0.0
2023-10-18 14:30:00-04:00,2.0999999046325684,2.0999999046325684,2.0299999713897705,2.0299999713897705,6374,0.0,0.0
2023-10-18 15:30:00-04:00,2.0199999809265137,2.0799999237060547,2.0,2.009999990463257,21463,0.0,0.0
2023-10-19 09:30:00-04:00,2.0,2.224900007247925,2.0,2.130000114440918,10834,0.0,0.0
2023-10-19 10:30:00-04:00,2.059999942779541,2.149899959564209,2.0,2.0799999237060547,10642,0.0,0.0
2023-10-19 11:30:00-04:00,2.0450000762939453,2.0450000762939453,2.0199999809265137,2.0199999809265137,516,0.0,0.0
2023-10-19 12:30:00-04:00,2.0450000762939453,2.0450000762939453,1.9800000190734863,2.0,2348,0.0,0.0
2023-10-19 13:30:00-04:00,2.0,2.0,2.0,2.0,1318,0.0,0.0
2023-10-19 14:30:00-04:00,2.005000114440918,2.0399999618530273,2.0,2.0302999019622803,2520,0.0,0.0
2023-10-19 15:30:00-04:00,2.0299999713897705,2.049999952316284,2.0199999809265137,2.0299999713897705,3954,0.0,0.0
2023-10-20 09:30:00-04:00,2.2300000190734863,2.2300000190734863,2.0,2.0,34588,0.0,0.0
2023-10-20 10:30:00-04:00,2.015000104904175,2.0450000762939453,2.0,2.0,6693,0.0,0.0
2023-10-20 11:30:00-04:00,1.9900000095367432,2.009999990463257,1.9500000476837158,1.9500000476837158,7906,0.0,0.0
2023-10-20 12:30:00-04:00,2.009999990463257,2.009999990463257,1.9611999988555908,1.9644999504089355,1428,0.0,0.0
2023-10-20 13:30:00-04:00,1.9800000190734863,2.01200008392334,1.9800000190734863,2.01200008392334,4247,0.0,0.0
2023-10-20 14:30:00-04:00,2.0048000812530518,2.016900062561035,1.9800000190734863,1.9810999631881714,11861,0.0,0.0
2023-10-20 15:30:00-04:00,1.9800000190734863,1.9900000095367432,1.9800000190734863,1.9800000190734863,4252,0.0,0.0
2023-10-23 09:30:00-04:00,1.9600000381469727,1.9900000095367432,1.9505000114440918,1.9800000190734863,1284,0.0,0.0
2023-10-23 10:30:00-04:00,1.9900000095367432,2.009999990463257,1.9900000095367432,2.009999990463257,10250,0.0,0.0
2023-10-23 11:30:00-04:00,1.9601000547409058,1.9900000095367432,1.9601000547409058,1.9800000190734863,407,0.0,0.0
2023-10-23 12:30:00-04:00,1.9800000190734863,1.9900000095367432,1.9800000190734863,1.9900000095367432,980,0.0,0.0
2023-10-23 13:30:00-04:00,1.9800000190734863,1.9900000095367432,1.975000023841858,1.9900000095367432,8479,0.0,0.0
2023-10-23 14:30:00-04:00,1.9900000095367432,2.0,1.9714000225067139,1.9714000225067139,4489,0.0,0.0
2023-10-23 15:30:00-04:00,2.009999990463257,2.009999990463257,1.9600000381469727,1.9800000190734863,2638,0.0,0.0
2023-10-24 09:30:00-04:00,1.9900000095367432,2.01990008354187,1.9199999570846558,2.0,15841,0.0,0.0
2023-10-24 10:30:00-04:00,1.9800000190734863,2.009999990463257,1.9800000190734863,2.0,1414,0.0,0.0
2023-10-24 11:30:00-04:00,1.9800000190734863,2.009999990463257,1.9800000190734863,2.0,927,0.0,0.0
2023-10-24 12:30:00-04:00,2.0,2.005000114440918,2.0,2.005000114440918,256,0.0,0.0
2023-10-24 13:30:00-04:00,2.005000114440918,2.009999990463257,1.9800000190734863,1.9800000190734863,2545,0.0,0.0
2023-10-24 14:30:00-04:00,1.9800000190734863,1.9800000190734863,1.9797999858856201,1.9800000190734863,4299,0.0,0.0
2023-10-24 15:30:00-04:00,1.9700000286102295,2.0,1.9700000286102295,2.0,2249,0.0,0.0
2023-10-25 09:30:00-04:00,2.0,2.0199999809265137,1.9600000381469727,2.0,8284,0.0,0.0
2023-10-25 10:30:00-04:00,2.0,2.0,1.9500000476837158,1.9900000095367432,566,0.0,0.0
2023-10-25 11:30:00-04:00,1.9900000095367432,1.9900000095367432,1.9900000095367432,1.9900000095367432,861,0.0,0.0
2023-10-25 12:30:00-04:00,1.9800000190734863,1.9900000095367432,1.9600000381469727,1.9900000095367432,6150,0.0,0.0
2023-10-25 13:30:00-04:00,1.9800000190734863,1.9900000095367432,1.9700000286102295,1.9723999500274658,1709,0.0,0.0
2023-10-25 14:30:00-04:00,1.970900058746338,1.9850000143051147,1.899999976158142,1.899999976158142,4898,0.0,0.0
2023-10-25 15:30:00-04:00,1.899999976158142,1.9700000286102295,1.899999976158142,1.9700000286102295,6332,0.0,0.0
2023-10-26 09:30:00-04:00,1.9800000190734863,1.9850000143051147,1.9600000381469727,1.9758000373840332,2011,0.0,0.0
2023-10-26 10:30:00-04:00,1.9881999492645264,1.9881999492645264,1.9291000366210938,1.940000057220459,3819,0.0,0.0
2023-10-26 11:30:00-04:00,1.9255000352859497,1.955399990081787,1.9199999570846558,1.955399990081787,10116,0.0,0.0
2023-10-26 12:30:00-04:00,1.9500000476837158,1.9600000381469727,1.9500000476837158,1.9600000381469727,694,0.0,0.0
2023-10-26 13:30:00-04:00,1.9600000381469727,1.9900000095367432,1.9600000381469727,1.9900000095367432,709,0.0,0.0
2023-10-26 14:30:00-04:00,2.0,2.005000114440918,1.992300033569336,1.992300033569336,695,0.0,0.0
2023-10-26 15:30:00-04:00,2.0,2.009999990463257,1.9800000190734863,2.0,2296,0.0,0.0
2023-10-27 09:30:00-04:00,1.9900000095367432,1.9900000095367432,1.9900000095367432,1.9900000095367432,333,0.0,0.0
2023-10-27 12:30:00-04:00,1.9700000286102295,1.9700000286102295,1.9500000476837158,1.9600000381469727,860,0.0,0.0
2023-10-27 14:30:00-04:00,1.965000033378601,1.9700000286102295,1.9500000476837158,1.9700000286102295,6174,0.0,0.0
2023-10-27 15:30:00-04:00,1.9700000286102295,1.9700000286102295,1.9500000476837158,1.9550000429153442,2033,0.0,0.0
2023-10-30 09:30:00-04:00,1.9900000095367432,2.0399999618530273,1.9600000381469727,1.999899983406067,5639,0.0,0.0
2023-10-30 10:30:00-04:00,1.9900000095367432,1.9900000095367432,1.9900000095367432,1.9900000095367432,973,0.0,0.0
2023-10-30 11:30:00-04:00,1.965499997138977,1.9900000095367432,1.965499997138977,1.9900000095367432,1279,0.0,0.0
2023-10-30 12:30:00-04:00,1.9600000381469727,1.9700000286102295,1.9600000381469727,1.9700000286102295,1321,0.0,0.0
2023-10-30 13:30:00-04:00,1.9700000286102295,1.9850000143051147,1.9600000381469727,1.9600000381469727,9844,0.0,0.0
2023-10-30 14:30:00-04:00,1.9550000429153442,1.9600000381469727,1.9500000476837158,1.958799958229065,1351,0.0,0.0
2023-10-30 15:30:00-04:00,1.9589999914169312,1.9600000381469727,1.9500000476837158,1.9500000476837158,1945,0.0,0.0
2023-10-31 09:30:00-04:00,1.9600000381469727,2.0,1.9500000476837158,1.9500000476837158,8188,0.0,0.0
2023-10-31 10:30:00-04:00,1.9509999752044678,1.975000023841858,1.9500999450683594,1.9700000286102295,3707,0.0,0.0
2023-10-31 12:30:00-04:00,1.950700044631958,2.0,1.950700044631958,1.9600000381469727,4697,0.0,0.0
2023-10-31 13:30:00-04:00,1.9550000429153442,1.9550000429153442,1.9550000429153442,1.9550000429153442,137,0.0,0.0
2023-10-31 14:30:00-04:00,1.9500000476837158,1.9600000381469727,1.9500000476837158,1.9600000381469727,0,0.0,0.0
2023-10-31 15:30:00-04:00,1.9600000381469727,1.9600000381469727,1.9500000476837158,1.9600000381469727,19663,0.0,0.0
2023-11-01 09:30:00-04:00,1.9600000381469727,1.9600000381469727,1.9199999570846558,1.9299999475479126,12503,0.0,0.0
2023-11-01 10:30:00-04:00,1.934999942779541,1.940000057220459,1.899999976158142,1.9199999570846558,5291,0.0,0.0
2023-11-01 11:30:00-04:00,1.9249999523162842,1.940000057220459,1.899999976158142,1.9149999618530273,12404,0.0,0.0
2023-11-01 12:30:00-04:00,1.909999966621399,1.909999966621399,1.909999966621399,1.909999966621399,205,0.0,0.0
2023-11-01 13:30:00-04:00,1.909999966621399,1.9500000476837158,1.909999966621399,1.9199999570846558,4384,0.0,0.0
2023-11-01 14:30:00-04:00,1.909999966621399,1.9199999570846558,1.909999966621399,1.909999966621399,492,0.0,0.0
2023-11-01 15:30:00-04:00,1.909999966621399,1.9199999570846558,1.899999976158142,1.9199999570846558,1786,0.0,0.0
2023-11-02 09:30:00-04:00,1.965000033378601,1.965000033378601,1.8517999649047852,1.8600000143051147,6022,0.0,0.0
2023-11-02 10:30:00-04:00,1.8700000047683716,1.9098999500274658,1.8700000047683716,1.899999976158142,2990,0.0,0.0
2023-11-02 11:30:00-04:00,1.8849999904632568,1.8849999904632568,1.850000023841858,1.8600000143051147,9906,0.0,0.0
2023-11-02 12:30:00-04:00,1.8600000143051147,1.8600000143051147,1.8250000476837158,1.850000023841858,6581,0.0,0.0
2023-11-02 13:30:00-04:00,1.8224999904632568,1.850000023841858,1.8200000524520874,1.850000023841858,10703,0.0,0.0
2023-11-02 14:30:00-04:00,1.8300000429153442,1.8550000190734863,1.8300000429153442,1.840000033378601,3819,0.0,0.0
2023-11-02 15:30:00-04:00,1.840000033378601,1.899999976158142,1.840000033378601,1.8849999904632568,7603,0.0,0.0
2023-11-03 09:30:00-04:00,1.899999976158142,1.9500000476837158,1.899999976158142,1.9179999828338623,16752,0.0,0.0
2023-11-03 10:30:00-04:00,1.9199999570846558,1.9199999570846558,1.909999966621399,1.909999966621399,461,0.0,0.0
2023-11-03 11:30:00-04:00,1.9199999570846558,1.978700041770935,1.9107999801635742,1.978700041770935,5389,0.0,0.0
2023-11-03 12:30:00-04:00,1.9366999864578247,1.9800000190734863,1.9366999864578247,1.965000033378601,4473,0.0,0.0
2023-11-03 13:30:00-04:00,1.965000033378601,1.965000033378601,1.9500000476837158,1.9500000476837158,2230,0.0,0.0
2023-11-03 14:30:00-04:00,1.9797999858856201,1.989799976348877,1.965000033378601,1.975000023841858,3518,0.0,0.0
2023-11-03 15:30:00-04:00,1.9788999557495117,1.9800000190734863,1.9700000286102295,1.9800000190734863,2138,0.0,0.0
2023-11-06 09:30:00-05:00,1.9900000095367432,1.9900000095367432,1.8799999952316284,1.9800000190734863,12473,0.0,0.0
2023-11-06 10:30:00-05:00,1.9800000190734863,1.9900000095367432,1.979699969291687,1.9800000190734863,3543,0.0,0.0
2023-11-06 11:30:00-05:00,1.9794000387191772,1.9800000190734863,1.9601000547409058,1.9700000286102295,14875,0.0,0.0
2023-11-06 12:30:00-05:00,1.9601000547409058,1.979200005531311,1.940000057220459,1.9500000476837158,7351,0.0,0.0
2023-11-06 13:30:00-05:00,1.9500000476837158,1.9500000476837158,1.909999966621399,1.9249999523162842,3298,0.0,0.0
2023-11-06 14:30:00-05:00,1.909999966621399,1.9249999523162842,1.8700000047683716,1.9249999523162842,3002,0.0,0.0
2023-11-06 15:30:00-05:00,1.9800000190734863,2.0199999809265137,1.940000057220459,1.940000057220459,19698,0.0,0.0
2023-11-07 09:30:00-05:00,1.940000057220459,1.9800000190734863,1.934999942779541,1.934999942779541,8186,0.0,0.0
2023-11-07 10:30:00-05:00,1.9700000286102295,1.9800000190734863,1.9600000381469727,1.9600000381469727,9692,0.0,0.0
2023-11-07 11:30:00-05:00,1.9700000286102295,1.9900000095367432,1.9700000286102295,1.9800000190734863,2985,0.0,0.0
2023-11-07 12:30:00-05:00,1.9700000286102295,2.009999990463257,1.965000033378601,1.9850000143051147,7388,0.0,0.0
2023-11-07 13:30:00-05:00,1.9800000190734863,1.9800000190734863,1.9800000190734863,1.9800000190734863,1557,0.0,0.0
2023-11-07 14:30:00-05:00,1.9800000190734863,1.9800000190734863,1.9800000190734863,1.9800000190734863,1233,0.0,0.0
2023-11-07 15:30:00-05:00,1.9700000286102295,2.0,1.9700000286102295,1.9700000286102295,8866,0.0,0.0
2023-11-08 09:30:00-05:00,2.0999999046325684,2.0999999046325684,1.940000057220459,1.965000033378601,16449,0.0,0.0
2023-11-08 10:30:00-05:00,1.9700000286102295,2.009999990463257,1.940000057220459,1.958799958229065,14321,0.0,0.0
2023-11-08 11:30:00-05:00,1.9550000429153442,1.9550000429153442,1.934999942779541,1.934999942779541,4993,0.0,0.0
2023-11-08 12:30:00-05:00,1.934999942779541,1.940000057220459,1.934999942779541,1.940000057220459,2091,0.0,0.0
2023-11-08 13:30:00-05:00,1.9550000429153442,1.9550000429153442,1.9199999570846558,1.9206000566482544,5224,0.0,0.0
2023-11-08 14:30:00-05:00,1.9599000215530396,1.9599000215530396,1.940000057220459,1.9500000476837158,1121,0.0,0.0
2023-11-08 15:30:00-05:00,1.9599000215530396,1.9919999837875366,1.9490000009536743,1.965000033378601,14966,0.0,0.0
2023-11-09 09:30:00-05:00,1.940000057220459,1.9600000381469727,1.9199999570846558,1.940000057220459,2265,0.0,0.0
2023-11-09 10:30:00-05:00,1.940000057220459,1.940000057220459,1.940000057220459,1.940000057220459,2290,0.0,0.0
2023-11-09 11:30:00-05:00,1.9500000476837158,1.9600000381469727,1.934999942779541,1.9498000144958496,2480,0.0,0.0
2023-11-09 12:30:00-05:00,1.9599000215530396,1.9599000215530396,1.909999966621399,1.9299999475479126,3967,0.0,0.0
2023-11-09 13:30:00-05:00,1.9299999475479126,1.9900000095367432,1.9299999475479126,1.9450000524520874,22431,0.0,0.0
2023-11-09 14:30:00-05:00,1.934999942779541,1.9700000286102295,1.934999942779541,1.940000057220459,4865,0.0,0.0
2023-11-09 15:30:00-05:00,1.940000057220459,1.9500000476837158,1.909999966621399,1.940000057220459,3159,0.0,0.0
2023-11-10 09:30:00-05:00,1.9700000286102295,1.975000023841858,1.9601999521255493,1.975000023841858,1337,0.0,0.0
2023-11-10 10:30:00-05:00,1.9700000286102295,1.9800000190734863,1.940000057220459,1.9788999557495117,3745,0.0,0.0
2023-11-10 11:30:00-05:00,1.965000033378601,1.965000033378601,1.965000033378601,1.965000033378601,351,0.0,0.0
2023-11-10 12:30:00-05:00,1.9700000286102295,2.009999990463257,1.9500000476837158,1.9550000429153442,15876,0.0,0.0
2023-11-10 13:30:00-05:00,1.9800000190734863,1.9800000190734863,1.940000057220459,1.9601999521255493,19767,0.0,0.0
2023-11-10 14:30:00-05:00,1.9800000190734863,1.9900000095367432,1.965999960899353,1.975000023841858,6384,0.0,0.0
2023-11-10 15:30:00-05:00,1.9800000190734863,2.0,1.9299999475479126,1.9800000190734863,7911,0.0,0.0
2023-11-13 09:30:00-05:00,1.9500000476837158,1.9500000476837158,1.9220000505447388,1.9220000505447388,2891,0.0,0.0
2023-11-13 11:30:00-05:00,1.9287999868392944,1.9299999475479126,1.9287999868392944,1.9299999475479126,573,0.0,0.0
2023-11-13 12:30:00-05:00,1.9276000261306763,1.940000057220459,1.9199999570846558,1.9299999475479126,5644,0.0,0.0
2023-11-13 14:30:00-05:00,1.9299999475479126,1.9299999475479126,1.9249999523162842,1.9249999523162842,746,0.0,0.0
2023-11-13 15:30:00-05:00,1.9299999475479126,1.9500000476837158,1.9249999523162842,1.9500000476837158,1885,0.0,0.0
2023-11-14 09:30:00-05:00,1.9199999570846558,1.9754999876022339,1.9199999570846558,1.9600000381469727,2022,0.0,0.0
2023-11-14 10:30:00-05:00,1.9600000381469727,1.9800000190734863,1.9600000381469727,1.9800000190734863,1096,0.0,0.0
2023-11-14 11:30:00-05:00,1.9704999923706055,1.9800000190734863,1.9704999923706055,1.975000023841858,1412,0.0,0.0
2023-11-14 12:30:00-05:00,1.9800000190734863,1.9900000095367432,1.9700000286102295,1.9800000190734863,4762,0.0,0.0
2023-11-14 13:30:00-05:00,1.9800000190734863,1.9900000095367432,1.9743000268936157,1.9800000190734863,4727,0.0,0.0
2023-11-14 14:30:00-05:00,1.9700000286102295,1.9800000190734863,1.9199999570846558,1.9800000190734863,11459,0.0,0.0
2023-11-14 15:30:00-05:00,1.9800000190734863,1.9900000095367432,1.9709999561309814,1.9850000143051147,3970,0.0,0.0
2023-11-15 09:30:00-05:00,1.9800000190734863,2.0220000743865967,1.961899995803833,2.009999990463257,6459,0.0,0.0
2023-11-15 10:30:00-05:00,2.009999990463257,2.015000104904175,1.97160005569458,1.97160005569458,3849,0.0,0.0
2023-11-15 11:30:00-05:00,2.0,2.0299999713897705,2.0,2.0299999713897705,4376,0.0,0.0
2023-11-15 12:30:00-05:00,2.009999990463257,2.0799999237060547,1.9611999988555908,2.069999933242798,35950,0.0,0.0
2023-11-15 13:30:00-05:00,2.0250000953674316,2.049999952316284,2.005000114440918,2.005000114440918,2175,0.0,0.0
2023-11-15 14:30:00-05:00,2.005000114440918,2.0399999618530273,1.9701000452041626,2.0,18651,0.0,0.0
2023-11-15 15:30:00-05:00,2.0,2.009999990463257,1.9801000356674194,2.0,13487,0.0,0.0
2023-11-16 09:30:00-05:00,2.0,2.009999990463257,1.9600000381469727,2.009999990463257,5391,0.0,0.0
2023-11-16 10:30:00-05:00,2.009999990463257,2.009999990463257,1.9800000190734863,1.983299970626831,4135,0.0,0.0
2023-11-16 11:30:00-05:00,1.9700000286102295,2.009999990463257,1.9700000286102295,2.009999990463257,9521,0.0,0.0
2023-11-16 12:30:00-05:00,2.009999990463257,2.009999990463257,1.9950000047683716,1.9950000047683716,551,0.0,0.0
2023-11-16 13:30:00-05:00,2.0,2.0,1.9500000476837158,1.975000023841858,3654,0.0,0.0
2023-11-16 14:30:00-05:00,1.9900000095367432,2.0,1.9900000095367432,2.0,5735,0.0,0.0
2023-11-16 15:30:00-05:00,2.0,2.0,1.9800000190734863,2.0,1455,0.0,0.0
2023-11-17 09:30:00-05:00,1.9900000095367432,2.200000047683716,1.9900000095367432,2.0,41945,0.0,0.0
2023-11-17 10:30:00-05:00,2.009999990463257,2.0299999713897705,2.0,2.009999990463257,32952,0.0,0.0
2023-11-17 11:30:00-05:00,2.005000114440918,2.0999999046325684,2.005000114440918,2.009999990463257,9788,0.0,0.0
2023-11-17 12:30:00-05:00,2.005000114440918,2.059999942779541,2.0,2.005000114440918,31010,0.0,0.0
2023-11-17 13:30:00-05:00,2.0,2.0250000953674316,2.0,2.009999990463257,7606,0.0,0.0
2023-11-17 14:30:00-05:00,2.009999990463257,2.0699000358581543,1.9850000143051147,2.009500026702881,21412,0.0,0.0
2023-11-17 15:30:00-05:00,2.0,2.0399999618530273,2.0,2.0,9350,0.0,0.0
2023-11-20 09:30:00-05:00,2.0,2.009999990463257,1.9900000095367432,1.9900000095367432,13078,0.0,0.0
2023-11-20 10:30:00-05:00,2.0,2.000499963760376,1.9723999500274658,1.9723999500274658,3244,0.0,0.0
2023-11-20 11:30:00-05:00,1.9800000190734863,1.9800000190734863,1.9800000190734863,1.9800000190734863,294,0.0,0.0
2023-11-20 12:30:00-05:00,2.0,2.0,2.0,2.0,1764,0.0,0.0
2023-11-20 13:30:00-05:00,1.982100009918213,2.0,1.982100009918213,2.0,2598,0.0,0.0
2023-11-20 14:30:00-05:00,2.0,2.0199999809265137,2.0,2.009999990463257,2771,0.0,0.0
2023-11-20 15:30:00-05:00,2.009999990463257,2.0299999713897705,2.0,2.0,7952,0.0,0.0
2023-11-21 09:30:00-05:00,2.0,2.0199999809265137,2.0,2.009999990463257,13289,0.0,0.0
2023-11-21 10:30:00-05:00,2.009999990463257,2.015000104904175,2.0,2.0,11661,0.0,0.0
2023-11-21 11:30:00-05:00,2.005000114440918,2.009999990463257,2.0,2.009999990463257,3479,0.0,0.0
2023-11-21 12:30:00-05:00,2.009999990463257,2.049999952316284,2.009999990463257,2.009999990463257,8553,0.0,0.0
2023-11-21 13:30:00-05:00,2.009999990463257,2.0199999809265137,2.005000114440918,2.009999990463257,10053,0.0,0.0
2023-11-21 14:30:00-05:00,2.015000104904175,2.0299999713897705,2.005000114440918,2.009999990463257,8278,0.0,0.0
2023-11-21 15:30:00-05:00,2.009999990463257,2.049999952316284,2.009999990463257,2.0199999809265137,2464,0.0,0.0
2023-11-22 09:30:00-05:00,2.0299999713897705,2.19950008392334,2.0299999713897705,2.059999942779541,7866,0.0,0.0
2023-11-22 10:30:00-05:00,2.0799999237060547,2.109999895095825,2.059999942779541,2.0625,1579,0.0,0.0
2023-11-22 11:30:00-05:00,2.061000108718872,2.1059000492095947,2.0199999809265137,2.0199999809265137,20379,0.0,0.0
2023-11-22 12:30:00-05:00,2.0250000953674316,2.0250000953674316,2.0199999809265137,2.0220000743865967,830,0.0,0.0
2023-11-22 13:30:00-05:00,2.0220000743865967,2.0220000743865967,2.0,2.009999990463257,20762,0.0,0.0
2023-11-22 14:30:00-05:00,2.0190000534057617,2.0199999809265137,2.009999990463257,2.0199999809265137,1985,0.0,0.0
2023-11-22 15:30:00-05:00,2.015000104904175,2.0399999618530273,2.009999990463257,2.015000104904175,7276,0.0,0.0
2023-11-24 09:30:00-05:00,2.0,2.0199999809265137,1.9800000190734863,2.009999990463257,8418,0.0,0.0
2023-11-24 10:30:00-05:00,2.015000104904175,2.049999952316284,2.009999990463257,2.0199999809265137,5195,0.0,0.0
2023-11-24 11:30:00-05:00,2.015000104904175,2.0350000858306885,2.009999990463257,2.015000104904175,3020,0.0,0.0
2023-11-27 09:30:00-05:00,2.0,2.0139999389648438,1.9988000392913818,2.0,6850,0.0,0.0
2023-11-27 10:30:00-05:00,2.009999990463257,2.009999990463257,1.9900000095367432,1.9915000200271606,1316,0.0,0.0
2023-11-27 11:30:00-05:00,1.9989999532699585,2.0,1.9803999662399292,1.9900000095367432,8374,0.0,0.0
2023-11-27 12:30:00-05:00,2.0199999809265137,2.0199999809265137,1.9903000593185425,1.9903000593185425,5299,0.0,0.0
2023-11-27 14:30:00-05:00,2.0,2.0,2.0,2.0,1220,0.0,0.0
2023-11-27 15:30:00-05:00,1.9900000095367432,2.0,1.9700000286102295,1.9800000190734863,18281,0.0,0.0
2023-11-28 09:30:00-05:00,2.0,2.0,1.9800000190734863,1.9900000095367432,2161,0.0,0.0
2023-11-28 10:30:00-05:00,1.9800000190734863,1.9900000095367432,1.9701999425888062,1.9800000190734863,7406,0.0,0.0
2023-11-28 11:30:00-05:00,1.9700000286102295,1.9799000024795532,1.920199990272522,1.940000057220459,12701,0.0,0.0
2023-11-28 12:30:00-05:00,1.940000057220459,1.9591000080108643,1.940000057220459,1.9500000476837158,1429,0.0,0.0
2023-11-28 13:30:00-05:00,1.9599000215530396,2.059999942779541,1.9550000429153442,2.0,13634,0.0,0.0
2023-11-28 14:30:00-05:00,1.9800000190734863,1.9800000190734863,1.9800000190734863,1.9800000190734863,175,0.0,0.0
2023-11-28 15:30:00-05:00,1.9900000095367432,2.0199999809265137,1.9900000095367432,2.0199999809265137,5778,0.0,0.0
2023-11-29 09:30:00-05:00,1.940000057220459,2.0199999809265137,1.940000057220459,2.0190000534057617,6351,0.0,0.0
2023-11-29 10:30:00-05:00,1.9800000190734863,2.0199999809265137,1.9800000190734863,2.0,7836,0.0,0.0
2023-11-29 11:30:00-05:00,1.9850000143051147,2.0,1.9744999408721924,2.0,6887,0.0,0.0
2023-11-29 12:30:00-05:00,2.0,2.059000015258789,1.9900000095367432,1.9950000047683716,31473,0.0,0.0
2023-11-29 13:30:00-05:00,2.0,2.0,1.999400019645691,1.999400019645691,899,0.0,0.0
2023-11-29 14:30:00-05:00,1.9800000190734863,1.9800000190734863,1.9700000286102295,1.9701999425888062,9130,0.0,0.0
2023-11-29 15:30:00-05:00,1.9700000286102295,1.9701000452041626,1.9500000476837158,1.9600000381469727,15216,0.0,0.0
2023-11-30 09:30:00-05:00,1.9700000286102295,1.9800000190734863,1.9500000476837158,1.9800000190734863,0,0.0,0.0
2023-11-30 10:30:00-05:00,1.9700000286102295,1.9800000190734863,1.9600000381469727,1.979699969291687,5061,0.0,0.0
2023-11-30 11:30:00-05:00,1.9707000255584717,1.9800000190734863,1.899999976158142,1.9199999570846558,20490,0.0,0.0
2023-11-30 12:30:00-05:00,1.934999942779541,2.0199999809265137,1.934999942779541,1.9700000286102295,17694,0.0,0.0
2023-11-30 13:30:00-05:00,1.909999966621399,1.9681999683380127,1.909999966621399,1.9681999683380127,2292,0.0,0.0
2023-11-30 14:30:00-05:00,1.9700000286102295,1.9700000286102295,1.9625999927520752,1.9625999927520752,530,0.0,0.0
2023-11-30 15:30:00-05:00,1.9500000476837158,1.9700000286102295,1.9500000476837158,1.9500000476837158,5077,0.0,0.0
2023-12-01 09:30:00-05:00,1.9700000286102295,2.190000057220459,1.9700000286102295,2.1379001140594482,51917,0.0,0.0
2023-12-01 10:30:00-05:00,2.119999885559082,2.190000057220459,2.0999999046325684,2.140000104904175,57312,0.0,0.0
2023-12-01 11:30:00-05:00,2.1500000953674316,2.319999933242798,2.119999885559082,2.2300000190734863,58207,0.0,0.0
2023-12-01 12:30:00-05:00,2.2200000286102295,2.2799999713897705,2.2100000381469727,2.21560001373291,17365,0.0,0.0
2023-12-01 13:30:00-05:00,2.25,2.2699999809265137,2.2100000381469727,2.2248001098632812,18600,0.0,0.0
2023-12-01 14:30:00-05:00,2.259999990463257,2.2799999713897705,2.174999952316284,2.2799999713897705,10490,0.0,0.0
2023-12-01 15:30:00-05:00,2.319999933242798,2.450000047683716,2.319000005722046,2.440000057220459,21150,0.0,0.0
2023-12-04 09:30:00-05:00,2.440000057220459,2.598400115966797,2.4200000762939453,2.4800000190734863,92950,0.0,0.0
2023-12-04 10:30:00-05:00,2.4800000190734863,2.5799999237060547,2.4298999309539795,2.4749999046325684,32392,0.0,0.0
2023-12-04 11:30:00-05:00,2.5,2.5999999046325684,2.4855000972747803,2.54010009765625,11823,0.0,0.0
2023-12-04 12:30:00-05:00,2.5899999141693115,2.609999895095825,2.5399999618530273,2.5736000537872314,6350,0.0,0.0
2023-12-04 13:30:00-05:00,2.5799999237060547,2.609999895095825,2.440000057220459,2.440000057220459,16381,0.0,0.0
2023-12-04 14:30:00-05:00,2.4749999046325684,2.5659000873565674,2.400099992752075,2.4100000858306885,25362,0.0,0.0
2023-12-04 15:30:00-05:00,2.450000047683716,2.5299999713897705,2.450000047683716,2.505000114440918,12549,0.0,0.0
2023-12-05 09:30:00-05:00,2.5,2.509999990463257,2.4200000762939453,2.4249000549316406,13699,0.0,0.0
2023-12-05 10:30:00-05:00,2.4825000762939453,2.4825000762939453,2.3949999809265137,2.3949999809265137,8131,0.0,0.0
2023-12-05 11:30:00-05:00,2.430000066757202,2.430000066757202,2.259999990463257,2.390000104904175,12616,0.0,0.0
2023-12-05 12:30:00-05:00,2.379300117492676,2.379300117492676,2.3301000595092773,2.3301000595092773,2597,0.0,0.0
2023-12-05 13:30:00-05:00,2.3499999046325684,2.402400016784668,2.3499999046325684,2.350100040435791,911,0.0,0.0
2023-12-05 14:30:00-05:00,2.369999885559082,2.369999885559082,2.240000009536743,2.3399999141693115,6549,0.0,0.0
2023-12-05 15:30:00-05:00,2.319999933242798,2.3499999046325684,2.259999990463257,2.2799999713897705,7742,0.0,0.0
2023-12-06 09:30:00-05:00,2.309999942779541,2.380000114440918,2.190000057220459,2.234999895095825,31264,0.0,0.0
2023-12-06 10:30:00-05:00,2.2300000190734863,2.339900016784668,2.200000047683716,2.240000009536743,16546,0.0,0.0
2023-12-06 11:30:00-05:00,2.329900026321411,2.329900026321411,2.240000009536743,2.255000114440918,14592,0.0,0.0
2023-12-06 12:30:00-05:00,2.255000114440918,2.359999895095825,2.25,2.359999895095825,6205,0.0,0.0
2023-12-06 13:30:00-05:00,2.3310000896453857,2.430000066757202,2.3310000896453857,2.3889999389648438,7105,0.0,0.0
2023-12-06 14:30:00-05:00,2.3889999389648438,2.490000009536743,2.380000114440918,2.440000057220459,24240,0.0,0.0
2023-12-06 15:30:00-05:00,2.4800000190734863,2.5899999141693115,2.4700000286102295,2.5899999141693115,7972,0.0,0.0
2023-12-07 09:30:00-05:00,2.5899999141693115,2.5899999141693115,2.4000000953674316,2.4800000190734863,16554,0.0,0.0
2023-12-07 10:30:00-05:00,2.4749999046325684,2.4749999046325684,2.4749999046325684,2.4749999046325684,212,0.0,0.0
2023-12-07 11:30:00-05:00,2.4800000190734863,2.4800000190734863,2.434999942779541,2.434999942779541,669,0.0,0.0
2023-12-07 12:30:00-05:00,2.5,2.509999990463257,2.5,2.5,12313,0.0,0.0
2023-12-07 13:30:00-05:00,2.5199999809265137,2.559999942779541,2.5,2.559999942779541,12367,0.0,0.0
2023-12-07 14:30:00-05:00,2.5796000957489014,2.650399923324585,2.559999942779541,2.641200065612793,6723,0.0,0.0
2023-12-07 15:30:00-05:00,2.655400037765503,2.700000047683716,2.559999942779541,2.609999895095825,25195,0.0,0.0
2023-12-08 09:30:00-05:00,2.75,3.049999952316284,2.6342999935150146,3.049999952316284,69607,0.0,0.0
2023-12-08 10:30:00-05:00,3.069999933242798,3.2899999618530273,2.940000057220459,3.119999885559082,106659,0.0,0.0
2023-12-08 11:30:00-05:00,3.0950000286102295,3.359999895095825,3.090100049972534,3.265000104904175,60122,0.0,0.0
2023-12-08 12:30:00-05:00,3.3094000816345215,3.440000057220459,3.1549999713897705,3.4149999618530273,67375,0.0,0.0
2023-12-08 13:30:00-05:00,3.4024999141693115,3.630000114440918,3.319999933242798,3.3399999141693115,128005,0.0,0.0
2023-12-08 14:30:00-05:00,3.3399999141693115,3.3399999141693115,3.0799999237060547,3.190000057220459,61012,0.0,0.0
2023-12-08 15:30:00-05:00,3.1823999881744385,3.190000057220459,3.119999885559082,3.119999885559082,12199,0.0,0.0
2023-12-11 09:30:00-05:00,3.1500000953674316,3.200000047683716,3.0199999809265137,3.1500000953674316,68210,0.0,0.0
2023-12-11 10:30:00-05:00,3.1600000858306885,3.275399923324585,3.0592000484466553,3.190000057220459,13936,0.0,0.0
2023-12-11 11:30:00-05:00,3.180000066757202,3.450000047683716,3.130000114440918,3.450000047683716,57522,0.0,0.0
2023-12-11 12:30:00-05:00,3.450000047683716,3.7799999713897705,3.412100076675415,3.640000104904175,108681,0.0,0.0
2023-12-11 13:30:00-05:00,3.619999885559082,3.759999990463257,3.5199999809265137,3.75,57943,0.0,0.0
2023-12-11 14:30:00-05:00,3.7690000534057617,3.8499999046325684,3.6500000953674316,3.7709999084472656,46796,0.0,0.0
2023-12-11 15:30:00-05:00,3.7699999809265137,4.059899806976318,3.6600000858306885,3.680000066757202,185411,0.0,0.0
2023-12-12 09:30:00-05:00,3.7699999809265137,3.805000066757202,3.2799999713897705,3.4700000286102295,85175,0.0,0.0
2023-12-12 10:30:00-05:00,3.4649999141693115,3.5199999809265137,3.450000047683716,3.4988999366760254,14285,0.0,0.0
2023-12-12 11:30:00-05:00,3.480799913406372,3.5,3.4600000381469727,3.4800000190734863,29143,0.0,0.0
2023-12-12 12:30:00-05:00,3.498699903488159,3.4988999366760254,3.380000114440918,3.424999952316284,20803,0.0,0.0
2023-12-12 13:30:00-05:00,3.434999942779541,3.4700000286102295,3.4100000858306885,3.4100000858306885,21129,0.0,0.0
2023-12-12 14:30:00-05:00,3.4100000858306885,3.4398999214172363,3.4049999713897705,3.4049999713897705,12186,0.0,0.0
2023-12-12 15:30:00-05:00,3.400099992752075,3.440000057220459,3.4000000953674316,3.4100000858306885,6550,0.0,0.0
2023-12-13 09:30:00-05:00,3.5,3.5,3.109999895095825,3.109999895095825,44154,0.0,0.0
2023-12-13 10:30:00-05:00,3.1600000858306885,3.1600000858306885,3.0,3.069999933242798,40300,0.0,0.0
2023-12-13 11:30:00-05:00,3.0799999237060547,3.1700000762939453,3.049999952316284,3.055000066757202,31233,0.0,0.0
2023-12-13 12:30:00-05:00,3.055000066757202,3.059999942779541,2.549999952316284,2.815000057220459,146844,0.0,0.0
2023-12-13 13:30:00-05:00,2.823499917984009,2.823499917984009,2.6500000953674316,2.7100000381469727,41324,0.0,0.0
2023-12-13 14:30:00-05:00,2.7049999237060547,3.069999933242798,2.700000047683716,2.970099925994873,44860,0.0,0.0
2023-12-13 15:30:00-05:00,3.005000114440918,3.0399999618530273,2.930000066757202,2.990000009536743,18569,0.0,0.0
2023-12-14 09:30:00-05:00,3.119999885559082,3.240000009536743,2.880000114440918,2.940000057220459,43798,0.0,0.0
2023-12-14 10:30:00-05:00,2.9377999305725098,3.0,2.880000114440918,3.0,22662,0.0,0.0
2023-12-14 11:30:00-05:00,3.0415000915527344,3.049499988555908,2.9100000858306885,2.930000066757202,16614,0.0,0.0
2023-12-14 12:30:00-05:00,2.9100000858306885,2.9600000381469727,2.7100000381469727,2.7100000381469727,14013,0.0,0.0
2023-12-14 13:30:00-05:00,2.700000047683716,2.7300000190734863,2.630000114440918,2.7100000381469727,25130,0.0,0.0
2023-12-14 14:30:00-05:00,2.7049999237060547,3.0299999713897705,2.7049999237060547,2.9100000858306885,45899,0.0,0.0
2023-12-14 15:30:00-05:00,2.9100000858306885,3.0199999809265137,2.9100000858306885,2.940000057220459,10673,0.0,0.0
2023-12-15 09:30:00-05:00,2.9700000286102295,3.0599000453948975,2.9700000286102295,2.9800000190734863,8736,0.0,0.0
2023-12-15 10:30:00-05:00,3.0071001052856445,3.0099000930786133,2.9700000286102295,2.972899913787842,9546,0.0,0.0
2023-12-15 11:30:00-05:00,2.9700000286102295,2.9700000286102295,2.759999990463257,2.850100040435791,37811,0.0,0.0
2023-12-15 12:30:00-05:00,2.850100040435791,2.898099899291992,2.8299999237060547,2.8299999237060547,11892,0.0,0.0
2023-12-15 13:30:00-05:00,2.8299999237060547,2.890000104904175,2.819999933242798,2.890000104904175,9971,0.0,0.0
2023-12-15 14:30:00-05:00,2.8499999046325684,2.890000104904175,2.8299999237060547,2.865000009536743,10194,0.0,0.0
2023-12-15 15:30:00-05:00,2.890000104904175,2.890000104904175,2.8399999141693115,2.8399999141693115,11380,0.0,0.0
2023-12-18 09:30:00-05:00,2.759999990463257,2.9179000854492188,2.759999990463257,2.9047999382019043,17226,0.0,0.0
2023-12-18 10:30:00-05:00,2.8299999237060547,2.9000000953674316,2.809999942779541,2.8450000286102295,2876,0.0,0.0
2023-12-18 11:30:00-05:00,2.843400001525879,2.869999885559082,2.809999942779541,2.809999942779541,4573,0.0,0.0
2023-12-18 12:30:00-05:00,2.8499999046325684,2.859999895095825,2.7799999713897705,2.859999895095825,1589,0.0,0.0
2023-12-18 13:30:00-05:00,2.799999952316284,2.890000104904175,2.7899999618530273,2.809999942779541,1301,0.0,0.0
2023-12-18 14:30:00-05:00,2.8117001056671143,2.890000104904175,2.7799999713897705,2.7799999713897705,8629,0.0,0.0
2023-12-18 15:30:00-05:00,2.8399999141693115,2.890000104904175,2.809999942779541,2.880000114440918,13992,0.0,0.0
2023-12-19 09:30:00-05:00,2.890000104904175,3.42330002784729,2.890000104904175,3.2799999713897705,69158,0.0,0.0
2023-12-19 10:30:00-05:00,3.2451000213623047,3.2451000213623047,3.119999885559082,3.1301000118255615,11880,0.0,0.0
2023-12-19 11:30:00-05:00,3.180000066757202,3.188999891281128,3.049999952316284,3.089900016784668,11109,0.0,0.0
2023-12-19 12:30:00-05:00,3.049999952316284,3.197999954223633,3.049999952316284,3.197999954223633,11701,0.0,0.0
2023-12-19 13:30:00-05:00,3.190000057220459,3.25,3.119999885559082,3.134999990463257,45464,0.0,0.0
2023-12-19 14:30:00-05:00,3.119999885559082,3.159899950027466,3.0199999809265137,3.1261000633239746,11741,0.0,0.0
2023-12-19 15:30:00-05:00,3.0299999713897705,3.130000114440918,3.0299999713897705,3.130000114440918,6537,0.0,0.0
2023-12-20 09:30:00-05:00,3.119999885559082,3.2100000381469727,2.9900999069213867,3.1449999809265137,9222,0.0,0.0
2023-12-20 10:30:00-05:00,3.187000036239624,3.187000036239624,3.1201000213623047,3.180000066757202,8818,0.0,0.0
2023-12-20 11:30:00-05:00,3.180000066757202,3.2799999713897705,3.180000066757202,3.251800060272217,4969,0.0,0.0
2023-12-20 12:30:00-05:00,3.2200000286102295,3.2249999046325684,3.119999885559082,3.140000104904175,6893,0.0,0.0
2023-12-20 13:30:00-05:00,3.1308000087738037,3.2899999618530273,3.0999999046325684,3.2149999141693115,61406,0.0,0.0
2023-12-20 14:30:00-05:00,3.2200000286102295,3.2999000549316406,3.0999999046325684,3.140000104904175,6301,0.0,0.0
2023-12-20 15:30:00-05:00,3.140000104904175,3.140000104904175,3.059999942779541,3.109999895095825,8988,0.0,0.0
2023-12-21 09:30:00-05:00,3.1500000953674316,3.1500000953674316,3.081199884414673,3.11080002784729,3175,0.0,0.0
2023-12-21 10:30:00-05:00,3.1126999855041504,3.1126999855041504,3.0799999237060547,3.1119000911712646,2005,0.0,0.0
2023-12-21 11:30:00-05:00,3.1196000576019287,3.1196000576019287,3.109999895095825,3.109999895095825,452,0.0,0.0
2023-12-21 12:30:00-05:00,3.130000114440918,3.130000114440918,3.0799999237060547,3.0799999237060547,7946,0.0,0.0
2023-12-21 13:30:00-05:00,3.0799999237060547,3.0799999237060547,3.0799999237060547,3.0799999237060547,586,0.0,0.0
2023-12-21 14:30:00-05:00,3.0799999237060547,3.0999999046325684,3.0799999237060547,3.0799999237060547,3229,0.0,0.0
2023-12-21 15:30:00-05:00,3.0999999046325684,3.190000057220459,3.0801000595092773,3.140000104904175,19758,0.0,0.0
2023-12-22 09:30:00-05:00,3.1700000762939453,3.369999885559082,3.1405999660491943,3.2200000286102295,29152,0.0,0.0
2023-12-22 10:30:00-05:00,3.2864999771118164,3.4000000953674316,3.2386999130249023,3.380000114440918,26249,0.0,0.0
2023-12-22 11:30:00-05:00,3.3499999046325684,3.440000057220459,3.3399999141693115,3.4000000953674316,4078,0.0,0.0
2023-12-22 12:30:00-05:00,3.440000057220459,3.5299999713897705,3.440000057220459,3.509999990463257,12683,0.0,0.0
2023-12-22 13:30:00-05:00,3.5,3.5399999618530273,3.3499999046325684,3.4800000190734863,14953,0.0,0.0
2023-12-22 14:30:00-05:00,3.424999952316284,3.434999942779541,3.2300000190734863,3.3499999046325684,19793,0.0,0.0
2023-12-22 15:30:00-05:00,3.4149999618530273,3.4149999618530273,3.3499999046325684,3.4100000858306885,2634,0.0,0.0
2023-12-26 09:30:00-05:00,3.450000047683716,3.478300094604492,3.3499999046325684,3.4000000953674316,30189,0.0,0.0
2023-12-26 10:30:00-05:00,3.3499999046325684,3.375,3.3499999046325684,3.365000009536743,2553,0.0,0.0
2023-12-26 11:30:00-05:00,3.370300054550171,3.3757998943328857,3.319999933242798,3.319999933242798,12887,0.0,0.0
2023-12-26 12:30:00-05:00,3.299999952316284,3.319999933242798,3.2000999450683594,3.2249999046325684,15069,0.0,0.0
2023-12-26 13:30:00-05:00,3.289900064468384,3.2899999618530273,3.2511000633239746,3.2511000633239746,1081,0.0,0.0
2023-12-26 14:30:00-05:00,3.259999990463257,3.259999990463257,3.256999969482422,3.259999990463257,987,0.0,0.0
2023-12-26 15:30:00-05:00,3.299999952316284,3.3403000831604004,3.299999952316284,3.3399999141693115,5983,0.0,0.0
2023-12-27 09:30:00-05:00,3.4200000762939453,3.4709999561309814,3.309999942779541,3.365000009536743,6252,0.0,0.0
2023-12-27 10:30:00-05:00,3.299999952316284,3.380000114440918,3.2600998878479004,3.380000114440918,5540,0.0,0.0
2023-12-27 11:30:00-05:00,3.309999942779541,3.369999885559082,3.29010009765625,3.34879994392395,6075,0.0,0.0
2023-12-27 12:30:00-05:00,3.359999895095825,3.359999895095825,3.359999895095825,3.359999895095825,1198,0.0,0.0
2023-12-27 13:30:00-05:00,3.3450000286102295,3.4000000953674316,3.2899999618530273,3.4000000953674316,4408,0.0,0.0
2023-12-27 14:30:00-05:00,3.4196999073028564,3.4196999073028564,3.364000082015991,3.364000082015991,10840,0.0,0.0
2023-12-27 15:30:00-05:00,3.3299999237060547,3.3499999046325684,3.3299999237060547,3.3499999046325684,2307,0.0,0.0
2023-12-28 09:30:00-05:00,3.299999952316284,3.5299999713897705,3.299999952316284,3.4200000762939453,13543,0.0,0.0
2023-12-28 10:30:00-05:00,3.515399932861328,3.515399932861328,3.369999885559082,3.369999885559082,8603,0.0,0.0
2023-12-28 11:30:00-05:00,3.4839999675750732,3.4839999675750732,3.369999885559082,3.380000114440918,6287,0.0,0.0
2023-12-28 12:30:00-05:00,3.430000066757202,3.490000009536743,3.4000000953674316,3.4000000953674316,5363,0.0,0.0
2023-12-28 13:30:00-05:00,3.4000000953674316,3.424999952316284,3.309999942779541,3.309999942779541,5835,0.0,0.0
2023-12-28 14:30:00-05:00,3.309999942779541,3.4600000381469727,3.299999952316284,3.309999942779541,9982,0.0,0.0
2023-12-28 15:30:00-05:00,3.3164000511169434,3.380000114440918,3.3164000511169434,3.3499999046325684,22929,0.0,0.0
2023-12-29 09:30:00-05:00,3.3399999141693115,3.490000009536743,3.2802999019622803,3.365000009536743,12889,0.0,0.0
2023-12-29 10:30:00-05:00,3.380000114440918,3.380000114440918,3.2799999713897705,3.319999933242798,12612,0.0,0.0
2023-12-29 11:30:00-05:00,3.3164000511169434,3.3299999237060547,3.2936999797821045,3.3299999237060547,4141,0.0,0.0
2023-12-29 12:30:00-05:00,3.325000047683716,3.3299999237060547,3.2799999713897705,3.319999933242798,12932,0.0,0.0
2023-12-29 13:30:00-05:00,3.298099994659424,3.339400053024292,3.298099994659424,3.339400053024292,6904,0.0,0.0
2023-12-29 14:30:00-05:00,3.2799999713897705,3.309999942779541,3.2799999713897705,3.309999942779541,1485,0.0,0.0
2023-12-29 15:30:00-05:00,3.299999952316284,3.299999952316284,3.2799999713897705,3.2799999713897705,5828,0.0,0.0
2024-01-02 09:30:00-05:00,3.319999933242798,3.3399999141693115,3.25,3.3399999141693115,9634,0.0,0.0
2024-01-02 10:30:00-05:00,3.361999988555908,3.402100086212158,3.3299999237060547,3.3299999237060547,29012,0.0,0.0
2024-01-02 11:30:00-05:00,3.4200000762939453,3.487799882888794,3.3499999046325684,3.4498000144958496,11614,0.0,0.0
2024-01-02 12:30:00-05:00,3.4800000190734863,3.5199999809265137,3.4600000381469727,3.4600000381469727,12546,0.0,0.0
2024-01-02 13:30:00-05:00,3.497499942779541,3.497499942779541,3.450000047683716,3.450000047683716,5243,0.0,0.0
2024-01-02 14:30:00-05:00,3.4600000381469727,3.4600000381469727,3.3645999431610107,3.390000104904175,9596,0.0,0.0
2024-01-02 15:30:00-05:00,3.4200000762939453,3.430000066757202,3.359999895095825,3.390000104904175,12682,0.0,0.0
2024-01-03 09:30:00-05:00,3.3499999046325684,3.3938000202178955,3.2200000286102295,3.25,26375,0.0,0.0
2024-01-03 10:30:00-05:00,3.200000047683716,3.259999990463257,3.1500000953674316,3.2300000190734863,22715,0.0,0.0
2024-01-03 11:30:00-05:00,3.240000009536743,3.2699999809265137,3.1600000858306885,3.2699999809265137,2118,0.0,0.0
2024-01-03 12:30:00-05:00,3.2049999237060547,3.2200000286102295,3.119999885559082,3.1921000480651855,5272,0.0,0.0
2024-01-03 13:30:00-05:00,3.2200000286102295,3.240000009536743,3.109999895095825,3.109999895095825,9406,0.0,0.0
2024-01-03 14:30:00-05:00,3.190000057220459,3.200000047683716,3.130000114440918,3.184999942779541,5196,0.0,0.0
2024-01-03 15:30:00-05:00,3.130000114440918,3.2100000381469727,3.130000114440918,3.140000104904175,15516,0.0,0.0
2024-01-04 09:30:00-05:00,3.299999952316284,3.299999952316284,3.119999885559082,3.119999885559082,5542,0.0,0.0
2024-01-04 10:30:00-05:00,3.119999885559082,3.2298998832702637,3.119999885559082,3.2298998832702637,6025,0.0,0.0
2024-01-04 11:30:00-05:00,3.1624999046325684,3.1649999618530273,3.119999885559082,3.119999885559082,3733,0.0,0.0
2024-01-04 12:30:00-05:00,3.1449999809265137,3.1600000858306885,3.119999885559082,3.1500000953674316,17131,0.0,0.0
2024-01-04 13:30:00-05:00,3.1500000953674316,3.4600000381469727,3.1500000953674316,3.305000066757202,118988,0.0,0.0
2024-01-04 14:30:00-05:00,3.240000009536743,3.323499917984009,3.1500000953674316,3.25,35003,0.0,0.0
2024-01-04 15:30:00-05:00,3.25,3.3083999156951904,3.130000114440918,3.130000114440918,24489,0.0,0.0
2024-01-05 09:30:00-05:00,3.140000104904175,3.199899911880493,3.109999895095825,3.1500000953674316,7569,0.0,0.0
2024-01-05 10:30:00-05:00,3.190000057220459,3.2149999141693115,3.1600000858306885,3.1600000858306885,4336,0.0,0.0
2024-01-05 11:30:00-05:00,3.2100000381469727,3.245500087738037,3.0799999237060547,3.0799999237060547,11242,0.0,0.0
2024-01-05 12:30:00-05:00,3.049999952316284,3.109999895095825,3.0199999809265137,3.0855000019073486,5452,0.0,0.0
2024-01-05 13:30:00-05:00,3.1050000190734863,3.1289000511169434,3.0199999809265137,3.0199999809265137,6158,0.0,0.0
2024-01-05 14:30:00-05:00,3.0399999618530273,3.140000104904175,3.0199999809265137,3.049999952316284,17081,0.0,0.0
2024-01-05 15:30:00-05:00,3.043800115585327,3.049999952316284,2.930000066757202,2.9600000381469727,21048,0.0,0.0
2024-01-08 09:30:00-05:00,3.069999933242798,3.069999933242798,2.819999933242798,2.9800000190734863,12331,0.0,0.0
2024-01-08 10:30:00-05:00,3.0,3.059999942779541,2.9200000762939453,3.009999990463257,32089,0.0,0.0
2024-01-08 11:30:00-05:00,2.930000066757202,3.0299999713897705,2.930000066757202,3.0299999713897705,9557,0.0,0.0
2024-01-08 12:30:00-05:00,2.9800000190734863,3.009999990463257,2.9600000381469727,3.0,7867,0.0,0.0
2024-01-08 13:30:00-05:00,2.990000009536743,3.0,2.9800000190734863,3.0,4137,0.0,0.0
2024-01-08 14:30:00-05:00,3.0,3.0,2.9700000286102295,3.0,2700,0.0,0.0
2024-01-08 15:30:00-05:00,2.9800000190734863,3.0,2.9800000190734863,3.0,13947,0.0,0.0
2024-01-09 09:30:00-05:00,2.9600000381469727,3.010499954223633,2.9600000381469727,2.9800000190734863,8860,0.0,0.0
2024-01-09 10:30:00-05:00,3.005000114440918,3.1298999786376953,2.9800000190734863,3.0299999713897705,10735,0.0,0.0
2024-01-09 11:30:00-05:00,3.0399999618530273,3.0920000076293945,3.009999990463257,3.0920000076293945,1888,0.0,0.0
2024-01-09 12:30:00-05:00,3.0850000381469727,3.099900007247925,3.069999933242798,3.0899999141693115,9372,0.0,0.0
2024-01-09 13:30:00-05:00,3.0850000381469727,3.0850000381469727,3.074700117111206,3.0850000381469727,1610,0.0,0.0
2024-01-09 14:30:00-05:00,3.0999999046325684,3.130000114440918,3.0999999046325684,3.119999885559082,2051,0.0,0.0
2024-01-09 15:30:00-05:00,3.1600000858306885,3.180000066757202,3.1449999809265137,3.1500000953674316,5995,0.0,0.0
2024-01-10 09:30:00-05:00,3.140000104904175,3.168800115585327,3.069999933242798,3.138700008392334,5451,0.0,0.0
2024-01-10 10:30:00-05:00,3.109999895095825,3.2100000381469727,3.0799999237060547,3.2100000381469727,24936,0.0,0.0
2024-01-10 11:30:00-05:00,3.1851000785827637,3.2100000381469727,3.1851000785827637,3.200000047683716,1098,0.0,0.0
2024-01-10 12:30:00-05:00,3.2100000381469727,3.319999933242798,3.2100000381469727,3.311500072479248,10854,0.0,0.0
2024-01-10 13:30:00-05:00,3.2672998905181885,3.299999952316284,3.25,3.2899999618530273,11777,0.0,0.0
2024-01-10 14:30:00-05:00,3.2899999618530273,3.2999000549316406,3.2699999809265137,3.2799999713897705,22028,0.0,0.0
2024-01-10 15:30:00-05:00,3.2899999618530273,3.2899999618530273,3.2699999809265137,3.2899999618530273,9663,0.0,0.0
2024-01-11 09:30:00-05:00,3.309999942779541,3.3499999046325684,3.2588000297546387,3.3320999145507812,16653,0.0,0.0
2024-01-11 10:30:00-05:00,3.3301000595092773,3.3399999141693115,3.2983999252319336,3.2983999252319336,7200,0.0,0.0
2024-01-11 11:30:00-05:00,3.2748000621795654,3.2748000621795654,3.2748000621795654,3.2748000621795654,178,0.0,0.0
2024-01-11 13:30:00-05:00,3.25,3.25,3.25,3.25,175,0.0,0.0
2024-01-11 14:30:00-05:00,3.2799999713897705,3.3399999141693115,3.2799999713897705,3.309999942779541,6185,0.0,0.0
2024-01-11 15:30:00-05:00,3.2899999618530273,3.3099000453948975,3.2850000858306885,3.2997000217437744,3214,0.0,0.0
2024-01-12 09:30:00-05:00,3.25,3.349400043487549,3.25,3.319999933242798,8325,0.0,0.0
2024-01-12 10:30:00-05:00,3.3013999462127686,3.3187999725341797,3.299999952316284,3.3187999725341797,923,0.0,0.0
2024-01-12 11:30:00-05:00,3.299999952316284,3.299999952316284,3.2899999618530273,3.2915000915527344,2009,0.0,0.0
2024-01-12 12:30:00-05:00,3.2899999618530273,3.315000057220459,3.2899999618530273,3.299999952316284,2316,0.0,0.0
2024-01-12 13:30:00-05:00,3.309999942779541,3.3299999237060547,3.309999942779541,3.309999942779541,3172,0.0,0.0
2024-01-12 14:30:00-05:00,3.299999952316284,3.390000104904175,3.299999952316284,3.371500015258789,24325,0.0,0.0
2024-01-12 15:30:00-05:00,3.369999885559082,3.4200000762939453,3.3499999046325684,3.4200000762939453,7385,0.0,0.0
2024-01-16 09:30:00-05:00,3.5399999618530273,3.7799999713897705,3.5,3.690000057220459,100925,0.0,0.0
2024-01-16 10:30:00-05:00,3.699899911880493,3.7100000381469727,3.5999999046325684,3.5999999046325684,44753,0.0,0.0
2024-01-16 11:30:00-05:00,3.5999999046325684,3.6394999027252197,3.5,3.6394999027252197,17049,0.0,0.0
2024-01-16 12:30:00-05:00,3.6350998878479004,3.640000104904175,3.5899999141693115,3.619999885559082,4663,0.0,0.0
2024-01-16 13:30:00-05:00,3.619999885559082,3.640000104904175,3.5,3.6082000732421875,24215,0.0,0.0
2024-01-16 14:30:00-05:00,3.5169999599456787,3.5785999298095703,3.430000066757202,3.490000009536743,25234,0.0,0.0
2024-01-16 15:30:00-05:00,3.4749999046325684,3.529900074005127,3.450000047683716,3.4800000190734863,8994,0.0,0.0
2024-01-17 09:30:00-05:00,3.5399999618530273,3.569999933242798,3.410399913787842,3.4584999084472656,7576,0.0,0.0
2024-01-17 10:30:00-05:00,3.4700000286102295,3.4804000854492188,3.3499999046325684,3.430000066757202,7585,0.0,0.0
2024-01-17 11:30:00-05:00,3.450000047683716,3.4600000381469727,3.309999942779541,3.390000104904175,5352,0.0,0.0
2024-01-17 12:30:00-05:00,3.3399999141693115,3.3550000190734863,3.3299999237060547,3.3299999237060547,516,0.0,0.0
2024-01-17 13:30:00-05:00,3.3299999237060547,3.3550000190734863,3.3299999237060547,3.3410000801086426,2657,0.0,0.0
2024-01-17 14:30:00-05:00,3.3550000190734863,3.390000104904175,3.3299999237060547,3.365799903869629,12507,0.0,0.0
2024-01-17 15:30:00-05:00,3.365000009536743,3.390000104904175,3.3299999237060547,3.359999895095825,2861,0.0,0.0
2024-01-18 09:30:00-05:00,3.369999885559082,3.7200000286102295,3.3450000286102295,3.5799999237060547,63859,0.0,0.0
2024-01-18 10:30:00-05:00,3.635499954223633,3.6421000957489014,3.5673999786376953,3.630000114440918,2993,0.0,0.0
2024-01-18 11:30:00-05:00,3.630000114440918,3.6600000858306885,3.5,3.549999952316284,20258,0.0,0.0
2024-01-18 12:30:00-05:00,3.549999952316284,3.549999952316284,3.444999933242798,3.444999933242798,4568,0.0,0.0
2024-01-18 13:30:00-05:00,3.4077999591827393,3.5,3.3798000812530518,3.450000047683716,2516,0.0,0.0
2024-01-18 14:30:00-05:00,3.440000057220459,3.509999990463257,3.440000057220459,3.494999885559082,7468,0.0,0.0
2024-01-18 15:30:00-05:00,3.4800000190734863,3.494999885559082,3.4700000286102295,3.4700000286102295,1853,0.0,0.0
2024-01-19 09:30:00-05:00,3.5,3.5799999237060547,3.4000000953674316,3.4800000190734863,10207,0.0,0.0
2024-01-19 10:30:00-05:00,3.4749999046325684,3.4749999046325684,3.4749999046325684,3.4749999046325684,730,0.0,0.0
2024-01-19 11:30:00-05:00,3.4061999320983887,3.440000057220459,3.4000000953674316,3.4000000953674316,563,0.0,0.0
2024-01-19 12:30:00-05:00,3.4200000762939453,3.4200000762939453,3.4000000953674316,3.4000000953674316,4046,0.0,0.0
2024-01-19 13:30:00-05:00,3.4200000762939453,3.440000057220459,3.409899950027466,3.4200000762939453,11313,0.0,0.0
2024-01-19 14:30:00-05:00,3.4112000465393066,3.430000066757202,3.369999885559082,3.390000104904175,4786,0.0,0.0
2024-01-19 15:30:00-05:00,3.4100000858306885,3.450000047683716,3.4100000858306885,3.450000047683716,4798,0.0,0.0
2024-01-22 09:30:00-05:00,3.5,3.5999999046325684,3.4500999450683594,3.569999933242798,6660,0.0,0.0
2024-01-22 10:30:00-05:00,3.5492000579833984,3.579900026321411,3.5,3.5000998973846436,8701,0.0,0.0
2024-01-22 11:30:00-05:00,3.5,3.5450000762939453,3.5,3.5,2791,0.0,0.0
2024-01-22 12:30:00-05:00,3.494999885559082,3.494999885559082,3.494999885559082,3.494999885559082,502,0.0,0.0
2024-01-22 13:30:00-05:00,3.484999895095825,3.536900043487549,3.484999895095825,3.536900043487549,1505,0.0,0.0
2024-01-22 14:30:00-05:00,3.503000020980835,3.509999990463257,3.503000020980835,3.509999990463257,778,0.0,0.0
2024-01-22 15:30:00-05:00,3.4600000381469727,3.4798998832702637,3.4100000858306885,3.430000066757202,41978,0.0,0.0
2024-01-23 09:30:00-05:00,3.4800000190734863,3.5399999618530273,3.440000057220459,3.515000104904175,18954,0.0,0.0
2024-01-23 10:30:00-05:00,3.5699000358581543,3.5699000358581543,3.5,3.5,2252,0.0,0.0
2024-01-23 11:30:00-05:00,3.505000114440918,3.589900016784668,3.505000114440918,3.589900016784668,1135,0.0,0.0
2024-01-23 12:30:00-05:00,3.5274999141693115,3.575000047683716,3.5274999141693115,3.5611000061035156,14083,0.0,0.0
2024-01-23 13:30:00-05:00,3.559999942779541,3.5999999046325684,3.559999942779541,3.5999999046325684,7361,0.0,0.0
2024-01-23 14:30:00-05:00,3.5315001010894775,3.640000104904175,3.5315001010894775,3.639899969100952,2021,0.0,0.0
2024-01-23 15:30:00-05:00,3.6649999618530273,3.680000066757202,3.6600000858306885,3.6700000762939453,3285,0.0,0.0
2024-01-24 09:30:00-05:00,3.690000057220459,3.7799999713897705,3.671299934387207,3.740000009536743,17593,0.0,0.0
2024-01-24 10:30:00-05:00,3.740000009536743,3.799999952316284,3.740000009536743,3.75,25459,0.0,0.0
2024-01-24 11:30:00-05:00,3.7799999713897705,3.799999952316284,3.7200000286102295,3.759999990463257,34260,0.0,0.0
2024-01-24 12:30:00-05:00,3.7699999809265137,3.779900074005127,3.759999990463257,3.759999990463257,1661,0.0,0.0
2024-01-24 13:30:00-05:00,3.759999990463257,3.7799999713897705,3.690000057220459,3.7799999713897705,33041,0.0,0.0
2024-01-24 14:30:00-05:00,3.7799999713897705,3.7799999713897705,3.700000047683716,3.7699999809265137,3453,0.0,0.0
2024-01-24 15:30:00-05:00,3.7699999809265137,3.799999952316284,3.744999885559082,3.799999952316284,23570,0.0,0.0
2024-01-25 09:30:00-05:00,3.7899999618530273,3.7899999618530273,3.6600000858306885,3.7100000381469727,45442,0.0,0.0
2024-01-25 10:30:00-05:00,3.706399917602539,3.706399917602539,3.640000104904175,3.680000066757202,7850,0.0,0.0
2024-01-25 11:30:00-05:00,3.680000066757202,3.690000057220459,3.5999999046325684,3.5999999046325684,22558,0.0,0.0
2024-01-25 12:30:00-05:00,3.6085000038146973,3.6494998931884766,3.600100040435791,3.6449999809265137,4812,0.0,0.0
2024-01-25 13:30:00-05:00,3.609999895095825,3.700000047683716,3.5999999046325684,3.6684999465942383,12612,0.0,0.0
2024-01-25 14:30:00-05:00,3.640000104904175,3.700000047683716,3.609999895095825,3.6600000858306885,27768,0.0,0.0
2024-01-25 15:30:00-05:00,3.680000066757202,3.700000047683716,3.6600000858306885,3.700000047683716,6669,0.0,0.0
2024-01-26 09:30:00-05:00,3.619999885559082,3.6500000953674316,3.5199999809265137,3.559999942779541,6318,0.0,0.0
2024-01-26 10:30:00-05:00,3.5199999809265137,3.5999999046325684,3.5199999809265137,3.5999999046325684,6448,0.0,0.0
2024-01-26 11:30:00-05:00,3.5950000286102295,3.5999999046325684,3.549999952316284,3.5899999141693115,4242,0.0,0.0
2024-01-26 12:30:00-05:00,3.5866000652313232,3.6500000953674316,3.5799999237060547,3.5999999046325684,8934,0.0,0.0
2024-01-26 13:30:00-05:00,3.609999895095825,3.6500000953674316,3.609999895095825,3.640000104904175,4789,0.0,0.0
2024-01-26 14:30:00-05:00,3.5999999046325684,3.609999895095825,3.5799999237060547,3.5799999237060547,1944,0.0,0.0
2024-01-26 15:30:00-05:00,3.6356000900268555,3.6356000900268555,3.569999933242798,3.569999933242798,2448,0.0,0.0
2024-01-29 09:30:00-05:00,3.5799999237060547,3.5999999046325684,3.5199999809265137,3.5999999046325684,9922,0.0,0.0
2024-01-29 10:30:00-05:00,3.5999999046325684,3.5999999046325684,3.5399999618530273,3.5399999618530273,5157,0.0,0.0
2024-01-29 11:30:00-05:00,3.5999999046325684,3.619999885559082,3.559999942779541,3.559999942779541,3459,0.0,0.0
2024-01-29 12:30:00-05:00,3.5768001079559326,3.619999885559082,3.5768001079559326,3.609999895095825,645,0.0,0.0
2024-01-29 13:30:00-05:00,3.561000108718872,3.5611000061035156,3.559999942779541,3.5611000061035156,1416,0.0,0.0
2024-01-29 14:30:00-05:00,3.5899999141693115,3.5899999141693115,3.5899999141693115,3.5899999141693115,187,0.0,0.0
2024-01-29 15:30:00-05:00,3.5683999061584473,3.5999999046325684,3.5683999061584473,3.5899999141693115,9584,0.0,0.0
2024-01-30 09:30:00-05:00,3.549999952316284,3.640000104904175,3.549999952316284,3.611999988555908,4203,0.0,0.0
2024-01-30 10:30:00-05:00,3.640000104904175,3.640000104904175,3.5999999046325684,3.5999999046325684,5518,0.0,0.0
2024-01-30 11:30:00-05:00,3.5999999046325684,3.5999999046325684,3.5299999713897705,3.5850000381469727,21921,0.0,0.0
2024-01-30 12:30:00-05:00,3.5999999046325684,3.604300022125244,3.450000047683716,3.5852999687194824,11523,0.0,0.0
2024-01-30 13:30:00-05:00,3.5799999237060547,3.5899999141693115,3.553800106048584,3.553800106048584,641,0.0,0.0
2024-01-30 14:30:00-05:00,3.5299999713897705,3.569999933242798,3.450000047683716,3.450000047683716,2863,0.0,0.0
2024-01-30 15:30:00-05:00,3.464200019836426,3.5,3.450000047683716,3.450000047683716,40470,0.0,0.0
2024-01-31 09:30:00-05:00,3.4600000381469727,3.5209999084472656,3.3901000022888184,3.3901000022888184,15310,0.0,0.0
2024-01-31 10:30:00-05:00,3.5,3.5399999618530273,3.380000114440918,3.5399999618530273,2046,0.0,0.0
2024-01-31 11:30:00-05:00,3.5899999141693115,3.5924999713897705,3.5350000858306885,3.5350000858306885,4189,0.0,0.0
2024-01-31 12:30:00-05:00,3.5199999809265137,3.5439999103546143,3.5199999809265137,3.5439999103546143,408,0.0,0.0
2024-01-31 13:30:00-05:00,3.5297999382019043,3.639899969100952,3.496000051498413,3.5297999382019043,3064,0.0,0.0
2024-01-31 15:30:00-05:00,3.4600000381469727,3.549999952316284,3.4600000381469727,3.509999990463257,2537,0.0,0.0
2024-02-01 09:30:00-05:00,3.5,3.5399999618530273,3.494800090789795,3.5399999618530273,5000,0.0,0.0
2024-02-01 10:30:00-05:00,3.494999885559082,3.5399999618530273,3.494999885559082,3.494999885559082,0,0.0,0.0
2024-02-01 11:30:00-05:00,3.5399999618530273,3.5399999618530273,3.460700035095215,3.490000009536743,13082,0.0,0.0
2024-02-01 12:30:00-05:00,3.4700000286102295,3.549999952316284,3.4600000381469727,3.4800000190734863,4096,0.0,0.0
2024-02-01 13:30:00-05:00,3.509999990463257,3.5499000549316406,3.4700000286102295,3.5499000549316406,4091,0.0,0.0
2024-02-01 14:30:00-05:00,3.505000114440918,3.549999952316284,3.4000000953674316,3.4700000286102295,16537,0.0,0.0
2024-02-01 15:30:00-05:00,3.4200000762939453,3.4700000286102295,3.4000000953674316,3.4000000953674316,9004,0.0,0.0
2024-02-02 09:30:00-05:00,3.430000066757202,3.5,3.4000000953674316,3.5,5088,0.0,0.0
2024-02-02 10:30:00-05:00,3.549999952316284,3.549999952316284,3.4000000953674316,3.400599956512451,3254,0.0,0.0
2024-02-02 11:30:00-05:00,3.4700000286102295,3.546299934387207,3.359999895095825,3.359999895095825,6432,0.0,0.0
2024-02-02 12:30:00-05:00,3.4549999237060547,3.4549999237060547,3.4549999237060547,3.4549999237060547,1368,0.0,0.0
2024-02-02 13:30:00-05:00,3.377000093460083,3.5,3.3684000968933105,3.5,4545,0.0,0.0
2024-02-02 15:30:00-05:00,3.4549999237060547,3.5,3.4200000762939453,3.430000066757202,5016,0.0,0.0
2024-02-05 09:30:00-05:00,3.509999990463257,3.619999885559082,3.350100040435791,3.549999952316284,113810,0.0,0.0
2024-02-05 10:30:00-05:00,3.5999999046325684,3.619999885559082,3.4600000381469727,3.5882999897003174,13394,0.0,0.0
2024-02-05 11:30:00-05:00,3.5999999046325684,3.5999999046325684,3.450000047683716,3.559999942779541,7966,0.0,0.0
2024-02-05 12:30:00-05:00,3.559999942779541,3.559999942779541,3.559999942779541,3.559999942779541,1133,0.0,0.0
2024-02-05 13:30:00-05:00,3.559999942779541,3.5850000381469727,3.559999942779541,3.5850000381469727,2312,0.0,0.0
2024-02-05 14:30:00-05:00,3.609999895095825,3.7300000190734863,3.5601000785827637,3.7100000381469727,16255,0.0,0.0
2024-02-05 15:30:00-05:00,3.6600000858306885,3.75,3.5999999046325684,3.680000066757202,25249,0.0,0.0
2024-02-06 09:30:00-05:00,3.799999952316284,3.799999952316284,3.7100000381469727,3.7960000038146973,85467,0.0,0.0
2024-02-06 10:30:00-05:00,3.799999952316284,3.799999952316284,3.700000047683716,3.759999990463257,26916,0.0,0.0
2024-02-06 11:30:00-05:00,3.75,3.7799999713897705,3.75,3.7799999713897705,3140,0.0,0.0
2024-02-06 12:30:00-05:00,3.7699999809265137,3.7799999713897705,3.7400999069213867,3.7799999713897705,9683,0.0,0.0
2024-02-06 13:30:00-05:00,3.759999990463257,3.7797999382019043,3.75,3.765000104904175,1804,0.0,0.0
2024-02-06 14:30:00-05:00,3.7899999618530273,3.799999952316284,3.75,3.799999952316284,25763,0.0,0.0
2024-02-06 15:30:00-05:00,3.7799999713897705,3.799999952316284,3.75,3.799999952316284,14039,0.0,0.0
2024-02-07 09:30:00-05:00,3.799999952316284,3.799999952316284,3.75,3.75,26160,0.0,0.0
2024-02-07 10:30:00-05:00,3.7999000549316406,3.9000000953674316,3.6500000953674316,3.9000000953674316,96862,0.0,0.0
2024-02-07 11:30:00-05:00,3.944999933242798,3.950000047683716,3.734999895095825,3.7850000858306885,28106,0.0,0.0
2024-02-07 12:30:00-05:00,3.799999952316284,3.799999952316284,3.7827000617980957,3.799999952316284,24342,0.0,0.0
2024-02-07 13:30:00-05:00,3.799999952316284,3.799999952316284,3.6600000858306885,3.6600000858306885,18455,0.0,0.0
2024-02-07 14:30:00-05:00,3.7223000526428223,3.739000082015991,3.7223000526428223,3.739000082015991,2306,0.0,0.0
2024-02-07 15:30:00-05:00,3.7899999618530273,3.7899999618530273,3.7799999713897705,3.7899999618530273,4179,0.0,0.0
2024-02-08 09:30:00-05:00,3.7799999713897705,3.7899999618530273,3.700000047683716,3.7799999713897705,17570,0.0,0.0
2024-02-08 10:30:00-05:00,3.7750000953674316,3.799999952316284,3.7750000953674316,3.7799999713897705,13450,0.0,0.0
2024-02-08 11:30:00-05:00,3.7920000553131104,3.799999952316284,3.75,3.7899999618530273,13603,0.0,0.0
2024-02-08 12:30:00-05:00,3.7799999713897705,3.799999952316284,3.7799999713897705,3.799999952316284,1562,0.0,0.0
2024-02-08 13:30:00-05:00,3.7899999618530273,3.799999952316284,3.7899999618530273,3.799999952316284,790,0.0,0.0
2024-02-08 14:30:00-05:00,3.7899999618530273,3.799999952316284,3.7300000190734863,3.7899999618530273,11432,0.0,0.0
2024-02-08 15:30:00-05:00,3.799999952316284,3.815000057220459,3.7799999713897705,3.799999952316284,11942,0.0,0.0
2024-02-09 09:30:00-05:00,3.799999952316284,3.799999952316284,3.7699999809265137,3.7799999713897705,0,0.0,0.0
2024-02-09 10:30:00-05:00,3.7699999809265137,3.7850000858306885,3.702699899673462,3.740000009536743,8675,0.0,0.0
2024-02-09 11:30:00-05:00,3.739500045776367,3.7799999713897705,3.739500045776367,3.740000009536743,3565,0.0,0.0
2024-02-09 12:30:00-05:00,3.740000009536743,3.755000114440918,3.740000009536743,3.75,1236,0.0,0.0
2024-02-09 13:30:00-05:00,3.740000009536743,3.75,3.740000009536743,3.75,924,0.0,0.0
2024-02-09 14:30:00-05:00,3.740000009536743,3.799999952316284,3.740000009536743,3.799999952316284,1553,0.0,0.0
2024-02-09 15:30:00-05:00,3.7750000953674316,3.799999952316284,3.759999990463257,3.799999952316284,4237,0.0,0.0
2024-02-12 09:30:00-05:00,3.799999952316284,3.799999952316284,3.700000047683716,3.740000009536743,26475,0.0,0.0
2024-02-12 10:30:00-05:00,3.744999885559082,3.799999952316284,3.740000009536743,3.740000009536743,4454,0.0,0.0
2024-02-12 11:30:00-05:00,3.740000009536743,3.765899896621704,3.7300000190734863,3.7300000190734863,3757,0.0,0.0
2024-02-12 12:30:00-05:00,3.7300000190734863,3.789900064468384,3.690000057220459,3.690999984741211,4829,0.0,0.0
2024-02-12 13:30:00-05:00,3.6010000705718994,3.7899999618530273,3.569999933242798,3.640000104904175,3196,0.0,0.0
2024-02-12 14:30:00-05:00,3.640000104904175,3.7834999561309814,3.630000114440918,3.7370998859405518,5507,0.0,0.0
2024-02-12 15:30:00-05:00,3.690000057220459,3.700000047683716,3.569999933242798,3.569999933242798,10067,0.0,0.0
2024-02-13 09:30:00-05:00,3.569999933242798,3.6700000762939453,3.549999952316284,3.569999933242798,19874,0.0,0.0
2024-02-13 10:30:00-05:00,3.5999999046325684,3.5999999046325684,3.5399999618530273,3.5899999141693115,4646,0.0,0.0
2024-02-13 11:30:00-05:00,3.559999942779541,3.6500000953674316,3.5,3.5,13215,0.0,0.0
2024-02-13 12:30:00-05:00,3.500999927520752,3.5708000659942627,3.5,3.5199999809265137,1757,0.0,0.0
2024-02-13 13:30:00-05:00,3.5199999809265137,3.5399999618530273,3.490000009536743,3.5,3872,0.0,0.0
2024-02-13 14:30:00-05:00,3.5,3.5299999713897705,3.2009999752044678,3.325000047683716,53215,0.0,0.0
2024-02-13 15:30:00-05:00,3.390000104904175,3.4100000858306885,3.3264000415802,3.4000000953674316,7842,0.0,0.0
2024-02-14 09:30:00-05:00,3.4600000381469727,3.4600000381469727,3.130000114440918,3.3399999141693115,21744,0.0,0.0
2024-02-14 10:30:00-05:00,3.380000114440918,3.440000057220459,3.3399999141693115,3.380000114440918,5092,0.0,0.0
2024-02-14 11:30:00-05:00,3.359999895095825,3.359999895095825,3.319999933242798,3.3299999237060547,3268,0.0,0.0
2024-02-14 12:30:00-05:00,3.3299999237060547,3.353600025177002,3.3299999237060547,3.353600025177002,2937,0.0,0.0
2024-02-14 13:30:00-05:00,3.3350000381469727,3.359499931335449,3.3350000381469727,3.359499931335449,455,0.0,0.0
2024-02-14 14:30:00-05:00,3.3545000553131104,3.3545000553131104,3.280100107192993,3.325000047683716,5103,0.0,0.0
2024-02-14 15:30:00-05:00,3.3499999046325684,3.3499999046325684,3.299999952316284,3.299999952316284,2384,0.0,0.0
2024-02-15 09:30:00-05:00,3.309999942779541,3.444999933242798,3.259999990463257,3.444999933242798,12182,0.0,0.0
2024-02-15 10:30:00-05:00,3.4500999450683594,3.4500999450683594,3.369999885559082,3.369999885559082,5017,0.0,0.0
2024-02-15 11:30:00-05:00,3.477400064468384,3.477400064468384,3.359999895095825,3.380000114440918,1702,0.0,0.0
2024-02-15 12:30:00-05:00,3.380000114440918,3.450000047683716,3.380000114440918,3.4200000762939453,946,0.0,0.0
2024-02-15 13:30:00-05:00,3.424999952316284,3.4600000381469727,3.380000114440918,3.384000062942505,793,0.0,0.0
2024-02-15 14:30:00-05:00,3.4100000858306885,3.5,3.4100000858306885,3.5,5750,0.0,0.0
2024-02-15 15:30:00-05:00,3.450000047683716,3.4539999961853027,3.3499999046325684,3.369999885559082,12252,0.0,0.0
2024-02-16 09:30:00-05:00,3.4100000858306885,3.4800000190734863,3.309999942779541,3.3310000896453857,9271,0.0,0.0
2024-02-16 10:30:00-05:00,3.4484000205993652,3.4484000205993652,3.374000072479248,3.390000104904175,2075,0.0,0.0
2024-02-16 11:30:00-05:00,3.444999933242798,3.4795000553131104,3.4000000953674316,3.4100000858306885,7585,0.0,0.0
2024-02-16 12:30:00-05:00,3.4100000858306885,3.4600000381469727,3.4040000438690186,3.4040000438690186,3717,0.0,0.0
2024-02-16 13:30:00-05:00,3.430000066757202,3.450000047683716,3.4100000858306885,3.4200000762939453,2110,0.0,0.0
2024-02-16 14:30:00-05:00,3.4600000381469727,3.4600000381469727,3.4100000858306885,3.4100000858306885,2596,0.0,0.0
2024-02-16 15:30:00-05:00,3.434999942779541,3.440000057220459,3.4100000858306885,3.4100000858306885,1776,0.0,0.0
2024-02-20 09:30:00-05:00,3.4200000762939453,3.447700023651123,3.319999933242798,3.3299999237060547,17069,0.0,0.0
2024-02-20 10:30:00-05:00,3.319999933242798,3.3798999786376953,3.319999933242798,3.3299999237060547,6920,0.0,0.0
2024-02-20 11:30:00-05:00,3.3299999237060547,3.3499999046325684,3.309999942779541,3.309999942779541,4922,0.0,0.0
2024-02-20 12:30:00-05:00,3.309999942779541,3.3499999046325684,3.259999990463257,3.2699999809265137,5083,0.0,0.0
2024-02-20 13:30:00-05:00,3.2699999809265137,3.299999952316284,3.2699999809265137,3.2699999809265137,1727,0.0,0.0
2024-02-20 14:30:00-05:00,3.2699999809265137,3.309999942779541,3.2699999809265137,3.309999942779541,2040,0.0,0.0
2024-02-20 15:30:00-05:00,3.2950000762939453,3.319999933242798,3.2799999713897705,3.2809998989105225,1964,0.0,0.0
2024-02-21 09:30:00-05:00,3.299999952316284,3.380000114440918,3.200000047683716,3.299999952316284,11699,0.0,0.0
2024-02-21 10:30:00-05:00,3.2799999713897705,3.300299882888794,3.2100000381469727,3.2200000286102295,9460,0.0,0.0
2024-02-21 11:30:00-05:00,3.2200000286102295,3.299999952316284,3.2100000381469727,3.2109999656677246,3188,0.0,0.0
2024-02-21 12:30:00-05:00,3.2200000286102295,3.2200000286102295,3.2100000381469727,3.2100000381469727,4759,0.0,0.0
2024-02-21 13:30:00-05:00,3.2149999141693115,3.2699999809265137,3.2100000381469727,3.2100000381469727,3671,0.0,0.0
2024-02-21 14:30:00-05:00,3.2699999809265137,3.2899999618530273,3.2200000286102295,3.2200000286102295,2546,0.0,0.0
2024-02-21 15:30:00-05:00,3.2300000190734863,3.3299999237060547,3.2300000190734863,3.299999952316284,6553,0.0,0.0
2024-02-22 09:30:00-05:00,3.3499999046325684,3.380000114440918,3.325000047683716,3.380000114440918,2822,0.0,0.0
2024-02-22 10:30:00-05:00,3.4154000282287598,3.4154000282287598,3.2300000190734863,3.2730000019073486,16477,0.0,0.0
2024-02-22 11:30:00-05:00,3.240000009536743,3.283099889755249,3.200000047683716,3.2249999046325684,6461,0.0,0.0
2024-02-22 12:30:00-05:00,3.2200000286102295,3.234999895095825,3.2200000286102295,3.2300000190734863,1218,0.0,0.0
2024-02-22 13:30:00-05:00,3.2300000190734863,3.2990000247955322,3.2300000190734863,3.2699999809265137,12871,0.0,0.0
2024-02-22 14:30:00-05:00,3.240000009536743,3.2699999809265137,3.240000009536743,3.240000009536743,2966,0.0,0.0
2024-02-22 15:30:00-05:00,3.240000009536743,3.2699999809265137,3.2300000190734863,3.240000009536743,3308,0.0,0.0
2024-02-23 09:30:00-05:00,3.1700000762939453,3.25,3.1677000522613525,3.220099925994873,8010,0.0,0.0
2024-02-23 10:30:00-05:00,3.2300000190734863,3.259999990463257,3.2300000190734863,3.259999990463257,2474,0.0,0.0
2024-02-23 11:30:00-05:00,3.4200000762939453,3.5199999809265137,3.3550000190734863,3.375,13221,0.0,0.0
2024-02-23 12:30:00-05:00,3.3499999046325684,3.3499999046325684,3.3499999046325684,3.3499999046325684,444,0.0,0.0
2024-02-23 13:30:00-05:00,3.309999942779541,3.4089999198913574,3.309999942779541,3.4089999198913574,2354,0.0,0.0
2024-02-23 15:30:00-05:00,3.390000104904175,3.390000104904175,3.309999942779541,3.309999942779541,1899,0.0,0.0
2024-02-26 09:30:00-05:00,3.430000066757202,3.5899999141693115,3.2365000247955322,3.3701000213623047,18818,0.0,0.0
2024-02-26 10:30:00-05:00,3.350100040435791,3.446500062942505,3.3499999046325684,3.446500062942505,1252,0.0,0.0
2024-02-26 11:30:00-05:00,3.3915998935699463,3.450200080871582,3.309999942779541,3.309999942779541,4718,0.0,0.0
2024-02-26 12:30:00-05:00,3.309999942779541,3.4600000381469727,3.299999952316284,3.4600000381469727,8664,0.0,0.0
2024-02-26 13:30:00-05:00,3.440000057220459,3.450000047683716,3.4200000762939453,3.440000057220459,2155,0.0,0.0
2024-02-26 14:30:00-05:00,3.3420000076293945,3.413800001144409,3.3420000076293945,3.413800001144409,1587,0.0,0.0
2024-02-26 15:30:00-05:00,3.380000114440918,3.4600000381469727,3.3499999046325684,3.4600000381469727,5745,0.0,0.0
2024-02-27 09:30:00-05:00,3.5,3.5,3.369999885559082,3.434999942779541,15330,0.0,0.0
2024-02-27 10:30:00-05:00,3.4100000858306885,3.430000066757202,3.390000104904175,3.390000104904175,6254,0.0,0.0
2024-02-27 11:30:00-05:00,3.430000066757202,3.440000057220459,3.4000000953674316,3.440000057220459,5787,0.0,0.0
2024-02-27 12:30:00-05:00,3.440000057220459,3.450000047683716,3.4149999618530273,3.4200000762939453,8648,0.0,0.0
2024-02-27 13:30:00-05:00,3.4200000762939453,3.4544999599456787,3.4200000762939453,3.4200000762939453,7525,0.0,0.0
2024-02-27 14:30:00-05:00,3.430000066757202,3.4600000381469727,3.4200000762939453,3.428800106048584,19195,0.0,0.0
2024-02-27 15:30:00-05:00,3.430000066757202,3.434999942779541,3.4210000038146973,3.4210000038146973,1964,0.0,0.0
2024-02-28 09:30:00-05:00,3.430000066757202,3.4600000381469727,3.359100103378296,3.4600000381469727,44564,0.0,0.0
2024-02-28 10:30:00-05:00,3.4595000743865967,3.4595000743865967,3.4200000762939453,3.440000057220459,3197,0.0,0.0
2024-02-28 11:30:00-05:00,3.4410998821258545,3.4410998821258545,3.4410998821258545,3.4410998821258545,216,0.0,0.0
2024-02-28 12:30:00-05:00,3.441699981689453,3.450000047683716,3.441699981689453,3.450000047683716,604,0.0,0.0
2024-02-28 13:30:00-05:00,3.4598000049591064,3.4598000049591064,3.4100000858306885,3.4200000762939453,23668,0.0,0.0
2024-02-28 14:30:00-05:00,3.4200000762939453,3.440000057220459,3.4100000858306885,3.4200000762939453,8065,0.0,0.0
2024-02-28 15:30:00-05:00,3.4200000762939453,3.450000047683716,3.4100000858306885,3.430000066757202,0,0.0,0.0
2024-02-29 09:30:00-05:00,3.380000114440918,3.630000114440918,3.380000114440918,3.5799999237060547,6140,0.0,0.0
2024-02-29 10:30:00-05:00,3.549999952316284,3.5899999141693115,3.549999952316284,3.5899999141693115,11620,0.0,0.0
2024-02-29 11:30:00-05:00,3.5404999256134033,3.599900007247925,3.5404999256134033,3.549999952316284,4547,0.0,0.0
2024-02-29 12:30:00-05:00,3.549999952316284,3.5999999046325684,3.549999952316284,3.5989999771118164,6275,0.0,0.0
2024-02-29 13:30:00-05:00,3.5899999141693115,3.700000047683716,3.5875000953674316,3.700000047683716,8081,0.0,0.0
2024-02-29 14:30:00-05:00,3.7149999141693115,3.794600009918213,3.7149999141693115,3.7300000190734863,8312,0.0,0.0
2024-02-29 15:30:00-05:00,3.7799999713897705,3.799999952316284,3.740000009536743,3.799999952316284,1827,0.0,0.0
2024-03-01 09:30:00-05:00,3.7699999809265137,3.7699999809265137,3.6500000953674316,3.7690000534057617,1914,0.0,0.0
2024-03-01 10:30:00-05:00,3.768699884414673,3.7799999713897705,3.7339999675750732,3.7799999713897705,7674,0.0,0.0
2024-03-01 11:30:00-05:00,3.7899999618530273,3.799999952316284,3.7200000286102295,3.7200000286102295,102791,0.0,0.0
2024-03-01 12:30:00-05:00,3.7258999347686768,3.7999000549316406,3.6261000633239746,3.6261000633239746,14015,0.0,0.0
2024-03-01 13:30:00-05:00,3.75,3.75,3.6500000953674316,3.6500000953674316,4698,0.0,0.0
2024-03-01 14:30:00-05:00,3.680000066757202,3.7100000381469727,3.680000066757202,3.700000047683716,3024,0.0,0.0
2024-03-01 15:30:00-05:00,3.7095999717712402,3.7100000381469727,3.694999933242798,3.700000047683716,3456,0.0,0.0
2024-03-04 09:30:00-05:00,3.7200000286102295,3.7200000286102295,3.609999895095825,3.680000066757202,6735,0.0,0.0
2024-03-04 10:30:00-05:00,3.6500000953674316,3.700000047683716,3.640000104904175,3.6700000762939453,13888,0.0,0.0
2024-03-04 11:30:00-05:00,3.6700000762939453,3.6700000762939453,3.619999885559082,3.6201000213623047,4315,0.0,0.0
2024-03-04 13:30:00-05:00,3.6700000762939453,3.6700000762939453,3.6500000953674316,3.6500000953674316,449,0.0,0.0
2024-03-04 14:30:00-05:00,3.7100000381469727,3.7100000381469727,3.694999933242798,3.694999933242798,14436,0.0,0.0
2024-03-04 15:30:00-05:00,3.684999942779541,3.7100000381469727,3.684999942779541,3.7100000381469727,14325,0.0,0.0
2024-03-05 09:30:00-05:00,3.6700000762939453,3.690000057220459,3.609999895095825,3.690000057220459,1875,0.0,0.0
2024-03-05 10:30:00-05:00,3.619999885559082,3.619999885559082,3.619999885559082,3.619999885559082,121,0.0,0.0
2024-03-05 11:30:00-05:00,3.6500000953674316,3.6798999309539795,3.622499942779541,3.622499942779541,4346,0.0,0.0
2024-03-05 12:30:00-05:00,3.6767001152038574,3.6767001152038574,3.674999952316284,3.674999952316284,445,0.0,0.0
2024-03-05 13:30:00-05:00,3.6700000762939453,3.7200000286102295,3.6549999713897705,3.7100000381469727,17111,0.0,0.0
2024-03-05 14:30:00-05:00,3.7100000381469727,3.7100000381469727,3.690000057220459,3.690000057220459,3024,0.0,0.0
2024-03-05 15:30:00-05:00,3.6700000762939453,3.75,3.6700000762939453,3.75,11985,0.0,0.0
2024-03-06 09:30:00-05:00,3.740000009536743,3.740000009536743,3.6700000762939453,3.6700000762939453,3004,0.0,0.0
2024-03-06 10:30:00-05:00,3.690000057220459,3.75,3.640000104904175,3.728100061416626,23494,0.0,0.0
2024-03-06 11:30:00-05:00,3.7300000190734863,3.7300000190734863,3.7300000190734863,3.7300000190734863,1015,0.0,0.0
2024-03-06 12:30:00-05:00,3.7300000190734863,3.7300000190734863,3.7300000190734863,3.7300000190734863,380,0.0,0.0
2024-03-06 13:30:00-05:00,3.7300000190734863,3.75,3.710099935531616,3.7300000190734863,11342,0.0,0.0
2024-03-06 14:30:00-05:00,3.7249999046325684,3.75,3.7200000286102295,3.7300000190734863,8768,0.0,0.0
2024-03-06 15:30:00-05:00,3.7300000190734863,3.7300000190734863,3.7298998832702637,3.7300000190734863,8144,0.0,0.0
2024-03-07 09:30:00-05:00,3.7200000286102295,3.7200000286102295,3.5999999046325684,3.600399971008301,31118,0.0,0.0
2024-03-07 10:30:00-05:00,3.530100107192993,3.7300000190734863,3.5100998878479004,3.7300000190734863,52582,0.0,0.0
2024-03-07 11:30:00-05:00,3.7300000190734863,3.7300000190734863,3.6598000526428223,3.6598000526428223,9752,0.0,0.0
2024-03-07 12:30:00-05:00,3.6500000953674316,3.7300000190734863,3.5773000717163086,3.7300000190734863,2622,0.0,0.0
2024-03-07 13:30:00-05:00,3.7300000190734863,3.7300000190734863,3.610100030899048,3.7200000286102295,24541,0.0,0.0
2024-03-07 14:30:00-05:00,3.7300000190734863,3.740000009536743,3.684999942779541,3.684999942779541,11661,0.0,0.0
2024-03-07 15:30:00-05:00,3.690200090408325,3.7200000286102295,3.6600000858306885,3.6700000762939453,3638,0.0,0.0
2024-03-08 09:30:00-05:00,3.75,3.75,3.6500000953674316,3.7249999046325684,24525,0.0,0.0
2024-03-08 10:30:00-05:00,3.7300000190734863,3.7300000190734863,3.6700000762939453,3.700000047683716,9609,0.0,0.0
2024-03-08 11:30:00-05:00,3.671999931335449,3.75,3.671999931335449,3.7149999141693115,37310,0.0,0.0
2024-03-08 12:30:00-05:00,3.7149999141693115,3.75,3.7149999141693115,3.75,2777,0.0,0.0
2024-03-08 13:30:00-05:00,3.75,3.789900064468384,3.7300000190734863,3.759999990463257,8256,0.0,0.0
2024-03-08 14:30:00-05:00,3.7799999713897705,3.7899999618530273,3.759999990463257,3.7899999618530273,5479,0.0,0.0
2024-03-08 15:30:00-05:00,3.773200035095215,3.799999952316284,3.773200035095215,3.7899999618530273,7734,0.0,0.0
2024-03-11 09:30:00-04:00,3.7899999618530273,3.7899999618530273,3.7100000381469727,3.7300000190734863,7780,0.0,0.0
2024-03-11 10:30:00-04:00,3.759999990463257,3.759999990463257,3.7200000286102295,3.7300000190734863,6965,0.0,0.0
2024-03-11 11:30:00-04:00,3.7300000190734863,3.744999885559082,3.5999999046325684,3.609999895095825,11633,0.0,0.0
2024-03-11 12:30:00-04:00,3.609999895095825,3.6500000953674316,3.5199999809265137,3.5299999713897705,22340,0.0,0.0
2024-03-11 13:30:00-04:00,3.5299999713897705,3.5841000080108643,3.390000104904175,3.4600000381469727,9617,0.0,0.0
2024-03-11 14:30:00-04:00,3.4549999237060547,3.5399999618530273,3.4500999450683594,3.4500999450683594,4684,0.0,0.0
2024-03-11 15:30:00-04:00,3.5199999809265137,3.5199999809265137,3.4000000953674316,3.4000000953674316,0,0.0,0.0
2024-03-12 09:30:00-04:00,3.359999895095825,3.450000047683716,3.2699999809265137,3.315000057220459,51622,0.0,0.0
2024-03-12 10:30:00-04:00,3.299999952316284,3.359999895095825,3.2999000549316406,3.299999952316284,22045,0.0,0.0
2024-03-12 11:30:00-04:00,3.2799999713897705,3.299999952316284,3.2500998973846436,3.2500998973846436,7224,0.0,0.0
2024-03-12 12:30:00-04:00,3.2546000480651855,3.2546000480651855,3.049999952316284,3.0799999237060547,49630,0.0,0.0
2024-03-12 13:30:00-04:00,3.0999999046325684,3.0999999046325684,3.069999933242798,3.079900026321411,7658,0.0,0.0
2024-03-12 14:30:00-04:00,3.0899999141693115,3.0999999046325684,3.0201001167297363,3.065000057220459,8535,0.0,0.0
2024-03-12 15:30:00-04:00,3.0513999462127686,3.119999885559082,3.0513999462127686,3.0899999141693115,3632,0.0,0.0
2024-03-13 09:30:00-04:00,3.0799999237060547,3.190000057220459,3.0799999237060547,3.177500009536743,20419,0.0,0.0
2024-03-13 10:30:00-04:00,3.177500009536743,3.177500009536743,3.177500009536743,3.177500009536743,661,0.0,0.0
2024-03-13 11:30:00-04:00,3.1649999618530273,3.200000047683716,3.1600000858306885,3.174999952316284,9002,0.0,0.0
2024-03-13 12:30:00-04:00,3.190000057220459,3.265000104904175,3.190000057220459,3.244999885559082,6875,0.0,0.0
2024-03-13 13:30:00-04:00,3.244999885559082,3.2899999618530273,3.244999885559082,3.259999990463257,815,0.0,0.0
2024-03-13 14:30:00-04:00,3.25,3.25,3.240000009536743,3.25,1571,0.0,0.0
2024-03-13 15:30:00-04:00,3.3499999046325684,3.359999895095825,3.299999952316284,3.3099000453948975,7486,0.0,0.0
2024-03-14 09:30:00-04:00,3.25,3.25,3.180000066757202,3.180000066757202,3619,0.0,0.0
2024-03-14 10:30:00-04:00,3.190000057220459,3.2799999713897705,3.180000066757202,3.180000066757202,8940,0.0,0.0
2024-03-14 11:30:00-04:00,3.2699999809265137,3.2699999809265137,3.1500000953674316,3.1600000858306885,2885,0.0,0.0
2024-03-14 12:30:00-04:00,3.1600000858306885,3.25,3.1500000953674316,3.1500000953674316,7460,0.0,0.0
2024-03-14 13:30:00-04:00,3.2165000438690186,3.2165000438690186,3.1500000953674316,3.1500000953674316,2564,0.0,0.0
2024-03-14 14:30:00-04:00,3.214200019836426,3.214200019836426,3.109999895095825,3.109999895095825,10622,0.0,0.0
2024-03-14 15:30:00-04:00,3.109999895095825,3.160799980163574,3.109999895095825,3.119999885559082,7528,0.0,0.0
2024-03-15 09:30:00-04:00,3.3299999237060547,3.3299999237060547,3.180000066757202,3.255000114440918,8293,0.0,0.0
2024-03-15 12:30:00-04:00,3.380000114440918,3.389899969100952,3.380000114440918,3.389899969100952,407,0.0,0.0
2024-03-15 13:30:00-04:00,3.369999885559082,3.369999885559082,3.369999885559082,3.369999885559082,151,0.0,0.0
2024-03-15 14:30:00-04:00,3.3450000286102295,3.3450000286102295,3.300100088119507,3.319999933242798,3164,0.0,0.0
2024-03-15 15:30:00-04:00,3.3299999237060547,3.3299999237060547,3.325000047683716,3.328000068664551,4677,0.0,0.0
2024-03-18 09:30:00-04:00,3.2300000190734863,3.369999885559082,3.0999999046325684,3.114000082015991,26332,0.0,0.0
2024-03-18 10:30:00-04:00,3.3559000492095947,3.3559000492095947,3.3559000492095947,3.3559000492095947,2331,0.0,0.0
2024-03-18 11:30:00-04:00,3.4100000858306885,3.4100000858306885,3.1700000762939453,3.259200096130371,2180,0.0,0.0
2024-03-18 12:30:00-04:00,3.200000047683716,3.25,3.1500000953674316,3.200000047683716,12352,0.0,0.0
2024-03-18 13:30:00-04:00,3.130000114440918,3.130000114440918,3.130000114440918,3.130000114440918,1193,0.0,0.0
2024-03-18 14:30:00-04:00,3.223900079727173,3.3691000938415527,3.211899995803833,3.211899995803833,2002,0.0,0.0
2024-03-18 15:30:00-04:00,3.2063000202178955,3.309999942779541,3.2063000202178955,3.309999942779541,3614,0.0,0.0
2024-03-19 09:30:00-04:00,3.309999942779541,3.430000066757202,3.25,3.3529000282287598,23911,0.0,0.0
2024-03-19 10:30:00-04:00,3.3701000213623047,3.5,3.369999885559082,3.4749999046325684,20275,0.0,0.0
2024-03-19 11:30:00-04:00,3.490000009536743,3.5899999141693115,3.490000009536743,3.5799999237060547,20428,0.0,0.0
2024-03-19 13:30:00-04:00,3.5352001190185547,3.5499000549316406,3.5352001190185547,3.5499000549316406,1233,0.0,0.0
2024-03-19 14:30:00-04:00,3.5199999809265137,3.5199999809265137,3.4000000953674316,3.4000000953674316,7288,0.0,0.0
2024-03-19 15:30:00-04:00,3.4700000286102295,3.549999952316284,3.4700000286102295,3.549999952316284,9493,0.0,0.0
2024-03-20 09:30:00-04:00,3.450000047683716,3.450000047683716,3.450000047683716,3.450000047683716,2316,0.0,0.0
2024-03-20 10:30:00-04:00,3.4842000007629395,3.4842000007629395,3.4842000007629395,3.4842000007629395,124,0.0,0.0
2024-03-20 11:30:00-04:00,3.454900026321411,3.508699893951416,3.450000047683716,3.5,1696,0.0,0.0
2024-03-20 12:30:00-04:00,3.4000000953674316,3.4549999237060547,3.4000000953674316,3.4549999237060547,1946,0.0,0.0
2024-03-20 13:30:00-04:00,3.4489998817443848,3.4489998817443848,3.401900053024292,3.401900053024292,1545,0.0,0.0
2024-03-20 14:30:00-04:00,3.4105000495910645,3.4800000190734863,3.4105000495910645,3.4600000381469727,637,0.0,0.0
2024-03-20 15:30:00-04:00,3.5,3.5999999046325684,3.4600000381469727,3.5899999141693115,29713,0.0,0.0
2024-03-21 09:30:00-04:00,3.5999999046325684,3.5999999046325684,3.319999933242798,3.549999952316284,4233,0.0,0.0
2024-03-21 10:30:00-04:00,3.4899001121520996,3.4899001121520996,3.4000000953674316,3.4375,10151,0.0,0.0
2024-03-21 11:30:00-04:00,3.4200000762939453,3.4200000762939453,3.3399999141693115,3.359999895095825,8925,0.0,0.0
2024-03-21 12:30:00-04:00,3.369999885559082,3.3749001026153564,3.2629001140594482,3.2899999618530273,8075,0.0,0.0
2024-03-21 13:30:00-04:00,3.3801000118255615,3.3801000118255615,3.3801000118255615,3.3801000118255615,1019,0.0,0.0
2024-03-21 14:30:00-04:00,3.3399999141693115,3.5,3.3201000690460205,3.5,5750,0.0,0.0
2024-03-21 15:30:00-04:00,3.4700000286102295,3.5999999046325684,3.2400999069213867,3.5999999046325684,30611,0.0,0.0
2024-03-22 09:30:00-04:00,3.5399999618530273,3.5399999618530273,3.4649999141693115,3.4649999141693115,3784,0.0,0.0
2024-03-22 10:30:00-04:00,3.4600000381469727,3.4600000381469727,3.4600000381469727,3.4600000381469727,135,0.0,0.0
2024-03-22 11:30:00-04:00,3.4700000286102295,3.4700000286102295,3.450000047683716,3.455899953842163,2875,0.0,0.0
2024-03-22 12:30:00-04:00,3.4035000801086426,3.4035000801086426,3.369999885559082,3.369999885559082,2061,0.0,0.0
2024-03-22 13:30:00-04:00,3.369999885559082,3.369999885559082,3.369999885559082,3.369999885559082,849,0.0,0.0
2024-03-22 14:30:00-04:00,3.3399999141693115,3.4600000381469727,3.299999952316284,3.448199987411499,28530,0.0,0.0
2024-03-22 15:30:00-04:00,3.380000114440918,3.490000009536743,3.240000009536743,3.25,35713,0.0,0.0
2024-03-25 09:30:00-04:00,3.2200000286102295,3.4000000953674316,3.2200000286102295,3.3503000736236572,22890,0.0,0.0
2024-03-25 10:30:00-04:00,3.299999952316284,3.299999952316284,3.1561999320983887,3.2100000381469727,14438,0.0,0.0
2024-03-25 11:30:00-04:00,3.200000047683716,3.25,3.1449999809265137,3.1500000953674316,6455,0.0,0.0
2024-03-25 12:30:00-04:00,3.1700000762939453,3.2699999809265137,3.110100030899048,3.200000047683716,14307,0.0,0.0
2024-03-25 13:30:00-04:00,3.1700000762939453,3.2304999828338623,3.125,3.200000047683716,10310,0.0,0.0
2024-03-25 14:30:00-04:00,3.200000047683716,3.200000047683716,3.200000047683716,3.200000047683716,18769,0.0,0.0
2024-03-25 15:30:00-04:00,3.2000999450683594,3.2699999809265137,3.2000999450683594,3.259999990463257,1730,0.0,0.0
2024-03-26 09:30:00-04:00,3.299999952316284,3.299999952316284,3.1600000858306885,3.174999952316284,13295,0.0,0.0
2024-03-26 10:30:00-04:00,3.200000047683716,3.200000047683716,3.115000009536743,3.1284000873565674,6019,0.0,0.0
2024-03-26 11:30:00-04:00,3.130000114440918,3.134999990463257,3.0999999046325684,3.0999999046325684,8143,0.0,0.0
2024-03-26 12:30:00-04:00,3.115000009536743,3.140000104904175,3.0,3.0,25797,0.0,0.0
2024-03-26 13:30:00-04:00,3.003200054168701,3.0299999713897705,2.8499999046325684,3.0201001167297363,45051,0.0,0.0
2024-03-26 14:30:00-04:00,2.97979998588562,2.999000072479248,2.924999952316284,2.990000009536743,26122,0.0,0.0
2024-03-26 15:30:00-04:00,3.119999885559082,3.180000066757202,3.119999885559082,3.130000114440918,2933,0.0,0.0
2024-03-27 09:30:00-04:00,3.0299999713897705,3.187999963760376,2.9704999923706055,3.049999952316284,19553,0.0,0.0
2024-03-27 10:30:00-04:00,3.049999952316284,3.1700000762939453,3.049999952316284,3.1700000762939453,3511,0.0,0.0
2024-03-27 11:30:00-04:00,3.1012001037597656,3.1600000858306885,3.049999952316284,3.059999942779541,5078,0.0,0.0
2024-03-27 12:30:00-04:00,3.0899999141693115,3.0899999141693115,3.061000108718872,3.0799999237060547,10611,0.0,0.0
2024-03-27 14:30:00-04:00,3.0299999713897705,3.0299999713897705,3.0299999713897705,3.0299999713897705,2301,0.0,0.0
2024-03-27 15:30:00-04:00,3.065000057220459,3.0899999141693115,3.0299999713897705,3.0299999713897705,5012,0.0,0.0
2024-03-28 09:30:00-04:00,3.0799999237060547,3.25,3.050100088119507,3.140000104904175,17510,0.0,0.0
2024-03-28 10:30:00-04:00,3.0999999046325684,3.109999895095825,3.059999942779541,3.0799999237060547,12857,0.0,0.0
2024-03-28 11:30:00-04:00,3.069999933242798,3.130000114440918,3.069999933242798,3.130000114440918,13274,0.0,0.0
2024-03-28 13:30:00-04:00,3.113100051879883,3.140000104904175,3.0399999618530273,3.140000104904175,13305,0.0,0.0
2024-03-28 14:30:00-04:00,3.140000104904175,3.2100000381469727,3.049999952316284,3.049999952316284,46016,0.0,0.0
2024-03-28 15:30:00-04:00,3.0450000762939453,3.0999999046325684,3.0299999713897705,3.059999942779541,23289,0.0,0.0
2024-04-01 09:30:00-04:00,3.130000114440918,3.130000114440918,3.0450000762939453,3.0799999237060547,0,0.0,0.0
2024-04-01 10:30:00-04:00,3.069999933242798,3.119999885559082,3.049999952316284,3.065000057220459,16608,0.0,0.0
2024-04-01 11:30:00-04:00,3.0799999237060547,3.0899999141693115,3.0450000762939453,3.0450000762939453,4443,0.0,0.0
2024-04-01 12:30:00-04:00,3.069999933242798,3.1500000953674316,3.049999952316284,3.115999937057495,41669,0.0,0.0
2024-04-01 13:30:00-04:00,3.069999933242798,3.0799999237060547,3.065000057220459,3.0799999237060547,7005,0.0,0.0
2024-04-01 14:30:00-04:00,3.069999933242798,3.140000104904175,3.055000066757202,3.059999942779541,10715,0.0,0.0
2024-04-01 15:30:00-04:00,3.109999895095825,3.109999895095825,3.059999942779541,3.0799999237060547,6223,0.0,0.0
2024-04-02 09:30:00-04:00,3.0799999237060547,3.177500009536743,3.0685999393463135,3.0999999046325684,9088,0.0,0.0
2024-04-02 10:30:00-04:00,3.0799999237060547,3.0999999046325684,3.0799999237060547,3.0999999046325684,2088,0.0,0.0
2024-04-02 11:30:00-04:00,3.0999999046325684,3.0999999046325684,3.0999999046325684,3.0999999046325684,716,0.0,0.0
2024-04-02 12:30:00-04:00,3.0999999046325684,3.0999999046325684,3.075000047683716,3.0799999237060547,2119,0.0,0.0
2024-04-02 13:30:00-04:00,3.109999895095825,3.130000114440918,3.0999999046325684,3.119999885559082,1266,0.0,0.0
2024-04-02 14:30:00-04:00,3.1500000953674316,3.1500000953674316,3.109999895095825,3.119999885559082,9866,0.0,0.0
2024-04-02 15:30:00-04:00,3.0999999046325684,3.130000114440918,3.0999999046325684,3.119999885559082,4425,0.0,0.0
2024-04-03 09:30:00-04:00,3.200000047683716,3.2100000381469727,3.119999885559082,3.1700000762939453,31253,0.0,0.0
2024-04-03 10:30:00-04:00,3.2100000381469727,3.2149999141693115,3.200000047683716,3.2149999141693115,6099,0.0,0.0
2024-04-03 11:30:00-04:00,3.2149999141693115,3.2899999618530273,3.2100000381469727,3.2850000858306885,9348,0.0,0.0
2024-04-03 12:30:00-04:00,3.299999952316284,3.299999952316284,3.280100107192993,3.280100107192993,1154,0.0,0.0
2024-04-03 13:30:00-04:00,3.299999952316284,3.299999952316284,3.299999952316284,3.299999952316284,636,0.0,0.0
2024-04-03 14:30:00-04:00,3.2980000972747803,3.450000047683716,3.2980000972747803,3.319999933242798,15905,0.0,0.0
2024-04-03 15:30:00-04:00,3.380000114440918,3.389400005340576,3.2300000190734863,3.309999942779541,25006,0.0,0.0
2024-04-04 09:30:00-04:00,3.3499999046325684,3.6500000953674316,3.299999952316284,3.430000066757202,45959,0.0,0.0
2024-04-04 10:30:00-04:00,3.430000066757202,3.6289000511169434,3.380000114440918,3.509999990463257,20226,0.0,0.0
2024-04-04 11:30:00-04:00,3.5861001014709473,3.5899999141693115,3.490000009536743,3.490000009536743,22858,0.0,0.0
2024-04-04 12:30:00-04:00,3.5199999809265137,3.680000066757202,3.490000009536743,3.680000066757202,21023,0.0,0.0
2024-04-04 13:30:00-04:00,3.700000047683716,3.700000047683716,3.5406999588012695,3.700000047683716,27612,0.0,0.0
2024-04-04 14:30:00-04:00,3.740000009536743,3.799999952316284,3.680000066757202,3.75,111830,0.0,0.0
2024-04-04 15:30:00-04:00,3.759999990463257,3.799999952316284,3.740000009536743,3.759999990463257,23801,0.0,0.0
2024-04-05 09:30:00-04:00,3.700000047683716,3.703700065612793,3.5999999046325684,3.6500000953674316,11339,0.0,0.0
2024-04-05 10:30:00-04:00,3.6600000858306885,3.7100000381469727,3.6600000858306885,3.700000047683716,8688,0.0,0.0
2024-04-05 11:30:00-04:00,3.700000047683716,3.702699899673462,3.6600000858306885,3.702699899673462,5585,0.0,0.0
2024-04-05 13:30:00-04:00,3.609999895095825,3.609999895095825,3.609999895095825,3.609999895095825,3425,0.0,0.0
2024-04-05 14:30:00-04:00,3.630000114440918,3.700000047683716,3.630000114440918,3.6700000762939453,6460,0.0,0.0
2024-04-05 15:30:00-04:00,3.690000057220459,3.700000047683716,3.6500000953674316,3.700000047683716,4723,0.0,0.0
2024-04-08 09:30:00-04:00,3.700000047683716,3.700000047683716,3.569999933242798,3.5999999046325684,0,0.0,0.0
2024-04-08 10:30:00-04:00,3.6700000762939453,3.690000057220459,3.5999999046325684,3.6500000953674316,3579,0.0,0.0
2024-04-08 11:30:00-04:00,3.680000066757202,3.7200000286102295,3.6747000217437744,3.7100000381469727,3517,0.0,0.0
2024-04-08 12:30:00-04:00,3.7799999713897705,3.7799999713897705,3.7090001106262207,3.759999990463257,1271,0.0,0.0
2024-04-08 14:30:00-04:00,3.7300000190734863,3.7300000190734863,3.5399999618530273,3.700000047683716,27959,0.0,0.0
2024-04-08 15:30:00-04:00,3.700000047683716,3.7300000190734863,3.6610000133514404,3.700000047683716,3300,0.0,0.0
2024-04-09 09:30:00-04:00,3.75,3.75,3.603800058364868,3.7100000381469727,6467,0.0,0.0
2024-04-09 10:30:00-04:00,3.734999895095825,3.990000009536743,3.7100000381469727,3.859999895095825,55419,0.0,0.0
2024-04-09 11:30:00-04:00,3.859999895095825,3.859999895095825,3.7899999618530273,3.819999933242798,12928,0.0,0.0
2024-04-09 12:30:00-04:00,3.819999933242798,3.9700000286102295,3.7899999618530273,3.9700000286102295,19652,0.0,0.0
2024-04-09 13:30:00-04:00,3.956899881362915,3.990000009536743,3.930000066757202,3.930000066757202,13904,0.0,0.0
2024-04-09 14:30:00-04:00,3.910099983215332,4.050000190734863,3.9000000953674316,3.9800000190734863,24682,0.0,0.0
2024-04-09 15:30:00-04:00,3.930000066757202,4.010000228881836,3.930000066757202,3.9600000381469727,11503,0.0,0.0
2024-04-10 09:30:00-04:00,4.03000020980835,4.03000020980835,3.8499999046325684,3.9000000953674316,11923,0.0,0.0
2024-04-10 10:30:00-04:00,3.9000000953674316,4.099999904632568,3.9000000953674316,4.099999904632568,4467,0.0,0.0
2024-04-10 11:30:00-04:00,4.110000133514404,4.198599815368652,4.099999904632568,4.150000095367432,13981,0.0,0.0
2024-04-10 12:30:00-04:00,4.190000057220459,4.190000057220459,4.150000095367432,4.189799785614014,3988,0.0,0.0
2024-04-10 13:30:00-04:00,4.159999847412109,4.179999828338623,4.130000114440918,4.150000095367432,14468,0.0,0.0
2024-04-10 14:30:00-04:00,4.150000095367432,4.170000076293945,4.0,4.170000076293945,7677,0.0,0.0
2024-04-10 15:30:00-04:00,4.159999847412109,4.159999847412109,4.139999866485596,4.139999866485596,19029,0.0,0.0
2024-04-11 09:30:00-04:00,4.150000095367432,4.150000095367432,3.869999885559082,4.099999904632568,6466,0.0,0.0
2024-04-11 10:30:00-04:00,4.150000095367432,4.150000095367432,4.105000019073486,4.105000019073486,3151,0.0,0.0
2024-04-11 12:30:00-04:00,4.164000034332275,4.179999828338623,4.150100231170654,4.150100231170654,2650,0.0,0.0
2024-04-11 13:30:00-04:00,4.150000095367432,4.190000057220459,4.144999980926514,4.190000057220459,11162,0.0,0.0
2024-04-11 14:30:00-04:00,4.150000095367432,4.349999904632568,4.150000095367432,4.320000171661377,17271,0.0,0.0
2024-04-11 15:30:00-04:00,4.339700222015381,4.46999979019165,4.320000171661377,4.429999828338623,17440,0.0,0.0
2024-04-12 09:30:00-04:00,4.489999771118164,5.369999885559082,4.457900047302246,4.980000019073486,234575,0.0,0.0
2024-04-12 10:30:00-04:00,4.940000057220459,4.960000038146973,4.800000190734863,4.880000114440918,22437,0.0,0.0
2024-04-12 11:30:00-04:00,4.979899883270264,5.409999847412109,4.849999904632568,5.320000171661377,48249,0.0,0.0
2024-04-12 12:30:00-04:00,5.28000020980835,5.668700218200684,5.25,5.360000133514404,108607,0.0,0.0
2024-04-12 13:30:00-04:00,5.349999904632568,5.360000133514404,5.139999866485596,5.263199806213379,27242,0.0,0.0
2024-04-12 14:30:00-04:00,5.378799915313721,5.46999979019165,5.300000190734863,5.375199794769287,17801,0.0,0.0
2024-04-12 15:30:00-04:00,5.320000171661377,5.46999979019165,5.269999980926514,5.400000095367432,26656,0.0,0.0
2024-04-15 09:30:00-04:00,5.400000095367432,5.670000076293945,5.28000020980835,5.349999904632568,53169,0.0,0.0
2024-04-15 10:30:00-04:00,5.349999904632568,5.509900093078613,5.300000190734863,5.41379976272583,16967,0.0,0.0
2024-04-15 11:30:00-04:00,5.435800075531006,5.528800010681152,5.429999828338623,5.46999979019165,9937,0.0,0.0
2024-04-15 12:30:00-04:00,5.550000190734863,5.71999979019165,5.480000019073486,5.621799945831299,70278,0.0,0.0
2024-04-15 13:30:00-04:00,5.70989990234375,5.71999979019165,5.610000133514404,5.699999809265137,19154,0.0,0.0
2024-04-15 14:30:00-04:00,5.71999979019165,5.795100212097168,5.679999828338623,5.71999979019165,9539,0.0,0.0
2024-04-15 15:30:00-04:00,5.702899932861328,5.760000228881836,5.599999904632568,5.760000228881836,35090,0.0,0.0
2024-04-16 09:30:00-04:00,5.989999771118164,6.099999904632568,5.75,6.019999980926514,65614,0.0,0.0
2024-04-16 10:30:00-04:00,6.03000020980835,6.063899993896484,5.835899829864502,5.889999866485596,48285,0.0,0.0
2024-04-16 11:30:00-04:00,5.889999866485596,6.25,5.869999885559082,6.209199905395508,36059,0.0,0.0
2024-04-16 12:30:00-04:00,6.1620001792907715,6.420899868011475,6.159999847412109,6.240600109100342,48828,0.0,0.0
2024-04-16 13:30:00-04:00,6.279900074005127,6.590000152587891,6.199999809265137,6.400000095367432,36634,0.0,0.0
2024-04-16 14:30:00-04:00,6.579999923706055,6.629899978637695,6.440000057220459,6.500100135803223,78654,0.0,0.0
2024-04-16 15:30:00-04:00,6.579999923706055,6.889999866485596,6.550000190734863,6.869999885559082,57553,0.0,0.0
2024-04-17 09:30:00-04:00,7.599999904632568,8.116999626159668,7.059999942779541,7.980000019073486,337074,0.0,0.0
2024-04-17 10:30:00-04:00,7.979899883270264,8.75,7.769999980926514,8.600000381469727,253715,0.0,0.0
2024-04-17 11:30:00-04:00,8.449999809265137,8.739999771118164,7.900000095367432,8.34000015258789,254955,0.0,0.0
2024-04-17 12:30:00-04:00,8.59000015258789,8.645999908447266,7.519999980926514,7.889999866485596,177434,0.0,0.0
2024-04-17 13:30:00-04:00,7.960000038146973,8.49940013885498,7.789999961853027,8.496999740600586,66822,0.0,0.0
2024-04-17 14:30:00-04:00,8.449999809265137,8.449999809265137,7.611800193786621,7.960000038146973,109887,0.0,0.0
2024-04-17 15:30:00-04:00,8.010000228881836,8.149999618530273,7.5,7.730000019073486,195380,0.0,0.0
2024-04-18 09:30:00-04:00,7.119999885559082,7.809999942779541,6.599999904632568,7.369999885559082,183597,0.0,0.0
2024-04-18 10:30:00-04:00,7.369999885559082,7.369999885559082,6.639999866485596,6.75,103890,0.0,0.0
2024-04-18 11:30:00-04:00,6.715000152587891,6.75,6.28000020980835,6.570000171661377,87489,0.0,0.0
2024-04-18 12:30:00-04:00,6.570000171661377,6.690000057220459,6.409999847412109,6.662499904632568,47505,0.0,0.0
2024-04-18 13:30:00-04:00,6.690000057220459,6.690000057220459,6.5,6.639999866485596,27040,0.0,0.0
2024-04-18 14:30:00-04:00,6.690000057220459,6.699999809265137,6.300000190734863,6.360000133514404,52647,0.0,0.0
2024-04-18 15:30:00-04:00,6.349999904632568,6.349999904632568,5.900000095367432,6.010000228881836,67610,0.0,0.0
2024-04-19 09:30:00-04:00,5.670000076293945,6.199999809265137,5.5,6.184000015258789,58747,0.0,0.0
2024-04-19 10:30:00-04:00,6.179999828338623,6.440000057220459,6.119999885559082,6.383500099182129,30069,0.0,0.0
2024-04-19 11:30:00-04:00,6.326700210571289,6.449999809265137,6.269999980926514,6.360000133514404,7855,0.0,0.0
2024-04-19 12:30:00-04:00,6.394999980926514,6.9899001121521,6.394999980926514,6.891200065612793,34552,0.0,0.0
2024-04-19 13:30:00-04:00,6.79010009765625,7.0,6.620800018310547,6.630000114440918,19817,0.0,0.0
2024-04-19 14:30:00-04:00,6.620999813079834,6.75,6.320000171661377,6.699999809265137,19232,0.0,0.0
2024-04-19 15:30:00-04:00,6.570000171661377,7.195000171661377,6.570000171661377,7.070000171661377,28695,0.0,0.0
2024-04-22 09:30:00-04:00,7.0,7.650000095367432,6.800000190734863,7.5,53095,0.0,0.0
2024-04-22 10:30:00-04:00,7.489999771118164,7.489999771118164,7.070000171661377,7.150000095367432,17210,0.0,0.0
2024-04-22 11:30:00-04:00,7.21999979019165,7.335000038146973,6.5,6.96999979019165,42959,0.0,0.0
2024-04-22 12:30:00-04:00,7.010000228881836,7.010000228881836,6.713900089263916,6.895999908447266,21864,0.0,0.0
2024-04-22 13:30:00-04:00,6.860000133514404,6.960000038146973,6.760000228881836,6.940000057220459,25096,0.0,0.0
2024-04-22 14:30:00-04:00,6.885000228881836,6.889999866485596,6.609300136566162,6.724999904632568,17989,0.0,0.0
2024-04-22 15:30:00-04:00,6.835000038146973,6.84499979019165,6.550000190734863,6.659999847412109,15003,0.0,0.0
2024-04-23 09:30:00-04:00,6.659999847412109,6.75,6.340000152587891,6.5,26611,0.0,0.0
2024-04-23 10:30:00-04:00,6.5,6.610000133514404,6.409999847412109,6.489999771118164,31761,0.0,0.0
2024-04-23 11:30:00-04:00,6.5,6.619999885559082,6.489999771118164,6.619999885559082,9144,0.0,0.0
2024-04-23 12:30:00-04:00,6.630000114440918,6.710000038146973,6.630000114440918,6.659999847412109,4466,0.0,0.0
2024-04-23 13:30:00-04:00,6.710000038146973,6.739999771118164,6.630000114440918,6.630000114440918,5239,0.0,0.0
2024-04-23 14:30:00-04:00,6.619999885559082,6.710000038146973,6.590000152587891,6.620100021362305,5852,0.0,0.0
2024-04-23 15:30:00-04:00,6.619999885559082,6.695000171661377,6.594200134277344,6.650000095367432,7035,0.0,0.0
2024-04-24 09:30:00-04:00,6.760000228881836,6.760000228881836,6.450099945068359,6.690000057220459,12792,0.0,0.0
2024-04-24 10:30:00-04:00,6.679999828338623,6.679999828338623,6.449999809265137,6.5,9949,0.0,0.0
2024-04-24 11:30:00-04:00,6.5,6.539999961853027,6.375,6.489999771118164,18812,0.0,0.0
2024-04-24 12:30:00-04:00,6.350100040435791,6.760000228881836,6.350100040435791,6.744999885559082,16889,0.0,0.0
2024-04-24 13:30:00-04:00,6.760000228881836,6.989999771118164,6.620100021362305,6.887499809265137,23962,0.0,0.0
2024-04-24 14:30:00-04:00,6.989999771118164,7.21999979019165,6.945000171661377,7.210000038146973,6943,0.0,0.0
2024-04-24 15:30:00-04:00,7.210000038146973,7.340000152587891,6.650000095367432,6.900000095367432,47697,0.0,0.0
2024-04-25 09:30:00-04:00,7.019999980926514,7.227399826049805,6.659999847412109,6.700099945068359,55006,0.0,0.0
2024-04-25 10:30:00-04:00,6.650000095367432,6.699999809265137,6.480000019073486,6.550000190734863,52518,0.0,0.0
2024-04-25 11:30:00-04:00,6.650000095367432,6.659999847412109,6.289999961853027,6.470099925994873,35094,0.0,0.0
2024-04-25 12:30:00-04:00,6.5,6.5,6.320000171661377,6.440000057220459,14541,0.0,0.0
2024-04-25 13:30:00-04:00,6.449999809265137,6.5,6.239999771118164,6.34499979019165,13640,0.0,0.0
2024-04-25 14:30:00-04:00,6.380000114440918,6.380000114440918,6.380000114440918,6.380000114440918,400,0.0,0.0
2024-04-25 15:30:00-04:00,6.380000114440918,6.559999942779541,6.355000019073486,6.559999942779541,15060,0.0,0.0
2024-04-26 09:30:00-04:00,6.480000019073486,6.585000038146973,6.349999904632568,6.585000038146973,13452,0.0,0.0
2024-04-26 10:30:00-04:00,6.5,6.59499979019165,6.447999954223633,6.499199867248535,6089,0.0,0.0
2024-04-26 11:30:00-04:00,6.559999942779541,6.565000057220459,6.430699825286865,6.485000133514404,2808,0.0,0.0
2024-04-26 12:30:00-04:00,6.5,6.639999866485596,6.451000213623047,6.639999866485596,4137,0.0,0.0
2024-04-26 13:30:00-04:00,6.519999980926514,6.619999885559082,6.449999809265137,6.610000133514404,5841,0.0,0.0
2024-04-26 14:30:00-04:00,6.619999885559082,6.619999885559082,6.590000152587891,6.590000152587891,1666,0.0,0.0
2024-04-26 15:30:00-04:00,6.619999885559082,6.690000057220459,6.619999885559082,6.690000057220459,7417,0.0,0.0
2024-04-29 09:30:00-04:00,6.610000133514404,6.619999885559082,6.559999942779541,6.619999885559082,5511,0.0,0.0
2024-04-29 10:30:00-04:00,6.570000171661377,6.639999866485596,6.529699802398682,6.582499980926514,8172,0.0,0.0
2024-04-29 11:30:00-04:00,6.633800029754639,6.633800029754639,6.570000171661377,6.579999923706055,3351,0.0,0.0
2024-04-29 12:30:00-04:00,6.559999942779541,6.639999866485596,6.550000190734863,6.619999885559082,6693,0.0,0.0
2024-04-29 13:30:00-04:00,6.619999885559082,6.670000076293945,6.619999885559082,6.64870023727417,8353,0.0,0.0
2024-04-29 14:30:00-04:00,6.668900012969971,6.670000076293945,6.610599994659424,6.610599994659424,4869,0.0,0.0
2024-04-29 15:30:00-04:00,6.659999847412109,6.699999809265137,6.559999942779541,6.699999809265137,22572,0.0,0.0
2024-04-30 09:30:00-04:00,6.599999904632568,6.599999904632568,6.390500068664551,6.454999923706055,0,0.0,0.0
2024-04-30 10:30:00-04:00,6.550000190734863,6.550000190734863,6.316299915313721,6.316299915313721,1765,0.0,0.0
2024-04-30 11:30:00-04:00,6.320000171661377,6.53000020980835,6.320000171661377,6.389999866485596,22064,0.0,0.0
2024-04-30 12:30:00-04:00,6.340000152587891,6.340000152587891,6.300000190734863,6.320000171661377,2588,0.0,0.0
2024-04-30 13:30:00-04:00,6.300000190734863,6.550000190734863,6.159999847412109,6.480000019073486,30255,0.0,0.0
2024-04-30 14:30:00-04:00,6.460000038146973,6.460000038146973,6.369999885559082,6.380000114440918,5413,0.0,0.0
2024-04-30 15:30:00-04:00,6.29010009765625,6.380000114440918,6.29010009765625,6.360000133514404,4586,0.0,0.0
2024-05-01 09:30:00-04:00,6.28000020980835,6.340000152587891,6.228600025177002,6.228600025177002,17168,0.0,0.0
2024-05-01 10:30:00-04:00,6.260000228881836,6.260000228881836,6.139999866485596,6.190000057220459,4904,0.0,0.0
2024-05-01 11:30:00-04:00,6.15500020980835,6.15500020980835,6.0671000480651855,6.139999866485596,2050,0.0,0.0
2024-05-01 12:30:00-04:00,6.110000133514404,6.1427001953125,6.099999904632568,6.130000114440918,1445,0.0,0.0
2024-05-01 13:30:00-04:00,6.130000114440918,6.138899803161621,6.04010009765625,6.138899803161621,8742,0.0,0.0
2024-05-01 14:30:00-04:00,6.139999866485596,6.179999828338623,6.0,6.09499979019165,20761,0.0,0.0
2024-05-01 15:30:00-04:00,6.03000020980835,6.400000095367432,5.809999942779541,6.289999961853027,89217,0.0,0.0
2024-05-02 09:30:00-04:00,6.389999866485596,6.389999866485596,6.179999828338623,6.28000020980835,14970,0.0,0.0
2024-05-02 10:30:00-04:00,6.369999885559082,6.369999885559082,6.239999771118164,6.304999828338623,12674,0.0,0.0
2024-05-02 11:30:00-04:00,6.360000133514404,6.400000095367432,6.210000038146973,6.309999942779541,187348,0.0,0.0
2024-05-02 12:30:00-04:00,6.309999942779541,6.309999942779541,6.28000020980835,6.300000190734863,11503,0.0,0.0
2024-05-02 13:30:00-04:00,6.320000171661377,6.340000152587891,6.300000190734863,6.335000038146973,11520,0.0,0.0
2024-05-02 14:30:00-04:00,6.340000152587891,6.340000152587891,6.320000171661377,6.340000152587891,6164,0.0,0.0
2024-05-02 15:30:00-04:00,6.335000038146973,6.400000095367432,6.275000095367432,6.360000133514404,79279,0.0,0.0
2024-05-03 09:30:00-04:00,6.389999866485596,7.25,6.239999771118164,6.820000171661377,307882,0.0,0.0
2024-05-03 10:30:00-04:00,6.800000190734863,7.199999809265137,6.789999961853027,6.90500020980835,29437,0.0,0.0
2024-05-03 11:30:00-04:00,6.90500020980835,7.199999809265137,6.860000133514404,7.199999809265137,23257,0.0,0.0
2024-05-03 12:30:00-04:00,7.190000057220459,7.190000057220459,7.0,7.03000020980835,17521,0.0,0.0
2024-05-03 13:30:00-04:00,6.96999979019165,7.179999828338623,6.920000076293945,7.162799835205078,15662,0.0,0.0
2024-05-03 14:30:00-04:00,7.099999904632568,7.139999866485596,6.949999809265137,7.099999904632568,21849,0.0,0.0
2024-05-03 15:30:00-04:00,7.119999885559082,7.154200077056885,6.949999809265137,7.125,59213,0.0,0.0
2024-05-06 09:30:00-04:00,7.079999923706055,7.190000057220459,6.900000095367432,7.170000076293945,21228,0.0,0.0
2024-05-06 10:30:00-04:00,7.159999847412109,7.190000057220459,7.0,7.050000190734863,28144,0.0,0.0
2024-05-06 11:30:00-04:00,7.159999847412109,7.460000038146973,7.010200023651123,7.400000095367432,86881,0.0,0.0
2024-05-06 12:30:00-04:00,7.320000171661377,7.420000076293945,7.150000095367432,7.420000076293945,40575,0.0,0.0
2024-05-06 13:30:00-04:00,7.349999904632568,7.579800128936768,7.170000076293945,7.5,34189,0.0,0.0
2024-05-06 14:30:00-04:00,7.519999980926514,7.719900131225586,7.454999923706055,7.650100231170654,23110,0.0,0.0
2024-05-06 15:30:00-04:00,7.590000152587891,7.630300045013428,7.5,7.5,17337,0.0,0.0
2024-05-07 09:30:00-04:00,7.550000190734863,7.699900150299072,7.410099983215332,7.550000190734863,35851,0.0,0.0
2024-05-07 10:30:00-04:00,7.643099784851074,7.643099784851074,7.630000114440918,7.630000114440918,3464,0.0,0.0
2024-05-07 11:30:00-04:00,7.670000076293945,7.699999809265137,7.570000171661377,7.635000228881836,7350,0.0,0.0
2024-05-07 12:30:00-04:00,7.679900169372559,7.880000114440918,7.619999885559082,7.650000095367432,40986,0.0,0.0
2024-05-07 13:30:00-04:00,7.770299911499023,7.770299911499023,7.684999942779541,7.710000038146973,577,0.0,0.0
2024-05-07 14:30:00-04:00,7.639999866485596,7.760000228881836,7.46999979019165,7.5,19788,0.0,0.0
2024-05-07 15:30:00-04:00,7.539999961853027,7.559999942779541,7.164999961853027,7.5,32399,0.0,0.0
2024-05-08 09:30:00-04:00,7.5,7.679999828338623,7.04010009765625,7.364999771118164,7691,0.0,0.0
2024-05-08 10:30:00-04:00,7.395100116729736,7.440000057220459,7.210000038146973,7.360000133514404,10934,0.0,0.0
2024-05-08 11:30:00-04:00,7.260300159454346,7.335000038146973,7.190000057220459,7.190000057220459,12271,0.0,0.0
2024-05-08 12:30:00-04:00,7.159999847412109,7.289999961853027,7.119999885559082,7.179999828338623,15114,0.0,0.0
2024-05-08 13:30:00-04:00,7.139999866485596,7.289999961853027,7.059999942779541,7.278200149536133,10809,0.0,0.0
2024-05-08 14:30:00-04:00,7.230000019073486,7.25,6.989999771118164,7.184999942779541,30749,0.0,0.0
2024-05-08 15:30:00-04:00,7.179999828338623,7.179999828338623,7.059999942779541,7.159999847412109,10419,0.0,0.0
2024-05-09 09:30:00-04:00,7.230000019073486,7.400000095367432,7.0,7.144999980926514,27010,0.0,0.0
2024-05-09 10:30:00-04:00,7.15500020980835,7.340000152587891,7.070000171661377,7.239999771118164,28065,0.0,0.0
2024-05-09 11:30:00-04:00,7.320000171661377,7.340000152587891,7.179999828338623,7.260000228881836,8888,0.0,0.0
2024-05-09 12:30:00-04:00,7.260000228881836,7.340000152587891,7.170000076293945,7.28000020980835,53024,0.0,0.0
2024-05-09 13:30:00-04:00,7.340000152587891,7.340000152587891,7.239999771118164,7.284999847412109,11484,0.0,0.0
2024-05-09 14:30:00-04:00,7.309899806976318,7.309999942779541,7.195000171661377,7.21999979019165,63951,0.0,0.0
2024-05-09 15:30:00-04:00,7.239999771118164,7.239999771118164,6.679999828338623,6.78000020980835,30109,0.0,0.0
2024-05-10 09:30:00-04:00,6.650000095367432,6.650000095367432,6.010000228881836,6.4156999588012695,25506,0.0,0.0
2024-05-10 10:30:00-04:00,6.349999904632568,6.579999923706055,6.230100154876709,6.489999771118164,43637,0.0,0.0
2024-05-10 11:30:00-04:00,6.469900131225586,6.525000095367432,6.420000076293945,6.525000095367432,11563,0.0,0.0
2024-05-10 12:30:00-04:00,6.593299865722656,6.593299865722656,6.545000076293945,6.590000152587891,14441,0.0,0.0
2024-05-10 13:30:00-04:00,6.545000076293945,6.545000076293945,6.46999979019165,6.46999979019165,5594,0.0,0.0
2024-05-10 14:30:00-04:00,6.340000152587891,6.360000133514404,6.300000190734863,6.360000133514404,1410,0.0,0.0
2024-05-10 15:30:00-04:00,6.350100040435791,6.454999923706055,6.273799896240234,6.454999923706055,8762,0.0,0.0
2024-05-13 09:30:00-04:00,6.360000133514404,6.840000152587891,6.360000133514404,6.837299823760986,17431,0.0,0.0
2024-05-13 10:30:00-04:00,6.900000095367432,6.900000095367432,6.572000026702881,6.675000190734863,4947,0.0,0.0
2024-05-13 11:30:00-04:00,6.702600002288818,6.702600002288818,6.572000026702881,6.579999923706055,2750,0.0,0.0
2024-05-13 12:30:00-04:00,6.639999866485596,6.639999866485596,6.489999771118164,6.489999771118164,4566,0.0,0.0
2024-05-13 13:30:00-04:00,6.409999847412109,6.449999809265137,6.320000171661377,6.429999828338623,3649,0.0,0.0
2024-05-13 14:30:00-04:00,6.380000114440918,6.429999828338623,6.260000228881836,6.260000228881836,20097,0.0,0.0
2024-05-13 15:30:00-04:00,6.291100025177002,6.291100025177002,6.119999885559082,6.170000076293945,5280,0.0,0.0
2024-05-14 09:30:00-04:00,6.230000019073486,6.25,6.0879998207092285,6.0879998207092285,16009,0.0,0.0
2024-05-14 10:30:00-04:00,6.105000019073486,6.204999923706055,6.105000019073486,6.130000114440918,7406,0.0,0.0
2024-05-14 11:30:00-04:00,6.1519999504089355,6.1519999504089355,6.070000171661377,6.119999885559082,7586,0.0,0.0
2024-05-14 12:30:00-04:00,6.130000114440918,6.230000019073486,6.119999885559082,6.119999885559082,9963,0.0,0.0
2024-05-14 13:30:00-04:00,6.129499912261963,6.159999847412109,6.079999923706055,6.080699920654297,4121,0.0,0.0
2024-05-14 14:30:00-04:00,6.139999866485596,6.150000095367432,6.0,6.03000020980835,7524,0.0,0.0
2024-05-14 15:30:00-04:00,6.03000020980835,6.03000020980835,5.75,5.75,28226,0.0,0.0
2024-05-15 09:30:00-04:00,5.800000190734863,6.119900226593018,5.699999809265137,5.710000038146973,16304,0.0,0.0
2024-05-15 10:30:00-04:00,5.75,5.8394999504089355,5.590000152587891,5.704999923706055,15388,0.0,0.0
2024-05-15 11:30:00-04:00,5.659999847412109,5.659999847412109,5.550000190734863,5.554999828338623,5635,0.0,0.0
2024-05-15 12:30:00-04:00,5.519999980926514,5.610000133514404,5.440000057220459,5.522900104522705,27813,0.0,0.0
2024-05-15 13:30:00-04:00,5.550000190734863,5.599999904632568,5.510000228881836,5.550000190734863,48828,0.0,0.0
2024-05-15 14:30:00-04:00,5.559999942779541,5.619999885559082,5.480000019073486,5.510000228881836,68898,0.0,0.0
2024-05-15 15:30:00-04:00,5.480000019073486,5.650000095367432,5.480000019073486,5.639999866485596,26955,0.0,0.0
2024-05-16 09:30:00-04:00,5.579999923706055,5.590000152587891,5.361299991607666,5.510000228881836,21049,0.0,0.0
2024-05-16 10:30:00-04:00,5.550000190734863,5.659999847412109,5.550000190734863,5.659999847412109,6998,0.0,0.0
2024-05-16 11:30:00-04:00,5.550000190734863,5.559999942779541,5.53000020980835,5.559999942779541,3960,0.0,0.0
2024-05-16 12:30:00-04:00,5.539999961853027,5.550000190734863,5.489999771118164,5.519999980926514,20891,0.0,0.0
2024-05-16 13:30:00-04:00,5.53000020980835,5.559999942779541,5.46999979019165,5.46999979019165,19465,0.0,0.0
2024-05-16 14:30:00-04:00,5.440000057220459,5.485000133514404,5.440000057220459,5.46999979019165,1173,0.0,0.0
2024-05-16 15:30:00-04:00,5.454999923706055,5.480000019073486,5.449999809265137,5.449999809265137,2532,0.0,0.0
2024-05-17 09:30:00-04:00,5.519999980926514,5.650000095367432,5.460000038146973,5.599999904632568,18027,0.0,0.0
2024-05-17 10:30:00-04:00,5.71999979019165,5.735000133514404,5.485000133514404,5.570000171661377,26893,0.0,0.0
2024-05-17 11:30:00-04:00,5.630000114440918,5.65500020980835,5.010000228881836,5.34499979019165,49787,0.0,0.0
2024-05-17 12:30:00-04:00,5.34499979019165,5.360000133514404,5.309999942779541,5.360000133514404,1347,0.0,0.0
2024-05-17 13:30:00-04:00,5.469699859619141,5.469699859619141,5.340000152587891,5.436299800872803,5919,0.0,0.0
2024-05-17 14:30:00-04:00,5.409800052642822,5.420000076293945,5.349999904632568,5.368500232696533,5009,0.0,0.0
2024-05-17 15:30:00-04:00,5.269999980926514,5.340000152587891,5.21999979019165,5.230000019073486,5003,0.0,0.0
2024-05-20 09:30:00-04:00,5.179999828338623,5.465400218963623,5.133200168609619,5.273799896240234,4388,0.0,0.0
2024-05-20 10:30:00-04:00,5.260000228881836,5.389999866485596,5.260000228881836,5.329999923706055,6709,0.0,0.0
2024-05-20 11:30:00-04:00,5.289999961853027,5.448999881744385,5.110000133514404,5.385000228881836,16998,0.0,0.0
2024-05-20 12:30:00-04:00,5.400000095367432,5.449900150299072,5.400000095367432,5.449900150299072,1048,0.0,0.0
2024-05-20 13:30:00-04:00,5.400000095367432,5.434199810028076,5.369999885559082,5.40500020980835,9753,0.0,0.0
2024-05-20 14:30:00-04:00,5.40500020980835,5.40500020980835,5.320000171661377,5.320000171661377,6125,0.0,0.0
2024-05-20 15:30:00-04:00,5.329999923706055,5.369999885559082,5.230000019073486,5.309999942779541,13372,0.0,0.0
2024-05-21 09:30:00-04:00,5.300000190734863,5.369999885559082,5.160099983215332,5.25,13388,0.0,0.0
2024-05-21 10:30:00-04:00,5.25,5.25,5.25,5.25,529,0.0,0.0
2024-05-21 11:30:00-04:00,5.21750020980835,5.238399982452393,5.179999828338623,5.190000057220459,3025,0.0,0.0
2024-05-21 12:30:00-04:00,5.190000057220459,5.190000057220459,5.190000057220459,5.190000057220459,214,0.0,0.0
2024-05-21 13:30:00-04:00,5.216100215911865,5.25,5.216100215911865,5.25,1620,0.0,0.0
2024-05-21 14:30:00-04:00,5.224999904632568,5.25,5.197999954223633,5.25,3499,0.0,0.0
2024-05-21 15:30:00-04:00,5.239999771118164,5.239999771118164,4.900000095367432,5.139999866485596,29640,0.0,0.0
2024-05-22 09:30:00-04:00,5.159999847412109,5.289899826049805,5.159999847412109,5.289899826049805,14437,0.0,0.0
2024-05-22 10:30:00-04:00,5.260000228881836,5.264999866485596,5.21999979019165,5.25,10272,0.0,0.0
2024-05-22 11:30:00-04:00,5.240099906921387,5.25,5.240099906921387,5.25,2904,0.0,0.0
2024-05-22 12:30:00-04:00,5.25,5.269999980926514,5.239999771118164,5.25,3880,0.0,0.0
2024-05-22 13:30:00-04:00,5.260000228881836,5.260000228881836,5.239999771118164,5.239999771118164,2014,0.0,0.0
2024-05-22 14:30:00-04:00,5.25,5.289899826049805,5.230000019073486,5.239999771118164,1667,0.0,0.0
2024-05-22 15:30:00-04:00,5.25,5.25,5.230000019073486,5.239999771118164,4241,0.0,0.0
2024-05-23 09:30:00-04:00,5.239999771118164,5.239999771118164,5.105100154876709,5.159999847412109,14096,0.0,0.0
2024-05-23 10:30:00-04:00,5.130000114440918,5.130000114440918,5.130000114440918,5.130000114440918,22569,0.0,0.0
2024-05-23 11:30:00-04:00,5.130000114440918,5.130000114440918,5.051700115203857,5.051700115203857,7177,0.0,0.0
2024-05-23 12:30:00-04:00,5.006499767303467,5.059999942779541,4.989999771118164,5.059999942779541,1316,0.0,0.0
2024-05-23 13:30:00-04:00,4.940000057220459,4.940000057220459,4.909999847412109,4.909999847412109,7408,0.0,0.0
2024-05-23 14:30:00-04:00,4.980000019073486,4.980000019073486,4.909999847412109,4.914999961853027,2554,0.0,0.0
2024-05-23 15:30:00-04:00,4.914999961853027,4.934999942779541,4.914999961853027,4.929999828338623,2035,0.0,0.0
2024-05-24 09:30:00-04:00,4.929999828338623,5.170000076293945,4.915299892425537,5.054999828338623,13725,0.0,0.0
2024-05-24 10:30:00-04:00,4.920000076293945,4.989999771118164,4.920000076293945,4.989999771118164,1145,0.0,0.0
2024-05-24 11:30:00-04:00,5.0,5.03000020980835,4.949999809265137,5.019400119781494,6708,0.0,0.0
2024-05-24 12:30:00-04:00,4.974999904632568,4.974999904632568,4.860000133514404,4.860000133514404,3953,0.0,0.0
2024-05-24 13:30:00-04:00,4.849999904632568,4.909900188446045,4.849999904632568,4.909900188446045,490,0.0,0.0
2024-05-24 14:30:00-04:00,4.860000133514404,4.860000133514404,4.300000190734863,4.369999885559082,38608,0.0,0.0
2024-05-24 15:30:00-04:00,4.369999885559082,4.610000133514404,4.059999942779541,4.590000152587891,38472,0.0,0.0
2024-05-28 09:30:00-04:00,4.570000171661377,4.960000038146973,4.514999866485596,4.599899768829346,47629,0.0,0.0
2024-05-28 10:30:00-04:00,4.619999885559082,4.664999961853027,4.5,4.664999961853027,14597,0.0,0.0
2024-05-28 11:30:00-04:00,4.559999942779541,4.679999828338623,4.559999942779541,4.635000228881836,2140,0.0,0.0
2024-05-28 13:30:00-04:00,4.636899948120117,4.639999866485596,4.53000020980835,4.605000019073486,14234,0.0,0.0
2024-05-28 14:30:00-04:00,4.610000133514404,4.630000114440918,4.579999923706055,4.579999923706055,5332,0.0,0.0
2024-05-28 15:30:00-04:00,4.519999980926514,4.610000133514404,4.519999980926514,4.570000171661377,2408,0.0,0.0
2024-05-29 09:30:00-04:00,4.690000057220459,4.755000114440918,4.610000133514404,4.690400123596191,7665,0.0,0.0
2024-05-29 10:30:00-04:00,4.699999809265137,4.929999828338623,4.690000057220459,4.929999828338623,39054,0.0,0.0
2024-05-29 11:30:00-04:00,4.980000019073486,4.980000019073486,4.9421000480651855,4.9421000480651855,1278,0.0,0.0
2024-05-29 12:30:00-04:00,4.933899879455566,4.989999771118164,4.909999847412109,4.974699974060059,6965,0.0,0.0
2024-05-29 13:30:00-04:00,4.985300064086914,4.985300064086914,4.985300064086914,4.985300064086914,1541,0.0,0.0
2024-05-29 14:30:00-04:00,4.945000171661377,4.960000038146973,4.910699844360352,4.960000038146973,2168,0.0,0.0
2024-05-29 15:30:00-04:00,4.960000038146973,5.0,4.960000038146973,5.0,5369,0.0,0.0
2024-05-30 09:30:00-04:00,5.0,5.239999771118164,4.950099945068359,5.090000152587891,50670,0.0,0.0
2024-05-30 10:30:00-04:00,5.070000171661377,5.0980000495910645,5.070000171661377,5.0980000495910645,1986,0.0,0.0
2024-05-30 11:30:00-04:00,5.139999866485596,5.199999809265137,5.090000152587891,5.090000152587891,2956,0.0,0.0
2024-05-30 12:30:00-04:00,5.158899784088135,5.192500114440918,5.155200004577637,5.192500114440918,1365,0.0,0.0
2024-05-30 13:30:00-04:00,5.204500198364258,5.204500198364258,5.099999904632568,5.099999904632568,5454,0.0,0.0
2024-05-30 14:30:00-04:00,5.15500020980835,5.199999809265137,5.15500020980835,5.199999809265137,3631,0.0,0.0
2024-05-30 15:30:00-04:00,5.15500020980835,5.199999809265137,5.119999885559082,5.199999809265137,1878,0.0,0.0
2024-05-31 09:30:00-04:00,5.269999980926514,5.7399001121521,5.170000076293945,5.610000133514404,37127,0.0,0.0
2024-05-31 10:30:00-04:00,5.610000133514404,5.610000133514404,5.340000152587891,5.479899883270264,8828,0.0,0.0
2024-05-31 11:30:00-04:00,5.320000171661377,5.400000095367432,5.28000020980835,5.300000190734863,10197,0.0,0.0
2024-05-31 12:30:00-04:00,5.262499809265137,5.46999979019165,5.210000038146973,5.400000095367432,33907,0.0,0.0
2024-05-31 13:30:00-04:00,5.420000076293945,5.514999866485596,5.409999847412109,5.449999809265137,14404,0.0,0.0
2024-05-31 14:30:00-04:00,5.449999809265137,5.449999809265137,5.400000095367432,5.409999847412109,5063,0.0,0.0
2024-05-31 15:30:00-04:00,5.445000171661377,5.570000171661377,5.300000190734863,5.489999771118164,23576,0.0,0.0
2024-06-03 09:30:00-04:00,5.260000228881836,5.639999866485596,5.260000228881836,5.5,66972,0.0,0.0
2024-06-03 10:30:00-04:00,5.5,5.5,5.329999923706055,5.46019983291626,24928,0.0,0.0
2024-06-03 11:30:00-04:00,5.440000057220459,5.440000057220459,5.0,5.190000057220459,18547,0.0,0.0
2024-06-03 12:30:00-04:00,5.039999961853027,5.360000133514404,5.0,5.0,9698,0.0,0.0
2024-06-03 13:30:00-04:00,5.099999904632568,5.15500020980835,4.989999771118164,4.989999771118164,10908,0.0,0.0
2024-06-03 14:30:00-04:00,5.135000228881836,5.135000228881836,4.690000057220459,4.739999771118164,23048,0.0,0.0
2024-06-03 15:30:00-04:00,4.775000095367432,4.90500020980835,4.53000020980835,4.692500114440918,20852,0.0,0.0
2024-06-04 09:30:00-04:00,4.650000095367432,4.699999809265137,4.559999942779541,4.679999828338623,4397,0.0,0.0
2024-06-04 10:30:00-04:00,4.690000057220459,4.880000114440918,4.619999885559082,4.75,16745,0.0,0.0
2024-06-04 11:30:00-04:00,4.75,4.84499979019165,4.670100212097168,4.730100154876709,5014,0.0,0.0
2024-06-04 12:30:00-04:00,4.860000133514404,4.861400127410889,4.662700176239014,4.700900077819824,7816,0.0,0.0
2024-06-04 13:30:00-04:00,4.744999885559082,4.840000152587891,4.730000019073486,4.769999980926514,15488,0.0,0.0
2024-06-04 14:30:00-04:00,4.730000019073486,4.760000228881836,4.679999828338623,4.679999828338623,6028,0.0,0.0
2024-06-04 15:30:00-04:00,4.630000114440918,4.820000171661377,4.630000114440918,4.789999961853027,5055,0.0,0.0
2024-06-05 09:30:00-04:00,4.690000057220459,4.999899864196777,4.690000057220459,4.809999942779541,5073,0.0,0.0
2024-06-05 10:30:00-04:00,4.840099811553955,4.960000038146973,4.78000020980835,4.900000095367432,18940,0.0,0.0
2024-06-05 11:30:00-04:00,4.909999847412109,4.949999809265137,4.885000228881836,4.949999809265137,1966,0.0,0.0
2024-06-05 12:30:00-04:00,4.945000171661377,4.945000171661377,4.945000171661377,4.945000171661377,2261,0.0,0.0
2024-06-05 13:30:00-04:00,4.946300029754639,4.946300029754639,4.870100021362305,4.889999866485596,3163,0.0,0.0
2024-06-05 14:30:00-04:00,4.96999979019165,5.039999961853027,4.96999979019165,4.989999771118164,914,0.0,0.0
2024-06-05 15:30:00-04:00,4.989999771118164,4.989999771118164,4.960000038146973,4.960000038146973,977,0.0,0.0
2024-06-06 09:30:00-04:00,4.889999866485596,5.380000114440918,4.889999866485596,4.989999771118164,6111,0.0,0.0
2024-06-06 10:30:00-04:00,4.949999809265137,5.050000190734863,4.650000095367432,4.650000095367432,6543,0.0,0.0
2024-06-06 11:30:00-04:00,4.659999847412109,4.690000057220459,4.421000003814697,4.498700141906738,16554,0.0,0.0
2024-06-06 12:30:00-04:00,4.409999847412109,4.630000114440918,4.400000095367432,4.629499912261963,4251,0.0,0.0
2024-06-06 13:30:00-04:00,4.6468000411987305,4.649199962615967,4.559999942779541,4.559999942779541,1249,0.0,0.0
2024-06-06 14:30:00-04:00,4.614999771118164,4.639900207519531,4.614999771118164,4.639900207519531,2916,0.0,0.0
2024-06-06 15:30:00-04:00,4.5833001136779785,4.5833001136779785,4.53000020980835,4.53000020980835,1468,0.0,0.0
2024-06-07 09:30:00-04:00,4.539999961853027,4.539999961853027,4.539999961853027,4.539999961853027,1016,0.0,0.0
2024-06-07 10:30:00-04:00,4.744999885559082,4.744999885559082,4.599999904632568,4.610000133514404,12769,0.0,0.0
2024-06-07 11:30:00-04:00,4.519999980926514,4.663400173187256,4.519999980926514,4.663400173187256,984,0.0,0.0
2024-06-07 12:30:00-04:00,4.510000228881836,4.519999980926514,4.480000019073486,4.480000019073486,1990,0.0,0.0
2024-06-07 14:30:00-04:00,4.532299995422363,4.532299995422363,4.532299995422363,4.532299995422363,551,0.0,0.0
2024-06-07 15:30:00-04:00,4.440000057220459,4.440000057220459,4.300000190734863,4.409999847412109,13548,0.0,0.0
2024-06-10 09:30:00-04:00,4.489999771118164,4.610000133514404,4.400000095367432,4.4471001625061035,6899,0.0,0.0
2024-06-10 10:30:00-04:00,4.5,4.5,4.360000133514404,4.400000095367432,6472,0.0,0.0
2024-06-10 11:30:00-04:00,4.480000019073486,4.556600093841553,4.380000114440918,4.441199779510498,2720,0.0,0.0
2024-06-10 12:30:00-04:00,4.380000114440918,4.440000057220459,4.300000190734863,4.320000171661377,16303,0.0,0.0
2024-06-10 13:30:00-04:00,4.320000171661377,4.329999923706055,4.119999885559082,4.130000114440918,13231,0.0,0.0
2024-06-10 14:30:00-04:00,4.150000095367432,4.300000190734863,4.139999866485596,4.244999885559082,15432,0.0,0.0
2024-06-10 15:30:00-04:00,4.28000020980835,4.28000020980835,4.070000171661377,4.159999847412109,35715,0.0,0.0
2024-06-11 09:30:00-04:00,4.159999847412109,4.440000057220459,4.159999847412109,4.289999961853027,7466,0.0,0.0
2024-06-11 10:30:00-04:00,4.199999809265137,4.329999923706055,4.179999828338623,4.199999809265137,3520,0.0,0.0
2024-06-11 11:30:00-04:00,4.289999961853027,4.320000171661377,4.289999961853027,4.320000171661377,240,0.0,0.0
2024-06-11 12:30:00-04:00,4.204999923706055,4.218900203704834,4.159999847412109,4.210000038146973,1779,0.0,0.0
2024-06-11 13:30:00-04:00,4.139999866485596,4.150000095367432,4.059999942779541,4.079999923706055,9466,0.0,0.0
2024-06-11 14:30:00-04:00,4.079999923706055,4.114999771118164,4.059999942779541,4.085000038146973,6272,0.0,0.0
2024-06-11 15:30:00-04:00,4.114999771118164,4.149199962615967,4.0,4.0,5762,0.0,0.0
2024-06-12 09:30:00-04:00,4.0,4.361000061035156,4.0,4.079999923706055,17490,0.0,0.0
2024-06-12 10:30:00-04:00,4.150000095367432,4.239999771118164,4.150000095367432,4.239999771118164,1130,0.0,0.0
2024-06-12 11:30:00-04:00,4.170000076293945,4.170000076293945,4.159999847412109,4.159999847412109,1851,0.0,0.0
2024-06-12 12:30:00-04:00,4.139999866485596,4.139999866485596,4.139999866485596,4.139999866485596,386,0.0,0.0
2024-06-12 13:30:00-04:00,4.139999866485596,4.139999866485596,4.125,4.125,2840,0.0,0.0
2024-06-12 14:30:00-04:00,4.139999866485596,4.143599987030029,4.050000190734863,4.050000190734863,13717,0.0,0.0
2024-06-12 15:30:00-04:00,4.119999885559082,4.139999866485596,3.940000057220459,4.0,15741,0.0,0.0
2024-06-13 09:30:00-04:00,4.090000152587891,4.210000038146973,4.039999961853027,4.170000076293945,14172,0.0,0.0
2024-06-13 10:30:00-04:00,4.135000228881836,4.170000076293945,4.135000228881836,4.170000076293945,819,0.0,0.0
2024-06-13 11:30:00-04:00,4.110799789428711,4.139999866485596,4.110799789428711,4.111199855804443,1728,0.0,0.0
2024-06-13 12:30:00-04:00,4.173699855804443,4.173699855804443,4.090000152587891,4.090000152587891,2469,0.0,0.0
2024-06-13 13:30:00-04:00,4.050000190734863,4.050000190734863,4.050000190734863,4.050000190734863,2214,0.0,0.0
2024-06-13 14:30:00-04:00,4.031700134277344,4.130000114440918,4.031700134277344,4.119999885559082,1100,0.0,0.0
2024-06-13 15:30:00-04:00,4.079999923706055,4.079999923706055,4.03000020980835,4.039999961853027,2180,0.0,0.0
2024-06-14 09:30:00-04:00,4.059999942779541,4.230000019073486,4.059999942779541,4.199999809265137,17167,0.0,0.0
2024-06-14 10:30:00-04:00,4.180099964141846,4.440000057220459,4.180099964141846,4.269999980926514,21691,0.0,0.0
2024-06-14 11:30:00-04:00,4.380000114440918,4.420000076293945,4.28000020980835,4.380000114440918,11762,0.0,0.0
2024-06-14 12:30:00-04:00,4.360000133514404,4.360000133514404,4.300000190734863,4.329599857330322,8445,0.0,0.0
2024-06-14 13:30:00-04:00,4.309999942779541,4.309999942779541,4.210000038146973,4.210000038146973,3958,0.0,0.0
2024-06-14 14:30:00-04:00,4.210000038146973,4.260000228881836,4.099999904632568,4.25,11827,0.0,0.0
2024-06-14 15:30:00-04:00,4.28000020980835,4.300000190734863,4.050000190734863,4.050000190734863,26507,0.0,0.0
2024-06-17 09:30:00-04:00,4.059999942779541,4.204999923706055,4.010000228881836,4.170000076293945,13208,0.0,0.0
2024-06-17 10:30:00-04:00,4.150000095367432,4.150000095367432,4.090000152587891,4.090000152587891,2863,0.0,0.0
2024-06-17 11:30:00-04:00,4.099999904632568,4.099999904632568,4.099999904632568,4.099999904632568,167,0.0,0.0
2024-06-17 12:30:00-04:00,4.099999904632568,4.170000076293945,4.099999904632568,4.099999904632568,3220,0.0,0.0
2024-06-17 13:30:00-04:00,4.099999904632568,4.125,4.099999904632568,4.125,2794,0.0,0.0
2024-06-17 14:30:00-04:00,4.070000171661377,4.110000133514404,4.0,4.0,16770,0.0,0.0
2024-06-17 15:30:00-04:00,3.9600000381469727,3.9700000286102295,3.8299999237060547,3.8499999046325684,6191,0.0,0.0
2024-06-18 09:30:00-04:00,3.809999942779541,3.9000000953674316,3.809999942779541,3.9000000953674316,5406,0.0,0.0
2024-06-18 10:30:00-04:00,3.9000000953674316,3.9000000953674316,3.9000000953674316,3.9000000953674316,487,0.0,0.0
2024-06-18 11:30:00-04:00,3.890000104904175,3.9700000286102295,3.875999927520752,3.9600000381469727,8166,0.0,0.0
2024-06-18 12:30:00-04:00,4.03000020980835,4.050000190734863,3.9700000286102295,3.9700000286102295,5499,0.0,0.0
2024-06-18 13:30:00-04:00,3.950900077819824,3.950900077819824,3.890000104904175,3.890000104904175,7347,0.0,0.0
2024-06-18 14:30:00-04:00,3.890000104904175,3.930000066757202,3.890000104904175,3.930000066757202,1618,0.0,0.0
2024-06-18 15:30:00-04:00,3.944999933242798,3.944999933242798,3.890000104904175,3.890000104904175,10667,0.0,0.0
2024-06-20 09:30:00-04:00,3.9000000953674316,3.9986000061035156,3.9000000953674316,3.950000047683716,0,0.0,0.0
2024-06-20 10:30:00-04:00,3.940000057220459,4.050000190734863,3.93179988861084,4.050000190734863,3134,0.0,0.0
2024-06-20 11:30:00-04:00,4.039999961853027,4.10890007019043,4.0,4.0,9493,0.0,0.0
2024-06-20 12:30:00-04:00,4.054999828338623,4.2052001953125,4.054999828338623,4.2052001953125,6179,0.0,0.0
2024-06-20 13:30:00-04:00,4.119999885559082,4.189199924468994,4.034999847412109,4.034999847412109,5790,0.0,0.0
2024-06-20 14:30:00-04:00,4.039999961853027,4.050000190734863,3.9600000381469727,4.005000114440918,9330,0.0,0.0
2024-06-20 15:30:00-04:00,4.005000114440918,4.03000020980835,4.0,4.03000020980835,4683,0.0,0.0
2024-06-21 09:30:00-04:00,4.070000171661377,4.199999809265137,4.0,4.099999904632568,13327,0.0,0.0
2024-06-21 10:30:00-04:00,4.100100040435791,4.150000095367432,4.099999904632568,4.11460018157959,9552,0.0,0.0
2024-06-21 11:30:00-04:00,4.119999885559082,4.150000095367432,4.119999885559082,4.150000095367432,582,0.0,0.0
2024-06-21 12:30:00-04:00,4.135000228881836,4.159999847412109,4.050000190734863,4.150000095367432,65262,0.0,0.0
2024-06-21 13:30:00-04:00,4.150000095367432,4.150000095367432,4.150000095367432,4.150000095367432,464,0.0,0.0
2024-06-21 14:30:00-04:00,4.150000095367432,4.179999828338623,4.150000095367432,4.150000095367432,16160,0.0,0.0
2024-06-21 15:30:00-04:00,4.150000095367432,4.179999828338623,4.150000095367432,4.170000076293945,10702,0.0,0.0
2024-06-24 09:30:00-04:00,4.25,4.340000152587891,4.25,4.3308000564575195,18315,0.0,0.0
2024-06-24 10:30:00-04:00,4.367800235748291,4.367800235748291,4.2581000328063965,4.2581000328063965,6555,0.0,0.0
2024-06-24 11:30:00-04:00,4.269999980926514,4.269999980926514,4.010000228881836,4.010000228881836,10877,0.0,0.0
2024-06-24 12:30:00-04:00,4.059999942779541,4.230000019073486,4.059999942779541,4.119999885559082,1149,0.0,0.0
2024-06-24 13:30:00-04:00,4.269999980926514,4.28000020980835,4.139999866485596,4.28000020980835,4314,0.0,0.0
2024-06-24 14:30:00-04:00,4.235000133514404,4.235000133514404,4.235000133514404,4.235000133514404,328,0.0,0.0
2024-06-24 15:30:00-04:00,4.199999809265137,4.215000152587891,4.070000171661377,4.070000171661377,5054,0.0,0.0
2024-06-25 09:30:00-04:00,4.110000133514404,4.144999980926514,4.0,4.019999980926514,13057,0.0,0.0
2024-06-25 10:30:00-04:00,4.0,4.19920015335083,3.984999895095825,4.135000228881836,33509,0.0,0.0
2024-06-25 11:30:00-04:00,4.090000152587891,4.099999904632568,3.950000047683716,3.950000047683716,6633,0.0,0.0
2024-06-25 12:30:00-04:00,3.950000047683716,3.9691998958587646,3.8708999156951904,3.9691998958587646,3636,0.0,0.0
2024-06-25 13:30:00-04:00,3.880000114440918,3.880000114440918,3.880000114440918,3.880000114440918,540,0.0,0.0
2024-06-25 14:30:00-04:00,3.8101000785827637,3.8919999599456787,3.8101000785827637,3.85509991645813,3919,0.0,0.0
2024-06-25 15:30:00-04:00,3.8399999141693115,3.873199939727783,3.756999969482422,3.7699999809265137,6462,0.0,0.0
2024-06-26 09:30:00-04:00,3.8399999141693115,4.199999809265137,3.8399999141693115,3.930000066757202,18210,0.0,0.0
2024-06-26 10:30:00-04:00,3.8499999046325684,3.9800000190734863,3.819999933242798,3.9800000190734863,4586,0.0,0.0
2024-06-26 12:30:00-04:00,3.8299999237060547,3.8299999237060547,3.8299999237060547,3.8299999237060547,242,0.0,0.0
2024-06-26 13:30:00-04:00,3.9335999488830566,3.9335999488830566,3.9200000762939453,3.9200000762939453,1258,0.0,0.0
2024-06-26 15:30:00-04:00,3.9100000858306885,3.9100000858306885,3.8499999046325684,3.8499999046325684,1961,0.0,0.0
2024-06-27 09:30:00-04:00,3.930000066757202,4.099999904632568,3.890000104904175,3.890000104904175,12253,0.0,0.0
2024-06-27 10:30:00-04:00,3.875,3.875,3.75,3.7723000049591064,7232,0.0,0.0
2024-06-27 11:30:00-04:00,3.7750000953674316,3.799999952316284,3.75,3.7790000438690186,5274,0.0,0.0
2024-06-27 12:30:00-04:00,3.7200000286102295,3.950000047683716,3.7200000286102295,3.8450000286102295,10237,0.0,0.0
2024-06-27 14:30:00-04:00,3.9117000102996826,3.9117000102996826,3.9117000102996826,3.9117000102996826,492,0.0,0.0
2024-06-27 15:30:00-04:00,3.875,3.924999952316284,3.875,3.924999952316284,2355,0.0,0.0
2024-06-28 09:30:00-04:00,3.880000114440918,3.9600000381469727,3.799999952316284,3.800100088119507,0,0.0,0.0
2024-06-28 10:30:00-04:00,3.75,3.778899908065796,3.6500000953674316,3.690000057220459,9387,0.0,0.0
2024-06-28 11:30:00-04:00,3.690000057220459,3.7385001182556152,3.619999885559082,3.6407999992370605,4016,0.0,0.0
2024-06-28 12:30:00-04:00,3.640000104904175,3.6549999713897705,3.549999952316284,3.571199893951416,15500,0.0,0.0
2024-06-28 13:30:00-04:00,3.559999942779541,3.7049999237060547,3.5199999809265137,3.7049999237060547,17223,0.0,0.0
2024-06-28 14:30:00-04:00,3.674999952316284,3.674999952316284,3.609999895095825,3.6700000762939453,2927,0.0,0.0
2024-06-28 15:30:00-04:00,3.634000062942505,3.799999952316284,3.634000062942505,3.799999952316284,6339,0.0,0.0
2024-07-01 09:30:00-04:00,3.819999933242798,3.899899959564209,3.783099889755249,3.8399999141693115,0,0.0,0.0
2024-07-01 10:30:00-04:00,3.8399999141693115,3.8399999141693115,3.825000047683716,3.825000047683716,1226,0.0,0.0
2024-07-01 11:30:00-04:00,3.8499999046325684,3.8499999046325684,3.8499999046325684,3.8499999046325684,1199,0.0,0.0
2024-07-01 13:30:00-04:00,3.7950000762939453,3.7950000762939453,3.740000009536743,3.740000009536743,2009,0.0,0.0
2024-07-01 14:30:00-04:00,3.716599941253662,3.716599941253662,3.716599941253662,3.716599941253662,787,0.0,0.0
2024-07-01 15:30:00-04:00,3.765000104904175,3.809999942779541,3.765000104904175,3.809999942779541,1383,0.0,0.0
2024-07-02 09:30:00-04:00,3.8299999237060547,3.880000114440918,3.789400100708008,3.7950000762939453,5228,0.0,0.0
2024-07-02 10:30:00-04:00,3.7899999618530273,3.819999933242798,3.7899999618530273,3.819999933242798,1595,0.0,0.0
2024-07-02 11:30:00-04:00,3.840100049972534,3.9200000762939453,3.840100049972534,3.9200000762939453,2227,0.0,0.0
2024-07-02 12:30:00-04:00,3.9000000953674316,4.0,3.859499931335449,4.0,2910,0.0,0.0
2024-07-02 13:30:00-04:00,3.930000066757202,3.949899911880493,3.884000062942505,3.884999990463257,754,0.0,0.0
2024-07-02 14:30:00-04:00,3.884999990463257,3.884999990463257,3.884999990463257,3.884999990463257,121,0.0,0.0
2024-07-02 15:30:00-04:00,3.949199914932251,3.950000047683716,3.930000066757202,3.940000057220459,1962,0.0,0.0
2024-07-03 09:30:00-04:00,3.8499999046325684,3.950000047683716,3.7799999713897705,3.7799999713897705,6161,0.0,0.0
2024-07-03 10:30:00-04:00,3.75,3.7899999618530273,3.700000047683716,3.7899999618530273,3701,0.0,0.0
2024-07-03 11:30:00-04:00,3.7899999618530273,3.7899999618530273,3.6500000953674316,3.6500000953674316,2688,0.0,0.0
2024-07-05 09:30:00-04:00,3.759999990463257,3.8598999977111816,3.759999990463257,3.759999990463257,0,0.0,0.0
2024-07-05 10:30:00-04:00,3.759999990463257,3.799999952316284,3.75,3.75,9506,0.0,0.0
2024-07-05 11:30:00-04:00,3.700000047683716,3.700000047683716,3.700000047683716,3.700000047683716,1343,0.0,0.0
2024-07-05 12:30:00-04:00,3.7014999389648438,3.7300000190734863,3.7014999389648438,3.7100000381469727,917,0.0,0.0
2024-07-05 13:30:00-04:00,3.7100000381469727,3.7256999015808105,3.7032999992370605,3.7256999015808105,4772,0.0,0.0
2024-07-05 14:30:00-04:00,3.6600000858306885,3.6600000858306885,3.6600000858306885,3.6600000858306885,5640,0.0,0.0
2024-07-05 15:30:00-04:00,3.680000066757202,3.740000009536743,3.6500000953674316,3.740000009536743,3021,0.0,0.0
2024-07-08 09:30:00-04:00,3.740000009536743,3.799999952316284,3.6500000953674316,3.75,8560,0.0,0.0
2024-07-08 10:30:00-04:00,3.6700000762939453,3.690000057220459,3.6700000762939453,3.690000057220459,2763,0.0,0.0
2024-07-08 11:30:00-04:00,3.680000066757202,3.680000066757202,3.5999999046325684,3.5999999046325684,10983,0.0,0.0
2024-07-08 12:30:00-04:00,3.5899999141693115,3.6050000190734863,3.5899999141693115,3.6050000190734863,3530,0.0,0.0
2024-07-08 13:30:00-04:00,3.6449999809265137,3.6449999809265137,3.619999885559082,3.630000114440918,1192,0.0,0.0
2024-07-08 14:30:00-04:00,3.630000114440918,3.658600091934204,3.5899999141693115,3.5899999141693115,6376,0.0,0.0
2024-07-08 15:30:00-04:00,3.5601000785827637,3.5601000785827637,3.5601000785827637,3.5601000785827637,710,0.0,0.0
2024-07-09 09:30:00-04:00,3.6500000953674316,3.7100000381469727,3.591099977493286,3.591099977493286,18787,0.0,0.0
2024-07-09 11:30:00-04:00,3.690000057220459,3.690000057220459,3.619999885559082,3.619999885559082,3072,0.0,0.0
2024-07-09 12:30:00-04:00,3.630000114440918,3.640000104904175,3.630000114440918,3.630000114440918,2155,0.0,0.0
2024-07-09 14:30:00-04:00,3.5601000785827637,3.640000104904175,3.430000066757202,3.430000066757202,20996,0.0,0.0
2024-07-09 15:30:00-04:00,3.492500066757202,3.492500066757202,3.390000104904175,3.4000000953674316,5421,0.0,0.0
2024-07-10 09:30:00-04:00,3.450000047683716,3.450000047683716,3.2799999713897705,3.3499999046325684,11018,0.0,0.0
2024-07-10 10:30:00-04:00,3.309999942779541,3.309999942779541,3.2802000045776367,3.2802000045776367,6188,0.0,0.0
2024-07-10 11:30:00-04:00,3.259999990463257,3.3322999477386475,3.259999990463257,3.3322999477386475,2391,0.0,0.0
2024-07-10 12:30:00-04:00,3.2899999618530273,3.309999942779541,3.2699999809265137,3.309999942779541,3117,0.0,0.0
2024-07-10 13:30:00-04:00,3.319999933242798,3.389899969100952,3.309999942779541,3.389899969100952,2415,0.0,0.0
2024-07-10 14:30:00-04:00,3.368000030517578,3.368000030517578,3.299999952316284,3.299999952316284,6291,0.0,0.0
2024-07-10 15:30:00-04:00,3.2950000762939453,3.2950000762939453,3.2899999618530273,3.2899999618530273,966,0.0,0.0
2024-07-11 09:30:00-04:00,3.2799999713897705,3.490000009536743,3.25,3.4000000953674316,26684,0.0,0.0
2024-07-11 10:30:00-04:00,3.490000009536743,3.614000082015991,3.3949999809265137,3.5399999618530273,16208,0.0,0.0
2024-07-11 11:30:00-04:00,3.559999942779541,3.559999942779541,3.5299999713897705,3.5299999713897705,4122,0.0,0.0
2024-07-11 12:30:00-04:00,3.5299999713897705,3.640000104904175,3.5199999809265137,3.5899999141693115,5780,0.0,0.0
2024-07-11 13:30:00-04:00,3.5399999618530273,3.5399999618530273,3.5399999618530273,3.5399999618530273,841,0.0,0.0
2024-07-11 14:30:00-04:00,3.5399999618530273,3.5399999618530273,3.5399999618530273,3.5399999618530273,108,0.0,0.0
2024-07-11 15:30:00-04:00,3.5399999618530273,3.6700000762939453,3.5399999618530273,3.6700000762939453,2376,0.0,0.0
2024-07-12 09:30:00-04:00,3.5999999046325684,3.6549999713897705,3.5999999046325684,3.600100040435791,2722,0.0,0.0
2024-07-12 10:30:00-04:00,3.6600000858306885,3.70989990234375,3.609999895095825,3.609999895095825,2262,0.0,0.0
2024-07-12 11:30:00-04:00,3.609999895095825,3.609999895095825,3.609999895095825,3.609999895095825,659,0.0,0.0
2024-07-12 12:30:00-04:00,3.699899911880493,3.699899911880493,3.640000104904175,3.6500000953674316,2468,0.0,0.0
2024-07-12 13:30:00-04:00,3.609999895095825,3.75,3.5999999046325684,3.7149999141693115,4943,0.0,0.0
2024-07-12 15:30:00-04:00,3.6600000858306885,3.700000047683716,3.6214001178741455,3.640000104904175,3537,0.0,0.0
2024-07-15 09:30:00-04:00,3.7799999713897705,3.805000066757202,3.7100000381469727,3.805000066757202,3912,0.0,0.0
2024-07-15 10:30:00-04:00,3.7799999713897705,3.930000066757202,3.7750000953674316,3.859999895095825,13300,0.0,0.0
2024-07-15 11:30:00-04:00,4.011000156402588,4.011000156402588,3.949899911880493,3.9800000190734863,4570,0.0,0.0
2024-07-15 12:30:00-04:00,3.994999885559082,4.119999885559082,3.944999933242798,4.0,20286,0.0,0.0
2024-07-15 13:30:00-04:00,3.9825000762939453,4.0,3.950000047683716,4.0,2439,0.0,0.0
2024-07-15 14:30:00-04:00,4.003200054168701,4.003200054168701,4.003200054168701,4.003200054168701,491,0.0,0.0
2024-07-15 15:30:00-04:00,3.990000009536743,4.010000228881836,3.9600000381469727,3.9600000381469727,1937,0.0,0.0
2024-07-16 09:30:00-04:00,3.930000066757202,4.190000057220459,3.8499999046325684,4.050000190734863,32440,0.0,0.0
2024-07-16 10:30:00-04:00,4.059999942779541,4.099999904632568,3.940000057220459,3.9600000381469727,108535,0.0,0.0
2024-07-16 11:30:00-04:00,3.940000057220459,4.0,3.940000057220459,3.940000057220459,21948,0.0,0.0
2024-07-16 12:30:00-04:00,3.9999001026153564,3.9999001026153564,3.875699996948242,3.875699996948242,2595,0.0,0.0
2024-07-16 13:30:00-04:00,3.9351000785827637,4.03000020980835,3.9351000785827637,4.019999980926514,12059,0.0,0.0
2024-07-16 14:30:00-04:00,3.984999895095825,4.03000020980835,3.940000057220459,3.940000057220459,8781,0.0,0.0
2024-07-16 15:30:00-04:00,3.940000057220459,4.03000020980835,3.8907999992370605,3.990000009536743,2871,0.0,0.0
2024-07-17 09:30:00-04:00,3.880000114440918,4.019999980926514,3.700000047683716,3.9149999618530273,0,0.0,0.0
2024-07-17 10:30:00-04:00,3.865000009536743,3.865000009536743,3.865000009536743,3.865000009536743,1218,0.0,0.0
2024-07-17 11:30:00-04:00,3.8550000190734863,3.8550000190734863,3.8550000190734863,3.8550000190734863,1109,0.0,0.0
2024-07-17 12:30:00-04:00,3.8499999046325684,3.8499999046325684,3.8399999141693115,3.8450000286102295,1599,0.0,0.0
2024-07-17 13:30:00-04:00,3.8450000286102295,3.8450000286102295,3.8299999237060547,3.8299999237060547,1332,0.0,0.0
2024-07-17 14:30:00-04:00,3.809999942779541,3.809999942779541,3.759999990463257,3.759999990463257,3232,0.0,0.0
2024-07-17 15:30:00-04:00,3.7100000381469727,3.7100000381469727,3.700000047683716,3.700000047683716,976,0.0,0.0
2024-07-18 09:30:00-04:00,3.761399984359741,3.8499999046325684,3.6500000953674316,3.6500000953674316,28110,0.0,0.0
2024-07-18 10:30:00-04:00,3.6303000450134277,3.6303000450134277,3.609999895095825,3.609999895095825,2676,0.0,0.0
2024-07-18 11:30:00-04:00,3.6119000911712646,3.6119000911712646,3.6119000911712646,3.6119000911712646,1684,0.0,0.0
2024-07-18 12:30:00-04:00,3.619999885559082,3.619999885559082,3.619999885559082,3.619999885559082,160,0.0,0.0
2024-07-18 13:30:00-04:00,3.619999885559082,3.619999885559082,3.619999885559082,3.619999885559082,550,0.0,0.0
2024-07-18 14:30:00-04:00,3.509999990463257,3.549999952316284,3.450000047683716,3.450000047683716,16402,0.0,0.0
2024-07-18 15:30:00-04:00,3.4600000381469727,3.4600000381469727,3.359999895095825,3.434999942779541,3313,0.0,0.0
2024-07-19 09:30:00-04:00,3.299999952316284,3.8399999141693115,3.299999952316284,3.5,7744,0.0,0.0
2024-07-19 10:30:00-04:00,3.4800000190734863,3.489300012588501,3.3299999237060547,3.36929988861084,12698,0.0,0.0
2024-07-19 11:30:00-04:00,3.390000104904175,3.390000104904175,3.069999933242798,3.194999933242798,44101,0.0,0.0
2024-07-19 12:30:00-04:00,3.210599899291992,3.2200000286102295,3.109999895095825,3.109999895095825,3494,0.0,0.0
2024-07-19 13:30:00-04:00,3.111999988555908,3.190000057220459,3.0899999141693115,3.1710000038146973,23315,0.0,0.0
2024-07-19 14:30:00-04:00,3.180000066757202,3.2100000381469727,3.069999933242798,3.0999999046325684,72331,0.0,0.0
2024-07-19 15:30:00-04:00,3.140000104904175,3.140000104904175,3.009999990463257,3.049999952316284,45104,0.0,0.0
2024-07-22 09:30:00-04:00,3.0299999713897705,3.2100000381469727,3.0199999809265137,3.0999999046325684,43442,0.0,0.0
2024-07-22 10:30:00-04:00,3.0899999141693115,3.259999990463257,3.0899999141693115,3.0999999046325684,29111,0.0,0.0
2024-07-22 11:30:00-04:00,3.109999895095825,3.200000047683716,3.109999895095825,3.200000047683716,302,0.0,0.0
2024-07-22 12:30:00-04:00,3.130000114440918,3.130000114440918,3.0799999237060547,3.0799999237060547,2084,0.0,0.0
2024-07-22 13:30:00-04:00,3.151700019836426,3.151700019836426,3.151700019836426,3.151700019836426,712,0.0,0.0
2024-07-22 14:30:00-04:00,3.140000104904175,3.1700000762939453,3.059999942779541,3.1700000762939453,5689,0.0,0.0
2024-07-22 15:30:00-04:00,3.1500000953674316,3.1649999618530273,3.0799999237060547,3.1649999618530273,1729,0.0,0.0
2024-07-23 09:30:00-04:00,3.189300060272217,3.2100000381469727,3.180000066757202,3.2100000381469727,6954,0.0,0.0
2024-07-23 10:30:00-04:00,3.194999933242798,3.194999933242798,3.180000066757202,3.180000066757202,1021,0.0,0.0
2024-07-23 11:30:00-04:00,3.2100000381469727,3.2200000286102295,3.2100000381469727,3.2200000286102295,1418,0.0,0.0
2024-07-23 13:30:00-04:00,3.130000114440918,3.130000114440918,3.125,3.125,1611,0.0,0.0
2024-07-23 14:30:00-04:00,3.109999895095825,3.109999895095825,3.109999895095825,3.109999895095825,626,0.0,0.0
2024-07-23 15:30:00-04:00,3.0399999618530273,3.0850000381469727,3.0199999809265137,3.0299999713897705,8340,0.0,0.0
2024-07-24 09:30:00-04:00,3.0199999809265137,3.119999885559082,3.0,3.0,12217,0.0,0.0
2024-07-24 10:30:00-04:00,2.9749999046325684,3.009999990463257,2.9000000953674316,2.9000000953674316,13071,0.0,0.0
2024-07-24 11:30:00-04:00,2.8512001037597656,2.950000047683716,2.8512001037597656,2.950000047683716,1618,0.0,0.0
2024-07-24 12:30:00-04:00,2.9749999046325684,2.990000009536743,2.9600000381469727,2.9809999465942383,2448,0.0,0.0
2024-07-24 13:30:00-04:00,2.9600000381469727,2.9649999141693115,2.930000066757202,2.930000066757202,3549,0.0,0.0
2024-07-24 14:30:00-04:00,2.9600000381469727,2.9600000381469727,2.8949999809265137,2.8949999809265137,5185,0.0,0.0
2024-07-24 15:30:00-04:00,2.8399999141693115,2.8399999141693115,2.799999952316284,2.809999942779541,3266,0.0,0.0
2024-07-25 09:30:00-04:00,2.859999895095825,2.990000009536743,2.859999895095825,2.9467999935150146,6341,0.0,0.0
2024-07-25 10:30:00-04:00,2.9100000858306885,2.95989990234375,2.9000000953674316,2.95989990234375,2634,0.0,0.0
2024-07-25 11:30:00-04:00,2.869999885559082,2.869999885559082,2.799999952316284,2.799999952316284,4425,0.0,0.0
2024-07-25 12:30:00-04:00,2.809999942779541,2.809999942779541,2.809999942779541,2.809999942779541,171,0.0,0.0
2024-07-25 13:30:00-04:00,2.8450000286102295,2.890000104904175,2.8450000286102295,2.890000104904175,9536,0.0,0.0
2024-07-25 14:30:00-04:00,2.880000114440918,2.880000114440918,2.850399971008301,2.850399971008301,527,0.0,0.0
2024-07-25 15:30:00-04:00,2.8399999141693115,2.8399999141693115,2.7799999713897705,2.7799999713897705,3675,0.0,0.0
2024-07-26 09:30:00-04:00,2.880000114440918,2.9800000190734863,2.880000114440918,2.9800000190734863,4292,0.0,0.0
2024-07-26 10:30:00-04:00,2.930000066757202,2.984999895095825,2.930000066757202,2.9600000381469727,3082,0.0,0.0
2024-07-26 11:30:00-04:00,2.950000047683716,2.950000047683716,2.924999952316284,2.950000047683716,794,0.0,0.0
2024-07-26 12:30:00-04:00,2.920799970626831,2.930000066757202,2.920799970626831,2.930000066757202,819,0.0,0.0
2024-07-26 13:30:00-04:00,2.940000057220459,2.950000047683716,2.9296998977661133,2.9296998977661133,1528,0.0,0.0
2024-07-26 14:30:00-04:00,2.930000066757202,3.0950000286102295,2.930000066757202,3.0950000286102295,21498,0.0,0.0
2024-07-26 15:30:00-04:00,3.049999952316284,3.0606000423431396,2.8399999141693115,2.869999885559082,14992,0.0,0.0
2024-07-29 09:30:00-04:00,3.0,3.0,2.880000114440918,2.950000047683716,11216,0.0,0.0
2024-07-29 10:30:00-04:00,2.9200000762939453,3.0399999618530273,2.9100000858306885,2.950000047683716,22981,0.0,0.0
2024-07-29 11:30:00-04:00,2.9865000247955322,2.9865000247955322,2.9865000247955322,2.9865000247955322,3286,0.0,0.0
2024-07-29 12:30:00-04:00,2.9549999237060547,2.9549999237060547,2.9549999237060547,2.9549999237060547,163,0.0,0.0
2024-07-29 13:30:00-04:00,2.9700000286102295,2.9700000286102295,2.9000000953674316,2.9000000953674316,2621,0.0,0.0
2024-07-29 14:30:00-04:00,2.95989990234375,2.95989990234375,2.950000047683716,2.950000047683716,2442,0.0,0.0
2024-07-29 15:30:00-04:00,2.934999942779541,2.950000047683716,2.8399999141693115,2.859999895095825,6981,0.0,0.0
2024-07-30 09:30:00-04:00,2.890000104904175,2.9000000953674316,2.890000104904175,2.9000000953674316,4503,0.0,0.0
2024-07-30 10:30:00-04:00,2.909899950027466,2.909899950027466,2.759999990463257,2.7899999618530273,15915,0.0,0.0
2024-07-30 11:30:00-04:00,2.8299999237060547,2.8299999237060547,2.8299999237060547,2.8299999237060547,784,0.0,0.0
2024-07-30 12:30:00-04:00,2.8299999237060547,2.8299999237060547,2.8299999237060547,2.8299999237060547,594,0.0,0.0
2024-07-30 13:30:00-04:00,2.849900007247925,2.869999885559082,2.8213000297546387,2.869999885559082,1989,0.0,0.0
2024-07-30 14:30:00-04:00,2.880000114440918,2.9200000762939453,2.880000114440918,2.9200000762939453,280,0.0,0.0
2024-07-30 15:30:00-04:00,2.890000104904175,2.906100034713745,2.8499999046325684,2.8499999046325684,13439,0.0,0.0
2024-07-31 09:30:00-04:00,2.929500102996826,2.929500102996826,2.8299999237060547,2.8299999237060547,1147,0.0,0.0
2024-07-31 10:30:00-04:00,2.9049999713897705,2.9049999713897705,2.9049999713897705,2.9049999713897705,1711,0.0,0.0
2024-07-31 11:30:00-04:00,2.9000000953674316,2.930000066757202,2.9000000953674316,2.930000066757202,3886,0.0,0.0
2024-07-31 12:30:00-04:00,2.9100000858306885,2.9100000858306885,2.890000104904175,2.890000104904175,3229,0.0,0.0
2024-07-31 13:30:00-04:00,2.9200000762939453,2.9200000762939453,2.869999885559082,2.869999885559082,1146,0.0,0.0
2024-07-31 15:30:00-04:00,2.8499999046325684,2.8499999046325684,2.7799999713897705,2.799999952316284,2665,0.0,0.0
2024-08-01 09:30:00-04:00,2.799999952316284,2.8299999237060547,2.6500000953674316,2.759500026702881,9946,0.0,0.0
2024-08-01 10:30:00-04:00,2.7100000381469727,2.7100000381469727,2.680000066757202,2.680000066757202,2773,0.0,0.0
2024-08-01 11:30:00-04:00,2.6600000858306885,2.690000057220459,2.6600000858306885,2.690000057220459,4566,0.0,0.0
2024-08-01 12:30:00-04:00,2.6981000900268555,2.700000047683716,2.6981000900268555,2.700000047683716,7022,0.0,0.0
2024-08-01 13:30:00-04:00,2.670099973678589,2.670099973678589,2.670099973678589,2.670099973678589,1373,0.0,0.0
2024-08-01 14:30:00-04:00,2.7200000286102295,2.75,2.7200000286102295,2.75,646,0.0,0.0
2024-08-01 15:30:00-04:00,2.700000047683716,2.700000047683716,2.609999895095825,2.680000066757202,11017,0.0,0.0
2024-08-02 09:30:00-04:00,2.799999952316284,2.807499885559082,2.5999999046325684,2.6600000858306885,11367,0.0,0.0
2024-08-02 10:30:00-04:00,2.7100000381469727,2.7100000381469727,2.5399999618530273,2.5850000381469727,3622,0.0,0.0
2024-08-02 11:30:00-04:00,2.619999885559082,2.6600000858306885,2.609999895095825,2.615000009536743,14561,0.0,0.0
2024-08-02 12:30:00-04:00,2.609999895095825,2.7499001026153564,2.609999895095825,2.6800999641418457,3796,0.0,0.0
2024-08-02 13:30:00-04:00,2.7100000381469727,2.7660000324249268,2.7100000381469727,2.7660000324249268,2583,0.0,0.0
2024-08-02 14:30:00-04:00,2.745300054550171,2.75,2.712399959564209,2.712399959564209,4264,0.0,0.0
2024-08-02 15:30:00-04:00,2.7300000190734863,2.759999990463257,2.621999979019165,2.621999979019165,7153,0.0,0.0
2024-08-05 09:30:00-04:00,2.5,2.569999933242798,2.440000057220459,2.4700000286102295,9904,0.0,0.0
2024-08-05 10:30:00-04:00,2.4600000381469727,2.4700000286102295,2.4100000858306885,2.4600000381469727,3766,0.0,0.0
2024-08-05 11:30:00-04:00,2.440000057220459,2.440000057220459,2.3608999252319336,2.3608999252319336,7095,0.0,0.0
2024-08-05 12:30:00-04:00,2.369999885559082,2.4700000286102295,2.3399999141693115,2.4100000858306885,13705,0.0,0.0
2024-08-05 13:30:00-04:00,2.4200000762939453,2.502000093460083,2.4200000762939453,2.440000057220459,2960,0.0,0.0
2024-08-05 14:30:00-04:00,2.509999990463257,2.509999990463257,2.450000047683716,2.450000047683716,3173,0.0,0.0
2024-08-05 15:30:00-04:00,2.490000009536743,2.490000009536743,2.450000047683716,2.450000047683716,1690,0.0,0.0
2024-08-06 09:30:00-04:00,2.694999933242798,2.694999933242798,2.466599941253662,2.5399999618530273,2925,0.0,0.0
2024-08-06 10:30:00-04:00,2.361999988555908,2.440000057220459,2.2950000762939453,2.361999988555908,7462,0.0,0.0
2024-08-06 11:30:00-04:00,2.319999933242798,2.4976000785827637,2.319999933242798,2.4976000785827637,3222,0.0,0.0
2024-08-06 12:30:00-04:00,2.4549999237060547,2.4800000190734863,2.4549999237060547,2.4800000190734863,400,0.0,0.0
2024-08-06 13:30:00-04:00,2.4200000762939453,2.490000009536743,2.3622000217437744,2.490000009536743,3068,0.0,0.0
2024-08-06 14:30:00-04:00,2.380000114440918,2.4700000286102295,2.380000114440918,2.4700000286102295,3429,0.0,0.0
2024-08-06 15:30:00-04:00,2.4600000381469727,2.4600000381469727,2.369999885559082,2.459700107574463,5898,0.0,0.0
2024-08-07 09:30:00-04:00,2.5299999713897705,2.790600061416626,2.4800000190734863,2.4800000190734863,3990,0.0,0.0
2024-08-07 10:30:00-04:00,2.4700000286102295,2.4700000286102295,2.4700000286102295,2.4700000286102295,323,0.0,0.0
2024-08-07 11:30:00-04:00,2.440000057220459,2.440000057220459,2.4010000228881836,2.410099983215332,4737,0.0,0.0
2024-08-07 12:30:00-04:00,2.430000066757202,2.4800000190734863,2.4237000942230225,2.430000066757202,2799,0.0,0.0
2024-08-07 13:30:00-04:00,2.450000047683716,2.450000047683716,2.450000047683716,2.450000047683716,610,0.0,0.0
2024-08-07 14:30:00-04:00,2.4600000381469727,2.4600000381469727,2.4600000381469727,2.4600000381469727,1187,0.0,0.0
2024-08-07 15:30:00-04:00,2.444700002670288,2.444700002670288,2.430000066757202,2.430000066757202,0,0.0,0.0
2024-08-08 09:30:00-04:00,2.450000047683716,2.469899892807007,2.3550000190734863,2.380000114440918,10945,0.0,0.0
2024-08-08 11:30:00-04:00,2.3350000381469727,2.3587000370025635,2.3299999237060547,2.3299999237060547,4911,0.0,0.0
2024-08-08 12:30:00-04:00,2.3299999237060547,2.369999885559082,2.309999942779541,2.369999885559082,4898,0.0,0.0
2024-08-08 13:30:00-04:00,2.3299999237060547,2.444999933242798,2.319999933242798,2.444999933242798,1188,0.0,0.0
2024-08-08 15:30:00-04:00,2.559999942779541,2.559999942779541,2.4100000858306885,2.4100000858306885,1534,0.0,0.0
2024-08-09 09:30:00-04:00,2.380000114440918,2.5381999015808105,2.380000114440918,2.5381999015808105,5704,0.0,0.0
2024-08-09 10:30:00-04:00,2.4600000381469727,2.4600000381469727,2.4600000381469727,2.4600000381469727,233,0.0,0.0
2024-08-09 11:30:00-04:00,2.4200000762939453,2.4200000762939453,2.4200000762939453,2.4200000762939453,405,0.0,0.0
2024-08-09 12:30:00-04:00,2.4200000762939453,2.4200000762939453,2.3550000190734863,2.3550000190734863,2420,0.0,0.0
2024-08-09 13:30:00-04:00,2.3499999046325684,2.3949999809265137,2.2799999713897705,2.2799999713897705,8488,0.0,0.0
2024-08-09 14:30:00-04:00,2.2799999713897705,2.3399999141693115,2.25,2.3399999141693115,4362,0.0,0.0
2024-08-09 15:30:00-04:00,2.309999942779541,2.3399999141693115,2.259999990463257,2.259999990463257,4082,0.0,0.0
2024-08-12 09:30:00-04:00,2.309999942779541,2.490000009536743,2.309999942779541,2.440000057220459,3226,0.0,0.0
2024-08-12 10:30:00-04:00,2.4200000762939453,2.4549999237060547,2.4000000953674316,2.4000000953674316,6206,0.0,0.0
2024-08-12 11:30:00-04:00,2.440000057220459,2.440000057220459,2.440000057220459,2.440000057220459,4042,0.0,0.0
2024-08-12 12:30:00-04:00,2.3949999809265137,2.3949999809265137,2.359999895095825,2.359999895095825,1426,0.0,0.0
2024-08-12 13:30:00-04:00,2.4600000381469727,2.4600000381469727,2.434999942779541,2.434999942779541,3127,0.0,0.0
2024-08-12 15:30:00-04:00,2.4012999534606934,2.4012999534606934,2.371999979019165,2.371999979019165,7441,0.0,0.0
2024-08-13 09:30:00-04:00,2.5299999713897705,2.880000114440918,2.5299999713897705,2.799999952316284,32187,0.0,0.0
2024-08-13 10:30:00-04:00,2.799999952316284,2.9100000858306885,2.7899999618530273,2.8399999141693115,20499,0.0,0.0
2024-08-13 11:30:00-04:00,2.869999885559082,3.0620999336242676,2.869999885559082,3.0589001178741455,21736,0.0,0.0
2024-08-13 12:30:00-04:00,3.059999942779541,3.0899999141693115,2.5899999141693115,2.7899999618530273,21588,0.0,0.0
2024-08-13 13:30:00-04:00,2.6600000858306885,2.7599000930786133,2.6500000953674316,2.7599000930786133,3508,0.0,0.0
2024-08-13 14:30:00-04:00,2.674999952316284,2.700000047683716,2.6649999618530273,2.680000066757202,3805,0.0,0.0
2024-08-13 15:30:00-04:00,2.6979000568389893,2.6979000568389893,2.6700000762939453,2.680000066757202,3151,0.0,0.0
2024-08-14 09:30:00-04:00,2.680000066757202,2.7100000381469727,2.659899950027466,2.659899950027466,3321,0.0,0.0
2024-08-14 10:30:00-04:00,2.6500000953674316,2.6700000762939453,2.5899999141693115,2.6050000190734863,3714,0.0,0.0
2024-08-14 11:30:00-04:00,2.609999895095825,2.7200000286102295,2.5899999141693115,2.5899999141693115,13837,0.0,0.0
2024-08-14 12:30:00-04:00,2.7070000171661377,2.7399001121520996,2.6700000762939453,2.6700000762939453,8175,0.0,0.0
2024-08-14 14:30:00-04:00,2.745800018310547,2.745800018310547,2.6700000762939453,2.740000009536743,17373,0.0,0.0
2024-08-14 15:30:00-04:00,2.690000057220459,2.690000057220459,2.6500000953674316,2.680000066757202,5217,0.0,0.0
2024-08-15 09:30:00-04:00,2.609999895095825,2.7100000381469727,2.609999895095825,2.7100000381469727,10177,0.0,0.0
2024-08-15 10:30:00-04:00,2.7249999046325684,2.7249999046325684,2.7249999046325684,2.7249999046325684,996,0.0,0.0
2024-08-15 11:30:00-04:00,2.740000009536743,2.7600998878479004,2.740000009536743,2.7600998878479004,1398,0.0,0.0
2024-08-15 12:30:00-04:00,2.7750000953674316,2.787899971008301,2.740000009536743,2.740000009536743,2312,0.0,0.0
2024-08-15 13:30:00-04:00,2.740000009536743,2.740000009536743,2.740000009536743,2.740000009536743,961,0.0,0.0
2024-08-15 14:30:00-04:00,2.700000047683716,2.700000047683716,2.700000047683716,2.700000047683716,316,0.0,0.0
2024-08-15 15:30:00-04:00,2.7100000381469727,2.7100000381469727,2.680000066757202,2.7100000381469727,2394,0.0,0.0
2024-08-16 09:30:00-04:00,2.619999885559082,2.7750000953674316,2.6103999614715576,2.7750000953674316,7807,0.0,0.0
2024-08-16 10:30:00-04:00,2.759999990463257,2.759999990463257,2.759999990463257,2.759999990463257,753,0.0,0.0
2024-08-16 11:30:00-04:00,2.759999990463257,2.7769999504089355,2.759999990463257,2.7769999504089355,1502,0.0,0.0
2024-08-16 12:30:00-04:00,2.7750000953674316,2.7750000953674316,2.759999990463257,2.765000104904175,4963,0.0,0.0
2024-08-16 13:30:00-04:00,2.759999990463257,2.765000104904175,2.759999990463257,2.765000104904175,16811,0.0,0.0
2024-08-16 14:30:00-04:00,2.765000104904175,2.7699999809265137,2.759999990463257,2.759999990463257,3666,0.0,0.0
2024-08-16 15:30:00-04:00,2.7799999713897705,2.7899999618530273,2.759999990463257,2.7899999618530273,1371,0.0,0.0
2024-08-19 09:30:00-04:00,2.7799999713897705,2.799999952316284,2.7799999713897705,2.7899999618530273,8191,0.0,0.0
2024-08-19 10:30:00-04:00,2.8399999141693115,2.859999895095825,2.819999933242798,2.8290998935699463,6844,0.0,0.0
2024-08-19 11:30:00-04:00,2.880000114440918,2.890000104904175,2.859999895095825,2.859999895095825,895,0.0,0.0
2024-08-19 12:30:00-04:00,2.869999885559082,2.9100000858306885,2.799999952316284,2.799999952316284,6337,0.0,0.0
2024-08-19 13:30:00-04:00,2.8299999237060547,2.8299999237060547,2.8299999237060547,2.8299999237060547,971,0.0,0.0
2024-08-19 14:30:00-04:00,2.825000047683716,2.8399999141693115,2.825000047683716,2.8350000381469727,836,0.0,0.0
2024-08-19 15:30:00-04:00,2.865000009536743,2.880000114440918,2.8299999237060547,2.869999885559082,12148,0.0,0.0
2024-08-20 09:30:00-04:00,2.930000066757202,2.9600000381469727,2.930000066757202,2.9600000381469727,13531,0.0,0.0
2024-08-20 12:30:00-04:00,2.9200000762939453,2.9200000762939453,2.9200000762939453,2.9200000762939453,2710,0.0,0.0
2024-08-20 13:30:00-04:00,2.880000114440918,2.880000114440918,2.7600998878479004,2.869999885559082,1708,0.0,0.0
2024-08-20 14:30:00-04:00,2.869999885559082,2.869999885559082,2.869999885559082,2.869999885559082,206,0.0,0.0
2024-08-20 15:30:00-04:00,2.8399999141693115,2.8399999141693115,2.7699999809265137,2.8299999237060547,3908,0.0,0.0
2024-08-21 09:30:00-04:00,2.9600000381469727,3.0399999618530273,2.819999933242798,2.819999933242798,5087,0.0,0.0
2024-08-21 10:30:00-04:00,2.9000000953674316,2.9749999046325684,2.8877999782562256,2.9749999046325684,5304,0.0,0.0
2024-08-21 12:30:00-04:00,2.934999942779541,2.934999942779541,2.9100000858306885,2.9100000858306885,1503,0.0,0.0
2024-08-21 13:30:00-04:00,2.930000066757202,2.9700000286102295,2.930000066757202,2.9700000286102295,1015,0.0,0.0
2024-08-21 14:30:00-04:00,2.950000047683716,2.9600000381469727,2.940000057220459,2.958699941635132,3506,0.0,0.0
2024-08-21 15:30:00-04:00,2.940000057220459,2.950000047683716,2.930000066757202,2.940000057220459,2941,0.0,0.0
2024-08-22 09:30:00-04:00,3.0399999618530273,3.0399999618530273,3.0,3.0250000953674316,2914,0.0,0.0
2024-08-22 10:30:00-04:00,3.0309998989105225,3.049999952316284,2.9800000190734863,2.9800000190734863,4397,0.0,0.0
2024-08-22 11:30:00-04:00,3.0299999713897705,3.039799928665161,3.0199999809265137,3.0199999809265137,1768,0.0,0.0
2024-08-22 12:30:00-04:00,3.0213000774383545,3.0399999618530273,3.0213000774383545,3.0399999618530273,266,0.0,0.0
2024-08-22 13:30:00-04:00,3.030600070953369,3.030600070953369,3.0199999809265137,3.0199999809265137,939,0.0,0.0
2024-08-22 14:30:00-04:00,3.0199999809265137,3.0199999809265137,3.0199999809265137,3.0199999809265137,517,0.0,0.0
2024-08-22 15:30:00-04:00,3.0399999618530273,3.0892999172210693,3.0,3.0199999809265137,7132,0.0,0.0
2024-08-23 09:30:00-04:00,3.109999895095825,3.109999895095825,3.0313000679016113,3.0313000679016113,4907,0.0,0.0
2024-08-23 10:30:00-04:00,3.0899999141693115,3.119999885559082,3.0799999237060547,3.119999885559082,4927,0.0,0.0
2024-08-23 11:30:00-04:00,3.059999942779541,3.130000114440918,3.059999942779541,3.0799999237060547,1175,0.0,0.0
2024-08-23 14:30:00-04:00,3.109999895095825,3.118499994277954,3.109999895095825,3.118499994277954,1933,0.0,0.0
2024-08-23 15:30:00-04:00,3.0899999141693115,3.0999999046325684,3.0199999809265137,3.0799999237060547,3039,0.0,0.0
2024-08-26 09:30:00-04:00,3.109999895095825,3.109999895095825,3.069999933242798,3.1031999588012695,0,0.0,0.0
2024-08-26 10:30:00-04:00,3.050100088119507,3.0899999141693115,3.0299999713897705,3.0399999618530273,12793,0.0,0.0
2024-08-26 13:30:00-04:00,3.0399999618530273,3.119999885559082,3.0350000858306885,3.119999885559082,1529,0.0,0.0
2024-08-26 14:30:00-04:00,3.0950000286102295,3.119999885559082,3.0950000286102295,3.119999885559082,1261,0.0,0.0
2024-08-26 15:30:00-04:00,3.0299999713897705,3.0399999618530273,3.0299999713897705,3.0299999713897705,3195,0.0,0.0
2024-08-27 09:30:00-04:00,3.069999933242798,3.069999933242798,3.059999942779541,3.059999942779541,406,0.0,0.0
2024-08-27 10:30:00-04:00,3.0799999237060547,3.0799999237060547,3.0799999237060547,3.0799999237060547,830,0.0,0.0
2024-08-27 12:30:00-04:00,3.059999942779541,3.0601999759674072,3.0399999618530273,3.0399999618530273,4805,0.0,0.0
2024-08-27 13:30:00-04:00,3.0350000858306885,3.069999933242798,3.0350000858306885,3.059999942779541,2771,0.0,0.0
2024-08-27 14:30:00-04:00,3.0299999713897705,3.5,3.0199999809265137,3.309999942779541,144818,0.0,0.0
2024-08-27 15:30:00-04:00,3.309999942779541,3.369999885559082,3.309999942779541,3.3359999656677246,6051,0.0,0.0
2024-08-28 09:30:00-04:00,3.440000057220459,3.4600000381469727,3.243799924850464,3.2850000858306885,5170,0.0,0.0
2024-08-28 10:30:00-04:00,3.2699999809265137,3.2699999809265137,3.2200000286102295,3.2200000286102295,1405,0.0,0.0
2024-08-28 11:30:00-04:00,3.1700000762939453,3.180000066757202,3.072000026702881,3.0799999237060547,4878,0.0,0.0
2024-08-28 12:30:00-04:00,3.0299999713897705,3.054500102996826,2.9800000190734863,3.0299999713897705,8205,0.0,0.0
2024-08-28 13:30:00-04:00,3.049999952316284,3.059999942779541,3.0299999713897705,3.0299999713897705,1266,0.0,0.0
2024-08-28 14:30:00-04:00,3.0299999713897705,3.0299999713897705,3.0299999713897705,3.0299999713897705,1186,0.0,0.0
2024-08-28 15:30:00-04:00,3.010200023651123,3.0106000900268555,3.010200023651123,3.0106000900268555,622,0.0,0.0
2024-08-29 09:30:00-04:00,3.009999990463257,3.0769999027252197,3.0,3.0299999713897705,4565,0.0,0.0
2024-08-29 10:30:00-04:00,3.049999952316284,3.049999952316284,3.0,3.0,1154,0.0,0.0
2024-08-29 11:30:00-04:00,3.0199999809265137,3.0199999809265137,3.0,3.0,4377,0.0,0.0
2024-08-29 12:30:00-04:00,2.9600000381469727,2.9600000381469727,2.799999952316284,2.8299999237060547,14715,0.0,0.0
2024-08-29 13:30:00-04:00,2.875,2.890000104904175,2.875,2.890000104904175,421,0.0,0.0
2024-08-29 14:30:00-04:00,2.880000114440918,2.9000000953674316,2.8201000690460205,2.9000000953674316,2715,0.0,0.0
2024-08-29 15:30:00-04:00,2.819999933242798,2.819999933242798,2.819999933242798,2.819999933242798,203,0.0,0.0
2024-08-30 09:30:00-04:00,2.940000057220459,2.940000057220459,2.757499933242798,2.859999895095825,13420,0.0,0.0
2024-08-30 11:30:00-04:00,2.8580000400543213,2.8580000400543213,2.819999933242798,2.8499999046325684,1023,0.0,0.0
2024-08-30 12:30:00-04:00,2.825000047683716,3.3299999237060547,2.825000047683716,3.309999942779541,128138,0.0,0.0
2024-08-30 13:30:00-04:00,3.3299999237060547,3.5999999046325684,3.2699999809265137,3.5299999713897705,103193,0.0,0.0
2024-08-30 14:30:00-04:00,3.502000093460083,3.5399999618530273,3.119999885559082,3.380000114440918,77674,0.0,0.0
2024-08-30 15:30:00-04:00,3.3310000896453857,3.380000114440918,3.190000057220459,3.200000047683716,39167,0.0,0.0
2024-09-03 09:30:00-04:00,3.190000057220459,3.25,3.009999990463257,3.0399999618530273,24510,0.0,0.0
2024-09-03 10:30:00-04:00,3.0473999977111816,3.0473999977111816,3.0199999809265137,3.0299999713897705,1651,0.0,0.0
2024-09-03 11:30:00-04:00,3.009999990463257,3.029900074005127,2.950000047683716,3.0083999633789062,11418,0.0,0.0
2024-09-03 12:30:00-04:00,2.9519999027252197,3.0,2.950000047683716,3.0,3637,0.0,0.0
2024-09-03 13:30:00-04:00,3.0,3.0699000358581543,2.950000047683716,2.950000047683716,10042,0.0,0.0
2024-09-03 14:30:00-04:00,2.9800000190734863,3.069999933242798,2.9100000858306885,2.9100000858306885,9872,0.0,0.0
2024-09-03 15:30:00-04:00,2.9070000648498535,3.0399999618530273,2.9019999504089355,2.9200000762939453,9571,0.0,0.0
2024-09-04 09:30:00-04:00,2.9100000858306885,2.990000009536743,2.9100000858306885,2.930000066757202,12567,0.0,0.0
2024-09-04 11:30:00-04:00,2.924999952316284,2.930000066757202,2.819999933242798,2.819999933242798,6995,0.0,0.0
2024-09-04 12:30:00-04:00,2.8299999237060547,2.880000114440918,2.8299999237060547,2.880000114440918,3426,0.0,0.0
2024-09-04 13:30:00-04:00,2.890000104904175,2.898200035095215,2.869999885559082,2.869999885559082,1325,0.0,0.0
2024-09-04 14:30:00-04:00,2.865000009536743,2.865000009536743,2.8201000690460205,2.8355000019073486,7073,0.0,0.0
2024-09-04 15:30:00-04:00,2.8299999237060547,2.859999895095825,2.8299999237060547,2.859999895095825,1324,0.0,0.0
2024-09-05 10:30:00-04:00,2.8350000381469727,2.8350000381469727,2.7799999713897705,2.799999952316284,12202,0.0,0.0
2024-09-05 12:30:00-04:00,2.799999952316284,2.819999933242798,2.759999990463257,2.7699999809265137,5676,0.0,0.0
2024-09-05 13:30:00-04:00,2.7699999809265137,2.7799999713897705,2.75,2.75,4634,0.0,0.0
2024-09-05 15:30:00-04:00,2.700000047683716,2.7300000190734863,2.700000047683716,2.7300000190734863,21974,0.0,0.0
2024-09-06 09:30:00-04:00,2.75,2.75,2.740000009536743,2.740000009536743,1252,0.0,0.0
2024-09-06 10:30:00-04:00,2.7481000423431396,2.7481000423431396,2.6700000762939453,2.702699899673462,1318,0.0,0.0
2024-09-06 11:30:00-04:00,2.6500000953674316,2.6500000953674316,2.549999952316284,2.549999952316284,4783,0.0,0.0
2024-09-06 12:30:00-04:00,2.609999895095825,2.609999895095825,2.5999999046325684,2.5999999046325684,2712,0.0,0.0
2024-09-06 13:30:00-04:00,2.609999895095825,2.6689000129699707,2.5999999046325684,2.5999999046325684,3961,0.0,0.0
2024-09-06 14:30:00-04:00,2.5999999046325684,2.5999999046325684,2.569999933242798,2.569999933242798,2144,0.0,0.0
2024-09-06 15:30:00-04:00,2.5899999141693115,2.5999999046325684,2.5799999237060547,2.5799999237060547,1293,0.0,0.0
2024-09-09 09:30:00-04:00,2.7200000286102295,2.7200000286102295,2.640000104904175,2.680000066757202,4482,0.0,0.0
2024-09-09 10:30:00-04:00,2.700000047683716,2.700000047683716,2.6589999198913574,2.6600000858306885,2531,0.0,0.0
2024-09-09 11:30:00-04:00,2.7049999237060547,2.7100000381469727,2.680000066757202,2.690000057220459,3761,0.0,0.0
2024-09-09 12:30:00-04:00,2.7149999141693115,2.7200000286102295,2.6600000858306885,2.6600000858306885,2369,0.0,0.0
2024-09-09 13:30:00-04:00,2.700000047683716,2.700000047683716,2.6500000953674316,2.700000047683716,1830,0.0,0.0
2024-09-09 14:30:00-04:00,2.694999933242798,2.740000009536743,2.609999895095825,2.740000009536743,4919,0.0,0.0
2024-09-09 15:30:00-04:00,2.615000009536743,2.640000104904175,2.5799999237060547,2.5899999141693115,4850,0.0,0.0
2024-09-10 09:30:00-04:00,2.700000047683716,2.700000047683716,2.6500000953674316,2.680000066757202,0,0.0,0.0
2024-09-10 10:30:00-04:00,2.7585999965667725,2.7585999965667725,2.6301000118255615,2.680000066757202,3656,0.0,0.0
2024-09-10 11:30:00-04:00,2.653599977493286,2.6600000858306885,2.559999942779541,2.559999942779541,3131,0.0,0.0
2024-09-10 12:30:00-04:00,2.619999885559082,2.619999885559082,2.619999885559082,2.619999885559082,559,0.0,0.0
2024-09-10 13:30:00-04:00,2.61929988861084,2.61929988861084,2.559999942779541,2.559999942779541,3166,0.0,0.0
2024-09-10 14:30:00-04:00,2.630000114440918,2.640000104904175,2.619999885559082,2.619999885559082,1878,0.0,0.0
2024-09-10 15:30:00-04:00,2.609999895095825,2.619999885559082,2.5999999046325684,2.619999885559082,0,0.0,0.0
2024-09-11 09:30:00-04:00,2.690000057220459,2.690000057220459,2.490000009536743,2.5399999618530273,13817,0.0,0.0
2024-09-11 10:30:00-04:00,2.523200035095215,2.549999952316284,2.4600000381469727,2.4600000381469727,26775,0.0,0.0
2024-09-11 11:30:00-04:00,2.3010001182556152,2.4600000381469727,2.3010001182556152,2.4565999507904053,6821,0.0,0.0
2024-09-11 12:30:00-04:00,2.490000009536743,2.490000009536743,2.430000066757202,2.4649999141693115,16879,0.0,0.0
2024-09-11 13:30:00-04:00,2.4405999183654785,2.497999906539917,2.3399999141693115,2.4000000953674316,58251,0.0,0.0
2024-09-11 14:30:00-04:00,2.390000104904175,2.509999990463257,2.390000104904175,2.441999912261963,16332,0.0,0.0
2024-09-11 15:30:00-04:00,2.4700000286102295,2.509999990463257,2.4600000381469727,2.4600000381469727,5042,0.0,0.0
2024-09-12 09:30:00-04:00,2.5899999141693115,2.5899999141693115,2.450000047683716,2.450000047683716,4372,0.0,0.0
2024-09-12 10:30:00-04:00,2.440000057220459,2.490000009536743,2.390000104904175,2.4100000858306885,22660,0.0,0.0
2024-09-12 11:30:00-04:00,2.390000104904175,2.4200000762939453,2.299999952316284,2.4200000762939453,11254,0.0,0.0
2024-09-12 12:30:00-04:00,2.43969988822937,2.440000057220459,2.424999952316284,2.440000057220459,1374,0.0,0.0
2024-09-12 13:30:00-04:00,2.430000066757202,2.430000066757202,2.430000066757202,2.430000066757202,621,0.0,0.0
2024-09-12 14:30:00-04:00,2.509999990463257,2.509999990463257,2.4200000762939453,2.4200000762939453,1315,0.0,0.0
2024-09-12 15:30:00-04:00,2.4100000858306885,2.4100000858306885,2.4100000858306885,2.4100000858306885,14375,0.0,0.0
2024-09-13 09:30:00-04:00,2.369999885559082,2.4100000858306885,2.369999885559082,2.4100000858306885,27298,0.0,0.0
2024-09-13 10:30:00-04:00,2.430999994277954,2.434999942779541,2.4000000953674316,2.4100000858306885,2545,0.0,0.0
2024-09-13 11:30:00-04:00,2.4100000858306885,2.430000066757202,2.4100000858306885,2.430000066757202,1801,0.0,0.0
2024-09-13 12:30:00-04:00,2.4200000762939453,2.450000047683716,2.4100000858306885,2.440000057220459,11714,0.0,0.0
2024-09-13 13:30:00-04:00,2.436000108718872,2.436000108718872,2.4200000762939453,2.4200000762939453,3014,0.0,0.0
2024-09-13 14:30:00-04:00,2.440000057220459,2.440000057220459,2.309999942779541,2.309999942779541,21294,0.0,0.0
2024-09-13 15:30:00-04:00,2.3550000190734863,2.359999895095825,2.3201000690460205,2.359999895095825,4028,0.0,0.0
