Datetime,Open,High,Low,Close,Volume,Dividends,Stock Splits
2022-09-15 09:30:00-04:00,2.555000066757202,2.5899999141693115,2.5399999618530273,2.5409998893737793,1560688,0.0,0.0
2022-09-15 10:30:00-04:00,2.5450000762939453,2.549999952316284,2.509999990463257,2.5299999713897705,1192203,0.0,0.0
2022-09-15 11:30:00-04:00,2.5299999713897705,2.537100076675415,2.5,2.5,376607,0.0,0.0
2022-09-15 12:30:00-04:00,2.509999990463257,2.5299999713897705,2.5,2.5250000953674316,260588,0.0,0.0
2022-09-15 13:30:00-04:00,2.5199999809265137,2.5299999713897705,2.5,2.5250000953674316,561923,0.0,0.0
2022-09-15 14:30:00-04:00,2.5250000953674316,2.5399999618530273,2.5,2.509999990463257,644393,0.0,0.0
2022-09-15 15:30:00-04:00,2.509999990463257,2.509999990463257,2.5,2.505000114440918,214353,0.0,0.0
2022-09-16 09:30:00-04:00,2.4800000190734863,2.509999990463257,2.430000066757202,2.484999895095825,825074,0.0,0.0
2022-09-16 10:30:00-04:00,2.490000009536743,2.5,2.4707000255584717,2.4800000190734863,807413,0.0,0.0
2022-09-16 11:30:00-04:00,2.4800000190734863,2.4800000190734863,2.4549999237060547,2.4600000381469727,614860,0.0,0.0
2022-09-16 12:30:00-04:00,2.4600000381469727,2.5099000930786133,2.450000047683716,2.495699882507324,597797,0.0,0.0
2022-09-16 13:30:00-04:00,2.5,2.509999990463257,2.4800000190734863,2.484999895095825,1017877,0.0,0.0
2022-09-16 14:30:00-04:00,2.487799882888794,2.5299999713897705,2.484999895095825,2.5,658632,0.0,0.0
2022-09-16 15:30:00-04:00,2.494999885559082,2.505000114440918,2.490000009536743,2.490000009536743,761625,0.0,0.0
2022-09-19 09:30:00-04:00,2.490000009536743,2.559999942779541,2.4800000190734863,2.549999952316284,789006,0.0,0.0
2022-09-19 10:30:00-04:00,2.555000066757202,2.625,2.5511999130249023,2.61080002784729,803585,0.0,0.0
2022-09-19 11:30:00-04:00,2.619999885559082,2.649899959564209,2.610100030899048,2.640000104904175,499630,0.0,0.0
2022-09-19 12:30:00-04:00,2.634999990463257,2.700000047683716,2.6317999362945557,2.684999942779541,804487,0.0,0.0
2022-09-19 13:30:00-04:00,2.684999942779541,2.690000057220459,2.660900115966797,2.680000066757202,1337069,0.0,0.0
2022-09-19 14:30:00-04:00,2.680000066757202,2.690000057220459,2.6600000858306885,2.6600000858306885,1219865,0.0,0.0
2022-09-19 15:30:00-04:00,2.6700000762939453,2.6700000762939453,2.630000114440918,2.630000114440918,1646944,0.0,0.0
2022-09-20 09:30:00-04:00,2.569999933242798,2.569999933242798,2.5299999713897705,2.559999942779541,824034,0.0,0.0
2022-09-20 10:30:00-04:00,2.565000057220459,2.5799999237060547,2.549999952316284,2.569999933242798,334603,0.0,0.0
2022-09-20 11:30:00-04:00,2.5799999237060547,2.5899999141693115,2.549999952316284,2.549999952316284,158787,0.0,0.0
2022-09-20 12:30:00-04:00,2.555000066757202,2.569999933242798,2.5450000762939453,2.565000057220459,584890,0.0,0.0
2022-09-20 13:30:00-04:00,2.569999933242798,2.5799999237060547,2.549999952316284,2.575000047683716,247500,0.0,0.0
2022-09-20 14:30:00-04:00,2.575000047683716,2.5799999237060547,2.559999942779541,2.575000047683716,219536,0.0,0.0
2022-09-20 15:30:00-04:00,2.575000047683716,2.5850000381469727,2.569999933242798,2.575000047683716,319217,0.0,0.0
2022-09-21 09:30:00-04:00,2.5299999713897705,2.5399999618530273,2.4600000381469727,2.4937000274658203,1160450,0.0,0.0
2022-09-21 10:30:00-04:00,2.494999885559082,2.494999885559082,2.4700000286102295,2.4800000190734863,540640,0.0,0.0
2022-09-21 11:30:00-04:00,2.471100091934204,2.4800000190734863,2.4600000381469727,2.469099998474121,488813,0.0,0.0
2022-09-21 12:30:00-04:00,2.4700000286102295,2.4749999046325684,2.4549999237060547,2.469899892807007,361222,0.0,0.0
2022-09-21 13:30:00-04:00,2.4700000286102295,2.490000009536743,2.440000057220459,2.4600000381469727,655426,0.0,0.0
2022-09-21 14:30:00-04:00,2.450000047683716,2.5299999713897705,2.450000047683716,2.470599889755249,1412554,0.0,0.0
2022-09-21 15:30:00-04:00,2.4749999046325684,2.484999895095825,2.440000057220459,2.440000057220459,497694,0.0,0.0
2022-09-22 09:30:00-04:00,2.5299999713897705,2.5850000381469727,2.5199999809265137,2.5350000858306885,1478367,0.0,0.0
2022-09-22 10:30:00-04:00,2.5399999618530273,2.5441999435424805,2.509999990463257,2.515000104904175,908932,0.0,0.0
2022-09-22 11:30:00-04:00,2.515000104904175,2.5250000953674316,2.5,2.515000104904175,523056,0.0,0.0
2022-09-22 12:30:00-04:00,2.515000104904175,2.5450000762939453,2.509999990463257,2.5406999588012695,507764,0.0,0.0
2022-09-22 13:30:00-04:00,2.549999952316284,2.5799999237060547,2.5399999618530273,2.559999942779541,697850,0.0,0.0
2022-09-22 14:30:00-04:00,2.559999942779541,2.5799999237060547,2.555000066757202,2.5799999237060547,402739,0.0,0.0
2022-09-22 15:30:00-04:00,2.5799999237060547,2.5999999046325684,2.5710999965667725,2.5999999046325684,590379,0.0,0.0
2022-09-23 09:30:00-04:00,2.4800000190734863,2.4800000190734863,2.430000066757202,2.4530999660491943,1764044,0.0,0.0
2022-09-23 10:30:00-04:00,2.4549999237060547,2.4800000190734863,2.440000057220459,2.4700000286102295,475042,0.0,0.0
2022-09-23 11:30:00-04:00,2.4749999046325684,2.4749999046325684,2.440000057220459,2.444999933242798,797518,0.0,0.0
2022-09-23 12:30:00-04:00,2.440000057220459,2.4600000381469727,2.434999942779541,2.444999933242798,352611,0.0,0.0
2022-09-23 13:30:00-04:00,2.440000057220459,2.450000047683716,2.430000066757202,2.4398000240325928,539613,0.0,0.0
2022-09-23 14:30:00-04:00,2.430000066757202,2.45989990234375,2.4100000858306885,2.450000047683716,1433322,0.0,0.0
2022-09-23 15:30:00-04:00,2.450000047683716,2.4800000190734863,2.4472999572753906,2.4800000190734863,797953,0.0,0.0
2022-09-26 09:30:00-04:00,2.4100000858306885,2.4600000381469727,2.4000000953674316,2.440000057220459,1191046,0.0,0.0
2022-09-26 10:30:00-04:00,2.440000057220459,2.440000057220459,2.365000009536743,2.365000009536743,1215607,0.0,0.0
2022-09-26 11:30:00-04:00,2.365000009536743,2.369999885559082,2.309999942779541,2.325000047683716,1062373,0.0,0.0
2022-09-26 12:30:00-04:00,2.325000047683716,2.3299999237060547,2.309999942779541,2.315000057220459,467313,0.0,0.0
2022-09-26 13:30:00-04:00,2.315000057220459,2.319999933242798,2.2899999618530273,2.305000066757202,874423,0.0,0.0
2022-09-26 14:30:00-04:00,2.305000066757202,2.309999942779541,2.2899999618530273,2.2950000762939453,1084108,0.0,0.0
2022-09-26 15:30:00-04:00,2.2950000762939453,2.31850004196167,2.2799999713897705,2.2899999618530273,925273,0.0,0.0
2022-09-27 09:30:00-04:00,2.3399999141693115,2.380000114440918,2.325000047683716,2.3499999046325684,1143809,0.0,0.0
2022-09-27 10:30:00-04:00,2.3499999046325684,2.369999885559082,2.325000047683716,2.325000047683716,1105818,0.0,0.0
2022-09-27 11:30:00-04:00,2.325000047683716,2.3299999237060547,2.2799999713897705,2.2899999618530273,521159,0.0,0.0
2022-09-27 12:30:00-04:00,2.2899999618530273,2.299999952316284,2.259999990463257,2.265000104904175,654538,0.0,0.0
2022-09-27 13:30:00-04:00,2.259999990463257,2.2799999713897705,2.259999990463257,2.259999990463257,361945,0.0,0.0
2022-09-27 14:30:00-04:00,2.259999990463257,2.2899999618530273,2.25,2.259999990463257,846655,0.0,0.0
2022-09-27 15:30:00-04:00,2.25,2.2799999713897705,2.25,2.2750000953674316,569887,0.0,0.0
2022-09-28 09:30:00-04:00,2.2699999809265137,2.325000047683716,2.259999990463257,2.299999952316284,1120590,0.0,0.0
2022-09-28 10:30:00-04:00,2.299999952316284,2.315000057220459,2.2750000953674316,2.2850000858306885,592867,0.0,0.0
2022-09-28 11:30:00-04:00,2.2799999713897705,2.305000066757202,2.2699999809265137,2.2850000858306885,352226,0.0,0.0
2022-09-28 12:30:00-04:00,2.2799999713897705,2.299999952316284,2.2699999809265137,2.2899999618530273,387032,0.0,0.0
2022-09-28 13:30:00-04:00,2.299999952316284,2.315000057220459,2.2899999618530273,2.299999952316284,567460,0.0,0.0
2022-09-28 14:30:00-04:00,2.2950000762939453,2.319999933242798,2.2825000286102295,2.315000057220459,423385,0.0,0.0
2022-09-28 15:30:00-04:00,2.315000057220459,2.3285000324249268,2.299999952316284,2.309999942779541,540847,0.0,0.0
2022-09-29 09:30:00-04:00,2.259999990463257,2.2699999809265137,2.200000047683716,2.2100000381469727,907623,0.0,0.0
2022-09-29 10:30:00-04:00,2.2153000831604004,2.2300000190734863,2.200000047683716,2.2179999351501465,543425,0.0,0.0
2022-09-29 11:30:00-04:00,2.2149999141693115,2.2300000190734863,2.2100000381469727,2.2100000381469727,618623,0.0,0.0
2022-09-29 12:30:00-04:00,2.2100000381469727,2.2300000190734863,2.2100000381469727,2.2249999046325684,443390,0.0,0.0
2022-09-29 13:30:00-04:00,2.2239999771118164,2.240000009536743,2.2049999237060547,2.2249999046325684,536937,0.0,0.0
2022-09-29 14:30:00-04:00,2.2249999046325684,2.25,2.2200000286102295,2.249000072479248,351176,0.0,0.0
2022-09-29 15:30:00-04:00,2.244999885559082,2.2699999809265137,2.244999885559082,2.2699999809265137,228329,0.0,0.0
2022-09-30 09:30:00-04:00,2.240000009536743,2.3299999237060547,2.2279000282287598,2.3299999237060547,1109659,0.0,0.0
2022-09-30 10:30:00-04:00,2.3299999237060547,2.3980000019073486,2.3299999237060547,2.384999990463257,811499,0.0,0.0
2022-09-30 11:30:00-04:00,2.384999990463257,2.399899959564209,2.359999895095825,2.365000009536743,470954,0.0,0.0
2022-09-30 12:30:00-04:00,2.365000009536743,2.4000000953674316,2.3499999046325684,2.4000000953674316,346881,0.0,0.0
2022-09-30 13:30:00-04:00,2.4000000953674316,2.4100000858306885,2.390000104904175,2.395699977874756,498837,0.0,0.0
2022-09-30 14:30:00-04:00,2.390000104904175,2.4149999618530273,2.390000104904175,2.3949999809265137,1107674,0.0,0.0
2022-09-30 15:30:00-04:00,2.4000000953674316,2.4000000953674316,2.380000114440918,2.380000114440918,513327,0.0,0.0
2022-10-03 09:30:00-04:00,2.490000009536743,2.559999942779541,2.470099925994873,2.549999952316284,1052081,0.0,0.0
2022-10-03 10:30:00-04:00,2.549999952316284,2.608099937438965,2.54010009765625,2.5850000381469727,594184,0.0,0.0
2022-10-03 11:30:00-04:00,2.5899999141693115,2.5899999141693115,2.569999933242798,2.5899999141693115,307211,0.0,0.0
2022-10-03 12:30:00-04:00,2.5899999141693115,2.6050000190734863,2.5799999237060547,2.5850000381469727,373415,0.0,0.0
2022-10-03 13:30:00-04:00,2.5899999141693115,2.6050000190734863,2.5799999237060547,2.6050000190734863,285654,0.0,0.0
2022-10-03 14:30:00-04:00,2.5999999046325684,2.609999895095825,2.5899999141693115,2.6050000190734863,297400,0.0,0.0
2022-10-03 15:30:00-04:00,2.5999999046325684,2.609999895095825,2.5950000286102295,2.5999999046325684,595504,0.0,0.0
2022-10-04 09:30:00-04:00,2.6700000762939453,2.694999933242798,2.6449999809265137,2.684999942779541,885469,0.0,0.0
2022-10-04 10:30:00-04:00,2.684999942779541,2.7200000286102295,2.6600000858306885,2.7100000381469727,944199,0.0,0.0
2022-10-04 11:30:00-04:00,2.7100000381469727,2.7249999046325684,2.694999933242798,2.7149999141693115,635256,0.0,0.0
2022-10-04 12:30:00-04:00,2.7149999141693115,2.7200000286102295,2.640000104904175,2.6600000858306885,326631,0.0,0.0
2022-10-04 13:30:00-04:00,2.6600000858306885,2.6700000762939453,2.6500000953674316,2.6700000762939453,613208,0.0,0.0
2022-10-04 14:30:00-04:00,2.6700000762939453,2.7100000381469727,2.6700000762939453,2.694999933242798,904423,0.0,0.0
2022-10-04 15:30:00-04:00,2.690000057220459,2.7200000286102295,2.690000057220459,2.7200000286102295,482246,0.0,0.0
2022-10-05 09:30:00-04:00,2.75,2.7950000762939453,2.674999952316284,2.680000066757202,1499625,0.0,0.0
2022-10-05 10:30:00-04:00,2.684999942779541,2.7049999237060547,2.674999952316284,2.7049999237060547,568240,0.0,0.0
2022-10-05 11:30:00-04:00,2.7049999237060547,2.759500026702881,2.700000047683716,2.7300000190734863,585059,0.0,0.0
2022-10-05 12:30:00-04:00,2.7300000190734863,2.7750000953674316,2.7300000190734863,2.765000104904175,457717,0.0,0.0
2022-10-05 13:30:00-04:00,2.765000104904175,2.7899999618530273,2.759999990463257,2.7799999713897705,485688,0.0,0.0
2022-10-05 14:30:00-04:00,2.7750000953674316,2.805000066757202,2.7699999809265137,2.7950000762939453,439084,0.0,0.0
2022-10-05 15:30:00-04:00,2.7950000762939453,2.799999952316284,2.7799999713897705,2.7799999713897705,383726,0.0,0.0
2022-10-06 09:30:00-04:00,2.7699999809265137,2.819999933242798,2.75,2.759999990463257,950987,0.0,0.0
2022-10-06 10:30:00-04:00,2.75,2.7799999713897705,2.740000009536743,2.759999990463257,701654,0.0,0.0
2022-10-06 11:30:00-04:00,2.759999990463257,2.759999990463257,2.7300000190734863,2.755000114440918,247044,0.0,0.0
2022-10-06 12:30:00-04:00,2.75,2.7699999809265137,2.740000009536743,2.744999885559082,254819,0.0,0.0
2022-10-06 13:30:00-04:00,2.75,2.765000104904175,2.740000009536743,2.759999990463257,356301,0.0,0.0
2022-10-06 14:30:00-04:00,2.765000104904175,2.7699999809265137,2.75,2.759999990463257,414343,0.0,0.0
2022-10-06 15:30:00-04:00,2.759999990463257,2.7699999809265137,2.75,2.7699999809265137,201647,0.0,0.0
2022-10-07 09:30:00-04:00,2.759999990463257,2.819999933242798,2.75,2.7950000762939453,840459,0.0,0.0
2022-10-07 10:30:00-04:00,2.799999952316284,2.8399999141693115,2.7799999713897705,2.819999933242798,681194,0.0,0.0
2022-10-07 11:30:00-04:00,2.8180999755859375,2.8399999141693115,2.799999952316284,2.8299999237060547,644834,0.0,0.0
2022-10-07 12:30:00-04:00,2.825000047683716,2.8399999141693115,2.815000057220459,2.8299999237060547,468437,0.0,0.0
2022-10-07 13:30:00-04:00,2.819999933242798,2.8399999141693115,2.7699999809265137,2.7799999713897705,917783,0.0,0.0
2022-10-07 14:30:00-04:00,2.7699999809265137,2.7799999713897705,2.7400999069213867,2.7400999069213867,609037,0.0,0.0
2022-10-07 15:30:00-04:00,2.75,2.759999990463257,2.740000009536743,2.759999990463257,540648,0.0,0.0
2022-10-10 09:30:00-04:00,2.799999952316284,2.799999952316284,2.759999990463257,2.7899999618530273,1047144,0.0,0.0
2022-10-10 10:30:00-04:00,2.7899999618530273,2.799999952316284,2.7249999046325684,2.740000009536743,653412,0.0,0.0
2022-10-10 11:30:00-04:00,2.744999885559082,2.759999990463257,2.7249999046325684,2.7249999046325684,282597,0.0,0.0
2022-10-10 12:30:00-04:00,2.7249999046325684,2.7300000190734863,2.7100000381469727,2.7200000286102295,366330,0.0,0.0
2022-10-10 13:30:00-04:00,2.7149999141693115,2.75,2.7100000381469727,2.7200000286102295,362655,0.0,0.0
2022-10-10 14:30:00-04:00,2.7149999141693115,2.7300000190734863,2.7100000381469727,2.7200000286102295,355720,0.0,0.0
2022-10-10 15:30:00-04:00,2.7200000286102295,2.740000009536743,2.7100000381469727,2.7200000286102295,349517,0.0,0.0
2022-10-11 09:30:00-04:00,2.6700000762939453,2.690000057220459,2.5999999046325684,2.619999885559082,737729,0.0,0.0
2022-10-11 10:30:00-04:00,2.625,2.6500000953674316,2.615000009536743,2.6449999809265137,579617,0.0,0.0
2022-10-11 11:30:00-04:00,2.6449999809265137,2.6700000762939453,2.640000104904175,2.6649999618530273,458792,0.0,0.0
2022-10-11 12:30:00-04:00,2.6649999618530273,2.680000066757202,2.6600000858306885,2.6700000762939453,390798,0.0,0.0
2022-10-11 13:30:00-04:00,2.674999952316284,2.680000066757202,2.6649999618530273,2.674999952316284,317338,0.0,0.0
2022-10-11 14:30:00-04:00,2.680000066757202,2.690000057220459,2.609999895095825,2.630000114440918,600261,0.0,0.0
2022-10-11 15:30:00-04:00,2.630000114440918,2.6500000953674316,2.625,2.634999990463257,380239,0.0,0.0
2022-10-12 09:30:00-04:00,2.609999895095825,2.609999895095825,2.5399999618530273,2.575000047683716,487515,0.0,0.0
2022-10-12 10:30:00-04:00,2.5799999237060547,2.619999885559082,2.559999942779541,2.5950000286102295,539012,0.0,0.0
2022-10-12 11:30:00-04:00,2.5899999141693115,2.598400115966797,2.569999933242798,2.5899999141693115,381612,0.0,0.0
2022-10-12 12:30:00-04:00,2.5899999141693115,2.5899999141693115,2.5799999237060547,2.5899999141693115,122014,0.0,0.0
2022-10-12 13:30:00-04:00,2.5899999141693115,2.619999885559082,2.5799999237060547,2.619999885559082,234589,0.0,0.0
2022-10-12 14:30:00-04:00,2.619999885559082,2.619999885559082,2.5999999046325684,2.619999885559082,286493,0.0,0.0
2022-10-12 15:30:00-04:00,2.619999885559082,2.630000114440918,2.609999895095825,2.619999885559082,545721,0.0,0.0
2022-10-13 09:30:00-04:00,2.549999952316284,2.5799999237060547,2.5199999809265137,2.5399999618530273,1148049,0.0,0.0
2022-10-13 10:30:00-04:00,2.5399999618530273,2.630000114440918,2.5350000858306885,2.619999885559082,837854,0.0,0.0
2022-10-13 11:30:00-04:00,2.630000114440918,2.6698999404907227,2.619999885559082,2.6352999210357666,920448,0.0,0.0
2022-10-13 12:30:00-04:00,2.630000114440918,2.690000057220459,2.630000114440918,2.684999942779541,251810,0.0,0.0
2022-10-13 13:30:00-04:00,2.690000057220459,2.700000047683716,2.6500000953674316,2.6549999713897705,367334,0.0,0.0
2022-10-13 14:30:00-04:00,2.6549999713897705,2.6600000858306885,2.640000104904175,2.640000104904175,353658,0.0,0.0
2022-10-13 15:30:00-04:00,2.640000104904175,2.6500000953674316,2.6245999336242676,2.640000104904175,355560,0.0,0.0
2022-10-14 09:30:00-04:00,2.609999895095825,2.609999895095825,2.490000009536743,2.5099000930786133,1059471,0.0,0.0
2022-10-14 10:30:00-04:00,2.5099000930786133,2.509999990463257,2.4700000286102295,2.490000009536743,536643,0.0,0.0
2022-10-14 11:30:00-04:00,2.490000009536743,2.5,2.4600000381469727,2.4749999046325684,659943,0.0,0.0
2022-10-14 12:30:00-04:00,2.47760009765625,2.490000009536743,2.4700000286102295,2.4800000190734863,248691,0.0,0.0
2022-10-14 13:30:00-04:00,2.4749999046325684,2.490000009536743,2.450000047683716,2.450000047683716,471641,0.0,0.0
2022-10-14 14:30:00-04:00,2.4549999237060547,2.4600000381469727,2.430000066757202,2.434999942779541,267270,0.0,0.0
2022-10-14 15:30:00-04:00,2.434999942779541,2.449899911880493,2.430000066757202,2.434999942779541,519722,0.0,0.0
2022-10-17 09:30:00-04:00,2.450000047683716,2.4800000190734863,2.430000066757202,2.450000047683716,1180104,0.0,0.0
2022-10-17 10:30:00-04:00,2.450000047683716,2.4700000286102295,2.430000066757202,2.4600000381469727,413173,0.0,0.0
2022-10-17 11:30:00-04:00,2.4598000049591064,2.5,2.4549999237060547,2.494999885559082,517397,0.0,0.0
2022-10-17 12:30:00-04:00,2.490000009536743,2.5,2.450000047683716,2.4574999809265137,548823,0.0,0.0
2022-10-17 13:30:00-04:00,2.4549999237060547,2.4600000381469727,2.433500051498413,2.444999933242798,323772,0.0,0.0
2022-10-17 14:30:00-04:00,2.450000047683716,2.4600000381469727,2.440000057220459,2.4600000381469727,464695,0.0,0.0
2022-10-17 15:30:00-04:00,2.4600000381469727,2.4600000381469727,2.440000057220459,2.444999933242798,286985,0.0,0.0
2022-10-18 09:30:00-04:00,2.5199999809265137,2.569999933242798,2.4700000286102295,2.4700000286102295,754343,0.0,0.0
2022-10-18 10:30:00-04:00,2.4700000286102295,2.494999885559082,2.4600000381469727,2.4700000286102295,543406,0.0,0.0
2022-10-18 11:30:00-04:00,2.4649999141693115,2.4865000247955322,2.4600000381469727,2.4700000286102295,370508,0.0,0.0
2022-10-18 12:30:00-04:00,2.4762001037597656,2.505000114440918,2.4700000286102295,2.494999885559082,550440,0.0,0.0
2022-10-18 13:30:00-04:00,2.498800039291382,2.505000114440918,2.484999895095825,2.505000114440918,416085,0.0,0.0
2022-10-18 14:30:00-04:00,2.505000114440918,2.5199999809265137,2.4800000190734863,2.5199999809265137,290689,0.0,0.0
2022-10-18 15:30:00-04:00,2.512500047683716,2.539900064468384,2.509999990463257,2.5299999713897705,330875,0.0,0.0
2022-10-19 09:30:00-04:00,2.5,2.509999990463257,2.4549999237060547,2.490000009536743,531865,0.0,0.0
2022-10-19 10:30:00-04:00,2.490000009536743,2.490000009536743,2.450000047683716,2.452699899673462,327526,0.0,0.0
2022-10-19 11:30:00-04:00,2.4549999237060547,2.4649999141693115,2.440000057220459,2.450000047683716,333946,0.0,0.0
2022-10-19 12:30:00-04:00,2.450000047683716,2.4565000534057617,2.430000066757202,2.440000057220459,409221,0.0,0.0
2022-10-19 13:30:00-04:00,2.444999933242798,2.4600000381469727,2.440000057220459,2.4532999992370605,155642,0.0,0.0
2022-10-19 14:30:00-04:00,2.4549999237060547,2.4600000381469727,2.434999942779541,2.4549999237060547,441700,0.0,0.0
2022-10-19 15:30:00-04:00,2.4600000381469727,2.4700000286102295,2.450000047683716,2.4600000381469727,234669,0.0,0.0
2022-10-20 09:30:00-04:00,2.4800000190734863,2.6600000858306885,2.4800000190734863,2.6596999168395996,1960758,0.0,0.0
2022-10-20 10:30:00-04:00,2.6600000858306885,2.6953001022338867,2.6449999809265137,2.6512999534606934,984339,0.0,0.0
2022-10-20 11:30:00-04:00,2.6500000953674316,2.6700000762939453,2.625,2.625,834265,0.0,0.0
2022-10-20 12:30:00-04:00,2.625,2.6449999809265137,2.609999895095825,2.619999885559082,236111,0.0,0.0
2022-10-20 13:30:00-04:00,2.615000009536743,2.630000114440918,2.6050000190734863,2.609999895095825,354232,0.0,0.0
2022-10-20 14:30:00-04:00,2.609999895095825,2.619999885559082,2.5899999141693115,2.5950000286102295,311449,0.0,0.0
2022-10-20 15:30:00-04:00,2.5950000286102295,2.5999999046325684,2.5899999141693115,2.5999999046325684,226856,0.0,0.0
2022-10-21 09:30:00-04:00,2.569999933242798,2.6500000953674316,2.5350000858306885,2.619999885559082,715395,0.0,0.0
2022-10-21 10:30:00-04:00,2.619999885559082,2.640000104904175,2.5999999046325684,2.6129000186920166,588016,0.0,0.0
2022-10-21 11:30:00-04:00,2.609999895095825,2.6461000442504883,2.5999999046325684,2.640000104904175,327764,0.0,0.0
2022-10-21 12:30:00-04:00,2.640000104904175,2.680000066757202,2.640000104904175,2.6700000762939453,445435,0.0,0.0
2022-10-21 13:30:00-04:00,2.671600103378296,2.7049999237060547,2.6700000762939453,2.690000057220459,315327,0.0,0.0
2022-10-21 14:30:00-04:00,2.690000057220459,2.740000009536743,2.690000057220459,2.7300000190734863,529103,0.0,0.0
2022-10-21 15:30:00-04:00,2.734999895095825,2.740000009536743,2.7200000286102295,2.740000009536743,539575,0.0,0.0
2022-10-24 09:30:00-04:00,2.619999885559082,2.6549999713897705,2.565000057220459,2.5799999237060547,1618921,0.0,0.0
2022-10-24 10:30:00-04:00,2.5799999237060547,2.589900016784668,2.559999942779541,2.5799999237060547,484353,0.0,0.0
2022-10-24 11:30:00-04:00,2.5799999237060547,2.5899999141693115,2.559999942779541,2.569999933242798,286222,0.0,0.0
2022-10-24 12:30:00-04:00,2.569999933242798,2.5799999237060547,2.5,2.5,531884,0.0,0.0
2022-10-24 13:30:00-04:00,2.5016000270843506,2.5199999809265137,2.490000009536743,2.515000104904175,431271,0.0,0.0
2022-10-24 14:30:00-04:00,2.509999990463257,2.5199999809265137,2.4800000190734863,2.494999885559082,786688,0.0,0.0
2022-10-24 15:30:00-04:00,2.494999885559082,2.515000104904175,2.490000009536743,2.515000104904175,932235,0.0,0.0
2022-10-25 09:30:00-04:00,2.4800000190734863,2.5799999237060547,2.4649999141693115,2.565000057220459,951751,0.0,0.0
2022-10-25 10:30:00-04:00,2.569999933242798,2.569999933242798,2.5350000858306885,2.559999942779541,686743,0.0,0.0
2022-10-25 11:30:00-04:00,2.559999942779541,2.5899999141693115,2.559999942779541,2.559999942779541,1293087,0.0,0.0
2022-10-25 12:30:00-04:00,2.565000057220459,2.5799999237060547,2.490000009536743,2.494999885559082,958029,0.0,0.0
2022-10-25 13:30:00-04:00,2.5,2.505000114440918,2.484999895095825,2.494999885559082,567059,0.0,0.0
2022-10-25 14:30:00-04:00,2.5,2.5,2.4800000190734863,2.5,326791,0.0,0.0
2022-10-25 15:30:00-04:00,2.490000009536743,2.5,2.4800000190734863,2.490000009536743,524918,0.0,0.0
2022-10-26 09:30:00-04:00,2.4200000762939453,2.509999990463257,2.4200000762939453,2.509999990463257,0,0.0,0.0
2022-10-26 10:30:00-04:00,2.509999990463257,2.559999942779541,2.494999885559082,2.550100088119507,1282997,0.0,0.0
2022-10-26 11:30:00-04:00,2.555000066757202,2.569999933242798,2.5299999713897705,2.5450000762939453,652037,0.0,0.0
2022-10-26 12:30:00-04:00,2.549999952316284,2.569999933242798,2.505000114440918,2.505000114440918,763115,0.0,0.0
2022-10-26 13:30:00-04:00,2.505000114440918,2.5399999618530273,2.5,2.509999990463257,504219,0.0,0.0
2022-10-26 14:30:00-04:00,2.505000114440918,2.509999990463257,2.4749999046325684,2.484999895095825,972558,0.0,0.0
2022-10-26 15:30:00-04:00,2.484999895095825,2.494999885559082,2.4800000190734863,2.4800000190734863,560156,0.0,0.0
2022-10-27 09:30:00-04:00,2.4700000286102295,2.5,2.440000057220459,2.497499942779541,800030,0.0,0.0
2022-10-27 10:30:00-04:00,2.494999885559082,2.497999906539917,2.4600000381469727,2.4800000190734863,443492,0.0,0.0
2022-10-27 11:30:00-04:00,2.4800000190734863,2.5,2.4700000286102295,2.4700000286102295,565693,0.0,0.0
2022-10-27 12:30:00-04:00,2.4749999046325684,2.5199999809265137,2.4700000286102295,2.509999990463257,403748,0.0,0.0
2022-10-27 13:30:00-04:00,2.5199999809265137,2.5350000858306885,2.505000114440918,2.509999990463257,233301,0.0,0.0
2022-10-27 14:30:00-04:00,2.505000114440918,2.509999990463257,2.4800000190734863,2.505000114440918,464744,0.0,0.0
2022-10-27 15:30:00-04:00,2.507999897003174,2.549999952316284,2.5,2.509999990463257,607007,0.0,0.0
2022-10-28 09:30:00-04:00,2.369999885559082,2.390000104904175,2.25,2.2750000953674316,2483560,0.0,0.0
2022-10-28 10:30:00-04:00,2.2750000953674316,2.289400100708008,2.259999990463257,2.2792999744415283,788933,0.0,0.0
2022-10-28 11:30:00-04:00,2.2799999713897705,2.2899999618530273,2.2699999809265137,2.2850000858306885,644556,0.0,0.0
2022-10-28 12:30:00-04:00,2.2850000858306885,2.3350000381469727,2.2799999713897705,2.3350000381469727,449343,0.0,0.0
2022-10-28 13:30:00-04:00,2.3350000381469727,2.3399999141693115,2.3299999237060547,2.3299999237060547,225411,0.0,0.0
2022-10-28 14:30:00-04:00,2.325000047683716,2.3499999046325684,2.319999933242798,2.3450000286102295,396677,0.0,0.0
2022-10-28 15:30:00-04:00,2.3450000286102295,2.3499999046325684,2.344399929046631,2.3499999046325684,662847,0.0,0.0
2022-10-31 09:30:00-04:00,2.319999933242798,2.4600000381469727,2.315000057220459,2.4200000762939453,921265,0.0,0.0
2022-10-31 10:30:00-04:00,2.4156999588012695,2.4200000762939453,2.3499999046325684,2.3550000190734863,531991,0.0,0.0
2022-10-31 11:30:00-04:00,2.3499999046325684,2.3499999046325684,2.319999933242798,2.3299999237060547,1112974,0.0,0.0
2022-10-31 12:30:00-04:00,2.3299999237060547,2.3499999046325684,2.319999933242798,2.3499999046325684,202802,0.0,0.0
2022-10-31 13:30:00-04:00,2.3499999046325684,2.390000104904175,2.3450000286102295,2.384999990463257,304215,0.0,0.0
2022-10-31 14:30:00-04:00,2.384999990463257,2.4100000858306885,2.3817999362945557,2.3949999809265137,272634,0.0,0.0
2022-10-31 15:30:00-04:00,2.3949999809265137,2.4200000762939453,2.3949999809265137,2.4100000858306885,516675,0.0,0.0
2022-11-01 09:30:00-04:00,2.430000066757202,2.4649999141693115,2.380000114440918,2.4649999141693115,1494666,0.0,0.0
2022-11-01 10:30:00-04:00,2.4700000286102295,2.575000047683716,2.4700000286102295,2.5701000690460205,1332313,0.0,0.0
2022-11-01 11:30:00-04:00,2.5799999237060547,2.5950000286102295,2.549999952316284,2.565000057220459,756294,0.0,0.0
2022-11-01 12:30:00-04:00,2.565000057220459,2.5999999046325684,2.5399999618530273,2.5399999618530273,726016,0.0,0.0
2022-11-01 13:30:00-04:00,2.5399999618530273,2.5899999141693115,2.5350000858306885,2.565000057220459,711905,0.0,0.0
2022-11-01 14:30:00-04:00,2.565000057220459,2.5899999141693115,2.5450000762939453,2.575000047683716,415263,0.0,0.0
2022-11-01 15:30:00-04:00,2.575000047683716,2.609999895095825,2.5399999618530273,2.569999933242798,772180,0.0,0.0
2022-11-02 09:30:00-04:00,2.549999952316284,2.549999952316284,2.4600000381469727,2.4600000381469727,459874,0.0,0.0
2022-11-02 10:30:00-04:00,2.4649999141693115,2.4800000190734863,2.4600000381469727,2.4749999046325684,144596,0.0,0.0
2022-11-02 11:30:00-04:00,2.4800000190734863,2.4800000190734863,2.440000057220459,2.444999933242798,386761,0.0,0.0
2022-11-02 12:30:00-04:00,2.444999933242798,2.450000047683716,2.4149999618530273,2.4149999618530273,283728,0.0,0.0
2022-11-02 13:30:00-04:00,2.4149999618530273,2.5399999618530273,2.4149999618530273,2.5399999618530273,923203,0.0,0.0
2022-11-02 14:30:00-04:00,2.5399999618530273,2.549999952316284,2.4200000762939453,2.4200000762939453,2045772,0.0,0.0
2022-11-02 15:30:00-04:00,2.4200000762939453,2.434999942779541,2.4100000858306885,2.4149999618530273,905372,0.0,0.0
2022-11-03 09:30:00-04:00,2.430000066757202,2.509999990463257,2.424999952316284,2.505000114440918,1692342,0.0,0.0
2022-11-03 10:30:00-04:00,2.5,2.5350000858306885,2.490000009536743,2.515000104904175,845173,0.0,0.0
2022-11-03 11:30:00-04:00,2.509999990463257,2.559999942779541,2.5,2.5450000762939453,310536,0.0,0.0
2022-11-03 12:30:00-04:00,2.5399999618530273,2.5799999237060547,2.5399999618530273,2.5678999423980713,202808,0.0,0.0
2022-11-03 13:30:00-04:00,2.569700002670288,2.569999933242798,2.549999952316284,2.555000066757202,152997,0.0,0.0
2022-11-03 14:30:00-04:00,2.549999952316284,2.569999933242798,2.549999952316284,2.565000057220459,103983,0.0,0.0
2022-11-03 15:30:00-04:00,2.565000057220459,2.565000057220459,2.5299999713897705,2.5299999713897705,312916,0.0,0.0
2022-11-04 09:30:00-04:00,2.7300000190734863,2.7950000762939453,2.690000057220459,2.7950000762939453,2458600,0.0,0.0
2022-11-04 10:30:00-04:00,2.799999952316284,2.8399999141693115,2.7850000858306885,2.7899999618530273,1246500,0.0,0.0
2022-11-04 11:30:00-04:00,2.7899999618530273,2.799999952316284,2.740000009536743,2.755000114440918,707746,0.0,0.0
2022-11-04 12:30:00-04:00,2.75,2.759999990463257,2.731100082397461,2.755000114440918,474334,0.0,0.0
2022-11-04 13:30:00-04:00,2.75,2.7799999713897705,2.740000009536743,2.765000104904175,705054,0.0,0.0
2022-11-04 14:30:00-04:00,2.7699999809265137,2.7899999618530273,2.765000104904175,2.7750000953674316,694591,0.0,0.0
2022-11-04 15:30:00-04:00,2.7799999713897705,2.7850000858306885,2.740000009536743,2.75,826745,0.0,0.0
2022-11-07 09:30:00-05:00,2.7100000381469727,2.7200000286102295,2.5999999046325684,2.619999885559082,1134098,0.0,0.0
2022-11-07 10:30:00-05:00,2.615000009536743,2.619999885559082,2.5950000286102295,2.619999885559082,548242,0.0,0.0
2022-11-07 11:30:00-05:00,2.609999895095825,2.630000114440918,2.5899999141693115,2.619999885559082,404427,0.0,0.0
2022-11-07 12:30:00-05:00,2.619999885559082,2.630000114440918,2.5899999141693115,2.630000114440918,316136,0.0,0.0
2022-11-07 13:30:00-05:00,2.630000114440918,2.634999990463257,2.6050000190734863,2.6050000190734863,201854,0.0,0.0
2022-11-07 14:30:00-05:00,2.5999999046325684,2.6050000190734863,2.5701000690460205,2.5850000381469727,456170,0.0,0.0
2022-11-07 15:30:00-05:00,2.5850000381469727,2.599900007247925,2.5799999237060547,2.5850000381469727,480561,0.0,0.0
2022-11-08 09:30:00-05:00,2.5999999046325684,2.6198999881744385,2.5399999618530273,2.609999895095825,1050995,0.0,0.0
2022-11-08 10:30:00-05:00,2.615000009536743,2.7149999141693115,2.609999895095825,2.694999933242798,1535090,0.0,0.0
2022-11-08 11:30:00-05:00,2.694999933242798,2.7200000286102295,2.680000066757202,2.684999942779541,440428,0.0,0.0
2022-11-08 12:30:00-05:00,2.684999942779541,2.700000047683716,2.640000104904175,2.640000104904175,543538,0.0,0.0
2022-11-08 13:30:00-05:00,2.640000104904175,2.684999942779541,2.632200002670288,2.6449999809265137,608547,0.0,0.0
2022-11-08 14:30:00-05:00,2.6449999809265137,2.690000057220459,2.630000114440918,2.690000057220459,645205,0.0,0.0
2022-11-08 15:30:00-05:00,2.694999933242798,2.700000047683716,2.6700000762939453,2.6700000762939453,375967,0.0,0.0
2022-11-09 09:30:00-05:00,2.640000104904175,2.759999990463257,2.609999895095825,2.7100000381469727,1516794,0.0,0.0
2022-11-09 10:30:00-05:00,2.7049999237060547,2.718600034713745,2.6600000858306885,2.690000057220459,441922,0.0,0.0
2022-11-09 11:30:00-05:00,2.690000057220459,2.700000047683716,2.651599884033203,2.6600000858306885,599782,0.0,0.0
2022-11-09 12:30:00-05:00,2.6600000858306885,2.6700000762939453,2.619999885559082,2.640000104904175,246874,0.0,0.0
2022-11-09 13:30:00-05:00,2.630000114440918,2.640000104904175,2.619999885559082,2.625,277846,0.0,0.0
2022-11-09 14:30:00-05:00,2.619999885559082,2.6500000953674316,2.609999895095825,2.634999990463257,498604,0.0,0.0
2022-11-09 15:30:00-05:00,2.640000104904175,2.640000104904175,2.5999999046325684,2.630000114440918,335404,0.0,0.0
2022-11-10 09:30:00-05:00,2.559999942779541,2.575000047683716,2.484999895095825,2.565000057220459,2063542,0.0,0.0
2022-11-10 10:30:00-05:00,2.569999933242798,2.5899999141693115,2.5350000858306885,2.569999933242798,657833,0.0,0.0
2022-11-10 11:30:00-05:00,2.569999933242798,2.5999999046325684,2.5399999618530273,2.5450000762939453,461324,0.0,0.0
2022-11-10 12:30:00-05:00,2.5450000762939453,2.549999952316284,2.515000104904175,2.5350000858306885,469552,0.0,0.0
2022-11-10 13:30:00-05:00,2.5399999618530273,2.5399999618530273,2.4600000381469727,2.4749999046325684,305632,0.0,0.0
2022-11-10 14:30:00-05:00,2.4749999046325684,2.5,2.450000047683716,2.484999895095825,816379,0.0,0.0
2022-11-10 15:30:00-05:00,2.484999895095825,2.5,2.4700000286102295,2.5,1012616,0.0,0.0
2022-11-11 09:30:00-05:00,2.6700000762939453,2.9000000953674316,2.6700000762939453,2.898699998855591,3792838,0.0,0.0
2022-11-11 10:30:00-05:00,2.8949999809265137,2.8949999809265137,2.815000057220459,2.815000057220459,1401634,0.0,0.0
2022-11-11 11:30:00-05:00,2.809999942779541,2.859999895095825,2.799999952316284,2.8550000190734863,589646,0.0,0.0
2022-11-11 12:30:00-05:00,2.8573999404907227,2.888400077819824,2.8350000381469727,2.884999990463257,646167,0.0,0.0
2022-11-11 13:30:00-05:00,2.884999990463257,2.9200000762939453,2.8550000190734863,2.9200000762939453,662647,0.0,0.0
2022-11-11 14:30:00-05:00,2.9200000762939453,2.940000057220459,2.9000000953674316,2.915600061416626,469537,0.0,0.0
2022-11-11 15:30:00-05:00,2.9100000858306885,2.944999933242798,2.9049999713897705,2.934999942779541,2222525,0.0,0.0
2022-11-14 09:30:00-05:00,2.8399999141693115,2.890000104904175,2.825000047683716,2.884999990463257,1403124,0.0,0.0
2022-11-14 10:30:00-05:00,2.884999990463257,2.8949999809265137,2.8301000595092773,2.8399999141693115,1055094,0.0,0.0
2022-11-14 11:30:00-05:00,2.8399999141693115,2.859999895095825,2.8001999855041504,2.8299999237060547,1038047,0.0,0.0
2022-11-14 12:30:00-05:00,2.819999933242798,2.825000047683716,2.799999952316284,2.825000047683716,840070,0.0,0.0
2022-11-14 13:30:00-05:00,2.825000047683716,2.8499999046325684,2.809999942779541,2.8499999046325684,1010778,0.0,0.0
2022-11-14 14:30:00-05:00,2.8499999046325684,2.9149999618530273,2.8450000286102295,2.890000104904175,1008854,0.0,0.0
2022-11-14 15:30:00-05:00,2.890000104904175,2.8949999809265137,2.859999895095825,2.869999885559082,590697,0.0,0.0
2022-11-15 09:30:00-05:00,2.950000047683716,2.9700000286102295,2.9000000953674316,2.9700000286102295,518881,0.0,0.0
2022-11-15 10:30:00-05:00,2.9700000286102295,2.9800000190734863,2.934999942779541,2.9549999237060547,715926,0.0,0.0
2022-11-15 11:30:00-05:00,2.9549999237060547,2.9600000381469727,2.924999952316284,2.940000057220459,213137,0.0,0.0
2022-11-15 12:30:00-05:00,2.940000057220459,2.9700000286102295,2.9100000858306885,2.9149999618530273,284830,0.0,0.0
2022-11-15 13:30:00-05:00,2.9100000858306885,2.9200000762939453,2.881500005722046,2.9000000953674316,295277,0.0,0.0
2022-11-15 14:30:00-05:00,2.9000000953674316,2.9100000858306885,2.880000114440918,2.8949999809265137,303617,0.0,0.0
2022-11-15 15:30:00-05:00,2.8949999809265137,2.9000000953674316,2.880000114440918,2.880000114440918,347443,0.0,0.0
2022-11-16 09:30:00-05:00,2.8299999237060547,2.880000114440918,2.7899999618530273,2.819999933242798,1727332,0.0,0.0
2022-11-16 10:30:00-05:00,2.815000057220459,2.825000047683716,2.759999990463257,2.7799999713897705,258318,0.0,0.0
2022-11-16 11:30:00-05:00,2.7892000675201416,2.7899999618530273,2.759999990463257,2.7750000953674316,181692,0.0,0.0
2022-11-16 12:30:00-05:00,2.7699999809265137,2.788300037384033,2.734999895095825,2.740000009536743,610365,0.0,0.0
2022-11-16 13:30:00-05:00,2.740000009536743,2.7799999713897705,2.7249999046325684,2.7799999713897705,773516,0.0,0.0
2022-11-16 14:30:00-05:00,2.7799999713897705,2.7899999618530273,2.759999990463257,2.7699999809265137,555468,0.0,0.0
2022-11-16 15:30:00-05:00,2.7699999809265137,2.805000066757202,2.7699999809265137,2.805000066757202,494005,0.0,0.0
2022-11-17 09:30:00-05:00,2.690000057220459,2.7499001026153564,2.619999885559082,2.740000009536743,1175652,0.0,0.0
2022-11-17 10:30:00-05:00,2.7300000190734863,2.7300000190734863,2.615000009536743,2.629499912261963,601133,0.0,0.0
2022-11-17 11:30:00-05:00,2.624000072479248,2.6600000858306885,2.609999895095825,2.630000114440918,298458,0.0,0.0
2022-11-17 12:30:00-05:00,2.630000114440918,2.674999952316284,2.624000072479248,2.6549999713897705,160660,0.0,0.0
2022-11-17 13:30:00-05:00,2.6549999713897705,2.700000047683716,2.6449999809265137,2.690000057220459,276321,0.0,0.0
2022-11-17 14:30:00-05:00,2.690000057220459,2.734999895095825,2.674999952316284,2.7149999141693115,715441,0.0,0.0
2022-11-17 15:30:00-05:00,2.7149999141693115,2.740000009536743,2.7100000381469727,2.7249999046325684,698418,0.0,0.0
2022-11-18 09:30:00-05:00,2.759999990463257,2.759999990463257,2.684999942779541,2.740000009536743,1053266,0.0,0.0
2022-11-18 10:30:00-05:00,2.734999895095825,2.75,2.7149999141693115,2.7300000190734863,223478,0.0,0.0
2022-11-18 11:30:00-05:00,2.7200000286102295,2.7300000190734863,2.6600000858306885,2.6649999618530273,475548,0.0,0.0
2022-11-18 12:30:00-05:00,2.6649999618530273,2.7100000381469727,2.6600000858306885,2.680000066757202,171495,0.0,0.0
2022-11-18 13:30:00-05:00,2.684999942779541,2.699899911880493,2.6600000858306885,2.694999933242798,613108,0.0,0.0
2022-11-18 14:30:00-05:00,2.694999933242798,2.694999933242798,2.6600000858306885,2.680000066757202,216712,0.0,0.0
2022-11-18 15:30:00-05:00,2.684999942779541,2.684999942779541,2.6600000858306885,2.680000066757202,527488,0.0,0.0
2022-11-21 09:30:00-05:00,2.619999885559082,2.625,2.555000066757202,2.560800075531006,982132,0.0,0.0
2022-11-21 10:30:00-05:00,2.559999942779541,2.5799999237060547,2.5399999618530273,2.5799999237060547,369428,0.0,0.0
2022-11-21 11:30:00-05:00,2.5810000896453857,2.6198999881744385,2.565000057220459,2.602099895477295,225309,0.0,0.0
2022-11-21 12:30:00-05:00,2.6050000190734863,2.6700000762939453,2.6050000190734863,2.6700000762939453,419282,0.0,0.0
2022-11-21 13:30:00-05:00,2.6700000762939453,2.687700033187866,2.6449999809265137,2.6649999618530273,289555,0.0,0.0
2022-11-21 14:30:00-05:00,2.6649999618530273,2.674999952316284,2.6500000953674316,2.668299913406372,243731,0.0,0.0
2022-11-21 15:30:00-05:00,2.6700000762939453,2.690000057220459,2.6700000762939453,2.684999942779541,257181,0.0,0.0
2022-11-22 09:30:00-05:00,2.740000009536743,2.805000066757202,2.7249999046325684,2.799999952316284,922759,0.0,0.0
2022-11-22 10:30:00-05:00,2.805000066757202,2.809999942779541,2.7300000190734863,2.744999885559082,671619,0.0,0.0
2022-11-22 11:30:00-05:00,2.740000009536743,2.759999990463257,2.7249999046325684,2.7300000190734863,419562,0.0,0.0
2022-11-22 12:30:00-05:00,2.740000009536743,2.7750000953674316,2.7300000190734863,2.7750000953674316,304180,0.0,0.0
2022-11-22 13:30:00-05:00,2.7750000953674316,2.7799999713897705,2.7300000190734863,2.7300000190734863,156718,0.0,0.0
2022-11-22 14:30:00-05:00,2.7300000190734863,2.757499933242798,2.7100000381469727,2.744999885559082,279835,0.0,0.0
2022-11-22 15:30:00-05:00,2.744999885559082,2.758500099182129,2.740000009536743,2.747499942779541,256915,0.0,0.0
2022-11-23 09:30:00-05:00,2.6700000762939453,2.740000009536743,2.6600000858306885,2.740000009536743,546964,0.0,0.0
2022-11-23 10:30:00-05:00,2.734999895095825,2.744999885559082,2.680000066757202,2.7100000381469727,499996,0.0,0.0
2022-11-23 11:30:00-05:00,2.7100000381469727,2.7200000286102295,2.680000066757202,2.7049999237060547,411231,0.0,0.0
2022-11-23 12:30:00-05:00,2.7100000381469727,2.7300000190734863,2.700000047683716,2.7200000286102295,172197,0.0,0.0
2022-11-23 13:30:00-05:00,2.7200000286102295,2.759999990463257,2.7049999237060547,2.740000009536743,279071,0.0,0.0
2022-11-23 14:30:00-05:00,2.740000009536743,2.755000114440918,2.7200000286102295,2.740000009536743,495501,0.0,0.0
2022-11-23 15:30:00-05:00,2.734999895095825,2.75,2.7300000190734863,2.75,291683,0.0,0.0
2022-11-25 09:30:00-05:00,2.869999885559082,2.890000104904175,2.825000047683716,2.8299999237060547,1076265,0.0,0.0
2022-11-25 10:30:00-05:00,2.8350000381469727,2.880000114440918,2.825000047683716,2.859999895095825,489505,0.0,0.0
2022-11-25 11:30:00-05:00,2.859999895095825,2.859999895095825,2.799999952316284,2.819999933242798,447748,0.0,0.0
2022-11-28 09:30:00-05:00,2.7200000286102295,2.7799999713897705,2.680000066757202,2.751199960708618,831085,0.0,0.0
2022-11-28 10:30:00-05:00,2.755000114440918,2.7699999809265137,2.734999895095825,2.75,471655,0.0,0.0
2022-11-28 11:30:00-05:00,2.75,2.759999990463257,2.7300000190734863,2.755000114440918,286516,0.0,0.0
2022-11-28 12:30:00-05:00,2.755000114440918,2.765000104904175,2.7300000190734863,2.7300000190734863,457336,0.0,0.0
2022-11-28 13:30:00-05:00,2.7300000190734863,2.75,2.7149999141693115,2.734999895095825,1352377,0.0,0.0
2022-11-28 14:30:00-05:00,2.734999895095825,2.744999885559082,2.700000047683716,2.700000047683716,777873,0.0,0.0
2022-11-28 15:30:00-05:00,2.7049999237060547,2.7300000190734863,2.7026000022888184,2.7300000190734863,440580,0.0,0.0
2022-11-29 09:30:00-05:00,2.8499999046325684,2.978600025177002,2.8499999046325684,2.9649999141693115,1622639,0.0,0.0
2022-11-29 10:30:00-05:00,2.9649999141693115,2.9899001121520996,2.930000066757202,2.9549999237060547,865852,0.0,0.0
2022-11-29 11:30:00-05:00,2.9600000381469727,2.984999895095825,2.940000057220459,2.9749999046325684,1220497,0.0,0.0
2022-11-29 12:30:00-05:00,2.9749999046325684,2.9800000190734863,2.9600000381469727,2.9749999046325684,116804,0.0,0.0
2022-11-29 13:30:00-05:00,2.9749999046325684,2.984999895095825,2.950000047683716,2.950000047683716,439941,0.0,0.0
2022-11-29 14:30:00-05:00,2.950000047683716,2.9572999477386475,2.930000066757202,2.944999933242798,807225,0.0,0.0
2022-11-29 15:30:00-05:00,2.944999933242798,2.9800000190734863,2.940000057220459,2.950000047683716,1451557,0.0,0.0
2022-11-30 09:30:00-05:00,2.9800000190734863,3.0250000953674316,2.950000047683716,3.009999990463257,1243132,0.0,0.0
2022-11-30 10:30:00-05:00,3.015000104904175,3.0350000858306885,2.994999885559082,3.0299999713897705,618402,0.0,0.0
2022-11-30 11:30:00-05:00,3.0250000953674316,3.0450000762939453,2.9600000381469727,2.9700000286102295,379221,0.0,0.0
2022-11-30 12:30:00-05:00,2.9700000286102295,2.994999885559082,2.9649999141693115,2.990000009536743,315380,0.0,0.0
2022-11-30 13:30:00-05:00,2.990000009536743,3.04010009765625,2.990000009536743,3.0250000953674316,598757,0.0,0.0
2022-11-30 14:30:00-05:00,3.0299999713897705,3.055000066757202,3.015000104904175,3.049999952316284,850269,0.0,0.0
2022-11-30 15:30:00-05:00,3.0450000762939453,3.059999942779541,3.0350000858306885,3.055000066757202,740160,0.0,0.0
2022-12-01 09:30:00-05:00,2.799999952316284,2.8499999046325684,2.7799999713897705,2.809999942779541,909351,0.0,0.0
2022-12-01 10:30:00-05:00,2.789799928665161,2.819999933242798,2.765000104904175,2.805000066757202,426228,0.0,0.0
2022-12-01 11:30:00-05:00,2.799999952316284,2.819999933242798,2.7799999713897705,2.805000066757202,288086,0.0,0.0
2022-12-01 12:30:00-05:00,2.805000066757202,2.819999933242798,2.7799999713897705,2.7899999618530273,278172,0.0,0.0
2022-12-01 13:30:00-05:00,2.7899999618530273,2.809999942779541,2.7799999713897705,2.7950000762939453,149490,0.0,0.0
2022-12-01 14:30:00-05:00,2.7950000762939453,2.819999933242798,2.7899999618530273,2.805000066757202,162429,0.0,0.0
2022-12-01 15:30:00-05:00,2.805000066757202,2.819999933242798,2.7950000762939453,2.809999942779541,419731,0.0,0.0
2022-12-02 09:30:00-05:00,2.799999952316284,2.890000104904175,2.799999952316284,2.865000009536743,1246589,0.0,0.0
2022-12-02 10:30:00-05:00,2.865000009536743,2.865000009536743,2.799999952316284,2.825000047683716,511182,0.0,0.0
2022-12-02 11:30:00-05:00,2.825000047683716,2.8399999141693115,2.815000057220459,2.8299999237060547,610924,0.0,0.0
2022-12-02 12:30:00-05:00,2.825000047683716,2.8350000381469727,2.799999952316284,2.815000057220459,349860,0.0,0.0
2022-12-02 13:30:00-05:00,2.815000057220459,2.8350000381469727,2.7950000762939453,2.825000047683716,692673,0.0,0.0
2022-12-02 14:30:00-05:00,2.825000047683716,2.8499999046325684,2.819999933242798,2.8350000381469727,263856,0.0,0.0
2022-12-02 15:30:00-05:00,2.8336000442504883,2.8499999046325684,2.819999933242798,2.8499999046325684,417277,0.0,0.0
2022-12-05 09:30:00-05:00,2.880000114440918,2.880000114440918,2.819999933242798,2.8499999046325684,749070,0.0,0.0
2022-12-05 10:30:00-05:00,2.8499999046325684,2.869999885559082,2.8350000381469727,2.8450000286102295,153638,0.0,0.0
2022-12-05 11:30:00-05:00,2.8399999141693115,2.8499999046325684,2.819999933242798,2.8350000381469727,293353,0.0,0.0
2022-12-05 12:30:00-05:00,2.8389999866485596,2.8389999866485596,2.805000066757202,2.809999942779541,220695,0.0,0.0
2022-12-05 13:30:00-05:00,2.815000057220459,2.825000047683716,2.7950000762939453,2.809999942779541,349977,0.0,0.0
2022-12-05 14:30:00-05:00,2.809999942779541,2.815000057220459,2.7922000885009766,2.7950000762939453,299082,0.0,0.0
2022-12-05 15:30:00-05:00,2.7950000762939453,2.799999952316284,2.7799999713897705,2.7950000762939453,211647,0.0,0.0
2022-12-06 09:30:00-05:00,2.8299999237060547,2.884999990463257,2.8299999237060547,2.8550000190734863,565002,0.0,0.0
2022-12-06 10:30:00-05:00,2.8550000190734863,2.859999895095825,2.8299999237060547,2.8499999046325684,422645,0.0,0.0
2022-12-06 11:30:00-05:00,2.8499999046325684,2.859999895095825,2.809999942779541,2.819999933242798,136772,0.0,0.0
2022-12-06 12:30:00-05:00,2.819999933242798,2.825000047683716,2.7850000858306885,2.7950000762939453,100084,0.0,0.0
2022-12-06 13:30:00-05:00,2.7899999618530273,2.809999942779541,2.7850000858306885,2.7950000762939453,124775,0.0,0.0
2022-12-06 14:30:00-05:00,2.7950000762939453,2.809999942779541,2.7850000858306885,2.805000066757202,104868,0.0,0.0
2022-12-06 15:30:00-05:00,2.805000066757202,2.8450000286102295,2.799999952316284,2.8450000286102295,370038,0.0,0.0
2022-12-07 09:30:00-05:00,2.8299999237060547,2.8299999237060547,2.7799999713897705,2.825000047683716,483112,0.0,0.0
2022-12-07 10:30:00-05:00,2.825000047683716,2.8350000381469727,2.7699999809265137,2.7750000953674316,268686,0.0,0.0
2022-12-07 11:30:00-05:00,2.770400047302246,2.819999933242798,2.7614998817443848,2.819999933242798,162709,0.0,0.0
2022-12-07 12:30:00-05:00,2.815000057220459,2.8299999237060547,2.800100088119507,2.815000057220459,129575,0.0,0.0
2022-12-07 13:30:00-05:00,2.815000057220459,2.819999933242798,2.7899999618530273,2.799999952316284,89850,0.0,0.0
2022-12-07 14:30:00-05:00,2.799999952316284,2.815000057220459,2.7950000762939453,2.799999952316284,210691,0.0,0.0
2022-12-07 15:30:00-05:00,2.799999952316284,2.809999942779541,2.7799999713897705,2.7850000858306885,479616,0.0,0.0
2022-12-08 09:30:00-05:00,2.8299999237060547,2.869999885559082,2.805000066757202,2.8550000190734863,433279,0.0,0.0
2022-12-08 10:30:00-05:00,2.8499999046325684,2.8499999046325684,2.7899999618530273,2.7950000762939453,278508,0.0,0.0
2022-12-08 11:30:00-05:00,2.799999952316284,2.819999933242798,2.7850000858306885,2.7899999618530273,183681,0.0,0.0
2022-12-08 12:30:00-05:00,2.7850000858306885,2.789900064468384,2.765000104904175,2.765000104904175,80920,0.0,0.0
2022-12-08 13:30:00-05:00,2.7685000896453857,2.7850000858306885,2.759999990463257,2.7750000953674316,126434,0.0,0.0
2022-12-08 14:30:00-05:00,2.7750000953674316,2.7799999713897705,2.744999885559082,2.744999885559082,518720,0.0,0.0
2022-12-08 15:30:00-05:00,2.749300003051758,2.75,2.7300000190734863,2.7300000190734863,406091,0.0,0.0
2022-12-09 09:30:00-05:00,2.819999933242798,2.9000000953674316,2.809999942779541,2.884999990463257,1241698,0.0,0.0
2022-12-09 10:30:00-05:00,2.884999990463257,2.9000000953674316,2.875,2.9000000953674316,348476,0.0,0.0
2022-12-09 11:30:00-05:00,2.8949999809265137,2.924999952316284,2.8801000118255615,2.884999990463257,384458,0.0,0.0
2022-12-09 12:30:00-05:00,2.884999990463257,2.8949999809265137,2.8450000286102295,2.8550000190734863,633580,0.0,0.0
2022-12-09 13:30:00-05:00,2.8515000343322754,2.890000104904175,2.8515000343322754,2.884999990463257,708655,0.0,0.0
2022-12-09 14:30:00-05:00,2.880000114440918,2.890000104904175,2.859999895095825,2.865000009536743,491144,0.0,0.0
2022-12-09 15:30:00-05:00,2.859999895095825,2.869999885559082,2.8399999141693115,2.8499999046325684,652800,0.0,0.0
2022-12-12 09:30:00-05:00,2.7300000190734863,2.7300000190734863,2.651599884033203,2.674999952316284,874980,0.0,0.0
2022-12-12 10:30:00-05:00,2.674999952316284,2.684999942779541,2.6600000858306885,2.684999942779541,704727,0.0,0.0
2022-12-12 11:30:00-05:00,2.684999942779541,2.7149999141693115,2.680000066757202,2.694999933242798,313171,0.0,0.0
2022-12-12 12:30:00-05:00,2.694999933242798,2.7149999141693115,2.680000066757202,2.690000057220459,267111,0.0,0.0
2022-12-12 13:30:00-05:00,2.690000057220459,2.694999933242798,2.674999952316284,2.684999942779541,284745,0.0,0.0
2022-12-12 14:30:00-05:00,2.684999942779541,2.734999895095825,2.680000066757202,2.7300000190734863,369180,0.0,0.0
2022-12-12 15:30:00-05:00,2.734999895095825,2.75,2.7200000286102295,2.75,1120695,0.0,0.0
2022-12-13 09:30:00-05:00,2.799999952316284,2.819999933242798,2.744999885559082,2.7699999809265137,762443,0.0,0.0
2022-12-13 10:30:00-05:00,2.759999990463257,2.7699999809265137,2.7200000286102295,2.7300000190734863,263023,0.0,0.0
2022-12-13 11:30:00-05:00,2.7300000190734863,2.740000009536743,2.7100000381469727,2.7300000190734863,264708,0.0,0.0
2022-12-13 12:30:00-05:00,2.7249999046325684,2.740000009536743,2.7149999141693115,2.7249999046325684,266176,0.0,0.0
2022-12-13 13:30:00-05:00,2.7249999046325684,2.7300000190734863,2.6700000762939453,2.674999952316284,691976,0.0,0.0
2022-12-13 14:30:00-05:00,2.674999952316284,2.690000057220459,2.6549999713897705,2.674999952316284,465077,0.0,0.0
2022-12-13 15:30:00-05:00,2.6700000762939453,2.680000066757202,2.6500000953674316,2.6700000762939453,474301,0.0,0.0
2022-12-14 09:30:00-05:00,2.6500000953674316,2.6600000858306885,2.5999999046325684,2.615000009536743,752914,0.0,0.0
2022-12-14 10:30:00-05:00,2.609999895095825,2.6449999809265137,2.5999999046325684,2.640899896621704,279334,0.0,0.0
2022-12-14 11:30:00-05:00,2.6415998935699463,2.6700000762939453,2.640000104904175,2.640000104904175,351163,0.0,0.0
2022-12-14 12:30:00-05:00,2.640000104904175,2.690000057220459,2.619999885559082,2.674999952316284,443064,0.0,0.0
2022-12-14 13:30:00-05:00,2.674999952316284,2.700000047683716,2.6500000953674316,2.6700000762939453,1446131,0.0,0.0
2022-12-14 14:30:00-05:00,2.6798999309539795,2.740000009536743,2.6500000953674316,2.7200000286102295,1290059,0.0,0.0
2022-12-14 15:30:00-05:00,2.7200000286102295,2.759999990463257,2.7200000286102295,2.744999885559082,1788250,0.0,0.0
2022-12-15 09:30:00-05:00,2.7799999713897705,2.8299999237060547,2.75,2.755000114440918,1074321,0.0,0.0
2022-12-15 10:30:00-05:00,2.75,2.759999990463257,2.7100000381469727,2.75,1357249,0.0,0.0
2022-12-15 11:30:00-05:00,2.75,2.7699999809265137,2.7223000526428223,2.759999990463257,784355,0.0,0.0
2022-12-15 12:30:00-05:00,2.759999990463257,2.7799999713897705,2.694999933242798,2.694999933242798,547154,0.0,0.0
2022-12-15 13:30:00-05:00,2.694999933242798,2.700000047683716,2.6600000858306885,2.6700000762939453,455573,0.0,0.0
2022-12-15 14:30:00-05:00,2.6700000762939453,2.674999952316284,2.6449999809265137,2.6549999713897705,598687,0.0,0.0
2022-12-15 15:30:00-05:00,2.6600000858306885,2.6700000762939453,2.6500000953674316,2.6549999713897705,1288870,0.0,0.0
2022-12-16 09:30:00-05:00,2.6600000858306885,2.7100000381469727,2.6549999713897705,2.6700000762939453,1491630,0.0,0.0
2022-12-16 10:30:00-05:00,2.674999952316284,2.680000066757202,2.6449999809265137,2.6649999618530273,674187,0.0,0.0
2022-12-16 11:30:00-05:00,2.6649999618530273,2.6700000762939453,2.640000104904175,2.6600000858306885,622929,0.0,0.0
2022-12-16 12:30:00-05:00,2.6549999713897705,2.6600000858306885,2.630000114440918,2.634999990463257,511264,0.0,0.0
2022-12-16 13:30:00-05:00,2.634999990463257,2.6600000858306885,2.619999885559082,2.634999990463257,764099,0.0,0.0
2022-12-16 14:30:00-05:00,2.634999990463257,2.6500000953674316,2.630000114440918,2.634999990463257,950628,0.0,0.0
2022-12-16 15:30:00-05:00,2.634999990463257,2.6449999809265137,2.609999895095825,2.634999990463257,1409084,0.0,0.0
2022-12-19 09:30:00-05:00,2.609999895095825,2.630000114440918,2.571000099182129,2.5950000286102295,875495,0.0,0.0
2022-12-19 10:30:00-05:00,2.5950000286102295,2.5950000286102295,2.549999952316284,2.565000057220459,251096,0.0,0.0
2022-12-19 11:30:00-05:00,2.569999933242798,2.569999933242798,2.5399999618530273,2.5399999618530273,468001,0.0,0.0
2022-12-19 12:30:00-05:00,2.5450000762939453,2.5899999141693115,2.5399999618530273,2.575000047683716,480127,0.0,0.0
2022-12-19 13:30:00-05:00,2.575000047683716,2.5850000381469727,2.549999952316284,2.549999952316284,339777,0.0,0.0
2022-12-19 14:30:00-05:00,2.559999942779541,2.569999933242798,2.5399999618530273,2.559999942779541,390002,0.0,0.0
2022-12-19 15:30:00-05:00,2.559999942779541,2.5899999141693115,2.559999942779541,2.5850000381469727,608996,0.0,0.0
2022-12-20 09:30:00-05:00,2.700000047683716,2.799999952316284,2.700000047683716,2.7750000953674316,1406764,0.0,0.0
2022-12-20 10:30:00-05:00,2.7799999713897705,2.819999933242798,2.7699999809265137,2.7850000858306885,508292,0.0,0.0
2022-12-20 11:30:00-05:00,2.7850000858306885,2.819999933242798,2.7850000858306885,2.7950000762939453,334610,0.0,0.0
2022-12-20 12:30:00-05:00,2.7899999618530273,2.7899999618530273,2.759999990463257,2.7750000953674316,321671,0.0,0.0
2022-12-20 13:30:00-05:00,2.7750000953674316,2.7899999618530273,2.765000104904175,2.7699999809265137,229040,0.0,0.0
2022-12-20 14:30:00-05:00,2.7699999809265137,2.7799999713897705,2.740000009536743,2.759999990463257,483960,0.0,0.0
2022-12-20 15:30:00-05:00,2.755000114440918,2.759999990463257,2.740000009536743,2.740000009536743,595309,0.0,0.0
2022-12-21 09:30:00-05:00,2.759999990463257,2.7899999618530273,2.740000009536743,2.75,546011,0.0,0.0
2022-12-21 10:30:00-05:00,2.755000114440918,2.7799999713897705,2.755000114440918,2.7634999752044678,310801,0.0,0.0
2022-12-21 11:30:00-05:00,2.7699999809265137,2.7799999713897705,2.75,2.765000104904175,340236,0.0,0.0
2022-12-21 12:30:00-05:00,2.765000104904175,2.7699999809265137,2.744999885559082,2.755000114440918,433430,0.0,0.0
2022-12-21 13:30:00-05:00,2.755000114440918,2.7699999809265137,2.7500998973846436,2.7699999809265137,252670,0.0,0.0
2022-12-21 14:30:00-05:00,2.765000104904175,2.7699999809265137,2.744999885559082,2.759999990463257,335551,0.0,0.0
2022-12-21 15:30:00-05:00,2.7681000232696533,2.7899999618530273,2.765000104904175,2.7899999618530273,431352,0.0,0.0
2022-12-22 09:30:00-05:00,2.759999990463257,2.7799999713897705,2.7200000286102295,2.740000009536743,413452,0.0,0.0
2022-12-22 10:30:00-05:00,2.7300000190734863,2.755000114440918,2.7200000286102295,2.744999885559082,272550,0.0,0.0
2022-12-22 11:30:00-05:00,2.740000009536743,2.744999885559082,2.7200000286102295,2.7249999046325684,180349,0.0,0.0
2022-12-22 12:30:00-05:00,2.7249999046325684,2.7300000190734863,2.700000047683716,2.7081000804901123,393853,0.0,0.0
2022-12-22 13:30:00-05:00,2.7100000381469727,2.7200000286102295,2.700000047683716,2.7149999141693115,375234,0.0,0.0
2022-12-22 14:30:00-05:00,2.7149999141693115,2.75,2.7149999141693115,2.75,154577,0.0,0.0
2022-12-22 15:30:00-05:00,2.744999885559082,2.7799999713897705,2.740000009536743,2.7799999713897705,371973,0.0,0.0
2022-12-23 09:30:00-05:00,2.740000009536743,2.740000009536743,2.680000066757202,2.73009991645813,723843,0.0,0.0
2022-12-23 10:30:00-05:00,2.7316999435424805,2.755000114440918,2.7200000286102295,2.740000009536743,231285,0.0,0.0
2022-12-23 11:30:00-05:00,2.744999885559082,2.75,2.734999895095825,2.744999885559082,89142,0.0,0.0
2022-12-23 12:30:00-05:00,2.75,2.765000104904175,2.7320001125335693,2.7320001125335693,140482,0.0,0.0
2022-12-23 13:30:00-05:00,2.7300000190734863,2.740000009536743,2.7149999141693115,2.7149999141693115,379979,0.0,0.0
2022-12-23 14:30:00-05:00,2.7149999141693115,2.7300000190734863,2.7100000381469727,2.7249999046325684,303131,0.0,0.0
2022-12-23 15:30:00-05:00,2.7249999046325684,2.75,2.7249999046325684,2.75,202493,0.0,0.0
2022-12-27 09:30:00-05:00,2.7100000381469727,2.7764999866485596,2.7100000381469727,2.7750000953674316,500662,0.0,0.0
2022-12-27 10:30:00-05:00,2.7750000953674316,2.7950000762939453,2.7699999809265137,2.7799999713897705,607593,0.0,0.0
2022-12-27 11:30:00-05:00,2.7799999713897705,2.7799999713897705,2.750499963760376,2.755000114440918,146751,0.0,0.0
2022-12-27 12:30:00-05:00,2.755000114440918,2.759999990463257,2.734999895095825,2.755000114440918,236312,0.0,0.0
2022-12-27 13:30:00-05:00,2.755000114440918,2.7699999809265137,2.74180006980896,2.7446999549865723,55754,0.0,0.0
2022-12-27 14:30:00-05:00,2.744999885559082,2.7699999809265137,2.7300000190734863,2.759999990463257,460884,0.0,0.0
2022-12-27 15:30:00-05:00,2.765000104904175,2.7699999809265137,2.759999990463257,2.765000104904175,177773,0.0,0.0
2022-12-28 09:30:00-05:00,2.880000114440918,2.884999990463257,2.799999952316284,2.809999942779541,384997,0.0,0.0
2022-12-28 10:30:00-05:00,2.805000066757202,2.809999942779541,2.7899999618530273,2.805000066757202,257089,0.0,0.0
2022-12-28 11:30:00-05:00,2.805000066757202,2.819999933242798,2.7950000762939453,2.805000066757202,367794,0.0,0.0
2022-12-28 12:30:00-05:00,2.805000066757202,2.8399999141693115,2.805000066757202,2.8350000381469727,250185,0.0,0.0
2022-12-28 13:30:00-05:00,2.8350000381469727,2.8350000381469727,2.819999933242798,2.819999933242798,143306,0.0,0.0
2022-12-28 14:30:00-05:00,2.819999933242798,2.819999933242798,2.809999942779541,2.815000057220459,70928,0.0,0.0
2022-12-28 15:30:00-05:00,2.809999942779541,2.819999933242798,2.7950000762939453,2.7950000762939453,549758,0.0,0.0
2022-12-29 09:30:00-05:00,2.819999933242798,2.8499999046325684,2.819999933242798,2.8299999237060547,363441,0.0,0.0
2022-12-29 10:30:00-05:00,2.8299999237060547,2.8350000381469727,2.799999952316284,2.819999933242798,317375,0.0,0.0
2022-12-29 11:30:00-05:00,2.819999933242798,2.8299999237060547,2.7799999713897705,2.7850000858306885,168422,0.0,0.0
2022-12-29 12:30:00-05:00,2.7874999046325684,2.805000066757202,2.7699999809265137,2.799999952316284,133937,0.0,0.0
2022-12-29 13:30:00-05:00,2.799999952316284,2.815000057220459,2.7899999618530273,2.805000066757202,76591,0.0,0.0
2022-12-29 14:30:00-05:00,2.805000066757202,2.809999942779541,2.7950000762939453,2.805000066757202,133603,0.0,0.0
2022-12-29 15:30:00-05:00,2.805000066757202,2.809999942779541,2.7899999618530273,2.799999952316284,307684,0.0,0.0
2022-12-30 09:30:00-05:00,2.799999952316284,2.8399999141693115,2.75,2.755000114440918,215395,0.0,0.0
2022-12-30 10:30:00-05:00,2.755000114440918,2.759999990463257,2.7200000286102295,2.7300000190734863,160047,0.0,0.0
2022-12-30 11:30:00-05:00,2.734999895095825,2.734999895095825,2.7200000286102295,2.7249999046325684,124807,0.0,0.0
2022-12-30 12:30:00-05:00,2.7249999046325684,2.75,2.7200000286102295,2.7200000286102295,337704,0.0,0.0
2022-12-30 13:30:00-05:00,2.7200000286102295,2.740000009536743,2.7200000286102295,2.740000009536743,102766,0.0,0.0
2022-12-30 14:30:00-05:00,2.740000009536743,2.744999885559082,2.7200000286102295,2.734999895095825,166981,0.0,0.0
2022-12-30 15:30:00-05:00,2.734999895095825,2.759999990463257,2.7300000190734863,2.755000114440918,402508,0.0,0.0
2023-01-03 09:30:00-05:00,2.7699999809265137,2.819999933242798,2.7200000286102295,2.734999895095825,574512,0.0,0.0
2023-01-03 10:30:00-05:00,2.7300000190734863,2.7699999809265137,2.7200000286102295,2.75,408624,0.0,0.0
2023-01-03 11:30:00-05:00,2.744999885559082,2.75,2.721400022506714,2.7300000190734863,219999,0.0,0.0
2023-01-03 12:30:00-05:00,2.7300000190734863,2.744999885559082,2.703900098800659,2.7249999046325684,197914,0.0,0.0
2023-01-03 13:30:00-05:00,2.7249999046325684,2.7300000190734863,2.7100000381469727,2.7149999141693115,141963,0.0,0.0
2023-01-03 14:30:00-05:00,2.7149999141693115,2.7149999141693115,2.680000066757202,2.680000066757202,240374,0.0,0.0
2023-01-03 15:30:00-05:00,2.684999942779541,2.690000057220459,2.680000066757202,2.680000066757202,140675,0.0,0.0
2023-01-04 09:30:00-05:00,2.7200000286102295,2.759999990463257,2.694999933242798,2.7149999141693115,469719,0.0,0.0
2023-01-04 10:30:00-05:00,2.7149999141693115,2.765000104904175,2.7100000381469727,2.759999990463257,398374,0.0,0.0
2023-01-04 11:30:00-05:00,2.759999990463257,2.7750000953674316,2.75,2.765000104904175,208621,0.0,0.0
2023-01-04 12:30:00-05:00,2.7699999809265137,2.7999000549316406,2.765000104904175,2.7850000858306885,352568,0.0,0.0
2023-01-04 13:30:00-05:00,2.7850000858306885,2.807800054550171,2.765000104904175,2.765000104904175,287503,0.0,0.0
2023-01-04 14:30:00-05:00,2.765000104904175,2.799999952316284,2.765000104904175,2.7899999618530273,135353,0.0,0.0
2023-01-04 15:30:00-05:00,2.7899999618530273,2.819999933242798,2.7799999713897705,2.805000066757202,366511,0.0,0.0
2023-01-05 09:30:00-05:00,2.75,2.7850000858306885,2.7249999046325684,2.7850000858306885,280528,0.0,0.0
2023-01-05 10:30:00-05:00,2.7850000858306885,2.859999895095825,2.7699999809265137,2.8450000286102295,1032961,0.0,0.0
2023-01-05 11:30:00-05:00,2.8450000286102295,2.869999885559082,2.841599941253662,2.859999895095825,230073,0.0,0.0
2023-01-05 12:30:00-05:00,2.865000009536743,2.934999942779541,2.859999895095825,2.924999952316284,376625,0.0,0.0
2023-01-05 13:30:00-05:00,2.924999952316284,2.940000057220459,2.9100000858306885,2.934999942779541,209073,0.0,0.0
2023-01-05 14:30:00-05:00,2.934999942779541,2.950000047683716,2.930000066757202,2.936800003051758,491669,0.0,0.0
2023-01-05 15:30:00-05:00,2.940000057220459,2.9700000286102295,2.930000066757202,2.950000047683716,1227023,0.0,0.0
2023-01-06 09:30:00-05:00,3.1600000858306885,3.1700000762939453,3.0799999237060547,3.12280011177063,2076247,0.0,0.0
2023-01-06 10:30:00-05:00,3.125,3.1700000762939453,3.125,3.134999990463257,798035,0.0,0.0
2023-01-06 11:30:00-05:00,3.140000104904175,3.1700000762939453,3.134999990463257,3.1549999713897705,507012,0.0,0.0
2023-01-06 12:30:00-05:00,3.1549999713897705,3.1600000858306885,3.130000114440918,3.1370999813079834,206746,0.0,0.0
2023-01-06 13:30:00-05:00,3.140000104904175,3.140000104904175,3.1050000190734863,3.1050000190734863,131681,0.0,0.0
2023-01-06 14:30:00-05:00,3.1050000190734863,3.119999885559082,3.0999999046325684,3.119999885559082,377295,0.0,0.0
2023-01-06 15:30:00-05:00,3.115000009536743,3.1298999786376953,3.109999895095825,3.125,501534,0.0,0.0
2023-01-09 09:30:00-05:00,3.069999933242798,3.0999999046325684,3.0299999713897705,3.0399999618530273,830522,0.0,0.0
2023-01-09 10:30:00-05:00,3.0350000858306885,3.109999895095825,3.0350000858306885,3.0999999046325684,402404,0.0,0.0
2023-01-09 11:30:00-05:00,3.0999999046325684,3.1449999809265137,3.0899999141693115,3.134999990463257,416383,0.0,0.0
2023-01-09 12:30:00-05:00,3.134999990463257,3.134999990463257,3.109999895095825,3.115000009536743,229049,0.0,0.0
2023-01-09 13:30:00-05:00,3.119999885559082,3.134999990463257,3.109999895095825,3.134999990463257,187267,0.0,0.0
2023-01-09 14:30:00-05:00,3.134999990463257,3.140000104904175,3.100100040435791,3.115000009536743,516427,0.0,0.0
2023-01-09 15:30:00-05:00,3.110100030899048,3.119999885559082,3.0999999046325684,3.109999895095825,581393,0.0,0.0
2023-01-10 09:30:00-05:00,3.180000066757202,3.2149999141693115,3.1649999618530273,3.2100000381469727,788400,0.0,0.0
2023-01-10 10:30:00-05:00,3.2100000381469727,3.240000009536743,3.194999933242798,3.234999895095825,381560,0.0,0.0
2023-01-10 11:30:00-05:00,3.2300000190734863,3.244999885559082,3.2249999046325684,3.2300000190734863,298976,0.0,0.0
2023-01-10 12:30:00-05:00,3.2300000190734863,3.244999885559082,3.2100000381469727,3.234999895095825,363943,0.0,0.0
2023-01-10 13:30:00-05:00,3.2300000190734863,3.309999942779541,3.2300000190734863,3.305000066757202,737397,0.0,0.0
2023-01-10 14:30:00-05:00,3.305000066757202,3.319999933242798,3.2899999618530273,3.319999933242798,387221,0.0,0.0
2023-01-10 15:30:00-05:00,3.315000057220459,3.3299999237060547,3.2899999618530273,3.2899999618530273,738180,0.0,0.0
2023-01-11 09:30:00-05:00,3.309999942779541,3.3299999237060547,3.2750000953674316,3.305000066757202,348871,0.0,0.0
2023-01-11 10:30:00-05:00,3.305000066757202,3.319999933242798,3.2750000953674316,3.305000066757202,440492,0.0,0.0
2023-01-11 11:30:00-05:00,3.299999952316284,3.315000057220459,3.2950000762939453,3.299999952316284,155405,0.0,0.0
2023-01-11 12:30:00-05:00,3.305000066757202,3.3196001052856445,3.2699999809265137,3.2799999713897705,443443,0.0,0.0
2023-01-11 13:30:00-05:00,3.2799999713897705,3.308000087738037,3.259999990463257,3.2999000549316406,1708705,0.0,0.0
2023-01-11 14:30:00-05:00,3.299999952316284,3.309999942779541,3.2899999618530273,3.305000066757202,224428,0.0,0.0
2023-01-11 15:30:00-05:00,3.299999952316284,3.325000047683716,3.299999952316284,3.309999942779541,530346,0.0,0.0
2023-01-12 09:30:00-05:00,3.259999990463257,3.325000047683716,3.2592999935150146,3.2699999809265137,775362,0.0,0.0
2023-01-12 10:30:00-05:00,3.2750000953674316,3.3550000190734863,3.2750000953674316,3.3450000286102295,521220,0.0,0.0
2023-01-12 11:30:00-05:00,3.3499999046325684,3.369999885559082,3.325000047683716,3.359999895095825,249589,0.0,0.0
2023-01-12 12:30:00-05:00,3.359999895095825,3.368499994277954,3.315000057220459,3.315000057220459,384905,0.0,0.0
2023-01-12 13:30:00-05:00,3.319999933242798,3.359999895095825,3.315000057220459,3.325000047683716,414003,0.0,0.0
2023-01-12 14:30:00-05:00,3.325000047683716,3.3399999141693115,3.309999942779541,3.339900016784668,226079,0.0,0.0
2023-01-12 15:30:00-05:00,3.3399999141693115,3.369999885559082,3.3299999237060547,3.359999895095825,311030,0.0,0.0
2023-01-13 09:30:00-05:00,3.3299999237060547,3.359999895095825,3.315000057220459,3.3299999237060547,476098,0.0,0.0
2023-01-13 10:30:00-05:00,3.3299999237060547,3.3350000381469727,3.299999952316284,3.325000047683716,265864,0.0,0.0
2023-01-13 11:30:00-05:00,3.325000047683716,3.325000047683716,3.305000066757202,3.315000057220459,177165,0.0,0.0
2023-01-13 12:30:00-05:00,3.315000057220459,3.3299999237060547,3.309999942779541,3.3285000324249268,153050,0.0,0.0
2023-01-13 13:30:00-05:00,3.325000047683716,3.3399999141693115,3.319999933242798,3.3350000381469727,343580,0.0,0.0
2023-01-13 14:30:00-05:00,3.3350000381469727,3.3399999141693115,3.3101000785827637,3.3299999237060547,286142,0.0,0.0
2023-01-13 15:30:00-05:00,3.3350000381469727,3.3399999141693115,3.3299999237060547,3.3299999237060547,199005,0.0,0.0
2023-01-17 09:30:00-05:00,3.3299999237060547,3.3499999046325684,3.299999952316284,3.309999942779541,515038,0.0,0.0
2023-01-17 10:30:00-05:00,3.305000066757202,3.325000047683716,3.2699999809265137,3.299999952316284,428932,0.0,0.0
2023-01-17 11:30:00-05:00,3.2950000762939453,3.319999933242798,3.2750000953674316,3.2850000858306885,320105,0.0,0.0
2023-01-17 12:30:00-05:00,3.2850000858306885,3.2899999618530273,3.25,3.2750000953674316,221882,0.0,0.0
2023-01-17 13:30:00-05:00,3.2750000953674316,3.299999952316284,3.2750000953674316,3.2950000762939453,146847,0.0,0.0
2023-01-17 14:30:00-05:00,3.299999952316284,3.325000047683716,3.29259991645813,3.319999933242798,137218,0.0,0.0
2023-01-17 15:30:00-05:00,3.315000057220459,3.3299999237060547,3.309999942779541,3.309999942779541,177881,0.0,0.0
2023-01-18 09:30:00-05:00,3.4100000858306885,3.444999933242798,3.359999895095825,3.4100000858306885,729855,0.0,0.0
2023-01-18 10:30:00-05:00,3.4149999618530273,3.450000047683716,3.4000000953674316,3.4149999618530273,652946,0.0,0.0
2023-01-18 11:30:00-05:00,3.4149999618530273,3.4149999618530273,3.3499999046325684,3.369999885559082,322362,0.0,0.0
2023-01-18 12:30:00-05:00,3.375,3.3877999782562256,3.359999895095825,3.375,153828,0.0,0.0
2023-01-18 13:30:00-05:00,3.375,3.384999990463257,3.359999895095825,3.380000114440918,178621,0.0,0.0
2023-01-18 14:30:00-05:00,3.378000020980835,3.384999990463257,3.359999895095825,3.359999895095825,482558,0.0,0.0
2023-01-18 15:30:00-05:00,3.359999895095825,3.369999885559082,3.3499999046325684,3.3550000190734863,501289,0.0,0.0
2023-01-19 09:30:00-05:00,3.369999885559082,3.3949999809265137,3.319999933242798,3.3450000286102295,339156,0.0,0.0
2023-01-19 10:30:00-05:00,3.3499999046325684,3.3550000190734863,3.2850000858306885,3.2850000858306885,371920,0.0,0.0
2023-01-19 11:30:00-05:00,3.2899999618530273,3.3199000358581543,3.287899971008301,3.3178000450134277,149559,0.0,0.0
2023-01-19 12:30:00-05:00,3.319999933242798,3.3301000595092773,3.2950000762939453,3.3299999237060547,100234,0.0,0.0
2023-01-19 13:30:00-05:00,3.3299999237060547,3.389899969100952,3.3299999237060547,3.380000114440918,224527,0.0,0.0
2023-01-19 14:30:00-05:00,3.380000114440918,3.3949999809265137,3.375699996948242,3.3801000118255615,154894,0.0,0.0
2023-01-19 15:30:00-05:00,3.384999990463257,3.384999990463257,3.3499999046325684,3.3499999046325684,123232,0.0,0.0
2023-01-20 09:30:00-05:00,3.440000057220459,3.4649999141693115,3.430000066757202,3.450000047683716,491168,0.0,0.0
2023-01-20 10:30:00-05:00,3.4549999237060547,3.4700000286102295,3.440000057220459,3.4549999237060547,197834,0.0,0.0
2023-01-20 11:30:00-05:00,3.4600000381469727,3.4600000381469727,3.430000066757202,3.434999942779541,173388,0.0,0.0
2023-01-20 12:30:00-05:00,3.434999942779541,3.4609999656677246,3.430000066757202,3.434999942779541,270370,0.0,0.0
2023-01-20 13:30:00-05:00,3.434999942779541,3.440000057220459,3.4200000762939453,3.434999942779541,277383,0.0,0.0
2023-01-20 14:30:00-05:00,3.434999942779541,3.450000047683716,3.4200000762939453,3.424999952316284,266626,0.0,0.0
2023-01-20 15:30:00-05:00,3.424999952316284,3.4549999237060547,3.4200000762939453,3.444999933242798,467107,0.0,0.0
2023-01-23 09:30:00-05:00,3.4700000286102295,3.529900074005127,3.4549999237060547,3.5250000953674316,563239,0.0,0.0
2023-01-23 10:30:00-05:00,3.5299999713897705,3.5399999618530273,3.509999990463257,3.5299999713897705,418478,0.0,0.0
2023-01-23 11:30:00-05:00,3.5299999713897705,3.5299999713897705,3.509999990463257,3.5199999809265137,284442,0.0,0.0
2023-01-23 12:30:00-05:00,3.5199999809265137,3.5299999713897705,3.5,3.50570011138916,308843,0.0,0.0
2023-01-23 13:30:00-05:00,3.509999990463257,3.509999990463257,3.4749999046325684,3.4749999046325684,424542,0.0,0.0
2023-01-23 14:30:00-05:00,3.4749999046325684,3.494999885559082,3.4600000381469727,3.4600000381469727,568900,0.0,0.0
2023-01-23 15:30:00-05:00,3.4600000381469727,3.490000009536743,3.4600000381469727,3.484999895095825,617001,0.0,0.0
2023-01-24 09:30:00-05:00,3.450000047683716,3.4700000286102295,3.424999952316284,3.434999942779541,424276,0.0,0.0
2023-01-24 10:30:00-05:00,3.434999942779541,3.444999933242798,3.4100000858306885,3.428999900817871,272139,0.0,0.0
2023-01-24 11:30:00-05:00,3.430000066757202,3.4398999214172363,3.4100000858306885,3.4200000762939453,230708,0.0,0.0
2023-01-24 12:30:00-05:00,3.4200000762939453,3.4200000762939453,3.4000000953674316,3.4200000762939453,198417,0.0,0.0
2023-01-24 13:30:00-05:00,3.4200000762939453,3.4560000896453857,3.4200000762939453,3.4549999237060547,409551,0.0,0.0
2023-01-24 14:30:00-05:00,3.4549999237060547,3.4700000286102295,3.450000047683716,3.4600000381469727,156411,0.0,0.0
2023-01-24 15:30:00-05:00,3.4600000381469727,3.4700000286102295,3.430000066757202,3.4700000286102295,837663,0.0,0.0
2023-01-25 09:30:00-05:00,3.430000066757202,3.4600000381469727,3.4200000762939453,3.430000066757202,528172,0.0,0.0
2023-01-25 10:30:00-05:00,3.430000066757202,3.527600049972534,3.430000066757202,3.515000104904175,532995,0.0,0.0
2023-01-25 11:30:00-05:00,3.515000104904175,3.515000104904175,3.4600000381469727,3.4649999141693115,403646,0.0,0.0
2023-01-25 12:30:00-05:00,3.4600000381469727,3.505000114440918,3.4600000381469727,3.494999885559082,450779,0.0,0.0
2023-01-25 13:30:00-05:00,3.494999885559082,3.505000114440918,3.4749999046325684,3.494999885559082,283979,0.0,0.0
2023-01-25 14:30:00-05:00,3.49399995803833,3.5250000953674316,3.49399995803833,3.505000114440918,252259,0.0,0.0
2023-01-25 15:30:00-05:00,3.505000114440918,3.5250000953674316,3.4928998947143555,3.505000114440918,1473519,0.0,0.0
2023-01-26 09:30:00-05:00,3.549999952316284,3.619999885559082,3.5250000953674316,3.609999895095825,959909,0.0,0.0
2023-01-26 10:30:00-05:00,3.609999895095825,3.612299919128418,3.575000047683716,3.599900007247925,555497,0.0,0.0
2023-01-26 11:30:00-05:00,3.5999999046325684,3.619999885559082,3.5799999237060547,3.5950000286102295,342820,0.0,0.0
2023-01-26 12:30:00-05:00,3.5899999141693115,3.615000009536743,3.5850000381469727,3.615000009536743,317869,0.0,0.0
2023-01-26 13:30:00-05:00,3.619999885559082,3.6500000953674316,3.609999895095825,3.640000104904175,473382,0.0,0.0
2023-01-26 14:30:00-05:00,3.640000104904175,3.6600000858306885,3.640000104904175,3.6549999713897705,429855,0.0,0.0
2023-01-26 15:30:00-05:00,3.6549999713897705,3.680000066757202,3.650099992752075,3.680000066757202,421070,0.0,0.0
2023-01-27 09:30:00-05:00,3.640000104904175,3.6600000858306885,3.5899999141693115,3.60479998588562,670625,0.0,0.0
2023-01-27 10:30:00-05:00,3.609999895095825,3.609999895095825,3.5618999004364014,3.5999999046325684,365112,0.0,0.0
2023-01-27 11:30:00-05:00,3.5999999046325684,3.630000114440918,3.5999999046325684,3.615000009536743,252976,0.0,0.0
2023-01-27 12:30:00-05:00,3.609999895095825,3.630000114440918,3.5999999046325684,3.609999895095825,205302,0.0,0.0
2023-01-27 13:30:00-05:00,3.615000009536743,3.630000114440918,3.5850000381469727,3.5850000381469727,225971,0.0,0.0
2023-01-27 14:30:00-05:00,3.5850000381469727,3.5999999046325684,3.575000047683716,3.5999999046325684,407151,0.0,0.0
2023-01-27 15:30:00-05:00,3.5950000286102295,3.609999895095825,3.559999942779541,3.565000057220459,516357,0.0,0.0
2023-01-30 09:30:00-05:00,3.609999895095825,3.634999990463257,3.5799999237060547,3.630000114440918,534960,0.0,0.0
2023-01-30 10:30:00-05:00,3.630000114440918,3.630000114440918,3.5899999141693115,3.630000114440918,606180,0.0,0.0
2023-01-30 11:30:00-05:00,3.625,3.634999990463257,3.609999895095825,3.615000009536743,260063,0.0,0.0
2023-01-30 12:30:00-05:00,3.615000009536743,3.640000104904175,3.611799955368042,3.630000114440918,260450,0.0,0.0
2023-01-30 13:30:00-05:00,3.625,3.634999990463257,3.6050000190734863,3.615000009536743,274233,0.0,0.0
2023-01-30 14:30:00-05:00,3.615000009536743,3.619999885559082,3.5799999237060547,3.5799999237060547,352892,0.0,0.0
2023-01-30 15:30:00-05:00,3.5799999237060547,3.5899999141693115,3.569999933242798,3.575000047683716,388847,0.0,0.0
2023-01-31 09:30:00-05:00,3.640000104904175,3.674999952316284,3.640000104904175,3.6549999713897705,695859,0.0,0.0
2023-01-31 10:30:00-05:00,3.6549999713897705,3.6760001182556152,3.6449999809265137,3.650099992752075,412576,0.0,0.0
2023-01-31 11:30:00-05:00,3.6500000953674316,3.6500000953674316,3.609999895095825,3.6449999809265137,340131,0.0,0.0
2023-01-31 12:30:00-05:00,3.649899959564209,3.658799886703491,3.6301000118255615,3.6500000953674316,132786,0.0,0.0
2023-01-31 13:30:00-05:00,3.6500000953674316,3.6698999404907227,3.6440000534057617,3.6649999618530273,202075,0.0,0.0
2023-01-31 14:30:00-05:00,3.6649999618530273,3.680000066757202,3.6600000858306885,3.674999952316284,321834,0.0,0.0
2023-01-31 15:30:00-05:00,3.674999952316284,3.684999942779541,3.6700000762939453,3.684999942779541,339230,0.0,0.0
2023-02-01 09:30:00-05:00,3.619999885559082,3.630000114440918,3.5850000381469727,3.5899999141693115,673768,0.0,0.0
2023-02-01 10:30:00-05:00,3.5899999141693115,3.607100009918213,3.5799999237060547,3.6050000190734863,148511,0.0,0.0
2023-02-01 11:30:00-05:00,3.6050000190734863,3.615000009536743,3.569999933242798,3.569999933242798,202031,0.0,0.0
2023-02-01 12:30:00-05:00,3.569999933242798,3.5850000381469727,3.5450000762939453,3.5799999237060547,235575,0.0,0.0
2023-02-01 13:30:00-05:00,3.5799999237060547,3.6050000190734863,3.569999933242798,3.5899999141693115,327087,0.0,0.0
2023-02-01 14:30:00-05:00,3.5850000381469727,3.674999952316284,3.569999933242798,3.674999952316284,544862,0.0,0.0
2023-02-01 15:30:00-05:00,3.674999952316284,3.700000047683716,3.6700000762939453,3.680000066757202,603887,0.0,0.0
2023-02-02 09:30:00-05:00,3.640000104904175,3.6449999809265137,3.4900999069213867,3.509999990463257,1069837,0.0,0.0
2023-02-02 10:30:00-05:00,3.505000114440918,3.5299999713897705,3.5,3.515000104904175,708223,0.0,0.0
2023-02-02 11:30:00-05:00,3.51990008354187,3.5350000858306885,3.509999990463257,3.5250000953674316,276183,0.0,0.0
2023-02-02 12:30:00-05:00,3.5250000953674316,3.5450000762939453,3.5199999809265137,3.5350000858306885,145332,0.0,0.0
2023-02-02 13:30:00-05:00,3.5350000858306885,3.5499000549316406,3.490000009536743,3.494999885559082,297213,0.0,0.0
2023-02-02 14:30:00-05:00,3.494999885559082,3.5,3.4600000381469727,3.4649999141693115,577681,0.0,0.0
2023-02-02 15:30:00-05:00,3.4649999141693115,3.490000009536743,3.4600000381469727,3.484999895095825,578993,0.0,0.0
2023-02-03 09:30:00-05:00,3.5199999809265137,3.549999952316284,3.4800000190734863,3.5350000858306885,472227,0.0,0.0
2023-02-03 10:30:00-05:00,3.5299999713897705,3.5499000549316406,3.5,3.515000104904175,334394,0.0,0.0
2023-02-03 11:30:00-05:00,3.515000104904175,3.5199999809265137,3.490000009536743,3.509999990463257,127534,0.0,0.0
2023-02-03 12:30:00-05:00,3.509999990463257,3.509999990463257,3.4649999141693115,3.47160005569458,276323,0.0,0.0
2023-02-03 13:30:00-05:00,3.4700000286102295,3.4800000190734863,3.450000047683716,3.450000047683716,285129,0.0,0.0
2023-02-03 14:30:00-05:00,3.4549999237060547,3.4649999141693115,3.440000057220459,3.4549999237060547,548382,0.0,0.0
2023-02-03 15:30:00-05:00,3.4600000381469727,3.4700000286102295,3.450000047683716,3.4700000286102295,263323,0.0,0.0
2023-02-06 09:30:00-05:00,3.3299999237060547,3.359999895095825,3.2850000858306885,3.2899999618530273,756077,0.0,0.0
2023-02-06 10:30:00-05:00,3.2899999618530273,3.3559999465942383,3.2850000858306885,3.3550000190734863,699995,0.0,0.0
2023-02-06 11:30:00-05:00,3.359999895095825,3.359999895095825,3.321500062942505,3.325000047683716,376142,0.0,0.0
2023-02-06 12:30:00-05:00,3.325000047683716,3.359999895095825,3.319999933242798,3.3550000190734863,718247,0.0,0.0
2023-02-06 13:30:00-05:00,3.3550000190734863,3.369999885559082,3.3399999141693115,3.359999895095825,368437,0.0,0.0
2023-02-06 14:30:00-05:00,3.365000009536743,3.369999885559082,3.3499999046325684,3.365000009536743,355578,0.0,0.0
2023-02-06 15:30:00-05:00,3.365000009536743,3.375,3.359999895095825,3.365000009536743,893955,0.0,0.0
2023-02-07 09:30:00-05:00,3.369999885559082,3.4179000854492188,3.319999933242798,3.319999933242798,369260,0.0,0.0
2023-02-07 10:30:00-05:00,3.3299999237060547,3.3450000286102295,3.309999942779541,3.3350000381469727,349767,0.0,0.0
2023-02-07 11:30:00-05:00,3.3299999237060547,3.3499999046325684,3.319999933242798,3.3350000381469727,226201,0.0,0.0
2023-02-07 12:30:00-05:00,3.3350000381469727,3.4000000953674316,3.319999933242798,3.3399999141693115,492921,0.0,0.0
2023-02-07 13:30:00-05:00,3.3350000381469727,3.365000009536743,3.319999933242798,3.3450000286102295,367991,0.0,0.0
2023-02-07 14:30:00-05:00,3.3399999141693115,3.369999885559082,3.3299999237060547,3.349900007247925,213393,0.0,0.0
2023-02-07 15:30:00-05:00,3.3450000286102295,3.359999895095825,3.3399999141693115,3.3399999141693115,261292,0.0,0.0
2023-02-08 09:30:00-05:00,3.3299999237060547,3.3499999046325684,3.309999942779541,3.325000047683716,313337,0.0,0.0
2023-02-08 10:30:00-05:00,3.325000047683716,3.3282999992370605,3.2799999713897705,3.2899999618530273,217169,0.0,0.0
2023-02-08 11:30:00-05:00,3.2822999954223633,3.3299999237060547,3.2799999713897705,3.3201000690460205,152864,0.0,0.0
2023-02-08 12:30:00-05:00,3.319999933242798,3.359999895095825,3.315000057220459,3.3499999046325684,172724,0.0,0.0
2023-02-08 13:30:00-05:00,3.3499999046325684,3.375,3.3399999141693115,3.375,229990,0.0,0.0
2023-02-08 14:30:00-05:00,3.375,3.384999990463257,3.3499999046325684,3.3499999046325684,205503,0.0,0.0
2023-02-08 15:30:00-05:00,3.3499999046325684,3.351099967956543,3.3299999237060547,3.3450000286102295,168426,0.0,0.0
2023-02-09 09:30:00-05:00,3.3399999141693115,3.3499999046325684,3.25,3.2746999263763428,445814,0.0,0.0
2023-02-09 10:30:00-05:00,3.2750000953674316,3.2950000762939453,3.2639999389648438,3.2701001167297363,152095,0.0,0.0
2023-02-09 11:30:00-05:00,3.2750000953674316,3.325000047683716,3.2750000953674316,3.3208999633789062,175688,0.0,0.0
2023-02-09 12:30:00-05:00,3.319999933242798,3.3259999752044678,3.2750000953674316,3.2799999713897705,199587,0.0,0.0
2023-02-09 13:30:00-05:00,3.2799999713897705,3.2899999618530273,3.259999990463257,3.2750000953674316,236322,0.0,0.0
2023-02-09 14:30:00-05:00,3.2699999809265137,3.2699999809265137,3.25,3.25,383374,0.0,0.0
2023-02-09 15:30:00-05:00,3.25,3.259999990463257,3.240000009536743,3.25,269635,0.0,0.0
2023-02-10 09:30:00-05:00,3.2899999618530273,3.2950000762939453,3.234999895095825,3.265000104904175,405546,0.0,0.0
2023-02-10 10:30:00-05:00,3.265000104904175,3.2660999298095703,3.234999895095825,3.244999885559082,321107,0.0,0.0
2023-02-10 11:30:00-05:00,3.244999885559082,3.244999885559082,3.2200000286102295,3.2318999767303467,150517,0.0,0.0
2023-02-10 12:30:00-05:00,3.234999895095825,3.2799999713897705,3.2300000190734863,3.2750000953674316,212973,0.0,0.0
2023-02-10 13:30:00-05:00,3.2750000953674316,3.2799999713897705,3.2523999214172363,3.265000104904175,276859,0.0,0.0
2023-02-10 14:30:00-05:00,3.265000104904175,3.2750000953674316,3.25,3.255000114440918,341997,0.0,0.0
2023-02-10 15:30:00-05:00,3.259999990463257,3.2799999713897705,3.259999990463257,3.2699999809265137,397655,0.0,0.0
2023-02-13 09:30:00-05:00,3.2200000286102295,3.299999952316284,3.200000047683716,3.2950000762939453,207111,0.0,0.0
2023-02-13 10:30:00-05:00,3.2950000762939453,3.299999952316284,3.2750000953674316,3.2750000953674316,124242,0.0,0.0
2023-02-13 11:30:00-05:00,3.2699999809265137,3.299999952316284,3.259999990463257,3.29010009765625,89732,0.0,0.0
2023-02-13 12:30:00-05:00,3.2899999618530273,3.299999952316284,3.2699999809265137,3.2799999713897705,75720,0.0,0.0
2023-02-13 13:30:00-05:00,3.2799999713897705,3.299999952316284,3.2799999713897705,3.2950000762939453,77968,0.0,0.0
2023-02-13 14:30:00-05:00,3.2950000762939453,3.309999942779541,3.2799999713897705,3.309999942779541,131387,0.0,0.0
2023-02-13 15:30:00-05:00,3.305000066757202,3.309999942779541,3.2899999618530273,3.2899999618530273,224652,0.0,0.0
2023-02-14 09:30:00-05:00,3.319999933242798,3.390000104904175,3.309999942779541,3.359999895095825,502532,0.0,0.0
2023-02-14 10:30:00-05:00,3.359999895095825,3.365000009536743,3.299999952316284,3.3299999237060547,306332,0.0,0.0
2023-02-14 11:30:00-05:00,3.3299999237060547,3.334199905395508,3.299999952316284,3.325000047683716,223165,0.0,0.0
2023-02-14 12:30:00-05:00,3.319999933242798,3.3399999141693115,3.2750000953674316,3.325000047683716,335062,0.0,0.0
2023-02-14 13:30:00-05:00,3.325000047683716,3.3399999141693115,3.319999933242798,3.319999933242798,188042,0.0,0.0
2023-02-14 14:30:00-05:00,3.319999933242798,3.3271000385284424,3.2850000858306885,3.2899999618530273,124649,0.0,0.0
2023-02-14 15:30:00-05:00,3.2850000858306885,3.319999933242798,3.2799999713897705,3.319999933242798,493815,0.0,0.0
2023-02-15 09:30:00-05:00,3.309999942779541,3.315000057220459,3.2699999809265137,3.309999942779541,419238,0.0,0.0
2023-02-15 10:30:00-05:00,3.305000066757202,3.309999942779541,3.265000104904175,3.2850000858306885,162163,0.0,0.0
2023-02-15 11:30:00-05:00,3.2850000858306885,3.315000057220459,3.2799999713897705,3.309999942779541,204022,0.0,0.0
2023-02-15 12:30:00-05:00,3.309999942779541,3.359999895095825,3.309999942779541,3.359999895095825,125283,0.0,0.0
2023-02-15 13:30:00-05:00,3.359999895095825,3.390000104904175,3.3499999046325684,3.384999990463257,456854,0.0,0.0
2023-02-15 14:30:00-05:00,3.390000104904175,3.390000104904175,3.375,3.390000104904175,209113,0.0,0.0
2023-02-15 15:30:00-05:00,3.390000104904175,3.430000066757202,3.380000114440918,3.430000066757202,590704,0.0,0.0
2023-02-16 09:30:00-05:00,3.4800000190734863,3.490000009536743,3.4149999618530273,3.4549999237060547,567531,0.0,0.0
2023-02-16 10:30:00-05:00,3.4549999237060547,3.4649999141693115,3.403899908065796,3.4100000858306885,357976,0.0,0.0
2023-02-16 11:30:00-05:00,3.4100000858306885,3.424999952316284,3.4000000953674316,3.4200000762939453,265624,0.0,0.0
2023-02-16 12:30:00-05:00,3.4200000762939453,3.465100049972534,3.4200000762939453,3.4600000381469727,270151,0.0,0.0
2023-02-16 13:30:00-05:00,3.4600000381469727,3.4800000190734863,3.4537999629974365,3.4800000190734863,191420,0.0,0.0
2023-02-16 14:30:00-05:00,3.4749999046325684,3.490000009536743,3.450000047683716,3.4549999237060547,177564,0.0,0.0
2023-02-16 15:30:00-05:00,3.450000047683716,3.4700000286102295,3.440000057220459,3.450000047683716,537414,0.0,0.0
2023-02-17 09:30:00-05:00,3.4600000381469727,3.4600000381469727,3.384999990463257,3.384999990463257,422744,0.0,0.0
2023-02-17 10:30:00-05:00,3.390000104904175,3.4149999618530273,3.369999885559082,3.369999885559082,293697,0.0,0.0
2023-02-17 11:30:00-05:00,3.375,3.4149999618530273,3.369999885559082,3.4149999618530273,165376,0.0,0.0
2023-02-17 12:30:00-05:00,3.4149999618530273,3.4200000762939453,3.4000000953674316,3.4049999713897705,135092,0.0,0.0
2023-02-17 13:30:00-05:00,3.4049999713897705,3.4075000286102295,3.384999990463257,3.384999990463257,151412,0.0,0.0
2023-02-17 14:30:00-05:00,3.384999990463257,3.390000104904175,3.3803999423980713,3.384999990463257,38294,0.0,0.0
2023-02-17 15:30:00-05:00,3.384999990463257,3.4100000858306885,3.380000114440918,3.380000114440918,397655,0.0,0.0
2023-02-21 09:30:00-05:00,3.380000114440918,3.440000057220459,3.380000114440918,3.4191999435424805,248404,0.0,0.0
2023-02-21 10:30:00-05:00,3.4200000762939453,3.430000066757202,3.4135000705718994,3.4149999618530273,145624,0.0,0.0
2023-02-21 11:30:00-05:00,3.4149999618530273,3.4200000762939453,3.390000104904175,3.4000000953674316,158628,0.0,0.0
2023-02-21 12:30:00-05:00,3.4000000953674316,3.4100000858306885,3.380000114440918,3.380000114440918,67202,0.0,0.0
2023-02-21 13:30:00-05:00,3.380000114440918,3.381500005722046,3.3499999046325684,3.359999895095825,104868,0.0,0.0
2023-02-21 14:30:00-05:00,3.359999895095825,3.369999885559082,3.3499999046325684,3.359999895095825,70686,0.0,0.0
2023-02-21 15:30:00-05:00,3.359999895095825,3.3678998947143555,3.3399999141693115,3.3399999141693115,228787,0.0,0.0
2023-02-22 09:30:00-05:00,3.3499999046325684,3.384200096130371,3.3350000381469727,3.3350000381469727,353269,0.0,0.0
2023-02-22 10:30:00-05:00,3.3299999237060547,3.375,3.309999942779541,3.375,583089,0.0,0.0
2023-02-22 11:30:00-05:00,3.369999885559082,3.4398999214172363,3.369999885559082,3.430000066757202,662775,0.0,0.0
2023-02-22 12:30:00-05:00,3.430000066757202,3.440000057220459,3.4000000953674316,3.4000000953674316,206541,0.0,0.0
2023-02-22 13:30:00-05:00,3.4000000953674316,3.4049999713897705,3.365000009536743,3.384999990463257,252228,0.0,0.0
2023-02-22 14:30:00-05:00,3.390000104904175,3.390000104904175,3.359999895095825,3.380000114440918,360671,0.0,0.0
2023-02-22 15:30:00-05:00,3.380000114440918,3.390000104904175,3.369999885559082,3.380000114440918,260957,0.0,0.0
2023-02-23 09:30:00-05:00,3.4700000286102295,3.5,3.430000066757202,3.444999933242798,479652,0.0,0.0
2023-02-23 10:30:00-05:00,3.4467999935150146,3.4467999935150146,3.380000114440918,3.384999990463257,360318,0.0,0.0
2023-02-23 11:30:00-05:00,3.380000114440918,3.384999990463257,3.3301000595092773,3.3499999046325684,166562,0.0,0.0
2023-02-23 12:30:00-05:00,3.3499999046325684,3.369999885559082,3.3457000255584717,3.365000009536743,215649,0.0,0.0
2023-02-23 13:30:00-05:00,3.365000009536743,3.4049999713897705,3.359999895095825,3.4049999713897705,195054,0.0,0.0
2023-02-23 14:30:00-05:00,3.4049999713897705,3.450000047683716,3.4049999713897705,3.444999933242798,335263,0.0,0.0
2023-02-23 15:30:00-05:00,3.444999933242798,3.450000047683716,3.430000066757202,3.430000066757202,329648,0.0,0.0
2023-02-24 09:30:00-05:00,3.299999952316284,3.3299999237060547,3.2300000190734863,3.244999885559082,648182,0.0,0.0
2023-02-24 10:30:00-05:00,3.244999885559082,3.25,3.2300000190734863,3.25,258224,0.0,0.0
2023-02-24 11:30:00-05:00,3.244999885559082,3.2699999809265137,3.240000009536743,3.25,336619,0.0,0.0
2023-02-24 12:30:00-05:00,3.25,3.259999990463257,3.200000047683716,3.2200000286102295,329989,0.0,0.0
2023-02-24 13:30:00-05:00,3.2100000381469727,3.2200000286102295,3.200000047683716,3.2049999237060547,308756,0.0,0.0
2023-02-24 14:30:00-05:00,3.201200008392334,3.240000009536743,3.190000057220459,3.240000009536743,521758,0.0,0.0
2023-02-24 15:30:00-05:00,3.240000009536743,3.240000009536743,3.2200000286102295,3.2300000190734863,492106,0.0,0.0
2023-02-27 09:30:00-05:00,3.2300000190734863,3.305000066757202,3.2300000190734863,3.2750000953674316,522868,0.0,0.0
2023-02-27 10:30:00-05:00,3.2750000953674316,3.2750000953674316,3.2200000286102295,3.265000104904175,348638,0.0,0.0
2023-02-27 11:30:00-05:00,3.259999990463257,3.2899999618530273,3.244999885559082,3.2799999713897705,552612,0.0,0.0
2023-02-27 12:30:00-05:00,3.2799999713897705,3.299999952316284,3.25,3.2799999713897705,422670,0.0,0.0
2023-02-27 13:30:00-05:00,3.2771999835968018,3.2899999618530273,3.244999885559082,3.265000104904175,562585,0.0,0.0
2023-02-27 14:30:00-05:00,3.265000104904175,3.2799999713897705,3.25,3.2799999713897705,409089,0.0,0.0
2023-02-27 15:30:00-05:00,3.2799999713897705,3.2799999713897705,3.259999990463257,3.2699999809265137,279410,0.0,0.0
2023-02-28 09:30:00-05:00,3.2799999713897705,3.2799999713897705,3.2249999046325684,3.2750000953674316,448694,0.0,0.0
2023-02-28 10:30:00-05:00,3.2750000953674316,3.2850000858306885,3.25,3.2799999713897705,431713,0.0,0.0
2023-02-28 11:30:00-05:00,3.2799999713897705,3.2850000858306885,3.255000114440918,3.2699999809265137,506228,0.0,0.0
2023-02-28 12:30:00-05:00,3.2750000953674316,3.299999952316284,3.259999990463257,3.2750000953674316,503432,0.0,0.0
2023-02-28 13:30:00-05:00,3.2750000953674316,3.309999942779541,3.2699999809265137,3.2950000762939453,375968,0.0,0.0
2023-02-28 14:30:00-05:00,3.299999952316284,3.299999952316284,3.240000009536743,3.255000114440918,821557,0.0,0.0
2023-02-28 15:30:00-05:00,3.255000114440918,3.2699999809265137,3.240000009536743,3.240000009536743,741139,0.0,0.0
2023-03-01 09:30:00-05:00,3.390000104904175,3.4600000381469727,3.390000104904175,3.4049999713897705,856584,0.0,0.0
2023-03-01 10:30:00-05:00,3.4049999713897705,3.440000057220459,3.3949999809265137,3.4149999618530273,412016,0.0,0.0
2023-03-01 11:30:00-05:00,3.4149999618530273,3.4749999046325684,3.4149999618530273,3.4649999141693115,529687,0.0,0.0
2023-03-01 12:30:00-05:00,3.4649999141693115,3.509999990463257,3.4618000984191895,3.505000114440918,737542,0.0,0.0
2023-03-01 13:30:00-05:00,3.5078001022338867,3.5199999809265137,3.4749999046325684,3.5,1671191,0.0,0.0
2023-03-01 14:30:00-05:00,3.494999885559082,3.509999990463257,3.4800000190734863,3.490000009536743,1269461,0.0,0.0
2023-03-01 15:30:00-05:00,3.490000009536743,3.509999990463257,3.4800000190734863,3.5,526491,0.0,0.0
2023-03-02 09:30:00-05:00,3.450000047683716,3.4700000286102295,3.430000066757202,3.450000047683716,447346,0.0,0.0
2023-03-02 10:30:00-05:00,3.4549999237060547,3.4700000286102295,3.450000047683716,3.4700000286102295,285373,0.0,0.0
2023-03-02 11:30:00-05:00,3.4649999141693115,3.4700000286102295,3.448199987411499,3.4700000286102295,253680,0.0,0.0
2023-03-02 12:30:00-05:00,3.4649999141693115,3.4749999046325684,3.450000047683716,3.4549999237060547,168838,0.0,0.0
2023-03-02 13:30:00-05:00,3.4549999237060547,3.4800000190734863,3.4549999237060547,3.4800000190734863,254719,0.0,0.0
2023-03-02 14:30:00-05:00,3.4800000190734863,3.4800000190734863,3.450000047683716,3.4749999046325684,309853,0.0,0.0
2023-03-02 15:30:00-05:00,3.4749999046325684,3.490000009536743,3.4600000381469727,3.4749999046325684,721615,0.0,0.0
2023-03-03 09:30:00-05:00,3.509999990463257,3.5950000286102295,3.5,3.5899999141693115,601796,0.0,0.0
2023-03-03 10:30:00-05:00,3.5850000381469727,3.5899999141693115,3.559999942779541,3.5801000595092773,193323,0.0,0.0
2023-03-03 11:30:00-05:00,3.5850000381469727,3.5899999141693115,3.569999933242798,3.569999933242798,171873,0.0,0.0
2023-03-03 12:30:00-05:00,3.5799999237060547,3.619999885559082,3.5720999240875244,3.5999999046325684,1385914,0.0,0.0
2023-03-03 13:30:00-05:00,3.5999999046325684,3.5999999046325684,3.569999933242798,3.569999933242798,605170,0.0,0.0
2023-03-03 14:30:00-05:00,3.569999933242798,3.569999933242798,3.559999942779541,3.569999933242798,203272,0.0,0.0
2023-03-03 15:30:00-05:00,3.569999933242798,3.569999933242798,3.549999952316284,3.559999942779541,404867,0.0,0.0
2023-03-06 09:30:00-05:00,3.440000057220459,3.440000057220459,3.3550000190734863,3.430000066757202,1399070,0.0,0.0
2023-03-06 10:30:00-05:00,3.434999942779541,3.4600000381469727,3.4200000762939453,3.4200000762939453,319136,0.0,0.0
2023-03-06 11:30:00-05:00,3.430000066757202,3.440000057220459,3.4200000762939453,3.430000066757202,107146,0.0,0.0
2023-03-06 12:30:00-05:00,3.424999952316284,3.440000057220459,3.4200000762939453,3.430000066757202,140096,0.0,0.0
2023-03-06 13:30:00-05:00,3.430000066757202,3.440000057220459,3.4200000762939453,3.430000066757202,193520,0.0,0.0
2023-03-06 14:30:00-05:00,3.430000066757202,3.450000047683716,3.427999973297119,3.440000057220459,350847,0.0,0.0
2023-03-06 15:30:00-05:00,3.444999933242798,3.4649999141693115,3.440000057220459,3.4600000381469727,607752,0.0,0.0
2023-03-07 09:30:00-05:00,3.5,3.5299999713897705,3.4049999713897705,3.4200000762939453,573896,0.0,0.0
2023-03-07 10:30:00-05:00,3.4200000762939453,3.440000057220459,3.384999990463257,3.424999952316284,348161,0.0,0.0
2023-03-07 11:30:00-05:00,3.4200000762939453,3.450000047683716,3.4000000953674316,3.4149999618530273,826723,0.0,0.0
2023-03-07 12:30:00-05:00,3.4149999618530273,3.4200000762939453,3.380000114440918,3.380000114440918,145680,0.0,0.0
2023-03-07 13:30:00-05:00,3.380000114440918,3.390000104904175,3.3399999141693115,3.365000009536743,271632,0.0,0.0
2023-03-07 14:30:00-05:00,3.365000009536743,3.3773999214172363,3.35260009765625,3.369999885559082,403149,0.0,0.0
2023-03-07 15:30:00-05:00,3.369999885559082,3.390000104904175,3.359999895095825,3.359999895095825,411197,0.0,0.0
2023-03-08 09:30:00-05:00,3.430000066757202,3.494999885559082,3.4200000762939453,3.490000009536743,628357,0.0,0.0
2023-03-08 10:30:00-05:00,3.484999895095825,3.5,3.4700000286102295,3.4749999046325684,353344,0.0,0.0
2023-03-08 11:30:00-05:00,3.4749999046325684,3.490000009536743,3.4600000381469727,3.490000009536743,192809,0.0,0.0
2023-03-08 12:30:00-05:00,3.484999895095825,3.5,3.4700000286102295,3.4828999042510986,205279,0.0,0.0
2023-03-08 13:30:00-05:00,3.484999895095825,3.490000009536743,3.460099935531616,3.490000009536743,270865,0.0,0.0
2023-03-08 14:30:00-05:00,3.490000009536743,3.5350000858306885,3.484999895095825,3.5250000953674316,990211,0.0,0.0
2023-03-08 15:30:00-05:00,3.5299999713897705,3.559999942779541,3.5199999809265137,3.559999942779541,751819,0.0,0.0
2023-03-09 09:30:00-05:00,3.4200000762939453,3.450000047683716,3.315000057220459,3.3550000190734863,1586459,0.0,0.0
2023-03-09 10:30:00-05:00,3.3499999046325684,3.3499999046325684,3.2799999713897705,3.2799999713897705,367966,0.0,0.0
2023-03-09 11:30:00-05:00,3.2799999713897705,3.305000066757202,3.2699999809265137,3.2799999713897705,471258,0.0,0.0
2023-03-09 12:30:00-05:00,3.2850000858306885,3.309999942779541,3.255000114440918,3.265000104904175,357990,0.0,0.0
2023-03-09 13:30:00-05:00,3.265000104904175,3.299999952316284,3.25,3.2699999809265137,575332,0.0,0.0
2023-03-09 14:30:00-05:00,3.265000104904175,3.2799999713897705,3.221299886703491,3.234999895095825,320089,0.0,0.0
2023-03-09 15:30:00-05:00,3.234999895095825,3.255000114440918,3.2200000286102295,3.244999885559082,768728,0.0,0.0
2023-03-10 09:30:00-05:00,3.200000047683716,3.244999885559082,3.180000066757202,3.2100000381469727,942151,0.0,0.0
2023-03-10 10:30:00-05:00,3.2100000381469727,3.2300000190734863,3.1700000762939453,3.174999952316284,1049519,0.0,0.0
2023-03-10 11:30:00-05:00,3.174999952316284,3.190000057220459,3.119999885559082,3.140000104904175,741758,0.0,0.0
2023-03-10 12:30:00-05:00,3.140000104904175,3.1500000953674316,3.0899999141693115,3.0941998958587646,484008,0.0,0.0
2023-03-10 13:30:00-05:00,3.0899999141693115,3.0899999141693115,3.049999952316284,3.0799999237060547,689312,0.0,0.0
2023-03-10 14:30:00-05:00,3.0799999237060547,3.0999999046325684,3.069999933242798,3.0850000381469727,550861,0.0,0.0
2023-03-10 15:30:00-05:00,3.0850000381469727,3.0899999141693115,3.049999952316284,3.055000066757202,1214998,0.0,0.0
2023-03-13 09:30:00-04:00,3.0899999141693115,3.168100118637085,3.065000057220459,3.109999895095825,1352842,0.0,0.0
2023-03-13 10:30:00-04:00,3.109999895095825,3.140000104904175,3.0899999141693115,3.125,496856,0.0,0.0
2023-03-13 11:30:00-04:00,3.125,3.140000104904175,3.0880000591278076,3.0950000286102295,483797,0.0,0.0
2023-03-13 12:30:00-04:00,3.0950000286102295,3.0999999046325684,3.055000066757202,3.059999942779541,535488,0.0,0.0
2023-03-13 13:30:00-04:00,3.059999942779541,3.0999999046325684,3.049999952316284,3.069999933242798,531308,0.0,0.0
2023-03-13 14:30:00-04:00,3.0799999237060547,3.0799999237060547,3.049999952316284,3.059999942779541,558294,0.0,0.0
2023-03-13 15:30:00-04:00,3.055000066757202,3.0899999141693115,3.055000066757202,3.069999933242798,602439,0.0,0.0
2023-03-14 09:30:00-04:00,3.0999999046325684,3.119999885559082,3.0399999618530273,3.0799999237060547,584720,0.0,0.0
2023-03-14 10:30:00-04:00,3.0799999237060547,3.0799999237060547,3.03439998626709,3.065000057220459,408872,0.0,0.0
2023-03-14 11:30:00-04:00,3.065000057220459,3.075000047683716,3.0350000858306885,3.0450000762939453,422045,0.0,0.0
2023-03-14 12:30:00-04:00,3.0450000762939453,3.059999942779541,3.0100998878479004,3.0250000953674316,444905,0.0,0.0
2023-03-14 13:30:00-04:00,3.0250000953674316,3.047499895095825,3.0199999809265137,3.0450000762939453,463281,0.0,0.0
2023-03-14 14:30:00-04:00,3.0399999618530273,3.0450000762939453,2.9909000396728516,3.0,780626,0.0,0.0
2023-03-14 15:30:00-04:00,3.005000114440918,3.0299999713897705,3.0,3.0199999809265137,1428170,0.0,0.0
2023-03-15 09:30:00-04:00,2.880000114440918,2.9200000762939453,2.809999942779541,2.815000057220459,2327015,0.0,0.0
2023-03-15 10:30:00-04:00,2.815000057220459,2.8299999237060547,2.7799999713897705,2.799999952316284,1006824,0.0,0.0
2023-03-15 11:30:00-04:00,2.799999952316284,2.8199000358581543,2.75,2.755000114440918,931569,0.0,0.0
2023-03-15 12:30:00-04:00,2.755000114440918,2.79229998588562,2.740000009536743,2.7899999618530273,908887,0.0,0.0
2023-03-15 13:30:00-04:00,2.789900064468384,2.8299999237060547,2.7701001167297363,2.819999933242798,970472,0.0,0.0
2023-03-15 14:30:00-04:00,2.819999933242798,2.8299999237060547,2.805000066757202,2.819999933242798,1073829,0.0,0.0
2023-03-15 15:30:00-04:00,2.8278000354766846,2.8299999237060547,2.799999952316284,2.815000057220459,1162441,0.0,0.0
2023-03-16 09:30:00-04:00,2.8299999237060547,2.875,2.799999952316284,2.815000057220459,741448,0.0,0.0
2023-03-16 10:30:00-04:00,2.815000057220459,2.909899950027466,2.809999942779541,2.880000114440918,1222954,0.0,0.0
2023-03-16 11:30:00-04:00,2.880000114440918,2.9149999618530273,2.8550000190734863,2.9049999713897705,1066135,0.0,0.0
2023-03-16 12:30:00-04:00,2.9049999713897705,2.9200000762939453,2.880000114440918,2.884999990463257,1205780,0.0,0.0
2023-03-16 13:30:00-04:00,2.884999990463257,2.8949999809265137,2.859999895095825,2.878000020980835,709867,0.0,0.0
2023-03-16 14:30:00-04:00,2.875,2.884999990463257,2.859999895095825,2.865000009536743,985067,0.0,0.0
2023-03-16 15:30:00-04:00,2.865000009536743,2.875,2.859999895095825,2.869999885559082,556088,0.0,0.0
2023-03-17 09:30:00-04:00,2.880000114440918,2.889899969100952,2.809999942779541,2.825000047683716,453408,0.0,0.0
2023-03-17 10:30:00-04:00,2.825000047683716,2.8299999237060547,2.759999990463257,2.7662999629974365,731468,0.0,0.0
2023-03-17 11:30:00-04:00,2.765000104904175,2.7874999046325684,2.75,2.765000104904175,556430,0.0,0.0
2023-03-17 12:30:00-04:00,2.765000104904175,2.7750000953674316,2.734999895095825,2.7639000415802,768965,0.0,0.0
2023-03-17 13:30:00-04:00,2.759999990463257,2.7799999713897705,2.75,2.759999990463257,305083,0.0,0.0
2023-03-17 14:30:00-04:00,2.759999990463257,2.799999952316284,2.759999990463257,2.7950000762939453,489683,0.0,0.0
2023-03-17 15:30:00-04:00,2.7950000762939453,2.7950000762939453,2.7799999713897705,2.7850000858306885,730222,0.0,0.0
2023-03-20 09:30:00-04:00,2.799999952316284,2.8299999237060547,2.780100107192993,2.825000047683716,694766,0.0,0.0
2023-03-20 10:30:00-04:00,2.8287999629974365,2.8299999237060547,2.805000066757202,2.815000057220459,496257,0.0,0.0
2023-03-20 11:30:00-04:00,2.815000057220459,2.815000057220459,2.7750000953674316,2.7999000549316406,667469,0.0,0.0
2023-03-20 12:30:00-04:00,2.7950000762939453,2.7950000762939453,2.7699999809265137,2.7699999809265137,453405,0.0,0.0
2023-03-20 13:30:00-04:00,2.7699999809265137,2.7799999713897705,2.75,2.765000104904175,688811,0.0,0.0
2023-03-20 14:30:00-04:00,2.759999990463257,2.7750000953674316,2.75,2.755000114440918,486016,0.0,0.0
2023-03-20 15:30:00-04:00,2.75,2.7699999809265137,2.75,2.7699999809265137,353273,0.0,0.0
2023-03-21 09:30:00-04:00,2.7899999618530273,2.7899999618530273,2.7200000286102295,2.7300000190734863,1109611,0.0,0.0
2023-03-21 10:30:00-04:00,2.734999895095825,2.744999885559082,2.7200000286102295,2.740000009536743,542229,0.0,0.0
2023-03-21 11:30:00-04:00,2.740000009536743,2.744999885559082,2.7249999046325684,2.734999895095825,309229,0.0,0.0
2023-03-21 12:30:00-04:00,2.734999895095825,2.749500036239624,2.7300000190734863,2.740000009536743,391231,0.0,0.0
2023-03-21 13:30:00-04:00,2.7300000190734863,2.740000009536743,2.7200000286102295,2.7249999046325684,703766,0.0,0.0
2023-03-21 14:30:00-04:00,2.7249999046325684,2.740000009536743,2.7200000286102295,2.7300000190734863,204108,0.0,0.0
2023-03-21 15:30:00-04:00,2.7300000190734863,2.748199939727783,2.7200000286102295,2.7200000286102295,961760,0.0,0.0
2023-03-22 09:30:00-04:00,2.7200000286102295,2.755000114440918,2.684999942779541,2.7249999046325684,655354,0.0,0.0
2023-03-22 10:30:00-04:00,2.7249999046325684,2.740000009536743,2.7149999141693115,2.7300000190734863,156742,0.0,0.0
2023-03-22 11:30:00-04:00,2.7300000190734863,2.737499952316284,2.7030999660491943,2.7200000286102295,326454,0.0,0.0
2023-03-22 12:30:00-04:00,2.7200000286102295,2.740000009536743,2.7121999263763428,2.740000009536743,155184,0.0,0.0
2023-03-22 13:30:00-04:00,2.740000009536743,2.7690000534057617,2.7249999046325684,2.765000104904175,213738,0.0,0.0
2023-03-22 14:30:00-04:00,2.769399881362915,2.819999933242798,2.750999927520752,2.7899999618530273,445435,0.0,0.0
2023-03-22 15:30:00-04:00,2.7899999618530273,2.7899999618530273,2.740000009536743,2.740000009536743,789264,0.0,0.0
2023-03-23 09:30:00-04:00,2.75,2.7750000953674316,2.734999895095825,2.740000009536743,578325,0.0,0.0
2023-03-23 10:30:00-04:00,2.740000009536743,2.75,2.7200000286102295,2.740000009536743,301671,0.0,0.0
2023-03-23 11:30:00-04:00,2.75,2.75,2.7200000286102295,2.7298998832702637,368696,0.0,0.0
2023-03-23 12:30:00-04:00,2.7200000286102295,2.7300000190734863,2.684999942779541,2.699899911880493,324843,0.0,0.0
2023-03-23 13:30:00-04:00,2.694999933242798,2.700000047683716,2.6500000953674316,2.6549999713897705,427202,0.0,0.0
2023-03-23 14:30:00-04:00,2.6549999713897705,2.6600000858306885,2.5999999046325684,2.609999895095825,668538,0.0,0.0
2023-03-23 15:30:00-04:00,2.615000009536743,2.6500000953674316,2.615000009536743,2.640000104904175,853941,0.0,0.0
2023-03-24 09:30:00-04:00,2.619999885559082,2.619999885559082,2.5899999141693115,2.609999895095825,541170,0.0,0.0
2023-03-24 10:30:00-04:00,2.609999895095825,2.630000114440918,2.5899999141693115,2.630000114440918,669837,0.0,0.0
2023-03-24 11:30:00-04:00,2.625,2.6700000762939453,2.625,2.6500000953674316,396036,0.0,0.0
2023-03-24 12:30:00-04:00,2.6600000858306885,2.674999952316284,2.6500000953674316,2.6600000858306885,813211,0.0,0.0
2023-03-24 13:30:00-04:00,2.6649999618530273,2.6700000762939453,2.634999990463257,2.6449999809265137,280862,0.0,0.0
2023-03-24 14:30:00-04:00,2.6500000953674316,2.6600000858306885,2.640000104904175,2.6600000858306885,199442,0.0,0.0
2023-03-24 15:30:00-04:00,2.6600000858306885,2.6700000762939453,2.6500000953674316,2.6700000762939453,258215,0.0,0.0
2023-03-27 09:30:00-04:00,2.700000047683716,2.7100000381469727,2.6600000858306885,2.694999933242798,619026,0.0,0.0
2023-03-27 10:30:00-04:00,2.697999954223633,2.7049999237060547,2.6700000762939453,2.680000066757202,319310,0.0,0.0
2023-03-27 11:30:00-04:00,2.680000066757202,2.7149999141693115,2.6700000762939453,2.7100000381469727,498453,0.0,0.0
2023-03-27 12:30:00-04:00,2.7100000381469727,2.7200000286102295,2.700000047683716,2.7100000381469727,111214,0.0,0.0
2023-03-27 13:30:00-04:00,2.7149999141693115,2.7200000286102295,2.700000047683716,2.700000047683716,183061,0.0,0.0
2023-03-27 14:30:00-04:00,2.700000047683716,2.7100000381469727,2.694999933242798,2.7049999237060547,470898,0.0,0.0
2023-03-27 15:30:00-04:00,2.7049999237060547,2.7100000381469727,2.700000047683716,2.7100000381469727,161613,0.0,0.0
2023-03-28 09:30:00-04:00,2.740000009536743,2.7850000858306885,2.740000009536743,2.7799999713897705,496649,0.0,0.0
2023-03-28 10:30:00-04:00,2.7850000858306885,2.809999942779541,2.7699999809265137,2.7927000522613525,274569,0.0,0.0
2023-03-28 11:30:00-04:00,2.798099994659424,2.809999942779541,2.7899999618530273,2.7950000762939453,118955,0.0,0.0
2023-03-28 12:30:00-04:00,2.7899999618530273,2.819999933242798,2.7899999618530273,2.805000066757202,196648,0.0,0.0
2023-03-28 13:30:00-04:00,2.809999942779541,2.809999942779541,2.7899999618530273,2.805000066757202,252889,0.0,0.0
2023-03-28 14:30:00-04:00,2.805000066757202,2.8475000858306885,2.799999952316284,2.8299999237060547,802514,0.0,0.0
2023-03-28 15:30:00-04:00,2.8299999237060547,2.8399999141693115,2.819999933242798,2.8299999237060547,559541,0.0,0.0
2023-03-29 09:30:00-04:00,2.880000114440918,2.9000000953674316,2.849299907684326,2.884999990463257,247690,0.0,0.0
2023-03-29 10:30:00-04:00,2.884999990463257,2.890000104904175,2.869999885559082,2.884999990463257,166495,0.0,0.0
2023-03-29 11:30:00-04:00,2.884999990463257,2.890000104904175,2.865000009536743,2.865000009536743,285669,0.0,0.0
2023-03-29 12:30:00-04:00,2.865000009536743,2.890000104904175,2.8499999046325684,2.890000104904175,365918,0.0,0.0
2023-03-29 13:30:00-04:00,2.890000104904175,2.9000000953674316,2.8499999046325684,2.8499999046325684,240141,0.0,0.0
2023-03-29 14:30:00-04:00,2.8564999103546143,2.875,2.8499999046325684,2.869999885559082,245032,0.0,0.0
2023-03-29 15:30:00-04:00,2.869999885559082,2.9000000953674316,2.865000009536743,2.884999990463257,313605,0.0,0.0
2023-03-30 09:30:00-04:00,2.990000009536743,3.039900064468384,2.9600000381469727,3.005000114440918,744430,0.0,0.0
2023-03-30 10:30:00-04:00,3.009999990463257,3.0399999618530273,2.990000009536743,3.0250000953674316,481157,0.0,0.0
2023-03-30 11:30:00-04:00,3.0250000953674316,3.049999952316284,3.009999990463257,3.0450000762939453,147906,0.0,0.0
2023-03-30 12:30:00-04:00,3.0399999618530273,3.069999933242798,3.0399999618530273,3.065000057220459,378992,0.0,0.0
2023-03-30 13:30:00-04:00,3.065000057220459,3.0699000358581543,3.0399999618530273,3.059999942779541,208329,0.0,0.0
2023-03-30 14:30:00-04:00,3.059999942779541,3.069999933242798,3.049999952316284,3.065000057220459,293743,0.0,0.0
2023-03-30 15:30:00-04:00,3.065000057220459,3.0799999237060547,3.059999942779541,3.069999933242798,570091,0.0,0.0
2023-03-31 09:30:00-04:00,3.119999885559082,3.1549999713897705,3.090100049972534,3.109999895095825,531487,0.0,0.0
2023-03-31 10:30:00-04:00,3.109999895095825,3.130000114440918,3.0799999237060547,3.0850000381469727,209770,0.0,0.0
2023-03-31 11:30:00-04:00,3.0850000381469727,3.109999895095825,3.069999933242798,3.0999999046325684,491156,0.0,0.0
2023-03-31 12:30:00-04:00,3.1043999195098877,3.1071999073028564,3.055000066757202,3.059999942779541,503861,0.0,0.0
2023-03-31 13:30:00-04:00,3.059999942779541,3.059999942779541,3.0299999713897705,3.0499000549316406,219725,0.0,0.0
2023-03-31 14:30:00-04:00,3.049999952316284,3.0899999141693115,3.0450000762939453,3.0850000381469727,280771,0.0,0.0
2023-03-31 15:30:00-04:00,3.0850000381469727,3.0899999141693115,3.055000066757202,3.065000057220459,822460,0.0,0.0
2023-04-03 09:30:00-04:00,3.0,3.009999990463257,2.9600000381469727,2.9798998832702637,787113,0.0,0.0
2023-04-03 10:30:00-04:00,2.9800000190734863,2.9800000190734863,2.940000057220459,2.9549999237060547,621142,0.0,0.0
2023-04-03 11:30:00-04:00,2.9549999237060547,2.9700000286102295,2.930000066757202,2.9649999141693115,468800,0.0,0.0
2023-04-03 12:30:00-04:00,2.9649999141693115,2.994999885559082,2.9649999141693115,2.9749999046325684,75731,0.0,0.0
2023-04-03 13:30:00-04:00,2.9749999046325684,2.984999895095825,2.9700000286102295,2.9749999046325684,115729,0.0,0.0
2023-04-03 14:30:00-04:00,2.9800000190734863,3.009999990463257,2.9700000286102295,3.005000114440918,209002,0.0,0.0
2023-04-03 15:30:00-04:00,3.0,3.0,2.990000009536743,2.990000009536743,154452,0.0,0.0
2023-04-04 09:30:00-04:00,3.0,3.009999990463257,2.9549999237060547,2.990000009536743,901536,0.0,0.0
2023-04-04 10:30:00-04:00,2.990000009536743,3.0,2.930000066757202,2.944999933242798,573792,0.0,0.0
2023-04-04 11:30:00-04:00,2.944999933242798,2.950000047683716,2.924999952316284,2.944999933242798,648537,0.0,0.0
2023-04-04 12:30:00-04:00,2.950000047683716,2.9549999237060547,2.940000057220459,2.944999933242798,149669,0.0,0.0
2023-04-04 13:30:00-04:00,2.940000057220459,2.950000047683716,2.9200000762939453,2.934999942779541,217990,0.0,0.0
2023-04-04 14:30:00-04:00,2.934999942779541,2.944999933242798,2.9200000762939453,2.940000057220459,610295,0.0,0.0
2023-04-04 15:30:00-04:00,2.934999942779541,2.944999933242798,2.9200000762939453,2.940000057220459,613718,0.0,0.0
2023-04-05 09:30:00-04:00,2.9000000953674316,2.9100000858306885,2.859999895095825,2.890000104904175,1604044,0.0,0.0
2023-04-05 10:30:00-04:00,2.884999990463257,2.924999952316284,2.884999990463257,2.8949999809265137,1229966,0.0,0.0
2023-04-05 11:30:00-04:00,2.8949999809265137,2.9200000762939453,2.890000104904175,2.9000000953674316,525850,0.0,0.0
2023-04-05 12:30:00-04:00,2.9000000953674316,2.9100000858306885,2.884999990463257,2.9049999713897705,246214,0.0,0.0
2023-04-05 13:30:00-04:00,2.900899887084961,2.924999952316284,2.890000104904175,2.9100000858306885,316662,0.0,0.0
2023-04-05 14:30:00-04:00,2.9100000858306885,2.9200000762939453,2.9000000953674316,2.9149999618530273,182555,0.0,0.0
2023-04-05 15:30:00-04:00,2.9149999618530273,2.930000066757202,2.9100000858306885,2.930000066757202,322476,0.0,0.0
2023-04-06 09:30:00-04:00,2.940000057220459,2.950000047683716,2.890000104904175,2.9100000858306885,622206,0.0,0.0
2023-04-06 10:30:00-04:00,2.909899950027466,2.924999952316284,2.875,2.875,291777,0.0,0.0
2023-04-06 11:30:00-04:00,2.875,2.909899950027466,2.875,2.8949999809265137,269298,0.0,0.0
2023-04-06 12:30:00-04:00,2.8949999809265137,2.9200000762939453,2.890000104904175,2.9200000762939453,226480,0.0,0.0
2023-04-06 13:30:00-04:00,2.9149999618530273,2.9200000762939453,2.9000000953674316,2.9049999713897705,123872,0.0,0.0
2023-04-06 14:30:00-04:00,2.9000000953674316,2.9100000858306885,2.8949999809265137,2.8949999809265137,123910,0.0,0.0
2023-04-06 15:30:00-04:00,2.8949999809265137,2.9100000858306885,2.890000104904175,2.9100000858306885,228841,0.0,0.0
2023-04-10 09:30:00-04:00,2.940000057220459,3.009999990463257,2.940000057220459,3.0,545128,0.0,0.0
2023-04-10 10:30:00-04:00,3.005000114440918,3.0399999618530273,2.994999885559082,3.0350000858306885,479667,0.0,0.0
2023-04-10 11:30:00-04:00,3.0350000858306885,3.037899971008301,3.009999990463257,3.015000104904175,175013,0.0,0.0
2023-04-10 12:30:00-04:00,3.015000104904175,3.0280001163482666,3.009999990463257,3.0250000953674316,356486,0.0,0.0
2023-04-10 13:30:00-04:00,3.0250000953674316,3.039900064468384,3.0199999809265137,3.0250000953674316,248186,0.0,0.0
2023-04-10 14:30:00-04:00,3.0250000953674316,3.0299999713897705,3.0,3.0199999809265137,526017,0.0,0.0
2023-04-10 15:30:00-04:00,3.0190000534057617,3.0299999713897705,3.015000104904175,3.0250000953674316,272245,0.0,0.0
2023-04-11 09:30:00-04:00,3.1600000858306885,3.309999942779541,3.1600000858306885,3.2881999015808105,902471,0.0,0.0
2023-04-11 10:30:00-04:00,3.2899999618530273,3.319999933242798,3.255000114440918,3.2950000762939453,1725885,0.0,0.0
2023-04-11 11:30:00-04:00,3.2899999618530273,3.2950000762939453,3.240000009536743,3.244999885559082,575342,0.0,0.0
2023-04-11 12:30:00-04:00,3.240000009536743,3.259999990463257,3.2300000190734863,3.244999885559082,312468,0.0,0.0
2023-04-11 13:30:00-04:00,3.244999885559082,3.2899999618530273,3.240000009536743,3.2899999618530273,637682,0.0,0.0
2023-04-11 14:30:00-04:00,3.2899999618530273,3.299999952316284,3.2799999713897705,3.2850000858306885,935262,0.0,0.0
2023-04-11 15:30:00-04:00,3.2850000858306885,3.2950000762939453,3.259999990463257,3.259999990463257,762727,0.0,0.0
2023-04-12 09:30:00-04:00,3.309999942779541,3.3499999046325684,3.265000104904175,3.341599941253662,983721,0.0,0.0
2023-04-12 10:30:00-04:00,3.3499999046325684,3.3499999046325684,3.2699999809265137,3.289900064468384,570916,0.0,0.0
2023-04-12 11:30:00-04:00,3.2899999618530273,3.299999952316284,3.2799999713897705,3.299999952316284,469103,0.0,0.0
2023-04-12 12:30:00-04:00,3.299999952316284,3.349900007247925,3.2950000762939453,3.3450000286102295,362608,0.0,0.0
2023-04-12 13:30:00-04:00,3.3399999141693115,3.3499999046325684,3.305000066757202,3.305000066757202,432287,0.0,0.0
2023-04-12 14:30:00-04:00,3.305000066757202,3.319999933242798,3.2799999713897705,3.2799999713897705,178429,0.0,0.0
2023-04-12 15:30:00-04:00,3.2799999713897705,3.299999952316284,3.2750000953674316,3.299999952316284,607796,0.0,0.0
2023-04-13 09:30:00-04:00,3.259999990463257,3.299999952316284,3.2300000190734863,3.265000104904175,1020097,0.0,0.0
2023-04-13 10:30:00-04:00,3.259999990463257,3.2750000953674316,3.25,3.265000104904175,471100,0.0,0.0
2023-04-13 11:30:00-04:00,3.265000104904175,3.2699999809265137,3.234999895095825,3.234999895095825,280615,0.0,0.0
2023-04-13 12:30:00-04:00,3.232599973678589,3.240000009536743,3.220099925994873,3.2314999103546143,138770,0.0,0.0
2023-04-13 13:30:00-04:00,3.234999895095825,3.265000104904175,3.2300000190734863,3.244999885559082,168527,0.0,0.0
2023-04-13 14:30:00-04:00,3.25,3.25,3.190000057220459,3.200000047683716,707306,0.0,0.0
2023-04-13 15:30:00-04:00,3.200000047683716,3.2200000286102295,3.200000047683716,3.2200000286102295,924076,0.0,0.0
2023-04-14 09:30:00-04:00,2.990000009536743,3.0450000762939453,2.9749999046325684,2.994999885559082,1392738,0.0,0.0
2023-04-14 10:30:00-04:00,2.994999885559082,3.005000114440918,2.9649999141693115,2.970099925994873,747073,0.0,0.0
2023-04-14 11:30:00-04:00,2.9700000286102295,3.0,2.9700000286102295,2.994999885559082,395702,0.0,0.0
2023-04-14 12:30:00-04:00,2.994999885559082,3.0099000930786133,2.9749999046325684,2.994999885559082,380771,0.0,0.0
2023-04-14 13:30:00-04:00,2.990000009536743,3.0,2.9800000190734863,2.994999885559082,277863,0.0,0.0
2023-04-14 14:30:00-04:00,3.0,3.009999990463257,2.9800000190734863,2.9885001182556152,778763,0.0,0.0
2023-04-14 15:30:00-04:00,2.984999895095825,3.0,2.9700000286102295,3.0,885759,0.0,0.0
2023-04-17 09:30:00-04:00,3.049999952316284,3.0501999855041504,3.0,3.0250000953674316,509737,0.0,0.0
2023-04-17 10:30:00-04:00,3.0199999809265137,3.0385000705718994,2.990000009536743,2.9999001026153564,1107622,0.0,0.0
2023-04-17 11:30:00-04:00,3.0,3.015000104904175,2.990000009536743,2.994999885559082,416108,0.0,0.0
2023-04-17 12:30:00-04:00,2.994999885559082,2.997999906539917,2.9739999771118164,2.984999895095825,390933,0.0,0.0
2023-04-17 13:30:00-04:00,2.990000009536743,3.009999990463257,2.9800000190734863,3.009999990463257,670259,0.0,0.0
2023-04-17 14:30:00-04:00,3.0,3.0199999809265137,2.9999001026153564,3.009999990463257,564005,0.0,0.0
2023-04-17 15:30:00-04:00,3.009999990463257,3.0199999809265137,3.003999948501587,3.0199999809265137,485446,0.0,0.0
2023-04-18 09:30:00-04:00,3.0199999809265137,3.049999952316284,3.009999990463257,3.0350000858306885,516358,0.0,0.0
2023-04-18 10:30:00-04:00,3.0299999713897705,3.059999942779541,3.0225000381469727,3.055000066757202,271141,0.0,0.0
2023-04-18 11:30:00-04:00,3.049999952316284,3.0599000453948975,3.0299999713897705,3.055000066757202,189511,0.0,0.0
2023-04-18 12:30:00-04:00,3.049999952316284,3.0560998916625977,3.0299999713897705,3.0450000762939453,235163,0.0,0.0
2023-04-18 13:30:00-04:00,3.0399999618530273,3.049999952316284,3.012500047683716,3.015000104904175,118299,0.0,0.0
2023-04-18 14:30:00-04:00,3.015000104904175,3.049999952316284,3.002500057220459,3.0325000286102295,357481,0.0,0.0
2023-04-18 15:30:00-04:00,3.0350000858306885,3.0399999618530273,3.0299999713897705,3.0350000858306885,160759,0.0,0.0
2023-04-19 09:30:00-04:00,2.9200000762939453,2.930000066757202,2.880000114440918,2.9100000858306885,694591,0.0,0.0
2023-04-19 10:30:00-04:00,2.9049999713897705,2.930000066757202,2.8901000022888184,2.899899959564209,533675,0.0,0.0
2023-04-19 11:30:00-04:00,2.8949999809265137,2.9100000858306885,2.8701000213623047,2.890000104904175,590995,0.0,0.0
2023-04-19 12:30:00-04:00,2.884999990463257,2.9000000953674316,2.884999990463257,2.891700029373169,294646,0.0,0.0
2023-04-19 13:30:00-04:00,2.8949999809265137,2.9000000953674316,2.869999885559082,2.875,342742,0.0,0.0
2023-04-19 14:30:00-04:00,2.879499912261963,2.9000000953674316,2.8640999794006348,2.9000000953674316,342123,0.0,0.0
2023-04-19 15:30:00-04:00,2.8949999809265137,2.9000000953674316,2.890000104904175,2.890000104904175,375208,0.0,0.0
2023-04-20 09:30:00-04:00,2.880000114440918,2.930000066757202,2.872999906539917,2.9100000858306885,577805,0.0,0.0
2023-04-20 10:30:00-04:00,2.9100000858306885,2.934999942779541,2.9084999561309814,2.930000066757202,386912,0.0,0.0
2023-04-20 11:30:00-04:00,2.924999952316284,2.940000057220459,2.9149999618530273,2.9200000762939453,576804,0.0,0.0
2023-04-20 12:30:00-04:00,2.930000066757202,2.940000057220459,2.9200000762939453,2.934999942779541,288158,0.0,0.0
2023-04-20 13:30:00-04:00,2.940000057220459,2.940000057220459,2.9100000858306885,2.9114999771118164,157802,0.0,0.0
2023-04-20 14:30:00-04:00,2.9149999618530273,2.9200000762939453,2.8901000022888184,2.8977999687194824,450377,0.0,0.0
2023-04-20 15:30:00-04:00,2.9000000953674316,2.9000000953674316,2.875,2.9000000953674316,638229,0.0,0.0
2023-04-21 09:30:00-04:00,2.880000114440918,2.880000114440918,2.799999952316284,2.819000005722046,417575,0.0,0.0
2023-04-21 10:30:00-04:00,2.819999933242798,2.8299999237060547,2.7899999618530273,2.794600009918213,373090,0.0,0.0
2023-04-21 11:30:00-04:00,2.7950000762939453,2.799999952316284,2.7799999713897705,2.7850000858306885,72743,0.0,0.0
2023-04-21 12:30:00-04:00,2.7850000858306885,2.7899999618530273,2.7799999713897705,2.7899999618530273,59393,0.0,0.0
2023-04-21 13:30:00-04:00,2.7899999618530273,2.799999952316284,2.7899999618530273,2.799999952316284,127929,0.0,0.0
2023-04-21 14:30:00-04:00,2.799999952316284,2.799999952316284,2.7899999618530273,2.7950000762939453,73552,0.0,0.0
2023-04-21 15:30:00-04:00,2.7950000762939453,2.809999942779541,2.7899999618530273,2.799999952316284,338512,0.0,0.0
2023-04-24 09:30:00-04:00,2.799999952316284,2.8350000381469727,2.7750000953674316,2.815000057220459,799782,0.0,0.0
2023-04-24 10:30:00-04:00,2.815000057220459,2.819999933242798,2.7950000762939453,2.815000057220459,204620,0.0,0.0
2023-04-24 11:30:00-04:00,2.815000057220459,2.8350000381469727,2.809999942779541,2.815000057220459,258518,0.0,0.0
2023-04-24 12:30:00-04:00,2.815000057220459,2.819999933242798,2.809999942779541,2.815000057220459,227942,0.0,0.0
2023-04-24 13:30:00-04:00,2.809999942779541,2.8199000358581543,2.799999952316284,2.805000066757202,346892,0.0,0.0
2023-04-24 14:30:00-04:00,2.805000066757202,2.805000066757202,2.7899999618530273,2.799999952316284,236483,0.0,0.0
2023-04-24 15:30:00-04:00,2.799999952316284,2.809999942779541,2.7899999618530273,2.809999942779541,414927,0.0,0.0
2023-04-25 09:30:00-04:00,2.75,2.75,2.680000066757202,2.690000057220459,1395206,0.0,0.0
2023-04-25 10:30:00-04:00,2.690000057220459,2.7100000381469727,2.684999942779541,2.694999933242798,850898,0.0,0.0
2023-04-25 11:30:00-04:00,2.694999933242798,2.7049999237060547,2.690000057220459,2.690000057220459,377266,0.0,0.0
2023-04-25 12:30:00-04:00,2.694999933242798,2.696000099182129,2.6649999618530273,2.674999952316284,513844,0.0,0.0
2023-04-25 13:30:00-04:00,2.674999952316284,2.7100000381469727,2.6700000762939453,2.7049999237060547,411023,0.0,0.0
2023-04-25 14:30:00-04:00,2.7049999237060547,2.7049999237060547,2.690000057220459,2.694999933242798,882494,0.0,0.0
2023-04-25 15:30:00-04:00,2.690000057220459,2.7100000381469727,2.690000057220459,2.7100000381469727,522438,0.0,0.0
2023-04-26 09:30:00-04:00,2.740000009536743,2.755000114440918,2.7049999237060547,2.7249999046325684,346396,0.0,0.0
2023-04-26 10:30:00-04:00,2.7300000190734863,2.740000009536743,2.7249999046325684,2.734999895095825,351250,0.0,0.0
2023-04-26 11:30:00-04:00,2.7300000190734863,2.747999906539917,2.7200000286102295,2.740000009536743,338847,0.0,0.0
2023-04-26 12:30:00-04:00,2.7300000190734863,2.75,2.7300000190734863,2.7300000190734863,208243,0.0,0.0
2023-04-26 13:30:00-04:00,2.7300000190734863,2.7318999767303467,2.7100000381469727,2.7149999141693115,95863,0.0,0.0
2023-04-26 14:30:00-04:00,2.7149999141693115,2.7149999141693115,2.700000047683716,2.700000047683716,255372,0.0,0.0
2023-04-26 15:30:00-04:00,2.7049999237060547,2.7100000381469727,2.690000057220459,2.700000047683716,286636,0.0,0.0
2023-04-27 09:30:00-04:00,2.7100000381469727,2.809999942779541,2.7100000381469727,2.799999952316284,623231,0.0,0.0
2023-04-27 10:30:00-04:00,2.7964999675750732,2.799999952316284,2.76200008392334,2.7850000858306885,505361,0.0,0.0
2023-04-27 11:30:00-04:00,2.7799999713897705,2.7878000736236572,2.759999990463257,2.7750000953674316,529905,0.0,0.0
2023-04-27 12:30:00-04:00,2.7750000953674316,2.7850000858306885,2.765000104904175,2.7750000953674316,591783,0.0,0.0
2023-04-27 13:30:00-04:00,2.7750000953674316,2.7899999618530273,2.7699999809265137,2.7850000858306885,123272,0.0,0.0
2023-04-27 14:30:00-04:00,2.7899999618530273,2.799999952316284,2.7799999713897705,2.7850000858306885,307315,0.0,0.0
2023-04-27 15:30:00-04:00,2.7850000858306885,2.7950000762939453,2.7799999713897705,2.7899999618530273,397644,0.0,0.0
2023-04-28 09:30:00-04:00,2.75,2.819999933242798,2.7249999046325684,2.815000057220459,521940,0.0,0.0
2023-04-28 10:30:00-04:00,2.815000057220459,2.815000057220459,2.7799999713897705,2.809999942779541,879112,0.0,0.0
2023-04-28 11:30:00-04:00,2.809999942779541,2.825000047683716,2.799999952316284,2.815000057220459,307225,0.0,0.0
2023-04-28 12:30:00-04:00,2.815000057220459,2.8499999046325684,2.809999942779541,2.8399999141693115,334889,0.0,0.0
2023-04-28 13:30:00-04:00,2.8399999141693115,2.8499999046325684,2.8201000690460205,2.838099956512451,150647,0.0,0.0
2023-04-28 14:30:00-04:00,2.8350000381469727,2.8499999046325684,2.8201000690460205,2.8399999141693115,145798,0.0,0.0
2023-04-28 15:30:00-04:00,2.8499999046325684,2.8499999046325684,2.8299999237060547,2.8499999046325684,483751,0.0,0.0
2023-05-01 09:30:00-04:00,2.8299999237060547,2.859999895095825,2.799999952316284,2.799999952316284,122648,0.0,0.0
2023-05-01 10:30:00-04:00,2.805000066757202,2.809999942779541,2.7699999809265137,2.7699999809265137,118358,0.0,0.0
2023-05-01 11:30:00-04:00,2.7750000953674316,2.7799999713897705,2.7699999809265137,2.7699999809265137,80591,0.0,0.0
2023-05-01 12:30:00-04:00,2.7699999809265137,2.799999952316284,2.7699999809265137,2.7799999713897705,193091,0.0,0.0
2023-05-01 13:30:00-04:00,2.7799999713897705,2.7799999713897705,2.7699999809265137,2.7750000953674316,39616,0.0,0.0
2023-05-01 14:30:00-04:00,2.7699999809265137,2.7799999713897705,2.7699999809265137,2.7750000953674316,60884,0.0,0.0
2023-05-01 15:30:00-04:00,2.7750000953674316,2.7899999618530273,2.7699999809265137,2.7799999713897705,170199,0.0,0.0
2023-05-02 09:30:00-04:00,2.740000009536743,2.740000009536743,2.625,2.630000114440918,926357,0.0,0.0
2023-05-02 10:30:00-04:00,2.622999906539917,2.6500000953674316,2.6212000846862793,2.634999990463257,468583,0.0,0.0
2023-05-02 11:30:00-04:00,2.634999990463257,2.6700000762939453,2.625,2.6449999809265137,283494,0.0,0.0
2023-05-02 12:30:00-04:00,2.6449999809265137,2.6500000953674316,2.634999990463257,2.634999990463257,114797,0.0,0.0
2023-05-02 13:30:00-04:00,2.634999990463257,2.6500000953674316,2.619999885559082,2.6500000953674316,298356,0.0,0.0
2023-05-02 14:30:00-04:00,2.6500000953674316,2.6600000858306885,2.640000104904175,2.6600000858306885,274625,0.0,0.0
2023-05-02 15:30:00-04:00,2.6549999713897705,2.680000066757202,2.6500000953674316,2.6700000762939453,1370134,0.0,0.0
2023-05-03 09:30:00-04:00,2.6600000858306885,2.700000047683716,2.640000104904175,2.700000047683716,488209,0.0,0.0
2023-05-03 10:30:00-04:00,2.700000047683716,2.7300000190734863,2.700000047683716,2.7200000286102295,515158,0.0,0.0
2023-05-03 11:30:00-04:00,2.7200000286102295,2.740000009536743,2.700000047683716,2.7300000190734863,704177,0.0,0.0
2023-05-03 12:30:00-04:00,2.7300000190734863,2.740000009536743,2.7200000286102295,2.7300000190734863,107379,0.0,0.0
2023-05-03 13:30:00-04:00,2.7300000190734863,2.75,2.7200000286102295,2.7453999519348145,368742,0.0,0.0
2023-05-03 14:30:00-04:00,2.744999885559082,2.755000114440918,2.7149999141693115,2.7149999141693115,1425376,0.0,0.0
2023-05-03 15:30:00-04:00,2.7149999141693115,2.734999895095825,2.7100000381469727,2.734999895095825,959110,0.0,0.0
2023-05-04 09:30:00-04:00,2.619999885559082,2.6600000858306885,2.569999933242798,2.5799999237060547,660529,0.0,0.0
2023-05-04 10:30:00-04:00,2.5799999237060547,2.5999999046325684,2.559999942779541,2.563800096511841,333372,0.0,0.0
2023-05-04 11:30:00-04:00,2.565000057220459,2.58870005607605,2.555000066757202,2.575000047683716,304118,0.0,0.0
2023-05-04 12:30:00-04:00,2.575000047683716,2.5899999141693115,2.549999952316284,2.5850000381469727,385186,0.0,0.0
2023-05-04 13:30:00-04:00,2.5850000381469727,2.609999895095825,2.5850000381469727,2.5950000286102295,490024,0.0,0.0
2023-05-04 14:30:00-04:00,2.5950000286102295,2.5999999046325684,2.569999933242798,2.575000047683716,497530,0.0,0.0
2023-05-04 15:30:00-04:00,2.569999933242798,2.5899999141693115,2.569999933242798,2.569999933242798,417936,0.0,0.0
2023-05-05 09:30:00-04:00,2.640000104904175,2.6898999214172363,2.609999895095825,2.6600000858306885,1060703,0.0,0.0
2023-05-05 10:30:00-04:00,2.6649999618530273,2.690000057220459,2.6600000858306885,2.6800999641418457,362781,0.0,0.0
2023-05-05 11:30:00-04:00,2.684999942779541,2.7100000381469727,2.680000066757202,2.7049999237060547,800291,0.0,0.0
2023-05-05 12:30:00-04:00,2.7100000381469727,2.758500099182129,2.7100000381469727,2.75,835601,0.0,0.0
2023-05-05 13:30:00-04:00,2.75,2.805000066757202,2.75,2.7899999618530273,1518170,0.0,0.0
2023-05-05 14:30:00-04:00,2.7899999618530273,2.799999952316284,2.7799999713897705,2.7799999713897705,609545,0.0,0.0
2023-05-05 15:30:00-04:00,2.7799999713897705,2.7899999618530273,2.7799999713897705,2.7899999618530273,376056,0.0,0.0
2023-05-08 09:30:00-04:00,2.819999933242798,2.8499999046325684,2.809999942779541,2.825000047683716,324512,0.0,0.0
2023-05-08 10:30:00-04:00,2.825000047683716,2.8450000286102295,2.809999942779541,2.809999942779541,692250,0.0,0.0
2023-05-08 11:30:00-04:00,2.809999942779541,2.8350000381469727,2.805000066757202,2.8299999237060547,398798,0.0,0.0
2023-05-08 12:30:00-04:00,2.8287999629974365,2.8399999141693115,2.819999933242798,2.819999933242798,178967,0.0,0.0
2023-05-08 13:30:00-04:00,2.8299999237060547,2.8299999237060547,2.7899999618530273,2.809999942779541,625723,0.0,0.0
2023-05-08 14:30:00-04:00,2.809999942779541,2.8299999237060547,2.805000066757202,2.822200059890747,570315,0.0,0.0
2023-05-08 15:30:00-04:00,2.825000047683716,2.8299999237060547,2.809999942779541,2.81850004196167,124068,0.0,0.0
2023-05-09 09:30:00-04:00,2.7799999713897705,2.819999933242798,2.765000104904175,2.805000066757202,402089,0.0,0.0
2023-05-09 10:30:00-04:00,2.799999952316284,2.8499999046325684,2.7899999618530273,2.8499999046325684,197830,0.0,0.0
2023-05-09 11:30:00-04:00,2.8450000286102295,2.877700090408325,2.8399999141693115,2.875,214912,0.0,0.0
2023-05-09 12:30:00-04:00,2.875,2.884999990463257,2.8499999046325684,2.859999895095825,273615,0.0,0.0
2023-05-09 13:30:00-04:00,2.865000009536743,2.869999885559082,2.8499999046325684,2.8550000190734863,242886,0.0,0.0
2023-05-09 14:30:00-04:00,2.859999895095825,2.859999895095825,2.8399999141693115,2.8499999046325684,205142,0.0,0.0
2023-05-09 15:30:00-04:00,2.8499999046325684,2.8499999046325684,2.8399999141693115,2.8499999046325684,325635,0.0,0.0
2023-05-10 09:30:00-04:00,2.700000047683716,2.700000047683716,2.6449999809265137,2.6600000858306885,1185098,0.0,0.0
2023-05-10 10:30:00-04:00,2.6600000858306885,2.6700000762939453,2.640000104904175,2.6489999294281006,417335,0.0,0.0
2023-05-10 11:30:00-04:00,2.6500000953674316,2.6500000953674316,2.634999990463257,2.6449999809265137,200161,0.0,0.0
2023-05-10 12:30:00-04:00,2.6449999809265137,2.6500000953674316,2.609999895095825,2.609999895095825,514365,0.0,0.0
2023-05-10 13:30:00-04:00,2.615000009536743,2.630000114440918,2.5999999046325684,2.625,165141,0.0,0.0
2023-05-10 14:30:00-04:00,2.630000114440918,2.6500000953674316,2.619999885559082,2.6449999809265137,443169,0.0,0.0
2023-05-10 15:30:00-04:00,2.6500000953674316,2.6700000762939453,2.6449999809265137,2.6600000858306885,620089,0.0,0.0
2023-05-11 09:30:00-04:00,2.5799999237060547,2.5899999141693115,2.5399999618530273,2.559999942779541,949068,0.0,0.0
2023-05-11 10:30:00-04:00,2.5634000301361084,2.579900026321411,2.549999952316284,2.565000057220459,532301,0.0,0.0
2023-05-11 11:30:00-04:00,2.569999933242798,2.5799999237060547,2.559999942779541,2.5699000358581543,421455,0.0,0.0
2023-05-11 12:30:00-04:00,2.569999933242798,2.5999999046325684,2.565000057220459,2.5799999237060547,411851,0.0,0.0
2023-05-11 13:30:00-04:00,2.5799999237060547,2.5899999141693115,2.569999933242798,2.5799999237060547,378072,0.0,0.0
2023-05-11 14:30:00-04:00,2.5799999237060547,2.615000009536743,2.5799999237060547,2.5950000286102295,375395,0.0,0.0
2023-05-11 15:30:00-04:00,2.5899999141693115,2.598599910736084,2.5799999237060547,2.5799999237060547,703784,0.0,0.0
2023-05-12 09:30:00-04:00,2.5999999046325684,2.615000009536743,2.5799999237060547,2.5899999141693115,1240302,0.0,0.0
2023-05-12 10:30:00-04:00,2.5899999141693115,2.5950000286102295,2.569999933242798,2.584199905395508,440077,0.0,0.0
2023-05-12 11:30:00-04:00,2.5799999237060547,2.5899999141693115,2.569999933242798,2.575000047683716,444896,0.0,0.0
2023-05-12 12:30:00-04:00,2.575000047683716,2.5999999046325684,2.575000047683716,2.5899999141693115,1134517,0.0,0.0
2023-05-12 13:30:00-04:00,2.5899999141693115,2.5999999046325684,2.5899999141693115,2.5899999141693115,251783,0.0,0.0
2023-05-12 14:30:00-04:00,2.5899999141693115,2.5999999046325684,2.575000047683716,2.5799999237060547,562835,0.0,0.0
2023-05-12 15:30:00-04:00,2.5850000381469727,2.5899999141693115,2.5799999237060547,2.5799999237060547,610661,0.0,0.0
2023-05-15 09:30:00-04:00,2.640000104904175,2.6570000648498535,2.6050000190734863,2.6449999809265137,495557,0.0,0.0
2023-05-15 10:30:00-04:00,2.640000104904175,2.6600000858306885,2.640000104904175,2.640000104904175,314120,0.0,0.0
2023-05-15 11:30:00-04:00,2.6475000381469727,2.6594998836517334,2.630000114440918,2.6549999713897705,563832,0.0,0.0
2023-05-15 12:30:00-04:00,2.6549999713897705,2.6649999618530273,2.6449999809265137,2.6500000953674316,380918,0.0,0.0
2023-05-15 13:30:00-04:00,2.6449999809265137,2.675100088119507,2.640000104904175,2.6700000762939453,381318,0.0,0.0
2023-05-15 14:30:00-04:00,2.6700000762939453,2.680000066757202,2.6624999046325684,2.6700000762939453,611593,0.0,0.0
2023-05-15 15:30:00-04:00,2.6700000762939453,2.680000066757202,2.6700000762939453,2.674999952316284,255864,0.0,0.0
2023-05-16 09:30:00-04:00,2.680000066757202,2.7049999237060547,2.630000114440918,2.640000104904175,440242,0.0,0.0
2023-05-16 10:30:00-04:00,2.640000104904175,2.640000104904175,2.5999999046325684,2.6080000400543213,272896,0.0,0.0
2023-05-16 11:30:00-04:00,2.6050000190734863,2.619999885559082,2.5999999046325684,2.6050000190734863,334668,0.0,0.0
2023-05-16 12:30:00-04:00,2.5999999046325684,2.607800006866455,2.5899999141693115,2.5950000286102295,129557,0.0,0.0
2023-05-16 13:30:00-04:00,2.591900110244751,2.5999999046325684,2.5799999237060547,2.5950000286102295,391417,0.0,0.0
2023-05-16 14:30:00-04:00,2.594599962234497,2.599900007247925,2.569999933242798,2.575000047683716,463646,0.0,0.0
2023-05-16 15:30:00-04:00,2.579900026321411,2.5799999237060547,2.5450000762939453,2.555000066757202,1384894,0.0,0.0
2023-05-17 09:30:00-04:00,2.640000104904175,2.674999952316284,2.634999990463257,2.6649999618530273,966748,0.0,0.0
2023-05-17 10:30:00-04:00,2.6649999618530273,2.734999895095825,2.6649999618530273,2.723099946975708,1245654,0.0,0.0
2023-05-17 11:30:00-04:00,2.7249999046325684,2.7276999950408936,2.700000047683716,2.7249999046325684,372017,0.0,0.0
2023-05-17 12:30:00-04:00,2.7249999046325684,2.7385001182556152,2.7049999237060547,2.7149999141693115,498281,0.0,0.0
2023-05-17 13:30:00-04:00,2.7149999141693115,2.7200000286102295,2.694999933242798,2.694999933242798,241392,0.0,0.0
2023-05-17 14:30:00-04:00,2.694999933242798,2.7179999351501465,2.694999933242798,2.7100000381469727,773045,0.0,0.0
2023-05-17 15:30:00-04:00,2.7100000381469727,2.7100000381469727,2.700000047683716,2.7100000381469727,384057,0.0,0.0
2023-05-18 09:30:00-04:00,2.690000057220459,2.700000047683716,2.6500000953674316,2.680000066757202,477749,0.0,0.0
2023-05-18 10:30:00-04:00,2.684999942779541,2.694999933242798,2.6700000762939453,2.684999942779541,108030,0.0,0.0
2023-05-18 11:30:00-04:00,2.684999942779541,2.690000057220459,2.6700000762939453,2.6798999309539795,60572,0.0,0.0
2023-05-18 12:30:00-04:00,2.674999952316284,2.680000066757202,2.6600000858306885,2.6649999618530273,90269,0.0,0.0
2023-05-18 13:30:00-04:00,2.6649999618530273,2.690000057220459,2.6600000858306885,2.680000066757202,218482,0.0,0.0
2023-05-18 14:30:00-04:00,2.680000066757202,2.700000047683716,2.680000066757202,2.690000057220459,297072,0.0,0.0
2023-05-18 15:30:00-04:00,2.684999942779541,2.7049999237060547,2.684999942779541,2.7049999237060547,934351,0.0,0.0
2023-05-19 09:30:00-04:00,2.700000047683716,2.700000047683716,2.674999952316284,2.684999942779541,436105,0.0,0.0
2023-05-19 10:30:00-04:00,2.690000057220459,2.740000009536743,2.684999942779541,2.7249999046325684,599720,0.0,0.0
2023-05-19 11:30:00-04:00,2.7249999046325684,2.7249999046325684,2.690000057220459,2.70989990234375,393279,0.0,0.0
2023-05-19 12:30:00-04:00,2.7049999237060547,2.7300000190734863,2.700000047683716,2.7149999141693115,195048,0.0,0.0
2023-05-19 13:30:00-04:00,2.7149999141693115,2.7200000286102295,2.690000057220459,2.69350004196167,151113,0.0,0.0
2023-05-19 14:30:00-04:00,2.694999933242798,2.700000047683716,2.680000066757202,2.694999933242798,264827,0.0,0.0
2023-05-19 15:30:00-04:00,2.690000057220459,2.694999933242798,2.674999952316284,2.680000066757202,580682,0.0,0.0
2023-05-22 09:30:00-04:00,2.690000057220459,2.7149999141693115,2.674999952316284,2.700000047683716,395861,0.0,0.0
2023-05-22 10:30:00-04:00,2.700000047683716,2.7300000190734863,2.690000057220459,2.7200000286102295,427120,0.0,0.0
2023-05-22 11:30:00-04:00,2.7200000286102295,2.7209999561309814,2.700000047683716,2.7100000381469727,259476,0.0,0.0
2023-05-22 12:30:00-04:00,2.7149999141693115,2.7249999046325684,2.700000047683716,2.7149999141693115,260737,0.0,0.0
2023-05-22 13:30:00-04:00,2.7149999141693115,2.7300000190734863,2.7100000381469727,2.7200000286102295,195825,0.0,0.0
2023-05-22 14:30:00-04:00,2.7200000286102295,2.7300000190734863,2.700000047683716,2.710099935531616,226802,0.0,0.0
2023-05-22 15:30:00-04:00,2.7100000381469727,2.7149999141693115,2.700000047683716,2.7049999237060547,126165,0.0,0.0
2023-05-23 09:30:00-04:00,2.680000066757202,2.697499990463257,2.660099983215332,2.694999933242798,604697,0.0,0.0
2023-05-23 10:30:00-04:00,2.694999933242798,2.700000047683716,2.680000066757202,2.691200017929077,202589,0.0,0.0
2023-05-23 11:30:00-04:00,2.690000057220459,2.699899911880493,2.680000066757202,2.684999942779541,162404,0.0,0.0
2023-05-23 12:30:00-04:00,2.690000057220459,2.690000057220459,2.6700000762939453,2.680000066757202,161513,0.0,0.0
2023-05-23 13:30:00-04:00,2.680000066757202,2.690000057220459,2.6549999713897705,2.6549999713897705,307363,0.0,0.0
2023-05-23 14:30:00-04:00,2.6549999713897705,2.6600000858306885,2.6500000953674316,2.6549999713897705,98209,0.0,0.0
2023-05-23 15:30:00-04:00,2.6549999713897705,2.6600000858306885,2.6500000953674316,2.6600000858306885,149100,0.0,0.0
2023-05-24 09:30:00-04:00,2.619999885559082,2.630000114440918,2.5618999004364014,2.5850000381469727,802216,0.0,0.0
2023-05-24 10:30:00-04:00,2.5850000381469727,2.607800006866455,2.5799999237060547,2.5982000827789307,487804,0.0,0.0
2023-05-24 11:30:00-04:00,2.5975000858306885,2.5999999046325684,2.569999933242798,2.575000047683716,130279,0.0,0.0
2023-05-24 12:30:00-04:00,2.575000047683716,2.5899999141693115,2.569999933242798,2.575000047683716,291266,0.0,0.0
2023-05-24 13:30:00-04:00,2.569999933242798,2.5899999141693115,2.569999933242798,2.569999933242798,229447,0.0,0.0
2023-05-24 14:30:00-04:00,2.569999933242798,2.5799999237060547,2.559999942779541,2.578200101852417,472374,0.0,0.0
2023-05-24 15:30:00-04:00,2.5799999237060547,2.5899999141693115,2.569999933242798,2.575000047683716,521541,0.0,0.0
2023-05-25 09:30:00-04:00,2.5299999713897705,2.559999942779541,2.5,2.509999990463257,776794,0.0,0.0
2023-05-25 10:30:00-04:00,2.5199999809265137,2.549999952316284,2.509999990463257,2.509999990463257,482571,0.0,0.0
2023-05-25 11:30:00-04:00,2.515000104904175,2.5199999809265137,2.490000009536743,2.509999990463257,572791,0.0,0.0
2023-05-25 12:30:00-04:00,2.509999990463257,2.5199999809265137,2.5,2.515000104904175,508426,0.0,0.0
2023-05-25 13:30:00-04:00,2.515000104904175,2.5250000953674316,2.509999990463257,2.509999990463257,361196,0.0,0.0
2023-05-25 14:30:00-04:00,2.509999990463257,2.5199999809265137,2.4700000286102295,2.484999895095825,822912,0.0,0.0
2023-05-25 15:30:00-04:00,2.489799976348877,2.5,2.4800000190734863,2.490000009536743,575859,0.0,0.0
2023-05-26 09:30:00-04:00,2.5399999618530273,2.5899999141693115,2.5299999713897705,2.5799999237060547,952674,0.0,0.0
2023-05-26 10:30:00-04:00,2.5799999237060547,2.5850000381469727,2.5199999809265137,2.5199999809265137,745304,0.0,0.0
2023-05-26 11:30:00-04:00,2.5216000080108643,2.549999952316284,2.5199999809265137,2.5450000762939453,291600,0.0,0.0
2023-05-26 12:30:00-04:00,2.5450000762939453,2.569999933242798,2.5399999618530273,2.565000057220459,277337,0.0,0.0
2023-05-26 13:30:00-04:00,2.565000057220459,2.565000057220459,2.549999952316284,2.555000066757202,290694,0.0,0.0
2023-05-26 14:30:00-04:00,2.555000066757202,2.569999933242798,2.549999952316284,2.549999952316284,885761,0.0,0.0
2023-05-26 15:30:00-04:00,2.555000066757202,2.559999942779541,2.5399999618530273,2.555000066757202,619178,0.0,0.0
2023-05-30 09:30:00-04:00,2.4800000190734863,2.4800000190734863,2.4200000762939453,2.424999952316284,784222,0.0,0.0
2023-05-30 10:30:00-04:00,2.428999900817871,2.434999942779541,2.4100000858306885,2.4149999618530273,458491,0.0,0.0
2023-05-30 11:30:00-04:00,2.4100000858306885,2.4200000762939453,2.4000000953674316,2.4049999713897705,334698,0.0,0.0
2023-05-30 12:30:00-04:00,2.4049999713897705,2.4100000858306885,2.4000000953674316,2.4086999893188477,100477,0.0,0.0
2023-05-30 13:30:00-04:00,2.4065001010894775,2.4200000762939453,2.4000000953674316,2.4049999713897705,979120,0.0,0.0
2023-05-30 14:30:00-04:00,2.4100000858306885,2.4279000759124756,2.4000000953674316,2.424999952316284,456316,0.0,0.0
2023-05-30 15:30:00-04:00,2.424999952316284,2.430000066757202,2.4200000762939453,2.430000066757202,471491,0.0,0.0
2023-05-31 09:30:00-04:00,2.4200000762939453,2.4200000762939453,2.369999885559082,2.375,574614,0.0,0.0
2023-05-31 10:30:00-04:00,2.375,2.390000104904175,2.359999895095825,2.369999885559082,724017,0.0,0.0
2023-05-31 11:30:00-04:00,2.375,2.380000114440918,2.359999895095825,2.371999979019165,318874,0.0,0.0
2023-05-31 12:30:00-04:00,2.375,2.4000000953674316,2.369999885559082,2.398099899291992,120042,0.0,0.0
2023-05-31 13:30:00-04:00,2.4000000953674316,2.4100000858306885,2.3949999809265137,2.4024999141693115,363808,0.0,0.0
2023-05-31 14:30:00-04:00,2.4049999713897705,2.430000066757202,2.4000000953674316,2.4149999618530273,379794,0.0,0.0
2023-05-31 15:30:00-04:00,2.4124999046325684,2.430000066757202,2.4100000858306885,2.430000066757202,889332,0.0,0.0
2023-06-01 09:30:00-04:00,2.440000057220459,2.450000047683716,2.424999952316284,2.440000057220459,544567,0.0,0.0
2023-06-01 10:30:00-04:00,2.440000057220459,2.5,2.430000066757202,2.494999885559082,861104,0.0,0.0
2023-06-01 11:30:00-04:00,2.494999885559082,2.515000104904175,2.4800000190734863,2.515000104904175,1666344,0.0,0.0
2023-06-01 12:30:00-04:00,2.515000104904175,2.515000104904175,2.4800000190734863,2.494999885559082,705085,0.0,0.0
2023-06-01 13:30:00-04:00,2.490000009536743,2.494999885559082,2.4749999046325684,2.484999895095825,706275,0.0,0.0
2023-06-01 14:30:00-04:00,2.484999895095825,2.490000009536743,2.4700000286102295,2.4749999046325684,519962,0.0,0.0
2023-06-01 15:30:00-04:00,2.4749999046325684,2.4800000190734863,2.4700000286102295,2.4800000190734863,301506,0.0,0.0
2023-06-02 09:30:00-04:00,2.609999895095825,2.6484999656677246,2.5899999141693115,2.620500087738037,1121008,0.0,0.0
2023-06-02 10:30:00-04:00,2.619999885559082,2.640000104904175,2.5999999046325684,2.609999895095825,1949613,0.0,0.0
2023-06-02 11:30:00-04:00,2.615000009536743,2.6500000953674316,2.5999999046325684,2.625,1368548,0.0,0.0
2023-06-02 12:30:00-04:00,2.627500057220459,2.630000114440918,2.615000009536743,2.625,382982,0.0,0.0
2023-06-02 13:30:00-04:00,2.619999885559082,2.630000114440918,2.609999895095825,2.625,720963,0.0,0.0
2023-06-02 14:30:00-04:00,2.625,2.630000114440918,2.609999895095825,2.625,802466,0.0,0.0
2023-06-02 15:30:00-04:00,2.625,2.640000104904175,2.619999885559082,2.640000104904175,843331,0.0,0.0
2023-06-05 09:30:00-04:00,2.6700000762939453,2.684999942779541,2.617000102996826,2.634999990463257,1035388,0.0,0.0
2023-06-05 10:30:00-04:00,2.634999990463257,2.6649999618530273,2.634999990463257,2.6549999713897705,1046375,0.0,0.0
2023-06-05 11:30:00-04:00,2.6549999713897705,2.6600000858306885,2.640000104904175,2.6600000858306885,418428,0.0,0.0
2023-06-05 12:30:00-04:00,2.6549999713897705,2.674999952316284,2.6449999809265137,2.6700000762939453,978264,0.0,0.0
2023-06-05 13:30:00-04:00,2.680000066757202,2.694999933242798,2.6549999713897705,2.6700000762939453,1106241,0.0,0.0
2023-06-05 14:30:00-04:00,2.6717000007629395,2.680000066757202,2.6649999618530273,2.674999952316284,296349,0.0,0.0
2023-06-05 15:30:00-04:00,2.674999952316284,2.680000066757202,2.6600000858306885,2.6700000762939453,669908,0.0,0.0
2023-06-06 09:30:00-04:00,2.6600000858306885,2.700000047683716,2.6500000953674316,2.684999942779541,525563,0.0,0.0
2023-06-06 10:30:00-04:00,2.684999942779541,2.740000009536743,2.680000066757202,2.734999895095825,1195329,0.0,0.0
2023-06-06 11:30:00-04:00,2.734999895095825,2.75,2.7149999141693115,2.7149999141693115,768378,0.0,0.0
2023-06-06 12:30:00-04:00,2.7149999141693115,2.740000009536743,2.712100028991699,2.7249999046325684,200142,0.0,0.0
2023-06-06 13:30:00-04:00,2.7249999046325684,2.7300000190734863,2.7100000381469727,2.7200000286102295,214939,0.0,0.0
2023-06-06 14:30:00-04:00,2.7149999141693115,2.740000009536743,2.7100000381469727,2.740000009536743,129295,0.0,0.0
2023-06-06 15:30:00-04:00,2.734999895095825,2.740000009536743,2.7200000286102295,2.7300000190734863,284834,0.0,0.0
2023-06-07 09:30:00-04:00,2.690000057220459,2.7149999141693115,2.6600000858306885,2.6649999618530273,1052735,0.0,0.0
2023-06-07 10:30:00-04:00,2.6700000762939453,2.6700000762939453,2.6449999809265137,2.6600000858306885,641894,0.0,0.0
2023-06-07 11:30:00-04:00,2.6600000858306885,2.6700000762939453,2.6449999809265137,2.6549999713897705,295053,0.0,0.0
2023-06-07 12:30:00-04:00,2.6500000953674316,2.6600000858306885,2.630000114440918,2.640000104904175,457497,0.0,0.0
2023-06-07 13:30:00-04:00,2.640000104904175,2.6700000762939453,2.634999990463257,2.6649999618530273,233120,0.0,0.0
2023-06-07 14:30:00-04:00,2.6700000762939453,2.6700000762939453,2.640000104904175,2.6500000953674316,262193,0.0,0.0
2023-06-07 15:30:00-04:00,2.6500000953674316,2.6700000762939453,2.6449999809265137,2.6549999713897705,830393,0.0,0.0
2023-06-08 09:30:00-04:00,2.6600000858306885,2.690000057220459,2.6600000858306885,2.6700000762939453,419673,0.0,0.0
2023-06-08 10:30:00-04:00,2.6649999618530273,2.6700000762939453,2.6600000858306885,2.6700000762939453,86936,0.0,0.0
2023-06-08 11:30:00-04:00,2.6700000762939453,2.680000066757202,2.6500000953674316,2.680000066757202,653158,0.0,0.0
2023-06-08 12:30:00-04:00,2.674999952316284,2.690000057220459,2.674999952316284,2.690000057220459,278243,0.0,0.0
2023-06-08 13:30:00-04:00,2.684999942779541,2.690000057220459,2.680000066757202,2.684999942779541,52160,0.0,0.0
2023-06-08 14:30:00-04:00,2.684999942779541,2.700000047683716,2.684999942779541,2.700000047683716,166709,0.0,0.0
2023-06-08 15:30:00-04:00,2.700000047683716,2.7049999237060547,2.690000057220459,2.7049999237060547,246749,0.0,0.0
2023-06-09 09:30:00-04:00,2.700000047683716,2.7750000953674316,2.694999933242798,2.7600998878479004,807747,0.0,0.0
2023-06-09 10:30:00-04:00,2.759999990463257,2.7699999809265137,2.7242000102996826,2.7300000190734863,627891,0.0,0.0
2023-06-09 11:30:00-04:00,2.7300000190734863,2.747999906539917,2.720099925994873,2.734999895095825,533661,0.0,0.0
2023-06-09 12:30:00-04:00,2.734999895095825,2.75,2.7300000190734863,2.75,380251,0.0,0.0
2023-06-09 13:30:00-04:00,2.740000009536743,2.75,2.7300000190734863,2.734999895095825,179594,0.0,0.0
2023-06-09 14:30:00-04:00,2.734999895095825,2.740000009536743,2.7100000381469727,2.7149999141693115,418810,0.0,0.0
2023-06-09 15:30:00-04:00,2.7149999141693115,2.7200000286102295,2.7100000381469727,2.7100000381469727,390018,0.0,0.0
2023-06-12 09:30:00-04:00,2.609999895095825,2.619999885559082,2.559999942779541,2.5989999771118164,1813241,0.0,0.0
2023-06-12 10:30:00-04:00,2.5999999046325684,2.640000104904175,2.5899999141693115,2.6298999786376953,453412,0.0,0.0
2023-06-12 11:30:00-04:00,2.630000114440918,2.640000104904175,2.609999895095825,2.615000009536743,898755,0.0,0.0
2023-06-12 12:30:00-04:00,2.615000009536743,2.6356000900268555,2.609999895095825,2.625,572402,0.0,0.0
2023-06-12 13:30:00-04:00,2.630000114440918,2.630000114440918,2.612499952316284,2.619999885559082,396934,0.0,0.0
2023-06-12 14:30:00-04:00,2.619999885559082,2.630000114440918,2.6113998889923096,2.619999885559082,281981,0.0,0.0
2023-06-12 15:30:00-04:00,2.61680006980896,2.630000114440918,2.612499952316284,2.625,717711,0.0,0.0
2023-06-13 09:30:00-04:00,2.680000066757202,2.694999933242798,2.630000114440918,2.660099983215332,665231,0.0,0.0
2023-06-13 10:30:00-04:00,2.6649999618530273,2.6649999618530273,2.640000104904175,2.6449999809265137,493633,0.0,0.0
2023-06-13 11:30:00-04:00,2.6449999809265137,2.6500000953674316,2.630000114440918,2.640000104904175,559014,0.0,0.0
2023-06-13 12:30:00-04:00,2.640000104904175,2.6500000953674316,2.630000114440918,2.640000104904175,236197,0.0,0.0
2023-06-13 13:30:00-04:00,2.6449999809265137,2.6449999809265137,2.619999885559082,2.619999885559082,1170160,0.0,0.0
2023-06-13 14:30:00-04:00,2.619999885559082,2.625,2.5999999046325684,2.609999895095825,614778,0.0,0.0
2023-06-13 15:30:00-04:00,2.615000009536743,2.615000009536743,2.5999999046325684,2.5999999046325684,531417,0.0,0.0
2023-06-14 09:30:00-04:00,2.6600000858306885,2.755000114440918,2.6500000953674316,2.7049999237060547,1890443,0.0,0.0
2023-06-14 10:30:00-04:00,2.7049999237060547,2.7300000190734863,2.700000047683716,2.7249999046325684,515571,0.0,0.0
2023-06-14 11:30:00-04:00,2.7249999046325684,2.7300000190734863,2.7019999027252197,2.7249999046325684,455465,0.0,0.0
2023-06-14 12:30:00-04:00,2.7249999046325684,2.740000009536743,2.7100000381469727,2.7149999141693115,370734,0.0,0.0
2023-06-14 13:30:00-04:00,2.7149999141693115,2.7200000286102295,2.6649999618530273,2.674999952316284,377551,0.0,0.0
2023-06-14 14:30:00-04:00,2.674999952316284,2.75,2.6700000762939453,2.7300000190734863,907579,0.0,0.0
2023-06-14 15:30:00-04:00,2.734999895095825,2.759999990463257,2.7249999046325684,2.7300000190734863,1298396,0.0,0.0
2023-06-15 09:30:00-04:00,2.75,2.79830002784729,2.7293999195098877,2.7950000762939453,848419,0.0,0.0
2023-06-15 10:30:00-04:00,2.7950000762939453,2.799999952316284,2.764899969100952,2.799999952316284,753955,0.0,0.0
2023-06-15 11:30:00-04:00,2.799999952316284,2.799999952316284,2.7699999809265137,2.7850000858306885,607408,0.0,0.0
2023-06-15 12:30:00-04:00,2.7850000858306885,2.7899999618530273,2.759999990463257,2.7799999713897705,624664,0.0,0.0
2023-06-15 13:30:00-04:00,2.7750000953674316,2.7899999618530273,2.7699999809265137,2.7850000858306885,221634,0.0,0.0
2023-06-15 14:30:00-04:00,2.7850000858306885,2.809999942779541,2.7822000980377197,2.805000066757202,501957,0.0,0.0
2023-06-15 15:30:00-04:00,2.805000066757202,2.809999942779541,2.799999952316284,2.805000066757202,181393,0.0,0.0
2023-06-16 09:30:00-04:00,2.759999990463257,2.799999952316284,2.7300000190734863,2.7850000858306885,685726,0.0,0.0
2023-06-16 10:30:00-04:00,2.7850000858306885,2.8399999141693115,2.7818000316619873,2.8299999237060547,714363,0.0,0.0
2023-06-16 11:30:00-04:00,2.8299999237060547,2.8399999141693115,2.809999942779541,2.819999933242798,794665,0.0,0.0
2023-06-16 12:30:00-04:00,2.819999933242798,2.819999933242798,2.799999952316284,2.809999942779541,507951,0.0,0.0
2023-06-16 13:30:00-04:00,2.809999942779541,2.819999933242798,2.799999952316284,2.819999933242798,365366,0.0,0.0
2023-06-16 14:30:00-04:00,2.819999933242798,2.819999933242798,2.805000066757202,2.815000057220459,362576,0.0,0.0
2023-06-16 15:30:00-04:00,2.815000057220459,2.825000047683716,2.809999942779541,2.815000057220459,672108,0.0,0.0
2023-06-20 09:30:00-04:00,2.8299999237060547,2.8299999237060547,2.744999885559082,2.755000114440918,849726,0.0,0.0
2023-06-20 10:30:00-04:00,2.755000114440918,2.7799999713897705,2.7451999187469482,2.765000104904175,688898,0.0,0.0
2023-06-20 11:30:00-04:00,2.759999990463257,2.7799999713897705,2.75,2.7750000953674316,630365,0.0,0.0
2023-06-20 12:30:00-04:00,2.779900074005127,2.7799999713897705,2.75,2.765000104904175,372782,0.0,0.0
2023-06-20 13:30:00-04:00,2.765000104904175,2.7799999713897705,2.759999990463257,2.766400098800659,198846,0.0,0.0
2023-06-20 14:30:00-04:00,2.7699999809265137,2.7699999809265137,2.7500998973846436,2.765000104904175,287607,0.0,0.0
2023-06-20 15:30:00-04:00,2.765000104904175,2.7699999809265137,2.759999990463257,2.765000104904175,481965,0.0,0.0
2023-06-21 09:30:00-04:00,2.759999990463257,2.7869999408721924,2.7416999340057373,2.7750000953674316,511143,0.0,0.0
2023-06-21 10:30:00-04:00,2.7799999713897705,2.7850000858306885,2.759999990463257,2.759999990463257,333692,0.0,0.0
2023-06-21 11:30:00-04:00,2.765000104904175,2.7799999713897705,2.759999990463257,2.7799999713897705,167359,0.0,0.0
2023-06-21 12:30:00-04:00,2.7799999713897705,2.7799999713897705,2.759999990463257,2.765000104904175,129816,0.0,0.0
2023-06-21 13:30:00-04:00,2.765000104904175,2.799999952316284,2.759999990463257,2.7950000762939453,304085,0.0,0.0
2023-06-21 14:30:00-04:00,2.7950000762939453,2.799999952316284,2.7699999809265137,2.7699999809265137,482418,0.0,0.0
2023-06-21 15:30:00-04:00,2.7750000953674316,2.7850000858306885,2.7699999809265137,2.7699999809265137,568199,0.0,0.0
2023-06-22 09:30:00-04:00,2.7799999713897705,2.7799999713897705,2.7200000286102295,2.734999895095825,571626,0.0,0.0
2023-06-22 10:30:00-04:00,2.734999895095825,2.740000009536743,2.7100000381469727,2.7149999141693115,243177,0.0,0.0
2023-06-22 11:30:00-04:00,2.7149999141693115,2.75,2.7100000381469727,2.740000009536743,544106,0.0,0.0
2023-06-22 12:30:00-04:00,2.740000009536743,2.75,2.7300000190734863,2.734999895095825,210384,0.0,0.0
2023-06-22 13:30:00-04:00,2.7300000190734863,2.740000009536743,2.7200000286102295,2.734999895095825,331462,0.0,0.0
2023-06-22 14:30:00-04:00,2.734999895095825,2.740000009536743,2.7300000190734863,2.734999895095825,149161,0.0,0.0
2023-06-22 15:30:00-04:00,2.7300000190734863,2.740000009536743,2.7200000286102295,2.734999895095825,619603,0.0,0.0
2023-06-23 09:30:00-04:00,2.700000047683716,2.7100000381469727,2.680000066757202,2.684999942779541,290102,0.0,0.0
2023-06-23 10:30:00-04:00,2.690000057220459,2.7100000381469727,2.684999942779541,2.70169997215271,470209,0.0,0.0
2023-06-23 11:30:00-04:00,2.700000047683716,2.7200000286102295,2.700000047683716,2.7100000381469727,231090,0.0,0.0
2023-06-23 12:30:00-04:00,2.7100000381469727,2.7200000286102295,2.7014999389648438,2.7100000381469727,162253,0.0,0.0
2023-06-23 13:30:00-04:00,2.7149999141693115,2.7249999046325684,2.7100000381469727,2.7149999141693115,240861,0.0,0.0
2023-06-23 14:30:00-04:00,2.7200000286102295,2.7200000286102295,2.700000047683716,2.700000047683716,289134,0.0,0.0
2023-06-23 15:30:00-04:00,2.7049999237060547,2.7200000286102295,2.700000047683716,2.7200000286102295,848688,0.0,0.0
2023-06-26 09:30:00-04:00,2.7300000190734863,2.799999952316284,2.7300000190734863,2.75,475618,0.0,0.0
2023-06-26 10:30:00-04:00,2.75,2.7799999713897705,2.734999895095825,2.765000104904175,786980,0.0,0.0
2023-06-26 11:30:00-04:00,2.765000104904175,2.7799999713897705,2.759999990463257,2.7699999809265137,117107,0.0,0.0
2023-06-26 12:30:00-04:00,2.7750000953674316,2.7799999713897705,2.755000114440918,2.765000104904175,361684,0.0,0.0
2023-06-26 13:30:00-04:00,2.765000104904175,2.765000104904175,2.75,2.759999990463257,133625,0.0,0.0
2023-06-26 14:30:00-04:00,2.755000114440918,2.7799999713897705,2.755000114440918,2.7699999809265137,540528,0.0,0.0
2023-06-26 15:30:00-04:00,2.7699999809265137,2.7699999809265137,2.75,2.75,539517,0.0,0.0
2023-06-27 09:30:00-04:00,2.799999952316284,2.8299999237060547,2.7699999809265137,2.7799999713897705,424299,0.0,0.0
2023-06-27 10:30:00-04:00,2.7850000858306885,2.7874999046325684,2.755000114440918,2.7699999809265137,642137,0.0,0.0
2023-06-27 11:30:00-04:00,2.7699999809265137,2.7699999809265137,2.75,2.765000104904175,574433,0.0,0.0
2023-06-27 12:30:00-04:00,2.765000104904175,2.7799999713897705,2.765000104904175,2.7750000953674316,190113,0.0,0.0
2023-06-27 13:30:00-04:00,2.7750000953674316,2.7899999618530273,2.7699999809265137,2.7750000953674316,197389,0.0,0.0
2023-06-27 14:30:00-04:00,2.7750000953674316,2.7799999713897705,2.759999990463257,2.7750000953674316,1088882,0.0,0.0
2023-06-27 15:30:00-04:00,2.7750000953674316,2.7850000858306885,2.7699999809265137,2.7769999504089355,386269,0.0,0.0
2023-06-28 09:30:00-04:00,2.75,2.765000104904175,2.684999942779541,2.700000047683716,717565,0.0,0.0
2023-06-28 10:30:00-04:00,2.700000047683716,2.7100000381469727,2.684999942779541,2.7049999237060547,412284,0.0,0.0
2023-06-28 11:30:00-04:00,2.7000999450683594,2.7249999046325684,2.700000047683716,2.7149999141693115,731576,0.0,0.0
2023-06-28 12:30:00-04:00,2.7149999141693115,2.718600034713745,2.690000057220459,2.698499917984009,265759,0.0,0.0
2023-06-28 13:30:00-04:00,2.694999933242798,2.700000047683716,2.680000066757202,2.690000057220459,171559,0.0,0.0
2023-06-28 14:30:00-04:00,2.6898999214172363,2.690000057220459,2.680000066757202,2.680000066757202,799926,0.0,0.0
2023-06-28 15:30:00-04:00,2.684999942779541,2.690000057220459,2.6700000762939453,2.684999942779541,460176,0.0,0.0
2023-06-29 09:30:00-04:00,2.700000047683716,2.7193000316619873,2.684999942779541,2.690000057220459,520530,0.0,0.0
2023-06-29 10:30:00-04:00,2.690000057220459,2.6979000568389893,2.674999952316284,2.684999942779541,273513,0.0,0.0
2023-06-29 11:30:00-04:00,2.684999942779541,2.7060000896453857,2.680000066757202,2.700000047683716,149978,0.0,0.0
2023-06-29 12:30:00-04:00,2.7049999237060547,2.7084999084472656,2.690000057220459,2.694999933242798,80590,0.0,0.0
2023-06-29 13:30:00-04:00,2.694999933242798,2.7100000381469727,2.690000057220459,2.7049999237060547,298081,0.0,0.0
2023-06-29 14:30:00-04:00,2.7049999237060547,2.707900047302246,2.690000057220459,2.7049999237060547,263667,0.0,0.0
2023-06-29 15:30:00-04:00,2.7049999237060547,2.7100000381469727,2.700000047683716,2.7100000381469727,189772,0.0,0.0
2023-06-30 09:30:00-04:00,2.6500000953674316,2.6700000762939453,2.611299991607666,2.630000114440918,836444,0.0,0.0
2023-06-30 10:30:00-04:00,2.630000114440918,2.6387999057769775,2.5422000885009766,2.5450000762939453,2388454,0.0,0.0
2023-06-30 11:30:00-04:00,2.549999952316284,2.5899999141693115,2.5350000858306885,2.5799999237060547,1319063,0.0,0.0
2023-06-30 12:30:00-04:00,2.5850000381469727,2.609999895095825,2.569999933242798,2.569999933242798,480899,0.0,0.0
2023-06-30 13:30:00-04:00,2.569999933242798,2.5999999046325684,2.559999942779541,2.5950000286102295,1396015,0.0,0.0
2023-06-30 14:30:00-04:00,2.5989999771118164,2.6050000190734863,2.5850000381469727,2.5950000286102295,963368,0.0,0.0
2023-06-30 15:30:00-04:00,2.5899999141693115,2.5999999046325684,2.5799999237060547,2.5950000286102295,888723,0.0,0.0
2023-07-03 09:30:00-04:00,2.5999999046325684,2.674999952316284,2.5999999046325684,2.6449999809265137,590208,0.0,0.0
2023-07-03 10:30:00-04:00,2.6449999809265137,2.6500000953674316,2.630000114440918,2.6449999809265137,291853,0.0,0.0
2023-07-03 11:30:00-04:00,2.640000104904175,2.6600000858306885,2.640000104904175,2.6449999809265137,413784,0.0,0.0
2023-07-05 09:30:00-04:00,2.5799999237060547,2.5799999237060547,2.549999952316284,2.569999933242798,1237031,0.0,0.0
2023-07-05 10:30:00-04:00,2.569999933242798,2.5799999237060547,2.5399999618530273,2.565000057220459,634045,0.0,0.0
2023-07-05 11:30:00-04:00,2.565000057220459,2.569999933242798,2.549999952316284,2.559999942779541,397889,0.0,0.0
2023-07-05 12:30:00-04:00,2.559999942779541,2.569999933242798,2.5541000366210938,2.5625,172202,0.0,0.0
2023-07-05 13:30:00-04:00,2.565000057220459,2.5850000381469727,2.559999942779541,2.5625,374444,0.0,0.0
2023-07-05 14:30:00-04:00,2.565000057220459,2.569999933242798,2.559999942779541,2.565000057220459,167899,0.0,0.0
2023-07-05 15:30:00-04:00,2.559999942779541,2.5799999237060547,2.559999942779541,2.569999933242798,904919,0.0,0.0
2023-07-06 09:30:00-04:00,2.5399999618530273,2.5910000801086426,2.5250000953674316,2.5250000953674316,769524,0.0,0.0
2023-07-06 10:30:00-04:00,2.5250000953674316,2.5283000469207764,2.5,2.505000114440918,1070641,0.0,0.0
2023-07-06 11:30:00-04:00,2.505000114440918,2.5250000953674316,2.5,2.5250000953674316,765233,0.0,0.0
2023-07-06 12:30:00-04:00,2.5199999809265137,2.5299999713897705,2.5199999809265137,2.5199999809265137,164151,0.0,0.0
2023-07-06 13:30:00-04:00,2.5199999809265137,2.5299999713897705,2.509999990463257,2.5250000953674316,445350,0.0,0.0
2023-07-06 14:30:00-04:00,2.5250000953674316,2.5299999713897705,2.509999990463257,2.5199999809265137,921294,0.0,0.0
2023-07-06 15:30:00-04:00,2.5199999809265137,2.5199999809265137,2.509999990463257,2.509999990463257,568082,0.0,0.0
2023-07-07 09:30:00-04:00,2.549999952316284,2.5999999046325684,2.5399999618530273,2.5999999046325684,1139197,0.0,0.0
2023-07-07 10:30:00-04:00,2.5899999141693115,2.619999885559082,2.5899999141693115,2.609999895095825,682687,0.0,0.0
2023-07-07 11:30:00-04:00,2.619999885559082,2.619999885559082,2.5999999046325684,2.615000009536743,430578,0.0,0.0
2023-07-07 12:30:00-04:00,2.619999885559082,2.6500000953674316,2.615000009536743,2.6500000953674316,843782,0.0,0.0
2023-07-07 13:30:00-04:00,2.6449999809265137,2.6700000762939453,2.630000114440918,2.6600000858306885,746981,0.0,0.0
2023-07-07 14:30:00-04:00,2.6649999618530273,2.680000066757202,2.6500000953674316,2.680000066757202,957862,0.0,0.0
2023-07-07 15:30:00-04:00,2.674999952316284,2.690000057220459,2.6600000858306885,2.6700000762939453,1321992,0.0,0.0
2023-07-10 09:30:00-04:00,2.5999999046325684,2.615000009536743,2.575000047683716,2.5799999237060547,1638921,0.0,0.0
2023-07-10 10:30:00-04:00,2.5799999237060547,2.5899999141693115,2.549999952316284,2.559999942779541,587971,0.0,0.0
2023-07-10 11:30:00-04:00,2.555000066757202,2.569999933242798,2.5450000762939453,2.565000057220459,877606,0.0,0.0
2023-07-10 12:30:00-04:00,2.565000057220459,2.5799999237060547,2.559999942779541,2.567500114440918,324954,0.0,0.0
2023-07-10 13:30:00-04:00,2.565000057220459,2.5799999237060547,2.559999942779541,2.565000057220459,384731,0.0,0.0
2023-07-10 14:30:00-04:00,2.565000057220459,2.569999933242798,2.549999952316284,2.559999942779541,377971,0.0,0.0
2023-07-10 15:30:00-04:00,2.559999942779541,2.569999933242798,2.549999952316284,2.559999942779541,771212,0.0,0.0
2023-07-11 09:30:00-04:00,2.559999942779541,2.5799999237060547,2.5399999618530273,2.571500062942505,630367,0.0,0.0
2023-07-11 10:30:00-04:00,2.569999933242798,2.5799999237060547,2.559999942779541,2.5799999237060547,493958,0.0,0.0
2023-07-11 11:30:00-04:00,2.569999933242798,2.5799999237060547,2.559999942779541,2.559999942779541,128165,0.0,0.0
2023-07-11 12:30:00-04:00,2.565000057220459,2.5799999237060547,2.559999942779541,2.579400062561035,210828,0.0,0.0
2023-07-11 13:30:00-04:00,2.5799999237060547,2.5875000953674316,2.569999933242798,2.569999933242798,256507,0.0,0.0
2023-07-11 14:30:00-04:00,2.579699993133545,2.609999895095825,2.569999933242798,2.5950000286102295,621454,0.0,0.0
2023-07-11 15:30:00-04:00,2.5950000286102295,2.5999999046325684,2.5899999141693115,2.5950000286102295,338078,0.0,0.0
2023-07-12 09:30:00-04:00,2.680000066757202,2.7049999237060547,2.6600000858306885,2.6700000762939453,707179,0.0,0.0
2023-07-12 10:30:00-04:00,2.6700000762939453,2.6875,2.6600000858306885,2.6649999618530273,455990,0.0,0.0
2023-07-12 11:30:00-04:00,2.6649999618530273,2.680000066757202,2.6500000953674316,2.680000066757202,320773,0.0,0.0
2023-07-12 12:30:00-04:00,2.680000066757202,2.690000057220459,2.6600000858306885,2.680000066757202,328379,0.0,0.0
2023-07-12 13:30:00-04:00,2.678100109100342,2.680000066757202,2.6649999618530273,2.680000066757202,295439,0.0,0.0
2023-07-12 14:30:00-04:00,2.6700000762939453,2.690000057220459,2.6614999771118164,2.6649999618530273,390659,0.0,0.0
2023-07-12 15:30:00-04:00,2.6649999618530273,2.6700000762939453,2.6549999713897705,2.6649999618530273,496122,0.0,0.0
2023-07-13 09:30:00-04:00,2.740000009536743,2.765000104904175,2.7149999141693115,2.734999895095825,624250,0.0,0.0
2023-07-13 10:30:00-04:00,2.734999895095825,2.75,2.7200000286102295,2.7300000190734863,277166,0.0,0.0
2023-07-13 11:30:00-04:00,2.7300000190734863,2.75,2.7249999046325684,2.744999885559082,228302,0.0,0.0
2023-07-13 12:30:00-04:00,2.75,2.759999990463257,2.740000009536743,2.740000009536743,364968,0.0,0.0
2023-07-13 13:30:00-04:00,2.744999885559082,2.759999990463257,2.740000009536743,2.759999990463257,192820,0.0,0.0
2023-07-13 14:30:00-04:00,2.75,2.759999990463257,2.740000009536743,2.75,487937,0.0,0.0
2023-07-13 15:30:00-04:00,2.740000009536743,2.7699999809265137,2.740000009536743,2.759999990463257,458690,0.0,0.0
2023-07-14 09:30:00-04:00,2.759999990463257,2.759999990463257,2.7300000190734863,2.740000009536743,315135,0.0,0.0
2023-07-14 10:30:00-04:00,2.734999895095825,2.740000009536743,2.7100000381469727,2.734999895095825,189610,0.0,0.0
2023-07-14 11:30:00-04:00,2.740000009536743,2.740000009536743,2.7100000381469727,2.7149999141693115,203554,0.0,0.0
2023-07-14 12:30:00-04:00,2.7149999141693115,2.7200000286102295,2.7100000381469727,2.7200000286102295,72847,0.0,0.0
2023-07-14 13:30:00-04:00,2.7200000286102295,2.7300000190734863,2.714900016784668,2.7300000190734863,467277,0.0,0.0
2023-07-14 14:30:00-04:00,2.7300000190734863,2.740000009536743,2.7200000286102295,2.7249999046325684,274444,0.0,0.0
2023-07-14 15:30:00-04:00,2.7249999046325684,2.7399001121520996,2.7200000286102295,2.7300000190734863,502395,0.0,0.0
2023-07-17 09:30:00-04:00,2.690000057220459,2.697499990463257,2.634999990463257,2.674999952316284,447572,0.0,0.0
2023-07-17 10:30:00-04:00,2.6700000762939453,2.690000057220459,2.6649999618530273,2.680000066757202,238985,0.0,0.0
2023-07-17 11:30:00-04:00,2.6833999156951904,2.7100000381469727,2.680000066757202,2.70989990234375,115881,0.0,0.0
2023-07-17 12:30:00-04:00,2.7100000381469727,2.7200000286102295,2.7021000385284424,2.7149999141693115,149139,0.0,0.0
2023-07-17 13:30:00-04:00,2.7200000286102295,2.740000009536743,2.7149999141693115,2.740000009536743,94466,0.0,0.0
2023-07-17 14:30:00-04:00,2.7399001121520996,2.740000009536743,2.7149999141693115,2.7300000190734863,391649,0.0,0.0
2023-07-17 15:30:00-04:00,2.7200000286102295,2.737499952316284,2.7118000984191895,2.7300000190734863,348709,0.0,0.0
2023-07-18 09:30:00-04:00,2.700000047683716,2.755000114440918,2.690000057220459,2.7249999046325684,402111,0.0,0.0
2023-07-18 10:30:00-04:00,2.7300000190734863,2.737799882888794,2.7100000381469727,2.7100000381469727,220318,0.0,0.0
2023-07-18 11:30:00-04:00,2.7100000381469727,2.7200000286102295,2.7100000381469727,2.7100000381469727,35631,0.0,0.0
2023-07-18 12:30:00-04:00,2.7100000381469727,2.7174999713897705,2.684999942779541,2.694999933242798,180915,0.0,0.0
2023-07-18 13:30:00-04:00,2.694999933242798,2.70989990234375,2.690000057220459,2.694999933242798,237518,0.0,0.0
2023-07-18 14:30:00-04:00,2.694999933242798,2.7100000381469727,2.690000057220459,2.7100000381469727,273063,0.0,0.0
2023-07-18 15:30:00-04:00,2.7100000381469727,2.7300000190734863,2.7049999237060547,2.7149999141693115,773261,0.0,0.0
2023-07-19 09:30:00-04:00,2.7100000381469727,2.7200000286102295,2.6700000762939453,2.6700000762939453,345711,0.0,0.0
2023-07-19 10:30:00-04:00,2.674999952316284,2.680000066757202,2.6500000953674316,2.659899950027466,354231,0.0,0.0
2023-07-19 11:30:00-04:00,2.6600000858306885,2.6700000762939453,2.640000104904175,2.6500000953674316,329273,0.0,0.0
2023-07-19 12:30:00-04:00,2.6500000953674316,2.6600000858306885,2.640000104904175,2.6500000953674316,190661,0.0,0.0
2023-07-19 13:30:00-04:00,2.6549999713897705,2.680000066757202,2.6549999713897705,2.668600082397461,275648,0.0,0.0
2023-07-19 14:30:00-04:00,2.6649999618530273,2.680000066757202,2.6649999618530273,2.674999952316284,125357,0.0,0.0
2023-07-19 15:30:00-04:00,2.674999952316284,2.680000066757202,2.6700000762939453,2.6700000762939453,79961,0.0,0.0
2023-07-20 09:30:00-04:00,2.7100000381469727,2.7699999809265137,2.7100000381469727,2.718899965286255,384223,0.0,0.0
2023-07-20 10:30:00-04:00,2.7149999141693115,2.75,2.7100000381469727,2.7295000553131104,535988,0.0,0.0
2023-07-20 11:30:00-04:00,2.7300000190734863,2.7300000190734863,2.7100000381469727,2.7149999141693115,403190,0.0,0.0
2023-07-20 12:30:00-04:00,2.7149999141693115,2.7149999141693115,2.692500114440918,2.700000047683716,298972,0.0,0.0
2023-07-20 13:30:00-04:00,2.7049999237060547,2.7100000381469727,2.690000057220459,2.694999933242798,226103,0.0,0.0
2023-07-20 14:30:00-04:00,2.690000057220459,2.70989990234375,2.680000066757202,2.694999933242798,205352,0.0,0.0
2023-07-20 15:30:00-04:00,2.694999933242798,2.700000047683716,2.690000057220459,2.690000057220459,225856,0.0,0.0
2023-07-21 09:30:00-04:00,2.690000057220459,2.7249999046325684,2.6700000762939453,2.71370005607605,505986,0.0,0.0
2023-07-21 10:30:00-04:00,2.7200000286102295,2.7300000190734863,2.7049999237060547,2.7149999141693115,361300,0.0,0.0
2023-07-21 11:30:00-04:00,2.7149999141693115,2.7200000286102295,2.700000047683716,2.7149999141693115,246133,0.0,0.0
2023-07-21 12:30:00-04:00,2.7149999141693115,2.7200000286102295,2.7049999237060547,2.7200000286102295,182889,0.0,0.0
2023-07-21 13:30:00-04:00,2.7149999141693115,2.7249999046325684,2.7100000381469727,2.7200000286102295,342347,0.0,0.0
2023-07-21 14:30:00-04:00,2.7200000286102295,2.7249999046325684,2.690000057220459,2.700000047683716,192245,0.0,0.0
2023-07-21 15:30:00-04:00,2.700000047683716,2.7100000381469727,2.690000057220459,2.690000057220459,368766,0.0,0.0
2023-07-24 09:30:00-04:00,2.700000047683716,2.734999895095825,2.680000066757202,2.7149999141693115,460042,0.0,0.0
2023-07-24 10:30:00-04:00,2.7100000381469727,2.805000066757202,2.7100000381469727,2.7850000858306885,639517,0.0,0.0
2023-07-24 11:30:00-04:00,2.7850000858306885,2.809999942779541,2.7799999713897705,2.7850000858306885,313082,0.0,0.0
2023-07-24 12:30:00-04:00,2.7850000858306885,2.7999000549316406,2.7799999713897705,2.7899999618530273,381479,0.0,0.0
2023-07-24 13:30:00-04:00,2.7850000858306885,2.8080999851226807,2.7850000858306885,2.805000066757202,272508,0.0,0.0
2023-07-24 14:30:00-04:00,2.805000066757202,2.805000066757202,2.7899999618530273,2.7899999618530273,269769,0.0,0.0
2023-07-24 15:30:00-04:00,2.7899999618530273,2.799999952316284,2.780100107192993,2.7950000762939453,180106,0.0,0.0
2023-07-25 09:30:00-04:00,2.930000066757202,2.990000009536743,2.920099973678589,2.9649999141693115,899654,0.0,0.0
2023-07-25 10:30:00-04:00,2.9600000381469727,2.9700000286102295,2.930000066757202,2.944999933242798,1058132,0.0,0.0
2023-07-25 11:30:00-04:00,2.944999933242798,2.9600000381469727,2.930000066757202,2.9549999237060547,451943,0.0,0.0
2023-07-25 12:30:00-04:00,2.9549999237060547,2.9600000381469727,2.940000057220459,2.949899911880493,382307,0.0,0.0
2023-07-25 13:30:00-04:00,2.944999933242798,2.9549999237060547,2.930000066757202,2.934999942779541,235418,0.0,0.0
2023-07-25 14:30:00-04:00,2.934999942779541,2.940000057220459,2.9200000762939453,2.930000066757202,669030,0.0,0.0
2023-07-25 15:30:00-04:00,2.930000066757202,2.940000057220459,2.9200000762939453,2.9200000762939453,573158,0.0,0.0
2023-07-26 09:30:00-04:00,2.9700000286102295,3.0,2.9200000762939453,2.930000066757202,1149066,0.0,0.0
2023-07-26 10:30:00-04:00,2.940000057220459,2.940000057220459,2.9200000762939453,2.924999952316284,456472,0.0,0.0
2023-07-26 11:30:00-04:00,2.9217000007629395,2.950000047683716,2.9200000762939453,2.940000057220459,439281,0.0,0.0
2023-07-26 12:30:00-04:00,2.947499990463257,2.9507999420166016,2.930000066757202,2.934999942779541,293798,0.0,0.0
2023-07-26 13:30:00-04:00,2.934999942779541,2.950000047683716,2.930000066757202,2.944999933242798,372340,0.0,0.0
2023-07-26 14:30:00-04:00,2.950000047683716,2.9981000423431396,2.944999933242798,2.9600000381469727,881145,0.0,0.0
2023-07-26 15:30:00-04:00,2.9600000381469727,2.9800000190734863,2.9600000381469727,2.9700000286102295,454983,0.0,0.0
2023-07-27 09:30:00-04:00,2.940000057220459,2.950000047683716,2.9100000858306885,2.934999942779541,483368,0.0,0.0
2023-07-27 10:30:00-04:00,2.93179988861084,2.9700000286102295,2.930000066757202,2.9549999237060547,259650,0.0,0.0
2023-07-27 11:30:00-04:00,2.9549999237060547,2.9600000381469727,2.940000057220459,2.944999933242798,1067343,0.0,0.0
2023-07-27 12:30:00-04:00,2.944999933242798,2.9549999237060547,2.940000057220459,2.940000057220459,305217,0.0,0.0
2023-07-27 13:30:00-04:00,2.944999933242798,2.950000047683716,2.9200000762939453,2.924999952316284,243969,0.0,0.0
2023-07-27 14:30:00-04:00,2.9200000762939453,2.9200000762939453,2.9100000858306885,2.9100000858306885,231717,0.0,0.0
2023-07-27 15:30:00-04:00,2.9100000858306885,2.9200000762939453,2.890000104904175,2.890000104904175,502980,0.0,0.0
2023-07-28 09:30:00-04:00,2.869999885559082,2.880000114440918,2.8450000286102295,2.859999895095825,331366,0.0,0.0
2023-07-28 10:30:00-04:00,2.8550000190734863,2.867500066757202,2.8499999046325684,2.859999895095825,103688,0.0,0.0
2023-07-28 11:30:00-04:00,2.859999895095825,2.869999885559082,2.8550000190734863,2.867500066757202,76047,0.0,0.0
2023-07-28 12:30:00-04:00,2.869999885559082,2.869999885559082,2.8499999046325684,2.8499999046325684,154554,0.0,0.0
2023-07-28 13:30:00-04:00,2.8499999046325684,2.859999895095825,2.8450000286102295,2.8550000190734863,93649,0.0,0.0
2023-07-28 14:30:00-04:00,2.8499999046325684,2.859999895095825,2.8424999713897705,2.8550000190734863,74933,0.0,0.0
2023-07-28 15:30:00-04:00,2.8550000190734863,2.859999895095825,2.8499999046325684,2.859999895095825,224484,0.0,0.0
2023-07-31 09:30:00-04:00,2.880000114440918,2.948699951171875,2.880000114440918,2.934999942779541,334512,0.0,0.0
2023-07-31 10:30:00-04:00,2.940000057220459,2.950000047683716,2.930000066757202,2.944999933242798,200366,0.0,0.0
2023-07-31 11:30:00-04:00,2.950000047683716,2.950000047683716,2.940000057220459,2.940000057220459,58893,0.0,0.0
2023-07-31 12:30:00-04:00,2.944999933242798,2.950000047683716,2.934999942779541,2.944999933242798,118750,0.0,0.0
2023-07-31 13:30:00-04:00,2.940000057220459,2.950000047683716,2.940000057220459,2.944999933242798,44759,0.0,0.0
2023-07-31 14:30:00-04:00,2.940000057220459,2.944999933242798,2.940000057220459,2.9400999546051025,74549,0.0,0.0
2023-07-31 15:30:00-04:00,2.944999933242798,2.950000047683716,2.934999942779541,2.940000057220459,151850,0.0,0.0
2023-08-01 09:30:00-04:00,2.9000000953674316,2.930000066757202,2.859999895095825,2.9149999618530273,600527,0.0,0.0
2023-08-01 10:30:00-04:00,2.9149999618530273,2.9200000762939453,2.880000114440918,2.880000114440918,244634,0.0,0.0
2023-08-01 11:30:00-04:00,2.880000114440918,2.890000104904175,2.8691999912261963,2.869999885559082,138812,0.0,0.0
2023-08-01 12:30:00-04:00,2.875,2.880000114440918,2.869999885559082,2.875,83310,0.0,0.0
2023-08-01 13:30:00-04:00,2.875,2.890000104904175,2.869999885559082,2.869999885559082,62207,0.0,0.0
2023-08-01 14:30:00-04:00,2.869999885559082,2.880000114440918,2.869999885559082,2.880000114440918,35015,0.0,0.0
2023-08-01 15:30:00-04:00,2.875,2.884999990463257,2.869999885559082,2.875,529228,0.0,0.0
2023-08-02 09:30:00-04:00,2.8399999141693115,2.8499999046325684,2.7699999809265137,2.7750000953674316,1316376,0.0,0.0
2023-08-02 10:30:00-04:00,2.7750000953674316,2.7799999713897705,2.740000009536743,2.765000104904175,618785,0.0,0.0
2023-08-02 11:30:00-04:00,2.765000104904175,2.765000104904175,2.75,2.755000114440918,402449,0.0,0.0
2023-08-02 12:30:00-04:00,2.755000114440918,2.799999952316284,2.75,2.7799999713897705,587685,0.0,0.0
2023-08-02 13:30:00-04:00,2.7850000858306885,2.7899999618530273,2.7799999713897705,2.7799999713897705,324605,0.0,0.0
2023-08-02 14:30:00-04:00,2.780100107192993,2.7899999618530273,2.7699999809265137,2.7850000858306885,585165,0.0,0.0
2023-08-02 15:30:00-04:00,2.7850000858306885,2.7899999618530273,2.759999990463257,2.765000104904175,438316,0.0,0.0
2023-08-03 09:30:00-04:00,2.740000009536743,2.759999990463257,2.630000114440918,2.640000104904175,1761170,0.0,0.0
2023-08-03 10:30:00-04:00,2.6500000953674316,2.680000066757202,2.6449999809265137,2.674999952316284,534039,0.0,0.0
2023-08-03 11:30:00-04:00,2.680000066757202,2.700000047683716,2.6700000762939453,2.674999952316284,690669,0.0,0.0
2023-08-03 12:30:00-04:00,2.674999952316284,2.694999933242798,2.672499895095825,2.684999942779541,429235,0.0,0.0
2023-08-03 13:30:00-04:00,2.680000066757202,2.699700117111206,2.6700000762939453,2.684999942779541,361799,0.0,0.0
2023-08-03 14:30:00-04:00,2.684999942779541,2.690000057220459,2.6700000762939453,2.674999952316284,555529,0.0,0.0
2023-08-03 15:30:00-04:00,2.674999952316284,2.680000066757202,2.6500000953674316,2.6549999713897705,609792,0.0,0.0
2023-08-04 09:30:00-04:00,2.700000047683716,2.7200000286102295,2.6700000762939453,2.7049999237060547,716361,0.0,0.0
2023-08-04 10:30:00-04:00,2.7100000381469727,2.7100000381469727,2.690000057220459,2.7049999237060547,188551,0.0,0.0
2023-08-04 11:30:00-04:00,2.700000047683716,2.7100000381469727,2.690000057220459,2.7049999237060547,215295,0.0,0.0
2023-08-04 12:30:00-04:00,2.700000047683716,2.7100000381469727,2.690000057220459,2.700000047683716,204286,0.0,0.0
2023-08-04 13:30:00-04:00,2.7000999450683594,2.7049999237060547,2.6600000858306885,2.6600000858306885,151330,0.0,0.0
2023-08-04 14:30:00-04:00,2.662400007247925,2.6700000762939453,2.640000104904175,2.6500000953674316,335410,0.0,0.0
2023-08-04 15:30:00-04:00,2.6500000953674316,2.6600000858306885,2.640000104904175,2.6500000953674316,716072,0.0,0.0
2023-08-07 09:30:00-04:00,2.630000114440918,2.640000104904175,2.5999999046325684,2.615000009536743,896089,0.0,0.0
2023-08-07 10:30:00-04:00,2.615000009536743,2.634999990463257,2.609999895095825,2.625,240489,0.0,0.0
2023-08-07 11:30:00-04:00,2.625,2.625,2.5999999046325684,2.6050000190734863,356623,0.0,0.0
2023-08-07 12:30:00-04:00,2.6050000190734863,2.619999885559082,2.5999999046325684,2.6198999881744385,117656,0.0,0.0
2023-08-07 13:30:00-04:00,2.615000009536743,2.6298999786376953,2.609999895095825,2.619999885559082,194592,0.0,0.0
2023-08-07 14:30:00-04:00,2.625,2.630000114440918,2.609999895095825,2.615000009536743,234102,0.0,0.0
2023-08-07 15:30:00-04:00,2.615000009536743,2.619999885559082,2.609999895095825,2.609999895095825,126804,0.0,0.0
2023-08-08 09:30:00-04:00,2.559999942779541,2.559999942779541,2.5199999809265137,2.549999952316284,1096975,0.0,0.0
2023-08-08 10:30:00-04:00,2.5450000762939453,2.559999942779541,2.5299999713897705,2.555000066757202,233879,0.0,0.0
2023-08-08 11:30:00-04:00,2.5518999099731445,2.5673999786376953,2.549999952316284,2.555000066757202,310359,0.0,0.0
2023-08-08 12:30:00-04:00,2.555000066757202,2.5850000381469727,2.549999952316284,2.5850000381469727,240572,0.0,0.0
2023-08-08 13:30:00-04:00,2.5899999141693115,2.5950000286102295,2.5799999237060547,2.5799999237060547,175924,0.0,0.0
2023-08-08 14:30:00-04:00,2.5850000381469727,2.5999999046325684,2.569999933242798,2.5950000286102295,274574,0.0,0.0
2023-08-08 15:30:00-04:00,2.5950000286102295,2.5999999046325684,2.5799999237060547,2.5799999237060547,242300,0.0,0.0
2023-08-09 09:30:00-04:00,2.5899999141693115,2.5899999141693115,2.549999952316284,2.557800054550171,358442,0.0,0.0
2023-08-09 10:30:00-04:00,2.5583999156951904,2.559999942779541,2.5399999618530273,2.5480000972747803,292378,0.0,0.0
2023-08-09 11:30:00-04:00,2.5450000762939453,2.559999942779541,2.5399999618530273,2.5492000579833984,337651,0.0,0.0
2023-08-09 12:30:00-04:00,2.5450000762939453,2.549999952316284,2.5350000858306885,2.5399999618530273,215969,0.0,0.0
2023-08-09 13:30:00-04:00,2.5399999618530273,2.5464999675750732,2.5299999713897705,2.5350000858306885,230316,0.0,0.0
2023-08-09 14:30:00-04:00,2.5399999618530273,2.547499895095825,2.5299999713897705,2.5350000858306885,140312,0.0,0.0
2023-08-09 15:30:00-04:00,2.5399999618530273,2.5399999618530273,2.5299999713897705,2.5350000858306885,201061,0.0,0.0
2023-08-10 09:30:00-04:00,2.5899999141693115,2.5999999046325684,2.569999933242798,2.5850000381469727,461998,0.0,0.0
2023-08-10 10:30:00-04:00,2.5899999141693115,2.5899999141693115,2.559999942779541,2.5701000690460205,230771,0.0,0.0
2023-08-10 11:30:00-04:00,2.5799999237060547,2.5899999141693115,2.555000066757202,2.555000066757202,670015,0.0,0.0
2023-08-10 12:30:00-04:00,2.559999942779541,2.569999933242798,2.555000066757202,2.569999933242798,200448,0.0,0.0
2023-08-10 13:30:00-04:00,2.569999933242798,2.569999933242798,2.5399999618530273,2.5450000762939453,478107,0.0,0.0
2023-08-10 14:30:00-04:00,2.541800022125244,2.549999952316284,2.5399999618530273,2.5399999618530273,112960,0.0,0.0
2023-08-10 15:30:00-04:00,2.547499895095825,2.547499895095825,2.5299999713897705,2.5299999713897705,758955,0.0,0.0
2023-08-11 09:30:00-04:00,2.5299999713897705,2.549999952316284,2.5250000953674316,2.5299999713897705,221879,0.0,0.0
2023-08-11 10:30:00-04:00,2.5350000858306885,2.549999952316284,2.5199999809265137,2.5199999809265137,212537,0.0,0.0
2023-08-11 11:30:00-04:00,2.5199999809265137,2.5350000858306885,2.509999990463257,2.5250000953674316,516528,0.0,0.0
2023-08-11 12:30:00-04:00,2.5250000953674316,2.5250000953674316,2.5,2.5,460164,0.0,0.0
2023-08-11 13:30:00-04:00,2.508500099182129,2.509999990463257,2.490000009536743,2.5,677963,0.0,0.0
2023-08-11 14:30:00-04:00,2.5,2.5199999809265137,2.5,2.5,512673,0.0,0.0
2023-08-11 15:30:00-04:00,2.505000114440918,2.516200065612793,2.5,2.500999927520752,777502,0.0,0.0
2023-08-14 09:30:00-04:00,2.5,2.5,2.450000047683716,2.4649999141693115,613291,0.0,0.0
2023-08-14 10:30:00-04:00,2.460099935531616,2.4749999046325684,2.4600000381469727,2.4749999046325684,110858,0.0,0.0
2023-08-14 11:30:00-04:00,2.4749999046325684,2.490000009536743,2.4700000286102295,2.4749999046325684,199461,0.0,0.0
2023-08-14 12:30:00-04:00,2.47160005569458,2.490000009536743,2.47160005569458,2.4800000190734863,79965,0.0,0.0
2023-08-14 13:30:00-04:00,2.484999895095825,2.489799976348877,2.4600000381469727,2.4649999141693115,94161,0.0,0.0
2023-08-14 14:30:00-04:00,2.4600000381469727,2.4700000286102295,2.450000047683716,2.45989990234375,313089,0.0,0.0
2023-08-14 15:30:00-04:00,2.4549999237060547,2.4600000381469727,2.450000047683716,2.450000047683716,178198,0.0,0.0
2023-08-15 09:30:00-04:00,2.450000047683716,2.4600000381469727,2.424999952316284,2.434999942779541,531695,0.0,0.0
2023-08-15 10:30:00-04:00,2.434999942779541,2.440000057220459,2.424999952316284,2.440000057220459,237874,0.0,0.0
2023-08-15 11:30:00-04:00,2.440000057220459,2.450000047683716,2.430000066757202,2.430000066757202,188729,0.0,0.0
2023-08-15 12:30:00-04:00,2.430000066757202,2.440000057220459,2.4200000762939453,2.4289000034332275,87978,0.0,0.0
2023-08-15 13:30:00-04:00,2.430000066757202,2.4379000663757324,2.4200000762939453,2.430000066757202,272234,0.0,0.0
2023-08-15 14:30:00-04:00,2.430000066757202,2.440000057220459,2.4200000762939453,2.424999952316284,155159,0.0,0.0
2023-08-15 15:30:00-04:00,2.4200000762939453,2.420099973678589,2.4100000858306885,2.4175000190734863,441893,0.0,0.0
2023-08-16 09:30:00-04:00,2.430000066757202,2.450000047683716,2.4200000762939453,2.444999933242798,180229,0.0,0.0
2023-08-16 10:30:00-04:00,2.444999933242798,2.459700107574463,2.440000057220459,2.450000047683716,347126,0.0,0.0
2023-08-16 11:30:00-04:00,2.4574999809265137,2.45989990234375,2.4221999645233154,2.4293999671936035,337706,0.0,0.0
2023-08-16 12:30:00-04:00,2.424999952316284,2.434999942779541,2.4200000762939453,2.424999952316284,101204,0.0,0.0
2023-08-16 13:30:00-04:00,2.4200000762939453,2.430000066757202,2.4100000858306885,2.4279000759124756,118373,0.0,0.0
2023-08-16 14:30:00-04:00,2.424999952316284,2.430000066757202,2.4100000858306885,2.4149999618530273,197224,0.0,0.0
2023-08-16 15:30:00-04:00,2.4149999618530273,2.430000066757202,2.4100000858306885,2.4200000762939453,750576,0.0,0.0
2023-08-17 09:30:00-04:00,2.450000047683716,2.4700000286102295,2.4200000762939453,2.430000066757202,321885,0.0,0.0
2023-08-17 10:30:00-04:00,2.434999942779541,2.440000057220459,2.4200000762939453,2.4217000007629395,335368,0.0,0.0
2023-08-17 11:30:00-04:00,2.424999952316284,2.450000047683716,2.424299955368042,2.450000047683716,388112,0.0,0.0
2023-08-17 12:30:00-04:00,2.444999933242798,2.4600000381469727,2.430000066757202,2.434999942779541,218755,0.0,0.0
2023-08-17 13:30:00-04:00,2.434999942779541,2.434999942779541,2.4000000953674316,2.4100000858306885,291269,0.0,0.0
2023-08-17 14:30:00-04:00,2.4084999561309814,2.4100000858306885,2.4000000953674316,2.4000000953674316,262483,0.0,0.0
2023-08-17 15:30:00-04:00,2.4000000953674316,2.4100000858306885,2.4000000953674316,2.4000000953674316,285885,0.0,0.0
2023-08-18 09:30:00-04:00,2.390000104904175,2.450000047683716,2.390000104904175,2.440700054168701,501284,0.0,0.0
2023-08-18 10:30:00-04:00,2.444999933242798,2.4600000381469727,2.434999942779541,2.4600000381469727,397916,0.0,0.0
2023-08-18 11:30:00-04:00,2.4600000381469727,2.4600000381469727,2.440000057220459,2.4600000381469727,158220,0.0,0.0
2023-08-18 12:30:00-04:00,2.450000047683716,2.4600000381469727,2.440000057220459,2.450000047683716,171445,0.0,0.0
2023-08-18 13:30:00-04:00,2.4477999210357666,2.4498000144958496,2.434999942779541,2.4398999214172363,111590,0.0,0.0
2023-08-18 14:30:00-04:00,2.434999942779541,2.440000057220459,2.4200000762939453,2.4200000762939453,63986,0.0,0.0
2023-08-18 15:30:00-04:00,2.4200000762939453,2.440000057220459,2.4200000762939453,2.434999942779541,300477,0.0,0.0
2023-08-21 09:30:00-04:00,2.4100000858306885,2.434999942779541,2.4049999713897705,2.4089999198913574,213645,0.0,0.0
2023-08-21 10:30:00-04:00,2.4049999713897705,2.430000066757202,2.4042999744415283,2.4200000762939453,131121,0.0,0.0
2023-08-21 11:30:00-04:00,2.4200000762939453,2.4200000762939453,2.4000000953674316,2.4100000858306885,184521,0.0,0.0
2023-08-21 12:30:00-04:00,2.4100000858306885,2.4100000858306885,2.3919999599456787,2.4100000858306885,199999,0.0,0.0
2023-08-21 13:30:00-04:00,2.4100000858306885,2.4100000858306885,2.4000000953674316,2.4049999713897705,70864,0.0,0.0
2023-08-21 14:30:00-04:00,2.4049999713897705,2.4198999404907227,2.4000000953674316,2.411600112915039,101643,0.0,0.0
2023-08-21 15:30:00-04:00,2.4149999618530273,2.4200000762939453,2.4100000858306885,2.4200000762939453,262401,0.0,0.0
2023-08-22 09:30:00-04:00,2.450000047683716,2.475399971008301,2.440000057220459,2.4493000507354736,192991,0.0,0.0
2023-08-22 10:30:00-04:00,2.450000047683716,2.4700000286102295,2.444999933242798,2.4600000381469727,181073,0.0,0.0
2023-08-22 11:30:00-04:00,2.4600000381469727,2.4600000381469727,2.450000047683716,2.450000047683716,51987,0.0,0.0
2023-08-22 12:30:00-04:00,2.450000047683716,2.4549999237060547,2.440000057220459,2.444999933242798,66194,0.0,0.0
2023-08-22 13:30:00-04:00,2.450000047683716,2.4600000381469727,2.444999933242798,2.4600000381469727,114578,0.0,0.0
2023-08-22 14:30:00-04:00,2.4549999237060547,2.4700000286102295,2.450000047683716,2.4600000381469727,106455,0.0,0.0
2023-08-22 15:30:00-04:00,2.4600000381469727,2.4649999141693115,2.4600000381469727,2.4600000381469727,208537,0.0,0.0
2023-08-23 09:30:00-04:00,2.4600000381469727,2.4800000190734863,2.440000057220459,2.4800000190734863,485881,0.0,0.0
2023-08-23 10:30:00-04:00,2.4800000190734863,2.499799966812134,2.4749999046325684,2.484999895095825,277480,0.0,0.0
2023-08-23 11:30:00-04:00,2.484999895095825,2.515000104904175,2.4814999103546143,2.515000104904175,185975,0.0,0.0
2023-08-23 12:30:00-04:00,2.515000104904175,2.5199999809265137,2.509999990463257,2.510200023651123,131671,0.0,0.0
2023-08-23 13:30:00-04:00,2.509999990463257,2.5199999809265137,2.5,2.5,101173,0.0,0.0
2023-08-23 14:30:00-04:00,2.5,2.5085999965667725,2.5,2.5,33423,0.0,0.0
2023-08-23 15:30:00-04:00,2.5,2.509999990463257,2.5,2.5,63700,0.0,0.0
2023-08-24 09:30:00-04:00,2.430000066757202,2.4600000381469727,2.4200000762939453,2.440000057220459,212595,0.0,0.0
2023-08-24 10:30:00-04:00,2.440000057220459,2.450000047683716,2.4200000762939453,2.424999952316284,136790,0.0,0.0
2023-08-24 11:30:00-04:00,2.430000066757202,2.440000057220459,2.4200000762939453,2.430000066757202,120375,0.0,0.0
2023-08-24 12:30:00-04:00,2.430000066757202,2.430000066757202,2.4200000762939453,2.424999952316284,432035,0.0,0.0
2023-08-24 13:30:00-04:00,2.4200000762939453,2.430000066757202,2.4200000762939453,2.430000066757202,53575,0.0,0.0
2023-08-24 14:30:00-04:00,2.424999952316284,2.434999942779541,2.4200000762939453,2.434999942779541,119636,0.0,0.0
2023-08-24 15:30:00-04:00,2.4300999641418457,2.4398999214172363,2.4200000762939453,2.424999952316284,251163,0.0,0.0
2023-08-25 09:30:00-04:00,2.430000066757202,2.444999933242798,2.4100000858306885,2.4124999046325684,379997,0.0,0.0
2023-08-25 10:30:00-04:00,2.4100000858306885,2.4200000762939453,2.390000104904175,2.4149999618530273,245499,0.0,0.0
2023-08-25 11:30:00-04:00,2.4100000858306885,2.4149999618530273,2.390000104904175,2.4102001190185547,372415,0.0,0.0
2023-08-25 12:30:00-04:00,2.4149999618530273,2.4200000762939453,2.4000000953674316,2.4100000858306885,108178,0.0,0.0
2023-08-25 13:30:00-04:00,2.4000000953674316,2.4298999309539795,2.4000000953674316,2.4200000762939453,233058,0.0,0.0
2023-08-25 14:30:00-04:00,2.4200000762939453,2.430000066757202,2.4100000858306885,2.424999952316284,205229,0.0,0.0
2023-08-25 15:30:00-04:00,2.4200000762939453,2.430000066757202,2.4100000858306885,2.4149999618530273,207592,0.0,0.0
2023-08-28 09:30:00-04:00,2.4200000762939453,2.4549999237060547,2.4149999618530273,2.440000057220459,252832,0.0,0.0
2023-08-28 10:30:00-04:00,2.449899911880493,2.45989990234375,2.434999942779541,2.4500999450683594,305786,0.0,0.0
2023-08-28 11:30:00-04:00,2.450000047683716,2.4600000381469727,2.450000047683716,2.4549999237060547,85909,0.0,0.0
2023-08-28 12:30:00-04:00,2.4549999237060547,2.4600000381469727,2.434999942779541,2.440000057220459,321537,0.0,0.0
2023-08-28 13:30:00-04:00,2.440000057220459,2.440000057220459,2.4049999713897705,2.434999942779541,546265,0.0,0.0
2023-08-28 14:30:00-04:00,2.434999942779541,2.449899911880493,2.430000066757202,2.440000057220459,334158,0.0,0.0
2023-08-28 15:30:00-04:00,2.440000057220459,2.444999933242798,2.430000066757202,2.430000066757202,310308,0.0,0.0
2023-08-29 09:30:00-04:00,2.430000066757202,2.4800000190734863,2.4200000762939453,2.47160005569458,402228,0.0,0.0
2023-08-29 10:30:00-04:00,2.4749999046325684,2.490000009536743,2.4700000286102295,2.4825000762939453,146448,0.0,0.0
2023-08-29 11:30:00-04:00,2.484999895095825,2.5,2.4800000190734863,2.4800000190734863,147033,0.0,0.0
2023-08-29 12:30:00-04:00,2.4800000190734863,2.5,2.4800000190734863,2.494999885559082,253422,0.0,0.0
2023-08-29 13:30:00-04:00,2.490000009536743,2.5,2.4800000190734863,2.484999895095825,146119,0.0,0.0
2023-08-29 14:30:00-04:00,2.4825000762939453,2.5,2.4825000762939453,2.494999885559082,128838,0.0,0.0
2023-08-29 15:30:00-04:00,2.494999885559082,2.509999990463257,2.490000009536743,2.494999885559082,426440,0.0,0.0
2023-08-30 09:30:00-04:00,2.509999990463257,2.529900074005127,2.490000009536743,2.494999885559082,243048,0.0,0.0
2023-08-30 10:30:00-04:00,2.5,2.509999990463257,2.484999895095825,2.505000114440918,323403,0.0,0.0
2023-08-30 11:30:00-04:00,2.5,2.5199999809265137,2.5,2.5199999809265137,140292,0.0,0.0
2023-08-30 12:30:00-04:00,2.5199999809265137,2.5399999618530273,2.515000104904175,2.5350000858306885,464305,0.0,0.0
2023-08-30 13:30:00-04:00,2.5299999713897705,2.5399999618530273,2.505000114440918,2.509999990463257,290775,0.0,0.0
2023-08-30 14:30:00-04:00,2.509200096130371,2.5199999809265137,2.505000114440918,2.515000104904175,70821,0.0,0.0
2023-08-30 15:30:00-04:00,2.515000104904175,2.5174999237060547,2.5,2.509999990463257,285710,0.0,0.0
2023-08-31 09:30:00-04:00,2.4800000190734863,2.490000009536743,2.440000057220459,2.449199914932251,415837,0.0,0.0
2023-08-31 10:30:00-04:00,2.449899911880493,2.4800000190734863,2.440000057220459,2.4700000286102295,412653,0.0,0.0
2023-08-31 11:30:00-04:00,2.4700000286102295,2.4749999046325684,2.450000047683716,2.450000047683716,432867,0.0,0.0
2023-08-31 12:30:00-04:00,2.450000047683716,2.4700000286102295,2.444999933242798,2.4679999351501465,176416,0.0,0.0
2023-08-31 13:30:00-04:00,2.4649999141693115,2.4700000286102295,2.450000047683716,2.4700000286102295,114228,0.0,0.0
2023-08-31 14:30:00-04:00,2.4600000381469727,2.4674999713897705,2.440000057220459,2.444999933242798,70257,0.0,0.0
2023-08-31 15:30:00-04:00,2.450000047683716,2.450000047683716,2.430000066757202,2.434999942779541,211725,0.0,0.0
2023-09-01 09:30:00-04:00,2.509999990463257,2.5399999618530273,2.484999895095825,2.490000009536743,433724,0.0,0.0
2023-09-01 10:30:00-04:00,2.484999895095825,2.484999895095825,2.4700000286102295,2.4700000286102295,124335,0.0,0.0
2023-09-01 11:30:00-04:00,2.4749999046325684,2.4800000190734863,2.4700000286102295,2.4749999046325684,51239,0.0,0.0
2023-09-01 12:30:00-04:00,2.4800000190734863,2.4800000190734863,2.4700000286102295,2.4800000190734863,120331,0.0,0.0
2023-09-01 13:30:00-04:00,2.4800000190734863,2.490000009536743,2.4725000858306885,2.484999895095825,69622,0.0,0.0
2023-09-01 14:30:00-04:00,2.484999895095825,2.5,2.4800000190734863,2.494999885559082,196733,0.0,0.0
2023-09-01 15:30:00-04:00,2.494999885559082,2.505000114440918,2.490000009536743,2.5,453406,0.0,0.0
2023-09-05 09:30:00-04:00,2.490000009536743,2.509999990463257,2.4749999046325684,2.490000009536743,404092,0.0,0.0
2023-09-05 10:30:00-04:00,2.490000009536743,2.5,2.4800000190734863,2.494999885559082,169480,0.0,0.0
2023-09-05 11:30:00-04:00,2.494999885559082,2.5,2.48009991645813,2.498500108718872,221047,0.0,0.0
2023-09-05 12:30:00-04:00,2.490000009536743,2.499000072479248,2.4749999046325684,2.484999895095825,540177,0.0,0.0
2023-09-05 13:30:00-04:00,2.4800000190734863,2.490000009536743,2.4800000190734863,2.490000009536743,70773,0.0,0.0
2023-09-05 14:30:00-04:00,2.490000009536743,2.490000009536743,2.4700000286102295,2.4749999046325684,75294,0.0,0.0
2023-09-05 15:30:00-04:00,2.4700000286102295,2.4800000190734863,2.4600000381469727,2.4600000381469727,251837,0.0,0.0
2023-09-06 09:30:00-04:00,2.4700000286102295,2.5081000328063965,2.4649999141693115,2.469899892807007,670672,0.0,0.0
2023-09-06 10:30:00-04:00,2.4619998931884766,2.4700000286102295,2.430000066757202,2.434999942779541,306444,0.0,0.0
2023-09-06 11:30:00-04:00,2.440000057220459,2.440000057220459,2.4200000762939453,2.4200000762939453,100821,0.0,0.0
2023-09-06 12:30:00-04:00,2.4200000762939453,2.430000066757202,2.4100000858306885,2.430000066757202,249701,0.0,0.0
2023-09-06 13:30:00-04:00,2.430000066757202,2.430000066757202,2.4200000762939453,2.4200000762939453,83343,0.0,0.0
2023-09-06 14:30:00-04:00,2.4200000762939453,2.424999952316284,2.4100000858306885,2.4100000858306885,143729,0.0,0.0
2023-09-06 15:30:00-04:00,2.4100000858306885,2.4200000762939453,2.4024999141693115,2.4189999103546143,482468,0.0,0.0
2023-09-07 09:30:00-04:00,2.4000000953674316,2.4000000953674316,2.359999895095825,2.365000009536743,156140,0.0,0.0
2023-09-07 10:30:00-04:00,2.365000009536743,2.380000114440918,2.359999895095825,2.369999885559082,116265,0.0,0.0
2023-09-07 11:30:00-04:00,2.369999885559082,2.369999885559082,2.359999895095825,2.36899995803833,52741,0.0,0.0
2023-09-07 12:30:00-04:00,2.365000009536743,2.369999885559082,2.359999895095825,2.364799976348877,70567,0.0,0.0
2023-09-07 13:30:00-04:00,2.369800090789795,2.369999885559082,2.3499999046325684,2.3499999046325684,174027,0.0,0.0
2023-09-07 14:30:00-04:00,2.3550000190734863,2.359999895095825,2.3399999141693115,2.3550000190734863,235190,0.0,0.0
2023-09-07 15:30:00-04:00,2.3499999046325684,2.359999895095825,2.3499999046325684,2.3499999046325684,354207,0.0,0.0
2023-09-08 09:30:00-04:00,2.369999885559082,2.390000104904175,2.3450000286102295,2.369999885559082,623509,0.0,0.0
2023-09-08 10:30:00-04:00,2.375,2.375,2.359999895095825,2.365000009536743,122437,0.0,0.0
2023-09-08 11:30:00-04:00,2.365000009536743,2.378000020980835,2.359999895095825,2.365000009536743,122263,0.0,0.0
2023-09-08 12:30:00-04:00,2.365000009536743,2.375,2.359999895095825,2.375,73458,0.0,0.0
2023-09-08 13:30:00-04:00,2.375,2.380000114440918,2.359999895095825,2.365000009536743,79124,0.0,0.0
2023-09-08 14:30:00-04:00,2.365000009536743,2.369999885559082,2.359999895095825,2.369999885559082,38036,0.0,0.0
2023-09-08 15:30:00-04:00,2.365000009536743,2.369999885559082,2.359999895095825,2.359999895095825,135288,0.0,0.0
2023-09-11 09:30:00-04:00,2.430000066757202,2.440000057220459,2.4017999172210693,2.4200000762939453,259335,0.0,0.0
2023-09-11 10:30:00-04:00,2.424999952316284,2.430000066757202,2.4100000858306885,2.4149999618530273,119670,0.0,0.0
2023-09-11 11:30:00-04:00,2.4200000762939453,2.428999900817871,2.4000000953674316,2.4209001064300537,329834,0.0,0.0
2023-09-11 12:30:00-04:00,2.4200000762939453,2.440000057220459,2.4200000762939453,2.434999942779541,155633,0.0,0.0
2023-09-11 13:30:00-04:00,2.434999942779541,2.440000057220459,2.430000066757202,2.432499885559082,52706,0.0,0.0
2023-09-11 14:30:00-04:00,2.434999942779541,2.450000047683716,2.434999942779541,2.450000047683716,101886,0.0,0.0
2023-09-11 15:30:00-04:00,2.444999933242798,2.450000047683716,2.440000057220459,2.444999933242798,156310,0.0,0.0
2023-09-12 09:30:00-04:00,2.430000066757202,2.4549999237060547,2.430000066757202,2.434999942779541,331657,0.0,0.0
2023-09-12 10:30:00-04:00,2.434999942779541,2.450000047683716,2.430000066757202,2.450000047683716,102198,0.0,0.0
2023-09-12 11:30:00-04:00,2.450000047683716,2.450000047683716,2.440000057220459,2.4491000175476074,29774,0.0,0.0
2023-09-12 12:30:00-04:00,2.444999933242798,2.450000047683716,2.440000057220459,2.450000047683716,130359,0.0,0.0
2023-09-12 13:30:00-04:00,2.450000047683716,2.4600000381469727,2.440000057220459,2.444999933242798,326259,0.0,0.0
2023-09-12 14:30:00-04:00,2.450000047683716,2.450000047683716,2.430000066757202,2.434999942779541,397810,0.0,0.0
2023-09-12 15:30:00-04:00,2.430999994277954,2.4398999214172363,2.4200000762939453,2.430000066757202,274226,0.0,0.0
2023-09-13 09:30:00-04:00,2.430000066757202,2.450000047683716,2.430000066757202,2.444999933242798,139677,0.0,0.0
2023-09-13 10:30:00-04:00,2.449899911880493,2.4649999141693115,2.444999933242798,2.4489998817443848,134403,0.0,0.0
2023-09-13 11:30:00-04:00,2.450000047683716,2.4700000286102295,2.444999933242798,2.4677000045776367,340817,0.0,0.0
2023-09-13 12:30:00-04:00,2.4600000381469727,2.4700000286102295,2.4600000381469727,2.4600000381469727,46166,0.0,0.0
2023-09-13 13:30:00-04:00,2.4600000381469727,2.4700000286102295,2.450000047683716,2.4549999237060547,215482,0.0,0.0
2023-09-13 14:30:00-04:00,2.450000047683716,2.4600000381469727,2.440000057220459,2.444999933242798,53770,0.0,0.0
2023-09-13 15:30:00-04:00,2.440000057220459,2.450000047683716,2.440000057220459,2.440000057220459,93059,0.0,0.0
2023-09-14 09:30:00-04:00,2.5299999713897705,2.5599000453948975,2.5199999809265137,2.5350000858306885,509236,0.0,0.0
2023-09-14 10:30:00-04:00,2.5299999713897705,2.565000057220459,2.5299999713897705,2.5399999618530273,432023,0.0,0.0
2023-09-14 11:30:00-04:00,2.5450000762939453,2.549999952316284,2.5299999713897705,2.5450000762939453,210567,0.0,0.0
2023-09-14 12:30:00-04:00,2.5450000762939453,2.569999933242798,2.5399999618530273,2.5622000694274902,629103,0.0,0.0
2023-09-14 13:30:00-04:00,2.569999933242798,2.569999933242798,2.559999942779541,2.559999942779541,124997,0.0,0.0
2023-09-14 14:30:00-04:00,2.565000057220459,2.569999933242798,2.549999952316284,2.550600051879883,387303,0.0,0.0
2023-09-14 15:30:00-04:00,2.555000066757202,2.559999942779541,2.549999952316284,2.555000066757202,230980,0.0,0.0
2023-09-15 09:30:00-04:00,2.5899999141693115,2.6050000190734863,2.565000057220459,2.5950000286102295,503161,0.0,0.0
2023-09-15 10:30:00-04:00,2.5996999740600586,2.609999895095825,2.5799999237060547,2.5850000381469727,131773,0.0,0.0
2023-09-15 11:30:00-04:00,2.5875000953674316,2.5875000953674316,2.559999942779541,2.559999942779541,192025,0.0,0.0
2023-09-15 12:30:00-04:00,2.5699000358581543,2.575000047683716,2.559999942779541,2.559999942779541,140655,0.0,0.0
2023-09-15 13:30:00-04:00,2.5601000785827637,2.5799999237060547,2.559999942779541,2.569999933242798,200267,0.0,0.0
2023-09-15 14:30:00-04:00,2.569999933242798,2.575000047683716,2.549999952316284,2.549999952316284,232308,0.0,0.0
2023-09-15 15:30:00-04:00,2.555000066757202,2.559999942779541,2.5399999618530273,2.555000066757202,442928,0.0,0.0
2023-09-18 09:30:00-04:00,2.5399999618530273,2.549999952316284,2.509999990463257,2.5332000255584717,258005,0.0,0.0
2023-09-18 10:30:00-04:00,2.5399999618530273,2.549999952316284,2.5316998958587646,2.5499000549316406,53280,0.0,0.0
2023-09-18 11:30:00-04:00,2.549999952316284,2.559299945831299,2.5399999618530273,2.5450000762939453,255172,0.0,0.0
2023-09-18 12:30:00-04:00,2.5399999618530273,2.549999952316284,2.5299999713897705,2.538800001144409,102206,0.0,0.0
2023-09-18 13:30:00-04:00,2.5399999618530273,2.559999942779541,2.5394999980926514,2.5490000247955322,144499,0.0,0.0
2023-09-18 14:30:00-04:00,2.549999952316284,2.559999942779541,2.5399999618530273,2.5450000762939453,199723,0.0,0.0
2023-09-18 15:30:00-04:00,2.5450000762939453,2.549999952316284,2.5399999618530273,2.549999952316284,283452,0.0,0.0
2023-09-19 09:30:00-04:00,2.5299999713897705,2.549999952316284,2.514400005340576,2.5276999473571777,373655,0.0,0.0
2023-09-19 10:30:00-04:00,2.5250000953674316,2.531899929046631,2.5199999809265137,2.5199999809265137,142645,0.0,0.0
2023-09-19 11:30:00-04:00,2.529900074005127,2.5299999713897705,2.509999990463257,2.515000104904175,308525,0.0,0.0
2023-09-19 12:30:00-04:00,2.515000104904175,2.51990008354187,2.5,2.509999990463257,401591,0.0,0.0
2023-09-19 13:30:00-04:00,2.515000104904175,2.5299999713897705,2.509999990463257,2.5299999713897705,246648,0.0,0.0
2023-09-19 14:30:00-04:00,2.5199999809265137,2.532099962234497,2.509999990463257,2.509999990463257,280118,0.0,0.0
2023-09-19 15:30:00-04:00,2.509999990463257,2.5199999809265137,2.509999990463257,2.515000104904175,73979,0.0,0.0
2023-09-20 09:30:00-04:00,2.549999952316284,2.559999942779541,2.5250000953674316,2.549999952316284,1082067,0.0,0.0
2023-09-20 10:30:00-04:00,2.549999952316284,2.549999952316284,2.5299999713897705,2.5399999618530273,296479,0.0,0.0
2023-09-20 11:30:00-04:00,2.5399999618530273,2.555000066757202,2.5299999713897705,2.555000066757202,359977,0.0,0.0
2023-09-20 12:30:00-04:00,2.551800012588501,2.559999942779541,2.5399999618530273,2.5450000762939453,566475,0.0,0.0
2023-09-20 13:30:00-04:00,2.5497000217437744,2.549999952316284,2.5250000953674316,2.5399999618530273,387870,0.0,0.0
2023-09-20 14:30:00-04:00,2.5406999588012695,2.550100088119507,2.5199999809265137,2.5250000953674316,532135,0.0,0.0
2023-09-20 15:30:00-04:00,2.529900074005127,2.5299999713897705,2.5199999809265137,2.5250000953674316,147079,0.0,0.0
2023-09-21 09:30:00-04:00,2.440000057220459,2.450000047683716,2.4200000762939453,2.440000057220459,357046,0.0,0.0
2023-09-21 10:30:00-04:00,2.434999942779541,2.450000047683716,2.430000066757202,2.440000057220459,185158,0.0,0.0
2023-09-21 11:30:00-04:00,2.440000057220459,2.450000047683716,2.440000057220459,2.444999933242798,53018,0.0,0.0
2023-09-21 12:30:00-04:00,2.444999933242798,2.4600000381469727,2.430000066757202,2.4549999237060547,440208,0.0,0.0
2023-09-21 13:30:00-04:00,2.4549999237060547,2.4600000381469727,2.440000057220459,2.441800117492676,81637,0.0,0.0
2023-09-21 14:30:00-04:00,2.450000047683716,2.4600000381469727,2.434999942779541,2.440000057220459,878446,0.0,0.0
2023-09-21 15:30:00-04:00,2.434999942779541,2.449899911880493,2.430000066757202,2.430000066757202,579964,0.0,0.0
2023-09-22 09:30:00-04:00,2.4600000381469727,2.4749999046325684,2.4419000148773193,2.4700000286102295,332248,0.0,0.0
2023-09-22 10:30:00-04:00,2.4649999141693115,2.4700000286102295,2.444999933242798,2.4598000049591064,268034,0.0,0.0
2023-09-22 11:30:00-04:00,2.4549999237060547,2.4600000381469727,2.440000057220459,2.440000057220459,200799,0.0,0.0
2023-09-22 12:30:00-04:00,2.444999933242798,2.4593000411987305,2.440000057220459,2.440000057220459,268209,0.0,0.0
2023-09-22 13:30:00-04:00,2.440000057220459,2.444999933242798,2.430000066757202,2.434999942779541,144575,0.0,0.0
2023-09-22 14:30:00-04:00,2.430000066757202,2.440000057220459,2.4200000762939453,2.434999942779541,309957,0.0,0.0
2023-09-22 15:30:00-04:00,2.430000066757202,2.434999942779541,2.4100000858306885,2.4100000858306885,471710,0.0,0.0
2023-09-25 09:30:00-04:00,2.380000114440918,2.390000104904175,2.359999895095825,2.359999895095825,594572,0.0,0.0
2023-09-25 10:30:00-04:00,2.359999895095825,2.369999885559082,2.3499999046325684,2.365000009536743,516416,0.0,0.0
2023-09-25 11:30:00-04:00,2.367500066757202,2.369999885559082,2.359999895095825,2.365000009536743,253265,0.0,0.0
2023-09-25 12:30:00-04:00,2.367500066757202,2.369999885559082,2.352099895477295,2.359999895095825,284317,0.0,0.0
2023-09-25 13:30:00-04:00,2.365000009536743,2.380000114440918,2.359999895095825,2.369999885559082,161255,0.0,0.0
2023-09-25 14:30:00-04:00,2.3798000812530518,2.3798000812530518,2.359999895095825,2.369999885559082,373428,0.0,0.0
2023-09-25 15:30:00-04:00,2.369999885559082,2.390000104904175,2.369999885559082,2.380000114440918,368428,0.0,0.0
2023-09-26 09:30:00-04:00,2.359999895095825,2.3949999809265137,2.359999895095825,2.3901000022888184,606238,0.0,0.0
2023-09-26 10:30:00-04:00,2.3949999809265137,2.4100000858306885,2.384999990463257,2.390000104904175,382082,0.0,0.0
2023-09-26 11:30:00-04:00,2.390000104904175,2.4049999713897705,2.390000104904175,2.3949999809265137,217628,0.0,0.0
2023-09-26 12:30:00-04:00,2.390000104904175,2.395900011062622,2.369999885559082,2.378000020980835,193996,0.0,0.0
2023-09-26 13:30:00-04:00,2.369999885559082,2.380000114440918,2.359999895095825,2.370500087738037,216657,0.0,0.0
2023-09-26 14:30:00-04:00,2.369999885559082,2.377500057220459,2.359999895095825,2.365000009536743,419949,0.0,0.0
2023-09-26 15:30:00-04:00,2.365000009536743,2.380000114440918,2.365000009536743,2.380000114440918,282823,0.0,0.0
2023-09-27 09:30:00-04:00,2.380000114440918,2.4000000953674316,2.359999895095825,2.369999885559082,349841,0.0,0.0
2023-09-27 10:30:00-04:00,2.369999885559082,2.369999885559082,2.3499999046325684,2.3550000190734863,273448,0.0,0.0
2023-09-27 11:30:00-04:00,2.3550000190734863,2.3550000190734863,2.3299999237060547,2.3345000743865967,200332,0.0,0.0
2023-09-27 12:30:00-04:00,2.3299999237060547,2.3499999046325684,2.319999933242798,2.324199914932251,317395,0.0,0.0
2023-09-27 13:30:00-04:00,2.319999933242798,2.325000047683716,2.309999942779541,2.315200090408325,627266,0.0,0.0
2023-09-27 14:30:00-04:00,2.3220999240875244,2.3499999046325684,2.3220999240875244,2.3441998958587646,290606,0.0,0.0
2023-09-27 15:30:00-04:00,2.3399999141693115,2.3399999141693115,2.3299999237060547,2.3299999237060547,86089,0.0,0.0
2023-09-28 09:30:00-04:00,2.3299999237060547,2.359999895095825,2.3299999237060547,2.3499999046325684,398547,0.0,0.0
2023-09-28 10:30:00-04:00,2.3499999046325684,2.3698999881744385,2.3450000286102295,2.365000009536743,243146,0.0,0.0
2023-09-28 11:30:00-04:00,2.365000009536743,2.384999990463257,2.365000009536743,2.384999990463257,199770,0.0,0.0
2023-09-28 12:30:00-04:00,2.380000114440918,2.3886001110076904,2.359999895095825,2.365000009536743,282501,0.0,0.0
2023-09-28 13:30:00-04:00,2.365000009536743,2.380000114440918,2.359999895095825,2.375,238768,0.0,0.0
2023-09-28 14:30:00-04:00,2.369999885559082,2.380000114440918,2.359999895095825,2.375,318603,0.0,0.0
2023-09-28 15:30:00-04:00,2.375,2.375,2.359999895095825,2.365000009536743,411448,0.0,0.0
2023-09-29 09:30:00-04:00,2.4100000858306885,2.4198999404907227,2.384999990463257,2.3949999809265137,310668,0.0,0.0
2023-09-29 10:30:00-04:00,2.3998000621795654,2.4198999404907227,2.390000104904175,2.4149999618530273,198704,0.0,0.0
2023-09-29 11:30:00-04:00,2.41129994392395,2.4149999618530273,2.4000000953674316,2.4149999618530273,237984,0.0,0.0
2023-09-29 12:30:00-04:00,2.4100000858306885,2.4100000858306885,2.390000104904175,2.4000000953674316,106717,0.0,0.0
2023-09-29 13:30:00-04:00,2.3949999809265137,2.4000000953674316,2.380000114440918,2.380000114440918,168949,0.0,0.0
2023-09-29 14:30:00-04:00,2.380000114440918,2.4000000953674316,2.380000114440918,2.3949999809265137,235639,0.0,0.0
2023-09-29 15:30:00-04:00,2.3949999809265137,2.4000000953674316,2.390000104904175,2.3949999809265137,289054,0.0,0.0
2023-10-02 09:30:00-04:00,2.369999885559082,2.390000104904175,2.3299999237060547,2.3299999237060547,459274,0.0,0.0
2023-10-02 10:30:00-04:00,2.3299999237060547,2.3399999141693115,2.319999933242798,2.322499990463257,285401,0.0,0.0
2023-10-02 11:30:00-04:00,2.325000047683716,2.3350000381469727,2.315000057220459,2.325000047683716,142914,0.0,0.0
2023-10-02 12:30:00-04:00,2.3299999237060547,2.338099956512451,2.319999933242798,2.3299999237060547,96198,0.0,0.0
2023-10-02 13:30:00-04:00,2.3299999237060547,2.339900016784668,2.319999933242798,2.319999933242798,153476,0.0,0.0
2023-10-02 14:30:00-04:00,2.325000047683716,2.3399999141693115,2.319999933242798,2.3299999237060547,205385,0.0,0.0
2023-10-02 15:30:00-04:00,2.3299999237060547,2.3399999141693115,2.319999933242798,2.3399999141693115,513114,0.0,0.0
2023-10-03 09:30:00-04:00,2.309999942779541,2.338399887084961,2.299999952316284,2.325000047683716,458572,0.0,0.0
2023-10-03 10:30:00-04:00,2.325000047683716,2.3299999237060547,2.2799999713897705,2.2950000762939453,548659,0.0,0.0
2023-10-03 11:30:00-04:00,2.299999952316284,2.299999952316284,2.2820000648498535,2.2950000762939453,200494,0.0,0.0
2023-10-03 12:30:00-04:00,2.299999952316284,2.299999952316284,2.2799999713897705,2.2799999713897705,97032,0.0,0.0
2023-10-03 13:30:00-04:00,2.283900022506714,2.2850000858306885,2.255000114440918,2.255000114440918,265212,0.0,0.0
2023-10-03 14:30:00-04:00,2.25,2.2799999713897705,2.25,2.2750000953674316,515827,0.0,0.0
2023-10-03 15:30:00-04:00,2.2699999809265137,2.2785000801086426,2.259999990463257,2.265000104904175,409597,0.0,0.0
2023-10-04 09:30:00-04:00,2.259999990463257,2.2699999809265137,2.2200000286102295,2.2249999046325684,662853,0.0,0.0
2023-10-04 10:30:00-04:00,2.2200000286102295,2.25,2.2200000286102295,2.244999885559082,312399,0.0,0.0
2023-10-04 11:30:00-04:00,2.240000009536743,2.25,2.2200000286102295,2.240000009536743,331244,0.0,0.0
2023-10-04 12:30:00-04:00,2.244999885559082,2.25,2.2249999046325684,2.2300000190734863,358559,0.0,0.0
2023-10-04 13:30:00-04:00,2.2300000190734863,2.2300000190734863,2.2100000381469727,2.2100000381469727,115620,0.0,0.0
2023-10-04 14:30:00-04:00,2.2100000381469727,2.2300000190734863,2.2100000381469727,2.2249999046325684,243441,0.0,0.0
2023-10-04 15:30:00-04:00,2.2200000286102295,2.2300000190734863,2.2200000286102295,2.2300000190734863,122148,0.0,0.0
2023-10-05 09:30:00-04:00,2.200000047683716,2.2249999046325684,2.200000047683716,2.2149999141693115,286466,0.0,0.0
2023-10-05 10:30:00-04:00,2.2149999141693115,2.2149999141693115,2.180000066757202,2.184999942779541,320782,0.0,0.0
2023-10-05 11:30:00-04:00,2.184999942779541,2.190000057220459,2.174999952316284,2.180000066757202,259662,0.0,0.0
2023-10-05 12:30:00-04:00,2.184999942779541,2.1898999214172363,2.1700000762939453,2.184999942779541,392854,0.0,0.0
2023-10-05 13:30:00-04:00,2.184999942779541,2.200000047683716,2.180000066757202,2.184999942779541,351930,0.0,0.0
2023-10-05 14:30:00-04:00,2.184999942779541,2.200000047683716,2.184999942779541,2.194999933242798,321745,0.0,0.0
2023-10-05 15:30:00-04:00,2.194999933242798,2.200000047683716,2.190000057220459,2.194999933242798,225061,0.0,0.0
2023-10-06 09:30:00-04:00,2.1600000858306885,2.180000066757202,2.140000104904175,2.1600000858306885,382982,0.0,0.0
2023-10-06 10:30:00-04:00,2.1600000858306885,2.190000057220459,2.1556999683380127,2.190000057220459,235892,0.0,0.0
2023-10-06 11:30:00-04:00,2.190000057220459,2.2100000381469727,2.190000057220459,2.194999933242798,466276,0.0,0.0
2023-10-06 12:30:00-04:00,2.194999933242798,2.2049999237060547,2.190000057220459,2.2049999237060547,182925,0.0,0.0
2023-10-06 13:30:00-04:00,2.2049999237060547,2.2149999141693115,2.200000047683716,2.2137999534606934,137744,0.0,0.0
2023-10-06 14:30:00-04:00,2.2149999141693115,2.2200000286102295,2.2049999237060547,2.2149999141693115,388711,0.0,0.0
2023-10-06 15:30:00-04:00,2.210200071334839,2.2200000286102295,2.200000047683716,2.2049999237060547,122193,0.0,0.0
2023-10-09 09:30:00-04:00,2.1700000762939453,2.180000066757202,2.1500000953674316,2.1549999713897705,467490,0.0,0.0
2023-10-09 10:30:00-04:00,2.1589999198913574,2.1700000762939453,2.1500000953674316,2.1549999713897705,308750,0.0,0.0
2023-10-09 11:30:00-04:00,2.1500000953674316,2.155600070953369,2.140000104904175,2.1500000953674316,507782,0.0,0.0
2023-10-09 12:30:00-04:00,2.1500000953674316,2.1549999713897705,2.140000104904175,2.1449999809265137,242776,0.0,0.0
2023-10-09 13:30:00-04:00,2.1449999809265137,2.200000047683716,2.1449999809265137,2.190000057220459,524262,0.0,0.0
2023-10-09 14:30:00-04:00,2.190000057220459,2.200000047683716,2.182499885559082,2.190000057220459,302795,0.0,0.0
2023-10-09 15:30:00-04:00,2.190000057220459,2.200000047683716,2.190000057220459,2.200000047683716,134117,0.0,0.0
2023-10-10 09:30:00-04:00,2.240000009536743,2.2899999618530273,2.2300000190734863,2.283400058746338,575117,0.0,0.0
2023-10-10 10:30:00-04:00,2.2799999713897705,2.2899999618530273,2.2699999809265137,2.2850000858306885,145858,0.0,0.0
2023-10-10 11:30:00-04:00,2.2850000858306885,2.2899999618530273,2.2799999713897705,2.2850000858306885,49916,0.0,0.0
2023-10-10 12:30:00-04:00,2.2799999713897705,2.2899999618530273,2.2699999809265137,2.2750000953674316,52364,0.0,0.0
2023-10-10 13:30:00-04:00,2.276099920272827,2.2799999713897705,2.2699999809265137,2.2750000953674316,46379,0.0,0.0
2023-10-10 14:30:00-04:00,2.2750000953674316,2.2899999618530273,2.2750000953674316,2.2799999713897705,83023,0.0,0.0
2023-10-10 15:30:00-04:00,2.2799999713897705,2.2899999618530273,2.2799999713897705,2.2799999713897705,87572,0.0,0.0
2023-10-11 09:30:00-04:00,2.299999952316284,2.305000066757202,2.2699999809265137,2.289599895477295,324515,0.0,0.0
2023-10-11 10:30:00-04:00,2.2899999618530273,2.2899999618530273,2.2699999809265137,2.2750000953674316,103517,0.0,0.0
2023-10-11 11:30:00-04:00,2.2799999713897705,2.2850000858306885,2.2699999809265137,2.2699999809265137,121708,0.0,0.0
2023-10-11 12:30:00-04:00,2.2699999809265137,2.2880001068115234,2.2699999809265137,2.2850000858306885,201796,0.0,0.0
2023-10-11 13:30:00-04:00,2.2799999713897705,2.299999952316284,2.2699999809265137,2.2899999618530273,189374,0.0,0.0
2023-10-11 14:30:00-04:00,2.2899999618530273,2.309999942779541,2.2899999618530273,2.305000066757202,60751,0.0,0.0
2023-10-11 15:30:00-04:00,2.305000066757202,2.309999942779541,2.299999952316284,2.309999942779541,181652,0.0,0.0
2023-10-12 09:30:00-04:00,2.309999942779541,2.309999942779541,2.25,2.259999990463257,123770,0.0,0.0
2023-10-12 10:30:00-04:00,2.260999917984009,2.260999917984009,2.240000009536743,2.244999885559082,299044,0.0,0.0
2023-10-12 11:30:00-04:00,2.240000009536743,2.259999990463257,2.240000009536743,2.255000114440918,122240,0.0,0.0
2023-10-12 12:30:00-04:00,2.255000114440918,2.257499933242798,2.2200000286102295,2.2200000286102295,150874,0.0,0.0
2023-10-12 13:30:00-04:00,2.2249999046325684,2.2300000190734863,2.2200000286102295,2.2249999046325684,80821,0.0,0.0
2023-10-12 14:30:00-04:00,2.2249999046325684,2.2300000190734863,2.2200000286102295,2.2300000190734863,40793,0.0,0.0
2023-10-12 15:30:00-04:00,2.2200000286102295,2.25,2.2200000286102295,2.2300000190734863,370821,0.0,0.0
2023-10-13 09:30:00-04:00,2.259999990463257,2.2950000762939453,2.259999990463257,2.2850000858306885,277848,0.0,0.0
2023-10-13 10:30:00-04:00,2.2850000858306885,2.2899999618530273,2.2699999809265137,2.2699999809265137,233754,0.0,0.0
2023-10-13 11:30:00-04:00,2.2750000953674316,2.288100004196167,2.2699999809265137,2.2799999713897705,44347,0.0,0.0
2023-10-13 12:30:00-04:00,2.2799999713897705,2.2899999618530273,2.25,2.25,75619,0.0,0.0
2023-10-13 13:30:00-04:00,2.255000114440918,2.2699999809265137,2.25,2.265000104904175,58720,0.0,0.0
2023-10-13 14:30:00-04:00,2.265000104904175,2.265000104904175,2.25,2.25,161307,0.0,0.0
2023-10-13 15:30:00-04:00,2.25,2.265000104904175,2.25,2.265000104904175,149256,0.0,0.0
2023-10-16 09:30:00-04:00,2.2899999618530273,2.299999952316284,2.2699999809265137,2.299499988555908,248958,0.0,0.0
2023-10-16 10:30:00-04:00,2.2950000762939453,2.315000057220459,2.2950000762939453,2.309999942779541,239381,0.0,0.0
2023-10-16 11:30:00-04:00,2.305000066757202,2.309999942779541,2.299999952316284,2.305000066757202,38661,0.0,0.0
2023-10-16 12:30:00-04:00,2.305000066757202,2.3178000450134277,2.2899999618530273,2.299999952316284,392085,0.0,0.0
2023-10-16 13:30:00-04:00,2.2950000762939453,2.309999942779541,2.2950000762939453,2.309999942779541,102723,0.0,0.0
2023-10-16 14:30:00-04:00,2.305000066757202,2.309999942779541,2.299999952316284,2.305000066757202,98921,0.0,0.0
2023-10-16 15:30:00-04:00,2.299999952316284,2.309999942779541,2.299999952316284,2.309999942779541,236189,0.0,0.0
2023-10-17 09:30:00-04:00,2.2300000190734863,2.2699999809265137,2.2200000286102295,2.26990008354187,317728,0.0,0.0
2023-10-17 10:30:00-04:00,2.259999990463257,2.2899999618530273,2.259999990463257,2.2850000858306885,287868,0.0,0.0
2023-10-17 11:30:00-04:00,2.2850000858306885,2.2899999618530273,2.2799999713897705,2.2799999713897705,64273,0.0,0.0
2023-10-17 12:30:00-04:00,2.2825000286102295,2.2899999618530273,2.2699999809265137,2.287899971008301,271840,0.0,0.0
2023-10-17 13:30:00-04:00,2.2799999713897705,2.2799999713897705,2.25,2.255000114440918,204582,0.0,0.0
2023-10-17 14:30:00-04:00,2.255000114440918,2.2850000858306885,2.25,2.2818000316619873,287548,0.0,0.0
2023-10-17 15:30:00-04:00,2.2850000858306885,2.2899999618530273,2.2799999713897705,2.2799999713897705,106435,0.0,0.0
2023-10-18 09:30:00-04:00,2.259999990463257,2.259999990463257,2.2300000190734863,2.240000009536743,414341,0.0,0.0
2023-10-18 10:30:00-04:00,2.2300000190734863,2.240000009536743,2.2200000286102295,2.2302000522613525,623195,0.0,0.0
2023-10-18 11:30:00-04:00,2.234999895095825,2.239799976348877,2.2100000381469727,2.2249999046325684,436058,0.0,0.0
2023-10-18 12:30:00-04:00,2.2249999046325684,2.249799966812134,2.2200000286102295,2.2300000190734863,197564,0.0,0.0
2023-10-18 13:30:00-04:00,2.2300000190734863,2.2300000190734863,2.2100000381469727,2.2149999141693115,311534,0.0,0.0
2023-10-18 14:30:00-04:00,2.2100000381469727,2.2200000286102295,2.200000047683716,2.2100000381469727,257378,0.0,0.0
2023-10-18 15:30:00-04:00,2.2049999237060547,2.2100000381469727,2.200000047683716,2.2000999450683594,410908,0.0,0.0
2023-10-19 09:30:00-04:00,2.180000066757202,2.2200000286102295,2.180000066757202,2.2149999141693115,250964,0.0,0.0
2023-10-19 10:30:00-04:00,2.213399887084961,2.2200000286102295,2.192500114440918,2.2190001010894775,206217,0.0,0.0
2023-10-19 11:30:00-04:00,2.2188000679016113,2.234999895095825,2.2100000381469727,2.2249999046325684,399066,0.0,0.0
2023-10-19 12:30:00-04:00,2.2200000286102295,2.240000009536743,2.2100000381469727,2.234999895095825,101896,0.0,0.0
2023-10-19 13:30:00-04:00,2.2300000190734863,2.240000009536743,2.2200000286102295,2.2200000286102295,467177,0.0,0.0
2023-10-19 14:30:00-04:00,2.2200000286102295,2.2300000190734863,2.200000047683716,2.200000047683716,435502,0.0,0.0
2023-10-19 15:30:00-04:00,2.2049999237060547,2.2100000381469727,2.190000057220459,2.2100000381469727,292511,0.0,0.0
2023-10-20 09:30:00-04:00,2.1500000953674316,2.1600000858306885,2.119999885559082,2.119999885559082,253586,0.0,0.0
2023-10-20 10:30:00-04:00,2.119999885559082,2.130000114440918,2.112499952316284,2.125,155395,0.0,0.0
2023-10-20 11:30:00-04:00,2.125,2.130000114440918,2.109999895095825,2.119999885559082,190141,0.0,0.0
2023-10-20 12:30:00-04:00,2.115000009536743,2.140000104904175,2.112499952316284,2.134999990463257,128372,0.0,0.0
2023-10-20 13:30:00-04:00,2.134200096130371,2.1449999809265137,2.119999885559082,2.119999885559082,342398,0.0,0.0
2023-10-20 14:30:00-04:00,2.125,2.140000104904175,2.119999885559082,2.134999990463257,224767,0.0,0.0
2023-10-20 15:30:00-04:00,2.134999990463257,2.140000104904175,2.119999885559082,2.125,281527,0.0,0.0
2023-10-23 09:30:00-04:00,2.130000114440918,2.1600000858306885,2.115000009536743,2.1500000953674316,395855,0.0,0.0
2023-10-23 10:30:00-04:00,2.1600000858306885,2.1700000762939453,2.1424999237060547,2.1600000858306885,150478,0.0,0.0
2023-10-23 11:30:00-04:00,2.1649999618530273,2.1700000762939453,2.1600000858306885,2.1684999465942383,99666,0.0,0.0
2023-10-23 12:30:00-04:00,2.162100076675415,2.194999933242798,2.162100076675415,2.180000066757202,279244,0.0,0.0
2023-10-23 13:30:00-04:00,2.180000066757202,2.184999942779541,2.1600000858306885,2.1649999618530273,319906,0.0,0.0
2023-10-23 14:30:00-04:00,2.1649999618530273,2.1700000762939453,2.1549999713897705,2.1600000858306885,321316,0.0,0.0
2023-10-23 15:30:00-04:00,2.1619999408721924,2.1700000762939453,2.1600000858306885,2.1600000858306885,182317,0.0,0.0
2023-10-24 09:30:00-04:00,2.200000047683716,2.2300000190734863,2.180000066757202,2.2249999046325684,343379,0.0,0.0
2023-10-24 10:30:00-04:00,2.2300000190734863,2.2300000190734863,2.2100000381469727,2.2149999141693115,285062,0.0,0.0
2023-10-24 11:30:00-04:00,2.2100000381469727,2.2100000381469727,2.200000047683716,2.200000047683716,109426,0.0,0.0
2023-10-24 12:30:00-04:00,2.2049999237060547,2.2049999237060547,2.190000057220459,2.2049999237060547,61098,0.0,0.0
2023-10-24 13:30:00-04:00,2.2098000049591064,2.2100000381469727,2.190000057220459,2.190000057220459,251220,0.0,0.0
2023-10-24 14:30:00-04:00,2.200000047683716,2.20989990234375,2.200000047683716,2.2049999237060547,100739,0.0,0.0
2023-10-24 15:30:00-04:00,2.2049999237060547,2.2100000381469727,2.200000047683716,2.2049999237060547,89602,0.0,0.0
2023-10-25 09:30:00-04:00,2.2100000381469727,2.2200000286102295,2.1700000762939453,2.1770999431610107,252157,0.0,0.0
2023-10-25 10:30:00-04:00,2.174999952316284,2.200000047683716,2.172499895095825,2.192500114440918,203719,0.0,0.0
2023-10-25 11:30:00-04:00,2.194999933242798,2.200000047683716,2.1700000762939453,2.180000066757202,117496,0.0,0.0
2023-10-25 12:30:00-04:00,2.172499895095825,2.190000057220459,2.1600000858306885,2.174999952316284,178428,0.0,0.0
2023-10-25 13:30:00-04:00,2.1700000762939453,2.180000066757202,2.1600000858306885,2.1649999618530273,301963,0.0,0.0
2023-10-25 14:30:00-04:00,2.1700000762939453,2.180000066757202,2.160099983215332,2.180000066757202,170870,0.0,0.0
2023-10-25 15:30:00-04:00,2.174999952316284,2.180000066757202,2.1700000762939453,2.174999952316284,89559,0.0,0.0
2023-10-26 09:30:00-04:00,2.180000066757202,2.204699993133545,2.180000066757202,2.2016000747680664,174058,0.0,0.0
2023-10-26 10:30:00-04:00,2.200000047683716,2.2200000286102295,2.1923000812530518,2.2100000381469727,233749,0.0,0.0
2023-10-26 11:30:00-04:00,2.2100000381469727,2.2149999141693115,2.200000047683716,2.2049999237060547,131298,0.0,0.0
2023-10-26 12:30:00-04:00,2.2049999237060547,2.2200000286102295,2.200000047683716,2.2049999237060547,60728,0.0,0.0
2023-10-26 13:30:00-04:00,2.2049999237060547,2.2300000190734863,2.2049999237060547,2.2300000190734863,102556,0.0,0.0
2023-10-26 14:30:00-04:00,2.2300000190734863,2.25,2.2300000190734863,2.25,170084,0.0,0.0
2023-10-26 15:30:00-04:00,2.25,2.25,2.240000009536743,2.25,126224,0.0,0.0
2023-10-27 09:30:00-04:00,2.299999952316284,2.310800075531006,2.2750000953674316,2.299999952316284,482224,0.0,0.0
2023-10-27 10:30:00-04:00,2.305000066757202,2.319999933242798,2.299999952316284,2.319999933242798,351655,0.0,0.0
2023-10-27 11:30:00-04:00,2.315000057220459,2.319999933242798,2.299999952316284,2.305000066757202,79293,0.0,0.0
2023-10-27 12:30:00-04:00,2.309999942779541,2.309999942779541,2.259999990463257,2.265000104904175,121059,0.0,0.0
2023-10-27 13:30:00-04:00,2.259999990463257,2.2699999809265137,2.240000009536743,2.240000009536743,608565,0.0,0.0
2023-10-27 14:30:00-04:00,2.247499942779541,2.259999990463257,2.240000009536743,2.25,703239,0.0,0.0
2023-10-27 15:30:00-04:00,2.244999885559082,2.25,2.240000009536743,2.25,118566,0.0,0.0
2023-10-30 09:30:00-04:00,2.2899999618530273,2.319999933242798,2.2799999713897705,2.2850000858306885,258245,0.0,0.0
2023-10-30 10:30:00-04:00,2.2850000858306885,2.299999952316284,2.265000104904175,2.2850000858306885,684894,0.0,0.0
2023-10-30 11:30:00-04:00,2.289900064468384,2.2899999618530273,2.240000009536743,2.255000114440918,510727,0.0,0.0
2023-10-30 12:30:00-04:00,2.25,2.255000114440918,2.240000009536743,2.244999885559082,156045,0.0,0.0
2023-10-30 13:30:00-04:00,2.244999885559082,2.259999990463257,2.240000009536743,2.25,257327,0.0,0.0
2023-10-30 14:30:00-04:00,2.255000114440918,2.259999990463257,2.25,2.255000114440918,108241,0.0,0.0
2023-10-30 15:30:00-04:00,2.259999990463257,2.259999990463257,2.240000009536743,2.240000009536743,215889,0.0,0.0
2023-10-31 09:30:00-04:00,2.2300000190734863,2.2950000762939453,2.2300000190734863,2.27020001411438,336828,0.0,0.0
2023-10-31 10:30:00-04:00,2.2799999713897705,2.309999942779541,2.2699999809265137,2.299999952316284,222421,0.0,0.0
2023-10-31 11:30:00-04:00,2.305000066757202,2.309999942779541,2.2899999618530273,2.299999952316284,317224,0.0,0.0
2023-10-31 12:30:00-04:00,2.3008999824523926,2.309999942779541,2.2899999618530273,2.2927000522613525,168450,0.0,0.0
2023-10-31 13:30:00-04:00,2.2950000762939453,2.309999942779541,2.2899999618530273,2.2950000762939453,428824,0.0,0.0
2023-10-31 14:30:00-04:00,2.2950000762939453,2.319999933242798,2.2950000762939453,2.309999942779541,415810,0.0,0.0
2023-10-31 15:30:00-04:00,2.309999942779541,2.319999933242798,2.309999942779541,2.309999942779541,85192,0.0,0.0
2023-11-01 09:30:00-04:00,2.319999933242798,2.359999895095825,2.315000057220459,2.3499999046325684,397566,0.0,0.0
2023-11-01 10:30:00-04:00,2.349900007247925,2.359999895095825,2.3299999237060547,2.3399999141693115,336324,0.0,0.0
2023-11-01 11:30:00-04:00,2.3475000858306885,2.3550000190734863,2.3350000381469727,2.3450000286102295,675107,0.0,0.0
2023-11-01 12:30:00-04:00,2.3499999046325684,2.3598999977111816,2.3399999141693115,2.3550000190734863,185908,0.0,0.0
2023-11-01 13:30:00-04:00,2.3513998985290527,2.369999885559082,2.3450000286102295,2.3550000190734863,543393,0.0,0.0
2023-11-01 14:30:00-04:00,2.3550000190734863,2.3801000118255615,2.3450000286102295,2.380000114440918,250786,0.0,0.0
2023-11-01 15:30:00-04:00,2.375,2.380000114440918,2.369999885559082,2.380000114440918,110641,0.0,0.0
2023-11-02 09:30:00-04:00,2.4000000953674316,2.450000047683716,2.4000000953674316,2.4398999214172363,247088,0.0,0.0
2023-11-02 10:30:00-04:00,2.434999942779541,2.450000047683716,2.430000066757202,2.450000047683716,80603,0.0,0.0
2023-11-02 11:30:00-04:00,2.444999933242798,2.450000047683716,2.440000057220459,2.450000047683716,51371,0.0,0.0
2023-11-02 12:30:00-04:00,2.444999933242798,2.4600000381469727,2.441999912261963,2.4600000381469727,110249,0.0,0.0
2023-11-02 13:30:00-04:00,2.4600000381469727,2.4800000190734863,2.4549999237060547,2.4749999046325684,128369,0.0,0.0
2023-11-02 14:30:00-04:00,2.470099925994873,2.4800000190734863,2.4700000286102295,2.4800000190734863,42578,0.0,0.0
2023-11-02 15:30:00-04:00,2.4800000190734863,2.4800000190734863,2.450000047683716,2.4700000286102295,225218,0.0,0.0
2023-11-03 09:30:00-04:00,2.4700000286102295,2.549999952316284,2.4600000381469727,2.5350000858306885,663706,0.0,0.0
2023-11-03 10:30:00-04:00,2.5350000858306885,2.559999942779541,2.5299999713897705,2.549999952316284,295183,0.0,0.0
2023-11-03 11:30:00-04:00,2.555000066757202,2.5689001083374023,2.5450000762939453,2.561199903488159,293930,0.0,0.0
2023-11-03 12:30:00-04:00,2.559999942779541,2.569999933242798,2.54010009765625,2.5450000762939453,126361,0.0,0.0
2023-11-03 13:30:00-04:00,2.549999952316284,2.569999933242798,2.5450000762939453,2.565000057220459,127445,0.0,0.0
2023-11-03 14:30:00-04:00,2.569999933242798,2.569999933242798,2.549999952316284,2.549999952316284,304631,0.0,0.0
2023-11-03 15:30:00-04:00,2.549999952316284,2.5599000453948975,2.5399999618530273,2.5450000762939453,383289,0.0,0.0
2023-11-06 09:30:00-05:00,2.5399999618530273,2.549999952316284,2.5299999713897705,2.5399999618530273,369977,0.0,0.0
2023-11-06 10:30:00-05:00,2.5450000762939453,2.559999942779541,2.5450000762939453,2.5450000762939453,121546,0.0,0.0
2023-11-06 11:30:00-05:00,2.5450000762939453,2.549999952316284,2.5350000858306885,2.5399999618530273,181572,0.0,0.0
2023-11-06 12:30:00-05:00,2.539299964904785,2.5399999618530273,2.5299999713897705,2.5399999618530273,80599,0.0,0.0
2023-11-06 13:30:00-05:00,2.5399999618530273,2.549999952316284,2.5399999618530273,2.5450000762939453,53202,0.0,0.0
2023-11-06 14:30:00-05:00,2.5450000762939453,2.549999952316284,2.5399999618530273,2.5450000762939453,45934,0.0,0.0
2023-11-06 15:30:00-05:00,2.547499895095825,2.549999952316284,2.5399999618530273,2.5399999618530273,58621,0.0,0.0
2023-11-07 09:30:00-05:00,2.569999933242798,2.5799999237060547,2.549999952316284,2.565000057220459,363155,0.0,0.0
2023-11-07 10:30:00-05:00,2.565000057220459,2.5799999237060547,2.5601000785827637,2.5601000785827637,119862,0.0,0.0
2023-11-07 11:30:00-05:00,2.5601999759674072,2.569999933242798,2.559999942779541,2.565000057220459,36657,0.0,0.0
2023-11-07 12:30:00-05:00,2.559999942779541,2.5799999237060547,2.555000066757202,2.575000047683716,211644,0.0,0.0
2023-11-07 13:30:00-05:00,2.5701000690460205,2.5799999237060547,2.569999933242798,2.5799999237060547,55762,0.0,0.0
2023-11-07 14:30:00-05:00,2.5799999237060547,2.5799999237060547,2.569999933242798,2.575000047683716,109442,0.0,0.0
2023-11-07 15:30:00-05:00,2.575000047683716,2.5799999237060547,2.559999942779541,2.559999942779541,115220,0.0,0.0
2023-11-08 09:30:00-05:00,2.559999942779541,2.609999895095825,2.559999942779541,2.5950000286102295,165210,0.0,0.0
2023-11-08 10:30:00-05:00,2.5899999141693115,2.5999999046325684,2.5613999366760254,2.5613999366760254,126722,0.0,0.0
2023-11-08 11:30:00-05:00,2.5699000358581543,2.569999933242798,2.549999952316284,2.549999952316284,201559,0.0,0.0
2023-11-08 12:30:00-05:00,2.549999952316284,2.559999942779541,2.5399999618530273,2.555000066757202,309257,0.0,0.0
2023-11-08 13:30:00-05:00,2.555000066757202,2.559999942779541,2.549999952316284,2.551800012588501,22396,0.0,0.0
2023-11-08 14:30:00-05:00,2.555000066757202,2.559999942779541,2.549999952316284,2.559999942779541,32149,0.0,0.0
2023-11-08 15:30:00-05:00,2.555000066757202,2.557499885559082,2.5399999618530273,2.5399999618530273,152547,0.0,0.0
2023-11-09 09:30:00-05:00,2.559999942779541,2.5850000381469727,2.559999942779541,2.565000057220459,327066,0.0,0.0
2023-11-09 10:30:00-05:00,2.559999942779541,2.565000057220459,2.549999952316284,2.555000066757202,122317,0.0,0.0
2023-11-09 11:30:00-05:00,2.555000066757202,2.559999942779541,2.5399999618530273,2.5399999618530273,69509,0.0,0.0
2023-11-09 12:30:00-05:00,2.5399999618530273,2.5450000762939453,2.5,2.515000104904175,161678,0.0,0.0
2023-11-09 13:30:00-05:00,2.509999990463257,2.51990008354187,2.490000009536743,2.505000114440918,155571,0.0,0.0
2023-11-09 14:30:00-05:00,2.505000114440918,2.505000114440918,2.4800000190734863,2.490000009536743,191140,0.0,0.0
2023-11-09 15:30:00-05:00,2.494999885559082,2.494999885559082,2.4800000190734863,2.4800000190734863,362725,0.0,0.0
2023-11-10 09:30:00-05:00,2.5399999618530273,2.5399999618530273,2.505000114440918,2.509999990463257,477520,0.0,0.0
2023-11-10 10:30:00-05:00,2.509999990463257,2.5399999618530273,2.509999990463257,2.5350000858306885,109522,0.0,0.0
2023-11-10 11:30:00-05:00,2.5299999713897705,2.549999952316284,2.5299999713897705,2.5399999618530273,281323,0.0,0.0
2023-11-10 12:30:00-05:00,2.5399999618530273,2.5599000453948975,2.5299999713897705,2.5450000762939453,191037,0.0,0.0
2023-11-10 13:30:00-05:00,2.5399999618530273,2.559999942779541,2.5399999618530273,2.5399999618530273,138083,0.0,0.0
2023-11-10 14:30:00-05:00,2.5450000762939453,2.549999952316284,2.5399999618530273,2.5450000762939453,72116,0.0,0.0
2023-11-10 15:30:00-05:00,2.5450000762939453,2.549999952316284,2.5399999618530273,2.5450000762939453,109807,0.0,0.0
2023-11-13 09:30:00-05:00,2.5399999618530273,2.5450000762939453,2.5199999809265137,2.5250000953674316,306900,0.0,0.0
2023-11-13 10:30:00-05:00,2.5199999809265137,2.5399999618530273,2.509999990463257,2.5299999713897705,117974,0.0,0.0
2023-11-13 11:30:00-05:00,2.5299999713897705,2.5350000858306885,2.5199999809265137,2.5213000774383545,175128,0.0,0.0
2023-11-13 12:30:00-05:00,2.5199999809265137,2.520699977874756,2.509999990463257,2.515000104904175,77728,0.0,0.0
2023-11-13 13:30:00-05:00,2.509999990463257,2.5299999713897705,2.509999990463257,2.515000104904175,55537,0.0,0.0
2023-11-13 14:30:00-05:00,2.515000104904175,2.5299999713897705,2.515000104904175,2.5250000953674316,121832,0.0,0.0
2023-11-13 15:30:00-05:00,2.5250000953674316,2.5350000858306885,2.5199999809265137,2.5250000953674316,216181,0.0,0.0
2023-11-14 09:30:00-05:00,2.6600000858306885,2.75,2.6600000858306885,2.740000009536743,1232783,0.0,0.0
2023-11-14 10:30:00-05:00,2.740000009536743,2.75,2.7219998836517334,2.75,581133,0.0,0.0
2023-11-14 11:30:00-05:00,2.75,2.75,2.7300000190734863,2.734999895095825,294178,0.0,0.0
2023-11-14 12:30:00-05:00,2.734999895095825,2.7699999809265137,2.734999895095825,2.759999990463257,439726,0.0,0.0
2023-11-14 13:30:00-05:00,2.765000104904175,2.7799999713897705,2.7600998878479004,2.7699999809265137,198329,0.0,0.0
2023-11-14 14:30:00-05:00,2.7750000953674316,2.7899999618530273,2.7699999809265137,2.7899999618530273,554785,0.0,0.0
2023-11-14 15:30:00-05:00,2.7899999618530273,2.7899999618530273,2.7799999713897705,2.7899999618530273,187330,0.0,0.0
2023-11-15 09:30:00-05:00,2.7799999713897705,2.859999895095825,2.7799999713897705,2.8550000190734863,275058,0.0,0.0
2023-11-15 10:30:00-05:00,2.8550000190734863,2.869999885559082,2.8499999046325684,2.8499999046325684,204213,0.0,0.0
2023-11-15 11:30:00-05:00,2.8550000190734863,2.8550000190734863,2.809999942779541,2.819999933242798,199292,0.0,0.0
2023-11-15 12:30:00-05:00,2.819999933242798,2.819999933242798,2.799999952316284,2.805000066757202,109020,0.0,0.0
2023-11-15 13:30:00-05:00,2.799999952316284,2.809999942779541,2.799999952316284,2.799999952316284,102707,0.0,0.0
2023-11-15 14:30:00-05:00,2.799999952316284,2.809999942779541,2.799999952316284,2.805000066757202,84293,0.0,0.0
2023-11-15 15:30:00-05:00,2.802000045776367,2.805000066757202,2.7799999713897705,2.7799999713897705,301641,0.0,0.0
2023-11-16 09:30:00-05:00,2.859999895095825,2.875,2.8499999046325684,2.869999885559082,508700,0.0,0.0
2023-11-16 10:30:00-05:00,2.880000114440918,2.8949999809265137,2.859999895095825,2.880000114440918,1009560,0.0,0.0
2023-11-16 11:30:00-05:00,2.884999990463257,2.930000066757202,2.880000114440918,2.930000066757202,501272,0.0,0.0
2023-11-16 12:30:00-05:00,2.930000066757202,2.990000009536743,2.9200000762939453,2.9800000190734863,664262,0.0,0.0
2023-11-16 13:30:00-05:00,2.984999895095825,3.0099000930786133,2.9700000286102295,2.9700000286102295,856602,0.0,0.0
2023-11-16 14:30:00-05:00,2.9700000286102295,2.990000009536743,2.9700000286102295,2.972100019454956,429076,0.0,0.0
2023-11-16 15:30:00-05:00,2.9700000286102295,2.9800000190734863,2.9600000381469727,2.9600000381469727,440334,0.0,0.0
2023-11-17 09:30:00-05:00,2.9700000286102295,2.994999885559082,2.950000047683716,2.9649999141693115,545869,0.0,0.0
2023-11-17 10:30:00-05:00,2.9649999141693115,2.9788999557495117,2.9549999237060547,2.9549999237060547,385322,0.0,0.0
2023-11-17 11:30:00-05:00,2.9600000381469727,2.990000009536743,2.950000047683716,2.990000009536743,363413,0.0,0.0
2023-11-17 12:30:00-05:00,2.990000009536743,3.0199999809265137,2.9856998920440674,3.005000114440918,527838,0.0,0.0
2023-11-17 13:30:00-05:00,3.005000114440918,3.009999990463257,2.990000009536743,3.0,403745,0.0,0.0
2023-11-17 14:30:00-05:00,3.0,3.009999990463257,2.990000009536743,3.0,424553,0.0,0.0
2023-11-17 15:30:00-05:00,3.0,3.0,2.990000009536743,3.0,183794,0.0,0.0
2023-11-20 09:30:00-05:00,3.2100000381469727,3.309999942779541,3.190000057220459,3.265000104904175,2546377,0.0,0.0
2023-11-20 10:30:00-05:00,3.265000104904175,3.2799999713897705,3.25,3.255000114440918,604762,0.0,0.0
2023-11-20 11:30:00-05:00,3.255000114440918,3.26990008354187,3.25,3.255000114440918,401768,0.0,0.0
2023-11-20 12:30:00-05:00,3.259999990463257,3.315000057220459,3.255000114440918,3.309999942779541,534316,0.0,0.0
2023-11-20 13:30:00-05:00,3.319999933242798,3.3299999237060547,3.299999952316284,3.309999942779541,359896,0.0,0.0
2023-11-20 14:30:00-05:00,3.309999942779541,3.3399999141693115,3.3022000789642334,3.325000047683716,622044,0.0,0.0
2023-11-20 15:30:00-05:00,3.325000047683716,3.339900016784668,3.319999933242798,3.319999933242798,577138,0.0,0.0
2023-11-21 09:30:00-05:00,3.2300000190734863,3.2699999809265137,3.2100000381469727,3.25,444902,0.0,0.0
2023-11-21 10:30:00-05:00,3.25,3.2750000953674316,3.240000009536743,3.255000114440918,537812,0.0,0.0
2023-11-21 11:30:00-05:00,3.255000114440918,3.299999952316284,3.251199960708618,3.2950000762939453,281727,0.0,0.0
2023-11-21 12:30:00-05:00,3.299999952316284,3.305000066757202,3.259999990463257,3.2699999809265137,152163,0.0,0.0
2023-11-21 13:30:00-05:00,3.2699999809265137,3.2899999618530273,3.259999990463257,3.2897000312805176,457992,0.0,0.0
2023-11-21 14:30:00-05:00,3.2899999618530273,3.299999952316284,3.2850000858306885,3.291100025177002,260408,0.0,0.0
2023-11-21 15:30:00-05:00,3.299999952316284,3.309999942779541,3.2950000762939453,3.305000066757202,361240,0.0,0.0
2023-11-22 09:30:00-05:00,3.190000057220459,3.2105000019073486,3.160099983215332,3.174999952316284,667888,0.0,0.0
2023-11-22 10:30:00-05:00,3.180000066757202,3.190000057220459,3.1600000858306885,3.180000066757202,170137,0.0,0.0
2023-11-22 11:30:00-05:00,3.180000066757202,3.240000009536743,3.1756999492645264,3.2300000190734863,711855,0.0,0.0
2023-11-22 12:30:00-05:00,3.2300000190734863,3.230299949645996,3.190000057220459,3.2149999141693115,416971,0.0,0.0
2023-11-22 13:30:00-05:00,3.2149999141693115,3.2300000190734863,3.2100000381469727,3.2249999046325684,539821,0.0,0.0
2023-11-22 14:30:00-05:00,3.2249999046325684,3.2300000190734863,3.200000047683716,3.2249999046325684,379360,0.0,0.0
2023-11-22 15:30:00-05:00,3.2249999046325684,3.2300000190734863,3.2200000286102295,3.2249999046325684,120817,0.0,0.0
2023-11-24 09:30:00-05:00,3.1600000858306885,3.180000066757202,3.1500000953674316,3.1700000762939453,300932,0.0,0.0
2023-11-24 10:30:00-05:00,3.1675000190734863,3.1700000762939453,3.130000114440918,3.1449999809265137,814068,0.0,0.0
2023-11-24 11:30:00-05:00,3.1449999809265137,3.1500000953674316,3.119999885559082,3.1500000953674316,338509,0.0,0.0
2023-11-27 09:30:00-05:00,3.2149999141693115,3.2200000286102295,3.1600000858306885,3.174999952316284,903606,0.0,0.0
2023-11-27 10:30:00-05:00,3.174999952316284,3.200000047683716,3.1700000762939453,3.194999933242798,334490,0.0,0.0
2023-11-27 11:30:00-05:00,3.194999933242798,3.2100000381469727,3.194999933242798,3.2100000381469727,145164,0.0,0.0
2023-11-27 12:30:00-05:00,3.20989990234375,3.2300000190734863,3.2065999507904053,3.2283999919891357,346914,0.0,0.0
2023-11-27 13:30:00-05:00,3.2300000190734863,3.240000009536743,3.2200000286102295,3.234999895095825,389167,0.0,0.0
2023-11-27 14:30:00-05:00,3.234999895095825,3.240000009536743,3.2100000381469727,3.2149999141693115,441546,0.0,0.0
2023-11-27 15:30:00-05:00,3.2200000286102295,3.2300000190734863,3.2200000286102295,3.2249999046325684,317066,0.0,0.0
2023-11-28 09:30:00-05:00,3.2200000286102295,3.259999990463257,3.2200000286102295,3.259999990463257,385001,0.0,0.0
2023-11-28 10:30:00-05:00,3.2518999576568604,3.2699999809265137,3.25,3.25,333595,0.0,0.0
2023-11-28 11:30:00-05:00,3.25,3.299999952316284,3.25,3.2899999618530273,271583,0.0,0.0
2023-11-28 12:30:00-05:00,3.2899999618530273,3.2899999618530273,3.2699999809265137,3.2750000953674316,148291,0.0,0.0
2023-11-28 13:30:00-05:00,3.2699999809265137,3.2799999713897705,3.2699999809265137,3.2799999713897705,77772,0.0,0.0
2023-11-28 14:30:00-05:00,3.2750000953674316,3.2799999713897705,3.2699999809265137,3.2799999713897705,39964,0.0,0.0
2023-11-28 15:30:00-05:00,3.2799999713897705,3.2899999618530273,3.2699999809265137,3.2799999713897705,559188,0.0,0.0
2023-11-29 09:30:00-05:00,3.2899999618530273,3.309999942779541,3.255000114440918,3.299999952316284,800824,0.0,0.0
2023-11-29 10:30:00-05:00,3.2950000762939453,3.319999933242798,3.2811999320983887,3.2899999618530273,372116,0.0,0.0
2023-11-29 11:30:00-05:00,3.2850000858306885,3.299999952316284,3.2750000953674316,3.2950000762939453,240377,0.0,0.0
2023-11-29 12:30:00-05:00,3.2950000762939453,3.3299999237060547,3.2950000762939453,3.305000066757202,314168,0.0,0.0
2023-11-29 13:30:00-05:00,3.309999942779541,3.3178999423980713,3.299999952316284,3.308500051498413,156347,0.0,0.0
2023-11-29 14:30:00-05:00,3.305000066757202,3.305000066757202,3.2699999809265137,3.2799999713897705,119469,0.0,0.0
2023-11-29 15:30:00-05:00,3.2750000953674316,3.2850000858306885,3.259999990463257,3.259999990463257,790568,0.0,0.0
2023-11-30 09:30:00-05:00,3.299999952316284,3.309999942779541,3.259999990463257,3.2699999809265137,701519,0.0,0.0
2023-11-30 10:30:00-05:00,3.2699999809265137,3.299999952316284,3.265000104904175,3.299999952316284,275150,0.0,0.0
2023-11-30 11:30:00-05:00,3.299999952316284,3.309999942779541,3.2899999618530273,3.305000066757202,283646,0.0,0.0
2023-11-30 12:30:00-05:00,3.301800012588501,3.315000057220459,3.2950000762939453,3.299999952316284,173305,0.0,0.0
2023-11-30 13:30:00-05:00,3.2950000762939453,3.3199000358581543,3.2899999618530273,3.299999952316284,740711,0.0,0.0
2023-11-30 14:30:00-05:00,3.299999952316284,3.309499979019165,3.2799999713897705,3.2950000762939453,468252,0.0,0.0
2023-11-30 15:30:00-05:00,3.2950000762939453,3.299999952316284,3.2899999618530273,3.2899999618530273,523173,0.0,0.0
2023-12-01 09:30:00-05:00,3.3499999046325684,3.399899959564209,3.3399999141693115,3.3949999809265137,549679,0.0,0.0
2023-12-01 10:30:00-05:00,3.3949999809265137,3.4800000190734863,3.390000104904175,3.4749999046325684,387404,0.0,0.0
2023-12-01 11:30:00-05:00,3.4749999046325684,3.4999001026153564,3.4700000286102295,3.4800000190734863,297834,0.0,0.0
2023-12-01 12:30:00-05:00,3.4800000190734863,3.509999990463257,3.4800000190734863,3.494999885559082,165772,0.0,0.0
2023-12-01 13:30:00-05:00,3.4999001026153564,3.5,3.4800000190734863,3.490000009536743,366865,0.0,0.0
2023-12-01 14:30:00-05:00,3.494999885559082,3.5,3.4721999168395996,3.4800000190734863,639916,0.0,0.0
2023-12-01 15:30:00-05:00,3.4800000190734863,3.4800000190734863,3.4700000286102295,3.4749999046325684,215669,0.0,0.0
2023-12-04 09:30:00-05:00,3.4000000953674316,3.450000047683716,3.4000000953674316,3.4049999713897705,699029,0.0,0.0
2023-12-04 10:30:00-05:00,3.4049999713897705,3.4200000762939453,3.390000104904175,3.4100000858306885,145850,0.0,0.0
2023-12-04 11:30:00-05:00,3.4049999713897705,3.4200000762939453,3.390000104904175,3.4175000190734863,182713,0.0,0.0
2023-12-04 12:30:00-05:00,3.4149999618530273,3.430000066757202,3.4000000953674316,3.430000066757202,359632,0.0,0.0
2023-12-04 13:30:00-05:00,3.430000066757202,3.430000066757202,3.4000000953674316,3.4049999713897705,171666,0.0,0.0
2023-12-04 14:30:00-05:00,3.4049999713897705,3.4200000762939453,3.4049999713897705,3.4110000133514404,107684,0.0,0.0
2023-12-04 15:30:00-05:00,3.4149999618530273,3.4200000762939453,3.4100000858306885,3.4149999618530273,216109,0.0,0.0
2023-12-05 09:30:00-05:00,3.4100000858306885,3.430000066757202,3.375,3.4000000953674316,365744,0.0,0.0
2023-12-05 10:30:00-05:00,3.4000000953674316,3.4100000858306885,3.359999895095825,3.380000114440918,482841,0.0,0.0
2023-12-05 11:30:00-05:00,3.384999990463257,3.427500009536743,3.382200002670288,3.424999952316284,170831,0.0,0.0
2023-12-05 12:30:00-05:00,3.430000066757202,3.440000057220459,3.4100000858306885,3.440000057220459,272339,0.0,0.0
2023-12-05 13:30:00-05:00,3.434999942779541,3.450000047683716,3.430000066757202,3.4391000270843506,158951,0.0,0.0
2023-12-05 14:30:00-05:00,3.440000057220459,3.450000047683716,3.432499885559082,3.440000057220459,212725,0.0,0.0
2023-12-05 15:30:00-05:00,3.4400999546051025,3.450000047683716,3.430000066757202,3.434999942779541,257918,0.0,0.0
2023-12-06 09:30:00-05:00,3.5299999713897705,3.5399999618530273,3.490000009536743,3.5,790035,0.0,0.0
2023-12-06 10:30:00-05:00,3.5,3.5199999809265137,3.4800000190734863,3.494999885559082,415297,0.0,0.0
2023-12-06 11:30:00-05:00,3.490000009536743,3.5,3.4700000286102295,3.4700000286102295,213977,0.0,0.0
2023-12-06 12:30:00-05:00,3.4700000286102295,3.4800000190734863,3.4500999450683594,3.4649999141693115,235435,0.0,0.0
2023-12-06 13:30:00-05:00,3.4649999141693115,3.4700000286102295,3.450000047683716,3.450000047683716,209767,0.0,0.0
2023-12-06 14:30:00-05:00,3.4600000381469727,3.4700000286102295,3.4305999279022217,3.434999942779541,441098,0.0,0.0
2023-12-06 15:30:00-05:00,3.434999942779541,3.450000047683716,3.430000066757202,3.450000047683716,229819,0.0,0.0
2023-12-07 09:30:00-05:00,3.4700000286102295,3.4800000190734863,3.4149999618530273,3.4149999618530273,528127,0.0,0.0
2023-12-07 10:30:00-05:00,3.415600061416626,3.4200000762939453,3.359999895095825,3.375,335757,0.0,0.0
2023-12-07 11:30:00-05:00,3.375,3.3949999809265137,3.370500087738037,3.390000104904175,289143,0.0,0.0
2023-12-07 12:30:00-05:00,3.3949999809265137,3.430000066757202,3.390000104904175,3.424999952316284,240493,0.0,0.0
2023-12-07 13:30:00-05:00,3.4200000762939453,3.424999952316284,3.401400089263916,3.4100000858306885,124602,0.0,0.0
2023-12-07 14:30:00-05:00,3.4100000858306885,3.4200000762939453,3.3949999809265137,3.3949999809265137,222589,0.0,0.0
2023-12-07 15:30:00-05:00,3.3949999809265137,3.4100000858306885,3.3949999809265137,3.4000000953674316,109260,0.0,0.0
2023-12-08 09:30:00-05:00,3.390000104904175,3.4549999237060547,3.384999990463257,3.444999933242798,425352,0.0,0.0
2023-12-08 10:30:00-05:00,3.444999933242798,3.444999933242798,3.4000000953674316,3.4100000858306885,201660,0.0,0.0
2023-12-08 11:30:00-05:00,3.4100000858306885,3.4200000762939453,3.384999990463257,3.3993000984191895,117911,0.0,0.0
2023-12-08 12:30:00-05:00,3.4000000953674316,3.424999952316284,3.4000000953674316,3.4219000339508057,256741,0.0,0.0
2023-12-08 13:30:00-05:00,3.4212000370025635,3.430000066757202,3.4149999618530273,3.4200000762939453,102232,0.0,0.0
2023-12-08 14:30:00-05:00,3.4200000762939453,3.450000047683716,3.4126999378204346,3.444999933242798,241438,0.0,0.0
2023-12-08 15:30:00-05:00,3.449899911880493,3.4600000381469727,3.440000057220459,3.440000057220459,237411,0.0,0.0
2023-12-11 09:30:00-05:00,3.390000104904175,3.4000000953674316,3.375,3.380000114440918,347864,0.0,0.0
2023-12-11 10:30:00-05:00,3.380000114440918,3.4075000286102295,3.380000114440918,3.3949999809265137,70300,0.0,0.0
2023-12-11 11:30:00-05:00,3.3949999809265137,3.4000000953674316,3.380000114440918,3.389899969100952,93735,0.0,0.0
2023-12-11 12:30:00-05:00,3.390000104904175,3.4100000858306885,3.384999990463257,3.4000000953674316,107528,0.0,0.0
2023-12-11 13:30:00-05:00,3.4075000286102295,3.4100000858306885,3.4000000953674316,3.4049999713897705,28031,0.0,0.0
2023-12-11 14:30:00-05:00,3.4049999713897705,3.4200000762939453,3.4000000953674316,3.4100000858306885,48026,0.0,0.0
2023-12-11 15:30:00-05:00,3.4149999618530273,3.430000066757202,3.4149999618530273,3.4200000762939453,214080,0.0,0.0
2023-12-12 09:30:00-05:00,3.440000057220459,3.440000057220459,3.384999990463257,3.4075000286102295,241509,0.0,0.0
2023-12-12 10:30:00-05:00,3.4000000953674316,3.4200000762939453,3.390000104904175,3.4049999713897705,69964,0.0,0.0
2023-12-12 11:30:00-05:00,3.4049999713897705,3.4075000286102295,3.369999885559082,3.387500047683716,121617,0.0,0.0
2023-12-12 12:30:00-05:00,3.387500047683716,3.4000000953674316,3.369999885559082,3.3975000381469727,110384,0.0,0.0
2023-12-12 13:30:00-05:00,3.4000000953674316,3.4100000858306885,3.384999990463257,3.4100000858306885,95950,0.0,0.0
2023-12-12 14:30:00-05:00,3.4100000858306885,3.4100000858306885,3.4000000953674316,3.4000000953674316,57478,0.0,0.0
2023-12-12 15:30:00-05:00,3.4049999713897705,3.4100000858306885,3.390000104904175,3.4100000858306885,265560,0.0,0.0
2023-12-13 09:30:00-05:00,3.430000066757202,3.430000066757202,3.369999885559082,3.375,958440,0.0,0.0
2023-12-13 10:30:00-05:00,3.375,3.3949999809265137,3.369999885559082,3.369999885559082,214326,0.0,0.0
2023-12-13 11:30:00-05:00,3.377500057220459,3.380000114440918,3.365000009536743,3.375,106983,0.0,0.0
2023-12-13 12:30:00-05:00,3.375,3.4000000953674316,3.369999885559082,3.384999990463257,314610,0.0,0.0
2023-12-13 13:30:00-05:00,3.384999990463257,3.4800000190734863,3.380000114440918,3.4749999046325684,602476,0.0,0.0
2023-12-13 14:30:00-05:00,3.473299980163574,3.555000066757202,3.4649999141693115,3.5399999618530273,1214261,0.0,0.0
2023-12-13 15:30:00-05:00,3.5399999618530273,3.549999952316284,3.5318000316619873,3.549999952316284,313079,0.0,0.0
2023-12-14 09:30:00-05:00,3.5,3.5450000762939453,3.5,3.5299999713897705,875596,0.0,0.0
2023-12-14 10:30:00-05:00,3.5299999713897705,3.549999952316284,3.5199999809265137,3.5350000858306885,252289,0.0,0.0
2023-12-14 11:30:00-05:00,3.5299999713897705,3.549999952316284,3.5299999713897705,3.5399999618530273,194359,0.0,0.0
2023-12-14 12:30:00-05:00,3.5399999618530273,3.549999952316284,3.5299999713897705,3.5350000858306885,84989,0.0,0.0
2023-12-14 13:30:00-05:00,3.5350000858306885,3.5399999618530273,3.515000104904175,3.5299999713897705,142269,0.0,0.0
2023-12-14 14:30:00-05:00,3.5250000953674316,3.5399999618530273,3.5199999809265137,3.5399999618530273,206031,0.0,0.0
2023-12-14 15:30:00-05:00,3.5399999618530273,3.549999952316284,3.5299999713897705,3.5299999713897705,460228,0.0,0.0
2023-12-15 09:30:00-05:00,3.559999942779541,3.615000009536743,3.5399999618530273,3.5999999046325684,421680,0.0,0.0
2023-12-15 10:30:00-05:00,3.5999999046325684,3.630000114440918,3.5950000286102295,3.619999885559082,559616,0.0,0.0
2023-12-15 11:30:00-05:00,3.6198999881744385,3.6298999786376953,3.5824999809265137,3.5899999141693115,116919,0.0,0.0
2023-12-15 12:30:00-05:00,3.5899999141693115,3.609999895095825,3.5850000381469727,3.5999999046325684,285033,0.0,0.0
2023-12-15 13:30:00-05:00,3.5950000286102295,3.5999999046325684,3.569999933242798,3.569999933242798,234873,0.0,0.0
2023-12-15 14:30:00-05:00,3.569999933242798,3.5799999237060547,3.559999942779541,3.575000047683716,275393,0.0,0.0
2023-12-15 15:30:00-05:00,3.575000047683716,3.5899999141693115,3.570499897003174,3.5899999141693115,554888,0.0,0.0
2023-12-18 09:30:00-05:00,3.6700000762939453,3.740000009536743,3.6700000762939453,3.7100000381469727,727246,0.0,0.0
2023-12-18 10:30:00-05:00,3.7100000381469727,3.7300000190734863,3.690000057220459,3.7049999237060547,339994,0.0,0.0
2023-12-18 11:30:00-05:00,3.7014999389648438,3.7300000190734863,3.690000057220459,3.7249999046325684,178932,0.0,0.0
2023-12-18 12:30:00-05:00,3.7200000286102295,3.720099925994873,3.7100000381469727,3.718899965286255,131040,0.0,0.0
2023-12-18 13:30:00-05:00,3.7149999141693115,3.7300000190734863,3.7100000381469727,3.7100000381469727,127251,0.0,0.0
2023-12-18 14:30:00-05:00,3.7100000381469727,3.7200000286102295,3.700000047683716,3.7149999141693115,342911,0.0,0.0
2023-12-18 15:30:00-05:00,3.7100000381469727,3.7300000190734863,3.700000047683716,3.7249999046325684,514797,0.0,0.0
2023-12-19 09:30:00-05:00,3.7899999618530273,3.819999933242798,3.7701001167297363,3.7850000858306885,476613,0.0,0.0
2023-12-19 10:30:00-05:00,3.7799999713897705,3.7899999618530273,3.7699999809265137,3.7750000953674316,256713,0.0,0.0
2023-12-19 11:30:00-05:00,3.7750000953674316,3.7799999713897705,3.75,3.755000114440918,242301,0.0,0.0
2023-12-19 12:30:00-05:00,3.755000114440918,3.7799999713897705,3.755000114440918,3.765000104904175,132992,0.0,0.0
2023-12-19 13:30:00-05:00,3.765000104904175,3.7950000762939453,3.765000104904175,3.7899999618530273,517007,0.0,0.0
2023-12-19 14:30:00-05:00,3.7850000858306885,3.7899999618530273,3.7699999809265137,3.7799999713897705,238732,0.0,0.0
2023-12-19 15:30:00-05:00,3.7799999713897705,3.7899999618530273,3.7699999809265137,3.7799999713897705,529655,0.0,0.0
2023-12-20 09:30:00-05:00,3.759999990463257,3.7850000858306885,3.7411000728607178,3.744999885559082,665192,0.0,0.0
2023-12-20 10:30:00-05:00,3.75,3.7699999809265137,3.740999937057495,3.755000114440918,357452,0.0,0.0
2023-12-20 11:30:00-05:00,3.752500057220459,3.7590999603271484,3.7300000190734863,3.7300000190734863,164502,0.0,0.0
2023-12-20 12:30:00-05:00,3.7300000190734863,3.740000009536743,3.7200000286102295,3.7300000190734863,215051,0.0,0.0
2023-12-20 13:30:00-05:00,3.7300000190734863,3.740000009536743,3.720099925994873,3.740000009536743,185619,0.0,0.0
2023-12-20 14:30:00-05:00,3.740000009536743,3.740000009536743,3.6700000762939453,3.680000066757202,685818,0.0,0.0
2023-12-20 15:30:00-05:00,3.680000066757202,3.690000057220459,3.6700000762939453,3.674999952316284,351511,0.0,0.0
2023-12-21 09:30:00-05:00,3.809999942779541,3.8399999141693115,3.7850000858306885,3.8080999851226807,506715,0.0,0.0
2023-12-21 10:30:00-05:00,3.809999942779541,3.849100112915039,3.805000066757202,3.8350000381469727,235397,0.0,0.0
2023-12-21 11:30:00-05:00,3.8350000381469727,3.859999895095825,3.8299999237060547,3.849900007247925,330578,0.0,0.0
2023-12-21 12:30:00-05:00,3.8499999046325684,3.8550000190734863,3.8299999237060547,3.8350000381469727,258742,0.0,0.0
2023-12-21 13:30:00-05:00,3.8399999141693115,3.8399999141693115,3.822499990463257,3.8350000381469727,150703,0.0,0.0
2023-12-21 14:30:00-05:00,3.8299999237060547,3.8399999141693115,3.819999933242798,3.8350000381469727,442200,0.0,0.0
2023-12-21 15:30:00-05:00,3.8350000381469727,3.8499999046325684,3.8299999237060547,3.8399999141693115,546666,0.0,0.0
2023-12-22 09:30:00-05:00,3.890000104904175,3.8989999294281006,3.8450000286102295,3.8499999046325684,370047,0.0,0.0
2023-12-22 10:30:00-05:00,3.859999895095825,3.880000114440918,3.8399999141693115,3.875,391063,0.0,0.0
2023-12-22 11:30:00-05:00,3.880000114440918,3.890000104904175,3.869999885559082,3.884999990463257,147643,0.0,0.0
2023-12-22 12:30:00-05:00,3.890000104904175,3.9100000858306885,3.881700038909912,3.8949999809265137,411319,0.0,0.0
2023-12-22 13:30:00-05:00,3.890000104904175,3.890000104904175,3.8550000190734863,3.861999988555908,219070,0.0,0.0
2023-12-22 14:30:00-05:00,3.859999895095825,3.880000114440918,3.8550000190734863,3.880000114440918,242746,0.0,0.0
2023-12-22 15:30:00-05:00,3.869999885559082,3.8949999809265137,3.865000009536743,3.8949999809265137,485128,0.0,0.0
2023-12-26 09:30:00-05:00,3.9200000762939453,3.9700000286102295,3.9149999618530273,3.9600000381469727,264875,0.0,0.0
2023-12-26 10:30:00-05:00,3.9600000381469727,3.9700000286102295,3.940000057220459,3.940000057220459,328175,0.0,0.0
2023-12-26 11:30:00-05:00,3.944999933242798,3.9700000286102295,3.940000057220459,3.961899995803833,182197,0.0,0.0
2023-12-26 12:30:00-05:00,3.969899892807007,3.9700000286102295,3.9549999237060547,3.969899892807007,110290,0.0,0.0
2023-12-26 13:30:00-05:00,3.9649999141693115,3.9779999256134033,3.9549999237060547,3.9749999046325684,473061,0.0,0.0
2023-12-26 14:30:00-05:00,3.978800058364868,3.9800000190734863,3.9649999141693115,3.9800000190734863,136025,0.0,0.0
2023-12-26 15:30:00-05:00,3.9800000190734863,3.9800000190734863,3.950000047683716,3.950000047683716,430831,0.0,0.0
2023-12-27 09:30:00-05:00,3.9700000286102295,4.010000228881836,3.9700000286102295,4.010000228881836,211658,0.0,0.0
2023-12-27 10:30:00-05:00,4.005000114440918,4.025000095367432,4.0,4.005000114440918,87350,0.0,0.0
2023-12-27 11:30:00-05:00,4.005000114440918,4.03000020980835,4.0,4.025000095367432,109679,0.0,0.0
2023-12-27 12:30:00-05:00,4.021999835968018,4.03000020980835,4.010000228881836,4.010000228881836,357772,0.0,0.0
2023-12-27 13:30:00-05:00,4.010000228881836,4.019999980926514,3.992500066757202,4.005000114440918,103553,0.0,0.0
2023-12-27 14:30:00-05:00,4.0,4.010000228881836,3.990000009536743,3.994999885559082,263608,0.0,0.0
2023-12-27 15:30:00-05:00,3.994999885559082,4.005000114440918,3.990000009536743,4.005000114440918,298601,0.0,0.0
2023-12-28 09:30:00-05:00,3.9700000286102295,4.005000114440918,3.9700000286102295,4.0,196283,0.0,0.0
2023-12-28 10:30:00-05:00,4.0,4.010000228881836,3.9800000190734863,3.990000009536743,117684,0.0,0.0
2023-12-28 11:30:00-05:00,3.9800000190734863,3.994999885559082,3.9700000286102295,3.9700000286102295,123582,0.0,0.0
2023-12-28 12:30:00-05:00,3.9707999229431152,3.9800000190734863,3.9600000381469727,3.9749999046325684,180214,0.0,0.0
2023-12-28 13:30:00-05:00,3.9749999046325684,3.990000009536743,3.9700000286102295,3.984999895095825,161171,0.0,0.0
2023-12-28 14:30:00-05:00,3.984999895095825,3.990000009536743,3.9700000286102295,3.9700000286102295,305323,0.0,0.0
2023-12-28 15:30:00-05:00,3.9700000286102295,3.990000009536743,3.9700000286102295,3.990000009536743,910784,0.0,0.0
2023-12-29 09:30:00-05:00,3.990000009536743,3.990000009536743,3.9000000953674316,3.924999952316284,389848,0.0,0.0
2023-12-29 10:30:00-05:00,3.930000066757202,3.930000066757202,3.900099992752075,3.9149999618530273,151589,0.0,0.0
2023-12-29 11:30:00-05:00,3.9149999618530273,3.9149999618530273,3.9000000953674316,3.9100000858306885,127076,0.0,0.0
2023-12-29 12:30:00-05:00,3.9049999713897705,3.9200000762939453,3.9000000953674316,3.9049999713897705,201704,0.0,0.0
2023-12-29 13:30:00-05:00,3.9005000591278076,3.9100000858306885,3.9000000953674316,3.9100000858306885,121981,0.0,0.0
2023-12-29 14:30:00-05:00,3.9100000858306885,3.930000066757202,3.9100000858306885,3.9200000762939453,209931,0.0,0.0
2023-12-29 15:30:00-05:00,3.9200000762939453,3.9200000762939453,3.9100000858306885,3.9200000762939453,159556,0.0,0.0
2024-01-02 09:30:00-05:00,3.930000066757202,3.9600000381469727,3.9100000858306885,3.9200000762939453,461037,0.0,0.0
2024-01-02 10:30:00-05:00,3.9149999618530273,3.9298999309539795,3.9000000953674316,3.9200000762939453,250164,0.0,0.0
2024-01-02 11:30:00-05:00,3.9149999618530273,3.940000057220459,3.9049999713897705,3.930000066757202,168985,0.0,0.0
2024-01-02 12:30:00-05:00,3.938800096511841,3.940000057220459,3.875,3.8949999809265137,407572,0.0,0.0
2024-01-02 13:30:00-05:00,3.8949999809265137,3.9000000953674316,3.869999885559082,3.890000104904175,267697,0.0,0.0
2024-01-02 14:30:00-05:00,3.882499933242798,3.890000104904175,3.859999895095825,3.869999885559082,353808,0.0,0.0
2024-01-02 15:30:00-05:00,3.869999885559082,3.9000000953674316,3.8687000274658203,3.9000000953674316,325705,0.0,0.0
2024-01-03 09:30:00-05:00,3.859999895095825,3.9200000762939453,3.8550000190734863,3.9000000953674316,414276,0.0,0.0
2024-01-03 10:30:00-05:00,3.9000000953674316,3.9175000190734863,3.880000114440918,3.9049999713897705,168140,0.0,0.0
2024-01-03 11:30:00-05:00,3.9100000858306885,3.930000066757202,3.9049999713897705,3.9286999702453613,89221,0.0,0.0
2024-01-03 12:30:00-05:00,3.924999952316284,3.97979998588562,3.924999952316284,3.9700000286102295,746367,0.0,0.0
2024-01-03 13:30:00-05:00,3.9700000286102295,3.9800000190734863,3.950000047683716,3.9800000190734863,492402,0.0,0.0
2024-01-03 14:30:00-05:00,3.9800000190734863,3.984999895095825,3.930000066757202,3.930000066757202,167130,0.0,0.0
2024-01-03 15:30:00-05:00,3.9316000938415527,3.940000057220459,3.922499895095825,3.934999942779541,262062,0.0,0.0
2024-01-04 09:30:00-05:00,3.8399999141693115,3.859999895095825,3.821899890899658,3.859999895095825,600748,0.0,0.0
2024-01-04 10:30:00-05:00,3.859999895095825,3.9000000953674316,3.8550000190734863,3.890000104904175,135578,0.0,0.0
2024-01-04 11:30:00-05:00,3.890000104904175,3.8949999809265137,3.865000009536743,3.875,153359,0.0,0.0
2024-01-04 12:30:00-05:00,3.869999885559082,3.889899969100952,3.865000009536743,3.875,190004,0.0,0.0
2024-01-04 13:30:00-05:00,3.875,3.880000114440918,3.860100030899048,3.875,231520,0.0,0.0
2024-01-04 14:30:00-05:00,3.875,3.880000114440918,3.8499999046325684,3.859999895095825,571437,0.0,0.0
2024-01-04 15:30:00-05:00,3.865000009536743,3.880000114440918,3.865000009536743,3.875,271738,0.0,0.0
2024-01-05 09:30:00-05:00,3.8499999046325684,3.940000057220459,3.8499999046325684,3.934999942779541,399137,0.0,0.0
2024-01-05 10:30:00-05:00,3.940000057220459,3.950000047683716,3.910099983215332,3.9149999618530273,191265,0.0,0.0
2024-01-05 11:30:00-05:00,3.9200000762939453,3.9200000762939453,3.8949999809265137,3.900099992752075,79489,0.0,0.0
2024-01-05 12:30:00-05:00,3.9000000953674316,3.9200000762939453,3.880000114440918,3.9000000953674316,144733,0.0,0.0
2024-01-05 13:30:00-05:00,3.899899959564209,3.930000066757202,3.8921000957489014,3.9149999618530273,161807,0.0,0.0
2024-01-05 14:30:00-05:00,3.9100000858306885,3.9149999618530273,3.884999990463257,3.9000000953674316,410573,0.0,0.0
2024-01-05 15:30:00-05:00,3.8949999809265137,3.9200000762939453,3.890000104904175,3.9100000858306885,162733,0.0,0.0
2024-01-08 09:30:00-05:00,3.8499999046325684,3.9000000953674316,3.8450000286102295,3.899899959564209,228382,0.0,0.0
2024-01-08 10:30:00-05:00,3.9000000953674316,3.9282000064849854,3.890000104904175,3.9200000762939453,258719,0.0,0.0
2024-01-08 11:30:00-05:00,3.9200000762939453,3.934999942779541,3.9149999618530273,3.9149999618530273,133259,0.0,0.0
2024-01-08 12:30:00-05:00,3.9200000762939453,3.930000066757202,3.9100000858306885,3.9149999618530273,173777,0.0,0.0
2024-01-08 13:30:00-05:00,3.9149999618530273,3.930000066757202,3.9049999713897705,3.930000066757202,147670,0.0,0.0
2024-01-08 14:30:00-05:00,3.930000066757202,3.940000057220459,3.9100000858306885,3.9149999618530273,192739,0.0,0.0
2024-01-08 15:30:00-05:00,3.9149999618530273,3.9200000762939453,3.9100000858306885,3.9200000762939453,195841,0.0,0.0
2024-01-09 09:30:00-05:00,3.8299999237060547,3.8299999237060547,3.7799999713897705,3.7950000762939453,354724,0.0,0.0
2024-01-09 10:30:00-05:00,3.7950000762939453,3.799999952316284,3.7799999713897705,3.7799999713897705,343228,0.0,0.0
2024-01-09 11:30:00-05:00,3.7850000858306885,3.7899999618530273,3.755000114440918,3.755000114440918,320990,0.0,0.0
2024-01-09 12:30:00-05:00,3.759999990463257,3.7699999809265137,3.740000009536743,3.744999885559082,310293,0.0,0.0
2024-01-09 13:30:00-05:00,3.740000009536743,3.75,3.7100000381469727,3.710099935531616,203447,0.0,0.0
2024-01-09 14:30:00-05:00,3.7149999141693115,3.7249999046325684,3.700000047683716,3.7000999450683594,438345,0.0,0.0
2024-01-09 15:30:00-05:00,3.7100000381469727,3.7100000381469727,3.690000057220459,3.700000047683716,305164,0.0,0.0
2024-01-10 09:30:00-05:00,3.5999999046325684,3.5999999046325684,3.549999952316284,3.5799999237060547,615844,0.0,0.0
2024-01-10 10:30:00-05:00,3.569999933242798,3.5999999046325684,3.569999933242798,3.5999999046325684,213021,0.0,0.0
2024-01-10 11:30:00-05:00,3.5975000858306885,3.609999895095825,3.5899999141693115,3.609999895095825,127994,0.0,0.0
2024-01-10 12:30:00-05:00,3.6050000190734863,3.630000114440918,3.6050000190734863,3.6075000762939453,168497,0.0,0.0
2024-01-10 13:30:00-05:00,3.6050000190734863,3.6298999786376953,3.5999999046325684,3.619999885559082,591749,0.0,0.0
2024-01-10 14:30:00-05:00,3.615000009536743,3.630000114440918,3.6050000190734863,3.6050000190734863,428585,0.0,0.0
2024-01-10 15:30:00-05:00,3.609299898147583,3.619999885559082,3.5999999046325684,3.619999885559082,500772,0.0,0.0
2024-01-11 09:30:00-05:00,3.630000114440918,3.6449999809265137,3.565000057220459,3.5999999046325684,372055,0.0,0.0
2024-01-11 10:30:00-05:00,3.5999999046325684,3.619999885559082,3.5950000286102295,3.5999999046325684,235159,0.0,0.0
2024-01-11 11:30:00-05:00,3.5999999046325684,3.619999885559082,3.5989999771118164,3.5999999046325684,198118,0.0,0.0
2024-01-11 12:30:00-05:00,3.5999999046325684,3.627500057220459,3.5899999141693115,3.615000009536743,217023,0.0,0.0
2024-01-11 13:30:00-05:00,3.609999895095825,3.630000114440918,3.601900100708008,3.625,375822,0.0,0.0
2024-01-11 14:30:00-05:00,3.630000114440918,3.630000114440918,3.609999895095825,3.619999885559082,399799,0.0,0.0
2024-01-11 15:30:00-05:00,3.619999885559082,3.627500057220459,3.609999895095825,3.615000009536743,159286,0.0,0.0
2024-01-12 09:30:00-05:00,3.6700000762939453,3.694999933242798,3.6500000953674316,3.6500000953674316,408457,0.0,0.0
2024-01-12 10:30:00-05:00,3.6500000953674316,3.6549999713897705,3.6050000190734863,3.6298999786376953,296133,0.0,0.0
2024-01-12 11:30:00-05:00,3.6247000694274902,3.630000114440918,3.6050000190734863,3.609999895095825,125842,0.0,0.0
2024-01-12 12:30:00-05:00,3.615000009536743,3.630000114440918,3.6024999618530273,3.619999885559082,147007,0.0,0.0
2024-01-12 13:30:00-05:00,3.625,3.640000104904175,3.615000009536743,3.630000114440918,449804,0.0,0.0
2024-01-12 14:30:00-05:00,3.630000114440918,3.640000104904175,3.619999885559082,3.630000114440918,662434,0.0,0.0
2024-01-12 15:30:00-05:00,3.630000114440918,3.6500000953674316,3.625699996948242,3.640000104904175,475717,0.0,0.0
2024-01-16 09:30:00-05:00,3.509999990463257,3.5299999713897705,3.470099925994873,3.4899001121520996,689292,0.0,0.0
2024-01-16 10:30:00-05:00,3.4800000190734863,3.505000114440918,3.4700000286102295,3.48009991645813,549590,0.0,0.0
2024-01-16 11:30:00-05:00,3.4800000190734863,3.494999885559082,3.440000057220459,3.444999933242798,776380,0.0,0.0
2024-01-16 12:30:00-05:00,3.444999933242798,3.4600000381469727,3.442500114440918,3.450000047683716,794555,0.0,0.0
2024-01-16 13:30:00-05:00,3.450000047683716,3.4600000381469727,3.430000066757202,3.440000057220459,471404,0.0,0.0
2024-01-16 14:30:00-05:00,3.450000047683716,3.4700000286102295,3.440000057220459,3.450000047683716,657120,0.0,0.0
2024-01-16 15:30:00-05:00,3.450000047683716,3.4600000381469727,3.450000047683716,3.4600000381469727,175662,0.0,0.0
2024-01-17 09:30:00-05:00,3.4000000953674316,3.4149999618530273,3.380000114440918,3.390000104904175,481965,0.0,0.0
2024-01-17 10:30:00-05:00,3.390000104904175,3.3949999809265137,3.369999885559082,3.375,359655,0.0,0.0
2024-01-17 11:30:00-05:00,3.375,3.390000104904175,3.359999895095825,3.359999895095825,109716,0.0,0.0
2024-01-17 12:30:00-05:00,3.359999895095825,3.369999885559082,3.3524999618530273,3.359999895095825,278930,0.0,0.0
2024-01-17 13:30:00-05:00,3.359999895095825,3.369999885559082,3.3499999046325684,3.359999895095825,364308,0.0,0.0
2024-01-17 14:30:00-05:00,3.359999895095825,3.369999885559082,3.3499999046325684,3.359999895095825,305047,0.0,0.0
2024-01-17 15:30:00-05:00,3.3550000190734863,3.369999885559082,3.3499999046325684,3.369999885559082,415091,0.0,0.0
2024-01-18 09:30:00-05:00,3.4000000953674316,3.4149999618530273,3.380000114440918,3.380000114440918,662878,0.0,0.0
2024-01-18 10:30:00-05:00,3.390000104904175,3.4000000953674316,3.360100030899048,3.3949999809265137,720681,0.0,0.0
2024-01-18 11:30:00-05:00,3.3949999809265137,3.3949999809265137,3.359999895095825,3.375,174531,0.0,0.0
2024-01-18 12:30:00-05:00,3.369999885559082,3.380000114440918,3.359999895095825,3.369999885559082,149562,0.0,0.0
2024-01-18 13:30:00-05:00,3.369999885559082,3.4600000381469727,3.369999885559082,3.4600000381469727,838585,0.0,0.0
2024-01-18 14:30:00-05:00,3.4600000381469727,3.4700000286102295,3.4393999576568604,3.440000057220459,644975,0.0,0.0
2024-01-18 15:30:00-05:00,3.447499990463257,3.450000047683716,3.430000066757202,3.450000047683716,339094,0.0,0.0
2024-01-19 09:30:00-05:00,3.430000066757202,3.449399948120117,3.4049999713897705,3.424999952316284,822020,0.0,0.0
2024-01-19 10:30:00-05:00,3.424999952316284,3.450000047683716,3.4200000762939453,3.444999933242798,95831,0.0,0.0
2024-01-19 11:30:00-05:00,3.450000047683716,3.4800000190734863,3.444999933242798,3.4749999046325684,134548,0.0,0.0
2024-01-19 12:30:00-05:00,3.4749999046325684,3.494999885559082,3.4600000381469727,3.494999885559082,203204,0.0,0.0
2024-01-19 13:30:00-05:00,3.5,3.5,3.4800000190734863,3.490000009536743,86940,0.0,0.0
2024-01-19 14:30:00-05:00,3.484999895095825,3.490000009536743,3.4800000190734863,3.4800000190734863,60169,0.0,0.0
2024-01-19 15:30:00-05:00,3.4800000190734863,3.488300085067749,3.4700000286102295,3.4800000190734863,198891,0.0,0.0
2024-01-22 09:30:00-05:00,3.4200000762939453,3.4749999046325684,3.4100000858306885,3.4600000381469727,285271,0.0,0.0
2024-01-22 10:30:00-05:00,3.4600000381469727,3.4607999324798584,3.4240000247955322,3.424999952316284,198091,0.0,0.0
2024-01-22 11:30:00-05:00,3.430000066757202,3.440000057220459,3.4100000858306885,3.440000057220459,158998,0.0,0.0
2024-01-22 12:30:00-05:00,3.434999942779541,3.440000057220459,3.4149999618530273,3.4149999618530273,282987,0.0,0.0
2024-01-22 13:30:00-05:00,3.4100000858306885,3.4200000762939453,3.3949999809265137,3.4000000953674316,233854,0.0,0.0
2024-01-22 14:30:00-05:00,3.3949999809265137,3.4100000858306885,3.3949999809265137,3.4100000858306885,126881,0.0,0.0
2024-01-22 15:30:00-05:00,3.4049999713897705,3.4200000762939453,3.4000000953674316,3.4200000762939453,443384,0.0,0.0
2024-01-23 09:30:00-05:00,3.4700000286102295,3.509999990463257,3.4600000381469727,3.50219988822937,362203,0.0,0.0
2024-01-23 10:30:00-05:00,3.505000114440918,3.505000114440918,3.4600000381469727,3.4749999046325684,204179,0.0,0.0
2024-01-23 11:30:00-05:00,3.4749999046325684,3.4800000190734863,3.4649999141693115,3.4700000286102295,220078,0.0,0.0
2024-01-23 12:30:00-05:00,3.4700000286102295,3.4800000190734863,3.4649999141693115,3.4800000190734863,114585,0.0,0.0
2024-01-23 13:30:00-05:00,3.4749999046325684,3.490000009536743,3.4600000381469727,3.4649999141693115,104390,0.0,0.0
2024-01-23 14:30:00-05:00,3.4649999141693115,3.5,3.4649999141693115,3.490000009536743,360395,0.0,0.0
2024-01-23 15:30:00-05:00,3.490000009536743,3.494999885559082,3.4800000190734863,3.494999885559082,157317,0.0,0.0
2024-01-24 09:30:00-05:00,3.6500000953674316,3.6600000858306885,3.5899999141693115,3.619999885559082,493797,0.0,0.0
2024-01-24 10:30:00-05:00,3.619999885559082,3.640000104904175,3.6050000190734863,3.619999885559082,227026,0.0,0.0
2024-01-24 11:30:00-05:00,3.615000009536743,3.625,3.5940001010894775,3.615000009536743,183340,0.0,0.0
2024-01-24 12:30:00-05:00,3.619999885559082,3.634999990463257,3.609999895095825,3.609999895095825,275900,0.0,0.0
2024-01-24 13:30:00-05:00,3.609999895095825,3.619999885559082,3.569999933242798,3.5899999141693115,319204,0.0,0.0
2024-01-24 14:30:00-05:00,3.5899999141693115,3.5999999046325684,3.569999933242798,3.58489990234375,304623,0.0,0.0
2024-01-24 15:30:00-05:00,3.5850000381469727,3.5999999046325684,3.5799999237060547,3.5799999237060547,323480,0.0,0.0
2024-01-25 09:30:00-05:00,3.5899999141693115,3.630000114440918,3.5850000381469727,3.609999895095825,523888,0.0,0.0
2024-01-25 10:30:00-05:00,3.609999895095825,3.619999885559082,3.569999933242798,3.575000047683716,444620,0.0,0.0
2024-01-25 11:30:00-05:00,3.575000047683716,3.5899999141693115,3.559999942779541,3.575000047683716,831674,0.0,0.0
2024-01-25 12:30:00-05:00,3.569999933242798,3.5899999141693115,3.555000066757202,3.5850000381469727,555376,0.0,0.0
2024-01-25 13:30:00-05:00,3.5850000381469727,3.588599920272827,3.559999942779541,3.588599920272827,313908,0.0,0.0
2024-01-25 14:30:00-05:00,3.5850000381469727,3.5999999046325684,3.559999942779541,3.5999999046325684,688861,0.0,0.0
2024-01-25 15:30:00-05:00,3.5999999046325684,3.609999895095825,3.5950000286102295,3.609999895095825,253783,0.0,0.0
2024-01-26 09:30:00-05:00,3.690000057220459,3.7100000381469727,3.6700000762939453,3.70989990234375,928595,0.0,0.0
2024-01-26 10:30:00-05:00,3.7100000381469727,3.7300000190734863,3.6700000762939453,3.675600051879883,423654,0.0,0.0
2024-01-26 11:30:00-05:00,3.6700000762939453,3.7155001163482666,3.6700000762939453,3.7149999141693115,264020,0.0,0.0
2024-01-26 12:30:00-05:00,3.7100000381469727,3.7149999141693115,3.684999942779541,3.694999933242798,416050,0.0,0.0
2024-01-26 13:30:00-05:00,3.694999933242798,3.705899953842163,3.684999942779541,3.684999942779541,296202,0.0,0.0
2024-01-26 14:30:00-05:00,3.684999942779541,3.690000057220459,3.6700000762939453,3.6700000762939453,370157,0.0,0.0
2024-01-26 15:30:00-05:00,3.6700000762939453,3.680000066757202,3.6600000858306885,3.6700000762939453,221927,0.0,0.0
2024-01-29 09:30:00-05:00,3.630000114440918,3.630000114440918,3.559999942779541,3.565000057220459,589153,0.0,0.0
2024-01-29 10:30:00-05:00,3.5697999000549316,3.587899923324585,3.555000066757202,3.569999933242798,865597,0.0,0.0
2024-01-29 11:30:00-05:00,3.569999933242798,3.5999999046325684,3.549999952316284,3.5899999141693115,830051,0.0,0.0
2024-01-29 12:30:00-05:00,3.5899999141693115,3.5999999046325684,3.569999933242798,3.5850000381469727,401561,0.0,0.0
2024-01-29 13:30:00-05:00,3.5850000381469727,3.609999895095825,3.5799999237060547,3.5950000286102295,267830,0.0,0.0
2024-01-29 14:30:00-05:00,3.5999999046325684,3.630000114440918,3.5899999141693115,3.630000114440918,401830,0.0,0.0
2024-01-29 15:30:00-05:00,3.625,3.630000114440918,3.619999885559082,3.619999885559082,124078,0.0,0.0
2024-01-30 09:30:00-05:00,3.5799999237060547,3.5899999141693115,3.5299999713897705,3.5399999618530273,657499,0.0,0.0
2024-01-30 10:30:00-05:00,3.5399999618530273,3.5678999423980713,3.5399999618530273,3.549999952316284,258357,0.0,0.0
2024-01-30 11:30:00-05:00,3.555000066757202,3.5799999237060547,3.555000066757202,3.5799999237060547,408017,0.0,0.0
2024-01-30 12:30:00-05:00,3.5787999629974365,3.589400053024292,3.565000057220459,3.569999933242798,573784,0.0,0.0
2024-01-30 13:30:00-05:00,3.575000047683716,3.5899999141693115,3.565000057220459,3.5850000381469727,177291,0.0,0.0
2024-01-30 14:30:00-05:00,3.5850000381469727,3.5899999141693115,3.569999933242798,3.5899999141693115,101680,0.0,0.0
2024-01-30 15:30:00-05:00,3.5799999237060547,3.5899999141693115,3.569999933242798,3.575000047683716,157555,0.0,0.0
2024-01-31 09:30:00-05:00,3.559999942779541,3.5999999046325684,3.559999942779541,3.5999999046325684,326249,0.0,0.0
2024-01-31 10:30:00-05:00,3.5999999046325684,3.609999895095825,3.5899999141693115,3.5899999141693115,179184,0.0,0.0
2024-01-31 11:30:00-05:00,3.5899999141693115,3.5906999111175537,3.575000047683716,3.5799999237060547,320767,0.0,0.0
2024-01-31 12:30:00-05:00,3.5799999237060547,3.5899999141693115,3.559999942779541,3.565000057220459,201842,0.0,0.0
2024-01-31 13:30:00-05:00,3.565000057220459,3.5899999141693115,3.540600061416626,3.5511999130249023,610744,0.0,0.0
2024-01-31 14:30:00-05:00,3.549999952316284,3.6050000190734863,3.5350000858306885,3.5450000762939453,1229785,0.0,0.0
2024-01-31 15:30:00-05:00,3.5450000762939453,3.5450000762939453,3.5250000953674316,3.5299999713897705,447989,0.0,0.0
2024-02-01 09:30:00-05:00,3.5399999618530273,3.555000066757202,3.5,3.51990008354187,376758,0.0,0.0
2024-02-01 10:30:00-05:00,3.5139999389648438,3.5399999618530273,3.509999990463257,3.5134999752044678,281846,0.0,0.0
2024-02-01 11:30:00-05:00,3.515000104904175,3.569999933242798,3.515000104904175,3.5350000858306885,279581,0.0,0.0
2024-02-01 12:30:00-05:00,3.5350000858306885,3.555000066757202,3.5250000953674316,3.5399999618530273,432606,0.0,0.0
2024-02-01 13:30:00-05:00,3.5450000762939453,3.559999942779541,3.5350000858306885,3.5450000762939453,332991,0.0,0.0
2024-02-01 14:30:00-05:00,3.5450000762939453,3.549999952316284,3.5299999713897705,3.549999952316284,403698,0.0,0.0
2024-02-01 15:30:00-05:00,3.549999952316284,3.549999952316284,3.5399999618530273,3.5480000972747803,154619,0.0,0.0
2024-02-02 09:30:00-05:00,3.4600000381469727,3.4600000381469727,3.4100000858306885,3.4100000858306885,485379,0.0,0.0
2024-02-02 10:30:00-05:00,3.4200000762939453,3.440000057220459,3.402100086212158,3.434999942779541,392364,0.0,0.0
2024-02-02 11:30:00-05:00,3.440000057220459,3.444999933242798,3.4149999618530273,3.4393999576568604,208031,0.0,0.0
2024-02-02 12:30:00-05:00,3.440000057220459,3.444999933242798,3.420099973678589,3.434999942779541,202450,0.0,0.0
2024-02-02 13:30:00-05:00,3.434999942779541,3.444999933242798,3.430000066757202,3.440000057220459,87114,0.0,0.0
2024-02-02 14:30:00-05:00,3.440000057220459,3.448499917984009,3.424999952316284,3.440000057220459,242873,0.0,0.0
2024-02-02 15:30:00-05:00,3.440000057220459,3.440000057220459,3.4200000762939453,3.4200000762939453,155475,0.0,0.0
2024-02-05 09:30:00-05:00,3.4100000858306885,3.4149999618530273,3.359999895095825,3.3887999057769775,612078,0.0,0.0
2024-02-05 10:30:00-05:00,3.380000114440918,3.424999952316284,3.369999885559082,3.4049999713897705,748789,0.0,0.0
2024-02-05 11:30:00-05:00,3.4091999530792236,3.4600000381469727,3.4049999713897705,3.453700065612793,321700,0.0,0.0
2024-02-05 12:30:00-05:00,3.450000047683716,3.4600000381469727,3.434999942779541,3.444999933242798,354898,0.0,0.0
2024-02-05 13:30:00-05:00,3.444999933242798,3.4600000381469727,3.434999942779541,3.450000047683716,200205,0.0,0.0
2024-02-05 14:30:00-05:00,3.4549999237060547,3.4649999141693115,3.440000057220459,3.4649999141693115,183881,0.0,0.0
2024-02-05 15:30:00-05:00,3.4649999141693115,3.4700000286102295,3.450000047683716,3.450000047683716,320367,0.0,0.0
2024-02-06 09:30:00-05:00,3.509999990463257,3.5799999237060547,3.509999990463257,3.569999933242798,1119471,0.0,0.0
2024-02-06 10:30:00-05:00,3.569999933242798,3.615000009536743,3.553999900817871,3.609999895095825,538227,0.0,0.0
2024-02-06 11:30:00-05:00,3.615000009536743,3.640000104904175,3.5999999046325684,3.630000114440918,460610,0.0,0.0
2024-02-06 12:30:00-05:00,3.625,3.630000114440918,3.5999999046325684,3.6050000190734863,265311,0.0,0.0
2024-02-06 13:30:00-05:00,3.6050000190734863,3.609999895095825,3.5850000381469727,3.5899999141693115,432445,0.0,0.0
2024-02-06 14:30:00-05:00,3.5950000286102295,3.6050000190734863,3.5850000381469727,3.5899999141693115,276295,0.0,0.0
2024-02-06 15:30:00-05:00,3.5899999141693115,3.5999999046325684,3.5899999141693115,3.5899999141693115,149994,0.0,0.0
2024-02-07 09:30:00-05:00,3.619999885559082,3.640000104904175,3.5950000286102295,3.620800018310547,754281,0.0,0.0
2024-02-07 10:30:00-05:00,3.619999885559082,3.6449999809265137,3.609999895095825,3.630000114440918,315175,0.0,0.0
2024-02-07 11:30:00-05:00,3.634999990463257,3.640000104904175,3.5950000286102295,3.5950000286102295,199354,0.0,0.0
2024-02-07 12:30:00-05:00,3.5950000286102295,3.6449999809265137,3.5950000286102295,3.635999917984009,766063,0.0,0.0
2024-02-07 13:30:00-05:00,3.630000114440918,3.6700000762939453,3.624000072479248,3.6549999713897705,584961,0.0,0.0
2024-02-07 14:30:00-05:00,3.6600000858306885,3.696000099182129,3.6500000953674316,3.6700000762939453,515295,0.0,0.0
2024-02-07 15:30:00-05:00,3.6700000762939453,3.680000066757202,3.6600000858306885,3.680000066757202,315430,0.0,0.0
2024-02-08 09:30:00-05:00,3.640000104904175,3.640000104904175,3.569999933242798,3.590100049972534,691324,0.0,0.0
2024-02-08 10:30:00-05:00,3.5950000286102295,3.5999999046325684,3.563999891281128,3.569999933242798,289015,0.0,0.0
2024-02-08 11:30:00-05:00,3.569999933242798,3.587899923324585,3.565000057220459,3.575000047683716,770843,0.0,0.0
2024-02-08 12:30:00-05:00,3.575000047683716,3.5799999237060547,3.555000066757202,3.575000047683716,620314,0.0,0.0
2024-02-08 13:30:00-05:00,3.575000047683716,3.5799999237060547,3.559999942779541,3.5799999237060547,229081,0.0,0.0
2024-02-08 14:30:00-05:00,3.5799999237060547,3.5899999141693115,3.565000057220459,3.569999933242798,175729,0.0,0.0
2024-02-08 15:30:00-05:00,3.569999933242798,3.5799999237060547,3.56030011177063,3.565000057220459,352529,0.0,0.0
2024-02-09 09:30:00-05:00,3.569999933242798,3.569999933242798,3.4700000286102295,3.4804999828338623,730854,0.0,0.0
2024-02-09 10:30:00-05:00,3.4800000190734863,3.5399999618530273,3.4749999046325684,3.5199999809265137,1062827,0.0,0.0
2024-02-09 11:30:00-05:00,3.5250000953674316,3.559999942779541,3.5199999809265137,3.559999942779541,230700,0.0,0.0
2024-02-09 12:30:00-05:00,3.5599000453948975,3.569999933242798,3.5439999103546143,3.565000057220459,208252,0.0,0.0
2024-02-09 13:30:00-05:00,3.565000057220459,3.5999999046325684,3.552500009536743,3.590100049972534,411247,0.0,0.0
2024-02-09 14:30:00-05:00,3.5899999141693115,3.5950000286102295,3.561000108718872,3.569999933242798,559414,0.0,0.0
2024-02-09 15:30:00-05:00,3.565000057220459,3.569999933242798,3.549999952316284,3.555000066757202,88026,0.0,0.0
2024-02-12 09:30:00-05:00,3.569999933242798,3.630000114440918,3.5450000762939453,3.569999933242798,259703,0.0,0.0
2024-02-12 10:30:00-05:00,3.569999933242798,3.578399896621704,3.549999952316284,3.559999942779541,94959,0.0,0.0
2024-02-12 11:30:00-05:00,3.559999942779541,3.569999933242798,3.550100088119507,3.559999942779541,64436,0.0,0.0
2024-02-12 12:30:00-05:00,3.559999942779541,3.565000057220459,3.5399999618530273,3.5399999618530273,82817,0.0,0.0
2024-02-12 13:30:00-05:00,3.549999952316284,3.569999933242798,3.5399999618530273,3.549999952316284,417685,0.0,0.0
2024-02-12 14:30:00-05:00,3.549999952316284,3.559999942779541,3.549999952316284,3.555000066757202,49504,0.0,0.0
2024-02-12 15:30:00-05:00,3.555000066757202,3.559999942779541,3.549999952316284,3.555000066757202,74248,0.0,0.0
2024-02-13 09:30:00-05:00,3.4000000953674316,3.5299999713897705,3.380000114440918,3.4200000762939453,628465,0.0,0.0
2024-02-13 10:30:00-05:00,3.4149999618530273,3.430000066757202,3.4000000953674316,3.4200000762939453,294656,0.0,0.0
2024-02-13 11:30:00-05:00,3.4149999618530273,3.4800000190734863,3.4149999618530273,3.4800000190734863,687731,0.0,0.0
2024-02-13 12:30:00-05:00,3.4749999046325684,3.4800000190734863,3.4600000381469727,3.4700000286102295,113331,0.0,0.0
2024-02-13 13:30:00-05:00,3.4625000953674316,3.4700000286102295,3.440000057220459,3.450000047683716,142262,0.0,0.0
2024-02-13 14:30:00-05:00,3.444999933242798,3.4600000381469727,3.440000057220459,3.450000047683716,177582,0.0,0.0
2024-02-13 15:30:00-05:00,3.450000047683716,3.4700000286102295,3.444999933242798,3.4700000286102295,183208,0.0,0.0
2024-02-14 09:30:00-05:00,3.5199999809265137,3.555000066757202,3.5000998973846436,3.5350000858306885,213178,0.0,0.0
2024-02-14 10:30:00-05:00,3.5350000858306885,3.5399999618530273,3.5,3.5250000953674316,679699,0.0,0.0
2024-02-14 11:30:00-05:00,3.5199999809265137,3.559999942779541,3.5199999809265137,3.5299999713897705,601150,0.0,0.0
2024-02-14 12:30:00-05:00,3.5350000858306885,3.5399999618530273,3.51200008392334,3.5199999809265137,231559,0.0,0.0
2024-02-14 13:30:00-05:00,3.5299999713897705,3.5299999713897705,3.5,3.5299999713897705,550194,0.0,0.0
2024-02-14 14:30:00-05:00,3.5299999713897705,3.549999952316284,3.511899948120117,3.5399999618530273,448698,0.0,0.0
2024-02-14 15:30:00-05:00,3.5374999046325684,3.5399999618530273,3.5250000953674316,3.5350000858306885,195238,0.0,0.0
2024-02-15 09:30:00-05:00,3.6700000762939453,3.7249999046325684,3.6600000858306885,3.7049999237060547,892650,0.0,0.0
2024-02-15 10:30:00-05:00,3.700000047683716,3.7249999046325684,3.680000066757202,3.690000057220459,444281,0.0,0.0
2024-02-15 11:30:00-05:00,3.690000057220459,3.7049999237060547,3.6700000762939453,3.700000047683716,553541,0.0,0.0
2024-02-15 12:30:00-05:00,3.7100000381469727,3.7100000381469727,3.6700000762939453,3.674999952316284,379868,0.0,0.0
2024-02-15 13:30:00-05:00,3.680000066757202,3.688199996948242,3.6600000858306885,3.660099983215332,331326,0.0,0.0
2024-02-15 14:30:00-05:00,3.6649999618530273,3.680000066757202,3.6600000858306885,3.6600000858306885,264518,0.0,0.0
2024-02-15 15:30:00-05:00,3.6649999618530273,3.680000066757202,3.6600000858306885,3.6600000858306885,478413,0.0,0.0
2024-02-16 09:30:00-05:00,3.740000009536743,3.808000087738037,3.740000009536743,3.7950000762939453,746890,0.0,0.0
2024-02-16 10:30:00-05:00,3.7899999618530273,3.799999952316284,3.780100107192993,3.7950000762939453,397003,0.0,0.0
2024-02-16 11:30:00-05:00,3.799999952316284,3.799999952316284,3.7799999713897705,3.7850000858306885,215890,0.0,0.0
2024-02-16 12:30:00-05:00,3.7850000858306885,3.8259999752044678,3.7799999713897705,3.819999933242798,295610,0.0,0.0
2024-02-16 13:30:00-05:00,3.819999933242798,3.8399999141693115,3.809999942779541,3.825000047683716,423195,0.0,0.0
2024-02-16 14:30:00-05:00,3.819999933242798,3.8280999660491943,3.7799999713897705,3.7899999618530273,390438,0.0,0.0
2024-02-16 15:30:00-05:00,3.7899999618530273,3.799999952316284,3.7899999618530273,3.799999952316284,248781,0.0,0.0
2024-02-20 09:30:00-05:00,3.680000066757202,3.690000057220459,3.609999895095825,3.625,607913,0.0,0.0
2024-02-20 10:30:00-05:00,3.619999885559082,3.6500000953674316,3.5999999046325684,3.619999885559082,444721,0.0,0.0
2024-02-20 11:30:00-05:00,3.615000009536743,3.640000104904175,3.5999999046325684,3.6050000190734863,683549,0.0,0.0
2024-02-20 12:30:00-05:00,3.6098999977111816,3.630000114440918,3.5950000286102295,3.6050000190734863,667756,0.0,0.0
2024-02-20 13:30:00-05:00,3.6050000190734863,3.619999885559082,3.5899999141693115,3.619999885559082,456210,0.0,0.0
2024-02-20 14:30:00-05:00,3.619999885559082,3.630000114440918,3.5999999046325684,3.625,285968,0.0,0.0
2024-02-20 15:30:00-05:00,3.630000114440918,3.640000104904175,3.619999885559082,3.634999990463257,300409,0.0,0.0
2024-02-21 09:30:00-05:00,3.5,3.5199999809265137,3.4700000286102295,3.494999885559082,558246,0.0,0.0
2024-02-21 10:30:00-05:00,3.5,3.5399999618530273,3.4951999187469482,3.5299999713897705,543522,0.0,0.0
2024-02-21 11:30:00-05:00,3.5299999713897705,3.5350000858306885,3.5139999389648438,3.530100107192993,186527,0.0,0.0
2024-02-21 12:30:00-05:00,3.5299999713897705,3.5299999713897705,3.494999885559082,3.509999990463257,590324,0.0,0.0
2024-02-21 13:30:00-05:00,3.5199999809265137,3.5199999809265137,3.505000114440918,3.5199999809265137,145938,0.0,0.0
2024-02-21 14:30:00-05:00,3.5199999809265137,3.5199999809265137,3.4800000190734863,3.490000009536743,243718,0.0,0.0
2024-02-21 15:30:00-05:00,3.484999895095825,3.509999990463257,3.4839999675750732,3.509999990463257,340776,0.0,0.0
2024-02-22 09:30:00-05:00,3.549999952316284,3.559999942779541,3.515000104904175,3.5299999713897705,380508,0.0,0.0
2024-02-22 10:30:00-05:00,3.528599977493286,3.5441999435424805,3.509999990463257,3.5399999618530273,448300,0.0,0.0
2024-02-22 11:30:00-05:00,3.5399999618530273,3.5487000942230225,3.5250000953674316,3.5250000953674316,220425,0.0,0.0
2024-02-22 12:30:00-05:00,3.5299999713897705,3.5399999618530273,3.5,3.5399999618530273,840344,0.0,0.0
2024-02-22 13:30:00-05:00,3.5350000858306885,3.5350000858306885,3.5199999809265137,3.5250000953674316,200366,0.0,0.0
2024-02-22 14:30:00-05:00,3.5250000953674316,3.5280001163482666,3.490000009536743,3.5,256297,0.0,0.0
2024-02-22 15:30:00-05:00,3.5,3.5,3.484999895095825,3.484999895095825,216378,0.0,0.0
2024-02-23 09:30:00-05:00,3.5299999713897705,3.5399999618530273,3.484999895095825,3.515000104904175,329648,0.0,0.0
2024-02-23 10:30:00-05:00,3.515000104904175,3.515000104904175,3.494999885559082,3.509999990463257,142997,0.0,0.0
2024-02-23 11:30:00-05:00,3.509999990463257,3.5250000953674316,3.509999990463257,3.515000104904175,93637,0.0,0.0
2024-02-23 12:30:00-05:00,3.509999990463257,3.5250000953674316,3.509999990463257,3.5113000869750977,57799,0.0,0.0
2024-02-23 13:30:00-05:00,3.515000104904175,3.515000104904175,3.5,3.505000114440918,58549,0.0,0.0
2024-02-23 14:30:00-05:00,3.505000114440918,3.5199999809265137,3.5,3.515000104904175,91837,0.0,0.0
2024-02-23 15:30:00-05:00,3.5199999809265137,3.5199999809265137,3.509999990463257,3.5199999809265137,159364,0.0,0.0
2024-02-26 09:30:00-05:00,3.4700000286102295,3.470099925994873,3.424999952316284,3.440000057220459,489282,0.0,0.0
2024-02-26 10:30:00-05:00,3.440000057220459,3.440000057220459,3.380000114440918,3.380000114440918,761502,0.0,0.0
2024-02-26 11:30:00-05:00,3.380000114440918,3.390000104904175,3.359999895095825,3.380000114440918,208925,0.0,0.0
2024-02-26 12:30:00-05:00,3.375,3.4000000953674316,3.369999885559082,3.390000104904175,315080,0.0,0.0
2024-02-26 13:30:00-05:00,3.390000104904175,3.430000066757202,3.384000062942505,3.4142000675201416,432790,0.0,0.0
2024-02-26 14:30:00-05:00,3.4100000858306885,3.4200000762939453,3.4000000953674316,3.4100000858306885,160274,0.0,0.0
2024-02-26 15:30:00-05:00,3.4149999618530273,3.41510009765625,3.4000000953674316,3.4100000858306885,210337,0.0,0.0
2024-02-27 09:30:00-05:00,3.4600000381469727,3.4800000190734863,3.4549999237060547,3.4649999141693115,223837,0.0,0.0
2024-02-27 10:30:00-05:00,3.4649999141693115,3.4700000286102295,3.450000047683716,3.4660000801086426,247242,0.0,0.0
2024-02-27 11:30:00-05:00,3.460099935531616,3.490000009536743,3.4600000381469727,3.4800000190734863,169649,0.0,0.0
2024-02-27 12:30:00-05:00,3.4800000190734863,3.5,3.4700000286102295,3.494999885559082,113242,0.0,0.0
2024-02-27 13:30:00-05:00,3.494999885559082,3.5,3.4649999141693115,3.4700000286102295,234965,0.0,0.0
2024-02-27 14:30:00-05:00,3.469899892807007,3.4800000190734863,3.4649999141693115,3.4725000858306885,80656,0.0,0.0
2024-02-27 15:30:00-05:00,3.4800000190734863,3.4800000190734863,3.4700000286102295,3.4700000286102295,112238,0.0,0.0
2024-02-28 09:30:00-05:00,3.440000057220459,3.444999933242798,3.4100000858306885,3.4100000858306885,502684,0.0,0.0
2024-02-28 10:30:00-05:00,3.410099983215332,3.440000057220459,3.4100000858306885,3.430000066757202,151579,0.0,0.0
2024-02-28 11:30:00-05:00,3.430000066757202,3.444999933242798,3.4200000762939453,3.430000066757202,172220,0.0,0.0
2024-02-28 12:30:00-05:00,3.434999942779541,3.434999942779541,3.4100000858306885,3.4200000762939453,307186,0.0,0.0
2024-02-28 13:30:00-05:00,3.4200000762939453,3.4200000762939453,3.4000000953674316,3.4049999713897705,110773,0.0,0.0
2024-02-28 14:30:00-05:00,3.4024999141693115,3.4100000858306885,3.4000000953674316,3.4100000858306885,84067,0.0,0.0
2024-02-28 15:30:00-05:00,3.4049999713897705,3.4100000858306885,3.4000000953674316,3.4100000858306885,239728,0.0,0.0
2024-02-29 09:30:00-05:00,3.4000000953674316,3.4200000762939453,3.375,3.4159998893737793,328698,0.0,0.0
2024-02-29 10:30:00-05:00,3.4149999618530273,3.4149999618530273,3.4000000953674316,3.4000000953674316,78664,0.0,0.0
2024-02-29 11:30:00-05:00,3.4049999713897705,3.4100000858306885,3.390000104904175,3.4000000953674316,146819,0.0,0.0
2024-02-29 12:30:00-05:00,3.4000000953674316,3.4000000953674316,3.390000104904175,3.4000000953674316,137669,0.0,0.0
2024-02-29 13:30:00-05:00,3.3959999084472656,3.4000000953674316,3.369999885559082,3.380000114440918,100081,0.0,0.0
2024-02-29 14:30:00-05:00,3.380000114440918,3.380000114440918,3.359999895095825,3.3682000637054443,89880,0.0,0.0
2024-02-29 15:30:00-05:00,3.369999885559082,3.369999885559082,3.359999895095825,3.365000009536743,54022,0.0,0.0
2024-03-01 09:30:00-05:00,3.390000104904175,3.4000000953674316,3.3399999141693115,3.380000114440918,338673,0.0,0.0
2024-03-01 10:30:00-05:00,3.369999885559082,3.4000000953674316,3.369999885559082,3.3801000118255615,131421,0.0,0.0
2024-03-01 11:30:00-05:00,3.384999990463257,3.389899969100952,3.372499942779541,3.372499942779541,39114,0.0,0.0
2024-03-01 12:30:00-05:00,3.369999885559082,3.390000104904175,3.364000082015991,3.384999990463257,716962,0.0,0.0
2024-03-01 13:30:00-05:00,3.384999990463257,3.390000104904175,3.369999885559082,3.384999990463257,159204,0.0,0.0
2024-03-01 14:30:00-05:00,3.384999990463257,3.390000104904175,3.369999885559082,3.369999885559082,66379,0.0,0.0
2024-03-01 15:30:00-05:00,3.375,3.4100000858306885,3.375,3.4049999713897705,303751,0.0,0.0
2024-03-04 09:30:00-05:00,3.369999885559082,3.380000114440918,3.3350000381469727,3.3499999046325684,221903,0.0,0.0
2024-03-04 10:30:00-05:00,3.3499999046325684,3.3552000522613525,3.340100049972534,3.3550000190734863,84807,0.0,0.0
2024-03-04 11:30:00-05:00,3.3550000190734863,3.359999895095825,3.3499999046325684,3.358599901199341,21549,0.0,0.0
2024-03-04 12:30:00-05:00,3.359999895095825,3.359999895095825,3.332200050354004,3.3499999046325684,286275,0.0,0.0
2024-03-04 13:30:00-05:00,3.3499999046325684,3.3499999046325684,3.3299999237060547,3.3350000381469727,63303,0.0,0.0
2024-03-04 14:30:00-05:00,3.3399999141693115,3.3499999046325684,3.3303000926971436,3.3475000858306885,99991,0.0,0.0
2024-03-04 15:30:00-05:00,3.3499999046325684,3.3499999046325684,3.3350000381469727,3.3450000286102295,409444,0.0,0.0
2024-03-05 09:30:00-05:00,3.2899999618530273,3.3399999141693115,3.2799999713897705,3.329699993133545,752277,0.0,0.0
2024-03-05 10:30:00-05:00,3.3299999237060547,3.3399999141693115,3.319999933242798,3.319999933242798,104504,0.0,0.0
2024-03-05 11:30:00-05:00,3.325000047683716,3.3350000381469727,3.299999952316284,3.3350000381469727,152443,0.0,0.0
2024-03-05 12:30:00-05:00,3.3299999237060547,3.3350000381469727,3.309999942779541,3.3299999237060547,314440,0.0,0.0
2024-03-05 13:30:00-05:00,3.319999933242798,3.3299999237060547,3.309999942779541,3.3299999237060547,133876,0.0,0.0
2024-03-05 14:30:00-05:00,3.325000047683716,3.3299999237060547,3.2950000762939453,3.309999942779541,459451,0.0,0.0
2024-03-05 15:30:00-05:00,3.305000066757202,3.319999933242798,3.299999952316284,3.319999933242798,482860,0.0,0.0
2024-03-06 09:30:00-05:00,3.3299999237060547,3.3499999046325684,3.300100088119507,3.309999942779541,494043,0.0,0.0
2024-03-06 10:30:00-05:00,3.299999952316284,3.349900007247925,3.299999952316284,3.349900007247925,291332,0.0,0.0
2024-03-06 11:30:00-05:00,3.3450000286102295,3.349299907684326,3.325000047683716,3.3299999237060547,291058,0.0,0.0
2024-03-06 12:30:00-05:00,3.3299999237060547,3.3499999046325684,3.319999933242798,3.3499999046325684,268738,0.0,0.0
2024-03-06 13:30:00-05:00,3.3450000286102295,3.359999895095825,3.3340001106262207,3.3550000190734863,444176,0.0,0.0
2024-03-06 14:30:00-05:00,3.3550000190734863,3.365000009536743,3.3399999141693115,3.365000009536743,391275,0.0,0.0
2024-03-06 15:30:00-05:00,3.359999895095825,3.390000104904175,3.3399999141693115,3.3399999141693115,912514,0.0,0.0
2024-03-07 09:30:00-05:00,3.3299999237060547,3.3299999237060547,3.2049999237060547,3.2300000190734863,1062805,0.0,0.0
2024-03-07 10:30:00-05:00,3.234999895095825,3.25,3.1900999546051025,3.20989990234375,702310,0.0,0.0
2024-03-07 11:30:00-05:00,3.2049999237060547,3.2200000286102295,3.180000066757202,3.200000047683716,1095586,0.0,0.0
2024-03-07 12:30:00-05:00,3.2100000381469727,3.2100000381469727,3.1740000247955322,3.190000057220459,456707,0.0,0.0
2024-03-07 13:30:00-05:00,3.194999933242798,3.2049999237060547,3.1700000762939453,3.180000066757202,544945,0.0,0.0
2024-03-07 14:30:00-05:00,3.180000066757202,3.190000057220459,3.1700000762939453,3.1700000762939453,555240,0.0,0.0
2024-03-07 15:30:00-05:00,3.174999952316284,3.190000057220459,3.1700000762939453,3.180000066757202,369933,0.0,0.0
2024-03-08 09:30:00-05:00,3.180000066757202,3.2249999046325684,3.1614999771118164,3.2049999237060547,1158015,0.0,0.0
2024-03-08 10:30:00-05:00,3.2049999237060547,3.2100000381469727,3.190000057220459,3.197499990463257,264546,0.0,0.0
2024-03-08 11:30:00-05:00,3.194999933242798,3.25,3.180000066757202,3.240000009536743,938783,0.0,0.0
2024-03-08 12:30:00-05:00,3.240600109100342,3.25,3.2200000286102295,3.234999895095825,654690,0.0,0.0
2024-03-08 13:30:00-05:00,3.2300000190734863,3.237499952316284,3.2100000381469727,3.2200000286102295,186431,0.0,0.0
2024-03-08 14:30:00-05:00,3.2149999141693115,3.240000009536743,3.2100000381469727,3.2300000190734863,872597,0.0,0.0
2024-03-08 15:30:00-05:00,3.2300000190734863,3.240000009536743,3.2300000190734863,3.240000009536743,297305,0.0,0.0
2024-03-11 09:30:00-04:00,3.1600000858306885,3.2100000381469727,3.1500000953674316,3.174999952316284,909738,0.0,0.0
2024-03-11 10:30:00-04:00,3.172499895095825,3.190000057220459,3.1600000858306885,3.180000066757202,323179,0.0,0.0
2024-03-11 11:30:00-04:00,3.180000066757202,3.180000066757202,3.1500000953674316,3.1647000312805176,200981,0.0,0.0
2024-03-11 12:30:00-04:00,3.1649999618530273,3.200000047683716,3.1600000858306885,3.190000057220459,556196,0.0,0.0
2024-03-11 13:30:00-04:00,3.190000057220459,3.200000047683716,3.1700000762939453,3.184999942779541,462034,0.0,0.0
2024-03-11 14:30:00-04:00,3.184999942779541,3.200000047683716,3.180000066757202,3.200000047683716,311828,0.0,0.0
2024-03-11 15:30:00-04:00,3.194999933242798,3.200000047683716,3.174999952316284,3.180000066757202,344106,0.0,0.0
2024-03-12 09:30:00-04:00,3.2300000190734863,3.25,3.180000066757202,3.2149999141693115,1179857,0.0,0.0
2024-03-12 10:30:00-04:00,3.2100000381469727,3.25,3.2100000381469727,3.244999885559082,1139020,0.0,0.0
2024-03-12 11:30:00-04:00,3.244999885559082,3.25,3.2200000286102295,3.234999895095825,164612,0.0,0.0
2024-03-12 12:30:00-04:00,3.234999895095825,3.240000009536743,3.2100000381469727,3.2200000286102295,356505,0.0,0.0
2024-03-12 13:30:00-04:00,3.2200000286102295,3.240000009536743,3.2100000381469727,3.239000082015991,458015,0.0,0.0
2024-03-12 14:30:00-04:00,3.234999895095825,3.240000009536743,3.2200000286102295,3.2300000190734863,211118,0.0,0.0
2024-03-12 15:30:00-04:00,3.2300000190734863,3.2300000190734863,3.2200000286102295,3.2200000286102295,99714,0.0,0.0
2024-03-13 09:30:00-04:00,3.2100000381469727,3.2360000610351562,3.190000057220459,3.2249999046325684,602816,0.0,0.0
2024-03-13 10:30:00-04:00,3.2249999046325684,3.2583000659942627,3.2100000381469727,3.25,866265,0.0,0.0
2024-03-13 11:30:00-04:00,3.259999990463257,3.26990008354187,3.240000009536743,3.259999990463257,459061,0.0,0.0
2024-03-13 12:30:00-04:00,3.259999990463257,3.259999990463257,3.2200000286102295,3.240000009536743,502929,0.0,0.0
2024-03-13 13:30:00-04:00,3.240000009536743,3.259999990463257,3.2300000190734863,3.255000114440918,654508,0.0,0.0
2024-03-13 14:30:00-04:00,3.25,3.259999990463257,3.2300000190734863,3.234999895095825,279418,0.0,0.0
2024-03-13 15:30:00-04:00,3.240000009536743,3.25,3.240000009536743,3.244999885559082,472089,0.0,0.0
2024-03-14 09:30:00-04:00,3.2200000286102295,3.2200000286102295,3.134999990463257,3.1549999713897705,502345,0.0,0.0
2024-03-14 10:30:00-04:00,3.1549999713897705,3.1675000190734863,3.125,3.137500047683716,643596,0.0,0.0
2024-03-14 11:30:00-04:00,3.134999990463257,3.139899969100952,3.109999895095825,3.125,233796,0.0,0.0
2024-03-14 12:30:00-04:00,3.125,3.130000114440918,3.0899999141693115,3.0899999141693115,160419,0.0,0.0
2024-03-14 13:30:00-04:00,3.0950000286102295,3.109999895095825,3.0899999141693115,3.1050000190734863,85099,0.0,0.0
2024-03-14 14:30:00-04:00,3.1050000190734863,3.109999895095825,3.0824999809265137,3.0999999046325684,540473,0.0,0.0
2024-03-14 15:30:00-04:00,3.0999999046325684,3.109999895095825,3.0899999141693115,3.1050000190734863,330379,0.0,0.0
2024-03-15 09:30:00-04:00,3.049999952316284,3.075000047683716,3.0199999809265137,3.0199999809265137,656987,0.0,0.0
2024-03-15 10:30:00-04:00,3.0250000953674316,3.0299999713897705,3.0027999877929688,3.015000104904175,488931,0.0,0.0
2024-03-15 11:30:00-04:00,3.015000104904175,3.0250000953674316,3.009999990463257,3.015000104904175,273887,0.0,0.0
2024-03-15 12:30:00-04:00,3.015000104904175,3.0199999809265137,3.0,3.015000104904175,146059,0.0,0.0
2024-03-15 13:30:00-04:00,3.015000104904175,3.01990008354187,3.0,3.009999990463257,161958,0.0,0.0
2024-03-15 14:30:00-04:00,3.005000114440918,3.049999952316284,3.0,3.0399999618530273,764783,0.0,0.0
2024-03-15 15:30:00-04:00,3.0399999618530273,3.0450000762939453,3.0299999713897705,3.0299999713897705,596855,0.0,0.0
2024-03-18 09:30:00-04:00,3.069999933242798,3.0977001190185547,3.0399999618530273,3.075000047683716,805124,0.0,0.0
2024-03-18 10:30:00-04:00,3.075000047683716,3.088900089263916,3.049999952316284,3.059999942779541,268755,0.0,0.0
2024-03-18 11:30:00-04:00,3.0599000453948975,3.0850000381469727,3.049999952316284,3.0850000381469727,172850,0.0,0.0
2024-03-18 12:30:00-04:00,3.0799999237060547,3.0850000381469727,3.059999942779541,3.069999933242798,404599,0.0,0.0
2024-03-18 13:30:00-04:00,3.075000047683716,3.0899999141693115,3.0620999336242676,3.0850000381469727,208186,0.0,0.0
2024-03-18 14:30:00-04:00,3.0899999141693115,3.109999895095825,3.0799999237060547,3.0899999141693115,453530,0.0,0.0
2024-03-18 15:30:00-04:00,3.0899999141693115,3.0999999046325684,3.0799999237060547,3.0850000381469727,170762,0.0,0.0
2024-03-19 09:30:00-04:00,3.119999885559082,3.1549999713897705,3.119999885559082,3.134000062942505,437116,0.0,0.0
2024-03-19 10:30:00-04:00,3.140000104904175,3.1600000858306885,3.131500005722046,3.1500000953674316,517072,0.0,0.0
2024-03-19 11:30:00-04:00,3.1500000953674316,3.180000066757202,3.1500000953674316,3.180000066757202,286772,0.0,0.0
2024-03-19 12:30:00-04:00,3.174999952316284,3.1800999641418457,3.1600000858306885,3.1700000762939453,460766,0.0,0.0
2024-03-19 13:30:00-04:00,3.1649999618530273,3.190000057220459,3.1649999618530273,3.1700000762939453,416690,0.0,0.0
2024-03-19 14:30:00-04:00,3.1700000762939453,3.174999952316284,3.1414999961853027,3.1549999713897705,671704,0.0,0.0
2024-03-19 15:30:00-04:00,3.1500000953674316,3.1549999713897705,3.130000114440918,3.140000104904175,537338,0.0,0.0
2024-03-20 09:30:00-04:00,3.140000104904175,3.1760001182556152,3.140000104904175,3.1549999713897705,613747,0.0,0.0
2024-03-20 10:30:00-04:00,3.1549999713897705,3.200000047683716,3.1549999713897705,3.200000047683716,685233,0.0,0.0
2024-03-20 11:30:00-04:00,3.200000047683716,3.2100000381469727,3.190000057220459,3.2049999237060547,211163,0.0,0.0
2024-03-20 12:30:00-04:00,3.200000047683716,3.2200000286102295,3.200000047683716,3.2100000381469727,105917,0.0,0.0
2024-03-20 13:30:00-04:00,3.2149999141693115,3.25,3.190000057220459,3.2298998832702637,824283,0.0,0.0
2024-03-20 14:30:00-04:00,3.2249999046325684,3.2699999809265137,3.2100000381469727,3.255000114440918,841512,0.0,0.0
2024-03-20 15:30:00-04:00,3.255000114440918,3.259999990463257,3.240000009536743,3.259999990463257,555374,0.0,0.0
2024-03-21 09:30:00-04:00,3.2799999713897705,3.2850000858306885,3.25,3.255000114440918,661533,0.0,0.0
2024-03-21 10:30:00-04:00,3.25,3.2699999809265137,3.2225000858306885,3.240000009536743,1341306,0.0,0.0
2024-03-21 11:30:00-04:00,3.240000009536743,3.25,3.2200000286102295,3.2249999046325684,519727,0.0,0.0
2024-03-21 12:30:00-04:00,3.2200000286102295,3.246000051498413,3.2100000381469727,3.244999885559082,549108,0.0,0.0
2024-03-21 13:30:00-04:00,3.244999885559082,3.259999990463257,3.240000009536743,3.255000114440918,219802,0.0,0.0
2024-03-21 14:30:00-04:00,3.257499933242798,3.2699999809265137,3.25,3.259999990463257,199793,0.0,0.0
2024-03-21 15:30:00-04:00,3.265000104904175,3.2674999237060547,3.25,3.255000114440918,358263,0.0,0.0
2024-03-22 09:30:00-04:00,3.180000066757202,3.200000047683716,3.1700000762939453,3.1798999309539795,357022,0.0,0.0
2024-03-22 10:30:00-04:00,3.1796998977661133,3.190000057220459,3.1600000858306885,3.1700000762939453,422774,0.0,0.0
2024-03-22 11:30:00-04:00,3.1700000762939453,3.1700000762939453,3.140000104904175,3.1449999809265137,95122,0.0,0.0
2024-03-22 12:30:00-04:00,3.1449999809265137,3.1600000858306885,3.1440000534057617,3.1549999713897705,161399,0.0,0.0
2024-03-22 13:30:00-04:00,3.1500000953674316,3.1600000858306885,3.1500000953674316,3.1600000858306885,47320,0.0,0.0
2024-03-22 14:30:00-04:00,3.1549999713897705,3.1600000858306885,3.140000104904175,3.1449999809265137,58063,0.0,0.0
2024-03-22 15:30:00-04:00,3.1500000953674316,3.1500000953674316,3.140000104904175,3.1449999809265137,96287,0.0,0.0
2024-03-25 09:30:00-04:00,3.180000066757202,3.200000047683716,3.1649999618530273,3.184999942779541,665534,0.0,0.0
2024-03-25 10:30:00-04:00,3.180000066757202,3.200000047683716,3.1700000762939453,3.174999952316284,506759,0.0,0.0
2024-03-25 11:30:00-04:00,3.174999952316284,3.180000066757202,3.1600000858306885,3.174999952316284,232095,0.0,0.0
2024-03-25 12:30:00-04:00,3.1702001094818115,3.180000066757202,3.1600000858306885,3.1600000858306885,170512,0.0,0.0
2024-03-25 13:30:00-04:00,3.1649999618530273,3.1649999618530273,3.140000104904175,3.140000104904175,604723,0.0,0.0
2024-03-25 14:30:00-04:00,3.1449999809265137,3.1500000953674316,3.130000114440918,3.130000114440918,313336,0.0,0.0
2024-03-25 15:30:00-04:00,3.134999990463257,3.140000104904175,3.130000114440918,3.130000114440918,126260,0.0,0.0
2024-03-26 09:30:00-04:00,3.119999885559082,3.130000114440918,3.069999933242798,3.075000047683716,454050,0.0,0.0
2024-03-26 10:30:00-04:00,3.075000047683716,3.1059999465942383,3.069999933242798,3.0999999046325684,267495,0.0,0.0
2024-03-26 11:30:00-04:00,3.0999999046325684,3.119999885559082,3.0840001106262207,3.115000009536743,309791,0.0,0.0
2024-03-26 12:30:00-04:00,3.109999895095825,3.130000114440918,3.0999999046325684,3.119999885559082,382658,0.0,0.0
2024-03-26 13:30:00-04:00,3.119999885559082,3.130000114440918,3.109999895095825,3.119999885559082,251227,0.0,0.0
2024-03-26 14:30:00-04:00,3.119999885559082,3.125999927520752,3.109999895095825,3.109999895095825,116072,0.0,0.0
2024-03-26 15:30:00-04:00,3.109999895095825,3.109999895095825,3.0899999141693115,3.0899999141693115,487204,0.0,0.0
2024-03-27 09:30:00-04:00,3.0799999237060547,3.109999895095825,3.065000057220459,3.0999999046325684,734486,0.0,0.0
2024-03-27 10:30:00-04:00,3.1050000190734863,3.130000114440918,3.0999999046325684,3.119999885559082,668508,0.0,0.0
2024-03-27 11:30:00-04:00,3.115000009536743,3.130000114440918,3.109999895095825,3.115000009536743,392720,0.0,0.0
2024-03-27 12:30:00-04:00,3.115000009536743,3.119999885559082,3.109999895095825,3.115000009536743,33575,0.0,0.0
2024-03-27 13:30:00-04:00,3.115000009536743,3.140000104904175,3.109999895095825,3.130000114440918,314425,0.0,0.0
2024-03-27 14:30:00-04:00,3.130000114440918,3.140000104904175,3.119999885559082,3.125,478855,0.0,0.0
2024-03-27 15:30:00-04:00,3.122499942779541,3.140000104904175,3.119999885559082,3.130000114440918,575622,0.0,0.0
2024-03-28 09:30:00-04:00,3.069999933242798,3.109999895095825,3.069999933242798,3.0950000286102295,657073,0.0,0.0
2024-03-28 10:30:00-04:00,3.0950000286102295,3.119999885559082,3.069999933242798,3.109999895095825,847861,0.0,0.0
2024-03-28 11:30:00-04:00,3.109999895095825,3.119999885559082,3.0999999046325684,3.115000009536743,179393,0.0,0.0
2024-03-28 12:30:00-04:00,3.115000009536743,3.119999885559082,3.0899999141693115,3.0899999141693115,246308,0.0,0.0
2024-03-28 13:30:00-04:00,3.0950000286102295,3.109999895095825,3.0899999141693115,3.1050000190734863,244962,0.0,0.0
2024-03-28 14:30:00-04:00,3.1050000190734863,3.119999885559082,3.0999999046325684,3.119999885559082,209178,0.0,0.0
2024-03-28 15:30:00-04:00,3.119999885559082,3.130000114440918,3.109999895095825,3.130000114440918,312874,0.0,0.0
2024-04-01 09:30:00-04:00,3.140000104904175,3.1700000762939453,3.109999895095825,3.109999895095825,441524,0.0,0.0
2024-04-01 10:30:00-04:00,3.109999895095825,3.109999895095825,3.069999933242798,3.0799999237060547,507321,0.0,0.0
2024-04-01 11:30:00-04:00,3.0799999237060547,3.0999999046325684,3.0617001056671143,3.0950000286102295,400759,0.0,0.0
2024-04-01 12:30:00-04:00,3.0999999046325684,3.119999885559082,3.0899999141693115,3.109999895095825,313046,0.0,0.0
2024-04-01 13:30:00-04:00,3.109999895095825,3.119999885559082,3.0999999046325684,3.0999999046325684,290752,0.0,0.0
2024-04-01 14:30:00-04:00,3.0999999046325684,3.0999999046325684,3.0717999935150146,3.0799999237060547,499569,0.0,0.0
2024-04-01 15:30:00-04:00,3.0850000381469727,3.0999999046325684,3.0799999237060547,3.0950000286102295,441831,0.0,0.0
2024-04-02 09:30:00-04:00,3.009999990463257,3.0480000972747803,3.0,3.0109000205993652,851476,0.0,0.0
2024-04-02 10:30:00-04:00,3.010999917984009,3.0199999809265137,2.9800000190734863,3.0,567696,0.0,0.0
2024-04-02 11:30:00-04:00,2.994999885559082,3.0,2.9800000190734863,2.990299940109253,353020,0.0,0.0
2024-04-02 12:30:00-04:00,2.9909000396728516,2.994999885559082,2.9707999229431152,2.984999895095825,312074,0.0,0.0
2024-04-02 13:30:00-04:00,2.990000009536743,3.0,2.9800000190734863,2.984999895095825,337881,0.0,0.0
2024-04-02 14:30:00-04:00,2.990000009536743,3.0,2.9800000190734863,2.994999885559082,358931,0.0,0.0
2024-04-02 15:30:00-04:00,2.994999885559082,3.009999990463257,2.990000009536743,3.0,334511,0.0,0.0
2024-04-03 09:30:00-04:00,2.9700000286102295,3.009999990463257,2.9649999141693115,2.9700000286102295,529529,0.0,0.0
2024-04-03 10:30:00-04:00,2.9749999046325684,3.0,2.9700000286102295,2.994999885559082,408115,0.0,0.0
2024-04-03 11:30:00-04:00,3.0,3.0,2.9800000190734863,3.0,382617,0.0,0.0
2024-04-03 12:30:00-04:00,2.994999885559082,3.0299999713897705,2.990000009536743,3.0250000953674316,366132,0.0,0.0
2024-04-03 13:30:00-04:00,3.0250000953674316,3.0399999618530273,3.021899938583374,3.0299999713897705,292072,0.0,0.0
2024-04-03 14:30:00-04:00,3.0299999713897705,3.0374999046325684,3.009999990463257,3.0299999713897705,724301,0.0,0.0
2024-04-03 15:30:00-04:00,3.0250000953674316,3.0399999618530273,3.0199999809265137,3.0250000953674316,557290,0.0,0.0
2024-04-04 09:30:00-04:00,2.990000009536743,3.0199999809265137,2.9600000381469727,3.0199999809265137,1169555,0.0,0.0
2024-04-04 10:30:00-04:00,3.0183000564575195,3.059999942779541,2.994999885559082,3.0399999618530273,1314462,0.0,0.0
2024-04-04 11:30:00-04:00,3.0399999618530273,3.069999933242798,3.0299999713897705,3.065000057220459,554265,0.0,0.0
2024-04-04 12:30:00-04:00,3.059999942779541,3.0660998821258545,3.0399999618530273,3.0450000762939453,525604,0.0,0.0
2024-04-04 13:30:00-04:00,3.0450000762939453,3.049999952316284,3.0,3.0,370240,0.0,0.0
2024-04-04 14:30:00-04:00,3.0,3.009999990463257,2.9549999237060547,2.9600000381469727,894828,0.0,0.0
2024-04-04 15:30:00-04:00,2.9600000381469727,2.9700000286102295,2.95169997215271,2.9649999141693115,600674,0.0,0.0
2024-04-05 09:30:00-04:00,2.9700000286102295,2.9800000190734863,2.941800117492676,2.9749999046325684,638083,0.0,0.0
2024-04-05 10:30:00-04:00,2.9800000190734863,2.9800000190734863,2.934999942779541,2.950000047683716,734021,0.0,0.0
2024-04-05 11:30:00-04:00,2.950000047683716,2.9600000381469727,2.940000057220459,2.944999933242798,317398,0.0,0.0
2024-04-05 12:30:00-04:00,2.944999933242798,2.9549999237060547,2.930000066757202,2.950000047683716,232286,0.0,0.0
2024-04-05 13:30:00-04:00,2.950000047683716,2.9600000381469727,2.9200000762939453,2.934999942779541,338315,0.0,0.0
2024-04-05 14:30:00-04:00,2.934999942779541,2.940000057220459,2.9200000762939453,2.934999942779541,295758,0.0,0.0
2024-04-05 15:30:00-04:00,2.930000066757202,2.940000057220459,2.930000066757202,2.940000057220459,155044,0.0,0.0
2024-04-08 09:30:00-04:00,3.0199999809265137,3.0799999237060547,3.009999990463257,3.059499979019165,1303474,0.0,0.0
2024-04-08 10:30:00-04:00,3.055000066757202,3.069499969482422,3.0399999618530273,3.059999942779541,499631,0.0,0.0
2024-04-08 11:30:00-04:00,3.055000066757202,3.059999942779541,3.0299999713897705,3.030100107192993,698770,0.0,0.0
2024-04-08 12:30:00-04:00,3.0350000858306885,3.049999952316284,3.030100107192993,3.049999952316284,135367,0.0,0.0
2024-04-08 13:30:00-04:00,3.049999952316284,3.059999942779541,3.0299999713897705,3.0299999713897705,347809,0.0,0.0
2024-04-08 14:30:00-04:00,3.0299999713897705,3.059999942779541,3.0250000953674316,3.059999942779541,423979,0.0,0.0
2024-04-08 15:30:00-04:00,3.059999942779541,3.069999933242798,3.049999952316284,3.055000066757202,284178,0.0,0.0
2024-04-09 09:30:00-04:00,3.049999952316284,3.069999933242798,3.0199999809265137,3.0250000953674316,1212178,0.0,0.0
2024-04-09 10:30:00-04:00,3.0250000953674316,3.0299999713897705,3.0,3.0250000953674316,651174,0.0,0.0
2024-04-09 11:30:00-04:00,3.0199999809265137,3.0250000953674316,3.0,3.009999990463257,235324,0.0,0.0
2024-04-09 12:30:00-04:00,3.009999990463257,3.0199999809265137,2.994999885559082,3.009999990463257,484366,0.0,0.0
2024-04-09 13:30:00-04:00,3.009999990463257,3.0199999809265137,3.005000114440918,3.0199999809265137,96291,0.0,0.0
2024-04-09 14:30:00-04:00,3.015000104904175,3.0199999809265137,3.0,3.0199999809265137,364467,0.0,0.0
2024-04-09 15:30:00-04:00,3.0199999809265137,3.0199999809265137,3.009999990463257,3.015000104904175,362841,0.0,0.0
2024-04-10 09:30:00-04:00,2.9000000953674316,2.9079999923706055,2.865000009536743,2.875,973182,0.0,0.0
2024-04-10 10:30:00-04:00,2.8798999786376953,2.880000114440918,2.8499999046325684,2.859999895095825,492852,0.0,0.0
2024-04-10 11:30:00-04:00,2.8550000190734863,2.859999895095825,2.8399999141693115,2.8450000286102295,737498,0.0,0.0
2024-04-10 12:30:00-04:00,2.8450000286102295,2.859999895095825,2.8350000381469727,2.8450000286102295,547971,0.0,0.0
2024-04-10 13:30:00-04:00,2.8399999141693115,2.8450000286102295,2.819999933242798,2.8399999141693115,389970,0.0,0.0
2024-04-10 14:30:00-04:00,2.8399999141693115,2.8399999141693115,2.8125,2.8299999237060547,541018,0.0,0.0
2024-04-10 15:30:00-04:00,2.8299999237060547,2.8299999237060547,2.819999933242798,2.825000047683716,293072,0.0,0.0
2024-04-11 09:30:00-04:00,2.8299999237060547,2.8399999141693115,2.8027000427246094,2.809999942779541,728338,0.0,0.0
2024-04-11 10:30:00-04:00,2.8101000785827637,2.8350000381469727,2.809999942779541,2.815000057220459,518671,0.0,0.0
2024-04-11 11:30:00-04:00,2.819999933242798,2.8299999237060547,2.809999942779541,2.815000057220459,325316,0.0,0.0
2024-04-11 12:30:00-04:00,2.809999942779541,2.8299999237060547,2.802500009536743,2.819999933242798,295044,0.0,0.0
2024-04-11 13:30:00-04:00,2.825000047683716,2.8299999237060547,2.809999942779541,2.819999933242798,196737,0.0,0.0
2024-04-11 14:30:00-04:00,2.825000047683716,2.8289999961853027,2.809999942779541,2.819999933242798,340196,0.0,0.0
2024-04-11 15:30:00-04:00,2.825000047683716,2.827500104904175,2.809999942779541,2.809999942779541,550352,0.0,0.0
2024-04-12 09:30:00-04:00,2.8299999237060547,2.890000104904175,2.815000057220459,2.8499999046325684,1183512,0.0,0.0
2024-04-12 10:30:00-04:00,2.8399999141693115,2.8499999046325684,2.809999942779541,2.825000047683716,625062,0.0,0.0
2024-04-12 11:30:00-04:00,2.829900026321411,2.8499999046325684,2.819999933242798,2.830199956893921,504560,0.0,0.0
2024-04-12 12:30:00-04:00,2.8350000381469727,2.8350000381469727,2.809999942779541,2.815000057220459,179701,0.0,0.0
2024-04-12 13:30:00-04:00,2.809999942779541,2.8299999237060547,2.809999942779541,2.819999933242798,506687,0.0,0.0
2024-04-12 14:30:00-04:00,2.819999933242798,2.821000099182129,2.7899999618530273,2.799999952316284,518212,0.0,0.0
2024-04-12 15:30:00-04:00,2.809999942779541,2.809999942779541,2.7899999618530273,2.805000066757202,421779,0.0,0.0
2024-04-15 09:30:00-04:00,2.7899999618530273,2.819999933242798,2.7699999809265137,2.815000057220459,1005851,0.0,0.0
2024-04-15 10:30:00-04:00,2.809999942779541,2.8399999141693115,2.809999942779541,2.8399999141693115,815086,0.0,0.0
2024-04-15 11:30:00-04:00,2.8299999237060547,2.839900016784668,2.7799999713897705,2.7950000762939453,340973,0.0,0.0
2024-04-15 12:30:00-04:00,2.7899999618530273,2.799999952316284,2.759999990463257,2.769399881362915,204706,0.0,0.0
2024-04-15 13:30:00-04:00,2.7699999809265137,2.7899999618530273,2.759999990463257,2.7899999618530273,723979,0.0,0.0
2024-04-15 14:30:00-04:00,2.7899999618530273,2.799999952316284,2.7725000381469727,2.7799999713897705,492059,0.0,0.0
2024-04-15 15:30:00-04:00,2.7850000858306885,2.799999952316284,2.7799999713897705,2.7799999713897705,402518,0.0,0.0
2024-04-16 09:30:00-04:00,2.6700000762939453,2.688699960708618,2.634999990463257,2.6649999618530273,1072557,0.0,0.0
2024-04-16 10:30:00-04:00,2.6700000762939453,2.684999942779541,2.6549999713897705,2.684999942779541,885057,0.0,0.0
2024-04-16 11:30:00-04:00,2.684999942779541,2.700000047683716,2.674999952316284,2.684999942779541,601063,0.0,0.0
2024-04-16 12:30:00-04:00,2.684999942779541,2.694999933242798,2.674999952316284,2.684999942779541,570582,0.0,0.0
2024-04-16 13:30:00-04:00,2.680000066757202,2.7049999237060547,2.660099983215332,2.674999952316284,585637,0.0,0.0
2024-04-16 14:30:00-04:00,2.674999952316284,2.700000047683716,2.674999952316284,2.690000057220459,218745,0.0,0.0
2024-04-16 15:30:00-04:00,2.694999933242798,2.7100000381469727,2.684999942779541,2.7049999237060547,628601,0.0,0.0
2024-04-17 09:30:00-04:00,2.7899999618530273,2.799999952316284,2.755000114440918,2.7614998817443848,1050246,0.0,0.0
2024-04-17 10:30:00-04:00,2.765000104904175,2.7799999713897705,2.7500998973846436,2.759999990463257,674466,0.0,0.0
2024-04-17 11:30:00-04:00,2.759999990463257,2.759999990463257,2.73009991645813,2.7399001121520996,505384,0.0,0.0
2024-04-17 12:30:00-04:00,2.740000009536743,2.75,2.7149999141693115,2.744999885559082,404409,0.0,0.0
2024-04-17 13:30:00-04:00,2.75,2.759999990463257,2.740000009536743,2.744999885559082,184950,0.0,0.0
2024-04-17 14:30:00-04:00,2.740000009536743,2.7699999809265137,2.7300000190734863,2.740000009536743,559911,0.0,0.0
2024-04-17 15:30:00-04:00,2.747499942779541,2.75,2.740000009536743,2.75,109754,0.0,0.0
2024-04-18 09:30:00-04:00,2.75,2.7850000858306885,2.734999895095825,2.7699999809265137,1032663,0.0,0.0
2024-04-18 10:30:00-04:00,2.7750000953674316,2.7950000762939453,2.7300000190734863,2.7300000190734863,944476,0.0,0.0
2024-04-18 11:30:00-04:00,2.7300000190734863,2.7300000190734863,2.7100000381469727,2.7200000286102295,286562,0.0,0.0
2024-04-18 12:30:00-04:00,2.7149999141693115,2.7200000286102295,2.680000066757202,2.690000057220459,393947,0.0,0.0
2024-04-18 13:30:00-04:00,2.690000057220459,2.70989990234375,2.680000066757202,2.7049999237060547,400023,0.0,0.0
2024-04-18 14:30:00-04:00,2.7049999237060547,2.7200000286102295,2.690000057220459,2.7149999141693115,295809,0.0,0.0
2024-04-18 15:30:00-04:00,2.7149999141693115,2.7300000190734863,2.7149999141693115,2.7300000190734863,275572,0.0,0.0
2024-04-19 09:30:00-04:00,2.700000047683716,2.740000009536743,2.700000047683716,2.740000009536743,778101,0.0,0.0
2024-04-19 10:30:00-04:00,2.740000009536743,2.7699999809265137,2.7300000190734863,2.759999990463257,669215,0.0,0.0
2024-04-19 11:30:00-04:00,2.755000114440918,2.7799999713897705,2.755000114440918,2.765000104904175,463265,0.0,0.0
2024-04-19 12:30:00-04:00,2.759999990463257,2.7899999618530273,2.759999990463257,2.7850000858306885,153385,0.0,0.0
2024-04-19 13:30:00-04:00,2.7799999713897705,2.7999000549316406,2.7750000953674316,2.7850000858306885,322441,0.0,0.0
2024-04-19 14:30:00-04:00,2.7899999618530273,2.809999942779541,2.7799999713897705,2.805000066757202,408068,0.0,0.0
2024-04-19 15:30:00-04:00,2.805000066757202,2.819999933242798,2.799999952316284,2.819999933242798,513896,0.0,0.0
2024-04-22 09:30:00-04:00,2.7699999809265137,2.815000057220459,2.75,2.815000057220459,666072,0.0,0.0
2024-04-22 10:30:00-04:00,2.815000057220459,2.8299999237060547,2.805000066757202,2.819999933242798,532811,0.0,0.0
2024-04-22 11:30:00-04:00,2.8199000358581543,2.8399999141693115,2.8101000785827637,2.8350000381469727,272033,0.0,0.0
2024-04-22 12:30:00-04:00,2.8350000381469727,2.880000114440918,2.8299999237060547,2.86299991607666,597062,0.0,0.0
2024-04-22 13:30:00-04:00,2.859999895095825,2.869999885559082,2.8499999046325684,2.8550000190734863,305336,0.0,0.0
2024-04-22 14:30:00-04:00,2.8550000190734863,2.890000104904175,2.851799964904785,2.859999895095825,735955,0.0,0.0
2024-04-22 15:30:00-04:00,2.865000009536743,2.880000114440918,2.859999895095825,2.869999885559082,559244,0.0,0.0
2024-04-23 09:30:00-04:00,2.799999952316284,2.809999942779541,2.7699999809265137,2.805000066757202,1569205,0.0,0.0
2024-04-23 10:30:00-04:00,2.805000066757202,2.829900026321411,2.799999952316284,2.819999933242798,805855,0.0,0.0
2024-04-23 11:30:00-04:00,2.819999933242798,2.8550000190734863,2.809999942779541,2.8450000286102295,569394,0.0,0.0
2024-04-23 12:30:00-04:00,2.849100112915039,2.859999895095825,2.8399999141693115,2.8450000286102295,419642,0.0,0.0
2024-04-23 13:30:00-04:00,2.8450000286102295,2.8499999046325684,2.8299999237060547,2.8450000286102295,131101,0.0,0.0
2024-04-23 14:30:00-04:00,2.8399999141693115,2.8499999046325684,2.8299999237060547,2.8299999237060547,483050,0.0,0.0
2024-04-23 15:30:00-04:00,2.8299999237060547,2.8399999141693115,2.819999933242798,2.819999933242798,279006,0.0,0.0
2024-04-24 09:30:00-04:00,2.8499999046325684,2.8499999046325684,2.7850000858306885,2.7899999618530273,472727,0.0,0.0
2024-04-24 10:30:00-04:00,2.7899999618530273,2.7899999618530273,2.764899969100952,2.764899969100952,252542,0.0,0.0
2024-04-24 11:30:00-04:00,2.7600998878479004,2.7799999713897705,2.759999990463257,2.765000104904175,252936,0.0,0.0
2024-04-24 12:30:00-04:00,2.765000104904175,2.7899999618530273,2.765000104904175,2.7799999713897705,336147,0.0,0.0
2024-04-24 13:30:00-04:00,2.7850000858306885,2.7899999618530273,2.7699999809265137,2.7799999713897705,105540,0.0,0.0
2024-04-24 14:30:00-04:00,2.7750000953674316,2.7850000858306885,2.7699999809265137,2.7799999713897705,103735,0.0,0.0
2024-04-24 15:30:00-04:00,2.7874999046325684,2.7899999618530273,2.7799999713897705,2.7899999618530273,99434,0.0,0.0
2024-04-25 09:30:00-04:00,2.7200000286102295,2.75,2.7049999237060547,2.740000009536743,1102895,0.0,0.0
2024-04-25 10:30:00-04:00,2.744999885559082,2.75819993019104,2.7300000190734863,2.755000114440918,251510,0.0,0.0
2024-04-25 11:30:00-04:00,2.755000114440918,2.757499933242798,2.7300000190734863,2.734999895095825,144853,0.0,0.0
2024-04-25 12:30:00-04:00,2.734999895095825,2.749500036239624,2.7300000190734863,2.734999895095825,158718,0.0,0.0
2024-04-25 13:30:00-04:00,2.734999895095825,2.75,2.734999895095825,2.734999895095825,128071,0.0,0.0
2024-04-25 14:30:00-04:00,2.7300000190734863,2.740000009536743,2.7249999046325684,2.7249999046325684,417384,0.0,0.0
2024-04-25 15:30:00-04:00,2.7300000190734863,2.7300000190734863,2.7100000381469727,2.7100000381469727,701764,0.0,0.0
2024-04-26 09:30:00-04:00,2.7699999809265137,2.805000066757202,2.765000104904175,2.7799999713897705,1290983,0.0,0.0
2024-04-26 10:30:00-04:00,2.7799999713897705,2.7799999713897705,2.759999990463257,2.765000104904175,280866,0.0,0.0
2024-04-26 11:30:00-04:00,2.765000104904175,2.7799999713897705,2.759999990463257,2.7699999809265137,179247,0.0,0.0
2024-04-26 12:30:00-04:00,2.7699999809265137,2.7799999713897705,2.765000104904175,2.7699999809265137,467690,0.0,0.0
2024-04-26 13:30:00-04:00,2.7699999809265137,2.7799999713897705,2.7699999809265137,2.7699999809265137,182431,0.0,0.0
2024-04-26 14:30:00-04:00,2.7699999809265137,2.7774999141693115,2.759999990463257,2.759999990463257,552797,0.0,0.0
2024-04-26 15:30:00-04:00,2.759999990463257,2.7699999809265137,2.759999990463257,2.7699999809265137,264137,0.0,0.0
2024-04-29 09:30:00-04:00,2.7699999809265137,2.7885000705718994,2.75,2.7674999237060547,366903,0.0,0.0
2024-04-29 10:30:00-04:00,2.7674999237060547,2.7899999618530273,2.755000114440918,2.7850000858306885,554235,0.0,0.0
2024-04-29 11:30:00-04:00,2.7799999713897705,2.7799999713897705,2.759999990463257,2.7750000953674316,126970,0.0,0.0
2024-04-29 12:30:00-04:00,2.7750000953674316,2.7899999618530273,2.759999990463257,2.7899999618530273,400570,0.0,0.0
2024-04-29 13:30:00-04:00,2.780100107192993,2.799999952316284,2.7799999713897705,2.7950000762939453,145704,0.0,0.0
2024-04-29 14:30:00-04:00,2.7899999618530273,2.797499895095825,2.7701001167297363,2.7799999713897705,222182,0.0,0.0
2024-04-29 15:30:00-04:00,2.7750000953674316,2.7799999713897705,2.7699999809265137,2.7699999809265137,330851,0.0,0.0
2024-04-30 09:30:00-04:00,2.700000047683716,2.7200000286102295,2.690000057220459,2.694999933242798,549888,0.0,0.0
2024-04-30 10:30:00-04:00,2.694999933242798,2.694999933242798,2.6700000762939453,2.674999952316284,195839,0.0,0.0
2024-04-30 11:30:00-04:00,2.674999952316284,2.690000057220459,2.6649999618530273,2.680000066757202,242400,0.0,0.0
2024-04-30 12:30:00-04:00,2.684999942779541,2.690000057220459,2.6700000762939453,2.680000066757202,265059,0.0,0.0
2024-04-30 13:30:00-04:00,2.684999942779541,2.690000057220459,2.680000066757202,2.680000066757202,200528,0.0,0.0
2024-04-30 14:30:00-04:00,2.684999942779541,2.690000057220459,2.680000066757202,2.684999942779541,113250,0.0,0.0
2024-04-30 15:30:00-04:00,2.684999942779541,2.690000057220459,2.680000066757202,2.684999942779541,160748,0.0,0.0
2024-05-01 09:30:00-04:00,2.700000047683716,2.7149999141693115,2.690000057220459,2.7049999237060547,283789,0.0,0.0
2024-05-01 10:30:00-04:00,2.7049999237060547,2.7100000381469727,2.700000047683716,2.7049999237060547,22276,0.0,0.0
2024-05-01 11:30:00-04:00,2.7090001106262207,2.7100000381469727,2.700000047683716,2.7049999237060547,33825,0.0,0.0
2024-05-01 12:30:00-04:00,2.7049999237060547,2.7100000381469727,2.6700000762939453,2.6700000762939453,178232,0.0,0.0
2024-05-01 13:30:00-04:00,2.6700000762939453,2.690000057220459,2.6700000762939453,2.684999942779541,141278,0.0,0.0
2024-05-01 14:30:00-04:00,2.684999942779541,2.759999990463257,2.674999952316284,2.7200000286102295,867886,0.0,0.0
2024-05-01 15:30:00-04:00,2.7225000858306885,2.7249999046325684,2.680000066757202,2.684999942779541,196720,0.0,0.0
2024-05-02 09:30:00-04:00,2.75,2.7699999809265137,2.7300000190734863,2.747499942779541,300465,0.0,0.0
2024-05-02 10:30:00-04:00,2.744999885559082,2.759999990463257,2.744999885559082,2.75,124419,0.0,0.0
2024-05-02 11:30:00-04:00,2.75,2.759000062942505,2.740000009536743,2.755000114440918,277397,0.0,0.0
2024-05-02 12:30:00-04:00,2.755000114440918,2.7750000953674316,2.75,2.7699999809265137,341096,0.0,0.0
2024-05-02 13:30:00-04:00,2.7750000953674316,2.7799999713897705,2.759999990463257,2.759999990463257,85816,0.0,0.0
2024-05-02 14:30:00-04:00,2.759999990463257,2.7799999713897705,2.759999990463257,2.759999990463257,438425,0.0,0.0
2024-05-02 15:30:00-04:00,2.759999990463257,2.765000104904175,2.75,2.75,170822,0.0,0.0
2024-05-03 09:30:00-04:00,2.819999933242798,2.8499999046325684,2.809999942779541,2.825000047683716,567597,0.0,0.0
2024-05-03 10:30:00-04:00,2.8290998935699463,2.8399999141693115,2.815000057220459,2.8299999237060547,273303,0.0,0.0
2024-05-03 11:30:00-04:00,2.8399999141693115,2.8399999141693115,2.819999933242798,2.8299999237060547,186491,0.0,0.0
2024-05-03 12:30:00-04:00,2.8299999237060547,2.8399999141693115,2.819999933242798,2.825000047683716,68442,0.0,0.0
2024-05-03 13:30:00-04:00,2.825000047683716,2.8499999046325684,2.819999933242798,2.8450000286102295,197947,0.0,0.0
2024-05-03 14:30:00-04:00,2.8399999141693115,2.8499999046325684,2.8399999141693115,2.8450000286102295,697079,0.0,0.0
2024-05-03 15:30:00-04:00,2.8450000286102295,2.8450000286102295,2.819999933242798,2.819999933242798,485750,0.0,0.0
2024-05-06 09:30:00-04:00,2.8299999237060547,2.859999895095825,2.819999933242798,2.8350000381469727,587118,0.0,0.0
2024-05-06 10:30:00-04:00,2.8399999141693115,2.8399999141693115,2.809999942779541,2.815000057220459,201909,0.0,0.0
2024-05-06 11:30:00-04:00,2.819999933242798,2.8299999237060547,2.799999952316284,2.805000066757202,171675,0.0,0.0
2024-05-06 12:30:00-04:00,2.8090999126434326,2.815000057220459,2.799999952316284,2.799999952316284,94600,0.0,0.0
2024-05-06 13:30:00-04:00,2.7899999618530273,2.8299999237060547,2.7899999618530273,2.825000047683716,199264,0.0,0.0
2024-05-06 14:30:00-04:00,2.825000047683716,2.8299999237060547,2.809999942779541,2.819999933242798,203698,0.0,0.0
2024-05-06 15:30:00-04:00,2.815000057220459,2.819999933242798,2.805000066757202,2.805000066757202,259787,0.0,0.0
2024-05-07 09:30:00-04:00,2.809999942779541,2.825000047683716,2.7950000762939453,2.825000047683716,200574,0.0,0.0
2024-05-07 10:30:00-04:00,2.819999933242798,2.8299999237060547,2.815000057220459,2.819499969482422,101439,0.0,0.0
2024-05-07 11:30:00-04:00,2.815700054168701,2.819999933242798,2.799999952316284,2.809999942779541,108617,0.0,0.0
2024-05-07 12:30:00-04:00,2.809999942779541,2.809999942779541,2.7899999618530273,2.7950000762939453,54857,0.0,0.0
2024-05-07 13:30:00-04:00,2.7978999614715576,2.799999952316284,2.7799999713897705,2.7850000858306885,156811,0.0,0.0
2024-05-07 14:30:00-04:00,2.7850000858306885,2.7899999618530273,2.7699999809265137,2.7799999713897705,211186,0.0,0.0
2024-05-07 15:30:00-04:00,2.7799999713897705,2.7799999713897705,2.7699999809265137,2.7750000953674316,142856,0.0,0.0
2024-05-08 09:30:00-04:00,2.7200000286102295,2.738600015640259,2.7049999237060547,2.7300000190734863,175895,0.0,0.0
2024-05-08 10:30:00-04:00,2.7249999046325684,2.7300000190734863,2.7200000286102295,2.7249999046325684,32832,0.0,0.0
2024-05-08 11:30:00-04:00,2.7249999046325684,2.740000009536743,2.7200000286102295,2.7249999046325684,103494,0.0,0.0
2024-05-08 12:30:00-04:00,2.7249999046325684,2.7300000190734863,2.7200000286102295,2.7249999046325684,18729,0.0,0.0
2024-05-08 13:30:00-04:00,2.7249999046325684,2.7300000190734863,2.7149999141693115,2.7200000286102295,94790,0.0,0.0
2024-05-08 14:30:00-04:00,2.7249999046325684,2.740000009536743,2.7200000286102295,2.734999895095825,165748,0.0,0.0
2024-05-08 15:30:00-04:00,2.734999895095825,2.75,2.734999895095825,2.75,276263,0.0,0.0
2024-05-09 09:30:00-04:00,2.700000047683716,2.700000047683716,2.6700000762939453,2.690000057220459,380912,0.0,0.0
2024-05-09 10:30:00-04:00,2.694999933242798,2.7100000381469727,2.680000066757202,2.700000047683716,288157,0.0,0.0
2024-05-09 11:30:00-04:00,2.700000047683716,2.7100000381469727,2.690000057220459,2.694999933242798,339802,0.0,0.0
2024-05-09 12:30:00-04:00,2.700000047683716,2.700000047683716,2.680000066757202,2.684999942779541,104569,0.0,0.0
2024-05-09 13:30:00-04:00,2.684999942779541,2.700000047683716,2.680000066757202,2.694999933242798,194432,0.0,0.0
2024-05-09 14:30:00-04:00,2.690000057220459,2.700000047683716,2.690000057220459,2.694999933242798,210463,0.0,0.0
2024-05-09 15:30:00-04:00,2.694999933242798,2.7100000381469727,2.690000057220459,2.700000047683716,416096,0.0,0.0
2024-05-10 09:30:00-04:00,2.75,2.75,2.6700000762939453,2.6700000762939453,340729,0.0,0.0
2024-05-10 10:30:00-04:00,2.672100067138672,2.672100067138672,2.640000104904175,2.6500000953674316,258307,0.0,0.0
2024-05-10 11:30:00-04:00,2.6500000953674316,2.6600000858306885,2.640199899673462,2.6500000953674316,149753,0.0,0.0
2024-05-10 12:30:00-04:00,2.6500000953674316,2.6700000762939453,2.6500000953674316,2.6649999618530273,106818,0.0,0.0
2024-05-10 13:30:00-04:00,2.6649999618530273,2.684999942779541,2.6500000953674316,2.683799982070923,493803,0.0,0.0
2024-05-10 14:30:00-04:00,2.680000066757202,2.690000057220459,2.6700000762939453,2.690000057220459,171686,0.0,0.0
2024-05-10 15:30:00-04:00,2.684999942779541,2.690000057220459,2.680000066757202,2.684999942779541,294177,0.0,0.0
2024-05-13 09:30:00-04:00,2.7699999809265137,2.799999952316284,2.75,2.7899999618530273,633582,0.0,0.0
2024-05-13 10:30:00-04:00,2.7899999618530273,2.799999952316284,2.7699999809265137,2.789900064468384,510222,0.0,0.0
2024-05-13 11:30:00-04:00,2.7799999713897705,2.7899999618530273,2.7699999809265137,2.7699999809265137,305776,0.0,0.0
2024-05-13 12:30:00-04:00,2.7699999809265137,2.7799999713897705,2.759999990463257,2.7750000953674316,143458,0.0,0.0
2024-05-13 13:30:00-04:00,2.7699999809265137,2.779900074005127,2.759999990463257,2.759999990463257,197757,0.0,0.0
2024-05-13 14:30:00-04:00,2.759999990463257,2.7699999809265137,2.740000009536743,2.740000009536743,199335,0.0,0.0
2024-05-13 15:30:00-04:00,2.740000009536743,2.759999990463257,2.740000009536743,2.755000114440918,265546,0.0,0.0
2024-05-14 09:30:00-04:00,2.759999990463257,2.759999990463257,2.700000047683716,2.700000047683716,237190,0.0,0.0
2024-05-14 10:30:00-04:00,2.700700044631958,2.700700044631958,2.6700000762939453,2.6700000762939453,362449,0.0,0.0
2024-05-14 11:30:00-04:00,2.674999952316284,2.680000066757202,2.6500000953674316,2.6600000858306885,258895,0.0,0.0
2024-05-14 12:30:00-04:00,2.6600000858306885,2.700000047683716,2.659600019454956,2.694999933242798,427517,0.0,0.0
2024-05-14 13:30:00-04:00,2.700000047683716,2.7200000286102295,2.690000057220459,2.7149999141693115,181139,0.0,0.0
2024-05-14 14:30:00-04:00,2.7149999141693115,2.7300000190734863,2.7100000381469727,2.7200000286102295,348870,0.0,0.0
2024-05-14 15:30:00-04:00,2.7200000286102295,2.7200000286102295,2.7100000381469727,2.7149999141693115,210421,0.0,0.0
2024-05-15 09:30:00-04:00,2.690000057220459,2.690000057220459,2.630000114440918,2.640000104904175,519428,0.0,0.0
2024-05-15 10:30:00-04:00,2.6449999809265137,2.694999933242798,2.640000104904175,2.684999942779541,316151,0.0,0.0
2024-05-15 11:30:00-04:00,2.680000066757202,2.690000057220459,2.6700000762939453,2.680000066757202,293252,0.0,0.0
2024-05-15 12:30:00-04:00,2.680000066757202,2.700000047683716,2.674999952316284,2.684999942779541,355227,0.0,0.0
2024-05-15 13:30:00-04:00,2.684999942779541,2.690000057220459,2.6700000762939453,2.674999952316284,337475,0.0,0.0
2024-05-15 14:30:00-04:00,2.680000066757202,2.690000057220459,2.674999952316284,2.680000066757202,189948,0.0,0.0
2024-05-15 15:30:00-04:00,2.680000066757202,2.690000057220459,2.6700000762939453,2.680000066757202,435071,0.0,0.0
2024-05-16 09:30:00-04:00,2.700000047683716,2.7200000286102295,2.680000066757202,2.700000047683716,302084,0.0,0.0
2024-05-16 10:30:00-04:00,2.694999933242798,2.7300000190734863,2.6900999546051025,2.7209999561309814,268487,0.0,0.0
2024-05-16 11:30:00-04:00,2.7249999046325684,2.734999895095825,2.7200000286102295,2.7249999046325684,236601,0.0,0.0
2024-05-16 12:30:00-04:00,2.7249999046325684,2.7300000190734863,2.7100000381469727,2.7197000980377197,192513,0.0,0.0
2024-05-16 13:30:00-04:00,2.711899995803833,2.7200000286102295,2.7100000381469727,2.7149999141693115,72491,0.0,0.0
2024-05-16 14:30:00-04:00,2.7149999141693115,2.7249999046325684,2.7100000381469727,2.7200000286102295,190386,0.0,0.0
2024-05-16 15:30:00-04:00,2.7149999141693115,2.740000009536743,2.7100000381469727,2.734999895095825,361223,0.0,0.0
2024-05-17 09:30:00-04:00,2.740000009536743,2.7799999713897705,2.7149999141693115,2.7750000953674316,259918,0.0,0.0
2024-05-17 10:30:00-04:00,2.7799999713897705,2.7799999713897705,2.765000104904175,2.765000104904175,156778,0.0,0.0
2024-05-17 11:30:00-04:00,2.7699999809265137,2.7699999809265137,2.75,2.759999990463257,137622,0.0,0.0
2024-05-17 12:30:00-04:00,2.759999990463257,2.765000104904175,2.7500998973846436,2.765000104904175,170477,0.0,0.0
2024-05-17 13:30:00-04:00,2.7600998878479004,2.7699999809265137,2.755000114440918,2.759999990463257,173425,0.0,0.0
2024-05-17 14:30:00-04:00,2.759999990463257,2.7699999809265137,2.755000114440918,2.759999990463257,214633,0.0,0.0
2024-05-17 15:30:00-04:00,2.765000104904175,2.7799999713897705,2.765000104904175,2.7699999809265137,248184,0.0,0.0
2024-05-20 09:30:00-04:00,2.7699999809265137,2.7899999618530273,2.7300000190734863,2.761199951171875,237365,0.0,0.0
2024-05-20 10:30:00-04:00,2.7699999809265137,2.789900064468384,2.759999990463257,2.7750000953674316,216769,0.0,0.0
2024-05-20 11:30:00-04:00,2.7699999809265137,2.7799999713897705,2.759999990463257,2.7699999809265137,182451,0.0,0.0
2024-05-20 12:30:00-04:00,2.7750000953674316,2.7799999713897705,2.755000114440918,2.759999990463257,271842,0.0,0.0
2024-05-20 13:30:00-04:00,2.7602999210357666,2.7699999809265137,2.75,2.755000114440918,184563,0.0,0.0
2024-05-20 14:30:00-04:00,2.759999990463257,2.765000104904175,2.75,2.755000114440918,164868,0.0,0.0
2024-05-20 15:30:00-04:00,2.755000114440918,2.765000104904175,2.75,2.755000114440918,366762,0.0,0.0
2024-05-21 09:30:00-04:00,2.809999942779541,2.8499999046325684,2.7899999618530273,2.825000047683716,329115,0.0,0.0
2024-05-21 10:30:00-04:00,2.825000047683716,2.8350000381469727,2.799999952316284,2.809999942779541,312203,0.0,0.0
2024-05-21 11:30:00-04:00,2.813499927520752,2.815000057220459,2.7899999618530273,2.799999952316284,283321,0.0,0.0
2024-05-21 12:30:00-04:00,2.7950000762939453,2.809999942779541,2.7899999618530273,2.799999952316284,146315,0.0,0.0
2024-05-21 13:30:00-04:00,2.799999952316284,2.809999942779541,2.7899999618530273,2.7950000762939453,445670,0.0,0.0
2024-05-21 14:30:00-04:00,2.7950000762939453,2.799999952316284,2.7799999713897705,2.79010009765625,386401,0.0,0.0
2024-05-21 15:30:00-04:00,2.7950000762939453,2.799999952316284,2.7899999618530273,2.7950000762939453,274065,0.0,0.0
2024-05-22 09:30:00-04:00,2.6600000858306885,2.6600000858306885,2.5799999237060547,2.5950000286102295,583402,0.0,0.0
2024-05-22 10:30:00-04:00,2.5950000286102295,2.6050000190734863,2.5799999237060547,2.5899999141693115,383110,0.0,0.0
2024-05-22 11:30:00-04:00,2.5899999141693115,2.609999895095825,2.5850000381469727,2.6050000190734863,204966,0.0,0.0
2024-05-22 12:30:00-04:00,2.5999999046325684,2.619999885559082,2.5999999046325684,2.609999895095825,287911,0.0,0.0
2024-05-22 13:30:00-04:00,2.609999895095825,2.609999895095825,2.5799999237060547,2.5899999141693115,301330,0.0,0.0
2024-05-22 14:30:00-04:00,2.5899999141693115,2.5899999141693115,2.569999933242798,2.5799999237060547,346441,0.0,0.0
2024-05-22 15:30:00-04:00,2.5799999237060547,2.5899999141693115,2.569999933242798,2.5899999141693115,437489,0.0,0.0
2024-05-23 09:30:00-04:00,2.5999999046325684,2.5999999046325684,2.5399999618530273,2.5399999618530273,238286,0.0,0.0
2024-05-23 10:30:00-04:00,2.5450000762939453,2.549999952316284,2.5299999713897705,2.5350000858306885,173002,0.0,0.0
2024-05-23 11:30:00-04:00,2.5350000858306885,2.549999952316284,2.5299999713897705,2.549999952316284,119252,0.0,0.0
2024-05-23 12:30:00-04:00,2.5399999618530273,2.549999952316284,2.5399999618530273,2.5416998863220215,85664,0.0,0.0
2024-05-23 13:30:00-04:00,2.5450000762939453,2.549999952316284,2.5134999752044678,2.515000104904175,230437,0.0,0.0
2024-05-23 14:30:00-04:00,2.5199999809265137,2.5299999713897705,2.509999990463257,2.5299999713897705,108791,0.0,0.0
2024-05-23 15:30:00-04:00,2.5250000953674316,2.5299999713897705,2.5199999809265137,2.5199999809265137,317306,0.0,0.0
2024-05-24 09:30:00-04:00,2.569999933242798,2.630000114440918,2.569999933242798,2.615000009536743,439636,0.0,0.0
2024-05-24 10:30:00-04:00,2.609999895095825,2.630000114440918,2.609999895095825,2.619999885559082,139431,0.0,0.0
2024-05-24 11:30:00-04:00,2.609999895095825,2.630000114440918,2.609999895095825,2.619999885559082,84036,0.0,0.0
2024-05-24 12:30:00-04:00,2.625,2.630000114440918,2.609999895095825,2.619999885559082,129285,0.0,0.0
2024-05-24 13:30:00-04:00,2.609999895095825,2.619999885559082,2.5999999046325684,2.5999999046325684,91016,0.0,0.0
2024-05-24 14:30:00-04:00,2.609999895095825,2.609999895095825,2.5899999141693115,2.5899999141693115,78672,0.0,0.0
2024-05-24 15:30:00-04:00,2.5950000286102295,2.609999895095825,2.5899999141693115,2.5999999046325684,244288,0.0,0.0
2024-05-28 09:30:00-04:00,2.619999885559082,2.640000104904175,2.609999895095825,2.619999885559082,215497,0.0,0.0
2024-05-28 10:30:00-04:00,2.615000009536743,2.619999885559082,2.5999999046325684,2.615000009536743,199318,0.0,0.0
2024-05-28 11:30:00-04:00,2.615000009536743,2.630000114440918,2.609999895095825,2.625,145436,0.0,0.0
2024-05-28 12:30:00-04:00,2.630000114440918,2.630000114440918,2.5899999141693115,2.609999895095825,392701,0.0,0.0
2024-05-28 13:30:00-04:00,2.6050000190734863,2.609999895095825,2.5899999141693115,2.5950000286102295,266333,0.0,0.0
2024-05-28 14:30:00-04:00,2.5899999141693115,2.5999999046325684,2.569999933242798,2.575000047683716,273109,0.0,0.0
2024-05-28 15:30:00-04:00,2.579900026321411,2.5799999237060547,2.559999942779541,2.5799999237060547,321578,0.0,0.0
2024-05-29 09:30:00-04:00,2.5299999713897705,2.5399999618530273,2.515000104904175,2.5250000953674316,218088,0.0,0.0
2024-05-29 10:30:00-04:00,2.524199962615967,2.5299999713897705,2.509999990463257,2.515000104904175,240727,0.0,0.0
2024-05-29 11:30:00-04:00,2.515000104904175,2.5199999809265137,2.509999990463257,2.515000104904175,38132,0.0,0.0
2024-05-29 12:30:00-04:00,2.515000104904175,2.5250000953674316,2.509999990463257,2.515000104904175,165965,0.0,0.0
2024-05-29 13:30:00-04:00,2.515000104904175,2.5299999713897705,2.509999990463257,2.5199999809265137,225597,0.0,0.0
2024-05-29 14:30:00-04:00,2.5201001167297363,2.5299999713897705,2.509999990463257,2.5299999713897705,259970,0.0,0.0
2024-05-29 15:30:00-04:00,2.5250000953674316,2.5299999713897705,2.5199999809265137,2.5250000953674316,102255,0.0,0.0
2024-05-30 09:30:00-04:00,2.5299999713897705,2.549999952316284,2.5199999809265137,2.5299999713897705,253825,0.0,0.0
2024-05-30 10:30:00-04:00,2.5299999713897705,2.5399999618530273,2.5199999809265137,2.5350000858306885,100863,0.0,0.0
2024-05-30 11:30:00-04:00,2.5399999618530273,2.5399999618530273,2.5299999713897705,2.5299999713897705,15910,0.0,0.0
2024-05-30 12:30:00-04:00,2.5350000858306885,2.549999952316284,2.5299999713897705,2.5450000762939453,58184,0.0,0.0
2024-05-30 13:30:00-04:00,2.5450000762939453,2.559999942779541,2.5199999809265137,2.5399999618530273,392932,0.0,0.0
2024-05-30 14:30:00-04:00,2.5350000858306885,2.5399999618530273,2.5299999713897705,2.5350000858306885,36369,0.0,0.0
2024-05-30 15:30:00-04:00,2.5350000858306885,2.5399999618530273,2.5299999713897705,2.5350000858306885,94350,0.0,0.0
2024-05-31 09:30:00-04:00,2.5299999713897705,2.5399999618530273,2.5,2.5,235183,0.0,0.0
2024-05-31 10:30:00-04:00,2.494999885559082,2.4986000061035156,2.4800000190734863,2.4818999767303467,289179,0.0,0.0
2024-05-31 11:30:00-04:00,2.484999895095825,2.490000009536743,2.4800000190734863,2.4800000190734863,83489,0.0,0.0
2024-05-31 12:30:00-04:00,2.484999895095825,2.490000009536743,2.4800000190734863,2.4800000190734863,57315,0.0,0.0
2024-05-31 13:30:00-04:00,2.487499952316284,2.490000009536743,2.4800000190734863,2.487499952316284,34111,0.0,0.0
2024-05-31 14:30:00-04:00,2.484999895095825,2.490000009536743,2.4700000286102295,2.484999895095825,1081414,0.0,0.0
2024-05-31 15:30:00-04:00,2.4800000190734863,2.5,2.4800000190734863,2.5,542860,0.0,0.0
2024-06-03 09:30:00-04:00,2.450000047683716,2.4600000381469727,2.4100000858306885,2.4400999546051025,465817,0.0,0.0
2024-06-03 10:30:00-04:00,2.440000057220459,2.450000047683716,2.430000066757202,2.430000066757202,296109,0.0,0.0
2024-06-03 11:30:00-04:00,2.430000066757202,2.440000057220459,2.4000000953674316,2.4100000858306885,739303,0.0,0.0
2024-06-03 12:30:00-04:00,2.400099992752075,2.4200000762939453,2.390000104904175,2.4200000762939453,224170,0.0,0.0
2024-06-03 13:30:00-04:00,2.4200000762939453,2.430000066757202,2.4100000858306885,2.424999952316284,188724,0.0,0.0
2024-06-03 14:30:00-04:00,2.430000066757202,2.440000057220459,2.4200000762939453,2.4200000762939453,359124,0.0,0.0
2024-06-03 15:30:00-04:00,2.424999952316284,2.440000057220459,2.4200000762939453,2.430000066757202,340219,0.0,0.0
2024-06-04 09:30:00-04:00,2.369999885559082,2.3882999420166016,2.3550000190734863,2.369999885559082,457566,0.0,0.0
2024-06-04 10:30:00-04:00,2.369999885559082,2.390000104904175,2.365000009536743,2.384999990463257,209787,0.0,0.0
2024-06-04 11:30:00-04:00,2.380000114440918,2.384999990463257,2.359999895095825,2.365000009536743,81084,0.0,0.0
2024-06-04 12:30:00-04:00,2.369999885559082,2.369999885559082,2.3499999046325684,2.368799924850464,204933,0.0,0.0
2024-06-04 13:30:00-04:00,2.369999885559082,2.380000114440918,2.359999895095825,2.380000114440918,78515,0.0,0.0
2024-06-04 14:30:00-04:00,2.375,2.380000114440918,2.359999895095825,2.359999895095825,259100,0.0,0.0
2024-06-04 15:30:00-04:00,2.365000009536743,2.369999885559082,2.359999895095825,2.369999885559082,106660,0.0,0.0
2024-06-05 09:30:00-04:00,2.359999895095825,2.369999885559082,2.340100049972534,2.3550000190734863,363790,0.0,0.0
2024-06-05 10:30:00-04:00,2.3550000190734863,2.375,2.3499999046325684,2.3550000190734863,190931,0.0,0.0
2024-06-05 11:30:00-04:00,2.359999895095825,2.359999895095825,2.3399999141693115,2.3399999141693115,175001,0.0,0.0
2024-06-05 12:30:00-04:00,2.3399999141693115,2.3499999046325684,2.3399999141693115,2.3450000286102295,120962,0.0,0.0
2024-06-05 13:30:00-04:00,2.3499999046325684,2.3499999046325684,2.3399999141693115,2.3450000286102295,77043,0.0,0.0
2024-06-05 14:30:00-04:00,2.3450000286102295,2.3499999046325684,2.3399999141693115,2.3450000286102295,110504,0.0,0.0
2024-06-05 15:30:00-04:00,2.3450000286102295,2.3499999046325684,2.3399999141693115,2.3399999141693115,128312,0.0,0.0
2024-06-06 09:30:00-04:00,2.359999895095825,2.4100000858306885,2.359999895095825,2.4000000953674316,914161,0.0,0.0
2024-06-06 10:30:00-04:00,2.4000000953674316,2.424999952316284,2.390000104904175,2.421999931335449,486823,0.0,0.0
2024-06-06 11:30:00-04:00,2.4200000762939453,2.430000066757202,2.4100000858306885,2.4149999618530273,176168,0.0,0.0
2024-06-06 12:30:00-04:00,2.4149999618530273,2.430000066757202,2.4000000953674316,2.4200000762939453,190908,0.0,0.0
2024-06-06 13:30:00-04:00,2.4200000762939453,2.430000066757202,2.4049999713897705,2.4200000762939453,223239,0.0,0.0
2024-06-06 14:30:00-04:00,2.4200000762939453,2.434999942779541,2.4000000953674316,2.4049999713897705,367513,0.0,0.0
2024-06-06 15:30:00-04:00,2.409899950027466,2.4200000762939453,2.4000000953674316,2.4100000858306885,167827,0.0,0.0
2024-06-07 09:30:00-04:00,2.380000114440918,2.384999990463257,2.3550000190734863,2.384999990463257,561961,0.0,0.0
2024-06-07 10:30:00-04:00,2.3850998878479004,2.390000104904175,2.359999895095825,2.365000009536743,292930,0.0,0.0
2024-06-07 11:30:00-04:00,2.365000009536743,2.369999885559082,2.359999895095825,2.365000009536743,54695,0.0,0.0
2024-06-07 12:30:00-04:00,2.365000009536743,2.365000009536743,2.3499999046325684,2.359999895095825,100223,0.0,0.0
2024-06-07 13:30:00-04:00,2.3550000190734863,2.369999885559082,2.3399999141693115,2.359999895095825,252583,0.0,0.0
2024-06-07 14:30:00-04:00,2.359999895095825,2.359999895095825,2.325000047683716,2.3350000381469727,403039,0.0,0.0
2024-06-07 15:30:00-04:00,2.3399999141693115,2.3399999141693115,2.3299999237060547,2.3299999237060547,107677,0.0,0.0
2024-06-10 09:30:00-04:00,2.2899999618530273,2.315000057220459,2.2850000858306885,2.309999942779541,265073,0.0,0.0
2024-06-10 10:30:00-04:00,2.315000057220459,2.315000057220459,2.2899999618530273,2.305000066757202,403376,0.0,0.0
2024-06-10 11:30:00-04:00,2.299999952316284,2.3099000453948975,2.2899999618530273,2.304500102996826,173712,0.0,0.0
2024-06-10 12:30:00-04:00,2.299999952316284,2.309999942779541,2.299999952316284,2.309999942779541,46288,0.0,0.0
2024-06-10 13:30:00-04:00,2.299999952316284,2.319999933242798,2.299999952316284,2.299999952316284,105896,0.0,0.0
2024-06-10 14:30:00-04:00,2.305000066757202,2.319999933242798,2.299999952316284,2.319999933242798,242632,0.0,0.0
2024-06-10 15:30:00-04:00,2.315000057220459,2.319999933242798,2.309999942779541,2.319999933242798,185571,0.0,0.0
2024-06-11 09:30:00-04:00,2.2799999713897705,2.2980000972747803,2.259999990463257,2.2799999713897705,328161,0.0,0.0
2024-06-11 10:30:00-04:00,2.2799999713897705,2.2899999618530273,2.2799999713897705,2.2799999713897705,113010,0.0,0.0
2024-06-11 11:30:00-04:00,2.2850000858306885,2.2899999618530273,2.2699999809265137,2.2750000953674316,128463,0.0,0.0
2024-06-11 12:30:00-04:00,2.2750000953674316,2.299999952316284,2.2699999809265137,2.2799999713897705,382745,0.0,0.0
2024-06-11 13:30:00-04:00,2.2850000858306885,2.309999942779541,2.2818000316619873,2.309999942779541,101681,0.0,0.0
2024-06-11 14:30:00-04:00,2.309999942779541,2.309999942779541,2.2925000190734863,2.299999952316284,280384,0.0,0.0
2024-06-11 15:30:00-04:00,2.299999952316284,2.309999942779541,2.299999952316284,2.305000066757202,122498,0.0,0.0
2024-06-12 09:30:00-04:00,2.299999952316284,2.299999952316284,2.2300000190734863,2.25,454037,0.0,0.0
2024-06-12 10:30:00-04:00,2.25,2.255000114440918,2.2300000190734863,2.234999895095825,948126,0.0,0.0
2024-06-12 11:30:00-04:00,2.240000009536743,2.2492001056671143,2.2300000190734863,2.234999895095825,356241,0.0,0.0
2024-06-12 12:30:00-04:00,2.240000009536743,2.25,2.2300000190734863,2.244999885559082,277662,0.0,0.0
2024-06-12 13:30:00-04:00,2.244999885559082,2.259999990463257,2.240000009536743,2.25,353679,0.0,0.0
2024-06-12 14:30:00-04:00,2.244999885559082,2.255000114440918,2.2100000381469727,2.2100000381469727,683604,0.0,0.0
2024-06-12 15:30:00-04:00,2.2100000381469727,2.2200000286102295,2.2100000381469727,2.2200000286102295,240596,0.0,0.0
2024-06-13 09:30:00-04:00,2.240000009536743,2.240000009536743,2.2149999141693115,2.2149999141693115,212083,0.0,0.0
2024-06-13 10:30:00-04:00,2.2200000286102295,2.240000009536743,2.200000047683716,2.240000009536743,272718,0.0,0.0
2024-06-13 11:30:00-04:00,2.240000009536743,2.25,2.2200000286102295,2.2249999046325684,504755,0.0,0.0
2024-06-13 12:30:00-04:00,2.2249999046325684,2.25,2.2249999046325684,2.2362000942230225,425255,0.0,0.0
2024-06-13 13:30:00-04:00,2.234999895095825,2.25,2.2300000190734863,2.240000009536743,177091,0.0,0.0
2024-06-13 14:30:00-04:00,2.240000009536743,2.2400999069213867,2.2300000190734863,2.234999895095825,101218,0.0,0.0
2024-06-13 15:30:00-04:00,2.234999895095825,2.240000009536743,2.2300000190734863,2.234999895095825,120808,0.0,0.0
2024-06-14 09:30:00-04:00,2.200000047683716,2.240000009536743,2.200000047683716,2.234999895095825,335626,0.0,0.0
2024-06-14 10:30:00-04:00,2.2300000190734863,2.259999990463257,2.2200000286102295,2.25,483146,0.0,0.0
2024-06-14 11:30:00-04:00,2.244999885559082,2.2599000930786133,2.240000009536743,2.244999885559082,101493,0.0,0.0
2024-06-14 12:30:00-04:00,2.244999885559082,2.25,2.2300000190734863,2.2300000190734863,153794,0.0,0.0
2024-06-14 13:30:00-04:00,2.2300000190734863,2.240000009536743,2.2300000190734863,2.240000009536743,157803,0.0,0.0
2024-06-14 14:30:00-04:00,2.234999895095825,2.25,2.2300000190734863,2.25,194329,0.0,0.0
2024-06-14 15:30:00-04:00,2.244999885559082,2.25,2.240000009536743,2.240000009536743,95602,0.0,0.0
2024-06-17 09:30:00-04:00,2.2200000286102295,2.2249999046325684,2.2039999961853027,2.2149999141693115,148581,0.0,0.0
2024-06-17 10:30:00-04:00,2.2149999141693115,2.2149999141693115,2.200000047683716,2.2049999237060547,175238,0.0,0.0
2024-06-17 11:30:00-04:00,2.2049999237060547,2.2300000190734863,2.200000047683716,2.2249999046325684,250617,0.0,0.0
2024-06-17 12:30:00-04:00,2.2249999046325684,2.2300000190734863,2.2100000381469727,2.2149999141693115,137682,0.0,0.0
2024-06-17 13:30:00-04:00,2.2149999141693115,2.2249999046325684,2.2100000381469727,2.2149999141693115,113356,0.0,0.0
2024-06-17 14:30:00-04:00,2.2149999141693115,2.2200000286102295,2.200000047683716,2.2049999237060547,208953,0.0,0.0
2024-06-17 15:30:00-04:00,2.2049999237060547,2.2100000381469727,2.200000047683716,2.200000047683716,143912,0.0,0.0
2024-06-18 09:30:00-04:00,2.3499999046325684,2.490000009536743,2.3299999237060547,2.444999933242798,2318461,0.0,0.0
2024-06-18 10:30:00-04:00,2.440000057220459,2.449899911880493,2.4100000858306885,2.430000066757202,819441,0.0,0.0
2024-06-18 11:30:00-04:00,2.440000057220459,2.440000057220459,2.4100000858306885,2.4200000762939453,569384,0.0,0.0
2024-06-18 12:30:00-04:00,2.4149999618530273,2.424999952316284,2.390000104904175,2.405100107192993,418896,0.0,0.0
2024-06-18 13:30:00-04:00,2.4049999713897705,2.4100000858306885,2.3733999729156494,2.380000114440918,207208,0.0,0.0
2024-06-18 14:30:00-04:00,2.380000114440918,2.4000000953674316,2.369999885559082,2.384999990463257,639018,0.0,0.0
2024-06-18 15:30:00-04:00,2.384999990463257,2.4000000953674316,2.380000114440918,2.384999990463257,279782,0.0,0.0
2024-06-20 09:30:00-04:00,2.380000114440918,2.440000057220459,2.375,2.424999952316284,1359677,0.0,0.0
2024-06-20 10:30:00-04:00,2.424999952316284,2.430000066757202,2.369999885559082,2.380000114440918,527724,0.0,0.0
2024-06-20 11:30:00-04:00,2.375,2.4000000953674316,2.359999895095825,2.384999990463257,859987,0.0,0.0
2024-06-20 12:30:00-04:00,2.380000114440918,2.390000104904175,2.359999895095825,2.375,780336,0.0,0.0
2024-06-20 13:30:00-04:00,2.375,2.390000104904175,2.369999885559082,2.380000114440918,244459,0.0,0.0
2024-06-20 14:30:00-04:00,2.3801000118255615,2.4000000953674316,2.369999885559082,2.379499912261963,511930,0.0,0.0
2024-06-20 15:30:00-04:00,2.380000114440918,2.380000114440918,2.369999885559082,2.380000114440918,164724,0.0,0.0
2024-06-21 09:30:00-04:00,2.359999895095825,2.369999885559082,2.3408000469207764,2.3499999046325684,231510,0.0,0.0
2024-06-21 10:30:00-04:00,2.3550000190734863,2.3550000190734863,2.309999942779541,2.315000057220459,145761,0.0,0.0
2024-06-21 11:30:00-04:00,2.309999942779541,2.315000057220459,2.305000066757202,2.315000057220459,428554,0.0,0.0
2024-06-21 12:30:00-04:00,2.315000057220459,2.3350000381469727,2.3129000663757324,2.325000047683716,339371,0.0,0.0
2024-06-21 13:30:00-04:00,2.325000047683716,2.3299999237060547,2.319999933242798,2.325000047683716,149542,0.0,0.0
2024-06-21 14:30:00-04:00,2.325000047683716,2.3399999141693115,2.319999933242798,2.3299999237060547,227180,0.0,0.0
2024-06-21 15:30:00-04:00,2.3350000381469727,2.3399999141693115,2.3299999237060547,2.3350000381469727,186934,0.0,0.0
2024-06-24 09:30:00-04:00,2.359999895095825,2.380000114440918,2.3499999046325684,2.359999895095825,173134,0.0,0.0
2024-06-24 10:30:00-04:00,2.365000009536743,2.3698999881744385,2.3499999046325684,2.3550000190734863,54905,0.0,0.0
2024-06-24 11:30:00-04:00,2.3499999046325684,2.369999885559082,2.3399999141693115,2.365000009536743,142548,0.0,0.0
2024-06-24 12:30:00-04:00,2.365000009536743,2.3687000274658203,2.359999895095825,2.365000009536743,85297,0.0,0.0
2024-06-24 13:30:00-04:00,2.365000009536743,2.369999885559082,2.359999895095825,2.365000009536743,18003,0.0,0.0
2024-06-24 14:30:00-04:00,2.365000009536743,2.375,2.359999895095825,2.375,152106,0.0,0.0
2024-06-24 15:30:00-04:00,2.375,2.380000114440918,2.369999885559082,2.375,196567,0.0,0.0
2024-06-25 09:30:00-04:00,2.3299999237060547,2.3499999046325684,2.315000057220459,2.3299999237060547,240313,0.0,0.0
2024-06-25 10:30:00-04:00,2.325000047683716,2.325000047683716,2.2899999618530273,2.299999952316284,375413,0.0,0.0
2024-06-25 11:30:00-04:00,2.2950000762939453,2.299999952316284,2.2899999618530273,2.2950000762939453,54990,0.0,0.0
2024-06-25 12:30:00-04:00,2.2950000762939453,2.2950000762939453,2.2799999713897705,2.2899999618530273,247898,0.0,0.0
2024-06-25 13:30:00-04:00,2.2799999713897705,2.299999952316284,2.2799999713897705,2.2999000549316406,282315,0.0,0.0
2024-06-25 14:30:00-04:00,2.2899999618530273,2.309999942779541,2.2899999618530273,2.301800012588501,159002,0.0,0.0
2024-06-25 15:30:00-04:00,2.305000066757202,2.309999942779541,2.2899999618530273,2.309999942779541,213030,0.0,0.0
2024-06-26 09:30:00-04:00,2.2699999809265137,2.2950000762939453,2.25,2.2750000953674316,500857,0.0,0.0
2024-06-26 10:30:00-04:00,2.2750000953674316,2.2850000858306885,2.2699999809265137,2.2750000953674316,97740,0.0,0.0
2024-06-26 11:30:00-04:00,2.2699999809265137,2.2799999713897705,2.2699999809265137,2.2750000953674316,62563,0.0,0.0
2024-06-26 12:30:00-04:00,2.2699999809265137,2.2799999713897705,2.2699999809265137,2.2750000953674316,70298,0.0,0.0
2024-06-26 13:30:00-04:00,2.2750000953674316,2.2799999713897705,2.2699999809265137,2.2699999809265137,20459,0.0,0.0
2024-06-26 14:30:00-04:00,2.2750000953674316,2.2792999744415283,2.259999990463257,2.2750000953674316,393003,0.0,0.0
2024-06-26 15:30:00-04:00,2.2799999713897705,2.2899999618530273,2.2699999809265137,2.2899999618530273,213550,0.0,0.0
2024-06-27 09:30:00-04:00,2.299999952316284,2.325000047683716,2.2899999618530273,2.305000066757202,248322,0.0,0.0
2024-06-27 10:30:00-04:00,2.309999942779541,2.309999942779541,2.2899999618530273,2.2899999618530273,133238,0.0,0.0
2024-06-27 11:30:00-04:00,2.2899999618530273,2.309999942779541,2.2899999618530273,2.305000066757202,133825,0.0,0.0
2024-06-27 12:30:00-04:00,2.299999952316284,2.309999942779541,2.299999952316284,2.305000066757202,34448,0.0,0.0
2024-06-27 13:30:00-04:00,2.309999942779541,2.319999933242798,2.299999952316284,2.309999942779541,113567,0.0,0.0
2024-06-27 14:30:00-04:00,2.315000057220459,2.3399999141693115,2.309999942779541,2.3350000381469727,203727,0.0,0.0
2024-06-27 15:30:00-04:00,2.3299999237060547,2.3350000381469727,2.319999933242798,2.325000047683716,464805,0.0,0.0
2024-06-28 09:30:00-04:00,2.309999942779541,2.325000047683716,2.2899999618530273,2.299999952316284,323303,0.0,0.0
2024-06-28 10:30:00-04:00,2.305000066757202,2.319999933242798,2.299999952316284,2.309999942779541,117667,0.0,0.0
2024-06-28 11:30:00-04:00,2.315000057220459,2.3299999237060547,2.309999942779541,2.309999942779541,194256,0.0,0.0
2024-06-28 12:30:00-04:00,2.312000036239624,2.3199000358581543,2.299999952316284,2.309999942779541,103624,0.0,0.0
2024-06-28 13:30:00-04:00,2.315000057220459,2.319999933242798,2.299999952316284,2.305000066757202,122754,0.0,0.0
2024-06-28 14:30:00-04:00,2.309999942779541,2.309999942779541,2.2899999618530273,2.2950000762939453,133922,0.0,0.0
2024-06-28 15:30:00-04:00,2.2899999618530273,2.299999952316284,2.2899999618530273,2.2899999618530273,129346,0.0,0.0
2024-07-01 09:30:00-04:00,2.3399999141693115,2.359999895095825,2.325000047683716,2.3399999141693115,236591,0.0,0.0
2024-07-01 10:30:00-04:00,2.3399999141693115,2.3450000286102295,2.325000047683716,2.325000047683716,70218,0.0,0.0
2024-07-01 11:30:00-04:00,2.3299999237060547,2.3299999237060547,2.309999942779541,2.319999933242798,217246,0.0,0.0
2024-07-01 12:30:00-04:00,2.325000047683716,2.325000047683716,2.309999942779541,2.309999942779541,72582,0.0,0.0
2024-07-01 13:30:00-04:00,2.319999933242798,2.319999933242798,2.299999952316284,2.299999952316284,115046,0.0,0.0
2024-07-01 14:30:00-04:00,2.305000066757202,2.309999942779541,2.2899999618530273,2.2899999618530273,76706,0.0,0.0
2024-07-01 15:30:00-04:00,2.2901999950408936,2.299999952316284,2.2899999618530273,2.2899999618530273,94055,0.0,0.0
2024-07-02 09:30:00-04:00,2.2799999713897705,2.305000066757202,2.2699999809265137,2.2699999809265137,301552,0.0,0.0
2024-07-02 10:30:00-04:00,2.2699999809265137,2.2799999713897705,2.259999990463257,2.265000104904175,459213,0.0,0.0
2024-07-02 11:30:00-04:00,2.2699999809265137,2.2699999809265137,2.25,2.259999990463257,220430,0.0,0.0
2024-07-02 12:30:00-04:00,2.2674999237060547,2.2674999237060547,2.25,2.259999990463257,429923,0.0,0.0
2024-07-02 13:30:00-04:00,2.259999990463257,2.2699999809265137,2.25,2.259999990463257,185672,0.0,0.0
2024-07-02 14:30:00-04:00,2.259999990463257,2.2899999618530273,2.255000114440918,2.2899999618530273,178803,0.0,0.0
2024-07-02 15:30:00-04:00,2.2850000858306885,2.299999952316284,2.2850000858306885,2.2899999618530273,209103,0.0,0.0
2024-07-03 09:30:00-04:00,2.359999895095825,2.4049999713897705,2.359999895095825,2.3949999809265137,346242,0.0,0.0
2024-07-03 10:30:00-04:00,2.3949999809265137,2.4100000858306885,2.3721001148223877,2.4000000953674316,396376,0.0,0.0
2024-07-03 11:30:00-04:00,2.4000000953674316,2.4200000762939453,2.4000000953674316,2.4100000858306885,121787,0.0,0.0
2024-07-05 09:30:00-04:00,2.4000000953674316,2.4100000858306885,2.369999885559082,2.3801000118255615,236039,0.0,0.0
2024-07-05 10:30:00-04:00,2.390000104904175,2.4100000858306885,2.390000104904175,2.4049999713897705,136478,0.0,0.0
2024-07-05 11:30:00-04:00,2.4049999713897705,2.409899950027466,2.3949999809265137,2.3949999809265137,43697,0.0,0.0
2024-07-05 12:30:00-04:00,2.3949999809265137,2.4000000953674316,2.390000104904175,2.391700029373169,38643,0.0,0.0
2024-07-05 13:30:00-04:00,2.3949999809265137,2.409899950027466,2.375,2.375,121279,0.0,0.0
2024-07-05 14:30:00-04:00,2.375,2.4000000953674316,2.375,2.390000104904175,149970,0.0,0.0
2024-07-05 15:30:00-04:00,2.390000104904175,2.4000000953674316,2.384999990463257,2.3949999809265137,262503,0.0,0.0
2024-07-08 09:30:00-04:00,2.3499999046325684,2.369999885559082,2.340100049972534,2.3550000190734863,189781,0.0,0.0
2024-07-08 10:30:00-04:00,2.350100040435791,2.369999885559082,2.3499999046325684,2.3550000190734863,211715,0.0,0.0
2024-07-08 11:30:00-04:00,2.3550000190734863,2.369999885559082,2.3499999046325684,2.365000009536743,90807,0.0,0.0
2024-07-08 12:30:00-04:00,2.365000009536743,2.369999885559082,2.359999895095825,2.365000009536743,43270,0.0,0.0
2024-07-08 13:30:00-04:00,2.365000009536743,2.369999885559082,2.359999895095825,2.365000009536743,110463,0.0,0.0
2024-07-08 14:30:00-04:00,2.365000009536743,2.369999885559082,2.3499999046325684,2.3550000190734863,92527,0.0,0.0
2024-07-08 15:30:00-04:00,2.3550000190734863,2.380000114440918,2.3499999046325684,2.380000114440918,185164,0.0,0.0
2024-07-09 09:30:00-04:00,2.390000104904175,2.4000000953674316,2.375,2.390000104904175,192499,0.0,0.0
2024-07-09 10:30:00-04:00,2.3949999809265137,2.399899959564209,2.380000114440918,2.384999990463257,84998,0.0,0.0
2024-07-09 11:30:00-04:00,2.38700008392334,2.4100000858306885,2.384999990463257,2.4049999713897705,76378,0.0,0.0
2024-07-09 12:30:00-04:00,2.4049999713897705,2.4198999404907227,2.4000000953674316,2.4100000858306885,72664,0.0,0.0
2024-07-09 13:30:00-04:00,2.4100000858306885,2.4200000762939453,2.4100000858306885,2.4149999618530273,80328,0.0,0.0
2024-07-09 14:30:00-04:00,2.4149999618530273,2.4200000762939453,2.4000000953674316,2.4100000858306885,90590,0.0,0.0
2024-07-09 15:30:00-04:00,2.4100000858306885,2.4200000762939453,2.4000000953674316,2.4200000762939453,132739,0.0,0.0
2024-07-10 09:30:00-04:00,2.430000066757202,2.4398999214172363,2.4000000953674316,2.4000000953674316,394573,0.0,0.0
2024-07-10 10:30:00-04:00,2.400099992752075,2.4066998958587646,2.390000104904175,2.3949999809265137,156135,0.0,0.0
2024-07-10 11:30:00-04:00,2.399199962615967,2.4100000858306885,2.390000104904175,2.4100000858306885,93453,0.0,0.0
2024-07-10 12:30:00-04:00,2.4000000953674316,2.40910005569458,2.380000114440918,2.384999990463257,83541,0.0,0.0
2024-07-10 13:30:00-04:00,2.384999990463257,2.390000104904175,2.380000114440918,2.384999990463257,100924,0.0,0.0
2024-07-10 14:30:00-04:00,2.384999990463257,2.399899959564209,2.380000114440918,2.3949999809265137,119032,0.0,0.0
2024-07-10 15:30:00-04:00,2.3949999809265137,2.4000000953674316,2.390000104904175,2.390000104904175,227126,0.0,0.0
2024-07-11 09:30:00-04:00,2.4100000858306885,2.444999933242798,2.4049999713897705,2.430000066757202,221215,0.0,0.0
2024-07-11 10:30:00-04:00,2.430000066757202,2.4398999214172363,2.4200000762939453,2.434999942779541,409599,0.0,0.0
2024-07-11 11:30:00-04:00,2.430000066757202,2.4398999214172363,2.4200000762939453,2.420099973678589,186321,0.0,0.0
2024-07-11 12:30:00-04:00,2.424999952316284,2.430000066757202,2.4200000762939453,2.424999952316284,55380,0.0,0.0
2024-07-11 13:30:00-04:00,2.424999952316284,2.430000066757202,2.4100000858306885,2.4100000858306885,265564,0.0,0.0
2024-07-11 14:30:00-04:00,2.4149999618530273,2.4200000762939453,2.4100000858306885,2.4149999618530273,33308,0.0,0.0
2024-07-11 15:30:00-04:00,2.4149999618530273,2.4200000762939453,2.4100000858306885,2.4100000858306885,97266,0.0,0.0
2024-07-12 09:30:00-04:00,2.4200000762939453,2.424999952316284,2.400899887084961,2.4149999618530273,119788,0.0,0.0
2024-07-12 10:30:00-04:00,2.4149999618530273,2.4200000762939453,2.400099992752075,2.4100000858306885,70230,0.0,0.0
2024-07-12 11:30:00-04:00,2.4100000858306885,2.4200000762939453,2.4100000858306885,2.4149999618530273,16253,0.0,0.0
2024-07-12 12:30:00-04:00,2.4137001037597656,2.450000047683716,2.410900115966797,2.444999933242798,510651,0.0,0.0
2024-07-12 13:30:00-04:00,2.450000047683716,2.4600000381469727,2.440000057220459,2.450000047683716,154565,0.0,0.0
2024-07-12 14:30:00-04:00,2.450000047683716,2.4600000381469727,2.450000047683716,2.459700107574463,35635,0.0,0.0
2024-07-12 15:30:00-04:00,2.4549999237060547,2.4600000381469727,2.450000047683716,2.4549999237060547,121069,0.0,0.0
2024-07-15 09:30:00-04:00,2.4600000381469727,2.4600000381469727,2.434999942779541,2.450000047683716,121776,0.0,0.0
2024-07-15 10:30:00-04:00,2.450000047683716,2.468400001525879,2.450000047683716,2.4549999237060547,116772,0.0,0.0
2024-07-15 11:30:00-04:00,2.4600000381469727,2.4800000190734863,2.4549999237060547,2.4649999141693115,142351,0.0,0.0
2024-07-15 12:30:00-04:00,2.4600000381469727,2.4749999046325684,2.4600000381469727,2.4600000381469727,95279,0.0,0.0
2024-07-15 13:30:00-04:00,2.4600000381469727,2.4700000286102295,2.450000047683716,2.4649999141693115,145480,0.0,0.0
2024-07-15 14:30:00-04:00,2.4700000286102295,2.4700000286102295,2.4600000381469727,2.4649999141693115,41009,0.0,0.0
2024-07-15 15:30:00-04:00,2.4649999141693115,2.4700000286102295,2.4600000381469727,2.4700000286102295,200315,0.0,0.0
2024-07-16 09:30:00-04:00,2.4800000190734863,2.4800000190734863,2.440000057220459,2.444999933242798,210945,0.0,0.0
2024-07-16 10:30:00-04:00,2.444999933242798,2.450000047683716,2.430000066757202,2.430000066757202,47077,0.0,0.0
2024-07-16 11:30:00-04:00,2.430000066757202,2.434999942779541,2.4000000953674316,2.4000000953674316,85083,0.0,0.0
2024-07-16 12:30:00-04:00,2.4000000953674316,2.4100000858306885,2.390000104904175,2.4049999713897705,135042,0.0,0.0
2024-07-16 13:30:00-04:00,2.4049999713897705,2.429800033569336,2.4049999713897705,2.4200000762939453,87087,0.0,0.0
2024-07-16 14:30:00-04:00,2.4200000762939453,2.430000066757202,2.4100000858306885,2.4200000762939453,109754,0.0,0.0
2024-07-16 15:30:00-04:00,2.4200000762939453,2.430000066757202,2.413800001144409,2.4200000762939453,404499,0.0,0.0
2024-07-17 09:30:00-04:00,2.4000000953674316,2.4200000762939453,2.390000104904175,2.410099983215332,230879,0.0,0.0
2024-07-17 10:30:00-04:00,2.410099983215332,2.430000066757202,2.410099983215332,2.4200000762939453,288262,0.0,0.0
2024-07-17 11:30:00-04:00,2.4200000762939453,2.4200000762939453,2.4000000953674316,2.4000000953674316,130659,0.0,0.0
2024-07-17 12:30:00-04:00,2.4000000953674316,2.4100000858306885,2.3907999992370605,2.4049999713897705,92100,0.0,0.0
2024-07-17 13:30:00-04:00,2.4049999713897705,2.4100000858306885,2.4000000953674316,2.4049999713897705,29525,0.0,0.0
2024-07-17 14:30:00-04:00,2.4049999713897705,2.4100000858306885,2.4000000953674316,2.4000000953674316,156517,0.0,0.0
2024-07-17 15:30:00-04:00,2.4000000953674316,2.4100000858306885,2.390000104904175,2.3949999809265137,89402,0.0,0.0
2024-07-18 09:30:00-04:00,2.359999895095825,2.369999885559082,2.3450000286102295,2.3450000286102295,124118,0.0,0.0
2024-07-18 10:30:00-04:00,2.3450000286102295,2.3499999046325684,2.3399999141693115,2.3399999141693115,54128,0.0,0.0
2024-07-18 11:30:00-04:00,2.3450000286102295,2.349900007247925,2.315000057220459,2.315000057220459,101957,0.0,0.0
2024-07-18 12:30:00-04:00,2.315000057220459,2.319999933242798,2.299999952316284,2.309999942779541,288052,0.0,0.0
2024-07-18 13:30:00-04:00,2.309999942779541,2.3199000358581543,2.2799999713897705,2.2799999713897705,136939,0.0,0.0
2024-07-18 14:30:00-04:00,2.2799999713897705,2.2850000858306885,2.259999990463257,2.265000104904175,181381,0.0,0.0
2024-07-18 15:30:00-04:00,2.26990008354187,2.2699999809265137,2.259999990463257,2.265000104904175,270646,0.0,0.0
2024-07-19 09:30:00-04:00,2.2799999713897705,2.2799999713897705,2.240000009536743,2.244999885559082,330204,0.0,0.0
2024-07-19 10:30:00-04:00,2.240000009536743,2.240000009536743,2.2249999046325684,2.2249999046325684,173335,0.0,0.0
2024-07-19 11:30:00-04:00,2.2249999046325684,2.240000009536743,2.2200000286102295,2.2300000190734863,232767,0.0,0.0
2024-07-19 12:30:00-04:00,2.2249999046325684,2.25,2.2249999046325684,2.240000009536743,302417,0.0,0.0
2024-07-19 13:30:00-04:00,2.240000009536743,2.25,2.234999895095825,2.240000009536743,233961,0.0,0.0
2024-07-19 14:30:00-04:00,2.244999885559082,2.25,2.2300000190734863,2.240000009536743,254456,0.0,0.0
2024-07-19 15:30:00-04:00,2.240000009536743,2.25,2.240000009536743,2.240000009536743,186605,0.0,0.0
2024-07-22 09:30:00-04:00,2.2799999713897705,2.2899999618530273,2.2699999809265137,2.2750000953674316,157374,0.0,0.0
2024-07-22 10:30:00-04:00,2.2750000953674316,2.2799999713897705,2.2699999809265137,2.2699999809265137,82023,0.0,0.0
2024-07-22 11:30:00-04:00,2.2699999809265137,2.2899999618530273,2.2699999809265137,2.2850000858306885,209048,0.0,0.0
2024-07-22 12:30:00-04:00,2.2850000858306885,2.2899999618530273,2.2799999713897705,2.2799999713897705,63139,0.0,0.0
2024-07-22 13:30:00-04:00,2.2799999713897705,2.2899999618530273,2.2750000953674316,2.2750000953674316,58841,0.0,0.0
2024-07-22 14:30:00-04:00,2.2699999809265137,2.2750000953674316,2.2699999809265137,2.2750000953674316,40371,0.0,0.0
2024-07-22 15:30:00-04:00,2.2750000953674316,2.2799999713897705,2.2699999809265137,2.2699999809265137,168731,0.0,0.0
2024-07-23 09:30:00-04:00,2.2100000381469727,2.2100000381469727,2.180000066757202,2.190500020980835,497661,0.0,0.0
2024-07-23 10:30:00-04:00,2.190000057220459,2.200000047683716,2.1700000762939453,2.174999952316284,243575,0.0,0.0
2024-07-23 11:30:00-04:00,2.1700000762939453,2.180000066757202,2.1700000762939453,2.178999900817871,145931,0.0,0.0
2024-07-23 12:30:00-04:00,2.174999952316284,2.180000066757202,2.1600000858306885,2.1696999073028564,127459,0.0,0.0
2024-07-23 13:30:00-04:00,2.1649999618530273,2.1698999404907227,2.1600000858306885,2.1600000858306885,62450,0.0,0.0
2024-07-23 14:30:00-04:00,2.1600000858306885,2.1700000762939453,2.1500000953674316,2.1600000858306885,207266,0.0,0.0
2024-07-23 15:30:00-04:00,2.1600000858306885,2.1700000762939453,2.1500000953674316,2.1700000762939453,561073,0.0,0.0
2024-07-24 09:30:00-04:00,2.1500000953674316,2.1649999618530273,2.130000114440918,2.1449999809265137,474207,0.0,0.0
2024-07-24 10:30:00-04:00,2.1449999809265137,2.1500000953674316,2.140000104904175,2.140000104904175,154799,0.0,0.0
2024-07-24 11:30:00-04:00,2.140000104904175,2.1463000774383545,2.130000114440918,2.134999990463257,122462,0.0,0.0
2024-07-24 12:30:00-04:00,2.130000114440918,2.140000104904175,2.1201000213623047,2.134999990463257,143268,0.0,0.0
2024-07-24 13:30:00-04:00,2.130000114440918,2.135999917984009,2.109999895095825,2.115000009536743,161302,0.0,0.0
2024-07-24 14:30:00-04:00,2.115000009536743,2.119999885559082,2.109999895095825,2.109999895095825,116351,0.0,0.0
2024-07-24 15:30:00-04:00,2.115000009536743,2.119999885559082,2.109999895095825,2.109999895095825,178464,0.0,0.0
2024-07-25 09:30:00-04:00,2.109999895095825,2.109999895095825,2.08489990234375,2.1010000705718994,443568,0.0,0.0
2024-07-25 10:30:00-04:00,2.109999895095825,2.119999885559082,2.0899999141693115,2.119999885559082,218507,0.0,0.0
2024-07-25 11:30:00-04:00,2.115000009536743,2.130000114440918,2.109999895095825,2.125,112827,0.0,0.0
2024-07-25 12:30:00-04:00,2.125,2.140000104904175,2.119999885559082,2.130000114440918,109547,0.0,0.0
2024-07-25 13:30:00-04:00,2.134999990463257,2.140000104904175,2.119999885559082,2.130000114440918,206341,0.0,0.0
2024-07-25 14:30:00-04:00,2.125,2.134999990463257,2.109999895095825,2.134999990463257,525391,0.0,0.0
2024-07-25 15:30:00-04:00,2.134999990463257,2.140000104904175,2.109999895095825,2.115000009536743,378040,0.0,0.0
2024-07-26 09:30:00-04:00,2.0999999046325684,2.130000114440918,2.0899999141693115,2.109999895095825,498282,0.0,0.0
2024-07-26 10:30:00-04:00,2.1098999977111816,2.119999885559082,2.0899999141693115,2.109999895095825,258503,0.0,0.0
2024-07-26 11:30:00-04:00,2.1050000190734863,2.125,2.0999999046325684,2.125,367532,0.0,0.0
2024-07-26 12:30:00-04:00,2.125,2.130000114440918,2.119999885559082,2.125,94516,0.0,0.0
2024-07-26 13:30:00-04:00,2.125,2.140000104904175,2.119999885559082,2.134999990463257,81958,0.0,0.0
2024-07-26 14:30:00-04:00,2.134999990463257,2.140000104904175,2.130000114440918,2.134999990463257,46006,0.0,0.0
2024-07-26 15:30:00-04:00,2.134999990463257,2.140000104904175,2.130000114440918,2.140000104904175,80612,0.0,0.0
2024-07-29 09:30:00-04:00,2.130000114440918,2.130000114440918,2.0999999046325684,2.0999999046325684,166464,0.0,0.0
2024-07-29 10:30:00-04:00,2.1050000190734863,2.1096999645233154,2.0999999046325684,2.0999999046325684,28855,0.0,0.0
2024-07-29 11:30:00-04:00,2.0999999046325684,2.109999895095825,2.0899999141693115,2.1050000190734863,256626,0.0,0.0
2024-07-29 12:30:00-04:00,2.1050000190734863,2.119999885559082,2.0999999046325684,2.1050000190734863,86334,0.0,0.0
2024-07-29 13:30:00-04:00,2.109999895095825,2.130000114440918,2.100100040435791,2.125,111755,0.0,0.0
2024-07-29 14:30:00-04:00,2.125,2.130000114440918,2.119999885559082,2.125,52238,0.0,0.0
2024-07-29 15:30:00-04:00,2.125,2.130000114440918,2.119999885559082,2.130000114440918,70235,0.0,0.0
2024-07-30 09:30:00-04:00,2.0799999237060547,2.0975000858306885,2.069999933242798,2.075000047683716,161173,0.0,0.0
2024-07-30 10:30:00-04:00,2.075000047683716,2.0899999141693115,2.069999933242798,2.0799999237060547,219890,0.0,0.0
2024-07-30 11:30:00-04:00,2.075000047683716,2.0799999237060547,2.069999933242798,2.075000047683716,46354,0.0,0.0
2024-07-30 12:30:00-04:00,2.0799999237060547,2.0899999141693115,2.0701000690460205,2.0850000381469727,133787,0.0,0.0
2024-07-30 13:30:00-04:00,2.0850000381469727,2.099900007247925,2.0850000381469727,2.0950000286102295,58462,0.0,0.0
2024-07-30 14:30:00-04:00,2.0950000286102295,2.0999999046325684,2.0899999141693115,2.0950000286102295,63587,0.0,0.0
2024-07-30 15:30:00-04:00,2.0950000286102295,2.0999999046325684,2.0899999141693115,2.0899999141693115,121269,0.0,0.0
2024-07-31 09:30:00-04:00,2.109999895095825,2.1298999786376953,2.0999999046325684,2.125,105828,0.0,0.0
2024-07-31 10:30:00-04:00,2.130000114440918,2.130000114440918,2.109999895095825,2.115000009536743,63779,0.0,0.0
2024-07-31 11:30:00-04:00,2.115000009536743,2.134999990463257,2.109999895095825,2.134999990463257,71796,0.0,0.0
2024-07-31 12:30:00-04:00,2.130000114440918,2.134999990463257,2.115000009536743,2.115000009536743,104556,0.0,0.0
2024-07-31 13:30:00-04:00,2.109999895095825,2.119999885559082,2.100100040435791,2.109999895095825,179331,0.0,0.0
2024-07-31 14:30:00-04:00,2.109999895095825,2.130000114440918,2.1050000190734863,2.1050000190734863,403943,0.0,0.0
2024-07-31 15:30:00-04:00,2.1050000190734863,2.109999895095825,2.0999999046325684,2.1050000190734863,204890,0.0,0.0
2024-08-01 09:30:00-04:00,2.109999895095825,2.128700017929077,2.1080000400543213,2.115000009536743,88574,0.0,0.0
2024-08-01 10:30:00-04:00,2.110100030899048,2.110100030899048,2.065000057220459,2.065000057220459,144355,0.0,0.0
2024-08-01 11:30:00-04:00,2.065000057220459,2.069999933242798,2.049999952316284,2.049999952316284,67274,0.0,0.0
2024-08-01 12:30:00-04:00,2.049999952316284,2.049999952316284,2.0299999713897705,2.0350000858306885,310865,0.0,0.0
2024-08-01 13:30:00-04:00,2.038599967956543,2.0399999618530273,2.0199999809265137,2.0199999809265137,112929,0.0,0.0
2024-08-01 14:30:00-04:00,2.0199999809265137,2.0274999141693115,2.0,2.015000104904175,387311,0.0,0.0
2024-08-01 15:30:00-04:00,2.015000104904175,2.0199999809265137,2.009999990463257,2.009999990463257,130524,0.0,0.0
2024-08-02 09:30:00-04:00,2.0199999809265137,2.0199999809265137,1.9800000190734863,1.9800000190734863,617857,0.0,0.0
2024-08-02 10:30:00-04:00,1.9850000143051147,1.9900000095367432,1.9700000286102295,1.9800000190734863,547803,0.0,0.0
2024-08-02 11:30:00-04:00,1.9850000143051147,2.0,1.9800000190734863,1.9850000143051147,272179,0.0,0.0
2024-08-02 12:30:00-04:00,1.9850000143051147,2.005000114440918,1.9800000190734863,1.9950000047683716,265290,0.0,0.0
2024-08-02 13:30:00-04:00,2.0,2.0,1.9800000190734863,1.9950000047683716,141157,0.0,0.0
2024-08-02 14:30:00-04:00,1.9950000047683716,2.0,1.9900000095367432,1.9950000047683716,201264,0.0,0.0
2024-08-02 15:30:00-04:00,1.9950000047683716,2.0,1.9800000190734863,1.9900000095367432,369804,0.0,0.0
2024-08-05 09:30:00-04:00,1.899999976158142,1.9249999523162842,1.8899999856948853,1.9017000198364258,462923,0.0,0.0
2024-08-05 10:30:00-04:00,1.9049999713897705,1.9600000381469727,1.9017000198364258,1.9550000429153442,603551,0.0,0.0
2024-08-05 11:30:00-04:00,1.9509999752044678,1.9900000095367432,1.9509999752044678,1.9900000095367432,232636,0.0,0.0
2024-08-05 12:30:00-04:00,1.9900000095367432,1.9900000095367432,1.9700000286102295,1.9850000143051147,113441,0.0,0.0
2024-08-05 13:30:00-04:00,1.9850000143051147,1.9983999729156494,1.9800000190734863,1.9900000095367432,61135,0.0,0.0
2024-08-05 14:30:00-04:00,1.9950000047683716,1.9977999925613403,1.9800000190734863,1.9950000047683716,221392,0.0,0.0
2024-08-05 15:30:00-04:00,1.9950000047683716,1.9950000047683716,1.9800000190734863,1.9900000095367432,303434,0.0,0.0
2024-08-06 09:30:00-04:00,2.009999990463257,2.009999990463257,1.9800000190734863,1.9850000143051147,228800,0.0,0.0
2024-08-06 10:30:00-04:00,1.9800000190734863,1.9900000095367432,1.9700000286102295,1.975000023841858,148795,0.0,0.0
2024-08-06 11:30:00-04:00,1.975000023841858,1.9900000095367432,1.9700000286102295,1.9850000143051147,150196,0.0,0.0
2024-08-06 12:30:00-04:00,1.9900000095367432,2.0,1.9804999828338623,2.0,61731,0.0,0.0
2024-08-06 13:30:00-04:00,2.0,2.009999990463257,1.9900000095367432,2.005000114440918,133732,0.0,0.0
2024-08-06 14:30:00-04:00,2.009999990463257,2.0199999809265137,1.9900000095367432,1.9950000047683716,172599,0.0,0.0
2024-08-06 15:30:00-04:00,1.9950000047683716,2.009999990463257,1.9900000095367432,2.0,289271,0.0,0.0
2024-08-07 09:30:00-04:00,2.0299999713897705,2.0399999618530273,2.011199951171875,2.0127999782562256,185308,0.0,0.0
2024-08-07 10:30:00-04:00,2.009999990463257,2.0199999809265137,2.0,2.015000104904175,104341,0.0,0.0
2024-08-07 11:30:00-04:00,2.015000104904175,2.0299999713897705,2.009999990463257,2.0199999809265137,144987,0.0,0.0
2024-08-07 12:30:00-04:00,2.015000104904175,2.0199999809265137,2.0,2.015000104904175,53322,0.0,0.0
2024-08-07 13:30:00-04:00,2.009999990463257,2.0199999809265137,2.0,2.009999990463257,203018,0.0,0.0
2024-08-07 14:30:00-04:00,2.009999990463257,2.0199999809265137,2.0,2.009999990463257,127135,0.0,0.0
2024-08-07 15:30:00-04:00,2.009999990463257,2.0179998874664307,2.0,2.0,79474,0.0,0.0
2024-08-08 09:30:00-04:00,2.009999990463257,2.0409998893737793,1.9900000095367432,2.04010009765625,287608,0.0,0.0
2024-08-08 10:30:00-04:00,2.0399999618530273,2.0450000762939453,2.0199999809265137,2.0350000858306885,156650,0.0,0.0
2024-08-08 11:30:00-04:00,2.0350000858306885,2.0497000217437744,2.0350000858306885,2.0450000762939453,52216,0.0,0.0
2024-08-08 12:30:00-04:00,2.0450000762939453,2.049999952316284,2.0350000858306885,2.045300006866455,76531,0.0,0.0
2024-08-08 13:30:00-04:00,2.0399999618530273,2.059999942779541,2.0399999618530273,2.059999942779541,126220,0.0,0.0
2024-08-08 14:30:00-04:00,2.055000066757202,2.069999933242798,2.049999952316284,2.065000057220459,455339,0.0,0.0
2024-08-08 15:30:00-04:00,2.065000057220459,2.069999933242798,2.059999942779541,2.065000057220459,164346,0.0,0.0
2024-08-09 09:30:00-04:00,2.0899999141693115,2.0982000827789307,2.069999933242798,2.0982000827789307,159696,0.0,0.0
2024-08-09 10:30:00-04:00,2.0899999141693115,2.109999895095825,2.0899999141693115,2.109999895095825,104302,0.0,0.0
2024-08-09 11:30:00-04:00,2.0999999046325684,2.109999895095825,2.0999999046325684,2.109999895095825,47080,0.0,0.0
2024-08-09 12:30:00-04:00,2.0999999046325684,2.130000114440918,2.0999999046325684,2.125,140907,0.0,0.0
2024-08-09 13:30:00-04:00,2.130000114440918,2.130000114440918,2.109999895095825,2.130000114440918,184371,0.0,0.0
2024-08-09 14:30:00-04:00,2.130000114440918,2.130000114440918,2.119999885559082,2.125,88332,0.0,0.0
2024-08-09 15:30:00-04:00,2.125,2.130000114440918,2.119999885559082,2.125,167163,0.0,0.0
2024-08-12 09:30:00-04:00,2.140000104904175,2.1600000858306885,2.140000104904175,2.1600000858306885,449067,0.0,0.0
2024-08-12 10:30:00-04:00,2.1600000858306885,2.1700000762939453,2.115000009536743,2.115000009536743,336389,0.0,0.0
2024-08-12 11:30:00-04:00,2.115000009536743,2.130000114440918,2.109999895095825,2.125,326361,0.0,0.0
2024-08-12 12:30:00-04:00,2.125,2.134999990463257,2.119999885559082,2.125,174716,0.0,0.0
2024-08-12 13:30:00-04:00,2.130000114440918,2.130000114440918,2.109999895095825,2.115000009536743,82013,0.0,0.0
2024-08-12 14:30:00-04:00,2.115000009536743,2.130000114440918,2.109999895095825,2.128700017929077,205973,0.0,0.0
2024-08-12 15:30:00-04:00,2.125,2.140000104904175,2.119999885559082,2.130000114440918,366222,0.0,0.0
2024-08-13 09:30:00-04:00,2.1700000762939453,2.190000057220459,2.149399995803833,2.169800043106079,252116,0.0,0.0
2024-08-13 10:30:00-04:00,2.1700000762939453,2.1982998847961426,2.1649999618530273,2.180000066757202,289440,0.0,0.0
2024-08-13 11:30:00-04:00,2.1700000762939453,2.244999885559082,2.1700000762939453,2.234999895095825,874463,0.0,0.0
2024-08-13 12:30:00-04:00,2.234999895095825,2.25,2.2300000190734863,2.240000009536743,201024,0.0,0.0
2024-08-13 13:30:00-04:00,2.2402000427246094,2.25,2.2300000190734863,2.244999885559082,213359,0.0,0.0
2024-08-13 14:30:00-04:00,2.25,2.2699999809265137,2.240000009536743,2.265000104904175,454814,0.0,0.0
2024-08-13 15:30:00-04:00,2.259999990463257,2.2699999809265137,2.25,2.259999990463257,327524,0.0,0.0
2024-08-14 09:30:00-04:00,2.2200000286102295,2.2249999046325684,2.190000057220459,2.2049999237060547,397883,0.0,0.0
2024-08-14 10:30:00-04:00,2.2049999237060547,2.2100000381469727,2.1800999641418457,2.194999933242798,210562,0.0,0.0
2024-08-14 11:30:00-04:00,2.194999933242798,2.194999933242798,2.1600000858306885,2.1600000858306885,185036,0.0,0.0
2024-08-14 12:30:00-04:00,2.1700000762939453,2.180000066757202,2.1500000953674316,2.1649999618530273,274008,0.0,0.0
2024-08-14 13:30:00-04:00,2.1649999618530273,2.1791999340057373,2.1600000858306885,2.1700000762939453,131028,0.0,0.0
2024-08-14 14:30:00-04:00,2.1700000762939453,2.1700000762939453,2.1549999713897705,2.1549999713897705,182729,0.0,0.0
2024-08-14 15:30:00-04:00,2.1600000858306885,2.1600000858306885,2.1500000953674316,2.150599956512451,88030,0.0,0.0
2024-08-15 09:30:00-04:00,2.109999895095825,2.130000114440918,2.0999999046325684,2.125,153167,0.0,0.0
2024-08-15 10:30:00-04:00,2.125,2.140000104904175,2.109999895095825,2.134999990463257,157879,0.0,0.0
2024-08-15 11:30:00-04:00,2.134999990463257,2.1500000953674316,2.132499933242798,2.1449999809265137,110015,0.0,0.0
2024-08-15 12:30:00-04:00,2.141700029373169,2.1500000953674316,2.140000104904175,2.1449999809265137,33874,0.0,0.0
2024-08-15 13:30:00-04:00,2.1449999809265137,2.1449999809265137,2.109999895095825,2.115000009536743,188019,0.0,0.0
2024-08-15 14:30:00-04:00,2.115000009536743,2.130000114440918,2.109999895095825,2.119999885559082,365638,0.0,0.0
2024-08-15 15:30:00-04:00,2.119999885559082,2.125,2.109999895095825,2.119999885559082,394685,0.0,0.0
2024-08-16 09:30:00-04:00,2.140000104904175,2.140000104904175,2.0950000286102295,2.0999999046325684,108766,0.0,0.0
2024-08-16 10:30:00-04:00,2.0999999046325684,2.0999999046325684,2.0799999237060547,2.0950000286102295,119079,0.0,0.0
2024-08-16 11:30:00-04:00,2.0950000286102295,2.109999895095825,2.0899999141693115,2.0998001098632812,228767,0.0,0.0
2024-08-16 12:30:00-04:00,2.0999999046325684,2.0999999046325684,2.0850000381469727,2.0899999141693115,52024,0.0,0.0
2024-08-16 13:30:00-04:00,2.0899999141693115,2.0899999141693115,2.0799999237060547,2.0899999141693115,21204,0.0,0.0
2024-08-16 14:30:00-04:00,2.088200092315674,2.0899999141693115,2.0799999237060547,2.0880000591278076,36421,0.0,0.0
2024-08-16 15:30:00-04:00,2.0850000381469727,2.0899999141693115,2.0799999237060547,2.0899999141693115,56747,0.0,0.0
2024-08-19 09:30:00-04:00,2.119999885559082,2.1700000762939453,2.115000009536743,2.1696999073028564,487381,0.0,0.0
2024-08-19 10:30:00-04:00,2.1649999618530273,2.200000047683716,2.1600000858306885,2.190000057220459,134612,0.0,0.0
2024-08-19 11:30:00-04:00,2.194999933242798,2.2100000381469727,2.180000066757202,2.190000057220459,336904,0.0,0.0
2024-08-19 12:30:00-04:00,2.194999933242798,2.2200000286102295,2.190000057220459,2.2049999237060547,325642,0.0,0.0
2024-08-19 13:30:00-04:00,2.20989990234375,2.25,2.2049999237060547,2.244999885559082,420944,0.0,0.0
2024-08-19 14:30:00-04:00,2.244999885559082,2.25,2.2300000190734863,2.2300000190734863,286066,0.0,0.0
2024-08-19 15:30:00-04:00,2.2300000190734863,2.240000009536743,2.2300000190734863,2.2300000190734863,215578,0.0,0.0
2024-08-20 09:30:00-04:00,2.200000047683716,2.200000047683716,2.1600000858306885,2.1649999618530273,245490,0.0,0.0
2024-08-20 10:30:00-04:00,2.1600000858306885,2.180000066757202,2.1500000953674316,2.174999952316284,293160,0.0,0.0
2024-08-20 11:30:00-04:00,2.180000066757202,2.190000057220459,2.1700000762939453,2.180000066757202,116899,0.0,0.0
2024-08-20 12:30:00-04:00,2.180000066757202,2.190000057220459,2.1600000858306885,2.1600000858306885,154407,0.0,0.0
2024-08-20 13:30:00-04:00,2.1649999618530273,2.188199996948242,2.1600000858306885,2.180000066757202,76428,0.0,0.0
2024-08-20 14:30:00-04:00,2.184999942779541,2.184999942779541,2.1700000762939453,2.1798999309539795,43610,0.0,0.0
2024-08-20 15:30:00-04:00,2.174999952316284,2.190000057220459,2.1700000762939453,2.174999952316284,112382,0.0,0.0
2024-08-21 09:30:00-04:00,2.2300000190734863,2.2750000953674316,2.2300000190734863,2.265000104904175,294449,0.0,0.0
2024-08-21 10:30:00-04:00,2.265000104904175,2.2899999618530273,2.255000114440918,2.265000104904175,399870,0.0,0.0
2024-08-21 11:30:00-04:00,2.265000104904175,2.2799999713897705,2.259999990463257,2.259999990463257,166258,0.0,0.0
2024-08-21 12:30:00-04:00,2.2699999809265137,2.2699999809265137,2.25,2.255000114440918,61583,0.0,0.0
2024-08-21 13:30:00-04:00,2.259999990463257,2.2799999713897705,2.255000114440918,2.2750000953674316,134086,0.0,0.0
2024-08-21 14:30:00-04:00,2.2699999809265137,2.2899999618530273,2.2699999809265137,2.2850000858306885,202479,0.0,0.0
2024-08-21 15:30:00-04:00,2.2850000858306885,2.2899999618530273,2.2699999809265137,2.2899999618530273,536236,0.0,0.0
2024-08-22 09:30:00-04:00,2.2100000381469727,2.2298998832702637,2.2039999961853027,2.22189998626709,227374,0.0,0.0
2024-08-22 10:30:00-04:00,2.2253000736236572,2.234999895095825,2.200000047683716,2.2100000381469727,299071,0.0,0.0
2024-08-22 11:30:00-04:00,2.2100000381469727,2.2200000286102295,2.2039999961853027,2.2149999141693115,106108,0.0,0.0
2024-08-22 12:30:00-04:00,2.219899892807007,2.2279999256134033,2.2100000381469727,2.2200000286102295,116450,0.0,0.0
2024-08-22 13:30:00-04:00,2.2156999111175537,2.2200000286102295,2.194999933242798,2.194999933242798,153248,0.0,0.0
2024-08-22 14:30:00-04:00,2.200000047683716,2.2100000381469727,2.190000057220459,2.200000047683716,142830,0.0,0.0
2024-08-22 15:30:00-04:00,2.2049999237060547,2.2100000381469727,2.194000005722046,2.200000047683716,127820,0.0,0.0
2024-08-23 09:30:00-04:00,2.190000057220459,2.25,2.174999952316284,2.2414000034332275,315486,0.0,0.0
2024-08-23 10:30:00-04:00,2.2400999069213867,2.259999990463257,2.2300000190734863,2.255000114440918,214244,0.0,0.0
2024-08-23 11:30:00-04:00,2.255000114440918,2.259999990463257,2.23009991645813,2.244999885559082,201549,0.0,0.0
2024-08-23 12:30:00-04:00,2.244999885559082,2.259999990463257,2.244999885559082,2.255000114440918,242949,0.0,0.0
2024-08-23 13:30:00-04:00,2.255000114440918,2.259999990463257,2.25,2.259999990463257,41664,0.0,0.0
2024-08-23 14:30:00-04:00,2.255000114440918,2.2699999809265137,2.252500057220459,2.2699999809265137,61393,0.0,0.0
2024-08-23 15:30:00-04:00,2.2699999809265137,2.2699999809265137,2.259999990463257,2.2699999809265137,83717,0.0,0.0
2024-08-26 09:30:00-04:00,2.2899999618530273,2.2950000762939453,2.2699999809265137,2.2850000858306885,246181,0.0,0.0
2024-08-26 10:30:00-04:00,2.2850000858306885,2.2850000858306885,2.255000114440918,2.2750000953674316,138357,0.0,0.0
2024-08-26 11:30:00-04:00,2.2699999809265137,2.2799999713897705,2.259999990463257,2.2725000381469727,279892,0.0,0.0
2024-08-26 12:30:00-04:00,2.2750000953674316,2.2899999618530273,2.2750000953674316,2.2802999019622803,153396,0.0,0.0
2024-08-26 13:30:00-04:00,2.281399965286255,2.2850000858306885,2.259999990463257,2.265000104904175,45191,0.0,0.0
2024-08-26 14:30:00-04:00,2.265000104904175,2.2699999809265137,2.2507998943328857,2.255000114440918,111531,0.0,0.0
2024-08-26 15:30:00-04:00,2.259999990463257,2.259999990463257,2.240000009536743,2.240000009536743,138330,0.0,0.0
2024-08-27 09:30:00-04:00,2.240000009536743,2.2850000858306885,2.240000009536743,2.2850000858306885,179903,0.0,0.0
2024-08-27 10:30:00-04:00,2.2899999618530273,2.2899999618530273,2.2701001167297363,2.2701001167297363,226267,0.0,0.0
2024-08-27 11:30:00-04:00,2.2750000953674316,2.2799999713897705,2.259999990463257,2.2799999713897705,219682,0.0,0.0
2024-08-27 12:30:00-04:00,2.2750000953674316,2.289900064468384,2.271199941635132,2.2750000953674316,153677,0.0,0.0
2024-08-27 13:30:00-04:00,2.2750000953674316,2.2799999713897705,2.2699999809265137,2.2750000953674316,242126,0.0,0.0
2024-08-27 14:30:00-04:00,2.2750000953674316,2.2799999713897705,2.2699999809265137,2.2699999809265137,126377,0.0,0.0
2024-08-27 15:30:00-04:00,2.2750000953674316,2.2799999713897705,2.259999990463257,2.2699999809265137,147805,0.0,0.0
2024-08-28 09:30:00-04:00,2.190000057220459,2.200000047683716,2.1700000762939453,2.190000057220459,205286,0.0,0.0
2024-08-28 10:30:00-04:00,2.190000057220459,2.190000057220459,2.1549999713897705,2.1600000858306885,344105,0.0,0.0
2024-08-28 11:30:00-04:00,2.1600000858306885,2.1600000858306885,2.140000104904175,2.149199962615967,134249,0.0,0.0
2024-08-28 12:30:00-04:00,2.1449999809265137,2.1600000858306885,2.140000104904175,2.1549999713897705,162396,0.0,0.0
2024-08-28 13:30:00-04:00,2.159899950027466,2.159899950027466,2.109999895095825,2.1449999809265137,588501,0.0,0.0
2024-08-28 14:30:00-04:00,2.1449999809265137,2.1600000858306885,2.140000104904175,2.1600000858306885,54972,0.0,0.0
2024-08-28 15:30:00-04:00,2.1600000858306885,2.1600000858306885,2.1500000953674316,2.1600000858306885,178054,0.0,0.0
2024-08-29 09:30:00-04:00,2.1500000953674316,2.1500000953674316,2.109999895095825,2.130000114440918,291220,0.0,0.0
2024-08-29 10:30:00-04:00,2.119999885559082,2.130000114440918,2.109999895095825,2.109999895095825,295554,0.0,0.0
2024-08-29 11:30:00-04:00,2.115000009536743,2.140000104904175,2.109999895095825,2.1298999786376953,207189,0.0,0.0
2024-08-29 12:30:00-04:00,2.1289000511169434,2.130000114440918,2.119999885559082,2.130000114440918,36478,0.0,0.0
2024-08-29 13:30:00-04:00,2.130000114440918,2.140000104904175,2.130000114440918,2.131500005722046,223922,0.0,0.0
2024-08-29 14:30:00-04:00,2.134999990463257,2.1500000953674316,2.119999885559082,2.140000104904175,375035,0.0,0.0
2024-08-29 15:30:00-04:00,2.140000104904175,2.1449999809265137,2.130000114440918,2.134999990463257,189568,0.0,0.0
2024-08-30 09:30:00-04:00,2.0999999046325684,2.130000114440918,2.0899999141693115,2.125,248848,0.0,0.0
2024-08-30 10:30:00-04:00,2.119999885559082,2.130000114440918,2.0999999046325684,2.125,380789,0.0,0.0
2024-08-30 11:30:00-04:00,2.125,2.140000104904175,2.109999895095825,2.125,451557,0.0,0.0
2024-08-30 12:30:00-04:00,2.125,2.125,2.0999999046325684,2.1050000190734863,267210,0.0,0.0
2024-08-30 13:30:00-04:00,2.109999895095825,2.119999885559082,2.0999999046325684,2.1089999675750732,175451,0.0,0.0
2024-08-30 14:30:00-04:00,2.1050000190734863,2.119999885559082,2.1050000190734863,2.119999885559082,165514,0.0,0.0
2024-08-30 15:30:00-04:00,2.115000009536743,2.140000104904175,2.115000009536743,2.119999885559082,460762,0.0,0.0
2024-09-03 09:30:00-04:00,2.0799999237060547,2.0850000381469727,2.0332999229431152,2.0350000858306885,333241,0.0,0.0
2024-09-03 10:30:00-04:00,2.0350000858306885,2.0399999618530273,2.0199999809265137,2.0250000953674316,242333,0.0,0.0
2024-09-03 11:30:00-04:00,2.0250000953674316,2.0299999713897705,2.0199999809265137,2.0250000953674316,101042,0.0,0.0
2024-09-03 12:30:00-04:00,2.0250000953674316,2.049999952316284,2.0199999809265137,2.0450000762939453,270837,0.0,0.0
2024-09-03 13:30:00-04:00,2.0450000762939453,2.049999952316284,2.0299999713897705,2.0350000858306885,107733,0.0,0.0
2024-09-03 14:30:00-04:00,2.0350000858306885,2.0399999618530273,2.009999990463257,2.015000104904175,235257,0.0,0.0
2024-09-03 15:30:00-04:00,2.009999990463257,2.0199999809265137,2.009999990463257,2.015000104904175,133752,0.0,0.0
2024-09-04 09:30:00-04:00,2.0199999809265137,2.059999942779541,2.0199999809265137,2.049999952316284,445719,0.0,0.0
2024-09-04 10:30:00-04:00,2.055000066757202,2.075000047683716,2.049999952316284,2.059999942779541,345721,0.0,0.0
2024-09-04 11:30:00-04:00,2.059999942779541,2.069999933242798,2.0501999855041504,2.059999942779541,289747,0.0,0.0
2024-09-04 12:30:00-04:00,2.06030011177063,2.069999933242798,2.0450000762939453,2.0450000762939453,113530,0.0,0.0
2024-09-04 13:30:00-04:00,2.0450000762939453,2.049999952316284,2.0350000858306885,2.0450000762939453,110024,0.0,0.0
2024-09-04 14:30:00-04:00,2.0450000762939453,2.049999952316284,2.0399999618530273,2.049999952316284,77493,0.0,0.0
2024-09-04 15:30:00-04:00,2.0450000762939453,2.049999952316284,2.0399999618530273,2.0450000762939453,133347,0.0,0.0
2024-09-05 09:30:00-04:00,2.059999942779541,2.0799999237060547,2.055000066757202,2.06469988822937,252884,0.0,0.0
2024-09-05 10:30:00-04:00,2.069999933242798,2.075000047683716,2.049999952316284,2.049999952316284,185084,0.0,0.0
2024-09-05 11:30:00-04:00,2.055000066757202,2.069999933242798,2.049999952316284,2.069999933242798,112030,0.0,0.0
2024-09-05 12:30:00-04:00,2.069999933242798,2.0799999237060547,2.059999942779541,2.075000047683716,90958,0.0,0.0
2024-09-05 13:30:00-04:00,2.075000047683716,2.0899999141693115,2.069999933242798,2.069999933242798,136093,0.0,0.0
2024-09-05 14:30:00-04:00,2.069999933242798,2.0850000381469727,2.069999933242798,2.0799999237060547,160317,0.0,0.0
2024-09-05 15:30:00-04:00,2.0899999141693115,2.0899999141693115,2.069999933242798,2.0799999237060547,241181,0.0,0.0
2024-09-06 09:30:00-04:00,2.0999999046325684,2.109999895095825,2.0913000106811523,2.1050000190734863,279512,0.0,0.0
2024-09-06 10:30:00-04:00,2.1050000190734863,2.109999895095825,2.0850000381469727,2.1050000190734863,397796,0.0,0.0
2024-09-06 11:30:00-04:00,2.1050000190734863,2.109999895095825,2.0905001163482666,2.0950000286102295,219177,0.0,0.0
2024-09-06 12:30:00-04:00,2.0917999744415283,2.118299961090088,2.0899999141693115,2.115000009536743,170444,0.0,0.0
2024-09-06 13:30:00-04:00,2.115000009536743,2.115000009536743,2.0850000381469727,2.090100049972534,180361,0.0,0.0
2024-09-06 14:30:00-04:00,2.0950000286102295,2.0999999046325684,2.0799999237060547,2.0899999141693115,105301,0.0,0.0
2024-09-06 15:30:00-04:00,2.0950000286102295,2.0999999046325684,2.0899999141693115,2.0899999141693115,166371,0.0,0.0
2024-09-09 09:30:00-04:00,2.0999999046325684,2.115000009536743,2.0850000381469727,2.0850000381469727,189033,0.0,0.0
2024-09-09 10:30:00-04:00,2.0850000381469727,2.0950000286102295,2.0799999237060547,2.0899999141693115,168579,0.0,0.0
2024-09-09 11:30:00-04:00,2.0899999141693115,2.0954999923706055,2.0799999237060547,2.0950000286102295,84299,0.0,0.0
2024-09-09 12:30:00-04:00,2.0950000286102295,2.1098999977111816,2.0899999141693115,2.0999999046325684,63572,0.0,0.0
2024-09-09 13:30:00-04:00,2.1050000190734863,2.1050000190734863,2.0799999237060547,2.0850000381469727,44103,0.0,0.0
2024-09-09 14:30:00-04:00,2.0799999237060547,2.0899999141693115,2.0799999237060547,2.089900016784668,50821,0.0,0.0
2024-09-09 15:30:00-04:00,2.0899999141693115,2.0899999141693115,2.0799999237060547,2.0799999237060547,124244,0.0,0.0
2024-09-10 09:30:00-04:00,2.069999933242798,2.0799999237060547,2.009999990463257,2.0199999809265137,212222,0.0,0.0
2024-09-10 10:30:00-04:00,2.0199999809265137,2.0199999809265137,2.0,2.0065999031066895,272845,0.0,0.0
2024-09-10 11:30:00-04:00,2.005000114440918,2.009999990463257,2.0,2.005000114440918,100367,0.0,0.0
2024-09-10 12:30:00-04:00,2.005000114440918,2.009999990463257,2.0,2.005000114440918,51665,0.0,0.0
2024-09-10 13:30:00-04:00,2.009999990463257,2.009999990463257,1.9900000095367432,2.0,709810,0.0,0.0
2024-09-10 14:30:00-04:00,2.009999990463257,2.0185999870300293,2.005000114440918,2.009999990463257,299254,0.0,0.0
2024-09-10 15:30:00-04:00,2.0151000022888184,2.0199999809265137,2.009999990463257,2.015000104904175,319698,0.0,0.0
2024-09-11 09:30:00-04:00,2.055000066757202,2.055999994277954,2.0250000953674316,2.0350000858306885,210446,0.0,0.0
2024-09-11 10:30:00-04:00,2.0299999713897705,2.039900064468384,2.009999990463257,2.0350000858306885,417870,0.0,0.0
2024-09-11 11:30:00-04:00,2.0350000858306885,2.049999952316284,2.0350000858306885,2.0450000762939453,222780,0.0,0.0
2024-09-11 12:30:00-04:00,2.049999952316284,2.069999933242798,2.0450000762939453,2.069000005722046,169947,0.0,0.0
2024-09-11 13:30:00-04:00,2.069999933242798,2.079900026321411,2.059999942779541,2.065000057220459,268988,0.0,0.0
2024-09-11 14:30:00-04:00,2.065000057220459,2.0799999237060547,2.061500072479248,2.075000047683716,458534,0.0,0.0
2024-09-11 15:30:00-04:00,2.075000047683716,2.0899999141693115,2.069999933242798,2.0850000381469727,482669,0.0,0.0
2024-09-12 09:30:00-04:00,2.059999942779541,2.109999895095825,2.059799909591675,2.0850000381469727,853655,0.0,0.0
2024-09-12 10:30:00-04:00,2.0850000381469727,2.0899999141693115,2.065000057220459,2.0850000381469727,265682,0.0,0.0
2024-09-12 11:30:00-04:00,2.0850000381469727,2.0999999046325684,2.080699920654297,2.0850000381469727,318778,0.0,0.0
2024-09-12 12:30:00-04:00,2.0799999237060547,2.0899999141693115,2.0799999237060547,2.0850000381469727,48259,0.0,0.0
2024-09-12 13:30:00-04:00,2.0850000381469727,2.0999999046325684,2.0850000381469727,2.0950000286102295,120377,0.0,0.0
2024-09-12 14:30:00-04:00,2.0899999141693115,2.0950000286102295,2.0799999237060547,2.0850000381469727,213884,0.0,0.0
2024-09-12 15:30:00-04:00,2.0850000381469727,2.0899999141693115,2.0799999237060547,2.0850000381469727,111357,0.0,0.0
2024-09-13 09:30:00-04:00,2.119999885559082,2.180000066757202,2.119999885559082,2.1700000762939453,434617,0.0,0.0
2024-09-13 10:30:00-04:00,2.1700000762939453,2.200000047683716,2.1700000762939453,2.174999952316284,298267,0.0,0.0
2024-09-13 11:30:00-04:00,2.174999952316284,2.180000066757202,2.1700000762939453,2.170099973678589,147223,0.0,0.0
2024-09-13 12:30:00-04:00,2.1700000762939453,2.174999952316284,2.1500000953674316,2.1500000953674316,306532,0.0,0.0
2024-09-13 13:30:00-04:00,2.1549999713897705,2.1700000762939453,2.1449999809265137,2.1600000858306885,322311,0.0,0.0
2024-09-13 14:30:00-04:00,2.1549999713897705,2.1600000858306885,2.1449999809265137,2.1600000858306885,164047,0.0,0.0
2024-09-13 15:30:00-04:00,2.1600000858306885,2.1700000762939453,2.150099992752075,2.1649999618530273,146387,0.0,0.0
