Datetime,Open,High,Low,Close,Volume,Dividends,Stock Splits
2024-06-10 09:00:00+09:00,4495.0,4505.0,4475.0,4505.0,0,0.0,0.0
2024-06-10 09:01:00+09:00,4510.0,4510.0,4510.0,4510.0,200,0.0,0.0
2024-06-10 09:03:00+09:00,4520.0,4535.0,4520.0,4535.0,1300,0.0,0.0
2024-06-10 09:04:00+09:00,4525.0,4535.0,4525.0,4535.0,200,0.0,0.0
2024-06-10 09:07:00+09:00,4550.0,4550.0,4535.0,4535.0,800,0.0,0.0
2024-06-10 09:09:00+09:00,4540.0,4540.0,4540.0,4540.0,100,0.0,0.0
2024-06-10 09:10:00+09:00,4540.0,4540.0,4520.0,4520.0,1400,0.0,0.0
2024-06-10 09:11:00+09:00,4520.0,4520.0,4520.0,4520.0,300,0.0,0.0
2024-06-10 09:12:00+09:00,4520.0,4520.0,4520.0,4520.0,100,0.0,0.0
2024-06-10 09:15:00+09:00,4515.0,4515.0,4515.0,4515.0,100,0.0,0.0
2024-06-10 09:17:00+09:00,4525.0,4525.0,4525.0,4525.0,200,0.0,0.0
2024-06-10 09:18:00+09:00,4530.0,4540.0,4530.0,4535.0,1000,0.0,0.0
2024-06-10 09:19:00+09:00,4535.0,4535.0,4535.0,4535.0,300,0.0,0.0
2024-06-10 09:24:00+09:00,4535.0,4535.0,4535.0,4535.0,100,0.0,0.0
2024-06-10 09:27:00+09:00,4530.0,4530.0,4530.0,4530.0,300,0.0,0.0
2024-06-10 09:28:00+09:00,4525.0,4525.0,4525.0,4525.0,200,0.0,0.0
2024-06-10 09:30:00+09:00,4530.0,4530.0,4530.0,4530.0,100,0.0,0.0
2024-06-10 09:33:00+09:00,4530.0,4530.0,4530.0,4530.0,300,0.0,0.0
2024-06-10 09:34:00+09:00,4530.0,4530.0,4530.0,4530.0,100,0.0,0.0
2024-06-10 09:35:00+09:00,4525.0,4525.0,4525.0,4525.0,400,0.0,0.0
2024-06-10 09:36:00+09:00,4525.0,4535.0,4525.0,4535.0,1000,0.0,0.0
2024-06-10 09:37:00+09:00,4540.0,4540.0,4540.0,4540.0,100,0.0,0.0
2024-06-10 09:40:00+09:00,4540.0,4540.0,4540.0,4540.0,100,0.0,0.0
2024-06-10 09:42:00+09:00,4540.0,4540.0,4540.0,4540.0,200,0.0,0.0
2024-06-10 09:44:00+09:00,4545.0,4550.0,4545.0,4550.0,700,0.0,0.0
2024-06-10 09:48:00+09:00,4540.0,4545.0,4540.0,4545.0,600,0.0,0.0
2024-06-10 09:51:00+09:00,4550.0,4550.0,4550.0,4550.0,500,0.0,0.0
2024-06-10 09:52:00+09:00,4555.0,4555.0,4550.0,4550.0,400,0.0,0.0
2024-06-10 09:53:00+09:00,4555.0,4555.0,4555.0,4555.0,100,0.0,0.0
2024-06-10 09:55:00+09:00,4550.0,4550.0,4545.0,4545.0,1200,0.0,0.0
2024-06-10 09:56:00+09:00,4540.0,4540.0,4530.0,4530.0,800,0.0,0.0
2024-06-10 10:00:00+09:00,4535.0,4535.0,4535.0,4535.0,200,0.0,0.0
2024-06-10 10:03:00+09:00,4535.0,4535.0,4535.0,4535.0,200,0.0,0.0
2024-06-10 10:05:00+09:00,4530.0,4530.0,4530.0,4530.0,200,0.0,0.0
2024-06-10 10:06:00+09:00,4530.0,4530.0,4530.0,4530.0,300,0.0,0.0
2024-06-10 10:09:00+09:00,4525.0,4525.0,4515.0,4515.0,1300,0.0,0.0
2024-06-10 10:10:00+09:00,4510.0,4510.0,4510.0,4510.0,200,0.0,0.0
2024-06-10 10:12:00+09:00,4515.0,4515.0,4515.0,4515.0,100,0.0,0.0
2024-06-10 10:13:00+09:00,4520.0,4520.0,4520.0,4520.0,500,0.0,0.0
2024-06-10 10:19:00+09:00,4510.0,4510.0,4510.0,4510.0,700,0.0,0.0
2024-06-10 10:21:00+09:00,4510.0,4510.0,4510.0,4510.0,300,0.0,0.0
2024-06-10 10:24:00+09:00,4515.0,4515.0,4515.0,4515.0,200,0.0,0.0
2024-06-10 10:29:00+09:00,4520.0,4520.0,4520.0,4520.0,100,0.0,0.0
2024-06-10 10:55:00+09:00,4515.0,4515.0,4485.0,4485.0,3800,0.0,0.0
2024-06-10 10:56:00+09:00,4485.0,4485.0,4475.0,4480.0,600,0.0,0.0
2024-06-10 10:57:00+09:00,4480.0,4480.0,4480.0,4480.0,300,0.0,0.0
2024-06-10 10:58:00+09:00,4485.0,4485.0,4480.0,4485.0,600,0.0,0.0
2024-06-10 10:59:00+09:00,4485.0,4490.0,4485.0,4490.0,400,0.0,0.0
2024-06-10 11:14:00+09:00,4495.0,4495.0,4495.0,4495.0,100,0.0,0.0
2024-06-10 11:16:00+09:00,4495.0,4495.0,4495.0,4495.0,300,0.0,0.0
2024-06-10 11:24:00+09:00,4500.0,4500.0,4500.0,4500.0,300,0.0,0.0
2024-06-10 11:26:00+09:00,4495.0,4495.0,4495.0,4495.0,300,0.0,0.0
2024-06-10 11:28:00+09:00,4500.0,4515.0,4500.0,4505.0,3300,0.0,0.0
2024-06-10 11:30:00+09:00,4510.0,4510.0,4510.0,4510.0,500,0.0,0.0
2024-06-10 11:35:00+09:00,4510.0,4510.0,4510.0,4510.0,0,0.0,0.0
2024-06-10 12:30:00+09:00,4510.0,4515.0,4510.0,4515.0,33500,0.0,0.0
2024-06-10 12:33:00+09:00,4515.0,4515.0,4515.0,4515.0,100,0.0,0.0
2024-06-10 12:35:00+09:00,4515.0,4520.0,4515.0,4520.0,1100,0.0,0.0
2024-06-10 12:41:00+09:00,4510.0,4510.0,4510.0,4510.0,1900,0.0,0.0
2024-06-10 12:42:00+09:00,4510.0,4510.0,4500.0,4500.0,500,0.0,0.0
2024-06-10 12:47:00+09:00,4505.0,4505.0,4505.0,4505.0,100,0.0,0.0
2024-06-10 12:50:00+09:00,4505.0,4505.0,4505.0,4505.0,100,0.0,0.0
2024-06-10 12:57:00+09:00,4505.0,4505.0,4505.0,4505.0,100,0.0,0.0
2024-06-10 13:01:00+09:00,4505.0,4505.0,4505.0,4505.0,100,0.0,0.0
2024-06-10 13:05:00+09:00,4505.0,4505.0,4505.0,4505.0,200,0.0,0.0
2024-06-10 13:14:00+09:00,4505.0,4505.0,4505.0,4505.0,100,0.0,0.0
2024-06-10 13:16:00+09:00,4510.0,4510.0,4510.0,4510.0,100,0.0,0.0
2024-06-10 13:25:00+09:00,4505.0,4505.0,4505.0,4505.0,600,0.0,0.0
2024-06-10 13:26:00+09:00,4510.0,4510.0,4510.0,4510.0,300,0.0,0.0
2024-06-10 13:32:00+09:00,4515.0,4515.0,4515.0,4515.0,900,0.0,0.0
2024-06-10 13:34:00+09:00,4520.0,4520.0,4520.0,4520.0,200,0.0,0.0
2024-06-10 13:35:00+09:00,4510.0,4510.0,4510.0,4510.0,400,0.0,0.0
2024-06-10 13:42:00+09:00,4515.0,4515.0,4515.0,4515.0,800,0.0,0.0
2024-06-10 13:44:00+09:00,4520.0,4520.0,4520.0,4520.0,100,0.0,0.0
2024-06-10 13:47:00+09:00,4520.0,4520.0,4520.0,4520.0,800,0.0,0.0
2024-06-10 13:50:00+09:00,4515.0,4515.0,4515.0,4515.0,300,0.0,0.0
2024-06-10 13:51:00+09:00,4515.0,4515.0,4515.0,4515.0,400,0.0,0.0
2024-06-10 13:52:00+09:00,4520.0,4520.0,4515.0,4515.0,300,0.0,0.0
2024-06-10 13:55:00+09:00,4515.0,4515.0,4515.0,4515.0,800,0.0,0.0
2024-06-10 13:56:00+09:00,4520.0,4520.0,4520.0,4520.0,100,0.0,0.0
2024-06-10 14:00:00+09:00,4520.0,4520.0,4520.0,4520.0,100,0.0,0.0
2024-06-10 14:01:00+09:00,4520.0,4520.0,4515.0,4515.0,800,0.0,0.0
2024-06-10 14:04:00+09:00,4520.0,4520.0,4520.0,4520.0,100,0.0,0.0
2024-06-10 14:07:00+09:00,4515.0,4515.0,4515.0,4515.0,200,0.0,0.0
2024-06-10 14:08:00+09:00,4515.0,4515.0,4515.0,4515.0,100,0.0,0.0
2024-06-10 14:13:00+09:00,4515.0,4515.0,4515.0,4515.0,700,0.0,0.0
2024-06-10 14:22:00+09:00,4515.0,4515.0,4515.0,4515.0,100,0.0,0.0
2024-06-10 14:24:00+09:00,4515.0,4515.0,4515.0,4515.0,100,0.0,0.0
2024-06-10 14:25:00+09:00,4510.0,4510.0,4510.0,4510.0,700,0.0,0.0
2024-06-10 14:29:00+09:00,4510.0,4510.0,4510.0,4510.0,200,0.0,0.0
2024-06-10 14:31:00+09:00,4515.0,4515.0,4515.0,4515.0,500,0.0,0.0
2024-06-10 14:33:00+09:00,4520.0,4520.0,4520.0,4520.0,100,0.0,0.0
2024-06-10 14:40:00+09:00,4520.0,4525.0,4520.0,4520.0,500,0.0,0.0
2024-06-10 14:41:00+09:00,4520.0,4520.0,4520.0,4520.0,100,0.0,0.0
2024-06-10 14:43:00+09:00,4520.0,4520.0,4520.0,4520.0,1200,0.0,0.0
2024-06-10 14:45:00+09:00,4525.0,4525.0,4525.0,4525.0,200,0.0,0.0
2024-06-10 14:46:00+09:00,4525.0,4525.0,4525.0,4525.0,500,0.0,0.0
2024-06-10 14:47:00+09:00,4520.0,4520.0,4515.0,4515.0,1000,0.0,0.0
2024-06-10 14:51:00+09:00,4515.0,4515.0,4515.0,4515.0,100,0.0,0.0
2024-06-10 14:53:00+09:00,4515.0,4515.0,4515.0,4515.0,100,0.0,0.0
2024-06-10 14:56:00+09:00,4520.0,4520.0,4520.0,4520.0,300,0.0,0.0
2024-06-10 14:57:00+09:00,4525.0,4525.0,4525.0,4525.0,300,0.0,0.0
2024-06-10 14:58:00+09:00,4525.0,4525.0,4515.0,4515.0,1800,0.0,0.0
2024-06-10 14:59:00+09:00,4510.0,4510.0,4505.0,4505.0,600,0.0,0.0
2024-06-11 09:00:00+09:00,4515.0,4515.0,4500.0,4500.0,1500,0.0,0.0
2024-06-11 09:09:00+09:00,4520.0,4520.0,4520.0,4520.0,200,0.0,0.0
2024-06-11 09:11:00+09:00,4525.0,4550.0,4525.0,4550.0,1100,0.0,0.0
2024-06-11 09:14:00+09:00,4550.0,4555.0,4550.0,4550.0,500,0.0,0.0
2024-06-11 09:15:00+09:00,4560.0,4570.0,4560.0,4570.0,1300,0.0,0.0
2024-06-11 09:16:00+09:00,4565.0,4575.0,4555.0,4565.0,2700,0.0,0.0
2024-06-11 09:17:00+09:00,4565.0,4570.0,4565.0,4570.0,700,0.0,0.0
2024-06-11 09:18:00+09:00,4575.0,4595.0,4575.0,4595.0,1300,0.0,0.0
2024-06-11 09:19:00+09:00,4595.0,4595.0,4585.0,4595.0,1000,0.0,0.0
2024-06-11 09:20:00+09:00,4585.0,4600.0,4580.0,4600.0,1900,0.0,0.0
2024-06-11 09:21:00+09:00,4600.0,4600.0,4595.0,4600.0,700,0.0,0.0
2024-06-11 09:22:00+09:00,4600.0,4605.0,4600.0,4605.0,300,0.0,0.0
2024-06-11 09:23:00+09:00,4600.0,4600.0,4595.0,4595.0,400,0.0,0.0
2024-06-11 09:24:00+09:00,4600.0,4600.0,4600.0,4600.0,300,0.0,0.0
2024-06-11 09:25:00+09:00,4595.0,4595.0,4590.0,4595.0,400,0.0,0.0
2024-06-11 09:26:00+09:00,4590.0,4590.0,4585.0,4585.0,500,0.0,0.0
2024-06-11 09:27:00+09:00,4585.0,4585.0,4580.0,4580.0,400,0.0,0.0
2024-06-11 09:28:00+09:00,4575.0,4575.0,4565.0,4565.0,1100,0.0,0.0
2024-06-11 09:30:00+09:00,4575.0,4575.0,4575.0,4575.0,100,0.0,0.0
2024-06-11 09:32:00+09:00,4580.0,4580.0,4580.0,4580.0,100,0.0,0.0
2024-06-11 09:33:00+09:00,4585.0,4590.0,4580.0,4580.0,700,0.0,0.0
2024-06-11 09:34:00+09:00,4590.0,4590.0,4585.0,4585.0,200,0.0,0.0
2024-06-11 09:35:00+09:00,4585.0,4585.0,4585.0,4585.0,100,0.0,0.0
2024-06-11 09:36:00+09:00,4585.0,4590.0,4585.0,4590.0,400,0.0,0.0
2024-06-11 09:37:00+09:00,4585.0,4585.0,4585.0,4585.0,100,0.0,0.0
2024-06-11 09:38:00+09:00,4590.0,4590.0,4590.0,4590.0,100,0.0,0.0
2024-06-11 09:39:00+09:00,4590.0,4590.0,4590.0,4590.0,400,0.0,0.0
2024-06-11 09:42:00+09:00,4590.0,4590.0,4590.0,4590.0,100,0.0,0.0
2024-06-11 09:44:00+09:00,4590.0,4590.0,4590.0,4590.0,300,0.0,0.0
2024-06-11 09:46:00+09:00,4585.0,4590.0,4585.0,4590.0,400,0.0,0.0
2024-06-11 09:47:00+09:00,4595.0,4605.0,4595.0,4605.0,1100,0.0,0.0
2024-06-11 09:48:00+09:00,4610.0,4610.0,4610.0,4610.0,500,0.0,0.0
2024-06-11 09:49:00+09:00,4605.0,4605.0,4605.0,4605.0,200,0.0,0.0
2024-06-11 09:53:00+09:00,4610.0,4610.0,4610.0,4610.0,200,0.0,0.0
2024-06-11 09:56:00+09:00,4610.0,4610.0,4610.0,4610.0,500,0.0,0.0
2024-06-11 09:57:00+09:00,4610.0,4610.0,4610.0,4610.0,500,0.0,0.0
2024-06-11 09:58:00+09:00,4605.0,4605.0,4605.0,4605.0,100,0.0,0.0
2024-06-11 09:59:00+09:00,4600.0,4600.0,4600.0,4600.0,200,0.0,0.0
2024-06-11 10:00:00+09:00,4600.0,4600.0,4600.0,4600.0,300,0.0,0.0
2024-06-11 10:01:00+09:00,4605.0,4605.0,4605.0,4605.0,100,0.0,0.0
2024-06-11 10:03:00+09:00,4605.0,4605.0,4590.0,4590.0,1100,0.0,0.0
2024-06-11 10:05:00+09:00,4590.0,4590.0,4590.0,4590.0,100,0.0,0.0
2024-06-11 10:06:00+09:00,4590.0,4590.0,4590.0,4590.0,400,0.0,0.0
2024-06-11 10:08:00+09:00,4595.0,4600.0,4595.0,4600.0,400,0.0,0.0
2024-06-11 10:09:00+09:00,4605.0,4605.0,4600.0,4600.0,400,0.0,0.0
2024-06-11 10:14:00+09:00,4600.0,4600.0,4600.0,4600.0,200,0.0,0.0
2024-06-11 10:17:00+09:00,4600.0,4605.0,4600.0,4605.0,300,0.0,0.0
2024-06-11 10:18:00+09:00,4605.0,4605.0,4605.0,4605.0,100,0.0,0.0
2024-06-11 10:19:00+09:00,4600.0,4600.0,4600.0,4600.0,300,0.0,0.0
2024-06-11 10:21:00+09:00,4595.0,4595.0,4595.0,4595.0,100,0.0,0.0
2024-06-11 10:23:00+09:00,4595.0,4595.0,4595.0,4595.0,100,0.0,0.0
2024-06-11 10:24:00+09:00,4600.0,4600.0,4600.0,4600.0,200,0.0,0.0
2024-06-11 10:27:00+09:00,4600.0,4600.0,4600.0,4600.0,1200,0.0,0.0
2024-06-11 10:30:00+09:00,4595.0,4595.0,4595.0,4595.0,100,0.0,0.0
2024-06-11 10:33:00+09:00,4595.0,4595.0,4595.0,4595.0,300,0.0,0.0
2024-06-11 10:37:00+09:00,4595.0,4600.0,4590.0,4600.0,1100,0.0,0.0
2024-06-11 10:38:00+09:00,4605.0,4605.0,4605.0,4605.0,400,0.0,0.0
2024-06-11 10:40:00+09:00,4610.0,4615.0,4610.0,4615.0,1600,0.0,0.0
2024-06-11 10:41:00+09:00,4610.0,4610.0,4610.0,4610.0,100,0.0,0.0
2024-06-11 10:43:00+09:00,4600.0,4600.0,4600.0,4600.0,100,0.0,0.0
2024-06-11 10:45:00+09:00,4605.0,4605.0,4605.0,4605.0,100,0.0,0.0
2024-06-11 10:50:00+09:00,4600.0,4600.0,4600.0,4600.0,300,0.0,0.0
2024-06-11 10:55:00+09:00,4605.0,4605.0,4605.0,4605.0,100,0.0,0.0
2024-06-11 11:00:00+09:00,4605.0,4605.0,4605.0,4605.0,100,0.0,0.0
2024-06-11 11:01:00+09:00,4600.0,4600.0,4600.0,4600.0,100,0.0,0.0
2024-06-11 11:02:00+09:00,4610.0,4610.0,4610.0,4610.0,800,0.0,0.0
2024-06-11 11:08:00+09:00,4605.0,4605.0,4605.0,4605.0,100,0.0,0.0
2024-06-11 11:11:00+09:00,4610.0,4610.0,4610.0,4610.0,100,0.0,0.0
2024-06-11 11:12:00+09:00,4610.0,4610.0,4610.0,4610.0,100,0.0,0.0
2024-06-11 11:16:00+09:00,4605.0,4605.0,4605.0,4605.0,300,0.0,0.0
2024-06-11 11:18:00+09:00,4610.0,4620.0,4610.0,4620.0,2400,0.0,0.0
2024-06-11 11:20:00+09:00,4610.0,4610.0,4610.0,4610.0,300,0.0,0.0
2024-06-11 11:21:00+09:00,4605.0,4605.0,4605.0,4605.0,100,0.0,0.0
2024-06-11 11:22:00+09:00,4610.0,4610.0,4610.0,4610.0,100,0.0,0.0
2024-06-11 11:26:00+09:00,4605.0,4605.0,4605.0,4605.0,100,0.0,0.0
2024-06-11 11:29:00+09:00,4600.0,4600.0,4600.0,4600.0,200,0.0,0.0
2024-06-11 11:30:00+09:00,4610.0,4610.0,4610.0,4610.0,200,0.0,0.0
2024-06-11 11:35:00+09:00,4610.0,4610.0,4610.0,4610.0,0,0.0,0.0
2024-06-11 12:30:00+09:00,4590.0,4610.0,4590.0,4610.0,39300,0.0,0.0
2024-06-11 12:31:00+09:00,4605.0,4605.0,4585.0,4585.0,900,0.0,0.0
2024-06-11 12:32:00+09:00,4585.0,4585.0,4585.0,4585.0,100,0.0,0.0
2024-06-11 12:34:00+09:00,4580.0,4580.0,4575.0,4575.0,1600,0.0,0.0
2024-06-11 12:36:00+09:00,4570.0,4570.0,4570.0,4570.0,100,0.0,0.0
2024-06-11 12:38:00+09:00,4565.0,4565.0,4565.0,4565.0,100,0.0,0.0
2024-06-11 12:39:00+09:00,4560.0,4560.0,4560.0,4560.0,100,0.0,0.0
2024-06-11 12:49:00+09:00,4555.0,4555.0,4555.0,4555.0,600,0.0,0.0
2024-06-11 12:54:00+09:00,4565.0,4565.0,4565.0,4565.0,200,0.0,0.0
2024-06-11 12:58:00+09:00,4565.0,4565.0,4565.0,4565.0,200,0.0,0.0
2024-06-11 13:03:00+09:00,4560.0,4560.0,4560.0,4560.0,300,0.0,0.0
2024-06-11 13:11:00+09:00,4555.0,4555.0,4555.0,4555.0,100,0.0,0.0
2024-06-11 13:13:00+09:00,4560.0,4560.0,4560.0,4560.0,300,0.0,0.0
2024-06-11 13:17:00+09:00,4560.0,4560.0,4560.0,4560.0,100,0.0,0.0
2024-06-11 13:19:00+09:00,4560.0,4560.0,4555.0,4555.0,300,0.0,0.0
2024-06-11 13:22:00+09:00,4555.0,4555.0,4555.0,4555.0,100,0.0,0.0
2024-06-11 13:30:00+09:00,4545.0,4550.0,4540.0,4550.0,1200,0.0,0.0
2024-06-11 13:31:00+09:00,4545.0,4545.0,4545.0,4545.0,100,0.0,0.0
2024-06-11 13:34:00+09:00,4555.0,4555.0,4555.0,4555.0,100,0.0,0.0
2024-06-11 13:44:00+09:00,4550.0,4555.0,4550.0,4550.0,600,0.0,0.0
2024-06-11 13:46:00+09:00,4545.0,4545.0,4540.0,4540.0,500,0.0,0.0
2024-06-11 13:50:00+09:00,4550.0,4550.0,4550.0,4550.0,100,0.0,0.0
2024-06-11 13:51:00+09:00,4545.0,4545.0,4545.0,4545.0,200,0.0,0.0
2024-06-11 14:01:00+09:00,4540.0,4540.0,4540.0,4540.0,500,0.0,0.0
2024-06-11 14:05:00+09:00,4535.0,4535.0,4535.0,4535.0,100,0.0,0.0
2024-06-11 14:06:00+09:00,4535.0,4535.0,4535.0,4535.0,100,0.0,0.0
2024-06-11 14:11:00+09:00,4535.0,4535.0,4530.0,4530.0,700,0.0,0.0
2024-06-11 14:20:00+09:00,4535.0,4540.0,4535.0,4540.0,1000,0.0,0.0
2024-06-11 14:23:00+09:00,4545.0,4545.0,4545.0,4545.0,200,0.0,0.0
2024-06-11 14:31:00+09:00,4540.0,4540.0,4540.0,4540.0,100,0.0,0.0
2024-06-11 14:34:00+09:00,4540.0,4540.0,4540.0,4540.0,200,0.0,0.0
2024-06-11 14:43:00+09:00,4545.0,4545.0,4545.0,4545.0,100,0.0,0.0
2024-06-11 14:46:00+09:00,4540.0,4540.0,4540.0,4540.0,500,0.0,0.0
2024-06-11 14:48:00+09:00,4540.0,4540.0,4540.0,4540.0,100,0.0,0.0
2024-06-11 14:51:00+09:00,4535.0,4535.0,4530.0,4530.0,300,0.0,0.0
2024-06-11 14:53:00+09:00,4530.0,4535.0,4530.0,4535.0,300,0.0,0.0
2024-06-11 14:55:00+09:00,4530.0,4530.0,4530.0,4530.0,1900,0.0,0.0
2024-06-11 14:56:00+09:00,4530.0,4535.0,4530.0,4530.0,500,0.0,0.0
2024-06-11 14:59:00+09:00,4530.0,4530.0,4525.0,4525.0,1500,0.0,0.0
2024-06-12 09:00:00+09:00,4565.0,4565.0,4565.0,4565.0,1100,0.0,0.0
2024-06-12 09:01:00+09:00,4540.0,4540.0,4540.0,4540.0,300,0.0,0.0
2024-06-12 09:02:00+09:00,4530.0,4565.0,4530.0,4565.0,3000,0.0,0.0
2024-06-12 09:03:00+09:00,4575.0,4580.0,4575.0,4580.0,400,0.0,0.0
2024-06-12 09:04:00+09:00,4585.0,4585.0,4585.0,4585.0,400,0.0,0.0
2024-06-12 09:05:00+09:00,4590.0,4590.0,4580.0,4580.0,600,0.0,0.0
2024-06-12 09:07:00+09:00,4590.0,4595.0,4590.0,4595.0,600,0.0,0.0
2024-06-12 09:08:00+09:00,4595.0,4595.0,4595.0,4595.0,100,0.0,0.0
2024-06-12 09:11:00+09:00,4580.0,4590.0,4580.0,4590.0,200,0.0,0.0
2024-06-12 09:12:00+09:00,4595.0,4595.0,4595.0,4595.0,100,0.0,0.0
2024-06-12 09:13:00+09:00,4600.0,4605.0,4600.0,4605.0,500,0.0,0.0
2024-06-12 09:14:00+09:00,4605.0,4620.0,4605.0,4620.0,5500,0.0,0.0
2024-06-12 09:15:00+09:00,4610.0,4620.0,4610.0,4620.0,500,0.0,0.0
2024-06-12 09:16:00+09:00,4625.0,4630.0,4615.0,4615.0,1200,0.0,0.0
2024-06-12 09:17:00+09:00,4615.0,4615.0,4615.0,4615.0,200,0.0,0.0
2024-06-12 09:18:00+09:00,4620.0,4620.0,4615.0,4615.0,400,0.0,0.0
2024-06-12 09:20:00+09:00,4625.0,4625.0,4625.0,4625.0,500,0.0,0.0
2024-06-12 09:21:00+09:00,4625.0,4625.0,4620.0,4625.0,700,0.0,0.0
2024-06-12 09:22:00+09:00,4625.0,4630.0,4625.0,4625.0,600,0.0,0.0
2024-06-12 09:23:00+09:00,4630.0,4650.0,4630.0,4650.0,2000,0.0,0.0
2024-06-12 09:24:00+09:00,4655.0,4680.0,4650.0,4680.0,5800,0.0,0.0
2024-06-12 09:25:00+09:00,4685.0,4710.0,4670.0,4705.0,8300,0.0,0.0
2024-06-12 09:26:00+09:00,4695.0,4710.0,4690.0,4700.0,1400,0.0,0.0
2024-06-12 09:27:00+09:00,4690.0,4690.0,4685.0,4685.0,800,0.0,0.0
2024-06-12 09:28:00+09:00,4680.0,4680.0,4675.0,4680.0,600,0.0,0.0
2024-06-12 09:29:00+09:00,4675.0,4680.0,4675.0,4680.0,300,0.0,0.0
2024-06-12 09:30:00+09:00,4680.0,4695.0,4680.0,4685.0,1400,0.0,0.0
2024-06-12 09:31:00+09:00,4680.0,4685.0,4680.0,4685.0,300,0.0,0.0
2024-06-12 09:34:00+09:00,4675.0,4690.0,4675.0,4690.0,4700,0.0,0.0
2024-06-12 09:36:00+09:00,4690.0,4690.0,4685.0,4685.0,600,0.0,0.0
2024-06-12 09:37:00+09:00,4680.0,4680.0,4680.0,4680.0,200,0.0,0.0
2024-06-12 09:39:00+09:00,4675.0,4675.0,4670.0,4670.0,300,0.0,0.0
2024-06-12 09:40:00+09:00,4680.0,4690.0,4680.0,4685.0,700,0.0,0.0
2024-06-12 09:41:00+09:00,4690.0,4690.0,4690.0,4690.0,100,0.0,0.0
2024-06-12 09:43:00+09:00,4690.0,4695.0,4690.0,4695.0,1100,0.0,0.0
2024-06-12 09:44:00+09:00,4690.0,4695.0,4690.0,4695.0,200,0.0,0.0
2024-06-12 09:45:00+09:00,4690.0,4690.0,4690.0,4690.0,300,0.0,0.0
2024-06-12 09:49:00+09:00,4695.0,4700.0,4695.0,4700.0,2600,0.0,0.0
2024-06-12 09:50:00+09:00,4705.0,4705.0,4705.0,4705.0,400,0.0,0.0
2024-06-12 09:51:00+09:00,4710.0,4710.0,4705.0,4705.0,1400,0.0,0.0
2024-06-12 09:52:00+09:00,4710.0,4710.0,4710.0,4710.0,100,0.0,0.0
2024-06-12 09:54:00+09:00,4705.0,4705.0,4705.0,4705.0,300,0.0,0.0
2024-06-12 09:55:00+09:00,4705.0,4705.0,4705.0,4705.0,100,0.0,0.0
2024-06-12 09:57:00+09:00,4705.0,4705.0,4705.0,4705.0,100,0.0,0.0
2024-06-12 09:59:00+09:00,4700.0,4700.0,4695.0,4695.0,600,0.0,0.0
2024-06-12 10:00:00+09:00,4700.0,4700.0,4700.0,4700.0,100,0.0,0.0
2024-06-12 10:01:00+09:00,4705.0,4715.0,4705.0,4710.0,1300,0.0,0.0
2024-06-12 10:02:00+09:00,4710.0,4710.0,4705.0,4705.0,500,0.0,0.0
2024-06-12 10:03:00+09:00,4710.0,4710.0,4705.0,4705.0,300,0.0,0.0
2024-06-12 10:04:00+09:00,4710.0,4710.0,4710.0,4710.0,100,0.0,0.0
2024-06-12 10:05:00+09:00,4710.0,4710.0,4710.0,4710.0,200,0.0,0.0
2024-06-12 10:06:00+09:00,4710.0,4710.0,4710.0,4710.0,200,0.0,0.0
2024-06-12 10:10:00+09:00,4700.0,4700.0,4700.0,4700.0,0,0.0,0.0
2024-06-12 10:11:00+09:00,4700.0,4700.0,4700.0,4700.0,55200,0.0,0.0
2024-06-12 10:14:00+09:00,4690.0,4690.0,4690.0,4690.0,0,0.0,0.0
2024-06-12 10:15:00+09:00,4685.0,4685.0,4675.0,4680.0,57200,0.0,0.0
2024-06-12 10:17:00+09:00,4680.0,4680.0,4680.0,4680.0,200,0.0,0.0
2024-06-12 10:18:00+09:00,4685.0,4695.0,4680.0,4690.0,1300,0.0,0.0
2024-06-12 10:19:00+09:00,4700.0,4700.0,4700.0,4700.0,100,0.0,0.0
2024-06-12 10:21:00+09:00,4690.0,4690.0,4690.0,4690.0,100,0.0,0.0
2024-06-12 10:22:00+09:00,4690.0,4690.0,4690.0,4690.0,300,0.0,0.0
2024-06-12 10:24:00+09:00,4685.0,4690.0,4685.0,4690.0,400,0.0,0.0
2024-06-12 10:25:00+09:00,4685.0,4685.0,4685.0,4685.0,200,0.0,0.0
2024-06-12 10:26:00+09:00,4680.0,4680.0,4675.0,4675.0,900,0.0,0.0
2024-06-12 10:27:00+09:00,4685.0,4685.0,4670.0,4685.0,1600,0.0,0.0
2024-06-12 10:28:00+09:00,4690.0,4690.0,4680.0,4680.0,1300,0.0,0.0
2024-06-12 10:29:00+09:00,4680.0,4680.0,4670.0,4670.0,400,0.0,0.0
2024-06-12 10:31:00+09:00,4680.0,4680.0,4670.0,4670.0,400,0.0,0.0
2024-06-12 10:32:00+09:00,4680.0,4680.0,4670.0,4670.0,600,0.0,0.0
2024-06-12 10:34:00+09:00,4685.0,4685.0,4675.0,4685.0,1000,0.0,0.0
2024-06-12 10:38:00+09:00,4685.0,4685.0,4680.0,4680.0,700,0.0,0.0
2024-06-12 10:39:00+09:00,4680.0,4680.0,4670.0,4680.0,2000,0.0,0.0
2024-06-12 10:40:00+09:00,4675.0,4675.0,4670.0,4670.0,1000,0.0,0.0
2024-06-12 10:41:00+09:00,4680.0,4680.0,4660.0,4660.0,1100,0.0,0.0
2024-06-12 10:42:00+09:00,4670.0,4675.0,4670.0,4675.0,200,0.0,0.0
2024-06-12 10:43:00+09:00,4680.0,4680.0,4680.0,4680.0,100,0.0,0.0
2024-06-12 10:45:00+09:00,4675.0,4675.0,4660.0,4660.0,900,0.0,0.0
2024-06-12 10:46:00+09:00,4680.0,4685.0,4680.0,4685.0,1000,0.0,0.0
2024-06-12 10:47:00+09:00,4690.0,4725.0,4690.0,4725.0,6900,0.0,0.0
2024-06-12 10:48:00+09:00,4725.0,4750.0,4725.0,4735.0,5200,0.0,0.0
2024-06-12 10:49:00+09:00,4725.0,4725.0,4725.0,4725.0,400,0.0,0.0
2024-06-12 10:50:00+09:00,4725.0,4725.0,4725.0,4725.0,100,0.0,0.0
2024-06-12 10:51:00+09:00,4720.0,4720.0,4720.0,4720.0,0,0.0,0.0
2024-06-12 10:52:00+09:00,4710.0,4710.0,4710.0,4710.0,86200,0.0,0.0
2024-06-12 10:53:00+09:00,4705.0,4705.0,4705.0,4705.0,0,0.0,0.0
2024-06-12 10:55:00+09:00,4700.0,4700.0,4700.0,4700.0,86800,0.0,0.0
2024-06-12 10:56:00+09:00,4705.0,4715.0,4705.0,4715.0,900,0.0,0.0
2024-06-12 10:57:00+09:00,4720.0,4720.0,4720.0,4720.0,100,0.0,0.0
2024-06-12 11:00:00+09:00,4720.0,4720.0,4720.0,4720.0,200,0.0,0.0
2024-06-12 11:01:00+09:00,4725.0,4725.0,4725.0,4725.0,600,0.0,0.0
2024-06-12 11:02:00+09:00,4720.0,4720.0,4720.0,4720.0,200,0.0,0.0
2024-06-12 11:03:00+09:00,4715.0,4715.0,4715.0,4715.0,200,0.0,0.0
2024-06-12 11:07:00+09:00,4715.0,4715.0,4715.0,4715.0,100,0.0,0.0
2024-06-12 11:08:00+09:00,4715.0,4715.0,4715.0,4715.0,200,0.0,0.0
2024-06-12 11:10:00+09:00,4710.0,4710.0,4710.0,4710.0,300,0.0,0.0
2024-06-12 11:11:00+09:00,4705.0,4715.0,4700.0,4715.0,1500,0.0,0.0
2024-06-12 11:12:00+09:00,4715.0,4715.0,4715.0,4715.0,200,0.0,0.0
2024-06-12 11:13:00+09:00,4720.0,4720.0,4720.0,4720.0,200,0.0,0.0
2024-06-12 11:22:00+09:00,4720.0,4720.0,4720.0,4720.0,300,0.0,0.0
2024-06-12 11:23:00+09:00,4725.0,4725.0,4725.0,4725.0,100,0.0,0.0
2024-06-12 11:27:00+09:00,4715.0,4715.0,4715.0,4715.0,100,0.0,0.0
2024-06-12 11:30:00+09:00,4725.0,4725.0,4725.0,4725.0,300,0.0,0.0
2024-06-12 11:35:00+09:00,4725.0,4725.0,4725.0,4725.0,0,0.0,0.0
2024-06-12 12:30:00+09:00,4725.0,4725.0,4725.0,4725.0,94500,0.0,0.0
2024-06-12 12:31:00+09:00,4725.0,4725.0,4725.0,4725.0,200,0.0,0.0
2024-06-12 12:32:00+09:00,4715.0,4715.0,4710.0,4710.0,600,0.0,0.0
2024-06-12 12:33:00+09:00,4710.0,4710.0,4710.0,4710.0,100,0.0,0.0
2024-06-12 12:34:00+09:00,4720.0,4725.0,4720.0,4725.0,700,0.0,0.0
2024-06-12 12:35:00+09:00,4720.0,4720.0,4720.0,4720.0,100,0.0,0.0
2024-06-12 12:36:00+09:00,4715.0,4715.0,4715.0,4715.0,100,0.0,0.0
2024-06-12 12:37:00+09:00,4710.0,4710.0,4710.0,4710.0,400,0.0,0.0
2024-06-12 12:38:00+09:00,4710.0,4710.0,4705.0,4705.0,200,0.0,0.0
2024-06-12 12:40:00+09:00,4715.0,4715.0,4715.0,4715.0,200,0.0,0.0
2024-06-12 12:41:00+09:00,4715.0,4715.0,4715.0,4715.0,100,0.0,0.0
2024-06-12 12:42:00+09:00,4705.0,4705.0,4700.0,4700.0,1000,0.0,0.0
2024-06-12 12:43:00+09:00,4710.0,4710.0,4710.0,4710.0,100,0.0,0.0
2024-06-12 12:45:00+09:00,4710.0,4710.0,4710.0,4710.0,100,0.0,0.0
2024-06-12 12:47:00+09:00,4710.0,4710.0,4710.0,4710.0,300,0.0,0.0
2024-06-12 12:50:00+09:00,4705.0,4705.0,4700.0,4700.0,1600,0.0,0.0
2024-06-12 12:51:00+09:00,4705.0,4710.0,4700.0,4710.0,800,0.0,0.0
2024-06-12 12:52:00+09:00,4710.0,4715.0,4700.0,4705.0,2700,0.0,0.0
2024-06-12 12:55:00+09:00,4705.0,4705.0,4705.0,4705.0,300,0.0,0.0
2024-06-12 12:56:00+09:00,4705.0,4705.0,4705.0,4705.0,100,0.0,0.0
2024-06-12 12:59:00+09:00,4700.0,4700.0,4700.0,4700.0,100,0.0,0.0
2024-06-12 13:04:00+09:00,4700.0,4700.0,4700.0,4700.0,800,0.0,0.0
2024-06-12 13:05:00+09:00,4700.0,4700.0,4695.0,4695.0,200,0.0,0.0
2024-06-12 13:06:00+09:00,4695.0,4695.0,4695.0,4695.0,200,0.0,0.0
2024-06-12 13:09:00+09:00,4700.0,4700.0,4700.0,4700.0,100,0.0,0.0
2024-06-12 13:10:00+09:00,4700.0,4700.0,4695.0,4695.0,200,0.0,0.0
2024-06-12 13:11:00+09:00,4695.0,4695.0,4695.0,4695.0,100,0.0,0.0
2024-06-12 13:16:00+09:00,4695.0,4695.0,4695.0,4695.0,200,0.0,0.0
2024-06-12 13:20:00+09:00,4690.0,4690.0,4690.0,4690.0,100,0.0,0.0
2024-06-12 13:22:00+09:00,4690.0,4690.0,4675.0,4675.0,2200,0.0,0.0
2024-06-12 13:24:00+09:00,4685.0,4685.0,4670.0,4670.0,700,0.0,0.0
2024-06-12 13:25:00+09:00,4670.0,4670.0,4665.0,4670.0,1700,0.0,0.0
2024-06-12 13:26:00+09:00,4665.0,4665.0,4655.0,4655.0,2000,0.0,0.0
2024-06-12 13:27:00+09:00,4660.0,4665.0,4655.0,4660.0,1800,0.0,0.0
2024-06-12 13:28:00+09:00,4665.0,4665.0,4645.0,4650.0,2500,0.0,0.0
2024-06-12 13:30:00+09:00,4655.0,4655.0,4655.0,4655.0,300,0.0,0.0
2024-06-12 13:31:00+09:00,4650.0,4650.0,4650.0,4650.0,100,0.0,0.0
2024-06-12 13:33:00+09:00,4650.0,4650.0,4650.0,4650.0,200,0.0,0.0
2024-06-12 13:35:00+09:00,4655.0,4665.0,4655.0,4665.0,1900,0.0,0.0
2024-06-12 13:36:00+09:00,4670.0,4675.0,4670.0,4675.0,700,0.0,0.0
2024-06-12 13:37:00+09:00,4675.0,4675.0,4670.0,4670.0,800,0.0,0.0
2024-06-12 13:39:00+09:00,4670.0,4670.0,4655.0,4655.0,1600,0.0,0.0
2024-06-12 13:40:00+09:00,4655.0,4655.0,4655.0,4655.0,100,0.0,0.0
2024-06-12 13:42:00+09:00,4660.0,4660.0,4660.0,4660.0,100,0.0,0.0
2024-06-12 13:43:00+09:00,4660.0,4660.0,4660.0,4660.0,100,0.0,0.0
2024-06-12 13:44:00+09:00,4660.0,4660.0,4660.0,4660.0,100,0.0,0.0
2024-06-12 13:45:00+09:00,4665.0,4665.0,4665.0,4665.0,100,0.0,0.0
2024-06-12 13:46:00+09:00,4665.0,4665.0,4660.0,4660.0,300,0.0,0.0
2024-06-12 13:49:00+09:00,4660.0,4660.0,4660.0,4660.0,200,0.0,0.0
2024-06-12 13:51:00+09:00,4665.0,4665.0,4665.0,4665.0,100,0.0,0.0
2024-06-12 13:53:00+09:00,4665.0,4670.0,4665.0,4670.0,1200,0.0,0.0
2024-06-12 13:54:00+09:00,4670.0,4670.0,4665.0,4665.0,300,0.0,0.0
2024-06-12 13:57:00+09:00,4660.0,4660.0,4660.0,4660.0,300,0.0,0.0
2024-06-12 13:59:00+09:00,4665.0,4665.0,4665.0,4665.0,100,0.0,0.0
2024-06-12 14:00:00+09:00,4660.0,4660.0,4660.0,4660.0,500,0.0,0.0
2024-06-12 14:03:00+09:00,4660.0,4660.0,4640.0,4640.0,1100,0.0,0.0
2024-06-12 14:06:00+09:00,4655.0,4655.0,4655.0,4655.0,500,0.0,0.0
2024-06-12 14:09:00+09:00,4650.0,4650.0,4650.0,4650.0,100,0.0,0.0
2024-06-12 14:11:00+09:00,4655.0,4655.0,4655.0,4655.0,100,0.0,0.0
2024-06-12 14:17:00+09:00,4660.0,4660.0,4660.0,4660.0,100,0.0,0.0
2024-06-12 14:18:00+09:00,4660.0,4660.0,4660.0,4660.0,500,0.0,0.0
2024-06-12 14:22:00+09:00,4665.0,4670.0,4665.0,4670.0,600,0.0,0.0
2024-06-12 14:26:00+09:00,4665.0,4665.0,4665.0,4665.0,300,0.0,0.0
2024-06-12 14:27:00+09:00,4665.0,4670.0,4665.0,4670.0,700,0.0,0.0
2024-06-12 14:28:00+09:00,4675.0,4675.0,4675.0,4675.0,300,0.0,0.0
2024-06-12 14:29:00+09:00,4675.0,4675.0,4675.0,4675.0,200,0.0,0.0
2024-06-12 14:30:00+09:00,4675.0,4675.0,4675.0,4675.0,300,0.0,0.0
2024-06-12 14:34:00+09:00,4670.0,4670.0,4670.0,4670.0,200,0.0,0.0
2024-06-12 14:39:00+09:00,4675.0,4675.0,4675.0,4675.0,200,0.0,0.0
2024-06-12 14:42:00+09:00,4675.0,4675.0,4675.0,4675.0,200,0.0,0.0
2024-06-12 14:44:00+09:00,4675.0,4675.0,4670.0,4670.0,700,0.0,0.0
2024-06-12 14:47:00+09:00,4670.0,4670.0,4670.0,4670.0,500,0.0,0.0
2024-06-12 14:49:00+09:00,4670.0,4670.0,4670.0,4670.0,100,0.0,0.0
2024-06-12 14:53:00+09:00,4675.0,4680.0,4675.0,4680.0,1600,0.0,0.0
2024-06-12 14:54:00+09:00,4680.0,4685.0,4680.0,4685.0,500,0.0,0.0
2024-06-12 14:55:00+09:00,4680.0,4680.0,4675.0,4675.0,700,0.0,0.0
2024-06-12 14:57:00+09:00,4675.0,4675.0,4675.0,4675.0,300,0.0,0.0
2024-06-12 14:58:00+09:00,4680.0,4680.0,4680.0,4680.0,100,0.0,0.0
2024-06-12 14:59:00+09:00,4680.0,4680.0,4670.0,4670.0,1500,0.0,0.0
2024-06-13 09:00:00+09:00,4720.0,4725.0,4700.0,4700.0,3400,0.0,0.0
2024-06-13 09:01:00+09:00,4710.0,4730.0,4710.0,4720.0,1400,0.0,0.0
2024-06-13 09:02:00+09:00,4725.0,4725.0,4710.0,4710.0,700,0.0,0.0
2024-06-13 09:03:00+09:00,4710.0,4710.0,4700.0,4700.0,400,0.0,0.0
2024-06-13 09:04:00+09:00,4715.0,4715.0,4700.0,4700.0,400,0.0,0.0
2024-06-13 09:05:00+09:00,4685.0,4685.0,4670.0,4670.0,1100,0.0,0.0
2024-06-13 09:06:00+09:00,4665.0,4665.0,4655.0,4655.0,300,0.0,0.0
2024-06-13 09:07:00+09:00,4670.0,4675.0,4670.0,4675.0,200,0.0,0.0
2024-06-13 09:08:00+09:00,4675.0,4685.0,4665.0,4685.0,1800,0.0,0.0
2024-06-13 09:09:00+09:00,4685.0,4700.0,4680.0,4690.0,2300,0.0,0.0
2024-06-13 09:10:00+09:00,4695.0,4710.0,4695.0,4710.0,1600,0.0,0.0
2024-06-13 09:11:00+09:00,4710.0,4715.0,4695.0,4715.0,2600,0.0,0.0
2024-06-13 09:12:00+09:00,4710.0,4730.0,4710.0,4725.0,2700,0.0,0.0
2024-06-13 09:13:00+09:00,4725.0,4730.0,4710.0,4730.0,1800,0.0,0.0
2024-06-13 09:14:00+09:00,4725.0,4740.0,4720.0,4720.0,1700,0.0,0.0
2024-06-13 09:15:00+09:00,4715.0,4730.0,4685.0,4705.0,3600,0.0,0.0
2024-06-13 09:16:00+09:00,4710.0,4710.0,4695.0,4700.0,900,0.0,0.0
2024-06-13 09:17:00+09:00,4685.0,4685.0,4675.0,4675.0,800,0.0,0.0
2024-06-13 09:18:00+09:00,4665.0,4670.0,4665.0,4670.0,200,0.0,0.0
2024-06-13 09:19:00+09:00,4665.0,4665.0,4660.0,4660.0,400,0.0,0.0
2024-06-13 09:20:00+09:00,4660.0,4665.0,4660.0,4665.0,200,0.0,0.0
2024-06-13 09:21:00+09:00,4660.0,4660.0,4655.0,4655.0,700,0.0,0.0
2024-06-13 09:23:00+09:00,4650.0,4650.0,4650.0,4650.0,200,0.0,0.0
2024-06-13 09:24:00+09:00,4645.0,4645.0,4645.0,4645.0,400,0.0,0.0
2024-06-13 09:27:00+09:00,4645.0,4645.0,4645.0,4645.0,200,0.0,0.0
2024-06-13 09:30:00+09:00,4645.0,4645.0,4630.0,4630.0,500,0.0,0.0
2024-06-13 09:31:00+09:00,4625.0,4625.0,4625.0,4625.0,300,0.0,0.0
2024-06-13 09:32:00+09:00,4625.0,4625.0,4610.0,4610.0,700,0.0,0.0
2024-06-13 09:37:00+09:00,4615.0,4615.0,4615.0,4615.0,500,0.0,0.0
2024-06-13 09:38:00+09:00,4610.0,4610.0,4585.0,4585.0,3400,0.0,0.0
2024-06-13 09:39:00+09:00,4580.0,4580.0,4580.0,4580.0,300,0.0,0.0
2024-06-13 09:40:00+09:00,4585.0,4590.0,4585.0,4590.0,500,0.0,0.0
2024-06-13 09:41:00+09:00,4585.0,4585.0,4580.0,4580.0,400,0.0,0.0
2024-06-13 09:42:00+09:00,4575.0,4575.0,4575.0,4575.0,200,0.0,0.0
2024-06-13 09:44:00+09:00,4570.0,4570.0,4555.0,4560.0,1200,0.0,0.0
2024-06-13 09:47:00+09:00,4565.0,4565.0,4565.0,4565.0,100,0.0,0.0
2024-06-13 09:48:00+09:00,4570.0,4575.0,4570.0,4575.0,600,0.0,0.0
2024-06-13 09:49:00+09:00,4575.0,4575.0,4575.0,4575.0,500,0.0,0.0
2024-06-13 09:50:00+09:00,4570.0,4580.0,4570.0,4580.0,600,0.0,0.0
2024-06-13 09:51:00+09:00,4580.0,4580.0,4580.0,4580.0,300,0.0,0.0
2024-06-13 09:52:00+09:00,4580.0,4585.0,4580.0,4585.0,600,0.0,0.0
2024-06-13 09:55:00+09:00,4595.0,4595.0,4595.0,4595.0,100,0.0,0.0
2024-06-13 09:56:00+09:00,4590.0,4590.0,4590.0,4590.0,200,0.0,0.0
2024-06-13 09:57:00+09:00,4585.0,4585.0,4585.0,4585.0,300,0.0,0.0
2024-06-13 09:58:00+09:00,4590.0,4610.0,4590.0,4610.0,1700,0.0,0.0
2024-06-13 10:00:00+09:00,4605.0,4605.0,4605.0,4605.0,200,0.0,0.0
2024-06-13 10:01:00+09:00,4600.0,4600.0,4600.0,4600.0,900,0.0,0.0
2024-06-13 10:03:00+09:00,4610.0,4610.0,4600.0,4600.0,800,0.0,0.0
2024-06-13 10:07:00+09:00,4600.0,4600.0,4600.0,4600.0,200,0.0,0.0
2024-06-13 10:13:00+09:00,4595.0,4595.0,4595.0,4595.0,0,0.0,0.0
2024-06-13 10:16:00+09:00,4595.0,4595.0,4595.0,4595.0,46600,0.0,0.0
2024-06-13 10:17:00+09:00,4595.0,4600.0,4595.0,4600.0,200,0.0,0.0
2024-06-13 10:18:00+09:00,4600.0,4600.0,4600.0,4600.0,300,0.0,0.0
2024-06-13 10:22:00+09:00,4600.0,4600.0,4600.0,4600.0,400,0.0,0.0
2024-06-13 10:23:00+09:00,4595.0,4595.0,4595.0,4595.0,200,0.0,0.0
2024-06-13 10:27:00+09:00,4590.0,4590.0,4590.0,4590.0,900,0.0,0.0
2024-06-13 10:32:00+09:00,4590.0,4590.0,4580.0,4580.0,400,0.0,0.0
2024-06-13 10:35:00+09:00,4580.0,4580.0,4580.0,4580.0,100,0.0,0.0
2024-06-13 10:36:00+09:00,4585.0,4605.0,4585.0,4605.0,3600,0.0,0.0
2024-06-13 10:37:00+09:00,4600.0,4605.0,4600.0,4605.0,300,0.0,0.0
2024-06-13 10:38:00+09:00,4595.0,4595.0,4595.0,4595.0,200,0.0,0.0
2024-06-13 10:41:00+09:00,4590.0,4590.0,4580.0,4580.0,1000,0.0,0.0
2024-06-13 10:42:00+09:00,4580.0,4580.0,4580.0,4580.0,100,0.0,0.0
2024-06-13 10:43:00+09:00,4585.0,4585.0,4585.0,4585.0,400,0.0,0.0
2024-06-13 10:49:00+09:00,4580.0,4580.0,4580.0,4580.0,200,0.0,0.0
2024-06-13 10:52:00+09:00,4580.0,4580.0,4580.0,4580.0,100,0.0,0.0
2024-06-13 10:57:00+09:00,4580.0,4585.0,4580.0,4585.0,500,0.0,0.0
2024-06-13 11:04:00+09:00,4585.0,4585.0,4585.0,4585.0,300,0.0,0.0
2024-06-13 11:06:00+09:00,4590.0,4590.0,4590.0,4590.0,200,0.0,0.0
2024-06-13 11:07:00+09:00,4595.0,4595.0,4595.0,4595.0,100,0.0,0.0
2024-06-13 11:12:00+09:00,4590.0,4595.0,4590.0,4595.0,300,0.0,0.0
2024-06-13 11:18:00+09:00,4590.0,4590.0,4590.0,4590.0,400,0.0,0.0
2024-06-13 11:21:00+09:00,4590.0,4590.0,4590.0,4590.0,100,0.0,0.0
2024-06-13 11:24:00+09:00,4585.0,4585.0,4580.0,4580.0,700,0.0,0.0
2024-06-13 11:30:00+09:00,4585.0,4585.0,4585.0,4585.0,400,0.0,0.0
2024-06-13 11:35:00+09:00,4585.0,4585.0,4585.0,4585.0,0,0.0,0.0
2024-06-13 12:30:00+09:00,4590.0,4590.0,4580.0,4580.0,58800,0.0,0.0
2024-06-13 12:31:00+09:00,4580.0,4580.0,4575.0,4575.0,400,0.0,0.0
2024-06-13 12:32:00+09:00,4575.0,4575.0,4575.0,4575.0,100,0.0,0.0
2024-06-13 12:34:00+09:00,4580.0,4580.0,4580.0,4580.0,100,0.0,0.0
2024-06-13 12:35:00+09:00,4575.0,4575.0,4575.0,4575.0,0,0.0,0.0
2024-06-13 12:37:00+09:00,4575.0,4575.0,4575.0,4575.0,59800,0.0,0.0
2024-06-13 12:39:00+09:00,4580.0,4585.0,4580.0,4585.0,300,0.0,0.0
2024-06-13 12:42:00+09:00,4585.0,4585.0,4585.0,4585.0,200,0.0,0.0
2024-06-13 12:43:00+09:00,4585.0,4585.0,4585.0,4585.0,100,0.0,0.0
2024-06-13 12:49:00+09:00,4585.0,4585.0,4585.0,4585.0,100,0.0,0.0
2024-06-13 12:50:00+09:00,4585.0,4585.0,4580.0,4580.0,400,0.0,0.0
2024-06-13 12:57:00+09:00,4585.0,4585.0,4585.0,4585.0,100,0.0,0.0
2024-06-13 12:58:00+09:00,4585.0,4590.0,4585.0,4590.0,600,0.0,0.0
2024-06-13 13:02:00+09:00,4590.0,4590.0,4590.0,4590.0,200,0.0,0.0
2024-06-13 13:06:00+09:00,4595.0,4595.0,4590.0,4590.0,500,0.0,0.0
2024-06-13 13:13:00+09:00,4585.0,4585.0,4585.0,4585.0,100,0.0,0.0
2024-06-13 13:19:00+09:00,4580.0,4580.0,4575.0,4575.0,1000,0.0,0.0
2024-06-13 13:21:00+09:00,4575.0,4575.0,4575.0,4575.0,300,0.0,0.0
2024-06-13 13:25:00+09:00,4580.0,4580.0,4580.0,4580.0,100,0.0,0.0
2024-06-13 13:34:00+09:00,4580.0,4580.0,4580.0,4580.0,200,0.0,0.0
2024-06-13 13:41:00+09:00,4585.0,4585.0,4585.0,4585.0,100,0.0,0.0
2024-06-13 13:46:00+09:00,4585.0,4590.0,4585.0,4585.0,400,0.0,0.0
2024-06-13 13:49:00+09:00,4590.0,4590.0,4590.0,4590.0,100,0.0,0.0
2024-06-13 13:52:00+09:00,4590.0,4590.0,4590.0,4590.0,200,0.0,0.0
2024-06-13 13:54:00+09:00,4585.0,4585.0,4585.0,4585.0,500,0.0,0.0
2024-06-13 13:55:00+09:00,4585.0,4585.0,4585.0,4585.0,200,0.0,0.0
2024-06-13 13:58:00+09:00,4580.0,4580.0,4580.0,4580.0,100,0.0,0.0
2024-06-13 13:59:00+09:00,4580.0,4580.0,4580.0,4580.0,400,0.0,0.0
2024-06-13 14:01:00+09:00,4575.0,4575.0,4570.0,4570.0,600,0.0,0.0
2024-06-13 14:08:00+09:00,4575.0,4575.0,4575.0,4575.0,100,0.0,0.0
2024-06-13 14:12:00+09:00,4570.0,4570.0,4570.0,4570.0,400,0.0,0.0
2024-06-13 14:13:00+09:00,4565.0,4565.0,4565.0,4565.0,100,0.0,0.0
2024-06-13 14:17:00+09:00,4570.0,4570.0,4565.0,4565.0,200,0.0,0.0
2024-06-13 14:20:00+09:00,4565.0,4565.0,4565.0,4565.0,100,0.0,0.0
2024-06-13 14:21:00+09:00,4560.0,4560.0,4560.0,4560.0,400,0.0,0.0
2024-06-13 14:27:00+09:00,4560.0,4560.0,4560.0,4560.0,100,0.0,0.0
2024-06-13 14:30:00+09:00,4560.0,4560.0,4560.0,4560.0,400,0.0,0.0
2024-06-13 14:31:00+09:00,4560.0,4560.0,4555.0,4555.0,300,0.0,0.0
2024-06-13 14:32:00+09:00,4560.0,4560.0,4560.0,4560.0,300,0.0,0.0
2024-06-13 14:35:00+09:00,4560.0,4560.0,4560.0,4560.0,500,0.0,0.0
2024-06-13 14:37:00+09:00,4555.0,4555.0,4555.0,4555.0,200,0.0,0.0
2024-06-13 14:39:00+09:00,4565.0,4565.0,4565.0,4565.0,100,0.0,0.0
2024-06-13 14:40:00+09:00,4560.0,4560.0,4560.0,4560.0,300,0.0,0.0
2024-06-13 14:41:00+09:00,4555.0,4555.0,4555.0,4555.0,800,0.0,0.0
2024-06-13 14:44:00+09:00,4555.0,4555.0,4555.0,4555.0,100,0.0,0.0
2024-06-13 14:45:00+09:00,4550.0,4550.0,4550.0,4550.0,100,0.0,0.0
2024-06-13 14:46:00+09:00,4555.0,4555.0,4555.0,4555.0,400,0.0,0.0
2024-06-13 14:48:00+09:00,4550.0,4550.0,4540.0,4540.0,3100,0.0,0.0
2024-06-13 14:49:00+09:00,4540.0,4545.0,4540.0,4545.0,500,0.0,0.0
2024-06-13 14:52:00+09:00,4545.0,4545.0,4545.0,4545.0,700,0.0,0.0
2024-06-13 14:53:00+09:00,4550.0,4550.0,4550.0,4550.0,100,0.0,0.0
2024-06-13 14:55:00+09:00,4545.0,4545.0,4545.0,4545.0,500,0.0,0.0
2024-06-13 14:56:00+09:00,4545.0,4545.0,4545.0,4545.0,100,0.0,0.0
2024-06-13 14:57:00+09:00,4545.0,4545.0,4545.0,4545.0,200,0.0,0.0
2024-06-13 14:59:00+09:00,4545.0,4545.0,4540.0,4540.0,1100,0.0,0.0
2024-06-14 09:00:00+09:00,4585.0,4605.0,4555.0,4600.0,14100,0.0,0.0
2024-06-14 09:01:00+09:00,4605.0,4645.0,4605.0,4640.0,2200,0.0,0.0
2024-06-14 09:02:00+09:00,4645.0,4650.0,4630.0,4630.0,900,0.0,0.0
2024-06-14 09:04:00+09:00,4645.0,4680.0,4635.0,4680.0,2900,0.0,0.0
2024-06-14 09:05:00+09:00,4685.0,4685.0,4675.0,4675.0,1100,0.0,0.0
2024-06-14 09:06:00+09:00,4685.0,4690.0,4680.0,4690.0,1200,0.0,0.0
2024-06-14 09:07:00+09:00,4695.0,4700.0,4695.0,4700.0,1500,0.0,0.0
2024-06-14 09:08:00+09:00,4695.0,4705.0,4690.0,4695.0,800,0.0,0.0
2024-06-14 09:09:00+09:00,4690.0,4690.0,4675.0,4675.0,1100,0.0,0.0
2024-06-14 09:10:00+09:00,4675.0,4675.0,4675.0,4675.0,200,0.0,0.0
2024-06-14 09:11:00+09:00,4680.0,4690.0,4680.0,4680.0,1300,0.0,0.0
2024-06-14 09:12:00+09:00,4680.0,4680.0,4680.0,4680.0,400,0.0,0.0
2024-06-14 09:14:00+09:00,4685.0,4685.0,4685.0,4685.0,100,0.0,0.0
2024-06-14 09:15:00+09:00,4680.0,4680.0,4675.0,4675.0,1000,0.0,0.0
2024-06-14 09:16:00+09:00,4680.0,4685.0,4680.0,4680.0,1100,0.0,0.0
2024-06-14 09:17:00+09:00,4680.0,4680.0,4670.0,4670.0,900,0.0,0.0
2024-06-14 09:19:00+09:00,4685.0,4685.0,4675.0,4675.0,500,0.0,0.0
2024-06-14 09:22:00+09:00,4670.0,4670.0,4655.0,4655.0,3000,0.0,0.0
2024-06-14 09:23:00+09:00,4670.0,4670.0,4665.0,4665.0,4000,0.0,0.0
2024-06-14 09:24:00+09:00,4665.0,4665.0,4665.0,4665.0,200,0.0,0.0
2024-06-14 09:26:00+09:00,4680.0,4680.0,4680.0,4680.0,400,0.0,0.0
2024-06-14 09:27:00+09:00,4680.0,4680.0,4680.0,4680.0,100,0.0,0.0
2024-06-14 09:28:00+09:00,4685.0,4685.0,4670.0,4670.0,1000,0.0,0.0
2024-06-14 09:29:00+09:00,4670.0,4670.0,4670.0,4670.0,100,0.0,0.0
2024-06-14 09:31:00+09:00,4670.0,4670.0,4670.0,4670.0,400,0.0,0.0
2024-06-14 09:33:00+09:00,4675.0,4675.0,4675.0,4675.0,100,0.0,0.0
2024-06-14 09:34:00+09:00,4670.0,4670.0,4660.0,4660.0,600,0.0,0.0
2024-06-14 09:37:00+09:00,4670.0,4675.0,4670.0,4675.0,600,0.0,0.0
2024-06-14 09:38:00+09:00,4680.0,4685.0,4680.0,4680.0,4200,0.0,0.0
2024-06-14 09:39:00+09:00,4680.0,4690.0,4680.0,4690.0,600,0.0,0.0
2024-06-14 09:40:00+09:00,4685.0,4685.0,4685.0,4685.0,100,0.0,0.0
2024-06-14 09:41:00+09:00,4680.0,4680.0,4680.0,4680.0,400,0.0,0.0
2024-06-14 09:43:00+09:00,4680.0,4680.0,4680.0,4680.0,300,0.0,0.0
2024-06-14 09:44:00+09:00,4680.0,4680.0,4680.0,4680.0,100,0.0,0.0
2024-06-14 09:45:00+09:00,4680.0,4680.0,4680.0,4680.0,100,0.0,0.0
2024-06-14 09:46:00+09:00,4675.0,4675.0,4675.0,4675.0,700,0.0,0.0
2024-06-14 09:48:00+09:00,4665.0,4665.0,4665.0,4665.0,400,0.0,0.0
2024-06-14 09:49:00+09:00,4665.0,4665.0,4665.0,4665.0,100,0.0,0.0
2024-06-14 09:50:00+09:00,4675.0,4675.0,4675.0,4675.0,100,0.0,0.0
2024-06-14 09:51:00+09:00,4675.0,4675.0,4675.0,4675.0,200,0.0,0.0
2024-06-14 09:52:00+09:00,4680.0,4680.0,4680.0,4680.0,300,0.0,0.0
2024-06-14 09:53:00+09:00,4680.0,4680.0,4680.0,4680.0,300,0.0,0.0
2024-06-14 09:55:00+09:00,4675.0,4675.0,4675.0,4675.0,200,0.0,0.0
2024-06-14 09:56:00+09:00,4675.0,4675.0,4675.0,4675.0,200,0.0,0.0
2024-06-14 09:57:00+09:00,4680.0,4680.0,4680.0,4680.0,0,0.0,0.0
2024-06-14 10:00:00+09:00,4675.0,4675.0,4670.0,4670.0,50700,0.0,0.0
2024-06-14 10:02:00+09:00,4675.0,4675.0,4675.0,4675.0,200,0.0,0.0
2024-06-14 10:04:00+09:00,4680.0,4680.0,4680.0,4680.0,200,0.0,0.0
2024-06-14 10:06:00+09:00,4680.0,4680.0,4680.0,4680.0,100,0.0,0.0
2024-06-14 10:07:00+09:00,4680.0,4685.0,4680.0,4685.0,700,0.0,0.0
2024-06-14 10:08:00+09:00,4685.0,4685.0,4685.0,4685.0,200,0.0,0.0
2024-06-14 10:10:00+09:00,4685.0,4685.0,4685.0,4685.0,200,0.0,0.0
2024-06-14 10:12:00+09:00,4685.0,4685.0,4685.0,4685.0,200,0.0,0.0
2024-06-14 10:15:00+09:00,4690.0,4690.0,4690.0,4690.0,800,0.0,0.0
2024-06-14 10:16:00+09:00,4685.0,4685.0,4685.0,4685.0,200,0.0,0.0
2024-06-14 10:20:00+09:00,4695.0,4695.0,4695.0,4695.0,100,0.0,0.0
2024-06-14 10:21:00+09:00,4690.0,4690.0,4690.0,4690.0,600,0.0,0.0
2024-06-14 10:22:00+09:00,4685.0,4685.0,4685.0,4685.0,200,0.0,0.0
2024-06-14 10:23:00+09:00,4685.0,4685.0,4685.0,4685.0,200,0.0,0.0
2024-06-14 10:26:00+09:00,4690.0,4690.0,4690.0,4690.0,100,0.0,0.0
2024-06-14 10:28:00+09:00,4695.0,4695.0,4695.0,4695.0,100,0.0,0.0
2024-06-14 10:29:00+09:00,4695.0,4700.0,4695.0,4700.0,2900,0.0,0.0
2024-06-14 10:30:00+09:00,4705.0,4710.0,4705.0,4710.0,600,0.0,0.0
2024-06-14 10:31:00+09:00,4710.0,4715.0,4710.0,4715.0,700,0.0,0.0
2024-06-14 10:32:00+09:00,4710.0,4710.0,4710.0,4710.0,800,0.0,0.0
2024-06-14 10:34:00+09:00,4710.0,4710.0,4710.0,4710.0,300,0.0,0.0
2024-06-14 10:37:00+09:00,4705.0,4710.0,4705.0,4710.0,200,0.0,0.0
2024-06-14 10:38:00+09:00,4715.0,4715.0,4710.0,4710.0,500,0.0,0.0
2024-06-14 10:40:00+09:00,4705.0,4705.0,4705.0,4705.0,100,0.0,0.0
2024-06-14 10:44:00+09:00,4710.0,4710.0,4710.0,4710.0,100,0.0,0.0
2024-06-14 10:45:00+09:00,4715.0,4715.0,4715.0,4715.0,100,0.0,0.0
2024-06-14 10:46:00+09:00,4715.0,4715.0,4715.0,4715.0,500,0.0,0.0
2024-06-14 10:47:00+09:00,4715.0,4715.0,4715.0,4715.0,100,0.0,0.0
2024-06-14 10:49:00+09:00,4710.0,4710.0,4700.0,4700.0,1000,0.0,0.0
2024-06-14 10:50:00+09:00,4710.0,4710.0,4710.0,4710.0,100,0.0,0.0
2024-06-14 10:51:00+09:00,4710.0,4710.0,4710.0,4710.0,200,0.0,0.0
2024-06-14 10:59:00+09:00,4710.0,4710.0,4710.0,4710.0,300,0.0,0.0
2024-06-14 11:02:00+09:00,4715.0,4715.0,4705.0,4705.0,1000,0.0,0.0
2024-06-14 11:06:00+09:00,4705.0,4710.0,4705.0,4710.0,800,0.0,0.0
2024-06-14 11:08:00+09:00,4715.0,4715.0,4710.0,4715.0,500,0.0,0.0
2024-06-14 11:09:00+09:00,4715.0,4715.0,4710.0,4710.0,500,0.0,0.0
2024-06-14 11:15:00+09:00,4715.0,4715.0,4710.0,4710.0,500,0.0,0.0
2024-06-14 11:17:00+09:00,4715.0,4715.0,4715.0,4715.0,100,0.0,0.0
2024-06-14 11:19:00+09:00,4715.0,4715.0,4715.0,4715.0,200,0.0,0.0
2024-06-14 11:20:00+09:00,4715.0,4715.0,4715.0,4715.0,200,0.0,0.0
2024-06-14 11:23:00+09:00,4715.0,4720.0,4715.0,4720.0,400,0.0,0.0
2024-06-14 11:24:00+09:00,4715.0,4715.0,4715.0,4715.0,100,0.0,0.0
2024-06-14 11:25:00+09:00,4715.0,4715.0,4715.0,4715.0,500,0.0,0.0
2024-06-14 11:26:00+09:00,4710.0,4710.0,4700.0,4700.0,3200,0.0,0.0
2024-06-14 11:27:00+09:00,4700.0,4700.0,4700.0,4700.0,100,0.0,0.0
2024-06-14 11:28:00+09:00,4705.0,4705.0,4705.0,4705.0,100,0.0,0.0
2024-06-14 11:29:00+09:00,4705.0,4705.0,4700.0,4700.0,200,0.0,0.0
2024-06-14 11:30:00+09:00,4710.0,4710.0,4710.0,4710.0,400,0.0,0.0
2024-06-14 11:35:00+09:00,4710.0,4710.0,4710.0,4710.0,0,0.0,0.0
2024-06-14 12:30:00+09:00,4720.0,4725.0,4715.0,4720.0,75900,0.0,0.0
2024-06-14 12:31:00+09:00,4720.0,4720.0,4720.0,4720.0,400,0.0,0.0
2024-06-14 12:33:00+09:00,4725.0,4725.0,4720.0,4720.0,300,0.0,0.0
2024-06-14 12:34:00+09:00,4715.0,4720.0,4715.0,4715.0,400,0.0,0.0
2024-06-14 12:35:00+09:00,4710.0,4710.0,4710.0,4710.0,100,0.0,0.0
2024-06-14 12:36:00+09:00,4710.0,4710.0,4710.0,4710.0,600,0.0,0.0
2024-06-14 12:37:00+09:00,4710.0,4710.0,4710.0,4710.0,100,0.0,0.0
2024-06-14 12:38:00+09:00,4715.0,4715.0,4715.0,4715.0,200,0.0,0.0
2024-06-14 12:39:00+09:00,4715.0,4715.0,4715.0,4715.0,100,0.0,0.0
2024-06-14 12:40:00+09:00,4720.0,4720.0,4720.0,4720.0,300,0.0,0.0
2024-06-14 12:41:00+09:00,4715.0,4715.0,4715.0,4715.0,0,0.0,0.0
2024-06-14 12:44:00+09:00,4715.0,4715.0,4715.0,4715.0,79400,0.0,0.0
2024-06-14 12:46:00+09:00,4720.0,4720.0,4720.0,4720.0,600,0.0,0.0
2024-06-14 12:47:00+09:00,4720.0,4720.0,4715.0,4715.0,400,0.0,0.0
2024-06-14 12:50:00+09:00,4715.0,4715.0,4715.0,4715.0,200,0.0,0.0
2024-06-14 12:51:00+09:00,4715.0,4715.0,4715.0,4715.0,500,0.0,0.0
2024-06-14 12:53:00+09:00,4715.0,4715.0,4715.0,4715.0,100,0.0,0.0
2024-06-14 12:56:00+09:00,4715.0,4715.0,4715.0,4715.0,500,0.0,0.0
2024-06-14 12:58:00+09:00,4715.0,4720.0,4715.0,4720.0,700,0.0,0.0
2024-06-14 13:08:00+09:00,4715.0,4715.0,4715.0,4715.0,300,0.0,0.0
2024-06-14 13:10:00+09:00,4715.0,4715.0,4715.0,4715.0,200,0.0,0.0
2024-06-14 13:11:00+09:00,4715.0,4715.0,4715.0,4715.0,200,0.0,0.0
2024-06-14 13:16:00+09:00,4715.0,4715.0,4715.0,4715.0,100,0.0,0.0
2024-06-14 13:18:00+09:00,4715.0,4715.0,4715.0,4715.0,100,0.0,0.0
2024-06-14 13:20:00+09:00,4710.0,4710.0,4710.0,4710.0,100,0.0,0.0
2024-06-14 13:22:00+09:00,4710.0,4710.0,4710.0,4710.0,300,0.0,0.0
2024-06-14 13:25:00+09:00,4710.0,4710.0,4710.0,4710.0,200,0.0,0.0
2024-06-14 13:27:00+09:00,4715.0,4715.0,4715.0,4715.0,100,0.0,0.0
2024-06-14 13:32:00+09:00,4715.0,4720.0,4715.0,4720.0,3500,0.0,0.0
2024-06-14 13:34:00+09:00,4725.0,4725.0,4725.0,4725.0,100,0.0,0.0
2024-06-14 13:35:00+09:00,4725.0,4725.0,4725.0,4725.0,100,0.0,0.0
2024-06-14 13:36:00+09:00,4725.0,4725.0,4725.0,4725.0,200,0.0,0.0
2024-06-14 13:37:00+09:00,4725.0,4725.0,4725.0,4725.0,200,0.0,0.0
2024-06-14 13:39:00+09:00,4725.0,4725.0,4725.0,4725.0,100,0.0,0.0
2024-06-14 13:40:00+09:00,4725.0,4725.0,4725.0,4725.0,100,0.0,0.0
2024-06-14 13:41:00+09:00,4725.0,4725.0,4725.0,4725.0,700,0.0,0.0
2024-06-14 13:44:00+09:00,4720.0,4720.0,4720.0,4720.0,500,0.0,0.0
2024-06-14 13:45:00+09:00,4715.0,4715.0,4715.0,4715.0,400,0.0,0.0
2024-06-14 13:46:00+09:00,4720.0,4720.0,4720.0,4720.0,200,0.0,0.0
2024-06-14 13:48:00+09:00,4720.0,4720.0,4720.0,4720.0,100,0.0,0.0
2024-06-14 13:52:00+09:00,4720.0,4720.0,4720.0,4720.0,100,0.0,0.0
2024-06-14 13:53:00+09:00,4720.0,4720.0,4720.0,4720.0,100,0.0,0.0
2024-06-14 13:55:00+09:00,4720.0,4720.0,4720.0,4720.0,100,0.0,0.0
2024-06-14 13:56:00+09:00,4720.0,4720.0,4720.0,4720.0,100,0.0,0.0
2024-06-14 13:57:00+09:00,4720.0,4725.0,4720.0,4720.0,1800,0.0,0.0
2024-06-14 13:59:00+09:00,4720.0,4720.0,4720.0,4720.0,200,0.0,0.0
2024-06-14 14:01:00+09:00,4725.0,4730.0,4725.0,4725.0,700,0.0,0.0
2024-06-14 14:02:00+09:00,4725.0,4725.0,4725.0,4725.0,200,0.0,0.0
2024-06-14 14:03:00+09:00,4725.0,4725.0,4725.0,4725.0,400,0.0,0.0
2024-06-14 14:08:00+09:00,4730.0,4735.0,4730.0,4730.0,3300,0.0,0.0
2024-06-14 14:09:00+09:00,4730.0,4730.0,4730.0,4730.0,900,0.0,0.0
2024-06-14 14:11:00+09:00,4730.0,4730.0,4725.0,4725.0,1200,0.0,0.0
2024-06-14 14:12:00+09:00,4730.0,4730.0,4730.0,4730.0,200,0.0,0.0
2024-06-14 14:14:00+09:00,4730.0,4730.0,4730.0,4730.0,200,0.0,0.0
2024-06-14 14:15:00+09:00,4730.0,4730.0,4730.0,4730.0,300,0.0,0.0
2024-06-14 14:16:00+09:00,4735.0,4735.0,4735.0,4735.0,500,0.0,0.0
2024-06-14 14:26:00+09:00,4735.0,4740.0,4735.0,4740.0,1600,0.0,0.0
2024-06-14 14:27:00+09:00,4740.0,4740.0,4740.0,4740.0,100,0.0,0.0
2024-06-14 14:28:00+09:00,4740.0,4740.0,4740.0,4740.0,100,0.0,0.0
2024-06-14 14:29:00+09:00,4740.0,4740.0,4740.0,4740.0,400,0.0,0.0
2024-06-14 14:30:00+09:00,4740.0,4740.0,4740.0,4740.0,100,0.0,0.0
2024-06-14 14:31:00+09:00,4735.0,4735.0,4730.0,4730.0,1000,0.0,0.0
2024-06-14 14:32:00+09:00,4735.0,4735.0,4735.0,4735.0,100,0.0,0.0
2024-06-14 14:36:00+09:00,4740.0,4740.0,4740.0,4740.0,100,0.0,0.0
2024-06-14 14:37:00+09:00,4740.0,4740.0,4740.0,4740.0,100,0.0,0.0
2024-06-14 14:38:00+09:00,4740.0,4740.0,4740.0,4740.0,100,0.0,0.0
2024-06-14 14:39:00+09:00,4735.0,4735.0,4735.0,4735.0,200,0.0,0.0
2024-06-14 14:43:00+09:00,4740.0,4740.0,4740.0,4740.0,700,0.0,0.0
2024-06-14 14:44:00+09:00,4740.0,4740.0,4740.0,4740.0,400,0.0,0.0
2024-06-14 14:45:00+09:00,4740.0,4745.0,4740.0,4745.0,200,0.0,0.0
2024-06-14 14:46:00+09:00,4740.0,4740.0,4740.0,4740.0,500,0.0,0.0
2024-06-14 14:47:00+09:00,4735.0,4735.0,4735.0,4735.0,100,0.0,0.0
2024-06-14 14:48:00+09:00,4735.0,4735.0,4735.0,4735.0,100,0.0,0.0
2024-06-14 14:49:00+09:00,4740.0,4740.0,4740.0,4740.0,100,0.0,0.0
2024-06-14 14:50:00+09:00,4740.0,4740.0,4740.0,4740.0,100,0.0,0.0
2024-06-14 14:51:00+09:00,4740.0,4740.0,4740.0,4740.0,300,0.0,0.0
2024-06-14 14:52:00+09:00,4740.0,4740.0,4740.0,4740.0,200,0.0,0.0
2024-06-14 14:53:00+09:00,4740.0,4740.0,4735.0,4740.0,300,0.0,0.0
2024-06-14 14:54:00+09:00,4740.0,4740.0,4740.0,4740.0,800,0.0,0.0
2024-06-14 14:55:00+09:00,4740.0,4740.0,4740.0,4740.0,100,0.0,0.0
2024-06-14 14:56:00+09:00,4740.0,4740.0,4735.0,4740.0,1700,0.0,0.0
2024-06-14 14:57:00+09:00,4740.0,4740.0,4740.0,4740.0,200,0.0,0.0
2024-06-14 14:58:00+09:00,4740.0,4740.0,4740.0,4740.0,100,0.0,0.0
2024-06-14 14:59:00+09:00,4740.0,4750.0,4740.0,4750.0,3000,0.0,0.0
