Datetime,Open,High,Low,Close,Volume,Dividends,Stock Splits
2024-06-10 09:00:00+09:00,4310.0,4341.0,4300.0,4341.0,0,0.0,0.0
2024-06-10 09:01:00+09:00,4345.0,4373.0,4342.0,4373.0,13100,0.0,0.0
2024-06-10 09:02:00+09:00,4374.0,4382.0,4370.0,4381.0,8100,0.0,0.0
2024-06-10 09:03:00+09:00,4381.0,4388.0,4360.0,4362.0,17700,0.0,0.0
2024-06-10 09:04:00+09:00,4365.0,4375.0,4358.0,4375.0,3900,0.0,0.0
2024-06-10 09:05:00+09:00,4375.0,4386.0,4375.0,4378.0,6800,0.0,0.0
2024-06-10 09:06:00+09:00,4377.0,4379.0,4366.0,4369.0,5800,0.0,0.0
2024-06-10 09:07:00+09:00,4365.0,4375.0,4365.0,4371.0,5300,0.0,0.0
2024-06-10 09:08:00+09:00,4372.0,4378.0,4372.0,4377.0,4300,0.0,0.0
2024-06-10 09:09:00+09:00,4372.0,4372.0,4358.0,4360.0,6700,0.0,0.0
2024-06-10 09:10:00+09:00,4361.0,4366.0,4354.0,4362.0,5500,0.0,0.0
2024-06-10 09:11:00+09:00,4363.0,4371.0,4363.0,4370.0,3000,0.0,0.0
2024-06-10 09:12:00+09:00,4370.0,4386.0,4368.0,4386.0,6700,0.0,0.0
2024-06-10 09:13:00+09:00,4384.0,4388.0,4382.0,4382.0,7200,0.0,0.0
2024-06-10 09:14:00+09:00,4383.0,4395.0,4376.0,4392.0,23400,0.0,0.0
2024-06-10 09:15:00+09:00,4398.0,4398.0,4376.0,4376.0,12000,0.0,0.0
2024-06-10 09:16:00+09:00,4375.0,4377.0,4368.0,4368.0,7700,0.0,0.0
2024-06-10 09:17:00+09:00,4370.0,4380.0,4370.0,4380.0,2300,0.0,0.0
2024-06-10 09:18:00+09:00,4382.0,4391.0,4382.0,4390.0,10600,0.0,0.0
2024-06-10 09:19:00+09:00,4387.0,4398.0,4384.0,4391.0,25600,0.0,0.0
2024-06-10 09:20:00+09:00,4390.0,4400.0,4385.0,4397.0,16200,0.0,0.0
2024-06-10 09:21:00+09:00,4400.0,4402.0,4393.0,4398.0,9900,0.0,0.0
2024-06-10 09:22:00+09:00,4400.0,4410.0,4400.0,4410.0,11500,0.0,0.0
2024-06-10 09:23:00+09:00,4414.0,4414.0,4408.0,4409.0,6700,0.0,0.0
2024-06-10 09:24:00+09:00,4407.0,4412.0,4406.0,4408.0,5500,0.0,0.0
2024-06-10 09:25:00+09:00,4409.0,4416.0,4409.0,4413.0,7400,0.0,0.0
2024-06-10 09:26:00+09:00,4413.0,4414.0,4404.0,4407.0,9900,0.0,0.0
2024-06-10 09:27:00+09:00,4406.0,4418.0,4406.0,4412.0,9900,0.0,0.0
2024-06-10 09:28:00+09:00,4412.0,4412.0,4404.0,4404.0,6400,0.0,0.0
2024-06-10 09:29:00+09:00,4403.0,4403.0,4398.0,4400.0,3500,0.0,0.0
2024-06-10 09:30:00+09:00,4401.0,4408.0,4400.0,4408.0,5700,0.0,0.0
2024-06-10 09:31:00+09:00,4409.0,4413.0,4406.0,4406.0,9800,0.0,0.0
2024-06-10 09:32:00+09:00,4405.0,4405.0,4397.0,4400.0,5800,0.0,0.0
2024-06-10 09:33:00+09:00,4398.0,4405.0,4398.0,4405.0,4000,0.0,0.0
2024-06-10 09:34:00+09:00,4404.0,4404.0,4395.0,4395.0,5700,0.0,0.0
2024-06-10 09:35:00+09:00,4397.0,4401.0,4397.0,4397.0,2500,0.0,0.0
2024-06-10 09:36:00+09:00,4398.0,4399.0,4391.0,4391.0,3700,0.0,0.0
2024-06-10 09:37:00+09:00,4390.0,4391.0,4386.0,4387.0,5600,0.0,0.0
2024-06-10 09:38:00+09:00,4385.0,4387.0,4383.0,4387.0,5300,0.0,0.0
2024-06-10 09:39:00+09:00,4387.0,4388.0,4376.0,4378.0,14700,0.0,0.0
2024-06-10 09:40:00+09:00,4379.0,4380.0,4378.0,4380.0,2300,0.0,0.0
2024-06-10 09:41:00+09:00,4377.0,4379.0,4375.0,4379.0,4100,0.0,0.0
2024-06-10 09:42:00+09:00,4378.0,4382.0,4377.0,4380.0,4400,0.0,0.0
2024-06-10 09:43:00+09:00,4381.0,4387.0,4381.0,4387.0,2900,0.0,0.0
2024-06-10 09:44:00+09:00,4388.0,4392.0,4387.0,4387.0,5100,0.0,0.0
2024-06-10 09:45:00+09:00,4386.0,4388.0,4382.0,4388.0,4300,0.0,0.0
2024-06-10 09:46:00+09:00,4389.0,4390.0,4386.0,4387.0,2400,0.0,0.0
2024-06-10 09:47:00+09:00,4386.0,4386.0,4380.0,4380.0,3500,0.0,0.0
2024-06-10 09:48:00+09:00,4380.0,4380.0,4373.0,4373.0,4100,0.0,0.0
2024-06-10 09:49:00+09:00,4372.0,4376.0,4370.0,4370.0,5900,0.0,0.0
2024-06-10 09:50:00+09:00,4369.0,4369.0,4360.0,4364.0,5100,0.0,0.0
2024-06-10 09:51:00+09:00,4365.0,4369.0,4364.0,4367.0,3600,0.0,0.0
2024-06-10 09:52:00+09:00,4368.0,4371.0,4368.0,4369.0,2400,0.0,0.0
2024-06-10 09:53:00+09:00,4368.0,4368.0,4366.0,4366.0,2200,0.0,0.0
2024-06-10 09:54:00+09:00,4366.0,4366.0,4364.0,4364.0,1500,0.0,0.0
2024-06-10 09:55:00+09:00,4364.0,4367.0,4356.0,4356.0,4800,0.0,0.0
2024-06-10 09:56:00+09:00,4355.0,4356.0,4353.0,4353.0,5200,0.0,0.0
2024-06-10 09:57:00+09:00,4352.0,4354.0,4351.0,4351.0,2100,0.0,0.0
2024-06-10 09:58:00+09:00,4351.0,4353.0,4350.0,4351.0,5300,0.0,0.0
2024-06-10 09:59:00+09:00,4351.0,4352.0,4347.0,4352.0,5800,0.0,0.0
2024-06-10 10:00:00+09:00,4353.0,4360.0,4353.0,4360.0,3300,0.0,0.0
2024-06-10 10:01:00+09:00,4358.0,4361.0,4356.0,4361.0,2900,0.0,0.0
2024-06-10 10:02:00+09:00,4362.0,4370.0,4362.0,4369.0,2300,0.0,0.0
2024-06-10 10:03:00+09:00,4368.0,4368.0,4360.0,4360.0,4200,0.0,0.0
2024-06-10 10:04:00+09:00,4360.0,4362.0,4358.0,4360.0,4200,0.0,0.0
2024-06-10 10:05:00+09:00,4359.0,4361.0,4358.0,4361.0,1600,0.0,0.0
2024-06-10 10:06:00+09:00,4360.0,4360.0,4359.0,4359.0,1500,0.0,0.0
2024-06-10 10:07:00+09:00,4360.0,4363.0,4360.0,4363.0,1400,0.0,0.0
2024-06-10 10:08:00+09:00,4362.0,4363.0,4362.0,4363.0,1300,0.0,0.0
2024-06-10 10:09:00+09:00,4362.0,4367.0,4362.0,4366.0,2400,0.0,0.0
2024-06-10 10:10:00+09:00,4368.0,4370.0,4365.0,4365.0,4500,0.0,0.0
2024-06-10 10:11:00+09:00,4364.0,4365.0,4362.0,4365.0,1500,0.0,0.0
2024-06-10 10:12:00+09:00,4366.0,4366.0,4365.0,4365.0,1000,0.0,0.0
2024-06-10 10:13:00+09:00,4366.0,4366.0,4363.0,4363.0,1900,0.0,0.0
2024-06-10 10:14:00+09:00,4363.0,4363.0,4362.0,4363.0,1400,0.0,0.0
2024-06-10 10:15:00+09:00,4364.0,4365.0,4364.0,4365.0,600,0.0,0.0
2024-06-10 10:16:00+09:00,4365.0,4367.0,4365.0,4367.0,2200,0.0,0.0
2024-06-10 10:17:00+09:00,4368.0,4370.0,4368.0,4369.0,2700,0.0,0.0
2024-06-10 10:18:00+09:00,4370.0,4371.0,4368.0,4368.0,3400,0.0,0.0
2024-06-10 10:19:00+09:00,4368.0,4368.0,4368.0,4368.0,300,0.0,0.0
2024-06-10 10:20:00+09:00,4368.0,4368.0,4362.0,4363.0,4000,0.0,0.0
2024-06-10 10:21:00+09:00,4363.0,4363.0,4362.0,4362.0,1000,0.0,0.0
2024-06-10 10:22:00+09:00,4363.0,4363.0,4363.0,4363.0,600,0.0,0.0
2024-06-10 10:23:00+09:00,4364.0,4366.0,4363.0,4366.0,2500,0.0,0.0
2024-06-10 10:24:00+09:00,4367.0,4367.0,4367.0,4367.0,800,0.0,0.0
2024-06-10 10:25:00+09:00,4366.0,4366.0,4364.0,4365.0,2500,0.0,0.0
2024-06-10 10:26:00+09:00,4366.0,4367.0,4366.0,4367.0,700,0.0,0.0
2024-06-10 10:27:00+09:00,4366.0,4368.0,4366.0,4368.0,1600,0.0,0.0
2024-06-10 10:28:00+09:00,4368.0,4370.0,4367.0,4367.0,3400,0.0,0.0
2024-06-10 10:29:00+09:00,4367.0,4367.0,4364.0,4364.0,2000,0.0,0.0
2024-06-10 10:30:00+09:00,4364.0,4364.0,4364.0,4364.0,600,0.0,0.0
2024-06-10 10:31:00+09:00,4364.0,4368.0,4364.0,4368.0,2500,0.0,0.0
2024-06-10 10:32:00+09:00,4368.0,4369.0,4368.0,4369.0,300,0.0,0.0
2024-06-10 10:33:00+09:00,4369.0,4370.0,4367.0,4367.0,2900,0.0,0.0
2024-06-10 10:34:00+09:00,4368.0,4368.0,4365.0,4365.0,2700,0.0,0.0
2024-06-10 10:35:00+09:00,4365.0,4365.0,4361.0,4361.0,2000,0.0,0.0
2024-06-10 10:36:00+09:00,4360.0,4364.0,4360.0,4364.0,2800,0.0,0.0
2024-06-10 10:37:00+09:00,4364.0,4365.0,4361.0,4361.0,6500,0.0,0.0
2024-06-10 10:38:00+09:00,4361.0,4362.0,4355.0,4356.0,3700,0.0,0.0
2024-06-10 10:39:00+09:00,4354.0,4356.0,4353.0,4356.0,1700,0.0,0.0
2024-06-10 10:40:00+09:00,4354.0,4354.0,4348.0,4351.0,2400,0.0,0.0
2024-06-10 10:41:00+09:00,4352.0,4355.0,4350.0,4350.0,4200,0.0,0.0
2024-06-10 10:42:00+09:00,4351.0,4351.0,4350.0,4350.0,400,0.0,0.0
2024-06-10 10:43:00+09:00,4351.0,4353.0,4351.0,4351.0,2600,0.0,0.0
2024-06-10 10:44:00+09:00,4350.0,4350.0,4348.0,4350.0,2400,0.0,0.0
2024-06-10 10:45:00+09:00,4351.0,4351.0,4350.0,4350.0,1300,0.0,0.0
2024-06-10 10:46:00+09:00,4350.0,4353.0,4350.0,4351.0,2600,0.0,0.0
2024-06-10 10:47:00+09:00,4352.0,4353.0,4352.0,4352.0,700,0.0,0.0
2024-06-10 10:48:00+09:00,4353.0,4353.0,4345.0,4345.0,8400,0.0,0.0
2024-06-10 10:49:00+09:00,4346.0,4346.0,4341.0,4341.0,1300,0.0,0.0
2024-06-10 10:50:00+09:00,4341.0,4341.0,4338.0,4339.0,1600,0.0,0.0
2024-06-10 10:51:00+09:00,4337.0,4338.0,4337.0,4338.0,700,0.0,0.0
2024-06-10 10:52:00+09:00,4337.0,4341.0,4337.0,4341.0,2200,0.0,0.0
2024-06-10 10:53:00+09:00,4342.0,4342.0,4337.0,4337.0,2100,0.0,0.0
2024-06-10 10:54:00+09:00,4336.0,4336.0,4333.0,4335.0,4700,0.0,0.0
2024-06-10 10:55:00+09:00,4335.0,4335.0,4330.0,4332.0,2900,0.0,0.0
2024-06-10 10:56:00+09:00,4331.0,4332.0,4331.0,4332.0,600,0.0,0.0
2024-06-10 10:57:00+09:00,4332.0,4336.0,4332.0,4336.0,1500,0.0,0.0
2024-06-10 10:58:00+09:00,4335.0,4335.0,4334.0,4334.0,1300,0.0,0.0
2024-06-10 10:59:00+09:00,4335.0,4336.0,4335.0,4336.0,500,0.0,0.0
2024-06-10 11:00:00+09:00,4335.0,4337.0,4334.0,4337.0,2200,0.0,0.0
2024-06-10 11:01:00+09:00,4335.0,4336.0,4334.0,4336.0,2100,0.0,0.0
2024-06-10 11:02:00+09:00,4336.0,4340.0,4336.0,4340.0,2400,0.0,0.0
2024-06-10 11:03:00+09:00,4341.0,4342.0,4338.0,4338.0,1800,0.0,0.0
2024-06-10 11:04:00+09:00,4338.0,4339.0,4338.0,4339.0,500,0.0,0.0
2024-06-10 11:05:00+09:00,4340.0,4342.0,4340.0,4340.0,2800,0.0,0.0
2024-06-10 11:06:00+09:00,4341.0,4343.0,4341.0,4343.0,1500,0.0,0.0
2024-06-10 11:07:00+09:00,4344.0,4345.0,4341.0,4341.0,3500,0.0,0.0
2024-06-10 11:08:00+09:00,4340.0,4340.0,4339.0,4339.0,600,0.0,0.0
2024-06-10 11:09:00+09:00,4338.0,4339.0,4338.0,4339.0,900,0.0,0.0
2024-06-10 11:10:00+09:00,4340.0,4340.0,4339.0,4339.0,1600,0.0,0.0
2024-06-10 11:11:00+09:00,4340.0,4340.0,4337.0,4338.0,1300,0.0,0.0
2024-06-10 11:12:00+09:00,4336.0,4336.0,4327.0,4327.0,2400,0.0,0.0
2024-06-10 11:13:00+09:00,4327.0,4327.0,4327.0,4327.0,100,0.0,0.0
2024-06-10 11:14:00+09:00,4327.0,4328.0,4327.0,4328.0,1900,0.0,0.0
2024-06-10 11:15:00+09:00,4329.0,4329.0,4329.0,4329.0,200,0.0,0.0
2024-06-10 11:16:00+09:00,4329.0,4331.0,4329.0,4331.0,2100,0.0,0.0
2024-06-10 11:17:00+09:00,4332.0,4333.0,4332.0,4333.0,1600,0.0,0.0
2024-06-10 11:18:00+09:00,4333.0,4333.0,4333.0,4333.0,1300,0.0,0.0
2024-06-10 11:19:00+09:00,4334.0,4334.0,4332.0,4332.0,2000,0.0,0.0
2024-06-10 11:20:00+09:00,4331.0,4332.0,4331.0,4332.0,400,0.0,0.0
2024-06-10 11:21:00+09:00,4332.0,4333.0,4330.0,4330.0,900,0.0,0.0
2024-06-10 11:22:00+09:00,4330.0,4330.0,4327.0,4327.0,1700,0.0,0.0
2024-06-10 11:23:00+09:00,4326.0,4330.0,4326.0,4330.0,1200,0.0,0.0
2024-06-10 11:25:00+09:00,4328.0,4329.0,4328.0,4329.0,1100,0.0,0.0
2024-06-10 11:26:00+09:00,4329.0,4329.0,4329.0,4329.0,100,0.0,0.0
2024-06-10 11:27:00+09:00,4329.0,4333.0,4329.0,4333.0,5900,0.0,0.0
2024-06-10 11:28:00+09:00,4332.0,4332.0,4330.0,4330.0,1300,0.0,0.0
2024-06-10 11:29:00+09:00,4328.0,4331.0,4328.0,4331.0,1900,0.0,0.0
2024-06-10 11:30:00+09:00,4327.0,4327.0,4327.0,4327.0,300,0.0,0.0
2024-06-10 11:35:00+09:00,4327.0,4327.0,4327.0,4327.0,0,0.0,0.0
2024-06-10 12:30:00+09:00,4347.0,4347.0,4338.0,4342.0,630200,0.0,0.0
2024-06-10 12:31:00+09:00,4343.0,4344.0,4338.0,4342.0,1800,0.0,0.0
2024-06-10 12:32:00+09:00,4342.0,4344.0,4342.0,4344.0,1000,0.0,0.0
2024-06-10 12:33:00+09:00,4345.0,4349.0,4342.0,4342.0,7900,0.0,0.0
2024-06-10 12:34:00+09:00,4340.0,4340.0,4331.0,4332.0,2900,0.0,0.0
2024-06-10 12:35:00+09:00,4332.0,4333.0,4332.0,4332.0,1200,0.0,0.0
2024-06-10 12:36:00+09:00,4332.0,4332.0,4328.0,4328.0,4600,0.0,0.0
2024-06-10 12:37:00+09:00,4328.0,4329.0,4328.0,4328.0,1000,0.0,0.0
2024-06-10 12:38:00+09:00,4328.0,4329.0,4328.0,4329.0,800,0.0,0.0
2024-06-10 12:39:00+09:00,4330.0,4332.0,4330.0,4330.0,4400,0.0,0.0
2024-06-10 12:40:00+09:00,4330.0,4331.0,4329.0,4329.0,2600,0.0,0.0
2024-06-10 12:41:00+09:00,4328.0,4328.0,4322.0,4322.0,3100,0.0,0.0
2024-06-10 12:42:00+09:00,4322.0,4322.0,4322.0,4322.0,700,0.0,0.0
2024-06-10 12:43:00+09:00,4322.0,4322.0,4322.0,4322.0,1200,0.0,0.0
2024-06-10 12:44:00+09:00,4323.0,4323.0,4323.0,4323.0,800,0.0,0.0
2024-06-10 12:45:00+09:00,4324.0,4326.0,4323.0,4326.0,1600,0.0,0.0
2024-06-10 12:46:00+09:00,4327.0,4327.0,4327.0,4327.0,500,0.0,0.0
2024-06-10 12:47:00+09:00,4327.0,4327.0,4324.0,4325.0,3500,0.0,0.0
2024-06-10 12:48:00+09:00,4326.0,4326.0,4326.0,4326.0,300,0.0,0.0
2024-06-10 12:49:00+09:00,4325.0,4326.0,4325.0,4326.0,1300,0.0,0.0
2024-06-10 12:50:00+09:00,4327.0,4329.0,4327.0,4329.0,1300,0.0,0.0
2024-06-10 12:51:00+09:00,4329.0,4329.0,4328.0,4329.0,700,0.0,0.0
2024-06-10 12:52:00+09:00,4329.0,4329.0,4327.0,4328.0,2400,0.0,0.0
2024-06-10 12:53:00+09:00,4328.0,4329.0,4328.0,4328.0,1100,0.0,0.0
2024-06-10 12:54:00+09:00,4328.0,4328.0,4328.0,4328.0,400,0.0,0.0
2024-06-10 12:55:00+09:00,4329.0,4332.0,4329.0,4332.0,2100,0.0,0.0
2024-06-10 12:56:00+09:00,4333.0,4335.0,4333.0,4335.0,1400,0.0,0.0
2024-06-10 12:57:00+09:00,4335.0,4337.0,4335.0,4336.0,2100,0.0,0.0
2024-06-10 12:58:00+09:00,4336.0,4336.0,4330.0,4332.0,5800,0.0,0.0
2024-06-10 12:59:00+09:00,4330.0,4331.0,4329.0,4331.0,1100,0.0,0.0
2024-06-10 13:00:00+09:00,4332.0,4332.0,4328.0,4328.0,2400,0.0,0.0
2024-06-10 13:01:00+09:00,4328.0,4328.0,4327.0,4327.0,200,0.0,0.0
2024-06-10 13:02:00+09:00,4327.0,4327.0,4327.0,4327.0,200,0.0,0.0
2024-06-10 13:03:00+09:00,4326.0,4328.0,4326.0,4328.0,800,0.0,0.0
2024-06-10 13:05:00+09:00,4327.0,4327.0,4319.0,4319.0,7900,0.0,0.0
2024-06-10 13:06:00+09:00,4318.0,4320.0,4318.0,4320.0,2000,0.0,0.0
2024-06-10 13:07:00+09:00,4319.0,4319.0,4319.0,4319.0,200,0.0,0.0
2024-06-10 13:08:00+09:00,4319.0,4319.0,4319.0,4319.0,100,0.0,0.0
2024-06-10 13:09:00+09:00,4318.0,4318.0,4318.0,4318.0,200,0.0,0.0
2024-06-10 13:10:00+09:00,4318.0,4318.0,4316.0,4317.0,3300,0.0,0.0
2024-06-10 13:11:00+09:00,4317.0,4317.0,4317.0,4317.0,400,0.0,0.0
2024-06-10 13:12:00+09:00,4318.0,4318.0,4318.0,4318.0,500,0.0,0.0
2024-06-10 13:13:00+09:00,4319.0,4320.0,4319.0,4319.0,1200,0.0,0.0
2024-06-10 13:14:00+09:00,4320.0,4320.0,4320.0,4320.0,600,0.0,0.0
2024-06-10 13:15:00+09:00,4320.0,4320.0,4317.0,4317.0,2600,0.0,0.0
2024-06-10 13:16:00+09:00,4317.0,4317.0,4317.0,4317.0,700,0.0,0.0
2024-06-10 13:17:00+09:00,4317.0,4318.0,4317.0,4318.0,900,0.0,0.0
2024-06-10 13:18:00+09:00,4318.0,4318.0,4318.0,4318.0,100,0.0,0.0
2024-06-10 13:19:00+09:00,4318.0,4318.0,4316.0,4317.0,1300,0.0,0.0
2024-06-10 13:21:00+09:00,4316.0,4317.0,4315.0,4317.0,2500,0.0,0.0
2024-06-10 13:22:00+09:00,4318.0,4318.0,4318.0,4318.0,100,0.0,0.0
2024-06-10 13:23:00+09:00,4318.0,4319.0,4318.0,4318.0,1200,0.0,0.0
2024-06-10 13:24:00+09:00,4318.0,4318.0,4318.0,4318.0,300,0.0,0.0
2024-06-10 13:25:00+09:00,4318.0,4318.0,4317.0,4317.0,900,0.0,0.0
2024-06-10 13:26:00+09:00,4316.0,4317.0,4315.0,4316.0,2100,0.0,0.0
2024-06-10 13:27:00+09:00,4317.0,4318.0,4317.0,4318.0,1000,0.0,0.0
2024-06-10 13:28:00+09:00,4318.0,4318.0,4318.0,4318.0,200,0.0,0.0
2024-06-10 13:29:00+09:00,4318.0,4318.0,4318.0,4318.0,100,0.0,0.0
2024-06-10 13:30:00+09:00,4317.0,4317.0,4316.0,4316.0,700,0.0,0.0
2024-06-10 13:31:00+09:00,4316.0,4316.0,4315.0,4316.0,800,0.0,0.0
2024-06-10 13:32:00+09:00,4316.0,4317.0,4316.0,4317.0,1000,0.0,0.0
2024-06-10 13:33:00+09:00,4318.0,4320.0,4318.0,4318.0,6800,0.0,0.0
2024-06-10 13:34:00+09:00,4318.0,4318.0,4318.0,4318.0,300,0.0,0.0
2024-06-10 13:35:00+09:00,4318.0,4318.0,4315.0,4317.0,4600,0.0,0.0
2024-06-10 13:36:00+09:00,4317.0,4317.0,4316.0,4317.0,600,0.0,0.0
2024-06-10 13:37:00+09:00,4316.0,4316.0,4316.0,4316.0,100,0.0,0.0
2024-06-10 13:38:00+09:00,4317.0,4317.0,4317.0,4317.0,600,0.0,0.0
2024-06-10 13:39:00+09:00,4317.0,4318.0,4317.0,4318.0,400,0.0,0.0
2024-06-10 13:40:00+09:00,4318.0,4318.0,4317.0,4317.0,1400,0.0,0.0
2024-06-10 13:41:00+09:00,4319.0,4319.0,4319.0,4319.0,1100,0.0,0.0
2024-06-10 13:42:00+09:00,4318.0,4318.0,4318.0,4318.0,800,0.0,0.0
2024-06-10 13:43:00+09:00,4318.0,4319.0,4318.0,4319.0,600,0.0,0.0
2024-06-10 13:44:00+09:00,4319.0,4320.0,4319.0,4319.0,900,0.0,0.0
2024-06-10 13:45:00+09:00,4320.0,4320.0,4318.0,4318.0,4700,0.0,0.0
2024-06-10 13:46:00+09:00,4319.0,4319.0,4317.0,4317.0,1900,0.0,0.0
2024-06-10 13:47:00+09:00,4318.0,4319.0,4318.0,4319.0,600,0.0,0.0
2024-06-10 13:48:00+09:00,4320.0,4320.0,4320.0,4320.0,3200,0.0,0.0
2024-06-10 13:49:00+09:00,4320.0,4323.0,4320.0,4323.0,19500,0.0,0.0
2024-06-10 13:50:00+09:00,4323.0,4323.0,4322.0,4322.0,500,0.0,0.0
2024-06-10 13:51:00+09:00,4322.0,4323.0,4322.0,4323.0,2700,0.0,0.0
2024-06-10 13:52:00+09:00,4323.0,4325.0,4323.0,4325.0,2100,0.0,0.0
2024-06-10 13:53:00+09:00,4326.0,4329.0,4326.0,4328.0,3600,0.0,0.0
2024-06-10 13:54:00+09:00,4327.0,4327.0,4326.0,4327.0,2600,0.0,0.0
2024-06-10 13:55:00+09:00,4326.0,4337.0,4326.0,4337.0,11800,0.0,0.0
2024-06-10 13:56:00+09:00,4338.0,4339.0,4335.0,4335.0,3600,0.0,0.0
2024-06-10 13:57:00+09:00,4335.0,4335.0,4331.0,4331.0,1500,0.0,0.0
2024-06-10 13:58:00+09:00,4331.0,4337.0,4331.0,4337.0,4900,0.0,0.0
2024-06-10 13:59:00+09:00,4339.0,4344.0,4339.0,4344.0,1000,0.0,0.0
2024-06-10 14:00:00+09:00,4342.0,4342.0,4340.0,4340.0,1300,0.0,0.0
2024-06-10 14:01:00+09:00,4341.0,4342.0,4340.0,4341.0,1100,0.0,0.0
2024-06-10 14:02:00+09:00,4343.0,4343.0,4341.0,4342.0,1300,0.0,0.0
2024-06-10 14:03:00+09:00,4341.0,4343.0,4341.0,4343.0,1900,0.0,0.0
2024-06-10 14:04:00+09:00,4343.0,4343.0,4343.0,4343.0,300,0.0,0.0
2024-06-10 14:05:00+09:00,4342.0,4347.0,4342.0,4346.0,3100,0.0,0.0
2024-06-10 14:06:00+09:00,4346.0,4349.0,4346.0,4349.0,900,0.0,0.0
2024-06-10 14:07:00+09:00,4349.0,4349.0,4347.0,4349.0,1000,0.0,0.0
2024-06-10 14:08:00+09:00,4347.0,4350.0,4347.0,4350.0,2100,0.0,0.0
2024-06-10 14:09:00+09:00,4349.0,4351.0,4348.0,4351.0,2600,0.0,0.0
2024-06-10 14:10:00+09:00,4352.0,4352.0,4352.0,4352.0,400,0.0,0.0
2024-06-10 14:11:00+09:00,4352.0,4352.0,4352.0,4352.0,200,0.0,0.0
2024-06-10 14:12:00+09:00,4352.0,4352.0,4352.0,4352.0,800,0.0,0.0
2024-06-10 14:13:00+09:00,4351.0,4351.0,4346.0,4346.0,3800,0.0,0.0
2024-06-10 14:14:00+09:00,4346.0,4346.0,4346.0,4346.0,300,0.0,0.0
2024-06-10 14:15:00+09:00,4346.0,4347.0,4342.0,4345.0,4600,0.0,0.0
2024-06-10 14:16:00+09:00,4345.0,4346.0,4345.0,4346.0,600,0.0,0.0
2024-06-10 14:17:00+09:00,4347.0,4360.0,4347.0,4353.0,28900,0.0,0.0
2024-06-10 14:18:00+09:00,4354.0,4354.0,4354.0,4354.0,100,0.0,0.0
2024-06-10 14:19:00+09:00,4356.0,4356.0,4356.0,4356.0,100,0.0,0.0
2024-06-10 14:20:00+09:00,4355.0,4359.0,4355.0,4359.0,3700,0.0,0.0
2024-06-10 14:21:00+09:00,4360.0,4360.0,4356.0,4356.0,2600,0.0,0.0
2024-06-10 14:22:00+09:00,4354.0,4354.0,4350.0,4350.0,2100,0.0,0.0
2024-06-10 14:23:00+09:00,4348.0,4348.0,4345.0,4345.0,500,0.0,0.0
2024-06-10 14:24:00+09:00,4344.0,4344.0,4342.0,4344.0,2400,0.0,0.0
2024-06-10 14:25:00+09:00,4345.0,4345.0,4339.0,4339.0,10700,0.0,0.0
2024-06-10 14:26:00+09:00,4339.0,4340.0,4335.0,4340.0,6800,0.0,0.0
2024-06-10 14:27:00+09:00,4340.0,4340.0,4339.0,4340.0,800,0.0,0.0
2024-06-10 14:28:00+09:00,4340.0,4345.0,4340.0,4345.0,1800,0.0,0.0
2024-06-10 14:29:00+09:00,4344.0,4344.0,4343.0,4343.0,200,0.0,0.0
2024-06-10 14:30:00+09:00,4343.0,4345.0,4343.0,4345.0,1100,0.0,0.0
2024-06-10 14:31:00+09:00,4346.0,4351.0,4346.0,4350.0,4100,0.0,0.0
2024-06-10 14:32:00+09:00,4350.0,4352.0,4350.0,4351.0,1000,0.0,0.0
2024-06-10 14:33:00+09:00,4352.0,4352.0,4350.0,4350.0,1400,0.0,0.0
2024-06-10 14:34:00+09:00,4350.0,4351.0,4350.0,4351.0,400,0.0,0.0
2024-06-10 14:35:00+09:00,4351.0,4352.0,4351.0,4351.0,1000,0.0,0.0
2024-06-10 14:36:00+09:00,4352.0,4352.0,4351.0,4352.0,400,0.0,0.0
2024-06-10 14:37:00+09:00,4352.0,4356.0,4352.0,4353.0,6100,0.0,0.0
2024-06-10 14:38:00+09:00,4353.0,4353.0,4353.0,4353.0,1600,0.0,0.0
2024-06-10 14:39:00+09:00,4353.0,4354.0,4352.0,4353.0,1300,0.0,0.0
2024-06-10 14:40:00+09:00,4353.0,4353.0,4349.0,4350.0,3800,0.0,0.0
2024-06-10 14:41:00+09:00,4349.0,4350.0,4349.0,4349.0,600,0.0,0.0
2024-06-10 14:42:00+09:00,4350.0,4351.0,4348.0,4348.0,3200,0.0,0.0
2024-06-10 14:43:00+09:00,4347.0,4347.0,4345.0,4346.0,900,0.0,0.0
2024-06-10 14:44:00+09:00,4346.0,4347.0,4345.0,4345.0,700,0.0,0.0
2024-06-10 14:45:00+09:00,4346.0,4347.0,4346.0,4347.0,1300,0.0,0.0
2024-06-10 14:46:00+09:00,4347.0,4347.0,4347.0,4347.0,500,0.0,0.0
2024-06-10 14:47:00+09:00,4348.0,4349.0,4346.0,4347.0,2900,0.0,0.0
2024-06-10 14:48:00+09:00,4347.0,4347.0,4345.0,4346.0,3000,0.0,0.0
2024-06-10 14:49:00+09:00,4347.0,4347.0,4347.0,4347.0,900,0.0,0.0
2024-06-10 14:50:00+09:00,4348.0,4349.0,4347.0,4347.0,1800,0.0,0.0
2024-06-10 14:51:00+09:00,4347.0,4349.0,4347.0,4349.0,5000,0.0,0.0
2024-06-10 14:52:00+09:00,4350.0,4351.0,4350.0,4350.0,3000,0.0,0.0
2024-06-10 14:53:00+09:00,4351.0,4352.0,4351.0,4351.0,2600,0.0,0.0
2024-06-10 14:54:00+09:00,4352.0,4352.0,4351.0,4352.0,900,0.0,0.0
2024-06-10 14:55:00+09:00,4352.0,4352.0,4349.0,4350.0,6900,0.0,0.0
2024-06-10 14:56:00+09:00,4350.0,4351.0,4350.0,4350.0,3300,0.0,0.0
2024-06-10 14:57:00+09:00,4349.0,4351.0,4348.0,4348.0,2600,0.0,0.0
2024-06-10 14:58:00+09:00,4348.0,4352.0,4348.0,4349.0,9000,0.0,0.0
2024-06-10 14:59:00+09:00,4348.0,4349.0,4346.0,4348.0,5100,0.0,0.0
2024-06-11 09:00:00+09:00,4339.0,4358.0,4331.0,4358.0,24400,0.0,0.0
2024-06-11 09:01:00+09:00,4354.0,4359.0,4354.0,4359.0,1200,0.0,0.0
2024-06-11 09:02:00+09:00,4358.0,4378.0,4358.0,4378.0,7300,0.0,0.0
2024-06-11 09:03:00+09:00,4374.0,4374.0,4365.0,4367.0,4000,0.0,0.0
2024-06-11 09:04:00+09:00,4366.0,4372.0,4365.0,4370.0,1900,0.0,0.0
2024-06-11 09:05:00+09:00,4372.0,4375.0,4361.0,4367.0,5700,0.0,0.0
2024-06-11 09:06:00+09:00,4366.0,4375.0,4366.0,4370.0,4000,0.0,0.0
2024-06-11 09:07:00+09:00,4368.0,4377.0,4368.0,4371.0,6000,0.0,0.0
2024-06-11 09:08:00+09:00,4370.0,4370.0,4362.0,4365.0,2000,0.0,0.0
2024-06-11 09:09:00+09:00,4363.0,4365.0,4359.0,4359.0,4600,0.0,0.0
2024-06-11 09:10:00+09:00,4359.0,4361.0,4357.0,4359.0,1000,0.0,0.0
2024-06-11 09:11:00+09:00,4358.0,4363.0,4357.0,4361.0,3800,0.0,0.0
2024-06-11 09:12:00+09:00,4362.0,4365.0,4361.0,4361.0,1800,0.0,0.0
2024-06-11 09:13:00+09:00,4362.0,4362.0,4352.0,4352.0,2700,0.0,0.0
2024-06-11 09:14:00+09:00,4351.0,4351.0,4346.0,4347.0,1300,0.0,0.0
2024-06-11 09:15:00+09:00,4348.0,4349.0,4343.0,4347.0,3100,0.0,0.0
2024-06-11 09:16:00+09:00,4350.0,4356.0,4350.0,4356.0,3300,0.0,0.0
2024-06-11 09:17:00+09:00,4357.0,4357.0,4353.0,4355.0,5000,0.0,0.0
2024-06-11 09:18:00+09:00,4355.0,4365.0,4355.0,4365.0,1300,0.0,0.0
2024-06-11 09:19:00+09:00,4365.0,4365.0,4359.0,4359.0,2700,0.0,0.0
2024-06-11 09:20:00+09:00,4357.0,4357.0,4350.0,4350.0,1300,0.0,0.0
2024-06-11 09:21:00+09:00,4350.0,4354.0,4350.0,4354.0,4200,0.0,0.0
2024-06-11 09:22:00+09:00,4354.0,4357.0,4354.0,4356.0,1400,0.0,0.0
2024-06-11 09:23:00+09:00,4356.0,4356.0,4354.0,4354.0,2200,0.0,0.0
2024-06-11 09:24:00+09:00,4352.0,4356.0,4352.0,4356.0,1800,0.0,0.0
2024-06-11 09:25:00+09:00,4357.0,4359.0,4356.0,4357.0,2000,0.0,0.0
2024-06-11 09:26:00+09:00,4356.0,4359.0,4356.0,4358.0,600,0.0,0.0
2024-06-11 09:27:00+09:00,4360.0,4360.0,4355.0,4359.0,4000,0.0,0.0
2024-06-11 09:28:00+09:00,4359.0,4364.0,4359.0,4364.0,1800,0.0,0.0
2024-06-11 09:29:00+09:00,4365.0,4368.0,4363.0,4368.0,2200,0.0,0.0
2024-06-11 09:30:00+09:00,4370.0,4374.0,4370.0,4374.0,4300,0.0,0.0
2024-06-11 09:31:00+09:00,4373.0,4374.0,4372.0,4372.0,2300,0.0,0.0
2024-06-11 09:32:00+09:00,4371.0,4371.0,4364.0,4367.0,3600,0.0,0.0
2024-06-11 09:33:00+09:00,4367.0,4368.0,4366.0,4366.0,1000,0.0,0.0
2024-06-11 09:34:00+09:00,4367.0,4367.0,4362.0,4363.0,1700,0.0,0.0
2024-06-11 09:35:00+09:00,4362.0,4366.0,4362.0,4366.0,1700,0.0,0.0
2024-06-11 09:36:00+09:00,4368.0,4371.0,4368.0,4370.0,2300,0.0,0.0
2024-06-11 09:37:00+09:00,4369.0,4372.0,4369.0,4372.0,1300,0.0,0.0
2024-06-11 09:38:00+09:00,4373.0,4377.0,4373.0,4377.0,2000,0.0,0.0
2024-06-11 09:39:00+09:00,4376.0,4376.0,4371.0,4371.0,4600,0.0,0.0
2024-06-11 09:40:00+09:00,4372.0,4372.0,4370.0,4371.0,800,0.0,0.0
2024-06-11 09:41:00+09:00,4370.0,4370.0,4365.0,4370.0,3000,0.0,0.0
2024-06-11 09:42:00+09:00,4371.0,4372.0,4371.0,4372.0,800,0.0,0.0
2024-06-11 09:43:00+09:00,4372.0,4372.0,4371.0,4371.0,500,0.0,0.0
2024-06-11 09:44:00+09:00,4371.0,4372.0,4371.0,4371.0,600,0.0,0.0
2024-06-11 09:45:00+09:00,4372.0,4377.0,4372.0,4377.0,1800,0.0,0.0
2024-06-11 09:46:00+09:00,4375.0,4376.0,4373.0,4375.0,3000,0.0,0.0
2024-06-11 09:47:00+09:00,4375.0,4376.0,4375.0,4376.0,400,0.0,0.0
2024-06-11 09:48:00+09:00,4377.0,4377.0,4372.0,4372.0,2100,0.0,0.0
2024-06-11 09:49:00+09:00,4371.0,4371.0,4367.0,4367.0,1000,0.0,0.0
2024-06-11 09:50:00+09:00,4364.0,4371.0,4364.0,4371.0,1800,0.0,0.0
2024-06-11 09:51:00+09:00,4372.0,4374.0,4372.0,4373.0,1500,0.0,0.0
2024-06-11 09:52:00+09:00,4374.0,4375.0,4374.0,4375.0,300,0.0,0.0
2024-06-11 09:53:00+09:00,4376.0,4377.0,4376.0,4377.0,600,0.0,0.0
2024-06-11 09:54:00+09:00,4376.0,4376.0,4376.0,4376.0,4800,0.0,0.0
2024-06-11 09:55:00+09:00,4378.0,4381.0,4378.0,4381.0,2200,0.0,0.0
2024-06-11 09:56:00+09:00,4382.0,4383.0,4381.0,4381.0,1900,0.0,0.0
2024-06-11 09:57:00+09:00,4380.0,4380.0,4376.0,4376.0,1300,0.0,0.0
2024-06-11 09:58:00+09:00,4377.0,4378.0,4377.0,4378.0,600,0.0,0.0
2024-06-11 09:59:00+09:00,4377.0,4377.0,4377.0,4377.0,500,0.0,0.0
2024-06-11 10:00:00+09:00,4377.0,4381.0,4377.0,4381.0,2800,0.0,0.0
2024-06-11 10:01:00+09:00,4383.0,4384.0,4382.0,4384.0,2400,0.0,0.0
2024-06-11 10:02:00+09:00,4384.0,4386.0,4383.0,4386.0,4500,0.0,0.0
2024-06-11 10:03:00+09:00,4385.0,4387.0,4383.0,4386.0,4300,0.0,0.0
2024-06-11 10:04:00+09:00,4386.0,4394.0,4385.0,4394.0,4900,0.0,0.0
2024-06-11 10:05:00+09:00,4394.0,4396.0,4393.0,4393.0,3200,0.0,0.0
2024-06-11 10:06:00+09:00,4393.0,4394.0,4393.0,4393.0,1700,0.0,0.0
2024-06-11 10:07:00+09:00,4394.0,4395.0,4391.0,4392.0,2200,0.0,0.0
2024-06-11 10:08:00+09:00,4392.0,4394.0,4391.0,4391.0,3400,0.0,0.0
2024-06-11 10:09:00+09:00,4389.0,4389.0,4386.0,4387.0,2000,0.0,0.0
2024-06-11 10:10:00+09:00,4386.0,4389.0,4386.0,4388.0,1400,0.0,0.0
2024-06-11 10:11:00+09:00,4387.0,4387.0,4387.0,4387.0,300,0.0,0.0
2024-06-11 10:12:00+09:00,4386.0,4386.0,4384.0,4385.0,2800,0.0,0.0
2024-06-11 10:13:00+09:00,4386.0,4387.0,4386.0,4387.0,1000,0.0,0.0
2024-06-11 10:14:00+09:00,4387.0,4387.0,4384.0,4384.0,2400,0.0,0.0
2024-06-11 10:15:00+09:00,4383.0,4383.0,4383.0,4383.0,200,0.0,0.0
2024-06-11 10:16:00+09:00,4382.0,4383.0,4381.0,4381.0,1400,0.0,0.0
2024-06-11 10:17:00+09:00,4380.0,4381.0,4379.0,4379.0,1500,0.0,0.0
2024-06-11 10:18:00+09:00,4381.0,4381.0,4376.0,4376.0,1500,0.0,0.0
2024-06-11 10:19:00+09:00,4377.0,4378.0,4372.0,4372.0,2100,0.0,0.0
2024-06-11 10:21:00+09:00,4373.0,4373.0,4367.0,4367.0,2200,0.0,0.0
2024-06-11 10:22:00+09:00,4369.0,4369.0,4361.0,4361.0,2500,0.0,0.0
2024-06-11 10:23:00+09:00,4361.0,4364.0,4361.0,4362.0,2800,0.0,0.0
2024-06-11 10:24:00+09:00,4361.0,4362.0,4357.0,4357.0,4100,0.0,0.0
2024-06-11 10:25:00+09:00,4356.0,4356.0,4355.0,4355.0,1300,0.0,0.0
2024-06-11 10:26:00+09:00,4353.0,4353.0,4352.0,4352.0,1100,0.0,0.0
2024-06-11 10:27:00+09:00,4352.0,4352.0,4348.0,4348.0,2200,0.0,0.0
2024-06-11 10:28:00+09:00,4348.0,4348.0,4347.0,4347.0,3400,0.0,0.0
2024-06-11 10:29:00+09:00,4346.0,4349.0,4344.0,4349.0,4600,0.0,0.0
2024-06-11 10:30:00+09:00,4347.0,4349.0,4346.0,4348.0,3200,0.0,0.0
2024-06-11 10:31:00+09:00,4347.0,4349.0,4346.0,4349.0,1400,0.0,0.0
2024-06-11 10:32:00+09:00,4348.0,4348.0,4337.0,4337.0,4800,0.0,0.0
2024-06-11 10:33:00+09:00,4339.0,4346.0,4339.0,4343.0,3000,0.0,0.0
2024-06-11 10:34:00+09:00,4345.0,4346.0,4345.0,4346.0,600,0.0,0.0
2024-06-11 10:35:00+09:00,4345.0,4345.0,4340.0,4340.0,1500,0.0,0.0
2024-06-11 10:36:00+09:00,4338.0,4342.0,4338.0,4342.0,2300,0.0,0.0
2024-06-11 10:37:00+09:00,4345.0,4345.0,4345.0,4345.0,100,0.0,0.0
2024-06-11 10:38:00+09:00,4346.0,4347.0,4342.0,4342.0,3200,0.0,0.0
2024-06-11 10:39:00+09:00,4342.0,4343.0,4341.0,4341.0,1400,0.0,0.0
2024-06-11 10:40:00+09:00,4342.0,4347.0,4342.0,4347.0,2900,0.0,0.0
2024-06-11 10:41:00+09:00,4345.0,4345.0,4343.0,4345.0,2200,0.0,0.0
2024-06-11 10:42:00+09:00,4345.0,4345.0,4340.0,4340.0,1700,0.0,0.0
2024-06-11 10:43:00+09:00,4340.0,4341.0,4340.0,4340.0,1400,0.0,0.0
2024-06-11 10:44:00+09:00,4342.0,4343.0,4342.0,4343.0,1500,0.0,0.0
2024-06-11 10:45:00+09:00,4342.0,4342.0,4341.0,4341.0,1200,0.0,0.0
2024-06-11 10:46:00+09:00,4340.0,4340.0,4333.0,4333.0,11400,0.0,0.0
2024-06-11 10:47:00+09:00,4335.0,4336.0,4335.0,4335.0,2000,0.0,0.0
2024-06-11 10:48:00+09:00,4336.0,4340.0,4336.0,4340.0,2000,0.0,0.0
2024-06-11 10:49:00+09:00,4340.0,4340.0,4338.0,4338.0,1200,0.0,0.0
2024-06-11 10:50:00+09:00,4342.0,4342.0,4342.0,4342.0,100,0.0,0.0
2024-06-11 10:51:00+09:00,4341.0,4345.0,4340.0,4345.0,1900,0.0,0.0
2024-06-11 10:52:00+09:00,4343.0,4344.0,4341.0,4344.0,1300,0.0,0.0
2024-06-11 10:53:00+09:00,4345.0,4346.0,4345.0,4346.0,800,0.0,0.0
2024-06-11 10:54:00+09:00,4347.0,4349.0,4346.0,4349.0,2100,0.0,0.0
2024-06-11 10:55:00+09:00,4350.0,4350.0,4348.0,4350.0,700,0.0,0.0
2024-06-11 10:56:00+09:00,4350.0,4354.0,4350.0,4352.0,2700,0.0,0.0
2024-06-11 10:57:00+09:00,4350.0,4350.0,4348.0,4348.0,500,0.0,0.0
2024-06-11 10:58:00+09:00,4348.0,4351.0,4348.0,4351.0,1000,0.0,0.0
2024-06-11 10:59:00+09:00,4352.0,4352.0,4352.0,4352.0,200,0.0,0.0
2024-06-11 11:00:00+09:00,4352.0,4352.0,4352.0,4352.0,600,0.0,0.0
2024-06-11 11:01:00+09:00,4351.0,4351.0,4346.0,4346.0,2600,0.0,0.0
2024-06-11 11:02:00+09:00,4345.0,4346.0,4344.0,4344.0,2100,0.0,0.0
2024-06-11 11:03:00+09:00,4344.0,4347.0,4344.0,4346.0,2800,0.0,0.0
2024-06-11 11:04:00+09:00,4346.0,4348.0,4345.0,4345.0,1300,0.0,0.0
2024-06-11 11:05:00+09:00,4344.0,4344.0,4343.0,4343.0,600,0.0,0.0
2024-06-11 11:06:00+09:00,4341.0,4347.0,4341.0,4347.0,1400,0.0,0.0
2024-06-11 11:07:00+09:00,4344.0,4346.0,4344.0,4346.0,400,0.0,0.0
2024-06-11 11:08:00+09:00,4347.0,4349.0,4347.0,4349.0,800,0.0,0.0
2024-06-11 11:09:00+09:00,4350.0,4351.0,4349.0,4351.0,1100,0.0,0.0
2024-06-11 11:10:00+09:00,4350.0,4350.0,4349.0,4349.0,900,0.0,0.0
2024-06-11 11:11:00+09:00,4352.0,4352.0,4350.0,4351.0,2100,0.0,0.0
2024-06-11 11:12:00+09:00,4351.0,4351.0,4351.0,4351.0,300,0.0,0.0
2024-06-11 11:13:00+09:00,4350.0,4353.0,4350.0,4353.0,1900,0.0,0.0
2024-06-11 11:14:00+09:00,4351.0,4351.0,4350.0,4350.0,1700,0.0,0.0
2024-06-11 11:15:00+09:00,4352.0,4354.0,4352.0,4354.0,1100,0.0,0.0
2024-06-11 11:16:00+09:00,4355.0,4358.0,4355.0,4358.0,2100,0.0,0.0
2024-06-11 11:17:00+09:00,4359.0,4360.0,4357.0,4357.0,2100,0.0,0.0
2024-06-11 11:18:00+09:00,4358.0,4359.0,4358.0,4359.0,700,0.0,0.0
2024-06-11 11:19:00+09:00,4359.0,4359.0,4357.0,4357.0,800,0.0,0.0
2024-06-11 11:20:00+09:00,4356.0,4356.0,4352.0,4356.0,900,0.0,0.0
2024-06-11 11:21:00+09:00,4354.0,4355.0,4354.0,4355.0,200,0.0,0.0
2024-06-11 11:22:00+09:00,4356.0,4357.0,4352.0,4356.0,5600,0.0,0.0
2024-06-11 11:23:00+09:00,4356.0,4356.0,4356.0,4356.0,300,0.0,0.0
2024-06-11 11:25:00+09:00,4355.0,4355.0,4355.0,4355.0,1200,0.0,0.0
2024-06-11 11:26:00+09:00,4355.0,4355.0,4354.0,4354.0,700,0.0,0.0
2024-06-11 11:27:00+09:00,4353.0,4353.0,4350.0,4350.0,900,0.0,0.0
2024-06-11 11:28:00+09:00,4347.0,4349.0,4347.0,4347.0,500,0.0,0.0
2024-06-11 11:29:00+09:00,4344.0,4344.0,4341.0,4341.0,1300,0.0,0.0
2024-06-11 11:30:00+09:00,4343.0,4343.0,4343.0,4343.0,800,0.0,0.0
2024-06-11 11:35:00+09:00,4343.0,4343.0,4343.0,4343.0,0,0.0,0.0
2024-06-11 12:30:00+09:00,4343.0,4355.0,4343.0,4355.0,351600,0.0,0.0
2024-06-11 12:31:00+09:00,4354.0,4354.0,4350.0,4352.0,1800,0.0,0.0
2024-06-11 12:32:00+09:00,4354.0,4360.0,4354.0,4358.0,4500,0.0,0.0
2024-06-11 12:33:00+09:00,4360.0,4360.0,4353.0,4353.0,2500,0.0,0.0
2024-06-11 12:34:00+09:00,4354.0,4355.0,4352.0,4355.0,800,0.0,0.0
2024-06-11 12:35:00+09:00,4356.0,4358.0,4356.0,4358.0,1100,0.0,0.0
2024-06-11 12:36:00+09:00,4356.0,4356.0,4353.0,4353.0,1600,0.0,0.0
2024-06-11 12:37:00+09:00,4353.0,4356.0,4353.0,4353.0,1600,0.0,0.0
2024-06-11 12:38:00+09:00,4354.0,4356.0,4353.0,4353.0,2100,0.0,0.0
2024-06-11 12:39:00+09:00,4352.0,4352.0,4350.0,4352.0,800,0.0,0.0
2024-06-11 12:40:00+09:00,4353.0,4354.0,4353.0,4353.0,1000,0.0,0.0
2024-06-11 12:41:00+09:00,4354.0,4354.0,4353.0,4353.0,1200,0.0,0.0
2024-06-11 12:42:00+09:00,4355.0,4355.0,4353.0,4354.0,1800,0.0,0.0
2024-06-11 12:43:00+09:00,4354.0,4356.0,4354.0,4355.0,2000,0.0,0.0
2024-06-11 12:44:00+09:00,4354.0,4354.0,4353.0,4353.0,1200,0.0,0.0
2024-06-11 12:45:00+09:00,4354.0,4356.0,4354.0,4356.0,900,0.0,0.0
2024-06-11 12:46:00+09:00,4356.0,4356.0,4354.0,4354.0,1400,0.0,0.0
2024-06-11 12:47:00+09:00,4354.0,4354.0,4353.0,4353.0,800,0.0,0.0
2024-06-11 12:48:00+09:00,4355.0,4356.0,4355.0,4356.0,1100,0.0,0.0
2024-06-11 12:49:00+09:00,4356.0,4356.0,4355.0,4355.0,400,0.0,0.0
2024-06-11 12:50:00+09:00,4356.0,4359.0,4356.0,4359.0,2400,0.0,0.0
2024-06-11 12:51:00+09:00,4359.0,4361.0,4359.0,4360.0,1300,0.0,0.0
2024-06-11 12:52:00+09:00,4361.0,4364.0,4361.0,4364.0,2500,0.0,0.0
2024-06-11 12:53:00+09:00,4364.0,4364.0,4360.0,4362.0,4500,0.0,0.0
2024-06-11 12:54:00+09:00,4364.0,4365.0,4363.0,4363.0,500,0.0,0.0
2024-06-11 12:55:00+09:00,4363.0,4363.0,4361.0,4362.0,1300,0.0,0.0
2024-06-11 12:56:00+09:00,4363.0,4365.0,4363.0,4363.0,700,0.0,0.0
2024-06-11 12:57:00+09:00,4363.0,4364.0,4362.0,4364.0,2700,0.0,0.0
2024-06-11 12:58:00+09:00,4363.0,4363.0,4361.0,4361.0,1900,0.0,0.0
2024-06-11 12:59:00+09:00,4361.0,4361.0,4359.0,4359.0,1800,0.0,0.0
2024-06-11 13:00:00+09:00,4359.0,4359.0,4358.0,4358.0,500,0.0,0.0
2024-06-11 13:01:00+09:00,4356.0,4356.0,4355.0,4355.0,700,0.0,0.0
2024-06-11 13:02:00+09:00,4355.0,4356.0,4355.0,4355.0,1500,0.0,0.0
2024-06-11 13:03:00+09:00,4354.0,4354.0,4353.0,4353.0,700,0.0,0.0
2024-06-11 13:05:00+09:00,4352.0,4352.0,4350.0,4350.0,5100,0.0,0.0
2024-06-11 13:06:00+09:00,4349.0,4352.0,4349.0,4351.0,1800,0.0,0.0
2024-06-11 13:07:00+09:00,4352.0,4352.0,4352.0,4352.0,400,0.0,0.0
2024-06-11 13:08:00+09:00,4352.0,4352.0,4352.0,4352.0,100,0.0,0.0
2024-06-11 13:09:00+09:00,4353.0,4353.0,4352.0,4352.0,1300,0.0,0.0
2024-06-11 13:10:00+09:00,4353.0,4354.0,4353.0,4354.0,500,0.0,0.0
2024-06-11 13:11:00+09:00,4354.0,4355.0,4354.0,4354.0,1300,0.0,0.0
2024-06-11 13:12:00+09:00,4355.0,4359.0,4355.0,4359.0,1600,0.0,0.0
2024-06-11 13:13:00+09:00,4360.0,4360.0,4358.0,4359.0,2200,0.0,0.0
2024-06-11 13:14:00+09:00,4360.0,4360.0,4359.0,4359.0,300,0.0,0.0
2024-06-11 13:15:00+09:00,4360.0,4360.0,4358.0,4358.0,1900,0.0,0.0
2024-06-11 13:16:00+09:00,4358.0,4358.0,4357.0,4357.0,300,0.0,0.0
2024-06-11 13:17:00+09:00,4358.0,4359.0,4358.0,4358.0,600,0.0,0.0
2024-06-11 13:18:00+09:00,4360.0,4360.0,4360.0,4360.0,700,0.0,0.0
2024-06-11 13:19:00+09:00,4361.0,4362.0,4361.0,4362.0,200,0.0,0.0
2024-06-11 13:20:00+09:00,4361.0,4361.0,4359.0,4359.0,2500,0.0,0.0
2024-06-11 13:22:00+09:00,4360.0,4362.0,4360.0,4362.0,1500,0.0,0.0
2024-06-11 13:23:00+09:00,4363.0,4363.0,4362.0,4362.0,900,0.0,0.0
2024-06-11 13:24:00+09:00,4362.0,4362.0,4361.0,4362.0,800,0.0,0.0
2024-06-11 13:25:00+09:00,4362.0,4362.0,4362.0,4362.0,600,0.0,0.0
2024-06-11 13:26:00+09:00,4362.0,4362.0,4361.0,4361.0,1000,0.0,0.0
2024-06-11 13:27:00+09:00,4361.0,4361.0,4360.0,4360.0,1300,0.0,0.0
2024-06-11 13:28:00+09:00,4361.0,4361.0,4361.0,4361.0,100,0.0,0.0
2024-06-11 13:29:00+09:00,4361.0,4361.0,4360.0,4360.0,400,0.0,0.0
2024-06-11 13:30:00+09:00,4360.0,4360.0,4360.0,4360.0,1300,0.0,0.0
2024-06-11 13:31:00+09:00,4361.0,4361.0,4361.0,4361.0,800,0.0,0.0
2024-06-11 13:32:00+09:00,4361.0,4361.0,4360.0,4360.0,300,0.0,0.0
2024-06-11 13:33:00+09:00,4360.0,4360.0,4359.0,4359.0,1000,0.0,0.0
2024-06-11 13:34:00+09:00,4358.0,4358.0,4358.0,4358.0,1300,0.0,0.0
2024-06-11 13:35:00+09:00,4358.0,4358.0,4357.0,4358.0,1800,0.0,0.0
2024-06-11 13:36:00+09:00,4359.0,4359.0,4359.0,4359.0,300,0.0,0.0
2024-06-11 13:37:00+09:00,4359.0,4359.0,4359.0,4359.0,100,0.0,0.0
2024-06-11 13:39:00+09:00,4358.0,4358.0,4358.0,4358.0,400,0.0,0.0
2024-06-11 13:40:00+09:00,4358.0,4358.0,4358.0,4358.0,200,0.0,0.0
2024-06-11 13:41:00+09:00,4358.0,4359.0,4358.0,4359.0,500,0.0,0.0
2024-06-11 13:42:00+09:00,4359.0,4360.0,4359.0,4359.0,1400,0.0,0.0
2024-06-11 13:43:00+09:00,4359.0,4359.0,4359.0,4359.0,400,0.0,0.0
2024-06-11 13:44:00+09:00,4359.0,4361.0,4359.0,4361.0,2600,0.0,0.0
2024-06-11 13:45:00+09:00,4362.0,4362.0,4362.0,4362.0,900,0.0,0.0
2024-06-11 13:46:00+09:00,4362.0,4362.0,4360.0,4360.0,2700,0.0,0.0
2024-06-11 13:47:00+09:00,4359.0,4359.0,4358.0,4358.0,700,0.0,0.0
2024-06-11 13:48:00+09:00,4357.0,4358.0,4356.0,4358.0,2300,0.0,0.0
2024-06-11 13:49:00+09:00,4357.0,4358.0,4357.0,4357.0,500,0.0,0.0
2024-06-11 13:50:00+09:00,4356.0,4357.0,4356.0,4357.0,200,0.0,0.0
2024-06-11 13:51:00+09:00,4357.0,4358.0,4357.0,4358.0,700,0.0,0.0
2024-06-11 13:52:00+09:00,4357.0,4357.0,4357.0,4357.0,1000,0.0,0.0
2024-06-11 13:53:00+09:00,4357.0,4359.0,4357.0,4358.0,700,0.0,0.0
2024-06-11 13:55:00+09:00,4358.0,4360.0,4358.0,4360.0,1300,0.0,0.0
2024-06-11 13:56:00+09:00,4360.0,4360.0,4357.0,4357.0,2800,0.0,0.0
2024-06-11 13:57:00+09:00,4356.0,4356.0,4356.0,4356.0,200,0.0,0.0
2024-06-11 13:58:00+09:00,4356.0,4356.0,4356.0,4356.0,100,0.0,0.0
2024-06-11 13:59:00+09:00,4356.0,4356.0,4355.0,4356.0,1800,0.0,0.0
2024-06-11 14:00:00+09:00,4356.0,4356.0,4352.0,4352.0,2700,0.0,0.0
2024-06-11 14:01:00+09:00,4352.0,4354.0,4351.0,4354.0,3700,0.0,0.0
2024-06-11 14:02:00+09:00,4354.0,4354.0,4350.0,4351.0,6000,0.0,0.0
2024-06-11 14:03:00+09:00,4351.0,4351.0,4351.0,4351.0,300,0.0,0.0
2024-06-11 14:04:00+09:00,4351.0,4352.0,4351.0,4352.0,800,0.0,0.0
2024-06-11 14:05:00+09:00,4351.0,4351.0,4350.0,4351.0,1000,0.0,0.0
2024-06-11 14:07:00+09:00,4352.0,4352.0,4352.0,4352.0,300,0.0,0.0
2024-06-11 14:08:00+09:00,4352.0,4352.0,4352.0,4352.0,1000,0.0,0.0
2024-06-11 14:09:00+09:00,4351.0,4352.0,4350.0,4352.0,2300,0.0,0.0
2024-06-11 14:10:00+09:00,4353.0,4355.0,4353.0,4355.0,1700,0.0,0.0
2024-06-11 14:11:00+09:00,4355.0,4355.0,4351.0,4351.0,2900,0.0,0.0
2024-06-11 14:12:00+09:00,4350.0,4350.0,4349.0,4349.0,1300,0.0,0.0
2024-06-11 14:13:00+09:00,4346.0,4350.0,4345.0,4350.0,2700,0.0,0.0
2024-06-11 14:15:00+09:00,4349.0,4349.0,4349.0,4349.0,500,0.0,0.0
2024-06-11 14:17:00+09:00,4350.0,4350.0,4350.0,4350.0,1000,0.0,0.0
2024-06-11 14:18:00+09:00,4350.0,4350.0,4350.0,4350.0,1900,0.0,0.0
2024-06-11 14:19:00+09:00,4349.0,4349.0,4346.0,4347.0,3600,0.0,0.0
2024-06-11 14:20:00+09:00,4346.0,4346.0,4346.0,4346.0,800,0.0,0.0
2024-06-11 14:21:00+09:00,4345.0,4347.0,4345.0,4347.0,4000,0.0,0.0
2024-06-11 14:22:00+09:00,4347.0,4347.0,4347.0,4347.0,200,0.0,0.0
2024-06-11 14:23:00+09:00,4348.0,4348.0,4347.0,4347.0,1900,0.0,0.0
2024-06-11 14:24:00+09:00,4347.0,4347.0,4345.0,4345.0,1100,0.0,0.0
2024-06-11 14:25:00+09:00,4345.0,4346.0,4344.0,4346.0,3200,0.0,0.0
2024-06-11 14:26:00+09:00,4346.0,4346.0,4346.0,4346.0,800,0.0,0.0
2024-06-11 14:27:00+09:00,4345.0,4345.0,4342.0,4343.0,4800,0.0,0.0
2024-06-11 14:28:00+09:00,4343.0,4343.0,4342.0,4342.0,500,0.0,0.0
2024-06-11 14:29:00+09:00,4343.0,4343.0,4342.0,4342.0,1300,0.0,0.0
2024-06-11 14:30:00+09:00,4343.0,4344.0,4342.0,4343.0,1600,0.0,0.0
2024-06-11 14:31:00+09:00,4344.0,4344.0,4343.0,4344.0,2300,0.0,0.0
2024-06-11 14:32:00+09:00,4343.0,4343.0,4343.0,4343.0,1600,0.0,0.0
2024-06-11 14:33:00+09:00,4343.0,4344.0,4343.0,4344.0,400,0.0,0.0
2024-06-11 14:34:00+09:00,4343.0,4343.0,4343.0,4343.0,700,0.0,0.0
2024-06-11 14:35:00+09:00,4344.0,4344.0,4344.0,4344.0,3400,0.0,0.0
2024-06-11 14:36:00+09:00,4344.0,4344.0,4344.0,4344.0,2000,0.0,0.0
2024-06-11 14:37:00+09:00,4344.0,4344.0,4344.0,4344.0,1100,0.0,0.0
2024-06-11 14:38:00+09:00,4344.0,4344.0,4344.0,4344.0,1500,0.0,0.0
2024-06-11 14:39:00+09:00,4345.0,4346.0,4345.0,4346.0,4500,0.0,0.0
2024-06-11 14:40:00+09:00,4346.0,4346.0,4344.0,4346.0,3200,0.0,0.0
2024-06-11 14:41:00+09:00,4344.0,4345.0,4344.0,4345.0,1500,0.0,0.0
2024-06-11 14:42:00+09:00,4345.0,4345.0,4344.0,4344.0,1000,0.0,0.0
2024-06-11 14:44:00+09:00,4344.0,4344.0,4344.0,4344.0,200,0.0,0.0
2024-06-11 14:45:00+09:00,4343.0,4343.0,4340.0,4340.0,4500,0.0,0.0
2024-06-11 14:46:00+09:00,4340.0,4340.0,4339.0,4339.0,2100,0.0,0.0
2024-06-11 14:47:00+09:00,4338.0,4338.0,4337.0,4337.0,1400,0.0,0.0
2024-06-11 14:48:00+09:00,4337.0,4337.0,4337.0,4337.0,1900,0.0,0.0
2024-06-11 14:49:00+09:00,4336.0,4337.0,4336.0,4337.0,1700,0.0,0.0
2024-06-11 14:50:00+09:00,4337.0,4337.0,4336.0,4336.0,1100,0.0,0.0
2024-06-11 14:51:00+09:00,4336.0,4336.0,4330.0,4331.0,9600,0.0,0.0
2024-06-11 14:52:00+09:00,4330.0,4330.0,4329.0,4330.0,3500,0.0,0.0
2024-06-11 14:53:00+09:00,4329.0,4329.0,4328.0,4328.0,1300,0.0,0.0
2024-06-11 14:54:00+09:00,4328.0,4329.0,4328.0,4328.0,2800,0.0,0.0
2024-06-11 14:55:00+09:00,4328.0,4329.0,4325.0,4326.0,4200,0.0,0.0
2024-06-11 14:56:00+09:00,4327.0,4331.0,4327.0,4331.0,4100,0.0,0.0
2024-06-11 14:57:00+09:00,4331.0,4331.0,4330.0,4331.0,1500,0.0,0.0
2024-06-11 14:58:00+09:00,4331.0,4332.0,4330.0,4331.0,1900,0.0,0.0
2024-06-11 14:59:00+09:00,4332.0,4335.0,4327.0,4327.0,6900,0.0,0.0
2024-06-12 09:00:00+09:00,4281.0,4281.0,4264.0,4264.0,50800,0.0,0.0
2024-06-12 09:01:00+09:00,4263.0,4271.0,4259.0,4261.0,11500,0.0,0.0
2024-06-12 09:02:00+09:00,4261.0,4265.0,4254.0,4255.0,2000,0.0,0.0
2024-06-12 09:03:00+09:00,4252.0,4252.0,4239.0,4245.0,13900,0.0,0.0
2024-06-12 09:04:00+09:00,4245.0,4247.0,4241.0,4246.0,1900,0.0,0.0
2024-06-12 09:05:00+09:00,4244.0,4253.0,4244.0,4251.0,2700,0.0,0.0
2024-06-12 09:06:00+09:00,4249.0,4261.0,4247.0,4259.0,4000,0.0,0.0
2024-06-12 09:07:00+09:00,4260.0,4263.0,4256.0,4258.0,2300,0.0,0.0
2024-06-12 09:08:00+09:00,4255.0,4259.0,4255.0,4259.0,1500,0.0,0.0
2024-06-12 09:09:00+09:00,4258.0,4258.0,4250.0,4256.0,3000,0.0,0.0
2024-06-12 09:10:00+09:00,4256.0,4267.0,4255.0,4267.0,2900,0.0,0.0
2024-06-12 09:11:00+09:00,4269.0,4274.0,4269.0,4272.0,1600,0.0,0.0
2024-06-12 09:12:00+09:00,4270.0,4279.0,4267.0,4279.0,5200,0.0,0.0
2024-06-12 09:13:00+09:00,4277.0,4277.0,4271.0,4273.0,1000,0.0,0.0
2024-06-12 09:14:00+09:00,4271.0,4274.0,4268.0,4273.0,4000,0.0,0.0
2024-06-12 09:15:00+09:00,4269.0,4269.0,4260.0,4262.0,2900,0.0,0.0
2024-06-12 09:16:00+09:00,4261.0,4264.0,4259.0,4259.0,1700,0.0,0.0
2024-06-12 09:17:00+09:00,4265.0,4269.0,4263.0,4264.0,2200,0.0,0.0
2024-06-12 09:18:00+09:00,4267.0,4268.0,4267.0,4268.0,600,0.0,0.0
2024-06-12 09:19:00+09:00,4269.0,4270.0,4265.0,4265.0,2100,0.0,0.0
2024-06-12 09:20:00+09:00,4264.0,4270.0,4263.0,4270.0,1600,0.0,0.0
2024-06-12 09:21:00+09:00,4270.0,4270.0,4259.0,4259.0,2500,0.0,0.0
2024-06-12 09:22:00+09:00,4257.0,4257.0,4254.0,4255.0,2400,0.0,0.0
2024-06-12 09:23:00+09:00,4256.0,4257.0,4256.0,4257.0,1900,0.0,0.0
2024-06-12 09:24:00+09:00,4257.0,4261.0,4257.0,4260.0,400,0.0,0.0
2024-06-12 09:25:00+09:00,4262.0,4264.0,4262.0,4262.0,1200,0.0,0.0
2024-06-12 09:26:00+09:00,4263.0,4266.0,4261.0,4263.0,2300,0.0,0.0
2024-06-12 09:27:00+09:00,4261.0,4264.0,4260.0,4262.0,1700,0.0,0.0
2024-06-12 09:28:00+09:00,4262.0,4262.0,4256.0,4259.0,2600,0.0,0.0
2024-06-12 09:29:00+09:00,4259.0,4259.0,4248.0,4249.0,19600,0.0,0.0
2024-06-12 09:30:00+09:00,4248.0,4248.0,4245.0,4247.0,4700,0.0,0.0
2024-06-12 09:31:00+09:00,4247.0,4248.0,4247.0,4248.0,800,0.0,0.0
2024-06-12 09:32:00+09:00,4248.0,4251.0,4248.0,4251.0,1000,0.0,0.0
2024-06-12 09:33:00+09:00,4251.0,4251.0,4247.0,4247.0,1700,0.0,0.0
2024-06-12 09:34:00+09:00,4249.0,4249.0,4244.0,4245.0,3400,0.0,0.0
2024-06-12 09:35:00+09:00,4243.0,4249.0,4243.0,4249.0,3900,0.0,0.0
2024-06-12 09:36:00+09:00,4250.0,4253.0,4249.0,4253.0,3000,0.0,0.0
2024-06-12 09:37:00+09:00,4251.0,4252.0,4248.0,4249.0,1300,0.0,0.0
2024-06-12 09:38:00+09:00,4249.0,4250.0,4248.0,4248.0,1900,0.0,0.0
2024-06-12 09:39:00+09:00,4247.0,4250.0,4246.0,4250.0,3500,0.0,0.0
2024-06-12 09:40:00+09:00,4251.0,4252.0,4248.0,4248.0,1000,0.0,0.0
2024-06-12 09:41:00+09:00,4246.0,4246.0,4242.0,4242.0,1500,0.0,0.0
2024-06-12 09:42:00+09:00,4243.0,4245.0,4243.0,4244.0,2100,0.0,0.0
2024-06-12 09:43:00+09:00,4244.0,4244.0,4236.0,4239.0,7600,0.0,0.0
2024-06-12 09:44:00+09:00,4239.0,4239.0,4234.0,4234.0,3800,0.0,0.0
2024-06-12 09:45:00+09:00,4233.0,4240.0,4233.0,4240.0,4900,0.0,0.0
2024-06-12 09:46:00+09:00,4241.0,4243.0,4238.0,4239.0,1800,0.0,0.0
2024-06-12 09:47:00+09:00,4240.0,4240.0,4237.0,4237.0,3000,0.0,0.0
2024-06-12 09:48:00+09:00,4235.0,4236.0,4233.0,4235.0,2700,0.0,0.0
2024-06-12 09:49:00+09:00,4236.0,4236.0,4236.0,4236.0,100,0.0,0.0
2024-06-12 09:50:00+09:00,4235.0,4239.0,4234.0,4239.0,2200,0.0,0.0
2024-06-12 09:51:00+09:00,4240.0,4241.0,4240.0,4240.0,500,0.0,0.0
2024-06-12 09:52:00+09:00,4240.0,4241.0,4240.0,4241.0,500,0.0,0.0
2024-06-12 09:53:00+09:00,4242.0,4242.0,4240.0,4241.0,700,0.0,0.0
2024-06-12 09:54:00+09:00,4242.0,4242.0,4235.0,4235.0,2100,0.0,0.0
2024-06-12 09:55:00+09:00,4238.0,4244.0,4238.0,4243.0,1900,0.0,0.0
2024-06-12 09:56:00+09:00,4245.0,4247.0,4245.0,4246.0,1400,0.0,0.0
2024-06-12 09:57:00+09:00,4247.0,4247.0,4247.0,4247.0,0,0.0,0.0
2024-06-12 09:58:00+09:00,4248.0,4250.0,4246.0,4250.0,220600,0.0,0.0
2024-06-12 09:59:00+09:00,4251.0,4253.0,4249.0,4250.0,1500,0.0,0.0
2024-06-12 10:00:00+09:00,4251.0,4251.0,4246.0,4246.0,800,0.0,0.0
2024-06-12 10:01:00+09:00,4246.0,4251.0,4245.0,4248.0,3200,0.0,0.0
2024-06-12 10:02:00+09:00,4251.0,4251.0,4251.0,4251.0,900,0.0,0.0
2024-06-12 10:03:00+09:00,4250.0,4250.0,4246.0,4246.0,600,0.0,0.0
2024-06-12 10:04:00+09:00,4248.0,4251.0,4248.0,4250.0,1900,0.0,0.0
2024-06-12 10:05:00+09:00,4252.0,4253.0,4252.0,4252.0,1700,0.0,0.0
2024-06-12 10:06:00+09:00,4253.0,4253.0,4253.0,4253.0,200,0.0,0.0
2024-06-12 10:07:00+09:00,4254.0,4254.0,4253.0,4253.0,200,0.0,0.0
2024-06-12 10:08:00+09:00,4252.0,4252.0,4252.0,4252.0,1100,0.0,0.0
2024-06-12 10:09:00+09:00,4251.0,4251.0,4251.0,4251.0,0,0.0,0.0
2024-06-12 10:10:00+09:00,4252.0,4252.0,4252.0,4252.0,238200,0.0,0.0
2024-06-12 10:11:00+09:00,4251.0,4251.0,4247.0,4250.0,4600,0.0,0.0
2024-06-12 10:12:00+09:00,4246.0,4246.0,4245.0,4245.0,1200,0.0,0.0
2024-06-12 10:13:00+09:00,4237.0,4237.0,4237.0,4237.0,0,0.0,0.0
2024-06-12 10:14:00+09:00,4236.0,4238.0,4236.0,4237.0,250300,0.0,0.0
2024-06-12 10:15:00+09:00,4237.0,4237.0,4232.0,4232.0,4700,0.0,0.0
2024-06-12 10:16:00+09:00,4233.0,4235.0,4233.0,4234.0,2000,0.0,0.0
2024-06-12 10:17:00+09:00,4234.0,4235.0,4234.0,4235.0,1000,0.0,0.0
2024-06-12 10:18:00+09:00,4233.0,4236.0,4233.0,4236.0,2200,0.0,0.0
2024-06-12 10:19:00+09:00,4236.0,4236.0,4236.0,4236.0,100,0.0,0.0
2024-06-12 10:20:00+09:00,4235.0,4236.0,4235.0,4236.0,2400,0.0,0.0
2024-06-12 10:21:00+09:00,4235.0,4238.0,4235.0,4237.0,1900,0.0,0.0
2024-06-12 10:22:00+09:00,4237.0,4237.0,4237.0,4237.0,400,0.0,0.0
2024-06-12 10:23:00+09:00,4238.0,4240.0,4236.0,4236.0,1200,0.0,0.0
2024-06-12 10:24:00+09:00,4238.0,4239.0,4238.0,4239.0,500,0.0,0.0
2024-06-12 10:25:00+09:00,4240.0,4246.0,4240.0,4245.0,3000,0.0,0.0
2024-06-12 10:26:00+09:00,4246.0,4246.0,4245.0,4245.0,2400,0.0,0.0
2024-06-12 10:27:00+09:00,4245.0,4245.0,4244.0,4245.0,1300,0.0,0.0
2024-06-12 10:28:00+09:00,4246.0,4246.0,4246.0,4246.0,100,0.0,0.0
2024-06-12 10:29:00+09:00,4246.0,4246.0,4246.0,4246.0,600,0.0,0.0
2024-06-12 10:30:00+09:00,4245.0,4245.0,4244.0,4244.0,900,0.0,0.0
2024-06-12 10:31:00+09:00,4242.0,4243.0,4242.0,4242.0,1400,0.0,0.0
2024-06-12 10:32:00+09:00,4243.0,4243.0,4239.0,4239.0,1100,0.0,0.0
2024-06-12 10:33:00+09:00,4240.0,4245.0,4240.0,4245.0,2000,0.0,0.0
2024-06-12 10:34:00+09:00,4246.0,4246.0,4246.0,4246.0,300,0.0,0.0
2024-06-12 10:35:00+09:00,4245.0,4246.0,4244.0,4246.0,900,0.0,0.0
2024-06-12 10:36:00+09:00,4245.0,4245.0,4242.0,4242.0,400,0.0,0.0
2024-06-12 10:37:00+09:00,4243.0,4244.0,4243.0,4243.0,700,0.0,0.0
2024-06-12 10:38:00+09:00,4242.0,4243.0,4242.0,4243.0,200,0.0,0.0
2024-06-12 10:39:00+09:00,4243.0,4243.0,4240.0,4240.0,1000,0.0,0.0
2024-06-12 10:40:00+09:00,4241.0,4244.0,4241.0,4244.0,900,0.0,0.0
2024-06-12 10:41:00+09:00,4242.0,4245.0,4242.0,4245.0,600,0.0,0.0
2024-06-12 10:42:00+09:00,4245.0,4245.0,4243.0,4243.0,1800,0.0,0.0
2024-06-12 10:43:00+09:00,4243.0,4243.0,4242.0,4242.0,200,0.0,0.0
2024-06-12 10:44:00+09:00,4241.0,4243.0,4241.0,4243.0,600,0.0,0.0
2024-06-12 10:45:00+09:00,4240.0,4240.0,4239.0,4240.0,2100,0.0,0.0
2024-06-12 10:46:00+09:00,4240.0,4241.0,4240.0,4241.0,800,0.0,0.0
2024-06-12 10:47:00+09:00,4240.0,4241.0,4240.0,4240.0,1200,0.0,0.0
2024-06-12 10:48:00+09:00,4241.0,4241.0,4239.0,4239.0,500,0.0,0.0
2024-06-12 10:49:00+09:00,4242.0,4243.0,4242.0,4243.0,1200,0.0,0.0
2024-06-12 10:50:00+09:00,4244.0,4244.0,4241.0,4241.0,400,0.0,0.0
2024-06-12 10:51:00+09:00,4240.0,4240.0,4238.0,4238.0,500,0.0,0.0
2024-06-12 10:52:00+09:00,4239.0,4243.0,4239.0,4241.0,1400,0.0,0.0
2024-06-12 10:53:00+09:00,4238.0,4238.0,4238.0,4238.0,0,0.0,0.0
2024-06-12 10:54:00+09:00,4237.0,4238.0,4237.0,4238.0,296100,0.0,0.0
2024-06-12 10:55:00+09:00,4238.0,4238.0,4237.0,4237.0,200,0.0,0.0
2024-06-12 10:56:00+09:00,4238.0,4238.0,4238.0,4238.0,1000,0.0,0.0
2024-06-12 10:57:00+09:00,4237.0,4237.0,4232.0,4232.0,5900,0.0,0.0
2024-06-12 10:58:00+09:00,4231.0,4231.0,4231.0,4231.0,700,0.0,0.0
2024-06-12 10:59:00+09:00,4231.0,4233.0,4231.0,4233.0,1800,0.0,0.0
2024-06-12 11:00:00+09:00,4232.0,4233.0,4232.0,4233.0,800,0.0,0.0
2024-06-12 11:01:00+09:00,4233.0,4241.0,4233.0,4240.0,2500,0.0,0.0
2024-06-12 11:02:00+09:00,4241.0,4242.0,4238.0,4238.0,1800,0.0,0.0
2024-06-12 11:03:00+09:00,4238.0,4239.0,4237.0,4237.0,1200,0.0,0.0
2024-06-12 11:04:00+09:00,4238.0,4238.0,4238.0,4238.0,200,0.0,0.0
2024-06-12 11:05:00+09:00,4239.0,4240.0,4239.0,4240.0,700,0.0,0.0
2024-06-12 11:06:00+09:00,4237.0,4237.0,4237.0,4237.0,300,0.0,0.0
2024-06-12 11:07:00+09:00,4236.0,4237.0,4235.0,4237.0,800,0.0,0.0
2024-06-12 11:08:00+09:00,4236.0,4239.0,4236.0,4238.0,1500,0.0,0.0
2024-06-12 11:09:00+09:00,4239.0,4240.0,4235.0,4236.0,1800,0.0,0.0
2024-06-12 11:10:00+09:00,4234.0,4234.0,4234.0,4234.0,100,0.0,0.0
2024-06-12 11:11:00+09:00,4233.0,4234.0,4233.0,4234.0,200,0.0,0.0
2024-06-12 11:12:00+09:00,4233.0,4234.0,4228.0,4229.0,5800,0.0,0.0
2024-06-12 11:13:00+09:00,4229.0,4229.0,4228.0,4228.0,2700,0.0,0.0
2024-06-12 11:14:00+09:00,4229.0,4229.0,4227.0,4227.0,1500,0.0,0.0
2024-06-12 11:15:00+09:00,4228.0,4228.0,4221.0,4225.0,9100,0.0,0.0
2024-06-12 11:16:00+09:00,4226.0,4226.0,4222.0,4224.0,2600,0.0,0.0
2024-06-12 11:17:00+09:00,4226.0,4228.0,4226.0,4227.0,2300,0.0,0.0
2024-06-12 11:18:00+09:00,4228.0,4228.0,4228.0,4228.0,400,0.0,0.0
2024-06-12 11:19:00+09:00,4228.0,4228.0,4228.0,4228.0,100,0.0,0.0
2024-06-12 11:20:00+09:00,4227.0,4227.0,4224.0,4226.0,1600,0.0,0.0
2024-06-12 11:21:00+09:00,4226.0,4226.0,4226.0,4226.0,200,0.0,0.0
2024-06-12 11:22:00+09:00,4226.0,4227.0,4226.0,4227.0,1200,0.0,0.0
2024-06-12 11:23:00+09:00,4228.0,4228.0,4228.0,4228.0,700,0.0,0.0
2024-06-12 11:24:00+09:00,4225.0,4226.0,4224.0,4224.0,1400,0.0,0.0
2024-06-12 11:25:00+09:00,4225.0,4226.0,4225.0,4225.0,700,0.0,0.0
2024-06-12 11:26:00+09:00,4223.0,4223.0,4222.0,4222.0,1500,0.0,0.0
2024-06-12 11:27:00+09:00,4221.0,4221.0,4218.0,4218.0,4200,0.0,0.0
2024-06-12 11:28:00+09:00,4217.0,4222.0,4217.0,4222.0,3500,0.0,0.0
2024-06-12 11:29:00+09:00,4221.0,4221.0,4218.0,4218.0,300,0.0,0.0
2024-06-12 11:30:00+09:00,4218.0,4218.0,4218.0,4218.0,700,0.0,0.0
2024-06-12 11:35:00+09:00,4218.0,4218.0,4218.0,4218.0,0,0.0,0.0
2024-06-12 12:30:00+09:00,4227.0,4238.0,4225.0,4238.0,370400,0.0,0.0
2024-06-12 12:31:00+09:00,4240.0,4243.0,4240.0,4240.0,2600,0.0,0.0
2024-06-12 12:32:00+09:00,4236.0,4238.0,4236.0,4238.0,800,0.0,0.0
2024-06-12 12:33:00+09:00,4240.0,4243.0,4240.0,4243.0,800,0.0,0.0
2024-06-12 12:34:00+09:00,4242.0,4245.0,4242.0,4245.0,1500,0.0,0.0
2024-06-12 12:35:00+09:00,4246.0,4247.0,4240.0,4240.0,2300,0.0,0.0
2024-06-12 12:36:00+09:00,4239.0,4239.0,4235.0,4236.0,500,0.0,0.0
2024-06-12 12:37:00+09:00,4236.0,4239.0,4235.0,4236.0,2500,0.0,0.0
2024-06-12 12:38:00+09:00,4236.0,4237.0,4236.0,4237.0,400,0.0,0.0
2024-06-12 12:39:00+09:00,4236.0,4236.0,4236.0,4236.0,300,0.0,0.0
2024-06-12 12:40:00+09:00,4237.0,4237.0,4234.0,4236.0,3900,0.0,0.0
2024-06-12 12:41:00+09:00,4236.0,4236.0,4233.0,4233.0,2300,0.0,0.0
2024-06-12 12:42:00+09:00,4234.0,4235.0,4234.0,4235.0,400,0.0,0.0
2024-06-12 12:43:00+09:00,4236.0,4239.0,4236.0,4238.0,800,0.0,0.0
2024-06-12 12:44:00+09:00,4237.0,4237.0,4234.0,4234.0,1800,0.0,0.0
2024-06-12 12:45:00+09:00,4234.0,4234.0,4231.0,4232.0,2500,0.0,0.0
2024-06-12 12:46:00+09:00,4233.0,4235.0,4230.0,4230.0,3600,0.0,0.0
2024-06-12 12:47:00+09:00,4230.0,4234.0,4230.0,4231.0,1600,0.0,0.0
2024-06-12 12:48:00+09:00,4233.0,4234.0,4233.0,4234.0,300,0.0,0.0
2024-06-12 12:49:00+09:00,4235.0,4236.0,4235.0,4236.0,900,0.0,0.0
2024-06-12 12:50:00+09:00,4236.0,4236.0,4233.0,4233.0,900,0.0,0.0
2024-06-12 12:51:00+09:00,4234.0,4235.0,4234.0,4235.0,400,0.0,0.0
2024-06-12 12:52:00+09:00,4235.0,4235.0,4234.0,4235.0,1700,0.0,0.0
2024-06-12 12:53:00+09:00,4236.0,4237.0,4236.0,4237.0,1100,0.0,0.0
2024-06-12 12:54:00+09:00,4237.0,4237.0,4236.0,4236.0,500,0.0,0.0
2024-06-12 12:55:00+09:00,4235.0,4235.0,4234.0,4235.0,1100,0.0,0.0
2024-06-12 12:56:00+09:00,4233.0,4233.0,4232.0,4232.0,500,0.0,0.0
2024-06-12 12:57:00+09:00,4231.0,4234.0,4231.0,4234.0,3700,0.0,0.0
2024-06-12 12:58:00+09:00,4234.0,4236.0,4234.0,4236.0,2300,0.0,0.0
2024-06-12 12:59:00+09:00,4236.0,4238.0,4236.0,4238.0,1000,0.0,0.0
2024-06-12 13:00:00+09:00,4238.0,4238.0,4238.0,4238.0,200,0.0,0.0
2024-06-12 13:01:00+09:00,4239.0,4241.0,4239.0,4239.0,1900,0.0,0.0
2024-06-12 13:02:00+09:00,4240.0,4240.0,4240.0,4240.0,100,0.0,0.0
2024-06-12 13:03:00+09:00,4239.0,4239.0,4238.0,4238.0,500,0.0,0.0
2024-06-12 13:04:00+09:00,4240.0,4240.0,4240.0,4240.0,700,0.0,0.0
2024-06-12 13:05:00+09:00,4241.0,4241.0,4235.0,4236.0,3500,0.0,0.0
2024-06-12 13:06:00+09:00,4235.0,4235.0,4235.0,4235.0,300,0.0,0.0
2024-06-12 13:07:00+09:00,4234.0,4235.0,4234.0,4235.0,1100,0.0,0.0
2024-06-12 13:08:00+09:00,4236.0,4237.0,4236.0,4237.0,800,0.0,0.0
2024-06-12 13:09:00+09:00,4237.0,4237.0,4237.0,4237.0,100,0.0,0.0
2024-06-12 13:11:00+09:00,4237.0,4237.0,4235.0,4235.0,1100,0.0,0.0
2024-06-12 13:12:00+09:00,4234.0,4237.0,4234.0,4237.0,1000,0.0,0.0
2024-06-12 13:13:00+09:00,4236.0,4236.0,4232.0,4232.0,1100,0.0,0.0
2024-06-12 13:15:00+09:00,4232.0,4234.0,4232.0,4233.0,4300,0.0,0.0
2024-06-12 13:16:00+09:00,4234.0,4236.0,4234.0,4236.0,1700,0.0,0.0
2024-06-12 13:18:00+09:00,4237.0,4237.0,4234.0,4234.0,800,0.0,0.0
2024-06-12 13:20:00+09:00,4234.0,4234.0,4234.0,4234.0,300,0.0,0.0
2024-06-12 13:21:00+09:00,4234.0,4234.0,4234.0,4234.0,100,0.0,0.0
2024-06-12 13:22:00+09:00,4234.0,4235.0,4234.0,4235.0,1000,0.0,0.0
2024-06-12 13:24:00+09:00,4236.0,4236.0,4236.0,4236.0,800,0.0,0.0
2024-06-12 13:25:00+09:00,4237.0,4237.0,4237.0,4237.0,200,0.0,0.0
2024-06-12 13:26:00+09:00,4237.0,4237.0,4236.0,4236.0,1400,0.0,0.0
2024-06-12 13:27:00+09:00,4236.0,4236.0,4236.0,4236.0,400,0.0,0.0
2024-06-12 13:28:00+09:00,4236.0,4236.0,4236.0,4236.0,500,0.0,0.0
2024-06-12 13:29:00+09:00,4236.0,4236.0,4236.0,4236.0,700,0.0,0.0
2024-06-12 13:30:00+09:00,4236.0,4236.0,4233.0,4233.0,2200,0.0,0.0
2024-06-12 13:31:00+09:00,4234.0,4234.0,4234.0,4234.0,200,0.0,0.0
2024-06-12 13:32:00+09:00,4234.0,4234.0,4233.0,4233.0,800,0.0,0.0
2024-06-12 13:33:00+09:00,4233.0,4235.0,4233.0,4235.0,1100,0.0,0.0
2024-06-12 13:34:00+09:00,4235.0,4235.0,4233.0,4233.0,1400,0.0,0.0
2024-06-12 13:35:00+09:00,4234.0,4235.0,4234.0,4235.0,1700,0.0,0.0
2024-06-12 13:36:00+09:00,4235.0,4235.0,4234.0,4234.0,400,0.0,0.0
2024-06-12 13:37:00+09:00,4233.0,4233.0,4232.0,4232.0,1500,0.0,0.0
2024-06-12 13:38:00+09:00,4231.0,4231.0,4229.0,4230.0,9200,0.0,0.0
2024-06-12 13:39:00+09:00,4229.0,4229.0,4226.0,4226.0,1700,0.0,0.0
2024-06-12 13:40:00+09:00,4228.0,4228.0,4228.0,4228.0,100,0.0,0.0
2024-06-12 13:41:00+09:00,4228.0,4228.0,4226.0,4226.0,400,0.0,0.0
2024-06-12 13:42:00+09:00,4226.0,4228.0,4226.0,4226.0,2200,0.0,0.0
2024-06-12 13:43:00+09:00,4226.0,4227.0,4226.0,4226.0,1000,0.0,0.0
2024-06-12 13:44:00+09:00,4226.0,4226.0,4225.0,4225.0,500,0.0,0.0
2024-06-12 13:45:00+09:00,4226.0,4226.0,4226.0,4226.0,100,0.0,0.0
2024-06-12 13:46:00+09:00,4226.0,4226.0,4226.0,4226.0,3000,0.0,0.0
2024-06-12 13:47:00+09:00,4226.0,4227.0,4226.0,4227.0,600,0.0,0.0
2024-06-12 13:48:00+09:00,4228.0,4228.0,4228.0,4228.0,1100,0.0,0.0
2024-06-12 13:49:00+09:00,4228.0,4230.0,4228.0,4230.0,3000,0.0,0.0
2024-06-12 13:51:00+09:00,4229.0,4229.0,4227.0,4227.0,1100,0.0,0.0
2024-06-12 13:52:00+09:00,4227.0,4230.0,4227.0,4230.0,1300,0.0,0.0
2024-06-12 13:53:00+09:00,4230.0,4230.0,4230.0,4230.0,200,0.0,0.0
2024-06-12 13:54:00+09:00,4230.0,4230.0,4228.0,4228.0,1100,0.0,0.0
2024-06-12 13:55:00+09:00,4229.0,4230.0,4229.0,4230.0,700,0.0,0.0
2024-06-12 13:57:00+09:00,4229.0,4229.0,4229.0,4229.0,200,0.0,0.0
2024-06-12 13:58:00+09:00,4230.0,4230.0,4230.0,4230.0,300,0.0,0.0
2024-06-12 13:59:00+09:00,4230.0,4230.0,4230.0,4230.0,500,0.0,0.0
2024-06-12 14:00:00+09:00,4230.0,4230.0,4229.0,4229.0,1600,0.0,0.0
2024-06-12 14:01:00+09:00,4229.0,4229.0,4229.0,4229.0,300,0.0,0.0
2024-06-12 14:02:00+09:00,4229.0,4229.0,4226.0,4227.0,3700,0.0,0.0
2024-06-12 14:03:00+09:00,4227.0,4228.0,4227.0,4228.0,500,0.0,0.0
2024-06-12 14:04:00+09:00,4228.0,4230.0,4228.0,4230.0,500,0.0,0.0
2024-06-12 14:05:00+09:00,4231.0,4231.0,4231.0,4231.0,300,0.0,0.0
2024-06-12 14:06:00+09:00,4231.0,4231.0,4226.0,4226.0,1200,0.0,0.0
2024-06-12 14:07:00+09:00,4227.0,4231.0,4227.0,4231.0,5300,0.0,0.0
2024-06-12 14:08:00+09:00,4232.0,4233.0,4232.0,4233.0,500,0.0,0.0
2024-06-12 14:09:00+09:00,4233.0,4233.0,4232.0,4232.0,1000,0.0,0.0
2024-06-12 14:10:00+09:00,4233.0,4234.0,4231.0,4231.0,1000,0.0,0.0
2024-06-12 14:11:00+09:00,4229.0,4230.0,4229.0,4230.0,400,0.0,0.0
2024-06-12 14:12:00+09:00,4230.0,4231.0,4230.0,4230.0,1100,0.0,0.0
2024-06-12 14:13:00+09:00,4232.0,4232.0,4231.0,4231.0,400,0.0,0.0
2024-06-12 14:14:00+09:00,4231.0,4231.0,4229.0,4229.0,600,0.0,0.0
2024-06-12 14:15:00+09:00,4229.0,4229.0,4228.0,4228.0,500,0.0,0.0
2024-06-12 14:16:00+09:00,4228.0,4229.0,4227.0,4229.0,4100,0.0,0.0
2024-06-12 14:17:00+09:00,4229.0,4232.0,4229.0,4232.0,1200,0.0,0.0
2024-06-12 14:18:00+09:00,4232.0,4232.0,4232.0,4232.0,500,0.0,0.0
2024-06-12 14:19:00+09:00,4232.0,4232.0,4232.0,4232.0,200,0.0,0.0
2024-06-12 14:20:00+09:00,4232.0,4237.0,4232.0,4234.0,4900,0.0,0.0
2024-06-12 14:21:00+09:00,4237.0,4237.0,4236.0,4236.0,700,0.0,0.0
2024-06-12 14:22:00+09:00,4238.0,4240.0,4237.0,4238.0,1900,0.0,0.0
2024-06-12 14:23:00+09:00,4239.0,4242.0,4239.0,4242.0,700,0.0,0.0
2024-06-12 14:24:00+09:00,4240.0,4240.0,4239.0,4239.0,800,0.0,0.0
2024-06-12 14:25:00+09:00,4238.0,4238.0,4235.0,4238.0,2700,0.0,0.0
2024-06-12 14:26:00+09:00,4239.0,4239.0,4238.0,4238.0,400,0.0,0.0
2024-06-12 14:27:00+09:00,4238.0,4239.0,4237.0,4238.0,2700,0.0,0.0
2024-06-12 14:28:00+09:00,4238.0,4241.0,4238.0,4241.0,2600,0.0,0.0
2024-06-12 14:29:00+09:00,4241.0,4243.0,4241.0,4243.0,500,0.0,0.0
2024-06-12 14:30:00+09:00,4242.0,4242.0,4238.0,4238.0,1800,0.0,0.0
2024-06-12 14:31:00+09:00,4239.0,4239.0,4236.0,4236.0,1000,0.0,0.0
2024-06-12 14:32:00+09:00,4238.0,4239.0,4238.0,4239.0,1200,0.0,0.0
2024-06-12 14:33:00+09:00,4240.0,4242.0,4240.0,4242.0,900,0.0,0.0
2024-06-12 14:34:00+09:00,4241.0,4242.0,4241.0,4242.0,700,0.0,0.0
2024-06-12 14:35:00+09:00,4242.0,4243.0,4242.0,4242.0,1200,0.0,0.0
2024-06-12 14:36:00+09:00,4242.0,4243.0,4242.0,4242.0,500,0.0,0.0
2024-06-12 14:37:00+09:00,4243.0,4243.0,4240.0,4241.0,3800,0.0,0.0
2024-06-12 14:38:00+09:00,4241.0,4241.0,4237.0,4238.0,2300,0.0,0.0
2024-06-12 14:39:00+09:00,4238.0,4239.0,4238.0,4239.0,1000,0.0,0.0
2024-06-12 14:40:00+09:00,4238.0,4238.0,4236.0,4236.0,1300,0.0,0.0
2024-06-12 14:41:00+09:00,4237.0,4239.0,4237.0,4239.0,4200,0.0,0.0
2024-06-12 14:42:00+09:00,4239.0,4242.0,4239.0,4241.0,4300,0.0,0.0
2024-06-12 14:43:00+09:00,4241.0,4241.0,4240.0,4240.0,1000,0.0,0.0
2024-06-12 14:44:00+09:00,4239.0,4239.0,4236.0,4236.0,5600,0.0,0.0
2024-06-12 14:45:00+09:00,4235.0,4238.0,4235.0,4238.0,1000,0.0,0.0
2024-06-12 14:46:00+09:00,4238.0,4238.0,4237.0,4237.0,1200,0.0,0.0
2024-06-12 14:47:00+09:00,4236.0,4236.0,4236.0,4236.0,1300,0.0,0.0
2024-06-12 14:48:00+09:00,4237.0,4237.0,4236.0,4237.0,3700,0.0,0.0
2024-06-12 14:49:00+09:00,4238.0,4239.0,4238.0,4238.0,1900,0.0,0.0
2024-06-12 14:50:00+09:00,4238.0,4238.0,4235.0,4236.0,13200,0.0,0.0
2024-06-12 14:51:00+09:00,4236.0,4236.0,4235.0,4236.0,2200,0.0,0.0
2024-06-12 14:52:00+09:00,4237.0,4238.0,4237.0,4237.0,2900,0.0,0.0
2024-06-12 14:53:00+09:00,4238.0,4238.0,4238.0,4238.0,1900,0.0,0.0
2024-06-12 14:54:00+09:00,4238.0,4238.0,4237.0,4237.0,1200,0.0,0.0
2024-06-12 14:55:00+09:00,4237.0,4237.0,4233.0,4233.0,7700,0.0,0.0
2024-06-12 14:56:00+09:00,4233.0,4233.0,4233.0,4233.0,3200,0.0,0.0
2024-06-12 14:57:00+09:00,4232.0,4233.0,4232.0,4232.0,1900,0.0,0.0
2024-06-12 14:58:00+09:00,4232.0,4233.0,4230.0,4232.0,5600,0.0,0.0
2024-06-12 14:59:00+09:00,4233.0,4238.0,4230.0,4236.0,14800,0.0,0.0
2024-06-13 09:00:00+09:00,4223.0,4247.0,4222.0,4235.0,26700,0.0,0.0
2024-06-13 09:01:00+09:00,4243.0,4244.0,4226.0,4228.0,7600,0.0,0.0
2024-06-13 09:02:00+09:00,4226.0,4226.0,4208.0,4210.0,11300,0.0,0.0
2024-06-13 09:03:00+09:00,4208.0,4210.0,4195.0,4195.0,13400,0.0,0.0
2024-06-13 09:04:00+09:00,4194.0,4194.0,4186.0,4189.0,11200,0.0,0.0
2024-06-13 09:05:00+09:00,4187.0,4195.0,4187.0,4193.0,5500,0.0,0.0
2024-06-13 09:06:00+09:00,4196.0,4198.0,4191.0,4192.0,4500,0.0,0.0
2024-06-13 09:07:00+09:00,4192.0,4195.0,4179.0,4184.0,9700,0.0,0.0
2024-06-13 09:08:00+09:00,4188.0,4190.0,4177.0,4182.0,4400,0.0,0.0
2024-06-13 09:09:00+09:00,4184.0,4185.0,4180.0,4182.0,4000,0.0,0.0
2024-06-13 09:10:00+09:00,4182.0,4185.0,4177.0,4183.0,3800,0.0,0.0
2024-06-13 09:11:00+09:00,4185.0,4195.0,4184.0,4194.0,4100,0.0,0.0
2024-06-13 09:12:00+09:00,4194.0,4202.0,4194.0,4198.0,3500,0.0,0.0
2024-06-13 09:13:00+09:00,4199.0,4200.0,4188.0,4193.0,3200,0.0,0.0
2024-06-13 09:14:00+09:00,4192.0,4192.0,4186.0,4188.0,3300,0.0,0.0
2024-06-13 09:15:00+09:00,4186.0,4187.0,4179.0,4179.0,5000,0.0,0.0
2024-06-13 09:16:00+09:00,4180.0,4181.0,4172.0,4175.0,6600,0.0,0.0
2024-06-13 09:17:00+09:00,4174.0,4181.0,4174.0,4181.0,6100,0.0,0.0
2024-06-13 09:18:00+09:00,4180.0,4182.0,4180.0,4181.0,1700,0.0,0.0
2024-06-13 09:19:00+09:00,4180.0,4181.0,4177.0,4179.0,1500,0.0,0.0
2024-06-13 09:20:00+09:00,4180.0,4181.0,4175.0,4180.0,4000,0.0,0.0
2024-06-13 09:21:00+09:00,4176.0,4185.0,4173.0,4185.0,7600,0.0,0.0
2024-06-13 09:22:00+09:00,4187.0,4193.0,4186.0,4193.0,8000,0.0,0.0
2024-06-13 09:23:00+09:00,4194.0,4195.0,4186.0,4186.0,2600,0.0,0.0
2024-06-13 09:24:00+09:00,4186.0,4186.0,4181.0,4182.0,3000,0.0,0.0
2024-06-13 09:25:00+09:00,4182.0,4183.0,4178.0,4179.0,1700,0.0,0.0
2024-06-13 09:26:00+09:00,4180.0,4180.0,4177.0,4178.0,5000,0.0,0.0
2024-06-13 09:27:00+09:00,4177.0,4178.0,4168.0,4169.0,3800,0.0,0.0
2024-06-13 09:28:00+09:00,4168.0,4175.0,4168.0,4174.0,3100,0.0,0.0
2024-06-13 09:29:00+09:00,4173.0,4174.0,4168.0,4171.0,2200,0.0,0.0
2024-06-13 09:30:00+09:00,4171.0,4173.0,4168.0,4168.0,1800,0.0,0.0
2024-06-13 09:31:00+09:00,4167.0,4167.0,4161.0,4161.0,7500,0.0,0.0
2024-06-13 09:32:00+09:00,4160.0,4161.0,4156.0,4159.0,3500,0.0,0.0
2024-06-13 09:33:00+09:00,4159.0,4168.0,4159.0,4167.0,2500,0.0,0.0
2024-06-13 09:34:00+09:00,4169.0,4172.0,4169.0,4172.0,1200,0.0,0.0
2024-06-13 09:35:00+09:00,4173.0,4175.0,4169.0,4173.0,2500,0.0,0.0
2024-06-13 09:36:00+09:00,4173.0,4173.0,4167.0,4167.0,3800,0.0,0.0
2024-06-13 09:37:00+09:00,4165.0,4165.0,4157.0,4157.0,1800,0.0,0.0
2024-06-13 09:38:00+09:00,4156.0,4156.0,4153.0,4155.0,6300,0.0,0.0
2024-06-13 09:39:00+09:00,4156.0,4156.0,4145.0,4151.0,29300,0.0,0.0
2024-06-13 09:40:00+09:00,4150.0,4150.0,4145.0,4146.0,3800,0.0,0.0
2024-06-13 09:41:00+09:00,4145.0,4145.0,4139.0,4139.0,1700,0.0,0.0
2024-06-13 09:42:00+09:00,4139.0,4140.0,4135.0,4137.0,2600,0.0,0.0
2024-06-13 09:43:00+09:00,4136.0,4137.0,4135.0,4135.0,1700,0.0,0.0
2024-06-13 09:44:00+09:00,4133.0,4137.0,4132.0,4136.0,2600,0.0,0.0
2024-06-13 09:45:00+09:00,4137.0,4137.0,4134.0,4134.0,7900,0.0,0.0
2024-06-13 09:46:00+09:00,4135.0,4141.0,4135.0,4141.0,1800,0.0,0.0
2024-06-13 09:47:00+09:00,4141.0,4143.0,4137.0,4137.0,2500,0.0,0.0
2024-06-13 09:48:00+09:00,4136.0,4137.0,4134.0,4135.0,2000,0.0,0.0
2024-06-13 09:49:00+09:00,4135.0,4138.0,4133.0,4138.0,2400,0.0,0.0
2024-06-13 09:50:00+09:00,4140.0,4144.0,4135.0,4135.0,1800,0.0,0.0
2024-06-13 09:51:00+09:00,4136.0,4139.0,4134.0,4134.0,2300,0.0,0.0
2024-06-13 09:52:00+09:00,4135.0,4141.0,4135.0,4141.0,1200,0.0,0.0
2024-06-13 09:53:00+09:00,4141.0,4144.0,4140.0,4144.0,600,0.0,0.0
2024-06-13 09:54:00+09:00,4148.0,4151.0,4148.0,4151.0,3100,0.0,0.0
2024-06-13 09:55:00+09:00,4151.0,4153.0,4148.0,4153.0,2500,0.0,0.0
2024-06-13 09:56:00+09:00,4153.0,4153.0,4150.0,4151.0,600,0.0,0.0
2024-06-13 09:58:00+09:00,4147.0,4150.0,4147.0,4148.0,3700,0.0,0.0
2024-06-13 09:59:00+09:00,4148.0,4151.0,4141.0,4141.0,3800,0.0,0.0
2024-06-13 10:00:00+09:00,4142.0,4150.0,4142.0,4150.0,2000,0.0,0.0
2024-06-13 10:01:00+09:00,4150.0,4150.0,4145.0,4145.0,1500,0.0,0.0
2024-06-13 10:02:00+09:00,4145.0,4146.0,4145.0,4146.0,700,0.0,0.0
2024-06-13 10:03:00+09:00,4145.0,4147.0,4145.0,4147.0,1800,0.0,0.0
2024-06-13 10:04:00+09:00,4148.0,4148.0,4141.0,4141.0,3000,0.0,0.0
2024-06-13 10:05:00+09:00,4142.0,4145.0,4142.0,4143.0,1800,0.0,0.0
2024-06-13 10:06:00+09:00,4143.0,4146.0,4143.0,4144.0,2300,0.0,0.0
2024-06-13 10:07:00+09:00,4141.0,4141.0,4136.0,4137.0,9100,0.0,0.0
2024-06-13 10:08:00+09:00,4136.0,4141.0,4136.0,4137.0,7500,0.0,0.0
2024-06-13 10:10:00+09:00,4143.0,4143.0,4141.0,4141.0,2600,0.0,0.0
2024-06-13 10:11:00+09:00,4139.0,4139.0,4139.0,4139.0,3500,0.0,0.0
2024-06-13 10:12:00+09:00,4140.0,4141.0,4140.0,4141.0,500,0.0,0.0
2024-06-13 10:14:00+09:00,4142.0,4143.0,4142.0,4142.0,1900,0.0,0.0
2024-06-13 10:15:00+09:00,4141.0,4143.0,4140.0,4143.0,1700,0.0,0.0
2024-06-13 10:16:00+09:00,4144.0,4145.0,4142.0,4145.0,1400,0.0,0.0
2024-06-13 10:17:00+09:00,4145.0,4145.0,4142.0,4145.0,1400,0.0,0.0
2024-06-13 10:18:00+09:00,4146.0,4147.0,4146.0,4146.0,500,0.0,0.0
2024-06-13 10:19:00+09:00,4146.0,4146.0,4137.0,4141.0,11700,0.0,0.0
2024-06-13 10:20:00+09:00,4142.0,4144.0,4142.0,4143.0,300,0.0,0.0
2024-06-13 10:21:00+09:00,4142.0,4142.0,4140.0,4141.0,5100,0.0,0.0
2024-06-13 10:22:00+09:00,4139.0,4142.0,4138.0,4139.0,1400,0.0,0.0
2024-06-13 10:23:00+09:00,4140.0,4140.0,4138.0,4138.0,700,0.0,0.0
2024-06-13 10:24:00+09:00,4137.0,4137.0,4133.0,4133.0,1900,0.0,0.0
2024-06-13 10:25:00+09:00,4132.0,4132.0,4130.0,4131.0,3100,0.0,0.0
2024-06-13 10:26:00+09:00,4131.0,4133.0,4130.0,4130.0,5300,0.0,0.0
2024-06-13 10:27:00+09:00,4129.0,4129.0,4126.0,4126.0,1600,0.0,0.0
2024-06-13 10:28:00+09:00,4125.0,4125.0,4115.0,4119.0,11000,0.0,0.0
2024-06-13 10:29:00+09:00,4122.0,4127.0,4122.0,4123.0,2100,0.0,0.0
2024-06-13 10:30:00+09:00,4125.0,4130.0,4125.0,4130.0,2100,0.0,0.0
2024-06-13 10:31:00+09:00,4133.0,4136.0,4133.0,4135.0,900,0.0,0.0
2024-06-13 10:32:00+09:00,4134.0,4136.0,4132.0,4136.0,1000,0.0,0.0
2024-06-13 10:33:00+09:00,4136.0,4137.0,4136.0,4137.0,900,0.0,0.0
2024-06-13 10:34:00+09:00,4137.0,4143.0,4134.0,4143.0,3200,0.0,0.0
2024-06-13 10:35:00+09:00,4141.0,4141.0,4140.0,4141.0,900,0.0,0.0
2024-06-13 10:36:00+09:00,4138.0,4141.0,4136.0,4139.0,2500,0.0,0.0
2024-06-13 10:37:00+09:00,4141.0,4142.0,4140.0,4141.0,2700,0.0,0.0
2024-06-13 10:38:00+09:00,4139.0,4141.0,4138.0,4141.0,1100,0.0,0.0
2024-06-13 10:39:00+09:00,4142.0,4142.0,4141.0,4141.0,200,0.0,0.0
2024-06-13 10:40:00+09:00,4142.0,4150.0,4142.0,4147.0,2900,0.0,0.0
2024-06-13 10:41:00+09:00,4147.0,4149.0,4145.0,4145.0,2000,0.0,0.0
2024-06-13 10:42:00+09:00,4144.0,4149.0,4144.0,4148.0,2000,0.0,0.0
2024-06-13 10:43:00+09:00,4148.0,4155.0,4147.0,4155.0,4200,0.0,0.0
2024-06-13 10:44:00+09:00,4156.0,4158.0,4154.0,4157.0,1200,0.0,0.0
2024-06-13 10:45:00+09:00,4157.0,4157.0,4155.0,4157.0,1200,0.0,0.0
2024-06-13 10:46:00+09:00,4158.0,4158.0,4157.0,4157.0,200,0.0,0.0
2024-06-13 10:47:00+09:00,4157.0,4157.0,4149.0,4152.0,3800,0.0,0.0
2024-06-13 10:48:00+09:00,4154.0,4155.0,4153.0,4153.0,1600,0.0,0.0
2024-06-13 10:49:00+09:00,4151.0,4153.0,4151.0,4153.0,1300,0.0,0.0
2024-06-13 10:50:00+09:00,4154.0,4155.0,4153.0,4153.0,1000,0.0,0.0
2024-06-13 10:51:00+09:00,4155.0,4155.0,4149.0,4149.0,1900,0.0,0.0
2024-06-13 10:52:00+09:00,4149.0,4150.0,4149.0,4149.0,1000,0.0,0.0
2024-06-13 10:53:00+09:00,4149.0,4149.0,4147.0,4148.0,900,0.0,0.0
2024-06-13 10:54:00+09:00,4149.0,4151.0,4149.0,4150.0,2200,0.0,0.0
2024-06-13 10:55:00+09:00,4148.0,4149.0,4148.0,4149.0,400,0.0,0.0
2024-06-13 10:56:00+09:00,4150.0,4152.0,4150.0,4151.0,1300,0.0,0.0
2024-06-13 10:57:00+09:00,4151.0,4152.0,4151.0,4151.0,300,0.0,0.0
2024-06-13 10:58:00+09:00,4152.0,4153.0,4151.0,4151.0,2000,0.0,0.0
2024-06-13 10:59:00+09:00,4152.0,4152.0,4152.0,4152.0,100,0.0,0.0
2024-06-13 11:00:00+09:00,4152.0,4155.0,4152.0,4155.0,1700,0.0,0.0
2024-06-13 11:01:00+09:00,4156.0,4156.0,4153.0,4155.0,1000,0.0,0.0
2024-06-13 11:02:00+09:00,4154.0,4155.0,4154.0,4155.0,900,0.0,0.0
2024-06-13 11:03:00+09:00,4155.0,4156.0,4155.0,4155.0,900,0.0,0.0
2024-06-13 11:04:00+09:00,4156.0,4157.0,4156.0,4157.0,1000,0.0,0.0
2024-06-13 11:05:00+09:00,4158.0,4161.0,4157.0,4158.0,3400,0.0,0.0
2024-06-13 11:06:00+09:00,4159.0,4159.0,4158.0,4159.0,700,0.0,0.0
2024-06-13 11:07:00+09:00,4158.0,4159.0,4157.0,4158.0,1100,0.0,0.0
2024-06-13 11:08:00+09:00,4159.0,4159.0,4155.0,4157.0,700,0.0,0.0
2024-06-13 11:09:00+09:00,4156.0,4156.0,4156.0,4156.0,600,0.0,0.0
2024-06-13 11:10:00+09:00,4156.0,4156.0,4153.0,4153.0,1300,0.0,0.0
2024-06-13 11:11:00+09:00,4154.0,4155.0,4154.0,4154.0,500,0.0,0.0
2024-06-13 11:12:00+09:00,4155.0,4157.0,4155.0,4157.0,700,0.0,0.0
2024-06-13 11:13:00+09:00,4153.0,4153.0,4153.0,4153.0,0,0.0,0.0
2024-06-13 11:14:00+09:00,4154.0,4154.0,4153.0,4153.0,437300,0.0,0.0
2024-06-13 11:15:00+09:00,4154.0,4155.0,4153.0,4155.0,1300,0.0,0.0
2024-06-13 11:16:00+09:00,4157.0,4157.0,4156.0,4156.0,300,0.0,0.0
2024-06-13 11:17:00+09:00,4157.0,4158.0,4152.0,4152.0,2900,0.0,0.0
2024-06-13 11:18:00+09:00,4152.0,4152.0,4147.0,4147.0,2300,0.0,0.0
2024-06-13 11:19:00+09:00,4147.0,4149.0,4147.0,4148.0,900,0.0,0.0
2024-06-13 11:20:00+09:00,4148.0,4148.0,4147.0,4148.0,1400,0.0,0.0
2024-06-13 11:21:00+09:00,4148.0,4148.0,4148.0,4148.0,100,0.0,0.0
2024-06-13 11:22:00+09:00,4148.0,4150.0,4148.0,4150.0,2100,0.0,0.0
2024-06-13 11:23:00+09:00,4150.0,4150.0,4150.0,4150.0,300,0.0,0.0
2024-06-13 11:24:00+09:00,4149.0,4150.0,4144.0,4144.0,3800,0.0,0.0
2024-06-13 11:25:00+09:00,4144.0,4144.0,4143.0,4143.0,500,0.0,0.0
2024-06-13 11:26:00+09:00,4144.0,4150.0,4144.0,4147.0,3000,0.0,0.0
2024-06-13 11:27:00+09:00,4146.0,4148.0,4146.0,4148.0,800,0.0,0.0
2024-06-13 11:28:00+09:00,4149.0,4149.0,4142.0,4142.0,1800,0.0,0.0
2024-06-13 11:29:00+09:00,4143.0,4143.0,4140.0,4141.0,600,0.0,0.0
2024-06-13 11:30:00+09:00,4141.0,4141.0,4141.0,4141.0,1100,0.0,0.0
2024-06-13 11:35:00+09:00,4141.0,4141.0,4141.0,4141.0,0,0.0,0.0
2024-06-13 12:30:00+09:00,4132.0,4138.0,4128.0,4137.0,477300,0.0,0.0
2024-06-13 12:31:00+09:00,4139.0,4140.0,4138.0,4140.0,4200,0.0,0.0
2024-06-13 12:32:00+09:00,4141.0,4145.0,4141.0,4144.0,1300,0.0,0.0
2024-06-13 12:33:00+09:00,4144.0,4144.0,4141.0,4141.0,1500,0.0,0.0
2024-06-13 12:34:00+09:00,4141.0,4141.0,4135.0,4138.0,2900,0.0,0.0
2024-06-13 12:35:00+09:00,4139.0,4140.0,4136.0,4136.0,600,0.0,0.0
2024-06-13 12:36:00+09:00,4135.0,4139.0,4135.0,4138.0,5100,0.0,0.0
2024-06-13 12:37:00+09:00,4138.0,4138.0,4136.0,4138.0,1900,0.0,0.0
2024-06-13 12:38:00+09:00,4137.0,4139.0,4137.0,4139.0,2000,0.0,0.0
2024-06-13 12:39:00+09:00,4139.0,4143.0,4136.0,4136.0,3100,0.0,0.0
2024-06-13 12:40:00+09:00,4135.0,4135.0,4132.0,4132.0,900,0.0,0.0
2024-06-13 12:41:00+09:00,4131.0,4132.0,4126.0,4128.0,1400,0.0,0.0
2024-06-13 12:42:00+09:00,4129.0,4129.0,4127.0,4128.0,900,0.0,0.0
2024-06-13 12:43:00+09:00,4129.0,4135.0,4128.0,4135.0,2700,0.0,0.0
2024-06-13 12:44:00+09:00,4134.0,4135.0,4134.0,4134.0,1000,0.0,0.0
2024-06-13 12:45:00+09:00,4133.0,4138.0,4133.0,4136.0,4600,0.0,0.0
2024-06-13 12:46:00+09:00,4135.0,4135.0,4135.0,4135.0,500,0.0,0.0
2024-06-13 12:47:00+09:00,4134.0,4134.0,4132.0,4134.0,2300,0.0,0.0
2024-06-13 12:48:00+09:00,4131.0,4131.0,4130.0,4131.0,1000,0.0,0.0
2024-06-13 12:49:00+09:00,4133.0,4135.0,4133.0,4134.0,1700,0.0,0.0
2024-06-13 12:50:00+09:00,4134.0,4136.0,4134.0,4135.0,2100,0.0,0.0
2024-06-13 12:51:00+09:00,4136.0,4136.0,4130.0,4130.0,1300,0.0,0.0
2024-06-13 12:52:00+09:00,4130.0,4132.0,4128.0,4128.0,1500,0.0,0.0
2024-06-13 12:53:00+09:00,4128.0,4131.0,4128.0,4131.0,1300,0.0,0.0
2024-06-13 12:54:00+09:00,4132.0,4135.0,4132.0,4134.0,2000,0.0,0.0
2024-06-13 12:55:00+09:00,4135.0,4137.0,4135.0,4137.0,2100,0.0,0.0
2024-06-13 12:56:00+09:00,4136.0,4136.0,4136.0,4136.0,700,0.0,0.0
2024-06-13 12:57:00+09:00,4135.0,4137.0,4135.0,4137.0,1800,0.0,0.0
2024-06-13 12:58:00+09:00,4136.0,4138.0,4136.0,4138.0,1300,0.0,0.0
2024-06-13 12:59:00+09:00,4138.0,4139.0,4137.0,4137.0,2100,0.0,0.0
2024-06-13 13:00:00+09:00,4137.0,4137.0,4133.0,4133.0,2100,0.0,0.0
2024-06-13 13:01:00+09:00,4132.0,4132.0,4128.0,4128.0,1400,0.0,0.0
2024-06-13 13:02:00+09:00,4129.0,4133.0,4129.0,4133.0,2200,0.0,0.0
2024-06-13 13:04:00+09:00,4134.0,4135.0,4134.0,4134.0,1200,0.0,0.0
2024-06-13 13:05:00+09:00,4135.0,4135.0,4133.0,4133.0,2100,0.0,0.0
2024-06-13 13:06:00+09:00,4133.0,4133.0,4131.0,4132.0,1100,0.0,0.0
2024-06-13 13:07:00+09:00,4133.0,4134.0,4132.0,4134.0,600,0.0,0.0
2024-06-13 13:08:00+09:00,4134.0,4135.0,4133.0,4133.0,700,0.0,0.0
2024-06-13 13:09:00+09:00,4132.0,4134.0,4132.0,4134.0,900,0.0,0.0
2024-06-13 13:10:00+09:00,4135.0,4136.0,4134.0,4136.0,1100,0.0,0.0
2024-06-13 13:11:00+09:00,4136.0,4136.0,4135.0,4135.0,500,0.0,0.0
2024-06-13 13:12:00+09:00,4135.0,4135.0,4132.0,4132.0,2500,0.0,0.0
2024-06-13 13:13:00+09:00,4133.0,4135.0,4133.0,4135.0,900,0.0,0.0
2024-06-13 13:14:00+09:00,4136.0,4136.0,4135.0,4135.0,300,0.0,0.0
2024-06-13 13:15:00+09:00,4136.0,4136.0,4131.0,4132.0,3500,0.0,0.0
2024-06-13 13:16:00+09:00,4133.0,4136.0,4133.0,4135.0,2600,0.0,0.0
2024-06-13 13:17:00+09:00,4134.0,4135.0,4134.0,4134.0,800,0.0,0.0
2024-06-13 13:18:00+09:00,4135.0,4136.0,4135.0,4135.0,1200,0.0,0.0
2024-06-13 13:19:00+09:00,4135.0,4136.0,4134.0,4134.0,1700,0.0,0.0
2024-06-13 13:20:00+09:00,4133.0,4133.0,4130.0,4131.0,2200,0.0,0.0
2024-06-13 13:21:00+09:00,4130.0,4130.0,4127.0,4127.0,2500,0.0,0.0
2024-06-13 13:22:00+09:00,4127.0,4127.0,4127.0,4127.0,100,0.0,0.0
2024-06-13 13:23:00+09:00,4126.0,4127.0,4126.0,4126.0,1400,0.0,0.0
2024-06-13 13:24:00+09:00,4125.0,4126.0,4125.0,4126.0,3800,0.0,0.0
2024-06-13 13:25:00+09:00,4126.0,4128.0,4126.0,4127.0,3700,0.0,0.0
2024-06-13 13:26:00+09:00,4127.0,4127.0,4127.0,4127.0,500,0.0,0.0
2024-06-13 13:27:00+09:00,4128.0,4129.0,4127.0,4129.0,900,0.0,0.0
2024-06-13 13:28:00+09:00,4129.0,4130.0,4128.0,4128.0,1100,0.0,0.0
2024-06-13 13:29:00+09:00,4129.0,4129.0,4129.0,4129.0,700,0.0,0.0
2024-06-13 13:30:00+09:00,4130.0,4131.0,4130.0,4131.0,2300,0.0,0.0
2024-06-13 13:31:00+09:00,4132.0,4133.0,4130.0,4131.0,1100,0.0,0.0
2024-06-13 13:32:00+09:00,4133.0,4133.0,4131.0,4131.0,1700,0.0,0.0
2024-06-13 13:33:00+09:00,4131.0,4132.0,4131.0,4132.0,500,0.0,0.0
2024-06-13 13:34:00+09:00,4133.0,4135.0,4133.0,4135.0,800,0.0,0.0
2024-06-13 13:35:00+09:00,4135.0,4141.0,4135.0,4141.0,1200,0.0,0.0
2024-06-13 13:36:00+09:00,4141.0,4142.0,4137.0,4137.0,3200,0.0,0.0
2024-06-13 13:37:00+09:00,4138.0,4140.0,4138.0,4139.0,600,0.0,0.0
2024-06-13 13:38:00+09:00,4139.0,4141.0,4139.0,4139.0,600,0.0,0.0
2024-06-13 13:39:00+09:00,4140.0,4140.0,4137.0,4137.0,1200,0.0,0.0
2024-06-13 13:40:00+09:00,4138.0,4138.0,4133.0,4133.0,3700,0.0,0.0
2024-06-13 13:41:00+09:00,4134.0,4134.0,4131.0,4131.0,700,0.0,0.0
2024-06-13 13:42:00+09:00,4131.0,4131.0,4128.0,4128.0,2200,0.0,0.0
2024-06-13 13:43:00+09:00,4128.0,4129.0,4128.0,4129.0,1000,0.0,0.0
2024-06-13 13:44:00+09:00,4129.0,4129.0,4128.0,4128.0,800,0.0,0.0
2024-06-13 13:45:00+09:00,4130.0,4130.0,4127.0,4127.0,2800,0.0,0.0
2024-06-13 13:46:00+09:00,4128.0,4128.0,4127.0,4127.0,1500,0.0,0.0
2024-06-13 13:48:00+09:00,4128.0,4132.0,4128.0,4129.0,6800,0.0,0.0
2024-06-13 13:50:00+09:00,4130.0,4130.0,4129.0,4129.0,1000,0.0,0.0
2024-06-13 13:51:00+09:00,4130.0,4130.0,4130.0,4130.0,2100,0.0,0.0
2024-06-13 13:52:00+09:00,4131.0,4131.0,4131.0,4131.0,600,0.0,0.0
2024-06-13 13:53:00+09:00,4131.0,4132.0,4130.0,4132.0,3500,0.0,0.0
2024-06-13 13:54:00+09:00,4133.0,4133.0,4131.0,4131.0,2400,0.0,0.0
2024-06-13 13:55:00+09:00,4131.0,4132.0,4130.0,4131.0,1200,0.0,0.0
2024-06-13 13:56:00+09:00,4130.0,4132.0,4130.0,4132.0,2800,0.0,0.0
2024-06-13 13:57:00+09:00,4133.0,4133.0,4130.0,4130.0,1100,0.0,0.0
2024-06-13 13:58:00+09:00,4130.0,4130.0,4129.0,4130.0,1600,0.0,0.0
2024-06-13 13:59:00+09:00,4130.0,4130.0,4125.0,4125.0,4200,0.0,0.0
2024-06-13 14:00:00+09:00,4124.0,4126.0,4123.0,4126.0,2000,0.0,0.0
2024-06-13 14:01:00+09:00,4126.0,4126.0,4124.0,4124.0,1300,0.0,0.0
2024-06-13 14:02:00+09:00,4123.0,4124.0,4122.0,4124.0,1700,0.0,0.0
2024-06-13 14:03:00+09:00,4125.0,4125.0,4125.0,4125.0,100,0.0,0.0
2024-06-13 14:04:00+09:00,4125.0,4125.0,4125.0,4125.0,1200,0.0,0.0
2024-06-13 14:05:00+09:00,4126.0,4129.0,4126.0,4127.0,2800,0.0,0.0
2024-06-13 14:06:00+09:00,4127.0,4128.0,4126.0,4128.0,1900,0.0,0.0
2024-06-13 14:07:00+09:00,4127.0,4130.0,4126.0,4130.0,1500,0.0,0.0
2024-06-13 14:08:00+09:00,4130.0,4133.0,4130.0,4131.0,4600,0.0,0.0
2024-06-13 14:09:00+09:00,4130.0,4133.0,4130.0,4131.0,4300,0.0,0.0
2024-06-13 14:10:00+09:00,4131.0,4131.0,4130.0,4130.0,1100,0.0,0.0
2024-06-13 14:11:00+09:00,4131.0,4131.0,4129.0,4129.0,200,0.0,0.0
2024-06-13 14:12:00+09:00,4129.0,4129.0,4128.0,4128.0,800,0.0,0.0
2024-06-13 14:13:00+09:00,4128.0,4129.0,4128.0,4129.0,1700,0.0,0.0
2024-06-13 14:14:00+09:00,4128.0,4128.0,4128.0,4128.0,900,0.0,0.0
2024-06-13 14:15:00+09:00,4128.0,4128.0,4128.0,4128.0,700,0.0,0.0
2024-06-13 14:16:00+09:00,4127.0,4128.0,4126.0,4126.0,3800,0.0,0.0
2024-06-13 14:17:00+09:00,4126.0,4128.0,4126.0,4127.0,1700,0.0,0.0
2024-06-13 14:18:00+09:00,4126.0,4128.0,4126.0,4128.0,700,0.0,0.0
2024-06-13 14:19:00+09:00,4128.0,4128.0,4127.0,4127.0,800,0.0,0.0
2024-06-13 14:20:00+09:00,4127.0,4127.0,4126.0,4126.0,2600,0.0,0.0
2024-06-13 14:21:00+09:00,4125.0,4125.0,4124.0,4125.0,1100,0.0,0.0
2024-06-13 14:22:00+09:00,4125.0,4125.0,4124.0,4125.0,400,0.0,0.0
2024-06-13 14:23:00+09:00,4125.0,4125.0,4124.0,4124.0,200,0.0,0.0
2024-06-13 14:24:00+09:00,4125.0,4126.0,4125.0,4125.0,1800,0.0,0.0
2024-06-13 14:25:00+09:00,4125.0,4127.0,4125.0,4127.0,2000,0.0,0.0
2024-06-13 14:26:00+09:00,4127.0,4128.0,4127.0,4128.0,800,0.0,0.0
2024-06-13 14:27:00+09:00,4128.0,4128.0,4125.0,4125.0,1900,0.0,0.0
2024-06-13 14:28:00+09:00,4126.0,4126.0,4125.0,4126.0,1700,0.0,0.0
2024-06-13 14:29:00+09:00,4124.0,4124.0,4123.0,4123.0,2200,0.0,0.0
2024-06-13 14:30:00+09:00,4123.0,4126.0,4122.0,4124.0,2000,0.0,0.0
2024-06-13 14:31:00+09:00,4125.0,4125.0,4125.0,4125.0,400,0.0,0.0
2024-06-13 14:32:00+09:00,4125.0,4125.0,4124.0,4125.0,1200,0.0,0.0
2024-06-13 14:33:00+09:00,4125.0,4127.0,4125.0,4127.0,1200,0.0,0.0
2024-06-13 14:34:00+09:00,4128.0,4128.0,4128.0,4128.0,100,0.0,0.0
2024-06-13 14:35:00+09:00,4127.0,4127.0,4125.0,4126.0,1400,0.0,0.0
2024-06-13 14:36:00+09:00,4125.0,4127.0,4125.0,4127.0,4000,0.0,0.0
2024-06-13 14:37:00+09:00,4128.0,4128.0,4127.0,4127.0,1300,0.0,0.0
2024-06-13 14:38:00+09:00,4127.0,4128.0,4127.0,4127.0,300,0.0,0.0
2024-06-13 14:39:00+09:00,4127.0,4127.0,4125.0,4126.0,2100,0.0,0.0
2024-06-13 14:40:00+09:00,4124.0,4124.0,4124.0,4124.0,900,0.0,0.0
2024-06-13 14:41:00+09:00,4124.0,4125.0,4123.0,4124.0,3400,0.0,0.0
2024-06-13 14:42:00+09:00,4125.0,4126.0,4125.0,4126.0,2800,0.0,0.0
2024-06-13 14:43:00+09:00,4127.0,4129.0,4127.0,4128.0,2200,0.0,0.0
2024-06-13 14:44:00+09:00,4127.0,4127.0,4126.0,4126.0,500,0.0,0.0
2024-06-13 14:45:00+09:00,4126.0,4126.0,4122.0,4122.0,3200,0.0,0.0
2024-06-13 14:46:00+09:00,4122.0,4123.0,4122.0,4123.0,2400,0.0,0.0
2024-06-13 14:47:00+09:00,4123.0,4123.0,4123.0,4123.0,1500,0.0,0.0
2024-06-13 14:48:00+09:00,4122.0,4122.0,4120.0,4120.0,5000,0.0,0.0
2024-06-13 14:49:00+09:00,4121.0,4121.0,4119.0,4120.0,6300,0.0,0.0
2024-06-13 14:50:00+09:00,4119.0,4119.0,4117.0,4118.0,2600,0.0,0.0
2024-06-13 14:51:00+09:00,4118.0,4119.0,4115.0,4115.0,7200,0.0,0.0
2024-06-13 14:52:00+09:00,4116.0,4118.0,4115.0,4117.0,3800,0.0,0.0
2024-06-13 14:53:00+09:00,4117.0,4118.0,4116.0,4117.0,1700,0.0,0.0
2024-06-13 14:54:00+09:00,4117.0,4119.0,4116.0,4116.0,4300,0.0,0.0
2024-06-13 14:55:00+09:00,4115.0,4117.0,4113.0,4116.0,11300,0.0,0.0
2024-06-13 14:56:00+09:00,4115.0,4115.0,4112.0,4112.0,5700,0.0,0.0
2024-06-13 14:57:00+09:00,4112.0,4113.0,4111.0,4112.0,4800,0.0,0.0
2024-06-13 14:58:00+09:00,4112.0,4115.0,4111.0,4112.0,8100,0.0,0.0
2024-06-13 14:59:00+09:00,4114.0,4124.0,4112.0,4117.0,17100,0.0,0.0
2024-06-14 09:00:00+09:00,4111.0,4126.0,4101.0,4113.0,407000,0.0,0.0
2024-06-14 09:01:00+09:00,4115.0,4124.0,4090.0,4090.0,11200,0.0,0.0
2024-06-14 09:02:00+09:00,4098.0,4109.0,4096.0,4101.0,7600,0.0,0.0
2024-06-14 09:03:00+09:00,4102.0,4113.0,4085.0,4097.0,17800,0.0,0.0
2024-06-14 09:04:00+09:00,4097.0,4129.0,4097.0,4129.0,8400,0.0,0.0
2024-06-14 09:05:00+09:00,4126.0,4137.0,4125.0,4136.0,4700,0.0,0.0
2024-06-14 09:06:00+09:00,4135.0,4149.0,4135.0,4149.0,6300,0.0,0.0
2024-06-14 09:07:00+09:00,4149.0,4150.0,4136.0,4139.0,4300,0.0,0.0
2024-06-14 09:08:00+09:00,4138.0,4141.0,4134.0,4141.0,3400,0.0,0.0
2024-06-14 09:09:00+09:00,4139.0,4143.0,4132.0,4139.0,6000,0.0,0.0
2024-06-14 09:10:00+09:00,4138.0,4152.0,4138.0,4152.0,3400,0.0,0.0
2024-06-14 09:11:00+09:00,4154.0,4159.0,4149.0,4157.0,2200,0.0,0.0
2024-06-14 09:12:00+09:00,4161.0,4167.0,4155.0,4160.0,2700,0.0,0.0
2024-06-14 09:13:00+09:00,4160.0,4160.0,4150.0,4151.0,2000,0.0,0.0
2024-06-14 09:14:00+09:00,4153.0,4153.0,4140.0,4150.0,3600,0.0,0.0
2024-06-14 09:15:00+09:00,4145.0,4145.0,4137.0,4141.0,2600,0.0,0.0
2024-06-14 09:16:00+09:00,4140.0,4146.0,4139.0,4142.0,2100,0.0,0.0
2024-06-14 09:17:00+09:00,4144.0,4147.0,4144.0,4146.0,2400,0.0,0.0
2024-06-14 09:18:00+09:00,4145.0,4145.0,4130.0,4133.0,3900,0.0,0.0
2024-06-14 09:19:00+09:00,4133.0,4135.0,4125.0,4126.0,1800,0.0,0.0
2024-06-14 09:20:00+09:00,4127.0,4136.0,4127.0,4135.0,4900,0.0,0.0
2024-06-14 09:21:00+09:00,4137.0,4143.0,4137.0,4142.0,2800,0.0,0.0
2024-06-14 09:22:00+09:00,4139.0,4139.0,4128.0,4128.0,1800,0.0,0.0
2024-06-14 09:23:00+09:00,4127.0,4130.0,4127.0,4130.0,1000,0.0,0.0
2024-06-14 09:24:00+09:00,4131.0,4134.0,4131.0,4134.0,1300,0.0,0.0
2024-06-14 09:25:00+09:00,4132.0,4134.0,4129.0,4133.0,2300,0.0,0.0
2024-06-14 09:26:00+09:00,4132.0,4137.0,4131.0,4133.0,5700,0.0,0.0
2024-06-14 09:27:00+09:00,4131.0,4132.0,4127.0,4128.0,1900,0.0,0.0
2024-06-14 09:28:00+09:00,4129.0,4130.0,4122.0,4123.0,2100,0.0,0.0
2024-06-14 09:29:00+09:00,4126.0,4126.0,4122.0,4122.0,2600,0.0,0.0
2024-06-14 09:30:00+09:00,4122.0,4123.0,4119.0,4121.0,4800,0.0,0.0
2024-06-14 09:31:00+09:00,4120.0,4121.0,4112.0,4112.0,1900,0.0,0.0
2024-06-14 09:32:00+09:00,4109.0,4110.0,4102.0,4105.0,2900,0.0,0.0
2024-06-14 09:33:00+09:00,4106.0,4106.0,4100.0,4101.0,4900,0.0,0.0
2024-06-14 09:34:00+09:00,4100.0,4110.0,4100.0,4110.0,6900,0.0,0.0
2024-06-14 09:35:00+09:00,4107.0,4114.0,4105.0,4114.0,2700,0.0,0.0
2024-06-14 09:36:00+09:00,4114.0,4117.0,4114.0,4117.0,1000,0.0,0.0
2024-06-14 09:37:00+09:00,4118.0,4124.0,4118.0,4124.0,1700,0.0,0.0
2024-06-14 09:38:00+09:00,4124.0,4125.0,4119.0,4120.0,1900,0.0,0.0
2024-06-14 09:39:00+09:00,4123.0,4123.0,4118.0,4118.0,600,0.0,0.0
2024-06-14 09:40:00+09:00,4120.0,4120.0,4114.0,4114.0,900,0.0,0.0
2024-06-14 09:41:00+09:00,4112.0,4112.0,4105.0,4105.0,2100,0.0,0.0
2024-06-14 09:42:00+09:00,4107.0,4108.0,4106.0,4106.0,800,0.0,0.0
2024-06-14 09:43:00+09:00,4109.0,4114.0,4109.0,4113.0,4200,0.0,0.0
2024-06-14 09:44:00+09:00,4113.0,4114.0,4112.0,4113.0,1300,0.0,0.0
2024-06-14 09:45:00+09:00,4114.0,4116.0,4111.0,4112.0,1700,0.0,0.0
2024-06-14 09:46:00+09:00,4114.0,4118.0,4113.0,4114.0,2800,0.0,0.0
2024-06-14 09:47:00+09:00,4115.0,4124.0,4115.0,4124.0,2000,0.0,0.0
2024-06-14 09:48:00+09:00,4122.0,4126.0,4122.0,4126.0,1400,0.0,0.0
2024-06-14 09:49:00+09:00,4126.0,4128.0,4126.0,4128.0,1400,0.0,0.0
2024-06-14 09:50:00+09:00,4128.0,4136.0,4128.0,4134.0,4100,0.0,0.0
2024-06-14 09:51:00+09:00,4132.0,4132.0,4130.0,4131.0,1500,0.0,0.0
2024-06-14 09:52:00+09:00,4132.0,4134.0,4129.0,4132.0,3600,0.0,0.0
2024-06-14 09:53:00+09:00,4132.0,4133.0,4127.0,4128.0,3400,0.0,0.0
2024-06-14 09:54:00+09:00,4126.0,4132.0,4123.0,4132.0,4900,0.0,0.0
2024-06-14 09:55:00+09:00,4132.0,4133.0,4127.0,4129.0,1200,0.0,0.0
2024-06-14 09:56:00+09:00,4130.0,4130.0,4123.0,4126.0,2400,0.0,0.0
2024-06-14 09:57:00+09:00,4126.0,4126.0,4126.0,4126.0,200,0.0,0.0
2024-06-14 09:58:00+09:00,4123.0,4125.0,4122.0,4123.0,2400,0.0,0.0
2024-06-14 09:59:00+09:00,4121.0,4121.0,4115.0,4115.0,1600,0.0,0.0
2024-06-14 10:00:00+09:00,4116.0,4119.0,4116.0,4119.0,2500,0.0,0.0
2024-06-14 10:01:00+09:00,4120.0,4121.0,4119.0,4120.0,2600,0.0,0.0
2024-06-14 10:02:00+09:00,4121.0,4123.0,4121.0,4122.0,1700,0.0,0.0
2024-06-14 10:03:00+09:00,4123.0,4124.0,4121.0,4123.0,2000,0.0,0.0
2024-06-14 10:04:00+09:00,4122.0,4125.0,4122.0,4125.0,3000,0.0,0.0
2024-06-14 10:05:00+09:00,4124.0,4126.0,4124.0,4126.0,1700,0.0,0.0
2024-06-14 10:06:00+09:00,4127.0,4128.0,4124.0,4126.0,3700,0.0,0.0
2024-06-14 10:07:00+09:00,4127.0,4127.0,4124.0,4126.0,2900,0.0,0.0
2024-06-14 10:08:00+09:00,4127.0,4128.0,4127.0,4128.0,200,0.0,0.0
2024-06-14 10:09:00+09:00,4125.0,4128.0,4125.0,4126.0,1800,0.0,0.0
2024-06-14 10:10:00+09:00,4127.0,4129.0,4127.0,4129.0,3300,0.0,0.0
2024-06-14 10:11:00+09:00,4130.0,4134.0,4129.0,4134.0,3500,0.0,0.0
2024-06-14 10:12:00+09:00,4134.0,4134.0,4131.0,4131.0,800,0.0,0.0
2024-06-14 10:13:00+09:00,4132.0,4133.0,4132.0,4133.0,600,0.0,0.0
2024-06-14 10:14:00+09:00,4135.0,4135.0,4133.0,4134.0,3400,0.0,0.0
2024-06-14 10:15:00+09:00,4134.0,4137.0,4134.0,4137.0,2100,0.0,0.0
2024-06-14 10:16:00+09:00,4136.0,4141.0,4136.0,4140.0,2300,0.0,0.0
2024-06-14 10:17:00+09:00,4139.0,4140.0,4136.0,4140.0,1700,0.0,0.0
2024-06-14 10:18:00+09:00,4141.0,4141.0,4141.0,4141.0,400,0.0,0.0
2024-06-14 10:19:00+09:00,4141.0,4145.0,4141.0,4143.0,3800,0.0,0.0
2024-06-14 10:20:00+09:00,4145.0,4150.0,4145.0,4149.0,3200,0.0,0.0
2024-06-14 10:21:00+09:00,4148.0,4148.0,4142.0,4146.0,2300,0.0,0.0
2024-06-14 10:22:00+09:00,4145.0,4146.0,4145.0,4145.0,1400,0.0,0.0
2024-06-14 10:23:00+09:00,4146.0,4146.0,4143.0,4145.0,2800,0.0,0.0
2024-06-14 10:24:00+09:00,4145.0,4147.0,4144.0,4144.0,1500,0.0,0.0
2024-06-14 10:25:00+09:00,4145.0,4145.0,4144.0,4144.0,600,0.0,0.0
2024-06-14 10:26:00+09:00,4143.0,4143.0,4136.0,4138.0,3200,0.0,0.0
2024-06-14 10:27:00+09:00,4139.0,4140.0,4139.0,4140.0,1200,0.0,0.0
2024-06-14 10:28:00+09:00,4141.0,4142.0,4139.0,4141.0,1900,0.0,0.0
2024-06-14 10:29:00+09:00,4142.0,4145.0,4142.0,4145.0,1000,0.0,0.0
2024-06-14 10:30:00+09:00,4145.0,4146.0,4143.0,4144.0,1800,0.0,0.0
2024-06-14 10:31:00+09:00,4145.0,4145.0,4143.0,4143.0,900,0.0,0.0
2024-06-14 10:32:00+09:00,4143.0,4143.0,4139.0,4141.0,1700,0.0,0.0
2024-06-14 10:33:00+09:00,4142.0,4143.0,4141.0,4141.0,900,0.0,0.0
2024-06-14 10:34:00+09:00,4140.0,4140.0,4136.0,4137.0,2100,0.0,0.0
2024-06-14 10:35:00+09:00,4138.0,4140.0,4138.0,4140.0,1700,0.0,0.0
2024-06-14 10:36:00+09:00,4139.0,4145.0,4139.0,4145.0,2800,0.0,0.0
2024-06-14 10:37:00+09:00,4145.0,4146.0,4145.0,4146.0,800,0.0,0.0
2024-06-14 10:38:00+09:00,4146.0,4150.0,4146.0,4149.0,1800,0.0,0.0
2024-06-14 10:39:00+09:00,4148.0,4151.0,4148.0,4151.0,1300,0.0,0.0
2024-06-14 10:40:00+09:00,4151.0,4153.0,4151.0,4153.0,1200,0.0,0.0
2024-06-14 10:41:00+09:00,4151.0,4154.0,4149.0,4154.0,3800,0.0,0.0
2024-06-14 10:42:00+09:00,4152.0,4152.0,4148.0,4148.0,1800,0.0,0.0
2024-06-14 10:43:00+09:00,4148.0,4148.0,4147.0,4147.0,900,0.0,0.0
2024-06-14 10:44:00+09:00,4148.0,4148.0,4145.0,4145.0,2600,0.0,0.0
2024-06-14 10:45:00+09:00,4144.0,4144.0,4142.0,4142.0,1900,0.0,0.0
2024-06-14 10:46:00+09:00,4142.0,4143.0,4141.0,4142.0,2000,0.0,0.0
2024-06-14 10:47:00+09:00,4143.0,4146.0,4143.0,4145.0,2300,0.0,0.0
2024-06-14 10:48:00+09:00,4144.0,4144.0,4141.0,4143.0,2100,0.0,0.0
2024-06-14 10:49:00+09:00,4141.0,4143.0,4141.0,4143.0,1200,0.0,0.0
2024-06-14 10:50:00+09:00,4144.0,4149.0,4144.0,4149.0,2100,0.0,0.0
2024-06-14 10:51:00+09:00,4150.0,4152.0,4149.0,4149.0,2100,0.0,0.0
2024-06-14 10:52:00+09:00,4149.0,4153.0,4149.0,4153.0,900,0.0,0.0
2024-06-14 10:53:00+09:00,4155.0,4157.0,4155.0,4157.0,400,0.0,0.0
2024-06-14 10:54:00+09:00,4157.0,4158.0,4152.0,4154.0,3900,0.0,0.0
2024-06-14 10:55:00+09:00,4154.0,4154.0,4152.0,4152.0,400,0.0,0.0
2024-06-14 10:56:00+09:00,4153.0,4153.0,4151.0,4151.0,600,0.0,0.0
2024-06-14 10:57:00+09:00,4150.0,4153.0,4150.0,4153.0,2100,0.0,0.0
2024-06-14 10:58:00+09:00,4154.0,4154.0,4154.0,4154.0,1000,0.0,0.0
2024-06-14 10:59:00+09:00,4155.0,4156.0,4154.0,4154.0,1900,0.0,0.0
2024-06-14 11:00:00+09:00,4154.0,4154.0,4150.0,4150.0,2100,0.0,0.0
2024-06-14 11:01:00+09:00,4150.0,4150.0,4148.0,4148.0,1600,0.0,0.0
2024-06-14 11:02:00+09:00,4149.0,4152.0,4147.0,4147.0,3100,0.0,0.0
2024-06-14 11:03:00+09:00,4145.0,4147.0,4141.0,4141.0,500,0.0,0.0
2024-06-14 11:04:00+09:00,4141.0,4143.0,4141.0,4143.0,700,0.0,0.0
2024-06-14 11:05:00+09:00,4143.0,4143.0,4142.0,4143.0,1100,0.0,0.0
2024-06-14 11:06:00+09:00,4145.0,4145.0,4143.0,4143.0,1500,0.0,0.0
2024-06-14 11:07:00+09:00,4143.0,4144.0,4143.0,4144.0,500,0.0,0.0
2024-06-14 11:08:00+09:00,4143.0,4143.0,4142.0,4142.0,700,0.0,0.0
2024-06-14 11:09:00+09:00,4143.0,4143.0,4143.0,4143.0,200,0.0,0.0
2024-06-14 11:10:00+09:00,4142.0,4142.0,4139.0,4139.0,3500,0.0,0.0
2024-06-14 11:11:00+09:00,4140.0,4141.0,4138.0,4138.0,1700,0.0,0.0
2024-06-14 11:12:00+09:00,4138.0,4139.0,4138.0,4139.0,500,0.0,0.0
2024-06-14 11:13:00+09:00,4138.0,4138.0,4136.0,4136.0,1300,0.0,0.0
2024-06-14 11:14:00+09:00,4136.0,4136.0,4133.0,4133.0,1600,0.0,0.0
2024-06-14 11:15:00+09:00,4133.0,4138.0,4133.0,4137.0,5300,0.0,0.0
2024-06-14 11:16:00+09:00,4137.0,4138.0,4136.0,4137.0,1700,0.0,0.0
2024-06-14 11:17:00+09:00,4136.0,4136.0,4135.0,4136.0,1200,0.0,0.0
2024-06-14 11:18:00+09:00,4135.0,4135.0,4131.0,4131.0,1600,0.0,0.0
2024-06-14 11:19:00+09:00,4132.0,4133.0,4131.0,4132.0,1800,0.0,0.0
2024-06-14 11:20:00+09:00,4131.0,4131.0,4131.0,4131.0,500,0.0,0.0
2024-06-14 11:21:00+09:00,4131.0,4136.0,4131.0,4135.0,3600,0.0,0.0
2024-06-14 11:22:00+09:00,4136.0,4136.0,4135.0,4135.0,1500,0.0,0.0
2024-06-14 11:23:00+09:00,4134.0,4134.0,4133.0,4133.0,600,0.0,0.0
2024-06-14 11:24:00+09:00,4134.0,4136.0,4134.0,4136.0,1000,0.0,0.0
2024-06-14 11:25:00+09:00,4133.0,4134.0,4133.0,4133.0,700,0.0,0.0
2024-06-14 11:26:00+09:00,4133.0,4133.0,4133.0,4133.0,300,0.0,0.0
2024-06-14 11:27:00+09:00,4132.0,4132.0,4130.0,4132.0,1800,0.0,0.0
2024-06-14 11:28:00+09:00,4132.0,4133.0,4132.0,4132.0,1000,0.0,0.0
2024-06-14 11:29:00+09:00,4133.0,4136.0,4133.0,4136.0,2500,0.0,0.0
2024-06-14 11:30:00+09:00,4137.0,4137.0,4137.0,4137.0,1200,0.0,0.0
2024-06-14 11:35:00+09:00,4137.0,4137.0,4137.0,4137.0,0,0.0,0.0
2024-06-14 12:30:00+09:00,4169.0,4175.0,4158.0,4158.0,789700,0.0,0.0
2024-06-14 12:31:00+09:00,4161.0,4161.0,4147.0,4148.0,3900,0.0,0.0
2024-06-14 12:32:00+09:00,4147.0,4154.0,4147.0,4148.0,3000,0.0,0.0
2024-06-14 12:33:00+09:00,4149.0,4150.0,4143.0,4143.0,3100,0.0,0.0
2024-06-14 12:34:00+09:00,4142.0,4142.0,4116.0,4121.0,9400,0.0,0.0
2024-06-14 12:35:00+09:00,4122.0,4122.0,4101.0,4118.0,13400,0.0,0.0
2024-06-14 12:36:00+09:00,4119.0,4129.0,4111.0,4129.0,8700,0.0,0.0
2024-06-14 12:37:00+09:00,4130.0,4145.0,4130.0,4144.0,2900,0.0,0.0
2024-06-14 12:38:00+09:00,4142.0,4146.0,4139.0,4145.0,5400,0.0,0.0
2024-06-14 12:39:00+09:00,4147.0,4151.0,4146.0,4148.0,7400,0.0,0.0
2024-06-14 12:40:00+09:00,4150.0,4155.0,4148.0,4148.0,19000,0.0,0.0
2024-06-14 12:41:00+09:00,4148.0,4149.0,4131.0,4131.0,1000,0.0,0.0
2024-06-14 12:42:00+09:00,4136.0,4143.0,4136.0,4143.0,4900,0.0,0.0
2024-06-14 12:43:00+09:00,4144.0,4152.0,4144.0,4152.0,1800,0.0,0.0
2024-06-14 12:44:00+09:00,4155.0,4156.0,4146.0,4147.0,3000,0.0,0.0
2024-06-14 12:45:00+09:00,4147.0,4147.0,4142.0,4147.0,1800,0.0,0.0
2024-06-14 12:46:00+09:00,4148.0,4150.0,4142.0,4144.0,2700,0.0,0.0
2024-06-14 12:47:00+09:00,4143.0,4144.0,4141.0,4142.0,800,0.0,0.0
2024-06-14 12:48:00+09:00,4144.0,4147.0,4142.0,4142.0,2100,0.0,0.0
2024-06-14 12:49:00+09:00,4142.0,4142.0,4139.0,4142.0,2200,0.0,0.0
2024-06-14 12:50:00+09:00,4140.0,4140.0,4131.0,4131.0,2300,0.0,0.0
2024-06-14 12:51:00+09:00,4130.0,4132.0,4122.0,4125.0,2600,0.0,0.0
2024-06-14 12:52:00+09:00,4125.0,4128.0,4121.0,4121.0,3600,0.0,0.0
2024-06-14 12:53:00+09:00,4121.0,4125.0,4121.0,4121.0,1300,0.0,0.0
2024-06-14 12:54:00+09:00,4123.0,4125.0,4117.0,4117.0,3300,0.0,0.0
2024-06-14 12:55:00+09:00,4115.0,4123.0,4115.0,4123.0,3100,0.0,0.0
2024-06-14 12:56:00+09:00,4125.0,4126.0,4120.0,4123.0,3300,0.0,0.0
2024-06-14 12:57:00+09:00,4125.0,4125.0,4120.0,4120.0,700,0.0,0.0
2024-06-14 12:58:00+09:00,4120.0,4127.0,4120.0,4125.0,1600,0.0,0.0
2024-06-14 12:59:00+09:00,4124.0,4126.0,4123.0,4124.0,1700,0.0,0.0
2024-06-14 13:00:00+09:00,4124.0,4127.0,4121.0,4121.0,5800,0.0,0.0
2024-06-14 13:01:00+09:00,4121.0,4121.0,4116.0,4116.0,3200,0.0,0.0
2024-06-14 13:02:00+09:00,4117.0,4124.0,4117.0,4124.0,3000,0.0,0.0
2024-06-14 13:03:00+09:00,4124.0,4125.0,4121.0,4123.0,3000,0.0,0.0
2024-06-14 13:04:00+09:00,4124.0,4126.0,4124.0,4125.0,1300,0.0,0.0
2024-06-14 13:05:00+09:00,4124.0,4124.0,4118.0,4118.0,2500,0.0,0.0
2024-06-14 13:06:00+09:00,4118.0,4120.0,4113.0,4113.0,5200,0.0,0.0
2024-06-14 13:07:00+09:00,4113.0,4113.0,4111.0,4112.0,1100,0.0,0.0
2024-06-14 13:08:00+09:00,4110.0,4110.0,4107.0,4110.0,3900,0.0,0.0
2024-06-14 13:09:00+09:00,4111.0,4115.0,4111.0,4112.0,1400,0.0,0.0
2024-06-14 13:10:00+09:00,4110.0,4110.0,4103.0,4103.0,6400,0.0,0.0
2024-06-14 13:11:00+09:00,4102.0,4105.0,4102.0,4103.0,2800,0.0,0.0
2024-06-14 13:12:00+09:00,4102.0,4106.0,4102.0,4102.0,1400,0.0,0.0
2024-06-14 13:13:00+09:00,4104.0,4104.0,4102.0,4102.0,2100,0.0,0.0
2024-06-14 13:14:00+09:00,4102.0,4102.0,4095.0,4095.0,5500,0.0,0.0
2024-06-14 13:15:00+09:00,4097.0,4105.0,4097.0,4105.0,5600,0.0,0.0
2024-06-14 13:16:00+09:00,4107.0,4109.0,4105.0,4108.0,1100,0.0,0.0
2024-06-14 13:17:00+09:00,4109.0,4110.0,4107.0,4107.0,2000,0.0,0.0
2024-06-14 13:18:00+09:00,4107.0,4110.0,4107.0,4110.0,1600,0.0,0.0
2024-06-14 13:19:00+09:00,4110.0,4111.0,4108.0,4111.0,3200,0.0,0.0
2024-06-14 13:20:00+09:00,4112.0,4112.0,4107.0,4110.0,2400,0.0,0.0
2024-06-14 13:21:00+09:00,4110.0,4110.0,4106.0,4106.0,1600,0.0,0.0
2024-06-14 13:22:00+09:00,4106.0,4106.0,4101.0,4103.0,4200,0.0,0.0
2024-06-14 13:23:00+09:00,4104.0,4105.0,4103.0,4103.0,800,0.0,0.0
2024-06-14 13:24:00+09:00,4103.0,4103.0,4102.0,4103.0,2700,0.0,0.0
2024-06-14 13:25:00+09:00,4102.0,4105.0,4101.0,4104.0,2300,0.0,0.0
2024-06-14 13:26:00+09:00,4106.0,4110.0,4105.0,4107.0,2200,0.0,0.0
2024-06-14 13:27:00+09:00,4107.0,4109.0,4102.0,4102.0,2200,0.0,0.0
2024-06-14 13:28:00+09:00,4103.0,4103.0,4098.0,4098.0,1500,0.0,0.0
2024-06-14 13:29:00+09:00,4097.0,4101.0,4096.0,4096.0,2500,0.0,0.0
2024-06-14 13:30:00+09:00,4096.0,4096.0,4093.0,4095.0,6400,0.0,0.0
2024-06-14 13:31:00+09:00,4094.0,4096.0,4093.0,4096.0,4000,0.0,0.0
2024-06-14 13:32:00+09:00,4096.0,4097.0,4093.0,4097.0,2800,0.0,0.0
2024-06-14 13:33:00+09:00,4096.0,4096.0,4094.0,4094.0,1700,0.0,0.0
2024-06-14 13:34:00+09:00,4095.0,4096.0,4092.0,4096.0,2600,0.0,0.0
2024-06-14 13:35:00+09:00,4097.0,4099.0,4094.0,4097.0,5400,0.0,0.0
2024-06-14 13:36:00+09:00,4100.0,4103.0,4100.0,4103.0,1300,0.0,0.0
2024-06-14 13:37:00+09:00,4104.0,4105.0,4102.0,4103.0,1600,0.0,0.0
2024-06-14 13:38:00+09:00,4106.0,4106.0,4098.0,4098.0,2200,0.0,0.0
2024-06-14 13:39:00+09:00,4099.0,4102.0,4099.0,4102.0,1500,0.0,0.0
2024-06-14 13:40:00+09:00,4100.0,4102.0,4099.0,4101.0,700,0.0,0.0
2024-06-14 13:41:00+09:00,4101.0,4102.0,4100.0,4100.0,600,0.0,0.0
2024-06-14 13:42:00+09:00,4101.0,4105.0,4101.0,4105.0,2100,0.0,0.0
2024-06-14 13:43:00+09:00,4103.0,4103.0,4102.0,4102.0,4900,0.0,0.0
2024-06-14 13:45:00+09:00,4100.0,4107.0,4100.0,4107.0,3500,0.0,0.0
2024-06-14 13:46:00+09:00,4107.0,4108.0,4106.0,4107.0,2000,0.0,0.0
2024-06-14 13:48:00+09:00,4107.0,4108.0,4106.0,4107.0,1000,0.0,0.0
2024-06-14 13:49:00+09:00,4108.0,4108.0,4106.0,4106.0,1000,0.0,0.0
2024-06-14 13:50:00+09:00,4105.0,4108.0,4104.0,4105.0,3500,0.0,0.0
2024-06-14 13:51:00+09:00,4105.0,4105.0,4103.0,4103.0,1200,0.0,0.0
2024-06-14 13:52:00+09:00,4103.0,4104.0,4102.0,4103.0,1500,0.0,0.0
2024-06-14 13:53:00+09:00,4102.0,4103.0,4101.0,4102.0,2300,0.0,0.0
2024-06-14 13:54:00+09:00,4102.0,4105.0,4102.0,4103.0,2300,0.0,0.0
2024-06-14 13:55:00+09:00,4105.0,4107.0,4105.0,4106.0,1600,0.0,0.0
2024-06-14 13:56:00+09:00,4105.0,4105.0,4102.0,4102.0,1200,0.0,0.0
2024-06-14 13:57:00+09:00,4102.0,4102.0,4096.0,4099.0,7000,0.0,0.0
2024-06-14 13:58:00+09:00,4099.0,4102.0,4098.0,4102.0,1400,0.0,0.0
2024-06-14 13:59:00+09:00,4101.0,4102.0,4101.0,4102.0,400,0.0,0.0
2024-06-14 14:00:00+09:00,4101.0,4103.0,4101.0,4102.0,2100,0.0,0.0
2024-06-14 14:01:00+09:00,4101.0,4101.0,4098.0,4098.0,2800,0.0,0.0
2024-06-14 14:02:00+09:00,4097.0,4097.0,4095.0,4095.0,2500,0.0,0.0
2024-06-14 14:03:00+09:00,4097.0,4097.0,4095.0,4096.0,1100,0.0,0.0
2024-06-14 14:04:00+09:00,4097.0,4098.0,4095.0,4095.0,2200,0.0,0.0
2024-06-14 14:05:00+09:00,4096.0,4096.0,4093.0,4095.0,2600,0.0,0.0
2024-06-14 14:06:00+09:00,4096.0,4100.0,4096.0,4100.0,2600,0.0,0.0
2024-06-14 14:07:00+09:00,4101.0,4103.0,4101.0,4103.0,700,0.0,0.0
2024-06-14 14:08:00+09:00,4103.0,4105.0,4103.0,4103.0,1300,0.0,0.0
2024-06-14 14:09:00+09:00,4102.0,4103.0,4102.0,4103.0,1100,0.0,0.0
2024-06-14 14:10:00+09:00,4103.0,4104.0,4103.0,4104.0,800,0.0,0.0
2024-06-14 14:11:00+09:00,4103.0,4106.0,4103.0,4105.0,3800,0.0,0.0
2024-06-14 14:12:00+09:00,4105.0,4106.0,4105.0,4106.0,600,0.0,0.0
2024-06-14 14:13:00+09:00,4105.0,4106.0,4104.0,4106.0,1300,0.0,0.0
2024-06-14 14:14:00+09:00,4106.0,4109.0,4106.0,4109.0,1700,0.0,0.0
2024-06-14 14:15:00+09:00,4108.0,4109.0,4108.0,4109.0,500,0.0,0.0
2024-06-14 14:16:00+09:00,4110.0,4112.0,4109.0,4112.0,3300,0.0,0.0
2024-06-14 14:17:00+09:00,4112.0,4112.0,4108.0,4111.0,3000,0.0,0.0
2024-06-14 14:18:00+09:00,4113.0,4116.0,4113.0,4116.0,1600,0.0,0.0
2024-06-14 14:19:00+09:00,4116.0,4116.0,4113.0,4113.0,1300,0.0,0.0
2024-06-14 14:20:00+09:00,4113.0,4113.0,4109.0,4112.0,2100,0.0,0.0
2024-06-14 14:21:00+09:00,4113.0,4113.0,4110.0,4110.0,1600,0.0,0.0
2024-06-14 14:22:00+09:00,4110.0,4113.0,4110.0,4113.0,3200,0.0,0.0
2024-06-14 14:23:00+09:00,4112.0,4113.0,4112.0,4113.0,1000,0.0,0.0
2024-06-14 14:24:00+09:00,4113.0,4114.0,4112.0,4114.0,1400,0.0,0.0
2024-06-14 14:25:00+09:00,4115.0,4116.0,4113.0,4113.0,1900,0.0,0.0
2024-06-14 14:26:00+09:00,4114.0,4115.0,4114.0,4115.0,700,0.0,0.0
2024-06-14 14:27:00+09:00,4116.0,4118.0,4116.0,4118.0,2400,0.0,0.0
2024-06-14 14:28:00+09:00,4118.0,4120.0,4117.0,4117.0,5600,0.0,0.0
2024-06-14 14:29:00+09:00,4116.0,4118.0,4116.0,4118.0,1000,0.0,0.0
2024-06-14 14:30:00+09:00,4119.0,4120.0,4119.0,4120.0,1300,0.0,0.0
2024-06-14 14:31:00+09:00,4120.0,4121.0,4120.0,4120.0,3200,0.0,0.0
2024-06-14 14:32:00+09:00,4121.0,4124.0,4121.0,4124.0,2800,0.0,0.0
2024-06-14 14:33:00+09:00,4123.0,4124.0,4120.0,4120.0,5100,0.0,0.0
2024-06-14 14:34:00+09:00,4120.0,4121.0,4120.0,4121.0,1500,0.0,0.0
2024-06-14 14:35:00+09:00,4120.0,4121.0,4120.0,4121.0,500,0.0,0.0
2024-06-14 14:36:00+09:00,4122.0,4123.0,4122.0,4123.0,3800,0.0,0.0
2024-06-14 14:37:00+09:00,4124.0,4127.0,4124.0,4126.0,5100,0.0,0.0
2024-06-14 14:38:00+09:00,4127.0,4128.0,4126.0,4127.0,2300,0.0,0.0
2024-06-14 14:39:00+09:00,4128.0,4128.0,4126.0,4127.0,1200,0.0,0.0
2024-06-14 14:40:00+09:00,4128.0,4128.0,4127.0,4127.0,3300,0.0,0.0
2024-06-14 14:41:00+09:00,4126.0,4126.0,4126.0,4126.0,2000,0.0,0.0
2024-06-14 14:42:00+09:00,4127.0,4128.0,4127.0,4128.0,3600,0.0,0.0
2024-06-14 14:43:00+09:00,4128.0,4128.0,4128.0,4128.0,200,0.0,0.0
2024-06-14 14:44:00+09:00,4128.0,4128.0,4127.0,4128.0,2000,0.0,0.0
2024-06-14 14:45:00+09:00,4127.0,4128.0,4127.0,4127.0,5000,0.0,0.0
2024-06-14 14:46:00+09:00,4127.0,4127.0,4125.0,4127.0,6000,0.0,0.0
2024-06-14 14:47:00+09:00,4126.0,4127.0,4126.0,4126.0,3200,0.0,0.0
2024-06-14 14:48:00+09:00,4127.0,4130.0,4127.0,4130.0,6600,0.0,0.0
2024-06-14 14:49:00+09:00,4130.0,4131.0,4129.0,4130.0,3200,0.0,0.0
2024-06-14 14:50:00+09:00,4129.0,4130.0,4129.0,4130.0,3500,0.0,0.0
2024-06-14 14:51:00+09:00,4130.0,4131.0,4130.0,4131.0,1000,0.0,0.0
2024-06-14 14:52:00+09:00,4130.0,4132.0,4130.0,4132.0,1700,0.0,0.0
2024-06-14 14:53:00+09:00,4132.0,4133.0,4131.0,4131.0,6100,0.0,0.0
2024-06-14 14:54:00+09:00,4130.0,4130.0,4130.0,4130.0,1800,0.0,0.0
2024-06-14 14:55:00+09:00,4129.0,4135.0,4129.0,4135.0,15800,0.0,0.0
2024-06-14 14:56:00+09:00,4136.0,4139.0,4136.0,4138.0,4700,0.0,0.0
2024-06-14 14:57:00+09:00,4138.0,4138.0,4137.0,4137.0,2200,0.0,0.0
2024-06-14 14:58:00+09:00,4137.0,4141.0,4137.0,4140.0,8200,0.0,0.0
2024-06-14 14:59:00+09:00,4140.0,4142.0,4131.0,4131.0,11700,0.0,0.0
