Datetime,Open,High,Low,Close,Volume,Dividends,Stock Splits
2024-06-10 09:00:00+09:00,1529.5,1533.0,1529.0,1533.0,0,0.0,0.0
2024-06-10 09:01:00+09:00,1533.5,1533.5,1533.5,1533.5,200,0.0,0.0
2024-06-10 09:02:00+09:00,1531.5,1534.0,1531.5,1532.5,1900,0.0,0.0
2024-06-10 09:03:00+09:00,1534.0,1535.0,1533.5,1535.0,700,0.0,0.0
2024-06-10 09:04:00+09:00,1535.0,1535.0,1534.0,1534.0,400,0.0,0.0
2024-06-10 09:05:00+09:00,1537.0,1537.0,1536.0,1536.0,200,0.0,0.0
2024-06-10 09:06:00+09:00,1535.0,1535.0,1533.0,1533.0,1400,0.0,0.0
2024-06-10 09:07:00+09:00,1532.5,1532.5,1532.5,1532.5,100,0.0,0.0
2024-06-10 09:10:00+09:00,1532.5,1533.0,1531.0,1531.0,900,0.0,0.0
2024-06-10 09:11:00+09:00,1532.0,1532.0,1532.0,1532.0,100,0.0,0.0
2024-06-10 09:12:00+09:00,1531.5,1531.5,1531.5,1531.5,100,0.0,0.0
2024-06-10 09:13:00+09:00,1531.0,1531.0,1531.0,1531.0,100,0.0,0.0
2024-06-10 09:14:00+09:00,1530.5,1530.5,1530.5,1530.5,100,0.0,0.0
2024-06-10 09:15:00+09:00,1531.0,1531.0,1531.0,1531.0,100,0.0,0.0
2024-06-10 09:16:00+09:00,1531.0,1531.0,1531.0,1531.0,100,0.0,0.0
2024-06-10 09:17:00+09:00,1531.0,1532.0,1530.5,1532.0,600,0.0,0.0
2024-06-10 09:19:00+09:00,1532.0,1532.0,1532.0,1532.0,100,0.0,0.0
2024-06-10 09:20:00+09:00,1532.0,1532.0,1532.0,1532.0,500,0.0,0.0
2024-06-10 09:21:00+09:00,1533.0,1533.5,1533.0,1533.5,400,0.0,0.0
2024-06-10 09:22:00+09:00,1534.0,1534.0,1534.0,1534.0,500,0.0,0.0
2024-06-10 09:23:00+09:00,1535.0,1535.5,1535.0,1535.5,400,0.0,0.0
2024-06-10 09:24:00+09:00,1535.0,1535.0,1535.0,1535.0,300,0.0,0.0
2024-06-10 09:27:00+09:00,1535.0,1535.0,1535.0,1535.0,200,0.0,0.0
2024-06-10 09:29:00+09:00,1535.0,1535.0,1535.0,1535.0,200,0.0,0.0
2024-06-10 09:30:00+09:00,1535.5,1536.0,1535.5,1536.0,600,0.0,0.0
2024-06-10 09:32:00+09:00,1536.0,1536.0,1536.0,1536.0,800,0.0,0.0
2024-06-10 09:33:00+09:00,1537.0,1537.0,1537.0,1537.0,1800,0.0,0.0
2024-06-10 09:34:00+09:00,1537.0,1537.0,1537.0,1537.0,100,0.0,0.0
2024-06-10 09:36:00+09:00,1536.5,1536.5,1536.5,1536.5,500,0.0,0.0
2024-06-10 09:37:00+09:00,1536.5,1536.5,1536.5,1536.5,100,0.0,0.0
2024-06-10 09:38:00+09:00,1537.0,1537.0,1537.0,1537.0,200,0.0,0.0
2024-06-10 09:39:00+09:00,1537.0,1537.0,1537.0,1537.0,500,0.0,0.0
2024-06-10 09:41:00+09:00,1536.5,1536.5,1536.5,1536.5,300,0.0,0.0
2024-06-10 09:42:00+09:00,1536.0,1536.0,1535.0,1535.0,2400,0.0,0.0
2024-06-10 09:48:00+09:00,1537.0,1537.0,1537.0,1537.0,100,0.0,0.0
2024-06-10 09:49:00+09:00,1537.0,1537.5,1536.5,1537.0,1300,0.0,0.0
2024-06-10 09:50:00+09:00,1537.0,1537.0,1537.0,1537.0,100,0.0,0.0
2024-06-10 09:53:00+09:00,1537.5,1538.0,1537.5,1537.5,1200,0.0,0.0
2024-06-10 09:54:00+09:00,1538.0,1538.0,1538.0,1538.0,200,0.0,0.0
2024-06-10 09:55:00+09:00,1538.0,1538.0,1537.5,1537.5,200,0.0,0.0
2024-06-10 09:56:00+09:00,1538.5,1538.5,1538.5,1538.5,600,0.0,0.0
2024-06-10 09:57:00+09:00,1538.0,1538.0,1538.0,1538.0,500,0.0,0.0
2024-06-10 09:58:00+09:00,1538.0,1538.0,1537.0,1537.0,1200,0.0,0.0
2024-06-10 09:59:00+09:00,1537.5,1537.5,1535.5,1535.5,1800,0.0,0.0
2024-06-10 10:01:00+09:00,1536.5,1536.5,1536.0,1536.0,300,0.0,0.0
2024-06-10 10:03:00+09:00,1536.0,1536.0,1536.0,1536.0,700,0.0,0.0
2024-06-10 10:05:00+09:00,1536.0,1536.0,1536.0,1536.0,100,0.0,0.0
2024-06-10 10:06:00+09:00,1536.0,1536.5,1536.0,1536.5,900,0.0,0.0
2024-06-10 10:09:00+09:00,1537.0,1537.0,1536.0,1536.0,700,0.0,0.0
2024-06-10 10:12:00+09:00,1536.0,1537.0,1536.0,1537.0,200,0.0,0.0
2024-06-10 10:16:00+09:00,1537.5,1537.5,1537.5,1537.5,200,0.0,0.0
2024-06-10 10:17:00+09:00,1537.0,1537.0,1537.0,1537.0,100,0.0,0.0
2024-06-10 10:18:00+09:00,1537.5,1537.5,1537.5,1537.5,100,0.0,0.0
2024-06-10 10:21:00+09:00,1537.5,1537.5,1537.5,1537.5,100,0.0,0.0
2024-06-10 10:22:00+09:00,1537.5,1537.5,1537.5,1537.5,300,0.0,0.0
2024-06-10 10:23:00+09:00,1538.0,1538.0,1538.0,1538.0,200,0.0,0.0
2024-06-10 10:24:00+09:00,1538.0,1538.0,1538.0,1538.0,100,0.0,0.0
2024-06-10 10:25:00+09:00,1538.5,1538.5,1538.0,1538.5,700,0.0,0.0
2024-06-10 10:27:00+09:00,1539.0,1539.5,1539.0,1539.5,1000,0.0,0.0
2024-06-10 10:28:00+09:00,1539.5,1539.5,1539.5,1539.5,200,0.0,0.0
2024-06-10 10:29:00+09:00,1539.5,1540.0,1539.5,1540.0,2800,0.0,0.0
2024-06-10 10:31:00+09:00,1540.0,1540.5,1540.0,1540.5,1100,0.0,0.0
2024-06-10 10:35:00+09:00,1540.5,1540.5,1540.5,1540.5,1000,0.0,0.0
2024-06-10 10:37:00+09:00,1540.0,1540.0,1539.5,1539.5,1200,0.0,0.0
2024-06-10 10:38:00+09:00,1539.0,1539.0,1538.5,1538.5,1200,0.0,0.0
2024-06-10 10:41:00+09:00,1539.5,1540.5,1539.5,1540.5,1800,0.0,0.0
2024-06-10 10:42:00+09:00,1540.0,1540.0,1540.0,1540.0,400,0.0,0.0
2024-06-10 10:43:00+09:00,1539.5,1539.5,1539.5,1539.5,200,0.0,0.0
2024-06-10 10:44:00+09:00,1539.5,1539.5,1539.5,1539.5,100,0.0,0.0
2024-06-10 10:45:00+09:00,1540.0,1540.0,1540.0,1540.0,200,0.0,0.0
2024-06-10 10:46:00+09:00,1540.0,1540.0,1540.0,1540.0,200,0.0,0.0
2024-06-10 10:47:00+09:00,1540.5,1540.5,1540.5,1540.5,200,0.0,0.0
2024-06-10 10:50:00+09:00,1541.0,1541.0,1540.5,1540.5,500,0.0,0.0
2024-06-10 10:51:00+09:00,1540.5,1540.5,1540.5,1540.5,500,0.0,0.0
2024-06-10 10:52:00+09:00,1540.0,1540.0,1540.0,1540.0,500,0.0,0.0
2024-06-10 10:57:00+09:00,1540.0,1540.0,1540.0,1540.0,700,0.0,0.0
2024-06-10 10:58:00+09:00,1540.0,1540.0,1540.0,1540.0,300,0.0,0.0
2024-06-10 10:59:00+09:00,1540.0,1540.0,1540.0,1540.0,300,0.0,0.0
2024-06-10 11:03:00+09:00,1540.0,1540.0,1540.0,1540.0,200,0.0,0.0
2024-06-10 11:05:00+09:00,1540.0,1540.5,1540.0,1540.5,1700,0.0,0.0
2024-06-10 11:06:00+09:00,1540.5,1540.5,1540.5,1540.5,900,0.0,0.0
2024-06-10 11:10:00+09:00,1540.5,1540.5,1540.5,1540.5,200,0.0,0.0
2024-06-10 11:12:00+09:00,1540.5,1540.5,1540.5,1540.5,200,0.0,0.0
2024-06-10 11:13:00+09:00,1540.5,1540.5,1539.5,1539.5,1700,0.0,0.0
2024-06-10 11:17:00+09:00,1541.0,1541.0,1540.0,1540.0,800,0.0,0.0
2024-06-10 11:19:00+09:00,1539.5,1539.5,1539.5,1539.5,400,0.0,0.0
2024-06-10 11:22:00+09:00,1539.0,1539.0,1539.0,1539.0,100,0.0,0.0
2024-06-10 11:24:00+09:00,1540.0,1540.0,1540.0,1540.0,100,0.0,0.0
2024-06-10 11:25:00+09:00,1540.0,1540.0,1540.0,1540.0,200,0.0,0.0
2024-06-10 11:26:00+09:00,1540.0,1540.0,1540.0,1540.0,100,0.0,0.0
2024-06-10 11:27:00+09:00,1539.5,1540.0,1539.5,1540.0,400,0.0,0.0
2024-06-10 11:29:00+09:00,1540.0,1540.0,1539.5,1539.5,400,0.0,0.0
2024-06-10 11:30:00+09:00,1539.5,1539.5,1539.5,1539.5,100,0.0,0.0
2024-06-10 11:35:00+09:00,1539.5,1539.5,1539.5,1539.5,0,0.0,0.0
2024-06-10 12:30:00+09:00,1541.0,1541.0,1540.5,1540.5,64800,0.0,0.0
2024-06-10 12:31:00+09:00,1541.0,1541.0,1541.0,1541.0,400,0.0,0.0
2024-06-10 12:32:00+09:00,1540.5,1540.5,1540.5,1540.5,900,0.0,0.0
2024-06-10 12:33:00+09:00,1540.0,1540.0,1540.0,1540.0,900,0.0,0.0
2024-06-10 12:36:00+09:00,1540.0,1540.0,1539.0,1539.0,2700,0.0,0.0
2024-06-10 12:37:00+09:00,1539.5,1540.0,1539.5,1540.0,1300,0.0,0.0
2024-06-10 12:39:00+09:00,1540.0,1540.5,1540.0,1540.5,300,0.0,0.0
2024-06-10 12:40:00+09:00,1540.0,1540.5,1540.0,1540.5,700,0.0,0.0
2024-06-10 12:42:00+09:00,1540.0,1540.0,1540.0,1540.0,200,0.0,0.0
2024-06-10 12:44:00+09:00,1540.5,1540.5,1540.5,1540.5,300,0.0,0.0
2024-06-10 12:45:00+09:00,1540.0,1540.5,1540.0,1540.5,1600,0.0,0.0
2024-06-10 12:47:00+09:00,1540.0,1540.0,1540.0,1540.0,500,0.0,0.0
2024-06-10 12:49:00+09:00,1540.0,1540.0,1540.0,1540.0,200,0.0,0.0
2024-06-10 12:54:00+09:00,1540.0,1540.0,1540.0,1540.0,1100,0.0,0.0
2024-06-10 12:55:00+09:00,1539.5,1539.5,1539.5,1539.5,600,0.0,0.0
2024-06-10 12:56:00+09:00,1539.5,1539.5,1539.5,1539.5,400,0.0,0.0
2024-06-10 12:59:00+09:00,1539.5,1539.5,1539.5,1539.5,200,0.0,0.0
2024-06-10 13:01:00+09:00,1540.0,1540.0,1540.0,1540.0,200,0.0,0.0
2024-06-10 13:03:00+09:00,1540.0,1540.0,1540.0,1540.0,200,0.0,0.0
2024-06-10 13:05:00+09:00,1540.0,1540.0,1540.0,1540.0,100,0.0,0.0
2024-06-10 13:06:00+09:00,1540.5,1540.5,1540.5,1540.5,200,0.0,0.0
2024-06-10 13:08:00+09:00,1540.5,1540.5,1540.0,1540.0,1600,0.0,0.0
2024-06-10 13:10:00+09:00,1539.5,1539.5,1539.5,1539.5,100,0.0,0.0
2024-06-10 13:12:00+09:00,1540.0,1540.0,1540.0,1540.0,1000,0.0,0.0
2024-06-10 13:16:00+09:00,1540.5,1540.5,1540.5,1540.5,200,0.0,0.0
2024-06-10 13:18:00+09:00,1540.5,1540.5,1540.5,1540.5,400,0.0,0.0
2024-06-10 13:19:00+09:00,1540.5,1540.5,1540.5,1540.5,400,0.0,0.0
2024-06-10 13:21:00+09:00,1541.0,1541.0,1541.0,1541.0,100,0.0,0.0
2024-06-10 13:23:00+09:00,1541.0,1541.0,1541.0,1541.0,200,0.0,0.0
2024-06-10 13:24:00+09:00,1541.0,1541.0,1541.0,1541.0,800,0.0,0.0
2024-06-10 13:25:00+09:00,1541.0,1541.0,1541.0,1541.0,100,0.0,0.0
2024-06-10 13:26:00+09:00,1540.5,1540.5,1540.5,1540.5,100,0.0,0.0
2024-06-10 13:27:00+09:00,1541.0,1541.0,1541.0,1541.0,2400,0.0,0.0
2024-06-10 13:28:00+09:00,1541.5,1541.5,1541.5,1541.5,100,0.0,0.0
2024-06-10 13:29:00+09:00,1541.5,1541.5,1541.0,1541.0,2200,0.0,0.0
2024-06-10 13:33:00+09:00,1541.5,1541.5,1541.5,1541.5,200,0.0,0.0
2024-06-10 13:35:00+09:00,1541.5,1541.5,1541.5,1541.5,200,0.0,0.0
2024-06-10 13:36:00+09:00,1541.5,1541.5,1541.5,1541.5,100,0.0,0.0
2024-06-10 13:37:00+09:00,1541.5,1541.5,1541.5,1541.5,100,0.0,0.0
2024-06-10 13:38:00+09:00,1541.0,1541.0,1541.0,1541.0,1400,0.0,0.0
2024-06-10 13:40:00+09:00,1541.5,1541.5,1541.5,1541.5,200,0.0,0.0
2024-06-10 13:43:00+09:00,1541.5,1541.5,1541.5,1541.5,200,0.0,0.0
2024-06-10 13:45:00+09:00,1541.5,1541.5,1541.5,1541.5,200,0.0,0.0
2024-06-10 13:47:00+09:00,1541.5,1541.5,1541.5,1541.5,200,0.0,0.0
2024-06-10 13:48:00+09:00,1541.5,1541.5,1541.5,1541.5,400,0.0,0.0
2024-06-10 13:49:00+09:00,1541.5,1541.5,1541.5,1541.5,200,0.0,0.0
2024-06-10 13:51:00+09:00,1542.0,1542.0,1542.0,1542.0,300,0.0,0.0
2024-06-10 13:52:00+09:00,1542.0,1542.0,1542.0,1542.0,3000,0.0,0.0
2024-06-10 13:53:00+09:00,1542.5,1542.5,1542.5,1542.5,500,0.0,0.0
2024-06-10 13:54:00+09:00,1543.0,1543.0,1543.0,1543.0,100,0.0,0.0
2024-06-10 13:55:00+09:00,1543.0,1543.0,1543.0,1543.0,400,0.0,0.0
2024-06-10 13:56:00+09:00,1543.0,1543.5,1543.0,1543.0,1700,0.0,0.0
2024-06-10 13:57:00+09:00,1543.0,1543.0,1543.0,1543.0,1400,0.0,0.0
2024-06-10 13:59:00+09:00,1543.0,1543.0,1543.0,1543.0,600,0.0,0.0
2024-06-10 14:00:00+09:00,1543.0,1543.0,1543.0,1543.0,200,0.0,0.0
2024-06-10 14:02:00+09:00,1543.5,1543.5,1543.5,1543.5,300,0.0,0.0
2024-06-10 14:03:00+09:00,1543.5,1543.5,1543.5,1543.5,800,0.0,0.0
2024-06-10 14:04:00+09:00,1544.0,1544.0,1544.0,1544.0,100,0.0,0.0
2024-06-10 14:05:00+09:00,1543.5,1543.5,1543.5,1543.5,100,0.0,0.0
2024-06-10 14:06:00+09:00,1544.0,1544.0,1544.0,1544.0,300,0.0,0.0
2024-06-10 14:07:00+09:00,1544.0,1544.0,1544.0,1544.0,100,0.0,0.0
2024-06-10 14:08:00+09:00,1544.0,1544.0,1544.0,1544.0,200,0.0,0.0
2024-06-10 14:09:00+09:00,1544.0,1544.0,1544.0,1544.0,200,0.0,0.0
2024-06-10 14:10:00+09:00,1544.0,1544.0,1544.0,1544.0,1800,0.0,0.0
2024-06-10 14:11:00+09:00,1543.5,1543.5,1543.5,1543.5,300,0.0,0.0
2024-06-10 14:14:00+09:00,1543.5,1543.5,1543.5,1543.5,1500,0.0,0.0
2024-06-10 14:15:00+09:00,1543.5,1543.5,1543.0,1543.0,1000,0.0,0.0
2024-06-10 14:16:00+09:00,1543.0,1543.0,1543.0,1543.0,300,0.0,0.0
2024-06-10 14:17:00+09:00,1543.0,1543.0,1543.0,1543.0,300,0.0,0.0
2024-06-10 14:18:00+09:00,1542.5,1542.5,1542.0,1542.0,2000,0.0,0.0
2024-06-10 14:21:00+09:00,1541.5,1541.5,1541.0,1541.0,900,0.0,0.0
2024-06-10 14:24:00+09:00,1541.0,1541.0,1541.0,1541.0,200,0.0,0.0
2024-06-10 14:26:00+09:00,1541.0,1541.0,1541.0,1541.0,1300,0.0,0.0
2024-06-10 14:27:00+09:00,1540.5,1540.5,1540.0,1540.0,1100,0.0,0.0
2024-06-10 14:28:00+09:00,1540.0,1540.0,1540.0,1540.0,300,0.0,0.0
2024-06-10 14:29:00+09:00,1540.0,1540.0,1540.0,1540.0,100,0.0,0.0
2024-06-10 14:30:00+09:00,1540.0,1540.5,1539.5,1540.5,1000,0.0,0.0
2024-06-10 14:31:00+09:00,1540.0,1540.5,1540.0,1540.5,900,0.0,0.0
2024-06-10 14:33:00+09:00,1540.5,1540.5,1540.5,1540.5,600,0.0,0.0
2024-06-10 14:34:00+09:00,1540.5,1540.5,1540.5,1540.5,200,0.0,0.0
2024-06-10 14:36:00+09:00,1540.5,1540.5,1540.5,1540.5,400,0.0,0.0
2024-06-10 14:37:00+09:00,1540.5,1540.5,1540.5,1540.5,100,0.0,0.0
2024-06-10 14:38:00+09:00,1540.5,1540.5,1540.5,1540.5,200,0.0,0.0
2024-06-10 14:39:00+09:00,1540.5,1540.5,1540.5,1540.5,300,0.0,0.0
2024-06-10 14:41:00+09:00,1540.5,1540.5,1540.0,1540.0,1800,0.0,0.0
2024-06-10 14:44:00+09:00,1539.5,1539.5,1539.0,1539.0,1700,0.0,0.0
2024-06-10 14:45:00+09:00,1539.5,1539.5,1539.5,1539.5,800,0.0,0.0
2024-06-10 14:47:00+09:00,1539.5,1539.5,1539.5,1539.5,400,0.0,0.0
2024-06-10 14:50:00+09:00,1539.5,1540.0,1539.5,1540.0,1400,0.0,0.0
2024-06-10 14:51:00+09:00,1539.5,1539.5,1539.5,1539.5,800,0.0,0.0
2024-06-10 14:52:00+09:00,1540.0,1540.0,1540.0,1540.0,200,0.0,0.0
2024-06-10 14:54:00+09:00,1540.0,1540.0,1540.0,1540.0,100,0.0,0.0
2024-06-10 14:55:00+09:00,1540.0,1540.0,1540.0,1540.0,700,0.0,0.0
2024-06-10 14:56:00+09:00,1540.0,1540.5,1540.0,1540.5,3200,0.0,0.0
2024-06-10 14:57:00+09:00,1541.0,1541.0,1540.5,1540.5,1800,0.0,0.0
2024-06-10 14:58:00+09:00,1540.5,1540.5,1540.5,1540.5,100,0.0,0.0
2024-06-10 14:59:00+09:00,1541.0,1543.5,1541.0,1542.5,3800,0.0,0.0
2024-06-11 09:00:00+09:00,1550.0,1550.0,1547.0,1548.5,21000,0.0,0.0
2024-06-11 09:01:00+09:00,1548.0,1549.5,1548.0,1549.5,500,0.0,0.0
2024-06-11 09:02:00+09:00,1550.0,1550.0,1550.0,1550.0,100,0.0,0.0
2024-06-11 09:03:00+09:00,1548.0,1549.5,1548.0,1548.5,300,0.0,0.0
2024-06-11 09:04:00+09:00,1549.5,1550.5,1549.5,1549.5,4400,0.0,0.0
2024-06-11 09:05:00+09:00,1550.0,1551.0,1550.0,1551.0,900,0.0,0.0
2024-06-11 09:06:00+09:00,1551.0,1551.0,1551.0,1551.0,600,0.0,0.0
2024-06-11 09:07:00+09:00,1552.0,1553.0,1551.5,1553.0,1800,0.0,0.0
2024-06-11 09:08:00+09:00,1553.0,1555.5,1553.0,1554.5,6000,0.0,0.0
2024-06-11 09:09:00+09:00,1555.0,1555.0,1553.0,1554.0,3400,0.0,0.0
2024-06-11 09:10:00+09:00,1554.5,1554.5,1554.5,1554.5,700,0.0,0.0
2024-06-11 09:11:00+09:00,1554.5,1555.0,1554.5,1555.0,200,0.0,0.0
2024-06-11 09:12:00+09:00,1555.0,1556.0,1555.0,1556.0,1000,0.0,0.0
2024-06-11 09:13:00+09:00,1556.5,1556.5,1555.5,1555.5,700,0.0,0.0
2024-06-11 09:14:00+09:00,1555.0,1555.5,1555.0,1555.5,1000,0.0,0.0
2024-06-11 09:15:00+09:00,1555.5,1556.5,1555.5,1556.0,1500,0.0,0.0
2024-06-11 09:16:00+09:00,1557.0,1557.0,1556.5,1556.5,800,0.0,0.0
2024-06-11 09:17:00+09:00,1556.5,1557.0,1556.5,1557.0,600,0.0,0.0
2024-06-11 09:18:00+09:00,1557.0,1557.5,1557.0,1557.5,400,0.0,0.0
2024-06-11 09:19:00+09:00,1557.5,1557.5,1556.5,1556.5,1600,0.0,0.0
2024-06-11 09:20:00+09:00,1556.5,1556.5,1556.5,1556.5,300,0.0,0.0
2024-06-11 09:21:00+09:00,1556.5,1557.0,1556.5,1557.0,300,0.0,0.0
2024-06-11 09:22:00+09:00,1557.5,1558.0,1555.5,1556.5,3800,0.0,0.0
2024-06-11 09:23:00+09:00,1556.5,1557.0,1556.0,1556.0,300,0.0,0.0
2024-06-11 09:25:00+09:00,1556.5,1556.5,1556.0,1556.0,300,0.0,0.0
2024-06-11 09:26:00+09:00,1557.0,1557.0,1557.0,1557.0,100,0.0,0.0
2024-06-11 09:27:00+09:00,1557.0,1557.0,1556.5,1556.5,400,0.0,0.0
2024-06-11 09:28:00+09:00,1556.5,1556.5,1556.5,1556.5,100,0.0,0.0
2024-06-11 09:29:00+09:00,1557.5,1558.0,1557.5,1557.5,2200,0.0,0.0
2024-06-11 09:30:00+09:00,1558.0,1558.0,1558.0,1558.0,100,0.0,0.0
2024-06-11 09:31:00+09:00,1558.5,1559.0,1558.5,1559.0,300,0.0,0.0
2024-06-11 09:32:00+09:00,1559.0,1559.5,1558.5,1559.5,1000,0.0,0.0
2024-06-11 09:33:00+09:00,1559.5,1561.0,1559.0,1561.0,8300,0.0,0.0
2024-06-11 09:34:00+09:00,1560.5,1560.5,1560.0,1560.0,1700,0.0,0.0
2024-06-11 09:35:00+09:00,1559.5,1559.5,1559.0,1559.0,1300,0.0,0.0
2024-06-11 09:36:00+09:00,1560.0,1560.0,1560.0,1560.0,300,0.0,0.0
2024-06-11 09:37:00+09:00,1560.0,1560.5,1560.0,1560.5,200,0.0,0.0
2024-06-11 09:38:00+09:00,1560.5,1561.0,1560.5,1561.0,600,0.0,0.0
2024-06-11 09:39:00+09:00,1560.5,1561.0,1560.5,1561.0,200,0.0,0.0
2024-06-11 09:40:00+09:00,1560.5,1561.5,1560.5,1561.5,1000,0.0,0.0
2024-06-11 09:41:00+09:00,1561.0,1561.0,1560.5,1560.5,700,0.0,0.0
2024-06-11 09:42:00+09:00,1560.5,1561.0,1560.5,1561.0,1100,0.0,0.0
2024-06-11 09:44:00+09:00,1561.0,1561.0,1560.5,1560.5,200,0.0,0.0
2024-06-11 09:45:00+09:00,1561.0,1561.0,1561.0,1561.0,500,0.0,0.0
2024-06-11 09:46:00+09:00,1561.5,1561.5,1561.5,1561.5,500,0.0,0.0
2024-06-11 09:47:00+09:00,1561.5,1561.5,1561.5,1561.5,100,0.0,0.0
2024-06-11 09:48:00+09:00,1561.5,1561.5,1560.5,1560.5,1200,0.0,0.0
2024-06-11 09:49:00+09:00,1560.5,1560.5,1560.0,1560.0,1700,0.0,0.0
2024-06-11 09:50:00+09:00,1561.0,1561.0,1561.0,1561.0,100,0.0,0.0
2024-06-11 09:52:00+09:00,1561.0,1561.5,1560.5,1561.0,1300,0.0,0.0
2024-06-11 09:53:00+09:00,1562.0,1562.0,1562.0,1562.0,100,0.0,0.0
2024-06-11 09:54:00+09:00,1562.0,1562.5,1562.0,1562.5,2100,0.0,0.0
2024-06-11 09:55:00+09:00,1562.5,1562.5,1562.5,1562.5,700,0.0,0.0
2024-06-11 09:56:00+09:00,1562.5,1562.5,1562.5,1562.5,700,0.0,0.0
2024-06-11 09:57:00+09:00,1562.5,1562.5,1562.5,1562.5,300,0.0,0.0
2024-06-11 09:58:00+09:00,1562.5,1562.5,1561.5,1562.0,2000,0.0,0.0
2024-06-11 09:59:00+09:00,1562.5,1562.5,1562.5,1562.5,100,0.0,0.0
2024-06-11 10:00:00+09:00,1561.5,1562.0,1561.5,1562.0,600,0.0,0.0
2024-06-11 10:01:00+09:00,1561.0,1561.0,1560.0,1560.0,500,0.0,0.0
2024-06-11 10:02:00+09:00,1560.0,1561.0,1560.0,1561.0,2000,0.0,0.0
2024-06-11 10:04:00+09:00,1561.0,1561.0,1561.0,1561.0,100,0.0,0.0
2024-06-11 10:05:00+09:00,1560.5,1560.5,1560.5,1560.5,100,0.0,0.0
2024-06-11 10:06:00+09:00,1560.5,1560.5,1560.0,1560.0,900,0.0,0.0
2024-06-11 10:07:00+09:00,1560.5,1560.5,1560.5,1560.5,100,0.0,0.0
2024-06-11 10:08:00+09:00,1560.5,1561.0,1560.5,1561.0,1000,0.0,0.0
2024-06-11 10:09:00+09:00,1561.0,1561.0,1560.0,1560.0,200,0.0,0.0
2024-06-11 10:10:00+09:00,1560.5,1561.0,1560.5,1561.0,700,0.0,0.0
2024-06-11 10:11:00+09:00,1560.5,1560.5,1560.5,1560.5,1000,0.0,0.0
2024-06-11 10:12:00+09:00,1560.0,1560.0,1560.0,1560.0,100,0.0,0.0
2024-06-11 10:13:00+09:00,1560.0,1560.0,1560.0,1560.0,100,0.0,0.0
2024-06-11 10:14:00+09:00,1560.5,1561.0,1560.5,1561.0,400,0.0,0.0
2024-06-11 10:15:00+09:00,1561.0,1561.0,1561.0,1561.0,600,0.0,0.0
2024-06-11 10:16:00+09:00,1561.5,1561.5,1561.5,1561.5,200,0.0,0.0
2024-06-11 10:17:00+09:00,1561.5,1562.0,1561.5,1562.0,200,0.0,0.0
2024-06-11 10:18:00+09:00,1561.5,1561.5,1561.5,1561.5,1300,0.0,0.0
2024-06-11 10:19:00+09:00,1561.0,1561.0,1561.0,1561.0,700,0.0,0.0
2024-06-11 10:20:00+09:00,1560.5,1560.5,1560.5,1560.5,100,0.0,0.0
2024-06-11 10:22:00+09:00,1561.5,1561.5,1561.5,1561.5,200,0.0,0.0
2024-06-11 10:23:00+09:00,1561.0,1561.5,1561.0,1561.5,200,0.0,0.0
2024-06-11 10:25:00+09:00,1561.0,1561.0,1561.0,1561.0,1000,0.0,0.0
2024-06-11 10:26:00+09:00,1561.0,1561.0,1560.5,1560.5,800,0.0,0.0
2024-06-11 10:27:00+09:00,1560.0,1560.0,1560.0,1560.0,600,0.0,0.0
2024-06-11 10:28:00+09:00,1560.5,1560.5,1560.5,1560.5,200,0.0,0.0
2024-06-11 10:29:00+09:00,1561.0,1561.0,1561.0,1561.0,100,0.0,0.0
2024-06-11 10:32:00+09:00,1560.5,1561.0,1560.5,1561.0,300,0.0,0.0
2024-06-11 10:33:00+09:00,1560.5,1560.5,1560.5,1560.5,100,0.0,0.0
2024-06-11 10:34:00+09:00,1560.5,1560.5,1560.5,1560.5,100,0.0,0.0
2024-06-11 10:35:00+09:00,1560.5,1560.5,1560.0,1560.5,1400,0.0,0.0
2024-06-11 10:38:00+09:00,1560.5,1560.5,1560.0,1560.0,1300,0.0,0.0
2024-06-11 10:39:00+09:00,1560.0,1560.0,1560.0,1560.0,800,0.0,0.0
2024-06-11 10:41:00+09:00,1560.0,1560.0,1560.0,1560.0,100,0.0,0.0
2024-06-11 10:42:00+09:00,1559.5,1559.5,1559.0,1559.0,1400,0.0,0.0
2024-06-11 10:43:00+09:00,1559.0,1559.5,1558.5,1558.5,800,0.0,0.0
2024-06-11 10:44:00+09:00,1558.0,1558.0,1557.5,1557.5,300,0.0,0.0
2024-06-11 10:45:00+09:00,1557.5,1557.5,1557.5,1557.5,100,0.0,0.0
2024-06-11 10:46:00+09:00,1557.5,1557.5,1557.5,1557.5,100,0.0,0.0
2024-06-11 10:48:00+09:00,1557.0,1557.0,1556.5,1556.5,1300,0.0,0.0
2024-06-11 10:49:00+09:00,1557.0,1557.0,1557.0,1557.0,600,0.0,0.0
2024-06-11 10:50:00+09:00,1557.0,1557.0,1557.0,1557.0,100,0.0,0.0
2024-06-11 10:51:00+09:00,1557.5,1557.5,1557.0,1557.0,200,0.0,0.0
2024-06-11 10:53:00+09:00,1557.0,1557.5,1557.0,1557.5,1100,0.0,0.0
2024-06-11 10:55:00+09:00,1557.0,1557.0,1556.5,1556.5,800,0.0,0.0
2024-06-11 10:58:00+09:00,1556.5,1556.5,1556.0,1556.0,700,0.0,0.0
2024-06-11 10:59:00+09:00,1556.5,1556.5,1556.5,1556.5,1300,0.0,0.0
2024-06-11 11:01:00+09:00,1556.5,1557.0,1556.0,1557.0,900,0.0,0.0
2024-06-11 11:02:00+09:00,1556.5,1556.5,1556.5,1556.5,200,0.0,0.0
2024-06-11 11:05:00+09:00,1556.0,1556.5,1556.0,1556.5,700,0.0,0.0
2024-06-11 11:07:00+09:00,1557.0,1557.0,1557.0,1557.0,1000,0.0,0.0
2024-06-11 11:08:00+09:00,1557.0,1557.0,1557.0,1557.0,200,0.0,0.0
2024-06-11 11:09:00+09:00,1557.0,1557.0,1557.0,1557.0,800,0.0,0.0
2024-06-11 11:10:00+09:00,1557.0,1557.5,1557.0,1557.5,700,0.0,0.0
2024-06-11 11:12:00+09:00,1557.5,1557.5,1557.0,1557.0,500,0.0,0.0
2024-06-11 11:14:00+09:00,1557.0,1557.0,1557.0,1557.0,100,0.0,0.0
2024-06-11 11:16:00+09:00,1556.5,1556.5,1556.5,1556.5,300,0.0,0.0
2024-06-11 11:17:00+09:00,1557.0,1557.0,1556.0,1556.5,1600,0.0,0.0
2024-06-11 11:18:00+09:00,1556.5,1556.5,1556.5,1556.5,600,0.0,0.0
2024-06-11 11:21:00+09:00,1557.0,1557.0,1556.5,1557.0,400,0.0,0.0
2024-06-11 11:23:00+09:00,1557.0,1557.0,1557.0,1557.0,100,0.0,0.0
2024-06-11 11:24:00+09:00,1557.0,1557.0,1557.0,1557.0,300,0.0,0.0
2024-06-11 11:25:00+09:00,1557.0,1557.0,1557.0,1557.0,300,0.0,0.0
2024-06-11 11:26:00+09:00,1557.0,1557.0,1557.0,1557.0,500,0.0,0.0
2024-06-11 11:29:00+09:00,1557.0,1557.0,1556.5,1557.0,1100,0.0,0.0
2024-06-11 11:30:00+09:00,1557.5,1557.5,1557.5,1557.5,100,0.0,0.0
2024-06-11 11:35:00+09:00,1557.5,1557.5,1557.5,1557.5,0,0.0,0.0
2024-06-11 12:30:00+09:00,1558.5,1558.5,1557.5,1557.5,127200,0.0,0.0
2024-06-11 12:31:00+09:00,1557.5,1559.0,1557.5,1559.0,2400,0.0,0.0
2024-06-11 12:32:00+09:00,1558.0,1558.0,1555.5,1555.5,1900,0.0,0.0
2024-06-11 12:33:00+09:00,1556.0,1556.5,1556.0,1556.5,500,0.0,0.0
2024-06-11 12:34:00+09:00,1556.0,1556.5,1555.5,1555.5,1100,0.0,0.0
2024-06-11 12:35:00+09:00,1555.5,1555.5,1555.5,1555.5,300,0.0,0.0
2024-06-11 12:36:00+09:00,1556.0,1556.0,1555.5,1555.5,300,0.0,0.0
2024-06-11 12:38:00+09:00,1556.0,1556.0,1555.0,1555.0,1400,0.0,0.0
2024-06-11 12:39:00+09:00,1555.0,1556.5,1555.0,1556.0,3600,0.0,0.0
2024-06-11 12:40:00+09:00,1557.0,1557.5,1557.0,1557.5,200,0.0,0.0
2024-06-11 12:41:00+09:00,1557.0,1557.0,1557.0,1557.0,700,0.0,0.0
2024-06-11 12:42:00+09:00,1557.5,1557.5,1557.5,1557.5,100,0.0,0.0
2024-06-11 12:43:00+09:00,1558.0,1558.0,1558.0,1558.0,100,0.0,0.0
2024-06-11 12:47:00+09:00,1557.5,1558.0,1557.5,1558.0,500,0.0,0.0
2024-06-11 12:48:00+09:00,1558.0,1559.0,1558.0,1559.0,2000,0.0,0.0
2024-06-11 12:49:00+09:00,1560.0,1560.0,1560.0,1560.0,800,0.0,0.0
2024-06-11 12:50:00+09:00,1560.0,1560.5,1560.0,1560.5,500,0.0,0.0
2024-06-11 12:51:00+09:00,1560.5,1561.0,1560.5,1561.0,200,0.0,0.0
2024-06-11 12:52:00+09:00,1560.5,1560.5,1560.5,1560.5,100,0.0,0.0
2024-06-11 12:53:00+09:00,1561.0,1561.0,1561.0,1561.0,200,0.0,0.0
2024-06-11 12:54:00+09:00,1561.0,1562.0,1561.0,1562.0,3100,0.0,0.0
2024-06-11 12:56:00+09:00,1561.5,1561.5,1561.5,1561.5,300,0.0,0.0
2024-06-11 12:57:00+09:00,1562.0,1562.0,1561.5,1561.5,200,0.0,0.0
2024-06-11 12:58:00+09:00,1561.0,1561.0,1561.0,1561.0,1100,0.0,0.0
2024-06-11 12:59:00+09:00,1561.0,1561.0,1561.0,1561.0,200,0.0,0.0
2024-06-11 13:00:00+09:00,1561.0,1561.0,1561.0,1561.0,100,0.0,0.0
2024-06-11 13:01:00+09:00,1561.0,1561.5,1561.0,1561.5,1000,0.0,0.0
2024-06-11 13:02:00+09:00,1561.5,1561.5,1560.5,1561.0,400,0.0,0.0
2024-06-11 13:03:00+09:00,1561.0,1561.0,1561.0,1561.0,100,0.0,0.0
2024-06-11 13:04:00+09:00,1560.5,1560.5,1559.5,1559.5,2700,0.0,0.0
2024-06-11 13:05:00+09:00,1560.0,1560.5,1559.5,1560.5,1100,0.0,0.0
2024-06-11 13:07:00+09:00,1560.5,1560.5,1560.5,1560.5,100,0.0,0.0
2024-06-11 13:08:00+09:00,1560.0,1560.5,1560.0,1560.0,700,0.0,0.0
2024-06-11 13:11:00+09:00,1560.5,1560.5,1560.0,1560.0,500,0.0,0.0
2024-06-11 13:12:00+09:00,1561.0,1561.0,1560.5,1560.5,800,0.0,0.0
2024-06-11 13:13:00+09:00,1561.0,1561.0,1561.0,1561.0,200,0.0,0.0
2024-06-11 13:14:00+09:00,1561.5,1561.5,1561.5,1561.5,100,0.0,0.0
2024-06-11 13:15:00+09:00,1561.5,1561.5,1560.5,1560.5,200,0.0,0.0
2024-06-11 13:17:00+09:00,1561.0,1561.0,1560.5,1560.5,800,0.0,0.0
2024-06-11 13:20:00+09:00,1560.5,1561.0,1560.0,1561.0,1100,0.0,0.0
2024-06-11 13:21:00+09:00,1561.0,1561.0,1561.0,1561.0,100,0.0,0.0
2024-06-11 13:24:00+09:00,1560.5,1560.5,1560.5,1560.5,500,0.0,0.0
2024-06-11 13:25:00+09:00,1560.0,1560.0,1560.0,1560.0,700,0.0,0.0
2024-06-11 13:26:00+09:00,1559.5,1559.5,1559.5,1559.5,100,0.0,0.0
2024-06-11 13:27:00+09:00,1560.0,1560.5,1560.0,1560.5,800,0.0,0.0
2024-06-11 13:30:00+09:00,1560.5,1560.5,1560.5,1560.5,100,0.0,0.0
2024-06-11 13:31:00+09:00,1560.0,1560.0,1559.5,1559.5,900,0.0,0.0
2024-06-11 13:32:00+09:00,1559.5,1560.0,1559.5,1560.0,400,0.0,0.0
2024-06-11 13:33:00+09:00,1560.0,1560.5,1560.0,1560.0,300,0.0,0.0
2024-06-11 13:35:00+09:00,1559.5,1560.0,1559.5,1560.0,700,0.0,0.0
2024-06-11 13:38:00+09:00,1560.0,1560.0,1560.0,1560.0,200,0.0,0.0
2024-06-11 13:39:00+09:00,1560.0,1560.0,1560.0,1560.0,100,0.0,0.0
2024-06-11 13:40:00+09:00,1560.0,1560.0,1559.5,1559.5,2700,0.0,0.0
2024-06-11 13:41:00+09:00,1560.0,1560.0,1560.0,1560.0,200,0.0,0.0
2024-06-11 13:42:00+09:00,1560.0,1560.5,1559.5,1560.5,400,0.0,0.0
2024-06-11 13:43:00+09:00,1560.5,1560.5,1560.5,1560.5,100,0.0,0.0
2024-06-11 13:44:00+09:00,1560.0,1560.0,1560.0,1560.0,200,0.0,0.0
2024-06-11 13:45:00+09:00,1560.5,1560.5,1559.5,1559.5,1000,0.0,0.0
2024-06-11 13:48:00+09:00,1560.5,1560.5,1560.5,1560.5,100,0.0,0.0
2024-06-11 13:49:00+09:00,1560.5,1560.5,1560.5,1560.5,100,0.0,0.0
2024-06-11 13:50:00+09:00,1560.0,1560.5,1560.0,1560.5,1100,0.0,0.0
2024-06-11 13:51:00+09:00,1560.5,1560.5,1560.0,1560.5,800,0.0,0.0
2024-06-11 13:52:00+09:00,1560.5,1561.0,1560.0,1560.5,1000,0.0,0.0
2024-06-11 13:53:00+09:00,1561.5,1561.5,1561.5,1561.5,200,0.0,0.0
2024-06-11 13:54:00+09:00,1561.0,1561.5,1561.0,1561.5,300,0.0,0.0
2024-06-11 13:55:00+09:00,1561.0,1561.0,1560.5,1560.5,2000,0.0,0.0
2024-06-11 13:56:00+09:00,1560.5,1561.0,1560.5,1561.0,200,0.0,0.0
2024-06-11 13:58:00+09:00,1561.0,1561.0,1561.0,1561.0,400,0.0,0.0
2024-06-11 14:00:00+09:00,1560.5,1560.5,1560.5,1560.5,800,0.0,0.0
2024-06-11 14:02:00+09:00,1560.5,1560.5,1560.5,1560.5,100,0.0,0.0
2024-06-11 14:03:00+09:00,1560.5,1560.5,1560.5,1560.5,200,0.0,0.0
2024-06-11 14:04:00+09:00,1560.5,1561.0,1560.5,1561.0,1100,0.0,0.0
2024-06-11 14:05:00+09:00,1561.0,1561.0,1561.0,1561.0,100,0.0,0.0
2024-06-11 14:07:00+09:00,1561.0,1561.0,1561.0,1561.0,800,0.0,0.0
2024-06-11 14:08:00+09:00,1561.5,1561.5,1561.0,1561.0,600,0.0,0.0
2024-06-11 14:09:00+09:00,1561.0,1561.0,1560.5,1560.5,900,0.0,0.0
2024-06-11 14:10:00+09:00,1561.0,1561.0,1561.0,1561.0,100,0.0,0.0
2024-06-11 14:13:00+09:00,1561.0,1561.0,1561.0,1561.0,100,0.0,0.0
2024-06-11 14:14:00+09:00,1561.0,1561.0,1560.5,1560.5,300,0.0,0.0
2024-06-11 14:16:00+09:00,1560.5,1560.5,1560.0,1560.0,1200,0.0,0.0
2024-06-11 14:17:00+09:00,1560.0,1560.0,1559.5,1559.5,600,0.0,0.0
2024-06-11 14:18:00+09:00,1560.5,1560.5,1560.0,1560.0,300,0.0,0.0
2024-06-11 14:19:00+09:00,1559.5,1559.5,1559.0,1559.0,600,0.0,0.0
2024-06-11 14:20:00+09:00,1559.5,1559.5,1558.5,1559.0,1100,0.0,0.0
2024-06-11 14:22:00+09:00,1559.0,1559.0,1558.5,1558.5,1200,0.0,0.0
2024-06-11 14:24:00+09:00,1559.5,1559.5,1559.0,1559.5,500,0.0,0.0
2024-06-11 14:26:00+09:00,1559.5,1559.5,1559.5,1559.5,300,0.0,0.0
2024-06-11 14:27:00+09:00,1559.5,1559.5,1559.5,1559.5,100,0.0,0.0
2024-06-11 14:29:00+09:00,1559.5,1559.5,1559.5,1559.5,300,0.0,0.0
2024-06-11 14:30:00+09:00,1559.0,1559.0,1558.0,1559.0,4400,0.0,0.0
2024-06-11 14:31:00+09:00,1559.0,1559.5,1559.0,1559.5,900,0.0,0.0
2024-06-11 14:32:00+09:00,1559.0,1559.0,1559.0,1559.0,200,0.0,0.0
2024-06-11 14:33:00+09:00,1559.0,1559.5,1559.0,1559.5,300,0.0,0.0
2024-06-11 14:34:00+09:00,1559.0,1559.0,1559.0,1559.0,100,0.0,0.0
2024-06-11 14:35:00+09:00,1559.5,1559.5,1559.5,1559.5,200,0.0,0.0
2024-06-11 14:36:00+09:00,1559.5,1559.5,1559.5,1559.5,100,0.0,0.0
2024-06-11 14:37:00+09:00,1559.5,1559.5,1559.5,1559.5,100,0.0,0.0
2024-06-11 14:38:00+09:00,1559.5,1559.5,1559.5,1559.5,500,0.0,0.0
2024-06-11 14:39:00+09:00,1559.0,1559.0,1559.0,1559.0,100,0.0,0.0
2024-06-11 14:40:00+09:00,1559.0,1559.5,1559.0,1559.5,200,0.0,0.0
2024-06-11 14:41:00+09:00,1559.5,1559.5,1559.5,1559.5,300,0.0,0.0
2024-06-11 14:42:00+09:00,1559.0,1559.0,1558.5,1558.5,2800,0.0,0.0
2024-06-11 14:43:00+09:00,1558.5,1558.5,1558.5,1558.5,100,0.0,0.0
2024-06-11 14:44:00+09:00,1558.5,1558.5,1558.5,1558.5,100,0.0,0.0
2024-06-11 14:45:00+09:00,1558.0,1558.0,1558.0,1558.0,900,0.0,0.0
2024-06-11 14:46:00+09:00,1557.5,1558.0,1557.5,1557.5,1100,0.0,0.0
2024-06-11 14:47:00+09:00,1557.0,1557.0,1557.0,1557.0,600,0.0,0.0
2024-06-11 14:48:00+09:00,1557.5,1557.5,1557.5,1557.5,300,0.0,0.0
2024-06-11 14:49:00+09:00,1557.5,1557.5,1557.0,1557.5,300,0.0,0.0
2024-06-11 14:50:00+09:00,1557.0,1557.5,1557.0,1557.0,1100,0.0,0.0
2024-06-11 14:51:00+09:00,1556.5,1557.0,1556.5,1557.0,1300,0.0,0.0
2024-06-11 14:53:00+09:00,1556.5,1556.5,1556.5,1556.5,200,0.0,0.0
2024-06-11 14:54:00+09:00,1556.5,1557.0,1556.5,1556.5,800,0.0,0.0
2024-06-11 14:55:00+09:00,1556.5,1556.5,1556.5,1556.5,700,0.0,0.0
2024-06-11 14:56:00+09:00,1557.0,1557.0,1557.0,1557.0,200,0.0,0.0
2024-06-11 14:57:00+09:00,1557.0,1557.0,1557.0,1557.0,1800,0.0,0.0
2024-06-11 14:58:00+09:00,1557.0,1557.5,1556.5,1557.5,1400,0.0,0.0
2024-06-11 14:59:00+09:00,1557.0,1558.5,1555.0,1555.0,3300,0.0,0.0
2024-06-12 09:00:00+09:00,1553.5,1556.0,1550.5,1555.0,10400,0.0,0.0
2024-06-12 09:01:00+09:00,1556.0,1557.0,1555.0,1557.0,500,0.0,0.0
2024-06-12 09:02:00+09:00,1555.0,1555.0,1555.0,1555.0,400,0.0,0.0
2024-06-12 09:03:00+09:00,1554.5,1555.0,1553.5,1553.5,500,0.0,0.0
2024-06-12 09:04:00+09:00,1556.5,1556.5,1554.5,1555.5,800,0.0,0.0
2024-06-12 09:05:00+09:00,1555.0,1555.0,1554.5,1554.5,200,0.0,0.0
2024-06-12 09:06:00+09:00,1555.5,1555.5,1554.0,1554.0,1500,0.0,0.0
2024-06-12 09:07:00+09:00,1555.5,1555.5,1555.5,1555.5,300,0.0,0.0
2024-06-12 09:08:00+09:00,1555.0,1555.5,1554.0,1554.0,700,0.0,0.0
2024-06-12 09:09:00+09:00,1554.0,1555.5,1554.0,1554.0,800,0.0,0.0
2024-06-12 09:10:00+09:00,1555.5,1556.0,1555.5,1556.0,300,0.0,0.0
2024-06-12 09:11:00+09:00,1557.5,1557.5,1557.5,1557.5,300,0.0,0.0
2024-06-12 09:12:00+09:00,1558.0,1558.0,1558.0,1558.0,400,0.0,0.0
2024-06-12 09:13:00+09:00,1558.5,1558.5,1558.5,1558.5,200,0.0,0.0
2024-06-12 09:14:00+09:00,1558.0,1559.0,1558.0,1558.0,800,0.0,0.0
2024-06-12 09:15:00+09:00,1558.5,1558.5,1558.5,1558.5,200,0.0,0.0
2024-06-12 09:16:00+09:00,1558.0,1558.0,1557.5,1557.5,1000,0.0,0.0
2024-06-12 09:17:00+09:00,1558.0,1558.0,1558.0,1558.0,100,0.0,0.0
2024-06-12 09:18:00+09:00,1558.5,1558.5,1558.5,1558.5,200,0.0,0.0
2024-06-12 09:20:00+09:00,1558.0,1558.5,1558.0,1558.5,400,0.0,0.0
2024-06-12 09:21:00+09:00,1558.0,1558.0,1557.5,1557.5,500,0.0,0.0
2024-06-12 09:22:00+09:00,1557.0,1557.0,1556.0,1556.0,800,0.0,0.0
2024-06-12 09:23:00+09:00,1557.0,1557.0,1557.0,1557.0,100,0.0,0.0
2024-06-12 09:24:00+09:00,1557.0,1557.5,1556.5,1556.5,1200,0.0,0.0
2024-06-12 09:26:00+09:00,1556.5,1557.0,1556.5,1557.0,200,0.0,0.0
2024-06-12 09:27:00+09:00,1557.5,1557.5,1557.5,1557.5,100,0.0,0.0
2024-06-12 09:28:00+09:00,1557.0,1557.0,1557.0,1557.0,200,0.0,0.0
2024-06-12 09:29:00+09:00,1556.5,1556.5,1556.0,1556.0,500,0.0,0.0
2024-06-12 09:30:00+09:00,1556.0,1556.0,1555.5,1555.5,700,0.0,0.0
2024-06-12 09:32:00+09:00,1556.0,1556.0,1556.0,1556.0,100,0.0,0.0
2024-06-12 09:33:00+09:00,1556.0,1556.0,1556.0,1556.0,200,0.0,0.0
2024-06-12 09:35:00+09:00,1556.5,1557.0,1556.0,1556.5,1200,0.0,0.0
2024-06-12 09:36:00+09:00,1557.0,1557.0,1556.5,1556.5,400,0.0,0.0
2024-06-12 09:37:00+09:00,1556.5,1556.5,1556.0,1556.0,500,0.0,0.0
2024-06-12 09:39:00+09:00,1555.5,1555.5,1555.5,1555.5,500,0.0,0.0
2024-06-12 09:40:00+09:00,1555.5,1555.5,1555.0,1555.0,400,0.0,0.0
2024-06-12 09:43:00+09:00,1555.5,1555.5,1554.0,1554.5,1100,0.0,0.0
2024-06-12 09:44:00+09:00,1554.5,1554.5,1554.0,1554.5,700,0.0,0.0
2024-06-12 09:45:00+09:00,1554.5,1555.0,1554.5,1554.5,900,0.0,0.0
2024-06-12 09:46:00+09:00,1555.0,1555.0,1554.5,1554.5,700,0.0,0.0
2024-06-12 09:47:00+09:00,1555.0,1555.0,1555.0,1555.0,300,0.0,0.0
2024-06-12 09:48:00+09:00,1555.0,1555.0,1555.0,1555.0,200,0.0,0.0
2024-06-12 09:53:00+09:00,1555.0,1555.5,1555.0,1555.5,1200,0.0,0.0
2024-06-12 09:55:00+09:00,1556.0,1556.0,1555.5,1555.5,33300,0.0,0.0
2024-06-12 09:56:00+09:00,1556.0,1556.0,1556.0,1556.0,100,0.0,0.0
2024-06-12 09:58:00+09:00,1557.0,1557.0,1557.0,1557.0,500,0.0,0.0
2024-06-12 10:00:00+09:00,1556.5,1556.5,1556.0,1556.0,900,0.0,0.0
2024-06-12 10:01:00+09:00,1555.5,1555.5,1555.5,1555.5,400,0.0,0.0
2024-06-12 10:02:00+09:00,1555.0,1555.0,1555.0,1555.0,600,0.0,0.0
2024-06-12 10:04:00+09:00,1555.0,1555.0,1554.5,1554.5,600,0.0,0.0
2024-06-12 10:05:00+09:00,1554.5,1555.0,1554.5,1555.0,400,0.0,0.0
2024-06-12 10:06:00+09:00,1555.5,1555.5,1555.0,1555.0,1000,0.0,0.0
2024-06-12 10:07:00+09:00,1555.0,1555.0,1555.0,1555.0,100,0.0,0.0
2024-06-12 10:11:00+09:00,1555.5,1555.5,1555.5,1555.5,800,0.0,0.0
2024-06-12 10:12:00+09:00,1555.0,1555.0,1554.5,1555.0,500,0.0,0.0
2024-06-12 10:13:00+09:00,1555.0,1555.0,1555.0,1555.0,0,0.0,0.0
2024-06-12 10:15:00+09:00,1555.0,1555.0,1554.0,1554.5,40400,0.0,0.0
2024-06-12 10:16:00+09:00,1554.0,1554.0,1553.0,1553.0,1200,0.0,0.0
2024-06-12 10:17:00+09:00,1552.0,1552.5,1552.0,1552.5,200,0.0,0.0
2024-06-12 10:19:00+09:00,1552.5,1552.5,1552.5,1552.5,200,0.0,0.0
2024-06-12 10:20:00+09:00,1552.5,1552.5,1552.5,1552.5,100,0.0,0.0
2024-06-12 10:22:00+09:00,1552.0,1552.0,1552.0,1552.0,100,0.0,0.0
2024-06-12 10:24:00+09:00,1552.0,1552.0,1552.0,1552.0,700,0.0,0.0
2024-06-12 10:25:00+09:00,1552.0,1552.0,1552.0,1552.0,100,0.0,0.0
2024-06-12 10:26:00+09:00,1552.0,1552.0,1552.0,1552.0,500,0.0,0.0
2024-06-12 10:27:00+09:00,1551.5,1551.5,1551.5,1551.5,100,0.0,0.0
2024-06-12 10:29:00+09:00,1551.5,1551.5,1551.5,1551.5,200,0.0,0.0
2024-06-12 10:31:00+09:00,1551.5,1551.5,1551.5,1551.5,200,0.0,0.0
2024-06-12 10:32:00+09:00,1551.5,1551.5,1551.0,1551.0,700,0.0,0.0
2024-06-12 10:34:00+09:00,1551.0,1551.0,1551.0,1551.0,800,0.0,0.0
2024-06-12 10:35:00+09:00,1550.5,1550.5,1550.0,1550.0,1800,0.0,0.0
2024-06-12 10:37:00+09:00,1549.5,1549.5,1548.5,1548.5,800,0.0,0.0
2024-06-12 10:38:00+09:00,1549.0,1549.0,1549.0,1549.0,100,0.0,0.0
2024-06-12 10:40:00+09:00,1548.5,1548.5,1548.5,1548.5,600,0.0,0.0
2024-06-12 10:41:00+09:00,1549.0,1549.0,1549.0,1549.0,1300,0.0,0.0
2024-06-12 10:45:00+09:00,1549.0,1549.0,1548.5,1548.5,800,0.0,0.0
2024-06-12 10:46:00+09:00,1548.5,1548.5,1548.5,1548.5,100,0.0,0.0
2024-06-12 10:47:00+09:00,1548.5,1548.5,1548.0,1548.0,300,0.0,0.0
2024-06-12 10:48:00+09:00,1548.0,1548.0,1548.0,1548.0,100,0.0,0.0
2024-06-12 10:49:00+09:00,1548.0,1548.0,1546.5,1546.5,2300,0.0,0.0
2024-06-12 10:50:00+09:00,1547.0,1547.0,1547.0,1547.0,100,0.0,0.0
2024-06-12 10:51:00+09:00,1547.5,1547.5,1547.5,1547.5,500,0.0,0.0
2024-06-12 10:52:00+09:00,1546.5,1546.5,1546.5,1546.5,200,0.0,0.0
2024-06-12 10:53:00+09:00,1547.0,1547.0,1547.0,1547.0,0,0.0,0.0
2024-06-12 10:55:00+09:00,1547.0,1547.0,1547.0,1547.0,55100,0.0,0.0
2024-06-12 10:56:00+09:00,1546.5,1546.5,1546.5,1546.5,100,0.0,0.0
2024-06-12 10:57:00+09:00,1547.0,1547.0,1547.0,1547.0,100,0.0,0.0
2024-06-12 11:00:00+09:00,1547.0,1548.0,1547.0,1547.5,1700,0.0,0.0
2024-06-12 11:01:00+09:00,1547.5,1547.5,1547.5,1547.5,100,0.0,0.0
2024-06-12 11:02:00+09:00,1548.0,1548.0,1548.0,1548.0,600,0.0,0.0
2024-06-12 11:03:00+09:00,1547.5,1547.5,1547.0,1547.5,700,0.0,0.0
2024-06-12 11:04:00+09:00,1546.5,1546.5,1546.5,1546.5,100,0.0,0.0
2024-06-12 11:05:00+09:00,1547.5,1547.5,1547.5,1547.5,100,0.0,0.0
2024-06-12 11:06:00+09:00,1547.0,1547.0,1546.0,1546.0,700,0.0,0.0
2024-06-12 11:07:00+09:00,1546.0,1547.5,1546.0,1547.5,2700,0.0,0.0
2024-06-12 11:08:00+09:00,1548.5,1549.0,1548.5,1549.0,200,0.0,0.0
2024-06-12 11:09:00+09:00,1549.0,1549.0,1549.0,1549.0,400,0.0,0.0
2024-06-12 11:11:00+09:00,1548.0,1548.0,1548.0,1548.0,500,0.0,0.0
2024-06-12 11:12:00+09:00,1548.0,1548.0,1548.0,1548.0,200,0.0,0.0
2024-06-12 11:15:00+09:00,1547.5,1547.5,1547.5,1547.5,100,0.0,0.0
2024-06-12 11:18:00+09:00,1548.0,1548.0,1548.0,1548.0,200,0.0,0.0
2024-06-12 11:19:00+09:00,1548.0,1548.5,1548.0,1548.5,400,0.0,0.0
2024-06-12 11:20:00+09:00,1548.5,1549.0,1548.5,1549.0,800,0.0,0.0
2024-06-12 11:22:00+09:00,1550.0,1550.0,1550.0,1550.0,200,0.0,0.0
2024-06-12 11:24:00+09:00,1550.0,1550.0,1550.0,1550.0,200,0.0,0.0
2024-06-12 11:26:00+09:00,1549.5,1550.0,1549.5,1550.0,200,0.0,0.0
2024-06-12 11:27:00+09:00,1550.0,1550.0,1550.0,1550.0,300,0.0,0.0
2024-06-12 11:28:00+09:00,1550.0,1550.0,1550.0,1550.0,100,0.0,0.0
2024-06-12 11:29:00+09:00,1550.5,1550.5,1550.0,1550.5,700,0.0,0.0
2024-06-12 11:30:00+09:00,1550.5,1551.0,1550.5,1551.0,900,0.0,0.0
2024-06-12 11:35:00+09:00,1551.0,1551.0,1551.0,1551.0,0,0.0,0.0
2024-06-12 12:30:00+09:00,1548.5,1550.5,1548.5,1550.0,71700,0.0,0.0
2024-06-12 12:31:00+09:00,1550.0,1551.0,1549.5,1551.0,1500,0.0,0.0
2024-06-12 12:33:00+09:00,1550.0,1551.0,1549.5,1549.5,1300,0.0,0.0
2024-06-12 12:34:00+09:00,1549.5,1550.0,1548.5,1549.0,2000,0.0,0.0
2024-06-12 12:35:00+09:00,1549.5,1549.5,1549.5,1549.5,100,0.0,0.0
2024-06-12 12:36:00+09:00,1549.0,1549.0,1549.0,1549.0,300,0.0,0.0
2024-06-12 12:37:00+09:00,1549.5,1549.5,1549.5,1549.5,400,0.0,0.0
2024-06-12 12:38:00+09:00,1549.0,1549.0,1548.5,1549.0,700,0.0,0.0
2024-06-12 12:39:00+09:00,1549.5,1549.5,1549.5,1549.5,200,0.0,0.0
2024-06-12 12:40:00+09:00,1550.0,1550.0,1550.0,1550.0,400,0.0,0.0
2024-06-12 12:42:00+09:00,1550.5,1550.5,1550.5,1550.5,500,0.0,0.0
2024-06-12 12:43:00+09:00,1551.0,1551.0,1551.0,1551.0,300,0.0,0.0
2024-06-12 12:45:00+09:00,1551.0,1551.0,1551.0,1551.0,100,0.0,0.0
2024-06-12 12:46:00+09:00,1551.0,1551.0,1551.0,1551.0,700,0.0,0.0
2024-06-12 12:48:00+09:00,1551.0,1551.0,1551.0,1551.0,800,0.0,0.0
2024-06-12 12:49:00+09:00,1551.0,1551.0,1551.0,1551.0,500,0.0,0.0
2024-06-12 12:50:00+09:00,1551.5,1551.5,1551.5,1551.5,100,0.0,0.0
2024-06-12 12:51:00+09:00,1550.5,1551.5,1550.5,1551.5,200,0.0,0.0
2024-06-12 12:52:00+09:00,1551.5,1552.0,1551.5,1552.0,1000,0.0,0.0
2024-06-12 12:53:00+09:00,1553.0,1553.0,1553.0,1553.0,300,0.0,0.0
2024-06-12 12:54:00+09:00,1553.5,1553.5,1553.5,1553.5,200,0.0,0.0
2024-06-12 12:56:00+09:00,1553.0,1553.0,1552.0,1552.0,2800,0.0,0.0
2024-06-12 12:57:00+09:00,1552.0,1552.0,1552.0,1552.0,100,0.0,0.0
2024-06-12 12:58:00+09:00,1552.0,1552.0,1552.0,1552.0,100,0.0,0.0
2024-06-12 13:02:00+09:00,1552.0,1552.0,1552.0,1552.0,300,0.0,0.0
2024-06-12 13:06:00+09:00,1552.5,1553.0,1552.5,1553.0,800,0.0,0.0
2024-06-12 13:07:00+09:00,1553.0,1553.0,1552.5,1552.5,400,0.0,0.0
2024-06-12 13:11:00+09:00,1552.5,1552.5,1552.0,1552.0,1400,0.0,0.0
2024-06-12 13:12:00+09:00,1552.0,1552.0,1552.0,1552.0,900,0.0,0.0
2024-06-12 13:14:00+09:00,1551.5,1551.5,1551.5,1551.5,100,0.0,0.0
2024-06-12 13:15:00+09:00,1551.5,1551.5,1551.5,1551.5,100,0.0,0.0
2024-06-12 13:17:00+09:00,1552.0,1552.0,1552.0,1552.0,500,0.0,0.0
2024-06-12 13:18:00+09:00,1552.0,1552.0,1552.0,1552.0,100,0.0,0.0
2024-06-12 13:20:00+09:00,1552.0,1552.0,1551.5,1552.0,900,0.0,0.0
2024-06-12 13:23:00+09:00,1552.0,1552.0,1552.0,1552.0,100,0.0,0.0
2024-06-12 13:25:00+09:00,1552.5,1552.5,1552.5,1552.5,900,0.0,0.0
2024-06-12 13:27:00+09:00,1553.0,1553.0,1552.0,1552.0,900,0.0,0.0
2024-06-12 13:28:00+09:00,1552.0,1552.5,1552.0,1552.5,400,0.0,0.0
2024-06-12 13:31:00+09:00,1552.0,1552.0,1552.0,1552.0,100,0.0,0.0
2024-06-12 13:33:00+09:00,1552.5,1552.5,1552.5,1552.5,100,0.0,0.0
2024-06-12 13:35:00+09:00,1552.5,1552.5,1552.0,1552.0,400,0.0,0.0
2024-06-12 13:37:00+09:00,1552.0,1552.0,1552.0,1552.0,300,0.0,0.0
2024-06-12 13:38:00+09:00,1551.5,1551.5,1551.5,1551.5,700,0.0,0.0
2024-06-12 13:40:00+09:00,1551.5,1551.5,1551.0,1551.0,600,0.0,0.0
2024-06-12 13:41:00+09:00,1552.0,1552.0,1552.0,1552.0,100,0.0,0.0
2024-06-12 13:45:00+09:00,1552.0,1552.0,1552.0,1552.0,100,0.0,0.0
2024-06-12 13:46:00+09:00,1552.0,1552.0,1552.0,1552.0,300,0.0,0.0
2024-06-12 13:48:00+09:00,1552.0,1552.0,1551.5,1551.5,400,0.0,0.0
2024-06-12 13:49:00+09:00,1551.5,1551.5,1551.5,1551.5,100,0.0,0.0
2024-06-12 13:50:00+09:00,1552.0,1552.5,1552.0,1552.5,700,0.0,0.0
2024-06-12 13:51:00+09:00,1552.5,1552.5,1552.5,1552.5,100,0.0,0.0
2024-06-12 13:52:00+09:00,1552.5,1552.5,1552.5,1552.5,300,0.0,0.0
2024-06-12 13:54:00+09:00,1552.5,1552.5,1552.5,1552.5,900,0.0,0.0
2024-06-12 13:55:00+09:00,1552.5,1552.5,1552.5,1552.5,300,0.0,0.0
2024-06-12 13:57:00+09:00,1552.5,1552.5,1552.5,1552.5,300,0.0,0.0
2024-06-12 13:59:00+09:00,1552.5,1552.5,1552.5,1552.5,200,0.0,0.0
2024-06-12 14:01:00+09:00,1553.0,1553.0,1553.0,1553.0,300,0.0,0.0
2024-06-12 14:02:00+09:00,1552.5,1552.5,1552.5,1552.5,800,0.0,0.0
2024-06-12 14:04:00+09:00,1552.0,1552.0,1552.0,1552.0,100,0.0,0.0
2024-06-12 14:06:00+09:00,1552.5,1552.5,1552.5,1552.5,400,0.0,0.0
2024-06-12 14:07:00+09:00,1552.0,1552.0,1549.5,1549.5,3500,0.0,0.0
2024-06-12 14:08:00+09:00,1550.0,1550.0,1550.0,1550.0,200,0.0,0.0
2024-06-12 14:09:00+09:00,1550.5,1550.5,1549.5,1549.5,300,0.0,0.0
2024-06-12 14:12:00+09:00,1550.0,1550.0,1550.0,1550.0,100,0.0,0.0
2024-06-12 14:15:00+09:00,1550.0,1550.0,1550.0,1550.0,100,0.0,0.0
2024-06-12 14:16:00+09:00,1550.0,1550.0,1550.0,1550.0,300,0.0,0.0
2024-06-12 14:17:00+09:00,1550.0,1550.0,1549.5,1550.0,2100,0.0,0.0
2024-06-12 14:19:00+09:00,1550.0,1550.0,1549.5,1550.0,800,0.0,0.0
2024-06-12 14:22:00+09:00,1550.0,1550.0,1550.0,1550.0,200,0.0,0.0
2024-06-12 14:23:00+09:00,1550.0,1550.0,1550.0,1550.0,100,0.0,0.0
2024-06-12 14:24:00+09:00,1550.5,1550.5,1550.0,1550.0,300,0.0,0.0
2024-06-12 14:26:00+09:00,1550.0,1550.0,1550.0,1550.0,500,0.0,0.0
2024-06-12 14:27:00+09:00,1549.5,1549.5,1549.5,1549.5,100,0.0,0.0
2024-06-12 14:28:00+09:00,1550.0,1550.0,1549.5,1549.5,400,0.0,0.0
2024-06-12 14:29:00+09:00,1550.5,1551.0,1550.5,1551.0,1100,0.0,0.0
2024-06-12 14:31:00+09:00,1551.0,1551.5,1551.0,1551.5,500,0.0,0.0
2024-06-12 14:32:00+09:00,1552.0,1552.0,1552.0,1552.0,100,0.0,0.0
2024-06-12 14:33:00+09:00,1552.0,1552.5,1552.0,1552.5,600,0.0,0.0
2024-06-12 14:34:00+09:00,1552.5,1552.5,1552.5,1552.5,100,0.0,0.0
2024-06-12 14:35:00+09:00,1552.5,1552.5,1552.5,1552.5,100,0.0,0.0
2024-06-12 14:36:00+09:00,1552.5,1552.5,1552.5,1552.5,100,0.0,0.0
2024-06-12 14:37:00+09:00,1552.0,1552.0,1552.0,1552.0,100,0.0,0.0
2024-06-12 14:39:00+09:00,1552.0,1552.0,1552.0,1552.0,1800,0.0,0.0
2024-06-12 14:40:00+09:00,1552.0,1552.0,1552.0,1552.0,300,0.0,0.0
2024-06-12 14:41:00+09:00,1552.0,1552.0,1552.0,1552.0,500,0.0,0.0
2024-06-12 14:42:00+09:00,1552.0,1552.0,1552.0,1552.0,200,0.0,0.0
2024-06-12 14:43:00+09:00,1551.5,1551.5,1551.5,1551.5,300,0.0,0.0
2024-06-12 14:44:00+09:00,1551.5,1551.5,1551.5,1551.5,500,0.0,0.0
2024-06-12 14:45:00+09:00,1551.0,1551.0,1550.5,1550.5,2200,0.0,0.0
2024-06-12 14:46:00+09:00,1550.5,1550.5,1550.5,1550.5,200,0.0,0.0
2024-06-12 14:47:00+09:00,1551.0,1551.0,1551.0,1551.0,100,0.0,0.0
2024-06-12 14:49:00+09:00,1550.5,1550.5,1550.5,1550.5,100,0.0,0.0
2024-06-12 14:50:00+09:00,1550.5,1550.5,1550.5,1550.5,600,0.0,0.0
2024-06-12 14:51:00+09:00,1551.0,1551.0,1551.0,1551.0,1900,0.0,0.0
2024-06-12 14:52:00+09:00,1551.5,1551.5,1551.5,1551.5,300,0.0,0.0
2024-06-12 14:53:00+09:00,1552.0,1552.5,1552.0,1552.5,600,0.0,0.0
2024-06-12 14:54:00+09:00,1552.0,1552.0,1552.0,1552.0,200,0.0,0.0
2024-06-12 14:55:00+09:00,1552.0,1552.5,1552.0,1552.5,700,0.0,0.0
2024-06-12 14:56:00+09:00,1552.0,1552.0,1552.0,1552.0,300,0.0,0.0
2024-06-12 14:57:00+09:00,1552.0,1552.5,1552.0,1552.0,1500,0.0,0.0
2024-06-12 14:58:00+09:00,1552.0,1552.5,1552.0,1552.5,1100,0.0,0.0
2024-06-12 14:59:00+09:00,1551.5,1555.0,1551.5,1553.0,3000,0.0,0.0
2024-06-13 09:00:00+09:00,1550.5,1551.0,1548.5,1551.0,9000,0.0,0.0
2024-06-13 09:01:00+09:00,1549.5,1549.5,1549.5,1549.5,100,0.0,0.0
2024-06-13 09:02:00+09:00,1549.5,1549.5,1548.5,1549.5,900,0.0,0.0
2024-06-13 09:03:00+09:00,1549.0,1550.5,1549.0,1550.5,500,0.0,0.0
2024-06-13 09:04:00+09:00,1550.5,1551.0,1549.5,1549.5,1800,0.0,0.0
2024-06-13 09:06:00+09:00,1549.5,1549.5,1549.5,1549.5,100,0.0,0.0
2024-06-13 09:07:00+09:00,1548.0,1549.0,1548.0,1549.0,200,0.0,0.0
2024-06-13 09:08:00+09:00,1549.0,1549.0,1547.0,1547.0,900,0.0,0.0
2024-06-13 09:09:00+09:00,1546.5,1546.5,1544.0,1544.0,600,0.0,0.0
2024-06-13 09:11:00+09:00,1544.0,1544.0,1543.0,1543.0,900,0.0,0.0
2024-06-13 09:12:00+09:00,1543.0,1543.0,1541.0,1541.0,1200,0.0,0.0
2024-06-13 09:14:00+09:00,1542.0,1542.0,1541.5,1541.5,500,0.0,0.0
2024-06-13 09:15:00+09:00,1541.0,1541.0,1540.0,1540.0,1200,0.0,0.0
2024-06-13 09:16:00+09:00,1540.0,1540.0,1538.5,1538.5,800,0.0,0.0
2024-06-13 09:17:00+09:00,1538.5,1538.5,1537.0,1538.0,3000,0.0,0.0
2024-06-13 09:18:00+09:00,1537.5,1537.5,1537.5,1537.5,100,0.0,0.0
2024-06-13 09:19:00+09:00,1537.0,1537.0,1537.0,1537.0,700,0.0,0.0
2024-06-13 09:20:00+09:00,1536.5,1537.0,1536.5,1537.0,2000,0.0,0.0
2024-06-13 09:21:00+09:00,1538.0,1538.5,1538.0,1538.5,500,0.0,0.0
2024-06-13 09:22:00+09:00,1539.0,1539.0,1539.0,1539.0,100,0.0,0.0
2024-06-13 09:23:00+09:00,1538.5,1538.5,1538.0,1538.0,300,0.0,0.0
2024-06-13 09:24:00+09:00,1538.0,1538.0,1538.0,1538.0,400,0.0,0.0
2024-06-13 09:25:00+09:00,1536.0,1537.5,1536.0,1537.5,400,0.0,0.0
2024-06-13 09:26:00+09:00,1537.5,1537.5,1537.5,1537.5,300,0.0,0.0
2024-06-13 09:27:00+09:00,1537.5,1537.5,1537.5,1537.5,200,0.0,0.0
2024-06-13 09:28:00+09:00,1537.0,1537.0,1537.0,1537.0,300,0.0,0.0
2024-06-13 09:29:00+09:00,1537.0,1537.0,1537.0,1537.0,200,0.0,0.0
2024-06-13 09:30:00+09:00,1537.0,1537.0,1537.0,1537.0,100,0.0,0.0
2024-06-13 09:31:00+09:00,1537.0,1540.5,1537.0,1540.5,2100,0.0,0.0
2024-06-13 09:32:00+09:00,1540.0,1540.5,1540.0,1540.5,200,0.0,0.0
2024-06-13 09:33:00+09:00,1542.5,1542.5,1542.5,1542.5,100,0.0,0.0
2024-06-13 09:34:00+09:00,1543.5,1543.5,1541.5,1543.0,2200,0.0,0.0
2024-06-13 09:35:00+09:00,1543.5,1543.5,1543.5,1543.5,400,0.0,0.0
2024-06-13 09:36:00+09:00,1543.5,1543.5,1543.0,1543.0,400,0.0,0.0
2024-06-13 09:37:00+09:00,1542.5,1542.5,1542.5,1542.5,100,0.0,0.0
2024-06-13 09:38:00+09:00,1542.5,1542.5,1542.5,1542.5,100,0.0,0.0
2024-06-13 09:39:00+09:00,1542.5,1542.5,1542.5,1542.5,300,0.0,0.0
2024-06-13 09:41:00+09:00,1542.5,1542.5,1541.5,1541.5,700,0.0,0.0
2024-06-13 09:43:00+09:00,1540.5,1540.5,1540.5,1540.5,500,0.0,0.0
2024-06-13 09:47:00+09:00,1540.0,1540.0,1539.5,1539.5,200,0.0,0.0
2024-06-13 09:48:00+09:00,1539.0,1539.0,1539.0,1539.0,100,0.0,0.0
2024-06-13 09:49:00+09:00,1539.0,1539.0,1538.0,1538.0,900,0.0,0.0
2024-06-13 09:50:00+09:00,1539.0,1539.0,1539.0,1539.0,900,0.0,0.0
2024-06-13 09:52:00+09:00,1539.0,1540.0,1539.0,1540.0,800,0.0,0.0
2024-06-13 09:55:00+09:00,1540.5,1540.5,1540.5,1540.5,300,0.0,0.0
2024-06-13 09:59:00+09:00,1541.5,1542.5,1541.5,1542.5,2100,0.0,0.0
2024-06-13 10:01:00+09:00,1542.5,1542.5,1542.0,1542.0,700,0.0,0.0
2024-06-13 10:02:00+09:00,1542.0,1542.0,1542.0,1542.0,100,0.0,0.0
2024-06-13 10:03:00+09:00,1541.5,1541.5,1541.0,1541.0,700,0.0,0.0
2024-06-13 10:05:00+09:00,1541.0,1541.5,1541.0,1541.5,1400,0.0,0.0
2024-06-13 10:06:00+09:00,1541.5,1541.5,1541.5,1541.5,200,0.0,0.0
2024-06-13 10:08:00+09:00,1541.5,1541.5,1541.5,1541.5,400,0.0,0.0
2024-06-13 10:10:00+09:00,1541.5,1541.5,1541.5,1541.5,800,0.0,0.0
2024-06-13 10:12:00+09:00,1541.5,1543.0,1541.5,1543.0,800,0.0,0.0
2024-06-13 10:14:00+09:00,1543.5,1543.5,1543.0,1543.0,1900,0.0,0.0
2024-06-13 10:15:00+09:00,1543.5,1543.5,1543.5,1543.5,100,0.0,0.0
2024-06-13 10:17:00+09:00,1544.0,1544.0,1544.0,1544.0,600,0.0,0.0
2024-06-13 10:18:00+09:00,1544.5,1544.5,1544.5,1544.5,100,0.0,0.0
2024-06-13 10:20:00+09:00,1544.5,1544.5,1544.5,1544.5,100,0.0,0.0
2024-06-13 10:21:00+09:00,1544.0,1544.0,1543.5,1543.5,900,0.0,0.0
2024-06-13 10:24:00+09:00,1543.0,1543.0,1543.0,1543.0,300,0.0,0.0
2024-06-13 10:28:00+09:00,1542.5,1542.5,1542.0,1542.0,700,0.0,0.0
2024-06-13 10:30:00+09:00,1542.0,1542.0,1542.0,1542.0,900,0.0,0.0
2024-06-13 10:32:00+09:00,1542.0,1542.0,1542.0,1542.0,200,0.0,0.0
2024-06-13 10:33:00+09:00,1542.0,1542.0,1542.0,1542.0,100,0.0,0.0
2024-06-13 10:34:00+09:00,1542.5,1543.0,1542.5,1543.0,800,0.0,0.0
2024-06-13 10:35:00+09:00,1542.5,1542.5,1542.5,1542.5,100,0.0,0.0
2024-06-13 10:37:00+09:00,1542.5,1542.5,1542.5,1542.5,100,0.0,0.0
2024-06-13 10:38:00+09:00,1542.5,1542.5,1541.5,1541.5,900,0.0,0.0
2024-06-13 10:39:00+09:00,1542.0,1542.0,1542.0,1542.0,100,0.0,0.0
2024-06-13 10:40:00+09:00,1541.0,1541.0,1540.0,1540.0,1000,0.0,0.0
2024-06-13 10:41:00+09:00,1541.5,1541.5,1541.5,1541.5,400,0.0,0.0
2024-06-13 10:42:00+09:00,1540.5,1540.5,1540.5,1540.5,100,0.0,0.0
2024-06-13 10:43:00+09:00,1540.5,1540.5,1540.5,1540.5,400,0.0,0.0
2024-06-13 10:45:00+09:00,1541.0,1541.5,1541.0,1541.5,500,0.0,0.0
2024-06-13 10:46:00+09:00,1541.0,1541.0,1541.0,1541.0,200,0.0,0.0
2024-06-13 10:50:00+09:00,1541.0,1541.0,1541.0,1541.0,700,0.0,0.0
2024-06-13 10:52:00+09:00,1540.5,1540.5,1540.5,1540.5,200,0.0,0.0
2024-06-13 10:54:00+09:00,1540.5,1540.5,1540.5,1540.5,300,0.0,0.0
2024-06-13 10:56:00+09:00,1540.5,1540.5,1540.5,1540.5,200,0.0,0.0
2024-06-13 10:57:00+09:00,1540.0,1540.0,1539.0,1539.0,700,0.0,0.0
2024-06-13 10:58:00+09:00,1539.5,1539.5,1539.0,1539.0,900,0.0,0.0
2024-06-13 10:59:00+09:00,1539.0,1539.0,1539.0,1539.0,400,0.0,0.0
2024-06-13 11:00:00+09:00,1539.5,1539.5,1539.5,1539.5,900,0.0,0.0
2024-06-13 11:03:00+09:00,1539.0,1539.0,1539.0,1539.0,300,0.0,0.0
2024-06-13 11:06:00+09:00,1539.5,1540.0,1539.5,1540.0,900,0.0,0.0
2024-06-13 11:07:00+09:00,1539.5,1539.5,1539.5,1539.5,700,0.0,0.0
2024-06-13 11:12:00+09:00,1540.0,1540.5,1540.0,1540.0,1700,0.0,0.0
2024-06-13 11:13:00+09:00,1539.5,1539.5,1539.5,1539.5,0,0.0,0.0
2024-06-13 11:17:00+09:00,1540.0,1540.0,1540.0,1540.0,63600,0.0,0.0
2024-06-13 11:18:00+09:00,1539.5,1539.5,1539.5,1539.5,500,0.0,0.0
2024-06-13 11:21:00+09:00,1539.5,1539.5,1539.5,1539.5,200,0.0,0.0
2024-06-13 11:23:00+09:00,1539.5,1539.5,1539.0,1539.0,1200,0.0,0.0
2024-06-13 11:27:00+09:00,1539.0,1539.0,1539.0,1539.0,400,0.0,0.0
2024-06-13 11:28:00+09:00,1538.5,1539.0,1538.5,1539.0,900,0.0,0.0
2024-06-13 11:29:00+09:00,1538.5,1538.5,1538.5,1538.5,100,0.0,0.0
2024-06-13 11:30:00+09:00,1538.5,1538.5,1538.5,1538.5,200,0.0,0.0
2024-06-13 11:35:00+09:00,1538.5,1538.5,1538.5,1538.5,0,0.0,0.0
2024-06-13 12:30:00+09:00,1537.0,1538.0,1537.0,1538.0,73800,0.0,0.0
2024-06-13 12:31:00+09:00,1538.0,1538.0,1537.5,1538.0,1800,0.0,0.0
2024-06-13 12:32:00+09:00,1537.5,1537.5,1537.5,1537.5,200,0.0,0.0
2024-06-13 12:33:00+09:00,1537.5,1537.5,1537.5,1537.5,100,0.0,0.0
2024-06-13 12:34:00+09:00,1537.0,1537.0,1536.5,1536.5,2200,0.0,0.0
2024-06-13 12:35:00+09:00,1535.5,1535.5,1535.5,1535.5,0,0.0,0.0
2024-06-13 12:37:00+09:00,1535.0,1535.0,1535.0,1535.0,80200,0.0,0.0
2024-06-13 12:38:00+09:00,1535.0,1535.0,1534.5,1534.5,300,0.0,0.0
2024-06-13 12:39:00+09:00,1534.5,1534.5,1534.5,1534.5,500,0.0,0.0
2024-06-13 12:40:00+09:00,1534.0,1534.5,1534.0,1534.5,1400,0.0,0.0
2024-06-13 12:41:00+09:00,1534.0,1534.0,1534.0,1534.0,100,0.0,0.0
2024-06-13 12:43:00+09:00,1534.0,1534.0,1534.0,1534.0,200,0.0,0.0
2024-06-13 12:44:00+09:00,1534.5,1534.5,1534.5,1534.5,1400,0.0,0.0
2024-06-13 12:45:00+09:00,1534.0,1534.5,1534.0,1534.5,600,0.0,0.0
2024-06-13 12:46:00+09:00,1535.0,1535.5,1535.0,1535.5,2300,0.0,0.0
2024-06-13 12:48:00+09:00,1535.5,1535.5,1535.5,1535.5,900,0.0,0.0
2024-06-13 12:49:00+09:00,1535.0,1535.5,1535.0,1535.5,500,0.0,0.0
2024-06-13 12:50:00+09:00,1535.5,1535.5,1535.5,1535.5,400,0.0,0.0
2024-06-13 12:51:00+09:00,1536.0,1536.0,1536.0,1536.0,300,0.0,0.0
2024-06-13 12:52:00+09:00,1536.0,1536.0,1536.0,1536.0,200,0.0,0.0
2024-06-13 12:54:00+09:00,1536.5,1537.0,1536.5,1537.0,500,0.0,0.0
2024-06-13 12:55:00+09:00,1537.5,1537.5,1537.5,1537.5,300,0.0,0.0
2024-06-13 12:57:00+09:00,1537.5,1537.5,1537.5,1537.5,100,0.0,0.0
2024-06-13 12:58:00+09:00,1537.5,1537.5,1537.5,1537.5,400,0.0,0.0
2024-06-13 12:59:00+09:00,1537.5,1537.5,1537.5,1537.5,200,0.0,0.0
2024-06-13 13:00:00+09:00,1537.5,1537.5,1536.5,1536.5,1100,0.0,0.0
2024-06-13 13:04:00+09:00,1537.0,1537.0,1536.5,1536.5,300,0.0,0.0
2024-06-13 13:06:00+09:00,1536.0,1536.0,1536.0,1536.0,1500,0.0,0.0
2024-06-13 13:07:00+09:00,1535.5,1536.0,1535.5,1536.0,200,0.0,0.0
2024-06-13 13:08:00+09:00,1536.5,1536.5,1536.5,1536.5,700,0.0,0.0
2024-06-13 13:10:00+09:00,1536.5,1536.5,1536.5,1536.5,500,0.0,0.0
2024-06-13 13:14:00+09:00,1536.5,1536.5,1536.0,1536.5,800,0.0,0.0
2024-06-13 13:15:00+09:00,1536.5,1536.5,1536.0,1536.0,1600,0.0,0.0
2024-06-13 13:17:00+09:00,1536.5,1536.5,1536.5,1536.5,900,0.0,0.0
2024-06-13 13:18:00+09:00,1536.5,1536.5,1536.5,1536.5,100,0.0,0.0
2024-06-13 13:19:00+09:00,1536.5,1536.5,1536.5,1536.5,200,0.0,0.0
2024-06-13 13:20:00+09:00,1536.0,1536.0,1535.5,1536.0,500,0.0,0.0
2024-06-13 13:22:00+09:00,1536.0,1536.0,1535.0,1535.0,600,0.0,0.0
2024-06-13 13:23:00+09:00,1535.0,1535.0,1535.0,1535.0,400,0.0,0.0
2024-06-13 13:26:00+09:00,1535.0,1535.0,1534.5,1534.5,300,0.0,0.0
2024-06-13 13:27:00+09:00,1535.0,1535.5,1535.0,1535.5,1600,0.0,0.0
2024-06-13 13:30:00+09:00,1535.5,1535.5,1535.5,1535.5,200,0.0,0.0
2024-06-13 13:32:00+09:00,1535.5,1535.5,1535.0,1535.0,1100,0.0,0.0
2024-06-13 13:35:00+09:00,1534.5,1534.5,1534.5,1534.5,400,0.0,0.0
2024-06-13 13:38:00+09:00,1534.5,1534.5,1534.5,1534.5,800,0.0,0.0
2024-06-13 13:40:00+09:00,1534.0,1534.0,1534.0,1534.0,500,0.0,0.0
2024-06-13 13:41:00+09:00,1533.5,1533.5,1533.5,1533.5,100,0.0,0.0
2024-06-13 13:42:00+09:00,1534.0,1534.0,1534.0,1534.0,700,0.0,0.0
2024-06-13 13:43:00+09:00,1534.0,1534.0,1534.0,1534.0,700,0.0,0.0
2024-06-13 13:45:00+09:00,1533.5,1533.5,1533.5,1533.5,700,0.0,0.0
2024-06-13 13:48:00+09:00,1534.0,1534.5,1534.0,1534.5,4200,0.0,0.0
2024-06-13 13:49:00+09:00,1534.5,1535.0,1534.5,1535.0,1800,0.0,0.0
2024-06-13 13:51:00+09:00,1535.5,1535.5,1535.5,1535.5,300,0.0,0.0
2024-06-13 13:53:00+09:00,1535.5,1535.5,1535.5,1535.5,900,0.0,0.0
2024-06-13 13:54:00+09:00,1536.0,1536.0,1536.0,1536.0,200,0.0,0.0
2024-06-13 13:55:00+09:00,1536.5,1536.5,1536.5,1536.5,200,0.0,0.0
2024-06-13 13:57:00+09:00,1536.5,1536.5,1536.5,1536.5,300,0.0,0.0
2024-06-13 13:59:00+09:00,1536.5,1536.5,1536.5,1536.5,300,0.0,0.0
2024-06-13 14:00:00+09:00,1537.0,1537.0,1537.0,1537.0,200,0.0,0.0
2024-06-13 14:02:00+09:00,1537.0,1537.0,1537.0,1537.0,500,0.0,0.0
2024-06-13 14:03:00+09:00,1536.5,1536.5,1536.5,1536.5,1400,0.0,0.0
2024-06-13 14:06:00+09:00,1536.5,1536.5,1536.5,1536.5,100,0.0,0.0
2024-06-13 14:08:00+09:00,1537.0,1537.0,1537.0,1537.0,1100,0.0,0.0
2024-06-13 14:11:00+09:00,1537.0,1537.0,1537.0,1537.0,600,0.0,0.0
2024-06-13 14:14:00+09:00,1537.0,1537.0,1537.0,1537.0,900,0.0,0.0
2024-06-13 14:15:00+09:00,1536.5,1536.5,1536.5,1536.5,100,0.0,0.0
2024-06-13 14:16:00+09:00,1537.0,1537.0,1537.0,1537.0,300,0.0,0.0
2024-06-13 14:18:00+09:00,1536.5,1537.0,1536.5,1537.0,200,0.0,0.0
2024-06-13 14:21:00+09:00,1537.0,1537.0,1537.0,1537.0,400,0.0,0.0
2024-06-13 14:23:00+09:00,1536.5,1537.0,1536.5,1537.0,500,0.0,0.0
2024-06-13 14:24:00+09:00,1536.5,1536.5,1536.5,1536.5,1200,0.0,0.0
2024-06-13 14:25:00+09:00,1536.5,1536.5,1536.5,1536.5,100,0.0,0.0
2024-06-13 14:27:00+09:00,1536.5,1536.5,1536.5,1536.5,100,0.0,0.0
2024-06-13 14:28:00+09:00,1537.0,1537.5,1537.0,1537.5,2000,0.0,0.0
2024-06-13 14:29:00+09:00,1537.5,1537.5,1537.5,1537.5,100,0.0,0.0
2024-06-13 14:30:00+09:00,1538.0,1538.0,1538.0,1538.0,400,0.0,0.0
2024-06-13 14:31:00+09:00,1538.0,1538.0,1538.0,1538.0,100,0.0,0.0
2024-06-13 14:33:00+09:00,1538.0,1538.0,1538.0,1538.0,1000,0.0,0.0
2024-06-13 14:36:00+09:00,1538.0,1538.0,1537.5,1538.0,900,0.0,0.0
2024-06-13 14:38:00+09:00,1538.0,1538.0,1538.0,1538.0,200,0.0,0.0
2024-06-13 14:40:00+09:00,1538.0,1538.0,1538.0,1538.0,700,0.0,0.0
2024-06-13 14:43:00+09:00,1538.5,1538.5,1538.5,1538.5,100,0.0,0.0
2024-06-13 14:44:00+09:00,1538.0,1538.0,1537.5,1537.5,1700,0.0,0.0
2024-06-13 14:45:00+09:00,1537.0,1537.0,1537.0,1537.0,500,0.0,0.0
2024-06-13 14:46:00+09:00,1537.0,1537.0,1537.0,1537.0,100,0.0,0.0
2024-06-13 14:47:00+09:00,1537.5,1538.0,1537.5,1537.5,1400,0.0,0.0
2024-06-13 14:48:00+09:00,1537.5,1537.5,1537.5,1537.5,500,0.0,0.0
2024-06-13 14:49:00+09:00,1537.5,1538.0,1537.5,1538.0,400,0.0,0.0
2024-06-13 14:50:00+09:00,1537.0,1537.0,1537.0,1537.0,900,0.0,0.0
2024-06-13 14:51:00+09:00,1537.0,1537.0,1537.0,1537.0,400,0.0,0.0
2024-06-13 14:52:00+09:00,1537.0,1537.0,1537.0,1537.0,700,0.0,0.0
2024-06-13 14:53:00+09:00,1537.0,1537.0,1537.0,1537.0,100,0.0,0.0
2024-06-13 14:54:00+09:00,1537.0,1537.0,1537.0,1537.0,500,0.0,0.0
2024-06-13 14:55:00+09:00,1537.0,1537.0,1537.0,1537.0,1100,0.0,0.0
2024-06-13 14:56:00+09:00,1536.5,1536.5,1535.0,1535.5,4900,0.0,0.0
2024-06-13 14:57:00+09:00,1535.5,1535.5,1534.5,1534.5,200,0.0,0.0
2024-06-13 14:58:00+09:00,1535.5,1535.5,1535.0,1535.0,600,0.0,0.0
2024-06-13 14:59:00+09:00,1534.5,1535.5,1534.5,1535.0,1700,0.0,0.0
2024-06-14 09:00:00+09:00,1521.5,1524.5,1521.5,1521.5,87000,0.0,0.0
2024-06-14 09:01:00+09:00,1521.0,1525.5,1520.5,1523.0,3500,0.0,0.0
2024-06-14 09:02:00+09:00,1522.0,1523.0,1520.5,1522.5,1000,0.0,0.0
2024-06-14 09:03:00+09:00,1522.0,1522.0,1522.0,1522.0,100,0.0,0.0
2024-06-14 09:04:00+09:00,1521.0,1522.0,1518.5,1518.5,9400,0.0,0.0
2024-06-14 09:05:00+09:00,1519.5,1520.0,1518.5,1520.0,1900,0.0,0.0
2024-06-14 09:06:00+09:00,1520.0,1523.0,1520.0,1523.0,2800,0.0,0.0
2024-06-14 09:07:00+09:00,1523.5,1523.5,1523.0,1523.0,400,0.0,0.0
2024-06-14 09:08:00+09:00,1523.0,1523.0,1523.0,1523.0,100,0.0,0.0
2024-06-14 09:09:00+09:00,1523.0,1523.0,1522.0,1522.0,500,0.0,0.0
2024-06-14 09:10:00+09:00,1522.0,1524.0,1520.5,1524.0,2800,0.0,0.0
2024-06-14 09:11:00+09:00,1525.0,1525.0,1523.5,1524.5,1100,0.0,0.0
2024-06-14 09:13:00+09:00,1523.5,1524.0,1523.5,1524.0,700,0.0,0.0
2024-06-14 09:14:00+09:00,1524.5,1526.5,1524.5,1525.5,3900,0.0,0.0
2024-06-14 09:15:00+09:00,1524.5,1524.5,1523.5,1524.0,900,0.0,0.0
2024-06-14 09:16:00+09:00,1524.0,1524.0,1524.0,1524.0,100,0.0,0.0
2024-06-14 09:17:00+09:00,1524.5,1525.0,1524.5,1525.0,500,0.0,0.0
2024-06-14 09:18:00+09:00,1525.0,1525.0,1524.0,1525.0,900,0.0,0.0
2024-06-14 09:19:00+09:00,1525.0,1525.0,1525.0,1525.0,100,0.0,0.0
2024-06-14 09:20:00+09:00,1524.5,1525.5,1524.0,1524.0,1200,0.0,0.0
2024-06-14 09:21:00+09:00,1524.0,1524.0,1524.0,1524.0,300,0.0,0.0
2024-06-14 09:22:00+09:00,1523.0,1523.0,1522.0,1522.5,1700,0.0,0.0
2024-06-14 09:23:00+09:00,1522.5,1522.5,1522.5,1522.5,100,0.0,0.0
2024-06-14 09:24:00+09:00,1523.0,1524.5,1523.0,1524.5,1300,0.0,0.0
2024-06-14 09:25:00+09:00,1524.5,1524.5,1524.5,1524.5,100,0.0,0.0
2024-06-14 09:27:00+09:00,1524.0,1524.0,1523.5,1523.5,500,0.0,0.0
2024-06-14 09:28:00+09:00,1524.0,1524.5,1524.0,1524.5,800,0.0,0.0
2024-06-14 09:29:00+09:00,1525.0,1525.0,1525.0,1525.0,100,0.0,0.0
2024-06-14 09:30:00+09:00,1525.0,1525.0,1524.5,1524.5,1300,0.0,0.0
2024-06-14 09:31:00+09:00,1524.0,1524.5,1524.0,1524.5,900,0.0,0.0
2024-06-14 09:33:00+09:00,1525.0,1525.0,1525.0,1525.0,200,0.0,0.0
2024-06-14 09:34:00+09:00,1525.0,1526.0,1525.0,1526.0,1300,0.0,0.0
2024-06-14 09:35:00+09:00,1525.5,1525.5,1525.0,1525.0,1000,0.0,0.0
2024-06-14 09:36:00+09:00,1526.0,1526.0,1526.0,1526.0,300,0.0,0.0
2024-06-14 09:38:00+09:00,1526.0,1526.0,1526.0,1526.0,300,0.0,0.0
2024-06-14 09:40:00+09:00,1524.5,1524.5,1524.5,1524.5,200,0.0,0.0
2024-06-14 09:41:00+09:00,1523.5,1524.0,1522.5,1523.5,2200,0.0,0.0
2024-06-14 09:42:00+09:00,1523.5,1523.5,1523.5,1523.5,100,0.0,0.0
2024-06-14 09:43:00+09:00,1524.0,1524.0,1524.0,1524.0,100,0.0,0.0
2024-06-14 09:44:00+09:00,1524.0,1524.0,1524.0,1524.0,600,0.0,0.0
2024-06-14 09:47:00+09:00,1524.0,1524.0,1524.0,1524.0,200,0.0,0.0
2024-06-14 09:48:00+09:00,1524.0,1524.0,1523.0,1523.0,700,0.0,0.0
2024-06-14 09:49:00+09:00,1523.0,1523.0,1522.5,1522.5,800,0.0,0.0
2024-06-14 09:50:00+09:00,1523.5,1523.5,1522.5,1522.5,500,0.0,0.0
2024-06-14 09:52:00+09:00,1524.0,1524.0,1524.0,1524.0,100,0.0,0.0
2024-06-14 09:54:00+09:00,1524.0,1524.0,1524.0,1524.0,500,0.0,0.0
2024-06-14 09:56:00+09:00,1523.5,1523.5,1523.0,1523.0,300,0.0,0.0
2024-06-14 09:57:00+09:00,1523.5,1523.5,1523.5,1523.5,0,0.0,0.0
2024-06-14 09:59:00+09:00,1524.0,1524.0,1523.0,1523.0,136700,0.0,0.0
2024-06-14 10:00:00+09:00,1523.0,1523.0,1523.0,1523.0,800,0.0,0.0
2024-06-14 10:01:00+09:00,1523.5,1523.5,1523.5,1523.5,500,0.0,0.0
2024-06-14 10:02:00+09:00,1523.5,1523.5,1522.5,1522.5,400,0.0,0.0
2024-06-14 10:03:00+09:00,1524.0,1524.5,1524.0,1524.5,400,0.0,0.0
2024-06-14 10:05:00+09:00,1524.5,1525.0,1524.5,1524.5,1400,0.0,0.0
2024-06-14 10:06:00+09:00,1524.5,1525.0,1524.5,1524.5,600,0.0,0.0
2024-06-14 10:07:00+09:00,1524.0,1524.0,1523.5,1524.0,800,0.0,0.0
2024-06-14 10:08:00+09:00,1523.5,1523.5,1523.5,1523.5,0,0.0,0.0
2024-06-14 10:11:00+09:00,1523.5,1523.5,1523.5,1523.5,141800,0.0,0.0
2024-06-14 10:12:00+09:00,1523.5,1524.0,1523.0,1524.0,500,0.0,0.0
2024-06-14 10:13:00+09:00,1524.0,1524.5,1524.0,1524.5,600,0.0,0.0
2024-06-14 10:15:00+09:00,1524.5,1525.0,1524.5,1525.0,900,0.0,0.0
2024-06-14 10:16:00+09:00,1524.0,1524.0,1524.0,1524.0,200,0.0,0.0
2024-06-14 10:18:00+09:00,1524.5,1525.0,1524.0,1524.0,400,0.0,0.0
2024-06-14 10:19:00+09:00,1525.0,1525.0,1524.5,1524.5,200,0.0,0.0
2024-06-14 10:21:00+09:00,1524.5,1524.5,1524.0,1524.0,400,0.0,0.0
2024-06-14 10:22:00+09:00,1525.0,1525.5,1525.0,1525.5,400,0.0,0.0
2024-06-14 10:25:00+09:00,1526.0,1526.0,1526.0,1526.0,100,0.0,0.0
2024-06-14 10:26:00+09:00,1525.5,1525.5,1525.5,1525.5,200,0.0,0.0
2024-06-14 10:29:00+09:00,1525.5,1526.0,1525.5,1526.0,300,0.0,0.0
2024-06-14 10:30:00+09:00,1526.0,1526.0,1526.0,1526.0,100,0.0,0.0
2024-06-14 10:34:00+09:00,1526.5,1526.5,1526.0,1526.5,1300,0.0,0.0
2024-06-14 10:35:00+09:00,1526.5,1527.0,1526.5,1527.0,500,0.0,0.0
2024-06-14 10:42:00+09:00,1527.0,1527.0,1527.0,1527.0,100,0.0,0.0
2024-06-14 10:46:00+09:00,1526.0,1526.0,1525.5,1525.5,1000,0.0,0.0
2024-06-14 10:47:00+09:00,1526.0,1526.0,1526.0,1526.0,200,0.0,0.0
2024-06-14 10:49:00+09:00,1526.5,1526.5,1526.5,1526.5,100,0.0,0.0
2024-06-14 10:50:00+09:00,1526.5,1527.0,1526.5,1526.5,1600,0.0,0.0
2024-06-14 10:55:00+09:00,1527.0,1527.0,1527.0,1527.0,200,0.0,0.0
2024-06-14 10:57:00+09:00,1526.5,1526.5,1526.5,1526.5,100,0.0,0.0
2024-06-14 11:00:00+09:00,1527.5,1527.5,1527.0,1527.0,900,0.0,0.0
2024-06-14 11:03:00+09:00,1527.0,1527.0,1526.0,1526.0,700,0.0,0.0
2024-06-14 11:04:00+09:00,1526.0,1526.0,1526.0,1526.0,200,0.0,0.0
2024-06-14 11:07:00+09:00,1526.5,1526.5,1526.5,1526.5,300,0.0,0.0
2024-06-14 11:13:00+09:00,1527.0,1527.0,1527.0,1527.0,100,0.0,0.0
2024-06-14 11:14:00+09:00,1527.0,1527.0,1527.0,1527.0,600,0.0,0.0
2024-06-14 11:15:00+09:00,1527.5,1527.5,1527.5,1527.5,100,0.0,0.0
2024-06-14 11:17:00+09:00,1528.0,1528.0,1528.0,1528.0,500,0.0,0.0
2024-06-14 11:19:00+09:00,1528.0,1528.0,1528.0,1528.0,500,0.0,0.0
2024-06-14 11:24:00+09:00,1528.5,1528.5,1528.5,1528.5,100,0.0,0.0
2024-06-14 11:25:00+09:00,1528.5,1528.5,1528.0,1528.0,800,0.0,0.0
2024-06-14 11:27:00+09:00,1528.0,1528.0,1528.0,1528.0,800,0.0,0.0
2024-06-14 11:28:00+09:00,1527.5,1527.5,1527.5,1527.5,300,0.0,0.0
2024-06-14 11:29:00+09:00,1527.0,1527.0,1526.0,1526.0,1200,0.0,0.0
2024-06-14 11:30:00+09:00,1526.0,1526.0,1526.0,1526.0,1400,0.0,0.0
2024-06-14 11:35:00+09:00,1526.0,1526.0,1526.0,1526.0,0,0.0,0.0
2024-06-14 12:30:00+09:00,1530.0,1531.0,1526.5,1531.0,166100,0.0,0.0
2024-06-14 12:31:00+09:00,1532.0,1532.0,1530.5,1531.0,900,0.0,0.0
2024-06-14 12:33:00+09:00,1531.0,1531.0,1531.0,1531.0,100,0.0,0.0
2024-06-14 12:34:00+09:00,1532.0,1532.0,1532.0,1532.0,1400,0.0,0.0
2024-06-14 12:35:00+09:00,1531.5,1531.5,1531.5,1531.5,900,0.0,0.0
2024-06-14 12:37:00+09:00,1531.5,1531.5,1531.5,1531.5,300,0.0,0.0
2024-06-14 12:38:00+09:00,1532.5,1533.5,1532.5,1533.5,2700,0.0,0.0
2024-06-14 12:39:00+09:00,1533.5,1533.5,1533.5,1533.5,300,0.0,0.0
2024-06-14 12:40:00+09:00,1533.5,1534.0,1533.5,1534.0,200,0.0,0.0
2024-06-14 12:41:00+09:00,1533.0,1533.0,1533.0,1533.0,0,0.0,0.0
2024-06-14 12:43:00+09:00,1533.0,1533.5,1533.0,1533.0,174600,0.0,0.0
2024-06-14 12:45:00+09:00,1533.0,1533.0,1533.0,1533.0,700,0.0,0.0
2024-06-14 12:46:00+09:00,1533.0,1533.0,1533.0,1533.0,600,0.0,0.0
2024-06-14 12:48:00+09:00,1533.0,1533.0,1533.0,1533.0,200,0.0,0.0
2024-06-14 12:51:00+09:00,1532.5,1532.5,1532.5,1532.5,800,0.0,0.0
2024-06-14 12:54:00+09:00,1532.5,1532.5,1532.5,1532.5,300,0.0,0.0
2024-06-14 12:57:00+09:00,1532.5,1532.5,1532.0,1532.0,500,0.0,0.0
2024-06-14 12:58:00+09:00,1532.0,1532.0,1531.0,1531.0,1600,0.0,0.0
2024-06-14 13:00:00+09:00,1531.5,1533.5,1531.0,1533.5,2100,0.0,0.0
2024-06-14 13:03:00+09:00,1532.5,1533.0,1532.5,1533.0,200,0.0,0.0
2024-06-14 13:04:00+09:00,1533.5,1533.5,1533.5,1533.5,200,0.0,0.0
2024-06-14 13:05:00+09:00,1532.5,1532.5,1532.5,1532.5,400,0.0,0.0
2024-06-14 13:07:00+09:00,1533.0,1533.0,1533.0,1533.0,100,0.0,0.0
2024-06-14 13:09:00+09:00,1532.5,1533.5,1532.0,1533.5,1800,0.0,0.0
2024-06-14 13:13:00+09:00,1532.5,1532.5,1532.5,1532.5,900,0.0,0.0
2024-06-14 13:15:00+09:00,1533.0,1533.0,1533.0,1533.0,700,0.0,0.0
2024-06-14 13:16:00+09:00,1533.0,1533.0,1533.0,1533.0,400,0.0,0.0
2024-06-14 13:17:00+09:00,1532.5,1532.5,1532.5,1532.5,100,0.0,0.0
2024-06-14 13:18:00+09:00,1533.0,1533.5,1533.0,1533.5,1000,0.0,0.0
2024-06-14 13:19:00+09:00,1534.0,1534.0,1534.0,1534.0,100,0.0,0.0
2024-06-14 13:21:00+09:00,1533.0,1533.5,1533.0,1533.0,1700,0.0,0.0
2024-06-14 13:22:00+09:00,1532.5,1532.5,1532.0,1532.0,1400,0.0,0.0
2024-06-14 13:26:00+09:00,1532.5,1532.5,1532.5,1532.5,100,0.0,0.0
2024-06-14 13:29:00+09:00,1531.5,1531.5,1531.5,1531.5,100,0.0,0.0
2024-06-14 13:30:00+09:00,1532.0,1532.0,1532.0,1532.0,500,0.0,0.0
2024-06-14 13:31:00+09:00,1532.5,1532.5,1532.5,1532.5,300,0.0,0.0
2024-06-14 13:35:00+09:00,1532.5,1532.5,1532.5,1532.5,100,0.0,0.0
2024-06-14 13:36:00+09:00,1533.0,1533.0,1532.5,1532.5,1500,0.0,0.0
2024-06-14 13:45:00+09:00,1532.5,1533.5,1532.5,1533.5,600,0.0,0.0
2024-06-14 13:48:00+09:00,1534.0,1534.5,1533.5,1534.5,1300,0.0,0.0
2024-06-14 13:50:00+09:00,1534.0,1534.5,1534.0,1534.0,1300,0.0,0.0
2024-06-14 13:52:00+09:00,1533.5,1533.5,1533.5,1533.5,400,0.0,0.0
2024-06-14 13:53:00+09:00,1533.5,1533.5,1533.5,1533.5,100,0.0,0.0
2024-06-14 13:56:00+09:00,1534.0,1534.0,1534.0,1534.0,400,0.0,0.0
2024-06-14 13:59:00+09:00,1533.5,1533.5,1533.5,1533.5,100,0.0,0.0
2024-06-14 14:00:00+09:00,1534.0,1534.0,1534.0,1534.0,400,0.0,0.0
2024-06-14 14:02:00+09:00,1534.5,1534.5,1533.0,1533.0,700,0.0,0.0
2024-06-14 14:03:00+09:00,1533.0,1533.0,1533.0,1533.0,100,0.0,0.0
2024-06-14 14:05:00+09:00,1533.5,1533.5,1533.5,1533.5,300,0.0,0.0
2024-06-14 14:09:00+09:00,1533.0,1533.0,1533.0,1533.0,1200,0.0,0.0
2024-06-14 14:10:00+09:00,1533.0,1533.0,1533.0,1533.0,100,0.0,0.0
2024-06-14 14:12:00+09:00,1533.0,1533.0,1533.0,1533.0,100,0.0,0.0
2024-06-14 14:15:00+09:00,1533.5,1533.5,1533.5,1533.5,100,0.0,0.0
2024-06-14 14:19:00+09:00,1533.0,1533.0,1532.5,1532.5,1200,0.0,0.0
2024-06-14 14:20:00+09:00,1532.5,1532.5,1532.5,1532.5,200,0.0,0.0
2024-06-14 14:25:00+09:00,1532.5,1532.5,1532.5,1532.5,100,0.0,0.0
2024-06-14 14:29:00+09:00,1532.5,1532.5,1532.5,1532.5,100,0.0,0.0
2024-06-14 14:30:00+09:00,1533.0,1535.0,1533.0,1535.0,3300,0.0,0.0
2024-06-14 14:32:00+09:00,1534.0,1534.0,1534.0,1534.0,100,0.0,0.0
2024-06-14 14:37:00+09:00,1535.0,1535.0,1535.0,1535.0,100,0.0,0.0
2024-06-14 14:38:00+09:00,1535.0,1535.5,1535.0,1535.5,1700,0.0,0.0
2024-06-14 14:39:00+09:00,1535.5,1536.0,1535.5,1536.0,600,0.0,0.0
2024-06-14 14:40:00+09:00,1536.0,1536.0,1536.0,1536.0,100,0.0,0.0
2024-06-14 14:41:00+09:00,1535.5,1536.0,1535.5,1536.0,300,0.0,0.0
2024-06-14 14:45:00+09:00,1535.5,1535.5,1535.5,1535.5,100,0.0,0.0
2024-06-14 14:46:00+09:00,1535.5,1536.0,1535.5,1536.0,2200,0.0,0.0
2024-06-14 14:47:00+09:00,1535.0,1535.5,1535.0,1535.5,700,0.0,0.0
2024-06-14 14:48:00+09:00,1535.5,1535.5,1535.5,1535.5,500,0.0,0.0
2024-06-14 14:50:00+09:00,1535.5,1535.5,1535.0,1535.0,1800,0.0,0.0
2024-06-14 14:51:00+09:00,1535.0,1535.0,1535.0,1535.0,100,0.0,0.0
2024-06-14 14:52:00+09:00,1535.0,1535.0,1534.5,1535.0,300,0.0,0.0
2024-06-14 14:53:00+09:00,1535.0,1535.0,1534.5,1534.5,600,0.0,0.0
2024-06-14 14:54:00+09:00,1535.0,1535.0,1534.5,1534.5,600,0.0,0.0
2024-06-14 14:55:00+09:00,1534.5,1535.5,1534.5,1535.5,1100,0.0,0.0
2024-06-14 14:56:00+09:00,1535.5,1535.5,1535.0,1535.5,500,0.0,0.0
2024-06-14 14:57:00+09:00,1535.5,1536.0,1535.5,1535.5,500,0.0,0.0
2024-06-14 14:58:00+09:00,1535.5,1535.5,1535.5,1535.5,300,0.0,0.0
2024-06-14 14:59:00+09:00,1536.0,1537.5,1536.0,1537.5,4000,0.0,0.0
