Datetime,Open,High,Low,Close,Volume,Dividends,Stock Splits
2022-11-10 09:00:00+09:00,1554.0,1580.0,1540.0,1574.0,13000,0.0,0.0
2022-11-10 10:00:00+09:00,1578.0,1591.0,1572.0,1578.0,12200,0.0,0.0
2022-11-10 11:00:00+09:00,1585.0,1586.0,1578.0,1578.0,0,0.0,0.0
2022-11-10 12:00:00+09:00,1578.0,1588.0,1575.0,1588.0,30600,0.0,0.0
2022-11-10 13:00:00+09:00,1589.0,1594.0,1582.0,1590.0,0,0.0,0.0
2022-11-10 14:00:00+09:00,1590.0,1609.0,1586.0,1598.0,53400,0.0,0.0
2022-11-11 09:00:00+09:00,1630.0,1674.0,1611.0,1650.0,59300,0.0,0.0
2022-11-11 10:00:00+09:00,1645.0,1674.0,1532.0,1574.0,71800,0.0,0.0
2022-11-11 11:00:00+09:00,1572.0,1590.0,1540.0,1557.0,0,0.0,0.0
2022-11-11 12:00:00+09:00,1556.0,1558.0,1501.0,1545.0,171100,0.0,0.0
2022-11-11 13:00:00+09:00,1541.0,1541.0,1520.0,1537.0,13000,0.0,0.0
2022-11-11 14:00:00+09:00,1534.0,1554.0,1534.0,1553.0,17400,0.0,0.0
2022-11-14 09:00:00+09:00,1553.0,1564.0,1535.0,1544.0,20600,0.0,0.0
2022-11-14 10:00:00+09:00,1551.0,1552.0,1539.0,1551.0,4900,0.0,0.0
2022-11-14 11:00:00+09:00,1545.0,1545.0,1537.0,1537.0,0,0.0,0.0
2022-11-14 12:00:00+09:00,1537.0,1635.0,1522.0,1619.0,95300,0.0,0.0
2022-11-14 13:00:00+09:00,1602.0,1626.0,1561.0,1625.0,48000,0.0,0.0
2022-11-14 14:00:00+09:00,1624.0,1628.0,1596.0,1596.0,19500,0.0,0.0
2022-11-15 09:00:00+09:00,1590.0,1593.0,1570.0,1581.0,6000,0.0,0.0
2022-11-15 10:00:00+09:00,1584.0,1620.0,1579.0,1605.0,8700,0.0,0.0
2022-11-15 11:00:00+09:00,1599.0,1599.0,1586.0,1586.0,0,0.0,0.0
2022-11-15 12:00:00+09:00,1588.0,1600.0,1588.0,1600.0,18100,0.0,0.0
2022-11-15 13:00:00+09:00,1592.0,1592.0,1580.0,1586.0,0,0.0,0.0
2022-11-15 14:00:00+09:00,1583.0,1588.0,1577.0,1586.0,30400,0.0,0.0
2022-11-16 09:00:00+09:00,1583.0,1583.0,1570.0,1583.0,2800,0.0,0.0
2022-11-16 10:00:00+09:00,1580.0,1583.0,1570.0,1572.0,1500,0.0,0.0
2022-11-16 11:00:00+09:00,1578.0,1582.0,1574.0,1574.0,0,0.0,0.0
2022-11-16 12:00:00+09:00,1571.0,1580.0,1571.0,1575.0,0,0.0,0.0
2022-11-16 13:00:00+09:00,1575.0,1580.0,1570.0,1570.0,7200,0.0,0.0
2022-11-16 14:00:00+09:00,1570.0,1580.0,1570.0,1576.0,5400,0.0,0.0
2022-11-17 09:00:00+09:00,1575.0,1575.0,1540.0,1551.0,11300,0.0,0.0
2022-11-17 10:00:00+09:00,1552.0,1555.0,1552.0,1554.0,700,0.0,0.0
2022-11-17 11:00:00+09:00,1552.0,1552.0,1551.0,1551.0,0,0.0,0.0
2022-11-17 12:00:00+09:00,1563.0,1563.0,1557.0,1557.0,12600,0.0,0.0
2022-11-17 13:00:00+09:00,1557.0,1564.0,1553.0,1564.0,1600,0.0,0.0
2022-11-17 14:00:00+09:00,1561.0,1562.0,1550.0,1555.0,3400,0.0,0.0
2022-11-18 09:00:00+09:00,1556.0,1556.0,1523.0,1547.0,4000,0.0,0.0
2022-11-18 10:00:00+09:00,1543.0,1556.0,1543.0,1546.0,1500,0.0,0.0
2022-11-18 11:00:00+09:00,1547.0,1547.0,1545.0,1545.0,0,0.0,0.0
2022-11-18 12:00:00+09:00,1545.0,1550.0,1540.0,1550.0,8900,0.0,0.0
2022-11-18 13:00:00+09:00,1543.0,1543.0,1540.0,1540.0,300,0.0,0.0
2022-11-18 14:00:00+09:00,1545.0,1546.0,1525.0,1525.0,1300,0.0,0.0
2022-11-21 09:00:00+09:00,1524.0,1546.0,1510.0,1530.0,0,0.0,0.0
2022-11-21 10:00:00+09:00,1523.0,1525.0,1520.0,1525.0,1000,0.0,0.0
2022-11-21 11:00:00+09:00,1525.0,1525.0,1525.0,1525.0,0,0.0,0.0
2022-11-21 12:00:00+09:00,1525.0,1540.0,1524.0,1540.0,8400,0.0,0.0
2022-11-21 13:00:00+09:00,1540.0,1547.0,1540.0,1547.0,1300,0.0,0.0
2022-11-21 14:00:00+09:00,1539.0,1541.0,1533.0,1537.0,2000,0.0,0.0
2022-11-22 09:00:00+09:00,1548.0,1551.0,1521.0,1551.0,0,0.0,0.0
2022-11-22 10:00:00+09:00,1548.0,1548.0,1542.0,1542.0,5200,0.0,0.0
2022-11-22 11:00:00+09:00,1546.0,1546.0,1546.0,1546.0,0,0.0,0.0
2022-11-22 12:00:00+09:00,1546.0,1559.0,1546.0,1551.0,6700,0.0,0.0
2022-11-22 13:00:00+09:00,1546.0,1552.0,1546.0,1551.0,500,0.0,0.0
2022-11-22 14:00:00+09:00,1546.0,1549.0,1546.0,1549.0,600,0.0,0.0
2022-11-24 09:00:00+09:00,1557.0,1588.0,1557.0,1588.0,7400,0.0,0.0
2022-11-24 10:00:00+09:00,1589.0,1596.0,1580.0,1596.0,4100,0.0,0.0
2022-11-24 11:00:00+09:00,1593.0,1601.0,1591.0,1593.0,0,0.0,0.0
2022-11-24 12:00:00+09:00,1586.0,1595.0,1579.0,1587.0,19200,0.0,0.0
2022-11-24 13:00:00+09:00,1589.0,1600.0,1589.0,1595.0,2600,0.0,0.0
2022-11-24 14:00:00+09:00,1595.0,1599.0,1590.0,1598.0,4900,0.0,0.0
2022-11-25 09:00:00+09:00,1600.0,1611.0,1582.0,1611.0,9000,0.0,0.0
2022-11-25 10:00:00+09:00,1605.0,1612.0,1600.0,1600.0,1700,0.0,0.0
2022-11-25 11:00:00+09:00,1601.0,1601.0,1598.0,1598.0,0,0.0,0.0
2022-11-25 12:00:00+09:00,1595.0,1610.0,1594.0,1610.0,14100,0.0,0.0
2022-11-25 13:00:00+09:00,1611.0,1614.0,1608.0,1614.0,4200,0.0,0.0
2022-11-25 14:00:00+09:00,1612.0,1615.0,1609.0,1615.0,1900,0.0,0.0
2022-11-28 09:00:00+09:00,1617.0,1619.0,1595.0,1595.0,3100,0.0,0.0
2022-11-28 10:00:00+09:00,1592.0,1597.0,1581.0,1586.0,2300,0.0,0.0
2022-11-28 11:00:00+09:00,1585.0,1604.0,1585.0,1593.0,0,0.0,0.0
2022-11-28 12:00:00+09:00,1613.0,1623.0,1609.0,1623.0,14800,0.0,0.0
2022-11-28 13:00:00+09:00,1626.0,1630.0,1616.0,1616.0,2900,0.0,0.0
2022-11-28 14:00:00+09:00,1616.0,1618.0,1610.0,1617.0,2000,0.0,0.0
2022-11-29 09:00:00+09:00,1600.0,1600.0,1581.0,1586.0,4800,0.0,0.0
2022-11-29 10:00:00+09:00,1582.0,1595.0,1582.0,1591.0,1300,0.0,0.0
2022-11-29 11:00:00+09:00,1591.0,1591.0,1581.0,1589.0,0,0.0,0.0
2022-11-29 12:00:00+09:00,1581.0,1588.0,1581.0,1588.0,8700,0.0,0.0
2022-11-29 13:00:00+09:00,1588.0,1593.0,1588.0,1590.0,800,0.0,0.0
2022-11-29 14:00:00+09:00,1586.0,1591.0,1579.0,1581.0,2300,0.0,0.0
2022-11-30 09:00:00+09:00,1591.0,1630.0,1589.0,1619.0,12400,0.0,0.0
2022-11-30 10:00:00+09:00,1619.0,1622.0,1613.0,1622.0,900,0.0,0.0
2022-11-30 11:00:00+09:00,1616.0,1627.0,1609.0,1625.0,0,0.0,0.0
2022-11-30 12:00:00+09:00,1625.0,1628.0,1623.0,1628.0,18500,0.0,0.0
2022-11-30 13:00:00+09:00,1621.0,1637.0,1616.0,1636.0,7700,0.0,0.0
2022-11-30 14:00:00+09:00,1636.0,1640.0,1628.0,1633.0,4000,0.0,0.0
2022-12-01 09:00:00+09:00,1635.0,1660.0,1625.0,1649.0,10200,0.0,0.0
2022-12-01 10:00:00+09:00,1644.0,1649.0,1638.0,1642.0,1200,0.0,0.0
2022-12-01 11:00:00+09:00,1639.0,1643.0,1627.0,1641.0,0,0.0,0.0
2022-12-01 12:00:00+09:00,1640.0,1647.0,1636.0,1645.0,14200,0.0,0.0
2022-12-01 13:00:00+09:00,1636.0,1641.0,1632.0,1633.0,2200,0.0,0.0
2022-12-01 14:00:00+09:00,1633.0,1638.0,1629.0,1637.0,2600,0.0,0.0
2022-12-02 09:00:00+09:00,1624.0,1638.0,1601.0,1628.0,7800,0.0,0.0
2022-12-02 10:00:00+09:00,1619.0,1627.0,1605.0,1610.0,1100,0.0,0.0
2022-12-02 11:00:00+09:00,1605.0,1608.0,1602.0,1603.0,0,0.0,0.0
2022-12-02 12:00:00+09:00,1605.0,1605.0,1603.0,1603.0,9700,0.0,0.0
2022-12-02 13:00:00+09:00,1603.0,1624.0,1603.0,1624.0,3000,0.0,0.0
2022-12-02 14:00:00+09:00,1622.0,1630.0,1619.0,1630.0,6800,0.0,0.0
2022-12-05 09:00:00+09:00,1641.0,1641.0,1617.0,1639.0,5800,0.0,0.0
2022-12-05 10:00:00+09:00,1620.0,1633.0,1610.0,1610.0,2600,0.0,0.0
2022-12-05 11:00:00+09:00,1614.0,1628.0,1600.0,1600.0,0,0.0,0.0
2022-12-05 12:00:00+09:00,1631.0,1633.0,1615.0,1615.0,12000,0.0,0.0
2022-12-05 13:00:00+09:00,1612.0,1633.0,1612.0,1618.0,800,0.0,0.0
2022-12-05 14:00:00+09:00,1615.0,1625.0,1602.0,1612.0,2800,0.0,0.0
2022-12-06 09:00:00+09:00,1614.0,1620.0,1580.0,1606.0,4500,0.0,0.0
2022-12-06 10:00:00+09:00,1609.0,1619.0,1609.0,1618.0,1400,0.0,0.0
2022-12-06 11:00:00+09:00,1618.0,1618.0,1618.0,1618.0,0,0.0,0.0
2022-12-06 12:00:00+09:00,1618.0,1618.0,1618.0,1618.0,6000,0.0,0.0
2022-12-06 13:00:00+09:00,1609.0,1611.0,1605.0,1605.0,2600,0.0,0.0
2022-12-06 14:00:00+09:00,1601.0,1607.0,1590.0,1591.0,4200,0.0,0.0
2022-12-07 09:00:00+09:00,1577.0,1606.0,1577.0,1600.0,1500,0.0,0.0
2022-12-07 10:00:00+09:00,1595.0,1601.0,1595.0,1601.0,400,0.0,0.0
2022-12-07 11:00:00+09:00,1601.0,1601.0,1601.0,1601.0,0,0.0,0.0
2022-12-07 12:00:00+09:00,1593.0,1593.0,1592.0,1592.0,2900,0.0,0.0
2022-12-07 13:00:00+09:00,1593.0,1594.0,1585.0,1585.0,1900,0.0,0.0
2022-12-07 14:00:00+09:00,1592.0,1597.0,1590.0,1595.0,1000,0.0,0.0
2022-12-08 09:00:00+09:00,1609.0,1613.0,1579.0,1588.0,5900,0.0,0.0
2022-12-08 10:00:00+09:00,1588.0,1588.0,1585.0,1586.0,600,0.0,0.0
2022-12-08 11:00:00+09:00,1586.0,1586.0,1586.0,1586.0,0,0.0,0.0
2022-12-08 13:00:00+09:00,1579.0,1593.0,1577.0,1593.0,7100,0.0,0.0
2022-12-08 14:00:00+09:00,1593.0,1596.0,1592.0,1596.0,800,0.0,0.0
2022-12-09 09:00:00+09:00,1596.0,1615.0,1596.0,1615.0,2600,0.0,0.0
2022-12-09 10:00:00+09:00,1605.0,1605.0,1605.0,1605.0,100,0.0,0.0
2022-12-09 11:00:00+09:00,1605.0,1610.0,1605.0,1610.0,0,0.0,0.0
2022-12-09 12:00:00+09:00,1609.0,1618.0,1605.0,1616.0,4600,0.0,0.0
2022-12-09 13:00:00+09:00,1611.0,1611.0,1611.0,1611.0,100,0.0,0.0
2022-12-09 14:00:00+09:00,1611.0,1615.0,1610.0,1615.0,900,0.0,0.0
2022-12-12 09:00:00+09:00,1620.0,1625.0,1616.0,1625.0,0,0.0,0.0
2022-12-12 10:00:00+09:00,1625.0,1637.0,1625.0,1631.0,2900,0.0,0.0
2022-12-12 11:00:00+09:00,1629.0,1637.0,1629.0,1636.0,0,0.0,0.0
2022-12-12 12:00:00+09:00,1636.0,1640.0,1633.0,1640.0,7700,0.0,0.0
2022-12-12 13:00:00+09:00,1642.0,1643.0,1636.0,1640.0,700,0.0,0.0
2022-12-12 14:00:00+09:00,1640.0,1640.0,1617.0,1637.0,2200,0.0,0.0
2022-12-13 09:00:00+09:00,1639.0,1644.0,1639.0,1644.0,5100,0.0,0.0
2022-12-13 10:00:00+09:00,1641.0,1644.0,1636.0,1644.0,1600,0.0,0.0
2022-12-13 11:00:00+09:00,1638.0,1641.0,1613.0,1637.0,0,0.0,0.0
2022-12-13 12:00:00+09:00,1626.0,1653.0,1626.0,1648.0,11800,0.0,0.0
2022-12-13 13:00:00+09:00,1647.0,1647.0,1647.0,1647.0,200,0.0,0.0
2022-12-13 14:00:00+09:00,1646.0,1647.0,1635.0,1643.0,2200,0.0,0.0
2022-12-14 09:00:00+09:00,1646.0,1647.0,1637.0,1641.0,3300,0.0,0.0
2022-12-14 10:00:00+09:00,1642.0,1652.0,1636.0,1652.0,7100,0.0,0.0
2022-12-14 11:00:00+09:00,1652.0,1660.0,1651.0,1656.0,0,0.0,0.0
2022-12-14 12:00:00+09:00,1650.0,1656.0,1649.0,1656.0,14400,0.0,0.0
2022-12-14 14:00:00+09:00,1654.0,1656.0,1652.0,1654.0,2400,0.0,0.0
2022-12-15 09:00:00+09:00,1654.0,1679.0,1646.0,1669.0,7400,0.0,0.0
2022-12-15 10:00:00+09:00,1668.0,1676.0,1668.0,1675.0,800,0.0,0.0
2022-12-15 11:00:00+09:00,1670.0,1670.0,1670.0,1670.0,0,0.0,0.0
2022-12-15 12:00:00+09:00,1674.0,1678.0,1674.0,1678.0,8900,0.0,0.0
2022-12-15 13:00:00+09:00,1677.0,1678.0,1666.0,1666.0,2200,0.0,0.0
2022-12-15 14:00:00+09:00,1668.0,1673.0,1655.0,1673.0,3600,0.0,0.0
2022-12-16 09:00:00+09:00,1670.0,1683.0,1640.0,1679.0,10600,0.0,0.0
2022-12-16 10:00:00+09:00,1677.0,1680.0,1673.0,1679.0,700,0.0,0.0
2022-12-16 11:00:00+09:00,1679.0,1680.0,1674.0,1676.0,0,0.0,0.0
2022-12-16 12:00:00+09:00,1665.0,1678.0,1665.0,1678.0,12600,0.0,0.0
2022-12-16 13:00:00+09:00,1678.0,1681.0,1673.0,1674.0,1800,0.0,0.0
2022-12-16 14:00:00+09:00,1679.0,1679.0,1667.0,1671.0,1000,0.0,0.0
2022-12-19 09:00:00+09:00,1651.0,1670.0,1651.0,1662.0,3900,0.0,0.0
2022-12-19 10:00:00+09:00,1662.0,1669.0,1662.0,1669.0,1300,0.0,0.0
2022-12-19 11:00:00+09:00,1662.0,1673.0,1651.0,1673.0,0,0.0,0.0
2022-12-19 12:00:00+09:00,1657.0,1662.0,1657.0,1662.0,8800,0.0,0.0
2022-12-19 13:00:00+09:00,1654.0,1673.0,1642.0,1653.0,6500,0.0,0.0
2022-12-19 14:00:00+09:00,1653.0,1671.0,1650.0,1655.0,5000,0.0,0.0
2022-12-20 09:00:00+09:00,1668.0,1668.0,1649.0,1665.0,7700,0.0,0.0
2022-12-20 10:00:00+09:00,1666.0,1666.0,1665.0,1665.0,200,0.0,0.0
2022-12-20 11:00:00+09:00,1665.0,1665.0,1658.0,1658.0,0,0.0,0.0
2022-12-20 12:00:00+09:00,1656.0,1656.0,1610.0,1619.0,14800,0.0,0.0
2022-12-20 13:00:00+09:00,1613.0,1630.0,1600.0,1622.0,5000,0.0,0.0
2022-12-20 14:00:00+09:00,1618.0,1623.0,1603.0,1622.0,2000,0.0,0.0
2022-12-21 09:00:00+09:00,1617.0,1644.0,1616.0,1625.0,12400,0.0,0.0
2022-12-21 10:00:00+09:00,1622.0,1670.0,1618.0,1657.0,14700,0.0,0.0
2022-12-21 11:00:00+09:00,1657.0,1662.0,1654.0,1662.0,0,0.0,0.0
2022-12-21 12:00:00+09:00,1660.0,1662.0,1646.0,1655.0,28700,0.0,0.0
2022-12-21 13:00:00+09:00,1639.0,1654.0,1639.0,1645.0,2700,0.0,0.0
2022-12-21 14:00:00+09:00,1634.0,1647.0,1615.0,1647.0,5300,0.0,0.0
2022-12-22 09:00:00+09:00,1649.0,1675.0,1635.0,1674.0,18600,0.0,0.0
2022-12-22 10:00:00+09:00,1667.0,1673.0,1662.0,1669.0,2600,0.0,0.0
2022-12-22 11:00:00+09:00,1667.0,1667.0,1667.0,1667.0,0,0.0,0.0
2022-12-22 13:00:00+09:00,1667.0,1667.0,1649.0,1666.0,22500,0.0,0.0
2022-12-22 14:00:00+09:00,1663.0,1673.0,1630.0,1665.0,9300,0.0,0.0
2022-12-23 09:00:00+09:00,1659.0,1659.0,1618.0,1629.0,3900,0.0,0.0
2022-12-23 10:00:00+09:00,1634.0,1654.0,1630.0,1654.0,2500,0.0,0.0
2022-12-23 11:00:00+09:00,1645.0,1653.0,1641.0,1653.0,0,0.0,0.0
2022-12-23 12:00:00+09:00,1654.0,1667.0,1653.0,1667.0,8900,0.0,0.0
2022-12-23 13:00:00+09:00,1660.0,1662.0,1655.0,1655.0,500,0.0,0.0
2022-12-23 14:00:00+09:00,1654.0,1667.0,1654.0,1661.0,2100,0.0,0.0
2022-12-26 09:00:00+09:00,1636.0,1674.0,1636.0,1667.0,0,0.0,0.0
2022-12-26 10:00:00+09:00,1663.0,1669.0,1663.0,1669.0,900,0.0,0.0
2022-12-26 11:00:00+09:00,1656.0,1670.0,1656.0,1670.0,0,0.0,0.0
2022-12-26 12:00:00+09:00,1660.0,1668.0,1650.0,1666.0,10100,0.0,0.0
2022-12-26 13:00:00+09:00,1665.0,1665.0,1665.0,1665.0,100,0.0,0.0
2022-12-26 14:00:00+09:00,1656.0,1670.0,1656.0,1669.0,2300,0.0,0.0
2022-12-27 09:00:00+09:00,1660.0,1668.0,1655.0,1660.0,3700,0.0,0.0
2022-12-27 10:00:00+09:00,1657.0,1667.0,1644.0,1652.0,9100,0.0,0.0
2022-12-27 11:00:00+09:00,1655.0,1656.0,1655.0,1656.0,0,0.0,0.0
2022-12-27 12:00:00+09:00,1655.0,1660.0,1650.0,1656.0,16600,0.0,0.0
2022-12-27 13:00:00+09:00,1659.0,1665.0,1637.0,1640.0,7800,0.0,0.0
2022-12-27 14:00:00+09:00,1643.0,1650.0,1630.0,1649.0,4300,0.0,0.0
2022-12-28 09:00:00+09:00,1649.0,1680.0,1630.0,1662.0,8200,0.0,0.0
2022-12-28 10:00:00+09:00,1660.0,1664.0,1650.0,1654.0,2100,0.0,0.0
2022-12-28 11:00:00+09:00,1650.0,1659.0,1645.0,1659.0,0,0.0,0.0
2022-12-28 12:00:00+09:00,1659.0,1659.0,1659.0,1659.0,11400,0.0,0.0
2022-12-28 13:00:00+09:00,1651.0,1657.0,1645.0,1652.0,1300,0.0,0.0
2022-12-28 14:00:00+09:00,1649.0,1656.0,1649.0,1652.0,1900,0.0,0.0
2022-12-29 09:00:00+09:00,1625.0,1651.0,1623.0,1635.0,3100,0.0,0.0
2022-12-29 10:00:00+09:00,1631.0,1633.0,1620.0,1620.0,0,0.0,0.0
2022-12-29 11:00:00+09:00,1620.0,1620.0,1620.0,1620.0,0,0.0,0.0
2022-12-29 12:00:00+09:00,1615.0,1615.0,1610.0,1615.0,5100,0.0,0.0
2022-12-29 13:00:00+09:00,1613.0,1628.0,1613.0,1628.0,600,0.0,0.0
2022-12-29 14:00:00+09:00,1621.0,1626.0,1616.0,1616.0,1900,0.0,0.0
2022-12-30 09:00:00+09:00,1602.0,1648.0,1602.0,1646.0,12900,0.0,0.0
2022-12-30 10:00:00+09:00,1646.0,1654.0,1646.0,1654.0,600,0.0,0.0
2022-12-30 11:00:00+09:00,1649.0,1657.0,1649.0,1653.0,0,0.0,0.0
2022-12-30 12:00:00+09:00,1654.0,1672.0,1654.0,1667.0,18300,0.0,0.0
2022-12-30 13:00:00+09:00,1662.0,1670.0,1662.0,1665.0,1700,0.0,0.0
2022-12-30 14:00:00+09:00,1667.0,1671.0,1666.0,1666.0,2600,0.0,0.0
2023-01-04 09:00:00+09:00,1640.0,1640.0,1608.0,1612.0,4900,0.0,0.0
2023-01-04 10:00:00+09:00,1612.0,1614.0,1595.0,1604.0,5000,0.0,0.0
2023-01-04 11:00:00+09:00,1606.0,1615.0,1606.0,1608.0,0,0.0,0.0
2023-01-04 12:00:00+09:00,1616.0,1616.0,1616.0,1616.0,10600,0.0,0.0
2023-01-04 13:00:00+09:00,1608.0,1608.0,1598.0,1600.0,1800,0.0,0.0
2023-01-04 14:00:00+09:00,1597.0,1601.0,1583.0,1600.0,5800,0.0,0.0
2023-01-05 09:00:00+09:00,1606.0,1607.0,1580.0,1598.0,2800,0.0,0.0
2023-01-05 10:00:00+09:00,1602.0,1603.0,1597.0,1603.0,700,0.0,0.0
2023-01-05 11:00:00+09:00,1597.0,1597.0,1580.0,1580.0,0,0.0,0.0
2023-01-05 12:00:00+09:00,1576.0,1577.0,1540.0,1560.0,10200,0.0,0.0
2023-01-05 13:00:00+09:00,1560.0,1560.0,1535.0,1535.0,5400,0.0,0.0
2023-01-05 14:00:00+09:00,1541.0,1553.0,1510.0,1543.0,14200,0.0,0.0
2023-01-06 09:00:00+09:00,1543.0,1585.0,1539.0,1561.0,5000,0.0,0.0
2023-01-06 10:00:00+09:00,1559.0,1589.0,1558.0,1589.0,3800,0.0,0.0
2023-01-06 11:00:00+09:00,1587.0,1587.0,1577.0,1580.0,0,0.0,0.0
2023-01-06 12:00:00+09:00,1585.0,1585.0,1585.0,1585.0,9500,0.0,0.0
2023-01-06 13:00:00+09:00,1578.0,1584.0,1578.0,1584.0,300,0.0,0.0
2023-01-06 14:00:00+09:00,1577.0,1579.0,1572.0,1574.0,1200,0.0,0.0
2023-01-10 09:00:00+09:00,1588.0,1596.0,1568.0,1584.0,3700,0.0,0.0
2023-01-10 10:00:00+09:00,1588.0,1593.0,1584.0,1593.0,400,0.0,0.0
2023-01-10 11:00:00+09:00,1593.0,1598.0,1592.0,1598.0,0,0.0,0.0
2023-01-10 12:00:00+09:00,1596.0,1596.0,1590.0,1590.0,5200,0.0,0.0
2023-01-10 13:00:00+09:00,1595.0,1595.0,1590.0,1595.0,800,0.0,0.0
2023-01-10 14:00:00+09:00,1590.0,1592.0,1590.0,1592.0,200,0.0,0.0
2023-01-11 09:00:00+09:00,1592.0,1618.0,1586.0,1607.0,5300,0.0,0.0
2023-01-11 10:00:00+09:00,1611.0,1612.0,1605.0,1609.0,1100,0.0,0.0
2023-01-11 11:00:00+09:00,1609.0,1609.0,1609.0,1609.0,0,0.0,0.0
2023-01-11 12:00:00+09:00,1608.0,1609.0,1608.0,1609.0,6800,0.0,0.0
2023-01-11 13:00:00+09:00,1605.0,1605.0,1605.0,1605.0,300,0.0,0.0
2023-01-11 14:00:00+09:00,1602.0,1608.0,1600.0,1608.0,400,0.0,0.0
2023-01-12 09:00:00+09:00,1614.0,1626.0,1600.0,1604.0,4400,0.0,0.0
2023-01-12 10:00:00+09:00,1604.0,1606.0,1595.0,1595.0,700,0.0,0.0
2023-01-12 11:00:00+09:00,1595.0,1595.0,1595.0,1595.0,0,0.0,0.0
2023-01-12 12:00:00+09:00,1596.0,1596.0,1590.0,1590.0,5400,0.0,0.0
2023-01-12 13:00:00+09:00,1588.0,1594.0,1584.0,1594.0,1800,0.0,0.0
2023-01-12 14:00:00+09:00,1594.0,1595.0,1585.0,1585.0,700,0.0,0.0
2023-01-13 09:00:00+09:00,1580.0,1591.0,1567.0,1591.0,0,0.0,0.0
2023-01-13 10:00:00+09:00,1591.0,1591.0,1580.0,1581.0,3000,0.0,0.0
2023-01-13 11:00:00+09:00,1586.0,1587.0,1584.0,1586.0,0,0.0,0.0
2023-01-13 13:00:00+09:00,1597.0,1597.0,1590.0,1595.0,4000,0.0,0.0
2023-01-13 14:00:00+09:00,1594.0,1595.0,1585.0,1589.0,2500,0.0,0.0
2023-01-16 09:00:00+09:00,1578.0,1589.0,1550.0,1566.0,1100,0.0,0.0
2023-01-16 10:00:00+09:00,1555.0,1560.0,1555.0,1560.0,300,0.0,0.0
2023-01-16 11:00:00+09:00,1560.0,1560.0,1558.0,1558.0,0,0.0,0.0
2023-01-16 12:00:00+09:00,1558.0,1559.0,1546.0,1546.0,2200,0.0,0.0
2023-01-16 13:00:00+09:00,1561.0,1561.0,1542.0,1542.0,500,0.0,0.0
2023-01-16 14:00:00+09:00,1543.0,1550.0,1539.0,1539.0,1000,0.0,0.0
2023-01-17 09:00:00+09:00,1569.0,1569.0,1544.0,1559.0,1200,0.0,0.0
2023-01-17 10:00:00+09:00,1551.0,1552.0,1547.0,1547.0,1500,0.0,0.0
2023-01-17 11:00:00+09:00,1546.0,1546.0,1545.0,1545.0,0,0.0,0.0
2023-01-17 12:00:00+09:00,1545.0,1556.0,1545.0,1556.0,3800,0.0,0.0
2023-01-17 13:00:00+09:00,1547.0,1552.0,1547.0,1552.0,400,0.0,0.0
2023-01-17 14:00:00+09:00,1545.0,1550.0,1545.0,1550.0,700,0.0,0.0
2023-01-18 09:00:00+09:00,1551.0,1560.0,1549.0,1557.0,1900,0.0,0.0
2023-01-18 10:00:00+09:00,1560.0,1569.0,1559.0,1559.0,1100,0.0,0.0
2023-01-18 11:00:00+09:00,1555.0,1555.0,1555.0,1555.0,0,0.0,0.0
2023-01-18 12:00:00+09:00,1562.0,1570.0,1562.0,1569.0,5000,0.0,0.0
2023-01-18 13:00:00+09:00,1565.0,1578.0,1561.0,1561.0,2200,0.0,0.0
2023-01-18 14:00:00+09:00,1564.0,1569.0,1561.0,1569.0,0,0.0,0.0
2023-01-19 09:00:00+09:00,1576.0,1579.0,1567.0,1568.0,1600,0.0,0.0
2023-01-19 10:00:00+09:00,1569.0,1569.0,1568.0,1568.0,700,0.0,0.0
2023-01-19 11:00:00+09:00,1568.0,1568.0,1568.0,1568.0,0,0.0,0.0
2023-01-19 12:00:00+09:00,1575.0,1575.0,1565.0,1572.0,3300,0.0,0.0
2023-01-19 13:00:00+09:00,1573.0,1585.0,1573.0,1578.0,800,0.0,0.0
2023-01-19 14:00:00+09:00,1582.0,1582.0,1572.0,1581.0,700,0.0,0.0
2023-01-20 09:00:00+09:00,1592.0,1605.0,1573.0,1605.0,6200,0.0,0.0
2023-01-20 10:00:00+09:00,1605.0,1612.0,1602.0,1604.0,3300,0.0,0.0
2023-01-20 11:00:00+09:00,1610.0,1610.0,1610.0,1610.0,0,0.0,0.0
2023-01-20 12:00:00+09:00,1605.0,1616.0,1601.0,1616.0,11400,0.0,0.0
2023-01-20 13:00:00+09:00,1615.0,1616.0,1610.0,1614.0,900,0.0,0.0
2023-01-20 14:00:00+09:00,1615.0,1618.0,1609.0,1612.0,2000,0.0,0.0
2023-01-23 09:00:00+09:00,1620.0,1626.0,1614.0,1620.0,2700,0.0,0.0
2023-01-23 10:00:00+09:00,1615.0,1621.0,1615.0,1621.0,2500,0.0,0.0
2023-01-23 11:00:00+09:00,1621.0,1630.0,1621.0,1627.0,0,0.0,0.0
2023-01-23 12:00:00+09:00,1627.0,1627.0,1627.0,1627.0,8800,0.0,0.0
2023-01-23 13:00:00+09:00,1620.0,1626.0,1620.0,1626.0,300,0.0,0.0
2023-01-23 14:00:00+09:00,1626.0,1628.0,1619.0,1621.0,1200,0.0,0.0
2023-01-24 09:00:00+09:00,1621.0,1629.0,1620.0,1620.0,3700,0.0,0.0
2023-01-24 10:00:00+09:00,1620.0,1622.0,1620.0,1622.0,200,0.0,0.0
2023-01-24 11:00:00+09:00,1625.0,1627.0,1625.0,1627.0,0,0.0,0.0
2023-01-24 12:00:00+09:00,1627.0,1629.0,1618.0,1626.0,7700,0.0,0.0
2023-01-24 13:00:00+09:00,1621.0,1622.0,1615.0,1622.0,1300,0.0,0.0
2023-01-24 14:00:00+09:00,1622.0,1626.0,1616.0,1616.0,900,0.0,0.0
2023-01-25 09:00:00+09:00,1623.0,1624.0,1612.0,1616.0,1800,0.0,0.0
2023-01-25 10:00:00+09:00,1619.0,1619.0,1619.0,1619.0,100,0.0,0.0
2023-01-25 11:00:00+09:00,1618.0,1627.0,1616.0,1627.0,0,0.0,0.0
2023-01-25 12:00:00+09:00,1627.0,1630.0,1625.0,1630.0,32300,0.0,0.0
2023-01-25 13:00:00+09:00,1630.0,1630.0,1622.0,1627.0,800,0.0,0.0
2023-01-25 14:00:00+09:00,1627.0,1630.0,1623.0,1629.0,2100,0.0,0.0
2023-01-26 09:00:00+09:00,1626.0,1627.0,1611.0,1616.0,2000,0.0,0.0
2023-01-26 10:00:00+09:00,1616.0,1617.0,1610.0,1610.0,600,0.0,0.0
2023-01-26 11:00:00+09:00,1610.0,1615.0,1610.0,1615.0,0,0.0,0.0
2023-01-26 12:00:00+09:00,1603.0,1613.0,1603.0,1613.0,3800,0.0,0.0
2023-01-26 13:00:00+09:00,1610.0,1610.0,1606.0,1606.0,500,0.0,0.0
2023-01-26 14:00:00+09:00,1608.0,1614.0,1607.0,1612.0,900,0.0,0.0
2023-01-27 09:00:00+09:00,1613.0,1613.0,1560.0,1578.0,7800,0.0,0.0
2023-01-27 10:00:00+09:00,1568.0,1570.0,1523.0,1525.0,19400,0.0,0.0
2023-01-27 11:00:00+09:00,1525.0,1525.0,1488.0,1495.0,0,0.0,0.0
2023-01-27 12:00:00+09:00,1502.0,1522.0,1491.0,1522.0,63300,0.0,0.0
2023-01-27 13:00:00+09:00,1523.0,1538.0,1519.0,1534.0,4900,0.0,0.0
2023-01-27 14:00:00+09:00,1535.0,1537.0,1522.0,1533.0,6400,0.0,0.0
2023-01-30 09:00:00+09:00,1538.0,1538.0,1520.0,1536.0,0,0.0,0.0
2023-01-30 10:00:00+09:00,1532.0,1532.0,1528.0,1528.0,500,0.0,0.0
2023-01-30 11:00:00+09:00,1532.0,1540.0,1532.0,1538.0,0,0.0,0.0
2023-01-30 12:00:00+09:00,1537.0,1540.0,1529.0,1540.0,8300,0.0,0.0
2023-01-30 13:00:00+09:00,1539.0,1540.0,1531.0,1531.0,1300,0.0,0.0
2023-01-30 14:00:00+09:00,1538.0,1539.0,1530.0,1533.0,1400,0.0,0.0
2023-01-31 09:00:00+09:00,1532.0,1570.0,1531.0,1560.0,6900,0.0,0.0
2023-01-31 10:00:00+09:00,1555.0,1555.0,1550.0,1552.0,700,0.0,0.0
2023-01-31 11:00:00+09:00,1552.0,1552.0,1552.0,1552.0,0,0.0,0.0
2023-01-31 12:00:00+09:00,1552.0,1552.0,1530.0,1530.0,8500,0.0,0.0
2023-01-31 13:00:00+09:00,1540.0,1555.0,1539.0,1555.0,2900,0.0,0.0
2023-01-31 14:00:00+09:00,1557.0,1563.0,1555.0,1560.0,1900,0.0,0.0
2023-02-01 09:00:00+09:00,1574.0,1593.0,1572.0,1585.0,7800,0.0,0.0
2023-02-01 10:00:00+09:00,1585.0,1598.0,1585.0,1590.0,4000,0.0,0.0
2023-02-01 11:00:00+09:00,1592.0,1592.0,1592.0,1592.0,0,0.0,0.0
2023-02-01 12:00:00+09:00,1593.0,1596.0,1588.0,1588.0,13200,0.0,0.0
2023-02-01 13:00:00+09:00,1588.0,1589.0,1579.0,1589.0,1500,0.0,0.0
2023-02-01 14:00:00+09:00,1591.0,1596.0,1591.0,1593.0,3600,0.0,0.0
2023-02-02 09:00:00+09:00,1586.0,1617.0,1586.0,1599.0,7700,0.0,0.0
2023-02-02 10:00:00+09:00,1597.0,1597.0,1591.0,1591.0,900,0.0,0.0
2023-02-02 11:00:00+09:00,1591.0,1591.0,1591.0,1591.0,0,0.0,0.0
2023-02-02 12:00:00+09:00,1592.0,1600.0,1588.0,1592.0,11500,0.0,0.0
2023-02-02 13:00:00+09:00,1592.0,1614.0,1586.0,1614.0,4500,0.0,0.0
2023-02-02 14:00:00+09:00,1600.0,1611.0,1585.0,1597.0,3500,0.0,0.0
2023-02-03 09:00:00+09:00,1599.0,1611.0,1590.0,1609.0,10600,0.0,0.0
2023-02-03 10:00:00+09:00,1609.0,1609.0,1594.0,1599.0,1400,0.0,0.0
2023-02-03 11:00:00+09:00,1600.0,1604.0,1600.0,1604.0,0,0.0,0.0
2023-02-03 12:00:00+09:00,1593.0,1600.0,1585.0,1589.0,16000,0.0,0.0
2023-02-03 13:00:00+09:00,1586.0,1592.0,1586.0,1592.0,300,0.0,0.0
2023-02-03 14:00:00+09:00,1590.0,1599.0,1579.0,1580.0,5100,0.0,0.0
2023-02-06 09:00:00+09:00,1594.0,1596.0,1576.0,1589.0,4900,0.0,0.0
2023-02-06 10:00:00+09:00,1581.0,1581.0,1573.0,1573.0,2100,0.0,0.0
2023-02-06 11:00:00+09:00,1576.0,1576.0,1569.0,1573.0,0,0.0,0.0
2023-02-06 12:00:00+09:00,1571.0,1571.0,1571.0,1571.0,9600,0.0,0.0
2023-02-06 13:00:00+09:00,1572.0,1578.0,1572.0,1575.0,500,0.0,0.0
2023-02-06 14:00:00+09:00,1578.0,1578.0,1560.0,1563.0,0,0.0,0.0
2023-02-07 09:00:00+09:00,1585.0,1585.0,1567.0,1575.0,0,0.0,0.0
2023-02-07 10:00:00+09:00,1570.0,1573.0,1559.0,1572.0,9300,0.0,0.0
2023-02-07 11:00:00+09:00,1572.0,1574.0,1572.0,1573.0,0,0.0,0.0
2023-02-07 12:00:00+09:00,1574.0,1576.0,1570.0,1576.0,11400,0.0,0.0
2023-02-07 13:00:00+09:00,1576.0,1576.0,1569.0,1576.0,4700,0.0,0.0
2023-02-07 14:00:00+09:00,1576.0,1587.0,1572.0,1587.0,7100,0.0,0.0
2023-02-08 09:00:00+09:00,1592.0,1595.0,1575.0,1579.0,3500,0.0,0.0
2023-02-08 10:00:00+09:00,1579.0,1589.0,1579.0,1589.0,1300,0.0,0.0
2023-02-08 11:00:00+09:00,1590.0,1590.0,1585.0,1585.0,0,0.0,0.0
2023-02-08 12:00:00+09:00,1588.0,1588.0,1585.0,1585.0,5400,0.0,0.0
2023-02-08 13:00:00+09:00,1587.0,1590.0,1586.0,1588.0,600,0.0,0.0
2023-02-08 14:00:00+09:00,1588.0,1590.0,1583.0,1589.0,2900,0.0,0.0
2023-02-09 09:00:00+09:00,1590.0,1600.0,1581.0,1599.0,19500,0.0,0.0
2023-02-09 10:00:00+09:00,1595.0,1601.0,1590.0,1590.0,5900,0.0,0.0
2023-02-09 11:00:00+09:00,1594.0,1595.0,1590.0,1590.0,0,0.0,0.0
2023-02-09 12:00:00+09:00,1589.0,1593.0,1585.0,1588.0,28800,0.0,0.0
2023-02-09 13:00:00+09:00,1591.0,1601.0,1590.0,1590.0,8600,0.0,0.0
2023-02-09 14:00:00+09:00,1595.0,1609.0,1590.0,1601.0,20000,0.0,0.0
2023-02-10 09:00:00+09:00,1481.0,1533.0,1466.0,1509.0,90400,0.0,0.0
2023-02-10 10:00:00+09:00,1506.0,1514.0,1476.0,1478.0,30300,0.0,0.0
2023-02-10 11:00:00+09:00,1479.0,1494.0,1470.0,1487.0,0,0.0,0.0
2023-02-10 12:00:00+09:00,1489.0,1493.0,1480.0,1485.0,137200,0.0,0.0
2023-02-10 13:00:00+09:00,1484.0,1519.0,1482.0,1506.0,42000,0.0,0.0
2023-02-10 14:00:00+09:00,1501.0,1507.0,1496.0,1501.0,8600,0.0,0.0
2023-02-13 09:00:00+09:00,1511.0,1516.0,1472.0,1475.0,15400,0.0,0.0
2023-02-13 10:00:00+09:00,1473.0,1474.0,1465.0,1474.0,7200,0.0,0.0
2023-02-13 11:00:00+09:00,1470.0,1478.0,1469.0,1478.0,0,0.0,0.0
2023-02-13 12:00:00+09:00,1478.0,1490.0,1473.0,1490.0,26800,0.0,0.0
2023-02-13 13:00:00+09:00,1480.0,1509.0,1473.0,1500.0,6200,0.0,0.0
2023-02-13 14:00:00+09:00,1499.0,1503.0,1491.0,1494.0,3400,0.0,0.0
2023-02-14 09:00:00+09:00,1499.0,1502.0,1491.0,1497.0,4300,0.0,0.0
2023-02-14 10:00:00+09:00,1496.0,1501.0,1488.0,1500.0,3300,0.0,0.0
2023-02-14 11:00:00+09:00,1502.0,1514.0,1500.0,1512.0,0,0.0,0.0
2023-02-14 13:00:00+09:00,1500.0,1504.0,1495.0,1500.0,21800,0.0,0.0
2023-02-14 14:00:00+09:00,1496.0,1502.0,1494.0,1496.0,5200,0.0,0.0
2023-02-15 09:00:00+09:00,1497.0,1509.0,1491.0,1496.0,12000,0.0,0.0
2023-02-15 10:00:00+09:00,1496.0,1500.0,1496.0,1500.0,3300,0.0,0.0
2023-02-15 11:00:00+09:00,1496.0,1498.0,1496.0,1497.0,0,0.0,0.0
2023-02-15 12:00:00+09:00,1495.0,1507.0,1495.0,1507.0,23500,0.0,0.0
2023-02-15 13:00:00+09:00,1504.0,1506.0,1502.0,1505.0,3100,0.0,0.0
2023-02-15 14:00:00+09:00,1504.0,1505.0,1494.0,1494.0,8800,0.0,0.0
2023-02-16 09:00:00+09:00,1476.0,1490.0,1476.0,1487.0,11700,0.0,0.0
2023-02-16 10:00:00+09:00,1487.0,1487.0,1478.0,1485.0,3600,0.0,0.0
2023-02-16 11:00:00+09:00,1484.0,1484.0,1484.0,1484.0,0,0.0,0.0
2023-02-16 12:00:00+09:00,1484.0,1485.0,1484.0,1485.0,15800,0.0,0.0
2023-02-16 13:00:00+09:00,1484.0,1485.0,1483.0,1483.0,1100,0.0,0.0
2023-02-16 14:00:00+09:00,1483.0,1483.0,1477.0,1478.0,6900,0.0,0.0
2023-02-17 09:00:00+09:00,1478.0,1478.0,1435.0,1453.0,13200,0.0,0.0
2023-02-17 10:00:00+09:00,1449.0,1458.0,1447.0,1450.0,2400,0.0,0.0
2023-02-17 11:00:00+09:00,1451.0,1452.0,1449.0,1452.0,0,0.0,0.0
2023-02-17 12:00:00+09:00,1450.0,1451.0,1443.0,1443.0,18300,0.0,0.0
2023-02-17 13:00:00+09:00,1449.0,1449.0,1443.0,1449.0,900,0.0,0.0
2023-02-17 14:00:00+09:00,1448.0,1456.0,1442.0,1456.0,5100,0.0,0.0
2023-02-20 09:00:00+09:00,1470.0,1482.0,1467.0,1475.0,20700,0.0,0.0
2023-02-20 10:00:00+09:00,1476.0,1482.0,1473.0,1479.0,1600,0.0,0.0
2023-02-20 11:00:00+09:00,1480.0,1480.0,1480.0,1480.0,0,0.0,0.0
2023-02-20 12:00:00+09:00,1480.0,1486.0,1479.0,1483.0,27800,0.0,0.0
2023-02-20 13:00:00+09:00,1478.0,1481.0,1475.0,1481.0,2900,0.0,0.0
2023-02-20 14:00:00+09:00,1477.0,1477.0,1465.0,1465.0,3800,0.0,0.0
2023-02-21 09:00:00+09:00,1475.0,1475.0,1462.0,1462.0,2500,0.0,0.0
2023-02-21 10:00:00+09:00,1463.0,1469.0,1463.0,1464.0,700,0.0,0.0
2023-02-21 11:00:00+09:00,1464.0,1470.0,1464.0,1468.0,0,0.0,0.0
2023-02-21 12:00:00+09:00,1467.0,1480.0,1464.0,1480.0,8500,0.0,0.0
2023-02-21 13:00:00+09:00,1478.0,1481.0,1478.0,1480.0,1600,0.0,0.0
2023-02-21 14:00:00+09:00,1479.0,1481.0,1477.0,1478.0,2900,0.0,0.0
2023-02-22 09:00:00+09:00,1476.0,1478.0,1463.0,1472.0,4100,0.0,0.0
2023-02-22 10:00:00+09:00,1472.0,1475.0,1466.0,1475.0,1800,0.0,0.0
2023-02-22 11:00:00+09:00,1471.0,1482.0,1471.0,1481.0,0,0.0,0.0
2023-02-22 12:00:00+09:00,1481.0,1482.0,1481.0,1482.0,7600,0.0,0.0
2023-02-22 13:00:00+09:00,1481.0,1482.0,1478.0,1481.0,2200,0.0,0.0
2023-02-22 14:00:00+09:00,1481.0,1483.0,1478.0,1481.0,2400,0.0,0.0
2023-02-24 09:00:00+09:00,1489.0,1506.0,1485.0,1500.0,0,0.0,0.0
2023-02-24 10:00:00+09:00,1495.0,1509.0,1494.0,1508.0,24500,0.0,0.0
2023-02-24 11:00:00+09:00,1509.0,1511.0,1506.0,1510.0,0,0.0,0.0
2023-02-24 12:00:00+09:00,1509.0,1510.0,1506.0,1509.0,34300,0.0,0.0
2023-02-24 13:00:00+09:00,1510.0,1518.0,1507.0,1518.0,12500,0.0,0.0
2023-02-24 14:00:00+09:00,1516.0,1524.0,1505.0,1515.0,8900,0.0,0.0
2023-02-27 09:00:00+09:00,1524.0,1546.0,1522.0,1545.0,25100,0.0,0.0
2023-02-27 10:00:00+09:00,1545.0,1549.0,1543.0,1547.0,2700,0.0,0.0
2023-02-27 11:00:00+09:00,1544.0,1548.0,1543.0,1547.0,0,0.0,0.0
2023-02-27 12:00:00+09:00,1547.0,1548.0,1545.0,1548.0,31900,0.0,0.0
2023-02-27 13:00:00+09:00,1549.0,1554.0,1547.0,1550.0,6000,0.0,0.0
2023-02-27 14:00:00+09:00,1546.0,1550.0,1540.0,1550.0,5300,0.0,0.0
2023-02-28 09:00:00+09:00,1546.0,1562.0,1546.0,1557.0,11500,0.0,0.0
2023-02-28 10:00:00+09:00,1553.0,1560.0,1553.0,1558.0,1800,0.0,0.0
2023-02-28 11:00:00+09:00,1560.0,1561.0,1554.0,1559.0,0,0.0,0.0
2023-02-28 12:00:00+09:00,1558.0,1559.0,1547.0,1547.0,17500,0.0,0.0
2023-02-28 13:00:00+09:00,1548.0,1548.0,1535.0,1544.0,4900,0.0,0.0
2023-02-28 14:00:00+09:00,1540.0,1549.0,1539.0,1540.0,2200,0.0,0.0
2023-03-01 09:00:00+09:00,1537.0,1548.0,1527.0,1539.0,5000,0.0,0.0
2023-03-01 10:00:00+09:00,1529.0,1536.0,1529.0,1536.0,700,0.0,0.0
2023-03-01 11:00:00+09:00,1543.0,1543.0,1533.0,1538.0,0,0.0,0.0
2023-03-01 12:00:00+09:00,1545.0,1545.0,1536.0,1542.0,9300,0.0,0.0
2023-03-01 13:00:00+09:00,1540.0,1540.0,1536.0,1539.0,700,0.0,0.0
2023-03-01 14:00:00+09:00,1537.0,1543.0,1536.0,1541.0,3900,0.0,0.0
2023-03-02 09:00:00+09:00,1541.0,1547.0,1535.0,1543.0,1700,0.0,0.0
2023-03-02 10:00:00+09:00,1537.0,1540.0,1536.0,1540.0,2400,0.0,0.0
2023-03-02 11:00:00+09:00,1538.0,1538.0,1537.0,1537.0,0,0.0,0.0
2023-03-02 12:00:00+09:00,1535.0,1542.0,1535.0,1540.0,5300,0.0,0.0
2023-03-02 13:00:00+09:00,1540.0,1540.0,1535.0,1537.0,700,0.0,0.0
2023-03-02 14:00:00+09:00,1541.0,1541.0,1531.0,1531.0,4100,0.0,0.0
2023-03-03 09:00:00+09:00,1531.0,1541.0,1528.0,1538.0,4400,0.0,0.0
2023-03-03 10:00:00+09:00,1535.0,1535.0,1531.0,1532.0,1200,0.0,0.0
2023-03-03 11:00:00+09:00,1535.0,1536.0,1535.0,1536.0,0,0.0,0.0
2023-03-03 12:00:00+09:00,1536.0,1536.0,1529.0,1529.0,7000,0.0,0.0
2023-03-03 13:00:00+09:00,1533.0,1566.0,1461.0,1554.0,79800,0.0,0.0
2023-03-03 14:00:00+09:00,1555.0,1567.0,1550.0,1567.0,19900,0.0,0.0
2023-03-06 09:00:00+09:00,1564.0,1614.0,1555.0,1605.0,43900,0.0,0.0
2023-03-06 10:00:00+09:00,1607.0,1609.0,1592.0,1593.0,3900,0.0,0.0
2023-03-06 11:00:00+09:00,1594.0,1596.0,1589.0,1595.0,0,0.0,0.0
2023-03-06 12:00:00+09:00,1594.0,1596.0,1588.0,1596.0,51100,0.0,0.0
2023-03-06 13:00:00+09:00,1596.0,1609.0,1592.0,1609.0,0,0.0,0.0
2023-03-06 14:00:00+09:00,1608.0,1609.0,1602.0,1602.0,63900,0.0,0.0
2023-03-07 09:00:00+09:00,1596.0,1613.0,1585.0,1589.0,0,0.0,0.0
2023-03-07 10:00:00+09:00,1591.0,1595.0,1585.0,1586.0,12700,0.0,0.0
2023-03-07 11:00:00+09:00,1590.0,1592.0,1588.0,1592.0,0,0.0,0.0
2023-03-07 12:00:00+09:00,1592.0,1592.0,1587.0,1589.0,14900,0.0,0.0
2023-03-07 13:00:00+09:00,1590.0,1600.0,1590.0,1600.0,2000,0.0,0.0
2023-03-07 14:00:00+09:00,1596.0,1600.0,1594.0,1594.0,2600,0.0,0.0
2023-03-08 09:00:00+09:00,1595.0,1632.0,1595.0,1617.0,30600,0.0,0.0
2023-03-08 10:00:00+09:00,1620.0,1630.0,1619.0,1624.0,5600,0.0,0.0
2023-03-08 11:00:00+09:00,1625.0,1629.0,1625.0,1629.0,0,0.0,0.0
2023-03-08 12:00:00+09:00,1628.0,1629.0,1623.0,1628.0,42600,0.0,0.0
2023-03-08 13:00:00+09:00,1627.0,1628.0,1625.0,1626.0,800,0.0,0.0
2023-03-08 14:00:00+09:00,1626.0,1627.0,1623.0,1623.0,2100,0.0,0.0
2023-03-09 09:00:00+09:00,1620.0,1629.0,1615.0,1628.0,13600,0.0,0.0
2023-03-09 10:00:00+09:00,1625.0,1628.0,1619.0,1628.0,5900,0.0,0.0
2023-03-09 11:00:00+09:00,1628.0,1629.0,1627.0,1627.0,0,0.0,0.0
2023-03-09 12:00:00+09:00,1625.0,1627.0,1620.0,1622.0,24400,0.0,0.0
2023-03-09 13:00:00+09:00,1624.0,1624.0,1622.0,1622.0,400,0.0,0.0
2023-03-09 14:00:00+09:00,1622.0,1626.0,1622.0,1624.0,1400,0.0,0.0
2023-03-10 09:00:00+09:00,1620.0,1650.0,1620.0,1641.0,24900,0.0,0.0
2023-03-10 10:00:00+09:00,1640.0,1643.0,1627.0,1628.0,2500,0.0,0.0
2023-03-10 11:00:00+09:00,1626.0,1628.0,1626.0,1628.0,0,0.0,0.0
2023-03-10 12:00:00+09:00,1639.0,1639.0,1601.0,1601.0,33800,0.0,0.0
2023-03-10 13:00:00+09:00,1602.0,1614.0,1595.0,1609.0,0,0.0,0.0
2023-03-10 14:00:00+09:00,1609.0,1620.0,1607.0,1608.0,44400,0.0,0.0
2023-03-13 09:00:00+09:00,1589.0,1608.0,1589.0,1602.0,8300,0.0,0.0
2023-03-13 10:00:00+09:00,1597.0,1597.0,1583.0,1589.0,9900,0.0,0.0
2023-03-13 11:00:00+09:00,1587.0,1587.0,1570.0,1570.0,0,0.0,0.0
2023-03-13 12:00:00+09:00,1577.0,1587.0,1572.0,1580.0,23700,0.0,0.0
2023-03-13 13:00:00+09:00,1575.0,1576.0,1565.0,1572.0,4200,0.0,0.0
2023-03-13 14:00:00+09:00,1573.0,1593.0,1562.0,1593.0,8700,0.0,0.0
2023-03-14 09:00:00+09:00,1563.0,1570.0,1540.0,1550.0,5600,0.0,0.0
2023-03-14 10:00:00+09:00,1539.0,1550.0,1536.0,1546.0,5900,0.0,0.0
2023-03-14 11:00:00+09:00,1543.0,1552.0,1540.0,1552.0,0,0.0,0.0
2023-03-14 12:00:00+09:00,1552.0,1558.0,1550.0,1558.0,13800,0.0,0.0
2023-03-14 13:00:00+09:00,1553.0,1553.0,1547.0,1548.0,1200,0.0,0.0
2023-03-14 14:00:00+09:00,1545.0,1545.0,1533.0,1534.0,4200,0.0,0.0
2023-03-15 09:00:00+09:00,1558.0,1575.0,1554.0,1571.0,10900,0.0,0.0
2023-03-15 10:00:00+09:00,1570.0,1583.0,1566.0,1568.0,15300,0.0,0.0
2023-03-15 11:00:00+09:00,1566.0,1577.0,1566.0,1577.0,0,0.0,0.0
2023-03-15 12:00:00+09:00,1579.0,1579.0,1575.0,1578.0,26900,0.0,0.0
2023-03-15 13:00:00+09:00,1575.0,1575.0,1572.0,1575.0,800,0.0,0.0
2023-03-15 14:00:00+09:00,1572.0,1572.0,1560.0,1568.0,3200,0.0,0.0
2023-03-16 09:00:00+09:00,1558.0,1567.0,1543.0,1564.0,8000,0.0,0.0
2023-03-16 10:00:00+09:00,1564.0,1567.0,1553.0,1555.0,5400,0.0,0.0
2023-03-16 11:00:00+09:00,1556.0,1558.0,1554.0,1554.0,0,0.0,0.0
2023-03-16 12:00:00+09:00,1560.0,1560.0,1550.0,1553.0,14600,0.0,0.0
2023-03-16 13:00:00+09:00,1553.0,1553.0,1546.0,1551.0,1200,0.0,0.0
2023-03-16 14:00:00+09:00,1552.0,1554.0,1549.0,1553.0,1300,0.0,0.0
2023-03-17 09:00:00+09:00,1565.0,1576.0,1556.0,1559.0,3800,0.0,0.0
2023-03-17 10:00:00+09:00,1553.0,1553.0,1546.0,1553.0,1100,0.0,0.0
2023-03-17 11:00:00+09:00,1549.0,1555.0,1549.0,1555.0,0,0.0,0.0
2023-03-17 12:00:00+09:00,1555.0,1555.0,1552.0,1554.0,5400,0.0,0.0
2023-03-17 13:00:00+09:00,1555.0,1561.0,1555.0,1560.0,800,0.0,0.0
2023-03-17 14:00:00+09:00,1558.0,1561.0,1551.0,1556.0,4800,0.0,0.0
2023-03-20 09:00:00+09:00,1554.0,1554.0,1524.0,1524.0,4500,0.0,0.0
2023-03-20 10:00:00+09:00,1523.0,1523.0,1506.0,1507.0,2000,0.0,0.0
2023-03-20 11:00:00+09:00,1502.0,1502.0,1492.0,1492.0,0,0.0,0.0
2023-03-20 12:00:00+09:00,1494.0,1498.0,1480.0,1480.0,15100,0.0,0.0
2023-03-20 13:00:00+09:00,1480.0,1488.0,1466.0,1479.0,4900,0.0,0.0
2023-03-20 14:00:00+09:00,1479.0,1483.0,1466.0,1473.0,9600,0.0,0.0
2023-03-22 09:00:00+09:00,1499.0,1512.0,1495.0,1509.0,4100,0.0,0.0
2023-03-22 10:00:00+09:00,1511.0,1511.0,1503.0,1505.0,1600,0.0,0.0
2023-03-22 11:00:00+09:00,1503.0,1503.0,1496.0,1497.0,0,0.0,0.0
2023-03-22 12:00:00+09:00,1499.0,1499.0,1490.0,1496.0,8200,0.0,0.0
2023-03-22 13:00:00+09:00,1490.0,1494.0,1489.0,1490.0,1000,0.0,0.0
2023-03-22 14:00:00+09:00,1494.0,1494.0,1482.0,1482.0,2300,0.0,0.0
2023-03-23 09:00:00+09:00,1480.0,1494.0,1462.0,1463.0,0,0.0,0.0
2023-03-23 10:00:00+09:00,1465.0,1477.0,1460.0,1477.0,12100,0.0,0.0
2023-03-23 11:00:00+09:00,1475.0,1483.0,1470.0,1478.0,0,0.0,0.0
2023-03-23 12:00:00+09:00,1483.0,1488.0,1478.0,1488.0,14900,0.0,0.0
2023-03-23 13:00:00+09:00,1483.0,1483.0,1483.0,1483.0,200,0.0,0.0
2023-03-23 14:00:00+09:00,1481.0,1492.0,1480.0,1483.0,5700,0.0,0.0
2023-03-24 09:00:00+09:00,1483.0,1492.0,1478.0,1484.0,3700,0.0,0.0
2023-03-24 10:00:00+09:00,1484.0,1490.0,1478.0,1490.0,1300,0.0,0.0
2023-03-24 11:00:00+09:00,1491.0,1496.0,1487.0,1489.0,0,0.0,0.0
2023-03-24 12:00:00+09:00,1493.0,1495.0,1489.0,1489.0,7900,0.0,0.0
2023-03-24 13:00:00+09:00,1495.0,1495.0,1494.0,1495.0,400,0.0,0.0
2023-03-24 14:00:00+09:00,1494.0,1494.0,1485.0,1488.0,2000,0.0,0.0
2023-03-27 09:00:00+09:00,1479.0,1486.0,1470.0,1470.0,4100,0.0,0.0
2023-03-27 10:00:00+09:00,1473.0,1479.0,1473.0,1475.0,800,0.0,0.0
2023-03-27 11:00:00+09:00,1472.0,1474.0,1468.0,1474.0,0,0.0,0.0
2023-03-27 12:00:00+09:00,1474.0,1493.0,1474.0,1493.0,10700,0.0,0.0
2023-03-27 13:00:00+09:00,1489.0,1489.0,1488.0,1488.0,300,0.0,0.0
2023-03-27 14:00:00+09:00,1487.0,1487.0,1474.0,1477.0,1500,0.0,0.0
2023-03-28 09:00:00+09:00,1493.0,1493.0,1478.0,1481.0,5400,0.0,0.0
2023-03-28 10:00:00+09:00,1477.0,1479.0,1473.0,1477.0,2100,0.0,0.0
2023-03-28 11:00:00+09:00,1478.0,1478.0,1473.0,1473.0,0,0.0,0.0
2023-03-28 12:00:00+09:00,1475.0,1475.0,1465.0,1469.0,14400,0.0,0.0
2023-03-28 13:00:00+09:00,1469.0,1472.0,1467.0,1472.0,600,0.0,0.0
2023-03-28 14:00:00+09:00,1472.0,1484.0,1467.0,1484.0,3500,0.0,0.0
2023-03-29 09:00:00+09:00,1479.0,1492.0,1469.0,1488.0,5600,0.0,0.0
2023-03-29 10:00:00+09:00,1490.0,1491.0,1486.0,1491.0,900,0.0,0.0
2023-03-29 11:00:00+09:00,1488.0,1489.0,1485.0,1485.0,0,0.0,0.0
2023-03-29 12:00:00+09:00,1489.0,1490.0,1485.0,1488.0,8600,0.0,0.0
2023-03-29 13:00:00+09:00,1484.0,1487.0,1483.0,1486.0,1800,0.0,0.0
2023-03-29 14:00:00+09:00,1489.0,1503.0,1487.0,1500.0,9800,0.0,0.0
2023-03-30 09:00:00+09:00,1447.0,1473.0,1433.0,1457.0,0,0.0,0.0
2023-03-30 10:00:00+09:00,1453.0,1464.0,1452.0,1463.0,15600,0.0,0.0
2023-03-30 11:00:00+09:00,1464.0,1464.0,1459.0,1459.0,0,0.0,0.0
2023-03-30 12:00:00+09:00,1468.0,1469.0,1458.0,1465.0,21900,0.0,0.0
2023-03-30 13:00:00+09:00,1467.0,1476.0,1467.0,1475.0,2600,0.0,0.0
2023-03-30 14:00:00+09:00,1475.0,1478.0,1456.0,1460.0,6900,0.0,0.0
2023-03-31 09:00:00+09:00,1472.0,1479.0,1450.0,1460.0,6900,0.0,0.0
2023-03-31 10:00:00+09:00,1460.0,1460.0,1455.0,1459.0,1100,0.0,0.0
2023-03-31 11:00:00+09:00,1463.0,1463.0,1455.0,1457.0,0,0.0,0.0
2023-03-31 12:00:00+09:00,1463.0,1464.0,1461.0,1464.0,9300,0.0,0.0
2023-03-31 13:00:00+09:00,1464.0,1464.0,1462.0,1462.0,500,0.0,0.0
2023-03-31 14:00:00+09:00,1460.0,1465.0,1457.0,1465.0,2500,0.0,0.0
2023-04-03 09:00:00+09:00,1450.0,1491.0,1450.0,1486.0,10100,0.0,0.0
2023-04-03 10:00:00+09:00,1478.0,1497.0,1478.0,1491.0,10400,0.0,0.0
2023-04-03 11:00:00+09:00,1489.0,1489.0,1485.0,1485.0,0,0.0,0.0
2023-04-03 12:00:00+09:00,1487.0,1487.0,1480.0,1482.0,22600,0.0,0.0
2023-04-03 13:00:00+09:00,1478.0,1484.0,1476.0,1484.0,1200,0.0,0.0
2023-04-03 14:00:00+09:00,1478.0,1481.0,1476.0,1479.0,3700,0.0,0.0
2023-04-04 09:00:00+09:00,1480.0,1487.0,1465.0,1487.0,0,0.0,0.0
2023-04-04 10:00:00+09:00,1487.0,1488.0,1478.0,1478.0,11700,0.0,0.0
2023-04-04 11:00:00+09:00,1480.0,1480.0,1480.0,1480.0,0,0.0,0.0
2023-04-04 12:00:00+09:00,1470.0,1476.0,1470.0,1476.0,13000,0.0,0.0
2023-04-04 13:00:00+09:00,1479.0,1480.0,1476.0,1476.0,800,0.0,0.0
2023-04-04 14:00:00+09:00,1476.0,1476.0,1467.0,1467.0,2300,0.0,0.0
2023-04-05 09:00:00+09:00,1470.0,1476.0,1457.0,1462.0,2900,0.0,0.0
2023-04-05 10:00:00+09:00,1456.0,1456.0,1451.0,1456.0,2400,0.0,0.0
2023-04-05 11:00:00+09:00,1456.0,1457.0,1456.0,1457.0,0,0.0,0.0
2023-04-05 12:00:00+09:00,1468.0,1468.0,1456.0,1461.0,6000,0.0,0.0
2023-04-05 13:00:00+09:00,1456.0,1456.0,1444.0,1445.0,4500,0.0,0.0
2023-04-05 14:00:00+09:00,1447.0,1447.0,1443.0,1446.0,2200,0.0,0.0
2023-04-06 09:00:00+09:00,1431.0,1443.0,1420.0,1440.0,4100,0.0,0.0
2023-04-06 10:00:00+09:00,1432.0,1436.0,1432.0,1436.0,700,0.0,0.0
2023-04-06 11:00:00+09:00,1432.0,1433.0,1431.0,1433.0,0,0.0,0.0
2023-04-06 12:00:00+09:00,1434.0,1434.0,1431.0,1433.0,6100,0.0,0.0
2023-04-06 13:00:00+09:00,1431.0,1438.0,1431.0,1438.0,600,0.0,0.0
2023-04-06 14:00:00+09:00,1433.0,1447.0,1427.0,1447.0,2100,0.0,0.0
2023-04-07 09:00:00+09:00,1446.0,1449.0,1433.0,1445.0,1700,0.0,0.0
2023-04-07 10:00:00+09:00,1433.0,1442.0,1433.0,1442.0,600,0.0,0.0
2023-04-07 11:00:00+09:00,1435.0,1435.0,1435.0,1435.0,0,0.0,0.0
2023-04-07 12:00:00+09:00,1433.0,1438.0,1430.0,1430.0,4400,0.0,0.0
2023-04-07 13:00:00+09:00,1428.0,1435.0,1428.0,1430.0,1000,0.0,0.0
2023-04-07 14:00:00+09:00,1430.0,1435.0,1430.0,1435.0,700,0.0,0.0
2023-04-10 09:00:00+09:00,1440.0,1452.0,1439.0,1439.0,1600,0.0,0.0
2023-04-10 10:00:00+09:00,1441.0,1450.0,1441.0,1447.0,2000,0.0,0.0
2023-04-10 11:00:00+09:00,1447.0,1447.0,1447.0,1447.0,0,0.0,0.0
2023-04-10 12:00:00+09:00,1448.0,1448.0,1448.0,1448.0,3700,0.0,0.0
2023-04-10 13:00:00+09:00,1446.0,1449.0,1445.0,1449.0,700,0.0,0.0
2023-04-10 14:00:00+09:00,1444.0,1448.0,1441.0,1448.0,1400,0.0,0.0
2023-04-11 09:00:00+09:00,1456.0,1459.0,1451.0,1452.0,3400,0.0,0.0
2023-04-11 10:00:00+09:00,1448.0,1452.0,1446.0,1452.0,500,0.0,0.0
2023-04-11 11:00:00+09:00,1454.0,1455.0,1451.0,1451.0,0,0.0,0.0
2023-04-11 12:00:00+09:00,1452.0,1453.0,1448.0,1453.0,4700,0.0,0.0
2023-04-11 13:00:00+09:00,1449.0,1449.0,1446.0,1449.0,1100,0.0,0.0
2023-04-11 14:00:00+09:00,1446.0,1448.0,1443.0,1448.0,800,0.0,0.0
2023-04-12 09:00:00+09:00,1443.0,1457.0,1442.0,1446.0,0,0.0,0.0
2023-04-12 10:00:00+09:00,1448.0,1452.0,1443.0,1449.0,4200,0.0,0.0
2023-04-12 11:00:00+09:00,1450.0,1456.0,1447.0,1456.0,0,0.0,0.0
2023-04-12 12:00:00+09:00,1457.0,1467.0,1457.0,1465.0,7800,0.0,0.0
2023-04-12 13:00:00+09:00,1465.0,1475.0,1465.0,1475.0,5600,0.0,0.0
2023-04-12 14:00:00+09:00,1470.0,1471.0,1468.0,1469.0,1800,0.0,0.0
2023-04-13 09:00:00+09:00,1470.0,1497.0,1470.0,1476.0,7300,0.0,0.0
2023-04-13 10:00:00+09:00,1483.0,1486.0,1469.0,1479.0,2800,0.0,0.0
2023-04-13 11:00:00+09:00,1475.0,1475.0,1475.0,1475.0,0,0.0,0.0
2023-04-13 12:00:00+09:00,1479.0,1479.0,1448.0,1464.0,13100,0.0,0.0
2023-04-13 13:00:00+09:00,1469.0,1469.0,1469.0,1469.0,100,0.0,0.0
2023-04-13 14:00:00+09:00,1470.0,1476.0,1462.0,1476.0,3600,0.0,0.0
2023-04-14 09:00:00+09:00,1482.0,1487.0,1480.0,1487.0,2000,0.0,0.0
2023-04-14 10:00:00+09:00,1483.0,1483.0,1479.0,1479.0,500,0.0,0.0
2023-04-14 11:00:00+09:00,1476.0,1476.0,1476.0,1476.0,0,0.0,0.0
2023-04-14 12:00:00+09:00,1476.0,1478.0,1474.0,1478.0,3200,0.0,0.0
2023-04-14 13:00:00+09:00,1477.0,1478.0,1467.0,1474.0,3100,0.0,0.0
2023-04-14 14:00:00+09:00,1473.0,1480.0,1471.0,1480.0,1800,0.0,0.0
2023-04-17 09:00:00+09:00,1483.0,1495.0,1482.0,1489.0,2800,0.0,0.0
2023-04-17 10:00:00+09:00,1490.0,1493.0,1484.0,1484.0,1500,0.0,0.0
2023-04-17 11:00:00+09:00,1484.0,1484.0,1484.0,1484.0,0,0.0,0.0
2023-04-17 12:00:00+09:00,1484.0,1487.0,1483.0,1487.0,5400,0.0,0.0
2023-04-17 13:00:00+09:00,1485.0,1485.0,1483.0,1483.0,600,0.0,0.0
2023-04-17 14:00:00+09:00,1483.0,1488.0,1483.0,1486.0,0,0.0,0.0
2023-04-18 09:00:00+09:00,1486.0,1496.0,1482.0,1492.0,9000,0.0,0.0
2023-04-18 10:00:00+09:00,1491.0,1494.0,1490.0,1494.0,600,0.0,0.0
2023-04-18 11:00:00+09:00,1494.0,1494.0,1494.0,1494.0,0,0.0,0.0
2023-04-18 12:00:00+09:00,1494.0,1494.0,1492.0,1492.0,9900,0.0,0.0
2023-04-18 13:00:00+09:00,1492.0,1492.0,1487.0,1491.0,1600,0.0,0.0
2023-04-18 14:00:00+09:00,1485.0,1492.0,1485.0,1492.0,1400,0.0,0.0
2023-04-19 09:00:00+09:00,1493.0,1495.0,1480.0,1483.0,2200,0.0,0.0
2023-04-19 10:00:00+09:00,1481.0,1485.0,1480.0,1480.0,900,0.0,0.0
2023-04-19 11:00:00+09:00,1479.0,1482.0,1479.0,1482.0,0,0.0,0.0
2023-04-19 12:00:00+09:00,1476.0,1484.0,1476.0,1484.0,4100,0.0,0.0
2023-04-19 13:00:00+09:00,1482.0,1482.0,1482.0,1482.0,100,0.0,0.0
2023-04-19 14:00:00+09:00,1479.0,1479.0,1474.0,1479.0,1600,0.0,0.0
2023-04-20 09:00:00+09:00,1487.0,1487.0,1454.0,1472.0,4000,0.0,0.0
2023-04-20 10:00:00+09:00,1476.0,1476.0,1472.0,1475.0,1000,0.0,0.0
2023-04-20 11:00:00+09:00,1478.0,1479.0,1478.0,1479.0,0,0.0,0.0
2023-04-20 12:00:00+09:00,1479.0,1484.0,1479.0,1484.0,5900,0.0,0.0
2023-04-20 13:00:00+09:00,1484.0,1484.0,1484.0,1484.0,100,0.0,0.0
2023-04-20 14:00:00+09:00,1484.0,1485.0,1482.0,1483.0,1300,0.0,0.0
2023-04-21 09:00:00+09:00,1473.0,1490.0,1469.0,1487.0,0,0.0,0.0
2023-04-21 10:00:00+09:00,1486.0,1487.0,1480.0,1485.0,5100,0.0,0.0
2023-04-21 11:00:00+09:00,1485.0,1485.0,1485.0,1485.0,0,0.0,0.0
2023-04-21 12:00:00+09:00,1485.0,1486.0,1484.0,1486.0,5700,0.0,0.0
2023-04-21 13:00:00+09:00,1483.0,1483.0,1483.0,1483.0,200,0.0,0.0
2023-04-21 14:00:00+09:00,1483.0,1484.0,1483.0,1484.0,300,0.0,0.0
2023-04-24 09:00:00+09:00,1481.0,1488.0,1467.0,1488.0,2800,0.0,0.0
2023-04-24 10:00:00+09:00,1487.0,1488.0,1483.0,1483.0,500,0.0,0.0
2023-04-24 11:00:00+09:00,1483.0,1483.0,1483.0,1483.0,0,0.0,0.0
2023-04-24 12:00:00+09:00,1468.0,1484.0,1468.0,1484.0,4000,0.0,0.0
2023-04-24 13:00:00+09:00,1472.0,1472.0,1472.0,1472.0,100,0.0,0.0
2023-04-24 14:00:00+09:00,1472.0,1472.0,1464.0,1470.0,0,0.0,0.0
2023-04-25 09:00:00+09:00,1481.0,1481.0,1468.0,1478.0,600,0.0,0.0
2023-04-25 10:00:00+09:00,1476.0,1476.0,1476.0,1476.0,100,0.0,0.0
2023-04-25 11:00:00+09:00,1473.0,1473.0,1473.0,1473.0,0,0.0,0.0
2023-04-25 12:00:00+09:00,1471.0,1473.0,1471.0,1473.0,1000,0.0,0.0
2023-04-25 13:00:00+09:00,1466.0,1470.0,1459.0,1468.0,1200,0.0,0.0
2023-04-25 14:00:00+09:00,1467.0,1468.0,1458.0,1467.0,2300,0.0,0.0
2023-04-26 09:00:00+09:00,1470.0,1470.0,1465.0,1465.0,400,0.0,0.0
2023-04-26 10:00:00+09:00,1458.0,1470.0,1458.0,1469.0,500,0.0,0.0
2023-04-26 11:00:00+09:00,1470.0,1470.0,1461.0,1467.0,0,0.0,0.0
2023-04-26 12:00:00+09:00,1468.0,1468.0,1456.0,1456.0,2500,0.0,0.0
2023-04-26 13:00:00+09:00,1456.0,1460.0,1452.0,1458.0,2300,0.0,0.0
2023-04-26 14:00:00+09:00,1464.0,1466.0,1459.0,1459.0,900,0.0,0.0
2023-04-27 09:00:00+09:00,1458.0,1464.0,1456.0,1464.0,1900,0.0,0.0
2023-04-27 10:00:00+09:00,1460.0,1460.0,1435.0,1439.0,0,0.0,0.0
2023-04-27 11:00:00+09:00,1442.0,1442.0,1438.0,1438.0,0,0.0,0.0
2023-04-27 12:00:00+09:00,1457.0,1457.0,1441.0,1457.0,6000,0.0,0.0
2023-04-27 14:00:00+09:00,1444.0,1444.0,1443.0,1443.0,300,0.0,0.0
2023-04-28 09:00:00+09:00,1458.0,1460.0,1436.0,1446.0,4100,0.0,0.0
2023-04-28 10:00:00+09:00,1444.0,1449.0,1435.0,1449.0,2500,0.0,0.0
2023-04-28 11:00:00+09:00,1449.0,1449.0,1449.0,1449.0,0,0.0,0.0
2023-04-28 12:00:00+09:00,1449.0,1450.0,1435.0,1435.0,10100,0.0,0.0
2023-04-28 13:00:00+09:00,1443.0,1443.0,1443.0,1443.0,300,0.0,0.0
2023-04-28 14:00:00+09:00,1436.0,1442.0,1436.0,1440.0,2600,0.0,0.0
2023-05-01 09:00:00+09:00,1451.0,1451.0,1415.0,1416.0,10400,0.0,0.0
2023-05-01 10:00:00+09:00,1416.0,1430.0,1416.0,1421.0,2300,0.0,0.0
2023-05-01 11:00:00+09:00,1419.0,1419.0,1417.0,1417.0,0,0.0,0.0
2023-05-01 12:00:00+09:00,1417.0,1429.0,1417.0,1425.0,15400,0.0,0.0
2023-05-01 13:00:00+09:00,1422.0,1423.0,1418.0,1418.0,1300,0.0,0.0
2023-05-01 14:00:00+09:00,1419.0,1424.0,1418.0,1423.0,1500,0.0,0.0
2023-05-02 09:00:00+09:00,1415.0,1426.0,1400.0,1400.0,12100,0.0,0.0
2023-05-02 10:00:00+09:00,1398.0,1404.0,1398.0,1404.0,700,0.0,0.0
2023-05-02 11:00:00+09:00,1408.0,1409.0,1404.0,1404.0,0,0.0,0.0
2023-05-02 12:00:00+09:00,1417.0,1417.0,1410.0,1414.0,14800,0.0,0.0
2023-05-02 13:00:00+09:00,1415.0,1423.0,1415.0,1419.0,1100,0.0,0.0
2023-05-02 14:00:00+09:00,1418.0,1425.0,1413.0,1425.0,2400,0.0,0.0
2023-05-08 09:00:00+09:00,1420.0,1456.0,1415.0,1437.0,37100,0.0,0.0
2023-05-08 10:00:00+09:00,1436.0,1456.0,1435.0,1453.0,4100,0.0,0.0
2023-05-08 11:00:00+09:00,1453.0,1453.0,1442.0,1451.0,0,0.0,0.0
2023-05-08 12:00:00+09:00,1441.0,1455.0,1439.0,1439.0,50300,0.0,0.0
2023-05-08 13:00:00+09:00,1445.0,1449.0,1445.0,1449.0,400,0.0,0.0
2023-05-08 14:00:00+09:00,1449.0,1469.0,1449.0,1462.0,9300,0.0,0.0
2023-05-09 09:00:00+09:00,1474.0,1475.0,1450.0,1463.0,6000,0.0,0.0
2023-05-09 10:00:00+09:00,1459.0,1464.0,1459.0,1459.0,1800,0.0,0.0
2023-05-09 11:00:00+09:00,1461.0,1467.0,1459.0,1467.0,0,0.0,0.0
2023-05-09 12:00:00+09:00,1463.0,1466.0,1443.0,1460.0,11500,0.0,0.0
2023-05-09 13:00:00+09:00,1452.0,1463.0,1452.0,1453.0,700,0.0,0.0
2023-05-09 14:00:00+09:00,1454.0,1459.0,1452.0,1455.0,6900,0.0,0.0
2023-05-10 09:00:00+09:00,1446.0,1463.0,1446.0,1450.0,0,0.0,0.0
2023-05-10 10:00:00+09:00,1453.0,1454.0,1445.0,1448.0,8000,0.0,0.0
2023-05-10 11:00:00+09:00,1448.0,1448.0,1442.0,1442.0,0,0.0,0.0
2023-05-10 12:00:00+09:00,1459.0,1459.0,1443.0,1443.0,10000,0.0,0.0
2023-05-10 13:00:00+09:00,1443.0,1448.0,1439.0,1445.0,900,0.0,0.0
2023-05-10 14:00:00+09:00,1445.0,1445.0,1434.0,1434.0,1700,0.0,0.0
2023-05-11 09:00:00+09:00,1435.0,1441.0,1420.0,1423.0,3300,0.0,0.0
2023-05-11 10:00:00+09:00,1421.0,1421.0,1419.0,1419.0,700,0.0,0.0
2023-05-11 11:00:00+09:00,1421.0,1421.0,1421.0,1421.0,0,0.0,0.0
2023-05-11 12:00:00+09:00,1425.0,1427.0,1421.0,1422.0,5100,0.0,0.0
2023-05-11 13:00:00+09:00,1423.0,1423.0,1420.0,1421.0,500,0.0,0.0
2023-05-11 14:00:00+09:00,1421.0,1422.0,1417.0,1422.0,2100,0.0,0.0
2023-05-12 09:00:00+09:00,1445.0,1445.0,1419.0,1421.0,2400,0.0,0.0
2023-05-12 10:00:00+09:00,1420.0,1425.0,1417.0,1417.0,2500,0.0,0.0
2023-05-12 11:00:00+09:00,1419.0,1419.0,1417.0,1418.0,0,0.0,0.0
2023-05-12 12:00:00+09:00,1422.0,1425.0,1409.0,1409.0,10600,0.0,0.0
2023-05-12 13:00:00+09:00,1409.0,1409.0,1400.0,1400.0,3600,0.0,0.0
2023-05-12 14:00:00+09:00,1400.0,1403.0,1394.0,1400.0,6500,0.0,0.0
2023-05-15 09:00:00+09:00,1380.0,1381.0,1335.0,1337.0,0,0.0,0.0
2023-05-15 10:00:00+09:00,1332.0,1332.0,1281.0,1293.0,17800,0.0,0.0
2023-05-15 11:00:00+09:00,1293.0,1294.0,1280.0,1285.0,0,0.0,0.0
2023-05-15 12:00:00+09:00,1290.0,1308.0,1290.0,1308.0,42100,0.0,0.0
2023-05-15 13:00:00+09:00,1310.0,1313.0,1294.0,1295.0,7900,0.0,0.0
2023-05-15 14:00:00+09:00,1297.0,1310.0,1297.0,1310.0,7200,0.0,0.0
2023-05-16 09:00:00+09:00,1405.0,1405.0,1361.0,1374.0,15600,0.0,0.0
2023-05-16 10:00:00+09:00,1371.0,1396.0,1371.0,1386.0,8300,0.0,0.0
2023-05-16 11:00:00+09:00,1387.0,1397.0,1370.0,1381.0,0,0.0,0.0
2023-05-16 12:00:00+09:00,1385.0,1387.0,1379.0,1387.0,31100,0.0,0.0
2023-05-16 13:00:00+09:00,1376.0,1384.0,1371.0,1375.0,3400,0.0,0.0
2023-05-16 14:00:00+09:00,1375.0,1379.0,1372.0,1379.0,1900,0.0,0.0
2023-05-17 09:00:00+09:00,1380.0,1387.0,1371.0,1382.0,12300,0.0,0.0
2023-05-17 10:00:00+09:00,1380.0,1380.0,1378.0,1379.0,300,0.0,0.0
2023-05-17 11:00:00+09:00,1379.0,1379.0,1379.0,1379.0,0,0.0,0.0
2023-05-17 12:00:00+09:00,1372.0,1378.0,1372.0,1373.0,14400,0.0,0.0
2023-05-17 13:00:00+09:00,1372.0,1377.0,1372.0,1373.0,900,0.0,0.0
2023-05-17 14:00:00+09:00,1377.0,1381.0,1377.0,1379.0,4500,0.0,0.0
2023-05-18 09:00:00+09:00,1375.0,1382.0,1358.0,1372.0,6900,0.0,0.0
2023-05-18 10:00:00+09:00,1368.0,1370.0,1365.0,1368.0,3300,0.0,0.0
2023-05-18 11:00:00+09:00,1372.0,1372.0,1372.0,1372.0,0,0.0,0.0
2023-05-18 12:00:00+09:00,1373.0,1374.0,1373.0,1373.0,11800,0.0,0.0
2023-05-18 13:00:00+09:00,1376.0,1378.0,1376.0,1378.0,400,0.0,0.0
2023-05-18 14:00:00+09:00,1374.0,1374.0,1373.0,1373.0,300,0.0,0.0
2023-05-19 09:00:00+09:00,1377.0,1384.0,1368.0,1369.0,3800,0.0,0.0
2023-05-19 10:00:00+09:00,1371.0,1380.0,1371.0,1380.0,1600,0.0,0.0
2023-05-19 11:00:00+09:00,1380.0,1380.0,1380.0,1380.0,0,0.0,0.0
2023-05-19 12:00:00+09:00,1384.0,1387.0,1383.0,1387.0,6900,0.0,0.0
2023-05-19 13:00:00+09:00,1384.0,1384.0,1382.0,1382.0,600,0.0,0.0
2023-05-19 14:00:00+09:00,1382.0,1384.0,1378.0,1379.0,1600,0.0,0.0
2023-05-22 09:00:00+09:00,1397.0,1408.0,1389.0,1408.0,0,0.0,0.0
2023-05-22 10:00:00+09:00,1407.0,1407.0,1401.0,1401.0,700,0.0,0.0
2023-05-22 11:00:00+09:00,1402.0,1406.0,1401.0,1401.0,0,0.0,0.0
2023-05-22 12:00:00+09:00,1400.0,1400.0,1394.0,1397.0,5300,0.0,0.0
2023-05-22 13:00:00+09:00,1399.0,1401.0,1398.0,1401.0,1500,0.0,0.0
2023-05-22 14:00:00+09:00,1402.0,1403.0,1401.0,1401.0,1100,0.0,0.0
2023-05-23 09:00:00+09:00,1408.0,1423.0,1407.0,1422.0,0,0.0,0.0
2023-05-23 10:00:00+09:00,1423.0,1435.0,1420.0,1435.0,12000,0.0,0.0
2023-05-23 11:00:00+09:00,1434.0,1438.0,1433.0,1438.0,0,0.0,0.0
2023-05-23 12:00:00+09:00,1437.0,1438.0,1421.0,1430.0,19000,0.0,0.0
2023-05-23 13:00:00+09:00,1429.0,1429.0,1420.0,1420.0,1700,0.0,0.0
2023-05-23 14:00:00+09:00,1425.0,1425.0,1420.0,1423.0,4000,0.0,0.0
2023-05-24 09:00:00+09:00,1429.0,1429.0,1419.0,1429.0,2900,0.0,0.0
2023-05-24 10:00:00+09:00,1427.0,1430.0,1425.0,1425.0,2000,0.0,0.0
2023-05-24 11:00:00+09:00,1423.0,1423.0,1423.0,1423.0,0,0.0,0.0
2023-05-24 12:00:00+09:00,1423.0,1430.0,1423.0,1429.0,6100,0.0,0.0
2023-05-24 13:00:00+09:00,1425.0,1431.0,1425.0,1431.0,3700,0.0,0.0
2023-05-24 14:00:00+09:00,1432.0,1440.0,1431.0,1435.0,4800,0.0,0.0
2023-05-25 09:00:00+09:00,1435.0,1437.0,1430.0,1437.0,2100,0.0,0.0
2023-05-25 10:00:00+09:00,1432.0,1432.0,1427.0,1427.0,1000,0.0,0.0
2023-05-25 11:00:00+09:00,1424.0,1427.0,1424.0,1427.0,0,0.0,0.0
2023-05-25 12:00:00+09:00,1425.0,1429.0,1425.0,1429.0,4300,0.0,0.0
2023-05-25 13:00:00+09:00,1427.0,1428.0,1423.0,1423.0,1200,0.0,0.0
2023-05-25 14:00:00+09:00,1425.0,1428.0,1425.0,1427.0,400,0.0,0.0
2023-05-26 09:00:00+09:00,1425.0,1443.0,1423.0,1434.0,2700,0.0,0.0
2023-05-26 10:00:00+09:00,1430.0,1434.0,1430.0,1434.0,200,0.0,0.0
2023-05-26 11:00:00+09:00,1435.0,1435.0,1435.0,1435.0,0,0.0,0.0
2023-05-26 12:00:00+09:00,1436.0,1436.0,1427.0,1427.0,3500,0.0,0.0
2023-05-26 13:00:00+09:00,1427.0,1427.0,1425.0,1425.0,600,0.0,0.0
2023-05-26 14:00:00+09:00,1430.0,1430.0,1422.0,1424.0,2100,0.0,0.0
2023-05-29 09:00:00+09:00,1444.0,1444.0,1433.0,1442.0,0,0.0,0.0
2023-05-29 10:00:00+09:00,1441.0,1457.0,1441.0,1450.0,6400,0.0,0.0
2023-05-29 11:00:00+09:00,1449.0,1449.0,1444.0,1444.0,0,0.0,0.0
2023-05-29 12:00:00+09:00,1438.0,1438.0,1432.0,1432.0,9600,0.0,0.0
2023-05-29 13:00:00+09:00,1432.0,1435.0,1426.0,1433.0,900,0.0,0.0
2023-05-29 14:00:00+09:00,1438.0,1441.0,1427.0,1427.0,1900,0.0,0.0
2023-05-30 09:00:00+09:00,1440.0,1444.0,1425.0,1425.0,2800,0.0,0.0
2023-05-30 10:00:00+09:00,1427.0,1427.0,1426.0,1426.0,300,0.0,0.0
2023-05-30 11:00:00+09:00,1424.0,1427.0,1424.0,1427.0,0,0.0,0.0
2023-05-30 12:00:00+09:00,1427.0,1430.0,1427.0,1430.0,5100,0.0,0.0
2023-05-30 13:00:00+09:00,1435.0,1444.0,1435.0,1442.0,3100,0.0,0.0
2023-05-30 14:00:00+09:00,1437.0,1447.0,1430.0,1447.0,1600,0.0,0.0
2023-05-31 09:00:00+09:00,1432.0,1434.0,1414.0,1419.0,4800,0.0,0.0
2023-05-31 10:00:00+09:00,1421.0,1436.0,1421.0,1435.0,1400,0.0,0.0
2023-05-31 11:00:00+09:00,1435.0,1435.0,1426.0,1426.0,0,0.0,0.0
2023-05-31 12:00:00+09:00,1421.0,1423.0,1421.0,1423.0,7300,0.0,0.0
2023-05-31 13:00:00+09:00,1423.0,1424.0,1421.0,1424.0,400,0.0,0.0
2023-05-31 14:00:00+09:00,1422.0,1426.0,1422.0,1426.0,600,0.0,0.0
2023-06-01 09:00:00+09:00,1414.0,1440.0,1414.0,1432.0,2900,0.0,0.0
2023-06-01 10:00:00+09:00,1433.0,1433.0,1427.0,1428.0,1000,0.0,0.0
2023-06-01 11:00:00+09:00,1426.0,1426.0,1424.0,1424.0,0,0.0,0.0
2023-06-01 12:00:00+09:00,1423.0,1432.0,1423.0,1430.0,5400,0.0,0.0
2023-06-01 14:00:00+09:00,1428.0,1430.0,1428.0,1430.0,0,0.0,0.0
2023-06-02 09:00:00+09:00,1441.0,1441.0,1431.0,1431.0,400,0.0,0.0
2023-06-02 10:00:00+09:00,1439.0,1439.0,1439.0,1439.0,200,0.0,0.0
2023-06-02 11:00:00+09:00,1436.0,1436.0,1436.0,1436.0,0,0.0,0.0
2023-06-02 12:00:00+09:00,1433.0,1435.0,1431.0,1431.0,1300,0.0,0.0
2023-06-02 13:00:00+09:00,1435.0,1436.0,1435.0,1435.0,400,0.0,0.0
2023-06-02 14:00:00+09:00,1438.0,1440.0,1437.0,1439.0,1900,0.0,0.0
2023-06-05 09:00:00+09:00,1448.0,1453.0,1439.0,1450.0,0,0.0,0.0
2023-06-05 10:00:00+09:00,1448.0,1453.0,1445.0,1453.0,2500,0.0,0.0
2023-06-05 11:00:00+09:00,1454.0,1458.0,1454.0,1454.0,0,0.0,0.0
2023-06-05 12:00:00+09:00,1454.0,1454.0,1450.0,1450.0,5900,0.0,0.0
2023-06-05 13:00:00+09:00,1450.0,1450.0,1446.0,1450.0,3100,0.0,0.0
2023-06-05 14:00:00+09:00,1450.0,1450.0,1445.0,1450.0,800,0.0,0.0
2023-06-06 09:00:00+09:00,1456.0,1456.0,1441.0,1450.0,1400,0.0,0.0
2023-06-06 10:00:00+09:00,1449.0,1460.0,1449.0,1450.0,3200,0.0,0.0
2023-06-06 11:00:00+09:00,1458.0,1458.0,1446.0,1446.0,0,0.0,0.0
2023-06-06 12:00:00+09:00,1458.0,1458.0,1443.0,1443.0,7400,0.0,0.0
2023-06-06 13:00:00+09:00,1454.0,1461.0,1454.0,1460.0,3800,0.0,0.0
2023-06-06 14:00:00+09:00,1458.0,1471.0,1458.0,1471.0,3800,0.0,0.0
2023-06-07 09:00:00+09:00,1470.0,1477.0,1463.0,1477.0,6800,0.0,0.0
2023-06-07 10:00:00+09:00,1468.0,1472.0,1457.0,1472.0,1000,0.0,0.0
2023-06-07 11:00:00+09:00,1461.0,1461.0,1454.0,1454.0,0,0.0,0.0
2023-06-07 12:00:00+09:00,1454.0,1460.0,1454.0,1460.0,9400,0.0,0.0
2023-06-07 13:00:00+09:00,1463.0,1467.0,1463.0,1467.0,900,0.0,0.0
2023-06-07 14:00:00+09:00,1464.0,1469.0,1458.0,1460.0,1800,0.0,0.0
2023-06-08 09:00:00+09:00,1467.0,1468.0,1457.0,1468.0,1200,0.0,0.0
2023-06-08 10:00:00+09:00,1463.0,1463.0,1463.0,1463.0,100,0.0,0.0
2023-06-08 11:00:00+09:00,1463.0,1463.0,1463.0,1463.0,0,0.0,0.0
2023-06-08 12:00:00+09:00,1457.0,1460.0,1457.0,1460.0,1600,0.0,0.0
2023-06-08 13:00:00+09:00,1456.0,1465.0,1454.0,1465.0,700,0.0,0.0
2023-06-08 14:00:00+09:00,1465.0,1465.0,1465.0,1465.0,200,0.0,0.0
2023-06-09 09:00:00+09:00,1469.0,1469.0,1467.0,1469.0,1000,0.0,0.0
2023-06-09 10:00:00+09:00,1469.0,1470.0,1469.0,1470.0,300,0.0,0.0
2023-06-09 11:00:00+09:00,1466.0,1475.0,1466.0,1474.0,0,0.0,0.0
2023-06-09 12:00:00+09:00,1474.0,1474.0,1466.0,1467.0,5000,0.0,0.0
2023-06-09 13:00:00+09:00,1467.0,1467.0,1454.0,1454.0,1900,0.0,0.0
2023-06-09 14:00:00+09:00,1453.0,1472.0,1449.0,1472.0,7400,0.0,0.0
2023-06-12 09:00:00+09:00,1475.0,1475.0,1462.0,1470.0,2100,0.0,0.0
2023-06-12 10:00:00+09:00,1469.0,1470.0,1469.0,1470.0,400,0.0,0.0
2023-06-12 11:00:00+09:00,1466.0,1470.0,1465.0,1470.0,0,0.0,0.0
2023-06-12 12:00:00+09:00,1470.0,1470.0,1465.0,1466.0,3900,0.0,0.0
2023-06-12 13:00:00+09:00,1466.0,1466.0,1463.0,1465.0,400,0.0,0.0
2023-06-12 14:00:00+09:00,1462.0,1465.0,1456.0,1465.0,1100,0.0,0.0
2023-06-13 09:00:00+09:00,1465.0,1469.0,1455.0,1455.0,1900,0.0,0.0
2023-06-13 10:00:00+09:00,1454.0,1457.0,1451.0,1451.0,800,0.0,0.0
2023-06-13 11:00:00+09:00,1451.0,1451.0,1451.0,1451.0,0,0.0,0.0
2023-06-13 12:00:00+09:00,1451.0,1455.0,1451.0,1455.0,3500,0.0,0.0
2023-06-13 13:00:00+09:00,1458.0,1458.0,1458.0,1458.0,100,0.0,0.0
2023-06-13 14:00:00+09:00,1458.0,1466.0,1445.0,1466.0,3100,0.0,0.0
2023-06-14 09:00:00+09:00,1470.0,1470.0,1453.0,1464.0,1600,0.0,0.0
2023-06-14 10:00:00+09:00,1464.0,1466.0,1464.0,1466.0,400,0.0,0.0
2023-06-14 11:00:00+09:00,1470.0,1470.0,1467.0,1467.0,0,0.0,0.0
2023-06-14 12:00:00+09:00,1464.0,1468.0,1464.0,1468.0,2800,0.0,0.0
2023-06-14 13:00:00+09:00,1468.0,1468.0,1467.0,1467.0,200,0.0,0.0
2023-06-14 14:00:00+09:00,1464.0,1466.0,1463.0,1466.0,1000,0.0,0.0
2023-06-15 09:00:00+09:00,1460.0,1475.0,1460.0,1475.0,3900,0.0,0.0
2023-06-15 10:00:00+09:00,1473.0,1482.0,1471.0,1481.0,5600,0.0,0.0
2023-06-15 11:00:00+09:00,1476.0,1481.0,1476.0,1479.0,0,0.0,0.0
2023-06-15 12:00:00+09:00,1470.0,1480.0,1470.0,1480.0,12800,0.0,0.0
2023-06-15 13:00:00+09:00,1474.0,1474.0,1474.0,1474.0,100,0.0,0.0
2023-06-15 14:00:00+09:00,1470.0,1470.0,1466.0,1468.0,800,0.0,0.0
2023-06-16 09:00:00+09:00,1474.0,1474.0,1474.0,1474.0,700,0.0,0.0
2023-06-16 10:00:00+09:00,1471.0,1471.0,1471.0,1471.0,100,0.0,0.0
2023-06-16 11:00:00+09:00,1469.0,1473.0,1468.0,1473.0,0,0.0,0.0
2023-06-16 12:00:00+09:00,1474.0,1475.0,1472.0,1475.0,3300,0.0,0.0
2023-06-16 13:00:00+09:00,1473.0,1475.0,1469.0,1475.0,600,0.0,0.0
2023-06-16 14:00:00+09:00,1473.0,1476.0,1471.0,1475.0,1300,0.0,0.0
2023-06-19 09:00:00+09:00,1480.0,1486.0,1470.0,1484.0,10200,0.0,0.0
2023-06-19 10:00:00+09:00,1485.0,1489.0,1483.0,1489.0,1100,0.0,0.0
2023-06-19 11:00:00+09:00,1489.0,1489.0,1489.0,1489.0,0,0.0,0.0
2023-06-19 12:00:00+09:00,1487.0,1487.0,1476.0,1476.0,12500,0.0,0.0
2023-06-19 13:00:00+09:00,1476.0,1479.0,1476.0,1479.0,300,0.0,0.0
2023-06-19 14:00:00+09:00,1479.0,1479.0,1476.0,1477.0,600,0.0,0.0
2023-06-20 09:00:00+09:00,1477.0,1488.0,1472.0,1479.0,0,0.0,0.0
2023-06-20 10:00:00+09:00,1473.0,1476.0,1473.0,1474.0,1900,0.0,0.0
2023-06-20 11:00:00+09:00,1472.0,1472.0,1468.0,1470.0,0,0.0,0.0
2023-06-20 12:00:00+09:00,1470.0,1479.0,1470.0,1476.0,4400,0.0,0.0
2023-06-20 13:00:00+09:00,1478.0,1478.0,1473.0,1476.0,500,0.0,0.0
2023-06-20 14:00:00+09:00,1476.0,1485.0,1476.0,1483.0,1000,0.0,0.0
2023-06-21 09:00:00+09:00,1490.0,1503.0,1486.0,1498.0,13300,0.0,0.0
2023-06-21 10:00:00+09:00,1500.0,1509.0,1500.0,1505.0,5900,0.0,0.0
2023-06-21 11:00:00+09:00,1505.0,1506.0,1505.0,1506.0,0,0.0,0.0
2023-06-21 12:00:00+09:00,1506.0,1510.0,1503.0,1507.0,24500,0.0,0.0
2023-06-21 13:00:00+09:00,1510.0,1515.0,1507.0,1511.0,3800,0.0,0.0
2023-06-21 14:00:00+09:00,1505.0,1510.0,1502.0,1510.0,1800,0.0,0.0
2023-06-22 09:00:00+09:00,1509.0,1514.0,1507.0,1507.0,5700,0.0,0.0
2023-06-22 10:00:00+09:00,1507.0,1512.0,1507.0,1512.0,800,0.0,0.0
2023-06-22 11:00:00+09:00,1511.0,1511.0,1510.0,1510.0,0,0.0,0.0
2023-06-22 12:00:00+09:00,1513.0,1514.0,1511.0,1511.0,8600,0.0,0.0
2023-06-22 13:00:00+09:00,1515.0,1515.0,1509.0,1511.0,900,0.0,0.0
2023-06-22 14:00:00+09:00,1510.0,1511.0,1500.0,1500.0,3900,0.0,0.0
2023-06-23 09:00:00+09:00,1513.0,1515.0,1500.0,1509.0,4000,0.0,0.0
2023-06-23 10:00:00+09:00,1509.0,1509.0,1489.0,1494.0,7800,0.0,0.0
2023-06-23 11:00:00+09:00,1492.0,1494.0,1488.0,1488.0,0,0.0,0.0
2023-06-23 12:00:00+09:00,1487.0,1493.0,1487.0,1493.0,14000,0.0,0.0
2023-06-23 13:00:00+09:00,1490.0,1493.0,1489.0,1489.0,900,0.0,0.0
2023-06-23 14:00:00+09:00,1488.0,1491.0,1487.0,1487.0,1800,0.0,0.0
2023-06-26 09:00:00+09:00,1492.0,1526.0,1492.0,1526.0,11000,0.0,0.0
2023-06-26 10:00:00+09:00,1527.0,1530.0,1522.0,1522.0,2500,0.0,0.0
2023-06-26 11:00:00+09:00,1519.0,1527.0,1519.0,1524.0,0,0.0,0.0
2023-06-26 12:00:00+09:00,1524.0,1524.0,1516.0,1516.0,15800,0.0,0.0
2023-06-26 13:00:00+09:00,1516.0,1518.0,1513.0,1515.0,1500,0.0,0.0
2023-06-26 14:00:00+09:00,1519.0,1519.0,1516.0,1516.0,1400,0.0,0.0
2023-06-27 09:00:00+09:00,1521.0,1540.0,1517.0,1525.0,11000,0.0,0.0
2023-06-27 10:00:00+09:00,1527.0,1532.0,1518.0,1532.0,4800,0.0,0.0
2023-06-27 11:00:00+09:00,1535.0,1549.0,1535.0,1544.0,0,0.0,0.0
2023-06-27 12:00:00+09:00,1545.0,1546.0,1534.0,1543.0,30000,0.0,0.0
2023-06-27 13:00:00+09:00,1542.0,1553.0,1537.0,1553.0,9100,0.0,0.0
2023-06-27 14:00:00+09:00,1553.0,1564.0,1548.0,1563.0,14300,0.0,0.0
2023-06-28 09:00:00+09:00,1564.0,1571.0,1549.0,1568.0,18500,0.0,0.0
2023-06-28 10:00:00+09:00,1563.0,1568.0,1556.0,1556.0,3000,0.0,0.0
2023-06-28 11:00:00+09:00,1551.0,1568.0,1550.0,1563.0,0,0.0,0.0
2023-06-28 12:00:00+09:00,1568.0,1580.0,1564.0,1575.0,36300,0.0,0.0
2023-06-28 13:00:00+09:00,1574.0,1574.0,1563.0,1573.0,3500,0.0,0.0
2023-06-28 14:00:00+09:00,1570.0,1573.0,1567.0,1569.0,4800,0.0,0.0
2023-06-29 09:00:00+09:00,1559.0,1573.0,1552.0,1572.0,5800,0.0,0.0
2023-06-29 10:00:00+09:00,1565.0,1565.0,1550.0,1558.0,3200,0.0,0.0
2023-06-29 11:00:00+09:00,1551.0,1551.0,1546.0,1546.0,0,0.0,0.0
2023-06-29 12:00:00+09:00,1555.0,1559.0,1547.0,1555.0,12100,0.0,0.0
2023-06-29 13:00:00+09:00,1555.0,1565.0,1554.0,1565.0,4200,0.0,0.0
2023-06-29 14:00:00+09:00,1567.0,1568.0,1555.0,1555.0,2800,0.0,0.0
2023-06-30 09:00:00+09:00,1560.0,1565.0,1555.0,1557.0,2200,0.0,0.0
2023-06-30 10:00:00+09:00,1562.0,1564.0,1560.0,1564.0,3800,0.0,0.0
2023-06-30 11:00:00+09:00,1565.0,1566.0,1563.0,1566.0,0,0.0,0.0
2023-06-30 12:00:00+09:00,1562.0,1566.0,1560.0,1563.0,8900,0.0,0.0
2023-06-30 13:00:00+09:00,1562.0,1562.0,1562.0,1562.0,100,0.0,0.0
2023-06-30 14:00:00+09:00,1566.0,1568.0,1558.0,1558.0,3900,0.0,0.0
2023-07-03 09:00:00+09:00,1563.0,1575.0,1563.0,1575.0,0,0.0,0.0
2023-07-03 10:00:00+09:00,1575.0,1590.0,1575.0,1587.0,8500,0.0,0.0
2023-07-03 11:00:00+09:00,1582.0,1589.0,1582.0,1582.0,0,0.0,0.0
2023-07-03 12:00:00+09:00,1588.0,1588.0,1583.0,1583.0,15500,0.0,0.0
2023-07-03 13:00:00+09:00,1587.0,1598.0,1587.0,1598.0,6100,0.0,0.0
2023-07-03 14:00:00+09:00,1596.0,1596.0,1585.0,1591.0,2500,0.0,0.0
2023-07-04 09:00:00+09:00,1595.0,1606.0,1583.0,1593.0,11900,0.0,0.0
2023-07-04 10:00:00+09:00,1595.0,1602.0,1586.0,1586.0,2900,0.0,0.0
2023-07-04 11:00:00+09:00,1587.0,1598.0,1587.0,1598.0,0,0.0,0.0
2023-07-04 12:00:00+09:00,1590.0,1600.0,1590.0,1600.0,24700,0.0,0.0
2023-07-04 13:00:00+09:00,1602.0,1604.0,1596.0,1598.0,2600,0.0,0.0
2023-07-04 14:00:00+09:00,1604.0,1605.0,1589.0,1589.0,6600,0.0,0.0
2023-07-05 09:00:00+09:00,1589.0,1597.0,1572.0,1584.0,13000,0.0,0.0
2023-07-05 10:00:00+09:00,1587.0,1595.0,1587.0,1591.0,3400,0.0,0.0
2023-07-05 11:00:00+09:00,1587.0,1587.0,1580.0,1580.0,0,0.0,0.0
2023-07-05 12:00:00+09:00,1580.0,1593.0,1580.0,1592.0,19500,0.0,0.0
2023-07-05 13:00:00+09:00,1585.0,1587.0,1585.0,1585.0,1100,0.0,0.0
2023-07-05 14:00:00+09:00,1584.0,1587.0,1582.0,1582.0,1800,0.0,0.0
2023-07-06 09:00:00+09:00,1586.0,1606.0,1579.0,1606.0,11700,0.0,0.0
2023-07-06 10:00:00+09:00,1602.0,1602.0,1592.0,1597.0,2400,0.0,0.0
2023-07-06 11:00:00+09:00,1594.0,1596.0,1592.0,1592.0,0,0.0,0.0
2023-07-06 12:00:00+09:00,1590.0,1599.0,1584.0,1585.0,19400,0.0,0.0
2023-07-06 13:00:00+09:00,1584.0,1588.0,1573.0,1586.0,4200,0.0,0.0
2023-07-06 14:00:00+09:00,1587.0,1587.0,1580.0,1581.0,900,0.0,0.0
2023-07-07 09:00:00+09:00,1581.0,1581.0,1560.0,1574.0,5000,0.0,0.0
2023-07-07 10:00:00+09:00,1569.0,1582.0,1560.0,1575.0,5300,0.0,0.0
2023-07-07 11:00:00+09:00,1578.0,1578.0,1575.0,1575.0,0,0.0,0.0
2023-07-07 12:00:00+09:00,1579.0,1580.0,1579.0,1580.0,13000,0.0,0.0
2023-07-07 13:00:00+09:00,1580.0,1585.0,1580.0,1585.0,1200,0.0,0.0
2023-07-07 14:00:00+09:00,1585.0,1585.0,1580.0,1583.0,1600,0.0,0.0
2023-07-10 09:00:00+09:00,1593.0,1603.0,1585.0,1590.0,8000,0.0,0.0
2023-07-10 10:00:00+09:00,1589.0,1590.0,1581.0,1582.0,2000,0.0,0.0
2023-07-10 11:00:00+09:00,1584.0,1590.0,1584.0,1590.0,0,0.0,0.0
2023-07-10 12:00:00+09:00,1591.0,1591.0,1586.0,1586.0,11200,0.0,0.0
2023-07-10 13:00:00+09:00,1586.0,1599.0,1586.0,1593.0,6500,0.0,0.0
2023-07-10 14:00:00+09:00,1595.0,1595.0,1584.0,1584.0,1100,0.0,0.0
2023-07-11 09:00:00+09:00,1601.0,1601.0,1588.0,1595.0,4000,0.0,0.0
2023-07-11 10:00:00+09:00,1585.0,1591.0,1580.0,1580.0,3800,0.0,0.0
2023-07-11 11:00:00+09:00,1576.0,1578.0,1572.0,1578.0,0,0.0,0.0
2023-07-11 12:00:00+09:00,1570.0,1580.0,1570.0,1575.0,14700,0.0,0.0
2023-07-11 13:00:00+09:00,1573.0,1573.0,1558.0,1558.0,5100,0.0,0.0
2023-07-11 14:00:00+09:00,1555.0,1558.0,1551.0,1552.0,4100,0.0,0.0
2023-07-12 09:00:00+09:00,1550.0,1567.0,1538.0,1542.0,6100,0.0,0.0
2023-07-12 10:00:00+09:00,1542.0,1560.0,1532.0,1560.0,5100,0.0,0.0
2023-07-12 11:00:00+09:00,1558.0,1567.0,1558.0,1564.0,0,0.0,0.0
2023-07-12 12:00:00+09:00,1564.0,1569.0,1562.0,1562.0,13600,0.0,0.0
2023-07-12 13:00:00+09:00,1561.0,1567.0,1561.0,1562.0,600,0.0,0.0
2023-07-12 14:00:00+09:00,1562.0,1562.0,1544.0,1547.0,1900,0.0,0.0
2023-07-13 09:00:00+09:00,1541.0,1542.0,1529.0,1538.0,2000,0.0,0.0
2023-07-13 10:00:00+09:00,1538.0,1540.0,1534.0,1536.0,500,0.0,0.0
2023-07-13 11:00:00+09:00,1540.0,1544.0,1540.0,1544.0,0,0.0,0.0
2023-07-13 12:00:00+09:00,1549.0,1549.0,1549.0,1549.0,3100,0.0,0.0
2023-07-13 13:00:00+09:00,1548.0,1548.0,1542.0,1542.0,300,0.0,0.0
2023-07-13 14:00:00+09:00,1546.0,1549.0,1546.0,1549.0,800,0.0,0.0
2023-07-14 09:00:00+09:00,1555.0,1563.0,1532.0,1540.0,2700,0.0,0.0
2023-07-14 10:00:00+09:00,1544.0,1544.0,1533.0,1536.0,1000,0.0,0.0
2023-07-14 11:00:00+09:00,1531.0,1535.0,1530.0,1535.0,0,0.0,0.0
2023-07-14 12:00:00+09:00,1535.0,1558.0,1535.0,1552.0,6500,0.0,0.0
2023-07-14 13:00:00+09:00,1551.0,1551.0,1551.0,1551.0,0,0.0,0.0
2023-07-14 14:00:00+09:00,1551.0,1551.0,1543.0,1547.0,9800,0.0,0.0
2023-07-18 09:00:00+09:00,1550.0,1568.0,1550.0,1565.0,2200,0.0,0.0
2023-07-18 10:00:00+09:00,1562.0,1565.0,1560.0,1560.0,1400,0.0,0.0
2023-07-18 11:00:00+09:00,1563.0,1564.0,1563.0,1564.0,0,0.0,0.0
2023-07-18 12:00:00+09:00,1560.0,1560.0,1556.0,1556.0,4400,0.0,0.0
2023-07-18 14:00:00+09:00,1561.0,1561.0,1561.0,1561.0,100,0.0,0.0
2023-07-19 09:00:00+09:00,1565.0,1577.0,1565.0,1571.0,3200,0.0,0.0
2023-07-19 10:00:00+09:00,1577.0,1590.0,1577.0,1590.0,3400,0.0,0.0
2023-07-19 11:00:00+09:00,1590.0,1590.0,1590.0,1590.0,0,0.0,0.0
2023-07-19 12:00:00+09:00,1590.0,1590.0,1579.0,1579.0,8600,0.0,0.0
2023-07-19 13:00:00+09:00,1575.0,1587.0,1575.0,1587.0,1400,0.0,0.0
2023-07-19 14:00:00+09:00,1586.0,1592.0,1581.0,1592.0,3100,0.0,0.0
2023-07-20 09:00:00+09:00,1594.0,1603.0,1582.0,1594.0,8500,0.0,0.0
2023-07-20 10:00:00+09:00,1592.0,1597.0,1591.0,1593.0,1100,0.0,0.0
2023-07-20 11:00:00+09:00,1593.0,1593.0,1589.0,1589.0,0,0.0,0.0
2023-07-20 12:00:00+09:00,1590.0,1590.0,1590.0,1590.0,10200,0.0,0.0
2023-07-20 13:00:00+09:00,1594.0,1594.0,1587.0,1588.0,1400,0.0,0.0
2023-07-20 14:00:00+09:00,1589.0,1591.0,1584.0,1591.0,1500,0.0,0.0
2023-07-21 09:00:00+09:00,1591.0,1595.0,1582.0,1592.0,0,0.0,0.0
2023-07-21 10:00:00+09:00,1591.0,1610.0,1591.0,1605.0,9000,0.0,0.0
2023-07-21 11:00:00+09:00,1605.0,1606.0,1603.0,1606.0,0,0.0,0.0
2023-07-21 12:00:00+09:00,1610.0,1611.0,1602.0,1602.0,12800,0.0,0.0
2023-07-21 13:00:00+09:00,1605.0,1605.0,1602.0,1602.0,500,0.0,0.0
2023-07-21 14:00:00+09:00,1600.0,1602.0,1595.0,1599.0,1700,0.0,0.0
2023-07-24 09:00:00+09:00,1606.0,1613.0,1592.0,1605.0,6800,0.0,0.0
2023-07-24 10:00:00+09:00,1606.0,1606.0,1600.0,1600.0,800,0.0,0.0
2023-07-24 11:00:00+09:00,1601.0,1605.0,1601.0,1605.0,0,0.0,0.0
2023-07-24 12:00:00+09:00,1599.0,1605.0,1599.0,1601.0,8800,0.0,0.0
2023-07-24 13:00:00+09:00,1601.0,1601.0,1599.0,1599.0,700,0.0,0.0
2023-07-24 14:00:00+09:00,1597.0,1602.0,1592.0,1602.0,1800,0.0,0.0
2023-07-25 09:00:00+09:00,1605.0,1605.0,1598.0,1600.0,0,0.0,0.0
2023-07-25 10:00:00+09:00,1600.0,1601.0,1598.0,1598.0,3800,0.0,0.0
2023-07-25 11:00:00+09:00,1598.0,1598.0,1598.0,1598.0,0,0.0,0.0
2023-07-25 12:00:00+09:00,1601.0,1603.0,1601.0,1601.0,4700,0.0,0.0
2023-07-25 13:00:00+09:00,1602.0,1603.0,1602.0,1603.0,200,0.0,0.0
2023-07-25 14:00:00+09:00,1602.0,1602.0,1598.0,1601.0,1000,0.0,0.0
2023-07-26 09:00:00+09:00,1601.0,1609.0,1594.0,1604.0,5400,0.0,0.0
2023-07-26 10:00:00+09:00,1605.0,1607.0,1602.0,1605.0,1700,0.0,0.0
2023-07-26 11:00:00+09:00,1605.0,1605.0,1604.0,1604.0,0,0.0,0.0
2023-07-26 12:00:00+09:00,1608.0,1611.0,1606.0,1606.0,11300,0.0,0.0
2023-07-26 13:00:00+09:00,1614.0,1614.0,1607.0,1608.0,700,0.0,0.0
2023-07-26 14:00:00+09:00,1610.0,1610.0,1604.0,1605.0,1200,0.0,0.0
2023-07-27 09:00:00+09:00,1604.0,1607.0,1604.0,1606.0,1200,0.0,0.0
2023-07-27 10:00:00+09:00,1609.0,1615.0,1606.0,1606.0,2600,0.0,0.0
2023-07-27 11:00:00+09:00,1606.0,1606.0,1606.0,1606.0,0,0.0,0.0
2023-07-27 12:00:00+09:00,1610.0,1614.0,1609.0,1614.0,5400,0.0,0.0
2023-07-27 13:00:00+09:00,1614.0,1617.0,1611.0,1615.0,4600,0.0,0.0
2023-07-27 14:00:00+09:00,1615.0,1617.0,1607.0,1607.0,3900,0.0,0.0
2023-07-28 09:00:00+09:00,1606.0,1609.0,1592.0,1609.0,4300,0.0,0.0
2023-07-28 10:00:00+09:00,1614.0,1614.0,1600.0,1600.0,1100,0.0,0.0
2023-07-28 11:00:00+09:00,1601.0,1601.0,1601.0,1601.0,0,0.0,0.0
2023-07-28 12:00:00+09:00,1609.0,1613.0,1605.0,1609.0,6400,0.0,0.0
2023-07-28 13:00:00+09:00,1604.0,1606.0,1591.0,1591.0,2100,0.0,0.0
2023-07-28 14:00:00+09:00,1603.0,1618.0,1603.0,1617.0,3100,0.0,0.0
2023-07-31 09:00:00+09:00,1630.0,1640.0,1606.0,1640.0,10900,0.0,0.0
2023-07-31 10:00:00+09:00,1643.0,1645.0,1637.0,1637.0,2300,0.0,0.0
2023-07-31 11:00:00+09:00,1637.0,1637.0,1637.0,1637.0,0,0.0,0.0
2023-07-31 12:00:00+09:00,1626.0,1636.0,1625.0,1627.0,19300,0.0,0.0
2023-07-31 13:00:00+09:00,1624.0,1636.0,1620.0,1634.0,4500,0.0,0.0
2023-07-31 14:00:00+09:00,1635.0,1636.0,1631.0,1631.0,2400,0.0,0.0
2023-08-01 09:00:00+09:00,1631.0,1643.0,1631.0,1637.0,3600,0.0,0.0
2023-08-01 10:00:00+09:00,1637.0,1639.0,1635.0,1639.0,2400,0.0,0.0
2023-08-01 11:00:00+09:00,1640.0,1647.0,1640.0,1647.0,0,0.0,0.0
2023-08-01 12:00:00+09:00,1640.0,1646.0,1640.0,1646.0,7600,0.0,0.0
2023-08-01 13:00:00+09:00,1646.0,1647.0,1638.0,1647.0,3100,0.0,0.0
2023-08-01 14:00:00+09:00,1647.0,1650.0,1647.0,1650.0,0,0.0,0.0
2023-08-02 09:00:00+09:00,1649.0,1666.0,1644.0,1651.0,14000,0.0,0.0
2023-08-02 10:00:00+09:00,1655.0,1655.0,1642.0,1642.0,1500,0.0,0.0
2023-08-02 11:00:00+09:00,1649.0,1651.0,1644.0,1644.0,0,0.0,0.0
2023-08-02 12:00:00+09:00,1644.0,1644.0,1633.0,1635.0,19000,0.0,0.0
2023-08-02 13:00:00+09:00,1635.0,1635.0,1630.0,1632.0,2600,0.0,0.0
2023-08-02 14:00:00+09:00,1628.0,1640.0,1619.0,1633.0,5800,0.0,0.0
2023-08-03 09:00:00+09:00,1628.0,1628.0,1613.0,1614.0,3000,0.0,0.0
2023-08-03 10:00:00+09:00,1614.0,1620.0,1614.0,1618.0,700,0.0,0.0
2023-08-03 11:00:00+09:00,1618.0,1618.0,1618.0,1618.0,0,0.0,0.0
2023-08-03 12:00:00+09:00,1620.0,1620.0,1620.0,1620.0,4000,0.0,0.0
2023-08-03 13:00:00+09:00,1630.0,1630.0,1620.0,1620.0,2100,0.0,0.0
2023-08-03 14:00:00+09:00,1625.0,1628.0,1615.0,1623.0,3000,0.0,0.0
2023-08-04 09:00:00+09:00,1635.0,1662.0,1628.0,1662.0,6800,0.0,0.0
2023-08-04 10:00:00+09:00,1663.0,1667.0,1641.0,1646.0,4100,0.0,0.0
2023-08-04 11:00:00+09:00,1644.0,1649.0,1644.0,1649.0,0,0.0,0.0
2023-08-04 12:00:00+09:00,1650.0,1680.0,1649.0,1674.0,20800,0.0,0.0
2023-08-04 13:00:00+09:00,1673.0,1679.0,1670.0,1676.0,2700,0.0,0.0
2023-08-04 14:00:00+09:00,1676.0,1679.0,1673.0,1679.0,5700,0.0,0.0
2023-08-07 09:00:00+09:00,1680.0,1680.0,1660.0,1675.0,8500,0.0,0.0
2023-08-07 10:00:00+09:00,1675.0,1687.0,1672.0,1687.0,6200,0.0,0.0
2023-08-07 11:00:00+09:00,1684.0,1689.0,1680.0,1689.0,0,0.0,0.0
2023-08-07 12:00:00+09:00,1689.0,1689.0,1680.0,1681.0,21100,0.0,0.0
2023-08-07 13:00:00+09:00,1680.0,1680.0,1663.0,1663.0,2700,0.0,0.0
2023-08-07 14:00:00+09:00,1662.0,1675.0,1661.0,1675.0,2800,0.0,0.0
2023-08-08 09:00:00+09:00,1688.0,1693.0,1678.0,1681.0,8000,0.0,0.0
2023-08-08 10:00:00+09:00,1680.0,1686.0,1668.0,1682.0,6800,0.0,0.0
2023-08-08 11:00:00+09:00,1682.0,1682.0,1682.0,1682.0,0,0.0,0.0
2023-08-08 12:00:00+09:00,1684.0,1693.0,1684.0,1685.0,19200,0.0,0.0
2023-08-08 13:00:00+09:00,1677.0,1678.0,1667.0,1670.0,2900,0.0,0.0
2023-08-08 14:00:00+09:00,1670.0,1679.0,1667.0,1678.0,3500,0.0,0.0
2023-08-09 09:00:00+09:00,1692.0,1697.0,1660.0,1660.0,23400,0.0,0.0
2023-08-09 10:00:00+09:00,1658.0,1678.0,1646.0,1653.0,11600,0.0,0.0
2023-08-09 11:00:00+09:00,1652.0,1663.0,1645.0,1663.0,0,0.0,0.0
2023-08-09 12:00:00+09:00,1662.0,1662.0,1648.0,1661.0,38800,0.0,0.0
2023-08-09 13:00:00+09:00,1661.0,1670.0,1655.0,1666.0,5700,0.0,0.0
2023-08-09 14:00:00+09:00,1664.0,1690.0,1659.0,1674.0,8700,0.0,0.0
2023-08-10 09:00:00+09:00,1598.0,1600.0,1533.0,1595.0,96200,0.0,0.0
2023-08-10 10:00:00+09:00,1592.0,1636.0,1571.0,1600.0,28400,0.0,0.0
2023-08-10 11:00:00+09:00,1599.0,1603.0,1581.0,1594.0,0,0.0,0.0
2023-08-10 12:00:00+09:00,1603.0,1603.0,1594.0,1598.0,130600,0.0,0.0
2023-08-10 13:00:00+09:00,1598.0,1605.0,1595.0,1605.0,4700,0.0,0.0
2023-08-10 14:00:00+09:00,1604.0,1612.0,1597.0,1608.0,8900,0.0,0.0
2023-08-14 09:00:00+09:00,1610.0,1727.0,1610.0,1718.0,63400,0.0,0.0
2023-08-14 10:00:00+09:00,1718.0,1739.0,1715.0,1734.0,16700,0.0,0.0
2023-08-14 11:00:00+09:00,1732.0,1735.0,1718.0,1725.0,0,0.0,0.0
2023-08-14 12:00:00+09:00,1723.0,1724.0,1693.0,1707.0,88300,0.0,0.0
2023-08-14 13:00:00+09:00,1707.0,1717.0,1701.0,1705.0,3900,0.0,0.0
2023-08-14 14:00:00+09:00,1701.0,1718.0,1696.0,1715.0,8600,0.0,0.0
2023-08-15 09:00:00+09:00,1735.0,1735.0,1694.0,1709.0,9100,0.0,0.0
2023-08-15 10:00:00+09:00,1703.0,1715.0,1693.0,1714.0,4700,0.0,0.0
2023-08-15 11:00:00+09:00,1717.0,1718.0,1709.0,1718.0,0,0.0,0.0
2023-08-15 12:00:00+09:00,1718.0,1747.0,1718.0,1744.0,25300,0.0,0.0
2023-08-15 13:00:00+09:00,1748.0,1848.0,1748.0,1830.0,34500,0.0,0.0
2023-08-15 14:00:00+09:00,1829.0,1870.0,1829.0,1839.0,31700,0.0,0.0
2023-08-16 09:00:00+09:00,1799.0,1820.0,1780.0,1794.0,7800,0.0,0.0
2023-08-16 10:00:00+09:00,1784.0,1785.0,1745.0,1745.0,7100,0.0,0.0
2023-08-16 11:00:00+09:00,1754.0,1760.0,1740.0,1742.0,0,0.0,0.0
2023-08-16 12:00:00+09:00,1771.0,1774.0,1761.0,1774.0,18900,0.0,0.0
2023-08-16 13:00:00+09:00,1763.0,1763.0,1738.0,1746.0,3900,0.0,0.0
2023-08-16 14:00:00+09:00,1740.0,1740.0,1710.0,1712.0,5500,0.0,0.0
2023-08-17 09:00:00+09:00,1707.0,1707.0,1688.0,1698.0,9000,0.0,0.0
2023-08-17 10:00:00+09:00,1701.0,1710.0,1696.0,1700.0,3700,0.0,0.0
2023-08-17 11:00:00+09:00,1700.0,1720.0,1700.0,1720.0,0,0.0,0.0
2023-08-17 12:00:00+09:00,1720.0,1720.0,1709.0,1709.0,0,0.0,0.0
2023-08-17 13:00:00+09:00,1717.0,1735.0,1714.0,1728.0,18400,0.0,0.0
2023-08-17 14:00:00+09:00,1727.0,1747.0,1724.0,1747.0,6300,0.0,0.0
2023-08-18 09:00:00+09:00,1746.0,1746.0,1723.0,1723.0,900,0.0,0.0
2023-08-18 10:00:00+09:00,1720.0,1721.0,1713.0,1720.0,1600,0.0,0.0
2023-08-18 11:00:00+09:00,1720.0,1720.0,1708.0,1709.0,0,0.0,0.0
2023-08-18 12:00:00+09:00,1709.0,1709.0,1681.0,1690.0,9200,0.0,0.0
2023-08-18 13:00:00+09:00,1689.0,1695.0,1682.0,1682.0,3200,0.0,0.0
2023-08-18 14:00:00+09:00,1681.0,1681.0,1665.0,1673.0,6600,0.0,0.0
2023-08-21 09:00:00+09:00,1672.0,1715.0,1666.0,1710.0,10700,0.0,0.0
2023-08-21 10:00:00+09:00,1711.0,1712.0,1697.0,1697.0,0,0.0,0.0
2023-08-21 11:00:00+09:00,1703.0,1712.0,1694.0,1712.0,0,0.0,0.0
2023-08-21 12:00:00+09:00,1712.0,1712.0,1699.0,1699.0,15700,0.0,0.0
2023-08-21 13:00:00+09:00,1698.0,1698.0,1688.0,1688.0,1100,0.0,0.0
2023-08-21 14:00:00+09:00,1689.0,1701.0,1683.0,1685.0,3600,0.0,0.0
2023-08-22 09:00:00+09:00,1685.0,1714.0,1675.0,1710.0,7100,0.0,0.0
2023-08-22 10:00:00+09:00,1702.0,1703.0,1697.0,1697.0,1200,0.0,0.0
2023-08-22 11:00:00+09:00,1697.0,1697.0,1697.0,1697.0,0,0.0,0.0
2023-08-22 12:00:00+09:00,1697.0,1699.0,1690.0,1699.0,9700,0.0,0.0
2023-08-22 13:00:00+09:00,1696.0,1696.0,1690.0,1690.0,1000,0.0,0.0
2023-08-22 14:00:00+09:00,1691.0,1696.0,1687.0,1691.0,1000,0.0,0.0
2023-08-23 09:00:00+09:00,1675.0,1697.0,1675.0,1692.0,2700,0.0,0.0
2023-08-23 11:00:00+09:00,1696.0,1701.0,1694.0,1697.0,0,0.0,0.0
2023-08-23 12:00:00+09:00,1690.0,1693.0,1684.0,1685.0,5200,0.0,0.0
2023-08-23 13:00:00+09:00,1686.0,1692.0,1685.0,1692.0,300,0.0,0.0
2023-08-23 14:00:00+09:00,1691.0,1692.0,1690.0,1691.0,1000,0.0,0.0
2023-08-24 09:00:00+09:00,1680.0,1696.0,1680.0,1692.0,1800,0.0,0.0
2023-08-24 10:00:00+09:00,1692.0,1699.0,1691.0,1692.0,1600,0.0,0.0
2023-08-24 11:00:00+09:00,1692.0,1692.0,1692.0,1692.0,0,0.0,0.0
2023-08-24 12:00:00+09:00,1699.0,1699.0,1691.0,1699.0,4300,0.0,0.0
2023-08-24 13:00:00+09:00,1698.0,1701.0,1690.0,1701.0,2600,0.0,0.0
2023-08-24 14:00:00+09:00,1702.0,1710.0,1699.0,1705.0,4800,0.0,0.0
2023-08-25 09:00:00+09:00,1705.0,1713.0,1696.0,1703.0,5400,0.0,0.0
2023-08-25 10:00:00+09:00,1709.0,1720.0,1709.0,1716.0,6900,0.0,0.0
2023-08-25 11:00:00+09:00,1714.0,1714.0,1711.0,1711.0,0,0.0,0.0
2023-08-25 12:00:00+09:00,1717.0,1720.0,1717.0,1718.0,13200,0.0,0.0
2023-08-25 13:00:00+09:00,1720.0,1729.0,1719.0,1728.0,2600,0.0,0.0
2023-08-25 14:00:00+09:00,1720.0,1720.0,1705.0,1720.0,2400,0.0,0.0
2023-08-28 09:00:00+09:00,1703.0,1737.0,1703.0,1734.0,0,0.0,0.0
2023-08-28 10:00:00+09:00,1736.0,1745.0,1736.0,1740.0,0,0.0,0.0
2023-08-28 11:00:00+09:00,1740.0,1740.0,1739.0,1740.0,0,0.0,0.0
2023-08-28 12:00:00+09:00,1738.0,1745.0,1733.0,1745.0,14000,0.0,0.0
2023-08-28 13:00:00+09:00,1745.0,1745.0,1736.0,1745.0,2000,0.0,0.0
2023-08-28 14:00:00+09:00,1745.0,1746.0,1734.0,1745.0,2600,0.0,0.0
2023-08-29 09:00:00+09:00,1745.0,1756.0,1738.0,1756.0,0,0.0,0.0
2023-08-29 10:00:00+09:00,1757.0,1758.0,1753.0,1758.0,8800,0.0,0.0
2023-08-29 11:00:00+09:00,1755.0,1755.0,1743.0,1743.0,0,0.0,0.0
2023-08-29 12:00:00+09:00,1750.0,1750.0,1750.0,1750.0,0,0.0,0.0
2023-08-29 13:00:00+09:00,1750.0,1755.0,1748.0,1753.0,12900,0.0,0.0
2023-08-29 14:00:00+09:00,1750.0,1753.0,1740.0,1748.0,2600,0.0,0.0
2023-08-30 09:00:00+09:00,1759.0,1773.0,1755.0,1770.0,8300,0.0,0.0
2023-08-30 10:00:00+09:00,1773.0,1780.0,1770.0,1780.0,1500,0.0,0.0
2023-08-30 11:00:00+09:00,1780.0,1780.0,1775.0,1777.0,0,0.0,0.0
2023-08-30 12:00:00+09:00,1770.0,1784.0,1767.0,1772.0,14300,0.0,0.0
2023-08-30 13:00:00+09:00,1770.0,1775.0,1768.0,1770.0,1700,0.0,0.0
2023-08-30 14:00:00+09:00,1767.0,1770.0,1764.0,1767.0,1300,0.0,0.0
2023-08-31 09:00:00+09:00,1762.0,1776.0,1753.0,1775.0,3500,0.0,0.0
2023-08-31 10:00:00+09:00,1775.0,1775.0,1775.0,1775.0,100,0.0,0.0
2023-08-31 11:00:00+09:00,1769.0,1769.0,1768.0,1768.0,0,0.0,0.0
2023-08-31 12:00:00+09:00,1768.0,1768.0,1759.0,1761.0,6300,0.0,0.0
2023-08-31 13:00:00+09:00,1759.0,1765.0,1752.0,1752.0,1800,0.0,0.0
2023-08-31 14:00:00+09:00,1748.0,1750.0,1734.0,1741.0,3600,0.0,0.0
2023-09-01 09:00:00+09:00,1762.0,1767.0,1745.0,1767.0,2700,0.0,0.0
2023-09-01 10:00:00+09:00,1767.0,1771.0,1762.0,1771.0,2200,0.0,0.0
2023-09-01 11:00:00+09:00,1765.0,1765.0,1764.0,1764.0,0,0.0,0.0
2023-09-01 12:00:00+09:00,1761.0,1766.0,1757.0,1765.0,6200,0.0,0.0
2023-09-01 13:00:00+09:00,1765.0,1765.0,1759.0,1759.0,1300,0.0,0.0
2023-09-01 14:00:00+09:00,1760.0,1765.0,1758.0,1760.0,1400,0.0,0.0
2023-09-04 09:00:00+09:00,1762.0,1787.0,1752.0,1780.0,0,0.0,0.0
2023-09-04 10:00:00+09:00,1785.0,1785.0,1758.0,1773.0,4000,0.0,0.0
2023-09-04 11:00:00+09:00,1765.0,1773.0,1759.0,1771.0,0,0.0,0.0
2023-09-04 12:00:00+09:00,1771.0,1772.0,1771.0,1772.0,11700,0.0,0.0
2023-09-04 13:00:00+09:00,1772.0,1772.0,1762.0,1769.0,1200,0.0,0.0
2023-09-04 14:00:00+09:00,1769.0,1771.0,1769.0,1771.0,1000,0.0,0.0
2023-09-05 09:00:00+09:00,1795.0,1826.0,1792.0,1825.0,12500,0.0,0.0
2023-09-05 10:00:00+09:00,1820.0,1823.0,1810.0,1820.0,4500,0.0,0.0
2023-09-05 11:00:00+09:00,1814.0,1821.0,1812.0,1812.0,0,0.0,0.0
2023-09-05 12:00:00+09:00,1821.0,1822.0,1817.0,1819.0,19700,0.0,0.0
2023-09-05 13:00:00+09:00,1819.0,1822.0,1817.0,1817.0,1000,0.0,0.0
2023-09-05 14:00:00+09:00,1817.0,1826.0,1815.0,1825.0,3000,0.0,0.0
2023-09-06 09:00:00+09:00,1831.0,1840.0,1807.0,1825.0,5400,0.0,0.0
2023-09-06 10:00:00+09:00,1825.0,1830.0,1810.0,1810.0,3400,0.0,0.0
2023-09-06 11:00:00+09:00,1810.0,1821.0,1810.0,1821.0,0,0.0,0.0
2023-09-06 12:00:00+09:00,1808.0,1828.0,1808.0,1828.0,10900,0.0,0.0
2023-09-06 13:00:00+09:00,1818.0,1822.0,1814.0,1814.0,1100,0.0,0.0
2023-09-06 14:00:00+09:00,1812.0,1825.0,1808.0,1809.0,4000,0.0,0.0
2023-09-07 09:00:00+09:00,1806.0,1842.0,1806.0,1840.0,11500,0.0,0.0
2023-09-07 10:00:00+09:00,1851.0,1867.0,1840.0,1841.0,0,0.0,0.0
2023-09-07 11:00:00+09:00,1841.0,1851.0,1840.0,1851.0,0,0.0,0.0
2023-09-07 12:00:00+09:00,1852.0,1855.0,1845.0,1855.0,31200,0.0,0.0
2023-09-07 13:00:00+09:00,1843.0,1845.0,1826.0,1830.0,5200,0.0,0.0
2023-09-07 14:00:00+09:00,1830.0,1848.0,1830.0,1839.0,6300,0.0,0.0
2023-09-08 09:00:00+09:00,1850.0,1856.0,1826.0,1841.0,4400,0.0,0.0
2023-09-08 10:00:00+09:00,1842.0,1853.0,1831.0,1831.0,1700,0.0,0.0
2023-09-08 11:00:00+09:00,1830.0,1830.0,1830.0,1830.0,0,0.0,0.0
2023-09-08 12:00:00+09:00,1825.0,1832.0,1825.0,1832.0,0,0.0,0.0
2023-09-08 13:00:00+09:00,1821.0,1821.0,1808.0,1808.0,10100,0.0,0.0
2023-09-08 14:00:00+09:00,1821.0,1836.0,1815.0,1835.0,1000,0.0,0.0
2023-09-11 09:00:00+09:00,1818.0,1855.0,1818.0,1825.0,0,0.0,0.0
2023-09-11 10:00:00+09:00,1838.0,1840.0,1819.0,1837.0,6100,0.0,0.0
2023-09-11 11:00:00+09:00,1820.0,1820.0,1815.0,1815.0,0,0.0,0.0
2023-09-11 12:00:00+09:00,1836.0,1837.0,1812.0,1812.0,7900,0.0,0.0
2023-09-11 13:00:00+09:00,1811.0,1825.0,1810.0,1822.0,800,0.0,0.0
2023-09-11 14:00:00+09:00,1822.0,1824.0,1800.0,1818.0,0,0.0,0.0
2023-09-12 09:00:00+09:00,1821.0,1858.0,1818.0,1857.0,8300,0.0,0.0
2023-09-12 10:00:00+09:00,1858.0,1870.0,1840.0,1843.0,6800,0.0,0.0
2023-09-12 11:00:00+09:00,1840.0,1850.0,1840.0,1850.0,0,0.0,0.0
2023-09-12 12:00:00+09:00,1850.0,1850.0,1849.0,1849.0,15900,0.0,0.0
2023-09-12 13:00:00+09:00,1845.0,1848.0,1836.0,1846.0,2100,0.0,0.0
2023-09-12 14:00:00+09:00,1845.0,1851.0,1841.0,1849.0,2400,0.0,0.0
2023-09-13 09:00:00+09:00,1840.0,1858.0,1840.0,1850.0,1200,0.0,0.0
2023-09-13 10:00:00+09:00,1849.0,1870.0,1849.0,1862.0,2400,0.0,0.0
2023-09-13 11:00:00+09:00,1861.0,1863.0,1856.0,1863.0,0,0.0,0.0
2023-09-13 12:00:00+09:00,1868.0,1868.0,1864.0,1868.0,4600,0.0,0.0
2023-09-13 13:00:00+09:00,1862.0,1880.0,1860.0,1875.0,6300,0.0,0.0
2023-09-13 14:00:00+09:00,1871.0,1874.0,1869.0,1872.0,2000,0.0,0.0
2023-09-14 09:00:00+09:00,1875.0,1875.0,1845.0,1845.0,6000,0.0,0.0
2023-09-14 10:00:00+09:00,1854.0,1861.0,1846.0,1850.0,1600,0.0,0.0
2023-09-14 11:00:00+09:00,1850.0,1860.0,1850.0,1860.0,0,0.0,0.0
2023-09-14 12:00:00+09:00,1868.0,1885.0,1863.0,1882.0,11100,0.0,0.0
2023-09-14 13:00:00+09:00,1877.0,1877.0,1856.0,1872.0,2800,0.0,0.0
2023-09-14 14:00:00+09:00,1872.0,1876.0,1867.0,1867.0,2400,0.0,0.0
2023-09-15 09:00:00+09:00,1876.0,1879.0,1866.0,1877.0,6700,0.0,0.0
2023-09-15 10:00:00+09:00,1877.0,1877.0,1857.0,1872.0,1700,0.0,0.0
2023-09-15 11:00:00+09:00,1872.0,1872.0,1872.0,1872.0,0,0.0,0.0
2023-09-15 12:00:00+09:00,1872.0,1875.0,1872.0,1875.0,9900,0.0,0.0
2023-09-15 13:00:00+09:00,1871.0,1877.0,1870.0,1874.0,2800,0.0,0.0
2023-09-15 14:00:00+09:00,1873.0,1878.0,1859.0,1878.0,4200,0.0,0.0
2023-09-19 09:00:00+09:00,1880.0,1909.0,1872.0,1877.0,6700,0.0,0.0
2023-09-19 10:00:00+09:00,1877.0,1905.0,1876.0,1905.0,3700,0.0,0.0
2023-09-19 11:00:00+09:00,1907.0,1907.0,1894.0,1894.0,0,0.0,0.0
2023-09-19 12:00:00+09:00,1899.0,1907.0,1894.0,1907.0,39200,0.0,0.0
2023-09-19 13:00:00+09:00,1903.0,1916.0,1903.0,1912.0,9500,0.0,0.0
2023-09-19 14:00:00+09:00,1911.0,1913.0,1910.0,1911.0,600,0.0,0.0
2023-09-20 09:00:00+09:00,1922.0,2000.0,1919.0,1998.0,40200,0.0,0.0
2023-09-20 10:00:00+09:00,1998.0,2043.0,1985.0,2001.0,25000,0.0,0.0
2023-09-20 11:00:00+09:00,2000.0,2002.0,1986.0,1986.0,0,0.0,0.0
2023-09-20 12:00:00+09:00,1999.0,1999.0,1975.0,1975.0,75600,0.0,0.0
2023-09-20 13:00:00+09:00,1972.0,1984.0,1970.0,1981.0,2200,0.0,0.0
2023-09-20 14:00:00+09:00,1977.0,1986.0,1965.0,1971.0,0,0.0,0.0
2023-09-21 09:00:00+09:00,1977.0,2001.0,1936.0,1983.0,18900,0.0,0.0
2023-09-21 10:00:00+09:00,1985.0,1985.0,1972.0,1977.0,2300,0.0,0.0
2023-09-21 11:00:00+09:00,1984.0,1988.0,1955.0,1958.0,0,0.0,0.0
2023-09-21 12:00:00+09:00,1968.0,1981.0,1954.0,1981.0,27100,0.0,0.0
2023-09-21 13:00:00+09:00,1969.0,1969.0,1948.0,1948.0,4300,0.0,0.0
2023-09-21 14:00:00+09:00,1946.0,1980.0,1943.0,1980.0,7900,0.0,0.0
2023-09-22 09:00:00+09:00,1985.0,1985.0,1941.0,1953.0,10300,0.0,0.0
2023-09-22 10:00:00+09:00,1954.0,1959.0,1943.0,1943.0,2800,0.0,0.0
2023-09-22 11:00:00+09:00,1943.0,1946.0,1931.0,1932.0,0,0.0,0.0
2023-09-22 12:00:00+09:00,1935.0,1950.0,1930.0,1943.0,18900,0.0,0.0
2023-09-22 13:00:00+09:00,1947.0,1959.0,1946.0,1952.0,2300,0.0,0.0
2023-09-22 14:00:00+09:00,1946.0,1959.0,1946.0,1948.0,2400,0.0,0.0
2023-09-25 09:00:00+09:00,1950.0,1950.0,1929.0,1942.0,2400,0.0,0.0
2023-09-25 10:00:00+09:00,1942.0,1980.0,1942.0,1970.0,11000,0.0,0.0
2023-09-25 11:00:00+09:00,1966.0,1969.0,1952.0,1965.0,0,0.0,0.0
2023-09-25 12:00:00+09:00,1965.0,1966.0,1954.0,1963.0,17400,0.0,0.0
2023-09-25 13:00:00+09:00,1955.0,1962.0,1954.0,1961.0,500,0.0,0.0
2023-09-25 14:00:00+09:00,1964.0,1970.0,1944.0,1957.0,5500,0.0,0.0
2023-09-26 09:00:00+09:00,1969.0,1969.0,1936.0,1943.0,3000,0.0,0.0
2023-09-26 10:00:00+09:00,1943.0,1955.0,1934.0,1955.0,1900,0.0,0.0
2023-09-26 11:00:00+09:00,1956.0,1957.0,1950.0,1953.0,0,0.0,0.0
2023-09-26 12:00:00+09:00,1940.0,1959.0,1940.0,1958.0,7400,0.0,0.0
2023-09-26 13:00:00+09:00,1949.0,1961.0,1948.0,1958.0,1000,0.0,0.0
2023-09-26 14:00:00+09:00,1958.0,1966.0,1958.0,1966.0,200,0.0,0.0
2023-09-27 09:00:00+09:00,1940.0,1960.0,1931.0,1942.0,0,0.0,0.0
2023-09-27 10:00:00+09:00,1942.0,1955.0,1933.0,1942.0,12200,0.0,0.0
2023-09-27 11:00:00+09:00,1953.0,1953.0,1953.0,1953.0,0,0.0,0.0
2023-09-27 12:00:00+09:00,1953.0,1953.0,1947.0,1948.0,14500,0.0,0.0
2023-09-27 13:00:00+09:00,1952.0,1956.0,1947.0,1951.0,900,0.0,0.0
2023-09-27 14:00:00+09:00,1949.0,1962.0,1946.0,1951.0,4400,0.0,0.0
2023-09-28 09:00:00+09:00,1911.0,1963.0,1911.0,1963.0,7600,0.0,0.0
2023-09-28 10:00:00+09:00,1963.0,1973.0,1959.0,1973.0,5300,0.0,0.0
2023-09-28 11:00:00+09:00,1974.0,1980.0,1966.0,1970.0,0,0.0,0.0
2023-09-28 12:00:00+09:00,1960.0,1966.0,1947.0,1947.0,20800,0.0,0.0
2023-09-28 13:00:00+09:00,1946.0,1955.0,1945.0,1948.0,1000,0.0,0.0
2023-09-28 14:00:00+09:00,1951.0,1952.0,1937.0,1947.0,4400,0.0,0.0
2023-09-29 09:00:00+09:00,1964.0,1964.0,1876.0,1895.0,18200,0.0,0.0
2023-09-29 10:00:00+09:00,1888.0,1889.0,1840.0,1845.0,13800,0.0,0.0
2023-09-29 11:00:00+09:00,1845.0,1870.0,1832.0,1862.0,0,0.0,0.0
2023-09-29 12:00:00+09:00,1862.0,1873.0,1855.0,1863.0,41000,0.0,0.0
2023-09-29 13:00:00+09:00,1856.0,1858.0,1850.0,1850.0,2900,0.0,0.0
2023-09-29 14:00:00+09:00,1851.0,1866.0,1847.0,1866.0,5300,0.0,0.0
2023-10-02 09:00:00+09:00,1853.0,1918.0,1839.0,1918.0,15700,0.0,0.0
2023-10-02 10:00:00+09:00,1911.0,1915.0,1900.0,1915.0,1800,0.0,0.0
2023-10-02 11:00:00+09:00,1908.0,1908.0,1902.0,1907.0,0,0.0,0.0
2023-10-02 12:00:00+09:00,1901.0,1907.0,1883.0,1901.0,21400,0.0,0.0
2023-10-02 13:00:00+09:00,1896.0,1901.0,1891.0,1898.0,1300,0.0,0.0
2023-10-02 14:00:00+09:00,1891.0,1901.0,1884.0,1899.0,4400,0.0,0.0
2023-10-03 09:00:00+09:00,1885.0,1885.0,1831.0,1839.0,7700,0.0,0.0
2023-10-03 10:00:00+09:00,1834.0,1850.0,1827.0,1850.0,3900,0.0,0.0
2023-10-03 11:00:00+09:00,1837.0,1837.0,1837.0,1837.0,0,0.0,0.0
2023-10-03 12:00:00+09:00,1839.0,1839.0,1821.0,1821.0,14200,0.0,0.0
2023-10-03 13:00:00+09:00,1824.0,1825.0,1801.0,1808.0,6400,0.0,0.0
2023-10-03 14:00:00+09:00,1807.0,1807.0,1792.0,1796.0,9100,0.0,0.0
2023-10-04 09:00:00+09:00,1753.0,1785.0,1733.0,1771.0,13600,0.0,0.0
2023-10-04 10:00:00+09:00,1764.0,1764.0,1733.0,1744.0,5500,0.0,0.0
2023-10-04 11:00:00+09:00,1737.0,1737.0,1735.0,1735.0,0,0.0,0.0
2023-10-04 12:00:00+09:00,1736.0,1739.0,1722.0,1730.0,25600,0.0,0.0
2023-10-04 13:00:00+09:00,1731.0,1732.0,1711.0,1724.0,9200,0.0,0.0
2023-10-04 14:00:00+09:00,1723.0,1723.0,1710.0,1710.0,6100,0.0,0.0
2023-10-05 09:00:00+09:00,1733.0,1789.0,1733.0,1781.0,8600,0.0,0.0
2023-10-05 10:00:00+09:00,1781.0,1786.0,1770.0,1770.0,2000,0.0,0.0
2023-10-05 11:00:00+09:00,1767.0,1784.0,1758.0,1784.0,0,0.0,0.0
2023-10-05 12:00:00+09:00,1783.0,1783.0,1776.0,1776.0,15100,0.0,0.0
2023-10-05 13:00:00+09:00,1780.0,1780.0,1771.0,1771.0,900,0.0,0.0
2023-10-05 14:00:00+09:00,1767.0,1783.0,1758.0,1783.0,2000,0.0,0.0
2023-10-06 09:00:00+09:00,1800.0,1819.0,1778.0,1803.0,8400,0.0,0.0
2023-10-06 10:00:00+09:00,1803.0,1810.0,1800.0,1800.0,1500,0.0,0.0
2023-10-06 11:00:00+09:00,1800.0,1802.0,1800.0,1802.0,0,0.0,0.0
2023-10-06 12:00:00+09:00,1796.0,1798.0,1793.0,1798.0,11000,0.0,0.0
2023-10-06 13:00:00+09:00,1806.0,1811.0,1806.0,1811.0,700,0.0,0.0
2023-10-06 14:00:00+09:00,1804.0,1809.0,1800.0,1809.0,1800,0.0,0.0
2023-10-10 09:00:00+09:00,1834.0,1876.0,1830.0,1861.0,8600,0.0,0.0
2023-10-10 10:00:00+09:00,1861.0,1875.0,1861.0,1868.0,2200,0.0,0.0
2023-10-10 11:00:00+09:00,1871.0,1887.0,1871.0,1887.0,0,0.0,0.0
2023-10-10 12:00:00+09:00,1874.0,1886.0,1874.0,1877.0,17100,0.0,0.0
2023-10-10 13:00:00+09:00,1879.0,1880.0,1877.0,1877.0,1300,0.0,0.0
2023-10-10 14:00:00+09:00,1882.0,1883.0,1874.0,1881.0,2800,0.0,0.0
2023-10-11 09:00:00+09:00,1894.0,1894.0,1842.0,1870.0,5000,0.0,0.0
2023-10-11 10:00:00+09:00,1867.0,1886.0,1863.0,1880.0,2400,0.0,0.0
2023-10-11 11:00:00+09:00,1877.0,1877.0,1869.0,1874.0,0,0.0,0.0
2023-10-11 12:00:00+09:00,1874.0,1874.0,1874.0,1874.0,8400,0.0,0.0
2023-10-11 13:00:00+09:00,1868.0,1868.0,1868.0,1868.0,100,0.0,0.0
2023-10-11 14:00:00+09:00,1865.0,1865.0,1853.0,1859.0,6100,0.0,0.0
2023-10-12 09:00:00+09:00,1859.0,1882.0,1850.0,1869.0,8900,0.0,0.0
2023-10-12 10:00:00+09:00,1866.0,1874.0,1850.0,1857.0,2400,0.0,0.0
2023-10-12 11:00:00+09:00,1852.0,1852.0,1842.0,1842.0,0,0.0,0.0
2023-10-12 12:00:00+09:00,1849.0,1860.0,1843.0,1851.0,13900,0.0,0.0
2023-10-12 13:00:00+09:00,1864.0,1865.0,1855.0,1855.0,400,0.0,0.0
2023-10-12 14:00:00+09:00,1854.0,1877.0,1853.0,1870.0,4000,0.0,0.0
2023-10-13 09:00:00+09:00,1862.0,1890.0,1862.0,1872.0,0,0.0,0.0
2023-10-13 10:00:00+09:00,1870.0,1875.0,1846.0,1846.0,9700,0.0,0.0
2023-10-13 11:00:00+09:00,1846.0,1846.0,1836.0,1846.0,0,0.0,0.0
2023-10-13 12:00:00+09:00,1866.0,1866.0,1815.0,1828.0,12500,0.0,0.0
2023-10-13 13:00:00+09:00,1815.0,1826.0,1809.0,1822.0,1700,0.0,0.0
2023-10-13 14:00:00+09:00,1821.0,1840.0,1819.0,1820.0,0,0.0,0.0
2023-10-16 09:00:00+09:00,1817.0,1827.0,1790.0,1813.0,5100,0.0,0.0
2023-10-16 10:00:00+09:00,1800.0,1804.0,1800.0,1803.0,300,0.0,0.0
2023-10-16 11:00:00+09:00,1803.0,1803.0,1801.0,1801.0,0,0.0,0.0
2023-10-16 12:00:00+09:00,1801.0,1801.0,1786.0,1798.0,7800,0.0,0.0
2023-10-16 13:00:00+09:00,1794.0,1794.0,1792.0,1792.0,400,0.0,0.0
2023-10-16 14:00:00+09:00,1793.0,1793.0,1762.0,1772.0,10500,0.0,0.0
2023-10-17 09:00:00+09:00,1779.0,1836.0,1779.0,1815.0,0,0.0,0.0
2023-10-17 10:00:00+09:00,1812.0,1812.0,1800.0,1800.0,7100,0.0,0.0
2023-10-17 11:00:00+09:00,1799.0,1799.0,1785.0,1785.0,0,0.0,0.0
2023-10-17 12:00:00+09:00,1785.0,1791.0,1785.0,1791.0,9100,0.0,0.0
2023-10-17 13:00:00+09:00,1783.0,1793.0,1782.0,1784.0,1000,0.0,0.0
2023-10-17 14:00:00+09:00,1787.0,1799.0,1786.0,1796.0,3300,0.0,0.0
2023-10-18 09:00:00+09:00,1822.0,1835.0,1796.0,1807.0,1300,0.0,0.0
2023-10-18 11:00:00+09:00,1801.0,1834.0,1801.0,1804.0,0,0.0,0.0
2023-10-18 12:00:00+09:00,1804.0,1804.0,1804.0,1804.0,4000,0.0,0.0
2023-10-18 13:00:00+09:00,1800.0,1803.0,1800.0,1803.0,200,0.0,0.0
2023-10-18 14:00:00+09:00,1803.0,1803.0,1790.0,1800.0,900,0.0,0.0
2023-10-19 09:00:00+09:00,1800.0,1808.0,1780.0,1804.0,0,0.0,0.0
2023-10-19 10:00:00+09:00,1800.0,1800.0,1779.0,1784.0,3400,0.0,0.0
2023-10-19 11:00:00+09:00,1784.0,1784.0,1784.0,1784.0,0,0.0,0.0
2023-10-19 12:00:00+09:00,1784.0,1784.0,1775.0,1780.0,5300,0.0,0.0
2023-10-19 13:00:00+09:00,1779.0,1791.0,1779.0,1786.0,700,0.0,0.0
2023-10-19 14:00:00+09:00,1786.0,1796.0,1775.0,1783.0,900,0.0,0.0
2023-10-20 09:00:00+09:00,1797.0,1802.0,1786.0,1794.0,3500,0.0,0.0
2023-10-20 10:00:00+09:00,1790.0,1790.0,1785.0,1789.0,700,0.0,0.0
2023-10-20 11:00:00+09:00,1791.0,1796.0,1791.0,1796.0,0,0.0,0.0
2023-10-20 12:00:00+09:00,1801.0,1817.0,1801.0,1817.0,7300,0.0,0.0
2023-10-20 13:00:00+09:00,1807.0,1812.0,1807.0,1812.0,400,0.0,0.0
2023-10-20 14:00:00+09:00,1813.0,1813.0,1797.0,1797.0,1200,0.0,0.0
2023-10-23 09:00:00+09:00,1791.0,1811.0,1784.0,1794.0,5600,0.0,0.0
2023-10-23 10:00:00+09:00,1786.0,1788.0,1780.0,1781.0,600,0.0,0.0
2023-10-23 11:00:00+09:00,1780.0,1780.0,1770.0,1770.0,0,0.0,0.0
2023-10-23 12:00:00+09:00,1767.0,1767.0,1749.0,1754.0,12800,0.0,0.0
2023-10-23 13:00:00+09:00,1747.0,1759.0,1729.0,1746.0,4200,0.0,0.0
2023-10-23 14:00:00+09:00,1748.0,1752.0,1738.0,1738.0,2200,0.0,0.0
2023-10-24 09:00:00+09:00,1733.0,1756.0,1702.0,1702.0,0,0.0,0.0
2023-10-24 10:00:00+09:00,1705.0,1705.0,1681.0,1685.0,10800,0.0,0.0
2023-10-24 11:00:00+09:00,1688.0,1715.0,1688.0,1715.0,0,0.0,0.0
2023-10-24 12:00:00+09:00,1715.0,1715.0,1695.0,1700.0,14700,0.0,0.0
2023-10-24 13:00:00+09:00,1702.0,1721.0,1702.0,1721.0,1000,0.0,0.0
2023-10-24 14:00:00+09:00,1720.0,1749.0,1720.0,1749.0,3200,0.0,0.0
2023-10-25 09:00:00+09:00,1749.0,1762.0,1744.0,1750.0,3700,0.0,0.0
2023-10-25 10:00:00+09:00,1748.0,1768.0,1748.0,1767.0,1000,0.0,0.0
2023-10-25 11:00:00+09:00,1768.0,1770.0,1768.0,1770.0,0,0.0,0.0
2023-10-25 13:00:00+09:00,1762.0,1769.0,1758.0,1769.0,0,0.0,0.0
2023-10-25 14:00:00+09:00,1761.0,1761.0,1752.0,1755.0,8100,0.0,0.0
2023-10-26 09:00:00+09:00,1750.0,1750.0,1732.0,1735.0,2500,0.0,0.0
2023-10-26 10:00:00+09:00,1733.0,1742.0,1728.0,1742.0,1600,0.0,0.0
2023-10-26 11:00:00+09:00,1742.0,1742.0,1742.0,1742.0,0,0.0,0.0
2023-10-26 12:00:00+09:00,1754.0,1754.0,1754.0,1754.0,4900,0.0,0.0
2023-10-26 14:00:00+09:00,1735.0,1745.0,1732.0,1745.0,1000,0.0,0.0
2023-10-27 09:00:00+09:00,1754.0,1770.0,1754.0,1770.0,2000,0.0,0.0
2023-10-27 10:00:00+09:00,1770.0,1784.0,1770.0,1783.0,4300,0.0,0.0
2023-10-27 11:00:00+09:00,1784.0,1795.0,1784.0,1786.0,0,0.0,0.0
2023-10-27 12:00:00+09:00,1780.0,1780.0,1772.0,1778.0,8800,0.0,0.0
2023-10-27 13:00:00+09:00,1769.0,1769.0,1763.0,1763.0,1400,0.0,0.0
2023-10-27 14:00:00+09:00,1757.0,1762.0,1754.0,1762.0,1400,0.0,0.0
2023-10-30 09:00:00+09:00,1757.0,1767.0,1740.0,1740.0,3200,0.0,0.0
2023-10-30 10:00:00+09:00,1745.0,1746.0,1745.0,1746.0,800,0.0,0.0
2023-10-30 11:00:00+09:00,1746.0,1747.0,1735.0,1735.0,0,0.0,0.0
2023-10-30 12:00:00+09:00,1750.0,1751.0,1746.0,1747.0,0,0.0,0.0
2023-10-30 13:00:00+09:00,1744.0,1744.0,1726.0,1730.0,8300,0.0,0.0
2023-10-30 14:00:00+09:00,1735.0,1736.0,1733.0,1736.0,700,0.0,0.0
2023-10-31 09:00:00+09:00,1745.0,1754.0,1715.0,1737.0,4700,0.0,0.0
2023-10-31 11:00:00+09:00,1737.0,1737.0,1737.0,1737.0,0,0.0,0.0
2023-10-31 12:00:00+09:00,1736.0,1736.0,1712.0,1719.0,6000,0.0,0.0
2023-10-31 13:00:00+09:00,1724.0,1750.0,1719.0,1720.0,2000,0.0,0.0
2023-10-31 14:00:00+09:00,1720.0,1735.0,1718.0,1735.0,1800,0.0,0.0
2023-11-01 09:00:00+09:00,1770.0,1782.0,1742.0,1750.0,0,0.0,0.0
2023-11-01 10:00:00+09:00,1761.0,1761.0,1749.0,1750.0,8500,0.0,0.0
2023-11-01 11:00:00+09:00,1749.0,1749.0,1746.0,1746.0,0,0.0,0.0
2023-11-01 12:00:00+09:00,1751.0,1752.0,1748.0,1752.0,10000,0.0,0.0
2023-11-01 13:00:00+09:00,1746.0,1749.0,1743.0,1749.0,1100,0.0,0.0
2023-11-01 14:00:00+09:00,1746.0,1760.0,1746.0,1760.0,1000,0.0,0.0
2023-11-02 09:00:00+09:00,1764.0,1781.0,1759.0,1772.0,7200,0.0,0.0
2023-11-02 10:00:00+09:00,1766.0,1768.0,1763.0,1763.0,400,0.0,0.0
2023-11-02 11:00:00+09:00,1756.0,1756.0,1750.0,1750.0,0,0.0,0.0
2023-11-02 13:00:00+09:00,1735.0,1740.0,1720.0,1740.0,9600,0.0,0.0
2023-11-02 14:00:00+09:00,1741.0,1754.0,1741.0,1754.0,800,0.0,0.0
2023-11-06 09:00:00+09:00,1777.0,1785.0,1705.0,1715.0,17800,0.0,0.0
2023-11-06 10:00:00+09:00,1717.0,1737.0,1717.0,1725.0,5800,0.0,0.0
2023-11-06 11:00:00+09:00,1725.0,1725.0,1712.0,1712.0,0,0.0,0.0
2023-11-06 12:00:00+09:00,1714.0,1718.0,1706.0,1718.0,34200,0.0,0.0
2023-11-06 13:00:00+09:00,1715.0,1721.0,1710.0,1713.0,3900,0.0,0.0
2023-11-06 14:00:00+09:00,1713.0,1725.0,1691.0,1725.0,10800,0.0,0.0
2023-11-07 09:00:00+09:00,1710.0,1736.0,1694.0,1727.0,0,0.0,0.0
2023-11-07 10:00:00+09:00,1725.0,1725.0,1718.0,1718.0,6600,0.0,0.0
2023-11-07 11:00:00+09:00,1719.0,1719.0,1719.0,1719.0,0,0.0,0.0
2023-11-07 12:00:00+09:00,1734.0,1734.0,1727.0,1727.0,6900,0.0,0.0
2023-11-07 13:00:00+09:00,1726.0,1726.0,1725.0,1725.0,200,0.0,0.0
2023-11-07 14:00:00+09:00,1724.0,1725.0,1724.0,1725.0,300,0.0,0.0
2023-11-08 09:00:00+09:00,1749.0,1749.0,1685.0,1685.0,6200,0.0,0.0
2023-11-08 10:00:00+09:00,1692.0,1692.0,1660.0,1669.0,5900,0.0,0.0
2023-11-08 11:00:00+09:00,1665.0,1672.0,1662.0,1662.0,0,0.0,0.0
2023-11-08 12:00:00+09:00,1664.0,1664.0,1627.0,1632.0,26200,0.0,0.0
2023-11-08 13:00:00+09:00,1632.0,1657.0,1632.0,1656.0,1800,0.0,0.0
2023-11-08 14:00:00+09:00,1660.0,1676.0,1651.0,1662.0,4700,0.0,0.0
2023-11-09 09:00:00+09:00,1645.0,1670.0,1643.0,1658.0,11800,0.0,0.0
2023-11-09 10:00:00+09:00,1655.0,1667.0,1650.0,1654.0,3800,0.0,0.0
2023-11-09 11:00:00+09:00,1655.0,1680.0,1655.0,1672.0,0,0.0,0.0
2023-11-09 12:00:00+09:00,1679.0,1683.0,1672.0,1674.0,21100,0.0,0.0
2023-11-09 13:00:00+09:00,1681.0,1697.0,1678.0,1687.0,4300,0.0,0.0
2023-11-09 14:00:00+09:00,1687.0,1695.0,1671.0,1690.0,4900,0.0,0.0
2023-11-10 09:00:00+09:00,1650.0,1688.0,1646.0,1660.0,7000,0.0,0.0
2023-11-10 10:00:00+09:00,1658.0,1658.0,1645.0,1655.0,1800,0.0,0.0
2023-11-10 11:00:00+09:00,1650.0,1658.0,1650.0,1658.0,0,0.0,0.0
2023-11-10 12:00:00+09:00,1658.0,1684.0,1649.0,1684.0,14200,0.0,0.0
2023-11-10 13:00:00+09:00,1678.0,1698.0,1678.0,1691.0,3600,0.0,0.0
2023-11-10 14:00:00+09:00,1697.0,1714.0,1694.0,1694.0,10300,0.0,0.0
2023-11-13 09:00:00+09:00,1693.0,1710.0,1680.0,1687.0,5400,0.0,0.0
2023-11-13 10:00:00+09:00,1674.0,1695.0,1670.0,1688.0,4400,0.0,0.0
2023-11-13 11:00:00+09:00,1688.0,1688.0,1688.0,1688.0,0,0.0,0.0
2023-11-13 12:00:00+09:00,1688.0,1688.0,1669.0,1669.0,10300,0.0,0.0
2023-11-13 13:00:00+09:00,1666.0,1674.0,1666.0,1674.0,500,0.0,0.0
2023-11-13 14:00:00+09:00,1675.0,1684.0,1670.0,1675.0,1200,0.0,0.0
2023-11-14 09:00:00+09:00,1668.0,1716.0,1668.0,1694.0,5000,0.0,0.0
2023-11-14 10:00:00+09:00,1678.0,1692.0,1670.0,1670.0,1600,0.0,0.0
2023-11-14 11:00:00+09:00,1686.0,1686.0,1672.0,1680.0,0,0.0,0.0
2023-11-14 12:00:00+09:00,1680.0,1685.0,1680.0,1684.0,8100,0.0,0.0
2023-11-14 13:00:00+09:00,1683.0,1689.0,1683.0,1689.0,700,0.0,0.0
2023-11-14 14:00:00+09:00,1691.0,1698.0,1691.0,1698.0,2600,0.0,0.0
2023-11-15 09:00:00+09:00,1705.0,1718.0,1697.0,1697.0,0,0.0,0.0
2023-11-15 10:00:00+09:00,1696.0,1696.0,1692.0,1695.0,7300,0.0,0.0
2023-11-15 11:00:00+09:00,1690.0,1690.0,1684.0,1684.0,0,0.0,0.0
2023-11-15 12:00:00+09:00,1717.0,1717.0,1679.0,1689.0,9900,0.0,0.0
2023-11-15 13:00:00+09:00,1694.0,1698.0,1689.0,1689.0,1100,0.0,0.0
2023-11-15 14:00:00+09:00,1687.0,1695.0,1685.0,1689.0,1600,0.0,0.0
2023-11-16 09:00:00+09:00,1684.0,1701.0,1683.0,1700.0,3200,0.0,0.0
2023-11-16 10:00:00+09:00,1694.0,1694.0,1689.0,1689.0,2000,0.0,0.0
2023-11-16 11:00:00+09:00,1686.0,1689.0,1686.0,1689.0,0,0.0,0.0
2023-11-16 13:00:00+09:00,1702.0,1702.0,1694.0,1694.0,6600,0.0,0.0
2023-11-16 14:00:00+09:00,1694.0,1709.0,1694.0,1709.0,2300,0.0,0.0
2023-11-17 09:00:00+09:00,1706.0,1716.0,1701.0,1716.0,1900,0.0,0.0
2023-11-17 10:00:00+09:00,1712.0,1712.0,1705.0,1705.0,1000,0.0,0.0
2023-11-17 11:00:00+09:00,1716.0,1716.0,1716.0,1716.0,0,0.0,0.0
2023-11-17 12:00:00+09:00,1716.0,1724.0,1716.0,1724.0,5200,0.0,0.0
2023-11-17 14:00:00+09:00,1717.0,1735.0,1716.0,1733.0,4600,0.0,0.0
2023-11-20 09:00:00+09:00,1733.0,1754.0,1733.0,1746.0,9700,0.0,0.0
2023-11-20 10:00:00+09:00,1742.0,1745.0,1735.0,1745.0,2600,0.0,0.0
2023-11-20 11:00:00+09:00,1744.0,1744.0,1740.0,1740.0,0,0.0,0.0
2023-11-20 12:00:00+09:00,1744.0,1747.0,1738.0,1738.0,15000,0.0,0.0
2023-11-20 14:00:00+09:00,1736.0,1748.0,1736.0,1740.0,3400,0.0,0.0
2023-11-21 09:00:00+09:00,1740.0,1743.0,1724.0,1732.0,2100,0.0,0.0
2023-11-21 10:00:00+09:00,1726.0,1733.0,1722.0,1733.0,700,0.0,0.0
2023-11-21 11:00:00+09:00,1729.0,1729.0,1729.0,1729.0,0,0.0,0.0
2023-11-21 12:00:00+09:00,1727.0,1739.0,1727.0,1739.0,3600,0.0,0.0
2023-11-21 13:00:00+09:00,1733.0,1733.0,1731.0,1731.0,200,0.0,0.0
2023-11-21 14:00:00+09:00,1731.0,1734.0,1731.0,1734.0,0,0.0,0.0
2023-11-22 09:00:00+09:00,1734.0,1737.0,1723.0,1731.0,2400,0.0,0.0
2023-11-22 10:00:00+09:00,1734.0,1739.0,1732.0,1739.0,500,0.0,0.0
2023-11-22 11:00:00+09:00,1743.0,1760.0,1740.0,1757.0,0,0.0,0.0
2023-11-22 12:00:00+09:00,1747.0,1756.0,1747.0,1756.0,10800,0.0,0.0
2023-11-22 13:00:00+09:00,1747.0,1749.0,1747.0,1749.0,400,0.0,0.0
2023-11-22 14:00:00+09:00,1745.0,1751.0,1745.0,1745.0,1900,0.0,0.0
2023-11-24 09:00:00+09:00,1759.0,1761.0,1745.0,1745.0,2400,0.0,0.0
2023-11-24 10:00:00+09:00,1747.0,1747.0,1740.0,1740.0,400,0.0,0.0
2023-11-24 11:00:00+09:00,1740.0,1743.0,1740.0,1743.0,0,0.0,0.0
2023-11-24 12:00:00+09:00,1745.0,1749.0,1743.0,1745.0,4600,0.0,0.0
2023-11-24 13:00:00+09:00,1743.0,1743.0,1743.0,1743.0,0,0.0,0.0
2023-11-24 14:00:00+09:00,1740.0,1750.0,1735.0,1750.0,5800,0.0,0.0
2023-11-27 09:00:00+09:00,1753.0,1782.0,1753.0,1779.0,200,0.0,0.0
2023-11-27 10:00:00+09:00,1777.0,1791.0,1769.0,1770.0,4000,0.0,0.0
2023-11-27 11:00:00+09:00,1770.0,1770.0,1770.0,1770.0,0,0.0,0.0
2023-11-27 12:00:00+09:00,1774.0,1776.0,1769.0,1773.0,12300,0.0,0.0
2023-11-27 13:00:00+09:00,1766.0,1782.0,1766.0,1782.0,1300,0.0,0.0
2023-11-27 14:00:00+09:00,1777.0,1784.0,1772.0,1784.0,1300,0.0,0.0
2023-11-28 09:00:00+09:00,1790.0,1796.0,1785.0,1790.0,4400,0.0,0.0
2023-11-28 11:00:00+09:00,1792.0,1792.0,1789.0,1789.0,0,0.0,0.0
2023-11-28 12:00:00+09:00,1797.0,1797.0,1789.0,1792.0,5100,0.0,0.0
2023-11-28 13:00:00+09:00,1790.0,1797.0,1787.0,1793.0,2300,0.0,0.0
2023-11-28 14:00:00+09:00,1795.0,1803.0,1795.0,1799.0,1700,0.0,0.0
2023-11-29 09:00:00+09:00,1798.0,1798.0,1771.0,1777.0,5200,0.0,0.0
2023-11-29 10:00:00+09:00,1778.0,1780.0,1776.0,1779.0,1400,0.0,0.0
2023-11-29 11:00:00+09:00,1781.0,1781.0,1781.0,1781.0,0,0.0,0.0
2023-11-29 12:00:00+09:00,1781.0,1781.0,1781.0,1781.0,7100,0.0,0.0
2023-11-29 13:00:00+09:00,1781.0,1781.0,1781.0,1781.0,200,0.0,0.0
2023-11-29 14:00:00+09:00,1780.0,1790.0,1780.0,1787.0,1100,0.0,0.0
2023-11-30 09:00:00+09:00,1773.0,1796.0,1773.0,1787.0,1900,0.0,0.0
2023-11-30 10:00:00+09:00,1792.0,1795.0,1789.0,1789.0,300,0.0,0.0
2023-11-30 11:00:00+09:00,1789.0,1794.0,1789.0,1794.0,0,0.0,0.0
2023-11-30 12:00:00+09:00,1793.0,1793.0,1789.0,1789.0,3100,0.0,0.0
2023-11-30 13:00:00+09:00,1791.0,1794.0,1791.0,1794.0,400,0.0,0.0
2023-11-30 14:00:00+09:00,1791.0,1798.0,1791.0,1791.0,0,0.0,0.0
2023-12-01 09:00:00+09:00,1802.0,1815.0,1778.0,1800.0,8000,0.0,0.0
2023-12-01 10:00:00+09:00,1800.0,1816.0,1800.0,1810.0,3200,0.0,0.0
2023-12-01 11:00:00+09:00,1813.0,1813.0,1809.0,1809.0,0,0.0,0.0
2023-12-01 12:00:00+09:00,1813.0,1813.0,1809.0,1809.0,13900,0.0,0.0
2023-12-01 13:00:00+09:00,1810.0,1810.0,1807.0,1807.0,200,0.0,0.0
2023-12-01 14:00:00+09:00,1807.0,1807.0,1801.0,1802.0,900,0.0,0.0
2023-12-04 09:00:00+09:00,1814.0,1843.0,1810.0,1843.0,9300,0.0,0.0
2023-12-04 10:00:00+09:00,1841.0,1869.0,1840.0,1863.0,9900,0.0,0.0
2023-12-04 11:00:00+09:00,1862.0,1862.0,1844.0,1844.0,0,0.0,0.0
2023-12-04 12:00:00+09:00,1844.0,1861.0,1844.0,1858.0,21700,0.0,0.0
2023-12-04 13:00:00+09:00,1859.0,1865.0,1855.0,1865.0,2100,0.0,0.0
2023-12-04 14:00:00+09:00,1865.0,1865.0,1848.0,1848.0,1700,0.0,0.0
2023-12-05 09:00:00+09:00,1832.0,1856.0,1832.0,1856.0,0,0.0,0.0
2023-12-05 10:00:00+09:00,1848.0,1848.0,1826.0,1826.0,7700,0.0,0.0
2023-12-05 11:00:00+09:00,1828.0,1828.0,1824.0,1824.0,0,0.0,0.0
2023-12-05 12:00:00+09:00,1839.0,1839.0,1837.0,1837.0,8700,0.0,0.0
2023-12-05 13:00:00+09:00,1836.0,1839.0,1821.0,1821.0,0,0.0,0.0
2023-12-05 14:00:00+09:00,1827.0,1827.0,1820.0,1820.0,9900,0.0,0.0
2023-12-06 09:00:00+09:00,1827.0,1832.0,1820.0,1827.0,1800,0.0,0.0
2023-12-06 10:00:00+09:00,1829.0,1834.0,1827.0,1834.0,1700,0.0,0.0
2023-12-06 11:00:00+09:00,1835.0,1835.0,1831.0,1835.0,0,0.0,0.0
2023-12-06 12:00:00+09:00,1833.0,1833.0,1825.0,1825.0,4600,0.0,0.0
2023-12-06 13:00:00+09:00,1824.0,1825.0,1821.0,1825.0,300,0.0,0.0
2023-12-06 14:00:00+09:00,1822.0,1822.0,1813.0,1813.0,1900,0.0,0.0
2023-12-07 09:00:00+09:00,1818.0,1818.0,1787.0,1791.0,4500,0.0,0.0
2023-12-07 10:00:00+09:00,1787.0,1796.0,1777.0,1796.0,2500,0.0,0.0
2023-12-07 11:00:00+09:00,1796.0,1796.0,1780.0,1780.0,0,0.0,0.0
2023-12-07 12:00:00+09:00,1777.0,1777.0,1770.0,1773.0,10300,0.0,0.0
2023-12-07 13:00:00+09:00,1773.0,1783.0,1773.0,1779.0,1000,0.0,0.0
2023-12-07 14:00:00+09:00,1787.0,1800.0,1778.0,1778.0,1400,0.0,0.0
2023-12-08 09:00:00+09:00,1771.0,1771.0,1740.0,1740.0,5800,0.0,0.0
2023-12-08 10:00:00+09:00,1734.0,1750.0,1734.0,1738.0,5900,0.0,0.0
2023-12-08 11:00:00+09:00,1734.0,1744.0,1730.0,1741.0,0,0.0,0.0
2023-12-08 12:00:00+09:00,1741.0,1748.0,1739.0,1745.0,15000,0.0,0.0
2023-12-08 13:00:00+09:00,1753.0,1753.0,1735.0,1736.0,1100,0.0,0.0
2023-12-08 14:00:00+09:00,1737.0,1744.0,1733.0,1737.0,1900,0.0,0.0
2023-12-11 09:00:00+09:00,1747.0,1765.0,1747.0,1758.0,1500,0.0,0.0
2023-12-11 10:00:00+09:00,1760.0,1771.0,1760.0,1771.0,0,0.0,0.0
2023-12-11 11:00:00+09:00,1769.0,1769.0,1768.0,1768.0,0,0.0,0.0
2023-12-11 12:00:00+09:00,1771.0,1772.0,1769.0,1771.0,3400,0.0,0.0
2023-12-11 13:00:00+09:00,1772.0,1780.0,1772.0,1775.0,1300,0.0,0.0
2023-12-11 14:00:00+09:00,1776.0,1782.0,1775.0,1779.0,2800,0.0,0.0
2023-12-12 09:00:00+09:00,1785.0,1807.0,1775.0,1790.0,2900,0.0,0.0
2023-12-12 10:00:00+09:00,1790.0,1790.0,1789.0,1789.0,200,0.0,0.0
2023-12-12 11:00:00+09:00,1785.0,1785.0,1780.0,1780.0,0,0.0,0.0
2023-12-12 12:00:00+09:00,1782.0,1785.0,1776.0,1776.0,5300,0.0,0.0
2023-12-12 13:00:00+09:00,1777.0,1777.0,1775.0,1775.0,200,0.0,0.0
2023-12-12 14:00:00+09:00,1775.0,1775.0,1769.0,1770.0,800,0.0,0.0
2023-12-13 09:00:00+09:00,1771.0,1771.0,1765.0,1765.0,0,0.0,0.0
2023-12-13 10:00:00+09:00,1767.0,1767.0,1753.0,1755.0,700,0.0,0.0
2023-12-13 11:00:00+09:00,1750.0,1750.0,1741.0,1749.0,0,0.0,0.0
2023-12-13 12:00:00+09:00,1764.0,1764.0,1742.0,1742.0,4600,0.0,0.0
2023-12-13 13:00:00+09:00,1742.0,1742.0,1729.0,1735.0,4000,0.0,0.0
2023-12-13 14:00:00+09:00,1735.0,1749.0,1735.0,1747.0,2200,0.0,0.0
2023-12-14 09:00:00+09:00,1743.0,1749.0,1725.0,1739.0,3500,0.0,0.0
2023-12-14 10:00:00+09:00,1733.0,1733.0,1720.0,1720.0,800,0.0,0.0
2023-12-14 11:00:00+09:00,1723.0,1748.0,1722.0,1746.0,0,0.0,0.0
2023-12-14 12:00:00+09:00,1740.0,1740.0,1719.0,1720.0,7400,0.0,0.0
2023-12-14 13:00:00+09:00,1718.0,1718.0,1710.0,1710.0,1200,0.0,0.0
2023-12-14 14:00:00+09:00,1718.0,1718.0,1712.0,1717.0,900,0.0,0.0
2023-12-15 09:00:00+09:00,1746.0,1750.0,1743.0,1749.0,1600,0.0,0.0
2023-12-15 10:00:00+09:00,1750.0,1759.0,1750.0,1756.0,1300,0.0,0.0
2023-12-15 11:00:00+09:00,1746.0,1746.0,1740.0,1740.0,0,0.0,0.0
2023-12-15 12:00:00+09:00,1759.0,1759.0,1759.0,1759.0,3500,0.0,0.0
2023-12-15 13:00:00+09:00,1751.0,1751.0,1745.0,1745.0,1100,0.0,0.0
2023-12-15 14:00:00+09:00,1745.0,1748.0,1741.0,1748.0,1200,0.0,0.0
2023-12-18 09:00:00+09:00,1757.0,1771.0,1724.0,1749.0,12300,0.0,0.0
2023-12-18 10:00:00+09:00,1752.0,1775.0,1752.0,1775.0,1900,0.0,0.0
2023-12-18 11:00:00+09:00,1771.0,1781.0,1768.0,1777.0,0,0.0,0.0
2023-12-18 12:00:00+09:00,1777.0,1785.0,1767.0,1785.0,20100,0.0,0.0
2023-12-18 13:00:00+09:00,1785.0,1791.0,1785.0,1791.0,900,0.0,0.0
2023-12-18 14:00:00+09:00,1791.0,1791.0,1774.0,1778.0,5200,0.0,0.0
2023-12-19 09:00:00+09:00,1777.0,1777.0,1746.0,1759.0,2100,0.0,0.0
2023-12-19 10:00:00+09:00,1756.0,1756.0,1737.0,1740.0,1300,0.0,0.0
2023-12-19 11:00:00+09:00,1739.0,1739.0,1727.0,1727.0,0,0.0,0.0
2023-12-19 12:00:00+09:00,1745.0,1760.0,1745.0,1760.0,7800,0.0,0.0
2023-12-19 13:00:00+09:00,1755.0,1755.0,1730.0,1737.0,3500,0.0,0.0
2023-12-19 14:00:00+09:00,1740.0,1746.0,1732.0,1741.0,3100,0.0,0.0
2023-12-20 09:00:00+09:00,1748.0,1767.0,1731.0,1754.0,5700,0.0,0.0
2023-12-20 10:00:00+09:00,1750.0,1757.0,1750.0,1751.0,1200,0.0,0.0
2023-12-20 11:00:00+09:00,1754.0,1754.0,1754.0,1754.0,0,0.0,0.0
2023-12-20 12:00:00+09:00,1751.0,1752.0,1743.0,1752.0,8300,0.0,0.0
2023-12-20 13:00:00+09:00,1755.0,1767.0,1755.0,1767.0,3300,0.0,0.0
2023-12-20 14:00:00+09:00,1763.0,1767.0,1747.0,1747.0,5300,0.0,0.0
2023-12-21 09:00:00+09:00,1747.0,1750.0,1737.0,1737.0,1200,0.0,0.0
2023-12-21 10:00:00+09:00,1736.0,1760.0,1728.0,1746.0,4400,0.0,0.0
2023-12-21 11:00:00+09:00,1746.0,1746.0,1746.0,1746.0,0,0.0,0.0
2023-12-21 12:00:00+09:00,1750.0,1752.0,1750.0,1752.0,7300,0.0,0.0
2023-12-21 13:00:00+09:00,1752.0,1755.0,1750.0,1750.0,800,0.0,0.0
2023-12-21 14:00:00+09:00,1755.0,1764.0,1740.0,1740.0,2900,0.0,0.0
2023-12-22 09:00:00+09:00,1754.0,1792.0,1754.0,1766.0,0,0.0,0.0
2023-12-22 10:00:00+09:00,1763.0,1769.0,1762.0,1768.0,2600,0.0,0.0
2023-12-22 11:00:00+09:00,1768.0,1768.0,1768.0,1768.0,0,0.0,0.0
2023-12-22 12:00:00+09:00,1773.0,1774.0,1765.0,1771.0,14600,0.0,0.0
2023-12-22 13:00:00+09:00,1768.0,1770.0,1763.0,1765.0,1200,0.0,0.0
2023-12-22 14:00:00+09:00,1765.0,1778.0,1765.0,1765.0,1200,0.0,0.0
2023-12-25 09:00:00+09:00,1787.0,1789.0,1763.0,1774.0,0,0.0,0.0
2023-12-25 10:00:00+09:00,1766.0,1766.0,1752.0,1752.0,800,0.0,0.0
2023-12-25 11:00:00+09:00,1751.0,1752.0,1751.0,1752.0,0,0.0,0.0
2023-12-25 12:00:00+09:00,1750.0,1750.0,1733.0,1733.0,11800,0.0,0.0
2023-12-25 13:00:00+09:00,1733.0,1733.0,1718.0,1725.0,1700,0.0,0.0
2023-12-25 14:00:00+09:00,1728.0,1728.0,1725.0,1726.0,700,0.0,0.0
2023-12-26 09:00:00+09:00,1737.0,1739.0,1720.0,1725.0,3400,0.0,0.0
2023-12-26 10:00:00+09:00,1724.0,1731.0,1721.0,1731.0,1300,0.0,0.0
2023-12-26 11:00:00+09:00,1731.0,1731.0,1731.0,1731.0,0,0.0,0.0
2023-12-26 12:00:00+09:00,1731.0,1731.0,1723.0,1723.0,6700,0.0,0.0
2023-12-26 13:00:00+09:00,1721.0,1721.0,1702.0,1713.0,4000,0.0,0.0
2023-12-26 14:00:00+09:00,1713.0,1714.0,1707.0,1707.0,1500,0.0,0.0
2023-12-27 09:00:00+09:00,1712.0,1735.0,1712.0,1725.0,4600,0.0,0.0
2023-12-27 10:00:00+09:00,1722.0,1730.0,1721.0,1730.0,0,0.0,0.0
2023-12-27 11:00:00+09:00,1730.0,1730.0,1730.0,1730.0,0,0.0,0.0
2023-12-27 12:00:00+09:00,1743.0,1744.0,1734.0,1740.0,10400,0.0,0.0
2023-12-27 13:00:00+09:00,1734.0,1745.0,1734.0,1745.0,3500,0.0,0.0
2023-12-27 14:00:00+09:00,1746.0,1772.0,1746.0,1772.0,8600,0.0,0.0
2023-12-28 09:00:00+09:00,1764.0,1764.0,1702.0,1732.0,7000,0.0,0.0
2023-12-28 10:00:00+09:00,1738.0,1739.0,1725.0,1727.0,1700,0.0,0.0
2023-12-28 11:00:00+09:00,1728.0,1728.0,1728.0,1728.0,0,0.0,0.0
2023-12-28 12:00:00+09:00,1738.0,1738.0,1729.0,1729.0,9400,0.0,0.0
2023-12-28 13:00:00+09:00,1728.0,1732.0,1728.0,1732.0,200,0.0,0.0
2023-12-28 14:00:00+09:00,1734.0,1735.0,1730.0,1730.0,1200,0.0,0.0
2023-12-29 09:00:00+09:00,1727.0,1733.0,1715.0,1724.0,6500,0.0,0.0
2023-12-29 10:00:00+09:00,1724.0,1739.0,1721.0,1721.0,2500,0.0,0.0
2023-12-29 11:00:00+09:00,1726.0,1740.0,1726.0,1740.0,0,0.0,0.0
2023-12-29 12:00:00+09:00,1738.0,1738.0,1738.0,1738.0,9400,0.0,0.0
2023-12-29 13:00:00+09:00,1727.0,1727.0,1703.0,1715.0,9300,0.0,0.0
2023-12-29 14:00:00+09:00,1711.0,1725.0,1711.0,1717.0,2700,0.0,0.0
2024-01-04 09:00:00+09:00,1745.0,1801.0,1727.0,1788.0,14700,0.0,0.0
2024-01-04 10:00:00+09:00,1786.0,1807.0,1786.0,1796.0,6600,0.0,0.0
2024-01-04 11:00:00+09:00,1800.0,1804.0,1800.0,1801.0,0,0.0,0.0
2024-01-04 12:00:00+09:00,1805.0,1825.0,1805.0,1823.0,31100,0.0,0.0
2024-01-04 13:00:00+09:00,1824.0,1830.0,1800.0,1814.0,3400,0.0,0.0
2024-01-04 14:00:00+09:00,1823.0,1830.0,1817.0,1830.0,3700,0.0,0.0
2024-01-05 09:00:00+09:00,1825.0,1950.0,1825.0,1902.0,46700,0.0,0.0
2024-01-05 10:00:00+09:00,1899.0,1912.0,1885.0,1893.0,9200,0.0,0.0
2024-01-05 11:00:00+09:00,1890.0,1904.0,1890.0,1893.0,0,0.0,0.0
2024-01-05 12:00:00+09:00,1904.0,1904.0,1890.0,1890.0,60200,0.0,0.0
2024-01-05 13:00:00+09:00,1890.0,1905.0,1888.0,1900.0,4600,0.0,0.0
2024-01-05 14:00:00+09:00,1899.0,1907.0,1897.0,1900.0,5600,0.0,0.0
2024-01-09 09:00:00+09:00,1936.0,1936.0,1880.0,1887.0,11300,0.0,0.0
2024-01-09 10:00:00+09:00,1887.0,1917.0,1887.0,1896.0,4000,0.0,0.0
2024-01-09 11:00:00+09:00,1898.0,1899.0,1896.0,1896.0,0,0.0,0.0
2024-01-09 12:00:00+09:00,1891.0,1906.0,1891.0,1896.0,19600,0.0,0.0
2024-01-09 13:00:00+09:00,1905.0,1905.0,1899.0,1900.0,700,0.0,0.0
2024-01-09 14:00:00+09:00,1899.0,1907.0,1893.0,1893.0,6700,0.0,0.0
2024-01-10 09:00:00+09:00,1906.0,1952.0,1893.0,1933.0,12800,0.0,0.0
2024-01-10 10:00:00+09:00,1933.0,1935.0,1918.0,1918.0,1300,0.0,0.0
2024-01-10 11:00:00+09:00,1919.0,1927.0,1903.0,1927.0,0,0.0,0.0
2024-01-10 12:00:00+09:00,1925.0,1925.0,1914.0,1918.0,17000,0.0,0.0
2024-01-10 13:00:00+09:00,1917.0,1932.0,1911.0,1927.0,8900,0.0,0.0
2024-01-10 14:00:00+09:00,1927.0,1935.0,1927.0,1932.0,3500,0.0,0.0
2024-01-11 09:00:00+09:00,1930.0,1930.0,1900.0,1906.0,6300,0.0,0.0
2024-01-11 10:00:00+09:00,1906.0,1908.0,1885.0,1895.0,7200,0.0,0.0
2024-01-11 11:00:00+09:00,1897.0,1908.0,1890.0,1890.0,0,0.0,0.0
2024-01-11 12:00:00+09:00,1890.0,1915.0,1890.0,1915.0,19500,0.0,0.0
2024-01-11 13:00:00+09:00,1915.0,1917.0,1911.0,1917.0,800,0.0,0.0
2024-01-11 14:00:00+09:00,1915.0,1915.0,1908.0,1908.0,1700,0.0,0.0
2024-01-12 09:00:00+09:00,1900.0,1956.0,1900.0,1911.0,0,0.0,0.0
2024-01-12 10:00:00+09:00,1910.0,1926.0,1903.0,1921.0,2600,0.0,0.0
2024-01-12 11:00:00+09:00,1922.0,1926.0,1922.0,1926.0,0,0.0,0.0
2024-01-12 12:00:00+09:00,1935.0,1946.0,1935.0,1940.0,18100,0.0,0.0
2024-01-12 13:00:00+09:00,1940.0,1940.0,1935.0,1935.0,1500,0.0,0.0
2024-01-12 14:00:00+09:00,1934.0,1946.0,1930.0,1931.0,4400,0.0,0.0
2024-01-15 09:00:00+09:00,1922.0,2045.0,1922.0,2045.0,13200,0.0,0.0
2024-01-15 10:00:00+09:00,2045.0,2052.0,2033.0,2045.0,9000,0.0,0.0
2024-01-15 11:00:00+09:00,2047.0,2049.0,2032.0,2048.0,0,0.0,0.0
2024-01-15 12:00:00+09:00,2050.0,2057.0,2038.0,2038.0,56200,0.0,0.0
2024-01-15 13:00:00+09:00,2040.0,2042.0,2027.0,2029.0,3400,0.0,0.0
2024-01-15 14:00:00+09:00,2027.0,2027.0,2005.0,2022.0,7200,0.0,0.0
2024-01-16 09:00:00+09:00,2022.0,2031.0,1995.0,2020.0,11100,0.0,0.0
2024-01-16 10:00:00+09:00,2010.0,2031.0,2001.0,2017.0,3500,0.0,0.0
2024-01-16 11:00:00+09:00,2020.0,2020.0,2020.0,2020.0,0,0.0,0.0
2024-01-16 12:00:00+09:00,2020.0,2025.0,2006.0,2006.0,18000,0.0,0.0
2024-01-16 13:00:00+09:00,2009.0,2009.0,1987.0,1987.0,6400,0.0,0.0
2024-01-16 14:00:00+09:00,1995.0,2006.0,1979.0,1993.0,7700,0.0,0.0
2024-01-17 09:00:00+09:00,2003.0,2027.0,2003.0,2021.0,8700,0.0,0.0
2024-01-17 10:00:00+09:00,2024.0,2029.0,1996.0,1996.0,5500,0.0,0.0
2024-01-17 11:00:00+09:00,1995.0,1995.0,1971.0,1988.0,0,0.0,0.0
2024-01-17 12:00:00+09:00,1980.0,1982.0,1966.0,1966.0,19900,0.0,0.0
2024-01-17 13:00:00+09:00,1969.0,1984.0,1965.0,1984.0,2300,0.0,0.0
2024-01-17 14:00:00+09:00,1982.0,1982.0,1965.0,1965.0,2800,0.0,0.0
2024-01-18 09:00:00+09:00,2000.0,2018.0,1973.0,2010.0,6900,0.0,0.0
2024-01-18 10:00:00+09:00,2001.0,2001.0,1975.0,1979.0,3600,0.0,0.0
2024-01-18 11:00:00+09:00,1990.0,1990.0,1963.0,1963.0,0,0.0,0.0
2024-01-18 12:00:00+09:00,1964.0,1964.0,1950.0,1955.0,13200,0.0,0.0
2024-01-18 13:00:00+09:00,1955.0,1974.0,1953.0,1953.0,5100,0.0,0.0
2024-01-18 14:00:00+09:00,1965.0,1995.0,1965.0,1995.0,2300,0.0,0.0
2024-01-19 09:00:00+09:00,1999.0,2005.0,1960.0,1975.0,3900,0.0,0.0
2024-01-19 10:00:00+09:00,1980.0,1984.0,1975.0,1975.0,500,0.0,0.0
2024-01-19 11:00:00+09:00,1986.0,1986.0,1985.0,1985.0,0,0.0,0.0
2024-01-19 12:00:00+09:00,1987.0,1996.0,1986.0,1988.0,6600,0.0,0.0
2024-01-19 13:00:00+09:00,1988.0,1988.0,1988.0,1988.0,400,0.0,0.0
2024-01-19 14:00:00+09:00,1985.0,2003.0,1975.0,1988.0,4500,0.0,0.0
2024-01-22 09:00:00+09:00,1992.0,1993.0,1963.0,1978.0,8300,0.0,0.0
2024-01-22 10:00:00+09:00,1981.0,1985.0,1975.0,1976.0,4100,0.0,0.0
2024-01-22 11:00:00+09:00,1976.0,1976.0,1976.0,1976.0,0,0.0,0.0
2024-01-22 12:00:00+09:00,1983.0,1998.0,1982.0,1998.0,15700,0.0,0.0
2024-01-22 13:00:00+09:00,1996.0,2026.0,1995.0,2026.0,6700,0.0,0.0
2024-01-22 14:00:00+09:00,2020.0,2028.0,2019.0,2026.0,2800,0.0,0.0
2024-01-23 09:00:00+09:00,2006.0,2015.0,2003.0,2009.0,3700,0.0,0.0
2024-01-23 10:00:00+09:00,2007.0,2009.0,1998.0,2009.0,3400,0.0,0.0
2024-01-23 11:00:00+09:00,2010.0,2014.0,2010.0,2014.0,0,0.0,0.0
2024-01-23 12:00:00+09:00,2007.0,2008.0,1988.0,1988.0,11900,0.0,0.0
2024-01-23 13:00:00+09:00,1993.0,2006.0,1990.0,2006.0,1200,0.0,0.0
2024-01-23 14:00:00+09:00,2000.0,2000.0,1995.0,1999.0,2400,0.0,0.0
2024-01-24 09:00:00+09:00,1998.0,2010.0,1993.0,2005.0,2500,0.0,0.0
2024-01-24 10:00:00+09:00,2008.0,2035.0,2008.0,2024.0,5000,0.0,0.0
2024-01-24 11:00:00+09:00,2024.0,2024.0,2009.0,2009.0,0,0.0,0.0
2024-01-24 12:00:00+09:00,2009.0,2020.0,2009.0,2011.0,10000,0.0,0.0
2024-01-24 13:00:00+09:00,2011.0,2015.0,2008.0,2015.0,600,0.0,0.0
2024-01-24 14:00:00+09:00,2013.0,2030.0,2013.0,2025.0,3500,0.0,0.0
2024-01-25 09:00:00+09:00,2040.0,2054.0,2027.0,2054.0,6000,0.0,0.0
2024-01-25 10:00:00+09:00,2052.0,2069.0,2042.0,2049.0,8100,0.0,0.0
2024-01-25 11:00:00+09:00,2050.0,2050.0,2050.0,2050.0,0,0.0,0.0
2024-01-25 12:00:00+09:00,2052.0,2065.0,2045.0,2065.0,16500,0.0,0.0
2024-01-25 13:00:00+09:00,2060.0,2069.0,2059.0,2063.0,1300,0.0,0.0
2024-01-25 14:00:00+09:00,2066.0,2069.0,2051.0,2069.0,1900,0.0,0.0
2024-01-26 09:00:00+09:00,2047.0,2059.0,2025.0,2025.0,0,0.0,0.0
2024-01-26 10:00:00+09:00,2026.0,2027.0,2015.0,2015.0,7700,0.0,0.0
2024-01-26 11:00:00+09:00,2005.0,2015.0,2000.0,2012.0,0,0.0,0.0
2024-01-26 12:00:00+09:00,2012.0,2012.0,2001.0,2001.0,10600,0.0,0.0
2024-01-26 13:00:00+09:00,2004.0,2005.0,1991.0,1991.0,4200,0.0,0.0
2024-01-26 14:00:00+09:00,1992.0,2000.0,1991.0,1997.0,2500,0.0,0.0
2024-01-29 09:00:00+09:00,2024.0,2025.0,2000.0,2012.0,3600,0.0,0.0
2024-01-29 10:00:00+09:00,2007.0,2010.0,2002.0,2010.0,500,0.0,0.0
2024-01-29 11:00:00+09:00,2014.0,2019.0,2014.0,2019.0,0,0.0,0.0
2024-01-29 12:00:00+09:00,2020.0,2030.0,2018.0,2030.0,6000,0.0,0.0
2024-01-29 13:00:00+09:00,2036.0,2038.0,2025.0,2028.0,1300,0.0,0.0
2024-01-29 14:00:00+09:00,2020.0,2027.0,2020.0,2020.0,1000,0.0,0.0
2024-01-30 09:00:00+09:00,2029.0,2029.0,2010.0,2014.0,900,0.0,0.0
2024-01-30 11:00:00+09:00,2025.0,2025.0,2025.0,2025.0,0,0.0,0.0
2024-01-30 12:00:00+09:00,2025.0,2025.0,2025.0,2025.0,1500,0.0,0.0
2024-01-30 13:00:00+09:00,2025.0,2028.0,2018.0,2028.0,2900,0.0,0.0
2024-01-30 14:00:00+09:00,2024.0,2024.0,2017.0,2019.0,800,0.0,0.0
2024-01-31 09:00:00+09:00,2015.0,2016.0,1990.0,1991.0,5700,0.0,0.0
2024-01-31 10:00:00+09:00,1993.0,1993.0,1993.0,1993.0,100,0.0,0.0
2024-01-31 11:00:00+09:00,1995.0,1995.0,1992.0,1992.0,0,0.0,0.0
2024-01-31 12:00:00+09:00,1992.0,2002.0,1978.0,2002.0,15800,0.0,0.0
2024-01-31 13:00:00+09:00,1996.0,2006.0,1996.0,2006.0,1100,0.0,0.0
2024-01-31 14:00:00+09:00,2006.0,2016.0,2004.0,2006.0,1500,0.0,0.0
2024-02-01 09:00:00+09:00,2010.0,2021.0,1976.0,1976.0,8000,0.0,0.0
2024-02-01 10:00:00+09:00,1990.0,1996.0,1985.0,1989.0,900,0.0,0.0
2024-02-01 11:00:00+09:00,1990.0,1990.0,1985.0,1985.0,0,0.0,0.0
2024-02-01 12:00:00+09:00,1992.0,2009.0,1990.0,1990.0,10000,0.0,0.0
2024-02-01 14:00:00+09:00,2002.0,2003.0,1991.0,2000.0,2400,0.0,0.0
2024-02-02 09:00:00+09:00,1999.0,1999.0,1941.0,1976.0,9600,0.0,0.0
2024-02-02 10:00:00+09:00,1972.0,1990.0,1972.0,1988.0,2400,0.0,0.0
2024-02-02 11:00:00+09:00,1982.0,1982.0,1982.0,1982.0,0,0.0,0.0
2024-02-02 12:00:00+09:00,1982.0,1982.0,1982.0,1982.0,13500,0.0,0.0
2024-02-02 13:00:00+09:00,1977.0,1980.0,1968.0,1980.0,1800,0.0,0.0
2024-02-02 14:00:00+09:00,1979.0,1979.0,1973.0,1973.0,900,0.0,0.0
2024-02-05 09:00:00+09:00,1982.0,1994.0,1976.0,1994.0,3500,0.0,0.0
2024-02-05 10:00:00+09:00,1996.0,2000.0,1989.0,1989.0,1600,0.0,0.0
2024-02-05 11:00:00+09:00,2000.0,2002.0,1996.0,2002.0,0,0.0,0.0
2024-02-05 12:00:00+09:00,2002.0,2002.0,1987.0,1987.0,6300,0.0,0.0
2024-02-05 13:00:00+09:00,1988.0,1996.0,1988.0,1994.0,700,0.0,0.0
2024-02-05 14:00:00+09:00,1993.0,2000.0,1993.0,1995.0,1100,0.0,0.0
2024-02-06 09:00:00+09:00,1995.0,1995.0,1968.0,1988.0,2600,0.0,0.0
2024-02-06 10:00:00+09:00,1990.0,1990.0,1990.0,1990.0,100,0.0,0.0
2024-02-06 11:00:00+09:00,1990.0,1990.0,1990.0,1990.0,0,0.0,0.0
2024-02-06 12:00:00+09:00,1995.0,1995.0,1995.0,1995.0,3800,0.0,0.0
2024-02-06 13:00:00+09:00,1991.0,1995.0,1968.0,1968.0,2400,0.0,0.0
2024-02-06 14:00:00+09:00,1969.0,1974.0,1963.0,1964.0,2700,0.0,0.0
2024-02-07 09:00:00+09:00,1956.0,1977.0,1956.0,1977.0,1300,0.0,0.0
2024-02-07 10:00:00+09:00,1970.0,1970.0,1970.0,1970.0,100,0.0,0.0
2024-02-07 11:00:00+09:00,1965.0,1967.0,1961.0,1961.0,0,0.0,0.0
2024-02-07 12:00:00+09:00,1961.0,1967.0,1960.0,1960.0,3300,0.0,0.0
2024-02-07 13:00:00+09:00,1966.0,1979.0,1966.0,1979.0,900,0.0,0.0
2024-02-07 14:00:00+09:00,1985.0,1985.0,1978.0,1982.0,1300,0.0,0.0
2024-02-08 09:00:00+09:00,1995.0,1995.0,1928.0,1928.0,15700,0.0,0.0
2024-02-08 10:00:00+09:00,1930.0,1932.0,1908.0,1931.0,5100,0.0,0.0
2024-02-08 11:00:00+09:00,1919.0,1919.0,1919.0,1919.0,0,0.0,0.0
2024-02-08 12:00:00+09:00,1922.0,1927.0,1922.0,1927.0,21200,0.0,0.0
2024-02-08 13:00:00+09:00,1927.0,1927.0,1910.0,1915.0,5500,0.0,0.0
2024-02-08 14:00:00+09:00,1920.0,1925.0,1916.0,1916.0,2700,0.0,0.0
2024-02-09 09:00:00+09:00,2000.0,2000.0,1900.0,1933.0,15300,0.0,0.0
2024-02-09 10:00:00+09:00,1940.0,1960.0,1931.0,1960.0,2100,0.0,0.0
2024-02-09 11:00:00+09:00,1960.0,1960.0,1960.0,1960.0,0,0.0,0.0
2024-02-09 12:00:00+09:00,1942.0,1942.0,1934.0,1934.0,19000,0.0,0.0
2024-02-09 13:00:00+09:00,1942.0,1950.0,1917.0,1917.0,1800,0.0,0.0
2024-02-09 14:00:00+09:00,1915.0,1920.0,1905.0,1905.0,2500,0.0,0.0
2024-02-13 09:00:00+09:00,1900.0,1918.0,1895.0,1918.0,4500,0.0,0.0
2024-02-13 10:00:00+09:00,1911.0,1929.0,1911.0,1929.0,600,0.0,0.0
2024-02-13 11:00:00+09:00,1929.0,1929.0,1929.0,1929.0,0,0.0,0.0
2024-02-13 12:00:00+09:00,1917.0,1924.0,1917.0,1920.0,5600,0.0,0.0
2024-02-13 13:00:00+09:00,1920.0,1920.0,1905.0,1913.0,2700,0.0,0.0
2024-02-13 14:00:00+09:00,1914.0,1920.0,1900.0,1901.0,3200,0.0,0.0
2024-02-14 09:00:00+09:00,1902.0,1909.0,1883.0,1884.0,3600,0.0,0.0
2024-02-14 10:00:00+09:00,1886.0,1886.0,1860.0,1862.0,7100,0.0,0.0
2024-02-14 11:00:00+09:00,1871.0,1875.0,1862.0,1869.0,0,0.0,0.0
2024-02-14 12:00:00+09:00,1876.0,1878.0,1876.0,1878.0,15400,0.0,0.0
2024-02-14 13:00:00+09:00,1877.0,1881.0,1875.0,1881.0,1800,0.0,0.0
2024-02-14 14:00:00+09:00,1885.0,1897.0,1878.0,1897.0,1600,0.0,0.0
2024-02-15 09:00:00+09:00,1895.0,1895.0,1830.0,1850.0,7600,0.0,0.0
2024-02-15 10:00:00+09:00,1850.0,1866.0,1847.0,1850.0,2800,0.0,0.0
2024-02-15 11:00:00+09:00,1857.0,1860.0,1857.0,1858.0,0,0.0,0.0
2024-02-15 12:00:00+09:00,1853.0,1864.0,1851.0,1852.0,11600,0.0,0.0
2024-02-15 13:00:00+09:00,1853.0,1864.0,1845.0,1861.0,2500,0.0,0.0
2024-02-15 14:00:00+09:00,1857.0,1870.0,1853.0,1866.0,3000,0.0,0.0
2024-02-16 09:00:00+09:00,1858.0,1900.0,1858.0,1900.0,4300,0.0,0.0
2024-02-16 10:00:00+09:00,1905.0,1922.0,1898.0,1900.0,3000,0.0,0.0
2024-02-16 11:00:00+09:00,1900.0,1900.0,1897.0,1897.0,0,0.0,0.0
2024-02-16 12:00:00+09:00,1896.0,1914.0,1896.0,1914.0,8400,0.0,0.0
2024-02-16 13:00:00+09:00,1913.0,1913.0,1898.0,1898.0,1500,0.0,0.0
2024-02-16 14:00:00+09:00,1898.0,1899.0,1886.0,1899.0,700,0.0,0.0
2024-02-19 09:00:00+09:00,1899.0,1920.0,1883.0,1919.0,3600,0.0,0.0
2024-02-19 10:00:00+09:00,1915.0,1915.0,1901.0,1901.0,600,0.0,0.0
2024-02-19 11:00:00+09:00,1901.0,1901.0,1901.0,1901.0,0,0.0,0.0
2024-02-19 12:00:00+09:00,1908.0,1930.0,1908.0,1930.0,6500,0.0,0.0
2024-02-19 13:00:00+09:00,1932.0,1936.0,1931.0,1931.0,1100,0.0,0.0
2024-02-19 14:00:00+09:00,1933.0,1946.0,1933.0,1946.0,700,0.0,0.0
2024-02-20 09:00:00+09:00,1958.0,1981.0,1921.0,1928.0,5800,0.0,0.0
2024-02-20 10:00:00+09:00,1954.0,1954.0,1937.0,1937.0,400,0.0,0.0
2024-02-20 11:00:00+09:00,1938.0,1938.0,1938.0,1938.0,0,0.0,0.0
2024-02-20 12:00:00+09:00,1938.0,1938.0,1937.0,1937.0,6800,0.0,0.0
2024-02-20 13:00:00+09:00,1937.0,1937.0,1937.0,1937.0,300,0.0,0.0
2024-02-20 14:00:00+09:00,1936.0,1936.0,1934.0,1936.0,3000,0.0,0.0
2024-02-21 09:00:00+09:00,1931.0,1942.0,1930.0,1942.0,1000,0.0,0.0
2024-02-21 10:00:00+09:00,1944.0,1947.0,1944.0,1944.0,300,0.0,0.0
2024-02-21 11:00:00+09:00,1930.0,1930.0,1928.0,1928.0,0,0.0,0.0
2024-02-21 12:00:00+09:00,1928.0,1928.0,1921.0,1921.0,3000,0.0,0.0
2024-02-21 14:00:00+09:00,1921.0,1925.0,1919.0,1925.0,2100,0.0,0.0
2024-02-22 09:00:00+09:00,1934.0,1944.0,1930.0,1933.0,1100,0.0,0.0
2024-02-22 10:00:00+09:00,1944.0,1944.0,1940.0,1940.0,300,0.0,0.0
2024-02-22 11:00:00+09:00,1940.0,1940.0,1940.0,1940.0,0,0.0,0.0
2024-02-22 12:00:00+09:00,1933.0,1933.0,1931.0,1931.0,2000,0.0,0.0
2024-02-22 13:00:00+09:00,1930.0,1930.0,1923.0,1930.0,800,0.0,0.0
2024-02-22 14:00:00+09:00,1935.0,1937.0,1920.0,1920.0,1800,0.0,0.0
2024-02-26 09:00:00+09:00,1950.0,1953.0,1930.0,1948.0,5400,0.0,0.0
2024-02-26 10:00:00+09:00,1948.0,1948.0,1930.0,1930.0,1500,0.0,0.0
2024-02-26 11:00:00+09:00,1930.0,1930.0,1930.0,1930.0,0,0.0,0.0
2024-02-26 12:00:00+09:00,1930.0,1946.0,1925.0,1934.0,10700,0.0,0.0
2024-02-26 13:00:00+09:00,1929.0,1933.0,1929.0,1933.0,200,0.0,0.0
2024-02-26 14:00:00+09:00,1935.0,1939.0,1933.0,1935.0,1200,0.0,0.0
2024-02-27 09:00:00+09:00,1957.0,1961.0,1940.0,1942.0,2200,0.0,0.0
2024-02-27 10:00:00+09:00,1941.0,1941.0,1940.0,1941.0,1600,0.0,0.0
2024-02-27 11:00:00+09:00,1949.0,1958.0,1943.0,1945.0,0,0.0,0.0
2024-02-27 12:00:00+09:00,1945.0,1951.0,1942.0,1942.0,5900,0.0,0.0
2024-02-27 13:00:00+09:00,1941.0,1941.0,1941.0,1941.0,100,0.0,0.0
2024-02-27 14:00:00+09:00,1945.0,1951.0,1945.0,1951.0,1600,0.0,0.0
2024-02-28 09:00:00+09:00,1944.0,1965.0,1941.0,1965.0,2700,0.0,0.0
2024-02-28 10:00:00+09:00,1965.0,1968.0,1953.0,1953.0,1600,0.0,0.0
2024-02-28 11:00:00+09:00,1953.0,1953.0,1953.0,1953.0,0,0.0,0.0
2024-02-28 12:00:00+09:00,1952.0,1964.0,1952.0,1964.0,4900,0.0,0.0
2024-02-28 13:00:00+09:00,1964.0,1968.0,1960.0,1968.0,1800,0.0,0.0
2024-02-28 14:00:00+09:00,1955.0,1967.0,1955.0,1957.0,2600,0.0,0.0
2024-02-29 09:00:00+09:00,1968.0,1968.0,1952.0,1966.0,0,0.0,0.0
2024-02-29 11:00:00+09:00,1965.0,1965.0,1965.0,1965.0,0,0.0,0.0
2024-02-29 12:00:00+09:00,1965.0,1965.0,1956.0,1965.0,3900,0.0,0.0
2024-02-29 13:00:00+09:00,1966.0,1968.0,1960.0,1968.0,2500,0.0,0.0
2024-02-29 14:00:00+09:00,1968.0,1971.0,1968.0,1971.0,2700,0.0,0.0
2024-03-01 09:00:00+09:00,1956.0,1962.0,1951.0,1962.0,3100,0.0,0.0
2024-03-01 10:00:00+09:00,1960.0,1960.0,1953.0,1953.0,300,0.0,0.0
2024-03-01 11:00:00+09:00,1953.0,1953.0,1953.0,1953.0,0,0.0,0.0
2024-03-01 12:00:00+09:00,1962.0,1962.0,1961.0,1962.0,3800,0.0,0.0
2024-03-01 13:00:00+09:00,1962.0,1966.0,1957.0,1962.0,2100,0.0,0.0
2024-03-01 14:00:00+09:00,1959.0,1965.0,1956.0,1957.0,3500,0.0,0.0
2024-03-04 09:00:00+09:00,1968.0,1968.0,1931.0,1944.0,0,0.0,0.0
2024-03-04 10:00:00+09:00,1952.0,1968.0,1943.0,1944.0,11600,0.0,0.0
2024-03-04 11:00:00+09:00,1944.0,1944.0,1939.0,1939.0,0,0.0,0.0
2024-03-04 12:00:00+09:00,1940.0,1949.0,1936.0,1942.0,13400,0.0,0.0
2024-03-04 13:00:00+09:00,1936.0,1937.0,1932.0,1935.0,1000,0.0,0.0
2024-03-04 14:00:00+09:00,1935.0,1939.0,1932.0,1933.0,1800,0.0,0.0
2024-03-05 09:00:00+09:00,1949.0,1949.0,1925.0,1929.0,3600,0.0,0.0
2024-03-05 10:00:00+09:00,1939.0,1939.0,1939.0,1939.0,100,0.0,0.0
2024-03-05 11:00:00+09:00,1939.0,1939.0,1939.0,1939.0,0,0.0,0.0
2024-03-05 12:00:00+09:00,1939.0,1942.0,1931.0,1934.0,5200,0.0,0.0
2024-03-05 13:00:00+09:00,1934.0,1934.0,1930.0,1930.0,400,0.0,0.0
2024-03-05 14:00:00+09:00,1930.0,1935.0,1925.0,1925.0,1000,0.0,0.0
2024-03-06 09:00:00+09:00,1928.0,1964.0,1928.0,1959.0,2000,0.0,0.0
2024-03-06 10:00:00+09:00,1958.0,1970.0,1957.0,1957.0,3600,0.0,0.0
2024-03-06 11:00:00+09:00,1958.0,1958.0,1956.0,1956.0,0,0.0,0.0
2024-03-06 12:00:00+09:00,1956.0,1960.0,1956.0,1960.0,6500,0.0,0.0
2024-03-06 13:00:00+09:00,1960.0,1967.0,1960.0,1967.0,500,0.0,0.0
2024-03-06 14:00:00+09:00,1967.0,1973.0,1957.0,1965.0,3700,0.0,0.0
2024-03-07 09:00:00+09:00,1975.0,1975.0,1943.0,1953.0,3400,0.0,0.0
2024-03-07 10:00:00+09:00,1954.0,1954.0,1928.0,1928.0,3400,0.0,0.0
2024-03-07 11:00:00+09:00,1929.0,1946.0,1929.0,1946.0,0,0.0,0.0
2024-03-07 12:00:00+09:00,1940.0,1940.0,1918.0,1934.0,14000,0.0,0.0
2024-03-07 13:00:00+09:00,1935.0,1941.0,1935.0,1935.0,600,0.0,0.0
2024-03-07 14:00:00+09:00,1930.0,1934.0,1921.0,1924.0,1100,0.0,0.0
2024-03-08 09:00:00+09:00,1933.0,1946.0,1929.0,1933.0,1400,0.0,0.0
2024-03-08 10:00:00+09:00,1934.0,1941.0,1933.0,1940.0,700,0.0,0.0
2024-03-08 11:00:00+09:00,1941.0,1955.0,1941.0,1954.0,0,0.0,0.0
2024-03-08 12:00:00+09:00,1950.0,1963.0,1950.0,1954.0,7400,0.0,0.0
2024-03-08 13:00:00+09:00,1954.0,1955.0,1953.0,1955.0,700,0.0,0.0
2024-03-08 14:00:00+09:00,1951.0,1951.0,1942.0,1942.0,1900,0.0,0.0
2024-03-11 09:00:00+09:00,1931.0,1948.0,1920.0,1920.0,0,0.0,0.0
2024-03-11 10:00:00+09:00,1920.0,1920.0,1900.0,1900.0,6300,0.0,0.0
2024-03-11 11:00:00+09:00,1900.0,1900.0,1888.0,1888.0,0,0.0,0.0
2024-03-11 12:00:00+09:00,1888.0,1895.0,1875.0,1876.0,17400,0.0,0.0
2024-03-11 13:00:00+09:00,1880.0,1887.0,1876.0,1881.0,1600,0.0,0.0
2024-03-11 14:00:00+09:00,1880.0,1892.0,1875.0,1890.0,2300,0.0,0.0
2024-03-12 09:00:00+09:00,1870.0,1880.0,1860.0,1876.0,2100,0.0,0.0
2024-03-12 10:00:00+09:00,1871.0,1871.0,1860.0,1860.0,1700,0.0,0.0
2024-03-12 11:00:00+09:00,1868.0,1885.0,1868.0,1885.0,0,0.0,0.0
2024-03-12 12:00:00+09:00,1885.0,1899.0,1885.0,1899.0,4700,0.0,0.0
2024-03-12 13:00:00+09:00,1900.0,1900.0,1894.0,1894.0,300,0.0,0.0
2024-03-12 14:00:00+09:00,1894.0,1904.0,1894.0,1904.0,800,0.0,0.0
2024-03-13 09:00:00+09:00,1910.0,1917.0,1890.0,1890.0,2000,0.0,0.0
2024-03-13 10:00:00+09:00,1880.0,1895.0,1880.0,1884.0,1100,0.0,0.0
2024-03-13 11:00:00+09:00,1899.0,1900.0,1880.0,1880.0,0,0.0,0.0
2024-03-13 12:00:00+09:00,1889.0,1889.0,1877.0,1877.0,0,0.0,0.0
2024-03-13 13:00:00+09:00,1882.0,1882.0,1882.0,1882.0,4600,0.0,0.0
2024-03-13 14:00:00+09:00,1885.0,1898.0,1884.0,1884.0,1800,0.0,0.0
2024-03-14 09:00:00+09:00,1884.0,1901.0,1884.0,1893.0,700,0.0,0.0
2024-03-14 10:00:00+09:00,1909.0,1912.0,1909.0,1912.0,500,0.0,0.0
2024-03-14 11:00:00+09:00,1911.0,1911.0,1910.0,1910.0,0,0.0,0.0
2024-03-14 12:00:00+09:00,1910.0,1916.0,1910.0,1916.0,2500,0.0,0.0
2024-03-14 13:00:00+09:00,1916.0,1929.0,1916.0,1924.0,2600,0.0,0.0
2024-03-14 14:00:00+09:00,1925.0,1925.0,1916.0,1916.0,1700,0.0,0.0
2024-03-15 09:00:00+09:00,1919.0,1927.0,1919.0,1927.0,1100,0.0,0.0
2024-03-15 10:00:00+09:00,1927.0,1927.0,1903.0,1917.0,2500,0.0,0.0
2024-03-15 11:00:00+09:00,1917.0,1917.0,1917.0,1917.0,0,0.0,0.0
2024-03-15 12:00:00+09:00,1916.0,1916.0,1916.0,1916.0,3700,0.0,0.0
2024-03-15 13:00:00+09:00,1917.0,1918.0,1905.0,1905.0,700,0.0,0.0
2024-03-15 14:00:00+09:00,1906.0,1919.0,1906.0,1914.0,400,0.0,0.0
2024-03-18 09:00:00+09:00,1939.0,1944.0,1932.0,1932.0,0,0.0,0.0
2024-03-18 10:00:00+09:00,1935.0,1950.0,1933.0,1935.0,3900,0.0,0.0
2024-03-18 11:00:00+09:00,1936.0,1942.0,1935.0,1937.0,0,0.0,0.0
2024-03-18 12:00:00+09:00,1940.0,1940.0,1937.0,1937.0,5100,0.0,0.0
2024-03-18 13:00:00+09:00,1937.0,1958.0,1934.0,1958.0,4000,0.0,0.0
2024-03-18 14:00:00+09:00,1956.0,1960.0,1940.0,1942.0,4100,0.0,0.0
2024-03-19 09:00:00+09:00,1967.0,1968.0,1946.0,1946.0,4300,0.0,0.0
2024-03-19 10:00:00+09:00,1950.0,1960.0,1950.0,1960.0,300,0.0,0.0
2024-03-19 11:00:00+09:00,1960.0,1960.0,1960.0,1960.0,0,0.0,0.0
2024-03-19 12:00:00+09:00,1956.0,1960.0,1956.0,1960.0,6100,0.0,0.0
2024-03-19 13:00:00+09:00,1965.0,1967.0,1956.0,1956.0,800,0.0,0.0
2024-03-19 14:00:00+09:00,1957.0,1968.0,1957.0,1957.0,1400,0.0,0.0
2024-03-21 09:00:00+09:00,1968.0,1975.0,1955.0,1962.0,2200,0.0,0.0
2024-03-21 10:00:00+09:00,1969.0,1970.0,1963.0,1963.0,400,0.0,0.0
2024-03-21 11:00:00+09:00,1963.0,1968.0,1963.0,1968.0,0,0.0,0.0
2024-03-21 12:00:00+09:00,1970.0,1970.0,1955.0,1955.0,5100,0.0,0.0
2024-03-21 13:00:00+09:00,1956.0,1960.0,1955.0,1960.0,600,0.0,0.0
2024-03-21 14:00:00+09:00,1965.0,1966.0,1958.0,1959.0,700,0.0,0.0
2024-03-22 09:00:00+09:00,1962.0,1965.0,1944.0,1960.0,2700,0.0,0.0
2024-03-22 10:00:00+09:00,1959.0,1959.0,1955.0,1955.0,300,0.0,0.0
2024-03-22 11:00:00+09:00,1947.0,1947.0,1946.0,1946.0,0,0.0,0.0
2024-03-22 12:00:00+09:00,1946.0,1946.0,1930.0,1939.0,5900,0.0,0.0
2024-03-22 13:00:00+09:00,1939.0,1959.0,1935.0,1935.0,1700,0.0,0.0
2024-03-22 14:00:00+09:00,1936.0,1946.0,1936.0,1946.0,1200,0.0,0.0
2024-03-25 09:00:00+09:00,1951.0,1951.0,1938.0,1945.0,500,0.0,0.0
2024-03-25 10:00:00+09:00,1956.0,1962.0,1956.0,1960.0,1700,0.0,0.0
2024-03-25 11:00:00+09:00,1956.0,1962.0,1954.0,1962.0,0,0.0,0.0
2024-03-25 12:00:00+09:00,1951.0,1962.0,1950.0,1962.0,3500,0.0,0.0
2024-03-25 13:00:00+09:00,1962.0,1962.0,1951.0,1957.0,400,0.0,0.0
2024-03-25 14:00:00+09:00,1957.0,1957.0,1947.0,1947.0,700,0.0,0.0
2024-03-26 09:00:00+09:00,1947.0,1957.0,1947.0,1948.0,500,0.0,0.0
2024-03-26 10:00:00+09:00,1950.0,1950.0,1950.0,1950.0,200,0.0,0.0
2024-03-26 11:00:00+09:00,1959.0,1975.0,1959.0,1970.0,0,0.0,0.0
2024-03-26 12:00:00+09:00,1971.0,1971.0,1963.0,1963.0,3500,0.0,0.0
2024-03-26 13:00:00+09:00,1970.0,1971.0,1970.0,1971.0,1300,0.0,0.0
2024-03-26 14:00:00+09:00,1963.0,1970.0,1949.0,1950.0,1600,0.0,0.0
2024-03-27 09:00:00+09:00,1973.0,1976.0,1957.0,1967.0,4000,0.0,0.0
2024-03-27 10:00:00+09:00,1960.0,1973.0,1960.0,1973.0,1400,0.0,0.0
2024-03-27 11:00:00+09:00,1970.0,1975.0,1962.0,1962.0,0,0.0,0.0
2024-03-27 12:00:00+09:00,1970.0,1973.0,1928.0,1965.0,12100,0.0,0.0
2024-03-27 13:00:00+09:00,1968.0,1977.0,1966.0,1966.0,3000,0.0,0.0
2024-03-27 14:00:00+09:00,1968.0,2000.0,1968.0,1991.0,5600,0.0,0.0
2024-03-28 09:00:00+09:00,1858.0,1902.0,1850.0,1900.0,0,0.0,0.0
2024-03-28 10:00:00+09:00,1900.0,1900.0,1888.0,1888.0,13400,0.0,0.0
2024-03-28 11:00:00+09:00,1886.0,1890.0,1875.0,1890.0,0,0.0,0.0
2024-03-28 12:00:00+09:00,1900.0,1900.0,1880.0,1880.0,0,0.0,0.0
2024-03-28 13:00:00+09:00,1891.0,1891.0,1890.0,1890.0,16900,0.0,0.0
2024-03-28 14:00:00+09:00,1882.0,1887.0,1875.0,1877.0,3300,0.0,0.0
2024-03-29 09:00:00+09:00,1880.0,1895.0,1853.0,1858.0,2800,0.0,0.0
2024-03-29 10:00:00+09:00,1860.0,1864.0,1850.0,1864.0,2500,0.0,0.0
2024-03-29 11:00:00+09:00,1861.0,1865.0,1861.0,1865.0,0,0.0,0.0
2024-03-29 12:00:00+09:00,1866.0,1875.0,1864.0,1870.0,8100,0.0,0.0
2024-03-29 13:00:00+09:00,1874.0,1895.0,1863.0,1863.0,3400,0.0,0.0
2024-03-29 14:00:00+09:00,1882.0,1882.0,1864.0,1880.0,1100,0.0,0.0
2024-04-01 09:00:00+09:00,1888.0,1894.0,1858.0,1858.0,9800,0.0,0.0
2024-04-01 10:00:00+09:00,1858.0,1861.0,1838.0,1840.0,3700,0.0,0.0
2024-04-01 11:00:00+09:00,1841.0,1841.0,1825.0,1832.0,0,0.0,0.0
2024-04-01 12:00:00+09:00,1832.0,1832.0,1832.0,1832.0,15200,0.0,0.0
2024-04-01 13:00:00+09:00,1835.0,1852.0,1825.0,1828.0,1900,0.0,0.0
2024-04-01 14:00:00+09:00,1830.0,1830.0,1821.0,1824.0,3000,0.0,0.0
2024-04-02 09:00:00+09:00,1831.0,1835.0,1813.0,1813.0,3100,0.0,0.0
2024-04-02 10:00:00+09:00,1811.0,1811.0,1802.0,1810.0,2300,0.0,0.0
2024-04-02 11:00:00+09:00,1803.0,1806.0,1801.0,1806.0,0,0.0,0.0
2024-04-02 12:00:00+09:00,1806.0,1806.0,1788.0,1788.0,9100,0.0,0.0
2024-04-02 13:00:00+09:00,1792.0,1793.0,1785.0,1786.0,1700,0.0,0.0
2024-04-02 14:00:00+09:00,1787.0,1790.0,1787.0,1790.0,600,0.0,0.0
2024-04-03 09:00:00+09:00,1783.0,1809.0,1777.0,1809.0,3800,0.0,0.0
2024-04-03 10:00:00+09:00,1810.0,1810.0,1808.0,1808.0,200,0.0,0.0
2024-04-03 11:00:00+09:00,1808.0,1808.0,1808.0,1808.0,0,0.0,0.0
2024-04-03 12:00:00+09:00,1808.0,1828.0,1808.0,1828.0,4500,0.0,0.0
2024-04-03 13:00:00+09:00,1823.0,1823.0,1812.0,1812.0,400,0.0,0.0
2024-04-03 14:00:00+09:00,1815.0,1819.0,1807.0,1807.0,900,0.0,0.0
2024-04-04 09:00:00+09:00,1815.0,1815.0,1791.0,1800.0,2600,0.0,0.0
2024-04-04 10:00:00+09:00,1796.0,1800.0,1793.0,1800.0,700,0.0,0.0
2024-04-04 11:00:00+09:00,1798.0,1798.0,1790.0,1790.0,0,0.0,0.0
2024-04-04 12:00:00+09:00,1790.0,1791.0,1790.0,1791.0,4700,0.0,0.0
2024-04-04 13:00:00+09:00,1791.0,1791.0,1782.0,1784.0,2900,0.0,0.0
2024-04-04 14:00:00+09:00,1784.0,1786.0,1782.0,1783.0,1300,0.0,0.0
2024-04-05 09:00:00+09:00,1775.0,1775.0,1760.0,1770.0,3300,0.0,0.0
2024-04-05 10:00:00+09:00,1770.0,1770.0,1760.0,1760.0,2700,0.0,0.0
2024-04-05 11:00:00+09:00,1760.0,1766.0,1760.0,1766.0,0,0.0,0.0
2024-04-05 12:00:00+09:00,1766.0,1775.0,1766.0,1775.0,8100,0.0,0.0
2024-04-05 13:00:00+09:00,1770.0,1777.0,1770.0,1771.0,500,0.0,0.0
2024-04-05 14:00:00+09:00,1772.0,1776.0,1771.0,1773.0,600,0.0,0.0
2024-04-08 09:00:00+09:00,1798.0,1800.0,1773.0,1787.0,2900,0.0,0.0
2024-04-08 10:00:00+09:00,1787.0,1787.0,1785.0,1786.0,400,0.0,0.0
2024-04-08 11:00:00+09:00,1780.0,1780.0,1766.0,1766.0,0,0.0,0.0
2024-04-08 12:00:00+09:00,1782.0,1782.0,1782.0,1782.0,5500,0.0,0.0
2024-04-08 13:00:00+09:00,1769.0,1781.0,1769.0,1781.0,1000,0.0,0.0
2024-04-08 14:00:00+09:00,1775.0,1775.0,1770.0,1770.0,500,0.0,0.0
2024-04-09 09:00:00+09:00,1770.0,1784.0,1766.0,1766.0,500,0.0,0.0
2024-04-09 10:00:00+09:00,1780.0,1782.0,1771.0,1771.0,1600,0.0,0.0
2024-04-09 11:00:00+09:00,1771.0,1771.0,1771.0,1771.0,0,0.0,0.0
2024-04-09 12:00:00+09:00,1773.0,1773.0,1773.0,1773.0,2200,0.0,0.0
2024-04-09 13:00:00+09:00,1776.0,1776.0,1776.0,1776.0,100,0.0,0.0
2024-04-09 14:00:00+09:00,1781.0,1782.0,1776.0,1776.0,1100,0.0,0.0
2024-04-10 09:00:00+09:00,1777.0,1782.0,1777.0,1782.0,1700,0.0,0.0
2024-04-10 11:00:00+09:00,1781.0,1781.0,1781.0,1781.0,0,0.0,0.0
2024-04-10 13:00:00+09:00,1786.0,1793.0,1786.0,1788.0,4600,0.0,0.0
2024-04-10 14:00:00+09:00,1793.0,1794.0,1793.0,1794.0,300,0.0,0.0
2024-04-11 09:00:00+09:00,1788.0,1789.0,1785.0,1789.0,0,0.0,0.0
2024-04-11 10:00:00+09:00,1790.0,1793.0,1788.0,1788.0,4100,0.0,0.0
2024-04-11 11:00:00+09:00,1788.0,1788.0,1788.0,1788.0,0,0.0,0.0
2024-04-11 12:00:00+09:00,1794.0,1800.0,1792.0,1799.0,7500,0.0,0.0
2024-04-11 13:00:00+09:00,1803.0,1804.0,1803.0,1804.0,500,0.0,0.0
2024-04-11 14:00:00+09:00,1798.0,1803.0,1798.0,1801.0,800,0.0,0.0
2024-04-12 09:00:00+09:00,1824.0,1824.0,1805.0,1805.0,1100,0.0,0.0
2024-04-12 10:00:00+09:00,1805.0,1805.0,1803.0,1803.0,500,0.0,0.0
2024-04-12 11:00:00+09:00,1820.0,1820.0,1819.0,1819.0,0,0.0,0.0
2024-04-12 12:00:00+09:00,1819.0,1819.0,1819.0,1819.0,2000,0.0,0.0
2024-04-12 14:00:00+09:00,1812.0,1812.0,1812.0,1812.0,600,0.0,0.0
2024-04-15 09:00:00+09:00,1831.0,1831.0,1816.0,1816.0,4800,0.0,0.0
2024-04-15 10:00:00+09:00,1824.0,1824.0,1819.0,1823.0,400,0.0,0.0
2024-04-15 11:00:00+09:00,1822.0,1830.0,1822.0,1830.0,0,0.0,0.0
2024-04-15 12:00:00+09:00,1790.0,1829.0,1789.0,1806.0,12900,0.0,0.0
2024-04-15 13:00:00+09:00,1806.0,1811.0,1799.0,1809.0,900,0.0,0.0
2024-04-15 14:00:00+09:00,1811.0,1818.0,1810.0,1818.0,400,0.0,0.0
2024-04-16 09:00:00+09:00,1811.0,1814.0,1784.0,1795.0,2700,0.0,0.0
2024-04-16 10:00:00+09:00,1793.0,1793.0,1780.0,1780.0,1000,0.0,0.0
2024-04-16 11:00:00+09:00,1779.0,1782.0,1775.0,1775.0,0,0.0,0.0
2024-04-16 12:00:00+09:00,1780.0,1780.0,1760.0,1760.0,7200,0.0,0.0
2024-04-16 13:00:00+09:00,1759.0,1770.0,1756.0,1757.0,1000,0.0,0.0
2024-04-16 14:00:00+09:00,1758.0,1768.0,1757.0,1768.0,1700,0.0,0.0
2024-04-17 09:00:00+09:00,1782.0,1782.0,1752.0,1762.0,2000,0.0,0.0
2024-04-17 10:00:00+09:00,1763.0,1763.0,1755.0,1756.0,700,0.0,0.0
2024-04-17 11:00:00+09:00,1758.0,1758.0,1757.0,1757.0,0,0.0,0.0
2024-04-17 12:00:00+09:00,1769.0,1770.0,1756.0,1770.0,3800,0.0,0.0
2024-04-17 13:00:00+09:00,1768.0,1768.0,1768.0,1768.0,100,0.0,0.0
2024-04-17 14:00:00+09:00,1759.0,1769.0,1757.0,1757.0,500,0.0,0.0
2024-04-18 09:00:00+09:00,1752.0,1766.0,1751.0,1760.0,1100,0.0,0.0
2024-04-18 10:00:00+09:00,1760.0,1760.0,1760.0,1760.0,300,0.0,0.0
2024-04-18 11:00:00+09:00,1760.0,1760.0,1760.0,1760.0,0,0.0,0.0
2024-04-18 12:00:00+09:00,1766.0,1767.0,1766.0,1767.0,1600,0.0,0.0
2024-04-18 14:00:00+09:00,1767.0,1767.0,1767.0,1767.0,100,0.0,0.0
2024-04-19 09:00:00+09:00,1758.0,1758.0,1753.0,1753.0,800,0.0,0.0
2024-04-19 10:00:00+09:00,1752.0,1752.0,1733.0,1736.0,2900,0.0,0.0
2024-04-19 11:00:00+09:00,1749.0,1750.0,1749.0,1750.0,0,0.0,0.0
2024-04-19 12:00:00+09:00,1761.0,1761.0,1746.0,1746.0,4700,0.0,0.0
2024-04-19 13:00:00+09:00,1746.0,1761.0,1741.0,1742.0,1200,0.0,0.0
2024-04-19 14:00:00+09:00,1760.0,1760.0,1760.0,1760.0,300,0.0,0.0
2024-04-22 09:00:00+09:00,1782.0,1782.0,1765.0,1765.0,1400,0.0,0.0
2024-04-22 10:00:00+09:00,1765.0,1770.0,1763.0,1770.0,800,0.0,0.0
2024-04-22 11:00:00+09:00,1770.0,1770.0,1770.0,1770.0,0,0.0,0.0
2024-04-22 12:00:00+09:00,1786.0,1786.0,1786.0,1786.0,3000,0.0,0.0
2024-04-22 13:00:00+09:00,1771.0,1781.0,1771.0,1781.0,0,0.0,0.0
2024-04-22 14:00:00+09:00,1782.0,1786.0,1782.0,1786.0,3500,0.0,0.0
2024-04-23 09:00:00+09:00,1799.0,1799.0,1782.0,1782.0,600,0.0,0.0
2024-04-23 10:00:00+09:00,1783.0,1794.0,1771.0,1771.0,800,0.0,0.0
2024-04-23 11:00:00+09:00,1775.0,1775.0,1769.0,1770.0,0,0.0,0.0
2024-04-23 12:00:00+09:00,1780.0,1780.0,1780.0,1780.0,2100,0.0,0.0
2024-04-23 13:00:00+09:00,1788.0,1788.0,1788.0,1788.0,500,0.0,0.0
2024-04-23 14:00:00+09:00,1785.0,1788.0,1783.0,1787.0,700,0.0,0.0
2024-04-24 09:00:00+09:00,1798.0,1798.0,1771.0,1784.0,500,0.0,0.0
2024-04-24 11:00:00+09:00,1784.0,1784.0,1784.0,1784.0,0,0.0,0.0
2024-04-24 12:00:00+09:00,1796.0,1796.0,1796.0,1796.0,800,0.0,0.0
2024-04-24 13:00:00+09:00,1795.0,1796.0,1790.0,1791.0,400,0.0,0.0
2024-04-24 14:00:00+09:00,1791.0,1796.0,1787.0,1787.0,2300,0.0,0.0
2024-04-25 09:00:00+09:00,1772.0,1776.0,1772.0,1776.0,600,0.0,0.0
2024-04-25 10:00:00+09:00,1777.0,1777.0,1777.0,1777.0,100,0.0,0.0
2024-04-25 11:00:00+09:00,1777.0,1777.0,1777.0,1777.0,0,0.0,0.0
2024-04-25 12:00:00+09:00,1778.0,1778.0,1778.0,1778.0,4900,0.0,0.0
2024-04-25 13:00:00+09:00,1782.0,1782.0,1778.0,1780.0,800,0.0,0.0
2024-04-25 14:00:00+09:00,1779.0,1779.0,1779.0,1779.0,100,0.0,0.0
2024-04-26 09:00:00+09:00,1780.0,1780.0,1765.0,1765.0,800,0.0,0.0
2024-04-26 10:00:00+09:00,1765.0,1765.0,1756.0,1756.0,500,0.0,0.0
2024-04-26 11:00:00+09:00,1756.0,1756.0,1756.0,1756.0,0,0.0,0.0
2024-04-26 12:00:00+09:00,1780.0,1780.0,1780.0,1780.0,1400,0.0,0.0
2024-04-30 09:00:00+09:00,1766.0,1766.0,1732.0,1752.0,3500,0.0,0.0
2024-04-30 10:00:00+09:00,1759.0,1766.0,1755.0,1764.0,800,0.0,0.0
2024-04-30 11:00:00+09:00,1764.0,1764.0,1764.0,1764.0,0,0.0,0.0
2024-04-30 12:00:00+09:00,1764.0,1767.0,1755.0,1755.0,5400,0.0,0.0
2024-04-30 13:00:00+09:00,1767.0,1773.0,1767.0,1770.0,1700,0.0,0.0
2024-04-30 14:00:00+09:00,1773.0,1777.0,1773.0,1777.0,500,0.0,0.0
2024-05-01 09:00:00+09:00,1767.0,1768.0,1751.0,1751.0,3400,0.0,0.0
2024-05-01 10:00:00+09:00,1752.0,1760.0,1751.0,1756.0,900,0.0,0.0
2024-05-01 11:00:00+09:00,1756.0,1760.0,1756.0,1756.0,0,0.0,0.0
2024-05-01 12:00:00+09:00,1756.0,1760.0,1756.0,1760.0,5900,0.0,0.0
2024-05-01 14:00:00+09:00,1760.0,1770.0,1760.0,1770.0,300,0.0,0.0
2024-05-02 09:00:00+09:00,1782.0,1782.0,1762.0,1762.0,800,0.0,0.0
2024-05-02 10:00:00+09:00,1762.0,1764.0,1762.0,1764.0,200,0.0,0.0
2024-05-02 11:00:00+09:00,1764.0,1764.0,1764.0,1764.0,0,0.0,0.0
2024-05-02 12:00:00+09:00,1772.0,1772.0,1766.0,1766.0,1200,0.0,0.0
2024-05-02 13:00:00+09:00,1767.0,1771.0,1766.0,1771.0,400,0.0,0.0
2024-05-02 14:00:00+09:00,1771.0,1771.0,1758.0,1758.0,700,0.0,0.0
2024-05-07 09:00:00+09:00,1772.0,1772.0,1737.0,1740.0,2900,0.0,0.0
2024-05-07 10:00:00+09:00,1744.0,1744.0,1744.0,1744.0,0,0.0,0.0
2024-05-07 11:00:00+09:00,1743.0,1750.0,1743.0,1750.0,0,0.0,0.0
2024-05-07 12:00:00+09:00,1755.0,1755.0,1740.0,1740.0,4900,0.0,0.0
2024-05-07 13:00:00+09:00,1737.0,1737.0,1737.0,1737.0,300,0.0,0.0
2024-05-07 14:00:00+09:00,1748.0,1749.0,1740.0,1740.0,1100,0.0,0.0
2024-05-08 09:00:00+09:00,1737.0,1746.0,1737.0,1738.0,900,0.0,0.0
2024-05-08 10:00:00+09:00,1739.0,1739.0,1735.0,1737.0,1200,0.0,0.0
2024-05-08 11:00:00+09:00,1737.0,1737.0,1737.0,1737.0,0,0.0,0.0
2024-05-08 12:00:00+09:00,1737.0,1745.0,1737.0,1745.0,6800,0.0,0.0
2024-05-08 13:00:00+09:00,1744.0,1747.0,1744.0,1747.0,300,0.0,0.0
2024-05-08 14:00:00+09:00,1747.0,1755.0,1737.0,1737.0,1300,0.0,0.0
2024-05-09 09:00:00+09:00,1756.0,1756.0,1733.0,1735.0,0,0.0,0.0
2024-05-09 10:00:00+09:00,1747.0,1749.0,1734.0,1735.0,8000,0.0,0.0
2024-05-09 11:00:00+09:00,1748.0,1748.0,1745.0,1745.0,0,0.0,0.0
2024-05-09 12:00:00+09:00,1750.0,1750.0,1750.0,1750.0,8500,0.0,0.0
2024-05-09 13:00:00+09:00,1751.0,1751.0,1741.0,1741.0,500,0.0,0.0
2024-05-09 14:00:00+09:00,1749.0,1750.0,1749.0,1750.0,1000,0.0,0.0
2024-05-10 09:00:00+09:00,1769.0,1769.0,1759.0,1763.0,1400,0.0,0.0
2024-05-10 10:00:00+09:00,1761.0,1761.0,1760.0,1760.0,200,0.0,0.0
2024-05-10 11:00:00+09:00,1767.0,1767.0,1767.0,1767.0,0,0.0,0.0
2024-05-10 12:00:00+09:00,1767.0,1767.0,1761.0,1766.0,0,0.0,0.0
2024-05-10 13:00:00+09:00,1766.0,1766.0,1766.0,1766.0,2600,0.0,0.0
2024-05-10 14:00:00+09:00,1766.0,1768.0,1760.0,1768.0,900,0.0,0.0
2024-05-13 09:00:00+09:00,1774.0,1774.0,1770.0,1770.0,0,0.0,0.0
2024-05-13 10:00:00+09:00,1772.0,1772.0,1772.0,1772.0,200,0.0,0.0
2024-05-13 11:00:00+09:00,1774.0,1782.0,1772.0,1772.0,0,0.0,0.0
2024-05-13 12:00:00+09:00,1772.0,1772.0,1770.0,1770.0,0,0.0,0.0
2024-05-13 13:00:00+09:00,1792.0,1792.0,1792.0,1792.0,3500,0.0,0.0
2024-05-13 14:00:00+09:00,1790.0,1800.0,1790.0,1795.0,1200,0.0,0.0
2024-05-14 09:00:00+09:00,1779.0,1780.0,1774.0,1777.0,1200,0.0,0.0
2024-05-14 10:00:00+09:00,1786.0,1795.0,1786.0,1795.0,200,0.0,0.0
2024-05-14 11:00:00+09:00,1795.0,1795.0,1795.0,1795.0,0,0.0,0.0
2024-05-14 12:00:00+09:00,1790.0,1790.0,1785.0,1785.0,1600,0.0,0.0
2024-05-14 13:00:00+09:00,1781.0,1781.0,1781.0,1781.0,200,0.0,0.0
2024-05-15 09:00:00+09:00,1790.0,1790.0,1778.0,1778.0,1600,0.0,0.0
2024-05-15 10:00:00+09:00,1775.0,1777.0,1771.0,1771.0,600,0.0,0.0
2024-05-15 11:00:00+09:00,1772.0,1772.0,1772.0,1772.0,0,0.0,0.0
2024-05-15 12:00:00+09:00,1786.0,1786.0,1786.0,1786.0,2400,0.0,0.0
2024-05-15 13:00:00+09:00,1777.0,1786.0,1770.0,1771.0,400,0.0,0.0
2024-05-15 14:00:00+09:00,1770.0,1784.0,1752.0,1784.0,1500,0.0,0.0
2024-05-16 09:00:00+09:00,1680.0,1686.0,1625.0,1625.0,19500,0.0,0.0
2024-05-16 10:00:00+09:00,1654.0,1655.0,1641.0,1655.0,800,0.0,0.0
2024-05-16 11:00:00+09:00,1655.0,1655.0,1635.0,1636.0,0,0.0,0.0
2024-05-16 12:00:00+09:00,1640.0,1656.0,1640.0,1650.0,24800,0.0,0.0
2024-05-16 13:00:00+09:00,1652.0,1664.0,1636.0,1646.0,2600,0.0,0.0
2024-05-16 14:00:00+09:00,1650.0,1657.0,1643.0,1643.0,4600,0.0,0.0
2024-05-17 09:00:00+09:00,1668.0,1690.0,1660.0,1690.0,10200,0.0,0.0
2024-05-17 10:00:00+09:00,1689.0,1689.0,1674.0,1684.0,1100,0.0,0.0
2024-05-17 11:00:00+09:00,1680.0,1680.0,1678.0,1678.0,0,0.0,0.0
2024-05-17 12:00:00+09:00,1678.0,1678.0,1678.0,1678.0,12100,0.0,0.0
2024-05-17 13:00:00+09:00,1678.0,1678.0,1677.0,1677.0,600,0.0,0.0
2024-05-17 14:00:00+09:00,1679.0,1680.0,1679.0,1680.0,200,0.0,0.0
2024-05-20 09:00:00+09:00,1692.0,1692.0,1684.0,1684.0,1100,0.0,0.0
2024-05-20 10:00:00+09:00,1687.0,1687.0,1687.0,1687.0,200,0.0,0.0
2024-05-20 11:00:00+09:00,1686.0,1686.0,1686.0,1686.0,0,0.0,0.0
2024-05-20 12:00:00+09:00,1685.0,1690.0,1685.0,1689.0,3500,0.0,0.0
2024-05-20 13:00:00+09:00,1689.0,1689.0,1685.0,1685.0,800,0.0,0.0
2024-05-20 14:00:00+09:00,1683.0,1683.0,1683.0,1683.0,300,0.0,0.0
2024-05-21 09:00:00+09:00,1676.0,1710.0,1670.0,1710.0,3600,0.0,0.0
2024-05-21 10:00:00+09:00,1698.0,1698.0,1690.0,1690.0,400,0.0,0.0
2024-05-21 11:00:00+09:00,1690.0,1697.0,1690.0,1697.0,0,0.0,0.0
2024-05-21 12:00:00+09:00,1698.0,1700.0,1688.0,1700.0,5400,0.0,0.0
2024-05-21 13:00:00+09:00,1700.0,1711.0,1700.0,1711.0,500,0.0,0.0
2024-05-21 14:00:00+09:00,1711.0,1713.0,1711.0,1713.0,600,0.0,0.0
2024-05-22 09:00:00+09:00,1703.0,1713.0,1703.0,1713.0,900,0.0,0.0
2024-05-22 10:00:00+09:00,1713.0,1713.0,1710.0,1710.0,200,0.0,0.0
2024-05-22 11:00:00+09:00,1710.0,1714.0,1702.0,1705.0,0,0.0,0.0
2024-05-22 12:00:00+09:00,1705.0,1708.0,1705.0,1708.0,3600,0.0,0.0
2024-05-22 13:00:00+09:00,1708.0,1714.0,1700.0,1714.0,2400,0.0,0.0
2024-05-22 14:00:00+09:00,1713.0,1716.0,1713.0,1716.0,400,0.0,0.0
2024-05-23 09:00:00+09:00,1715.0,1715.0,1695.0,1695.0,1800,0.0,0.0
2024-05-23 10:00:00+09:00,1700.0,1711.0,1700.0,1711.0,200,0.0,0.0
2024-05-23 11:00:00+09:00,1706.0,1706.0,1706.0,1706.0,0,0.0,0.0
2024-05-23 12:00:00+09:00,1695.0,1695.0,1668.0,1695.0,3900,0.0,0.0
2024-05-23 13:00:00+09:00,1694.0,1694.0,1673.0,1673.0,300,0.0,0.0
2024-05-23 14:00:00+09:00,1673.0,1691.0,1673.0,1691.0,800,0.0,0.0
2024-05-24 09:00:00+09:00,1678.0,1678.0,1678.0,1678.0,100,0.0,0.0
2024-05-24 11:00:00+09:00,1690.0,1690.0,1690.0,1690.0,0,0.0,0.0
2024-05-24 12:00:00+09:00,1687.0,1696.0,1686.0,1696.0,600,0.0,0.0
2024-05-24 14:00:00+09:00,1700.0,1700.0,1700.0,1700.0,100,0.0,0.0
2024-05-27 09:00:00+09:00,1713.0,1713.0,1696.0,1697.0,1300,0.0,0.0
2024-05-27 10:00:00+09:00,1697.0,1697.0,1696.0,1696.0,300,0.0,0.0
2024-05-27 11:00:00+09:00,1698.0,1698.0,1698.0,1698.0,0,0.0,0.0
2024-05-27 12:00:00+09:00,1700.0,1700.0,1691.0,1691.0,3800,0.0,0.0
2024-05-27 13:00:00+09:00,1698.0,1705.0,1698.0,1705.0,300,0.0,0.0
2024-05-28 09:00:00+09:00,1695.0,1700.0,1695.0,1700.0,800,0.0,0.0
2024-05-28 10:00:00+09:00,1695.0,1700.0,1695.0,1700.0,700,0.0,0.0
2024-05-28 11:00:00+09:00,1700.0,1700.0,1700.0,1700.0,0,0.0,0.0
2024-05-28 12:00:00+09:00,1705.0,1706.0,1696.0,1696.0,2800,0.0,0.0
2024-05-28 13:00:00+09:00,1696.0,1696.0,1696.0,1696.0,100,0.0,0.0
2024-05-28 14:00:00+09:00,1699.0,1699.0,1695.0,1695.0,2100,0.0,0.0
2024-05-29 09:00:00+09:00,1691.0,1692.0,1685.0,1685.0,2800,0.0,0.0
2024-05-29 10:00:00+09:00,1682.0,1682.0,1682.0,1682.0,200,0.0,0.0
2024-05-29 11:00:00+09:00,1675.0,1675.0,1671.0,1672.0,0,0.0,0.0
2024-05-29 12:00:00+09:00,1671.0,1671.0,1651.0,1651.0,6300,0.0,0.0
2024-05-29 13:00:00+09:00,1659.0,1665.0,1655.0,1665.0,500,0.0,0.0
2024-05-29 14:00:00+09:00,1663.0,1665.0,1655.0,1656.0,1200,0.0,0.0
2024-05-30 09:00:00+09:00,1649.0,1664.0,1626.0,1629.0,6500,0.0,0.0
2024-05-30 10:00:00+09:00,1649.0,1678.0,1637.0,1663.0,1400,0.0,0.0
2024-05-30 11:00:00+09:00,1661.0,1661.0,1656.0,1656.0,0,0.0,0.0
2024-05-30 12:00:00+09:00,1661.0,1661.0,1620.0,1621.0,16900,0.0,0.0
2024-05-30 13:00:00+09:00,1640.0,1654.0,1640.0,1654.0,600,0.0,0.0
2024-05-30 14:00:00+09:00,1641.0,1652.0,1629.0,1629.0,1200,0.0,0.0
2024-05-31 09:00:00+09:00,1660.0,1660.0,1643.0,1644.0,0,0.0,0.0
2024-05-31 10:00:00+09:00,1662.0,1662.0,1662.0,1662.0,2200,0.0,0.0
2024-05-31 11:00:00+09:00,1655.0,1655.0,1655.0,1655.0,0,0.0,0.0
2024-05-31 12:00:00+09:00,1650.0,1655.0,1650.0,1650.0,2500,0.0,0.0
2024-05-31 13:00:00+09:00,1652.0,1658.0,1652.0,1658.0,500,0.0,0.0
2024-05-31 14:00:00+09:00,1658.0,1659.0,1647.0,1659.0,1700,0.0,0.0
2024-06-03 09:00:00+09:00,1658.0,1667.0,1658.0,1667.0,1300,0.0,0.0
2024-06-03 10:00:00+09:00,1661.0,1667.0,1656.0,1656.0,2800,0.0,0.0
2024-06-03 11:00:00+09:00,1657.0,1657.0,1657.0,1657.0,0,0.0,0.0
2024-06-03 12:00:00+09:00,1657.0,1657.0,1657.0,1657.0,4700,0.0,0.0
2024-06-03 13:00:00+09:00,1665.0,1665.0,1665.0,1665.0,400,0.0,0.0
2024-06-03 14:00:00+09:00,1665.0,1665.0,1665.0,1665.0,100,0.0,0.0
2024-06-04 09:00:00+09:00,1657.0,1668.0,1657.0,1667.0,2200,0.0,0.0
2024-06-04 10:00:00+09:00,1668.0,1668.0,1668.0,1668.0,100,0.0,0.0
2024-06-04 11:00:00+09:00,1665.0,1665.0,1665.0,1665.0,0,0.0,0.0
2024-06-04 12:00:00+09:00,1661.0,1668.0,1661.0,1668.0,3000,0.0,0.0
2024-06-04 13:00:00+09:00,1667.0,1668.0,1568.0,1568.0,8800,0.0,0.0
2024-06-04 14:00:00+09:00,1580.0,1652.0,1580.0,1591.0,11900,0.0,0.0
2024-06-05 09:00:00+09:00,1608.0,1608.0,1570.0,1571.0,0,0.0,0.0
2024-06-05 10:00:00+09:00,1580.0,1580.0,1572.0,1575.0,9700,0.0,0.0
2024-06-05 11:00:00+09:00,1582.0,1582.0,1582.0,1582.0,0,0.0,0.0
2024-06-05 12:00:00+09:00,1582.0,1598.0,1582.0,1598.0,11400,0.0,0.0
2024-06-05 13:00:00+09:00,1597.0,1597.0,1590.0,1590.0,300,0.0,0.0
2024-06-05 14:00:00+09:00,1591.0,1600.0,1591.0,1596.0,1700,0.0,0.0
2024-06-06 09:00:00+09:00,1587.0,1607.0,1587.0,1588.0,1900,0.0,0.0
2024-06-06 10:00:00+09:00,1589.0,1602.0,1589.0,1590.0,800,0.0,0.0
2024-06-06 11:00:00+09:00,1590.0,1600.0,1590.0,1600.0,0,0.0,0.0
2024-06-06 12:00:00+09:00,1603.0,1605.0,1603.0,1605.0,3700,0.0,0.0
2024-06-06 13:00:00+09:00,1605.0,1605.0,1600.0,1600.0,300,0.0,0.0
2024-06-06 14:00:00+09:00,1593.0,1593.0,1592.0,1592.0,1400,0.0,0.0
2024-06-07 09:00:00+09:00,1590.0,1611.0,1590.0,1611.0,600,0.0,0.0
2024-06-07 10:00:00+09:00,1601.0,1601.0,1600.0,1600.0,200,0.0,0.0
2024-06-07 11:00:00+09:00,1600.0,1600.0,1600.0,1600.0,0,0.0,0.0
2024-06-07 13:00:00+09:00,1605.0,1605.0,1597.0,1600.0,1400,0.0,0.0
2024-06-07 14:00:00+09:00,1595.0,1600.0,1595.0,1600.0,200,0.0,0.0
2024-06-10 09:00:00+09:00,1598.0,1602.0,1598.0,1600.0,3900,0.0,0.0
2024-06-10 10:00:00+09:00,1600.0,1605.0,1598.0,1605.0,800,0.0,0.0
2024-06-10 11:00:00+09:00,1600.0,1609.0,1599.0,1599.0,0,0.0,0.0
2024-06-10 12:00:00+09:00,1600.0,1600.0,1600.0,1600.0,6000,0.0,0.0
2024-06-10 13:00:00+09:00,1602.0,1602.0,1602.0,1602.0,300,0.0,0.0
2024-06-10 14:00:00+09:00,1616.0,1616.0,1606.0,1613.0,1300,0.0,0.0
2024-06-11 09:00:00+09:00,1617.0,1617.0,1612.0,1613.0,600,0.0,0.0
2024-06-11 11:00:00+09:00,1610.0,1610.0,1610.0,1610.0,0,0.0,0.0
2024-06-11 12:00:00+09:00,1605.0,1605.0,1603.0,1604.0,1300,0.0,0.0
2024-06-11 13:00:00+09:00,1603.0,1603.0,1585.0,1597.0,6700,0.0,0.0
2024-06-11 14:00:00+09:00,1597.0,1597.0,1590.0,1592.0,1200,0.0,0.0
2024-06-12 09:00:00+09:00,1597.0,1606.0,1597.0,1606.0,3400,0.0,0.0
2024-06-12 10:00:00+09:00,1593.0,1606.0,1587.0,1606.0,1200,0.0,0.0
2024-06-12 11:00:00+09:00,1605.0,1605.0,1605.0,1605.0,0,0.0,0.0
2024-06-12 12:00:00+09:00,1592.0,1593.0,1592.0,1593.0,5100,0.0,0.0
2024-06-12 13:00:00+09:00,1593.0,1593.0,1593.0,1593.0,300,0.0,0.0
2024-06-12 14:00:00+09:00,1595.0,1595.0,1593.0,1593.0,700,0.0,0.0
2024-06-13 09:00:00+09:00,1588.0,1591.0,1588.0,1590.0,900,0.0,0.0
2024-06-13 10:00:00+09:00,1590.0,1590.0,1585.0,1585.0,1100,0.0,0.0
2024-06-13 11:00:00+09:00,1588.0,1588.0,1578.0,1578.0,0,0.0,0.0
2024-06-13 12:00:00+09:00,1574.0,1574.0,1566.0,1566.0,6200,0.0,0.0
2024-06-13 13:00:00+09:00,1568.0,1572.0,1530.0,1564.0,4300,0.0,0.0
2024-06-13 14:00:00+09:00,1564.0,1568.0,1553.0,1568.0,800,0.0,0.0
2024-06-14 09:00:00+09:00,1569.0,1580.0,1569.0,1578.0,1500,0.0,0.0
2024-06-14 10:00:00+09:00,1572.0,1586.0,1572.0,1586.0,600,0.0,0.0
2024-06-14 11:00:00+09:00,1586.0,1586.0,1586.0,1586.0,0,0.0,0.0
2024-06-14 12:00:00+09:00,1588.0,1590.0,1588.0,1590.0,2900,0.0,0.0
2024-06-14 14:00:00+09:00,1591.0,1591.0,1572.0,1572.0,800,0.0,0.0
2024-06-17 09:00:00+09:00,1580.0,1597.0,1580.0,1596.0,2600,0.0,0.0
2024-06-17 10:00:00+09:00,1580.0,1594.0,1570.0,1570.0,1900,0.0,0.0
2024-06-17 11:00:00+09:00,1570.0,1570.0,1569.0,1569.0,0,0.0,0.0
2024-06-17 12:00:00+09:00,1591.0,1591.0,1591.0,1591.0,5100,0.0,0.0
2024-06-17 14:00:00+09:00,1567.0,1589.0,1566.0,1570.0,1700,0.0,0.0
2024-06-18 09:00:00+09:00,1570.0,1570.0,1560.0,1560.0,1600,0.0,0.0
2024-06-18 10:00:00+09:00,1560.0,1560.0,1555.0,1555.0,1400,0.0,0.0
2024-06-18 11:00:00+09:00,1560.0,1562.0,1560.0,1562.0,0,0.0,0.0
2024-06-18 12:00:00+09:00,1562.0,1562.0,1561.0,1561.0,3600,0.0,0.0
2024-06-18 13:00:00+09:00,1570.0,1579.0,1570.0,1579.0,1000,0.0,0.0
2024-06-18 14:00:00+09:00,1574.0,1574.0,1574.0,1574.0,200,0.0,0.0
2024-06-19 09:00:00+09:00,1581.0,1605.0,1574.0,1574.0,1800,0.0,0.0
2024-06-19 10:00:00+09:00,1576.0,1576.0,1576.0,1576.0,100,0.0,0.0
2024-06-19 11:00:00+09:00,1584.0,1584.0,1584.0,1584.0,0,0.0,0.0
2024-06-19 12:00:00+09:00,1580.0,1580.0,1580.0,1580.0,2200,0.0,0.0
2024-06-19 13:00:00+09:00,1578.0,1578.0,1572.0,1572.0,1000,0.0,0.0
2024-06-19 14:00:00+09:00,1584.0,1584.0,1584.0,1584.0,100,0.0,0.0
2024-06-20 09:00:00+09:00,1588.0,1588.0,1580.0,1580.0,1600,0.0,0.0
2024-06-20 11:00:00+09:00,1580.0,1581.0,1580.0,1581.0,0,0.0,0.0
2024-06-20 12:00:00+09:00,1578.0,1578.0,1574.0,1574.0,3300,0.0,0.0
2024-06-21 09:00:00+09:00,1578.0,1588.0,1578.0,1579.0,2300,0.0,0.0
2024-06-21 10:00:00+09:00,1583.0,1583.0,1583.0,1583.0,400,0.0,0.0
2024-06-21 11:00:00+09:00,1580.0,1580.0,1574.0,1577.0,0,0.0,0.0
2024-06-21 12:00:00+09:00,1580.0,1580.0,1579.0,1579.0,10400,0.0,0.0
2024-06-21 13:00:00+09:00,1580.0,1580.0,1580.0,1580.0,300,0.0,0.0
2024-06-21 14:00:00+09:00,1577.0,1577.0,1574.0,1574.0,300,0.0,0.0
2024-06-24 09:00:00+09:00,1583.0,1590.0,1583.0,1588.0,0,0.0,0.0
2024-06-24 10:00:00+09:00,1585.0,1585.0,1575.0,1575.0,1200,0.0,0.0
2024-06-24 11:00:00+09:00,1575.0,1575.0,1575.0,1575.0,0,0.0,0.0
2024-06-24 12:00:00+09:00,1575.0,1575.0,1572.0,1575.0,2800,0.0,0.0
2024-06-24 13:00:00+09:00,1575.0,1575.0,1575.0,1575.0,100,0.0,0.0
2024-06-24 14:00:00+09:00,1574.0,1574.0,1571.0,1571.0,1500,0.0,0.0
2024-06-25 09:00:00+09:00,1574.0,1574.0,1570.0,1570.0,1300,0.0,0.0
2024-06-25 10:00:00+09:00,1570.0,1590.0,1566.0,1590.0,2700,0.0,0.0
2024-06-25 11:00:00+09:00,1588.0,1592.0,1588.0,1592.0,0,0.0,0.0
2024-06-25 12:00:00+09:00,1592.0,1592.0,1588.0,1588.0,6100,0.0,0.0
2024-06-25 13:00:00+09:00,1585.0,1590.0,1581.0,1581.0,1700,0.0,0.0
2024-06-25 14:00:00+09:00,1580.0,1580.0,1580.0,1580.0,2400,0.0,0.0
2024-06-26 09:00:00+09:00,1574.0,1574.0,1574.0,1574.0,900,0.0,0.0
2024-06-26 10:00:00+09:00,1572.0,1572.0,1572.0,1572.0,0,0.0,0.0
2024-06-26 11:00:00+09:00,1572.0,1572.0,1572.0,1572.0,0,0.0,0.0
2024-06-26 12:00:00+09:00,1577.0,1577.0,1577.0,1577.0,1800,0.0,0.0
2024-06-26 13:00:00+09:00,1584.0,1584.0,1574.0,1575.0,1200,0.0,0.0
2024-06-26 14:00:00+09:00,1584.0,1584.0,1575.0,1575.0,700,0.0,0.0
2024-06-27 09:00:00+09:00,1582.0,1584.0,1577.0,1577.0,1700,0.0,0.0
2024-06-27 10:00:00+09:00,1578.0,1581.0,1578.0,1580.0,300,0.0,0.0
2024-06-27 11:00:00+09:00,1580.0,1580.0,1580.0,1580.0,0,0.0,0.0
2024-06-27 13:00:00+09:00,1578.0,1580.0,1576.0,1579.0,2600,0.0,0.0
2024-06-27 14:00:00+09:00,1580.0,1581.0,1580.0,1581.0,300,0.0,0.0
2024-06-28 09:00:00+09:00,1588.0,1593.0,1588.0,1590.0,1800,0.0,0.0
2024-06-28 10:00:00+09:00,1588.0,1588.0,1587.0,1587.0,200,0.0,0.0
2024-06-28 11:00:00+09:00,1587.0,1587.0,1587.0,1587.0,0,0.0,0.0
2024-06-28 12:00:00+09:00,1584.0,1584.0,1584.0,1584.0,2300,0.0,0.0
2024-06-28 13:00:00+09:00,1584.0,1584.0,1584.0,1584.0,200,0.0,0.0
2024-06-28 14:00:00+09:00,1583.0,1592.0,1582.0,1592.0,3100,0.0,0.0
2024-07-01 09:00:00+09:00,1593.0,1600.0,1592.0,1600.0,0,0.0,0.0
2024-07-01 10:00:00+09:00,1600.0,1610.0,1600.0,1610.0,4900,0.0,0.0
2024-07-01 11:00:00+09:00,1610.0,1611.0,1608.0,1608.0,0,0.0,0.0
2024-07-01 12:00:00+09:00,1602.0,1610.0,1602.0,1609.0,11500,0.0,0.0
2024-07-01 13:00:00+09:00,1609.0,1610.0,1605.0,1610.0,1600,0.0,0.0
2024-07-01 14:00:00+09:00,1610.0,1610.0,1606.0,1608.0,1300,0.0,0.0
2024-07-02 09:00:00+09:00,1610.0,1612.0,1607.0,1612.0,4400,0.0,0.0
2024-07-02 10:00:00+09:00,1610.0,1619.0,1604.0,1619.0,3000,0.0,0.0
2024-07-02 11:00:00+09:00,1618.0,1618.0,1602.0,1602.0,0,0.0,0.0
2024-07-02 12:00:00+09:00,1605.0,1618.0,1605.0,1618.0,8400,0.0,0.0
2024-07-02 13:00:00+09:00,1609.0,1618.0,1609.0,1618.0,1600,0.0,0.0
2024-07-02 14:00:00+09:00,1618.0,1625.0,1612.0,1625.0,2000,0.0,0.0
2024-07-03 09:00:00+09:00,1630.0,1640.0,1600.0,1608.0,5900,0.0,0.0
2024-07-03 10:00:00+09:00,1610.0,1611.0,1610.0,1611.0,500,0.0,0.0
2024-07-03 11:00:00+09:00,1616.0,1616.0,1616.0,1616.0,0,0.0,0.0
2024-07-03 12:00:00+09:00,1623.0,1628.0,1623.0,1628.0,7300,0.0,0.0
2024-07-03 13:00:00+09:00,1619.0,1622.0,1600.0,1622.0,2400,0.0,0.0
2024-07-03 14:00:00+09:00,1620.0,1622.0,1608.0,1610.0,1000,0.0,0.0
2024-07-04 09:00:00+09:00,1618.0,1630.0,1618.0,1620.0,4900,0.0,0.0
2024-07-04 10:00:00+09:00,1621.0,1623.0,1621.0,1623.0,500,0.0,0.0
2024-07-04 11:00:00+09:00,1623.0,1623.0,1623.0,1623.0,0,0.0,0.0
2024-07-04 12:00:00+09:00,1620.0,1620.0,1612.0,1612.0,6900,0.0,0.0
2024-07-04 13:00:00+09:00,1623.0,1623.0,1608.0,1608.0,900,0.0,0.0
2024-07-04 14:00:00+09:00,1609.0,1609.0,1605.0,1605.0,1400,0.0,0.0
2024-07-05 09:00:00+09:00,1627.0,1627.0,1606.0,1607.0,0,0.0,0.0
2024-07-05 10:00:00+09:00,1610.0,1614.0,1610.0,1613.0,4700,0.0,0.0
2024-07-05 11:00:00+09:00,1610.0,1610.0,1610.0,1610.0,0,0.0,0.0
2024-07-05 12:00:00+09:00,1608.0,1612.0,1608.0,1612.0,5000,0.0,0.0
2024-07-05 13:00:00+09:00,1608.0,1608.0,1604.0,1604.0,900,0.0,0.0
2024-07-05 14:00:00+09:00,1604.0,1604.0,1604.0,1604.0,100,0.0,0.0
2024-07-08 09:00:00+09:00,1607.0,1618.0,1607.0,1608.0,1000,0.0,0.0
2024-07-08 10:00:00+09:00,1607.0,1607.0,1605.0,1605.0,700,0.0,0.0
2024-07-08 11:00:00+09:00,1605.0,1605.0,1605.0,1605.0,0,0.0,0.0
2024-07-08 12:00:00+09:00,1606.0,1606.0,1606.0,1606.0,1800,0.0,0.0
2024-07-08 13:00:00+09:00,1605.0,1610.0,1601.0,1606.0,2000,0.0,0.0
2024-07-08 14:00:00+09:00,1606.0,1606.0,1603.0,1603.0,300,0.0,0.0
2024-07-09 09:00:00+09:00,1602.0,1603.0,1590.0,1591.0,4700,0.0,0.0
2024-07-09 10:00:00+09:00,1591.0,1591.0,1591.0,1591.0,100,0.0,0.0
2024-07-09 11:00:00+09:00,1601.0,1601.0,1601.0,1601.0,0,0.0,0.0
2024-07-09 13:00:00+09:00,1601.0,1601.0,1596.0,1596.0,5700,0.0,0.0
2024-07-10 09:00:00+09:00,1601.0,1601.0,1601.0,1601.0,1000,0.0,0.0
2024-07-10 10:00:00+09:00,1600.0,1600.0,1595.0,1595.0,600,0.0,0.0
2024-07-10 11:00:00+09:00,1595.0,1595.0,1595.0,1595.0,0,0.0,0.0
2024-07-10 12:00:00+09:00,1594.0,1594.0,1590.0,1590.0,5300,0.0,0.0
2024-07-10 13:00:00+09:00,1590.0,1590.0,1589.0,1589.0,2000,0.0,0.0
2024-07-10 14:00:00+09:00,1590.0,1591.0,1589.0,1589.0,1200,0.0,0.0
2024-07-11 09:00:00+09:00,1595.0,1601.0,1595.0,1601.0,400,0.0,0.0
2024-07-11 10:00:00+09:00,1596.0,1601.0,1595.0,1601.0,600,0.0,0.0
2024-07-11 11:00:00+09:00,1601.0,1601.0,1601.0,1601.0,0,0.0,0.0
2024-07-11 12:00:00+09:00,1615.0,1615.0,1615.0,1615.0,1100,0.0,0.0
2024-07-11 13:00:00+09:00,1614.0,1614.0,1604.0,1604.0,400,0.0,0.0
2024-07-11 14:00:00+09:00,1602.0,1602.0,1601.0,1601.0,200,0.0,0.0
2024-07-12 09:00:00+09:00,1603.0,1619.0,1592.0,1592.0,4000,0.0,0.0
2024-07-12 10:00:00+09:00,1598.0,1599.0,1590.0,1599.0,1100,0.0,0.0
2024-07-12 11:00:00+09:00,1600.0,1615.0,1600.0,1615.0,0,0.0,0.0
2024-07-12 12:00:00+09:00,1613.0,1614.0,1596.0,1614.0,6700,0.0,0.0
2024-07-12 14:00:00+09:00,1602.0,1602.0,1593.0,1593.0,500,0.0,0.0
2024-07-16 09:00:00+09:00,1604.0,1640.0,1592.0,1617.0,9100,0.0,0.0
2024-07-16 10:00:00+09:00,1617.0,1628.0,1613.0,1613.0,700,0.0,0.0
2024-07-16 11:00:00+09:00,1613.0,1613.0,1613.0,1613.0,0,0.0,0.0
2024-07-16 12:00:00+09:00,1613.0,1613.0,1613.0,1613.0,9900,0.0,0.0
2024-07-16 14:00:00+09:00,1610.0,1610.0,1610.0,1610.0,100,0.0,0.0
2024-07-17 09:00:00+09:00,1614.0,1615.0,1614.0,1615.0,800,0.0,0.0
2024-07-17 10:00:00+09:00,1614.0,1614.0,1609.0,1609.0,700,0.0,0.0
2024-07-17 11:00:00+09:00,1615.0,1625.0,1615.0,1625.0,0,0.0,0.0
2024-07-17 12:00:00+09:00,1625.0,1625.0,1617.0,1617.0,3400,0.0,0.0
2024-07-17 13:00:00+09:00,1617.0,1617.0,1610.0,1610.0,1500,0.0,0.0
2024-07-18 09:00:00+09:00,1608.0,1608.0,1608.0,1608.0,300,0.0,0.0
2024-07-18 10:00:00+09:00,1608.0,1610.0,1608.0,1610.0,400,0.0,0.0
2024-07-18 11:00:00+09:00,1610.0,1610.0,1610.0,1610.0,0,0.0,0.0
2024-07-18 12:00:00+09:00,1610.0,1613.0,1610.0,1613.0,1600,0.0,0.0
2024-07-18 13:00:00+09:00,1613.0,1613.0,1608.0,1608.0,800,0.0,0.0
2024-07-18 14:00:00+09:00,1608.0,1608.0,1608.0,1608.0,100,0.0,0.0
2024-07-19 09:00:00+09:00,1625.0,1632.0,1624.0,1624.0,800,0.0,0.0
2024-07-19 10:00:00+09:00,1611.0,1611.0,1611.0,1611.0,100,0.0,0.0
2024-07-19 11:00:00+09:00,1611.0,1611.0,1611.0,1611.0,0,0.0,0.0
2024-07-19 12:00:00+09:00,1610.0,1610.0,1606.0,1606.0,1400,0.0,0.0
2024-07-19 14:00:00+09:00,1609.0,1609.0,1609.0,1609.0,400,0.0,0.0
2024-07-22 09:00:00+09:00,1607.0,1630.0,1607.0,1611.0,12200,0.0,0.0
2024-07-22 10:00:00+09:00,1608.0,1608.0,1605.0,1605.0,700,0.0,0.0
2024-07-22 11:00:00+09:00,1615.0,1615.0,1602.0,1614.0,0,0.0,0.0
2024-07-22 12:00:00+09:00,1623.0,1623.0,1623.0,1623.0,13700,0.0,0.0
2024-07-22 13:00:00+09:00,1605.0,1605.0,1604.0,1604.0,200,0.0,0.0
2024-07-23 09:00:00+09:00,1658.0,1658.0,1622.0,1630.0,8000,0.0,0.0
2024-07-23 10:00:00+09:00,1630.0,1630.0,1627.0,1627.0,200,0.0,0.0
2024-07-23 11:00:00+09:00,1630.0,1630.0,1630.0,1630.0,0,0.0,0.0
2024-07-23 12:00:00+09:00,1633.0,1639.0,1633.0,1639.0,9200,0.0,0.0
2024-07-23 13:00:00+09:00,1639.0,1639.0,1637.0,1637.0,300,0.0,0.0
2024-07-23 14:00:00+09:00,1635.0,1635.0,1628.0,1628.0,1300,0.0,0.0
2024-07-24 09:00:00+09:00,1637.0,1637.0,1625.0,1625.0,1200,0.0,0.0
2024-07-24 10:00:00+09:00,1623.0,1623.0,1613.0,1614.0,2200,0.0,0.0
2024-07-24 11:00:00+09:00,1614.0,1614.0,1614.0,1614.0,0,0.0,0.0
2024-07-24 12:00:00+09:00,1612.0,1612.0,1612.0,1612.0,3500,0.0,0.0
2024-07-24 13:00:00+09:00,1612.0,1612.0,1612.0,1612.0,600,0.0,0.0
2024-07-24 14:00:00+09:00,1610.0,1610.0,1610.0,1610.0,200,0.0,0.0
2024-07-25 09:00:00+09:00,1589.0,1602.0,1585.0,1585.0,5800,0.0,0.0
2024-07-25 10:00:00+09:00,1585.0,1585.0,1581.0,1582.0,3500,0.0,0.0
2024-07-25 11:00:00+09:00,1584.0,1591.0,1584.0,1591.0,0,0.0,0.0
2024-07-25 12:00:00+09:00,1591.0,1591.0,1588.0,1588.0,10800,0.0,0.0
2024-07-25 13:00:00+09:00,1583.0,1586.0,1582.0,1586.0,700,0.0,0.0
2024-07-25 14:00:00+09:00,1590.0,1590.0,1582.0,1582.0,700,0.0,0.0
2024-07-26 09:00:00+09:00,1585.0,1585.0,1583.0,1583.0,1900,0.0,0.0
2024-07-26 10:00:00+09:00,1585.0,1587.0,1582.0,1582.0,700,0.0,0.0
2024-07-26 11:00:00+09:00,1587.0,1587.0,1587.0,1587.0,0,0.0,0.0
2024-07-26 12:00:00+09:00,1607.0,1610.0,1607.0,1610.0,3100,0.0,0.0
2024-07-26 14:00:00+09:00,1601.0,1601.0,1582.0,1582.0,300,0.0,0.0
2024-07-29 09:00:00+09:00,1586.0,1586.0,1586.0,1586.0,400,0.0,0.0
2024-07-29 11:00:00+09:00,1587.0,1587.0,1587.0,1587.0,0,0.0,0.0
2024-07-29 12:00:00+09:00,1600.0,1600.0,1600.0,1600.0,600,0.0,0.0
2024-07-29 14:00:00+09:00,1601.0,1610.0,1601.0,1610.0,300,0.0,0.0
2024-07-30 09:00:00+09:00,1610.0,1610.0,1610.0,1610.0,100,0.0,0.0
2024-07-30 10:00:00+09:00,1605.0,1605.0,1605.0,1605.0,300,0.0,0.0
2024-07-30 11:00:00+09:00,1605.0,1605.0,1605.0,1605.0,0,0.0,0.0
2024-07-30 13:00:00+09:00,1609.0,1614.0,1606.0,1614.0,1200,0.0,0.0
2024-07-30 14:00:00+09:00,1605.0,1605.0,1605.0,1605.0,200,0.0,0.0
2024-07-31 09:00:00+09:00,1600.0,1600.0,1600.0,1600.0,300,0.0,0.0
2024-07-31 11:00:00+09:00,1603.0,1603.0,1603.0,1603.0,0,0.0,0.0
2024-07-31 12:00:00+09:00,1603.0,1603.0,1603.0,1603.0,500,0.0,0.0
2024-07-31 13:00:00+09:00,1603.0,1615.0,1603.0,1607.0,1200,0.0,0.0
2024-07-31 14:00:00+09:00,1615.0,1621.0,1610.0,1610.0,1200,0.0,0.0
2024-08-01 09:00:00+09:00,1607.0,1622.0,1605.0,1605.0,1500,0.0,0.0
2024-08-01 10:00:00+09:00,1605.0,1605.0,1600.0,1600.0,2600,0.0,0.0
2024-08-01 11:00:00+09:00,1600.0,1600.0,1600.0,1600.0,0,0.0,0.0
2024-08-01 12:00:00+09:00,1601.0,1605.0,1600.0,1600.0,4500,0.0,0.0
2024-08-01 14:00:00+09:00,1595.0,1595.0,1593.0,1593.0,1600,0.0,0.0
2024-08-02 09:00:00+09:00,1579.0,1590.0,1573.0,1573.0,7200,0.0,0.0
2024-08-02 10:00:00+09:00,1573.0,1575.0,1568.0,1575.0,3000,0.0,0.0
2024-08-02 11:00:00+09:00,1575.0,1575.0,1575.0,1575.0,0,0.0,0.0
2024-08-02 12:00:00+09:00,1570.0,1575.0,1570.0,1570.0,14900,0.0,0.0
2024-08-02 13:00:00+09:00,1568.0,1568.0,1563.0,1563.0,1200,0.0,0.0
2024-08-02 14:00:00+09:00,1572.0,1572.0,1552.0,1552.0,2600,0.0,0.0
2024-08-05 09:00:00+09:00,1452.0,1478.0,1418.0,1446.0,6900,0.0,0.0
2024-08-05 10:00:00+09:00,1445.0,1445.0,1415.0,1415.0,3300,0.0,0.0
2024-08-05 11:00:00+09:00,1427.0,1427.0,1410.0,1416.0,0,0.0,0.0
2024-08-05 12:00:00+09:00,1412.0,1420.0,1410.0,1418.0,13400,0.0,0.0
2024-08-05 13:00:00+09:00,1405.0,1405.0,1310.0,1310.0,10800,0.0,0.0
2024-08-05 14:00:00+09:00,1310.0,1310.0,1200.0,1200.0,8400,0.0,0.0
2024-08-06 09:00:00+09:00,1350.0,1450.0,1290.0,1330.0,14600,0.0,0.0
2024-08-06 10:00:00+09:00,1390.0,1449.0,1250.0,1256.0,3900,0.0,0.0
2024-08-06 11:00:00+09:00,1280.0,1280.0,1258.0,1275.0,0,0.0,0.0
2024-08-06 12:00:00+09:00,1259.0,1300.0,1201.0,1241.0,44300,0.0,0.0
2024-08-06 13:00:00+09:00,1301.0,1310.0,1250.0,1250.0,2900,0.0,0.0
2024-08-06 14:00:00+09:00,1310.0,1310.0,1230.0,1250.0,3200,0.0,0.0
2024-08-07 09:00:00+09:00,1290.0,1300.0,1285.0,1290.0,15200,0.0,0.0
2024-08-07 10:00:00+09:00,1302.0,1302.0,1302.0,1302.0,100,0.0,0.0
2024-08-07 11:00:00+09:00,1302.0,1302.0,1302.0,1302.0,0,0.0,0.0
2024-08-07 12:00:00+09:00,1320.0,1350.0,1320.0,1350.0,20200,0.0,0.0
2024-08-07 13:00:00+09:00,1335.0,1370.0,1335.0,1370.0,300,0.0,0.0
2024-08-07 14:00:00+09:00,1370.0,1382.0,1361.0,1382.0,1800,0.0,0.0
2024-08-08 09:00:00+09:00,1360.0,1379.0,1335.0,1335.0,3600,0.0,0.0
2024-08-08 10:00:00+09:00,1335.0,1356.0,1335.0,1356.0,1600,0.0,0.0
2024-08-08 11:00:00+09:00,1356.0,1356.0,1356.0,1356.0,0,0.0,0.0
2024-08-08 12:00:00+09:00,1351.0,1374.0,1351.0,1374.0,5900,0.0,0.0
2024-08-08 13:00:00+09:00,1374.0,1380.0,1352.0,1352.0,700,0.0,0.0
2024-08-08 14:00:00+09:00,1375.0,1380.0,1350.0,1376.0,900,0.0,0.0
2024-08-09 09:00:00+09:00,1439.0,1440.0,1393.0,1411.0,3400,0.0,0.0
2024-08-09 10:00:00+09:00,1415.0,1429.0,1401.0,1401.0,1100,0.0,0.0
2024-08-09 11:00:00+09:00,1401.0,1405.0,1401.0,1405.0,0,0.0,0.0
2024-08-09 12:00:00+09:00,1405.0,1405.0,1405.0,1405.0,5700,0.0,0.0
2024-08-09 13:00:00+09:00,1400.0,1400.0,1400.0,1400.0,100,0.0,0.0
2024-08-09 14:00:00+09:00,1405.0,1410.0,1388.0,1388.0,700,0.0,0.0
2024-08-13 09:00:00+09:00,1398.0,1401.0,1398.0,1400.0,2500,0.0,0.0
2024-08-13 10:00:00+09:00,1401.0,1401.0,1401.0,1401.0,100,0.0,0.0
2024-08-13 11:00:00+09:00,1403.0,1403.0,1403.0,1403.0,0,0.0,0.0
2024-08-13 12:00:00+09:00,1405.0,1405.0,1405.0,1405.0,3800,0.0,0.0
2024-08-13 14:00:00+09:00,1418.0,1430.0,1407.0,1427.0,1600,0.0,0.0
2024-08-14 09:00:00+09:00,1437.0,1460.0,1437.0,1460.0,2900,0.0,0.0
2024-08-14 10:00:00+09:00,1464.0,1473.0,1464.0,1473.0,200,0.0,0.0
2024-08-14 11:00:00+09:00,1473.0,1473.0,1473.0,1473.0,0,0.0,0.0
2024-08-14 12:00:00+09:00,1473.0,1490.0,1473.0,1490.0,4100,0.0,0.0
2024-08-14 13:00:00+09:00,1485.0,1498.0,1478.0,1498.0,300,0.0,0.0
2024-08-14 14:00:00+09:00,1499.0,1500.0,1475.0,1490.0,2100,0.0,0.0
2024-08-15 09:00:00+09:00,1488.0,1495.0,1482.0,1482.0,900,0.0,0.0
2024-08-15 11:00:00+09:00,1482.0,1482.0,1482.0,1482.0,0,0.0,0.0
2024-08-15 12:00:00+09:00,1483.0,1483.0,1483.0,1483.0,1000,0.0,0.0
2024-08-15 13:00:00+09:00,1499.0,1499.0,1499.0,1499.0,100,0.0,0.0
2024-08-15 14:00:00+09:00,1495.0,1509.0,1484.0,1509.0,1000,0.0,0.0
2024-08-16 09:00:00+09:00,1520.0,1538.0,1501.0,1501.0,0,0.0,0.0
2024-08-16 10:00:00+09:00,1505.0,1505.0,1505.0,1505.0,1500,0.0,0.0
2024-08-16 11:00:00+09:00,1505.0,1505.0,1505.0,1505.0,0,0.0,0.0
2024-08-16 12:00:00+09:00,1505.0,1505.0,1505.0,1505.0,1900,0.0,0.0
2024-08-16 13:00:00+09:00,1505.0,1505.0,1503.0,1503.0,1400,0.0,0.0
2024-08-16 14:00:00+09:00,1526.0,1526.0,1503.0,1503.0,1200,0.0,0.0
2024-08-19 09:00:00+09:00,1503.0,1503.0,1500.0,1500.0,1600,0.0,0.0
2024-08-19 10:00:00+09:00,1503.0,1503.0,1500.0,1500.0,200,0.0,0.0
2024-08-19 11:00:00+09:00,1500.0,1500.0,1500.0,1500.0,0,0.0,0.0
2024-08-19 12:00:00+09:00,1500.0,1500.0,1483.0,1483.0,3800,0.0,0.0
2024-08-19 13:00:00+09:00,1484.0,1484.0,1484.0,1484.0,100,0.0,0.0
2024-08-19 14:00:00+09:00,1484.0,1503.0,1483.0,1483.0,800,0.0,0.0
2024-08-20 09:00:00+09:00,1486.0,1499.0,1486.0,1499.0,500,0.0,0.0
2024-08-20 10:00:00+09:00,1504.0,1519.0,1501.0,1501.0,400,0.0,0.0
2024-08-20 11:00:00+09:00,1501.0,1501.0,1501.0,1501.0,0,0.0,0.0
2024-08-20 12:00:00+09:00,1492.0,1517.0,1486.0,1486.0,1500,0.0,0.0
2024-08-20 14:00:00+09:00,1515.0,1517.0,1515.0,1517.0,400,0.0,0.0
2024-08-21 09:00:00+09:00,1508.0,1516.0,1506.0,1506.0,3000,0.0,0.0
2024-08-21 10:00:00+09:00,1509.0,1510.0,1509.0,1510.0,300,0.0,0.0
2024-08-21 11:00:00+09:00,1510.0,1510.0,1510.0,1510.0,0,0.0,0.0
2024-08-21 12:00:00+09:00,1510.0,1510.0,1510.0,1510.0,3800,0.0,0.0
2024-08-21 13:00:00+09:00,1516.0,1523.0,1516.0,1523.0,300,0.0,0.0
2024-08-21 14:00:00+09:00,1511.0,1511.0,1500.0,1501.0,700,0.0,0.0
2024-08-22 09:00:00+09:00,1502.0,1523.0,1502.0,1523.0,0,0.0,0.0
2024-08-22 11:00:00+09:00,1523.0,1523.0,1523.0,1523.0,0,0.0,0.0
2024-08-22 12:00:00+09:00,1522.0,1522.0,1522.0,1522.0,700,0.0,0.0
2024-08-22 13:00:00+09:00,1516.0,1516.0,1515.0,1515.0,200,0.0,0.0
2024-08-22 14:00:00+09:00,1506.0,1506.0,1505.0,1505.0,500,0.0,0.0
2024-08-23 09:00:00+09:00,1522.0,1522.0,1521.0,1521.0,200,0.0,0.0
2024-08-23 11:00:00+09:00,1509.0,1509.0,1509.0,1509.0,0,0.0,0.0
2024-08-23 12:00:00+09:00,1509.0,1509.0,1506.0,1506.0,1200,0.0,0.0
2024-08-23 13:00:00+09:00,1506.0,1522.0,1506.0,1522.0,200,0.0,0.0
2024-08-23 14:00:00+09:00,1509.0,1509.0,1509.0,1509.0,100,0.0,0.0
2024-08-26 09:00:00+09:00,1504.0,1523.0,1504.0,1523.0,800,0.0,0.0
2024-08-26 10:00:00+09:00,1522.0,1523.0,1522.0,1523.0,300,0.0,0.0
2024-08-26 11:00:00+09:00,1509.0,1509.0,1509.0,1509.0,0,0.0,0.0
2024-08-26 14:00:00+09:00,1510.0,1510.0,1504.0,1504.0,2100,0.0,0.0
2024-08-27 09:00:00+09:00,1497.0,1498.0,1497.0,1498.0,300,0.0,0.0
2024-08-27 11:00:00+09:00,1498.0,1498.0,1498.0,1498.0,0,0.0,0.0
2024-08-27 12:00:00+09:00,1506.0,1506.0,1506.0,1506.0,400,0.0,0.0
2024-08-27 13:00:00+09:00,1499.0,1499.0,1499.0,1499.0,0,0.0,0.0
2024-08-27 14:00:00+09:00,1499.0,1509.0,1499.0,1509.0,700,0.0,0.0
2024-08-28 09:00:00+09:00,1517.0,1517.0,1499.0,1499.0,800,0.0,0.0
2024-08-28 10:00:00+09:00,1499.0,1499.0,1499.0,1499.0,200,0.0,0.0
2024-08-28 11:00:00+09:00,1499.0,1499.0,1499.0,1499.0,0,0.0,0.0
2024-08-28 14:00:00+09:00,1507.0,1507.0,1499.0,1507.0,1300,0.0,0.0
2024-08-29 09:00:00+09:00,1514.0,1514.0,1506.0,1506.0,300,0.0,0.0
2024-08-29 11:00:00+09:00,1506.0,1506.0,1504.0,1504.0,0,0.0,0.0
2024-08-29 12:00:00+09:00,1507.0,1507.0,1507.0,1507.0,600,0.0,0.0
2024-08-29 13:00:00+09:00,1500.0,1500.0,1500.0,1500.0,200,0.0,0.0
2024-08-29 14:00:00+09:00,1500.0,1500.0,1500.0,1500.0,200,0.0,0.0
2024-08-30 09:00:00+09:00,1500.0,1500.0,1500.0,1500.0,300,0.0,0.0
2024-08-30 10:00:00+09:00,1508.0,1510.0,1508.0,1510.0,200,0.0,0.0
2024-08-30 11:00:00+09:00,1510.0,1510.0,1510.0,1510.0,0,0.0,0.0
2024-08-30 12:00:00+09:00,1503.0,1503.0,1499.0,1499.0,1300,0.0,0.0
2024-08-30 13:00:00+09:00,1499.0,1499.0,1499.0,1499.0,200,0.0,0.0
2024-08-30 14:00:00+09:00,1499.0,1508.0,1498.0,1508.0,500,0.0,0.0
2024-09-02 09:00:00+09:00,1508.0,1508.0,1499.0,1505.0,1700,0.0,0.0
2024-09-02 10:00:00+09:00,1499.0,1502.0,1498.0,1502.0,500,0.0,0.0
2024-09-02 11:00:00+09:00,1502.0,1502.0,1502.0,1502.0,0,0.0,0.0
2024-09-02 12:00:00+09:00,1512.0,1512.0,1508.0,1508.0,2400,0.0,0.0
2024-09-02 14:00:00+09:00,1509.0,1509.0,1501.0,1501.0,200,0.0,0.0
2024-09-03 09:00:00+09:00,1513.0,1513.0,1501.0,1501.0,500,0.0,0.0
2024-09-03 10:00:00+09:00,1501.0,1501.0,1499.0,1499.0,400,0.0,0.0
2024-09-03 11:00:00+09:00,1497.0,1506.0,1497.0,1506.0,0,0.0,0.0
2024-09-03 12:00:00+09:00,1503.0,1507.0,1503.0,1507.0,1300,0.0,0.0
2024-09-03 13:00:00+09:00,1498.0,1498.0,1498.0,1498.0,200,0.0,0.0
2024-09-03 14:00:00+09:00,1498.0,1498.0,1498.0,1498.0,600,0.0,0.0
2024-09-04 09:00:00+09:00,1493.0,1494.0,1487.0,1487.0,2800,0.0,0.0
2024-09-04 10:00:00+09:00,1487.0,1487.0,1487.0,1487.0,100,0.0,0.0
2024-09-04 11:00:00+09:00,1483.0,1483.0,1483.0,1483.0,0,0.0,0.0
2024-09-04 12:00:00+09:00,1483.0,1483.0,1483.0,1483.0,4100,0.0,0.0
2024-09-04 13:00:00+09:00,1480.0,1480.0,1471.0,1472.0,600,0.0,0.0
2024-09-04 14:00:00+09:00,1475.0,1481.0,1475.0,1481.0,500,0.0,0.0
2024-09-05 09:00:00+09:00,1469.0,1499.0,1469.0,1499.0,500,0.0,0.0
2024-09-05 10:00:00+09:00,1476.0,1494.0,1470.0,1470.0,500,0.0,0.0
2024-09-05 11:00:00+09:00,1470.0,1470.0,1470.0,1470.0,0,0.0,0.0
2024-09-05 12:00:00+09:00,1474.0,1475.0,1474.0,1475.0,0,0.0,0.0
2024-09-05 13:00:00+09:00,1476.0,1476.0,1475.0,1475.0,1800,0.0,0.0
2024-09-05 14:00:00+09:00,1475.0,1475.0,1475.0,1475.0,100,0.0,0.0
2024-09-06 09:00:00+09:00,1475.0,1475.0,1455.0,1468.0,3300,0.0,0.0
2024-09-06 10:00:00+09:00,1457.0,1457.0,1456.0,1457.0,400,0.0,0.0
2024-09-06 11:00:00+09:00,1458.0,1458.0,1458.0,1458.0,0,0.0,0.0
2024-09-06 12:00:00+09:00,1458.0,1458.0,1458.0,1458.0,3900,0.0,0.0
2024-09-06 13:00:00+09:00,1458.0,1458.0,1458.0,1458.0,100,0.0,0.0
2024-09-06 14:00:00+09:00,1458.0,1458.0,1458.0,1458.0,100,0.0,0.0
2024-09-09 09:00:00+09:00,1450.0,1450.0,1435.0,1438.0,1200,0.0,0.0
2024-09-09 10:00:00+09:00,1464.0,1464.0,1464.0,1464.0,100,0.0,0.0
2024-09-09 11:00:00+09:00,1464.0,1464.0,1464.0,1464.0,0,0.0,0.0
2024-09-09 13:00:00+09:00,1438.0,1438.0,1438.0,1438.0,1700,0.0,0.0
2024-09-09 14:00:00+09:00,1439.0,1439.0,1438.0,1438.0,600,0.0,0.0
2024-09-10 09:00:00+09:00,1444.0,1444.0,1444.0,1444.0,3000,0.0,0.0
2024-09-10 10:00:00+09:00,1439.0,1439.0,1438.0,1438.0,300,0.0,0.0
2024-09-10 11:00:00+09:00,1437.0,1437.0,1437.0,1437.0,0,0.0,0.0
2024-09-10 12:00:00+09:00,1438.0,1438.0,1438.0,1438.0,3600,0.0,0.0
2024-09-10 13:00:00+09:00,1455.0,1466.0,1455.0,1466.0,300,0.0,0.0
2024-09-11 09:00:00+09:00,1431.0,1433.0,1424.0,1430.0,3700,0.0,0.0
2024-09-11 10:00:00+09:00,1425.0,1425.0,1423.0,1424.0,300,0.0,0.0
2024-09-11 11:00:00+09:00,1427.0,1427.0,1425.0,1425.0,0,0.0,0.0
2024-09-11 12:00:00+09:00,1425.0,1425.0,1421.0,1421.0,4900,0.0,0.0
2024-09-11 13:00:00+09:00,1421.0,1426.0,1411.0,1411.0,2300,0.0,0.0
2024-09-11 14:00:00+09:00,1410.0,1414.0,1410.0,1414.0,500,0.0,0.0
2024-09-12 09:00:00+09:00,1431.0,1431.0,1410.0,1420.0,1200,0.0,0.0
2024-09-12 10:00:00+09:00,1420.0,1420.0,1415.0,1420.0,400,0.0,0.0
2024-09-12 11:00:00+09:00,1420.0,1420.0,1420.0,1420.0,0,0.0,0.0
2024-09-12 13:00:00+09:00,1413.0,1413.0,1411.0,1411.0,2000,0.0,0.0
2024-09-12 14:00:00+09:00,1410.0,1421.0,1410.0,1411.0,400,0.0,0.0
2024-09-13 09:00:00+09:00,1433.0,1433.0,1406.0,1406.0,1300,0.0,0.0
2024-09-13 11:00:00+09:00,1406.0,1406.0,1406.0,1406.0,0,0.0,0.0
2024-09-13 12:00:00+09:00,1408.0,1408.0,1406.0,1406.0,1800,0.0,0.0
2024-09-13 13:00:00+09:00,1406.0,1406.0,1406.0,1406.0,400,0.0,0.0
2024-09-13 14:00:00+09:00,1410.0,1410.0,1410.0,1410.0,300,0.0,0.0
2024-09-17 09:00:00+09:00,1413.0,1413.0,1406.0,1406.0,700,0.0,0.0
2024-09-17 10:00:00+09:00,1415.0,1416.0,1407.0,1407.0,300,0.0,0.0
2024-09-17 11:00:00+09:00,1406.0,1406.0,1406.0,1406.0,0,0.0,0.0
2024-09-17 12:00:00+09:00,1406.0,1406.0,1404.0,1404.0,3200,0.0,0.0
2024-09-17 13:00:00+09:00,1404.0,1404.0,1403.0,1403.0,200,0.0,0.0
2024-09-17 14:00:00+09:00,1401.0,1408.0,1401.0,1408.0,400,0.0,0.0
2024-09-18 09:00:00+09:00,1403.0,1417.0,1403.0,1410.0,300,0.0,0.0
2024-09-18 11:00:00+09:00,1406.0,1406.0,1406.0,1406.0,0,0.0,0.0
2024-09-18 12:00:00+09:00,1406.0,1406.0,1403.0,1403.0,800,0.0,0.0
2024-09-18 13:00:00+09:00,1403.0,1403.0,1403.0,1403.0,200,0.0,0.0
2024-09-18 14:00:00+09:00,1405.0,1405.0,1402.0,1402.0,500,0.0,0.0
2024-09-19 09:00:00+09:00,1404.0,1414.0,1404.0,1414.0,600,0.0,0.0
2024-09-19 10:00:00+09:00,1406.0,1406.0,1406.0,1406.0,200,0.0,0.0
2024-09-19 11:00:00+09:00,1407.0,1412.0,1407.0,1412.0,0,0.0,0.0
2024-09-19 12:00:00+09:00,1412.0,1420.0,1412.0,1420.0,1600,0.0,0.0
2024-09-19 13:00:00+09:00,1420.0,1420.0,1419.0,1419.0,300,0.0,0.0
2024-09-20 09:00:00+09:00,1419.0,1423.0,1419.0,1421.0,1200,0.0,0.0
2024-09-20 10:00:00+09:00,1421.0,1422.0,1419.0,1420.0,1300,0.0,0.0
2024-09-20 11:00:00+09:00,1415.0,1415.0,1415.0,1415.0,0,0.0,0.0
2024-09-20 12:00:00+09:00,1419.0,1419.0,1409.0,1409.0,3900,0.0,0.0
2024-09-20 13:00:00+09:00,1411.0,1413.0,1411.0,1413.0,700,0.0,0.0
2024-09-20 14:00:00+09:00,1416.0,1420.0,1416.0,1420.0,900,0.0,0.0
2024-09-24 09:00:00+09:00,1419.0,1419.0,1417.0,1417.0,800,0.0,0.0
2024-09-24 10:00:00+09:00,1418.0,1418.0,1417.0,1417.0,500,0.0,0.0
2024-09-24 11:00:00+09:00,1419.0,1419.0,1417.0,1417.0,0,0.0,0.0
2024-09-24 12:00:00+09:00,1417.0,1417.0,1417.0,1417.0,5700,0.0,0.0
2024-09-24 13:00:00+09:00,1416.0,1416.0,1413.0,1413.0,300,0.0,0.0
2024-09-24 14:00:00+09:00,1413.0,1424.0,1412.0,1424.0,1500,0.0,0.0
2024-09-25 09:00:00+09:00,1415.0,1415.0,1415.0,1415.0,100,0.0,0.0
2024-09-25 11:00:00+09:00,1415.0,1416.0,1415.0,1416.0,0,0.0,0.0
2024-09-25 12:00:00+09:00,1416.0,1416.0,1416.0,1416.0,4000,0.0,0.0
2024-09-25 13:00:00+09:00,1416.0,1416.0,1416.0,1416.0,200,0.0,0.0
2024-09-25 14:00:00+09:00,1416.0,1416.0,1416.0,1416.0,100,0.0,0.0
2024-09-26 09:00:00+09:00,1421.0,1424.0,1419.0,1419.0,5600,0.0,0.0
2024-09-26 10:00:00+09:00,1424.0,1425.0,1424.0,1424.0,900,0.0,0.0
2024-09-26 11:00:00+09:00,1419.0,1419.0,1416.0,1416.0,0,0.0,0.0
2024-09-26 12:00:00+09:00,1422.0,1422.0,1417.0,1417.0,7700,0.0,0.0
2024-09-26 13:00:00+09:00,1416.0,1416.0,1416.0,1416.0,700,0.0,0.0
2024-09-26 14:00:00+09:00,1415.0,1420.0,1415.0,1420.0,400,0.0,0.0
2024-09-27 09:00:00+09:00,1418.0,1434.0,1418.0,1434.0,700,0.0,0.0
2024-09-27 10:00:00+09:00,1440.0,1449.0,1427.0,1427.0,1100,0.0,0.0
2024-09-27 11:00:00+09:00,1427.0,1427.0,1427.0,1427.0,0,0.0,0.0
2024-09-27 12:00:00+09:00,1429.0,1441.0,1429.0,1441.0,2100,0.0,0.0
2024-09-27 13:00:00+09:00,1441.0,1441.0,1441.0,1441.0,100,0.0,0.0
2024-09-27 14:00:00+09:00,1430.0,1472.0,1425.0,1425.0,4100,0.0,0.0
2024-09-30 09:00:00+09:00,1424.0,1426.0,1415.0,1415.0,3100,0.0,0.0
2024-09-30 10:00:00+09:00,1415.0,1415.0,1412.0,1412.0,300,0.0,0.0
2024-09-30 11:00:00+09:00,1424.0,1424.0,1420.0,1420.0,0,0.0,0.0
2024-09-30 13:00:00+09:00,1420.0,1420.0,1420.0,1420.0,4100,0.0,0.0
2024-09-30 14:00:00+09:00,1424.0,1424.0,1424.0,1424.0,100,0.0,0.0
2024-10-01 09:00:00+09:00,1429.0,1429.0,1429.0,1429.0,500,0.0,0.0
2024-10-01 11:00:00+09:00,1425.0,1425.0,1424.0,1424.0,0,0.0,0.0
2024-10-01 12:00:00+09:00,1424.0,1424.0,1424.0,1424.0,900,0.0,0.0
2024-10-01 13:00:00+09:00,1424.0,1428.0,1424.0,1428.0,300,0.0,0.0
2024-10-01 14:00:00+09:00,1428.0,1429.0,1426.0,1429.0,300,0.0,0.0
2024-10-02 09:00:00+09:00,1436.0,1480.0,1436.0,1480.0,4000,0.0,0.0
2024-10-02 10:00:00+09:00,1464.0,1464.0,1454.0,1462.0,900,0.0,0.0
2024-10-02 11:00:00+09:00,1462.0,1462.0,1462.0,1462.0,0,0.0,0.0
2024-10-02 12:00:00+09:00,1475.0,1475.0,1474.0,1474.0,5200,0.0,0.0
2024-10-02 13:00:00+09:00,1475.0,1477.0,1472.0,1477.0,800,0.0,0.0
2024-10-02 14:00:00+09:00,1468.0,1468.0,1463.0,1463.0,600,0.0,0.0
2024-10-03 09:00:00+09:00,1470.0,1486.0,1468.0,1486.0,1300,0.0,0.0
2024-10-03 10:00:00+09:00,1481.0,1481.0,1468.0,1468.0,400,0.0,0.0
2024-10-03 11:00:00+09:00,1468.0,1468.0,1468.0,1468.0,0,0.0,0.0
2024-10-03 12:00:00+09:00,1468.0,1468.0,1464.0,1464.0,2700,0.0,0.0
2024-10-03 13:00:00+09:00,1464.0,1464.0,1464.0,1464.0,100,0.0,0.0
2024-10-03 14:00:00+09:00,1463.0,1463.0,1457.0,1457.0,1300,0.0,0.0
2024-10-04 09:00:00+09:00,1469.0,1469.0,1457.0,1459.0,1200,0.0,0.0
2024-10-04 10:00:00+09:00,1469.0,1470.0,1469.0,1470.0,500,0.0,0.0
2024-10-04 11:00:00+09:00,1469.0,1469.0,1466.0,1466.0,0,0.0,0.0
2024-10-04 12:00:00+09:00,1466.0,1470.0,1466.0,1470.0,2100,0.0,0.0
2024-10-04 13:00:00+09:00,1466.0,1466.0,1465.0,1465.0,400,0.0,0.0
2024-10-04 14:00:00+09:00,1461.0,1461.0,1460.0,1460.0,200,0.0,0.0
2024-10-07 09:00:00+09:00,1466.0,1466.0,1463.0,1465.0,400,0.0,0.0
2024-10-07 10:00:00+09:00,1463.0,1463.0,1462.0,1462.0,700,0.0,0.0
2024-10-07 11:00:00+09:00,1462.0,1462.0,1462.0,1462.0,0,0.0,0.0
2024-10-07 12:00:00+09:00,1457.0,1457.0,1457.0,1457.0,1900,0.0,0.0
2024-10-07 13:00:00+09:00,1458.0,1458.0,1458.0,1458.0,100,0.0,0.0
2024-10-07 14:00:00+09:00,1459.0,1459.0,1458.0,1458.0,300,0.0,0.0
2024-10-08 09:00:00+09:00,1465.0,1465.0,1458.0,1458.0,600,0.0,0.0
2024-10-08 10:00:00+09:00,1458.0,1458.0,1453.0,1453.0,1500,0.0,0.0
2024-10-08 11:00:00+09:00,1453.0,1453.0,1453.0,1453.0,0,0.0,0.0
2024-10-08 12:00:00+09:00,1453.0,1453.0,1393.0,1410.0,22000,0.0,0.0
2024-10-08 13:00:00+09:00,1409.0,1417.0,1409.0,1417.0,2100,0.0,0.0
2024-10-08 14:00:00+09:00,1414.0,1438.0,1413.0,1437.0,3900,0.0,0.0
2024-10-09 09:00:00+09:00,1437.0,1467.0,1437.0,1467.0,800,0.0,0.0
2024-10-09 10:00:00+09:00,1454.0,1456.0,1454.0,1456.0,200,0.0,0.0
2024-10-09 11:00:00+09:00,1439.0,1439.0,1439.0,1439.0,0,0.0,0.0
2024-10-09 12:00:00+09:00,1437.0,1439.0,1437.0,1439.0,1300,0.0,0.0
2024-10-09 13:00:00+09:00,1438.0,1449.0,1438.0,1449.0,300,0.0,0.0
2024-10-09 14:00:00+09:00,1437.0,1437.0,1435.0,1435.0,600,0.0,0.0
2024-10-10 09:00:00+09:00,1450.0,1451.0,1435.0,1435.0,2700,0.0,0.0
2024-10-10 10:00:00+09:00,1427.0,1427.0,1425.0,1425.0,400,0.0,0.0
2024-10-10 11:00:00+09:00,1415.0,1415.0,1415.0,1415.0,0,0.0,0.0
2024-10-10 12:00:00+09:00,1419.0,1423.0,1419.0,1421.0,3600,0.0,0.0
2024-10-10 13:00:00+09:00,1411.0,1411.0,1411.0,1411.0,100,0.0,0.0
2024-10-10 14:00:00+09:00,1414.0,1415.0,1413.0,1415.0,600,0.0,0.0
2024-10-11 09:00:00+09:00,1431.0,1431.0,1427.0,1427.0,700,0.0,0.0
2024-10-11 10:00:00+09:00,1431.0,1431.0,1431.0,1431.0,200,0.0,0.0
2024-10-11 11:00:00+09:00,1431.0,1431.0,1431.0,1431.0,0,0.0,0.0
2024-10-11 12:00:00+09:00,1431.0,1431.0,1431.0,1431.0,1000,0.0,0.0
2024-10-11 13:00:00+09:00,1431.0,1431.0,1430.0,1430.0,300,0.0,0.0
2024-10-11 14:00:00+09:00,1427.0,1427.0,1426.0,1426.0,300,0.0,0.0
2024-10-15 09:00:00+09:00,1426.0,1426.0,1421.0,1426.0,2200,0.0,0.0
2024-10-15 10:00:00+09:00,1427.0,1427.0,1426.0,1426.0,300,0.0,0.0
2024-10-15 11:00:00+09:00,1426.0,1426.0,1426.0,1426.0,0,0.0,0.0
2024-10-15 12:00:00+09:00,1428.0,1428.0,1426.0,1426.0,2900,0.0,0.0
2024-10-15 13:00:00+09:00,1426.0,1427.0,1426.0,1427.0,200,0.0,0.0
2024-10-15 14:00:00+09:00,1427.0,1427.0,1423.0,1423.0,800,0.0,0.0
2024-10-16 09:00:00+09:00,1420.0,1420.0,1414.0,1415.0,1600,0.0,0.0
2024-10-16 10:00:00+09:00,1422.0,1423.0,1417.0,1417.0,400,0.0,0.0
2024-10-16 11:00:00+09:00,1417.0,1417.0,1417.0,1417.0,0,0.0,0.0
2024-10-16 13:00:00+09:00,1417.0,1417.0,1415.0,1415.0,2300,0.0,0.0
2024-10-16 14:00:00+09:00,1417.0,1417.0,1415.0,1416.0,1000,0.0,0.0
2024-10-17 09:00:00+09:00,1420.0,1437.0,1420.0,1437.0,300,0.0,0.0
2024-10-17 11:00:00+09:00,1437.0,1437.0,1437.0,1437.0,0,0.0,0.0
2024-10-17 12:00:00+09:00,1424.0,1424.0,1424.0,1424.0,400,0.0,0.0
2024-10-17 13:00:00+09:00,1423.0,1423.0,1423.0,1423.0,100,0.0,0.0
2024-10-18 09:00:00+09:00,1428.0,1450.0,1428.0,1446.0,0,0.0,0.0
2024-10-18 10:00:00+09:00,1446.0,1446.0,1423.0,1423.0,3800,0.0,0.0
2024-10-18 11:00:00+09:00,1423.0,1423.0,1423.0,1423.0,0,0.0,0.0
2024-10-18 12:00:00+09:00,1444.0,1444.0,1444.0,1444.0,3900,0.0,0.0
2024-10-18 13:00:00+09:00,1426.0,1426.0,1426.0,1426.0,200,0.0,0.0
2024-10-21 12:00:00+09:00,1450.0,1450.0,1450.0,1450.0,400,0.0,0.0
2024-10-21 13:00:00+09:00,1453.0,1455.0,1453.0,1455.0,2100,0.0,0.0
2024-10-21 14:00:00+09:00,1454.0,1454.0,1454.0,1454.0,100,0.0,0.0
2024-10-22 09:00:00+09:00,1445.0,1445.0,1445.0,1445.0,100,0.0,0.0
2024-10-22 10:00:00+09:00,1439.0,1439.0,1439.0,1439.0,100,0.0,0.0
2024-10-22 11:00:00+09:00,1440.0,1440.0,1440.0,1440.0,0,0.0,0.0
2024-10-22 13:00:00+09:00,1439.0,1439.0,1439.0,1439.0,400,0.0,0.0
2024-10-22 14:00:00+09:00,1439.0,1439.0,1439.0,1439.0,200,0.0,0.0
2024-10-23 10:00:00+09:00,1440.0,1440.0,1440.0,1440.0,100,0.0,0.0
2024-10-23 11:00:00+09:00,1449.0,1449.0,1439.0,1439.0,0,0.0,0.0
2024-10-23 13:00:00+09:00,1438.0,1438.0,1438.0,1438.0,1200,0.0,0.0
2024-10-23 14:00:00+09:00,1437.0,1444.0,1429.0,1444.0,1700,0.0,0.0
2024-10-24 09:00:00+09:00,1449.0,1450.0,1449.0,1450.0,500,0.0,0.0
2024-10-24 10:00:00+09:00,1450.0,1450.0,1450.0,1450.0,300,0.0,0.0
2024-10-24 11:00:00+09:00,1450.0,1450.0,1450.0,1450.0,0,0.0,0.0
2024-10-24 12:00:00+09:00,1445.0,1445.0,1445.0,1445.0,900,0.0,0.0
2024-10-24 14:00:00+09:00,1444.0,1444.0,1443.0,1443.0,200,0.0,0.0
2024-10-25 09:00:00+09:00,1440.0,1440.0,1439.0,1439.0,400,0.0,0.0
2024-10-25 10:00:00+09:00,1438.0,1438.0,1416.0,1416.0,0,0.0,0.0
2024-10-25 11:00:00+09:00,1429.0,1429.0,1429.0,1429.0,0,0.0,0.0
2024-10-25 12:00:00+09:00,1429.0,1429.0,1429.0,1429.0,5500,0.0,0.0
2024-10-28 09:00:00+09:00,1415.0,1415.0,1415.0,1415.0,100,0.0,0.0
2024-10-28 11:00:00+09:00,1416.0,1416.0,1416.0,1416.0,0,0.0,0.0
2024-10-28 14:00:00+09:00,1416.0,1416.0,1416.0,1416.0,0,0.0,0.0
2024-10-29 09:00:00+09:00,1417.0,1417.0,1417.0,1417.0,100,0.0,0.0
2024-10-29 11:00:00+09:00,1417.0,1417.0,1417.0,1417.0,0,0.0,0.0
2024-10-30 09:00:00+09:00,1420.0,1421.0,1420.0,1420.0,1100,0.0,0.0
2024-10-30 10:00:00+09:00,1418.0,1418.0,1418.0,1418.0,300,0.0,0.0
2024-10-30 11:00:00+09:00,1418.0,1418.0,1418.0,1418.0,0,0.0,0.0
2024-10-30 12:00:00+09:00,1413.0,1420.0,1413.0,1420.0,2000,0.0,0.0
2024-10-30 14:00:00+09:00,1418.0,1418.0,1418.0,1418.0,100,0.0,0.0
2024-10-31 09:00:00+09:00,1418.0,1418.0,1413.0,1413.0,2300,0.0,0.0
2024-10-31 11:00:00+09:00,1413.0,1413.0,1413.0,1413.0,0,0.0,0.0
2024-10-31 12:00:00+09:00,1415.0,1425.0,1415.0,1425.0,2500,0.0,0.0
2024-10-31 14:00:00+09:00,1415.0,1415.0,1413.0,1413.0,600,0.0,0.0
2024-11-01 09:00:00+09:00,1411.0,1411.0,1411.0,1411.0,200,0.0,0.0
2024-11-01 10:00:00+09:00,1413.0,1430.0,1411.0,1430.0,0,0.0,0.0
2024-11-01 11:00:00+09:00,1430.0,1430.0,1430.0,1430.0,0,0.0,0.0
2024-11-01 12:00:00+09:00,1415.0,1415.0,1415.0,1415.0,3600,0.0,0.0
2024-11-01 14:00:00+09:00,1427.0,1430.0,1427.0,1430.0,0,0.0,0.0
2024-11-05 09:00:00+09:00,1438.0,1438.0,1425.0,1425.0,0,0.0,0.0
2024-11-05 11:00:00+09:00,1425.0,1425.0,1425.0,1425.0,0,0.0,0.0
2024-11-05 12:00:00+09:00,1425.0,1425.0,1425.0,1425.0,600,0.0,0.0
2024-11-05 13:00:00+09:00,1430.0,1430.0,1430.0,1430.0,100,0.0,0.0
2024-11-06 09:00:00+09:00,1439.0,1456.0,1439.0,1456.0,1700,0.0,0.0
2024-11-06 10:00:00+09:00,1457.0,1460.0,1450.0,1450.0,600,0.0,0.0
2024-11-06 11:00:00+09:00,1450.0,1450.0,1450.0,1450.0,0,0.0,0.0
2024-11-06 12:00:00+09:00,1463.0,1463.0,1450.0,1450.0,3000,0.0,0.0
2024-11-06 13:00:00+09:00,1450.0,1450.0,1450.0,1450.0,100,0.0,0.0
2024-11-06 14:00:00+09:00,1448.0,1451.0,1447.0,1451.0,300,0.0,0.0
2024-11-07 09:00:00+09:00,1440.0,1440.0,1440.0,1440.0,600,0.0,0.0
2024-11-07 10:00:00+09:00,1450.0,1465.0,1441.0,1465.0,2900,0.0,0.0
2024-11-07 11:00:00+09:00,1465.0,1465.0,1465.0,1465.0,0,0.0,0.0
2024-11-07 12:00:00+09:00,1460.0,1466.0,1445.0,1447.0,4700,0.0,0.0
2024-11-07 14:00:00+09:00,1465.0,1538.0,1465.0,1465.0,5200,0.0,0.0
2024-11-08 09:00:00+09:00,1740.0,1740.0,1574.0,1590.0,41300,0.0,0.0
2024-11-08 10:00:00+09:00,1591.0,1642.0,1591.0,1620.0,7600,0.0,0.0
2024-11-08 11:00:00+09:00,1615.0,1621.0,1614.0,1620.0,0,0.0,0.0
2024-11-08 12:00:00+09:00,1622.0,1622.0,1607.0,1615.0,52900,0.0,0.0
2024-11-08 13:00:00+09:00,1615.0,1615.0,1578.0,1583.0,5900,0.0,0.0
2024-11-08 14:00:00+09:00,1589.0,1612.0,1578.0,1608.0,9900,0.0,0.0
