Datetime,Open,High,Low,Close,Volume,Dividends,Stock Splits
2024-08-07 09:30:00-04:00,4.130000114440918,4.150000095367432,4.110000133514404,4.110000133514404,1366,0.0,0.0
2024-08-07 09:35:00-04:00,4.110000133514404,4.149799823760986,4.079999923706055,4.099899768829346,19081,0.0,0.0
2024-08-07 09:40:00-04:00,4.09499979019165,4.119999885559082,4.09499979019165,4.111199855804443,8067,0.0,0.0
2024-08-07 09:45:00-04:00,4.114999771118164,4.127999782562256,4.105000019073486,4.105000019073486,19564,0.0,0.0
2024-08-07 09:50:00-04:00,4.125,4.127999782562256,4.099999904632568,4.110000133514404,13297,0.0,0.0
2024-08-07 09:55:00-04:00,4.110000133514404,4.139999866485596,4.099999904632568,4.139999866485596,12000,0.0,0.0
2024-08-07 10:00:00-04:00,4.144999980926514,4.144999980926514,4.130099773406982,4.130099773406982,4183,0.0,0.0
2024-08-07 10:05:00-04:00,4.130300045013428,4.135000228881836,4.130000114440918,4.130000114440918,4011,0.0,0.0
2024-08-07 10:10:00-04:00,4.127399921417236,4.127399921417236,4.119999885559082,4.119999885559082,3831,0.0,0.0
2024-08-07 10:15:00-04:00,4.114999771118164,4.119900226593018,4.110000133514404,4.110000133514404,12938,0.0,0.0
2024-08-07 10:20:00-04:00,4.114999771118164,4.119999885559082,4.110199928283691,4.114999771118164,14047,0.0,0.0
2024-08-07 10:25:00-04:00,4.110000133514404,4.114200115203857,4.099999904632568,4.108799934387207,11530,0.0,0.0
2024-08-07 10:30:00-04:00,4.110000133514404,4.114999771118164,4.105000019073486,4.105000019073486,13950,0.0,0.0
2024-08-07 10:35:00-04:00,4.107500076293945,4.110000133514404,4.105000019073486,4.105000019073486,11676,0.0,0.0
2024-08-07 10:40:00-04:00,4.105000019073486,4.119999885559082,4.105000019073486,4.119999885559082,1549,0.0,0.0
2024-08-07 10:45:00-04:00,4.130000114440918,4.130000114440918,4.125,4.125,4325,0.0,0.0
2024-08-07 10:50:00-04:00,4.1290998458862305,4.1290998458862305,4.1290998458862305,4.1290998458862305,100,0.0,0.0
2024-08-07 10:55:00-04:00,4.130000114440918,4.130000114440918,4.119999885559082,4.125,8435,0.0,0.0
2024-08-07 11:05:00-04:00,4.125,4.130000114440918,4.119999885559082,4.130000114440918,7002,0.0,0.0
2024-08-07 11:10:00-04:00,4.122200012207031,4.122200012207031,4.122200012207031,4.122200012207031,373,0.0,0.0
2024-08-07 11:20:00-04:00,4.129000186920166,4.129000186920166,4.119999885559082,4.119999885559082,3632,0.0,0.0
2024-08-07 11:25:00-04:00,4.110000133514404,4.110000133514404,4.105000019073486,4.109899997711182,4537,0.0,0.0
2024-08-07 11:30:00-04:00,4.109899997711182,4.118599891662598,4.109899997711182,4.110000133514404,6143,0.0,0.0
2024-08-07 11:35:00-04:00,4.110000133514404,4.119900226593018,4.110000133514404,4.119900226593018,9133,0.0,0.0
2024-08-07 11:40:00-04:00,4.110000133514404,4.117000102996826,4.105000019073486,4.117000102996826,18385,0.0,0.0
2024-08-07 11:45:00-04:00,4.114999771118164,4.114999771118164,4.099999904632568,4.099999904632568,3758,0.0,0.0
2024-08-07 11:50:00-04:00,4.105000019073486,4.105000019073486,4.105000019073486,4.105000019073486,359,0.0,0.0
2024-08-07 11:55:00-04:00,4.110000133514404,4.110000133514404,4.099999904632568,4.099999904632568,60012,0.0,0.0
2024-08-07 12:00:00-04:00,4.105000019073486,4.105000019073486,4.105000019073486,4.105000019073486,1070,0.0,0.0
2024-08-07 12:05:00-04:00,4.099999904632568,4.099999904632568,4.099999904632568,4.099999904632568,150,0.0,0.0
2024-08-07 12:10:00-04:00,4.109899997711182,4.110000133514404,4.099999904632568,4.110000133514404,14057,0.0,0.0
2024-08-07 12:15:00-04:00,4.100100040435791,4.100100040435791,4.100100040435791,4.100100040435791,600,0.0,0.0
2024-08-07 12:20:00-04:00,4.105000019073486,4.110000133514404,4.099999904632568,4.110000133514404,8462,0.0,0.0
2024-08-07 12:30:00-04:00,4.110099792480469,4.114500045776367,4.09499979019165,4.099999904632568,18095,0.0,0.0
2024-08-07 12:35:00-04:00,4.09499979019165,4.099999904632568,4.090000152587891,4.09499979019165,25071,0.0,0.0
2024-08-07 12:45:00-04:00,4.094200134277344,4.09499979019165,4.079999923706055,4.079999923706055,11538,0.0,0.0
2024-08-07 12:50:00-04:00,4.085000038146973,4.085000038146973,4.059999942779541,4.059999942779541,12356,0.0,0.0
2024-08-07 12:55:00-04:00,4.069900035858154,4.074999809265137,4.065000057220459,4.074999809265137,16070,0.0,0.0
2024-08-07 13:00:00-04:00,4.079999923706055,4.079999923706055,4.074999809265137,4.074999809265137,2600,0.0,0.0
2024-08-07 13:05:00-04:00,4.079999923706055,4.079999923706055,4.070099830627441,4.074999809265137,450,0.0,0.0
2024-08-07 13:10:00-04:00,4.074999809265137,4.074999809265137,4.054999828338623,4.059999942779541,9868,0.0,0.0
2024-08-07 13:15:00-04:00,4.065000057220459,4.065000057220459,4.054999828338623,4.054999828338623,6157,0.0,0.0
2024-08-07 13:20:00-04:00,4.054999828338623,4.059999942779541,4.050000190734863,4.059999942779541,37776,0.0,0.0
2024-08-07 13:25:00-04:00,4.061299800872803,4.070000171661377,4.061299800872803,4.070000171661377,6300,0.0,0.0
2024-08-07 13:30:00-04:00,4.065000057220459,4.07889986038208,4.060999870300293,4.074999809265137,6176,0.0,0.0
2024-08-07 13:35:00-04:00,4.074999809265137,4.085000038146973,4.074999809265137,4.085000038146973,17683,0.0,0.0
2024-08-07 13:40:00-04:00,4.085000038146973,4.085000038146973,4.079999923706055,4.079999923706055,8476,0.0,0.0
2024-08-07 13:45:00-04:00,4.079999923706055,4.085000038146973,4.069699764251709,4.069699764251709,6682,0.0,0.0
2024-08-07 13:50:00-04:00,4.070000171661377,4.079999923706055,4.070000171661377,4.074999809265137,6976,0.0,0.0
2024-08-07 13:55:00-04:00,4.074999809265137,4.074999809265137,4.074999809265137,4.074999809265137,935,0.0,0.0
2024-08-07 14:00:00-04:00,4.079999923706055,4.079999923706055,4.074999809265137,4.074999809265137,502,0.0,0.0
2024-08-07 14:05:00-04:00,4.074999809265137,4.074999809265137,4.070000171661377,4.070000171661377,780,0.0,0.0
2024-08-07 14:10:00-04:00,4.065000057220459,4.065000057220459,4.050000190734863,4.050000190734863,2533,0.0,0.0
2024-08-07 14:15:00-04:00,4.045000076293945,4.045000076293945,4.045000076293945,4.045000076293945,100,0.0,0.0
2024-08-07 14:20:00-04:00,4.045000076293945,4.045000076293945,4.039999961853027,4.039999961853027,17213,0.0,0.0
2024-08-07 14:25:00-04:00,4.039999961853027,4.045000076293945,4.039999961853027,4.045000076293945,1505,0.0,0.0
2024-08-07 14:30:00-04:00,4.050000190734863,4.050000190734863,4.043499946594238,4.043499946594238,1806,0.0,0.0
2024-08-07 14:35:00-04:00,4.050000190734863,4.050000190734863,4.04010009765625,4.050000190734863,8170,0.0,0.0
2024-08-07 14:40:00-04:00,4.050000190734863,4.054999828338623,4.050000190734863,4.054999828338623,640,0.0,0.0
2024-08-07 14:45:00-04:00,4.054999828338623,4.054999828338623,4.049900054931641,4.049900054931641,2091,0.0,0.0
2024-08-07 14:50:00-04:00,4.049900054931641,4.049900054931641,4.039999961853027,4.045000076293945,7405,0.0,0.0
2024-08-07 14:55:00-04:00,4.039999961853027,4.045000076293945,4.039999961853027,4.045000076293945,589,0.0,0.0
2024-08-07 15:00:00-04:00,4.050000190734863,4.059999942779541,4.050000190734863,4.059999942779541,3566,0.0,0.0
2024-08-07 15:05:00-04:00,4.059999942779541,4.059999942779541,4.054999828338623,4.059999942779541,5216,0.0,0.0
2024-08-07 15:10:00-04:00,4.054999828338623,4.054999828338623,4.050000190734863,4.054699897766113,1994,0.0,0.0
2024-08-07 15:15:00-04:00,4.050000190734863,4.054999828338623,4.045000076293945,4.045000076293945,5653,0.0,0.0
2024-08-07 15:20:00-04:00,4.050000190734863,4.050000190734863,4.045000076293945,4.045000076293945,2278,0.0,0.0
2024-08-07 15:25:00-04:00,4.050000190734863,4.050000190734863,4.045000076293945,4.045000076293945,1355,0.0,0.0
2024-08-07 15:30:00-04:00,4.045000076293945,4.050000190734863,4.045000076293945,4.050000190734863,4897,0.0,0.0
2024-08-07 15:35:00-04:00,4.045000076293945,4.049900054931641,4.045000076293945,4.045000076293945,577,0.0,0.0
2024-08-07 15:40:00-04:00,4.048299789428711,4.048900127410889,4.04010009765625,4.045000076293945,3606,0.0,0.0
2024-08-07 15:45:00-04:00,4.045000076293945,4.048600196838379,4.039999961853027,4.048600196838379,3660,0.0,0.0
2024-08-07 15:50:00-04:00,4.0416998863220215,4.048299789428711,4.034999847412109,4.034999847412109,3285,0.0,0.0
2024-08-07 15:55:00-04:00,4.039899826049805,4.050000190734863,4.03000020980835,4.050000190734863,10599,0.0,0.0
2024-08-08 09:30:00-04:00,4.070000171661377,4.099999904632568,4.070000171661377,4.099999904632568,5817,0.0,0.0
2024-08-08 09:35:00-04:00,4.090000152587891,4.090000152587891,4.070000171661377,4.070000171661377,1954,0.0,0.0
2024-08-08 09:40:00-04:00,4.059999942779541,4.059999942779541,4.059999942779541,4.059999942779541,405,0.0,0.0
2024-08-08 09:45:00-04:00,4.050000190734863,4.050000190734863,4.050000190734863,4.050000190734863,1314,0.0,0.0
2024-08-08 09:50:00-04:00,4.050000190734863,4.054999828338623,4.050000190734863,4.050000190734863,6721,0.0,0.0
2024-08-08 09:55:00-04:00,4.045000076293945,4.059999942779541,4.045000076293945,4.059999942779541,2902,0.0,0.0
2024-08-08 10:00:00-04:00,4.070000171661377,4.070000171661377,4.070000171661377,4.070000171661377,653,0.0,0.0
2024-08-08 10:05:00-04:00,4.070000171661377,4.070000171661377,4.050000190734863,4.050000190734863,3531,0.0,0.0
2024-08-08 10:10:00-04:00,4.045000076293945,4.045000076293945,4.039999961853027,4.039999961853027,9687,0.0,0.0
2024-08-08 10:15:00-04:00,4.046299934387207,4.046299934387207,4.039999961853027,4.041500091552734,9304,0.0,0.0
2024-08-08 10:20:00-04:00,4.039999961853027,4.045000076293945,4.039999961853027,4.045000076293945,4329,0.0,0.0
2024-08-08 10:25:00-04:00,4.042300224304199,4.045000076293945,4.039999961853027,4.045000076293945,6723,0.0,0.0
2024-08-08 10:30:00-04:00,4.045000076293945,4.050000190734863,4.04010009765625,4.050000190734863,9698,0.0,0.0
2024-08-08 10:35:00-04:00,4.050000190734863,4.050000190734863,4.045000076293945,4.045000076293945,2155,0.0,0.0
2024-08-08 10:40:00-04:00,4.040200233459473,4.040200233459473,4.040200233459473,4.040200233459473,659,0.0,0.0
2024-08-08 10:45:00-04:00,4.039999961853027,4.039999961853027,4.03000020980835,4.03000020980835,4053,0.0,0.0
2024-08-08 10:50:00-04:00,4.03000020980835,4.03000020980835,4.010000228881836,4.010000228881836,15968,0.0,0.0
2024-08-08 10:55:00-04:00,4.019899845123291,4.025000095367432,4.014999866485596,4.025000095367432,12860,0.0,0.0
2024-08-08 11:00:00-04:00,4.024199962615967,4.03000020980835,4.024199962615967,4.025000095367432,8862,0.0,0.0
2024-08-08 11:05:00-04:00,4.029699802398682,4.03000020980835,4.025000095367432,4.03000020980835,2876,0.0,0.0
2024-08-08 11:10:00-04:00,4.025000095367432,4.025000095367432,4.010000228881836,4.010000228881836,7136,0.0,0.0
2024-08-08 11:15:00-04:00,4.010000228881836,4.010000228881836,4.0,4.0,12325,0.0,0.0
2024-08-08 11:20:00-04:00,4.0,4.014699935913086,4.0,4.014699935913086,8033,0.0,0.0
2024-08-08 11:25:00-04:00,4.019999980926514,4.019999980926514,4.019999980926514,4.019999980926514,801,0.0,0.0
2024-08-08 11:30:00-04:00,4.013800144195557,4.019999980926514,4.013800144195557,4.019999980926514,1340,0.0,0.0
2024-08-08 11:35:00-04:00,4.010000228881836,4.019999980926514,4.010000228881836,4.010000228881836,8956,0.0,0.0
2024-08-08 11:40:00-04:00,4.010000228881836,4.017199993133545,4.010000228881836,4.017199993133545,2239,0.0,0.0
2024-08-08 11:45:00-04:00,4.010000228881836,4.010000228881836,4.010000228881836,4.010000228881836,355,0.0,0.0
2024-08-08 11:50:00-04:00,4.010000228881836,4.014999866485596,4.010000228881836,4.014999866485596,2147,0.0,0.0
2024-08-08 11:55:00-04:00,4.014999866485596,4.014999866485596,4.010000228881836,4.010000228881836,2495,0.0,0.0
2024-08-08 12:00:00-04:00,4.014999866485596,4.014999866485596,4.010000228881836,4.014999866485596,3136,0.0,0.0
2024-08-08 12:05:00-04:00,4.014999866485596,4.03000020980835,4.010000228881836,4.03000020980835,9262,0.0,0.0
2024-08-08 12:15:00-04:00,4.030099868774414,4.030099868774414,4.030099868774414,4.030099868774414,878,0.0,0.0
2024-08-08 12:20:00-04:00,4.03000020980835,4.03000020980835,4.019999980926514,4.019999980926514,11152,0.0,0.0
2024-08-08 12:30:00-04:00,4.03000020980835,4.03000020980835,4.011000156402588,4.019999980926514,5880,0.0,0.0
2024-08-08 12:35:00-04:00,4.010000228881836,4.014200210571289,4.010000228881836,4.010000228881836,5200,0.0,0.0
2024-08-08 12:40:00-04:00,4.010000228881836,4.010000228881836,4.005000114440918,4.005000114440918,7362,0.0,0.0
2024-08-08 12:45:00-04:00,4.005000114440918,4.010000228881836,4.0,4.0,3815,0.0,0.0
2024-08-08 12:50:00-04:00,4.0,4.005000114440918,4.0,4.005000114440918,591,0.0,0.0
2024-08-08 12:55:00-04:00,4.005000114440918,4.009900093078613,4.0,4.0,1511,0.0,0.0
2024-08-08 13:00:00-04:00,4.005000114440918,4.005000114440918,4.0,4.0,1450,0.0,0.0
2024-08-08 13:05:00-04:00,4.005000114440918,4.005899906158447,4.0,4.005000114440918,1971,0.0,0.0
2024-08-08 13:10:00-04:00,4.005000114440918,4.010000228881836,4.0,4.003399848937988,16824,0.0,0.0
2024-08-08 13:15:00-04:00,4.005000114440918,4.005000114440918,4.0,4.0,1264,0.0,0.0
2024-08-08 13:20:00-04:00,4.005000114440918,4.014999866485596,4.005000114440918,4.010000228881836,9905,0.0,0.0
2024-08-08 13:25:00-04:00,4.005000114440918,4.010000228881836,4.004799842834473,4.010000228881836,1668,0.0,0.0
2024-08-08 13:30:00-04:00,4.005000114440918,4.005000114440918,4.005000114440918,4.005000114440918,4441,0.0,0.0
2024-08-08 13:35:00-04:00,4.005000114440918,4.005000114440918,4.0,4.0,832,0.0,0.0
2024-08-08 13:40:00-04:00,4.005000114440918,4.005000114440918,4.0,4.0,2213,0.0,0.0
2024-08-08 13:45:00-04:00,4.0,4.007999897003174,4.0,4.0,2305,0.0,0.0
2024-08-08 13:50:00-04:00,4.0,4.009500026702881,4.0,4.0,907,0.0,0.0
2024-08-08 13:55:00-04:00,4.005000114440918,4.010000228881836,4.0,4.0,1482,0.0,0.0
2024-08-08 14:00:00-04:00,4.005000114440918,4.005000114440918,4.0,4.005000114440918,6866,0.0,0.0
2024-08-08 14:05:00-04:00,4.005000114440918,4.009900093078613,4.0,4.0,4393,0.0,0.0
2024-08-08 14:10:00-04:00,4.0,4.005000114440918,4.0,4.005000114440918,855,0.0,0.0
2024-08-08 14:15:00-04:00,4.005000114440918,4.010000228881836,4.0,4.005000114440918,4633,0.0,0.0
2024-08-08 14:20:00-04:00,4.0,4.010000228881836,4.0,4.010000228881836,8147,0.0,0.0
2024-08-08 14:25:00-04:00,4.005000114440918,4.010000228881836,4.005000114440918,4.005000114440918,4399,0.0,0.0
2024-08-08 14:30:00-04:00,4.010000228881836,4.010000228881836,4.005000114440918,4.005000114440918,2136,0.0,0.0
2024-08-08 14:35:00-04:00,4.0,4.010000228881836,4.0,4.005000114440918,2273,0.0,0.0
2024-08-08 14:40:00-04:00,4.0,4.009900093078613,4.0,4.0,20705,0.0,0.0
2024-08-08 14:45:00-04:00,4.0,4.007999897003174,4.0,4.0,5941,0.0,0.0
2024-08-08 14:50:00-04:00,4.005000114440918,4.005000114440918,4.0,4.0,1383,0.0,0.0
2024-08-08 14:55:00-04:00,4.005000114440918,4.010000228881836,4.0,4.010000228881836,2758,0.0,0.0
2024-08-08 15:00:00-04:00,4.0,4.010000228881836,4.0,4.005000114440918,2064,0.0,0.0
2024-08-08 15:05:00-04:00,4.0,4.010000228881836,4.0,4.010000228881836,6449,0.0,0.0
2024-08-08 15:10:00-04:00,4.005000114440918,4.010000228881836,4.0,4.010000228881836,29555,0.0,0.0
2024-08-08 15:15:00-04:00,4.007999897003174,4.014999866485596,4.005000114440918,4.010000228881836,5912,0.0,0.0
2024-08-08 15:20:00-04:00,4.014999866485596,4.019999980926514,4.010000228881836,4.010000228881836,6365,0.0,0.0
2024-08-08 15:25:00-04:00,4.014999866485596,4.019999980926514,4.010000228881836,4.010000228881836,8501,0.0,0.0
2024-08-08 15:30:00-04:00,4.011000156402588,4.019999980926514,4.005000114440918,4.005000114440918,9682,0.0,0.0
2024-08-08 15:35:00-04:00,4.005000114440918,4.005000114440918,4.0,4.0,482,0.0,0.0
2024-08-08 15:40:00-04:00,4.005000114440918,4.005000114440918,4.0,4.005000114440918,11410,0.0,0.0
2024-08-08 15:45:00-04:00,4.005000114440918,4.019999980926514,4.0,4.014999866485596,19813,0.0,0.0
2024-08-08 15:50:00-04:00,4.014999866485596,4.019999980926514,4.010000228881836,4.014999866485596,6023,0.0,0.0
2024-08-08 15:55:00-04:00,4.019899845123291,4.03000020980835,4.010000228881836,4.019999980926514,13596,0.0,0.0
2024-08-09 09:30:00-04:00,4.019999980926514,4.039999961853027,4.019999980926514,4.039999961853027,4253,0.0,0.0
2024-08-09 09:35:00-04:00,4.038000106811523,4.038000106811523,4.034999847412109,4.034999847412109,1708,0.0,0.0
2024-08-09 09:40:00-04:00,4.034999847412109,4.034999847412109,4.025000095367432,4.026700019836426,9284,0.0,0.0
2024-08-09 09:45:00-04:00,4.019999980926514,4.025000095367432,4.019999980926514,4.025000095367432,2002,0.0,0.0
2024-08-09 09:50:00-04:00,4.025000095367432,4.025000095367432,4.019999980926514,4.025000095367432,4267,0.0,0.0
2024-08-09 09:55:00-04:00,4.03000020980835,4.03000020980835,4.020100116729736,4.03000020980835,9807,0.0,0.0
2024-08-09 10:00:00-04:00,4.03000020980835,4.050000190734863,4.03000020980835,4.050000190734863,2465,0.0,0.0
2024-08-09 10:05:00-04:00,4.049900054931641,4.049900054931641,4.049900054931641,4.049900054931641,280,0.0,0.0
2024-08-09 10:10:00-04:00,4.045000076293945,4.050000190734863,4.03000020980835,4.03000020980835,25760,0.0,0.0
2024-08-09 10:15:00-04:00,4.039999961853027,4.039999961853027,4.039000034332275,4.039999961853027,1220,0.0,0.0
2024-08-09 10:20:00-04:00,4.034999847412109,4.039999961853027,4.025000095367432,4.025000095367432,7938,0.0,0.0
2024-08-09 10:25:00-04:00,4.0279998779296875,4.039999961853027,4.020100116729736,4.034999847412109,5872,0.0,0.0
2024-08-09 10:30:00-04:00,4.039999961853027,4.039999961853027,4.034999847412109,4.034999847412109,501,0.0,0.0
2024-08-09 10:35:00-04:00,4.034999847412109,4.034999847412109,4.034999847412109,4.034999847412109,1445,0.0,0.0
2024-08-09 10:40:00-04:00,4.034999847412109,4.039999961853027,4.033899784088135,4.034999847412109,1363,0.0,0.0
2024-08-09 10:45:00-04:00,4.034999847412109,4.039999961853027,4.034999847412109,4.034999847412109,2163,0.0,0.0
2024-08-09 10:50:00-04:00,4.039999961853027,4.039999961853027,4.039999961853027,4.039999961853027,4158,0.0,0.0
2024-08-09 10:55:00-04:00,4.039999961853027,4.039999961853027,4.039899826049805,4.039999961853027,1592,0.0,0.0
2024-08-09 11:05:00-04:00,4.037199974060059,4.039999961853027,4.034999847412109,4.034999847412109,1373,0.0,0.0
2024-08-09 11:10:00-04:00,4.039999961853027,4.050000190734863,4.034999847412109,4.050000190734863,5392,0.0,0.0
2024-08-09 11:15:00-04:00,4.045000076293945,4.059999942779541,4.045000076293945,4.059899806976318,8358,0.0,0.0
2024-08-09 11:25:00-04:00,4.054999828338623,4.054999828338623,4.045000076293945,4.045000076293945,5708,0.0,0.0
2024-08-09 11:30:00-04:00,4.049900054931641,4.049900054931641,4.045000076293945,4.045000076293945,502,0.0,0.0
2024-08-09 11:35:00-04:00,4.042600154876709,4.045599937438965,4.042600154876709,4.045000076293945,1578,0.0,0.0
2024-08-09 11:40:00-04:00,4.045000076293945,4.045000076293945,4.045000076293945,4.045000076293945,100,0.0,0.0
2024-08-09 11:45:00-04:00,4.049900054931641,4.050000190734863,4.045000076293945,4.050000190734863,8752,0.0,0.0
2024-08-09 11:50:00-04:00,4.04010009765625,4.04010009765625,4.04010009765625,4.04010009765625,1550,0.0,0.0
2024-08-09 11:55:00-04:00,4.048799991607666,4.050000190734863,4.045000076293945,4.050000190734863,1148,0.0,0.0
2024-08-09 12:00:00-04:00,4.047999858856201,4.050000190734863,4.047999858856201,4.050000190734863,491,0.0,0.0
2024-08-09 12:10:00-04:00,4.047999858856201,4.049900054931641,4.047999858856201,4.049900054931641,862,0.0,0.0
2024-08-09 12:15:00-04:00,4.050000190734863,4.050000190734863,4.050000190734863,4.050000190734863,100,0.0,0.0
2024-08-09 12:20:00-04:00,4.050000190734863,4.054999828338623,4.050000190734863,4.054999828338623,3200,0.0,0.0
2024-08-09 12:25:00-04:00,4.0543999671936035,4.0543999671936035,4.0543999671936035,4.0543999671936035,410,0.0,0.0
2024-08-09 12:30:00-04:00,4.059999942779541,4.059999942779541,4.059999942779541,4.059999942779541,572,0.0,0.0
2024-08-09 12:35:00-04:00,4.059999942779541,4.059999942779541,4.059999942779541,4.059999942779541,100,0.0,0.0
2024-08-09 12:40:00-04:00,4.059999942779541,4.059999942779541,4.059999942779541,4.059999942779541,550,0.0,0.0
2024-08-09 12:45:00-04:00,4.054999828338623,4.059999942779541,4.054999828338623,4.059999942779541,600,0.0,0.0
2024-08-09 12:50:00-04:00,4.055600166320801,4.055600166320801,4.054200172424316,4.054999828338623,958,0.0,0.0
2024-08-09 12:55:00-04:00,4.055699825286865,4.055699825286865,4.050000190734863,4.050000190734863,329,0.0,0.0
2024-08-09 13:05:00-04:00,4.050000190734863,4.070000171661377,4.050000190734863,4.070000171661377,6653,0.0,0.0
2024-08-09 13:10:00-04:00,4.070000171661377,4.070000171661377,4.070000171661377,4.070000171661377,278,0.0,0.0
2024-08-09 13:15:00-04:00,4.070000171661377,4.079999923706055,4.070000171661377,4.074999809265137,7683,0.0,0.0
2024-08-09 13:25:00-04:00,4.079999923706055,4.079999923706055,4.074999809265137,4.079999923706055,1612,0.0,0.0
2024-08-09 13:30:00-04:00,4.079999923706055,4.090000152587891,4.079999923706055,4.089799880981445,900,0.0,0.0
2024-08-09 13:35:00-04:00,4.090000152587891,4.090000152587891,4.090000152587891,4.090000152587891,1500,0.0,0.0
2024-08-09 13:40:00-04:00,4.085000038146973,4.090000152587891,4.070000171661377,4.070000171661377,16753,0.0,0.0
2024-08-09 13:45:00-04:00,4.059999942779541,4.065000057220459,4.059999942779541,4.065000057220459,2648,0.0,0.0
2024-08-09 13:55:00-04:00,4.054999828338623,4.054999828338623,4.054999828338623,4.054999828338623,284,0.0,0.0
2024-08-09 14:00:00-04:00,4.054999828338623,4.0553998947143555,4.050000190734863,4.0553998947143555,9409,0.0,0.0
2024-08-09 14:05:00-04:00,4.054999828338623,4.054999828338623,4.054999828338623,4.054999828338623,148,0.0,0.0
2024-08-09 14:10:00-04:00,4.050000190734863,4.050000190734863,4.050000190734863,4.050000190734863,769,0.0,0.0
2024-08-09 14:15:00-04:00,4.045000076293945,4.045000076293945,4.039999961853027,4.039999961853027,200,0.0,0.0
2024-08-09 14:20:00-04:00,4.044400215148926,4.065000057220459,4.044400215148926,4.065000057220459,25378,0.0,0.0
2024-08-09 14:25:00-04:00,4.070000171661377,4.070000171661377,4.070000171661377,4.070000171661377,1036,0.0,0.0
2024-08-09 14:30:00-04:00,4.070000171661377,4.070000171661377,4.065000057220459,4.070000171661377,2245,0.0,0.0
2024-08-09 14:35:00-04:00,4.065000057220459,4.070000171661377,4.065000057220459,4.070000171661377,1575,0.0,0.0
2024-08-09 14:40:00-04:00,4.074999809265137,4.074999809265137,4.074999809265137,4.074999809265137,100,0.0,0.0
2024-08-09 14:45:00-04:00,4.074999809265137,4.079999923706055,4.074999809265137,4.079999923706055,1403,0.0,0.0
2024-08-09 14:50:00-04:00,4.0721001625061035,4.0721001625061035,4.0721001625061035,4.0721001625061035,315,0.0,0.0
2024-08-09 14:55:00-04:00,4.079999923706055,4.079999923706055,4.074999809265137,4.079999923706055,1311,0.0,0.0
2024-08-09 15:00:00-04:00,4.075399875640869,4.075399875640869,4.075399875640869,4.075399875640869,212,0.0,0.0
2024-08-09 15:10:00-04:00,4.079999923706055,4.085000038146973,4.079999923706055,4.079999923706055,1300,0.0,0.0
2024-08-09 15:15:00-04:00,4.085000038146973,4.085000038146973,4.085000038146973,4.085000038146973,1176,0.0,0.0
2024-08-09 15:20:00-04:00,4.085000038146973,4.085000038146973,4.079999923706055,4.085000038146973,5709,0.0,0.0
2024-08-09 15:25:00-04:00,4.090000152587891,4.090000152587891,4.090000152587891,4.090000152587891,725,0.0,0.0
2024-08-09 15:35:00-04:00,4.085000038146973,4.085000038146973,4.085000038146973,4.085000038146973,138,0.0,0.0
2024-08-09 15:40:00-04:00,4.085000038146973,4.085000038146973,4.079999923706055,4.085000038146973,502,0.0,0.0
2024-08-09 15:45:00-04:00,4.089900016784668,4.089900016784668,4.085000038146973,4.085000038146973,1700,0.0,0.0
2024-08-09 15:50:00-04:00,4.090000152587891,4.090000152587891,4.079999923706055,4.085000038146973,6222,0.0,0.0
2024-08-09 15:55:00-04:00,4.085000038146973,4.099999904632568,4.085000038146973,4.090000152587891,9682,0.0,0.0
2024-08-12 09:30:00-04:00,4.070000171661377,4.090000152587891,4.070000171661377,4.090000152587891,18270,0.0,0.0
2024-08-12 09:35:00-04:00,4.074999809265137,4.079999923706055,4.065000057220459,4.079999923706055,7370,0.0,0.0
2024-08-12 09:40:00-04:00,4.085000038146973,4.085000038146973,4.074999809265137,4.074999809265137,804,0.0,0.0
2024-08-12 09:45:00-04:00,4.070000171661377,4.070000171661377,4.065000057220459,4.065000057220459,1512,0.0,0.0
2024-08-12 09:50:00-04:00,4.070000171661377,4.079999923706055,4.070000171661377,4.074999809265137,646,0.0,0.0
2024-08-12 09:55:00-04:00,4.073999881744385,4.074999809265137,4.065000057220459,4.065000057220459,2350,0.0,0.0
2024-08-12 10:00:00-04:00,4.059999942779541,4.070000171661377,4.059999942779541,4.070000171661377,16510,0.0,0.0
2024-08-12 10:05:00-04:00,4.060100078582764,4.085000038146973,4.060100078582764,4.074999809265137,7478,0.0,0.0
2024-08-12 10:10:00-04:00,4.079999923706055,4.090000152587891,4.070000171661377,4.074999809265137,5586,0.0,0.0
2024-08-12 10:15:00-04:00,4.079899787902832,4.079899787902832,4.074999809265137,4.074999809265137,1100,0.0,0.0
2024-08-12 10:20:00-04:00,4.078999996185303,4.079999923706055,4.074999809265137,4.079999923706055,2957,0.0,0.0
2024-08-12 10:25:00-04:00,4.079999923706055,4.085000038146973,4.070000171661377,4.085000038146973,12268,0.0,0.0
2024-08-12 10:30:00-04:00,4.074999809265137,4.085000038146973,4.074999809265137,4.085000038146973,860,0.0,0.0
2024-08-12 10:35:00-04:00,4.090000152587891,4.090000152587891,4.084499835968018,4.084499835968018,1201,0.0,0.0
2024-08-12 10:40:00-04:00,4.090000152587891,4.090000152587891,4.085000038146973,4.085000038146973,350,0.0,0.0
2024-08-12 10:45:00-04:00,4.090000152587891,4.090000152587891,4.085000038146973,4.085000038146973,1648,0.0,0.0
2024-08-12 10:50:00-04:00,4.090000152587891,4.090000152587891,4.090000152587891,4.090000152587891,102,0.0,0.0
2024-08-12 10:55:00-04:00,4.085000038146973,4.09499979019165,4.085000038146973,4.09499979019165,540,0.0,0.0
2024-08-12 11:00:00-04:00,4.090099811553955,4.099999904632568,4.090000152587891,4.09499979019165,14023,0.0,0.0
2024-08-12 11:05:00-04:00,4.09499979019165,4.099999904632568,4.090000152587891,4.090000152587891,12071,0.0,0.0
2024-08-12 11:10:00-04:00,4.089900016784668,4.089900016784668,4.079999923706055,4.079999923706055,3600,0.0,0.0
2024-08-12 11:15:00-04:00,4.085000038146973,4.085000038146973,4.085000038146973,4.085000038146973,163,0.0,0.0
2024-08-12 11:20:00-04:00,4.079999923706055,4.079999923706055,4.070000171661377,4.070000171661377,4340,0.0,0.0
2024-08-12 11:25:00-04:00,4.065000057220459,4.074999809265137,4.065000057220459,4.074999809265137,2160,0.0,0.0
2024-08-12 11:30:00-04:00,4.070000171661377,4.079999923706055,4.070000171661377,4.075099945068359,5631,0.0,0.0
2024-08-12 11:35:00-04:00,4.074999809265137,4.079999923706055,4.074999809265137,4.074999809265137,709,0.0,0.0
2024-08-12 11:40:00-04:00,4.075099945068359,4.079899787902832,4.075099945068359,4.079899787902832,1466,0.0,0.0
2024-08-12 11:45:00-04:00,4.079999923706055,4.079999923706055,4.074999809265137,4.079999923706055,4205,0.0,0.0
2024-08-12 11:50:00-04:00,4.079999923706055,4.090000152587891,4.079999923706055,4.090000152587891,2568,0.0,0.0
2024-08-12 11:55:00-04:00,4.090000152587891,4.09499979019165,4.085000038146973,4.09499979019165,3830,0.0,0.0
2024-08-12 12:00:00-04:00,4.09499979019165,4.098400115966797,4.090000152587891,4.090000152587891,3607,0.0,0.0
2024-08-12 12:05:00-04:00,4.079999923706055,4.0802998542785645,4.079999923706055,4.0802998542785645,593,0.0,0.0
2024-08-12 12:10:00-04:00,4.079999923706055,4.079999923706055,4.079999923706055,4.079999923706055,150,0.0,0.0
2024-08-12 12:20:00-04:00,4.079999923706055,4.079999923706055,4.074999809265137,4.074999809265137,1286,0.0,0.0
2024-08-12 12:25:00-04:00,4.0777997970581055,4.079999923706055,4.074999809265137,4.074999809265137,2523,0.0,0.0
2024-08-12 12:30:00-04:00,4.074999809265137,4.079999923706055,4.074999809265137,4.079999923706055,1784,0.0,0.0
2024-08-12 12:40:00-04:00,4.070099830627441,4.070099830627441,4.070099830627441,4.070099830627441,1113,0.0,0.0
2024-08-12 12:55:00-04:00,4.073999881744385,4.073999881744385,4.073999881744385,4.073999881744385,1377,0.0,0.0
2024-08-12 13:00:00-04:00,4.070000171661377,4.077499866485596,4.070000171661377,4.077499866485596,2001,0.0,0.0
2024-08-12 13:10:00-04:00,4.074999809265137,4.074999809265137,4.074999809265137,4.074999809265137,252,0.0,0.0
2024-08-12 13:15:00-04:00,4.074999809265137,4.079999923706055,4.074999809265137,4.079999923706055,943,0.0,0.0
2024-08-12 13:20:00-04:00,4.079999923706055,4.079999923706055,4.079999923706055,4.079999923706055,2155,0.0,0.0
2024-08-12 13:30:00-04:00,4.085000038146973,4.085000038146973,4.085000038146973,4.085000038146973,152,0.0,0.0
2024-08-12 13:35:00-04:00,4.079999923706055,4.088600158691406,4.079999923706055,4.079999923706055,3558,0.0,0.0
2024-08-12 13:40:00-04:00,4.089200019836426,4.089200019836426,4.089200019836426,4.089200019836426,2447,0.0,0.0
2024-08-12 13:45:00-04:00,4.085000038146973,4.086299896240234,4.070000171661377,4.070000171661377,5584,0.0,0.0
2024-08-12 13:50:00-04:00,4.074999809265137,4.074999809265137,4.059999942779541,4.059999942779541,5114,0.0,0.0
2024-08-12 13:55:00-04:00,4.059999942779541,4.061999797821045,4.059999942779541,4.061999797821045,2613,0.0,0.0
2024-08-12 14:00:00-04:00,4.059999942779541,4.059999942779541,4.059999942779541,4.059999942779541,876,0.0,0.0
2024-08-12 14:10:00-04:00,4.065000057220459,4.069799900054932,4.065000057220459,4.069799900054932,550,0.0,0.0
2024-08-12 14:15:00-04:00,4.065000057220459,4.065000057220459,4.065000057220459,4.065000057220459,2160,0.0,0.0
2024-08-12 14:20:00-04:00,4.065000057220459,4.070000171661377,4.059999942779541,4.060999870300293,6363,0.0,0.0
2024-08-12 14:25:00-04:00,4.059999942779541,4.059999942779541,4.059999942779541,4.059999942779541,744,0.0,0.0
2024-08-12 14:30:00-04:00,4.059999942779541,4.059999942779541,4.059999942779541,4.059999942779541,131,0.0,0.0
2024-08-12 14:35:00-04:00,4.054999828338623,4.059999942779541,4.054999828338623,4.054999828338623,5033,0.0,0.0
2024-08-12 14:45:00-04:00,4.059999942779541,4.059999942779541,4.059999942779541,4.059999942779541,500,0.0,0.0
2024-08-12 14:50:00-04:00,4.059999942779541,4.059999942779541,4.059999942779541,4.059999942779541,202,0.0,0.0
2024-08-12 14:55:00-04:00,4.065000057220459,4.065000057220459,4.065000057220459,4.065000057220459,100,0.0,0.0
2024-08-12 15:00:00-04:00,4.065000057220459,4.065000057220459,4.059000015258789,4.059999942779541,2534,0.0,0.0
2024-08-12 15:05:00-04:00,4.059700012207031,4.059700012207031,4.050099849700928,4.050099849700928,546,0.0,0.0
2024-08-12 15:10:00-04:00,4.059800148010254,4.059800148010254,4.059800148010254,4.059800148010254,218,0.0,0.0
2024-08-12 15:15:00-04:00,4.058000087738037,4.058000087738037,4.058000087738037,4.058000087738037,100,0.0,0.0
2024-08-12 15:20:00-04:00,4.055500030517578,4.059999942779541,4.054999828338623,4.054999828338623,896,0.0,0.0
2024-08-12 15:25:00-04:00,4.059000015258789,4.059000015258789,4.059000015258789,4.059000015258789,550,0.0,0.0
2024-08-12 15:35:00-04:00,4.059899806976318,4.059999942779541,4.054999828338623,4.059000015258789,11289,0.0,0.0
2024-08-12 15:40:00-04:00,4.059999942779541,4.059999942779541,4.050000190734863,4.054999828338623,5509,0.0,0.0
2024-08-12 15:45:00-04:00,4.054999828338623,4.054999828338623,4.050000190734863,4.050000190734863,961,0.0,0.0
2024-08-12 15:50:00-04:00,4.05810022354126,4.059999942779541,4.050000190734863,4.051000118255615,7317,0.0,0.0
2024-08-12 15:55:00-04:00,4.059999942779541,4.070000171661377,4.050000190734863,4.059999942779541,5664,0.0,0.0
2024-08-13 09:30:00-04:00,4.059999942779541,4.059999942779541,4.050099849700928,4.050099849700928,3924,0.0,0.0
2024-08-13 09:35:00-04:00,4.050099849700928,4.074999809265137,4.050099849700928,4.074999809265137,13470,0.0,0.0
2024-08-13 09:40:00-04:00,4.079999923706055,4.079999923706055,4.079999923706055,4.079999923706055,915,0.0,0.0
2024-08-13 09:45:00-04:00,4.079999923706055,4.090000152587891,4.079999923706055,4.090000152587891,7315,0.0,0.0
2024-08-13 09:50:00-04:00,4.090000152587891,4.090000152587891,4.079999923706055,4.085999965667725,5202,0.0,0.0
2024-08-13 09:55:00-04:00,4.085999965667725,4.085999965667725,4.070000171661377,4.074100017547607,6368,0.0,0.0
2024-08-13 10:00:00-04:00,4.074100017547607,4.074999809265137,4.070000171661377,4.070000171661377,4325,0.0,0.0
2024-08-13 10:05:00-04:00,4.060100078582764,4.060100078582764,4.060100078582764,4.060100078582764,266,0.0,0.0
2024-08-13 10:25:00-04:00,4.070000171661377,4.070000171661377,4.065000057220459,4.070000171661377,1712,0.0,0.0
2024-08-13 10:30:00-04:00,4.060100078582764,4.070000171661377,4.060100078582764,4.065000057220459,501,0.0,0.0
2024-08-13 10:35:00-04:00,4.065000057220459,4.066500186920166,4.065000057220459,4.066500186920166,1300,0.0,0.0
2024-08-13 10:40:00-04:00,4.070000171661377,4.075900077819824,4.070000171661377,4.075900077819824,785,0.0,0.0
2024-08-13 10:45:00-04:00,4.079999923706055,4.090000152587891,4.079999923706055,4.085000038146973,2859,0.0,0.0
2024-08-13 11:00:00-04:00,4.085000038146973,4.085000038146973,4.085000038146973,4.085000038146973,500,0.0,0.0
2024-08-13 11:05:00-04:00,4.085000038146973,4.090000152587891,4.085000038146973,4.090000152587891,2410,0.0,0.0
2024-08-13 11:10:00-04:00,4.090000152587891,4.090000152587891,4.090000152587891,4.090000152587891,1077,0.0,0.0
2024-08-13 11:15:00-04:00,4.090000152587891,4.090000152587891,4.090000152587891,4.090000152587891,313,0.0,0.0
2024-08-13 11:20:00-04:00,4.085000038146973,4.085000038146973,4.085000038146973,4.085000038146973,1274,0.0,0.0
2024-08-13 11:30:00-04:00,4.083600044250488,4.08620023727417,4.083600044250488,4.085000038146973,2191,0.0,0.0
2024-08-13 11:35:00-04:00,4.085000038146973,4.085000038146973,4.085000038146973,4.085000038146973,102,0.0,0.0
2024-08-13 11:40:00-04:00,4.086999893188477,4.086999893188477,4.086100101470947,4.086100101470947,3000,0.0,0.0
2024-08-13 11:50:00-04:00,4.090000152587891,4.09499979019165,4.090000152587891,4.09499979019165,5600,0.0,0.0
2024-08-13 11:55:00-04:00,4.090000152587891,4.090000152587891,4.085000038146973,4.090000152587891,7373,0.0,0.0
2024-08-13 12:05:00-04:00,4.090000152587891,4.090000152587891,4.0802998542785645,4.085599899291992,1713,0.0,0.0
2024-08-13 12:10:00-04:00,4.090000152587891,4.090000152587891,4.090000152587891,4.090000152587891,4974,0.0,0.0
2024-08-13 12:15:00-04:00,4.099999904632568,4.105000019073486,4.099999904632568,4.105000019073486,984,0.0,0.0
2024-08-13 12:20:00-04:00,4.105000019073486,4.105000019073486,4.105000019073486,4.105000019073486,11249,0.0,0.0
2024-08-13 12:25:00-04:00,4.099999904632568,4.104400157928467,4.099999904632568,4.099999904632568,2220,0.0,0.0
2024-08-13 12:30:00-04:00,4.099999904632568,4.099999904632568,4.09499979019165,4.09499979019165,3358,0.0,0.0
2024-08-13 12:35:00-04:00,4.09499979019165,4.09499979019165,4.090099811553955,4.090099811553955,10208,0.0,0.0
2024-08-13 12:45:00-04:00,4.099999904632568,4.110000133514404,4.099999904632568,4.110000133514404,2736,0.0,0.0
2024-08-13 12:50:00-04:00,4.114999771118164,4.118000030517578,4.114999771118164,4.114999771118164,500,0.0,0.0
2024-08-13 12:55:00-04:00,4.114999771118164,4.114999771118164,4.110000133514404,4.110000133514404,1675,0.0,0.0
2024-08-13 13:00:00-04:00,4.110099792480469,4.110099792480469,4.110099792480469,4.110099792480469,1030,0.0,0.0
2024-08-13 13:10:00-04:00,4.105000019073486,4.105000019073486,4.105000019073486,4.105000019073486,3818,0.0,0.0
2024-08-13 13:15:00-04:00,4.105000019073486,4.105000019073486,4.099999904632568,4.099999904632568,532,0.0,0.0
2024-08-13 13:20:00-04:00,4.099999904632568,4.099999904632568,4.099999904632568,4.099999904632568,225,0.0,0.0
2024-08-13 13:25:00-04:00,4.099999904632568,4.104000091552734,4.099999904632568,4.099999904632568,1012,0.0,0.0
2024-08-13 13:30:00-04:00,4.09499979019165,4.099999904632568,4.09499979019165,4.099800109863281,4303,0.0,0.0
2024-08-13 13:35:00-04:00,4.09499979019165,4.09499979019165,4.09499979019165,4.09499979019165,208,0.0,0.0
2024-08-13 13:40:00-04:00,4.09499979019165,4.09499979019165,4.09499979019165,4.09499979019165,228,0.0,0.0
2024-08-13 13:45:00-04:00,4.09499979019165,4.09499979019165,4.085000038146973,4.090000152587891,1694,0.0,0.0
2024-08-13 13:50:00-04:00,4.085000038146973,4.087200164794922,4.085000038146973,4.085000038146973,600,0.0,0.0
2024-08-13 13:55:00-04:00,4.090000152587891,4.09499979019165,4.090000152587891,4.09499979019165,899,0.0,0.0
2024-08-13 14:00:00-04:00,4.09499979019165,4.09499979019165,4.09499979019165,4.09499979019165,100,0.0,0.0
2024-08-13 14:05:00-04:00,4.099999904632568,4.099999904632568,4.09499979019165,4.09499979019165,301,0.0,0.0
2024-08-13 14:10:00-04:00,4.09499979019165,4.09499979019165,4.09499979019165,4.09499979019165,100,0.0,0.0
2024-08-13 14:15:00-04:00,4.09499979019165,4.09499979019165,4.085000038146973,4.090000152587891,6567,0.0,0.0
2024-08-13 14:20:00-04:00,4.085000038146973,4.085000038146973,4.085000038146973,4.085000038146973,108,0.0,0.0
2024-08-13 14:25:00-04:00,4.085000038146973,4.085000038146973,4.085000038146973,4.085000038146973,200,0.0,0.0
2024-08-13 14:30:00-04:00,4.085000038146973,4.099999904632568,4.081999778747559,4.099999904632568,3560,0.0,0.0
2024-08-13 14:35:00-04:00,4.09499979019165,4.09499979019165,4.090000152587891,4.094900131225586,1607,0.0,0.0
2024-08-13 14:40:00-04:00,4.099999904632568,4.099999904632568,4.09499979019165,4.099800109863281,722,0.0,0.0
2024-08-13 14:45:00-04:00,4.09499979019165,4.099999904632568,4.09499979019165,4.099999904632568,1235,0.0,0.0
2024-08-13 14:50:00-04:00,4.105000019073486,4.105000019073486,4.093200206756592,4.09499979019165,2154,0.0,0.0
2024-08-13 14:55:00-04:00,4.099999904632568,4.099999904632568,4.090000152587891,4.09499979019165,615,0.0,0.0
2024-08-13 15:00:00-04:00,4.09499979019165,4.099999904632568,4.09499979019165,4.099999904632568,6985,0.0,0.0
2024-08-13 15:05:00-04:00,4.099699974060059,4.099699974060059,4.090099811553955,4.09499979019165,6557,0.0,0.0
2024-08-13 15:10:00-04:00,4.09499979019165,4.099800109863281,4.090000152587891,4.090000152587891,6807,0.0,0.0
2024-08-13 15:15:00-04:00,4.099899768829346,4.099899768829346,4.090000152587891,4.090000152587891,5407,0.0,0.0
2024-08-13 15:20:00-04:00,4.090099811553955,4.09499979019165,4.090000152587891,4.090000152587891,3526,0.0,0.0
2024-08-13 15:25:00-04:00,4.09499979019165,4.09499979019165,4.09499979019165,4.09499979019165,200,0.0,0.0
2024-08-13 15:30:00-04:00,4.09499979019165,4.09499979019165,4.090000152587891,4.09499979019165,5066,0.0,0.0
2024-08-13 15:35:00-04:00,4.090000152587891,4.090000152587891,4.090000152587891,4.090000152587891,693,0.0,0.0
2024-08-13 15:40:00-04:00,4.090000152587891,4.090000152587891,4.090000152587891,4.090000152587891,271,0.0,0.0
2024-08-13 15:45:00-04:00,4.090000152587891,4.099999904632568,4.090000152587891,4.09499979019165,4439,0.0,0.0
2024-08-13 15:50:00-04:00,4.098199844360352,4.099999904632568,4.090000152587891,4.09499979019165,9181,0.0,0.0
2024-08-13 15:55:00-04:00,4.09499979019165,4.110000133514404,4.09499979019165,4.099999904632568,15336,0.0,0.0
2024-08-14 09:30:00-04:00,4.110000133514404,4.125,4.110000133514404,4.125,4952,0.0,0.0
2024-08-14 09:35:00-04:00,4.119999885559082,4.119999885559082,4.105000019073486,4.110000133514404,2903,0.0,0.0
2024-08-14 09:40:00-04:00,4.125,4.125,4.114999771118164,4.114999771118164,6601,0.0,0.0
2024-08-14 09:45:00-04:00,4.110000133514404,4.114999771118164,4.110000133514404,4.114999771118164,1128,0.0,0.0
2024-08-14 09:50:00-04:00,4.110000133514404,4.110000133514404,4.110000133514404,4.110000133514404,1740,0.0,0.0
2024-08-14 09:55:00-04:00,4.099999904632568,4.109899997711182,4.099999904632568,4.109899997711182,2051,0.0,0.0
2024-08-14 10:00:00-04:00,4.099999904632568,4.099999904632568,4.09499979019165,4.09499979019165,4715,0.0,0.0
2024-08-14 10:05:00-04:00,4.090000152587891,4.099999904632568,4.090000152587891,4.099999904632568,3580,0.0,0.0
2024-08-14 10:10:00-04:00,4.099999904632568,4.099999904632568,4.099999904632568,4.099999904632568,1201,0.0,0.0
2024-08-14 10:15:00-04:00,4.099999904632568,4.111999988555908,4.099999904632568,4.111999988555908,2873,0.0,0.0
2024-08-14 10:20:00-04:00,4.111000061035156,4.130000114440918,4.111000061035156,4.120100021362305,13003,0.0,0.0
2024-08-14 10:25:00-04:00,4.119999885559082,4.119999885559082,4.119999885559082,4.119999885559082,402,0.0,0.0
2024-08-14 10:30:00-04:00,4.1280999183654785,4.128300189971924,4.119999885559082,4.119999885559082,6771,0.0,0.0
2024-08-14 10:35:00-04:00,4.119999885559082,4.119999885559082,4.119999885559082,4.119999885559082,631,0.0,0.0
2024-08-14 10:40:00-04:00,4.120100021362305,4.125,4.120100021362305,4.125,841,0.0,0.0
2024-08-14 10:45:00-04:00,4.130000114440918,4.139999866485596,4.130000114440918,4.13670015335083,7877,0.0,0.0
2024-08-14 10:50:00-04:00,4.135000228881836,4.139999866485596,4.130099773406982,4.130099773406982,6026,0.0,0.0
2024-08-14 10:55:00-04:00,4.139999866485596,4.150000095367432,4.139999866485596,4.150000095367432,7951,0.0,0.0
2024-08-14 11:00:00-04:00,4.144999980926514,4.144999980926514,4.144999980926514,4.144999980926514,344,0.0,0.0
2024-08-14 11:15:00-04:00,4.140100002288818,4.144999980926514,4.139999866485596,4.144999980926514,7567,0.0,0.0
2024-08-14 11:25:00-04:00,4.144999980926514,4.144999980926514,4.144999980926514,4.144999980926514,1460,0.0,0.0
2024-08-14 11:30:00-04:00,4.150000095367432,4.160099983215332,4.149899959564209,4.159999847412109,9387,0.0,0.0
2024-08-14 11:35:00-04:00,4.164999961853027,4.164999961853027,4.164999961853027,4.164999961853027,439,0.0,0.0
2024-08-14 11:40:00-04:00,4.159999847412109,4.159999847412109,4.159999847412109,4.159999847412109,2602,0.0,0.0
2024-08-14 11:45:00-04:00,4.15500020980835,4.159999847412109,4.15500020980835,4.159999847412109,2813,0.0,0.0
2024-08-14 11:50:00-04:00,4.15500020980835,4.159999847412109,4.15500020980835,4.159999847412109,8567,0.0,0.0
2024-08-14 11:55:00-04:00,4.159999847412109,4.164999961853027,4.159999847412109,4.164999961853027,1303,0.0,0.0
2024-08-14 12:00:00-04:00,4.164999961853027,4.164999961853027,4.159999847412109,4.159999847412109,769,0.0,0.0
2024-08-14 12:05:00-04:00,4.164999961853027,4.164999961853027,4.164999961853027,4.164999961853027,115,0.0,0.0
2024-08-14 12:10:00-04:00,4.159999847412109,4.159999847412109,4.159999847412109,4.159999847412109,574,0.0,0.0
2024-08-14 12:15:00-04:00,4.159900188446045,4.159900188446045,4.154799938201904,4.154799938201904,1200,0.0,0.0
2024-08-14 12:20:00-04:00,4.159900188446045,4.159900188446045,4.1479997634887695,4.150000095367432,3000,0.0,0.0
2024-08-14 12:25:00-04:00,4.144999980926514,4.15500020980835,4.144999980926514,4.15500020980835,5559,0.0,0.0
2024-08-14 12:30:00-04:00,4.150000095367432,4.150000095367432,4.150000095367432,4.150000095367432,125,0.0,0.0
2024-08-14 12:35:00-04:00,4.15500020980835,4.159900188446045,4.15500020980835,4.159900188446045,500,0.0,0.0
2024-08-14 12:40:00-04:00,4.15500020980835,4.159999847412109,4.15500020980835,4.159999847412109,1944,0.0,0.0
2024-08-14 12:45:00-04:00,4.15500020980835,4.159999847412109,4.15500020980835,4.159999847412109,1090,0.0,0.0
2024-08-14 12:50:00-04:00,4.159999847412109,4.159999847412109,4.150100231170654,4.150100231170654,700,0.0,0.0
2024-08-14 12:55:00-04:00,4.159999847412109,4.159999847412109,4.15500020980835,4.159999847412109,764,0.0,0.0
2024-08-14 13:00:00-04:00,4.154399871826172,4.159999847412109,4.150000095367432,4.150000095367432,6035,0.0,0.0
2024-08-14 13:05:00-04:00,4.150000095367432,4.159999847412109,4.150000095367432,4.15500020980835,3432,0.0,0.0
2024-08-14 13:10:00-04:00,4.150000095367432,4.15500020980835,4.150000095367432,4.150000095367432,1538,0.0,0.0
2024-08-14 13:15:00-04:00,4.150100231170654,4.155300140380859,4.150000095367432,4.150000095367432,4423,0.0,0.0
2024-08-14 13:20:00-04:00,4.150000095367432,4.15500020980835,4.150000095367432,4.150000095367432,1480,0.0,0.0
2024-08-14 13:25:00-04:00,4.15500020980835,4.15500020980835,4.150000095367432,4.150000095367432,1781,0.0,0.0
2024-08-14 13:30:00-04:00,4.150000095367432,4.159999847412109,4.150000095367432,4.159999847412109,3000,0.0,0.0
2024-08-14 13:35:00-04:00,4.15500020980835,4.15500020980835,4.15500020980835,4.15500020980835,200,0.0,0.0
2024-08-14 13:40:00-04:00,4.159999847412109,4.159999847412109,4.15500020980835,4.159999847412109,674,0.0,0.0
2024-08-14 13:45:00-04:00,4.159999847412109,4.159999847412109,4.159999847412109,4.159999847412109,100,0.0,0.0
2024-08-14 13:50:00-04:00,4.154600143432617,4.159999847412109,4.150100231170654,4.15500020980835,4884,0.0,0.0
2024-08-14 13:55:00-04:00,4.159999847412109,4.159999847412109,4.15500020980835,4.159999847412109,500,0.0,0.0
2024-08-14 14:00:00-04:00,4.15500020980835,4.159999847412109,4.15500020980835,4.159999847412109,420,0.0,0.0
2024-08-14 14:05:00-04:00,4.15500020980835,4.15500020980835,4.15500020980835,4.15500020980835,700,0.0,0.0
2024-08-14 14:10:00-04:00,4.15500020980835,4.159999847412109,4.15500020980835,4.159999847412109,828,0.0,0.0
2024-08-14 14:15:00-04:00,4.150000095367432,4.150000095367432,4.150000095367432,4.150000095367432,300,0.0,0.0
2024-08-14 14:20:00-04:00,4.150000095367432,4.159999847412109,4.150000095367432,4.159999847412109,305,0.0,0.0
2024-08-14 14:30:00-04:00,4.1519999504089355,4.159999847412109,4.1519999504089355,4.159999847412109,508,0.0,0.0
2024-08-14 14:35:00-04:00,4.159999847412109,4.159999847412109,4.159999847412109,4.159999847412109,247,0.0,0.0
2024-08-14 14:40:00-04:00,4.15500020980835,4.15500020980835,4.15500020980835,4.15500020980835,300,0.0,0.0
2024-08-14 14:45:00-04:00,4.15500020980835,4.15500020980835,4.15500020980835,4.15500020980835,105,0.0,0.0
2024-08-14 14:50:00-04:00,4.15500020980835,4.159999847412109,4.15500020980835,4.156000137329102,728,0.0,0.0
2024-08-14 14:55:00-04:00,4.15500020980835,4.159999847412109,4.15500020980835,4.159999847412109,787,0.0,0.0
2024-08-14 15:00:00-04:00,4.159999847412109,4.159999847412109,4.15500020980835,4.159999847412109,1600,0.0,0.0
2024-08-14 15:05:00-04:00,4.15500020980835,4.15500020980835,4.15500020980835,4.15500020980835,1086,0.0,0.0
2024-08-14 15:20:00-04:00,4.150000095367432,4.15500020980835,4.150000095367432,4.15500020980835,1887,0.0,0.0
2024-08-14 15:25:00-04:00,4.15500020980835,4.15500020980835,4.150000095367432,4.150000095367432,432,0.0,0.0
2024-08-14 15:30:00-04:00,4.150000095367432,4.15500020980835,4.150000095367432,4.1519999504089355,502,0.0,0.0
2024-08-14 15:35:00-04:00,4.154900074005127,4.15500020980835,4.15310001373291,4.15500020980835,1036,0.0,0.0
2024-08-14 15:40:00-04:00,4.151000022888184,4.151000022888184,4.144999980926514,4.144999980926514,3279,0.0,0.0
2024-08-14 15:45:00-04:00,4.144999980926514,4.144999980926514,4.139999866485596,4.139999866485596,3795,0.0,0.0
2024-08-14 15:50:00-04:00,4.144999980926514,4.150000095367432,4.144999980926514,4.150000095367432,1200,0.0,0.0
2024-08-14 15:55:00-04:00,4.144999980926514,4.159999847412109,4.144999980926514,4.150000095367432,6195,0.0,0.0
2024-08-15 09:30:00-04:00,4.150000095367432,4.159999847412109,4.150000095367432,4.159999847412109,10126,0.0,0.0
2024-08-15 09:35:00-04:00,4.159999847412109,4.159999847412109,4.144999980926514,4.144999980926514,3377,0.0,0.0
2024-08-15 09:40:00-04:00,4.15500020980835,4.15500020980835,4.079999923706055,4.119999885559082,45772,0.0,0.0
2024-08-15 09:45:00-04:00,4.139999866485596,4.139999866485596,4.079999923706055,4.114999771118164,54622,0.0,0.0
2024-08-15 09:50:00-04:00,4.110000133514404,4.119999885559082,4.099999904632568,4.110000133514404,15101,0.0,0.0
2024-08-15 09:55:00-04:00,4.110000133514404,4.119999885559082,4.105000019073486,4.110000133514404,4802,0.0,0.0
2024-08-15 10:00:00-04:00,4.114999771118164,4.125699996948242,4.114999771118164,4.125699996948242,2262,0.0,0.0
2024-08-15 10:05:00-04:00,4.125,4.129199981689453,4.125,4.126299858093262,2164,0.0,0.0
2024-08-15 10:10:00-04:00,4.125,4.130000114440918,4.125,4.125,1799,0.0,0.0
2024-08-15 10:15:00-04:00,4.125,4.130000114440918,4.119999885559082,4.130000114440918,2387,0.0,0.0
2024-08-15 10:20:00-04:00,4.130000114440918,4.135000228881836,4.130000114440918,4.135000228881836,2232,0.0,0.0
2024-08-15 10:25:00-04:00,4.136300086975098,4.144999980926514,4.130099773406982,4.144999980926514,12756,0.0,0.0
2024-08-15 10:30:00-04:00,4.140999794006348,4.140999794006348,4.135000228881836,4.135000228881836,1263,0.0,0.0
2024-08-15 10:35:00-04:00,4.139999866485596,4.139999866485596,4.135000228881836,4.135000228881836,4577,0.0,0.0
2024-08-15 10:40:00-04:00,4.135000228881836,4.139999866485596,4.135000228881836,4.13539981842041,4379,0.0,0.0
2024-08-15 10:45:00-04:00,4.139999866485596,4.150000095367432,4.135000228881836,4.144999980926514,6753,0.0,0.0
2024-08-15 10:50:00-04:00,4.144999980926514,4.144999980926514,4.144999980926514,4.144999980926514,100,0.0,0.0
2024-08-15 10:55:00-04:00,4.144999980926514,4.149899959564209,4.1427998542785645,4.144999980926514,4015,0.0,0.0
2024-08-15 11:00:00-04:00,4.144199848175049,4.150000095367432,4.142000198364258,4.142000198364258,1162,0.0,0.0
2024-08-15 11:10:00-04:00,4.144999980926514,4.150000095367432,4.139999866485596,4.14900016784668,6840,0.0,0.0
2024-08-15 11:15:00-04:00,4.144999980926514,4.150000095367432,4.144999980926514,4.150000095367432,2929,0.0,0.0
2024-08-15 11:20:00-04:00,4.150000095367432,4.159999847412109,4.150000095367432,4.159999847412109,3929,0.0,0.0
2024-08-15 11:25:00-04:00,4.154799938201904,4.159999847412109,4.150000095367432,4.150000095367432,1346,0.0,0.0
2024-08-15 11:30:00-04:00,4.15500020980835,4.157800197601318,4.15500020980835,4.157800197601318,381,0.0,0.0
2024-08-15 11:35:00-04:00,4.150000095367432,4.15500020980835,4.150000095367432,4.15500020980835,1651,0.0,0.0
2024-08-15 11:40:00-04:00,4.150300025939941,4.150300025939941,4.150000095367432,4.150000095367432,372,0.0,0.0
2024-08-15 11:50:00-04:00,4.1504998207092285,4.159999847412109,4.1504998207092285,4.159999847412109,1103,0.0,0.0
2024-08-15 12:00:00-04:00,4.1528000831604,4.15500020980835,4.150000095367432,4.150000095367432,3600,0.0,0.0
2024-08-15 12:05:00-04:00,4.15500020980835,4.15500020980835,4.150000095367432,4.15500020980835,697,0.0,0.0
2024-08-15 12:10:00-04:00,4.15500020980835,4.159999847412109,4.15500020980835,4.15500020980835,10029,0.0,0.0
2024-08-15 12:15:00-04:00,4.15500020980835,4.15500020980835,4.15500020980835,4.15500020980835,178,0.0,0.0
2024-08-15 12:20:00-04:00,4.15500020980835,4.15500020980835,4.15500020980835,4.15500020980835,267,0.0,0.0
2024-08-15 12:30:00-04:00,4.15500020980835,4.15500020980835,4.15500020980835,4.15500020980835,896,0.0,0.0
2024-08-15 12:35:00-04:00,4.159999847412109,4.159999847412109,4.159900188446045,4.159900188446045,366,0.0,0.0
2024-08-15 12:45:00-04:00,4.150000095367432,4.151100158691406,4.144999980926514,4.150000095367432,4802,0.0,0.0
2024-08-15 12:50:00-04:00,4.144999980926514,4.15500020980835,4.139999866485596,4.15500020980835,18913,0.0,0.0
2024-08-15 12:55:00-04:00,4.15500020980835,4.15500020980835,4.1402997970581055,4.142000198364258,12452,0.0,0.0
2024-08-15 13:00:00-04:00,4.139999866485596,4.139999866485596,4.139999866485596,4.139999866485596,1005,0.0,0.0
2024-08-15 13:05:00-04:00,4.144499778747559,4.150000095367432,4.144499778747559,4.150000095367432,1109,0.0,0.0
2024-08-15 13:10:00-04:00,4.142000198364258,4.142000198364258,4.142000198364258,4.142000198364258,202,0.0,0.0
2024-08-15 13:15:00-04:00,4.144999980926514,4.150000095367432,4.139999866485596,4.150000095367432,3311,0.0,0.0
2024-08-15 13:20:00-04:00,4.140200138092041,4.140200138092041,4.140100002288818,4.140100002288818,842,0.0,0.0
2024-08-15 13:25:00-04:00,4.150000095367432,4.150000095367432,4.144999980926514,4.150000095367432,390,0.0,0.0
2024-08-15 13:30:00-04:00,4.150000095367432,4.15500020980835,4.14739990234375,4.15500020980835,1302,0.0,0.0
2024-08-15 13:35:00-04:00,4.15500020980835,4.15500020980835,4.15500020980835,4.15500020980835,5300,0.0,0.0
2024-08-15 13:40:00-04:00,4.15500020980835,4.15500020980835,4.144999980926514,4.144999980926514,7214,0.0,0.0
2024-08-15 13:45:00-04:00,4.150000095367432,4.150000095367432,4.150000095367432,4.150000095367432,450,0.0,0.0
2024-08-15 13:50:00-04:00,4.150000095367432,4.150000095367432,4.150000095367432,4.150000095367432,129,0.0,0.0
2024-08-15 13:55:00-04:00,4.144999980926514,4.15500020980835,4.144999980926514,4.150000095367432,14842,0.0,0.0
2024-08-15 14:00:00-04:00,4.150000095367432,4.159999847412109,4.144999980926514,4.159999847412109,7104,0.0,0.0
2024-08-15 14:05:00-04:00,4.15500020980835,4.15500020980835,4.15500020980835,4.15500020980835,125,0.0,0.0
2024-08-15 14:10:00-04:00,4.150000095367432,4.150000095367432,4.150000095367432,4.150000095367432,1852,0.0,0.0
2024-08-15 14:15:00-04:00,4.144999980926514,4.159999847412109,4.144999980926514,4.159999847412109,4054,0.0,0.0
2024-08-15 14:20:00-04:00,4.159900188446045,4.159900188446045,4.15500020980835,4.15500020980835,949,0.0,0.0
2024-08-15 14:25:00-04:00,4.15500020980835,4.15500020980835,4.15500020980835,4.15500020980835,149,0.0,0.0
2024-08-15 14:30:00-04:00,4.159999847412109,4.159999847412109,4.15500020980835,4.15500020980835,1286,0.0,0.0
2024-08-15 14:35:00-04:00,4.159999847412109,4.159999847412109,4.152400016784668,4.15500020980835,2245,0.0,0.0
2024-08-15 14:40:00-04:00,4.15500020980835,4.159999847412109,4.15500020980835,4.15500020980835,910,0.0,0.0
2024-08-15 14:45:00-04:00,4.15500020980835,4.159999847412109,4.15500020980835,4.159999847412109,2115,0.0,0.0
2024-08-15 14:50:00-04:00,4.159999847412109,4.159999847412109,4.150000095367432,4.159999847412109,891,0.0,0.0
2024-08-15 15:00:00-04:00,4.15500020980835,4.159999847412109,4.15500020980835,4.159999847412109,7638,0.0,0.0
2024-08-15 15:05:00-04:00,4.15500020980835,4.159999847412109,4.150199890136719,4.15500020980835,3693,0.0,0.0
2024-08-15 15:10:00-04:00,4.150100231170654,4.150100231170654,4.150100231170654,4.150100231170654,265,0.0,0.0
2024-08-15 15:15:00-04:00,4.15500020980835,4.15500020980835,4.15500020980835,4.15500020980835,110,0.0,0.0
2024-08-15 15:20:00-04:00,4.15500020980835,4.15500020980835,4.15500020980835,4.15500020980835,185,0.0,0.0
2024-08-15 15:25:00-04:00,4.1545000076293945,4.15500020980835,4.1545000076293945,4.15500020980835,845,0.0,0.0
2024-08-15 15:30:00-04:00,4.15500020980835,4.15500020980835,4.150000095367432,4.15500020980835,3510,0.0,0.0
2024-08-15 15:35:00-04:00,4.15500020980835,4.15500020980835,4.150000095367432,4.150000095367432,562,0.0,0.0
2024-08-15 15:40:00-04:00,4.150000095367432,4.150000095367432,4.150000095367432,4.150000095367432,182,0.0,0.0
2024-08-15 15:45:00-04:00,4.150000095367432,4.15500020980835,4.150000095367432,4.150000095367432,2972,0.0,0.0
2024-08-15 15:50:00-04:00,4.150000095367432,4.150000095367432,4.141200065612793,4.144999980926514,8155,0.0,0.0
2024-08-15 15:55:00-04:00,4.144999980926514,4.159999847412109,4.135000228881836,4.144999980926514,7553,0.0,0.0
2024-08-16 09:30:00-04:00,4.130000114440918,4.159999847412109,4.130000114440918,4.159999847412109,0,0.0,0.0
2024-08-16 09:35:00-04:00,4.138999938964844,4.159999847412109,4.138999938964844,4.15500020980835,15324,0.0,0.0
2024-08-16 09:40:00-04:00,4.159900188446045,4.159900188446045,4.139999866485596,4.139999866485596,8534,0.0,0.0
2024-08-16 09:45:00-04:00,4.139999866485596,4.139999866485596,4.135000228881836,4.1392998695373535,601,0.0,0.0
2024-08-16 09:50:00-04:00,4.139999866485596,4.150000095367432,4.139800071716309,4.150000095367432,5848,0.0,0.0
2024-08-16 09:55:00-04:00,4.15500020980835,4.15500020980835,4.150000095367432,4.150000095367432,3835,0.0,0.0
2024-08-16 10:00:00-04:00,4.135000228881836,4.15500020980835,4.135000228881836,4.15500020980835,4608,0.0,0.0
2024-08-16 10:05:00-04:00,4.150000095367432,4.150000095367432,4.144499778747559,4.144999980926514,8359,0.0,0.0
2024-08-16 10:10:00-04:00,4.14900016784668,4.150000095367432,4.145199775695801,4.149799823760986,2908,0.0,0.0
2024-08-16 10:15:00-04:00,4.149099826812744,4.150000095367432,4.149099826812744,4.150000095367432,3200,0.0,0.0
2024-08-16 10:20:00-04:00,4.14709997177124,4.150000095367432,4.14709997177124,4.149899959564209,7868,0.0,0.0
2024-08-16 10:25:00-04:00,4.150000095367432,4.150000095367432,4.140699863433838,4.144999980926514,3817,0.0,0.0
2024-08-16 10:30:00-04:00,4.139999866485596,4.144999980926514,4.139999866485596,4.140600204467773,1699,0.0,0.0
2024-08-16 10:35:00-04:00,4.148799896240234,4.148799896240234,4.140600204467773,4.140600204467773,3315,0.0,0.0
2024-08-16 10:40:00-04:00,4.139999866485596,4.139999866485596,4.119999885559082,4.129899978637695,22751,0.0,0.0
2024-08-16 10:45:00-04:00,4.1290998458862305,4.130000114440918,4.1290998458862305,4.130000114440918,1274,0.0,0.0
2024-08-16 10:50:00-04:00,4.130000114440918,4.150000095367432,4.130000114440918,4.150000095367432,2373,0.0,0.0
2024-08-16 10:55:00-04:00,4.144999980926514,4.144999980926514,4.139999866485596,4.139999866485596,1555,0.0,0.0
2024-08-16 11:00:00-04:00,4.13129997253418,4.139999866485596,4.130499839782715,4.130499839782715,3289,0.0,0.0
2024-08-16 11:05:00-04:00,4.139999866485596,4.139999866485596,4.139999866485596,4.139999866485596,803,0.0,0.0
2024-08-16 11:10:00-04:00,4.150000095367432,4.150000095367432,4.150000095367432,4.150000095367432,109,0.0,0.0
2024-08-16 11:15:00-04:00,4.144999980926514,4.144999980926514,4.139999866485596,4.139999866485596,4725,0.0,0.0
2024-08-16 11:20:00-04:00,4.135000228881836,4.139999866485596,4.135000228881836,4.139999866485596,2716,0.0,0.0
2024-08-16 11:25:00-04:00,4.135000228881836,4.135000228881836,4.135000228881836,4.135000228881836,332,0.0,0.0
2024-08-16 11:30:00-04:00,4.135000228881836,4.135000228881836,4.135000228881836,4.135000228881836,601,0.0,0.0
2024-08-16 11:35:00-04:00,4.138599872589111,4.139999866485596,4.130000114440918,4.139999866485596,3367,0.0,0.0
2024-08-16 11:45:00-04:00,4.1346001625061035,4.139999866485596,4.1346001625061035,4.139999866485596,883,0.0,0.0
2024-08-16 11:50:00-04:00,4.135000228881836,4.135000228881836,4.135000228881836,4.135000228881836,167,0.0,0.0
2024-08-16 11:55:00-04:00,4.135000228881836,4.139999866485596,4.135000228881836,4.139999866485596,1025,0.0,0.0
2024-08-16 12:00:00-04:00,4.139800071716309,4.139800071716309,4.139800071716309,4.139800071716309,145,0.0,0.0
2024-08-16 12:05:00-04:00,4.139999866485596,4.139999866485596,4.139999866485596,4.139999866485596,306,0.0,0.0
2024-08-16 12:10:00-04:00,4.139900207519531,4.139900207519531,4.139900207519531,4.139900207519531,301,0.0,0.0
2024-08-16 12:15:00-04:00,4.139999866485596,4.139999866485596,4.135300159454346,4.139999866485596,1771,0.0,0.0
2024-08-16 12:20:00-04:00,4.139999866485596,4.150000095367432,4.139999866485596,4.150000095367432,6529,0.0,0.0
2024-08-16 12:25:00-04:00,4.144999980926514,4.144999980926514,4.139999866485596,4.139999866485596,1742,0.0,0.0
2024-08-16 12:30:00-04:00,4.139999866485596,4.140999794006348,4.135000228881836,4.135000228881836,1912,0.0,0.0
2024-08-16 12:40:00-04:00,4.130000114440918,4.144999980926514,4.130000114440918,4.130099773406982,5070,0.0,0.0
2024-08-16 12:45:00-04:00,4.130799770355225,4.139999866485596,4.130799770355225,4.139999866485596,3912,0.0,0.0
2024-08-16 12:50:00-04:00,4.139999866485596,4.150000095367432,4.139999866485596,4.150000095367432,1159,0.0,0.0
2024-08-16 12:55:00-04:00,4.144999980926514,4.144999980926514,4.144999980926514,4.144999980926514,503,0.0,0.0
2024-08-16 13:00:00-04:00,4.141200065612793,4.150000095367432,4.141200065612793,4.150000095367432,550,0.0,0.0
2024-08-16 13:05:00-04:00,4.144999980926514,4.150000095367432,4.140100002288818,4.150000095367432,3436,0.0,0.0
2024-08-16 13:15:00-04:00,4.150000095367432,4.150000095367432,4.144999980926514,4.144999980926514,604,0.0,0.0
2024-08-16 13:20:00-04:00,4.150000095367432,4.150000095367432,4.144999980926514,4.150000095367432,1208,0.0,0.0
2024-08-16 13:30:00-04:00,4.139999866485596,4.144999980926514,4.139999866485596,4.144999980926514,2200,0.0,0.0
2024-08-16 13:35:00-04:00,4.149799823760986,4.149799823760986,4.149799823760986,4.149799823760986,326,0.0,0.0
2024-08-16 13:40:00-04:00,4.144999980926514,4.144999980926514,4.144999980926514,4.144999980926514,185,0.0,0.0
2024-08-16 13:45:00-04:00,4.140999794006348,4.140999794006348,4.140999794006348,4.140999794006348,1221,0.0,0.0
2024-08-16 13:50:00-04:00,4.144999980926514,4.148900032043457,4.135000228881836,4.139999866485596,4887,0.0,0.0
2024-08-16 13:55:00-04:00,4.139999866485596,4.139999866485596,4.139999866485596,4.139999866485596,300,0.0,0.0
2024-08-16 14:00:00-04:00,4.139999866485596,4.139999866485596,4.135000228881836,4.139999866485596,1993,0.0,0.0
2024-08-16 14:05:00-04:00,4.139900207519531,4.144999980926514,4.135000228881836,4.144999980926514,1637,0.0,0.0
2024-08-16 14:15:00-04:00,4.144999980926514,4.150000095367432,4.144999980926514,4.150000095367432,4779,0.0,0.0
2024-08-16 14:20:00-04:00,4.144999980926514,4.150000095367432,4.139999866485596,4.150000095367432,12037,0.0,0.0
2024-08-16 14:35:00-04:00,4.144999980926514,4.144999980926514,4.144999980926514,4.144999980926514,100,0.0,0.0
2024-08-16 14:40:00-04:00,4.149899959564209,4.15500020980835,4.149899959564209,4.150000095367432,7273,0.0,0.0
2024-08-16 14:45:00-04:00,4.150000095367432,4.158899784088135,4.150000095367432,4.15500020980835,10400,0.0,0.0
2024-08-16 14:50:00-04:00,4.15500020980835,4.15500020980835,4.15500020980835,4.15500020980835,2805,0.0,0.0
2024-08-16 14:55:00-04:00,4.155300140380859,4.159999847412109,4.150000095367432,4.15500020980835,1564,0.0,0.0
2024-08-16 15:00:00-04:00,4.150100231170654,4.15500020980835,4.150100231170654,4.150100231170654,1156,0.0,0.0
2024-08-16 15:05:00-04:00,4.1596999168396,4.1596999168396,4.1596999168396,4.1596999168396,197,0.0,0.0
2024-08-16 15:10:00-04:00,4.150000095367432,4.1545000076293945,4.150000095367432,4.1545000076293945,3456,0.0,0.0
2024-08-16 15:20:00-04:00,4.15500020980835,4.15500020980835,4.150000095367432,4.1529998779296875,508,0.0,0.0
2024-08-16 15:30:00-04:00,4.150599956512451,4.150599956512451,4.150000095367432,4.150000095367432,1209,0.0,0.0
2024-08-16 15:40:00-04:00,4.15500020980835,4.15500020980835,4.150000095367432,4.150000095367432,4257,0.0,0.0
2024-08-16 15:45:00-04:00,4.150100231170654,4.150100231170654,4.150100231170654,4.150100231170654,9180,0.0,0.0
2024-08-16 15:50:00-04:00,4.157899856567383,4.159900188446045,4.15500020980835,4.15500020980835,11894,0.0,0.0
2024-08-16 15:55:00-04:00,4.151299953460693,4.170000076293945,4.151299953460693,4.170000076293945,5580,0.0,0.0
2024-08-19 09:30:00-04:00,4.150000095367432,4.150000095367432,4.145699977874756,4.150000095367432,15089,0.0,0.0
2024-08-19 09:35:00-04:00,4.150000095367432,4.159999847412109,4.150000095367432,4.158899784088135,3494,0.0,0.0
2024-08-19 09:40:00-04:00,4.150000095367432,4.150000095367432,4.1493000984191895,4.1493000984191895,2335,0.0,0.0
2024-08-19 09:50:00-04:00,4.159999847412109,4.170000076293945,4.159999847412109,4.164999961853027,5100,0.0,0.0
2024-08-19 09:55:00-04:00,4.164999961853027,4.170000076293945,4.164999961853027,4.164999961853027,6568,0.0,0.0
2024-08-19 10:00:00-04:00,4.170000076293945,4.170000076293945,4.160099983215332,4.170000076293945,10276,0.0,0.0
2024-08-19 10:05:00-04:00,4.164999961853027,4.199999809265137,4.164999961853027,4.185800075531006,21604,0.0,0.0
2024-08-19 10:15:00-04:00,4.175000190734863,4.179999828338623,4.171000003814697,4.179999828338623,615,0.0,0.0
2024-08-19 10:20:00-04:00,4.170100212097168,4.179999828338623,4.170100212097168,4.179999828338623,869,0.0,0.0
2024-08-19 10:35:00-04:00,4.186200141906738,4.186200141906738,4.186200141906738,4.186200141906738,501,0.0,0.0
2024-08-19 10:40:00-04:00,4.190000057220459,4.195000171661377,4.189899921417236,4.190800189971924,5719,0.0,0.0
2024-08-19 10:45:00-04:00,4.190999984741211,4.199999809265137,4.190999984741211,4.199999809265137,3042,0.0,0.0
2024-08-19 10:50:00-04:00,4.199999809265137,4.199999809265137,4.199999809265137,4.199999809265137,709,0.0,0.0
2024-08-19 10:55:00-04:00,4.199999809265137,4.199999809265137,4.199900150299072,4.199900150299072,645,0.0,0.0
2024-08-19 11:00:00-04:00,4.199399948120117,4.199399948120117,4.190000057220459,4.190000057220459,645,0.0,0.0
2024-08-19 11:05:00-04:00,4.197999954223633,4.197999954223633,4.191199779510498,4.195000171661377,1115,0.0,0.0
2024-08-19 11:10:00-04:00,4.190100193023682,4.190100193023682,4.190100193023682,4.190100193023682,5072,0.0,0.0
2024-08-19 11:15:00-04:00,4.195000171661377,4.195700168609619,4.195000171661377,4.195700168609619,2014,0.0,0.0
2024-08-19 11:20:00-04:00,4.195000171661377,4.199999809265137,4.191199779510498,4.195000171661377,2322,0.0,0.0
2024-08-19 11:25:00-04:00,4.199900150299072,4.199999809265137,4.199900150299072,4.199999809265137,389,0.0,0.0
2024-08-19 11:30:00-04:00,4.190999984741211,4.199900150299072,4.190999984741211,4.199900150299072,1176,0.0,0.0
2024-08-19 11:35:00-04:00,4.199999809265137,4.210000038146973,4.199999809265137,4.210000038146973,734,0.0,0.0
2024-08-19 11:40:00-04:00,4.209000110626221,4.209000110626221,4.201000213623047,4.201000213623047,1692,0.0,0.0
2024-08-19 11:55:00-04:00,4.208899974822998,4.208899974822998,4.201000213623047,4.201000213623047,1159,0.0,0.0
2024-08-19 12:00:00-04:00,4.209700107574463,4.209700107574463,4.204999923706055,4.204999923706055,1982,0.0,0.0
2024-08-19 12:05:00-04:00,4.210000038146973,4.21999979019165,4.204999923706055,4.21999979019165,4319,0.0,0.0
2024-08-19 12:10:00-04:00,4.215000152587891,4.215099811553955,4.211999893188477,4.215099811553955,2810,0.0,0.0
2024-08-19 12:15:00-04:00,4.21999979019165,4.21999979019165,4.219900131225586,4.219900131225586,329,0.0,0.0
2024-08-19 12:20:00-04:00,4.219900131225586,4.219900131225586,4.219900131225586,4.219900131225586,1028,0.0,0.0
2024-08-19 12:25:00-04:00,4.21999979019165,4.21999979019165,4.21999979019165,4.21999979019165,280,0.0,0.0
2024-08-19 12:30:00-04:00,4.211100101470947,4.215000152587891,4.211100101470947,4.215000152587891,1928,0.0,0.0
2024-08-19 12:35:00-04:00,4.212200164794922,4.21999979019165,4.212200164794922,4.215000152587891,685,0.0,0.0
2024-08-19 12:40:00-04:00,4.215000152587891,4.216000080108643,4.210000038146973,4.210000038146973,1474,0.0,0.0
2024-08-19 12:45:00-04:00,4.21999979019165,4.21999979019165,4.211999893188477,4.211999893188477,1002,0.0,0.0
2024-08-19 12:50:00-04:00,4.21999979019165,4.21999979019165,4.21999979019165,4.21999979019165,200,0.0,0.0
2024-08-19 12:55:00-04:00,4.216000080108643,4.216000080108643,4.216000080108643,4.216000080108643,480,0.0,0.0
2024-08-19 13:00:00-04:00,4.216300010681152,4.216300010681152,4.215000152587891,4.215000152587891,1714,0.0,0.0
2024-08-19 13:05:00-04:00,4.211100101470947,4.21999979019165,4.211100101470947,4.21999979019165,667,0.0,0.0
2024-08-19 13:10:00-04:00,4.215000152587891,4.215000152587891,4.215000152587891,4.215000152587891,1294,0.0,0.0
2024-08-19 13:15:00-04:00,4.21999979019165,4.21999979019165,4.218999862670898,4.218999862670898,929,0.0,0.0
2024-08-19 13:20:00-04:00,4.21999979019165,4.21999979019165,4.215000152587891,4.21999979019165,300,0.0,0.0
2024-08-19 13:25:00-04:00,4.215000152587891,4.215000152587891,4.210000038146973,4.210000038146973,3485,0.0,0.0
2024-08-19 13:30:00-04:00,4.21999979019165,4.21999979019165,4.21999979019165,4.21999979019165,101,0.0,0.0
2024-08-19 13:35:00-04:00,4.215000152587891,4.215000152587891,4.215000152587891,4.215000152587891,1000,0.0,0.0
2024-08-19 13:40:00-04:00,4.21999979019165,4.21999979019165,4.217800140380859,4.217800140380859,2100,0.0,0.0
2024-08-19 13:45:00-04:00,4.21999979019165,4.21999979019165,4.21999979019165,4.21999979019165,105,0.0,0.0
2024-08-19 13:55:00-04:00,4.21999979019165,4.21999979019165,4.21999979019165,4.21999979019165,102,0.0,0.0
2024-08-19 14:00:00-04:00,4.215000152587891,4.21999979019165,4.215000152587891,4.21999979019165,2636,0.0,0.0
2024-08-19 14:10:00-04:00,4.216000080108643,4.21999979019165,4.215000152587891,4.215000152587891,5366,0.0,0.0
2024-08-19 14:15:00-04:00,4.21999979019165,4.21999979019165,4.21999979019165,4.21999979019165,303,0.0,0.0
2024-08-19 14:20:00-04:00,4.211400032043457,4.215000152587891,4.211400032043457,4.215000152587891,1067,0.0,0.0
2024-08-19 14:25:00-04:00,4.21999979019165,4.21999979019165,4.21999979019165,4.21999979019165,134,0.0,0.0
2024-08-19 14:30:00-04:00,4.21999979019165,4.21999979019165,4.21999979019165,4.21999979019165,147,0.0,0.0
2024-08-19 14:40:00-04:00,4.21999979019165,4.230000019073486,4.21999979019165,4.230000019073486,15650,0.0,0.0
2024-08-19 14:45:00-04:00,4.2266998291015625,4.230000019073486,4.2266998291015625,4.230000019073486,1370,0.0,0.0
2024-08-19 14:50:00-04:00,4.230000019073486,4.230000019073486,4.230000019073486,4.230000019073486,271,0.0,0.0
2024-08-19 14:55:00-04:00,4.230000019073486,4.230000019073486,4.230000019073486,4.230000019073486,102,0.0,0.0
2024-08-19 15:00:00-04:00,4.220099925994873,4.220099925994873,4.215000152587891,4.215000152587891,2716,0.0,0.0
2024-08-19 15:05:00-04:00,4.214000225067139,4.21999979019165,4.214000225067139,4.219900131225586,3564,0.0,0.0
2024-08-19 15:10:00-04:00,4.21999979019165,4.21999979019165,4.210100173950195,4.210100173950195,1608,0.0,0.0
2024-08-19 15:15:00-04:00,4.215000152587891,4.215000152587891,4.21120023727417,4.21120023727417,452,0.0,0.0
2024-08-19 15:20:00-04:00,4.210100173950195,4.210100173950195,4.210100173950195,4.210100173950195,125,0.0,0.0
2024-08-19 15:25:00-04:00,4.216800212860107,4.216800212860107,4.215000152587891,4.215000152587891,7771,0.0,0.0
2024-08-19 15:30:00-04:00,4.21999979019165,4.21999979019165,4.21999979019165,4.21999979019165,620,0.0,0.0
2024-08-19 15:35:00-04:00,4.21999979019165,4.224999904632568,4.215000152587891,4.215000152587891,9540,0.0,0.0
2024-08-19 15:40:00-04:00,4.219900131225586,4.230000019073486,4.219900131225586,4.230000019073486,7214,0.0,0.0
2024-08-19 15:45:00-04:00,4.224999904632568,4.230000019073486,4.224999904632568,4.230000019073486,3429,0.0,0.0
2024-08-19 15:50:00-04:00,4.230000019073486,4.239999771118164,4.230000019073486,4.235000133514404,7873,0.0,0.0
2024-08-19 15:55:00-04:00,4.235000133514404,4.239999771118164,4.235000133514404,4.239999771118164,0,0.0,0.0
2024-08-20 09:30:00-04:00,4.239999771118164,4.244999885559082,4.235000133514404,4.244999885559082,11898,0.0,0.0
2024-08-20 09:35:00-04:00,4.240099906921387,4.248499870300293,4.239999771118164,4.239999771118164,12868,0.0,0.0
2024-08-20 09:40:00-04:00,4.239999771118164,4.239999771118164,4.239999771118164,4.239999771118164,1345,0.0,0.0
2024-08-20 09:45:00-04:00,4.239999771118164,4.25,4.239999771118164,4.239999771118164,16587,0.0,0.0
2024-08-20 09:50:00-04:00,4.25,4.25,4.25,4.25,119,0.0,0.0
2024-08-20 09:55:00-04:00,4.244999885559082,4.249899864196777,4.239999771118164,4.249899864196777,2811,0.0,0.0
2024-08-20 10:00:00-04:00,4.244999885559082,4.244999885559082,4.244999885559082,4.244999885559082,1313,0.0,0.0
2024-08-20 10:05:00-04:00,4.244999885559082,4.244999885559082,4.244999885559082,4.244999885559082,104,0.0,0.0
2024-08-20 10:10:00-04:00,4.244999885559082,4.244999885559082,4.239999771118164,4.239999771118164,1487,0.0,0.0
2024-08-20 10:15:00-04:00,4.240699768066406,4.260000228881836,4.239999771118164,4.25,23217,0.0,0.0
2024-08-20 10:20:00-04:00,4.25,4.259900093078613,4.25,4.259900093078613,975,0.0,0.0
2024-08-20 10:25:00-04:00,4.255000114440918,4.255000114440918,4.25,4.25,984,0.0,0.0
2024-08-20 10:30:00-04:00,4.256700038909912,4.256700038909912,4.255000114440918,4.255000114440918,1506,0.0,0.0
2024-08-20 10:35:00-04:00,4.25,4.275000095367432,4.25,4.269999980926514,8913,0.0,0.0
2024-08-20 10:40:00-04:00,4.260000228881836,4.264999866485596,4.260000228881836,4.260499954223633,3305,0.0,0.0
2024-08-20 10:45:00-04:00,4.264999866485596,4.264999866485596,4.2600998878479,4.2600998878479,1142,0.0,0.0
2024-08-20 10:50:00-04:00,4.264999866485596,4.269999980926514,4.264999866485596,4.269999980926514,873,0.0,0.0
2024-08-20 10:55:00-04:00,4.272600173950195,4.275000095367432,4.272600173950195,4.275000095367432,2980,0.0,0.0
2024-08-20 11:00:00-04:00,4.275000095367432,4.279699802398682,4.275000095367432,4.279699802398682,1686,0.0,0.0
2024-08-20 11:05:00-04:00,4.269999980926514,4.275000095367432,4.269800186157227,4.269800186157227,3516,0.0,0.0
2024-08-20 11:10:00-04:00,4.26230001449585,4.264999866485596,4.26230001449585,4.264999866485596,965,0.0,0.0
2024-08-20 11:15:00-04:00,4.260000228881836,4.269899845123291,4.260000228881836,4.269899845123291,576,0.0,0.0
2024-08-20 11:25:00-04:00,4.264999866485596,4.269800186157227,4.264999866485596,4.269800186157227,1634,0.0,0.0
2024-08-20 11:35:00-04:00,4.26639986038208,4.269899845123291,4.26639986038208,4.269899845123291,1119,0.0,0.0
2024-08-20 11:45:00-04:00,4.265900135040283,4.265900135040283,4.264999866485596,4.264999866485596,376,0.0,0.0
2024-08-20 11:50:00-04:00,4.269999980926514,4.269999980926514,4.264999866485596,4.267899990081787,3741,0.0,0.0
2024-08-20 11:55:00-04:00,4.2600998878479,4.275000095367432,4.2600998878479,4.275000095367432,2626,0.0,0.0
2024-08-20 12:00:00-04:00,4.275000095367432,4.28000020980835,4.275000095367432,4.28000020980835,719,0.0,0.0
2024-08-20 12:05:00-04:00,4.275000095367432,4.275000095367432,4.275000095367432,4.275000095367432,177,0.0,0.0
2024-08-20 12:10:00-04:00,4.275000095367432,4.28000020980835,4.270100116729736,4.275000095367432,11318,0.0,0.0
2024-08-20 12:15:00-04:00,4.275000095367432,4.275000095367432,4.275000095367432,4.275000095367432,133,0.0,0.0
2024-08-20 12:20:00-04:00,4.275000095367432,4.279900074005127,4.275000095367432,4.275000095367432,2792,0.0,0.0
2024-08-20 12:30:00-04:00,4.275000095367432,4.275000095367432,4.275000095367432,4.275000095367432,560,0.0,0.0
2024-08-20 12:35:00-04:00,4.269999980926514,4.275000095367432,4.269999980926514,4.269999980926514,1214,0.0,0.0
2024-08-20 12:45:00-04:00,4.279900074005127,4.279900074005127,4.275000095367432,4.275000095367432,5623,0.0,0.0
2024-08-20 12:50:00-04:00,4.275000095367432,4.275000095367432,4.275000095367432,4.275000095367432,463,0.0,0.0
2024-08-20 12:55:00-04:00,4.275000095367432,4.275000095367432,4.275000095367432,4.275000095367432,1162,0.0,0.0
2024-08-20 13:00:00-04:00,4.275400161743164,4.275400161743164,4.275400161743164,4.275400161743164,521,0.0,0.0
2024-08-20 13:05:00-04:00,4.275599956512451,4.275599956512451,4.275000095367432,4.275000095367432,1152,0.0,0.0
2024-08-20 13:10:00-04:00,4.275000095367432,4.275000095367432,4.275000095367432,4.275000095367432,1035,0.0,0.0
2024-08-20 13:15:00-04:00,4.275000095367432,4.275000095367432,4.275000095367432,4.275000095367432,250,0.0,0.0
2024-08-20 13:25:00-04:00,4.275000095367432,4.275000095367432,4.275000095367432,4.275000095367432,128,0.0,0.0
2024-08-20 13:30:00-04:00,4.279900074005127,4.279900074005127,4.279900074005127,4.279900074005127,200,0.0,0.0
2024-08-20 13:35:00-04:00,4.28000020980835,4.28000020980835,4.269999980926514,4.269999980926514,2223,0.0,0.0
2024-08-20 13:45:00-04:00,4.269999980926514,4.28000020980835,4.269999980926514,4.275000095367432,14301,0.0,0.0
2024-08-20 13:50:00-04:00,4.275000095367432,4.275000095367432,4.275000095367432,4.275000095367432,151,0.0,0.0
2024-08-20 13:55:00-04:00,4.275000095367432,4.275000095367432,4.275000095367432,4.275000095367432,346,0.0,0.0
2024-08-20 14:00:00-04:00,4.279099941253662,4.279099941253662,4.275000095367432,4.275000095367432,4994,0.0,0.0
2024-08-20 14:05:00-04:00,4.275000095367432,4.275000095367432,4.275000095367432,4.275000095367432,1302,0.0,0.0
2024-08-20 14:10:00-04:00,4.275000095367432,4.275000095367432,4.275000095367432,4.275000095367432,600,0.0,0.0
2024-08-20 14:15:00-04:00,4.275000095367432,4.275000095367432,4.275000095367432,4.275000095367432,380,0.0,0.0
2024-08-20 14:20:00-04:00,4.275000095367432,4.275000095367432,4.275000095367432,4.275000095367432,1154,0.0,0.0
2024-08-20 14:25:00-04:00,4.275000095367432,4.275000095367432,4.274600028991699,4.274600028991699,836,0.0,0.0
2024-08-20 14:30:00-04:00,4.275000095367432,4.279900074005127,4.275000095367432,4.275000095367432,2422,0.0,0.0
2024-08-20 14:40:00-04:00,4.275000095367432,4.28000020980835,4.275000095367432,4.275000095367432,700,0.0,0.0
2024-08-20 14:45:00-04:00,4.275000095367432,4.275000095367432,4.269999980926514,4.275000095367432,2044,0.0,0.0
2024-08-20 15:00:00-04:00,4.275000095367432,4.275000095367432,4.275000095367432,4.275000095367432,101,0.0,0.0
2024-08-20 15:05:00-04:00,4.279900074005127,4.279900074005127,4.269999980926514,4.269999980926514,219,0.0,0.0
2024-08-20 15:10:00-04:00,4.275000095367432,4.275000095367432,4.270100116729736,4.270100116729736,2884,0.0,0.0
2024-08-20 15:20:00-04:00,4.28000020980835,4.28000020980835,4.269999980926514,4.275000095367432,4397,0.0,0.0
2024-08-20 15:25:00-04:00,4.275000095367432,4.275000095367432,4.275000095367432,4.275000095367432,2440,0.0,0.0
2024-08-20 15:30:00-04:00,4.275000095367432,4.279900074005127,4.275000095367432,4.275000095367432,2895,0.0,0.0
2024-08-20 15:35:00-04:00,4.275000095367432,4.277500152587891,4.275000095367432,4.277500152587891,758,0.0,0.0
2024-08-20 15:40:00-04:00,4.269999980926514,4.28000020980835,4.269999980926514,4.275000095367432,1373,0.0,0.0
2024-08-20 15:45:00-04:00,4.279900074005127,4.279900074005127,4.279900074005127,4.279900074005127,303,0.0,0.0
2024-08-20 15:50:00-04:00,4.275000095367432,4.28000020980835,4.269999980926514,4.275000095367432,5489,0.0,0.0
2024-08-20 15:55:00-04:00,4.275000095367432,4.275000095367432,4.269999980926514,4.269999980926514,5560,0.0,0.0
2024-08-21 09:30:00-04:00,4.269999980926514,4.28000020980835,4.269999980926514,4.275000095367432,7844,0.0,0.0
2024-08-21 09:35:00-04:00,4.275000095367432,4.275000095367432,4.275000095367432,4.275000095367432,1200,0.0,0.0
2024-08-21 09:40:00-04:00,4.269999980926514,4.275000095367432,4.264999866485596,4.270999908447266,8006,0.0,0.0
2024-08-21 09:50:00-04:00,4.260000228881836,4.275000095367432,4.260000228881836,4.275000095367432,11499,0.0,0.0
2024-08-21 09:55:00-04:00,4.269999980926514,4.275000095367432,4.269999980926514,4.275000095367432,5832,0.0,0.0
2024-08-21 10:00:00-04:00,4.269999980926514,4.269999980926514,4.260000228881836,4.260000228881836,707,0.0,0.0
2024-08-21 10:05:00-04:00,4.2606000900268555,4.269999980926514,4.260000228881836,4.260000228881836,8281,0.0,0.0
2024-08-21 10:10:00-04:00,4.264999866485596,4.269999980926514,4.260000228881836,4.260000228881836,6475,0.0,0.0
2024-08-21 10:15:00-04:00,4.264999866485596,4.275000095367432,4.264999866485596,4.269999980926514,4523,0.0,0.0
2024-08-21 10:20:00-04:00,4.269999980926514,4.277500152587891,4.269999980926514,4.277500152587891,1839,0.0,0.0
2024-08-21 10:25:00-04:00,4.275000095367432,4.28000020980835,4.269999980926514,4.275000095367432,3455,0.0,0.0
2024-08-21 10:30:00-04:00,4.275000095367432,4.275000095367432,4.275000095367432,4.275000095367432,1045,0.0,0.0
2024-08-21 10:35:00-04:00,4.260000228881836,4.269999980926514,4.260000228881836,4.269999980926514,824,0.0,0.0
2024-08-21 10:40:00-04:00,4.269999980926514,4.275000095367432,4.269999980926514,4.275000095367432,3194,0.0,0.0
2024-08-21 10:45:00-04:00,4.275000095367432,4.275000095367432,4.2708001136779785,4.2708001136779785,928,0.0,0.0
2024-08-21 10:50:00-04:00,4.269999980926514,4.275000095367432,4.264999866485596,4.269999980926514,10650,0.0,0.0
2024-08-21 11:00:00-04:00,4.275000095367432,4.275000095367432,4.273799896240234,4.273799896240234,1574,0.0,0.0
2024-08-21 11:05:00-04:00,4.275000095367432,4.275000095367432,4.269999980926514,4.275000095367432,1606,0.0,0.0
2024-08-21 11:10:00-04:00,4.275000095367432,4.284999847412109,4.269999980926514,4.275000095367432,24246,0.0,0.0
2024-08-21 11:15:00-04:00,4.269999980926514,4.28000020980835,4.269999980926514,4.28000020980835,11080,0.0,0.0
2024-08-21 11:20:00-04:00,4.275000095367432,4.275000095367432,4.269999980926514,4.270100116729736,4466,0.0,0.0
2024-08-21 11:25:00-04:00,4.274799823760986,4.275000095367432,4.274799823760986,4.275000095367432,1150,0.0,0.0
2024-08-21 11:35:00-04:00,4.2754998207092285,4.2754998207092285,4.269999980926514,4.269999980926514,2633,0.0,0.0
2024-08-21 11:40:00-04:00,4.269999980926514,4.275300025939941,4.269999980926514,4.269999980926514,8297,0.0,0.0
2024-08-21 11:45:00-04:00,4.275000095367432,4.28000020980835,4.275000095367432,4.276000022888184,4770,0.0,0.0
2024-08-21 11:50:00-04:00,4.275000095367432,4.275000095367432,4.275000095367432,4.275000095367432,2200,0.0,0.0
2024-08-21 11:55:00-04:00,4.275000095367432,4.275000095367432,4.275000095367432,4.275000095367432,2292,0.0,0.0
2024-08-21 12:00:00-04:00,4.275000095367432,4.277500152587891,4.269999980926514,4.270199775695801,5217,0.0,0.0
2024-08-21 12:05:00-04:00,4.275000095367432,4.275000095367432,4.275000095367432,4.275000095367432,476,0.0,0.0
2024-08-21 12:15:00-04:00,4.275000095367432,4.275000095367432,4.275000095367432,4.275000095367432,150,0.0,0.0
2024-08-21 12:20:00-04:00,4.269999980926514,4.269999980926514,4.269999980926514,4.269999980926514,310,0.0,0.0
2024-08-21 12:25:00-04:00,4.275000095367432,4.2789998054504395,4.275000095367432,4.2789998054504395,573,0.0,0.0
2024-08-21 12:30:00-04:00,4.275000095367432,4.275000095367432,4.275000095367432,4.275000095367432,2103,0.0,0.0
2024-08-21 12:35:00-04:00,4.275000095367432,4.28000020980835,4.275000095367432,4.275000095367432,6503,0.0,0.0
2024-08-21 12:40:00-04:00,4.279900074005127,4.279900074005127,4.279900074005127,4.279900074005127,259,0.0,0.0
2024-08-21 12:50:00-04:00,4.275000095367432,4.275000095367432,4.274600028991699,4.274600028991699,1791,0.0,0.0
2024-08-21 13:10:00-04:00,4.28000020980835,4.28000020980835,4.275000095367432,4.275000095367432,1097,0.0,0.0
2024-08-21 13:15:00-04:00,4.279799938201904,4.279799938201904,4.279799938201904,4.279799938201904,2450,0.0,0.0
2024-08-21 13:20:00-04:00,4.28000020980835,4.28000020980835,4.275000095367432,4.275000095367432,1780,0.0,0.0
2024-08-21 13:25:00-04:00,4.279399871826172,4.279600143432617,4.279399871826172,4.279600143432617,2013,0.0,0.0
2024-08-21 13:30:00-04:00,4.28000020980835,4.28000020980835,4.279900074005127,4.279900074005127,407,0.0,0.0
2024-08-21 13:35:00-04:00,4.275000095367432,4.275000095367432,4.275000095367432,4.275000095367432,1582,0.0,0.0
2024-08-21 13:40:00-04:00,4.28000020980835,4.28000020980835,4.275000095367432,4.28000020980835,2201,0.0,0.0
2024-08-21 13:45:00-04:00,4.279900074005127,4.279900074005127,4.279900074005127,4.279900074005127,202,0.0,0.0
2024-08-21 13:50:00-04:00,4.275000095367432,4.28000020980835,4.270100116729736,4.270100116729736,1270,0.0,0.0
2024-08-21 14:00:00-04:00,4.28000020980835,4.28000020980835,4.28000020980835,4.28000020980835,102,0.0,0.0
2024-08-21 14:05:00-04:00,4.28000020980835,4.289999961853027,4.28000020980835,4.289999961853027,9573,0.0,0.0
2024-08-21 14:10:00-04:00,4.289999961853027,4.289999961853027,4.289999961853027,4.289999961853027,103,0.0,0.0
2024-08-21 14:20:00-04:00,4.289999961853027,4.289999961853027,4.289999961853027,4.289999961853027,3800,0.0,0.0
2024-08-21 14:25:00-04:00,4.299799919128418,4.299799919128418,4.295000076293945,4.295000076293945,2301,0.0,0.0
2024-08-21 14:30:00-04:00,4.300000190734863,4.300000190734863,4.297699928283691,4.299900054931641,6844,0.0,0.0
2024-08-21 14:35:00-04:00,4.309899806976318,4.309899806976318,4.304999828338623,4.304999828338623,832,0.0,0.0
2024-08-21 14:40:00-04:00,4.309999942779541,4.309999942779541,4.300000190734863,4.300000190734863,200,0.0,0.0
2024-08-21 14:45:00-04:00,4.309999942779541,4.309999942779541,4.304999828338623,4.309999942779541,5248,0.0,0.0
2024-08-21 14:50:00-04:00,4.309999942779541,4.309999942779541,4.304999828338623,4.304999828338623,1100,0.0,0.0
2024-08-21 14:55:00-04:00,4.309999942779541,4.320000171661377,4.300000190734863,4.300000190734863,13812,0.0,0.0
2024-08-21 15:05:00-04:00,4.304200172424316,4.304999828338623,4.300000190734863,4.304999828338623,1568,0.0,0.0
2024-08-21 15:10:00-04:00,4.305300235748291,4.305300235748291,4.305300235748291,4.305300235748291,295,0.0,0.0
2024-08-21 15:15:00-04:00,4.304500102996826,4.304500102996826,4.304500102996826,4.304500102996826,1900,0.0,0.0
2024-08-21 15:20:00-04:00,4.304999828338623,4.304999828338623,4.304999828338623,4.304999828338623,519,0.0,0.0
2024-08-21 15:30:00-04:00,4.304999828338623,4.304999828338623,4.304999828338623,4.304999828338623,383,0.0,0.0
2024-08-21 15:40:00-04:00,4.304999828338623,4.304999828338623,4.300000190734863,4.300000190734863,3425,0.0,0.0
2024-08-21 15:45:00-04:00,4.304999828338623,4.304999828338623,4.304999828338623,4.304999828338623,474,0.0,0.0
2024-08-21 15:50:00-04:00,4.301499843597412,4.309999942779541,4.300000190734863,4.303699970245361,3661,0.0,0.0
2024-08-21 15:55:00-04:00,4.309999942779541,4.309999942779541,4.309999942779541,4.309999942779541,0,0.0,0.0
2024-08-22 09:30:00-04:00,4.309999942779541,4.309999942779541,4.304999828338623,4.304999828338623,6202,0.0,0.0
2024-08-22 09:35:00-04:00,4.309999942779541,4.315000057220459,4.304999828338623,4.309999942779541,3432,0.0,0.0
2024-08-22 09:40:00-04:00,4.309999942779541,4.320000171661377,4.309999942779541,4.320000171661377,325,0.0,0.0
2024-08-22 09:45:00-04:00,4.309999942779541,4.309999942779541,4.295000076293945,4.296000003814697,1894,0.0,0.0
2024-08-22 09:50:00-04:00,4.295000076293945,4.300000190734863,4.295000076293945,4.295000076293945,7351,0.0,0.0
2024-08-22 09:55:00-04:00,4.295000076293945,4.300000190734863,4.269999980926514,4.289999961853027,6946,0.0,0.0
2024-08-22 10:00:00-04:00,4.288000106811523,4.295000076293945,4.288000106811523,4.295000076293945,3575,0.0,0.0
2024-08-22 10:05:00-04:00,4.299900054931641,4.299900054931641,4.284999847412109,4.284999847412109,3566,0.0,0.0
2024-08-22 10:10:00-04:00,4.281099796295166,4.289899826049805,4.28000020980835,4.289899826049805,4861,0.0,0.0
2024-08-22 10:20:00-04:00,4.295000076293945,4.299900054931641,4.295000076293945,4.295000076293945,4017,0.0,0.0
2024-08-22 10:25:00-04:00,4.289999961853027,4.295000076293945,4.289999961853027,4.295000076293945,273,0.0,0.0
2024-08-22 10:30:00-04:00,4.289999961853027,4.289999961853027,4.289999961853027,4.289999961853027,138,0.0,0.0
2024-08-22 10:35:00-04:00,4.295000076293945,4.295000076293945,4.295000076293945,4.295000076293945,1035,0.0,0.0
2024-08-22 10:40:00-04:00,4.295000076293945,4.299900054931641,4.289999961853027,4.291200160980225,3485,0.0,0.0
2024-08-22 10:45:00-04:00,4.295000076293945,4.299900054931641,4.295000076293945,4.295000076293945,2108,0.0,0.0
2024-08-22 10:50:00-04:00,4.295000076293945,4.295000076293945,4.295000076293945,4.295000076293945,301,0.0,0.0
2024-08-22 10:55:00-04:00,4.295000076293945,4.295100212097168,4.295000076293945,4.295100212097168,4284,0.0,0.0
2024-08-22 11:00:00-04:00,4.300000190734863,4.320000171661377,4.300000190734863,4.310999870300293,25300,0.0,0.0
2024-08-22 11:05:00-04:00,4.310100078582764,4.315000057220459,4.304999828338623,4.304999828338623,3862,0.0,0.0
2024-08-22 11:10:00-04:00,4.304999828338623,4.305699825286865,4.304999828338623,4.304999828338623,984,0.0,0.0
2024-08-22 11:15:00-04:00,4.300000190734863,4.300000190734863,4.300000190734863,4.300000190734863,1252,0.0,0.0
2024-08-22 11:20:00-04:00,4.304999828338623,4.304999828338623,4.295000076293945,4.295000076293945,2152,0.0,0.0
2024-08-22 11:25:00-04:00,4.2906999588012695,4.295000076293945,4.2906999588012695,4.291200160980225,2737,0.0,0.0
2024-08-22 11:30:00-04:00,4.299900054931641,4.299900054931641,4.299900054931641,4.299900054931641,349,0.0,0.0
2024-08-22 11:35:00-04:00,4.295000076293945,4.304999828338623,4.295000076293945,4.304999828338623,3112,0.0,0.0
2024-08-22 11:40:00-04:00,4.304999828338623,4.304999828338623,4.304999828338623,4.304999828338623,660,0.0,0.0
2024-08-22 11:45:00-04:00,4.304999828338623,4.309700012207031,4.300000190734863,4.304999828338623,6028,0.0,0.0
2024-08-22 11:50:00-04:00,4.300000190734863,4.315000057220459,4.300000190734863,4.304999828338623,13221,0.0,0.0
2024-08-22 11:55:00-04:00,4.304999828338623,4.304999828338623,4.304999828338623,4.304999828338623,2392,0.0,0.0
2024-08-22 12:00:00-04:00,4.309999942779541,4.309999942779541,4.309899806976318,4.309899806976318,2535,0.0,0.0
2024-08-22 12:10:00-04:00,4.30079984664917,4.304999828338623,4.30079984664917,4.304999828338623,2521,0.0,0.0
2024-08-22 12:15:00-04:00,4.309999942779541,4.309999942779541,4.308499813079834,4.308499813079834,2192,0.0,0.0
2024-08-22 12:20:00-04:00,4.309999942779541,4.320000171661377,4.309999942779541,4.320000171661377,919,0.0,0.0
2024-08-22 12:25:00-04:00,4.320000171661377,4.320000171661377,4.320000171661377,4.320000171661377,114,0.0,0.0
2024-08-22 12:35:00-04:00,4.311299800872803,4.311299800872803,4.311299800872803,4.311299800872803,283,0.0,0.0
2024-08-22 12:40:00-04:00,4.318299770355225,4.318299770355225,4.318299770355225,4.318299770355225,2300,0.0,0.0
2024-08-22 12:45:00-04:00,4.320000171661377,4.320000171661377,4.320000171661377,4.320000171661377,119,0.0,0.0
2024-08-22 12:50:00-04:00,4.309999942779541,4.320000171661377,4.309999942779541,4.315000057220459,2389,0.0,0.0
2024-08-22 12:55:00-04:00,4.315000057220459,4.320000171661377,4.311299800872803,4.311299800872803,3948,0.0,0.0
2024-08-22 13:00:00-04:00,4.312900066375732,4.312900066375732,4.312900066375732,4.312900066375732,424,0.0,0.0
2024-08-22 13:15:00-04:00,4.320000171661377,4.320000171661377,4.311299800872803,4.319300174713135,2462,0.0,0.0
2024-08-22 13:20:00-04:00,4.320000171661377,4.329999923706055,4.320000171661377,4.324999809265137,6472,0.0,0.0
2024-08-22 13:30:00-04:00,4.320000171661377,4.324999809265137,4.320000171661377,4.320000171661377,5908,0.0,0.0
2024-08-22 13:35:00-04:00,4.324999809265137,4.324999809265137,4.320000171661377,4.320000171661377,2700,0.0,0.0
2024-08-22 13:40:00-04:00,4.320700168609619,4.329999923706055,4.320000171661377,4.329999923706055,2594,0.0,0.0
2024-08-22 13:45:00-04:00,4.324999809265137,4.329999923706055,4.324999809265137,4.329899787902832,2518,0.0,0.0
2024-08-22 13:50:00-04:00,4.321100234985352,4.324999809265137,4.320000171661377,4.320000171661377,5399,0.0,0.0
2024-08-22 13:55:00-04:00,4.324999809265137,4.324999809265137,4.300000190734863,4.304999828338623,17042,0.0,0.0
2024-08-22 14:00:00-04:00,4.300000190734863,4.300000190734863,4.300000190734863,4.300000190734863,237,0.0,0.0
2024-08-22 14:05:00-04:00,4.303699970245361,4.303699970245361,4.303699970245361,4.303699970245361,1200,0.0,0.0
2024-08-22 14:10:00-04:00,4.309999942779541,4.329899787902832,4.309999942779541,4.329899787902832,11933,0.0,0.0
2024-08-22 14:20:00-04:00,4.329999923706055,4.329999923706055,4.3256001472473145,4.3256001472473145,1998,0.0,0.0
2024-08-22 14:25:00-04:00,4.329999923706055,4.329999923706055,4.32390022277832,4.329999923706055,926,0.0,0.0
2024-08-22 14:30:00-04:00,4.329999923706055,4.329999923706055,4.320000171661377,4.329999923706055,2001,0.0,0.0
2024-08-22 14:35:00-04:00,4.329999923706055,4.329999923706055,4.324999809265137,4.329899787902832,3444,0.0,0.0
2024-08-22 14:40:00-04:00,4.324999809265137,4.324999809265137,4.324999809265137,4.324999809265137,1184,0.0,0.0
2024-08-22 14:45:00-04:00,4.324999809265137,4.324999809265137,4.320000171661377,4.324999809265137,670,0.0,0.0
2024-08-22 14:50:00-04:00,4.324999809265137,4.328800201416016,4.320000171661377,4.324999809265137,4509,0.0,0.0
2024-08-22 14:55:00-04:00,4.324999809265137,4.324999809265137,4.324999809265137,4.324999809265137,521,0.0,0.0
2024-08-22 15:00:00-04:00,4.324999809265137,4.324999809265137,4.324999809265137,4.324999809265137,200,0.0,0.0
2024-08-22 15:05:00-04:00,4.324999809265137,4.324999809265137,4.309999942779541,4.324999809265137,28260,0.0,0.0
2024-08-22 15:10:00-04:00,4.329899787902832,4.329999923706055,4.3225998878479,4.329999923706055,5827,0.0,0.0
2024-08-22 15:15:00-04:00,4.329999923706055,4.335000038146973,4.329999923706055,4.335000038146973,12345,0.0,0.0
2024-08-22 15:20:00-04:00,4.335000038146973,4.335000038146973,4.333399772644043,4.333399772644043,1403,0.0,0.0
2024-08-22 15:25:00-04:00,4.337500095367432,4.340000152587891,4.335000038146973,4.340000152587891,637,0.0,0.0
2024-08-22 15:30:00-04:00,4.337500095367432,4.337500095367432,4.324999809265137,4.329899787902832,3716,0.0,0.0
2024-08-22 15:35:00-04:00,4.320000171661377,4.324999809265137,4.320000171661377,4.321300029754639,1009,0.0,0.0
2024-08-22 15:40:00-04:00,4.324999809265137,4.329999923706055,4.32450008392334,4.329999923706055,1592,0.0,0.0
2024-08-22 15:45:00-04:00,4.324999809265137,4.340000152587891,4.321300029754639,4.340000152587891,6385,0.0,0.0
2024-08-22 15:50:00-04:00,4.335000038146973,4.340000152587891,4.329999923706055,4.329999923706055,9948,0.0,0.0
2024-08-22 15:55:00-04:00,4.329999923706055,4.340000152587891,4.327700138092041,4.340000152587891,10675,0.0,0.0
2024-08-23 09:30:00-04:00,4.300000190734863,4.320000171661377,4.275000095367432,4.320000171661377,11624,0.0,0.0
2024-08-23 09:35:00-04:00,4.315000057220459,4.320000171661377,4.309999942779541,4.314499855041504,21360,0.0,0.0
2024-08-23 09:40:00-04:00,4.315000057220459,4.324999809265137,4.310299873352051,4.320300102233887,7890,0.0,0.0
2024-08-23 09:45:00-04:00,4.320000171661377,4.320000171661377,4.320000171661377,4.320000171661377,3295,0.0,0.0
2024-08-23 09:50:00-04:00,4.321199893951416,4.369900226593018,4.320000171661377,4.324999809265137,13701,0.0,0.0
2024-08-23 09:55:00-04:00,4.324999809265137,4.340000152587891,4.324999809265137,4.340000152587891,10029,0.0,0.0
2024-08-23 10:00:00-04:00,4.335000038146973,4.349999904632568,4.335000038146973,4.349999904632568,16176,0.0,0.0
2024-08-23 10:05:00-04:00,4.340000152587891,4.355000019073486,4.340000152587891,4.3520002365112305,6197,0.0,0.0
2024-08-23 10:10:00-04:00,4.360000133514404,4.380000114440918,4.360000133514404,4.375999927520752,2507,0.0,0.0
2024-08-23 10:15:00-04:00,4.379899978637695,4.389999866485596,4.369999885559082,4.369999885559082,9937,0.0,0.0
2024-08-23 10:20:00-04:00,4.360000133514404,4.360000133514404,4.354800224304199,4.360000133514404,3717,0.0,0.0
2024-08-23 10:25:00-04:00,4.369999885559082,4.380000114440918,4.369999885559082,4.375,1448,0.0,0.0
2024-08-23 10:30:00-04:00,4.370699882507324,4.380000114440918,4.364999771118164,4.364999771118164,3730,0.0,0.0
2024-08-23 10:35:00-04:00,4.364999771118164,4.364999771118164,4.364999771118164,4.364999771118164,4529,0.0,0.0
2024-08-23 10:40:00-04:00,4.369999885559082,4.369999885559082,4.369999885559082,4.369999885559082,1079,0.0,0.0
2024-08-23 10:45:00-04:00,4.375,4.375,4.369999885559082,4.369999885559082,1171,0.0,0.0
2024-08-23 10:50:00-04:00,4.369200229644775,4.369200229644775,4.349999904632568,4.360000133514404,12251,0.0,0.0
2024-08-23 10:55:00-04:00,4.369900226593018,4.389100074768066,4.369900226593018,4.383699893951416,10335,0.0,0.0
2024-08-23 11:00:00-04:00,4.380000114440918,4.38100004196167,4.370800018310547,4.375,6416,0.0,0.0
2024-08-23 11:05:00-04:00,4.379899978637695,4.389999866485596,4.379899978637695,4.38070011138916,7822,0.0,0.0
2024-08-23 11:10:00-04:00,4.380000114440918,4.38100004196167,4.369999885559082,4.38100004196167,4031,0.0,0.0
2024-08-23 11:15:00-04:00,4.385000228881836,4.385000228881836,4.381400108337402,4.385000228881836,13421,0.0,0.0
2024-08-23 11:20:00-04:00,4.385000228881836,4.389999866485596,4.380000114440918,4.380099773406982,13492,0.0,0.0
2024-08-23 11:25:00-04:00,4.380199909210205,4.380199909210205,4.380199909210205,4.380199909210205,266,0.0,0.0
2024-08-23 11:30:00-04:00,4.384200096130371,4.384200096130371,4.384200096130371,4.384200096130371,222,0.0,0.0
2024-08-23 11:35:00-04:00,4.388800144195557,4.388800144195557,4.380000114440918,4.380000114440918,326,0.0,0.0
2024-08-23 11:40:00-04:00,4.380000114440918,4.385000228881836,4.380000114440918,4.383200168609619,3946,0.0,0.0
2024-08-23 11:45:00-04:00,4.380000114440918,4.380000114440918,4.369999885559082,4.380000114440918,2875,0.0,0.0
2024-08-23 11:50:00-04:00,4.369999885559082,4.369999885559082,4.360799789428711,4.360799789428711,3208,0.0,0.0
2024-08-23 11:55:00-04:00,4.360000133514404,4.3668999671936035,4.360000133514404,4.364999771118164,3730,0.0,0.0
2024-08-23 12:00:00-04:00,4.360000133514404,4.360000133514404,4.355000019073486,4.355000019073486,1287,0.0,0.0
2024-08-23 12:05:00-04:00,4.355000019073486,4.355000019073486,4.355000019073486,4.355000019073486,116,0.0,0.0
2024-08-23 12:10:00-04:00,4.360000133514404,4.360000133514404,4.360000133514404,4.360000133514404,850,0.0,0.0
2024-08-23 12:15:00-04:00,4.363999843597412,4.364999771118164,4.360199928283691,4.360199928283691,1788,0.0,0.0
2024-08-23 12:25:00-04:00,4.360000133514404,4.364999771118164,4.35890007019043,4.35890007019043,2596,0.0,0.0
2024-08-23 12:30:00-04:00,4.355000019073486,4.355000019073486,4.349999904632568,4.354000091552734,2462,0.0,0.0
2024-08-23 12:35:00-04:00,4.360000133514404,4.364999771118164,4.360000133514404,4.360000133514404,2393,0.0,0.0
2024-08-23 12:40:00-04:00,4.360000133514404,4.364999771118164,4.360000133514404,4.360000133514404,1934,0.0,0.0
2024-08-23 12:45:00-04:00,4.355000019073486,4.355000019073486,4.340000152587891,4.340000152587891,5043,0.0,0.0
2024-08-23 12:50:00-04:00,4.349999904632568,4.359399795532227,4.349999904632568,4.359399795532227,1981,0.0,0.0
2024-08-23 12:55:00-04:00,4.355000019073486,4.360000133514404,4.355000019073486,4.360000133514404,1165,0.0,0.0
2024-08-23 13:00:00-04:00,4.367099761962891,4.367099761962891,4.360300064086914,4.360300064086914,4014,0.0,0.0
2024-08-23 13:05:00-04:00,4.369900226593018,4.369900226593018,4.369900226593018,4.369900226593018,1925,0.0,0.0
2024-08-23 13:10:00-04:00,4.360099792480469,4.369900226593018,4.360099792480469,4.369900226593018,1253,0.0,0.0
2024-08-23 13:15:00-04:00,4.364999771118164,4.364999771118164,4.364999771118164,4.364999771118164,333,0.0,0.0
2024-08-23 13:20:00-04:00,4.364999771118164,4.364999771118164,4.364999771118164,4.364999771118164,500,0.0,0.0
2024-08-23 13:25:00-04:00,4.367499828338623,4.367499828338623,4.367499828338623,4.367499828338623,285,0.0,0.0
2024-08-23 13:30:00-04:00,4.361199855804443,4.364999771118164,4.360099792480469,4.360099792480469,1110,0.0,0.0
2024-08-23 13:35:00-04:00,4.361299991607666,4.361299991607666,4.361299991607666,4.361299991607666,167,0.0,0.0
2024-08-23 13:40:00-04:00,4.360000133514404,4.367499828338623,4.360000133514404,4.364999771118164,569,0.0,0.0
2024-08-23 13:45:00-04:00,4.364999771118164,4.364999771118164,4.364999771118164,4.364999771118164,2416,0.0,0.0
2024-08-23 13:50:00-04:00,4.3643999099731445,4.364999771118164,4.360000133514404,4.364999771118164,6554,0.0,0.0
2024-08-23 13:55:00-04:00,4.364999771118164,4.367400169372559,4.364799976348877,4.364999771118164,6771,0.0,0.0
2024-08-23 14:00:00-04:00,4.365499973297119,4.365499973297119,4.365499973297119,4.365499973297119,1034,0.0,0.0
2024-08-23 14:05:00-04:00,4.369999885559082,4.369999885559082,4.365600109100342,4.367700099945068,2793,0.0,0.0
2024-08-23 14:10:00-04:00,4.360000133514404,4.364999771118164,4.360000133514404,4.364999771118164,480,0.0,0.0
2024-08-23 14:20:00-04:00,4.369999885559082,4.369999885559082,4.360799789428711,4.369999885559082,4193,0.0,0.0
2024-08-23 14:25:00-04:00,4.364999771118164,4.364999771118164,4.360099792480469,4.360099792480469,1414,0.0,0.0
2024-08-23 14:30:00-04:00,4.369999885559082,4.369999885559082,4.364999771118164,4.364999771118164,1396,0.0,0.0
2024-08-23 14:35:00-04:00,4.363999843597412,4.364999771118164,4.363999843597412,4.364999771118164,2973,0.0,0.0
2024-08-23 14:40:00-04:00,4.369999885559082,4.369999885559082,4.364999771118164,4.364999771118164,419,0.0,0.0
2024-08-23 14:45:00-04:00,4.364999771118164,4.364999771118164,4.364999771118164,4.364999771118164,1871,0.0,0.0
2024-08-23 14:50:00-04:00,4.360000133514404,4.369999885559082,4.360000133514404,4.369999885559082,5573,0.0,0.0
2024-08-23 14:55:00-04:00,4.364999771118164,4.364999771118164,4.364999771118164,4.364999771118164,205,0.0,0.0
2024-08-23 15:00:00-04:00,4.364999771118164,4.364999771118164,4.360000133514404,4.364999771118164,4861,0.0,0.0
2024-08-23 15:05:00-04:00,4.36899995803833,4.369999885559082,4.360000133514404,4.360000133514404,1629,0.0,0.0
2024-08-23 15:10:00-04:00,4.369999885559082,4.369999885559082,4.369999885559082,4.369999885559082,103,0.0,0.0
2024-08-23 15:20:00-04:00,4.369999885559082,4.369999885559082,4.360799789428711,4.364999771118164,4401,0.0,0.0
2024-08-23 15:25:00-04:00,4.361299991607666,4.361299991607666,4.361199855804443,4.361199855804443,441,0.0,0.0
2024-08-23 15:30:00-04:00,4.36329984664917,4.364999771118164,4.349999904632568,4.355000019073486,30776,0.0,0.0
2024-08-23 15:35:00-04:00,4.350100040435791,4.360000133514404,4.350100040435791,4.355000019073486,8205,0.0,0.0
2024-08-23 15:40:00-04:00,4.350100040435791,4.360000133514404,4.350100040435791,4.360000133514404,3405,0.0,0.0
2024-08-23 15:45:00-04:00,4.356100082397461,4.356100082397461,4.355000019073486,4.355000019073486,414,0.0,0.0
2024-08-23 15:50:00-04:00,4.357900142669678,4.360000133514404,4.355000019073486,4.360000133514404,1139,0.0,0.0
2024-08-23 15:55:00-04:00,4.35890007019043,4.360000133514404,4.350100040435791,4.360000133514404,5224,0.0,0.0
2024-08-26 09:30:00-04:00,4.360000133514404,4.369999885559082,4.360000133514404,4.369999885559082,15351,0.0,0.0
2024-08-26 09:35:00-04:00,4.369999885559082,4.375,4.364999771118164,4.375,16140,0.0,0.0
2024-08-26 09:40:00-04:00,4.375,4.379899978637695,4.369999885559082,4.379899978637695,5648,0.0,0.0
2024-08-26 09:45:00-04:00,4.370100021362305,4.380000114440918,4.370100021362305,4.371300220489502,661,0.0,0.0
2024-08-26 09:50:00-04:00,4.380000114440918,4.380000114440918,4.369999885559082,4.375,9259,0.0,0.0
2024-08-26 09:55:00-04:00,4.375,4.375,4.375,4.375,1208,0.0,0.0
2024-08-26 10:00:00-04:00,4.375,4.375,4.369999885559082,4.369999885559082,15050,0.0,0.0
2024-08-26 10:05:00-04:00,4.375,4.375,4.375,4.375,715,0.0,0.0
2024-08-26 10:10:00-04:00,4.379899978637695,4.379899978637695,4.375,4.375,6700,0.0,0.0
2024-08-26 10:15:00-04:00,4.369999885559082,4.375,4.369999885559082,4.369999885559082,500,0.0,0.0
2024-08-26 10:20:00-04:00,4.380000114440918,4.380000114440918,4.369999885559082,4.380000114440918,715,0.0,0.0
2024-08-26 10:30:00-04:00,4.378799915313721,4.380000114440918,4.374800205230713,4.380000114440918,3152,0.0,0.0
2024-08-26 10:35:00-04:00,4.375,4.375,4.375,4.375,988,0.0,0.0
2024-08-26 10:40:00-04:00,4.375100135803223,4.375100135803223,4.375100135803223,4.375100135803223,125,0.0,0.0
2024-08-26 10:45:00-04:00,4.377200126647949,4.377200126647949,4.377200126647949,4.377200126647949,622,0.0,0.0
2024-08-26 10:50:00-04:00,4.380000114440918,4.380000114440918,4.380000114440918,4.380000114440918,125,0.0,0.0
2024-08-26 10:55:00-04:00,4.369999885559082,4.375,4.369999885559082,4.369999885559082,5299,0.0,0.0
2024-08-26 11:00:00-04:00,4.364999771118164,4.369999885559082,4.364999771118164,4.369999885559082,1700,0.0,0.0
2024-08-26 11:05:00-04:00,4.364999771118164,4.369999885559082,4.362400054931641,4.36299991607666,4939,0.0,0.0
2024-08-26 11:10:00-04:00,4.369999885559082,4.369999885559082,4.369999885559082,4.369999885559082,476,0.0,0.0
2024-08-26 11:15:00-04:00,4.364999771118164,4.369999885559082,4.364999771118164,4.369999885559082,623,0.0,0.0
2024-08-26 11:20:00-04:00,4.369999885559082,4.369999885559082,4.364999771118164,4.364999771118164,973,0.0,0.0
2024-08-26 11:25:00-04:00,4.361299991607666,4.361299991607666,4.361299991607666,4.361299991607666,200,0.0,0.0
2024-08-26 11:30:00-04:00,4.360099792480469,4.369999885559082,4.360099792480469,4.369999885559082,385,0.0,0.0
2024-08-26 11:35:00-04:00,4.369699954986572,4.375,4.364999771118164,4.375,5145,0.0,0.0
2024-08-26 11:40:00-04:00,4.371200084686279,4.371200084686279,4.371200084686279,4.371200084686279,180,0.0,0.0
2024-08-26 11:45:00-04:00,4.375,4.379899978637695,4.37470006942749,4.379899978637695,700,0.0,0.0
2024-08-26 11:50:00-04:00,4.369999885559082,4.370100021362305,4.369999885559082,4.369999885559082,1417,0.0,0.0
2024-08-26 11:55:00-04:00,4.369999885559082,4.369999885559082,4.369999885559082,4.369999885559082,203,0.0,0.0
2024-08-26 12:00:00-04:00,4.372000217437744,4.375,4.369999885559082,4.369999885559082,2351,0.0,0.0
2024-08-26 12:05:00-04:00,4.364999771118164,4.369999885559082,4.349999904632568,4.364999771118164,27521,0.0,0.0
2024-08-26 12:10:00-04:00,4.360000133514404,4.360000133514404,4.349999904632568,4.360000133514404,6872,0.0,0.0
2024-08-26 12:20:00-04:00,4.355000019073486,4.360000133514404,4.355000019073486,4.360000133514404,1034,0.0,0.0
2024-08-26 12:25:00-04:00,4.355000019073486,4.355000019073486,4.355000019073486,4.355000019073486,788,0.0,0.0
2024-08-26 12:30:00-04:00,4.359899997711182,4.359899997711182,4.3572998046875,4.3572998046875,3031,0.0,0.0
2024-08-26 12:35:00-04:00,4.353700160980225,4.360000133514404,4.353700160980225,4.360000133514404,3560,0.0,0.0
2024-08-26 12:40:00-04:00,4.355000019073486,4.360000133514404,4.355000019073486,4.360000133514404,1627,0.0,0.0
2024-08-26 12:45:00-04:00,4.360000133514404,4.360000133514404,4.360000133514404,4.360000133514404,252,0.0,0.0
2024-08-26 12:50:00-04:00,4.360000133514404,4.369999885559082,4.360000133514404,4.369999885559082,1371,0.0,0.0
2024-08-26 12:55:00-04:00,4.364999771118164,4.364999771118164,4.361000061035156,4.364999771118164,1202,0.0,0.0
2024-08-26 13:00:00-04:00,4.369999885559082,4.369999885559082,4.364999771118164,4.364999771118164,772,0.0,0.0
2024-08-26 13:05:00-04:00,4.360000133514404,4.369999885559082,4.360000133514404,4.364999771118164,923,0.0,0.0
2024-08-26 13:10:00-04:00,4.364999771118164,4.369999885559082,4.364999771118164,4.369999885559082,485,0.0,0.0
2024-08-26 13:15:00-04:00,4.364999771118164,4.369999885559082,4.360000133514404,4.369999885559082,916,0.0,0.0
2024-08-26 13:20:00-04:00,4.364999771118164,4.369999885559082,4.364999771118164,4.369999885559082,1616,0.0,0.0
2024-08-26 13:25:00-04:00,4.369999885559082,4.369999885559082,4.3628997802734375,4.369999885559082,2171,0.0,0.0
2024-08-26 13:30:00-04:00,4.369999885559082,4.369999885559082,4.360099792480469,4.364999771118164,7653,0.0,0.0
2024-08-26 13:35:00-04:00,4.369999885559082,4.369999885559082,4.360000133514404,4.364999771118164,11409,0.0,0.0
2024-08-26 13:40:00-04:00,4.364999771118164,4.369999885559082,4.364999771118164,4.369999885559082,8391,0.0,0.0
2024-08-26 13:45:00-04:00,4.364999771118164,4.369999885559082,4.364999771118164,4.369999885559082,10346,0.0,0.0
2024-08-26 13:50:00-04:00,4.369999885559082,4.369999885559082,4.364999771118164,4.364999771118164,1125,0.0,0.0
2024-08-26 13:55:00-04:00,4.364999771118164,4.364999771118164,4.349999904632568,4.355000019073486,14012,0.0,0.0
2024-08-26 14:00:00-04:00,4.360000133514404,4.360000133514404,4.360000133514404,4.360000133514404,100,0.0,0.0
2024-08-26 14:05:00-04:00,4.359000205993652,4.364999771118164,4.34499979019165,4.355000019073486,45375,0.0,0.0
2024-08-26 14:10:00-04:00,4.355000019073486,4.360000133514404,4.355000019073486,4.355000019073486,2882,0.0,0.0
2024-08-26 14:15:00-04:00,4.360000133514404,4.369999885559082,4.360000133514404,4.369999885559082,1713,0.0,0.0
2024-08-26 14:20:00-04:00,4.364999771118164,4.369999885559082,4.364999771118164,4.369999885559082,4256,0.0,0.0
2024-08-26 14:25:00-04:00,4.369200229644775,4.369200229644775,4.369200229644775,4.369200229644775,2290,0.0,0.0
2024-08-26 14:30:00-04:00,4.369999885559082,4.369999885559082,4.360099792480469,4.369999885559082,5833,0.0,0.0
2024-08-26 14:35:00-04:00,4.369999885559082,4.369999885559082,4.364999771118164,4.364999771118164,1350,0.0,0.0
2024-08-26 14:40:00-04:00,4.364999771118164,4.369999885559082,4.364999771118164,4.369999885559082,1546,0.0,0.0
2024-08-26 14:45:00-04:00,4.366000175476074,4.369999885559082,4.360000133514404,4.366000175476074,1590,0.0,0.0
2024-08-26 14:50:00-04:00,4.364999771118164,4.364999771118164,4.355000019073486,4.360000133514404,5915,0.0,0.0
2024-08-26 15:00:00-04:00,4.355000019073486,4.369999885559082,4.355000019073486,4.364999771118164,6950,0.0,0.0
2024-08-26 15:05:00-04:00,4.364999771118164,4.364999771118164,4.360000133514404,4.364999771118164,2400,0.0,0.0
2024-08-26 15:10:00-04:00,4.364999771118164,4.369900226593018,4.364999771118164,4.369900226593018,365,0.0,0.0
2024-08-26 15:15:00-04:00,4.369900226593018,4.369999885559082,4.360099792480469,4.360099792480469,3050,0.0,0.0
2024-08-26 15:20:00-04:00,4.367499828338623,4.36899995803833,4.364999771118164,4.36899995803833,1119,0.0,0.0
2024-08-26 15:25:00-04:00,4.360799789428711,4.369999885559082,4.360799789428711,4.369999885559082,3963,0.0,0.0
2024-08-26 15:30:00-04:00,4.364999771118164,4.369999885559082,4.362599849700928,4.369999885559082,6883,0.0,0.0
2024-08-26 15:35:00-04:00,4.364999771118164,4.369999885559082,4.364999771118164,4.364999771118164,3357,0.0,0.0
2024-08-26 15:40:00-04:00,4.369999885559082,4.369999885559082,4.364999771118164,4.369999885559082,3886,0.0,0.0
2024-08-26 15:45:00-04:00,4.364999771118164,4.369999885559082,4.364999771118164,4.369999885559082,6364,0.0,0.0
2024-08-26 15:50:00-04:00,4.361700057983398,4.369999885559082,4.361700057983398,4.364999771118164,3666,0.0,0.0
2024-08-26 15:55:00-04:00,4.360000133514404,4.369999885559082,4.355000019073486,4.369999885559082,4095,0.0,0.0
2024-08-27 09:30:00-04:00,4.329999923706055,4.349999904632568,4.329999923706055,4.329999923706055,7691,0.0,0.0
2024-08-27 09:35:00-04:00,4.329999923706055,4.329999923706055,4.329999923706055,4.329999923706055,101,0.0,0.0
2024-08-27 09:40:00-04:00,4.324999809265137,4.340000152587891,4.320000171661377,4.329800128936768,20623,0.0,0.0
2024-08-27 09:45:00-04:00,4.329999923706055,4.329999923706055,4.320000171661377,4.320000171661377,1260,0.0,0.0
2024-08-27 09:55:00-04:00,4.329999923706055,4.329999923706055,4.320000171661377,4.329999923706055,12947,0.0,0.0
2024-08-27 10:00:00-04:00,4.329999923706055,4.329999923706055,4.329899787902832,4.329899787902832,0,0.0,0.0
2024-08-27 10:05:00-04:00,4.320099830627441,4.335000038146973,4.320099830627441,4.329999923706055,55202,0.0,0.0
2024-08-27 10:10:00-04:00,4.335000038146973,4.340000152587891,4.335000038146973,4.340000152587891,652,0.0,0.0
2024-08-27 10:15:00-04:00,4.335000038146973,4.335000038146973,4.324999809265137,4.3292999267578125,4655,0.0,0.0
2024-08-27 10:20:00-04:00,4.329899787902832,4.340000152587891,4.329899787902832,4.335000038146973,10470,0.0,0.0
2024-08-27 10:25:00-04:00,4.335000038146973,4.335000038146973,4.320099830627441,4.329999923706055,17414,0.0,0.0
2024-08-27 10:35:00-04:00,4.335000038146973,4.335000038146973,4.324999809265137,4.335000038146973,10186,0.0,0.0
2024-08-27 10:40:00-04:00,4.333000183105469,4.340000152587891,4.329999923706055,4.329999923706055,3748,0.0,0.0
2024-08-27 10:45:00-04:00,4.335000038146973,4.335000038146973,4.335000038146973,4.335000038146973,246,0.0,0.0
2024-08-27 10:50:00-04:00,4.335000038146973,4.335000038146973,4.335000038146973,4.335000038146973,334,0.0,0.0
2024-08-27 10:55:00-04:00,4.335000038146973,4.335000038146973,4.329999923706055,4.329999923706055,7371,0.0,0.0
2024-08-27 11:00:00-04:00,4.335000038146973,4.340000152587891,4.329999923706055,4.329999923706055,12021,0.0,0.0
2024-08-27 11:05:00-04:00,4.329999923706055,4.329999923706055,4.324999809265137,4.324999809265137,4350,0.0,0.0
2024-08-27 11:10:00-04:00,4.329999923706055,4.329999923706055,4.329999923706055,4.329999923706055,141,0.0,0.0
2024-08-27 11:15:00-04:00,4.335000038146973,4.335000038146973,4.320000171661377,4.324999809265137,820,0.0,0.0
2024-08-27 11:20:00-04:00,4.324999809265137,4.324999809265137,4.309999942779541,4.309999942779541,8874,0.0,0.0
2024-08-27 11:25:00-04:00,4.309999942779541,4.320000171661377,4.309999942779541,4.320000171661377,39025,0.0,0.0
2024-08-27 11:35:00-04:00,4.324999809265137,4.329999923706055,4.323999881744385,4.329999923706055,6451,0.0,0.0
2024-08-27 11:40:00-04:00,4.324999809265137,4.329999923706055,4.324999809265137,4.329999923706055,757,0.0,0.0
2024-08-27 11:45:00-04:00,4.335000038146973,4.335000038146973,4.335000038146973,4.335000038146973,1561,0.0,0.0
2024-08-27 11:50:00-04:00,4.335000038146973,4.335000038146973,4.330100059509277,4.330100059509277,7937,0.0,0.0
2024-08-27 11:55:00-04:00,4.335000038146973,4.335000038146973,4.331999778747559,4.331999778747559,1713,0.0,0.0
2024-08-27 12:00:00-04:00,4.332099914550781,4.332099914550781,4.332099914550781,4.332099914550781,273,0.0,0.0
2024-08-27 12:05:00-04:00,4.335000038146973,4.335000038146973,4.320000171661377,4.324999809265137,15446,0.0,0.0
2024-08-27 12:10:00-04:00,4.329999923706055,4.329999923706055,4.320099830627441,4.320099830627441,1880,0.0,0.0
2024-08-27 12:15:00-04:00,4.329999923706055,4.329999923706055,4.324999809265137,4.324999809265137,429,0.0,0.0
2024-08-27 12:20:00-04:00,4.324999809265137,4.335000038146973,4.324999809265137,4.335000038146973,1171,0.0,0.0
2024-08-27 12:25:00-04:00,4.329999923706055,4.329999923706055,4.329999923706055,4.329999923706055,100,0.0,0.0
2024-08-27 12:30:00-04:00,4.329999923706055,4.329999923706055,4.327499866485596,4.327499866485596,200,0.0,0.0
2024-08-27 12:35:00-04:00,4.32450008392334,4.324999809265137,4.32450008392334,4.324999809265137,251,0.0,0.0
2024-08-27 12:40:00-04:00,4.324999809265137,4.324999809265137,4.324999809265137,4.324999809265137,114,0.0,0.0
2024-08-27 12:45:00-04:00,4.324999809265137,4.329999923706055,4.324999809265137,4.329999923706055,1835,0.0,0.0
2024-08-27 12:50:00-04:00,4.320000171661377,4.324999809265137,4.320000171661377,4.320000171661377,320,0.0,0.0
2024-08-27 12:55:00-04:00,4.324999809265137,4.329999923706055,4.324999809265137,4.329999923706055,2604,0.0,0.0
2024-08-27 13:00:00-04:00,4.324999809265137,4.324999809265137,4.324999809265137,4.324999809265137,245,0.0,0.0
2024-08-27 13:05:00-04:00,4.335000038146973,4.335000038146973,4.329999923706055,4.329999923706055,200,0.0,0.0
2024-08-27 13:10:00-04:00,4.339799880981445,4.339799880981445,4.329999923706055,4.339000225067139,4700,0.0,0.0
2024-08-27 13:15:00-04:00,4.33519983291626,4.33519983291626,4.33519983291626,4.33519983291626,100,0.0,0.0
2024-08-27 13:20:00-04:00,4.335000038146973,4.335000038146973,4.335000038146973,4.335000038146973,305,0.0,0.0
2024-08-27 13:25:00-04:00,4.335000038146973,4.34499979019165,4.335000038146973,4.34499979019165,7116,0.0,0.0
2024-08-27 13:30:00-04:00,4.34499979019165,4.34499979019165,4.34499979019165,4.34499979019165,350,0.0,0.0
2024-08-27 13:40:00-04:00,4.34499979019165,4.34499979019165,4.34499979019165,4.34499979019165,207,0.0,0.0
2024-08-27 13:45:00-04:00,4.340099811553955,4.349999904632568,4.340099811553955,4.349999904632568,2175,0.0,0.0
2024-08-27 13:50:00-04:00,4.34499979019165,4.349999904632568,4.330100059509277,4.339000225067139,33004,0.0,0.0
2024-08-27 13:55:00-04:00,4.339000225067139,4.339000225067139,4.3302001953125,4.3302001953125,5100,0.0,0.0
2024-08-27 14:00:00-04:00,4.335000038146973,4.335000038146973,4.324999809265137,4.324999809265137,2186,0.0,0.0
2024-08-27 14:05:00-04:00,4.324999809265137,4.324999809265137,4.315000057220459,4.320000171661377,19137,0.0,0.0
2024-08-27 14:15:00-04:00,4.320000171661377,4.320000171661377,4.309999942779541,4.310100078582764,23393,0.0,0.0
2024-08-27 14:20:00-04:00,4.315000057220459,4.329999923706055,4.310100078582764,4.329999923706055,57613,0.0,0.0
2024-08-27 14:35:00-04:00,4.324999809265137,4.329999923706055,4.324999809265137,4.329999923706055,2500,0.0,0.0
2024-08-27 14:40:00-04:00,4.324999809265137,4.324999809265137,4.3221001625061035,4.3221001625061035,1800,0.0,0.0
2024-08-27 14:45:00-04:00,4.324999809265137,4.324999809265137,4.324999809265137,4.324999809265137,501,0.0,0.0
2024-08-27 14:55:00-04:00,4.320000171661377,4.324999809265137,4.320000171661377,4.323299884796143,4115,0.0,0.0
2024-08-27 15:00:00-04:00,4.323500156402588,4.329999923706055,4.320000171661377,4.320000171661377,3718,0.0,0.0
2024-08-27 15:05:00-04:00,4.32859992980957,4.32859992980957,4.320000171661377,4.320000171661377,266,0.0,0.0
2024-08-27 15:10:00-04:00,4.329999923706055,4.329999923706055,4.324999809265137,4.324999809265137,1305,0.0,0.0
2024-08-27 15:15:00-04:00,4.320000171661377,4.329999923706055,4.320000171661377,4.320000171661377,9744,0.0,0.0
2024-08-27 15:20:00-04:00,4.327499866485596,4.327499866485596,4.327499866485596,4.327499866485596,101,0.0,0.0
2024-08-27 15:25:00-04:00,4.324999809265137,4.324999809265137,4.324999809265137,4.324999809265137,1420,0.0,0.0
2024-08-27 15:30:00-04:00,4.329999923706055,4.329999923706055,4.320000171661377,4.328999996185303,2700,0.0,0.0
2024-08-27 15:35:00-04:00,4.324999809265137,4.324999809265137,4.324999809265137,4.324999809265137,3959,0.0,0.0
2024-08-27 15:40:00-04:00,4.325799942016602,4.329999923706055,4.320000171661377,4.329999923706055,14167,0.0,0.0
2024-08-27 15:45:00-04:00,4.324999809265137,4.329999923706055,4.324999809265137,4.329999923706055,800,0.0,0.0
2024-08-27 15:50:00-04:00,4.3282999992370605,4.329999923706055,4.310999870300293,4.310999870300293,30586,0.0,0.0
2024-08-27 15:55:00-04:00,4.315000057220459,4.320000171661377,4.309999942779541,4.315000057220459,6206,0.0,0.0
2024-08-28 09:30:00-04:00,4.289999961853027,4.320000171661377,4.2708001136779785,4.289999961853027,17115,0.0,0.0
2024-08-28 09:35:00-04:00,4.28000020980835,4.300000190734863,4.28000020980835,4.300000190734863,5427,0.0,0.0
2024-08-28 09:40:00-04:00,4.289999961853027,4.308000087738037,4.289999961853027,4.300000190734863,12906,0.0,0.0
2024-08-28 09:45:00-04:00,4.300000190734863,4.300000190734863,4.289999961853027,4.300000190734863,11475,0.0,0.0
2024-08-28 09:50:00-04:00,4.300000190734863,4.309999942779541,4.300000190734863,4.304999828338623,6191,0.0,0.0
2024-08-28 09:55:00-04:00,4.309999942779541,4.310200214385986,4.304999828338623,4.308000087738037,8179,0.0,0.0
2024-08-28 10:00:00-04:00,4.303999900817871,4.307000160217285,4.300000190734863,4.300000190734863,1052,0.0,0.0
2024-08-28 10:05:00-04:00,4.309999942779541,4.320000171661377,4.304999828338623,4.320000171661377,10784,0.0,0.0
2024-08-28 10:10:00-04:00,4.314499855041504,4.320000171661377,4.314499855041504,4.315000057220459,5727,0.0,0.0
2024-08-28 10:15:00-04:00,4.315000057220459,4.320000171661377,4.315000057220459,4.320000171661377,901,0.0,0.0
2024-08-28 10:20:00-04:00,4.315000057220459,4.315000057220459,4.3109002113342285,4.3109002113342285,9470,0.0,0.0
2024-08-28 10:25:00-04:00,4.317500114440918,4.317500114440918,4.311399936676025,4.317500114440918,1933,0.0,0.0
2024-08-28 10:30:00-04:00,4.320000171661377,4.320000171661377,4.315000057220459,4.315000057220459,2298,0.0,0.0
2024-08-28 10:40:00-04:00,4.318900108337402,4.320000171661377,4.309999942779541,4.320000171661377,11828,0.0,0.0
2024-08-28 10:45:00-04:00,4.313899993896484,4.315000057220459,4.3109002113342285,4.3109002113342285,11773,0.0,0.0
2024-08-28 10:50:00-04:00,4.315000057220459,4.315000057220459,4.309199810028076,4.309199810028076,3863,0.0,0.0
2024-08-28 10:55:00-04:00,4.303999900817871,4.315000057220459,4.303999900817871,4.315000057220459,989,0.0,0.0
2024-08-28 11:00:00-04:00,4.315000057220459,4.320000171661377,4.309999942779541,4.320000171661377,2396,0.0,0.0
2024-08-28 11:05:00-04:00,4.315000057220459,4.320000171661377,4.309999942779541,4.311399936676025,3278,0.0,0.0
2024-08-28 11:10:00-04:00,4.315000057220459,4.320000171661377,4.315000057220459,4.319900035858154,2796,0.0,0.0
2024-08-28 11:15:00-04:00,4.309999942779541,4.315000057220459,4.304999828338623,4.304999828338623,3661,0.0,0.0
2024-08-28 11:20:00-04:00,4.309999942779541,4.309999942779541,4.303899765014648,4.303899765014648,3740,0.0,0.0
2024-08-28 11:25:00-04:00,4.304999828338623,4.304999828338623,4.304999828338623,4.304999828338623,398,0.0,0.0
2024-08-28 11:30:00-04:00,4.305500030517578,4.305500030517578,4.300000190734863,4.300000190734863,3294,0.0,0.0
2024-08-28 11:35:00-04:00,4.300000190734863,4.308800220489502,4.295000076293945,4.295000076293945,5445,0.0,0.0
2024-08-28 11:40:00-04:00,4.295000076293945,4.295300006866455,4.289999961853027,4.295000076293945,12609,0.0,0.0
2024-08-28 11:45:00-04:00,4.289999961853027,4.289999961853027,4.28000020980835,4.284999847412109,5267,0.0,0.0
2024-08-28 11:50:00-04:00,4.28000020980835,4.284999847412109,4.275000095367432,4.279900074005127,8247,0.0,0.0
2024-08-28 11:55:00-04:00,4.28000020980835,4.28000020980835,4.28000020980835,4.28000020980835,280,0.0,0.0
2024-08-28 12:00:00-04:00,4.28000020980835,4.28000020980835,4.28000020980835,4.28000020980835,520,0.0,0.0
2024-08-28 12:05:00-04:00,4.275000095367432,4.280099868774414,4.269999980926514,4.28000020980835,19523,0.0,0.0
2024-08-28 12:10:00-04:00,4.28000020980835,4.289999961853027,4.2779998779296875,4.284999847412109,3752,0.0,0.0
2024-08-28 12:15:00-04:00,4.28000020980835,4.288899898529053,4.28000020980835,4.284999847412109,910,0.0,0.0
2024-08-28 12:20:00-04:00,4.289899826049805,4.289899826049805,4.269999980926514,4.284999847412109,9578,0.0,0.0
2024-08-28 12:25:00-04:00,4.28000020980835,4.28000020980835,4.275000095367432,4.28000020980835,1284,0.0,0.0
2024-08-28 12:30:00-04:00,4.289999961853027,4.289999961853027,4.289999961853027,4.289999961853027,163,0.0,0.0
2024-08-28 12:35:00-04:00,4.289000034332275,4.289999961853027,4.284999847412109,4.284999847412109,603,0.0,0.0
2024-08-28 12:40:00-04:00,4.284999847412109,4.284999847412109,4.283400058746338,4.283400058746338,2385,0.0,0.0
2024-08-28 12:45:00-04:00,4.289999961853027,4.289999961853027,4.284999847412109,4.289899826049805,2359,0.0,0.0
2024-08-28 12:50:00-04:00,4.28000020980835,4.289999961853027,4.28000020980835,4.289999961853027,228,0.0,0.0
2024-08-28 12:55:00-04:00,4.289999961853027,4.289999961853027,4.289999961853027,4.289999961853027,200,0.0,0.0
2024-08-28 13:00:00-04:00,4.288099765777588,4.288099765777588,4.28000020980835,4.287499904632568,2489,0.0,0.0
2024-08-28 13:05:00-04:00,4.289899826049805,4.289899826049805,4.289899826049805,4.289899826049805,1000,0.0,0.0
2024-08-28 13:10:00-04:00,4.285999774932861,4.285999774932861,4.28000020980835,4.28000020980835,3489,0.0,0.0
2024-08-28 13:15:00-04:00,4.284999847412109,4.284999847412109,4.28000020980835,4.28000020980835,670,0.0,0.0
2024-08-28 13:20:00-04:00,4.284999847412109,4.288899898529053,4.284999847412109,4.288899898529053,867,0.0,0.0
2024-08-28 13:25:00-04:00,4.288300037384033,4.288300037384033,4.28000020980835,4.28000020980835,2801,0.0,0.0
2024-08-28 13:30:00-04:00,4.289999961853027,4.289999961853027,4.289999961853027,4.289999961853027,121,0.0,0.0
2024-08-28 13:35:00-04:00,4.289999961853027,4.289999961853027,4.289999961853027,4.289999961853027,102,0.0,0.0
2024-08-28 13:40:00-04:00,4.284999847412109,4.284999847412109,4.284999847412109,4.284999847412109,1169,0.0,0.0
2024-08-28 13:45:00-04:00,4.28000020980835,4.28000020980835,4.28000020980835,4.28000020980835,350,0.0,0.0
2024-08-28 13:55:00-04:00,4.28000020980835,4.284999847412109,4.28000020980835,4.284999847412109,504,0.0,0.0
2024-08-28 14:00:00-04:00,4.28000020980835,4.28000020980835,4.28000020980835,4.28000020980835,238,0.0,0.0
2024-08-28 14:10:00-04:00,4.284999847412109,4.288700103759766,4.284999847412109,4.288700103759766,470,0.0,0.0
2024-08-28 14:15:00-04:00,4.28000020980835,4.289999961853027,4.28000020980835,4.289999961853027,1605,0.0,0.0
2024-08-28 14:25:00-04:00,4.284999847412109,4.284999847412109,4.284999847412109,4.284999847412109,122,0.0,0.0
2024-08-28 14:30:00-04:00,4.28000020980835,4.283999919891357,4.28000020980835,4.28000020980835,5005,0.0,0.0
2024-08-28 14:35:00-04:00,4.27869987487793,4.27869987487793,4.269999980926514,4.269999980926514,727,0.0,0.0
2024-08-28 14:40:00-04:00,4.264999866485596,4.264999866485596,4.264999866485596,4.264999866485596,1113,0.0,0.0
2024-08-28 14:50:00-04:00,4.264999866485596,4.264999866485596,4.264999866485596,4.264999866485596,105,0.0,0.0
2024-08-28 14:55:00-04:00,4.269899845123291,4.269999980926514,4.264999866485596,4.269999980926514,789,0.0,0.0
2024-08-28 15:00:00-04:00,4.269999980926514,4.28000020980835,4.269999980926514,4.28000020980835,6921,0.0,0.0
2024-08-28 15:05:00-04:00,4.275000095367432,4.275000095367432,4.275000095367432,4.275000095367432,1116,0.0,0.0
2024-08-28 15:10:00-04:00,4.2789998054504395,4.2789998054504395,4.262700080871582,4.262700080871582,5345,0.0,0.0
2024-08-28 15:15:00-04:00,4.269100189208984,4.269100189208984,4.269100189208984,4.269100189208984,1200,0.0,0.0
2024-08-28 15:20:00-04:00,4.264999866485596,4.269999980926514,4.26140022277832,4.269999980926514,2701,0.0,0.0
2024-08-28 15:25:00-04:00,4.264999866485596,4.28000020980835,4.264999866485596,4.275000095367432,2279,0.0,0.0
2024-08-28 15:35:00-04:00,4.269999980926514,4.271699905395508,4.269999980926514,4.271699905395508,250,0.0,0.0
2024-08-28 15:40:00-04:00,4.272500038146973,4.276199817657471,4.271699905395508,4.276199817657471,12303,0.0,0.0
2024-08-28 15:45:00-04:00,4.275000095367432,4.275000095367432,4.275000095367432,4.275000095367432,931,0.0,0.0
2024-08-28 15:50:00-04:00,4.28000020980835,4.28000020980835,4.269999980926514,4.269999980926514,2035,0.0,0.0
2024-08-28 15:55:00-04:00,4.269999980926514,4.275000095367432,4.269999980926514,4.275000095367432,3104,0.0,0.0
2024-08-29 09:30:00-04:00,4.260000228881836,4.260000228881836,4.255300045013428,4.260000228881836,21192,0.0,0.0
2024-08-29 09:35:00-04:00,4.264999866485596,4.264999866485596,4.260000228881836,4.264999866485596,3165,0.0,0.0
2024-08-29 09:40:00-04:00,4.264999866485596,4.28000020980835,4.260000228881836,4.269999980926514,16933,0.0,0.0
2024-08-29 09:45:00-04:00,4.264999866485596,4.28000020980835,4.260000228881836,4.264999866485596,77734,0.0,0.0
2024-08-29 09:50:00-04:00,4.264999866485596,4.269999980926514,4.25,4.258999824523926,12556,0.0,0.0
2024-08-29 09:55:00-04:00,4.25,4.260000228881836,4.25,4.259699821472168,10069,0.0,0.0
2024-08-29 10:00:00-04:00,4.259699821472168,4.269999980926514,4.259699821472168,4.269999980926514,6676,0.0,0.0
2024-08-29 10:05:00-04:00,4.269999980926514,4.275000095367432,4.260000228881836,4.268899917602539,16653,0.0,0.0
2024-08-29 10:10:00-04:00,4.264900207519531,4.275000095367432,4.264900207519531,4.275000095367432,1756,0.0,0.0
2024-08-29 10:15:00-04:00,4.28000020980835,4.28000020980835,4.270100116729736,4.275000095367432,2801,0.0,0.0
2024-08-29 10:20:00-04:00,4.28000020980835,4.28000020980835,4.28000020980835,4.28000020980835,114,0.0,0.0
2024-08-29 10:25:00-04:00,4.275000095367432,4.28000020980835,4.275000095367432,4.28000020980835,292,0.0,0.0
2024-08-29 10:30:00-04:00,4.275599956512451,4.275599956512451,4.275599956512451,4.275599956512451,1004,0.0,0.0
2024-08-29 10:35:00-04:00,4.28000020980835,4.28000020980835,4.28000020980835,4.28000020980835,100,0.0,0.0
2024-08-29 10:40:00-04:00,4.275000095367432,4.278800010681152,4.275000095367432,4.278800010681152,957,0.0,0.0
2024-08-29 10:45:00-04:00,4.275000095367432,4.284999847412109,4.270199775695801,4.275000095367432,12456,0.0,0.0
2024-08-29 10:50:00-04:00,4.28000020980835,4.28000020980835,4.269999980926514,4.269999980926514,1447,0.0,0.0
2024-08-29 10:55:00-04:00,4.275000095367432,4.275000095367432,4.269999980926514,4.269999980926514,818,0.0,0.0
2024-08-29 11:05:00-04:00,4.264999866485596,4.269999980926514,4.262899875640869,4.269000053405762,3200,0.0,0.0
2024-08-29 11:10:00-04:00,4.269999980926514,4.269999980926514,4.264999866485596,4.269999980926514,2327,0.0,0.0
2024-08-29 11:15:00-04:00,4.28000020980835,4.28000020980835,4.275000095367432,4.275000095367432,1338,0.0,0.0
2024-08-29 11:20:00-04:00,4.275000095367432,4.28000020980835,4.269899845123291,4.275000095367432,6347,0.0,0.0
2024-08-29 11:25:00-04:00,4.275000095367432,4.28000020980835,4.275000095367432,4.28000020980835,6646,0.0,0.0
2024-08-29 11:30:00-04:00,4.276299953460693,4.28000020980835,4.276299953460693,4.28000020980835,1111,0.0,0.0
2024-08-29 11:35:00-04:00,4.28000020980835,4.28000020980835,4.28000020980835,4.28000020980835,100,0.0,0.0
2024-08-29 11:40:00-04:00,4.275000095367432,4.28000020980835,4.271200180053711,4.28000020980835,1211,0.0,0.0
2024-08-29 11:45:00-04:00,4.28000020980835,4.289999961853027,4.28000020980835,4.289999961853027,2496,0.0,0.0
2024-08-29 11:50:00-04:00,4.295000076293945,4.300000190734863,4.290599822998047,4.295000076293945,20147,0.0,0.0
2024-08-29 11:55:00-04:00,4.289999961853027,4.300000190734863,4.289899826049805,4.300000190734863,8578,0.0,0.0
2024-08-29 12:00:00-04:00,4.295000076293945,4.295000076293945,4.289999961853027,4.289999961853027,2366,0.0,0.0
2024-08-29 12:05:00-04:00,4.284999847412109,4.289999961853027,4.284999847412109,4.289700031280518,2292,0.0,0.0
2024-08-29 12:15:00-04:00,4.286200046539307,4.286200046539307,4.286200046539307,4.286200046539307,560,0.0,0.0
2024-08-29 12:20:00-04:00,4.289999961853027,4.295000076293945,4.289999961853027,4.295000076293945,2222,0.0,0.0
2024-08-29 12:25:00-04:00,4.299200057983398,4.300000190734863,4.297500133514404,4.300000190734863,6500,0.0,0.0
2024-08-29 12:30:00-04:00,4.299900054931641,4.299900054931641,4.295000076293945,4.295000076293945,663,0.0,0.0
2024-08-29 12:35:00-04:00,4.300000190734863,4.300000190734863,4.300000190734863,4.300000190734863,210,0.0,0.0
2024-08-29 12:40:00-04:00,4.300000190734863,4.300000190734863,4.300000190734863,4.300000190734863,200,0.0,0.0
2024-08-29 12:45:00-04:00,4.296899795532227,4.300000190734863,4.289999961853027,4.300000190734863,1531,0.0,0.0
2024-08-29 12:50:00-04:00,4.300000190734863,4.300000190734863,4.300000190734863,4.300000190734863,100,0.0,0.0
2024-08-29 12:55:00-04:00,4.300000190734863,4.300000190734863,4.300000190734863,4.300000190734863,177,0.0,0.0
2024-08-29 13:00:00-04:00,4.2932000160217285,4.300000190734863,4.2932000160217285,4.300000190734863,401,0.0,0.0
2024-08-29 13:05:00-04:00,4.300000190734863,4.304999828338623,4.300000190734863,4.304999828338623,800,0.0,0.0
2024-08-29 13:10:00-04:00,4.300000190734863,4.307499885559082,4.300000190734863,4.304999828338623,2093,0.0,0.0
2024-08-29 13:15:00-04:00,4.304999828338623,4.304999828338623,4.304999828338623,4.304999828338623,980,0.0,0.0
2024-08-29 13:20:00-04:00,4.301300048828125,4.304999828338623,4.301300048828125,4.304999828338623,506,0.0,0.0
2024-08-29 13:25:00-04:00,4.309999942779541,4.309999942779541,4.304999828338623,4.304999828338623,4068,0.0,0.0
2024-08-29 13:35:00-04:00,4.309999942779541,4.309999942779541,4.309999942779541,4.309999942779541,100,0.0,0.0
2024-08-29 13:40:00-04:00,4.309999942779541,4.309999942779541,4.300000190734863,4.300000190734863,300,0.0,0.0
2024-08-29 13:45:00-04:00,4.309999942779541,4.309999942779541,4.309899806976318,4.309899806976318,225,0.0,0.0
2024-08-29 13:50:00-04:00,4.309999942779541,4.309999942779541,4.309999942779541,4.309999942779541,200,0.0,0.0
2024-08-29 13:55:00-04:00,4.309999942779541,4.320000171661377,4.309999942779541,4.315000057220459,8932,0.0,0.0
2024-08-29 14:00:00-04:00,4.320000171661377,4.320000171661377,4.310299873352051,4.320000171661377,4900,0.0,0.0
2024-08-29 14:05:00-04:00,4.315000057220459,4.320000171661377,4.315000057220459,4.315000057220459,3280,0.0,0.0
2024-08-29 14:10:00-04:00,4.315000057220459,4.315000057220459,4.309999942779541,4.315000057220459,1439,0.0,0.0
2024-08-29 14:15:00-04:00,4.309999942779541,4.315000057220459,4.309999942779541,4.315000057220459,410,0.0,0.0
2024-08-29 14:20:00-04:00,4.309999942779541,4.320000171661377,4.304999828338623,4.320000171661377,8654,0.0,0.0
2024-08-29 14:25:00-04:00,4.318600177764893,4.318600177764893,4.309999942779541,4.309999942779541,2085,0.0,0.0
2024-08-29 14:30:00-04:00,4.309700012207031,4.309700012207031,4.309700012207031,4.309700012207031,213,0.0,0.0
2024-08-29 14:35:00-04:00,4.309999942779541,4.309999942779541,4.300000190734863,4.304999828338623,6008,0.0,0.0
2024-08-29 14:40:00-04:00,4.304999828338623,4.304999828338623,4.30210018157959,4.304999828338623,501,0.0,0.0
2024-08-29 14:45:00-04:00,4.300000190734863,4.300000190734863,4.295000076293945,4.300000190734863,1602,0.0,0.0
2024-08-29 14:50:00-04:00,4.295000076293945,4.300000190734863,4.295000076293945,4.300000190734863,426,0.0,0.0
2024-08-29 14:55:00-04:00,4.295000076293945,4.300000190734863,4.295000076293945,4.300000190734863,381,0.0,0.0
2024-08-29 15:00:00-04:00,4.290999889373779,4.295000076293945,4.290999889373779,4.295000076293945,3557,0.0,0.0
2024-08-29 15:05:00-04:00,4.295000076293945,4.295000076293945,4.291200160980225,4.291200160980225,643,0.0,0.0
2024-08-29 15:10:00-04:00,4.295000076293945,4.300000190734863,4.295000076293945,4.299900054931641,1651,0.0,0.0
2024-08-29 15:15:00-04:00,4.300000190734863,4.300000190734863,4.295000076293945,4.299900054931641,3612,0.0,0.0
2024-08-29 15:20:00-04:00,4.300000190734863,4.309999942779541,4.300000190734863,4.309999942779541,1085,0.0,0.0
2024-08-29 15:25:00-04:00,4.309999942779541,4.309999942779541,4.309999942779541,4.309999942779541,578,0.0,0.0
2024-08-29 15:30:00-04:00,4.320000171661377,4.320000171661377,4.315000057220459,4.320000171661377,1800,0.0,0.0
2024-08-29 15:35:00-04:00,4.316199779510498,4.320000171661377,4.304999828338623,4.315400123596191,7424,0.0,0.0
2024-08-29 15:40:00-04:00,4.315000057220459,4.315000057220459,4.304999828338623,4.304999828338623,4571,0.0,0.0
2024-08-29 15:45:00-04:00,4.304100036621094,4.304999828338623,4.300000190734863,4.304999828338623,680,0.0,0.0
2024-08-29 15:50:00-04:00,4.3018999099731445,4.304999828338623,4.300000190734863,4.300000190734863,1483,0.0,0.0
2024-08-29 15:55:00-04:00,4.304999828338623,4.309999942779541,4.304999828338623,4.304999828338623,7133,0.0,0.0
2024-08-30 09:30:00-04:00,4.340000152587891,4.340000152587891,4.320000171661377,4.335000038146973,35527,0.0,0.0
2024-08-30 09:35:00-04:00,4.335000038146973,4.340000152587891,4.335000038146973,4.335000038146973,4327,0.0,0.0
2024-08-30 09:40:00-04:00,4.340000152587891,4.340000152587891,4.3302998542785645,4.335000038146973,1878,0.0,0.0
2024-08-30 09:45:00-04:00,4.329999923706055,4.329999923706055,4.329999923706055,4.329999923706055,1572,0.0,0.0
2024-08-30 09:50:00-04:00,4.335999965667725,4.335999965667725,4.3302001953125,4.3302001953125,1983,0.0,0.0
2024-08-30 09:55:00-04:00,4.335000038146973,4.339000225067139,4.335000038146973,4.339000225067139,556,0.0,0.0
2024-08-30 10:00:00-04:00,4.340000152587891,4.360000133514404,4.340000152587891,4.349999904632568,40010,0.0,0.0
2024-08-30 10:05:00-04:00,4.349999904632568,4.360000133514404,4.349999904632568,4.360000133514404,471,0.0,0.0
2024-08-30 10:10:00-04:00,4.355000019073486,4.35830020904541,4.355000019073486,4.35830020904541,2721,0.0,0.0
2024-08-30 10:15:00-04:00,4.355000019073486,4.360000133514404,4.355000019073486,4.355000019073486,4729,0.0,0.0
2024-08-30 10:20:00-04:00,4.355000019073486,4.364999771118164,4.355000019073486,4.360000133514404,11694,0.0,0.0
2024-08-30 10:25:00-04:00,4.363800048828125,4.364999771118164,4.360000133514404,4.363100051879883,2951,0.0,0.0
2024-08-30 10:30:00-04:00,4.355000019073486,4.355000019073486,4.355000019073486,4.355000019073486,254,0.0,0.0
2024-08-30 10:35:00-04:00,4.356299877166748,4.357500076293945,4.34499979019165,4.34499979019165,6726,0.0,0.0
2024-08-30 10:40:00-04:00,4.340099811553955,4.349999904632568,4.340099811553955,4.349999904632568,11280,0.0,0.0
2024-08-30 10:45:00-04:00,4.34499979019165,4.34499979019165,4.34499979019165,4.34499979019165,120,0.0,0.0
2024-08-30 10:50:00-04:00,4.3460001945495605,4.3460001945495605,4.34499979019165,4.34499979019165,1934,0.0,0.0
2024-08-30 11:10:00-04:00,4.34499979019165,4.349999904632568,4.34499979019165,4.349999904632568,1830,0.0,0.0
2024-08-30 11:15:00-04:00,4.34499979019165,4.34499979019165,4.34499979019165,4.34499979019165,467,0.0,0.0
2024-08-30 11:20:00-04:00,4.340000152587891,4.34499979019165,4.340000152587891,4.340000152587891,2430,0.0,0.0
2024-08-30 11:25:00-04:00,4.339000225067139,4.339000225067139,4.335000038146973,4.335000038146973,584,0.0,0.0
2024-08-30 11:30:00-04:00,4.3368000984191895,4.3368000984191895,4.3368000984191895,4.3368000984191895,803,0.0,0.0
2024-08-30 11:40:00-04:00,4.335000038146973,4.335000038146973,4.335000038146973,4.335000038146973,2272,0.0,0.0
2024-08-30 11:50:00-04:00,4.340000152587891,4.340000152587891,4.335000038146973,4.335000038146973,1013,0.0,0.0
2024-08-30 11:55:00-04:00,4.340000152587891,4.34499979019165,4.335000038146973,4.340000152587891,5099,0.0,0.0
2024-08-30 12:05:00-04:00,4.339799880981445,4.339799880981445,4.339799880981445,4.339799880981445,149,0.0,0.0
2024-08-30 12:10:00-04:00,4.340000152587891,4.340000152587891,4.340000152587891,4.340000152587891,12978,0.0,0.0
2024-08-30 12:15:00-04:00,4.339799880981445,4.339799880981445,4.336699962615967,4.337500095367432,1570,0.0,0.0
2024-08-30 12:20:00-04:00,4.335000038146973,4.335000038146973,4.335000038146973,4.335000038146973,1522,0.0,0.0
2024-08-30 12:25:00-04:00,4.329999923706055,4.335000038146973,4.329999923706055,4.335000038146973,1772,0.0,0.0
2024-08-30 12:30:00-04:00,4.324999809265137,4.324999809265137,4.324999809265137,4.324999809265137,3165,0.0,0.0
2024-08-30 12:35:00-04:00,4.320000171661377,4.320000171661377,4.320000171661377,4.320000171661377,422,0.0,0.0
2024-08-30 12:55:00-04:00,4.329999923706055,4.333099842071533,4.329999923706055,4.333099842071533,1325,0.0,0.0
2024-08-30 13:05:00-04:00,4.340000152587891,4.340000152587891,4.340000152587891,4.340000152587891,104,0.0,0.0
2024-08-30 13:10:00-04:00,4.335000038146973,4.335000038146973,4.335000038146973,4.335000038146973,5095,0.0,0.0
2024-08-30 13:15:00-04:00,4.332900047302246,4.340000152587891,4.332900047302246,4.340000152587891,3001,0.0,0.0
2024-08-30 13:20:00-04:00,4.339900016784668,4.339900016784668,4.339900016784668,4.339900016784668,2000,0.0,0.0
2024-08-30 13:25:00-04:00,4.335000038146973,4.335000038146973,4.331600189208984,4.335000038146973,2211,0.0,0.0
2024-08-30 13:30:00-04:00,4.335000038146973,4.335000038146973,4.335000038146973,4.335000038146973,149,0.0,0.0
2024-08-30 13:35:00-04:00,4.340000152587891,4.340000152587891,4.339799880981445,4.339799880981445,8103,0.0,0.0
2024-08-30 13:40:00-04:00,4.340000152587891,4.340000152587891,4.338600158691406,4.338600158691406,2204,0.0,0.0
2024-08-30 13:45:00-04:00,4.340000152587891,4.340000152587891,4.340000152587891,4.340000152587891,461,0.0,0.0
2024-08-30 13:55:00-04:00,4.335700035095215,4.335700035095215,4.329999923706055,4.329999923706055,583,0.0,0.0
2024-08-30 14:05:00-04:00,4.340000152587891,4.340000152587891,4.335000038146973,4.335000038146973,4263,0.0,0.0
2024-08-30 14:10:00-04:00,4.335000038146973,4.335000038146973,4.335000038146973,4.335000038146973,106,0.0,0.0
2024-08-30 14:15:00-04:00,4.340000152587891,4.340000152587891,4.339900016784668,4.339900016784668,222,0.0,0.0
2024-08-30 14:20:00-04:00,4.339900016784668,4.340000152587891,4.335000038146973,4.335000038146973,641,0.0,0.0
2024-08-30 14:25:00-04:00,4.340000152587891,4.340000152587891,4.340000152587891,4.340000152587891,101,0.0,0.0
2024-08-30 14:30:00-04:00,4.339000225067139,4.340000152587891,4.339000225067139,4.340000152587891,2636,0.0,0.0
2024-08-30 14:35:00-04:00,4.337699890136719,4.337699890136719,4.337699890136719,4.337699890136719,550,0.0,0.0
2024-08-30 14:40:00-04:00,4.340000152587891,4.34499979019165,4.329999923706055,4.329999923706055,11719,0.0,0.0
2024-08-30 14:50:00-04:00,4.329999923706055,4.340000152587891,4.329999923706055,4.335000038146973,1569,0.0,0.0
2024-08-30 15:00:00-04:00,4.335000038146973,4.340000152587891,4.335000038146973,4.340000152587891,1211,0.0,0.0
2024-08-30 15:05:00-04:00,4.335000038146973,4.335000038146973,4.335000038146973,4.335000038146973,851,0.0,0.0
2024-08-30 15:10:00-04:00,4.340000152587891,4.340000152587891,4.340000152587891,4.340000152587891,101,0.0,0.0
2024-08-30 15:15:00-04:00,4.335000038146973,4.340000152587891,4.335000038146973,4.340000152587891,500,0.0,0.0
2024-08-30 15:20:00-04:00,4.331200122833252,4.340000152587891,4.331200122833252,4.334799766540527,1451,0.0,0.0
2024-08-30 15:25:00-04:00,4.336699962615967,4.340000152587891,4.335000038146973,4.340000152587891,2284,0.0,0.0
2024-08-30 15:30:00-04:00,4.336100101470947,4.340000152587891,4.330100059509277,4.335000038146973,1900,0.0,0.0
2024-08-30 15:35:00-04:00,4.330100059509277,4.34499979019165,4.330100059509277,4.34499979019165,7553,0.0,0.0
2024-08-30 15:40:00-04:00,4.34499979019165,4.349899768829346,4.340099811553955,4.340099811553955,2178,0.0,0.0
2024-08-30 15:45:00-04:00,4.34499979019165,4.349999904632568,4.34499979019165,4.34499979019165,5604,0.0,0.0
2024-08-30 15:50:00-04:00,4.347700119018555,4.349999904632568,4.34499979019165,4.34499979019165,3532,0.0,0.0
2024-08-30 15:55:00-04:00,4.349999904632568,4.355000019073486,4.340000152587891,4.349999904632568,3028,0.0,0.0
2024-09-03 09:30:00-04:00,4.360000133514404,4.360000133514404,4.340000152587891,4.360000133514404,20068,0.0,0.0
2024-09-03 09:35:00-04:00,4.355000019073486,4.355000019073486,4.349999904632568,4.355000019073486,3242,0.0,0.0
2024-09-03 09:40:00-04:00,4.355000019073486,4.355000019073486,4.350100040435791,4.355000019073486,6123,0.0,0.0
2024-09-03 09:45:00-04:00,4.355000019073486,4.355000019073486,4.349999904632568,4.349999904632568,6406,0.0,0.0
2024-09-03 09:50:00-04:00,4.340000152587891,4.340000152587891,4.325699806213379,4.335000038146973,6218,0.0,0.0
2024-09-03 09:55:00-04:00,4.333799839019775,4.340000152587891,4.329999923706055,4.329999923706055,7169,0.0,0.0
2024-09-03 10:00:00-04:00,4.329999923706055,4.340000152587891,4.329999923706055,4.335000038146973,8626,0.0,0.0
2024-09-03 10:05:00-04:00,4.335000038146973,4.335000038146973,4.329999923706055,4.329999923706055,3027,0.0,0.0
2024-09-03 10:10:00-04:00,4.329999923706055,4.340000152587891,4.329999923706055,4.340000152587891,563,0.0,0.0
2024-09-03 10:15:00-04:00,4.334499835968018,4.334499835968018,4.334499835968018,4.334499835968018,254,0.0,0.0
2024-09-03 10:25:00-04:00,4.329999923706055,4.335000038146973,4.329999923706055,4.335000038146973,363,0.0,0.0
2024-09-03 10:30:00-04:00,4.335000038146973,4.335000038146973,4.329999923706055,4.335000038146973,1705,0.0,0.0
2024-09-03 10:35:00-04:00,4.335000038146973,4.339900016784668,4.329999923706055,4.329999923706055,3412,0.0,0.0
2024-09-03 10:45:00-04:00,4.34499979019165,4.349999904632568,4.340000152587891,4.349999904632568,3784,0.0,0.0
2024-09-03 10:50:00-04:00,4.34499979019165,4.349899768829346,4.34499979019165,4.34499979019165,759,0.0,0.0
2024-09-03 11:00:00-04:00,4.34499979019165,4.34499979019165,4.34499979019165,4.34499979019165,917,0.0,0.0
2024-09-03 11:05:00-04:00,4.349999904632568,4.349999904632568,4.349999904632568,4.349999904632568,2639,0.0,0.0
2024-09-03 11:10:00-04:00,4.340000152587891,4.349999904632568,4.340000152587891,4.34660005569458,2595,0.0,0.0
2024-09-03 11:15:00-04:00,4.349999904632568,4.355000019073486,4.349999904632568,4.355000019073486,952,0.0,0.0
2024-09-03 11:20:00-04:00,4.349999904632568,4.360000133514404,4.349999904632568,4.35230016708374,4970,0.0,0.0
2024-09-03 11:25:00-04:00,4.356100082397461,4.360000133514404,4.349999904632568,4.360000133514404,11294,0.0,0.0
2024-09-03 11:30:00-04:00,4.360099792480469,4.360099792480469,4.349999904632568,4.350100040435791,3608,0.0,0.0
2024-09-03 11:40:00-04:00,4.355000019073486,4.360000133514404,4.349999904632568,4.349999904632568,5423,0.0,0.0
2024-09-03 11:45:00-04:00,4.351200103759766,4.360000133514404,4.351200103759766,4.360000133514404,726,0.0,0.0
2024-09-03 12:00:00-04:00,4.369999885559082,4.373499870300293,4.369999885559082,4.369999885559082,11060,0.0,0.0
2024-09-03 12:05:00-04:00,4.360000133514404,4.365799903869629,4.360000133514404,4.364999771118164,1288,0.0,0.0
2024-09-03 12:10:00-04:00,4.360000133514404,4.360000133514404,4.360000133514404,4.360000133514404,102,0.0,0.0
2024-09-03 12:15:00-04:00,4.364999771118164,4.365099906921387,4.364999771118164,4.365099906921387,2533,0.0,0.0
2024-09-03 12:20:00-04:00,4.369999885559082,4.375,4.369999885559082,4.375,8098,0.0,0.0
2024-09-03 12:25:00-04:00,4.369999885559082,4.375,4.369999885559082,4.375,800,0.0,0.0
2024-09-03 12:30:00-04:00,4.369900226593018,4.369999885559082,4.364299774169922,4.364999771118164,1422,0.0,0.0
2024-09-03 12:35:00-04:00,4.360099792480469,4.364999771118164,4.360099792480469,4.364999771118164,11473,0.0,0.0
2024-09-03 12:40:00-04:00,4.369999885559082,4.369999885559082,4.360000133514404,4.360000133514404,700,0.0,0.0
2024-09-03 12:55:00-04:00,4.360000133514404,4.360000133514404,4.355000019073486,4.355000019073486,601,0.0,0.0
2024-09-03 13:00:00-04:00,4.3520002365112305,4.360000133514404,4.349999904632568,4.349999904632568,9214,0.0,0.0
2024-09-03 13:05:00-04:00,4.355000019073486,4.355000019073486,4.349999904632568,4.349999904632568,528,0.0,0.0
2024-09-03 13:10:00-04:00,4.360000133514404,4.360000133514404,4.360000133514404,4.360000133514404,821,0.0,0.0
2024-09-03 13:15:00-04:00,4.3632001876831055,4.364999771118164,4.3632001876831055,4.364999771118164,256,0.0,0.0
2024-09-03 13:25:00-04:00,4.3678998947143555,4.3678998947143555,4.3678998947143555,4.3678998947143555,166,0.0,0.0
2024-09-03 13:30:00-04:00,4.364999771118164,4.364999771118164,4.364999771118164,4.364999771118164,204,0.0,0.0
2024-09-03 13:35:00-04:00,4.360099792480469,4.364999771118164,4.355000019073486,4.360000133514404,3508,0.0,0.0
2024-09-03 13:40:00-04:00,4.364999771118164,4.364999771118164,4.364999771118164,4.364999771118164,208,0.0,0.0
2024-09-03 13:55:00-04:00,4.364999771118164,4.364999771118164,4.360000133514404,4.364999771118164,896,0.0,0.0
2024-09-03 14:00:00-04:00,4.364999771118164,4.364999771118164,4.364999771118164,4.364999771118164,198,0.0,0.0
2024-09-03 14:05:00-04:00,4.364999771118164,4.369900226593018,4.364999771118164,4.369900226593018,401,0.0,0.0
2024-09-03 14:10:00-04:00,4.364999771118164,4.369800090789795,4.360000133514404,4.360000133514404,2200,0.0,0.0
2024-09-03 14:15:00-04:00,4.36299991607666,4.369999885559082,4.360000133514404,4.369999885559082,4588,0.0,0.0
2024-09-03 14:20:00-04:00,4.364999771118164,4.364999771118164,4.364999771118164,4.364999771118164,115,0.0,0.0
2024-09-03 14:25:00-04:00,4.368000030517578,4.368000030517578,4.368000030517578,4.368000030517578,259,0.0,0.0
2024-09-03 14:30:00-04:00,4.364999771118164,4.369999885559082,4.364999771118164,4.364999771118164,1449,0.0,0.0
2024-09-03 14:35:00-04:00,4.369699954986572,4.369699954986572,4.360000133514404,4.360000133514404,715,0.0,0.0
2024-09-03 14:40:00-04:00,4.364999771118164,4.364999771118164,4.360000133514404,4.364999771118164,6360,0.0,0.0
2024-09-03 14:50:00-04:00,4.364999771118164,4.364999771118164,4.360000133514404,4.360000133514404,2542,0.0,0.0
2024-09-03 14:55:00-04:00,4.360000133514404,4.369999885559082,4.34499979019165,4.349999904632568,8560,0.0,0.0
2024-09-03 15:00:00-04:00,4.355000019073486,4.355000019073486,4.340000152587891,4.34499979019165,7052,0.0,0.0
2024-09-03 15:05:00-04:00,4.34499979019165,4.355000019073486,4.34499979019165,4.355000019073486,1891,0.0,0.0
2024-09-03 15:10:00-04:00,4.355000019073486,4.355000019073486,4.340000152587891,4.349999904632568,6686,0.0,0.0
2024-09-03 15:15:00-04:00,4.355000019073486,4.355000019073486,4.349999904632568,4.349999904632568,2842,0.0,0.0
2024-09-03 15:20:00-04:00,4.349999904632568,4.349999904632568,4.349999904632568,4.349999904632568,1293,0.0,0.0
2024-09-03 15:25:00-04:00,4.34499979019165,4.349899768829346,4.340000152587891,4.340000152587891,3474,0.0,0.0
2024-09-03 15:30:00-04:00,4.34499979019165,4.34499979019165,4.340000152587891,4.340000152587891,7564,0.0,0.0
2024-09-03 15:35:00-04:00,4.34499979019165,4.34499979019165,4.324999809265137,4.324999809265137,11949,0.0,0.0
2024-09-03 15:40:00-04:00,4.324999809265137,4.324999809265137,4.320000171661377,4.324999809265137,896,0.0,0.0
2024-09-03 15:45:00-04:00,4.320000171661377,4.320000171661377,4.311399936676025,4.315000057220459,9436,0.0,0.0
2024-09-03 15:50:00-04:00,4.315000057220459,4.320000171661377,4.311999797821045,4.320000171661377,12942,0.0,0.0
2024-09-03 15:55:00-04:00,4.324900150299072,4.335000038146973,4.324900150299072,4.324999809265137,8396,0.0,0.0
2024-09-04 09:30:00-04:00,4.320000171661377,4.340000152587891,4.320000171661377,4.340000152587891,13739,0.0,0.0
2024-09-04 09:35:00-04:00,4.329699993133545,4.335000038146973,4.3246002197265625,4.335000038146973,3628,0.0,0.0
2024-09-04 09:40:00-04:00,4.335000038146973,4.335000038146973,4.324999809265137,4.329999923706055,2050,0.0,0.0
2024-09-04 09:45:00-04:00,4.335000038146973,4.349999904632568,4.335000038146973,4.340000152587891,8886,0.0,0.0
2024-09-04 09:50:00-04:00,4.328999996185303,4.335000038146973,4.324999809265137,4.324999809265137,1894,0.0,0.0
2024-09-04 09:55:00-04:00,4.324999809265137,4.34499979019165,4.324999809265137,4.340000152587891,1804,0.0,0.0
2024-09-04 10:00:00-04:00,4.34499979019165,4.3480000495910645,4.34499979019165,4.3480000495910645,535,0.0,0.0
2024-09-04 10:05:00-04:00,4.3429999351501465,4.355000019073486,4.3429999351501465,4.355000019073486,1903,0.0,0.0
2024-09-04 10:10:00-04:00,4.355000019073486,4.360000133514404,4.353499889373779,4.360000133514404,1731,0.0,0.0
2024-09-04 10:15:00-04:00,4.360000133514404,4.369999885559082,4.360000133514404,4.369999885559082,4702,0.0,0.0
2024-09-04 10:20:00-04:00,4.369999885559082,4.369999885559082,4.369999885559082,4.369999885559082,1269,0.0,0.0
2024-09-04 10:35:00-04:00,4.375,4.375,4.375,4.375,102,0.0,0.0
2024-09-04 10:45:00-04:00,4.380000114440918,4.389999866485596,4.378900051116943,4.389999866485596,16367,0.0,0.0
2024-09-04 10:50:00-04:00,4.380000114440918,4.389999866485596,4.380000114440918,4.385000228881836,4539,0.0,0.0
2024-09-04 10:55:00-04:00,4.385000228881836,4.385000228881836,4.384300231933594,4.384300231933594,3725,0.0,0.0
2024-09-04 11:00:00-04:00,4.385000228881836,4.389999866485596,4.385000228881836,4.385700225830078,2236,0.0,0.0
2024-09-04 11:05:00-04:00,4.385000228881836,4.389999866485596,4.385000228881836,4.389999866485596,1848,0.0,0.0
2024-09-04 11:10:00-04:00,4.379000186920166,4.379000186920166,4.364999771118164,4.364999771118164,1805,0.0,0.0
2024-09-04 11:15:00-04:00,4.364999771118164,4.369900226593018,4.364999771118164,4.369900226593018,532,0.0,0.0
2024-09-04 11:20:00-04:00,4.364999771118164,4.369900226593018,4.364999771118164,4.364999771118164,1780,0.0,0.0
2024-09-04 11:25:00-04:00,4.364999771118164,4.364999771118164,4.360000133514404,4.360000133514404,2706,0.0,0.0
2024-09-04 11:35:00-04:00,4.364999771118164,4.364999771118164,4.364999771118164,4.364999771118164,344,0.0,0.0
2024-09-04 11:40:00-04:00,4.364999771118164,4.364999771118164,4.360000133514404,4.364999771118164,1437,0.0,0.0
2024-09-04 11:45:00-04:00,4.369699954986572,4.369699954986572,4.360099792480469,4.360099792480469,12164,0.0,0.0
2024-09-04 11:50:00-04:00,4.364999771118164,4.364999771118164,4.360099792480469,4.364999771118164,2111,0.0,0.0
2024-09-04 11:55:00-04:00,4.363500118255615,4.364999771118164,4.360000133514404,4.360000133514404,3000,0.0,0.0
2024-09-04 12:00:00-04:00,4.364999771118164,4.364999771118164,4.364999771118164,4.364999771118164,4477,0.0,0.0
2024-09-04 12:05:00-04:00,4.364999771118164,4.369900226593018,4.364999771118164,4.369900226593018,5189,0.0,0.0
2024-09-04 12:10:00-04:00,4.364999771118164,4.364999771118164,4.363900184631348,4.363900184631348,5265,0.0,0.0
2024-09-04 12:15:00-04:00,4.36359977722168,4.36359977722168,4.36359977722168,4.36359977722168,121,0.0,0.0
2024-09-04 12:20:00-04:00,4.364999771118164,4.364999771118164,4.364999771118164,4.364999771118164,632,0.0,0.0
2024-09-04 12:25:00-04:00,4.369999885559082,4.380000114440918,4.369999885559082,4.380000114440918,12104,0.0,0.0
2024-09-04 12:30:00-04:00,4.369999885559082,4.369999885559082,4.369999885559082,4.369999885559082,595,0.0,0.0
2024-09-04 12:35:00-04:00,4.375,4.375,4.375,4.375,305,0.0,0.0
2024-09-04 12:40:00-04:00,4.380000114440918,4.380000114440918,4.380000114440918,4.380000114440918,1471,0.0,0.0
2024-09-04 12:45:00-04:00,4.379199981689453,4.379199981689453,4.379199981689453,4.379199981689453,2326,0.0,0.0
2024-09-04 12:55:00-04:00,4.380000114440918,4.380000114440918,4.380000114440918,4.380000114440918,1963,0.0,0.0
2024-09-04 13:00:00-04:00,4.375,4.375,4.375,4.375,885,0.0,0.0
2024-09-04 13:05:00-04:00,4.3790998458862305,4.3790998458862305,4.375,4.375,2464,0.0,0.0
2024-09-04 13:15:00-04:00,4.375,4.375100135803223,4.375,4.375100135803223,1295,0.0,0.0
2024-09-04 13:20:00-04:00,4.375199794769287,4.375199794769287,4.375,4.375,1600,0.0,0.0
2024-09-04 13:25:00-04:00,4.380000114440918,4.380000114440918,4.377799987792969,4.377799987792969,34835,0.0,0.0
2024-09-04 13:30:00-04:00,4.379899978637695,4.380000114440918,4.379899978637695,4.380000114440918,2432,0.0,0.0
2024-09-04 13:35:00-04:00,4.375,4.380000114440918,4.375,4.379899978637695,54339,0.0,0.0
2024-09-04 13:40:00-04:00,4.379799842834473,4.379799842834473,4.379799842834473,4.379799842834473,1000,0.0,0.0
2024-09-04 13:50:00-04:00,4.380000114440918,4.380000114440918,4.369999885559082,4.369999885559082,704,0.0,0.0
2024-09-04 14:00:00-04:00,4.369999885559082,4.369999885559082,4.369999885559082,4.369999885559082,269,0.0,0.0
2024-09-04 14:10:00-04:00,4.364999771118164,4.364999771118164,4.364999771118164,4.364999771118164,785,0.0,0.0
2024-09-04 14:20:00-04:00,4.369800090789795,4.369800090789795,4.3643999099731445,4.3643999099731445,1890,0.0,0.0
2024-09-04 14:30:00-04:00,4.369999885559082,4.380000114440918,4.369999885559082,4.375,33912,0.0,0.0
2024-09-04 14:35:00-04:00,4.375,4.375,4.375,4.375,2730,0.0,0.0
2024-09-04 14:50:00-04:00,4.375,4.375,4.375,4.375,1119,0.0,0.0
2024-09-04 14:55:00-04:00,4.375,4.375,4.375,4.375,1370,0.0,0.0
2024-09-04 15:00:00-04:00,4.375,4.375,4.375,4.375,1557,0.0,0.0
2024-09-04 15:05:00-04:00,4.375,4.375,4.3744001388549805,4.375,17954,0.0,0.0
2024-09-04 15:10:00-04:00,4.375,4.375,4.375,4.375,3646,0.0,0.0
2024-09-04 15:15:00-04:00,4.375,4.375,4.375,4.375,3340,0.0,0.0
2024-09-04 15:20:00-04:00,4.375,4.375,4.375,4.375,3026,0.0,0.0
2024-09-04 15:25:00-04:00,4.375,4.375,4.375,4.375,1177,0.0,0.0
2024-09-04 15:30:00-04:00,4.375,4.380000114440918,4.375,4.380000114440918,10866,0.0,0.0
2024-09-04 15:35:00-04:00,4.375,4.375,4.375,4.375,478,0.0,0.0
2024-09-04 15:40:00-04:00,4.375,4.380000114440918,4.375,4.379799842834473,2200,0.0,0.0
2024-09-04 15:45:00-04:00,4.375,4.380000114440918,4.369999885559082,4.375,7363,0.0,0.0
2024-09-04 15:50:00-04:00,4.375,4.380000114440918,4.375,4.380000114440918,3912,0.0,0.0
2024-09-04 15:55:00-04:00,4.388999938964844,4.389999866485596,4.380000114440918,4.389999866485596,2604,0.0,0.0
2024-09-05 09:30:00-04:00,4.360000133514404,4.389999866485596,4.360000133514404,4.388999938964844,17435,0.0,0.0
2024-09-05 09:35:00-04:00,4.397500038146973,4.409999847412109,4.394999980926514,4.40500020980835,7904,0.0,0.0
2024-09-05 09:40:00-04:00,4.409999847412109,4.409999847412109,4.400000095367432,4.400000095367432,9961,0.0,0.0
2024-09-05 09:45:00-04:00,4.4096999168396,4.409999847412109,4.40500020980835,4.409999847412109,496,0.0,0.0
2024-09-05 09:50:00-04:00,4.40500020980835,4.40500020980835,4.40500020980835,4.40500020980835,517,0.0,0.0
2024-09-05 09:55:00-04:00,4.40500020980835,4.405900001525879,4.40500020980835,4.40500020980835,1249,0.0,0.0
2024-09-05 10:00:00-04:00,4.409999847412109,4.409999847412109,4.400100231170654,4.400100231170654,1700,0.0,0.0
2024-09-05 10:05:00-04:00,4.409999847412109,4.409999847412109,4.409999847412109,4.409999847412109,329,0.0,0.0
2024-09-05 10:10:00-04:00,4.407400131225586,4.4197998046875,4.407400131225586,4.4197001457214355,11481,0.0,0.0
2024-09-05 10:15:00-04:00,4.414999961853027,4.414999961853027,4.414999961853027,4.414999961853027,280,0.0,0.0
2024-09-05 10:25:00-04:00,4.417500019073486,4.417500019073486,4.417500019073486,4.417500019073486,220,0.0,0.0
2024-09-05 10:30:00-04:00,4.414999961853027,4.420000076293945,4.409999847412109,4.409999847412109,13124,0.0,0.0
2024-09-05 10:35:00-04:00,4.414999961853027,4.414999961853027,4.414999961853027,4.414999961853027,100,0.0,0.0
2024-09-05 10:40:00-04:00,4.414999961853027,4.417300224304199,4.414999961853027,4.415999889373779,2100,0.0,0.0
2024-09-05 10:45:00-04:00,4.414999961853027,4.414999961853027,4.400100231170654,4.400100231170654,1109,0.0,0.0
2024-09-05 10:50:00-04:00,4.400000095367432,4.400000095367432,4.389999866485596,4.389999866485596,7204,0.0,0.0
2024-09-05 10:55:00-04:00,4.394999980926514,4.394999980926514,4.394999980926514,4.394999980926514,1041,0.0,0.0
2024-09-05 11:00:00-04:00,4.394999980926514,4.394999980926514,4.389999866485596,4.389999866485596,4029,0.0,0.0
2024-09-05 11:05:00-04:00,4.389999866485596,4.394999980926514,4.389999866485596,4.394999980926514,5276,0.0,0.0
2024-09-05 11:10:00-04:00,4.389999866485596,4.389999866485596,4.389999866485596,4.389999866485596,700,0.0,0.0
2024-09-05 11:15:00-04:00,4.389999866485596,4.389999866485596,4.389999866485596,4.389999866485596,1414,0.0,0.0
2024-09-05 11:20:00-04:00,4.385000228881836,4.385000228881836,4.385000228881836,4.385000228881836,1221,0.0,0.0
2024-09-05 11:30:00-04:00,4.385000228881836,4.385000228881836,4.380300045013428,4.380300045013428,955,0.0,0.0
2024-09-05 11:40:00-04:00,4.380000114440918,4.380000114440918,4.380000114440918,4.380000114440918,155,0.0,0.0
2024-09-05 11:45:00-04:00,4.388800144195557,4.388800144195557,4.388800144195557,4.388800144195557,7167,0.0,0.0
2024-09-05 11:50:00-04:00,4.385000228881836,4.385000228881836,4.385000228881836,4.385000228881836,4633,0.0,0.0
2024-09-05 11:55:00-04:00,4.387400150299072,4.387400150299072,4.387400150299072,4.387400150299072,1000,0.0,0.0
2024-09-05 12:00:00-04:00,4.380099773406982,4.380099773406982,4.380099773406982,4.380099773406982,4023,0.0,0.0
2024-09-05 12:10:00-04:00,4.380000114440918,4.380000114440918,4.380000114440918,4.380000114440918,110,0.0,0.0
2024-09-05 12:15:00-04:00,4.385000228881836,4.385000228881836,4.385000228881836,4.385000228881836,1156,0.0,0.0
2024-09-05 12:20:00-04:00,4.385000228881836,4.388800144195557,4.3805999755859375,4.388800144195557,1240,0.0,0.0
2024-09-05 12:25:00-04:00,4.381999969482422,4.381999969482422,4.380000114440918,4.381999969482422,2400,0.0,0.0
2024-09-05 12:30:00-04:00,4.381999969482422,4.386099815368652,4.380000114440918,4.386099815368652,6173,0.0,0.0
2024-09-05 12:45:00-04:00,4.380000114440918,4.380000114440918,4.380000114440918,4.380000114440918,100,0.0,0.0
2024-09-05 12:55:00-04:00,4.380099773406982,4.380099773406982,4.380099773406982,4.380099773406982,100,0.0,0.0
2024-09-05 13:00:00-04:00,4.385000228881836,4.385000228881836,4.385000228881836,4.385000228881836,1790,0.0,0.0
2024-09-05 13:05:00-04:00,4.380000114440918,4.380000114440918,4.380000114440918,4.380000114440918,126,0.0,0.0
2024-09-05 13:15:00-04:00,4.385900020599365,4.388299942016602,4.380000114440918,4.388299942016602,3098,0.0,0.0
2024-09-05 13:20:00-04:00,4.385000228881836,4.385000228881836,4.385000228881836,4.385000228881836,2513,0.0,0.0
2024-09-05 13:30:00-04:00,4.385000228881836,4.389999866485596,4.385000228881836,4.385000228881836,5000,0.0,0.0
2024-09-05 13:35:00-04:00,4.385000228881836,4.385000228881836,4.380099773406982,4.385000228881836,1817,0.0,0.0
2024-09-05 13:45:00-04:00,4.389999866485596,4.400000095367432,4.389999866485596,4.394999980926514,7529,0.0,0.0
2024-09-05 13:50:00-04:00,4.394999980926514,4.394999980926514,4.394999980926514,4.394999980926514,118,0.0,0.0
2024-09-05 13:55:00-04:00,4.399899959564209,4.399899959564209,4.399899959564209,4.399899959564209,100,0.0,0.0
2024-09-05 14:00:00-04:00,4.389999866485596,4.400000095367432,4.389999866485596,4.394999980926514,11101,0.0,0.0
2024-09-05 14:05:00-04:00,4.394999980926514,4.394999980926514,4.389999866485596,4.394999980926514,1018,0.0,0.0
2024-09-05 14:10:00-04:00,4.394999980926514,4.400000095367432,4.389999866485596,4.400000095367432,11424,0.0,0.0
2024-09-05 14:15:00-04:00,4.40500020980835,4.409999847412109,4.400100231170654,4.409999847412109,14044,0.0,0.0
2024-09-05 14:25:00-04:00,4.40500020980835,4.40500020980835,4.40500020980835,4.40500020980835,250,0.0,0.0
2024-09-05 14:30:00-04:00,4.40500020980835,4.420000076293945,4.40500020980835,4.414999961853027,3705,0.0,0.0
2024-09-05 14:35:00-04:00,4.414999961853027,4.420000076293945,4.414999961853027,4.420000076293945,7241,0.0,0.0
2024-09-05 14:40:00-04:00,4.4197998046875,4.420000076293945,4.4197998046875,4.420000076293945,2300,0.0,0.0
2024-09-05 14:45:00-04:00,4.425000190734863,4.425000190734863,4.420000076293945,4.425000190734863,4001,0.0,0.0
2024-09-05 14:55:00-04:00,4.425000190734863,4.429999828338623,4.425000190734863,4.425000190734863,3307,0.0,0.0
2024-09-05 15:00:00-04:00,4.42080020904541,4.42080020904541,4.42080020904541,4.42080020904541,687,0.0,0.0
2024-09-05 15:05:00-04:00,4.42080020904541,4.42080020904541,4.42080020904541,4.42080020904541,463,0.0,0.0
2024-09-05 15:10:00-04:00,4.425000190734863,4.425000190734863,4.420000076293945,4.420000076293945,1762,0.0,0.0
2024-09-05 15:15:00-04:00,4.414999961853027,4.414999961853027,4.414999961853027,4.414999961853027,450,0.0,0.0
2024-09-05 15:20:00-04:00,4.414999961853027,4.414999961853027,4.40500020980835,4.40500020980835,1861,0.0,0.0
2024-09-05 15:25:00-04:00,4.40500020980835,4.40500020980835,4.40500020980835,4.40500020980835,4071,0.0,0.0
2024-09-05 15:30:00-04:00,4.40500020980835,4.40500020980835,4.40369987487793,4.40500020980835,5178,0.0,0.0
2024-09-05 15:35:00-04:00,4.40500020980835,4.409999847412109,4.400000095367432,4.409999847412109,7365,0.0,0.0
2024-09-05 15:40:00-04:00,4.409999847412109,4.414999961853027,4.409999847412109,4.414999961853027,526,0.0,0.0
2024-09-05 15:45:00-04:00,4.414999961853027,4.414999961853027,4.414999961853027,4.414999961853027,548,0.0,0.0
2024-09-05 15:50:00-04:00,4.4120001792907715,4.416800022125244,4.409999847412109,4.416800022125244,1171,0.0,0.0
2024-09-05 15:55:00-04:00,4.418700218200684,4.418700218200684,4.40500020980835,4.40500020980835,6961,0.0,0.0
2024-09-06 09:30:00-04:00,4.400000095367432,4.420000076293945,4.400000095367432,4.420000076293945,4077,0.0,0.0
2024-09-06 09:35:00-04:00,4.409999847412109,4.420000076293945,4.404600143432617,4.404600143432617,2909,0.0,0.0
2024-09-06 09:40:00-04:00,4.40500020980835,4.40500020980835,4.397500038146973,4.397500038146973,1246,0.0,0.0
2024-09-06 09:45:00-04:00,4.400000095367432,4.400000095367432,4.390699863433838,4.394999980926514,3954,0.0,0.0
2024-09-06 09:50:00-04:00,4.389999866485596,4.389999866485596,4.381999969482422,4.381999969482422,1627,0.0,0.0
2024-09-06 10:00:00-04:00,4.389900207519531,4.389900207519531,4.370100021362305,4.375,8459,0.0,0.0
2024-09-06 10:05:00-04:00,4.375,4.375,4.3709001541137695,4.3709001541137695,2170,0.0,0.0
2024-09-06 10:10:00-04:00,4.375,4.380000114440918,4.375,4.375,3004,0.0,0.0
2024-09-06 10:15:00-04:00,4.375,4.380000114440918,4.375,4.380000114440918,430,0.0,0.0
2024-09-06 10:20:00-04:00,4.370100021362305,4.375,4.360000133514404,4.364999771118164,15559,0.0,0.0
2024-09-06 10:25:00-04:00,4.360000133514404,4.360000133514404,4.360000133514404,4.360000133514404,587,0.0,0.0
2024-09-06 10:30:00-04:00,4.350900173187256,4.350900173187256,4.350900173187256,4.350900173187256,1596,0.0,0.0
2024-09-06 10:35:00-04:00,4.355000019073486,4.355000019073486,4.355000019073486,4.355000019073486,2000,0.0,0.0
2024-09-06 10:40:00-04:00,4.355000019073486,4.359899997711182,4.349999904632568,4.349999904632568,902,0.0,0.0
2024-09-06 10:45:00-04:00,4.349999904632568,4.349999904632568,4.329999923706055,4.34499979019165,8707,0.0,0.0
2024-09-06 10:50:00-04:00,4.340000152587891,4.3445000648498535,4.340000152587891,4.3445000648498535,1369,0.0,0.0
2024-09-06 10:55:00-04:00,4.34499979019165,4.34499979019165,4.329999923706055,4.336699962615967,2085,0.0,0.0
2024-09-06 11:00:00-04:00,4.340000152587891,4.364999771118164,4.340000152587891,4.360000133514404,6361,0.0,0.0
2024-09-06 11:05:00-04:00,4.360099792480469,4.360099792480469,4.348999977111816,4.348999977111816,8788,0.0,0.0
2024-09-06 11:15:00-04:00,4.34499979019165,4.360000133514404,4.34499979019165,4.349999904632568,14903,0.0,0.0
2024-09-06 11:20:00-04:00,4.355000019073486,4.355000019073486,4.340000152587891,4.34499979019165,10428,0.0,0.0
2024-09-06 11:25:00-04:00,4.340000152587891,4.340000152587891,4.333799839019775,4.333799839019775,2091,0.0,0.0
2024-09-06 11:30:00-04:00,4.335000038146973,4.349999904632568,4.335000038146973,4.349999904632568,2041,0.0,0.0
2024-09-06 11:35:00-04:00,4.349800109863281,4.349800109863281,4.34499979019165,4.34499979019165,430,0.0,0.0
2024-09-06 11:40:00-04:00,4.34499979019165,4.34499979019165,4.34499979019165,4.34499979019165,219,0.0,0.0
2024-09-06 11:50:00-04:00,4.340000152587891,4.349999904632568,4.340000152587891,4.340000152587891,951,0.0,0.0
2024-09-06 11:55:00-04:00,4.34499979019165,4.34499979019165,4.34499979019165,4.34499979019165,1202,0.0,0.0
2024-09-06 12:00:00-04:00,4.34499979019165,4.349999904632568,4.34499979019165,4.34499979019165,1450,0.0,0.0
2024-09-06 12:05:00-04:00,4.34499979019165,4.349999904632568,4.34499979019165,4.349999904632568,2050,0.0,0.0
2024-09-06 12:10:00-04:00,4.34499979019165,4.349999904632568,4.34499979019165,4.34499979019165,4718,0.0,0.0
2024-09-06 12:15:00-04:00,4.34499979019165,4.34499979019165,4.34499979019165,4.34499979019165,477,0.0,0.0
2024-09-06 12:20:00-04:00,4.340000152587891,4.3470001220703125,4.340000152587891,4.340000152587891,3205,0.0,0.0
2024-09-06 12:25:00-04:00,4.343800067901611,4.349999904632568,4.335000038146973,4.335000038146973,1440,0.0,0.0
2024-09-06 12:30:00-04:00,4.335000038146973,4.335000038146973,4.335000038146973,4.335000038146973,200,0.0,0.0
2024-09-06 12:35:00-04:00,4.339399814605713,4.340000152587891,4.339000225067139,4.339000225067139,3813,0.0,0.0
2024-09-06 12:40:00-04:00,4.335000038146973,4.335000038146973,4.329999923706055,4.335000038146973,3750,0.0,0.0
2024-09-06 12:45:00-04:00,4.340000152587891,4.340000152587891,4.329999923706055,4.33620023727417,3215,0.0,0.0
2024-09-06 12:50:00-04:00,4.333899974822998,4.333899974822998,4.333899974822998,4.333899974822998,1549,0.0,0.0
2024-09-06 13:00:00-04:00,4.335000038146973,4.339900016784668,4.335000038146973,4.339900016784668,5754,0.0,0.0
2024-09-06 13:05:00-04:00,4.335000038146973,4.348899841308594,4.335000038146973,4.348899841308594,2327,0.0,0.0
2024-09-06 13:10:00-04:00,4.34499979019165,4.34499979019165,4.340000152587891,4.34499979019165,6400,0.0,0.0
2024-09-06 13:15:00-04:00,4.340099811553955,4.34499979019165,4.340099811553955,4.34499979019165,9512,0.0,0.0
2024-09-06 13:20:00-04:00,4.34499979019165,4.34499979019165,4.34499979019165,4.34499979019165,101,0.0,0.0
2024-09-06 13:25:00-04:00,4.348999977111816,4.348999977111816,4.348999977111816,4.348999977111816,2462,0.0,0.0
2024-09-06 13:45:00-04:00,4.349899768829346,4.349899768829346,4.349899768829346,4.349899768829346,1842,0.0,0.0
2024-09-06 13:50:00-04:00,4.3403000831604,4.3403000831604,4.3403000831604,4.3403000831604,256,0.0,0.0
2024-09-06 14:00:00-04:00,4.344699859619141,4.344699859619141,4.340000152587891,4.340000152587891,1440,0.0,0.0
2024-09-06 14:05:00-04:00,4.329999923706055,4.331999778747559,4.329999923706055,4.329999923706055,7281,0.0,0.0
2024-09-06 14:10:00-04:00,4.3354997634887695,4.335999965667725,4.3354997634887695,4.335999965667725,811,0.0,0.0
2024-09-06 14:15:00-04:00,4.335000038146973,4.335000038146973,4.329999923706055,4.329999923706055,1749,0.0,0.0
2024-09-06 14:20:00-04:00,4.329899787902832,4.329999923706055,4.329899787902832,4.329999923706055,728,0.0,0.0
2024-09-06 14:25:00-04:00,4.329899787902832,4.329899787902832,4.324999809265137,4.324999809265137,760,0.0,0.0
2024-09-06 14:30:00-04:00,4.329999923706055,4.329999923706055,4.324999809265137,4.325799942016602,3147,0.0,0.0
2024-09-06 14:35:00-04:00,4.329999923706055,4.329999923706055,4.324999809265137,4.324999809265137,890,0.0,0.0
2024-09-06 14:45:00-04:00,4.323299884796143,4.323299884796143,4.323299884796143,4.323299884796143,3045,0.0,0.0
2024-09-06 14:50:00-04:00,4.329899787902832,4.329899787902832,4.324999809265137,4.329899787902832,3489,0.0,0.0
2024-09-06 14:55:00-04:00,4.329999923706055,4.329999923706055,4.324999809265137,4.324999809265137,604,0.0,0.0
2024-09-06 15:00:00-04:00,4.329999923706055,4.329999923706055,4.3292999267578125,4.3292999267578125,700,0.0,0.0
2024-09-06 15:05:00-04:00,4.329999923706055,4.3379998207092285,4.329999923706055,4.3379998207092285,3606,0.0,0.0
2024-09-06 15:10:00-04:00,4.339000225067139,4.339000225067139,4.339000225067139,4.339000225067139,269,0.0,0.0
2024-09-06 15:15:00-04:00,4.335000038146973,4.338799953460693,4.335000038146973,4.338799953460693,3701,0.0,0.0
2024-09-06 15:20:00-04:00,4.339900016784668,4.340000152587891,4.335000038146973,4.340000152587891,3315,0.0,0.0
2024-09-06 15:25:00-04:00,4.34499979019165,4.355000019073486,4.34499979019165,4.355000019073486,10465,0.0,0.0
2024-09-06 15:30:00-04:00,4.3520002365112305,4.355000019073486,4.3520002365112305,4.355000019073486,741,0.0,0.0
2024-09-06 15:35:00-04:00,4.355000019073486,4.359899997711182,4.355000019073486,4.355000019073486,4534,0.0,0.0
2024-09-06 15:40:00-04:00,4.355000019073486,4.355000019073486,4.349999904632568,4.349999904632568,2233,0.0,0.0
2024-09-06 15:45:00-04:00,4.356599807739258,4.364999771118164,4.355000019073486,4.364999771118164,6379,0.0,0.0
2024-09-06 15:50:00-04:00,4.364999771118164,4.366499900817871,4.360000133514404,4.360000133514404,1862,0.0,0.0
2024-09-06 15:55:00-04:00,4.360000133514404,4.369999885559082,4.360000133514404,4.369999885559082,1601,0.0,0.0
