Datetime,Open,High,Low,Close,Volume,Dividends,Stock Splits
2024-08-07 09:30:00-04:00,2.4800000190734863,2.4800000190734863,2.4800000190734863,2.4800000190734863,1808,0.0,0.0
2024-08-07 10:10:00-04:00,2.5,2.5,2.5,2.5,206,0.0,0.0
2024-08-07 10:30:00-04:00,2.4149999618530273,2.5,2.4149999618530273,2.5,1066,0.0,0.0
2024-08-07 10:50:00-04:00,2.4700000286102295,2.4700000286102295,2.4700000286102295,2.4700000286102295,376,0.0,0.0
2024-08-07 10:55:00-04:00,2.440000057220459,2.444999933242798,2.440000057220459,2.444999933242798,300,0.0,0.0
2024-08-07 11:00:00-04:00,2.4100000858306885,2.424999952316284,2.4100000858306885,2.4200000762939453,2818,0.0,0.0
2024-08-07 11:15:00-04:00,2.3949999809265137,2.3949999809265137,2.369999885559082,2.369999885559082,1360,0.0,0.0
2024-08-07 11:20:00-04:00,2.380000114440918,2.380000114440918,2.380000114440918,2.380000114440918,332,0.0,0.0
2024-08-07 11:40:00-04:00,2.359999895095825,2.359999895095825,2.359999895095825,2.359999895095825,432,0.0,0.0
2024-08-07 11:45:00-04:00,2.3399999141693115,2.3399999141693115,2.3399999141693115,2.3399999141693115,419,0.0,0.0
2024-08-07 12:05:00-04:00,2.3350000381469727,2.3350000381469727,2.3350000381469727,2.3350000381469727,1305,0.0,0.0
2024-08-07 12:30:00-04:00,2.319999933242798,2.319999933242798,2.319999933242798,2.319999933242798,309,0.0,0.0
2024-08-07 12:45:00-04:00,2.299999952316284,2.299999952316284,2.2799999713897705,2.2950000762939453,2788,0.0,0.0
2024-08-07 12:50:00-04:00,2.309999942779541,2.309999942779541,2.2899999618530273,2.2899999618530273,2263,0.0,0.0
2024-08-07 13:00:00-04:00,2.2899999618530273,2.299999952316284,2.2799999713897705,2.299999952316284,2623,0.0,0.0
2024-08-07 13:05:00-04:00,2.305000066757202,2.305000066757202,2.305000066757202,2.305000066757202,101,0.0,0.0
2024-08-07 13:15:00-04:00,2.319999933242798,2.319999933242798,2.319999933242798,2.319999933242798,653,0.0,0.0
2024-08-07 13:25:00-04:00,2.309999942779541,2.309999942779541,2.309999942779541,2.309999942779541,102,0.0,0.0
2024-08-07 13:30:00-04:00,2.303999900817871,2.303999900817871,2.2899999618530273,2.2899999618530273,665,0.0,0.0
2024-08-07 13:35:00-04:00,2.2899999618530273,2.2899999618530273,2.2899999618530273,2.2899999618530273,102,0.0,0.0
2024-08-07 13:40:00-04:00,2.2899999618530273,2.309999942779541,2.2899999618530273,2.3053998947143555,1422,0.0,0.0
2024-08-07 13:45:00-04:00,2.2899999618530273,2.2899999618530273,2.2899999618530273,2.2899999618530273,860,0.0,0.0
2024-08-07 13:50:00-04:00,2.2699999809265137,2.2699999809265137,2.2699999809265137,2.2699999809265137,402,0.0,0.0
2024-08-07 13:55:00-04:00,2.259999990463257,2.259999990463257,2.240000009536743,2.244999885559082,1553,0.0,0.0
2024-08-07 14:00:00-04:00,2.24399995803833,2.24399995803833,2.24399995803833,2.24399995803833,649,0.0,0.0
2024-08-07 14:10:00-04:00,2.259999990463257,2.259999990463257,2.259999990463257,2.259999990463257,390,0.0,0.0
2024-08-07 14:15:00-04:00,2.2300000190734863,2.2499001026153564,2.2300000190734863,2.2499001026153564,3497,0.0,0.0
2024-08-07 14:20:00-04:00,2.2300000190734863,2.2300000190734863,2.2300000190734863,2.2300000190734863,0,0.0,0.0
2024-08-07 14:25:00-04:00,2.2300000190734863,2.2300000190734863,2.2300000190734863,2.2300000190734863,259,0.0,0.0
2024-08-07 14:30:00-04:00,2.240000009536743,2.240000009536743,2.240000009536743,2.240000009536743,1351,0.0,0.0
2024-08-07 14:40:00-04:00,2.2300000190734863,2.2300000190734863,2.2300000190734863,2.2300000190734863,200,0.0,0.0
2024-08-07 14:45:00-04:00,2.2300000190734863,2.2300000190734863,2.2090001106262207,2.2090001106262207,1390,0.0,0.0
2024-08-07 14:55:00-04:00,2.2100000381469727,2.2100000381469727,2.2100000381469727,2.2100000381469727,852,0.0,0.0
2024-08-07 15:00:00-04:00,2.2300000190734863,2.240000009536743,2.2300000190734863,2.240000009536743,551,0.0,0.0
2024-08-07 15:05:00-04:00,2.240000009536743,2.240000009536743,2.240000009536743,2.240000009536743,1136,0.0,0.0
2024-08-07 15:15:00-04:00,2.259700059890747,2.259700059890747,2.240000009536743,2.240000009536743,567,0.0,0.0
2024-08-07 15:20:00-04:00,2.240000009536743,2.240000009536743,2.240000009536743,2.240000009536743,209,0.0,0.0
2024-08-07 15:25:00-04:00,2.259999990463257,2.259999990463257,2.259999990463257,2.259999990463257,160,0.0,0.0
2024-08-07 15:30:00-04:00,2.255000114440918,2.255000114440918,2.255000114440918,2.255000114440918,576,0.0,0.0
2024-08-07 15:35:00-04:00,2.244999885559082,2.244999885559082,2.244999885559082,2.244999885559082,112,0.0,0.0
2024-08-07 15:45:00-04:00,2.240000009536743,2.25,2.240000009536743,2.25,4932,0.0,0.0
2024-08-07 15:50:00-04:00,2.25,2.2699999809265137,2.25,2.2699999809265137,2572,0.0,0.0
2024-08-07 15:55:00-04:00,2.25,2.259999990463257,2.2200000286102295,2.2300000190734863,7117,0.0,0.0
2024-08-08 09:30:00-04:00,2.3499999046325684,2.659899950027466,2.3399999141693115,2.340100049972534,2762,0.0,0.0
2024-08-08 10:00:00-04:00,2.5299999713897705,2.5299999713897705,2.5299999713897705,2.5299999713897705,305,0.0,0.0
2024-08-08 10:05:00-04:00,2.5299999713897705,2.5299999713897705,2.340100049972534,2.340100049972534,401,0.0,0.0
2024-08-08 10:10:00-04:00,2.3399999141693115,2.5,2.3299999237060547,2.494999885559082,795,0.0,0.0
2024-08-08 10:15:00-04:00,2.395900011062622,2.395900011062622,2.395900011062622,2.395900011062622,1259,0.0,0.0
2024-08-08 10:30:00-04:00,2.3550000190734863,2.3550000190734863,2.3550000190734863,2.3550000190734863,593,0.0,0.0
2024-08-08 10:40:00-04:00,2.3399999141693115,2.4100000858306885,2.3299999237060547,2.4100000858306885,1345,0.0,0.0
2024-08-08 11:25:00-04:00,2.3550000190734863,2.384999990463257,2.3499999046325684,2.384999990463257,4956,0.0,0.0
2024-08-08 11:35:00-04:00,2.4100000858306885,2.4100000858306885,2.4100000858306885,2.4100000858306885,319,0.0,0.0
2024-08-08 11:50:00-04:00,2.4049999713897705,2.4200000762939453,2.4049999713897705,2.4189999103546143,2838,0.0,0.0
2024-08-08 12:00:00-04:00,2.4000000953674316,2.4000000953674316,2.3940000534057617,2.3940000534057617,810,0.0,0.0
2024-08-08 12:05:00-04:00,2.390000104904175,2.390000104904175,2.390000104904175,2.390000104904175,643,0.0,0.0
2024-08-08 12:25:00-04:00,2.380000114440918,2.380000114440918,2.380000114440918,2.380000114440918,610,0.0,0.0
2024-08-08 12:40:00-04:00,2.4100000858306885,2.4100000858306885,2.4100000858306885,2.4100000858306885,200,0.0,0.0
2024-08-08 12:45:00-04:00,2.390000104904175,2.390000104904175,2.3889999389648438,2.3889999389648438,363,0.0,0.0
2024-08-08 13:30:00-04:00,2.375,2.375,2.375,2.375,632,0.0,0.0
2024-08-08 14:35:00-04:00,2.390000104904175,2.390000104904175,2.390000104904175,2.390000104904175,1479,0.0,0.0
2024-08-08 14:50:00-04:00,2.380000114440918,2.450000047683716,2.380000114440918,2.4240000247955322,8518,0.0,0.0
2024-08-08 14:55:00-04:00,2.4100000858306885,2.4100000858306885,2.4100000858306885,2.4100000858306885,0,0.0,0.0
2024-08-08 15:00:00-04:00,2.424999952316284,2.424999952316284,2.424999952316284,2.424999952316284,888,0.0,0.0
2024-08-08 15:10:00-04:00,2.440000057220459,2.440000057220459,2.430000066757202,2.430000066757202,601,0.0,0.0
2024-08-08 15:15:00-04:00,2.414799928665161,2.430000066757202,2.390000104904175,2.390000104904175,5655,0.0,0.0
2024-08-08 15:30:00-04:00,2.4000000953674316,2.4000000953674316,2.4000000953674316,2.4000000953674316,166,0.0,0.0
2024-08-08 15:35:00-04:00,2.4049999713897705,2.4049999713897705,2.4049999713897705,2.4049999713897705,414,0.0,0.0
2024-08-08 15:50:00-04:00,2.4049999713897705,2.4200000762939453,2.4049999713897705,2.4200000762939453,3261,0.0,0.0
2024-08-08 15:55:00-04:00,2.390000104904175,2.4000000953674316,2.359999895095825,2.4000000953674316,3316,0.0,0.0
2024-08-09 09:30:00-04:00,2.4200000762939453,2.4200000762939453,2.4200000762939453,2.4200000762939453,1594,0.0,0.0
2024-08-09 09:45:00-04:00,2.359999895095825,2.359999895095825,2.359999895095825,2.359999895095825,2584,0.0,0.0
2024-08-09 10:30:00-04:00,2.4189999103546143,2.434999942779541,2.4189999103546143,2.434999942779541,4941,0.0,0.0
2024-08-09 10:40:00-04:00,2.424999952316284,2.424999952316284,2.3949999809265137,2.3949999809265137,12539,0.0,0.0
2024-08-09 10:50:00-04:00,2.390000104904175,2.390000104904175,2.390000104904175,2.390000104904175,674,0.0,0.0
2024-08-09 10:55:00-04:00,2.390000104904175,2.390000104904175,2.390000104904175,2.390000104904175,175,0.0,0.0
2024-08-09 11:05:00-04:00,2.3698999881744385,2.3698999881744385,2.3499999046325684,2.3499999046325684,780,0.0,0.0
2024-08-09 11:10:00-04:00,2.3499999046325684,2.3499999046325684,2.3499999046325684,2.3499999046325684,224,0.0,0.0
2024-08-09 11:35:00-04:00,2.3450000286102295,2.3450000286102295,2.3299999237060547,2.3299999237060547,1078,0.0,0.0
2024-08-09 11:40:00-04:00,2.2799999713897705,2.2799999713897705,2.2699999809265137,2.2699999809265137,1590,0.0,0.0
2024-08-09 12:00:00-04:00,2.2799999713897705,2.2799999713897705,2.264400005340576,2.2799999713897705,18801,0.0,0.0
2024-08-09 12:05:00-04:00,2.2790000438690186,2.2790000438690186,2.2790000438690186,2.2790000438690186,1246,0.0,0.0
2024-08-09 12:50:00-04:00,2.2699999809265137,2.2699999809265137,2.2699999809265137,2.2699999809265137,376,0.0,0.0
2024-08-09 13:00:00-04:00,2.25,2.25,2.25,2.25,1675,0.0,0.0
2024-08-09 13:05:00-04:00,2.2699999809265137,2.2699999809265137,2.240000009536743,2.240000009536743,976,0.0,0.0
2024-08-09 13:15:00-04:00,2.259999990463257,2.2699999809265137,2.25,2.25,2154,0.0,0.0
2024-08-09 13:20:00-04:00,2.2699999809265137,2.2699999809265137,2.2699999809265137,2.2699999809265137,544,0.0,0.0
2024-08-09 13:30:00-04:00,2.299999952316284,2.390000104904175,2.299999952316284,2.390000104904175,6470,0.0,0.0
2024-08-09 13:40:00-04:00,2.4100000858306885,2.4100000858306885,2.393899917602539,2.393899917602539,5886,0.0,0.0
2024-08-09 13:55:00-04:00,2.375,2.375,2.375,2.375,760,0.0,0.0
2024-08-09 14:00:00-04:00,2.3499999046325684,2.3499999046325684,2.3499999046325684,2.3499999046325684,1201,0.0,0.0
2024-08-09 14:05:00-04:00,2.3399999141693115,2.3399999141693115,2.3399999141693115,2.3399999141693115,1001,0.0,0.0
2024-08-09 14:10:00-04:00,2.359999895095825,2.359999895095825,2.359999895095825,2.359999895095825,741,0.0,0.0
2024-08-09 15:00:00-04:00,2.3864998817443848,2.390000104904175,2.3864998817443848,2.390000104904175,573,0.0,0.0
2024-08-09 15:05:00-04:00,2.3775999546051025,2.3864998817443848,2.3775999546051025,2.3864998817443848,203,0.0,0.0
2024-08-09 15:10:00-04:00,2.359999895095825,2.359999895095825,2.359999895095825,2.359999895095825,2384,0.0,0.0
2024-08-09 15:35:00-04:00,2.319999933242798,2.380000114440918,2.319999933242798,2.380000114440918,4345,0.0,0.0
2024-08-09 15:45:00-04:00,2.390000104904175,2.4000000953674316,2.390000104904175,2.390000104904175,4699,0.0,0.0
2024-08-09 15:50:00-04:00,2.369999885559082,2.369999885559082,2.3605000972747803,2.3605000972747803,1429,0.0,0.0
2024-08-09 15:55:00-04:00,2.359999895095825,2.38700008392334,2.359999895095825,2.38700008392334,1370,0.0,0.0
2024-08-12 09:30:00-04:00,2.390000104904175,2.390000104904175,2.390000104904175,2.390000104904175,980,0.0,0.0
2024-08-12 10:05:00-04:00,2.45989990234375,2.45989990234375,2.45989990234375,2.45989990234375,562,0.0,0.0
2024-08-12 10:25:00-04:00,2.359999895095825,2.359999895095825,2.359999895095825,2.359999895095825,227,0.0,0.0
2024-08-12 10:30:00-04:00,2.367000102996826,2.367000102996826,2.367000102996826,2.367000102996826,766,0.0,0.0
2024-08-12 10:35:00-04:00,2.369999885559082,2.369999885559082,2.3399999141693115,2.3399999141693115,1360,0.0,0.0
2024-08-12 10:45:00-04:00,2.2799999713897705,2.2799999713897705,2.2799999713897705,2.2799999713897705,110,0.0,0.0
2024-08-12 10:55:00-04:00,2.2799999713897705,2.280100107192993,2.2799999713897705,2.280100107192993,429,0.0,0.0
2024-08-12 11:00:00-04:00,2.309999942779541,2.309999942779541,2.309999942779541,2.309999942779541,1783,0.0,0.0
2024-08-12 11:20:00-04:00,2.3350000381469727,2.3499999046325684,2.3299999237060547,2.3499999046325684,3300,0.0,0.0
2024-08-12 11:35:00-04:00,2.3550000190734863,2.359999895095825,2.3399999141693115,2.3399999141693115,1474,0.0,0.0
2024-08-12 11:40:00-04:00,2.3399999141693115,2.3450000286102295,2.3350000381469727,2.3450000286102295,2912,0.0,0.0
2024-08-12 11:45:00-04:00,2.3499999046325684,2.3499999046325684,2.3499999046325684,2.3499999046325684,1237,0.0,0.0
2024-08-12 11:50:00-04:00,2.3550000190734863,2.3550000190734863,2.3550000190734863,2.3550000190734863,238,0.0,0.0
2024-08-12 12:05:00-04:00,2.3399999141693115,2.3559000492095947,2.3399999141693115,2.3489999771118164,5328,0.0,0.0
2024-08-12 12:10:00-04:00,2.3499999046325684,2.3499999046325684,2.3499999046325684,2.3499999046325684,0,0.0,0.0
2024-08-12 12:15:00-04:00,2.3450000286102295,2.3450000286102295,2.3450000286102295,2.3450000286102295,402,0.0,0.0
2024-08-12 12:25:00-04:00,2.3580000400543213,2.359999895095825,2.3580000400543213,2.359999895095825,1065,0.0,0.0
2024-08-12 12:35:00-04:00,2.309999942779541,2.319999933242798,2.309999942779541,2.319999933242798,354,0.0,0.0
2024-08-12 12:45:00-04:00,2.3350000381469727,2.3350000381469727,2.3350000381469727,2.3350000381469727,509,0.0,0.0
2024-08-12 12:55:00-04:00,2.3399999141693115,2.3399999141693115,2.3399999141693115,2.3399999141693115,2580,0.0,0.0
2024-08-12 13:00:00-04:00,2.3399999141693115,2.3399999141693115,2.3399999141693115,2.3399999141693115,0,0.0,0.0
2024-08-12 13:15:00-04:00,2.3399999141693115,2.3399999141693115,2.3399999141693115,2.3399999141693115,312,0.0,0.0
2024-08-12 13:20:00-04:00,2.309999942779541,2.3399999141693115,2.309999942779541,2.3399999141693115,1178,0.0,0.0
2024-08-12 13:45:00-04:00,2.309999942779541,2.309999942779541,2.309999942779541,2.309999942779541,143,0.0,0.0
2024-08-12 13:50:00-04:00,2.315999984741211,2.315999984741211,2.315999984741211,2.315999984741211,577,0.0,0.0
2024-08-12 14:10:00-04:00,2.309999942779541,2.3450000286102295,2.309999942779541,2.3450000286102295,543,0.0,0.0
2024-08-12 14:25:00-04:00,2.319999933242798,2.319999933242798,2.319999933242798,2.319999933242798,124,0.0,0.0
2024-08-12 14:35:00-04:00,2.319999933242798,2.319999933242798,2.319999933242798,2.319999933242798,186,0.0,0.0
2024-08-12 14:55:00-04:00,2.3299999237060547,2.3299999237060547,2.319999933242798,2.319999933242798,306,0.0,0.0
2024-08-12 15:00:00-04:00,2.319999933242798,2.319999933242798,2.319999933242798,2.319999933242798,43,0.0,0.0
2024-08-12 15:15:00-04:00,2.3450000286102295,2.3450000286102295,2.3450000286102295,2.3450000286102295,367,0.0,0.0
2024-08-12 15:25:00-04:00,2.3399999141693115,2.365799903869629,2.3399999141693115,2.365799903869629,1845,0.0,0.0
2024-08-12 15:45:00-04:00,2.3299999237060547,2.3399999141693115,2.3299999237060547,2.3350000381469727,2068,0.0,0.0
2024-08-12 15:50:00-04:00,2.3350000381469727,2.349400043487549,2.3350000381469727,2.3350000381469727,3065,0.0,0.0
2024-08-12 15:55:00-04:00,2.3299999237060547,2.359999895095825,2.3299999237060547,2.3550000190734863,6852,0.0,0.0
2024-08-13 09:30:00-04:00,2.369999885559082,2.369999885559082,2.369999885559082,2.369999885559082,404,0.0,0.0
2024-08-13 09:35:00-04:00,2.3450000286102295,2.3450000286102295,2.3450000286102295,2.3450000286102295,3500,0.0,0.0
2024-08-13 09:45:00-04:00,2.434999942779541,2.434999942779541,2.434999942779541,2.434999942779541,1152,0.0,0.0
2024-08-13 10:00:00-04:00,2.440000057220459,2.440000057220459,2.440000057220459,2.440000057220459,756,0.0,0.0
2024-08-13 10:45:00-04:00,2.4100000858306885,2.4100000858306885,2.4100000858306885,2.4100000858306885,4833,0.0,0.0
2024-08-13 10:50:00-04:00,2.4100000858306885,2.4100000858306885,2.4100000858306885,2.4100000858306885,0,0.0,0.0
2024-08-13 11:25:00-04:00,2.450000047683716,2.450000047683716,2.450000047683716,2.450000047683716,421,0.0,0.0
2024-08-13 11:35:00-04:00,2.4200000762939453,2.4200000762939453,2.4200000762939453,2.4200000762939453,1532,0.0,0.0
2024-08-13 12:00:00-04:00,2.434999942779541,2.434999942779541,2.434999942779541,2.434999942779541,305,0.0,0.0
2024-08-13 12:05:00-04:00,2.450000047683716,2.450000047683716,2.450000047683716,2.450000047683716,500,0.0,0.0
2024-08-13 12:10:00-04:00,2.4800000190734863,2.490000009536743,2.4800000190734863,2.4800000190734863,569,0.0,0.0
2024-08-13 13:00:00-04:00,2.511699914932251,2.511699914932251,2.509999990463257,2.509999990463257,4756,0.0,0.0
2024-08-13 13:25:00-04:00,2.490000009536743,2.490000009536743,2.490000009536743,2.490000009536743,203,0.0,0.0
2024-08-13 13:30:00-04:00,2.490000009536743,2.490000009536743,2.490000009536743,2.490000009536743,149,0.0,0.0
2024-08-13 13:45:00-04:00,2.490000009536743,2.5,2.490000009536743,2.490000009536743,1108,0.0,0.0
2024-08-13 14:35:00-04:00,2.490000009536743,2.490000009536743,2.490000009536743,2.490000009536743,200,0.0,0.0
2024-08-13 14:45:00-04:00,2.4800000190734863,2.4800000190734863,2.4800000190734863,2.4800000190734863,100,0.0,0.0
2024-08-13 15:00:00-04:00,2.490000009536743,2.490000009536743,2.490000009536743,2.490000009536743,269,0.0,0.0
2024-08-13 15:15:00-04:00,2.4800000190734863,2.4800000190734863,2.4800000190734863,2.4800000190734863,1072,0.0,0.0
2024-08-13 15:30:00-04:00,2.4549999237060547,2.4549999237060547,2.4549999237060547,2.4549999237060547,486,0.0,0.0
2024-08-13 15:40:00-04:00,2.4800000190734863,2.4800000190734863,2.4800000190734863,2.4800000190734863,571,0.0,0.0
2024-08-13 15:50:00-04:00,2.509999990463257,2.5399999618530273,2.509999990463257,2.5399999618530273,1600,0.0,0.0
2024-08-13 15:55:00-04:00,2.5399999618530273,2.5399999618530273,2.509999990463257,2.509999990463257,3529,0.0,0.0
2024-08-14 09:30:00-04:00,2.549999952316284,2.5546000003814697,2.5250000953674316,2.5250000953674316,5622,0.0,0.0
2024-08-14 10:10:00-04:00,2.4600000381469727,2.4600000381469727,2.440000057220459,2.440000057220459,269,0.0,0.0
2024-08-14 10:20:00-04:00,2.4100000858306885,2.440000057220459,2.4100000858306885,2.440000057220459,624,0.0,0.0
2024-08-14 10:30:00-04:00,2.4200000762939453,2.4200000762939453,2.4200000762939453,2.4200000762939453,413,0.0,0.0
2024-08-14 10:50:00-04:00,2.4100000858306885,2.4100000858306885,2.4100000858306885,2.4100000858306885,152,0.0,0.0
2024-08-14 11:05:00-04:00,2.4000000953674316,2.4000000953674316,2.4000000953674316,2.4000000953674316,115,0.0,0.0
2024-08-14 11:15:00-04:00,2.4100000858306885,2.4100000858306885,2.4000000953674316,2.4100000858306885,871,0.0,0.0
2024-08-14 11:30:00-04:00,2.4200000762939453,2.4200000762939453,2.4200000762939453,2.4200000762939453,2248,0.0,0.0
2024-08-14 11:40:00-04:00,2.4100000858306885,2.4100000858306885,2.4100000858306885,2.4100000858306885,210,0.0,0.0
2024-08-14 12:00:00-04:00,2.4100000858306885,2.4100000858306885,2.4100000858306885,2.4100000858306885,1230,0.0,0.0
2024-08-14 12:05:00-04:00,2.4000000953674316,2.4000000953674316,2.4000000953674316,2.4000000953674316,2265,0.0,0.0
2024-08-14 12:10:00-04:00,2.380000114440918,2.380000114440918,2.369999885559082,2.369999885559082,362,0.0,0.0
2024-08-14 12:15:00-04:00,2.3299999237060547,2.3299999237060547,2.3299999237060547,2.3299999237060547,919,0.0,0.0
2024-08-14 12:20:00-04:00,2.309999942779541,2.309999942779541,2.309999942779541,2.309999942779541,408,0.0,0.0
2024-08-14 12:55:00-04:00,2.309999942779541,2.3399999141693115,2.309999942779541,2.3399999141693115,2526,0.0,0.0
2024-08-14 13:15:00-04:00,2.3299999237060547,2.3299999237060547,2.319999933242798,2.319999933242798,1929,0.0,0.0
2024-08-14 13:50:00-04:00,2.3299999237060547,2.3299999237060547,2.3299999237060547,2.3299999237060547,330,0.0,0.0
2024-08-14 13:55:00-04:00,2.3399999141693115,2.3399999141693115,2.3399999141693115,2.3399999141693115,172,0.0,0.0
2024-08-14 14:05:00-04:00,2.359999895095825,2.359999895095825,2.359999895095825,2.359999895095825,664,0.0,0.0
2024-08-14 14:15:00-04:00,2.3450000286102295,2.3450000286102295,2.319999933242798,2.319999933242798,16321,0.0,0.0
2024-08-14 14:25:00-04:00,2.3440001010894775,2.3440001010894775,2.3440001010894775,2.3440001010894775,4163,0.0,0.0
2024-08-14 15:40:00-04:00,2.319999933242798,2.319999933242798,2.319999933242798,2.319999933242798,802,0.0,0.0
2024-08-14 15:45:00-04:00,2.343400001525879,2.343400001525879,2.343400001525879,2.343400001525879,340,0.0,0.0
2024-08-14 15:55:00-04:00,2.3299999237060547,2.3499999046325684,2.319999933242798,2.3399999141693115,4555,0.0,0.0
2024-08-15 09:30:00-04:00,2.4600000381469727,2.4600000381469727,2.4600000381469727,2.4600000381469727,1432,0.0,0.0
2024-08-15 09:35:00-04:00,2.4549999237060547,2.4549999237060547,2.4200000762939453,2.4200000762939453,713,0.0,0.0
2024-08-15 09:55:00-04:00,2.4200000762939453,2.4200000762939453,2.4200000762939453,2.4200000762939453,102,0.0,0.0
2024-08-15 10:10:00-04:00,2.4200000762939453,2.4200000762939453,2.4100000858306885,2.4100000858306885,3027,0.0,0.0
2024-08-15 10:25:00-04:00,2.450000047683716,2.4800000190734863,2.450000047683716,2.4600000381469727,4911,0.0,0.0
2024-08-15 10:30:00-04:00,2.4749999046325684,2.4749999046325684,2.4749999046325684,2.4749999046325684,540,0.0,0.0
2024-08-15 10:45:00-04:00,2.441200017929077,2.441200017929077,2.441200017929077,2.441200017929077,917,0.0,0.0
2024-08-15 10:50:00-04:00,2.4749999046325684,2.4749999046325684,2.450000047683716,2.450000047683716,540,0.0,0.0
2024-08-15 11:05:00-04:00,2.5199999809265137,2.5299999713897705,2.509999990463257,2.509999990463257,2239,0.0,0.0
2024-08-15 11:25:00-04:00,2.490000009536743,2.490000009536743,2.490000009536743,2.490000009536743,200,0.0,0.0
2024-08-15 11:30:00-04:00,2.4800000190734863,2.4800000190734863,2.4800000190734863,2.4800000190734863,10,0.0,0.0
2024-08-15 11:45:00-04:00,2.5199999809265137,2.5199999809265137,2.5199999809265137,2.5199999809265137,120,0.0,0.0
2024-08-15 11:50:00-04:00,2.5,2.5199999809265137,2.5,2.5199999809265137,336,0.0,0.0
2024-08-15 11:55:00-04:00,2.505000114440918,2.505000114440918,2.490000009536743,2.490000009536743,702,0.0,0.0
2024-08-15 12:05:00-04:00,2.492000102996826,2.492000102996826,2.492000102996826,2.492000102996826,200,0.0,0.0
2024-08-15 12:10:00-04:00,2.5199999809265137,2.5799999237060547,2.490000009536743,2.490000009536743,3281,0.0,0.0
2024-08-15 12:55:00-04:00,2.509999990463257,2.509999990463257,2.509999990463257,2.509999990463257,201,0.0,0.0
2024-08-15 13:00:00-04:00,2.511399984359741,2.511399984359741,2.511399984359741,2.511399984359741,1044,0.0,0.0
2024-08-15 13:20:00-04:00,2.5399999618530273,2.5399999618530273,2.5399999618530273,2.5399999618530273,527,0.0,0.0
2024-08-15 13:35:00-04:00,2.5399999618530273,2.5399999618530273,2.5399999618530273,2.5399999618530273,210,0.0,0.0
2024-08-15 13:40:00-04:00,2.555000066757202,2.5799999237060547,2.555000066757202,2.559999942779541,3618,0.0,0.0
2024-08-15 14:05:00-04:00,2.573499917984009,2.573499917984009,2.569999933242798,2.569999933242798,685,0.0,0.0
2024-08-15 14:10:00-04:00,2.565000057220459,2.565000057220459,2.565000057220459,2.565000057220459,200,0.0,0.0
2024-08-15 14:15:00-04:00,2.5401999950408936,2.5401999950408936,2.5401999950408936,2.5401999950408936,232,0.0,0.0
2024-08-15 14:30:00-04:00,2.565000057220459,2.565000057220459,2.565000057220459,2.565000057220459,1714,0.0,0.0
2024-08-15 14:45:00-04:00,2.5899999141693115,2.5899999141693115,2.569999933242798,2.569999933242798,401,0.0,0.0
2024-08-15 14:50:00-04:00,2.619999885559082,2.619999885559082,2.619999885559082,2.619999885559082,745,0.0,0.0
2024-08-15 15:10:00-04:00,2.5999999046325684,2.6600000858306885,2.5999999046325684,2.6600000858306885,703,0.0,0.0
2024-08-15 15:15:00-04:00,2.6500000953674316,2.7300000190734863,2.6500000953674316,2.7200000286102295,11372,0.0,0.0
2024-08-15 15:20:00-04:00,2.690000057220459,2.690000057220459,2.690000057220459,2.690000057220459,101,0.0,0.0
2024-08-15 15:25:00-04:00,2.690000057220459,2.690000057220459,2.690000057220459,2.690000057220459,5189,0.0,0.0
2024-08-15 15:35:00-04:00,2.6600000858306885,2.6600000858306885,2.6600000858306885,2.6600000858306885,1007,0.0,0.0
2024-08-15 15:50:00-04:00,2.630000114440918,2.680000066757202,2.630000114440918,2.6500000953674316,3407,0.0,0.0
2024-08-15 15:55:00-04:00,2.6700000762939453,2.6700000762939453,2.630000114440918,2.640000104904175,4774,0.0,0.0
2024-08-16 09:30:00-04:00,2.630000114440918,2.630000114440918,2.630000114440918,2.630000114440918,4306,0.0,0.0
2024-08-16 09:35:00-04:00,2.6108999252319336,2.6108999252319336,2.6108999252319336,2.6108999252319336,1064,0.0,0.0
2024-08-16 09:40:00-04:00,2.5799999237060547,2.630000114440918,2.5799999237060547,2.630000114440918,452,0.0,0.0
2024-08-16 10:05:00-04:00,2.5899999141693115,2.5899999141693115,2.5899999141693115,2.5899999141693115,340,0.0,0.0
2024-08-16 10:25:00-04:00,2.5899999141693115,2.5899999141693115,2.5799999237060547,2.5799999237060547,839,0.0,0.0
2024-08-16 10:30:00-04:00,2.549999952316284,2.549999952316284,2.4860000610351562,2.4860000610351562,704,0.0,0.0
2024-08-16 10:40:00-04:00,2.494999885559082,2.494999885559082,2.494999885559082,2.494999885559082,2218,0.0,0.0
2024-08-16 10:45:00-04:00,2.484999895095825,2.484999895095825,2.484999895095825,2.484999895095825,631,0.0,0.0
2024-08-16 10:50:00-04:00,2.450000047683716,2.450000047683716,2.450000047683716,2.450000047683716,303,0.0,0.0
2024-08-16 11:05:00-04:00,2.4600000381469727,2.4700000286102295,2.4200000762939453,2.4200000762939453,2288,0.0,0.0
2024-08-16 11:15:00-04:00,2.4200000762939453,2.4700000286102295,2.4200000762939453,2.4700000286102295,973,0.0,0.0
2024-08-16 11:30:00-04:00,2.5,2.505000114440918,2.5,2.505000114440918,550,0.0,0.0
2024-08-16 11:40:00-04:00,2.509999990463257,2.509999990463257,2.509999990463257,2.509999990463257,189,0.0,0.0
2024-08-16 12:00:00-04:00,2.515000104904175,2.515000104904175,2.515000104904175,2.515000104904175,5309,0.0,0.0
2024-08-16 12:25:00-04:00,2.509999990463257,2.509999990463257,2.509999990463257,2.509999990463257,291,0.0,0.0
2024-08-16 12:45:00-04:00,2.4600000381469727,2.4600000381469727,2.4600000381469727,2.4600000381469727,258,0.0,0.0
2024-08-16 12:50:00-04:00,2.5143001079559326,2.5143001079559326,2.5143001079559326,2.5143001079559326,1326,0.0,0.0
2024-08-16 14:05:00-04:00,2.4800000190734863,2.4800000190734863,2.4800000190734863,2.4800000190734863,505,0.0,0.0
2024-08-16 15:00:00-04:00,2.5,2.5,2.5,2.5,151,0.0,0.0
2024-08-16 15:15:00-04:00,2.515000104904175,2.515000104904175,2.515000104904175,2.515000104904175,115,0.0,0.0
2024-08-16 15:30:00-04:00,2.5299999713897705,2.5299999713897705,2.5199999809265137,2.5199999809265137,710,0.0,0.0
2024-08-16 15:50:00-04:00,2.5199999809265137,2.5199999809265137,2.5199999809265137,2.5199999809265137,845,0.0,0.0
2024-08-16 15:55:00-04:00,2.5299999713897705,2.5299999713897705,2.5,2.5,3936,0.0,0.0
2024-08-19 09:30:00-04:00,2.549999952316284,2.549999952316284,2.549999952316284,2.549999952316284,744,0.0,0.0
2024-08-19 09:35:00-04:00,2.549999952316284,2.549999952316284,2.549999952316284,2.549999952316284,1004,0.0,0.0
2024-08-19 09:40:00-04:00,2.5964999198913574,2.5964999198913574,2.5339999198913574,2.559999942779541,1245,0.0,0.0
2024-08-19 10:15:00-04:00,2.549999952316284,2.549999952316284,2.549999952316284,2.549999952316284,783,0.0,0.0
2024-08-19 11:05:00-04:00,2.5850000381469727,2.5850000381469727,2.5850000381469727,2.5850000381469727,293,0.0,0.0
2024-08-19 11:25:00-04:00,2.5999999046325684,2.5999999046325684,2.5999999046325684,2.5999999046325684,499,0.0,0.0
2024-08-19 11:30:00-04:00,2.609999895095825,2.609999895095825,2.609999895095825,2.609999895095825,200,0.0,0.0
2024-08-19 11:35:00-04:00,2.6050000190734863,2.6050000190734863,2.559999942779541,2.5899999141693115,5539,0.0,0.0
2024-08-19 11:45:00-04:00,2.609999895095825,2.609999895095825,2.569999933242798,2.569999933242798,1847,0.0,0.0
2024-08-19 11:55:00-04:00,2.569999933242798,2.569999933242798,2.559999942779541,2.559999942779541,567,0.0,0.0
2024-08-19 12:05:00-04:00,2.5399999618530273,2.5899999141693115,2.5399999618530273,2.575000047683716,4731,0.0,0.0
2024-08-19 12:10:00-04:00,2.575000047683716,2.5999999046325684,2.575000047683716,2.5999999046325684,303,0.0,0.0
2024-08-19 12:25:00-04:00,2.625,2.625,2.625,2.625,205,0.0,0.0
2024-08-19 12:40:00-04:00,2.6484999656677246,2.6484999656677246,2.6484999656677246,2.6484999656677246,470,0.0,0.0
2024-08-19 12:55:00-04:00,2.6600000858306885,2.7100000381469727,2.6600000858306885,2.6798999309539795,6924,0.0,0.0
2024-08-19 13:25:00-04:00,2.619999885559082,2.619999885559082,2.619999885559082,2.619999885559082,300,0.0,0.0
2024-08-19 13:50:00-04:00,2.609999895095825,2.609999895095825,2.609999895095825,2.609999895095825,301,0.0,0.0
2024-08-19 13:55:00-04:00,2.630000114440918,2.630000114440918,2.630000114440918,2.630000114440918,200,0.0,0.0
2024-08-19 14:00:00-04:00,2.630000114440918,2.6500000953674316,2.630000114440918,2.6500000953674316,2568,0.0,0.0
2024-08-19 14:30:00-04:00,2.6700000762939453,2.6700000762939453,2.6700000762939453,2.6700000762939453,453,0.0,0.0
2024-08-19 14:35:00-04:00,2.748699903488159,2.748699903488159,2.748699903488159,2.748699903488159,2554,0.0,0.0
2024-08-19 14:40:00-04:00,2.7300000190734863,2.7300000190734863,2.7300000190734863,2.7300000190734863,761,0.0,0.0
2024-08-19 14:50:00-04:00,2.7200000286102295,2.7200000286102295,2.6600000858306885,2.690000057220459,5590,0.0,0.0
2024-08-19 14:55:00-04:00,2.640000104904175,2.640000104904175,2.640000104904175,2.640000104904175,101,0.0,0.0
2024-08-19 15:00:00-04:00,2.640000104904175,2.688800096511841,2.640000104904175,2.680000066757202,2537,0.0,0.0
2024-08-19 15:45:00-04:00,2.619999885559082,2.619999885559082,2.619999885559082,2.619999885559082,210,0.0,0.0
2024-08-19 15:50:00-04:00,2.619999885559082,2.6500000953674316,2.619999885559082,2.640000104904175,2048,0.0,0.0
2024-08-19 15:55:00-04:00,2.6600000858306885,2.700000047683716,2.6600000858306885,2.700000047683716,5100,0.0,0.0
2024-08-20 09:30:00-04:00,2.640000104904175,2.640000104904175,2.640000104904175,2.640000104904175,658,0.0,0.0
2024-08-20 09:35:00-04:00,2.6886000633239746,2.6886000633239746,2.6886000633239746,2.6886000633239746,2406,0.0,0.0
2024-08-20 09:50:00-04:00,2.609999895095825,2.609999895095825,2.609999895095825,2.609999895095825,362,0.0,0.0
2024-08-20 10:15:00-04:00,2.6500000953674316,2.6500000953674316,2.6500000953674316,2.6500000953674316,354,0.0,0.0
2024-08-20 10:25:00-04:00,2.6500000953674316,2.6500000953674316,2.6500000953674316,2.6500000953674316,320,0.0,0.0
2024-08-20 10:30:00-04:00,2.59089994430542,2.59089994430542,2.59089994430542,2.59089994430542,501,0.0,0.0
2024-08-20 10:35:00-04:00,2.630000114440918,2.630000114440918,2.630000114440918,2.630000114440918,1050,0.0,0.0
2024-08-20 10:55:00-04:00,2.5999999046325684,2.5999999046325684,2.5999999046325684,2.5999999046325684,632,0.0,0.0
2024-08-20 11:00:00-04:00,2.625,2.625,2.625,2.625,621,0.0,0.0
2024-08-20 11:15:00-04:00,2.5801000595092773,2.5801000595092773,2.5801000595092773,2.5801000595092773,348,0.0,0.0
2024-08-20 11:30:00-04:00,2.609999895095825,2.609999895095825,2.609999895095825,2.609999895095825,547,0.0,0.0
2024-08-20 11:35:00-04:00,2.5931999683380127,2.5999999046325684,2.5931999683380127,2.5999999046325684,870,0.0,0.0
2024-08-20 12:10:00-04:00,2.625,2.625,2.625,2.625,529,0.0,0.0
2024-08-20 12:55:00-04:00,2.5799999237060547,2.605299949645996,2.559999942779541,2.605299949645996,1089,0.0,0.0
2024-08-20 13:15:00-04:00,2.6098999977111816,2.6098999977111816,2.6098999977111816,2.6098999977111816,573,0.0,0.0
2024-08-20 14:20:00-04:00,2.5799999237060547,2.5799999237060547,2.5799999237060547,2.5799999237060547,1243,0.0,0.0
2024-08-20 14:55:00-04:00,2.5999999046325684,2.609999895095825,2.5999999046325684,2.609999895095825,920,0.0,0.0
2024-08-20 15:00:00-04:00,2.619999885559082,2.619999885559082,2.619999885559082,2.619999885559082,1724,0.0,0.0
2024-08-20 15:40:00-04:00,2.640000104904175,2.640000104904175,2.640000104904175,2.640000104904175,180,0.0,0.0
2024-08-20 15:45:00-04:00,2.6449999809265137,2.6449999809265137,2.640000104904175,2.640000104904175,339,0.0,0.0
2024-08-20 15:50:00-04:00,2.640000104904175,2.6500000953674316,2.640000104904175,2.6449999809265137,3654,0.0,0.0
2024-08-20 15:55:00-04:00,2.619999885559082,2.619999885559082,2.549999952316284,2.569999933242798,6223,0.0,0.0
2024-08-21 09:55:00-04:00,2.559999942779541,2.559999942779541,2.559999942779541,2.559999942779541,1810,0.0,0.0
2024-08-21 10:05:00-04:00,2.5399999618530273,2.5399999618530273,2.5399999618530273,2.5399999618530273,228,0.0,0.0
2024-08-21 10:30:00-04:00,2.5399999618530273,2.5399999618530273,2.5399999618530273,2.5399999618530273,418,0.0,0.0
2024-08-21 11:05:00-04:00,2.5399999618530273,2.5399999618530273,2.515000104904175,2.515000104904175,2438,0.0,0.0
2024-08-21 11:25:00-04:00,2.5399999618530273,2.619999885559082,2.5399999618530273,2.609999895095825,3850,0.0,0.0
2024-08-21 11:30:00-04:00,2.6050000190734863,2.6500000953674316,2.6050000190734863,2.6500000953674316,3678,0.0,0.0
2024-08-21 11:35:00-04:00,2.640000104904175,2.680000066757202,2.609999895095825,2.680000066757202,2959,0.0,0.0
2024-08-21 11:40:00-04:00,2.6500000953674316,2.6500000953674316,2.619999885559082,2.619999885559082,1887,0.0,0.0
2024-08-21 11:45:00-04:00,2.6500000953674316,2.6500000953674316,2.619999885559082,2.625,22710,0.0,0.0
2024-08-21 11:50:00-04:00,2.569999933242798,2.6050000190734863,2.569999933242798,2.569999933242798,103,0.0,0.0
2024-08-21 12:05:00-04:00,2.569999933242798,2.569999933242798,2.569999933242798,2.569999933242798,649,0.0,0.0
2024-08-21 12:40:00-04:00,2.5450000762939453,2.5450000762939453,2.5450000762939453,2.5450000762939453,623,0.0,0.0
2024-08-21 12:45:00-04:00,2.5399999618530273,2.5399999618530273,2.5399999618530273,2.5399999618530273,511,0.0,0.0
2024-08-21 13:35:00-04:00,2.5450000762939453,2.5450000762939453,2.5450000762939453,2.5450000762939453,202,0.0,0.0
2024-08-21 13:40:00-04:00,2.5320000648498535,2.5320000648498535,2.5320000648498535,2.5320000648498535,3,0.0,0.0
2024-08-21 14:00:00-04:00,2.5899999141693115,2.5950000286102295,2.5899999141693115,2.5950000286102295,689,0.0,0.0
2024-08-21 14:10:00-04:00,2.609999895095825,2.630000114440918,2.609999895095825,2.630000114440918,870,0.0,0.0
2024-08-21 14:15:00-04:00,2.630000114440918,2.630000114440918,2.630000114440918,2.630000114440918,533,0.0,0.0
2024-08-21 14:55:00-04:00,2.630000114440918,2.6301000118255615,2.630000114440918,2.6301000118255615,911,0.0,0.0
2024-08-21 15:05:00-04:00,2.630000114440918,2.630000114440918,2.630000114440918,2.630000114440918,506,0.0,0.0
2024-08-21 15:30:00-04:00,2.6050000190734863,2.6050000190734863,2.6050000190734863,2.6050000190734863,230,0.0,0.0
2024-08-21 15:35:00-04:00,2.6050000190734863,2.640000104904175,2.6050000190734863,2.640000104904175,971,0.0,0.0
2024-08-21 15:45:00-04:00,2.640000104904175,2.640000104904175,2.640000104904175,2.640000104904175,375,0.0,0.0
2024-08-21 15:50:00-04:00,2.640000104904175,2.640000104904175,2.640000104904175,2.640000104904175,156,0.0,0.0
2024-08-21 15:55:00-04:00,2.630000114440918,2.640000104904175,2.5799999237060547,2.5899999141693115,5705,0.0,0.0
2024-08-22 09:30:00-04:00,2.4700000286102295,2.4700000286102295,2.4700000286102295,2.4700000286102295,11513,0.0,0.0
2024-08-22 09:35:00-04:00,2.5399999618530273,2.575000047683716,2.5399999618530273,2.570199966430664,2695,0.0,0.0
2024-08-22 09:40:00-04:00,2.559999942779541,2.575000047683716,2.549999952316284,2.549999952316284,960,0.0,0.0
2024-08-22 09:45:00-04:00,2.5399999618530273,2.5399999618530273,2.5399999618530273,2.5399999618530273,956,0.0,0.0
2024-08-22 10:10:00-04:00,2.5199999809265137,2.5199999809265137,2.5199999809265137,2.5199999809265137,239,0.0,0.0
2024-08-22 10:15:00-04:00,2.5199999809265137,2.5199999809265137,2.5,2.5,401,0.0,0.0
2024-08-22 10:25:00-04:00,2.526700019836426,2.526700019836426,2.526700019836426,2.526700019836426,1000,0.0,0.0
2024-08-22 10:30:00-04:00,2.490000009536743,2.5257999897003174,2.490000009536743,2.5257999897003174,1643,0.0,0.0
2024-08-22 11:40:00-04:00,2.509999990463257,2.515000104904175,2.490000009536743,2.490000009536743,1483,0.0,0.0
2024-08-22 11:45:00-04:00,2.519399881362915,2.519399881362915,2.519399881362915,2.519399881362915,1006,0.0,0.0
2024-08-22 11:50:00-04:00,2.490000009536743,2.5,2.490000009536743,2.494999885559082,1444,0.0,0.0
2024-08-22 12:25:00-04:00,2.5299999713897705,2.5299999713897705,2.5299999713897705,2.5299999713897705,1000,0.0,0.0
2024-08-22 12:30:00-04:00,2.5299999713897705,2.5299999713897705,2.509999990463257,2.509999990463257,1218,0.0,0.0
2024-08-22 12:40:00-04:00,2.5399999618530273,2.5399999618530273,2.5399999618530273,2.5399999618530273,1914,0.0,0.0
2024-08-22 13:05:00-04:00,2.5350000858306885,2.5350000858306885,2.5350000858306885,2.5350000858306885,3420,0.0,0.0
2024-08-22 13:15:00-04:00,2.5350000858306885,2.5350000858306885,2.5350000858306885,2.5350000858306885,338,0.0,0.0
2024-08-22 13:25:00-04:00,2.5350000858306885,2.5350000858306885,2.5350000858306885,2.5350000858306885,414,0.0,0.0
2024-08-22 13:30:00-04:00,2.5199999809265137,2.5199999809265137,2.5199999809265137,2.5199999809265137,285,0.0,0.0
2024-08-22 13:35:00-04:00,2.5199999809265137,2.5199999809265137,2.5199999809265137,2.5199999809265137,375,0.0,0.0
2024-08-22 14:00:00-04:00,2.515000104904175,2.515000104904175,2.515000104904175,2.515000104904175,321,0.0,0.0
2024-08-22 14:15:00-04:00,2.5250000953674316,2.5250000953674316,2.5250000953674316,2.5250000953674316,306,0.0,0.0
2024-08-22 14:20:00-04:00,2.5297999382019043,2.5297999382019043,2.5297999382019043,2.5297999382019043,489,0.0,0.0
2024-08-22 14:25:00-04:00,2.5299999713897705,2.5299999713897705,2.5299999713897705,2.5299999713897705,374,0.0,0.0
2024-08-22 15:00:00-04:00,2.5399999618530273,2.549999952316284,2.5399999618530273,2.549999952316284,497,0.0,0.0
2024-08-22 15:05:00-04:00,2.559999942779541,2.559999942779541,2.559999942779541,2.559999942779541,519,0.0,0.0
2024-08-22 15:40:00-04:00,2.559999942779541,2.559999942779541,2.559999942779541,2.559999942779541,1740,0.0,0.0
2024-08-22 15:50:00-04:00,2.5399999618530273,2.5399999618530273,2.5399999618530273,2.5399999618530273,413,0.0,0.0
2024-08-22 15:55:00-04:00,2.5399999618530273,2.555000066757202,2.509999990463257,2.509999990463257,7887,0.0,0.0
2024-08-23 09:30:00-04:00,2.5,2.5250000953674316,2.5,2.5250000953674316,5971,0.0,0.0
2024-08-23 09:40:00-04:00,2.490000009536743,2.490000009536743,2.4800000190734863,2.4800000190734863,301,0.0,0.0
2024-08-23 09:45:00-04:00,2.5199999809265137,2.5199999809265137,2.5199999809265137,2.5199999809265137,123,0.0,0.0
2024-08-23 09:50:00-04:00,2.494999885559082,2.494999885559082,2.494999885559082,2.494999885559082,1915,0.0,0.0
2024-08-23 10:00:00-04:00,2.5,2.5199999809265137,2.5,2.5199999809265137,433,0.0,0.0
2024-08-23 10:05:00-04:00,2.5299999713897705,2.5299999713897705,2.450000047683716,2.469899892807007,13680,0.0,0.0
2024-08-23 10:10:00-04:00,2.5,2.5199999809265137,2.5,2.5199999809265137,1516,0.0,0.0
2024-08-23 10:35:00-04:00,2.5850000381469727,2.5850000381469727,2.5399999618530273,2.5399999618530273,1180,0.0,0.0
2024-08-23 10:40:00-04:00,2.5950000286102295,2.609999895095825,2.559999942779541,2.609999895095825,3138,0.0,0.0
2024-08-23 10:55:00-04:00,2.5950000286102295,2.5950000286102295,2.5899999141693115,2.5899999141693115,208,0.0,0.0
2024-08-23 11:05:00-04:00,2.634999990463257,2.680000066757202,2.5899999141693115,2.5950000286102295,3439,0.0,0.0
2024-08-23 11:10:00-04:00,2.619999885559082,2.619999885559082,2.619999885559082,2.619999885559082,925,0.0,0.0
2024-08-23 11:20:00-04:00,2.6700000762939453,2.6700000762939453,2.6700000762939453,2.6700000762939453,1622,0.0,0.0
2024-08-23 11:25:00-04:00,2.710099935531616,2.7109999656677246,2.640000104904175,2.640000104904175,9436,0.0,0.0
2024-08-23 11:30:00-04:00,2.6500000953674316,2.6500000953674316,2.5999999046325684,2.5999999046325684,3296,0.0,0.0
2024-08-23 11:35:00-04:00,2.6008999347686768,2.630000114440918,2.6008999347686768,2.630000114440918,2622,0.0,0.0
2024-08-23 11:40:00-04:00,2.640000104904175,2.640000104904175,2.640000104904175,2.640000104904175,294,0.0,0.0
2024-08-23 11:50:00-04:00,2.640000104904175,2.6540000438690186,2.609999895095825,2.609999895095825,2081,0.0,0.0
2024-08-23 12:00:00-04:00,2.609999895095825,2.640000104904175,2.609999895095825,2.640000104904175,207,0.0,0.0
2024-08-23 12:10:00-04:00,2.619999885559082,2.619999885559082,2.619999885559082,2.619999885559082,108,0.0,0.0
2024-08-23 12:15:00-04:00,2.6500000953674316,2.6600000858306885,2.6500000953674316,2.6600000858306885,917,0.0,0.0
2024-08-23 12:20:00-04:00,2.6700000762939453,2.6700000762939453,2.6700000762939453,2.6700000762939453,1197,0.0,0.0
2024-08-23 12:35:00-04:00,2.6700000762939453,2.700900077819824,2.6700000762939453,2.6702001094818115,3306,0.0,0.0
2024-08-23 12:40:00-04:00,2.6500000953674316,2.6500000953674316,2.609999895095825,2.609999895095825,1177,0.0,0.0
2024-08-23 12:50:00-04:00,2.6500000953674316,2.6500000953674316,2.640000104904175,2.640000104904175,745,0.0,0.0
2024-08-23 13:15:00-04:00,2.640000104904175,2.640000104904175,2.640000104904175,2.640000104904175,200,0.0,0.0
2024-08-23 13:25:00-04:00,2.6649999618530273,2.6649999618530273,2.6649999618530273,2.6649999618530273,339,0.0,0.0
2024-08-23 13:30:00-04:00,2.640000104904175,2.640000104904175,2.640000104904175,2.640000104904175,204,0.0,0.0
2024-08-23 13:35:00-04:00,2.640000104904175,2.640000104904175,2.640000104904175,2.640000104904175,244,0.0,0.0
2024-08-23 13:40:00-04:00,2.699899911880493,2.699899911880493,2.699899911880493,2.699899911880493,486,0.0,0.0
2024-08-23 13:45:00-04:00,2.6549999713897705,2.6549999713897705,2.609999895095825,2.619999885559082,1074,0.0,0.0
2024-08-23 14:15:00-04:00,2.622299909591675,2.622299909591675,2.622299909591675,2.622299909591675,969,0.0,0.0
2024-08-23 14:30:00-04:00,2.5999999046325684,2.5999999046325684,2.5999999046325684,2.5999999046325684,431,0.0,0.0
2024-08-23 14:35:00-04:00,2.5899999141693115,2.5899999141693115,2.5899999141693115,2.5899999141693115,1284,0.0,0.0
2024-08-23 14:45:00-04:00,2.5799999237060547,2.5799999237060547,2.549999952316284,2.549999952316284,3921,0.0,0.0
2024-08-23 14:50:00-04:00,2.549999952316284,2.549999952316284,2.5,2.515000104904175,1371,0.0,0.0
2024-08-23 14:55:00-04:00,2.515000104904175,2.538100004196167,2.515000104904175,2.538100004196167,1750,0.0,0.0
2024-08-23 15:00:00-04:00,2.539900064468384,2.545099973678589,2.539900064468384,2.545099973678589,4010,0.0,0.0
2024-08-23 15:05:00-04:00,2.553999900817871,2.553999900817871,2.553999900817871,2.553999900817871,4173,0.0,0.0
2024-08-23 15:15:00-04:00,2.5299999713897705,2.569999933242798,2.5299999713897705,2.569999933242798,2162,0.0,0.0
2024-08-23 15:30:00-04:00,2.574199914932251,2.58270001411438,2.574199914932251,2.58270001411438,794,0.0,0.0
2024-08-23 15:35:00-04:00,2.5815000534057617,2.5999999046325684,2.5769999027252197,2.5769999027252197,2959,0.0,0.0
2024-08-23 15:40:00-04:00,2.5799999237060547,2.601900100708008,2.569999933242798,2.601900100708008,3301,0.0,0.0
2024-08-23 15:45:00-04:00,2.609999895095825,2.609999895095825,2.609999895095825,2.609999895095825,381,0.0,0.0
2024-08-23 15:50:00-04:00,2.6500000953674316,2.7049999237060547,2.6500000953674316,2.7049999237060547,5086,0.0,0.0
2024-08-23 15:55:00-04:00,2.680000066757202,2.690000057220459,2.609999895095825,2.640000104904175,7561,0.0,0.0
2024-08-26 09:30:00-04:00,2.6500000953674316,2.6500000953674316,2.6050000190734863,2.6050000190734863,1401,0.0,0.0
2024-08-26 09:40:00-04:00,2.5799999237060547,2.609999895095825,2.5799999237060547,2.609999895095825,344,0.0,0.0
2024-08-26 09:45:00-04:00,2.609999895095825,2.619999885559082,2.609999895095825,2.609999895095825,2851,0.0,0.0
2024-08-26 09:50:00-04:00,2.6500000953674316,2.6600000858306885,2.6500000953674316,2.6600000858306885,1258,0.0,0.0
2024-08-26 10:00:00-04:00,2.6700000762939453,2.6700000762939453,2.6700000762939453,2.6700000762939453,1538,0.0,0.0
2024-08-26 10:05:00-04:00,2.6600000858306885,2.6600000858306885,2.6600000858306885,2.6600000858306885,555,0.0,0.0
2024-08-26 10:15:00-04:00,2.6635000705718994,2.6635000705718994,2.6600000858306885,2.6600000858306885,824,0.0,0.0
2024-08-26 10:20:00-04:00,2.640000104904175,2.6449999809265137,2.640000104904175,2.6449999809265137,812,0.0,0.0
2024-08-26 10:25:00-04:00,2.619999885559082,2.619999885559082,2.619999885559082,2.619999885559082,341,0.0,0.0
2024-08-26 10:30:00-04:00,2.619999885559082,2.619999885559082,2.619999885559082,2.619999885559082,182,0.0,0.0
2024-08-26 10:35:00-04:00,2.619999885559082,2.619999885559082,2.619999885559082,2.619999885559082,498,0.0,0.0
2024-08-26 10:40:00-04:00,2.619999885559082,2.632499933242798,2.619999885559082,2.632499933242798,1210,0.0,0.0
2024-08-26 10:45:00-04:00,2.609999895095825,2.619999885559082,2.609999895095825,2.619999885559082,1186,0.0,0.0
2024-08-26 10:50:00-04:00,2.5799999237060547,2.5799999237060547,2.569999933242798,2.569999933242798,578,0.0,0.0
2024-08-26 10:55:00-04:00,2.5799999237060547,2.5850000381469727,2.5643999576568604,2.5643999576568604,2529,0.0,0.0
2024-08-26 11:00:00-04:00,2.5299999713897705,2.5299999713897705,2.5299999713897705,2.5299999713897705,0,0.0,0.0
2024-08-26 11:05:00-04:00,2.5899999141693115,2.5899999141693115,2.5899999141693115,2.5899999141693115,521,0.0,0.0
2024-08-26 11:15:00-04:00,2.609999895095825,2.609999895095825,2.609999895095825,2.609999895095825,200,0.0,0.0
2024-08-26 11:20:00-04:00,2.625,2.630000114440918,2.609999895095825,2.630000114440918,1301,0.0,0.0
2024-08-26 11:25:00-04:00,2.609999895095825,2.609999895095825,2.609999895095825,2.609999895095825,0,0.0,0.0
2024-08-26 11:30:00-04:00,2.619999885559082,2.640000104904175,2.619999885559082,2.619999885559082,1295,0.0,0.0
2024-08-26 11:35:00-04:00,2.619999885559082,2.619999885559082,2.619999885559082,2.619999885559082,925,0.0,0.0
2024-08-26 11:40:00-04:00,2.619999885559082,2.619999885559082,2.619999885559082,2.619999885559082,842,0.0,0.0
2024-08-26 11:55:00-04:00,2.619999885559082,2.619999885559082,2.619999885559082,2.619999885559082,200,0.0,0.0
2024-08-26 12:00:00-04:00,2.640000104904175,2.640000104904175,2.640000104904175,2.640000104904175,299,0.0,0.0
2024-08-26 12:05:00-04:00,2.640000104904175,2.640000104904175,2.640000104904175,2.640000104904175,179,0.0,0.0
2024-08-26 12:10:00-04:00,2.6700000762939453,2.6700000762939453,2.6700000762939453,2.6700000762939453,863,0.0,0.0
2024-08-26 12:15:00-04:00,2.6700000762939453,2.6700000762939453,2.6700000762939453,2.6700000762939453,330,0.0,0.0
2024-08-26 12:20:00-04:00,2.700000047683716,2.700000047683716,2.700000047683716,2.700000047683716,930,0.0,0.0
2024-08-26 12:45:00-04:00,2.700000047683716,2.700000047683716,2.700000047683716,2.700000047683716,1817,0.0,0.0
2024-08-26 12:55:00-04:00,2.7492001056671143,2.7699999809265137,2.7492001056671143,2.7699999809265137,5458,0.0,0.0
2024-08-26 13:05:00-04:00,2.7899999618530273,2.7899999618530273,2.7832999229431152,2.7832999229431152,1257,0.0,0.0
2024-08-26 13:10:00-04:00,2.7699999809265137,2.7699999809265137,2.759999990463257,2.7699999809265137,775,0.0,0.0
2024-08-26 13:15:00-04:00,2.7699999809265137,2.7699999809265137,2.7699999809265137,2.7699999809265137,692,0.0,0.0
2024-08-26 13:30:00-04:00,2.75,2.75,2.75,2.75,761,0.0,0.0
2024-08-26 13:40:00-04:00,2.809999942779541,2.809999942779541,2.809999942779541,2.809999942779541,199,0.0,0.0
2024-08-26 13:45:00-04:00,2.819999933242798,2.819999933242798,2.819999933242798,2.819999933242798,614,0.0,0.0
2024-08-26 13:55:00-04:00,2.819999933242798,2.819999933242798,2.819999933242798,2.819999933242798,1358,0.0,0.0
2024-08-26 14:15:00-04:00,2.8299999237060547,2.8299999237060547,2.8299999237060547,2.8299999237060547,522,0.0,0.0
2024-08-26 14:20:00-04:00,2.8299999237060547,2.8299999237060547,2.8299999237060547,2.8299999237060547,388,0.0,0.0
2024-08-26 14:25:00-04:00,2.809999942779541,2.8113999366760254,2.799999952316284,2.8113999366760254,3511,0.0,0.0
2024-08-26 14:50:00-04:00,2.7699999809265137,2.7699999809265137,2.7699999809265137,2.7699999809265137,623,0.0,0.0
2024-08-26 14:55:00-04:00,2.7799999713897705,2.7799999713897705,2.7799999713897705,2.7799999713897705,136,0.0,0.0
2024-08-26 15:00:00-04:00,2.7899999618530273,2.7899999618530273,2.7899999618530273,2.7899999618530273,1885,0.0,0.0
2024-08-26 15:10:00-04:00,2.7899999618530273,2.7899999618530273,2.7899999618530273,2.7899999618530273,356,0.0,0.0
2024-08-26 15:15:00-04:00,2.8399999141693115,2.8399999141693115,2.8399999141693115,2.8399999141693115,1018,0.0,0.0
2024-08-26 15:20:00-04:00,2.8499999046325684,2.8499999046325684,2.8499999046325684,2.8499999046325684,562,0.0,0.0
2024-08-26 15:25:00-04:00,2.8499999046325684,2.8499999046325684,2.8299999237060547,2.8299999237060547,2572,0.0,0.0
2024-08-26 15:35:00-04:00,2.819999933242798,2.8499999046325684,2.819999933242798,2.8499999046325684,3110,0.0,0.0
2024-08-26 15:45:00-04:00,2.8399999141693115,2.8399999141693115,2.8299999237060547,2.8399999141693115,1723,0.0,0.0
2024-08-26 15:50:00-04:00,2.8499999046325684,2.8499999046325684,2.799999952316284,2.799999952316284,1865,0.0,0.0
2024-08-26 15:55:00-04:00,2.815000057220459,2.815000057220459,2.759999990463257,2.7799999713897705,7759,0.0,0.0
2024-08-27 09:30:00-04:00,2.75,2.75,2.75,2.75,899,0.0,0.0
2024-08-27 09:40:00-04:00,2.75,2.75,2.75,2.75,1511,0.0,0.0
2024-08-27 09:50:00-04:00,2.755000114440918,2.755000114440918,2.755000114440918,2.755000114440918,353,0.0,0.0
2024-08-27 10:15:00-04:00,2.75,2.759999990463257,2.75,2.759999990463257,2824,0.0,0.0
2024-08-27 10:20:00-04:00,2.759999990463257,2.759999990463257,2.759999990463257,2.759999990463257,211,0.0,0.0
2024-08-27 10:35:00-04:00,2.75,2.75,2.75,2.75,213,0.0,0.0
2024-08-27 10:45:00-04:00,2.75,2.75,2.75,2.75,1220,0.0,0.0
2024-08-27 11:05:00-04:00,2.744999885559082,2.744999885559082,2.744999885559082,2.744999885559082,245,0.0,0.0
2024-08-27 11:15:00-04:00,2.7100000381469727,2.7200000286102295,2.7100000381469727,2.7200000286102295,908,0.0,0.0
2024-08-27 11:25:00-04:00,2.7100000381469727,2.7100000381469727,2.7100000381469727,2.7100000381469727,262,0.0,0.0
2024-08-27 11:30:00-04:00,2.7100000381469727,2.7100000381469727,2.7100000381469727,2.7100000381469727,543,0.0,0.0
2024-08-27 12:00:00-04:00,2.6700000762939453,2.6700000762939453,2.6700000762939453,2.6700000762939453,858,0.0,0.0
2024-08-27 12:15:00-04:00,2.6565001010894775,2.658099889755249,2.6449999809265137,2.6449999809265137,2227,0.0,0.0
2024-08-27 12:55:00-04:00,2.626499891281128,2.626499891281128,2.5899999141693115,2.5899999141693115,546,0.0,0.0
2024-08-27 13:05:00-04:00,2.59089994430542,2.59089994430542,2.5899999141693115,2.5899999141693115,1733,0.0,0.0
2024-08-27 13:25:00-04:00,2.5999999046325684,2.6296000480651855,2.5999999046325684,2.6296000480651855,1333,0.0,0.0
2024-08-27 13:45:00-04:00,2.615000009536743,2.615000009536743,2.615000009536743,2.615000009536743,154,0.0,0.0
2024-08-27 13:55:00-04:00,2.619999885559082,2.619999885559082,2.6178998947143555,2.6178998947143555,2322,0.0,0.0
2024-08-27 14:00:00-04:00,2.615000009536743,2.615000009536743,2.615000009536743,2.615000009536743,1548,0.0,0.0
2024-08-27 14:05:00-04:00,2.630000114440918,2.630000114440918,2.630000114440918,2.630000114440918,1291,0.0,0.0
2024-08-27 14:15:00-04:00,2.6700000762939453,2.6700000762939453,2.6700000762939453,2.6700000762939453,970,0.0,0.0
2024-08-27 14:25:00-04:00,2.700000047683716,2.700000047683716,2.694999933242798,2.694999933242798,951,0.0,0.0
2024-08-27 14:30:00-04:00,2.684999942779541,2.684999942779541,2.684999942779541,2.684999942779541,4939,0.0,0.0
2024-08-27 15:35:00-04:00,2.7228000164031982,2.734999895095825,2.7228000164031982,2.734999895095825,1397,0.0,0.0
2024-08-27 15:45:00-04:00,2.734999895095825,2.734999895095825,2.734999895095825,2.734999895095825,434,0.0,0.0
2024-08-27 15:50:00-04:00,2.7200000286102295,2.7200000286102295,2.690000057220459,2.694999933242798,1838,0.0,0.0
2024-08-27 15:55:00-04:00,2.694999933242798,2.694999933242798,2.640000104904175,2.640000104904175,5046,0.0,0.0
2024-08-28 09:30:00-04:00,2.5999999046325684,2.5999999046325684,2.5999999046325684,2.5999999046325684,1128,0.0,0.0
2024-08-28 09:45:00-04:00,2.640000104904175,2.640000104904175,2.640000104904175,2.640000104904175,177,0.0,0.0
2024-08-28 09:50:00-04:00,2.5950000286102295,2.6305999755859375,2.5950000286102295,2.6305999755859375,333,0.0,0.0
2024-08-28 10:00:00-04:00,2.559999942779541,2.6298999786376953,2.559999942779541,2.565000057220459,2991,0.0,0.0
2024-08-28 10:25:00-04:00,2.569999933242798,2.5708000659942627,2.569999933242798,2.5708000659942627,1210,0.0,0.0
2024-08-28 10:50:00-04:00,2.700000047683716,2.700000047683716,2.700000047683716,2.700000047683716,697,0.0,0.0
2024-08-28 11:20:00-04:00,2.7049999237060547,2.7049999237060547,2.6556999683380127,2.6556999683380127,1525,0.0,0.0
2024-08-28 12:45:00-04:00,2.674999952316284,2.674999952316284,2.674999952316284,2.674999952316284,322,0.0,0.0
2024-08-28 13:05:00-04:00,2.6774001121520996,2.680000066757202,2.6774001121520996,2.680000066757202,1566,0.0,0.0
2024-08-28 13:10:00-04:00,2.690000057220459,2.700000047683716,2.690000057220459,2.699899911880493,1527,0.0,0.0
2024-08-28 13:30:00-04:00,2.6700000762939453,2.680000066757202,2.6700000762939453,2.680000066757202,517,0.0,0.0
2024-08-28 13:35:00-04:00,2.690000057220459,2.6981000900268555,2.690000057220459,2.6981000900268555,1005,0.0,0.0
2024-08-28 13:40:00-04:00,2.680000066757202,2.690000057220459,2.6500000953674316,2.6549999713897705,4215,0.0,0.0
2024-08-28 13:50:00-04:00,2.6500000953674316,2.6500000953674316,2.6500000953674316,2.6500000953674316,270,0.0,0.0
2024-08-28 14:00:00-04:00,2.6449999809265137,2.6449999809265137,2.6449999809265137,2.6449999809265137,538,0.0,0.0
2024-08-28 14:35:00-04:00,2.630000114440918,2.630000114440918,2.630000114440918,2.630000114440918,675,0.0,0.0
2024-08-28 14:40:00-04:00,2.6449999809265137,2.6600000858306885,2.630000114440918,2.630000114440918,1284,0.0,0.0
2024-08-28 14:50:00-04:00,2.63100004196167,2.63100004196167,2.63100004196167,2.63100004196167,200,0.0,0.0
2024-08-28 14:55:00-04:00,2.6449999809265137,2.6449999809265137,2.6449999809265137,2.6449999809265137,223,0.0,0.0
2024-08-28 15:05:00-04:00,2.6449999809265137,2.6449999809265137,2.6449999809265137,2.6449999809265137,147,0.0,0.0
2024-08-28 15:10:00-04:00,2.6449999809265137,2.6449999809265137,2.6449999809265137,2.6449999809265137,876,0.0,0.0
2024-08-28 15:30:00-04:00,2.6449999809265137,2.6449999809265137,2.6449999809265137,2.6449999809265137,2609,0.0,0.0
2024-08-28 15:50:00-04:00,2.6449999809265137,2.6449999809265137,2.6449999809265137,2.6449999809265137,1055,0.0,0.0
2024-08-28 15:55:00-04:00,2.619999885559082,2.619999885559082,2.5299999713897705,2.5299999713897705,12314,0.0,0.0
2024-08-29 09:30:00-04:00,2.5999999046325684,2.5999999046325684,2.5299999713897705,2.5299999713897705,890,0.0,0.0
2024-08-29 09:45:00-04:00,2.60509991645813,2.60509991645813,2.60509991645813,2.60509991645813,516,0.0,0.0
2024-08-29 09:50:00-04:00,2.5399999618530273,2.5399999618530273,2.5299999713897705,2.5299999713897705,3168,0.0,0.0
2024-08-29 10:15:00-04:00,2.640000104904175,2.6500000953674316,2.640000104904175,2.640000104904175,1632,0.0,0.0
2024-08-29 10:25:00-04:00,2.6700000762939453,2.6700000762939453,2.650099992752075,2.650099992752075,1308,0.0,0.0
2024-08-29 10:35:00-04:00,2.7325000762939453,2.7325000762939453,2.7325000762939453,2.7325000762939453,573,0.0,0.0
2024-08-29 10:45:00-04:00,2.7300000190734863,2.740000009536743,2.7300000190734863,2.7399001121520996,926,0.0,0.0
2024-08-29 10:50:00-04:00,2.6700000762939453,2.6700000762939453,2.6700000762939453,2.6700000762939453,200,0.0,0.0
2024-08-29 10:55:00-04:00,2.6700000762939453,2.700000047683716,2.6700000762939453,2.700000047683716,1059,0.0,0.0
2024-08-29 11:20:00-04:00,2.7200000286102295,2.7200000286102295,2.7200000286102295,2.7200000286102295,410,0.0,0.0
2024-08-29 11:30:00-04:00,2.67549991607666,2.67549991607666,2.67549991607666,2.67549991607666,645,0.0,0.0
2024-08-29 11:40:00-04:00,2.7200000286102295,2.7200000286102295,2.6700000762939453,2.7200000286102295,3921,0.0,0.0
2024-08-29 11:50:00-04:00,2.7200000286102295,2.7200000286102295,2.7200000286102295,2.7200000286102295,3644,0.0,0.0
2024-08-29 12:00:00-04:00,2.75,2.75,2.7100000381469727,2.7200000286102295,6352,0.0,0.0
2024-08-29 12:30:00-04:00,2.759999990463257,2.759999990463257,2.759999990463257,2.759999990463257,321,0.0,0.0
2024-08-29 12:45:00-04:00,2.759999990463257,2.759999990463257,2.759999990463257,2.759999990463257,958,0.0,0.0
2024-08-29 12:55:00-04:00,2.7899999618530273,2.7899999618530273,2.740000009536743,2.740000009536743,1312,0.0,0.0
2024-08-29 13:00:00-04:00,2.799999952316284,2.799999952316284,2.799999952316284,2.799999952316284,195,0.0,0.0
2024-08-29 13:10:00-04:00,2.7750000953674316,2.799999952316284,2.7750000953674316,2.799999952316284,947,0.0,0.0
2024-08-29 13:20:00-04:00,2.8498001098632812,2.890000104904175,2.8496999740600586,2.890000104904175,5542,0.0,0.0
2024-08-29 13:30:00-04:00,2.890000104904175,2.890000104904175,2.890000104904175,2.890000104904175,695,0.0,0.0
2024-08-29 13:35:00-04:00,2.890000104904175,2.934999942779541,2.8868000507354736,2.9149999618530273,7783,0.0,0.0
2024-08-29 13:40:00-04:00,2.940000057220459,2.940000057220459,2.940000057220459,2.940000057220459,100,0.0,0.0
2024-08-29 13:45:00-04:00,2.9149999618530273,2.9149999618530273,2.880000114440918,2.880000114440918,1385,0.0,0.0
2024-08-29 13:50:00-04:00,2.8620998859405518,2.8620998859405518,2.859999895095825,2.859999895095825,5839,0.0,0.0
2024-08-29 13:55:00-04:00,2.880000114440918,2.880000114440918,2.8350000381469727,2.8350000381469727,3936,0.0,0.0
2024-08-29 14:00:00-04:00,2.8436999320983887,2.8436999320983887,2.809999942779541,2.8436999320983887,782,0.0,0.0
2024-08-29 14:05:00-04:00,2.799999952316284,2.815000057220459,2.799999952316284,2.815000057220459,652,0.0,0.0
2024-08-29 14:10:00-04:00,2.815000057220459,2.815000057220459,2.815000057220459,2.815000057220459,257,0.0,0.0
2024-08-29 14:25:00-04:00,2.819999933242798,2.825500011444092,2.819999933242798,2.825500011444092,1334,0.0,0.0
2024-08-29 14:35:00-04:00,2.819999933242798,2.819999933242798,2.819999933242798,2.819999933242798,523,0.0,0.0
2024-08-29 14:45:00-04:00,2.7899999618530273,2.7899999618530273,2.7799999713897705,2.7850000858306885,867,0.0,0.0
2024-08-29 14:50:00-04:00,2.7850000858306885,2.7850000858306885,2.7850000858306885,2.7850000858306885,2064,0.0,0.0
2024-08-29 15:05:00-04:00,2.759999990463257,2.759999990463257,2.740000009536743,2.740000009536743,907,0.0,0.0
2024-08-29 15:20:00-04:00,2.7699999809265137,2.7699999809265137,2.755000114440918,2.7699999809265137,655,0.0,0.0
2024-08-29 15:25:00-04:00,2.740000009536743,2.7699999809265137,2.740000009536743,2.765000104904175,2587,0.0,0.0
2024-08-29 15:30:00-04:00,2.75,2.75,2.75,2.75,1239,0.0,0.0
2024-08-29 15:35:00-04:00,2.75,2.75,2.75,2.75,2254,0.0,0.0
2024-08-29 15:40:00-04:00,2.740000009536743,2.740000009536743,2.7300000190734863,2.7300000190734863,2069,0.0,0.0
2024-08-29 15:50:00-04:00,2.690000057220459,2.690000057220459,2.6700000762939453,2.680000066757202,1168,0.0,0.0
2024-08-29 15:55:00-04:00,2.700000047683716,2.700000047683716,2.6600000858306885,2.6600000858306885,6452,0.0,0.0
2024-08-30 09:35:00-04:00,2.7100000381469727,2.7100000381469727,2.700000047683716,2.700000047683716,989,0.0,0.0
2024-08-30 09:45:00-04:00,2.6600000858306885,2.7300000190734863,2.6549999713897705,2.7300000190734863,4288,0.0,0.0
2024-08-30 09:50:00-04:00,2.640000104904175,2.640000104904175,2.549999952316284,2.5999999046325684,3210,0.0,0.0
2024-08-30 10:15:00-04:00,2.5018999576568604,2.5199999809265137,2.490000009536743,2.5199999809265137,2086,0.0,0.0
2024-08-30 10:20:00-04:00,2.5460000038146973,2.5460000038146973,2.5460000038146973,2.5460000038146973,826,0.0,0.0
2024-08-30 10:30:00-04:00,2.5827999114990234,2.5827999114990234,2.575000047683716,2.575000047683716,3049,0.0,0.0
2024-08-30 11:15:00-04:00,2.5799999237060547,2.5799999237060547,2.569999933242798,2.569999933242798,1165,0.0,0.0
2024-08-30 11:30:00-04:00,2.559999942779541,2.5799999237060547,2.559999942779541,2.5799999237060547,2249,0.0,0.0
2024-08-30 11:50:00-04:00,2.5899999141693115,2.5899999141693115,2.5782999992370605,2.5782999992370605,3631,0.0,0.0
2024-08-30 12:00:00-04:00,2.5850000381469727,2.5850000381469727,2.5850000381469727,2.5850000381469727,461,0.0,0.0
2024-08-30 12:05:00-04:00,2.609999895095825,2.609999895095825,2.609999895095825,2.609999895095825,1672,0.0,0.0
2024-08-30 12:40:00-04:00,2.559999942779541,2.559999942779541,2.559999942779541,2.559999942779541,453,0.0,0.0
2024-08-30 12:50:00-04:00,2.5799999237060547,2.5799999237060547,2.5799999237060547,2.5799999237060547,1679,0.0,0.0
2024-08-30 13:30:00-04:00,2.5799999237060547,2.5899999141693115,2.5799999237060547,2.5899999141693115,941,0.0,0.0
2024-08-30 13:45:00-04:00,2.5999999046325684,2.5999999046325684,2.5999999046325684,2.5999999046325684,785,0.0,0.0
2024-08-30 14:05:00-04:00,2.5899999141693115,2.609999895095825,2.5899999141693115,2.609999895095825,2250,0.0,0.0
2024-08-30 14:40:00-04:00,2.619999885559082,2.619999885559082,2.619999885559082,2.619999885559082,295,0.0,0.0
2024-08-30 14:45:00-04:00,2.611999988555908,2.611999988555908,2.611999988555908,2.611999988555908,1719,0.0,0.0
2024-08-30 14:55:00-04:00,2.615000009536743,2.615000009536743,2.61080002784729,2.61080002784729,1582,0.0,0.0
2024-08-30 15:15:00-04:00,2.5999999046325684,2.5999999046325684,2.5999999046325684,2.5999999046325684,1141,0.0,0.0
2024-08-30 15:30:00-04:00,2.609999895095825,2.610100030899048,2.5999999046325684,2.5999999046325684,2356,0.0,0.0
2024-08-30 15:50:00-04:00,2.5999999046325684,2.649899959564209,2.5999999046325684,2.6217000484466553,6127,0.0,0.0
2024-08-30 15:55:00-04:00,2.6500000953674316,2.6600000858306885,2.630000114440918,2.6600000858306885,4092,0.0,0.0
2024-09-03 09:30:00-04:00,2.619999885559082,2.619999885559082,2.619999885559082,2.619999885559082,769,0.0,0.0
2024-09-03 09:40:00-04:00,2.5899999141693115,2.5999999046325684,2.5799999237060547,2.5899999141693115,2308,0.0,0.0
2024-09-03 09:45:00-04:00,2.549999952316284,2.549999952316284,2.549999952316284,2.549999952316284,1276,0.0,0.0
2024-09-03 10:15:00-04:00,2.549999952316284,2.549999952316284,2.549999952316284,2.549999952316284,607,0.0,0.0
2024-09-03 10:20:00-04:00,2.5399999618530273,2.5399999618530273,2.5399999618530273,2.5399999618530273,1249,0.0,0.0
2024-09-03 10:25:00-04:00,2.5399999618530273,2.5399999618530273,2.5399999618530273,2.5399999618530273,534,0.0,0.0
2024-09-03 10:40:00-04:00,2.5399999618530273,2.5399999618530273,2.5399999618530273,2.5399999618530273,274,0.0,0.0
2024-09-03 10:45:00-04:00,2.5648999214172363,2.5648999214172363,2.5648999214172363,2.5648999214172363,330,0.0,0.0
2024-09-03 10:50:00-04:00,2.5,2.5,2.5,2.5,442,0.0,0.0
2024-09-03 11:00:00-04:00,2.547300100326538,2.547300100326538,2.547300100326538,2.547300100326538,547,0.0,0.0
2024-09-03 11:10:00-04:00,2.490000009536743,2.490000009536743,2.490000009536743,2.490000009536743,200,0.0,0.0
2024-09-03 11:15:00-04:00,2.515000104904175,2.515000104904175,2.515000104904175,2.515000104904175,1080,0.0,0.0
2024-09-03 11:25:00-04:00,2.490000009536743,2.490000009536743,2.450000047683716,2.450000047683716,1429,0.0,0.0
2024-09-03 11:40:00-04:00,2.4600000381469727,2.4600000381469727,2.4600000381469727,2.4600000381469727,4062,0.0,0.0
2024-09-03 11:45:00-04:00,2.450000047683716,2.466900110244751,2.450000047683716,2.450000047683716,547,0.0,0.0
2024-09-03 11:50:00-04:00,2.450000047683716,2.450000047683716,2.450000047683716,2.450000047683716,939,0.0,0.0
2024-09-03 12:00:00-04:00,2.4100000858306885,2.4100000858306885,2.4100000858306885,2.4100000858306885,335,0.0,0.0
2024-09-03 12:05:00-04:00,2.4100000858306885,2.4100000858306885,2.4100000858306885,2.4100000858306885,382,0.0,0.0
2024-09-03 12:10:00-04:00,2.380000114440918,2.380000114440918,2.380000114440918,2.380000114440918,866,0.0,0.0
2024-09-03 12:40:00-04:00,2.375,2.380000114440918,2.375,2.380000114440918,385,0.0,0.0
2024-09-03 12:55:00-04:00,2.365000009536743,2.365000009536743,2.365000009536743,2.365000009536743,354,0.0,0.0
2024-09-03 13:10:00-04:00,2.3399999141693115,2.3664000034332275,2.3399999141693115,2.359999895095825,1738,0.0,0.0
2024-09-03 13:20:00-04:00,2.359999895095825,2.4079999923706055,2.359999895095825,2.4079999923706055,6291,0.0,0.0
2024-09-03 13:40:00-04:00,2.4800000190734863,2.4800000190734863,2.4590001106262207,2.4590001106262207,3907,0.0,0.0
2024-09-03 13:55:00-04:00,2.4600000381469727,2.4600000381469727,2.4600000381469727,2.4600000381469727,133,0.0,0.0
2024-09-03 14:05:00-04:00,2.4600000381469727,2.484999895095825,2.4600000381469727,2.484999895095825,1387,0.0,0.0
2024-09-03 14:15:00-04:00,2.50600004196167,2.50600004196167,2.5,2.5,2034,0.0,0.0
2024-09-03 14:20:00-04:00,2.4800000190734863,2.490000009536743,2.4800000190734863,2.490000009536743,610,0.0,0.0
2024-09-03 14:40:00-04:00,2.490000009536743,2.490000009536743,2.490000009536743,2.490000009536743,555,0.0,0.0
2024-09-03 14:50:00-04:00,2.490000009536743,2.509999990463257,2.490000009536743,2.509999990463257,619,0.0,0.0
2024-09-03 15:05:00-04:00,2.494999885559082,2.494999885559082,2.494999885559082,2.494999885559082,1307,0.0,0.0
2024-09-03 15:20:00-04:00,2.4700000286102295,2.490000009536743,2.4700000286102295,2.490000009536743,1928,0.0,0.0
2024-09-03 15:35:00-04:00,2.4749999046325684,2.4749999046325684,2.444999933242798,2.444999933242798,1291,0.0,0.0
2024-09-03 15:40:00-04:00,2.434999942779541,2.450000047683716,2.430000066757202,2.450000047683716,10341,0.0,0.0
2024-09-03 15:45:00-04:00,2.450000047683716,2.450000047683716,2.450000047683716,2.450000047683716,4833,0.0,0.0
2024-09-03 15:50:00-04:00,2.450000047683716,2.450000047683716,2.440000057220459,2.440000057220459,1340,0.0,0.0
2024-09-03 15:55:00-04:00,2.440000057220459,2.440000057220459,2.430000066757202,2.434999942779541,8286,0.0,0.0
2024-09-04 09:30:00-04:00,2.4200000762939453,2.4200000762939453,2.4200000762939453,2.4200000762939453,1037,0.0,0.0
2024-09-04 09:45:00-04:00,2.319999933242798,2.319999933242798,2.319999933242798,2.319999933242798,482,0.0,0.0
2024-09-04 10:15:00-04:00,2.4000000953674316,2.4000000953674316,2.3299999237060547,2.3299999237060547,1736,0.0,0.0
2024-09-04 10:20:00-04:00,2.3856000900268555,2.390000104904175,2.3856000900268555,2.390000104904175,1828,0.0,0.0
2024-09-04 10:40:00-04:00,2.4200000762939453,2.4200000762939453,2.4200000762939453,2.4200000762939453,1045,0.0,0.0
2024-09-04 11:10:00-04:00,2.440000057220459,2.440000057220459,2.440000057220459,2.440000057220459,470,0.0,0.0
2024-09-04 11:35:00-04:00,2.4200000762939453,2.4200000762939453,2.4200000762939453,2.4200000762939453,207,0.0,0.0
2024-09-04 11:45:00-04:00,2.4000000953674316,2.4000000953674316,2.4000000953674316,2.4000000953674316,4450,0.0,0.0
2024-09-04 12:00:00-04:00,2.4000000953674316,2.4000000953674316,2.4000000953674316,2.4000000953674316,180,0.0,0.0
2024-09-04 12:10:00-04:00,2.369999885559082,2.369999885559082,2.369999885559082,2.369999885559082,373,0.0,0.0
2024-09-04 12:45:00-04:00,2.390000104904175,2.390000104904175,2.359999895095825,2.359999895095825,404,0.0,0.0
2024-09-04 12:55:00-04:00,2.375,2.375,2.375,2.375,3940,0.0,0.0
2024-09-04 13:05:00-04:00,2.359999895095825,2.359999895095825,2.359999895095825,2.359999895095825,1400,0.0,0.0
2024-09-04 13:20:00-04:00,2.359999895095825,2.359999895095825,2.359999895095825,2.359999895095825,1505,0.0,0.0
2024-09-04 13:35:00-04:00,2.359999895095825,2.359999895095825,2.359999895095825,2.359999895095825,4239,0.0,0.0
2024-09-04 13:40:00-04:00,2.359999895095825,2.359999895095825,2.359999895095825,2.359999895095825,2616,0.0,0.0
2024-09-04 13:55:00-04:00,2.3299999237060547,2.3299999237060547,2.3299999237060547,2.3299999237060547,596,0.0,0.0
2024-09-04 14:05:00-04:00,2.2699999809265137,2.2699999809265137,2.2699999809265137,2.2699999809265137,271,0.0,0.0
2024-09-04 14:10:00-04:00,2.2600998878479004,2.2600998878479004,2.2600998878479004,2.2600998878479004,443,0.0,0.0
2024-09-04 14:20:00-04:00,2.299999952316284,2.299999952316284,2.291599988937378,2.291599988937378,3320,0.0,0.0
2024-09-04 14:40:00-04:00,2.2899999618530273,2.2899999618530273,2.2899999618530273,2.2899999618530273,209,0.0,0.0
2024-09-04 15:05:00-04:00,2.299999952316284,2.299999952316284,2.299999952316284,2.299999952316284,130,0.0,0.0
2024-09-04 15:10:00-04:00,2.299999952316284,2.299999952316284,2.299999952316284,2.299999952316284,200,0.0,0.0
2024-09-04 15:15:00-04:00,2.305000066757202,2.309999942779541,2.305000066757202,2.309999942779541,941,0.0,0.0
2024-09-04 15:30:00-04:00,2.359999895095825,2.359999895095825,2.3399999141693115,2.3399999141693115,562,0.0,0.0
2024-09-04 15:35:00-04:00,2.359999895095825,2.4000000953674316,2.359999895095825,2.4000000953674316,465,0.0,0.0
2024-09-04 15:40:00-04:00,2.4000000953674316,2.4100000858306885,2.3399999141693115,2.4100000858306885,1021,0.0,0.0
2024-09-04 15:45:00-04:00,2.4200000762939453,2.4200000762939453,2.369999885559082,2.369999885559082,904,0.0,0.0
2024-09-04 15:50:00-04:00,2.4200000762939453,2.4200000762939453,2.359999895095825,2.4000000953674316,3087,0.0,0.0
2024-09-04 15:55:00-04:00,2.3299999237060547,2.3499999046325684,2.3299999237060547,2.3499999046325684,2707,0.0,0.0
2024-09-05 09:30:00-04:00,2.359999895095825,2.490000009536743,2.3499999046325684,2.490000009536743,2017,0.0,0.0
2024-09-05 09:35:00-04:00,2.390000104904175,2.484999895095825,2.369999885559082,2.4000000953674316,1362,0.0,0.0
2024-09-05 09:40:00-04:00,2.4258999824523926,2.431999921798706,2.375,2.375,1097,0.0,0.0
2024-09-05 09:55:00-04:00,2.4200000762939453,2.4200000762939453,2.4200000762939453,2.4200000762939453,601,0.0,0.0
2024-09-05 10:05:00-04:00,2.3949999809265137,2.3949999809265137,2.3299999237060547,2.3299999237060547,613,0.0,0.0
2024-09-05 10:15:00-04:00,2.325000047683716,2.325000047683716,2.325000047683716,2.325000047683716,50,0.0,0.0
2024-09-05 10:30:00-04:00,2.3512001037597656,2.3512001037597656,2.319999933242798,2.319999933242798,902,0.0,0.0
2024-09-05 10:35:00-04:00,2.380000114440918,2.380000114440918,2.380000114440918,2.380000114440918,421,0.0,0.0
2024-09-05 10:40:00-04:00,2.3499999046325684,2.3499999046325684,2.3499999046325684,2.3499999046325684,1573,0.0,0.0
2024-09-05 10:45:00-04:00,2.299999952316284,2.299999952316284,2.299999952316284,2.299999952316284,418,0.0,0.0
2024-09-05 10:50:00-04:00,2.305299997329712,2.305299997329712,2.305299997329712,2.305299997329712,242,0.0,0.0
2024-09-05 10:55:00-04:00,2.3227999210357666,2.3227999210357666,2.299999952316284,2.3001999855041504,344,0.0,0.0
2024-09-05 11:00:00-04:00,2.3299999237060547,2.3299999237060547,2.319999933242798,2.319999933242798,1506,0.0,0.0
2024-09-05 11:20:00-04:00,2.309999942779541,2.309999942779541,2.309999942779541,2.309999942779541,129,0.0,0.0
2024-09-05 11:25:00-04:00,2.3399999141693115,2.3399999141693115,2.3399999141693115,2.3399999141693115,218,0.0,0.0
2024-09-05 11:40:00-04:00,2.309999942779541,2.309999942779541,2.299999952316284,2.299999952316284,212,0.0,0.0
2024-09-05 11:50:00-04:00,2.325000047683716,2.325000047683716,2.325000047683716,2.325000047683716,201,0.0,0.0
2024-09-05 12:00:00-04:00,2.299999952316284,2.299999952316284,2.299999952316284,2.299999952316284,137,0.0,0.0
2024-09-05 12:05:00-04:00,2.309999942779541,2.309999942779541,2.309999942779541,2.309999942779541,767,0.0,0.0
2024-09-05 12:20:00-04:00,2.3399999141693115,2.348900079727173,2.299999952316284,2.3101000785827637,2665,0.0,0.0
2024-09-05 12:35:00-04:00,2.3350000381469727,2.3350000381469727,2.3350000381469727,2.3350000381469727,0,0.0,0.0
2024-09-05 12:55:00-04:00,2.3201000690460205,2.3201000690460205,2.3201000690460205,2.3201000690460205,1113,0.0,0.0
2024-09-05 13:05:00-04:00,2.315000057220459,2.315000057220459,2.315000057220459,2.315000057220459,317,0.0,0.0
2024-09-05 13:15:00-04:00,2.309999942779541,2.309999942779541,2.309999942779541,2.309999942779541,524,0.0,0.0
2024-09-05 13:40:00-04:00,2.299999952316284,2.319999933242798,2.299999952316284,2.319999933242798,664,0.0,0.0
2024-09-05 13:45:00-04:00,2.309999942779541,2.309999942779541,2.309999942779541,2.309999942779541,498,0.0,0.0
2024-09-05 13:55:00-04:00,2.312999963760376,2.312999963760376,2.312999963760376,2.312999963760376,421,0.0,0.0
2024-09-05 14:15:00-04:00,2.299999952316284,2.299999952316284,2.299999952316284,2.299999952316284,228,0.0,0.0
2024-09-05 14:25:00-04:00,2.299999952316284,2.299999952316284,2.299999952316284,2.299999952316284,237,0.0,0.0
2024-09-05 14:40:00-04:00,2.299999952316284,2.299999952316284,2.299999952316284,2.299999952316284,1129,0.0,0.0
2024-09-05 15:10:00-04:00,2.299999952316284,2.309999942779541,2.2899999618530273,2.309999942779541,2701,0.0,0.0
2024-09-05 15:15:00-04:00,2.315000057220459,2.319999933242798,2.309999942779541,2.309999942779541,6578,0.0,0.0
2024-09-05 15:35:00-04:00,2.325200080871582,2.325200080871582,2.325200080871582,2.325200080871582,346,0.0,0.0
2024-09-05 15:45:00-04:00,2.3450000286102295,2.3450000286102295,2.3450000286102295,2.3450000286102295,375,0.0,0.0
2024-09-05 15:50:00-04:00,2.319999933242798,2.319999933242798,2.319999933242798,2.319999933242798,255,0.0,0.0
2024-09-05 15:55:00-04:00,2.3299999237060547,2.3399999141693115,2.3206000328063965,2.3399999141693115,1656,0.0,0.0
2024-09-06 10:25:00-04:00,2.325000047683716,2.325000047683716,2.25,2.25,4021,0.0,0.0
2024-09-06 10:35:00-04:00,2.200000047683716,2.200000047683716,2.190000057220459,2.190000057220459,784,0.0,0.0
2024-09-06 10:50:00-04:00,2.180000066757202,2.180000066757202,2.180000066757202,2.180000066757202,2206,0.0,0.0
2024-09-06 11:00:00-04:00,2.1700000762939453,2.1700000762939453,2.1700000762939453,2.1700000762939453,247,0.0,0.0
2024-09-06 11:05:00-04:00,2.200000047683716,2.240000009536743,2.200000047683716,2.2200000286102295,2780,0.0,0.0
2024-09-06 11:15:00-04:00,2.2200000286102295,2.2200000286102295,2.2200000286102295,2.2200000286102295,546,0.0,0.0
2024-09-06 11:30:00-04:00,2.2300000190734863,2.2300000190734863,2.2200000286102295,2.2200000286102295,1261,0.0,0.0
2024-09-06 11:45:00-04:00,2.2200000286102295,2.2300000190734863,2.2200000286102295,2.2300000190734863,1539,0.0,0.0
2024-09-06 11:50:00-04:00,2.2300000190734863,2.2300000190734863,2.2200000286102295,2.2249999046325684,1843,0.0,0.0
2024-09-06 12:35:00-04:00,2.2219998836517334,2.2219998836517334,2.2219998836517334,2.2219998836517334,1087,0.0,0.0
2024-09-06 12:40:00-04:00,2.2207999229431152,2.2207999229431152,2.2207999229431152,2.2207999229431152,680,0.0,0.0
2024-09-06 12:50:00-04:00,2.2200000286102295,2.2200000286102295,2.2100000381469727,2.2100000381469727,1764,0.0,0.0
2024-09-06 13:05:00-04:00,2.2200000286102295,2.2200000286102295,2.2200000286102295,2.2200000286102295,193,0.0,0.0
2024-09-06 13:15:00-04:00,2.2200000286102295,2.240000009536743,2.2200000286102295,2.240000009536743,1905,0.0,0.0
2024-09-06 13:20:00-04:00,2.2411000728607178,2.2411000728607178,2.2411000728607178,2.2411000728607178,0,0.0,0.0
2024-09-06 14:05:00-04:00,2.190000057220459,2.190000057220459,2.190000057220459,2.190000057220459,289,0.0,0.0
2024-09-06 14:15:00-04:00,2.2049999237060547,2.2049999237060547,2.2049999237060547,2.2049999237060547,185,0.0,0.0
2024-09-06 14:25:00-04:00,2.200000047683716,2.200000047683716,2.184999942779541,2.184999942779541,698,0.0,0.0
2024-09-06 14:30:00-04:00,2.184999942779541,2.184999942779541,2.180000066757202,2.180000066757202,335,0.0,0.0
2024-09-06 14:35:00-04:00,2.174999952316284,2.180000066757202,2.174999952316284,2.1756999492645264,1500,0.0,0.0
2024-09-06 14:45:00-04:00,2.169100046157837,2.174999952316284,2.1656999588012695,2.174999952316284,2112,0.0,0.0
2024-09-06 14:55:00-04:00,2.200000047683716,2.200000047683716,2.200000047683716,2.200000047683716,423,0.0,0.0
2024-09-06 15:00:00-04:00,2.2049999237060547,2.2049999237060547,2.2049999237060547,2.2049999237060547,5072,0.0,0.0
2024-09-06 15:20:00-04:00,2.2300000190734863,2.2699999809265137,2.2300000190734863,2.26990008354187,6263,0.0,0.0
2024-09-06 15:50:00-04:00,2.2300000190734863,2.2300000190734863,2.2300000190734863,2.2300000190734863,1787,0.0,0.0
2024-09-06 15:55:00-04:00,2.200000047683716,2.2149999141693115,2.180000066757202,2.190000057220459,24963,0.0,0.0
