Datetime,Open,High,Low,Close,Volume,Dividends,Stock Splits
2024-08-08 09:30:00-04:00,24.969999313354492,24.969999313354492,24.969999313354492,24.969999313354492,1116,0.0,0.0
2024-08-08 09:35:00-04:00,25.110000610351562,25.110000610351562,25.110000610351562,25.110000610351562,801,0.0,0.0
2024-08-08 10:10:00-04:00,25.020000457763672,25.020000457763672,25.020000457763672,25.020000457763672,565,0.0,0.0
2024-08-08 10:40:00-04:00,24.969999313354492,24.969999313354492,24.969999313354492,24.969999313354492,117,0.0,0.0
2024-08-08 10:50:00-04:00,25.148300170898438,25.148300170898438,25.148300170898438,25.148300170898438,508,0.0,0.0
2024-08-08 11:10:00-04:00,25.19420051574707,25.19420051574707,25.19420051574707,25.19420051574707,596,0.0,0.0
2024-08-08 12:10:00-04:00,25.188600540161133,25.188600540161133,25.188600540161133,25.188600540161133,401,0.0,0.0
2024-08-08 12:15:00-04:00,25.100000381469727,25.100000381469727,25.100000381469727,25.100000381469727,593,0.0,0.0
2024-08-08 12:35:00-04:00,25.049999237060547,25.049999237060547,25.049999237060547,25.049999237060547,246,0.0,0.0
2024-08-08 12:40:00-04:00,24.940099716186523,24.940099716186523,24.940000534057617,24.940000534057617,204,0.0,0.0
2024-08-08 12:45:00-04:00,24.984800338745117,24.984800338745117,24.984800338745117,24.984800338745117,552,0.0,0.0
2024-08-08 13:20:00-04:00,24.985000610351562,24.985000610351562,24.985000610351562,24.985000610351562,146,0.0,0.0
2024-08-08 13:45:00-04:00,25.1200008392334,25.1200008392334,25.1200008392334,25.1200008392334,133,0.0,0.0
2024-08-08 13:50:00-04:00,25.114999771118164,25.114999771118164,25.114999771118164,25.114999771118164,368,0.0,0.0
2024-08-08 14:15:00-04:00,25.15999984741211,25.15999984741211,25.15999984741211,25.15999984741211,376,0.0,0.0
2024-08-08 14:45:00-04:00,25.060100555419922,25.060100555419922,25.060100555419922,25.060100555419922,1668,0.0,0.0
2024-08-08 15:15:00-04:00,25.139999389648438,25.139999389648438,25.060100555419922,25.060100555419922,4580,0.0,0.0
2024-08-08 15:20:00-04:00,25.1299991607666,25.250200271606445,25.1299991607666,25.250200271606445,437,0.0,0.0
2024-08-08 15:25:00-04:00,25.19499969482422,25.19499969482422,25.19499969482422,25.19499969482422,236,0.0,0.0
2024-08-08 15:30:00-04:00,25.18000030517578,25.18000030517578,25.05190086364746,25.05190086364746,1728,0.0,0.0
2024-08-08 15:35:00-04:00,25.049999237060547,25.049999237060547,25.010000228881836,25.010000228881836,834,0.0,0.0
2024-08-08 15:45:00-04:00,25.100000381469727,25.100000381469727,25.020000457763672,25.030000686645508,575,0.0,0.0
2024-08-08 15:50:00-04:00,24.989999771118164,25.040000915527344,24.989999771118164,25.040000915527344,406,0.0,0.0
2024-08-08 15:55:00-04:00,25.049999237060547,25.114999771118164,25.049999237060547,25.114999771118164,870,0.0,0.0
2024-08-09 09:30:00-04:00,25.059999465942383,25.059999465942383,25.059999465942383,25.059999465942383,1527,0.0,0.0
2024-08-09 09:40:00-04:00,24.969999313354492,24.979999542236328,24.969999313354492,24.979999542236328,711,0.0,0.0
2024-08-09 10:05:00-04:00,24.986099243164062,24.986099243164062,24.986099243164062,24.986099243164062,769,0.0,0.0
2024-08-09 10:30:00-04:00,24.934999465942383,24.934999465942383,24.934999465942383,24.934999465942383,194,0.0,0.0
2024-08-09 10:50:00-04:00,24.780000686645508,24.780000686645508,24.780000686645508,24.780000686645508,191,0.0,0.0
2024-08-09 10:55:00-04:00,24.84000015258789,24.84000015258789,24.84000015258789,24.84000015258789,125,0.0,0.0
2024-08-09 11:05:00-04:00,24.847999572753906,24.847999572753906,24.847999572753906,24.847999572753906,488,0.0,0.0
2024-08-09 11:15:00-04:00,24.898500442504883,24.898500442504883,24.898500442504883,24.898500442504883,429,0.0,0.0
2024-08-09 11:25:00-04:00,24.790000915527344,24.790000915527344,24.790000915527344,24.790000915527344,355,0.0,0.0
2024-08-09 11:30:00-04:00,24.809999465942383,24.899999618530273,24.809999465942383,24.899999618530273,819,0.0,0.0
2024-08-09 11:35:00-04:00,24.899999618530273,24.899999618530273,24.899999618530273,24.899999618530273,136,0.0,0.0
2024-08-09 11:45:00-04:00,24.899999618530273,24.899999618530273,24.899999618530273,24.899999618530273,626,0.0,0.0
2024-08-09 12:10:00-04:00,24.760000228881836,24.774999618530273,24.75,24.774999618530273,434,0.0,0.0
2024-08-09 12:30:00-04:00,24.844999313354492,24.844999313354492,24.844999313354492,24.844999313354492,110,0.0,0.0
2024-08-09 12:35:00-04:00,24.8799991607666,24.8799991607666,24.8799991607666,24.8799991607666,167,0.0,0.0
2024-08-09 12:50:00-04:00,24.84000015258789,24.84000015258789,24.84000015258789,24.84000015258789,202,0.0,0.0
2024-08-09 13:00:00-04:00,24.850000381469727,24.854999542236328,24.850000381469727,24.854999542236328,459,0.0,0.0
2024-08-09 13:05:00-04:00,24.860000610351562,24.860000610351562,24.860000610351562,24.860000610351562,328,0.0,0.0
2024-08-09 13:15:00-04:00,24.93000030517578,24.985000610351562,24.93000030517578,24.985000610351562,466,0.0,0.0
2024-08-09 13:25:00-04:00,25.040000915527344,25.040000915527344,25.040000915527344,25.040000915527344,136,0.0,0.0
2024-08-09 13:30:00-04:00,24.93000030517578,24.989999771118164,24.93000030517578,24.989999771118164,783,0.0,0.0
2024-08-09 13:40:00-04:00,24.944599151611328,24.944599151611328,24.944599151611328,24.944599151611328,511,0.0,0.0
2024-08-09 13:50:00-04:00,24.969999313354492,24.969999313354492,24.969999313354492,24.969999313354492,163,0.0,0.0
2024-08-09 14:10:00-04:00,24.899999618530273,24.920000076293945,24.8799991607666,24.8799991607666,1407,0.0,0.0
2024-08-09 14:35:00-04:00,24.93000030517578,24.93000030517578,24.920000076293945,24.920000076293945,440,0.0,0.0
2024-08-09 14:40:00-04:00,24.934999465942383,24.934999465942383,24.934999465942383,24.934999465942383,100,0.0,0.0
2024-08-09 14:45:00-04:00,24.959999084472656,24.959999084472656,24.959999084472656,24.959999084472656,226,0.0,0.0
2024-08-09 14:50:00-04:00,24.940000534057617,24.940000534057617,24.940000534057617,24.940000534057617,223,0.0,0.0
2024-08-09 14:55:00-04:00,24.899999618530273,24.899999618530273,24.889999389648438,24.889999389648438,324,0.0,0.0
2024-08-09 15:05:00-04:00,24.93000030517578,24.93000030517578,24.93000030517578,24.93000030517578,114,0.0,0.0
2024-08-09 15:10:00-04:00,24.93000030517578,24.940000534057617,24.93000030517578,24.93000030517578,787,0.0,0.0
2024-08-09 15:20:00-04:00,24.940000534057617,24.940000534057617,24.93000030517578,24.93000030517578,536,0.0,0.0
2024-08-09 15:25:00-04:00,24.93000030517578,24.93000030517578,24.93000030517578,24.93000030517578,302,0.0,0.0
2024-08-09 15:30:00-04:00,24.959999084472656,24.959999084472656,24.959999084472656,24.959999084472656,321,0.0,0.0
2024-08-09 15:35:00-04:00,24.940000534057617,24.940000534057617,24.940000534057617,24.940000534057617,375,0.0,0.0
2024-08-09 15:40:00-04:00,24.896699905395508,24.940000534057617,24.896699905395508,24.940000534057617,615,0.0,0.0
2024-08-09 15:50:00-04:00,24.899999618530273,24.989999771118164,24.899999618530273,24.959999084472656,2471,0.0,0.0
2024-08-09 15:55:00-04:00,24.969999313354492,25.040000915527344,24.969999313354492,25.030000686645508,4671,0.0,0.0
2024-08-12 09:30:00-04:00,25.040000915527344,25.040000915527344,24.84000015258789,24.84000015258789,2402,0.0,0.0
2024-08-12 09:35:00-04:00,25.030000686645508,25.030000686645508,25.030000686645508,25.030000686645508,228,0.0,0.0
2024-08-12 09:40:00-04:00,24.829999923706055,24.829999923706055,24.829999923706055,24.829999923706055,314,0.0,0.0
2024-08-12 09:50:00-04:00,24.6299991607666,24.81999969482422,24.6299991607666,24.81999969482422,507,0.0,0.0
2024-08-12 10:00:00-04:00,24.764999389648438,24.764999389648438,24.764999389648438,24.764999389648438,1609,0.0,0.0
2024-08-12 10:05:00-04:00,24.71500015258789,24.71500015258789,24.71500015258789,24.71500015258789,183,0.0,0.0
2024-08-12 10:20:00-04:00,24.6200008392334,24.6200008392334,24.6200008392334,24.6200008392334,553,0.0,0.0
2024-08-12 10:25:00-04:00,24.594999313354492,24.594999313354492,24.594999313354492,24.594999313354492,296,0.0,0.0
2024-08-12 10:30:00-04:00,24.584999084472656,24.584999084472656,24.584999084472656,24.584999084472656,161,0.0,0.0
2024-08-12 10:35:00-04:00,24.59000015258789,24.59000015258789,24.510000228881836,24.51759910583496,650,0.0,0.0
2024-08-12 10:40:00-04:00,24.520000457763672,24.520000457763672,24.520000457763672,24.520000457763672,386,0.0,0.0
2024-08-12 10:55:00-04:00,24.520000457763672,24.520000457763672,24.5,24.5,1781,0.0,0.0
2024-08-12 11:00:00-04:00,24.450000762939453,24.450000762939453,24.450000762939453,24.450000762939453,215,0.0,0.0
2024-08-12 11:05:00-04:00,24.420000076293945,24.43000030517578,24.420000076293945,24.43000030517578,619,0.0,0.0
2024-08-12 11:15:00-04:00,24.379100799560547,24.379100799560547,24.379100799560547,24.379100799560547,642,0.0,0.0
2024-08-12 11:20:00-04:00,24.389999389648438,24.399999618530273,24.389999389648438,24.399999618530273,913,0.0,0.0
2024-08-12 11:25:00-04:00,24.354999542236328,24.354999542236328,24.354999542236328,24.354999542236328,123,0.0,0.0
2024-08-12 11:30:00-04:00,24.389999389648438,24.389999389648438,24.389999389648438,24.389999389648438,345,0.0,0.0
2024-08-12 11:45:00-04:00,24.329999923706055,24.329999923706055,24.329999923706055,24.329999923706055,361,0.0,0.0
2024-08-12 12:00:00-04:00,24.350000381469727,24.350000381469727,24.260000228881836,24.260000228881836,3843,0.0,0.0
2024-08-12 12:05:00-04:00,24.219999313354492,24.219999313354492,24.219999313354492,24.219999313354492,677,0.0,0.0
2024-08-12 12:10:00-04:00,24.29490089416504,24.29490089416504,24.29490089416504,24.29490089416504,125,0.0,0.0
2024-08-12 12:15:00-04:00,24.291000366210938,24.291000366210938,24.291000366210938,24.291000366210938,284,0.0,0.0
2024-08-12 12:20:00-04:00,24.209999084472656,24.209999084472656,24.209999084472656,24.209999084472656,396,0.0,0.0
2024-08-12 12:35:00-04:00,24.190000534057617,24.190000534057617,24.190000534057617,24.190000534057617,240,0.0,0.0
2024-08-12 12:50:00-04:00,24.200000762939453,24.200000762939453,24.18000030517578,24.197099685668945,4589,0.0,0.0
2024-08-12 13:00:00-04:00,24.1299991607666,24.1299991607666,24.1299991607666,24.1299991607666,161,0.0,0.0
2024-08-12 13:10:00-04:00,24.163400650024414,24.163400650024414,24.163400650024414,24.163400650024414,401,0.0,0.0
2024-08-12 13:15:00-04:00,24.110000610351562,24.110000610351562,24.110000610351562,24.110000610351562,400,0.0,0.0
2024-08-12 13:20:00-04:00,24.142000198364258,24.142000198364258,24.1299991607666,24.1299991607666,1872,0.0,0.0
2024-08-12 13:35:00-04:00,24.13159942626953,24.13159942626953,24.1299991607666,24.1299991607666,804,0.0,0.0
2024-08-12 13:50:00-04:00,24.23040008544922,24.23040008544922,24.184999465942383,24.184999465942383,655,0.0,0.0
2024-08-12 13:55:00-04:00,24.1299991607666,24.1299991607666,24.1299991607666,24.1299991607666,468,0.0,0.0
2024-08-12 14:00:00-04:00,24.18400001525879,24.18400001525879,24.18400001525879,24.18400001525879,112,0.0,0.0
2024-08-12 14:10:00-04:00,24.239999771118164,24.25,24.184999465942383,24.25,2050,0.0,0.0
2024-08-12 14:20:00-04:00,24.319900512695312,24.319900512695312,24.319900512695312,24.319900512695312,418,0.0,0.0
2024-08-12 14:30:00-04:00,24.280000686645508,24.280000686645508,24.280000686645508,24.280000686645508,172,0.0,0.0
2024-08-12 15:00:00-04:00,24.312999725341797,24.312999725341797,24.299999237060547,24.299999237060547,1574,0.0,0.0
2024-08-12 15:10:00-04:00,24.307100296020508,24.348600387573242,24.307100296020508,24.348600387573242,580,0.0,0.0
2024-08-12 15:25:00-04:00,24.280000686645508,24.34510040283203,24.280000686645508,24.34510040283203,438,0.0,0.0
2024-08-12 15:30:00-04:00,24.299999237060547,24.299999237060547,24.260000228881836,24.299999237060547,1247,0.0,0.0
2024-08-12 15:35:00-04:00,24.31999969482422,24.31999969482422,24.290000915527344,24.290000915527344,335,0.0,0.0
2024-08-12 15:40:00-04:00,24.34000015258789,24.34000015258789,24.34000015258789,24.34000015258789,236,0.0,0.0
2024-08-12 15:45:00-04:00,24.350000381469727,24.350000381469727,24.350000381469727,24.350000381469727,223,0.0,0.0
2024-08-12 15:50:00-04:00,24.350000381469727,24.3799991607666,24.34000015258789,24.3799991607666,1770,0.0,0.0
2024-08-12 15:55:00-04:00,24.399999618530273,24.450000762939453,24.3700008392334,24.375999450683594,2884,0.0,0.0
2024-08-13 09:30:00-04:00,24.649999618530273,24.780000686645508,24.584999084472656,24.780000686645508,4487,0.0,0.0
2024-08-13 09:35:00-04:00,24.639999389648438,24.649999618530273,24.405000686645508,24.405000686645508,1859,0.0,0.0
2024-08-13 09:50:00-04:00,24.469999313354492,24.469999313354492,24.459999084472656,24.459999084472656,352,0.0,0.0
2024-08-13 10:00:00-04:00,24.479999542236328,24.479999542236328,24.479999542236328,24.479999542236328,448,0.0,0.0
2024-08-13 10:05:00-04:00,24.600000381469727,24.600000381469727,24.600000381469727,24.600000381469727,647,0.0,0.0
2024-08-13 10:15:00-04:00,24.565000534057617,24.565000534057617,24.565000534057617,24.565000534057617,324,0.0,0.0
2024-08-13 11:00:00-04:00,24.40999984741211,24.40999984741211,24.40999984741211,24.40999984741211,713,0.0,0.0
2024-08-13 12:05:00-04:00,24.43000030517578,24.43000030517578,24.43000030517578,24.43000030517578,202,0.0,0.0
2024-08-13 12:15:00-04:00,24.43000030517578,24.450000762939453,24.43000030517578,24.450000762939453,682,0.0,0.0
2024-08-13 12:20:00-04:00,24.600000381469727,24.600000381469727,24.600000381469727,24.600000381469727,142,0.0,0.0
2024-08-13 12:25:00-04:00,24.459999084472656,24.459999084472656,24.459999084472656,24.459999084472656,100,0.0,0.0
2024-08-13 12:30:00-04:00,24.45009994506836,24.56999969482422,24.450000762939453,24.465900421142578,4781,0.0,0.0
2024-08-13 12:35:00-04:00,24.440099716186523,24.440099716186523,24.440099716186523,24.440099716186523,861,0.0,0.0
2024-08-13 12:40:00-04:00,24.549999237060547,24.549999237060547,24.514999389648438,24.514999389648438,423,0.0,0.0
2024-08-13 12:45:00-04:00,24.56999969482422,24.56999969482422,24.56999969482422,24.56999969482422,705,0.0,0.0
2024-08-13 13:00:00-04:00,24.690000534057617,24.690000534057617,24.610000610351562,24.668399810791016,579,0.0,0.0
2024-08-13 13:05:00-04:00,24.674999237060547,24.674999237060547,24.674999237060547,24.674999237060547,303,0.0,0.0
2024-08-13 13:45:00-04:00,24.600000381469727,24.63360023498535,24.579999923706055,24.579999923706055,1183,0.0,0.0
2024-08-13 14:20:00-04:00,24.67020034790039,24.67020034790039,24.67020034790039,24.67020034790039,1297,0.0,0.0
2024-08-13 14:35:00-04:00,24.690000534057617,24.690000534057617,24.620100021362305,24.620100021362305,1744,0.0,0.0
2024-08-13 14:40:00-04:00,24.635000228881836,24.635000228881836,24.635000228881836,24.635000228881836,1031,0.0,0.0
2024-08-13 14:45:00-04:00,24.655000686645508,24.655000686645508,24.655000686645508,24.655000686645508,352,0.0,0.0
2024-08-13 14:50:00-04:00,24.760000228881836,24.760000228881836,24.760000228881836,24.760000228881836,296,0.0,0.0
2024-08-13 14:55:00-04:00,24.665599822998047,24.725000381469727,24.665599822998047,24.725000381469727,3323,0.0,0.0
2024-08-13 15:00:00-04:00,24.790000915527344,24.790000915527344,24.725000381469727,24.790000915527344,370,0.0,0.0
2024-08-13 15:05:00-04:00,24.729999542236328,24.729999542236328,24.729999542236328,24.729999542236328,453,0.0,0.0
2024-08-13 15:15:00-04:00,24.735000610351562,24.736000061035156,24.68000030517578,24.736000061035156,1321,0.0,0.0
2024-08-13 15:20:00-04:00,24.729999542236328,24.729999542236328,24.690000534057617,24.690000534057617,448,0.0,0.0
2024-08-13 15:25:00-04:00,24.790000915527344,24.790000915527344,24.790000915527344,24.790000915527344,265,0.0,0.0
2024-08-13 15:35:00-04:00,24.739999771118164,24.78499984741211,24.739999771118164,24.78499984741211,720,0.0,0.0
2024-08-13 15:45:00-04:00,24.790000915527344,24.790000915527344,24.770000457763672,24.780000686645508,503,0.0,0.0
2024-08-13 15:50:00-04:00,24.829999923706055,24.850000381469727,24.78499984741211,24.78499984741211,1686,0.0,0.0
2024-08-13 15:55:00-04:00,24.790000915527344,24.799999237060547,24.739999771118164,24.75,3316,0.0,0.0
2024-08-14 09:30:00-04:00,24.90999984741211,24.90999984741211,24.829999923706055,24.829999923706055,1713,0.0,0.0
2024-08-14 09:40:00-04:00,24.801000595092773,24.801000595092773,24.801000595092773,24.801000595092773,311,0.0,0.0
2024-08-14 10:05:00-04:00,24.694299697875977,24.694299697875977,24.694299697875977,24.694299697875977,389,0.0,0.0
2024-08-14 10:10:00-04:00,24.684999465942383,24.684999465942383,24.684999465942383,24.684999465942383,289,0.0,0.0
2024-08-14 10:15:00-04:00,24.600000381469727,24.610000610351562,24.600000381469727,24.610000610351562,1509,0.0,0.0
2024-08-14 10:20:00-04:00,24.68000030517578,24.68000030517578,24.636199951171875,24.636199951171875,516,0.0,0.0
2024-08-14 10:25:00-04:00,24.684999465942383,24.684999465942383,24.684999465942383,24.684999465942383,1716,0.0,0.0
2024-08-14 10:30:00-04:00,24.639999389648438,24.639999389648438,24.639999389648438,24.639999389648438,825,0.0,0.0
2024-08-14 11:50:00-04:00,24.816200256347656,24.816200256347656,24.816200256347656,24.816200256347656,422,0.0,0.0
2024-08-14 11:55:00-04:00,24.780000686645508,24.780000686645508,24.780000686645508,24.780000686645508,305,0.0,0.0
2024-08-14 12:05:00-04:00,24.770000457763672,24.775699615478516,24.760000228881836,24.775699615478516,508,0.0,0.0
2024-08-14 12:10:00-04:00,24.75,24.775699615478516,24.75,24.760000228881836,4091,0.0,0.0
2024-08-14 12:20:00-04:00,24.719999313354492,24.719999313354492,24.709999084472656,24.709999084472656,510,0.0,0.0
2024-08-14 12:25:00-04:00,24.649999618530273,24.649999618530273,24.649999618530273,24.649999618530273,233,0.0,0.0
2024-08-14 12:30:00-04:00,24.60059928894043,24.60059928894043,24.60059928894043,24.60059928894043,802,0.0,0.0
2024-08-14 12:40:00-04:00,24.610000610351562,24.679899215698242,24.610000610351562,24.679899215698242,611,0.0,0.0
2024-08-14 13:10:00-04:00,24.639999389648438,24.639999389648438,24.639999389648438,24.639999389648438,273,0.0,0.0
2024-08-14 13:20:00-04:00,24.670000076293945,24.670000076293945,24.670000076293945,24.670000076293945,501,0.0,0.0
2024-08-14 13:30:00-04:00,24.6200008392334,24.6200008392334,24.6200008392334,24.6200008392334,326,0.0,0.0
2024-08-14 13:50:00-04:00,24.65999984741211,24.65999984741211,24.643699645996094,24.643699645996094,431,0.0,0.0
2024-08-14 14:00:00-04:00,24.649999618530273,24.649999618530273,24.649999618530273,24.649999618530273,155,0.0,0.0
2024-08-14 14:10:00-04:00,24.639999389648438,24.639999389648438,24.6200008392334,24.6200008392334,532,0.0,0.0
2024-08-14 14:55:00-04:00,24.670000076293945,24.670000076293945,24.670000076293945,24.670000076293945,146,0.0,0.0
2024-08-14 15:10:00-04:00,24.649999618530273,24.649999618530273,24.649999618530273,24.649999618530273,187,0.0,0.0
2024-08-14 15:15:00-04:00,24.649999618530273,24.649999618530273,24.649999618530273,24.649999618530273,162,0.0,0.0
2024-08-14 15:20:00-04:00,24.639999389648438,24.649999618530273,24.6200008392334,24.6200008392334,728,0.0,0.0
2024-08-14 15:25:00-04:00,24.655000686645508,24.655000686645508,24.627599716186523,24.627599716186523,2330,0.0,0.0
2024-08-14 15:35:00-04:00,24.625,24.670000076293945,24.625,24.670000076293945,1630,0.0,0.0
2024-08-14 15:50:00-04:00,24.684999465942383,24.684999465942383,24.684999465942383,24.684999465942383,294,0.0,0.0
2024-08-14 15:55:00-04:00,24.690000534057617,24.690000534057617,24.6299991607666,24.6299991607666,644,0.0,0.0
2024-08-15 09:30:00-04:00,25.040000915527344,25.040000915527344,25.040000915527344,25.040000915527344,911,0.0,0.0
2024-08-15 09:35:00-04:00,24.829999923706055,24.829999923706055,24.829999923706055,24.829999923706055,285,0.0,0.0
2024-08-15 09:50:00-04:00,24.86400032043457,24.86400032043457,24.86400032043457,24.86400032043457,569,0.0,0.0
2024-08-15 10:10:00-04:00,24.825000762939453,24.825000762939453,24.825000762939453,24.825000762939453,128,0.0,0.0
2024-08-15 10:15:00-04:00,24.88990020751953,24.88990020751953,24.88990020751953,24.88990020751953,117,0.0,0.0
2024-08-15 10:25:00-04:00,24.799999237060547,24.799999237060547,24.799999237060547,24.799999237060547,227,0.0,0.0
2024-08-15 10:30:00-04:00,24.7450008392334,24.7450008392334,24.65999984741211,24.7450008392334,1471,0.0,0.0
2024-08-15 10:40:00-04:00,24.729999542236328,24.729999542236328,24.729999542236328,24.729999542236328,469,0.0,0.0
2024-08-15 10:45:00-04:00,24.690000534057617,24.780000686645508,24.690000534057617,24.780000686645508,547,0.0,0.0
2024-08-15 10:50:00-04:00,24.729999542236328,24.729999542236328,24.700000762939453,24.700000762939453,944,0.0,0.0
2024-08-15 10:55:00-04:00,24.690000534057617,24.690000534057617,24.670000076293945,24.670000076293945,915,0.0,0.0
2024-08-15 11:00:00-04:00,24.790000915527344,24.799999237060547,24.790000915527344,24.799999237060547,4131,0.0,0.0
2024-08-15 11:10:00-04:00,24.889999389648438,24.889999389648438,24.889999389648438,24.889999389648438,437,0.0,0.0
2024-08-15 11:20:00-04:00,24.899999618530273,24.899999618530273,24.889999389648438,24.889999389648438,1008,0.0,0.0
2024-08-15 11:25:00-04:00,24.8799991607666,24.884000778198242,24.800100326538086,24.884000778198242,2122,0.0,0.0
2024-08-15 12:10:00-04:00,24.889999389648438,24.889999389648438,24.8799991607666,24.8799991607666,914,0.0,0.0
2024-08-15 12:50:00-04:00,24.84000015258789,24.84000015258789,24.84000015258789,24.84000015258789,406,0.0,0.0
2024-08-15 13:25:00-04:00,24.957500457763672,24.957500457763672,24.957500457763672,24.957500457763672,215,0.0,0.0
2024-08-15 13:30:00-04:00,24.84000015258789,24.84000015258789,24.84000015258789,24.84000015258789,201,0.0,0.0
2024-08-15 14:00:00-04:00,24.889999389648438,24.889999389648438,24.889999389648438,24.889999389648438,403,0.0,0.0
2024-08-15 14:25:00-04:00,24.850000381469727,24.93000030517578,24.850000381469727,24.93000030517578,858,0.0,0.0
2024-08-15 14:45:00-04:00,24.989999771118164,24.989999771118164,24.989999771118164,24.989999771118164,317,0.0,0.0
2024-08-15 14:55:00-04:00,24.940000534057617,24.940000534057617,24.940000534057617,24.940000534057617,245,0.0,0.0
2024-08-15 15:10:00-04:00,24.899999618530273,24.899999618530273,24.899999618530273,24.899999618530273,222,0.0,0.0
2024-08-15 15:20:00-04:00,24.924999237060547,24.924999237060547,24.902999877929688,24.902999877929688,1329,0.0,0.0
2024-08-15 15:35:00-04:00,24.8700008392334,24.8700008392334,24.8700008392334,24.8700008392334,295,0.0,0.0
2024-08-15 15:45:00-04:00,24.809999465942383,24.809999465942383,24.739999771118164,24.739999771118164,1373,0.0,0.0
2024-08-15 15:50:00-04:00,24.860000610351562,24.860000610351562,24.780000686645508,24.850000381469727,1316,0.0,0.0
2024-08-15 15:55:00-04:00,24.764999389648438,24.850000381469727,24.764999389648438,24.81999969482422,3018,0.0,0.0
2024-08-16 09:30:00-04:00,24.799999237060547,24.799999237060547,24.799999237060547,24.799999237060547,2344,0.0,0.0
2024-08-16 09:45:00-04:00,24.90999984741211,24.90999984741211,24.90999984741211,24.90999984741211,501,0.0,0.0
2024-08-16 09:50:00-04:00,24.885000228881836,24.885000228881836,24.885000228881836,24.885000228881836,412,0.0,0.0
2024-08-16 09:55:00-04:00,24.969999313354492,24.969999313354492,24.969999313354492,24.969999313354492,105,0.0,0.0
2024-08-16 10:00:00-04:00,24.969999313354492,24.969999313354492,24.969999313354492,24.969999313354492,441,0.0,0.0
2024-08-16 10:15:00-04:00,24.989999771118164,24.989999771118164,24.895700454711914,24.895700454711914,1082,0.0,0.0
2024-08-16 10:50:00-04:00,24.82979965209961,24.82979965209961,24.75,24.75,491,0.0,0.0
2024-08-16 10:55:00-04:00,24.670000076293945,24.670000076293945,24.670000076293945,24.670000076293945,234,0.0,0.0
2024-08-16 11:10:00-04:00,24.760000228881836,24.760000228881836,24.760000228881836,24.760000228881836,1691,0.0,0.0
2024-08-16 11:55:00-04:00,24.7549991607666,24.7549991607666,24.7549991607666,24.7549991607666,179,0.0,0.0
2024-08-16 12:00:00-04:00,24.795000076293945,24.82710075378418,24.795000076293945,24.82710075378418,341,0.0,0.0
2024-08-16 12:05:00-04:00,24.84000015258789,24.84000015258789,24.829999923706055,24.829999923706055,2313,0.0,0.0
2024-08-16 12:35:00-04:00,24.81999969482422,24.81999969482422,24.81999969482422,24.81999969482422,1008,0.0,0.0
2024-08-16 13:25:00-04:00,24.75,24.75,24.75,24.75,350,0.0,0.0
2024-08-16 13:40:00-04:00,24.81999969482422,24.81999969482422,24.81999969482422,24.81999969482422,1361,0.0,0.0
2024-08-16 14:50:00-04:00,24.79680061340332,24.79680061340332,24.79680061340332,24.79680061340332,1049,0.0,0.0
2024-08-16 15:05:00-04:00,24.8799991607666,24.8799991607666,24.8799991607666,24.8799991607666,936,0.0,0.0
2024-08-16 15:20:00-04:00,24.7450008392334,24.7450008392334,24.7450008392334,24.7450008392334,425,0.0,0.0
2024-08-16 15:25:00-04:00,24.729999542236328,24.729999542236328,24.719999313354492,24.719999313354492,824,0.0,0.0
2024-08-16 15:30:00-04:00,24.690000534057617,24.690000534057617,24.690000534057617,24.690000534057617,403,0.0,0.0
2024-08-16 15:35:00-04:00,24.780000686645508,24.81999969482422,24.780000686645508,24.809999465942383,2229,0.0,0.0
2024-08-16 15:40:00-04:00,24.920000076293945,24.920000076293945,24.920000076293945,24.920000076293945,263,0.0,0.0
2024-08-16 15:45:00-04:00,24.940000534057617,24.954999923706055,24.889999389648438,24.889999389648438,1241,0.0,0.0
2024-08-16 15:50:00-04:00,24.889999389648438,24.899999618530273,24.825000762939453,24.889999389648438,3220,0.0,0.0
2024-08-16 15:55:00-04:00,24.8799991607666,25.0,24.860000610351562,24.989999771118164,6327,0.0,0.0
2024-08-19 09:30:00-04:00,25.079999923706055,25.079999923706055,25.079999923706055,25.079999923706055,1421,0.0,0.0
2024-08-19 09:40:00-04:00,25.079999923706055,25.079999923706055,25.049999237060547,25.049999237060547,436,0.0,0.0
2024-08-19 09:45:00-04:00,25.1200008392334,25.18000030517578,25.1200008392334,25.18000030517578,412,0.0,0.0
2024-08-19 09:50:00-04:00,25.190000534057617,25.209999084472656,25.190000534057617,25.209999084472656,1075,0.0,0.0
2024-08-19 10:00:00-04:00,25.288799285888672,25.288799285888672,25.288799285888672,25.288799285888672,163,0.0,0.0
2024-08-19 10:05:00-04:00,25.260000228881836,25.309999465942383,25.25,25.25,2517,0.0,0.0
2024-08-19 10:10:00-04:00,25.29990005493164,25.29990005493164,25.29990005493164,25.29990005493164,194,0.0,0.0
2024-08-19 10:15:00-04:00,25.299999237060547,25.34000015258789,25.299999237060547,25.34000015258789,3916,0.0,0.0
2024-08-19 10:40:00-04:00,25.43000030517578,25.43000030517578,25.43000030517578,25.43000030517578,259,0.0,0.0
2024-08-19 10:45:00-04:00,25.440000534057617,25.440000534057617,25.43000030517578,25.43000030517578,357,0.0,0.0
2024-08-19 10:50:00-04:00,25.420000076293945,25.450000762939453,25.40999984741211,25.450000762939453,1039,0.0,0.0
2024-08-19 10:55:00-04:00,25.459999084472656,25.459999084472656,25.454999923706055,25.454999923706055,753,0.0,0.0
2024-08-19 11:00:00-04:00,25.469999313354492,25.479999542236328,25.469999313354492,25.479999542236328,612,0.0,0.0
2024-08-19 11:10:00-04:00,25.450000762939453,25.540000915527344,25.440000534057617,25.540000915527344,1204,0.0,0.0
2024-08-19 11:15:00-04:00,25.540000915527344,25.56999969482422,25.540000915527344,25.56999969482422,902,0.0,0.0
2024-08-19 11:20:00-04:00,25.5674991607666,25.5674991607666,25.530000686645508,25.549999237060547,855,0.0,0.0
2024-08-19 11:30:00-04:00,25.56999969482422,25.579999923706055,25.56999969482422,25.579999923706055,751,0.0,0.0
2024-08-19 11:35:00-04:00,25.604999542236328,25.604999542236328,25.587499618530273,25.587499618530273,331,0.0,0.0
2024-08-19 11:40:00-04:00,25.579999923706055,25.579999923706055,25.579999923706055,25.579999923706055,498,0.0,0.0
2024-08-19 11:55:00-04:00,25.594999313354492,25.594999313354492,25.594999313354492,25.594999313354492,222,0.0,0.0
2024-08-19 12:05:00-04:00,25.615999221801758,25.6299991607666,25.615999221801758,25.6299991607666,563,0.0,0.0
2024-08-19 12:10:00-04:00,25.639999389648438,25.670000076293945,25.639999389648438,25.65999984741211,942,0.0,0.0
2024-08-19 12:20:00-04:00,25.649999618530273,25.68000030517578,25.6200008392334,25.6200008392334,1167,0.0,0.0
2024-08-19 12:25:00-04:00,25.649999618530273,25.670000076293945,25.649999618530273,25.670000076293945,546,0.0,0.0
2024-08-19 12:30:00-04:00,25.690000534057617,25.71500015258789,25.684999465942383,25.684999465942383,545,0.0,0.0
2024-08-19 12:45:00-04:00,25.689800262451172,25.689800262451172,25.689800262451172,25.689800262451172,129,0.0,0.0
2024-08-19 12:55:00-04:00,25.649999618530273,25.649999618530273,25.649999618530273,25.649999618530273,381,0.0,0.0
2024-08-19 13:00:00-04:00,25.65999984741211,25.674999237060547,25.65999984741211,25.674999237060547,365,0.0,0.0
2024-08-19 13:05:00-04:00,25.68000030517578,25.690000534057617,25.68000030517578,25.690000534057617,465,0.0,0.0
2024-08-19 13:10:00-04:00,25.670000076293945,25.690000534057617,25.670000076293945,25.684999465942383,657,0.0,0.0
2024-08-19 13:15:00-04:00,25.729999542236328,25.729999542236328,25.68000030517578,25.68000030517578,431,0.0,0.0
2024-08-19 13:30:00-04:00,25.690000534057617,25.690000534057617,25.690000534057617,25.690000534057617,305,0.0,0.0
2024-08-19 13:50:00-04:00,25.674999237060547,25.674999237060547,25.674999237060547,25.674999237060547,288,0.0,0.0
2024-08-19 14:00:00-04:00,25.670000076293945,25.700000762939453,25.670000076293945,25.700000762939453,1379,0.0,0.0
2024-08-19 14:10:00-04:00,25.674999237060547,25.674999237060547,25.674999237060547,25.674999237060547,718,0.0,0.0
2024-08-19 14:20:00-04:00,25.68000030517578,25.68000030517578,25.68000030517578,25.68000030517578,556,0.0,0.0
2024-08-19 14:30:00-04:00,25.709999084472656,25.709999084472656,25.709999084472656,25.709999084472656,409,0.0,0.0
2024-08-19 14:35:00-04:00,25.719999313354492,25.719999313354492,25.719999313354492,25.719999313354492,107,0.0,0.0
2024-08-19 14:40:00-04:00,25.739999771118164,25.75,25.729999542236328,25.729999542236328,1801,0.0,0.0
2024-08-19 14:45:00-04:00,25.719999313354492,25.749900817871094,25.709999084472656,25.709999084472656,1084,0.0,0.0
2024-08-19 15:00:00-04:00,25.739900588989258,25.739900588989258,25.719999313354492,25.719999313354492,676,0.0,0.0
2024-08-19 15:10:00-04:00,25.739999771118164,25.739999771118164,25.729999542236328,25.729999542236328,422,0.0,0.0
2024-08-19 15:15:00-04:00,25.725000381469727,25.725000381469727,25.725000381469727,25.725000381469727,195,0.0,0.0
2024-08-19 15:20:00-04:00,25.725000381469727,25.729999542236328,25.725000381469727,25.729999542236328,388,0.0,0.0
2024-08-19 15:30:00-04:00,25.739999771118164,25.760000228881836,25.739999771118164,25.739999771118164,1753,0.0,0.0
2024-08-19 15:35:00-04:00,25.719999313354492,25.719999313354492,25.719999313354492,25.719999313354492,347,0.0,0.0
2024-08-19 15:50:00-04:00,25.739999771118164,25.739999771118164,25.719999313354492,25.739999771118164,2436,0.0,0.0
2024-08-19 15:55:00-04:00,25.790000915527344,25.8700008392334,25.790000915527344,25.8700008392334,4492,0.0,0.0
2024-08-20 09:30:00-04:00,25.8799991607666,25.8799991607666,25.8799991607666,25.8799991607666,969,0.0,0.0
2024-08-20 09:50:00-04:00,25.75,25.75,25.75,25.75,1223,0.0,0.0
2024-08-20 09:55:00-04:00,25.780000686645508,25.85300064086914,25.780000686645508,25.85300064086914,1155,0.0,0.0
2024-08-20 10:00:00-04:00,25.84000015258789,25.84000015258789,25.84000015258789,25.84000015258789,367,0.0,0.0
2024-08-20 10:15:00-04:00,25.84000015258789,25.84000015258789,25.80500030517578,25.80500030517578,1767,0.0,0.0
2024-08-20 10:20:00-04:00,25.882999420166016,25.882999420166016,25.882999420166016,25.882999420166016,560,0.0,0.0
2024-08-20 10:25:00-04:00,25.889999389648438,25.972999572753906,25.829999923706055,25.829999923706055,1593,0.0,0.0
2024-08-20 10:35:00-04:00,25.8700008392334,25.920000076293945,25.860000610351562,25.920000076293945,1120,0.0,0.0
2024-08-20 10:40:00-04:00,25.959999084472656,25.959999084472656,25.954999923706055,25.954999923706055,472,0.0,0.0
2024-08-20 10:45:00-04:00,25.920000076293945,25.920000076293945,25.920000076293945,25.920000076293945,977,0.0,0.0
2024-08-20 11:35:00-04:00,25.91990089416504,25.91990089416504,25.91990089416504,25.91990089416504,739,0.0,0.0
2024-08-20 11:45:00-04:00,25.920000076293945,25.920000076293945,25.920000076293945,25.920000076293945,276,0.0,0.0
2024-08-20 11:55:00-04:00,25.860200881958008,25.860200881958008,25.860200881958008,25.860200881958008,279,0.0,0.0
2024-08-20 12:05:00-04:00,25.899999618530273,25.94700050354004,25.899999618530273,25.94700050354004,1456,0.0,0.0
2024-08-20 12:20:00-04:00,25.950000762939453,26.0,25.950000762939453,26.0,1115,0.0,0.0
2024-08-20 12:30:00-04:00,26.068099975585938,26.075000762939453,25.969999313354492,25.969999313354492,1731,0.0,0.0
2024-08-20 12:55:00-04:00,26.00860023498535,26.00860023498535,26.00860023498535,26.00860023498535,206,0.0,0.0
2024-08-20 13:00:00-04:00,25.989999771118164,25.989999771118164,25.989999771118164,25.989999771118164,689,0.0,0.0
2024-08-20 13:30:00-04:00,25.975000381469727,25.975000381469727,25.975000381469727,25.975000381469727,414,0.0,0.0
2024-08-20 13:45:00-04:00,25.989999771118164,25.989999771118164,25.989999771118164,25.989999771118164,487,0.0,0.0
2024-08-20 13:55:00-04:00,25.979999542236328,26.0,25.979999542236328,26.0,502,0.0,0.0
2024-08-20 14:05:00-04:00,26.010000228881836,26.010000228881836,26.010000228881836,26.010000228881836,648,0.0,0.0
2024-08-20 14:30:00-04:00,26.04439926147461,26.04439926147461,26.040000915527344,26.040000915527344,724,0.0,0.0
2024-08-20 14:35:00-04:00,26.04759979248047,26.04759979248047,26.04759979248047,26.04759979248047,1397,0.0,0.0
2024-08-20 15:10:00-04:00,26.11400032043457,26.11400032043457,26.11400032043457,26.11400032043457,438,0.0,0.0
2024-08-20 15:15:00-04:00,26.110000610351562,26.110000610351562,26.110000610351562,26.110000610351562,780,0.0,0.0
2024-08-20 15:30:00-04:00,26.100000381469727,26.100000381469727,26.09000015258789,26.09000015258789,762,0.0,0.0
2024-08-20 15:35:00-04:00,26.030000686645508,26.030000686645508,26.0049991607666,26.0049991607666,687,0.0,0.0
2024-08-20 15:45:00-04:00,25.989999771118164,25.989999771118164,25.979999542236328,25.979999542236328,592,0.0,0.0
2024-08-20 15:50:00-04:00,26.030000686645508,26.06999969482422,26.030000686645508,26.06999969482422,1996,0.0,0.0
2024-08-20 15:55:00-04:00,26.010000228881836,26.030000686645508,25.989999771118164,26.030000686645508,2870,0.0,0.0
2024-08-21 09:30:00-04:00,26.059999465942383,26.059999465942383,26.059999465942383,26.059999465942383,374,0.0,0.0
2024-08-21 09:40:00-04:00,26.0,26.030000686645508,25.924999237060547,25.924999237060547,1634,0.0,0.0
2024-08-21 10:00:00-04:00,25.829999923706055,25.829999923706055,25.829999923706055,25.829999923706055,143,0.0,0.0
2024-08-21 10:05:00-04:00,25.799999237060547,25.799999237060547,25.799999237060547,25.799999237060547,462,0.0,0.0
2024-08-21 10:20:00-04:00,25.81999969482422,25.84000015258789,25.81999969482422,25.84000015258789,1500,0.0,0.0
2024-08-21 10:30:00-04:00,25.8700008392334,25.920000076293945,25.853099822998047,25.889999389648438,1992,0.0,0.0
2024-08-21 10:35:00-04:00,25.924999237060547,25.924999237060547,25.924999237060547,25.924999237060547,343,0.0,0.0
2024-08-21 10:50:00-04:00,25.850000381469727,25.850000381469727,25.850000381469727,25.850000381469727,256,0.0,0.0
2024-08-21 11:05:00-04:00,25.84000015258789,25.84000015258789,25.84000015258789,25.84000015258789,1397,0.0,0.0
2024-08-21 11:35:00-04:00,25.969999313354492,26.010000228881836,25.969999313354492,25.979999542236328,566,0.0,0.0
2024-08-21 11:40:00-04:00,25.940000534057617,25.940000534057617,25.940000534057617,25.940000534057617,165,0.0,0.0
2024-08-21 11:45:00-04:00,25.930099487304688,25.930099487304688,25.930099487304688,25.930099487304688,193,0.0,0.0
2024-08-21 11:50:00-04:00,25.920000076293945,25.920000076293945,25.920000076293945,25.920000076293945,111,0.0,0.0
2024-08-21 12:00:00-04:00,25.934200286865234,25.934200286865234,25.934200286865234,25.934200286865234,382,0.0,0.0
2024-08-21 12:10:00-04:00,25.979999542236328,25.979999542236328,25.979999542236328,25.979999542236328,179,0.0,0.0
2024-08-21 12:55:00-04:00,25.93000030517578,25.93000030517578,25.920000076293945,25.920000076293945,717,0.0,0.0
2024-08-21 13:05:00-04:00,25.918500900268555,25.918500900268555,25.918500900268555,25.918500900268555,313,0.0,0.0
2024-08-21 13:10:00-04:00,25.940000534057617,25.940000534057617,25.940000534057617,25.940000534057617,105,0.0,0.0
2024-08-21 13:15:00-04:00,25.920000076293945,25.920000076293945,25.8700008392334,25.8799991607666,1437,0.0,0.0
2024-08-21 13:25:00-04:00,25.940000534057617,25.989999771118164,25.940000534057617,25.989999771118164,861,0.0,0.0
2024-08-21 13:40:00-04:00,25.99799919128418,25.99799919128418,25.99799919128418,25.99799919128418,313,0.0,0.0
2024-08-21 14:00:00-04:00,25.930099487304688,25.930099487304688,25.930099487304688,25.930099487304688,250,0.0,0.0
2024-08-21 14:15:00-04:00,26.020000457763672,26.020000457763672,26.0,26.0,441,0.0,0.0
2024-08-21 14:25:00-04:00,26.030000686645508,26.030000686645508,26.030000686645508,26.030000686645508,539,0.0,0.0
2024-08-21 14:50:00-04:00,25.959999084472656,25.959999084472656,25.959999084472656,25.959999084472656,639,0.0,0.0
2024-08-21 15:15:00-04:00,26.1299991607666,26.135000228881836,26.1299991607666,26.135000228881836,404,0.0,0.0
2024-08-21 15:20:00-04:00,26.135000228881836,26.135000228881836,26.135000228881836,26.135000228881836,143,0.0,0.0
2024-08-21 15:25:00-04:00,26.139999389648438,26.170000076293945,26.100000381469727,26.110000610351562,2228,0.0,0.0
2024-08-21 15:30:00-04:00,26.149999618530273,26.149999618530273,26.118200302124023,26.1299991607666,1254,0.0,0.0
2024-08-21 15:40:00-04:00,26.190000534057617,26.209999084472656,26.170000076293945,26.170000076293945,831,0.0,0.0
2024-08-21 15:50:00-04:00,26.219999313354492,26.25,26.219999313354492,26.25,2155,0.0,0.0
2024-08-21 15:55:00-04:00,26.239999771118164,26.270000457763672,26.219999313354492,26.25,2803,0.0,0.0
2024-08-22 09:30:00-04:00,26.030000686645508,26.030000686645508,26.030000686645508,26.030000686645508,9880,0.0,0.0
2024-08-22 09:40:00-04:00,26.161800384521484,26.161800384521484,26.161800384521484,26.161800384521484,400,0.0,0.0
2024-08-22 09:50:00-04:00,26.257400512695312,26.257400512695312,26.257400512695312,26.257400512695312,443,0.0,0.0
2024-08-22 10:00:00-04:00,26.25,26.25,26.25,26.25,698,0.0,0.0
2024-08-22 10:30:00-04:00,26.100000381469727,26.100000381469727,26.100000381469727,26.100000381469727,206,0.0,0.0
2024-08-22 10:35:00-04:00,26.084999084472656,26.159900665283203,26.084999084472656,26.159900665283203,388,0.0,0.0
2024-08-22 10:45:00-04:00,26.079999923706055,26.079999923706055,26.079999923706055,26.079999923706055,561,0.0,0.0
2024-08-22 11:25:00-04:00,26.09000015258789,26.09000015258789,26.09000015258789,26.09000015258789,191,0.0,0.0
2024-08-22 11:30:00-04:00,26.079999923706055,26.079999923706055,26.079999923706055,26.079999923706055,208,0.0,0.0
2024-08-22 11:35:00-04:00,26.100000381469727,26.145000457763672,26.100000381469727,26.145000457763672,529,0.0,0.0
2024-08-22 11:40:00-04:00,26.084999084472656,26.084999084472656,26.084999084472656,26.084999084472656,102,0.0,0.0
2024-08-22 11:45:00-04:00,26.020099639892578,26.020099639892578,26.020099639892578,26.020099639892578,248,0.0,0.0
2024-08-22 12:00:00-04:00,26.059999465942383,26.059999465942383,26.059999465942383,26.059999465942383,152,0.0,0.0
2024-08-22 12:05:00-04:00,26.100000381469727,26.100000381469727,26.100000381469727,26.100000381469727,265,0.0,0.0
2024-08-22 12:20:00-04:00,26.1200008392334,26.1200008392334,26.079999923706055,26.079999923706055,371,0.0,0.0
2024-08-22 12:25:00-04:00,26.11319923400879,26.11319923400879,26.11319923400879,26.11319923400879,274,0.0,0.0
2024-08-22 12:45:00-04:00,26.135000228881836,26.135000228881836,26.135000228881836,26.135000228881836,125,0.0,0.0
2024-08-22 12:55:00-04:00,26.079999923706055,26.079999923706055,26.079999923706055,26.079999923706055,131,0.0,0.0
2024-08-22 13:00:00-04:00,26.09000015258789,26.09000015258789,26.059999465942383,26.079999923706055,615,0.0,0.0
2024-08-22 13:05:00-04:00,26.079999923706055,26.079999923706055,26.040000915527344,26.040000915527344,322,0.0,0.0
2024-08-22 13:10:00-04:00,26.06999969482422,26.079999923706055,26.06999969482422,26.06999969482422,953,0.0,0.0
2024-08-22 13:30:00-04:00,26.0,26.020000457763672,26.0,26.020000457763672,720,0.0,0.0
2024-08-22 13:40:00-04:00,25.975000381469727,25.975000381469727,25.975000381469727,25.975000381469727,102,0.0,0.0
2024-08-22 13:45:00-04:00,25.989999771118164,25.989999771118164,25.959999084472656,25.959999084472656,512,0.0,0.0
2024-08-22 14:05:00-04:00,25.90999984741211,25.90999984741211,25.90999984741211,25.90999984741211,311,0.0,0.0
2024-08-22 14:10:00-04:00,25.94499969482422,25.94499969482422,25.94499969482422,25.94499969482422,301,0.0,0.0
2024-08-22 14:15:00-04:00,25.93000030517578,25.93000030517578,25.93000030517578,25.93000030517578,135,0.0,0.0
2024-08-22 14:20:00-04:00,25.96500015258789,25.96500015258789,25.96500015258789,25.96500015258789,266,0.0,0.0
2024-08-22 14:40:00-04:00,25.940000534057617,25.940000534057617,25.940000534057617,25.940000534057617,404,0.0,0.0
2024-08-22 15:05:00-04:00,25.959999084472656,25.959999084472656,25.959999084472656,25.959999084472656,206,0.0,0.0
2024-08-22 15:15:00-04:00,25.959999084472656,25.959999084472656,25.959999084472656,25.959999084472656,230,0.0,0.0
2024-08-22 15:20:00-04:00,25.950000762939453,25.950000762939453,25.950000762939453,25.950000762939453,128,0.0,0.0
2024-08-22 15:25:00-04:00,25.920000076293945,25.940000534057617,25.890100479125977,25.940000534057617,1462,0.0,0.0
2024-08-22 15:45:00-04:00,25.889999389648438,25.889999389648438,25.8799991607666,25.8799991607666,614,0.0,0.0
2024-08-22 15:50:00-04:00,25.854999542236328,25.854999542236328,25.809999465942383,25.809999465942383,306,0.0,0.0
2024-08-22 15:55:00-04:00,25.799999237060547,25.860000610351562,25.760000228881836,25.799999237060547,5421,0.0,0.0
2024-08-23 09:30:00-04:00,26.059999465942383,26.059999465942383,26.059999465942383,26.059999465942383,1315,0.0,0.0
2024-08-23 09:40:00-04:00,26.110000610351562,26.110000610351562,25.8700008392334,25.8700008392334,1081,0.0,0.0
2024-08-23 09:45:00-04:00,25.8700008392334,25.8700008392334,25.8700008392334,25.8700008392334,120,0.0,0.0
2024-08-23 09:50:00-04:00,25.985000610351562,25.985000610351562,25.985000610351562,25.985000610351562,119,0.0,0.0
2024-08-23 09:55:00-04:00,26.104999542236328,26.104999542236328,26.104999542236328,26.104999542236328,806,0.0,0.0
2024-08-23 10:00:00-04:00,26.299999237060547,26.299999237060547,26.299999237060547,26.299999237060547,190,0.0,0.0
2024-08-23 10:05:00-04:00,26.264999389648438,26.264999389648438,26.264999389648438,26.264999389648438,174,0.0,0.0
2024-08-23 10:10:00-04:00,26.334999084472656,26.389999389648438,26.334999084472656,26.3799991607666,542,0.0,0.0
2024-08-23 10:15:00-04:00,26.360000610351562,26.360000610351562,26.360000610351562,26.360000610351562,447,0.0,0.0
2024-08-23 10:20:00-04:00,26.414899826049805,26.420000076293945,26.414899826049805,26.420000076293945,1270,0.0,0.0
2024-08-23 10:35:00-04:00,26.454999923706055,26.454999923706055,26.454999923706055,26.454999923706055,267,0.0,0.0
2024-08-23 10:40:00-04:00,26.540000915527344,26.670000076293945,26.540000915527344,26.670000076293945,743,0.0,0.0
2024-08-23 10:45:00-04:00,26.690000534057617,26.690000534057617,26.690000534057617,26.690000534057617,611,0.0,0.0
2024-08-23 10:50:00-04:00,26.540000915527344,26.59000015258789,26.505800247192383,26.59000015258789,1392,0.0,0.0
2024-08-23 10:55:00-04:00,26.600000381469727,26.672000885009766,26.600000381469727,26.672000885009766,271,0.0,0.0
2024-08-23 11:00:00-04:00,26.719999313354492,26.729999542236328,26.684999465942383,26.684999465942383,1485,0.0,0.0
2024-08-23 11:05:00-04:00,26.649999618530273,26.739999771118164,26.649999618530273,26.739999771118164,2176,0.0,0.0
2024-08-23 11:10:00-04:00,26.780000686645508,26.780000686645508,26.780000686645508,26.780000686645508,445,0.0,0.0
2024-08-23 11:15:00-04:00,26.7549991607666,26.7549991607666,26.7549991607666,26.7549991607666,261,0.0,0.0
2024-08-23 11:30:00-04:00,26.780000686645508,26.780000686645508,26.7450008392334,26.7450008392334,457,0.0,0.0
2024-08-23 11:40:00-04:00,26.770000457763672,26.770000457763672,26.770000457763672,26.770000457763672,139,0.0,0.0
2024-08-23 11:45:00-04:00,26.819900512695312,26.819900512695312,26.655000686645508,26.655000686645508,983,0.0,0.0
2024-08-23 11:55:00-04:00,26.559999465942383,26.59000015258789,26.559999465942383,26.59000015258789,974,0.0,0.0
2024-08-23 12:00:00-04:00,26.510000228881836,26.559999465942383,26.510000228881836,26.559999465942383,409,0.0,0.0
2024-08-23 12:05:00-04:00,26.540000915527344,26.540000915527344,26.540000915527344,26.540000915527344,427,0.0,0.0
2024-08-23 12:25:00-04:00,26.58060073852539,26.58060073852539,26.58060073852539,26.58060073852539,298,0.0,0.0
2024-08-23 12:30:00-04:00,26.559999465942383,26.559999465942383,26.559999465942383,26.559999465942383,112,0.0,0.0
2024-08-23 12:40:00-04:00,26.659799575805664,26.659799575805664,26.659799575805664,26.659799575805664,199,0.0,0.0
2024-08-23 12:50:00-04:00,26.59000015258789,26.59000015258789,26.59000015258789,26.59000015258789,284,0.0,0.0
2024-08-23 12:55:00-04:00,26.600000381469727,26.600000381469727,26.559999465942383,26.559999465942383,233,0.0,0.0
2024-08-23 13:00:00-04:00,26.579999923706055,26.579999923706055,26.579999923706055,26.579999923706055,328,0.0,0.0
2024-08-23 13:10:00-04:00,26.510000228881836,26.510000228881836,26.510000228881836,26.510000228881836,293,0.0,0.0
2024-08-23 13:40:00-04:00,26.549999237060547,26.549999237060547,26.549999237060547,26.549999237060547,685,0.0,0.0
2024-08-23 13:50:00-04:00,26.55500030517578,26.65999984741211,26.549999237060547,26.549999237060547,1433,0.0,0.0
2024-08-23 14:00:00-04:00,26.546199798583984,26.546199798583984,26.468799591064453,26.468799591064453,788,0.0,0.0
2024-08-23 14:20:00-04:00,26.540000915527344,26.540000915527344,26.530000686645508,26.530000686645508,478,0.0,0.0
2024-08-23 14:30:00-04:00,26.579999923706055,26.579999923706055,26.579999923706055,26.579999923706055,377,0.0,0.0
2024-08-23 14:50:00-04:00,26.530000686645508,26.530000686645508,26.530000686645508,26.530000686645508,120,0.0,0.0
2024-08-23 14:55:00-04:00,26.565000534057617,26.565000534057617,26.565000534057617,26.565000534057617,571,0.0,0.0
2024-08-23 15:10:00-04:00,26.559999465942383,26.559999465942383,26.520099639892578,26.520099639892578,1440,0.0,0.0
2024-08-23 15:20:00-04:00,26.520000457763672,26.540000915527344,26.489999771118164,26.489999771118164,1261,0.0,0.0
2024-08-23 15:25:00-04:00,26.459999084472656,26.475000381469727,26.459999084472656,26.475000381469727,304,0.0,0.0
2024-08-23 15:30:00-04:00,26.5,26.5,26.5,26.5,534,0.0,0.0
2024-08-23 15:35:00-04:00,26.5,26.5,26.485000610351562,26.489999771118164,615,0.0,0.0
2024-08-23 15:40:00-04:00,26.510000228881836,26.530000686645508,26.510000228881836,26.514999389648438,866,0.0,0.0
2024-08-23 15:45:00-04:00,26.510000228881836,26.530000686645508,26.510000228881836,26.530000686645508,412,0.0,0.0
2024-08-23 15:50:00-04:00,26.540000915527344,26.559999465942383,26.540000915527344,26.549999237060547,1250,0.0,0.0
2024-08-23 15:55:00-04:00,26.56999969482422,26.600000381469727,26.520000457763672,26.520000457763672,5177,0.0,0.0
2024-08-26 09:30:00-04:00,26.770000457763672,26.770000457763672,26.770000457763672,26.770000457763672,1657,0.0,0.0
2024-08-26 09:35:00-04:00,26.878700256347656,26.878700256347656,26.639999389648438,26.760000228881836,841,0.0,0.0
2024-08-26 09:40:00-04:00,26.645000457763672,26.645000457763672,26.645000457763672,26.645000457763672,111,0.0,0.0
2024-08-26 09:45:00-04:00,26.696300506591797,26.696300506591797,26.696300506591797,26.696300506591797,116,0.0,0.0
2024-08-26 09:50:00-04:00,26.88990020751953,26.88990020751953,26.88990020751953,26.88990020751953,194,0.0,0.0
2024-08-26 10:00:00-04:00,26.845500946044922,26.845500946044922,26.764999389648438,26.764999389648438,1137,0.0,0.0
2024-08-26 10:15:00-04:00,26.764999389648438,26.934999465942383,26.764999389648438,26.934999465942383,1043,0.0,0.0
2024-08-26 10:20:00-04:00,26.94499969482422,26.999900817871094,26.90999984741211,26.90999984741211,548,0.0,0.0
2024-08-26 10:25:00-04:00,26.96500015258789,26.96500015258789,26.96500015258789,26.96500015258789,137,0.0,0.0
2024-08-26 10:30:00-04:00,27.0,27.020000457763672,26.9950008392334,27.020000457763672,1229,0.0,0.0
2024-08-26 10:40:00-04:00,26.920000076293945,26.920000076293945,26.90999984741211,26.90999984741211,541,0.0,0.0
2024-08-26 10:55:00-04:00,26.850000381469727,26.850000381469727,26.850000381469727,26.850000381469727,820,0.0,0.0
2024-08-26 11:00:00-04:00,26.899999618530273,26.899999618530273,26.899999618530273,26.899999618530273,488,0.0,0.0
2024-08-26 11:10:00-04:00,26.887500762939453,26.905000686645508,26.887500762939453,26.905000686645508,483,0.0,0.0
2024-08-26 11:20:00-04:00,26.850000381469727,26.850000381469727,26.770000457763672,26.815000534057617,1040,0.0,0.0
2024-08-26 11:25:00-04:00,26.77050018310547,26.77050018310547,26.77050018310547,26.77050018310547,234,0.0,0.0
2024-08-26 11:30:00-04:00,26.770000457763672,26.79599952697754,26.66010093688965,26.79599952697754,891,0.0,0.0
2024-08-26 11:40:00-04:00,26.760000228881836,26.760000228881836,26.760000228881836,26.760000228881836,379,0.0,0.0
2024-08-26 11:45:00-04:00,26.729999542236328,26.790000915527344,26.729999542236328,26.790000915527344,383,0.0,0.0
2024-08-26 11:50:00-04:00,26.799999237060547,26.860000610351562,26.799999237060547,26.860000610351562,3072,0.0,0.0
2024-08-26 11:55:00-04:00,26.889999389648438,26.889999389648438,26.889999389648438,26.889999389648438,125,0.0,0.0
2024-08-26 12:00:00-04:00,26.84160041809082,26.84160041809082,26.84160041809082,26.84160041809082,309,0.0,0.0
2024-08-26 12:10:00-04:00,26.8700008392334,26.8700008392334,26.84000015258789,26.84000015258789,374,0.0,0.0
2024-08-26 12:25:00-04:00,26.889999389648438,26.889999389648438,26.889999389648438,26.889999389648438,220,0.0,0.0
2024-08-26 12:40:00-04:00,26.91200065612793,26.91200065612793,26.91200065612793,26.91200065612793,427,0.0,0.0
2024-08-26 12:50:00-04:00,26.950000762939453,26.950000762939453,26.940000534057617,26.940000534057617,535,0.0,0.0
2024-08-26 13:00:00-04:00,26.950000762939453,26.950000762939453,26.950000762939453,26.950000762939453,376,0.0,0.0
2024-08-26 13:05:00-04:00,26.969999313354492,26.986099243164062,26.96500015258789,26.986099243164062,1351,0.0,0.0
2024-08-26 13:10:00-04:00,26.950000762939453,26.950000762939453,26.950000762939453,26.950000762939453,257,0.0,0.0
2024-08-26 13:30:00-04:00,26.940000534057617,26.940000534057617,26.940000534057617,26.940000534057617,616,0.0,0.0
2024-08-26 13:50:00-04:00,26.934999465942383,26.934999465942383,26.934999465942383,26.934999465942383,372,0.0,0.0
2024-08-26 13:55:00-04:00,26.969999313354492,26.969999313354492,26.940000534057617,26.940000534057617,243,0.0,0.0
2024-08-26 14:00:00-04:00,26.969999313354492,26.979999542236328,26.969999313354492,26.969999313354492,566,0.0,0.0
2024-08-26 14:05:00-04:00,26.940000534057617,26.940000534057617,26.90999984741211,26.91010093688965,1723,0.0,0.0
2024-08-26 14:10:00-04:00,26.950000762939453,26.950000762939453,26.934999465942383,26.934999465942383,684,0.0,0.0
2024-08-26 14:20:00-04:00,26.979999542236328,26.979999542236328,26.979999542236328,26.979999542236328,565,0.0,0.0
2024-08-26 14:35:00-04:00,26.959999084472656,26.959999084472656,26.93000030517578,26.94499969482422,1332,0.0,0.0
2024-08-26 14:50:00-04:00,26.940000534057617,26.940000534057617,26.8799991607666,26.899999618530273,1468,0.0,0.0
2024-08-26 15:05:00-04:00,26.90999984741211,26.92060089111328,26.90999984741211,26.92060089111328,566,0.0,0.0
2024-08-26 15:10:00-04:00,26.959999084472656,26.959999084472656,26.959999084472656,26.959999084472656,586,0.0,0.0
2024-08-26 15:25:00-04:00,26.940000534057617,26.940000534057617,26.8799991607666,26.8799991607666,1031,0.0,0.0
2024-08-26 15:35:00-04:00,26.899999618530273,26.899999618530273,26.899999618530273,26.899999618530273,724,0.0,0.0
2024-08-26 15:40:00-04:00,26.93000030517578,26.93000030517578,26.93000030517578,26.93000030517578,173,0.0,0.0
2024-08-26 15:45:00-04:00,26.90999984741211,26.90999984741211,26.899999618530273,26.899999618530273,663,0.0,0.0
2024-08-26 15:50:00-04:00,26.899999618530273,26.899999618530273,26.850000381469727,26.850000381469727,2073,0.0,0.0
2024-08-26 15:55:00-04:00,26.8700008392334,26.940000534057617,26.860000610351562,26.93000030517578,4816,0.0,0.0
2024-08-27 09:30:00-04:00,26.65999984741211,26.65999984741211,26.6200008392334,26.6200008392334,4631,0.0,0.0
2024-08-27 09:45:00-04:00,26.695899963378906,26.695899963378906,26.695899963378906,26.695899963378906,208,0.0,0.0
2024-08-27 10:00:00-04:00,26.69809913635254,26.770000457763672,26.69809913635254,26.770000457763672,653,0.0,0.0
2024-08-27 10:05:00-04:00,26.76799964904785,26.76799964904785,26.670000076293945,26.739999771118164,962,0.0,0.0
2024-08-27 10:20:00-04:00,26.760000228881836,26.795000076293945,26.760000228881836,26.795000076293945,719,0.0,0.0
2024-08-27 10:40:00-04:00,26.780000686645508,26.81999969482422,26.780000686645508,26.81999969482422,496,0.0,0.0
2024-08-27 10:50:00-04:00,26.72800064086914,26.72800064086914,26.72800064086914,26.72800064086914,616,0.0,0.0
2024-08-27 11:00:00-04:00,26.80820083618164,26.80820083618164,26.80820083618164,26.80820083618164,176,0.0,0.0
2024-08-27 11:15:00-04:00,26.729999542236328,26.81730079650879,26.729999542236328,26.81730079650879,2767,0.0,0.0
2024-08-27 11:35:00-04:00,26.719999313354492,26.719999313354492,26.719999313354492,26.719999313354492,202,0.0,0.0
2024-08-27 11:45:00-04:00,26.7450008392334,26.7450008392334,26.735000610351562,26.735000610351562,751,0.0,0.0
2024-08-27 11:50:00-04:00,26.735000610351562,26.7549991607666,26.735000610351562,26.7549991607666,1235,0.0,0.0
2024-08-27 12:00:00-04:00,26.735000610351562,26.735000610351562,26.735000610351562,26.735000610351562,194,0.0,0.0
2024-08-27 12:05:00-04:00,26.68000030517578,26.68000030517578,26.68000030517578,26.68000030517578,243,0.0,0.0
2024-08-27 12:10:00-04:00,26.748699188232422,26.748699188232422,26.748699188232422,26.748699188232422,278,0.0,0.0
2024-08-27 12:15:00-04:00,26.739999771118164,26.739999771118164,26.729999542236328,26.729999542236328,3230,0.0,0.0
2024-08-27 12:20:00-04:00,26.69499969482422,26.69499969482422,26.69499969482422,26.69499969482422,275,0.0,0.0
2024-08-27 12:30:00-04:00,26.700000762939453,26.700000762939453,26.700000762939453,26.700000762939453,344,0.0,0.0
2024-08-27 12:50:00-04:00,26.79509925842285,26.79509925842285,26.674800872802734,26.674800872802734,935,0.0,0.0
2024-08-27 13:15:00-04:00,26.739999771118164,26.739999771118164,26.739999771118164,26.739999771118164,246,0.0,0.0
2024-08-27 13:25:00-04:00,26.75029945373535,26.75029945373535,26.75029945373535,26.75029945373535,424,0.0,0.0
2024-08-27 13:30:00-04:00,26.780000686645508,26.780000686645508,26.780000686645508,26.780000686645508,315,0.0,0.0
2024-08-27 13:35:00-04:00,26.780000686645508,26.780000686645508,26.549999237060547,26.610000610351562,20248,0.0,0.0
2024-08-27 13:40:00-04:00,26.649999618530273,26.649999618530273,26.649999618530273,26.649999618530273,614,0.0,0.0
2024-08-27 13:50:00-04:00,26.719999313354492,26.719999313354492,26.709999084472656,26.709999084472656,316,0.0,0.0
2024-08-27 14:00:00-04:00,26.780000686645508,26.780000686645508,26.7549991607666,26.7549991607666,732,0.0,0.0
2024-08-27 14:05:00-04:00,26.725200653076172,26.760000228881836,26.70789909362793,26.75,2433,0.0,0.0
2024-08-27 14:10:00-04:00,26.790000915527344,26.790000915527344,26.790000915527344,26.790000915527344,203,0.0,0.0
2024-08-27 14:15:00-04:00,26.719999313354492,26.719999313354492,26.719999313354492,26.719999313354492,161,0.0,0.0
2024-08-27 14:20:00-04:00,26.790000915527344,26.790000915527344,26.790000915527344,26.790000915527344,151,0.0,0.0
2024-08-27 14:25:00-04:00,26.790000915527344,26.790000915527344,26.790000915527344,26.790000915527344,734,0.0,0.0
2024-08-27 14:40:00-04:00,26.740699768066406,26.740699768066406,26.739999771118164,26.739999771118164,1124,0.0,0.0
2024-08-27 14:55:00-04:00,26.739999771118164,26.774999618530273,26.739999771118164,26.774999618530273,300,0.0,0.0
2024-08-27 15:00:00-04:00,26.66189956665039,26.66189956665039,26.66189956665039,26.66189956665039,1507,0.0,0.0
2024-08-27 15:10:00-04:00,26.73270034790039,26.73270034790039,26.73270034790039,26.73270034790039,631,0.0,0.0
2024-08-27 15:15:00-04:00,26.735000610351562,26.829999923706055,26.735000610351562,26.829999923706055,1449,0.0,0.0
2024-08-27 15:35:00-04:00,26.75,26.75,26.75,26.75,300,0.0,0.0
2024-08-27 15:45:00-04:00,26.77549934387207,26.77549934387207,26.68000030517578,26.68000030517578,1802,0.0,0.0
2024-08-27 15:50:00-04:00,26.719999313354492,26.719999313354492,26.684999465942383,26.709999084472656,736,0.0,0.0
2024-08-27 15:55:00-04:00,26.690000534057617,26.739999771118164,26.670000076293945,26.690000534057617,2736,0.0,0.0
2024-08-28 09:30:00-04:00,26.579999923706055,26.579999923706055,26.579999923706055,26.579999923706055,1106,0.0,0.0
2024-08-28 09:40:00-04:00,26.690000534057617,26.690000534057617,26.690000534057617,26.690000534057617,126,0.0,0.0
2024-08-28 09:45:00-04:00,26.56999969482422,26.645000457763672,26.56999969482422,26.645000457763672,748,0.0,0.0
2024-08-28 10:00:00-04:00,26.649999618530273,26.670000076293945,26.649999618530273,26.670000076293945,1437,0.0,0.0
2024-08-28 10:25:00-04:00,26.75,26.780000686645508,26.75,26.770000457763672,774,0.0,0.0
2024-08-28 10:40:00-04:00,26.999900817871094,26.999900817871094,26.93000030517578,26.93000030517578,672,0.0,0.0
2024-08-28 10:50:00-04:00,26.922000885009766,26.922000885009766,26.922000885009766,26.922000885009766,550,0.0,0.0
2024-08-28 11:10:00-04:00,26.96500015258789,26.96500015258789,26.920000076293945,26.920000076293945,360,0.0,0.0
2024-08-28 11:20:00-04:00,26.8799991607666,26.8799991607666,26.8799991607666,26.8799991607666,967,0.0,0.0
2024-08-28 11:45:00-04:00,26.649999618530273,26.649999618530273,26.649999618530273,26.649999618530273,162,0.0,0.0
2024-08-28 11:55:00-04:00,26.709999084472656,26.709999084472656,26.709999084472656,26.709999084472656,410,0.0,0.0
2024-08-28 12:00:00-04:00,26.760000228881836,26.760000228881836,26.760000228881836,26.760000228881836,860,0.0,0.0
2024-08-28 12:05:00-04:00,26.639999389648438,26.639999389648438,26.579999923706055,26.579999923706055,1234,0.0,0.0
2024-08-28 12:25:00-04:00,26.600000381469727,26.600000381469727,26.600000381469727,26.600000381469727,429,0.0,0.0
2024-08-28 12:30:00-04:00,26.549999237060547,26.549999237060547,26.549999237060547,26.549999237060547,487,0.0,0.0
2024-08-28 12:35:00-04:00,26.600000381469727,26.600000381469727,26.600000381469727,26.600000381469727,450,0.0,0.0
2024-08-28 12:45:00-04:00,26.61353874206543,26.61353874206543,26.61353874206543,26.61353874206543,433,0.0,0.0
2024-08-28 13:15:00-04:00,26.709999084472656,26.709999084472656,26.709999084472656,26.709999084472656,248,0.0,0.0
2024-08-28 13:35:00-04:00,26.639999389648438,26.639999389648438,26.639999389648438,26.639999389648438,101,0.0,0.0
2024-08-28 13:40:00-04:00,26.68000030517578,26.68000030517578,26.649999618530273,26.649999618530273,328,0.0,0.0
2024-08-28 14:05:00-04:00,26.649999618530273,26.649999618530273,26.649999618530273,26.649999618530273,436,0.0,0.0
2024-08-28 14:35:00-04:00,26.610000610351562,26.610000610351562,26.610000610351562,26.610000610351562,137,0.0,0.0
2024-08-28 14:40:00-04:00,26.610000610351562,26.610000610351562,26.610000610351562,26.610000610351562,425,0.0,0.0
2024-08-28 14:45:00-04:00,26.649999618530273,26.649999618530273,26.649999618530273,26.649999618530273,105,0.0,0.0
2024-08-28 14:50:00-04:00,26.649999618530273,26.649999618530273,26.649999618530273,26.649999618530273,470,0.0,0.0
2024-08-28 15:05:00-04:00,26.649999618530273,26.649999618530273,26.649999618530273,26.649999618530273,843,0.0,0.0
2024-08-28 15:15:00-04:00,26.6471004486084,26.6471004486084,26.6471004486084,26.6471004486084,752,0.0,0.0
2024-08-28 15:20:00-04:00,26.670000076293945,26.68000030517578,26.670000076293945,26.68000030517578,569,0.0,0.0
2024-08-28 15:35:00-04:00,26.680099487304688,26.719999313354492,26.68000030517578,26.719999313354492,1188,0.0,0.0
2024-08-28 15:45:00-04:00,26.729000091552734,26.739999771118164,26.68000030517578,26.68000030517578,1964,0.0,0.0
2024-08-28 15:50:00-04:00,26.649999618530273,26.68000030517578,26.639999389648438,26.65999984741211,1128,0.0,0.0
2024-08-28 15:55:00-04:00,26.65999984741211,26.700000762939453,26.6200008392334,26.6299991607666,3781,0.0,0.0
2024-08-29 09:30:00-04:00,26.850000381469727,26.850000381469727,26.750099182128906,26.750099182128906,895,0.0,0.0
2024-08-29 09:35:00-04:00,26.75,26.799999237060547,26.649999618530273,26.790000915527344,1843,0.0,0.0
2024-08-29 09:45:00-04:00,26.549999237060547,26.549999237060547,26.549999237060547,26.549999237060547,264,0.0,0.0
2024-08-29 09:50:00-04:00,26.739999771118164,26.739999771118164,26.739999771118164,26.739999771118164,959,0.0,0.0
2024-08-29 09:55:00-04:00,26.559999465942383,26.6299991607666,26.559999465942383,26.6299991607666,392,0.0,0.0
2024-08-29 10:00:00-04:00,26.6200008392334,26.6200008392334,26.6200008392334,26.6200008392334,398,0.0,0.0
2024-08-29 10:15:00-04:00,26.68000030517578,26.700000762939453,26.68000030517578,26.700000762939453,684,0.0,0.0
2024-08-29 10:25:00-04:00,26.75,26.760000228881836,26.75,26.760000228881836,651,0.0,0.0
2024-08-29 10:30:00-04:00,26.760000228881836,26.760000228881836,26.760000228881836,26.760000228881836,171,0.0,0.0
2024-08-29 10:40:00-04:00,26.690000534057617,26.690000534057617,26.690000534057617,26.690000534057617,510,0.0,0.0
2024-08-29 10:45:00-04:00,26.639999389648438,26.680099487304688,26.540000915527344,26.645000457763672,1614,0.0,0.0
2024-08-29 10:55:00-04:00,26.604999542236328,26.604999542236328,26.604999542236328,26.604999542236328,109,0.0,0.0
2024-08-29 11:00:00-04:00,26.649900436401367,26.649900436401367,26.604999542236328,26.604999542236328,1412,0.0,0.0
2024-08-29 11:05:00-04:00,26.635000228881836,26.68000030517578,26.635000228881836,26.68000030517578,390,0.0,0.0
2024-08-29 11:15:00-04:00,26.625,26.625,26.625,26.625,632,0.0,0.0
2024-08-29 11:30:00-04:00,26.65999984741211,26.704999923706055,26.600000381469727,26.639999389648438,3075,0.0,0.0
2024-08-29 12:00:00-04:00,26.69499969482422,26.69499969482422,26.69499969482422,26.69499969482422,349,0.0,0.0
2024-08-29 12:15:00-04:00,26.729999542236328,26.769899368286133,26.719999313354492,26.719999313354492,1192,0.0,0.0
2024-08-29 12:20:00-04:00,26.770000457763672,26.770000457763672,26.760000228881836,26.760000228881836,563,0.0,0.0
2024-08-29 12:25:00-04:00,26.780000686645508,26.809999465942383,26.780000686645508,26.809999465942383,1704,0.0,0.0
2024-08-29 12:40:00-04:00,26.829999923706055,26.829999923706055,26.829999923706055,26.829999923706055,499,0.0,0.0
2024-08-29 13:10:00-04:00,26.790000915527344,26.790000915527344,26.770000457763672,26.790000915527344,721,0.0,0.0
2024-08-29 13:25:00-04:00,26.81999969482422,26.81999969482422,26.81999969482422,26.81999969482422,219,0.0,0.0
2024-08-29 13:35:00-04:00,26.860000610351562,26.950000762939453,26.860000610351562,26.940000534057617,4239,0.0,0.0
2024-08-29 14:15:00-04:00,26.93000030517578,26.93000030517578,26.93000030517578,26.93000030517578,644,0.0,0.0
2024-08-29 14:25:00-04:00,26.889999389648438,26.889999389648438,26.8799991607666,26.8799991607666,352,0.0,0.0
2024-08-29 14:35:00-04:00,26.89299964904785,26.969900131225586,26.799999237060547,26.889999389648438,1192,0.0,0.0
2024-08-29 15:00:00-04:00,26.829999923706055,26.829999923706055,26.829999923706055,26.829999923706055,827,0.0,0.0
2024-08-29 15:15:00-04:00,26.8799991607666,26.950000762939453,26.8799991607666,26.950000762939453,1046,0.0,0.0
2024-08-29 15:20:00-04:00,26.920000076293945,26.920000076293945,26.908000946044922,26.908000946044922,490,0.0,0.0
2024-08-29 15:30:00-04:00,26.950000762939453,26.950000762939453,26.889999389648438,26.893199920654297,1357,0.0,0.0
2024-08-29 15:35:00-04:00,26.93000030517578,26.93000030517578,26.899999618530273,26.899999618530273,631,0.0,0.0
2024-08-29 15:40:00-04:00,26.864500045776367,26.8700008392334,26.829999923706055,26.84000015258789,1485,0.0,0.0
2024-08-29 15:45:00-04:00,26.850000381469727,26.850000381469727,26.850000381469727,26.850000381469727,330,0.0,0.0
2024-08-29 15:50:00-04:00,26.820100784301758,26.8700008392334,26.820100784301758,26.829999923706055,1163,0.0,0.0
2024-08-29 15:55:00-04:00,26.84000015258789,26.899999618530273,26.829999923706055,26.829999923706055,2390,0.0,0.0
2024-08-30 09:30:00-04:00,27.0,27.020000457763672,26.979999542236328,27.020000457763672,3036,0.0,0.0
2024-08-30 09:50:00-04:00,26.989999771118164,26.989999771118164,26.989999771118164,26.989999771118164,202,0.0,0.0
2024-08-30 10:10:00-04:00,26.92300033569336,26.92300033569336,26.92300033569336,26.92300033569336,1263,0.0,0.0
2024-08-30 10:55:00-04:00,27.04829978942871,27.04829978942871,27.04829978942871,27.04829978942871,125,0.0,0.0
2024-08-30 11:00:00-04:00,26.99799919128418,26.99799919128418,26.99799919128418,26.99799919128418,396,0.0,0.0
2024-08-30 11:20:00-04:00,26.969999313354492,26.969999313354492,26.969999313354492,26.969999313354492,108,0.0,0.0
2024-08-30 11:25:00-04:00,27.002700805664062,27.002700805664062,27.002700805664062,27.002700805664062,1332,0.0,0.0
2024-08-30 12:05:00-04:00,26.950000762939453,26.950000762939453,26.812400817871094,26.812400817871094,2403,0.0,0.0
2024-08-30 12:20:00-04:00,26.752199172973633,26.752199172973633,26.739999771118164,26.739999771118164,1646,0.0,0.0
2024-08-30 12:25:00-04:00,26.69499969482422,26.69499969482422,26.69499969482422,26.69499969482422,828,0.0,0.0
2024-08-30 12:55:00-04:00,26.555400848388672,26.555400848388672,26.555400848388672,26.555400848388672,637,0.0,0.0
2024-08-30 13:30:00-04:00,26.690000534057617,26.690000534057617,26.68000030517578,26.68000030517578,469,0.0,0.0
2024-08-30 13:35:00-04:00,26.709999084472656,26.709999084472656,26.709999084472656,26.709999084472656,226,0.0,0.0
2024-08-30 13:45:00-04:00,26.725900650024414,26.725900650024414,26.725900650024414,26.725900650024414,817,0.0,0.0
2024-08-30 15:15:00-04:00,26.690000534057617,26.690000534057617,26.690000534057617,26.690000534057617,163,0.0,0.0
2024-08-30 15:20:00-04:00,26.709999084472656,26.709999084472656,26.709999084472656,26.709999084472656,117,0.0,0.0
2024-08-30 15:25:00-04:00,26.68000030517578,26.68000030517578,26.68000030517578,26.68000030517578,107,0.0,0.0
2024-08-30 15:30:00-04:00,26.729999542236328,26.729999542236328,26.729999542236328,26.729999542236328,163,0.0,0.0
2024-08-30 15:35:00-04:00,26.674999237060547,26.719999313354492,26.674999237060547,26.719999313354492,420,0.0,0.0
2024-08-30 15:40:00-04:00,26.75,26.75,26.75,26.75,186,0.0,0.0
2024-08-30 15:45:00-04:00,26.780000686645508,26.780000686645508,26.75,26.75,554,0.0,0.0
2024-08-30 15:50:00-04:00,26.81999969482422,26.81999969482422,26.75,26.790000915527344,1130,0.0,0.0
2024-08-30 15:55:00-04:00,26.780000686645508,26.805999755859375,26.75,26.770000457763672,5525,0.0,0.0
2024-09-03 09:30:00-04:00,26.489999771118164,26.604999542236328,26.329999923706055,26.604999542236328,3986,0.0,0.0
2024-09-03 09:50:00-04:00,26.510000228881836,26.665000915527344,26.510000228881836,26.665000915527344,1306,0.0,0.0
2024-09-03 09:55:00-04:00,26.8700008392334,26.8700008392334,26.8700008392334,26.8700008392334,595,0.0,0.0
2024-09-03 10:00:00-04:00,26.600000381469727,26.600000381469727,26.600000381469727,26.600000381469727,309,0.0,0.0
2024-09-03 10:05:00-04:00,26.789899826049805,26.789899826049805,26.789899826049805,26.789899826049805,1077,0.0,0.0
2024-09-03 10:15:00-04:00,26.770000457763672,26.770000457763672,26.625,26.625,1113,0.0,0.0
2024-09-03 10:25:00-04:00,26.770000457763672,26.770000457763672,26.770000457763672,26.770000457763672,214,0.0,0.0
2024-09-03 11:00:00-04:00,26.689899444580078,26.689899444580078,26.689899444580078,26.689899444580078,1370,0.0,0.0
2024-09-03 11:25:00-04:00,26.579999923706055,26.579999923706055,26.579999923706055,26.579999923706055,912,0.0,0.0
2024-09-03 12:45:00-04:00,26.6200008392334,26.6200008392334,26.6200008392334,26.6200008392334,382,0.0,0.0
2024-09-03 12:50:00-04:00,26.5,26.5,26.5,26.5,601,0.0,0.0
2024-09-03 13:10:00-04:00,26.489999771118164,26.54990005493164,26.489999771118164,26.54990005493164,975,0.0,0.0
2024-09-03 13:15:00-04:00,26.6299991607666,26.6299991607666,26.6299991607666,26.6299991607666,202,0.0,0.0
2024-09-03 13:20:00-04:00,26.549999237060547,26.549999237060547,26.549999237060547,26.549999237060547,1550,0.0,0.0
2024-09-03 14:55:00-04:00,26.479999542236328,26.479999542236328,26.479999542236328,26.479999542236328,438,0.0,0.0
2024-09-03 15:00:00-04:00,26.479999542236328,26.479999542236328,26.479999542236328,26.479999542236328,100,0.0,0.0
2024-09-03 15:05:00-04:00,26.479999542236328,26.479999542236328,26.479999542236328,26.479999542236328,477,0.0,0.0
2024-09-03 15:10:00-04:00,26.475000381469727,26.510000228881836,26.475000381469727,26.510000228881836,1051,0.0,0.0
2024-09-03 15:15:00-04:00,26.479999542236328,26.584999084472656,26.479999542236328,26.584999084472656,1469,0.0,0.0
2024-09-03 15:20:00-04:00,26.62969970703125,26.739999771118164,26.584999084472656,26.739999771118164,2734,0.0,0.0
2024-09-03 15:25:00-04:00,26.739999771118164,26.739999771118164,26.674999237060547,26.719999313354492,1307,0.0,0.0
2024-09-03 15:30:00-04:00,26.719999313354492,26.719999313354492,26.719999313354492,26.719999313354492,228,0.0,0.0
2024-09-03 15:35:00-04:00,26.6299991607666,26.6299991607666,26.614999771118164,26.614999771118164,1000,0.0,0.0
2024-09-03 15:40:00-04:00,26.59000015258789,26.600000381469727,26.59000015258789,26.600000381469727,468,0.0,0.0
2024-09-03 15:45:00-04:00,26.56999969482422,26.56999969482422,26.540000915527344,26.540000915527344,426,0.0,0.0
2024-09-03 15:50:00-04:00,26.530000686645508,26.530000686645508,26.489999771118164,26.5,1773,0.0,0.0
2024-09-03 15:55:00-04:00,26.489999771118164,26.5049991607666,26.459999084472656,26.479999542236328,2898,0.0,0.0
2024-09-04 09:30:00-04:00,26.530000686645508,26.530000686645508,26.530000686645508,26.530000686645508,781,0.0,0.0
2024-09-04 09:35:00-04:00,26.59000015258789,26.59000015258789,26.59000015258789,26.59000015258789,283,0.0,0.0
2024-09-04 09:55:00-04:00,26.739999771118164,26.739999771118164,26.739999771118164,26.739999771118164,232,0.0,0.0
2024-09-04 10:00:00-04:00,26.600000381469727,26.600000381469727,26.600000381469727,26.600000381469727,375,0.0,0.0
2024-09-04 10:05:00-04:00,26.729999542236328,26.729999542236328,26.729999542236328,26.729999542236328,279,0.0,0.0
2024-09-04 10:20:00-04:00,26.75,26.75,26.75,26.75,1119,0.0,0.0
2024-09-04 10:35:00-04:00,26.639999389648438,26.639999389648438,26.639999389648438,26.639999389648438,145,0.0,0.0
2024-09-04 10:45:00-04:00,26.795000076293945,26.899999618530273,26.795000076293945,26.850000381469727,1633,0.0,0.0
2024-09-04 10:55:00-04:00,26.8700008392334,26.8700008392334,26.8700008392334,26.8700008392334,318,0.0,0.0
2024-09-04 11:05:00-04:00,26.780000686645508,26.780000686645508,26.780000686645508,26.780000686645508,233,0.0,0.0
2024-09-04 11:10:00-04:00,26.95989990234375,26.95989990234375,26.95989990234375,26.95989990234375,633,0.0,0.0
2024-09-04 11:20:00-04:00,26.885000228881836,26.885000228881836,26.885000228881836,26.885000228881836,184,0.0,0.0
2024-09-04 11:25:00-04:00,26.889999389648438,26.889999389648438,26.889999389648438,26.889999389648438,100,0.0,0.0
2024-09-04 11:30:00-04:00,26.889999389648438,26.969999313354492,26.889999389648438,26.961999893188477,817,0.0,0.0
2024-09-04 11:35:00-04:00,26.889999389648438,26.889999389648438,26.889999389648438,26.889999389648438,567,0.0,0.0
2024-09-04 11:40:00-04:00,26.8700008392334,26.8700008392334,26.8700008392334,26.8700008392334,316,0.0,0.0
2024-09-04 11:45:00-04:00,26.850000381469727,26.8700008392334,26.850000381469727,26.8700008392334,237,0.0,0.0
2024-09-04 11:50:00-04:00,26.8700008392334,26.8700008392334,26.8700008392334,26.8700008392334,275,0.0,0.0
2024-09-04 12:00:00-04:00,26.799999237060547,26.799999237060547,26.790000915527344,26.790000915527344,253,0.0,0.0
2024-09-04 12:05:00-04:00,26.66010093688965,26.66010093688965,26.65999984741211,26.65999984741211,681,0.0,0.0
2024-09-04 13:00:00-04:00,26.6200008392334,26.6200008392334,26.6200008392334,26.6200008392334,682,0.0,0.0
2024-09-04 13:05:00-04:00,26.540000915527344,26.549999237060547,26.540000915527344,26.549999237060547,263,0.0,0.0
2024-09-04 13:15:00-04:00,26.540000915527344,26.558000564575195,26.530000686645508,26.530000686645508,1302,0.0,0.0
2024-09-04 13:25:00-04:00,26.559999465942383,26.559999465942383,26.559999465942383,26.559999465942383,156,0.0,0.0
2024-09-04 13:35:00-04:00,26.61989974975586,26.61989974975586,26.61989974975586,26.61989974975586,535,0.0,0.0
2024-09-04 13:50:00-04:00,26.510000228881836,26.549999237060547,26.360000610351562,26.549999237060547,4832,0.0,0.0
2024-09-04 13:55:00-04:00,26.549999237060547,26.549999237060547,26.360000610351562,26.360000610351562,499,0.0,0.0
2024-09-04 14:00:00-04:00,26.44379997253418,26.510000228881836,26.44379997253418,26.510000228881836,647,0.0,0.0
2024-09-04 14:05:00-04:00,26.509899139404297,26.509899139404297,26.509899139404297,26.509899139404297,530,0.0,0.0
2024-09-04 14:35:00-04:00,26.450000762939453,26.459999084472656,26.40999984741211,26.459999084472656,758,0.0,0.0
2024-09-04 14:40:00-04:00,26.475000381469727,26.475000381469727,26.3799991607666,26.459999084472656,424,0.0,0.0
2024-09-04 14:50:00-04:00,26.459999084472656,26.459999084472656,26.459999084472656,26.459999084472656,600,0.0,0.0
2024-09-04 15:00:00-04:00,26.474700927734375,26.474700927734375,26.474700927734375,26.474700927734375,219,0.0,0.0
2024-09-04 15:10:00-04:00,26.5049991607666,26.5049991607666,26.5049991607666,26.5049991607666,485,0.0,0.0
2024-09-04 15:25:00-04:00,26.540000915527344,26.540000915527344,26.469999313354492,26.479999542236328,452,0.0,0.0
2024-09-04 15:30:00-04:00,26.520000457763672,26.520000457763672,26.520000457763672,26.520000457763672,101,0.0,0.0
2024-09-04 15:35:00-04:00,26.524999618530273,26.524999618530273,26.469999313354492,26.469999313354492,836,0.0,0.0
2024-09-04 15:40:00-04:00,26.540000915527344,26.540000915527344,26.540000915527344,26.540000915527344,204,0.0,0.0
2024-09-04 15:45:00-04:00,26.55500030517578,26.579999923706055,26.55500030517578,26.56999969482422,773,0.0,0.0
2024-09-04 15:50:00-04:00,26.582399368286133,26.582399368286133,26.513900756835938,26.53499984741211,1846,0.0,0.0
2024-09-04 15:55:00-04:00,26.575000762939453,26.575000762939453,26.540000915527344,26.559999465942383,1715,0.0,0.0
2024-09-05 09:30:00-04:00,26.709999084472656,26.799999237060547,26.700000762939453,26.700000762939453,2106,0.0,0.0
2024-09-05 10:00:00-04:00,26.959999084472656,26.959999084472656,26.729999542236328,26.729999542236328,372,0.0,0.0
2024-09-05 10:05:00-04:00,26.950000762939453,27.0,26.950000762939453,27.0,2043,0.0,0.0
2024-09-05 10:15:00-04:00,26.790000915527344,26.920000076293945,26.790000915527344,26.920000076293945,351,0.0,0.0
2024-09-05 10:30:00-04:00,27.040000915527344,27.040000915527344,27.040000915527344,27.040000915527344,689,0.0,0.0
2024-09-05 10:35:00-04:00,27.129899978637695,27.129899978637695,26.950000762939453,26.950000762939453,572,0.0,0.0
2024-09-05 10:45:00-04:00,26.93000030517578,26.940000534057617,26.809999465942383,26.809999465942383,865,0.0,0.0
2024-09-05 10:50:00-04:00,26.850000381469727,26.940000534057617,26.850000381469727,26.940000534057617,944,0.0,0.0
2024-09-05 11:00:00-04:00,26.850000381469727,26.850000381469727,26.850000381469727,26.850000381469727,382,0.0,0.0
2024-09-05 11:05:00-04:00,26.844999313354492,26.844999313354492,26.844999313354492,26.844999313354492,578,0.0,0.0
2024-09-05 11:10:00-04:00,26.82990074157715,26.82990074157715,26.82990074157715,26.82990074157715,235,0.0,0.0
2024-09-05 11:15:00-04:00,26.790000915527344,26.790000915527344,26.790000915527344,26.790000915527344,574,0.0,0.0
2024-09-05 11:25:00-04:00,26.68670082092285,26.68670082092285,26.68670082092285,26.68670082092285,245,0.0,0.0
2024-09-05 11:40:00-04:00,26.670000076293945,26.725000381469727,26.579999923706055,26.579999923706055,5311,0.0,0.0
2024-09-05 11:50:00-04:00,26.530000686645508,26.530000686645508,26.530000686645508,26.530000686645508,132,0.0,0.0
2024-09-05 11:55:00-04:00,26.59000015258789,26.59000015258789,26.59000015258789,26.59000015258789,155,0.0,0.0
2024-09-05 12:00:00-04:00,26.65999984741211,26.65999984741211,26.65999984741211,26.65999984741211,121,0.0,0.0
2024-09-05 12:05:00-04:00,26.530099868774414,26.530099868774414,26.530099868774414,26.530099868774414,270,0.0,0.0
2024-09-05 12:10:00-04:00,26.604999542236328,26.604999542236328,26.604999542236328,26.604999542236328,704,0.0,0.0
2024-09-05 12:15:00-04:00,26.65999984741211,26.65999984741211,26.65999984741211,26.65999984741211,870,0.0,0.0
2024-09-05 12:30:00-04:00,26.65999984741211,26.65999984741211,26.65999984741211,26.65999984741211,627,0.0,0.0
2024-09-05 13:40:00-04:00,26.690000534057617,26.690000534057617,26.690000534057617,26.690000534057617,699,0.0,0.0
2024-09-05 14:20:00-04:00,26.700000762939453,26.700000762939453,26.690000534057617,26.690000534057617,1265,0.0,0.0
2024-09-05 15:15:00-04:00,26.610000610351562,26.610000610351562,26.530000686645508,26.530000686645508,577,0.0,0.0
2024-09-05 15:20:00-04:00,26.59000015258789,26.59000015258789,26.59000015258789,26.59000015258789,241,0.0,0.0
2024-09-05 15:25:00-04:00,26.65999984741211,26.65999984741211,26.65999984741211,26.65999984741211,1346,0.0,0.0
2024-09-05 15:30:00-04:00,26.690000534057617,26.690000534057617,26.670000076293945,26.68000030517578,953,0.0,0.0
2024-09-05 15:45:00-04:00,26.579999923706055,26.610000610351562,26.530000686645508,26.610000610351562,1204,0.0,0.0
2024-09-05 15:50:00-04:00,26.610000610351562,26.610000610351562,26.600000381469727,26.600000381469727,685,0.0,0.0
2024-09-05 15:55:00-04:00,26.559999465942383,26.639999389648438,26.559999465942383,26.6200008392334,2817,0.0,0.0
2024-09-06 09:30:00-04:00,26.68000030517578,26.809999465942383,26.600000381469727,26.649999618530273,933,0.0,0.0
2024-09-06 09:35:00-04:00,26.649999618530273,26.649999618530273,26.649999618530273,26.649999618530273,284,0.0,0.0
2024-09-06 10:00:00-04:00,26.56999969482422,26.579999923706055,26.56999969482422,26.579999923706055,1466,0.0,0.0
2024-09-06 10:05:00-04:00,26.520000457763672,26.639999389648438,26.520000457763672,26.639999389648438,497,0.0,0.0
2024-09-06 10:35:00-04:00,26.420000076293945,26.43000030517578,26.399999618530273,26.43000030517578,3968,0.0,0.0
2024-09-06 10:40:00-04:00,26.43000030517578,26.43000030517578,26.43000030517578,26.43000030517578,287,0.0,0.0
2024-09-06 10:50:00-04:00,26.458999633789062,26.458999633789062,26.458999633789062,26.458999633789062,819,0.0,0.0
2024-09-06 11:00:00-04:00,26.450000762939453,26.610000610351562,26.450000762939453,26.610000610351562,1086,0.0,0.0
2024-09-06 11:10:00-04:00,26.5,26.5,26.479999542236328,26.479999542236328,432,0.0,0.0
2024-09-06 11:15:00-04:00,26.469999313354492,26.469999313354492,26.469999313354492,26.469999313354492,255,0.0,0.0
2024-09-06 11:35:00-04:00,26.399999618530273,26.399999618530273,26.399999618530273,26.399999618530273,176,0.0,0.0
2024-09-06 11:45:00-04:00,26.399999618530273,26.399999618530273,26.34000015258789,26.3799991607666,1599,0.0,0.0
2024-09-06 11:55:00-04:00,26.43000030517578,26.440000534057617,26.43000030517578,26.440000534057617,539,0.0,0.0
2024-09-06 12:35:00-04:00,26.459999084472656,26.489999771118164,26.459999084472656,26.489999771118164,781,0.0,0.0
2024-09-06 12:55:00-04:00,26.540000915527344,26.540000915527344,26.540000915527344,26.540000915527344,138,0.0,0.0
2024-09-06 13:05:00-04:00,26.59000015258789,26.600000381469727,26.579999923706055,26.579999923706055,1863,0.0,0.0
2024-09-06 13:50:00-04:00,26.610000610351562,26.610000610351562,26.610000610351562,26.610000610351562,355,0.0,0.0
2024-09-06 14:00:00-04:00,26.530000686645508,26.54990005493164,26.530000686645508,26.54990005493164,439,0.0,0.0
2024-09-06 14:30:00-04:00,26.539899826049805,26.539899826049805,26.475000381469727,26.475000381469727,384,0.0,0.0
2024-09-06 14:35:00-04:00,26.399999618530273,26.40999984741211,26.399999618530273,26.40999984741211,308,0.0,0.0
2024-09-06 14:40:00-04:00,26.510000228881836,26.510000228881836,26.510000228881836,26.510000228881836,135,0.0,0.0
2024-09-06 14:55:00-04:00,26.459999084472656,26.5,26.440000534057617,26.440000534057617,482,0.0,0.0
2024-09-06 15:00:00-04:00,26.449199676513672,26.449199676513672,26.449199676513672,26.449199676513672,1115,0.0,0.0
2024-09-06 15:05:00-04:00,26.51810073852539,26.51810073852539,26.51810073852539,26.51810073852539,913,0.0,0.0
2024-09-06 15:15:00-04:00,26.579999923706055,26.600000381469727,26.579999923706055,26.600000381469727,890,0.0,0.0
2024-09-06 15:20:00-04:00,26.625,26.625,26.625,26.625,254,0.0,0.0
2024-09-06 15:25:00-04:00,26.65999984741211,26.65999984741211,26.65999984741211,26.65999984741211,279,0.0,0.0
2024-09-06 15:30:00-04:00,26.610000610351562,26.610000610351562,26.540000915527344,26.540000915527344,755,0.0,0.0
2024-09-06 15:40:00-04:00,26.559999465942383,26.559999465942383,26.559999465942383,26.559999465942383,412,0.0,0.0
2024-09-06 15:50:00-04:00,26.59000015258789,26.59000015258789,26.549999237060547,26.549999237060547,760,0.0,0.0
2024-09-06 15:55:00-04:00,26.520000457763672,26.559999465942383,26.5,26.530000686645508,3799,0.0,0.0
