Datetime,Open,High,Low,Close,Volume,Dividends,Stock Splits,Capital Gains
2024-10-14 09:30:00-04:00,30.770000457763672,30.770000457763672,30.760000228881836,30.760000228881836,0,0.0,0.0,0.0
2024-10-14 09:31:00-04:00,30.764999389648438,30.764999389648438,30.760000228881836,30.760000228881836,6410,0.0,0.0,0.0
2024-10-14 09:35:00-04:00,30.76099967956543,30.764999389648438,30.76099967956543,30.764999389648438,268,0.0,0.0,0.0
2024-10-14 09:36:00-04:00,30.763700485229492,30.764999389648438,30.763700485229492,30.764999389648438,488,0.0,0.0,0.0
2024-10-14 09:37:00-04:00,30.764999389648438,30.764999389648438,30.764999389648438,30.764999389648438,1301,0.0,0.0,0.0
2024-10-14 09:39:00-04:00,30.764999389648438,30.764999389648438,30.760000228881836,30.760000228881836,210,0.0,0.0,0.0
2024-10-14 09:40:00-04:00,30.764999389648438,30.764999389648438,30.764999389648438,30.764999389648438,140,0.0,0.0,0.0
2024-10-14 09:41:00-04:00,30.764999389648438,30.764999389648438,30.764999389648438,30.764999389648438,100,0.0,0.0,0.0
2024-10-14 09:42:00-04:00,30.764999389648438,30.764999389648438,30.764999389648438,30.764999389648438,101,0.0,0.0,0.0
2024-10-14 09:44:00-04:00,30.764999389648438,30.764999389648438,30.764999389648438,30.764999389648438,374,0.0,0.0,0.0
2024-10-14 09:45:00-04:00,30.764999389648438,30.764999389648438,30.764999389648438,30.764999389648438,100,0.0,0.0,0.0
2024-10-14 09:46:00-04:00,30.764999389648438,30.764999389648438,30.764999389648438,30.764999389648438,100,0.0,0.0,0.0
2024-10-14 09:48:00-04:00,30.76889991760254,30.770000457763672,30.763200759887695,30.76490020751953,2566,0.0,0.0,0.0
2024-10-14 09:49:00-04:00,30.769399642944336,30.769399642944336,30.760000228881836,30.76129913330078,1494,0.0,0.0,0.0
2024-10-14 09:50:00-04:00,30.76129913330078,30.76129913330078,30.76129913330078,30.76129913330078,162,0.0,0.0,0.0
2024-10-14 09:51:00-04:00,30.764999389648438,30.764999389648438,30.764999389648438,30.764999389648438,100,0.0,0.0,0.0
2024-10-14 09:52:00-04:00,30.764999389648438,30.764999389648438,30.764999389648438,30.764999389648438,100,0.0,0.0,0.0
2024-10-14 09:53:00-04:00,30.764999389648438,30.764999389648438,30.764999389648438,30.764999389648438,111,0.0,0.0,0.0
2024-10-14 09:55:00-04:00,30.764999389648438,30.764999389648438,30.764999389648438,30.764999389648438,133,0.0,0.0,0.0
2024-10-14 09:56:00-04:00,30.768800735473633,30.768800735473633,30.768800735473633,30.768800735473633,1104,0.0,0.0,0.0
2024-10-14 09:57:00-04:00,30.764999389648438,30.770000457763672,30.764999389648438,30.770000457763672,2329,0.0,0.0,0.0
2024-10-14 09:58:00-04:00,30.764999389648438,30.764999389648438,30.764999389648438,30.764999389648438,100,0.0,0.0,0.0
2024-10-14 10:00:00-04:00,30.764999389648438,30.768800735473633,30.764999389648438,30.768800735473633,296,0.0,0.0,0.0
2024-10-14 10:01:00-04:00,30.764999389648438,30.770000457763672,30.760000228881836,30.770000457763672,1634,0.0,0.0,0.0
2024-10-14 10:02:00-04:00,30.764999389648438,30.764999389648438,30.764999389648438,30.764999389648438,1120,0.0,0.0,0.0
2024-10-14 10:03:00-04:00,30.769899368286133,30.769899368286133,30.769899368286133,30.769899368286133,1357,0.0,0.0,0.0
2024-10-14 10:04:00-04:00,30.764999389648438,30.764999389648438,30.764999389648438,30.764999389648438,662,0.0,0.0,0.0
2024-10-14 10:05:00-04:00,30.766799926757812,30.766799926757812,30.764999389648438,30.764999389648438,658,0.0,0.0,0.0
2024-10-14 10:06:00-04:00,30.76889991760254,30.76889991760254,30.764999389648438,30.764999389648438,3744,0.0,0.0,0.0
2024-10-14 10:07:00-04:00,30.764999389648438,30.764999389648438,30.764999389648438,30.764999389648438,908,0.0,0.0,0.0
2024-10-14 10:08:00-04:00,30.764999389648438,30.764999389648438,30.764999389648438,30.764999389648438,356,0.0,0.0,0.0
2024-10-14 10:10:00-04:00,30.764999389648438,30.764999389648438,30.764999389648438,30.764999389648438,121,0.0,0.0,0.0
2024-10-14 10:11:00-04:00,30.761899948120117,30.767200469970703,30.761899948120117,30.767200469970703,2669,0.0,0.0,0.0
2024-10-14 10:12:00-04:00,30.766799926757812,30.766799926757812,30.764999389648438,30.764999389648438,1836,0.0,0.0,0.0
2024-10-14 10:14:00-04:00,30.764999389648438,30.770000457763672,30.764999389648438,30.770000457763672,1895,0.0,0.0,0.0
2024-10-14 10:16:00-04:00,30.768699645996094,30.768699645996094,30.768699645996094,30.768699645996094,247,0.0,0.0,0.0
2024-10-14 10:19:00-04:00,30.769899368286133,30.769899368286133,30.769899368286133,30.769899368286133,506,0.0,0.0,0.0
2024-10-14 10:29:00-04:00,30.760000228881836,30.760000228881836,30.760000228881836,30.760000228881836,595,0.0,0.0,0.0
2024-10-14 10:34:00-04:00,30.768800735473633,30.768800735473633,30.768800735473633,30.768800735473633,1430,0.0,0.0,0.0
2024-10-14 10:36:00-04:00,30.764999389648438,30.764999389648438,30.764999389648438,30.764999389648438,388,0.0,0.0,0.0
2024-10-14 10:40:00-04:00,30.760000228881836,30.770000457763672,30.760000228881836,30.770000457763672,723,0.0,0.0,0.0
2024-10-14 10:43:00-04:00,30.770000457763672,30.770000457763672,30.767799377441406,30.767799377441406,2622,0.0,0.0,0.0
2024-10-14 10:49:00-04:00,30.760000228881836,30.760000228881836,30.760000228881836,30.760000228881836,11875,0.0,0.0,0.0
2024-10-14 10:59:00-04:00,30.760000228881836,30.764999389648438,30.760000228881836,30.764999389648438,500,0.0,0.0,0.0
2024-10-14 11:01:00-04:00,30.764999389648438,30.764999389648438,30.764999389648438,30.764999389648438,1211,0.0,0.0,0.0
2024-10-14 11:04:00-04:00,30.764999389648438,30.764999389648438,30.764999389648438,30.764999389648438,3190,0.0,0.0,0.0
2024-10-14 11:05:00-04:00,30.764999389648438,30.764999389648438,30.763500213623047,30.763500213623047,990,0.0,0.0,0.0
2024-10-14 11:07:00-04:00,30.760000228881836,30.764999389648438,30.760000228881836,30.764999389648438,5013,0.0,0.0,0.0
2024-10-14 11:08:00-04:00,30.764999389648438,30.764999389648438,30.764999389648438,30.764999389648438,267,0.0,0.0,0.0
2024-10-14 11:10:00-04:00,30.764999389648438,30.764999389648438,30.764999389648438,30.764999389648438,210,0.0,0.0,0.0
2024-10-14 11:11:00-04:00,30.760000228881836,30.760000228881836,30.760000228881836,30.760000228881836,100,0.0,0.0,0.0
2024-10-14 11:12:00-04:00,30.770000457763672,30.770000457763672,30.760000228881836,30.760000228881836,549,0.0,0.0,0.0
2024-10-14 11:15:00-04:00,30.764999389648438,30.764999389648438,30.764999389648438,30.764999389648438,130,0.0,0.0,0.0
2024-10-14 11:16:00-04:00,30.76129913330078,30.764999389648438,30.76129913330078,30.764999389648438,797,0.0,0.0,0.0
2024-10-14 11:17:00-04:00,30.760099411010742,30.760099411010742,30.760099411010742,30.760099411010742,103,0.0,0.0,0.0
2024-10-14 11:18:00-04:00,30.76020050048828,30.76020050048828,30.76020050048828,30.76020050048828,401,0.0,0.0,0.0
2024-10-14 11:19:00-04:00,30.764999389648438,30.764999389648438,30.764999389648438,30.764999389648438,117,0.0,0.0,0.0
2024-10-14 11:20:00-04:00,30.764999389648438,30.764999389648438,30.764999389648438,30.764999389648438,100,0.0,0.0,0.0
2024-10-14 11:23:00-04:00,30.764999389648438,30.770000457763672,30.760000228881836,30.760000228881836,5832,0.0,0.0,0.0
2024-10-14 11:24:00-04:00,30.764999389648438,30.770000457763672,30.760000228881836,30.764999389648438,17741,0.0,0.0,0.0
2024-10-14 11:25:00-04:00,30.764999389648438,30.770000457763672,30.764999389648438,30.764999389648438,12198,0.0,0.0,0.0
2024-10-14 11:26:00-04:00,30.764999389648438,30.764999389648438,30.764999389648438,30.764999389648438,7096,0.0,0.0,0.0
2024-10-14 11:27:00-04:00,30.764999389648438,30.764999389648438,30.764999389648438,30.764999389648438,696,0.0,0.0,0.0
2024-10-14 11:30:00-04:00,30.760400772094727,30.764999389648438,30.760400772094727,30.764999389648438,851,0.0,0.0,0.0
2024-10-14 11:31:00-04:00,30.760000228881836,30.760000228881836,30.760000228881836,30.760000228881836,308,0.0,0.0,0.0
2024-10-14 11:32:00-04:00,30.764999389648438,30.764999389648438,30.764999389648438,30.764999389648438,400,0.0,0.0,0.0
2024-10-14 11:34:00-04:00,30.760000228881836,30.764999389648438,30.760000228881836,30.764999389648438,20104,0.0,0.0,0.0
2024-10-14 11:35:00-04:00,30.764999389648438,30.764999389648438,30.764999389648438,30.764999389648438,1600,0.0,0.0,0.0
2024-10-14 11:38:00-04:00,30.764999389648438,30.764999389648438,30.764999389648438,30.764999389648438,100,0.0,0.0,0.0
2024-10-14 11:40:00-04:00,30.770000457763672,30.770000457763672,30.760000228881836,30.760000228881836,415,0.0,0.0,0.0
2024-10-14 11:41:00-04:00,30.760000228881836,30.7632999420166,30.760000228881836,30.7632999420166,1593,0.0,0.0,0.0
2024-10-14 11:45:00-04:00,30.764999389648438,30.764999389648438,30.764999389648438,30.764999389648438,172,0.0,0.0,0.0
2024-10-14 11:46:00-04:00,30.760000228881836,30.760000228881836,30.760000228881836,30.760000228881836,391,0.0,0.0,0.0
2024-10-14 11:47:00-04:00,30.760000228881836,30.760000228881836,30.760000228881836,30.760000228881836,292,0.0,0.0,0.0
2024-10-14 11:49:00-04:00,30.76099967956543,30.76099967956543,30.76099967956543,30.76099967956543,220,0.0,0.0,0.0
2024-10-14 11:50:00-04:00,30.764999389648438,30.764999389648438,30.764999389648438,30.764999389648438,183,0.0,0.0,0.0
2024-10-14 11:54:00-04:00,30.760000228881836,30.760000228881836,30.760000228881836,30.760000228881836,307,0.0,0.0,0.0
2024-10-14 11:56:00-04:00,30.7632999420166,30.7632999420166,30.7632999420166,30.7632999420166,545,0.0,0.0,0.0
2024-10-14 11:57:00-04:00,30.770000457763672,30.770000457763672,30.76099967956543,30.76099967956543,342,0.0,0.0,0.0
2024-10-14 12:03:00-04:00,30.760000228881836,30.760000228881836,30.760000228881836,30.760000228881836,346,0.0,0.0,0.0
2024-10-14 12:16:00-04:00,30.770000457763672,30.770000457763672,30.76609992980957,30.76609992980957,853,0.0,0.0,0.0
2024-10-14 12:22:00-04:00,30.76110076904297,30.76110076904297,30.76110076904297,30.76110076904297,217,0.0,0.0,0.0
2024-10-14 12:24:00-04:00,30.76020050048828,30.76020050048828,30.760000228881836,30.760000228881836,2389,0.0,0.0,0.0
2024-10-14 12:25:00-04:00,30.76110076904297,30.76110076904297,30.76110076904297,30.76110076904297,342,0.0,0.0,0.0
2024-10-14 12:27:00-04:00,30.770000457763672,30.770000457763672,30.770000457763672,30.770000457763672,790,0.0,0.0,0.0
2024-10-14 12:28:00-04:00,30.760000228881836,30.760000228881836,30.760000228881836,30.760000228881836,933,0.0,0.0,0.0
2024-10-14 12:29:00-04:00,30.760000228881836,30.764699935913086,30.760000228881836,30.76020050048828,853,0.0,0.0,0.0
2024-10-14 12:31:00-04:00,30.768600463867188,30.768600463867188,30.768600463867188,30.768600463867188,800,0.0,0.0,0.0
2024-10-14 12:34:00-04:00,30.764999389648438,30.769899368286133,30.760000228881836,30.760000228881836,2008,0.0,0.0,0.0
2024-10-14 12:42:00-04:00,30.76110076904297,30.76110076904297,30.76110076904297,30.76110076904297,200,0.0,0.0,0.0
2024-10-14 12:47:00-04:00,30.760099411010742,30.764999389648438,30.760000228881836,30.764999389648438,7596,0.0,0.0,0.0
2024-10-14 12:48:00-04:00,30.764999389648438,30.764999389648438,30.764999389648438,30.764999389648438,956,0.0,0.0,0.0
2024-10-14 12:50:00-04:00,30.760299682617188,30.768600463867188,30.760299682617188,30.768600463867188,2343,0.0,0.0,0.0
2024-10-14 12:51:00-04:00,30.76110076904297,30.764999389648438,30.76110076904297,30.764999389648438,1200,0.0,0.0,0.0
2024-10-14 12:52:00-04:00,30.76460075378418,30.76460075378418,30.760000228881836,30.760000228881836,539,0.0,0.0,0.0
2024-10-14 13:02:00-04:00,30.76099967956543,30.76099967956543,30.76099967956543,30.76099967956543,410,0.0,0.0,0.0
2024-10-14 13:05:00-04:00,30.7632999420166,30.7632999420166,30.760000228881836,30.760000228881836,673,0.0,0.0,0.0
2024-10-14 13:07:00-04:00,30.760000228881836,30.760000228881836,30.760000228881836,30.760000228881836,100,0.0,0.0,0.0
2024-10-14 13:09:00-04:00,30.765399932861328,30.770000457763672,30.765399932861328,30.770000457763672,210,0.0,0.0,0.0
2024-10-14 13:10:00-04:00,30.760000228881836,30.76110076904297,30.760000228881836,30.76110076904297,2000,0.0,0.0,0.0
2024-10-14 13:11:00-04:00,30.764999389648438,30.764999389648438,30.760900497436523,30.760900497436523,991,0.0,0.0,0.0
2024-10-14 13:12:00-04:00,30.768600463867188,30.768600463867188,30.760000228881836,30.764999389648438,2446,0.0,0.0,0.0
2024-10-14 13:13:00-04:00,30.76110076904297,30.764999389648438,30.76110076904297,30.764999389648438,1093,0.0,0.0,0.0
2024-10-14 13:14:00-04:00,30.769899368286133,30.769899368286133,30.764999389648438,30.764999389648438,1740,0.0,0.0,0.0
2024-10-14 13:16:00-04:00,30.760000228881836,30.760000228881836,30.760000228881836,30.760000228881836,100,0.0,0.0,0.0
2024-10-14 13:18:00-04:00,30.765399932861328,30.770000457763672,30.760000228881836,30.764999389648438,3164,0.0,0.0,0.0
2024-10-14 13:19:00-04:00,30.760000228881836,30.760000228881836,30.760000228881836,30.760000228881836,244,0.0,0.0,0.0
2024-10-14 13:21:00-04:00,30.769899368286133,30.769899368286133,30.769899368286133,30.769899368286133,122,0.0,0.0,0.0
2024-10-14 13:25:00-04:00,30.760000228881836,30.760000228881836,30.760000228881836,30.760000228881836,423,0.0,0.0,0.0
2024-10-14 13:26:00-04:00,30.764999389648438,30.770000457763672,30.764999389648438,30.770000457763672,1366,0.0,0.0,0.0
2024-10-14 13:28:00-04:00,30.760099411010742,30.761796951293945,30.760099411010742,30.761796951293945,850,0.0,0.0,0.0
2024-10-14 13:30:00-04:00,30.764999389648438,30.764999389648438,30.764999389648438,30.764999389648438,706,0.0,0.0,0.0
2024-10-14 13:35:00-04:00,30.76099967956543,30.76099967956543,30.76099967956543,30.76099967956543,351,0.0,0.0,0.0
2024-10-14 13:37:00-04:00,30.760000228881836,30.76110076904297,30.760000228881836,30.760000228881836,4128,0.0,0.0,0.0
2024-10-14 13:45:00-04:00,30.764999389648438,30.764999389648438,30.764999389648438,30.764999389648438,202,0.0,0.0,0.0
2024-10-14 13:46:00-04:00,30.764999389648438,30.764999389648438,30.760000228881836,30.760000228881836,460,0.0,0.0,0.0
2024-10-14 13:50:00-04:00,30.76099967956543,30.76099967956543,30.760299682617188,30.76099967956543,2175,0.0,0.0,0.0
2024-10-14 13:52:00-04:00,30.764999389648438,30.764999389648438,30.764999389648438,30.764999389648438,233,0.0,0.0,0.0
2024-10-14 13:55:00-04:00,30.769899368286133,30.769899368286133,30.764999389648438,30.764999389648438,1200,0.0,0.0,0.0
2024-10-14 13:56:00-04:00,30.76110076904297,30.768600463867188,30.760000228881836,30.764999389648438,681,0.0,0.0,0.0
2024-10-14 13:57:00-04:00,30.764999389648438,30.764999389648438,30.764999389648438,30.764999389648438,417,0.0,0.0,0.0
2024-10-14 13:58:00-04:00,30.764999389648438,30.764999389648438,30.764999389648438,30.764999389648438,156,0.0,0.0,0.0
2024-10-14 14:05:00-04:00,30.76099967956543,30.76099967956543,30.760000228881836,30.760000228881836,607,0.0,0.0,0.0
2024-10-14 14:06:00-04:00,30.768600463867188,30.768600463867188,30.768600463867188,30.768600463867188,187,0.0,0.0,0.0
2024-10-14 14:09:00-04:00,30.760000228881836,30.760000228881836,30.760000228881836,30.760000228881836,121,0.0,0.0,0.0
2024-10-14 14:10:00-04:00,30.760000228881836,30.760000228881836,30.760000228881836,30.760000228881836,1012,0.0,0.0,0.0
2024-10-14 14:11:00-04:00,30.764999389648438,30.764999389648438,30.764999389648438,30.764999389648438,100,0.0,0.0,0.0
2024-10-14 14:12:00-04:00,30.760000228881836,30.770000457763672,30.760000228881836,30.764999389648438,2186,0.0,0.0,0.0
2024-10-14 14:13:00-04:00,30.764999389648438,30.764999389648438,30.764999389648438,30.764999389648438,100,0.0,0.0,0.0
2024-10-14 14:14:00-04:00,30.764999389648438,30.764999389648438,30.764999389648438,30.764999389648438,119,0.0,0.0,0.0
2024-10-14 14:15:00-04:00,30.764999389648438,30.764999389648438,30.764999389648438,30.764999389648438,100,0.0,0.0,0.0
2024-10-14 14:16:00-04:00,30.764999389648438,30.764999389648438,30.764999389648438,30.764999389648438,100,0.0,0.0,0.0
2024-10-14 14:19:00-04:00,30.764999389648438,30.764999389648438,30.764999389648438,30.764999389648438,103,0.0,0.0,0.0
2024-10-14 14:20:00-04:00,30.760000228881836,30.760000228881836,30.760000228881836,30.760000228881836,1019,0.0,0.0,0.0
2024-10-14 14:22:00-04:00,30.764999389648438,30.764999389648438,30.764999389648438,30.764999389648438,150,0.0,0.0,0.0
2024-10-14 14:24:00-04:00,30.762699127197266,30.762699127197266,30.762699127197266,30.762699127197266,1400,0.0,0.0,0.0
2024-10-14 14:25:00-04:00,30.764999389648438,30.764999389648438,30.764999389648438,30.764999389648438,805,0.0,0.0,0.0
2024-10-14 14:26:00-04:00,30.764999389648438,30.764999389648438,30.764999389648438,30.764999389648438,100,0.0,0.0,0.0
2024-10-14 14:27:00-04:00,30.760299682617188,30.760299682617188,30.760000228881836,30.760000228881836,395,0.0,0.0,0.0
2024-10-14 14:28:00-04:00,30.764999389648438,30.764999389648438,30.760000228881836,30.760000228881836,433,0.0,0.0,0.0
2024-10-14 14:29:00-04:00,30.760299682617188,30.760299682617188,30.760299682617188,30.760299682617188,358,0.0,0.0,0.0
2024-10-14 14:32:00-04:00,30.764999389648438,30.764999389648438,30.764999389648438,30.764999389648438,176,0.0,0.0,0.0
2024-10-14 14:34:00-04:00,30.762100219726562,30.762100219726562,30.762100219726562,30.762100219726562,382,0.0,0.0,0.0
2024-10-14 14:41:00-04:00,30.760000228881836,30.760000228881836,30.760000228881836,30.760000228881836,3902,0.0,0.0,0.0
2024-10-14 14:42:00-04:00,30.764999389648438,30.764999389648438,30.764999389648438,30.764999389648438,100,0.0,0.0,0.0
2024-10-14 14:43:00-04:00,30.764999389648438,30.764999389648438,30.764999389648438,30.764999389648438,200,0.0,0.0,0.0
2024-10-14 14:44:00-04:00,30.760000228881836,30.760000228881836,30.760000228881836,30.760000228881836,100,0.0,0.0,0.0
2024-10-14 14:45:00-04:00,30.764999389648438,30.764999389648438,30.764999389648438,30.764999389648438,179,0.0,0.0,0.0
2024-10-14 14:49:00-04:00,30.770000457763672,30.770000457763672,30.770000457763672,30.770000457763672,237,0.0,0.0,0.0
2024-10-14 14:52:00-04:00,30.760000228881836,30.760000228881836,30.760000228881836,30.760000228881836,20000,0.0,0.0,0.0
2024-10-14 14:53:00-04:00,30.760000228881836,30.760000228881836,30.760000228881836,30.760000228881836,20000,0.0,0.0,0.0
2024-10-14 14:55:00-04:00,30.764999389648438,30.764999389648438,30.764999389648438,30.764999389648438,433,0.0,0.0,0.0
2024-10-14 14:57:00-04:00,30.761999130249023,30.761999130249023,30.761999130249023,30.761999130249023,280,0.0,0.0,0.0
2024-10-14 14:59:00-04:00,30.76849937438965,30.76849937438965,30.760000228881836,30.76300048828125,5056,0.0,0.0,0.0
2024-10-14 15:00:00-04:00,30.760000228881836,30.764999389648438,30.760000228881836,30.764999389648438,2200,0.0,0.0,0.0
2024-10-14 15:01:00-04:00,30.76099967956543,30.76099967956543,30.76099967956543,30.76099967956543,174,0.0,0.0,0.0
2024-10-14 15:02:00-04:00,30.760000228881836,30.760000228881836,30.760000228881836,30.760000228881836,360,0.0,0.0,0.0
2024-10-14 15:03:00-04:00,30.760000228881836,30.760000228881836,30.760000228881836,30.760000228881836,221,0.0,0.0,0.0
2024-10-14 15:09:00-04:00,30.76110076904297,30.76110076904297,30.76110076904297,30.76110076904297,133,0.0,0.0,0.0
2024-10-14 15:12:00-04:00,30.768600463867188,30.768600463867188,30.768600463867188,30.768600463867188,219,0.0,0.0,0.0
2024-10-14 15:15:00-04:00,30.760299682617188,30.760299682617188,30.760299682617188,30.760299682617188,562,0.0,0.0,0.0
2024-10-14 15:16:00-04:00,30.766599655151367,30.766599655151367,30.766599655151367,30.766599655151367,305,0.0,0.0,0.0
2024-10-14 15:17:00-04:00,30.769899368286133,30.769899368286133,30.761600494384766,30.761600494384766,2863,0.0,0.0,0.0
2024-10-14 15:18:00-04:00,30.764999389648438,30.764999389648438,30.760000228881836,30.760000228881836,441,0.0,0.0,0.0
2024-10-14 15:19:00-04:00,30.767099380493164,30.767099380493164,30.764999389648438,30.764999389648438,2101,0.0,0.0,0.0
2024-10-14 15:20:00-04:00,30.764999389648438,30.764999389648438,30.764999389648438,30.764999389648438,100,0.0,0.0,0.0
2024-10-14 15:21:00-04:00,30.764999389648438,30.764999389648438,30.760000228881836,30.764999389648438,5209,0.0,0.0,0.0
2024-10-14 15:22:00-04:00,30.764999389648438,30.764999389648438,30.760400772094727,30.760400772094727,305,0.0,0.0,0.0
2024-10-14 15:23:00-04:00,30.768600463867188,30.768600463867188,30.764999389648438,30.764999389648438,477,0.0,0.0,0.0
2024-10-14 15:24:00-04:00,30.764999389648438,30.764999389648438,30.764999389648438,30.764999389648438,132,0.0,0.0,0.0
2024-10-14 15:25:00-04:00,30.764999389648438,30.764999389648438,30.76110076904297,30.76110076904297,305,0.0,0.0,0.0
2024-10-14 15:26:00-04:00,30.769899368286133,30.769899368286133,30.760000228881836,30.764999389648438,2700,0.0,0.0,0.0
2024-10-14 15:27:00-04:00,30.764999389648438,30.764999389648438,30.764999389648438,30.764999389648438,100,0.0,0.0,0.0
2024-10-14 15:29:00-04:00,30.764999389648438,30.764999389648438,30.764999389648438,30.764999389648438,492,0.0,0.0,0.0
2024-10-14 15:30:00-04:00,30.764999389648438,30.764999389648438,30.764999389648438,30.764999389648438,200,0.0,0.0,0.0
2024-10-14 15:31:00-04:00,30.764999389648438,30.764999389648438,30.764999389648438,30.764999389648438,116,0.0,0.0,0.0
2024-10-14 15:33:00-04:00,30.764999389648438,30.764999389648438,30.764999389648438,30.764999389648438,150,0.0,0.0,0.0
2024-10-14 15:35:00-04:00,30.766399383544922,30.770000457763672,30.764999389648438,30.764999389648438,51803,0.0,0.0,0.0
2024-10-14 15:36:00-04:00,30.764999389648438,30.764999389648438,30.764999389648438,30.764999389648438,3300,0.0,0.0,0.0
2024-10-14 15:37:00-04:00,30.764999389648438,30.764999389648438,30.764999389648438,30.764999389648438,2203,0.0,0.0,0.0
2024-10-14 15:38:00-04:00,30.764999389648438,30.764999389648438,30.764999389648438,30.764999389648438,900,0.0,0.0,0.0
2024-10-14 15:39:00-04:00,30.760000228881836,30.760000228881836,30.760000228881836,30.760000228881836,800,0.0,0.0,0.0
2024-10-14 15:40:00-04:00,30.764999389648438,30.764999389648438,30.764999389648438,30.764999389648438,200,0.0,0.0,0.0
2024-10-14 15:41:00-04:00,30.764999389648438,30.764999389648438,30.764999389648438,30.764999389648438,203,0.0,0.0,0.0
2024-10-14 15:43:00-04:00,30.764999389648438,30.764999389648438,30.764999389648438,30.764999389648438,216,0.0,0.0,0.0
2024-10-14 15:44:00-04:00,30.764999389648438,30.764999389648438,30.764999389648438,30.764999389648438,100,0.0,0.0,0.0
2024-10-14 15:45:00-04:00,30.768699645996094,30.768699645996094,30.768699645996094,30.768699645996094,7719,0.0,0.0,0.0
2024-10-14 15:46:00-04:00,30.764999389648438,30.764999389648438,30.764999389648438,30.764999389648438,272,0.0,0.0,0.0
2024-10-14 15:47:00-04:00,30.764999389648438,30.764999389648438,30.764999389648438,30.764999389648438,100,0.0,0.0,0.0
2024-10-14 15:48:00-04:00,30.764999389648438,30.764999389648438,30.760799407958984,30.764999389648438,1922,0.0,0.0,0.0
2024-10-14 15:49:00-04:00,30.764999389648438,30.764999389648438,30.764999389648438,30.764999389648438,139,0.0,0.0,0.0
2024-10-14 15:50:00-04:00,30.760299682617188,30.764999389648438,30.760299682617188,30.764999389648438,2803,0.0,0.0,0.0
2024-10-14 15:52:00-04:00,30.760000228881836,30.764999389648438,30.760000228881836,30.764999389648438,732,0.0,0.0,0.0
2024-10-14 15:53:00-04:00,30.764999389648438,30.765884399414062,30.760000228881836,30.765884399414062,2102,0.0,0.0,0.0
2024-10-14 15:54:00-04:00,30.770000457763672,30.770000457763672,30.760000228881836,30.764999389648438,300,0.0,0.0,0.0
2024-10-14 15:55:00-04:00,30.764999389648438,30.764999389648438,30.764999389648438,30.764999389648438,289,0.0,0.0,0.0
2024-10-14 15:56:00-04:00,30.770000457763672,30.770000457763672,30.760099411010742,30.764999389648438,789,0.0,0.0,0.0
2024-10-14 15:57:00-04:00,30.764999389648438,30.764999389648438,30.764999389648438,30.764999389648438,105,0.0,0.0,0.0
2024-10-14 15:58:00-04:00,30.760000228881836,30.76294708251953,30.760000228881836,30.760000228881836,2162,0.0,0.0,0.0
2024-10-14 15:59:00-04:00,30.764999389648438,30.764999389648438,30.760000228881836,30.760000228881836,4091,0.0,0.0,0.0
2024-10-15 09:30:00-04:00,30.770000457763672,30.770000457763672,30.770000457763672,30.770000457763672,15715,0.0,0.0,0.0
2024-10-15 09:32:00-04:00,30.760000228881836,30.760000228881836,30.760000228881836,30.760000228881836,130,0.0,0.0,0.0
2024-10-15 09:33:00-04:00,30.760000228881836,30.760000228881836,30.760000228881836,30.760000228881836,3254,0.0,0.0,0.0
2024-10-15 09:34:00-04:00,30.764999389648438,30.769899368286133,30.764999389648438,30.769899368286133,1671,0.0,0.0,0.0
2024-10-15 09:35:00-04:00,30.760000228881836,30.760000228881836,30.760000228881836,30.760000228881836,117,0.0,0.0,0.0
2024-10-15 09:37:00-04:00,30.760000228881836,30.760000228881836,30.760000228881836,30.760000228881836,100,0.0,0.0,0.0
2024-10-15 09:38:00-04:00,30.760000228881836,30.770000457763672,30.760000228881836,30.770000457763672,210,0.0,0.0,0.0
2024-10-15 09:44:00-04:00,30.76889991760254,30.76889991760254,30.76889991760254,30.76889991760254,155,0.0,0.0,0.0
2024-10-15 09:48:00-04:00,30.760000228881836,30.768999099731445,30.760000228881836,30.768999099731445,3309,0.0,0.0,0.0
2024-10-15 09:50:00-04:00,30.760000228881836,30.760000228881836,30.760000228881836,30.760000228881836,136,0.0,0.0,0.0
2024-10-15 09:51:00-04:00,30.760000228881836,30.760000228881836,30.760000228881836,30.760000228881836,510,0.0,0.0,0.0
2024-10-15 09:52:00-04:00,30.760000228881836,30.760000228881836,30.760000228881836,30.760000228881836,347,0.0,0.0,0.0
2024-10-15 09:59:00-04:00,30.76110076904297,30.76110076904297,30.760000228881836,30.760000228881836,399,0.0,0.0,0.0
2024-10-15 10:02:00-04:00,30.766700744628906,30.766700744628906,30.766700744628906,30.766700744628906,2081,0.0,0.0,0.0
2024-10-15 10:03:00-04:00,30.768800735473633,30.768800735473633,30.768800735473633,30.768800735473633,440,0.0,0.0,0.0
2024-10-15 10:04:00-04:00,30.760000228881836,30.764999389648438,30.760000228881836,30.760000228881836,4751,0.0,0.0,0.0
2024-10-15 10:05:00-04:00,30.768800735473633,30.768800735473633,30.764999389648438,30.764999389648438,1177,0.0,0.0,0.0
2024-10-15 10:06:00-04:00,30.760000228881836,30.760000228881836,30.760000228881836,30.760000228881836,715,0.0,0.0,0.0
2024-10-15 10:07:00-04:00,30.760000228881836,30.764999389648438,30.760000228881836,30.764999389648438,849,0.0,0.0,0.0
2024-10-15 10:08:00-04:00,30.760000228881836,30.760000228881836,30.760000228881836,30.760000228881836,1636,0.0,0.0,0.0
2024-10-15 10:09:00-04:00,30.760000228881836,30.760000228881836,30.760000228881836,30.760000228881836,379,0.0,0.0,0.0
2024-10-15 10:10:00-04:00,30.764999389648438,30.764999389648438,30.760000228881836,30.760000228881836,797,0.0,0.0,0.0
2024-10-15 10:11:00-04:00,30.764999389648438,30.768800735473633,30.760000228881836,30.760000228881836,832,0.0,0.0,0.0
2024-10-15 10:12:00-04:00,30.760799407958984,30.760799407958984,30.760000228881836,30.760000228881836,5673,0.0,0.0,0.0
2024-10-15 10:13:00-04:00,30.764999389648438,30.764999389648438,30.760000228881836,30.760000228881836,200,0.0,0.0,0.0
2024-10-15 10:14:00-04:00,30.760000228881836,30.760000228881836,30.760000228881836,30.760000228881836,300,0.0,0.0,0.0
2024-10-15 10:15:00-04:00,30.760000228881836,30.760000228881836,30.760000228881836,30.760000228881836,355,0.0,0.0,0.0
2024-10-15 10:16:00-04:00,30.764999389648438,30.764999389648438,30.760000228881836,30.760000228881836,384,0.0,0.0,0.0
2024-10-15 10:17:00-04:00,30.760000228881836,30.76219940185547,30.760000228881836,30.76219940185547,526,0.0,0.0,0.0
2024-10-15 10:18:00-04:00,30.760000228881836,30.760099411010742,30.760000228881836,30.760000228881836,992,0.0,0.0,0.0
2024-10-15 10:19:00-04:00,30.760000228881836,30.760000228881836,30.760000228881836,30.760000228881836,204,0.0,0.0,0.0
2024-10-15 10:20:00-04:00,30.760000228881836,30.760000228881836,30.760000228881836,30.760000228881836,147,0.0,0.0,0.0
2024-10-15 10:21:00-04:00,30.760000228881836,30.770000457763672,30.760000228881836,30.769899368286133,486,0.0,0.0,0.0
2024-10-15 10:22:00-04:00,30.760000228881836,30.760000228881836,30.760000228881836,30.760000228881836,936,0.0,0.0,0.0
2024-10-15 10:23:00-04:00,30.760000228881836,30.760000228881836,30.760000228881836,30.760000228881836,205,0.0,0.0,0.0
2024-10-15 10:24:00-04:00,30.760000228881836,30.760000228881836,30.760000228881836,30.760000228881836,100,0.0,0.0,0.0
2024-10-15 10:25:00-04:00,30.760000228881836,30.760000228881836,30.760000228881836,30.760000228881836,220,0.0,0.0,0.0
2024-10-15 10:27:00-04:00,30.760499954223633,30.760499954223633,30.760499954223633,30.760499954223633,538,0.0,0.0,0.0
2024-10-15 10:28:00-04:00,30.76020050048828,30.770000457763672,30.76020050048828,30.768699645996094,2514,0.0,0.0,0.0
2024-10-15 10:30:00-04:00,30.760000228881836,30.760000228881836,30.760000228881836,30.760000228881836,201,0.0,0.0,0.0
2024-10-15 10:31:00-04:00,30.760000228881836,30.760000228881836,30.760000228881836,30.760000228881836,447,0.0,0.0,0.0
2024-10-15 10:32:00-04:00,30.760000228881836,30.760000228881836,30.760000228881836,30.760000228881836,171,0.0,0.0,0.0
2024-10-15 10:33:00-04:00,30.768600463867188,30.768600463867188,30.768600463867188,30.768600463867188,1000,0.0,0.0,0.0
2024-10-15 10:34:00-04:00,30.760000228881836,30.760099411010742,30.760000228881836,30.760099411010742,562,0.0,0.0,0.0
2024-10-15 10:35:00-04:00,30.760000228881836,30.764999389648438,30.760000228881836,30.760700225830078,1098,0.0,0.0,0.0
2024-10-15 10:36:00-04:00,30.760499954223633,30.760499954223633,30.760000228881836,30.760000228881836,783,0.0,0.0,0.0
2024-10-15 10:37:00-04:00,30.760000228881836,30.764999389648438,30.760000228881836,30.760000228881836,905,0.0,0.0,0.0
2024-10-15 10:38:00-04:00,30.760000228881836,30.760000228881836,30.7549991607666,30.7549991607666,3918,0.0,0.0,0.0
2024-10-15 10:39:00-04:00,30.75,30.75,30.75,30.75,200,0.0,0.0,0.0
2024-10-15 10:40:00-04:00,30.75,30.75,30.75,30.75,200,0.0,0.0,0.0
2024-10-15 10:41:00-04:00,30.75,30.760000228881836,30.75,30.7549991607666,91415,0.0,0.0,0.0
2024-10-15 10:42:00-04:00,30.7549991607666,30.7549991607666,30.7549991607666,30.7549991607666,100,0.0,0.0,0.0
2024-10-15 10:43:00-04:00,30.7549991607666,30.760000228881836,30.7549991607666,30.7549991607666,869,0.0,0.0,0.0
2024-10-15 10:44:00-04:00,30.753999710083008,30.753999710083008,30.75,30.75,1528,0.0,0.0,0.0
2024-10-15 10:45:00-04:00,30.7549991607666,30.758800506591797,30.7549991607666,30.7549991607666,850,0.0,0.0,0.0
2024-10-15 10:46:00-04:00,30.759899139404297,30.759899139404297,30.7549991607666,30.7549991607666,521,0.0,0.0,0.0
2024-10-15 10:47:00-04:00,30.7549991607666,30.7549991607666,30.7549991607666,30.7549991607666,510,0.0,0.0,0.0
2024-10-15 10:48:00-04:00,30.7549991607666,30.7549991607666,30.7549991607666,30.7549991607666,400,0.0,0.0,0.0
2024-10-15 10:49:00-04:00,30.7549991607666,30.760000228881836,30.7549991607666,30.7549991607666,970,0.0,0.0,0.0
2024-10-15 10:50:00-04:00,30.7549991607666,30.7549991607666,30.7549991607666,30.7549991607666,400,0.0,0.0,0.0
2024-10-15 10:51:00-04:00,30.7549991607666,30.7549991607666,30.7549991607666,30.7549991607666,500,0.0,0.0,0.0
2024-10-15 10:52:00-04:00,30.7549991607666,30.7549991607666,30.7549991607666,30.7549991607666,501,0.0,0.0,0.0
2024-10-15 10:53:00-04:00,30.7549991607666,30.7549991607666,30.7549991607666,30.7549991607666,300,0.0,0.0,0.0
2024-10-15 10:54:00-04:00,30.7549991607666,30.760000228881836,30.75,30.7549991607666,903,0.0,0.0,0.0
2024-10-15 10:55:00-04:00,30.75,30.75,30.75,30.75,700,0.0,0.0,0.0
2024-10-15 10:56:00-04:00,30.7549991607666,30.760000228881836,30.754587173461914,30.754587173461914,939,0.0,0.0,0.0
2024-10-15 10:57:00-04:00,30.75,30.75,30.75,30.75,500,0.0,0.0,0.0
2024-10-15 10:58:00-04:00,30.7549991607666,30.7549991607666,30.7549991607666,30.7549991607666,316,0.0,0.0,0.0
2024-10-15 10:59:00-04:00,30.760000228881836,30.760000228881836,30.75,30.75,632,0.0,0.0,0.0
2024-10-15 11:00:00-04:00,30.75,30.750099182128906,30.75,30.75,468,0.0,0.0,0.0
2024-10-15 11:01:00-04:00,30.75,30.7549991607666,30.75,30.75,720,0.0,0.0,0.0
2024-10-15 11:02:00-04:00,30.75,30.750099182128906,30.75,30.75,1004,0.0,0.0,0.0
2024-10-15 11:03:00-04:00,30.75,30.753599166870117,30.75,30.75,878,0.0,0.0,0.0
2024-10-15 11:04:00-04:00,30.75,30.75,30.75,30.75,304,0.0,0.0,0.0
2024-10-15 11:05:00-04:00,30.75,30.7549991607666,30.75,30.7549991607666,6944,0.0,0.0,0.0
2024-10-15 11:06:00-04:00,30.75,30.75,30.75,30.75,456,0.0,0.0,0.0
2024-10-15 11:07:00-04:00,30.75,30.751100540161133,30.75,30.751100540161133,870,0.0,0.0,0.0
2024-10-15 11:08:00-04:00,30.75,30.760000228881836,30.75,30.75,1350,0.0,0.0,0.0
2024-10-15 11:09:00-04:00,30.75,30.75,30.75,30.75,116,0.0,0.0,0.0
2024-10-15 11:10:00-04:00,30.75,30.75,30.75,30.75,323,0.0,0.0,0.0
2024-10-15 11:11:00-04:00,30.75,30.7549991607666,30.75,30.7549991607666,200,0.0,0.0,0.0
2024-10-15 11:12:00-04:00,30.75,30.75,30.75,30.75,345,0.0,0.0,0.0
2024-10-15 11:13:00-04:00,30.75,30.75,30.75,30.75,300,0.0,0.0,0.0
2024-10-15 11:14:00-04:00,30.758699417114258,30.758699417114258,30.75,30.75,601,0.0,0.0,0.0
2024-10-15 11:15:00-04:00,30.75,30.75,30.75,30.75,200,0.0,0.0,0.0
2024-10-15 11:16:00-04:00,30.75,30.75,30.75,30.75,500,0.0,0.0,0.0
2024-10-15 11:17:00-04:00,30.75,30.75,30.75,30.75,100,0.0,0.0,0.0
2024-10-15 11:18:00-04:00,30.75,30.750999450683594,30.75,30.75,571,0.0,0.0,0.0
2024-10-15 11:19:00-04:00,30.75,30.75,30.75,30.75,100,0.0,0.0,0.0
2024-10-15 11:20:00-04:00,30.75,30.75,30.75,30.75,100,0.0,0.0,0.0
2024-10-15 11:21:00-04:00,30.75,30.7549991607666,30.75,30.7549991607666,306,0.0,0.0,0.0
2024-10-15 11:22:00-04:00,30.75,30.7549991607666,30.75,30.75,369,0.0,0.0,0.0
2024-10-15 11:23:00-04:00,30.7549991607666,30.760000228881836,30.7549991607666,30.760000228881836,313,0.0,0.0,0.0
2024-10-15 11:24:00-04:00,30.7549991607666,30.7549991607666,30.7549991607666,30.7549991607666,100,0.0,0.0,0.0
2024-10-15 11:25:00-04:00,30.75,30.753999710083008,30.75,30.753999710083008,400,0.0,0.0,0.0
2024-10-15 11:26:00-04:00,30.7549991607666,30.7549991607666,30.7549991607666,30.7549991607666,200,0.0,0.0,0.0
2024-10-15 11:27:00-04:00,30.75469970703125,30.7549991607666,30.75,30.7549991607666,620,0.0,0.0,0.0
2024-10-15 11:28:00-04:00,30.7549991607666,30.7549991607666,30.75,30.75,217,0.0,0.0,0.0
2024-10-15 11:29:00-04:00,30.7549991607666,30.7549991607666,30.7549991607666,30.7549991607666,100,0.0,0.0,0.0
2024-10-15 11:30:00-04:00,30.75,30.7549991607666,30.75,30.7549991607666,208,0.0,0.0,0.0
2024-10-15 11:31:00-04:00,30.75,30.75,30.75,30.75,238,0.0,0.0,0.0
2024-10-15 11:32:00-04:00,30.75,30.75,30.75,30.75,100,0.0,0.0,0.0
2024-10-15 11:33:00-04:00,30.75,30.75,30.75,30.75,100,0.0,0.0,0.0
2024-10-15 11:35:00-04:00,30.75,30.760000228881836,30.75,30.760000228881836,576,0.0,0.0,0.0
2024-10-15 11:36:00-04:00,30.75,30.75,30.75,30.75,109,0.0,0.0,0.0
2024-10-15 11:37:00-04:00,30.750099182128906,30.750099182128906,30.75,30.75,307,0.0,0.0,0.0
2024-10-15 11:38:00-04:00,30.75,30.75,30.75,30.75,143,0.0,0.0,0.0
2024-10-15 11:39:00-04:00,30.75,30.75,30.75,30.75,417,0.0,0.0,0.0
2024-10-15 11:40:00-04:00,30.7549991607666,30.7549991607666,30.75,30.7549991607666,1400,0.0,0.0,0.0
2024-10-15 11:41:00-04:00,30.7549991607666,30.7549991607666,30.75,30.7549991607666,1595,0.0,0.0,0.0
2024-10-15 11:42:00-04:00,30.7549991607666,30.7549991607666,30.7549991607666,30.7549991607666,142,0.0,0.0,0.0
2024-10-15 11:43:00-04:00,30.75,30.75,30.75,30.75,100,0.0,0.0,0.0
2024-10-15 11:44:00-04:00,30.760000228881836,30.760000228881836,30.75,30.75,520,0.0,0.0,0.0
2024-10-15 11:46:00-04:00,30.75,30.75,30.75,30.75,921,0.0,0.0,0.0
2024-10-15 11:47:00-04:00,30.7549991607666,30.7549991607666,30.75,30.75,777,0.0,0.0,0.0
2024-10-15 11:48:00-04:00,30.759899139404297,30.759899139404297,30.758699417114258,30.758699417114258,866,0.0,0.0,0.0
2024-10-15 11:49:00-04:00,30.75,30.75,30.75,30.75,164,0.0,0.0,0.0
2024-10-15 11:50:00-04:00,30.75,30.75,30.75,30.75,107,0.0,0.0,0.0
2024-10-15 11:51:00-04:00,30.75,30.760000228881836,30.75,30.7549991607666,1175,0.0,0.0,0.0
2024-10-15 11:52:00-04:00,30.75,30.75,30.75,30.75,134,0.0,0.0,0.0
2024-10-15 11:53:00-04:00,30.75,30.75,30.75,30.75,100,0.0,0.0,0.0
2024-10-15 11:54:00-04:00,30.75429916381836,30.75429916381836,30.75429916381836,30.75429916381836,460,0.0,0.0,0.0
2024-10-15 11:55:00-04:00,30.75119972229004,30.75119972229004,30.75,30.75,250,0.0,0.0,0.0
2024-10-15 11:56:00-04:00,30.75,30.75,30.75,30.75,100,0.0,0.0,0.0
2024-10-15 11:57:00-04:00,30.75429916381836,30.75429916381836,30.75429916381836,30.75429916381836,480,0.0,0.0,0.0
2024-10-15 11:58:00-04:00,30.755300521850586,30.760000228881836,30.75,30.75,600,0.0,0.0,0.0
2024-10-15 11:59:00-04:00,30.7549991607666,30.7549991607666,30.75,30.75,852,0.0,0.0,0.0
2024-10-15 12:00:00-04:00,30.758800506591797,30.758800506591797,30.758800506591797,30.758800506591797,2380,0.0,0.0,0.0
2024-10-15 12:01:00-04:00,30.75,30.75,30.75,30.75,163,0.0,0.0,0.0
2024-10-15 12:02:00-04:00,30.75029945373535,30.75029945373535,30.75029945373535,30.75029945373535,2280,0.0,0.0,0.0
2024-10-15 12:03:00-04:00,30.75,30.7549991607666,30.75,30.7549991607666,1751,0.0,0.0,0.0
2024-10-15 12:04:00-04:00,30.7549991607666,30.7549991607666,30.7549991607666,30.7549991607666,100,0.0,0.0,0.0
2024-10-15 12:05:00-04:00,30.75,30.75,30.75,30.75,100,0.0,0.0,0.0
2024-10-15 12:06:00-04:00,30.750099182128906,30.758699417114258,30.750099182128906,30.758699417114258,2224,0.0,0.0,0.0
2024-10-15 12:07:00-04:00,30.75390625,30.7549991607666,30.75390625,30.7549991607666,520,0.0,0.0,0.0
2024-10-15 12:08:00-04:00,30.7549991607666,30.760000228881836,30.7549991607666,30.760000228881836,200,0.0,0.0,0.0
2024-10-15 12:09:00-04:00,30.7549991607666,30.760000228881836,30.7549991607666,30.760000228881836,244,0.0,0.0,0.0
2024-10-15 12:10:00-04:00,30.75510025024414,30.75510025024414,30.75510025024414,30.75510025024414,244,0.0,0.0,0.0
2024-10-15 12:11:00-04:00,30.75,30.75,30.75,30.75,505,0.0,0.0,0.0
2024-10-15 12:12:00-04:00,30.75,30.75,30.75,30.75,100,0.0,0.0,0.0
2024-10-15 12:14:00-04:00,30.7549991607666,30.7549991607666,30.75,30.75,505,0.0,0.0,0.0
2024-10-15 12:15:00-04:00,30.753400802612305,30.7549991607666,30.753400802612305,30.7549991607666,911,0.0,0.0,0.0
2024-10-15 12:16:00-04:00,30.7549991607666,30.7549991607666,30.7549991607666,30.7549991607666,100,0.0,0.0,0.0
2024-10-15 12:17:00-04:00,30.75,30.75,30.75,30.75,203,0.0,0.0,0.0
2024-10-15 12:19:00-04:00,30.7549991607666,30.760000228881836,30.7549991607666,30.760000228881836,1764,0.0,0.0,0.0
2024-10-15 12:20:00-04:00,30.7549991607666,30.7549991607666,30.7549991607666,30.7549991607666,188,0.0,0.0,0.0
2024-10-15 12:22:00-04:00,30.7549991607666,30.7549991607666,30.753599166870117,30.753599166870117,968,0.0,0.0,0.0
2024-10-15 12:24:00-04:00,30.7549991607666,30.7549991607666,30.7549991607666,30.7549991607666,173,0.0,0.0,0.0
2024-10-15 12:25:00-04:00,30.7549991607666,30.7549991607666,30.7549991607666,30.7549991607666,149,0.0,0.0,0.0
2024-10-15 12:26:00-04:00,30.760000228881836,30.760000228881836,30.7549991607666,30.7549991607666,514,0.0,0.0,0.0
2024-10-15 12:27:00-04:00,30.760000228881836,30.760000228881836,30.7549991607666,30.7549991607666,1031,0.0,0.0,0.0
2024-10-15 12:29:00-04:00,30.7549991607666,30.758699417114258,30.7549991607666,30.758699417114258,235,0.0,0.0,0.0
2024-10-15 12:30:00-04:00,30.75119972229004,30.760000228881836,30.75,30.7549991607666,2386,0.0,0.0,0.0
2024-10-15 12:31:00-04:00,30.7549991607666,30.7549991607666,30.7549991607666,30.7549991607666,1038,0.0,0.0,0.0
2024-10-15 12:32:00-04:00,30.7549991607666,30.7549991607666,30.7549991607666,30.7549991607666,149,0.0,0.0,0.0
2024-10-15 12:34:00-04:00,30.7549991607666,30.7549991607666,30.7549991607666,30.7549991607666,198,0.0,0.0,0.0
2024-10-15 12:36:00-04:00,30.7549991607666,30.7549991607666,30.7549991607666,30.7549991607666,100,0.0,0.0,0.0
2024-10-15 12:37:00-04:00,30.7549991607666,30.75670051574707,30.7549991607666,30.75670051574707,907,0.0,0.0,0.0
2024-10-15 12:38:00-04:00,30.7549991607666,30.7549991607666,30.7549991607666,30.7549991607666,100,0.0,0.0,0.0
2024-10-15 12:40:00-04:00,30.7549991607666,30.7549991607666,30.7549991607666,30.7549991607666,245,0.0,0.0,0.0
2024-10-15 12:41:00-04:00,30.7549991607666,30.7549991607666,30.7549991607666,30.7549991607666,121,0.0,0.0,0.0
2024-10-15 12:43:00-04:00,30.75,30.75,30.75,30.75,100,0.0,0.0,0.0
2024-10-15 12:45:00-04:00,30.7549991607666,30.7549991607666,30.7549991607666,30.7549991607666,100,0.0,0.0,0.0
2024-10-15 12:47:00-04:00,30.7549991607666,30.7549991607666,30.75119972229004,30.75119972229004,405,0.0,0.0,0.0
2024-10-15 12:48:00-04:00,30.7549991607666,30.7549991607666,30.75,30.75,250,0.0,0.0,0.0
2024-10-15 12:50:00-04:00,30.75,30.75,30.75,30.75,100,0.0,0.0,0.0
2024-10-15 12:51:00-04:00,30.7549991607666,30.7549991607666,30.7549991607666,30.7549991607666,126,0.0,0.0,0.0
2024-10-15 12:52:00-04:00,30.75,30.75,30.75,30.75,170,0.0,0.0,0.0
2024-10-15 12:53:00-04:00,30.758699417114258,30.758699417114258,30.7549991607666,30.7549991607666,2487,0.0,0.0,0.0
2024-10-15 12:54:00-04:00,30.75,30.75,30.75,30.75,725,0.0,0.0,0.0
2024-10-15 12:56:00-04:00,30.75,30.75,30.75,30.75,100,0.0,0.0,0.0
2024-10-15 12:57:00-04:00,30.7549991607666,30.7549991607666,30.7549991607666,30.7549991607666,583,0.0,0.0,0.0
2024-10-15 12:58:00-04:00,30.75,30.75,30.75,30.75,734,0.0,0.0,0.0
2024-10-15 13:00:00-04:00,30.75,30.75,30.75,30.75,100,0.0,0.0,0.0
2024-10-15 13:02:00-04:00,30.75,30.75,30.75,30.75,144,0.0,0.0,0.0
2024-10-15 13:04:00-04:00,30.75,30.7549991607666,30.75,30.7549991607666,283,0.0,0.0,0.0
2024-10-15 13:05:00-04:00,30.75119972229004,30.759700775146484,30.75119972229004,30.759700775146484,1517,0.0,0.0,0.0
2024-10-15 13:06:00-04:00,30.75,30.7549991607666,30.75,30.7549991607666,396,0.0,0.0,0.0
2024-10-15 13:08:00-04:00,30.75,30.75,30.75,30.75,100,0.0,0.0,0.0
2024-10-15 13:09:00-04:00,30.75119972229004,30.75119972229004,30.75,30.75,323,0.0,0.0,0.0
2024-10-15 13:11:00-04:00,30.7549991607666,30.7549991607666,30.7549991607666,30.7549991607666,197,0.0,0.0,0.0
2024-10-15 13:16:00-04:00,30.75119972229004,30.75119972229004,30.75119972229004,30.75119972229004,158,0.0,0.0,0.0
2024-10-15 13:17:00-04:00,30.7549991607666,30.7549991607666,30.75200080871582,30.75200080871582,521,0.0,0.0,0.0
2024-10-15 13:19:00-04:00,30.75,30.75,30.75,30.75,3226,0.0,0.0,0.0
2024-10-15 13:20:00-04:00,30.760000228881836,30.760000228881836,30.760000228881836,30.760000228881836,234,0.0,0.0,0.0
2024-10-15 13:23:00-04:00,30.75,30.760000228881836,30.75,30.760000228881836,490,0.0,0.0,0.0
2024-10-15 13:25:00-04:00,30.75,30.75,30.75,30.75,135,0.0,0.0,0.0
2024-10-15 13:28:00-04:00,30.75429916381836,30.75429916381836,30.75429916381836,30.75429916381836,452,0.0,0.0,0.0
2024-10-15 13:30:00-04:00,30.7549991607666,30.7549991607666,30.7549991607666,30.7549991607666,125,0.0,0.0,0.0
2024-10-15 13:33:00-04:00,30.75,30.760000228881836,30.75,30.760000228881836,1871,0.0,0.0,0.0
2024-10-15 13:36:00-04:00,30.75,30.75,30.75,30.75,197,0.0,0.0,0.0
2024-10-15 13:37:00-04:00,30.756999969482422,30.756999969482422,30.756999969482422,30.756999969482422,3251,0.0,0.0,0.0
2024-10-15 13:38:00-04:00,30.75119972229004,30.75119972229004,30.75119972229004,30.75119972229004,472,0.0,0.0,0.0
2024-10-15 13:40:00-04:00,30.75,30.75,30.75,30.75,100,0.0,0.0,0.0
2024-10-15 13:41:00-04:00,30.750099182128906,30.750099182128906,30.750099182128906,30.750099182128906,652,0.0,0.0,0.0
2024-10-15 13:42:00-04:00,30.75,30.75,30.75,30.75,100,0.0,0.0,0.0
2024-10-15 13:43:00-04:00,30.7549991607666,30.7549991607666,30.7549991607666,30.7549991607666,300,0.0,0.0,0.0
2024-10-15 13:44:00-04:00,30.75119972229004,30.75119972229004,30.75,30.75,338,0.0,0.0,0.0
2024-10-15 13:45:00-04:00,30.7549991607666,30.7549991607666,30.75200080871582,30.7549991607666,6228,0.0,0.0,0.0
2024-10-15 13:47:00-04:00,30.7549991607666,30.7549991607666,30.75,30.75,1322,0.0,0.0,0.0
2024-10-15 13:48:00-04:00,30.75,30.7549991607666,30.75,30.75,7167,0.0,0.0,0.0
2024-10-15 13:49:00-04:00,30.7549991607666,30.760000228881836,30.75,30.75,81346,0.0,0.0,0.0
2024-10-15 13:50:00-04:00,30.7549991607666,30.7549991607666,30.75,30.75,225,0.0,0.0,0.0
2024-10-15 13:51:00-04:00,30.751100540161133,30.751100540161133,30.751100540161133,30.751100540161133,244,0.0,0.0,0.0
2024-10-15 13:53:00-04:00,30.75,30.75,30.75,30.75,411,0.0,0.0,0.0
2024-10-15 13:55:00-04:00,30.75119972229004,30.75119972229004,30.75,30.75,1103,0.0,0.0,0.0
2024-10-15 13:56:00-04:00,30.75119972229004,30.75119972229004,30.75119972229004,30.75119972229004,144,0.0,0.0,0.0
2024-10-15 13:57:00-04:00,30.75,30.75718879699707,30.75,30.75718879699707,1020,0.0,0.0,0.0
2024-10-15 13:58:00-04:00,30.75119972229004,30.75119972229004,30.75119972229004,30.75119972229004,115,0.0,0.0,0.0
2024-10-15 13:59:00-04:00,30.75,30.75469970703125,30.75,30.75,411,0.0,0.0,0.0
2024-10-15 14:00:00-04:00,30.75749969482422,30.75749969482422,30.75,30.75,217,0.0,0.0,0.0
2024-10-15 14:01:00-04:00,30.7549991607666,30.7549991607666,30.7549991607666,30.7549991607666,487,0.0,0.0,0.0
2024-10-15 14:02:00-04:00,30.75,30.75119972229004,30.75,30.75119972229004,1420,0.0,0.0,0.0
2024-10-15 14:03:00-04:00,30.75589942932129,30.75589942932129,30.75,30.75,219,0.0,0.0,0.0
2024-10-15 14:04:00-04:00,30.75,30.75,30.75,30.75,194,0.0,0.0,0.0
2024-10-15 14:06:00-04:00,30.75,30.75,30.75,30.75,100,0.0,0.0,0.0
2024-10-15 14:07:00-04:00,30.75,30.75,30.75,30.75,100,0.0,0.0,0.0
2024-10-15 14:08:00-04:00,30.75,30.75,30.75,30.75,193,0.0,0.0,0.0
2024-10-15 14:10:00-04:00,30.750099182128906,30.750099182128906,30.75,30.75,2176,0.0,0.0,0.0
2024-10-15 14:11:00-04:00,30.7549991607666,30.7549991607666,30.75,30.75,2000,0.0,0.0,0.0
2024-10-15 14:12:00-04:00,30.75,30.75,30.75,30.75,106,0.0,0.0,0.0
2024-10-15 14:13:00-04:00,30.75,30.75,30.75,30.75,100,0.0,0.0,0.0
2024-10-15 14:14:00-04:00,30.758699417114258,30.758699417114258,30.758699417114258,30.758699417114258,158,0.0,0.0,0.0
2024-10-15 14:15:00-04:00,30.75,30.75,30.75,30.75,100,0.0,0.0,0.0
2024-10-15 14:16:00-04:00,30.75,30.75,30.75,30.75,100,0.0,0.0,0.0
2024-10-15 14:17:00-04:00,30.75,30.75,30.75,30.75,100,0.0,0.0,0.0
2024-10-15 14:19:00-04:00,30.75,30.75,30.75,30.75,150,0.0,0.0,0.0
2024-10-15 14:20:00-04:00,30.750099182128906,30.750099182128906,30.75,30.75,315,0.0,0.0,0.0
2024-10-15 14:22:00-04:00,30.75,30.75,30.75,30.75,185,0.0,0.0,0.0
2024-10-15 14:24:00-04:00,30.751300811767578,30.751300811767578,30.751300811767578,30.751300811767578,119,0.0,0.0,0.0
2024-10-15 14:25:00-04:00,30.760000228881836,30.760000228881836,30.760000228881836,30.760000228881836,452,0.0,0.0,0.0
2024-10-15 14:30:00-04:00,30.7549991607666,30.7549991607666,30.7549991607666,30.7549991607666,283,0.0,0.0,0.0
2024-10-15 14:31:00-04:00,30.756500244140625,30.756500244140625,30.756500244140625,30.756500244140625,778,0.0,0.0,0.0
2024-10-15 14:33:00-04:00,30.75,30.75,30.75,30.75,100,0.0,0.0,0.0
2024-10-15 14:34:00-04:00,30.75079917907715,30.7549991607666,30.75079917907715,30.7549991607666,6356,0.0,0.0,0.0
2024-10-15 14:37:00-04:00,30.75,30.752500534057617,30.75,30.752500534057617,329,0.0,0.0,0.0
2024-10-15 14:38:00-04:00,30.756000518798828,30.756000518798828,30.75,30.75,589,0.0,0.0,0.0
2024-10-15 14:39:00-04:00,30.75,30.75,30.75,30.75,100,0.0,0.0,0.0
2024-10-15 14:41:00-04:00,30.75,30.7549991607666,30.75,30.7549991607666,370,0.0,0.0,0.0
2024-10-15 14:42:00-04:00,30.758699417114258,30.758699417114258,30.758699417114258,30.758699417114258,163,0.0,0.0,0.0
2024-10-15 14:43:00-04:00,30.750099182128906,30.750099182128906,30.750099182128906,30.750099182128906,1297,0.0,0.0,0.0
2024-10-15 14:44:00-04:00,30.75,30.75,30.75,30.75,149,0.0,0.0,0.0
2024-10-15 14:46:00-04:00,30.7549991607666,30.7549991607666,30.7549991607666,30.7549991607666,1671,0.0,0.0,0.0
2024-10-15 14:47:00-04:00,30.75749969482422,30.75749969482422,30.75749969482422,30.75749969482422,223,0.0,0.0,0.0
2024-10-15 14:49:00-04:00,30.75,30.7549991607666,30.75,30.7549991607666,775,0.0,0.0,0.0
2024-10-15 14:50:00-04:00,30.75,30.758699417114258,30.75,30.758699417114258,501,0.0,0.0,0.0
2024-10-15 14:57:00-04:00,30.7549991607666,30.7549991607666,30.7549991607666,30.7549991607666,100,0.0,0.0,0.0
2024-10-15 14:58:00-04:00,30.7549991607666,30.760000228881836,30.7549991607666,30.758899688720703,7316,0.0,0.0,0.0
2024-10-15 15:01:00-04:00,30.753999710083008,30.753999710083008,30.75,30.75,519,0.0,0.0,0.0
2024-10-15 15:03:00-04:00,30.752899169921875,30.752899169921875,30.75,30.75,336,0.0,0.0,0.0
2024-10-15 15:05:00-04:00,30.75,30.75,30.75,30.75,100,0.0,0.0,0.0
2024-10-15 15:06:00-04:00,30.7549991607666,30.760000228881836,30.7549991607666,30.760000228881836,1456,0.0,0.0,0.0
2024-10-15 15:08:00-04:00,30.756000518798828,30.756000518798828,30.75,30.75119972229004,1361,0.0,0.0,0.0
2024-10-15 15:09:00-04:00,30.757299423217773,30.759899139404297,30.7549991607666,30.7549991607666,1079,0.0,0.0,0.0
2024-10-15 15:10:00-04:00,30.758899688720703,30.758899688720703,30.75,30.75,2604,0.0,0.0,0.0
2024-10-15 15:13:00-04:00,30.75,30.75,30.75,30.75,219,0.0,0.0,0.0
2024-10-15 15:14:00-04:00,30.760000228881836,30.760000228881836,30.760000228881836,30.760000228881836,510,0.0,0.0,0.0
2024-10-15 15:15:00-04:00,30.75349998474121,30.75349998474121,30.75349998474121,30.75349998474121,206,0.0,0.0,0.0
2024-10-15 15:17:00-04:00,30.756000518798828,30.756000518798828,30.756000518798828,30.756000518798828,316,0.0,0.0,0.0
2024-10-15 15:20:00-04:00,30.759899139404297,30.759899139404297,30.7549991607666,30.7549991607666,2330,0.0,0.0,0.0
2024-10-15 15:21:00-04:00,30.75119972229004,30.760000228881836,30.75,30.75,4635,0.0,0.0,0.0
2024-10-15 15:23:00-04:00,30.750200271606445,30.750200271606445,30.750200271606445,30.750200271606445,7602,0.0,0.0,0.0
2024-10-15 15:25:00-04:00,30.75,30.75,30.75,30.75,200,0.0,0.0,0.0
2024-10-15 15:27:00-04:00,30.75469970703125,30.75469970703125,30.75,30.75,1436,0.0,0.0,0.0
2024-10-15 15:29:00-04:00,30.75,30.7549991607666,30.75,30.7549991607666,300,0.0,0.0,0.0
2024-10-15 15:30:00-04:00,30.7549991607666,30.760000228881836,30.7549991607666,30.760000228881836,3849,0.0,0.0,0.0
2024-10-15 15:31:00-04:00,30.7549991607666,30.7549991607666,30.75,30.75,800,0.0,0.0,0.0
2024-10-15 15:32:00-04:00,30.7562198638916,30.7562198638916,30.7562198638916,30.7562198638916,872,0.0,0.0,0.0
2024-10-15 15:33:00-04:00,30.75,30.752399444580078,30.75,30.752399444580078,1583,0.0,0.0,0.0
2024-10-15 15:34:00-04:00,30.751300811767578,30.751300811767578,30.751300811767578,30.751300811767578,125,0.0,0.0,0.0
2024-10-15 15:35:00-04:00,30.7549991607666,30.758800506591797,30.75,30.758800506591797,578,0.0,0.0,0.0
2024-10-15 15:36:00-04:00,30.755199432373047,30.755199432373047,30.7549991607666,30.7549991607666,282,0.0,0.0,0.0
2024-10-15 15:38:00-04:00,30.7549991607666,30.7549991607666,30.75,30.75,851,0.0,0.0,0.0
2024-10-15 15:39:00-04:00,30.760000228881836,30.760000228881836,30.760000228881836,30.760000228881836,1496,0.0,0.0,0.0
2024-10-15 15:41:00-04:00,30.75,30.75,30.75,30.75,217,0.0,0.0,0.0
2024-10-15 15:42:00-04:00,30.7549991607666,30.7549991607666,30.7549991607666,30.7549991607666,922,0.0,0.0,0.0
2024-10-15 15:43:00-04:00,30.7549991607666,30.7549991607666,30.729999542236328,30.75,94572,0.0,0.0,0.0
2024-10-15 15:44:00-04:00,30.7549991607666,30.7549991607666,30.7549991607666,30.7549991607666,757,0.0,0.0,0.0
2024-10-15 15:45:00-04:00,30.75029945373535,30.7549991607666,30.75029945373535,30.751300811767578,16832,0.0,0.0,0.0
2024-10-15 15:46:00-04:00,30.751300811767578,30.7549991607666,30.75,30.751300811767578,42807,0.0,0.0,0.0
2024-10-15 15:47:00-04:00,30.750900268554688,30.75860023498535,30.75,30.75860023498535,8007,0.0,0.0,0.0
2024-10-15 15:48:00-04:00,30.759899139404297,30.759899139404297,30.75,30.7549991607666,9344,0.0,0.0,0.0
2024-10-15 15:49:00-04:00,30.750099182128906,30.750099182128906,30.750099182128906,30.750099182128906,163,0.0,0.0,0.0
2024-10-15 15:50:00-04:00,30.7549991607666,30.7549991607666,30.75,30.7549991607666,1510,0.0,0.0,0.0
2024-10-15 15:52:00-04:00,30.75,30.7549991607666,30.75,30.7549991607666,1010,0.0,0.0,0.0
2024-10-15 15:53:00-04:00,30.75,30.75,30.75,30.75,805,0.0,0.0,0.0
2024-10-15 15:54:00-04:00,30.751300811767578,30.760000228881836,30.751300811767578,30.751300811767578,420,0.0,0.0,0.0
2024-10-15 15:55:00-04:00,30.75860023498535,30.75860023498535,30.75,30.75,1255,0.0,0.0,0.0
2024-10-15 15:57:00-04:00,30.75,30.7549991607666,30.75,30.754899978637695,5482,0.0,0.0,0.0
2024-10-15 15:58:00-04:00,30.75,30.7549991607666,30.75,30.75,4200,0.0,0.0,0.0
2024-10-15 15:59:00-04:00,30.7549991607666,30.760000228881836,30.75,30.760000228881836,25818,0.0,0.0,0.0
2024-10-16 09:30:00-04:00,30.75,30.760000228881836,30.75,30.760000228881836,6265,0.0,0.0,0.0
2024-10-16 09:31:00-04:00,30.760000228881836,30.760000228881836,30.760000228881836,30.760000228881836,1178,0.0,0.0,0.0
2024-10-16 09:32:00-04:00,30.760000228881836,30.760000228881836,30.755599975585938,30.755599975585938,1360,0.0,0.0,0.0
2024-10-16 09:33:00-04:00,30.7549991607666,30.7549991607666,30.7549991607666,30.7549991607666,322,0.0,0.0,0.0
2024-10-16 09:34:00-04:00,30.760000228881836,30.760000228881836,30.760000228881836,30.760000228881836,100,0.0,0.0,0.0
2024-10-16 09:35:00-04:00,30.750999450683594,30.750999450683594,30.750999450683594,30.750999450683594,102,0.0,0.0,0.0
2024-10-16 09:37:00-04:00,30.750999450683594,30.760000228881836,30.750999450683594,30.760000228881836,770,0.0,0.0,0.0
2024-10-16 09:39:00-04:00,30.7549991607666,30.7549991607666,30.7549991607666,30.7549991607666,100,0.0,0.0,0.0
2024-10-16 09:40:00-04:00,30.760000228881836,30.760000228881836,30.760000228881836,30.760000228881836,171,0.0,0.0,0.0
2024-10-16 09:43:00-04:00,30.760000228881836,30.760000228881836,30.760000228881836,30.760000228881836,389,0.0,0.0,0.0
2024-10-16 09:44:00-04:00,30.760000228881836,30.760000228881836,30.760000228881836,30.760000228881836,191,0.0,0.0,0.0
2024-10-16 09:47:00-04:00,30.7549991607666,30.760000228881836,30.7549991607666,30.760000228881836,2072,0.0,0.0,0.0
2024-10-16 09:48:00-04:00,30.750099182128906,30.7549991607666,30.750099182128906,30.7549991607666,1041,0.0,0.0,0.0
2024-10-16 09:49:00-04:00,30.7549991607666,30.7549991607666,30.7549991607666,30.7549991607666,146,0.0,0.0,0.0
2024-10-16 09:50:00-04:00,30.7549991607666,30.760000228881836,30.7549991607666,30.760000228881836,200,0.0,0.0,0.0
2024-10-16 09:51:00-04:00,30.7549991607666,30.7549991607666,30.7549991607666,30.7549991607666,301,0.0,0.0,0.0
2024-10-16 09:53:00-04:00,30.7549991607666,30.7549991607666,30.7549991607666,30.7549991607666,100,0.0,0.0,0.0
2024-10-16 09:54:00-04:00,30.759899139404297,30.759899139404297,30.759899139404297,30.759899139404297,300,0.0,0.0,0.0
2024-10-16 09:55:00-04:00,30.759199142456055,30.759199142456055,30.759199142456055,30.759199142456055,533,0.0,0.0,0.0
2024-10-16 09:56:00-04:00,30.760000228881836,30.760000228881836,30.760000228881836,30.760000228881836,104,0.0,0.0,0.0
2024-10-16 09:59:00-04:00,30.760000228881836,30.760000228881836,30.760000228881836,30.760000228881836,234,0.0,0.0,0.0
2024-10-16 10:00:00-04:00,30.760000228881836,30.760000228881836,30.760000228881836,30.760000228881836,256,0.0,0.0,0.0
2024-10-16 10:01:00-04:00,30.760000228881836,30.760000228881836,30.760000228881836,30.760000228881836,210,0.0,0.0,0.0
2024-10-16 10:02:00-04:00,30.752599716186523,30.769899368286133,30.752599716186523,30.769899368286133,4712,0.0,0.0,0.0
2024-10-16 10:03:00-04:00,30.760099411010742,30.770000457763672,30.760099411010742,30.770000457763672,727,0.0,0.0,0.0
2024-10-16 10:04:00-04:00,30.770000457763672,30.770000457763672,30.760000228881836,30.760000228881836,507,0.0,0.0,0.0
2024-10-16 10:06:00-04:00,30.760000228881836,30.760000228881836,30.760000228881836,30.760000228881836,100,0.0,0.0,0.0
2024-10-16 10:07:00-04:00,30.769899368286133,30.769899368286133,30.760000228881836,30.760000228881836,279,0.0,0.0,0.0
2024-10-16 10:08:00-04:00,30.769899368286133,30.769899368286133,30.769899368286133,30.769899368286133,220,0.0,0.0,0.0
2024-10-16 10:10:00-04:00,30.764999389648438,30.764999389648438,30.764999389648438,30.764999389648438,322,0.0,0.0,0.0
2024-10-16 10:11:00-04:00,30.760000228881836,30.760000228881836,30.760000228881836,30.760000228881836,140,0.0,0.0,0.0
2024-10-16 10:13:00-04:00,30.769899368286133,30.769899368286133,30.769899368286133,30.769899368286133,236,0.0,0.0,0.0
2024-10-16 10:14:00-04:00,30.764999389648438,30.764999389648438,30.764999389648438,30.764999389648438,232,0.0,0.0,0.0
2024-10-16 10:15:00-04:00,30.764999389648438,30.764999389648438,30.764999389648438,30.764999389648438,1042,0.0,0.0,0.0
2024-10-16 10:16:00-04:00,30.760000228881836,30.760000228881836,30.760000228881836,30.760000228881836,103,0.0,0.0,0.0
2024-10-16 10:18:00-04:00,30.769899368286133,30.769899368286133,30.76889991760254,30.76889991760254,406,0.0,0.0,0.0
2024-10-16 10:19:00-04:00,30.763200759887695,30.763200759887695,30.763200759887695,30.763200759887695,1100,0.0,0.0,0.0
2024-10-16 10:20:00-04:00,30.764999389648438,30.764999389648438,30.764999389648438,30.764999389648438,417,0.0,0.0,0.0
2024-10-16 10:21:00-04:00,30.76099967956543,30.76099967956543,30.76099967956543,30.76099967956543,153,0.0,0.0,0.0
2024-10-16 10:22:00-04:00,30.760000228881836,30.760000228881836,30.760000228881836,30.760000228881836,141,0.0,0.0,0.0
2024-10-16 10:23:00-04:00,30.763200759887695,30.763200759887695,30.763200759887695,30.763200759887695,28157,0.0,0.0,0.0
2024-10-16 10:25:00-04:00,30.760000228881836,30.766300201416016,30.760000228881836,30.766300201416016,2262,0.0,0.0,0.0
2024-10-16 10:26:00-04:00,30.760000228881836,30.760000228881836,30.760000228881836,30.760000228881836,120,0.0,0.0,0.0
2024-10-16 10:29:00-04:00,30.766000747680664,30.766000747680664,30.766000747680664,30.766000747680664,519,0.0,0.0,0.0
2024-10-16 10:32:00-04:00,30.760099411010742,30.760099411010742,30.760099411010742,30.760099411010742,1681,0.0,0.0,0.0
2024-10-16 10:34:00-04:00,30.760000228881836,30.760000228881836,30.760000228881836,30.760000228881836,524,0.0,0.0,0.0
2024-10-16 10:35:00-04:00,30.760000228881836,30.760099411010742,30.760000228881836,30.760099411010742,312,0.0,0.0,0.0
2024-10-16 10:37:00-04:00,30.76099967956543,30.76099967956543,30.76099967956543,30.76099967956543,174,0.0,0.0,0.0
2024-10-16 10:38:00-04:00,30.762500762939453,30.762500762939453,30.762500762939453,30.762500762939453,1270,0.0,0.0,0.0
2024-10-16 10:39:00-04:00,30.770000457763672,30.770000457763672,30.760000228881836,30.760000228881836,20176,0.0,0.0,0.0
2024-10-16 10:40:00-04:00,30.768699645996094,30.768699645996094,30.768699645996094,30.768699645996094,1227,0.0,0.0,0.0
2024-10-16 10:43:00-04:00,30.760000228881836,30.760099411010742,30.760000228881836,30.760099411010742,532,0.0,0.0,0.0
2024-10-16 10:44:00-04:00,30.760000228881836,30.763900756835938,30.760000228881836,30.763900756835938,205,0.0,0.0,0.0
2024-10-16 10:45:00-04:00,30.760000228881836,30.760099411010742,30.760000228881836,30.760099411010742,426,0.0,0.0,0.0
2024-10-16 10:46:00-04:00,30.768800735473633,30.768800735473633,30.760000228881836,30.760000228881836,581,0.0,0.0,0.0
2024-10-16 10:48:00-04:00,30.760000228881836,30.764999389648438,30.760000228881836,30.764999389648438,1727,0.0,0.0,0.0
2024-10-16 10:49:00-04:00,30.760000228881836,30.760000228881836,30.760000228881836,30.760000228881836,186,0.0,0.0,0.0
2024-10-16 10:50:00-04:00,30.760000228881836,30.769899368286133,30.760000228881836,30.769899368286133,500,0.0,0.0,0.0
2024-10-16 10:51:00-04:00,30.764999389648438,30.764999389648438,30.764999389648438,30.764999389648438,255,0.0,0.0,0.0
2024-10-16 10:53:00-04:00,30.760000228881836,30.760000228881836,30.760000228881836,30.760000228881836,215,0.0,0.0,0.0
2024-10-16 10:54:00-04:00,30.760000228881836,30.760000228881836,30.760000228881836,30.760000228881836,6639,0.0,0.0,0.0
2024-10-16 10:55:00-04:00,30.760000228881836,30.760000228881836,30.760000228881836,30.760000228881836,128,0.0,0.0,0.0
2024-10-16 10:56:00-04:00,30.765300750732422,30.770000457763672,30.760099411010742,30.760099411010742,439,0.0,0.0,0.0
2024-10-16 10:57:00-04:00,30.760000228881836,30.764999389648438,30.760000228881836,30.760099411010742,1120,0.0,0.0,0.0
2024-10-16 10:58:00-04:00,30.760000228881836,30.760000228881836,30.760000228881836,30.760000228881836,130,0.0,0.0,0.0
2024-10-16 10:59:00-04:00,30.760000228881836,30.760000228881836,30.760000228881836,30.760000228881836,2142,0.0,0.0,0.0
2024-10-16 11:00:00-04:00,30.760000228881836,30.760000228881836,30.760000228881836,30.760000228881836,170,0.0,0.0,0.0
2024-10-16 11:03:00-04:00,30.760000228881836,30.760000228881836,30.760000228881836,30.760000228881836,251,0.0,0.0,0.0
2024-10-16 11:04:00-04:00,30.760000228881836,30.760000228881836,30.760000228881836,30.760000228881836,3200,0.0,0.0,0.0
2024-10-16 11:05:00-04:00,30.760000228881836,30.764999389648438,30.760000228881836,30.760299682617188,1618,0.0,0.0,0.0
2024-10-16 11:06:00-04:00,30.760000228881836,30.760000228881836,30.760000228881836,30.760000228881836,126,0.0,0.0,0.0
2024-10-16 11:08:00-04:00,30.760000228881836,30.760000228881836,30.760000228881836,30.760000228881836,105,0.0,0.0,0.0
2024-10-16 11:09:00-04:00,30.770000457763672,30.770000457763672,30.760000228881836,30.760000228881836,10587,0.0,0.0,0.0
2024-10-16 11:10:00-04:00,30.760000228881836,30.760000228881836,30.760000228881836,30.760000228881836,1467,0.0,0.0,0.0
2024-10-16 11:11:00-04:00,30.760000228881836,30.760000228881836,30.760000228881836,30.760000228881836,100,0.0,0.0,0.0
2024-10-16 11:12:00-04:00,30.76110076904297,30.76110076904297,30.76110076904297,30.76110076904297,666,0.0,0.0,0.0
2024-10-16 11:13:00-04:00,30.760000228881836,30.760000228881836,30.760000228881836,30.760000228881836,200,0.0,0.0,0.0
2024-10-16 11:15:00-04:00,30.760000228881836,30.760000228881836,30.760000228881836,30.760000228881836,100,0.0,0.0,0.0
2024-10-16 11:16:00-04:00,30.760000228881836,30.770000457763672,30.760000228881836,30.770000457763672,2389,0.0,0.0,0.0
2024-10-16 11:17:00-04:00,30.760000228881836,30.760000228881836,30.760000228881836,30.760000228881836,101,0.0,0.0,0.0
2024-10-16 11:18:00-04:00,30.764434814453125,30.764434814453125,30.764434814453125,30.764434814453125,167,0.0,0.0,0.0
2024-10-16 11:19:00-04:00,30.760000228881836,30.761199951171875,30.760000228881836,30.761199951171875,561,0.0,0.0,0.0
2024-10-16 11:20:00-04:00,30.760000228881836,30.760000228881836,30.760000228881836,30.760000228881836,189,0.0,0.0,0.0
2024-10-16 11:21:00-04:00,30.761199951171875,30.761199951171875,30.760000228881836,30.760000228881836,758,0.0,0.0,0.0
2024-10-16 11:23:00-04:00,30.769899368286133,30.769899368286133,30.760000228881836,30.760000228881836,602,0.0,0.0,0.0
2024-10-16 11:24:00-04:00,30.764999389648438,30.768699645996094,30.760000228881836,30.768699645996094,4598,0.0,0.0,0.0
2024-10-16 11:25:00-04:00,30.760000228881836,30.760000228881836,30.760000228881836,30.760000228881836,100,0.0,0.0,0.0
2024-10-16 11:26:00-04:00,30.760000228881836,30.760000228881836,30.760000228881836,30.760000228881836,100,0.0,0.0,0.0
2024-10-16 11:27:00-04:00,30.769899368286133,30.769899368286133,30.769899368286133,30.769899368286133,1000,0.0,0.0,0.0
2024-10-16 11:28:00-04:00,30.760000228881836,30.760000228881836,30.760000228881836,30.760000228881836,100,0.0,0.0,0.0
2024-10-16 11:29:00-04:00,30.760000228881836,30.764999389648438,30.760000228881836,30.764999389648438,472,0.0,0.0,0.0
2024-10-16 11:30:00-04:00,30.764999389648438,30.764999389648438,30.760000228881836,30.760000228881836,700,0.0,0.0,0.0
2024-10-16 11:32:00-04:00,30.760000228881836,30.760000228881836,30.760000228881836,30.760000228881836,259,0.0,0.0,0.0
2024-10-16 11:34:00-04:00,30.764699935913086,30.764999389648438,30.760000228881836,30.764999389648438,1069,0.0,0.0,0.0
2024-10-16 11:35:00-04:00,30.768699645996094,30.768699645996094,30.768699645996094,30.768699645996094,539,0.0,0.0,0.0
2024-10-16 11:36:00-04:00,30.765300750732422,30.770000457763672,30.760000228881836,30.760000228881836,1380,0.0,0.0,0.0
2024-10-16 11:37:00-04:00,30.760000228881836,30.760000228881836,30.760000228881836,30.760000228881836,100,0.0,0.0,0.0
2024-10-16 11:38:00-04:00,30.760000228881836,30.760099411010742,30.760000228881836,30.760099411010742,230,0.0,0.0,0.0
2024-10-16 11:43:00-04:00,30.764999389648438,30.764999389648438,30.764999389648438,30.764999389648438,305,0.0,0.0,0.0
2024-10-16 11:49:00-04:00,30.765300750732422,30.770000457763672,30.765300750732422,30.770000457763672,856,0.0,0.0,0.0
2024-10-16 11:51:00-04:00,30.760000228881836,30.76609992980957,30.760000228881836,30.76609992980957,1161,0.0,0.0,0.0
2024-10-16 11:52:00-04:00,30.761199951171875,30.761199951171875,30.761199951171875,30.761199951171875,758,0.0,0.0,0.0
2024-10-16 11:54:00-04:00,30.768699645996094,30.768699645996094,30.760000228881836,30.763957977294922,870,0.0,0.0,0.0
2024-10-16 11:55:00-04:00,30.760000228881836,30.764999389648438,30.760000228881836,30.764999389648438,569,0.0,0.0,0.0
2024-10-16 12:03:00-04:00,30.768699645996094,30.768699645996094,30.768699645996094,30.768699645996094,3984,0.0,0.0,0.0
2024-10-16 12:04:00-04:00,30.764999389648438,30.764999389648438,30.764999389648438,30.764999389648438,100,0.0,0.0,0.0
2024-10-16 12:06:00-04:00,30.768699645996094,30.768699645996094,30.760000228881836,30.760000228881836,1712,0.0,0.0,0.0
2024-10-16 12:08:00-04:00,30.760000228881836,30.760000228881836,30.760000228881836,30.760000228881836,102,0.0,0.0,0.0
2024-10-16 12:09:00-04:00,30.764999389648438,30.764999389648438,30.760000228881836,30.760000228881836,454,0.0,0.0,0.0
2024-10-16 12:11:00-04:00,30.769899368286133,30.769899368286133,30.760000228881836,30.760000228881836,296,0.0,0.0,0.0
2024-10-16 12:14:00-04:00,30.768699645996094,30.768699645996094,30.764999389648438,30.764999389648438,3889,0.0,0.0,0.0
2024-10-16 12:15:00-04:00,30.767499923706055,30.767499923706055,30.767499923706055,30.767499923706055,407,0.0,0.0,0.0
2024-10-16 12:16:00-04:00,30.770000457763672,30.770000457763672,30.760000228881836,30.760000228881836,600,0.0,0.0,0.0
2024-10-16 12:17:00-04:00,30.767499923706055,30.767499923706055,30.767499923706055,30.767499923706055,556,0.0,0.0,0.0
2024-10-16 12:18:00-04:00,30.760000228881836,30.760000228881836,30.760000228881836,30.760000228881836,149,0.0,0.0,0.0
2024-10-16 12:19:00-04:00,30.770000457763672,30.770000457763672,30.770000457763672,30.770000457763672,111,0.0,0.0,0.0
2024-10-16 12:20:00-04:00,30.764999389648438,30.764999389648438,30.764999389648438,30.764999389648438,130,0.0,0.0,0.0
2024-10-16 12:21:00-04:00,30.769899368286133,30.769899368286133,30.769899368286133,30.769899368286133,814,0.0,0.0,0.0
2024-10-16 12:24:00-04:00,30.760000228881836,30.764999389648438,30.760000228881836,30.764999389648438,237,0.0,0.0,0.0
2024-10-16 12:25:00-04:00,30.760099411010742,30.760099411010742,30.760099411010742,30.760099411010742,601,0.0,0.0,0.0
2024-10-16 12:28:00-04:00,30.764999389648438,30.764999389648438,30.764999389648438,30.764999389648438,104,0.0,0.0,0.0
2024-10-16 12:30:00-04:00,30.76129913330078,30.76129913330078,30.76129913330078,30.76129913330078,357,0.0,0.0,0.0
2024-10-16 12:32:00-04:00,30.764999389648438,30.764999389648438,30.760000228881836,30.764999389648438,3450,0.0,0.0,0.0
2024-10-16 12:33:00-04:00,30.760000228881836,30.76129913330078,30.760000228881836,30.76129913330078,437,0.0,0.0,0.0
2024-10-16 12:35:00-04:00,30.760000228881836,30.760000228881836,30.760000228881836,30.760000228881836,120,0.0,0.0,0.0
2024-10-16 12:36:00-04:00,30.770000457763672,30.770000457763672,30.765399932861328,30.766300201416016,732,0.0,0.0,0.0
2024-10-16 12:37:00-04:00,30.760000228881836,30.760000228881836,30.760000228881836,30.760000228881836,100,0.0,0.0,0.0
2024-10-16 12:38:00-04:00,30.766000747680664,30.766000747680664,30.760000228881836,30.760000228881836,317,0.0,0.0,0.0
2024-10-16 12:39:00-04:00,30.760099411010742,30.764699935913086,30.760000228881836,30.760000228881836,1244,0.0,0.0,0.0
2024-10-16 12:40:00-04:00,30.767499923706055,30.767499923706055,30.767499923706055,30.767499923706055,222,0.0,0.0,0.0
2024-10-16 12:42:00-04:00,30.760000228881836,30.760000228881836,30.760000228881836,30.760000228881836,100,0.0,0.0,0.0
2024-10-16 12:44:00-04:00,30.764999389648438,30.764999389648438,30.764999389648438,30.764999389648438,100,0.0,0.0,0.0
2024-10-16 12:45:00-04:00,30.761600494384766,30.761600494384766,30.761600494384766,30.761600494384766,1843,0.0,0.0,0.0
2024-10-16 12:48:00-04:00,30.764999389648438,30.764999389648438,30.760000228881836,30.760000228881836,213,0.0,0.0,0.0
2024-10-16 12:49:00-04:00,30.764999389648438,30.764999389648438,30.764999389648438,30.764999389648438,100,0.0,0.0,0.0
2024-10-16 12:50:00-04:00,30.768699645996094,30.770000457763672,30.760000228881836,30.764999389648438,5735,0.0,0.0,0.0
2024-10-16 12:51:00-04:00,30.764999389648438,30.764999389648438,30.764999389648438,30.764999389648438,110,0.0,0.0,0.0
2024-10-16 12:52:00-04:00,30.760000228881836,30.760000228881836,30.760000228881836,30.760000228881836,100,0.0,0.0,0.0
2024-10-16 12:53:00-04:00,30.764999389648438,30.764999389648438,30.764999389648438,30.764999389648438,206,0.0,0.0,0.0
2024-10-16 12:55:00-04:00,30.760000228881836,30.760000228881836,30.760000228881836,30.760000228881836,100,0.0,0.0,0.0
2024-10-16 12:56:00-04:00,30.760000228881836,30.760000228881836,30.760000228881836,30.760000228881836,150,0.0,0.0,0.0
2024-10-16 12:58:00-04:00,30.760000228881836,30.760000228881836,30.760000228881836,30.760000228881836,382,0.0,0.0,0.0
2024-10-16 12:59:00-04:00,30.769100189208984,30.769100189208984,30.764999389648438,30.764999389648438,9733,0.0,0.0,0.0
2024-10-16 13:00:00-04:00,30.764999389648438,30.764999389648438,30.764999389648438,30.764999389648438,100,0.0,0.0,0.0
2024-10-16 13:01:00-04:00,30.764999389648438,30.764999389648438,30.764999389648438,30.764999389648438,399,0.0,0.0,0.0
2024-10-16 13:02:00-04:00,30.760000228881836,30.760000228881836,30.760000228881836,30.760000228881836,256,0.0,0.0,0.0
2024-10-16 13:03:00-04:00,30.764699935913086,30.764999389648438,30.760000228881836,30.760000228881836,3876,0.0,0.0,0.0
2024-10-16 13:04:00-04:00,30.764999389648438,30.764999389648438,30.764999389648438,30.764999389648438,100,0.0,0.0,0.0
2024-10-16 13:05:00-04:00,30.760000228881836,30.760000228881836,30.760000228881836,30.760000228881836,106,0.0,0.0,0.0
2024-10-16 13:06:00-04:00,30.760000228881836,30.760000228881836,30.760000228881836,30.760000228881836,100,0.0,0.0,0.0
2024-10-16 13:07:00-04:00,30.760000228881836,30.7637996673584,30.760000228881836,30.7637996673584,490,0.0,0.0,0.0
2024-10-16 13:08:00-04:00,30.760000228881836,30.760000228881836,30.760000228881836,30.760000228881836,100,0.0,0.0,0.0
2024-10-16 13:09:00-04:00,30.76140022277832,30.76140022277832,30.76140022277832,30.76140022277832,155,0.0,0.0,0.0
2024-10-16 13:10:00-04:00,30.760000228881836,30.768699645996094,30.760000228881836,30.768699645996094,258,0.0,0.0,0.0
2024-10-16 13:11:00-04:00,30.760000228881836,30.760000228881836,30.760000228881836,30.760000228881836,239,0.0,0.0,0.0
2024-10-16 13:13:00-04:00,30.760000228881836,30.760000228881836,30.760000228881836,30.760000228881836,217,0.0,0.0,0.0
2024-10-16 13:15:00-04:00,30.760000228881836,30.764999389648438,30.760000228881836,30.764999389648438,397,0.0,0.0,0.0
2024-10-16 13:16:00-04:00,30.760000228881836,30.760000228881836,30.760000228881836,30.760000228881836,110,0.0,0.0,0.0
2024-10-16 13:20:00-04:00,30.770000457763672,30.770000457763672,30.770000457763672,30.770000457763672,106,0.0,0.0,0.0
2024-10-16 13:22:00-04:00,30.769699096679688,30.769699096679688,30.764999389648438,30.764999389648438,2892,0.0,0.0,0.0
2024-10-16 13:23:00-04:00,30.764999389648438,30.764999389648438,30.764999389648438,30.764999389648438,100,0.0,0.0,0.0
2024-10-16 13:24:00-04:00,30.760000228881836,30.760000228881836,30.760000228881836,30.760000228881836,100,0.0,0.0,0.0
2024-10-16 13:26:00-04:00,30.760000228881836,30.760000228881836,30.760000228881836,30.760000228881836,106,0.0,0.0,0.0
2024-10-16 13:28:00-04:00,30.76129913330078,30.76129913330078,30.76129913330078,30.76129913330078,157,0.0,0.0,0.0
2024-10-16 13:31:00-04:00,30.770000457763672,30.770000457763672,30.764999389648438,30.764999389648438,569,0.0,0.0,0.0
2024-10-16 13:33:00-04:00,30.770000457763672,30.770000457763672,30.770000457763672,30.770000457763672,145,0.0,0.0,0.0
2024-10-16 13:34:00-04:00,30.764999389648438,30.764999389648438,30.760000228881836,30.760000228881836,557,0.0,0.0,0.0
2024-10-16 13:35:00-04:00,30.769699096679688,30.769699096679688,30.769699096679688,30.769699096679688,2621,0.0,0.0,0.0
2024-10-16 13:36:00-04:00,30.764999389648438,30.764999389648438,30.764999389648438,30.764999389648438,142,0.0,0.0,0.0
2024-10-16 13:37:00-04:00,30.764999389648438,30.768699645996094,30.764999389648438,30.768699645996094,525,0.0,0.0,0.0
2024-10-16 13:38:00-04:00,30.760000228881836,30.768699645996094,30.760000228881836,30.768699645996094,418,0.0,0.0,0.0
2024-10-16 13:39:00-04:00,30.760000228881836,30.764999389648438,30.760000228881836,30.764999389648438,318,0.0,0.0,0.0
2024-10-16 13:41:00-04:00,30.760099411010742,30.760099411010742,30.760099411010742,30.760099411010742,661,0.0,0.0,0.0
2024-10-16 13:42:00-04:00,30.764999389648438,30.770000457763672,30.760000228881836,30.760000228881836,426,0.0,0.0,0.0
2024-10-16 13:44:00-04:00,30.760000228881836,30.760000228881836,30.760000228881836,30.760000228881836,100,0.0,0.0,0.0
2024-10-16 13:45:00-04:00,30.764999389648438,30.764999389648438,30.764999389648438,30.764999389648438,139,0.0,0.0,0.0
2024-10-16 13:47:00-04:00,30.760000228881836,30.760000228881836,30.760000228881836,30.760000228881836,201,0.0,0.0,0.0
2024-10-16 13:51:00-04:00,30.76404571533203,30.76404571533203,30.76404571533203,30.76404571533203,652,0.0,0.0,0.0
2024-10-16 13:52:00-04:00,30.764999389648438,30.764999389648438,30.764999389648438,30.764999389648438,612,0.0,0.0,0.0
2024-10-16 13:53:00-04:00,30.760000228881836,30.760000228881836,30.760000228881836,30.760000228881836,100,0.0,0.0,0.0
2024-10-16 13:54:00-04:00,30.769899368286133,30.770000457763672,30.764999389648438,30.764999389648438,10287,0.0,0.0,0.0
2024-10-16 13:55:00-04:00,30.764999389648438,30.764999389648438,30.764999389648438,30.764999389648438,100,0.0,0.0,0.0
2024-10-16 13:56:00-04:00,30.760000228881836,30.764999389648438,30.760000228881836,30.764999389648438,200,0.0,0.0,0.0
2024-10-16 13:58:00-04:00,30.760000228881836,30.760000228881836,30.760000228881836,30.760000228881836,510,0.0,0.0,0.0
2024-10-16 13:59:00-04:00,30.769800186157227,30.769800186157227,30.769800186157227,30.769800186157227,2342,0.0,0.0,0.0
2024-10-16 14:00:00-04:00,30.760000228881836,30.760000228881836,30.760000228881836,30.760000228881836,200,0.0,0.0,0.0
2024-10-16 14:01:00-04:00,30.770000457763672,30.770000457763672,30.760000228881836,30.760000228881836,235,0.0,0.0,0.0
2024-10-16 14:02:00-04:00,30.770000457763672,30.770000457763672,30.764999389648438,30.764999389648438,6084,0.0,0.0,0.0
2024-10-16 14:03:00-04:00,30.764999389648438,30.764999389648438,30.760000228881836,30.760000228881836,200,0.0,0.0,0.0
2024-10-16 14:04:00-04:00,30.766000747680664,30.766000747680664,30.760000228881836,30.760000228881836,750,0.0,0.0,0.0
2024-10-16 14:05:00-04:00,30.764999389648438,30.764999389648438,30.760000228881836,30.760000228881836,288,0.0,0.0,0.0
2024-10-16 14:06:00-04:00,30.760000228881836,30.760000228881836,30.760000228881836,30.760000228881836,120,0.0,0.0,0.0
2024-10-16 14:07:00-04:00,30.760000228881836,30.760000228881836,30.760000228881836,30.760000228881836,100,0.0,0.0,0.0
2024-10-16 14:08:00-04:00,30.766000747680664,30.766000747680664,30.760000228881836,30.760000228881836,841,0.0,0.0,0.0
2024-10-16 14:09:00-04:00,30.764999389648438,30.764999389648438,30.764999389648438,30.764999389648438,480,0.0,0.0,0.0
2024-10-16 14:10:00-04:00,30.760000228881836,30.760000228881836,30.760000228881836,30.760000228881836,143,0.0,0.0,0.0
2024-10-16 14:11:00-04:00,30.760000228881836,30.764999389648438,30.760000228881836,30.764999389648438,201,0.0,0.0,0.0
2024-10-16 14:12:00-04:00,30.76129913330078,30.764999389648438,30.760000228881836,30.760000228881836,8635,0.0,0.0,0.0
2024-10-16 14:13:00-04:00,30.764999389648438,30.764999389648438,30.760000228881836,30.760000228881836,914,0.0,0.0,0.0
2024-10-16 14:14:00-04:00,30.764999389648438,30.770000457763672,30.760000228881836,30.764999389648438,3197,0.0,0.0,0.0
2024-10-16 14:15:00-04:00,30.764999389648438,30.764999389648438,30.764999389648438,30.764999389648438,399,0.0,0.0,0.0
2024-10-16 14:16:00-04:00,30.760000228881836,30.769899368286133,30.760000228881836,30.764999389648438,2501,0.0,0.0,0.0
2024-10-16 14:17:00-04:00,30.764999389648438,30.764999389648438,30.760000228881836,30.764999389648438,8580,0.0,0.0,0.0
2024-10-16 14:18:00-04:00,30.764999389648438,30.764999389648438,30.760000228881836,30.764999389648438,2500,0.0,0.0,0.0
2024-10-16 14:19:00-04:00,30.764999389648438,30.764999389648438,30.760000228881836,30.760000228881836,410,0.0,0.0,0.0
2024-10-16 14:20:00-04:00,30.764999389648438,30.764999389648438,30.764999389648438,30.764999389648438,500,0.0,0.0,0.0
2024-10-16 14:21:00-04:00,30.764999389648438,30.764999389648438,30.760000228881836,30.760000228881836,1606,0.0,0.0,0.0
2024-10-16 14:22:00-04:00,30.760000228881836,30.76569938659668,30.760000228881836,30.764999389648438,1134,0.0,0.0,0.0
2024-10-16 14:23:00-04:00,30.764999389648438,30.764999389648438,30.764999389648438,30.764999389648438,500,0.0,0.0,0.0
2024-10-16 14:24:00-04:00,30.764999389648438,30.764999389648438,30.760000228881836,30.760000228881836,810,0.0,0.0,0.0
2024-10-16 14:25:00-04:00,30.761600494384766,30.761600494384766,30.761600494384766,30.761600494384766,1011,0.0,0.0,0.0
2024-10-16 14:26:00-04:00,30.760000228881836,30.764999389648438,30.760000228881836,30.764999389648438,1691,0.0,0.0,0.0
2024-10-16 14:27:00-04:00,30.761199951171875,30.761199951171875,30.761199951171875,30.761199951171875,235,0.0,0.0,0.0
2024-10-16 14:28:00-04:00,30.764999389648438,30.764999389648438,30.760000228881836,30.760000228881836,650,0.0,0.0,0.0
2024-10-16 14:29:00-04:00,30.760000228881836,30.764999389648438,30.760000228881836,30.764999389648438,458,0.0,0.0,0.0
2024-10-16 14:30:00-04:00,30.760000228881836,30.760000228881836,30.760000228881836,30.760000228881836,208,0.0,0.0,0.0
2024-10-16 14:33:00-04:00,30.764999389648438,30.770000457763672,30.760000228881836,30.760000228881836,3565,0.0,0.0,0.0
2024-10-16 14:34:00-04:00,30.765300750732422,30.770000457763672,30.765300750732422,30.770000457763672,700,0.0,0.0,0.0
2024-10-16 14:35:00-04:00,30.764999389648438,30.766000747680664,30.760000228881836,30.766000747680664,802,0.0,0.0,0.0
2024-10-16 14:36:00-04:00,30.760099411010742,30.768600463867188,30.760000228881836,30.768600463867188,1123,0.0,0.0,0.0
2024-10-16 14:37:00-04:00,30.764999389648438,30.764999389648438,30.760000228881836,30.764999389648438,500,0.0,0.0,0.0
2024-10-16 14:38:00-04:00,30.765300750732422,30.765300750732422,30.760000228881836,30.760000228881836,660,0.0,0.0,0.0
2024-10-16 14:39:00-04:00,30.760000228881836,30.760000228881836,30.760000228881836,30.760000228881836,200,0.0,0.0,0.0
2024-10-16 14:40:00-04:00,30.764999389648438,30.764999389648438,30.764999389648438,30.764999389648438,100,0.0,0.0,0.0
2024-10-16 14:41:00-04:00,30.760000228881836,30.764999389648438,30.760000228881836,30.764999389648438,1074,0.0,0.0,0.0
2024-10-16 14:42:00-04:00,30.760000228881836,30.760000228881836,30.760000228881836,30.760000228881836,220,0.0,0.0,0.0
2024-10-16 14:44:00-04:00,30.760000228881836,30.760000228881836,30.760000228881836,30.760000228881836,151,0.0,0.0,0.0
2024-10-16 14:45:00-04:00,30.764999389648438,30.764999389648438,30.764999389648438,30.764999389648438,100,0.0,0.0,0.0
2024-10-16 14:46:00-04:00,30.769899368286133,30.770000457763672,30.760000228881836,30.770000457763672,4379,0.0,0.0,0.0
2024-10-16 14:48:00-04:00,30.760000228881836,30.760000228881836,30.760000228881836,30.760000228881836,362,0.0,0.0,0.0
2024-10-16 14:50:00-04:00,30.769899368286133,30.769899368286133,30.769899368286133,30.769899368286133,205,0.0,0.0,0.0
2024-10-16 14:52:00-04:00,30.764999389648438,30.764999389648438,30.764999389648438,30.764999389648438,239,0.0,0.0,0.0
2024-10-16 14:53:00-04:00,30.760000228881836,30.760000228881836,30.760000228881836,30.760000228881836,259,0.0,0.0,0.0
2024-10-16 14:56:00-04:00,30.760000228881836,30.760000228881836,30.760000228881836,30.760000228881836,728,0.0,0.0,0.0
2024-10-16 14:59:00-04:00,30.764999389648438,30.764999389648438,30.764999389648438,30.764999389648438,149,0.0,0.0,0.0
2024-10-16 15:00:00-04:00,30.760000228881836,30.76110076904297,30.760000228881836,30.760000228881836,3384,0.0,0.0,0.0
2024-10-16 15:01:00-04:00,30.760000228881836,30.770000457763672,30.760000228881836,30.760000228881836,9595,0.0,0.0,0.0
2024-10-16 15:02:00-04:00,30.760000228881836,30.760000228881836,30.760000228881836,30.760000228881836,8600,0.0,0.0,0.0
2024-10-16 15:03:00-04:00,30.760000228881836,30.760000228881836,30.760000228881836,30.760000228881836,3317,0.0,0.0,0.0
2024-10-16 15:04:00-04:00,30.760000228881836,30.760099411010742,30.760000228881836,30.760000228881836,3600,0.0,0.0,0.0
2024-10-16 15:05:00-04:00,30.760000228881836,30.760000228881836,30.7549991607666,30.7549991607666,12628,0.0,0.0,0.0
2024-10-16 15:06:00-04:00,30.7549991607666,30.7549991607666,30.75,30.7549991607666,3489,0.0,0.0,0.0
2024-10-16 15:07:00-04:00,30.7549991607666,30.7549991607666,30.75,30.7549991607666,3501,0.0,0.0,0.0
2024-10-16 15:08:00-04:00,30.7549991607666,30.7549991607666,30.75,30.7549991607666,7090,0.0,0.0,0.0
2024-10-16 15:09:00-04:00,30.7549991607666,30.760000228881836,30.75,30.760000228881836,82324,0.0,0.0,0.0
2024-10-16 15:10:00-04:00,30.76099967956543,30.764999389648438,30.76099967956543,30.764999389648438,1093,0.0,0.0,0.0
2024-10-16 15:11:00-04:00,30.760000228881836,30.760000228881836,30.760000228881836,30.760000228881836,1680,0.0,0.0,0.0
2024-10-16 15:12:00-04:00,30.760000228881836,30.760000228881836,30.760000228881836,30.760000228881836,3123,0.0,0.0,0.0
2024-10-16 15:13:00-04:00,30.760000228881836,30.764999389648438,30.760000228881836,30.760000228881836,3700,0.0,0.0,0.0
2024-10-16 15:14:00-04:00,30.760000228881836,30.764999389648438,30.760000228881836,30.760000228881836,5040,0.0,0.0,0.0
2024-10-16 15:15:00-04:00,30.760000228881836,30.760000228881836,30.760000228881836,30.760000228881836,3388,0.0,0.0,0.0
2024-10-16 15:16:00-04:00,30.760000228881836,30.760000228881836,30.760000228881836,30.760000228881836,2600,0.0,0.0,0.0
2024-10-16 15:17:00-04:00,30.760000228881836,30.760000228881836,30.760000228881836,30.760000228881836,2000,0.0,0.0,0.0
2024-10-16 15:18:00-04:00,30.764999389648438,30.764999389648438,30.760000228881836,30.760000228881836,2421,0.0,0.0,0.0
2024-10-16 15:19:00-04:00,30.760000228881836,30.770000457763672,30.760000228881836,30.760000228881836,9167,0.0,0.0,0.0
2024-10-16 15:20:00-04:00,30.760000228881836,30.762500762939453,30.760000228881836,30.760000228881836,3547,0.0,0.0,0.0
2024-10-16 15:21:00-04:00,30.760000228881836,30.770000457763672,30.760000228881836,30.760000228881836,9131,0.0,0.0,0.0
2024-10-16 15:22:00-04:00,30.760000228881836,30.760000228881836,30.760000228881836,30.760000228881836,3480,0.0,0.0,0.0
2024-10-16 15:23:00-04:00,30.760000228881836,30.770000457763672,30.760000228881836,30.760000228881836,6385,0.0,0.0,0.0
2024-10-16 15:24:00-04:00,30.760000228881836,30.760000228881836,30.760000228881836,30.760000228881836,4552,0.0,0.0,0.0
2024-10-16 15:25:00-04:00,30.760000228881836,30.760000228881836,30.7549991607666,30.7549991607666,7760,0.0,0.0,0.0
2024-10-16 15:26:00-04:00,30.75,30.75979995727539,30.75,30.7549991607666,7342,0.0,0.0,0.0
2024-10-16 15:27:00-04:00,30.7549991607666,30.760000228881836,30.75,30.75,9543,0.0,0.0,0.0
2024-10-16 15:28:00-04:00,30.7549991607666,30.760000228881836,30.7549991607666,30.7549991607666,3595,0.0,0.0,0.0
2024-10-16 15:29:00-04:00,30.7549991607666,30.760000228881836,30.7549991607666,30.7549991607666,4187,0.0,0.0,0.0
2024-10-16 15:30:00-04:00,30.7549991607666,30.7549991607666,30.75,30.7549991607666,3800,0.0,0.0,0.0
2024-10-16 15:31:00-04:00,30.7549991607666,30.760000228881836,30.7549991607666,30.7549991607666,4975,0.0,0.0,0.0
2024-10-16 15:32:00-04:00,30.7549991607666,30.7549991607666,30.7549991607666,30.7549991607666,3600,0.0,0.0,0.0
2024-10-16 15:33:00-04:00,30.7549991607666,30.7549991607666,30.75,30.7549991607666,4113,0.0,0.0,0.0
2024-10-16 15:34:00-04:00,30.7549991607666,30.7549991607666,30.751100540161133,30.7549991607666,4303,0.0,0.0,0.0
2024-10-16 15:35:00-04:00,30.75,30.7549991607666,30.75,30.7549991607666,8156,0.0,0.0,0.0
2024-10-16 15:36:00-04:00,30.7549991607666,30.760000228881836,30.75,30.7549991607666,9290,0.0,0.0,0.0
2024-10-16 15:37:00-04:00,30.7549991607666,30.7549991607666,30.7549991607666,30.7549991607666,4579,0.0,0.0,0.0
2024-10-16 15:38:00-04:00,30.7549991607666,30.7549991607666,30.75,30.7549991607666,4046,0.0,0.0,0.0
2024-10-16 15:39:00-04:00,30.7549991607666,30.7549991607666,30.75,30.7549991607666,5602,0.0,0.0,0.0
2024-10-16 15:40:00-04:00,30.7549991607666,30.7549991607666,30.75,30.7549991607666,3700,0.0,0.0,0.0
2024-10-16 15:41:00-04:00,30.7549991607666,30.7549991607666,30.7549991607666,30.7549991607666,3900,0.0,0.0,0.0
2024-10-16 15:42:00-04:00,30.7549991607666,30.75779914855957,30.7549991607666,30.7549991607666,5045,0.0,0.0,0.0
2024-10-16 15:43:00-04:00,30.75,30.7549991607666,30.75,30.7549991607666,4540,0.0,0.0,0.0
2024-10-16 15:44:00-04:00,30.7549991607666,30.7549991607666,30.754066467285156,30.754899978637695,4589,0.0,0.0,0.0
2024-10-16 15:45:00-04:00,30.7549991607666,30.760000228881836,30.7549991607666,30.7549991607666,3507,0.0,0.0,0.0
2024-10-16 15:46:00-04:00,30.7549991607666,30.760000228881836,30.75,30.75,8528,0.0,0.0,0.0
2024-10-16 15:47:00-04:00,30.7549991607666,30.7549991607666,30.75,30.75,4517,0.0,0.0,0.0
2024-10-16 15:48:00-04:00,30.7549991607666,30.760000228881836,30.7549991607666,30.7549991607666,5351,0.0,0.0,0.0
2024-10-16 15:49:00-04:00,30.7549991607666,30.759899139404297,30.75,30.7549991607666,4629,0.0,0.0,0.0
2024-10-16 15:50:00-04:00,30.7549991607666,30.7549991607666,30.75,30.7549991607666,4611,0.0,0.0,0.0
2024-10-16 15:51:00-04:00,30.7549991607666,30.760000228881836,30.75,30.7549991607666,5006,0.0,0.0,0.0
2024-10-16 15:52:00-04:00,30.7549991607666,30.7549991607666,30.75,30.7549991607666,6900,0.0,0.0,0.0
2024-10-16 15:53:00-04:00,30.7549991607666,30.7549991607666,30.75,30.75,4700,0.0,0.0,0.0
2024-10-16 15:54:00-04:00,30.7549991607666,30.7549991607666,30.75,30.7549991607666,5921,0.0,0.0,0.0
2024-10-16 15:55:00-04:00,30.7549991607666,30.7549991607666,30.75,30.75,11188,0.0,0.0,0.0
2024-10-16 15:56:00-04:00,30.75,30.7549991607666,30.75,30.75,13672,0.0,0.0,0.0
2024-10-16 15:57:00-04:00,30.75,30.7549991607666,30.75,30.75,10608,0.0,0.0,0.0
2024-10-16 15:58:00-04:00,30.75,30.753599166870117,30.739999771118164,30.739999771118164,19405,0.0,0.0,0.0
2024-10-16 15:59:00-04:00,30.75,30.75,30.739999771118164,30.739999771118164,15605,0.0,0.0,0.0
2024-10-17 09:30:00-04:00,30.760000228881836,30.760000228881836,30.760000228881836,30.760000228881836,29891,0.0,0.0,0.0
2024-10-17 09:32:00-04:00,30.755199432373047,30.755199432373047,30.755199432373047,30.755199432373047,412,0.0,0.0,0.0
2024-10-17 09:34:00-04:00,30.760000228881836,30.760000228881836,30.760000228881836,30.760000228881836,103,0.0,0.0,0.0
2024-10-17 09:36:00-04:00,30.759000778198242,30.759000778198242,30.759000778198242,30.759000778198242,976,0.0,0.0,0.0
2024-10-17 09:40:00-04:00,30.760000228881836,30.760000228881836,30.7549991607666,30.7549991607666,817,0.0,0.0,0.0
2024-10-17 09:41:00-04:00,30.760000228881836,30.760000228881836,30.7549991607666,30.7549991607666,1315,0.0,0.0,0.0
2024-10-17 09:42:00-04:00,30.760000228881836,30.760000228881836,30.75,30.75,1842,0.0,0.0,0.0
2024-10-17 09:43:00-04:00,30.760000228881836,30.760000228881836,30.7549991607666,30.7549991607666,696,0.0,0.0,0.0
2024-10-17 09:44:00-04:00,30.760000228881836,30.760000228881836,30.760000228881836,30.760000228881836,100,0.0,0.0,0.0
2024-10-17 09:45:00-04:00,30.7549991607666,30.7549991607666,30.7549991607666,30.7549991607666,106,0.0,0.0,0.0
2024-10-17 09:46:00-04:00,30.760000228881836,30.760000228881836,30.760000228881836,30.760000228881836,205,0.0,0.0,0.0
2024-10-17 09:47:00-04:00,30.7549991607666,30.760000228881836,30.7549991607666,30.760000228881836,350,0.0,0.0,0.0
2024-10-17 09:48:00-04:00,30.750099182128906,30.7549991607666,30.750099182128906,30.7549991607666,1744,0.0,0.0,0.0
2024-10-17 09:49:00-04:00,30.7549991607666,30.7549991607666,30.7549991607666,30.7549991607666,163,0.0,0.0,0.0
2024-10-17 09:50:00-04:00,30.760000228881836,30.760000228881836,30.760000228881836,30.760000228881836,100,0.0,0.0,0.0
2024-10-17 09:52:00-04:00,30.75589942932129,30.75589942932129,30.75589942932129,30.75589942932129,247,0.0,0.0,0.0
2024-10-17 09:53:00-04:00,30.760000228881836,30.760000228881836,30.760000228881836,30.760000228881836,200,0.0,0.0,0.0
2024-10-17 09:55:00-04:00,30.75,30.760000228881836,30.75,30.760000228881836,483,0.0,0.0,0.0
2024-10-17 09:56:00-04:00,30.760000228881836,30.760000228881836,30.760000228881836,30.760000228881836,100,0.0,0.0,0.0
2024-10-17 09:57:00-04:00,30.760000228881836,30.760000228881836,30.760000228881836,30.760000228881836,1628,0.0,0.0,0.0
2024-10-17 10:00:00-04:00,30.760000228881836,30.760000228881836,30.760000228881836,30.760000228881836,100,0.0,0.0,0.0
2024-10-17 10:01:00-04:00,30.759300231933594,30.759300231933594,30.759300231933594,30.759300231933594,303,0.0,0.0,0.0
2024-10-17 10:02:00-04:00,30.760000228881836,30.760000228881836,30.760000228881836,30.760000228881836,219,0.0,0.0,0.0
2024-10-17 10:03:00-04:00,30.759199142456055,30.760000228881836,30.7549991607666,30.760000228881836,1141,0.0,0.0,0.0
2024-10-17 10:04:00-04:00,30.760000228881836,30.760000228881836,30.7549991607666,30.759000778198242,1611,0.0,0.0,0.0
2024-10-17 10:05:00-04:00,30.759300231933594,30.760000228881836,30.759300231933594,30.760000228881836,1027,0.0,0.0,0.0
2024-10-17 10:06:00-04:00,30.760000228881836,30.760000228881836,30.759899139404297,30.760000228881836,863,0.0,0.0,0.0
2024-10-17 10:07:00-04:00,30.760000228881836,30.760000228881836,30.7549991607666,30.7549991607666,1000,0.0,0.0,0.0
2024-10-17 10:08:00-04:00,30.760000228881836,30.760000228881836,30.759899139404297,30.760000228881836,1131,0.0,0.0,0.0
2024-10-17 10:09:00-04:00,30.759300231933594,30.760000228881836,30.759300231933594,30.760000228881836,2135,0.0,0.0,0.0
2024-10-17 10:10:00-04:00,30.751100540161133,30.760000228881836,30.751100540161133,30.760000228881836,417,0.0,0.0,0.0
2024-10-17 10:11:00-04:00,30.760000228881836,30.760000228881836,30.760000228881836,30.760000228881836,861,0.0,0.0,0.0
2024-10-17 10:12:00-04:00,30.760000228881836,30.760000228881836,30.760000228881836,30.760000228881836,100,0.0,0.0,0.0
2024-10-17 10:13:00-04:00,30.750099182128906,30.760000228881836,30.750099182128906,30.75670051574707,1792,0.0,0.0,0.0
2024-10-17 10:14:00-04:00,30.760000228881836,30.760000228881836,30.760000228881836,30.760000228881836,221,0.0,0.0,0.0
2024-10-17 10:19:00-04:00,30.760000228881836,30.760000228881836,30.760000228881836,30.760000228881836,2811,0.0,0.0,0.0
2024-10-17 10:20:00-04:00,30.760000228881836,30.760000228881836,30.760000228881836,30.760000228881836,732,0.0,0.0,0.0
2024-10-17 10:21:00-04:00,30.770000457763672,30.770000457763672,30.764999389648438,30.764999389648438,200,0.0,0.0,0.0
2024-10-17 10:22:00-04:00,30.770000457763672,30.770000457763672,30.764999389648438,30.766000747680664,833,0.0,0.0,0.0
2024-10-17 10:23:00-04:00,30.770000457763672,30.770000457763672,30.770000457763672,30.770000457763672,123,0.0,0.0,0.0
2024-10-17 10:24:00-04:00,30.770000457763672,30.770000457763672,30.770000457763672,30.770000457763672,100,0.0,0.0,0.0
2024-10-17 10:25:00-04:00,30.770000457763672,30.770000457763672,30.770000457763672,30.770000457763672,294,0.0,0.0,0.0
2024-10-17 10:26:00-04:00,30.770000457763672,30.770000457763672,30.764999389648438,30.764999389648438,290,0.0,0.0,0.0
2024-10-17 10:27:00-04:00,30.764999389648438,30.770000457763672,30.764999389648438,30.764999389648438,305,0.0,0.0,0.0
2024-10-17 10:28:00-04:00,30.770000457763672,30.770000457763672,30.770000457763672,30.770000457763672,201,0.0,0.0,0.0
2024-10-17 10:29:00-04:00,30.770000457763672,30.770000457763672,30.766700744628906,30.76689910888672,1210,0.0,0.0,0.0
2024-10-17 10:30:00-04:00,30.770000457763672,30.770000457763672,30.770000457763672,30.770000457763672,217,0.0,0.0,0.0
2024-10-17 10:31:00-04:00,30.764999389648438,30.764999389648438,30.764999389648438,30.764999389648438,226,0.0,0.0,0.0
2024-10-17 10:32:00-04:00,30.765399932861328,30.770000457763672,30.765399932861328,30.770000457763672,892,0.0,0.0,0.0
2024-10-17 10:34:00-04:00,30.770000457763672,30.770000457763672,30.760099411010742,30.766199111938477,1430,0.0,0.0,0.0
2024-10-17 10:35:00-04:00,30.770000457763672,30.770000457763672,30.764999389648438,30.764999389648438,1528,0.0,0.0,0.0
2024-10-17 10:36:00-04:00,30.770000457763672,30.770000457763672,30.76099967956543,30.76099967956543,495,0.0,0.0,0.0
2024-10-17 10:37:00-04:00,30.770000457763672,30.770000457763672,30.770000457763672,30.770000457763672,103,0.0,0.0,0.0
2024-10-17 10:38:00-04:00,30.761899948120117,30.764999389648438,30.761899948120117,30.764999389648438,625,0.0,0.0,0.0
2024-10-17 10:39:00-04:00,30.764999389648438,30.764999389648438,30.760000228881836,30.760000228881836,1510,0.0,0.0,0.0
2024-10-17 10:40:00-04:00,30.765399932861328,30.765399932861328,30.765399932861328,30.765399932861328,129,0.0,0.0,0.0
2024-10-17 10:41:00-04:00,30.763999938964844,30.763999938964844,30.763999938964844,30.763999938964844,136,0.0,0.0,0.0
2024-10-17 10:43:00-04:00,30.764999389648438,30.764999389648438,30.764999389648438,30.764999389648438,4876,0.0,0.0,0.0
2024-10-17 10:44:00-04:00,30.770000457763672,30.770000457763672,30.770000457763672,30.770000457763672,222,0.0,0.0,0.0
2024-10-17 10:45:00-04:00,30.764999389648438,30.764999389648438,30.764999389648438,30.764999389648438,1000,0.0,0.0,0.0
2024-10-17 10:46:00-04:00,30.764999389648438,30.764999389648438,30.764999389648438,30.764999389648438,100,0.0,0.0,0.0
2024-10-17 10:47:00-04:00,30.760000228881836,30.764999389648438,30.760000228881836,30.764999389648438,2011,0.0,0.0,0.0
2024-10-17 10:48:00-04:00,30.764999389648438,30.770000457763672,30.764999389648438,30.770000457763672,201,0.0,0.0,0.0
2024-10-17 10:50:00-04:00,30.770000457763672,30.770000457763672,30.770000457763672,30.770000457763672,100,0.0,0.0,0.0
2024-10-17 10:51:00-04:00,30.764999389648438,30.770000457763672,30.764999389648438,30.770000457763672,258,0.0,0.0,0.0
2024-10-17 10:52:00-04:00,30.770000457763672,30.770000457763672,30.770000457763672,30.770000457763672,100,0.0,0.0,0.0
2024-10-17 10:53:00-04:00,30.770000457763672,30.770000457763672,30.770000457763672,30.770000457763672,151,0.0,0.0,0.0
2024-10-17 10:54:00-04:00,30.764999389648438,30.770000457763672,30.764999389648438,30.770000457763672,742,0.0,0.0,0.0
2024-10-17 10:55:00-04:00,30.766300201416016,30.768999099731445,30.766300201416016,30.768999099731445,929,0.0,0.0,0.0
2024-10-17 10:57:00-04:00,30.770000457763672,30.770000457763672,30.770000457763672,30.770000457763672,211,0.0,0.0,0.0
2024-10-17 10:58:00-04:00,30.764999389648438,30.764999389648438,30.760000228881836,30.764999389648438,1581,0.0,0.0,0.0
2024-10-17 10:59:00-04:00,30.764999389648438,30.764999389648438,30.764999389648438,30.764999389648438,4386,0.0,0.0,0.0
2024-10-17 11:00:00-04:00,30.760000228881836,30.764999389648438,30.760000228881836,30.760000228881836,708,0.0,0.0,0.0
2024-10-17 11:01:00-04:00,30.764999389648438,30.764999389648438,30.764999389648438,30.764999389648438,950,0.0,0.0,0.0
2024-10-17 11:02:00-04:00,30.764999389648438,30.764999389648438,30.764999389648438,30.764999389648438,100,0.0,0.0,0.0
2024-10-17 11:03:00-04:00,30.764999389648438,30.764999389648438,30.764999389648438,30.764999389648438,100,0.0,0.0,0.0
2024-10-17 11:04:00-04:00,30.764999389648438,30.764999389648438,30.764999389648438,30.764999389648438,667,0.0,0.0,0.0
2024-10-17 11:05:00-04:00,30.765300750732422,30.770000457763672,30.765300750732422,30.770000457763672,703,0.0,0.0,0.0
2024-10-17 11:07:00-04:00,30.764999389648438,30.764999389648438,30.764999389648438,30.764999389648438,749,0.0,0.0,0.0
2024-10-17 11:11:00-04:00,30.76889991760254,30.770000457763672,30.76889991760254,30.770000457763672,529,0.0,0.0,0.0
2024-10-17 11:13:00-04:00,30.770000457763672,30.770000457763672,30.76889991760254,30.76889991760254,829,0.0,0.0,0.0
2024-10-17 11:15:00-04:00,30.760299682617188,30.764999389648438,30.760000228881836,30.764999389648438,1190,0.0,0.0,0.0
2024-10-17 11:17:00-04:00,30.761699676513672,30.761699676513672,30.761699676513672,30.761699676513672,0,0.0,0.0,0.0
2024-10-17 11:18:00-04:00,30.764999389648438,30.764999389648438,30.764999389648438,30.764999389648438,93723,0.0,0.0,0.0
2024-10-17 11:21:00-04:00,30.760000228881836,30.770000457763672,30.760000228881836,30.770000457763672,9892,0.0,0.0,0.0
2024-10-17 11:25:00-04:00,30.764999389648438,30.764999389648438,30.764999389648438,30.764999389648438,206,0.0,0.0,0.0
2024-10-17 11:26:00-04:00,30.766000747680664,30.766000747680664,30.766000747680664,30.766000747680664,547,0.0,0.0,0.0
2024-10-17 11:31:00-04:00,30.760000228881836,30.760000228881836,30.760000228881836,30.760000228881836,100,0.0,0.0,0.0
2024-10-17 11:32:00-04:00,30.76584243774414,30.76584243774414,30.76584243774414,30.76584243774414,886,0.0,0.0,0.0
2024-10-17 11:36:00-04:00,30.769899368286133,30.769899368286133,30.769899368286133,30.769899368286133,441,0.0,0.0,0.0
2024-10-17 11:37:00-04:00,30.764999389648438,30.764999389648438,30.764999389648438,30.764999389648438,146,0.0,0.0,0.0
2024-10-17 11:38:00-04:00,30.764999389648438,30.764999389648438,30.764999389648438,30.764999389648438,319,0.0,0.0,0.0
2024-10-17 11:39:00-04:00,30.770000457763672,30.770000457763672,30.764999389648438,30.770000457763672,2471,0.0,0.0,0.0
2024-10-17 11:40:00-04:00,30.76650047302246,30.76650047302246,30.76650047302246,30.76650047302246,1250,0.0,0.0,0.0
2024-10-17 11:41:00-04:00,30.760000228881836,30.762399673461914,30.760000228881836,30.762399673461914,2613,0.0,0.0,0.0
2024-10-17 11:44:00-04:00,30.768800735473633,30.768800735473633,30.768800735473633,30.768800735473633,249,0.0,0.0,0.0
2024-10-17 11:45:00-04:00,30.760000228881836,30.764999389648438,30.760000228881836,30.764999389648438,956,0.0,0.0,0.0
2024-10-17 11:54:00-04:00,30.768800735473633,30.768800735473633,30.768800735473633,30.768800735473633,810,0.0,0.0,0.0
2024-10-17 11:55:00-04:00,30.760000228881836,30.767499923706055,30.760000228881836,30.764999389648438,809,0.0,0.0,0.0
2024-10-17 11:59:00-04:00,30.765300750732422,30.770000457763672,30.765300750732422,30.76889991760254,1564,0.0,0.0,0.0
2024-10-17 12:00:00-04:00,30.768800735473633,30.768800735473633,30.768800735473633,30.768800735473633,113,0.0,0.0,0.0
2024-10-17 12:01:00-04:00,30.760000228881836,30.764999389648438,30.760000228881836,30.764999389648438,1544,0.0,0.0,0.0
2024-10-17 12:02:00-04:00,30.760099411010742,30.764999389648438,30.760099411010742,30.764999389648438,2465,0.0,0.0,0.0
2024-10-17 12:03:00-04:00,30.764999389648438,30.764999389648438,30.764999389648438,30.764999389648438,1000,0.0,0.0,0.0
2024-10-17 12:06:00-04:00,30.76889991760254,30.769699096679688,30.76889991760254,30.769699096679688,4701,0.0,0.0,0.0
2024-10-17 12:07:00-04:00,30.764999389648438,30.764999389648438,30.764999389648438,30.764999389648438,389,0.0,0.0,0.0
2024-10-17 12:10:00-04:00,30.760000228881836,30.760000228881836,30.760000228881836,30.760000228881836,100,0.0,0.0,0.0
2024-10-17 12:11:00-04:00,30.764999389648438,30.764999389648438,30.760000228881836,30.760000228881836,727,0.0,0.0,0.0
2024-10-17 12:12:00-04:00,30.768800735473633,30.768800735473633,30.768800735473633,30.768800735473633,464,0.0,0.0,0.0
2024-10-17 12:13:00-04:00,30.76889991760254,30.76889991760254,30.76889991760254,30.76889991760254,2207,0.0,0.0,0.0
2024-10-17 12:14:00-04:00,30.76889991760254,30.76889991760254,30.76889991760254,30.76889991760254,3244,0.0,0.0,0.0
2024-10-17 12:16:00-04:00,30.764999389648438,30.764999389648438,30.764999389648438,30.764999389648438,721,0.0,0.0,0.0
2024-10-17 12:17:00-04:00,30.764999389648438,30.764999389648438,30.764999389648438,30.764999389648438,200,0.0,0.0,0.0
2024-10-17 12:18:00-04:00,30.769899368286133,30.769899368286133,30.769899368286133,30.769899368286133,113,0.0,0.0,0.0
2024-10-17 12:19:00-04:00,30.764999389648438,30.764999389648438,30.764999389648438,30.764999389648438,264,0.0,0.0,0.0
2024-10-17 12:20:00-04:00,30.764999389648438,30.768800735473633,30.763687133789062,30.763687133789062,854,0.0,0.0,0.0
2024-10-17 12:21:00-04:00,30.770000457763672,30.770000457763672,30.760000228881836,30.760000228881836,303,0.0,0.0,0.0
2024-10-17 12:22:00-04:00,30.764999389648438,30.764999389648438,30.764999389648438,30.764999389648438,225,0.0,0.0,0.0
2024-10-17 12:23:00-04:00,30.765300750732422,30.770000457763672,30.764999389648438,30.764999389648438,1021,0.0,0.0,0.0
2024-10-17 12:25:00-04:00,30.764999389648438,30.764999389648438,30.764999389648438,30.764999389648438,368,0.0,0.0,0.0
2024-10-17 12:26:00-04:00,30.765300750732422,30.770000457763672,30.765300750732422,30.770000457763672,1174,0.0,0.0,0.0
2024-10-17 12:27:00-04:00,30.764999389648438,30.764999389648438,30.764999389648438,30.764999389648438,103,0.0,0.0,0.0
2024-10-17 12:28:00-04:00,30.765300750732422,30.770000457763672,30.764999389648438,30.764999389648438,674,0.0,0.0,0.0
2024-10-17 12:30:00-04:00,30.764999389648438,30.764999389648438,30.761199951171875,30.761199951171875,490,0.0,0.0,0.0
2024-10-17 12:31:00-04:00,30.760000228881836,30.764999389648438,30.760000228881836,30.764999389648438,367,0.0,0.0,0.0
2024-10-17 12:33:00-04:00,30.764999389648438,30.764999389648438,30.764999389648438,30.764999389648438,100,0.0,0.0,0.0
2024-10-17 12:34:00-04:00,30.764999389648438,30.764999389648438,30.764999389648438,30.764999389648438,100,0.0,0.0,0.0
2024-10-17 12:36:00-04:00,30.764999389648438,30.764999389648438,30.764999389648438,30.764999389648438,348,0.0,0.0,0.0
2024-10-17 12:37:00-04:00,30.765300750732422,30.770000457763672,30.760000228881836,30.760000228881836,914,0.0,0.0,0.0
2024-10-17 12:39:00-04:00,30.768999099731445,30.768999099731445,30.768999099731445,30.768999099731445,3001,0.0,0.0,0.0
2024-10-17 12:40:00-04:00,30.766399383544922,30.766399383544922,30.766399383544922,30.766399383544922,948,0.0,0.0,0.0
2024-10-17 12:42:00-04:00,30.764999389648438,30.764999389648438,30.764999389648438,30.764999389648438,100,0.0,0.0,0.0
2024-10-17 12:43:00-04:00,30.764999389648438,30.770000457763672,30.764999389648438,30.770000457763672,614,0.0,0.0,0.0
2024-10-17 12:46:00-04:00,30.76129913330078,30.76129913330078,30.76129913330078,30.76129913330078,230,0.0,0.0,0.0
2024-10-17 12:48:00-04:00,30.764999389648438,30.764999389648438,30.764999389648438,30.764999389648438,111,0.0,0.0,0.0
2024-10-17 12:49:00-04:00,30.760000228881836,30.760000228881836,30.760000228881836,30.760000228881836,303,0.0,0.0,0.0
2024-10-17 12:51:00-04:00,30.760000228881836,30.760000228881836,30.760000228881836,30.760000228881836,213,0.0,0.0,0.0
2024-10-17 12:55:00-04:00,30.760000228881836,30.760000228881836,30.760000228881836,30.760000228881836,1329,0.0,0.0,0.0
2024-10-17 12:58:00-04:00,30.764999389648438,30.764999389648438,30.764999389648438,30.764999389648438,100,0.0,0.0,0.0
2024-10-17 13:00:00-04:00,30.765399932861328,30.765399932861328,30.764999389648438,30.764999389648438,1159,0.0,0.0,0.0
2024-10-17 13:01:00-04:00,30.770000457763672,30.770000457763672,30.764999389648438,30.764999389648438,539,0.0,0.0,0.0
2024-10-17 13:03:00-04:00,30.760000228881836,30.760000228881836,30.760000228881836,30.760000228881836,214,0.0,0.0,0.0
2024-10-17 13:05:00-04:00,30.764999389648438,30.764999389648438,30.760000228881836,30.760000228881836,931,0.0,0.0,0.0
2024-10-17 13:06:00-04:00,30.770000457763672,30.770000457763672,30.76689910888672,30.76689910888672,872,0.0,0.0,0.0
2024-10-17 13:07:00-04:00,30.764999389648438,30.764999389648438,30.764999389648438,30.764999389648438,255,0.0,0.0,0.0
2024-10-17 13:08:00-04:00,30.764999389648438,30.764999389648438,30.760000228881836,30.763900756835938,712,0.0,0.0,0.0
2024-10-17 13:09:00-04:00,30.764999389648438,30.764999389648438,30.764999389648438,30.764999389648438,315,0.0,0.0,0.0
2024-10-17 13:11:00-04:00,30.764999389648438,30.764999389648438,30.764999389648438,30.764999389648438,122,0.0,0.0,0.0
2024-10-17 13:12:00-04:00,30.770000457763672,30.770000457763672,30.769899368286133,30.769899368286133,386,0.0,0.0,0.0
2024-10-17 13:13:00-04:00,30.769899368286133,30.769899368286133,30.764999389648438,30.764999389648438,745,0.0,0.0,0.0
2024-10-17 13:18:00-04:00,30.764999389648438,30.764999389648438,30.761199951171875,30.761199951171875,626,0.0,0.0,0.0
2024-10-17 13:20:00-04:00,30.76889991760254,30.76889991760254,30.76889991760254,30.76889991760254,100,0.0,0.0,0.0
2024-10-17 13:21:00-04:00,30.761199951171875,30.761199951171875,30.761199951171875,30.761199951171875,254,0.0,0.0,0.0
2024-10-17 13:25:00-04:00,30.768999099731445,30.768999099731445,30.764999389648438,30.764999389648438,2420,0.0,0.0,0.0
2024-10-17 13:27:00-04:00,30.764999389648438,30.764999389648438,30.760000228881836,30.760000228881836,576,0.0,0.0,0.0
2024-10-17 13:35:00-04:00,30.764999389648438,30.765600204467773,30.764999389648438,30.764999389648438,3830,0.0,0.0,0.0
2024-10-17 13:47:00-04:00,30.760000228881836,30.760000228881836,30.760000228881836,30.760000228881836,163,0.0,0.0,0.0
2024-10-17 13:48:00-04:00,30.764999389648438,30.764999389648438,30.760000228881836,30.764999389648438,1600,0.0,0.0,0.0
2024-10-17 13:50:00-04:00,30.76889991760254,30.76889991760254,30.76889991760254,30.76889991760254,586,0.0,0.0,0.0
2024-10-17 13:55:00-04:00,30.764999389648438,30.764999389648438,30.764999389648438,30.764999389648438,169,0.0,0.0,0.0
2024-10-17 13:57:00-04:00,30.764299392700195,30.764299392700195,30.764299392700195,30.764299392700195,147,0.0,0.0,0.0
2024-10-17 13:59:00-04:00,30.764999389648438,30.764999389648438,30.764999389648438,30.764999389648438,311,0.0,0.0,0.0
2024-10-17 14:02:00-04:00,30.760099411010742,30.760099411010742,30.760099411010742,30.760099411010742,2983,0.0,0.0,0.0
2024-10-17 14:06:00-04:00,30.760000228881836,30.764999389648438,30.760000228881836,30.764999389648438,200,0.0,0.0,0.0
2024-10-17 14:07:00-04:00,30.761199951171875,30.761199951171875,30.761199951171875,30.761199951171875,453,0.0,0.0,0.0
2024-10-17 14:11:00-04:00,30.764699935913086,30.764699935913086,30.764699935913086,30.764699935913086,411,0.0,0.0,0.0
2024-10-17 14:14:00-04:00,30.761199951171875,30.761199951171875,30.760000228881836,30.760000228881836,436,0.0,0.0,0.0
2024-10-17 14:16:00-04:00,30.769899368286133,30.769899368286133,30.769899368286133,30.769899368286133,848,0.0,0.0,0.0
2024-10-17 14:19:00-04:00,30.765300750732422,30.770000457763672,30.765300750732422,30.770000457763672,1067,0.0,0.0,0.0
2024-10-17 14:22:00-04:00,30.764999389648438,30.76889991760254,30.764999389648438,30.76889991760254,499,0.0,0.0,0.0
2024-10-17 14:29:00-04:00,30.763999938964844,30.763999938964844,30.760000228881836,30.760000228881836,1088,0.0,0.0,0.0
2024-10-17 14:31:00-04:00,30.770000457763672,30.770000457763672,30.769899368286133,30.769899368286133,456,0.0,0.0,0.0
2024-10-17 14:33:00-04:00,30.760099411010742,30.770000457763672,30.760000228881836,30.76889991760254,3076,0.0,0.0,0.0
2024-10-17 14:38:00-04:00,30.76259994506836,30.76259994506836,30.76259994506836,30.76259994506836,4125,0.0,0.0,0.0
2024-10-17 14:39:00-04:00,30.764999389648438,30.764999389648438,30.764999389648438,30.764999389648438,260,0.0,0.0,0.0
2024-10-17 14:42:00-04:00,30.760000228881836,30.760000228881836,30.760000228881836,30.760000228881836,520,0.0,0.0,0.0
2024-10-17 14:44:00-04:00,30.764999389648438,30.770000457763672,30.761199951171875,30.761199951171875,4651,0.0,0.0,0.0
2024-10-17 14:45:00-04:00,30.76740074157715,30.769899368286133,30.76740074157715,30.769899368286133,1821,0.0,0.0,0.0
2024-10-17 14:46:00-04:00,30.761199951171875,30.76889991760254,30.761199951171875,30.76889991760254,371,0.0,0.0,0.0
2024-10-17 14:47:00-04:00,30.768999099731445,30.768999099731445,30.768999099731445,30.768999099731445,402,0.0,0.0,0.0
2024-10-17 14:48:00-04:00,30.764999389648438,30.770000457763672,30.760000228881836,30.764999389648438,4926,0.0,0.0,0.0
2024-10-17 14:51:00-04:00,30.769399642944336,30.769399642944336,30.764999389648438,30.764999389648438,7400,0.0,0.0,0.0
2024-10-17 14:52:00-04:00,30.769399642944336,30.769399642944336,30.764999389648438,30.766000747680664,7472,0.0,0.0,0.0
2024-10-17 14:58:00-04:00,30.764999389648438,30.764999389648438,30.764999389648438,30.764999389648438,268,0.0,0.0,0.0
2024-10-17 14:59:00-04:00,30.76889991760254,30.76889991760254,30.76889991760254,30.76889991760254,441,0.0,0.0,0.0
2024-10-17 15:00:00-04:00,30.766000747680664,30.766000747680664,30.766000747680664,30.766000747680664,570,0.0,0.0,0.0
2024-10-17 15:01:00-04:00,30.764999389648438,30.764999389648438,30.764999389648438,30.764999389648438,1726,0.0,0.0,0.0
2024-10-17 15:02:00-04:00,30.770000457763672,30.770000457763672,30.766000747680664,30.766000747680664,1050,0.0,0.0,0.0
2024-10-17 15:05:00-04:00,30.768999099731445,30.768999099731445,30.760000228881836,30.760000228881836,5753,0.0,0.0,0.0
2024-10-17 15:06:00-04:00,30.764999389648438,30.764999389648438,30.760000228881836,30.760000228881836,6255,0.0,0.0,0.0
2024-10-17 15:07:00-04:00,30.764999389648438,30.764999389648438,30.764999389648438,30.764999389648438,800,0.0,0.0,0.0
2024-10-17 15:08:00-04:00,30.764699935913086,30.764699935913086,30.760000228881836,30.760000228881836,609,0.0,0.0,0.0
2024-10-17 15:13:00-04:00,30.766799926757812,30.766799926757812,30.764999389648438,30.764999389648438,413,0.0,0.0,0.0
2024-10-17 15:14:00-04:00,30.764999389648438,30.770000457763672,30.760000228881836,30.766000747680664,1539,0.0,0.0,0.0
2024-10-17 15:16:00-04:00,30.764999389648438,30.764999389648438,30.760000228881836,30.764999389648438,2947,0.0,0.0,0.0
2024-10-17 15:17:00-04:00,30.770000457763672,30.770000457763672,30.763999938964844,30.763999938964844,388,0.0,0.0,0.0
2024-10-17 15:20:00-04:00,30.770000457763672,30.770000457763672,30.760299682617188,30.760299682617188,1118,0.0,0.0,0.0
2024-10-17 15:24:00-04:00,30.761199951171875,30.761199951171875,30.761199951171875,30.761199951171875,591,0.0,0.0,0.0
2024-10-17 15:25:00-04:00,30.764999389648438,30.764999389648438,30.760000228881836,30.760000228881836,5513,0.0,0.0,0.0
2024-10-17 15:27:00-04:00,30.764999389648438,30.764999389648438,30.764999389648438,30.764999389648438,100,0.0,0.0,0.0
2024-10-17 15:28:00-04:00,30.764999389648438,30.764999389648438,30.764999389648438,30.764999389648438,479,0.0,0.0,0.0
2024-10-17 15:30:00-04:00,30.764999389648438,30.770000457763672,30.760000228881836,30.764999389648438,4458,0.0,0.0,0.0
2024-10-17 15:31:00-04:00,30.764999389648438,30.770000457763672,30.760000228881836,30.770000457763672,5088,0.0,0.0,0.0
2024-10-17 15:32:00-04:00,30.770000457763672,30.770000457763672,30.770000457763672,30.770000457763672,4016,0.0,0.0,0.0
2024-10-17 15:33:00-04:00,30.770000457763672,30.770000457763672,30.76449966430664,30.770000457763672,11686,0.0,0.0,0.0
2024-10-17 15:34:00-04:00,30.770000457763672,30.770000457763672,30.764999389648438,30.770000457763672,26437,0.0,0.0,0.0
2024-10-17 15:35:00-04:00,30.770000457763672,30.770000457763672,30.770000457763672,30.770000457763672,6345,0.0,0.0,0.0
2024-10-17 15:36:00-04:00,30.770000457763672,30.770000457763672,30.76889991760254,30.770000457763672,6058,0.0,0.0,0.0
2024-10-17 15:37:00-04:00,30.770000457763672,30.770000457763672,30.760000228881836,30.770000457763672,6880,0.0,0.0,0.0
2024-10-17 15:38:00-04:00,30.770000457763672,30.770000457763672,30.770000457763672,30.770000457763672,3300,0.0,0.0,0.0
2024-10-17 15:39:00-04:00,30.770000457763672,30.770000457763672,30.764999389648438,30.770000457763672,5451,0.0,0.0,0.0
2024-10-17 15:40:00-04:00,30.770000457763672,30.770000457763672,30.760099411010742,30.770000457763672,4388,0.0,0.0,0.0
2024-10-17 15:41:00-04:00,30.770000457763672,30.774999618530273,30.760000228881836,30.774999618530273,15664,0.0,0.0,0.0
2024-10-17 15:42:00-04:00,30.77400016784668,30.774999618530273,30.770000457763672,30.770000457763672,1020,0.0,0.0,0.0
2024-10-17 15:45:00-04:00,30.770000457763672,30.778799057006836,30.770000457763672,30.770000457763672,25829,0.0,0.0,0.0
2024-10-17 15:46:00-04:00,30.774999618530273,30.780000686645508,30.770000457763672,30.774999618530273,38964,0.0,0.0,0.0
2024-10-17 15:47:00-04:00,30.774999618530273,30.774999618530273,30.770000457763672,30.774999618530273,3186,0.0,0.0,0.0
2024-10-17 15:48:00-04:00,30.774999618530273,30.778799057006836,30.774999618530273,30.774999618530273,20388,0.0,0.0,0.0
2024-10-17 15:49:00-04:00,30.774999618530273,30.774999618530273,30.771499633789062,30.774999618530273,3054,0.0,0.0,0.0
2024-10-17 15:50:00-04:00,30.770000457763672,30.780000686645508,30.770000457763672,30.774999618530273,25543,0.0,0.0,0.0
2024-10-17 15:51:00-04:00,30.77989959716797,30.77989959716797,30.77989959716797,30.77989959716797,3785,0.0,0.0,0.0
2024-10-17 15:52:00-04:00,30.771400451660156,30.771400451660156,30.771400451660156,30.771400451660156,355,0.0,0.0,0.0
2024-10-17 15:53:00-04:00,30.780000686645508,30.780000686645508,30.780000686645508,30.780000686645508,111,0.0,0.0,0.0
2024-10-17 15:54:00-04:00,30.771400451660156,30.771400451660156,30.771400451660156,30.771400451660156,462,0.0,0.0,0.0
2024-10-17 15:56:00-04:00,30.774999618530273,30.774999618530273,30.774999618530273,30.774999618530273,696,0.0,0.0,0.0
2024-10-17 15:58:00-04:00,30.774999618530273,30.774999618530273,30.774999618530273,30.774999618530273,2075,0.0,0.0,0.0
2024-10-17 15:59:00-04:00,30.774999618530273,30.780000686645508,30.774999618530273,30.780000686645508,7783,0.0,0.0,0.0
2024-10-18 09:30:00-04:00,30.790000915527344,30.790000915527344,30.790000915527344,30.790000915527344,6289,0.0,0.0,0.0
2024-10-18 09:32:00-04:00,30.790000915527344,30.790000915527344,30.790000915527344,30.790000915527344,809,0.0,0.0,0.0
2024-10-18 09:33:00-04:00,30.790000915527344,30.790000915527344,30.784400939941406,30.790000915527344,932,0.0,0.0,0.0
2024-10-18 09:34:00-04:00,30.78499984741211,30.790000915527344,30.78499984741211,30.790000915527344,800,0.0,0.0,0.0
2024-10-18 09:35:00-04:00,30.790000915527344,30.790000915527344,30.790000915527344,30.790000915527344,602,0.0,0.0,0.0
2024-10-18 09:36:00-04:00,30.790000915527344,30.790000915527344,30.790000915527344,30.790000915527344,500,0.0,0.0,0.0
2024-10-18 09:37:00-04:00,30.790000915527344,30.790000915527344,30.789199829101562,30.790000915527344,1210,0.0,0.0,0.0
2024-10-18 09:38:00-04:00,30.790000915527344,30.790000915527344,30.789199829101562,30.790000915527344,974,0.0,0.0,0.0
2024-10-18 09:39:00-04:00,30.790000915527344,30.790000915527344,30.7893009185791,30.790000915527344,6420,0.0,0.0,0.0
2024-10-18 09:40:00-04:00,30.790000915527344,30.790000915527344,30.790000915527344,30.790000915527344,664,0.0,0.0,0.0
2024-10-18 09:42:00-04:00,30.7893009185791,30.7893009185791,30.7893009185791,30.7893009185791,1127,0.0,0.0,0.0
2024-10-18 09:43:00-04:00,30.78499984741211,30.78499984741211,30.78499984741211,30.78499984741211,153,0.0,0.0,0.0
2024-10-18 09:44:00-04:00,30.785999298095703,30.790000915527344,30.785999298095703,30.790000915527344,2554,0.0,0.0,0.0
2024-10-18 09:45:00-04:00,30.78499984741211,30.78499984741211,30.78499984741211,30.78499984741211,595,0.0,0.0,0.0
2024-10-18 09:46:00-04:00,30.78499984741211,30.790000915527344,30.78499984741211,30.790000915527344,2355,0.0,0.0,0.0
2024-10-18 09:47:00-04:00,30.78499984741211,30.78499984741211,30.78499984741211,30.78499984741211,100,0.0,0.0,0.0
2024-10-18 09:48:00-04:00,30.78499984741211,30.78499984741211,30.780099868774414,30.781200408935547,3228,0.0,0.0,0.0
2024-10-18 09:49:00-04:00,30.790000915527344,30.790000915527344,30.78499984741211,30.78499984741211,676,0.0,0.0,0.0
2024-10-18 09:50:00-04:00,30.78499984741211,30.78499984741211,30.78499984741211,30.78499984741211,100,0.0,0.0,0.0
2024-10-18 09:51:00-04:00,30.780799865722656,30.78499984741211,30.780000686645508,30.78499984741211,16051,0.0,0.0,0.0
2024-10-18 09:53:00-04:00,30.78499984741211,30.78499984741211,30.78499984741211,30.78499984741211,400,0.0,0.0,0.0
2024-10-18 09:54:00-04:00,30.78499984741211,30.78499984741211,30.78499984741211,30.78499984741211,816,0.0,0.0,0.0
2024-10-18 09:55:00-04:00,30.78499984741211,30.78499984741211,30.78499984741211,30.78499984741211,1000,0.0,0.0,0.0
2024-10-18 09:56:00-04:00,30.78499984741211,30.78499984741211,30.78499984741211,30.78499984741211,900,0.0,0.0,0.0
2024-10-18 09:57:00-04:00,30.78499984741211,30.78499984741211,30.78499984741211,30.78499984741211,3336,0.0,0.0,0.0
2024-10-18 09:58:00-04:00,30.78499984741211,30.78499984741211,30.78499984741211,30.78499984741211,4876,0.0,0.0,0.0
2024-10-18 09:59:00-04:00,30.78499984741211,30.78499984741211,30.78499984741211,30.78499984741211,586,0.0,0.0,0.0
2024-10-18 10:00:00-04:00,30.78499984741211,30.790000915527344,30.781299591064453,30.790000915527344,3558,0.0,0.0,0.0
2024-10-18 10:01:00-04:00,30.78499984741211,30.786699295043945,30.78499984741211,30.786699295043945,4055,0.0,0.0,0.0
2024-10-18 10:02:00-04:00,30.78499984741211,30.789899826049805,30.78499984741211,30.78499984741211,1909,0.0,0.0,0.0
2024-10-18 10:03:00-04:00,30.78499984741211,30.786699295043945,30.78499984741211,30.78499984741211,2793,0.0,0.0,0.0
2024-10-18 10:04:00-04:00,30.78499984741211,30.789899826049805,30.78499984741211,30.78890037536621,2937,0.0,0.0,0.0
2024-10-18 10:05:00-04:00,30.78499984741211,30.78499984741211,30.780000686645508,30.78499984741211,3540,0.0,0.0,0.0
2024-10-18 10:06:00-04:00,30.78499984741211,30.78499984741211,30.78499984741211,30.78499984741211,814,0.0,0.0,0.0
2024-10-18 10:07:00-04:00,30.78499984741211,30.78499984741211,30.78499984741211,30.78499984741211,479,0.0,0.0,0.0
2024-10-18 10:08:00-04:00,30.78499984741211,30.78499984741211,30.78499984741211,30.78499984741211,1296,0.0,0.0,0.0
2024-10-18 10:09:00-04:00,30.78499984741211,30.789899826049805,30.78499984741211,30.78499984741211,1639,0.0,0.0,0.0
2024-10-18 10:10:00-04:00,30.78499984741211,30.78499984741211,30.78499984741211,30.78499984741211,793,0.0,0.0,0.0
2024-10-18 10:11:00-04:00,30.78499984741211,30.78499984741211,30.78499984741211,30.78499984741211,328,0.0,0.0,0.0
2024-10-18 10:12:00-04:00,30.78499984741211,30.78499984741211,30.78499984741211,30.78499984741211,952,0.0,0.0,0.0
2024-10-18 10:13:00-04:00,30.78499984741211,30.78499984741211,30.78499984741211,30.78499984741211,717,0.0,0.0,0.0
2024-10-18 10:14:00-04:00,30.78499984741211,30.78499984741211,30.78499984741211,30.78499984741211,601,0.0,0.0,0.0
2024-10-18 10:15:00-04:00,30.78499984741211,30.78499984741211,30.78499984741211,30.78499984741211,516,0.0,0.0,0.0
2024-10-18 10:16:00-04:00,30.78499984741211,30.78499984741211,30.78499984741211,30.78499984741211,400,0.0,0.0,0.0
2024-10-18 10:17:00-04:00,30.78499984741211,30.78499984741211,30.78499984741211,30.78499984741211,300,0.0,0.0,0.0
2024-10-18 10:18:00-04:00,30.78499984741211,30.78890037536621,30.781299591064453,30.78499984741211,2238,0.0,0.0,0.0
2024-10-18 10:19:00-04:00,30.78499984741211,30.78499984741211,30.78499984741211,30.78499984741211,1500,0.0,0.0,0.0
2024-10-18 10:20:00-04:00,30.78499984741211,30.78499984741211,30.78499984741211,30.78499984741211,205,0.0,0.0,0.0
2024-10-18 10:21:00-04:00,30.78499984741211,30.78499984741211,30.78499984741211,30.78499984741211,100,0.0,0.0,0.0
2024-10-18 10:22:00-04:00,30.78499984741211,30.790000915527344,30.78499984741211,30.78499984741211,434,0.0,0.0,0.0
2024-10-18 10:23:00-04:00,30.78499984741211,30.78499984741211,30.78499984741211,30.78499984741211,600,0.0,0.0,0.0
2024-10-18 10:24:00-04:00,30.78499984741211,30.78499984741211,30.78499984741211,30.78499984741211,607,0.0,0.0,0.0
2024-10-18 10:25:00-04:00,30.78499984741211,30.78499984741211,30.78499984741211,30.78499984741211,1289,0.0,0.0,0.0
2024-10-18 10:26:00-04:00,30.78499984741211,30.78499984741211,30.78499984741211,30.78499984741211,624,0.0,0.0,0.0
2024-10-18 10:27:00-04:00,30.78499984741211,30.78890037536621,30.78499984741211,30.78499984741211,1333,0.0,0.0,0.0
2024-10-18 10:28:00-04:00,30.790000915527344,30.790000915527344,30.78499984741211,30.790000915527344,646,0.0,0.0,0.0
2024-10-18 10:29:00-04:00,30.790000915527344,30.790000915527344,30.78499984741211,30.78499984741211,1504,0.0,0.0,0.0
2024-10-18 10:30:00-04:00,30.790000915527344,30.790000915527344,30.78499984741211,30.78499984741211,2109,0.0,0.0,0.0
2024-10-18 10:31:00-04:00,30.78499984741211,30.78499984741211,30.78499984741211,30.78499984741211,100,0.0,0.0,0.0
2024-10-18 10:32:00-04:00,30.78499984741211,30.790000915527344,30.78499984741211,30.790000915527344,2300,0.0,0.0,0.0
2024-10-18 10:33:00-04:00,30.78499984741211,30.790000915527344,30.78499984741211,30.790000915527344,500,0.0,0.0,0.0
2024-10-18 10:34:00-04:00,30.790000915527344,30.790000915527344,30.790000915527344,30.790000915527344,745,0.0,0.0,0.0
2024-10-18 10:35:00-04:00,30.790000915527344,30.790000915527344,30.790000915527344,30.790000915527344,501,0.0,0.0,0.0
2024-10-18 10:36:00-04:00,30.790000915527344,30.790000915527344,30.790000915527344,30.790000915527344,480,0.0,0.0,0.0
2024-10-18 10:37:00-04:00,30.790000915527344,30.790000915527344,30.790000915527344,30.790000915527344,400,0.0,0.0,0.0
2024-10-18 10:38:00-04:00,30.790000915527344,30.790000915527344,30.790000915527344,30.790000915527344,400,0.0,0.0,0.0
2024-10-18 10:39:00-04:00,30.790000915527344,30.790000915527344,30.78499984741211,30.790000915527344,983,0.0,0.0,0.0
2024-10-18 10:40:00-04:00,30.790000915527344,30.790000915527344,30.78499984741211,30.790000915527344,650,0.0,0.0,0.0
2024-10-18 10:41:00-04:00,30.790000915527344,30.790000915527344,30.78499984741211,30.78700065612793,801,0.0,0.0,0.0
2024-10-18 10:43:00-04:00,30.786300659179688,30.786300659179688,30.786300659179688,30.786300659179688,303,0.0,0.0,0.0
2024-10-18 10:44:00-04:00,30.78499984741211,30.790000915527344,30.78499984741211,30.790000915527344,2000,0.0,0.0,0.0
2024-10-18 10:46:00-04:00,30.7898006439209,30.7898006439209,30.788999557495117,30.788999557495117,319,0.0,0.0,0.0
2024-10-18 10:47:00-04:00,30.78499984741211,30.78499984741211,30.781299591064453,30.781299591064453,929,0.0,0.0,0.0
2024-10-18 10:48:00-04:00,30.789899826049805,30.790000915527344,30.789899826049805,30.790000915527344,3548,0.0,0.0,0.0
2024-10-18 10:49:00-04:00,30.780000686645508,30.780000686645508,30.780000686645508,30.780000686645508,823,0.0,0.0,0.0
2024-10-18 10:50:00-04:00,30.784000396728516,30.784000396728516,30.784000396728516,30.784000396728516,795,0.0,0.0,0.0
2024-10-18 10:51:00-04:00,30.78499984741211,30.78499984741211,30.78499984741211,30.78499984741211,204,0.0,0.0,0.0
2024-10-18 10:52:00-04:00,30.78499984741211,30.790000915527344,30.781299591064453,30.781299591064453,3656,0.0,0.0,0.0
2024-10-18 10:53:00-04:00,30.790000915527344,30.790000915527344,30.790000915527344,30.790000915527344,100,0.0,0.0,0.0
2024-10-18 10:55:00-04:00,30.780099868774414,30.790000915527344,30.780000686645508,30.790000915527344,1762,0.0,0.0,0.0
2024-10-18 10:56:00-04:00,30.784000396728516,30.790000915527344,30.784000396728516,30.790000915527344,2501,0.0,0.0,0.0
2024-10-18 10:57:00-04:00,30.78499984741211,30.78499984741211,30.78499984741211,30.78499984741211,739,0.0,0.0,0.0
2024-10-18 10:58:00-04:00,30.78499984741211,30.785999298095703,30.78499984741211,30.78499984741211,4060,0.0,0.0,0.0
2024-10-18 10:59:00-04:00,30.78499984741211,30.78499984741211,30.78499984741211,30.78499984741211,100,0.0,0.0,0.0
2024-10-18 11:00:00-04:00,30.78499984741211,30.78499984741211,30.78499984741211,30.78499984741211,1427,0.0,0.0,0.0
2024-10-18 11:01:00-04:00,30.78499984741211,30.78499984741211,30.78499984741211,30.78499984741211,3577,0.0,0.0,0.0
2024-10-18 11:02:00-04:00,30.788999557495117,30.788999557495117,30.78499984741211,30.78499984741211,2104,0.0,0.0,0.0
2024-10-18 11:03:00-04:00,30.784000396728516,30.790000915527344,30.784000396728516,30.78499984741211,3038,0.0,0.0,0.0
2024-10-18 11:05:00-04:00,30.78499984741211,30.78499984741211,30.78499984741211,30.78499984741211,1519,0.0,0.0,0.0
2024-10-18 11:06:00-04:00,30.78499984741211,30.78499984741211,30.78499984741211,30.78499984741211,100,0.0,0.0,0.0
2024-10-18 11:07:00-04:00,30.7898006439209,30.7898006439209,30.780000686645508,30.780000686645508,11281,0.0,0.0,0.0
2024-10-18 11:08:00-04:00,30.781200408935547,30.78499984741211,30.781200408935547,30.78499984741211,3000,0.0,0.0,0.0
2024-10-18 11:09:00-04:00,30.78499984741211,30.78499984741211,30.78499984741211,30.78499984741211,159,0.0,0.0,0.0
2024-10-18 11:10:00-04:00,30.780000686645508,30.780000686645508,30.780000686645508,30.780000686645508,187,0.0,0.0,0.0
2024-10-18 11:11:00-04:00,30.78499984741211,30.78499984741211,30.78499984741211,30.78499984741211,200,0.0,0.0,0.0
2024-10-18 11:12:00-04:00,30.790000915527344,30.790000915527344,30.78499984741211,30.78499984741211,2100,0.0,0.0,0.0
2024-10-18 11:13:00-04:00,30.78499984741211,30.78499984741211,30.78499984741211,30.78499984741211,300,0.0,0.0,0.0
2024-10-18 11:14:00-04:00,30.78499984741211,30.78499984741211,30.78499984741211,30.78499984741211,210,0.0,0.0,0.0
2024-10-18 11:15:00-04:00,30.78499984741211,30.78499984741211,30.78499984741211,30.78499984741211,100,0.0,0.0,0.0
2024-10-18 11:16:00-04:00,30.780000686645508,30.78499984741211,30.780000686645508,30.78499984741211,2100,0.0,0.0,0.0
2024-10-18 11:17:00-04:00,30.78499984741211,30.78499984741211,30.780000686645508,30.78499984741211,10403,0.0,0.0,0.0
2024-10-18 11:18:00-04:00,30.78499984741211,30.78499984741211,30.78499984741211,30.78499984741211,107,0.0,0.0,0.0
2024-10-18 11:19:00-04:00,30.78499984741211,30.78499984741211,30.78499984741211,30.78499984741211,100,0.0,0.0,0.0
2024-10-18 11:20:00-04:00,30.780000686645508,30.78499984741211,30.780000686645508,30.78499984741211,1200,0.0,0.0,0.0
2024-10-18 11:21:00-04:00,30.78499984741211,30.78499984741211,30.78499984741211,30.78499984741211,1101,0.0,0.0,0.0
2024-10-18 11:22:00-04:00,30.78499984741211,30.78499984741211,30.78499984741211,30.78499984741211,600,0.0,0.0,0.0
2024-10-18 11:23:00-04:00,30.78499984741211,30.78499984741211,30.78499984741211,30.78499984741211,1466,0.0,0.0,0.0
2024-10-18 11:24:00-04:00,30.78499984741211,30.786022186279297,30.78499984741211,30.78499984741211,1150,0.0,0.0,0.0
2024-10-18 11:25:00-04:00,30.78499984741211,30.78499984741211,30.78499984741211,30.78499984741211,100,0.0,0.0,0.0
2024-10-18 11:26:00-04:00,30.78499984741211,30.789899826049805,30.78499984741211,30.78499984741211,3269,0.0,0.0,0.0
2024-10-18 11:27:00-04:00,30.78499984741211,30.78890037536621,30.78499984741211,30.78499984741211,1090,0.0,0.0,0.0
2024-10-18 11:28:00-04:00,30.78499984741211,30.78499984741211,30.78499984741211,30.78499984741211,801,0.0,0.0,0.0
2024-10-18 11:29:00-04:00,30.78499984741211,30.78969955444336,30.78499984741211,30.78499984741211,2400,0.0,0.0,0.0
2024-10-18 11:30:00-04:00,30.790000915527344,30.790000915527344,30.78499984741211,30.78499984741211,509,0.0,0.0,0.0
2024-10-18 11:31:00-04:00,30.78499984741211,30.78580093383789,30.78499984741211,30.78499984741211,2228,0.0,0.0,0.0
2024-10-18 11:32:00-04:00,30.78499984741211,30.78499984741211,30.78499984741211,30.78499984741211,500,0.0,0.0,0.0
2024-10-18 11:33:00-04:00,30.78499984741211,30.78499984741211,30.78499984741211,30.78499984741211,921,0.0,0.0,0.0
2024-10-18 11:34:00-04:00,30.78499984741211,30.785200119018555,30.78499984741211,30.78499984741211,556,0.0,0.0,0.0
2024-10-18 11:35:00-04:00,30.78499984741211,30.78499984741211,30.78499984741211,30.78499984741211,685,0.0,0.0,0.0
2024-10-18 11:36:00-04:00,30.78499984741211,30.78890037536621,30.78499984741211,30.78499984741211,2835,0.0,0.0,0.0
2024-10-18 11:37:00-04:00,30.78499984741211,30.78499984741211,30.78499984741211,30.78499984741211,500,0.0,0.0,0.0
2024-10-18 11:38:00-04:00,30.784700393676758,30.78499984741211,30.784700393676758,30.78499984741211,804,0.0,0.0,0.0
2024-10-18 11:39:00-04:00,30.78499984741211,30.78499984741211,30.78499984741211,30.78499984741211,514,0.0,0.0,0.0
2024-10-18 11:40:00-04:00,30.78499984741211,30.78499984741211,30.78499984741211,30.78499984741211,500,0.0,0.0,0.0
2024-10-18 11:41:00-04:00,30.780000686645508,30.78890037536621,30.780000686645508,30.78499984741211,1021,0.0,0.0,0.0
2024-10-18 11:42:00-04:00,30.78499984741211,30.78499984741211,30.78499984741211,30.78499984741211,500,0.0,0.0,0.0
2024-10-18 11:43:00-04:00,30.78499984741211,30.78499984741211,30.78499984741211,30.78499984741211,505,0.0,0.0,0.0
2024-10-18 11:44:00-04:00,30.78499984741211,30.78499984741211,30.780000686645508,30.78499984741211,716,0.0,0.0,0.0
2024-10-18 11:45:00-04:00,30.78499984741211,30.78499984741211,30.78499984741211,30.78499984741211,600,0.0,0.0,0.0
2024-10-18 11:46:00-04:00,30.78499984741211,30.78499984741211,30.78499984741211,30.78499984741211,400,0.0,0.0,0.0
2024-10-18 11:47:00-04:00,30.78499984741211,30.78499984741211,30.78499984741211,30.78499984741211,501,0.0,0.0,0.0
2024-10-18 11:48:00-04:00,30.78499984741211,30.78499984741211,30.78499984741211,30.78499984741211,400,0.0,0.0,0.0
2024-10-18 11:49:00-04:00,30.78499984741211,30.78499984741211,30.78499984741211,30.78499984741211,500,0.0,0.0,0.0
2024-10-18 11:50:00-04:00,30.78499984741211,30.78499984741211,30.78499984741211,30.78499984741211,403,0.0,0.0,0.0
2024-10-18 11:51:00-04:00,30.78499984741211,30.78499984741211,30.78499984741211,30.78499984741211,400,0.0,0.0,0.0
2024-10-18 11:52:00-04:00,30.78499984741211,30.78499984741211,30.78499984741211,30.78499984741211,201,0.0,0.0,0.0
2024-10-18 11:54:00-04:00,30.78499984741211,30.78499984741211,30.78499984741211,30.78499984741211,219,0.0,0.0,0.0
2024-10-18 11:55:00-04:00,30.78499984741211,30.790000915527344,30.78499984741211,30.78499984741211,1302,0.0,0.0,0.0
2024-10-18 12:00:00-04:00,30.78499984741211,30.78499984741211,30.78499984741211,30.78499984741211,121,0.0,0.0,0.0
2024-10-18 12:01:00-04:00,30.790000915527344,30.790000915527344,30.790000915527344,30.790000915527344,1977,0.0,0.0,0.0
2024-10-18 12:03:00-04:00,30.78890037536621,30.78890037536621,30.78890037536621,30.78890037536621,888,0.0,0.0,0.0
2024-10-18 12:04:00-04:00,30.78499984741211,30.78499984741211,30.78499984741211,30.78499984741211,120,0.0,0.0,0.0
2024-10-18 12:05:00-04:00,30.78499984741211,30.78499984741211,30.78499984741211,30.78499984741211,1900,0.0,0.0,0.0
2024-10-18 12:07:00-04:00,30.78499984741211,30.78499984741211,30.78499984741211,30.78499984741211,209,0.0,0.0,0.0
2024-10-18 12:10:00-04:00,30.790000915527344,30.790000915527344,30.78499984741211,30.78499984741211,2049,0.0,0.0,0.0
2024-10-18 12:13:00-04:00,30.790000915527344,30.790000915527344,30.788999557495117,30.788999557495117,316,0.0,0.0,0.0
2024-10-18 12:14:00-04:00,30.790000915527344,30.790000915527344,30.790000915527344,30.790000915527344,1923,0.0,0.0,0.0
2024-10-18 12:15:00-04:00,30.78499984741211,30.78499984741211,30.78499984741211,30.78499984741211,102,0.0,0.0,0.0
2024-10-18 12:17:00-04:00,30.790000915527344,30.790000915527344,30.790000915527344,30.790000915527344,152,0.0,0.0,0.0
2024-10-18 12:18:00-04:00,30.781299591064453,30.781299591064453,30.781299591064453,30.781299591064453,762,0.0,0.0,0.0
2024-10-18 12:19:00-04:00,30.790000915527344,30.790000915527344,30.790000915527344,30.790000915527344,1982,0.0,0.0,0.0
2024-10-18 12:21:00-04:00,30.781299591064453,30.781299591064453,30.781299591064453,30.781299591064453,812,0.0,0.0,0.0
2024-10-18 12:22:00-04:00,30.789100646972656,30.789100646972656,30.789100646972656,30.789100646972656,976,0.0,0.0,0.0
2024-10-18 12:23:00-04:00,30.790000915527344,30.790000915527344,30.790000915527344,30.790000915527344,1452,0.0,0.0,0.0
2024-10-18 12:24:00-04:00,30.78499984741211,30.78499984741211,30.78499984741211,30.78499984741211,108,0.0,0.0,0.0
2024-10-18 12:25:00-04:00,30.790000915527344,30.790000915527344,30.790000915527344,30.790000915527344,100,0.0,0.0,0.0
2024-10-18 12:26:00-04:00,30.790000915527344,30.790000915527344,30.790000915527344,30.790000915527344,100,0.0,0.0,0.0
2024-10-18 12:27:00-04:00,30.790000915527344,30.790000915527344,30.780000686645508,30.780000686645508,893,0.0,0.0,0.0
2024-10-18 12:28:00-04:00,30.78499984741211,30.790000915527344,30.78499984741211,30.790000915527344,2025,0.0,0.0,0.0
2024-10-18 12:29:00-04:00,30.790000915527344,30.790000915527344,30.790000915527344,30.790000915527344,207,0.0,0.0,0.0
2024-10-18 12:30:00-04:00,30.790000915527344,30.790000915527344,30.790000915527344,30.790000915527344,414,0.0,0.0,0.0
2024-10-18 12:31:00-04:00,30.790000915527344,30.790000915527344,30.790000915527344,30.790000915527344,200,0.0,0.0,0.0
2024-10-18 12:32:00-04:00,30.790000915527344,30.790000915527344,30.790000915527344,30.790000915527344,230,0.0,0.0,0.0
2024-10-18 12:33:00-04:00,30.790000915527344,30.790000915527344,30.78499984741211,30.790000915527344,548,0.0,0.0,0.0
2024-10-18 12:34:00-04:00,30.790000915527344,30.790000915527344,30.790000915527344,30.790000915527344,401,0.0,0.0,0.0
2024-10-18 12:35:00-04:00,30.790000915527344,30.790000915527344,30.790000915527344,30.790000915527344,378,0.0,0.0,0.0
2024-10-18 12:36:00-04:00,30.790000915527344,30.790000915527344,30.790000915527344,30.790000915527344,368,0.0,0.0,0.0
2024-10-18 12:37:00-04:00,30.7893009185791,30.7893009185791,30.7893009185791,30.7893009185791,292,0.0,0.0,0.0
2024-10-18 12:38:00-04:00,30.790000915527344,30.790000915527344,30.790000915527344,30.790000915527344,700,0.0,0.0,0.0
2024-10-18 12:39:00-04:00,30.78499984741211,30.78499984741211,30.78499984741211,30.78499984741211,100,0.0,0.0,0.0
2024-10-18 12:40:00-04:00,30.790000915527344,30.790000915527344,30.790000915527344,30.790000915527344,759,0.0,0.0,0.0
2024-10-18 12:42:00-04:00,30.790000915527344,30.790000915527344,30.787099838256836,30.790000915527344,2334,0.0,0.0,0.0
2024-10-18 12:44:00-04:00,30.780099868774414,30.790000915527344,30.780000686645508,30.790000915527344,1160,0.0,0.0,0.0
2024-10-18 12:46:00-04:00,30.790000915527344,30.790000915527344,30.790000915527344,30.790000915527344,700,0.0,0.0,0.0
2024-10-18 12:49:00-04:00,30.790000915527344,30.790000915527344,30.7893009185791,30.7893009185791,831,0.0,0.0,0.0
2024-10-18 12:51:00-04:00,30.790000915527344,30.790000915527344,30.790000915527344,30.790000915527344,759,0.0,0.0,0.0
2024-10-18 12:53:00-04:00,30.790000915527344,30.795000076293945,30.790000915527344,30.790000915527344,13362,0.0,0.0,0.0
2024-10-18 12:54:00-04:00,30.795000076293945,30.795000076293945,30.790000915527344,30.790000915527344,869,0.0,0.0,0.0
2024-10-18 12:55:00-04:00,30.795000076293945,30.795000076293945,30.795000076293945,30.795000076293945,100,0.0,0.0,0.0
2024-10-18 12:56:00-04:00,30.790000915527344,30.795000076293945,30.790000915527344,30.790000915527344,2623,0.0,0.0,0.0
2024-10-18 12:57:00-04:00,30.795000076293945,30.795000076293945,30.790000915527344,30.790000915527344,1002,0.0,0.0,0.0
2024-10-18 13:00:00-04:00,30.795000076293945,30.795000076293945,30.790000915527344,30.790000915527344,605,0.0,0.0,0.0
2024-10-18 13:04:00-04:00,30.795000076293945,30.795000076293945,30.795000076293945,30.795000076293945,329,0.0,0.0,0.0
2024-10-18 13:05:00-04:00,30.795000076293945,30.795000076293945,30.790000915527344,30.790000915527344,268,0.0,0.0,0.0
2024-10-18 13:06:00-04:00,30.790000915527344,30.795000076293945,30.790000915527344,30.795000076293945,2681,0.0,0.0,0.0
2024-10-18 13:08:00-04:00,30.795000076293945,30.795000076293945,30.795000076293945,30.795000076293945,184,0.0,0.0,0.0
2024-10-18 13:09:00-04:00,30.790000915527344,30.795000076293945,30.790000915527344,30.795000076293945,1104,0.0,0.0,0.0
2024-10-18 13:10:00-04:00,30.79010009765625,30.795000076293945,30.79010009765625,30.795000076293945,5631,0.0,0.0,0.0
2024-10-18 13:11:00-04:00,30.795000076293945,30.795000076293945,30.790000915527344,30.790000915527344,279,0.0,0.0,0.0
2024-10-18 13:12:00-04:00,30.795000076293945,30.795000076293945,30.795000076293945,30.795000076293945,424,0.0,0.0,0.0
2024-10-18 13:13:00-04:00,30.795000076293945,30.795000076293945,30.795000076293945,30.795000076293945,453,0.0,0.0,0.0
2024-10-18 13:14:00-04:00,30.795000076293945,30.79990005493164,30.795000076293945,30.79990005493164,1007,0.0,0.0,0.0
2024-10-18 13:15:00-04:00,30.795000076293945,30.795000076293945,30.795000076293945,30.795000076293945,300,0.0,0.0,0.0
2024-10-18 13:16:00-04:00,30.795000076293945,30.795000076293945,30.790000915527344,30.795000076293945,720,0.0,0.0,0.0
2024-10-18 13:17:00-04:00,30.795000076293945,30.7987003326416,30.795000076293945,30.795000076293945,1150,0.0,0.0,0.0
2024-10-18 13:18:00-04:00,30.795000076293945,30.7987003326416,30.795000076293945,30.7987003326416,4160,0.0,0.0,0.0
2024-10-18 13:19:00-04:00,30.795000076293945,30.795000076293945,30.790800094604492,30.795000076293945,1331,0.0,0.0,0.0
2024-10-18 13:20:00-04:00,30.795000076293945,30.795000076293945,30.795000076293945,30.795000076293945,500,0.0,0.0,0.0
2024-10-18 13:21:00-04:00,30.795000076293945,30.799999237060547,30.795000076293945,30.795000076293945,542,0.0,0.0,0.0
2024-10-18 13:22:00-04:00,30.795000076293945,30.795000076293945,30.795000076293945,30.795000076293945,600,0.0,0.0,0.0
2024-10-18 13:23:00-04:00,30.790000915527344,30.7987003326416,30.790000915527344,30.795000076293945,755,0.0,0.0,0.0
2024-10-18 13:24:00-04:00,30.795000076293945,30.795000076293945,30.795000076293945,30.795000076293945,453,0.0,0.0,0.0
2024-10-18 13:25:00-04:00,30.795000076293945,30.795000076293945,30.795000076293945,30.795000076293945,1000,0.0,0.0,0.0
2024-10-18 13:26:00-04:00,30.790000915527344,30.790000915527344,30.790000915527344,30.790000915527344,100,0.0,0.0,0.0
2024-10-18 13:27:00-04:00,30.795000076293945,30.795000076293945,30.795000076293945,30.795000076293945,400,0.0,0.0,0.0
2024-10-18 13:28:00-04:00,30.795000076293945,30.795000076293945,30.795000076293945,30.795000076293945,330,0.0,0.0,0.0
2024-10-18 13:29:00-04:00,30.795000076293945,30.795000076293945,30.795000076293945,30.795000076293945,900,0.0,0.0,0.0
2024-10-18 13:30:00-04:00,30.795000076293945,30.795000076293945,30.795000076293945,30.795000076293945,102,0.0,0.0,0.0
2024-10-18 13:31:00-04:00,30.795000076293945,30.795000076293945,30.795000076293945,30.795000076293945,402,0.0,0.0,0.0
2024-10-18 13:32:00-04:00,30.795000076293945,30.795000076293945,30.795000076293945,30.795000076293945,1068,0.0,0.0,0.0
2024-10-18 13:33:00-04:00,30.795000076293945,30.795000076293945,30.795000076293945,30.795000076293945,1008,0.0,0.0,0.0
2024-10-18 13:34:00-04:00,30.7987003326416,30.7987003326416,30.7987003326416,30.7987003326416,385,0.0,0.0,0.0
2024-10-18 13:35:00-04:00,30.795000076293945,30.795000076293945,30.795000076293945,30.795000076293945,421,0.0,0.0,0.0
2024-10-18 13:36:00-04:00,30.795000076293945,30.795000076293945,30.795000076293945,30.795000076293945,533,0.0,0.0,0.0
2024-10-18 13:37:00-04:00,30.795000076293945,30.795000076293945,30.795000076293945,30.795000076293945,1000,0.0,0.0,0.0
2024-10-18 13:38:00-04:00,30.795000076293945,30.799999237060547,30.790000915527344,30.799999237060547,748,0.0,0.0,0.0
2024-10-18 13:39:00-04:00,30.795000076293945,30.795000076293945,30.795000076293945,30.795000076293945,468,0.0,0.0,0.0
2024-10-18 13:41:00-04:00,30.795000076293945,30.799999237060547,30.790000915527344,30.795000076293945,476,0.0,0.0,0.0
2024-10-18 13:42:00-04:00,30.795000076293945,30.795000076293945,30.795000076293945,30.795000076293945,400,0.0,0.0,0.0
2024-10-18 13:43:00-04:00,30.795000076293945,30.795000076293945,30.790800094604492,30.795000076293945,800,0.0,0.0,0.0
2024-10-18 13:44:00-04:00,30.795000076293945,30.799999237060547,30.795000076293945,30.795000076293945,2025,0.0,0.0,0.0
2024-10-18 13:45:00-04:00,30.795000076293945,30.795000076293945,30.795000076293945,30.795000076293945,400,0.0,0.0,0.0
2024-10-18 13:46:00-04:00,30.795000076293945,30.795000076293945,30.790000915527344,30.795000076293945,600,0.0,0.0,0.0
2024-10-18 13:47:00-04:00,30.795000076293945,30.795000076293945,30.795000076293945,30.795000076293945,620,0.0,0.0,0.0
2024-10-18 13:48:00-04:00,30.795000076293945,30.795000076293945,30.790700912475586,30.795000076293945,606,0.0,0.0,0.0
2024-10-18 13:49:00-04:00,30.795000076293945,30.799999237060547,30.795000076293945,30.795000076293945,5932,0.0,0.0,0.0
2024-10-18 13:50:00-04:00,30.795000076293945,30.795000076293945,30.795000076293945,30.795000076293945,500,0.0,0.0,0.0
2024-10-18 13:51:00-04:00,30.795000076293945,30.795000076293945,30.790000915527344,30.795000076293945,525,0.0,0.0,0.0
2024-10-18 13:52:00-04:00,30.795000076293945,30.795000076293945,30.795000076293945,30.795000076293945,400,0.0,0.0,0.0
2024-10-18 13:53:00-04:00,30.795000076293945,30.795000076293945,30.795000076293945,30.795000076293945,448,0.0,0.0,0.0
2024-10-18 13:54:00-04:00,30.795000076293945,30.795000076293945,30.795000076293945,30.795000076293945,452,0.0,0.0,0.0
2024-10-18 13:55:00-04:00,30.795000076293945,30.795000076293945,30.795000076293945,30.795000076293945,536,0.0,0.0,0.0
2024-10-18 13:56:00-04:00,30.795000076293945,30.795000076293945,30.795000076293945,30.795000076293945,400,0.0,0.0,0.0
2024-10-18 13:57:00-04:00,30.795000076293945,30.795000076293945,30.795000076293945,30.795000076293945,500,0.0,0.0,0.0
2024-10-18 13:58:00-04:00,30.795000076293945,30.795000076293945,30.795000076293945,30.795000076293945,400,0.0,0.0,0.0
2024-10-18 13:59:00-04:00,30.795000076293945,30.798799514770508,30.79010009765625,30.795000076293945,1400,0.0,0.0,0.0
2024-10-18 14:00:00-04:00,30.795000076293945,30.795000076293945,30.795000076293945,30.795000076293945,500,0.0,0.0,0.0
2024-10-18 14:01:00-04:00,30.795000076293945,30.795000076293945,30.795000076293945,30.795000076293945,510,0.0,0.0,0.0
2024-10-18 14:02:00-04:00,30.790000915527344,30.79290008544922,30.790000915527344,30.79290008544922,1682,0.0,0.0,0.0
2024-10-18 14:04:00-04:00,30.795000076293945,30.795000076293945,30.795000076293945,30.795000076293945,601,0.0,0.0,0.0
2024-10-18 14:05:00-04:00,30.790000915527344,30.795000076293945,30.790000915527344,30.790000915527344,1400,0.0,0.0,0.0
2024-10-18 14:06:00-04:00,30.796100616455078,30.796100616455078,30.795000076293945,30.795000076293945,1442,0.0,0.0,0.0
2024-10-18 14:07:00-04:00,30.795000076293945,30.795000076293945,30.795000076293945,30.795000076293945,826,0.0,0.0,0.0
2024-10-18 14:08:00-04:00,30.790000915527344,30.795000076293945,30.790000915527344,30.790000915527344,426,0.0,0.0,0.0
2024-10-18 14:09:00-04:00,30.795000076293945,30.795000076293945,30.795000076293945,30.795000076293945,600,0.0,0.0,0.0
2024-10-18 14:10:00-04:00,30.798799514770508,30.799999237060547,30.795000076293945,30.795000076293945,1675,0.0,0.0,0.0
2024-10-18 14:11:00-04:00,30.790000915527344,30.795000076293945,30.790000915527344,30.795000076293945,1504,0.0,0.0,0.0
2024-10-18 14:12:00-04:00,30.795000076293945,30.795000076293945,30.795000076293945,30.795000076293945,500,0.0,0.0,0.0
2024-10-18 14:13:00-04:00,30.795000076293945,30.795000076293945,30.790000915527344,30.795000076293945,500,0.0,0.0,0.0
2024-10-18 14:14:00-04:00,30.795000076293945,30.795000076293945,30.795000076293945,30.795000076293945,700,0.0,0.0,0.0
2024-10-18 14:15:00-04:00,30.795000076293945,30.795000076293945,30.795000076293945,30.795000076293945,502,0.0,0.0,0.0
2024-10-18 14:16:00-04:00,30.795000076293945,30.795000076293945,30.795000076293945,30.795000076293945,407,0.0,0.0,0.0
2024-10-18 14:17:00-04:00,30.790000915527344,30.795000076293945,30.790000915527344,30.795000076293945,3096,0.0,0.0,0.0
2024-10-18 14:18:00-04:00,30.795000076293945,30.795000076293945,30.795000076293945,30.795000076293945,339,0.0,0.0,0.0
2024-10-18 14:20:00-04:00,30.79990005493164,30.79990005493164,30.79990005493164,30.79990005493164,1812,0.0,0.0,0.0
2024-10-18 14:22:00-04:00,30.794315338134766,30.794315338134766,30.794315338134766,30.794315338134766,340,0.0,0.0,0.0
2024-10-18 14:28:00-04:00,30.794700622558594,30.795000076293945,30.790000915527344,30.795000076293945,1542,0.0,0.0,0.0
2024-10-18 14:31:00-04:00,30.795000076293945,30.795000076293945,30.795000076293945,30.795000076293945,280,0.0,0.0,0.0
2024-10-18 14:33:00-04:00,30.790700912475586,30.790700912475586,30.790700912475586,30.790700912475586,3306,0.0,0.0,0.0
2024-10-18 14:36:00-04:00,30.79990005493164,30.799999237060547,30.7908992767334,30.799999237060547,86432,0.0,0.0,0.0
2024-10-18 14:37:00-04:00,30.7908992767334,30.7908992767334,30.7908992767334,30.7908992767334,542,0.0,0.0,0.0
2024-10-18 14:40:00-04:00,30.790000915527344,30.790000915527344,30.790000915527344,30.790000915527344,100,0.0,0.0,0.0
2024-10-18 14:41:00-04:00,30.799999237060547,30.799999237060547,30.799999237060547,30.799999237060547,330,0.0,0.0,0.0
2024-10-18 14:46:00-04:00,30.795000076293945,30.795000076293945,30.795000076293945,30.795000076293945,100,0.0,0.0,0.0
2024-10-18 14:48:00-04:00,30.7987003326416,30.7987003326416,30.7987003326416,30.7987003326416,1625,0.0,0.0,0.0
2024-10-18 14:50:00-04:00,30.795000076293945,30.795000076293945,30.79010009765625,30.79010009765625,2109,0.0,0.0,0.0
2024-10-18 14:53:00-04:00,30.79010009765625,30.79010009765625,30.79010009765625,30.79010009765625,129,0.0,0.0,0.0
2024-10-18 14:55:00-04:00,30.795705795288086,30.795705795288086,30.795000076293945,30.795000076293945,330,0.0,0.0,0.0
2024-10-18 14:57:00-04:00,30.7908992767334,30.7908992767334,30.7908992767334,30.7908992767334,3129,0.0,0.0,0.0
2024-10-18 15:00:00-04:00,30.795000076293945,30.795000076293945,30.790000915527344,30.790000915527344,590,0.0,0.0,0.0
2024-10-18 15:05:00-04:00,30.795000076293945,30.795000076293945,30.790000915527344,30.790000915527344,1007,0.0,0.0,0.0
2024-10-18 15:07:00-04:00,30.79010009765625,30.79010009765625,30.79010009765625,30.79010009765625,460,0.0,0.0,0.0
2024-10-18 15:11:00-04:00,30.796188354492188,30.796188354492188,30.796188354492188,30.796188354492188,2924,0.0,0.0,0.0
2024-10-18 15:12:00-04:00,30.790000915527344,30.795000076293945,30.790000915527344,30.795000076293945,240,0.0,0.0,0.0
2024-10-18 15:17:00-04:00,30.798599243164062,30.798599243164062,30.798599243164062,30.798599243164062,1015,0.0,0.0,0.0
2024-10-18 15:19:00-04:00,30.79010009765625,30.795000076293945,30.79010009765625,30.791000366210938,4424,0.0,0.0,0.0
2024-10-18 15:20:00-04:00,30.795000076293945,30.795000076293945,30.795000076293945,30.795000076293945,102,0.0,0.0,0.0
2024-10-18 15:23:00-04:00,30.790000915527344,30.790000915527344,30.790000915527344,30.790000915527344,157,0.0,0.0,0.0
2024-10-18 15:24:00-04:00,30.7987003326416,30.7987003326416,30.7987003326416,30.7987003326416,2499,0.0,0.0,0.0
2024-10-18 15:25:00-04:00,30.795299530029297,30.795299530029297,30.795299530029297,30.795299530029297,206,0.0,0.0,0.0
2024-10-18 15:27:00-04:00,30.795000076293945,30.795000076293945,30.795000076293945,30.795000076293945,159,0.0,0.0,0.0
2024-10-18 15:29:00-04:00,30.790000915527344,30.790000915527344,30.790000915527344,30.790000915527344,327,0.0,0.0,0.0
2024-10-18 15:35:00-04:00,30.795000076293945,30.795000076293945,30.795000076293945,30.795000076293945,102,0.0,0.0,0.0
2024-10-18 15:39:00-04:00,30.799999237060547,30.799999237060547,30.78499984741211,30.790000915527344,18438,0.0,0.0,0.0
2024-10-18 15:40:00-04:00,30.78499984741211,30.790000915527344,30.78499984741211,30.790000915527344,8505,0.0,0.0,0.0
2024-10-18 15:42:00-04:00,30.78499984741211,30.790000915527344,30.78499984741211,30.78499984741211,2886,0.0,0.0,0.0
2024-10-18 15:43:00-04:00,30.78499984741211,30.78499984741211,30.78499984741211,30.78499984741211,1469,0.0,0.0,0.0
2024-10-18 15:45:00-04:00,30.780000686645508,30.780000686645508,30.780000686645508,30.780000686645508,100,0.0,0.0,0.0
2024-10-18 15:46:00-04:00,30.78499984741211,30.78499984741211,30.78499984741211,30.78499984741211,4131,0.0,0.0,0.0
2024-10-18 15:49:00-04:00,30.780000686645508,30.780000686645508,30.780000686645508,30.780000686645508,111,0.0,0.0,0.0
2024-10-18 15:50:00-04:00,30.78499984741211,30.78499984741211,30.78499984741211,30.78499984741211,4021,0.0,0.0,0.0
2024-10-18 15:51:00-04:00,30.78499984741211,30.78499984741211,30.78499984741211,30.78499984741211,100,0.0,0.0,0.0
2024-10-18 15:53:00-04:00,30.78499984741211,30.78499984741211,30.78499984741211,30.78499984741211,4785,0.0,0.0,0.0
2024-10-18 15:54:00-04:00,30.78499984741211,30.78499984741211,30.78499984741211,30.78499984741211,149,0.0,0.0,0.0
2024-10-18 15:56:00-04:00,30.78499984741211,30.78499984741211,30.78499984741211,30.78499984741211,3600,0.0,0.0,0.0
2024-10-18 15:57:00-04:00,30.788799285888672,30.788799285888672,30.780099868774414,30.780099868774414,799,0.0,0.0,0.0
2024-10-18 15:58:00-04:00,30.78499984741211,30.78499984741211,30.78499984741211,30.78499984741211,5162,0.0,0.0,0.0
2024-10-18 15:59:00-04:00,30.78499984741211,30.790000915527344,30.78350067138672,30.790000915527344,13601,0.0,0.0,0.0
