Datetime,Open,High,Low,Close,Volume,Dividends,Stock Splits
2024-10-14 09:30:00-04:00,34.11000061035156,34.11000061035156,34.060001373291016,34.060001373291016,5410,0.0,0.0
2024-10-14 09:31:00-04:00,34.0099983215332,34.02000045776367,33.939998626708984,33.959999084472656,537,0.0,0.0
2024-10-14 09:32:00-04:00,34.02000045776367,34.02000045776367,34.02000045776367,34.02000045776367,443,0.0,0.0
2024-10-14 09:35:00-04:00,33.959999084472656,33.959999084472656,33.900001525878906,33.900001525878906,964,0.0,0.0
2024-10-14 09:43:00-04:00,34.0099983215332,34.0099983215332,34.0099983215332,34.0099983215332,121,0.0,0.0
2024-10-14 09:44:00-04:00,34.028499603271484,34.028499603271484,34.028499603271484,34.028499603271484,767,0.0,0.0
2024-10-14 09:45:00-04:00,34.06999969482422,34.06999969482422,34.06999969482422,34.06999969482422,1578,0.0,0.0
2024-10-14 09:46:00-04:00,34.040000915527344,34.040000915527344,34.040000915527344,34.040000915527344,170,0.0,0.0
2024-10-14 09:52:00-04:00,34.130001068115234,34.130001068115234,34.130001068115234,34.130001068115234,119,0.0,0.0
2024-10-14 09:53:00-04:00,34.130001068115234,34.130001068115234,34.06010055541992,34.06010055541992,890,0.0,0.0
2024-10-14 09:54:00-04:00,34.12049865722656,34.12049865722656,34.12049865722656,34.12049865722656,284,0.0,0.0
2024-10-14 09:56:00-04:00,34.189998626708984,34.189998626708984,34.189998626708984,34.189998626708984,292,0.0,0.0
2024-10-14 09:57:00-04:00,34.20000076293945,34.20000076293945,34.20000076293945,34.20000076293945,172,0.0,0.0
2024-10-14 09:59:00-04:00,34.130001068115234,34.130001068115234,34.130001068115234,34.130001068115234,456,0.0,0.0
2024-10-14 10:00:00-04:00,34.060001373291016,34.06999969482422,34.025001525878906,34.04999923706055,2182,0.0,0.0
2024-10-14 10:02:00-04:00,34.099998474121094,34.130001068115234,34.06999969482422,34.06999969482422,854,0.0,0.0
2024-10-14 10:03:00-04:00,34.0973014831543,34.0973014831543,34.0973014831543,34.0973014831543,262,0.0,0.0
2024-10-14 10:04:00-04:00,34.150001525878906,34.150001525878906,34.06999969482422,34.06999969482422,762,0.0,0.0
2024-10-14 10:05:00-04:00,34.06999969482422,34.06999969482422,34.06999969482422,34.06999969482422,601,0.0,0.0
2024-10-14 10:10:00-04:00,34.099998474121094,34.099998474121094,34.04999923706055,34.04999923706055,537,0.0,0.0
2024-10-14 10:12:00-04:00,34.154998779296875,34.209999084472656,34.154998779296875,34.209999084472656,509,0.0,0.0
2024-10-14 10:13:00-04:00,34.20000076293945,34.20000076293945,34.20000076293945,34.20000076293945,523,0.0,0.0
2024-10-14 10:15:00-04:00,34.2224006652832,34.31999969482422,34.2224006652832,34.31999969482422,522,0.0,0.0
2024-10-14 10:16:00-04:00,34.2599983215332,34.2599983215332,34.2599983215332,34.2599983215332,122,0.0,0.0
2024-10-14 10:17:00-04:00,34.189998626708984,34.220001220703125,34.189998626708984,34.220001220703125,460,0.0,0.0
2024-10-14 10:18:00-04:00,34.22999954223633,34.22999954223633,34.20500183105469,34.20500183105469,1518,0.0,0.0
2024-10-14 10:21:00-04:00,34.279998779296875,34.279998779296875,34.279998779296875,34.279998779296875,185,0.0,0.0
2024-10-14 10:22:00-04:00,34.27799987792969,34.27799987792969,34.27799987792969,34.27799987792969,230,0.0,0.0
2024-10-14 10:26:00-04:00,34.349998474121094,34.349998474121094,34.349998474121094,34.349998474121094,176,0.0,0.0
2024-10-14 10:27:00-04:00,34.30500030517578,34.30500030517578,34.30500030517578,34.30500030517578,118,0.0,0.0
2024-10-14 10:29:00-04:00,34.36000061035156,34.36000061035156,34.36000061035156,34.36000061035156,166,0.0,0.0
2024-10-14 10:30:00-04:00,34.25790023803711,34.25790023803711,34.25790023803711,34.25790023803711,512,0.0,0.0
2024-10-14 10:33:00-04:00,34.310001373291016,34.31999969482422,34.310001373291016,34.31999969482422,715,0.0,0.0
2024-10-14 10:35:00-04:00,34.290000915527344,34.290000915527344,34.290000915527344,34.290000915527344,752,0.0,0.0
2024-10-14 10:36:00-04:00,34.34000015258789,34.34000015258789,34.34000015258789,34.34000015258789,188,0.0,0.0
2024-10-14 10:37:00-04:00,34.310001373291016,34.310001373291016,34.310001373291016,34.310001373291016,565,0.0,0.0
2024-10-14 10:39:00-04:00,34.31999969482422,34.31999969482422,34.31999969482422,34.31999969482422,311,0.0,0.0
2024-10-14 10:40:00-04:00,34.29999923706055,34.334999084472656,34.29999923706055,34.334999084472656,268,0.0,0.0
2024-10-14 10:42:00-04:00,34.297698974609375,34.297698974609375,34.297698974609375,34.297698974609375,481,0.0,0.0
2024-10-14 10:44:00-04:00,34.310699462890625,34.310699462890625,34.310699462890625,34.310699462890625,584,0.0,0.0
2024-10-14 10:45:00-04:00,34.369998931884766,34.369998931884766,34.369998931884766,34.369998931884766,109,0.0,0.0
2024-10-14 10:46:00-04:00,34.33000183105469,34.36980056762695,34.33000183105469,34.36980056762695,498,0.0,0.0
2024-10-14 10:47:00-04:00,34.365501403808594,34.38999938964844,34.365501403808594,34.38999938964844,582,0.0,0.0
2024-10-14 10:48:00-04:00,34.38999938964844,34.38999938964844,34.3650016784668,34.3650016784668,394,0.0,0.0
2024-10-14 10:49:00-04:00,34.34000015258789,34.34000015258789,34.34000015258789,34.34000015258789,700,0.0,0.0
2024-10-14 10:51:00-04:00,34.349998474121094,34.349998474121094,34.349998474121094,34.349998474121094,635,0.0,0.0
2024-10-14 10:55:00-04:00,34.380001068115234,34.41999816894531,34.380001068115234,34.41999816894531,1850,0.0,0.0
2024-10-14 10:56:00-04:00,34.36000061035156,34.36000061035156,34.36000061035156,34.36000061035156,535,0.0,0.0
2024-10-14 10:58:00-04:00,34.36000061035156,34.36000061035156,34.36000061035156,34.36000061035156,252,0.0,0.0
2024-10-14 11:01:00-04:00,34.36000061035156,34.36000061035156,34.36000061035156,34.36000061035156,561,0.0,0.0
2024-10-14 11:02:00-04:00,34.369998931884766,34.369998931884766,34.349998474121094,34.349998474121094,886,0.0,0.0
2024-10-14 11:03:00-04:00,34.34000015258789,34.34000015258789,34.34000015258789,34.34000015258789,457,0.0,0.0
2024-10-14 11:08:00-04:00,34.400001525878906,34.404998779296875,34.400001525878906,34.404998779296875,1080,0.0,0.0
2024-10-14 11:09:00-04:00,34.38999938964844,34.38999938964844,34.38999938964844,34.38999938964844,391,0.0,0.0
2024-10-14 11:10:00-04:00,34.43000030517578,34.45000076293945,34.41999816894531,34.435298919677734,1495,0.0,0.0
2024-10-14 11:13:00-04:00,34.40999984741211,34.40999984741211,34.369998931884766,34.380001068115234,1719,0.0,0.0
2024-10-14 11:14:00-04:00,34.377498626708984,34.377498626708984,34.35609817504883,34.35609817504883,586,0.0,0.0
2024-10-14 11:18:00-04:00,34.40999984741211,34.42499923706055,34.40999984741211,34.42499923706055,656,0.0,0.0
2024-10-14 11:21:00-04:00,34.36000061035156,34.36000061035156,34.36000061035156,34.36000061035156,241,0.0,0.0
2024-10-14 11:22:00-04:00,34.380001068115234,34.380001068115234,34.380001068115234,34.380001068115234,990,0.0,0.0
2024-10-14 11:24:00-04:00,34.38999938964844,34.459999084472656,34.34000015258789,34.459999084472656,5045,0.0,0.0
2024-10-14 11:25:00-04:00,34.435001373291016,34.435001373291016,34.435001373291016,34.435001373291016,197,0.0,0.0
2024-10-14 11:26:00-04:00,34.470001220703125,34.47999954223633,34.470001220703125,34.47999954223633,297,0.0,0.0
2024-10-14 11:27:00-04:00,34.5,34.5,34.5,34.5,172,0.0,0.0
2024-10-14 11:28:00-04:00,34.5,34.5,34.5,34.5,406,0.0,0.0
2024-10-14 11:29:00-04:00,34.5,34.5,34.5,34.5,417,0.0,0.0
2024-10-14 11:30:00-04:00,34.52000045776367,34.52000045776367,34.52000045776367,34.52000045776367,190,0.0,0.0
2024-10-14 11:32:00-04:00,34.529998779296875,34.529998779296875,34.529998779296875,34.529998779296875,236,0.0,0.0
2024-10-14 11:33:00-04:00,34.560001373291016,34.560001373291016,34.529998779296875,34.560001373291016,1035,0.0,0.0
2024-10-14 11:35:00-04:00,34.529998779296875,34.529998779296875,34.5,34.5099983215332,1551,0.0,0.0
2024-10-14 11:36:00-04:00,34.5,34.529998779296875,34.470001220703125,34.5099983215332,7442,0.0,0.0
2024-10-14 11:37:00-04:00,34.5099983215332,34.5099983215332,34.5099983215332,34.5099983215332,601,0.0,0.0
2024-10-14 11:38:00-04:00,34.5,34.5,34.4900016784668,34.5,808,0.0,0.0
2024-10-14 11:39:00-04:00,34.4900016784668,34.5,34.480098724365234,34.480098724365234,3233,0.0,0.0
2024-10-14 11:40:00-04:00,34.47999954223633,34.5,34.47999954223633,34.5,1705,0.0,0.0
2024-10-14 11:43:00-04:00,34.52000045776367,34.52000045776367,34.52000045776367,34.52000045776367,463,0.0,0.0
2024-10-14 11:48:00-04:00,34.58000183105469,34.58000183105469,34.58000183105469,34.58000183105469,739,0.0,0.0
2024-10-14 11:50:00-04:00,34.560001373291016,34.560001373291016,34.560001373291016,34.560001373291016,4766,0.0,0.0
2024-10-14 11:51:00-04:00,34.58000183105469,34.58000183105469,34.564998626708984,34.564998626708984,402,0.0,0.0
2024-10-14 11:52:00-04:00,34.540000915527344,34.540000915527344,34.540000915527344,34.540000915527344,102,0.0,0.0
2024-10-14 11:53:00-04:00,34.560001373291016,34.560001373291016,34.560001373291016,34.560001373291016,516,0.0,0.0
2024-10-14 11:54:00-04:00,34.59000015258789,34.595001220703125,34.59000015258789,34.59000015258789,1613,0.0,0.0
2024-10-14 11:55:00-04:00,34.58000183105469,34.58000183105469,34.560001373291016,34.560001373291016,645,0.0,0.0
2024-10-14 11:56:00-04:00,34.56999969482422,34.56999969482422,34.56999969482422,34.56999969482422,125,0.0,0.0
2024-10-14 11:58:00-04:00,34.58000183105469,34.58000183105469,34.58000183105469,34.58000183105469,129,0.0,0.0
2024-10-14 12:00:00-04:00,34.58679962158203,34.58679962158203,34.58679962158203,34.58679962158203,311,0.0,0.0
2024-10-14 12:01:00-04:00,34.56999969482422,34.58000183105469,34.56999969482422,34.58000183105469,658,0.0,0.0
2024-10-14 12:04:00-04:00,34.595001220703125,34.595001220703125,34.595001220703125,34.595001220703125,295,0.0,0.0
2024-10-14 12:05:00-04:00,34.58000183105469,34.58000183105469,34.560001373291016,34.560001373291016,713,0.0,0.0
2024-10-14 12:06:00-04:00,34.58580017089844,34.58580017089844,34.58580017089844,34.58580017089844,411,0.0,0.0
2024-10-14 12:07:00-04:00,34.54499816894531,34.54499816894531,34.54499816894531,34.54499816894531,443,0.0,0.0
2024-10-14 12:11:00-04:00,34.54999923706055,34.54999923706055,34.54999923706055,34.54999923706055,537,0.0,0.0
2024-10-14 12:16:00-04:00,34.52000045776367,34.54990005493164,34.52000045776367,34.54990005493164,672,0.0,0.0
2024-10-14 12:17:00-04:00,34.5099983215332,34.5099983215332,34.5099983215332,34.5099983215332,428,0.0,0.0
2024-10-14 12:18:00-04:00,34.5099983215332,34.5099983215332,34.5099983215332,34.5099983215332,227,0.0,0.0
2024-10-14 12:19:00-04:00,34.5099983215332,34.5099983215332,34.459999084472656,34.47999954223633,6699,0.0,0.0
2024-10-14 12:20:00-04:00,34.47600173950195,34.47999954223633,34.47600173950195,34.47999954223633,581,0.0,0.0
2024-10-14 12:21:00-04:00,34.499900817871094,34.529998779296875,34.499900817871094,34.52000045776367,3272,0.0,0.0
2024-10-14 12:22:00-04:00,34.51499938964844,34.529998779296875,34.51499938964844,34.529998779296875,595,0.0,0.0
2024-10-14 12:23:00-04:00,34.529998779296875,34.529998779296875,34.529998779296875,34.529998779296875,507,0.0,0.0
2024-10-14 12:24:00-04:00,34.52000045776367,34.52000045776367,34.52000045776367,34.52000045776367,226,0.0,0.0
2024-10-14 12:25:00-04:00,34.51499938964844,34.51499938964844,34.51499938964844,34.51499938964844,100,0.0,0.0
2024-10-14 12:26:00-04:00,34.529998779296875,34.529998779296875,34.5099983215332,34.52000045776367,524,0.0,0.0
2024-10-14 12:27:00-04:00,34.540000915527344,34.54999923706055,34.529998779296875,34.54999923706055,877,0.0,0.0
2024-10-14 12:28:00-04:00,34.5,34.5,34.5,34.5,1451,0.0,0.0
2024-10-14 12:30:00-04:00,34.5,34.5,34.5,34.5,408,0.0,0.0
2024-10-14 12:31:00-04:00,34.504798889160156,34.540000915527344,34.5,34.540000915527344,1222,0.0,0.0
2024-10-14 12:33:00-04:00,34.472198486328125,34.494998931884766,34.472198486328125,34.494998931884766,300,0.0,0.0
2024-10-14 12:34:00-04:00,34.494998931884766,34.529998779296875,34.494998931884766,34.5,1004,0.0,0.0
2024-10-14 12:35:00-04:00,34.5,34.529998779296875,34.4900016784668,34.4900016784668,727,0.0,0.0
2024-10-14 12:36:00-04:00,34.4900016784668,34.4900016784668,34.4900016784668,34.4900016784668,385,0.0,0.0
2024-10-14 12:37:00-04:00,34.505001068115234,34.505001068115234,34.505001068115234,34.505001068115234,2996,0.0,0.0
2024-10-14 12:38:00-04:00,34.5099983215332,34.52000045776367,34.4900016784668,34.52000045776367,2949,0.0,0.0
2024-10-14 12:39:00-04:00,34.52000045776367,34.52000045776367,34.494998931884766,34.494998931884766,3195,0.0,0.0
2024-10-14 12:40:00-04:00,34.494998931884766,34.529998779296875,34.494998931884766,34.52000045776367,915,0.0,0.0
2024-10-14 12:41:00-04:00,34.525001525878906,34.525001525878906,34.525001525878906,34.525001525878906,262,0.0,0.0
2024-10-14 12:42:00-04:00,34.525001525878906,34.525001525878906,34.525001525878906,34.525001525878906,113,0.0,0.0
2024-10-14 12:44:00-04:00,34.540000915527344,34.540000915527344,34.52000045776367,34.52000045776367,1963,0.0,0.0
2024-10-14 12:45:00-04:00,34.525001525878906,34.560001373291016,34.525001525878906,34.560001373291016,641,0.0,0.0
2024-10-14 12:47:00-04:00,34.560001373291016,34.58000183105469,34.560001373291016,34.58000183105469,573,0.0,0.0
2024-10-14 12:49:00-04:00,34.61000061035156,34.61000061035156,34.61000061035156,34.61000061035156,446,0.0,0.0
2024-10-14 12:50:00-04:00,34.599998474121094,34.599998474121094,34.599998474121094,34.599998474121094,367,0.0,0.0
2024-10-14 12:52:00-04:00,34.61000061035156,34.61000061035156,34.60540008544922,34.60540008544922,237,0.0,0.0
2024-10-14 12:53:00-04:00,34.619998931884766,34.630001068115234,34.619998931884766,34.630001068115234,262,0.0,0.0
2024-10-14 12:54:00-04:00,34.570098876953125,34.570098876953125,34.570098876953125,34.570098876953125,529,0.0,0.0
2024-10-14 12:55:00-04:00,34.595001220703125,34.595001220703125,34.595001220703125,34.595001220703125,324,0.0,0.0
2024-10-14 12:56:00-04:00,34.58000183105469,34.58000183105469,34.58000183105469,34.58000183105469,603,0.0,0.0
2024-10-14 12:59:00-04:00,34.61000061035156,34.61000061035156,34.61000061035156,34.61000061035156,380,0.0,0.0
2024-10-14 13:01:00-04:00,34.630001068115234,34.630001068115234,34.630001068115234,34.630001068115234,225,0.0,0.0
2024-10-14 13:02:00-04:00,34.61000061035156,34.61000061035156,34.61000061035156,34.61000061035156,100,0.0,0.0
2024-10-14 13:03:00-04:00,34.59000015258789,34.61000061035156,34.59000015258789,34.61000061035156,640,0.0,0.0
2024-10-14 13:05:00-04:00,34.619998931884766,34.68000030517578,34.619998931884766,34.66999816894531,3450,0.0,0.0
2024-10-14 13:06:00-04:00,34.63999938964844,34.650001525878906,34.63999938964844,34.63999938964844,915,0.0,0.0
2024-10-14 13:07:00-04:00,34.61000061035156,34.61000061035156,34.60499954223633,34.60499954223633,1095,0.0,0.0
2024-10-14 13:11:00-04:00,34.650001525878906,34.65999984741211,34.650001525878906,34.65999984741211,274,0.0,0.0
2024-10-14 13:12:00-04:00,34.650001525878906,34.65999984741211,34.650001525878906,34.65999984741211,637,0.0,0.0
2024-10-14 13:14:00-04:00,34.619998931884766,34.650001525878906,34.619998931884766,34.650001525878906,861,0.0,0.0
2024-10-14 13:16:00-04:00,34.63999938964844,34.63999938964844,34.63999938964844,34.63999938964844,585,0.0,0.0
2024-10-14 13:17:00-04:00,34.63999938964844,34.63999938964844,34.63999938964844,34.63999938964844,207,0.0,0.0
2024-10-14 13:18:00-04:00,34.65999984741211,34.68000030517578,34.65999984741211,34.68000030517578,542,0.0,0.0
2024-10-14 13:19:00-04:00,34.65999984741211,34.65999984741211,34.65999984741211,34.65999984741211,224,0.0,0.0
2024-10-14 13:21:00-04:00,34.65999984741211,34.65999984741211,34.65999984741211,34.65999984741211,240,0.0,0.0
2024-10-14 13:22:00-04:00,34.630001068115234,34.650001525878906,34.630001068115234,34.650001525878906,978,0.0,0.0
2024-10-14 13:24:00-04:00,34.61000061035156,34.61000061035156,34.61000061035156,34.61000061035156,191,0.0,0.0
2024-10-14 13:26:00-04:00,34.650001525878906,34.650001525878906,34.63999938964844,34.63999938964844,324,0.0,0.0
2024-10-14 13:27:00-04:00,34.599998474121094,34.599998474121094,34.599998474121094,34.599998474121094,277,0.0,0.0
2024-10-14 13:30:00-04:00,34.63999938964844,34.63999938964844,34.599998474121094,34.599998474121094,1374,0.0,0.0
2024-10-14 13:33:00-04:00,34.61000061035156,34.61000061035156,34.61000061035156,34.61000061035156,103,0.0,0.0
2024-10-14 13:34:00-04:00,34.59000015258789,34.59000015258789,34.59000015258789,34.59000015258789,482,0.0,0.0
2024-10-14 13:35:00-04:00,34.609901428222656,34.61000061035156,34.59000015258789,34.599998474121094,2179,0.0,0.0
2024-10-14 13:36:00-04:00,34.619998931884766,34.619998931884766,34.619998931884766,34.619998931884766,207,0.0,0.0
2024-10-14 13:37:00-04:00,34.650001525878906,34.65999984741211,34.64500045776367,34.65999984741211,810,0.0,0.0
2024-10-14 13:38:00-04:00,34.62879943847656,34.62879943847656,34.62879943847656,34.62879943847656,153,0.0,0.0
2024-10-14 13:39:00-04:00,34.650001525878906,34.650001525878906,34.650001525878906,34.650001525878906,218,0.0,0.0
2024-10-14 13:40:00-04:00,34.65999984741211,34.65999984741211,34.65999984741211,34.65999984741211,233,0.0,0.0
2024-10-14 13:41:00-04:00,34.65999984741211,34.66999816894531,34.619998931884766,34.63999938964844,1097,0.0,0.0
2024-10-14 13:42:00-04:00,34.630001068115234,34.630001068115234,34.619998931884766,34.619998931884766,536,0.0,0.0
2024-10-14 13:43:00-04:00,34.61000061035156,34.61000061035156,34.599998474121094,34.599998474121094,992,0.0,0.0
2024-10-14 13:44:00-04:00,34.599998474121094,34.599998474121094,34.599998474121094,34.599998474121094,601,0.0,0.0
2024-10-14 13:45:00-04:00,34.58000183105469,34.58000183105469,34.56999969482422,34.56999969482422,746,0.0,0.0
2024-10-14 13:46:00-04:00,34.59000015258789,34.59000015258789,34.59000015258789,34.59000015258789,357,0.0,0.0
2024-10-14 13:47:00-04:00,34.59000015258789,34.61000061035156,34.584999084472656,34.584999084472656,461,0.0,0.0
2024-10-14 13:48:00-04:00,34.61000061035156,34.61000061035156,34.61000061035156,34.61000061035156,264,0.0,0.0
2024-10-14 13:49:00-04:00,34.61000061035156,34.66999816894531,34.599998474121094,34.650001525878906,2650,0.0,0.0
2024-10-14 13:50:00-04:00,34.709999084472656,34.709999084472656,34.70000076293945,34.70000076293945,869,0.0,0.0
2024-10-14 13:52:00-04:00,34.72060012817383,34.72999954223633,34.70000076293945,34.70000076293945,1375,0.0,0.0
2024-10-14 13:53:00-04:00,34.70000076293945,34.70000076293945,34.70000076293945,34.70000076293945,104,0.0,0.0
2024-10-14 13:54:00-04:00,34.72999954223633,34.7400016784668,34.72999954223633,34.7400016784668,807,0.0,0.0
2024-10-14 13:55:00-04:00,34.72999954223633,34.72999954223633,34.72999954223633,34.72999954223633,1386,0.0,0.0
2024-10-14 13:56:00-04:00,34.75,34.7599983215332,34.73500061035156,34.75,3934,0.0,0.0
2024-10-14 13:57:00-04:00,34.779998779296875,34.779998779296875,34.7599983215332,34.7599983215332,804,0.0,0.0
2024-10-14 13:59:00-04:00,34.75,34.7599983215332,34.7400016784668,34.75,2900,0.0,0.0
2024-10-14 14:02:00-04:00,34.77000045776367,34.77000045776367,34.77000045776367,34.77000045776367,107,0.0,0.0
2024-10-14 14:03:00-04:00,34.77000045776367,34.77000045776367,34.77000045776367,34.77000045776367,496,0.0,0.0
2024-10-14 14:04:00-04:00,34.77000045776367,34.779998779296875,34.77000045776367,34.779998779296875,747,0.0,0.0
2024-10-14 14:05:00-04:00,34.779998779296875,34.79999923706055,34.779998779296875,34.79999923706055,788,0.0,0.0
2024-10-14 14:06:00-04:00,34.77000045776367,34.779998779296875,34.77000045776367,34.779998779296875,634,0.0,0.0
2024-10-14 14:07:00-04:00,34.79999923706055,34.79999923706055,34.79999923706055,34.79999923706055,368,0.0,0.0
2024-10-14 14:08:00-04:00,34.779998779296875,34.779998779296875,34.779998779296875,34.779998779296875,415,0.0,0.0
2024-10-14 14:09:00-04:00,34.79999923706055,34.79999923706055,34.79999923706055,34.79999923706055,101,0.0,0.0
2024-10-14 14:10:00-04:00,34.79999923706055,34.79999923706055,34.79999923706055,34.79999923706055,118,0.0,0.0
2024-10-14 14:11:00-04:00,34.81999969482422,34.81999969482422,34.79999923706055,34.79999923706055,203,0.0,0.0
2024-10-14 14:12:00-04:00,34.79999923706055,34.79999923706055,34.79999923706055,34.79999923706055,223,0.0,0.0
2024-10-14 14:14:00-04:00,34.77579879760742,34.77579879760742,34.77579879760742,34.77579879760742,206,0.0,0.0
2024-10-14 14:15:00-04:00,34.81999969482422,34.81999969482422,34.77000045776367,34.782501220703125,1404,0.0,0.0
2024-10-14 14:16:00-04:00,34.7599983215332,34.7599983215332,34.7599983215332,34.7599983215332,273,0.0,0.0
2024-10-14 14:19:00-04:00,34.779998779296875,34.779998779296875,34.779998779296875,34.779998779296875,309,0.0,0.0
2024-10-14 14:20:00-04:00,34.75,34.779998779296875,34.75,34.7599983215332,1110,0.0,0.0
2024-10-14 14:22:00-04:00,34.790000915527344,34.790000915527344,34.790000915527344,34.790000915527344,788,0.0,0.0
2024-10-14 14:26:00-04:00,34.790000915527344,34.81999969482422,34.790000915527344,34.81999969482422,1035,0.0,0.0
2024-10-14 14:27:00-04:00,34.790000915527344,34.790000915527344,34.790000915527344,34.790000915527344,405,0.0,0.0
2024-10-14 14:28:00-04:00,34.79999923706055,34.80500030517578,34.79999923706055,34.80500030517578,467,0.0,0.0
2024-10-14 14:29:00-04:00,34.81999969482422,34.81999969482422,34.814998626708984,34.814998626708984,954,0.0,0.0
2024-10-14 14:30:00-04:00,34.84000015258789,34.849998474121094,34.84000015258789,34.849998474121094,927,0.0,0.0
2024-10-14 14:31:00-04:00,34.84000015258789,34.84000015258789,34.83000183105469,34.83000183105469,829,0.0,0.0
2024-10-14 14:32:00-04:00,34.83000183105469,34.83000183105469,34.810001373291016,34.810001373291016,988,0.0,0.0
2024-10-14 14:34:00-04:00,34.849998474121094,34.849998474121094,34.849998474121094,34.849998474121094,283,0.0,0.0
2024-10-14 14:35:00-04:00,34.86000061035156,34.869998931884766,34.86000061035156,34.869998931884766,592,0.0,0.0
2024-10-14 14:36:00-04:00,34.849998474121094,34.849998474121094,34.834999084472656,34.834999084472656,1253,0.0,0.0
2024-10-14 14:38:00-04:00,34.849998474121094,34.869998931884766,34.849998474121094,34.86000061035156,808,0.0,0.0
2024-10-14 14:40:00-04:00,34.869998931884766,34.869998931884766,34.869998931884766,34.869998931884766,110,0.0,0.0
2024-10-14 14:41:00-04:00,34.86140060424805,34.86140060424805,34.86140060424805,34.86140060424805,275,0.0,0.0
2024-10-14 14:42:00-04:00,34.869998931884766,34.869998931884766,34.83000183105469,34.84000015258789,651,0.0,0.0
2024-10-14 14:43:00-04:00,34.86000061035156,34.86000061035156,34.86000061035156,34.86000061035156,260,0.0,0.0
2024-10-14 14:45:00-04:00,34.880001068115234,34.880001068115234,34.880001068115234,34.880001068115234,336,0.0,0.0
2024-10-14 14:46:00-04:00,34.88999938964844,34.88999938964844,34.88999938964844,34.88999938964844,440,0.0,0.0
2024-10-14 14:48:00-04:00,34.869998931884766,34.869998931884766,34.869998931884766,34.869998931884766,302,0.0,0.0
2024-10-14 14:49:00-04:00,34.88999938964844,34.88999938964844,34.88999938964844,34.88999938964844,139,0.0,0.0
2024-10-14 14:50:00-04:00,34.88999938964844,34.88999938964844,34.88999938964844,34.88999938964844,193,0.0,0.0
2024-10-14 14:51:00-04:00,34.86000061035156,34.86000061035156,34.849998474121094,34.86000061035156,1287,0.0,0.0
2024-10-14 14:52:00-04:00,34.849998474121094,34.849998474121094,34.81010055541992,34.84000015258789,1307,0.0,0.0
2024-10-14 14:54:00-04:00,34.81999969482422,34.81999969482422,34.81999969482422,34.81999969482422,575,0.0,0.0
2024-10-14 14:55:00-04:00,34.79999923706055,34.79999923706055,34.79999923706055,34.79999923706055,316,0.0,0.0
2024-10-14 14:57:00-04:00,34.84000015258789,34.84000015258789,34.84000015258789,34.84000015258789,423,0.0,0.0
2024-10-14 14:59:00-04:00,34.83000183105469,34.83000183105469,34.779998779296875,34.779998779296875,1390,0.0,0.0
2024-10-14 15:00:00-04:00,34.790000915527344,34.790000915527344,34.790000915527344,34.790000915527344,209,0.0,0.0
2024-10-14 15:01:00-04:00,34.779998779296875,34.779998779296875,34.75,34.779998779296875,444399,0.0,0.0
2024-10-14 15:02:00-04:00,34.79999923706055,34.84000015258789,34.790000915527344,34.84000015258789,2042,0.0,0.0
2024-10-14 15:03:00-04:00,34.84000015258789,34.84000015258789,34.79999923706055,34.81999969482422,2081,0.0,0.0
2024-10-14 15:06:00-04:00,34.86000061035156,34.88999938964844,34.86000061035156,34.88999938964844,1753,0.0,0.0
2024-10-14 15:07:00-04:00,34.86000061035156,34.86000061035156,34.86000061035156,34.86000061035156,126,0.0,0.0
2024-10-14 15:08:00-04:00,34.900001525878906,34.959999084472656,34.900001525878906,34.95000076293945,3248,0.0,0.0
2024-10-14 15:09:00-04:00,34.959999084472656,34.959999084472656,34.95000076293945,34.95000076293945,525,0.0,0.0
2024-10-14 15:10:00-04:00,34.959999084472656,34.970001220703125,34.959999084472656,34.970001220703125,576,0.0,0.0
2024-10-14 15:11:00-04:00,34.9900016784668,35.0099983215332,34.974998474121094,35.0099983215332,2157,0.0,0.0
2024-10-14 15:12:00-04:00,35.02000045776367,35.060001373291016,35.02000045776367,35.02009963989258,5475,0.0,0.0
2024-10-14 15:13:00-04:00,35.04999923706055,35.04999923706055,35.040000915527344,35.04999923706055,1849,0.0,0.0
2024-10-14 15:14:00-04:00,35.06999969482422,35.099998474121094,35.029998779296875,35.04999923706055,10178,0.0,0.0
2024-10-14 15:15:00-04:00,35.060001373291016,35.060001373291016,35.04999923706055,35.04999923706055,1262,0.0,0.0
2024-10-14 15:16:00-04:00,35.040000915527344,35.04999923706055,35.040000915527344,35.040000915527344,3109,0.0,0.0
2024-10-14 15:17:00-04:00,35.040000915527344,35.040000915527344,35.040000915527344,35.040000915527344,111,0.0,0.0
2024-10-14 15:18:00-04:00,35.05500030517578,35.060001373291016,35.040000915527344,35.040000915527344,363,0.0,0.0
2024-10-14 15:19:00-04:00,35.04999923706055,35.06999969482422,35.040000915527344,35.06999969482422,3948,0.0,0.0
2024-10-14 15:20:00-04:00,35.06999969482422,35.06999969482422,35.040000915527344,35.040000915527344,5159,0.0,0.0
2024-10-14 15:21:00-04:00,35.05500030517578,35.05500030517578,35.05500030517578,35.05500030517578,883,0.0,0.0
2024-10-14 15:22:00-04:00,35.060001373291016,35.060001373291016,35.060001373291016,35.060001373291016,412,0.0,0.0
2024-10-14 15:23:00-04:00,35.060001373291016,35.060001373291016,35.0,35.04999923706055,10235,0.0,0.0
2024-10-14 15:24:00-04:00,35.04999923706055,35.04999923706055,35.02000045776367,35.02000045776367,2268,0.0,0.0
2024-10-14 15:25:00-04:00,35.040000915527344,35.04999923706055,35.040000915527344,35.040000915527344,1137,0.0,0.0
2024-10-14 15:26:00-04:00,35.060001373291016,35.06999969482422,35.060001373291016,35.064998626708984,1194,0.0,0.0
2024-10-14 15:27:00-04:00,35.08000183105469,35.08000183105469,35.060001373291016,35.060001373291016,582,0.0,0.0
2024-10-14 15:28:00-04:00,35.06999969482422,35.06999969482422,35.05220031738281,35.05220031738281,843,0.0,0.0
2024-10-14 15:29:00-04:00,35.04999923706055,35.04999923706055,35.04999923706055,35.04999923706055,1404,0.0,0.0
2024-10-14 15:30:00-04:00,35.040000915527344,35.05500030517578,35.040000915527344,35.05500030517578,3177,0.0,0.0
2024-10-14 15:31:00-04:00,35.040000915527344,35.05500030517578,35.040000915527344,35.05500030517578,411,0.0,0.0
2024-10-14 15:32:00-04:00,35.06999969482422,35.06999969482422,35.04999923706055,35.04999923706055,1517,0.0,0.0
2024-10-14 15:33:00-04:00,35.04999923706055,35.06999969482422,35.04999923706055,35.06999969482422,1600,0.0,0.0
2024-10-14 15:34:00-04:00,35.060001373291016,35.060001373291016,35.060001373291016,35.060001373291016,420,0.0,0.0
2024-10-14 15:35:00-04:00,35.08000183105469,35.08000183105469,35.060001373291016,35.060001373291016,397,0.0,0.0
2024-10-14 15:36:00-04:00,35.06999969482422,35.06999969482422,35.040000915527344,35.060001373291016,4590,0.0,0.0
2024-10-14 15:37:00-04:00,35.040000915527344,35.04999923706055,35.040000915527344,35.04999923706055,4167,0.0,0.0
2024-10-14 15:38:00-04:00,35.04999923706055,35.060001373291016,35.040000915527344,35.060001373291016,2902,0.0,0.0
2024-10-14 15:39:00-04:00,35.04999923706055,35.04999923706055,34.959999084472656,34.959999084472656,17401,0.0,0.0
2024-10-14 15:40:00-04:00,34.970001220703125,34.970001220703125,34.970001220703125,34.970001220703125,984,0.0,0.0
2024-10-14 15:41:00-04:00,34.959999084472656,34.9900016784668,34.95000076293945,34.970001220703125,2717,0.0,0.0
2024-10-14 15:42:00-04:00,34.95500183105469,34.96989822387695,34.95500183105469,34.95500183105469,4890,0.0,0.0
2024-10-14 15:43:00-04:00,34.970001220703125,34.970001220703125,34.95000076293945,34.95500183105469,779,0.0,0.0
2024-10-14 15:44:00-04:00,34.95500183105469,34.95500183105469,34.900001525878906,34.900001525878906,5824,0.0,0.0
2024-10-14 15:45:00-04:00,34.88999938964844,34.970001220703125,34.880001068115234,34.96500015258789,7698,0.0,0.0
2024-10-14 15:46:00-04:00,34.96500015258789,34.970001220703125,34.95000076293945,34.970001220703125,703,0.0,0.0
2024-10-14 15:47:00-04:00,34.970001220703125,34.97999954223633,34.970001220703125,34.970001220703125,2921,0.0,0.0
2024-10-14 15:48:00-04:00,34.959999084472656,34.959999084472656,34.939998626708984,34.939998626708984,3219,0.0,0.0
2024-10-14 15:49:00-04:00,34.93000030517578,34.939998626708984,34.90999984741211,34.90999984741211,4070,0.0,0.0
2024-10-14 15:50:00-04:00,34.900001525878906,34.935001373291016,34.88999938964844,34.915000915527344,5676,0.0,0.0
2024-10-14 15:51:00-04:00,34.92499923706055,34.92499923706055,34.90999984741211,34.91999816894531,3484,0.0,0.0
2024-10-14 15:52:00-04:00,34.93000030517578,34.94499969482422,34.90999984741211,34.93000030517578,5496,0.0,0.0
2024-10-14 15:53:00-04:00,34.93000030517578,34.95000076293945,34.93000030517578,34.939998626708984,6814,0.0,0.0
2024-10-14 15:54:00-04:00,34.94499969482422,34.94499969482422,34.915000915527344,34.91999816894531,6108,0.0,0.0
2024-10-14 15:55:00-04:00,34.900001525878906,34.959999084472656,34.88999938964844,34.959999084472656,5635,0.0,0.0
2024-10-14 15:56:00-04:00,34.959999084472656,34.9900016784668,34.93000030517578,34.95500183105469,16951,0.0,0.0
2024-10-14 15:57:00-04:00,34.95000076293945,34.95000076293945,34.91999816894531,34.93000030517578,7466,0.0,0.0
2024-10-14 15:58:00-04:00,34.92499923706055,34.93000030517578,34.90829849243164,34.9099006652832,13501,0.0,0.0
2024-10-14 15:59:00-04:00,34.89500045776367,35.02000045776367,34.88999938964844,35.0099983215332,47976,0.0,0.0
2024-10-15 09:30:00-04:00,35.2400016784668,35.25,35.13999938964844,35.16999816894531,5946,0.0,0.0
2024-10-15 09:31:00-04:00,35.25,35.2599983215332,35.25,35.25,460,0.0,0.0
2024-10-15 09:32:00-04:00,35.25,35.25,35.20859909057617,35.20859909057617,273,0.0,0.0
2024-10-15 09:33:00-04:00,35.20000076293945,35.20000076293945,35.08000183105469,35.08000183105469,730,0.0,0.0
2024-10-15 09:34:00-04:00,35.2400016784668,35.2400016784668,35.2400016784668,35.2400016784668,228,0.0,0.0
2024-10-15 09:36:00-04:00,35.130001068115234,35.130001068115234,35.130001068115234,35.130001068115234,882,0.0,0.0
2024-10-15 09:39:00-04:00,35.2400016784668,35.2400016784668,35.2400016784668,35.2400016784668,119,0.0,0.0
2024-10-15 09:40:00-04:00,35.2400016784668,35.25,35.209999084472656,35.209999084472656,612,0.0,0.0
2024-10-15 09:41:00-04:00,35.25,35.29999923706055,35.25,35.2599983215332,3505,0.0,0.0
2024-10-15 09:42:00-04:00,35.2599983215332,35.2599983215332,35.16999816894531,35.189998626708984,1458,0.0,0.0
2024-10-15 09:44:00-04:00,35.14500045776367,35.14500045776367,35.14500045776367,35.14500045776367,1093,0.0,0.0
2024-10-15 09:45:00-04:00,35.04859924316406,35.04859924316406,35.04859924316406,35.04859924316406,838,0.0,0.0
2024-10-15 09:47:00-04:00,35.11000061035156,35.11000061035156,35.11000061035156,35.11000061035156,284,0.0,0.0
2024-10-15 09:49:00-04:00,35.22999954223633,35.2599983215332,35.22999954223633,35.255001068115234,1713,0.0,0.0
2024-10-15 09:50:00-04:00,35.2400016784668,35.2400016784668,35.2400016784668,35.2400016784668,605,0.0,0.0
2024-10-15 09:51:00-04:00,35.2400016784668,35.2400016784668,35.150001525878906,35.21500015258789,1934,0.0,0.0
2024-10-15 09:53:00-04:00,35.185001373291016,35.22999954223633,35.185001373291016,35.22999954223633,627,0.0,0.0
2024-10-15 09:57:00-04:00,35.23500061035156,35.23500061035156,35.23500061035156,35.23500061035156,127,0.0,0.0
2024-10-15 09:58:00-04:00,35.22999954223633,35.22999954223633,35.16999816894531,35.16999816894531,409,0.0,0.0
2024-10-15 09:59:00-04:00,35.19499969482422,35.19499969482422,35.040000915527344,35.040000915527344,1411,0.0,0.0
2024-10-15 10:00:00-04:00,35.029998779296875,35.060001373291016,35.029998779296875,35.04499816894531,2483,0.0,0.0
2024-10-15 10:01:00-04:00,35.08000183105469,35.08000183105469,35.08000183105469,35.08000183105469,242,0.0,0.0
2024-10-15 10:03:00-04:00,35.23500061035156,35.23500061035156,35.23500061035156,35.23500061035156,289,0.0,0.0
2024-10-15 10:04:00-04:00,35.18000030517578,35.18000030517578,35.18000030517578,35.18000030517578,332,0.0,0.0
2024-10-15 10:05:00-04:00,35.244998931884766,35.244998931884766,35.244998931884766,35.244998931884766,541,0.0,0.0
2024-10-15 10:09:00-04:00,35.22999954223633,35.22999954223633,35.22999954223633,35.22999954223633,271,0.0,0.0
2024-10-15 10:10:00-04:00,35.22999954223633,35.2599983215332,35.22999954223633,35.2599983215332,574,0.0,0.0
2024-10-15 10:12:00-04:00,35.2599983215332,35.2599983215332,35.18000030517578,35.220001220703125,2026,0.0,0.0
2024-10-15 10:13:00-04:00,35.209999084472656,35.209999084472656,35.209999084472656,35.209999084472656,419,0.0,0.0
2024-10-15 10:14:00-04:00,35.220001220703125,35.220001220703125,35.15999984741211,35.15999984741211,1191,0.0,0.0
2024-10-15 10:16:00-04:00,35.220001220703125,35.23500061035156,35.220001220703125,35.23500061035156,788,0.0,0.0
2024-10-15 10:17:00-04:00,35.224998474121094,35.25749969482422,35.217498779296875,35.244998931884766,673,0.0,0.0
2024-10-15 10:18:00-04:00,35.272499084472656,35.28499984741211,35.272499084472656,35.28499984741211,298,0.0,0.0
2024-10-15 10:19:00-04:00,35.25,35.25,35.25,35.25,220,0.0,0.0
2024-10-15 10:20:00-04:00,35.244998931884766,35.272499084472656,35.244998931884766,35.272499084472656,1086,0.0,0.0
2024-10-15 10:21:00-04:00,35.20140075683594,35.244998931884766,35.20140075683594,35.244998931884766,715,0.0,0.0
2024-10-15 10:22:00-04:00,35.2400016784668,35.2400016784668,35.18000030517578,35.18000030517578,958,0.0,0.0
2024-10-15 10:23:00-04:00,35.20000076293945,35.20000076293945,35.11000061035156,35.11000061035156,1260,0.0,0.0
2024-10-15 10:24:00-04:00,35.11000061035156,35.1609001159668,35.11000061035156,35.150001525878906,1658,0.0,0.0
2024-10-15 10:25:00-04:00,35.12030029296875,35.14500045776367,35.12030029296875,35.14500045776367,390,0.0,0.0
2024-10-15 10:27:00-04:00,35.16999816894531,35.16999816894531,35.16999816894531,35.16999816894531,128,0.0,0.0
2024-10-15 10:28:00-04:00,35.22999954223633,35.22999954223633,35.22999954223633,35.22999954223633,147,0.0,0.0
2024-10-15 10:29:00-04:00,35.16999816894531,35.16999816894531,35.04999923706055,35.04999923706055,3214,0.0,0.0
2024-10-15 10:30:00-04:00,35.02399826049805,35.04999923706055,34.98500061035156,35.040000915527344,3437,0.0,0.0
2024-10-15 10:31:00-04:00,35.010101318359375,35.09000015258789,35.010101318359375,35.029998779296875,1423,0.0,0.0
2024-10-15 10:32:00-04:00,35.029998779296875,35.029998779296875,35.0099983215332,35.0099983215332,519,0.0,0.0
2024-10-15 10:34:00-04:00,35.0,35.025001525878906,35.0,35.025001525878906,847,0.0,0.0
2024-10-15 10:36:00-04:00,34.959999084472656,34.959999084472656,34.959999084472656,34.959999084472656,105,0.0,0.0
2024-10-15 10:37:00-04:00,34.974998474121094,34.974998474121094,34.974998474121094,34.974998474121094,233,0.0,0.0
2024-10-15 10:39:00-04:00,34.939998626708984,34.95500183105469,34.939998626708984,34.95500183105469,380,0.0,0.0
2024-10-15 10:40:00-04:00,34.94499969482422,34.94499969482422,34.880001068115234,34.935001373291016,845,0.0,0.0
2024-10-15 10:43:00-04:00,34.939998626708984,34.939998626708984,34.939998626708984,34.939998626708984,105,0.0,0.0
2024-10-15 10:44:00-04:00,34.99250030517578,34.994998931884766,34.99250030517578,34.994998931884766,645,0.0,0.0
2024-10-15 10:45:00-04:00,34.93000030517578,34.959999084472656,34.91999816894531,34.959999084472656,834,0.0,0.0
2024-10-15 10:46:00-04:00,34.90999984741211,34.90999984741211,34.880001068115234,34.880001068115234,570,0.0,0.0
2024-10-15 10:47:00-04:00,34.90999984741211,34.915000915527344,34.904998779296875,34.915000915527344,615,0.0,0.0
2024-10-15 10:48:00-04:00,34.970001220703125,35.0,34.915000915527344,34.93709945678711,3342,0.0,0.0
2024-10-15 10:49:00-04:00,34.974998474121094,35.0,34.974998474121094,35.0,492,0.0,0.0
2024-10-15 10:50:00-04:00,35.005001068115234,35.005001068115234,35.005001068115234,35.005001068115234,154,0.0,0.0
2024-10-15 10:51:00-04:00,34.99190139770508,34.99190139770508,34.99190139770508,34.99190139770508,303,0.0,0.0
2024-10-15 10:52:00-04:00,35.02000045776367,35.040000915527344,35.02000045776367,35.040000915527344,898,0.0,0.0
2024-10-15 10:53:00-04:00,35.06999969482422,35.14500045776367,35.04499816894531,35.14500045776367,3103,0.0,0.0
2024-10-15 10:54:00-04:00,35.1349983215332,35.1349983215332,35.1349983215332,35.1349983215332,148,0.0,0.0
2024-10-15 10:55:00-04:00,35.14500045776367,35.14500045776367,35.119998931884766,35.119998931884766,959,0.0,0.0
2024-10-15 10:56:00-04:00,35.119998931884766,35.119998931884766,35.099998474121094,35.11000061035156,1542,0.0,0.0
2024-10-15 10:57:00-04:00,35.11000061035156,35.11000061035156,35.11000061035156,35.11000061035156,100,0.0,0.0
2024-10-15 10:58:00-04:00,35.08000183105469,35.10499954223633,35.08000183105469,35.10499954223633,1260,0.0,0.0
2024-10-15 10:59:00-04:00,35.130001068115234,35.13999938964844,35.119998931884766,35.13999938964844,990,0.0,0.0
2024-10-15 11:00:00-04:00,35.165000915527344,35.169898986816406,35.125,35.125,464,0.0,0.0
2024-10-15 11:01:00-04:00,35.189998626708984,35.189998626708984,35.189998626708984,35.189998626708984,484,0.0,0.0
2024-10-15 11:02:00-04:00,35.182498931884766,35.2400016784668,35.182498931884766,35.2400016784668,524,0.0,0.0
2024-10-15 11:03:00-04:00,35.209999084472656,35.220001220703125,35.16899871826172,35.220001220703125,2521,0.0,0.0
2024-10-15 11:04:00-04:00,35.20500183105469,35.20500183105469,35.20500183105469,35.20500183105469,203,0.0,0.0
2024-10-15 11:05:00-04:00,35.20500183105469,35.20500183105469,35.20500183105469,35.20500183105469,4929,0.0,0.0
2024-10-15 11:06:00-04:00,35.16999816894531,35.189998626708984,35.15999984741211,35.189998626708984,1543,0.0,0.0
2024-10-15 11:08:00-04:00,35.150001525878906,35.18000030517578,35.150001525878906,35.18000030517578,1480,0.0,0.0
2024-10-15 11:09:00-04:00,35.18000030517578,35.18000030517578,35.155399322509766,35.155399322509766,1231,0.0,0.0
2024-10-15 11:10:00-04:00,35.16999816894531,35.16999816894531,35.15999984741211,35.15999984741211,601,0.0,0.0
2024-10-15 11:11:00-04:00,35.16999816894531,35.16999816894531,35.13999938964844,35.13999938964844,2643,0.0,0.0
2024-10-15 11:12:00-04:00,35.11249923706055,35.11249923706055,35.11249923706055,35.11249923706055,359,0.0,0.0
2024-10-15 11:13:00-04:00,35.11000061035156,35.13999938964844,35.11000061035156,35.13999938964844,795,0.0,0.0
2024-10-15 11:14:00-04:00,35.119998931884766,35.119998931884766,35.09000015258789,35.09000015258789,522,0.0,0.0
2024-10-15 11:16:00-04:00,35.119998931884766,35.16999816894531,35.119998931884766,35.14500045776367,1550,0.0,0.0
2024-10-15 11:19:00-04:00,35.14500045776367,35.14500045776367,35.14500045776367,35.14500045776367,224,0.0,0.0
2024-10-15 11:20:00-04:00,35.14500045776367,35.15999984741211,35.14500045776367,35.150001525878906,575,0.0,0.0
2024-10-15 11:21:00-04:00,35.16999816894531,35.18000030517578,35.16999816894531,35.18000030517578,348,0.0,0.0
2024-10-15 11:22:00-04:00,35.189998626708984,35.22999954223633,35.17499923706055,35.22999954223633,968,0.0,0.0
2024-10-15 11:23:00-04:00,35.25,35.2599983215332,35.25,35.2599983215332,611,0.0,0.0
2024-10-15 11:24:00-04:00,35.2599983215332,35.2599983215332,35.2400016784668,35.2400016784668,498,0.0,0.0
2024-10-15 11:25:00-04:00,35.2599983215332,35.279998779296875,35.220001220703125,35.220001220703125,440,0.0,0.0
2024-10-15 11:26:00-04:00,35.2599983215332,35.2599983215332,35.2599983215332,35.2599983215332,521,0.0,0.0
2024-10-15 11:27:00-04:00,35.2599983215332,35.2599983215332,35.209999084472656,35.2400016784668,2849,0.0,0.0
2024-10-15 11:28:00-04:00,35.262001037597656,35.262001037597656,35.22999954223633,35.22999954223633,250,0.0,0.0
2024-10-15 11:29:00-04:00,35.2599983215332,35.275001525878906,35.2599983215332,35.275001525878906,542,0.0,0.0
2024-10-15 11:30:00-04:00,35.2599983215332,35.33000183105469,35.2599983215332,35.33000183105469,4360,0.0,0.0
2024-10-15 11:32:00-04:00,35.31999969482422,35.34000015258789,35.29999923706055,35.29999923706055,3350,0.0,0.0
2024-10-15 11:33:00-04:00,35.290000915527344,35.290000915527344,35.290000915527344,35.290000915527344,906,0.0,0.0
2024-10-15 11:35:00-04:00,35.290000915527344,35.290000915527344,35.279998779296875,35.28499984741211,1605,0.0,0.0
2024-10-15 11:37:00-04:00,35.279998779296875,35.279998779296875,35.279998779296875,35.279998779296875,292,0.0,0.0
2024-10-15 11:38:00-04:00,35.25,35.25,35.22999954223633,35.22999954223633,1505,0.0,0.0
2024-10-15 11:41:00-04:00,35.21500015258789,35.21500015258789,35.21500015258789,35.21500015258789,413,0.0,0.0
2024-10-15 11:42:00-04:00,35.20500183105469,35.2599983215332,35.20500183105469,35.2400016784668,1502,0.0,0.0
2024-10-15 11:43:00-04:00,35.22999954223633,35.22999954223633,35.22999954223633,35.22999954223633,800,0.0,0.0
2024-10-15 11:45:00-04:00,35.22999954223633,35.2599983215332,35.22999954223633,35.22999954223633,470,0.0,0.0
2024-10-15 11:46:00-04:00,35.22999954223633,35.2599983215332,35.22999954223633,35.2400016784668,846,0.0,0.0
2024-10-15 11:47:00-04:00,35.22999954223633,35.2599983215332,35.22999954223633,35.244998931884766,1121,0.0,0.0
2024-10-15 11:48:00-04:00,35.279998779296875,35.279998779296875,35.25,35.25,2443,0.0,0.0
2024-10-15 11:49:00-04:00,35.25,35.25,35.220001220703125,35.22999954223633,1886,0.0,0.0
2024-10-15 11:50:00-04:00,35.25,35.33000183105469,35.25,35.33000183105469,4744,0.0,0.0
2024-10-15 11:51:00-04:00,35.290000915527344,35.33000183105469,35.290000915527344,35.31669998168945,2195,0.0,0.0
2024-10-15 11:52:00-04:00,35.32500076293945,35.32500076293945,35.290000915527344,35.310001373291016,4329,0.0,0.0
2024-10-15 11:53:00-04:00,35.310001373291016,35.310001373291016,35.27000045776367,35.27000045776367,4405,0.0,0.0
2024-10-15 11:54:00-04:00,35.290000915527344,35.290000915527344,35.290000915527344,35.290000915527344,568,0.0,0.0
2024-10-15 11:55:00-04:00,35.29999923706055,35.34000015258789,35.29999923706055,35.34000015258789,2230,0.0,0.0
2024-10-15 11:56:00-04:00,35.31999969482422,35.31999969482422,35.31999969482422,35.31999969482422,816,0.0,0.0
2024-10-15 11:58:00-04:00,35.31999969482422,35.31999969482422,35.290000915527344,35.310001373291016,2292,0.0,0.0
2024-10-15 11:59:00-04:00,35.32550048828125,35.334999084472656,35.31999969482422,35.334999084472656,1585,0.0,0.0
2024-10-15 12:00:00-04:00,35.349998474121094,35.41999816894531,35.349998474121094,35.41450119018555,2913,0.0,0.0
2024-10-15 12:01:00-04:00,35.43000030517578,35.4900016784668,35.41999816894531,35.41999816894531,3761,0.0,0.0
2024-10-15 12:02:00-04:00,35.40999984741211,35.40999984741211,35.38999938964844,35.39500045776367,1236,0.0,0.0
2024-10-15 12:03:00-04:00,35.40999984741211,35.439998626708984,35.40999984741211,35.439998626708984,470,0.0,0.0
2024-10-15 12:04:00-04:00,35.4900016784668,35.4900016784668,35.4900016784668,35.4900016784668,306,0.0,0.0
2024-10-15 12:05:00-04:00,35.45000076293945,35.4900016784668,35.44499969482422,35.44499969482422,2649,0.0,0.0
2024-10-15 12:06:00-04:00,35.44499969482422,35.44499969482422,35.44499969482422,35.44499969482422,315,0.0,0.0
2024-10-15 12:08:00-04:00,35.44499969482422,35.46500015258789,35.44499969482422,35.46500015258789,2264,0.0,0.0
2024-10-15 12:09:00-04:00,35.46500015258789,35.46500015258789,35.40999984741211,35.43000030517578,3340,0.0,0.0
2024-10-15 12:10:00-04:00,35.435001373291016,35.435001373291016,35.435001373291016,35.435001373291016,237,0.0,0.0
2024-10-15 12:12:00-04:00,35.435001373291016,35.435001373291016,35.435001373291016,35.435001373291016,199,0.0,0.0
2024-10-15 12:13:00-04:00,35.435001373291016,35.435001373291016,35.29999923706055,35.29999923706055,7483,0.0,0.0
2024-10-15 12:14:00-04:00,35.29999923706055,35.34859848022461,35.29999923706055,35.34859848022461,3636,0.0,0.0
2024-10-15 12:15:00-04:00,35.345001220703125,35.345001220703125,35.345001220703125,35.345001220703125,153,0.0,0.0
2024-10-15 12:16:00-04:00,35.345001220703125,35.345001220703125,35.345001220703125,35.345001220703125,428,0.0,0.0
2024-10-15 12:17:00-04:00,35.34000015258789,35.36000061035156,35.34000015258789,35.36000061035156,617,0.0,0.0
2024-10-15 12:19:00-04:00,35.31999969482422,35.32500076293945,35.290000915527344,35.32500076293945,3853,0.0,0.0
2024-10-15 12:20:00-04:00,35.32500076293945,35.345001220703125,35.29999923706055,35.29999923706055,1016,0.0,0.0
2024-10-15 12:21:00-04:00,35.349998474121094,35.36000061035156,35.349998474121094,35.36000061035156,2069,0.0,0.0
2024-10-15 12:22:00-04:00,35.369998931884766,35.369998931884766,35.369998931884766,35.369998931884766,118,0.0,0.0
2024-10-15 12:23:00-04:00,35.36000061035156,35.36000061035156,35.36000061035156,35.36000061035156,287,0.0,0.0
2024-10-15 12:24:00-04:00,35.369998931884766,35.43000030517578,35.36000061035156,35.36000061035156,2243,0.0,0.0
2024-10-15 12:25:00-04:00,35.400001525878906,35.41999816894531,35.36000061035156,35.41999816894531,944,0.0,0.0
2024-10-15 12:26:00-04:00,35.40999984741211,35.40999984741211,35.36000061035156,35.404998779296875,493,0.0,0.0
2024-10-15 12:27:00-04:00,35.39250183105469,35.39250183105469,35.39250183105469,35.39250183105469,113,0.0,0.0
2024-10-15 12:28:00-04:00,35.380001068115234,35.380001068115234,35.31999969482422,35.31999969482422,2850,0.0,0.0
2024-10-15 12:29:00-04:00,35.31999969482422,35.33000183105469,35.29999923706055,35.29999923706055,4184,0.0,0.0
2024-10-15 12:30:00-04:00,35.29999923706055,35.29999923706055,35.29999923706055,35.29999923706055,185,0.0,0.0
2024-10-15 12:31:00-04:00,35.29999923706055,35.29999923706055,35.29999923706055,35.29999923706055,622,0.0,0.0
2024-10-15 12:34:00-04:00,35.33000183105469,35.349998474121094,35.31999969482422,35.34000015258789,2869,0.0,0.0
2024-10-15 12:35:00-04:00,35.33000183105469,35.36000061035156,35.31999969482422,35.36000061035156,2754,0.0,0.0
2024-10-15 12:36:00-04:00,35.36000061035156,35.36000061035156,35.36000061035156,35.36000061035156,256,0.0,0.0
2024-10-15 12:37:00-04:00,35.34000015258789,35.345001220703125,35.34000015258789,35.345001220703125,716,0.0,0.0
2024-10-15 12:39:00-04:00,35.345001220703125,35.36000061035156,35.345001220703125,35.36000061035156,391,0.0,0.0
2024-10-15 12:40:00-04:00,35.345001220703125,35.349998474121094,35.29999923706055,35.31999969482422,5818,0.0,0.0
2024-10-15 12:41:00-04:00,35.29999923706055,35.29999923706055,35.28499984741211,35.28499984741211,2590,0.0,0.0
2024-10-15 12:44:00-04:00,35.310001373291016,35.310001373291016,35.310001373291016,35.310001373291016,116,0.0,0.0
2024-10-15 12:45:00-04:00,35.28499984741211,35.28499984741211,35.28499984741211,35.28499984741211,458,0.0,0.0
2024-10-15 12:46:00-04:00,35.310001373291016,35.310001373291016,35.29499816894531,35.310001373291016,1762,0.0,0.0
2024-10-15 12:47:00-04:00,35.31999969482422,35.31999969482422,35.29999923706055,35.29999923706055,270,0.0,0.0
2024-10-15 12:48:00-04:00,35.29999923706055,35.310001373291016,35.29999923706055,35.310001373291016,679,0.0,0.0
2024-10-15 12:50:00-04:00,35.290000915527344,35.290000915527344,35.209999084472656,35.209999084472656,4334,0.0,0.0
2024-10-15 12:52:00-04:00,35.20500183105469,35.20500183105469,35.20500183105469,35.20500183105469,115,0.0,0.0
2024-10-15 12:53:00-04:00,35.220001220703125,35.220001220703125,35.20500183105469,35.20500183105469,303,0.0,0.0
2024-10-15 12:54:00-04:00,35.18009948730469,35.18009948730469,35.18009948730469,35.18009948730469,232,0.0,0.0
2024-10-15 12:56:00-04:00,35.20000076293945,35.20000076293945,35.20000076293945,35.20000076293945,197,0.0,0.0
2024-10-15 12:57:00-04:00,35.20000076293945,35.220001220703125,35.20000076293945,35.220001220703125,350,0.0,0.0
2024-10-15 12:58:00-04:00,35.20000076293945,35.20000076293945,35.20000076293945,35.20000076293945,428,0.0,0.0
2024-10-15 13:00:00-04:00,35.20000076293945,35.220001220703125,35.20000076293945,35.220001220703125,1404,0.0,0.0
2024-10-15 13:01:00-04:00,35.224998474121094,35.224998474121094,35.224998474121094,35.224998474121094,117,0.0,0.0
2024-10-15 13:02:00-04:00,35.224998474121094,35.2400016784668,35.224998474121094,35.2400016784668,386,0.0,0.0
2024-10-15 13:03:00-04:00,35.22999954223633,35.25,35.22999954223633,35.25,999,0.0,0.0
2024-10-15 13:04:00-04:00,35.24250030517578,35.24250030517578,35.230098724365234,35.230098724365234,1286,0.0,0.0
2024-10-15 13:05:00-04:00,35.244998931884766,35.244998931884766,35.220001220703125,35.220001220703125,2002,0.0,0.0
2024-10-15 13:06:00-04:00,35.22999954223633,35.22999954223633,35.220001220703125,35.220001220703125,616,0.0,0.0
2024-10-15 13:08:00-04:00,35.209999084472656,35.209999084472656,35.19499969482422,35.19499969482422,839,0.0,0.0
2024-10-15 13:10:00-04:00,35.20000076293945,35.220001220703125,35.20000076293945,35.220001220703125,931,0.0,0.0
2024-10-15 13:11:00-04:00,35.18000030517578,35.18000030517578,35.16999816894531,35.16999816894531,818,0.0,0.0
2024-10-15 13:13:00-04:00,35.20000076293945,35.20000076293945,35.20000076293945,35.20000076293945,774,0.0,0.0
2024-10-15 13:14:00-04:00,35.220001220703125,35.23500061035156,35.20500183105469,35.209999084472656,2965,0.0,0.0
2024-10-15 13:15:00-04:00,35.20000076293945,35.220001220703125,35.20000076293945,35.220001220703125,984,0.0,0.0
2024-10-15 13:18:00-04:00,35.20000076293945,35.20000076293945,35.20000076293945,35.20000076293945,101,0.0,0.0
2024-10-15 13:19:00-04:00,35.22999954223633,35.22999954223633,35.22999954223633,35.22999954223633,201,0.0,0.0
2024-10-15 13:20:00-04:00,35.20000076293945,35.20000076293945,35.20000076293945,35.20000076293945,143,0.0,0.0
2024-10-15 13:22:00-04:00,35.19499969482422,35.19499969482422,35.19499969482422,35.19499969482422,339,0.0,0.0
2024-10-15 13:23:00-04:00,35.220001220703125,35.2400016784668,35.220001220703125,35.2400016784668,512,0.0,0.0
2024-10-15 13:24:00-04:00,35.244998931884766,35.244998931884766,35.209999084472656,35.220001220703125,1893,0.0,0.0
2024-10-15 13:26:00-04:00,35.220001220703125,35.220001220703125,35.209999084472656,35.209999084472656,319,0.0,0.0
2024-10-15 13:27:00-04:00,35.189998626708984,35.189998626708984,35.189998626708984,35.189998626708984,636,0.0,0.0
2024-10-15 13:28:00-04:00,35.15999984741211,35.189998626708984,35.13999938964844,35.13999938964844,644,0.0,0.0
2024-10-15 13:29:00-04:00,35.150001525878906,35.150001525878906,35.150001525878906,35.150001525878906,116,0.0,0.0
2024-10-15 13:30:00-04:00,35.14400100708008,35.14400100708008,35.14400100708008,35.14400100708008,1201,0.0,0.0
2024-10-15 13:31:00-04:00,35.150001525878906,35.150001525878906,35.12099838256836,35.12099838256836,953,0.0,0.0
2024-10-15 13:32:00-04:00,35.150001525878906,35.150001525878906,35.130001068115234,35.14500045776367,2579,0.0,0.0
2024-10-15 13:33:00-04:00,35.15999984741211,35.15999984741211,35.15999984741211,35.15999984741211,242,0.0,0.0
2024-10-15 13:34:00-04:00,35.14500045776367,35.14500045776367,35.13999938964844,35.14400100708008,625,0.0,0.0
2024-10-15 13:35:00-04:00,35.119998931884766,35.119998931884766,35.099998474121094,35.099998474121094,3298,0.0,0.0
2024-10-15 13:37:00-04:00,35.11000061035156,35.11000061035156,35.11000061035156,35.11000061035156,117,0.0,0.0
2024-10-15 13:38:00-04:00,35.09000015258789,35.09000015258789,35.09000015258789,35.09000015258789,479,0.0,0.0
2024-10-15 13:40:00-04:00,35.119998931884766,35.150001525878906,35.10499954223633,35.150001525878906,5083,0.0,0.0
2024-10-15 13:41:00-04:00,35.15999984741211,35.15999984741211,35.15999984741211,35.15999984741211,240,0.0,0.0
2024-10-15 13:42:00-04:00,35.165000915527344,35.165000915527344,35.165000915527344,35.165000915527344,386,0.0,0.0
2024-10-15 13:43:00-04:00,35.16619873046875,35.16619873046875,35.16619873046875,35.16619873046875,320,0.0,0.0
2024-10-15 13:44:00-04:00,35.16999816894531,35.16999816894531,35.16999816894531,35.16999816894531,283,0.0,0.0
2024-10-15 13:45:00-04:00,35.150001525878906,35.16999816894531,35.119998931884766,35.16999816894531,3018,0.0,0.0
2024-10-15 13:46:00-04:00,35.13999938964844,35.13999938964844,35.13999938964844,35.13999938964844,272,0.0,0.0
2024-10-15 13:47:00-04:00,35.13999938964844,35.18000030517578,35.11000061035156,35.11000061035156,2408,0.0,0.0
2024-10-15 13:48:00-04:00,35.125,35.125,35.11000061035156,35.11000061035156,540,0.0,0.0
2024-10-15 13:49:00-04:00,35.11000061035156,35.11000061035156,35.099998474121094,35.099998474121094,816,0.0,0.0
2024-10-15 13:50:00-04:00,35.08039855957031,35.08039855957031,35.08039855957031,35.08039855957031,457,0.0,0.0
2024-10-15 13:51:00-04:00,35.099998474121094,35.119998931884766,35.099998474121094,35.11000061035156,872,0.0,0.0
2024-10-15 13:52:00-04:00,35.119998931884766,35.119998931884766,35.10499954223633,35.10499954223633,995,0.0,0.0
2024-10-15 13:53:00-04:00,35.09000015258789,35.09000015258789,35.08000183105469,35.080101013183594,3877,0.0,0.0
2024-10-15 13:54:00-04:00,35.099998474121094,35.099998474121094,35.08000183105469,35.08000183105469,2633,0.0,0.0
2024-10-15 13:55:00-04:00,35.08000183105469,35.08000183105469,35.06999969482422,35.06999969482422,1373,0.0,0.0
2024-10-15 13:56:00-04:00,35.04999923706055,35.04999923706055,35.04999923706055,35.04999923706055,316,0.0,0.0
2024-10-15 13:57:00-04:00,35.04999923706055,35.04999923706055,35.02000045776367,35.02000045776367,275,0.0,0.0
2024-10-15 13:58:00-04:00,35.05500030517578,35.05500030517578,35.02000045776367,35.02000045776367,1478,0.0,0.0
2024-10-15 14:01:00-04:00,35.029998779296875,35.04999923706055,35.029998779296875,35.04999923706055,794,0.0,0.0
2024-10-15 14:02:00-04:00,35.060001373291016,35.09000015258789,35.060001373291016,35.07500076293945,1370,0.0,0.0
2024-10-15 14:03:00-04:00,35.08000183105469,35.08000183105469,35.05009841918945,35.05009841918945,342,0.0,0.0
2024-10-15 14:04:00-04:00,35.07500076293945,35.07500076293945,35.02000045776367,35.029998779296875,3482,0.0,0.0
2024-10-15 14:05:00-04:00,35.0099983215332,35.0099983215332,35.0099983215332,35.0099983215332,639,0.0,0.0
2024-10-15 14:06:00-04:00,35.0099983215332,35.0099983215332,34.950599670410156,34.974998474121094,2854,0.0,0.0
2024-10-15 14:07:00-04:00,34.9900016784668,34.9900016784668,34.9900016784668,34.9900016784668,513,0.0,0.0
2024-10-15 14:08:00-04:00,34.9900016784668,35.0099983215332,34.9900016784668,35.0099983215332,1032,0.0,0.0
2024-10-15 14:09:00-04:00,34.9900016784668,34.994998931884766,34.9900016784668,34.994998931884766,233,0.0,0.0
2024-10-15 14:10:00-04:00,34.994998931884766,35.02000045776367,34.994998931884766,35.02000045776367,1170,0.0,0.0
2024-10-15 14:11:00-04:00,35.060001373291016,35.060001373291016,35.060001373291016,35.060001373291016,577,0.0,0.0
2024-10-15 14:12:00-04:00,35.060001373291016,35.09000015258789,35.029998779296875,35.029998779296875,1754,0.0,0.0
2024-10-15 14:13:00-04:00,35.0099983215332,35.022499084472656,35.0099983215332,35.022499084472656,997,0.0,0.0
2024-10-15 14:16:00-04:00,35.0,35.0,34.97999954223633,34.97999954223633,2083,0.0,0.0
2024-10-15 14:19:00-04:00,35.02000045776367,35.02000045776367,35.0099983215332,35.01499938964844,1635,0.0,0.0
2024-10-15 14:21:00-04:00,35.0099983215332,35.0099983215332,34.9900016784668,35.0099983215332,1712,0.0,0.0
2024-10-15 14:22:00-04:00,35.0099983215332,35.0099983215332,35.0099983215332,35.0099983215332,230,0.0,0.0
2024-10-15 14:23:00-04:00,35.029998779296875,35.04999923706055,35.029998779296875,35.04999923706055,722,0.0,0.0
2024-10-15 14:24:00-04:00,35.06999969482422,35.06999969482422,35.06999969482422,35.06999969482422,405,0.0,0.0
2024-10-15 14:25:00-04:00,35.04999923706055,35.04999923706055,35.029998779296875,35.029998779296875,1608,0.0,0.0
2024-10-15 14:26:00-04:00,35.02000045776367,35.04499816894531,35.02000045776367,35.04499816894531,211,0.0,0.0
2024-10-15 14:27:00-04:00,35.02000045776367,35.02000045776367,35.0,35.0,1367,0.0,0.0
2024-10-15 14:29:00-04:00,35.0099983215332,35.0099983215332,35.0099983215332,35.0099983215332,108,0.0,0.0
2024-10-15 14:30:00-04:00,35.029998779296875,35.029998779296875,35.0,35.025001525878906,1702,0.0,0.0
2024-10-15 14:31:00-04:00,35.03499984741211,35.05350112915039,35.029998779296875,35.05350112915039,656,0.0,0.0
2024-10-15 14:32:00-04:00,35.029998779296875,35.029998779296875,35.029998779296875,35.029998779296875,198,0.0,0.0
2024-10-15 14:33:00-04:00,35.0099983215332,35.0099983215332,35.0099983215332,35.0099983215332,232,0.0,0.0
2024-10-15 14:34:00-04:00,35.060001373291016,35.060001373291016,34.974998474121094,34.974998474121094,3226,0.0,0.0
2024-10-15 14:35:00-04:00,34.959999084472656,35.0,34.959999084472656,34.9900016784668,605,0.0,0.0
2024-10-15 14:36:00-04:00,35.0,35.0,34.98469924926758,35.0,1731,0.0,0.0
2024-10-15 14:37:00-04:00,35.0,35.0,34.97999954223633,34.97999954223633,1641,0.0,0.0
2024-10-15 14:38:00-04:00,34.974998474121094,34.9900016784668,34.974998474121094,34.9900016784668,547,0.0,0.0
2024-10-15 14:39:00-04:00,34.9900016784668,34.9900016784668,34.97999954223633,34.97999954223633,355,0.0,0.0
2024-10-15 14:42:00-04:00,34.970001220703125,34.970699310302734,34.95000076293945,34.96500015258789,3445,0.0,0.0
2024-10-15 14:43:00-04:00,34.9900016784668,34.9900016784668,34.9900016784668,34.9900016784668,873,0.0,0.0
2024-10-15 14:44:00-04:00,34.97999954223633,35.0099983215332,34.97999954223633,35.0099983215332,261,0.0,0.0
2024-10-15 14:45:00-04:00,34.98500061035156,34.98500061035156,34.98500061035156,34.98500061035156,174,0.0,0.0
2024-10-15 14:46:00-04:00,34.98500061035156,35.0,34.98500061035156,34.994998931884766,516,0.0,0.0
2024-10-15 14:47:00-04:00,35.0099983215332,35.02000045776367,34.9900016784668,34.9900016784668,1690,0.0,0.0
2024-10-15 14:48:00-04:00,35.029998779296875,35.029998779296875,35.0,35.0,329,0.0,0.0
2024-10-15 14:49:00-04:00,35.0,35.0,35.0,35.0,1106,0.0,0.0
2024-10-15 14:50:00-04:00,35.0,35.0,34.970001220703125,34.970001220703125,2999,0.0,0.0
2024-10-15 14:51:00-04:00,34.970001220703125,34.970001220703125,34.970001220703125,34.970001220703125,261,0.0,0.0
2024-10-15 14:52:00-04:00,34.9900016784668,35.029998779296875,34.97999954223633,35.029998779296875,2604,0.0,0.0
2024-10-15 14:53:00-04:00,35.0099983215332,35.0099983215332,35.0,35.0,1256,0.0,0.0
2024-10-15 14:54:00-04:00,35.01499938964844,35.01499938964844,35.01499938964844,35.01499938964844,157,0.0,0.0
2024-10-15 14:55:00-04:00,35.0,35.005001068115234,34.97999954223633,34.97999954223633,2557,0.0,0.0
2024-10-15 14:56:00-04:00,34.98500061035156,34.98500061035156,34.98500061035156,34.98500061035156,5253,0.0,0.0
2024-10-15 14:57:00-04:00,34.98500061035156,34.9900016784668,34.98500061035156,34.9900016784668,546,0.0,0.0
2024-10-15 14:58:00-04:00,35.0,35.0,34.974998474121094,34.974998474121094,1581,0.0,0.0
2024-10-15 14:59:00-04:00,34.97999954223633,34.97999954223633,34.959999084472656,34.97999954223633,1277,0.0,0.0
2024-10-15 15:00:00-04:00,34.959999084472656,34.97999954223633,34.959999084472656,34.974998474121094,1318,0.0,0.0
2024-10-15 15:01:00-04:00,34.9900016784668,35.0,34.9900016784668,35.0,1524,0.0,0.0
2024-10-15 15:02:00-04:00,34.994998931884766,34.994998931884766,34.974998474121094,34.974998474121094,1229,0.0,0.0
2024-10-15 15:03:00-04:00,34.9900016784668,34.9900016784668,34.970001220703125,34.974998474121094,2755,0.0,0.0
2024-10-15 15:04:00-04:00,34.97999954223633,34.97999954223633,34.939998626708984,34.95000076293945,1131,0.0,0.0
2024-10-15 15:05:00-04:00,34.95000076293945,34.95000076293945,34.93000030517578,34.93000030517578,704,0.0,0.0
2024-10-15 15:06:00-04:00,34.939998626708984,34.939998626708984,34.935001373291016,34.935001373291016,1243,0.0,0.0
2024-10-15 15:07:00-04:00,34.935001373291016,34.935001373291016,34.935001373291016,34.935001373291016,164,0.0,0.0
2024-10-15 15:08:00-04:00,34.95000076293945,34.9900016784668,34.94660186767578,34.9900016784668,1448,0.0,0.0
2024-10-15 15:09:00-04:00,34.959999084472656,34.959999084472656,34.93000030517578,34.939998626708984,2011,0.0,0.0
2024-10-15 15:10:00-04:00,34.959999084472656,34.97999954223633,34.959999084472656,34.974998474121094,1026,0.0,0.0
2024-10-15 15:12:00-04:00,34.9900016784668,35.02000045776367,34.97999954223633,35.0099983215332,2152,0.0,0.0
2024-10-15 15:13:00-04:00,35.01499938964844,35.01499938964844,35.01499938964844,35.01499938964844,273,0.0,0.0
2024-10-15 15:14:00-04:00,34.9900016784668,35.0099983215332,34.9900016784668,35.0,4266,0.0,0.0
2024-10-15 15:15:00-04:00,35.0099983215332,35.0099983215332,35.0099983215332,35.0099983215332,113,0.0,0.0
2024-10-15 15:16:00-04:00,35.0099983215332,35.02000045776367,35.0099983215332,35.02000045776367,2373,0.0,0.0
2024-10-15 15:17:00-04:00,35.040000915527344,35.040000915527344,35.02000045776367,35.02000045776367,502,0.0,0.0
2024-10-15 15:18:00-04:00,35.02000045776367,35.02000045776367,35.0,35.0,681,0.0,0.0
2024-10-15 15:19:00-04:00,35.02000045776367,35.040000915527344,35.02000045776367,35.040000915527344,2275,0.0,0.0
2024-10-15 15:20:00-04:00,35.08000183105469,35.09000015258789,35.06999969482422,35.08000183105469,4518,0.0,0.0
2024-10-15 15:21:00-04:00,35.07500076293945,35.099998474121094,35.060001373291016,35.099998474121094,4500,0.0,0.0
2024-10-15 15:22:00-04:00,35.099998474121094,35.11000061035156,35.08000183105469,35.11000061035156,3462,0.0,0.0
2024-10-15 15:24:00-04:00,35.130001068115234,35.130001068115234,35.09000015258789,35.09000015258789,2545,0.0,0.0
2024-10-15 15:25:00-04:00,35.09000015258789,35.09000015258789,35.09000015258789,35.09000015258789,458,0.0,0.0
2024-10-15 15:26:00-04:00,35.06999969482422,35.09000015258789,35.06999969482422,35.09000015258789,649,0.0,0.0
2024-10-15 15:27:00-04:00,35.04999923706055,35.04999923706055,35.04999923706055,35.04999923706055,299,0.0,0.0
2024-10-15 15:28:00-04:00,35.04499816894531,35.05500030517578,35.040000915527344,35.04999923706055,927,0.0,0.0
2024-10-15 15:29:00-04:00,35.02000045776367,35.02000045776367,35.01499938964844,35.01499938964844,732,0.0,0.0
2024-10-15 15:30:00-04:00,34.97999954223633,35.01499938964844,34.97999954223633,35.01499938964844,815,0.0,0.0
2024-10-15 15:31:00-04:00,35.0099983215332,35.0099983215332,34.970001220703125,34.9900016784668,1953,0.0,0.0
2024-10-15 15:33:00-04:00,34.9900016784668,34.9900016784668,34.970001220703125,34.98500061035156,2491,0.0,0.0
2024-10-15 15:34:00-04:00,35.0,35.0,34.9900016784668,34.9900016784668,1367,0.0,0.0
2024-10-15 15:35:00-04:00,34.98500061035156,35.0,34.97999954223633,34.97999954223633,1926,0.0,0.0
2024-10-15 15:36:00-04:00,34.970001220703125,34.9900016784668,34.95000076293945,34.959999084472656,3629,0.0,0.0
2024-10-15 15:37:00-04:00,34.939998626708984,34.970001220703125,34.939998626708984,34.970001220703125,2843,0.0,0.0
2024-10-15 15:38:00-04:00,34.97999954223633,34.97999954223633,34.97999954223633,34.97999954223633,462,0.0,0.0
2024-10-15 15:39:00-04:00,35.005001068115234,35.005001068115234,34.96500015258789,34.974998474121094,5217,0.0,0.0
2024-10-15 15:40:00-04:00,35.0098991394043,35.0098991394043,34.974998474121094,34.974998474121094,712,0.0,0.0
2024-10-15 15:41:00-04:00,35.0,35.0,35.0,35.0,566,0.0,0.0
2024-10-15 15:42:00-04:00,34.9900016784668,35.02000045776367,34.9900016784668,35.0099983215332,3695,0.0,0.0
2024-10-15 15:44:00-04:00,35.04999923706055,35.04999923706055,35.03499984741211,35.03499984741211,759,0.0,0.0
2024-10-15 15:45:00-04:00,35.02000045776367,35.02000045776367,35.0099983215332,35.02000045776367,2574,0.0,0.0
2024-10-15 15:46:00-04:00,35.0,35.0099983215332,35.0,35.0099983215332,1387,0.0,0.0
2024-10-15 15:47:00-04:00,35.0099983215332,35.0099983215332,35.0099983215332,35.0099983215332,725,0.0,0.0
2024-10-15 15:48:00-04:00,35.0,35.029998779296875,34.9900016784668,35.029998779296875,7478,0.0,0.0
2024-10-15 15:49:00-04:00,35.040000915527344,35.04999923706055,35.029998779296875,35.04999923706055,1160,0.0,0.0
2024-10-15 15:50:00-04:00,35.040000915527344,35.04999923706055,35.0099983215332,35.04999923706055,5441,0.0,0.0
2024-10-15 15:51:00-04:00,35.040000915527344,35.040000915527344,34.98500061035156,35.0,5662,0.0,0.0
2024-10-15 15:52:00-04:00,35.0099983215332,35.0099983215332,34.98500061035156,35.0099983215332,5778,0.0,0.0
2024-10-15 15:53:00-04:00,35.005001068115234,35.02000045776367,34.970001220703125,35.0,8885,0.0,0.0
2024-10-15 15:54:00-04:00,35.0,35.02000045776367,34.970001220703125,35.02000045776367,8166,0.0,0.0
2024-10-15 15:55:00-04:00,35.01499938964844,35.02000045776367,34.9900016784668,35.02000045776367,6844,0.0,0.0
2024-10-15 15:56:00-04:00,35.005001068115234,35.0099983215332,34.9900016784668,35.0099983215332,8993,0.0,0.0
2024-10-15 15:57:00-04:00,35.0099983215332,35.0099983215332,34.9900016784668,35.0,9151,0.0,0.0
2024-10-15 15:58:00-04:00,34.9900016784668,35.03499984741211,34.9900016784668,35.025001525878906,16534,0.0,0.0
2024-10-15 15:59:00-04:00,35.029998779296875,35.040000915527344,34.9900016784668,35.005001068115234,18820,0.0,0.0
2024-10-16 09:30:00-04:00,35.220001220703125,35.220001220703125,35.220001220703125,35.220001220703125,5118,0.0,0.0
2024-10-16 09:31:00-04:00,35.165000915527344,35.165000915527344,35.165000915527344,35.165000915527344,118,0.0,0.0
2024-10-16 09:35:00-04:00,35.130001068115234,35.130001068115234,35.130001068115234,35.130001068115234,106,0.0,0.0
2024-10-16 09:36:00-04:00,35.029998779296875,35.08000183105469,34.91999816894531,34.91999816894531,4384,0.0,0.0
2024-10-16 09:38:00-04:00,34.88930130004883,34.88930130004883,34.88930130004883,34.88930130004883,1076,0.0,0.0
2024-10-16 09:39:00-04:00,34.880001068115234,34.880001068115234,34.880001068115234,34.880001068115234,212,0.0,0.0
2024-10-16 09:41:00-04:00,35.08000183105469,35.08000183105469,34.95000076293945,34.95000076293945,1002,0.0,0.0
2024-10-16 09:42:00-04:00,34.970001220703125,34.994998931884766,34.95000076293945,34.994998931884766,426,0.0,0.0
2024-10-16 09:43:00-04:00,35.0,35.0,35.0,35.0,102,0.0,0.0
2024-10-16 09:44:00-04:00,35.0,35.0,35.0,35.0,251,0.0,0.0
2024-10-16 09:46:00-04:00,35.0099983215332,35.0099983215332,35.0,35.0,1145,0.0,0.0
2024-10-16 09:47:00-04:00,35.01499938964844,35.01499938964844,35.0,35.01499938964844,775,0.0,0.0
2024-10-16 09:48:00-04:00,35.01499938964844,35.01499938964844,35.0,35.0,891,0.0,0.0
2024-10-16 09:49:00-04:00,35.01499938964844,35.01499938964844,34.970001220703125,34.970001220703125,619,0.0,0.0
2024-10-16 09:51:00-04:00,35.02000045776367,35.02000045776367,35.0,35.0,207,0.0,0.0
2024-10-16 09:52:00-04:00,34.9900016784668,35.03499984741211,34.93000030517578,34.93000030517578,760,0.0,0.0
2024-10-16 09:56:00-04:00,34.970001220703125,34.970001220703125,34.970001220703125,34.970001220703125,111,0.0,0.0
2024-10-16 09:57:00-04:00,34.970001220703125,34.9900016784668,34.970001220703125,34.9900016784668,638,0.0,0.0
2024-10-16 09:58:00-04:00,34.970001220703125,35.064998626708984,34.970001220703125,35.0,7686,0.0,0.0
2024-10-16 09:59:00-04:00,35.04999923706055,35.09000015258789,35.0,35.0525016784668,4066,0.0,0.0
2024-10-16 10:00:00-04:00,35.099998474121094,35.099998474121094,35.07500076293945,35.07500076293945,990,0.0,0.0
2024-10-16 10:01:00-04:00,35.07500076293945,35.11000061035156,35.07500076293945,35.07500076293945,330,0.0,0.0
2024-10-16 10:02:00-04:00,35.095001220703125,35.11000061035156,35.08000183105469,35.11000061035156,825,0.0,0.0
2024-10-16 10:03:00-04:00,35.119998931884766,35.150001525878906,35.119998931884766,35.125,1166,0.0,0.0
2024-10-16 10:04:00-04:00,35.20000076293945,35.22999954223633,35.20000076293945,35.22999954223633,662,0.0,0.0
2024-10-16 10:05:00-04:00,35.25,35.25,35.25,35.25,578,0.0,0.0
2024-10-16 10:06:00-04:00,35.29999923706055,35.310001373291016,35.2599983215332,35.27000045776367,1646,0.0,0.0
2024-10-16 10:09:00-04:00,35.31999969482422,35.31999969482422,35.31999969482422,35.31999969482422,235,0.0,0.0
2024-10-16 10:10:00-04:00,35.31999969482422,35.31999969482422,35.279998779296875,35.279998779296875,1381,0.0,0.0
2024-10-16 10:11:00-04:00,35.279998779296875,35.29750061035156,35.22999954223633,35.25,7173,0.0,0.0
2024-10-16 10:12:00-04:00,35.244998931884766,35.279998779296875,35.220001220703125,35.25,3454,0.0,0.0
2024-10-16 10:13:00-04:00,35.25,35.279998779296875,35.2400016784668,35.25,8013,0.0,0.0
2024-10-16 10:14:00-04:00,35.25,35.290000915527344,35.22999954223633,35.244998931884766,14822,0.0,0.0
2024-10-16 10:15:00-04:00,35.244998931884766,35.244998931884766,35.220001220703125,35.22999954223633,2137,0.0,0.0
2024-10-16 10:16:00-04:00,35.22999954223633,35.27000045776367,35.22999954223633,35.2400016784668,2205,0.0,0.0
2024-10-16 10:17:00-04:00,35.27000045776367,35.29499816894531,35.25,35.25,7041,0.0,0.0
2024-10-16 10:18:00-04:00,35.290000915527344,35.314998626708984,35.25,35.314998626708984,1053,0.0,0.0
2024-10-16 10:19:00-04:00,35.34000015258789,35.34000015258789,35.2599983215332,35.2599983215332,1913,0.0,0.0
2024-10-16 10:20:00-04:00,35.279998779296875,35.279998779296875,35.189998626708984,35.189998626708984,243,0.0,0.0
2024-10-16 10:21:00-04:00,35.220001220703125,35.220001220703125,35.220001220703125,35.220001220703125,288,0.0,0.0
2024-10-16 10:22:00-04:00,35.255001068115234,35.255001068115234,35.255001068115234,35.255001068115234,316,0.0,0.0
2024-10-16 10:24:00-04:00,35.31999969482422,35.31999969482422,35.31999969482422,35.31999969482422,709,0.0,0.0
2024-10-16 10:28:00-04:00,35.275001525878906,35.275001525878906,35.25,35.25,541,0.0,0.0
2024-10-16 10:29:00-04:00,35.220001220703125,35.220001220703125,35.18000030517578,35.20000076293945,1909,0.0,0.0
2024-10-16 10:30:00-04:00,35.16999816894531,35.224998474121094,35.16999816894531,35.224998474121094,465,0.0,0.0
2024-10-16 10:31:00-04:00,35.23500061035156,35.23500061035156,35.209999084472656,35.23500061035156,684,0.0,0.0
2024-10-16 10:32:00-04:00,35.23500061035156,35.27000045776367,35.23500061035156,35.255001068115234,1232,0.0,0.0
2024-10-16 10:34:00-04:00,35.22999954223633,35.25,35.209999084472656,35.25,1516,0.0,0.0
2024-10-16 10:35:00-04:00,35.279998779296875,35.279998779296875,35.244998931884766,35.244998931884766,2341,0.0,0.0
2024-10-16 10:36:00-04:00,35.244998931884766,35.244998931884766,35.220001220703125,35.220001220703125,531,0.0,0.0
2024-10-16 10:37:00-04:00,35.189998626708984,35.20000076293945,35.154998779296875,35.18000030517578,913,0.0,0.0
2024-10-16 10:38:00-04:00,35.20000076293945,35.20000076293945,35.20000076293945,35.20000076293945,807,0.0,0.0
2024-10-16 10:39:00-04:00,35.18000030517578,35.18000030517578,35.15999984741211,35.17250061035156,453,0.0,0.0
2024-10-16 10:40:00-04:00,35.15999984741211,35.15999984741211,35.15999984741211,35.15999984741211,971,0.0,0.0
2024-10-16 10:41:00-04:00,35.13999938964844,35.14500045776367,35.13999938964844,35.14500045776367,527,0.0,0.0
2024-10-16 10:42:00-04:00,35.14500045776367,35.16999816894531,35.14500045776367,35.16999816894531,776,0.0,0.0
2024-10-16 10:43:00-04:00,35.16999816894531,35.25,35.16999816894531,35.2400016784668,1234,0.0,0.0
2024-10-16 10:44:00-04:00,35.2599983215332,35.2599983215332,35.2599983215332,35.2599983215332,358,0.0,0.0
2024-10-16 10:47:00-04:00,35.33000183105469,35.33000183105469,35.33000183105469,35.33000183105469,373,0.0,0.0
2024-10-16 10:49:00-04:00,35.30500030517578,35.30500030517578,35.279998779296875,35.279998779296875,521,0.0,0.0
2024-10-16 10:51:00-04:00,35.310001373291016,35.34000015258789,35.260101318359375,35.32500076293945,2275,0.0,0.0
2024-10-16 10:54:00-04:00,35.32500076293945,35.32500076293945,35.32500076293945,35.32500076293945,320,0.0,0.0
2024-10-16 10:56:00-04:00,35.33000183105469,35.33000183105469,35.33000183105469,35.33000183105469,240,0.0,0.0
2024-10-16 10:57:00-04:00,35.27000045776367,35.28499984741211,35.2599983215332,35.2599983215332,1792,0.0,0.0
2024-10-16 10:59:00-04:00,35.28499984741211,35.28499984741211,35.28499984741211,35.28499984741211,1039,0.0,0.0
2024-10-16 11:00:00-04:00,35.31999969482422,35.31999969482422,35.31999969482422,35.31999969482422,142,0.0,0.0
2024-10-16 11:01:00-04:00,35.290000915527344,35.290000915527344,35.290000915527344,35.290000915527344,122,0.0,0.0
2024-10-16 11:03:00-04:00,35.119998931884766,35.165000915527344,35.119998931884766,35.165000915527344,9363,0.0,0.0
2024-10-16 11:04:00-04:00,35.119998931884766,35.165000915527344,35.1150016784668,35.1150016784668,735,0.0,0.0
2024-10-16 11:05:00-04:00,35.11000061035156,35.119998931884766,35.11000061035156,35.119998931884766,223,0.0,0.0
2024-10-16 11:06:00-04:00,35.165000915527344,35.165000915527344,35.04999923706055,35.04999923706055,1763,0.0,0.0
2024-10-16 11:07:00-04:00,35.11000061035156,35.1150016784668,35.06999969482422,35.06999969482422,775,0.0,0.0
2024-10-16 11:08:00-04:00,35.06999969482422,35.119998931884766,35.06999969482422,35.06999969482422,993,0.0,0.0
2024-10-16 11:10:00-04:00,35.119998931884766,35.16999816894531,35.08000183105469,35.084999084472656,2577,0.0,0.0
2024-10-16 11:11:00-04:00,35.125,35.125,35.125,35.125,409,0.0,0.0
2024-10-16 11:12:00-04:00,35.125,35.125,35.125,35.125,396,0.0,0.0
2024-10-16 11:13:00-04:00,35.130001068115234,35.15999984741211,35.09000015258789,35.15999984741211,3373,0.0,0.0
2024-10-16 11:14:00-04:00,35.150001525878906,35.15999984741211,35.150001525878906,35.150001525878906,1495,0.0,0.0
2024-10-16 11:15:00-04:00,35.189998626708984,35.220001220703125,35.16999816894531,35.189998626708984,2132,0.0,0.0
2024-10-16 11:16:00-04:00,35.19499969482422,35.19499969482422,35.19499969482422,35.19499969482422,231,0.0,0.0
2024-10-16 11:18:00-04:00,35.185001373291016,35.185001373291016,35.185001373291016,35.185001373291016,591,0.0,0.0
2024-10-16 11:20:00-04:00,35.185001373291016,35.220001220703125,35.185001373291016,35.185001373291016,610,0.0,0.0
2024-10-16 11:22:00-04:00,35.18000030517578,35.189998626708984,35.18000030517578,35.185001373291016,547,0.0,0.0
2024-10-16 11:23:00-04:00,35.185001373291016,35.2599983215332,35.185001373291016,35.244998931884766,2141,0.0,0.0
2024-10-16 11:24:00-04:00,35.244998931884766,35.244998931884766,35.18000030517578,35.18000030517578,1693,0.0,0.0
2024-10-16 11:26:00-04:00,35.18000030517578,35.20000076293945,35.18000030517578,35.20000076293945,655,0.0,0.0
2024-10-16 11:27:00-04:00,35.209999084472656,35.209999084472656,35.209999084472656,35.209999084472656,172,0.0,0.0
2024-10-16 11:28:00-04:00,35.209999084472656,35.209999084472656,35.18000030517578,35.18000030517578,459,0.0,0.0
2024-10-16 11:29:00-04:00,35.18709945678711,35.220001220703125,35.15999984741211,35.19499969482422,4060,0.0,0.0
2024-10-16 11:30:00-04:00,35.17499923706055,35.17499923706055,35.17499923706055,35.17499923706055,101,0.0,0.0
2024-10-16 11:31:00-04:00,35.130001068115234,35.18000030517578,35.130001068115234,35.18000030517578,884,0.0,0.0
2024-10-16 11:32:00-04:00,35.18000030517578,35.20000076293945,35.18000030517578,35.20000076293945,528,0.0,0.0
2024-10-16 11:34:00-04:00,35.19499969482422,35.19499969482422,35.19499969482422,35.19499969482422,444,0.0,0.0
2024-10-16 11:35:00-04:00,35.220001220703125,35.220001220703125,35.19499969482422,35.19499969482422,853,0.0,0.0
2024-10-16 11:36:00-04:00,35.19499969482422,35.19499969482422,35.165000915527344,35.165000915527344,510,0.0,0.0
2024-10-16 11:37:00-04:00,35.16999816894531,35.16999816894531,35.16999816894531,35.16999816894531,355,0.0,0.0
2024-10-16 11:38:00-04:00,35.15999984741211,35.18000030517578,35.15999984741211,35.18000030517578,1198,0.0,0.0
2024-10-16 11:39:00-04:00,35.189998626708984,35.189998626708984,35.189998626708984,35.189998626708984,644,0.0,0.0
2024-10-16 11:40:00-04:00,35.209999084472656,35.220001220703125,35.189998626708984,35.21500015258789,906,0.0,0.0
2024-10-16 11:41:00-04:00,35.209999084472656,35.25,35.200199127197266,35.200199127197266,890,0.0,0.0
2024-10-16 11:42:00-04:00,35.224998474121094,35.25,35.224998474121094,35.2400016784668,1032,0.0,0.0
2024-10-16 11:43:00-04:00,35.2400016784668,35.2400016784668,35.2400016784668,35.2400016784668,648,0.0,0.0
2024-10-16 11:44:00-04:00,35.209999084472656,35.209999084472656,35.209999084472656,35.209999084472656,356,0.0,0.0
2024-10-16 11:45:00-04:00,35.22999954223633,35.22999954223633,35.20000076293945,35.20000076293945,860,0.0,0.0
2024-10-16 11:48:00-04:00,35.220001220703125,35.220001220703125,35.220001220703125,35.220001220703125,177,0.0,0.0
2024-10-16 11:49:00-04:00,35.20500183105469,35.22999954223633,35.20500183105469,35.20500183105469,1079,0.0,0.0
2024-10-16 11:50:00-04:00,35.2400016784668,35.25,35.2400016784668,35.25,519,0.0,0.0
2024-10-16 11:51:00-04:00,35.279998779296875,35.290000915527344,35.279998779296875,35.290000915527344,440,0.0,0.0
2024-10-16 11:52:00-04:00,35.29999923706055,35.29999923706055,35.29999923706055,35.29999923706055,101,0.0,0.0
2024-10-16 11:53:00-04:00,35.29999923706055,35.29999923706055,35.290000915527344,35.290000915527344,583,0.0,0.0
2024-10-16 11:54:00-04:00,35.290000915527344,35.29999923706055,35.290000915527344,35.29999923706055,375,0.0,0.0
2024-10-16 11:55:00-04:00,35.29999923706055,35.29999923706055,35.29999923706055,35.29999923706055,253,0.0,0.0
2024-10-16 11:56:00-04:00,35.30759811401367,35.30759811401367,35.30759811401367,35.30759811401367,254,0.0,0.0
2024-10-16 11:57:00-04:00,35.279998779296875,35.29999923706055,35.26020050048828,35.29999923706055,1344,0.0,0.0
2024-10-16 11:58:00-04:00,35.313499450683594,35.313499450683594,35.313499450683594,35.313499450683594,180,0.0,0.0
2024-10-16 11:59:00-04:00,35.29999923706055,35.29999923706055,35.29999923706055,35.29999923706055,223,0.0,0.0
2024-10-16 12:00:00-04:00,35.29999923706055,35.29999923706055,35.29999923706055,35.29999923706055,364,0.0,0.0
2024-10-16 12:01:00-04:00,35.29999923706055,35.29999923706055,35.29999923706055,35.29999923706055,103,0.0,0.0
2024-10-16 12:02:00-04:00,35.29999923706055,35.29999923706055,35.29499816894531,35.29499816894531,935,0.0,0.0
2024-10-16 12:03:00-04:00,35.279998779296875,35.29499816894531,35.279998779296875,35.29499816894531,487,0.0,0.0
2024-10-16 12:04:00-04:00,35.287498474121094,35.287498474121094,35.287498474121094,35.287498474121094,102,0.0,0.0
2024-10-16 12:05:00-04:00,35.287498474121094,35.29499816894531,35.27000045776367,35.27000045776367,2468,0.0,0.0
2024-10-16 12:06:00-04:00,35.279998779296875,35.279998779296875,35.279998779296875,35.279998779296875,177,0.0,0.0
2024-10-16 12:08:00-04:00,35.27000045776367,35.27000045776367,35.27000045776367,35.27000045776367,603,0.0,0.0
2024-10-16 12:09:00-04:00,35.27000045776367,35.27000045776367,35.27000045776367,35.27000045776367,185,0.0,0.0
2024-10-16 12:10:00-04:00,35.27000045776367,35.27000045776367,35.27000045776367,35.27000045776367,152,0.0,0.0
2024-10-16 12:11:00-04:00,35.27000045776367,35.279998779296875,35.27000045776367,35.279998779296875,232,0.0,0.0
2024-10-16 12:12:00-04:00,35.26499938964844,35.26499938964844,35.25299835205078,35.25299835205078,231,0.0,0.0
2024-10-16 12:13:00-04:00,35.27000045776367,35.27000045776367,35.27000045776367,35.27000045776367,317,0.0,0.0
2024-10-16 12:15:00-04:00,35.27000045776367,35.279998779296875,35.27000045776367,35.279998779296875,250,0.0,0.0
2024-10-16 12:16:00-04:00,35.279998779296875,35.279998779296875,35.279998779296875,35.279998779296875,209,0.0,0.0
2024-10-16 12:17:00-04:00,35.27000045776367,35.290000915527344,35.27000045776367,35.27000045776367,1533,0.0,0.0
2024-10-16 12:18:00-04:00,35.2843017578125,35.2843017578125,35.279998779296875,35.279998779296875,1302,0.0,0.0
2024-10-16 12:19:00-04:00,35.279998779296875,35.279998779296875,35.279998779296875,35.279998779296875,1011,0.0,0.0
2024-10-16 12:20:00-04:00,35.279998779296875,35.279998779296875,35.279998779296875,35.279998779296875,285,0.0,0.0
2024-10-16 12:21:00-04:00,35.27000045776367,35.279998779296875,35.27000045776367,35.27000045776367,1904,0.0,0.0
2024-10-16 12:22:00-04:00,35.279998779296875,35.290000915527344,35.27000045776367,35.279998779296875,2210,0.0,0.0
2024-10-16 12:25:00-04:00,35.28499984741211,35.28499984741211,35.28499984741211,35.28499984741211,110,0.0,0.0
2024-10-16 12:26:00-04:00,35.28499984741211,35.28499984741211,35.28499984741211,35.28499984741211,724,0.0,0.0
2024-10-16 12:27:00-04:00,35.28499984741211,35.28499984741211,35.27000045776367,35.27000045776367,1598,0.0,0.0
2024-10-16 12:28:00-04:00,35.275001525878906,35.279998779296875,35.275001525878906,35.275001525878906,751,0.0,0.0
2024-10-16 12:29:00-04:00,35.275001525878906,35.275001525878906,35.275001525878906,35.275001525878906,211,0.0,0.0
2024-10-16 12:30:00-04:00,35.279998779296875,35.279998779296875,35.27000045776367,35.27000045776367,541,0.0,0.0
2024-10-16 12:32:00-04:00,35.2599983215332,35.2599983215332,35.244998931884766,35.244998931884766,1487,0.0,0.0
2024-10-16 12:34:00-04:00,35.244998931884766,35.269901275634766,35.244998931884766,35.269901275634766,600,0.0,0.0
2024-10-16 12:35:00-04:00,35.244998931884766,35.244998931884766,35.244998931884766,35.244998931884766,571,0.0,0.0
2024-10-16 12:36:00-04:00,35.25,35.25,35.25,35.25,176,0.0,0.0
2024-10-16 12:37:00-04:00,35.25,35.290000915527344,35.244998931884766,35.279998779296875,4152,0.0,0.0
2024-10-16 12:38:00-04:00,35.26499938964844,35.279998779296875,35.25,35.25,3163,0.0,0.0
2024-10-16 12:39:00-04:00,35.25,35.25,35.25,35.25,102,0.0,0.0
2024-10-16 12:40:00-04:00,35.25,35.2599983215332,35.25,35.2599983215332,347,0.0,0.0
2024-10-16 12:41:00-04:00,35.2599983215332,35.26129913330078,35.2599983215332,35.26129913330078,537,0.0,0.0
2024-10-16 12:42:00-04:00,35.2599983215332,35.2599983215332,35.2599983215332,35.2599983215332,777,0.0,0.0
2024-10-16 12:43:00-04:00,35.2599983215332,35.279998779296875,35.2599983215332,35.279998779296875,1980,0.0,0.0
2024-10-16 12:44:00-04:00,35.29499816894531,35.29499816894531,35.279998779296875,35.279998779296875,500,0.0,0.0
2024-10-16 12:45:00-04:00,35.287498474121094,35.287498474121094,35.287498474121094,35.287498474121094,403,0.0,0.0
2024-10-16 12:47:00-04:00,35.279998779296875,35.31949996948242,35.279998779296875,35.31949996948242,378,0.0,0.0
2024-10-16 12:48:00-04:00,35.279998779296875,35.279998779296875,35.279998779296875,35.279998779296875,192,0.0,0.0
2024-10-16 12:49:00-04:00,35.287498474121094,35.29499816894531,35.287498474121094,35.29499816894531,363,0.0,0.0
2024-10-16 12:50:00-04:00,35.279998779296875,35.310001373291016,35.2599983215332,35.2599983215332,2838,0.0,0.0
2024-10-16 12:54:00-04:00,35.28499984741211,35.28499984741211,35.28499984741211,35.28499984741211,400,0.0,0.0
2024-10-16 12:56:00-04:00,35.282501220703125,35.282501220703125,35.282501220703125,35.282501220703125,101,0.0,0.0
2024-10-16 12:57:00-04:00,35.28499984741211,35.28499984741211,35.2400016784668,35.2400016784668,1925,0.0,0.0
2024-10-16 12:58:00-04:00,35.220001220703125,35.220001220703125,35.189998626708984,35.189998626708984,610,0.0,0.0
2024-10-16 12:59:00-04:00,35.25,35.25,35.23500061035156,35.23500061035156,938,0.0,0.0
2024-10-16 13:01:00-04:00,35.21009826660156,35.21009826660156,35.21009826660156,35.21009826660156,159,0.0,0.0
2024-10-16 13:02:00-04:00,35.24250030517578,35.24250030517578,35.24250030517578,35.24250030517578,129,0.0,0.0
2024-10-16 13:03:00-04:00,35.255001068115234,35.255001068115234,35.218101501464844,35.255001068115234,1199,0.0,0.0
2024-10-16 13:04:00-04:00,35.25,35.2510986328125,35.25,35.2510986328125,433,0.0,0.0
2024-10-16 13:06:00-04:00,35.244998931884766,35.2599983215332,35.244998931884766,35.2599983215332,584,0.0,0.0
2024-10-16 13:08:00-04:00,35.244998931884766,35.244998931884766,35.244998931884766,35.244998931884766,498,0.0,0.0
2024-10-16 13:09:00-04:00,35.23749923706055,35.23749923706055,35.20000076293945,35.209999084472656,1482,0.0,0.0
2024-10-16 13:10:00-04:00,35.16999816894531,35.20000076293945,35.16999816894531,35.20000076293945,209,0.0,0.0
2024-10-16 13:11:00-04:00,35.20399856567383,35.209999084472656,35.19499969482422,35.209999084472656,401,0.0,0.0
2024-10-16 13:12:00-04:00,35.209999084472656,35.209999084472656,35.209999084472656,35.209999084472656,203,0.0,0.0
2024-10-16 13:13:00-04:00,35.209999084472656,35.209999084472656,35.209999084472656,35.209999084472656,524,0.0,0.0
2024-10-16 13:16:00-04:00,35.209999084472656,35.21500015258789,35.209999084472656,35.21500015258789,635,0.0,0.0
2024-10-16 13:17:00-04:00,35.21500015258789,35.21500015258789,35.21500015258789,35.21500015258789,467,0.0,0.0
2024-10-16 13:18:00-04:00,35.21500015258789,35.21500015258789,35.21500015258789,35.21500015258789,115,0.0,0.0
2024-10-16 13:19:00-04:00,35.21500015258789,35.21500015258789,35.21500015258789,35.21500015258789,169,0.0,0.0
2024-10-16 13:20:00-04:00,35.21500015258789,35.23500061035156,35.21500015258789,35.23500061035156,559,0.0,0.0
2024-10-16 13:21:00-04:00,35.23500061035156,35.27000045776367,35.23500061035156,35.2599983215332,1780,0.0,0.0
2024-10-16 13:22:00-04:00,35.22999954223633,35.2599983215332,35.22999954223633,35.2599983215332,3032,0.0,0.0
2024-10-16 13:23:00-04:00,35.2599983215332,35.2599983215332,35.2599983215332,35.2599983215332,137,0.0,0.0
2024-10-16 13:24:00-04:00,35.25,35.279998779296875,35.25,35.279998779296875,1744,0.0,0.0
2024-10-16 13:25:00-04:00,35.279998779296875,35.28499984741211,35.279998779296875,35.279998779296875,594,0.0,0.0
2024-10-16 13:26:00-04:00,35.28499984741211,35.28499984741211,35.282501220703125,35.282501220703125,202,0.0,0.0
2024-10-16 13:27:00-04:00,35.279998779296875,35.279998779296875,35.279998779296875,35.279998779296875,438,0.0,0.0
2024-10-16 13:28:00-04:00,35.279998779296875,35.279998779296875,35.279998779296875,35.279998779296875,779,0.0,0.0
2024-10-16 13:30:00-04:00,35.279998779296875,35.279998779296875,35.279998779296875,35.279998779296875,523,0.0,0.0
2024-10-16 13:31:00-04:00,35.279998779296875,35.310001373291016,35.279998779296875,35.310001373291016,6899,0.0,0.0
2024-10-16 13:32:00-04:00,35.290000915527344,35.290000915527344,35.279998779296875,35.279998779296875,1656,0.0,0.0
2024-10-16 13:33:00-04:00,35.27000045776367,35.29499816894531,35.255001068115234,35.255001068115234,4082,0.0,0.0
2024-10-16 13:34:00-04:00,35.255001068115234,35.255001068115234,35.22999954223633,35.255001068115234,3372,0.0,0.0
2024-10-16 13:35:00-04:00,35.255001068115234,35.255001068115234,35.255001068115234,35.255001068115234,153,0.0,0.0
2024-10-16 13:36:00-04:00,35.255001068115234,35.255001068115234,35.255001068115234,35.255001068115234,124,0.0,0.0
2024-10-16 13:38:00-04:00,35.255001068115234,35.255001068115234,35.255001068115234,35.255001068115234,306,0.0,0.0
2024-10-16 13:39:00-04:00,35.255001068115234,35.255001068115234,35.255001068115234,35.255001068115234,255,0.0,0.0
2024-10-16 13:40:00-04:00,35.255001068115234,35.255001068115234,35.255001068115234,35.255001068115234,202,0.0,0.0
2024-10-16 13:41:00-04:00,35.255001068115234,35.255001068115234,35.255001068115234,35.255001068115234,547,0.0,0.0
2024-10-16 13:42:00-04:00,35.25749969482422,35.2599983215332,35.255001068115234,35.255001068115234,1055,0.0,0.0
2024-10-16 13:43:00-04:00,35.25,35.25,35.25,35.25,195,0.0,0.0
2024-10-16 13:44:00-04:00,35.255001068115234,35.2599983215332,35.255001068115234,35.2599983215332,554,0.0,0.0
2024-10-16 13:45:00-04:00,35.279998779296875,35.279998779296875,35.255001068115234,35.2599983215332,1750,0.0,0.0
2024-10-16 13:46:00-04:00,35.27000045776367,35.27399826049805,35.27000045776367,35.27399826049805,1142,0.0,0.0
2024-10-16 13:48:00-04:00,35.25,35.25,35.20500183105469,35.20500183105469,2861,0.0,0.0
2024-10-16 13:50:00-04:00,35.220001220703125,35.220001220703125,35.220001220703125,35.220001220703125,213,0.0,0.0
2024-10-16 13:52:00-04:00,35.25,35.28499984741211,35.25,35.275001525878906,973,0.0,0.0
2024-10-16 13:53:00-04:00,35.275001525878906,35.279998779296875,35.275001525878906,35.279998779296875,318,0.0,0.0
2024-10-16 13:54:00-04:00,35.27000045776367,35.27000045776367,35.27000045776367,35.27000045776367,418,0.0,0.0
2024-10-16 13:55:00-04:00,35.279998779296875,35.279998779296875,35.279998779296875,35.279998779296875,193,0.0,0.0
2024-10-16 13:56:00-04:00,35.279998779296875,35.279998779296875,35.2400016784668,35.2400016784668,1400,0.0,0.0
2024-10-16 13:57:00-04:00,35.27000045776367,35.27000045776367,35.2599983215332,35.2599983215332,503,0.0,0.0
2024-10-16 13:58:00-04:00,35.279998779296875,35.279998779296875,35.279998779296875,35.279998779296875,104,0.0,0.0
2024-10-16 13:59:00-04:00,35.28499984741211,35.28499984741211,35.28499984741211,35.28499984741211,350,0.0,0.0
2024-10-16 14:00:00-04:00,35.29999923706055,35.29999923706055,35.260501861572266,35.260501861572266,263,0.0,0.0
2024-10-16 14:02:00-04:00,35.310001373291016,35.310001373291016,35.28499984741211,35.28499984741211,609,0.0,0.0
2024-10-16 14:03:00-04:00,35.28499984741211,35.28499984741211,35.28499984741211,35.28499984741211,200,0.0,0.0
2024-10-16 14:04:00-04:00,35.28499984741211,35.31990051269531,35.28499984741211,35.31990051269531,687,0.0,0.0
2024-10-16 14:05:00-04:00,35.28499984741211,35.28499984741211,35.28499984741211,35.28499984741211,114,0.0,0.0
2024-10-16 14:06:00-04:00,35.31999969482422,35.31999969482422,35.279998779296875,35.28499984741211,541,0.0,0.0
2024-10-16 14:07:00-04:00,35.28499984741211,35.28499984741211,35.28499984741211,35.28499984741211,372,0.0,0.0
2024-10-16 14:08:00-04:00,35.279998779296875,35.290000915527344,35.279998779296875,35.28499984741211,421,0.0,0.0
2024-10-16 14:09:00-04:00,35.31999969482422,35.31999969482422,35.28499984741211,35.28499984741211,1988,0.0,0.0
2024-10-16 14:10:00-04:00,35.279998779296875,35.334999084472656,35.279998779296875,35.31999969482422,3622,0.0,0.0
2024-10-16 14:11:00-04:00,35.334999084472656,35.334999084472656,35.334999084472656,35.334999084472656,463,0.0,0.0
2024-10-16 14:12:00-04:00,35.31999969482422,35.3224983215332,35.279998779296875,35.279998779296875,1766,0.0,0.0
2024-10-16 14:13:00-04:00,35.310001373291016,35.310001373291016,35.30500030517578,35.30500030517578,521,0.0,0.0
2024-10-16 14:14:00-04:00,35.310001373291016,35.31999969482422,35.310001373291016,35.31999969482422,484,0.0,0.0
2024-10-16 14:15:00-04:00,35.33000183105469,35.400001525878906,35.31999969482422,35.38999938964844,3335,0.0,0.0
2024-10-16 14:16:00-04:00,35.400001525878906,35.400001525878906,35.38999938964844,35.38999938964844,271,0.0,0.0
2024-10-16 14:17:00-04:00,35.380001068115234,35.380001068115234,35.36000061035156,35.369998931884766,1866,0.0,0.0
2024-10-16 14:19:00-04:00,35.380001068115234,35.380001068115234,35.380001068115234,35.380001068115234,453,0.0,0.0
2024-10-16 14:22:00-04:00,35.375,35.375,35.375,35.375,100,0.0,0.0
2024-10-16 14:23:00-04:00,35.38999938964844,35.400001525878906,35.38999938964844,35.400001525878906,402,0.0,0.0
2024-10-16 14:24:00-04:00,35.377201080322266,35.380001068115234,35.32500076293945,35.32500076293945,4933,0.0,0.0
2024-10-16 14:25:00-04:00,35.30189895629883,35.30189895629883,35.290000915527344,35.290000915527344,221,0.0,0.0
2024-10-16 14:28:00-04:00,35.34000015258789,35.34000015258789,35.310001373291016,35.310001373291016,804,0.0,0.0
2024-10-16 14:30:00-04:00,35.33000183105469,35.33000183105469,35.290000915527344,35.290000915527344,1083,0.0,0.0
2024-10-16 14:31:00-04:00,35.310001373291016,35.31999969482422,35.310001373291016,35.31999969482422,380,0.0,0.0
2024-10-16 14:32:00-04:00,35.279998779296875,35.279998779296875,35.27000045776367,35.27000045776367,552,0.0,0.0
2024-10-16 14:33:00-04:00,35.27000045776367,35.27000045776367,35.26499938964844,35.26499938964844,422,0.0,0.0
2024-10-16 14:34:00-04:00,35.27000045776367,35.27000045776367,35.27000045776367,35.27000045776367,288,0.0,0.0
2024-10-16 14:35:00-04:00,35.2400016784668,35.2599983215332,35.22999954223633,35.2599983215332,674,0.0,0.0
2024-10-16 14:36:00-04:00,35.2599983215332,35.27000045776367,35.2599983215332,35.27000045776367,503,0.0,0.0
2024-10-16 14:37:00-04:00,35.22999954223633,35.279998779296875,35.22999954223633,35.279998779296875,364,0.0,0.0
2024-10-16 14:39:00-04:00,35.2599983215332,35.2599983215332,35.2599983215332,35.2599983215332,141,0.0,0.0
2024-10-16 14:40:00-04:00,35.27000045776367,35.27000045776367,35.2400016784668,35.2400016784668,648,0.0,0.0
2024-10-16 14:41:00-04:00,35.26499938964844,35.26499938964844,35.26499938964844,35.26499938964844,554,0.0,0.0
2024-10-16 14:42:00-04:00,35.279998779296875,35.279998779296875,35.279998779296875,35.279998779296875,233,0.0,0.0
2024-10-16 14:43:00-04:00,35.2400016784668,35.27000045776367,35.2400016784668,35.2400016784668,413,0.0,0.0
2024-10-16 14:44:00-04:00,35.27000045776367,35.27000045776367,35.18000030517578,35.186798095703125,15714,0.0,0.0
2024-10-16 14:45:00-04:00,35.20000076293945,35.220001220703125,35.20000076293945,35.20000076293945,2859,0.0,0.0
2024-10-16 14:46:00-04:00,35.20000076293945,35.20000076293945,35.20000076293945,35.20000076293945,552,0.0,0.0
2024-10-16 14:47:00-04:00,35.209999084472656,35.209999084472656,35.20000076293945,35.20000076293945,937,0.0,0.0
2024-10-16 14:48:00-04:00,35.20000076293945,35.20000076293945,35.18389892578125,35.20000076293945,1324,0.0,0.0
2024-10-16 14:49:00-04:00,35.20000076293945,35.20000076293945,35.20000076293945,35.20000076293945,217,0.0,0.0
2024-10-16 14:50:00-04:00,35.20000076293945,35.244998931884766,35.20000076293945,35.244998931884766,3462,0.0,0.0
2024-10-16 14:51:00-04:00,35.23680114746094,35.23680114746094,35.209999084472656,35.209999084472656,1355,0.0,0.0
2024-10-16 14:52:00-04:00,35.209999084472656,35.220001220703125,35.18000030517578,35.21500015258789,2157,0.0,0.0
2024-10-16 14:55:00-04:00,35.21500015258789,35.21500015258789,35.21500015258789,35.21500015258789,314,0.0,0.0
2024-10-16 14:56:00-04:00,35.2400016784668,35.2400016784668,35.224998474121094,35.224998474121094,218,0.0,0.0
2024-10-16 14:57:00-04:00,35.224998474121094,35.244998931884766,35.224998474121094,35.244998931884766,571,0.0,0.0
2024-10-16 14:58:00-04:00,35.244998931884766,35.2599983215332,35.244998931884766,35.2599983215332,303,0.0,0.0
2024-10-16 14:59:00-04:00,35.244998931884766,35.2599983215332,35.244998931884766,35.2599983215332,472,0.0,0.0
2024-10-16 15:00:00-04:00,35.25,35.25,35.25,35.25,208,0.0,0.0
2024-10-16 15:01:00-04:00,35.27000045776367,35.27000045776367,35.25,35.2599983215332,611,0.0,0.0
2024-10-16 15:02:00-04:00,35.25,35.25,35.220001220703125,35.22999954223633,1656,0.0,0.0
2024-10-16 15:03:00-04:00,35.22999954223633,35.2599983215332,35.209999084472656,35.25,1651,0.0,0.0
2024-10-16 15:04:00-04:00,35.25,35.25,35.25,35.25,230,0.0,0.0
2024-10-16 15:05:00-04:00,35.2599983215332,35.27000045776367,35.25,35.25,415,0.0,0.0
2024-10-16 15:06:00-04:00,35.2599983215332,35.2599983215332,35.2599983215332,35.2599983215332,220,0.0,0.0
2024-10-16 15:08:00-04:00,35.25,35.25,35.25,35.25,126,0.0,0.0
2024-10-16 15:09:00-04:00,35.25,35.27000045776367,35.25,35.25,957,0.0,0.0
2024-10-16 15:10:00-04:00,35.255001068115234,35.27000045776367,35.255001068115234,35.255001068115234,898,0.0,0.0
2024-10-16 15:11:00-04:00,35.263999938964844,35.268001556396484,35.255001068115234,35.255001068115234,710,0.0,0.0
2024-10-16 15:12:00-04:00,35.27000045776367,35.27000045776367,35.26499938964844,35.26499938964844,1059,0.0,0.0
2024-10-16 15:13:00-04:00,35.26499938964844,35.26499938964844,35.26499938964844,35.26499938964844,1213,0.0,0.0
2024-10-16 15:14:00-04:00,35.26499938964844,35.26499938964844,35.26499938964844,35.26499938964844,217,0.0,0.0
2024-10-16 15:15:00-04:00,35.279998779296875,35.279998779296875,35.22999954223633,35.23500061035156,6883,0.0,0.0
2024-10-16 15:16:00-04:00,35.23500061035156,35.29999923706055,35.23500061035156,35.29999923706055,27728,0.0,0.0
2024-10-16 15:17:00-04:00,35.29999923706055,35.29999923706055,35.27000045776367,35.29999923706055,981,0.0,0.0
2024-10-16 15:18:00-04:00,35.279998779296875,35.29499816894531,35.27000045776367,35.29499816894531,1515,0.0,0.0
2024-10-16 15:19:00-04:00,35.29499816894531,35.29499816894531,35.29499816894531,35.29499816894531,644,0.0,0.0
2024-10-16 15:21:00-04:00,35.2599983215332,35.26499938964844,35.255001068115234,35.2599983215332,2077,0.0,0.0
2024-10-16 15:22:00-04:00,35.279998779296875,35.290000915527344,35.279998779296875,35.28499984741211,721,0.0,0.0
2024-10-16 15:23:00-04:00,35.28499984741211,35.28499984741211,35.28499984741211,35.28499984741211,656,0.0,0.0
2024-10-16 15:24:00-04:00,35.28499984741211,35.310001373291016,35.27000045776367,35.27000045776367,3590,0.0,0.0
2024-10-16 15:26:00-04:00,35.27000045776367,35.29499816894531,35.27000045776367,35.29499816894531,3846,0.0,0.0
2024-10-16 15:27:00-04:00,35.27000045776367,35.27000045776367,35.27000045776367,35.27000045776367,1165,0.0,0.0
2024-10-16 15:28:00-04:00,35.282501220703125,35.29499816894531,35.27000045776367,35.27000045776367,759,0.0,0.0
2024-10-16 15:29:00-04:00,35.27000045776367,35.29499816894531,35.27000045776367,35.29499816894531,1076,0.0,0.0
2024-10-16 15:30:00-04:00,35.29499816894531,35.29999923706055,35.2599983215332,35.26750183105469,6188,0.0,0.0
2024-10-16 15:31:00-04:00,35.26499938964844,35.275001525878906,35.2599983215332,35.2599983215332,1181,0.0,0.0
2024-10-16 15:32:00-04:00,35.26750183105469,35.27000045776367,35.2599983215332,35.26750183105469,1038,0.0,0.0
2024-10-16 15:33:00-04:00,35.2599983215332,35.279998779296875,35.2599983215332,35.2599983215332,1752,0.0,0.0
2024-10-16 15:34:00-04:00,35.27000045776367,35.290000915527344,35.2400016784668,35.244998931884766,10737,0.0,0.0
2024-10-16 15:35:00-04:00,35.244998931884766,35.244998931884766,35.23500061035156,35.23500061035156,1330,0.0,0.0
2024-10-16 15:36:00-04:00,35.2400016784668,35.275001525878906,35.18000030517578,35.19499969482422,32442,0.0,0.0
2024-10-16 15:37:00-04:00,35.20500183105469,35.2599983215332,35.20500183105469,35.2400016784668,2628,0.0,0.0
2024-10-16 15:38:00-04:00,35.2400016784668,35.2400016784668,35.220001220703125,35.220001220703125,60629,0.0,0.0
2024-10-16 15:39:00-04:00,35.2400016784668,35.2400016784668,35.20000076293945,35.22999954223633,2671,0.0,0.0
2024-10-16 15:40:00-04:00,35.25,35.25,35.220001220703125,35.220001220703125,2695,0.0,0.0
2024-10-16 15:41:00-04:00,35.220001220703125,35.244998931884766,35.209999084472656,35.23500061035156,3148,0.0,0.0
2024-10-16 15:42:00-04:00,35.220001220703125,35.33000183105469,35.220001220703125,35.29999923706055,8013,0.0,0.0
2024-10-16 15:43:00-04:00,35.33000183105469,35.34000015258789,35.33000183105469,35.34000015258789,2327,0.0,0.0
2024-10-16 15:44:00-04:00,35.34000015258789,35.380001068115234,35.34000015258789,35.380001068115234,4162,0.0,0.0
2024-10-16 15:45:00-04:00,35.38999938964844,35.400001525878906,35.38999938964844,35.38999938964844,3317,0.0,0.0
2024-10-16 15:46:00-04:00,35.400001525878906,35.404998779296875,35.380001068115234,35.380001068115234,2318,0.0,0.0
2024-10-16 15:47:00-04:00,35.38999938964844,35.38999938964844,35.349998474121094,35.349998474121094,2997,0.0,0.0
2024-10-16 15:48:00-04:00,35.36000061035156,35.36000061035156,35.35499954223633,35.36000061035156,2156,0.0,0.0
2024-10-16 15:49:00-04:00,35.36000061035156,35.380001068115234,35.31999969482422,35.31999969482422,8867,0.0,0.0
2024-10-16 15:50:00-04:00,35.36000061035156,35.400001525878906,35.32500076293945,35.36000061035156,9427,0.0,0.0
2024-10-16 15:51:00-04:00,35.36000061035156,35.36000061035156,35.36000061035156,35.36000061035156,1956,0.0,0.0
2024-10-16 15:52:00-04:00,35.36000061035156,35.36000061035156,35.34000015258789,35.34000015258789,3651,0.0,0.0
2024-10-16 15:53:00-04:00,35.349998474121094,35.36000061035156,35.349998474121094,35.35499954223633,4013,0.0,0.0
2024-10-16 15:54:00-04:00,35.349998474121094,35.36000061035156,35.34000015258789,35.349998474121094,6602,0.0,0.0
2024-10-16 15:55:00-04:00,35.34000015258789,35.36000061035156,35.32500076293945,35.36000061035156,9013,0.0,0.0
2024-10-16 15:56:00-04:00,35.349998474121094,35.400001525878906,35.349998474121094,35.400001525878906,6302,0.0,0.0
2024-10-16 15:57:00-04:00,35.400001525878906,35.404998779296875,35.380001068115234,35.38999938964844,11289,0.0,0.0
2024-10-16 15:58:00-04:00,35.38999938964844,35.400001525878906,35.380001068115234,35.3849983215332,7031,0.0,0.0
2024-10-16 15:59:00-04:00,35.3849983215332,35.439998626708984,35.349998474121094,35.40250015258789,139423,0.0,0.0
2024-10-17 09:30:00-04:00,35.380001068115234,35.380001068115234,35.380001068115234,35.380001068115234,15175,0.0,0.0
2024-10-17 09:32:00-04:00,35.31999969482422,35.33000183105469,35.130001068115234,35.220001220703125,1244,0.0,0.0
2024-10-17 09:35:00-04:00,35.220001220703125,35.220001220703125,35.130001068115234,35.130001068115234,1655,0.0,0.0
2024-10-17 09:36:00-04:00,35.060001373291016,35.09000015258789,35.0099983215332,35.02000045776367,693,0.0,0.0
2024-10-17 09:38:00-04:00,35.27000045776367,35.29999923706055,35.27000045776367,35.29999923706055,1194,0.0,0.0
2024-10-17 09:39:00-04:00,35.18349838256836,35.310001373291016,35.18349838256836,35.310001373291016,700,0.0,0.0
2024-10-17 09:40:00-04:00,35.29999923706055,35.29999923706055,35.29999923706055,35.29999923706055,112,0.0,0.0
2024-10-17 09:42:00-04:00,35.26750183105469,35.26750183105469,35.26750183105469,35.26750183105469,315,0.0,0.0
2024-10-17 09:43:00-04:00,35.22999954223633,35.22999954223633,35.22999954223633,35.22999954223633,148,0.0,0.0
2024-10-17 09:44:00-04:00,35.22999954223633,35.29999923706055,35.22999954223633,35.29999923706055,301,0.0,0.0
2024-10-17 09:45:00-04:00,35.29999923706055,35.33000183105469,35.20000076293945,35.33000183105469,1895,0.0,0.0
2024-10-17 09:47:00-04:00,35.33700180053711,35.349998474121094,35.29999923706055,35.349998474121094,1484,0.0,0.0
2024-10-17 09:48:00-04:00,35.38999938964844,35.43000030517578,35.38999938964844,35.40999984741211,818,0.0,0.0
2024-10-17 09:49:00-04:00,35.33000183105469,35.33000183105469,35.29499816894531,35.29499816894531,1070,0.0,0.0
2024-10-17 09:50:00-04:00,35.34000015258789,35.34000015258789,35.31999969482422,35.34000015258789,1232,0.0,0.0
2024-10-17 09:51:00-04:00,35.33000183105469,35.34000015258789,35.27000045776367,35.31999969482422,1907,0.0,0.0
2024-10-17 09:52:00-04:00,35.290000915527344,35.290000915527344,35.290000915527344,35.290000915527344,198,0.0,0.0
2024-10-17 09:53:00-04:00,35.34000015258789,35.34000015258789,35.34000015258789,35.34000015258789,266,0.0,0.0
2024-10-17 09:54:00-04:00,35.38999938964844,35.459999084472656,35.38999938964844,35.400001525878906,4492,0.0,0.0
2024-10-17 09:56:00-04:00,35.375,35.375,35.290000915527344,35.310001373291016,4662,0.0,0.0
2024-10-17 09:58:00-04:00,35.33000183105469,35.33000183105469,35.33000183105469,35.33000183105469,140,0.0,0.0
2024-10-17 09:59:00-04:00,35.33000183105469,35.33000183105469,35.33000183105469,35.33000183105469,103,0.0,0.0
2024-10-17 10:00:00-04:00,35.33000183105469,35.380001068115234,35.33000183105469,35.380001068115234,2320,0.0,0.0
2024-10-17 10:01:00-04:00,35.380001068115234,35.380001068115234,35.345001220703125,35.380001068115234,722,0.0,0.0
2024-10-17 10:02:00-04:00,35.31999969482422,35.31999969482422,35.29999923706055,35.31999969482422,1717,0.0,0.0
2024-10-17 10:03:00-04:00,35.34000015258789,35.349998474121094,35.3224983215332,35.3224983215332,1850,0.0,0.0
2024-10-17 10:04:00-04:00,35.29999923706055,35.33000183105469,35.29999923706055,35.29999923706055,704,0.0,0.0
2024-10-17 10:05:00-04:00,35.34000015258789,35.34000015258789,35.34000015258789,35.34000015258789,341,0.0,0.0
2024-10-17 10:06:00-04:00,35.29999923706055,35.29999923706055,35.290000915527344,35.29499816894531,1337,0.0,0.0
2024-10-17 10:07:00-04:00,35.29499816894531,35.33000183105469,35.279998779296875,35.279998779296875,4610,0.0,0.0
2024-10-17 10:08:00-04:00,35.290000915527344,35.33000183105469,35.290000915527344,35.29999923706055,1285,0.0,0.0
2024-10-17 10:09:00-04:00,35.400001525878906,35.400001525878906,35.400001525878906,35.400001525878906,218,0.0,0.0
2024-10-17 10:10:00-04:00,35.380001068115234,35.380001068115234,35.369998931884766,35.369998931884766,889,0.0,0.0
2024-10-17 10:11:00-04:00,35.34000015258789,35.34000015258789,35.34000015258789,35.34000015258789,211,0.0,0.0
2024-10-17 10:12:00-04:00,35.36000061035156,35.369998931884766,35.345001220703125,35.345001220703125,1019,0.0,0.0
2024-10-17 10:14:00-04:00,35.345001220703125,35.345001220703125,35.345001220703125,35.345001220703125,134,0.0,0.0
2024-10-17 10:15:00-04:00,35.316001892089844,35.316001892089844,35.316001892089844,35.316001892089844,575,0.0,0.0
2024-10-17 10:16:00-04:00,35.29999923706055,35.29999923706055,35.279998779296875,35.290000915527344,2792,0.0,0.0
2024-10-17 10:17:00-04:00,35.29999923706055,35.29999923706055,35.279998779296875,35.290000915527344,435,0.0,0.0
2024-10-17 10:18:00-04:00,35.29999923706055,35.31999969482422,35.29999923706055,35.31999969482422,1054,0.0,0.0
2024-10-17 10:22:00-04:00,35.29999923706055,35.29999923706055,35.290000915527344,35.290000915527344,1449,0.0,0.0
2024-10-17 10:23:00-04:00,35.29999923706055,35.29999923706055,35.290000915527344,35.29999923706055,632,0.0,0.0
2024-10-17 10:24:00-04:00,35.31999969482422,35.380001068115234,35.31999969482422,35.380001068115234,563,0.0,0.0
2024-10-17 10:25:00-04:00,35.34000015258789,35.34000015258789,35.34000015258789,35.34000015258789,285,0.0,0.0
2024-10-17 10:26:00-04:00,35.29999923706055,35.29999923706055,35.29999923706055,35.29999923706055,343,0.0,0.0
2024-10-17 10:27:00-04:00,35.29999923706055,35.29999923706055,35.29499816894531,35.29499816894531,3370,0.0,0.0
2024-10-17 10:28:00-04:00,35.29499816894531,35.29999923706055,35.19499969482422,35.290000915527344,6569,0.0,0.0
2024-10-17 10:29:00-04:00,35.290000915527344,35.290000915527344,35.279998779296875,35.279998779296875,1807,0.0,0.0
2024-10-17 10:30:00-04:00,35.29999923706055,35.29999923706055,35.290000915527344,35.29999923706055,634,0.0,0.0
2024-10-17 10:31:00-04:00,35.29999923706055,35.29999923706055,35.2400016784668,35.25,2089,0.0,0.0
2024-10-17 10:32:00-04:00,35.209999084472656,35.209999084472656,35.209999084472656,35.209999084472656,220,0.0,0.0
2024-10-17 10:33:00-04:00,35.209999084472656,35.2400016784668,35.209999084472656,35.22999954223633,1066,0.0,0.0
2024-10-17 10:36:00-04:00,35.20000076293945,35.25,35.16999816894531,35.25,1605,0.0,0.0
2024-10-17 10:37:00-04:00,35.279998779296875,35.279998779296875,35.220001220703125,35.244998931884766,821,0.0,0.0
2024-10-17 10:38:00-04:00,35.2400016784668,35.31999969482422,35.2400016784668,35.31999969482422,1094,0.0,0.0
2024-10-17 10:39:00-04:00,35.349998474121094,35.349998474121094,35.349998474121094,35.349998474121094,221,0.0,0.0
2024-10-17 10:40:00-04:00,35.415000915527344,35.415000915527344,35.36000061035156,35.369998931884766,1469,0.0,0.0
2024-10-17 10:44:00-04:00,35.349998474121094,35.349998474121094,35.349998474121094,35.349998474121094,690,0.0,0.0
2024-10-17 10:45:00-04:00,35.3650016784668,35.3650016784668,35.31999969482422,35.31999969482422,2866,0.0,0.0
2024-10-17 10:46:00-04:00,35.31999969482422,35.349998474121094,35.31999969482422,35.349998474121094,1170,0.0,0.0
2024-10-17 10:50:00-04:00,35.33399963378906,35.33399963378906,35.33399963378906,35.33399963378906,579,0.0,0.0
2024-10-17 10:51:00-04:00,35.334999084472656,35.334999084472656,35.334999084472656,35.334999084472656,194,0.0,0.0
2024-10-17 10:52:00-04:00,35.358001708984375,35.369998931884766,35.349998474121094,35.36000061035156,1739,0.0,0.0
2024-10-17 10:53:00-04:00,35.36000061035156,35.40999984741211,35.36000061035156,35.40999984741211,919,0.0,0.0
2024-10-17 10:56:00-04:00,35.36000061035156,35.36000061035156,35.29999923706055,35.29999923706055,2044,0.0,0.0
2024-10-17 10:57:00-04:00,35.29999923706055,35.29999923706055,35.255001068115234,35.255001068115234,1340,0.0,0.0
2024-10-17 11:00:00-04:00,35.279998779296875,35.279998779296875,35.275001525878906,35.275001525878906,378,0.0,0.0
2024-10-17 11:01:00-04:00,35.22999954223633,35.22999954223633,35.22999954223633,35.22999954223633,343,0.0,0.0
2024-10-17 11:02:00-04:00,35.20000076293945,35.20000076293945,35.20000076293945,35.20000076293945,696,0.0,0.0
2024-10-17 11:06:00-04:00,35.22999954223633,35.22999954223633,35.22999954223633,35.22999954223633,365,0.0,0.0
2024-10-17 11:07:00-04:00,35.21500015258789,35.220001220703125,35.19020080566406,35.220001220703125,933,0.0,0.0
2024-10-17 11:12:00-04:00,35.209999084472656,35.209999084472656,35.18000030517578,35.189998626708984,1008,0.0,0.0
2024-10-17 11:13:00-04:00,35.189998626708984,35.189998626708984,35.189998626708984,35.189998626708984,414,0.0,0.0
2024-10-17 11:14:00-04:00,35.18000030517578,35.18000030517578,35.18000030517578,35.18000030517578,243,0.0,0.0
2024-10-17 11:15:00-04:00,35.18000030517578,35.22999954223633,35.18000030517578,35.22999954223633,762,0.0,0.0
2024-10-17 11:17:00-04:00,35.2400016784668,35.2400016784668,35.2400016784668,35.2400016784668,943,0.0,0.0
2024-10-17 11:18:00-04:00,35.22999954223633,35.2400016784668,35.220001220703125,35.220001220703125,3803,0.0,0.0
2024-10-17 11:19:00-04:00,35.220001220703125,35.220001220703125,35.20000076293945,35.20000076293945,2603,0.0,0.0
2024-10-17 11:20:00-04:00,35.22999954223633,35.22999954223633,35.20000076293945,35.224998474121094,754,0.0,0.0
2024-10-17 11:21:00-04:00,35.22999954223633,35.22999954223633,35.22999954223633,35.22999954223633,194,0.0,0.0
2024-10-17 11:22:00-04:00,35.22999954223633,35.22999954223633,35.22999954223633,35.22999954223633,381,0.0,0.0
2024-10-17 11:23:00-04:00,35.22999954223633,35.22999954223633,35.22999954223633,35.22999954223633,300,0.0,0.0
2024-10-17 11:24:00-04:00,35.2599983215332,35.2599983215332,35.2599983215332,35.2599983215332,239,0.0,0.0
2024-10-17 11:25:00-04:00,35.2599983215332,35.2599983215332,35.2599983215332,35.2599983215332,347,0.0,0.0
2024-10-17 11:26:00-04:00,35.27000045776367,35.279998779296875,35.25,35.25,2076,0.0,0.0
2024-10-17 11:29:00-04:00,35.27000045776367,35.275001525878906,35.27000045776367,35.275001525878906,469,0.0,0.0
2024-10-17 11:30:00-04:00,35.25120162963867,35.25120162963867,35.25120162963867,35.25120162963867,2544,0.0,0.0
2024-10-17 11:36:00-04:00,35.25,35.25,35.22999954223633,35.22999954223633,1536,0.0,0.0
2024-10-17 11:37:00-04:00,35.25,35.25,35.25,35.25,391,0.0,0.0
2024-10-17 11:40:00-04:00,35.244998931884766,35.244998931884766,35.20000076293945,35.209999084472656,12404,0.0,0.0
2024-10-17 11:43:00-04:00,35.20930099487305,35.22999954223633,35.20930099487305,35.22999954223633,1100,0.0,0.0
2024-10-17 11:49:00-04:00,35.255001068115234,35.255001068115234,35.255001068115234,35.255001068115234,264,0.0,0.0
2024-10-17 11:50:00-04:00,35.25,35.279998779296875,35.25,35.279998779296875,1604,0.0,0.0
2024-10-17 11:54:00-04:00,35.31990051269531,35.31990051269531,35.31990051269531,35.31990051269531,457,0.0,0.0
2024-10-17 11:55:00-04:00,35.31999969482422,35.36000061035156,35.31999969482422,35.36000061035156,465,0.0,0.0
2024-10-17 11:56:00-04:00,35.310001373291016,35.31999969482422,35.2599983215332,35.2599983215332,2180,0.0,0.0
2024-10-17 11:57:00-04:00,35.29999923706055,35.29999923706055,35.29999923706055,35.29999923706055,1716,0.0,0.0
2024-10-17 12:00:00-04:00,35.33000183105469,35.33000183105469,35.31999969482422,35.31999969482422,999,0.0,0.0
2024-10-17 12:02:00-04:00,35.34000015258789,35.34000015258789,35.29999923706055,35.314998626708984,1318,0.0,0.0
2024-10-17 12:03:00-04:00,35.310001373291016,35.310001373291016,35.310001373291016,35.310001373291016,292,0.0,0.0
2024-10-17 12:04:00-04:00,35.29999923706055,35.29999923706055,35.290000915527344,35.29999923706055,1364,0.0,0.0
2024-10-17 12:05:00-04:00,35.279998779296875,35.279998779296875,35.279998779296875,35.279998779296875,616,0.0,0.0
2024-10-17 12:06:00-04:00,35.290000915527344,35.290000915527344,35.28499984741211,35.28499984741211,1296,0.0,0.0
2024-10-17 12:07:00-04:00,35.31290054321289,35.31999969482422,35.31290054321289,35.31999969482422,922,0.0,0.0
2024-10-17 12:12:00-04:00,35.29999923706055,35.310001373291016,35.290000915527344,35.29999923706055,1084,0.0,0.0
2024-10-17 12:14:00-04:00,35.31999969482422,35.31999969482422,35.31999969482422,35.31999969482422,536,0.0,0.0
2024-10-17 12:16:00-04:00,35.310001373291016,35.34000015258789,35.310001373291016,35.34000015258789,479,0.0,0.0
2024-10-17 12:17:00-04:00,35.34000015258789,35.34000015258789,35.34000015258789,35.34000015258789,359,0.0,0.0
2024-10-17 12:19:00-04:00,35.349998474121094,35.349998474121094,35.34000015258789,35.349998474121094,1147,0.0,0.0
2024-10-17 12:20:00-04:00,35.34749984741211,35.34749984741211,35.34749984741211,35.34749984741211,240,0.0,0.0
2024-10-17 12:21:00-04:00,35.349998474121094,35.349998474121094,35.349998474121094,35.349998474121094,245,0.0,0.0
2024-10-17 12:22:00-04:00,35.36000061035156,35.36000061035156,35.36000061035156,35.36000061035156,579,0.0,0.0
2024-10-17 12:23:00-04:00,35.369998931884766,35.369998931884766,35.36000061035156,35.36000061035156,1254,0.0,0.0
2024-10-17 12:24:00-04:00,35.38999938964844,35.38999938964844,35.349998474121094,35.349998474121094,2627,0.0,0.0
2024-10-17 12:28:00-04:00,35.36000061035156,35.369998931884766,35.36000061035156,35.369998931884766,637,0.0,0.0
2024-10-17 12:29:00-04:00,35.38999938964844,35.38999938964844,35.38999938964844,35.38999938964844,818,0.0,0.0
2024-10-17 12:30:00-04:00,35.369998931884766,35.38999938964844,35.36000061035156,35.380001068115234,4565,0.0,0.0
2024-10-17 12:32:00-04:00,35.380001068115234,35.380001068115234,35.380001068115234,35.380001068115234,752,0.0,0.0
2024-10-17 12:34:00-04:00,35.38999938964844,35.38999938964844,35.38999938964844,35.38999938964844,137,0.0,0.0
2024-10-17 12:35:00-04:00,35.400001525878906,35.400001525878906,35.400001525878906,35.400001525878906,1034,0.0,0.0
2024-10-17 12:36:00-04:00,35.439998626708984,35.45000076293945,35.439998626708984,35.44499969482422,1162,0.0,0.0
2024-10-17 12:37:00-04:00,35.470001220703125,35.470001220703125,35.470001220703125,35.470001220703125,721,0.0,0.0
2024-10-17 12:39:00-04:00,35.5099983215332,35.540000915527344,35.5099983215332,35.540000915527344,2095,0.0,0.0
2024-10-17 12:41:00-04:00,35.529998779296875,35.540000915527344,35.529998779296875,35.540000915527344,648,0.0,0.0
2024-10-17 12:42:00-04:00,35.52000045776367,35.529998779296875,35.505001068115234,35.505001068115234,1610,0.0,0.0
2024-10-17 12:43:00-04:00,35.529998779296875,35.529998779296875,35.5099983215332,35.529998779296875,614,0.0,0.0
2024-10-17 12:44:00-04:00,35.49100112915039,35.49100112915039,35.49100112915039,35.49100112915039,510,0.0,0.0
2024-10-17 12:45:00-04:00,35.529998779296875,35.58000183105469,35.529998779296875,35.58000183105469,1921,0.0,0.0
2024-10-17 12:46:00-04:00,35.55500030517578,35.579898834228516,35.55500030517578,35.579898834228516,409,0.0,0.0
2024-10-17 12:47:00-04:00,35.560001373291016,35.58000183105469,35.529998779296875,35.53499984741211,2587,0.0,0.0
2024-10-17 12:48:00-04:00,35.540000915527344,35.540000915527344,35.540000915527344,35.540000915527344,409,0.0,0.0
2024-10-17 12:49:00-04:00,35.540000915527344,35.560001373291016,35.540000915527344,35.560001373291016,967,0.0,0.0
2024-10-17 12:50:00-04:00,35.560001373291016,35.560001373291016,35.560001373291016,35.560001373291016,110,0.0,0.0
2024-10-17 12:51:00-04:00,35.54169845581055,35.56999969482422,35.54169845581055,35.56999969482422,750,0.0,0.0
2024-10-17 12:52:00-04:00,35.56999969482422,35.56999969482422,35.540000915527344,35.540000915527344,1167,0.0,0.0
2024-10-17 12:53:00-04:00,35.54999923706055,35.54999923706055,35.54999923706055,35.54999923706055,500,0.0,0.0
2024-10-17 12:54:00-04:00,35.540000915527344,35.54999923706055,35.540000915527344,35.54999923706055,428,0.0,0.0
2024-10-17 12:55:00-04:00,35.56999969482422,35.58000183105469,35.56999969482422,35.57500076293945,551,0.0,0.0
2024-10-17 12:56:00-04:00,35.58000183105469,35.59000015258789,35.58000183105469,35.59000015258789,937,0.0,0.0
2024-10-17 12:57:00-04:00,35.566898345947266,35.566898345947266,35.566898345947266,35.566898345947266,520,0.0,0.0
2024-10-17 12:58:00-04:00,35.59000015258789,35.59000015258789,35.564998626708984,35.564998626708984,540,0.0,0.0
2024-10-17 13:01:00-04:00,35.54999923706055,35.54999923706055,35.52000045776367,35.52000045776367,1403,0.0,0.0
2024-10-17 13:02:00-04:00,35.525001525878906,35.5349006652832,35.525001525878906,35.5349006652832,369,0.0,0.0
2024-10-17 13:03:00-04:00,35.540000915527344,35.540000915527344,35.540000915527344,35.540000915527344,223,0.0,0.0
2024-10-17 13:04:00-04:00,35.53499984741211,35.54399871826172,35.53499984741211,35.53499984741211,575,0.0,0.0
2024-10-17 13:05:00-04:00,35.52000045776367,35.52000045776367,35.5099983215332,35.5099983215332,830,0.0,0.0
2024-10-17 13:09:00-04:00,35.5099983215332,35.5099983215332,35.5099983215332,35.5099983215332,239,0.0,0.0
2024-10-17 13:10:00-04:00,35.52899932861328,35.52899932861328,35.52899932861328,35.52899932861328,464,0.0,0.0
2024-10-17 13:12:00-04:00,35.51499938964844,35.51499938964844,35.51499938964844,35.51499938964844,457,0.0,0.0
2024-10-17 13:14:00-04:00,35.50559997558594,35.50559997558594,35.50559997558594,35.50559997558594,422,0.0,0.0
2024-10-17 13:17:00-04:00,35.4900016784668,35.4900016784668,35.4900016784668,35.4900016784668,623,0.0,0.0
2024-10-17 13:19:00-04:00,35.470001220703125,35.47999954223633,35.470001220703125,35.47999954223633,765,0.0,0.0
2024-10-17 13:20:00-04:00,35.470001220703125,35.470001220703125,35.439998626708984,35.45500183105469,1313,0.0,0.0
2024-10-17 13:26:00-04:00,35.470001220703125,35.470001220703125,35.459999084472656,35.459999084472656,2285,0.0,0.0
2024-10-17 13:28:00-04:00,35.4900016784668,35.4900016784668,35.4900016784668,35.4900016784668,1262,0.0,0.0
2024-10-17 13:34:00-04:00,35.5,35.5,35.494998931884766,35.494998931884766,375,0.0,0.0
2024-10-17 13:35:00-04:00,35.494998931884766,35.52000045776367,35.494998931884766,35.5099983215332,1006,0.0,0.0
2024-10-17 13:36:00-04:00,35.5,35.5,35.5,35.5,1615,0.0,0.0
2024-10-17 13:43:00-04:00,35.52000045776367,35.52000045776367,35.5099983215332,35.5099983215332,448,0.0,0.0
2024-10-17 13:44:00-04:00,35.5,35.529998779296875,35.4900016784668,35.529998779296875,3397,0.0,0.0
2024-10-17 13:45:00-04:00,35.52389907836914,35.52389907836914,35.52389907836914,35.52389907836914,596,0.0,0.0
2024-10-17 13:46:00-04:00,35.52000045776367,35.52000045776367,35.52000045776367,35.52000045776367,712,0.0,0.0
2024-10-17 13:48:00-04:00,35.540000915527344,35.540000915527344,35.540000915527344,35.540000915527344,660,0.0,0.0
2024-10-17 13:51:00-04:00,35.535701751708984,35.535701751708984,35.535701751708984,35.535701751708984,173,0.0,0.0
2024-10-17 13:52:00-04:00,35.540000915527344,35.54999923706055,35.529998779296875,35.54999923706055,2624,0.0,0.0
2024-10-17 13:53:00-04:00,35.56999969482422,35.56999969482422,35.56999969482422,35.56999969482422,1875,0.0,0.0
2024-10-17 13:56:00-04:00,35.58000183105469,35.584999084472656,35.54999923706055,35.54999923706055,1722,0.0,0.0
2024-10-17 13:57:00-04:00,35.54999923706055,35.564998626708984,35.54999923706055,35.564998626708984,846,0.0,0.0
2024-10-17 13:58:00-04:00,35.564998626708984,35.564998626708984,35.55500030517578,35.55500030517578,537,0.0,0.0
2024-10-17 13:59:00-04:00,35.540000915527344,35.540000915527344,35.540000915527344,35.540000915527344,228,0.0,0.0
2024-10-17 14:00:00-04:00,35.54499816894531,35.560001373291016,35.54499816894531,35.560001373291016,422,0.0,0.0
2024-10-17 14:03:00-04:00,35.529998779296875,35.529998779296875,35.5099983215332,35.52000045776367,1636,0.0,0.0
2024-10-17 14:04:00-04:00,35.52000045776367,35.52000045776367,35.5099983215332,35.52000045776367,537,0.0,0.0
2024-10-17 14:05:00-04:00,35.5099983215332,35.5099983215332,35.4900016784668,35.4900016784668,819,0.0,0.0
2024-10-17 14:06:00-04:00,35.47999954223633,35.47999954223633,35.47840118408203,35.47840118408203,638,0.0,0.0
2024-10-17 14:08:00-04:00,35.47999954223633,35.47999954223633,35.47999954223633,35.47999954223633,461,0.0,0.0
2024-10-17 14:09:00-04:00,35.459999084472656,35.470001220703125,35.459999084472656,35.470001220703125,1032,0.0,0.0
2024-10-17 14:12:00-04:00,35.44499969482422,35.44499969482422,35.415000915527344,35.415000915527344,486,0.0,0.0
2024-10-17 14:13:00-04:00,35.40999984741211,35.439998626708984,35.40999984741211,35.439998626708984,667,0.0,0.0
2024-10-17 14:14:00-04:00,35.45000076293945,35.45000076293945,35.45000076293945,35.45000076293945,133,0.0,0.0
2024-10-17 14:15:00-04:00,35.45000076293945,35.459999084472656,35.45000076293945,35.459999084472656,784,0.0,0.0
2024-10-17 14:16:00-04:00,35.470001220703125,35.470001220703125,35.470001220703125,35.470001220703125,286,0.0,0.0
2024-10-17 14:17:00-04:00,35.46500015258789,35.46500015258789,35.45000076293945,35.45000076293945,329,0.0,0.0
2024-10-17 14:18:00-04:00,35.459598541259766,35.459598541259766,35.45000076293945,35.45000076293945,538,0.0,0.0
2024-10-17 14:19:00-04:00,35.459999084472656,35.4900016784668,35.459999084472656,35.4900016784668,1710,0.0,0.0
2024-10-17 14:20:00-04:00,35.49250030517578,35.5098991394043,35.47999954223633,35.47999954223633,460,0.0,0.0
2024-10-17 14:21:00-04:00,35.494998931884766,35.494998931884766,35.47999954223633,35.48500061035156,1030,0.0,0.0
2024-10-17 14:22:00-04:00,35.47999954223633,35.47999954223633,35.459999084472656,35.459999084472656,1666,0.0,0.0
2024-10-17 14:23:00-04:00,35.439998626708984,35.439998626708984,35.439998626708984,35.439998626708984,259,0.0,0.0
2024-10-17 14:25:00-04:00,35.439998626708984,35.439998626708984,35.439998626708984,35.439998626708984,205,0.0,0.0
2024-10-17 14:26:00-04:00,35.459999084472656,35.459999084472656,35.459999084472656,35.459999084472656,154,0.0,0.0
2024-10-17 14:28:00-04:00,35.459999084472656,35.459999084472656,35.45000076293945,35.45000076293945,514,0.0,0.0
2024-10-17 14:29:00-04:00,35.459999084472656,35.470001220703125,35.45000076293945,35.459999084472656,1870,0.0,0.0
2024-10-17 14:30:00-04:00,35.45500183105469,35.45500183105469,35.45500183105469,35.45500183105469,255,0.0,0.0
2024-10-17 14:32:00-04:00,35.45500183105469,35.45500183105469,35.439998626708984,35.439998626708984,1419,0.0,0.0
2024-10-17 14:33:00-04:00,35.44499969482422,35.44499969482422,35.44499969482422,35.44499969482422,354,0.0,0.0
2024-10-17 14:35:00-04:00,35.459800720214844,35.459800720214844,35.459800720214844,35.459800720214844,335,0.0,0.0
2024-10-17 14:37:00-04:00,35.470001220703125,35.470001220703125,35.459999084472656,35.470001220703125,706,0.0,0.0
2024-10-17 14:40:00-04:00,35.459999084472656,35.47999954223633,35.459999084472656,35.47999954223633,513,0.0,0.0
2024-10-17 14:41:00-04:00,35.4900016784668,35.4900016784668,35.47999954223633,35.47999954223633,261,0.0,0.0
2024-10-17 14:42:00-04:00,35.4900016784668,35.499900817871094,35.48500061035156,35.499900817871094,401,0.0,0.0
2024-10-17 14:43:00-04:00,35.48500061035156,35.48500061035156,35.470001220703125,35.470001220703125,568,0.0,0.0
2024-10-17 14:44:00-04:00,35.4900016784668,35.4900016784668,35.470001220703125,35.474998474121094,1720,0.0,0.0
2024-10-17 14:45:00-04:00,35.474998474121094,35.474998474121094,35.474998474121094,35.474998474121094,375,0.0,0.0
2024-10-17 14:46:00-04:00,35.470001220703125,35.470001220703125,35.470001220703125,35.470001220703125,248,0.0,0.0
2024-10-17 14:47:00-04:00,35.4900016784668,35.4900016784668,35.47999954223633,35.47999954223633,482,0.0,0.0
2024-10-17 14:48:00-04:00,35.47999954223633,35.47999954223633,35.47200012207031,35.47200012207031,354,0.0,0.0
2024-10-17 14:49:00-04:00,35.47999954223633,35.47999954223633,35.470001220703125,35.47999954223633,1747,0.0,0.0
2024-10-17 14:50:00-04:00,35.47999954223633,35.47999954223633,35.459999084472656,35.459999084472656,1931,0.0,0.0
2024-10-17 14:51:00-04:00,35.46049880981445,35.46049880981445,35.46049880981445,35.46049880981445,1874,0.0,0.0
2024-10-17 14:56:00-04:00,35.459999084472656,35.470001220703125,35.459999084472656,35.470001220703125,1185,0.0,0.0
2024-10-17 14:57:00-04:00,35.46500015258789,35.47999954223633,35.46500015258789,35.47999954223633,7031,0.0,0.0
2024-10-17 14:58:00-04:00,35.470001220703125,35.47999954223633,35.470001220703125,35.47999954223633,2131,0.0,0.0
2024-10-17 14:59:00-04:00,35.4900016784668,35.4900016784668,35.4900016784668,35.4900016784668,602,0.0,0.0
2024-10-17 15:00:00-04:00,35.4900016784668,35.4900016784668,35.4900016784668,35.4900016784668,1049,0.0,0.0
2024-10-17 15:01:00-04:00,35.5,35.540000915527344,35.5,35.540000915527344,1486,0.0,0.0
2024-10-17 15:02:00-04:00,35.540000915527344,35.540000915527344,35.540000915527344,35.540000915527344,1600,0.0,0.0
2024-10-17 15:03:00-04:00,35.54999923706055,35.54999923706055,35.540000915527344,35.540000915527344,763,0.0,0.0
2024-10-17 15:04:00-04:00,35.529998779296875,35.529998779296875,35.52000045776367,35.52000045776367,1451,0.0,0.0
2024-10-17 15:05:00-04:00,35.494998931884766,35.494998931884766,35.494998931884766,35.494998931884766,576,0.0,0.0
2024-10-17 15:08:00-04:00,35.52000045776367,35.529998779296875,35.52000045776367,35.529998779296875,1284,0.0,0.0
2024-10-17 15:10:00-04:00,35.529998779296875,35.529998779296875,35.52000045776367,35.52000045776367,2330,0.0,0.0
2024-10-17 15:11:00-04:00,35.51499938964844,35.51499938964844,35.51499938964844,35.51499938964844,243,0.0,0.0
2024-10-17 15:12:00-04:00,35.5,35.5,35.5,35.5,252,0.0,0.0
2024-10-17 15:13:00-04:00,35.51499938964844,35.51499938964844,35.51499938964844,35.51499938964844,619,0.0,0.0
2024-10-17 15:14:00-04:00,35.5,35.529998779296875,35.4927864074707,35.529998779296875,5521,0.0,0.0
2024-10-17 15:15:00-04:00,35.52000045776367,35.54999923706055,35.52000045776367,35.529998779296875,2407,0.0,0.0
2024-10-17 15:16:00-04:00,35.529998779296875,35.540000915527344,35.525001525878906,35.525001525878906,1515,0.0,0.0
2024-10-17 15:17:00-04:00,35.525001525878906,35.525001525878906,35.505699157714844,35.505699157714844,865,0.0,0.0
2024-10-17 15:18:00-04:00,35.5099983215332,35.5099983215332,35.5099983215332,35.5099983215332,368,0.0,0.0
2024-10-17 15:19:00-04:00,35.529998779296875,35.540000915527344,35.529998779296875,35.540000915527344,751,0.0,0.0
2024-10-17 15:20:00-04:00,35.540000915527344,35.54999923706055,35.540000915527344,35.54999923706055,1526,0.0,0.0
2024-10-17 15:21:00-04:00,35.529998779296875,35.53200149536133,35.529998779296875,35.53200149536133,1548,0.0,0.0
2024-10-17 15:22:00-04:00,35.54499816894531,35.54499816894531,35.54499816894531,35.54499816894531,439,0.0,0.0
2024-10-17 15:23:00-04:00,35.54499816894531,35.54499816894531,35.529998779296875,35.529998779296875,1663,0.0,0.0
2024-10-17 15:24:00-04:00,35.529998779296875,35.529998779296875,35.5099983215332,35.5099983215332,1876,0.0,0.0
2024-10-17 15:25:00-04:00,35.5099983215332,35.5099983215332,35.5099983215332,35.5099983215332,538,0.0,0.0
2024-10-17 15:27:00-04:00,35.5,35.5,35.5,35.5,252,0.0,0.0
2024-10-17 15:28:00-04:00,35.52000045776367,35.59000015258789,35.52000045776367,35.56999969482422,7706,0.0,0.0
2024-10-17 15:29:00-04:00,35.564998626708984,35.564998626708984,35.564998626708984,35.564998626708984,296,0.0,0.0
2024-10-17 15:30:00-04:00,35.56999969482422,35.56999969482422,35.54999923706055,35.54999923706055,73582,0.0,0.0
2024-10-17 15:31:00-04:00,35.540000915527344,35.58000183105469,35.53499984741211,35.58000183105469,3155,0.0,0.0
2024-10-17 15:32:00-04:00,35.56999969482422,35.599998474121094,35.56999969482422,35.599998474121094,5599,0.0,0.0
2024-10-17 15:34:00-04:00,35.58000183105469,35.58000183105469,35.54999923706055,35.54999923706055,891,0.0,0.0
2024-10-17 15:35:00-04:00,35.54999923706055,35.54999923706055,35.470001220703125,35.470001220703125,4644,0.0,0.0
2024-10-17 15:36:00-04:00,35.4900016784668,35.4900016784668,35.4900016784668,35.4900016784668,1236,0.0,0.0
2024-10-17 15:37:00-04:00,35.5,35.52000045776367,35.5,35.5099983215332,1015,0.0,0.0
2024-10-17 15:39:00-04:00,35.5,35.5,35.4900016784668,35.4900016784668,1177,0.0,0.0
2024-10-17 15:40:00-04:00,35.4900016784668,35.494998931884766,35.4900016784668,35.494998931884766,1055,0.0,0.0
2024-10-17 15:41:00-04:00,35.47999954223633,35.47999954223633,35.45000076293945,35.45000076293945,3026,0.0,0.0
2024-10-17 15:42:00-04:00,35.45000076293945,35.45000076293945,35.415000915527344,35.43000030517578,4480,0.0,0.0
2024-10-17 15:44:00-04:00,35.435001373291016,35.459999084472656,35.435001373291016,35.459999084472656,3467,0.0,0.0
2024-10-17 15:45:00-04:00,35.45000076293945,35.459999084472656,35.45000076293945,35.45500183105469,1122,0.0,0.0
2024-10-17 15:46:00-04:00,35.439998626708984,35.439998626708984,35.400001525878906,35.400001525878906,1888,0.0,0.0
2024-10-17 15:47:00-04:00,35.400001525878906,35.439998626708984,35.400001525878906,35.43000030517578,3830,0.0,0.0
2024-10-17 15:48:00-04:00,35.43000030517578,35.439998626708984,35.43000030517578,35.439998626708984,4466,0.0,0.0
2024-10-17 15:49:00-04:00,35.439998626708984,35.45000076293945,35.439998626708984,35.45000076293945,1642,0.0,0.0
2024-10-17 15:50:00-04:00,35.439998626708984,35.459999084472656,35.439998626708984,35.45000076293945,4355,0.0,0.0
2024-10-17 15:51:00-04:00,35.45000076293945,35.470001220703125,35.45000076293945,35.459999084472656,6133,0.0,0.0
2024-10-17 15:52:00-04:00,35.45500183105469,35.474998474121094,35.439998626708984,35.439998626708984,5702,0.0,0.0
2024-10-17 15:53:00-04:00,35.43000030517578,35.439998626708984,35.41999816894531,35.41999816894531,9343,0.0,0.0
2024-10-17 15:54:00-04:00,35.41999816894531,35.41999816894531,35.36000061035156,35.41999816894531,16436,0.0,0.0
2024-10-17 15:55:00-04:00,35.40999984741211,35.43000030517578,35.39500045776367,35.400001525878906,10926,0.0,0.0
2024-10-17 15:56:00-04:00,35.404998779296875,35.41999816894531,35.380001068115234,35.400001525878906,7473,0.0,0.0
2024-10-17 15:57:00-04:00,35.40999984741211,35.40999984741211,35.36000061035156,35.369998931884766,6409,0.0,0.0
2024-10-17 15:58:00-04:00,35.369998931884766,35.400001525878906,35.36000061035156,35.380001068115234,20342,0.0,0.0
2024-10-17 15:59:00-04:00,35.380001068115234,35.38999938964844,35.31999969482422,35.31999969482422,42515,0.0,0.0
2024-10-18 09:30:00-04:00,35.40999984741211,35.40999984741211,35.345001220703125,35.345001220703125,35248,0.0,0.0
2024-10-18 09:31:00-04:00,35.37929916381836,35.37929916381836,35.37929916381836,35.37929916381836,552,0.0,0.0
2024-10-18 09:32:00-04:00,35.25,35.25,35.150001525878906,35.25,632,0.0,0.0
2024-10-18 09:34:00-04:00,35.040000915527344,35.040000915527344,35.040000915527344,35.040000915527344,285,0.0,0.0
2024-10-18 09:38:00-04:00,35.20000076293945,35.20000076293945,35.20000076293945,35.20000076293945,554,0.0,0.0
2024-10-18 09:40:00-04:00,35.29999923706055,35.36000061035156,35.29999923706055,35.33000183105469,1887,0.0,0.0
2024-10-18 09:44:00-04:00,35.34000015258789,35.34000015258789,35.282798767089844,35.282798767089844,1048,0.0,0.0
2024-10-18 09:45:00-04:00,35.279998779296875,35.279998779296875,35.25,35.25,671,0.0,0.0
2024-10-18 09:47:00-04:00,35.35210037231445,35.35210037231445,35.15999984741211,35.15999984741211,1299,0.0,0.0
2024-10-18 09:48:00-04:00,35.185001373291016,35.2599983215332,35.130001068115234,35.2599983215332,866,0.0,0.0
2024-10-18 09:49:00-04:00,35.33000183105469,35.33000183105469,35.33000183105469,35.33000183105469,113,0.0,0.0
2024-10-18 09:50:00-04:00,35.31999969482422,35.31999969482422,35.30500030517578,35.30500030517578,824,0.0,0.0
2024-10-18 09:56:00-04:00,35.365699768066406,35.365699768066406,35.365699768066406,35.365699768066406,327,0.0,0.0
2024-10-18 09:57:00-04:00,35.369998931884766,35.369998931884766,35.369998931884766,35.369998931884766,539,0.0,0.0
2024-10-18 09:58:00-04:00,35.349998474121094,35.349998474121094,35.349998474121094,35.349998474121094,136,0.0,0.0
2024-10-18 09:59:00-04:00,35.349998474121094,35.36000061035156,35.349998474121094,35.36000061035156,235,0.0,0.0
2024-10-18 10:00:00-04:00,35.36000061035156,35.4900016784668,35.349998474121094,35.459999084472656,19463,0.0,0.0
2024-10-18 10:01:00-04:00,35.45000076293945,35.45100021362305,35.43000030517578,35.43000030517578,4768,0.0,0.0
2024-10-18 10:02:00-04:00,35.52000045776367,35.52000045776367,35.52000045776367,35.52000045776367,278,0.0,0.0
2024-10-18 10:03:00-04:00,35.52170181274414,35.52170181274414,35.52170181274414,35.52170181274414,536,0.0,0.0
2024-10-18 10:05:00-04:00,35.51499938964844,35.540000915527344,35.470001220703125,35.474998474121094,1160,0.0,0.0
2024-10-18 10:07:00-04:00,35.474998474121094,35.5099983215332,35.439998626708984,35.439998626708984,690,0.0,0.0
2024-10-18 10:08:00-04:00,35.439998626708984,35.439998626708984,35.439998626708984,35.439998626708984,309,0.0,0.0
2024-10-18 10:09:00-04:00,35.43000030517578,35.459999084472656,35.41999816894531,35.459999084472656,813,0.0,0.0
2024-10-18 10:11:00-04:00,35.45500183105469,35.45500183105469,35.380001068115234,35.380001068115234,1332,0.0,0.0
2024-10-18 10:12:00-04:00,35.38600158691406,35.38600158691406,35.38600158691406,35.38600158691406,277,0.0,0.0
2024-10-18 10:15:00-04:00,35.400001525878906,35.43199920654297,35.36000061035156,35.36000061035156,851,0.0,0.0
2024-10-18 10:17:00-04:00,35.41999816894531,35.45500183105469,35.41999816894531,35.45500183105469,1417,0.0,0.0
2024-10-18 10:20:00-04:00,35.45500183105469,35.467498779296875,35.45500183105469,35.46500015258789,580,0.0,0.0
2024-10-18 10:21:00-04:00,35.459999084472656,35.5,35.459999084472656,35.47999954223633,929,0.0,0.0
2024-10-18 10:23:00-04:00,35.47200012207031,35.47200012207031,35.47200012207031,35.47200012207031,100,0.0,0.0
2024-10-18 10:24:00-04:00,35.5,35.5,35.47999954223633,35.47999954223633,637,0.0,0.0
2024-10-18 10:25:00-04:00,35.47999954223633,35.47999954223633,35.47999954223633,35.47999954223633,105,0.0,0.0
2024-10-18 10:26:00-04:00,35.439998626708984,35.439998626708984,35.439998626708984,35.439998626708984,105,0.0,0.0
2024-10-18 10:27:00-04:00,35.47999954223633,35.48500061035156,35.47999954223633,35.48500061035156,1371,0.0,0.0
2024-10-18 10:28:00-04:00,35.47999954223633,35.47999954223633,35.474998474121094,35.474998474121094,1126,0.0,0.0
2024-10-18 10:30:00-04:00,35.46500015258789,35.46500015258789,35.46500015258789,35.46500015258789,213,0.0,0.0
2024-10-18 10:31:00-04:00,35.439998626708984,35.52000045776367,35.439998626708984,35.52000045776367,1393,0.0,0.0
2024-10-18 10:32:00-04:00,35.540000915527344,35.54999923706055,35.540000915527344,35.54999923706055,1271,0.0,0.0
2024-10-18 10:33:00-04:00,35.5099983215332,35.54499816894531,35.5099983215332,35.54499816894531,204,0.0,0.0
2024-10-18 10:34:00-04:00,35.54499816894531,35.54499816894531,35.54499816894531,35.54499816894531,236,0.0,0.0
2024-10-18 10:35:00-04:00,35.5,35.5,35.369998931884766,35.369998931884766,1904,0.0,0.0
2024-10-18 10:37:00-04:00,35.459999084472656,35.459999084472656,35.459999084472656,35.459999084472656,225,0.0,0.0
2024-10-18 10:38:00-04:00,35.407501220703125,35.407501220703125,35.369998931884766,35.380001068115234,550,0.0,0.0
2024-10-18 10:41:00-04:00,35.400001525878906,35.44900131225586,35.369998931884766,35.369998931884766,484,0.0,0.0
2024-10-18 10:42:00-04:00,35.43989944458008,35.43989944458008,35.43989944458008,35.43989944458008,497,0.0,0.0
2024-10-18 10:43:00-04:00,35.41999816894531,35.41999816894531,35.41999816894531,35.41999816894531,111,0.0,0.0
2024-10-18 10:44:00-04:00,35.45000076293945,35.45000076293945,35.45000076293945,35.45000076293945,390,0.0,0.0
2024-10-18 10:46:00-04:00,35.459999084472656,35.459999084472656,35.459999084472656,35.459999084472656,241,0.0,0.0
2024-10-18 10:47:00-04:00,35.45000076293945,35.45000076293945,35.45000076293945,35.45000076293945,414,0.0,0.0
2024-10-18 10:48:00-04:00,35.400001525878906,35.40999984741211,35.38999938964844,35.38999938964844,992,0.0,0.0
2024-10-18 10:49:00-04:00,35.40999984741211,35.40999984741211,35.38999938964844,35.38999938964844,1167,0.0,0.0
2024-10-18 10:50:00-04:00,35.39500045776367,35.39500045776367,35.369998931884766,35.369998931884766,1447,0.0,0.0
2024-10-18 10:51:00-04:00,35.31999969482422,35.380001068115234,35.31999969482422,35.349998474121094,4530,0.0,0.0
2024-10-18 10:52:00-04:00,35.34000015258789,35.38999938964844,35.34000015258789,35.36000061035156,1825,0.0,0.0
2024-10-18 10:53:00-04:00,35.380001068115234,35.38999938964844,35.36000061035156,35.36000061035156,1338,0.0,0.0
2024-10-18 10:55:00-04:00,35.30624008178711,35.31999969482422,35.29999923706055,35.31999969482422,823,0.0,0.0
2024-10-18 10:56:00-04:00,35.349998474121094,35.380001068115234,35.349998474121094,35.380001068115234,647,0.0,0.0
2024-10-18 10:57:00-04:00,35.400001525878906,35.45000076293945,35.400001525878906,35.45000076293945,435,0.0,0.0
2024-10-18 10:59:00-04:00,35.41999816894531,35.41999816894531,35.41999816894531,35.41999816894531,131,0.0,0.0
2024-10-18 11:00:00-04:00,35.41999816894531,35.41999816894531,35.41999816894531,35.41999816894531,406,0.0,0.0
2024-10-18 11:02:00-04:00,35.415000915527344,35.415000915527344,35.415000915527344,35.415000915527344,385,0.0,0.0
2024-10-18 11:03:00-04:00,35.415000915527344,35.415000915527344,35.415000915527344,35.415000915527344,350,0.0,0.0
2024-10-18 11:04:00-04:00,35.400001525878906,35.400001525878906,35.400001525878906,35.400001525878906,1069,0.0,0.0
2024-10-18 11:07:00-04:00,35.380001068115234,35.380001068115234,35.380001068115234,35.380001068115234,651,0.0,0.0
2024-10-18 11:09:00-04:00,35.375,35.41999816894531,35.375,35.41999816894531,1292,0.0,0.0
2024-10-18 11:10:00-04:00,35.40999984741211,35.40999984741211,35.40999984741211,35.40999984741211,677,0.0,0.0
2024-10-18 11:12:00-04:00,35.40999984741211,35.40999984741211,35.40999984741211,35.40999984741211,431,0.0,0.0
2024-10-18 11:15:00-04:00,35.41999816894531,35.41999816894531,35.40999984741211,35.40999984741211,241,0.0,0.0
2024-10-18 11:16:00-04:00,35.40879821777344,35.40879821777344,35.40879821777344,35.40879821777344,258,0.0,0.0
2024-10-18 11:17:00-04:00,35.43000030517578,35.45000076293945,35.43000030517578,35.45000076293945,545,0.0,0.0
2024-10-18 11:18:00-04:00,35.41999816894531,35.45000076293945,35.40999984741211,35.45000076293945,514,0.0,0.0
2024-10-18 11:19:00-04:00,35.45000076293945,35.494998931884766,35.45000076293945,35.494998931884766,707,0.0,0.0
2024-10-18 11:20:00-04:00,35.459999084472656,35.459999084472656,35.439998626708984,35.45000076293945,949,0.0,0.0
2024-10-18 11:21:00-04:00,35.439998626708984,35.459999084472656,35.439998626708984,35.459999084472656,484,0.0,0.0
2024-10-18 11:22:00-04:00,35.45500183105469,35.54999923706055,35.45500183105469,35.505001068115234,2868,0.0,0.0
2024-10-18 11:23:00-04:00,35.459999084472656,35.470001220703125,35.439998626708984,35.439998626708984,984,0.0,0.0
2024-10-18 11:24:00-04:00,35.43000030517578,35.43000030517578,35.38999938964844,35.38999938964844,666,0.0,0.0
2024-10-18 11:26:00-04:00,35.380001068115234,35.380001068115234,35.380001068115234,35.380001068115234,526,0.0,0.0
2024-10-18 11:28:00-04:00,35.40999984741211,35.40999984741211,35.40999984741211,35.40999984741211,597,0.0,0.0
2024-10-18 11:31:00-04:00,35.400001525878906,35.400001525878906,35.400001525878906,35.400001525878906,416,0.0,0.0
2024-10-18 11:32:00-04:00,35.400001525878906,35.43000030517578,35.400001525878906,35.43000030517578,684,0.0,0.0
2024-10-18 11:33:00-04:00,35.40999984741211,35.40999984741211,35.40999984741211,35.40999984741211,512,0.0,0.0
2024-10-18 11:38:00-04:00,35.40999984741211,35.40999984741211,35.3849983215332,35.400001525878906,1321,0.0,0.0
2024-10-18 11:39:00-04:00,35.380001068115234,35.400001525878906,35.369998931884766,35.369998931884766,749,0.0,0.0
2024-10-18 11:40:00-04:00,35.369998931884766,35.369998931884766,35.369998931884766,35.369998931884766,592,0.0,0.0
2024-10-18 11:41:00-04:00,35.40999984741211,35.40999984741211,35.38999938964844,35.38999938964844,491,0.0,0.0
2024-10-18 11:42:00-04:00,35.369998931884766,35.369998931884766,35.369998931884766,35.369998931884766,133,0.0,0.0
2024-10-18 11:44:00-04:00,35.369998931884766,35.369998931884766,35.369998931884766,35.369998931884766,395,0.0,0.0
2024-10-18 11:47:00-04:00,35.36000061035156,35.36000061035156,35.33000183105469,35.33000183105469,1131,0.0,0.0
2024-10-18 11:48:00-04:00,35.28499984741211,35.29499816894531,35.28499984741211,35.29499816894531,280,0.0,0.0
2024-10-18 11:49:00-04:00,35.290000915527344,35.29999923706055,35.290000915527344,35.29999923706055,762,0.0,0.0
2024-10-18 11:50:00-04:00,35.28499984741211,35.28499984741211,35.28499984741211,35.28499984741211,164,0.0,0.0
2024-10-18 11:51:00-04:00,35.28499984741211,35.28499984741211,35.2599983215332,35.26499938964844,560,0.0,0.0
2024-10-18 11:53:00-04:00,35.25,35.279998779296875,35.25,35.279998779296875,498,0.0,0.0
2024-10-18 11:56:00-04:00,35.220001220703125,35.220001220703125,35.220001220703125,35.220001220703125,458,0.0,0.0
2024-10-18 12:00:00-04:00,35.209999084472656,35.209999084472656,35.209999084472656,35.209999084472656,486,0.0,0.0
2024-10-18 12:03:00-04:00,35.23500061035156,35.23500061035156,35.20000076293945,35.20000076293945,312,0.0,0.0
2024-10-18 12:04:00-04:00,35.209999084472656,35.209999084472656,35.209999084472656,35.209999084472656,401,0.0,0.0
2024-10-18 12:06:00-04:00,35.189998626708984,35.189998626708984,35.189998626708984,35.189998626708984,382,0.0,0.0
2024-10-18 12:07:00-04:00,35.15999984741211,35.165000915527344,35.10499954223633,35.10499954223633,671,0.0,0.0
2024-10-18 12:08:00-04:00,35.099998474121094,35.099998474121094,35.099998474121094,35.099998474121094,133,0.0,0.0
2024-10-18 12:09:00-04:00,35.149898529052734,35.149898529052734,35.149898529052734,35.149898529052734,233,0.0,0.0
2024-10-18 12:10:00-04:00,35.08000183105469,35.08000183105469,35.08000183105469,35.08000183105469,168,0.0,0.0
2024-10-18 12:11:00-04:00,35.08000183105469,35.099998474121094,35.08000183105469,35.099998474121094,338,0.0,0.0
2024-10-18 12:12:00-04:00,35.095001220703125,35.119998931884766,35.095001220703125,35.11000061035156,720,0.0,0.0
2024-10-18 12:13:00-04:00,35.09000015258789,35.09000015258789,35.08000183105469,35.09000015258789,974,0.0,0.0
2024-10-18 12:18:00-04:00,35.1150016784668,35.119998931884766,35.1150016784668,35.119998931884766,898,0.0,0.0
2024-10-18 12:19:00-04:00,35.130001068115234,35.13999938964844,35.130001068115234,35.13999938964844,751,0.0,0.0
2024-10-18 12:20:00-04:00,35.150001525878906,35.150001525878906,35.130001068115234,35.130001068115234,226,0.0,0.0
2024-10-18 12:21:00-04:00,35.150001525878906,35.150001525878906,35.150001525878906,35.150001525878906,206,0.0,0.0
2024-10-18 12:22:00-04:00,35.130001068115234,35.130001068115234,35.11000061035156,35.11000061035156,582,0.0,0.0
2024-10-18 12:23:00-04:00,35.13999938964844,35.13999938964844,35.099998474121094,35.099998474121094,626,0.0,0.0
2024-10-18 12:24:00-04:00,35.099998474121094,35.099998474121094,35.099998474121094,35.099998474121094,960,0.0,0.0
2024-10-18 12:25:00-04:00,35.095001220703125,35.095001220703125,35.095001220703125,35.095001220703125,692,0.0,0.0
2024-10-18 12:27:00-04:00,35.130001068115234,35.13999938964844,35.130001068115234,35.13999938964844,451,0.0,0.0
2024-10-18 12:28:00-04:00,35.119998931884766,35.119998931884766,35.11000061035156,35.1150016784668,448,0.0,0.0
2024-10-18 12:31:00-04:00,35.09000015258789,35.09000015258789,35.09000015258789,35.09000015258789,129,0.0,0.0
2024-10-18 12:34:00-04:00,35.130001068115234,35.130001068115234,35.1150016784668,35.1150016784668,357,0.0,0.0
2024-10-18 12:36:00-04:00,35.099998474121094,35.099998474121094,35.099998474121094,35.099998474121094,122,0.0,0.0
2024-10-18 12:37:00-04:00,35.09000015258789,35.09000015258789,35.060001373291016,35.060001373291016,1381,0.0,0.0
2024-10-18 12:38:00-04:00,35.060001373291016,35.060001373291016,35.060001373291016,35.060001373291016,787,0.0,0.0
2024-10-18 12:39:00-04:00,35.060001373291016,35.060001373291016,35.060001373291016,35.060001373291016,235,0.0,0.0
2024-10-18 12:40:00-04:00,35.060001373291016,35.06999969482422,35.060001373291016,35.06999969482422,957,0.0,0.0
2024-10-18 12:43:00-04:00,35.08000183105469,35.119998931884766,35.08000183105469,35.119998931884766,952,0.0,0.0
2024-10-18 12:44:00-04:00,35.119998931884766,35.119998931884766,35.099998474121094,35.099998474121094,341,0.0,0.0
2024-10-18 12:45:00-04:00,35.099998474121094,35.099998474121094,35.099998474121094,35.099998474121094,302,0.0,0.0
2024-10-18 12:48:00-04:00,35.08000183105469,35.08000183105469,35.08000183105469,35.08000183105469,201,0.0,0.0
2024-10-18 12:49:00-04:00,35.095001220703125,35.095001220703125,35.06999969482422,35.06999969482422,585,0.0,0.0
2024-10-18 12:50:00-04:00,35.06999969482422,35.06999969482422,35.04999923706055,35.04999923706055,453,0.0,0.0
2024-10-18 12:51:00-04:00,35.05500030517578,35.05500030517578,35.05500030517578,35.05500030517578,327,0.0,0.0
2024-10-18 12:52:00-04:00,35.060001373291016,35.060001373291016,35.060001373291016,35.060001373291016,754,0.0,0.0
2024-10-18 12:54:00-04:00,35.060001373291016,35.06159973144531,35.060001373291016,35.06159973144531,430,0.0,0.0
2024-10-18 12:55:00-04:00,35.060001373291016,35.060001373291016,35.060001373291016,35.060001373291016,313,0.0,0.0
2024-10-18 12:56:00-04:00,35.060001373291016,35.060001373291016,35.060001373291016,35.060001373291016,401,0.0,0.0
2024-10-18 12:57:00-04:00,35.04999923706055,35.04999923706055,35.040000915527344,35.040000915527344,761,0.0,0.0
2024-10-18 12:58:00-04:00,35.0099983215332,35.0099983215332,34.994998931884766,34.994998931884766,1378,0.0,0.0
2024-10-18 12:59:00-04:00,34.97999954223633,34.97999954223633,34.97999954223633,34.97999954223633,139,0.0,0.0
2024-10-18 13:01:00-04:00,35.005001068115234,35.029998779296875,34.97999954223633,35.005001068115234,1082,0.0,0.0
2024-10-18 13:02:00-04:00,34.97999954223633,34.97999954223633,34.97999954223633,34.97999954223633,182,0.0,0.0
2024-10-18 13:03:00-04:00,34.970001220703125,34.970001220703125,34.970001220703125,34.970001220703125,177,0.0,0.0
2024-10-18 13:06:00-04:00,34.96500015258789,34.96500015258789,34.96500015258789,34.96500015258789,101,0.0,0.0
2024-10-18 13:07:00-04:00,34.93000030517578,34.959999084472656,34.93000030517578,34.939998626708984,1208,0.0,0.0
2024-10-18 13:08:00-04:00,34.959999084472656,34.959999084472656,34.92300033569336,34.92300033569336,205,0.0,0.0
2024-10-18 13:09:00-04:00,34.959999084472656,35.0,34.959999084472656,34.959999084472656,884,0.0,0.0
2024-10-18 13:10:00-04:00,34.95000076293945,34.95000076293945,34.95000076293945,34.95000076293945,263,0.0,0.0
2024-10-18 13:11:00-04:00,34.959999084472656,35.0,34.959999084472656,34.970001220703125,2737,0.0,0.0
2024-10-18 13:12:00-04:00,34.959999084472656,34.96500015258789,34.95000076293945,34.95000076293945,589,0.0,0.0
2024-10-18 13:14:00-04:00,34.97999954223633,34.97999954223633,34.963401794433594,34.963401794433594,420,0.0,0.0
2024-10-18 13:17:00-04:00,34.970001220703125,34.970001220703125,34.939998626708984,34.94300079345703,988,0.0,0.0
2024-10-18 13:18:00-04:00,34.939998626708984,34.939998626708984,34.93000030517578,34.93000030517578,509,0.0,0.0
2024-10-18 13:19:00-04:00,34.88999938964844,34.915000915527344,34.88999938964844,34.915000915527344,1076,0.0,0.0
2024-10-18 13:20:00-04:00,34.900001525878906,34.900001525878906,34.900001525878906,34.900001525878906,115,0.0,0.0
2024-10-18 13:21:00-04:00,34.90999984741211,34.93000030517578,34.90999984741211,34.93000030517578,756,0.0,0.0
2024-10-18 13:23:00-04:00,34.90999984741211,34.93000030517578,34.90999984741211,34.93000030517578,265,0.0,0.0
2024-10-18 13:24:00-04:00,34.93000030517578,34.93000030517578,34.93000030517578,34.93000030517578,140,0.0,0.0
2024-10-18 13:26:00-04:00,34.91999816894531,34.91999816894531,34.915000915527344,34.915000915527344,461,0.0,0.0
2024-10-18 13:28:00-04:00,34.893001556396484,34.893001556396484,34.893001556396484,34.893001556396484,101,0.0,0.0
2024-10-18 13:29:00-04:00,34.88999938964844,34.88999938964844,34.88999938964844,34.88999938964844,540,0.0,0.0
2024-10-18 13:32:00-04:00,34.900001525878906,34.900001525878906,34.88999938964844,34.88999938964844,463,0.0,0.0
2024-10-18 13:33:00-04:00,34.88999938964844,34.90999984741211,34.880001068115234,34.88999938964844,2646,0.0,0.0
2024-10-18 13:34:00-04:00,34.880001068115234,34.90999984741211,34.880001068115234,34.90999984741211,807,0.0,0.0
2024-10-18 13:35:00-04:00,34.900001525878906,34.900001525878906,34.900001525878906,34.900001525878906,475,0.0,0.0
2024-10-18 13:36:00-04:00,34.880001068115234,34.880001068115234,34.86000061035156,34.86000061035156,1890,0.0,0.0
2024-10-18 13:37:00-04:00,34.86000061035156,34.86000061035156,34.86000061035156,34.86000061035156,197,0.0,0.0
2024-10-18 13:38:00-04:00,34.86000061035156,34.880001068115234,34.86000061035156,34.880001068115234,645,0.0,0.0
2024-10-18 13:40:00-04:00,34.900001525878906,34.91999816894531,34.900001525878906,34.91999816894531,551,0.0,0.0
2024-10-18 13:41:00-04:00,34.88999938964844,34.939998626708984,34.88999938964844,34.91999816894531,431,0.0,0.0
2024-10-18 13:42:00-04:00,34.939998626708984,34.9900016784668,34.939998626708984,34.9900016784668,918,0.0,0.0
2024-10-18 13:43:00-04:00,35.0,35.0099983215332,35.0,35.0099983215332,487,0.0,0.0
2024-10-18 13:44:00-04:00,34.959999084472656,35.03139877319336,34.959999084472656,35.0099983215332,1523,0.0,0.0
2024-10-18 13:46:00-04:00,35.02000045776367,35.02000045776367,35.02000045776367,35.02000045776367,389,0.0,0.0
2024-10-18 13:48:00-04:00,34.959999084472656,35.0,34.959999084472656,34.959999084472656,774,0.0,0.0
2024-10-18 13:51:00-04:00,35.0,35.0,35.0,35.0,241,0.0,0.0
2024-10-18 13:53:00-04:00,34.959999084472656,35.029998779296875,34.959999084472656,35.029998779296875,239,0.0,0.0
2024-10-18 13:56:00-04:00,34.96009826660156,35.040000915527344,34.880001068115234,34.880001068115234,9052,0.0,0.0
2024-10-18 13:57:00-04:00,34.880001068115234,34.915000915527344,34.869998931884766,34.869998931884766,929,0.0,0.0
2024-10-18 13:59:00-04:00,34.92020034790039,34.95000076293945,34.92020034790039,34.95000076293945,477,0.0,0.0
2024-10-18 14:00:00-04:00,34.91999816894531,34.91999816894531,34.90999984741211,34.90999984741211,895,0.0,0.0
2024-10-18 14:01:00-04:00,34.900001525878906,34.900001525878906,34.86000061035156,34.869998931884766,1380,0.0,0.0
2024-10-18 14:02:00-04:00,34.88999938964844,34.91999816894531,34.88999938964844,34.91999816894531,1229,0.0,0.0
2024-10-18 14:03:00-04:00,34.94499969482422,34.94499969482422,34.94499969482422,34.94499969482422,330,0.0,0.0
2024-10-18 14:04:00-04:00,34.959999084472656,34.959999084472656,34.959999084472656,34.959999084472656,1225,0.0,0.0
2024-10-18 14:05:00-04:00,34.939998626708984,34.974998474121094,34.939998626708984,34.959999084472656,881,0.0,0.0
2024-10-18 14:06:00-04:00,34.97999954223633,35.06999969482422,34.97999954223633,35.06999969482422,5353,0.0,0.0
2024-10-18 14:07:00-04:00,35.04999923706055,35.04999923706055,35.04999923706055,35.04999923706055,241,0.0,0.0
2024-10-18 14:10:00-04:00,35.06999969482422,35.06999969482422,35.06999969482422,35.06999969482422,656,0.0,0.0
2024-10-18 14:11:00-04:00,35.06402587890625,35.06402587890625,35.04999923706055,35.04999923706055,1204,0.0,0.0
2024-10-18 14:12:00-04:00,35.040000915527344,35.040000915527344,35.040000915527344,35.040000915527344,962,0.0,0.0
2024-10-18 14:14:00-04:00,35.040000915527344,35.040000915527344,35.040000915527344,35.040000915527344,406,0.0,0.0
2024-10-18 14:16:00-04:00,35.040199279785156,35.064998626708984,35.040199279785156,35.064998626708984,679,0.0,0.0
2024-10-18 14:17:00-04:00,35.040000915527344,35.040000915527344,35.040000915527344,35.040000915527344,398,0.0,0.0
2024-10-18 14:21:00-04:00,35.064998626708984,35.064998626708984,35.064998626708984,35.064998626708984,309,0.0,0.0
2024-10-18 14:22:00-04:00,35.06999969482422,35.06999969482422,35.06999969482422,35.06999969482422,1019,0.0,0.0
2024-10-18 14:24:00-04:00,35.06999969482422,35.06999969482422,35.04999923706055,35.04999923706055,830,0.0,0.0
2024-10-18 14:26:00-04:00,35.08000183105469,35.08000183105469,35.08000183105469,35.08000183105469,131,0.0,0.0
2024-10-18 14:27:00-04:00,35.06999969482422,35.06999969482422,35.04999923706055,35.04999923706055,483,0.0,0.0
2024-10-18 14:29:00-04:00,35.04999923706055,35.04999923706055,35.04999923706055,35.04999923706055,786,0.0,0.0
2024-10-18 14:30:00-04:00,35.040000915527344,35.040000915527344,35.040000915527344,35.040000915527344,602,0.0,0.0
2024-10-18 14:31:00-04:00,35.060001373291016,35.060001373291016,35.060001373291016,35.060001373291016,1323,0.0,0.0
2024-10-18 14:32:00-04:00,35.04999923706055,35.04999923706055,35.040000915527344,35.040000915527344,810,0.0,0.0
2024-10-18 14:33:00-04:00,35.060001373291016,35.060001373291016,35.04999923706055,35.04999923706055,487,0.0,0.0
2024-10-18 14:34:00-04:00,35.0359992980957,35.04880142211914,35.0359992980957,35.046600341796875,762,0.0,0.0
2024-10-18 14:36:00-04:00,35.060001373291016,35.060001373291016,35.060001373291016,35.060001373291016,136,0.0,0.0
2024-10-18 14:37:00-04:00,35.06119918823242,35.179500579833984,35.06119918823242,35.130001068115234,9787,0.0,0.0
2024-10-18 14:38:00-04:00,35.13999938964844,35.13999938964844,35.13999938964844,35.13999938964844,102,0.0,0.0
2024-10-18 14:39:00-04:00,35.13999938964844,35.13999938964844,35.130001068115234,35.130001068115234,684,0.0,0.0
2024-10-18 14:40:00-04:00,35.13999938964844,35.13999938964844,35.13999938964844,35.13999938964844,181,0.0,0.0
2024-10-18 14:41:00-04:00,35.1343994140625,35.1343994140625,35.1343994140625,35.1343994140625,211,0.0,0.0
2024-10-18 14:42:00-04:00,35.154998779296875,35.154998779296875,35.154998779296875,35.154998779296875,420,0.0,0.0
2024-10-18 14:43:00-04:00,35.16999816894531,35.16999816894531,35.16999816894531,35.16999816894531,224,0.0,0.0
2024-10-18 14:45:00-04:00,35.209999084472656,35.209999084472656,35.209999084472656,35.209999084472656,136,0.0,0.0
2024-10-18 14:46:00-04:00,35.13999938964844,35.13999938964844,35.13999938964844,35.13999938964844,238,0.0,0.0
2024-10-18 14:48:00-04:00,35.209999084472656,35.209999084472656,35.18000030517578,35.18000030517578,234,0.0,0.0
2024-10-18 14:49:00-04:00,35.209999084472656,35.209999084472656,35.209999084472656,35.209999084472656,226,0.0,0.0
2024-10-18 14:50:00-04:00,35.185001373291016,35.185001373291016,35.185001373291016,35.185001373291016,171,0.0,0.0
2024-10-18 14:51:00-04:00,35.185001373291016,35.185001373291016,35.185001373291016,35.185001373291016,138,0.0,0.0
2024-10-18 14:52:00-04:00,35.209999084472656,35.209999084472656,35.209999084472656,35.209999084472656,283,0.0,0.0
2024-10-18 14:53:00-04:00,35.15999984741211,35.16999816894531,35.15999984741211,35.16999816894531,1050,0.0,0.0
2024-10-18 14:57:00-04:00,35.20000076293945,35.20000076293945,35.15999984741211,35.189998626708984,1528,0.0,0.0
2024-10-18 14:58:00-04:00,35.15999984741211,35.15999984741211,35.150001525878906,35.150001525878906,1045,0.0,0.0
2024-10-18 15:00:00-04:00,35.13999938964844,35.13999938964844,35.13999938964844,35.13999938964844,377,0.0,0.0
2024-10-18 15:01:00-04:00,35.130001068115234,35.130001068115234,35.04999923706055,35.04999923706055,2275,0.0,0.0
2024-10-18 15:03:00-04:00,35.02000045776367,35.06999969482422,34.97999954223633,35.06999969482422,3706,0.0,0.0
2024-10-18 15:06:00-04:00,35.04999923706055,35.06999969482422,35.04999923706055,35.06999969482422,702,0.0,0.0
2024-10-18 15:08:00-04:00,35.08000183105469,35.08000183105469,35.04999923706055,35.04999923706055,254,0.0,0.0
2024-10-18 15:09:00-04:00,35.08000183105469,35.10240173339844,35.08000183105469,35.10240173339844,1201,0.0,0.0
2024-10-18 15:10:00-04:00,35.09479904174805,35.09479904174805,35.08000183105469,35.08000183105469,673,0.0,0.0
2024-10-18 15:11:00-04:00,35.060001373291016,35.060001373291016,35.060001373291016,35.060001373291016,371,0.0,0.0
2024-10-18 15:12:00-04:00,35.040000915527344,35.040000915527344,35.040000915527344,35.040000915527344,558,0.0,0.0
2024-10-18 15:14:00-04:00,35.069000244140625,35.069000244140625,35.069000244140625,35.069000244140625,126,0.0,0.0
2024-10-18 15:15:00-04:00,35.0099983215332,35.0099983215332,35.00790023803711,35.00790023803711,655,0.0,0.0
2024-10-18 15:17:00-04:00,35.0099983215332,35.0099983215332,34.9900016784668,34.9900016784668,969,0.0,0.0
2024-10-18 15:19:00-04:00,34.9900016784668,34.9900016784668,34.9900016784668,34.9900016784668,961,0.0,0.0
2024-10-18 15:20:00-04:00,34.9900016784668,34.9900016784668,34.974998474121094,34.974998474121094,984,0.0,0.0
2024-10-18 15:21:00-04:00,34.97999954223633,34.97999954223633,34.97999954223633,34.97999954223633,562,0.0,0.0
2024-10-18 15:22:00-04:00,35.0098991394043,35.0099983215332,35.0098991394043,35.0099983215332,1746,0.0,0.0
2024-10-18 15:23:00-04:00,35.0,35.0,35.0,35.0,521,0.0,0.0
2024-10-18 15:24:00-04:00,35.040000915527344,35.040000915527344,35.0,35.0,455,0.0,0.0
2024-10-18 15:25:00-04:00,34.9900016784668,34.9900016784668,34.9900016784668,34.9900016784668,543,0.0,0.0
2024-10-18 15:27:00-04:00,35.0099983215332,35.0099983215332,35.0099983215332,35.0099983215332,120,0.0,0.0
2024-10-18 15:28:00-04:00,35.029998779296875,35.029998779296875,35.029998779296875,35.029998779296875,471,0.0,0.0
2024-10-18 15:29:00-04:00,35.0,35.0099983215332,34.9900016784668,35.0099983215332,1422,0.0,0.0
2024-10-18 15:30:00-04:00,34.9900016784668,35.0,34.9900016784668,35.0,1692,0.0,0.0
2024-10-18 15:32:00-04:00,34.98500061035156,34.98500061035156,34.970001220703125,34.970001220703125,2440,0.0,0.0
2024-10-18 15:33:00-04:00,34.98500061035156,34.98500061035156,34.98500061035156,34.98500061035156,643,0.0,0.0
2024-10-18 15:34:00-04:00,34.98500061035156,35.040000915527344,34.98500061035156,35.03499984741211,2020,0.0,0.0
2024-10-18 15:35:00-04:00,35.03499984741211,35.08000183105469,35.03499984741211,35.04999923706055,1755,0.0,0.0
2024-10-18 15:36:00-04:00,35.064998626708984,35.064998626708984,35.064998626708984,35.064998626708984,228,0.0,0.0
2024-10-18 15:37:00-04:00,35.08300018310547,35.08300018310547,35.08300018310547,35.08300018310547,420,0.0,0.0
2024-10-18 15:38:00-04:00,35.060001373291016,35.060001373291016,35.060001373291016,35.060001373291016,337,0.0,0.0
2024-10-18 15:39:00-04:00,35.064998626708984,35.06999969482422,35.04999923706055,35.04999923706055,1136,0.0,0.0
2024-10-18 15:40:00-04:00,35.04999923706055,35.04999923706055,35.040000915527344,35.040000915527344,923,0.0,0.0
2024-10-18 15:41:00-04:00,35.029998779296875,35.029998779296875,35.029998779296875,35.029998779296875,793,0.0,0.0
2024-10-18 15:42:00-04:00,35.04499816894531,35.06999969482422,35.04499816894531,35.06999969482422,1755,0.0,0.0
2024-10-18 15:43:00-04:00,35.09000015258789,35.099998474121094,35.09000015258789,35.095001220703125,1232,0.0,0.0
2024-10-18 15:44:00-04:00,35.119998931884766,35.130001068115234,35.119998931884766,35.130001068115234,520,0.0,0.0
2024-10-18 15:45:00-04:00,35.130001068115234,35.130001068115234,35.130001068115234,35.130001068115234,701,0.0,0.0
2024-10-18 15:46:00-04:00,35.1349983215332,35.1349983215332,35.1349983215332,35.1349983215332,677,0.0,0.0
2024-10-18 15:47:00-04:00,35.150001525878906,35.189998626708984,35.150001525878906,35.189998626708984,3838,0.0,0.0
2024-10-18 15:48:00-04:00,35.19499969482422,35.209999084472656,35.16999816894531,35.18000030517578,1849,0.0,0.0
2024-10-18 15:49:00-04:00,35.185001373291016,35.194698333740234,35.185001373291016,35.194698333740234,488,0.0,0.0
2024-10-18 15:50:00-04:00,35.20000076293945,35.209999084472656,35.18000030517578,35.19499969482422,8318,0.0,0.0
2024-10-18 15:51:00-04:00,35.19499969482422,35.19499969482422,35.150001525878906,35.150001525878906,4035,0.0,0.0
2024-10-18 15:52:00-04:00,35.09000015258789,35.09000015258789,35.044898986816406,35.055999755859375,5394,0.0,0.0
2024-10-18 15:53:00-04:00,35.060001373291016,35.08000183105469,35.060001373291016,35.060001373291016,3355,0.0,0.0
2024-10-18 15:54:00-04:00,35.040000915527344,35.060001373291016,35.040000915527344,35.060001373291016,2981,0.0,0.0
2024-10-18 15:55:00-04:00,35.06999969482422,35.08000183105469,35.040000915527344,35.08000183105469,6861,0.0,0.0
2024-10-18 15:56:00-04:00,35.11000061035156,35.11000061035156,35.060001373291016,35.06999969482422,3048,0.0,0.0
2024-10-18 15:57:00-04:00,35.061798095703125,35.08000183105469,35.060001373291016,35.08000183105469,7279,0.0,0.0
2024-10-18 15:58:00-04:00,35.06999969482422,35.11000061035156,35.05009841918945,35.11000061035156,8864,0.0,0.0
2024-10-18 15:59:00-04:00,35.099998474121094,35.13999938964844,35.09000015258789,35.099998474121094,13948,0.0,0.0
