Datetime,Open,High,Low,Close,Volume,Dividends,Stock Splits
2024-10-14 09:30:00-04:00,38.36000061035156,38.44499969482422,38.349998474121094,38.44499969482422,0,0.0,0.0
2024-10-14 09:32:00-04:00,38.400001525878906,38.47999954223633,38.400001525878906,38.47999954223633,454,0.0,0.0
2024-10-14 09:33:00-04:00,38.619998931884766,38.619998931884766,38.619998931884766,38.619998931884766,268,0.0,0.0
2024-10-14 09:34:00-04:00,38.48939895629883,38.48939895629883,38.48939895629883,38.48939895629883,180,0.0,0.0
2024-10-14 09:35:00-04:00,38.45000076293945,38.45000076293945,38.45000076293945,38.45000076293945,126,0.0,0.0
2024-10-14 09:36:00-04:00,38.40999984741211,38.40999984741211,38.279998779296875,38.279998779296875,1690,0.0,0.0
2024-10-14 09:38:00-04:00,38.41640090942383,38.46500015258789,38.41640090942383,38.46500015258789,380,0.0,0.0
2024-10-14 09:39:00-04:00,38.470001220703125,38.470001220703125,38.470001220703125,38.470001220703125,366,0.0,0.0
2024-10-14 09:41:00-04:00,38.470001220703125,38.470001220703125,38.470001220703125,38.470001220703125,292,0.0,0.0
2024-10-14 09:42:00-04:00,38.42499923706055,38.42499923706055,38.36000061035156,38.40999984741211,1872,0.0,0.0
2024-10-14 09:43:00-04:00,38.39500045776367,38.400001525878906,38.39500045776367,38.400001525878906,574,0.0,0.0
2024-10-14 09:44:00-04:00,38.459999084472656,38.459999084472656,38.459999084472656,38.459999084472656,129,0.0,0.0
2024-10-14 09:45:00-04:00,38.43000030517578,38.43000030517578,38.349998474121094,38.43000030517578,3696,0.0,0.0
2024-10-14 09:46:00-04:00,38.38130187988281,38.5099983215332,38.38130187988281,38.5099983215332,2235,0.0,0.0
2024-10-14 09:47:00-04:00,38.54999923706055,38.560001373291016,38.54999923706055,38.560001373291016,375,0.0,0.0
2024-10-14 09:48:00-04:00,38.64229965209961,38.66999816894531,38.64229965209961,38.66999816894531,370,0.0,0.0
2024-10-14 09:49:00-04:00,38.630001068115234,38.630001068115234,38.584999084472656,38.584999084472656,4029,0.0,0.0
2024-10-14 09:50:00-04:00,38.650001525878906,38.650001525878906,38.650001525878906,38.650001525878906,479,0.0,0.0
2024-10-14 09:52:00-04:00,38.529998779296875,38.58000183105469,38.529998779296875,38.58000183105469,1162,0.0,0.0
2024-10-14 09:53:00-04:00,38.59000015258789,38.59000015258789,38.59000015258789,38.59000015258789,150,0.0,0.0
2024-10-14 09:54:00-04:00,38.584999084472656,38.584999084472656,38.584999084472656,38.584999084472656,1814,0.0,0.0
2024-10-14 09:55:00-04:00,38.52000045776367,38.55500030517578,38.52000045776367,38.55500030517578,1165,0.0,0.0
2024-10-14 09:56:00-04:00,38.57979965209961,38.57979965209961,38.529998779296875,38.56999969482422,2706,0.0,0.0
2024-10-14 09:57:00-04:00,38.54999923706055,38.560001373291016,38.5099983215332,38.52000045776367,3708,0.0,0.0
2024-10-14 09:58:00-04:00,38.52000045776367,38.525001525878906,38.5,38.5099983215332,4474,0.0,0.0
2024-10-14 09:59:00-04:00,38.494998931884766,38.5,38.48500061035156,38.48500061035156,709,0.0,0.0
2024-10-14 10:00:00-04:00,38.529998779296875,38.529998779296875,38.4900016784668,38.4900016784668,20288,0.0,0.0
2024-10-14 10:01:00-04:00,38.459999084472656,38.459999084472656,38.435001373291016,38.435001373291016,617,0.0,0.0
2024-10-14 10:02:00-04:00,38.459999084472656,38.52000045776367,38.459999084472656,38.4900016784668,2147,0.0,0.0
2024-10-14 10:03:00-04:00,38.5099983215332,38.52000045776367,38.5099983215332,38.52000045776367,562,0.0,0.0
2024-10-14 10:04:00-04:00,38.540000915527344,38.540000915527344,38.470001220703125,38.470001220703125,1212,0.0,0.0
2024-10-14 10:05:00-04:00,38.494998931884766,38.5,38.494998931884766,38.5,537,0.0,0.0
2024-10-14 10:06:00-04:00,38.46500015258789,38.46500015258789,38.46500015258789,38.46500015258789,112,0.0,0.0
2024-10-14 10:07:00-04:00,38.470001220703125,38.470001220703125,38.470001220703125,38.470001220703125,340,0.0,0.0
2024-10-14 10:08:00-04:00,38.474998474121094,38.474998474121094,38.474998474121094,38.474998474121094,1835,0.0,0.0
2024-10-14 10:10:00-04:00,38.41999816894531,38.41999816894531,38.41999816894531,38.41999816894531,200,0.0,0.0
2024-10-14 10:11:00-04:00,38.439998626708984,38.459999084472656,38.41999816894531,38.459999084472656,7428,0.0,0.0
2024-10-14 10:12:00-04:00,38.45500183105469,38.645999908447266,38.45500183105469,38.645999908447266,2656,0.0,0.0
2024-10-14 10:13:00-04:00,38.63999938964844,38.63999938964844,38.63999938964844,38.63999938964844,608,0.0,0.0
2024-10-14 10:14:00-04:00,38.619998931884766,38.630001068115234,38.619998931884766,38.630001068115234,311,0.0,0.0
2024-10-14 10:15:00-04:00,38.619998931884766,38.619998931884766,38.61000061035156,38.61000061035156,297,0.0,0.0
2024-10-14 10:16:00-04:00,38.63999938964844,38.63999938964844,38.61000061035156,38.619998931884766,1483,0.0,0.0
2024-10-14 10:17:00-04:00,38.65999984741211,38.665000915527344,38.650001525878906,38.665000915527344,1330,0.0,0.0
2024-10-14 10:18:00-04:00,38.665000915527344,38.665000915527344,38.599998474121094,38.599998474121094,1380,0.0,0.0
2024-10-14 10:19:00-04:00,38.60499954223633,38.63999938964844,38.599998474121094,38.63999938964844,723,0.0,0.0
2024-10-14 10:20:00-04:00,38.63999938964844,38.63999938964844,38.63999938964844,38.63999938964844,119,0.0,0.0
2024-10-14 10:21:00-04:00,38.63999938964844,38.63999938964844,38.6150016784668,38.6150016784668,682,0.0,0.0
2024-10-14 10:22:00-04:00,38.56999969482422,38.57500076293945,38.560001373291016,38.560001373291016,653,0.0,0.0
2024-10-14 10:23:00-04:00,38.59000015258789,38.599998474121094,38.59000015258789,38.599998474121094,2334,0.0,0.0
2024-10-14 10:27:00-04:00,38.6150016784668,38.66999816894531,38.6150016784668,38.66999816894531,1091,0.0,0.0
2024-10-14 10:28:00-04:00,38.66999816894531,38.66999816894531,38.66999816894531,38.66999816894531,999,0.0,0.0
2024-10-14 10:29:00-04:00,38.650001525878906,38.67499923706055,38.650001525878906,38.67499923706055,507,0.0,0.0
2024-10-14 10:30:00-04:00,38.650001525878906,38.650001525878906,38.650001525878906,38.650001525878906,1098,0.0,0.0
2024-10-14 10:33:00-04:00,38.619998931884766,38.630001068115234,38.599998474121094,38.599998474121094,1095,0.0,0.0
2024-10-14 10:34:00-04:00,38.59000015258789,38.59000015258789,38.59000015258789,38.59000015258789,270,0.0,0.0
2024-10-14 10:35:00-04:00,38.59000015258789,38.59000015258789,38.59000015258789,38.59000015258789,606,0.0,0.0
2024-10-14 10:36:00-04:00,38.58000183105469,38.58000183105469,38.58000183105469,38.58000183105469,1154,0.0,0.0
2024-10-14 10:39:00-04:00,38.54999923706055,38.54999923706055,38.54999923706055,38.54999923706055,489,0.0,0.0
2024-10-14 10:40:00-04:00,38.560001373291016,38.560001373291016,38.5099983215332,38.5099983215332,1218,0.0,0.0
2024-10-14 10:41:00-04:00,38.505001068115234,38.505001068115234,38.47999954223633,38.47999954223633,1279,0.0,0.0
2024-10-14 10:42:00-04:00,38.4900016784668,38.4900016784668,38.4900016784668,38.4900016784668,660,0.0,0.0
2024-10-14 10:43:00-04:00,38.5,38.5,38.5,38.5,1036,0.0,0.0
2024-10-14 10:44:00-04:00,38.5099983215332,38.525001525878906,38.5099983215332,38.525001525878906,884,0.0,0.0
2024-10-14 10:45:00-04:00,38.52000045776367,38.52000045776367,38.52000045776367,38.52000045776367,349,0.0,0.0
2024-10-14 10:46:00-04:00,38.52000045776367,38.54999923706055,38.52000045776367,38.54999923706055,2475,0.0,0.0
2024-10-14 10:48:00-04:00,38.560001373291016,38.560001373291016,38.540000915527344,38.540000915527344,1103,0.0,0.0
2024-10-14 10:50:00-04:00,38.5,38.55500030517578,38.5,38.540000915527344,4778,0.0,0.0
2024-10-14 10:51:00-04:00,38.529998779296875,38.54999923706055,38.529998779296875,38.54999923706055,989,0.0,0.0
2024-10-14 10:52:00-04:00,38.58000183105469,38.58000183105469,38.58000183105469,38.58000183105469,531,0.0,0.0
2024-10-14 10:53:00-04:00,38.59000015258789,38.59000015258789,38.56999969482422,38.59000015258789,370,0.0,0.0
2024-10-14 10:54:00-04:00,38.59000015258789,38.599998474121094,38.54999923706055,38.54999923706055,2677,0.0,0.0
2024-10-14 10:55:00-04:00,38.52000045776367,38.52000045776367,38.52000045776367,38.52000045776367,352,0.0,0.0
2024-10-14 10:57:00-04:00,38.529998779296875,38.529998779296875,38.529998779296875,38.529998779296875,668,0.0,0.0
2024-10-14 10:58:00-04:00,38.525001525878906,38.525001525878906,38.525001525878906,38.525001525878906,259,0.0,0.0
2024-10-14 11:00:00-04:00,38.525001525878906,38.525001525878906,38.380001068115234,38.380001068115234,2615,0.0,0.0
2024-10-14 11:01:00-04:00,38.38999938964844,38.400001525878906,38.38999938964844,38.38999938964844,1840,0.0,0.0
2024-10-14 11:02:00-04:00,38.400001525878906,38.4900016784668,38.39500045776367,38.4900016784668,7673,0.0,0.0
2024-10-14 11:03:00-04:00,38.47999954223633,38.47999954223633,38.470001220703125,38.470001220703125,1283,0.0,0.0
2024-10-14 11:04:00-04:00,38.474998474121094,38.47999954223633,38.470001220703125,38.474998474121094,846,0.0,0.0
2024-10-14 11:05:00-04:00,38.474998474121094,38.474998474121094,38.474998474121094,38.474998474121094,750,0.0,0.0
2024-10-14 11:06:00-04:00,38.474998474121094,38.56999969482422,38.474998474121094,38.56999969482422,2340,0.0,0.0
2024-10-14 11:07:00-04:00,38.540000915527344,38.599998474121094,38.540000915527344,38.599998474121094,1240,0.0,0.0
2024-10-14 11:08:00-04:00,38.61000061035156,38.619998931884766,38.60499954223633,38.60499954223633,781,0.0,0.0
2024-10-14 11:09:00-04:00,38.599998474121094,38.6349983215332,38.599998474121094,38.625,5355,0.0,0.0
2024-10-14 11:10:00-04:00,38.619998931884766,38.619998931884766,38.619998931884766,38.619998931884766,1018,0.0,0.0
2024-10-14 11:11:00-04:00,38.599998474121094,38.60499954223633,38.595001220703125,38.60499954223633,2634,0.0,0.0
2024-10-14 11:12:00-04:00,38.59000015258789,38.59000015258789,38.58000183105469,38.584999084472656,1580,0.0,0.0
2024-10-14 11:13:00-04:00,38.560001373291016,38.560001373291016,38.540000915527344,38.540000915527344,822,0.0,0.0
2024-10-14 11:14:00-04:00,38.54999923706055,38.61000061035156,38.54999923706055,38.599998474121094,3419,0.0,0.0
2024-10-14 11:15:00-04:00,38.58000183105469,38.61000061035156,38.56999969482422,38.59000015258789,2915,0.0,0.0
2024-10-14 11:16:00-04:00,38.60459899902344,38.60459899902344,38.595001220703125,38.599998474121094,1025,0.0,0.0
2024-10-14 11:17:00-04:00,38.599998474121094,38.599998474121094,38.599998474121094,38.599998474121094,466,0.0,0.0
2024-10-14 11:18:00-04:00,38.58000183105469,38.58000183105469,38.58000183105469,38.58000183105469,979,0.0,0.0
2024-10-14 11:19:00-04:00,38.59000015258789,38.59000015258789,38.57500076293945,38.57500076293945,966,0.0,0.0
2024-10-14 11:20:00-04:00,38.57500076293945,38.57500076293945,38.57500076293945,38.57500076293945,135,0.0,0.0
2024-10-14 11:21:00-04:00,38.57500076293945,38.57500076293945,38.57500076293945,38.57500076293945,1568,0.0,0.0
2024-10-14 11:24:00-04:00,38.53499984741211,38.53499984741211,38.52000045776367,38.52000045776367,512,0.0,0.0
2024-10-14 11:25:00-04:00,38.52000045776367,38.52000045776367,38.494998931884766,38.494998931884766,1587,0.0,0.0
2024-10-14 11:26:00-04:00,38.5,38.5,38.5,38.5,637,0.0,0.0
2024-10-14 11:28:00-04:00,38.48500061035156,38.48500061035156,38.459999084472656,38.48500061035156,1294,0.0,0.0
2024-10-14 11:29:00-04:00,38.45000076293945,38.45000076293945,38.41999816894531,38.41999816894531,933,0.0,0.0
2024-10-14 11:30:00-04:00,38.400001525878906,38.400001525878906,38.400001525878906,38.400001525878906,724,0.0,0.0
2024-10-14 11:31:00-04:00,38.39500045776367,38.39500045776367,38.39500045776367,38.39500045776367,896,0.0,0.0
2024-10-14 11:32:00-04:00,38.400001525878906,38.41999816894531,38.400001525878906,38.415000915527344,1711,0.0,0.0
2024-10-14 11:33:00-04:00,38.415000915527344,38.45000076293945,38.415000915527344,38.45000076293945,2412,0.0,0.0
2024-10-14 11:34:00-04:00,38.40999984741211,38.45000076293945,38.40999984741211,38.45000076293945,2389,0.0,0.0
2024-10-14 11:35:00-04:00,38.44499969482422,38.44499969482422,38.44499969482422,38.44499969482422,369,0.0,0.0
2024-10-14 11:37:00-04:00,38.44499969482422,38.44499969482422,38.44499969482422,38.44499969482422,639,0.0,0.0
2024-10-14 11:38:00-04:00,38.41999816894531,38.41999816894531,38.41999816894531,38.41999816894531,686,0.0,0.0
2024-10-14 11:39:00-04:00,38.40999984741211,38.415000915527344,38.40999984741211,38.415000915527344,589,0.0,0.0
2024-10-14 11:40:00-04:00,38.39500045776367,38.39500045776367,38.39500045776367,38.39500045776367,580,0.0,0.0
2024-10-14 11:41:00-04:00,38.400001525878906,38.400001525878906,38.400001525878906,38.400001525878906,771,0.0,0.0
2024-10-14 11:42:00-04:00,38.400001525878906,38.400001525878906,38.38999938964844,38.38999938964844,1127,0.0,0.0
2024-10-14 11:43:00-04:00,38.375,38.375,38.37419891357422,38.375,1273,0.0,0.0
2024-10-14 11:44:00-04:00,38.369998931884766,38.369998931884766,38.369998931884766,38.369998931884766,108,0.0,0.0
2024-10-14 11:45:00-04:00,38.369998931884766,38.43000030517578,38.369998931884766,38.43000030517578,5380,0.0,0.0
2024-10-14 11:46:00-04:00,38.38869857788086,38.439998626708984,38.369998931884766,38.439998626708984,3202,0.0,0.0
2024-10-14 11:47:00-04:00,38.41999816894531,38.41999816894531,38.415000915527344,38.415000915527344,398,0.0,0.0
2024-10-14 11:48:00-04:00,38.415000915527344,38.415000915527344,38.415000915527344,38.415000915527344,787,0.0,0.0
2024-10-14 11:49:00-04:00,38.40010070800781,38.41419982910156,38.380001068115234,38.380001068115234,2977,0.0,0.0
2024-10-14 11:50:00-04:00,38.380001068115234,38.380001068115234,38.375,38.375,1318,0.0,0.0
2024-10-14 11:51:00-04:00,38.38999938964844,38.41999816894531,38.38999938964844,38.41999816894531,3365,0.0,0.0
2024-10-14 11:52:00-04:00,38.41999816894531,38.470001220703125,38.41999816894531,38.45249938964844,1642,0.0,0.0
2024-10-14 11:53:00-04:00,38.46500015258789,38.46500015258789,38.46500015258789,38.46500015258789,180,0.0,0.0
2024-10-14 11:54:00-04:00,38.46500015258789,38.46500015258789,38.46500015258789,38.46500015258789,165,0.0,0.0
2024-10-14 11:55:00-04:00,38.47999954223633,38.47999954223633,38.47999954223633,38.47999954223633,759,0.0,0.0
2024-10-14 11:57:00-04:00,38.459999084472656,38.47999954223633,38.459999084472656,38.47999954223633,3090,0.0,0.0
2024-10-14 11:58:00-04:00,38.47999954223633,38.47999954223633,38.47999954223633,38.47999954223633,742,0.0,0.0
2024-10-14 11:59:00-04:00,38.459999084472656,38.459999084472656,38.42020034790039,38.42020034790039,2134,0.0,0.0
2024-10-14 12:00:00-04:00,38.41999816894531,38.43000030517578,38.41999816894531,38.41999816894531,1838,0.0,0.0
2024-10-14 12:01:00-04:00,38.39500045776367,38.39500045776367,38.3849983215332,38.3849983215332,712,0.0,0.0
2024-10-14 12:03:00-04:00,38.36000061035156,38.38999938964844,38.36000061035156,38.38999938964844,4056,0.0,0.0
2024-10-14 12:04:00-04:00,38.375,38.375,38.375,38.375,1049,0.0,0.0
2024-10-14 12:05:00-04:00,38.400001525878906,38.40999984741211,38.38999938964844,38.40999984741211,3587,0.0,0.0
2024-10-14 12:07:00-04:00,38.39500045776367,38.39500045776367,38.39500045776367,38.39500045776367,305,0.0,0.0
2024-10-14 12:08:00-04:00,38.38999938964844,38.39500045776367,38.38999938964844,38.39500045776367,1107,0.0,0.0
2024-10-14 12:09:00-04:00,38.38999938964844,38.43000030517578,38.38999938964844,38.43000030517578,3921,0.0,0.0
2024-10-14 12:11:00-04:00,38.46500015258789,38.46500015258789,38.45000076293945,38.45000076293945,613,0.0,0.0
2024-10-14 12:12:00-04:00,38.459999084472656,38.459999084472656,38.459999084472656,38.459999084472656,401,0.0,0.0
2024-10-14 12:13:00-04:00,38.459999084472656,38.505001068115234,38.459999084472656,38.505001068115234,3721,0.0,0.0
2024-10-14 12:14:00-04:00,38.505001068115234,38.5099983215332,38.505001068115234,38.5099983215332,408,0.0,0.0
2024-10-14 12:15:00-04:00,38.505001068115234,38.5161018371582,38.4900016784668,38.4900016784668,1494,0.0,0.0
2024-10-14 12:16:00-04:00,38.48500061035156,38.48500061035156,38.48500061035156,38.48500061035156,761,0.0,0.0
2024-10-14 12:17:00-04:00,38.5,38.52000045776367,38.5,38.52000045776367,3191,0.0,0.0
2024-10-14 12:20:00-04:00,38.560001373291016,38.560001373291016,38.560001373291016,38.560001373291016,2238,0.0,0.0
2024-10-14 12:21:00-04:00,38.58000183105469,38.58000183105469,38.56999969482422,38.56999969482422,445,0.0,0.0
2024-10-14 12:22:00-04:00,38.56999969482422,38.56999969482422,38.560001373291016,38.560001373291016,1988,0.0,0.0
2024-10-14 12:23:00-04:00,38.56999969482422,38.56999969482422,38.56100082397461,38.56100082397461,1298,0.0,0.0
2024-10-14 12:24:00-04:00,38.56999969482422,38.56999969482422,38.56999969482422,38.56999969482422,711,0.0,0.0
2024-10-14 12:25:00-04:00,38.58000183105469,38.58000183105469,38.56999969482422,38.57500076293945,1541,0.0,0.0
2024-10-14 12:26:00-04:00,38.59000015258789,38.61000061035156,38.59000015258789,38.599998474121094,2297,0.0,0.0
2024-10-14 12:27:00-04:00,38.599998474121094,38.599998474121094,38.59000015258789,38.599998474121094,2325,0.0,0.0
2024-10-14 12:28:00-04:00,38.595001220703125,38.595001220703125,38.595001220703125,38.595001220703125,409,0.0,0.0
2024-10-14 12:29:00-04:00,38.595001220703125,38.599998474121094,38.595001220703125,38.599998474121094,377,0.0,0.0
2024-10-14 12:30:00-04:00,38.599998474121094,38.61000061035156,38.599998474121094,38.599998474121094,960,0.0,0.0
2024-10-14 12:31:00-04:00,38.595001220703125,38.64500045776367,38.595001220703125,38.64500045776367,2922,0.0,0.0
2024-10-14 12:32:00-04:00,38.63999938964844,38.650001525878906,38.599998474121094,38.599998474121094,6323,0.0,0.0
2024-10-14 12:33:00-04:00,38.60499954223633,38.61000061035156,38.60499954223633,38.61000061035156,411,0.0,0.0
2024-10-14 12:34:00-04:00,38.6150016784668,38.6150016784668,38.6150016784668,38.6150016784668,376,0.0,0.0
2024-10-14 12:35:00-04:00,38.63999938964844,38.70500183105469,38.63999938964844,38.70500183105469,1066,0.0,0.0
2024-10-14 12:37:00-04:00,38.71500015258789,38.71500015258789,38.71500015258789,38.71500015258789,512,0.0,0.0
2024-10-14 12:38:00-04:00,38.70000076293945,38.70000076293945,38.70000076293945,38.70000076293945,865,0.0,0.0
2024-10-14 12:39:00-04:00,38.689998626708984,38.689998626708984,38.68000030517578,38.68000030517578,1250,0.0,0.0
2024-10-14 12:41:00-04:00,38.66999816894531,38.66999816894531,38.66999816894531,38.66999816894531,116,0.0,0.0
2024-10-14 12:42:00-04:00,38.665000915527344,38.7400016784668,38.65999984741211,38.7400016784668,6075,0.0,0.0
2024-10-14 12:43:00-04:00,38.731998443603516,38.7400016784668,38.731998443603516,38.7400016784668,1421,0.0,0.0
2024-10-14 12:44:00-04:00,38.720001220703125,38.720001220703125,38.720001220703125,38.720001220703125,723,0.0,0.0
2024-10-14 12:45:00-04:00,38.720001220703125,38.720001220703125,38.720001220703125,38.720001220703125,420,0.0,0.0
2024-10-14 12:47:00-04:00,38.720001220703125,38.720001220703125,38.720001220703125,38.720001220703125,373,0.0,0.0
2024-10-14 12:48:00-04:00,38.720001220703125,38.720001220703125,38.67499923706055,38.67499923706055,1167,0.0,0.0
2024-10-14 12:49:00-04:00,38.66999816894531,38.720001220703125,38.66999816894531,38.720001220703125,639,0.0,0.0
2024-10-14 12:50:00-04:00,38.720001220703125,38.720001220703125,38.720001220703125,38.720001220703125,1998,0.0,0.0
2024-10-14 12:53:00-04:00,38.619998931884766,38.619998931884766,38.6150016784668,38.6150016784668,262,0.0,0.0
2024-10-14 12:54:00-04:00,38.630001068115234,38.630001068115234,38.6150016784668,38.6150016784668,462,0.0,0.0
2024-10-14 12:55:00-04:00,38.6150016784668,38.630001068115234,38.6150016784668,38.630001068115234,637,0.0,0.0
2024-10-14 12:56:00-04:00,38.599998474121094,38.61000061035156,38.560699462890625,38.560699462890625,4908,0.0,0.0
2024-10-14 12:59:00-04:00,38.54999923706055,38.54999923706055,38.54999923706055,38.54999923706055,328,0.0,0.0
2024-10-14 13:00:00-04:00,38.560001373291016,38.560001373291016,38.560001373291016,38.560001373291016,215,0.0,0.0
2024-10-14 13:01:00-04:00,38.56999969482422,38.63999938964844,38.56999969482422,38.63999938964844,3019,0.0,0.0
2024-10-14 13:02:00-04:00,38.630001068115234,38.630001068115234,38.630001068115234,38.630001068115234,343,0.0,0.0
2024-10-14 13:04:00-04:00,38.630001068115234,38.630001068115234,38.630001068115234,38.630001068115234,913,0.0,0.0
2024-10-14 13:05:00-04:00,38.6349983215332,38.6349983215332,38.6349983215332,38.6349983215332,207,0.0,0.0
2024-10-14 13:06:00-04:00,38.650001525878906,38.650001525878906,38.650001525878906,38.650001525878906,940,0.0,0.0
2024-10-14 13:07:00-04:00,38.66999816894531,38.66999816894531,38.66999816894531,38.66999816894531,1232,0.0,0.0
2024-10-14 13:09:00-04:00,38.65999984741211,38.68000030517578,38.65999984741211,38.68000030517578,429,0.0,0.0
2024-10-14 13:10:00-04:00,38.67499923706055,38.68000030517578,38.65999984741211,38.68000030517578,650,0.0,0.0
2024-10-14 13:11:00-04:00,38.689998626708984,38.70000076293945,38.68000030517578,38.692298889160156,1128,0.0,0.0
2024-10-14 13:12:00-04:00,38.689998626708984,38.689998626708984,38.65999984741211,38.65999984741211,2073,0.0,0.0
2024-10-14 13:14:00-04:00,38.68000030517578,38.689998626708984,38.68000030517578,38.689998626708984,1792,0.0,0.0
2024-10-14 13:16:00-04:00,38.66999816894531,38.66999816894531,38.66999816894531,38.66999816894531,337,0.0,0.0
2024-10-14 13:17:00-04:00,38.66999816894531,38.66999816894531,38.66999816894531,38.66999816894531,755,0.0,0.0
2024-10-14 13:18:00-04:00,38.68000030517578,38.68000030517578,38.66999816894531,38.66999816894531,520,0.0,0.0
2024-10-14 13:19:00-04:00,38.66999816894531,38.68000030517578,38.66999816894531,38.66999816894531,2158,0.0,0.0
2024-10-14 13:20:00-04:00,38.68000030517578,38.68000030517578,38.68000030517578,38.68000030517578,107,0.0,0.0
2024-10-14 13:21:00-04:00,38.68000030517578,38.68000030517578,38.65999984741211,38.65999984741211,1471,0.0,0.0
2024-10-14 13:22:00-04:00,38.61000061035156,38.630001068115234,38.61000061035156,38.630001068115234,896,0.0,0.0
2024-10-14 13:23:00-04:00,38.619998931884766,38.625,38.619998931884766,38.625,1027,0.0,0.0
2024-10-14 13:24:00-04:00,38.630001068115234,38.630001068115234,38.630001068115234,38.630001068115234,228,0.0,0.0
2024-10-14 13:25:00-04:00,38.630001068115234,38.630001068115234,38.630001068115234,38.630001068115234,657,0.0,0.0
2024-10-14 13:26:00-04:00,38.630001068115234,38.630001068115234,38.630001068115234,38.630001068115234,544,0.0,0.0
2024-10-14 13:27:00-04:00,38.63999938964844,38.70000076293945,38.63999938964844,38.69499969482422,3376,0.0,0.0
2024-10-14 13:28:00-04:00,38.69499969482422,38.69499969482422,38.65999984741211,38.65999984741211,1658,0.0,0.0
2024-10-14 13:30:00-04:00,38.630001068115234,38.630001068115234,38.581298828125,38.619998931884766,2519,0.0,0.0
2024-10-14 13:32:00-04:00,38.630001068115234,38.63999938964844,38.630001068115234,38.63999938964844,1814,0.0,0.0
2024-10-14 13:33:00-04:00,38.63999938964844,38.63999938964844,38.63999938964844,38.63999938964844,233,0.0,0.0
2024-10-14 13:34:00-04:00,38.630001068115234,38.630001068115234,38.61000061035156,38.630001068115234,1493,0.0,0.0
2024-10-14 13:35:00-04:00,38.619998931884766,38.625,38.619998931884766,38.625,2222,0.0,0.0
2024-10-14 13:36:00-04:00,38.61000061035156,38.6349983215332,38.61000061035156,38.6349983215332,963,0.0,0.0
2024-10-14 13:37:00-04:00,38.63999938964844,38.63999938964844,38.63999938964844,38.63999938964844,1239,0.0,0.0
2024-10-14 13:38:00-04:00,38.665000915527344,38.66999816894531,38.630001068115234,38.63999938964844,7201,0.0,0.0
2024-10-14 13:39:00-04:00,38.65999984741211,38.65999984741211,38.65999984741211,38.65999984741211,455,0.0,0.0
2024-10-14 13:41:00-04:00,38.58000183105469,38.599998474121094,38.58000183105469,38.59000015258789,1636,0.0,0.0
2024-10-14 13:43:00-04:00,38.6150016784668,38.630001068115234,38.61000061035156,38.61000061035156,2288,0.0,0.0
2024-10-14 13:45:00-04:00,38.564998626708984,38.564998626708984,38.564998626708984,38.564998626708984,561,0.0,0.0
2024-10-14 13:46:00-04:00,38.53499984741211,38.560001373291016,38.53499984741211,38.560001373291016,1682,0.0,0.0
2024-10-14 13:48:00-04:00,38.56999969482422,38.58000183105469,38.56999969482422,38.58000183105469,265,0.0,0.0
2024-10-14 13:49:00-04:00,38.560001373291016,38.56999969482422,38.560001373291016,38.56999969482422,451,0.0,0.0
2024-10-14 13:51:00-04:00,38.56999969482422,38.57080078125,38.56999969482422,38.57080078125,1280,0.0,0.0
2024-10-14 13:52:00-04:00,38.58000183105469,38.58000183105469,38.58000183105469,38.58000183105469,964,0.0,0.0
2024-10-14 13:53:00-04:00,38.59000015258789,38.59000015258789,38.59000015258789,38.59000015258789,405,0.0,0.0
2024-10-14 13:54:00-04:00,38.59000015258789,38.59000015258789,38.59000015258789,38.59000015258789,1614,0.0,0.0
2024-10-14 13:55:00-04:00,38.58000183105469,38.58000183105469,38.54999923706055,38.54999923706055,2477,0.0,0.0
2024-10-14 13:57:00-04:00,38.55039978027344,38.55039978027344,38.51499938964844,38.529998779296875,3214,0.0,0.0
2024-10-14 13:59:00-04:00,38.5099983215332,38.5099983215332,38.5,38.5099983215332,2533,0.0,0.0
2024-10-14 14:00:00-04:00,38.52000045776367,38.52000045776367,38.52000045776367,38.52000045776367,1408,0.0,0.0
2024-10-14 14:01:00-04:00,38.4900016784668,38.4900016784668,38.4900016784668,38.4900016784668,1346,0.0,0.0
2024-10-14 14:02:00-04:00,38.52000045776367,38.54999923706055,38.441898345947266,38.441898345947266,8791,0.0,0.0
2024-10-14 14:03:00-04:00,38.467899322509766,38.467899322509766,38.467899322509766,38.467899322509766,399,0.0,0.0
2024-10-14 14:04:00-04:00,38.4900016784668,38.5,38.4900016784668,38.5,798,0.0,0.0
2024-10-14 14:05:00-04:00,38.494998931884766,38.494998931884766,38.47999954223633,38.47999954223633,797,0.0,0.0
2024-10-14 14:06:00-04:00,38.5099983215332,38.52000045776367,38.4900016784668,38.4900016784668,8974,0.0,0.0
2024-10-14 14:07:00-04:00,38.4900016784668,38.4900016784668,38.4900016784668,38.4900016784668,310,0.0,0.0
2024-10-14 14:08:00-04:00,38.4900016784668,38.4900016784668,38.470001220703125,38.470001220703125,1181,0.0,0.0
2024-10-14 14:09:00-04:00,38.48500061035156,38.535301208496094,38.48500061035156,38.535301208496094,1429,0.0,0.0
2024-10-14 14:10:00-04:00,38.51499938964844,38.52000045776367,38.5099983215332,38.52000045776367,890,0.0,0.0
2024-10-14 14:11:00-04:00,38.4900016784668,38.4900016784668,38.4900016784668,38.4900016784668,139,0.0,0.0
2024-10-14 14:12:00-04:00,38.494998931884766,38.494998931884766,38.470001220703125,38.470001220703125,3185,0.0,0.0
2024-10-14 14:13:00-04:00,38.46500015258789,38.46500015258789,38.46500015258789,38.46500015258789,277,0.0,0.0
2024-10-14 14:14:00-04:00,38.470001220703125,38.470001220703125,38.470001220703125,38.470001220703125,230,0.0,0.0
2024-10-14 14:15:00-04:00,38.47999954223633,38.47999954223633,38.45500183105469,38.45500183105469,2818,0.0,0.0
2024-10-14 14:16:00-04:00,38.45500183105469,38.470001220703125,38.45500183105469,38.46189880371094,1021,0.0,0.0
2024-10-14 14:17:00-04:00,38.45000076293945,38.45000076293945,38.439998626708984,38.439998626708984,1048,0.0,0.0
2024-10-14 14:18:00-04:00,38.43000030517578,38.43000030517578,38.400001525878906,38.404998779296875,2100,0.0,0.0
2024-10-14 14:19:00-04:00,38.404998779296875,38.417999267578125,38.404998779296875,38.417999267578125,826,0.0,0.0
2024-10-14 14:20:00-04:00,38.40999984741211,38.43000030517578,38.40999984741211,38.43000030517578,1295,0.0,0.0
2024-10-14 14:21:00-04:00,38.43000030517578,38.439998626708984,38.42219924926758,38.42219924926758,739,0.0,0.0
2024-10-14 14:22:00-04:00,38.439998626708984,38.470001220703125,38.43000030517578,38.43000030517578,4148,0.0,0.0
2024-10-14 14:23:00-04:00,38.42399978637695,38.439998626708984,38.42399978637695,38.439998626708984,1253,0.0,0.0
2024-10-14 14:24:00-04:00,38.44499969482422,38.44499969482422,38.44499969482422,38.44499969482422,220,0.0,0.0
2024-10-14 14:25:00-04:00,38.45000076293945,38.459999084472656,38.45000076293945,38.459999084472656,1017,0.0,0.0
2024-10-14 14:26:00-04:00,38.5093994140625,38.5099983215332,38.5093994140625,38.5099983215332,397,0.0,0.0
2024-10-14 14:27:00-04:00,38.525001525878906,38.540000915527344,38.525001525878906,38.540000915527344,564,0.0,0.0
2024-10-14 14:28:00-04:00,38.540000915527344,38.540000915527344,38.525001525878906,38.540000915527344,862,0.0,0.0
2024-10-14 14:29:00-04:00,38.54999923706055,38.54999923706055,38.5359001159668,38.5359001159668,513,0.0,0.0
2024-10-14 14:30:00-04:00,38.52000045776367,38.529998779296875,38.5099983215332,38.5099983215332,822,0.0,0.0
2024-10-14 14:31:00-04:00,38.5099983215332,38.55099868774414,38.5005989074707,38.540000915527344,4655,0.0,0.0
2024-10-14 14:32:00-04:00,38.57500076293945,38.57500076293945,38.57500076293945,38.57500076293945,366,0.0,0.0
2024-10-14 14:33:00-04:00,38.560001373291016,38.560001373291016,38.560001373291016,38.560001373291016,694,0.0,0.0
2024-10-14 14:34:00-04:00,38.564998626708984,38.564998626708984,38.564998626708984,38.564998626708984,451,0.0,0.0
2024-10-14 14:35:00-04:00,38.564998626708984,38.56999969482422,38.564998626708984,38.56999969482422,474,0.0,0.0
2024-10-14 14:36:00-04:00,38.58000183105469,38.58000183105469,38.54999923706055,38.54999923706055,2197,0.0,0.0
2024-10-14 14:38:00-04:00,38.54999923706055,38.560001373291016,38.525001525878906,38.525001525878906,1528,0.0,0.0
2024-10-14 14:39:00-04:00,38.525001525878906,38.525001525878906,38.52000045776367,38.525001525878906,688,0.0,0.0
2024-10-14 14:40:00-04:00,38.53499984741211,38.53499984741211,38.52899932861328,38.53499984741211,1804,0.0,0.0
2024-10-14 14:41:00-04:00,38.53499984741211,38.560001373291016,38.53499984741211,38.54499816894531,659,0.0,0.0
2024-10-14 14:42:00-04:00,38.55500030517578,38.56999969482422,38.55500030517578,38.560001373291016,648,0.0,0.0
2024-10-14 14:43:00-04:00,38.56999969482422,38.56999969482422,38.529998779296875,38.529998779296875,499,0.0,0.0
2024-10-14 14:44:00-04:00,38.55500030517578,38.560001373291016,38.55500030517578,38.560001373291016,692,0.0,0.0
2024-10-14 14:45:00-04:00,38.56999969482422,38.56999969482422,38.56999969482422,38.56999969482422,515,0.0,0.0
2024-10-14 14:46:00-04:00,38.560001373291016,38.560001373291016,38.560001373291016,38.560001373291016,1018,0.0,0.0
2024-10-14 14:47:00-04:00,38.54999923706055,38.56999969482422,38.54999923706055,38.560001373291016,1526,0.0,0.0
2024-10-14 14:48:00-04:00,38.599998474121094,38.599998474121094,38.584999084472656,38.59000015258789,1188,0.0,0.0
2024-10-14 14:50:00-04:00,38.59000015258789,38.59000015258789,38.55500030517578,38.55500030517578,1984,0.0,0.0
2024-10-14 14:51:00-04:00,38.55500030517578,38.55500030517578,38.55400085449219,38.55500030517578,648,0.0,0.0
2024-10-14 14:52:00-04:00,38.560001373291016,38.56999969482422,38.560001373291016,38.56999969482422,3104,0.0,0.0
2024-10-14 14:53:00-04:00,38.564998626708984,38.595001220703125,38.564998626708984,38.595001220703125,2786,0.0,0.0
2024-10-14 14:54:00-04:00,38.60499954223633,38.60499954223633,38.60499954223633,38.60499954223633,1300,0.0,0.0
2024-10-14 14:55:00-04:00,38.59000015258789,38.60499954223633,38.58000183105469,38.60499954223633,3969,0.0,0.0
2024-10-14 14:56:00-04:00,38.61000061035156,38.630001068115234,38.599998474121094,38.630001068115234,812,0.0,0.0
2024-10-14 14:57:00-04:00,38.630001068115234,38.630001068115234,38.584999084472656,38.584999084472656,1843,0.0,0.0
2024-10-14 14:58:00-04:00,38.584999084472656,38.599998474121094,38.58000183105469,38.58000183105469,1474,0.0,0.0
2024-10-14 14:59:00-04:00,38.56999969482422,38.56999969482422,38.560001373291016,38.56999969482422,3218,0.0,0.0
2024-10-14 15:00:00-04:00,38.560001373291016,38.560001373291016,38.560001373291016,38.560001373291016,944,0.0,0.0
2024-10-14 15:01:00-04:00,38.560001373291016,38.56999969482422,38.54999923706055,38.56999969482422,2834,0.0,0.0
2024-10-14 15:02:00-04:00,38.58000183105469,38.59000015258789,38.58000183105469,38.59000015258789,2854,0.0,0.0
2024-10-14 15:03:00-04:00,38.59000015258789,38.59000015258789,38.58000183105469,38.58000183105469,381,0.0,0.0
2024-10-14 15:04:00-04:00,38.59000015258789,38.595001220703125,38.59000015258789,38.59000015258789,1087,0.0,0.0
2024-10-14 15:05:00-04:00,38.59000015258789,38.59000015258789,38.59000015258789,38.59000015258789,1220,0.0,0.0
2024-10-14 15:06:00-04:00,38.59000015258789,38.59000015258789,38.59000015258789,38.59000015258789,681,0.0,0.0
2024-10-14 15:07:00-04:00,38.59000015258789,38.59000015258789,38.59000015258789,38.59000015258789,1788,0.0,0.0
2024-10-14 15:08:00-04:00,38.58000183105469,38.59000015258789,38.5099983215332,38.5099983215332,13384,0.0,0.0
2024-10-14 15:09:00-04:00,38.540000915527344,38.54999923706055,38.540000915527344,38.540000915527344,1061,0.0,0.0
2024-10-14 15:10:00-04:00,38.540000915527344,38.54999923706055,38.529998779296875,38.54999923706055,2997,0.0,0.0
2024-10-14 15:11:00-04:00,38.54999923706055,38.54999923706055,38.540000915527344,38.540000915527344,2265,0.0,0.0
2024-10-14 15:12:00-04:00,38.54499816894531,38.560001373291016,38.540000915527344,38.54499816894531,6528,0.0,0.0
2024-10-14 15:13:00-04:00,38.540000915527344,38.564998626708984,38.540000915527344,38.564998626708984,992,0.0,0.0
2024-10-14 15:14:00-04:00,38.560001373291016,38.560001373291016,38.560001373291016,38.560001373291016,1545,0.0,0.0
2024-10-14 15:15:00-04:00,38.560001373291016,38.560001373291016,38.54999923706055,38.54999923706055,670,0.0,0.0
2024-10-14 15:16:00-04:00,38.560001373291016,38.560001373291016,38.560001373291016,38.560001373291016,642,0.0,0.0
2024-10-14 15:17:00-04:00,38.54999923706055,38.54999923706055,38.52000045776367,38.52000045776367,3260,0.0,0.0
2024-10-14 15:18:00-04:00,38.525001525878906,38.52750015258789,38.525001525878906,38.52750015258789,510,0.0,0.0
2024-10-14 15:19:00-04:00,38.540000915527344,38.54999923706055,38.540000915527344,38.54999923706055,2284,0.0,0.0
2024-10-14 15:20:00-04:00,38.540000915527344,38.54999923706055,38.47999954223633,38.47999954223633,3661,0.0,0.0
2024-10-14 15:21:00-04:00,38.525001525878906,38.525001525878906,38.5099983215332,38.52000045776367,1750,0.0,0.0
2024-10-14 15:22:00-04:00,38.525001525878906,38.529998779296875,38.5099983215332,38.52000045776367,3706,0.0,0.0
2024-10-14 15:23:00-04:00,38.5,38.52000045776367,38.5,38.52000045776367,2231,0.0,0.0
2024-10-14 15:24:00-04:00,38.529998779296875,38.529998779296875,38.52000045776367,38.52000045776367,741,0.0,0.0
2024-10-14 15:25:00-04:00,38.5099983215332,38.529998779296875,38.5099983215332,38.52000045776367,1984,0.0,0.0
2024-10-14 15:26:00-04:00,38.529998779296875,38.529998779296875,38.51190185546875,38.529998779296875,1273,0.0,0.0
2024-10-14 15:27:00-04:00,38.529998779296875,38.540000915527344,38.5099983215332,38.52000045776367,3861,0.0,0.0
2024-10-14 15:28:00-04:00,38.51499938964844,38.529998779296875,38.51499938964844,38.529998779296875,288,0.0,0.0
2024-10-14 15:29:00-04:00,38.5,38.505001068115234,38.4900016784668,38.4900016784668,1672,0.0,0.0
2024-10-14 15:30:00-04:00,38.5,38.5099983215332,38.494998931884766,38.5099983215332,1496,0.0,0.0
2024-10-14 15:31:00-04:00,38.5,38.560001373291016,38.5,38.54999923706055,4061,0.0,0.0
2024-10-14 15:32:00-04:00,38.54999923706055,38.54999923706055,38.529998779296875,38.540000915527344,3239,0.0,0.0
2024-10-14 15:33:00-04:00,38.564998626708984,38.564998626708984,38.560001373291016,38.560001373291016,1851,0.0,0.0
2024-10-14 15:34:00-04:00,38.560001373291016,38.564998626708984,38.560001373291016,38.560001373291016,1165,0.0,0.0
2024-10-14 15:35:00-04:00,38.560001373291016,38.560001373291016,38.52000045776367,38.52000045776367,2171,0.0,0.0
2024-10-14 15:36:00-04:00,38.525001525878906,38.525001525878906,38.52000045776367,38.52000045776367,1216,0.0,0.0
2024-10-14 15:37:00-04:00,38.5099983215332,38.54999923706055,38.5099983215332,38.54999923706055,2920,0.0,0.0
2024-10-14 15:38:00-04:00,38.540000915527344,38.560001373291016,38.540000915527344,38.55500030517578,1969,0.0,0.0
2024-10-14 15:39:00-04:00,38.54999923706055,38.54999923706055,38.540000915527344,38.540000915527344,2455,0.0,0.0
2024-10-14 15:40:00-04:00,38.540000915527344,38.54499816894531,38.540000915527344,38.54499816894531,568,0.0,0.0
2024-10-14 15:41:00-04:00,38.54999923706055,38.560001373291016,38.54999923706055,38.55500030517578,2385,0.0,0.0
2024-10-14 15:42:00-04:00,38.55500030517578,38.55500030517578,38.54999923706055,38.55500030517578,2139,0.0,0.0
2024-10-14 15:43:00-04:00,38.54999923706055,38.560001373291016,38.54999923706055,38.55500030517578,1619,0.0,0.0
2024-10-14 15:44:00-04:00,38.560001373291016,38.599998474121094,38.560001373291016,38.59000015258789,3299,0.0,0.0
2024-10-14 15:45:00-04:00,38.58000183105469,38.599998474121094,38.58000183105469,38.595001220703125,1729,0.0,0.0
2024-10-14 15:46:00-04:00,38.59000015258789,38.59000015258789,38.57500076293945,38.584999084472656,3659,0.0,0.0
2024-10-14 15:47:00-04:00,38.584999084472656,38.61000061035156,38.584999084472656,38.61000061035156,2879,0.0,0.0
2024-10-14 15:48:00-04:00,38.619998931884766,38.619998931884766,38.619998931884766,38.619998931884766,1067,0.0,0.0
2024-10-14 15:49:00-04:00,38.619998931884766,38.63999938964844,38.61000061035156,38.63999938964844,4026,0.0,0.0
2024-10-14 15:50:00-04:00,38.630001068115234,38.650001525878906,38.61000061035156,38.63999938964844,4966,0.0,0.0
2024-10-14 15:51:00-04:00,38.63999938964844,38.63999938964844,38.630001068115234,38.6349983215332,5591,0.0,0.0
2024-10-14 15:52:00-04:00,38.63999938964844,38.66999816894531,38.63999938964844,38.654998779296875,5640,0.0,0.0
2024-10-14 15:53:00-04:00,38.65999984741211,38.66999816894531,38.630001068115234,38.630001068115234,4383,0.0,0.0
2024-10-14 15:54:00-04:00,38.630001068115234,38.689998626708984,38.630001068115234,38.689998626708984,10755,0.0,0.0
2024-10-14 15:55:00-04:00,38.68000030517578,38.68000030517578,38.58000183105469,38.595001220703125,15340,0.0,0.0
2024-10-14 15:56:00-04:00,38.599998474121094,38.65999984741211,38.599998474121094,38.654998779296875,11593,0.0,0.0
2024-10-14 15:57:00-04:00,38.654998779296875,38.69499969482422,38.650001525878906,38.67499923706055,11718,0.0,0.0
2024-10-14 15:58:00-04:00,38.685001373291016,38.689998626708984,38.665000915527344,38.67499923706055,15489,0.0,0.0
2024-10-14 15:59:00-04:00,38.66999816894531,38.67499923706055,38.61000061035156,38.630001068115234,20060,0.0,0.0
2024-10-15 09:30:00-04:00,38.689998626708984,38.69499969482422,38.43000030517578,38.69499969482422,23214,0.0,0.0
2024-10-15 09:31:00-04:00,38.709999084472656,38.709999084472656,38.689998626708984,38.709999084472656,647,0.0,0.0
2024-10-15 09:33:00-04:00,38.77000045776367,38.79499816894531,38.720001220703125,38.720001220703125,1029,0.0,0.0
2024-10-15 09:41:00-04:00,38.72999954223633,38.72999954223633,38.685001373291016,38.685001373291016,1207,0.0,0.0
2024-10-15 09:44:00-04:00,38.65999984741211,38.720001220703125,38.65999984741211,38.720001220703125,1295,0.0,0.0
2024-10-15 09:45:00-04:00,38.7599983215332,38.779998779296875,38.7599983215332,38.779998779296875,693,0.0,0.0
2024-10-15 09:46:00-04:00,38.744998931884766,38.744998931884766,38.744998931884766,38.744998931884766,377,0.0,0.0
2024-10-15 09:48:00-04:00,38.790000915527344,38.83000183105469,38.790000915527344,38.83000183105469,1576,0.0,0.0
2024-10-15 09:51:00-04:00,38.90999984741211,38.90999984741211,38.90999984741211,38.90999984741211,995,0.0,0.0
2024-10-15 09:55:00-04:00,38.95500183105469,38.95500183105469,38.95500183105469,38.95500183105469,878,0.0,0.0
2024-10-15 09:56:00-04:00,38.83760070800781,38.880001068115234,38.83760070800781,38.880001068115234,2057,0.0,0.0
2024-10-15 09:57:00-04:00,38.810001373291016,38.810001373291016,38.7400016784668,38.7400016784668,2665,0.0,0.0
2024-10-15 09:58:00-04:00,38.76499938964844,38.76499938964844,38.7599983215332,38.7599983215332,888,0.0,0.0
2024-10-15 09:59:00-04:00,38.7400016784668,38.7400016784668,38.70500183105469,38.709999084472656,1538,0.0,0.0
2024-10-15 10:00:00-04:00,38.70109939575195,38.709999084472656,38.70109939575195,38.709999084472656,1687,0.0,0.0
2024-10-15 10:01:00-04:00,38.720001220703125,38.755001068115234,38.689998626708984,38.689998626708984,10320,0.0,0.0
2024-10-15 10:02:00-04:00,38.65999984741211,38.70000076293945,38.5099983215332,38.52000045776367,5757,0.0,0.0
2024-10-15 10:04:00-04:00,38.5099983215332,38.52000045776367,38.47999954223633,38.5099983215332,2569,0.0,0.0
2024-10-15 10:05:00-04:00,38.470001220703125,38.470001220703125,38.470001220703125,38.470001220703125,118,0.0,0.0
2024-10-15 10:06:00-04:00,38.470001220703125,38.470001220703125,38.38999938964844,38.435001373291016,2965,0.0,0.0
2024-10-15 10:07:00-04:00,38.38999938964844,38.38999938964844,38.38999938964844,38.38999938964844,517,0.0,0.0
2024-10-15 10:08:00-04:00,38.43000030517578,38.43000030517578,38.40999984741211,38.40999984741211,1069,0.0,0.0
2024-10-15 10:09:00-04:00,38.40999984741211,38.5099983215332,38.40999984741211,38.5099983215332,2299,0.0,0.0
2024-10-15 10:10:00-04:00,38.47999954223633,38.47999954223633,38.45000076293945,38.47999954223633,2012,0.0,0.0
2024-10-15 10:11:00-04:00,38.4900016784668,38.52000045776367,38.474998474121094,38.52000045776367,1455,0.0,0.0
2024-10-15 10:12:00-04:00,38.4900016784668,38.4900016784668,38.4900016784668,38.4900016784668,206,0.0,0.0
2024-10-15 10:13:00-04:00,38.52000045776367,38.52000045776367,38.470001220703125,38.48500061035156,1273,0.0,0.0
2024-10-15 10:14:00-04:00,38.48500061035156,38.50199890136719,38.45000076293945,38.45000076293945,2765,0.0,0.0
2024-10-15 10:15:00-04:00,38.439998626708984,38.459999084472656,38.439998626708984,38.45000076293945,1775,0.0,0.0
2024-10-15 10:16:00-04:00,38.459999084472656,38.560001373291016,38.45000076293945,38.54999923706055,20196,0.0,0.0
2024-10-15 10:17:00-04:00,38.540000915527344,38.540000915527344,38.5099983215332,38.5099983215332,832,0.0,0.0
2024-10-15 10:18:00-04:00,38.4900016784668,38.5,38.4900016784668,38.5,4581,0.0,0.0
2024-10-15 10:19:00-04:00,38.5,38.5,38.479000091552734,38.4900016784668,2287,0.0,0.0
2024-10-15 10:20:00-04:00,38.4900016784668,38.4900016784668,38.470001220703125,38.470001220703125,1022,0.0,0.0
2024-10-15 10:21:00-04:00,38.459999084472656,38.505001068115234,38.459999084472656,38.5,5461,0.0,0.0
2024-10-15 10:22:00-04:00,38.5,38.540000915527344,38.494998931884766,38.540000915527344,2288,0.0,0.0
2024-10-15 10:23:00-04:00,38.5099983215332,38.5099983215332,38.5099983215332,38.5099983215332,668,0.0,0.0
2024-10-15 10:24:00-04:00,38.4900016784668,38.4900016784668,38.4900016784668,38.4900016784668,714,0.0,0.0
2024-10-15 10:25:00-04:00,38.47999954223633,38.5,38.470001220703125,38.470001220703125,1985,0.0,0.0
2024-10-15 10:26:00-04:00,38.45000076293945,38.45000076293945,38.43000030517578,38.43000030517578,4477,0.0,0.0
2024-10-15 10:27:00-04:00,38.36000061035156,38.36000061035156,38.33000183105469,38.33000183105469,1132,0.0,0.0
2024-10-15 10:28:00-04:00,38.33000183105469,38.33000183105469,38.31999969482422,38.31999969482422,1302,0.0,0.0
2024-10-15 10:29:00-04:00,38.31999969482422,38.369998931884766,38.31999969482422,38.36000061035156,2878,0.0,0.0
2024-10-15 10:30:00-04:00,38.31999969482422,38.31999969482422,38.29999923706055,38.29999923706055,487,0.0,0.0
2024-10-15 10:31:00-04:00,38.2599983215332,38.310001373291016,38.2599983215332,38.29999923706055,3674,0.0,0.0
2024-10-15 10:32:00-04:00,38.27000045776367,38.32500076293945,38.27000045776367,38.30500030517578,3590,0.0,0.0
2024-10-15 10:33:00-04:00,38.310001373291016,38.31999969482422,38.29999923706055,38.29999923706055,4757,0.0,0.0
2024-10-15 10:34:00-04:00,38.310001373291016,38.310001373291016,38.209999084472656,38.22999954223633,2867,0.0,0.0
2024-10-15 10:35:00-04:00,38.22999954223633,38.25,38.22999954223633,38.25,767,0.0,0.0
2024-10-15 10:36:00-04:00,38.22999954223633,38.22999954223633,38.209999084472656,38.209999084472656,1303,0.0,0.0
2024-10-15 10:37:00-04:00,38.20000076293945,38.220001220703125,38.20000076293945,38.220001220703125,1354,0.0,0.0
2024-10-15 10:38:00-04:00,38.20000076293945,38.20000076293945,38.08000183105469,38.11249923706055,9550,0.0,0.0
2024-10-15 10:39:00-04:00,38.04999923706055,38.06999969482422,38.04999923706055,38.06999969482422,812,0.0,0.0
2024-10-15 10:40:00-04:00,38.11000061035156,38.119998931884766,38.099998474121094,38.099998474121094,2760,0.0,0.0
2024-10-15 10:41:00-04:00,38.09000015258789,38.09000015258789,38.06999969482422,38.09000015258789,2307,0.0,0.0
2024-10-15 10:42:00-04:00,38.06999969482422,38.06999969482422,38.06999969482422,38.06999969482422,557,0.0,0.0
2024-10-15 10:43:00-04:00,38.060001373291016,38.060001373291016,38.060001373291016,38.060001373291016,941,0.0,0.0
2024-10-15 10:44:00-04:00,38.04999923706055,38.04999923706055,38.02000045776367,38.029998779296875,1567,0.0,0.0
2024-10-15 10:45:00-04:00,38.02000045776367,38.02000045776367,37.959999084472656,37.959999084472656,1933,0.0,0.0
2024-10-15 10:46:00-04:00,37.97999954223633,37.98500061035156,37.959999084472656,37.98500061035156,2805,0.0,0.0
2024-10-15 10:47:00-04:00,38.0099983215332,38.0099983215332,38.0,38.0,1266,0.0,0.0
2024-10-15 10:48:00-04:00,38.0099983215332,38.025001525878906,37.9900016784668,38.025001525878906,1037,0.0,0.0
2024-10-15 10:49:00-04:00,38.040000915527344,38.05500030517578,38.040000915527344,38.05500030517578,1183,0.0,0.0
2024-10-15 10:50:00-04:00,38.07500076293945,38.07500076293945,38.040000915527344,38.040000915527344,17301,0.0,0.0
2024-10-15 10:51:00-04:00,38.01449966430664,38.01449966430664,38.01449966430664,38.01449966430664,1003,0.0,0.0
2024-10-15 10:52:00-04:00,38.025001525878906,38.03499984741211,38.02000045776367,38.02000045776367,1072,0.0,0.0
2024-10-15 10:53:00-04:00,38.03499984741211,38.03499984741211,38.03499984741211,38.03499984741211,637,0.0,0.0
2024-10-15 10:54:00-04:00,38.03499984741211,38.060001373291016,38.03499984741211,38.04999923706055,4843,0.0,0.0
2024-10-15 10:55:00-04:00,38.079498291015625,38.079498291015625,38.06999969482422,38.06999969482422,1395,0.0,0.0
2024-10-15 10:56:00-04:00,38.060001373291016,38.06999969482422,38.060001373291016,38.064998626708984,860,0.0,0.0
2024-10-15 10:57:00-04:00,38.09000015258789,38.09000015258789,38.0099983215332,38.025001525878906,1793,0.0,0.0
2024-10-15 10:58:00-04:00,38.01499938964844,38.040000915527344,38.0,38.002498626708984,4675,0.0,0.0
2024-10-15 10:59:00-04:00,38.002498626708984,38.01499938964844,38.0,38.01499938964844,6600,0.0,0.0
2024-10-15 11:00:00-04:00,38.060001373291016,38.060001373291016,38.029998779296875,38.029998779296875,608,0.0,0.0
2024-10-15 11:01:00-04:00,38.04999923706055,38.060001373291016,38.04999923706055,38.060001373291016,5894,0.0,0.0
2024-10-15 11:02:00-04:00,38.064998626708984,38.14500045776367,38.060001373291016,38.119998931884766,6079,0.0,0.0
2024-10-15 11:03:00-04:00,38.11000061035156,38.11000061035156,38.099998474121094,38.099998474121094,1336,0.0,0.0
2024-10-15 11:04:00-04:00,38.10499954223633,38.10499954223633,38.09000015258789,38.09000015258789,849,0.0,0.0
2024-10-15 11:05:00-04:00,38.08000183105469,38.09000015258789,38.06999969482422,38.06999969482422,1601,0.0,0.0
2024-10-15 11:06:00-04:00,38.060001373291016,38.06999969482422,38.02000045776367,38.060001373291016,5379,0.0,0.0
2024-10-15 11:07:00-04:00,38.099998474121094,38.119998931884766,38.099998474121094,38.119998931884766,1065,0.0,0.0
2024-10-15 11:08:00-04:00,38.14500045776367,38.14500045776367,38.119998931884766,38.119998931884766,1291,0.0,0.0
2024-10-15 11:10:00-04:00,38.099998474121094,38.11000061035156,38.064998626708984,38.064998626708984,1168,0.0,0.0
2024-10-15 11:11:00-04:00,38.06999969482422,38.08000183105469,38.04999923706055,38.067501068115234,5300,0.0,0.0
2024-10-15 11:12:00-04:00,38.11000061035156,38.131900787353516,38.11000061035156,38.131900787353516,1009,0.0,0.0
2024-10-15 11:14:00-04:00,38.119998931884766,38.119998931884766,38.11000061035156,38.1150016784668,1148,0.0,0.0
2024-10-15 11:15:00-04:00,38.099998474121094,38.11000061035156,38.099998474121094,38.11000061035156,488,0.0,0.0
2024-10-15 11:16:00-04:00,38.099998474121094,38.130001068115234,38.099998474121094,38.11000061035156,2452,0.0,0.0
2024-10-15 11:17:00-04:00,38.1150016784668,38.119998931884766,38.08000183105469,38.099998474121094,4657,0.0,0.0
2024-10-15 11:18:00-04:00,38.06999969482422,38.06999969482422,38.06999969482422,38.06999969482422,616,0.0,0.0
2024-10-15 11:19:00-04:00,38.064998626708984,38.064998626708984,38.02000045776367,38.03499984741211,1554,0.0,0.0
2024-10-15 11:20:00-04:00,38.02000045776367,38.04999923706055,38.02000045776367,38.04999923706055,1345,0.0,0.0
2024-10-15 11:21:00-04:00,38.095001220703125,38.095001220703125,38.06999969482422,38.06999969482422,1719,0.0,0.0
2024-10-15 11:22:00-04:00,38.08000183105469,38.09000015258789,38.08000183105469,38.09000015258789,623,0.0,0.0
2024-10-15 11:23:00-04:00,38.11000061035156,38.11000061035156,38.099998474121094,38.099998474121094,1192,0.0,0.0
2024-10-15 11:24:00-04:00,38.06999969482422,38.06999969482422,38.06999969482422,38.06999969482422,233,0.0,0.0
2024-10-15 11:25:00-04:00,38.099998474121094,38.12459945678711,38.099998474121094,38.12459945678711,2223,0.0,0.0
2024-10-15 11:26:00-04:00,38.10499954223633,38.10499954223633,38.09000015258789,38.09000015258789,1090,0.0,0.0
2024-10-15 11:27:00-04:00,38.099998474121094,38.099998474121094,38.099998474121094,38.099998474121094,336,0.0,0.0
2024-10-15 11:28:00-04:00,38.09000015258789,38.119998931884766,38.09000015258789,38.119998931884766,1309,0.0,0.0
2024-10-15 11:29:00-04:00,38.119998931884766,38.119998931884766,38.119998931884766,38.119998931884766,911,0.0,0.0
2024-10-15 11:30:00-04:00,38.13949966430664,38.13949966430664,38.119998931884766,38.130001068115234,796,0.0,0.0
2024-10-15 11:31:00-04:00,38.150001525878906,38.150001525878906,38.119998931884766,38.119998931884766,2149,0.0,0.0
2024-10-15 11:32:00-04:00,38.11000061035156,38.150001525878906,38.11000061035156,38.150001525878906,3432,0.0,0.0
2024-10-15 11:33:00-04:00,38.15999984741211,38.18000030517578,38.150001525878906,38.15999984741211,3569,0.0,0.0
2024-10-15 11:34:00-04:00,38.16999816894531,38.18000030517578,38.15999984741211,38.15999984741211,2618,0.0,0.0
2024-10-15 11:36:00-04:00,38.18000030517578,38.185001373291016,38.18000030517578,38.185001373291016,428,0.0,0.0
2024-10-15 11:37:00-04:00,38.16999816894531,38.17900085449219,38.16999816894531,38.16999816894531,567,0.0,0.0
2024-10-15 11:38:00-04:00,38.15999984741211,38.15999984741211,38.15999984741211,38.15999984741211,1096,0.0,0.0
2024-10-15 11:39:00-04:00,38.15999984741211,38.165000915527344,38.150001525878906,38.150001525878906,820,0.0,0.0
2024-10-15 11:40:00-04:00,38.150001525878906,38.18000030517578,38.150001525878906,38.165000915527344,1083,0.0,0.0
2024-10-15 11:41:00-04:00,38.16999816894531,38.16999816894531,38.150001525878906,38.150001525878906,3296,0.0,0.0
2024-10-15 11:42:00-04:00,38.165000915527344,38.18000030517578,38.165000915527344,38.18000030517578,5230,0.0,0.0
2024-10-15 11:43:00-04:00,38.15999984741211,38.15999984741211,38.15999984741211,38.15999984741211,1497,0.0,0.0
2024-10-15 11:44:00-04:00,38.130001068115234,38.17499923706055,38.130001068115234,38.17499923706055,2098,0.0,0.0
2024-10-15 11:45:00-04:00,38.1713981628418,38.1713981628418,38.1349983215332,38.1349983215332,963,0.0,0.0
2024-10-15 11:46:00-04:00,38.06999969482422,38.07500076293945,38.06999969482422,38.07500076293945,1613,0.0,0.0
2024-10-15 11:48:00-04:00,38.04499816894531,38.04499816894531,38.04499816894531,38.04499816894531,132,0.0,0.0
2024-10-15 11:49:00-04:00,38.029998779296875,38.029998779296875,38.029998779296875,38.029998779296875,2109,0.0,0.0
2024-10-15 11:50:00-04:00,38.04999923706055,38.04999923706055,38.04999923706055,38.04999923706055,758,0.0,0.0
2024-10-15 11:52:00-04:00,38.029998779296875,38.04499816894531,38.029998779296875,38.040000915527344,1895,0.0,0.0
2024-10-15 11:53:00-04:00,38.040000915527344,38.04999923706055,38.040000915527344,38.04999923706055,1671,0.0,0.0
2024-10-15 11:54:00-04:00,38.06999969482422,38.07500076293945,38.060001373291016,38.060001373291016,1272,0.0,0.0
2024-10-15 11:55:00-04:00,38.040000915527344,38.040000915527344,38.040000915527344,38.040000915527344,982,0.0,0.0
2024-10-15 11:56:00-04:00,38.04499816894531,38.04999923706055,38.040000915527344,38.04999923706055,884,0.0,0.0
2024-10-15 11:57:00-04:00,38.04999923706055,38.04999923706055,38.04999923706055,38.04999923706055,390,0.0,0.0
2024-10-15 11:58:00-04:00,38.04999923706055,38.06999969482422,38.04999923706055,38.05500030517578,1085,0.0,0.0
2024-10-15 11:59:00-04:00,38.08000183105469,38.08000183105469,38.08000183105469,38.08000183105469,850,0.0,0.0
2024-10-15 12:00:00-04:00,38.06999969482422,38.06999969482422,38.060001373291016,38.060001373291016,731,0.0,0.0
2024-10-15 12:01:00-04:00,38.08000183105469,38.11000061035156,38.08000183105469,38.11000061035156,997,0.0,0.0
2024-10-15 12:02:00-04:00,38.099998474121094,38.15999984741211,38.09080123901367,38.15999984741211,1544,0.0,0.0
2024-10-15 12:03:00-04:00,38.20000076293945,38.20000076293945,38.20000076293945,38.20000076293945,504,0.0,0.0
2024-10-15 12:04:00-04:00,38.21500015258789,38.21500015258789,38.18000030517578,38.18000030517578,2765,0.0,0.0
2024-10-15 12:05:00-04:00,38.189998626708984,38.189998626708984,38.13999938964844,38.165000915527344,4455,0.0,0.0
2024-10-15 12:06:00-04:00,38.154998779296875,38.154998779296875,38.119998931884766,38.119998931884766,2617,0.0,0.0
2024-10-15 12:07:00-04:00,38.13999938964844,38.18000030517578,38.13999938964844,38.18000030517578,1492,0.0,0.0
2024-10-15 12:08:00-04:00,38.2400016784668,38.2400016784668,38.189998626708984,38.189998626708984,5325,0.0,0.0
2024-10-15 12:10:00-04:00,38.185001373291016,38.185001373291016,38.185001373291016,38.185001373291016,362,0.0,0.0
2024-10-15 12:11:00-04:00,38.185001373291016,38.185001373291016,38.16999816894531,38.16999816894531,525,0.0,0.0
2024-10-15 12:12:00-04:00,38.189998626708984,38.20000076293945,38.189998626708984,38.20000076293945,1290,0.0,0.0
2024-10-15 12:13:00-04:00,38.209999084472656,38.209999084472656,38.189998626708984,38.19499969482422,2913,0.0,0.0
2024-10-15 12:14:00-04:00,38.220001220703125,38.2400016784668,38.220001220703125,38.2400016784668,3570,0.0,0.0
2024-10-15 12:15:00-04:00,38.22999954223633,38.2400016784668,38.220001220703125,38.22999954223633,1385,0.0,0.0
2024-10-15 12:16:00-04:00,38.22999954223633,38.22999954223633,38.22999954223633,38.22999954223633,679,0.0,0.0
2024-10-15 12:17:00-04:00,38.22999954223633,38.22999954223633,38.220001220703125,38.220001220703125,1057,0.0,0.0
2024-10-15 12:18:00-04:00,38.209999084472656,38.21500015258789,38.209999084472656,38.21500015258789,494,0.0,0.0
2024-10-15 12:19:00-04:00,38.22999954223633,38.2400016784668,38.220001220703125,38.22999954223633,3369,0.0,0.0
2024-10-15 12:20:00-04:00,38.22999954223633,38.23500061035156,38.22999954223633,38.23500061035156,398,0.0,0.0
2024-10-15 12:21:00-04:00,38.220001220703125,38.220001220703125,38.220001220703125,38.220001220703125,913,0.0,0.0
2024-10-15 12:22:00-04:00,38.220001220703125,38.220001220703125,38.20000076293945,38.209999084472656,1726,0.0,0.0
2024-10-15 12:23:00-04:00,38.20000076293945,38.20000076293945,38.16999816894531,38.16999816894531,3497,0.0,0.0
2024-10-15 12:26:00-04:00,38.150001525878906,38.150001525878906,38.150001525878906,38.150001525878906,214,0.0,0.0
2024-10-15 12:27:00-04:00,38.16999816894531,38.189998626708984,38.16999816894531,38.189998626708984,2389,0.0,0.0
2024-10-15 12:28:00-04:00,38.20500183105469,38.20500183105469,38.20500183105469,38.20500183105469,293,0.0,0.0
2024-10-15 12:29:00-04:00,38.209999084472656,38.209999084472656,38.18000030517578,38.18000030517578,1778,0.0,0.0
2024-10-15 12:31:00-04:00,38.18000030517578,38.185001373291016,38.15999984741211,38.185001373291016,2138,0.0,0.0
2024-10-15 12:32:00-04:00,38.20000076293945,38.22999954223633,38.20000076293945,38.209999084472656,2081,0.0,0.0
2024-10-15 12:34:00-04:00,38.21500015258789,38.21500015258789,38.21500015258789,38.21500015258789,1163,0.0,0.0
2024-10-15 12:35:00-04:00,38.22999954223633,38.2400016784668,38.22999954223633,38.2400016784668,524,0.0,0.0
2024-10-15 12:36:00-04:00,38.244998931884766,38.244998931884766,38.22999954223633,38.22999954223633,1435,0.0,0.0
2024-10-15 12:37:00-04:00,38.2400016784668,38.2400016784668,38.2400016784668,38.2400016784668,1179,0.0,0.0
2024-10-15 12:38:00-04:00,38.209999084472656,38.2140007019043,38.185001373291016,38.185001373291016,3160,0.0,0.0
2024-10-15 12:39:00-04:00,38.20000076293945,38.20000076293945,38.20000076293945,38.20000076293945,1136,0.0,0.0
2024-10-15 12:40:00-04:00,38.189998626708984,38.22999954223633,38.189998626708984,38.22999954223633,1039,0.0,0.0
2024-10-15 12:41:00-04:00,38.2400016784668,38.255001068115234,38.2400016784668,38.25,1147,0.0,0.0
2024-10-15 12:42:00-04:00,38.2599983215332,38.2599983215332,38.2400016784668,38.2599983215332,2012,0.0,0.0
2024-10-15 12:43:00-04:00,38.31999969482422,38.31999969482422,38.2400016784668,38.2599983215332,3977,0.0,0.0
2024-10-15 12:44:00-04:00,38.279998779296875,38.31999969482422,38.279998779296875,38.290000915527344,1869,0.0,0.0
2024-10-15 12:45:00-04:00,38.290000915527344,38.290000915527344,38.290000915527344,38.290000915527344,477,0.0,0.0
2024-10-15 12:46:00-04:00,38.25,38.25,38.25,38.25,542,0.0,0.0
2024-10-15 12:47:00-04:00,38.25,38.29359817504883,38.25,38.29359817504883,557,0.0,0.0
2024-10-15 12:48:00-04:00,38.275001525878906,38.275001525878906,38.275001525878906,38.275001525878906,527,0.0,0.0
2024-10-15 12:50:00-04:00,38.25,38.255001068115234,38.22999954223633,38.244998931884766,3127,0.0,0.0
2024-10-15 12:51:00-04:00,38.244998931884766,38.255001068115234,38.22999954223633,38.22999954223633,1031,0.0,0.0
2024-10-15 12:52:00-04:00,38.209999084472656,38.209999084472656,38.20500183105469,38.20500183105469,1070,0.0,0.0
2024-10-15 12:53:00-04:00,38.189998626708984,38.25,38.18000030517578,38.22999954223633,8772,0.0,0.0
2024-10-15 12:54:00-04:00,38.209999084472656,38.209999084472656,38.20000076293945,38.20000076293945,876,0.0,0.0
2024-10-15 12:55:00-04:00,38.22999954223633,38.22999954223633,38.22999954223633,38.22999954223633,211,0.0,0.0
2024-10-15 12:57:00-04:00,38.20000076293945,38.20000076293945,38.189998626708984,38.189998626708984,1921,0.0,0.0
2024-10-15 12:58:00-04:00,38.18000030517578,38.18000030517578,38.18000030517578,38.18000030517578,328,0.0,0.0
2024-10-15 12:59:00-04:00,38.189998626708984,38.189998626708984,38.18000030517578,38.18000030517578,895,0.0,0.0
2024-10-15 13:00:00-04:00,38.16999816894531,38.16999816894531,38.16999816894531,38.16999816894531,132,0.0,0.0
2024-10-15 13:01:00-04:00,38.189998626708984,38.220001220703125,38.189998626708984,38.220001220703125,2584,0.0,0.0
2024-10-15 13:02:00-04:00,38.220001220703125,38.220001220703125,38.220001220703125,38.220001220703125,537,0.0,0.0
2024-10-15 13:03:00-04:00,38.25,38.25,38.25,38.25,394,0.0,0.0
2024-10-15 13:04:00-04:00,38.220001220703125,38.2400016784668,38.189998626708984,38.20000076293945,8389,0.0,0.0
2024-10-15 13:05:00-04:00,38.20500183105469,38.25,38.20500183105469,38.25,1388,0.0,0.0
2024-10-15 13:08:00-04:00,38.20000076293945,38.20000076293945,38.20000076293945,38.20000076293945,543,0.0,0.0
2024-10-15 13:09:00-04:00,38.189998626708984,38.209999084472656,38.189998626708984,38.209999084472656,464,0.0,0.0
2024-10-15 13:10:00-04:00,38.209999084472656,38.209999084472656,38.15999984741211,38.16999816894531,2147,0.0,0.0
2024-10-15 13:11:00-04:00,38.185001373291016,38.185001373291016,38.185001373291016,38.185001373291016,514,0.0,0.0
2024-10-15 13:12:00-04:00,38.15999984741211,38.15999984741211,38.15999984741211,38.15999984741211,253,0.0,0.0
2024-10-15 13:13:00-04:00,38.18000030517578,38.189998626708984,38.18000030517578,38.189998626708984,1915,0.0,0.0
2024-10-15 13:14:00-04:00,38.19499969482422,38.19499969482422,38.150001525878906,38.16999816894531,11070,0.0,0.0
2024-10-15 13:15:00-04:00,38.165000915527344,38.220001220703125,38.165000915527344,38.220001220703125,853,0.0,0.0
2024-10-15 13:16:00-04:00,38.189998626708984,38.189998626708984,38.189998626708984,38.189998626708984,890,0.0,0.0
2024-10-15 13:17:00-04:00,38.16999816894531,38.185001373291016,38.16999816894531,38.185001373291016,599,0.0,0.0
2024-10-15 13:18:00-04:00,38.15999984741211,38.15999984741211,38.15999984741211,38.15999984741211,642,0.0,0.0
2024-10-15 13:19:00-04:00,38.16999816894531,38.18000030517578,38.16999816894531,38.18000030517578,1012,0.0,0.0
2024-10-15 13:20:00-04:00,38.18000030517578,38.18000030517578,38.15999984741211,38.15999984741211,696,0.0,0.0
2024-10-15 13:21:00-04:00,38.16999816894531,38.16999816894531,38.16999816894531,38.16999816894531,378,0.0,0.0
2024-10-15 13:22:00-04:00,38.16999816894531,38.16999816894531,38.150001525878906,38.150001525878906,3544,0.0,0.0
2024-10-15 13:23:00-04:00,38.13999938964844,38.13999938964844,38.130001068115234,38.130001068115234,871,0.0,0.0
2024-10-15 13:24:00-04:00,38.11000061035156,38.11000061035156,38.11000061035156,38.11000061035156,426,0.0,0.0
2024-10-15 13:25:00-04:00,38.125,38.13999938964844,38.125,38.1349983215332,1201,0.0,0.0
2024-10-15 13:26:00-04:00,38.1349983215332,38.150001525878906,38.119998931884766,38.119998931884766,15459,0.0,0.0
2024-10-15 13:27:00-04:00,38.125,38.125,38.125,38.125,882,0.0,0.0
2024-10-15 13:29:00-04:00,38.11000061035156,38.11000061035156,38.11000061035156,38.11000061035156,329,0.0,0.0
2024-10-15 13:30:00-04:00,38.119998931884766,38.119998931884766,38.09000015258789,38.10499954223633,8394,0.0,0.0
2024-10-15 13:31:00-04:00,38.10499954223633,38.13999938964844,38.10499954223633,38.1349983215332,2839,0.0,0.0
2024-10-15 13:32:00-04:00,38.150001525878906,38.165000915527344,38.150001525878906,38.165000915527344,1367,0.0,0.0
2024-10-15 13:34:00-04:00,38.150001525878906,38.150001525878906,38.11000061035156,38.150001525878906,4190,0.0,0.0
2024-10-15 13:35:00-04:00,38.15999984741211,38.16999816894531,38.13999938964844,38.16999816894531,1633,0.0,0.0
2024-10-15 13:37:00-04:00,38.165000915527344,38.18000030517578,38.165000915527344,38.18000030517578,915,0.0,0.0
2024-10-15 13:38:00-04:00,38.185001373291016,38.185001373291016,38.185001373291016,38.185001373291016,185,0.0,0.0
2024-10-15 13:39:00-04:00,38.189998626708984,38.209999084472656,38.18000030517578,38.18000030517578,2491,0.0,0.0
2024-10-15 13:41:00-04:00,38.19499969482422,38.20000076293945,38.19499969482422,38.20000076293945,219,0.0,0.0
2024-10-15 13:42:00-04:00,38.20500183105469,38.20500183105469,38.20500183105469,38.20500183105469,384,0.0,0.0
2024-10-15 13:43:00-04:00,38.20500183105469,38.220001220703125,38.20500183105469,38.220001220703125,779,0.0,0.0
2024-10-15 13:44:00-04:00,38.2400016784668,38.2400016784668,38.22999954223633,38.2400016784668,2168,0.0,0.0
2024-10-15 13:47:00-04:00,38.220001220703125,38.220001220703125,38.220001220703125,38.220001220703125,730,0.0,0.0
2024-10-15 13:48:00-04:00,38.21500015258789,38.21500015258789,38.21500015258789,38.21500015258789,360,0.0,0.0
2024-10-15 13:49:00-04:00,38.21500015258789,38.21500015258789,38.21500015258789,38.21500015258789,395,0.0,0.0
2024-10-15 13:50:00-04:00,38.20000076293945,38.20000076293945,38.20000076293945,38.20000076293945,285,0.0,0.0
2024-10-15 13:51:00-04:00,38.20000076293945,38.22999954223633,38.20000076293945,38.22999954223633,2445,0.0,0.0
2024-10-15 13:52:00-04:00,38.2400016784668,38.2400016784668,38.2400016784668,38.2400016784668,702,0.0,0.0
2024-10-15 13:53:00-04:00,38.25,38.25,38.25,38.25,266,0.0,0.0
2024-10-15 13:54:00-04:00,38.25,38.27000045776367,38.25,38.27000045776367,584,0.0,0.0
2024-10-15 13:55:00-04:00,38.25,38.255001068115234,38.25,38.255001068115234,430,0.0,0.0
2024-10-15 13:56:00-04:00,38.269901275634766,38.269901275634766,38.269901275634766,38.269901275634766,781,0.0,0.0
2024-10-15 13:57:00-04:00,38.25,38.25,38.244998931884766,38.244998931884766,380,0.0,0.0
2024-10-15 13:58:00-04:00,38.244998931884766,38.2599983215332,38.244998931884766,38.255001068115234,1521,0.0,0.0
2024-10-15 13:59:00-04:00,38.2400016784668,38.2400016784668,38.2400016784668,38.2400016784668,898,0.0,0.0
2024-10-15 14:00:00-04:00,38.2400016784668,38.2400016784668,38.2400016784668,38.2400016784668,366,0.0,0.0
2024-10-15 14:01:00-04:00,38.2400016784668,38.2400016784668,38.209999084472656,38.209999084472656,3632,0.0,0.0
2024-10-15 14:02:00-04:00,38.21500015258789,38.21500015258789,38.189998626708984,38.20000076293945,3043,0.0,0.0
2024-10-15 14:03:00-04:00,38.209999084472656,38.21500015258789,38.209999084472656,38.21500015258789,1075,0.0,0.0
2024-10-15 14:04:00-04:00,38.189998626708984,38.189998626708984,38.16999816894531,38.16999816894531,1059,0.0,0.0
2024-10-15 14:05:00-04:00,38.15999984741211,38.15999984741211,38.157501220703125,38.157501220703125,929,0.0,0.0
2024-10-15 14:06:00-04:00,38.15999984741211,38.15999984741211,38.130001068115234,38.13999938964844,1455,0.0,0.0
2024-10-15 14:07:00-04:00,38.125,38.125,38.125,38.125,477,0.0,0.0
2024-10-15 14:08:00-04:00,38.1150016784668,38.1150016784668,38.099998474121094,38.099998474121094,1028,0.0,0.0
2024-10-15 14:09:00-04:00,38.08000183105469,38.08000183105469,38.08000183105469,38.08000183105469,286,0.0,0.0
2024-10-15 14:10:00-04:00,38.09000015258789,38.130001068115234,38.06999969482422,38.130001068115234,6427,0.0,0.0
2024-10-15 14:12:00-04:00,38.11000061035156,38.11000061035156,38.099998474121094,38.11000061035156,812,0.0,0.0
2024-10-15 14:13:00-04:00,38.099998474121094,38.099998474121094,38.099998474121094,38.099998474121094,1151,0.0,0.0
2024-10-15 14:14:00-04:00,38.10499954223633,38.10499954223633,38.10499954223633,38.10499954223633,265,0.0,0.0
2024-10-15 14:15:00-04:00,38.095001220703125,38.095001220703125,38.08000183105469,38.08000183105469,1634,0.0,0.0
2024-10-15 14:17:00-04:00,38.11000061035156,38.11000061035156,38.11000061035156,38.11000061035156,827,0.0,0.0
2024-10-15 14:18:00-04:00,38.119998931884766,38.130001068115234,38.10499954223633,38.130001068115234,2151,0.0,0.0
2024-10-15 14:20:00-04:00,38.11000061035156,38.11000061035156,38.09000015258789,38.09000015258789,1412,0.0,0.0
2024-10-15 14:21:00-04:00,38.11000061035156,38.11000061035156,38.11000061035156,38.11000061035156,272,0.0,0.0
2024-10-15 14:22:00-04:00,38.11000061035156,38.11000061035156,38.11000061035156,38.11000061035156,143,0.0,0.0
2024-10-15 14:23:00-04:00,38.11000061035156,38.119998931884766,38.11000061035156,38.119998931884766,1288,0.0,0.0
2024-10-15 14:24:00-04:00,38.119998931884766,38.125,38.119998931884766,38.125,1387,0.0,0.0
2024-10-15 14:25:00-04:00,38.119998931884766,38.119998931884766,38.119998931884766,38.119998931884766,539,0.0,0.0
2024-10-15 14:26:00-04:00,38.119998931884766,38.130001068115234,38.119998931884766,38.130001068115234,499,0.0,0.0
2024-10-15 14:27:00-04:00,38.119998931884766,38.119998931884766,38.099998474121094,38.11000061035156,2853,0.0,0.0
2024-10-15 14:28:00-04:00,38.08000183105469,38.08000183105469,38.08000183105469,38.08000183105469,812,0.0,0.0
2024-10-15 14:29:00-04:00,38.06999969482422,38.08000183105469,38.060001373291016,38.060001373291016,921,0.0,0.0
2024-10-15 14:30:00-04:00,38.060001373291016,38.09000015258789,38.060001373291016,38.09000015258789,2187,0.0,0.0
2024-10-15 14:31:00-04:00,38.099998474121094,38.099998474121094,38.099998474121094,38.099998474121094,1147,0.0,0.0
2024-10-15 14:32:00-04:00,38.099998474121094,38.099998474121094,38.099998474121094,38.099998474121094,946,0.0,0.0
2024-10-15 14:33:00-04:00,38.08000183105469,38.08000183105469,38.08000183105469,38.08000183105469,1057,0.0,0.0
2024-10-15 14:34:00-04:00,38.099998474121094,38.11000061035156,38.099998474121094,38.11000061035156,1042,0.0,0.0
2024-10-15 14:35:00-04:00,38.119998931884766,38.119998931884766,38.119998931884766,38.119998931884766,106,0.0,0.0
2024-10-15 14:36:00-04:00,38.119998931884766,38.189998626708984,38.119998931884766,38.16999816894531,3177,0.0,0.0
2024-10-15 14:37:00-04:00,38.15999984741211,38.15999984741211,38.15999984741211,38.15999984741211,941,0.0,0.0
2024-10-15 14:38:00-04:00,38.15999984741211,38.15999984741211,38.154998779296875,38.154998779296875,872,0.0,0.0
2024-10-15 14:40:00-04:00,38.13999938964844,38.150001525878906,38.13999938964844,38.13999938964844,1478,0.0,0.0
2024-10-15 14:41:00-04:00,38.16999816894531,38.16999816894531,38.16999816894531,38.16999816894531,914,0.0,0.0
2024-10-15 14:42:00-04:00,38.16999816894531,38.16999816894531,38.1150016784668,38.119998931884766,3024,0.0,0.0
2024-10-15 14:43:00-04:00,38.119998931884766,38.130001068115234,38.11000061035156,38.11000061035156,1519,0.0,0.0
2024-10-15 14:44:00-04:00,38.14500045776367,38.150001525878906,38.13999938964844,38.13999938964844,826,0.0,0.0
2024-10-15 14:45:00-04:00,38.130001068115234,38.130001068115234,38.11000061035156,38.11000061035156,1284,0.0,0.0
2024-10-15 14:46:00-04:00,38.09000015258789,38.09000015258789,38.09000015258789,38.09000015258789,349,0.0,0.0
2024-10-15 14:47:00-04:00,38.119998931884766,38.119998931884766,38.099998474121094,38.099998474121094,1345,0.0,0.0
2024-10-15 14:48:00-04:00,38.06999969482422,38.06999969482422,38.06999969482422,38.06999969482422,1531,0.0,0.0
2024-10-15 14:49:00-04:00,38.04999923706055,38.04999923706055,38.029998779296875,38.029998779296875,1048,0.0,0.0
2024-10-15 14:50:00-04:00,38.029998779296875,38.029998779296875,38.02000045776367,38.029998779296875,718,0.0,0.0
2024-10-15 14:52:00-04:00,38.040000915527344,38.04999923706055,38.040000915527344,38.04999923706055,2701,0.0,0.0
2024-10-15 14:53:00-04:00,38.04999923706055,38.04999923706055,38.04999923706055,38.04999923706055,578,0.0,0.0
2024-10-15 14:54:00-04:00,38.04999923706055,38.04999923706055,38.040000915527344,38.04499816894531,2236,0.0,0.0
2024-10-15 14:55:00-04:00,38.060001373291016,38.060001373291016,38.04999923706055,38.04999923706055,967,0.0,0.0
2024-10-15 14:56:00-04:00,38.040000915527344,38.060001373291016,38.029998779296875,38.060001373291016,1760,0.0,0.0
2024-10-15 14:57:00-04:00,38.060001373291016,38.060001373291016,38.040000915527344,38.04999923706055,2175,0.0,0.0
2024-10-15 14:58:00-04:00,38.060001373291016,38.07500076293945,38.040000915527344,38.040000915527344,3096,0.0,0.0
2024-10-15 14:59:00-04:00,38.040000915527344,38.040000915527344,38.02000045776367,38.02000045776367,1416,0.0,0.0
2024-10-15 15:00:00-04:00,38.02000045776367,38.06999969482422,38.02000045776367,38.06999969482422,3925,0.0,0.0
2024-10-15 15:01:00-04:00,38.08250045776367,38.08250045776367,38.04999923706055,38.04999923706055,1632,0.0,0.0
2024-10-15 15:02:00-04:00,38.04999923706055,38.04999923706055,38.029998779296875,38.03499984741211,6105,0.0,0.0
2024-10-15 15:03:00-04:00,38.029998779296875,38.029998779296875,38.025001525878906,38.025001525878906,1881,0.0,0.0
2024-10-15 15:04:00-04:00,38.025001525878906,38.03499984741211,38.02000045776367,38.029998779296875,6782,0.0,0.0
2024-10-15 15:05:00-04:00,38.040000915527344,38.040000915527344,38.029998779296875,38.029998779296875,777,0.0,0.0
2024-10-15 15:06:00-04:00,38.029998779296875,38.029998779296875,38.029998779296875,38.029998779296875,224,0.0,0.0
2024-10-15 15:07:00-04:00,38.02000045776367,38.029998779296875,38.02000045776367,38.025001525878906,9894,0.0,0.0
2024-10-15 15:08:00-04:00,38.025001525878906,38.029998779296875,38.025001525878906,38.029998779296875,2218,0.0,0.0
2024-10-15 15:09:00-04:00,38.029998779296875,38.029998779296875,37.95899963378906,37.970001220703125,8222,0.0,0.0
2024-10-15 15:10:00-04:00,37.959999084472656,37.959999084472656,37.95000076293945,37.95000076293945,1562,0.0,0.0
2024-10-15 15:11:00-04:00,37.959999084472656,37.970001220703125,37.95000076293945,37.959999084472656,1478,0.0,0.0
2024-10-15 15:12:00-04:00,37.95500183105469,37.959999084472656,37.939998626708984,37.959999084472656,1722,0.0,0.0
2024-10-15 15:13:00-04:00,37.970001220703125,37.9900016784668,37.95899963378906,37.95899963378906,4446,0.0,0.0
2024-10-15 15:14:00-04:00,37.96200180053711,37.96200180053711,37.95000076293945,37.95000076293945,1095,0.0,0.0
2024-10-15 15:15:00-04:00,37.95000076293945,37.95000076293945,37.95000076293945,37.95000076293945,560,0.0,0.0
2024-10-15 15:16:00-04:00,37.939998626708984,37.939998626708984,37.91999816894531,37.93000030517578,2259,0.0,0.0
2024-10-15 15:17:00-04:00,37.93000030517578,37.93000030517578,37.93000030517578,37.93000030517578,267,0.0,0.0
2024-10-15 15:18:00-04:00,37.91999816894531,37.939998626708984,37.91999816894531,37.939998626708984,1520,0.0,0.0
2024-10-15 15:19:00-04:00,37.939998626708984,37.95000076293945,37.939998626708984,37.94499969482422,2445,0.0,0.0
2024-10-15 15:20:00-04:00,37.959999084472656,37.9900016784668,37.959999084472656,37.9900016784668,1822,0.0,0.0
2024-10-15 15:21:00-04:00,38.0099983215332,38.01499938964844,38.0,38.0,2525,0.0,0.0
2024-10-15 15:22:00-04:00,38.0099983215332,38.0099983215332,37.9900016784668,37.9900016784668,1964,0.0,0.0
2024-10-15 15:23:00-04:00,37.9900016784668,38.0,37.9900016784668,38.0,1532,0.0,0.0
2024-10-15 15:24:00-04:00,38.0,38.02000045776367,38.0,38.02000045776367,2814,0.0,0.0
2024-10-15 15:25:00-04:00,38.02000045776367,38.040000915527344,38.0099983215332,38.040000915527344,6675,0.0,0.0
2024-10-15 15:26:00-04:00,38.02000045776367,38.06999969482422,38.02000045776367,38.06999969482422,4731,0.0,0.0
2024-10-15 15:27:00-04:00,38.05500030517578,38.05500030517578,38.040000915527344,38.040000915527344,2749,0.0,0.0
2024-10-15 15:28:00-04:00,38.040000915527344,38.040000915527344,38.040000915527344,38.040000915527344,990,0.0,0.0
2024-10-15 15:29:00-04:00,38.040000915527344,38.040000915527344,38.0099983215332,38.0099983215332,7135,0.0,0.0
2024-10-15 15:30:00-04:00,38.0099983215332,38.0099983215332,38.0099983215332,38.0099983215332,1119,0.0,0.0
2024-10-15 15:31:00-04:00,38.005001068115234,38.005001068115234,37.95000076293945,37.959999084472656,3984,0.0,0.0
2024-10-15 15:32:00-04:00,37.970001220703125,38.0,37.970001220703125,37.97999954223633,5107,0.0,0.0
2024-10-15 15:33:00-04:00,37.970001220703125,37.97999954223633,37.970001220703125,37.97999954223633,3076,0.0,0.0
2024-10-15 15:34:00-04:00,37.97999954223633,37.97999954223633,37.970001220703125,37.970001220703125,538,0.0,0.0
2024-10-15 15:35:00-04:00,37.970001220703125,37.970001220703125,37.939998626708984,37.95000076293945,3118,0.0,0.0
2024-10-15 15:36:00-04:00,37.939998626708984,37.939998626708984,37.91999816894531,37.93000030517578,3584,0.0,0.0
2024-10-15 15:37:00-04:00,37.900001525878906,37.904998779296875,37.900001525878906,37.900001525878906,1817,0.0,0.0
2024-10-15 15:38:00-04:00,37.90999984741211,37.91999816894531,37.90999984741211,37.91999816894531,2049,0.0,0.0
2024-10-15 15:39:00-04:00,37.93000030517578,37.93000030517578,37.91999816894531,37.91999816894531,2184,0.0,0.0
2024-10-15 15:40:00-04:00,37.93000030517578,37.939998626708984,37.92499923706055,37.92499923706055,1560,0.0,0.0
2024-10-15 15:41:00-04:00,37.93000030517578,37.93000030517578,37.93000030517578,37.93000030517578,1158,0.0,0.0
2024-10-15 15:42:00-04:00,37.939998626708984,37.94499969482422,37.939998626708984,37.939998626708984,4481,0.0,0.0
2024-10-15 15:44:00-04:00,37.939998626708984,37.939998626708984,37.93000030517578,37.939998626708984,6354,0.0,0.0
2024-10-15 15:45:00-04:00,37.939998626708984,37.939998626708984,37.93000030517578,37.935001373291016,2228,0.0,0.0
2024-10-15 15:46:00-04:00,37.935001373291016,37.935001373291016,37.91999816894531,37.91999816894531,3672,0.0,0.0
2024-10-15 15:47:00-04:00,37.915000915527344,37.939998626708984,37.904998779296875,37.90999984741211,5671,0.0,0.0
2024-10-15 15:48:00-04:00,37.90999984741211,37.92499923706055,37.90999984741211,37.92499923706055,2374,0.0,0.0
2024-10-15 15:49:00-04:00,37.92499923706055,37.939998626708984,37.92499923706055,37.939998626708984,2250,0.0,0.0
2024-10-15 15:50:00-04:00,37.95000076293945,37.97999954223633,37.939998626708984,37.97999954223633,11231,0.0,0.0
2024-10-15 15:51:00-04:00,37.97999954223633,37.97999954223633,37.91999816894531,37.91999816894531,7744,0.0,0.0
2024-10-15 15:52:00-04:00,37.93000030517578,37.959999084472656,37.91999816894531,37.93000030517578,18610,0.0,0.0
2024-10-15 15:53:00-04:00,37.93000030517578,37.935001373291016,37.90999984741211,37.90999984741211,11099,0.0,0.0
2024-10-15 15:54:00-04:00,37.91999816894531,37.95000076293945,37.91999816894531,37.95000076293945,11905,0.0,0.0
2024-10-15 15:55:00-04:00,37.939998626708984,37.939998626708984,37.86000061035156,37.8650016784668,21373,0.0,0.0
2024-10-15 15:56:00-04:00,37.8650016784668,37.875,37.86000061035156,37.8650016784668,10780,0.0,0.0
2024-10-15 15:57:00-04:00,37.86000061035156,37.8650016784668,37.83000183105469,37.834999084472656,22253,0.0,0.0
2024-10-15 15:58:00-04:00,37.84000015258789,37.849998474121094,37.83000183105469,37.84000015258789,10746,0.0,0.0
2024-10-15 15:59:00-04:00,37.834999084472656,37.849998474121094,37.83000183105469,37.849998474121094,35243,0.0,0.0
2024-10-16 09:30:00-04:00,37.755001068115234,37.83000183105469,37.650001525878906,37.755001068115234,9528,0.0,0.0
2024-10-16 09:31:00-04:00,37.83000183105469,37.98500061035156,37.83000183105469,37.880001068115234,2463,0.0,0.0
2024-10-16 09:32:00-04:00,37.779998779296875,37.779998779296875,37.779998779296875,37.779998779296875,649,0.0,0.0
2024-10-16 09:35:00-04:00,37.7400016784668,37.77000045776367,37.7400016784668,37.77000045776367,1060,0.0,0.0
2024-10-16 09:36:00-04:00,37.810001373291016,37.869998931884766,37.72999954223633,37.869998931884766,4806,0.0,0.0
2024-10-16 09:39:00-04:00,37.84000015258789,37.849998474121094,37.84000015258789,37.849998474121094,642,0.0,0.0
2024-10-16 09:40:00-04:00,37.7599983215332,37.7599983215332,37.7599983215332,37.7599983215332,383,0.0,0.0
2024-10-16 09:41:00-04:00,37.775001525878906,37.775001525878906,37.775001525878906,37.775001525878906,1090,0.0,0.0
2024-10-16 09:42:00-04:00,37.779998779296875,37.84000015258789,37.779998779296875,37.84000015258789,1319,0.0,0.0
2024-10-16 09:43:00-04:00,37.790000915527344,37.86000061035156,37.790000915527344,37.86000061035156,7452,0.0,0.0
2024-10-16 09:44:00-04:00,37.900001525878906,37.96500015258789,37.900001525878906,37.96500015258789,629,0.0,0.0
2024-10-16 09:45:00-04:00,37.95500183105469,37.95500183105469,37.95500183105469,37.95500183105469,156,0.0,0.0
2024-10-16 09:46:00-04:00,37.98500061035156,37.98500061035156,37.98500061035156,37.98500061035156,531,0.0,0.0
2024-10-16 09:47:00-04:00,38.0,38.1349983215332,38.0,38.1349983215332,4795,0.0,0.0
2024-10-16 09:48:00-04:00,38.09000015258789,38.125,38.09000015258789,38.125,1561,0.0,0.0
2024-10-16 09:49:00-04:00,38.135799407958984,38.135799407958984,38.084999084472656,38.084999084472656,1660,0.0,0.0
2024-10-16 09:50:00-04:00,38.07500076293945,38.07500076293945,37.9900016784668,37.9900016784668,668,0.0,0.0
2024-10-16 09:52:00-04:00,38.0,38.0,37.994998931884766,37.994998931884766,944,0.0,0.0
2024-10-16 09:54:00-04:00,37.970001220703125,37.970001220703125,37.880001068115234,37.880001068115234,2532,0.0,0.0
2024-10-16 09:55:00-04:00,37.875,37.88999938964844,37.86000061035156,37.880001068115234,2623,0.0,0.0
2024-10-16 09:56:00-04:00,37.90999984741211,37.90999984741211,37.84000015258789,37.84000015258789,6299,0.0,0.0
2024-10-16 09:57:00-04:00,37.79999923706055,37.86000061035156,37.79999923706055,37.84000015258789,8906,0.0,0.0
2024-10-16 09:58:00-04:00,37.8650016784668,37.91999816894531,37.8650016784668,37.900001525878906,7100,0.0,0.0
2024-10-16 09:59:00-04:00,37.880001068115234,37.959999084472656,37.880001068115234,37.900001525878906,7504,0.0,0.0
2024-10-16 10:00:00-04:00,37.89500045776367,38.0099983215332,37.8849983215332,37.959999084472656,6356,0.0,0.0
2024-10-16 10:01:00-04:00,37.970001220703125,38.0,37.95500183105469,38.0,2447,0.0,0.0
2024-10-16 10:02:00-04:00,37.994998931884766,38.06999969482422,37.9900016784668,38.025001525878906,1833,0.0,0.0
2024-10-16 10:03:00-04:00,38.040000915527344,38.060001373291016,38.040000915527344,38.060001373291016,527,0.0,0.0
2024-10-16 10:04:00-04:00,38.060001373291016,38.060001373291016,38.029998779296875,38.040000915527344,1361,0.0,0.0
2024-10-16 10:05:00-04:00,38.099998474121094,38.099998474121094,38.05630111694336,38.064998626708984,736,0.0,0.0
2024-10-16 10:06:00-04:00,38.064998626708984,38.064998626708984,38.064998626708984,38.064998626708984,1497,0.0,0.0
2024-10-16 10:08:00-04:00,38.064998626708984,38.064998626708984,38.064998626708984,38.064998626708984,242,0.0,0.0
2024-10-16 10:09:00-04:00,38.060001373291016,38.154998779296875,38.060001373291016,38.13999938964844,5026,0.0,0.0
2024-10-16 10:11:00-04:00,38.119998931884766,38.119998931884766,38.095001220703125,38.095001220703125,1408,0.0,0.0
2024-10-16 10:12:00-04:00,38.095001220703125,38.095001220703125,38.095001220703125,38.095001220703125,623,0.0,0.0
2024-10-16 10:13:00-04:00,38.06999969482422,38.099998474121094,38.06999969482422,38.099998474121094,881,0.0,0.0
2024-10-16 10:14:00-04:00,38.08000183105469,38.08000183105469,38.06999969482422,38.08000183105469,1247,0.0,0.0
2024-10-16 10:15:00-04:00,38.099998474121094,38.13999938964844,38.099998474121094,38.119998931884766,4654,0.0,0.0
2024-10-16 10:16:00-04:00,38.189998626708984,38.27000045776367,38.18000030517578,38.2599983215332,3844,0.0,0.0
2024-10-16 10:17:00-04:00,38.22999954223633,38.2400016784668,38.220001220703125,38.220001220703125,2464,0.0,0.0
2024-10-16 10:19:00-04:00,38.2400016784668,38.2400016784668,38.22999954223633,38.23529815673828,1775,0.0,0.0
2024-10-16 10:20:00-04:00,38.21500015258789,38.22999954223633,38.21500015258789,38.22999954223633,1358,0.0,0.0
2024-10-16 10:21:00-04:00,38.15999984741211,38.20000076293945,38.15999984741211,38.20000076293945,2177,0.0,0.0
2024-10-16 10:22:00-04:00,38.20000076293945,38.20000076293945,38.13999938964844,38.13999938964844,1345,0.0,0.0
2024-10-16 10:23:00-04:00,38.13999938964844,38.16999816894531,38.125,38.125,2529,0.0,0.0
2024-10-16 10:24:00-04:00,38.13999938964844,38.13999938964844,38.08000183105469,38.130001068115234,3857,0.0,0.0
2024-10-16 10:25:00-04:00,38.11000061035156,38.11000061035156,38.08000183105469,38.11000061035156,1701,0.0,0.0
2024-10-16 10:27:00-04:00,38.08000183105469,38.099998474121094,38.08000183105469,38.09000015258789,3276,0.0,0.0
2024-10-16 10:28:00-04:00,38.099998474121094,38.15999984741211,38.099998474121094,38.15999984741211,1548,0.0,0.0
2024-10-16 10:29:00-04:00,38.130001068115234,38.150001525878906,38.130001068115234,38.150001525878906,4114,0.0,0.0
2024-10-16 10:30:00-04:00,38.14500045776367,38.15999984741211,38.130001068115234,38.13999938964844,2915,0.0,0.0
2024-10-16 10:31:00-04:00,38.150001525878906,38.150001525878906,38.09000015258789,38.150001525878906,3886,0.0,0.0
2024-10-16 10:32:00-04:00,38.150001525878906,38.189998626708984,38.150001525878906,38.189998626708984,2323,0.0,0.0
2024-10-16 10:33:00-04:00,38.2400016784668,38.2400016784668,38.15999984741211,38.189998626708984,3067,0.0,0.0
2024-10-16 10:35:00-04:00,38.18000030517578,38.18000030517578,38.18000030517578,38.18000030517578,1589,0.0,0.0
2024-10-16 10:36:00-04:00,38.18000030517578,38.22999954223633,38.18000030517578,38.20000076293945,1921,0.0,0.0
2024-10-16 10:37:00-04:00,38.22999954223633,38.25,38.20000076293945,38.25,4320,0.0,0.0
2024-10-16 10:38:00-04:00,38.25,38.290000915527344,38.25,38.279998779296875,2284,0.0,0.0
2024-10-16 10:39:00-04:00,38.2599983215332,38.2599983215332,38.2599983215332,38.2599983215332,1861,0.0,0.0
2024-10-16 10:40:00-04:00,38.290000915527344,38.29499816894531,38.290000915527344,38.290000915527344,3422,0.0,0.0
2024-10-16 10:41:00-04:00,38.35499954223633,38.369998931884766,38.31999969482422,38.33000183105469,4096,0.0,0.0
2024-10-16 10:42:00-04:00,38.36000061035156,38.36000061035156,38.33000183105469,38.359901428222656,3103,0.0,0.0
2024-10-16 10:43:00-04:00,38.349998474121094,38.369998931884766,38.33000183105469,38.369998931884766,2485,0.0,0.0
2024-10-16 10:44:00-04:00,38.3849983215332,38.40999984741211,38.380001068115234,38.40999984741211,2050,0.0,0.0
2024-10-16 10:45:00-04:00,38.41999816894531,38.43000030517578,38.41999816894531,38.41999816894531,2683,0.0,0.0
2024-10-16 10:46:00-04:00,38.5099983215332,38.5099983215332,38.5099983215332,38.5099983215332,926,0.0,0.0
2024-10-16 10:48:00-04:00,38.5,38.599998474121094,38.5,38.599998474121094,4289,0.0,0.0
2024-10-16 10:50:00-04:00,38.619998931884766,38.665000915527344,38.619998931884766,38.665000915527344,3413,0.0,0.0
2024-10-16 10:51:00-04:00,38.65999984741211,38.66999816894531,38.61000061035156,38.665000915527344,3106,0.0,0.0
2024-10-16 10:53:00-04:00,38.66999816894531,38.689998626708984,38.66999816894531,38.689998626708984,1904,0.0,0.0
2024-10-16 10:54:00-04:00,38.65999984741211,38.68000030517578,38.619998931884766,38.625,3348,0.0,0.0
2024-10-16 10:55:00-04:00,38.599998474121094,38.630001068115234,38.599998474121094,38.630001068115234,2424,0.0,0.0
2024-10-16 10:56:00-04:00,38.61000061035156,38.619998931884766,38.599998474121094,38.61000061035156,1974,0.0,0.0
2024-10-16 10:57:00-04:00,38.595001220703125,38.630001068115234,38.595001220703125,38.60499954223633,894,0.0,0.0
2024-10-16 10:58:00-04:00,38.61000061035156,38.61000061035156,38.58000183105469,38.59000015258789,5047,0.0,0.0
2024-10-16 10:59:00-04:00,38.599998474121094,38.606300354003906,38.58000183105469,38.606300354003906,5280,0.0,0.0
2024-10-16 11:00:00-04:00,38.599998474121094,38.599998474121094,38.584999084472656,38.584999084472656,2653,0.0,0.0
2024-10-16 11:01:00-04:00,38.630001068115234,38.630001068115234,38.630001068115234,38.630001068115234,431,0.0,0.0
2024-10-16 11:03:00-04:00,38.584999084472656,38.584999084472656,38.584999084472656,38.584999084472656,622,0.0,0.0
2024-10-16 11:04:00-04:00,38.56999969482422,38.58000183105469,38.529998779296875,38.58000183105469,3872,0.0,0.0
2024-10-16 11:05:00-04:00,38.564998626708984,38.564998626708984,38.564998626708984,38.564998626708984,373,0.0,0.0
2024-10-16 11:06:00-04:00,38.59000015258789,38.654998779296875,38.59000015258789,38.654998779296875,838,0.0,0.0
2024-10-16 11:07:00-04:00,38.689998626708984,38.689998626708984,38.66999816894531,38.66999816894531,587,0.0,0.0
2024-10-16 11:08:00-04:00,38.65999984741211,38.689998626708984,38.63999938964844,38.689998626708984,2122,0.0,0.0
2024-10-16 11:09:00-04:00,38.68000030517578,38.68000030517578,38.68000030517578,38.68000030517578,840,0.0,0.0
2024-10-16 11:10:00-04:00,38.66999816894531,38.66999816894531,38.665000915527344,38.665000915527344,1459,0.0,0.0
2024-10-16 11:12:00-04:00,38.630001068115234,38.630001068115234,38.630001068115234,38.630001068115234,1031,0.0,0.0
2024-10-16 11:13:00-04:00,38.64500045776367,38.64500045776367,38.64500045776367,38.64500045776367,753,0.0,0.0
2024-10-16 11:14:00-04:00,38.65999984741211,38.75,38.65999984741211,38.72999954223633,10435,0.0,0.0
2024-10-16 11:15:00-04:00,38.76499938964844,38.76499938964844,38.7400016784668,38.752498626708984,2164,0.0,0.0
2024-10-16 11:16:00-04:00,38.744998931884766,38.744998931884766,38.70000076293945,38.70000076293945,2099,0.0,0.0
2024-10-16 11:18:00-04:00,38.71500015258789,38.72999954223633,38.70000076293945,38.72999954223633,9984,0.0,0.0
2024-10-16 11:19:00-04:00,38.70000076293945,38.7400016784668,38.70000076293945,38.72999954223633,3417,0.0,0.0
2024-10-16 11:20:00-04:00,38.7400016784668,38.7400016784668,38.724998474121094,38.724998474121094,680,0.0,0.0
2024-10-16 11:21:00-04:00,38.71500015258789,38.72999954223633,38.70000076293945,38.70000076293945,4270,0.0,0.0
2024-10-16 11:22:00-04:00,38.71500015258789,38.7400016784668,38.71500015258789,38.73500061035156,2740,0.0,0.0
2024-10-16 11:23:00-04:00,38.73500061035156,38.73500061035156,38.73500061035156,38.73500061035156,300,0.0,0.0
2024-10-16 11:24:00-04:00,38.709999084472656,38.720001220703125,38.650001525878906,38.70000076293945,7884,0.0,0.0
2024-10-16 11:25:00-04:00,38.70000076293945,38.7599983215332,38.630001068115234,38.63999938964844,12735,0.0,0.0
2024-10-16 11:26:00-04:00,38.64500045776367,38.689998626708984,38.619998931884766,38.619998931884766,3725,0.0,0.0
2024-10-16 11:27:00-04:00,38.59000015258789,38.595001220703125,38.54999923706055,38.56999969482422,7265,0.0,0.0
2024-10-16 11:29:00-04:00,38.595001220703125,38.625,38.595001220703125,38.625,1049,0.0,0.0
2024-10-16 11:30:00-04:00,38.59000015258789,38.599998474121094,38.54999923706055,38.599998474121094,3964,0.0,0.0
2024-10-16 11:31:00-04:00,38.599998474121094,38.599998474121094,38.599998474121094,38.599998474121094,2100,0.0,0.0
2024-10-16 11:32:00-04:00,38.619998931884766,38.619998931884766,38.619998931884766,38.619998931884766,588,0.0,0.0
2024-10-16 11:33:00-04:00,38.60499954223633,38.69499969482422,38.60499954223633,38.69499969482422,3276,0.0,0.0
2024-10-16 11:34:00-04:00,38.689998626708984,38.709999084472656,38.689998626708984,38.692501068115234,4589,0.0,0.0
2024-10-16 11:35:00-04:00,38.720001220703125,38.720001220703125,38.66999816894531,38.68000030517578,2678,0.0,0.0
2024-10-16 11:36:00-04:00,38.70000076293945,38.70000076293945,38.68000030517578,38.68000030517578,1557,0.0,0.0
2024-10-16 11:37:00-04:00,38.68000030517578,38.720001220703125,38.65999984741211,38.65999984741211,18161,0.0,0.0
2024-10-16 11:38:00-04:00,38.665000915527344,38.69179916381836,38.665000915527344,38.69179916381836,1071,0.0,0.0
2024-10-16 11:39:00-04:00,38.650001525878906,38.67499923706055,38.650001525878906,38.67499923706055,256,0.0,0.0
2024-10-16 11:40:00-04:00,38.67499923706055,38.67940139770508,38.67499923706055,38.67940139770508,612,0.0,0.0
2024-10-16 11:41:00-04:00,38.70000076293945,38.709999084472656,38.70000076293945,38.709999084472656,2339,0.0,0.0
2024-10-16 11:42:00-04:00,38.70000076293945,38.70000076293945,38.69499969482422,38.70000076293945,1738,0.0,0.0
2024-10-16 11:43:00-04:00,38.70000076293945,38.70000076293945,38.689998626708984,38.689998626708984,1782,0.0,0.0
2024-10-16 11:44:00-04:00,38.689998626708984,38.689998626708984,38.689998626708984,38.689998626708984,565,0.0,0.0
2024-10-16 11:45:00-04:00,38.68000030517578,38.689998626708984,38.68000030517578,38.689998626708984,1552,0.0,0.0
2024-10-16 11:46:00-04:00,38.689998626708984,38.689998626708984,38.689998626708984,38.689998626708984,501,0.0,0.0
2024-10-16 11:47:00-04:00,38.689998626708984,38.689998626708984,38.689998626708984,38.689998626708984,1458,0.0,0.0
2024-10-16 11:48:00-04:00,38.68000030517578,38.689998626708984,38.68000030517578,38.689998626708984,3116,0.0,0.0
2024-10-16 11:49:00-04:00,38.689998626708984,38.70000076293945,38.66999816894531,38.689998626708984,15252,0.0,0.0
2024-10-16 11:50:00-04:00,38.69499969482422,38.7400016784668,38.69499969482422,38.7400016784668,2751,0.0,0.0
2024-10-16 11:51:00-04:00,38.7400016784668,38.7400016784668,38.72999954223633,38.72999954223633,2146,0.0,0.0
2024-10-16 11:52:00-04:00,38.73500061035156,38.73500061035156,38.73500061035156,38.73500061035156,760,0.0,0.0
2024-10-16 11:53:00-04:00,38.73500061035156,38.73500061035156,38.73500061035156,38.73500061035156,521,0.0,0.0
2024-10-16 11:54:00-04:00,38.73500061035156,38.75,38.73500061035156,38.75,1078,0.0,0.0
2024-10-16 11:55:00-04:00,38.75,38.75,38.75,38.75,1085,0.0,0.0
2024-10-16 11:56:00-04:00,38.755001068115234,38.755001068115234,38.75,38.75,1527,0.0,0.0
2024-10-16 11:57:00-04:00,38.75,38.75,38.7400016784668,38.75,1892,0.0,0.0
2024-10-16 11:58:00-04:00,38.75,38.77000045776367,38.75,38.7599983215332,958,0.0,0.0
2024-10-16 11:59:00-04:00,38.77989959716797,38.77989959716797,38.76499938964844,38.76499938964844,1465,0.0,0.0
2024-10-16 12:00:00-04:00,38.75,38.779998779296875,38.724998474121094,38.7400016784668,12234,0.0,0.0
2024-10-16 12:01:00-04:00,38.810001373291016,38.810001373291016,38.810001373291016,38.810001373291016,355,0.0,0.0
2024-10-16 12:02:00-04:00,38.82500076293945,38.82500076293945,38.81999969482422,38.82500076293945,1113,0.0,0.0
2024-10-16 12:03:00-04:00,38.80500030517578,38.80500030517578,38.80500030517578,38.80500030517578,298,0.0,0.0
2024-10-16 12:04:00-04:00,38.82500076293945,38.82500076293945,38.82500076293945,38.82500076293945,464,0.0,0.0
2024-10-16 12:05:00-04:00,38.83000183105469,38.834999084472656,38.83000183105469,38.834999084472656,983,0.0,0.0
2024-10-16 12:06:00-04:00,38.83000183105469,38.86000061035156,38.83000183105469,38.86000061035156,1204,0.0,0.0
2024-10-16 12:07:00-04:00,38.849998474121094,38.849998474121094,38.849998474121094,38.849998474121094,2653,0.0,0.0
2024-10-16 12:08:00-04:00,38.849998474121094,38.86000061035156,38.849998474121094,38.86000061035156,2345,0.0,0.0
2024-10-16 12:09:00-04:00,38.85499954223633,38.915000915527344,38.85499954223633,38.8650016784668,10438,0.0,0.0
2024-10-16 12:11:00-04:00,38.89500045776367,38.89500045776367,38.88999938964844,38.88999938964844,1865,0.0,0.0
2024-10-16 12:12:00-04:00,38.790000915527344,38.790000915527344,38.790000915527344,38.790000915527344,329,0.0,0.0
2024-10-16 12:13:00-04:00,38.790000915527344,38.790000915527344,38.790000915527344,38.790000915527344,1259,0.0,0.0
2024-10-16 12:14:00-04:00,38.77069854736328,38.77069854736328,38.77000045776367,38.77000045776367,2108,0.0,0.0
2024-10-16 12:15:00-04:00,38.775001525878906,38.79999923706055,38.775001525878906,38.790000915527344,2206,0.0,0.0
2024-10-16 12:16:00-04:00,38.790000915527344,38.810001373291016,38.790000915527344,38.810001373291016,648,0.0,0.0
2024-10-16 12:17:00-04:00,38.79999923706055,38.79999923706055,38.78499984741211,38.78499984741211,2405,0.0,0.0
2024-10-16 12:19:00-04:00,38.810001373291016,38.810001373291016,38.810001373291016,38.810001373291016,1083,0.0,0.0
2024-10-16 12:20:00-04:00,38.810001373291016,38.8849983215332,38.810001373291016,38.869998931884766,11568,0.0,0.0
2024-10-16 12:22:00-04:00,38.875,38.875,38.875,38.875,1207,0.0,0.0
2024-10-16 12:24:00-04:00,38.849998474121094,38.849998474121094,38.810001373291016,38.810001373291016,1094,0.0,0.0
2024-10-16 12:25:00-04:00,38.79499816894531,38.88999938964844,38.79499816894531,38.88999938964844,2729,0.0,0.0
2024-10-16 12:26:00-04:00,38.88999938964844,38.939998626708984,38.88999938964844,38.939998626708984,1839,0.0,0.0
2024-10-16 12:27:00-04:00,38.939998626708984,38.95500183105469,38.939998626708984,38.95500183105469,858,0.0,0.0
2024-10-16 12:28:00-04:00,38.939998626708984,38.939998626708984,38.91999816894531,38.91999816894531,2265,0.0,0.0
2024-10-16 12:29:00-04:00,38.91999816894531,38.91999816894531,38.900001525878906,38.900001525878906,581,0.0,0.0
2024-10-16 12:30:00-04:00,38.88999938964844,38.939998626708984,38.849998474121094,38.849998474121094,109668,0.0,0.0
2024-10-16 12:31:00-04:00,38.83000183105469,38.86000061035156,38.83000183105469,38.86000061035156,2467,0.0,0.0
2024-10-16 12:32:00-04:00,38.869998931884766,38.869998931884766,38.81999969482422,38.81999969482422,2326,0.0,0.0
2024-10-16 12:35:00-04:00,38.79999923706055,38.83000183105469,38.79999923706055,38.81999969482422,5302,0.0,0.0
2024-10-16 12:36:00-04:00,38.84000015258789,38.84000015258789,38.84000015258789,38.84000015258789,1335,0.0,0.0
2024-10-16 12:37:00-04:00,38.869998931884766,38.90999984741211,38.869998931884766,38.90999984741211,1706,0.0,0.0
2024-10-16 12:38:00-04:00,38.939998626708984,38.939998626708984,38.939998626708984,38.939998626708984,238,0.0,0.0
2024-10-16 12:39:00-04:00,38.959999084472656,39.04999923706055,38.959999084472656,39.029998779296875,2852,0.0,0.0
2024-10-16 12:41:00-04:00,39.029998779296875,39.04999923706055,39.029998779296875,39.04999923706055,2345,0.0,0.0
2024-10-16 12:42:00-04:00,39.04999923706055,39.04999923706055,39.0,39.0099983215332,5624,0.0,0.0
2024-10-16 12:44:00-04:00,38.9900016784668,38.9900016784668,38.98500061035156,38.98500061035156,1440,0.0,0.0
2024-10-16 12:45:00-04:00,38.959999084472656,38.959999084472656,38.95000076293945,38.95000076293945,2220,0.0,0.0
2024-10-16 12:46:00-04:00,38.95000076293945,39.0,38.95000076293945,39.0,4285,0.0,0.0
2024-10-16 12:47:00-04:00,38.9900016784668,38.9900016784668,38.9900016784668,38.9900016784668,201,0.0,0.0
2024-10-16 12:48:00-04:00,39.005001068115234,39.005001068115234,39.005001068115234,39.005001068115234,567,0.0,0.0
2024-10-16 12:50:00-04:00,39.02000045776367,39.02000045776367,39.00849914550781,39.00849914550781,1689,0.0,0.0
2024-10-16 12:51:00-04:00,39.0,39.0,39.0,39.0,753,0.0,0.0
2024-10-16 12:52:00-04:00,39.02000045776367,39.04999923706055,39.0099983215332,39.04999923706055,5753,0.0,0.0
2024-10-16 12:53:00-04:00,39.04499816894531,39.119998931884766,39.04499816894531,39.1150016784668,6683,0.0,0.0
2024-10-16 12:54:00-04:00,39.130001068115234,39.13999938964844,39.130001068115234,39.13999938964844,1023,0.0,0.0
2024-10-16 12:55:00-04:00,39.13999938964844,39.13999938964844,39.11000061035156,39.11000061035156,3367,0.0,0.0
2024-10-16 12:56:00-04:00,39.099998474121094,39.11000061035156,39.08000183105469,39.08000183105469,6413,0.0,0.0
2024-10-16 12:57:00-04:00,39.11000061035156,39.119998931884766,39.11000061035156,39.119998931884766,1549,0.0,0.0
2024-10-16 12:58:00-04:00,39.11000061035156,39.119998931884766,39.07500076293945,39.099998474121094,5757,0.0,0.0
2024-10-16 12:59:00-04:00,39.08000183105469,39.08000183105469,39.040000915527344,39.040000915527344,3819,0.0,0.0
2024-10-16 13:00:00-04:00,39.04499816894531,39.060001373291016,39.029998779296875,39.029998779296875,1897,0.0,0.0
2024-10-16 13:01:00-04:00,39.029998779296875,39.029998779296875,39.005001068115234,39.005001068115234,3206,0.0,0.0
2024-10-16 13:02:00-04:00,38.97999954223633,38.98500061035156,38.95000076293945,38.95000076293945,2875,0.0,0.0
2024-10-16 13:03:00-04:00,38.939998626708984,38.959999084472656,38.939998626708984,38.95000076293945,3987,0.0,0.0
2024-10-16 13:04:00-04:00,38.95000076293945,38.95000076293945,38.869998931884766,38.880001068115234,7936,0.0,0.0
2024-10-16 13:05:00-04:00,38.900001525878906,38.95000076293945,38.900001525878906,38.95000076293945,3845,0.0,0.0
2024-10-16 13:06:00-04:00,38.95000076293945,38.97999954223633,38.95000076293945,38.970001220703125,2094,0.0,0.0
2024-10-16 13:07:00-04:00,38.97999954223633,38.97999954223633,38.96500015258789,38.96500015258789,372,0.0,0.0
2024-10-16 13:08:00-04:00,38.96500015258789,38.97999954223633,38.93000030517578,38.94499969482422,3722,0.0,0.0
2024-10-16 13:09:00-04:00,38.90999984741211,38.93000030517578,38.90999984741211,38.91999816894531,1194,0.0,0.0
2024-10-16 13:10:00-04:00,38.935001373291016,38.935001373291016,38.93000030517578,38.93000030517578,1384,0.0,0.0
2024-10-16 13:11:00-04:00,38.93000030517578,38.939998626708984,38.88999938964844,38.88999938964844,4531,0.0,0.0
2024-10-16 13:12:00-04:00,38.880001068115234,38.8849983215332,38.880001068115234,38.8849983215332,878,0.0,0.0
2024-10-16 13:13:00-04:00,38.869998931884766,38.869998931884766,38.84000015258789,38.8400993347168,4609,0.0,0.0
2024-10-16 13:14:00-04:00,38.84000015258789,38.849998474121094,38.84000015258789,38.849998474121094,454,0.0,0.0
2024-10-16 13:15:00-04:00,38.86000061035156,38.86000061035156,38.849998474121094,38.849998474121094,4160,0.0,0.0
2024-10-16 13:16:00-04:00,38.85499954223633,38.86000061035156,38.84000015258789,38.86000061035156,2802,0.0,0.0
2024-10-16 13:17:00-04:00,38.845001220703125,38.8650016784668,38.845001220703125,38.8650016784668,813,0.0,0.0
2024-10-16 13:18:00-04:00,38.869998931884766,38.869998931884766,38.869998931884766,38.869998931884766,1532,0.0,0.0
2024-10-16 13:19:00-04:00,38.880001068115234,38.90999984741211,38.880001068115234,38.904998779296875,3102,0.0,0.0
2024-10-16 13:20:00-04:00,38.900001525878906,38.96500015258789,38.900001525878906,38.90999984741211,10934,0.0,0.0
2024-10-16 13:21:00-04:00,38.90999984741211,38.90999984741211,38.900001525878906,38.90999984741211,1061,0.0,0.0
2024-10-16 13:22:00-04:00,38.90999984741211,38.90999984741211,38.81999969482422,38.849998474121094,12146,0.0,0.0
2024-10-16 13:23:00-04:00,38.83000183105469,38.845001220703125,38.83000183105469,38.83000183105469,2671,0.0,0.0
2024-10-16 13:24:00-04:00,38.83000183105469,38.83000183105469,38.790000915527344,38.79999923706055,2496,0.0,0.0
2024-10-16 13:25:00-04:00,38.810001373291016,38.814998626708984,38.775001525878906,38.775001525878906,8663,0.0,0.0
2024-10-16 13:26:00-04:00,38.779998779296875,38.78499984741211,38.72999954223633,38.75,10357,0.0,0.0
2024-10-16 13:28:00-04:00,38.709999084472656,38.709999084472656,38.69499969482422,38.709999084472656,1033,0.0,0.0
2024-10-16 13:29:00-04:00,38.69499969482422,38.69499969482422,38.69499969482422,38.69499969482422,768,0.0,0.0
2024-10-16 13:30:00-04:00,38.689998626708984,38.73500061035156,38.689998626708984,38.72999954223633,5691,0.0,0.0
2024-10-16 13:31:00-04:00,38.724998474121094,38.724998474121094,38.724998474121094,38.724998474121094,577,0.0,0.0
2024-10-16 13:32:00-04:00,38.75,38.75,38.75,38.75,172,0.0,0.0
2024-10-16 13:33:00-04:00,38.75,38.80730056762695,38.75,38.80730056762695,1933,0.0,0.0
2024-10-16 13:34:00-04:00,38.84000015258789,38.8650016784668,38.84000015258789,38.8650016784668,2079,0.0,0.0
2024-10-16 13:35:00-04:00,38.8650016784668,38.8650016784668,38.79999923706055,38.79999923706055,5433,0.0,0.0
2024-10-16 13:36:00-04:00,38.81999969482422,38.81999969482422,38.81999969482422,38.81999969482422,445,0.0,0.0
2024-10-16 13:37:00-04:00,38.834999084472656,38.84000015258789,38.834999084472656,38.84000015258789,750,0.0,0.0
2024-10-16 13:38:00-04:00,38.849998474121094,38.970001220703125,38.849998474121094,38.95500183105469,11953,0.0,0.0
2024-10-16 13:39:00-04:00,38.95500183105469,38.970001220703125,38.95500183105469,38.95500183105469,1765,0.0,0.0
2024-10-16 13:40:00-04:00,38.95500183105469,39.029998779296875,38.95500183105469,39.029998779296875,1684,0.0,0.0
2024-10-16 13:41:00-04:00,39.04499816894531,39.05500030517578,39.04499816894531,39.05500030517578,910,0.0,0.0
2024-10-16 13:42:00-04:00,39.05500030517578,39.05500030517578,39.02000045776367,39.05500030517578,1607,0.0,0.0
2024-10-16 13:43:00-04:00,39.05500030517578,39.05500030517578,39.02000045776367,39.040000915527344,2961,0.0,0.0
2024-10-16 13:44:00-04:00,39.060001373291016,39.060001373291016,39.060001373291016,39.060001373291016,804,0.0,0.0
2024-10-16 13:45:00-04:00,39.060001373291016,39.130001068115234,39.060001373291016,39.09000015258789,4141,0.0,0.0
2024-10-16 13:46:00-04:00,39.06999969482422,39.07500076293945,39.029998779296875,39.07500076293945,12744,0.0,0.0
2024-10-16 13:47:00-04:00,39.09000015258789,39.09000015258789,39.09000015258789,39.09000015258789,150,0.0,0.0
2024-10-16 13:48:00-04:00,39.09000015258789,39.11000061035156,39.09000015258789,39.11000061035156,1692,0.0,0.0
2024-10-16 13:49:00-04:00,39.10499954223633,39.10499954223633,39.10499954223633,39.10499954223633,414,0.0,0.0
2024-10-16 13:50:00-04:00,39.0973014831543,39.0973014831543,39.06999969482422,39.08000183105469,4202,0.0,0.0
2024-10-16 13:51:00-04:00,39.07500076293945,39.07500076293945,39.07500076293945,39.07500076293945,194,0.0,0.0
2024-10-16 13:52:00-04:00,39.07500076293945,39.07500076293945,39.07500076293945,39.07500076293945,2105,0.0,0.0
2024-10-16 13:53:00-04:00,39.09000015258789,39.09000015258789,39.060001373291016,39.060001373291016,2274,0.0,0.0
2024-10-16 13:54:00-04:00,39.03770065307617,39.09000015258789,39.03770065307617,39.07500076293945,2347,0.0,0.0
2024-10-16 13:55:00-04:00,39.060001373291016,39.060001373291016,39.04999923706055,39.04999923706055,2151,0.0,0.0
2024-10-16 13:56:00-04:00,39.060001373291016,39.06999969482422,39.060001373291016,39.06999969482422,667,0.0,0.0
2024-10-16 13:57:00-04:00,39.04499816894531,39.04499816894531,39.04499816894531,39.04499816894531,666,0.0,0.0
2024-10-16 13:58:00-04:00,39.04999923706055,39.04999923706055,39.040000915527344,39.040000915527344,675,0.0,0.0
2024-10-16 13:59:00-04:00,39.04999923706055,39.08000183105469,39.04999923706055,39.06999969482422,2890,0.0,0.0
2024-10-16 14:00:00-04:00,39.060001373291016,39.060001373291016,39.05500030517578,39.05500030517578,1944,0.0,0.0
2024-10-16 14:01:00-04:00,39.064998626708984,39.064998626708984,39.064998626708984,39.064998626708984,1510,0.0,0.0
2024-10-16 14:02:00-04:00,39.04999923706055,39.06999969482422,39.040000915527344,39.040000915527344,2582,0.0,0.0
2024-10-16 14:03:00-04:00,39.02000045776367,39.04999923706055,39.0099983215332,39.029998779296875,4865,0.0,0.0
2024-10-16 14:04:00-04:00,39.029998779296875,39.0525016784668,39.029998779296875,39.04499816894531,8619,0.0,0.0
2024-10-16 14:05:00-04:00,39.040000915527344,39.095001220703125,39.040000915527344,39.09000015258789,3472,0.0,0.0
2024-10-16 14:06:00-04:00,39.095001220703125,39.150001525878906,39.095001220703125,39.119998931884766,10240,0.0,0.0
2024-10-16 14:07:00-04:00,39.1161994934082,39.1161994934082,39.09000015258789,39.11000061035156,3628,0.0,0.0
2024-10-16 14:08:00-04:00,39.154998779296875,39.154998779296875,39.154998779296875,39.154998779296875,102,0.0,0.0
2024-10-16 14:09:00-04:00,39.154998779296875,39.16999816894531,39.154998779296875,39.16999816894531,2080,0.0,0.0
2024-10-16 14:10:00-04:00,39.20000076293945,39.20000076293945,39.16999816894531,39.189998626708984,4473,0.0,0.0
2024-10-16 14:11:00-04:00,39.16999816894531,39.16999816894531,39.130001068115234,39.1349983215332,6526,0.0,0.0
2024-10-16 14:12:00-04:00,39.1349983215332,39.1349983215332,39.09000015258789,39.099998474121094,5800,0.0,0.0
2024-10-16 14:13:00-04:00,39.11000061035156,39.15999984741211,39.099998474121094,39.154998779296875,3811,0.0,0.0
2024-10-16 14:14:00-04:00,39.154998779296875,39.18000030517578,39.154998779296875,39.15999984741211,1982,0.0,0.0
2024-10-16 14:15:00-04:00,39.18000030517578,39.20500183105469,39.17499923706055,39.20500183105469,2962,0.0,0.0
2024-10-16 14:16:00-04:00,39.20000076293945,39.20000076293945,39.18000030517578,39.189998626708984,5419,0.0,0.0
2024-10-16 14:17:00-04:00,39.20500183105469,39.20500183105469,39.13999938964844,39.13999938964844,4972,0.0,0.0
2024-10-16 14:18:00-04:00,39.150001525878906,39.150001525878906,39.1150016784668,39.13999938964844,4166,0.0,0.0
2024-10-16 14:19:00-04:00,39.130001068115234,39.154998779296875,39.130001068115234,39.154998779296875,1623,0.0,0.0
2024-10-16 14:20:00-04:00,39.154998779296875,39.20000076293945,39.154998779296875,39.20000076293945,6973,0.0,0.0
2024-10-16 14:21:00-04:00,39.220001220703125,39.220001220703125,39.20000076293945,39.20000076293945,5543,0.0,0.0
2024-10-16 14:22:00-04:00,39.22999954223633,39.22999954223633,39.21500015258789,39.21500015258789,1143,0.0,0.0
2024-10-16 14:23:00-04:00,39.21500015258789,39.2400016784668,39.21500015258789,39.2400016784668,741,0.0,0.0
2024-10-16 14:24:00-04:00,39.2218017578125,39.2400016784668,39.2218017578125,39.2400016784668,378,0.0,0.0
2024-10-16 14:25:00-04:00,39.244998931884766,39.244998931884766,39.20000076293945,39.20000076293945,6143,0.0,0.0
2024-10-16 14:26:00-04:00,39.189998626708984,39.189998626708984,39.15999984741211,39.16999816894531,4122,0.0,0.0
2024-10-16 14:27:00-04:00,39.189998626708984,39.20000076293945,39.13999938964844,39.15999984741211,77409,0.0,0.0
2024-10-16 14:28:00-04:00,39.14500045776367,39.16999816894531,39.13999938964844,39.150001525878906,4106,0.0,0.0
2024-10-16 14:29:00-04:00,39.150001525878906,39.15999984741211,39.13999938964844,39.15999984741211,6312,0.0,0.0
2024-10-16 14:30:00-04:00,39.15999984741211,39.15999984741211,39.150001525878906,39.15999984741211,1772,0.0,0.0
2024-10-16 14:31:00-04:00,39.154998779296875,39.220001220703125,39.154998779296875,39.220001220703125,2694,0.0,0.0
2024-10-16 14:32:00-04:00,39.209999084472656,39.209999084472656,39.20000076293945,39.20500183105469,4441,0.0,0.0
2024-10-16 14:33:00-04:00,39.20500183105469,39.20500183105469,39.1614990234375,39.1614990234375,6127,0.0,0.0
2024-10-16 14:34:00-04:00,39.16999816894531,39.16999816894531,39.16999816894531,39.16999816894531,1730,0.0,0.0
2024-10-16 14:35:00-04:00,39.165000915527344,39.16999816894531,39.154998779296875,39.154998779296875,4606,0.0,0.0
2024-10-16 14:36:00-04:00,39.16999816894531,39.18000030517578,39.15999984741211,39.18000030517578,1966,0.0,0.0
2024-10-16 14:37:00-04:00,39.15999984741211,39.16999816894531,39.150001525878906,39.150001525878906,2713,0.0,0.0
2024-10-16 14:38:00-04:00,39.150001525878906,39.150001525878906,39.12099838256836,39.12099838256836,3257,0.0,0.0
2024-10-16 14:39:00-04:00,39.130001068115234,39.130001068115234,39.130001068115234,39.130001068115234,1208,0.0,0.0
2024-10-16 14:40:00-04:00,39.13999938964844,39.150001525878906,39.13999938964844,39.14500045776367,2463,0.0,0.0
2024-10-16 14:41:00-04:00,39.170101165771484,39.189998626708984,39.170101165771484,39.189998626708984,3590,0.0,0.0
2024-10-16 14:42:00-04:00,39.189998626708984,39.189998626708984,39.189998626708984,39.189998626708984,505,0.0,0.0
2024-10-16 14:43:00-04:00,39.18000030517578,39.189998626708984,39.17499923706055,39.18000030517578,2385,0.0,0.0
2024-10-16 14:44:00-04:00,39.18000030517578,39.18000030517578,39.16999816894531,39.16999816894531,3777,0.0,0.0
2024-10-16 14:45:00-04:00,39.185001373291016,39.185001373291016,39.18000030517578,39.185001373291016,1488,0.0,0.0
2024-10-16 14:46:00-04:00,39.185001373291016,39.185001373291016,39.17499923706055,39.185001373291016,3949,0.0,0.0
2024-10-16 14:47:00-04:00,39.189998626708984,39.189998626708984,39.150001525878906,39.15999984741211,6162,0.0,0.0
2024-10-16 14:48:00-04:00,39.17499923706055,39.17499923706055,39.16999816894531,39.16999816894531,2521,0.0,0.0
2024-10-16 14:49:00-04:00,39.16999816894531,39.16999816894531,39.16999816894531,39.16999816894531,1452,0.0,0.0
2024-10-16 14:50:00-04:00,39.15999984741211,39.16999816894531,39.15999984741211,39.16999816894531,3284,0.0,0.0
2024-10-16 14:51:00-04:00,39.16749954223633,39.16999816894531,39.154998779296875,39.154998779296875,3928,0.0,0.0
2024-10-16 14:52:00-04:00,39.150001525878906,39.150001525878906,39.14500045776367,39.150001525878906,2913,0.0,0.0
2024-10-16 14:53:00-04:00,39.150001525878906,39.154998779296875,39.14500045776367,39.14500045776367,3860,0.0,0.0
2024-10-16 14:54:00-04:00,39.150001525878906,39.220001220703125,39.150001525878906,39.220001220703125,4420,0.0,0.0
2024-10-16 14:55:00-04:00,39.209999084472656,39.209999084472656,39.15999984741211,39.15999984741211,5744,0.0,0.0
2024-10-16 14:56:00-04:00,39.16999816894531,39.16999816894531,39.130001068115234,39.14500045776367,2598,0.0,0.0
2024-10-16 14:57:00-04:00,39.150001525878906,39.154998779296875,39.14500045776367,39.154998779296875,3321,0.0,0.0
2024-10-16 14:58:00-04:00,39.15409851074219,39.15409851074219,39.150001525878906,39.150001525878906,2507,0.0,0.0
2024-10-16 14:59:00-04:00,39.15999984741211,39.15999984741211,39.150001525878906,39.153099060058594,2738,0.0,0.0
2024-10-16 15:00:00-04:00,39.150001525878906,39.150001525878906,39.130001068115234,39.130001068115234,3065,0.0,0.0
2024-10-16 15:02:00-04:00,39.130001068115234,39.130001068115234,39.11000061035156,39.119998931884766,4159,0.0,0.0
2024-10-16 15:03:00-04:00,39.119998931884766,39.119998931884766,39.119998931884766,39.119998931884766,442,0.0,0.0
2024-10-16 15:04:00-04:00,39.11000061035156,39.11000061035156,39.11000061035156,39.11000061035156,1419,0.0,0.0
2024-10-16 15:05:00-04:00,39.099998474121094,39.099998474121094,39.08000183105469,39.09000015258789,4656,0.0,0.0
2024-10-16 15:06:00-04:00,39.09000015258789,39.09000015258789,39.06999969482422,39.06999969482422,3113,0.0,0.0
2024-10-16 15:07:00-04:00,39.04999923706055,39.04999923706055,39.04999923706055,39.04999923706055,1288,0.0,0.0
2024-10-16 15:08:00-04:00,39.08000183105469,39.08729934692383,39.08000183105469,39.084999084472656,4307,0.0,0.0
2024-10-16 15:09:00-04:00,39.084999084472656,39.14500045776367,39.084999084472656,39.130001068115234,2718,0.0,0.0
2024-10-16 15:10:00-04:00,39.119998931884766,39.130001068115234,39.11000061035156,39.130001068115234,4047,0.0,0.0
2024-10-16 15:11:00-04:00,39.154998779296875,39.165000915527344,39.13999938964844,39.15999984741211,3039,0.0,0.0
2024-10-16 15:12:00-04:00,39.13999938964844,39.14500045776367,39.13999938964844,39.14500045776367,1305,0.0,0.0
2024-10-16 15:13:00-04:00,39.154998779296875,39.154998779296875,39.154998779296875,39.154998779296875,110,0.0,0.0
2024-10-16 15:14:00-04:00,39.154998779296875,39.15999984741211,39.150001525878906,39.15999984741211,1580,0.0,0.0
2024-10-16 15:15:00-04:00,39.165000915527344,39.165000915527344,39.15999984741211,39.165000915527344,2534,0.0,0.0
2024-10-16 15:16:00-04:00,39.16999816894531,39.16999816894531,39.16999816894531,39.16999816894531,548,0.0,0.0
2024-10-16 15:17:00-04:00,39.189998626708984,39.19499969482422,39.18000030517578,39.185001373291016,2229,0.0,0.0
2024-10-16 15:18:00-04:00,39.185001373291016,39.185001373291016,39.15999984741211,39.18000030517578,4531,0.0,0.0
2024-10-16 15:19:00-04:00,39.18000030517578,39.185001373291016,39.18000030517578,39.18000030517578,2366,0.0,0.0
2024-10-16 15:20:00-04:00,39.16999816894531,39.16999816894531,39.150001525878906,39.165000915527344,2712,0.0,0.0
2024-10-16 15:21:00-04:00,39.16999816894531,39.185001373291016,39.165000915527344,39.185001373291016,1651,0.0,0.0
2024-10-16 15:22:00-04:00,39.16999816894531,39.209999084472656,39.150001525878906,39.209999084472656,7121,0.0,0.0
2024-10-16 15:23:00-04:00,39.220001220703125,39.2599983215332,39.220001220703125,39.2599983215332,1739,0.0,0.0
2024-10-16 15:24:00-04:00,39.27000045776367,39.27000045776367,39.25,39.255001068115234,3478,0.0,0.0
2024-10-16 15:25:00-04:00,39.255001068115234,39.255001068115234,39.255001068115234,39.255001068115234,1249,0.0,0.0
2024-10-16 15:26:00-04:00,39.255001068115234,39.275001525878906,39.25,39.275001525878906,4570,0.0,0.0
2024-10-16 15:27:00-04:00,39.279998779296875,39.279998779296875,39.2599983215332,39.27000045776367,4101,0.0,0.0
2024-10-16 15:28:00-04:00,39.279998779296875,39.279998779296875,39.27000045776367,39.279998779296875,2275,0.0,0.0
2024-10-16 15:29:00-04:00,39.279998779296875,39.290000915527344,39.279998779296875,39.28499984741211,1658,0.0,0.0
2024-10-16 15:30:00-04:00,39.28499984741211,39.29499816894531,39.279998779296875,39.29499816894531,6558,0.0,0.0
2024-10-16 15:31:00-04:00,39.290000915527344,39.34000015258789,39.290000915527344,39.334999084472656,4524,0.0,0.0
2024-10-16 15:32:00-04:00,39.34000015258789,39.345001220703125,39.31999969482422,39.32500076293945,9115,0.0,0.0
2024-10-16 15:33:00-04:00,39.33000183105469,39.33000183105469,39.30500030517578,39.31999969482422,4860,0.0,0.0
2024-10-16 15:34:00-04:00,39.31999969482422,39.31999969482422,39.29999923706055,39.30500030517578,13930,0.0,0.0
2024-10-16 15:35:00-04:00,39.30500030517578,39.310001373291016,39.29079818725586,39.29999923706055,7107,0.0,0.0
2024-10-16 15:36:00-04:00,39.30099868774414,39.310001373291016,39.30099868774414,39.310001373291016,2432,0.0,0.0
2024-10-16 15:37:00-04:00,39.31999969482422,39.31999969482422,39.30099868774414,39.30099868774414,3421,0.0,0.0
2024-10-16 15:38:00-04:00,39.30500030517578,39.30500030517578,39.27000045776367,39.275001525878906,7125,0.0,0.0
2024-10-16 15:39:00-04:00,39.270999908447266,39.275001525878906,39.270999908447266,39.275001525878906,2095,0.0,0.0
2024-10-16 15:40:00-04:00,39.27399826049805,39.349998474121094,39.26499938964844,39.310001373291016,19981,0.0,0.0
2024-10-16 15:41:00-04:00,39.30500030517578,39.345001220703125,39.29999923706055,39.317901611328125,20011,0.0,0.0
2024-10-16 15:42:00-04:00,39.310001373291016,39.314998626708984,39.29999923706055,39.310001373291016,8455,0.0,0.0
2024-10-16 15:43:00-04:00,39.31999969482422,39.31999969482422,39.29999923706055,39.29999923706055,6273,0.0,0.0
2024-10-16 15:44:00-04:00,39.29999923706055,39.310001373291016,39.29999923706055,39.30099868774414,3490,0.0,0.0
2024-10-16 15:45:00-04:00,39.310001373291016,39.314998626708984,39.275001525878906,39.290000915527344,14694,0.0,0.0
2024-10-16 15:46:00-04:00,39.29499816894531,39.29499816894531,39.279998779296875,39.28580093383789,5050,0.0,0.0
2024-10-16 15:47:00-04:00,39.28499984741211,39.28499984741211,39.279998779296875,39.28099822998047,5584,0.0,0.0
2024-10-16 15:48:00-04:00,39.279998779296875,39.28499984741211,39.26499938964844,39.26499938964844,9862,0.0,0.0
2024-10-16 15:49:00-04:00,39.2599983215332,39.26499938964844,39.2599983215332,39.26499938964844,7258,0.0,0.0
2024-10-16 15:50:00-04:00,39.27000045776367,39.279998779296875,39.2599983215332,39.26100158691406,15701,0.0,0.0
2024-10-16 15:51:00-04:00,39.26499938964844,39.27000045776367,39.22999954223633,39.23500061035156,9401,0.0,0.0
2024-10-16 15:52:00-04:00,39.23099899291992,39.2400016784668,39.224998474121094,39.23500061035156,6947,0.0,0.0
2024-10-16 15:53:00-04:00,39.22999954223633,39.23500061035156,39.220001220703125,39.22570037841797,12730,0.0,0.0
2024-10-16 15:54:00-04:00,39.224998474121094,39.29499816894531,39.220001220703125,39.2599983215332,25985,0.0,0.0
2024-10-16 15:55:00-04:00,39.2400016784668,39.2400016784668,39.20500183105469,39.20500183105469,13757,0.0,0.0
2024-10-16 15:56:00-04:00,39.20500183105469,39.255001068115234,39.20000076293945,39.244998931884766,20725,0.0,0.0
2024-10-16 15:57:00-04:00,39.244998931884766,39.244998931884766,39.209999084472656,39.209999084472656,16945,0.0,0.0
2024-10-16 15:58:00-04:00,39.220001220703125,39.224998474121094,39.20000076293945,39.20500183105469,23648,0.0,0.0
2024-10-16 15:59:00-04:00,39.20500183105469,39.20500183105469,39.150001525878906,39.150001525878906,40483,0.0,0.0
2024-10-17 09:30:00-04:00,39.06999969482422,39.290000915527344,39.06999969482422,39.15999984741211,10940,0.0,0.0
2024-10-17 09:31:00-04:00,39.02000045776367,39.02000045776367,39.02000045776367,39.02000045776367,438,0.0,0.0
2024-10-17 09:35:00-04:00,39.02000045776367,39.02000045776367,38.93000030517578,38.939998626708984,3754,0.0,0.0
2024-10-17 09:36:00-04:00,38.845001220703125,38.845001220703125,38.845001220703125,38.845001220703125,413,0.0,0.0
2024-10-17 09:37:00-04:00,38.82500076293945,38.82500076293945,38.810001373291016,38.810001373291016,12465,0.0,0.0
2024-10-17 09:38:00-04:00,38.869998931884766,38.88999938964844,38.86000061035156,38.86000061035156,1849,0.0,0.0
2024-10-17 09:41:00-04:00,38.98500061035156,38.98500061035156,38.90999984741211,38.98500061035156,1669,0.0,0.0
2024-10-17 09:44:00-04:00,38.86410140991211,38.86410140991211,38.86410140991211,38.86410140991211,373,0.0,0.0
2024-10-17 09:45:00-04:00,38.89789962768555,38.89789962768555,38.89789962768555,38.89789962768555,545,0.0,0.0
2024-10-17 09:46:00-04:00,38.94499969482422,38.94499969482422,38.94499969482422,38.94499969482422,147,0.0,0.0
2024-10-17 09:47:00-04:00,38.970001220703125,38.97999954223633,38.915000915527344,38.915000915527344,1464,0.0,0.0
2024-10-17 09:50:00-04:00,38.970001220703125,38.970001220703125,38.90999984741211,38.95000076293945,101600,0.0,0.0
2024-10-17 09:51:00-04:00,38.854801177978516,38.90999984741211,38.854801177978516,38.90999984741211,1713,0.0,0.0
2024-10-17 09:53:00-04:00,38.900001525878906,38.900001525878906,38.900001525878906,38.900001525878906,464,0.0,0.0
2024-10-17 09:55:00-04:00,38.88999938964844,38.88999938964844,38.88999938964844,38.88999938964844,274,0.0,0.0
2024-10-17 09:56:00-04:00,38.900001525878906,38.90999984741211,38.900001525878906,38.90999984741211,1116,0.0,0.0
2024-10-17 09:57:00-04:00,38.90999984741211,38.90999984741211,38.689998626708984,38.71500015258789,20788,0.0,0.0
2024-10-17 09:58:00-04:00,38.71659851074219,38.7599983215332,38.71659851074219,38.75,2138,0.0,0.0
2024-10-17 09:59:00-04:00,38.7599983215332,38.7599983215332,38.7599983215332,38.7599983215332,540,0.0,0.0
2024-10-17 10:00:00-04:00,38.77000045776367,38.77000045776367,38.77000045776367,38.77000045776367,212,0.0,0.0
2024-10-17 10:01:00-04:00,38.75,38.75,38.75,38.75,1656,0.0,0.0
2024-10-17 10:02:00-04:00,38.720001220703125,38.77000045776367,38.720001220703125,38.77000045776367,724,0.0,0.0
2024-10-17 10:03:00-04:00,38.7599983215332,38.77000045776367,38.7599983215332,38.77000045776367,878,0.0,0.0
2024-10-17 10:04:00-04:00,38.70000076293945,38.7599983215332,38.70000076293945,38.755001068115234,6013,0.0,0.0
2024-10-17 10:05:00-04:00,38.70000076293945,38.71500015258789,38.70000076293945,38.71160125732422,823,0.0,0.0
2024-10-17 10:06:00-04:00,38.71500015258789,38.71500015258789,38.71500015258789,38.71500015258789,9198,0.0,0.0
2024-10-17 10:07:00-04:00,38.72999954223633,38.75,38.709999084472656,38.709999084472656,7002,0.0,0.0
2024-10-17 10:08:00-04:00,38.69499969482422,38.69499969482422,38.69499969482422,38.69499969482422,1124,0.0,0.0
2024-10-17 10:09:00-04:00,38.709999084472656,38.709999084472656,38.709999084472656,38.709999084472656,536,0.0,0.0
2024-10-17 10:10:00-04:00,38.70000076293945,38.70000076293945,38.65999984741211,38.689998626708984,3473,0.0,0.0
2024-10-17 10:11:00-04:00,38.584999084472656,38.584999084472656,38.584999084472656,38.584999084472656,1051,0.0,0.0
2024-10-17 10:12:00-04:00,38.619998931884766,38.619998931884766,38.619998931884766,38.619998931884766,263,0.0,0.0
2024-10-17 10:13:00-04:00,38.65999984741211,38.66999816894531,38.65999984741211,38.66999816894531,1963,0.0,0.0
2024-10-17 10:15:00-04:00,38.60499954223633,38.60499954223633,38.59000015258789,38.59000015258789,972,0.0,0.0
2024-10-17 10:16:00-04:00,38.540000915527344,38.54499816894531,38.52000045776367,38.52000045776367,3019,0.0,0.0
2024-10-17 10:17:00-04:00,38.5099983215332,38.51499938964844,38.470001220703125,38.47999954223633,3362,0.0,0.0
2024-10-17 10:18:00-04:00,38.5099983215332,38.52000045776367,38.5099983215332,38.52000045776367,850,0.0,0.0
2024-10-17 10:19:00-04:00,38.564998626708984,38.564998626708984,38.564998626708984,38.564998626708984,1489,0.0,0.0
2024-10-17 10:20:00-04:00,38.630001068115234,38.630001068115234,38.630001068115234,38.630001068115234,205,0.0,0.0
2024-10-17 10:21:00-04:00,38.6150016784668,38.650001525878906,38.61199951171875,38.619998931884766,2004,0.0,0.0
2024-10-17 10:22:00-04:00,38.619998931884766,38.65999984741211,38.619998931884766,38.65999984741211,656,0.0,0.0
2024-10-17 10:23:00-04:00,38.65999984741211,38.68000030517578,38.65999984741211,38.68000030517578,1420,0.0,0.0
2024-10-17 10:24:00-04:00,38.685001373291016,38.685001373291016,38.685001373291016,38.685001373291016,1231,0.0,0.0
2024-10-17 10:25:00-04:00,38.689998626708984,38.689998626708984,38.689998626708984,38.689998626708984,234,0.0,0.0
2024-10-17 10:26:00-04:00,38.694000244140625,38.694000244140625,38.65999984741211,38.65999984741211,2204,0.0,0.0
2024-10-17 10:27:00-04:00,38.63999938964844,38.650001525878906,38.619998931884766,38.650001525878906,2614,0.0,0.0
2024-10-17 10:28:00-04:00,38.619998931884766,38.654998779296875,38.619998931884766,38.630001068115234,2230,0.0,0.0
2024-10-17 10:29:00-04:00,38.59000015258789,38.599998474121094,38.58000183105469,38.599998474121094,961,0.0,0.0
2024-10-17 10:30:00-04:00,38.599998474121094,38.599998474121094,38.599998474121094,38.599998474121094,556,0.0,0.0
2024-10-17 10:31:00-04:00,38.63999938964844,38.63999938964844,38.619998931884766,38.619998931884766,543,0.0,0.0
2024-10-17 10:32:00-04:00,38.63999938964844,38.63999938964844,38.599998474121094,38.60100173950195,2597,0.0,0.0
2024-10-17 10:33:00-04:00,38.57500076293945,38.61000061035156,38.57500076293945,38.61000061035156,2330,0.0,0.0
2024-10-17 10:34:00-04:00,38.63999938964844,38.63999938964844,38.58000183105469,38.58000183105469,1251,0.0,0.0
2024-10-17 10:35:00-04:00,38.59000015258789,38.630001068115234,38.59000015258789,38.630001068115234,1511,0.0,0.0
2024-10-17 10:36:00-04:00,38.58000183105469,38.63999938964844,38.56999969482422,38.56999969482422,11170,0.0,0.0
2024-10-17 10:38:00-04:00,38.56999969482422,38.56999969482422,38.54999923706055,38.564998626708984,6325,0.0,0.0
2024-10-17 10:39:00-04:00,38.5718994140625,38.619998931884766,38.5718994140625,38.619998931884766,1706,0.0,0.0
2024-10-17 10:40:00-04:00,38.619998931884766,38.66999816894531,38.619998931884766,38.64950180053711,3775,0.0,0.0
2024-10-17 10:41:00-04:00,38.61009979248047,38.68000030517578,38.61009979248047,38.68000030517578,4410,0.0,0.0
2024-10-17 10:42:00-04:00,38.68000030517578,38.720001220703125,38.67499923706055,38.68000030517578,5378,0.0,0.0
2024-10-17 10:43:00-04:00,38.66999816894531,38.72999954223633,38.66999816894531,38.720001220703125,4126,0.0,0.0
2024-10-17 10:44:00-04:00,38.68000030517578,38.69499969482422,38.68000030517578,38.69499969482422,409,0.0,0.0
2024-10-17 10:45:00-04:00,38.69499969482422,38.70000076293945,38.650001525878906,38.68000030517578,3890,0.0,0.0
2024-10-17 10:46:00-04:00,38.650001525878906,38.70000076293945,38.650001525878906,38.70000076293945,1170,0.0,0.0
2024-10-17 10:47:00-04:00,38.70000076293945,38.70000076293945,38.66999816894531,38.70000076293945,1431,0.0,0.0
2024-10-17 10:48:00-04:00,38.67499923706055,38.70000076293945,38.67499923706055,38.70000076293945,942,0.0,0.0
2024-10-17 10:49:00-04:00,38.68539810180664,38.70000076293945,38.68539810180664,38.70000076293945,992,0.0,0.0
2024-10-17 10:50:00-04:00,38.70000076293945,38.70000076293945,38.70000076293945,38.70000076293945,1945,0.0,0.0
2024-10-17 10:51:00-04:00,38.689998626708984,38.70000076293945,38.67250061035156,38.67250061035156,1945,0.0,0.0
2024-10-17 10:52:00-04:00,38.65999984741211,38.68000030517578,38.65999984741211,38.65999984741211,2451,0.0,0.0
2024-10-17 10:53:00-04:00,38.654998779296875,38.654998779296875,38.654998779296875,38.654998779296875,775,0.0,0.0
2024-10-17 10:54:00-04:00,38.650001525878906,38.650001525878906,38.650001525878906,38.650001525878906,448,0.0,0.0
2024-10-17 10:55:00-04:00,38.650001525878906,38.650001525878906,38.6349983215332,38.6349983215332,2253,0.0,0.0
2024-10-17 10:57:00-04:00,38.599998474121094,38.60810089111328,38.599998474121094,38.599998474121094,2107,0.0,0.0
2024-10-17 10:58:00-04:00,38.61000061035156,38.619998931884766,38.60499954223633,38.60499954223633,3049,0.0,0.0
2024-10-17 10:59:00-04:00,38.595001220703125,38.595001220703125,38.595001220703125,38.595001220703125,497,0.0,0.0
2024-10-17 11:00:00-04:00,38.595001220703125,38.599998474121094,38.595001220703125,38.599998474121094,686,0.0,0.0
2024-10-17 11:01:00-04:00,38.595001220703125,38.595001220703125,38.540000915527344,38.540000915527344,5061,0.0,0.0
2024-10-17 11:02:00-04:00,38.560001373291016,38.560001373291016,38.560001373291016,38.560001373291016,1481,0.0,0.0
2024-10-17 11:03:00-04:00,38.560001373291016,38.560001373291016,38.560001373291016,38.560001373291016,1062,0.0,0.0
2024-10-17 11:05:00-04:00,38.560001373291016,38.56700134277344,38.560001373291016,38.56700134277344,1428,0.0,0.0
2024-10-17 11:06:00-04:00,38.57500076293945,38.59000015258789,38.57500076293945,38.59000015258789,1680,0.0,0.0
2024-10-17 11:07:00-04:00,38.59000015258789,38.599998474121094,38.59000015258789,38.599998474121094,848,0.0,0.0
2024-10-17 11:08:00-04:00,38.599998474121094,38.599998474121094,38.599998474121094,38.599998474121094,1644,0.0,0.0
2024-10-17 11:09:00-04:00,38.61000061035156,38.61000061035156,38.61000061035156,38.61000061035156,495,0.0,0.0
2024-10-17 11:10:00-04:00,38.619998931884766,38.64500045776367,38.619998931884766,38.6349983215332,3198,0.0,0.0
2024-10-17 11:11:00-04:00,38.619998931884766,38.619998931884766,38.54999923706055,38.58000183105469,4565,0.0,0.0
2024-10-17 11:12:00-04:00,38.58000183105469,38.66999816894531,38.58000183105469,38.65999984741211,4215,0.0,0.0
2024-10-17 11:13:00-04:00,38.65999984741211,38.7599983215332,38.65999984741211,38.72999954223633,3786,0.0,0.0
2024-10-17 11:14:00-04:00,38.72999954223633,38.83000183105469,38.72999954223633,38.790000915527344,4256,0.0,0.0
2024-10-17 11:15:00-04:00,38.79999923706055,38.81999969482422,38.79999923706055,38.79999923706055,2470,0.0,0.0
2024-10-17 11:16:00-04:00,38.79999923706055,38.79999923706055,38.744998931884766,38.744998931884766,5834,0.0,0.0
2024-10-17 11:17:00-04:00,38.744998931884766,38.77000045776367,38.744998931884766,38.7599983215332,3372,0.0,0.0
2024-10-17 11:18:00-04:00,38.7599983215332,38.84000015258789,38.744998931884766,38.84000015258789,8648,0.0,0.0
2024-10-17 11:19:00-04:00,38.81999969482422,38.83000183105469,38.744998931884766,38.779998779296875,13247,0.0,0.0
2024-10-17 11:20:00-04:00,38.79999923706055,38.84000015258789,38.779998779296875,38.779998779296875,5343,0.0,0.0
2024-10-17 11:21:00-04:00,38.779998779296875,38.779998779296875,38.73500061035156,38.73500061035156,2379,0.0,0.0
2024-10-17 11:22:00-04:00,38.779998779296875,38.779998779296875,38.779998779296875,38.779998779296875,2159,0.0,0.0
2024-10-17 11:23:00-04:00,38.79999923706055,38.79999923706055,38.79999923706055,38.79999923706055,593,0.0,0.0
2024-10-17 11:24:00-04:00,38.79999923706055,38.81999969482422,38.779998779296875,38.779998779296875,17055,0.0,0.0
2024-10-17 11:25:00-04:00,38.75,38.79999923706055,38.709999084472656,38.78499984741211,17709,0.0,0.0
2024-10-17 11:26:00-04:00,38.79999923706055,38.82440185546875,38.79999923706055,38.82440185546875,1103,0.0,0.0
2024-10-17 11:27:00-04:00,38.84000015258789,38.84000015258789,38.82500076293945,38.82500076293945,1534,0.0,0.0
2024-10-17 11:28:00-04:00,38.814998626708984,38.83000183105469,38.810001373291016,38.810001373291016,2586,0.0,0.0
2024-10-17 11:29:00-04:00,38.83000183105469,38.83000183105469,38.83000183105469,38.83000183105469,112,0.0,0.0
2024-10-17 11:30:00-04:00,38.81999969482422,38.83000183105469,38.81999969482422,38.83000183105469,680,0.0,0.0
2024-10-17 11:32:00-04:00,38.81999969482422,38.81999969482422,38.81999969482422,38.81999969482422,200,0.0,0.0
2024-10-17 11:33:00-04:00,38.81999969482422,38.84989929199219,38.81999969482422,38.81999969482422,2820,0.0,0.0
2024-10-17 11:34:00-04:00,38.810001373291016,38.810001373291016,38.810001373291016,38.810001373291016,1126,0.0,0.0
2024-10-17 11:35:00-04:00,38.84000015258789,38.84000015258789,38.84000015258789,38.84000015258789,424,0.0,0.0
2024-10-17 11:37:00-04:00,38.86000061035156,38.86000061035156,38.86000061035156,38.86000061035156,1833,0.0,0.0
2024-10-17 11:39:00-04:00,38.900001525878906,38.900001525878906,38.900001525878906,38.900001525878906,580,0.0,0.0
2024-10-17 11:43:00-04:00,38.88999938964844,38.88999938964844,38.88999938964844,38.88999938964844,1700,0.0,0.0
2024-10-17 11:44:00-04:00,38.93000030517578,38.93000030517578,38.915000915527344,38.93000030517578,682,0.0,0.0
2024-10-17 11:45:00-04:00,38.959999084472656,38.959999084472656,38.92499923706055,38.92499923706055,625,0.0,0.0
2024-10-17 11:46:00-04:00,38.9281005859375,38.9281005859375,38.9281005859375,38.9281005859375,702,0.0,0.0
2024-10-17 11:47:00-04:00,38.935001373291016,39.04999923706055,38.935001373291016,39.040000915527344,4658,0.0,0.0
2024-10-17 11:48:00-04:00,39.0343017578125,39.0343017578125,39.03340148925781,39.03340148925781,350,0.0,0.0
2024-10-17 11:49:00-04:00,39.02669906616211,39.02669906616211,39.02669906616211,39.02669906616211,797,0.0,0.0
2024-10-17 11:50:00-04:00,39.01499938964844,39.01499938964844,38.98500061035156,39.0099983215332,4877,0.0,0.0
2024-10-17 11:51:00-04:00,38.9900016784668,39.005001068115234,38.959999084472656,38.959999084472656,5725,0.0,0.0
2024-10-17 11:52:00-04:00,38.970001220703125,38.97999954223633,38.970001220703125,38.97999954223633,1159,0.0,0.0
2024-10-17 11:53:00-04:00,39.0,39.0,39.0,39.0,449,0.0,0.0
2024-10-17 11:54:00-04:00,39.0,39.02000045776367,39.0,39.02000045776367,3157,0.0,0.0
2024-10-17 11:55:00-04:00,38.97999954223633,39.02000045776367,38.97999954223633,39.0099983215332,1818,0.0,0.0
2024-10-17 11:56:00-04:00,38.98500061035156,38.98500061035156,38.98500061035156,38.98500061035156,1080,0.0,0.0
2024-10-17 11:58:00-04:00,38.970001220703125,38.970001220703125,38.970001220703125,38.970001220703125,1894,0.0,0.0
2024-10-17 12:03:00-04:00,38.97999954223633,38.97999954223633,38.97999954223633,38.97999954223633,710,0.0,0.0
2024-10-17 12:04:00-04:00,38.939998626708984,38.970001220703125,38.939998626708984,38.970001220703125,2974,0.0,0.0
2024-10-17 12:05:00-04:00,38.970001220703125,38.970001220703125,38.96500015258789,38.96500015258789,269,0.0,0.0
2024-10-17 12:06:00-04:00,38.959999084472656,38.959999084472656,38.959999084472656,38.959999084472656,246,0.0,0.0
2024-10-17 12:07:00-04:00,38.94499969482422,38.95000076293945,38.94499969482422,38.95000076293945,940,0.0,0.0
2024-10-17 12:09:00-04:00,38.93000030517578,38.93000030517578,38.900001525878906,38.900001525878906,648,0.0,0.0
2024-10-17 12:10:00-04:00,38.89500045776367,38.89500045776367,38.880001068115234,38.880001068115234,2906,0.0,0.0
2024-10-17 12:12:00-04:00,38.869998931884766,38.869998931884766,38.869998931884766,38.869998931884766,327,0.0,0.0
2024-10-17 12:13:00-04:00,38.849998474121094,38.880001068115234,38.849998474121094,38.880001068115234,1617,0.0,0.0
2024-10-17 12:14:00-04:00,38.88999938964844,38.88999938964844,38.88999938964844,38.88999938964844,821,0.0,0.0
2024-10-17 12:15:00-04:00,38.904998779296875,38.90999984741211,38.904998779296875,38.90999984741211,1631,0.0,0.0
2024-10-17 12:18:00-04:00,38.900001525878906,38.900001525878906,38.900001525878906,38.900001525878906,549,0.0,0.0
2024-10-17 12:19:00-04:00,38.900001525878906,38.900001525878906,38.900001525878906,38.900001525878906,646,0.0,0.0
2024-10-17 12:20:00-04:00,38.90999984741211,38.90999984741211,38.90999984741211,38.90999984741211,1553,0.0,0.0
2024-10-17 12:21:00-04:00,38.92499923706055,38.92499923706055,38.92499923706055,38.92499923706055,299,0.0,0.0
2024-10-17 12:22:00-04:00,38.90999984741211,38.90999984741211,38.90999984741211,38.90999984741211,835,0.0,0.0
2024-10-17 12:23:00-04:00,38.880001068115234,38.880001068115234,38.869998931884766,38.869998931884766,855,0.0,0.0
2024-10-17 12:24:00-04:00,38.869998931884766,38.880001068115234,38.869998931884766,38.880001068115234,1520,0.0,0.0
2024-10-17 12:28:00-04:00,38.900001525878906,38.900001525878906,38.900001525878906,38.900001525878906,654,0.0,0.0
2024-10-17 12:29:00-04:00,38.880001068115234,38.91999816894531,38.880001068115234,38.91999816894531,1462,0.0,0.0
2024-10-17 12:32:00-04:00,38.88999938964844,38.88999938964844,38.88999938964844,38.88999938964844,233,0.0,0.0
2024-10-17 12:33:00-04:00,38.91490173339844,38.91490173339844,38.91490173339844,38.91490173339844,345,0.0,0.0
2024-10-17 12:35:00-04:00,38.880001068115234,38.93000030517578,38.880001068115234,38.93000030517578,3585,0.0,0.0
2024-10-17 12:36:00-04:00,38.939998626708984,39.0,38.91999816894531,39.0,5762,0.0,0.0
2024-10-17 12:37:00-04:00,38.970001220703125,39.01900100708008,38.970001220703125,39.005001068115234,6205,0.0,0.0
2024-10-17 12:38:00-04:00,38.994998931884766,39.005001068115234,38.994998931884766,39.0,3012,0.0,0.0
2024-10-17 12:39:00-04:00,38.994998931884766,39.00659942626953,38.994998931884766,39.0,1850,0.0,0.0
2024-10-17 12:40:00-04:00,38.994998931884766,39.0,38.93000030517578,38.96500015258789,53308,0.0,0.0
2024-10-17 12:41:00-04:00,38.93000030517578,38.939998626708984,38.90999984741211,38.939998626708984,1133,0.0,0.0
2024-10-17 12:42:00-04:00,38.91999816894531,38.939998626708984,38.900001525878906,38.92499923706055,2642,0.0,0.0
2024-10-17 12:43:00-04:00,38.92499923706055,38.98500061035156,38.92499923706055,38.98500061035156,4314,0.0,0.0
2024-10-17 12:44:00-04:00,38.96500015258789,38.96500015258789,38.96500015258789,38.96500015258789,101,0.0,0.0
2024-10-17 12:45:00-04:00,39.0,39.0,39.0,39.0,507,0.0,0.0
2024-10-17 12:46:00-04:00,38.97999954223633,39.00270080566406,38.97999954223633,38.9900016784668,1370,0.0,0.0
2024-10-17 12:47:00-04:00,38.9900016784668,38.9900016784668,38.94499969482422,38.97999954223633,6446,0.0,0.0
2024-10-17 12:48:00-04:00,38.97999954223633,38.97999954223633,38.91999816894531,38.935001373291016,934,0.0,0.0
2024-10-17 12:49:00-04:00,38.959999084472656,39.0015983581543,38.93000030517578,39.0015983581543,104416,0.0,0.0
2024-10-17 12:50:00-04:00,38.97999954223633,38.97999954223633,38.97999954223633,38.97999954223633,882,0.0,0.0
2024-10-17 12:51:00-04:00,39.0099983215332,39.0099983215332,38.98500061035156,38.98500061035156,2268,0.0,0.0
2024-10-17 12:53:00-04:00,39.00279998779297,39.00279998779297,39.00279998779297,39.00279998779297,204,0.0,0.0
2024-10-17 12:54:00-04:00,38.98500061035156,39.02000045776367,38.98500061035156,39.02000045776367,2955,0.0,0.0
2024-10-17 12:55:00-04:00,39.04499816894531,39.04499816894531,39.04499816894531,39.04499816894531,118,0.0,0.0
2024-10-17 12:56:00-04:00,39.02000045776367,39.02000045776367,39.02000045776367,39.02000045776367,6043,0.0,0.0
2024-10-17 12:57:00-04:00,39.040000915527344,39.040000915527344,39.040000915527344,39.040000915527344,1125,0.0,0.0
2024-10-17 12:58:00-04:00,39.04999923706055,39.04999923706055,39.04999923706055,39.04999923706055,590,0.0,0.0
2024-10-17 13:00:00-04:00,39.04999923706055,39.04999923706055,39.04999923706055,39.04999923706055,301,0.0,0.0
2024-10-17 13:01:00-04:00,39.06489944458008,39.06489944458008,39.06489944458008,39.06489944458008,498,0.0,0.0
2024-10-17 13:02:00-04:00,39.029998779296875,39.04999923706055,39.029998779296875,39.04999923706055,2314,0.0,0.0
2024-10-17 13:03:00-04:00,39.04999923706055,39.04999923706055,39.04999923706055,39.04999923706055,335,0.0,0.0
2024-10-17 13:04:00-04:00,39.04999923706055,39.099998474121094,39.029998779296875,39.09000015258789,8590,0.0,0.0
2024-10-17 13:05:00-04:00,39.11000061035156,39.11000061035156,38.974998474121094,38.974998474121094,17222,0.0,0.0
2024-10-17 13:06:00-04:00,38.97999954223633,39.025001525878906,38.97999954223633,39.02000045776367,4739,0.0,0.0
2024-10-17 13:07:00-04:00,39.02000045776367,39.029998779296875,39.02000045776367,39.029998779296875,1495,0.0,0.0
2024-10-17 13:08:00-04:00,39.040000915527344,39.060001373291016,39.040000915527344,39.060001373291016,2189,0.0,0.0
2024-10-17 13:10:00-04:00,39.08000183105469,39.08000183105469,39.040000915527344,39.060001373291016,6048,0.0,0.0
2024-10-17 13:11:00-04:00,39.04999923706055,39.078399658203125,39.04999923706055,39.078399658203125,1004,0.0,0.0
2024-10-17 13:13:00-04:00,39.06999969482422,39.06999969482422,39.06999969482422,39.06999969482422,460,0.0,0.0
2024-10-17 13:14:00-04:00,39.08000183105469,39.084999084472656,39.060001373291016,39.060001373291016,3645,0.0,0.0
2024-10-17 13:17:00-04:00,39.06999969482422,39.09000015258789,39.040000915527344,39.07500076293945,8023,0.0,0.0
2024-10-17 13:18:00-04:00,39.11000061035156,39.11000061035156,39.11000061035156,39.11000061035156,939,0.0,0.0
2024-10-17 13:19:00-04:00,39.099998474121094,39.099998474121094,39.09000015258789,39.09000015258789,661,0.0,0.0
2024-10-17 13:20:00-04:00,39.1327018737793,39.1327018737793,39.119998931884766,39.119998931884766,1234,0.0,0.0
2024-10-17 13:22:00-04:00,39.119998931884766,39.119998931884766,39.099998474121094,39.099998474121094,2034,0.0,0.0
2024-10-17 13:24:00-04:00,39.09000015258789,39.11000061035156,39.09000015258789,39.09000015258789,1762,0.0,0.0
2024-10-17 13:26:00-04:00,39.099998474121094,39.099998474121094,39.08000183105469,39.095001220703125,1513,0.0,0.0
2024-10-17 13:27:00-04:00,39.09000015258789,39.09000015258789,39.08000183105469,39.09000015258789,933,0.0,0.0
2024-10-17 13:28:00-04:00,39.095001220703125,39.095001220703125,39.09000015258789,39.09000015258789,518,0.0,0.0
2024-10-17 13:29:00-04:00,39.099998474121094,39.11000061035156,39.09000015258789,39.09000015258789,3298,0.0,0.0
2024-10-17 13:30:00-04:00,39.119998931884766,39.125,39.119998931884766,39.125,2152,0.0,0.0
2024-10-17 13:31:00-04:00,39.119998931884766,39.1349983215332,39.119998931884766,39.130001068115234,5049,0.0,0.0
2024-10-17 13:32:00-04:00,39.13999938964844,39.13999938964844,39.119998931884766,39.119998931884766,3015,0.0,0.0
2024-10-17 13:35:00-04:00,39.12990188598633,39.12990188598633,39.125,39.125,612,0.0,0.0
2024-10-17 13:36:00-04:00,39.119998931884766,39.130001068115234,39.119998931884766,39.130001068115234,3989,0.0,0.0
2024-10-17 13:37:00-04:00,39.125,39.125,39.05500030517578,39.06999969482422,4410,0.0,0.0
2024-10-17 13:38:00-04:00,39.060001373291016,39.06650161743164,39.060001373291016,39.064998626708984,1945,0.0,0.0
2024-10-17 13:39:00-04:00,39.064998626708984,39.064998626708984,39.03499984741211,39.03499984741211,1032,0.0,0.0
2024-10-17 13:40:00-04:00,39.029998779296875,39.029998779296875,39.0,39.005001068115234,1537,0.0,0.0
2024-10-17 13:41:00-04:00,39.0,39.0,38.9900016784668,38.9900016784668,1029,0.0,0.0
2024-10-17 13:42:00-04:00,38.9739990234375,38.974998474121094,38.90999984741211,38.915000915527344,4164,0.0,0.0
2024-10-17 13:44:00-04:00,38.880001068115234,38.880001068115234,38.81999969482422,38.81999969482422,2710,0.0,0.0
2024-10-17 13:46:00-04:00,38.79999923706055,38.79999923706055,38.79999923706055,38.79999923706055,203,0.0,0.0
2024-10-17 13:47:00-04:00,38.779998779296875,38.880001068115234,38.779998779296875,38.880001068115234,5484,0.0,0.0
2024-10-17 13:48:00-04:00,38.880001068115234,38.88999938964844,38.869998931884766,38.880001068115234,936,0.0,0.0
2024-10-17 13:50:00-04:00,38.880001068115234,38.880001068115234,38.86000061035156,38.880001068115234,1162,0.0,0.0
2024-10-17 13:51:00-04:00,38.86000061035156,38.86000061035156,38.86000061035156,38.86000061035156,447,0.0,0.0
2024-10-17 13:52:00-04:00,38.86000061035156,38.86000061035156,38.86000061035156,38.86000061035156,1334,0.0,0.0
2024-10-17 13:53:00-04:00,38.880001068115234,38.880001068115234,38.880001068115234,38.880001068115234,477,0.0,0.0
2024-10-17 13:54:00-04:00,38.86000061035156,38.900001525878906,38.86000061035156,38.900001525878906,2373,0.0,0.0
2024-10-17 13:55:00-04:00,38.900001525878906,38.900001525878906,38.880001068115234,38.880001068115234,1104,0.0,0.0
2024-10-17 13:56:00-04:00,38.869998931884766,38.880001068115234,38.869998931884766,38.869998931884766,1413,0.0,0.0
2024-10-17 13:57:00-04:00,38.869998931884766,38.869998931884766,38.869998931884766,38.869998931884766,802,0.0,0.0
2024-10-17 13:58:00-04:00,38.880001068115234,38.880001068115234,38.880001068115234,38.880001068115234,617,0.0,0.0
2024-10-17 13:59:00-04:00,38.880001068115234,38.880001068115234,38.880001068115234,38.880001068115234,700,0.0,0.0
2024-10-17 14:00:00-04:00,38.880001068115234,38.900001525878906,38.880001068115234,38.89500045776367,1351,0.0,0.0
2024-10-17 14:01:00-04:00,38.880001068115234,38.88999938964844,38.880001068115234,38.88999938964844,1622,0.0,0.0
2024-10-17 14:02:00-04:00,38.90999984741211,38.90999984741211,38.900001525878906,38.900001525878906,1720,0.0,0.0
2024-10-17 14:03:00-04:00,38.89500045776367,38.90999984741211,38.880001068115234,38.90999984741211,2433,0.0,0.0
2024-10-17 14:04:00-04:00,38.91999816894531,38.97999954223633,38.91999816894531,38.97999954223633,3542,0.0,0.0
2024-10-17 14:05:00-04:00,38.970001220703125,38.970001220703125,38.970001220703125,38.970001220703125,1642,0.0,0.0
2024-10-17 14:06:00-04:00,38.970001220703125,38.970001220703125,38.970001220703125,38.970001220703125,627,0.0,0.0
2024-10-17 14:07:00-04:00,38.970001220703125,38.970001220703125,38.93000030517578,38.93000030517578,3253,0.0,0.0
2024-10-17 14:08:00-04:00,38.90999984741211,38.93000030517578,38.88999938964844,38.90999984741211,2290,0.0,0.0
2024-10-17 14:09:00-04:00,38.900001525878906,38.959999084472656,38.900001525878906,38.95000076293945,2208,0.0,0.0
2024-10-17 14:10:00-04:00,38.91999816894531,38.95000076293945,38.90999984741211,38.939998626708984,3828,0.0,0.0
2024-10-17 14:11:00-04:00,38.93000030517578,38.95000076293945,38.93000030517578,38.95000076293945,902,0.0,0.0
2024-10-17 14:12:00-04:00,38.95000076293945,38.970001220703125,38.90999984741211,38.90999984741211,2165,0.0,0.0
2024-10-17 14:13:00-04:00,38.91999816894531,38.91999816894531,38.890098571777344,38.890098571777344,1780,0.0,0.0
2024-10-17 14:14:00-04:00,38.90999984741211,38.91999816894531,38.90999984741211,38.91999816894531,516,0.0,0.0
2024-10-17 14:15:00-04:00,38.90999984741211,38.91999816894531,38.8849983215332,38.90999984741211,4488,0.0,0.0
2024-10-17 14:16:00-04:00,38.897499084472656,38.897499084472656,38.88999938964844,38.88999938964844,1582,0.0,0.0
2024-10-17 14:17:00-04:00,38.880001068115234,38.91999816894531,38.880001068115234,38.91999816894531,1660,0.0,0.0
2024-10-17 14:18:00-04:00,38.900001525878906,38.900001525878906,38.900001525878906,38.900001525878906,1197,0.0,0.0
2024-10-17 14:19:00-04:00,38.875,38.88999938964844,38.86000061035156,38.88999938964844,6419,0.0,0.0
2024-10-17 14:20:00-04:00,38.8650016784668,38.88999938964844,38.86000061035156,38.880001068115234,2510,0.0,0.0
2024-10-17 14:22:00-04:00,38.84000015258789,38.869998931884766,38.84000015258789,38.86000061035156,5236,0.0,0.0
2024-10-17 14:23:00-04:00,38.869998931884766,38.900001525878906,38.869998931884766,38.900001525878906,4390,0.0,0.0
2024-10-17 14:24:00-04:00,38.93000030517578,38.93000030517578,38.88999938964844,38.88999938964844,1730,0.0,0.0
2024-10-17 14:25:00-04:00,38.88999938964844,38.900001525878906,38.86750030517578,38.86750030517578,2512,0.0,0.0
2024-10-17 14:26:00-04:00,38.869998931884766,38.888999938964844,38.869998931884766,38.888999938964844,1528,0.0,0.0
2024-10-17 14:27:00-04:00,38.869998931884766,38.869998931884766,38.869998931884766,38.869998931884766,222,0.0,0.0
2024-10-17 14:28:00-04:00,38.8650016784668,38.869998931884766,38.82500076293945,38.82500076293945,3135,0.0,0.0
2024-10-17 14:29:00-04:00,38.849998474121094,38.86000061035156,38.82500076293945,38.86000061035156,1509,0.0,0.0
2024-10-17 14:30:00-04:00,38.86000061035156,38.86000061035156,38.845001220703125,38.86000061035156,1164,0.0,0.0
2024-10-17 14:31:00-04:00,38.845001220703125,38.847999572753906,38.834999084472656,38.834999084472656,1416,0.0,0.0
2024-10-17 14:32:00-04:00,38.849998474121094,38.849998474121094,38.849998474121094,38.849998474121094,1486,0.0,0.0
2024-10-17 14:34:00-04:00,38.81999969482422,38.81999969482422,38.81999969482422,38.81999969482422,294,0.0,0.0
2024-10-17 14:35:00-04:00,38.81999969482422,38.83000183105469,38.790000915527344,38.790000915527344,2827,0.0,0.0
2024-10-17 14:36:00-04:00,38.79499816894531,38.79499816894531,38.790000915527344,38.79499816894531,1259,0.0,0.0
2024-10-17 14:37:00-04:00,38.790000915527344,38.790000915527344,38.790000915527344,38.790000915527344,490,0.0,0.0
2024-10-17 14:38:00-04:00,38.79999923706055,38.79999923706055,38.79999923706055,38.79999923706055,1078,0.0,0.0
2024-10-17 14:39:00-04:00,38.810001373291016,38.849998474121094,38.810001373291016,38.849998474121094,3312,0.0,0.0
2024-10-17 14:40:00-04:00,38.86000061035156,38.86000061035156,38.86000061035156,38.86000061035156,685,0.0,0.0
2024-10-17 14:41:00-04:00,38.84000015258789,38.849998474121094,38.84000015258789,38.849998474121094,769,0.0,0.0
2024-10-17 14:42:00-04:00,38.84000015258789,38.86000061035156,38.84000015258789,38.86000061035156,1781,0.0,0.0
2024-10-17 14:43:00-04:00,38.845001220703125,38.86000061035156,38.845001220703125,38.845001220703125,1681,0.0,0.0
2024-10-17 14:44:00-04:00,38.83000183105469,38.869998931884766,38.83000183105469,38.869998931884766,1968,0.0,0.0
2024-10-17 14:45:00-04:00,38.8650016784668,38.8650016784668,38.849998474121094,38.849998474121094,1960,0.0,0.0
2024-10-17 14:46:00-04:00,38.85499954223633,38.85499954223633,38.84870147705078,38.849998474121094,2177,0.0,0.0
2024-10-17 14:47:00-04:00,38.85499954223633,38.85499954223633,38.82500076293945,38.82500076293945,3491,0.0,0.0
2024-10-17 14:48:00-04:00,38.82500076293945,38.82500076293945,38.79999923706055,38.79999923706055,1891,0.0,0.0
2024-10-17 14:49:00-04:00,38.83000183105469,38.849998474121094,38.83000183105469,38.849998474121094,4653,0.0,0.0
2024-10-17 14:50:00-04:00,38.83000183105469,38.86000061035156,38.81999969482422,38.81999969482422,3996,0.0,0.0
2024-10-17 14:51:00-04:00,38.81999969482422,38.849998474121094,38.81999969482422,38.82500076293945,1389,0.0,0.0
2024-10-17 14:52:00-04:00,38.81999969482422,38.81999969482422,38.8036003112793,38.81999969482422,1185,0.0,0.0
2024-10-17 14:53:00-04:00,38.84000015258789,38.84000015258789,38.81999969482422,38.81999969482422,974,0.0,0.0
2024-10-17 14:54:00-04:00,38.81999969482422,38.83000183105469,38.81999969482422,38.83000183105469,1495,0.0,0.0
2024-10-17 14:55:00-04:00,38.83000183105469,38.834999084472656,38.82500076293945,38.82500076293945,3049,0.0,0.0
2024-10-17 14:56:00-04:00,38.82500076293945,38.82500076293945,38.82500076293945,38.82500076293945,921,0.0,0.0
2024-10-17 14:57:00-04:00,38.810001373291016,38.82500076293945,38.7599983215332,38.810001373291016,6566,0.0,0.0
2024-10-17 14:58:00-04:00,38.84000015258789,38.84000015258789,38.84000015258789,38.84000015258789,1119,0.0,0.0
2024-10-17 14:59:00-04:00,38.834999084472656,38.84000015258789,38.81999969482422,38.81999969482422,2617,0.0,0.0
2024-10-17 15:00:00-04:00,38.84000015258789,38.88999938964844,38.84000015258789,38.88999938964844,3347,0.0,0.0
2024-10-17 15:01:00-04:00,38.900001525878906,38.900001525878906,38.900001525878906,38.900001525878906,727,0.0,0.0
2024-10-17 15:02:00-04:00,38.90999984741211,38.98500061035156,38.90999984741211,38.98500061035156,3046,0.0,0.0
2024-10-17 15:03:00-04:00,38.99720001220703,38.99720001220703,38.97269821166992,38.97269821166992,1988,0.0,0.0
2024-10-17 15:04:00-04:00,38.98500061035156,38.98500061035156,38.98500061035156,38.98500061035156,573,0.0,0.0
2024-10-17 15:05:00-04:00,38.98500061035156,38.98500061035156,38.959999084472656,38.98500061035156,3565,0.0,0.0
2024-10-17 15:06:00-04:00,38.98569869995117,38.98569869995117,38.95000076293945,38.95000076293945,3220,0.0,0.0
2024-10-17 15:07:00-04:00,38.94499969482422,38.95000076293945,38.939998626708984,38.939998626708984,1498,0.0,0.0
2024-10-17 15:08:00-04:00,38.92499923706055,38.92499923706055,38.900001525878906,38.910099029541016,5824,0.0,0.0
2024-10-17 15:09:00-04:00,38.91999816894531,38.91999816894531,38.90999984741211,38.91999816894531,2572,0.0,0.0
2024-10-17 15:10:00-04:00,38.904998779296875,38.904998779296875,38.904998779296875,38.904998779296875,986,0.0,0.0
2024-10-17 15:11:00-04:00,38.91999816894531,38.91999816894531,38.90999984741211,38.90999984741211,1316,0.0,0.0
2024-10-17 15:12:00-04:00,38.92499923706055,38.92499923706055,38.90999984741211,38.91999816894531,55089,0.0,0.0
2024-10-17 15:13:00-04:00,38.91999816894531,38.91999816894531,38.91999816894531,38.91999816894531,543,0.0,0.0
2024-10-17 15:14:00-04:00,38.90999984741211,38.959999084472656,38.90999984741211,38.959999084472656,8549,0.0,0.0
2024-10-17 15:15:00-04:00,38.95000076293945,38.95000076293945,38.904998779296875,38.93000030517578,9823,0.0,0.0
2024-10-17 15:16:00-04:00,38.92499923706055,38.92499923706055,38.92499923706055,38.92499923706055,918,0.0,0.0
2024-10-17 15:17:00-04:00,38.93000030517578,38.93000030517578,38.880001068115234,38.883399963378906,9854,0.0,0.0
2024-10-17 15:18:00-04:00,38.8849983215332,38.90999984741211,38.871700286865234,38.90999984741211,8680,0.0,0.0
2024-10-17 15:19:00-04:00,38.89500045776367,38.90999984741211,38.89500045776367,38.90999984741211,2431,0.0,0.0
2024-10-17 15:20:00-04:00,38.904998779296875,38.90999984741211,38.904998779296875,38.904998779296875,1993,0.0,0.0
2024-10-17 15:21:00-04:00,38.904998779296875,38.90999984741211,38.904998779296875,38.904998779296875,1598,0.0,0.0
2024-10-17 15:22:00-04:00,38.904998779296875,38.904998779296875,38.875,38.880001068115234,6606,0.0,0.0
2024-10-17 15:23:00-04:00,38.880001068115234,38.880001068115234,38.869998931884766,38.880001068115234,2201,0.0,0.0
2024-10-17 15:24:00-04:00,38.880001068115234,38.880001068115234,38.880001068115234,38.880001068115234,2868,0.0,0.0
2024-10-17 15:25:00-04:00,38.880001068115234,38.900001525878906,38.869998931884766,38.900001525878906,7764,0.0,0.0
2024-10-17 15:26:00-04:00,38.900001525878906,38.900001525878906,38.88999938964844,38.900001525878906,3334,0.0,0.0
2024-10-17 15:27:00-04:00,38.900001525878906,38.90999984741211,38.900001525878906,38.900001525878906,4570,0.0,0.0
2024-10-17 15:28:00-04:00,38.89799880981445,38.900001525878906,38.88999938964844,38.900001525878906,2264,0.0,0.0
2024-10-17 15:29:00-04:00,38.900001525878906,38.900001525878906,38.88999938964844,38.900001525878906,3273,0.0,0.0
2024-10-17 15:30:00-04:00,38.900001525878906,38.900001525878906,38.8849983215332,38.8849983215332,7346,0.0,0.0
2024-10-17 15:31:00-04:00,38.8849983215332,38.904998779296875,38.875,38.88999938964844,18956,0.0,0.0
2024-10-17 15:32:00-04:00,38.88999938964844,38.89500045776367,38.880001068115234,38.880001068115234,3727,0.0,0.0
2024-10-17 15:33:00-04:00,38.8849983215332,38.90999984741211,38.880001068115234,38.89500045776367,25155,0.0,0.0
2024-10-17 15:34:00-04:00,38.900001525878906,38.900001525878906,38.891700744628906,38.891700744628906,2984,0.0,0.0
2024-10-17 15:35:00-04:00,38.900001525878906,38.900001525878906,38.880001068115234,38.88999938964844,6147,0.0,0.0
2024-10-17 15:36:00-04:00,38.8849983215332,38.90999984741211,38.8849983215332,38.90999984741211,6047,0.0,0.0
2024-10-17 15:37:00-04:00,38.91999816894531,38.96500015258789,38.91999816894531,38.96500015258789,4344,0.0,0.0
2024-10-17 15:38:00-04:00,38.970001220703125,38.970001220703125,38.95000076293945,38.95000076293945,3945,0.0,0.0
2024-10-17 15:39:00-04:00,38.959999084472656,38.970001220703125,38.959999084472656,38.970001220703125,4018,0.0,0.0
2024-10-17 15:40:00-04:00,38.97999954223633,39.0,38.970001220703125,38.974998474121094,10544,0.0,0.0
2024-10-17 15:41:00-04:00,38.974998474121094,38.9900016784668,38.939998626708984,38.939998626708984,7774,0.0,0.0
2024-10-17 15:42:00-04:00,38.935001373291016,38.935001373291016,38.900001525878906,38.91999816894531,5383,0.0,0.0
2024-10-17 15:43:00-04:00,38.93000030517578,38.93000030517578,38.93000030517578,38.93000030517578,1165,0.0,0.0
2024-10-17 15:44:00-04:00,38.91999816894531,38.95000076293945,38.91999816894531,38.95000076293945,9543,0.0,0.0
2024-10-17 15:45:00-04:00,38.939998626708984,38.95000076293945,38.939998626708984,38.94499969482422,7002,0.0,0.0
2024-10-17 15:46:00-04:00,38.94499969482422,38.94499969482422,38.880001068115234,38.880001068115234,6908,0.0,0.0
2024-10-17 15:47:00-04:00,38.86000061035156,38.880001068115234,38.86000061035156,38.880001068115234,3316,0.0,0.0
2024-10-17 15:48:00-04:00,38.869998931884766,38.880001068115234,38.85029983520508,38.869998931884766,11934,0.0,0.0
2024-10-17 15:49:00-04:00,38.880001068115234,38.900001525878906,38.880001068115234,38.89500045776367,6220,0.0,0.0
2024-10-17 15:50:00-04:00,38.900001525878906,38.90999984741211,38.849998474121094,38.849998474121094,15885,0.0,0.0
2024-10-17 15:51:00-04:00,38.84000015258789,38.845001220703125,38.83000183105469,38.83000183105469,4545,0.0,0.0
2024-10-17 15:52:00-04:00,38.83000183105469,38.84000015258789,38.75,38.7599983215332,19773,0.0,0.0
2024-10-17 15:53:00-04:00,38.7599983215332,38.76499938964844,38.75,38.755001068115234,6889,0.0,0.0
2024-10-17 15:54:00-04:00,38.7599983215332,38.779998779296875,38.70500183105469,38.70500183105469,20999,0.0,0.0
2024-10-17 15:55:00-04:00,38.70000076293945,38.77000045776367,38.66999816894531,38.7400016784668,19827,0.0,0.0
2024-10-17 15:56:00-04:00,38.744998931884766,38.744998931884766,38.66999816894531,38.66999816894531,14309,0.0,0.0
2024-10-17 15:57:00-04:00,38.68000030517578,38.68000030517578,38.4900016784668,38.5,153390,0.0,0.0
2024-10-17 15:58:00-04:00,38.5,38.52000045776367,38.4900016784668,38.494998931884766,41972,0.0,0.0
2024-10-17 15:59:00-04:00,38.494998931884766,38.505001068115234,38.470001220703125,38.47999954223633,69234,0.0,0.0
2024-10-18 09:30:00-04:00,38.619998931884766,38.915000915527344,38.619998931884766,38.915000915527344,8493,0.0,0.0
2024-10-18 09:31:00-04:00,38.95000076293945,38.97999954223633,38.95000076293945,38.97999954223633,534,0.0,0.0
2024-10-18 09:32:00-04:00,39.209999084472656,39.220001220703125,38.83000183105469,38.83000183105469,1052,0.0,0.0
2024-10-18 09:33:00-04:00,38.79999923706055,38.79999923706055,38.79999923706055,38.79999923706055,437,0.0,0.0
2024-10-18 09:34:00-04:00,38.97999954223633,38.97999954223633,38.72999954223633,38.72999954223633,3277,0.0,0.0
2024-10-18 09:35:00-04:00,38.97999954223633,38.97999954223633,38.90999984741211,38.91999816894531,1631,0.0,0.0
2024-10-18 09:36:00-04:00,38.83000183105469,39.04499816894531,38.814998626708984,38.95000076293945,2106,0.0,0.0
2024-10-18 09:37:00-04:00,38.9900016784668,38.9900016784668,38.95000076293945,38.95000076293945,1438,0.0,0.0
2024-10-18 09:38:00-04:00,38.85499954223633,39.0099983215332,38.85499954223633,38.959999084472656,2259,0.0,0.0
2024-10-18 09:40:00-04:00,38.9900016784668,38.9900016784668,38.9900016784668,38.9900016784668,455,0.0,0.0
2024-10-18 09:41:00-04:00,38.9900016784668,39.029998779296875,38.98500061035156,39.029998779296875,3737,0.0,0.0
2024-10-18 09:42:00-04:00,39.029998779296875,39.09000015258789,39.029998779296875,39.09000015258789,1974,0.0,0.0
2024-10-18 09:43:00-04:00,39.08000183105469,39.099998474121094,39.08000183105469,39.099998474121094,1151,0.0,0.0
2024-10-18 09:44:00-04:00,39.099998474121094,39.150001525878906,39.099998474121094,39.150001525878906,1591,0.0,0.0
2024-10-18 09:45:00-04:00,39.11000061035156,39.150001525878906,39.099998474121094,39.130001068115234,1681,0.0,0.0
2024-10-18 09:46:00-04:00,39.09000015258789,39.1150016784668,38.95000076293945,39.005001068115234,5383,0.0,0.0
2024-10-18 09:47:00-04:00,39.02000045776367,39.02000045776367,38.97999954223633,38.97999954223633,5255,0.0,0.0
2024-10-18 09:48:00-04:00,38.97999954223633,38.97999954223633,38.97999954223633,38.97999954223633,477,0.0,0.0
2024-10-18 09:49:00-04:00,38.97999954223633,38.97999954223633,38.90999984741211,38.939998626708984,4073,0.0,0.0
2024-10-18 09:50:00-04:00,38.94499969482422,38.97999954223633,38.849998474121094,38.89500045776367,6097,0.0,0.0
2024-10-18 09:51:00-04:00,38.89500045776367,38.89500045776367,38.869998931884766,38.869998931884766,4312,0.0,0.0
2024-10-18 09:52:00-04:00,38.880001068115234,38.90999984741211,38.849998474121094,38.90999984741211,7969,0.0,0.0
2024-10-18 09:53:00-04:00,38.90999984741211,38.91999816894531,38.85499954223633,38.85499954223633,7877,0.0,0.0
2024-10-18 09:54:00-04:00,38.85499954223633,38.88999938964844,38.80500030517578,38.80500030517578,7163,0.0,0.0
2024-10-18 09:55:00-04:00,38.80500030517578,38.86000061035156,38.80500030517578,38.86000061035156,1952,0.0,0.0
2024-10-18 09:56:00-04:00,38.86000061035156,38.9900016784668,38.86000061035156,38.970001220703125,8953,0.0,0.0
2024-10-18 09:57:00-04:00,38.97999954223633,38.97999954223633,38.97850036621094,38.97999954223633,896,0.0,0.0
2024-10-18 09:58:00-04:00,38.970001220703125,39.0099983215332,38.970001220703125,39.0099983215332,1366,0.0,0.0
2024-10-18 09:59:00-04:00,39.02000045776367,39.09000015258789,38.9900016784668,38.9900016784668,3989,0.0,0.0
2024-10-18 10:00:00-04:00,39.005001068115234,39.1150016784668,39.005001068115234,39.099998474121094,3524,0.0,0.0
2024-10-18 10:01:00-04:00,39.119998931884766,39.224998474121094,39.119998931884766,39.224998474121094,2300,0.0,0.0
2024-10-18 10:02:00-04:00,39.224998474121094,39.224998474121094,39.224998474121094,39.224998474121094,231,0.0,0.0
2024-10-18 10:03:00-04:00,39.150001525878906,39.189998626708984,39.130001068115234,39.189998626708984,859,0.0,0.0
2024-10-18 10:04:00-04:00,39.20000076293945,39.20000076293945,39.20000076293945,39.20000076293945,717,0.0,0.0
2024-10-18 10:06:00-04:00,39.16999816894531,39.20000076293945,39.16999816894531,39.20000076293945,991,0.0,0.0
2024-10-18 10:07:00-04:00,39.19499969482422,39.310001373291016,39.185001373291016,39.22999954223633,30053,0.0,0.0
2024-10-18 10:08:00-04:00,39.279998779296875,39.279998779296875,39.275001525878906,39.279998779296875,1157,0.0,0.0
2024-10-18 10:09:00-04:00,39.290000915527344,39.290000915527344,39.209999084472656,39.25,5514,0.0,0.0
2024-10-18 10:12:00-04:00,39.31999969482422,39.31999969482422,39.31999969482422,39.31999969482422,500,0.0,0.0
2024-10-18 10:13:00-04:00,39.380001068115234,39.470001220703125,39.380001068115234,39.470001220703125,5073,0.0,0.0
2024-10-18 10:14:00-04:00,39.52000045776367,39.61000061035156,39.45000076293945,39.540000915527344,8579,0.0,0.0
2024-10-18 10:15:00-04:00,39.529998779296875,39.529998779296875,39.5,39.529998779296875,869,0.0,0.0
2024-10-18 10:16:00-04:00,39.529998779296875,39.540000915527344,39.529998779296875,39.540000915527344,389,0.0,0.0
2024-10-18 10:17:00-04:00,39.560001373291016,39.589900970458984,39.52000045776367,39.52000045776367,2730,0.0,0.0
2024-10-18 10:18:00-04:00,39.40999984741211,39.41910171508789,39.40999984741211,39.40999984741211,622,0.0,0.0
2024-10-18 10:19:00-04:00,39.41999816894531,39.41999816894531,39.41999816894531,39.41999816894531,208,0.0,0.0
2024-10-18 10:20:00-04:00,39.44499969482422,39.44499969482422,39.380001068115234,39.380001068115234,2012,0.0,0.0
2024-10-18 10:21:00-04:00,39.34000015258789,39.34000015258789,39.34000015258789,39.34000015258789,577,0.0,0.0
2024-10-18 10:22:00-04:00,39.36140060424805,39.53499984741211,39.36140060424805,39.53499984741211,25316,0.0,0.0
2024-10-18 10:23:00-04:00,39.53499984741211,39.53499984741211,39.36000061035156,39.36000061035156,15071,0.0,0.0
2024-10-18 10:24:00-04:00,39.36000061035156,39.36000061035156,39.36000061035156,39.36000061035156,1736,0.0,0.0
2024-10-18 10:26:00-04:00,39.314998626708984,39.314998626708984,39.2599983215332,39.2599983215332,2091,0.0,0.0
2024-10-18 10:27:00-04:00,39.290000915527344,39.290000915527344,39.279998779296875,39.279998779296875,951,0.0,0.0
2024-10-18 10:28:00-04:00,39.2599983215332,39.2599983215332,39.2599983215332,39.2599983215332,1094,0.0,0.0
2024-10-18 10:30:00-04:00,39.20000076293945,39.20000076293945,39.119998931884766,39.119998931884766,1077,0.0,0.0
2024-10-18 10:31:00-04:00,39.189998626708984,39.189998626708984,39.16999816894531,39.16999816894531,3417,0.0,0.0
2024-10-18 10:32:00-04:00,39.25,39.25,39.25,39.25,1419,0.0,0.0
2024-10-18 10:33:00-04:00,39.189998626708984,39.189998626708984,39.189998626708984,39.189998626708984,213,0.0,0.0
2024-10-18 10:34:00-04:00,39.189998626708984,39.189998626708984,39.189998626708984,39.189998626708984,825,0.0,0.0
2024-10-18 10:36:00-04:00,39.08000183105469,39.08000183105469,39.08000183105469,39.08000183105469,513,0.0,0.0
2024-10-18 10:37:00-04:00,39.13999938964844,39.220001220703125,39.13999938964844,39.220001220703125,4708,0.0,0.0
2024-10-18 10:38:00-04:00,39.2400016784668,39.2400016784668,39.154998779296875,39.17210006713867,4746,0.0,0.0
2024-10-18 10:39:00-04:00,39.15999984741211,39.20000076293945,39.15999984741211,39.19990158081055,4936,0.0,0.0
2024-10-18 10:40:00-04:00,39.175899505615234,39.19169998168945,39.13999938964844,39.16999816894531,2293,0.0,0.0
2024-10-18 10:41:00-04:00,39.16999816894531,39.224998474121094,39.16999816894531,39.220001220703125,1935,0.0,0.0
2024-10-18 10:42:00-04:00,39.209999084472656,39.209999084472656,39.20500183105469,39.20500183105469,733,0.0,0.0
2024-10-18 10:43:00-04:00,39.20500183105469,39.20500183105469,39.20500183105469,39.20500183105469,636,0.0,0.0
2024-10-18 10:45:00-04:00,39.18709945678711,39.18709945678711,39.185001373291016,39.185001373291016,1450,0.0,0.0
2024-10-18 10:48:00-04:00,39.18000030517578,39.18000030517578,39.15999984741211,39.15999984741211,1486,0.0,0.0
2024-10-18 10:49:00-04:00,39.15950012207031,39.15950012207031,39.130001068115234,39.130001068115234,546,0.0,0.0
2024-10-18 10:50:00-04:00,39.150001525878906,39.150001525878906,39.119998931884766,39.119998931884766,445,0.0,0.0
2024-10-18 10:51:00-04:00,39.130001068115234,39.130001068115234,39.130001068115234,39.130001068115234,2445,0.0,0.0
2024-10-18 10:55:00-04:00,39.08000183105469,39.08000183105469,39.08000183105469,39.08000183105469,375,0.0,0.0
2024-10-18 10:56:00-04:00,39.099998474121094,39.150001525878906,39.095001220703125,39.150001525878906,5028,0.0,0.0
2024-10-18 10:57:00-04:00,39.150001525878906,39.209999084472656,39.150001525878906,39.209999084472656,2664,0.0,0.0
2024-10-18 11:00:00-04:00,39.14500045776367,39.20000076293945,39.14500045776367,39.189998626708984,2854,0.0,0.0
2024-10-18 11:03:00-04:00,39.189998626708984,39.189998626708984,39.189998626708984,39.189998626708984,139,0.0,0.0
2024-10-18 11:04:00-04:00,39.189998626708984,39.220001220703125,39.189998626708984,39.220001220703125,1821,0.0,0.0
2024-10-18 11:05:00-04:00,39.220001220703125,39.22999954223633,39.220001220703125,39.220001220703125,2383,0.0,0.0
2024-10-18 11:06:00-04:00,39.27000045776367,39.29999923706055,39.27000045776367,39.28499984741211,1917,0.0,0.0
2024-10-18 11:08:00-04:00,39.27000045776367,39.34000015258789,39.27000045776367,39.275001525878906,9289,0.0,0.0
2024-10-18 11:10:00-04:00,39.2599983215332,39.2599983215332,39.25,39.25,4482,0.0,0.0
2024-10-18 11:11:00-04:00,39.2400016784668,39.255001068115234,39.2400016784668,39.25,1252,0.0,0.0
2024-10-18 11:12:00-04:00,39.2400016784668,39.25,39.2400016784668,39.25,1546,0.0,0.0
2024-10-18 11:13:00-04:00,39.2599983215332,39.2599983215332,39.2599983215332,39.2599983215332,772,0.0,0.0
2024-10-18 11:14:00-04:00,39.2599983215332,39.275001525878906,39.2599983215332,39.275001525878906,2684,0.0,0.0
2024-10-18 11:16:00-04:00,39.29999923706055,39.29999923706055,39.29999923706055,39.29999923706055,2284,0.0,0.0
2024-10-18 11:17:00-04:00,39.28499984741211,39.28499984741211,39.28499984741211,39.28499984741211,200,0.0,0.0
2024-10-18 11:18:00-04:00,39.284698486328125,39.284698486328125,39.2599983215332,39.2599983215332,303,0.0,0.0
2024-10-18 11:19:00-04:00,39.28499984741211,39.290000915527344,39.28499984741211,39.290000915527344,933,0.0,0.0
2024-10-18 11:20:00-04:00,39.29679870605469,39.29679870605469,39.29679870605469,39.29679870605469,469,0.0,0.0
2024-10-18 11:21:00-04:00,39.290000915527344,39.29999923706055,39.279998779296875,39.279998779296875,1666,0.0,0.0
2024-10-18 11:23:00-04:00,39.2599983215332,39.2599983215332,39.2599983215332,39.2599983215332,905,0.0,0.0
2024-10-18 11:24:00-04:00,39.2400016784668,39.2400016784668,39.2400016784668,39.2400016784668,687,0.0,0.0
2024-10-18 11:26:00-04:00,39.25,39.255001068115234,39.23500061035156,39.23500061035156,1718,0.0,0.0
2024-10-18 11:27:00-04:00,39.22999954223633,39.25,39.220001220703125,39.25,2334,0.0,0.0
2024-10-18 11:28:00-04:00,39.2599983215332,39.2599983215332,39.2599983215332,39.2599983215332,490,0.0,0.0
2024-10-18 11:30:00-04:00,39.2400016784668,39.2400016784668,39.2400016784668,39.2400016784668,561,0.0,0.0
2024-10-18 11:31:00-04:00,39.244998931884766,39.29499816894531,39.23500061035156,39.29499816894531,4321,0.0,0.0
2024-10-18 11:32:00-04:00,39.290000915527344,39.30500030517578,39.279998779296875,39.279998779296875,1461,0.0,0.0
2024-10-18 11:34:00-04:00,39.27450180053711,39.27450180053711,39.27450180053711,39.27450180053711,2010,0.0,0.0
2024-10-18 11:36:00-04:00,39.25,39.25,39.25,39.25,448,0.0,0.0
2024-10-18 11:37:00-04:00,39.2400016784668,39.2400016784668,39.220001220703125,39.220001220703125,531,0.0,0.0
2024-10-18 11:39:00-04:00,39.21500015258789,39.21500015258789,39.20000076293945,39.20000076293945,703,0.0,0.0
2024-10-18 11:40:00-04:00,39.22999954223633,39.23500061035156,39.20000076293945,39.220001220703125,2087,0.0,0.0
2024-10-18 11:41:00-04:00,39.22309875488281,39.26499938964844,39.22309875488281,39.26499938964844,2991,0.0,0.0
2024-10-18 11:42:00-04:00,39.2599983215332,39.2599983215332,39.2599983215332,39.2599983215332,388,0.0,0.0
2024-10-18 11:43:00-04:00,39.26499938964844,39.26499938964844,39.26499938964844,39.26499938964844,181,0.0,0.0
2024-10-18 11:44:00-04:00,39.26490020751953,39.290000915527344,39.26490020751953,39.290000915527344,2143,0.0,0.0
2024-10-18 11:45:00-04:00,39.279998779296875,39.279998779296875,39.279998779296875,39.279998779296875,135,0.0,0.0
2024-10-18 11:46:00-04:00,39.279998779296875,39.279998779296875,39.279998779296875,39.279998779296875,630,0.0,0.0
2024-10-18 11:47:00-04:00,39.2599983215332,39.2599983215332,39.25,39.25,447,0.0,0.0
2024-10-18 11:48:00-04:00,39.2599983215332,39.2599983215332,39.2599983215332,39.2599983215332,400,0.0,0.0
2024-10-18 11:49:00-04:00,39.25,39.2599983215332,39.25,39.25,1157,0.0,0.0
2024-10-18 11:50:00-04:00,39.255001068115234,39.255001068115234,39.25,39.25,455,0.0,0.0
2024-10-18 11:51:00-04:00,39.25,39.255001068115234,39.11000061035156,39.14500045776367,9803,0.0,0.0
2024-10-18 11:52:00-04:00,39.13999938964844,39.150001525878906,39.13999938964844,39.14500045776367,1863,0.0,0.0
2024-10-18 11:53:00-04:00,39.11000061035156,39.11000061035156,39.11000061035156,39.11000061035156,689,0.0,0.0
2024-10-18 11:54:00-04:00,39.125,39.125,39.119998931884766,39.119998931884766,427,0.0,0.0
2024-10-18 11:55:00-04:00,39.119998931884766,39.13999938964844,39.11000061035156,39.11000061035156,2415,0.0,0.0
2024-10-18 11:56:00-04:00,39.11249923706055,39.13999938964844,39.099998474121094,39.13999938964844,3094,0.0,0.0
2024-10-18 11:59:00-04:00,39.130001068115234,39.130001068115234,39.130001068115234,39.130001068115234,293,0.0,0.0
2024-10-18 12:00:00-04:00,39.130001068115234,39.1349983215332,39.130001068115234,39.1349983215332,1142,0.0,0.0
2024-10-18 12:01:00-04:00,39.122501373291016,39.122501373291016,39.122501373291016,39.122501373291016,527,0.0,0.0
2024-10-18 12:03:00-04:00,39.13999938964844,39.19499969482422,39.119998931884766,39.19499969482422,6901,0.0,0.0
2024-10-18 12:04:00-04:00,39.19499969482422,39.220001220703125,39.18000030517578,39.20000076293945,12282,0.0,0.0
2024-10-18 12:06:00-04:00,39.18000030517578,39.2599983215332,39.18000030517578,39.220001220703125,19206,0.0,0.0
2024-10-18 12:08:00-04:00,39.244998931884766,39.244998931884766,39.244998931884766,39.244998931884766,335,0.0,0.0
2024-10-18 12:09:00-04:00,39.244998931884766,39.244998931884766,39.244998931884766,39.244998931884766,242,0.0,0.0
2024-10-18 12:10:00-04:00,39.244998931884766,39.244998931884766,39.244998931884766,39.244998931884766,174,0.0,0.0
2024-10-18 12:11:00-04:00,39.220001220703125,39.220001220703125,39.20000076293945,39.20000076293945,2412,0.0,0.0
2024-10-18 12:12:00-04:00,39.219200134277344,39.219200134277344,39.219200134277344,39.219200134277344,739,0.0,0.0
2024-10-18 12:13:00-04:00,39.201698303222656,39.201698303222656,39.189998626708984,39.20000076293945,1042,0.0,0.0
2024-10-18 12:14:00-04:00,39.20000076293945,39.20000076293945,39.20000076293945,39.20000076293945,1852,0.0,0.0
2024-10-18 12:16:00-04:00,39.20000076293945,39.20000076293945,39.189998626708984,39.189998626708984,1175,0.0,0.0
2024-10-18 12:17:00-04:00,39.20500183105469,39.20500183105469,39.20500183105469,39.20500183105469,437,0.0,0.0
2024-10-18 12:18:00-04:00,39.20000076293945,39.20000076293945,39.11000061035156,39.11000061035156,13269,0.0,0.0
2024-10-18 12:19:00-04:00,39.125,39.125,39.099998474121094,39.119998931884766,2126,0.0,0.0
2024-10-18 12:20:00-04:00,39.099998474121094,39.099998474121094,39.06999969482422,39.084999084472656,2257,0.0,0.0
2024-10-18 12:21:00-04:00,39.06999969482422,39.08000183105469,39.060001373291016,39.060001373291016,1792,0.0,0.0
2024-10-18 12:22:00-04:00,39.0,39.02000045776367,38.9900016784668,39.0099983215332,2843,0.0,0.0
2024-10-18 12:23:00-04:00,38.97999954223633,38.97999954223633,38.97999954223633,38.97999954223633,444,0.0,0.0
2024-10-18 12:24:00-04:00,39.0,39.0,39.0,39.0,237,0.0,0.0
2024-10-18 12:25:00-04:00,39.0,39.02000045776367,39.0,39.02000045776367,3317,0.0,0.0
2024-10-18 12:28:00-04:00,39.04999923706055,39.05500030517578,39.04999923706055,39.05500030517578,2487,0.0,0.0
2024-10-18 12:30:00-04:00,39.064998626708984,39.064998626708984,39.04999923706055,39.04999923706055,758,0.0,0.0
2024-10-18 12:31:00-04:00,39.02000045776367,39.02000045776367,39.02000045776367,39.02000045776367,221,0.0,0.0
2024-10-18 12:32:00-04:00,39.0,39.0,39.0,39.0,625,0.0,0.0
2024-10-18 12:33:00-04:00,39.0099983215332,39.0099983215332,39.0099983215332,39.0099983215332,490,0.0,0.0
2024-10-18 12:34:00-04:00,39.040000915527344,39.04499816894531,39.029998779296875,39.04499816894531,2899,0.0,0.0
2024-10-18 12:35:00-04:00,39.04499816894531,39.04499816894531,39.04499816894531,39.04499816894531,135,0.0,0.0
2024-10-18 12:36:00-04:00,39.029998779296875,39.060001373291016,39.029998779296875,39.060001373291016,1503,0.0,0.0
2024-10-18 12:37:00-04:00,39.060001373291016,39.099998474121094,39.060001373291016,39.099998474121094,3399,0.0,0.0
2024-10-18 12:38:00-04:00,39.11000061035156,39.11000061035156,39.11000061035156,39.11000061035156,1028,0.0,0.0
2024-10-18 12:41:00-04:00,39.06999969482422,39.130001068115234,39.06999969482422,39.130001068115234,3276,0.0,0.0
2024-10-18 12:44:00-04:00,39.119998931884766,39.150001525878906,39.119998931884766,39.125,1735,0.0,0.0
2024-10-18 12:45:00-04:00,39.125,39.13999938964844,39.125,39.125,738,0.0,0.0
2024-10-18 12:46:00-04:00,39.125,39.13999938964844,39.125,39.13999938964844,1040,0.0,0.0
2024-10-18 12:48:00-04:00,39.11000061035156,39.13999938964844,39.11000061035156,39.119998931884766,2394,0.0,0.0
2024-10-18 12:49:00-04:00,39.08000183105469,39.08000183105469,39.08000183105469,39.08000183105469,1399,0.0,0.0
2024-10-18 12:50:00-04:00,39.06999969482422,39.06999969482422,39.06999969482422,39.06999969482422,373,0.0,0.0
2024-10-18 12:51:00-04:00,39.084999084472656,39.09000015258789,39.08000183105469,39.08000183105469,549,0.0,0.0
2024-10-18 12:52:00-04:00,39.09000015258789,39.09000015258789,39.08000183105469,39.08000183105469,1439,0.0,0.0
2024-10-18 12:54:00-04:00,39.06999969482422,39.06999969482422,39.06999969482422,39.06999969482422,353,0.0,0.0
2024-10-18 12:55:00-04:00,39.09000015258789,39.11000061035156,39.09000015258789,39.11000061035156,2591,0.0,0.0
2024-10-18 12:56:00-04:00,39.099998474121094,39.099998474121094,39.06999969482422,39.06999969482422,789,0.0,0.0
2024-10-18 12:58:00-04:00,39.084999084472656,39.084999084472656,39.084999084472656,39.084999084472656,274,0.0,0.0
2024-10-18 12:59:00-04:00,39.084999084472656,39.084999084472656,39.084999084472656,39.084999084472656,1127,0.0,0.0
2024-10-18 13:01:00-04:00,39.040000915527344,39.040000915527344,39.040000915527344,39.040000915527344,666,0.0,0.0
2024-10-18 13:03:00-04:00,39.029998779296875,39.029998779296875,39.029998779296875,39.029998779296875,237,0.0,0.0
2024-10-18 13:04:00-04:00,39.029998779296875,39.029998779296875,39.029998779296875,39.029998779296875,655,0.0,0.0
2024-10-18 13:06:00-04:00,39.0343017578125,39.04499816894531,39.029998779296875,39.04499816894531,1203,0.0,0.0
2024-10-18 13:07:00-04:00,39.040000915527344,39.08000183105469,39.040000915527344,39.060001373291016,2946,0.0,0.0
2024-10-18 13:09:00-04:00,39.08000183105469,39.10499954223633,39.064998626708984,39.099998474121094,3378,0.0,0.0
2024-10-18 13:10:00-04:00,39.099998474121094,39.099998474121094,39.099998474121094,39.099998474121094,523,0.0,0.0
2024-10-18 13:11:00-04:00,39.099998474121094,39.119998931884766,39.099998474121094,39.1150016784668,1991,0.0,0.0
2024-10-18 13:12:00-04:00,39.1150016784668,39.154998779296875,39.1150016784668,39.154998779296875,2546,0.0,0.0
2024-10-18 13:13:00-04:00,39.150001525878906,39.15599822998047,39.119998931884766,39.130001068115234,2911,0.0,0.0
2024-10-18 13:14:00-04:00,39.13999938964844,39.13999938964844,39.130001068115234,39.130001068115234,817,0.0,0.0
2024-10-18 13:15:00-04:00,39.130001068115234,39.13999938964844,39.119998931884766,39.130001068115234,2747,0.0,0.0
2024-10-18 13:16:00-04:00,39.130001068115234,39.130001068115234,39.119998931884766,39.130001068115234,2828,0.0,0.0
2024-10-18 13:18:00-04:00,39.064998626708984,39.06999969482422,39.04999923706055,39.06999969482422,1437,0.0,0.0
2024-10-18 13:20:00-04:00,39.04999923706055,39.099998474121094,39.04999923706055,39.099998474121094,2865,0.0,0.0
2024-10-18 13:21:00-04:00,39.09000015258789,39.20000076293945,39.09000015258789,39.16999816894531,6313,0.0,0.0
2024-10-18 13:22:00-04:00,39.18000030517578,39.18000030517578,39.150001525878906,39.152000427246094,1493,0.0,0.0
2024-10-18 13:23:00-04:00,39.13999938964844,39.150001525878906,39.130001068115234,39.13999938964844,1707,0.0,0.0
2024-10-18 13:24:00-04:00,39.130001068115234,39.25,39.130001068115234,39.21500015258789,4469,0.0,0.0
2024-10-18 13:25:00-04:00,39.20000076293945,39.220001220703125,39.20000076293945,39.20500183105469,1675,0.0,0.0
2024-10-18 13:26:00-04:00,39.220001220703125,39.22999954223633,39.20500183105469,39.20500183105469,3563,0.0,0.0
2024-10-18 13:27:00-04:00,39.185001373291016,39.185001373291016,39.16999816894531,39.16999816894531,424,0.0,0.0
2024-10-18 13:28:00-04:00,39.15999984741211,39.20000076293945,39.15999984741211,39.20000076293945,2890,0.0,0.0
2024-10-18 13:29:00-04:00,39.20000076293945,39.20000076293945,39.18000030517578,39.189998626708984,1481,0.0,0.0
2024-10-18 13:30:00-04:00,39.20000076293945,39.20000076293945,39.20000076293945,39.20000076293945,617,0.0,0.0
2024-10-18 13:31:00-04:00,39.189998626708984,39.189998626708984,39.189998626708984,39.189998626708984,178,0.0,0.0
2024-10-18 13:32:00-04:00,39.185001373291016,39.20000076293945,39.182498931884766,39.182498931884766,1058,0.0,0.0
2024-10-18 13:33:00-04:00,39.18000030517578,39.189998626708984,39.16999816894531,39.189998626708984,2359,0.0,0.0
2024-10-18 13:34:00-04:00,39.18000030517578,39.209999084472656,39.18000030517578,39.20000076293945,4057,0.0,0.0
2024-10-18 13:35:00-04:00,39.209999084472656,39.209999084472656,39.209999084472656,39.209999084472656,1298,0.0,0.0
2024-10-18 13:36:00-04:00,39.209999084472656,39.2400016784668,39.20000076293945,39.2400016784668,2779,0.0,0.0
2024-10-18 13:37:00-04:00,39.22999954223633,39.255001068115234,39.22999954223633,39.255001068115234,2346,0.0,0.0
2024-10-18 13:38:00-04:00,39.25,39.255001068115234,39.2400016784668,39.25,1776,0.0,0.0
2024-10-18 13:39:00-04:00,39.25,39.25,39.25,39.25,500,0.0,0.0
2024-10-18 13:40:00-04:00,39.25,39.25,39.2400016784668,39.25,3934,0.0,0.0
2024-10-18 13:41:00-04:00,39.2599983215332,39.29999923706055,39.2599983215332,39.29999923706055,2522,0.0,0.0
2024-10-18 13:42:00-04:00,39.29999923706055,39.29999923706055,39.29999923706055,39.29999923706055,393,0.0,0.0
2024-10-18 13:43:00-04:00,39.279998779296875,39.29499816894531,39.279998779296875,39.284000396728516,2097,0.0,0.0
2024-10-18 13:44:00-04:00,39.2599983215332,39.26499938964844,39.22999954223633,39.25,6432,0.0,0.0
2024-10-18 13:45:00-04:00,39.25,39.29999923706055,39.25,39.29999923706055,2245,0.0,0.0
2024-10-18 13:47:00-04:00,39.31999969482422,39.31999969482422,39.31999969482422,39.31999969482422,826,0.0,0.0
2024-10-18 13:48:00-04:00,39.34000015258789,39.34000015258789,39.310001373291016,39.310001373291016,978,0.0,0.0
2024-10-18 13:49:00-04:00,39.29499816894531,39.31999969482422,39.29499816894531,39.314998626708984,2420,0.0,0.0
2024-10-18 13:50:00-04:00,39.314998626708984,39.314998626708984,39.29999923706055,39.30970001220703,3194,0.0,0.0
2024-10-18 13:53:00-04:00,39.29999923706055,39.34000015258789,39.29999923706055,39.34000015258789,1687,0.0,0.0
2024-10-18 13:54:00-04:00,39.31999969482422,39.34000015258789,39.31999969482422,39.34000015258789,2179,0.0,0.0
2024-10-18 13:55:00-04:00,39.33000183105469,39.34000015258789,39.33000183105469,39.34000015258789,393,0.0,0.0
2024-10-18 13:56:00-04:00,39.33000183105469,39.33000183105469,39.33000183105469,39.33000183105469,314,0.0,0.0
2024-10-18 13:57:00-04:00,39.349998474121094,39.349998474121094,39.334999084472656,39.334999084472656,511,0.0,0.0
2024-10-18 13:58:00-04:00,39.34000015258789,39.380001068115234,39.34000015258789,39.375,4967,0.0,0.0
2024-10-18 13:59:00-04:00,39.349998474121094,39.349998474121094,39.290000915527344,39.29999923706055,9880,0.0,0.0
2024-10-18 14:00:00-04:00,39.31999969482422,39.31999969482422,39.31999969482422,39.31999969482422,253,0.0,0.0
2024-10-18 14:01:00-04:00,39.29999923706055,39.310001373291016,39.27000045776367,39.27000045776367,3281,0.0,0.0
2024-10-18 14:03:00-04:00,39.33000183105469,39.33000183105469,39.33000183105469,39.33000183105469,434,0.0,0.0
2024-10-18 14:04:00-04:00,39.34000015258789,39.349998474121094,39.29999923706055,39.349998474121094,5921,0.0,0.0
2024-10-18 14:05:00-04:00,39.349998474121094,39.349998474121094,39.349998474121094,39.349998474121094,375,0.0,0.0
2024-10-18 14:06:00-04:00,39.310001373291016,39.310001373291016,39.310001373291016,39.310001373291016,588,0.0,0.0
2024-10-18 14:07:00-04:00,39.349998474121094,39.36000061035156,39.349998474121094,39.36000061035156,1410,0.0,0.0
2024-10-18 14:08:00-04:00,39.375,39.40999984741211,39.36000061035156,39.38999938964844,5643,0.0,0.0
2024-10-18 14:09:00-04:00,39.40999984741211,39.40999984741211,39.38999938964844,39.400001525878906,1960,0.0,0.0
2024-10-18 14:10:00-04:00,39.369998931884766,39.400001525878906,39.36000061035156,39.380001068115234,3240,0.0,0.0
2024-10-18 14:11:00-04:00,39.3650016784668,39.380001068115234,39.349998474121094,39.380001068115234,3137,0.0,0.0
2024-10-18 14:12:00-04:00,39.3650016784668,39.39500045776367,39.3650016784668,39.39500045776367,2973,0.0,0.0
2024-10-18 14:13:00-04:00,39.38999938964844,39.400001525878906,39.38999938964844,39.400001525878906,3462,0.0,0.0
2024-10-18 14:14:00-04:00,39.400001525878906,39.439998626708984,39.38999938964844,39.40999984741211,4328,0.0,0.0
2024-10-18 14:15:00-04:00,39.40999984741211,39.40999984741211,39.400001525878906,39.400001525878906,2288,0.0,0.0
2024-10-18 14:16:00-04:00,39.400001525878906,39.400001525878906,39.400001525878906,39.400001525878906,1923,0.0,0.0
2024-10-18 14:18:00-04:00,39.38999938964844,39.38999938964844,39.3849983215332,39.38999938964844,1343,0.0,0.0
2024-10-18 14:19:00-04:00,39.38999938964844,39.38999938964844,39.38999938964844,39.38999938964844,1020,0.0,0.0
2024-10-18 14:20:00-04:00,39.38999938964844,39.38999938964844,39.380001068115234,39.38999938964844,1910,0.0,0.0
2024-10-18 14:22:00-04:00,39.400001525878906,39.41999816894531,39.400001525878906,39.41999816894531,2945,0.0,0.0
2024-10-18 14:23:00-04:00,39.41999816894531,39.439998626708984,39.40999984741211,39.41999816894531,7679,0.0,0.0
2024-10-18 14:24:00-04:00,39.43000030517578,39.435001373291016,39.41999816894531,39.435001373291016,3242,0.0,0.0
2024-10-18 14:25:00-04:00,39.435001373291016,39.435001373291016,39.43000030517578,39.43000030517578,477,0.0,0.0
2024-10-18 14:26:00-04:00,39.435001373291016,39.435001373291016,39.400001525878906,39.415000915527344,5921,0.0,0.0
2024-10-18 14:27:00-04:00,39.415000915527344,39.43000030517578,39.41339874267578,39.415000915527344,2961,0.0,0.0
2024-10-18 14:28:00-04:00,39.41999816894531,39.43000030517578,39.369998931884766,39.38999938964844,6450,0.0,0.0
2024-10-18 14:29:00-04:00,39.38999938964844,39.38999938964844,39.3849983215332,39.38999938964844,1825,0.0,0.0
2024-10-18 14:30:00-04:00,39.369998931884766,39.435001373291016,39.369998931884766,39.435001373291016,5075,0.0,0.0
2024-10-18 14:31:00-04:00,39.435001373291016,39.45000076293945,39.41999816894531,39.43000030517578,1839,0.0,0.0
2024-10-18 14:32:00-04:00,39.435001373291016,39.45000076293945,39.435001373291016,39.44499969482422,2303,0.0,0.0
2024-10-18 14:33:00-04:00,39.459999084472656,39.5,39.459999084472656,39.4900016784668,1046,0.0,0.0
2024-10-18 14:34:00-04:00,39.4900016784668,39.5,39.470001220703125,39.47999954223633,2084,0.0,0.0
2024-10-18 14:35:00-04:00,39.459999084472656,39.47999954223633,39.459999084472656,39.459999084472656,1461,0.0,0.0
2024-10-18 14:37:00-04:00,39.439998626708984,39.44499969482422,39.41999816894531,39.43000030517578,3696,0.0,0.0
2024-10-18 14:38:00-04:00,39.459999084472656,39.470001220703125,39.45500183105469,39.470001220703125,760,0.0,0.0
2024-10-18 14:39:00-04:00,39.439998626708984,39.45000076293945,39.439998626708984,39.45000076293945,1799,0.0,0.0
2024-10-18 14:41:00-04:00,39.43000030517578,39.439998626708984,39.41999816894531,39.41999816894531,1905,0.0,0.0
2024-10-18 14:43:00-04:00,39.459999084472656,39.489898681640625,39.459999084472656,39.489898681640625,4272,0.0,0.0
2024-10-18 14:44:00-04:00,39.4900016784668,39.4900016784668,39.459999084472656,39.459999084472656,2104,0.0,0.0
2024-10-18 14:45:00-04:00,39.46009826660156,39.470001220703125,39.46009826660156,39.470001220703125,351,0.0,0.0
2024-10-18 14:46:00-04:00,39.470001220703125,39.47999954223633,39.470001220703125,39.47999954223633,386,0.0,0.0
2024-10-18 14:47:00-04:00,39.47999954223633,39.5099983215332,39.47999954223633,39.5099983215332,3773,0.0,0.0
2024-10-18 14:49:00-04:00,39.505001068115234,39.505001068115234,39.505001068115234,39.505001068115234,931,0.0,0.0
2024-10-18 14:50:00-04:00,39.4900016784668,39.5,39.48500061035156,39.48500061035156,2094,0.0,0.0
2024-10-18 14:51:00-04:00,39.47999954223633,39.4900016784668,39.470001220703125,39.47999954223633,2168,0.0,0.0
2024-10-18 14:52:00-04:00,39.47999954223633,39.47999954223633,39.459999084472656,39.46500015258789,2018,0.0,0.0
2024-10-18 14:53:00-04:00,39.46500015258789,39.46500015258789,39.45000076293945,39.45000076293945,1916,0.0,0.0
2024-10-18 14:54:00-04:00,39.45500183105469,39.45500183105469,39.45000076293945,39.45000076293945,1452,0.0,0.0
2024-10-18 14:55:00-04:00,39.45000076293945,39.459999084472656,39.435001373291016,39.435001373291016,1813,0.0,0.0
2024-10-18 14:56:00-04:00,39.41999816894531,39.43000030517578,39.41999816894531,39.41999816894531,2289,0.0,0.0
2024-10-18 14:57:00-04:00,39.415000915527344,39.415000915527344,39.415000915527344,39.415000915527344,327,0.0,0.0
2024-10-18 14:58:00-04:00,39.40999984741211,39.48500061035156,39.40999984741211,39.470001220703125,3584,0.0,0.0
2024-10-18 14:59:00-04:00,39.46500015258789,39.46500015258789,39.46500015258789,39.46500015258789,1936,0.0,0.0
2024-10-18 15:00:00-04:00,39.45000076293945,39.45000076293945,39.43000030517578,39.43000030517578,25603,0.0,0.0
2024-10-18 15:01:00-04:00,39.43000030517578,39.43000030517578,39.43000030517578,39.43000030517578,1458,0.0,0.0
2024-10-18 15:02:00-04:00,39.41999816894531,39.435001373291016,39.41999816894531,39.43000030517578,1901,0.0,0.0
2024-10-18 15:03:00-04:00,39.43000030517578,39.46500015258789,39.43000030517578,39.46500015258789,3446,0.0,0.0
2024-10-18 15:04:00-04:00,39.46500015258789,39.46500015258789,39.46500015258789,39.46500015258789,1301,0.0,0.0
2024-10-18 15:05:00-04:00,39.45000076293945,39.45000076293945,39.439998626708984,39.45000076293945,2213,0.0,0.0
2024-10-18 15:06:00-04:00,39.439998626708984,39.439998626708984,39.41999816894531,39.41999816894531,2192,0.0,0.0
2024-10-18 15:07:00-04:00,39.41999816894531,39.41999816894531,39.400001525878906,39.400001525878906,2117,0.0,0.0
2024-10-18 15:08:00-04:00,39.380001068115234,39.400001525878906,39.3650016784668,39.400001525878906,3238,0.0,0.0
2024-10-18 15:09:00-04:00,39.40999984741211,39.40999984741211,39.400001525878906,39.400001525878906,1957,0.0,0.0
2024-10-18 15:11:00-04:00,39.3849983215332,39.3849983215332,39.369998931884766,39.369998931884766,1909,0.0,0.0
2024-10-18 15:12:00-04:00,39.369998931884766,39.369998931884766,39.345001220703125,39.345001220703125,1853,0.0,0.0
2024-10-18 15:13:00-04:00,39.349998474121094,39.380001068115234,39.349998474121094,39.380001068115234,1480,0.0,0.0
2024-10-18 15:15:00-04:00,39.36000061035156,39.380001068115234,39.36000061035156,39.380001068115234,674,0.0,0.0
2024-10-18 15:16:00-04:00,39.36000061035156,39.36000061035156,39.36000061035156,39.36000061035156,1295,0.0,0.0
2024-10-18 15:17:00-04:00,39.349998474121094,39.349998474121094,39.34000015258789,39.34000015258789,1828,0.0,0.0
2024-10-18 15:18:00-04:00,39.33000183105469,39.33000183105469,39.33000183105469,39.33000183105469,417,0.0,0.0
2024-10-18 15:19:00-04:00,39.33000183105469,39.34000015258789,39.33000183105469,39.34000015258789,588,0.0,0.0
2024-10-18 15:20:00-04:00,39.34000015258789,39.35499954223633,39.34000015258789,39.35499954223633,2227,0.0,0.0
2024-10-18 15:21:00-04:00,39.349998474121094,39.349998474121094,39.29999923706055,39.310001373291016,9875,0.0,0.0
2024-10-18 15:22:00-04:00,39.310001373291016,39.334999084472656,39.305999755859375,39.33000183105469,2017,0.0,0.0
2024-10-18 15:23:00-04:00,39.334999084472656,39.334999084472656,39.33000183105469,39.334999084472656,1455,0.0,0.0
2024-10-18 15:24:00-04:00,39.334999084472656,39.34000015258789,39.334999084472656,39.34000015258789,2105,0.0,0.0
2024-10-18 15:25:00-04:00,39.34000015258789,39.345001220703125,39.34000015258789,39.34349822998047,2071,0.0,0.0
2024-10-18 15:26:00-04:00,39.34000015258789,39.40660095214844,39.34000015258789,39.40660095214844,5245,0.0,0.0
2024-10-18 15:27:00-04:00,39.38999938964844,39.415000915527344,39.38999938964844,39.415000915527344,2584,0.0,0.0
2024-10-18 15:28:00-04:00,39.40999984741211,39.40999984741211,39.40999984741211,39.40999984741211,2372,0.0,0.0
2024-10-18 15:29:00-04:00,39.40800094604492,39.40999984741211,39.40800094604492,39.40999984741211,2287,0.0,0.0
2024-10-18 15:30:00-04:00,39.40999984741211,39.41999816894531,39.404998779296875,39.41999816894531,2348,0.0,0.0
2024-10-18 15:31:00-04:00,39.41999816894531,39.44499969482422,39.41999816894531,39.44499969482422,4862,0.0,0.0
2024-10-18 15:32:00-04:00,39.44499969482422,39.46500015258789,39.439998626708984,39.45899963378906,10424,0.0,0.0
2024-10-18 15:33:00-04:00,39.459999084472656,39.5,39.459999084472656,39.4900016784668,17547,0.0,0.0
2024-10-18 15:34:00-04:00,39.4900016784668,39.5,39.46500015258789,39.46500015258789,7235,0.0,0.0
2024-10-18 15:35:00-04:00,39.46500015258789,39.4900016784668,39.459999084472656,39.4900016784668,4901,0.0,0.0
2024-10-18 15:36:00-04:00,39.4900016784668,39.5099983215332,39.4900016784668,39.5099983215332,2275,0.0,0.0
2024-10-18 15:37:00-04:00,39.52000045776367,39.54999923706055,39.52000045776367,39.540000915527344,2761,0.0,0.0
2024-10-18 15:38:00-04:00,39.525001525878906,39.525001525878906,39.52000045776367,39.52000045776367,741,0.0,0.0
2024-10-18 15:39:00-04:00,39.52000045776367,39.52000045776367,39.5,39.5,2603,0.0,0.0
2024-10-18 15:40:00-04:00,39.5099983215332,39.5099983215332,39.5,39.5,2448,0.0,0.0
2024-10-18 15:41:00-04:00,39.5,39.529998779296875,39.5,39.529998779296875,2474,0.0,0.0
2024-10-18 15:42:00-04:00,39.529998779296875,39.540000915527344,39.525001525878906,39.540000915527344,5433,0.0,0.0
2024-10-18 15:44:00-04:00,39.54999923706055,39.595001220703125,39.54999923706055,39.56999969482422,4728,0.0,0.0
2024-10-18 15:45:00-04:00,39.560001373291016,39.564998626708984,39.560001373291016,39.560001373291016,4660,0.0,0.0
2024-10-18 15:46:00-04:00,39.54999923706055,39.57500076293945,39.54999923706055,39.570899963378906,3469,0.0,0.0
2024-10-18 15:47:00-04:00,39.56999969482422,39.57500076293945,39.540000915527344,39.540000915527344,5408,0.0,0.0
2024-10-18 15:48:00-04:00,39.54999923706055,39.54999923706055,39.5,39.5099983215332,4117,0.0,0.0
2024-10-18 15:49:00-04:00,39.5099983215332,39.540000915527344,39.5,39.529998779296875,7064,0.0,0.0
2024-10-18 15:50:00-04:00,39.5,39.5099983215332,39.5,39.5,8208,0.0,0.0
2024-10-18 15:51:00-04:00,39.5,39.529998779296875,39.439998626708984,39.51499938964844,51781,0.0,0.0
2024-10-18 15:52:00-04:00,39.5,39.540000915527344,39.4900016784668,39.540000915527344,14054,0.0,0.0
2024-10-18 15:53:00-04:00,39.53499984741211,39.5546989440918,39.52000045776367,39.54999923706055,4329,0.0,0.0
2024-10-18 15:54:00-04:00,39.560001373291016,39.63999938964844,39.560001373291016,39.619998931884766,12581,0.0,0.0
2024-10-18 15:55:00-04:00,39.630001068115234,39.68000030517578,39.584999084472656,39.619998931884766,17491,0.0,0.0
2024-10-18 15:56:00-04:00,39.619998931884766,39.689998626708984,39.599998474121094,39.68000030517578,32780,0.0,0.0
2024-10-18 15:57:00-04:00,39.689998626708984,39.720001220703125,39.66999816894531,39.709999084472656,24853,0.0,0.0
2024-10-18 15:58:00-04:00,39.70000076293945,39.70000076293945,39.68000030517578,39.70000076293945,21252,0.0,0.0
2024-10-18 15:59:00-04:00,39.709999084472656,39.720001220703125,39.650001525878906,39.68000030517578,54109,0.0,0.0
