Datetime,Open,High,Low,Close,Volume,Dividends,Stock Splits,Capital Gains
2024-10-14 09:30:00-04:00,30.010000228881836,30.020000457763672,29.889999389648438,29.889999389648438,70065,0.0,0.0,0.0
2024-10-14 09:31:00-04:00,29.860000610351562,29.860000610351562,29.75,29.75,11963,0.0,0.0,0.0
2024-10-14 09:32:00-04:00,29.770000457763672,29.81999969482422,29.724700927734375,29.81999969482422,2181,0.0,0.0,0.0
2024-10-14 09:33:00-04:00,29.799999237060547,29.84000015258789,29.790000915527344,29.81999969482422,7839,0.0,0.0,0.0
2024-10-14 09:34:00-04:00,29.809999465942383,29.84000015258789,29.770000457763672,29.827999114990234,5954,0.0,0.0,0.0
2024-10-14 09:35:00-04:00,29.81999969482422,29.829999923706055,29.75,29.769899368286133,1899,0.0,0.0,0.0
2024-10-14 09:36:00-04:00,29.700000762939453,29.729999542236328,29.649999618530273,29.649999618530273,19608,0.0,0.0,0.0
2024-10-14 09:37:00-04:00,29.670000076293945,29.69499969482422,29.670000076293945,29.69499969482422,1322,0.0,0.0,0.0
2024-10-14 09:38:00-04:00,29.69499969482422,29.75,29.690000534057617,29.75,723,0.0,0.0,0.0
2024-10-14 09:39:00-04:00,29.704999923706055,29.709999084472656,29.689899444580078,29.689899444580078,1230,0.0,0.0,0.0
2024-10-14 09:40:00-04:00,29.674999237060547,29.770000457763672,29.674999237060547,29.709999084472656,1904,0.0,0.0,0.0
2024-10-14 09:41:00-04:00,29.729999542236328,29.729999542236328,29.68000030517578,29.690000534057617,6596,0.0,0.0,0.0
2024-10-14 09:42:00-04:00,29.670000076293945,29.690000534057617,29.670000076293945,29.690000534057617,972,0.0,0.0,0.0
2024-10-14 09:43:00-04:00,29.68400001525879,29.815000534057617,29.68400001525879,29.815000534057617,12922,0.0,0.0,0.0
2024-10-14 09:44:00-04:00,29.81999969482422,29.81999969482422,29.75,29.790000915527344,5592,0.0,0.0,0.0
2024-10-14 09:45:00-04:00,29.739999771118164,29.780000686645508,29.719999313354492,29.780000686645508,7089,0.0,0.0,0.0
2024-10-14 09:46:00-04:00,29.809999465942383,29.82990074157715,29.809999465942383,29.82990074157715,3301,0.0,0.0,0.0
2024-10-14 09:47:00-04:00,29.81999969482422,29.864999771118164,29.81999969482422,29.860000610351562,4640,0.0,0.0,0.0
2024-10-14 09:48:00-04:00,29.8700008392334,29.8799991607666,29.8700008392334,29.8799991607666,2291,0.0,0.0,0.0
2024-10-14 09:49:00-04:00,29.889999389648438,29.924999237060547,29.889999389648438,29.90999984741211,4925,0.0,0.0,0.0
2024-10-14 09:50:00-04:00,29.899999618530273,29.899999618530273,29.829999923706055,29.834999084472656,2682,0.0,0.0,0.0
2024-10-14 09:51:00-04:00,29.829999923706055,29.860000610351562,29.825000762939453,29.860000610351562,6992,0.0,0.0,0.0
2024-10-14 09:52:00-04:00,29.860000610351562,29.8700008392334,29.850000381469727,29.850000381469727,2576,0.0,0.0,0.0
2024-10-14 09:53:00-04:00,29.850000381469727,29.8700008392334,29.850000381469727,29.86009979248047,1581,0.0,0.0,0.0
2024-10-14 09:54:00-04:00,29.860000610351562,29.8799991607666,29.859899520874023,29.8799991607666,1885,0.0,0.0,0.0
2024-10-14 09:55:00-04:00,29.8700008392334,29.889999389648438,29.8700008392334,29.884000778198242,7271,0.0,0.0,0.0
2024-10-14 09:56:00-04:00,29.889999389648438,29.969999313354492,29.889999389648438,29.940000534057617,14519,0.0,0.0,0.0
2024-10-14 09:57:00-04:00,29.940000534057617,29.989999771118164,29.940000534057617,29.969999313354492,7241,0.0,0.0,0.0
2024-10-14 09:58:00-04:00,29.97010040283203,30.03499984741211,29.97010040283203,30.030000686645508,30292,0.0,0.0,0.0
2024-10-14 09:59:00-04:00,30.025999069213867,30.030000686645508,29.99799919128418,29.999900817871094,5807,0.0,0.0,0.0
2024-10-14 10:00:00-04:00,29.989999771118164,30.06999969482422,29.950000762939453,30.06999969482422,19014,0.0,0.0,0.0
2024-10-14 10:01:00-04:00,30.059999465942383,30.06999969482422,30.03730010986328,30.06999969482422,3995,0.0,0.0,0.0
2024-10-14 10:02:00-04:00,30.075000762939453,30.09000015258789,30.075000762939453,30.079999923706055,5598,0.0,0.0,0.0
2024-10-14 10:03:00-04:00,30.079999923706055,30.100000381469727,30.059999465942383,30.059999465942383,4609,0.0,0.0,0.0
2024-10-14 10:04:00-04:00,30.049999237060547,30.049999237060547,30.010000228881836,30.014999389648438,7946,0.0,0.0,0.0
2024-10-14 10:05:00-04:00,30.010000228881836,30.010000228881836,29.954999923706055,29.979999542236328,9575,0.0,0.0,0.0
2024-10-14 10:06:00-04:00,29.989900588989258,29.989900588989258,29.975000381469727,29.979999542236328,5750,0.0,0.0,0.0
2024-10-14 10:07:00-04:00,29.979999542236328,30.040000915527344,29.979999542236328,30.040000915527344,9008,0.0,0.0,0.0
2024-10-14 10:08:00-04:00,30.033300399780273,30.036699295043945,30.030000686645508,30.036699295043945,1077,0.0,0.0,0.0
2024-10-14 10:09:00-04:00,30.020000457763672,30.020000457763672,29.9950008392334,30.0,7177,0.0,0.0,0.0
2024-10-14 10:10:00-04:00,30.0,30.010000228881836,29.9950008392334,30.0,11846,0.0,0.0,0.0
2024-10-14 10:11:00-04:00,30.010000228881836,30.010000228881836,30.001100540161133,30.010000228881836,3495,0.0,0.0,0.0
2024-10-14 10:12:00-04:00,30.0049991607666,30.030000686645508,30.0049991607666,30.020000457763672,4883,0.0,0.0,0.0
2024-10-14 10:13:00-04:00,30.020000457763672,30.020000457763672,29.9950008392334,30.014999389648438,13309,0.0,0.0,0.0
2024-10-14 10:14:00-04:00,30.010000228881836,30.010099411010742,30.0049991607666,30.0049991607666,1615,0.0,0.0,0.0
2024-10-14 10:15:00-04:00,30.0,30.010000228881836,29.9950008392334,30.0049991607666,15562,0.0,0.0,0.0
2024-10-14 10:16:00-04:00,30.0,30.0049991607666,29.969999313354492,29.969999313354492,17354,0.0,0.0,0.0
2024-10-14 10:17:00-04:00,29.94070053100586,29.950000762939453,29.93000030517578,29.950000762939453,2846,0.0,0.0,0.0
2024-10-14 10:18:00-04:00,29.985000610351562,30.010000228881836,29.969999313354492,30.003999710083008,73340,0.0,0.0,0.0
2024-10-14 10:19:00-04:00,29.990100860595703,30.020000457763672,29.990100860595703,30.010000228881836,15584,0.0,0.0,0.0
2024-10-14 10:20:00-04:00,30.0,30.0,29.951000213623047,29.981000900268555,2610,0.0,0.0,0.0
2024-10-14 10:21:00-04:00,30.0,30.0,29.989999771118164,29.989999771118164,2056,0.0,0.0,0.0
2024-10-14 10:22:00-04:00,29.989999771118164,30.000099182128906,29.989999771118164,29.989999771118164,2048,0.0,0.0,0.0
2024-10-14 10:23:00-04:00,30.0,30.0049991607666,30.0,30.0,3095,0.0,0.0,0.0
2024-10-14 10:24:00-04:00,30.030000686645508,30.030000686645508,30.010000228881836,30.030000686645508,3036,0.0,0.0,0.0
2024-10-14 10:25:00-04:00,30.040000915527344,30.049999237060547,30.040000915527344,30.045000076293945,1989,0.0,0.0,0.0
2024-10-14 10:26:00-04:00,30.049999237060547,30.059999465942383,30.049999237060547,30.059499740600586,3455,0.0,0.0,0.0
2024-10-14 10:27:00-04:00,30.059999465942383,30.059999465942383,30.030000686645508,30.030000686645508,4451,0.0,0.0,0.0
2024-10-14 10:28:00-04:00,30.030000686645508,30.030000686645508,30.020000457763672,30.020000457763672,541,0.0,0.0,0.0
2024-10-14 10:29:00-04:00,30.02120018005371,30.049999237060547,30.02120018005371,30.049999237060547,1805,0.0,0.0,0.0
2024-10-14 10:30:00-04:00,30.049999237060547,30.059999465942383,30.03499984741211,30.049999237060547,12204,0.0,0.0,0.0
2024-10-14 10:31:00-04:00,30.04990005493164,30.068099975585938,30.04990005493164,30.068099975585938,3301,0.0,0.0,0.0
2024-10-14 10:32:00-04:00,30.065000534057617,30.079999923706055,30.065000534057617,30.075000762939453,2564,0.0,0.0,0.0
2024-10-14 10:33:00-04:00,30.075000762939453,30.094999313354492,30.075000762939453,30.09000015258789,2337,0.0,0.0,0.0
2024-10-14 10:34:00-04:00,30.079999923706055,30.079999923706055,30.06999969482422,30.079999923706055,5249,0.0,0.0,0.0
2024-10-14 10:35:00-04:00,30.090099334716797,30.094999313354492,30.079999923706055,30.094999313354492,1875,0.0,0.0,0.0
2024-10-14 10:36:00-04:00,30.094999313354492,30.094999313354492,30.079999923706055,30.079999923706055,6432,0.0,0.0,0.0
2024-10-14 10:37:00-04:00,30.06999969482422,30.06999969482422,30.03499984741211,30.049999237060547,8455,0.0,0.0,0.0
2024-10-14 10:38:00-04:00,30.05500030517578,30.06999969482422,30.05500030517578,30.06999969482422,2290,0.0,0.0,0.0
2024-10-14 10:39:00-04:00,30.078699111938477,30.09000015258789,30.078699111938477,30.079999923706055,1409,0.0,0.0,0.0
2024-10-14 10:40:00-04:00,30.100000381469727,30.100000381469727,30.079999923706055,30.100000381469727,4015,0.0,0.0,0.0
2024-10-14 10:41:00-04:00,30.09000015258789,30.100000381469727,30.09000015258789,30.100000381469727,2400,0.0,0.0,0.0
2024-10-14 10:42:00-04:00,30.100000381469727,30.1200008392334,30.100000381469727,30.118999481201172,2032,0.0,0.0,0.0
2024-10-14 10:43:00-04:00,30.1200008392334,30.1200008392334,30.110000610351562,30.110000610351562,3502,0.0,0.0,0.0
2024-10-14 10:44:00-04:00,30.1299991607666,30.15999984741211,30.1299991607666,30.139999389648438,7393,0.0,0.0,0.0
2024-10-14 10:45:00-04:00,30.13990020751953,30.139999389648438,30.1200008392334,30.1200008392334,3912,0.0,0.0,0.0
2024-10-14 10:46:00-04:00,30.110000610351562,30.110000610351562,30.094999313354492,30.110000610351562,1765,0.0,0.0,0.0
2024-10-14 10:47:00-04:00,30.110000610351562,30.114999771118164,30.079999923706055,30.079999923706055,4048,0.0,0.0,0.0
2024-10-14 10:48:00-04:00,30.09000015258789,30.09000015258789,30.059999465942383,30.059999465942383,5543,0.0,0.0,0.0
2024-10-14 10:49:00-04:00,30.058900833129883,30.069900512695312,30.058900833129883,30.06089973449707,1228,0.0,0.0,0.0
2024-10-14 10:50:00-04:00,30.059999465942383,30.059999465942383,30.040000915527344,30.048799514770508,2064,0.0,0.0,0.0
2024-10-14 10:51:00-04:00,30.045000076293945,30.059999465942383,30.040000915527344,30.049999237060547,6257,0.0,0.0,0.0
2024-10-14 10:52:00-04:00,30.040000915527344,30.079999923706055,30.03499984741211,30.079999923706055,10532,0.0,0.0,0.0
2024-10-14 10:53:00-04:00,30.079999923706055,30.100000381469727,30.075000762939453,30.100000381469727,2063,0.0,0.0,0.0
2024-10-14 10:54:00-04:00,30.100000381469727,30.110000610351562,30.084999084472656,30.110000610351562,6435,0.0,0.0,0.0
2024-10-14 10:55:00-04:00,30.1200008392334,30.1299991607666,30.110000610351562,30.110000610351562,570,0.0,0.0,0.0
2024-10-14 10:56:00-04:00,30.090099334716797,30.090099334716797,30.09000015258789,30.09000015258789,206,0.0,0.0,0.0
2024-10-14 10:57:00-04:00,30.06999969482422,30.094999313354492,30.06999969482422,30.06999969482422,2205,0.0,0.0,0.0
2024-10-14 10:58:00-04:00,30.049999237060547,30.049999237060547,30.040000915527344,30.040000915527344,1582,0.0,0.0,0.0
2024-10-14 10:59:00-04:00,30.040000915527344,30.06999969482422,30.03499984741211,30.06999969482422,6731,0.0,0.0,0.0
2024-10-14 11:00:00-04:00,30.079999923706055,30.079999923706055,30.049999237060547,30.049999237060547,4117,0.0,0.0,0.0
2024-10-14 11:01:00-04:00,30.055400848388672,30.055400848388672,30.030000686645508,30.030000686645508,4566,0.0,0.0,0.0
2024-10-14 11:02:00-04:00,30.040000915527344,30.049999237060547,30.040000915527344,30.049999237060547,1313,0.0,0.0,0.0
2024-10-14 11:04:00-04:00,30.0049991607666,30.014999389648438,30.0049991607666,30.0049991607666,8228,0.0,0.0,0.0
2024-10-14 11:05:00-04:00,30.010099411010742,30.040000915527344,30.0,30.040000915527344,41827,0.0,0.0,0.0
2024-10-14 11:06:00-04:00,30.040000915527344,30.04010009765625,30.03499984741211,30.040000915527344,17230,0.0,0.0,0.0
2024-10-14 11:07:00-04:00,30.040000915527344,30.049999237060547,30.040000915527344,30.045000076293945,2254,0.0,0.0,0.0
2024-10-14 11:08:00-04:00,30.049999237060547,30.079999923706055,30.045000076293945,30.065000534057617,2917,0.0,0.0,0.0
2024-10-14 11:09:00-04:00,30.06999969482422,30.079999923706055,30.06999969482422,30.079999923706055,2168,0.0,0.0,0.0
2024-10-14 11:10:00-04:00,30.075000762939453,30.079999923706055,30.06999969482422,30.06999969482422,3188,0.0,0.0,0.0
2024-10-14 11:11:00-04:00,30.059999465942383,30.06999969482422,30.048599243164062,30.049299240112305,3274,0.0,0.0,0.0
2024-10-14 11:12:00-04:00,30.049699783325195,30.049699783325195,30.040000915527344,30.049699783325195,9544,0.0,0.0,0.0
2024-10-14 11:13:00-04:00,30.040000915527344,30.05500030517578,30.03499984741211,30.05500030517578,7256,0.0,0.0,0.0
2024-10-14 11:14:00-04:00,30.059900283813477,30.059999465942383,30.040000915527344,30.059999465942383,2265,0.0,0.0,0.0
2024-10-14 11:15:00-04:00,30.06999969482422,30.06999969482422,30.06999969482422,30.06999969482422,101,0.0,0.0,0.0
2024-10-14 11:16:00-04:00,30.059999465942383,30.059999465942383,30.049999237060547,30.058900833129883,3118,0.0,0.0,0.0
2024-10-14 11:17:00-04:00,30.049999237060547,30.049999237060547,30.03499984741211,30.045000076293945,5894,0.0,0.0,0.0
2024-10-14 11:18:00-04:00,30.040000915527344,30.049999237060547,30.040000915527344,30.040000915527344,3834,0.0,0.0,0.0
2024-10-14 11:19:00-04:00,30.040000915527344,30.06999969482422,30.03499984741211,30.069799423217773,8111,0.0,0.0,0.0
2024-10-14 11:20:00-04:00,30.079999923706055,30.079999923706055,30.06999969482422,30.06999969482422,4199,0.0,0.0,0.0
2024-10-14 11:21:00-04:00,30.06999969482422,30.09000015258789,30.049999237060547,30.049999237060547,6500,0.0,0.0,0.0
2024-10-14 11:22:00-04:00,30.045000076293945,30.04530906677246,30.03499984741211,30.040000915527344,3165,0.0,0.0,0.0
2024-10-14 11:23:00-04:00,30.049999237060547,30.049999237060547,30.040000915527344,30.040000915527344,2206,0.0,0.0,0.0
2024-10-14 11:24:00-04:00,30.045000076293945,30.049999237060547,30.03499984741211,30.049999237060547,5384,0.0,0.0,0.0
2024-10-14 11:25:00-04:00,30.049999237060547,30.049999237060547,30.010000228881836,30.014999389648438,5659,0.0,0.0,0.0
2024-10-14 11:26:00-04:00,30.010000228881836,30.020000457763672,30.0049991607666,30.020000457763672,9208,0.0,0.0,0.0
2024-10-14 11:27:00-04:00,30.024999618530273,30.024999618530273,29.969999313354492,29.979999542236328,6754,0.0,0.0,0.0
2024-10-14 11:28:00-04:00,29.975000381469727,29.975000381469727,29.975000381469727,29.975000381469727,1081,0.0,0.0,0.0
2024-10-14 11:29:00-04:00,29.979999542236328,29.979999542236328,29.975000381469727,29.979999542236328,1143,0.0,0.0,0.0
2024-10-14 11:30:00-04:00,29.969999313354492,29.969999313354492,29.940000534057617,29.959999084472656,4093,0.0,0.0,0.0
2024-10-14 11:31:00-04:00,29.959999084472656,29.96470069885254,29.950000762939453,29.954999923706055,3389,0.0,0.0,0.0
2024-10-14 11:32:00-04:00,29.95009994506836,29.95009994506836,29.939899444580078,29.940000534057617,7863,0.0,0.0,0.0
2024-10-14 11:33:00-04:00,29.940000534057617,29.95319938659668,29.940000534057617,29.950000762939453,1004,0.0,0.0,0.0
2024-10-14 11:34:00-04:00,29.950000762939453,29.950000762939453,29.905000686645508,29.90999984741211,4217,0.0,0.0,0.0
2024-10-14 11:35:00-04:00,29.90999984741211,29.93000030517578,29.905000686645508,29.920000076293945,3342,0.0,0.0,0.0
2024-10-14 11:36:00-04:00,29.93000030517578,29.950000762939453,29.924999237060547,29.924999237060547,2994,0.0,0.0,0.0
2024-10-14 11:37:00-04:00,29.920000076293945,29.920000076293945,29.915000915527344,29.920000076293945,1958,0.0,0.0,0.0
2024-10-14 11:38:00-04:00,29.90999984741211,29.90999984741211,29.905000686645508,29.905000686645508,1659,0.0,0.0,0.0
2024-10-14 11:39:00-04:00,29.905000686645508,29.90999984741211,29.900100708007812,29.900100708007812,8737,0.0,0.0,0.0
2024-10-14 11:40:00-04:00,29.909299850463867,29.90999984741211,29.899999618530273,29.899999618530273,2583,0.0,0.0,0.0
2024-10-14 11:41:00-04:00,29.909900665283203,29.909900665283203,29.895000457763672,29.899999618530273,1043,0.0,0.0,0.0
2024-10-14 11:42:00-04:00,29.90999984741211,29.90999984741211,29.899999618530273,29.899999618530273,3199,0.0,0.0,0.0
2024-10-14 11:43:00-04:00,29.909099578857422,29.909099578857422,29.889999389648438,29.899999618530273,2420,0.0,0.0,0.0
2024-10-14 11:44:00-04:00,29.909900665283203,29.909900665283203,29.895000457763672,29.899999618530273,1891,0.0,0.0,0.0
2024-10-14 11:45:00-04:00,29.909700393676758,29.90999984741211,29.909700393676758,29.90999984741211,2251,0.0,0.0,0.0
2024-10-14 11:46:00-04:00,29.915000915527344,29.915000915527344,29.905000686645508,29.905000686645508,1345,0.0,0.0,0.0
2024-10-14 11:47:00-04:00,29.90999984741211,29.91990089416504,29.905000686645508,29.915000915527344,1916,0.0,0.0,0.0
2024-10-14 11:48:00-04:00,29.915000915527344,29.920000076293945,29.90999984741211,29.90999984741211,3951,0.0,0.0,0.0
2024-10-14 11:49:00-04:00,29.90999984741211,29.90999984741211,29.90999984741211,29.90999984741211,521,0.0,0.0,0.0
2024-10-14 11:50:00-04:00,29.91550064086914,29.917999267578125,29.899999618530273,29.90250015258789,6575,0.0,0.0,0.0
2024-10-14 11:51:00-04:00,29.895000457763672,29.90999984741211,29.889999389648438,29.899999618530273,6366,0.0,0.0,0.0
2024-10-14 11:52:00-04:00,29.899999618530273,29.920000076293945,29.890100479125977,29.895000457763672,7042,0.0,0.0,0.0
2024-10-14 11:53:00-04:00,29.899999618530273,29.899999618530273,29.889999389648438,29.895000457763672,1439,0.0,0.0,0.0
2024-10-14 11:54:00-04:00,29.899999618530273,29.899999618530273,29.895000457763672,29.899999618530273,1123,0.0,0.0,0.0
2024-10-14 11:55:00-04:00,29.895000457763672,29.899999618530273,29.875,29.875,3722,0.0,0.0,0.0
2024-10-14 11:56:00-04:00,29.875,29.892499923706055,29.870100021362305,29.892499923706055,2706,0.0,0.0,0.0
2024-10-14 11:57:00-04:00,29.8799991607666,29.895000457763672,29.8799991607666,29.889999389648438,1504,0.0,0.0,0.0
2024-10-14 11:58:00-04:00,29.895000457763672,29.895000457763672,29.889999389648438,29.889999389648438,1390,0.0,0.0,0.0
2024-10-14 11:59:00-04:00,29.8799991607666,29.899999618530273,29.8799991607666,29.899999618530273,2799,0.0,0.0,0.0
2024-10-14 12:00:00-04:00,29.889999389648438,29.889999389648438,29.885000228881836,29.885000228881836,4246,0.0,0.0,0.0
2024-10-14 12:01:00-04:00,29.889999389648438,29.895000457763672,29.889999389648438,29.889999389648438,1621,0.0,0.0,0.0
2024-10-14 12:02:00-04:00,29.885000228881836,29.887800216674805,29.875,29.875,8595,0.0,0.0,0.0
2024-10-14 12:03:00-04:00,29.879899978637695,29.879899978637695,29.860000610351562,29.860000610351562,2974,0.0,0.0,0.0
2024-10-14 12:04:00-04:00,29.8700008392334,29.8700008392334,29.860000610351562,29.8700008392334,1695,0.0,0.0,0.0
2024-10-14 12:05:00-04:00,29.8700008392334,29.8700008392334,29.860000610351562,29.864999771118164,4553,0.0,0.0,0.0
2024-10-14 12:06:00-04:00,29.8700008392334,29.8799991607666,29.8700008392334,29.874000549316406,1994,0.0,0.0,0.0
2024-10-14 12:07:00-04:00,29.875,29.879899978637695,29.8700008392334,29.875,4637,0.0,0.0,0.0
2024-10-14 12:08:00-04:00,29.875,29.8799991607666,29.875,29.8799991607666,3699,0.0,0.0,0.0
2024-10-14 12:09:00-04:00,29.875,29.875,29.8700008392334,29.875,1410,0.0,0.0,0.0
2024-10-14 12:10:00-04:00,29.875,29.875,29.875,29.875,4302,0.0,0.0,0.0
2024-10-14 12:11:00-04:00,29.8799991607666,29.887500762939453,29.8799991607666,29.887500762939453,255,0.0,0.0,0.0
2024-10-14 12:12:00-04:00,29.889999389648438,29.899999618530273,29.889999389648438,29.895000457763672,1502,0.0,0.0,0.0
2024-10-14 12:13:00-04:00,29.889999389648438,29.895000457763672,29.885000228881836,29.895000457763672,2515,0.0,0.0,0.0
2024-10-14 12:14:00-04:00,29.899900436401367,29.899900436401367,29.889999389648438,29.895000457763672,1177,0.0,0.0,0.0
2024-10-14 12:15:00-04:00,29.889999389648438,29.889999389648438,29.885000228881836,29.889999389648438,2084,0.0,0.0,0.0
2024-10-14 12:16:00-04:00,29.8700008392334,29.8799991607666,29.8700008392334,29.8700008392334,2566,0.0,0.0,0.0
2024-10-14 12:17:00-04:00,29.86669921875,29.895000457763672,29.86669921875,29.889999389648438,8306,0.0,0.0,0.0
2024-10-14 12:18:00-04:00,29.8799991607666,29.889999389648438,29.875,29.8799991607666,5149,0.0,0.0,0.0
2024-10-14 12:19:00-04:00,29.8700008392334,29.915000915527344,29.8700008392334,29.90999984741211,8048,0.0,0.0,0.0
2024-10-14 12:20:00-04:00,29.915000915527344,29.915000915527344,29.905000686645508,29.905000686645508,1530,0.0,0.0,0.0
2024-10-14 12:21:00-04:00,29.905000686645508,29.90999984741211,29.905000686645508,29.905000686645508,2102,0.0,0.0,0.0
2024-10-14 12:22:00-04:00,29.899999618530273,29.899999618530273,29.889999389648438,29.895000457763672,1396,0.0,0.0,0.0
2024-10-14 12:23:00-04:00,29.889999389648438,29.895099639892578,29.885000228881836,29.885000228881836,1766,0.0,0.0,0.0
2024-10-14 12:24:00-04:00,29.885000228881836,29.889999389648438,29.885000228881836,29.889999389648438,1442,0.0,0.0,0.0
2024-10-14 12:25:00-04:00,29.895000457763672,29.895000457763672,29.885000228881836,29.885000228881836,4149,0.0,0.0,0.0
2024-10-14 12:26:00-04:00,29.889999389648438,29.889999389648438,29.8799991607666,29.8799991607666,1605,0.0,0.0,0.0
2024-10-14 12:27:00-04:00,29.875,29.8799991607666,29.875,29.875,1204,0.0,0.0,0.0
2024-10-14 12:28:00-04:00,29.8700008392334,29.8799991607666,29.864999771118164,29.8799991607666,3029,0.0,0.0,0.0
2024-10-14 12:29:00-04:00,29.88990020751953,29.898000717163086,29.885000228881836,29.89739990234375,1677,0.0,0.0,0.0
2024-10-14 12:30:00-04:00,29.895000457763672,29.895000457763672,29.885000228881836,29.888099670410156,1914,0.0,0.0,0.0
2024-10-14 12:31:00-04:00,29.8799991607666,29.888900756835938,29.8799991607666,29.8799991607666,1215,0.0,0.0,0.0
2024-10-14 12:32:00-04:00,29.88990020751953,29.899900436401367,29.885000228881836,29.895099639892578,2965,0.0,0.0,0.0
2024-10-14 12:33:00-04:00,29.895000457763672,29.899999618530273,29.885000228881836,29.899999618530273,4958,0.0,0.0,0.0
2024-10-14 12:34:00-04:00,29.889999389648438,29.8976993560791,29.8799991607666,29.895000457763672,1975,0.0,0.0,0.0
2024-10-14 12:35:00-04:00,29.896299362182617,29.896299362182617,29.895000457763672,29.895000457763672,499,0.0,0.0,0.0
2024-10-14 12:36:00-04:00,29.899900436401367,29.899900436401367,29.890100479125977,29.895000457763672,2121,0.0,0.0,0.0
2024-10-14 12:37:00-04:00,29.899999618530273,29.90999984741211,29.899999618530273,29.90999984741211,4012,0.0,0.0,0.0
2024-10-14 12:38:00-04:00,29.90999984741211,29.924999237060547,29.90999984741211,29.924999237060547,801,0.0,0.0,0.0
2024-10-14 12:39:00-04:00,29.93000030517578,29.959999084472656,29.93000030517578,29.94379997253418,5283,0.0,0.0,0.0
2024-10-14 12:40:00-04:00,29.940000534057617,29.954999923706055,29.93000030517578,29.954999923706055,1440,0.0,0.0,0.0
2024-10-14 12:41:00-04:00,29.954999923706055,29.969999313354492,29.954999923706055,29.969999313354492,6644,0.0,0.0,0.0
2024-10-14 12:42:00-04:00,29.975000381469727,29.975000381469727,29.975000381469727,29.975000381469727,700,0.0,0.0,0.0
2024-10-14 12:43:00-04:00,29.969999313354492,29.979999542236328,29.969999313354492,29.979999542236328,1226,0.0,0.0,0.0
2024-10-14 12:44:00-04:00,29.97640037536621,29.985000610351562,29.97279930114746,29.985000610351562,4322,0.0,0.0,0.0
2024-10-14 12:45:00-04:00,29.985000610351562,29.9950008392334,29.980100631713867,29.989999771118164,3977,0.0,0.0,0.0
2024-10-14 12:46:00-04:00,29.979999542236328,29.987499237060547,29.969999313354492,29.979999542236328,2977,0.0,0.0,0.0
2024-10-14 12:47:00-04:00,29.979999542236328,29.985000610351562,29.979999542236328,29.979999542236328,1453,0.0,0.0,0.0
2024-10-14 12:48:00-04:00,29.985000610351562,29.98859977722168,29.975000381469727,29.975000381469727,1607,0.0,0.0,0.0
2024-10-14 12:49:00-04:00,29.969999313354492,29.986600875854492,29.96500015258789,29.986600875854492,3514,0.0,0.0,0.0
2024-10-14 12:50:00-04:00,29.979999542236328,29.979999542236328,29.975000381469727,29.975000381469727,1734,0.0,0.0,0.0
2024-10-14 12:51:00-04:00,29.969999313354492,29.969999313354492,29.950000762939453,29.958900451660156,3119,0.0,0.0,0.0
2024-10-14 12:52:00-04:00,29.959999084472656,29.975000381469727,29.954999923706055,29.975000381469727,2664,0.0,0.0,0.0
2024-10-14 12:53:00-04:00,29.976499557495117,29.989999771118164,29.976499557495117,29.989999771118164,1332,0.0,0.0,0.0
2024-10-14 12:54:00-04:00,29.989999771118164,29.989999771118164,29.985000610351562,29.985000610351562,445,0.0,0.0,0.0
2024-10-14 12:55:00-04:00,29.979999542236328,29.979999542236328,29.969999313354492,29.975000381469727,4031,0.0,0.0,0.0
2024-10-14 12:56:00-04:00,29.986799240112305,29.986799240112305,29.979999542236328,29.979999542236328,955,0.0,0.0,0.0
2024-10-14 12:57:00-04:00,29.979999542236328,29.979999542236328,29.975000381469727,29.975000381469727,1709,0.0,0.0,0.0
2024-10-14 12:58:00-04:00,29.975000381469727,29.975000381469727,29.969999313354492,29.969999313354492,4270,0.0,0.0,0.0
2024-10-14 12:59:00-04:00,29.979999542236328,29.985000610351562,29.979999542236328,29.979999542236328,2213,0.0,0.0,0.0
2024-10-14 13:00:00-04:00,29.979999542236328,29.979999542236328,29.959999084472656,29.96500015258789,5897,0.0,0.0,0.0
2024-10-14 13:01:00-04:00,29.959999084472656,29.967500686645508,29.959999084472656,29.967500686645508,1184,0.0,0.0,0.0
2024-10-14 13:02:00-04:00,29.964500427246094,29.979999542236328,29.954999923706055,29.979999542236328,6229,0.0,0.0,0.0
2024-10-14 13:03:00-04:00,29.980100631713867,29.989999771118164,29.96500015258789,29.969999313354492,2005,0.0,0.0,0.0
2024-10-14 13:04:00-04:00,29.959999084472656,29.959999084472656,29.950000762939453,29.950000762939453,1386,0.0,0.0,0.0
2024-10-14 13:05:00-04:00,29.954999923706055,29.959999084472656,29.954999923706055,29.959999084472656,4541,0.0,0.0,0.0
2024-10-14 13:06:00-04:00,29.969999313354492,29.979999542236328,29.969999313354492,29.975000381469727,2024,0.0,0.0,0.0
2024-10-14 13:07:00-04:00,29.959999084472656,29.969999313354492,29.950000762939453,29.959999084472656,6707,0.0,0.0,0.0
2024-10-14 13:08:00-04:00,29.959999084472656,29.969999313354492,29.954999923706055,29.954999923706055,2547,0.0,0.0,0.0
2024-10-14 13:09:00-04:00,29.950000762939453,29.958900451660156,29.94499969482422,29.950000762939453,3820,0.0,0.0,0.0
2024-10-14 13:10:00-04:00,29.950000762939453,29.959999084472656,29.950000762939453,29.959299087524414,1614,0.0,0.0,0.0
2024-10-14 13:11:00-04:00,29.959999084472656,29.969900131225586,29.959999084472656,29.969900131225586,1520,0.0,0.0,0.0
2024-10-14 13:12:00-04:00,29.960100173950195,29.969900131225586,29.949899673461914,29.949899673461914,4270,0.0,0.0,0.0
2024-10-14 13:13:00-04:00,29.94499969482422,29.950000762939453,29.940000534057617,29.950000762939453,1587,0.0,0.0,0.0
2024-10-14 13:14:00-04:00,29.954999923706055,29.954999923706055,29.94499969482422,29.94499969482422,1624,0.0,0.0,0.0
2024-10-14 13:15:00-04:00,29.950000762939453,29.950000762939453,29.950000762939453,29.950000762939453,1036,0.0,0.0,0.0
2024-10-14 13:16:00-04:00,29.94499969482422,29.95870018005371,29.940000534057617,29.954999923706055,3056,0.0,0.0,0.0
2024-10-14 13:17:00-04:00,29.950000762939453,29.950000762939453,29.950000762939453,29.950000762939453,1400,0.0,0.0,0.0
2024-10-14 13:18:00-04:00,29.950000762939453,29.950000762939453,29.94499969482422,29.94499969482422,1010,0.0,0.0,0.0
2024-10-14 13:19:00-04:00,29.950000762939453,29.950000762939453,29.9375,29.940000534057617,4800,0.0,0.0,0.0
2024-10-14 13:20:00-04:00,29.950000762939453,29.950000762939453,29.94499969482422,29.94499969482422,404,0.0,0.0,0.0
2024-10-14 13:21:00-04:00,29.940000534057617,29.940000534057617,29.934999465942383,29.940000534057617,1365,0.0,0.0,0.0
2024-10-14 13:22:00-04:00,29.93000030517578,29.940000534057617,29.93000030517578,29.934099197387695,2496,0.0,0.0,0.0
2024-10-14 13:23:00-04:00,29.930299758911133,29.930299758911133,29.920000076293945,29.920000076293945,4248,0.0,0.0,0.0
2024-10-14 13:24:00-04:00,29.93000030517578,29.93000030517578,29.924999237060547,29.924999237060547,1756,0.0,0.0,0.0
2024-10-14 13:25:00-04:00,29.920000076293945,29.920000076293945,29.915000915527344,29.915000915527344,1342,0.0,0.0,0.0
2024-10-14 13:26:00-04:00,29.920000076293945,29.924999237060547,29.920000076293945,29.924999237060547,1776,0.0,0.0,0.0
2024-10-14 13:27:00-04:00,29.924999237060547,29.93000030517578,29.915000915527344,29.920000076293945,1529,0.0,0.0,0.0
2024-10-14 13:28:00-04:00,29.920000076293945,29.920000076293945,29.90999984741211,29.915000915527344,5574,0.0,0.0,0.0
2024-10-14 13:29:00-04:00,29.920000076293945,29.920000076293945,29.915000915527344,29.920000076293945,2388,0.0,0.0,0.0
2024-10-14 13:30:00-04:00,29.920000076293945,29.920000076293945,29.920000076293945,29.920000076293945,1593,0.0,0.0,0.0
2024-10-14 13:31:00-04:00,29.915000915527344,29.920000076293945,29.90999984741211,29.91990089416504,1516,0.0,0.0,0.0
2024-10-14 13:32:00-04:00,29.915000915527344,29.920000076293945,29.90999984741211,29.920000076293945,2366,0.0,0.0,0.0
2024-10-14 13:33:00-04:00,29.920000076293945,29.920000076293945,29.90999984741211,29.915000915527344,562,0.0,0.0,0.0
2024-10-14 13:34:00-04:00,29.90999984741211,29.918399810791016,29.90999984741211,29.917999267578125,3882,0.0,0.0,0.0
2024-10-14 13:35:00-04:00,29.91990089416504,29.92889976501465,29.915000915527344,29.92889976501465,6413,0.0,0.0,0.0
2024-10-14 13:36:00-04:00,29.924999237060547,29.924999237060547,29.924999237060547,29.924999237060547,466,0.0,0.0,0.0
2024-10-14 13:37:00-04:00,29.924999237060547,29.934999465942383,29.924999237060547,29.93000030517578,3955,0.0,0.0,0.0
2024-10-14 13:38:00-04:00,29.93000030517578,29.939800262451172,29.93000030517578,29.939800262451172,1214,0.0,0.0,0.0
2024-10-14 13:39:00-04:00,29.938800811767578,29.940000534057617,29.934999465942383,29.934999465942383,2585,0.0,0.0,0.0
2024-10-14 13:40:00-04:00,29.93000030517578,29.93000030517578,29.924999237060547,29.924999237060547,2589,0.0,0.0,0.0
2024-10-14 13:41:00-04:00,29.924999237060547,29.924999237060547,29.924999237060547,29.924999237060547,960,0.0,0.0,0.0
2024-10-14 13:42:00-04:00,29.924999237060547,29.924999237060547,29.920000076293945,29.924999237060547,1748,0.0,0.0,0.0
2024-10-14 13:43:00-04:00,29.920000076293945,29.920000076293945,29.920000076293945,29.920000076293945,2038,0.0,0.0,0.0
2024-10-14 13:44:00-04:00,29.93000030517578,29.93000030517578,29.920000076293945,29.924999237060547,2437,0.0,0.0,0.0
2024-10-14 13:45:00-04:00,29.920000076293945,29.920000076293945,29.915000915527344,29.915000915527344,1914,0.0,0.0,0.0
2024-10-14 13:46:00-04:00,29.90999984741211,29.90999984741211,29.899999618530273,29.905000686645508,6009,0.0,0.0,0.0
2024-10-14 13:47:00-04:00,29.90999984741211,29.90999984741211,29.905000686645508,29.905000686645508,695,0.0,0.0,0.0
2024-10-14 13:48:00-04:00,29.905000686645508,29.905000686645508,29.905000686645508,29.905000686645508,654,0.0,0.0,0.0
2024-10-14 13:49:00-04:00,29.899999618530273,29.899999618530273,29.895000457763672,29.899999618530273,7690,0.0,0.0,0.0
2024-10-14 13:50:00-04:00,29.940000534057617,29.940000534057617,29.940000534057617,29.940000534057617,33999,0.0,0.0,0.0
2024-10-14 13:51:00-04:00,29.93000030517578,29.93000030517578,29.92009925842285,29.93000030517578,2977,0.0,0.0,0.0
2024-10-14 13:52:00-04:00,29.925899505615234,29.92919921875,29.920000076293945,29.920000076293945,1206,0.0,0.0,0.0
2024-10-14 13:53:00-04:00,29.924999237060547,29.93000030517578,29.924999237060547,29.924999237060547,2063,0.0,0.0,0.0
2024-10-14 13:54:00-04:00,29.920000076293945,29.920000076293945,29.915000915527344,29.918399810791016,1002,0.0,0.0,0.0
2024-10-14 13:55:00-04:00,29.90999984741211,29.90999984741211,29.895000457763672,29.895000457763672,4673,0.0,0.0,0.0
2024-10-14 13:56:00-04:00,29.895000457763672,29.899999618530273,29.895000457763672,29.899999618530273,3062,0.0,0.0,0.0
2024-10-14 13:57:00-04:00,29.899999618530273,29.90999984741211,29.899999618530273,29.90999984741211,2723,0.0,0.0,0.0
2024-10-14 13:58:00-04:00,29.915000915527344,29.915000915527344,29.915000915527344,29.915000915527344,101,0.0,0.0,0.0
2024-10-14 13:59:00-04:00,29.915000915527344,29.920000076293945,29.915000915527344,29.917999267578125,3856,0.0,0.0,0.0
2024-10-14 14:00:00-04:00,29.90999984741211,29.90999984741211,29.895000457763672,29.899999618530273,1913,0.0,0.0,0.0
2024-10-14 14:01:00-04:00,29.899999618530273,29.90999984741211,29.899999618530273,29.899999618530273,6418,0.0,0.0,0.0
2024-10-14 14:02:00-04:00,29.889999389648438,29.899999618530273,29.889999389648438,29.899999618530273,3165,0.0,0.0,0.0
2024-10-14 14:03:00-04:00,29.899999618530273,29.90999984741211,29.899999618530273,29.90999984741211,1341,0.0,0.0,0.0
2024-10-14 14:04:00-04:00,29.899999618530273,29.909900665283203,29.899999618530273,29.905000686645508,1345,0.0,0.0,0.0
2024-10-14 14:05:00-04:00,29.90999984741211,29.920000076293945,29.90999984741211,29.920000076293945,1478,0.0,0.0,0.0
2024-10-14 14:06:00-04:00,29.920000076293945,29.920000076293945,29.90999984741211,29.90999984741211,312,0.0,0.0,0.0
2024-10-14 14:07:00-04:00,29.915000915527344,29.920000076293945,29.90999984741211,29.915000915527344,2371,0.0,0.0,0.0
2024-10-14 14:08:00-04:00,29.920000076293945,29.93000030517578,29.920000076293945,29.924999237060547,1034,0.0,0.0,0.0
2024-10-14 14:09:00-04:00,29.920000076293945,29.93000030517578,29.920000076293945,29.93000030517578,1748,0.0,0.0,0.0
2024-10-14 14:10:00-04:00,29.920000076293945,29.924999237060547,29.920000076293945,29.924999237060547,2261,0.0,0.0,0.0
2024-10-14 14:11:00-04:00,29.920000076293945,29.93000030517578,29.920000076293945,29.93000030517578,2041,0.0,0.0,0.0
2024-10-14 14:12:00-04:00,29.937000274658203,29.940000534057617,29.931299209594727,29.939699172973633,2153,0.0,0.0,0.0
2024-10-14 14:13:00-04:00,29.93000030517578,29.93000030517578,29.920000076293945,29.920000076293945,2054,0.0,0.0,0.0
2024-10-14 14:14:00-04:00,29.920000076293945,29.93000030517578,29.920000076293945,29.924999237060547,4337,0.0,0.0,0.0
2024-10-14 14:15:00-04:00,29.93000030517578,29.93000030517578,29.915000915527344,29.915000915527344,944,0.0,0.0,0.0
2024-10-14 14:16:00-04:00,29.90999984741211,29.90999984741211,29.899999618530273,29.90999984741211,2110,0.0,0.0,0.0
2024-10-14 14:17:00-04:00,29.90999984741211,29.90999984741211,29.895000457763672,29.899999618530273,2154,0.0,0.0,0.0
2024-10-14 14:18:00-04:00,29.889999389648438,29.896799087524414,29.889999389648438,29.895000457763672,1204,0.0,0.0,0.0
2024-10-14 14:19:00-04:00,29.895000457763672,29.90999984741211,29.895000457763672,29.90999984741211,4729,0.0,0.0,0.0
2024-10-14 14:20:00-04:00,29.91010093688965,29.91010093688965,29.90999984741211,29.90999984741211,437,0.0,0.0,0.0
2024-10-14 14:21:00-04:00,29.905000686645508,29.90999984741211,29.905000686645508,29.905000686645508,15595,0.0,0.0,0.0
2024-10-14 14:22:00-04:00,29.899999618530273,29.899999618530273,29.885000228881836,29.885000228881836,7121,0.0,0.0,0.0
2024-10-14 14:23:00-04:00,29.889999389648438,29.899900436401367,29.885000228881836,29.889999389648438,1872,0.0,0.0,0.0
2024-10-14 14:24:00-04:00,29.895000457763672,29.90999984741211,29.895000457763672,29.90999984741211,391,0.0,0.0,0.0
2024-10-14 14:25:00-04:00,29.899999618530273,29.905000686645508,29.899999618530273,29.899999618530273,1625,0.0,0.0,0.0
2024-10-14 14:26:00-04:00,29.905000686645508,29.905000686645508,29.895000457763672,29.899999618530273,1269,0.0,0.0,0.0
2024-10-14 14:27:00-04:00,29.895000457763672,29.899999618530273,29.895000457763672,29.899999618530273,2507,0.0,0.0,0.0
2024-10-14 14:28:00-04:00,29.889999389648438,29.889999389648438,29.881000518798828,29.885000228881836,12069,0.0,0.0,0.0
2024-10-14 14:29:00-04:00,29.8799991607666,29.889999389648438,29.8799991607666,29.885000228881836,3272,0.0,0.0,0.0
2024-10-14 14:30:00-04:00,29.885000228881836,29.889999389648438,29.885000228881836,29.885000228881836,1953,0.0,0.0,0.0
2024-10-14 14:31:00-04:00,29.8799991607666,29.889999389648438,29.8799991607666,29.885000228881836,2229,0.0,0.0,0.0
2024-10-14 14:32:00-04:00,29.885000228881836,29.885000228881836,29.8799991607666,29.885000228881836,1573,0.0,0.0,0.0
2024-10-14 14:33:00-04:00,29.8799991607666,29.899999618530273,29.8799991607666,29.895000457763672,6506,0.0,0.0,0.0
2024-10-14 14:34:00-04:00,29.889999389648438,29.889999389648438,29.885000228881836,29.885000228881836,3068,0.0,0.0,0.0
2024-10-14 14:35:00-04:00,29.889999389648438,29.895000457763672,29.885000228881836,29.889999389648438,3223,0.0,0.0,0.0
2024-10-14 14:36:00-04:00,29.889999389648438,29.889999389648438,29.885000228881836,29.885000228881836,3114,0.0,0.0,0.0
2024-10-14 14:37:00-04:00,29.889999389648438,29.899999618530273,29.889999389648438,29.889999389648438,1588,0.0,0.0,0.0
2024-10-14 14:38:00-04:00,29.899999618530273,29.899999618530273,29.899999618530273,29.899999618530273,262,0.0,0.0,0.0
2024-10-14 14:39:00-04:00,29.899999618530273,29.905000686645508,29.895000457763672,29.895000457763672,1986,0.0,0.0,0.0
2024-10-14 14:40:00-04:00,29.895000457763672,29.90999984741211,29.889999389648438,29.905000686645508,4309,0.0,0.0,0.0
2024-10-14 14:41:00-04:00,29.909900665283203,29.909900665283203,29.900299072265625,29.905000686645508,1377,0.0,0.0,0.0
2024-10-14 14:42:00-04:00,29.905000686645508,29.905000686645508,29.889999389648438,29.889999389648438,2128,0.0,0.0,0.0
2024-10-14 14:43:00-04:00,29.889999389648438,29.889999389648438,29.885000228881836,29.885000228881836,1390517,0.0,0.0,0.0
2024-10-14 14:44:00-04:00,29.88990020751953,29.88990020751953,29.88990020751953,29.88990020751953,584,0.0,0.0,0.0
2024-10-14 14:46:00-04:00,29.8799991607666,29.8799991607666,29.875,29.875,9955,0.0,0.0,0.0
2024-10-14 14:47:00-04:00,29.8799991607666,29.8799991607666,29.864999771118164,29.864999771118164,3528,0.0,0.0,0.0
2024-10-14 14:48:00-04:00,29.864999771118164,29.8700008392334,29.864999771118164,29.864999771118164,1092,0.0,0.0,0.0
2024-10-14 14:49:00-04:00,29.864999771118164,29.864999771118164,29.850000381469727,29.854999542236328,3433,0.0,0.0,0.0
2024-10-14 14:50:00-04:00,29.854700088500977,29.860000610351562,29.851999282836914,29.854999542236328,3916,0.0,0.0,0.0
2024-10-14 14:51:00-04:00,29.854999542236328,29.859899520874023,29.854999542236328,29.859899520874023,335,0.0,0.0,0.0
2024-10-14 14:52:00-04:00,29.850000381469727,29.85700035095215,29.850000381469727,29.854999542236328,1676,0.0,0.0,0.0
2024-10-14 14:53:00-04:00,29.850000381469727,29.854999542236328,29.850000381469727,29.850000381469727,2225,0.0,0.0,0.0
2024-10-14 14:54:00-04:00,29.850000381469727,29.850000381469727,29.844999313354492,29.844999313354492,7940,0.0,0.0,0.0
2024-10-14 14:55:00-04:00,29.844999313354492,29.850000381469727,29.84000015258789,29.844999313354492,7571,0.0,0.0,0.0
2024-10-14 14:56:00-04:00,29.850000381469727,29.850000381469727,29.84000015258789,29.844999313354492,3725,0.0,0.0,0.0
2024-10-14 14:57:00-04:00,29.844999313354492,29.844999313354492,29.834999084472656,29.83989906311035,2463,0.0,0.0,0.0
2024-10-14 14:58:00-04:00,29.829999923706055,29.834999084472656,29.825000762939453,29.825000762939453,3009,0.0,0.0,0.0
2024-10-14 14:59:00-04:00,29.829999923706055,29.829999923706055,29.815000534057617,29.819900512695312,4854,0.0,0.0,0.0
2024-10-14 15:00:00-04:00,29.809999465942383,29.989999771118164,29.780000686645508,29.899999618530273,117997,0.0,0.0,0.0
2024-10-14 15:01:00-04:00,29.899700164794922,29.969999313354492,29.895000457763672,29.969999313354492,19288,0.0,0.0,0.0
2024-10-14 15:02:00-04:00,29.975000381469727,29.975000381469727,29.93000030517578,29.93000030517578,17572,0.0,0.0,0.0
2024-10-14 15:03:00-04:00,29.93000030517578,29.93000030517578,29.889999389648438,29.905000686645508,17490,0.0,0.0,0.0
2024-10-14 15:04:00-04:00,29.905000686645508,29.90999984741211,29.889999389648438,29.899999618530273,5867,0.0,0.0,0.0
2024-10-14 15:05:00-04:00,29.899999618530273,29.959999084472656,29.895000457763672,29.959999084472656,16931,0.0,0.0,0.0
2024-10-14 15:06:00-04:00,29.969999313354492,30.049999237060547,29.96500015258789,30.030000686645508,17263,0.0,0.0,0.0
2024-10-14 15:07:00-04:00,30.022499084472656,30.045000076293945,30.020000457763672,30.040000915527344,28652,0.0,0.0,0.0
2024-10-14 15:08:00-04:00,30.03499984741211,30.065000534057617,30.024999618530273,30.030000686645508,13058,0.0,0.0,0.0
2024-10-14 15:09:00-04:00,30.030000686645508,30.075000762939453,30.030000686645508,30.075000762939453,12300,0.0,0.0,0.0
2024-10-14 15:10:00-04:00,30.075000762939453,30.079999923706055,30.020000457763672,30.040000915527344,13197,0.0,0.0,0.0
2024-10-14 15:11:00-04:00,30.049999237060547,30.100000381469727,30.049999237060547,30.09000015258789,18728,0.0,0.0,0.0
2024-10-14 15:12:00-04:00,30.094999313354492,30.1299991607666,30.09000015258789,30.1200008392334,13506,0.0,0.0,0.0
2024-10-14 15:13:00-04:00,30.110000610351562,30.149999618530273,30.09000015258789,30.128000259399414,12425,0.0,0.0,0.0
2024-10-14 15:14:00-04:00,30.125,30.174999237060547,30.114999771118164,30.149999618530273,37779,0.0,0.0,0.0
2024-10-14 15:15:00-04:00,30.15999984741211,30.207199096679688,30.15999984741211,30.18000030517578,26720,0.0,0.0,0.0
2024-10-14 15:16:00-04:00,30.190000534057617,30.200000762939453,30.18000030517578,30.18000030517578,10068,0.0,0.0,0.0
2024-10-14 15:17:00-04:00,30.170000076293945,30.190000534057617,30.15999984741211,30.15999984741211,7136,0.0,0.0,0.0
2024-10-14 15:18:00-04:00,30.15999984741211,30.177200317382812,30.139999389648438,30.15999984741211,11602,0.0,0.0,0.0
2024-10-14 15:19:00-04:00,30.15999984741211,30.190000534057617,30.149999618530273,30.18000030517578,14699,0.0,0.0,0.0
2024-10-14 15:20:00-04:00,30.184999465942383,30.190000534057617,30.170000076293945,30.18000030517578,9121,0.0,0.0,0.0
2024-10-14 15:21:00-04:00,30.18000030517578,30.190000534057617,30.170000076293945,30.184999465942383,12709,0.0,0.0,0.0
2024-10-14 15:22:00-04:00,30.190000534057617,30.209999084472656,30.18000030517578,30.186599731445312,11091,0.0,0.0,0.0
2024-10-14 15:23:00-04:00,30.184999465942383,30.190000534057617,30.170000076293945,30.177799224853516,8451,0.0,0.0,0.0
2024-10-14 15:24:00-04:00,30.174999237060547,30.18000030517578,30.170000076293945,30.174999237060547,3739,0.0,0.0,0.0
2024-10-14 15:25:00-04:00,30.170000076293945,30.170000076293945,30.139999389648438,30.139999389648438,6909,0.0,0.0,0.0
2024-10-14 15:26:00-04:00,30.139999389648438,30.139999389648438,30.1299991607666,30.1299991607666,5214,0.0,0.0,0.0
2024-10-14 15:27:00-04:00,30.135000228881836,30.135000228881836,30.079999923706055,30.079999923706055,10322,0.0,0.0,0.0
2024-10-14 15:28:00-04:00,30.079999923706055,30.1299991607666,30.079999923706055,30.1299991607666,12835,0.0,0.0,0.0
2024-10-14 15:29:00-04:00,30.1299991607666,30.15999984741211,30.110000610351562,30.114999771118164,11802,0.0,0.0,0.0
2024-10-14 15:30:00-04:00,30.114999771118164,30.1200008392334,30.09000015258789,30.110000610351562,19421,0.0,0.0,0.0
2024-10-14 15:31:00-04:00,30.110000610351562,30.110000610351562,30.100000381469727,30.110000610351562,3078,0.0,0.0,0.0
2024-10-14 15:32:00-04:00,30.100000381469727,30.110000610351562,30.079999923706055,30.100000381469727,11734,0.0,0.0,0.0
2024-10-14 15:33:00-04:00,30.110000610351562,30.139999389648438,30.110000610351562,30.1299991607666,2312,0.0,0.0,0.0
2024-10-14 15:34:00-04:00,30.1299991607666,30.139999389648438,30.100000381469727,30.139999389648438,10868,0.0,0.0,0.0
2024-10-14 15:35:00-04:00,30.1299991607666,30.1299991607666,30.110000610351562,30.110000610351562,1491,0.0,0.0,0.0
2024-10-14 15:36:00-04:00,30.110000610351562,30.149999618530273,30.110000610351562,30.110000610351562,18256,0.0,0.0,0.0
2024-10-14 15:37:00-04:00,30.110000610351562,30.1200008392334,30.110000610351562,30.1200008392334,1636,0.0,0.0,0.0
2024-10-14 15:38:00-04:00,30.114999771118164,30.1299991607666,30.110000610351562,30.1200008392334,6665,0.0,0.0,0.0
2024-10-14 15:39:00-04:00,30.110000610351562,30.1299991607666,30.100000381469727,30.125,9840,0.0,0.0,0.0
2024-10-14 15:40:00-04:00,30.129899978637695,30.15999984741211,30.1200008392334,30.149999618530273,7970,0.0,0.0,0.0
2024-10-14 15:41:00-04:00,30.15999984741211,30.15999984741211,30.139999389648438,30.15999984741211,5965,0.0,0.0,0.0
2024-10-14 15:42:00-04:00,30.149999618530273,30.18000030517578,30.149999618530273,30.18000030517578,9010,0.0,0.0,0.0
2024-10-14 15:43:00-04:00,30.174999237060547,30.190000534057617,30.170000076293945,30.170900344848633,3608,0.0,0.0,0.0
2024-10-14 15:44:00-04:00,30.174999237060547,30.190000534057617,30.170000076293945,30.184999465942383,7648,0.0,0.0,0.0
2024-10-14 15:45:00-04:00,30.18000030517578,30.18000030517578,30.139999389648438,30.139999389648438,8273,0.0,0.0,0.0
2024-10-14 15:46:00-04:00,30.145000457763672,30.149999618530273,30.1299991607666,30.135000228881836,9901,0.0,0.0,0.0
2024-10-14 15:47:00-04:00,30.1299991607666,30.15999984741211,30.1299991607666,30.15999984741211,12825,0.0,0.0,0.0
2024-10-14 15:48:00-04:00,30.170000076293945,30.174999237060547,30.149999618530273,30.167499542236328,8923,0.0,0.0,0.0
2024-10-14 15:49:00-04:00,30.170000076293945,30.174999237060547,30.155000686645508,30.15999984741211,11506,0.0,0.0,0.0
2024-10-14 15:50:00-04:00,30.170000076293945,30.170000076293945,30.135000228881836,30.15999984741211,9590,0.0,0.0,0.0
2024-10-14 15:51:00-04:00,30.15999984741211,30.15999984741211,30.139999389648438,30.15999984741211,17614,0.0,0.0,0.0
2024-10-14 15:52:00-04:00,30.15999984741211,30.174999237060547,30.15999984741211,30.174999237060547,5202,0.0,0.0,0.0
2024-10-14 15:53:00-04:00,30.174999237060547,30.174999237060547,30.139999389648438,30.139999389648438,13075,0.0,0.0,0.0
2024-10-14 15:54:00-04:00,30.139999389648438,30.155000686645508,30.1299991607666,30.145000457763672,16192,0.0,0.0,0.0
2024-10-14 15:55:00-04:00,30.145000457763672,30.149999618530273,30.1200008392334,30.1299991607666,21531,0.0,0.0,0.0
2024-10-14 15:56:00-04:00,30.125,30.125,30.100000381469727,30.110000610351562,14625,0.0,0.0,0.0
2024-10-14 15:57:00-04:00,30.110000610351562,30.110000610351562,30.09000015258789,30.09000015258789,12755,0.0,0.0,0.0
2024-10-14 15:58:00-04:00,30.09000015258789,30.139999389648438,30.09000015258789,30.135000228881836,23115,0.0,0.0,0.0
2024-10-14 15:59:00-04:00,30.139999389648438,30.170000076293945,30.139999389648438,30.15999984741211,29586,0.0,0.0,0.0
2024-10-15 09:30:00-04:00,30.309999465942383,30.420000076293945,30.274999618530273,30.40999984741211,97874,0.0,0.0,0.0
2024-10-15 09:31:00-04:00,30.399999618530273,30.415000915527344,30.34000015258789,30.34000015258789,6894,0.0,0.0,0.0
2024-10-15 09:32:00-04:00,30.31999969482422,30.31999969482422,30.209999084472656,30.209999084472656,24606,0.0,0.0,0.0
2024-10-15 09:33:00-04:00,30.209999084472656,30.219999313354492,30.170000076293945,30.209999084472656,15501,0.0,0.0,0.0
2024-10-15 09:34:00-04:00,30.19499969482422,30.2450008392334,30.19499969482422,30.229999542236328,20952,0.0,0.0,0.0
2024-10-15 09:35:00-04:00,30.25,30.280000686645508,30.25,30.25,4952,0.0,0.0,0.0
2024-10-15 09:36:00-04:00,30.25,30.31999969482422,30.25,30.309999465942383,19128,0.0,0.0,0.0
2024-10-15 09:37:00-04:00,30.299999237060547,30.31999969482422,30.270000457763672,30.270000457763672,8264,0.0,0.0,0.0
2024-10-15 09:38:00-04:00,30.202800750732422,30.28499984741211,30.202800750732422,30.202800750732422,8610,0.0,0.0,0.0
2024-10-15 09:39:00-04:00,30.200000762939453,30.200000762939453,30.09000015258789,30.1299991607666,9991,0.0,0.0,0.0
2024-10-15 09:40:00-04:00,30.139999389648438,30.18000030517578,30.1299991607666,30.165000915527344,2600,0.0,0.0,0.0
2024-10-15 09:41:00-04:00,30.149999618530273,30.149999618530273,30.100000381469727,30.100000381469727,18985,0.0,0.0,0.0
2024-10-15 09:42:00-04:00,30.100000381469727,30.1200008392334,30.059999465942383,30.065000534057617,6917,0.0,0.0,0.0
2024-10-15 09:43:00-04:00,30.077499389648438,30.110000610351562,30.065000534057617,30.110000610351562,2432,0.0,0.0,0.0
2024-10-15 09:44:00-04:00,30.110000610351562,30.149999618530273,30.110000610351562,30.149999618530273,6597,0.0,0.0,0.0
2024-10-15 09:45:00-04:00,30.149999618530273,30.152799606323242,30.102699279785156,30.110000610351562,4629,0.0,0.0,0.0
2024-10-15 09:46:00-04:00,30.1299991607666,30.1299991607666,30.030000686645508,30.030000686645508,7689,0.0,0.0,0.0
2024-10-15 09:47:00-04:00,30.030000686645508,30.09000015258789,30.020000457763672,30.05500030517578,10436,0.0,0.0,0.0
2024-10-15 09:48:00-04:00,30.079999923706055,30.110000610351562,30.079999923706055,30.101299285888672,1652,0.0,0.0,0.0
2024-10-15 09:49:00-04:00,30.110000610351562,30.139999389648438,30.079999923706055,30.079999923706055,6722,0.0,0.0,0.0
2024-10-15 09:50:00-04:00,30.09000015258789,30.100000381469727,30.079999923706055,30.079999923706055,1393,0.0,0.0,0.0
2024-10-15 09:51:00-04:00,30.082000732421875,30.100000381469727,30.069000244140625,30.06999969482422,7654,0.0,0.0,0.0
2024-10-15 09:52:00-04:00,30.010000228881836,30.065000534057617,30.0,30.010000228881836,6274,0.0,0.0,0.0
2024-10-15 09:53:00-04:00,30.0,30.028600692749023,29.990100860595703,30.020000457763672,7356,0.0,0.0,0.0
2024-10-15 09:54:00-04:00,30.020000457763672,30.02899932861328,29.9950008392334,29.9950008392334,2193,0.0,0.0,0.0
2024-10-15 09:55:00-04:00,29.989999771118164,30.030000686645508,29.979999542236328,30.020000457763672,9448,0.0,0.0,0.0
2024-10-15 09:56:00-04:00,30.024999618530273,30.030000686645508,29.969999313354492,29.989999771118164,15538,0.0,0.0,0.0
2024-10-15 09:57:00-04:00,30.0,30.020000457763672,30.0,30.020000457763672,2345,0.0,0.0,0.0
2024-10-15 09:58:00-04:00,30.024999618530273,30.024999618530273,29.996000289916992,30.010000228881836,1940,0.0,0.0,0.0
2024-10-15 09:59:00-04:00,30.030099868774414,30.030099868774414,29.9950008392334,29.9950008392334,1474,0.0,0.0,0.0
2024-10-15 10:00:00-04:00,30.0,30.020000457763672,29.989999771118164,29.989999771118164,4306,0.0,0.0,0.0
2024-10-15 10:01:00-04:00,30.0,30.0049991607666,29.979999542236328,30.001699447631836,10112,0.0,0.0,0.0
2024-10-15 10:02:00-04:00,30.0,30.030000686645508,29.9950008392334,30.0,4100,0.0,0.0,0.0
2024-10-15 10:03:00-04:00,30.010000228881836,30.01300048828125,29.989999771118164,29.997400283813477,3889,0.0,0.0,0.0
2024-10-15 10:04:00-04:00,30.0049991607666,30.020000457763672,30.0,30.020000457763672,2141,0.0,0.0,0.0
2024-10-15 10:05:00-04:00,30.02199935913086,30.02199935913086,29.989999771118164,30.0049991607666,10130,0.0,0.0,0.0
2024-10-15 10:06:00-04:00,30.010000228881836,30.040000915527344,30.010000228881836,30.020000457763672,4450,0.0,0.0,0.0
2024-10-15 10:07:00-04:00,30.020099639892578,30.040000915527344,30.020099639892578,30.040000915527344,3867,0.0,0.0,0.0
2024-10-15 10:08:00-04:00,30.04990005493164,30.079999923706055,30.040000915527344,30.06999969482422,10966,0.0,0.0,0.0
2024-10-15 10:09:00-04:00,30.075000762939453,30.094999313354492,30.075000762939453,30.094999313354492,1461,0.0,0.0,0.0
2024-10-15 10:10:00-04:00,30.09000015258789,30.104999542236328,30.080699920654297,30.09000015258789,3771,0.0,0.0,0.0
2024-10-15 10:11:00-04:00,30.08209991455078,30.08209991455078,30.0625,30.0625,1633,0.0,0.0,0.0
2024-10-15 10:12:00-04:00,30.059999465942383,30.059999465942383,30.020000457763672,30.020000457763672,2094,0.0,0.0,0.0
2024-10-15 10:13:00-04:00,30.010000228881836,30.030000686645508,30.010000228881836,30.010000228881836,1854,0.0,0.0,0.0
2024-10-15 10:14:00-04:00,30.0,30.0,29.920000076293945,29.940000534057617,10395,0.0,0.0,0.0
2024-10-15 10:15:00-04:00,29.93000030517578,29.940000534057617,29.90999984741211,29.93000030517578,8508,0.0,0.0,0.0
2024-10-15 10:16:00-04:00,29.940000534057617,29.940000534057617,29.940000534057617,29.940000534057617,2695,0.0,0.0,0.0
2024-10-15 10:17:00-04:00,29.950000762939453,29.950000762939453,29.950000762939453,29.950000762939453,710,0.0,0.0,0.0
2024-10-15 10:18:00-04:00,29.94499969482422,29.979999542236328,29.94499969482422,29.965200424194336,12451,0.0,0.0,0.0
2024-10-15 10:19:00-04:00,29.969999313354492,29.979999542236328,29.969999313354492,29.971200942993164,1965,0.0,0.0,0.0
2024-10-15 10:20:00-04:00,29.969999313354492,29.969999313354492,29.899999618530273,29.899999618530273,7195,0.0,0.0,0.0
2024-10-15 10:21:00-04:00,29.899999618530273,29.959999084472656,29.899999618530273,29.93000030517578,4182,0.0,0.0,0.0
2024-10-15 10:22:00-04:00,29.8799991607666,29.924999237060547,29.8700008392334,29.8799991607666,5229,0.0,0.0,0.0
2024-10-15 10:23:00-04:00,29.860000610351562,29.860000610351562,29.815000534057617,29.815000534057617,9225,0.0,0.0,0.0
2024-10-15 10:24:00-04:00,29.82550048828125,29.84000015258789,29.809999465942383,29.809999465942383,18510,0.0,0.0,0.0
2024-10-15 10:25:00-04:00,29.799999237060547,29.799999237060547,29.770000457763672,29.786771774291992,4671,0.0,0.0,0.0
2024-10-15 10:26:00-04:00,29.799999237060547,29.801300048828125,29.77120018005371,29.77120018005371,2119,0.0,0.0,0.0
2024-10-15 10:27:00-04:00,29.780000686645508,29.825000762939453,29.770099639892578,29.825000762939453,14412,0.0,0.0,0.0
2024-10-15 10:28:00-04:00,29.795000076293945,29.84000015258789,29.795000076293945,29.795000076293945,4841,0.0,0.0,0.0
2024-10-15 10:29:00-04:00,29.790000915527344,29.799999237060547,29.774999618530273,29.780000686645508,3603,0.0,0.0,0.0
2024-10-15 10:30:00-04:00,29.770000457763672,29.780000686645508,29.739999771118164,29.75,11213,0.0,0.0,0.0
2024-10-15 10:31:00-04:00,29.73189926147461,29.770000457763672,29.73189926147461,29.759899139404297,2538,0.0,0.0,0.0
2024-10-15 10:32:00-04:00,29.739999771118164,29.7549991607666,29.719999313354492,29.719999313354492,2567,0.0,0.0,0.0
2024-10-15 10:33:00-04:00,29.739900588989258,29.739999771118164,29.704999923706055,29.719999313354492,4987,0.0,0.0,0.0
2024-10-15 10:34:00-04:00,29.709999084472656,29.709999084472656,29.649999618530273,29.670000076293945,12541,0.0,0.0,0.0
2024-10-15 10:35:00-04:00,29.65999984741211,29.690000534057617,29.65999984741211,29.690000534057617,3839,0.0,0.0,0.0
2024-10-15 10:36:00-04:00,29.68000030517578,29.68000030517578,29.655000686645508,29.655000686645508,2778,0.0,0.0,0.0
2024-10-15 10:37:00-04:00,29.649999618530273,29.649999618530273,29.6200008392334,29.6299991607666,8927,0.0,0.0,0.0
2024-10-15 10:38:00-04:00,29.639999389648438,29.690000534057617,29.639999389648438,29.649999618530273,8971,0.0,0.0,0.0
2024-10-15 10:39:00-04:00,29.649999618530273,29.649999618530273,29.6299991607666,29.639999389648438,3365,0.0,0.0,0.0
2024-10-15 10:40:00-04:00,29.6299991607666,29.6299991607666,29.610000610351562,29.610000610351562,1580,0.0,0.0,0.0
2024-10-15 10:41:00-04:00,29.610000610351562,29.639999389648438,29.60580062866211,29.635000228881836,4116,0.0,0.0,0.0
2024-10-15 10:42:00-04:00,29.700000762939453,29.700000762939453,29.639999389648438,29.700000762939453,2405,0.0,0.0,0.0
2024-10-15 10:43:00-04:00,29.690000534057617,29.690000534057617,29.674999237060547,29.6781005859375,1952,0.0,0.0,0.0
2024-10-15 10:44:00-04:00,29.68000030517578,29.700000762939453,29.67060089111328,29.67060089111328,1425,0.0,0.0,0.0
2024-10-15 10:45:00-04:00,29.670000076293945,29.670000076293945,29.649999618530273,29.670000076293945,2722,0.0,0.0,0.0
2024-10-15 10:46:00-04:00,29.670000076293945,29.700000762939453,29.670000076293945,29.700000762939453,1265,0.0,0.0,0.0
2024-10-15 10:47:00-04:00,29.709999084472656,29.735000610351562,29.709999084472656,29.735000610351562,5768,0.0,0.0,0.0
2024-10-15 10:48:00-04:00,29.739999771118164,29.760000228881836,29.739999771118164,29.75,7112,0.0,0.0,0.0
2024-10-15 10:49:00-04:00,29.770000457763672,29.81999969482422,29.760000228881836,29.815000534057617,9391,0.0,0.0,0.0
2024-10-15 10:50:00-04:00,29.809999465942383,29.81999969482422,29.799999237060547,29.81999969482422,1855,0.0,0.0,0.0
2024-10-15 10:51:00-04:00,29.81130027770996,29.84000015258789,29.809999465942383,29.824899673461914,3294,0.0,0.0,0.0
2024-10-15 10:52:00-04:00,29.829999923706055,29.850000381469727,29.81999969482422,29.844999313354492,8999,0.0,0.0,0.0
2024-10-15 10:53:00-04:00,29.844999313354492,29.8700008392334,29.844999313354492,29.850000381469727,9249,0.0,0.0,0.0
2024-10-15 10:54:00-04:00,29.84000015258789,29.84000015258789,29.81999969482422,29.825000762939453,1575,0.0,0.0,0.0
2024-10-15 10:55:00-04:00,29.81999969482422,29.860000610351562,29.81999969482422,29.850000381469727,4292,0.0,0.0,0.0
2024-10-15 10:56:00-04:00,29.854999542236328,29.854999542236328,29.81999969482422,29.822906494140625,3649,0.0,0.0,0.0
2024-10-15 10:57:00-04:00,29.829999923706055,29.844999313354492,29.809999465942383,29.809999465942383,2063,0.0,0.0,0.0
2024-10-15 10:58:00-04:00,29.809999465942383,29.809999465942383,29.780000686645508,29.790000915527344,4453,0.0,0.0,0.0
2024-10-15 10:59:00-04:00,29.809999465942383,29.829999923706055,29.809999465942383,29.829999923706055,915,0.0,0.0,0.0
2024-10-15 11:00:00-04:00,29.809999465942383,29.81999969482422,29.780000686645508,29.81999969482422,6244,0.0,0.0,0.0
2024-10-15 11:01:00-04:00,29.81909942626953,29.81909942626953,29.81909942626953,29.81909942626953,316,0.0,0.0,0.0
2024-10-15 11:02:00-04:00,29.809999465942383,29.8700008392334,29.809999465942383,29.850000381469727,6874,0.0,0.0,0.0
2024-10-15 11:03:00-04:00,29.85610008239746,29.8799991607666,29.84000015258789,29.87969970703125,4366,0.0,0.0,0.0
2024-10-15 11:04:00-04:00,29.885000228881836,29.889999389648438,29.8700008392334,29.889999389648438,1898,0.0,0.0,0.0
2024-10-15 11:05:00-04:00,29.875,29.875,29.864999771118164,29.8700008392334,2041,0.0,0.0,0.0
2024-10-15 11:06:00-04:00,29.8700008392334,29.8700008392334,29.864700317382812,29.8700008392334,1252,0.0,0.0,0.0
2024-10-15 11:07:00-04:00,29.8799991607666,29.8799991607666,29.860000610351562,29.864999771118164,1240,0.0,0.0,0.0
2024-10-15 11:08:00-04:00,29.84000015258789,29.881200790405273,29.84000015258789,29.8799991607666,2055,0.0,0.0,0.0
2024-10-15 11:09:00-04:00,29.850000381469727,29.850000381469727,29.850000381469727,29.850000381469727,230,0.0,0.0,0.0
2024-10-15 11:10:00-04:00,29.84000015258789,29.850000381469727,29.81999969482422,29.850000381469727,1169,0.0,0.0,0.0
2024-10-15 11:11:00-04:00,29.86829948425293,29.889999389648438,29.86829948425293,29.8799991607666,1770,0.0,0.0,0.0
2024-10-15 11:12:00-04:00,29.8700008392334,29.920000076293945,29.8700008392334,29.920000076293945,3916,0.0,0.0,0.0
2024-10-15 11:13:00-04:00,29.940000534057617,29.94379997253418,29.93000030517578,29.93000030517578,1172,0.0,0.0,0.0
2024-10-15 11:14:00-04:00,29.90999984741211,29.959999084472656,29.90999984741211,29.950000762939453,3191,0.0,0.0,0.0
2024-10-15 11:15:00-04:00,29.950000762939453,29.950000762939453,29.950000762939453,29.950000762939453,662,0.0,0.0,0.0
2024-10-15 11:16:00-04:00,29.92650032043457,29.950000762939453,29.92650032043457,29.950000762939453,2289,0.0,0.0,0.0
2024-10-15 11:17:00-04:00,29.940000534057617,29.940000534057617,29.93000030517578,29.93000030517578,1836,0.0,0.0,0.0
2024-10-15 11:18:00-04:00,29.920000076293945,29.924999237060547,29.920000076293945,29.920000076293945,1648,0.0,0.0,0.0
2024-10-15 11:19:00-04:00,29.90169906616211,29.91667938232422,29.889999389648438,29.90999984741211,7246,0.0,0.0,0.0
2024-10-15 11:20:00-04:00,29.899999618530273,29.899999618530273,29.899900436401367,29.899900436401367,1154,0.0,0.0,0.0
2024-10-15 11:21:00-04:00,29.8799991607666,29.889999389648438,29.8799991607666,29.889999389648438,1195,0.0,0.0,0.0
2024-10-15 11:22:00-04:00,29.889999389648438,29.889999389648438,29.875,29.875,3182,0.0,0.0,0.0
2024-10-15 11:23:00-04:00,29.8799991607666,29.8799991607666,29.8799991607666,29.8799991607666,3466,0.0,0.0,0.0
2024-10-15 11:24:00-04:00,29.8700008392334,29.8700008392334,29.860000610351562,29.8700008392334,1583,0.0,0.0,0.0
2024-10-15 11:25:00-04:00,29.8700008392334,29.899999618530273,29.8700008392334,29.899999618530273,2562,0.0,0.0,0.0
2024-10-15 11:26:00-04:00,29.895000457763672,29.899999618530273,29.87649917602539,29.87649917602539,9117,0.0,0.0,0.0
2024-10-15 11:27:00-04:00,29.8799991607666,29.895099639892578,29.878299713134766,29.8799991607666,1037,0.0,0.0,0.0
2024-10-15 11:28:00-04:00,29.8799991607666,29.889999389648438,29.8700008392334,29.8799991607666,2777,0.0,0.0,0.0
2024-10-15 11:29:00-04:00,29.8700008392334,29.889999389648438,29.8700008392334,29.889999389648438,954,0.0,0.0,0.0
2024-10-15 11:30:00-04:00,29.899999618530273,29.899999618530273,29.889999389648438,29.899999618530273,1150,0.0,0.0,0.0
2024-10-15 11:31:00-04:00,29.90999984741211,29.90999984741211,29.899999618530273,29.899999618530273,2231,0.0,0.0,0.0
2024-10-15 11:32:00-04:00,29.920000076293945,29.920000076293945,29.899999618530273,29.920000076293945,1562,0.0,0.0,0.0
2024-10-15 11:33:00-04:00,29.920000076293945,29.924999237060547,29.920000076293945,29.920000076293945,783,0.0,0.0,0.0
2024-10-15 11:34:00-04:00,29.93000030517578,29.93000030517578,29.93000030517578,29.93000030517578,3456,0.0,0.0,0.0
2024-10-15 11:36:00-04:00,29.92650032043457,29.930099487304688,29.920000076293945,29.920000076293945,2622,0.0,0.0,0.0
2024-10-15 11:37:00-04:00,29.91830062866211,29.91830062866211,29.8799991607666,29.8799991607666,3871,0.0,0.0,0.0
2024-10-15 11:38:00-04:00,29.920000076293945,29.920000076293945,29.899200439453125,29.899200439453125,1217,0.0,0.0,0.0
2024-10-15 11:39:00-04:00,29.895000457763672,29.909900665283203,29.895000457763672,29.899999618530273,3070,0.0,0.0,0.0
2024-10-15 11:40:00-04:00,29.90999984741211,29.920000076293945,29.90999984741211,29.90999984741211,2047,0.0,0.0,0.0
2024-10-15 11:41:00-04:00,29.905000686645508,29.90999984741211,29.90130043029785,29.90130043029785,993,0.0,0.0,0.0
2024-10-15 11:42:00-04:00,29.899999618530273,29.93000030517578,29.899999618530273,29.93000030517578,890,0.0,0.0,0.0
2024-10-15 11:43:00-04:00,29.93899917602539,29.940000534057617,29.93899917602539,29.940000534057617,1303,0.0,0.0,0.0
2024-10-15 11:44:00-04:00,29.950000762939453,29.950000762939453,29.940000534057617,29.940000534057617,2442,0.0,0.0,0.0
2024-10-15 11:45:00-04:00,29.940000534057617,29.940000534057617,29.915000915527344,29.93000030517578,1871,0.0,0.0,0.0
2024-10-15 11:46:00-04:00,29.93000030517578,29.93000030517578,29.90999984741211,29.90999984741211,667,0.0,0.0,0.0
2024-10-15 11:47:00-04:00,29.899999618530273,29.90999984741211,29.8799991607666,29.895000457763672,5022,0.0,0.0,0.0
2024-10-15 11:48:00-04:00,29.899999618530273,29.899999618530273,29.889999389648438,29.895000457763672,11536,0.0,0.0,0.0
2024-10-15 11:49:00-04:00,29.895000457763672,29.915000915527344,29.895000457763672,29.915000915527344,2016,0.0,0.0,0.0
2024-10-15 11:50:00-04:00,29.90999984741211,29.92009925842285,29.90999984741211,29.90999984741211,2715,0.0,0.0,0.0
2024-10-15 11:51:00-04:00,29.90999984741211,29.90999984741211,29.889999389648438,29.890100479125977,12305,0.0,0.0,0.0
2024-10-15 11:52:00-04:00,29.895000457763672,29.895000457763672,29.8799991607666,29.885000228881836,13702,0.0,0.0,0.0
2024-10-15 11:53:00-04:00,29.88010025024414,29.899999618530273,29.88010025024414,29.895000457763672,3425,0.0,0.0,0.0
2024-10-15 11:54:00-04:00,29.889999389648438,29.905000686645508,29.885000228881836,29.905000686645508,1712,0.0,0.0,0.0
2024-10-15 11:55:00-04:00,29.899999618530273,29.93000030517578,29.899999618530273,29.90999984741211,7492,0.0,0.0,0.0
2024-10-15 11:56:00-04:00,29.90999984741211,29.940000534057617,29.90999984741211,29.93000030517578,2528,0.0,0.0,0.0
2024-10-15 11:57:00-04:00,29.93000030517578,29.934999465942383,29.927600860595703,29.93000030517578,1736,0.0,0.0,0.0
2024-10-15 11:58:00-04:00,29.939899444580078,29.939899444580078,29.90999984741211,29.90999984741211,6343,0.0,0.0,0.0
2024-10-15 11:59:00-04:00,29.899999618530273,29.90999984741211,29.899999618530273,29.90999984741211,647,0.0,0.0,0.0
2024-10-15 12:00:00-04:00,29.90999984741211,29.920000076293945,29.899999618530273,29.920000076293945,1483,0.0,0.0,0.0
2024-10-15 12:01:00-04:00,29.924999237060547,29.93000030517578,29.924999237060547,29.93000030517578,7142,0.0,0.0,0.0
2024-10-15 12:02:00-04:00,29.924999237060547,29.93000030517578,29.924999237060547,29.93000030517578,2250,0.0,0.0,0.0
2024-10-15 12:03:00-04:00,29.940000534057617,29.950000762939453,29.940000534057617,29.950000762939453,1459,0.0,0.0,0.0
2024-10-15 12:04:00-04:00,29.950000762939453,29.95989990234375,29.950000762939453,29.95989990234375,5758,0.0,0.0,0.0
2024-10-15 12:05:00-04:00,29.950000762939453,29.950000762939453,29.94499969482422,29.950000762939453,2802,0.0,0.0,0.0
2024-10-15 12:06:00-04:00,29.950000762939453,29.959999084472656,29.950000762939453,29.959999084472656,3494,0.0,0.0,0.0
2024-10-15 12:07:00-04:00,29.979999542236328,29.989999771118164,29.959999084472656,29.979999542236328,2228,0.0,0.0,0.0
2024-10-15 12:08:00-04:00,29.989999771118164,30.014999389648438,29.989999771118164,30.010400772094727,8576,0.0,0.0,0.0
2024-10-15 12:09:00-04:00,30.024999618530273,30.030000686645508,30.020000457763672,30.020000457763672,824,0.0,0.0,0.0
2024-10-15 12:10:00-04:00,30.024999618530273,30.040000915527344,30.024999618530273,30.040000915527344,1047,0.0,0.0,0.0
2024-10-15 12:11:00-04:00,30.030000686645508,30.059999465942383,30.030000686645508,30.059999465942383,3329,0.0,0.0,0.0
2024-10-15 12:12:00-04:00,30.060699462890625,30.060699462890625,30.049999237060547,30.059999465942383,13575,0.0,0.0,0.0
2024-10-15 12:13:00-04:00,30.059999465942383,30.065000534057617,30.049999237060547,30.059999465942383,1041,0.0,0.0,0.0
2024-10-15 12:14:00-04:00,30.079999923706055,30.079999923706055,30.075000762939453,30.079999923706055,2297,0.0,0.0,0.0
2024-10-15 12:15:00-04:00,30.079999923706055,30.094999313354492,30.079999923706055,30.094999313354492,1659,0.0,0.0,0.0
2024-10-15 12:16:00-04:00,30.09000015258789,30.100000381469727,30.079999923706055,30.084999084472656,3744,0.0,0.0,0.0
2024-10-15 12:17:00-04:00,30.079999923706055,30.079999923706055,30.06999969482422,30.079999923706055,1080,0.0,0.0,0.0
2024-10-15 12:18:00-04:00,30.079999923706055,30.084999084472656,30.075000762939453,30.079999923706055,4609,0.0,0.0,0.0
2024-10-15 12:19:00-04:00,30.079999923706055,30.09510040283203,30.079999923706055,30.084999084472656,3438,0.0,0.0,0.0
2024-10-15 12:20:00-04:00,30.079999923706055,30.084999084472656,30.06999969482422,30.079999923706055,4182,0.0,0.0,0.0
2024-10-15 12:21:00-04:00,30.06999969482422,30.079999923706055,30.049999237060547,30.049999237060547,2534,0.0,0.0,0.0
2024-10-15 12:22:00-04:00,30.049999237060547,30.049999237060547,30.049999237060547,30.049999237060547,460,0.0,0.0,0.0
2024-10-15 12:23:00-04:00,30.045000076293945,30.059999465942383,30.03499984741211,30.059999465942383,1767,0.0,0.0,0.0
2024-10-15 12:24:00-04:00,30.06999969482422,30.06999969482422,30.06999969482422,30.06999969482422,900,0.0,0.0,0.0
2024-10-15 12:25:00-04:00,30.06999969482422,30.09000015258789,30.06999969482422,30.06999969482422,4402,0.0,0.0,0.0
2024-10-15 12:26:00-04:00,30.06999969482422,30.072999954223633,30.06999969482422,30.06999969482422,867,0.0,0.0,0.0
2024-10-15 12:27:00-04:00,30.059999465942383,30.06999969482422,30.059999465942383,30.06999969482422,657,0.0,0.0,0.0
2024-10-15 12:28:00-04:00,30.079999923706055,30.079999923706055,30.06999969482422,30.070100784301758,2241,0.0,0.0,0.0
2024-10-15 12:29:00-04:00,30.06999969482422,30.06999969482422,30.06999969482422,30.06999969482422,431,0.0,0.0,0.0
2024-10-15 12:30:00-04:00,30.06999969482422,30.09000015258789,30.065000534057617,30.065000534057617,6682,0.0,0.0,0.0
2024-10-15 12:31:00-04:00,30.06999969482422,30.079999923706055,30.059999465942383,30.06999969482422,2482,0.0,0.0,0.0
2024-10-15 12:32:00-04:00,30.079999923706055,30.079999923706055,30.079999923706055,30.079999923706055,422,0.0,0.0,0.0
2024-10-15 12:33:00-04:00,30.09000015258789,30.110000610351562,30.09000015258789,30.104999542236328,449,0.0,0.0,0.0
2024-10-15 12:34:00-04:00,30.110000610351562,30.110000610351562,30.100000381469727,30.10650062561035,2255,0.0,0.0,0.0
2024-10-15 12:35:00-04:00,30.104999542236328,30.125,30.104999542236328,30.125,501,0.0,0.0,0.0
2024-10-15 12:36:00-04:00,30.1200008392334,30.125,30.1200008392334,30.125,1490,0.0,0.0,0.0
2024-10-15 12:37:00-04:00,30.125,30.125,30.125,30.125,720,0.0,0.0,0.0
2024-10-15 12:38:00-04:00,30.1200008392334,30.135000228881836,30.1200008392334,30.135000228881836,1219,0.0,0.0,0.0
2024-10-15 12:39:00-04:00,30.145000457763672,30.145000457763672,30.139999389648438,30.139999389648438,665,0.0,0.0,0.0
2024-10-15 12:40:00-04:00,30.149900436401367,30.174999237060547,30.149900436401367,30.170000076293945,18368,0.0,0.0,0.0
2024-10-15 12:41:00-04:00,30.18000030517578,30.200000762939453,30.170000076293945,30.174999237060547,11917,0.0,0.0,0.0
2024-10-15 12:42:00-04:00,30.174999237060547,30.174999237060547,30.149999618530273,30.149999618530273,8754,0.0,0.0,0.0
2024-10-15 12:43:00-04:00,30.155000686645508,30.15999984741211,30.139999389648438,30.139999389648438,3712,0.0,0.0,0.0
2024-10-15 12:44:00-04:00,30.1299991607666,30.155000686645508,30.1299991607666,30.155000686645508,2019,0.0,0.0,0.0
2024-10-15 12:45:00-04:00,30.156320571899414,30.15999984741211,30.145000457763672,30.145000457763672,2023,0.0,0.0,0.0
2024-10-15 12:46:00-04:00,30.149999618530273,30.15999984741211,30.149999618530273,30.15999984741211,473,0.0,0.0,0.0
2024-10-15 12:47:00-04:00,30.149999618530273,30.149999618530273,30.149999618530273,30.149999618530273,215,0.0,0.0,0.0
2024-10-15 12:48:00-04:00,30.1560001373291,30.15999984741211,30.1560001373291,30.15999984741211,961,0.0,0.0,0.0
2024-10-15 12:49:00-04:00,30.149999618530273,30.149999618530273,30.149999618530273,30.149999618530273,1265,0.0,0.0,0.0
2024-10-15 12:50:00-04:00,30.139999389648438,30.139999389648438,30.100000381469727,30.100000381469727,4733,0.0,0.0,0.0
2024-10-15 12:51:00-04:00,30.104999542236328,30.135000228881836,30.104999542236328,30.1299991607666,8012,0.0,0.0,0.0
2024-10-15 12:52:00-04:00,30.1299991607666,30.1299991607666,30.110000610351562,30.110000610351562,2023,0.0,0.0,0.0
2024-10-15 12:53:00-04:00,30.11009979248047,30.125,30.11009979248047,30.125,3151,0.0,0.0,0.0
2024-10-15 12:54:00-04:00,30.125,30.125,30.1200008392334,30.1200008392334,923,0.0,0.0,0.0
2024-10-15 12:55:00-04:00,30.1299991607666,30.1299991607666,30.1200008392334,30.1200008392334,629,0.0,0.0,0.0
2024-10-15 12:56:00-04:00,30.125,30.125,30.11199951171875,30.112600326538086,2047,0.0,0.0,0.0
2024-10-15 12:57:00-04:00,30.110000610351562,30.110000610351562,30.110000610351562,30.110000610351562,478,0.0,0.0,0.0
2024-10-15 12:58:00-04:00,30.115999221801758,30.115999221801758,30.114999771118164,30.114999771118164,883,0.0,0.0,0.0
2024-10-15 12:59:00-04:00,30.110000610351562,30.110000610351562,30.104999542236328,30.104999542236328,1859,0.0,0.0,0.0
2024-10-15 13:00:00-04:00,30.100000381469727,30.100000381469727,30.079999923706055,30.079999923706055,2211,0.0,0.0,0.0
2024-10-15 13:01:00-04:00,30.06999969482422,30.06999969482422,30.05500030517578,30.05500030517578,881,0.0,0.0,0.0
2024-10-15 13:02:00-04:00,30.059999465942383,30.059999465942383,30.059999465942383,30.059999465942383,493,0.0,0.0,0.0
2024-10-15 13:03:00-04:00,30.06999969482422,30.079999923706055,30.06999969482422,30.06999969482422,2400,0.0,0.0,0.0
2024-10-15 13:04:00-04:00,30.059999465942383,30.059999465942383,30.05500030517578,30.059900283813477,834,0.0,0.0,0.0
2024-10-15 13:05:00-04:00,30.049999237060547,30.049999237060547,30.049999237060547,30.049999237060547,563,0.0,0.0,0.0
2024-10-15 13:06:00-04:00,30.045000076293945,30.045000076293945,30.030000686645508,30.030000686645508,1348,0.0,0.0,0.0
2024-10-15 13:07:00-04:00,30.020000457763672,30.020000457763672,30.0,30.0,2905,0.0,0.0,0.0
2024-10-15 13:08:00-04:00,29.9950008392334,29.9950008392334,29.969999313354492,29.969999313354492,4182,0.0,0.0,0.0
2024-10-15 13:09:00-04:00,29.979999542236328,29.983999252319336,29.979999542236328,29.983999252319336,2184,0.0,0.0,0.0
2024-10-15 13:10:00-04:00,29.969999313354492,29.969999313354492,29.959999084472656,29.959999084472656,1271,0.0,0.0,0.0
2024-10-15 13:11:00-04:00,29.93000030517578,29.959999084472656,29.93000030517578,29.959999084472656,4330,0.0,0.0,0.0
2024-10-15 13:12:00-04:00,29.959999084472656,29.979999542236328,29.959999084472656,29.979999542236328,2830,0.0,0.0,0.0
2024-10-15 13:13:00-04:00,29.979999542236328,30.0,29.979999542236328,30.0,1971,0.0,0.0,0.0
2024-10-15 13:14:00-04:00,30.010000228881836,30.010000228881836,30.010000228881836,30.010000228881836,1236,0.0,0.0,0.0
2024-10-15 13:15:00-04:00,30.020000457763672,30.040000915527344,30.020000457763672,30.020000457763672,4533,0.0,0.0,0.0
2024-10-15 13:16:00-04:00,30.012500762939453,30.030000686645508,30.012500762939453,30.020000457763672,4326,0.0,0.0,0.0
2024-10-15 13:17:00-04:00,30.010000228881836,30.010000228881836,29.989999771118164,29.989999771118164,982,0.0,0.0,0.0
2024-10-15 13:18:00-04:00,29.989999771118164,29.989999771118164,29.989999771118164,29.989999771118164,2568,0.0,0.0,0.0
2024-10-15 13:19:00-04:00,30.0,30.010000228881836,30.0,30.010000228881836,489,0.0,0.0,0.0
2024-10-15 13:20:00-04:00,30.010000228881836,30.020000457763672,30.00950050354004,30.010000228881836,5130,0.0,0.0,0.0
2024-10-15 13:21:00-04:00,30.0,30.010000228881836,30.0,30.010000228881836,1754,0.0,0.0,0.0
2024-10-15 13:22:00-04:00,30.019800186157227,30.020000457763672,30.019800186157227,30.020000457763672,1127,0.0,0.0,0.0
2024-10-15 13:23:00-04:00,30.011999130249023,30.019899368286133,30.011999130249023,30.019899368286133,437,0.0,0.0,0.0
2024-10-15 13:24:00-04:00,30.020000457763672,30.020000457763672,30.011499404907227,30.020000457763672,5671,0.0,0.0,0.0
2024-10-15 13:25:00-04:00,30.014999389648438,30.020000457763672,30.0,30.0,5897,0.0,0.0,0.0
2024-10-15 13:26:00-04:00,30.0,30.014999389648438,30.0,30.0,4913,0.0,0.0,0.0
2024-10-15 13:27:00-04:00,30.010000228881836,30.010000228881836,30.0,30.0,2478,0.0,0.0,0.0
2024-10-15 13:28:00-04:00,29.985000610351562,30.0,29.985000610351562,29.9950008392334,3088,0.0,0.0,0.0
2024-10-15 13:30:00-04:00,30.0,30.010000228881836,29.991300582885742,30.0,10184,0.0,0.0,0.0
2024-10-15 13:31:00-04:00,30.0049991607666,30.0049991607666,30.0,30.0,792,0.0,0.0,0.0
2024-10-15 13:32:00-04:00,30.0,30.0,30.0,30.0,2320,0.0,0.0,0.0
2024-10-15 13:33:00-04:00,30.0,30.0,29.989999771118164,29.989999771118164,1479,0.0,0.0,0.0
2024-10-15 13:34:00-04:00,29.979999542236328,29.979999542236328,29.950000762939453,29.950000762939453,5063,0.0,0.0,0.0
2024-10-15 13:35:00-04:00,29.950000762939453,29.95989990234375,29.950000762939453,29.95989990234375,834,0.0,0.0,0.0
2024-10-15 13:36:00-04:00,29.959999084472656,29.985000610351562,29.954999923706055,29.975000381469727,5060,0.0,0.0,0.0
2024-10-15 13:37:00-04:00,29.971099853515625,29.985000610351562,29.971099853515625,29.975000381469727,957,0.0,0.0,0.0
2024-10-15 13:38:00-04:00,29.975000381469727,29.979999542236328,29.975000381469727,29.979999542236328,496,0.0,0.0,0.0
2024-10-15 13:39:00-04:00,29.979999542236328,30.010000228881836,29.979999542236328,30.0049991607666,1862,0.0,0.0,0.0
2024-10-15 13:40:00-04:00,30.0049991607666,30.020000457763672,29.989999771118164,30.0,8220,0.0,0.0,0.0
2024-10-15 13:41:00-04:00,30.0,30.0,29.979999542236328,29.979999542236328,3504,0.0,0.0,0.0
2024-10-15 13:42:00-04:00,29.979999542236328,29.985000610351562,29.975000381469727,29.979999542236328,1120,0.0,0.0,0.0
2024-10-15 13:43:00-04:00,29.979999542236328,29.9950008392334,29.979999542236328,29.9950008392334,7733,0.0,0.0,0.0
2024-10-15 13:44:00-04:00,29.9950008392334,29.9950008392334,29.989999771118164,29.989999771118164,2563,0.0,0.0,0.0
2024-10-15 13:45:00-04:00,29.9950008392334,29.9950008392334,29.979999542236328,29.985000610351562,3928,0.0,0.0,0.0
2024-10-15 13:46:00-04:00,29.985000610351562,30.0,29.985000610351562,29.989999771118164,18459,0.0,0.0,0.0
2024-10-15 13:47:00-04:00,29.9950008392334,29.9950008392334,29.989999771118164,29.989999771118164,1332,0.0,0.0,0.0
2024-10-15 13:48:00-04:00,29.985000610351562,29.985000610351562,29.979999542236328,29.979999542236328,3349,0.0,0.0,0.0
2024-10-15 13:49:00-04:00,29.979999542236328,30.0,29.979999542236328,30.0,4658,0.0,0.0,0.0
2024-10-15 13:50:00-04:00,30.0,30.0,29.989999771118164,29.989999771118164,2260,0.0,0.0,0.0
2024-10-15 13:51:00-04:00,29.98509979248047,29.989900588989258,29.985000610351562,29.985000610351562,2321,0.0,0.0,0.0
2024-10-15 13:52:00-04:00,29.985000610351562,30.0,29.979999542236328,30.0,6516,0.0,0.0,0.0
2024-10-15 13:53:00-04:00,30.010000228881836,30.024999618530273,30.010000228881836,30.024999618530273,7993,0.0,0.0,0.0
2024-10-15 13:54:00-04:00,30.030000686645508,30.040000915527344,30.020000457763672,30.020000457763672,6569,0.0,0.0,0.0
2024-10-15 13:55:00-04:00,30.0,30.024999618530273,30.0,30.0,1523,0.0,0.0,0.0
2024-10-15 13:56:00-04:00,29.99880027770996,30.010000228881836,29.985000610351562,29.999900817871094,7703,0.0,0.0,0.0
2024-10-15 13:57:00-04:00,29.9950008392334,29.9950008392334,29.989999771118164,29.9950008392334,2600,0.0,0.0,0.0
2024-10-15 13:58:00-04:00,30.0,30.014999389648438,30.0,30.014999389648438,7187,0.0,0.0,0.0
2024-10-15 13:59:00-04:00,30.014999389648438,30.014999389648438,30.00469970703125,30.0049991607666,4433,0.0,0.0,0.0
2024-10-15 14:00:00-04:00,30.010000228881836,30.024999618530273,30.010000228881836,30.020000457763672,4137,0.0,0.0,0.0
2024-10-15 14:01:00-04:00,30.020000457763672,30.03499984741211,30.010000228881836,30.030000686645508,5097,0.0,0.0,0.0
2024-10-15 14:02:00-04:00,30.03499984741211,30.05500030517578,30.03499984741211,30.049999237060547,8287,0.0,0.0,0.0
2024-10-15 14:03:00-04:00,30.045000076293945,30.049999237060547,30.040000915527344,30.049999237060547,2750,0.0,0.0,0.0
2024-10-15 14:04:00-04:00,30.049999237060547,30.059999465942383,30.049999237060547,30.05500030517578,9106,0.0,0.0,0.0
2024-10-15 14:05:00-04:00,30.059999465942383,30.059999465942383,30.05500030517578,30.05500030517578,3901,0.0,0.0,0.0
2024-10-15 14:06:00-04:00,30.059999465942383,30.075000762939453,30.059999465942383,30.065000534057617,5023,0.0,0.0,0.0
2024-10-15 14:07:00-04:00,30.065000534057617,30.06999969482422,30.059999465942383,30.06999969482422,3063,0.0,0.0,0.0
2024-10-15 14:08:00-04:00,30.06999969482422,30.09000015258789,30.06999969482422,30.084999084472656,10991,0.0,0.0,0.0
2024-10-15 14:09:00-04:00,30.084999084472656,30.094999313354492,30.08009910583496,30.08009910583496,5219,0.0,0.0,0.0
2024-10-15 14:10:00-04:00,30.084999084472656,30.09000015258789,30.084999084472656,30.09000015258789,4587,0.0,0.0,0.0
2024-10-15 14:11:00-04:00,30.084999084472656,30.09000015258789,30.079999923706055,30.084999084472656,5293,0.0,0.0,0.0
2024-10-15 14:12:00-04:00,30.09000015258789,30.09000015258789,30.079999923706055,30.079999923706055,3984,0.0,0.0,0.0
2024-10-15 14:13:00-04:00,30.079999923706055,30.125,30.071699142456055,30.125,13656,0.0,0.0,0.0
2024-10-15 14:14:00-04:00,30.125,30.125,30.11989974975586,30.1200008392334,2674,0.0,0.0,0.0
2024-10-15 14:15:00-04:00,30.1200008392334,30.125,30.114999771118164,30.114999771118164,6011,0.0,0.0,0.0
2024-10-15 14:16:00-04:00,30.114999771118164,30.145000457763672,30.114999771118164,30.145000457763672,7665,0.0,0.0,0.0
2024-10-15 14:17:00-04:00,30.149999618530273,30.155000686645508,30.139999389648438,30.149999618530273,27110,0.0,0.0,0.0
2024-10-15 14:18:00-04:00,30.149999618530273,30.190000534057617,30.149999618530273,30.190000534057617,7718,0.0,0.0,0.0
2024-10-15 14:19:00-04:00,30.184999465942383,30.190000534057617,30.180700302124023,30.190000534057617,2465,0.0,0.0,0.0
2024-10-15 14:20:00-04:00,30.190000534057617,30.200000762939453,30.190000534057617,30.19499969482422,13743,0.0,0.0,0.0
2024-10-15 14:21:00-04:00,30.199899673461914,30.209999084472656,30.199899673461914,30.209999084472656,5816,0.0,0.0,0.0
2024-10-15 14:22:00-04:00,30.209999084472656,30.209999084472656,30.192100524902344,30.192100524902344,4292,0.0,0.0,0.0
2024-10-15 14:23:00-04:00,30.190000534057617,30.190000534057617,30.190000534057617,30.190000534057617,1141,0.0,0.0,0.0
2024-10-15 14:24:00-04:00,30.190000534057617,30.190000534057617,30.190000534057617,30.190000534057617,1037,0.0,0.0,0.0
2024-10-15 14:25:00-04:00,30.18000030517578,30.190000534057617,30.18000030517578,30.190000534057617,1515,0.0,0.0,0.0
2024-10-15 14:26:00-04:00,30.190000534057617,30.190000534057617,30.170000076293945,30.170000076293945,1849,0.0,0.0,0.0
2024-10-15 14:27:00-04:00,30.15999984741211,30.15999984741211,30.135000228881836,30.149999618530273,4011,0.0,0.0,0.0
2024-10-15 14:28:00-04:00,30.149999618530273,30.149999618530273,30.135000228881836,30.139999389648438,3355,0.0,0.0,0.0
2024-10-15 14:29:00-04:00,30.139999389648438,30.149999618530273,30.139999389648438,30.149999618530273,3364,0.0,0.0,0.0
2024-10-15 14:30:00-04:00,30.149999618530273,30.15664291381836,30.149900436401367,30.155000686645508,3518,0.0,0.0,0.0
2024-10-15 14:31:00-04:00,30.150100708007812,30.150100708007812,30.149999618530273,30.149999618530273,1588,0.0,0.0,0.0
2024-10-15 14:32:00-04:00,30.149999618530273,30.149999618530273,30.149999618530273,30.149999618530273,4189,0.0,0.0,0.0
2024-10-15 14:33:00-04:00,30.15999984741211,30.15999984741211,30.149999618530273,30.149999618530273,3355,0.0,0.0,0.0
2024-10-15 14:34:00-04:00,30.15999984741211,30.16659927368164,30.15999984741211,30.15999984741211,1327,0.0,0.0,0.0
2024-10-15 14:35:00-04:00,30.1560001373291,30.1560001373291,30.142499923706055,30.142499923706055,2082,0.0,0.0,0.0
2024-10-15 14:36:00-04:00,30.149999618530273,30.15999984741211,30.149999618530273,30.15999984741211,648,0.0,0.0,0.0
2024-10-15 14:37:00-04:00,30.149999618530273,30.170000076293945,30.149999618530273,30.149999618530273,1833,0.0,0.0,0.0
2024-10-15 14:38:00-04:00,30.149999618530273,30.155000686645508,30.145000457763672,30.149999618530273,2113,0.0,0.0,0.0
2024-10-15 14:39:00-04:00,30.15999984741211,30.170000076293945,30.151100158691406,30.151100158691406,3790,0.0,0.0,0.0
2024-10-15 14:40:00-04:00,30.15999984741211,30.170000076293945,30.15999984741211,30.161500930786133,2471,0.0,0.0,0.0
2024-10-15 14:41:00-04:00,30.170000076293945,30.18000030517578,30.170000076293945,30.170000076293945,4700,0.0,0.0,0.0
2024-10-15 14:42:00-04:00,30.15999984741211,30.15999984741211,30.149999618530273,30.149999618530273,200,0.0,0.0,0.0
2024-10-15 14:43:00-04:00,30.155000686645508,30.15999984741211,30.149999618530273,30.15999984741211,3153,0.0,0.0,0.0
2024-10-15 14:44:00-04:00,30.165000915527344,30.170000076293945,30.161300659179688,30.165000915527344,1779,0.0,0.0,0.0
2024-10-15 14:45:00-04:00,30.170000076293945,30.170000076293945,30.170000076293945,30.170000076293945,280,0.0,0.0,0.0
2024-10-15 14:46:00-04:00,30.170000076293945,30.170000076293945,30.170000076293945,30.170000076293945,1704,0.0,0.0,0.0
2024-10-15 14:47:00-04:00,30.170000076293945,30.200000762939453,30.170000076293945,30.19070053100586,4996,0.0,0.0,0.0
2024-10-15 14:48:00-04:00,30.204999923706055,30.204999923706055,30.200000762939453,30.200000762939453,1837,0.0,0.0,0.0
2024-10-15 14:49:00-04:00,30.2007999420166,30.2007999420166,30.190099716186523,30.19499969482422,2247,0.0,0.0,0.0
2024-10-15 14:50:00-04:00,30.194000244140625,30.225000381469727,30.194000244140625,30.225000381469727,2064,0.0,0.0,0.0
2024-10-15 14:51:00-04:00,30.229999542236328,30.274999618530273,30.229999542236328,30.274999618530273,5821,0.0,0.0,0.0
2024-10-15 14:52:00-04:00,30.27989959716797,30.27989959716797,30.264999389648438,30.264999389648438,5231,0.0,0.0,0.0
2024-10-15 14:53:00-04:00,30.264999389648438,30.264999389648438,30.260000228881836,30.260000228881836,955,0.0,0.0,0.0
2024-10-15 14:54:00-04:00,30.25,30.260000228881836,30.25,30.260000228881836,325,0.0,0.0,0.0
2024-10-15 14:55:00-04:00,30.25,30.280000686645508,30.25,30.270000457763672,7374,0.0,0.0,0.0
2024-10-15 14:56:00-04:00,30.264999389648438,30.264999389648438,30.25,30.2549991607666,2740,0.0,0.0,0.0
2024-10-15 14:57:00-04:00,30.25469970703125,30.25469970703125,30.239999771118164,30.239999771118164,2894,0.0,0.0,0.0
2024-10-15 14:58:00-04:00,30.229999542236328,30.239200592041016,30.229999542236328,30.239200592041016,2181,0.0,0.0,0.0
2024-10-15 14:59:00-04:00,30.235000610351562,30.239999771118164,30.235000610351562,30.235000610351562,678,0.0,0.0,0.0
2024-10-15 15:00:00-04:00,30.239999771118164,30.25,30.239999771118164,30.25,1289,0.0,0.0,0.0
2024-10-15 15:01:00-04:00,30.239999771118164,30.239999771118164,30.235000610351562,30.239999771118164,1000,0.0,0.0,0.0
2024-10-15 15:02:00-04:00,30.235000610351562,30.260000228881836,30.219999313354492,30.260000228881836,10133,0.0,0.0,0.0
2024-10-15 15:03:00-04:00,30.260000228881836,30.270000457763672,30.2549991607666,30.2549991607666,1857,0.0,0.0,0.0
2024-10-15 15:04:00-04:00,30.25,30.25,30.229999542236328,30.229999542236328,2657,0.0,0.0,0.0
2024-10-15 15:05:00-04:00,30.22010040283203,30.229900360107422,30.204999923706055,30.204999923706055,1799,0.0,0.0,0.0
2024-10-15 15:06:00-04:00,30.209999084472656,30.21500015258789,30.204999923706055,30.204999923706055,4481,0.0,0.0,0.0
2024-10-15 15:07:00-04:00,30.209999084472656,30.209999084472656,30.200000762939453,30.204999923706055,8566,0.0,0.0,0.0
2024-10-15 15:08:00-04:00,30.204999923706055,30.236000061035156,30.200000762939453,30.236000061035156,4039,0.0,0.0,0.0
2024-10-15 15:09:00-04:00,30.235000610351562,30.235000610351562,30.209999084472656,30.21500015258789,3680,0.0,0.0,0.0
2024-10-15 15:10:00-04:00,30.21500015258789,30.22010040283203,30.21500015258789,30.22010040283203,1540,0.0,0.0,0.0
2024-10-15 15:11:00-04:00,30.225000381469727,30.22760009765625,30.219999313354492,30.22760009765625,1836,0.0,0.0,0.0
2024-10-15 15:12:00-04:00,30.229999542236328,30.2450008392334,30.225000381469727,30.225000381469727,4547,0.0,0.0,0.0
2024-10-15 15:13:00-04:00,30.225000381469727,30.229999542236328,30.219999313354492,30.219999313354492,4854,0.0,0.0,0.0
2024-10-15 15:14:00-04:00,30.21500015258789,30.21500015258789,30.200000762939453,30.209699630737305,2797,0.0,0.0,0.0
2024-10-15 15:15:00-04:00,30.204999923706055,30.219999313354492,30.204999923706055,30.209999084472656,3447,0.0,0.0,0.0
2024-10-15 15:16:00-04:00,30.219999313354492,30.225000381469727,30.209999084472656,30.225000381469727,6664,0.0,0.0,0.0
2024-10-15 15:17:00-04:00,30.225000381469727,30.229999542236328,30.22010040283203,30.225000381469727,884,0.0,0.0,0.0
2024-10-15 15:18:00-04:00,30.229999542236328,30.239999771118164,30.219999313354492,30.225000381469727,6536,0.0,0.0,0.0
2024-10-15 15:19:00-04:00,30.219999313354492,30.219999313354492,30.200000762939453,30.200000762939453,6113,0.0,0.0,0.0
2024-10-15 15:20:00-04:00,30.20680046081543,30.20989990234375,30.200000762939453,30.204999923706055,8870,0.0,0.0,0.0
2024-10-15 15:21:00-04:00,30.200000762939453,30.229999542236328,30.200000762939453,30.229999542236328,2972,0.0,0.0,0.0
2024-10-15 15:22:00-04:00,30.239999771118164,30.239999771118164,30.235000610351562,30.236299514770508,1911,0.0,0.0,0.0
2024-10-15 15:23:00-04:00,30.237014770507812,30.239999771118164,30.232900619506836,30.239999771118164,3737,0.0,0.0,0.0
2024-10-15 15:24:00-04:00,30.239999771118164,30.25,30.239900588989258,30.2450008392334,2747,0.0,0.0,0.0
2024-10-15 15:25:00-04:00,30.25,30.25,30.219999313354492,30.225000381469727,5290,0.0,0.0,0.0
2024-10-15 15:26:00-04:00,30.219999313354492,30.239999771118164,30.219999313354492,30.235000610351562,1994,0.0,0.0,0.0
2024-10-15 15:27:00-04:00,30.23069953918457,30.239999771118164,30.229999542236328,30.235000610351562,1978,0.0,0.0,0.0
2024-10-15 15:28:00-04:00,30.235000610351562,30.235000610351562,30.225000381469727,30.225000381469727,10628,0.0,0.0,0.0
2024-10-15 15:29:00-04:00,30.219999313354492,30.225000381469727,30.219999313354492,30.225000381469727,1951,0.0,0.0,0.0
2024-10-15 15:30:00-04:00,30.225000381469727,30.229999542236328,30.19499969482422,30.19499969482422,7980,0.0,0.0,0.0
2024-10-15 15:31:00-04:00,30.19499969482422,30.200000762939453,30.190099716186523,30.19499969482422,3411,0.0,0.0,0.0
2024-10-15 15:32:00-04:00,30.19499969482422,30.19499969482422,30.18000030517578,30.18000030517578,4642,0.0,0.0,0.0
2024-10-15 15:33:00-04:00,30.18000030517578,30.190000534057617,30.174999237060547,30.18000030517578,3643,0.0,0.0,0.0
2024-10-15 15:34:00-04:00,30.174999237060547,30.174999237060547,30.1299991607666,30.1299991607666,11123,0.0,0.0,0.0
2024-10-15 15:35:00-04:00,30.1200008392334,30.139999389648438,30.114999771118164,30.139999389648438,2923,0.0,0.0,0.0
2024-10-15 15:36:00-04:00,30.125,30.139999389648438,30.121999740600586,30.125,1884,0.0,0.0,0.0
2024-10-15 15:37:00-04:00,30.1299991607666,30.165000915527344,30.125,30.15999984741211,7782,0.0,0.0,0.0
2024-10-15 15:38:00-04:00,30.165000915527344,30.174999237060547,30.15999984741211,30.174999237060547,8231,0.0,0.0,0.0
2024-10-15 15:39:00-04:00,30.18000030517578,30.18000030517578,30.170000076293945,30.174999237060547,4110,0.0,0.0,0.0
2024-10-15 15:40:00-04:00,30.174999237060547,30.18000030517578,30.155000686645508,30.174999237060547,6149,0.0,0.0,0.0
2024-10-15 15:41:00-04:00,30.18000030517578,30.18000030517578,30.149999618530273,30.170000076293945,17998,0.0,0.0,0.0
2024-10-15 15:42:00-04:00,30.165000915527344,30.18000030517578,30.165000915527344,30.170000076293945,6719,0.0,0.0,0.0
2024-10-15 15:43:00-04:00,30.165000915527344,30.184999465942383,30.165000915527344,30.173500061035156,9510,0.0,0.0,0.0
2024-10-15 15:44:00-04:00,30.18000030517578,30.18000030517578,30.170000076293945,30.18000030517578,3754,0.0,0.0,0.0
2024-10-15 15:45:00-04:00,30.174999237060547,30.174999237060547,30.155000686645508,30.155000686645508,5617,0.0,0.0,0.0
2024-10-15 15:46:00-04:00,30.149999618530273,30.149999618530273,30.13129997253418,30.145000457763672,8273,0.0,0.0,0.0
2024-10-15 15:47:00-04:00,30.145000457763672,30.215700149536133,30.145000457763672,30.15999984741211,60739,0.0,0.0,0.0
2024-10-15 15:48:00-04:00,30.155000686645508,30.170000076293945,30.149999618530273,30.170000076293945,3147,0.0,0.0,0.0
2024-10-15 15:49:00-04:00,30.170000076293945,30.19499969482422,30.170000076293945,30.184999465942383,7088,0.0,0.0,0.0
2024-10-15 15:50:00-04:00,30.190000534057617,30.209999084472656,30.190000534057617,30.200000762939453,8381,0.0,0.0,0.0
2024-10-15 15:51:00-04:00,30.200000762939453,30.200000762939453,30.18000030517578,30.18000030517578,6932,0.0,0.0,0.0
2024-10-15 15:52:00-04:00,30.18000030517578,30.19499969482422,30.170700073242188,30.184999465942383,9787,0.0,0.0,0.0
2024-10-15 15:53:00-04:00,30.190000534057617,30.200000762939453,30.184999465942383,30.200000762939453,11209,0.0,0.0,0.0
2024-10-15 15:54:00-04:00,30.200000762939453,30.21500015258789,30.19499969482422,30.209999084472656,14359,0.0,0.0,0.0
2024-10-15 15:55:00-04:00,30.204999923706055,30.204999923706055,30.190000534057617,30.190000534057617,14925,0.0,0.0,0.0
2024-10-15 15:56:00-04:00,30.184999465942383,30.200000762939453,30.18000030517578,30.190000534057617,15461,0.0,0.0,0.0
2024-10-15 15:57:00-04:00,30.190000534057617,30.209999084472656,30.184999465942383,30.209999084472656,9204,0.0,0.0,0.0
2024-10-15 15:58:00-04:00,30.209999084472656,30.225000381469727,30.19499969482422,30.200000762939453,33660,0.0,0.0,0.0
2024-10-15 15:59:00-04:00,30.209999084472656,30.239999771118164,30.209999084472656,30.219999313354492,39490,0.0,0.0,0.0
2024-10-16 09:30:00-04:00,30.760000228881836,30.950000762939453,30.709999084472656,30.729999542236328,307303,0.0,0.0,0.0
2024-10-16 09:31:00-04:00,30.719999313354492,30.856300354003906,30.623899459838867,30.799999237060547,22809,0.0,0.0,0.0
2024-10-16 09:32:00-04:00,30.860000610351562,30.8700008392334,30.7549991607666,30.860000610351562,21259,0.0,0.0,0.0
2024-10-16 09:33:00-04:00,30.940000534057617,30.969999313354492,30.84000015258789,30.940000534057617,46587,0.0,0.0,0.0
2024-10-16 09:34:00-04:00,30.93000030517578,31.06999969482422,30.93000030517578,31.059999465942383,52649,0.0,0.0,0.0
2024-10-16 09:35:00-04:00,31.049999237060547,31.15999984741211,31.049999237060547,31.149700164794922,105485,0.0,0.0,0.0
2024-10-16 09:36:00-04:00,31.149999618530273,31.170000076293945,31.110000610351562,31.15999984741211,46780,0.0,0.0,0.0
2024-10-16 09:37:00-04:00,31.149900436401367,31.149999618530273,31.040000915527344,31.09000015258789,35055,0.0,0.0,0.0
2024-10-16 09:38:00-04:00,31.07360076904297,31.170000076293945,31.049999237060547,31.15999984741211,15515,0.0,0.0,0.0
2024-10-16 09:39:00-04:00,31.15999984741211,31.179899215698242,31.100099563598633,31.110000610351562,15475,0.0,0.0,0.0
2024-10-16 09:40:00-04:00,31.110000610351562,31.149999618530273,31.09000015258789,31.145000457763672,25863,0.0,0.0,0.0
2024-10-16 09:41:00-04:00,31.149999618530273,31.18000030517578,31.100000381469727,31.1200008392334,13340,0.0,0.0,0.0
2024-10-16 09:42:00-04:00,31.1200008392334,31.25,31.1200008392334,31.2450008392334,33498,0.0,0.0,0.0
2024-10-16 09:43:00-04:00,31.299999237060547,31.31999969482422,31.239999771118164,31.299999237060547,34174,0.0,0.0,0.0
2024-10-16 09:44:00-04:00,31.295000076293945,31.31999969482422,31.270000457763672,31.299999237060547,21662,0.0,0.0,0.0
2024-10-16 09:45:00-04:00,31.309999465942383,31.34000015258789,31.260000228881836,31.260000228881836,26029,0.0,0.0,0.0
2024-10-16 09:46:00-04:00,31.270000457763672,31.309999465942383,31.260000228881836,31.309999465942383,18414,0.0,0.0,0.0
2024-10-16 09:47:00-04:00,31.290000915527344,31.290000915527344,31.209999084472656,31.25,27003,0.0,0.0,0.0
2024-10-16 09:48:00-04:00,31.260000228881836,31.260000228881836,31.170000076293945,31.18000030517578,13977,0.0,0.0,0.0
2024-10-16 09:49:00-04:00,31.174999237060547,31.200000762939453,31.149999618530273,31.18000030517578,24867,0.0,0.0,0.0
2024-10-16 09:50:00-04:00,31.18000030517578,31.18000030517578,31.09630012512207,31.16010093688965,18058,0.0,0.0,0.0
2024-10-16 09:51:00-04:00,31.170000076293945,31.260000228881836,31.170000076293945,31.219999313354492,23872,0.0,0.0,0.0
2024-10-16 09:52:00-04:00,31.2106990814209,31.2106990814209,31.139999389648438,31.139999389648438,8084,0.0,0.0,0.0
2024-10-16 09:53:00-04:00,31.145000457763672,31.145000457763672,31.06999969482422,31.08989906311035,9434,0.0,0.0,0.0
2024-10-16 09:54:00-04:00,31.089799880981445,31.18000030517578,31.079999923706055,31.15999984741211,40457,0.0,0.0,0.0
2024-10-16 09:55:00-04:00,31.15999984741211,31.18000030517578,31.120100021362305,31.15999984741211,15418,0.0,0.0,0.0
2024-10-16 09:56:00-04:00,31.170000076293945,31.219999313354492,31.149999618530273,31.170000076293945,39566,0.0,0.0,0.0
2024-10-16 09:57:00-04:00,31.170000076293945,31.229999542236328,31.155000686645508,31.219900131225586,50014,0.0,0.0,0.0
2024-10-16 09:58:00-04:00,31.209999084472656,31.290000915527344,31.204999923706055,31.289899826049805,19540,0.0,0.0,0.0
2024-10-16 09:59:00-04:00,31.280000686645508,31.290000915527344,31.253400802612305,31.260000228881836,12056,0.0,0.0,0.0
2024-10-16 10:00:00-04:00,31.25,31.270000457763672,31.204999923706055,31.229999542236328,16353,0.0,0.0,0.0
2024-10-16 10:01:00-04:00,31.25,31.2549991607666,31.209999084472656,31.229999542236328,3428,0.0,0.0,0.0
2024-10-16 10:02:00-04:00,31.239999771118164,31.239999771118164,31.200000762939453,31.219999313354492,31134,0.0,0.0,0.0
2024-10-16 10:03:00-04:00,31.299999237060547,31.309999465942383,31.219999313354492,31.299999237060547,39547,0.0,0.0,0.0
2024-10-16 10:04:00-04:00,31.299999237060547,31.329999923706055,31.280099868774414,31.280099868774414,14325,0.0,0.0,0.0
2024-10-16 10:05:00-04:00,31.295000076293945,31.33609962463379,31.260000228881836,31.280099868774414,28208,0.0,0.0,0.0
2024-10-16 10:06:00-04:00,31.290000915527344,31.309999465942383,31.274999618530273,31.309999465942383,9268,0.0,0.0,0.0
2024-10-16 10:07:00-04:00,31.31999969482422,31.34000015258789,31.309999465942383,31.31999969482422,16667,0.0,0.0,0.0
2024-10-16 10:08:00-04:00,31.329999923706055,31.399999618530273,31.329999923706055,31.385000228881836,30042,0.0,0.0,0.0
2024-10-16 10:09:00-04:00,31.3799991607666,31.479999542236328,31.3799991607666,31.440000534057617,54464,0.0,0.0,0.0
2024-10-16 10:10:00-04:00,31.440000534057617,31.459999084472656,31.430099487304688,31.459999084472656,10570,0.0,0.0,0.0
2024-10-16 10:11:00-04:00,31.469999313354492,31.530000686645508,31.469999313354492,31.530000686645508,60873,0.0,0.0,0.0
2024-10-16 10:12:00-04:00,31.530000686645508,31.6299991607666,31.530000686645508,31.625,89666,0.0,0.0,0.0
2024-10-16 10:13:00-04:00,31.6200008392334,31.670000076293945,31.6200008392334,31.65999984741211,35900,0.0,0.0,0.0
2024-10-16 10:14:00-04:00,31.649999618530273,31.68000030517578,31.590099334716797,31.670000076293945,22791,0.0,0.0,0.0
2024-10-16 10:15:00-04:00,31.670000076293945,31.68000030517578,31.649999618530273,31.65999984741211,8513,0.0,0.0,0.0
2024-10-16 10:16:00-04:00,31.700000762939453,31.700000762939453,31.700000762939453,31.700000762939453,39626,0.0,0.0,0.0
2024-10-16 10:17:00-04:00,31.700000762939453,31.75,31.700000762939453,31.729999542236328,19544,0.0,0.0,0.0
2024-10-16 10:18:00-04:00,31.739999771118164,31.799999237060547,31.729999542236328,31.780000686645508,47329,0.0,0.0,0.0
2024-10-16 10:19:00-04:00,31.777490615844727,31.78499984741211,31.700300216674805,31.704999923706055,16081,0.0,0.0,0.0
2024-10-16 10:20:00-04:00,31.70009994506836,31.770000457763672,31.700000762939453,31.769899368286133,26443,0.0,0.0,0.0
2024-10-16 10:21:00-04:00,31.750099182128906,31.770000457763672,31.700000762939453,31.739999771118164,10882,0.0,0.0,0.0
2024-10-16 10:22:00-04:00,31.7450008392334,31.770000457763672,31.722000122070312,31.75,13711,0.0,0.0,0.0
2024-10-16 10:23:00-04:00,31.75,31.770000457763672,31.739900588989258,31.739999771118164,10932,0.0,0.0,0.0
2024-10-16 10:24:00-04:00,31.75,31.780000686645508,31.729999542236328,31.729999542236328,15606,0.0,0.0,0.0
2024-10-16 10:25:00-04:00,31.729999542236328,31.770000457763672,31.71500015258789,31.739999771118164,20256,0.0,0.0,0.0
2024-10-16 10:26:00-04:00,31.739999771118164,31.799999237060547,31.731300354003906,31.78499984741211,25755,0.0,0.0,0.0
2024-10-16 10:27:00-04:00,31.790000915527344,31.799999237060547,31.77400016784668,31.790000915527344,20566,0.0,0.0,0.0
2024-10-16 10:28:00-04:00,31.790000915527344,31.81999969482422,31.78499984741211,31.799999237060547,41976,0.0,0.0,0.0
2024-10-16 10:29:00-04:00,31.799999237060547,31.809999465942383,31.764999389648438,31.780000686645508,30643,0.0,0.0,0.0
2024-10-16 10:30:00-04:00,31.780000686645508,31.799999237060547,31.770099639892578,31.799999237060547,16174,0.0,0.0,0.0
2024-10-16 10:31:00-04:00,31.790000915527344,31.799999237060547,31.780000686645508,31.788999557495117,34172,0.0,0.0,0.0
2024-10-16 10:32:00-04:00,31.790000915527344,31.799999237060547,31.78499984741211,31.799999237060547,67512,0.0,0.0,0.0
2024-10-16 10:33:00-04:00,31.799999237060547,31.799999237060547,31.790000915527344,31.790000915527344,30377,0.0,0.0,0.0
2024-10-16 10:34:00-04:00,31.790000915527344,31.799999237060547,31.774999618530273,31.780000686645508,27037,0.0,0.0,0.0
2024-10-16 10:35:00-04:00,31.78499984741211,31.799999237060547,31.783100128173828,31.799999237060547,30138,0.0,0.0,0.0
2024-10-16 10:36:00-04:00,31.799999237060547,31.799999237060547,31.79010009765625,31.799999237060547,7778,0.0,0.0,0.0
2024-10-16 10:37:00-04:00,31.799999237060547,31.799999237060547,31.759899139404297,31.790000915527344,28867,0.0,0.0,0.0
2024-10-16 10:38:00-04:00,31.788000106811523,31.799999237060547,31.760000228881836,31.760000228881836,13793,0.0,0.0,0.0
2024-10-16 10:39:00-04:00,31.774999618530273,31.790000915527344,31.729999542236328,31.739999771118164,23886,0.0,0.0,0.0
2024-10-16 10:40:00-04:00,31.75,31.75,31.709999084472656,31.719999313354492,2253693,0.0,0.0,0.0
2024-10-16 10:41:00-04:00,31.719999313354492,31.725000381469727,31.700000762939453,31.709999084472656,22274,0.0,0.0,0.0
2024-10-16 10:42:00-04:00,31.709999084472656,31.719999313354492,31.69499969482422,31.700000762939453,12597,0.0,0.0,0.0
2024-10-16 10:43:00-04:00,31.709999084472656,31.719999313354492,31.680099487304688,31.700000762939453,42980,0.0,0.0,0.0
2024-10-16 10:44:00-04:00,31.690000534057617,31.725000381469727,31.680099487304688,31.72010040283203,4005,0.0,0.0,0.0
2024-10-16 10:45:00-04:00,31.719999313354492,31.81999969482422,31.700000762939453,31.815000534057617,172035,0.0,0.0,0.0
2024-10-16 10:46:00-04:00,31.81999969482422,31.8700008392334,31.815000534057617,31.861299514770508,34452,0.0,0.0,0.0
2024-10-16 10:47:00-04:00,31.864999771118164,31.90999984741211,31.864999771118164,31.899999618530273,32871,0.0,0.0,0.0
2024-10-16 10:48:00-04:00,31.899999618530273,31.899999618530273,31.84000015258789,31.8700008392334,12492,0.0,0.0,0.0
2024-10-16 10:49:00-04:00,31.850000381469727,31.889999389648438,31.84000015258789,31.8799991607666,22758,0.0,0.0,0.0
2024-10-16 10:50:00-04:00,31.889999389648438,31.899999618530273,31.8700008392334,31.8799991607666,51502,0.0,0.0,0.0
2024-10-16 10:51:00-04:00,31.899999618530273,31.950000762939453,31.889999389648438,31.940000534057617,35235,0.0,0.0,0.0
2024-10-16 10:52:00-04:00,31.940000534057617,31.985599517822266,31.93000030517578,31.96500015258789,98933,0.0,0.0,0.0
2024-10-16 10:53:00-04:00,31.96500015258789,31.979999542236328,31.959999084472656,31.96500015258789,10468,0.0,0.0,0.0
2024-10-16 10:54:00-04:00,31.959999084472656,31.989999771118164,31.950000762939453,31.989999771118164,11209,0.0,0.0,0.0
2024-10-16 10:55:00-04:00,31.989999771118164,32.029998779296875,31.975000381469727,31.975000381469727,92205,0.0,0.0,0.0
2024-10-16 10:56:00-04:00,31.979999542236328,31.985000610351562,31.915000915527344,31.920000076293945,10900,0.0,0.0,0.0
2024-10-16 10:57:00-04:00,31.924999237060547,31.957399368286133,31.920000076293945,31.957399368286133,10102,0.0,0.0,0.0
2024-10-16 10:58:00-04:00,31.959999084472656,31.979999542236328,31.940099716186523,31.940099716186523,15211,0.0,0.0,0.0
2024-10-16 10:59:00-04:00,31.94499969482422,31.989999771118164,31.940099716186523,31.940099716186523,20754,0.0,0.0,0.0
2024-10-16 11:00:00-04:00,31.940099716186523,31.950000762939453,31.905000686645508,31.90999984741211,22376,0.0,0.0,0.0
2024-10-16 11:01:00-04:00,31.915000915527344,31.91990089416504,31.860300064086914,31.864999771118164,14234,0.0,0.0,0.0
2024-10-16 11:03:00-04:00,31.815000534057617,31.815000534057617,31.790000915527344,31.790000915527344,27435,0.0,0.0,0.0
2024-10-16 11:04:00-04:00,31.809999465942383,31.81570053100586,31.780000686645508,31.800100326538086,55189,0.0,0.0,0.0
2024-10-16 11:05:00-04:00,31.799999237060547,31.81999969482422,31.78499984741211,31.790000915527344,9347,0.0,0.0,0.0
2024-10-16 11:06:00-04:00,31.798999786376953,31.81999969482422,31.780000686645508,31.788700103759766,7854,0.0,0.0,0.0
2024-10-16 11:07:00-04:00,31.829999923706055,31.84000015258789,31.780000686645508,31.829999923706055,20022,0.0,0.0,0.0
2024-10-16 11:08:00-04:00,31.850000381469727,31.90999984741211,31.850000381469727,31.90999984741211,8256,0.0,0.0,0.0
2024-10-16 11:09:00-04:00,31.90999984741211,32.0099983215332,31.90999984741211,31.979999542236328,173814,0.0,0.0,0.0
2024-10-16 11:10:00-04:00,31.98819923400879,32.0,31.969999313354492,31.98900032043457,17679,0.0,0.0,0.0
2024-10-16 11:11:00-04:00,31.985000610351562,32.0,31.9601993560791,31.989999771118164,13063,0.0,0.0,0.0
2024-10-16 11:12:00-04:00,31.989999771118164,32.04999923706055,31.979999542236328,32.04999923706055,127691,0.0,0.0,0.0
2024-10-16 11:13:00-04:00,32.04999923706055,32.130001068115234,32.029998779296875,32.099998474121094,229441,0.0,0.0,0.0
2024-10-16 11:14:00-04:00,32.099998474121094,32.11000061035156,32.08000183105469,32.09000015258789,37184,0.0,0.0,0.0
2024-10-16 11:15:00-04:00,32.095001220703125,32.13999938964844,32.08000183105469,32.08000183105469,23237,0.0,0.0,0.0
2024-10-16 11:16:00-04:00,32.08000183105469,32.09989929199219,32.05500030517578,32.05500030517578,17947,0.0,0.0,0.0
2024-10-16 11:17:00-04:00,32.060001373291016,32.07500076293945,32.0,32.0,15907,0.0,0.0,0.0
2024-10-16 11:18:00-04:00,32.005001068115234,32.040000915527344,31.989999771118164,32.03010177612305,17145,0.0,0.0,0.0
2024-10-16 11:19:00-04:00,32.029998779296875,32.04999923706055,32.025001525878906,32.04499816894531,13128,0.0,0.0,0.0
2024-10-16 11:20:00-04:00,32.040000915527344,32.06610107421875,32.029998779296875,32.06209945678711,9437,0.0,0.0,0.0
2024-10-16 11:21:00-04:00,32.065101623535156,32.119998931884766,32.03010177612305,32.03010177612305,20037,0.0,0.0,0.0
2024-10-16 11:22:00-04:00,32.029998779296875,32.04499816894531,32.02009963989258,32.040000915527344,4282,0.0,0.0,0.0
2024-10-16 11:23:00-04:00,32.040000915527344,32.08000183105469,32.040000915527344,32.07500076293945,10079,0.0,0.0,0.0
2024-10-16 11:24:00-04:00,32.07500076293945,32.099998474121094,32.06999969482422,32.06999969482422,16308,0.0,0.0,0.0
2024-10-16 11:25:00-04:00,32.06999969482422,32.1349983215332,32.06999969482422,32.11000061035156,16728,0.0,0.0,0.0
2024-10-16 11:26:00-04:00,32.11000061035156,32.119998931884766,32.095001220703125,32.095001220703125,8938,0.0,0.0,0.0
2024-10-16 11:27:00-04:00,32.099998474121094,32.130001068115234,32.095001220703125,32.130001068115234,9374,0.0,0.0,0.0
2024-10-16 11:28:00-04:00,32.1349983215332,32.185001373291016,32.130001068115234,32.18239974975586,10972,0.0,0.0,0.0
2024-10-16 11:29:00-04:00,32.18000030517578,32.21500015258789,32.165000915527344,32.20500183105469,12955,0.0,0.0,0.0
2024-10-16 11:30:00-04:00,32.20500183105469,32.25,32.20000076293945,32.220001220703125,15202,0.0,0.0,0.0
2024-10-16 11:31:00-04:00,32.20500183105469,32.26499938964844,32.189998626708984,32.2599983215332,15000,0.0,0.0,0.0
2024-10-16 11:32:00-04:00,32.25,32.255001068115234,32.224998474121094,32.25130081176758,10672,0.0,0.0,0.0
2024-10-16 11:33:00-04:00,32.255001068115234,32.297698974609375,32.2510986328125,32.297698974609375,7283,0.0,0.0,0.0
2024-10-16 11:34:00-04:00,32.290000915527344,32.290000915527344,32.25,32.2599983215332,18126,0.0,0.0,0.0
2024-10-16 11:35:00-04:00,32.255001068115234,32.27000045776367,32.25,32.2599983215332,9868,0.0,0.0,0.0
2024-10-16 11:36:00-04:00,32.255001068115234,32.279998779296875,32.21500015258789,32.27000045776367,23681,0.0,0.0,0.0
2024-10-16 11:37:00-04:00,32.2599983215332,32.2599983215332,32.2307014465332,32.244998931884766,7150,0.0,0.0,0.0
2024-10-16 11:38:00-04:00,32.244998931884766,32.244998931884766,32.20000076293945,32.20000076293945,18976,0.0,0.0,0.0
2024-10-16 11:39:00-04:00,32.189998626708984,32.272098541259766,32.189998626708984,32.2510986328125,19399,0.0,0.0,0.0
2024-10-16 11:40:00-04:00,32.255001068115234,32.26499938964844,32.23500061035156,32.244998931884766,12066,0.0,0.0,0.0
2024-10-16 11:41:00-04:00,32.244998931884766,32.244998931884766,32.20429992675781,32.224998474121094,8895,0.0,0.0,0.0
2024-10-16 11:42:00-04:00,32.220001220703125,32.220001220703125,32.189998626708984,32.19499969482422,4706,0.0,0.0,0.0
2024-10-16 11:43:00-04:00,32.19350051879883,32.20000076293945,32.160099029541016,32.160099029541016,30197,0.0,0.0,0.0
2024-10-16 11:44:00-04:00,32.15999984741211,32.178001403808594,32.154998779296875,32.16999816894531,17899,0.0,0.0,0.0
2024-10-16 11:45:00-04:00,32.17499923706055,32.18000030517578,32.1599006652832,32.16999816894531,22281,0.0,0.0,0.0
2024-10-16 11:46:00-04:00,32.13010025024414,32.13010025024414,32.13010025024414,32.13010025024414,26178,0.0,0.0,0.0
2024-10-16 11:47:00-04:00,32.13999938964844,32.146400451660156,32.095001220703125,32.095001220703125,7158,0.0,0.0,0.0
2024-10-16 11:48:00-04:00,32.0900993347168,32.10409927368164,32.08000183105469,32.10409927368164,7610,0.0,0.0,0.0
2024-10-16 11:49:00-04:00,32.099998474121094,32.15999984741211,32.09000015258789,32.130001068115234,24208,0.0,0.0,0.0
2024-10-16 11:50:00-04:00,32.1349983215332,32.165000915527344,32.130001068115234,32.15010070800781,17405,0.0,0.0,0.0
2024-10-16 11:51:00-04:00,32.154998779296875,32.15999984741211,32.130001068115234,32.14500045776367,12270,0.0,0.0,0.0
2024-10-16 11:52:00-04:00,32.14649963378906,32.157100677490234,32.119998931884766,32.125,8871,0.0,0.0,0.0
2024-10-16 11:53:00-04:00,32.125,32.130001068115234,32.100101470947266,32.1150016784668,8500,0.0,0.0,0.0
2024-10-16 11:54:00-04:00,32.11869812011719,32.11869812011719,32.09400177001953,32.099998474121094,21613,0.0,0.0,0.0
2024-10-16 11:55:00-04:00,32.090999603271484,32.099998474121094,32.08000183105469,32.095001220703125,12543,0.0,0.0,0.0
2024-10-16 11:56:00-04:00,32.095001220703125,32.095699310302734,32.060001373291016,32.060001373291016,7851,0.0,0.0,0.0
2024-10-16 11:57:00-04:00,32.064998626708984,32.130001068115234,32.060699462890625,32.125,15367,0.0,0.0,0.0
2024-10-16 11:58:00-04:00,32.124000549316406,32.130001068115234,32.099998474121094,32.099998474121094,22704,0.0,0.0,0.0
2024-10-16 11:59:00-04:00,32.095001220703125,32.12990188598633,32.09000015258789,32.12990188598633,9368,0.0,0.0,0.0
2024-10-16 12:00:00-04:00,32.11000061035156,32.11000061035156,32.09000015258789,32.09000015258789,5590,0.0,0.0,0.0
2024-10-16 12:01:00-04:00,32.09479904174805,32.11000061035156,32.09479904174805,32.11000061035156,3496,0.0,0.0,0.0
2024-10-16 12:02:00-04:00,32.11000061035156,32.18000030517578,32.11000061035156,32.13999938964844,17684,0.0,0.0,0.0
2024-10-16 12:03:00-04:00,32.130001068115234,32.150001525878906,32.119998931884766,32.1349983215332,19223,0.0,0.0,0.0
2024-10-16 12:04:00-04:00,32.13999938964844,32.150001525878906,32.125,32.125,3229,0.0,0.0,0.0
2024-10-16 12:05:00-04:00,32.119998931884766,32.13999938964844,32.095001220703125,32.13999938964844,11360,0.0,0.0,0.0
2024-10-16 12:06:00-04:00,32.150001525878906,32.150001525878906,32.084999084472656,32.084999084472656,9953,0.0,0.0,0.0
2024-10-16 12:07:00-04:00,32.09000015258789,32.130001068115234,32.09000015258789,32.130001068115234,6850,0.0,0.0,0.0
2024-10-16 12:08:00-04:00,32.130001068115234,32.18000030517578,32.130001068115234,32.18000030517578,8814,0.0,0.0,0.0
2024-10-16 12:09:00-04:00,32.18000030517578,32.18000030517578,32.15999984741211,32.16999816894531,5385,0.0,0.0,0.0
2024-10-16 12:10:00-04:00,32.179901123046875,32.20500183105469,32.15999984741211,32.20500183105469,9155,0.0,0.0,0.0
2024-10-16 12:11:00-04:00,32.20500183105469,32.2400016784668,32.20000076293945,32.239898681640625,9214,0.0,0.0,0.0
2024-10-16 12:12:00-04:00,32.23500061035156,32.279998779296875,32.220001220703125,32.279998779296875,34343,0.0,0.0,0.0
2024-10-16 12:13:00-04:00,32.26499938964844,32.290000915527344,32.26499938964844,32.26499938964844,12890,0.0,0.0,0.0
2024-10-16 12:14:00-04:00,32.26499938964844,32.28499984741211,32.263999938964844,32.26499938964844,17201,0.0,0.0,0.0
2024-10-16 12:15:00-04:00,32.26499938964844,32.26499938964844,32.220001220703125,32.224998474121094,11771,0.0,0.0,0.0
2024-10-16 12:16:00-04:00,32.224998474121094,32.22990036010742,32.185001373291016,32.185001373291016,48310,0.0,0.0,0.0
2024-10-16 12:17:00-04:00,32.189998626708984,32.20000076293945,32.17499923706055,32.20000076293945,10988,0.0,0.0,0.0
2024-10-16 12:18:00-04:00,32.19499969482422,32.19499969482422,32.16999816894531,32.18000030517578,2560,0.0,0.0,0.0
2024-10-16 12:19:00-04:00,32.183998107910156,32.189998626708984,32.16999816894531,32.187400817871094,17063,0.0,0.0,0.0
2024-10-16 12:20:00-04:00,32.18000030517578,32.255001068115234,32.18000030517578,32.25,19960,0.0,0.0,0.0
2024-10-16 12:21:00-04:00,32.25,32.25,32.220001220703125,32.22999954223633,20671,0.0,0.0,0.0
2024-10-16 12:22:00-04:00,32.237300872802734,32.240501403808594,32.22999954223633,32.2400016784668,17109,0.0,0.0,0.0
2024-10-16 12:23:00-04:00,32.2400016784668,32.25,32.23500061035156,32.23500061035156,20575,0.0,0.0,0.0
2024-10-16 12:24:00-04:00,32.2400016784668,32.2599983215332,32.2400016784668,32.2400016784668,21015,0.0,0.0,0.0
2024-10-16 12:25:00-04:00,32.25,32.25,32.23109817504883,32.2400016784668,20915,0.0,0.0,0.0
2024-10-16 12:26:00-04:00,32.25,32.25,32.209999084472656,32.22999954223633,22148,0.0,0.0,0.0
2024-10-16 12:27:00-04:00,32.23500061035156,32.23500061035156,32.20500183105469,32.21500015258789,14503,0.0,0.0,0.0
2024-10-16 12:28:00-04:00,32.220001220703125,32.229000091552734,32.209999084472656,32.209999084472656,7480,0.0,0.0,0.0
2024-10-16 12:29:00-04:00,32.21110153198242,32.21110153198242,32.15999984741211,32.18000030517578,6830,0.0,0.0,0.0
2024-10-16 12:30:00-04:00,32.18000030517578,32.189998626708984,32.125,32.15999984741211,19031,0.0,0.0,0.0
2024-10-16 12:31:00-04:00,32.152000427246094,32.189998626708984,32.15119934082031,32.15999984741211,9178,0.0,0.0,0.0
2024-10-16 12:32:00-04:00,32.16790008544922,32.189998626708984,32.165000915527344,32.185001373291016,3586,0.0,0.0,0.0
2024-10-16 12:33:00-04:00,32.185001373291016,32.185001373291016,32.16999816894531,32.16999816894531,4659,0.0,0.0,0.0
2024-10-16 12:34:00-04:00,32.16999816894531,32.22999954223633,32.16999816894531,32.224998474121094,7834,0.0,0.0,0.0
2024-10-16 12:35:00-04:00,32.21500015258789,32.21989822387695,32.20000076293945,32.209999084472656,5817,0.0,0.0,0.0
2024-10-16 12:36:00-04:00,32.20000076293945,32.22999954223633,32.20000076293945,32.20000076293945,13914,0.0,0.0,0.0
2024-10-16 12:37:00-04:00,32.18000030517578,32.19878387451172,32.15999984741211,32.18000030517578,4893406,0.0,0.0,0.0
2024-10-16 12:38:00-04:00,32.18000030517578,32.18000030517578,32.150001525878906,32.167598724365234,14541,0.0,0.0,0.0
2024-10-16 12:39:00-04:00,32.15999984741211,32.185001373291016,32.150001525878906,32.185001373291016,7698,0.0,0.0,0.0
2024-10-16 12:40:00-04:00,32.189998626708984,32.20000076293945,32.18000030517578,32.18280029296875,6916,0.0,0.0,0.0
2024-10-16 12:41:00-04:00,32.189998626708984,32.189998626708984,32.15999984741211,32.165000915527344,4015,0.0,0.0,0.0
2024-10-16 12:42:00-04:00,32.165000915527344,32.165000915527344,32.150001525878906,32.15999984741211,3818,0.0,0.0,0.0
2024-10-16 12:43:00-04:00,32.16999816894531,32.16999816894531,32.150001525878906,32.15999984741211,5810,0.0,0.0,0.0
2024-10-16 12:44:00-04:00,32.16569900512695,32.19990158081055,32.15999984741211,32.19990158081055,3367,0.0,0.0,0.0
2024-10-16 12:45:00-04:00,32.20000076293945,32.21500015258789,32.192100524902344,32.21500015258789,5857,0.0,0.0,0.0
2024-10-16 12:46:00-04:00,32.21500015258789,32.27000045776367,32.21500015258789,32.26499938964844,42176,0.0,0.0,0.0
2024-10-16 12:47:00-04:00,32.26499938964844,32.279998779296875,32.26499938964844,32.27899932861328,15521,0.0,0.0,0.0
2024-10-16 12:48:00-04:00,32.279998779296875,32.29999923706055,32.279998779296875,32.296844482421875,15567,0.0,0.0,0.0
2024-10-16 12:49:00-04:00,32.29499816894531,32.29499816894531,32.275001525878906,32.275001525878906,4497,0.0,0.0,0.0
2024-10-16 12:50:00-04:00,32.275001525878906,32.32500076293945,32.275001525878906,32.32500076293945,11526,0.0,0.0,0.0
2024-10-16 12:51:00-04:00,32.32500076293945,32.38999938964844,32.32500076293945,32.3849983215332,30262,0.0,0.0,0.0
2024-10-16 12:52:00-04:00,32.38990020751953,32.43000030517578,32.38990020751953,32.41999816894531,22407,0.0,0.0,0.0
2024-10-16 12:53:00-04:00,32.42499923706055,32.459999084472656,32.42499923706055,32.459999084472656,12668,0.0,0.0,0.0
2024-10-16 12:54:00-04:00,32.459999084472656,32.459999084472656,32.40999984741211,32.415000915527344,12063,0.0,0.0,0.0
2024-10-16 12:55:00-04:00,32.41749954223633,32.41749954223633,32.369998931884766,32.38999938964844,15439,0.0,0.0,0.0
2024-10-16 12:56:00-04:00,32.401100158691406,32.401100158691406,32.369998931884766,32.37009811401367,9683,0.0,0.0,0.0
2024-10-16 12:57:00-04:00,32.38999938964844,32.40999984741211,32.38999938964844,32.397499084472656,2729,0.0,0.0,0.0
2024-10-16 12:58:00-04:00,32.38999938964844,32.38999938964844,32.36000061035156,32.36000061035156,11493,0.0,0.0,0.0
2024-10-16 12:59:00-04:00,32.36000061035156,32.368099212646484,32.35129928588867,32.36000061035156,2474,0.0,0.0,0.0
2024-10-16 13:00:00-04:00,32.36000061035156,32.38999938964844,32.34000015258789,32.345001220703125,26481,0.0,0.0,0.0
2024-10-16 13:01:00-04:00,32.34000015258789,32.349998474121094,32.33000183105469,32.33000183105469,9870,0.0,0.0,0.0
2024-10-16 13:02:00-04:00,32.33000183105469,32.375,32.31999969482422,32.375,29135,0.0,0.0,0.0
2024-10-16 13:03:00-04:00,32.36000061035156,32.369998931884766,32.349998474121094,32.36000061035156,9975,0.0,0.0,0.0
2024-10-16 13:04:00-04:00,32.35499954223633,32.39369201660156,32.349998474121094,32.38999938964844,10536,0.0,0.0,0.0
2024-10-16 13:05:00-04:00,32.38999938964844,32.38999938964844,32.36000061035156,32.36000061035156,10987,0.0,0.0,0.0
2024-10-16 13:06:00-04:00,32.36000061035156,32.38999938964844,32.36000061035156,32.38999938964844,14256,0.0,0.0,0.0
2024-10-16 13:07:00-04:00,32.380001068115234,32.38750076293945,32.35499954223633,32.37519836425781,42879,0.0,0.0,0.0
2024-10-16 13:08:00-04:00,32.375,32.38999938964844,32.375,32.377498626708984,4953,0.0,0.0,0.0
2024-10-16 13:09:00-04:00,32.375,32.375,32.345001220703125,32.35499954223633,4323,0.0,0.0,0.0
2024-10-16 13:10:00-04:00,32.36000061035156,32.380001068115234,32.36000061035156,32.375,7631,0.0,0.0,0.0
2024-10-16 13:11:00-04:00,32.375,32.45000076293945,32.375,32.43000030517578,52216,0.0,0.0,0.0
2024-10-16 13:12:00-04:00,32.43000030517578,32.435001373291016,32.41999816894531,32.41999816894531,5410,0.0,0.0,0.0
2024-10-16 13:13:00-04:00,32.415000915527344,32.429901123046875,32.38999938964844,32.400001525878906,16533,0.0,0.0,0.0
2024-10-16 13:14:00-04:00,32.400001525878906,32.41999816894531,32.38999938964844,32.41999816894531,27684,0.0,0.0,0.0
2024-10-16 13:15:00-04:00,32.42499923706055,32.435001373291016,32.41999816894531,32.42599868774414,10307,0.0,0.0,0.0
2024-10-16 13:16:00-04:00,32.429901123046875,32.44499969482422,32.415000915527344,32.439998626708984,14872,0.0,0.0,0.0
2024-10-16 13:17:00-04:00,32.439998626708984,32.459999084472656,32.43000030517578,32.43000030517578,32701,0.0,0.0,0.0
2024-10-16 13:18:00-04:00,32.435001373291016,32.45000076293945,32.42129898071289,32.45000076293945,5998,0.0,0.0,0.0
2024-10-16 13:19:00-04:00,32.459999084472656,32.470001220703125,32.45000076293945,32.45000076293945,15343,0.0,0.0,0.0
2024-10-16 13:20:00-04:00,32.45000076293945,32.45000076293945,32.43000030517578,32.43000030517578,9536,0.0,0.0,0.0
2024-10-16 13:21:00-04:00,32.42499923706055,32.42599868774414,32.3849983215332,32.400001525878906,9974,0.0,0.0,0.0
2024-10-16 13:22:00-04:00,32.400001525878906,32.43000030517578,32.400001525878906,32.43000030517578,15486,0.0,0.0,0.0
2024-10-16 13:23:00-04:00,32.43000030517578,32.439998626708984,32.415000915527344,32.41999816894531,11537,0.0,0.0,0.0
2024-10-16 13:24:00-04:00,32.43000030517578,32.44499969482422,32.41999816894531,32.42499923706055,7289,0.0,0.0,0.0
2024-10-16 13:25:00-04:00,32.42499923706055,32.42499923706055,32.415000915527344,32.42499923706055,25957,0.0,0.0,0.0
2024-10-16 13:26:00-04:00,32.421600341796875,32.421600341796875,32.40999984741211,32.417701721191406,6013,0.0,0.0,0.0
2024-10-16 13:27:00-04:00,32.41999816894531,32.4275016784668,32.415000915527344,32.42499923706055,9452,0.0,0.0,0.0
2024-10-16 13:28:00-04:00,32.42499923706055,32.43000030517578,32.38999938964844,32.38999938964844,15724,0.0,0.0,0.0
2024-10-16 13:29:00-04:00,32.38999938964844,32.38999938964844,32.349998474121094,32.35499954223633,8089,0.0,0.0,0.0
2024-10-16 13:30:00-04:00,32.351600646972656,32.380001068115234,32.349998474121094,32.380001068115234,5044,0.0,0.0,0.0
2024-10-16 13:31:00-04:00,32.3849983215332,32.400001525878906,32.38010025024414,32.3849983215332,5259,0.0,0.0,0.0
2024-10-16 13:32:00-04:00,32.3849983215332,32.3849983215332,32.36000061035156,32.369998931884766,17256,0.0,0.0,0.0
2024-10-16 13:33:00-04:00,32.380001068115234,32.380001068115234,32.36000061035156,32.3650016784668,12185,0.0,0.0,0.0
2024-10-16 13:34:00-04:00,32.3650016784668,32.36989974975586,32.36399841308594,32.3650016784668,1337,0.0,0.0,0.0
2024-10-16 13:35:00-04:00,32.3650016784668,32.3650016784668,32.31999969482422,32.32500076293945,5318,0.0,0.0,0.0
2024-10-16 13:36:00-04:00,32.33000183105469,32.349998474121094,32.310001373291016,32.349998474121094,9523,0.0,0.0,0.0
2024-10-16 13:37:00-04:00,32.345001220703125,32.36000061035156,32.345001220703125,32.36000061035156,2287,0.0,0.0,0.0
2024-10-16 13:38:00-04:00,32.36000061035156,32.369998931884766,32.35499954223633,32.35499954223633,6071,0.0,0.0,0.0
2024-10-16 13:39:00-04:00,32.36000061035156,32.39500045776367,32.36000061035156,32.38999938964844,13256,0.0,0.0,0.0
2024-10-16 13:40:00-04:00,32.400001525878906,32.41999816894531,32.34000015258789,32.40999984741211,181060,0.0,0.0,0.0
2024-10-16 13:41:00-04:00,32.40999984741211,32.43000030517578,32.40999984741211,32.42499923706055,4985,0.0,0.0,0.0
2024-10-16 13:42:00-04:00,32.43000030517578,32.45000076293945,32.42070007324219,32.42499923706055,4291,0.0,0.0,0.0
2024-10-16 13:43:00-04:00,32.43000030517578,32.44499969482422,32.41999816894531,32.4297981262207,11687,0.0,0.0,0.0
2024-10-16 13:44:00-04:00,32.43000030517578,32.43000030517578,32.415000915527344,32.41999816894531,2404,0.0,0.0,0.0
2024-10-16 13:45:00-04:00,32.40999984741211,32.40999984741211,32.380001068115234,32.380001068115234,6006,0.0,0.0,0.0
2024-10-16 13:46:00-04:00,32.369998931884766,32.3849983215332,32.345001220703125,32.3849983215332,18342,0.0,0.0,0.0
2024-10-16 13:47:00-04:00,32.381099700927734,32.381099700927734,32.349998474121094,32.36000061035156,10966,0.0,0.0,0.0
2024-10-16 13:48:00-04:00,32.35649871826172,32.44810104370117,32.349998474121094,32.44810104370117,40561,0.0,0.0,0.0
2024-10-16 13:49:00-04:00,32.45000076293945,32.470001220703125,32.439998626708984,32.45000076293945,19062,0.0,0.0,0.0
2024-10-16 13:50:00-04:00,32.439998626708984,32.45000076293945,32.40999984741211,32.41999816894531,7937,0.0,0.0,0.0
2024-10-16 13:51:00-04:00,32.41999816894531,32.45000076293945,32.400001525878906,32.43000030517578,9745,0.0,0.0,0.0
2024-10-16 13:52:00-04:00,32.43000030517578,32.45909881591797,32.43000030517578,32.45000076293945,15004,0.0,0.0,0.0
2024-10-16 13:53:00-04:00,32.459999084472656,32.474998474121094,32.45000076293945,32.459999084472656,17523,0.0,0.0,0.0
2024-10-16 13:54:00-04:00,32.470001220703125,32.5099983215332,32.46989822387695,32.5,15038,0.0,0.0,0.0
2024-10-16 13:55:00-04:00,32.490699768066406,32.490699768066406,32.459999084472656,32.474998474121094,11046,0.0,0.0,0.0
2024-10-16 13:56:00-04:00,32.470001220703125,32.47999954223633,32.439998626708984,32.45000076293945,13248,0.0,0.0,0.0
2024-10-16 13:57:00-04:00,32.439998626708984,32.470001220703125,32.439998626708984,32.45500183105469,11721,0.0,0.0,0.0
2024-10-16 13:58:00-04:00,32.459999084472656,32.459999084472656,32.439998626708984,32.439998626708984,8117,0.0,0.0,0.0
2024-10-16 13:59:00-04:00,32.45000076293945,32.45500183105469,32.43000030517578,32.43000030517578,7895,0.0,0.0,0.0
2024-10-16 14:00:00-04:00,32.43009948730469,32.439998626708984,32.410099029541016,32.41999816894531,14525,0.0,0.0,0.0
2024-10-16 14:01:00-04:00,32.41999816894531,32.439998626708984,32.41999816894531,32.435001373291016,12075,0.0,0.0,0.0
2024-10-16 14:02:00-04:00,32.439998626708984,32.45000076293945,32.43000030517578,32.44499969482422,9188,0.0,0.0,0.0
2024-10-16 14:03:00-04:00,32.439998626708984,32.45000076293945,32.400001525878906,32.41999816894531,12143,0.0,0.0,0.0
2024-10-16 14:04:00-04:00,32.400001525878906,32.41999816894531,32.400001525878906,32.415000915527344,9777,0.0,0.0,0.0
2024-10-16 14:05:00-04:00,32.40999984741211,32.41999816894531,32.40010070800781,32.40999984741211,15569,0.0,0.0,0.0
2024-10-16 14:06:00-04:00,32.40999984741211,32.41999816894531,32.400001525878906,32.404998779296875,14754,0.0,0.0,0.0
2024-10-16 14:07:00-04:00,32.400001525878906,32.40999984741211,32.400001525878906,32.400001525878906,15650,0.0,0.0,0.0
2024-10-16 14:08:00-04:00,32.400001525878906,32.41999816894531,32.400001525878906,32.400001525878906,6044,0.0,0.0,0.0
2024-10-16 14:09:00-04:00,32.38999938964844,32.435001373291016,32.38999938964844,32.42499923706055,10014,0.0,0.0,0.0
2024-10-16 14:10:00-04:00,32.42499923706055,32.439998626708984,32.410099029541016,32.41999816894531,9204,0.0,0.0,0.0
2024-10-16 14:11:00-04:00,32.415000915527344,32.415000915527344,32.400001525878906,32.415000915527344,14812,0.0,0.0,0.0
2024-10-16 14:12:00-04:00,32.415000915527344,32.41999816894531,32.400001525878906,32.400001525878906,6942,0.0,0.0,0.0
2024-10-16 14:13:00-04:00,32.38999938964844,32.39500045776367,32.37110137939453,32.375,12618,0.0,0.0,0.0
2024-10-16 14:14:00-04:00,32.369998931884766,32.375,32.36000061035156,32.369998931884766,11001,0.0,0.0,0.0
2024-10-16 14:15:00-04:00,32.3650016784668,32.400001525878906,32.3650016784668,32.38999938964844,15068,0.0,0.0,0.0
2024-10-16 14:16:00-04:00,32.38999938964844,32.400001525878906,32.38750076293945,32.39500045776367,14148,0.0,0.0,0.0
2024-10-16 14:17:00-04:00,32.38999938964844,32.400001525878906,32.38999938964844,32.39500045776367,8768,0.0,0.0,0.0
2024-10-16 14:18:00-04:00,32.39500045776367,32.39500045776367,32.369998931884766,32.369998931884766,14212,0.0,0.0,0.0
2024-10-16 14:19:00-04:00,32.375,32.38999938964844,32.375,32.38999938964844,10434,0.0,0.0,0.0
2024-10-16 14:20:00-04:00,32.3849983215332,32.3849983215332,32.3650016784668,32.369998931884766,11287,0.0,0.0,0.0
2024-10-16 14:21:00-04:00,32.3650016784668,32.380001068115234,32.36000061035156,32.375,13312,0.0,0.0,0.0
2024-10-16 14:22:00-04:00,32.375,32.375,32.33000183105469,32.349998474121094,45582,0.0,0.0,0.0
2024-10-16 14:23:00-04:00,32.349998474121094,32.375,32.349998474121094,32.3650016784668,24994,0.0,0.0,0.0
2024-10-16 14:24:00-04:00,32.369998931884766,32.375,32.349998474121094,32.349998474121094,11772,0.0,0.0,0.0
2024-10-16 14:25:00-04:00,32.349998474121094,32.375,32.34000015258789,32.375,9437,0.0,0.0,0.0
2024-10-16 14:26:00-04:00,32.36009979248047,32.380001068115234,32.36009979248047,32.369998931884766,13072,0.0,0.0,0.0
2024-10-16 14:27:00-04:00,32.380001068115234,32.38999938964844,32.37009811401367,32.3849983215332,15607,0.0,0.0,0.0
2024-10-16 14:28:00-04:00,32.385101318359375,32.38999938964844,32.36000061035156,32.36000061035156,10323,0.0,0.0,0.0
2024-10-16 14:29:00-04:00,32.36000061035156,32.36000061035156,32.34000015258789,32.34000015258789,13137,0.0,0.0,0.0
2024-10-16 14:30:00-04:00,32.334999084472656,32.349998474121094,32.33000183105469,32.345001220703125,17162,0.0,0.0,0.0
2024-10-16 14:31:00-04:00,32.34000015258789,32.36000061035156,32.34000015258789,32.36000061035156,8125,0.0,0.0,0.0
2024-10-16 14:32:00-04:00,32.349998474121094,32.349998474121094,32.31999969482422,32.33000183105469,11364,0.0,0.0,0.0
2024-10-16 14:33:00-04:00,32.32500076293945,32.33000183105469,32.310001373291016,32.31999969482422,10635,0.0,0.0,0.0
2024-10-16 14:34:00-04:00,32.31999969482422,32.33000183105469,32.314998626708984,32.315101623535156,12774,0.0,0.0,0.0
2024-10-16 14:35:00-04:00,32.314998626708984,32.33000183105469,32.310001373291016,32.33000183105469,18942,0.0,0.0,0.0
2024-10-16 14:36:00-04:00,32.320098876953125,32.34000015258789,32.31999969482422,32.32500076293945,17999,0.0,0.0,0.0
2024-10-16 14:37:00-04:00,32.31999969482422,32.31999969482422,32.29999923706055,32.30500030517578,13904,0.0,0.0,0.0
2024-10-16 14:38:00-04:00,32.29999923706055,32.30500030517578,32.28499984741211,32.29999923706055,24623,0.0,0.0,0.0
2024-10-16 14:39:00-04:00,32.29130172729492,32.29999923706055,32.275001525878906,32.275001525878906,9742,0.0,0.0,0.0
2024-10-16 14:40:00-04:00,32.275001525878906,32.275001525878906,32.25,32.255001068115234,15339,0.0,0.0,0.0
2024-10-16 14:41:00-04:00,32.2599983215332,32.275001525878906,32.244998931884766,32.244998931884766,14328,0.0,0.0,0.0
2024-10-16 14:42:00-04:00,32.244998931884766,32.25,32.220001220703125,32.22999954223633,16852,0.0,0.0,0.0
2024-10-16 14:43:00-04:00,32.255001068115234,32.26750183105469,32.220001220703125,32.255001068115234,11737,0.0,0.0,0.0
2024-10-16 14:44:00-04:00,32.2599983215332,32.28499984741211,32.255001068115234,32.28499984741211,13959,0.0,0.0,0.0
2024-10-16 14:45:00-04:00,32.28499984741211,32.290000915527344,32.279998779296875,32.290000915527344,14723,0.0,0.0,0.0
2024-10-16 14:46:00-04:00,32.287498474121094,32.287498474121094,32.27000045776367,32.275001525878906,8637,0.0,0.0,0.0
2024-10-16 14:47:00-04:00,32.279998779296875,32.290000915527344,32.279998779296875,32.290000915527344,11451,0.0,0.0,0.0
2024-10-16 14:48:00-04:00,32.290000915527344,32.29999923706055,32.290000915527344,32.29999923706055,15162,0.0,0.0,0.0
2024-10-16 14:49:00-04:00,32.29499816894531,32.29999923706055,32.2760009765625,32.2760009765625,18517,0.0,0.0,0.0
2024-10-16 14:50:00-04:00,32.279998779296875,32.28499984741211,32.27000045776367,32.275001525878906,9602,0.0,0.0,0.0
2024-10-16 14:51:00-04:00,32.275001525878906,32.279998779296875,32.26499938964844,32.269901275634766,17781,0.0,0.0,0.0
2024-10-16 14:52:00-04:00,32.27000045776367,32.287498474121094,32.265201568603516,32.279998779296875,18704,0.0,0.0,0.0
2024-10-16 14:53:00-04:00,32.279998779296875,32.29999923706055,32.279998779296875,32.29999923706055,8855,0.0,0.0,0.0
2024-10-16 14:54:00-04:00,32.29180145263672,32.29180145263672,32.255001068115234,32.259700775146484,11626,0.0,0.0,0.0
2024-10-16 14:55:00-04:00,32.2599983215332,32.26499938964844,32.22999954223633,32.22999954223633,15304,0.0,0.0,0.0
2024-10-16 14:56:00-04:00,32.23640060424805,32.244998931884766,32.22999954223633,32.2401008605957,11973,0.0,0.0,0.0
2024-10-16 14:57:00-04:00,32.2400016784668,32.2599983215332,32.2400016784668,32.2599983215332,10881,0.0,0.0,0.0
2024-10-16 14:58:00-04:00,32.269901275634766,32.275001525878906,32.25,32.263999938964844,7917,0.0,0.0,0.0
2024-10-16 14:59:00-04:00,32.26499938964844,32.26499938964844,32.244998931884766,32.25,10368,0.0,0.0,0.0
2024-10-16 15:00:00-04:00,32.2400016784668,32.2400016784668,32.22999954223633,32.23500061035156,12559,0.0,0.0,0.0
2024-10-16 15:01:00-04:00,32.23500061035156,32.236000061035156,32.20500183105469,32.20500183105469,26791,0.0,0.0,0.0
2024-10-16 15:02:00-04:00,32.209999084472656,32.255001068115234,32.20989990234375,32.25149917602539,10551,0.0,0.0,0.0
2024-10-16 15:03:00-04:00,32.255001068115234,32.2599983215332,32.25,32.255001068115234,13497,0.0,0.0,0.0
2024-10-16 15:04:00-04:00,32.2599983215332,32.290000915527344,32.2599983215332,32.275001525878906,17058,0.0,0.0,0.0
2024-10-16 15:05:00-04:00,32.279998779296875,32.29999923706055,32.27000045776367,32.29499816894531,16375,0.0,0.0,0.0
2024-10-16 15:06:00-04:00,32.29499816894531,32.29999923706055,32.279998779296875,32.29999923706055,23979,0.0,0.0,0.0
2024-10-16 15:07:00-04:00,32.29999923706055,32.31999969482422,32.290000915527344,32.31609344482422,24702,0.0,0.0,0.0
2024-10-16 15:08:00-04:00,32.31999969482422,32.33000183105469,32.31999969482422,32.33000183105469,11693,0.0,0.0,0.0
2024-10-16 15:09:00-04:00,32.33000183105469,32.34000015258789,32.31999969482422,32.34000015258789,9829,0.0,0.0,0.0
2024-10-16 15:10:00-04:00,32.334999084472656,32.349998474121094,32.33000183105469,32.345001220703125,11667,0.0,0.0,0.0
2024-10-16 15:11:00-04:00,32.345001220703125,32.36970138549805,32.34000015258789,32.36970138549805,28289,0.0,0.0,0.0
2024-10-16 15:12:00-04:00,32.349998474121094,32.36000061035156,32.349998474121094,32.349998474121094,12624,0.0,0.0,0.0
2024-10-16 15:13:00-04:00,32.349998474121094,32.3849983215332,32.345001220703125,32.375,14613,0.0,0.0,0.0
2024-10-16 15:14:00-04:00,32.375,32.375,32.349998474121094,32.349998474121094,18270,0.0,0.0,0.0
2024-10-16 15:15:00-04:00,32.36000061035156,32.36000061035156,32.34000015258789,32.34000015258789,17122,0.0,0.0,0.0
2024-10-16 15:16:00-04:00,32.3401985168457,32.349998474121094,32.34000015258789,32.349998474121094,15574,0.0,0.0,0.0
2024-10-16 15:17:00-04:00,32.345001220703125,32.349998474121094,32.34000015258789,32.34000015258789,12527,0.0,0.0,0.0
2024-10-16 15:18:00-04:00,32.349998474121094,32.349998474121094,32.34000015258789,32.349998474121094,17555,0.0,0.0,0.0
2024-10-16 15:19:00-04:00,32.345001220703125,32.349998474121094,32.33000183105469,32.34000015258789,24713,0.0,0.0,0.0
2024-10-16 15:20:00-04:00,32.33000183105469,32.34000015258789,32.310001373291016,32.34000015258789,31085,0.0,0.0,0.0
2024-10-16 15:21:00-04:00,32.345001220703125,32.375,32.345001220703125,32.3588981628418,20520,0.0,0.0,0.0
2024-10-16 15:22:00-04:00,32.349998474121094,32.349998474121094,32.33000183105469,32.345001220703125,22335,0.0,0.0,0.0
2024-10-16 15:23:00-04:00,32.345001220703125,32.346099853515625,32.34000015258789,32.3406982421875,4392,0.0,0.0,0.0
2024-10-16 15:24:00-04:00,32.349998474121094,32.349998474121094,32.34000015258789,32.349998474121094,21664,0.0,0.0,0.0
2024-10-16 15:25:00-04:00,32.349998474121094,32.36000061035156,32.349998474121094,32.35200119018555,37243,0.0,0.0,0.0
2024-10-16 15:26:00-04:00,32.345001220703125,32.36000061035156,32.345001220703125,32.345001220703125,7424418,0.0,0.0,0.0
2024-10-16 15:27:00-04:00,32.34000015258789,32.349998474121094,32.34000015258789,32.34130096435547,15093,0.0,0.0,0.0
2024-10-16 15:28:00-04:00,32.349998474121094,32.36899948120117,32.34000015258789,32.36899948120117,33450,0.0,0.0,0.0
2024-10-16 15:29:00-04:00,32.369998931884766,32.369998931884766,32.33000183105469,32.33250045776367,23302,0.0,0.0,0.0
2024-10-16 15:30:00-04:00,32.32500076293945,32.34000015258789,32.310001373291016,32.314998626708984,30713,0.0,0.0,0.0
2024-10-16 15:31:00-04:00,32.31990051269531,32.329898834228516,32.290000915527344,32.329898834228516,23920,0.0,0.0,0.0
2024-10-16 15:32:00-04:00,32.32500076293945,32.33000183105469,32.31999969482422,32.31999969482422,9846,0.0,0.0,0.0
2024-10-16 15:33:00-04:00,32.31999969482422,32.345001220703125,32.31999969482422,32.345001220703125,48510,0.0,0.0,0.0
2024-10-16 15:34:00-04:00,32.349998474121094,32.349998474121094,32.31999969482422,32.33000183105469,17564,0.0,0.0,0.0
2024-10-16 15:35:00-04:00,32.32500076293945,32.334999084472656,32.310001373291016,32.334999084472656,19208,0.0,0.0,0.0
2024-10-16 15:36:00-04:00,32.34000015258789,32.34000015258789,32.33000183105469,32.33980178833008,11129,0.0,0.0,0.0
2024-10-16 15:37:00-04:00,32.34000015258789,32.34000015258789,32.33000183105469,32.334999084472656,18889,0.0,0.0,0.0
2024-10-16 15:38:00-04:00,32.339900970458984,32.349998474121094,32.33000183105469,32.345001220703125,22447,0.0,0.0,0.0
2024-10-16 15:39:00-04:00,32.349998474121094,32.36000061035156,32.345001220703125,32.345001220703125,9627,0.0,0.0,0.0
2024-10-16 15:40:00-04:00,32.345001220703125,32.349998474121094,32.34000015258789,32.349998474121094,21093,0.0,0.0,0.0
2024-10-16 15:41:00-04:00,32.349998474121094,32.36000061035156,32.349998474121094,32.35499954223633,47139,0.0,0.0,0.0
2024-10-16 15:42:00-04:00,32.35663986206055,32.35663986206055,32.34000015258789,32.34170150756836,41561,0.0,0.0,0.0
2024-10-16 15:43:00-04:00,32.345001220703125,32.349998474121094,32.34000015258789,32.349998474121094,25466,0.0,0.0,0.0
2024-10-16 15:44:00-04:00,32.345001220703125,32.36000061035156,32.34000015258789,32.35499954223633,68083,0.0,0.0,0.0
2024-10-16 15:45:00-04:00,32.349998474121094,32.35499954223633,32.334999084472656,32.345001220703125,15152,0.0,0.0,0.0
2024-10-16 15:46:00-04:00,32.345001220703125,32.349998474121094,32.34000015258789,32.345001220703125,14611,0.0,0.0,0.0
2024-10-16 15:47:00-04:00,32.345001220703125,32.345001220703125,32.314998626708984,32.314998626708984,28355,0.0,0.0,0.0
2024-10-16 15:48:00-04:00,32.314998626708984,32.33000183105469,32.310001373291016,32.3291015625,33927,0.0,0.0,0.0
2024-10-16 15:49:00-04:00,32.32500076293945,32.349998474121094,32.31999969482422,32.34000015258789,38295,0.0,0.0,0.0
2024-10-16 15:50:00-04:00,32.34000015258789,32.349998474121094,32.34000015258789,32.349998474121094,72885,0.0,0.0,0.0
2024-10-16 15:51:00-04:00,32.349998474121094,32.36000061035156,32.34000015258789,32.34339904785156,37498,0.0,0.0,0.0
2024-10-16 15:52:00-04:00,32.345001220703125,32.349998474121094,32.334999084472656,32.334999084472656,46327,0.0,0.0,0.0
2024-10-16 15:53:00-04:00,32.33789825439453,32.34000015258789,32.314998626708984,32.314998626708984,58058,0.0,0.0,0.0
2024-10-16 15:54:00-04:00,32.314998626708984,32.33000183105469,32.314998626708984,32.32500076293945,53937,0.0,0.0,0.0
2024-10-16 15:55:00-04:00,32.33000183105469,32.36000061035156,32.32379913330078,32.330101013183594,58160,0.0,0.0,0.0
2024-10-16 15:56:00-04:00,32.33000183105469,32.33000183105469,32.310001373291016,32.315101623535156,81550,0.0,0.0,0.0
2024-10-16 15:57:00-04:00,32.314998626708984,32.349998474121094,32.31010055541992,32.349998474121094,36703,0.0,0.0,0.0
2024-10-16 15:58:00-04:00,32.345001220703125,32.349998474121094,32.310001373291016,32.31999969482422,119279,0.0,0.0,0.0
2024-10-16 15:59:00-04:00,32.31999969482422,32.349998474121094,32.279998779296875,32.31999969482422,110245,0.0,0.0,0.0
2024-10-17 09:30:00-04:00,32.95000076293945,32.97999954223633,32.380001068115234,32.50859832763672,286599,0.0,0.0,0.0
2024-10-17 09:31:00-04:00,32.54999923706055,32.7599983215332,32.52000045776367,32.54999923706055,32355,0.0,0.0,0.0
2024-10-17 09:32:00-04:00,32.54999923706055,32.630001068115234,32.54999923706055,32.599998474121094,47200,0.0,0.0,0.0
2024-10-17 09:33:00-04:00,32.599998474121094,32.7598991394043,32.560001373291016,32.7598991394043,53046,0.0,0.0,0.0
2024-10-17 09:34:00-04:00,32.7400016784668,32.83000183105469,32.70009994506836,32.810001373291016,46607,0.0,0.0,0.0
2024-10-17 09:35:00-04:00,32.810001373291016,32.88999938964844,32.762001037597656,32.779998779296875,54606,0.0,0.0,0.0
2024-10-17 09:36:00-04:00,32.808998107910156,32.89630126953125,32.79010009765625,32.89630126953125,32038,0.0,0.0,0.0
2024-10-17 09:37:00-04:00,32.89500045776367,32.95000076293945,32.88010025024414,32.940101623535156,23027,0.0,0.0,0.0
2024-10-17 09:38:00-04:00,32.959999084472656,32.959999084472656,32.8650016784668,32.94990158081055,14117,0.0,0.0,0.0
2024-10-17 09:39:00-04:00,32.95000076293945,33.040000915527344,32.95000076293945,33.02899932861328,46581,0.0,0.0,0.0
2024-10-17 09:40:00-04:00,33.02799987792969,33.119998931884766,33.02000045776367,33.06999969482422,49083,0.0,0.0,0.0
2024-10-17 09:41:00-04:00,33.06560134887695,33.11000061035156,33.03409957885742,33.099998474121094,19141,0.0,0.0,0.0
2024-10-17 09:42:00-04:00,33.11000061035156,33.16999816894531,33.0900993347168,33.16239929199219,15927,0.0,0.0,0.0
2024-10-17 09:43:00-04:00,33.169700622558594,33.2599983215332,33.150001525878906,33.220001220703125,52107,0.0,0.0,0.0
2024-10-17 09:44:00-04:00,33.220001220703125,33.25,33.16999816894531,33.22990036010742,43558,0.0,0.0,0.0
2024-10-17 09:45:00-04:00,33.220001220703125,33.2599983215332,33.19499969482422,33.25,61950,0.0,0.0,0.0
2024-10-17 09:46:00-04:00,33.2599983215332,33.310001373291016,33.25,33.310001373291016,36052,0.0,0.0,0.0
2024-10-17 09:47:00-04:00,33.310001373291016,33.31169891357422,33.27980041503906,33.31169891357422,55535,0.0,0.0,0.0
2024-10-17 09:48:00-04:00,33.31999969482422,33.31999969482422,33.26499938964844,33.290000915527344,72052,0.0,0.0,0.0
2024-10-17 09:49:00-04:00,33.209999084472656,33.28200149536133,33.209999084472656,33.209999084472656,26953,0.0,0.0,0.0
2024-10-17 09:50:00-04:00,33.209999084472656,33.25,33.209999084472656,33.22999954223633,14677,0.0,0.0,0.0
2024-10-17 09:51:00-04:00,33.21009826660156,33.224998474121094,33.189998626708984,33.190101623535156,36116,0.0,0.0,0.0
2024-10-17 09:52:00-04:00,33.19499969482422,33.25,33.190101623535156,33.22999954223633,37422,0.0,0.0,0.0
2024-10-17 09:53:00-04:00,33.227901458740234,33.2400016784668,33.16999816894531,33.19200134277344,21520,0.0,0.0,0.0
2024-10-17 09:54:00-04:00,33.189998626708984,33.189998626708984,33.099998474121094,33.130001068115234,54125,0.0,0.0,0.0
2024-10-17 09:55:00-04:00,33.130001068115234,33.209999084472656,33.119998931884766,33.18989944458008,57893,0.0,0.0,0.0
2024-10-17 09:56:00-04:00,33.189998626708984,33.209999084472656,33.099998474121094,33.119998931884766,66763,0.0,0.0,0.0
2024-10-17 09:57:00-04:00,33.119998931884766,33.130001068115234,33.04999923706055,33.11000061035156,29861,0.0,0.0,0.0
2024-10-17 09:58:00-04:00,33.11750030517578,33.150001525878906,33.11000061035156,33.12009811401367,11422,0.0,0.0,0.0
2024-10-17 09:59:00-04:00,33.13999938964844,33.18000030517578,33.13010025024414,33.14500045776367,10704,0.0,0.0,0.0
2024-10-17 10:00:00-04:00,33.150001525878906,33.189998626708984,33.09000015258789,33.09000015258789,48619,0.0,0.0,0.0
2024-10-17 10:01:00-04:00,33.099998474121094,33.099998474121094,32.939998626708984,32.939998626708984,40401,0.0,0.0,0.0
2024-10-17 10:02:00-04:00,32.93000030517578,32.93000030517578,32.84000015258789,32.84000015258789,18378,0.0,0.0,0.0
2024-10-17 10:03:00-04:00,32.84000015258789,32.875,32.830101013183594,32.875,8592,0.0,0.0,0.0
2024-10-17 10:04:00-04:00,32.880001068115234,32.900001525878906,32.81999969482422,32.81999969482422,12642,0.0,0.0,0.0
2024-10-17 10:05:00-04:00,32.81999969482422,32.869998931884766,32.81999969482422,32.869998931884766,17108,0.0,0.0,0.0
2024-10-17 10:06:00-04:00,32.904998779296875,32.93000030517578,32.849998474121094,32.904998779296875,14631,0.0,0.0,0.0
2024-10-17 10:07:00-04:00,32.900001525878906,32.989898681640625,32.88999938964844,32.970001220703125,11195,0.0,0.0,0.0
2024-10-17 10:08:00-04:00,32.959999084472656,33.00979995727539,32.9375,32.95000076293945,21022,0.0,0.0,0.0
2024-10-17 10:09:00-04:00,32.948001861572266,32.9900016784668,32.93000030517578,32.939998626708984,22275,0.0,0.0,0.0
2024-10-17 10:10:00-04:00,32.939998626708984,32.97999954223633,32.83000183105469,32.86000061035156,42728,0.0,0.0,0.0
2024-10-17 10:11:00-04:00,32.86000061035156,32.88999938964844,32.858001708984375,32.880001068115234,7758,0.0,0.0,0.0
2024-10-17 10:12:00-04:00,32.88999938964844,32.959999084472656,32.88999938964844,32.94499969482422,5774,0.0,0.0,0.0
2024-10-17 10:13:00-04:00,32.939998626708984,32.95899963378906,32.915000915527344,32.93000030517578,3536,0.0,0.0,0.0
2024-10-17 10:14:00-04:00,32.94499969482422,32.95000076293945,32.93109893798828,32.95000076293945,7580,0.0,0.0,0.0
2024-10-17 10:15:00-04:00,32.957298278808594,33.02000045776367,32.95000076293945,33.01499938964844,29656,0.0,0.0,0.0
2024-10-17 10:16:00-04:00,33.01499938964844,33.060001373291016,33.0099983215332,33.0099983215332,11452,0.0,0.0,0.0
2024-10-17 10:17:00-04:00,33.01499938964844,33.08000183105469,33.010101318359375,33.064998626708984,10363,0.0,0.0,0.0
2024-10-17 10:18:00-04:00,33.06999969482422,33.1349983215332,33.06999969482422,33.1349983215332,17032,0.0,0.0,0.0
2024-10-17 10:19:00-04:00,33.130001068115234,33.14759826660156,33.080101013183594,33.080101013183594,13516,0.0,0.0,0.0
2024-10-17 10:20:00-04:00,33.099998474121094,33.13990020751953,33.09000015258789,33.1349983215332,9006,0.0,0.0,0.0
2024-10-17 10:21:00-04:00,33.1349983215332,33.14500045776367,33.119998931884766,33.130001068115234,7289,0.0,0.0,0.0
2024-10-17 10:22:00-04:00,33.1150016784668,33.150001525878906,33.095001220703125,33.150001525878906,14372,0.0,0.0,0.0
2024-10-17 10:23:00-04:00,33.16999816894531,33.192501068115234,33.150001525878906,33.185001373291016,9034,0.0,0.0,0.0
2024-10-17 10:24:00-04:00,33.18000030517578,33.19499969482422,33.1708984375,33.19499969482422,9274,0.0,0.0,0.0
2024-10-17 10:25:00-04:00,33.19499969482422,33.209999084472656,33.16019821166992,33.19599914550781,19107,0.0,0.0,0.0
2024-10-17 10:26:00-04:00,33.19499969482422,33.20899963378906,33.16130065917969,33.17499923706055,17043,0.0,0.0,0.0
2024-10-17 10:27:00-04:00,33.17499923706055,33.17499923706055,33.08100128173828,33.119998931884766,11314,0.0,0.0,0.0
2024-10-17 10:28:00-04:00,33.11000061035156,33.14500045776367,33.06999969482422,33.125,15278,0.0,0.0,0.0
2024-10-17 10:29:00-04:00,33.12950134277344,33.13010025024414,33.09000015258789,33.100101470947266,12625,0.0,0.0,0.0
2024-10-17 10:30:00-04:00,33.11000061035156,33.150001525878906,33.099998474121094,33.150001525878906,47742,0.0,0.0,0.0
2024-10-17 10:31:00-04:00,33.150001525878906,33.189998626708984,33.140899658203125,33.140899658203125,9254,0.0,0.0,0.0
2024-10-17 10:32:00-04:00,33.13999938964844,33.165000915527344,33.119998931884766,33.13999938964844,44397,0.0,0.0,0.0
2024-10-17 10:33:00-04:00,33.14500045776367,33.18109893798828,33.125,33.18000030517578,12772,0.0,0.0,0.0
2024-10-17 10:34:00-04:00,33.18000030517578,33.209999084472656,33.17499923706055,33.18000030517578,42231,0.0,0.0,0.0
2024-10-17 10:35:00-04:00,33.18000030517578,33.209999084472656,33.150001525878906,33.189998626708984,7724,0.0,0.0,0.0
2024-10-17 10:36:00-04:00,33.21500015258789,33.220001220703125,33.189998626708984,33.21500015258789,15416,0.0,0.0,0.0
2024-10-17 10:37:00-04:00,33.209999084472656,33.21500015258789,33.14500045776367,33.18000030517578,13705,0.0,0.0,0.0
2024-10-17 10:38:00-04:00,33.170101165771484,33.18000030517578,33.13999938964844,33.17499923706055,9116,0.0,0.0,0.0
2024-10-17 10:39:00-04:00,33.17499923706055,33.220001220703125,33.172298431396484,33.209999084472656,10025,0.0,0.0,0.0
2024-10-17 10:40:00-04:00,33.220001220703125,33.22999954223633,33.15999984741211,33.189998626708984,38451,0.0,0.0,0.0
2024-10-17 10:41:00-04:00,33.189998626708984,33.22999954223633,33.189998626708984,33.209999084472656,29024,0.0,0.0,0.0
2024-10-17 10:42:00-04:00,33.20000076293945,33.224998474121094,33.16999816894531,33.16999816894531,14261,0.0,0.0,0.0
2024-10-17 10:43:00-04:00,33.17070007324219,33.17499923706055,33.150001525878906,33.150001525878906,6201,0.0,0.0,0.0
2024-10-17 10:44:00-04:00,33.1349983215332,33.1599006652832,33.130001068115234,33.14500045776367,19680,0.0,0.0,0.0
2024-10-17 10:45:00-04:00,33.14500045776367,33.16999816894531,33.14500045776367,33.15999984741211,16669,0.0,0.0,0.0
2024-10-17 10:46:00-04:00,33.16999816894531,33.2400016784668,33.165000915527344,33.22999954223633,11325,0.0,0.0,0.0
2024-10-17 10:47:00-04:00,33.22999954223633,33.22999954223633,33.17499923706055,33.20000076293945,11036,0.0,0.0,0.0
2024-10-17 10:48:00-04:00,33.189998626708984,33.189998626708984,33.150901794433594,33.15999984741211,4732,0.0,0.0,0.0
2024-10-17 10:49:00-04:00,33.15999984741211,33.15999984741211,33.119998931884766,33.150001525878906,15469,0.0,0.0,0.0
2024-10-17 10:50:00-04:00,33.1349983215332,33.15999984741211,33.1349983215332,33.15999984741211,6096,0.0,0.0,0.0
2024-10-17 10:51:00-04:00,33.11000061035156,33.15999984741211,33.11000061035156,33.11000061035156,7413,0.0,0.0,0.0
2024-10-17 10:52:00-04:00,33.099998474121094,33.149898529052734,33.099998474121094,33.125,14547,0.0,0.0,0.0
2024-10-17 10:53:00-04:00,33.130001068115234,33.130001068115234,33.11000061035156,33.119998931884766,10456,0.0,0.0,0.0
2024-10-17 10:54:00-04:00,33.119998931884766,33.149898529052734,33.119998931884766,33.130001068115234,6129,0.0,0.0,0.0
2024-10-17 10:55:00-04:00,33.119998931884766,33.119998931884766,33.064998626708984,33.06999969482422,10668,0.0,0.0,0.0
2024-10-17 10:56:00-04:00,33.06990051269531,33.06990051269531,33.01499938964844,33.01499938964844,10101,0.0,0.0,0.0
2024-10-17 10:57:00-04:00,33.02000045776367,33.02000045776367,32.9900016784668,32.994998931884766,13708,0.0,0.0,0.0
2024-10-17 10:58:00-04:00,33.0,33.02000045776367,32.959999084472656,32.974998474121094,17555,0.0,0.0,0.0
2024-10-17 10:59:00-04:00,32.974998474121094,32.974998474121094,32.90999984741211,32.91999816894531,14635,0.0,0.0,0.0
2024-10-17 11:00:00-04:00,32.91999816894531,32.91999816894531,32.834999084472656,32.86989974975586,18501,0.0,0.0,0.0
2024-10-17 11:01:00-04:00,32.86000061035156,32.89500045776367,32.849998474121094,32.88990020751953,16651,0.0,0.0,0.0
2024-10-17 11:02:00-04:00,32.88999938964844,32.88999938964844,32.834999084472656,32.85900115966797,22962,0.0,0.0,0.0
2024-10-17 11:03:00-04:00,32.849998474121094,32.899898529052734,32.84000015258789,32.869998931884766,17027,0.0,0.0,0.0
2024-10-17 11:04:00-04:00,32.86000061035156,32.869998931884766,32.845001220703125,32.86000061035156,8847,0.0,0.0,0.0
2024-10-17 11:05:00-04:00,32.86000061035156,32.95000076293945,32.86000061035156,32.94499969482422,18530,0.0,0.0,0.0
2024-10-17 11:06:00-04:00,32.94499969482422,32.959999084472656,32.93000030517578,32.939998626708984,8979,0.0,0.0,0.0
2024-10-17 11:07:00-04:00,32.94499969482422,32.94499969482422,32.904998779296875,32.93000030517578,9830,0.0,0.0,0.0
2024-10-17 11:08:00-04:00,32.935001373291016,32.95000076293945,32.91999816894531,32.91999816894531,8357,0.0,0.0,0.0
2024-10-17 11:09:00-04:00,32.92499923706055,32.95000076293945,32.900001525878906,32.90999984741211,10513,0.0,0.0,0.0
2024-10-17 11:10:00-04:00,32.900001525878906,32.93000030517578,32.900001525878906,32.93000030517578,11171,0.0,0.0,0.0
2024-10-17 11:11:00-04:00,32.92499923706055,32.92499923706055,32.88999938964844,32.900001525878906,4594,0.0,0.0,0.0
2024-10-17 11:12:00-04:00,32.900001525878906,32.91999816894531,32.880001068115234,32.89870071411133,40600,0.0,0.0,0.0
2024-10-17 11:13:00-04:00,32.88999938964844,32.91999816894531,32.8849983215332,32.915000915527344,11861,0.0,0.0,0.0
2024-10-17 11:14:00-04:00,32.91999816894531,32.94499969482422,32.91999816894531,32.939998626708984,5826,0.0,0.0,0.0
2024-10-17 11:15:00-04:00,32.95000076293945,32.959999084472656,32.93000030517578,32.939998626708984,5181,0.0,0.0,0.0
2024-10-17 11:16:00-04:00,32.935001373291016,32.95000076293945,32.93000030517578,32.93009948730469,6570,0.0,0.0,0.0
2024-10-17 11:17:00-04:00,32.939998626708984,32.939998626708984,32.92499923706055,32.92499923706055,3088,0.0,0.0,0.0
2024-10-17 11:18:00-04:00,32.90999984741211,32.90999984741211,32.869998931884766,32.869998931884766,33689,0.0,0.0,0.0
2024-10-17 11:19:00-04:00,32.849998474121094,32.849998474121094,32.77220153808594,32.79890060424805,24646,0.0,0.0,0.0
2024-10-17 11:20:00-04:00,32.79999923706055,32.83000183105469,32.79499816894531,32.79999923706055,9099,0.0,0.0,0.0
2024-10-17 11:21:00-04:00,32.80522155761719,32.810001373291016,32.782501220703125,32.790000915527344,4783,0.0,0.0,0.0
2024-10-17 11:22:00-04:00,32.790000915527344,32.81999969482422,32.790000915527344,32.810001373291016,7810,0.0,0.0,0.0
2024-10-17 11:23:00-04:00,32.814998626708984,32.83000183105469,32.80500030517578,32.81999969482422,5780,0.0,0.0,0.0
2024-10-17 11:24:00-04:00,32.82099914550781,32.869998931884766,32.814998626708984,32.869998931884766,11720,0.0,0.0,0.0
2024-10-17 11:25:00-04:00,32.875,32.915000915527344,32.875,32.90999984741211,15979,0.0,0.0,0.0
2024-10-17 11:26:00-04:00,32.919898986816406,32.919898986816406,32.880001068115234,32.88999938964844,7401,0.0,0.0,0.0
2024-10-17 11:27:00-04:00,32.89500045776367,32.929901123046875,32.88999938964844,32.929901123046875,26215,0.0,0.0,0.0
2024-10-17 11:28:00-04:00,32.91579818725586,32.91999816894531,32.900001525878906,32.915000915527344,6272,0.0,0.0,0.0
2024-10-17 11:29:00-04:00,32.915000915527344,32.970001220703125,32.915000915527344,32.959999084472656,10026,0.0,0.0,0.0
2024-10-17 11:30:00-04:00,32.95989990234375,32.96900177001953,32.939998626708984,32.94499969482422,4622,0.0,0.0,0.0
2024-10-17 11:31:00-04:00,32.94499969482422,32.970001220703125,32.935001373291016,32.959999084472656,4325,0.0,0.0,0.0
2024-10-17 11:32:00-04:00,32.959999084472656,32.9900016784668,32.956298828125,32.956298828125,3758,0.0,0.0,0.0
2024-10-17 11:33:00-04:00,32.96500015258789,32.96989822387695,32.95500183105469,32.959999084472656,3746,0.0,0.0,0.0
2024-10-17 11:34:00-04:00,32.95989990234375,32.97990036010742,32.95989990234375,32.970001220703125,3620,0.0,0.0,0.0
2024-10-17 11:35:00-04:00,32.970001220703125,32.970001220703125,32.91999816894531,32.91999816894531,13820,0.0,0.0,0.0
2024-10-17 11:36:00-04:00,32.91999816894531,32.95000076293945,32.90999984741211,32.95000076293945,3517,0.0,0.0,0.0
2024-10-17 11:37:00-04:00,32.95000076293945,32.9900016784668,32.939998626708984,32.97999954223633,10850,0.0,0.0,0.0
2024-10-17 11:38:00-04:00,32.98400115966797,32.994998931884766,32.97999954223633,32.9900016784668,3577,0.0,0.0,0.0
2024-10-17 11:39:00-04:00,32.9901008605957,33.0099983215332,32.9901008605957,33.00809860229492,9068,0.0,0.0,0.0
2024-10-17 11:40:00-04:00,33.0,33.0,32.970001220703125,32.97359848022461,3263,0.0,0.0,0.0
2024-10-17 11:41:00-04:00,32.97999954223633,32.98540115356445,32.959999084472656,32.959999084472656,4639,0.0,0.0,0.0
2024-10-17 11:42:00-04:00,32.959999084472656,32.970001220703125,32.939998626708984,32.95000076293945,4374,0.0,0.0,0.0
2024-10-17 11:43:00-04:00,32.939998626708984,32.97999954223633,32.939998626708984,32.97999954223633,75619,0.0,0.0,0.0
2024-10-17 11:44:00-04:00,32.97999954223633,32.9900016784668,32.974998474121094,32.9900016784668,3008,0.0,0.0,0.0
2024-10-17 11:45:00-04:00,33.0,33.0099983215332,32.994998931884766,33.0,11746,0.0,0.0,0.0
2024-10-17 11:46:00-04:00,33.0099983215332,33.02000045776367,33.0,33.02000045776367,6174,0.0,0.0,0.0
2024-10-17 11:47:00-04:00,33.02989959716797,33.06760025024414,33.02989959716797,33.04999923706055,3348,0.0,0.0,0.0
2024-10-17 11:48:00-04:00,33.060001373291016,33.064998626708984,33.03990173339844,33.051998138427734,6976,0.0,0.0,0.0
2024-10-17 11:49:00-04:00,33.04999923706055,33.04999923706055,33.04499816894531,33.049800872802734,1899,0.0,0.0,0.0
2024-10-17 11:50:00-04:00,33.04499816894531,33.060001373291016,33.040000915527344,33.052101135253906,3830,0.0,0.0,0.0
2024-10-17 11:51:00-04:00,33.0619010925293,33.069698333740234,33.05500030517578,33.060699462890625,3968,0.0,0.0,0.0
2024-10-17 11:52:00-04:00,33.064998626708984,33.09000015258789,33.060699462890625,33.09000015258789,3537,0.0,0.0,0.0
2024-10-17 11:53:00-04:00,33.08000183105469,33.08000183105469,33.05500030517578,33.05500030517578,2912,0.0,0.0,0.0
2024-10-17 11:54:00-04:00,33.060001373291016,33.079898834228516,33.04999923706055,33.04999923706055,5126,0.0,0.0,0.0
2024-10-17 11:55:00-04:00,33.04290008544922,33.05500030517578,33.029998779296875,33.04499816894531,17117,0.0,0.0,0.0
2024-10-17 11:56:00-04:00,33.04499816894531,33.04499816894531,33.00080108642578,33.0099983215332,12102,0.0,0.0,0.0
2024-10-17 11:57:00-04:00,33.0099983215332,33.04499816894531,33.005001068115234,33.040000915527344,4166,0.0,0.0,0.0
2024-10-17 11:58:00-04:00,33.04499816894531,33.04499816894531,33.005001068115234,33.02000045776367,4026,0.0,0.0,0.0
2024-10-17 11:59:00-04:00,33.010101318359375,33.02989959716797,33.010101318359375,33.025001525878906,2850,0.0,0.0,0.0
2024-10-17 12:00:00-04:00,33.025001525878906,33.025001525878906,32.97600173950195,33.005001068115234,9947,0.0,0.0,0.0
2024-10-17 12:01:00-04:00,33.0,33.0,32.939998626708984,32.989898681640625,9891,0.0,0.0,0.0
2024-10-17 12:02:00-04:00,32.97999954223633,32.97999954223633,32.959999084472656,32.974998474121094,3209,0.0,0.0,0.0
2024-10-17 12:03:00-04:00,32.970001220703125,32.970001220703125,32.92499923706055,32.92499923706055,2739,0.0,0.0,0.0
2024-10-17 12:04:00-04:00,32.92490005493164,32.939998626708984,32.90999984741211,32.93000030517578,11415,0.0,0.0,0.0
2024-10-17 12:05:00-04:00,32.939998626708984,32.94770050048828,32.939998626708984,32.94499969482422,923,0.0,0.0,0.0
2024-10-17 12:06:00-04:00,32.939998626708984,32.96730041503906,32.93009948730469,32.95000076293945,8108,0.0,0.0,0.0
2024-10-17 12:07:00-04:00,32.95989990234375,32.95989990234375,32.93009948730469,32.93190002441406,4235,0.0,0.0,0.0
2024-10-17 12:08:00-04:00,32.93000030517578,32.93000030517578,32.90138626098633,32.93000030517578,4871,0.0,0.0,0.0
2024-10-17 12:09:00-04:00,32.93130111694336,32.95000076293945,32.93000030517578,32.939998626708984,2171,0.0,0.0,0.0
2024-10-17 12:10:00-04:00,32.95000076293945,32.991600036621094,32.95000076293945,32.991600036621094,4090,0.0,0.0,0.0
2024-10-17 12:11:00-04:00,32.97999954223633,32.9900016784668,32.9734992980957,32.9900016784668,1099,0.0,0.0,0.0
2024-10-17 12:12:00-04:00,32.96889877319336,32.9900016784668,32.959999084472656,32.96889877319336,5853,0.0,0.0,0.0
2024-10-17 12:13:00-04:00,32.970001220703125,32.9900016784668,32.970001220703125,32.9900016784668,3194,0.0,0.0,0.0
2024-10-17 12:14:00-04:00,32.99190139770508,33.0,32.9900016784668,32.994998931884766,2413,0.0,0.0,0.0
2024-10-17 12:15:00-04:00,32.994998931884766,32.999900817871094,32.9900016784668,32.998199462890625,1709,0.0,0.0,0.0
2024-10-17 12:16:00-04:00,32.994998931884766,32.994998931884766,32.95000076293945,32.97999954223633,7785,0.0,0.0,0.0
2024-10-17 12:17:00-04:00,32.9901008605957,33.0099983215332,32.98500061035156,33.0099983215332,3486,0.0,0.0,0.0
2024-10-17 12:18:00-04:00,33.0,33.0099983215332,32.9900016784668,32.9900016784668,2029,0.0,0.0,0.0
2024-10-17 12:19:00-04:00,32.98500061035156,32.989898681640625,32.971500396728516,32.97999954223633,2206,0.0,0.0,0.0
2024-10-17 12:20:00-04:00,32.97990036010742,33.0,32.970001220703125,33.0,3539,0.0,0.0,0.0
2024-10-17 12:21:00-04:00,33.005001068115234,33.005001068115234,32.97999954223633,32.98500061035156,1182,0.0,0.0,0.0
2024-10-17 12:22:00-04:00,32.98500061035156,33.0098991394043,32.974998474121094,33.0098991394043,4389,0.0,0.0,0.0
2024-10-17 12:23:00-04:00,32.9901008605957,33.005001068115234,32.9901008605957,33.0,2908,0.0,0.0,0.0
2024-10-17 12:24:00-04:00,33.0,33.0,32.994998931884766,32.994998931884766,1612,0.0,0.0,0.0
2024-10-17 12:25:00-04:00,32.9900016784668,32.9900016784668,32.95000076293945,32.95000076293945,3238,0.0,0.0,0.0
2024-10-17 12:26:00-04:00,32.939998626708984,32.94499969482422,32.935001373291016,32.935001373291016,5253,0.0,0.0,0.0
2024-10-17 12:27:00-04:00,32.93000030517578,32.93989944458008,32.920101165771484,32.93000030517578,4200,0.0,0.0,0.0
2024-10-17 12:28:00-04:00,32.922000885009766,32.935001373291016,32.915000915527344,32.915000915527344,3797,0.0,0.0,0.0
2024-10-17 12:29:00-04:00,32.915000915527344,32.935001373291016,32.915000915527344,32.92499923706055,2468,0.0,0.0,0.0
2024-10-17 12:30:00-04:00,32.92499923706055,32.93000030517578,32.900001525878906,32.904998779296875,5178,0.0,0.0,0.0
2024-10-17 12:31:00-04:00,32.90999984741211,32.92559814453125,32.900699615478516,32.915000915527344,2881,0.0,0.0,0.0
2024-10-17 12:32:00-04:00,32.915000915527344,32.9193000793457,32.915000915527344,32.9193000793457,2092,0.0,0.0,0.0
2024-10-17 12:33:00-04:00,32.910701751708984,32.929901123046875,32.90399932861328,32.91999816894531,15345,0.0,0.0,0.0
2024-10-17 12:34:00-04:00,32.91999816894531,32.939998626708984,32.91999816894531,32.939998626708984,1782,0.0,0.0,0.0
2024-10-17 12:35:00-04:00,32.935001373291016,32.94900131225586,32.935001373291016,32.939998626708984,4098,0.0,0.0,0.0
2024-10-17 12:36:00-04:00,32.939998626708984,32.94879913330078,32.939998626708984,32.94499969482422,2265,0.0,0.0,0.0
2024-10-17 12:37:00-04:00,32.94499969482422,32.96500015258789,32.94499969482422,32.95500183105469,3229,0.0,0.0,0.0
2024-10-17 12:38:00-04:00,32.959999084472656,33.0,32.959999084472656,33.0,10497,0.0,0.0,0.0
2024-10-17 12:39:00-04:00,33.0099983215332,33.029998779296875,33.0099983215332,33.025001525878906,5047,0.0,0.0,0.0
2024-10-17 12:40:00-04:00,33.025001525878906,33.02642059326172,33.01499938964844,33.01499938964844,2700,0.0,0.0,0.0
2024-10-17 12:41:00-04:00,33.01499938964844,33.01499938964844,32.970001220703125,32.970699310302734,5325,0.0,0.0,0.0
2024-10-17 12:42:00-04:00,32.970001220703125,32.9900016784668,32.970001220703125,32.98500061035156,4813,0.0,0.0,0.0
2024-10-17 12:43:00-04:00,32.9900016784668,33.01499938964844,32.9900016784668,33.01499938964844,3318,0.0,0.0,0.0
2024-10-17 12:44:00-04:00,33.01499938964844,33.025001525878906,33.0099983215332,33.01499938964844,4940,0.0,0.0,0.0
2024-10-17 12:45:00-04:00,33.02000045776367,33.03499984741211,33.02000045776367,33.025001525878906,4125,0.0,0.0,0.0
2024-10-17 12:46:00-04:00,33.025001525878906,33.02980041503906,33.011600494384766,33.018798828125,3364,0.0,0.0,0.0
2024-10-17 12:47:00-04:00,33.02000045776367,33.04499816894531,33.02000045776367,33.04499816894531,8203,0.0,0.0,0.0
2024-10-17 12:48:00-04:00,33.040000915527344,33.04499816894531,33.0099983215332,33.0099983215332,5248,0.0,0.0,0.0
2024-10-17 12:49:00-04:00,33.016300201416016,33.02009963989258,33.01499938964844,33.02009963989258,1695,0.0,0.0,0.0
2024-10-17 12:50:00-04:00,33.029998779296875,33.04499816894531,33.010101318359375,33.01499938964844,4244,0.0,0.0,0.0
2024-10-17 12:51:00-04:00,33.010101318359375,33.040000915527344,33.005001068115234,33.040000915527344,14011,0.0,0.0,0.0
2024-10-17 12:52:00-04:00,33.040000915527344,33.05500030517578,33.040000915527344,33.04999923706055,4572,0.0,0.0,0.0
2024-10-17 12:53:00-04:00,33.04999923706055,33.04999923706055,33.025001525878906,33.025001525878906,5026,0.0,0.0,0.0
2024-10-17 12:54:00-04:00,33.005001068115234,33.02000045776367,33.000099182128906,33.01499938964844,4385,0.0,0.0,0.0
2024-10-17 12:55:00-04:00,33.02000045776367,33.02000045776367,32.98500061035156,32.98500061035156,7748,0.0,0.0,0.0
2024-10-17 12:56:00-04:00,32.98109817504883,33.0099983215332,32.98109817504883,33.005001068115234,7676,0.0,0.0,0.0
2024-10-17 12:57:00-04:00,33.005001068115234,33.005001068115234,32.9900016784668,32.994998931884766,2203,0.0,0.0,0.0
2024-10-17 12:58:00-04:00,32.98500061035156,33.0,32.97999954223633,33.0,6452,0.0,0.0,0.0
2024-10-17 12:59:00-04:00,33.0,33.0,32.990699768066406,32.999298095703125,1457,0.0,0.0,0.0
2024-10-17 13:00:00-04:00,32.999298095703125,32.999900817871094,32.959999084472656,32.974998474121094,7135,0.0,0.0,0.0
2024-10-17 13:01:00-04:00,32.97010040283203,32.97010040283203,32.94499969482422,32.94499969482422,3216,0.0,0.0,0.0
2024-10-17 13:02:00-04:00,32.939998626708984,32.94499969482422,32.935001373291016,32.939998626708984,2470,0.0,0.0,0.0
2024-10-17 13:03:00-04:00,32.939998626708984,32.9900016784668,32.939998626708984,32.9900016784668,5551,0.0,0.0,0.0
2024-10-17 13:04:00-04:00,32.98500061035156,33.00189971923828,32.98400115966797,33.00189971923828,3834,0.0,0.0,0.0
2024-10-17 13:05:00-04:00,33.005001068115234,33.019901275634766,33.005001068115234,33.005001068115234,2358,0.0,0.0,0.0
2024-10-17 13:06:00-04:00,33.0,33.0,32.959999084472656,32.970001220703125,5179,0.0,0.0,0.0
2024-10-17 13:07:00-04:00,32.955101013183594,32.974998474121094,32.955101013183594,32.9651985168457,21759,0.0,0.0,0.0
2024-10-17 13:08:00-04:00,32.959999084472656,32.97999954223633,32.95989990234375,32.974998474121094,4060,0.0,0.0,0.0
2024-10-17 13:09:00-04:00,32.98970031738281,33.00699996948242,32.98970031738281,33.00699996948242,2912,0.0,0.0,0.0
2024-10-17 13:10:00-04:00,33.005001068115234,33.005001068115234,32.97269821166992,32.98500061035156,2610,0.0,0.0,0.0
2024-10-17 13:11:00-04:00,32.97999954223633,33.0,32.970001220703125,32.99509811401367,3568,0.0,0.0,0.0
2024-10-17 13:12:00-04:00,32.995201110839844,33.019901275634766,32.995201110839844,33.01499938964844,3290,0.0,0.0,0.0
2024-10-17 13:13:00-04:00,33.01499938964844,33.02000045776367,33.01499938964844,33.01499938964844,619,0.0,0.0,0.0
2024-10-17 13:14:00-04:00,33.01499938964844,33.03499984741211,33.01129913330078,33.02009963989258,7061,0.0,0.0,0.0
2024-10-17 13:15:00-04:00,33.029998779296875,33.060001373291016,33.025001525878906,33.04999923706055,6784,0.0,0.0,0.0
2024-10-17 13:16:00-04:00,33.060001373291016,33.060001373291016,33.04499816894531,33.04499816894531,3558,0.0,0.0,0.0
2024-10-17 13:17:00-04:00,33.04999923706055,33.05500030517578,33.04399871826172,33.04399871826172,2206,0.0,0.0,0.0
2024-10-17 13:18:00-04:00,33.04499816894531,33.060001373291016,33.040000915527344,33.04499816894531,3328,0.0,0.0,0.0
2024-10-17 13:19:00-04:00,33.040000915527344,33.08000183105469,33.040000915527344,33.08000183105469,13675,0.0,0.0,0.0
2024-10-17 13:20:00-04:00,33.09000015258789,33.099998474121094,33.080101013183594,33.080101013183594,5253,0.0,0.0,0.0
2024-10-17 13:21:00-04:00,33.095001220703125,33.099998474121094,33.08000183105469,33.09000015258789,3233,0.0,0.0,0.0
2024-10-17 13:22:00-04:00,33.09000015258789,33.09000015258789,33.0099983215332,33.040000915527344,90559,0.0,0.0,0.0
2024-10-17 13:23:00-04:00,33.05500030517578,33.06999969482422,33.040000915527344,33.040000915527344,7448,0.0,0.0,0.0
2024-10-17 13:24:00-04:00,33.040000915527344,33.05500030517578,33.03499984741211,33.05500030517578,16388,0.0,0.0,0.0
2024-10-17 13:25:00-04:00,33.04999923706055,33.04999923706055,33.03499984741211,33.040000915527344,2694,0.0,0.0,0.0
2024-10-17 13:26:00-04:00,33.04499816894531,33.04499816894531,33.03499984741211,33.04499816894531,1879,0.0,0.0,0.0
2024-10-17 13:27:00-04:00,33.042701721191406,33.04999923706055,33.03010177612305,33.03969955444336,4649,0.0,0.0,0.0
2024-10-17 13:28:00-04:00,33.03990173339844,33.05500030517578,33.03990173339844,33.05500030517578,3168,0.0,0.0,0.0
2024-10-17 13:29:00-04:00,33.05009841918945,33.09000015258789,33.05009841918945,33.09000015258789,2429,0.0,0.0,0.0
2024-10-17 13:30:00-04:00,33.099998474121094,33.099998474121094,33.09159851074219,33.095001220703125,3137,0.0,0.0,0.0
2024-10-17 13:31:00-04:00,33.09000015258789,33.13949966430664,33.084999084472656,33.119998931884766,12100,0.0,0.0,0.0
2024-10-17 13:32:00-04:00,33.11000061035156,33.11800003051758,33.095001220703125,33.09769821166992,5317,0.0,0.0,0.0
2024-10-17 13:33:00-04:00,33.08000183105469,33.09000015258789,33.06999969482422,33.084999084472656,2429,0.0,0.0,0.0
2024-10-17 13:34:00-04:00,33.089900970458984,33.09000015258789,33.08000183105469,33.084999084472656,1391,0.0,0.0,0.0
2024-10-17 13:35:00-04:00,33.08250045776367,33.09000015258789,33.060001373291016,33.064998626708984,3177,0.0,0.0,0.0
2024-10-17 13:36:00-04:00,33.060001373291016,33.08000183105469,33.060001373291016,33.079898834228516,2905,0.0,0.0,0.0
2024-10-17 13:37:00-04:00,33.09000015258789,33.11000061035156,33.084999084472656,33.084999084472656,3848,0.0,0.0,0.0
2024-10-17 13:38:00-04:00,33.09000015258789,33.109901428222656,33.084999084472656,33.09749984741211,6697,0.0,0.0,0.0
2024-10-17 13:39:00-04:00,33.099998474121094,33.099998474121094,33.07500076293945,33.08000183105469,2905,0.0,0.0,0.0
2024-10-17 13:40:00-04:00,33.08000183105469,33.099998474121094,33.07500076293945,33.08000183105469,5467,0.0,0.0,0.0
2024-10-17 13:41:00-04:00,33.07500076293945,33.08000183105469,33.06999969482422,33.07500076293945,3594272,0.0,0.0,0.0
2024-10-17 13:42:00-04:00,33.08000183105469,33.09737777709961,33.08000183105469,33.09000015258789,3887,0.0,0.0,0.0
2024-10-17 13:43:00-04:00,33.09000015258789,33.099998474121094,33.09000015258789,33.095001220703125,3291,0.0,0.0,0.0
2024-10-17 13:44:00-04:00,33.09989929199219,33.099998474121094,33.09000015258789,33.099998474121094,4990,0.0,0.0,0.0
2024-10-17 13:45:00-04:00,33.0900993347168,33.119998931884766,33.0900993347168,33.11000061035156,8092,0.0,0.0,0.0
2024-10-17 13:46:00-04:00,33.10499954223633,33.130001068115234,33.10499954223633,33.1150016784668,2881,0.0,0.0,0.0
2024-10-17 13:47:00-04:00,33.1150016784668,33.119998931884766,33.11000061035156,33.11000061035156,5184,0.0,0.0,0.0
2024-10-17 13:48:00-04:00,33.10499954223633,33.11000061035156,33.099998474121094,33.10499954223633,4121,0.0,0.0,0.0
2024-10-17 13:49:00-04:00,33.11000061035156,33.1150016784668,33.10499954223633,33.10499954223633,2094,0.0,0.0,0.0
2024-10-17 13:50:00-04:00,33.10499954223633,33.11000061035156,33.099998474121094,33.11000061035156,8853,0.0,0.0,0.0
2024-10-17 13:51:00-04:00,33.11000061035156,33.1150016784668,33.099700927734375,33.11000061035156,7017,0.0,0.0,0.0
2024-10-17 13:52:00-04:00,33.119998931884766,33.125,33.10449981689453,33.10449981689453,5189,0.0,0.0,0.0
2024-10-17 13:53:00-04:00,33.10499954223633,33.11000061035156,33.10070037841797,33.10499954223633,6283,0.0,0.0,0.0
2024-10-17 13:54:00-04:00,33.11000061035156,33.150001525878906,33.10499954223633,33.150001525878906,9457,0.0,0.0,0.0
2024-10-17 13:55:00-04:00,33.148170471191406,33.150001525878906,33.14070129394531,33.150001525878906,4032,0.0,0.0,0.0
2024-10-17 13:56:00-04:00,33.14500045776367,33.150001525878906,33.14500045776367,33.149898529052734,3894,0.0,0.0,0.0
2024-10-17 13:57:00-04:00,33.14500045776367,33.150001525878906,33.14500045776367,33.14500045776367,1079,0.0,0.0,0.0
2024-10-17 13:58:00-04:00,33.14970016479492,33.167999267578125,33.14099884033203,33.165000915527344,9740,0.0,0.0,0.0
2024-10-17 13:59:00-04:00,33.15999984741211,33.16999816894531,33.13999938964844,33.150001525878906,5982,0.0,0.0,0.0
2024-10-17 14:00:00-04:00,33.150001525878906,33.15999984741211,33.13999938964844,33.150001525878906,8341,0.0,0.0,0.0
2024-10-17 14:01:00-04:00,33.154998779296875,33.1598014831543,33.150001525878906,33.150001525878906,1771,0.0,0.0,0.0
2024-10-17 14:02:00-04:00,33.14500045776367,33.17499923706055,33.1411018371582,33.17499923706055,5575,0.0,0.0,0.0
2024-10-17 14:03:00-04:00,33.189998626708984,33.19499969482422,33.125,33.154998779296875,7776,0.0,0.0,0.0
2024-10-17 14:04:00-04:00,33.150001525878906,33.150001525878906,33.13999938964844,33.14500045776367,2131,0.0,0.0,0.0
2024-10-17 14:05:00-04:00,33.13999938964844,33.13999938964844,33.09000015258789,33.095001220703125,10264,0.0,0.0,0.0
2024-10-17 14:06:00-04:00,33.09700012207031,33.11000061035156,33.06999969482422,33.0900993347168,7374,0.0,0.0,0.0
2024-10-17 14:07:00-04:00,33.084999084472656,33.11000061035156,33.084999084472656,33.09000015258789,4230,0.0,0.0,0.0
2024-10-17 14:08:00-04:00,33.089900970458984,33.099998474121094,33.08000183105469,33.08000183105469,2299,0.0,0.0,0.0
2024-10-17 14:09:00-04:00,33.0787239074707,33.084999084472656,33.06999969482422,33.07500076293945,6763,0.0,0.0,0.0
2024-10-17 14:10:00-04:00,33.08000183105469,33.08000183105469,33.04999923706055,33.05500030517578,8413,0.0,0.0,0.0
2024-10-17 14:11:00-04:00,33.060001373291016,33.06999969482422,33.060001373291016,33.06999969482422,1576,0.0,0.0,0.0
2024-10-17 14:12:00-04:00,33.07500076293945,33.07500076293945,33.061100006103516,33.064998626708984,6225,0.0,0.0,0.0
2024-10-17 14:13:00-04:00,33.064998626708984,33.08000183105469,33.064998626708984,33.08000183105469,2487,0.0,0.0,0.0
2024-10-17 14:14:00-04:00,33.084999084472656,33.095001220703125,33.08000183105469,33.08000183105469,6024,0.0,0.0,0.0
2024-10-17 14:15:00-04:00,33.06999969482422,33.08000183105469,33.06010055541992,33.06010055541992,2964,0.0,0.0,0.0
2024-10-17 14:16:00-04:00,33.06999969482422,33.06999969482422,33.064998626708984,33.064998626708984,1380,0.0,0.0,0.0
2024-10-17 14:17:00-04:00,33.064998626708984,33.064998626708984,33.04499816894531,33.04499816894531,3411,0.0,0.0,0.0
2024-10-17 14:18:00-04:00,33.04499816894531,33.049800872802734,33.03499984741211,33.040000915527344,5582,0.0,0.0,0.0
2024-10-17 14:19:00-04:00,33.04999923706055,33.055999755859375,33.04069900512695,33.05500030517578,2595,0.0,0.0,0.0
2024-10-17 14:20:00-04:00,33.04999923706055,33.05500030517578,33.03499984741211,33.03499984741211,2157,0.0,0.0,0.0
2024-10-17 14:21:00-04:00,33.03499984741211,33.040000915527344,33.03499984741211,33.03499984741211,10558,0.0,0.0,0.0
2024-10-17 14:22:00-04:00,33.03499984741211,33.03499984741211,33.0099983215332,33.0099983215332,4003,0.0,0.0,0.0
2024-10-17 14:23:00-04:00,33.00849914550781,33.00849914550781,32.980098724365234,32.98500061035156,5340,0.0,0.0,0.0
2024-10-17 14:24:00-04:00,32.98970031738281,32.994998931884766,32.974998474121094,32.974998474121094,4351,0.0,0.0,0.0
2024-10-17 14:25:00-04:00,32.974998474121094,32.974998474121094,32.95500183105469,32.95500183105469,2591,0.0,0.0,0.0
2024-10-17 14:26:00-04:00,32.95500183105469,32.959999084472656,32.95500183105469,32.959999084472656,3503,0.0,0.0,0.0
2024-10-17 14:27:00-04:00,32.959999084472656,32.974998474121094,32.939998626708984,32.94499969482422,16483,0.0,0.0,0.0
2024-10-17 14:28:00-04:00,32.939998626708984,32.94990158081055,32.935001373291016,32.935001373291016,3655,0.0,0.0,0.0
2024-10-17 14:29:00-04:00,32.935001373291016,32.935001373291016,32.90999984741211,32.90999984741211,6420,0.0,0.0,0.0
2024-10-17 14:30:00-04:00,32.915000915527344,32.91999816894531,32.904998779296875,32.91999816894531,3237,0.0,0.0,0.0
2024-10-17 14:31:00-04:00,32.915000915527344,32.9297981262207,32.915000915527344,32.9297981262207,9707,0.0,0.0,0.0
2024-10-17 14:32:00-04:00,32.91210174560547,32.941001892089844,32.91210174560547,32.941001892089844,2814,0.0,0.0,0.0
2024-10-17 14:33:00-04:00,32.94499969482422,32.959999084472656,32.939998626708984,32.959999084472656,3561,0.0,0.0,0.0
2024-10-17 14:34:00-04:00,32.94990158081055,32.95000076293945,32.94499969482422,32.946781158447266,1985,0.0,0.0,0.0
2024-10-17 14:35:00-04:00,32.94499969482422,32.95000076293945,32.91999816894531,32.93000030517578,6893,0.0,0.0,0.0
2024-10-17 14:36:00-04:00,32.92499923706055,32.92499923706055,32.87009811401367,32.8849983215332,13681,0.0,0.0,0.0
2024-10-17 14:37:00-04:00,32.88990020751953,32.88999938964844,32.87889862060547,32.88999938964844,10214,0.0,0.0,0.0
2024-10-17 14:38:00-04:00,32.88010025024414,32.88999938964844,32.88010025024414,32.8849983215332,3808,0.0,0.0,0.0
2024-10-17 14:39:00-04:00,32.8849983215332,32.90999984741211,32.8849983215332,32.90999984741211,8069,0.0,0.0,0.0
2024-10-17 14:40:00-04:00,32.900001525878906,32.904998779296875,32.880001068115234,32.88999938964844,14120,0.0,0.0,0.0
2024-10-17 14:41:00-04:00,32.880001068115234,32.88999938964844,32.875,32.8849983215332,2886,0.0,0.0,0.0
2024-10-17 14:42:00-04:00,32.88999938964844,32.90999984741211,32.8849983215332,32.904998779296875,6241,0.0,0.0,0.0
2024-10-17 14:43:00-04:00,32.904998779296875,32.93000030517578,32.904998779296875,32.93000030517578,2059,0.0,0.0,0.0
2024-10-17 14:44:00-04:00,32.9296989440918,32.93000030517578,32.92490005493164,32.92499923706055,1816,0.0,0.0,0.0
2024-10-17 14:45:00-04:00,32.92499923706055,32.92890167236328,32.90999984741211,32.915000915527344,3220,0.0,0.0,0.0
2024-10-17 14:46:00-04:00,32.915000915527344,32.935001373291016,32.915000915527344,32.935001373291016,4890,0.0,0.0,0.0
2024-10-17 14:47:00-04:00,32.94150161743164,32.95500183105469,32.93000030517578,32.95500183105469,2109,0.0,0.0,0.0
2024-10-17 14:48:00-04:00,32.95000076293945,33.0,32.95000076293945,32.9900016784668,16440,0.0,0.0,0.0
2024-10-17 14:49:00-04:00,32.994998931884766,32.994998931884766,32.979698181152344,32.994998931884766,2900,0.0,0.0,0.0
2024-10-17 14:50:00-04:00,32.999900817871094,33.0,32.96500015258789,32.96500015258789,7830,0.0,0.0,0.0
2024-10-17 14:51:00-04:00,32.96500015258789,32.96500015258789,32.95000076293945,32.95000076293945,3588,0.0,0.0,0.0
2024-10-17 14:52:00-04:00,32.939998626708984,32.959999084472656,32.939998626708984,32.959999084472656,5350,0.0,0.0,0.0
2024-10-17 14:53:00-04:00,32.970001220703125,32.97999954223633,32.969200134277344,32.969200134277344,2258,0.0,0.0,0.0
2024-10-17 14:54:00-04:00,32.96500015258789,32.96500015258789,32.96070098876953,32.96500015258789,1514,0.0,0.0,0.0
2024-10-17 14:55:00-04:00,32.970001220703125,32.970001220703125,32.935001373291016,32.935001373291016,8175,0.0,0.0,0.0
2024-10-17 14:56:00-04:00,32.939998626708984,32.95600128173828,32.935001373291016,32.95600128173828,6281,0.0,0.0,0.0
2024-10-17 14:57:00-04:00,32.95000076293945,32.97999954223633,32.95000076293945,32.97999954223633,2131,0.0,0.0,0.0
2024-10-17 14:58:00-04:00,32.974998474121094,32.97999954223633,32.96229934692383,32.96229934692383,7361,0.0,0.0,0.0
2024-10-17 14:59:00-04:00,32.959999084472656,32.970001220703125,32.959999084472656,32.959999084472656,2950,0.0,0.0,0.0
2024-10-17 15:00:00-04:00,32.96500015258789,32.96500015258789,32.93989944458008,32.96009826660156,5126,0.0,0.0,0.0
2024-10-17 15:01:00-04:00,32.959999084472656,32.959999084472656,32.92720031738281,32.939998626708984,1855,0.0,0.0,0.0
2024-10-17 15:02:00-04:00,32.93000030517578,32.935001373291016,32.92499923706055,32.93000030517578,4289,0.0,0.0,0.0
2024-10-17 15:03:00-04:00,32.935001373291016,32.95500183105469,32.93149948120117,32.95000076293945,4096,0.0,0.0,0.0
2024-10-17 15:04:00-04:00,32.94889831542969,32.94889831542969,32.935001373291016,32.93629837036133,2004,0.0,0.0,0.0
2024-10-17 15:05:00-04:00,32.935001373291016,32.959999084472656,32.935001373291016,32.94499969482422,4385,0.0,0.0,0.0
2024-10-17 15:06:00-04:00,32.94499969482422,32.94499969482422,32.90999984741211,32.90999984741211,12013,0.0,0.0,0.0
2024-10-17 15:07:00-04:00,32.90999984741211,32.91999816894531,32.90660095214844,32.915000915527344,2793,0.0,0.0,0.0
2024-10-17 15:08:00-04:00,32.915000915527344,32.94499969482422,32.915000915527344,32.939998626708984,5409,0.0,0.0,0.0
2024-10-17 15:09:00-04:00,32.94499969482422,32.959999084472656,32.939998626708984,32.94499969482422,3443,0.0,0.0,0.0
2024-10-17 15:10:00-04:00,32.94499969482422,32.94499969482422,32.92499923706055,32.92499923706055,6254,0.0,0.0,0.0
2024-10-17 15:11:00-04:00,32.92499923706055,32.94990158081055,32.92499923706055,32.94499969482422,5309,0.0,0.0,0.0
2024-10-17 15:12:00-04:00,32.94499969482422,32.959999084472656,32.94499969482422,32.95000076293945,2345,0.0,0.0,0.0
2024-10-17 15:13:00-04:00,32.94499969482422,32.94601821899414,32.92499923706055,32.92499923706055,4675,0.0,0.0,0.0
2024-10-17 15:14:00-04:00,32.91999816894531,32.91999816894531,32.904998779296875,32.915000915527344,5528,0.0,0.0,0.0
2024-10-17 15:15:00-04:00,32.91999816894531,32.93000030517578,32.915000915527344,32.93000030517578,4780,0.0,0.0,0.0
2024-10-17 15:16:00-04:00,32.915000915527344,32.91999816894531,32.90999984741211,32.915000915527344,3645,0.0,0.0,0.0
2024-10-17 15:17:00-04:00,32.91999816894531,32.95000076293945,32.915000915527344,32.92250061035156,11542,0.0,0.0,0.0
2024-10-17 15:18:00-04:00,32.92499923706055,32.939998626708984,32.920101165771484,32.920101165771484,12294,0.0,0.0,0.0
2024-10-17 15:19:00-04:00,32.93000030517578,32.959999084472656,32.93000030517578,32.959999084472656,7765,0.0,0.0,0.0
2024-10-17 15:20:00-04:00,32.95500183105469,32.97999954223633,32.95000076293945,32.95500183105469,10645,0.0,0.0,0.0
2024-10-17 15:21:00-04:00,32.948699951171875,32.948699951171875,32.93009948730469,32.935001373291016,2633,0.0,0.0,0.0
2024-10-17 15:22:00-04:00,32.935001373291016,32.935001373291016,32.904998779296875,32.904998779296875,3427,0.0,0.0,0.0
2024-10-17 15:23:00-04:00,32.904998779296875,32.91999816894531,32.904998779296875,32.90999984741211,5284,0.0,0.0,0.0
2024-10-17 15:24:00-04:00,32.915000915527344,32.92499923706055,32.900001525878906,32.900001525878906,2988,0.0,0.0,0.0
2024-10-17 15:25:00-04:00,32.904998779296875,32.91999816894531,32.900001525878906,32.915000915527344,6924,0.0,0.0,0.0
2024-10-17 15:26:00-04:00,32.915000915527344,32.915000915527344,32.88999938964844,32.900001525878906,8740,0.0,0.0,0.0
2024-10-17 15:27:00-04:00,32.88999938964844,32.904998779296875,32.86000061035156,32.8650016784668,13028,0.0,0.0,0.0
2024-10-17 15:28:00-04:00,32.869998931884766,32.88999938964844,32.864498138427734,32.88999938964844,7957,0.0,0.0,0.0
2024-10-17 15:29:00-04:00,32.8849983215332,32.8849983215332,32.85499954223633,32.86000061035156,5593,0.0,0.0,0.0
2024-10-17 15:30:00-04:00,32.850101470947266,32.85499954223633,32.79999923706055,32.80500030517578,11009,0.0,0.0,0.0
2024-10-17 15:31:00-04:00,32.79999923706055,32.80500030517578,32.76499938964844,32.790000915527344,19021,0.0,0.0,0.0
2024-10-17 15:32:00-04:00,32.790000915527344,32.810001373291016,32.78499984741211,32.810001373291016,8594,0.0,0.0,0.0
2024-10-17 15:33:00-04:00,32.810001373291016,32.81999969482422,32.78499984741211,32.78499984741211,6960,0.0,0.0,0.0
2024-10-17 15:34:00-04:00,32.790000915527344,32.79990005493164,32.78499984741211,32.79499816894531,5417,0.0,0.0,0.0
2024-10-17 15:35:00-04:00,32.79499816894531,32.79499816894531,32.7400016784668,32.755001068115234,9869,0.0,0.0,0.0
2024-10-17 15:36:00-04:00,32.7599983215332,32.779998779296875,32.7599983215332,32.775001525878906,4887,0.0,0.0,0.0
2024-10-17 15:37:00-04:00,32.775001525878906,32.790000915527344,32.76499938964844,32.76499938964844,11334,0.0,0.0,0.0
2024-10-17 15:38:00-04:00,32.7599983215332,32.7599983215332,32.720001220703125,32.75,8015,0.0,0.0,0.0
2024-10-17 15:39:00-04:00,32.75,32.75,32.74140167236328,32.75,11272,0.0,0.0,0.0
2024-10-17 15:40:00-04:00,32.755001068115234,32.779998779296875,32.75,32.779998779296875,8638,0.0,0.0,0.0
2024-10-17 15:41:00-04:00,32.79499816894531,32.80500030517578,32.779998779296875,32.79499816894531,11693,0.0,0.0,0.0
2024-10-17 15:42:00-04:00,32.775001525878906,32.79999923706055,32.7599983215332,32.77000045776367,30939,0.0,0.0,0.0
2024-10-17 15:43:00-04:00,32.76499938964844,32.76499938964844,32.7400016784668,32.755001068115234,7773,0.0,0.0,0.0
2024-10-17 15:44:00-04:00,32.7599983215332,32.790000915527344,32.7599983215332,32.77000045776367,21632,0.0,0.0,0.0
2024-10-17 15:45:00-04:00,32.7599983215332,32.79999923706055,32.7599983215332,32.775001525878906,31853,0.0,0.0,0.0
2024-10-17 15:46:00-04:00,32.77000045776367,32.775001525878906,32.73500061035156,32.73500061035156,11970,0.0,0.0,0.0
2024-10-17 15:47:00-04:00,32.72999954223633,32.73500061035156,32.709999084472656,32.71500015258789,8828,0.0,0.0,0.0
2024-10-17 15:48:00-04:00,32.720001220703125,32.739898681640625,32.71500015258789,32.720001220703125,12735,0.0,0.0,0.0
2024-10-17 15:49:00-04:00,32.724998474121094,32.72990036010742,32.70000076293945,32.70029830932617,15778,0.0,0.0,0.0
2024-10-17 15:50:00-04:00,32.70000076293945,32.720001220703125,32.65999984741211,32.665000915527344,211461,0.0,0.0,0.0
2024-10-17 15:51:00-04:00,32.65999984741211,32.68000030517578,32.65010070800781,32.654998779296875,41726,0.0,0.0,0.0
2024-10-17 15:52:00-04:00,32.6505012512207,32.65999984741211,32.650001525878906,32.654998779296875,8159,0.0,0.0,0.0
2024-10-17 15:53:00-04:00,32.65399169921875,32.67499923706055,32.65399169921875,32.670101165771484,19661,0.0,0.0,0.0
2024-10-17 15:54:00-04:00,32.67499923706055,32.689998626708984,32.674400329589844,32.685001373291016,13603,0.0,0.0,0.0
2024-10-17 15:55:00-04:00,32.68000030517578,32.689998626708984,32.68000030517578,32.685001373291016,17288,0.0,0.0,0.0
2024-10-17 15:56:00-04:00,32.685001373291016,32.720001220703125,32.68000030517578,32.69499969482422,38548,0.0,0.0,0.0
2024-10-17 15:57:00-04:00,32.69990158081055,32.70000076293945,32.68000030517578,32.685001373291016,18209,0.0,0.0,0.0
2024-10-17 15:58:00-04:00,32.685001373291016,32.72999954223633,32.68000030517578,32.70500183105469,33597,0.0,0.0,0.0
2024-10-17 15:59:00-04:00,32.70500183105469,32.73500061035156,32.70000076293945,32.70000076293945,31926,0.0,0.0,0.0
2024-10-18 09:30:00-04:00,33.0,33.0,32.650001525878906,32.650001525878906,117075,0.0,0.0,0.0
2024-10-18 09:31:00-04:00,32.67499923706055,32.689998626708984,32.5099983215332,32.538299560546875,28963,0.0,0.0,0.0
2024-10-18 09:32:00-04:00,32.52000045776367,32.689998626708984,32.52000045776367,32.619998931884766,12179,0.0,0.0,0.0
2024-10-18 09:33:00-04:00,32.650001525878906,32.650001525878906,32.564998626708984,32.564998626708984,14504,0.0,0.0,0.0
2024-10-18 09:34:00-04:00,32.54999923706055,32.599998474121094,32.54999923706055,32.54999923706055,14802,0.0,0.0,0.0
2024-10-18 09:35:00-04:00,32.540000915527344,32.619998931884766,32.5,32.60200119018555,21861,0.0,0.0,0.0
2024-10-18 09:36:00-04:00,32.6349983215332,32.689998626708984,32.61000061035156,32.68000030517578,18624,0.0,0.0,0.0
2024-10-18 09:37:00-04:00,32.689998626708984,32.689998626708984,32.54999923706055,32.630001068115234,72399,0.0,0.0,0.0
2024-10-18 09:38:00-04:00,32.650001525878906,32.68000030517578,32.61000061035156,32.66419982910156,8759,0.0,0.0,0.0
2024-10-18 09:39:00-04:00,32.6797981262207,32.6797981262207,32.59000015258789,32.59000015258789,30338,0.0,0.0,0.0
2024-10-18 09:40:00-04:00,32.59000015258789,32.650001525878906,32.58000183105469,32.599998474121094,54533,0.0,0.0,0.0
2024-10-18 09:41:00-04:00,32.599998474121094,32.63999938964844,32.55630111694336,32.630001068115234,15479,0.0,0.0,0.0
2024-10-18 09:42:00-04:00,32.65999984741211,32.689998626708984,32.625,32.65999984741211,12837,0.0,0.0,0.0
2024-10-18 09:43:00-04:00,32.65999984741211,32.70000076293945,32.650001525878906,32.689998626708984,10273,0.0,0.0,0.0
2024-10-18 09:44:00-04:00,32.675201416015625,32.75,32.66999816894531,32.75,13566,0.0,0.0,0.0
2024-10-18 09:45:00-04:00,32.720001220703125,32.720001220703125,32.720001220703125,32.720001220703125,17219,0.0,0.0,0.0
2024-10-18 09:46:00-04:00,32.709999084472656,32.75,32.709999084472656,32.72999954223633,7249,0.0,0.0,0.0
2024-10-18 09:47:00-04:00,32.72999954223633,32.7599983215332,32.72999954223633,32.7599983215332,28364,0.0,0.0,0.0
2024-10-18 09:48:00-04:00,32.7599983215332,32.849998474121094,32.7599983215332,32.83000183105469,11886,0.0,0.0,0.0
2024-10-18 09:49:00-04:00,32.830101013183594,32.849998474121094,32.779998779296875,32.779998779296875,4608,0.0,0.0,0.0
2024-10-18 09:50:00-04:00,32.78499984741211,32.86000061035156,32.78499984741211,32.81999969482422,22415,0.0,0.0,0.0
2024-10-18 09:51:00-04:00,32.81990051269531,32.869998931884766,32.81990051269531,32.84000015258789,19345,0.0,0.0,0.0
2024-10-18 09:52:00-04:00,32.8473014831543,32.87900161743164,32.8473014831543,32.875,9139,0.0,0.0,0.0
2024-10-18 09:53:00-04:00,32.875,32.89500045776367,32.86000061035156,32.880001068115234,12077,0.0,0.0,0.0
2024-10-18 09:54:00-04:00,32.880001068115234,32.880001068115234,32.8036994934082,32.81999969482422,11219,0.0,0.0,0.0
2024-10-18 09:55:00-04:00,32.81999969482422,32.84000015258789,32.79999923706055,32.80500030517578,18173,0.0,0.0,0.0
2024-10-18 09:56:00-04:00,32.81999969482422,32.900001525878906,32.81880187988281,32.880699157714844,9243,0.0,0.0,0.0
2024-10-18 09:57:00-04:00,32.88999938964844,32.93000030517578,32.88999938964844,32.93000030517578,16598,0.0,0.0,0.0
2024-10-18 09:58:00-04:00,32.90999984741211,32.9297981262207,32.90999984741211,32.9297981262207,6856,0.0,0.0,0.0
2024-10-18 09:59:00-04:00,32.91999816894531,32.92110061645508,32.88999938964844,32.88999938964844,3289,0.0,0.0,0.0
2024-10-18 10:00:00-04:00,32.90999984741211,32.90999984741211,32.849998474121094,32.880001068115234,6922,0.0,0.0,0.0
2024-10-18 10:01:00-04:00,32.900001525878906,32.999900817871094,32.900001525878906,32.940101623535156,12575,0.0,0.0,0.0
2024-10-18 10:02:00-04:00,32.9900016784668,33.0,32.959999084472656,33.0,14315,0.0,0.0,0.0
2024-10-18 10:03:00-04:00,33.0,33.0,32.98659896850586,32.9900016784668,9557,0.0,0.0,0.0
2024-10-18 10:04:00-04:00,32.994998931884766,33.0,32.970001220703125,32.97999954223633,16999,0.0,0.0,0.0
2024-10-18 10:05:00-04:00,33.0,33.005001068115234,32.97760009765625,32.9900016784668,8584,0.0,0.0,0.0
2024-10-18 10:06:00-04:00,32.97999954223633,33.0,32.96009826660156,32.999900817871094,7863,0.0,0.0,0.0
2024-10-18 10:07:00-04:00,33.0,33.0099983215332,32.9900016784668,33.0,39331,0.0,0.0,0.0
2024-10-18 10:08:00-04:00,33.0,33.0,32.9900016784668,33.0,7587,0.0,0.0,0.0
2024-10-18 10:09:00-04:00,32.999900817871094,33.005001068115234,32.994998931884766,33.0,56236,0.0,0.0,0.0
2024-10-18 10:10:00-04:00,33.0,33.0,32.939998626708984,32.989898681640625,9352,0.0,0.0,0.0
2024-10-18 10:11:00-04:00,32.9900016784668,32.9900016784668,32.90999984741211,32.910099029541016,3531,0.0,0.0,0.0
2024-10-18 10:12:00-04:00,32.90999984741211,32.9119987487793,32.88999938964844,32.88999938964844,7666,0.0,0.0,0.0
2024-10-18 10:13:00-04:00,32.89120101928711,32.919700622558594,32.88010025024414,32.900001525878906,3937,0.0,0.0,0.0
2024-10-18 10:14:00-04:00,32.88999938964844,32.88999938964844,32.86000061035156,32.87310028076172,4589,0.0,0.0,0.0
2024-10-18 10:15:00-04:00,32.88999938964844,32.90999984741211,32.88999938964844,32.89246368408203,1794,0.0,0.0,0.0
2024-10-18 10:16:00-04:00,32.88999938964844,32.96500015258789,32.869998931884766,32.962501525878906,15717,0.0,0.0,0.0
2024-10-18 10:17:00-04:00,32.959999084472656,32.970001220703125,32.939998626708984,32.95000076293945,5816,0.0,0.0,0.0
2024-10-18 10:18:00-04:00,32.96120071411133,32.96500015258789,32.91999816894531,32.93000030517578,2207,0.0,0.0,0.0
2024-10-18 10:19:00-04:00,32.921600341796875,32.935001373291016,32.90999984741211,32.91999816894531,1651,0.0,0.0,0.0
2024-10-18 10:20:00-04:00,32.90999984741211,32.97999954223633,32.90800094604492,32.97999954223633,2792,0.0,0.0,0.0
2024-10-18 10:21:00-04:00,32.97999954223633,33.0,32.974998474121094,32.994998931884766,12772,0.0,0.0,0.0
2024-10-18 10:22:00-04:00,33.0,33.0,32.9900016784668,32.9900016784668,9891,0.0,0.0,0.0
2024-10-18 10:23:00-04:00,32.9900016784668,33.0,32.97999954223633,32.9900016784668,13415,0.0,0.0,0.0
2024-10-18 10:24:00-04:00,32.9900016784668,33.0,32.97209930419922,32.977699279785156,10785,0.0,0.0,0.0
2024-10-18 10:25:00-04:00,32.97999954223633,33.0,32.974998474121094,32.974998474121094,9371,0.0,0.0,0.0
2024-10-18 10:26:00-04:00,32.97999954223633,33.0,32.97999954223633,32.994998931884766,13819,0.0,0.0,0.0
2024-10-18 10:27:00-04:00,33.0,33.0,32.994998931884766,33.0,8662,0.0,0.0,0.0
2024-10-18 10:28:00-04:00,32.9900016784668,33.0,32.970001220703125,32.97999954223633,14194,0.0,0.0,0.0
2024-10-18 10:29:00-04:00,32.97999954223633,33.0,32.970001220703125,32.9900016784668,4656,0.0,0.0,0.0
2024-10-18 10:30:00-04:00,32.994998931884766,33.005001068115234,32.974998474121094,32.97999954223633,15105,0.0,0.0,0.0
2024-10-18 10:31:00-04:00,32.97480010986328,33.0,32.97480010986328,32.994998931884766,5689,0.0,0.0,0.0
2024-10-18 10:32:00-04:00,33.0,33.02000045776367,32.994998931884766,33.01499938964844,34648,0.0,0.0,0.0
2024-10-18 10:33:00-04:00,33.03329849243164,33.03329849243164,33.03329849243164,33.03329849243164,9327,0.0,0.0,0.0
2024-10-18 10:34:00-04:00,33.04499816894531,33.04499816894531,33.025001525878906,33.025001525878906,2634,0.0,0.0,0.0
2024-10-18 10:35:00-04:00,33.025001525878906,33.025001525878906,33.0010986328125,33.005001068115234,2691,0.0,0.0,0.0
2024-10-18 10:36:00-04:00,33.005001068115234,33.029998779296875,33.0,33.0,3729,0.0,0.0,0.0
2024-10-18 10:37:00-04:00,32.994998931884766,33.02000045776367,32.974998474121094,33.0099983215332,9085,0.0,0.0,0.0
2024-10-18 10:38:00-04:00,33.0099983215332,33.0099983215332,32.97999954223633,33.0,5363,0.0,0.0,0.0
2024-10-18 10:39:00-04:00,32.9900016784668,33.0,32.970001220703125,32.9900016784668,6400,0.0,0.0,0.0
2024-10-18 10:40:00-04:00,33.0,33.029998779296875,33.0,33.02899932861328,2375,0.0,0.0,0.0
2024-10-18 10:41:00-04:00,33.025001525878906,33.04999923706055,33.02410125732422,33.040000915527344,13500,0.0,0.0,0.0
2024-10-18 10:42:00-04:00,33.04999923706055,33.079898834228516,33.040000915527344,33.07500076293945,8545,0.0,0.0,0.0
2024-10-18 10:43:00-04:00,33.07500076293945,33.09000015258789,33.060001373291016,33.08000183105469,14984,0.0,0.0,0.0
2024-10-18 10:44:00-04:00,33.09000015258789,33.10499954223633,33.084999084472656,33.099998474121094,14231,0.0,0.0,0.0
2024-10-18 10:45:00-04:00,33.095001220703125,33.13999938964844,33.095001220703125,33.12009811401367,7282,0.0,0.0,0.0
2024-10-18 10:46:00-04:00,33.119998931884766,33.130001068115234,33.095001220703125,33.099998474121094,5113,0.0,0.0,0.0
2024-10-18 10:47:00-04:00,33.09000015258789,33.108001708984375,33.06999969482422,33.10499954223633,5028,0.0,0.0,0.0
2024-10-18 10:48:00-04:00,33.114200592041016,33.130001068115234,33.10070037841797,33.10499954223633,6447,0.0,0.0,0.0
2024-10-18 10:49:00-04:00,33.125,33.15999984741211,33.125,33.130001068115234,6771,0.0,0.0,0.0
2024-10-18 10:50:00-04:00,33.130001068115234,33.13999938964844,33.111698150634766,33.130001068115234,10105,0.0,0.0,0.0
2024-10-18 10:51:00-04:00,33.12839889526367,33.130001068115234,33.100101470947266,33.119998931884766,6774,0.0,0.0,0.0
2024-10-18 10:52:00-04:00,33.11000061035156,33.125,33.081298828125,33.09000015258789,4278,0.0,0.0,0.0
2024-10-18 10:53:00-04:00,33.0880012512207,33.11000061035156,33.070701599121094,33.084999084472656,25317,0.0,0.0,0.0
2024-10-18 10:54:00-04:00,33.08000183105469,33.08000183105469,33.08000183105469,33.08000183105469,100,0.0,0.0,0.0
2024-10-18 10:55:00-04:00,33.029998779296875,33.029998779296875,33.02000045776367,33.029998779296875,19605,0.0,0.0,0.0
2024-10-18 10:56:00-04:00,33.02000045776367,33.040000915527344,33.0099983215332,33.03499984741211,3349,0.0,0.0,0.0
2024-10-18 10:57:00-04:00,33.059898376464844,33.059898376464844,33.040000915527344,33.04499816894531,2347,0.0,0.0,0.0
2024-10-18 10:58:00-04:00,33.04999923706055,33.07500076293945,33.04499816894531,33.060001373291016,3188,0.0,0.0,0.0
2024-10-18 10:59:00-04:00,33.060001373291016,33.06999969482422,33.040000915527344,33.040000915527344,1609,0.0,0.0,0.0
2024-10-18 11:00:00-04:00,33.029998779296875,33.05500030517578,33.029998779296875,33.04999923706055,5844,0.0,0.0,0.0
2024-10-18 11:01:00-04:00,33.04999923706055,33.060001373291016,33.0349006652832,33.0349006652832,7668,0.0,0.0,0.0
2024-10-18 11:02:00-04:00,33.029998779296875,33.040000915527344,33.010101318359375,33.02000045776367,12476,0.0,0.0,0.0
2024-10-18 11:03:00-04:00,33.0099983215332,33.03499984741211,33.0099983215332,33.029998779296875,2056,0.0,0.0,0.0
2024-10-18 11:04:00-04:00,33.025001525878906,33.029998779296875,33.0099983215332,33.0099983215332,2615,0.0,0.0,0.0
2024-10-18 11:05:00-04:00,33.0098991394043,33.02000045776367,32.97209930419922,33.0,16959,0.0,0.0,0.0
2024-10-18 11:06:00-04:00,32.9900016784668,33.0,32.959999084472656,32.97999954223633,8345,0.0,0.0,0.0
2024-10-18 11:07:00-04:00,32.98939895629883,32.9900016784668,32.97999954223633,32.97999954223633,4312,0.0,0.0,0.0
2024-10-18 11:08:00-04:00,32.97999954223633,33.00899887084961,32.974998474121094,33.0005989074707,3554,0.0,0.0,0.0
2024-10-18 11:09:00-04:00,33.029998779296875,33.029998779296875,33.02000045776367,33.025001525878906,1287,0.0,0.0,0.0
2024-10-18 11:10:00-04:00,33.025001525878906,33.04010009765625,33.02000045776367,33.02000045776367,23303,0.0,0.0,0.0
2024-10-18 11:11:00-04:00,33.02000045776367,33.04990005493164,33.02000045776367,33.029998779296875,7559,0.0,0.0,0.0
2024-10-18 11:12:00-04:00,33.029998779296875,33.040000915527344,33.0,33.000099182128906,5677,0.0,0.0,0.0
2024-10-18 11:13:00-04:00,33.0099983215332,33.01499938964844,33.0,33.005001068115234,1859,0.0,0.0,0.0
2024-10-18 11:14:00-04:00,33.0099983215332,33.02000045776367,33.000099182128906,33.02000045776367,3617,0.0,0.0,0.0
2024-10-18 11:15:00-04:00,33.0099983215332,33.02000045776367,32.9900016784668,33.02000045776367,7859,0.0,0.0,0.0
2024-10-18 11:16:00-04:00,33.01240158081055,33.029998779296875,33.0099983215332,33.029998779296875,4945,0.0,0.0,0.0
2024-10-18 11:17:00-04:00,33.02000045776367,33.04999923706055,33.02000045776367,33.0359992980957,9427,0.0,0.0,0.0
2024-10-18 11:18:00-04:00,33.040000915527344,33.060001373291016,33.040000915527344,33.05500030517578,7975,0.0,0.0,0.0
2024-10-18 11:19:00-04:00,33.06999969482422,33.084999084472656,33.060001373291016,33.06230163574219,6710,0.0,0.0,0.0
2024-10-18 11:20:00-04:00,33.06999969482422,33.06999969482422,33.029998779296875,33.040000915527344,5636,0.0,0.0,0.0
2024-10-18 11:21:00-04:00,33.029998779296875,33.04999923706055,33.02000045776367,33.04999923706055,5401,0.0,0.0,0.0
2024-10-18 11:22:00-04:00,33.051700592041016,33.06999969482422,33.04499816894531,33.04999923706055,4689,0.0,0.0,0.0
2024-10-18 11:23:00-04:00,33.04999923706055,33.060001373291016,33.047298431396484,33.060001373291016,2484,0.0,0.0,0.0
2024-10-18 11:24:00-04:00,33.060001373291016,33.060001373291016,33.05009841918945,33.055999755859375,6048,0.0,0.0,0.0
2024-10-18 11:25:00-04:00,33.05500030517578,33.060001373291016,33.040000915527344,33.04999923706055,9035,0.0,0.0,0.0
2024-10-18 11:26:00-04:00,33.04499816894531,33.04499816894531,33.034000396728516,33.040000915527344,2662,0.0,0.0,0.0
2024-10-18 11:27:00-04:00,33.040000915527344,33.04999923706055,33.029998779296875,33.029998779296875,1264,0.0,0.0,0.0
2024-10-18 11:28:00-04:00,33.040000915527344,33.040000915527344,33.029998779296875,33.029998779296875,2256,0.0,0.0,0.0
2024-10-18 11:29:00-04:00,33.03900146484375,33.04499816894531,33.0099983215332,33.0099983215332,4893,0.0,0.0,0.0
2024-10-18 11:30:00-04:00,33.01599884033203,33.02000045776367,32.97999954223633,33.0098991394043,10299,0.0,0.0,0.0
2024-10-18 11:31:00-04:00,33.002498626708984,33.002498626708984,32.90999984741211,32.959999084472656,23887,0.0,0.0,0.0
2024-10-18 11:32:00-04:00,32.959999084472656,32.98970031738281,32.959999084472656,32.96500015258789,3030,0.0,0.0,0.0
2024-10-18 11:33:00-04:00,32.96989822387695,32.970001220703125,32.939998626708984,32.959999084472656,6474,0.0,0.0,0.0
2024-10-18 11:34:00-04:00,32.95500183105469,32.97999954223633,32.95349884033203,32.974998474121094,3415,0.0,0.0,0.0
2024-10-18 11:35:00-04:00,32.97999954223633,33.005001068115234,32.97999954223633,32.994998931884766,1928,0.0,0.0,0.0
2024-10-18 11:36:00-04:00,33.00830078125,33.040000915527344,33.0,33.01530075073242,6724,0.0,0.0,0.0
2024-10-18 11:37:00-04:00,33.005001068115234,33.0099983215332,32.98500061035156,33.0,4262,0.0,0.0,0.0
2024-10-18 11:38:00-04:00,33.01890182495117,33.02000045776367,33.01890182495117,33.02000045776367,1561,0.0,0.0,0.0
2024-10-18 11:39:00-04:00,33.02000045776367,33.02989959716797,33.02000045776367,33.02000045776367,940,0.0,0.0,0.0
2024-10-18 11:40:00-04:00,33.029998779296875,33.04999923706055,33.029998779296875,33.04999923706055,16148,0.0,0.0,0.0
2024-10-18 11:41:00-04:00,33.06999969482422,33.08000183105469,33.064998626708984,33.064998626708984,7202,0.0,0.0,0.0
2024-10-18 11:42:00-04:00,33.060001373291016,33.11000061035156,33.060001373291016,33.11000061035156,8934,0.0,0.0,0.0
2024-10-18 11:43:00-04:00,33.11000061035156,33.11000061035156,33.097900390625,33.11000061035156,1794,0.0,0.0,0.0
2024-10-18 11:44:00-04:00,33.150001525878906,33.15999984741211,33.10390090942383,33.10499954223633,24136,0.0,0.0,0.0
2024-10-18 11:45:00-04:00,33.11000061035156,33.15999984741211,33.11000061035156,33.14500045776367,10379,0.0,0.0,0.0
2024-10-18 11:46:00-04:00,33.150001525878906,33.16557312011719,33.14739990234375,33.14739990234375,5540,0.0,0.0,0.0
2024-10-18 11:47:00-04:00,33.13999938964844,33.13999938964844,33.11000061035156,33.11000061035156,2084,0.0,0.0,0.0
2024-10-18 11:48:00-04:00,33.11000061035156,33.139801025390625,33.11000061035156,33.12990188598633,5780,0.0,0.0,0.0
2024-10-18 11:49:00-04:00,33.12009811401367,33.1349983215332,33.12009811401367,33.1349983215332,625,0.0,0.0,0.0
2024-10-18 11:50:00-04:00,33.150001525878906,33.150001525878906,33.1150016784668,33.119998931884766,4067,0.0,0.0,0.0
2024-10-18 11:51:00-04:00,33.11009979248047,33.130001068115234,33.11009979248047,33.125,1309,0.0,0.0,0.0
2024-10-18 11:52:00-04:00,33.125,33.130001068115234,33.119998931884766,33.125,6815,0.0,0.0,0.0
2024-10-18 11:53:00-04:00,33.119998931884766,33.12200164794922,33.11000061035156,33.1150016784668,4499,0.0,0.0,0.0
2024-10-18 11:54:00-04:00,33.119998931884766,33.130001068115234,33.11000061035156,33.125,8555,0.0,0.0,0.0
2024-10-18 11:55:00-04:00,33.130001068115234,33.130001068115234,33.130001068115234,33.130001068115234,259,0.0,0.0,0.0
2024-10-18 11:56:00-04:00,33.1349983215332,33.14500045776367,33.1349983215332,33.13999938964844,2596,0.0,0.0,0.0
2024-10-18 11:57:00-04:00,33.13999938964844,33.16999816894531,33.1349983215332,33.16999816894531,6141,0.0,0.0,0.0
2024-10-18 11:58:00-04:00,33.185001373291016,33.20000076293945,33.185001373291016,33.20000076293945,3312,0.0,0.0,0.0
2024-10-18 11:59:00-04:00,33.20000076293945,33.220001220703125,33.20000076293945,33.21989822387695,2522,0.0,0.0,0.0
2024-10-18 12:00:00-04:00,33.220001220703125,33.27000045776367,33.220001220703125,33.2598991394043,10493,0.0,0.0,0.0
2024-10-18 12:01:00-04:00,33.2599983215332,33.279998779296875,33.2599983215332,33.279998779296875,4176,0.0,0.0,0.0
2024-10-18 12:02:00-04:00,33.290000915527344,33.31999969482422,33.279998779296875,33.31999969482422,18995,0.0,0.0,0.0
2024-10-18 12:03:00-04:00,33.31999969482422,33.329898834228516,33.316001892089844,33.329898834228516,2522,0.0,0.0,0.0
2024-10-18 12:04:00-04:00,33.33000183105469,33.33000183105469,33.31010055541992,33.314998626708984,8610,0.0,0.0,0.0
2024-10-18 12:05:00-04:00,33.310001373291016,33.3650016784668,33.30350112915039,33.3650016784668,8986,0.0,0.0,0.0
2024-10-18 12:06:00-04:00,33.37990188598633,33.38999938964844,33.36000061035156,33.375,12661,0.0,0.0,0.0
2024-10-18 12:07:00-04:00,33.375,33.399898529052734,33.375,33.39500045776367,8019,0.0,0.0,0.0
2024-10-18 12:08:00-04:00,33.400001525878906,33.43000030517578,33.39500045776367,33.41999816894531,9553,0.0,0.0,0.0
2024-10-18 12:09:00-04:00,33.41999816894531,33.4900016784668,33.41999816894531,33.4900016784668,46576,0.0,0.0,0.0
2024-10-18 12:10:00-04:00,33.5,33.5,33.459999084472656,33.459999084472656,1752125,0.0,0.0,0.0
2024-10-18 12:11:00-04:00,33.45199966430664,33.47999954223633,33.45000076293945,33.4651985168457,10066,0.0,0.0,0.0
2024-10-18 12:12:00-04:00,33.470001220703125,33.471099853515625,33.439998626708984,33.44169998168945,7983,0.0,0.0,0.0
2024-10-18 12:13:00-04:00,33.44969940185547,33.459999084472656,33.40999984741211,33.40999984741211,5612,0.0,0.0,0.0
2024-10-18 12:14:00-04:00,33.41999816894531,33.459999084472656,33.41999816894531,33.45249938964844,14207,0.0,0.0,0.0
2024-10-18 12:15:00-04:00,33.45249938964844,33.47999954223633,33.43000030517578,33.43000030517578,11769,0.0,0.0,0.0
2024-10-18 12:16:00-04:00,33.43000030517578,33.44900131225586,33.43000030517578,33.43190002441406,26115,0.0,0.0,0.0
2024-10-18 12:17:00-04:00,33.43090057373047,33.45249938964844,33.43090057373047,33.45000076293945,32900,0.0,0.0,0.0
2024-10-18 12:18:00-04:00,33.45000076293945,33.47999954223633,33.45000076293945,33.46009826660156,27222,0.0,0.0,0.0
2024-10-18 12:19:00-04:00,33.459999084472656,33.47999954223633,33.459999084472656,33.47999954223633,7981,0.0,0.0,0.0
2024-10-18 12:20:00-04:00,33.48500061035156,33.4900016784668,33.47999954223633,33.4900016784668,10839,0.0,0.0,0.0
2024-10-18 12:21:00-04:00,33.494998931884766,33.5,33.4901008605957,33.49290084838867,2782,0.0,0.0,0.0
2024-10-18 12:22:00-04:00,33.5,33.53499984741211,33.5,33.5099983215332,46541,0.0,0.0,0.0
2024-10-18 12:23:00-04:00,33.5099983215332,33.54499816894531,33.5099983215332,33.519901275634766,15631,0.0,0.0,0.0
2024-10-18 12:24:00-04:00,33.52000045776367,33.525001525878906,33.50400161743164,33.52000045776367,8517,0.0,0.0,0.0
2024-10-18 12:25:00-04:00,33.52000045776367,33.52000045776367,33.45009994506836,33.45009994506836,5357,0.0,0.0,0.0
2024-10-18 12:26:00-04:00,33.470001220703125,33.470001220703125,33.44200134277344,33.459999084472656,14997,0.0,0.0,0.0
2024-10-18 12:27:00-04:00,33.45000076293945,33.459999084472656,33.40999984741211,33.40999984741211,11922,0.0,0.0,0.0
2024-10-18 12:28:00-04:00,33.41669845581055,33.430301666259766,33.369998931884766,33.38249969482422,23189,0.0,0.0,0.0
2024-10-18 12:29:00-04:00,33.38999938964844,33.40999984741211,33.380001068115234,33.380001068115234,5817,0.0,0.0,0.0
2024-10-18 12:30:00-04:00,33.375,33.37990188598633,33.334999084472656,33.342491149902344,17255,0.0,0.0,0.0
2024-10-18 12:31:00-04:00,33.349998474121094,33.349998474121094,33.3400993347168,33.34640121459961,8793,0.0,0.0,0.0
2024-10-18 12:32:00-04:00,33.3400993347168,33.354000091552734,33.33000183105469,33.33000183105469,5816,0.0,0.0,0.0
2024-10-18 12:33:00-04:00,33.32500076293945,33.349998474121094,33.31999969482422,33.349998474121094,16982,0.0,0.0,0.0
2024-10-18 12:34:00-04:00,33.349998474121094,33.40999984741211,33.34989929199219,33.400001525878906,3708,0.0,0.0,0.0
2024-10-18 12:35:00-04:00,33.400001525878906,33.45000076293945,33.400001525878906,33.45000076293945,8583,0.0,0.0,0.0
2024-10-18 12:36:00-04:00,33.459999084472656,33.459999084472656,33.41999816894531,33.41999816894531,8443,0.0,0.0,0.0
2024-10-18 12:37:00-04:00,33.43989944458008,33.43989944458008,33.410099029541016,33.415000915527344,11603,0.0,0.0,0.0
2024-10-18 12:38:00-04:00,33.41999816894531,33.459999084472656,33.41999816894531,33.45009994506836,4995,0.0,0.0,0.0
2024-10-18 12:39:00-04:00,33.455101013183594,33.470001220703125,33.439998626708984,33.439998626708984,3717,0.0,0.0,0.0
2024-10-18 12:40:00-04:00,33.439998626708984,33.45000076293945,33.439998626708984,33.44070053100586,3330,0.0,0.0,0.0
2024-10-18 12:41:00-04:00,33.440101623535156,33.45000076293945,33.439998626708984,33.4452018737793,4823,0.0,0.0,0.0
2024-10-18 12:42:00-04:00,33.44499969482422,33.45500183105469,33.439998626708984,33.45500183105469,2853,0.0,0.0,0.0
2024-10-18 12:43:00-04:00,33.45000076293945,33.47999954223633,33.45000076293945,33.47999954223633,2109,0.0,0.0,0.0
2024-10-18 12:44:00-04:00,33.470001220703125,33.491798400878906,33.470001220703125,33.491798400878906,1242,0.0,0.0,0.0
2024-10-18 12:45:00-04:00,33.5,33.5,33.48500061035156,33.497501373291016,5857,0.0,0.0,0.0
2024-10-18 12:46:00-04:00,33.4900016784668,33.5,33.4900016784668,33.5,1075,0.0,0.0,0.0
2024-10-18 12:47:00-04:00,33.5,33.529998779296875,33.5,33.5276985168457,5993,0.0,0.0,0.0
2024-10-18 12:48:00-04:00,33.525001525878906,33.540000915527344,33.52000045776367,33.540000915527344,2080,0.0,0.0,0.0
2024-10-18 12:49:00-04:00,33.540000915527344,33.540000915527344,33.538700103759766,33.540000915527344,2584,0.0,0.0,0.0
2024-10-18 12:50:00-04:00,33.540000915527344,33.54069900512695,33.510101318359375,33.52000045776367,4450,0.0,0.0,0.0
2024-10-18 12:51:00-04:00,33.52000045776367,33.52000045776367,33.4900016784668,33.5,6900,0.0,0.0,0.0
2024-10-18 12:52:00-04:00,33.494998931884766,33.540000915527344,33.494998931884766,33.529998779296875,12647,0.0,0.0,0.0
2024-10-18 12:53:00-04:00,33.507999420166016,33.5099983215332,33.4900016784668,33.5,4737,0.0,0.0,0.0
2024-10-18 12:54:00-04:00,33.5,33.5099983215332,33.4900016784668,33.4900016784668,7377,0.0,0.0,0.0
2024-10-18 12:55:00-04:00,33.5,33.529998779296875,33.5,33.529998779296875,7569,0.0,0.0,0.0
2024-10-18 12:56:00-04:00,33.52000045776367,33.56999969482422,33.52000045776367,33.54499816894531,11599,0.0,0.0,0.0
2024-10-18 12:57:00-04:00,33.54800033569336,33.58000183105469,33.540000915527344,33.56999969482422,9114,0.0,0.0,0.0
2024-10-18 12:58:00-04:00,33.570098876953125,33.61000061035156,33.56010055541992,33.61000061035156,6802,0.0,0.0,0.0
2024-10-18 12:59:00-04:00,33.61000061035156,33.61000061035156,33.599998474121094,33.599998474121094,11916,0.0,0.0,0.0
2024-10-18 13:00:00-04:00,33.599998474121094,33.602500915527344,33.549800872802734,33.54999923706055,9580,0.0,0.0,0.0
2024-10-18 13:01:00-04:00,33.54999923706055,33.560001373291016,33.54069900512695,33.560001373291016,2869,0.0,0.0,0.0
2024-10-18 13:02:00-04:00,33.54999923706055,33.577999114990234,33.54999923706055,33.56999969482422,6510,0.0,0.0,0.0
2024-10-18 13:03:00-04:00,33.57500076293945,33.61000061035156,33.57500076293945,33.61000061035156,13999,0.0,0.0,0.0
2024-10-18 13:04:00-04:00,33.61000061035156,33.6150016784668,33.599998474121094,33.599998474121094,7341,0.0,0.0,0.0
2024-10-18 13:05:00-04:00,33.599998474121094,33.65999984741211,33.599998474121094,33.65999984741211,102118,0.0,0.0,0.0
2024-10-18 13:06:00-04:00,33.66999816894531,33.689998626708984,33.65999984741211,33.68009948730469,11987,0.0,0.0,0.0
2024-10-18 13:07:00-04:00,33.685001373291016,33.720001220703125,33.68009948730469,33.709999084472656,5884,0.0,0.0,0.0
2024-10-18 13:08:00-04:00,33.709999084472656,33.724998474121094,33.70069885253906,33.720001220703125,8965,0.0,0.0,0.0
2024-10-18 13:09:00-04:00,33.72010040283203,33.75,33.720001220703125,33.737098693847656,15593,0.0,0.0,0.0
2024-10-18 13:10:00-04:00,33.7400016784668,33.75,33.69070053100586,33.69070053100586,6581,0.0,0.0,0.0
2024-10-18 13:11:00-04:00,33.70000076293945,33.709999084472656,33.70000076293945,33.709999084472656,2519,0.0,0.0,0.0
2024-10-18 13:12:00-04:00,33.70000076293945,33.70000076293945,33.68330001831055,33.690101623535156,5984,0.0,0.0,0.0
2024-10-18 13:13:00-04:00,33.70000076293945,33.7150993347168,33.689998626708984,33.689998626708984,4259,0.0,0.0,0.0
2024-10-18 13:14:00-04:00,33.689998626708984,33.70500183105469,33.689998626708984,33.70000076293945,3376,0.0,0.0,0.0
2024-10-18 13:15:00-04:00,33.68560028076172,33.68880081176758,33.68560028076172,33.68880081176758,908,0.0,0.0,0.0
2024-10-18 13:16:00-04:00,33.689998626708984,33.709999084472656,33.665000915527344,33.70130157470703,9821,0.0,0.0,0.0
2024-10-18 13:17:00-04:00,33.70000076293945,33.71799850463867,33.66999816894531,33.66999816894531,22334,0.0,0.0,0.0
2024-10-18 13:18:00-04:00,33.66999816894531,33.67509841918945,33.650001525878906,33.650001525878906,12527,0.0,0.0,0.0
2024-10-18 13:19:00-04:00,33.64500045776367,33.654998779296875,33.630001068115234,33.63999938964844,12095,0.0,0.0,0.0
2024-10-18 13:20:00-04:00,33.63999938964844,33.66999816894531,33.630001068115234,33.66999816894531,5868,0.0,0.0,0.0
2024-10-18 13:21:00-04:00,33.68000030517578,33.689998626708984,33.65999984741211,33.65999984741211,12754,0.0,0.0,0.0
2024-10-18 13:22:00-04:00,33.665000915527344,33.665000915527344,33.650001525878906,33.65769958496094,7529,0.0,0.0,0.0
2024-10-18 13:23:00-04:00,33.65999984741211,33.65999984741211,33.619998931884766,33.6349983215332,4032,0.0,0.0,0.0
2024-10-18 13:24:00-04:00,33.63999938964844,33.63999938964844,33.600101470947266,33.61000061035156,5896,0.0,0.0,0.0
2024-10-18 13:25:00-04:00,33.599998474121094,33.63999938964844,33.599998474121094,33.630001068115234,19852,0.0,0.0,0.0
2024-10-18 13:26:00-04:00,33.619998931884766,33.625,33.584999084472656,33.599998474121094,4386,0.0,0.0,0.0
2024-10-18 13:27:00-04:00,33.61000061035156,33.630001068115234,33.61000061035156,33.619998931884766,1917,0.0,0.0,0.0
2024-10-18 13:28:00-04:00,33.619998931884766,33.64500045776367,33.6150016784668,33.63999938964844,6292,0.0,0.0,0.0
2024-10-18 13:29:00-04:00,33.63999938964844,33.659000396728516,33.63999938964844,33.650001525878906,8599,0.0,0.0,0.0
2024-10-18 13:30:00-04:00,33.650001525878906,33.65999984741211,33.640098571777344,33.650001525878906,12235,0.0,0.0,0.0
2024-10-18 13:31:00-04:00,33.650001525878906,33.66640090942383,33.63999938964844,33.650001525878906,12016,0.0,0.0,0.0
2024-10-18 13:32:00-04:00,33.650001525878906,33.65999984741211,33.650001525878906,33.650001525878906,3620,0.0,0.0,0.0
2024-10-18 13:33:00-04:00,33.65999984741211,33.70000076293945,33.65999984741211,33.70000076293945,2527,0.0,0.0,0.0
2024-10-18 13:34:00-04:00,33.70000076293945,33.70500183105469,33.68130111694336,33.68130111694336,6156,0.0,0.0,0.0
2024-10-18 13:35:00-04:00,33.68510055541992,33.709999084472656,33.68510055541992,33.70000076293945,3568,0.0,0.0,0.0
2024-10-18 13:36:00-04:00,33.69499969482422,33.70500183105469,33.68000030517578,33.68000030517578,8743,0.0,0.0,0.0
2024-10-18 13:37:00-04:00,33.689998626708984,33.709999084472656,33.68000030517578,33.69499969482422,27060,0.0,0.0,0.0
2024-10-18 13:38:00-04:00,33.69499969482422,33.70500183105469,33.68000030517578,33.70500183105469,3521,0.0,0.0,0.0
2024-10-18 13:39:00-04:00,33.698001861572266,33.70989990234375,33.698001861572266,33.706600189208984,893,0.0,0.0,0.0
2024-10-18 13:40:00-04:00,33.709999084472656,33.71500015258789,33.65639877319336,33.65639877319336,7653,0.0,0.0,0.0
2024-10-18 13:41:00-04:00,33.65999984741211,33.65999984741211,33.630001068115234,33.630001068115234,6658,0.0,0.0,0.0
2024-10-18 13:42:00-04:00,33.63090133666992,33.650001525878906,33.63090133666992,33.646026611328125,4572,0.0,0.0,0.0
2024-10-18 13:43:00-04:00,33.63999938964844,33.63999938964844,33.61000061035156,33.6150016784668,19966,0.0,0.0,0.0
2024-10-18 13:44:00-04:00,33.61000061035156,33.6150016784668,33.58570098876953,33.58570098876953,38779,0.0,0.0,0.0
2024-10-18 13:45:00-04:00,33.595001220703125,33.595001220703125,33.54999923706055,33.55500030517578,7988,0.0,0.0,0.0
2024-10-18 13:46:00-04:00,33.559898376464844,33.56999969482422,33.54999923706055,33.54999923706055,5682,0.0,0.0,0.0
2024-10-18 13:47:00-04:00,33.56230163574219,33.580101013183594,33.56230163574219,33.580101013183594,4166,0.0,0.0,0.0
2024-10-18 13:48:00-04:00,33.584999084472656,33.59000015258789,33.58000183105469,33.584999084472656,31868,0.0,0.0,0.0
2024-10-18 13:49:00-04:00,33.58000183105469,33.58000183105469,33.564998626708984,33.564998626708984,21241,0.0,0.0,0.0
2024-10-18 13:50:00-04:00,33.564998626708984,33.564998626708984,33.542301177978516,33.54499816894531,1969,0.0,0.0,0.0
2024-10-18 13:51:00-04:00,33.54999923706055,33.560001373291016,33.529998779296875,33.529998779296875,4002,0.0,0.0,0.0
2024-10-18 13:52:00-04:00,33.540000915527344,33.540000915527344,33.529998779296875,33.529998779296875,2797,0.0,0.0,0.0
2024-10-18 13:53:00-04:00,33.540000915527344,33.56999969482422,33.540000915527344,33.560001373291016,4059,0.0,0.0,0.0
2024-10-18 13:54:00-04:00,33.564998626708984,33.58000183105469,33.564998626708984,33.58000183105469,3598,0.0,0.0,0.0
2024-10-18 13:55:00-04:00,33.56999969482422,33.56999969482422,33.560001373291016,33.56990051269531,4138,0.0,0.0,0.0
2024-10-18 13:56:00-04:00,33.560001373291016,33.56999969482422,33.54999923706055,33.56999969482422,1734,0.0,0.0,0.0
2024-10-18 13:57:00-04:00,33.564998626708984,33.56999969482422,33.540000915527344,33.56999969482422,15604,0.0,0.0,0.0
2024-10-18 13:58:00-04:00,33.58000183105469,33.619998931884766,33.58000183105469,33.599998474121094,14924,0.0,0.0,0.0
2024-10-18 13:59:00-04:00,33.599998474121094,33.599998474121094,33.57500076293945,33.57500076293945,2351,0.0,0.0,0.0
2024-10-18 14:00:00-04:00,33.560001373291016,33.560001373291016,33.540000915527344,33.54710006713867,35259,0.0,0.0,0.0
2024-10-18 14:01:00-04:00,33.54999923706055,33.54999923706055,33.52000045776367,33.540000915527344,8685,0.0,0.0,0.0
2024-10-18 14:02:00-04:00,33.54999923706055,33.58000183105469,33.54990005493164,33.560001373291016,3852,0.0,0.0,0.0
2024-10-18 14:03:00-04:00,33.54999923706055,33.56999969482422,33.54999923706055,33.56999969482422,501,0.0,0.0,0.0
2024-10-18 14:04:00-04:00,33.564998626708984,33.56999969482422,33.540000915527344,33.54990005493164,2071,0.0,0.0,0.0
2024-10-18 14:05:00-04:00,33.54999923706055,33.55500030517578,33.53499984741211,33.54999923706055,10290,0.0,0.0,0.0
2024-10-18 14:06:00-04:00,33.59000015258789,33.59000015258789,33.54999923706055,33.59000015258789,4662,0.0,0.0,0.0
2024-10-18 14:07:00-04:00,33.58000183105469,33.58000183105469,33.560001373291016,33.560001373291016,20364,0.0,0.0,0.0
2024-10-18 14:08:00-04:00,33.560001373291016,33.56999969482422,33.560001373291016,33.560001373291016,1406,0.0,0.0,0.0
2024-10-18 14:09:00-04:00,33.560001373291016,33.560001373291016,33.560001373291016,33.560001373291016,744,0.0,0.0,0.0
2024-10-18 14:10:00-04:00,33.564998626708984,33.58000183105469,33.564998626708984,33.58000183105469,1023,0.0,0.0,0.0
2024-10-18 14:11:00-04:00,33.58000183105469,33.63999938964844,33.58000183105469,33.62950134277344,8104,0.0,0.0,0.0
2024-10-18 14:12:00-04:00,33.630001068115234,33.64899826049805,33.630001068115234,33.64899826049805,8397,0.0,0.0,0.0
2024-10-18 14:13:00-04:00,33.650001525878906,33.65999984741211,33.648799896240234,33.654998779296875,4262,0.0,0.0,0.0
2024-10-18 14:14:00-04:00,33.65999984741211,33.68000030517578,33.65999984741211,33.66999816894531,8969,0.0,0.0,0.0
2024-10-18 14:15:00-04:00,33.65999984741211,33.66999816894531,33.650001525878906,33.66999816894531,38130,0.0,0.0,0.0
2024-10-18 14:16:00-04:00,33.65999984741211,33.68000030517578,33.650001525878906,33.665000915527344,3341,0.0,0.0,0.0
2024-10-18 14:17:00-04:00,33.669898986816406,33.67499923706055,33.65999984741211,33.66999816894531,12973,0.0,0.0,0.0
2024-10-18 14:18:00-04:00,33.66999816894531,33.679901123046875,33.63399887084961,33.63399887084961,6685,0.0,0.0,0.0
2024-10-18 14:19:00-04:00,33.6349983215332,33.650001525878906,33.63029861450195,33.63999938964844,17504,0.0,0.0,0.0
2024-10-18 14:20:00-04:00,33.63999938964844,33.65999984741211,33.630001068115234,33.63999938964844,11187,0.0,0.0,0.0
2024-10-18 14:21:00-04:00,33.64500045776367,33.650001525878906,33.64500045776367,33.650001525878906,1352,0.0,0.0,0.0
2024-10-18 14:22:00-04:00,33.649898529052734,33.650001525878906,33.63999938964844,33.63999938964844,3346,0.0,0.0,0.0
2024-10-18 14:23:00-04:00,33.63999938964844,33.648101806640625,33.63999938964844,33.63999938964844,1913,0.0,0.0,0.0
2024-10-18 14:24:00-04:00,33.64899826049805,33.66999816894531,33.64899826049805,33.66999816894531,2257,0.0,0.0,0.0
2024-10-18 14:25:00-04:00,33.679901123046875,33.679901123046875,33.65999984741211,33.65999984741211,1243,0.0,0.0,0.0
2024-10-18 14:26:00-04:00,33.66999816894531,33.689701080322266,33.66999816894531,33.68000030517578,4942,0.0,0.0,0.0
2024-10-18 14:27:00-04:00,33.689998626708984,33.689998626708984,33.65999984741211,33.665000915527344,9812,0.0,0.0,0.0
2024-10-18 14:28:00-04:00,33.665000915527344,33.665000915527344,33.64500045776367,33.650001525878906,2809,0.0,0.0,0.0
2024-10-18 14:30:00-04:00,33.63999938964844,33.654998779296875,33.63999938964844,33.654998779296875,2633,0.0,0.0,0.0
2024-10-18 14:31:00-04:00,33.650001525878906,33.650001525878906,33.58000183105469,33.58000183105469,22960,0.0,0.0,0.0
2024-10-18 14:32:00-04:00,33.57500076293945,33.58000183105469,33.56999969482422,33.58000183105469,19283,0.0,0.0,0.0
2024-10-18 14:33:00-04:00,33.58919906616211,33.605098724365234,33.58919906616211,33.605098724365234,3777,0.0,0.0,0.0
2024-10-18 14:34:00-04:00,33.61000061035156,33.61000061035156,33.57099914550781,33.58000183105469,5584,0.0,0.0,0.0
2024-10-18 14:35:00-04:00,33.580101013183594,33.59000015258789,33.58000183105469,33.584999084472656,8237,0.0,0.0,0.0
2024-10-18 14:36:00-04:00,33.59000015258789,33.59989929199219,33.59000015258789,33.59989929199219,609,0.0,0.0,0.0
2024-10-18 14:37:00-04:00,33.599998474121094,33.61000061035156,33.599998474121094,33.61000061035156,4102,0.0,0.0,0.0
2024-10-18 14:38:00-04:00,33.608699798583984,33.61000061035156,33.599998474121094,33.60499954223633,8808,0.0,0.0,0.0
2024-10-18 14:39:00-04:00,33.61000061035156,33.6150016784668,33.599998474121094,33.599998474121094,3413,0.0,0.0,0.0
2024-10-18 14:40:00-04:00,33.59989929199219,33.59989929199219,33.58000183105469,33.59989929199219,7624,0.0,0.0,0.0
2024-10-18 14:41:00-04:00,33.59400177001953,33.619998931884766,33.59000015258789,33.59000015258789,7388,0.0,0.0,0.0
2024-10-18 14:42:00-04:00,33.584999084472656,33.584999084472656,33.560001373291016,33.560001373291016,4322,0.0,0.0,0.0
2024-10-18 14:43:00-04:00,33.56999969482422,33.59000015258789,33.56999969482422,33.58399963378906,3033,0.0,0.0,0.0
2024-10-18 14:44:00-04:00,33.59000015258789,33.60499954223633,33.589900970458984,33.60499954223633,2443,0.0,0.0,0.0
2024-10-18 14:45:00-04:00,33.599998474121094,33.599998474121094,33.58000183105469,33.5900993347168,2268,0.0,0.0,0.0
2024-10-18 14:46:00-04:00,33.59980010986328,33.6150016784668,33.59980010986328,33.60499954223633,3049,0.0,0.0,0.0
2024-10-18 14:47:00-04:00,33.599998474121094,33.599998474121094,33.570098876953125,33.57229995727539,3302,0.0,0.0,0.0
2024-10-18 14:48:00-04:00,33.579898834228516,33.619998931884766,33.579898834228516,33.61000061035156,67843,0.0,0.0,0.0
2024-10-18 14:49:00-04:00,33.61000061035156,33.619998931884766,33.599998474121094,33.599998474121094,1505,0.0,0.0,0.0
2024-10-18 14:50:00-04:00,33.59989929199219,33.59989929199219,33.58000183105469,33.589698791503906,4324,0.0,0.0,0.0
2024-10-18 14:51:00-04:00,33.5880012512207,33.599998474121094,33.5880012512207,33.599998474121094,3213,0.0,0.0,0.0
2024-10-18 14:52:00-04:00,33.60499954223633,33.619998931884766,33.5989990234375,33.61000061035156,6654,0.0,0.0,0.0
2024-10-18 14:53:00-04:00,33.619998931884766,33.630001068115234,33.619998931884766,33.619998931884766,8692,0.0,0.0,0.0
2024-10-18 14:54:00-04:00,33.619998931884766,33.6349983215332,33.6150016784668,33.6349983215332,7461,0.0,0.0,0.0
2024-10-18 14:55:00-04:00,33.6349983215332,33.650001525878906,33.619998931884766,33.650001525878906,15303,0.0,0.0,0.0
2024-10-18 14:56:00-04:00,33.654998779296875,33.65999984741211,33.654998779296875,33.65999984741211,2347,0.0,0.0,0.0
2024-10-18 14:57:00-04:00,33.654998779296875,33.66999816894531,33.650001525878906,33.659000396728516,6829,0.0,0.0,0.0
2024-10-18 14:58:00-04:00,33.65999984741211,33.65999984741211,33.64500045776367,33.64500045776367,26585,0.0,0.0,0.0
2024-10-18 14:59:00-04:00,33.63999938964844,33.654998779296875,33.630001068115234,33.650001525878906,8512,0.0,0.0,0.0
2024-10-18 15:00:00-04:00,33.650001525878906,33.65999984741211,33.650001525878906,33.654998779296875,8614,0.0,0.0,0.0
2024-10-18 15:01:00-04:00,33.650001525878906,33.650001525878906,33.630001068115234,33.6411018371582,3974,0.0,0.0,0.0
2024-10-18 15:02:00-04:00,33.63999938964844,33.64789962768555,33.630001068115234,33.630001068115234,5906,0.0,0.0,0.0
2024-10-18 15:03:00-04:00,33.63130187988281,33.63130187988281,33.61000061035156,33.6150016784668,5876,0.0,0.0,0.0
2024-10-18 15:04:00-04:00,33.61000061035156,33.619998931884766,33.61000061035156,33.619998931884766,1969,0.0,0.0,0.0
2024-10-18 15:05:00-04:00,33.619998931884766,33.654998779296875,33.619998931884766,33.650001525878906,7312,0.0,0.0,0.0
2024-10-18 15:06:00-04:00,33.650001525878906,33.650001525878906,33.61000061035156,33.61600112915039,12228,0.0,0.0,0.0
2024-10-18 15:07:00-04:00,33.619998931884766,33.63999938964844,33.61009979248047,33.6150016784668,6362,0.0,0.0,0.0
2024-10-18 15:08:00-04:00,33.61000061035156,33.648799896240234,33.61000061035156,33.648799896240234,7626,0.0,0.0,0.0
2024-10-18 15:09:00-04:00,33.640098571777344,33.64509963989258,33.619998931884766,33.630001068115234,4606,0.0,0.0,0.0
2024-10-18 15:10:00-04:00,33.630001068115234,33.64500045776367,33.6150016784668,33.63999938964844,16080,0.0,0.0,0.0
2024-10-18 15:11:00-04:00,33.6349983215332,33.6349983215332,33.6150016784668,33.6150016784668,4910,0.0,0.0,0.0
2024-10-18 15:12:00-04:00,33.6150016784668,33.61989974975586,33.60499954223633,33.61009979248047,5296,0.0,0.0,0.0
2024-10-18 15:13:00-04:00,33.6150016784668,33.619998931884766,33.61000061035156,33.6150016784668,2791,0.0,0.0,0.0
2024-10-18 15:14:00-04:00,33.6150016784668,33.619998931884766,33.61000061035156,33.61000061035156,4554,0.0,0.0,0.0
2024-10-18 15:15:00-04:00,33.60499954223633,33.60499954223633,33.595001220703125,33.599998474121094,3522,0.0,0.0,0.0
2024-10-18 15:16:00-04:00,33.595001220703125,33.61000061035156,33.58000183105469,33.61000061035156,13834,0.0,0.0,0.0
2024-10-18 15:17:00-04:00,33.60350036621094,33.619998931884766,33.602699279785156,33.619998931884766,13506,0.0,0.0,0.0
2024-10-18 15:18:00-04:00,33.619998931884766,33.630001068115234,33.61069869995117,33.62009811401367,13960,0.0,0.0,0.0
2024-10-18 15:19:00-04:00,33.6150016784668,33.630001068115234,33.61470031738281,33.630001068115234,11837,0.0,0.0,0.0
2024-10-18 15:20:00-04:00,33.619998931884766,33.624698638916016,33.619998931884766,33.619998931884766,3722,0.0,0.0,0.0
2024-10-18 15:21:00-04:00,33.6150016784668,33.61989974975586,33.604000091552734,33.604000091552734,2104,0.0,0.0,0.0
2024-10-18 15:22:00-04:00,33.599998474121094,33.61000061035156,33.59000015258789,33.61000061035156,13307,0.0,0.0,0.0
2024-10-18 15:23:00-04:00,33.61199951171875,33.621498107910156,33.61199951171875,33.621498107910156,2475,0.0,0.0,0.0
2024-10-18 15:24:00-04:00,33.6150016784668,33.619998931884766,33.61333465576172,33.61520004272461,2507,0.0,0.0,0.0
2024-10-18 15:25:00-04:00,33.619998931884766,33.65999984741211,33.619998931884766,33.65999984741211,4666,0.0,0.0,0.0
2024-10-18 15:26:00-04:00,33.65999984741211,33.65999984741211,33.63999938964844,33.64500045776367,7012,0.0,0.0,0.0
2024-10-18 15:27:00-04:00,33.650001525878906,33.654998779296875,33.63999938964844,33.63999938964844,4927,0.0,0.0,0.0
2024-10-18 15:28:00-04:00,33.64500045776367,33.654998779296875,33.63999938964844,33.64469909667969,5001,0.0,0.0,0.0
2024-10-18 15:29:00-04:00,33.63999938964844,33.63999938964844,33.630001068115234,33.630001068115234,2832,0.0,0.0,0.0
2024-10-18 15:30:00-04:00,33.630001068115234,33.64500045776367,33.619998931884766,33.63999938964844,4807,0.0,0.0,0.0
2024-10-18 15:31:00-04:00,33.63209915161133,33.63999938964844,33.619998931884766,33.62990188598633,6451,0.0,0.0,0.0
2024-10-18 15:32:00-04:00,33.619998931884766,33.62990188598633,33.61000061035156,33.61000061035156,2013,0.0,0.0,0.0
2024-10-18 15:33:00-04:00,33.60499954223633,33.60599899291992,33.584999084472656,33.584999084472656,3069,0.0,0.0,0.0
2024-10-18 15:34:00-04:00,33.58000183105469,33.58000183105469,33.560001373291016,33.560001373291016,4757,0.0,0.0,0.0
2024-10-18 15:35:00-04:00,33.560001373291016,33.56999969482422,33.560001373291016,33.56999969482422,3337,0.0,0.0,0.0
2024-10-18 15:36:00-04:00,33.569000244140625,33.569000244140625,33.540000915527344,33.540000915527344,9888,0.0,0.0,0.0
2024-10-18 15:37:00-04:00,33.540000915527344,33.54930114746094,33.52799987792969,33.529998779296875,10364,0.0,0.0,0.0
2024-10-18 15:38:00-04:00,33.525001525878906,33.525001525878906,33.5,33.505001068115234,10425,0.0,0.0,0.0
2024-10-18 15:39:00-04:00,33.5,33.51499938964844,33.5,33.513999938964844,8088,0.0,0.0,0.0
2024-10-18 15:40:00-04:00,33.510101318359375,33.52000045776367,33.505001068115234,33.519901275634766,4927,0.0,0.0,0.0
2024-10-18 15:41:00-04:00,33.5,33.52000045776367,33.5,33.5,8493,0.0,0.0,0.0
2024-10-18 15:42:00-04:00,33.5,33.529998779296875,33.4900016784668,33.52389907836914,6783,0.0,0.0,0.0
2024-10-18 15:43:00-04:00,33.51499938964844,33.52000045776367,33.505001068115234,33.51499938964844,4502,0.0,0.0,0.0
2024-10-18 15:44:00-04:00,33.5099983215332,33.51570129394531,33.4989013671875,33.5,9210,0.0,0.0,0.0
2024-10-18 15:45:00-04:00,33.505001068115234,33.505001068115234,33.48500061035156,33.494998931884766,10184,0.0,0.0,0.0
2024-10-18 15:46:00-04:00,33.5,33.5099983215332,33.494998931884766,33.494998931884766,4975,0.0,0.0,0.0
2024-10-18 15:47:00-04:00,33.4900016784668,33.4900016784668,33.45000076293945,33.45500183105469,17139,0.0,0.0,0.0
2024-10-18 15:48:00-04:00,33.45000076293945,33.45000076293945,33.433799743652344,33.45000076293945,16519,0.0,0.0,0.0
2024-10-18 15:49:00-04:00,33.44499969482422,33.47999954223633,33.44499969482422,33.474998474121094,13993,0.0,0.0,0.0
2024-10-18 15:50:00-04:00,33.470001220703125,33.470001220703125,33.435001373291016,33.435001373291016,15237,0.0,0.0,0.0
2024-10-18 15:51:00-04:00,33.435001373291016,33.44649887084961,33.43000030517578,33.435001373291016,7416,0.0,0.0,0.0
2024-10-18 15:52:00-04:00,33.435001373291016,33.435001373291016,33.40010070800781,33.4099006652832,18063,0.0,0.0,0.0
2024-10-18 15:53:00-04:00,33.404998779296875,33.404998779296875,33.36000061035156,33.3650016784668,15189,0.0,0.0,0.0
2024-10-18 15:54:00-04:00,33.369998931884766,33.38999938964844,33.35499954223633,33.3849983215332,11820,0.0,0.0,0.0
2024-10-18 15:55:00-04:00,33.380001068115234,33.404998779296875,33.35499954223633,33.404998779296875,18066,0.0,0.0,0.0
2024-10-18 15:56:00-04:00,33.404998779296875,33.40999984741211,33.39500045776367,33.40370178222656,14758,0.0,0.0,0.0
2024-10-18 15:57:00-04:00,33.404998779296875,33.41999816894531,33.400001525878906,33.41999816894531,19571,0.0,0.0,0.0
2024-10-18 15:58:00-04:00,33.41999816894531,33.41999816894531,33.38999938964844,33.41999816894531,33589,0.0,0.0,0.0
2024-10-18 15:59:00-04:00,33.41999816894531,33.4900016784668,33.41999816894531,33.470001220703125,48453,0.0,0.0,0.0
