Datetime,Open,High,Low,Close,Volume,Dividends,Stock Splits
2024-06-21 09:00:00+08:00,0.10000000149011612,0.10000000149011612,0.10000000149011612,0.10000000149011612,200,0.0,0.0
2024-06-21 09:25:00+08:00,0.10000000149011612,0.10000000149011612,0.10000000149011612,0.10000000149011612,100200,0.0,0.0
2024-06-21 10:15:00+08:00,0.10000000149011612,0.10000000149011612,0.10000000149011612,0.10000000149011612,50000,0.0,0.0
2024-06-21 10:20:00+08:00,0.10000000149011612,0.10000000149011612,0.10000000149011612,0.10000000149011612,50000,0.0,0.0
2024-06-21 10:30:00+08:00,0.10000000149011612,0.10000000149011612,0.0989999994635582,0.0989999994635582,150000,0.0,0.0
2024-06-21 10:35:00+08:00,0.0989999994635582,0.10100000351667404,0.0989999994635582,0.10100000351667404,719000,0.0,0.0
2024-06-21 10:45:00+08:00,0.10100000351667404,0.10100000351667404,0.10100000351667404,0.10100000351667404,200,0.0,0.0
2024-06-21 10:50:00+08:00,0.10100000351667404,0.10199999809265137,0.10100000351667404,0.10100000351667404,486200,0.0,0.0
2024-06-21 10:55:00+08:00,0.10100000351667404,0.10100000351667404,0.10100000351667404,0.10100000351667404,200,0.0,0.0
2024-06-21 11:00:00+08:00,0.10100000351667404,0.10100000351667404,0.10000000149011612,0.10000000149011612,10000,0.0,0.0
2024-06-21 11:30:00+08:00,0.10000000149011612,0.10100000351667404,0.10000000149011612,0.10000000149011612,300100,0.0,0.0
2024-06-21 11:55:00+08:00,0.10000000149011612,0.10100000351667404,0.10000000149011612,0.10100000351667404,500,0.0,0.0
2024-06-21 12:55:00+08:00,0.10100000351667404,0.10100000351667404,0.10100000351667404,0.10100000351667404,100200,0.0,0.0
2024-06-21 13:05:00+08:00,0.10100000351667404,0.10100000351667404,0.10000000149011612,0.10100000351667404,100500,0.0,0.0
2024-06-21 13:15:00+08:00,0.10100000351667404,0.10100000351667404,0.10000000149011612,0.10000000149011612,1000,0.0,0.0
2024-06-21 13:20:00+08:00,0.10000000149011612,0.10000000149011612,0.10000000149011612,0.10000000149011612,826600,0.0,0.0
2024-06-21 13:25:00+08:00,0.10000000149011612,0.10100000351667404,0.10000000149011612,0.10100000351667404,112000,0.0,0.0
2024-06-21 13:40:00+08:00,0.10100000351667404,0.10100000351667404,0.10100000351667404,0.10100000351667404,100000,0.0,0.0
2024-06-21 13:50:00+08:00,0.10100000351667404,0.10100000351667404,0.10100000351667404,0.10100000351667404,400,0.0,0.0
2024-06-21 14:00:00+08:00,0.10100000351667404,0.10100000351667404,0.10100000351667404,0.10100000351667404,400,0.0,0.0
2024-06-24 09:00:00+08:00,0.10100000351667404,0.10100000351667404,0.10000000149011612,0.10000000149011612,0,0.0,0.0
2024-06-24 10:50:00+08:00,0.10000000149011612,0.10000000149011612,0.0989999994635582,0.0989999994635582,676800,0.0,0.0
2024-06-24 10:55:00+08:00,0.0989999994635582,0.10000000149011612,0.0989999994635582,0.10000000149011612,53000,0.0,0.0
2024-06-24 11:00:00+08:00,0.10000000149011612,0.10000000149011612,0.0989999994635582,0.10000000149011612,200,0.0,0.0
2024-06-24 11:05:00+08:00,0.10000000149011612,0.10000000149011612,0.0989999994635582,0.0989999994635582,200,0.0,0.0
2024-06-24 11:40:00+08:00,0.0989999994635582,0.0989999994635582,0.0989999994635582,0.0989999994635582,200,0.0,0.0
2024-06-24 11:45:00+08:00,0.0989999994635582,0.0989999994635582,0.0989999994635582,0.0989999994635582,5300,0.0,0.0
2024-06-24 11:55:00+08:00,0.0989999994635582,0.10000000149011612,0.0989999994635582,0.10000000149011612,2500,0.0,0.0
2024-06-24 13:00:00+08:00,0.10000000149011612,0.10000000149011612,0.10000000149011612,0.10000000149011612,600,0.0,0.0
2024-06-24 13:05:00+08:00,0.10000000149011612,0.10000000149011612,0.10000000149011612,0.10000000149011612,300,0.0,0.0
2024-06-24 13:10:00+08:00,0.10000000149011612,0.10100000351667404,0.10000000149011612,0.10100000351667404,434000,0.0,0.0
2024-06-24 13:15:00+08:00,0.10100000351667404,0.10100000351667404,0.10100000351667404,0.10100000351667404,300,0.0,0.0
2024-06-24 13:20:00+08:00,0.10100000351667404,0.10100000351667404,0.10000000149011612,0.10000000149011612,200800,0.0,0.0
2024-06-24 13:35:00+08:00,0.10000000149011612,0.10000000149011612,0.10000000149011612,0.10000000149011612,52300,0.0,0.0
2024-06-24 13:55:00+08:00,0.10000000149011612,0.10000000149011612,0.10000000149011612,0.10000000149011612,100000,0.0,0.0
2024-06-24 14:10:00+08:00,0.10000000149011612,0.10000000149011612,0.10000000149011612,0.10000000149011612,38100,0.0,0.0
2024-06-24 14:15:00+08:00,0.10000000149011612,0.10100000351667404,0.10000000149011612,0.10100000351667404,400,0.0,0.0
2024-06-24 14:30:00+08:00,0.10100000351667404,0.10100000351667404,0.10000000149011612,0.10100000351667404,375400,0.0,0.0
2024-06-24 14:35:00+08:00,0.10100000351667404,0.10100000351667404,0.10000000149011612,0.10100000351667404,2500,0.0,0.0
2024-06-24 14:40:00+08:00,0.10100000351667404,0.10100000351667404,0.10000000149011612,0.10100000351667404,2100,0.0,0.0
2024-06-24 14:45:00+08:00,0.10100000351667404,0.10100000351667404,0.10000000149011612,0.10000000149011612,7000,0.0,0.0
2024-06-24 14:50:00+08:00,0.10000000149011612,0.10100000351667404,0.10000000149011612,0.10000000149011612,7600,0.0,0.0
2024-06-24 14:55:00+08:00,0.10000000149011612,0.10100000351667404,0.10000000149011612,0.10100000351667404,11100,0.0,0.0
2024-06-24 15:00:00+08:00,0.10100000351667404,0.10100000351667404,0.10000000149011612,0.10100000351667404,0,0.0,0.0
2024-06-24 15:05:00+08:00,0.10100000351667404,0.10100000351667404,0.10000000149011612,0.10000000149011612,2117100,0.0,0.0
2024-06-24 15:10:00+08:00,0.10000000149011612,0.10100000351667404,0.10000000149011612,0.10100000351667404,13800,0.0,0.0
2024-06-24 15:15:00+08:00,0.10100000351667404,0.10100000351667404,0.10100000351667404,0.10100000351667404,700,0.0,0.0
2024-06-24 15:20:00+08:00,0.10100000351667404,0.10100000351667404,0.10100000351667404,0.10100000351667404,600,0.0,0.0
2024-06-24 15:25:00+08:00,0.10100000351667404,0.10100000351667404,0.10100000351667404,0.10100000351667404,600,0.0,0.0
2024-06-24 15:30:00+08:00,0.10100000351667404,0.10100000351667404,0.10100000351667404,0.10100000351667404,300,0.0,0.0
2024-06-24 15:35:00+08:00,0.10100000351667404,0.10100000351667404,0.10000000149011612,0.10000000149011612,600,0.0,0.0
2024-06-24 15:40:00+08:00,0.10000000149011612,0.10100000351667404,0.10000000149011612,0.10100000351667404,19500,0.0,0.0
2024-06-24 15:45:00+08:00,0.10100000351667404,0.10100000351667404,0.10000000149011612,0.10100000351667404,1700,0.0,0.0
2024-06-24 15:50:00+08:00,0.10100000351667404,0.10100000351667404,0.10100000351667404,0.10100000351667404,800,0.0,0.0
2024-06-24 15:55:00+08:00,0.10100000351667404,0.10100000351667404,0.10100000351667404,0.10100000351667404,600,0.0,0.0
2024-06-24 16:00:00+08:00,0.10100000351667404,0.10100000351667404,0.10000000149011612,0.10100000351667404,11500,0.0,0.0
2024-06-24 16:05:00+08:00,0.10100000351667404,0.10100000351667404,0.10000000149011612,0.10000000149011612,19700,0.0,0.0
2024-06-24 16:10:00+08:00,0.10000000149011612,0.10000000149011612,0.10000000149011612,0.10000000149011612,21400,0.0,0.0
2024-06-24 16:15:00+08:00,0.10000000149011612,0.10100000351667404,0.10000000149011612,0.10100000351667404,10400,0.0,0.0
2024-06-24 16:20:00+08:00,0.10100000351667404,0.10100000351667404,0.10000000149011612,0.10000000149011612,5500,0.0,0.0
2024-06-24 16:25:00+08:00,0.10000000149011612,0.10100000351667404,0.10000000149011612,0.10000000149011612,5800,0.0,0.0
2024-06-24 16:30:00+08:00,0.10000000149011612,0.10100000351667404,0.10000000149011612,0.10000000149011612,5600,0.0,0.0
2024-06-24 16:35:00+08:00,0.10000000149011612,0.10100000351667404,0.10000000149011612,0.10100000351667404,10100,0.0,0.0
2024-06-24 16:40:00+08:00,0.10100000351667404,0.10100000351667404,0.10000000149011612,0.10100000351667404,10000,0.0,0.0
2024-06-24 16:45:00+08:00,0.10100000351667404,0.10100000351667404,0.10000000149011612,0.10100000351667404,10200,0.0,0.0
2024-06-24 16:50:00+08:00,0.10100000351667404,0.10100000351667404,0.10000000149011612,0.10000000149011612,9600,0.0,0.0
2024-06-24 16:55:00+08:00,0.10000000149011612,0.10000000149011612,0.10000000149011612,0.10000000149011612,80800,0.0,0.0
2024-06-25 10:15:00+08:00,0.10000000149011612,0.10000000149011612,0.0989999994635582,0.0989999994635582,0,0.0,0.0
2024-06-25 10:35:00+08:00,0.0989999994635582,0.0989999994635582,0.0989999994635582,0.0989999994635582,1000,0.0,0.0
2024-06-25 11:40:00+08:00,0.0989999994635582,0.10000000149011612,0.0989999994635582,0.10000000149011612,70000,0.0,0.0
2024-06-25 14:15:00+08:00,0.10000000149011612,0.10000000149011612,0.0989999994635582,0.10000000149011612,672300,0.0,0.0
2024-06-25 15:35:00+08:00,0.10000000149011612,0.10000000149011612,0.10000000149011612,0.10000000149011612,700000,0.0,0.0
2024-06-25 16:55:00+08:00,0.10000000149011612,0.10000000149011612,0.10000000149011612,0.10000000149011612,125500,0.0,0.0
2024-06-26 09:00:00+08:00,0.10000000149011612,0.10000000149011612,0.10000000149011612,0.10000000149011612,14500,0.0,0.0
2024-06-26 09:10:00+08:00,0.10000000149011612,0.10000000149011612,0.10000000149011612,0.10000000149011612,176400,0.0,0.0
2024-06-26 09:15:00+08:00,0.10000000149011612,0.10000000149011612,0.10000000149011612,0.10000000149011612,2000,0.0,0.0
2024-06-26 09:45:00+08:00,0.10000000149011612,0.10000000149011612,0.10000000149011612,0.10000000149011612,0,0.0,0.0
2024-06-26 13:00:00+08:00,0.10000000149011612,0.10000000149011612,0.10000000149011612,0.10000000149011612,537900,0.0,0.0
2024-06-26 13:50:00+08:00,0.10000000149011612,0.10000000149011612,0.10000000149011612,0.10000000149011612,3000,0.0,0.0
2024-06-26 13:55:00+08:00,0.10000000149011612,0.10000000149011612,0.10000000149011612,0.10000000149011612,50000,0.0,0.0
2024-06-26 14:25:00+08:00,0.10000000149011612,0.10100000351667404,0.10000000149011612,0.10100000351667404,260500,0.0,0.0
2024-06-26 14:30:00+08:00,0.10000000149011612,0.10000000149011612,0.0989999994635582,0.0989999994635582,0,0.0,0.0
2024-06-26 15:10:00+08:00,0.0989999994635582,0.10000000149011612,0.0989999994635582,0.10000000149011612,942500,0.0,0.0
2024-06-27 09:10:00+08:00,0.0989999994635582,0.0989999994635582,0.0989999994635582,0.0989999994635582,0,0.0,0.0
2024-06-27 09:15:00+08:00,0.0989999994635582,0.10000000149011612,0.0989999994635582,0.10000000149011612,105000,0.0,0.0
2024-06-27 09:30:00+08:00,0.10000000149011612,0.10100000351667404,0.10000000149011612,0.10000000149011612,515700,0.0,0.0
2024-06-27 09:35:00+08:00,0.10000000149011612,0.10100000351667404,0.10000000149011612,0.10100000351667404,505700,0.0,0.0
2024-06-27 09:50:00+08:00,0.10100000351667404,0.10100000351667404,0.10100000351667404,0.10100000351667404,100000,0.0,0.0
2024-06-27 10:00:00+08:00,0.10199999809265137,0.10199999809265137,0.10100000351667404,0.10100000351667404,1276000,0.0,0.0
2024-06-27 10:05:00+08:00,0.10100000351667404,0.10199999809265137,0.10100000351667404,0.10100000351667404,314300,0.0,0.0
2024-06-27 10:10:00+08:00,0.10100000351667404,0.10199999809265137,0.10100000351667404,0.10100000351667404,100700,0.0,0.0
2024-06-27 10:15:00+08:00,0.10100000351667404,0.10100000351667404,0.10000000149011612,0.10000000149011612,50000,0.0,0.0
2024-06-27 11:10:00+08:00,0.10000000149011612,0.10000000149011612,0.10000000149011612,0.10000000149011612,839500,0.0,0.0
2024-06-27 11:15:00+08:00,0.10000000149011612,0.10000000149011612,0.10000000149011612,0.10000000149011612,100,0.0,0.0
2024-06-27 11:45:00+08:00,0.10000000149011612,0.10000000149011612,0.0989999994635582,0.0989999994635582,50000,0.0,0.0
2024-06-27 11:55:00+08:00,0.0989999994635582,0.0989999994635582,0.0989999994635582,0.0989999994635582,600,0.0,0.0
2024-06-27 13:00:00+08:00,0.0989999994635582,0.0989999994635582,0.0989999994635582,0.0989999994635582,600,0.0,0.0
2024-06-27 13:05:00+08:00,0.0989999994635582,0.0989999994635582,0.0989999994635582,0.0989999994635582,600,0.0,0.0
2024-06-27 13:10:00+08:00,0.0989999994635582,0.0989999994635582,0.0989999994635582,0.0989999994635582,300,0.0,0.0
2024-06-27 13:15:00+08:00,0.0989999994635582,0.0989999994635582,0.0989999994635582,0.0989999994635582,600,0.0,0.0
2024-06-27 13:20:00+08:00,0.0989999994635582,0.0989999994635582,0.0989999994635582,0.0989999994635582,300,0.0,0.0
2024-06-27 13:25:00+08:00,0.0989999994635582,0.0989999994635582,0.0989999994635582,0.0989999994635582,600,0.0,0.0
2024-06-27 13:30:00+08:00,0.0989999994635582,0.0989999994635582,0.0989999994635582,0.0989999994635582,300,0.0,0.0
2024-06-27 13:35:00+08:00,0.0989999994635582,0.0989999994635582,0.0989999994635582,0.0989999994635582,600,0.0,0.0
2024-06-27 13:40:00+08:00,0.0989999994635582,0.0989999994635582,0.0989999994635582,0.0989999994635582,600,0.0,0.0
2024-06-27 13:45:00+08:00,0.0989999994635582,0.0989999994635582,0.0989999994635582,0.0989999994635582,600,0.0,0.0
2024-06-27 13:50:00+08:00,0.0989999994635582,0.0989999994635582,0.0989999994635582,0.0989999994635582,600,0.0,0.0
2024-06-27 13:55:00+08:00,0.0989999994635582,0.0989999994635582,0.0989999994635582,0.0989999994635582,300,0.0,0.0
2024-06-27 14:00:00+08:00,0.0989999994635582,0.0989999994635582,0.0989999994635582,0.0989999994635582,600,0.0,0.0
2024-06-27 14:05:00+08:00,0.0989999994635582,0.0989999994635582,0.0989999994635582,0.0989999994635582,600,0.0,0.0
2024-06-27 14:10:00+08:00,0.0989999994635582,0.0989999994635582,0.0989999994635582,0.0989999994635582,300,0.0,0.0
2024-06-27 14:15:00+08:00,0.0989999994635582,0.0989999994635582,0.0989999994635582,0.0989999994635582,600,0.0,0.0
2024-06-27 14:20:00+08:00,0.0989999994635582,0.0989999994635582,0.0989999994635582,0.0989999994635582,300,0.0,0.0
2024-06-27 14:25:00+08:00,0.0989999994635582,0.0989999994635582,0.0989999994635582,0.0989999994635582,600,0.0,0.0
2024-06-27 14:30:00+08:00,0.0989999994635582,0.10000000149011612,0.0989999994635582,0.10000000149011612,600,0.0,0.0
2024-06-27 14:35:00+08:00,0.10000000149011612,0.10000000149011612,0.0989999994635582,0.0989999994635582,600,0.0,0.0
2024-06-27 14:40:00+08:00,0.0989999994635582,0.0989999994635582,0.0989999994635582,0.0989999994635582,200,0.0,0.0
2024-06-27 14:45:00+08:00,0.0989999994635582,0.0989999994635582,0.0989999994635582,0.0989999994635582,400,0.0,0.0
2024-06-27 14:50:00+08:00,0.0989999994635582,0.0989999994635582,0.0989999994635582,0.0989999994635582,600,0.0,0.0
2024-06-27 14:55:00+08:00,0.0989999994635582,0.0989999994635582,0.0989999994635582,0.0989999994635582,200,0.0,0.0
2024-06-27 15:05:00+08:00,0.0989999994635582,0.0989999994635582,0.0989999994635582,0.0989999994635582,441800,0.0,0.0
2024-06-27 15:10:00+08:00,0.0989999994635582,0.0989999994635582,0.0989999994635582,0.0989999994635582,600,0.0,0.0
2024-06-27 15:15:00+08:00,0.0989999994635582,0.0989999994635582,0.0989999994635582,0.0989999994635582,1100,0.0,0.0
2024-06-27 15:20:00+08:00,0.0989999994635582,0.0989999994635582,0.0989999994635582,0.0989999994635582,100300,0.0,0.0
2024-06-27 15:25:00+08:00,0.0989999994635582,0.0989999994635582,0.0989999994635582,0.0989999994635582,300,0.0,0.0
2024-06-27 15:30:00+08:00,0.0989999994635582,0.0989999994635582,0.0989999994635582,0.0989999994635582,1200,0.0,0.0
2024-06-27 15:35:00+08:00,0.0989999994635582,0.0989999994635582,0.0989999994635582,0.0989999994635582,600,0.0,0.0
2024-06-27 15:40:00+08:00,0.0989999994635582,0.0989999994635582,0.0989999994635582,0.0989999994635582,600,0.0,0.0
2024-06-27 15:45:00+08:00,0.0989999994635582,0.0989999994635582,0.0989999994635582,0.0989999994635582,600,0.0,0.0
2024-06-27 15:50:00+08:00,0.0989999994635582,0.0989999994635582,0.0989999994635582,0.0989999994635582,300,0.0,0.0
2024-06-27 15:55:00+08:00,0.0989999994635582,0.0989999994635582,0.0989999994635582,0.0989999994635582,600,0.0,0.0
2024-06-27 16:00:00+08:00,0.0989999994635582,0.0989999994635582,0.0989999994635582,0.0989999994635582,600,0.0,0.0
2024-06-27 16:05:00+08:00,0.0989999994635582,0.0989999994635582,0.0989999994635582,0.0989999994635582,600,0.0,0.0
2024-06-27 16:10:00+08:00,0.0989999994635582,0.0989999994635582,0.0989999994635582,0.0989999994635582,600,0.0,0.0
2024-06-27 16:15:00+08:00,0.0989999994635582,0.0989999994635582,0.0989999994635582,0.0989999994635582,600,0.0,0.0
2024-06-27 16:20:00+08:00,0.0989999994635582,0.0989999994635582,0.0989999994635582,0.0989999994635582,600,0.0,0.0
2024-06-27 16:25:00+08:00,0.0989999994635582,0.0989999994635582,0.0989999994635582,0.0989999994635582,100300,0.0,0.0
2024-06-27 16:30:00+08:00,0.0989999994635582,0.0989999994635582,0.0989999994635582,0.0989999994635582,300,0.0,0.0
2024-06-27 16:35:00+08:00,0.0989999994635582,0.0989999994635582,0.0989999994635582,0.0989999994635582,1300,0.0,0.0
2024-06-27 16:40:00+08:00,0.0989999994635582,0.0989999994635582,0.0989999994635582,0.0989999994635582,1000,0.0,0.0
2024-06-27 16:45:00+08:00,0.0989999994635582,0.0989999994635582,0.0989999994635582,0.0989999994635582,900,0.0,0.0
2024-06-27 16:50:00+08:00,0.0989999994635582,0.0989999994635582,0.0989999994635582,0.0989999994635582,1200,0.0,0.0
2024-06-28 09:40:00+08:00,0.0989999994635582,0.0989999994635582,0.0989999994635582,0.0989999994635582,100000,0.0,0.0
2024-06-28 10:50:00+08:00,0.0989999994635582,0.10000000149011612,0.0989999994635582,0.10000000149011612,100000,0.0,0.0
2024-06-28 10:55:00+08:00,0.10000000149011612,0.10000000149011612,0.0989999994635582,0.0989999994635582,100,0.0,0.0
2024-06-28 11:00:00+08:00,0.0989999994635582,0.10000000149011612,0.0989999994635582,0.0989999994635582,100100,0.0,0.0
2024-06-28 11:15:00+08:00,0.0989999994635582,0.10000000149011612,0.0989999994635582,0.0989999994635582,100100,0.0,0.0
2024-06-28 11:30:00+08:00,0.0989999994635582,0.0989999994635582,0.0989999994635582,0.0989999994635582,1937100,0.0,0.0
2024-06-28 11:35:00+08:00,0.0989999994635582,0.0989999994635582,0.0989999994635582,0.0989999994635582,300000,0.0,0.0
2024-06-28 11:40:00+08:00,0.0989999994635582,0.0989999994635582,0.0989999994635582,0.0989999994635582,435000,0.0,0.0
2024-06-28 11:45:00+08:00,0.0989999994635582,0.0989999994635582,0.0989999994635582,0.0989999994635582,320100,0.0,0.0
2024-06-28 11:50:00+08:00,0.0989999994635582,0.0989999994635582,0.09799999743700027,0.09799999743700027,10000,0.0,0.0
2024-06-28 11:55:00+08:00,0.09799999743700027,0.0989999994635582,0.09799999743700027,0.0989999994635582,100,0.0,0.0
2024-06-28 13:00:00+08:00,0.0989999994635582,0.0989999994635582,0.0989999994635582,0.0989999994635582,200000,0.0,0.0
2024-06-28 13:05:00+08:00,0.0989999994635582,0.0989999994635582,0.0989999994635582,0.0989999994635582,275100,0.0,0.0
2024-06-28 13:10:00+08:00,0.0989999994635582,0.0989999994635582,0.0989999994635582,0.0989999994635582,100000,0.0,0.0
2024-06-28 13:25:00+08:00,0.0989999994635582,0.0989999994635582,0.09799999743700027,0.09799999743700027,30100,0.0,0.0
2024-06-28 13:50:00+08:00,0.09799999743700027,0.09799999743700027,0.09799999743700027,0.09799999743700027,100,0.0,0.0
2024-06-28 14:00:00+08:00,0.09799999743700027,0.09799999743700027,0.09799999743700027,0.09799999743700027,100,0.0,0.0
2024-06-28 14:10:00+08:00,0.09799999743700027,0.09799999743700027,0.09799999743700027,0.09799999743700027,100,0.0,0.0
2024-06-28 14:25:00+08:00,0.09799999743700027,0.09799999743700027,0.09799999743700027,0.09799999743700027,100,0.0,0.0
2024-06-28 14:35:00+08:00,0.09799999743700027,0.10000000149011612,0.09799999743700027,0.10000000149011612,531600,0.0,0.0
2024-06-28 14:45:00+08:00,0.10000000149011612,0.10000000149011612,0.10000000149011612,0.10000000149011612,1000,0.0,0.0
2024-06-28 15:10:00+08:00,0.10000000149011612,0.10000000149011612,0.10000000149011612,0.10000000149011612,102000,0.0,0.0
2024-06-28 15:20:00+08:00,0.10000000149011612,0.10000000149011612,0.0989999994635582,0.0989999994635582,50000,0.0,0.0
2024-06-28 15:25:00+08:00,0.0989999994635582,0.10000000149011612,0.0989999994635582,0.10000000149011612,100,0.0,0.0
2024-06-28 15:30:00+08:00,0.10000000149011612,0.10000000149011612,0.0989999994635582,0.10000000149011612,300,0.0,0.0
2024-06-28 15:35:00+08:00,0.10000000149011612,0.10000000149011612,0.0989999994635582,0.0989999994635582,200,0.0,0.0
2024-06-28 15:40:00+08:00,0.0989999994635582,0.10000000149011612,0.0989999994635582,0.10000000149011612,100,0.0,0.0
2024-06-28 15:45:00+08:00,0.10000000149011612,0.10000000149011612,0.0989999994635582,0.0989999994635582,200100,0.0,0.0
2024-06-28 15:50:00+08:00,0.0989999994635582,0.10000000149011612,0.0989999994635582,0.0989999994635582,100100,0.0,0.0
2024-06-28 15:55:00+08:00,0.0989999994635582,0.0989999994635582,0.0989999994635582,0.0989999994635582,100,0.0,0.0
2024-06-28 16:00:00+08:00,0.0989999994635582,0.10000000149011612,0.0989999994635582,0.10000000149011612,100,0.0,0.0
2024-06-28 16:05:00+08:00,0.10000000149011612,0.10000000149011612,0.0989999994635582,0.0989999994635582,20300,0.0,0.0
2024-06-28 16:15:00+08:00,0.0989999994635582,0.0989999994635582,0.0989999994635582,0.0989999994635582,100,0.0,0.0
2024-06-28 16:25:00+08:00,0.0989999994635582,0.10000000149011612,0.0989999994635582,0.0989999994635582,900,0.0,0.0
2024-06-28 16:30:00+08:00,0.0989999994635582,0.0989999994635582,0.0989999994635582,0.0989999994635582,100,0.0,0.0
2024-06-28 16:40:00+08:00,0.0989999994635582,0.0989999994635582,0.0989999994635582,0.0989999994635582,100,0.0,0.0
2024-06-28 16:45:00+08:00,0.0989999994635582,0.10000000149011612,0.0989999994635582,0.10000000149011612,100,0.0,0.0
2024-06-28 16:50:00+08:00,0.10000000149011612,0.10000000149011612,0.0989999994635582,0.0989999994635582,300,0.0,0.0
2024-06-28 16:55:00+08:00,0.0989999994635582,0.0989999994635582,0.0989999994635582,0.0989999994635582,400100,0.0,0.0
2024-07-01 09:20:00+08:00,0.0989999994635582,0.0989999994635582,0.0989999994635582,0.0989999994635582,100,0.0,0.0
2024-07-01 09:35:00+08:00,0.0989999994635582,0.0989999994635582,0.0989999994635582,0.0989999994635582,1200,0.0,0.0
2024-07-01 10:20:00+08:00,0.0989999994635582,0.0989999994635582,0.0989999994635582,0.0989999994635582,10000,0.0,0.0
2024-07-01 10:40:00+08:00,0.0989999994635582,0.0989999994635582,0.0989999994635582,0.0989999994635582,234300,0.0,0.0
2024-07-01 11:10:00+08:00,0.0989999994635582,0.0989999994635582,0.0989999994635582,0.0989999994635582,118000,0.0,0.0
2024-07-01 11:25:00+08:00,0.0989999994635582,0.0989999994635582,0.09799999743700027,0.09799999743700027,35000,0.0,0.0
2024-07-01 13:00:00+08:00,0.09799999743700027,0.0989999994635582,0.09799999743700027,0.0989999994635582,100,0.0,0.0
2024-07-01 13:05:00+08:00,0.0989999994635582,0.0989999994635582,0.0989999994635582,0.0989999994635582,477200,0.0,0.0
2024-07-01 13:15:00+08:00,0.0989999994635582,0.0989999994635582,0.0989999994635582,0.0989999994635582,139900,0.0,0.0
2024-07-01 13:50:00+08:00,0.0989999994635582,0.10000000149011612,0.0989999994635582,0.10000000149011612,64200,0.0,0.0
2024-07-01 14:20:00+08:00,0.10000000149011612,0.10000000149011612,0.0989999994635582,0.0989999994635582,100000,0.0,0.0
2024-07-01 15:10:00+08:00,0.0989999994635582,0.0989999994635582,0.0989999994635582,0.0989999994635582,3000,0.0,0.0
2024-07-01 15:25:00+08:00,0.0989999994635582,0.0989999994635582,0.0989999994635582,0.0989999994635582,100,0.0,0.0
2024-07-01 15:35:00+08:00,0.0989999994635582,0.0989999994635582,0.0989999994635582,0.0989999994635582,1500,0.0,0.0
2024-07-01 15:50:00+08:00,0.0989999994635582,0.0989999994635582,0.0989999994635582,0.0989999994635582,50000,0.0,0.0
2024-07-01 16:00:00+08:00,0.0989999994635582,0.0989999994635582,0.0989999994635582,0.0989999994635582,1500,0.0,0.0
2024-07-01 16:55:00+08:00,0.0989999994635582,0.0989999994635582,0.0989999994635582,0.0989999994635582,100000,0.0,0.0
2024-07-02 09:35:00+08:00,0.0989999994635582,0.0989999994635582,0.0989999994635582,0.0989999994635582,0,0.0,0.0
2024-07-02 09:40:00+08:00,0.0989999994635582,0.0989999994635582,0.0989999994635582,0.0989999994635582,120000,0.0,0.0
2024-07-02 10:15:00+08:00,0.0989999994635582,0.0989999994635582,0.0989999994635582,0.0989999994635582,95000,0.0,0.0
2024-07-02 11:05:00+08:00,0.0989999994635582,0.0989999994635582,0.0989999994635582,0.0989999994635582,60000,0.0,0.0
2024-07-02 11:15:00+08:00,0.0989999994635582,0.0989999994635582,0.0989999994635582,0.0989999994635582,100000,0.0,0.0
2024-07-02 11:35:00+08:00,0.0989999994635582,0.0989999994635582,0.0989999994635582,0.0989999994635582,30000,0.0,0.0
2024-07-02 12:55:00+08:00,0.0989999994635582,0.0989999994635582,0.0989999994635582,0.0989999994635582,100100,0.0,0.0
2024-07-02 13:00:00+08:00,0.0989999994635582,0.0989999994635582,0.0989999994635582,0.0989999994635582,20000,0.0,0.0
2024-07-02 14:15:00+08:00,0.0989999994635582,0.0989999994635582,0.0989999994635582,0.0989999994635582,20000,0.0,0.0
2024-07-02 14:35:00+08:00,0.0989999994635582,0.0989999994635582,0.0989999994635582,0.0989999994635582,100,0.0,0.0
2024-07-02 15:45:00+08:00,0.0989999994635582,0.0989999994635582,0.0989999994635582,0.0989999994635582,269400,0.0,0.0
2024-07-02 15:50:00+08:00,0.0989999994635582,0.0989999994635582,0.0989999994635582,0.0989999994635582,115600,0.0,0.0
2024-07-02 16:05:00+08:00,0.0989999994635582,0.0989999994635582,0.0989999994635582,0.0989999994635582,100000,0.0,0.0
2024-07-02 16:10:00+08:00,0.0989999994635582,0.0989999994635582,0.0989999994635582,0.0989999994635582,40000,0.0,0.0
2024-07-02 16:45:00+08:00,0.0989999994635582,0.0989999994635582,0.0989999994635582,0.0989999994635582,100000,0.0,0.0
2024-07-03 09:10:00+08:00,0.0989999994635582,0.0989999994635582,0.0989999994635582,0.0989999994635582,0,0.0,0.0
2024-07-03 09:20:00+08:00,0.0989999994635582,0.0989999994635582,0.0989999994635582,0.0989999994635582,50000,0.0,0.0
2024-07-03 10:00:00+08:00,0.0989999994635582,0.0989999994635582,0.0989999994635582,0.0989999994635582,160000,0.0,0.0
2024-07-03 10:15:00+08:00,0.0989999994635582,0.0989999994635582,0.0989999994635582,0.0989999994635582,1000,0.0,0.0
2024-07-03 10:25:00+08:00,0.0989999994635582,0.0989999994635582,0.0989999994635582,0.0989999994635582,50000,0.0,0.0
2024-07-03 10:50:00+08:00,0.0989999994635582,0.0989999994635582,0.0989999994635582,0.0989999994635582,159000,0.0,0.0
2024-07-03 10:55:00+08:00,0.0989999994635582,0.0989999994635582,0.0989999994635582,0.0989999994635582,60000,0.0,0.0
2024-07-03 11:15:00+08:00,0.0989999994635582,0.0989999994635582,0.0989999994635582,0.0989999994635582,700,0.0,0.0
2024-07-03 11:20:00+08:00,0.0989999994635582,0.0989999994635582,0.0989999994635582,0.0989999994635582,500000,0.0,0.0
2024-07-03 11:25:00+08:00,0.0989999994635582,0.10000000149011612,0.0989999994635582,0.10000000149011612,87000,0.0,0.0
2024-07-03 13:55:00+08:00,0.10000000149011612,0.10000000149011612,0.0989999994635582,0.0989999994635582,30300,0.0,0.0
2024-07-03 15:55:00+08:00,0.0989999994635582,0.0989999994635582,0.0989999994635582,0.0989999994635582,105100,0.0,0.0
2024-07-03 16:15:00+08:00,0.0989999994635582,0.0989999994635582,0.0989999994635582,0.0989999994635582,80000,0.0,0.0
2024-07-03 16:40:00+08:00,0.0989999994635582,0.0989999994635582,0.0989999994635582,0.0989999994635582,70000,0.0,0.0
2024-07-03 16:50:00+08:00,0.0989999994635582,0.0989999994635582,0.0989999994635582,0.0989999994635582,80000,0.0,0.0
2024-07-04 09:10:00+08:00,0.10000000149011612,0.10199999809265137,0.10000000149011612,0.10100000351667404,3580600,0.0,0.0
2024-07-04 09:15:00+08:00,0.10100000351667404,0.10199999809265137,0.10100000351667404,0.10199999809265137,0,0.0,0.0
2024-07-04 09:20:00+08:00,0.10199999809265137,0.10199999809265137,0.10100000351667404,0.10100000351667404,8034300,0.0,0.0
2024-07-04 09:25:00+08:00,0.10100000351667404,0.10199999809265137,0.10100000351667404,0.10199999809265137,680000,0.0,0.0
2024-07-04 09:40:00+08:00,0.10199999809265137,0.10199999809265137,0.10199999809265137,0.10199999809265137,656700,0.0,0.0
2024-07-04 09:45:00+08:00,0.10199999809265137,0.10199999809265137,0.10199999809265137,0.10199999809265137,98500,0.0,0.0
2024-07-04 09:50:00+08:00,0.10199999809265137,0.10199999809265137,0.10199999809265137,0.10199999809265137,140000,0.0,0.0
2024-07-04 09:55:00+08:00,0.10199999809265137,0.10199999809265137,0.10199999809265137,0.10199999809265137,192000,0.0,0.0
2024-07-04 10:05:00+08:00,0.10199999809265137,0.10199999809265137,0.10199999809265137,0.10199999809265137,20000,0.0,0.0
2024-07-04 10:40:00+08:00,0.10199999809265137,0.10199999809265137,0.10100000351667404,0.10100000351667404,94400,0.0,0.0
2024-07-04 10:45:00+08:00,0.10100000351667404,0.10199999809265137,0.10100000351667404,0.10199999809265137,1735700,0.0,0.0
2024-07-04 10:50:00+08:00,0.10199999809265137,0.10199999809265137,0.10100000351667404,0.10100000351667404,10000,0.0,0.0
2024-07-04 10:55:00+08:00,0.10100000351667404,0.10100000351667404,0.10100000351667404,0.10100000351667404,302900,0.0,0.0
2024-07-04 11:00:00+08:00,0.10100000351667404,0.10100000351667404,0.10100000351667404,0.10100000351667404,100000,0.0,0.0
2024-07-04 11:05:00+08:00,0.10100000351667404,0.10100000351667404,0.10100000351667404,0.10100000351667404,112000,0.0,0.0
2024-07-04 11:10:00+08:00,0.10100000351667404,0.10199999809265137,0.10100000351667404,0.10199999809265137,31100,0.0,0.0
2024-07-04 11:30:00+08:00,0.10199999809265137,0.10199999809265137,0.10100000351667404,0.10100000351667404,300,0.0,0.0
2024-07-04 11:35:00+08:00,0.10100000351667404,0.10199999809265137,0.10100000351667404,0.10199999809265137,500000,0.0,0.0
2024-07-04 11:40:00+08:00,0.10199999809265137,0.10199999809265137,0.10100000351667404,0.10100000351667404,200,0.0,0.0
2024-07-04 11:55:00+08:00,0.10100000351667404,0.10199999809265137,0.10100000351667404,0.10199999809265137,800,0.0,0.0
2024-07-04 12:55:00+08:00,0.10100000351667404,0.10199999809265137,0.10100000351667404,0.10199999809265137,150000,0.0,0.0
2024-07-04 13:00:00+08:00,0.10199999809265137,0.10199999809265137,0.10100000351667404,0.10100000351667404,200,0.0,0.0
2024-07-04 13:15:00+08:00,0.10100000351667404,0.10199999809265137,0.10100000351667404,0.10199999809265137,150000,0.0,0.0
2024-07-04 13:20:00+08:00,0.10199999809265137,0.10199999809265137,0.10100000351667404,0.10100000351667404,200,0.0,0.0
2024-07-04 13:35:00+08:00,0.10100000351667404,0.10100000351667404,0.10100000351667404,0.10100000351667404,42000,0.0,0.0
2024-07-04 13:45:00+08:00,0.10100000351667404,0.10199999809265137,0.10100000351667404,0.10199999809265137,15000,0.0,0.0
2024-07-04 13:55:00+08:00,0.10199999809265137,0.10199999809265137,0.10199999809265137,0.10199999809265137,400,0.0,0.0
2024-07-04 14:00:00+08:00,0.10199999809265137,0.10199999809265137,0.10100000351667404,0.10199999809265137,538500,0.0,0.0
2024-07-04 14:20:00+08:00,0.10199999809265137,0.10300000011920929,0.10199999809265137,0.10199999809265137,2795700,0.0,0.0
2024-07-04 14:25:00+08:00,0.10199999809265137,0.10300000011920929,0.10199999809265137,0.10300000011920929,41000,0.0,0.0
2024-07-04 14:30:00+08:00,0.10199999809265137,0.10199999809265137,0.10199999809265137,0.10199999809265137,0,0.0,0.0
2024-07-04 14:50:00+08:00,0.10199999809265137,0.10199999809265137,0.10199999809265137,0.10199999809265137,17018000,0.0,0.0
2024-07-04 14:55:00+08:00,0.10199999809265137,0.10199999809265137,0.10100000351667404,0.10100000351667404,200,0.0,0.0
2024-07-04 15:20:00+08:00,0.10100000351667404,0.10199999809265137,0.10100000351667404,0.10199999809265137,60000,0.0,0.0
2024-07-04 15:30:00+08:00,0.10199999809265137,0.10199999809265137,0.10199999809265137,0.10199999809265137,304100,0.0,0.0
2024-07-04 15:35:00+08:00,0.10199999809265137,0.10199999809265137,0.10199999809265137,0.10199999809265137,281200,0.0,0.0
2024-07-04 15:50:00+08:00,0.10199999809265137,0.10199999809265137,0.10199999809265137,0.10199999809265137,80000,0.0,0.0
2024-07-04 16:05:00+08:00,0.10199999809265137,0.10199999809265137,0.10199999809265137,0.10199999809265137,100000,0.0,0.0
2024-07-04 16:40:00+08:00,0.10199999809265137,0.10199999809265137,0.10100000351667404,0.10100000351667404,300,0.0,0.0
2024-07-04 16:50:00+08:00,0.10100000351667404,0.10199999809265137,0.10100000351667404,0.10199999809265137,300400,0.0,0.0
2024-07-04 16:55:00+08:00,0.10199999809265137,0.10199999809265137,0.10199999809265137,0.10199999809265137,140200,0.0,0.0
2024-07-05 10:05:00+08:00,0.10100000351667404,0.10100000351667404,0.10000000149011612,0.10000000149011612,1170000,0.0,0.0
2024-07-05 11:55:00+08:00,0.10000000149011612,0.10100000351667404,0.10000000149011612,0.10100000351667404,100000,0.0,0.0
2024-07-05 13:10:00+08:00,0.10100000351667404,0.10100000351667404,0.10100000351667404,0.10100000351667404,100000,0.0,0.0
2024-07-05 13:15:00+08:00,0.10100000351667404,0.10100000351667404,0.10100000351667404,0.10100000351667404,354200,0.0,0.0
2024-07-05 13:20:00+08:00,0.10100000351667404,0.10100000351667404,0.10100000351667404,0.10100000351667404,1500,0.0,0.0
2024-07-05 13:25:00+08:00,0.10100000351667404,0.10100000351667404,0.10100000351667404,0.10100000351667404,200100,0.0,0.0
2024-07-05 13:30:00+08:00,0.10100000351667404,0.10100000351667404,0.10100000351667404,0.10100000351667404,200100,0.0,0.0
2024-07-05 15:05:00+08:00,0.10100000351667404,0.10100000351667404,0.10000000149011612,0.10000000149011612,50000,0.0,0.0
2024-07-05 15:10:00+08:00,0.10000000149011612,0.10100000351667404,0.10000000149011612,0.10100000351667404,98500,0.0,0.0
2024-07-05 15:50:00+08:00,0.10100000351667404,0.10100000351667404,0.10000000149011612,0.10000000149011612,50000,0.0,0.0
2024-07-05 16:45:00+08:00,0.10000000149011612,0.10000000149011612,0.10000000149011612,0.10000000149011612,350000,0.0,0.0
2024-07-08 09:00:00+08:00,0.10100000351667404,0.10100000351667404,0.10100000351667404,0.10100000351667404,213500,0.0,0.0
2024-07-08 09:05:00+08:00,0.10100000351667404,0.10100000351667404,0.10000000149011612,0.10000000149011612,150000,0.0,0.0
2024-07-08 09:10:00+08:00,0.10000000149011612,0.10100000351667404,0.10000000149011612,0.10100000351667404,407900,0.0,0.0
2024-07-08 09:15:00+08:00,0.10100000351667404,0.10100000351667404,0.10000000149011612,0.10000000149011612,217300,0.0,0.0
2024-07-08 10:15:00+08:00,0.10000000149011612,0.10100000351667404,0.10000000149011612,0.10100000351667404,100000,0.0,0.0
2024-07-08 11:35:00+08:00,0.10100000351667404,0.10100000351667404,0.10000000149011612,0.10000000149011612,60000,0.0,0.0
2024-07-08 14:10:00+08:00,0.10000000149011612,0.10000000149011612,0.10000000149011612,0.10000000149011612,100000,0.0,0.0
2024-07-08 15:40:00+08:00,0.10000000149011612,0.10000000149011612,0.10000000149011612,0.10000000149011612,30000,0.0,0.0
2024-07-08 15:55:00+08:00,0.10000000149011612,0.10000000149011612,0.10000000149011612,0.10000000149011612,100000,0.0,0.0
2024-07-08 16:10:00+08:00,0.10000000149011612,0.10000000149011612,0.10000000149011612,0.10000000149011612,100000,0.0,0.0
2024-07-08 16:15:00+08:00,0.10000000149011612,0.10000000149011612,0.10000000149011612,0.10000000149011612,100,0.0,0.0
2024-07-09 09:10:00+08:00,0.10000000149011612,0.10000000149011612,0.10000000149011612,0.10000000149011612,0,0.0,0.0
2024-07-09 09:20:00+08:00,0.10000000149011612,0.10000000149011612,0.10000000149011612,0.10000000149011612,120000,0.0,0.0
2024-07-09 09:25:00+08:00,0.10000000149011612,0.10000000149011612,0.10000000149011612,0.10000000149011612,10000,0.0,0.0
2024-07-09 09:30:00+08:00,0.10000000149011612,0.10000000149011612,0.10000000149011612,0.10000000149011612,12000,0.0,0.0
2024-07-09 09:35:00+08:00,0.10000000149011612,0.10000000149011612,0.10000000149011612,0.10000000149011612,50000,0.0,0.0
2024-07-09 10:15:00+08:00,0.10000000149011612,0.10000000149011612,0.10000000149011612,0.10000000149011612,90000,0.0,0.0
2024-07-09 11:15:00+08:00,0.10000000149011612,0.10000000149011612,0.10000000149011612,0.10000000149011612,30000,0.0,0.0
2024-07-10 09:00:00+08:00,0.0989999994635582,0.0989999994635582,0.0989999994635582,0.0989999994635582,0,0.0,0.0
2024-07-10 09:30:00+08:00,0.0989999994635582,0.0989999994635582,0.0989999994635582,0.0989999994635582,100000,0.0,0.0
2024-07-10 09:35:00+08:00,0.0989999994635582,0.0989999994635582,0.0989999994635582,0.0989999994635582,231400,0.0,0.0
2024-07-10 09:50:00+08:00,0.0989999994635582,0.0989999994635582,0.0989999994635582,0.0989999994635582,300000,0.0,0.0
2024-07-10 09:55:00+08:00,0.0989999994635582,0.0989999994635582,0.0989999994635582,0.0989999994635582,233000,0.0,0.0
2024-07-10 10:00:00+08:00,0.0989999994635582,0.0989999994635582,0.0989999994635582,0.0989999994635582,70000,0.0,0.0
2024-07-10 10:05:00+08:00,0.0989999994635582,0.0989999994635582,0.0989999994635582,0.0989999994635582,50000,0.0,0.0
2024-07-10 10:10:00+08:00,0.0989999994635582,0.0989999994635582,0.09799999743700027,0.0989999994635582,1420700,0.0,0.0
2024-07-10 10:15:00+08:00,0.0989999994635582,0.0989999994635582,0.09799999743700027,0.09799999743700027,103200,0.0,0.0
2024-07-10 10:20:00+08:00,0.09799999743700027,0.0989999994635582,0.09799999743700027,0.0989999994635582,100,0.0,0.0
2024-07-10 10:25:00+08:00,0.0989999994635582,0.10000000149011612,0.0989999994635582,0.10000000149011612,1177300,0.0,0.0
2024-07-10 10:30:00+08:00,0.10000000149011612,0.10000000149011612,0.0989999994635582,0.0989999994635582,100,0.0,0.0
2024-07-10 11:30:00+08:00,0.0989999994635582,0.0989999994635582,0.0989999994635582,0.0989999994635582,50000,0.0,0.0
2024-07-10 11:35:00+08:00,0.0989999994635582,0.10000000149011612,0.0989999994635582,0.10000000149011612,120000,0.0,0.0
2024-07-10 11:45:00+08:00,0.10000000149011612,0.10000000149011612,0.0989999994635582,0.0989999994635582,200,0.0,0.0
2024-07-10 11:50:00+08:00,0.0989999994635582,0.0989999994635582,0.0989999994635582,0.0989999994635582,5000,0.0,0.0
2024-07-10 11:55:00+08:00,0.0989999994635582,0.0989999994635582,0.0989999994635582,0.0989999994635582,80000,0.0,0.0
2024-07-10 12:55:00+08:00,0.0989999994635582,0.0989999994635582,0.0989999994635582,0.0989999994635582,100000,0.0,0.0
2024-07-10 13:00:00+08:00,0.0989999994635582,0.0989999994635582,0.0989999994635582,0.0989999994635582,60000,0.0,0.0
2024-07-10 13:10:00+08:00,0.0989999994635582,0.0989999994635582,0.0989999994635582,0.0989999994635582,188400,0.0,0.0
2024-07-10 13:20:00+08:00,0.0989999994635582,0.0989999994635582,0.0989999994635582,0.0989999994635582,40000,0.0,0.0
2024-07-10 13:25:00+08:00,0.0989999994635582,0.0989999994635582,0.0989999994635582,0.0989999994635582,100000,0.0,0.0
2024-07-10 13:30:00+08:00,0.0989999994635582,0.0989999994635582,0.0989999994635582,0.0989999994635582,130000,0.0,0.0
2024-07-10 13:35:00+08:00,0.0989999994635582,0.0989999994635582,0.0989999994635582,0.0989999994635582,100000,0.0,0.0
2024-07-10 14:35:00+08:00,0.0989999994635582,0.0989999994635582,0.0989999994635582,0.0989999994635582,200000,0.0,0.0
2024-07-10 14:40:00+08:00,0.0989999994635582,0.0989999994635582,0.0989999994635582,0.0989999994635582,50000,0.0,0.0
2024-07-10 14:45:00+08:00,0.0989999994635582,0.0989999994635582,0.0989999994635582,0.0989999994635582,150000,0.0,0.0
2024-07-10 15:00:00+08:00,0.0989999994635582,0.0989999994635582,0.0989999994635582,0.0989999994635582,50000,0.0,0.0
2024-07-10 15:35:00+08:00,0.0989999994635582,0.0989999994635582,0.0989999994635582,0.0989999994635582,399900,0.0,0.0
2024-07-10 15:40:00+08:00,0.0989999994635582,0.0989999994635582,0.0989999994635582,0.0989999994635582,100000,0.0,0.0
2024-07-10 15:45:00+08:00,0.0989999994635582,0.0989999994635582,0.0989999994635582,0.0989999994635582,1000,0.0,0.0
2024-07-10 15:50:00+08:00,0.0989999994635582,0.0989999994635582,0.0989999994635582,0.0989999994635582,99000,0.0,0.0
2024-07-10 16:05:00+08:00,0.0989999994635582,0.0989999994635582,0.09799999743700027,0.09799999743700027,1000,0.0,0.0
2024-07-10 16:50:00+08:00,0.09799999743700027,0.09799999743700027,0.09799999743700027,0.09799999743700027,100000,0.0,0.0
2024-07-11 09:00:00+08:00,0.0989999994635582,0.0989999994635582,0.0989999994635582,0.0989999994635582,104500,0.0,0.0
2024-07-11 09:05:00+08:00,0.0989999994635582,0.10000000149011612,0.0989999994635582,0.10000000149011612,140000,0.0,0.0
2024-07-11 09:10:00+08:00,0.10000000149011612,0.10000000149011612,0.0989999994635582,0.0989999994635582,170100,0.0,0.0
2024-07-11 09:40:00+08:00,0.0989999994635582,0.10000000149011612,0.0989999994635582,0.0989999994635582,610000,0.0,0.0
2024-07-11 09:50:00+08:00,0.0989999994635582,0.0989999994635582,0.0989999994635582,0.0989999994635582,40000,0.0,0.0
2024-07-11 10:20:00+08:00,0.0989999994635582,0.0989999994635582,0.0989999994635582,0.0989999994635582,100000,0.0,0.0
2024-07-11 11:30:00+08:00,0.0989999994635582,0.0989999994635582,0.0989999994635582,0.0989999994635582,500000,0.0,0.0
2024-07-11 11:35:00+08:00,0.0989999994635582,0.0989999994635582,0.0989999994635582,0.0989999994635582,175000,0.0,0.0
2024-07-11 13:35:00+08:00,0.0989999994635582,0.0989999994635582,0.09799999743700027,0.09799999743700027,70000,0.0,0.0
2024-07-11 14:45:00+08:00,0.09799999743700027,0.09799999743700027,0.09799999743700027,0.09799999743700027,70000,0.0,0.0
2024-07-11 15:20:00+08:00,0.09799999743700027,0.0989999994635582,0.09799999743700027,0.0989999994635582,100100,0.0,0.0
2024-07-11 15:55:00+08:00,0.0989999994635582,0.0989999994635582,0.09799999743700027,0.0989999994635582,200100,0.0,0.0
2024-07-12 09:10:00+08:00,0.0989999994635582,0.10000000149011612,0.0989999994635582,0.10000000149011612,32800,0.0,0.0
2024-07-12 09:15:00+08:00,0.10000000149011612,0.10000000149011612,0.10000000149011612,0.10000000149011612,200,0.0,0.0
2024-07-12 09:30:00+08:00,0.10000000149011612,0.10000000149011612,0.0989999994635582,0.0989999994635582,10000,0.0,0.0
2024-07-12 09:35:00+08:00,0.0989999994635582,0.0989999994635582,0.0989999994635582,0.0989999994635582,192300,0.0,0.0
2024-07-12 09:40:00+08:00,0.0989999994635582,0.0989999994635582,0.0989999994635582,0.0989999994635582,250000,0.0,0.0
2024-07-12 09:45:00+08:00,0.0989999994635582,0.0989999994635582,0.0989999994635582,0.0989999994635582,99300,0.0,0.0
2024-07-12 10:05:00+08:00,0.0989999994635582,0.0989999994635582,0.0989999994635582,0.0989999994635582,129300,0.0,0.0
2024-07-12 11:35:00+08:00,0.0989999994635582,0.0989999994635582,0.0989999994635582,0.0989999994635582,300000,0.0,0.0
2024-07-12 13:00:00+08:00,0.0989999994635582,0.10000000149011612,0.0989999994635582,0.10000000149011612,300000,0.0,0.0
2024-07-12 13:05:00+08:00,0.10000000149011612,0.10000000149011612,0.0989999994635582,0.0989999994635582,400,0.0,0.0
2024-07-12 13:30:00+08:00,0.0989999994635582,0.0989999994635582,0.0989999994635582,0.0989999994635582,100,0.0,0.0
2024-07-12 13:35:00+08:00,0.0989999994635582,0.0989999994635582,0.0989999994635582,0.0989999994635582,100,0.0,0.0
2024-07-12 14:40:00+08:00,0.0989999994635582,0.0989999994635582,0.09799999743700027,0.09799999743700027,400,0.0,0.0
2024-07-12 14:55:00+08:00,0.09799999743700027,0.0989999994635582,0.09799999743700027,0.09799999743700027,30100,0.0,0.0
2024-07-12 15:05:00+08:00,0.09799999743700027,0.0989999994635582,0.09799999743700027,0.09799999743700027,0,0.0,0.0
2024-07-12 15:40:00+08:00,0.09799999743700027,0.0989999994635582,0.09799999743700027,0.0989999994635582,1645900,0.0,0.0
2024-07-12 15:50:00+08:00,0.0989999994635582,0.0989999994635582,0.0989999994635582,0.0989999994635582,400,0.0,0.0
2024-07-12 16:05:00+08:00,0.0989999994635582,0.10000000149011612,0.0989999994635582,0.10000000149011612,605800,0.0,0.0
2024-07-12 16:10:00+08:00,0.10000000149011612,0.10000000149011612,0.0989999994635582,0.0989999994635582,400,0.0,0.0
2024-07-12 16:15:00+08:00,0.0989999994635582,0.10000000149011612,0.0989999994635582,0.10000000149011612,107100,0.0,0.0
2024-07-12 16:20:00+08:00,0.10000000149011612,0.10000000149011612,0.0989999994635582,0.0989999994635582,400,0.0,0.0
2024-07-12 16:30:00+08:00,0.0989999994635582,0.0989999994635582,0.0989999994635582,0.0989999994635582,220300,0.0,0.0
2024-07-15 09:05:00+08:00,0.10000000149011612,0.10000000149011612,0.0989999994635582,0.0989999994635582,0,0.0,0.0
2024-07-15 09:40:00+08:00,0.0989999994635582,0.10000000149011612,0.0989999994635582,0.0989999994635582,205700,0.0,0.0
2024-07-15 10:00:00+08:00,0.0989999994635582,0.10000000149011612,0.0989999994635582,0.10000000149011612,38800,0.0,0.0
2024-07-15 10:35:00+08:00,0.10000000149011612,0.10000000149011612,0.0989999994635582,0.0989999994635582,100,0.0,0.0
2024-07-15 11:10:00+08:00,0.0989999994635582,0.0989999994635582,0.0989999994635582,0.0989999994635582,50000,0.0,0.0
2024-07-15 11:15:00+08:00,0.0989999994635582,0.0989999994635582,0.0989999994635582,0.0989999994635582,50000,0.0,0.0
2024-07-15 11:20:00+08:00,0.0989999994635582,0.0989999994635582,0.0989999994635582,0.0989999994635582,50000,0.0,0.0
2024-07-15 11:40:00+08:00,0.0989999994635582,0.10000000149011612,0.0989999994635582,0.10000000149011612,150000,0.0,0.0
2024-07-15 13:35:00+08:00,0.0989999994635582,0.10000000149011612,0.0989999994635582,0.10000000149011612,1900,0.0,0.0
2024-07-15 13:40:00+08:00,0.10000000149011612,0.10000000149011612,0.0989999994635582,0.10000000149011612,150200,0.0,0.0
2024-07-15 13:45:00+08:00,0.10000000149011612,0.10000000149011612,0.10000000149011612,0.10000000149011612,200,0.0,0.0
2024-07-15 13:55:00+08:00,0.10000000149011612,0.10000000149011612,0.0989999994635582,0.0989999994635582,4000,0.0,0.0
2024-07-15 14:20:00+08:00,0.0989999994635582,0.10000000149011612,0.0989999994635582,0.10000000149011612,500000,0.0,0.0
2024-07-15 14:25:00+08:00,0.10000000149011612,0.10000000149011612,0.0989999994635582,0.0989999994635582,200,0.0,0.0
2024-07-15 15:05:00+08:00,0.0989999994635582,0.10000000149011612,0.0989999994635582,0.10000000149011612,150200,0.0,0.0
2024-07-15 15:30:00+08:00,0.10000000149011612,0.10000000149011612,0.10000000149011612,0.10000000149011612,400,0.0,0.0
2024-07-15 15:45:00+08:00,0.10000000149011612,0.10000000149011612,0.10000000149011612,0.10000000149011612,100000,0.0,0.0
2024-07-15 16:05:00+08:00,0.10000000149011612,0.10000000149011612,0.10000000149011612,0.10000000149011612,400,0.0,0.0
2024-07-15 16:50:00+08:00,0.10000000149011612,0.10000000149011612,0.10000000149011612,0.10000000149011612,400,0.0,0.0
2024-07-16 09:05:00+08:00,0.10000000149011612,0.10000000149011612,0.0989999994635582,0.0989999994635582,100,0.0,0.0
2024-07-16 09:20:00+08:00,0.0989999994635582,0.10000000149011612,0.0989999994635582,0.0989999994635582,759500,0.0,0.0
2024-07-16 11:20:00+08:00,0.0989999994635582,0.0989999994635582,0.09799999743700027,0.09799999743700027,8000,0.0,0.0
2024-07-16 13:10:00+08:00,0.09799999743700027,0.0989999994635582,0.09799999743700027,0.0989999994635582,40100,0.0,0.0
2024-07-16 15:25:00+08:00,0.0989999994635582,0.0989999994635582,0.0989999994635582,0.0989999994635582,33300,0.0,0.0
2024-07-17 11:10:00+08:00,0.09799999743700027,0.09799999743700027,0.09799999743700027,0.09799999743700027,0,0.0,0.0
2024-07-17 14:15:00+08:00,0.09799999743700027,0.09799999743700027,0.09799999743700027,0.09799999743700027,520000,0.0,0.0
2024-07-17 14:50:00+08:00,0.09799999743700027,0.09799999743700027,0.09799999743700027,0.09799999743700027,0,0.0,0.0
2024-07-17 15:20:00+08:00,0.09799999743700027,0.09799999743700027,0.09799999743700027,0.09799999743700027,929000,0.0,0.0
2024-07-17 15:30:00+08:00,0.09799999743700027,0.09799999743700027,0.09799999743700027,0.09799999743700027,200000,0.0,0.0
2024-07-17 15:45:00+08:00,0.09799999743700027,0.09799999743700027,0.09799999743700027,0.09799999743700027,350000,0.0,0.0
2024-07-17 16:10:00+08:00,0.09799999743700027,0.09799999743700027,0.09799999743700027,0.09799999743700027,200000,0.0,0.0
2024-07-17 16:15:00+08:00,0.09799999743700027,0.09799999743700027,0.09799999743700027,0.09799999743700027,385800,0.0,0.0
2024-07-17 16:25:00+08:00,0.09799999743700027,0.09799999743700027,0.09799999743700027,0.09799999743700027,200,0.0,0.0
2024-07-17 16:35:00+08:00,0.09799999743700027,0.09799999743700027,0.09799999743700027,0.09799999743700027,58200,0.0,0.0
2024-07-17 16:40:00+08:00,0.09799999743700027,0.09799999743700027,0.09799999743700027,0.09799999743700027,10000,0.0,0.0
2024-07-17 16:45:00+08:00,0.09799999743700027,0.09799999743700027,0.09799999743700027,0.09799999743700027,50000,0.0,0.0
2024-07-17 16:50:00+08:00,0.09799999743700027,0.09799999743700027,0.09799999743700027,0.09799999743700027,62000,0.0,0.0
2024-07-18 09:55:00+08:00,0.09799999743700027,0.09799999743700027,0.09799999743700027,0.09799999743700027,50000,0.0,0.0
2024-07-18 10:00:00+08:00,0.09799999743700027,0.09799999743700027,0.09799999743700027,0.09799999743700027,0,0.0,0.0
2024-07-18 11:20:00+08:00,0.09799999743700027,0.09799999743700027,0.09799999743700027,0.09799999743700027,571300,0.0,0.0
2024-07-18 11:40:00+08:00,0.09799999743700027,0.09799999743700027,0.09799999743700027,0.09799999743700027,50100,0.0,0.0
2024-07-18 12:55:00+08:00,0.09799999743700027,0.0989999994635582,0.09799999743700027,0.0989999994635582,50000,0.0,0.0
2024-07-18 13:10:00+08:00,0.0989999994635582,0.0989999994635582,0.09799999743700027,0.09799999743700027,100,0.0,0.0
2024-07-18 16:15:00+08:00,0.09799999743700027,0.09799999743700027,0.09799999743700027,0.09799999743700027,100,0.0,0.0
2024-07-18 16:55:00+08:00,0.09799999743700027,0.09799999743700027,0.09799999743700027,0.09799999743700027,350000,0.0,0.0
2024-07-19 09:05:00+08:00,0.09799999743700027,0.09799999743700027,0.09700000286102295,0.09700000286102295,100000,0.0,0.0
2024-07-19 09:25:00+08:00,0.09700000286102295,0.09700000286102295,0.09700000286102295,0.09700000286102295,210200,0.0,0.0
2024-07-19 09:30:00+08:00,0.09700000286102295,0.09700000286102295,0.09700000286102295,0.09700000286102295,150000,0.0,0.0
2024-07-19 10:35:00+08:00,0.09700000286102295,0.09799999743700027,0.09700000286102295,0.09799999743700027,20000,0.0,0.0
2024-07-19 11:00:00+08:00,0.09799999743700027,0.09799999743700027,0.09799999743700027,0.09799999743700027,10000,0.0,0.0
2024-07-19 13:40:00+08:00,0.09799999743700027,0.09799999743700027,0.09799999743700027,0.09799999743700027,100000,0.0,0.0
2024-07-19 14:30:00+08:00,0.09799999743700027,0.09799999743700027,0.09799999743700027,0.09799999743700027,100000,0.0,0.0
2024-07-19 14:35:00+08:00,0.09799999743700027,0.09799999743700027,0.09700000286102295,0.09700000286102295,46300,0.0,0.0
2024-07-19 16:00:00+08:00,0.09700000286102295,0.09700000286102295,0.09700000286102295,0.09700000286102295,4000,0.0,0.0
2024-07-19 16:50:00+08:00,0.09700000286102295,0.09700000286102295,0.09700000286102295,0.09700000286102295,40000,0.0,0.0
