Datetime,Open,High,Low,Close,Volume,Dividends,Stock Splits
2022-07-27 09:00:00+08:00,116.5,116.5,116.5,116.5,0,0.0,0.0
2022-07-27 10:00:00+08:00,116.5,116.5,116.5,116.5,1142,0.0,0.0
2022-07-27 11:00:00+08:00,116.5,116.5,116.5,116.5,2087,0.0,0.0
2022-07-27 12:00:00+08:00,116.5,117.0,116.5,117.0,2398,0.0,0.0
2022-07-28 11:00:00+08:00,116.5,116.5,116.5,116.5,3047,0.0,0.0
2022-07-29 09:00:00+08:00,116.0,116.5,116.0,116.5,1288,0.0,0.0
2022-07-29 11:00:00+08:00,116.5,116.5,116.5,116.5,4090,0.0,0.0
2022-07-29 12:00:00+08:00,117.0,117.0,117.0,117.0,2195,0.0,0.0
2022-08-01 09:00:00+08:00,115.5,115.5,115.0,115.0,0,0.0,0.0
2022-08-01 10:00:00+08:00,115.0,115.5,115.0,115.5,4385,0.0,0.0
2022-08-02 09:00:00+08:00,115.0,115.0,114.0,114.0,4527,0.0,0.0
2022-08-02 10:00:00+08:00,114.0,114.0,113.0,113.5,13343,0.0,0.0
2022-08-02 11:00:00+08:00,113.5,113.5,113.5,113.5,3670,0.0,0.0
2022-08-02 12:00:00+08:00,113.0,113.0,113.0,113.0,3339,0.0,0.0
2022-08-03 09:00:00+08:00,112.0,113.0,112.0,112.5,0,0.0,0.0
2022-08-03 12:00:00+08:00,113.0,113.0,113.0,113.0,3180,0.0,0.0
2022-08-03 13:00:00+08:00,114.0,114.0,114.0,114.0,1000,0.0,0.0
2022-08-04 09:00:00+08:00,,,,,0,4.0,0.0
2022-08-04 10:00:00+08:00,112.0,114.0,110.0,111.0,7121,0.0,0.0
2022-08-04 11:00:00+08:00,111.0,111.0,111.0,111.0,2008,0.0,0.0
2022-08-05 11:00:00+08:00,110.0,110.0,110.0,110.0,0,0.0,0.0
2022-08-08 10:00:00+08:00,107.5,107.5,107.5,107.5,3046,0.0,0.0
2022-08-08 11:00:00+08:00,107.0,107.0,107.0,107.0,1651,0.0,0.0
2022-08-09 11:00:00+08:00,110.0,110.0,110.0,110.0,0,0.0,0.0
2022-08-09 12:00:00+08:00,109.0,109.0,108.5,108.5,3900,0.0,0.0
2022-08-10 10:00:00+08:00,110.0,111.0,110.0,110.0,2017,0.0,0.0
2022-08-10 11:00:00+08:00,110.0,110.0,110.0,110.0,1377,0.0,0.0
2022-08-11 09:00:00+08:00,110.5,110.5,110.5,110.5,0,0.0,0.0
2022-08-11 10:00:00+08:00,110.5,110.5,110.0,110.0,3363,0.0,0.0
2022-08-11 11:00:00+08:00,110.5,110.5,110.5,110.5,2389,0.0,0.0
2022-08-12 11:00:00+08:00,111.0,111.0,110.5,110.5,1044,0.0,0.0
2022-08-12 12:00:00+08:00,111.0,111.0,111.0,111.0,1042,0.0,0.0
2022-08-12 13:00:00+08:00,111.0,111.0,111.0,111.0,1828,0.0,0.0
2022-08-15 11:00:00+08:00,111.0,111.0,111.0,111.0,276,0.0,0.0
2022-08-16 10:00:00+08:00,111.5,111.5,111.5,111.5,0,0.0,0.0
2022-08-16 11:00:00+08:00,111.5,111.5,111.5,111.5,1337,0.0,0.0
2022-08-16 13:00:00+08:00,111.0,111.0,111.0,111.0,2564,0.0,0.0
2022-08-17 09:00:00+08:00,108.0,110.0,108.0,110.0,0,0.0,0.0
2022-08-17 10:00:00+08:00,111.0,112.0,111.0,112.0,2899,0.0,0.0
2022-08-18 09:00:00+08:00,110.0,110.5,110.0,110.5,0,0.0,0.0
2022-08-18 10:00:00+08:00,111.0,111.0,111.0,111.0,1799,0.0,0.0
2022-08-18 11:00:00+08:00,111.0,111.0,111.0,111.0,2142,0.0,0.0
2022-08-18 13:00:00+08:00,111.5,111.5,111.5,111.5,2033,0.0,0.0
2022-08-19 10:00:00+08:00,111.5,111.5,111.5,111.5,0,0.0,0.0
2022-08-19 11:00:00+08:00,109.5,110.0,109.5,109.5,6307,0.0,0.0
2022-08-19 12:00:00+08:00,110.0,110.0,110.0,110.0,2937,0.0,0.0
2022-08-22 10:00:00+08:00,111.5,111.5,111.5,111.5,0,0.0,0.0
2022-08-22 11:00:00+08:00,111.0,111.0,111.0,111.0,0,0.0,0.0
2022-08-23 13:00:00+08:00,110.5,111.0,110.5,111.0,3052,0.0,0.0
2022-08-24 09:00:00+08:00,110.0,110.0,107.0,107.0,6643,0.0,0.0
2022-08-24 10:00:00+08:00,107.0,107.5,107.0,107.0,7892,0.0,0.0
2022-08-24 11:00:00+08:00,107.0,107.0,107.0,107.0,3003,0.0,0.0
2022-08-24 12:00:00+08:00,107.5,107.5,107.5,107.5,4359,0.0,0.0
2022-08-24 13:00:00+08:00,107.0,107.0,107.0,107.0,8565,0.0,0.0
2022-08-25 09:00:00+08:00,107.0,107.0,107.0,107.0,0,0.0,0.0
2022-08-25 10:00:00+08:00,107.0,107.0,106.5,106.5,6347,0.0,0.0
2022-08-25 11:00:00+08:00,106.5,106.5,106.0,106.0,9275,0.0,0.0
2022-08-25 12:00:00+08:00,105.5,105.5,104.0,104.0,21586,0.0,0.0
2022-08-25 13:00:00+08:00,105.0,105.0,105.0,105.0,1474,0.0,0.0
2022-08-26 09:00:00+08:00,104.0,104.0,102.0,103.0,0,0.0,0.0
2022-08-26 10:00:00+08:00,102.5,102.5,102.0,102.0,17546,0.0,0.0
2022-08-26 11:00:00+08:00,101.5,101.5,101.0,101.0,14470,0.0,0.0
2022-08-26 12:00:00+08:00,101.0,101.5,101.0,101.5,5528,0.0,0.0
2022-08-26 13:00:00+08:00,102.0,102.0,102.0,102.0,7244,0.0,0.0
2022-08-29 09:00:00+08:00,100.0,101.5,100.0,101.5,0,0.0,0.0
2022-08-29 10:00:00+08:00,101.5,101.5,101.5,101.5,4012,0.0,0.0
2022-08-29 11:00:00+08:00,101.5,101.5,101.0,101.0,10776,0.0,0.0
2022-08-29 12:00:00+08:00,101.0,101.5,101.0,101.5,6132,0.0,0.0
2022-08-30 09:00:00+08:00,102.0,103.0,102.0,103.0,0,0.0,0.0
2022-08-30 10:00:00+08:00,103.0,103.0,102.5,102.5,4511,0.0,0.0
2022-08-30 11:00:00+08:00,102.0,102.0,102.0,102.0,1886,0.0,0.0
2022-08-30 12:00:00+08:00,102.0,102.0,102.0,102.0,2249,0.0,0.0
2022-08-30 13:00:00+08:00,102.0,102.0,102.0,102.0,0,0.0,0.0
2022-08-31 10:00:00+08:00,102.0,102.0,102.0,102.0,3023,0.0,0.0
2022-08-31 11:00:00+08:00,102.0,102.0,102.0,102.0,1110,0.0,0.0
2022-08-31 12:00:00+08:00,102.5,102.5,102.0,102.0,2275,0.0,0.0
2022-09-01 09:00:00+08:00,101.0,101.0,100.5,100.5,4880,0.0,0.0
2022-09-01 10:00:00+08:00,100.5,100.5,100.5,100.5,6476,0.0,0.0
2022-09-01 11:00:00+08:00,101.0,101.0,101.0,101.0,3107,0.0,0.0
2022-09-01 12:00:00+08:00,101.5,101.5,101.5,101.5,2037,0.0,0.0
2022-09-01 13:00:00+08:00,100.5,100.5,100.5,100.5,7272,0.0,0.0
2022-09-02 11:00:00+08:00,101.5,101.5,101.5,101.5,0,0.0,0.0
2022-09-05 09:00:00+08:00,101.5,101.5,101.0,101.0,3098,0.0,0.0
2022-09-05 10:00:00+08:00,101.0,101.0,101.0,101.0,2536,0.0,0.0
2022-09-05 11:00:00+08:00,100.5,100.5,100.5,100.5,8999,0.0,0.0
2022-09-06 12:00:00+08:00,101.5,101.5,101.5,101.5,0,0.0,0.0
2022-09-06 13:00:00+08:00,102.0,102.0,101.5,101.5,3578,0.0,0.0
2022-09-07 11:00:00+08:00,101.5,101.5,101.5,101.5,1772,0.0,0.0
2022-09-08 11:00:00+08:00,101.5,101.5,101.5,101.5,1365,0.0,0.0
2022-09-12 09:00:00+08:00,102.0,102.5,102.0,102.5,0,0.0,0.0
2022-09-12 11:00:00+08:00,102.0,102.0,102.0,102.0,3620,0.0,0.0
2022-09-12 13:00:00+08:00,102.0,102.0,102.0,102.0,2025,0.0,0.0
2022-09-13 09:00:00+08:00,102.0,102.0,102.0,102.0,0,0.0,0.0
2022-09-13 13:00:00+08:00,101.5,101.5,101.0,101.0,6950,0.0,0.0
2022-09-14 12:00:00+08:00,101.0,101.0,101.0,101.0,0,0.0,0.0
2022-09-15 09:00:00+08:00,100.5,100.5,100.0,100.0,5485,0.0,0.0
2022-09-15 10:00:00+08:00,100.5,101.0,100.5,100.5,10600,0.0,0.0
2022-09-16 09:00:00+08:00,100.0,100.0,100.0,100.0,0,0.0,0.0
2022-09-19 09:00:00+08:00,100.0,100.0,97.0,97.5,20536,0.0,0.0
2022-09-19 10:00:00+08:00,97.5999984741211,98.0,97.5999984741211,98.0,6444,0.0,0.0
2022-09-19 11:00:00+08:00,98.0,98.0,98.0,98.0,5630,0.0,0.0
2022-09-19 12:00:00+08:00,98.0,98.0,98.0,98.0,1607,0.0,0.0
2022-09-19 13:00:00+08:00,98.0,98.0,98.0,98.0,0,0.0,0.0
2022-09-20 10:00:00+08:00,97.9000015258789,97.9000015258789,97.9000015258789,97.9000015258789,4635,0.0,0.0
2022-09-20 13:00:00+08:00,97.5,97.5,97.30000305175781,97.30000305175781,3006,0.0,0.0
2022-09-21 09:00:00+08:00,97.0,97.0,96.9000015258789,97.0,0,0.0,0.0
2022-09-21 10:00:00+08:00,97.0,97.0,97.0,97.0,2398,0.0,0.0
2022-09-21 11:00:00+08:00,97.0,97.0,97.0,97.0,4371,0.0,0.0
2022-09-21 12:00:00+08:00,97.0,97.0,97.0,97.0,1000,0.0,0.0
2022-09-23 09:00:00+08:00,97.0,97.0,97.0,97.0,0,0.0,0.0
2022-09-23 10:00:00+08:00,97.0,97.0,97.0,97.0,6130,0.0,0.0
2022-09-27 12:00:00+08:00,97.0,97.0,97.0,97.0,0,0.0,0.0
2022-09-28 10:00:00+08:00,96.5999984741211,96.5999984741211,96.0,96.0,2450,0.0,0.0
2022-09-28 11:00:00+08:00,96.0,96.0,96.0,96.0,2007,0.0,0.0
2022-09-28 12:00:00+08:00,95.5,95.5,95.0999984741211,95.0999984741211,10191,0.0,0.0
2022-09-28 13:00:00+08:00,95.0,95.0,94.0,94.0,6457,0.0,0.0
2022-09-29 10:00:00+08:00,94.0,94.0,94.0,94.0,0,0.0,0.0
2022-09-29 11:00:00+08:00,93.9000015258789,94.0,93.9000015258789,94.0,3107,0.0,0.0
2022-09-29 13:00:00+08:00,94.0999984741211,94.0999984741211,94.0,94.0,2451,0.0,0.0
2022-09-30 09:00:00+08:00,91.0,91.5999984741211,91.0,91.5999984741211,0,0.0,0.0
2022-09-30 10:00:00+08:00,92.0,92.0,91.5,91.5,7862,0.0,0.0
2022-09-30 11:00:00+08:00,91.5,91.5,91.5,91.5,1828,0.0,0.0
2022-09-30 12:00:00+08:00,91.4000015258789,91.4000015258789,91.30000305175781,91.4000015258789,7495,0.0,0.0
2022-09-30 13:00:00+08:00,91.69999694824219,92.0,91.5999984741211,91.5999984741211,5615,0.0,0.0
2022-10-03 09:00:00+08:00,92.0999984741211,92.30000305175781,92.0999984741211,92.30000305175781,0,0.0,0.0
2022-10-03 10:00:00+08:00,92.30000305175781,92.30000305175781,92.30000305175781,92.30000305175781,1846,0.0,0.0
2022-10-04 09:00:00+08:00,92.4000015258789,92.4000015258789,92.30000305175781,92.30000305175781,0,0.0,0.0
2022-10-04 12:00:00+08:00,91.0999984741211,91.69999694824219,91.0,91.69999694824219,5545,0.0,0.0
2022-10-05 09:00:00+08:00,93.0,93.0,93.0,93.0,0,0.0,0.0
2022-10-05 10:00:00+08:00,93.80000305175781,93.80000305175781,93.80000305175781,93.80000305175781,1445,0.0,0.0
2022-10-05 12:00:00+08:00,93.80000305175781,93.80000305175781,93.80000305175781,93.80000305175781,2352,0.0,0.0
2022-10-06 12:00:00+08:00,93.80000305175781,93.80000305175781,93.80000305175781,93.80000305175781,0,0.0,0.0
2022-10-06 13:00:00+08:00,93.80000305175781,93.80000305175781,93.80000305175781,93.80000305175781,1012,0.0,0.0
2022-10-07 09:00:00+08:00,93.80000305175781,93.80000305175781,93.80000305175781,93.80000305175781,0,0.0,0.0
2022-10-07 11:00:00+08:00,93.80000305175781,94.0,93.80000305175781,93.80000305175781,5122,0.0,0.0
2022-10-07 12:00:00+08:00,93.80000305175781,93.80000305175781,93.80000305175781,93.80000305175781,1000,0.0,0.0
2022-10-11 12:00:00+08:00,90.9000015258789,90.9000015258789,90.9000015258789,90.9000015258789,1173,0.0,0.0
2022-10-11 13:00:00+08:00,91.0,91.0,91.0,91.0,2694,0.0,0.0
2022-10-12 09:00:00+08:00,91.0,91.0,90.0,90.19999694824219,0,0.0,0.0
2022-10-12 10:00:00+08:00,90.5,90.5,90.5,90.5,2797,0.0,0.0
2022-10-12 12:00:00+08:00,91.0,91.0,91.0,91.0,1740,0.0,0.0
2022-10-13 10:00:00+08:00,90.19999694824219,90.19999694824219,90.0,90.0,3860,0.0,0.0
2022-10-13 11:00:00+08:00,90.0,90.0,88.0,88.0999984741211,14515,0.0,0.0
2022-10-13 12:00:00+08:00,88.4000015258789,88.4000015258789,88.4000015258789,88.4000015258789,1209,0.0,0.0
2022-10-13 13:00:00+08:00,88.4000015258789,88.4000015258789,88.4000015258789,88.4000015258789,2131,0.0,0.0
2022-10-14 10:00:00+08:00,88.80000305175781,88.80000305175781,88.80000305175781,88.80000305175781,2990,0.0,0.0
2022-10-14 13:00:00+08:00,88.80000305175781,88.9000015258789,88.4000015258789,88.9000015258789,3168,0.0,0.0
2022-10-17 09:00:00+08:00,87.30000305175781,90.0,87.30000305175781,90.0,1306,0.0,0.0
2022-10-18 09:00:00+08:00,89.0,89.0,89.0,89.0,800,0.0,0.0
2022-10-18 11:00:00+08:00,88.19999694824219,88.19999694824219,88.19999694824219,88.19999694824219,3008,0.0,0.0
2022-10-18 13:00:00+08:00,88.5999984741211,88.5999984741211,88.5999984741211,88.5999984741211,2393,0.0,0.0
2022-10-19 10:00:00+08:00,88.0,88.0,88.0,88.0,2775,0.0,0.0
2022-10-19 11:00:00+08:00,87.4000015258789,87.4000015258789,87.0999984741211,87.0999984741211,4930,0.0,0.0
2022-10-19 12:00:00+08:00,87.5,87.5,87.5,87.5,2570,0.0,0.0
2022-10-19 13:00:00+08:00,87.0999984741211,87.0999984741211,87.0999984741211,87.0999984741211,4245,0.0,0.0
2022-10-20 09:00:00+08:00,86.0,86.0,83.9000015258789,83.9000015258789,0,0.0,0.0
2022-10-20 10:00:00+08:00,84.0,84.0,84.0,84.0,2650,0.0,0.0
2022-10-20 11:00:00+08:00,84.30000305175781,84.30000305175781,84.30000305175781,84.30000305175781,4953,0.0,0.0
2022-10-20 12:00:00+08:00,84.19999694824219,84.19999694824219,84.0,84.0,8026,0.0,0.0
2022-10-20 13:00:00+08:00,83.9000015258789,83.9000015258789,83.5999984741211,83.5999984741211,7364,0.0,0.0
2022-10-21 09:00:00+08:00,84.5,84.5,84.5,84.5,0,0.0,0.0
2022-10-21 11:00:00+08:00,84.5,84.5,84.5,84.5,1500,0.0,0.0
2022-10-21 12:00:00+08:00,84.0999984741211,84.0999984741211,84.0999984741211,84.0999984741211,4255,0.0,0.0
2022-10-24 09:00:00+08:00,84.30000305175781,84.30000305175781,84.30000305175781,84.30000305175781,0,0.0,0.0
2022-10-24 10:00:00+08:00,84.19999694824219,84.19999694824219,83.5,83.5,4025,0.0,0.0
2022-10-24 11:00:00+08:00,83.0,83.5,83.0,83.5,3814,0.0,0.0
2022-10-24 12:00:00+08:00,83.5,83.5,83.0,83.0,5294,0.0,0.0
2022-10-24 13:00:00+08:00,82.0999984741211,82.0999984741211,82.0999984741211,82.0999984741211,2459,0.0,0.0
2022-10-25 09:00:00+08:00,82.0,82.0,80.0,80.0,0,0.0,0.0
2022-10-25 10:00:00+08:00,79.9000015258789,79.9000015258789,79.4000015258789,79.4000015258789,5433,0.0,0.0
2022-10-25 11:00:00+08:00,79.4000015258789,79.4000015258789,78.80000305175781,78.80000305175781,12176,0.0,0.0
2022-10-25 12:00:00+08:00,78.5,78.5,78.0999984741211,78.0999984741211,7809,0.0,0.0
2022-10-25 13:00:00+08:00,78.0,78.0,78.0,78.0,4519,0.0,0.0
2022-10-26 09:00:00+08:00,78.69999694824219,78.69999694824219,78.69999694824219,78.69999694824219,0,0.0,0.0
2022-10-26 11:00:00+08:00,78.0,78.0,77.5,77.5,4089,0.0,0.0
2022-10-26 12:00:00+08:00,77.5999984741211,77.5999984741211,77.5999984741211,77.5999984741211,1520,0.0,0.0
2022-10-26 13:00:00+08:00,77.30000305175781,77.30000305175781,77.19999694824219,77.19999694824219,0,0.0,0.0
2022-10-27 12:00:00+08:00,77.4000015258789,77.4000015258789,77.4000015258789,77.4000015258789,3000,0.0,0.0
2022-10-28 11:00:00+08:00,77.4000015258789,77.4000015258789,77.19999694824219,77.19999694824219,1490,0.0,0.0
2022-10-28 12:00:00+08:00,77.0,77.0999984741211,77.0,77.0999984741211,2379,0.0,0.0
2022-10-28 13:00:00+08:00,77.0,77.0,77.0,77.0,3252,0.0,0.0
2022-10-31 10:00:00+08:00,80.0,80.0,80.0,80.0,2140,0.0,0.0
2022-10-31 12:00:00+08:00,80.0,80.0,80.0,80.0,0,0.0,0.0
2022-11-01 09:00:00+08:00,80.0,80.0,80.0,80.0,1828,0.0,0.0
2022-11-01 12:00:00+08:00,80.0,80.0,80.0,80.0,0,0.0,0.0
2022-11-02 10:00:00+08:00,80.0999984741211,80.19999694824219,80.0999984741211,80.19999694824219,3998,0.0,0.0
2022-11-03 09:00:00+08:00,81.0,81.0,81.0,81.0,0,0.0,0.0
2022-11-03 11:00:00+08:00,82.0,82.0,82.0,82.0,2184,0.0,0.0
2022-11-03 12:00:00+08:00,82.0,82.0,82.0,82.0,1121,0.0,0.0
2022-11-03 13:00:00+08:00,81.80000305175781,81.80000305175781,81.80000305175781,81.80000305175781,1529,0.0,0.0
2022-11-07 09:00:00+08:00,80.5,81.0,80.5,81.0,0,0.0,0.0
2022-11-07 10:00:00+08:00,80.80000305175781,80.80000305175781,80.80000305175781,80.80000305175781,1000,0.0,0.0
2022-11-07 12:00:00+08:00,80.69999694824219,80.69999694824219,80.5999984741211,80.5999984741211,3942,0.0,0.0
2022-11-07 13:00:00+08:00,80.5999984741211,80.5999984741211,80.5,80.5,2000,0.0,0.0
2022-11-09 10:00:00+08:00,80.5,81.0,80.5,81.0,2146,0.0,0.0
2022-11-09 11:00:00+08:00,81.0,81.0,81.0,81.0,2469,0.0,0.0
2022-11-09 12:00:00+08:00,81.0,81.0,81.0,81.0,2134,0.0,0.0
2022-11-10 13:00:00+08:00,80.0999984741211,80.0999984741211,80.0999984741211,80.0999984741211,0,0.0,0.0
2022-11-11 11:00:00+08:00,80.80000305175781,80.80000305175781,80.80000305175781,80.80000305175781,1005,0.0,0.0
2022-11-11 12:00:00+08:00,80.9000015258789,80.9000015258789,80.9000015258789,80.9000015258789,1326,0.0,0.0
2022-11-14 11:00:00+08:00,80.9000015258789,80.9000015258789,80.5999984741211,80.5999984741211,3581,0.0,0.0
2022-11-14 12:00:00+08:00,80.9000015258789,80.9000015258789,80.9000015258789,80.9000015258789,1914,0.0,0.0
2022-11-15 09:00:00+08:00,80.9000015258789,80.9000015258789,80.9000015258789,80.9000015258789,0,0.0,0.0
2022-11-15 10:00:00+08:00,80.9000015258789,80.9000015258789,80.9000015258789,80.9000015258789,3856,0.0,0.0
2022-11-15 11:00:00+08:00,81.0999984741211,81.30000305175781,80.9000015258789,80.9000015258789,7071,0.0,0.0
2022-11-15 12:00:00+08:00,81.30000305175781,81.5,81.30000305175781,81.5,5017,0.0,0.0
2022-11-15 13:00:00+08:00,81.4000015258789,81.5999984741211,81.4000015258789,81.5999984741211,7011,0.0,0.0
2022-11-16 09:00:00+08:00,81.4000015258789,81.4000015258789,81.4000015258789,81.4000015258789,0,0.0,0.0
2022-11-16 10:00:00+08:00,81.5999984741211,81.5999984741211,81.5999984741211,81.5999984741211,3170,0.0,0.0
2022-11-16 11:00:00+08:00,81.5999984741211,81.5999984741211,81.5999984741211,81.5999984741211,5080,0.0,0.0
2022-11-16 12:00:00+08:00,81.5999984741211,81.5999984741211,81.5999984741211,81.5999984741211,8715,0.0,0.0
2022-11-16 13:00:00+08:00,81.5,81.5,81.5,81.5,1014,0.0,0.0
2022-11-18 10:00:00+08:00,82.0,82.0,82.0,82.0,2653,0.0,0.0
2022-11-18 11:00:00+08:00,82.0999984741211,85.0,82.0999984741211,82.19999694824219,8953,0.0,0.0
2022-11-18 12:00:00+08:00,82.0,82.0,81.69999694824219,81.69999694824219,5730,0.0,0.0
2022-11-18 13:00:00+08:00,82.19999694824219,82.19999694824219,81.9000015258789,81.9000015258789,3014,0.0,0.0
2022-11-21 13:00:00+08:00,82.19999694824219,82.19999694824219,82.19999694824219,82.19999694824219,0,0.0,0.0
2022-11-23 11:00:00+08:00,82.69999694824219,82.69999694824219,82.69999694824219,82.69999694824219,0,0.0,0.0
2022-11-23 12:00:00+08:00,83.0,83.0,83.0,83.0,2914,0.0,0.0
2022-11-23 13:00:00+08:00,83.0,83.0,83.0,83.0,2190,0.0,0.0
2022-11-25 12:00:00+08:00,83.0,83.0,83.0,83.0,0,0.0,0.0
2022-11-28 09:00:00+08:00,84.0,84.30000305175781,84.0,84.30000305175781,1255,0.0,0.0
2022-11-28 10:00:00+08:00,84.5,85.0,84.5,85.0,8675,0.0,0.0
2022-11-28 11:00:00+08:00,86.0,86.0,86.0,86.0,1436,0.0,0.0
2022-11-28 12:00:00+08:00,86.0,86.0,86.0,86.0,3246,0.0,0.0
2022-11-28 13:00:00+08:00,86.0,86.0,86.0,86.0,2027,0.0,0.0
2022-11-29 09:00:00+08:00,88.0,88.0,88.0,88.0,0,0.0,0.0
2022-11-29 10:00:00+08:00,89.0,89.0,88.80000305175781,88.80000305175781,2070,0.0,0.0
2022-11-29 11:00:00+08:00,89.0,89.0,89.0,89.0,6191,0.0,0.0
2022-11-29 12:00:00+08:00,89.5,90.0,89.5,90.0,9002,0.0,0.0
2022-11-29 13:00:00+08:00,91.0,92.0,91.0,92.0,2613,0.0,0.0
2022-11-30 09:00:00+08:00,92.0,92.0,92.0,92.0,0,0.0,0.0
2022-11-30 11:00:00+08:00,92.0999984741211,94.19999694824219,92.0,94.19999694824219,13286,0.0,0.0
2022-11-30 12:00:00+08:00,95.0,95.5999984741211,95.0,95.5,9378,0.0,0.0
2022-11-30 13:00:00+08:00,96.0,96.0999984741211,96.0,96.0,7130,0.0,0.0
2022-12-01 09:00:00+08:00,96.0,103.5,96.0,103.5,2200,0.0,0.0
2022-12-01 10:00:00+08:00,103.5,104.5,102.5,102.5,26985,0.0,0.0
2022-12-01 11:00:00+08:00,102.5,103.0,102.5,102.5,6516,0.0,0.0
2022-12-01 12:00:00+08:00,103.0,103.0,102.5,103.0,8711,0.0,0.0
2022-12-01 13:00:00+08:00,102.5,102.5,102.0,102.0,5329,0.0,0.0
2022-12-02 09:00:00+08:00,104.5,104.5,100.0,100.0,0,0.0,0.0
2022-12-02 11:00:00+08:00,103.0,103.0,103.0,103.0,3045,0.0,0.0
2022-12-02 12:00:00+08:00,102.5,102.5,102.0,102.0,4714,0.0,0.0
2022-12-05 09:00:00+08:00,103.0,103.5,103.0,103.5,0,0.0,0.0
2022-12-05 10:00:00+08:00,104.0,105.5,104.0,105.0,13128,0.0,0.0
2022-12-05 11:00:00+08:00,106.5,106.5,106.0,106.0,4254,0.0,0.0
2022-12-05 12:00:00+08:00,106.5,106.5,106.0,106.0,7089,0.0,0.0
2022-12-06 10:00:00+08:00,106.0,106.0,106.0,106.0,1406,0.0,0.0
2022-12-06 11:00:00+08:00,106.0,106.0,106.0,106.0,2361,0.0,0.0
2022-12-06 13:00:00+08:00,106.0,106.0,106.0,106.0,1078,0.0,0.0
2022-12-07 09:00:00+08:00,106.5,108.0,106.5,107.0,2741,0.0,0.0
2022-12-07 10:00:00+08:00,107.0,110.0,107.0,109.0,16791,0.0,0.0
2022-12-07 11:00:00+08:00,109.0,112.0,109.0,112.0,17191,0.0,0.0
2022-12-07 12:00:00+08:00,113.0,115.5,113.0,115.5,14852,0.0,0.0
2022-12-07 13:00:00+08:00,114.0,114.5,113.0,114.0,11200,0.0,0.0
2022-12-08 09:00:00+08:00,113.0,113.0,106.0,106.0,0,0.0,0.0
2022-12-08 10:00:00+08:00,105.5,105.5,104.0,104.0,14380,0.0,0.0
2022-12-08 11:00:00+08:00,104.5,107.0,103.5,107.0,12189,0.0,0.0
2022-12-08 12:00:00+08:00,105.5,105.5,105.5,105.5,5320,0.0,0.0
2022-12-08 13:00:00+08:00,105.5,105.5,105.0,105.0,4220,0.0,0.0
2022-12-09 09:00:00+08:00,105.5,105.5,104.5,104.5,0,0.0,0.0
2022-12-09 10:00:00+08:00,104.5,104.5,104.5,104.5,1340,0.0,0.0
2022-12-09 11:00:00+08:00,104.0,104.0,104.0,104.0,1995,0.0,0.0
2022-12-09 12:00:00+08:00,104.0,104.0,104.0,104.0,3012,0.0,0.0
2022-12-09 13:00:00+08:00,104.0,104.5,104.0,104.5,2122,0.0,0.0
2022-12-12 11:00:00+08:00,103.0,103.0,103.0,103.0,2050,0.0,0.0
2022-12-12 13:00:00+08:00,102.5,103.0,102.5,103.0,5096,0.0,0.0
2022-12-13 09:00:00+08:00,102.5,103.5,102.5,103.0,0,0.0,0.0
2022-12-13 10:00:00+08:00,102.5,103.0,102.5,103.0,4842,0.0,0.0
2022-12-13 11:00:00+08:00,103.0,103.0,102.0,102.0,14044,0.0,0.0
2022-12-13 12:00:00+08:00,102.5,102.5,102.5,102.5,3744,0.0,0.0
2022-12-14 09:00:00+08:00,103.0,103.5,103.0,103.5,0,0.0,0.0
2022-12-14 11:00:00+08:00,103.5,103.5,103.5,103.5,4204,0.0,0.0
2022-12-14 12:00:00+08:00,102.0,102.0,102.0,102.0,3356,0.0,0.0
2022-12-14 13:00:00+08:00,102.0,102.0,102.0,102.0,2180,0.0,0.0
2022-12-15 09:00:00+08:00,103.0,105.0,103.0,105.0,0,0.0,0.0
2022-12-15 10:00:00+08:00,105.0,105.0,103.0,103.0,14262,0.0,0.0
2022-12-15 11:00:00+08:00,103.0,103.0,103.0,103.0,2849,0.0,0.0
2022-12-15 13:00:00+08:00,102.0,102.0,102.0,102.0,1200,0.0,0.0
2022-12-16 09:00:00+08:00,101.5,101.5,100.0,100.0,0,0.0,0.0
2022-12-16 10:00:00+08:00,100.5,100.5,100.5,100.5,2693,0.0,0.0
2022-12-16 12:00:00+08:00,100.5,101.0,100.5,101.0,2000,0.0,0.0
2022-12-16 13:00:00+08:00,101.0,101.0,101.0,101.0,2000,0.0,0.0
2022-12-19 09:00:00+08:00,101.0,102.0,101.0,101.5,0,0.0,0.0
2022-12-19 10:00:00+08:00,101.5,101.5,101.0,101.0,8802,0.0,0.0
2022-12-19 11:00:00+08:00,101.5,101.5,101.5,101.5,2429,0.0,0.0
2022-12-19 12:00:00+08:00,102.0,102.0,101.5,101.5,3280,0.0,0.0
2022-12-19 13:00:00+08:00,101.0,101.0,101.0,101.0,2147,0.0,0.0
2022-12-20 11:00:00+08:00,102.0,102.0,102.0,102.0,2003,0.0,0.0
2022-12-20 12:00:00+08:00,102.0,102.0,102.0,102.0,3911,0.0,0.0
2022-12-20 13:00:00+08:00,101.5,101.5,100.0,100.0,8933,0.0,0.0
2022-12-21 09:00:00+08:00,100.0,100.0,100.0,100.0,0,0.0,0.0
2022-12-21 10:00:00+08:00,100.0,100.0,100.0,100.0,1536,0.0,0.0
2022-12-21 11:00:00+08:00,99.80000305175781,99.80000305175781,99.80000305175781,99.80000305175781,3080,0.0,0.0
2022-12-23 12:00:00+08:00,101.0,101.0,101.0,101.0,0,0.0,0.0
2022-12-27 09:00:00+08:00,100.0,100.0,99.0,99.0,3180,0.0,0.0
2022-12-27 10:00:00+08:00,99.0999984741211,99.0999984741211,99.0999984741211,99.0999984741211,1682,0.0,0.0
2022-12-27 12:00:00+08:00,99.5999984741211,99.5999984741211,99.5,99.5999984741211,4922,0.0,0.0
2022-12-27 13:00:00+08:00,99.5999984741211,99.5999984741211,99.5999984741211,99.5999984741211,1173,0.0,0.0
2022-12-28 09:00:00+08:00,100.0,100.0,100.0,100.0,0,0.0,0.0
2022-12-28 10:00:00+08:00,99.5,99.5,99.0,99.0,4882,0.0,0.0
2022-12-28 12:00:00+08:00,99.0999984741211,99.0999984741211,99.0,99.0,3563,0.0,0.0
2022-12-29 11:00:00+08:00,99.0,99.0,98.5,98.5,3135,0.0,0.0
2022-12-29 12:00:00+08:00,98.0,98.0,98.0,98.0,1827,0.0,0.0
2022-12-30 09:00:00+08:00,98.30000305175781,100.0,98.30000305175781,100.0,0,0.0,0.0
2022-12-30 10:00:00+08:00,100.0,100.0,100.0,100.0,1524,0.0,0.0
2023-01-03 09:00:00+08:00,101.0,101.5,101.0,101.5,0,0.0,0.0
2023-01-03 11:00:00+08:00,100.0,100.0,100.0,100.0,2313,0.0,0.0
2023-01-03 12:00:00+08:00,100.5,100.5,100.5,100.5,1033,0.0,0.0
2023-01-04 09:00:00+08:00,99.4000015258789,102.0,99.4000015258789,101.0,0,0.0,0.0
2023-01-04 10:00:00+08:00,100.0,100.0,100.0,100.0,2043,0.0,0.0
2023-01-05 09:00:00+08:00,100.0,100.0,100.0,100.0,0,0.0,0.0
2023-01-05 10:00:00+08:00,100.0,100.0,100.0,100.0,2281,0.0,0.0
2023-01-06 09:00:00+08:00,100.0,100.0,99.69999694824219,99.69999694824219,628,0.0,0.0
2023-01-06 10:00:00+08:00,99.69999694824219,99.69999694824219,99.69999694824219,99.69999694824219,1507,0.0,0.0
2023-01-06 12:00:00+08:00,100.0,100.0,100.0,100.0,2288,0.0,0.0
2023-01-09 09:00:00+08:00,99.9000015258789,100.5,99.9000015258789,100.5,0,0.0,0.0
2023-01-09 10:00:00+08:00,100.5,101.0,100.5,101.0,3410,0.0,0.0
2023-01-09 11:00:00+08:00,101.0,101.0,101.0,101.0,1246,0.0,0.0
2023-01-09 12:00:00+08:00,100.0,100.0,100.0,100.0,4080,0.0,0.0
2023-01-09 13:00:00+08:00,100.0,100.5,100.0,100.5,2208,0.0,0.0
2023-01-10 09:00:00+08:00,97.19999694824219,101.0,97.19999694824219,101.0,0,0.0,0.0
2023-01-10 10:00:00+08:00,102.0,102.0,102.0,102.0,2522,0.0,0.0
2023-01-10 11:00:00+08:00,101.0,101.0,101.0,101.0,3423,0.0,0.0
2023-01-10 12:00:00+08:00,101.0,101.0,101.0,101.0,1444,0.0,0.0
2023-01-10 13:00:00+08:00,101.0,101.0,101.0,101.0,1118,0.0,0.0
2023-01-11 09:00:00+08:00,101.0,101.0,100.5,101.0,0,0.0,0.0
2023-01-11 10:00:00+08:00,100.5,100.5,100.5,100.5,1271,0.0,0.0
2023-01-11 12:00:00+08:00,101.0,101.0,100.5,100.5,3912,0.0,0.0
2023-01-11 13:00:00+08:00,100.5,100.5,100.5,100.5,1021,0.0,0.0
2023-01-12 11:00:00+08:00,100.0,101.0,100.0,101.0,3686,0.0,0.0
2023-01-12 12:00:00+08:00,100.0,100.0,100.0,100.0,2667,0.0,0.0
2023-01-13 09:00:00+08:00,101.0,101.0,101.0,101.0,0,0.0,0.0
2023-01-16 10:00:00+08:00,101.5,101.5,101.5,101.5,0,0.0,0.0
2023-01-16 11:00:00+08:00,101.0,101.0,101.0,101.0,5715,0.0,0.0
2023-01-17 09:00:00+08:00,101.0,101.0,101.0,101.0,0,0.0,0.0
2023-01-17 10:00:00+08:00,101.0,101.0,101.0,101.0,1000,0.0,0.0
2023-01-17 12:00:00+08:00,101.0,101.0,101.0,101.0,4350,0.0,0.0
2023-01-30 09:00:00+08:00,102.5,105.0,102.0,105.0,26753,0.0,0.0
2023-01-30 10:00:00+08:00,105.0,105.0,105.0,105.0,1792,0.0,0.0
2023-01-30 11:00:00+08:00,106.0,106.0,105.5,105.5,3375,0.0,0.0
2023-01-30 12:00:00+08:00,105.5,105.5,105.0,105.0,3189,0.0,0.0
2023-01-31 09:00:00+08:00,105.0,105.0,105.0,105.0,1815,0.0,0.0
2023-01-31 10:00:00+08:00,105.0,105.0,105.0,105.0,4761,0.0,0.0
2023-01-31 11:00:00+08:00,105.0,105.0,105.0,105.0,3094,0.0,0.0
2023-01-31 12:00:00+08:00,105.0,105.0,105.0,105.0,3603,0.0,0.0
2023-01-31 13:00:00+08:00,105.0,105.0,105.0,105.0,1088,0.0,0.0
2023-02-01 10:00:00+08:00,108.0,108.0,108.0,108.0,0,0.0,0.0
2023-02-01 11:00:00+08:00,109.0,110.0,109.0,110.0,4918,0.0,0.0
2023-02-01 12:00:00+08:00,111.5,112.0,111.5,112.0,3724,0.0,0.0
2023-02-01 13:00:00+08:00,110.5,110.5,110.5,110.5,2791,0.0,0.0
2023-02-02 09:00:00+08:00,110.0,110.5,109.5,110.5,0,0.0,0.0
2023-02-02 10:00:00+08:00,110.5,110.5,110.5,110.5,2561,0.0,0.0
2023-02-02 11:00:00+08:00,110.5,111.0,110.5,111.0,3029,0.0,0.0
2023-02-02 13:00:00+08:00,111.0,111.0,111.0,111.0,1110,0.0,0.0
2023-02-03 09:00:00+08:00,111.0,113.5,111.0,113.5,0,0.0,0.0
2023-02-03 10:00:00+08:00,113.0,113.0,113.0,113.0,1100,0.0,0.0
2023-02-03 11:00:00+08:00,112.5,113.0,112.5,113.0,8328,0.0,0.0
2023-02-03 12:00:00+08:00,113.5,114.0,113.5,114.0,4926,0.0,0.0
2023-02-03 13:00:00+08:00,114.0,114.0,113.5,113.5,2140,0.0,0.0
2023-02-06 09:00:00+08:00,114.0,114.0,114.0,114.0,0,0.0,0.0
2023-02-06 10:00:00+08:00,114.0,114.0,114.0,114.0,6456,0.0,0.0
2023-02-06 11:00:00+08:00,114.0,114.0,113.5,113.5,5919,0.0,0.0
2023-02-06 12:00:00+08:00,113.5,113.5,113.5,113.5,2665,0.0,0.0
2023-02-06 13:00:00+08:00,114.0,114.0,114.0,114.0,3250,0.0,0.0
2023-02-07 09:00:00+08:00,115.0,115.0,114.5,114.5,0,0.0,0.0
2023-02-07 10:00:00+08:00,115.0,115.0,114.5,115.0,6348,0.0,0.0
2023-02-07 12:00:00+08:00,115.0,115.0,115.0,115.0,2654,0.0,0.0
2023-02-07 13:00:00+08:00,114.5,114.5,114.5,114.5,1869,0.0,0.0
2023-02-08 09:00:00+08:00,114.0,114.0,114.0,114.0,3862,0.0,0.0
2023-02-08 10:00:00+08:00,114.0,114.0,114.0,114.0,4501,0.0,0.0
2023-02-08 11:00:00+08:00,114.0,114.0,114.0,114.0,1908,0.0,0.0
2023-02-08 12:00:00+08:00,114.0,114.0,114.0,114.0,3509,0.0,0.0
2023-02-09 09:00:00+08:00,111.5,112.0,111.5,112.0,0,0.0,0.0
2023-02-09 10:00:00+08:00,112.0,113.5,112.0,113.0,4148,0.0,0.0
2023-02-09 11:00:00+08:00,113.0,113.0,113.0,113.0,1697,0.0,0.0
2023-02-09 12:00:00+08:00,113.0,113.0,113.0,113.0,2000,0.0,0.0
2023-02-10 09:00:00+08:00,107.0,111.0,107.0,110.0,0,0.0,0.0
2023-02-10 10:00:00+08:00,110.5,110.5,110.5,110.5,1036,0.0,0.0
2023-02-10 11:00:00+08:00,110.5,110.5,110.0,110.0,13512,0.0,0.0
2023-02-10 12:00:00+08:00,109.5,109.5,109.5,109.5,3949,0.0,0.0
2023-02-13 09:00:00+08:00,108.5,109.5,107.5,109.5,0,0.0,0.0
2023-02-13 11:00:00+08:00,109.5,109.5,109.5,109.5,3356,0.0,0.0
2023-02-13 12:00:00+08:00,109.5,109.5,109.5,109.5,1000,0.0,0.0
2023-02-14 09:00:00+08:00,108.5,109.0,108.0,109.0,6493,0.0,0.0
2023-02-14 10:00:00+08:00,109.0,109.0,109.0,109.0,1642,0.0,0.0
2023-02-14 11:00:00+08:00,109.0,109.0,109.0,109.0,3418,0.0,0.0
2023-02-15 09:00:00+08:00,110.0,110.5,110.0,110.5,0,0.0,0.0
2023-02-15 11:00:00+08:00,110.5,110.5,110.5,110.5,3205,0.0,0.0
2023-02-15 12:00:00+08:00,111.0,111.0,111.0,111.0,3070,0.0,0.0
2023-02-15 13:00:00+08:00,111.0,111.0,110.5,110.5,3436,0.0,0.0
2023-02-16 09:00:00+08:00,110.0,110.5,110.0,110.5,0,0.0,0.0
2023-02-16 10:00:00+08:00,110.5,110.5,110.0,110.0,7481,0.0,0.0
2023-02-16 11:00:00+08:00,110.0,110.0,108.5,108.5,9952,0.0,0.0
2023-02-16 12:00:00+08:00,108.5,108.5,108.5,108.5,3298,0.0,0.0
2023-02-16 13:00:00+08:00,109.5,109.5,109.5,109.5,1950,0.0,0.0
2023-02-17 10:00:00+08:00,110.0,110.0,110.0,110.0,3089,0.0,0.0
2023-02-17 11:00:00+08:00,110.0,110.0,110.0,110.0,1000,0.0,0.0
2023-02-17 12:00:00+08:00,110.0,110.0,109.0,109.0,4851,0.0,0.0
2023-02-17 13:00:00+08:00,109.0,109.0,109.0,109.0,1001,0.0,0.0
2023-02-20 09:00:00+08:00,109.0,109.0,109.0,109.0,4367,0.0,0.0
2023-02-20 11:00:00+08:00,109.0,109.0,109.0,109.0,4022,0.0,0.0
2023-02-20 12:00:00+08:00,109.0,109.0,109.0,109.0,2727,0.0,0.0
2023-02-21 09:00:00+08:00,110.0,110.0,110.0,110.0,0,0.0,0.0
2023-02-21 12:00:00+08:00,109.0,109.0,109.0,109.0,6648,0.0,0.0
2023-02-22 09:00:00+08:00,108.0,108.0,108.0,108.0,0,0.0,0.0
2023-02-22 10:00:00+08:00,108.5,109.0,108.0,108.0,13321,0.0,0.0
2023-02-22 12:00:00+08:00,109.0,109.0,109.0,109.0,3032,0.0,0.0
2023-02-24 10:00:00+08:00,110.0,111.0,110.0,110.0,9538,0.0,0.0
2023-02-24 11:00:00+08:00,110.5,110.5,110.0,110.0,3727,0.0,0.0
2023-02-24 13:00:00+08:00,109.5,109.5,109.5,109.5,2170,0.0,0.0
2023-03-01 09:00:00+08:00,108.5,108.5,108.5,108.5,0,0.0,0.0
2023-03-01 10:00:00+08:00,108.5,108.5,108.5,108.5,1406,0.0,0.0
2023-03-01 11:00:00+08:00,108.5,108.5,108.5,108.5,1862,0.0,0.0
2023-03-01 12:00:00+08:00,108.0,109.0,108.0,109.0,9341,0.0,0.0
2023-03-01 13:00:00+08:00,109.0,109.0,108.5,108.5,2010,0.0,0.0
2023-03-02 09:00:00+08:00,109.0,109.0,109.0,109.0,2284,0.0,0.0
2023-03-02 10:00:00+08:00,109.0,109.0,109.0,109.0,5004,0.0,0.0
2023-03-02 11:00:00+08:00,108.5,108.5,108.5,108.5,1425,0.0,0.0
2023-03-02 12:00:00+08:00,108.5,108.5,108.5,108.5,4631,0.0,0.0
2023-03-03 09:00:00+08:00,110.5,115.5,110.5,115.0,16814,0.0,0.0
2023-03-03 10:00:00+08:00,114.5,115.0,114.5,115.0,3407,0.0,0.0
2023-03-03 11:00:00+08:00,116.0,116.0,114.0,114.0,6923,0.0,0.0
2023-03-03 13:00:00+08:00,114.5,114.5,114.5,114.5,1543,0.0,0.0
2023-03-06 10:00:00+08:00,118.0,118.0,117.0,118.0,12023,0.0,0.0
2023-03-06 11:00:00+08:00,118.5,120.0,118.5,120.0,4851,0.0,0.0
2023-03-06 12:00:00+08:00,120.0,120.0,120.0,120.0,3135,0.0,0.0
2023-03-06 13:00:00+08:00,119.5,123.0,119.0,123.0,17647,0.0,0.0
2023-03-07 09:00:00+08:00,123.0,123.0,123.0,123.0,0,0.0,0.0
2023-03-07 10:00:00+08:00,120.5,120.5,120.5,120.5,1994,0.0,0.0
2023-03-07 11:00:00+08:00,120.5,120.5,120.5,120.5,1724,0.0,0.0
2023-03-07 12:00:00+08:00,121.0,121.0,120.5,121.0,4357,0.0,0.0
2023-03-08 09:00:00+08:00,119.0,119.5,119.0,119.5,0,0.0,0.0
2023-03-08 10:00:00+08:00,120.0,120.0,120.0,120.0,3818,0.0,0.0
2023-03-08 11:00:00+08:00,120.0,120.0,120.0,120.0,1866,0.0,0.0
2023-03-08 12:00:00+08:00,121.0,121.0,120.5,120.5,3542,0.0,0.0
2023-03-08 13:00:00+08:00,121.0,121.0,120.5,121.0,5364,0.0,0.0
2023-03-09 09:00:00+08:00,119.0,122.0,119.0,121.5,0,0.0,0.0
2023-03-09 10:00:00+08:00,121.0,121.0,121.0,121.0,3293,0.0,0.0
2023-03-09 12:00:00+08:00,121.5,121.5,121.5,121.5,4562,0.0,0.0
2023-03-10 09:00:00+08:00,119.5,119.5,119.5,119.5,0,0.0,0.0
2023-03-10 12:00:00+08:00,120.5,120.5,119.0,119.0,10455,0.0,0.0
2023-03-10 13:00:00+08:00,119.0,119.0,119.0,119.0,1301,0.0,0.0
2023-03-13 09:00:00+08:00,116.5,117.5,116.5,117.5,4008,0.0,0.0
2023-03-13 11:00:00+08:00,117.5,117.5,117.5,117.5,1599,0.0,0.0
2023-03-13 12:00:00+08:00,119.0,119.0,119.0,119.0,1200,0.0,0.0
2023-03-13 13:00:00+08:00,119.0,119.0,119.0,119.0,1000,0.0,0.0
2023-03-14 11:00:00+08:00,118.5,118.5,118.5,118.5,0,0.0,0.0
2023-03-14 12:00:00+08:00,118.5,118.5,118.0,118.0,4995,0.0,0.0
2023-03-14 13:00:00+08:00,117.5,117.5,117.5,117.5,1030,0.0,0.0
2023-03-15 09:00:00+08:00,117.5,118.5,117.5,118.5,0,0.0,0.0
2023-03-15 10:00:00+08:00,118.5,118.5,117.0,117.0,4888,0.0,0.0
2023-03-15 11:00:00+08:00,117.0,117.0,117.0,117.0,2004,0.0,0.0
2023-03-15 12:00:00+08:00,117.5,117.5,117.5,117.5,2705,0.0,0.0
2023-03-15 13:00:00+08:00,117.5,117.5,117.5,117.5,2001,0.0,0.0
2023-03-16 09:00:00+08:00,117.5,117.5,117.0,117.0,0,0.0,0.0
2023-03-16 10:00:00+08:00,117.0,117.0,117.0,117.0,1085,0.0,0.0
2023-03-16 11:00:00+08:00,117.5,117.5,116.0,116.0,4706,0.0,0.0
2023-03-16 12:00:00+08:00,116.0,116.0,116.0,116.0,1152,0.0,0.0
2023-03-16 13:00:00+08:00,117.0,119.0,117.0,119.0,3071,0.0,0.0
2023-03-17 10:00:00+08:00,118.5,118.5,118.5,118.5,0,0.0,0.0
2023-03-17 11:00:00+08:00,119.0,120.0,119.0,120.0,2089,0.0,0.0
2023-03-17 12:00:00+08:00,120.0,120.0,119.0,119.0,3050,0.0,0.0
2023-03-17 13:00:00+08:00,120.0,120.0,120.0,120.0,2000,0.0,0.0
2023-03-20 09:00:00+08:00,119.5,120.0,119.5,119.5,1847,0.0,0.0
2023-03-20 10:00:00+08:00,120.0,120.0,120.0,120.0,10819,0.0,0.0
2023-03-20 12:00:00+08:00,120.5,120.5,120.5,120.5,8324,0.0,0.0
2023-03-20 13:00:00+08:00,120.5,120.5,120.5,120.5,4238,0.0,0.0
2023-03-21 09:00:00+08:00,120.0,120.5,120.0,120.5,0,0.0,0.0
2023-03-21 10:00:00+08:00,120.5,120.5,120.5,120.5,6255,0.0,0.0
2023-03-21 11:00:00+08:00,120.5,120.5,120.0,120.0,8233,0.0,0.0
2023-03-21 12:00:00+08:00,120.0,120.5,120.0,120.5,5626,0.0,0.0
2023-03-21 13:00:00+08:00,120.5,120.5,120.5,120.5,1482,0.0,0.0
2023-03-22 09:00:00+08:00,120.0,120.5,120.0,120.0,0,0.0,0.0
2023-03-22 10:00:00+08:00,120.0,120.0,119.5,120.0,5628,0.0,0.0
2023-03-22 11:00:00+08:00,120.0,120.0,120.0,120.0,2500,0.0,0.0
2023-03-22 12:00:00+08:00,120.5,121.0,120.5,121.0,5000,0.0,0.0
2023-03-22 13:00:00+08:00,121.0,121.0,121.0,121.0,0,0.0,0.0
2023-03-23 09:00:00+08:00,121.0,121.0,121.0,121.0,6000,0.0,0.0
2023-03-23 10:00:00+08:00,121.0,121.0,121.0,121.0,1414,0.0,0.0
2023-03-23 11:00:00+08:00,120.5,121.0,120.5,121.0,3402,0.0,0.0
2023-03-23 12:00:00+08:00,121.0,121.0,121.0,121.0,1000,0.0,0.0
2023-03-23 13:00:00+08:00,121.0,121.0,121.0,121.0,1469,0.0,0.0
2023-03-24 09:00:00+08:00,121.0,121.5,121.0,121.5,0,0.0,0.0
2023-03-24 10:00:00+08:00,121.5,121.5,121.0,121.0,5685,0.0,0.0
2023-03-24 11:00:00+08:00,121.0,121.0,121.0,121.0,7994,0.0,0.0
2023-03-24 12:00:00+08:00,121.0,121.0,121.0,121.0,1587,0.0,0.0
2023-03-24 13:00:00+08:00,121.0,121.0,121.0,121.0,1099,0.0,0.0
2023-03-27 09:00:00+08:00,119.0,119.0,119.0,119.0,0,0.0,0.0
2023-03-27 11:00:00+08:00,119.0,119.0,119.0,119.0,5196,0.0,0.0
2023-03-27 12:00:00+08:00,119.0,119.0,119.0,119.0,2268,0.0,0.0
2023-03-27 13:00:00+08:00,118.5,118.5,118.5,118.5,2286,0.0,0.0
2023-03-28 09:00:00+08:00,119.0,119.0,118.5,118.5,0,0.0,0.0
2023-03-28 13:00:00+08:00,117.0,117.0,117.0,117.0,1952,0.0,0.0
2023-03-29 11:00:00+08:00,116.5,116.5,116.0,116.0,2883,0.0,0.0
2023-03-29 12:00:00+08:00,116.0,116.0,116.0,116.0,2708,0.0,0.0
2023-03-29 13:00:00+08:00,115.5,115.5,115.5,115.5,5409,0.0,0.0
2023-03-30 09:00:00+08:00,118.0,118.0,118.0,118.0,0,0.0,0.0
2023-03-30 10:00:00+08:00,117.5,117.5,117.5,117.5,1753,0.0,0.0
2023-03-30 11:00:00+08:00,117.5,117.5,117.5,117.5,2311,0.0,0.0
2023-03-31 11:00:00+08:00,117.0,117.0,116.5,116.5,3894,0.0,0.0
2023-03-31 12:00:00+08:00,117.0,117.0,117.0,117.0,2218,0.0,0.0
2023-04-06 09:00:00+08:00,116.5,116.5,116.0,116.0,0,0.0,0.0
2023-04-06 10:00:00+08:00,116.0,116.5,116.0,116.5,2201,0.0,0.0
2023-04-06 11:00:00+08:00,116.5,116.5,116.5,116.5,6331,0.0,0.0
2023-04-06 12:00:00+08:00,116.5,116.5,116.5,116.5,2305,0.0,0.0
2023-04-06 13:00:00+08:00,116.5,116.5,116.5,116.5,1171,0.0,0.0
2023-04-07 09:00:00+08:00,116.5,116.5,116.5,116.5,6510,0.0,0.0
2023-04-07 11:00:00+08:00,116.5,116.5,116.5,116.5,1599,0.0,0.0
2023-04-07 12:00:00+08:00,116.5,116.5,116.5,116.5,2413,0.0,0.0
2023-04-07 13:00:00+08:00,116.5,116.5,116.5,116.5,1831,0.0,0.0
2023-04-10 09:00:00+08:00,112.5,114.5,112.5,112.5,6267,0.0,0.0
2023-04-10 10:00:00+08:00,112.5,112.5,112.5,112.5,10928,0.0,0.0
2023-04-10 11:00:00+08:00,113.0,113.0,113.0,113.0,1921,0.0,0.0
2023-04-10 12:00:00+08:00,113.0,113.0,113.0,113.0,2445,0.0,0.0
2023-04-10 13:00:00+08:00,113.5,113.5,113.5,113.5,6915,0.0,0.0
2023-04-11 12:00:00+08:00,114.0,115.0,114.0,115.0,2904,0.0,0.0
2023-04-12 10:00:00+08:00,113.5,113.5,113.5,113.5,3727,0.0,0.0
2023-04-12 13:00:00+08:00,113.5,113.5,113.5,113.5,0,0.0,0.0
2023-04-13 11:00:00+08:00,114.5,114.5,114.5,114.5,7472,0.0,0.0
2023-04-13 12:00:00+08:00,114.5,115.5,114.5,114.5,15243,0.0,0.0
2023-04-13 13:00:00+08:00,115.5,115.5,115.5,115.5,1282,0.0,0.0
2023-04-14 09:00:00+08:00,115.5,115.5,115.5,115.5,0,0.0,0.0
2023-04-14 10:00:00+08:00,115.5,115.5,115.5,115.5,1050,0.0,0.0
2023-04-14 11:00:00+08:00,115.5,115.5,115.5,115.5,1155,0.0,0.0
2023-04-14 12:00:00+08:00,115.5,116.5,115.5,116.5,2565,0.0,0.0
2023-04-14 13:00:00+08:00,116.0,116.0,116.0,116.0,1278,0.0,0.0
2023-04-17 09:00:00+08:00,116.0,116.0,115.0,115.0,0,0.0,0.0
2023-04-17 10:00:00+08:00,115.0,115.0,115.0,115.0,1541,0.0,0.0
2023-04-17 11:00:00+08:00,113.5,113.5,113.5,113.5,8375,0.0,0.0
2023-04-17 12:00:00+08:00,113.5,113.5,113.0,113.0,9120,0.0,0.0
2023-04-17 13:00:00+08:00,113.0,113.0,113.0,113.0,2227,0.0,0.0
2023-04-18 09:00:00+08:00,112.5,112.5,112.5,112.5,3647,0.0,0.0
2023-04-19 09:00:00+08:00,112.5,112.5,112.5,112.5,0,0.0,0.0
2023-04-19 11:00:00+08:00,113.5,113.5,113.0,113.0,3120,0.0,0.0
2023-04-19 12:00:00+08:00,113.5,113.5,113.0,113.0,8054,0.0,0.0
2023-04-20 09:00:00+08:00,113.0,113.0,112.5,112.5,0,0.0,0.0
2023-04-20 10:00:00+08:00,113.0,113.0,111.0,111.0,12441,0.0,0.0
2023-04-20 11:00:00+08:00,112.0,112.0,112.0,112.0,8773,0.0,0.0
2023-04-20 13:00:00+08:00,113.0,113.0,113.0,113.0,2108,0.0,0.0
2023-04-21 09:00:00+08:00,111.0,111.0,110.5,110.5,0,0.0,0.0
2023-04-21 11:00:00+08:00,111.0,111.0,111.0,111.0,3167,0.0,0.0
2023-04-21 12:00:00+08:00,111.0,111.0,110.0,110.0,17134,0.0,0.0
2023-04-21 13:00:00+08:00,110.0,110.0,109.5,109.5,8797,0.0,0.0
2023-04-24 09:00:00+08:00,109.5,109.5,108.0,108.5,0,0.0,0.0
2023-04-24 10:00:00+08:00,109.0,109.0,108.0,108.0,16366,0.0,0.0
2023-04-24 11:00:00+08:00,108.0,108.0,107.5,107.5,12529,0.0,0.0
2023-04-24 12:00:00+08:00,109.0,109.0,109.0,109.0,1986,0.0,0.0
2023-04-24 13:00:00+08:00,108.5,108.5,108.5,108.5,0,0.0,0.0
2023-04-25 12:00:00+08:00,109.0,109.0,108.5,108.5,3230,0.0,0.0
2023-04-25 13:00:00+08:00,108.0,108.0,108.0,108.0,4391,0.0,0.0
2023-04-26 09:00:00+08:00,107.5,107.5,107.5,107.5,0,0.0,0.0
2023-04-26 11:00:00+08:00,107.5,108.0,107.5,108.0,5025,0.0,0.0
2023-04-26 12:00:00+08:00,108.0,108.5,108.0,108.5,4208,0.0,0.0
2023-04-27 11:00:00+08:00,110.0,110.0,110.0,110.0,0,0.0,0.0
2023-04-27 12:00:00+08:00,110.0,110.0,110.0,110.0,2240,0.0,0.0
2023-04-27 13:00:00+08:00,110.0,110.0,110.0,110.0,0,0.0,0.0
2023-04-28 10:00:00+08:00,110.0,110.0,110.0,110.0,4858,0.0,0.0
2023-04-28 11:00:00+08:00,110.0,110.0,110.0,110.0,4673,0.0,0.0
2023-04-28 12:00:00+08:00,110.0,110.0,110.0,110.0,3327,0.0,0.0
2023-04-28 13:00:00+08:00,110.0,110.0,110.0,110.0,4155,0.0,0.0
2023-05-02 10:00:00+08:00,110.0,110.0,110.0,110.0,1232,0.0,0.0
2023-05-02 11:00:00+08:00,110.0,110.5,109.5,110.5,4998,0.0,0.0
2023-05-02 12:00:00+08:00,110.0,110.0,110.0,110.0,4644,0.0,0.0
2023-05-02 13:00:00+08:00,110.0,110.0,110.0,110.0,1155,0.0,0.0
2023-05-03 09:00:00+08:00,110.0,110.0,110.0,110.0,0,0.0,0.0
2023-05-03 12:00:00+08:00,109.5,109.5,108.5,108.5,4713,0.0,0.0
2023-05-03 13:00:00+08:00,110.0,110.0,110.0,110.0,0,0.0,0.0
2023-05-04 09:00:00+08:00,108.5,108.5,108.5,108.5,4283,0.0,0.0
2023-05-04 12:00:00+08:00,110.0,110.0,110.0,110.0,2178,0.0,0.0
2023-05-04 13:00:00+08:00,110.0,110.0,110.0,110.0,1080,0.0,0.0
2023-05-05 09:00:00+08:00,110.0,110.0,110.0,110.0,0,0.0,0.0
2023-05-05 10:00:00+08:00,109.5,109.5,109.5,109.5,3592,0.0,0.0
2023-05-08 09:00:00+08:00,109.0,109.5,109.0,109.5,0,0.0,0.0
2023-05-08 11:00:00+08:00,109.5,109.5,109.5,109.5,2500,0.0,0.0
2023-05-08 12:00:00+08:00,109.5,109.5,109.5,109.5,4416,0.0,0.0
2023-05-08 13:00:00+08:00,109.5,109.5,109.5,109.5,2000,0.0,0.0
2023-05-09 09:00:00+08:00,107.5,108.0,107.0,107.0,242,0.0,0.0
2023-05-09 10:00:00+08:00,108.0,108.0,107.5,107.5,4336,0.0,0.0
2023-05-09 11:00:00+08:00,107.5,107.5,107.5,107.5,1326,0.0,0.0
2023-05-09 12:00:00+08:00,107.5,108.0,107.0,107.0,11310,0.0,0.0
2023-05-09 13:00:00+08:00,107.0,107.5,106.5,107.5,7503,0.0,0.0
2023-05-10 09:00:00+08:00,106.0,106.0,106.0,106.0,0,0.0,0.0
2023-05-10 10:00:00+08:00,106.0,106.0,106.0,106.0,2703,0.0,0.0
2023-05-10 12:00:00+08:00,106.0,106.0,106.0,106.0,11957,0.0,0.0
2023-05-11 09:00:00+08:00,105.0,105.0,104.5,105.0,0,0.0,0.0
2023-05-11 10:00:00+08:00,104.5,104.5,104.5,104.5,4199,0.0,0.0
2023-05-11 11:00:00+08:00,104.0,104.0,104.0,104.0,3590,0.0,0.0
2023-05-11 12:00:00+08:00,104.0,104.5,104.0,104.5,0,0.0,0.0
2023-05-12 10:00:00+08:00,106.0,106.0,106.0,106.0,8584,0.0,0.0
2023-05-12 11:00:00+08:00,106.0,106.0,106.0,106.0,3346,0.0,0.0
2023-05-12 12:00:00+08:00,106.0,106.5,106.0,106.0,8334,0.0,0.0
2023-05-15 10:00:00+08:00,106.5,106.5,106.5,106.5,0,0.0,0.0
2023-05-15 11:00:00+08:00,107.0,107.0,107.0,107.0,1235,0.0,0.0
2023-05-15 12:00:00+08:00,106.5,106.5,106.0,106.0,19040,0.0,0.0
2023-05-15 13:00:00+08:00,106.0,106.0,106.0,106.0,1555,0.0,0.0
2023-05-16 09:00:00+08:00,106.0,106.0,106.0,106.0,0,0.0,0.0
2023-05-16 10:00:00+08:00,106.0,106.0,106.0,106.0,1814,0.0,0.0
2023-05-16 11:00:00+08:00,106.0,106.0,105.5,105.5,7850,0.0,0.0
2023-05-16 12:00:00+08:00,105.5,106.0,105.5,106.0,2785,0.0,0.0
2023-05-16 13:00:00+08:00,106.0,106.0,106.0,106.0,0,0.0,0.0
2023-05-17 10:00:00+08:00,106.0,106.0,106.0,106.0,2352,0.0,0.0
2023-05-17 12:00:00+08:00,106.0,108.0,106.0,108.0,2323,0.0,0.0
2023-05-18 09:00:00+08:00,110.0,110.0,110.0,110.0,0,0.0,0.0
2023-05-18 11:00:00+08:00,109.0,109.0,109.0,109.0,3252,0.0,0.0
2023-05-18 13:00:00+08:00,109.0,109.0,108.5,108.5,2091,0.0,0.0
2023-05-19 09:00:00+08:00,110.0,110.0,110.0,110.0,0,0.0,0.0
2023-05-19 13:00:00+08:00,108.5,108.5,108.5,108.5,1545,0.0,0.0
2023-05-22 09:00:00+08:00,110.0,110.0,108.0,108.0,837,0.0,0.0
2023-05-22 12:00:00+08:00,108.0,108.0,108.0,108.0,2877,0.0,0.0
2023-05-22 13:00:00+08:00,108.0,108.0,108.0,108.0,0,0.0,0.0
2023-05-23 11:00:00+08:00,108.0,108.0,108.0,108.0,1436,0.0,0.0
2023-05-23 12:00:00+08:00,108.0,108.0,108.0,108.0,1134,0.0,0.0
2023-05-23 13:00:00+08:00,107.5,107.5,107.5,107.5,2558,0.0,0.0
2023-05-24 11:00:00+08:00,106.5,106.5,106.5,106.5,1253,0.0,0.0
2023-05-24 13:00:00+08:00,106.5,106.5,106.5,106.5,2541,0.0,0.0
2023-05-25 09:00:00+08:00,106.5,106.5,106.5,106.5,0,0.0,0.0
2023-05-25 13:00:00+08:00,106.5,106.5,106.5,106.5,5000,0.0,0.0
2023-05-26 09:00:00+08:00,105.5,105.5,104.0,104.0,2876,0.0,0.0
2023-05-26 10:00:00+08:00,104.5,104.5,104.5,104.5,6189,0.0,0.0
2023-05-26 12:00:00+08:00,105.5,105.5,105.5,105.5,1524,0.0,0.0
2023-05-26 13:00:00+08:00,104.5,104.5,104.5,104.5,3724,0.0,0.0
2023-05-29 09:00:00+08:00,105.0,105.0,105.0,105.0,0,0.0,0.0
2023-05-29 11:00:00+08:00,105.0,105.5,105.0,105.5,2180,0.0,0.0
2023-05-29 13:00:00+08:00,105.0,105.0,104.5,104.5,5268,0.0,0.0
2023-05-30 09:00:00+08:00,104.5,104.5,104.5,104.5,2382,0.0,0.0
2023-05-30 10:00:00+08:00,104.0,104.0,103.5,103.5,5815,0.0,0.0
2023-05-30 11:00:00+08:00,103.5,103.5,103.0,103.0,14391,0.0,0.0
2023-05-30 12:00:00+08:00,103.0,103.5,103.0,103.5,0,0.0,0.0
2023-05-31 11:00:00+08:00,103.5,103.5,103.0,103.0,6576,0.0,0.0
2023-05-31 12:00:00+08:00,103.0,103.0,103.0,103.0,2086,0.0,0.0
2023-06-01 09:00:00+08:00,103.0,103.0,103.0,103.0,0,0.0,0.0
2023-06-01 12:00:00+08:00,102.0,102.5,102.0,102.5,6992,0.0,0.0
2023-06-01 13:00:00+08:00,102.5,102.5,102.5,102.5,3393,0.0,0.0
2023-06-02 10:00:00+08:00,102.0,102.0,102.0,102.0,5826,0.0,0.0
2023-06-02 11:00:00+08:00,102.0,102.0,102.0,102.0,3618,0.0,0.0
2023-06-02 13:00:00+08:00,101.5,101.5,101.5,101.5,2145,0.0,0.0
2023-06-05 09:00:00+08:00,101.0,101.5,100.5,100.5,0,0.0,0.0
2023-06-05 10:00:00+08:00,100.5,101.0,100.5,100.5,13391,0.0,0.0
2023-06-05 12:00:00+08:00,102.0,102.0,102.0,102.0,8127,0.0,0.0
2023-06-05 13:00:00+08:00,102.0,102.0,102.0,102.0,2388,0.0,0.0
2023-06-06 10:00:00+08:00,101.5,101.5,101.5,101.5,2414,0.0,0.0
2023-06-06 11:00:00+08:00,102.0,102.0,102.0,102.0,1620,0.0,0.0
2023-06-06 12:00:00+08:00,102.0,102.0,102.0,102.0,6496,0.0,0.0
2023-06-06 13:00:00+08:00,101.5,101.5,101.5,101.5,2212,0.0,0.0
2023-06-07 09:00:00+08:00,102.0,102.0,102.0,102.0,0,0.0,0.0
2023-06-07 10:00:00+08:00,102.0,102.0,102.0,102.0,2565,0.0,0.0
2023-06-07 11:00:00+08:00,101.5,102.0,101.5,102.0,2841,0.0,0.0
2023-06-07 12:00:00+08:00,102.0,102.0,102.0,102.0,2558,0.0,0.0
2023-06-07 13:00:00+08:00,102.0,102.0,102.0,102.0,1033,0.0,0.0
2023-06-08 10:00:00+08:00,101.5,101.5,101.5,101.5,528,0.0,0.0
2023-06-08 13:00:00+08:00,103.0,103.0,103.0,103.0,1096,0.0,0.0
2023-06-09 09:00:00+08:00,101.0,101.5,101.0,101.5,5067,0.0,0.0
2023-06-09 11:00:00+08:00,101.0,101.0,101.0,101.0,1131,0.0,0.0
2023-06-09 12:00:00+08:00,101.0,101.0,101.0,101.0,2170,0.0,0.0
2023-06-09 13:00:00+08:00,101.5,101.5,101.5,101.5,1085,0.0,0.0
2023-06-12 09:00:00+08:00,101.0,101.0,100.5,100.5,0,0.0,0.0
2023-06-12 10:00:00+08:00,100.5,100.5,99.0,99.0,34386,0.0,0.0
2023-06-12 11:00:00+08:00,99.5,99.5,99.5,99.5,3987,0.0,0.0
2023-06-12 12:00:00+08:00,99.4000015258789,99.4000015258789,98.30000305175781,98.30000305175781,29478,0.0,0.0
2023-06-12 13:00:00+08:00,98.0999984741211,98.19999694824219,98.0999984741211,98.0999984741211,3918,0.0,0.0
2023-06-13 09:00:00+08:00,98.69999694824219,98.80000305175781,98.5,98.80000305175781,0,0.0,0.0
2023-06-13 10:00:00+08:00,98.69999694824219,98.9000015258789,98.69999694824219,98.9000015258789,5599,0.0,0.0
2023-06-13 12:00:00+08:00,99.5,99.5,99.5,99.5,1617,0.0,0.0
2023-06-15 10:00:00+08:00,102.0,102.0,102.0,102.0,1885,0.0,0.0
2023-06-15 11:00:00+08:00,101.5,102.0,101.5,102.0,4226,0.0,0.0
2023-06-15 12:00:00+08:00,102.0,102.0,102.0,102.0,1928,0.0,0.0
2023-06-16 09:00:00+08:00,104.0,104.0,104.0,104.0,0,0.0,0.0
2023-06-16 10:00:00+08:00,104.0,104.0,104.0,104.0,5188,0.0,0.0
2023-06-16 12:00:00+08:00,103.0,103.0,102.5,102.5,3721,0.0,0.0
2023-06-19 10:00:00+08:00,102.5,102.5,102.0,102.0,3245,0.0,0.0
2023-06-19 11:00:00+08:00,102.0,102.0,102.0,102.0,4869,0.0,0.0
2023-06-19 12:00:00+08:00,102.0,102.0,102.0,102.0,2793,0.0,0.0
2023-06-19 13:00:00+08:00,102.0,102.0,102.0,102.0,2287,0.0,0.0
2023-06-20 09:00:00+08:00,102.0,102.0,102.0,102.0,0,0.0,0.0
2023-06-20 10:00:00+08:00,101.5,101.5,101.5,101.5,3654,0.0,0.0
2023-06-20 11:00:00+08:00,101.0,101.0,100.5,100.5,3064,0.0,0.0
2023-06-20 12:00:00+08:00,101.0,101.0,101.0,101.0,3242,0.0,0.0
2023-06-20 13:00:00+08:00,101.5,101.5,101.5,101.5,1492,0.0,0.0
2023-06-21 09:00:00+08:00,99.0999984741211,100.0,99.0999984741211,100.0,0,0.0,0.0
2023-06-21 10:00:00+08:00,100.0,100.0,100.0,100.0,1788,0.0,0.0
2023-06-21 11:00:00+08:00,100.0,100.0,100.0,100.0,5929,0.0,0.0
2023-06-21 12:00:00+08:00,100.0,101.0,100.0,101.0,8632,0.0,0.0
2023-06-21 13:00:00+08:00,100.0,100.0,100.0,100.0,3049,0.0,0.0
2023-06-27 09:00:00+08:00,99.5,99.5,99.5,99.5,0,0.0,0.0
2023-06-27 10:00:00+08:00,99.5,99.5,99.5,99.5,3382,0.0,0.0
2023-06-27 11:00:00+08:00,99.5,99.5,99.5,99.5,1085,0.0,0.0
2023-06-27 12:00:00+08:00,99.5,99.5,99.5,99.5,5309,0.0,0.0
2023-06-27 13:00:00+08:00,100.0,100.0,99.80000305175781,99.80000305175781,2049,0.0,0.0
2023-06-28 09:00:00+08:00,99.69999694824219,99.69999694824219,99.69999694824219,99.69999694824219,0,0.0,0.0
2023-06-28 10:00:00+08:00,99.5999984741211,99.5999984741211,99.30000305175781,99.30000305175781,7043,0.0,0.0
2023-06-28 11:00:00+08:00,99.19999694824219,99.4000015258789,99.0999984741211,99.4000015258789,13060,0.0,0.0
2023-06-28 13:00:00+08:00,99.9000015258789,99.9000015258789,99.9000015258789,99.9000015258789,1116,0.0,0.0
2023-06-29 09:00:00+08:00,99.19999694824219,99.19999694824219,99.19999694824219,99.19999694824219,2537,0.0,0.0
2023-06-29 11:00:00+08:00,99.5,99.5,99.5,99.5,4753,0.0,0.0
2023-06-29 12:00:00+08:00,99.5,99.5,99.5,99.5,4038,0.0,0.0
2023-06-29 13:00:00+08:00,99.5,99.5,99.5,99.5,1180,0.0,0.0
2023-07-03 11:00:00+08:00,100.0,100.0,99.9000015258789,99.9000015258789,5984,0.0,0.0
2023-07-03 12:00:00+08:00,99.80000305175781,99.80000305175781,99.69999694824219,99.69999694824219,7783,0.0,0.0
2023-07-03 13:00:00+08:00,99.9000015258789,99.9000015258789,99.9000015258789,99.9000015258789,1549,0.0,0.0
2023-07-04 10:00:00+08:00,99.80000305175781,99.80000305175781,99.80000305175781,99.80000305175781,1784,0.0,0.0
2023-07-04 11:00:00+08:00,100.0,101.0,99.9000015258789,101.0,16021,0.0,0.0
2023-07-04 12:00:00+08:00,101.0,101.0,101.0,101.0,2442,0.0,0.0
2023-07-04 13:00:00+08:00,101.0,101.5,101.0,101.5,8154,0.0,0.0
2023-07-05 09:00:00+08:00,100.0,100.0,99.80000305175781,99.9000015258789,0,0.0,0.0
2023-07-05 10:00:00+08:00,99.9000015258789,100.0,99.9000015258789,100.0,4515,0.0,0.0
2023-07-05 11:00:00+08:00,100.0,100.0,99.9000015258789,99.9000015258789,10285,0.0,0.0
2023-07-05 12:00:00+08:00,100.0,100.0,99.9000015258789,100.0,8688,0.0,0.0
2023-07-06 09:00:00+08:00,99.9000015258789,99.9000015258789,99.5999984741211,99.5999984741211,10979,0.0,0.0
2023-07-06 10:00:00+08:00,99.5,99.5,99.5,99.5,2061,0.0,0.0
2023-07-06 12:00:00+08:00,99.5999984741211,99.5999984741211,99.5,99.5,4052,0.0,0.0
2023-07-06 13:00:00+08:00,99.5,99.5,99.5,99.5,1804,0.0,0.0
2023-07-07 09:00:00+08:00,99.0,99.0,99.0,99.0,0,0.0,0.0
2023-07-07 11:00:00+08:00,99.0999984741211,99.0999984741211,99.0999984741211,99.0999984741211,1273,0.0,0.0
2023-07-07 12:00:00+08:00,99.5,99.80000305175781,99.4000015258789,99.80000305175781,4481,0.0,0.0
2023-07-07 13:00:00+08:00,99.69999694824219,99.69999694824219,99.69999694824219,99.69999694824219,1308,0.0,0.0
2023-07-10 09:00:00+08:00,100.5,100.5,100.0,100.0,8721,0.0,0.0
2023-07-10 10:00:00+08:00,100.5,100.5,100.5,100.5,5805,0.0,0.0
2023-07-10 11:00:00+08:00,100.5,100.5,100.5,100.5,5116,0.0,0.0
2023-07-10 12:00:00+08:00,100.5,101.0,100.5,100.5,6452,0.0,0.0
2023-07-10 13:00:00+08:00,100.5,100.5,100.5,100.5,4313,0.0,0.0
2023-07-11 09:00:00+08:00,101.0,101.0,100.5,101.0,0,0.0,0.0
2023-07-11 10:00:00+08:00,100.5,100.5,100.5,100.5,5113,0.0,0.0
2023-07-11 12:00:00+08:00,101.0,101.5,101.0,101.0,4280,0.0,0.0
2023-07-12 09:00:00+08:00,101.0,101.0,101.0,101.0,0,0.0,0.0
2023-07-12 11:00:00+08:00,100.5,100.5,100.5,100.5,2309,0.0,0.0
2023-07-12 12:00:00+08:00,101.0,101.0,101.0,101.0,1547,0.0,0.0
2023-07-12 13:00:00+08:00,100.5,101.0,100.5,101.0,7498,0.0,0.0
2023-07-13 09:00:00+08:00,101.0,101.0,100.5,101.0,0,0.0,0.0
2023-07-13 10:00:00+08:00,101.0,101.0,100.5,100.5,8571,0.0,0.0
2023-07-13 11:00:00+08:00,100.5,100.5,100.5,100.5,5910,0.0,0.0
2023-07-13 12:00:00+08:00,101.0,101.0,100.5,100.5,6376,0.0,0.0
2023-07-13 13:00:00+08:00,100.5,100.5,100.5,100.5,3568,0.0,0.0
2023-07-14 09:00:00+08:00,101.0,101.0,100.5,101.0,0,0.0,0.0
2023-07-14 10:00:00+08:00,101.0,101.0,100.5,100.5,8775,0.0,0.0
2023-07-14 11:00:00+08:00,100.5,100.5,100.5,100.5,4145,0.0,0.0
2023-07-14 12:00:00+08:00,100.5,101.0,100.5,101.0,6096,0.0,0.0
2023-07-14 13:00:00+08:00,100.5,101.0,100.5,101.0,2735,0.0,0.0
2023-07-17 09:00:00+08:00,100.0,100.0,99.9000015258789,99.9000015258789,0,0.0,0.0
2023-07-17 10:00:00+08:00,99.9000015258789,99.9000015258789,99.9000015258789,99.9000015258789,3292,0.0,0.0
2023-07-17 11:00:00+08:00,100.0,100.0,100.0,100.0,1701,0.0,0.0
2023-07-17 12:00:00+08:00,100.5,100.5,99.80000305175781,99.80000305175781,7992,0.0,0.0
2023-07-17 13:00:00+08:00,99.9000015258789,99.9000015258789,99.80000305175781,99.80000305175781,5383,0.0,0.0
2023-07-18 09:00:00+08:00,99.9000015258789,99.9000015258789,99.9000015258789,99.9000015258789,1236,0.0,0.0
2023-07-18 10:00:00+08:00,99.9000015258789,99.9000015258789,99.4000015258789,99.4000015258789,14350,0.0,0.0
2023-07-18 11:00:00+08:00,99.5,99.5,99.5,99.5,1129,0.0,0.0
2023-07-18 12:00:00+08:00,99.5,99.5999984741211,99.4000015258789,99.5999984741211,8253,0.0,0.0
2023-07-18 13:00:00+08:00,99.5999984741211,99.5999984741211,99.5,99.5,0,0.0,0.0
2023-07-19 09:00:00+08:00,99.5999984741211,99.5999984741211,99.5999984741211,99.5999984741211,1354,0.0,0.0
2023-07-19 10:00:00+08:00,99.5999984741211,99.5999984741211,99.5,99.5,0,0.0,0.0
2023-07-20 09:00:00+08:00,99.5999984741211,99.5999984741211,99.5999984741211,99.5999984741211,7712,0.0,0.0
2023-07-20 11:00:00+08:00,100.0,100.0,100.0,100.0,1000,0.0,0.0
2023-07-20 12:00:00+08:00,99.80000305175781,100.0,99.69999694824219,99.69999694824219,11719,0.0,0.0
2023-07-20 13:00:00+08:00,99.69999694824219,99.69999694824219,99.5999984741211,99.5999984741211,0,0.0,0.0
2023-07-21 09:00:00+08:00,99.4000015258789,99.4000015258789,99.4000015258789,99.4000015258789,1515,0.0,0.0
2023-07-21 10:00:00+08:00,99.5,99.5,99.4000015258789,99.4000015258789,3396,0.0,0.0
2023-07-21 11:00:00+08:00,99.5,99.5,99.5,99.5,3701,0.0,0.0
2023-07-21 13:00:00+08:00,99.80000305175781,99.80000305175781,99.5,99.5,2119,0.0,0.0
2023-07-24 09:00:00+08:00,99.30000305175781,99.30000305175781,98.0,98.30000305175781,12874,0.0,0.0
2023-07-24 10:00:00+08:00,98.30000305175781,98.5,98.0999984741211,98.5,8609,0.0,0.0
2023-07-24 11:00:00+08:00,98.30000305175781,98.4000015258789,98.30000305175781,98.4000015258789,4041,0.0,0.0
2023-07-24 12:00:00+08:00,98.5,98.69999694824219,98.5,98.69999694824219,0,0.0,0.0
2023-07-25 09:00:00+08:00,98.30000305175781,98.30000305175781,98.19999694824219,98.30000305175781,6010,0.0,0.0
2023-07-25 10:00:00+08:00,98.69999694824219,98.69999694824219,98.69999694824219,98.69999694824219,4925,0.0,0.0
2023-07-25 12:00:00+08:00,98.69999694824219,98.69999694824219,98.5999984741211,98.5999984741211,2215,0.0,0.0
2023-07-25 13:00:00+08:00,99.0,99.0,99.0,99.0,0,0.0,0.0
2023-07-26 09:00:00+08:00,99.0,99.0,98.80000305175781,99.0,4453,0.0,0.0
2023-07-26 10:00:00+08:00,99.0,99.0,98.9000015258789,99.0,4925,0.0,0.0
2023-07-26 11:00:00+08:00,99.0,99.0,99.0,99.0,1410,0.0,0.0
2023-07-26 12:00:00+08:00,98.9000015258789,99.0,98.80000305175781,99.0,3054,0.0,0.0
2023-07-26 13:00:00+08:00,98.69999694824219,98.69999694824219,98.69999694824219,98.69999694824219,0,0.0,0.0
2023-07-27 11:00:00+08:00,98.9000015258789,99.0,98.80000305175781,98.9000015258789,8454,0.0,0.0
2023-07-27 12:00:00+08:00,99.0,99.0,98.80000305175781,98.80000305175781,2263,0.0,0.0
2023-07-28 09:00:00+08:00,99.0,99.0,98.30000305175781,98.30000305175781,8486,0.0,0.0
2023-07-28 10:00:00+08:00,98.80000305175781,98.80000305175781,98.80000305175781,98.80000305175781,3950,0.0,0.0
2023-07-28 12:00:00+08:00,98.80000305175781,98.80000305175781,98.80000305175781,98.80000305175781,1993,0.0,0.0
2023-07-28 13:00:00+08:00,98.80000305175781,98.80000305175781,98.80000305175781,98.80000305175781,3993,0.0,0.0
2023-07-31 10:00:00+08:00,99.0,99.0,99.0,99.0,2072,0.0,0.0
2023-07-31 11:00:00+08:00,99.0,99.0,99.0,99.0,8141,0.0,0.0
2023-07-31 12:00:00+08:00,99.0,99.0,99.0,99.0,2649,0.0,0.0
2023-07-31 13:00:00+08:00,99.4000015258789,99.4000015258789,99.4000015258789,99.4000015258789,0,0.0,0.0
2023-08-01 09:00:00+08:00,,,,,0,2.65,0.0
2023-08-01 10:00:00+08:00,99.0,99.0,99.0,99.0,1740,0.0,0.0
2023-08-01 12:00:00+08:00,98.9000015258789,98.9000015258789,98.9000015258789,98.9000015258789,1000,0.0,0.0
2023-08-01 13:00:00+08:00,98.80000305175781,98.80000305175781,98.0,98.0,6857,0.0,0.0
2023-08-02 09:00:00+08:00,97.0999984741211,97.30000305175781,97.0,97.0,5999,0.0,0.0
2023-08-02 10:00:00+08:00,97.0999984741211,97.0999984741211,97.0999984741211,97.0999984741211,1844,0.0,0.0
2023-08-02 12:00:00+08:00,97.0999984741211,99.9000015258789,97.0999984741211,97.19999694824219,3252,0.0,0.0
2023-08-04 09:00:00+08:00,97.19999694824219,97.4000015258789,97.19999694824219,97.4000015258789,0,0.0,0.0
2023-08-04 10:00:00+08:00,98.0,98.30000305175781,98.0,98.30000305175781,6235,0.0,0.0
2023-08-04 11:00:00+08:00,98.5999984741211,98.5999984741211,98.5999984741211,98.5999984741211,2075,0.0,0.0
2023-08-04 12:00:00+08:00,99.80000305175781,102.0,99.80000305175781,101.0,22931,0.0,0.0
2023-08-04 13:00:00+08:00,100.5,101.0,100.5,100.5,5260,0.0,0.0
2023-08-07 10:00:00+08:00,100.0,100.0,100.0,100.0,0,0.0,0.0
2023-08-07 12:00:00+08:00,100.0,100.0,99.30000305175781,99.30000305175781,0,0.0,0.0
2023-08-08 09:00:00+08:00,99.30000305175781,99.30000305175781,99.30000305175781,99.30000305175781,2693,0.0,0.0
2023-08-08 10:00:00+08:00,99.0999984741211,99.0999984741211,99.0,99.0,8247,0.0,0.0
2023-08-08 11:00:00+08:00,99.0,99.0,99.0,99.0,1359,0.0,0.0
2023-08-08 13:00:00+08:00,99.30000305175781,99.30000305175781,98.5999984741211,98.5999984741211,0,0.0,0.0
2023-08-09 10:00:00+08:00,99.0,99.0,99.0,99.0,1417,0.0,0.0
2023-08-09 11:00:00+08:00,98.5,98.5,98.5,98.5,2018,0.0,0.0
2023-08-09 13:00:00+08:00,99.19999694824219,99.19999694824219,99.0999984741211,99.0999984741211,2042,0.0,0.0
2023-08-10 11:00:00+08:00,99.19999694824219,99.19999694824219,99.19999694824219,99.19999694824219,1348,0.0,0.0
2023-08-10 13:00:00+08:00,99.0999984741211,99.0999984741211,98.80000305175781,98.80000305175781,3931,0.0,0.0
2023-08-11 12:00:00+08:00,98.9000015258789,98.9000015258789,98.9000015258789,98.9000015258789,1538,0.0,0.0
2023-08-11 13:00:00+08:00,98.4000015258789,98.4000015258789,98.4000015258789,98.4000015258789,1958,0.0,0.0
2023-08-14 10:00:00+08:00,97.0,97.0,96.69999694824219,96.69999694824219,6887,0.0,0.0
2023-08-14 11:00:00+08:00,96.80000305175781,96.80000305175781,96.5,96.5,15046,0.0,0.0
2023-08-14 13:00:00+08:00,96.5,96.5,96.4000015258789,96.4000015258789,0,0.0,0.0
2023-08-15 09:00:00+08:00,95.5,95.5,94.5999984741211,94.5999984741211,7452,0.0,0.0
2023-08-15 10:00:00+08:00,94.5999984741211,99.69999694824219,93.4000015258789,93.5,40302,0.0,0.0
2023-08-15 11:00:00+08:00,93.5,95.4000015258789,93.5,95.4000015258789,13330,0.0,0.0
2023-08-15 13:00:00+08:00,93.9000015258789,93.9000015258789,93.19999694824219,93.19999694824219,10283,0.0,0.0
2023-08-16 10:00:00+08:00,93.19999694824219,93.19999694824219,93.19999694824219,93.19999694824219,1252,0.0,0.0
2023-08-16 13:00:00+08:00,93.5,93.5,93.5,93.5,0,0.0,0.0
2023-08-17 10:00:00+08:00,93.0,93.0,93.0,93.0,0,0.0,0.0
2023-08-17 12:00:00+08:00,93.5,93.5,92.80000305175781,92.80000305175781,472,0.0,0.0
2023-08-18 12:00:00+08:00,93.0,93.0,92.0,92.5999984741211,10937,0.0,0.0
2023-08-18 13:00:00+08:00,92.4000015258789,92.4000015258789,92.19999694824219,92.19999694824219,7178,0.0,0.0
2023-08-21 09:00:00+08:00,90.5,90.5,88.5,89.0,8000,0.0,0.0
2023-08-21 10:00:00+08:00,89.0,89.5,89.0,89.4000015258789,15820,0.0,0.0
2023-08-21 11:00:00+08:00,89.0,89.0,88.9000015258789,88.9000015258789,14449,0.0,0.0
2023-08-21 12:00:00+08:00,88.9000015258789,88.9000015258789,88.80000305175781,88.80000305175781,22841,0.0,0.0
2023-08-21 13:00:00+08:00,88.80000305175781,88.80000305175781,88.5999984741211,88.5999984741211,12817,0.0,0.0
2023-08-22 09:00:00+08:00,88.5999984741211,88.5999984741211,88.0,88.0,13468,0.0,0.0
2023-08-22 10:00:00+08:00,87.5999984741211,87.80000305175781,86.4000015258789,86.5999984741211,17182,0.0,0.0
2023-08-22 11:00:00+08:00,86.5999984741211,86.5999984741211,85.0999984741211,85.0999984741211,25166,0.0,0.0
2023-08-22 12:00:00+08:00,85.0999984741211,85.4000015258789,84.5,84.5,29388,0.0,0.0
2023-08-22 13:00:00+08:00,84.30000305175781,84.69999694824219,84.30000305175781,84.30000305175781,8165,0.0,0.0
2023-08-23 09:00:00+08:00,79.5,83.0,79.5,81.5,0,0.0,0.0
2023-08-23 10:00:00+08:00,81.5,81.5999984741211,80.5999984741211,81.19999694824219,35304,0.0,0.0
2023-08-23 11:00:00+08:00,81.0999984741211,81.0999984741211,81.0999984741211,81.0999984741211,5031,0.0,0.0
2023-08-23 12:00:00+08:00,81.4000015258789,81.4000015258789,80.0,80.0,50890,0.0,0.0
2023-08-23 13:00:00+08:00,80.0,80.0,80.0,80.0,16733,0.0,0.0
2023-08-24 09:00:00+08:00,80.19999694824219,80.19999694824219,79.5,80.19999694824219,0,0.0,0.0
2023-08-24 10:00:00+08:00,80.30000305175781,81.19999694824219,80.30000305175781,81.19999694824219,17459,0.0,0.0
2023-08-24 11:00:00+08:00,81.0,81.0,81.0,81.0,3086,0.0,0.0
2023-08-24 12:00:00+08:00,81.0,81.0,80.0,80.0,22944,0.0,0.0
2023-08-24 13:00:00+08:00,80.19999694824219,80.19999694824219,80.19999694824219,80.19999694824219,0,0.0,0.0
2023-08-25 09:00:00+08:00,79.9000015258789,79.9000015258789,79.5,79.5999984741211,19301,0.0,0.0
2023-08-25 10:00:00+08:00,80.0,80.0,80.0,80.0,1311,0.0,0.0
2023-08-25 11:00:00+08:00,79.80000305175781,79.80000305175781,79.80000305175781,79.80000305175781,11747,0.0,0.0
2023-08-25 12:00:00+08:00,79.69999694824219,79.80000305175781,79.5999984741211,79.5999984741211,8033,0.0,0.0
2023-08-25 13:00:00+08:00,79.5999984741211,79.80000305175781,79.4000015258789,79.80000305175781,13604,0.0,0.0
2023-08-28 09:00:00+08:00,79.9000015258789,80.0,79.5,80.0,0,0.0,0.0
2023-08-28 10:00:00+08:00,80.0999984741211,80.0999984741211,79.9000015258789,80.0,14345,0.0,0.0
2023-08-28 11:00:00+08:00,80.0,80.0,79.9000015258789,79.9000015258789,10958,0.0,0.0
2023-08-28 12:00:00+08:00,79.80000305175781,79.80000305175781,77.80000305175781,77.80000305175781,48635,0.0,0.0
2023-08-28 13:00:00+08:00,78.0,78.0,77.69999694824219,77.9000015258789,10607,0.0,0.0
2023-08-29 12:00:00+08:00,80.0,80.0,79.9000015258789,79.9000015258789,3969,0.0,0.0
2023-08-29 13:00:00+08:00,79.69999694824219,79.69999694824219,79.69999694824219,79.69999694824219,1470,0.0,0.0
2023-08-30 09:00:00+08:00,78.19999694824219,78.5,78.19999694824219,78.19999694824219,21056,0.0,0.0
2023-08-30 10:00:00+08:00,78.5,79.0,78.19999694824219,78.19999694824219,7882,0.0,0.0
2023-08-30 11:00:00+08:00,78.30000305175781,78.30000305175781,78.0,78.19999694824219,27997,0.0,0.0
2023-08-30 13:00:00+08:00,79.5,79.5,78.5999984741211,78.5999984741211,4876,0.0,0.0
2023-08-31 09:00:00+08:00,79.5999984741211,79.5999984741211,79.5,79.5,0,0.0,0.0
2023-08-31 10:00:00+08:00,79.5999984741211,79.5999984741211,79.5999984741211,79.5999984741211,4128,0.0,0.0
2023-08-31 11:00:00+08:00,79.5999984741211,79.69999694824219,79.5,79.5,6243,0.0,0.0
2023-08-31 12:00:00+08:00,79.5,80.0,79.4000015258789,79.4000015258789,15332,0.0,0.0
2023-08-31 13:00:00+08:00,79.30000305175781,79.30000305175781,79.0,79.0,7001,0.0,0.0
2023-09-01 10:00:00+08:00,80.0,80.0,80.0,80.0,2952,0.0,0.0
2023-09-01 11:00:00+08:00,79.9000015258789,81.0999984741211,79.9000015258789,81.0999984741211,44214,0.0,0.0
2023-09-01 12:00:00+08:00,80.5,80.5,80.0,80.5,22385,0.0,0.0
2023-09-01 13:00:00+08:00,81.0,81.0,80.80000305175781,80.80000305175781,2130,0.0,0.0
2023-09-04 09:00:00+08:00,80.0,80.0,80.0,80.0,0,0.0,0.0
2023-09-04 12:00:00+08:00,80.0999984741211,80.5,80.0,80.5,14710,0.0,0.0
2023-09-04 13:00:00+08:00,80.0,80.0999984741211,80.0,80.0999984741211,0,0.0,0.0
2023-09-05 10:00:00+08:00,80.4000015258789,80.4000015258789,80.0,80.0,7849,0.0,0.0
2023-09-05 11:00:00+08:00,79.69999694824219,79.9000015258789,79.69999694824219,79.9000015258789,2351,0.0,0.0
2023-09-05 12:00:00+08:00,79.9000015258789,79.9000015258789,79.0999984741211,79.0999984741211,12586,0.0,0.0
2023-09-05 13:00:00+08:00,79.5,79.80000305175781,79.5,79.69999694824219,0,0.0,0.0
2023-09-06 12:00:00+08:00,79.9000015258789,79.9000015258789,79.9000015258789,79.9000015258789,2387,0.0,0.0
2023-09-07 09:00:00+08:00,80.80000305175781,80.80000305175781,80.0,80.0,6604,0.0,0.0
2023-09-07 10:00:00+08:00,80.4000015258789,80.4000015258789,79.5,79.5,4248,0.0,0.0
2023-09-07 11:00:00+08:00,79.4000015258789,79.4000015258789,79.30000305175781,79.30000305175781,6815,0.0,0.0
2023-09-07 12:00:00+08:00,79.0,79.5,79.0,79.0,7701,0.0,0.0
2023-09-08 11:00:00+08:00,79.30000305175781,79.30000305175781,79.30000305175781,79.30000305175781,0,0.0,0.0
2023-09-08 12:00:00+08:00,79.0,79.0,78.5999984741211,79.0,8611,0.0,0.0
2023-09-08 13:00:00+08:00,79.0,79.5,79.0,79.0,3660,0.0,0.0
2023-09-11 09:00:00+08:00,78.0999984741211,78.5,78.0999984741211,78.5,0,0.0,0.0
2023-09-11 10:00:00+08:00,79.0,79.0,78.80000305175781,78.80000305175781,4993,0.0,0.0
2023-09-11 13:00:00+08:00,79.0,79.0,79.0,79.0,1108,0.0,0.0
2023-09-12 09:00:00+08:00,79.19999694824219,79.19999694824219,78.80000305175781,78.80000305175781,0,0.0,0.0
2023-09-12 11:00:00+08:00,78.5,78.5,78.30000305175781,78.30000305175781,5994,0.0,0.0
2023-09-12 12:00:00+08:00,78.30000305175781,78.5,78.30000305175781,78.5,6178,0.0,0.0
2023-09-12 13:00:00+08:00,78.5999984741211,78.69999694824219,78.5999984741211,78.69999694824219,2236,0.0,0.0
2023-09-13 10:00:00+08:00,78.80000305175781,78.80000305175781,78.80000305175781,78.80000305175781,1036,0.0,0.0
2023-09-13 11:00:00+08:00,78.80000305175781,78.80000305175781,78.80000305175781,78.80000305175781,2615,0.0,0.0
2023-09-13 13:00:00+08:00,79.5,79.5,79.0,79.0,0,0.0,0.0
2023-09-14 11:00:00+08:00,79.5,79.5,79.4000015258789,79.4000015258789,3136,0.0,0.0
2023-09-14 12:00:00+08:00,79.5,79.5,79.5,79.5,2195,0.0,0.0
2023-09-14 13:00:00+08:00,79.19999694824219,79.19999694824219,79.0,79.0,0,0.0,0.0
2023-09-15 11:00:00+08:00,78.80000305175781,78.80000305175781,78.80000305175781,78.80000305175781,2168,0.0,0.0
2023-09-15 12:00:00+08:00,79.0,79.0,78.80000305175781,78.80000305175781,4171,0.0,0.0
2023-09-15 13:00:00+08:00,78.5999984741211,78.5999984741211,78.30000305175781,78.30000305175781,10339,0.0,0.0
2023-09-18 09:00:00+08:00,78.19999694824219,78.19999694824219,78.0999984741211,78.0999984741211,0,0.0,0.0
2023-09-18 10:00:00+08:00,78.19999694824219,78.19999694824219,78.19999694824219,78.19999694824219,1314,0.0,0.0
2023-09-18 11:00:00+08:00,78.19999694824219,78.30000305175781,78.0999984741211,78.30000305175781,6460,0.0,0.0
2023-09-18 12:00:00+08:00,78.30000305175781,78.5,77.0,77.0,27278,0.0,0.0
2023-09-18 13:00:00+08:00,77.5,77.5,77.5,77.5,4178,0.0,0.0
2023-09-19 12:00:00+08:00,77.9000015258789,77.9000015258789,77.5999984741211,77.5999984741211,2000,0.0,0.0
2023-09-20 09:00:00+08:00,77.5999984741211,77.5999984741211,77.5999984741211,77.5999984741211,1701,0.0,0.0
2023-09-20 11:00:00+08:00,78.0,78.0,78.0,78.0,1230,0.0,0.0
2023-09-20 12:00:00+08:00,78.0,78.19999694824219,78.0,78.0,3339,0.0,0.0
2023-09-20 13:00:00+08:00,78.0,78.0,77.5999984741211,77.5999984741211,2270,0.0,0.0
2023-09-21 09:00:00+08:00,77.0999984741211,77.0999984741211,77.0999984741211,77.0999984741211,0,0.0,0.0
2023-09-21 10:00:00+08:00,77.4000015258789,77.5,77.4000015258789,77.4000015258789,3000,0.0,0.0
2023-09-21 11:00:00+08:00,77.4000015258789,77.4000015258789,77.4000015258789,77.4000015258789,1364,0.0,0.0
2023-09-21 12:00:00+08:00,77.30000305175781,77.30000305175781,77.19999694824219,77.19999694824219,6298,0.0,0.0
2023-09-21 13:00:00+08:00,77.19999694824219,77.30000305175781,77.19999694824219,77.30000305175781,3000,0.0,0.0
2023-09-22 13:00:00+08:00,77.4000015258789,77.4000015258789,77.19999694824219,77.19999694824219,2291,0.0,0.0
2023-09-25 09:00:00+08:00,77.0,77.4000015258789,77.0,77.4000015258789,3756,0.0,0.0
2023-09-25 12:00:00+08:00,77.19999694824219,77.19999694824219,77.19999694824219,77.19999694824219,4642,0.0,0.0
2023-09-26 12:00:00+08:00,77.0999984741211,77.0999984741211,77.0999984741211,77.0999984741211,2341,0.0,0.0
2023-09-27 11:00:00+08:00,77.19999694824219,77.19999694824219,77.0,77.0,7210,0.0,0.0
2023-09-27 12:00:00+08:00,77.19999694824219,77.19999694824219,77.0,77.0,5709,0.0,0.0
2023-09-28 11:00:00+08:00,77.0,77.0,77.0,77.0,3615,0.0,0.0
2023-09-28 12:00:00+08:00,77.0999984741211,77.0999984741211,77.0999984741211,77.0999984741211,1676,0.0,0.0
2023-09-28 13:00:00+08:00,77.0,77.0,77.0,77.0,1120,0.0,0.0
2023-10-02 09:00:00+08:00,77.0,77.0999984741211,77.0,77.0999984741211,0,0.0,0.0
2023-10-02 10:00:00+08:00,77.0,77.0,76.9000015258789,76.9000015258789,2951,0.0,0.0
2023-10-02 11:00:00+08:00,76.9000015258789,76.9000015258789,76.9000015258789,76.9000015258789,2235,0.0,0.0
2023-10-02 12:00:00+08:00,76.9000015258789,77.0,76.9000015258789,77.0,4290,0.0,0.0
2023-10-02 13:00:00+08:00,76.9000015258789,76.9000015258789,76.0,76.0,6043,0.0,0.0
2023-10-03 09:00:00+08:00,76.0999984741211,76.0999984741211,76.0999984741211,76.0999984741211,2824,0.0,0.0
2023-10-03 10:00:00+08:00,76.0,76.0,76.0,76.0,3756,0.0,0.0
2023-10-03 11:00:00+08:00,76.0,76.0,76.0,76.0,2360,0.0,0.0
2023-10-03 12:00:00+08:00,76.0,76.0,76.0,76.0,3358,0.0,0.0
2023-10-03 13:00:00+08:00,75.5999984741211,75.5999984741211,75.0,75.0,20337,0.0,0.0
2023-10-04 10:00:00+08:00,74.69999694824219,75.69999694824219,74.0,75.69999694824219,23592,0.0,0.0
2023-10-04 11:00:00+08:00,74.0,74.0,74.0,74.0,6355,0.0,0.0
2023-10-04 12:00:00+08:00,74.0999984741211,74.4000015258789,74.0,74.0,8871,0.0,0.0
2023-10-04 13:00:00+08:00,74.0,74.0,73.9000015258789,73.9000015258789,4860,0.0,0.0
2023-10-05 09:00:00+08:00,73.9000015258789,73.9000015258789,73.9000015258789,73.9000015258789,0,0.0,0.0
2023-10-05 10:00:00+08:00,73.5,73.5,73.0,73.4000015258789,13496,0.0,0.0
2023-10-05 11:00:00+08:00,73.0,73.0,72.5,72.5,16442,0.0,0.0
2023-10-05 12:00:00+08:00,72.5,72.69999694824219,72.5,72.5,11485,0.0,0.0
2023-10-05 13:00:00+08:00,72.80000305175781,72.80000305175781,72.30000305175781,72.30000305175781,0,0.0,0.0
2023-10-06 09:00:00+08:00,72.5,72.5,71.80000305175781,71.80000305175781,6132,0.0,0.0
2023-10-06 10:00:00+08:00,72.0,72.5,71.9000015258789,72.0,18724,0.0,0.0
2023-10-06 11:00:00+08:00,71.80000305175781,71.80000305175781,71.30000305175781,71.30000305175781,11425,0.0,0.0
2023-10-06 12:00:00+08:00,71.30000305175781,71.30000305175781,70.69999694824219,70.69999694824219,14214,0.0,0.0
2023-10-06 13:00:00+08:00,70.69999694824219,70.69999694824219,70.0,70.0,15951,0.0,0.0
2023-10-11 09:00:00+08:00,70.0,72.0,70.0,72.0,0,0.0,0.0
2023-10-11 10:00:00+08:00,71.80000305175781,72.0,71.80000305175781,72.0,14185,0.0,0.0
2023-10-11 12:00:00+08:00,71.5,71.5,69.0,69.0,13762,0.0,0.0
2023-10-11 13:00:00+08:00,70.0,70.0,69.5,69.5,0,0.0,0.0
2023-10-12 09:00:00+08:00,69.0,69.0,67.80000305175781,67.80000305175781,25082,0.0,0.0
2023-10-12 10:00:00+08:00,67.4000015258789,67.5,64.5,64.80000305175781,51868,0.0,0.0
2023-10-12 11:00:00+08:00,64.9000015258789,65.30000305175781,64.0999984741211,64.30000305175781,47358,0.0,0.0
2023-10-12 12:00:00+08:00,64.30000305175781,64.9000015258789,64.30000305175781,64.69999694824219,30880,0.0,0.0
2023-10-12 13:00:00+08:00,64.5,64.5999984741211,64.30000305175781,64.5999984741211,13121,0.0,0.0
2023-10-13 09:00:00+08:00,64.0,64.19999694824219,62.599998474121094,64.19999694824219,0,0.0,0.0
2023-10-13 10:00:00+08:00,64.30000305175781,64.30000305175781,63.79999923706055,63.900001525878906,10118,0.0,0.0
2023-10-13 11:00:00+08:00,64.0,64.19999694824219,64.0,64.0999984741211,7741,0.0,0.0
2023-10-13 12:00:00+08:00,64.19999694824219,64.19999694824219,64.0999984741211,64.19999694824219,5626,0.0,0.0
2023-10-13 13:00:00+08:00,64.30000305175781,64.30000305175781,64.19999694824219,64.19999694824219,2130,0.0,0.0
2023-10-16 09:00:00+08:00,64.19999694824219,64.19999694824219,64.19999694824219,64.19999694824219,0,0.0,0.0
2023-10-16 10:00:00+08:00,64.0999984741211,64.0999984741211,63.0,63.0,11543,0.0,0.0
2023-10-16 11:00:00+08:00,63.099998474121094,63.099998474121094,62.79999923706055,62.79999923706055,7046,0.0,0.0
2023-10-16 12:00:00+08:00,62.70000076293945,62.70000076293945,59.79999923706055,59.79999923706055,77814,0.0,0.0
2023-10-16 13:00:00+08:00,59.79999923706055,59.900001525878906,59.599998474121094,59.79999923706055,11769,0.0,0.0
2023-10-17 09:00:00+08:00,61.0,61.0,58.29999923706055,59.0,0,0.0,0.0
2023-10-17 10:00:00+08:00,59.0,59.0,56.900001525878906,57.0,65574,0.0,0.0
2023-10-17 11:00:00+08:00,57.0,57.0,56.5,56.70000076293945,35279,0.0,0.0
2023-10-17 12:00:00+08:00,56.70000076293945,58.0,56.400001525878906,57.599998474121094,35694,0.0,0.0
2023-10-17 13:00:00+08:00,57.70000076293945,57.900001525878906,56.79999923706055,56.79999923706055,6011,0.0,0.0
2023-10-18 09:00:00+08:00,58.900001525878906,58.900001525878906,57.79999923706055,57.79999923706055,0,0.0,0.0
2023-10-18 10:00:00+08:00,57.79999923706055,57.79999923706055,57.79999923706055,57.79999923706055,3052,0.0,0.0
2023-10-18 11:00:00+08:00,58.0,58.099998474121094,57.5,58.099998474121094,15352,0.0,0.0
2023-10-18 12:00:00+08:00,57.79999923706055,58.5,57.70000076293945,58.5,9667,0.0,0.0
2023-10-18 13:00:00+08:00,58.400001525878906,59.900001525878906,58.400001525878906,58.5,8386,0.0,0.0
2023-10-19 09:00:00+08:00,58.900001525878906,59.79999923706055,58.900001525878906,59.599998474121094,0,0.0,0.0
2023-10-19 10:00:00+08:00,59.5,59.599998474121094,59.0,59.0,26534,0.0,0.0
2023-10-19 11:00:00+08:00,58.70000076293945,58.70000076293945,58.29999923706055,58.70000076293945,7738,0.0,0.0
2023-10-19 12:00:00+08:00,58.20000076293945,58.20000076293945,58.099998474121094,58.099998474121094,5922,0.0,0.0
2023-10-20 09:00:00+08:00,58.79999923706055,58.79999923706055,57.099998474121094,57.099998474121094,0,0.0,0.0
2023-10-20 10:00:00+08:00,57.29999923706055,57.29999923706055,57.099998474121094,57.099998474121094,12440,0.0,0.0
2023-10-20 11:00:00+08:00,57.099998474121094,57.099998474121094,57.099998474121094,57.099998474121094,5364,0.0,0.0
2023-10-20 12:00:00+08:00,57.5,57.5,57.400001525878906,57.400001525878906,2349,0.0,0.0
2023-10-20 13:00:00+08:00,57.79999923706055,57.79999923706055,57.5,57.5,2212,0.0,0.0
2023-10-23 10:00:00+08:00,58.70000076293945,58.70000076293945,57.400001525878906,58.0,8227,0.0,0.0
2023-10-23 11:00:00+08:00,58.099998474121094,58.099998474121094,58.0,58.0,2554,0.0,0.0
2023-10-23 12:00:00+08:00,57.79999923706055,58.0,57.79999923706055,58.0,2693,0.0,0.0
2023-10-23 13:00:00+08:00,57.70000076293945,57.70000076293945,57.70000076293945,57.70000076293945,0,0.0,0.0
2023-10-24 09:00:00+08:00,57.70000076293945,58.0,57.70000076293945,57.70000076293945,7178,0.0,0.0
2023-10-24 10:00:00+08:00,58.0,58.0,58.0,58.0,2779,0.0,0.0
2023-10-24 11:00:00+08:00,58.0,58.0,57.5,57.599998474121094,13000,0.0,0.0
2023-10-24 12:00:00+08:00,57.5,57.79999923706055,57.5,57.599998474121094,0,0.0,0.0
2023-10-24 13:00:00+08:00,57.599998474121094,57.599998474121094,57.0,57.0,44679,0.0,0.0
2023-10-25 10:00:00+08:00,57.29999923706055,57.29999923706055,56.79999923706055,57.0,19180,0.0,0.0
2023-10-25 12:00:00+08:00,57.0,57.29999923706055,57.0,57.099998474121094,7403,0.0,0.0
2023-10-26 09:00:00+08:00,57.0,57.20000076293945,57.0,57.20000076293945,12040,0.0,0.0
2023-10-26 10:00:00+08:00,57.0,57.0,57.0,57.0,2200,0.0,0.0
2023-10-26 11:00:00+08:00,57.0,57.20000076293945,57.0,57.099998474121094,8545,0.0,0.0
2023-10-26 12:00:00+08:00,57.099998474121094,57.099998474121094,57.0,57.0,5142,0.0,0.0
2023-10-26 13:00:00+08:00,57.0,57.0,55.599998474121094,55.79999923706055,22721,0.0,0.0
2023-10-27 09:00:00+08:00,55.79999923706055,55.79999923706055,55.20000076293945,55.20000076293945,0,0.0,0.0
2023-10-27 10:00:00+08:00,55.5,55.5,55.099998474121094,55.29999923706055,8639,0.0,0.0
2023-10-27 11:00:00+08:00,55.20000076293945,55.20000076293945,54.0,54.0,32458,0.0,0.0
2023-10-27 12:00:00+08:00,53.5,53.5,50.900001525878906,52.5,50863,0.0,0.0
2023-10-27 13:00:00+08:00,52.5,52.5,51.599998474121094,52.0,16096,0.0,0.0
2023-10-30 09:00:00+08:00,54.0,56.0,53.0,53.0,0,0.0,0.0
2023-10-30 10:00:00+08:00,53.599998474121094,53.599998474121094,53.0,53.099998474121094,5629,0.0,0.0
2023-10-30 11:00:00+08:00,53.099998474121094,53.099998474121094,52.5,52.599998474121094,9700,0.0,0.0
2023-10-30 12:00:00+08:00,52.70000076293945,52.70000076293945,52.5,52.5,15884,0.0,0.0
2023-10-30 13:00:00+08:00,52.5,52.5,51.29999923706055,51.5,33338,0.0,0.0
2023-10-31 10:00:00+08:00,52.0,52.0,51.5,51.5,5876,0.0,0.0
2023-10-31 11:00:00+08:00,51.5,51.5,49.0,50.0,77990,0.0,0.0
2023-10-31 12:00:00+08:00,50.0,50.099998474121094,49.5,49.70000076293945,33994,0.0,0.0
2023-10-31 13:00:00+08:00,49.75,50.0,49.75,49.900001525878906,16024,0.0,0.0
2023-11-01 09:00:00+08:00,49.75,49.79999923706055,49.70000076293945,49.75,20084,0.0,0.0
2023-11-01 10:00:00+08:00,49.75,49.75,49.650001525878906,49.70000076293945,11146,0.0,0.0
2023-11-01 11:00:00+08:00,49.70000076293945,49.75,49.70000076293945,49.75,4640,0.0,0.0
2023-11-01 12:00:00+08:00,49.75,49.849998474121094,49.75,49.79999923706055,11809,0.0,0.0
2023-11-01 13:00:00+08:00,49.79999923706055,49.79999923706055,49.79999923706055,49.79999923706055,7357,0.0,0.0
2023-11-02 09:00:00+08:00,50.20000076293945,50.20000076293945,49.900001525878906,50.0,17251,0.0,0.0
2023-11-02 10:00:00+08:00,50.0,50.099998474121094,50.0,50.0,43336,0.0,0.0
2023-11-02 11:00:00+08:00,50.0,50.0,49.95000076293945,50.0,19191,0.0,0.0
2023-11-02 12:00:00+08:00,50.0,50.400001525878906,50.0,50.0,15322,0.0,0.0
2023-11-02 13:00:00+08:00,50.0,50.0,49.900001525878906,49.900001525878906,9502,0.0,0.0
2023-11-03 09:00:00+08:00,49.5,49.5,49.400001525878906,49.400001525878906,9807,0.0,0.0
2023-11-03 10:00:00+08:00,49.79999923706055,50.20000076293945,49.79999923706055,50.20000076293945,17696,0.0,0.0
2023-11-03 11:00:00+08:00,49.79999923706055,50.0,49.79999923706055,50.0,4550,0.0,0.0
2023-11-03 12:00:00+08:00,50.0,50.0,50.0,50.0,14226,0.0,0.0
2023-11-03 13:00:00+08:00,49.849998474121094,50.0,49.70000076293945,49.70000076293945,31683,0.0,0.0
2023-11-06 09:00:00+08:00,50.20000076293945,50.20000076293945,50.0,50.0,0,0.0,0.0
2023-11-06 10:00:00+08:00,50.0,50.0,49.79999923706055,49.79999923706055,25405,0.0,0.0
2023-11-06 11:00:00+08:00,50.0,50.0,50.0,50.0,11519,0.0,0.0
2023-11-06 12:00:00+08:00,50.0,50.0,49.849998474121094,49.900001525878906,12354,0.0,0.0
2023-11-06 13:00:00+08:00,49.900001525878906,49.95000076293945,49.900001525878906,49.95000076293945,5268,0.0,0.0
2023-11-07 09:00:00+08:00,49.849998474121094,50.0,49.849998474121094,50.0,0,0.0,0.0
2023-11-07 10:00:00+08:00,50.0,50.0,49.79999923706055,49.79999923706055,19561,0.0,0.0
2023-11-07 11:00:00+08:00,50.0,50.0,49.79999923706055,49.79999923706055,7297,0.0,0.0
2023-11-07 12:00:00+08:00,50.0,50.0,49.75,49.95000076293945,8248,0.0,0.0
2023-11-07 13:00:00+08:00,49.95000076293945,49.95000076293945,49.70000076293945,49.70000076293945,21436,0.0,0.0
2023-11-08 09:00:00+08:00,49.650001525878906,49.900001525878906,47.79999923706055,49.0,0,0.0,0.0
2023-11-08 10:00:00+08:00,49.20000076293945,49.20000076293945,48.79999923706055,48.79999923706055,10204,0.0,0.0
2023-11-08 11:00:00+08:00,49.0,49.0,48.849998474121094,49.0,7977,0.0,0.0
2023-11-08 12:00:00+08:00,49.0,49.0,48.849998474121094,49.0,16084,0.0,0.0
2023-11-08 13:00:00+08:00,49.0,49.0,48.79999923706055,48.79999923706055,11722,0.0,0.0
2023-11-09 09:00:00+08:00,49.5,49.5,48.95000076293945,49.0,0,0.0,0.0
2023-11-09 10:00:00+08:00,49.0,50.0,48.70000076293945,50.0,11391,0.0,0.0
2023-11-09 11:00:00+08:00,49.0,49.900001525878906,49.0,49.0,7932,0.0,0.0
2023-11-09 12:00:00+08:00,49.0,49.0,48.900001525878906,48.900001525878906,7117,0.0,0.0
2023-11-09 13:00:00+08:00,49.0,49.0,49.0,49.0,3012,0.0,0.0
2023-11-10 09:00:00+08:00,49.5,49.5,48.95000076293945,49.0,0,0.0,0.0
2023-11-10 10:00:00+08:00,49.0,49.0,48.75,48.79999923706055,11710,0.0,0.0
2023-11-10 11:00:00+08:00,48.95000076293945,48.95000076293945,48.95000076293945,48.95000076293945,2215,0.0,0.0
2023-11-10 12:00:00+08:00,48.95000076293945,48.95000076293945,48.79999923706055,48.79999923706055,4268,0.0,0.0
2023-11-10 13:00:00+08:00,49.0,49.0,48.79999923706055,48.79999923706055,5928,0.0,0.0
2023-11-13 09:00:00+08:00,48.849998474121094,48.849998474121094,48.79999923706055,48.79999923706055,0,0.0,0.0
2023-11-13 10:00:00+08:00,48.79999923706055,49.0,48.70000076293945,48.70000076293945,9427,0.0,0.0
2023-11-13 11:00:00+08:00,48.79999923706055,48.79999923706055,48.70000076293945,48.70000076293945,2149,0.0,0.0
2023-11-13 12:00:00+08:00,48.79999923706055,48.900001525878906,48.79999923706055,48.900001525878906,8013,0.0,0.0
2023-11-13 13:00:00+08:00,48.75,48.75,48.70000076293945,48.70000076293945,6105,0.0,0.0
2023-11-14 09:00:00+08:00,48.54999923706055,49.0,48.400001525878906,48.849998474121094,11500,0.0,0.0
2023-11-14 10:00:00+08:00,49.0,49.04999923706055,48.5,48.5,13023,0.0,0.0
2023-11-14 11:00:00+08:00,48.5,48.5,48.5,48.5,5116,0.0,0.0
2023-11-14 12:00:00+08:00,48.5,48.5,48.5,48.5,4967,0.0,0.0
2023-11-14 13:00:00+08:00,48.900001525878906,48.900001525878906,48.900001525878906,48.900001525878906,1000,0.0,0.0
2023-11-15 09:00:00+08:00,49.29999923706055,49.29999923706055,48.900001525878906,49.0,0,0.0,0.0
2023-11-15 10:00:00+08:00,49.0,49.0,49.0,49.0,26604,0.0,0.0
2023-11-15 11:00:00+08:00,49.0,49.099998474121094,49.0,49.0,16472,0.0,0.0
2023-11-15 12:00:00+08:00,49.0,49.0,48.95000076293945,49.0,36451,0.0,0.0
2023-11-15 13:00:00+08:00,48.900001525878906,49.0,48.900001525878906,49.0,6126,0.0,0.0
2023-11-16 09:00:00+08:00,49.349998474121094,49.349998474121094,48.95000076293945,48.95000076293945,0,0.0,0.0
2023-11-16 10:00:00+08:00,48.95000076293945,49.0,48.95000076293945,49.0,7050,0.0,0.0
2023-11-16 11:00:00+08:00,48.95000076293945,49.0,48.849998474121094,48.849998474121094,4200,0.0,0.0
2023-11-16 12:00:00+08:00,48.79999923706055,49.0,48.79999923706055,49.0,6200,0.0,0.0
2023-11-16 13:00:00+08:00,49.0,49.0,49.0,49.0,3000,0.0,0.0
2023-11-17 09:00:00+08:00,49.70000076293945,49.70000076293945,48.95000076293945,49.70000076293945,0,0.0,0.0
2023-11-17 10:00:00+08:00,49.349998474121094,49.349998474121094,49.0,49.0,20932,0.0,0.0
2023-11-17 11:00:00+08:00,49.0,49.0,49.0,49.0,12258,0.0,0.0
2023-11-17 12:00:00+08:00,49.0,49.29999923706055,48.95000076293945,49.0,15009,0.0,0.0
2023-11-17 13:00:00+08:00,49.0,49.0,48.95000076293945,48.95000076293945,3795,0.0,0.0
2023-11-20 09:00:00+08:00,49.0,49.0,48.900001525878906,49.0,0,0.0,0.0
2023-11-20 10:00:00+08:00,49.0,49.0,49.0,49.0,2073,0.0,0.0
2023-11-20 11:00:00+08:00,49.0,49.0,48.900001525878906,49.0,10206,0.0,0.0
2023-11-20 12:00:00+08:00,49.0,49.0,49.0,49.0,7539,0.0,0.0
2023-11-20 13:00:00+08:00,49.0,49.0,49.0,49.0,2080,0.0,0.0
2023-11-21 09:00:00+08:00,49.0,49.20000076293945,48.79999923706055,48.79999923706055,0,0.0,0.0
2023-11-21 10:00:00+08:00,49.20000076293945,49.20000076293945,49.150001525878906,49.150001525878906,2006,0.0,0.0
2023-11-21 11:00:00+08:00,49.20000076293945,49.29999923706055,48.900001525878906,49.0,14047,0.0,0.0
2023-11-21 12:00:00+08:00,49.0,49.0,48.900001525878906,49.0,8503,0.0,0.0
2023-11-21 13:00:00+08:00,49.0,49.0,48.95000076293945,49.0,8715,0.0,0.0
2023-11-22 09:00:00+08:00,49.849998474121094,49.849998474121094,49.0,49.0,0,0.0,0.0
2023-11-22 10:00:00+08:00,49.0,49.0,49.0,49.0,12418,0.0,0.0
2023-11-22 11:00:00+08:00,49.0,49.0,49.0,49.0,6151,0.0,0.0
2023-11-22 12:00:00+08:00,49.0,49.0,48.95000076293945,48.95000076293945,21247,0.0,0.0
2023-11-22 13:00:00+08:00,49.0,49.0,48.95000076293945,48.95000076293945,2000,0.0,0.0
2023-11-23 09:00:00+08:00,49.20000076293945,49.20000076293945,48.900001525878906,48.900001525878906,0,0.0,0.0
2023-11-23 10:00:00+08:00,48.900001525878906,49.20000076293945,48.900001525878906,48.900001525878906,10917,0.0,0.0
2023-11-23 11:00:00+08:00,48.900001525878906,48.900001525878906,48.900001525878906,48.900001525878906,4245,0.0,0.0
2023-11-23 12:00:00+08:00,48.900001525878906,48.900001525878906,48.900001525878906,48.900001525878906,15871,0.0,0.0
2023-11-23 13:00:00+08:00,48.900001525878906,48.900001525878906,48.900001525878906,48.900001525878906,3245,0.0,0.0
2023-11-24 09:00:00+08:00,48.79999923706055,49.04999923706055,48.79999923706055,49.04999923706055,0,0.0,0.0
2023-11-24 10:00:00+08:00,49.20000076293945,49.20000076293945,49.0,49.0,7832,0.0,0.0
2023-11-24 11:00:00+08:00,49.0,49.0,49.0,49.0,1880,0.0,0.0
2023-11-24 12:00:00+08:00,49.20000076293945,49.20000076293945,48.95000076293945,48.95000076293945,7147,0.0,0.0
2023-11-24 13:00:00+08:00,49.0,49.20000076293945,48.95000076293945,48.95000076293945,8096,0.0,0.0
2023-11-27 09:00:00+08:00,48.95000076293945,48.95000076293945,48.349998474121094,48.349998474121094,0,0.0,0.0
2023-11-27 10:00:00+08:00,48.849998474121094,49.150001525878906,48.5,48.5,18592,0.0,0.0
2023-11-27 11:00:00+08:00,48.5,48.5,48.5,48.5,19701,0.0,0.0
2023-11-27 12:00:00+08:00,48.5,48.5,48.45000076293945,48.45000076293945,14632,0.0,0.0
2023-11-27 13:00:00+08:00,48.45000076293945,48.5,48.45000076293945,48.5,7460,0.0,0.0
2023-11-28 09:00:00+08:00,48.45000076293945,48.75,48.45000076293945,48.75,4976,0.0,0.0
2023-11-28 10:00:00+08:00,48.900001525878906,48.900001525878906,48.75,48.75,2380,0.0,0.0
2023-11-28 11:00:00+08:00,48.5,48.5,48.45000076293945,48.5,17700,0.0,0.0
2023-11-28 12:00:00+08:00,48.5,48.5,48.5,48.5,37290,0.0,0.0
2023-11-28 13:00:00+08:00,48.5,48.5,48.45000076293945,48.45000076293945,6143,0.0,0.0
2023-11-29 09:00:00+08:00,48.45000076293945,48.45000076293945,48.400001525878906,48.400001525878906,12923,0.0,0.0
2023-11-29 10:00:00+08:00,48.45000076293945,48.650001525878906,48.45000076293945,48.650001525878906,3113,0.0,0.0
2023-11-29 11:00:00+08:00,48.599998474121094,48.599998474121094,48.54999923706055,48.599998474121094,5798,0.0,0.0
2023-11-29 12:00:00+08:00,48.650001525878906,48.650001525878906,48.5,48.5,10092,0.0,0.0
2023-11-29 13:00:00+08:00,48.5,48.5,48.5,48.5,1644,0.0,0.0
2023-11-30 09:00:00+08:00,48.150001525878906,48.5,48.099998474121094,48.349998474121094,0,0.0,0.0
2023-11-30 10:00:00+08:00,48.349998474121094,48.349998474121094,48.20000076293945,48.20000076293945,4783,0.0,0.0
2023-11-30 11:00:00+08:00,48.25,48.400001525878906,48.150001525878906,48.400001525878906,12581,0.0,0.0
2023-11-30 12:00:00+08:00,48.45000076293945,48.45000076293945,48.349998474121094,48.349998474121094,14659,0.0,0.0
2023-11-30 13:00:00+08:00,48.29999923706055,48.29999923706055,48.29999923706055,48.29999923706055,2102,0.0,0.0
2023-12-01 09:00:00+08:00,49.099998474121094,49.099998474121094,48.29999923706055,48.29999923706055,0,0.0,0.0
2023-12-01 10:00:00+08:00,48.29999923706055,48.29999923706055,48.20000076293945,48.29999923706055,10744,0.0,0.0
2023-12-01 11:00:00+08:00,48.29999923706055,48.29999923706055,48.29999923706055,48.29999923706055,2120,0.0,0.0
2023-12-01 12:00:00+08:00,48.29999923706055,48.75,48.20000076293945,48.75,26436,0.0,0.0
2023-12-01 13:00:00+08:00,48.599998474121094,48.650001525878906,48.5,48.5,9274,0.0,0.0
2023-12-04 09:00:00+08:00,47.900001525878906,48.95000076293945,47.900001525878906,48.95000076293945,0,0.0,0.0
2023-12-04 10:00:00+08:00,48.04999923706055,48.5,48.04999923706055,48.5,2265,0.0,0.0
2023-12-04 11:00:00+08:00,48.5,48.5,48.5,48.5,2197,0.0,0.0
2023-12-04 12:00:00+08:00,48.5,48.5,48.5,48.5,2149,0.0,0.0
2023-12-04 13:00:00+08:00,48.5,48.5,48.400001525878906,48.400001525878906,13015,0.0,0.0
2023-12-05 09:00:00+08:00,48.5,49.099998474121094,48.5,49.099998474121094,0,0.0,0.0
2023-12-05 10:00:00+08:00,49.0,49.29999923706055,49.0,49.29999923706055,7723,0.0,0.0
2023-12-05 11:00:00+08:00,49.29999923706055,49.349998474121094,48.70000076293945,49.0,14394,0.0,0.0
2023-12-05 12:00:00+08:00,48.75,49.54999923706055,48.75,49.54999923706055,19431,0.0,0.0
2023-12-05 13:00:00+08:00,49.599998474121094,51.099998474121094,49.599998474121094,50.70000076293945,49204,0.0,0.0
2023-12-06 09:00:00+08:00,52.5,54.599998474121094,51.70000076293945,51.79999923706055,55435,0.0,0.0
2023-12-06 10:00:00+08:00,51.599998474121094,51.599998474121094,49.75,50.0,109852,0.0,0.0
2023-12-06 11:00:00+08:00,50.0,50.099998474121094,50.0,50.0,15261,0.0,0.0
2023-12-06 12:00:00+08:00,49.95000076293945,50.20000076293945,49.650001525878906,49.79999923706055,29447,0.0,0.0
2023-12-06 13:00:00+08:00,49.849998474121094,49.849998474121094,49.29999923706055,49.79999923706055,31989,0.0,0.0
2023-12-07 09:00:00+08:00,49.45000076293945,50.0,49.45000076293945,49.95000076293945,0,0.0,0.0
2023-12-07 10:00:00+08:00,49.95000076293945,50.0,49.54999923706055,49.900001525878906,9653,0.0,0.0
2023-12-07 11:00:00+08:00,49.599998474121094,49.650001525878906,49.5,49.650001525878906,8645,0.0,0.0
2023-12-07 12:00:00+08:00,49.650001525878906,49.70000076293945,49.5,49.5,5884,0.0,0.0
2023-12-07 13:00:00+08:00,49.5,49.599998474121094,49.45000076293945,49.5,7266,0.0,0.0
2023-12-08 09:00:00+08:00,49.5,49.5,49.25,49.25,3738,0.0,0.0
2023-12-08 10:00:00+08:00,49.5,49.5,49.5,49.5,4186,0.0,0.0
2023-12-08 11:00:00+08:00,49.5,49.5,49.20000076293945,49.20000076293945,9376,0.0,0.0
2023-12-08 12:00:00+08:00,49.20000076293945,49.20000076293945,49.150001525878906,49.150001525878906,2894,0.0,0.0
2023-12-08 13:00:00+08:00,49.04999923706055,49.20000076293945,49.0,49.0,7132,0.0,0.0
2023-12-11 09:00:00+08:00,49.5,49.5,49.29999923706055,49.5,0,0.0,0.0
2023-12-11 10:00:00+08:00,49.5,49.5,49.0,49.0,13109,0.0,0.0
2023-12-11 11:00:00+08:00,49.0,49.0,48.79999923706055,48.79999923706055,13783,0.0,0.0
2023-12-11 12:00:00+08:00,48.79999923706055,48.900001525878906,48.79999923706055,48.900001525878906,3551,0.0,0.0
2023-12-11 13:00:00+08:00,48.900001525878906,48.900001525878906,48.5,48.599998474121094,16129,0.0,0.0
2023-12-12 09:00:00+08:00,48.70000076293945,48.849998474121094,48.349998474121094,48.849998474121094,0,0.0,0.0
2023-12-12 10:00:00+08:00,48.849998474121094,48.849998474121094,48.849998474121094,48.849998474121094,6029,0.0,0.0
2023-12-12 11:00:00+08:00,48.79999923706055,48.79999923706055,48.599998474121094,48.70000076293945,5603,0.0,0.0
2023-12-12 12:00:00+08:00,48.70000076293945,48.79999923706055,48.70000076293945,48.79999923706055,6023,0.0,0.0
2023-12-12 13:00:00+08:00,49.0,49.0,48.75,48.75,5655,0.0,0.0
2023-12-13 09:00:00+08:00,48.849998474121094,49.0,48.849998474121094,49.0,2334,0.0,0.0
2023-12-13 10:00:00+08:00,49.0,49.0,49.0,49.0,7938,0.0,0.0
2023-12-13 11:00:00+08:00,48.95000076293945,48.95000076293945,48.849998474121094,48.849998474121094,4257,0.0,0.0
2023-12-13 12:00:00+08:00,48.900001525878906,48.900001525878906,48.849998474121094,48.849998474121094,8504,0.0,0.0
2023-12-14 09:00:00+08:00,49.849998474121094,49.849998474121094,49.400001525878906,49.5,0,0.0,0.0
2023-12-14 10:00:00+08:00,49.5,49.5,49.0,49.0,4874,0.0,0.0
2023-12-14 11:00:00+08:00,49.0,49.0,49.0,49.0,2068,0.0,0.0
2023-12-14 12:00:00+08:00,48.95000076293945,48.95000076293945,48.900001525878906,48.900001525878906,2063,0.0,0.0
2023-12-14 13:00:00+08:00,48.900001525878906,48.900001525878906,48.79999923706055,48.79999923706055,15578,0.0,0.0
2023-12-15 09:00:00+08:00,49.349998474121094,49.400001525878906,49.349998474121094,49.349998474121094,0,0.0,0.0
2023-12-15 10:00:00+08:00,49.20000076293945,49.29999923706055,48.95000076293945,48.95000076293945,15305,0.0,0.0
2023-12-15 11:00:00+08:00,48.849998474121094,49.349998474121094,48.849998474121094,49.349998474121094,3958,0.0,0.0
2023-12-15 12:00:00+08:00,49.29999923706055,49.400001525878906,49.29999923706055,49.400001525878906,11680,0.0,0.0
2023-12-15 13:00:00+08:00,49.099998474121094,49.099998474121094,49.099998474121094,49.099998474121094,1308,0.0,0.0
2023-12-18 09:00:00+08:00,49.95000076293945,50.0,49.400001525878906,49.45000076293945,0,0.0,0.0
2023-12-18 10:00:00+08:00,49.900001525878906,49.900001525878906,49.54999923706055,49.54999923706055,5400,0.0,0.0
2023-12-18 11:00:00+08:00,49.70000076293945,49.70000076293945,49.5,49.5,6488,0.0,0.0
2023-12-18 12:00:00+08:00,49.5,49.70000076293945,49.5,49.650001525878906,3750,0.0,0.0
2023-12-18 13:00:00+08:00,49.54999923706055,49.54999923706055,49.5,49.5,5864,0.0,0.0
2023-12-19 09:00:00+08:00,49.650001525878906,49.70000076293945,49.04999923706055,49.04999923706055,17647,0.0,0.0
2023-12-19 10:00:00+08:00,49.5,49.5,49.0,49.0,5100,0.0,0.0
2023-12-19 11:00:00+08:00,49.04999923706055,49.04999923706055,49.04999923706055,49.04999923706055,1743,0.0,0.0
2023-12-19 12:00:00+08:00,49.5,49.54999923706055,49.45000076293945,49.45000076293945,6170,0.0,0.0
2023-12-19 13:00:00+08:00,49.54999923706055,49.54999923706055,49.5,49.5,3325,0.0,0.0
2023-12-20 09:00:00+08:00,50.400001525878906,50.400001525878906,49.599998474121094,49.599998474121094,0,0.0,0.0
2023-12-20 10:00:00+08:00,49.599998474121094,49.70000076293945,49.599998474121094,49.70000076293945,8510,0.0,0.0
2023-12-20 11:00:00+08:00,49.650001525878906,49.650001525878906,49.5,49.5,37101,0.0,0.0
2023-12-20 12:00:00+08:00,49.5,49.5,49.0,49.0,15032,0.0,0.0
2023-12-20 13:00:00+08:00,49.20000076293945,49.20000076293945,49.0,49.0,7235,0.0,0.0
2023-12-21 09:00:00+08:00,49.95000076293945,49.95000076293945,49.5,49.5,0,0.0,0.0
2023-12-21 10:00:00+08:00,48.95000076293945,49.599998474121094,48.95000076293945,49.599998474121094,10595,0.0,0.0
2023-12-21 11:00:00+08:00,49.599998474121094,49.70000076293945,49.04999923706055,49.70000076293945,23941,0.0,0.0
2023-12-21 12:00:00+08:00,49.79999923706055,49.900001525878906,49.0,49.0,20418,0.0,0.0
2023-12-21 13:00:00+08:00,48.95000076293945,49.0,48.900001525878906,48.900001525878906,0,0.0,0.0
2023-12-22 09:00:00+08:00,49.0,49.0,48.849998474121094,48.849998474121094,8167,0.0,0.0
2023-12-22 10:00:00+08:00,49.0,49.0,49.0,49.0,1400,0.0,0.0
2023-12-22 11:00:00+08:00,49.0,49.0,49.0,49.0,2180,0.0,0.0
2023-12-22 12:00:00+08:00,49.0,49.0,49.0,49.0,2148,0.0,0.0
2023-12-22 13:00:00+08:00,48.900001525878906,49.0,48.900001525878906,49.0,5050,0.0,0.0
2023-12-25 09:00:00+08:00,49.0,50.20000076293945,49.0,49.75,0,0.0,0.0
2023-12-25 10:00:00+08:00,49.20000076293945,49.45000076293945,49.04999923706055,49.099998474121094,8886,0.0,0.0
2023-12-25 11:00:00+08:00,49.25,49.29999923706055,49.099998474121094,49.29999923706055,3847,0.0,0.0
2023-12-25 12:00:00+08:00,49.29999923706055,49.29999923706055,49.099998474121094,49.29999923706055,4315,0.0,0.0
2023-12-25 13:00:00+08:00,49.29999923706055,49.29999923706055,49.29999923706055,49.29999923706055,4269,0.0,0.0
2023-12-26 09:00:00+08:00,49.20000076293945,49.5,49.20000076293945,49.5,0,0.0,0.0
2023-12-26 10:00:00+08:00,49.5,49.5,49.5,49.5,6060,0.0,0.0
2023-12-26 11:00:00+08:00,49.599998474121094,49.599998474121094,49.599998474121094,49.599998474121094,2142,0.0,0.0
2023-12-26 12:00:00+08:00,49.5,49.5,49.5,49.5,5032,0.0,0.0
2023-12-26 13:00:00+08:00,49.400001525878906,49.650001525878906,49.400001525878906,49.650001525878906,2702,0.0,0.0
2023-12-27 09:00:00+08:00,50.400001525878906,50.400001525878906,49.599998474121094,49.599998474121094,0,0.0,0.0
2023-12-27 10:00:00+08:00,49.599998474121094,49.95000076293945,49.599998474121094,49.95000076293945,7059,0.0,0.0
2023-12-27 12:00:00+08:00,49.849998474121094,49.849998474121094,49.70000076293945,49.849998474121094,4531,0.0,0.0
2023-12-27 13:00:00+08:00,49.849998474121094,49.849998474121094,49.70000076293945,49.70000076293945,3318,0.0,0.0
2023-12-28 09:00:00+08:00,49.75,49.75,49.75,49.75,1107,0.0,0.0
2023-12-28 10:00:00+08:00,49.79999923706055,50.0,49.79999923706055,50.0,16404,0.0,0.0
2023-12-28 11:00:00+08:00,50.0,50.20000076293945,50.0,50.20000076293945,7263,0.0,0.0
2023-12-28 12:00:00+08:00,50.29999923706055,51.5,50.29999923706055,51.400001525878906,35858,0.0,0.0
2023-12-28 13:00:00+08:00,51.70000076293945,51.900001525878906,51.599998474121094,51.599998474121094,20411,0.0,0.0
2023-12-29 09:00:00+08:00,51.5,51.5,50.5,50.79999923706055,0,0.0,0.0
2023-12-29 10:00:00+08:00,50.900001525878906,51.0,50.900001525878906,50.900001525878906,9305,0.0,0.0
2023-12-29 11:00:00+08:00,50.900001525878906,51.0,50.900001525878906,51.0,4236,0.0,0.0
2023-12-29 12:00:00+08:00,51.0,51.400001525878906,50.900001525878906,51.0,8252,0.0,0.0
2023-12-29 13:00:00+08:00,51.0,51.400001525878906,50.900001525878906,51.400001525878906,10650,0.0,0.0
2024-01-02 11:00:00+08:00,50.900001525878906,50.900001525878906,50.70000076293945,50.70000076293945,2040,0.0,0.0
2024-01-02 12:00:00+08:00,50.5,50.5,50.20000076293945,50.20000076293945,8452,0.0,0.0
2024-01-02 13:00:00+08:00,50.20000076293945,50.20000076293945,50.20000076293945,50.20000076293945,0,0.0,0.0
2024-01-03 10:00:00+08:00,50.099998474121094,50.099998474121094,50.099998474121094,50.099998474121094,1541,0.0,0.0
2024-01-03 12:00:00+08:00,50.099998474121094,50.099998474121094,50.099998474121094,50.099998474121094,6068,0.0,0.0
2024-01-03 13:00:00+08:00,50.20000076293945,50.20000076293945,50.20000076293945,50.20000076293945,1000,0.0,0.0
2024-01-04 10:00:00+08:00,50.5,50.5,50.20000076293945,50.20000076293945,3606,0.0,0.0
2024-01-04 11:00:00+08:00,50.099998474121094,50.099998474121094,50.0,50.0,3760,0.0,0.0
2024-01-04 12:00:00+08:00,50.099998474121094,50.099998474121094,49.95000076293945,49.95000076293945,8859,0.0,0.0
2024-01-05 09:00:00+08:00,50.79999923706055,50.79999923706055,50.79999923706055,50.79999923706055,0,0.0,0.0
2024-01-05 10:00:00+08:00,50.0,50.0,50.0,50.0,1130,0.0,0.0
2024-01-05 11:00:00+08:00,49.95000076293945,50.400001525878906,49.95000076293945,50.400001525878906,4465,0.0,0.0
2024-01-05 12:00:00+08:00,50.0,50.0,50.0,50.0,4430,0.0,0.0
2024-01-08 09:00:00+08:00,49.70000076293945,49.70000076293945,49.70000076293945,49.70000076293945,0,0.0,0.0
2024-01-08 10:00:00+08:00,49.54999923706055,49.650001525878906,49.54999923706055,49.650001525878906,2447,0.0,0.0
2024-01-08 11:00:00+08:00,49.650001525878906,49.650001525878906,49.650001525878906,49.650001525878906,1398,0.0,0.0
2024-01-08 12:00:00+08:00,49.650001525878906,49.650001525878906,49.599998474121094,49.599998474121094,8348,0.0,0.0
2024-01-08 13:00:00+08:00,49.599998474121094,49.599998474121094,49.599998474121094,49.599998474121094,3300,0.0,0.0
2024-01-09 09:00:00+08:00,49.5,49.5,48.70000076293945,48.70000076293945,3768,0.0,0.0
2024-01-09 10:00:00+08:00,48.70000076293945,48.70000076293945,48.650001525878906,48.650001525878906,8913,0.0,0.0
2024-01-09 11:00:00+08:00,48.650001525878906,48.650001525878906,48.650001525878906,48.650001525878906,2494,0.0,0.0
2024-01-09 12:00:00+08:00,48.650001525878906,48.650001525878906,48.54999923706055,48.54999923706055,14921,0.0,0.0
2024-01-10 09:00:00+08:00,48.150001525878906,48.20000076293945,48.150001525878906,48.150001525878906,0,0.0,0.0
2024-01-10 10:00:00+08:00,48.349998474121094,48.349998474121094,48.29999923706055,48.29999923706055,4858,0.0,0.0
2024-01-10 12:00:00+08:00,48.599998474121094,48.599998474121094,48.29999923706055,48.29999923706055,3483,0.0,0.0
2024-01-10 13:00:00+08:00,48.900001525878906,49.0,48.45000076293945,48.45000076293945,15256,0.0,0.0
2024-01-11 09:00:00+08:00,48.45000076293945,48.45000076293945,48.150001525878906,48.150001525878906,0,0.0,0.0
2024-01-11 10:00:00+08:00,48.400001525878906,48.400001525878906,48.400001525878906,48.400001525878906,1000,0.0,0.0
2024-01-11 11:00:00+08:00,48.349998474121094,48.400001525878906,48.25,48.400001525878906,8077,0.0,0.0
2024-01-11 12:00:00+08:00,48.5,49.0,48.5,48.900001525878906,12055,0.0,0.0
2024-01-11 13:00:00+08:00,48.900001525878906,49.150001525878906,48.70000076293945,49.150001525878906,4152,0.0,0.0
2024-01-12 12:00:00+08:00,49.0,49.0,48.70000076293945,48.70000076293945,6193,0.0,0.0
2024-01-12 13:00:00+08:00,48.75,48.75,48.70000076293945,48.70000076293945,4000,0.0,0.0
2024-01-15 09:00:00+08:00,48.29999923706055,48.29999923706055,48.099998474121094,48.099998474121094,0,0.0,0.0
2024-01-15 10:00:00+08:00,48.099998474121094,48.099998474121094,48.099998474121094,48.099998474121094,2981,0.0,0.0
2024-01-15 11:00:00+08:00,48.099998474121094,48.099998474121094,48.099998474121094,48.099998474121094,6323,0.0,0.0
2024-01-15 13:00:00+08:00,48.25,48.25,48.150001525878906,48.150001525878906,4200,0.0,0.0
2024-01-16 09:00:00+08:00,48.0,48.0,48.0,48.0,0,0.0,0.0
2024-01-16 10:00:00+08:00,48.29999923706055,48.29999923706055,48.04999923706055,48.04999923706055,2000,0.0,0.0
2024-01-16 11:00:00+08:00,48.04999923706055,48.04999923706055,48.04999923706055,48.04999923706055,3249,0.0,0.0
2024-01-16 12:00:00+08:00,48.04999923706055,48.25,48.04999923706055,48.25,3052,0.0,0.0
2024-01-16 13:00:00+08:00,48.04999923706055,48.04999923706055,48.04999923706055,48.04999923706055,0,0.0,0.0
2024-01-17 09:00:00+08:00,48.0,48.0,48.0,48.0,3434,0.0,0.0
2024-01-17 10:00:00+08:00,47.900001525878906,47.900001525878906,47.79999923706055,47.79999923706055,13005,0.0,0.0
2024-01-17 11:00:00+08:00,47.75,47.75,47.75,47.75,2213,0.0,0.0
2024-01-17 13:00:00+08:00,47.79999923706055,47.79999923706055,47.75,47.75,4000,0.0,0.0
2024-01-18 09:00:00+08:00,48.5,48.5,47.79999923706055,47.79999923706055,0,0.0,0.0
2024-01-18 10:00:00+08:00,47.70000076293945,47.70000076293945,47.70000076293945,47.70000076293945,3000,0.0,0.0
2024-01-18 11:00:00+08:00,47.70000076293945,47.70000076293945,47.599998474121094,47.599998474121094,7627,0.0,0.0
2024-01-18 12:00:00+08:00,47.599998474121094,47.599998474121094,47.54999923706055,47.599998474121094,5557,0.0,0.0
2024-01-18 13:00:00+08:00,47.599998474121094,47.599998474121094,47.599998474121094,47.599998474121094,2368,0.0,0.0
2024-01-19 09:00:00+08:00,47.599998474121094,47.650001525878906,47.599998474121094,47.650001525878906,0,0.0,0.0
2024-01-19 10:00:00+08:00,47.650001525878906,47.650001525878906,47.599998474121094,47.599998474121094,6362,0.0,0.0
2024-01-19 11:00:00+08:00,47.599998474121094,47.70000076293945,47.599998474121094,47.70000076293945,10023,0.0,0.0
2024-01-19 12:00:00+08:00,47.650001525878906,47.650001525878906,47.599998474121094,47.650001525878906,8645,0.0,0.0
2024-01-19 13:00:00+08:00,47.599998474121094,47.599998474121094,47.5,47.5,19954,0.0,0.0
2024-01-22 09:00:00+08:00,47.0,47.0,44.849998474121094,44.849998474121094,38767,0.0,0.0
2024-01-22 10:00:00+08:00,44.849998474121094,44.95000076293945,43.400001525878906,43.400001525878906,138779,0.0,0.0
2024-01-22 11:00:00+08:00,43.45000076293945,43.45000076293945,42.75,42.75,165479,0.0,0.0
2024-01-22 12:00:00+08:00,42.79999923706055,43.099998474121094,42.79999923706055,42.79999923706055,37250,0.0,0.0
2024-01-22 13:00:00+08:00,42.900001525878906,42.900001525878906,42.849998474121094,42.900001525878906,12225,0.0,0.0
2024-01-23 09:00:00+08:00,43.150001525878906,43.150001525878906,40.0,40.0,0,0.0,0.0
2024-01-23 10:00:00+08:00,40.0,40.54999923706055,39.79999923706055,40.0,222867,0.0,0.0
2024-01-23 11:00:00+08:00,40.04999923706055,40.04999923706055,39.900001525878906,40.0,52124,0.0,0.0
2024-01-23 12:00:00+08:00,40.0,40.25,39.849998474121094,39.849998474121094,69905,0.0,0.0
2024-01-23 13:00:00+08:00,39.95000076293945,39.95000076293945,39.70000076293945,39.75,45140,0.0,0.0
2024-01-24 09:00:00+08:00,39.70000076293945,40.0,39.70000076293945,39.900001525878906,55482,0.0,0.0
2024-01-24 10:00:00+08:00,39.900001525878906,39.95000076293945,39.0,39.0,90464,0.0,0.0
2024-01-24 11:00:00+08:00,39.04999923706055,39.45000076293945,39.04999923706055,39.29999923706055,14798,0.0,0.0
2024-01-24 12:00:00+08:00,39.45000076293945,40.0,39.45000076293945,39.75,149802,0.0,0.0
2024-01-24 13:00:00+08:00,39.75,39.75,39.599998474121094,39.650001525878906,20226,0.0,0.0
2024-01-25 09:00:00+08:00,39.70000076293945,40.20000076293945,39.650001525878906,39.70000076293945,0,0.0,0.0
2024-01-25 11:00:00+08:00,39.79999923706055,39.79999923706055,39.75,39.79999923706055,9329,0.0,0.0
2024-01-25 12:00:00+08:00,39.849998474121094,40.0,39.75,39.900001525878906,15000,0.0,0.0
2024-01-25 13:00:00+08:00,40.0,40.0,39.849998474121094,39.849998474121094,20006,0.0,0.0
2024-01-26 09:00:00+08:00,40.349998474121094,40.54999923706055,40.0,40.0,0,0.0,0.0
2024-01-26 10:00:00+08:00,40.0,40.20000076293945,39.900001525878906,40.20000076293945,8456,0.0,0.0
2024-01-26 11:00:00+08:00,40.20000076293945,40.20000076293945,40.04999923706055,40.150001525878906,9290,0.0,0.0
2024-01-26 12:00:00+08:00,40.150001525878906,40.20000076293945,39.95000076293945,39.95000076293945,14310,0.0,0.0
2024-01-26 13:00:00+08:00,39.95000076293945,40.349998474121094,39.900001525878906,40.349998474121094,10174,0.0,0.0
2024-01-29 09:00:00+08:00,40.04999923706055,40.04999923706055,40.0,40.0,0,0.0,0.0
2024-01-29 10:00:00+08:00,40.0,40.0,39.70000076293945,39.70000076293945,15640,0.0,0.0
2024-01-29 11:00:00+08:00,39.79999923706055,39.849998474121094,39.79999923706055,39.849998474121094,5005,0.0,0.0
2024-01-29 12:00:00+08:00,39.900001525878906,39.900001525878906,39.849998474121094,39.849998474121094,4300,0.0,0.0
2024-01-29 13:00:00+08:00,39.900001525878906,39.900001525878906,39.79999923706055,39.79999923706055,5092,0.0,0.0
2024-01-30 09:00:00+08:00,40.0,40.0,39.20000076293945,39.25,0,0.0,0.0
2024-01-30 10:00:00+08:00,39.25,39.25,39.20000076293945,39.20000076293945,17921,0.0,0.0
2024-01-30 11:00:00+08:00,39.25,39.29999923706055,39.04999923706055,39.04999923706055,26214,0.0,0.0
2024-01-30 12:00:00+08:00,39.099998474121094,39.25,39.099998474121094,39.099998474121094,11046,0.0,0.0
2024-01-30 13:00:00+08:00,39.099998474121094,39.099998474121094,38.95000076293945,38.95000076293945,28607,0.0,0.0
2024-01-31 09:00:00+08:00,39.20000076293945,39.20000076293945,38.54999923706055,38.79999923706055,29901,0.0,0.0
2024-01-31 10:00:00+08:00,38.70000076293945,38.75,38.54999923706055,38.599998474121094,26692,0.0,0.0
2024-01-31 11:00:00+08:00,38.650001525878906,38.75,38.650001525878906,38.650001525878906,6344,0.0,0.0
2024-01-31 12:00:00+08:00,38.650001525878906,38.70000076293945,38.650001525878906,38.650001525878906,14332,0.0,0.0
2024-01-31 13:00:00+08:00,38.650001525878906,38.650001525878906,38.54999923706055,38.54999923706055,18015,0.0,0.0
2024-02-01 09:00:00+08:00,38.54999923706055,38.70000076293945,38.54999923706055,38.599998474121094,0,0.0,0.0
2024-02-01 10:00:00+08:00,38.599998474121094,38.599998474121094,38.099998474121094,38.29999923706055,19037,0.0,0.0
2024-02-01 11:00:00+08:00,38.400001525878906,38.5,38.349998474121094,38.5,5072,0.0,0.0
2024-02-01 12:00:00+08:00,38.5,38.5,38.29999923706055,38.5,4326,0.0,0.0
2024-02-01 13:00:00+08:00,38.349998474121094,38.400001525878906,38.29999923706055,38.29999923706055,10709,0.0,0.0
2024-02-02 09:00:00+08:00,37.849998474121094,37.849998474121094,35.20000076293945,35.20000076293945,198151,0.0,0.0
2024-02-02 10:00:00+08:00,35.20000076293945,35.79999923706055,35.099998474121094,35.349998474121094,110301,0.0,0.0
2024-02-02 11:00:00+08:00,35.349998474121094,35.400001525878906,35.25,35.25,38723,0.0,0.0
2024-02-02 12:00:00+08:00,35.20000076293945,35.20000076293945,34.54999923706055,34.599998474121094,168917,0.0,0.0
2024-02-02 13:00:00+08:00,34.79999923706055,34.849998474121094,34.75,34.849998474121094,13197,0.0,0.0
2024-02-05 09:00:00+08:00,34.5,34.5,33.349998474121094,33.70000076293945,0,0.0,0.0
2024-02-05 10:00:00+08:00,33.70000076293945,33.70000076293945,33.400001525878906,33.400001525878906,44097,0.0,0.0
2024-02-05 11:00:00+08:00,33.349998474121094,33.349998474121094,33.29999923706055,33.349998474121094,41758,0.0,0.0
2024-02-05 12:00:00+08:00,33.5,33.650001525878906,33.29999923706055,33.599998474121094,56410,0.0,0.0
2024-02-05 13:00:00+08:00,33.599998474121094,33.70000076293945,33.5,33.5,14839,0.0,0.0
2024-02-15 09:00:00+08:00,33.5,33.599998474121094,32.75,33.150001525878906,0,0.0,0.0
2024-02-15 10:00:00+08:00,33.150001525878906,33.150001525878906,33.0,33.0,9246,0.0,0.0
2024-02-15 11:00:00+08:00,33.099998474121094,33.25,33.04999923706055,33.04999923706055,30030,0.0,0.0
2024-02-15 12:00:00+08:00,33.20000076293945,33.25,33.099998474121094,33.20000076293945,17754,0.0,0.0
2024-02-15 13:00:00+08:00,33.20000076293945,33.20000076293945,33.04999923706055,33.04999923706055,10515,0.0,0.0
2024-02-16 09:00:00+08:00,33.0,33.599998474121094,33.0,33.5,48479,0.0,0.0
2024-02-16 10:00:00+08:00,33.54999923706055,33.95000076293945,33.54999923706055,33.95000076293945,24388,0.0,0.0
2024-02-16 11:00:00+08:00,33.95000076293945,34.0,33.79999923706055,33.900001525878906,15798,0.0,0.0
2024-02-16 12:00:00+08:00,33.79999923706055,34.099998474121094,33.79999923706055,34.0,25189,0.0,0.0
2024-02-16 13:00:00+08:00,34.0,34.099998474121094,34.0,34.0,9409,0.0,0.0
2024-02-19 09:00:00+08:00,34.099998474121094,34.54999923706055,34.099998474121094,34.349998474121094,0,0.0,0.0
2024-02-19 10:00:00+08:00,34.400001525878906,34.900001525878906,34.20000076293945,34.400001525878906,37201,0.0,0.0
2024-02-19 11:00:00+08:00,34.25,35.150001525878906,34.20000076293945,34.79999923706055,77312,0.0,0.0
2024-02-19 12:00:00+08:00,34.75,34.79999923706055,34.70000076293945,34.75,15981,0.0,0.0
2024-02-19 13:00:00+08:00,34.75,34.75,34.599998474121094,34.70000076293945,14101,0.0,0.0
2024-02-20 09:00:00+08:00,34.599998474121094,34.650001525878906,34.349998474121094,34.5,0,0.0,0.0
2024-02-20 10:00:00+08:00,34.45000076293945,34.5,34.150001525878906,34.29999923706055,40944,0.0,0.0
2024-02-20 11:00:00+08:00,34.29999923706055,34.29999923706055,34.29999923706055,34.29999923706055,1273,0.0,0.0
2024-02-20 12:00:00+08:00,34.29999923706055,34.45000076293945,34.29999923706055,34.45000076293945,5197,0.0,0.0
2024-02-20 13:00:00+08:00,34.45000076293945,34.70000076293945,34.400001525878906,34.70000076293945,15125,0.0,0.0
2024-02-21 09:00:00+08:00,34.79999923706055,35.400001525878906,34.79999923706055,35.0,0,0.0,0.0
2024-02-21 10:00:00+08:00,35.0,35.400001525878906,35.0,35.29999923706055,50288,0.0,0.0
2024-02-21 11:00:00+08:00,35.5,35.599998474121094,35.29999923706055,35.54999923706055,41058,0.0,0.0
2024-02-21 12:00:00+08:00,35.29999923706055,35.349998474121094,35.04999923706055,35.349998474121094,16509,0.0,0.0
2024-02-21 13:00:00+08:00,35.29999923706055,35.29999923706055,35.099998474121094,35.099998474121094,11025,0.0,0.0
2024-02-22 09:00:00+08:00,35.150001525878906,35.150001525878906,35.04999923706055,35.04999923706055,0,0.0,0.0
2024-02-22 10:00:00+08:00,35.20000076293945,35.20000076293945,35.099998474121094,35.099998474121094,6467,0.0,0.0
2024-02-22 11:00:00+08:00,35.099998474121094,35.099998474121094,35.04999923706055,35.04999923706055,21229,0.0,0.0
2024-02-22 12:00:00+08:00,35.04999923706055,35.04999923706055,34.79999923706055,34.79999923706055,20447,0.0,0.0
2024-02-22 13:00:00+08:00,34.79999923706055,35.0,34.79999923706055,35.0,9534,0.0,0.0
2024-02-23 09:00:00+08:00,35.0,35.150001525878906,34.95000076293945,34.95000076293945,24722,0.0,0.0
2024-02-23 10:00:00+08:00,34.95000076293945,35.099998474121094,34.95000076293945,35.099998474121094,9552,0.0,0.0
2024-02-23 11:00:00+08:00,35.150001525878906,35.29999923706055,34.95000076293945,34.95000076293945,20102,0.0,0.0
2024-02-23 12:00:00+08:00,34.95000076293945,35.04999923706055,34.95000076293945,35.04999923706055,6050,0.0,0.0
2024-02-23 13:00:00+08:00,35.04999923706055,35.04999923706055,34.95000076293945,34.95000076293945,9951,0.0,0.0
2024-02-26 09:00:00+08:00,35.0,35.5,35.0,35.0,0,0.0,0.0
2024-02-26 10:00:00+08:00,35.0,35.0,35.0,35.0,7000,0.0,0.0
2024-02-26 11:00:00+08:00,35.04999923706055,35.04999923706055,34.900001525878906,34.900001525878906,19245,0.0,0.0
2024-02-26 12:00:00+08:00,35.0,35.0,34.95000076293945,34.95000076293945,5097,0.0,0.0
2024-02-26 13:00:00+08:00,34.95000076293945,34.95000076293945,34.900001525878906,34.900001525878906,6129,0.0,0.0
2024-02-27 09:00:00+08:00,35.0,35.0,34.95000076293945,34.95000076293945,0,0.0,0.0
2024-02-27 10:00:00+08:00,34.900001525878906,35.0,34.79999923706055,35.0,4489,0.0,0.0
2024-02-27 11:00:00+08:00,35.0,35.0,34.79999923706055,34.79999923706055,4505,0.0,0.0
2024-02-27 12:00:00+08:00,34.95000076293945,34.95000076293945,34.900001525878906,34.95000076293945,4290,0.0,0.0
2024-02-27 13:00:00+08:00,34.95000076293945,34.95000076293945,34.95000076293945,34.95000076293945,2100,0.0,0.0
2024-02-29 09:00:00+08:00,35.150001525878906,35.20000076293945,34.95000076293945,34.95000076293945,0,0.0,0.0
2024-02-29 10:00:00+08:00,34.849998474121094,35.04999923706055,34.849998474121094,35.04999923706055,0,0.0,0.0
2024-02-29 11:00:00+08:00,34.849998474121094,34.900001525878906,34.849998474121094,34.900001525878906,29543,0.0,0.0
2024-02-29 12:00:00+08:00,34.900001525878906,34.95000076293945,34.900001525878906,34.95000076293945,2000,0.0,0.0
2024-02-29 13:00:00+08:00,34.900001525878906,34.900001525878906,34.849998474121094,34.849998474121094,8151,0.0,0.0
2024-03-01 09:00:00+08:00,34.75,34.79999923706055,33.900001525878906,34.349998474121094,0,0.0,0.0
2024-03-01 10:00:00+08:00,34.400001525878906,34.400001525878906,34.150001525878906,34.349998474121094,10329,0.0,0.0
2024-03-01 11:00:00+08:00,34.29999923706055,34.29999923706055,34.150001525878906,34.150001525878906,7105,0.0,0.0
2024-03-01 12:00:00+08:00,34.150001525878906,34.150001525878906,33.79999923706055,34.0,31579,0.0,0.0
2024-03-01 13:00:00+08:00,33.95000076293945,33.95000076293945,33.5,33.5,32372,0.0,0.0
2024-03-04 09:00:00+08:00,33.5,33.5,33.0,33.20000076293945,0,0.0,0.0
2024-03-04 10:00:00+08:00,33.45000076293945,33.45000076293945,33.45000076293945,33.45000076293945,2000,0.0,0.0
2024-03-04 11:00:00+08:00,33.349998474121094,33.400001525878906,33.349998474121094,33.400001525878906,5500,0.0,0.0
2024-03-04 12:00:00+08:00,33.400001525878906,33.400001525878906,33.20000076293945,33.20000076293945,12042,0.0,0.0
2024-03-05 09:00:00+08:00,33.150001525878906,33.150001525878906,33.099998474121094,33.150001525878906,6562,0.0,0.0
2024-03-05 10:00:00+08:00,33.20000076293945,33.20000076293945,33.099998474121094,33.099998474121094,6314,0.0,0.0
2024-03-05 11:00:00+08:00,33.099998474121094,33.150001525878906,33.04999923706055,33.04999923706055,17336,0.0,0.0
2024-03-05 12:00:00+08:00,33.0,33.099998474121094,32.95000076293945,33.099998474121094,16630,0.0,0.0
2024-03-05 13:00:00+08:00,33.099998474121094,33.099998474121094,33.0,33.0,8500,0.0,0.0
2024-03-06 09:00:00+08:00,33.0,33.0,32.79999923706055,32.79999923706055,0,0.0,0.0
2024-03-06 10:00:00+08:00,32.79999923706055,33.0,32.79999923706055,32.900001525878906,7645,0.0,0.0
2024-03-06 11:00:00+08:00,33.0,33.25,33.0,33.0,13774,0.0,0.0
2024-03-06 12:00:00+08:00,32.95000076293945,32.95000076293945,32.70000076293945,32.70000076293945,36778,0.0,0.0
2024-03-06 13:00:00+08:00,32.70000076293945,32.70000076293945,32.70000076293945,32.70000076293945,3726,0.0,0.0
2024-03-07 09:00:00+08:00,33.150001525878906,33.150001525878906,33.0,33.0,0,0.0,0.0
2024-03-07 10:00:00+08:00,33.0,33.20000076293945,33.0,33.0,10667,0.0,0.0
2024-03-07 11:00:00+08:00,33.0,33.0,32.95000076293945,32.95000076293945,10042,0.0,0.0
2024-03-07 12:00:00+08:00,32.95000076293945,33.0,32.95000076293945,33.0,7680,0.0,0.0
2024-03-07 13:00:00+08:00,33.0,33.0,32.95000076293945,32.95000076293945,8288,0.0,0.0
2024-03-08 09:00:00+08:00,32.849998474121094,32.849998474121094,32.70000076293945,32.70000076293945,23193,0.0,0.0
2024-03-08 10:00:00+08:00,32.650001525878906,32.75,32.349998474121094,32.400001525878906,25859,0.0,0.0
2024-03-08 11:00:00+08:00,32.45000076293945,32.75,32.45000076293945,32.75,30866,0.0,0.0
2024-03-08 12:00:00+08:00,33.29999923706055,33.650001525878906,32.599998474121094,32.70000076293945,10425,0.0,0.0
2024-03-08 13:00:00+08:00,32.900001525878906,32.900001525878906,32.849998474121094,32.849998474121094,2190,0.0,0.0
2024-03-11 09:00:00+08:00,32.79999923706055,32.95000076293945,32.79999923706055,32.900001525878906,0,0.0,0.0
2024-03-11 10:00:00+08:00,33.0,33.0,32.900001525878906,32.900001525878906,2269,0.0,0.0
2024-03-11 11:00:00+08:00,32.900001525878906,32.900001525878906,32.849998474121094,32.900001525878906,6455,0.0,0.0
2024-03-11 12:00:00+08:00,32.900001525878906,32.900001525878906,32.79999923706055,32.79999923706055,4000,0.0,0.0
2024-03-11 13:00:00+08:00,32.79999923706055,32.79999923706055,32.79999923706055,32.79999923706055,7520,0.0,0.0
2024-03-12 09:00:00+08:00,32.29999923706055,32.900001525878906,32.29999923706055,32.900001525878906,0,0.0,0.0
2024-03-12 11:00:00+08:00,32.650001525878906,32.650001525878906,32.599998474121094,32.599998474121094,8634,0.0,0.0
2024-03-12 12:00:00+08:00,32.849998474121094,32.849998474121094,32.650001525878906,32.79999923706055,7420,0.0,0.0
2024-03-12 13:00:00+08:00,32.79999923706055,32.79999923706055,32.79999923706055,32.79999923706055,6831,0.0,0.0
2024-03-13 10:00:00+08:00,32.70000076293945,33.099998474121094,32.599998474121094,32.75,7175,0.0,0.0
2024-03-13 11:00:00+08:00,32.5,32.5,32.25,32.25,18337,0.0,0.0
2024-03-13 12:00:00+08:00,32.400001525878906,32.400001525878906,32.400001525878906,32.400001525878906,1432,0.0,0.0
2024-03-14 09:00:00+08:00,32.29999923706055,32.349998474121094,32.29999923706055,32.349998474121094,0,0.0,0.0
2024-03-14 10:00:00+08:00,32.349998474121094,32.349998474121094,32.349998474121094,32.349998474121094,4510,0.0,0.0
2024-03-14 11:00:00+08:00,32.400001525878906,32.400001525878906,32.400001525878906,32.400001525878906,1250,0.0,0.0
2024-03-14 12:00:00+08:00,32.400001525878906,32.400001525878906,32.400001525878906,32.400001525878906,6972,0.0,0.0
2024-03-14 13:00:00+08:00,32.349998474121094,32.349998474121094,32.349998474121094,32.349998474121094,4184,0.0,0.0
2024-03-15 09:00:00+08:00,32.25,32.349998474121094,32.25,32.349998474121094,0,0.0,0.0
2024-03-15 10:00:00+08:00,33.0,33.0,32.599998474121094,32.599998474121094,9168,0.0,0.0
2024-03-15 11:00:00+08:00,32.79999923706055,32.79999923706055,32.79999923706055,32.79999923706055,1000,0.0,0.0
2024-03-15 12:00:00+08:00,32.79999923706055,32.79999923706055,32.75,32.75,4250,0.0,0.0
2024-03-15 13:00:00+08:00,33.0,33.0,33.0,33.0,2150,0.0,0.0
2024-03-18 09:00:00+08:00,33.0,33.20000076293945,33.0,33.04999923706055,0,0.0,0.0
2024-03-18 10:00:00+08:00,33.0,33.0,32.900001525878906,32.900001525878906,3255,0.0,0.0
2024-03-18 11:00:00+08:00,33.0,33.0,32.79999923706055,32.79999923706055,20280,0.0,0.0
2024-03-18 12:00:00+08:00,32.79999923706055,32.79999923706055,32.79999923706055,32.79999923706055,1325,0.0,0.0
2024-03-18 13:00:00+08:00,32.79999923706055,32.79999923706055,32.400001525878906,32.45000076293945,7754,0.0,0.0
2024-03-19 09:00:00+08:00,31.75,32.849998474121094,31.75,32.849998474121094,0,0.0,0.0
2024-03-19 10:00:00+08:00,32.29999923706055,32.400001525878906,32.29999923706055,32.400001525878906,12902,0.0,0.0
2024-03-19 11:00:00+08:00,32.25,32.25,32.25,32.25,1571,0.0,0.0
2024-03-19 12:00:00+08:00,32.400001525878906,32.5,32.400001525878906,32.5,3000,0.0,0.0
2024-03-19 13:00:00+08:00,32.400001525878906,32.400001525878906,32.29999923706055,32.29999923706055,0,0.0,0.0
2024-03-20 09:00:00+08:00,33.20000076293945,33.20000076293945,32.349998474121094,32.349998474121094,14707,0.0,0.0
2024-03-20 10:00:00+08:00,32.349998474121094,32.349998474121094,32.29999923706055,32.349998474121094,12414,0.0,0.0
2024-03-20 11:00:00+08:00,32.29999923706055,32.5,32.29999923706055,32.5,12844,0.0,0.0
2024-03-20 12:00:00+08:00,32.5,32.5,32.29999923706055,32.29999923706055,11819,0.0,0.0
2024-03-20 13:00:00+08:00,32.29999923706055,32.75,32.25,32.75,13443,0.0,0.0
2024-03-21 09:00:00+08:00,32.650001525878906,32.650001525878906,32.29999923706055,32.349998474121094,0,0.0,0.0
2024-03-21 10:00:00+08:00,32.54999923706055,32.54999923706055,32.54999923706055,32.54999923706055,3822,0.0,0.0
2024-03-21 11:00:00+08:00,32.54999923706055,32.54999923706055,32.5,32.5,6284,0.0,0.0
2024-03-21 12:00:00+08:00,32.45000076293945,32.45000076293945,32.349998474121094,32.349998474121094,3000,0.0,0.0
2024-03-21 13:00:00+08:00,32.29999923706055,32.29999923706055,32.20000076293945,32.20000076293945,0,0.0,0.0
2024-03-22 09:00:00+08:00,32.20000076293945,32.79999923706055,32.20000076293945,32.25,8277,0.0,0.0
2024-03-22 10:00:00+08:00,32.20000076293945,32.20000076293945,32.20000076293945,32.20000076293945,3087,0.0,0.0
2024-03-22 11:00:00+08:00,32.150001525878906,32.150001525878906,32.0,32.0,13715,0.0,0.0
2024-03-22 12:00:00+08:00,32.04999923706055,32.04999923706055,32.0,32.0,3733,0.0,0.0
2024-03-22 13:00:00+08:00,32.0,32.0,31.850000381469727,31.850000381469727,25883,0.0,0.0
2024-03-25 09:00:00+08:00,31.600000381469727,31.600000381469727,31.100000381469727,31.399999618530273,12967,0.0,0.0
2024-03-25 10:00:00+08:00,31.299999237060547,31.299999237060547,30.899999618530273,31.049999237060547,41452,0.0,0.0
2024-03-25 11:00:00+08:00,31.049999237060547,31.200000762939453,31.049999237060547,31.200000762939453,10038,0.0,0.0
2024-03-25 12:00:00+08:00,31.25,31.350000381469727,31.25,31.299999237060547,10999,0.0,0.0
2024-03-25 13:00:00+08:00,31.25,31.25,31.0,31.100000381469727,27529,0.0,0.0
2024-03-26 09:00:00+08:00,31.299999237060547,31.299999237060547,30.799999237060547,30.799999237060547,0,0.0,0.0
2024-03-26 10:00:00+08:00,30.799999237060547,30.799999237060547,30.700000762939453,30.700000762939453,11023,0.0,0.0
2024-03-26 11:00:00+08:00,30.649999618530273,30.649999618530273,30.200000762939453,30.200000762939453,30562,0.0,0.0
2024-03-26 12:00:00+08:00,30.149999618530273,30.149999618530273,29.700000762939453,29.75,70017,0.0,0.0
2024-03-26 13:00:00+08:00,29.700000762939453,30.149999618530273,29.700000762939453,30.0,22411,0.0,0.0
2024-03-27 09:00:00+08:00,29.5,29.850000381469727,29.5,29.649999618530273,17332,0.0,0.0
2024-03-27 10:00:00+08:00,29.600000381469727,29.600000381469727,29.200000762939453,29.399999618530273,49591,0.0,0.0
2024-03-27 11:00:00+08:00,29.450000762939453,29.649999618530273,29.399999618530273,29.649999618530273,18700,0.0,0.0
2024-03-27 12:00:00+08:00,29.649999618530273,29.950000762939453,29.649999618530273,29.950000762939453,10448,0.0,0.0
2024-03-27 13:00:00+08:00,29.899999618530273,29.899999618530273,29.649999618530273,29.649999618530273,4670,0.0,0.0
2024-03-28 09:00:00+08:00,30.0,30.049999237060547,29.75,29.950000762939453,0,0.0,0.0
2024-03-28 10:00:00+08:00,29.950000762939453,29.950000762939453,29.75,29.75,5723,0.0,0.0
2024-03-28 11:00:00+08:00,29.700000762939453,30.0,29.649999618530273,30.0,6562,0.0,0.0
2024-03-28 12:00:00+08:00,30.0,30.0,30.0,30.0,8827,0.0,0.0
2024-03-29 09:00:00+08:00,29.5,29.549999237060547,29.5,29.5,6800,0.0,0.0
2024-03-29 10:00:00+08:00,29.5,29.5,29.399999618530273,29.450000762939453,14301,0.0,0.0
2024-03-29 11:00:00+08:00,29.5,30.0,29.5,30.0,19199,0.0,0.0
2024-03-29 12:00:00+08:00,30.799999237060547,30.799999237060547,29.799999237060547,29.799999237060547,2834,0.0,0.0
2024-03-29 13:00:00+08:00,29.850000381469727,29.850000381469727,29.850000381469727,29.850000381469727,2366,0.0,0.0
2024-04-01 09:00:00+08:00,29.850000381469727,30.799999237060547,29.850000381469727,30.799999237060547,0,0.0,0.0
2024-04-01 10:00:00+08:00,30.799999237060547,30.799999237060547,30.799999237060547,30.799999237060547,3040,0.0,0.0
2024-04-01 11:00:00+08:00,30.799999237060547,30.799999237060547,30.399999618530273,30.5,5477,0.0,0.0
2024-04-01 12:00:00+08:00,30.5,30.5,30.399999618530273,30.399999618530273,2320,0.0,0.0
2024-04-01 13:00:00+08:00,30.549999237060547,30.600000381469727,30.549999237060547,30.600000381469727,4370,0.0,0.0
2024-04-02 09:00:00+08:00,32.0,33.75,31.899999618530273,33.70000076293945,166368,0.0,0.0
2024-04-02 10:00:00+08:00,33.75,33.75,33.45000076293945,33.75,19735,0.0,0.0
2024-04-02 11:00:00+08:00,33.75,33.75,33.75,33.75,21200,0.0,0.0
2024-04-02 12:00:00+08:00,33.75,33.75,33.75,33.75,8547,0.0,0.0
2024-04-03 09:00:00+08:00,34.45000076293945,35.54999923706055,33.349998474121094,33.599998474121094,332504,0.0,0.0
2024-04-03 10:00:00+08:00,33.650001525878906,33.75,33.45000076293945,33.599998474121094,27330,0.0,0.0
2024-04-03 11:00:00+08:00,33.70000076293945,33.79999923706055,33.599998474121094,33.75,26360,0.0,0.0
2024-04-03 12:00:00+08:00,33.70000076293945,34.0,33.400001525878906,33.400001525878906,0,0.0,0.0
2024-04-03 13:00:00+08:00,33.45000076293945,33.70000076293945,31.75,32.20000076293945,772925,0.0,0.0
2024-04-08 09:00:00+08:00,31.5,31.75,31.399999618530273,31.549999237060547,0,0.0,0.0
2024-04-08 10:00:00+08:00,31.549999237060547,31.549999237060547,31.049999237060547,31.450000762939453,50059,0.0,0.0
2024-04-08 11:00:00+08:00,31.450000762939453,31.450000762939453,31.450000762939453,31.450000762939453,8554,0.0,0.0
2024-04-08 12:00:00+08:00,31.399999618530273,31.5,31.200000762939453,31.5,18997,0.0,0.0
2024-04-08 13:00:00+08:00,31.5,31.5,30.850000381469727,30.850000381469727,42965,0.0,0.0
2024-04-09 09:00:00+08:00,32.75,33.95000076293945,31.899999618530273,32.70000076293945,263268,0.0,0.0
2024-04-09 10:00:00+08:00,32.5,32.5,31.0,31.399999618530273,166813,0.0,0.0
2024-04-09 11:00:00+08:00,31.399999618530273,31.399999618530273,31.350000381469727,31.350000381469727,5196,0.0,0.0
2024-04-09 12:00:00+08:00,31.350000381469727,31.649999618530273,31.350000381469727,31.399999618530273,31508,0.0,0.0
2024-04-09 13:00:00+08:00,31.399999618530273,31.5,31.399999618530273,31.5,16545,0.0,0.0
2024-04-10 09:00:00+08:00,31.75,31.75,31.049999237060547,31.25,0,0.0,0.0
2024-04-10 10:00:00+08:00,31.350000381469727,31.649999618530273,31.200000762939453,31.25,24633,0.0,0.0
2024-04-10 11:00:00+08:00,31.399999618530273,31.5,31.350000381469727,31.350000381469727,9273,0.0,0.0
2024-04-10 12:00:00+08:00,31.299999237060547,31.399999618530273,31.149999618530273,31.25,15402,0.0,0.0
2024-04-10 13:00:00+08:00,31.200000762939453,31.600000381469727,31.100000381469727,31.600000381469727,13795,0.0,0.0
2024-04-11 09:00:00+08:00,32.5,32.5,31.5,31.899999618530273,0,0.0,0.0
2024-04-11 10:00:00+08:00,31.950000762939453,32.0,31.75,31.950000762939453,12761,0.0,0.0
2024-04-11 11:00:00+08:00,31.950000762939453,32.099998474121094,31.850000381469727,31.950000762939453,14227,0.0,0.0
2024-04-11 12:00:00+08:00,31.950000762939453,32.04999923706055,31.899999618530273,31.899999618530273,23749,0.0,0.0
2024-04-11 13:00:00+08:00,31.850000381469727,31.950000762939453,31.700000762939453,31.950000762939453,25323,0.0,0.0
2024-04-12 09:00:00+08:00,32.5,32.599998474121094,31.899999618530273,31.899999618530273,45325,0.0,0.0
2024-04-12 10:00:00+08:00,31.899999618530273,32.0,31.899999618530273,32.0,18500,0.0,0.0
2024-04-12 11:00:00+08:00,31.850000381469727,31.850000381469727,31.799999237060547,31.799999237060547,3866,0.0,0.0
2024-04-12 12:00:00+08:00,31.75,31.899999618530273,31.450000762939453,31.450000762939453,19522,0.0,0.0
2024-04-12 13:00:00+08:00,31.399999618530273,31.399999618530273,31.399999618530273,31.399999618530273,3739,0.0,0.0
2024-04-15 09:00:00+08:00,31.100000381469727,31.100000381469727,30.950000762939453,30.950000762939453,0,0.0,0.0
2024-04-15 10:00:00+08:00,30.950000762939453,31.0,30.950000762939453,31.0,9094,0.0,0.0
2024-04-15 11:00:00+08:00,31.0,31.0,31.0,31.0,3344,0.0,0.0
2024-04-15 12:00:00+08:00,31.0,31.0,31.0,31.0,6948,0.0,0.0
2024-04-15 13:00:00+08:00,31.0,31.0,30.950000762939453,30.950000762939453,6759,0.0,0.0
2024-04-16 09:00:00+08:00,30.049999237060547,30.200000762939453,30.049999237060547,30.100000381469727,0,0.0,0.0
2024-04-16 10:00:00+08:00,30.850000381469727,31.700000762939453,30.850000381469727,31.700000762939453,7104,0.0,0.0
2024-04-16 11:00:00+08:00,31.100000381469727,31.100000381469727,30.100000381469727,30.75,12870,0.0,0.0
2024-04-16 12:00:00+08:00,30.100000381469727,30.25,30.100000381469727,30.100000381469727,13323,0.0,0.0
2024-04-16 13:00:00+08:00,30.100000381469727,30.100000381469727,29.75,30.100000381469727,28731,0.0,0.0
2024-04-17 09:00:00+08:00,30.600000381469727,30.899999618530273,30.450000762939453,30.450000762939453,11225,0.0,0.0
2024-04-17 10:00:00+08:00,30.399999618530273,30.600000381469727,30.399999618530273,30.600000381469727,2125,0.0,0.0
2024-04-17 11:00:00+08:00,30.5,30.600000381469727,30.5,30.600000381469727,2188,0.0,0.0
2024-04-17 12:00:00+08:00,30.600000381469727,30.700000762939453,30.600000381469727,30.700000762939453,3049,0.0,0.0
2024-04-17 13:00:00+08:00,30.850000381469727,31.0,30.850000381469727,31.0,3148,0.0,0.0
2024-04-18 09:00:00+08:00,30.600000381469727,31.600000381469727,30.600000381469727,31.0,12011,0.0,0.0
2024-04-18 10:00:00+08:00,31.0,31.299999237060547,31.0,31.200000762939453,11077,0.0,0.0
2024-04-18 12:00:00+08:00,31.049999237060547,31.049999237060547,30.950000762939453,31.0,11544,0.0,0.0
2024-04-18 13:00:00+08:00,31.0,31.0,31.0,31.0,1000,0.0,0.0
2024-04-19 09:00:00+08:00,31.0,31.0,30.799999237060547,30.799999237060547,0,0.0,0.0
2024-04-19 10:00:00+08:00,30.899999618530273,30.899999618530273,30.399999618530273,30.399999618530273,28764,0.0,0.0
2024-04-19 11:00:00+08:00,30.25,30.399999618530273,30.25,30.399999618530273,5016,0.0,0.0
2024-04-19 12:00:00+08:00,30.549999237060547,30.549999237060547,30.549999237060547,30.549999237060547,4165,0.0,0.0
2024-04-19 13:00:00+08:00,30.549999237060547,30.549999237060547,30.450000762939453,30.450000762939453,5555,0.0,0.0
2024-04-22 09:00:00+08:00,30.049999237060547,31.350000381469727,30.049999237060547,30.200000762939453,0,0.0,0.0
2024-04-22 10:00:00+08:00,30.100000381469727,30.100000381469727,30.0,30.049999237060547,18374,0.0,0.0
2024-04-22 11:00:00+08:00,30.0,30.149999618530273,29.950000762939453,30.0,16450,0.0,0.0
2024-04-22 12:00:00+08:00,29.899999618530273,29.899999618530273,29.799999237060547,29.799999237060547,22923,0.0,0.0
2024-04-22 13:00:00+08:00,29.950000762939453,30.0,29.799999237060547,29.799999237060547,15675,0.0,0.0
2024-04-23 09:00:00+08:00,29.700000762939453,30.0,29.700000762939453,29.700000762939453,35641,0.0,0.0
2024-04-23 10:00:00+08:00,29.899999618530273,30.100000381469727,29.700000762939453,29.700000762939453,10335,0.0,0.0
2024-04-23 11:00:00+08:00,29.75,30.200000762939453,29.75,29.799999237060547,14691,0.0,0.0
2024-04-23 12:00:00+08:00,29.950000762939453,30.0,29.799999237060547,30.0,6822,0.0,0.0
2024-04-23 13:00:00+08:00,30.0,30.0,30.0,30.0,5000,0.0,0.0
2024-04-24 09:00:00+08:00,30.149999618530273,30.149999618530273,30.149999618530273,30.149999618530273,0,0.0,0.0
2024-04-24 10:00:00+08:00,30.049999237060547,31.049999237060547,30.049999237060547,30.5,48046,0.0,0.0
2024-04-24 11:00:00+08:00,30.5,30.799999237060547,30.5,30.75,11273,0.0,0.0
2024-04-24 12:00:00+08:00,30.950000762939453,30.950000762939453,30.799999237060547,30.799999237060547,12340,0.0,0.0
2024-04-24 13:00:00+08:00,30.899999618530273,31.350000381469727,30.850000381469727,30.899999618530273,11186,0.0,0.0
2024-04-25 09:00:00+08:00,31.100000381469727,31.100000381469727,30.200000762939453,30.200000762939453,8748,0.0,0.0
2024-04-25 10:00:00+08:00,30.5,30.5,30.399999618530273,30.399999618530273,4002,0.0,0.0
2024-04-25 11:00:00+08:00,30.600000381469727,30.600000381469727,30.600000381469727,30.600000381469727,3015,0.0,0.0
2024-04-25 12:00:00+08:00,30.600000381469727,30.649999618530273,30.600000381469727,30.649999618530273,4087,0.0,0.0
2024-04-25 13:00:00+08:00,30.600000381469727,30.600000381469727,30.549999237060547,30.549999237060547,3100,0.0,0.0
2024-04-26 09:00:00+08:00,30.75,31.200000762939453,30.75,31.0,0,0.0,0.0
2024-04-26 10:00:00+08:00,31.0,31.0,30.899999618530273,30.899999618530273,3005,0.0,0.0
2024-04-26 11:00:00+08:00,30.899999618530273,30.899999618530273,30.75,30.75,3331,0.0,0.0
2024-04-26 12:00:00+08:00,30.75,30.799999237060547,30.75,30.799999237060547,2803,0.0,0.0
2024-04-26 13:00:00+08:00,30.75,30.75,30.700000762939453,30.700000762939453,3260,0.0,0.0
2024-04-29 09:00:00+08:00,30.899999618530273,31.0,30.899999618530273,30.899999618530273,0,0.0,0.0
2024-04-29 10:00:00+08:00,30.899999618530273,30.899999618530273,30.899999618530273,30.899999618530273,3051,0.0,0.0
2024-04-29 11:00:00+08:00,31.0,31.149999618530273,30.950000762939453,31.0,11011,0.0,0.0
2024-04-29 12:00:00+08:00,31.0,31.0,30.950000762939453,31.0,9107,0.0,0.0
2024-04-29 13:00:00+08:00,31.0,31.0,30.899999618530273,30.899999618530273,8146,0.0,0.0
2024-04-30 09:00:00+08:00,31.0,31.25,31.0,31.0,0,0.0,0.0
2024-04-30 10:00:00+08:00,31.0,31.0,31.0,31.0,11309,0.0,0.0
2024-04-30 12:00:00+08:00,30.899999618530273,30.899999618530273,30.899999618530273,30.899999618530273,6505,0.0,0.0
2024-04-30 13:00:00+08:00,30.899999618530273,31.0,30.899999618530273,31.0,2005,0.0,0.0
2024-05-02 09:00:00+08:00,31.0,31.299999237060547,30.950000762939453,31.149999618530273,0,0.0,0.0
2024-05-02 10:00:00+08:00,31.25,31.25,31.100000381469727,31.100000381469727,4763,0.0,0.0
2024-05-02 11:00:00+08:00,31.299999237060547,31.299999237060547,31.0,31.0,14008,0.0,0.0
2024-05-02 12:00:00+08:00,31.0,31.149999618530273,30.950000762939453,31.149999618530273,17197,0.0,0.0
2024-05-02 13:00:00+08:00,31.200000762939453,31.200000762939453,31.0,31.0,16147,0.0,0.0
2024-05-03 09:00:00+08:00,31.299999237060547,31.299999237060547,31.0,31.0,41918,0.0,0.0
2024-05-03 11:00:00+08:00,31.149999618530273,31.299999237060547,31.100000381469727,31.100000381469727,9697,0.0,0.0
2024-05-03 12:00:00+08:00,31.100000381469727,31.100000381469727,30.700000762939453,30.700000762939453,26309,0.0,0.0
2024-05-03 13:00:00+08:00,30.75,30.75,30.700000762939453,30.700000762939453,7287,0.0,0.0
2024-05-06 09:00:00+08:00,30.649999618530273,31.100000381469727,30.649999618530273,30.950000762939453,0,0.0,0.0
2024-05-06 10:00:00+08:00,31.0,31.0,31.0,31.0,15204,0.0,0.0
2024-05-06 11:00:00+08:00,31.0,31.0,31.0,31.0,36264,0.0,0.0
2024-05-06 12:00:00+08:00,31.0,31.149999618530273,31.0,31.0,18004,0.0,0.0
2024-05-06 13:00:00+08:00,31.0,31.100000381469727,31.0,31.100000381469727,9000,0.0,0.0
2024-05-07 09:00:00+08:00,31.0,31.200000762939453,31.0,31.149999618530273,23071,0.0,0.0
2024-05-07 10:00:00+08:00,31.049999237060547,31.100000381469727,31.0,31.0,50504,0.0,0.0
2024-05-07 11:00:00+08:00,30.950000762939453,30.950000762939453,30.899999618530273,30.950000762939453,6347,0.0,0.0
2024-05-07 12:00:00+08:00,31.0,31.100000381469727,31.0,31.100000381469727,2801,0.0,0.0
2024-05-07 13:00:00+08:00,31.0,31.0,31.0,31.0,1274,0.0,0.0
2024-05-08 09:00:00+08:00,31.350000381469727,31.350000381469727,31.149999618530273,31.200000762939453,0,0.0,0.0
2024-05-08 10:00:00+08:00,31.149999618530273,31.149999618530273,31.049999237060547,31.049999237060547,6869,0.0,0.0
2024-05-08 11:00:00+08:00,31.049999237060547,31.049999237060547,31.049999237060547,31.049999237060547,10071,0.0,0.0
2024-05-08 12:00:00+08:00,31.049999237060547,31.100000381469727,31.049999237060547,31.100000381469727,8000,0.0,0.0
2024-05-08 13:00:00+08:00,31.149999618530273,31.149999618530273,31.149999618530273,31.149999618530273,10000,0.0,0.0
2024-05-09 09:00:00+08:00,30.100000381469727,30.5,30.100000381469727,30.5,0,0.0,0.0
2024-05-09 10:00:00+08:00,30.450000762939453,30.5,30.299999237060547,30.5,52722,0.0,0.0
2024-05-09 11:00:00+08:00,30.700000762939453,30.700000762939453,30.700000762939453,30.700000762939453,2000,0.0,0.0
2024-05-09 12:00:00+08:00,30.700000762939453,31.0,30.5,30.5,18029,0.0,0.0
2024-05-09 13:00:00+08:00,30.950000762939453,30.950000762939453,30.799999237060547,30.799999237060547,11369,0.0,0.0
2024-05-10 09:00:00+08:00,30.549999237060547,30.799999237060547,30.049999237060547,30.100000381469727,0,0.0,0.0
2024-05-10 10:00:00+08:00,30.100000381469727,30.200000762939453,30.049999237060547,30.100000381469727,50368,0.0,0.0
2024-05-10 11:00:00+08:00,30.100000381469727,30.100000381469727,30.049999237060547,30.100000381469727,13989,0.0,0.0
2024-05-10 12:00:00+08:00,30.049999237060547,30.299999237060547,30.049999237060547,30.299999237060547,5218,0.0,0.0
2024-05-10 13:00:00+08:00,30.299999237060547,30.299999237060547,30.299999237060547,30.299999237060547,1122,0.0,0.0
2024-05-13 09:00:00+08:00,30.0,30.100000381469727,30.0,30.049999237060547,0,0.0,0.0
2024-05-13 10:00:00+08:00,30.100000381469727,30.100000381469727,30.0,30.049999237060547,16184,0.0,0.0
2024-05-13 11:00:00+08:00,30.049999237060547,30.049999237060547,30.049999237060547,30.049999237060547,3460,0.0,0.0
2024-05-13 12:00:00+08:00,30.049999237060547,30.149999618530273,30.049999237060547,30.100000381469727,3010,0.0,0.0
2024-05-13 13:00:00+08:00,30.100000381469727,30.149999618530273,30.100000381469727,30.149999618530273,2328,0.0,0.0
2024-05-14 09:00:00+08:00,30.200000762939453,30.350000381469727,30.200000762939453,30.350000381469727,0,0.0,0.0
2024-05-14 10:00:00+08:00,30.350000381469727,30.350000381469727,30.350000381469727,30.350000381469727,1001,0.0,0.0
2024-05-14 11:00:00+08:00,30.399999618530273,30.700000762939453,30.399999618530273,30.600000381469727,12014,0.0,0.0
2024-05-14 12:00:00+08:00,30.399999618530273,30.399999618530273,30.399999618530273,30.399999618530273,2145,0.0,0.0
2024-05-14 13:00:00+08:00,30.399999618530273,30.399999618530273,30.350000381469727,30.350000381469727,0,0.0,0.0
2024-05-15 09:00:00+08:00,30.399999618530273,30.399999618530273,30.350000381469727,30.350000381469727,8751,0.0,0.0
2024-05-15 10:00:00+08:00,30.350000381469727,30.350000381469727,30.350000381469727,30.350000381469727,2587,0.0,0.0
2024-05-15 11:00:00+08:00,30.5,30.549999237060547,30.5,30.549999237060547,6437,0.0,0.0
2024-05-15 12:00:00+08:00,30.600000381469727,30.600000381469727,30.600000381469727,30.600000381469727,1374,0.0,0.0
2024-05-15 13:00:00+08:00,30.5,30.5,30.5,30.5,1050,0.0,0.0
2024-05-16 09:00:00+08:00,30.600000381469727,30.700000762939453,30.600000381469727,30.700000762939453,15290,0.0,0.0
2024-05-16 10:00:00+08:00,30.75,31.0,30.75,30.850000381469727,11844,0.0,0.0
2024-05-16 11:00:00+08:00,30.850000381469727,31.0,30.799999237060547,30.799999237060547,6017,0.0,0.0
2024-05-16 12:00:00+08:00,30.799999237060547,30.799999237060547,30.700000762939453,30.700000762939453,12516,0.0,0.0
2024-05-16 13:00:00+08:00,30.75,30.75,30.700000762939453,30.700000762939453,6050,0.0,0.0
2024-05-17 09:00:00+08:00,31.350000381469727,31.350000381469727,30.700000762939453,30.700000762939453,0,0.0,0.0
2024-05-17 10:00:00+08:00,30.600000381469727,30.700000762939453,30.450000762939453,30.700000762939453,14104,0.0,0.0
2024-05-17 11:00:00+08:00,30.700000762939453,30.700000762939453,30.549999237060547,30.549999237060547,5999,0.0,0.0
2024-05-17 12:00:00+08:00,30.600000381469727,30.700000762939453,30.600000381469727,30.600000381469727,9586,0.0,0.0
2024-05-20 09:00:00+08:00,31.25,31.25,30.600000381469727,30.649999618530273,0,0.0,0.0
2024-05-20 10:00:00+08:00,30.649999618530273,30.649999618530273,30.649999618530273,30.649999618530273,27059,0.0,0.0
2024-05-20 11:00:00+08:00,30.649999618530273,30.649999618530273,30.450000762939453,30.450000762939453,38201,0.0,0.0
2024-05-20 12:00:00+08:00,30.600000381469727,30.600000381469727,30.549999237060547,30.549999237060547,2025,0.0,0.0
2024-05-21 09:00:00+08:00,30.600000381469727,30.649999618530273,30.399999618530273,30.399999618530273,26006,0.0,0.0
2024-05-21 11:00:00+08:00,30.5,30.5,30.399999618530273,30.450000762939453,15265,0.0,0.0
2024-05-21 12:00:00+08:00,30.5,30.5,30.25,30.299999237060547,42651,0.0,0.0
2024-05-21 13:00:00+08:00,30.299999237060547,30.299999237060547,30.200000762939453,30.200000762939453,33002,0.0,0.0
2024-05-22 09:00:00+08:00,31.0,31.0,30.549999237060547,30.600000381469727,0,0.0,0.0
2024-05-22 10:00:00+08:00,30.600000381469727,30.600000381469727,30.600000381469727,30.600000381469727,1399,0.0,0.0
2024-05-22 11:00:00+08:00,30.450000762939453,30.450000762939453,30.399999618530273,30.399999618530273,5002,0.0,0.0
2024-05-22 12:00:00+08:00,30.5,30.5,30.5,30.5,3000,0.0,0.0
2024-05-22 13:00:00+08:00,30.549999237060547,30.549999237060547,30.549999237060547,30.549999237060547,1000,0.0,0.0
2024-05-23 09:00:00+08:00,30.5,30.549999237060547,30.25,30.25,974,0.0,0.0
2024-05-23 10:00:00+08:00,30.299999237060547,30.299999237060547,30.299999237060547,30.299999237060547,1651,0.0,0.0
2024-05-23 11:00:00+08:00,30.299999237060547,30.350000381469727,30.299999237060547,30.350000381469727,4056,0.0,0.0
2024-05-23 12:00:00+08:00,30.350000381469727,30.399999618530273,30.350000381469727,30.399999618530273,3105,0.0,0.0
2024-05-23 13:00:00+08:00,30.399999618530273,30.399999618530273,30.399999618530273,30.399999618530273,1321,0.0,0.0
2024-05-24 09:00:00+08:00,30.399999618530273,30.399999618530273,30.399999618530273,30.399999618530273,1234,0.0,0.0
2024-05-24 11:00:00+08:00,30.450000762939453,30.450000762939453,30.450000762939453,30.450000762939453,3220,0.0,0.0
2024-05-24 13:00:00+08:00,30.399999618530273,30.399999618530273,30.350000381469727,30.399999618530273,16103,0.0,0.0
2024-05-27 09:00:00+08:00,30.399999618530273,30.399999618530273,30.0,30.149999618530273,0,0.0,0.0
2024-05-27 10:00:00+08:00,30.149999618530273,30.149999618530273,30.100000381469727,30.100000381469727,2839,0.0,0.0
2024-05-27 11:00:00+08:00,30.049999237060547,30.100000381469727,29.950000762939453,30.0,36264,0.0,0.0
2024-05-27 12:00:00+08:00,30.0,30.0,30.0,30.0,17096,0.0,0.0
2024-05-27 13:00:00+08:00,30.0,30.0,30.0,30.0,7228,0.0,0.0
2024-05-28 09:00:00+08:00,30.0,30.0,29.850000381469727,29.850000381469727,0,0.0,0.0
2024-05-28 10:00:00+08:00,30.0,30.0,30.0,30.0,8756,0.0,0.0
2024-05-28 11:00:00+08:00,30.0,30.0,30.0,30.0,7197,0.0,0.0
2024-05-28 12:00:00+08:00,30.0,30.0,30.0,30.0,6543,0.0,0.0
2024-05-28 13:00:00+08:00,30.0,30.0,30.0,30.0,2561,0.0,0.0
2024-05-29 09:00:00+08:00,30.0,30.0,29.950000762939453,29.950000762939453,6982,0.0,0.0
2024-05-29 10:00:00+08:00,29.950000762939453,30.0,29.950000762939453,29.950000762939453,14030,0.0,0.0
2024-05-29 11:00:00+08:00,30.0,30.0,30.0,30.0,6846,0.0,0.0
2024-05-29 12:00:00+08:00,30.0,30.0,29.950000762939453,29.950000762939453,4350,0.0,0.0
2024-05-29 13:00:00+08:00,30.149999618530273,30.149999618530273,30.0,30.0,0,0.0,0.0
2024-05-30 09:00:00+08:00,29.899999618530273,29.899999618530273,29.850000381469727,29.850000381469727,9303,0.0,0.0
2024-05-30 10:00:00+08:00,29.850000381469727,29.850000381469727,29.850000381469727,29.850000381469727,5736,0.0,0.0
2024-05-30 11:00:00+08:00,29.899999618530273,30.0,29.850000381469727,30.0,4363,0.0,0.0
2024-05-30 12:00:00+08:00,30.0,30.0,30.0,30.0,3004,0.0,0.0
2024-05-30 13:00:00+08:00,30.049999237060547,30.049999237060547,30.049999237060547,30.049999237060547,1844,0.0,0.0
2024-05-31 09:00:00+08:00,29.850000381469727,30.700000762939453,29.850000381469727,30.700000762939453,0,0.0,0.0
2024-05-31 10:00:00+08:00,30.100000381469727,30.100000381469727,30.0,30.0,3242,0.0,0.0
2024-05-31 12:00:00+08:00,30.0,30.0,29.950000762939453,29.950000762939453,8321,0.0,0.0
2024-05-31 13:00:00+08:00,30.0,30.25,30.0,30.0,0,0.0,0.0
2024-06-03 09:00:00+08:00,30.0,30.0,29.899999618530273,29.899999618530273,0,0.0,0.0
2024-06-03 10:00:00+08:00,30.0,30.0,30.0,30.0,22079,0.0,0.0
2024-06-03 11:00:00+08:00,30.0,30.0,30.0,30.0,2037,0.0,0.0
2024-06-03 12:00:00+08:00,30.0,30.0,29.950000762939453,29.950000762939453,3862,0.0,0.0
2024-06-04 09:00:00+08:00,29.950000762939453,29.950000762939453,29.950000762939453,29.950000762939453,0,0.0,0.0
2024-06-04 10:00:00+08:00,29.950000762939453,29.950000762939453,29.899999618530273,29.899999618530273,19370,0.0,0.0
2024-06-04 11:00:00+08:00,29.899999618530273,30.0,29.899999618530273,29.899999618530273,9199,0.0,0.0
2024-06-04 12:00:00+08:00,29.899999618530273,29.950000762939453,29.850000381469727,29.950000762939453,8789,0.0,0.0
2024-06-05 09:00:00+08:00,29.850000381469727,29.850000381469727,29.5,29.5,20624,0.0,0.0
2024-06-05 10:00:00+08:00,29.700000762939453,29.700000762939453,29.700000762939453,29.700000762939453,8731,0.0,0.0
2024-06-05 11:00:00+08:00,29.700000762939453,29.700000762939453,29.700000762939453,29.700000762939453,2123,0.0,0.0
2024-06-05 12:00:00+08:00,29.700000762939453,29.700000762939453,29.649999618530273,29.649999618530273,10873,0.0,0.0
2024-06-05 13:00:00+08:00,29.649999618530273,29.649999618530273,29.600000381469727,29.600000381469727,2821,0.0,0.0
2024-06-06 09:00:00+08:00,29.649999618530273,29.649999618530273,29.450000762939453,29.5,19223,0.0,0.0
2024-06-06 10:00:00+08:00,29.5,29.5,29.450000762939453,29.450000762939453,7942,0.0,0.0
2024-06-06 11:00:00+08:00,29.450000762939453,29.649999618530273,29.399999618530273,29.450000762939453,9216,0.0,0.0
2024-06-06 12:00:00+08:00,29.450000762939453,29.450000762939453,29.350000381469727,29.350000381469727,17285,0.0,0.0
2024-06-06 13:00:00+08:00,29.350000381469727,29.350000381469727,29.200000762939453,29.200000762939453,15943,0.0,0.0
2024-06-07 09:00:00+08:00,29.100000381469727,29.350000381469727,29.100000381469727,29.25,0,0.0,0.0
2024-06-07 10:00:00+08:00,29.25,29.5,29.200000762939453,29.5,7124,0.0,0.0
2024-06-07 12:00:00+08:00,29.5,29.5,29.5,29.5,2550,0.0,0.0
2024-06-11 09:00:00+08:00,29.299999237060547,29.299999237060547,29.049999237060547,29.100000381469727,0,0.0,0.0
2024-06-11 10:00:00+08:00,29.100000381469727,29.200000762939453,29.100000381469727,29.100000381469727,8037,0.0,0.0
2024-06-11 11:00:00+08:00,29.049999237060547,29.049999237060547,28.950000762939453,28.950000762939453,23877,0.0,0.0
2024-06-11 12:00:00+08:00,28.950000762939453,29.149999618530273,28.899999618530273,29.049999237060547,14414,0.0,0.0
2024-06-11 13:00:00+08:00,29.0,29.0,28.600000381469727,28.600000381469727,20949,0.0,0.0
2024-06-12 09:00:00+08:00,28.299999237060547,28.299999237060547,28.100000381469727,28.299999237060547,0,0.0,0.0
2024-06-12 10:00:00+08:00,28.200000762939453,28.200000762939453,27.75,27.75,37063,0.0,0.0
2024-06-12 11:00:00+08:00,27.600000381469727,27.600000381469727,27.399999618530273,27.600000381469727,49432,0.0,0.0
2024-06-12 12:00:00+08:00,27.600000381469727,27.899999618530273,27.600000381469727,27.850000381469727,10188,0.0,0.0
2024-06-12 13:00:00+08:00,27.850000381469727,27.850000381469727,27.850000381469727,27.850000381469727,3004,0.0,0.0
2024-06-13 09:00:00+08:00,27.75,27.75,27.5,27.600000381469727,11875,0.0,0.0
2024-06-13 10:00:00+08:00,27.450000762939453,27.5,27.0,27.25,30874,0.0,0.0
2024-06-13 11:00:00+08:00,27.25,27.25,27.200000762939453,27.200000762939453,5799,0.0,0.0
2024-06-13 12:00:00+08:00,27.299999237060547,27.5,27.25,27.299999237060547,16966,0.0,0.0
2024-06-13 13:00:00+08:00,27.350000381469727,27.350000381469727,27.350000381469727,27.350000381469727,2109,0.0,0.0
2024-06-14 09:00:00+08:00,27.350000381469727,28.649999618530273,27.350000381469727,28.549999237060547,0,0.0,0.0
2024-06-14 10:00:00+08:00,28.549999237060547,28.600000381469727,28.100000381469727,28.200000762939453,25773,0.0,0.0
2024-06-14 12:00:00+08:00,28.149999618530273,28.149999618530273,27.950000762939453,28.0,8095,0.0,0.0
2024-06-14 13:00:00+08:00,27.950000762939453,27.950000762939453,27.850000381469727,27.850000381469727,2400,0.0,0.0
2024-06-17 09:00:00+08:00,27.649999618530273,28.399999618530273,27.649999618530273,28.399999618530273,0,0.0,0.0
2024-06-17 10:00:00+08:00,28.450000762939453,28.600000381469727,28.299999237060547,28.600000381469727,15705,0.0,0.0
2024-06-17 11:00:00+08:00,28.600000381469727,28.700000762939453,28.549999237060547,28.700000762939453,11649,0.0,0.0
2024-06-17 12:00:00+08:00,28.799999237060547,28.799999237060547,28.700000762939453,28.700000762939453,5994,0.0,0.0
2024-06-17 13:00:00+08:00,28.700000762939453,28.700000762939453,28.649999618530273,28.649999618530273,2435,0.0,0.0
2024-06-18 09:00:00+08:00,29.100000381469727,30.399999618530273,28.950000762939453,29.399999618530273,31029,0.0,0.0
2024-06-18 10:00:00+08:00,29.399999618530273,29.799999237060547,29.299999237060547,29.299999237060547,26440,0.0,0.0
2024-06-18 11:00:00+08:00,29.350000381469727,29.350000381469727,28.899999618530273,28.899999618530273,48413,0.0,0.0
2024-06-18 12:00:00+08:00,28.899999618530273,29.0,28.899999618530273,29.0,32493,0.0,0.0
2024-06-18 13:00:00+08:00,29.049999237060547,29.100000381469727,29.049999237060547,29.100000381469727,7100,0.0,0.0
2024-06-19 09:00:00+08:00,29.299999237060547,29.649999618530273,28.899999618530273,28.899999618530273,73878,0.0,0.0
2024-06-19 10:00:00+08:00,29.0,29.0,29.0,29.0,11174,0.0,0.0
2024-06-19 11:00:00+08:00,29.0,29.0,28.899999618530273,28.950000762939453,13195,0.0,0.0
2024-06-19 12:00:00+08:00,29.0,29.0,28.950000762939453,28.950000762939453,8319,0.0,0.0
2024-06-19 13:00:00+08:00,29.100000381469727,29.100000381469727,28.899999618530273,28.899999618530273,15309,0.0,0.0
2024-06-20 09:00:00+08:00,28.899999618530273,28.899999618530273,28.899999618530273,28.899999618530273,0,0.0,0.0
2024-06-20 10:00:00+08:00,28.899999618530273,28.899999618530273,28.799999237060547,28.799999237060547,18664,0.0,0.0
2024-06-20 11:00:00+08:00,28.799999237060547,28.850000381469727,28.799999237060547,28.799999237060547,8000,0.0,0.0
2024-06-20 12:00:00+08:00,28.799999237060547,28.950000762939453,28.799999237060547,28.799999237060547,13952,0.0,0.0
2024-06-20 13:00:00+08:00,28.799999237060547,28.799999237060547,28.75,28.75,12581,0.0,0.0
2024-06-21 09:00:00+08:00,29.0,29.0,28.450000762939453,28.5,15561,0.0,0.0
2024-06-21 10:00:00+08:00,28.5,28.549999237060547,28.200000762939453,28.200000762939453,77842,0.0,0.0
2024-06-21 11:00:00+08:00,28.200000762939453,28.399999618530273,27.950000762939453,27.950000762939453,94242,0.0,0.0
2024-06-21 12:00:00+08:00,28.0,28.350000381469727,27.899999618530273,28.350000381469727,60965,0.0,0.0
2024-06-21 13:00:00+08:00,28.25,28.25,28.25,28.25,1125,0.0,0.0
2024-06-24 09:00:00+08:00,28.0,28.0,27.950000762939453,28.0,0,0.0,0.0
2024-06-24 10:00:00+08:00,28.0,28.0,28.0,28.0,1441,0.0,0.0
2024-06-24 11:00:00+08:00,28.0,28.049999237060547,28.0,28.0,4479,0.0,0.0
2024-06-24 12:00:00+08:00,28.100000381469727,28.100000381469727,28.100000381469727,28.100000381469727,3254,0.0,0.0
2024-06-24 13:00:00+08:00,28.100000381469727,28.100000381469727,28.100000381469727,28.100000381469727,3320,0.0,0.0
2024-06-25 09:00:00+08:00,28.049999237060547,28.149999618530273,28.049999237060547,28.049999237060547,9781,0.0,0.0
2024-06-25 10:00:00+08:00,28.100000381469727,28.149999618530273,28.100000381469727,28.149999618530273,4175,0.0,0.0
2024-06-25 11:00:00+08:00,28.149999618530273,28.149999618530273,28.049999237060547,28.049999237060547,5112,0.0,0.0
2024-06-25 12:00:00+08:00,28.049999237060547,28.049999237060547,28.049999237060547,28.049999237060547,3242,0.0,0.0
2024-06-25 13:00:00+08:00,28.149999618530273,28.299999237060547,28.149999618530273,28.299999237060547,8241,0.0,0.0
2024-06-26 09:00:00+08:00,28.350000381469727,28.350000381469727,28.200000762939453,28.200000762939453,0,0.0,0.0
2024-06-26 10:00:00+08:00,28.25,28.299999237060547,28.25,28.299999237060547,8000,0.0,0.0
2024-06-26 11:00:00+08:00,28.299999237060547,28.299999237060547,28.25,28.25,4003,0.0,0.0
2024-06-26 12:00:00+08:00,28.299999237060547,28.350000381469727,28.299999237060547,28.350000381469727,3142,0.0,0.0
2024-06-26 13:00:00+08:00,28.350000381469727,28.350000381469727,28.350000381469727,28.350000381469727,3002,0.0,0.0
2024-06-27 09:00:00+08:00,28.299999237060547,28.299999237060547,28.25,28.25,4054,0.0,0.0
2024-06-27 10:00:00+08:00,28.350000381469727,28.350000381469727,28.350000381469727,28.350000381469727,11005,0.0,0.0
2024-06-27 11:00:00+08:00,28.350000381469727,28.450000762939453,28.350000381469727,28.399999618530273,7455,0.0,0.0
2024-06-27 12:00:00+08:00,28.299999237060547,28.299999237060547,28.299999237060547,28.299999237060547,5284,0.0,0.0
2024-06-27 13:00:00+08:00,28.299999237060547,28.299999237060547,28.200000762939453,28.200000762939453,10291,0.0,0.0
2024-06-28 09:00:00+08:00,28.299999237060547,28.299999237060547,28.299999237060547,28.299999237060547,0,0.0,0.0
2024-06-28 10:00:00+08:00,28.399999618530273,28.399999618530273,28.399999618530273,28.399999618530273,1001,0.0,0.0
2024-06-28 11:00:00+08:00,28.450000762939453,28.649999618530273,28.450000762939453,28.649999618530273,6157,0.0,0.0
2024-06-28 12:00:00+08:00,28.649999618530273,28.649999618530273,28.649999618530273,28.649999618530273,5033,0.0,0.0
2024-06-28 13:00:00+08:00,28.5,28.5,28.5,28.5,2660,0.0,0.0
2024-07-01 09:00:00+08:00,29.25,29.25,29.25,29.25,0,0.0,0.0
2024-07-01 10:00:00+08:00,28.600000381469727,28.649999618530273,28.600000381469727,28.649999618530273,2189,0.0,0.0
2024-07-01 11:00:00+08:00,28.700000762939453,28.700000762939453,28.649999618530273,28.649999618530273,4233,0.0,0.0
2024-07-01 12:00:00+08:00,28.649999618530273,28.649999618530273,28.600000381469727,28.649999618530273,6391,0.0,0.0
2024-07-01 13:00:00+08:00,28.600000381469727,28.600000381469727,28.600000381469727,28.600000381469727,2000,0.0,0.0
2024-07-02 09:00:00+08:00,28.600000381469727,28.600000381469727,28.600000381469727,28.600000381469727,0,0.0,0.0
2024-07-02 10:00:00+08:00,28.700000762939453,28.700000762939453,28.700000762939453,28.700000762939453,2040,0.0,0.0
2024-07-02 11:00:00+08:00,28.600000381469727,28.600000381469727,28.600000381469727,28.600000381469727,2000,0.0,0.0
2024-07-02 12:00:00+08:00,28.549999237060547,28.549999237060547,28.399999618530273,28.399999618530273,8295,0.0,0.0
2024-07-02 13:00:00+08:00,28.350000381469727,28.350000381469727,28.0,28.0,25316,0.0,0.0
2024-07-03 09:00:00+08:00,28.25,28.25,28.200000762939453,28.200000762939453,3067,0.0,0.0
2024-07-03 10:00:00+08:00,28.100000381469727,28.100000381469727,28.100000381469727,28.100000381469727,8225,0.0,0.0
2024-07-03 11:00:00+08:00,28.149999618530273,28.350000381469727,28.149999618530273,28.200000762939453,12430,0.0,0.0
2024-07-03 12:00:00+08:00,28.600000381469727,28.600000381469727,28.549999237060547,28.549999237060547,3761,0.0,0.0
2024-07-03 13:00:00+08:00,28.549999237060547,28.549999237060547,28.350000381469727,28.350000381469727,0,0.0,0.0
2024-07-04 09:00:00+08:00,28.350000381469727,28.450000762939453,28.350000381469727,28.399999618530273,15345,0.0,0.0
2024-07-04 10:00:00+08:00,28.399999618530273,28.450000762939453,28.399999618530273,28.399999618530273,4340,0.0,0.0
2024-07-04 11:00:00+08:00,28.399999618530273,28.450000762939453,28.399999618530273,28.450000762939453,4004,0.0,0.0
2024-07-04 12:00:00+08:00,28.399999618530273,28.399999618530273,28.350000381469727,28.350000381469727,5290,0.0,0.0
2024-07-04 13:00:00+08:00,28.399999618530273,28.399999618530273,28.350000381469727,28.350000381469727,4000,0.0,0.0
2024-07-05 09:00:00+08:00,29.049999237060547,29.049999237060547,28.549999237060547,28.600000381469727,0,0.0,0.0
2024-07-05 10:00:00+08:00,28.549999237060547,28.549999237060547,28.5,28.5,14009,0.0,0.0
2024-07-05 11:00:00+08:00,28.450000762939453,28.450000762939453,28.450000762939453,28.450000762939453,7576,0.0,0.0
2024-07-05 12:00:00+08:00,28.450000762939453,28.5,28.450000762939453,28.5,4369,0.0,0.0
2024-07-05 13:00:00+08:00,28.5,28.5,28.5,28.5,2000,0.0,0.0
2024-07-08 09:00:00+08:00,28.549999237060547,28.549999237060547,28.549999237060547,28.549999237060547,0,0.0,0.0
2024-07-08 10:00:00+08:00,28.600000381469727,28.600000381469727,28.600000381469727,28.600000381469727,6676,0.0,0.0
2024-07-08 11:00:00+08:00,28.5,28.5,28.399999618530273,28.5,15745,0.0,0.0
2024-07-08 12:00:00+08:00,28.549999237060547,28.549999237060547,28.5,28.5,14224,0.0,0.0
2024-07-08 13:00:00+08:00,28.5,28.549999237060547,28.450000762939453,28.549999237060547,9173,0.0,0.0
2024-07-09 09:00:00+08:00,28.549999237060547,31.399999618530273,28.549999237060547,30.600000381469727,217283,0.0,0.0
2024-07-09 10:00:00+08:00,30.549999237060547,31.399999618530273,30.450000762939453,30.549999237060547,141308,0.0,0.0
2024-07-09 11:00:00+08:00,30.799999237060547,31.399999618530273,30.5,31.399999618530273,194774,0.0,0.0
2024-07-09 12:00:00+08:00,31.399999618530273,31.399999618530273,31.200000762939453,31.399999618530273,64626,0.0,0.0
2024-07-09 13:00:00+08:00,31.399999618530273,31.399999618530273,31.399999618530273,31.399999618530273,0,0.0,0.0
2024-07-10 09:00:00+08:00,32.099998474121094,34.45000076293945,31.399999618530273,34.04999923706055,505505,0.0,0.0
2024-07-10 10:00:00+08:00,34.0,34.5,33.45000076293945,34.5,232828,0.0,0.0
2024-07-10 11:00:00+08:00,34.5,34.5,34.400001525878906,34.5,79743,0.0,0.0
2024-07-10 13:00:00+08:00,34.5,34.5,34.5,34.5,4871,0.0,0.0
2024-07-11 09:00:00+08:00,36.54999923706055,36.650001525878906,34.650001525878906,35.099998474121094,318383,0.0,0.0
2024-07-11 10:00:00+08:00,35.150001525878906,35.20000076293945,34.04999923706055,34.150001525878906,115703,0.0,0.0
2024-07-11 11:00:00+08:00,34.04999923706055,34.04999923706055,33.54999923706055,34.0,76711,0.0,0.0
2024-07-11 12:00:00+08:00,34.0,34.0,33.650001525878906,33.70000076293945,37172,0.0,0.0
2024-07-11 13:00:00+08:00,33.70000076293945,33.79999923706055,33.400001525878906,33.400001525878906,58066,0.0,0.0
2024-07-12 09:00:00+08:00,33.04999923706055,34.04999923706055,33.04999923706055,33.5,82110,0.0,0.0
2024-07-12 10:00:00+08:00,33.650001525878906,34.79999923706055,33.650001525878906,34.5,66955,0.0,0.0
2024-07-12 11:00:00+08:00,34.5,35.0,34.45000076293945,34.45000076293945,43593,0.0,0.0
2024-07-12 12:00:00+08:00,34.349998474121094,35.70000076293945,34.29999923706055,35.599998474121094,60644,0.0,0.0
2024-07-12 13:00:00+08:00,35.54999923706055,37.150001525878906,35.54999923706055,37.150001525878906,159240,0.0,0.0
2024-07-15 09:00:00+08:00,40.5,40.849998474121094,39.099998474121094,40.150001525878906,46429,0.0,0.0
2024-07-15 10:00:00+08:00,40.150001525878906,40.849998474121094,39.650001525878906,39.70000076293945,571182,0.0,0.0
2024-07-15 11:00:00+08:00,39.75,39.900001525878906,38.150001525878906,38.70000076293945,326212,0.0,0.0
2024-07-15 12:00:00+08:00,38.70000076293945,38.70000076293945,38.099998474121094,38.29999923706055,59906,0.0,0.0
2024-07-15 13:00:00+08:00,38.25,38.29999923706055,38.099998474121094,38.150001525878906,53478,0.0,0.0
2024-07-16 09:00:00+08:00,38.79999923706055,41.0,38.29999923706055,40.150001525878906,421372,0.0,0.0
2024-07-16 10:00:00+08:00,40.150001525878906,40.20000076293945,39.599998474121094,39.900001525878906,102367,0.0,0.0
2024-07-16 11:00:00+08:00,39.900001525878906,39.95000076293945,39.650001525878906,39.75,38330,0.0,0.0
2024-07-16 12:00:00+08:00,39.70000076293945,39.900001525878906,39.349998474121094,39.900001525878906,81323,0.0,0.0
2024-07-16 13:00:00+08:00,39.900001525878906,40.79999923706055,39.849998474121094,40.5,103226,0.0,0.0
2024-07-17 09:00:00+08:00,40.5,40.5,38.0,39.400001525878906,189414,0.0,0.0
2024-07-17 10:00:00+08:00,39.70000076293945,39.900001525878906,39.5,39.599998474121094,29710,0.0,0.0
2024-07-17 11:00:00+08:00,39.599998474121094,39.599998474121094,39.25,39.400001525878906,68036,0.0,0.0
2024-07-17 12:00:00+08:00,39.45000076293945,39.45000076293945,39.349998474121094,39.400001525878906,37129,0.0,0.0
2024-07-17 13:00:00+08:00,39.400001525878906,39.45000076293945,39.29999923706055,39.29999923706055,35817,0.0,0.0
2024-07-18 09:00:00+08:00,39.349998474121094,39.400001525878906,38.54999923706055,38.849998474121094,64793,0.0,0.0
2024-07-18 10:00:00+08:00,38.849998474121094,38.849998474121094,38.650001525878906,38.79999923706055,11540,0.0,0.0
2024-07-18 11:00:00+08:00,38.70000076293945,38.900001525878906,38.599998474121094,38.900001525878906,18130,0.0,0.0
2024-07-18 12:00:00+08:00,38.849998474121094,38.849998474121094,38.70000076293945,38.79999923706055,24837,0.0,0.0
2024-07-18 13:00:00+08:00,38.79999923706055,39.0,38.79999923706055,38.849998474121094,34158,0.0,0.0
2024-07-19 09:00:00+08:00,38.25,38.5,37.099998474121094,37.099998474121094,128730,0.0,0.0
2024-07-19 10:00:00+08:00,37.099998474121094,37.099998474121094,35.150001525878906,36.400001525878906,154135,0.0,0.0
2024-07-19 11:00:00+08:00,36.5,36.75,35.95000076293945,36.20000076293945,42188,0.0,0.0
2024-07-19 12:00:00+08:00,36.25,36.5,36.20000076293945,36.25,39010,0.0,0.0
2024-07-19 13:00:00+08:00,36.150001525878906,36.150001525878906,35.849998474121094,35.849998474121094,25263,0.0,0.0
2024-07-22 09:00:00+08:00,35.849998474121094,35.849998474121094,32.849998474121094,32.849998474121094,0,0.0,0.0
2024-07-22 10:00:00+08:00,33.150001525878906,33.45000076293945,32.54999923706055,33.0,105016,0.0,0.0
2024-07-22 11:00:00+08:00,32.79999923706055,32.900001525878906,32.75,32.79999923706055,44153,0.0,0.0
2024-07-22 12:00:00+08:00,32.75,32.900001525878906,32.650001525878906,32.900001525878906,38729,0.0,0.0
2024-07-22 13:00:00+08:00,32.900001525878906,33.20000076293945,32.900001525878906,32.95000076293945,24452,0.0,0.0
2024-07-23 09:00:00+08:00,32.75,33.79999923706055,32.70000076293945,32.70000076293945,48570,0.0,0.0
2024-07-23 10:00:00+08:00,32.75,32.849998474121094,32.75,32.849998474121094,11033,0.0,0.0
2024-07-23 11:00:00+08:00,32.849998474121094,32.900001525878906,32.79999923706055,32.900001525878906,5203,0.0,0.0
2024-07-23 12:00:00+08:00,32.900001525878906,32.900001525878906,32.75,32.75,15473,0.0,0.0
2024-07-23 13:00:00+08:00,32.75,32.79999923706055,32.650001525878906,32.79999923706055,8000,0.0,0.0
2024-07-26 09:00:00+08:00,32.599998474121094,32.900001525878906,31.200000762939453,32.25,0,0.0,0.0
2024-07-26 10:00:00+08:00,32.25,32.54999923706055,32.25,32.29999923706055,30007,0.0,0.0
2024-07-26 11:00:00+08:00,32.45000076293945,32.45000076293945,32.099998474121094,32.150001525878906,14237,0.0,0.0
2024-07-26 12:00:00+08:00,32.150001525878906,32.5,32.150001525878906,32.5,16045,0.0,0.0
2024-07-26 13:00:00+08:00,32.54999923706055,32.599998474121094,32.5,32.5,5002,0.0,0.0
