Datetime,Open,High,Low,Close,Volume,Dividends,Stock Splits
2022-10-27 09:00:00+09:00,2048.0,2048.0,2022.0,2027.0,4900,0.0,0.0
2022-10-27 10:00:00+09:00,2029.0,2029.0,2024.0,2024.0,800,0.0,0.0
2022-10-27 11:00:00+09:00,2024.0,2025.0,2023.0,2025.0,0,0.0,0.0
2022-10-27 12:00:00+09:00,2022.0,2025.0,2020.0,2021.0,10100,0.0,0.0
2022-10-27 13:00:00+09:00,2021.0,2028.0,2021.0,2028.0,1200,0.0,0.0
2022-10-27 14:00:00+09:00,2027.0,2027.0,2025.0,2025.0,3400,0.0,0.0
2022-10-28 09:00:00+09:00,2011.0,2016.0,2002.0,2015.0,3700,0.0,0.0
2022-10-28 10:00:00+09:00,2015.0,2019.0,2011.0,2019.0,2800,0.0,0.0
2022-10-28 11:00:00+09:00,2015.0,2017.0,2013.0,2017.0,0,0.0,0.0
2022-10-28 12:00:00+09:00,2028.0,2028.0,2012.0,2015.0,8500,0.0,0.0
2022-10-28 13:00:00+09:00,2016.0,2019.0,2006.0,2011.0,4100,0.0,0.0
2022-10-28 14:00:00+09:00,2011.0,2015.0,2010.0,2010.0,5000,0.0,0.0
2022-10-31 09:00:00+09:00,2038.0,2086.0,2027.0,2073.0,17700,0.0,0.0
2022-10-31 10:00:00+09:00,2071.0,2094.0,2066.0,2092.0,16700,0.0,0.0
2022-10-31 11:00:00+09:00,2090.0,2109.0,2087.0,2099.0,0,0.0,0.0
2022-10-31 12:00:00+09:00,2100.0,2100.0,2080.0,2088.0,52500,0.0,0.0
2022-10-31 13:00:00+09:00,2090.0,2098.0,2085.0,2085.0,8200,0.0,0.0
2022-10-31 14:00:00+09:00,2086.0,2110.0,2086.0,2104.0,18300,0.0,0.0
2022-11-01 09:00:00+09:00,2006.0,2065.0,1991.0,2039.0,39900,0.0,0.0
2022-11-01 10:00:00+09:00,2052.0,2058.0,2034.0,2044.0,9000,0.0,0.0
2022-11-01 11:00:00+09:00,2039.0,2039.0,2023.0,2032.0,0,0.0,0.0
2022-11-01 12:00:00+09:00,2026.0,2033.0,2016.0,2023.0,68100,0.0,0.0
2022-11-01 13:00:00+09:00,2021.0,2023.0,2008.0,2009.0,13700,0.0,0.0
2022-11-01 14:00:00+09:00,2009.0,2014.0,1998.0,2000.0,27600,0.0,0.0
2022-11-02 09:00:00+09:00,2010.0,2018.0,1992.0,1994.0,11600,0.0,0.0
2022-11-02 10:00:00+09:00,1992.0,1992.0,1970.0,1971.0,15300,0.0,0.0
2022-11-02 11:00:00+09:00,1975.0,1975.0,1967.0,1972.0,0,0.0,0.0
2022-11-02 12:00:00+09:00,1972.0,1987.0,1966.0,1985.0,38800,0.0,0.0
2022-11-02 13:00:00+09:00,1985.0,2003.0,1985.0,1991.0,9200,0.0,0.0
2022-11-02 14:00:00+09:00,1993.0,2000.0,1988.0,1991.0,6900,0.0,0.0
2022-11-04 09:00:00+09:00,1975.0,1981.0,1950.0,1970.0,23000,0.0,0.0
2022-11-04 10:00:00+09:00,1970.0,1985.0,1970.0,1976.0,5100,0.0,0.0
2022-11-04 11:00:00+09:00,1977.0,1984.0,1977.0,1984.0,0,0.0,0.0
2022-11-04 12:00:00+09:00,1995.0,1995.0,1986.0,1990.0,30500,0.0,0.0
2022-11-04 13:00:00+09:00,1988.0,1991.0,1980.0,1990.0,7700,0.0,0.0
2022-11-04 14:00:00+09:00,1991.0,1992.0,1981.0,1988.0,3900,0.0,0.0
2022-11-07 09:00:00+09:00,1998.0,1998.0,1983.0,1983.0,0,0.0,0.0
2022-11-07 10:00:00+09:00,1983.0,1987.0,1976.0,1987.0,2800,0.0,0.0
2022-11-07 11:00:00+09:00,1982.0,1982.0,1977.0,1979.0,0,0.0,0.0
2022-11-07 12:00:00+09:00,1980.0,1982.0,1979.0,1982.0,9800,0.0,0.0
2022-11-07 13:00:00+09:00,1983.0,1988.0,1972.0,1978.0,10400,0.0,0.0
2022-11-07 14:00:00+09:00,1977.0,1979.0,1963.0,1963.0,8500,0.0,0.0
2022-11-08 09:00:00+09:00,1973.0,1973.0,1955.0,1970.0,5700,0.0,0.0
2022-11-08 10:00:00+09:00,1970.0,1971.0,1966.0,1966.0,1600,0.0,0.0
2022-11-08 11:00:00+09:00,1966.0,1966.0,1961.0,1961.0,0,0.0,0.0
2022-11-08 12:00:00+09:00,1962.0,1967.0,1961.0,1965.0,10400,0.0,0.0
2022-11-08 13:00:00+09:00,1968.0,1975.0,1968.0,1971.0,3500,0.0,0.0
2022-11-08 14:00:00+09:00,1974.0,1976.0,1970.0,1975.0,2400,0.0,0.0
2022-11-09 09:00:00+09:00,1986.0,1993.0,1973.0,1990.0,4200,0.0,0.0
2022-11-09 10:00:00+09:00,1990.0,1990.0,1977.0,1984.0,3600,0.0,0.0
2022-11-09 11:00:00+09:00,1984.0,2006.0,1981.0,2004.0,0,0.0,0.0
2022-11-09 12:00:00+09:00,2004.0,2012.0,1999.0,2012.0,20100,0.0,0.0
2022-11-09 13:00:00+09:00,2009.0,2011.0,2004.0,2008.0,4300,0.0,0.0
2022-11-09 14:00:00+09:00,2009.0,2010.0,1999.0,1999.0,4000,0.0,0.0
2022-11-10 09:00:00+09:00,1971.0,2003.0,1971.0,2003.0,5800,0.0,0.0
2022-11-10 10:00:00+09:00,2004.0,2015.0,2004.0,2014.0,5400,0.0,0.0
2022-11-10 11:00:00+09:00,2011.0,2011.0,2003.0,2004.0,0,0.0,0.0
2022-11-10 12:00:00+09:00,1997.0,2008.0,1997.0,2003.0,14300,0.0,0.0
2022-11-10 13:00:00+09:00,2006.0,2006.0,2000.0,2005.0,800,0.0,0.0
2022-11-10 14:00:00+09:00,2005.0,2006.0,2000.0,2000.0,2400,0.0,0.0
2022-11-11 09:00:00+09:00,2029.0,2044.0,2018.0,2038.0,13300,0.0,0.0
2022-11-11 10:00:00+09:00,2039.0,2050.0,2035.0,2037.0,12900,0.0,0.0
2022-11-11 11:00:00+09:00,2037.0,2045.0,2037.0,2039.0,0,0.0,0.0
2022-11-11 12:00:00+09:00,2033.0,2040.0,2032.0,2040.0,35500,0.0,0.0
2022-11-11 13:00:00+09:00,2038.0,2048.0,2037.0,2045.0,4200,0.0,0.0
2022-11-11 14:00:00+09:00,2044.0,2059.0,2044.0,2052.0,14600,0.0,0.0
2022-11-14 09:00:00+09:00,2043.0,2049.0,2030.0,2032.0,4900,0.0,0.0
2022-11-14 10:00:00+09:00,2037.0,2048.0,2037.0,2044.0,1800,0.0,0.0
2022-11-14 11:00:00+09:00,2046.0,2048.0,2032.0,2033.0,0,0.0,0.0
2022-11-14 12:00:00+09:00,2033.0,2034.0,2025.0,2033.0,14400,0.0,0.0
2022-11-14 13:00:00+09:00,2029.0,2044.0,2025.0,2041.0,3900,0.0,0.0
2022-11-14 14:00:00+09:00,2042.0,2042.0,2033.0,2033.0,5500,0.0,0.0
2022-11-15 09:00:00+09:00,2028.0,2066.0,2015.0,2056.0,20300,0.0,0.0
2022-11-15 10:00:00+09:00,2056.0,2067.0,2053.0,2066.0,4900,0.0,0.0
2022-11-15 11:00:00+09:00,2066.0,2070.0,2066.0,2068.0,0,0.0,0.0
2022-11-15 12:00:00+09:00,2069.0,2090.0,2068.0,2088.0,38600,0.0,0.0
2022-11-15 13:00:00+09:00,2088.0,2098.0,2082.0,2088.0,14900,0.0,0.0
2022-11-15 14:00:00+09:00,2092.0,2097.0,2087.0,2088.0,6200,0.0,0.0
2022-11-16 09:00:00+09:00,2061.0,2099.0,2057.0,2099.0,12600,0.0,0.0
2022-11-16 10:00:00+09:00,2099.0,2104.0,2094.0,2094.0,5800,0.0,0.0
2022-11-16 11:00:00+09:00,2095.0,2100.0,2089.0,2100.0,0,0.0,0.0
2022-11-16 12:00:00+09:00,2099.0,2113.0,2097.0,2104.0,29600,0.0,0.0
2022-11-16 13:00:00+09:00,2103.0,2107.0,2098.0,2100.0,6400,0.0,0.0
2022-11-16 14:00:00+09:00,2102.0,2106.0,2096.0,2096.0,4900,0.0,0.0
2022-11-17 09:00:00+09:00,2099.0,2102.0,2070.0,2100.0,8800,0.0,0.0
2022-11-17 10:00:00+09:00,2102.0,2106.0,2098.0,2100.0,2400,0.0,0.0
2022-11-17 11:00:00+09:00,2097.0,2099.0,2090.0,2099.0,0,0.0,0.0
2022-11-17 12:00:00+09:00,2095.0,2132.0,2095.0,2132.0,20700,0.0,0.0
2022-11-17 13:00:00+09:00,2133.0,2137.0,2120.0,2125.0,4300,0.0,0.0
2022-11-17 14:00:00+09:00,2123.0,2137.0,2123.0,2137.0,9400,0.0,0.0
2022-11-18 09:00:00+09:00,2139.0,2163.0,2129.0,2144.0,15400,0.0,0.0
2022-11-18 10:00:00+09:00,2141.0,2141.0,2135.0,2136.0,3400,0.0,0.0
2022-11-18 11:00:00+09:00,2138.0,2144.0,2138.0,2140.0,0,0.0,0.0
2022-11-18 12:00:00+09:00,2148.0,2148.0,2140.0,2144.0,21600,0.0,0.0
2022-11-18 13:00:00+09:00,2143.0,2143.0,2135.0,2135.0,2600,0.0,0.0
2022-11-18 14:00:00+09:00,2135.0,2135.0,2122.0,2129.0,6100,0.0,0.0
2022-11-21 09:00:00+09:00,2119.0,2120.0,2090.0,2106.0,0,0.0,0.0
2022-11-21 10:00:00+09:00,2106.0,2110.0,2100.0,2103.0,5100,0.0,0.0
2022-11-21 11:00:00+09:00,2104.0,2113.0,2104.0,2109.0,0,0.0,0.0
2022-11-21 12:00:00+09:00,2110.0,2135.0,2110.0,2132.0,27800,0.0,0.0
2022-11-21 13:00:00+09:00,2130.0,2132.0,2124.0,2129.0,3100,0.0,0.0
2022-11-21 14:00:00+09:00,2125.0,2126.0,2120.0,2124.0,4000,0.0,0.0
2022-11-22 09:00:00+09:00,2147.0,2147.0,2115.0,2124.0,5900,0.0,0.0
2022-11-22 10:00:00+09:00,2121.0,2122.0,2103.0,2118.0,4700,0.0,0.0
2022-11-22 11:00:00+09:00,2118.0,2118.0,2109.0,2111.0,0,0.0,0.0
2022-11-22 12:00:00+09:00,2111.0,2136.0,2111.0,2136.0,17500,0.0,0.0
2022-11-22 13:00:00+09:00,2133.0,2134.0,2121.0,2128.0,4400,0.0,0.0
2022-11-22 14:00:00+09:00,2130.0,2135.0,2123.0,2127.0,8500,0.0,0.0
2022-11-24 09:00:00+09:00,2129.0,2167.0,2129.0,2164.0,21200,0.0,0.0
2022-11-24 10:00:00+09:00,2166.0,2210.0,2165.0,2210.0,25100,0.0,0.0
2022-11-24 11:00:00+09:00,2210.0,2224.0,2204.0,2208.0,0,0.0,0.0
2022-11-24 12:00:00+09:00,2215.0,2230.0,2212.0,2228.0,70400,0.0,0.0
2022-11-24 13:00:00+09:00,2227.0,2230.0,2208.0,2208.0,6500,0.0,0.0
2022-11-24 14:00:00+09:00,2208.0,2210.0,2195.0,2199.0,7300,0.0,0.0
2022-11-25 09:00:00+09:00,2217.0,2217.0,2174.0,2185.0,6800,0.0,0.0
2022-11-25 10:00:00+09:00,2186.0,2195.0,2186.0,2190.0,1000,0.0,0.0
2022-11-25 11:00:00+09:00,2188.0,2188.0,2183.0,2183.0,0,0.0,0.0
2022-11-25 12:00:00+09:00,2175.0,2185.0,2175.0,2180.0,15100,0.0,0.0
2022-11-25 13:00:00+09:00,2180.0,2185.0,2179.0,2179.0,2300,0.0,0.0
2022-11-25 14:00:00+09:00,2178.0,2184.0,2175.0,2178.0,3900,0.0,0.0
2022-11-28 09:00:00+09:00,2189.0,2189.0,2151.0,2160.0,7700,0.0,0.0
2022-11-28 10:00:00+09:00,2164.0,2164.0,2157.0,2162.0,2200,0.0,0.0
2022-11-28 11:00:00+09:00,2162.0,2162.0,2162.0,2162.0,0,0.0,0.0
2022-11-28 12:00:00+09:00,2168.0,2168.0,2155.0,2162.0,11100,0.0,0.0
2022-11-28 13:00:00+09:00,2155.0,2155.0,2152.0,2152.0,1300,0.0,0.0
2022-11-28 14:00:00+09:00,2151.0,2154.0,2146.0,2150.0,3600,0.0,0.0
2022-11-29 09:00:00+09:00,2150.0,2150.0,2110.0,2114.0,8300,0.0,0.0
2022-11-29 10:00:00+09:00,2118.0,2120.0,2117.0,2117.0,1400,0.0,0.0
2022-11-29 11:00:00+09:00,2117.0,2120.0,2117.0,2117.0,0,0.0,0.0
2022-11-29 12:00:00+09:00,2117.0,2119.0,2115.0,2116.0,11500,0.0,0.0
2022-11-29 13:00:00+09:00,2114.0,2114.0,2110.0,2114.0,3000,0.0,0.0
2022-11-29 14:00:00+09:00,2114.0,2114.0,2108.0,2109.0,4600,0.0,0.0
2022-11-30 09:00:00+09:00,2101.0,2101.0,2073.0,2089.0,11600,0.0,0.0
2022-11-30 10:00:00+09:00,2086.0,2090.0,2083.0,2089.0,600,0.0,0.0
2022-11-30 11:00:00+09:00,2089.0,2089.0,2082.0,2082.0,0,0.0,0.0
2022-11-30 12:00:00+09:00,2082.0,2087.0,2082.0,2087.0,13500,0.0,0.0
2022-11-30 13:00:00+09:00,2084.0,2088.0,2074.0,2084.0,7700,0.0,0.0
2022-11-30 14:00:00+09:00,2082.0,2092.0,2082.0,2088.0,3500,0.0,0.0
2022-12-01 09:00:00+09:00,2109.0,2118.0,2096.0,2100.0,6400,0.0,0.0
2022-12-01 10:00:00+09:00,2096.0,2099.0,2085.0,2099.0,5100,0.0,0.0
2022-12-01 11:00:00+09:00,2099.0,2104.0,2099.0,2104.0,0,0.0,0.0
2022-12-01 12:00:00+09:00,2104.0,2104.0,2100.0,2104.0,14300,0.0,0.0
2022-12-01 13:00:00+09:00,2102.0,2106.0,2098.0,2098.0,2800,0.0,0.0
2022-12-01 14:00:00+09:00,2099.0,2106.0,2096.0,2096.0,4500,0.0,0.0
2022-12-02 09:00:00+09:00,2095.0,2095.0,2066.0,2075.0,6500,0.0,0.0
2022-12-02 10:00:00+09:00,2074.0,2081.0,2068.0,2076.0,6200,0.0,0.0
2022-12-02 11:00:00+09:00,2071.0,2074.0,2068.0,2074.0,0,0.0,0.0
2022-12-02 12:00:00+09:00,2074.0,2074.0,2069.0,2071.0,15600,0.0,0.0
2022-12-02 13:00:00+09:00,2074.0,2076.0,2065.0,2069.0,3800,0.0,0.0
2022-12-02 14:00:00+09:00,2069.0,2069.0,2045.0,2055.0,10700,0.0,0.0
2022-12-05 09:00:00+09:00,2052.0,2075.0,2052.0,2072.0,7900,0.0,0.0
2022-12-05 10:00:00+09:00,2067.0,2068.0,2060.0,2060.0,1400,0.0,0.0
2022-12-05 11:00:00+09:00,2064.0,2065.0,2064.0,2065.0,0,0.0,0.0
2022-12-05 12:00:00+09:00,2055.0,2065.0,2055.0,2063.0,10600,0.0,0.0
2022-12-05 13:00:00+09:00,2063.0,2063.0,2054.0,2054.0,1400,0.0,0.0
2022-12-05 14:00:00+09:00,2054.0,2057.0,2053.0,2053.0,1800,0.0,0.0
2022-12-06 09:00:00+09:00,2042.0,2065.0,2042.0,2062.0,4600,0.0,0.0
2022-12-06 10:00:00+09:00,2058.0,2066.0,2058.0,2059.0,2100,0.0,0.0
2022-12-06 11:00:00+09:00,2060.0,2062.0,2057.0,2062.0,0,0.0,0.0
2022-12-06 12:00:00+09:00,2067.0,2067.0,2057.0,2057.0,8900,0.0,0.0
2022-12-06 13:00:00+09:00,2062.0,2067.0,2055.0,2060.0,1400,0.0,0.0
2022-12-06 14:00:00+09:00,2059.0,2062.0,2051.0,2051.0,4100,0.0,0.0
2022-12-07 09:00:00+09:00,2054.0,2078.0,2054.0,2060.0,10400,0.0,0.0
2022-12-07 10:00:00+09:00,2058.0,2061.0,2042.0,2049.0,9800,0.0,0.0
2022-12-07 11:00:00+09:00,2046.0,2046.0,2043.0,2043.0,0,0.0,0.0
2022-12-07 12:00:00+09:00,2043.0,2052.0,2043.0,2051.0,23400,0.0,0.0
2022-12-07 13:00:00+09:00,2049.0,2050.0,2037.0,2047.0,4900,0.0,0.0
2022-12-07 14:00:00+09:00,2045.0,2045.0,2040.0,2041.0,2500,0.0,0.0
2022-12-08 09:00:00+09:00,2030.0,2044.0,2006.0,2019.0,12300,0.0,0.0
2022-12-08 10:00:00+09:00,2016.0,2029.0,2014.0,2029.0,3300,0.0,0.0
2022-12-08 11:00:00+09:00,2028.0,2033.0,2028.0,2029.0,0,0.0,0.0
2022-12-08 12:00:00+09:00,2023.0,2038.0,2023.0,2035.0,17600,0.0,0.0
2022-12-08 13:00:00+09:00,2035.0,2039.0,2031.0,2032.0,3000,0.0,0.0
2022-12-08 14:00:00+09:00,2031.0,2037.0,2026.0,2031.0,7300,0.0,0.0
2022-12-09 09:00:00+09:00,2026.0,2050.0,2016.0,2050.0,0,0.0,0.0
2022-12-09 10:00:00+09:00,2043.0,2045.0,2040.0,2040.0,3600,0.0,0.0
2022-12-09 11:00:00+09:00,2042.0,2049.0,2041.0,2049.0,0,0.0,0.0
2022-12-09 12:00:00+09:00,2040.0,2043.0,2040.0,2043.0,8600,0.0,0.0
2022-12-09 13:00:00+09:00,2044.0,2044.0,2034.0,2034.0,4400,0.0,0.0
2022-12-09 14:00:00+09:00,2033.0,2040.0,2026.0,2031.0,8300,0.0,0.0
2022-12-12 09:00:00+09:00,2029.0,2085.0,2020.0,2029.0,0,0.0,0.0
2022-12-12 10:00:00+09:00,2021.0,2030.0,2017.0,2024.0,2100,0.0,0.0
2022-12-12 11:00:00+09:00,2033.0,2033.0,2030.0,2030.0,0,0.0,0.0
2022-12-12 12:00:00+09:00,2019.0,2034.0,2019.0,2034.0,13800,0.0,0.0
2022-12-12 13:00:00+09:00,2030.0,2033.0,2024.0,2026.0,3100,0.0,0.0
2022-12-12 14:00:00+09:00,2028.0,2030.0,2021.0,2021.0,4300,0.0,0.0
2022-12-13 09:00:00+09:00,2035.0,2049.0,2022.0,2046.0,6400,0.0,0.0
2022-12-13 10:00:00+09:00,2048.0,2052.0,2047.0,2049.0,3400,0.0,0.0
2022-12-13 11:00:00+09:00,2046.0,2052.0,2046.0,2047.0,0,0.0,0.0
2022-12-13 12:00:00+09:00,2047.0,2047.0,2038.0,2045.0,14300,0.0,0.0
2022-12-13 13:00:00+09:00,2047.0,2053.0,2047.0,2050.0,1800,0.0,0.0
2022-12-13 14:00:00+09:00,2048.0,2051.0,2044.0,2049.0,5700,0.0,0.0
2022-12-14 09:00:00+09:00,2055.0,2077.0,2055.0,2070.0,5800,0.0,0.0
2022-12-14 10:00:00+09:00,2070.0,2074.0,2068.0,2074.0,800,0.0,0.0
2022-12-14 11:00:00+09:00,2074.0,2075.0,2070.0,2071.0,0,0.0,0.0
2022-12-14 12:00:00+09:00,2073.0,2078.0,2073.0,2073.0,12200,0.0,0.0
2022-12-14 13:00:00+09:00,2074.0,2074.0,2067.0,2067.0,3600,0.0,0.0
2022-12-14 14:00:00+09:00,2068.0,2069.0,2063.0,2064.0,2200,0.0,0.0
2022-12-15 09:00:00+09:00,2048.0,2060.0,2038.0,2051.0,3300,0.0,0.0
2022-12-15 10:00:00+09:00,2056.0,2059.0,2046.0,2053.0,3500,0.0,0.0
2022-12-15 11:00:00+09:00,2048.0,2053.0,2045.0,2048.0,0,0.0,0.0
2022-12-15 12:00:00+09:00,2050.0,2052.0,2048.0,2051.0,11200,0.0,0.0
2022-12-15 13:00:00+09:00,2053.0,2053.0,2048.0,2053.0,900,0.0,0.0
2022-12-15 14:00:00+09:00,2053.0,2056.0,2051.0,2056.0,2700,0.0,0.0
2022-12-16 09:00:00+09:00,2048.0,2048.0,1973.0,2010.0,27000,0.0,0.0
2022-12-16 10:00:00+09:00,2011.0,2013.0,2001.0,2004.0,3600,0.0,0.0
2022-12-16 11:00:00+09:00,2002.0,2002.0,2002.0,2002.0,0,0.0,0.0
2022-12-16 12:00:00+09:00,2009.0,2009.0,2002.0,2009.0,33500,0.0,0.0
2022-12-16 13:00:00+09:00,2009.0,2009.0,1994.0,1994.0,8900,0.0,0.0
2022-12-16 14:00:00+09:00,1996.0,1997.0,1981.0,1984.0,21600,0.0,0.0
2022-12-19 09:00:00+09:00,1985.0,1997.0,1964.0,1971.0,13900,0.0,0.0
2022-12-19 10:00:00+09:00,1969.0,1978.0,1965.0,1971.0,4500,0.0,0.0
2022-12-19 11:00:00+09:00,1967.0,1972.0,1967.0,1969.0,0,0.0,0.0
2022-12-19 12:00:00+09:00,1965.0,1966.0,1961.0,1961.0,27400,0.0,0.0
2022-12-19 13:00:00+09:00,1961.0,1961.0,1953.0,1954.0,13400,0.0,0.0
2022-12-19 14:00:00+09:00,1954.0,1956.0,1948.0,1955.0,13300,0.0,0.0
2022-12-20 09:00:00+09:00,1948.0,1950.0,1916.0,1928.0,22500,0.0,0.0
2022-12-20 10:00:00+09:00,1929.0,1930.0,1918.0,1921.0,4300,0.0,0.0
2022-12-20 11:00:00+09:00,1920.0,1920.0,1909.0,1916.0,0,0.0,0.0
2022-12-20 12:00:00+09:00,1908.0,1908.0,1850.0,1881.0,62400,0.0,0.0
2022-12-20 13:00:00+09:00,1879.0,1891.0,1865.0,1883.0,17000,0.0,0.0
2022-12-20 14:00:00+09:00,1881.0,1893.0,1877.0,1891.0,11600,0.0,0.0
2022-12-21 09:00:00+09:00,1893.0,1893.0,1855.0,1866.0,27000,0.0,0.0
2022-12-21 10:00:00+09:00,1871.0,1922.0,1871.0,1898.0,10600,0.0,0.0
2022-12-21 11:00:00+09:00,1902.0,1902.0,1886.0,1886.0,0,0.0,0.0
2022-12-21 12:00:00+09:00,1880.0,1882.0,1876.0,1882.0,41500,0.0,0.0
2022-12-21 13:00:00+09:00,1877.0,1881.0,1869.0,1871.0,5000,0.0,0.0
2022-12-21 14:00:00+09:00,1869.0,1880.0,1867.0,1875.0,8500,0.0,0.0
2022-12-22 09:00:00+09:00,1891.0,1900.0,1861.0,1861.0,18800,0.0,0.0
2022-12-22 10:00:00+09:00,1862.0,1863.0,1853.0,1859.0,10300,0.0,0.0
2022-12-22 11:00:00+09:00,1859.0,1862.0,1851.0,1862.0,0,0.0,0.0
2022-12-22 12:00:00+09:00,1862.0,1862.0,1839.0,1844.0,47300,0.0,0.0
2022-12-22 13:00:00+09:00,1845.0,1852.0,1841.0,1847.0,7100,0.0,0.0
2022-12-22 14:00:00+09:00,1846.0,1862.0,1846.0,1855.0,6500,0.0,0.0
2022-12-23 09:00:00+09:00,1830.0,1853.0,1825.0,1851.0,24500,0.0,0.0
2022-12-23 10:00:00+09:00,1851.0,1873.0,1850.0,1860.0,7600,0.0,0.0
2022-12-23 11:00:00+09:00,1871.0,1875.0,1860.0,1860.0,0,0.0,0.0
2022-12-23 12:00:00+09:00,1856.0,1865.0,1856.0,1860.0,35700,0.0,0.0
2022-12-23 13:00:00+09:00,1861.0,1861.0,1847.0,1847.0,5100,0.0,0.0
2022-12-23 14:00:00+09:00,1849.0,1858.0,1845.0,1850.0,6700,0.0,0.0
2022-12-26 09:00:00+09:00,1832.0,1860.0,1830.0,1843.0,0,0.0,0.0
2022-12-26 10:00:00+09:00,1842.0,1846.0,1834.0,1839.0,5000,0.0,0.0
2022-12-26 11:00:00+09:00,1835.0,1838.0,1832.0,1834.0,0,0.0,0.0
2022-12-26 12:00:00+09:00,1834.0,1835.0,1833.0,1834.0,22700,0.0,0.0
2022-12-26 13:00:00+09:00,1834.0,1836.0,1828.0,1828.0,8800,0.0,0.0
2022-12-26 14:00:00+09:00,1829.0,1830.0,1826.0,1826.0,8600,0.0,0.0
2022-12-27 09:00:00+09:00,1831.0,1856.0,1828.0,1830.0,16500,0.0,0.0
2022-12-27 10:00:00+09:00,1830.0,1834.0,1825.0,1834.0,4800,0.0,0.0
2022-12-27 11:00:00+09:00,1834.0,1835.0,1825.0,1831.0,0,0.0,0.0
2022-12-27 12:00:00+09:00,1831.0,1833.0,1827.0,1827.0,33200,0.0,0.0
2022-12-27 13:00:00+09:00,1826.0,1827.0,1817.0,1824.0,14200,0.0,0.0
2022-12-27 14:00:00+09:00,1820.0,1823.0,1817.0,1823.0,7800,0.0,0.0
2022-12-28 09:00:00+09:00,1805.0,1805.0,1770.0,1770.0,68800,0.0,0.0
2022-12-28 10:00:00+09:00,1770.0,1800.0,1770.0,1790.0,17500,0.0,0.0
2022-12-28 11:00:00+09:00,1795.0,1797.0,1787.0,1794.0,0,0.0,0.0
2022-12-28 12:00:00+09:00,1792.0,1796.0,1790.0,1790.0,93100,0.0,0.0
2022-12-28 13:00:00+09:00,1791.0,1794.0,1787.0,1793.0,7300,0.0,0.0
2022-12-28 14:00:00+09:00,1793.0,1799.0,1790.0,1796.0,13100,0.0,0.0
2022-12-29 09:00:00+09:00,1800.0,1831.0,1799.0,1831.0,18500,0.0,0.0
2022-12-29 10:00:00+09:00,1830.0,1834.0,1825.0,1831.0,4900,0.0,0.0
2022-12-29 11:00:00+09:00,1830.0,1835.0,1826.0,1829.0,0,0.0,0.0
2022-12-29 12:00:00+09:00,1829.0,1838.0,1829.0,1838.0,30200,0.0,0.0
2022-12-29 13:00:00+09:00,1839.0,1855.0,1838.0,1852.0,14700,0.0,0.0
2022-12-29 14:00:00+09:00,1852.0,1853.0,1847.0,1847.0,4700,0.0,0.0
2022-12-30 09:00:00+09:00,1880.0,1887.0,1861.0,1884.0,13000,0.0,0.0
2022-12-30 10:00:00+09:00,1887.0,1892.0,1877.0,1882.0,5600,0.0,0.0
2022-12-30 11:00:00+09:00,1881.0,1887.0,1881.0,1886.0,0,0.0,0.0
2022-12-30 12:00:00+09:00,1886.0,1887.0,1880.0,1880.0,22200,0.0,0.0
2022-12-30 13:00:00+09:00,1877.0,1880.0,1872.0,1874.0,5600,0.0,0.0
2022-12-30 14:00:00+09:00,1876.0,1876.0,1865.0,1871.0,6100,0.0,0.0
2023-01-04 09:00:00+09:00,1869.0,1869.0,1840.0,1850.0,0,0.0,0.0
2023-01-04 10:00:00+09:00,1850.0,1852.0,1844.0,1844.0,600,0.0,0.0
2023-01-04 11:00:00+09:00,1844.0,1844.0,1844.0,1844.0,0,0.0,0.0
2023-01-04 12:00:00+09:00,1848.0,1848.0,1841.0,1841.0,12300,0.0,0.0
2023-01-04 13:00:00+09:00,1841.0,1843.0,1839.0,1840.0,2100,0.0,0.0
2023-01-04 14:00:00+09:00,1840.0,1840.0,1832.0,1839.0,5800,0.0,0.0
2023-01-05 09:00:00+09:00,1832.0,1856.0,1832.0,1855.0,6400,0.0,0.0
2023-01-05 10:00:00+09:00,1848.0,1870.0,1843.0,1861.0,6100,0.0,0.0
2023-01-05 11:00:00+09:00,1859.0,1859.0,1846.0,1847.0,0,0.0,0.0
2023-01-05 12:00:00+09:00,1847.0,1849.0,1847.0,1847.0,16400,0.0,0.0
2023-01-05 13:00:00+09:00,1850.0,1851.0,1847.0,1847.0,1000,0.0,0.0
2023-01-05 14:00:00+09:00,1845.0,1847.0,1844.0,1845.0,800,0.0,0.0
2023-01-06 09:00:00+09:00,1843.0,1856.0,1828.0,1844.0,8100,0.0,0.0
2023-01-06 10:00:00+09:00,1841.0,1858.0,1841.0,1858.0,1400,0.0,0.0
2023-01-06 11:00:00+09:00,1858.0,1858.0,1855.0,1857.0,0,0.0,0.0
2023-01-06 12:00:00+09:00,1857.0,1860.0,1856.0,1856.0,12100,0.0,0.0
2023-01-06 13:00:00+09:00,1860.0,1865.0,1859.0,1860.0,1000,0.0,0.0
2023-01-06 14:00:00+09:00,1859.0,1867.0,1858.0,1865.0,7700,0.0,0.0
2023-01-10 09:00:00+09:00,1887.0,1905.0,1887.0,1902.0,0,0.0,0.0
2023-01-10 10:00:00+09:00,1900.0,1903.0,1895.0,1903.0,3500,0.0,0.0
2023-01-10 11:00:00+09:00,1903.0,1909.0,1903.0,1906.0,0,0.0,0.0
2023-01-10 12:00:00+09:00,1909.0,1909.0,1901.0,1901.0,15400,0.0,0.0
2023-01-10 13:00:00+09:00,1905.0,1906.0,1902.0,1902.0,0,0.0,0.0
2023-01-10 14:00:00+09:00,1900.0,1909.0,1899.0,1909.0,19700,0.0,0.0
2023-01-11 09:00:00+09:00,1920.0,1924.0,1903.0,1910.0,5100,0.0,0.0
2023-01-11 10:00:00+09:00,1912.0,1912.0,1902.0,1909.0,2600,0.0,0.0
2023-01-11 11:00:00+09:00,1907.0,1907.0,1907.0,1907.0,0,0.0,0.0
2023-01-11 12:00:00+09:00,1909.0,1911.0,1905.0,1907.0,10300,0.0,0.0
2023-01-11 13:00:00+09:00,1910.0,1910.0,1909.0,1909.0,600,0.0,0.0
2023-01-11 14:00:00+09:00,1909.0,1914.0,1902.0,1906.0,6200,0.0,0.0
2023-01-12 09:00:00+09:00,1918.0,1920.0,1897.0,1897.0,0,0.0,0.0
2023-01-12 10:00:00+09:00,1897.0,1913.0,1890.0,1895.0,13900,0.0,0.0
2023-01-12 11:00:00+09:00,1895.0,1896.0,1890.0,1893.0,0,0.0,0.0
2023-01-12 12:00:00+09:00,1891.0,1894.0,1891.0,1894.0,0,0.0,0.0
2023-01-12 13:00:00+09:00,1891.0,1892.0,1890.0,1892.0,15500,0.0,0.0
2023-01-12 14:00:00+09:00,1892.0,1897.0,1891.0,1897.0,3300,0.0,0.0
2023-01-13 09:00:00+09:00,1882.0,1894.0,1882.0,1891.0,2300,0.0,0.0
2023-01-13 10:00:00+09:00,1891.0,1900.0,1887.0,1900.0,2700,0.0,0.0
2023-01-13 11:00:00+09:00,1900.0,1900.0,1900.0,1900.0,0,0.0,0.0
2023-01-13 12:00:00+09:00,1906.0,1906.0,1895.0,1898.0,7400,0.0,0.0
2023-01-13 13:00:00+09:00,1898.0,1899.0,1850.0,1878.0,27600,0.0,0.0
2023-01-13 14:00:00+09:00,1879.0,1882.0,1873.0,1882.0,2800,0.0,0.0
2023-01-16 09:00:00+09:00,1861.0,1865.0,1852.0,1863.0,0,0.0,0.0
2023-01-16 10:00:00+09:00,1861.0,1863.0,1855.0,1860.0,3200,0.0,0.0
2023-01-16 11:00:00+09:00,1861.0,1862.0,1859.0,1862.0,0,0.0,0.0
2023-01-16 12:00:00+09:00,1873.0,1873.0,1856.0,1860.0,12300,0.0,0.0
2023-01-16 13:00:00+09:00,1860.0,1864.0,1859.0,1862.0,500,0.0,0.0
2023-01-16 14:00:00+09:00,1864.0,1864.0,1858.0,1858.0,2100,0.0,0.0
2023-01-17 09:00:00+09:00,1865.0,1884.0,1865.0,1878.0,3100,0.0,0.0
2023-01-17 10:00:00+09:00,1880.0,1888.0,1859.0,1888.0,5800,0.0,0.0
2023-01-17 11:00:00+09:00,1887.0,1890.0,1882.0,1885.0,0,0.0,0.0
2023-01-17 12:00:00+09:00,1885.0,1900.0,1885.0,1888.0,14000,0.0,0.0
2023-01-17 13:00:00+09:00,1884.0,1884.0,1881.0,1881.0,300,0.0,0.0
2023-01-17 14:00:00+09:00,1884.0,1884.0,1876.0,1876.0,2100,0.0,0.0
2023-01-18 09:00:00+09:00,1878.0,1882.0,1874.0,1880.0,1400,0.0,0.0
2023-01-18 10:00:00+09:00,1884.0,1885.0,1880.0,1880.0,0,0.0,0.0
2023-01-18 11:00:00+09:00,1882.0,1889.0,1882.0,1887.0,0,0.0,0.0
2023-01-18 12:00:00+09:00,1894.0,1917.0,1894.0,1906.0,8500,0.0,0.0
2023-01-18 13:00:00+09:00,1900.0,1900.0,1889.0,1891.0,2400,0.0,0.0
2023-01-18 14:00:00+09:00,1892.0,1900.0,1892.0,1900.0,2000,0.0,0.0
2023-01-19 09:00:00+09:00,1892.0,1892.0,1880.0,1885.0,2000,0.0,0.0
2023-01-19 10:00:00+09:00,1887.0,1900.0,1886.0,1897.0,4300,0.0,0.0
2023-01-19 11:00:00+09:00,1892.0,1892.0,1892.0,1892.0,0,0.0,0.0
2023-01-19 12:00:00+09:00,1899.0,1899.0,1892.0,1892.0,6800,0.0,0.0
2023-01-19 13:00:00+09:00,1891.0,1891.0,1891.0,1891.0,400,0.0,0.0
2023-01-19 14:00:00+09:00,1891.0,1893.0,1888.0,1890.0,1200,0.0,0.0
2023-01-20 09:00:00+09:00,1895.0,1895.0,1877.0,1893.0,4800,0.0,0.0
2023-01-20 10:00:00+09:00,1895.0,1903.0,1895.0,1900.0,1200,0.0,0.0
2023-01-20 11:00:00+09:00,1903.0,1903.0,1898.0,1900.0,0,0.0,0.0
2023-01-20 12:00:00+09:00,1906.0,1908.0,1904.0,1906.0,9600,0.0,0.0
2023-01-20 13:00:00+09:00,1906.0,1906.0,1900.0,1900.0,1000,0.0,0.0
2023-01-20 14:00:00+09:00,1905.0,1908.0,1896.0,1908.0,4400,0.0,0.0
2023-01-23 09:00:00+09:00,1920.0,1928.0,1912.0,1923.0,3400,0.0,0.0
2023-01-23 10:00:00+09:00,1924.0,1924.0,1915.0,1919.0,2700,0.0,0.0
2023-01-23 11:00:00+09:00,1919.0,1919.0,1916.0,1916.0,0,0.0,0.0
2023-01-23 12:00:00+09:00,1918.0,1930.0,1918.0,1921.0,12700,0.0,0.0
2023-01-23 13:00:00+09:00,1922.0,1922.0,1920.0,1920.0,500,0.0,0.0
2023-01-23 14:00:00+09:00,1918.0,1955.0,1916.0,1934.0,18200,0.0,0.0
2023-01-24 09:00:00+09:00,1950.0,1958.0,1940.0,1940.0,8400,0.0,0.0
2023-01-24 10:00:00+09:00,1941.0,1943.0,1938.0,1938.0,3800,0.0,0.0
2023-01-24 11:00:00+09:00,1941.0,1941.0,1933.0,1938.0,0,0.0,0.0
2023-01-24 12:00:00+09:00,1936.0,1938.0,1933.0,1937.0,15600,0.0,0.0
2023-01-24 13:00:00+09:00,1937.0,1937.0,1927.0,1936.0,2800,0.0,0.0
2023-01-24 14:00:00+09:00,1931.0,1931.0,1920.0,1925.0,5100,0.0,0.0
2023-01-25 09:00:00+09:00,1932.0,1932.0,1920.0,1920.0,2300,0.0,0.0
2023-01-25 10:00:00+09:00,1927.0,1935.0,1927.0,1930.0,7900,0.0,0.0
2023-01-25 11:00:00+09:00,1931.0,1931.0,1931.0,1931.0,0,0.0,0.0
2023-01-25 12:00:00+09:00,1934.0,1936.0,1917.0,1925.0,22800,0.0,0.0
2023-01-25 13:00:00+09:00,1927.0,1928.0,1924.0,1925.0,600,0.0,0.0
2023-01-25 14:00:00+09:00,1925.0,1925.0,1920.0,1925.0,2500,0.0,0.0
2023-01-26 09:00:00+09:00,1928.0,1931.0,1906.0,1925.0,6400,0.0,0.0
2023-01-26 10:00:00+09:00,1923.0,1928.0,1921.0,1923.0,1600,0.0,0.0
2023-01-26 11:00:00+09:00,1921.0,1923.0,1921.0,1923.0,0,0.0,0.0
2023-01-26 12:00:00+09:00,1923.0,1923.0,1919.0,1919.0,9700,0.0,0.0
2023-01-26 13:00:00+09:00,1920.0,1924.0,1919.0,1924.0,4700,0.0,0.0
2023-01-26 14:00:00+09:00,1925.0,1934.0,1925.0,1930.0,7400,0.0,0.0
2023-01-27 09:00:00+09:00,1925.0,1926.0,1908.0,1921.0,3500,0.0,0.0
2023-01-27 10:00:00+09:00,1921.0,1927.0,1917.0,1920.0,2500,0.0,0.0
2023-01-27 11:00:00+09:00,1923.0,1923.0,1923.0,1923.0,0,0.0,0.0
2023-01-27 12:00:00+09:00,1923.0,1923.0,1920.0,1920.0,6900,0.0,0.0
2023-01-27 13:00:00+09:00,1920.0,1923.0,1918.0,1920.0,6100,0.0,0.0
2023-01-27 14:00:00+09:00,1922.0,1924.0,1915.0,1924.0,10800,0.0,0.0
2023-01-30 09:00:00+09:00,1928.0,1928.0,1910.0,1920.0,2000,0.0,0.0
2023-01-30 10:00:00+09:00,1925.0,1925.0,1917.0,1920.0,1600,0.0,0.0
2023-01-30 11:00:00+09:00,1924.0,1924.0,1921.0,1921.0,0,0.0,0.0
2023-01-30 12:00:00+09:00,1927.0,1927.0,1919.0,1919.0,5800,0.0,0.0
2023-01-30 13:00:00+09:00,1918.0,1918.0,1912.0,1917.0,1200,0.0,0.0
2023-01-30 14:00:00+09:00,1916.0,1917.0,1912.0,1916.0,3200,0.0,0.0
2023-01-31 09:00:00+09:00,1912.0,1935.0,1912.0,1925.0,4500,0.0,0.0
2023-01-31 10:00:00+09:00,1925.0,1928.0,1923.0,1924.0,2500,0.0,0.0
2023-01-31 11:00:00+09:00,1923.0,1925.0,1922.0,1922.0,0,0.0,0.0
2023-01-31 12:00:00+09:00,1928.0,1948.0,1926.0,1938.0,19600,0.0,0.0
2023-01-31 13:00:00+09:00,1938.0,1938.0,1926.0,1931.0,1400,0.0,0.0
2023-01-31 14:00:00+09:00,1930.0,1938.0,1926.0,1936.0,5000,0.0,0.0
2023-02-01 09:00:00+09:00,1900.0,1911.0,1862.0,1880.0,33600,0.0,0.0
2023-02-01 10:00:00+09:00,1883.0,1890.0,1879.0,1881.0,4900,0.0,0.0
2023-02-01 11:00:00+09:00,1882.0,1883.0,1877.0,1879.0,0,0.0,0.0
2023-02-01 12:00:00+09:00,1879.0,1880.0,1873.0,1877.0,45200,0.0,0.0
2023-02-01 13:00:00+09:00,1876.0,1878.0,1867.0,1868.0,7200,0.0,0.0
2023-02-01 14:00:00+09:00,1868.0,1872.0,1864.0,1871.0,6300,0.0,0.0
2023-02-02 09:00:00+09:00,1850.0,1878.0,1850.0,1878.0,37700,0.0,0.0
2023-02-02 10:00:00+09:00,1878.0,1883.0,1874.0,1874.0,4500,0.0,0.0
2023-02-02 11:00:00+09:00,1873.0,1873.0,1865.0,1866.0,0,0.0,0.0
2023-02-02 12:00:00+09:00,1866.0,1866.0,1853.0,1853.0,48000,0.0,0.0
2023-02-02 13:00:00+09:00,1855.0,1856.0,1850.0,1851.0,8200,0.0,0.0
2023-02-02 14:00:00+09:00,1852.0,1854.0,1851.0,1853.0,3200,0.0,0.0
2023-02-03 09:00:00+09:00,1852.0,1862.0,1852.0,1857.0,1400,0.0,0.0
2023-02-03 10:00:00+09:00,1860.0,1865.0,1860.0,1862.0,2400,0.0,0.0
2023-02-03 11:00:00+09:00,1863.0,1866.0,1861.0,1866.0,0,0.0,0.0
2023-02-03 12:00:00+09:00,1871.0,1879.0,1871.0,1875.0,7000,0.0,0.0
2023-02-03 13:00:00+09:00,1873.0,1873.0,1867.0,1867.0,1200,0.0,0.0
2023-02-03 14:00:00+09:00,1866.0,1876.0,1861.0,1874.0,7300,0.0,0.0
2023-02-06 09:00:00+09:00,1882.0,1895.0,1875.0,1877.0,12000,0.0,0.0
2023-02-06 10:00:00+09:00,1876.0,1880.0,1872.0,1872.0,0,0.0,0.0
2023-02-06 11:00:00+09:00,1873.0,1873.0,1873.0,1873.0,0,0.0,0.0
2023-02-06 12:00:00+09:00,1873.0,1873.0,1860.0,1863.0,17400,0.0,0.0
2023-02-06 13:00:00+09:00,1864.0,1866.0,1864.0,1865.0,300,0.0,0.0
2023-02-06 14:00:00+09:00,1865.0,1865.0,1856.0,1860.0,3200,0.0,0.0
2023-02-07 09:00:00+09:00,1862.0,1885.0,1862.0,1883.0,0,0.0,0.0
2023-02-07 10:00:00+09:00,1883.0,1886.0,1883.0,1883.0,6200,0.0,0.0
2023-02-07 11:00:00+09:00,1883.0,1891.0,1883.0,1887.0,0,0.0,0.0
2023-02-07 12:00:00+09:00,1895.0,1907.0,1895.0,1899.0,17100,0.0,0.0
2023-02-07 13:00:00+09:00,1898.0,1898.0,1885.0,1885.0,1200,0.0,0.0
2023-02-07 14:00:00+09:00,1892.0,1897.0,1890.0,1891.0,1200,0.0,0.0
2023-02-08 09:00:00+09:00,1888.0,1907.0,1877.0,1880.0,2900,0.0,0.0
2023-02-08 10:00:00+09:00,1881.0,1883.0,1880.0,1881.0,1900,0.0,0.0
2023-02-08 11:00:00+09:00,1880.0,1880.0,1878.0,1879.0,0,0.0,0.0
2023-02-08 12:00:00+09:00,1879.0,1892.0,1877.0,1892.0,9600,0.0,0.0
2023-02-08 13:00:00+09:00,1894.0,1904.0,1894.0,1904.0,3600,0.0,0.0
2023-02-08 14:00:00+09:00,1905.0,1906.0,1900.0,1904.0,4900,0.0,0.0
2023-02-09 09:00:00+09:00,1909.0,1917.0,1891.0,1915.0,0,0.0,0.0
2023-02-09 10:00:00+09:00,1911.0,1911.0,1908.0,1908.0,5700,0.0,0.0
2023-02-09 11:00:00+09:00,1908.0,1908.0,1907.0,1908.0,0,0.0,0.0
2023-02-09 12:00:00+09:00,1913.0,1914.0,1913.0,1914.0,7600,0.0,0.0
2023-02-09 13:00:00+09:00,1913.0,1914.0,1904.0,1914.0,3400,0.0,0.0
2023-02-09 14:00:00+09:00,1914.0,1917.0,1912.0,1916.0,4300,0.0,0.0
2023-02-10 09:00:00+09:00,1970.0,1988.0,1945.0,1977.0,0,0.0,0.0
2023-02-10 10:00:00+09:00,1980.0,2004.0,1980.0,1986.0,54900,0.0,0.0
2023-02-10 11:00:00+09:00,1990.0,1995.0,1984.0,1986.0,0,0.0,0.0
2023-02-10 12:00:00+09:00,1985.0,1986.0,1973.0,1979.0,61700,0.0,0.0
2023-02-10 13:00:00+09:00,1976.0,1981.0,1972.0,1981.0,3600,0.0,0.0
2023-02-10 14:00:00+09:00,1978.0,1978.0,1973.0,1974.0,4000,0.0,0.0
2023-02-13 09:00:00+09:00,1961.0,1961.0,1930.0,1941.0,8400,0.0,0.0
2023-02-13 10:00:00+09:00,1942.0,1947.0,1939.0,1946.0,4400,0.0,0.0
2023-02-13 11:00:00+09:00,1945.0,1946.0,1945.0,1946.0,0,0.0,0.0
2023-02-13 12:00:00+09:00,1946.0,1957.0,1945.0,1956.0,16000,0.0,0.0
2023-02-13 13:00:00+09:00,1950.0,1953.0,1949.0,1953.0,1300,0.0,0.0
2023-02-13 14:00:00+09:00,1952.0,1955.0,1948.0,1953.0,2200,0.0,0.0
2023-02-14 09:00:00+09:00,1974.0,1977.0,1955.0,1968.0,4300,0.0,0.0
2023-02-14 10:00:00+09:00,1968.0,1979.0,1968.0,1977.0,2600,0.0,0.0
2023-02-14 11:00:00+09:00,1974.0,2008.0,1974.0,2001.0,0,0.0,0.0
2023-02-14 12:00:00+09:00,2001.0,2004.0,1995.0,1995.0,21900,0.0,0.0
2023-02-14 13:00:00+09:00,1997.0,2000.0,1993.0,1998.0,3700,0.0,0.0
2023-02-14 14:00:00+09:00,1995.0,1998.0,1992.0,1997.0,5700,0.0,0.0
2023-02-15 09:00:00+09:00,1998.0,2005.0,1983.0,1986.0,4600,0.0,0.0
2023-02-15 10:00:00+09:00,1988.0,1996.0,1988.0,1991.0,0,0.0,0.0
2023-02-15 11:00:00+09:00,1988.0,1988.0,1982.0,1985.0,0,0.0,0.0
2023-02-15 12:00:00+09:00,1983.0,1988.0,1981.0,1987.0,9400,0.0,0.0
2023-02-15 13:00:00+09:00,1988.0,1988.0,1977.0,1983.0,3800,0.0,0.0
2023-02-15 14:00:00+09:00,1983.0,1985.0,1983.0,1983.0,3500,0.0,0.0
2023-02-16 09:00:00+09:00,1980.0,1980.0,1966.0,1972.0,14800,0.0,0.0
2023-02-16 10:00:00+09:00,1976.0,1981.0,1975.0,1975.0,1700,0.0,0.0
2023-02-16 11:00:00+09:00,1975.0,1979.0,1975.0,1979.0,0,0.0,0.0
2023-02-16 12:00:00+09:00,1979.0,1992.0,1975.0,1987.0,22700,0.0,0.0
2023-02-16 13:00:00+09:00,1987.0,1987.0,1985.0,1985.0,600,0.0,0.0
2023-02-16 14:00:00+09:00,1981.0,1981.0,1976.0,1976.0,4100,0.0,0.0
2023-02-17 09:00:00+09:00,1970.0,1976.0,1966.0,1976.0,3300,0.0,0.0
2023-02-17 10:00:00+09:00,1975.0,1975.0,1962.0,1965.0,0,0.0,0.0
2023-02-17 11:00:00+09:00,1967.0,1967.0,1965.0,1965.0,0,0.0,0.0
2023-02-17 12:00:00+09:00,1967.0,1971.0,1966.0,1971.0,7300,0.0,0.0
2023-02-17 13:00:00+09:00,1967.0,1969.0,1965.0,1969.0,600,0.0,0.0
2023-02-17 14:00:00+09:00,1967.0,1972.0,1962.0,1968.0,3300,0.0,0.0
2023-02-20 09:00:00+09:00,1962.0,1965.0,1956.0,1965.0,1900,0.0,0.0
2023-02-20 10:00:00+09:00,1970.0,1984.0,1970.0,1984.0,2200,0.0,0.0
2023-02-20 11:00:00+09:00,1981.0,1981.0,1980.0,1981.0,0,0.0,0.0
2023-02-20 12:00:00+09:00,1981.0,1981.0,1977.0,1977.0,7100,0.0,0.0
2023-02-20 13:00:00+09:00,1978.0,1978.0,1972.0,1972.0,3800,0.0,0.0
2023-02-20 14:00:00+09:00,1970.0,1974.0,1970.0,1971.0,5100,0.0,0.0
2023-02-21 09:00:00+09:00,1980.0,1980.0,1967.0,1980.0,4900,0.0,0.0
2023-02-21 10:00:00+09:00,1981.0,1986.0,1981.0,1984.0,4500,0.0,0.0
2023-02-21 11:00:00+09:00,1983.0,1991.0,1983.0,1991.0,0,0.0,0.0
2023-02-21 12:00:00+09:00,1997.0,2001.0,1986.0,1990.0,18900,0.0,0.0
2023-02-21 13:00:00+09:00,1987.0,1987.0,1978.0,1981.0,2800,0.0,0.0
2023-02-21 14:00:00+09:00,1981.0,1986.0,1979.0,1981.0,3000,0.0,0.0
2023-02-22 09:00:00+09:00,1971.0,1972.0,1961.0,1963.0,4200,0.0,0.0
2023-02-22 10:00:00+09:00,1962.0,1983.0,1960.0,1983.0,2500,0.0,0.0
2023-02-22 11:00:00+09:00,1974.0,1974.0,1974.0,1974.0,0,0.0,0.0
2023-02-22 12:00:00+09:00,1970.0,1973.0,1970.0,1971.0,7700,0.0,0.0
2023-02-22 13:00:00+09:00,1971.0,1974.0,1970.0,1973.0,1400,0.0,0.0
2023-02-22 14:00:00+09:00,1973.0,1973.0,1970.0,1970.0,3700,0.0,0.0
2023-02-24 09:00:00+09:00,1970.0,1989.0,1970.0,1988.0,0,0.0,0.0
2023-02-24 10:00:00+09:00,1991.0,2001.0,1989.0,1996.0,7000,0.0,0.0
2023-02-24 11:00:00+09:00,1998.0,1998.0,1995.0,1995.0,0,0.0,0.0
2023-02-24 12:00:00+09:00,1998.0,1998.0,1992.0,1992.0,12300,0.0,0.0
2023-02-24 13:00:00+09:00,1992.0,1994.0,1989.0,1989.0,2800,0.0,0.0
2023-02-24 14:00:00+09:00,1992.0,1995.0,1989.0,1989.0,4700,0.0,0.0
2023-02-27 09:00:00+09:00,2000.0,2032.0,1999.0,2026.0,0,0.0,0.0
2023-02-27 10:00:00+09:00,2030.0,2050.0,2030.0,2045.0,9600,0.0,0.0
2023-02-27 11:00:00+09:00,2044.0,2044.0,2039.0,2039.0,0,0.0,0.0
2023-02-27 12:00:00+09:00,2040.0,2045.0,2038.0,2045.0,30400,0.0,0.0
2023-02-27 13:00:00+09:00,2044.0,2062.0,2044.0,2062.0,9300,0.0,0.0
2023-02-27 14:00:00+09:00,2057.0,2063.0,2050.0,2059.0,9500,0.0,0.0
2023-02-28 09:00:00+09:00,2080.0,2085.0,2060.0,2067.0,7100,0.0,0.0
2023-02-28 10:00:00+09:00,2065.0,2065.0,2049.0,2049.0,4400,0.0,0.0
2023-02-28 11:00:00+09:00,2049.0,2049.0,2046.0,2046.0,0,0.0,0.0
2023-02-28 12:00:00+09:00,2046.0,2046.0,2036.0,2036.0,13600,0.0,0.0
2023-02-28 13:00:00+09:00,2035.0,2042.0,2030.0,2041.0,5200,0.0,0.0
2023-02-28 14:00:00+09:00,2043.0,2045.0,2030.0,2032.0,6300,0.0,0.0
2023-03-01 09:00:00+09:00,2020.0,2033.0,2007.0,2020.0,5700,0.0,0.0
2023-03-01 10:00:00+09:00,2018.0,2026.0,2011.0,2026.0,2500,0.0,0.0
2023-03-01 11:00:00+09:00,2029.0,2032.0,2029.0,2032.0,0,0.0,0.0
2023-03-01 12:00:00+09:00,2040.0,2040.0,2030.0,2040.0,11400,0.0,0.0
2023-03-01 13:00:00+09:00,2036.0,2046.0,2034.0,2042.0,4500,0.0,0.0
2023-03-01 14:00:00+09:00,2041.0,2049.0,2036.0,2049.0,3300,0.0,0.0
2023-03-02 09:00:00+09:00,2057.0,2058.0,2045.0,2045.0,13900,0.0,0.0
2023-03-02 10:00:00+09:00,2044.0,2044.0,2040.0,2040.0,800,0.0,0.0
2023-03-02 11:00:00+09:00,2040.0,2040.0,2040.0,2040.0,0,0.0,0.0
2023-03-02 12:00:00+09:00,2047.0,2047.0,2031.0,2032.0,16400,0.0,0.0
2023-03-02 13:00:00+09:00,2037.0,2038.0,2037.0,2038.0,300,0.0,0.0
2023-03-02 14:00:00+09:00,2036.0,2036.0,2030.0,2035.0,1600,0.0,0.0
2023-03-03 09:00:00+09:00,2030.0,2038.0,2030.0,2030.0,2500,0.0,0.0
2023-03-03 10:00:00+09:00,2034.0,2036.0,2034.0,2036.0,200,0.0,0.0
2023-03-03 11:00:00+09:00,2039.0,2040.0,2033.0,2034.0,0,0.0,0.0
2023-03-03 12:00:00+09:00,2032.0,2034.0,2030.0,2031.0,5100,0.0,0.0
2023-03-03 13:00:00+09:00,2031.0,2045.0,2031.0,2045.0,2800,0.0,0.0
2023-03-03 14:00:00+09:00,2039.0,2047.0,2039.0,2046.0,3600,0.0,0.0
2023-03-06 09:00:00+09:00,2050.0,2071.0,2050.0,2070.0,0,0.0,0.0
2023-03-06 10:00:00+09:00,2071.0,2074.0,2067.0,2067.0,13700,0.0,0.0
2023-03-06 11:00:00+09:00,2063.0,2067.0,2063.0,2067.0,0,0.0,0.0
2023-03-06 12:00:00+09:00,2067.0,2077.0,2067.0,2074.0,19900,0.0,0.0
2023-03-06 13:00:00+09:00,2071.0,2071.0,2070.0,2070.0,600,0.0,0.0
2023-03-06 14:00:00+09:00,2074.0,2080.0,2070.0,2076.0,5900,0.0,0.0
2023-03-07 09:00:00+09:00,2086.0,2088.0,2071.0,2071.0,4400,0.0,0.0
2023-03-07 10:00:00+09:00,2072.0,2073.0,2062.0,2062.0,2300,0.0,0.0
2023-03-07 11:00:00+09:00,2061.0,2063.0,2060.0,2063.0,0,0.0,0.0
2023-03-07 12:00:00+09:00,2063.0,2063.0,2056.0,2063.0,12400,0.0,0.0
2023-03-07 13:00:00+09:00,2060.0,2061.0,2050.0,2055.0,4500,0.0,0.0
2023-03-07 14:00:00+09:00,2058.0,2062.0,2058.0,2062.0,1500,0.0,0.0
2023-03-08 09:00:00+09:00,2046.0,2054.0,2037.0,2054.0,4700,0.0,0.0
2023-03-08 10:00:00+09:00,2050.0,2055.0,2048.0,2048.0,2700,0.0,0.0
2023-03-08 11:00:00+09:00,2048.0,2048.0,2048.0,2048.0,0,0.0,0.0
2023-03-08 12:00:00+09:00,2057.0,2057.0,2055.0,2055.0,8400,0.0,0.0
2023-03-08 13:00:00+09:00,2055.0,2057.0,2055.0,2055.0,500,0.0,0.0
2023-03-08 14:00:00+09:00,2055.0,2059.0,2051.0,2059.0,1600,0.0,0.0
2023-03-09 09:00:00+09:00,2062.0,2071.0,2050.0,2050.0,8600,0.0,0.0
2023-03-09 10:00:00+09:00,2056.0,2058.0,2051.0,2051.0,0,0.0,0.0
2023-03-09 11:00:00+09:00,2056.0,2060.0,2056.0,2060.0,0,0.0,0.0
2023-03-09 12:00:00+09:00,2060.0,2060.0,2052.0,2058.0,13700,0.0,0.0
2023-03-09 13:00:00+09:00,2059.0,2060.0,2055.0,2055.0,2500,0.0,0.0
2023-03-09 14:00:00+09:00,2054.0,2058.0,2054.0,2057.0,1100,0.0,0.0
2023-03-10 09:00:00+09:00,2030.0,2049.0,2020.0,2045.0,8600,0.0,0.0
2023-03-10 10:00:00+09:00,2049.0,2057.0,2036.0,2047.0,5500,0.0,0.0
2023-03-10 11:00:00+09:00,2050.0,2060.0,2050.0,2060.0,0,0.0,0.0
2023-03-10 12:00:00+09:00,2046.0,2065.0,2046.0,2059.0,23000,0.0,0.0
2023-03-10 13:00:00+09:00,2060.0,2062.0,2059.0,2060.0,1800,0.0,0.0
2023-03-10 14:00:00+09:00,2060.0,2065.0,2057.0,2060.0,2300,0.0,0.0
2023-03-13 09:00:00+09:00,2020.0,2030.0,2003.0,2003.0,0,0.0,0.0
2023-03-13 10:00:00+09:00,2003.0,2006.0,1981.0,1996.0,12300,0.0,0.0
2023-03-13 11:00:00+09:00,1998.0,2002.0,1998.0,2002.0,0,0.0,0.0
2023-03-13 12:00:00+09:00,2002.0,2015.0,2002.0,2011.0,21600,0.0,0.0
2023-03-13 13:00:00+09:00,2014.0,2017.0,2010.0,2015.0,3300,0.0,0.0
2023-03-13 14:00:00+09:00,2015.0,2030.0,2015.0,2030.0,4200,0.0,0.0
2023-03-14 09:00:00+09:00,1990.0,1991.0,1960.0,1960.0,13400,0.0,0.0
2023-03-14 10:00:00+09:00,1960.0,1964.0,1943.0,1948.0,13900,0.0,0.0
2023-03-14 11:00:00+09:00,1950.0,1959.0,1950.0,1955.0,0,0.0,0.0
2023-03-14 12:00:00+09:00,1953.0,1956.0,1948.0,1951.0,32400,0.0,0.0
2023-03-14 13:00:00+09:00,1949.0,1966.0,1949.0,1963.0,0,0.0,0.0
2023-03-14 14:00:00+09:00,1960.0,1960.0,1948.0,1951.0,45000,0.0,0.0
2023-03-15 09:00:00+09:00,1951.0,1964.0,1949.0,1949.0,7200,0.0,0.0
2023-03-15 10:00:00+09:00,1948.0,1957.0,1947.0,1957.0,2400,0.0,0.0
2023-03-15 11:00:00+09:00,1958.0,1958.0,1958.0,1958.0,0,0.0,0.0
2023-03-15 12:00:00+09:00,1958.0,1958.0,1950.0,1950.0,11300,0.0,0.0
2023-03-15 13:00:00+09:00,1951.0,1951.0,1943.0,1943.0,2500,0.0,0.0
2023-03-15 14:00:00+09:00,1942.0,1947.0,1930.0,1946.0,5100,0.0,0.0
2023-03-16 09:00:00+09:00,1910.0,1929.0,1901.0,1929.0,9100,0.0,0.0
2023-03-16 10:00:00+09:00,1933.0,1933.0,1922.0,1922.0,1100,0.0,0.0
2023-03-16 11:00:00+09:00,1924.0,1944.0,1922.0,1944.0,0,0.0,0.0
2023-03-16 12:00:00+09:00,1942.0,1949.0,1938.0,1938.0,17600,0.0,0.0
2023-03-16 13:00:00+09:00,1937.0,1937.0,1926.0,1931.0,0,0.0,0.0
2023-03-16 14:00:00+09:00,1929.0,1934.0,1926.0,1927.0,20300,0.0,0.0
2023-03-17 09:00:00+09:00,1943.0,1970.0,1940.0,1947.0,4500,0.0,0.0
2023-03-17 10:00:00+09:00,1947.0,1950.0,1941.0,1950.0,5200,0.0,0.0
2023-03-17 11:00:00+09:00,1941.0,1944.0,1940.0,1944.0,0,0.0,0.0
2023-03-17 12:00:00+09:00,1943.0,1945.0,1941.0,1945.0,11400,0.0,0.0
2023-03-17 13:00:00+09:00,1946.0,1953.0,1946.0,1953.0,0,0.0,0.0
2023-03-17 14:00:00+09:00,1959.0,1959.0,1952.0,1958.0,19500,0.0,0.0
2023-03-20 09:00:00+09:00,1960.0,1960.0,1940.0,1940.0,5900,0.0,0.0
2023-03-20 10:00:00+09:00,1938.0,1938.0,1926.0,1926.0,1600,0.0,0.0
2023-03-20 11:00:00+09:00,1932.0,1932.0,1932.0,1932.0,0,0.0,0.0
2023-03-20 12:00:00+09:00,1925.0,1925.0,1908.0,1908.0,14000,0.0,0.0
2023-03-20 13:00:00+09:00,1908.0,1912.0,1906.0,1906.0,1500,0.0,0.0
2023-03-20 14:00:00+09:00,1905.0,1917.0,1888.0,1894.0,14100,0.0,0.0
2023-03-22 09:00:00+09:00,1915.0,1936.0,1915.0,1921.0,0,0.0,0.0
2023-03-22 10:00:00+09:00,1923.0,1929.0,1917.0,1918.0,5000,0.0,0.0
2023-03-22 11:00:00+09:00,1921.0,1930.0,1907.0,1923.0,0,0.0,0.0
2023-03-22 12:00:00+09:00,1912.0,1923.0,1912.0,1922.0,13900,0.0,0.0
2023-03-22 13:00:00+09:00,1924.0,1937.0,1924.0,1937.0,500,0.0,0.0
2023-03-22 14:00:00+09:00,1934.0,1938.0,1931.0,1936.0,3000,0.0,0.0
2023-03-23 09:00:00+09:00,1931.0,1935.0,1911.0,1934.0,1400,0.0,0.0
2023-03-23 10:00:00+09:00,1934.0,1935.0,1930.0,1930.0,500,0.0,0.0
2023-03-23 11:00:00+09:00,1927.0,1937.0,1927.0,1936.0,0,0.0,0.0
2023-03-23 12:00:00+09:00,1935.0,1942.0,1935.0,1942.0,2600,0.0,0.0
2023-03-23 13:00:00+09:00,1937.0,1937.0,1937.0,1937.0,100,0.0,0.0
2023-03-23 14:00:00+09:00,1937.0,1947.0,1920.0,1942.0,2700,0.0,0.0
2023-03-24 09:00:00+09:00,1931.0,1940.0,1931.0,1940.0,1600,0.0,0.0
2023-03-24 10:00:00+09:00,1941.0,1944.0,1938.0,1941.0,1100,0.0,0.0
2023-03-24 11:00:00+09:00,1941.0,1941.0,1941.0,1941.0,0,0.0,0.0
2023-03-24 12:00:00+09:00,1941.0,1955.0,1941.0,1948.0,4700,0.0,0.0
2023-03-24 13:00:00+09:00,1947.0,1950.0,1947.0,1948.0,300,0.0,0.0
2023-03-24 14:00:00+09:00,1949.0,1949.0,1946.0,1946.0,1300,0.0,0.0
2023-03-27 09:00:00+09:00,1941.0,1941.0,1930.0,1938.0,0,0.0,0.0
2023-03-27 10:00:00+09:00,1937.0,1937.0,1915.0,1924.0,10400,0.0,0.0
2023-03-27 11:00:00+09:00,1925.0,1925.0,1922.0,1922.0,0,0.0,0.0
2023-03-27 12:00:00+09:00,1922.0,1933.0,1922.0,1933.0,11200,0.0,0.0
2023-03-27 13:00:00+09:00,1925.0,1932.0,1925.0,1931.0,300,0.0,0.0
2023-03-27 14:00:00+09:00,1934.0,1943.0,1934.0,1942.0,1900,0.0,0.0
2023-03-28 09:00:00+09:00,1945.0,1949.0,1938.0,1938.0,1700,0.0,0.0
2023-03-28 10:00:00+09:00,1937.0,1937.0,1925.0,1928.0,1300,0.0,0.0
2023-03-28 11:00:00+09:00,1922.0,1922.0,1920.0,1920.0,0,0.0,0.0
2023-03-28 12:00:00+09:00,1926.0,1938.0,1926.0,1930.0,5200,0.0,0.0
2023-03-28 13:00:00+09:00,1925.0,1928.0,1925.0,1928.0,600,0.0,0.0
2023-03-28 14:00:00+09:00,1927.0,1934.0,1922.0,1933.0,2800,0.0,0.0
2023-03-29 09:00:00+09:00,1930.0,1939.0,1927.0,1936.0,2000,0.0,0.0
2023-03-29 10:00:00+09:00,1931.0,1935.0,1930.0,1930.0,1300,0.0,0.0
2023-03-29 11:00:00+09:00,1930.0,1930.0,1930.0,1930.0,0,0.0,0.0
2023-03-29 12:00:00+09:00,1936.0,1937.0,1936.0,1936.0,4300,0.0,0.0
2023-03-29 13:00:00+09:00,1932.0,1933.0,1931.0,1933.0,900,0.0,0.0
2023-03-29 14:00:00+09:00,1936.0,1943.0,1935.0,1940.0,1900,0.0,0.0
2023-03-30 09:00:00+09:00,1937.0,1970.0,1930.0,1961.0,21100,0.0,0.0
2023-03-30 10:00:00+09:00,1961.0,1972.0,1960.0,1963.0,3800,0.0,0.0
2023-03-30 11:00:00+09:00,1963.0,1963.0,1958.0,1958.0,0,0.0,0.0
2023-03-30 12:00:00+09:00,1958.0,1963.0,1958.0,1961.0,26500,0.0,0.0
2023-03-30 13:00:00+09:00,1958.0,1962.0,1958.0,1961.0,900,0.0,0.0
2023-03-30 14:00:00+09:00,1963.0,1972.0,1950.0,1965.0,5400,0.0,0.0
2023-03-31 09:00:00+09:00,1979.0,1990.0,1979.0,1982.0,10500,0.0,0.0
2023-03-31 10:00:00+09:00,1982.0,1983.0,1974.0,1974.0,1800,0.0,0.0
2023-03-31 11:00:00+09:00,1980.0,1980.0,1969.0,1969.0,0,0.0,0.0
2023-03-31 12:00:00+09:00,1969.0,1979.0,1969.0,1976.0,14100,0.0,0.0
2023-03-31 13:00:00+09:00,1976.0,1978.0,1970.0,1978.0,800,0.0,0.0
2023-03-31 14:00:00+09:00,1973.0,1980.0,1969.0,1970.0,1800,0.0,0.0
2023-04-03 09:00:00+09:00,1971.0,1980.0,1968.0,1970.0,5700,0.0,0.0
2023-04-03 10:00:00+09:00,1972.0,1975.0,1960.0,1962.0,2900,0.0,0.0
2023-04-03 11:00:00+09:00,1961.0,1961.0,1959.0,1960.0,0,0.0,0.0
2023-04-03 12:00:00+09:00,1964.0,1965.0,1964.0,1965.0,10500,0.0,0.0
2023-04-03 13:00:00+09:00,1971.0,1973.0,1968.0,1968.0,2200,0.0,0.0
2023-04-03 14:00:00+09:00,1968.0,1972.0,1967.0,1967.0,1300,0.0,0.0
2023-04-04 09:00:00+09:00,1973.0,1986.0,1966.0,1982.0,4200,0.0,0.0
2023-04-04 10:00:00+09:00,1975.0,1979.0,1972.0,1972.0,800,0.0,0.0
2023-04-04 11:00:00+09:00,1971.0,1971.0,1971.0,1971.0,0,0.0,0.0
2023-04-04 12:00:00+09:00,1970.0,1975.0,1970.0,1972.0,5900,0.0,0.0
2023-04-04 13:00:00+09:00,1971.0,1977.0,1971.0,1976.0,600,0.0,0.0
2023-04-04 14:00:00+09:00,1971.0,1975.0,1970.0,1970.0,1700,0.0,0.0
2023-04-05 09:00:00+09:00,1975.0,1980.0,1961.0,1975.0,4500,0.0,0.0
2023-04-05 10:00:00+09:00,1970.0,1977.0,1968.0,1968.0,1000,0.0,0.0
2023-04-05 11:00:00+09:00,1970.0,1970.0,1969.0,1970.0,0,0.0,0.0
2023-04-05 12:00:00+09:00,1970.0,1970.0,1967.0,1967.0,7100,0.0,0.0
2023-04-05 13:00:00+09:00,1967.0,1971.0,1963.0,1970.0,1400,0.0,0.0
2023-04-05 14:00:00+09:00,1971.0,1977.0,1967.0,1973.0,4500,0.0,0.0
2023-04-06 09:00:00+09:00,1978.0,1978.0,1960.0,1966.0,3400,0.0,0.0
2023-04-06 10:00:00+09:00,1969.0,1969.0,1961.0,1961.0,700,0.0,0.0
2023-04-06 11:00:00+09:00,1961.0,1964.0,1961.0,1964.0,0,0.0,0.0
2023-04-06 12:00:00+09:00,1964.0,1964.0,1959.0,1962.0,7000,0.0,0.0
2023-04-06 13:00:00+09:00,1962.0,1962.0,1951.0,1953.0,2700,0.0,0.0
2023-04-06 14:00:00+09:00,1953.0,1953.0,1933.0,1943.0,11000,0.0,0.0
2023-04-07 09:00:00+09:00,1952.0,1958.0,1941.0,1948.0,2100,0.0,0.0
2023-04-07 10:00:00+09:00,1945.0,1951.0,1930.0,1942.0,2100,0.0,0.0
2023-04-07 11:00:00+09:00,1939.0,1939.0,1936.0,1936.0,0,0.0,0.0
2023-04-07 12:00:00+09:00,1930.0,1939.0,1930.0,1936.0,5600,0.0,0.0
2023-04-07 13:00:00+09:00,1932.0,1933.0,1928.0,1928.0,900,0.0,0.0
2023-04-07 14:00:00+09:00,1930.0,1936.0,1927.0,1931.0,1500,0.0,0.0
2023-04-10 09:00:00+09:00,1930.0,1940.0,1930.0,1937.0,0,0.0,0.0
2023-04-10 10:00:00+09:00,1938.0,1938.0,1931.0,1931.0,2300,0.0,0.0
2023-04-10 11:00:00+09:00,1937.0,1941.0,1937.0,1941.0,0,0.0,0.0
2023-04-10 12:00:00+09:00,1941.0,1949.0,1940.0,1945.0,6900,0.0,0.0
2023-04-10 13:00:00+09:00,1950.0,1951.0,1947.0,1947.0,800,0.0,0.0
2023-04-10 14:00:00+09:00,1945.0,1950.0,1945.0,1948.0,1200,0.0,0.0
2023-04-11 09:00:00+09:00,1950.0,1960.0,1950.0,1960.0,1700,0.0,0.0
2023-04-11 10:00:00+09:00,1957.0,1957.0,1956.0,1956.0,400,0.0,0.0
2023-04-11 11:00:00+09:00,1957.0,1957.0,1950.0,1953.0,0,0.0,0.0
2023-04-11 12:00:00+09:00,1950.0,1951.0,1950.0,1951.0,3800,0.0,0.0
2023-04-11 13:00:00+09:00,1954.0,1955.0,1951.0,1953.0,400,0.0,0.0
2023-04-11 14:00:00+09:00,1955.0,1958.0,1952.0,1958.0,600,0.0,0.0
2023-04-12 09:00:00+09:00,1966.0,1966.0,1954.0,1962.0,0,0.0,0.0
2023-04-12 10:00:00+09:00,1962.0,1964.0,1959.0,1960.0,3700,0.0,0.0
2023-04-12 11:00:00+09:00,1961.0,1961.0,1961.0,1961.0,0,0.0,0.0
2023-04-12 12:00:00+09:00,1963.0,1964.0,1961.0,1961.0,4600,0.0,0.0
2023-04-12 13:00:00+09:00,1963.0,1966.0,1963.0,1965.0,1800,0.0,0.0
2023-04-12 14:00:00+09:00,1964.0,1971.0,1964.0,1971.0,1700,0.0,0.0
2023-04-13 09:00:00+09:00,1953.0,1960.0,1951.0,1960.0,1800,0.0,0.0
2023-04-13 10:00:00+09:00,1966.0,1978.0,1965.0,1978.0,2400,0.0,0.0
2023-04-13 11:00:00+09:00,1975.0,1975.0,1970.0,1970.0,0,0.0,0.0
2023-04-13 12:00:00+09:00,1975.0,1975.0,1966.0,1969.0,8000,0.0,0.0
2023-04-13 13:00:00+09:00,1967.0,1967.0,1964.0,1965.0,400,0.0,0.0
2023-04-13 14:00:00+09:00,1963.0,1969.0,1961.0,1965.0,1100,0.0,0.0
2023-04-14 09:00:00+09:00,1979.0,1979.0,1959.0,1960.0,10000,0.0,0.0
2023-04-14 10:00:00+09:00,1959.0,1960.0,1953.0,1955.0,2500,0.0,0.0
2023-04-14 11:00:00+09:00,1954.0,1955.0,1943.0,1947.0,0,0.0,0.0
2023-04-14 12:00:00+09:00,1947.0,1947.0,1943.0,1947.0,27200,0.0,0.0
2023-04-14 13:00:00+09:00,1948.0,1955.0,1948.0,1954.0,4700,0.0,0.0
2023-04-14 14:00:00+09:00,1956.0,1958.0,1950.0,1952.0,3000,0.0,0.0
2023-04-17 09:00:00+09:00,1950.0,1964.0,1950.0,1950.0,2500,0.0,0.0
2023-04-17 10:00:00+09:00,1959.0,1959.0,1959.0,1959.0,100,0.0,0.0
2023-04-17 11:00:00+09:00,1959.0,1959.0,1959.0,1959.0,0,0.0,0.0
2023-04-17 12:00:00+09:00,1951.0,1951.0,1944.0,1950.0,3600,0.0,0.0
2023-04-17 13:00:00+09:00,1951.0,1951.0,1950.0,1950.0,600,0.0,0.0
2023-04-18 09:00:00+09:00,1942.0,1963.0,1942.0,1963.0,4400,0.0,0.0
2023-04-18 10:00:00+09:00,1964.0,1974.0,1961.0,1974.0,2600,0.0,0.0
2023-04-18 11:00:00+09:00,1973.0,1973.0,1970.0,1970.0,0,0.0,0.0
2023-04-18 12:00:00+09:00,1970.0,1978.0,1969.0,1969.0,9500,0.0,0.0
2023-04-18 13:00:00+09:00,1969.0,1975.0,1967.0,1975.0,600,0.0,0.0
2023-04-18 14:00:00+09:00,1975.0,1976.0,1967.0,1974.0,3100,0.0,0.0
2023-04-19 09:00:00+09:00,1954.0,1965.0,1954.0,1956.0,3400,0.0,0.0
2023-04-19 10:00:00+09:00,1959.0,1972.0,1959.0,1971.0,1800,0.0,0.0
2023-04-19 11:00:00+09:00,1969.0,1977.0,1969.0,1977.0,0,0.0,0.0
2023-04-19 12:00:00+09:00,1975.0,1978.0,1974.0,1977.0,7500,0.0,0.0
2023-04-19 14:00:00+09:00,1976.0,1983.0,1976.0,1982.0,2800,0.0,0.0
2023-04-20 09:00:00+09:00,1985.0,1985.0,1969.0,1983.0,2000,0.0,0.0
2023-04-20 10:00:00+09:00,1982.0,1982.0,1968.0,1979.0,2200,0.0,0.0
2023-04-20 11:00:00+09:00,1979.0,1985.0,1968.0,1981.0,0,0.0,0.0
2023-04-20 12:00:00+09:00,1981.0,1985.0,1977.0,1985.0,6700,0.0,0.0
2023-04-20 13:00:00+09:00,1984.0,1986.0,1981.0,1981.0,900,0.0,0.0
2023-04-20 14:00:00+09:00,1985.0,1985.0,1971.0,1972.0,2000,0.0,0.0
2023-04-21 09:00:00+09:00,1958.0,1990.0,1958.0,1990.0,5000,0.0,0.0
2023-04-21 10:00:00+09:00,1986.0,1986.0,1976.0,1983.0,1800,0.0,0.0
2023-04-21 11:00:00+09:00,1983.0,1983.0,1983.0,1983.0,0,0.0,0.0
2023-04-21 12:00:00+09:00,1981.0,1981.0,1978.0,1978.0,7400,0.0,0.0
2023-04-21 13:00:00+09:00,1980.0,1980.0,1972.0,1977.0,900,0.0,0.0
2023-04-21 14:00:00+09:00,1973.0,1982.0,1973.0,1975.0,2700,0.0,0.0
2023-04-24 09:00:00+09:00,1985.0,1985.0,1971.0,1971.0,1000,0.0,0.0
2023-04-24 10:00:00+09:00,1980.0,1980.0,1968.0,1968.0,2500,0.0,0.0
2023-04-24 11:00:00+09:00,1973.0,1973.0,1968.0,1968.0,0,0.0,0.0
2023-04-24 12:00:00+09:00,1973.0,1973.0,1967.0,1968.0,4800,0.0,0.0
2023-04-24 13:00:00+09:00,1970.0,1971.0,1968.0,1969.0,4900,0.0,0.0
2023-04-24 14:00:00+09:00,1969.0,1975.0,1966.0,1975.0,3700,0.0,0.0
2023-04-25 09:00:00+09:00,1971.0,1988.0,1971.0,1988.0,0,0.0,0.0
2023-04-25 10:00:00+09:00,1985.0,1992.0,1985.0,1992.0,5900,0.0,0.0
2023-04-25 11:00:00+09:00,1992.0,1992.0,1992.0,1992.0,0,0.0,0.0
2023-04-25 12:00:00+09:00,1988.0,1993.0,1987.0,1989.0,7700,0.0,0.0
2023-04-25 13:00:00+09:00,1989.0,1990.0,1986.0,1990.0,900,0.0,0.0
2023-04-25 14:00:00+09:00,1988.0,1993.0,1986.0,1990.0,3000,0.0,0.0
2023-04-26 09:00:00+09:00,1966.0,1987.0,1958.0,1970.0,4800,0.0,0.0
2023-04-26 10:00:00+09:00,1971.0,1977.0,1971.0,1974.0,1700,0.0,0.0
2023-04-26 11:00:00+09:00,1975.0,1975.0,1972.0,1974.0,0,0.0,0.0
2023-04-26 12:00:00+09:00,1962.0,1966.0,1962.0,1963.0,8500,0.0,0.0
2023-04-26 13:00:00+09:00,1962.0,1964.0,1960.0,1963.0,0,0.0,0.0
2023-04-26 14:00:00+09:00,1964.0,1973.0,1963.0,1973.0,11900,0.0,0.0
2023-04-27 09:00:00+09:00,1964.0,1975.0,1959.0,1970.0,3300,0.0,0.0
2023-04-27 10:00:00+09:00,1973.0,1980.0,1972.0,1980.0,2000,0.0,0.0
2023-04-27 11:00:00+09:00,1980.0,1985.0,1980.0,1985.0,0,0.0,0.0
2023-04-27 12:00:00+09:00,1985.0,1985.0,1977.0,1977.0,10800,0.0,0.0
2023-04-27 13:00:00+09:00,1976.0,1977.0,1968.0,1968.0,2500,0.0,0.0
2023-04-27 14:00:00+09:00,1968.0,1973.0,1962.0,1968.0,12200,0.0,0.0
2023-04-28 09:00:00+09:00,1970.0,2021.0,1959.0,2009.0,38400,0.0,0.0
2023-04-28 10:00:00+09:00,2008.0,2008.0,1993.0,1996.0,5000,0.0,0.0
2023-04-28 11:00:00+09:00,1996.0,1998.0,1987.0,1987.0,0,0.0,0.0
2023-04-28 12:00:00+09:00,1970.0,1989.0,1970.0,1974.0,49500,0.0,0.0
2023-04-28 13:00:00+09:00,1973.0,1986.0,1973.0,1981.0,2500,0.0,0.0
2023-04-28 14:00:00+09:00,1979.0,1983.0,1971.0,1972.0,2900,0.0,0.0
2023-05-01 09:00:00+09:00,1981.0,2010.0,1978.0,1981.0,15000,0.0,0.0
2023-05-01 10:00:00+09:00,1986.0,1986.0,1972.0,1972.0,3800,0.0,0.0
2023-05-01 11:00:00+09:00,1975.0,1980.0,1975.0,1980.0,0,0.0,0.0
2023-05-01 12:00:00+09:00,1973.0,1982.0,1973.0,1982.0,21700,0.0,0.0
2023-05-01 13:00:00+09:00,1984.0,1984.0,1977.0,1979.0,800,0.0,0.0
2023-05-01 14:00:00+09:00,1980.0,1991.0,1980.0,1990.0,7200,0.0,0.0
2023-05-02 09:00:00+09:00,1988.0,1988.0,1977.0,1983.0,3700,0.0,0.0
2023-05-02 10:00:00+09:00,1981.0,1983.0,1979.0,1979.0,800,0.0,0.0
2023-05-02 11:00:00+09:00,1978.0,1982.0,1978.0,1980.0,0,0.0,0.0
2023-05-02 12:00:00+09:00,1980.0,1985.0,1980.0,1985.0,7900,0.0,0.0
2023-05-02 13:00:00+09:00,1984.0,1990.0,1984.0,1985.0,1600,0.0,0.0
2023-05-02 14:00:00+09:00,1985.0,1995.0,1985.0,1992.0,9800,0.0,0.0
2023-05-08 09:00:00+09:00,2010.0,2040.0,2010.0,2039.0,23800,0.0,0.0
2023-05-08 10:00:00+09:00,2037.0,2065.0,1976.0,2063.0,18900,0.0,0.0
2023-05-08 11:00:00+09:00,2065.0,2068.0,2048.0,2048.0,0,0.0,0.0
2023-05-08 12:00:00+09:00,2051.0,2063.0,2046.0,2049.0,54300,0.0,0.0
2023-05-08 13:00:00+09:00,2049.0,2055.0,2031.0,2033.0,10200,0.0,0.0
2023-05-08 14:00:00+09:00,2033.0,2042.0,2029.0,2042.0,11300,0.0,0.0
2023-05-09 09:00:00+09:00,2022.0,2073.0,2022.0,2071.0,11400,0.0,0.0
2023-05-09 10:00:00+09:00,2070.0,2081.0,2068.0,2073.0,8600,0.0,0.0
2023-05-09 11:00:00+09:00,2077.0,2077.0,2071.0,2075.0,0,0.0,0.0
2023-05-09 12:00:00+09:00,2075.0,2075.0,2060.0,2060.0,27700,0.0,0.0
2023-05-09 13:00:00+09:00,2059.0,2068.0,2059.0,2067.0,4200,0.0,0.0
2023-05-09 14:00:00+09:00,2069.0,2069.0,2058.0,2069.0,7000,0.0,0.0
2023-05-10 09:00:00+09:00,2042.0,2088.0,2042.0,2065.0,13000,0.0,0.0
2023-05-10 10:00:00+09:00,2072.0,2086.0,2071.0,2072.0,8000,0.0,0.0
2023-05-10 11:00:00+09:00,2074.0,2074.0,2074.0,2074.0,0,0.0,0.0
2023-05-10 12:00:00+09:00,2075.0,2080.0,2074.0,2075.0,23300,0.0,0.0
2023-05-10 13:00:00+09:00,2077.0,2083.0,2074.0,2081.0,4200,0.0,0.0
2023-05-10 14:00:00+09:00,2080.0,2084.0,2073.0,2073.0,4500,0.0,0.0
2023-05-11 09:00:00+09:00,2072.0,2072.0,2029.0,2034.0,11800,0.0,0.0
2023-05-11 10:00:00+09:00,2032.0,2039.0,2031.0,2039.0,3400,0.0,0.0
2023-05-11 11:00:00+09:00,2042.0,2044.0,2041.0,2044.0,0,0.0,0.0
2023-05-11 12:00:00+09:00,2044.0,2048.0,2044.0,2048.0,16400,0.0,0.0
2023-05-11 13:00:00+09:00,2044.0,2044.0,2042.0,2042.0,1000,0.0,0.0
2023-05-11 14:00:00+09:00,2041.0,2044.0,2033.0,2036.0,3200,0.0,0.0
2023-05-12 09:00:00+09:00,2034.0,2040.0,2017.0,2020.0,13100,0.0,0.0
2023-05-12 10:00:00+09:00,2020.0,2026.0,2020.0,2026.0,500,0.0,0.0
2023-05-12 11:00:00+09:00,2026.0,2026.0,2022.0,2022.0,0,0.0,0.0
2023-05-12 12:00:00+09:00,2022.0,2031.0,2022.0,2027.0,16100,0.0,0.0
2023-05-12 13:00:00+09:00,2025.0,2037.0,2025.0,2026.0,3600,0.0,0.0
2023-05-12 14:00:00+09:00,2029.0,2030.0,2020.0,2028.0,3700,0.0,0.0
2023-05-15 09:00:00+09:00,2017.0,2022.0,2013.0,2015.0,0,0.0,0.0
2023-05-15 10:00:00+09:00,2015.0,2022.0,2015.0,2019.0,1600,0.0,0.0
2023-05-15 11:00:00+09:00,2021.0,2023.0,2021.0,2023.0,0,0.0,0.0
2023-05-15 12:00:00+09:00,2023.0,2025.0,2023.0,2025.0,9200,0.0,0.0
2023-05-15 13:00:00+09:00,2025.0,2026.0,2024.0,2026.0,1400,0.0,0.0
2023-05-15 14:00:00+09:00,2027.0,2027.0,2025.0,2025.0,4300,0.0,0.0
2023-05-16 09:00:00+09:00,2008.0,2020.0,2008.0,2010.0,0,0.0,0.0
2023-05-16 10:00:00+09:00,2010.0,2010.0,2005.0,2006.0,12700,0.0,0.0
2023-05-16 11:00:00+09:00,2008.0,2009.0,2006.0,2006.0,0,0.0,0.0
2023-05-16 12:00:00+09:00,2006.0,2010.0,2005.0,2005.0,15700,0.0,0.0
2023-05-16 13:00:00+09:00,2005.0,2009.0,2005.0,2008.0,900,0.0,0.0
2023-05-16 14:00:00+09:00,2010.0,2013.0,2009.0,2010.0,2700,0.0,0.0
2023-05-17 09:00:00+09:00,2009.0,2014.0,1986.0,1991.0,9400,0.0,0.0
2023-05-17 10:00:00+09:00,1991.0,1996.0,1990.0,1995.0,2100,0.0,0.0
2023-05-17 11:00:00+09:00,1996.0,1996.0,1996.0,1996.0,0,0.0,0.0
2023-05-17 12:00:00+09:00,1991.0,1991.0,1990.0,1990.0,13200,0.0,0.0
2023-05-17 13:00:00+09:00,1990.0,1996.0,1990.0,1995.0,1600,0.0,0.0
2023-05-17 14:00:00+09:00,1997.0,2001.0,1996.0,1998.0,4400,0.0,0.0
2023-05-18 09:00:00+09:00,2000.0,2019.0,2000.0,2009.0,11200,0.0,0.0
2023-05-18 10:00:00+09:00,2008.0,2024.0,2008.0,2019.0,6900,0.0,0.0
2023-05-18 11:00:00+09:00,2019.0,2024.0,2018.0,2024.0,0,0.0,0.0
2023-05-18 12:00:00+09:00,2024.0,2024.0,2017.0,2017.0,21900,0.0,0.0
2023-05-18 13:00:00+09:00,2017.0,2020.0,2015.0,2015.0,3300,0.0,0.0
2023-05-18 14:00:00+09:00,2021.0,2025.0,2015.0,2015.0,6700,0.0,0.0
2023-05-19 09:00:00+09:00,2013.0,2020.0,2012.0,2018.0,9000,0.0,0.0
2023-05-19 10:00:00+09:00,2018.0,2020.0,2014.0,2020.0,4700,0.0,0.0
2023-05-19 11:00:00+09:00,2021.0,2022.0,2021.0,2021.0,0,0.0,0.0
2023-05-19 12:00:00+09:00,2023.0,2024.0,2012.0,2013.0,20300,0.0,0.0
2023-05-19 13:00:00+09:00,2012.0,2012.0,2004.0,2004.0,4200,0.0,0.0
2023-05-19 14:00:00+09:00,2005.0,2006.0,1996.0,1998.0,6400,0.0,0.0
2023-05-22 09:00:00+09:00,1991.0,2007.0,1991.0,2007.0,0,0.0,0.0
2023-05-22 10:00:00+09:00,2007.0,2028.0,2007.0,2028.0,6600,0.0,0.0
2023-05-22 11:00:00+09:00,2028.0,2035.0,2028.0,2035.0,0,0.0,0.0
2023-05-22 12:00:00+09:00,2035.0,2041.0,2030.0,2041.0,18200,0.0,0.0
2023-05-22 13:00:00+09:00,2042.0,2050.0,2040.0,2050.0,8800,0.0,0.0
2023-05-22 14:00:00+09:00,2057.0,2061.0,2044.0,2044.0,11600,0.0,0.0
2023-05-23 09:00:00+09:00,2041.0,2071.0,2039.0,2070.0,10000,0.0,0.0
2023-05-23 10:00:00+09:00,2070.0,2073.0,2068.0,2071.0,2900,0.0,0.0
2023-05-23 11:00:00+09:00,2070.0,2071.0,2068.0,2068.0,0,0.0,0.0
2023-05-23 12:00:00+09:00,2068.0,2068.0,2032.0,2038.0,19100,0.0,0.0
2023-05-23 13:00:00+09:00,2037.0,2037.0,2021.0,2036.0,5000,0.0,0.0
2023-05-23 14:00:00+09:00,2036.0,2036.0,2031.0,2031.0,2200,0.0,0.0
2023-05-24 09:00:00+09:00,2029.0,2059.0,2024.0,2056.0,5600,0.0,0.0
2023-05-24 10:00:00+09:00,2055.0,2055.0,2046.0,2046.0,3000,0.0,0.0
2023-05-24 11:00:00+09:00,2046.0,2046.0,2046.0,2046.0,0,0.0,0.0
2023-05-24 12:00:00+09:00,2040.0,2044.0,2038.0,2042.0,12700,0.0,0.0
2023-05-24 13:00:00+09:00,2045.0,2049.0,2041.0,2046.0,2700,0.0,0.0
2023-05-24 14:00:00+09:00,2046.0,2049.0,2039.0,2044.0,4800,0.0,0.0
2023-05-25 09:00:00+09:00,2041.0,2041.0,2028.0,2041.0,3600,0.0,0.0
2023-05-25 10:00:00+09:00,2049.0,2050.0,2045.0,2045.0,2100,0.0,0.0
2023-05-25 11:00:00+09:00,2045.0,2045.0,2042.0,2043.0,0,0.0,0.0
2023-05-25 12:00:00+09:00,2043.0,2047.0,2043.0,2046.0,9600,0.0,0.0
2023-05-25 13:00:00+09:00,2046.0,2046.0,2043.0,2043.0,3800,0.0,0.0
2023-05-25 14:00:00+09:00,2044.0,2045.0,2028.0,2034.0,5600,0.0,0.0
2023-05-26 09:00:00+09:00,2042.0,2071.0,2042.0,2068.0,12400,0.0,0.0
2023-05-26 10:00:00+09:00,2068.0,2070.0,2055.0,2057.0,4200,0.0,0.0
2023-05-26 11:00:00+09:00,2060.0,2063.0,2059.0,2063.0,0,0.0,0.0
2023-05-26 12:00:00+09:00,2063.0,2063.0,2043.0,2050.0,25600,0.0,0.0
2023-05-26 13:00:00+09:00,2051.0,2051.0,2046.0,2047.0,2000,0.0,0.0
2023-05-26 14:00:00+09:00,2050.0,2050.0,2037.0,2041.0,4300,0.0,0.0
2023-05-29 09:00:00+09:00,2052.0,2061.0,2031.0,2036.0,0,0.0,0.0
2023-05-29 10:00:00+09:00,2033.0,2033.0,2010.0,2015.0,8500,0.0,0.0
2023-05-29 11:00:00+09:00,2016.0,2017.0,2015.0,2016.0,0,0.0,0.0
2023-05-29 12:00:00+09:00,2016.0,2016.0,1996.0,2005.0,24100,0.0,0.0
2023-05-29 13:00:00+09:00,2003.0,2008.0,2000.0,2001.0,2900,0.0,0.0
2023-05-29 14:00:00+09:00,2002.0,2005.0,2000.0,2000.0,4300,0.0,0.0
2023-05-30 09:00:00+09:00,2000.0,2010.0,1975.0,1980.0,11100,0.0,0.0
2023-05-30 10:00:00+09:00,1978.0,1980.0,1972.0,1974.0,2300,0.0,0.0
2023-05-30 11:00:00+09:00,1972.0,1972.0,1961.0,1961.0,0,0.0,0.0
2023-05-30 12:00:00+09:00,1961.0,1975.0,1960.0,1975.0,21400,0.0,0.0
2023-05-30 13:00:00+09:00,1975.0,1975.0,1959.0,1960.0,6400,0.0,0.0
2023-05-30 14:00:00+09:00,1960.0,1965.0,1957.0,1965.0,5400,0.0,0.0
2023-05-31 09:00:00+09:00,1946.0,1946.0,1923.0,1928.0,13300,0.0,0.0
2023-05-31 10:00:00+09:00,1926.0,1937.0,1926.0,1936.0,3700,0.0,0.0
2023-05-31 11:00:00+09:00,1935.0,1935.0,1930.0,1930.0,0,0.0,0.0
2023-05-31 12:00:00+09:00,1930.0,1930.0,1920.0,1925.0,27200,0.0,0.0
2023-05-31 13:00:00+09:00,1923.0,1923.0,1911.0,1923.0,7500,0.0,0.0
2023-05-31 14:00:00+09:00,1921.0,1924.0,1911.0,1919.0,6800,0.0,0.0
2023-06-01 09:00:00+09:00,1917.0,1933.0,1910.0,1923.0,4800,0.0,0.0
2023-06-01 10:00:00+09:00,1922.0,1923.0,1902.0,1904.0,5200,0.0,0.0
2023-06-01 11:00:00+09:00,1905.0,1905.0,1899.0,1899.0,0,0.0,0.0
2023-06-01 12:00:00+09:00,1900.0,1913.0,1899.0,1913.0,16200,0.0,0.0
2023-06-01 13:00:00+09:00,1911.0,1911.0,1901.0,1902.0,3000,0.0,0.0
2023-06-01 14:00:00+09:00,1901.0,1913.0,1900.0,1913.0,3400,0.0,0.0
2023-06-02 09:00:00+09:00,1915.0,1929.0,1911.0,1925.0,0,0.0,0.0
2023-06-02 10:00:00+09:00,1926.0,1938.0,1926.0,1937.0,3000,0.0,0.0
2023-06-02 11:00:00+09:00,1940.0,1949.0,1939.0,1945.0,0,0.0,0.0
2023-06-02 12:00:00+09:00,1937.0,1945.0,1937.0,1942.0,12600,0.0,0.0
2023-06-02 13:00:00+09:00,1941.0,1941.0,1916.0,1920.0,7100,0.0,0.0
2023-06-02 14:00:00+09:00,1920.0,1927.0,1915.0,1926.0,10600,0.0,0.0
2023-06-05 09:00:00+09:00,1945.0,1964.0,1932.0,1961.0,0,0.0,0.0
2023-06-05 10:00:00+09:00,1961.0,1968.0,1960.0,1962.0,5700,0.0,0.0
2023-06-05 11:00:00+09:00,1962.0,1962.0,1960.0,1960.0,0,0.0,0.0
2023-06-05 12:00:00+09:00,1959.0,1962.0,1953.0,1953.0,20900,0.0,0.0
2023-06-05 13:00:00+09:00,1954.0,1954.0,1943.0,1945.0,8100,0.0,0.0
2023-06-05 14:00:00+09:00,1948.0,1950.0,1942.0,1942.0,6600,0.0,0.0
2023-06-06 09:00:00+09:00,1930.0,1930.0,1908.0,1922.0,17600,0.0,0.0
2023-06-06 10:00:00+09:00,1921.0,1925.0,1913.0,1913.0,5900,0.0,0.0
2023-06-06 11:00:00+09:00,1912.0,1920.0,1910.0,1919.0,0,0.0,0.0
2023-06-06 12:00:00+09:00,1919.0,1926.0,1918.0,1926.0,37700,0.0,0.0
2023-06-06 13:00:00+09:00,1928.0,1928.0,1915.0,1918.0,6800,0.0,0.0
2023-06-06 14:00:00+09:00,1917.0,1920.0,1916.0,1919.0,4800,0.0,0.0
2023-06-07 09:00:00+09:00,1930.0,1965.0,1930.0,1950.0,32700,0.0,0.0
2023-06-07 10:00:00+09:00,1948.0,1948.0,1922.0,1940.0,10200,0.0,0.0
2023-06-07 11:00:00+09:00,1940.0,1952.0,1939.0,1944.0,0,0.0,0.0
2023-06-07 12:00:00+09:00,1940.0,1955.0,1938.0,1954.0,51000,0.0,0.0
2023-06-07 13:00:00+09:00,1953.0,1953.0,1941.0,1952.0,10500,0.0,0.0
2023-06-07 14:00:00+09:00,1950.0,1954.0,1941.0,1943.0,5000,0.0,0.0
2023-06-08 09:00:00+09:00,1950.0,1956.0,1927.0,1928.0,10800,0.0,0.0
2023-06-08 10:00:00+09:00,1927.0,1937.0,1917.0,1922.0,9100,0.0,0.0
2023-06-08 11:00:00+09:00,1922.0,1923.0,1919.0,1921.0,0,0.0,0.0
2023-06-08 12:00:00+09:00,1918.0,1921.0,1906.0,1917.0,30100,0.0,0.0
2023-06-08 13:00:00+09:00,1915.0,1915.0,1911.0,1911.0,3900,0.0,0.0
2023-06-08 14:00:00+09:00,1911.0,1925.0,1911.0,1918.0,9400,0.0,0.0
2023-06-09 09:00:00+09:00,1916.0,1927.0,1916.0,1923.0,6200,0.0,0.0
2023-06-09 10:00:00+09:00,1923.0,1923.0,1916.0,1916.0,2400,0.0,0.0
2023-06-09 11:00:00+09:00,1916.0,1922.0,1910.0,1914.0,0,0.0,0.0
2023-06-09 12:00:00+09:00,1912.0,1920.0,1906.0,1910.0,23300,0.0,0.0
2023-06-09 13:00:00+09:00,1908.0,1910.0,1905.0,1905.0,4500,0.0,0.0
2023-06-09 14:00:00+09:00,1906.0,1914.0,1905.0,1907.0,6600,0.0,0.0
2023-06-12 09:00:00+09:00,1925.0,1925.0,1910.0,1917.0,5800,0.0,0.0
2023-06-12 10:00:00+09:00,1920.0,1923.0,1915.0,1918.0,2500,0.0,0.0
2023-06-12 11:00:00+09:00,1918.0,1924.0,1915.0,1922.0,0,0.0,0.0
2023-06-12 12:00:00+09:00,1923.0,1932.0,1921.0,1928.0,19900,0.0,0.0
2023-06-12 13:00:00+09:00,1927.0,1930.0,1915.0,1917.0,7800,0.0,0.0
2023-06-12 14:00:00+09:00,1917.0,1923.0,1916.0,1922.0,8300,0.0,0.0
2023-06-13 09:00:00+09:00,1974.0,2007.0,1952.0,1985.0,32400,0.0,0.0
2023-06-13 10:00:00+09:00,1982.0,1995.0,1981.0,1981.0,5000,0.0,0.0
2023-06-13 11:00:00+09:00,1982.0,1992.0,1973.0,1990.0,0,0.0,0.0
2023-06-13 12:00:00+09:00,1990.0,1998.0,1976.0,1979.0,62000,0.0,0.0
2023-06-13 13:00:00+09:00,1981.0,1990.0,1970.0,1985.0,27000,0.0,0.0
2023-06-13 14:00:00+09:00,1984.0,1994.0,1977.0,1994.0,14400,0.0,0.0
2023-06-14 09:00:00+09:00,2030.0,2055.0,2020.0,2022.0,32900,0.0,0.0
2023-06-14 10:00:00+09:00,2024.0,2025.0,1990.0,1990.0,9000,0.0,0.0
2023-06-14 11:00:00+09:00,1990.0,1994.0,1988.0,1990.0,0,0.0,0.0
2023-06-14 12:00:00+09:00,1990.0,1990.0,1977.0,1984.0,50900,0.0,0.0
2023-06-14 13:00:00+09:00,1986.0,1987.0,1979.0,1983.0,5500,0.0,0.0
2023-06-14 14:00:00+09:00,1981.0,1985.0,1980.0,1981.0,8700,0.0,0.0
2023-06-15 09:00:00+09:00,1991.0,2024.0,1990.0,2014.0,45300,0.0,0.0
2023-06-15 10:00:00+09:00,2013.0,2023.0,2009.0,2023.0,7800,0.0,0.0
2023-06-15 11:00:00+09:00,2024.0,2024.0,2016.0,2016.0,0,0.0,0.0
2023-06-15 12:00:00+09:00,2025.0,2035.0,2025.0,2035.0,60500,0.0,0.0
2023-06-15 13:00:00+09:00,2035.0,2045.0,2031.0,2045.0,11500,0.0,0.0
2023-06-15 14:00:00+09:00,2045.0,2045.0,2030.0,2035.0,7000,0.0,0.0
2023-06-16 09:00:00+09:00,2049.0,2057.0,2018.0,2027.0,17100,0.0,0.0
2023-06-16 10:00:00+09:00,2025.0,2027.0,2012.0,2012.0,6500,0.0,0.0
2023-06-16 11:00:00+09:00,2020.0,2020.0,2014.0,2014.0,0,0.0,0.0
2023-06-16 12:00:00+09:00,2027.0,2040.0,2027.0,2036.0,29300,0.0,0.0
2023-06-16 13:00:00+09:00,2040.0,2040.0,2031.0,2035.0,1700,0.0,0.0
2023-06-16 14:00:00+09:00,2032.0,2041.0,2020.0,2039.0,7900,0.0,0.0
2023-06-19 09:00:00+09:00,2038.0,2043.0,2027.0,2043.0,10400,0.0,0.0
2023-06-19 10:00:00+09:00,2047.0,2052.0,2035.0,2052.0,4000,0.0,0.0
2023-06-19 11:00:00+09:00,2049.0,2053.0,2049.0,2053.0,0,0.0,0.0
2023-06-19 12:00:00+09:00,2055.0,2055.0,2034.0,2034.0,24700,0.0,0.0
2023-06-19 13:00:00+09:00,2042.0,2042.0,2034.0,2038.0,1200,0.0,0.0
2023-06-19 14:00:00+09:00,2038.0,2040.0,2033.0,2036.0,4500,0.0,0.0
2023-06-20 09:00:00+09:00,2027.0,2034.0,2010.0,2013.0,9400,0.0,0.0
2023-06-20 10:00:00+09:00,2015.0,2026.0,2011.0,2015.0,6300,0.0,0.0
2023-06-20 11:00:00+09:00,2015.0,2018.0,2015.0,2017.0,0,0.0,0.0
2023-06-20 12:00:00+09:00,2023.0,2028.0,2022.0,2028.0,17400,0.0,0.0
2023-06-20 13:00:00+09:00,2028.0,2029.0,2020.0,2027.0,2500,0.0,0.0
2023-06-20 14:00:00+09:00,2030.0,2031.0,2027.0,2031.0,2900,0.0,0.0
2023-06-21 09:00:00+09:00,2010.0,2030.0,2010.0,2018.0,5600,0.0,0.0
2023-06-21 10:00:00+09:00,2023.0,2023.0,2020.0,2020.0,1200,0.0,0.0
2023-06-21 11:00:00+09:00,2020.0,2021.0,2018.0,2021.0,0,0.0,0.0
2023-06-21 12:00:00+09:00,2022.0,2022.0,2011.0,2017.0,11700,0.0,0.0
2023-06-21 13:00:00+09:00,2016.0,2026.0,2016.0,2020.0,2400,0.0,0.0
2023-06-21 14:00:00+09:00,2021.0,2028.0,2020.0,2022.0,5600,0.0,0.0
2023-06-22 09:00:00+09:00,2012.0,2020.0,2012.0,2012.0,2800,0.0,0.0
2023-06-22 10:00:00+09:00,2013.0,2019.0,2010.0,2018.0,1500,0.0,0.0
2023-06-22 11:00:00+09:00,2015.0,2015.0,2010.0,2010.0,0,0.0,0.0
2023-06-22 12:00:00+09:00,2010.0,2015.0,2009.0,2012.0,9400,0.0,0.0
2023-06-22 13:00:00+09:00,2011.0,2011.0,2001.0,2003.0,2800,0.0,0.0
2023-06-22 14:00:00+09:00,2003.0,2005.0,1987.0,1991.0,12900,0.0,0.0
2023-06-23 09:00:00+09:00,2006.0,2006.0,1984.0,1984.0,3900,0.0,0.0
2023-06-23 10:00:00+09:00,1984.0,1984.0,1959.0,1969.0,10900,0.0,0.0
2023-06-23 11:00:00+09:00,1974.0,1976.0,1970.0,1976.0,0,0.0,0.0
2023-06-23 12:00:00+09:00,1977.0,1977.0,1967.0,1976.0,18200,0.0,0.0
2023-06-23 13:00:00+09:00,1977.0,1986.0,1969.0,1981.0,5700,0.0,0.0
2023-06-23 14:00:00+09:00,1980.0,1990.0,1980.0,1990.0,1800,0.0,0.0
2023-06-26 09:00:00+09:00,1992.0,1999.0,1972.0,1992.0,8400,0.0,0.0
2023-06-26 10:00:00+09:00,1997.0,2002.0,1997.0,2002.0,2500,0.0,0.0
2023-06-26 11:00:00+09:00,1998.0,1999.0,1997.0,1999.0,0,0.0,0.0
2023-06-26 12:00:00+09:00,1999.0,1999.0,1990.0,1990.0,14100,0.0,0.0
2023-06-26 13:00:00+09:00,1993.0,2000.0,1991.0,1994.0,1300,0.0,0.0
2023-06-26 14:00:00+09:00,1994.0,1994.0,1990.0,1992.0,1900,0.0,0.0
2023-06-27 09:00:00+09:00,1987.0,1987.0,1969.0,1976.0,5100,0.0,0.0
2023-06-27 10:00:00+09:00,1974.0,1981.0,1973.0,1976.0,1000,0.0,0.0
2023-06-27 11:00:00+09:00,1978.0,1979.0,1974.0,1974.0,0,0.0,0.0
2023-06-27 12:00:00+09:00,1978.0,1980.0,1973.0,1973.0,7700,0.0,0.0
2023-06-27 13:00:00+09:00,1979.0,1982.0,1979.0,1982.0,1500,0.0,0.0
2023-06-27 14:00:00+09:00,1981.0,1984.0,1980.0,1984.0,800,0.0,0.0
2023-06-28 09:00:00+09:00,1981.0,2001.0,1981.0,1991.0,9600,0.0,0.0
2023-06-28 10:00:00+09:00,1992.0,1997.0,1985.0,1997.0,3300,0.0,0.0
2023-06-28 11:00:00+09:00,1995.0,1995.0,1989.0,1989.0,0,0.0,0.0
2023-06-28 12:00:00+09:00,1990.0,2003.0,1990.0,2001.0,20500,0.0,0.0
2023-06-28 13:00:00+09:00,2000.0,2000.0,1998.0,1999.0,3500,0.0,0.0
2023-06-28 14:00:00+09:00,1998.0,2004.0,1998.0,2001.0,2900,0.0,0.0
2023-06-29 09:00:00+09:00,2006.0,2029.0,2004.0,2024.0,6700,0.0,0.0
2023-06-29 10:00:00+09:00,2021.0,2021.0,2002.0,2016.0,3500,0.0,0.0
2023-06-29 11:00:00+09:00,2019.0,2020.0,2012.0,2020.0,0,0.0,0.0
2023-06-29 12:00:00+09:00,2020.0,2030.0,2011.0,2023.0,14800,0.0,0.0
2023-06-29 13:00:00+09:00,2024.0,2028.0,2021.0,2024.0,2400,0.0,0.0
2023-06-29 14:00:00+09:00,2025.0,2027.0,2019.0,2019.0,3600,0.0,0.0
2023-06-30 09:00:00+09:00,2018.0,2020.0,2009.0,2009.0,6200,0.0,0.0
2023-06-30 10:00:00+09:00,2011.0,2013.0,2011.0,2012.0,1800,0.0,0.0
2023-06-30 11:00:00+09:00,2010.0,2016.0,2006.0,2009.0,0,0.0,0.0
2023-06-30 12:00:00+09:00,2005.0,2011.0,2005.0,2010.0,13700,0.0,0.0
2023-06-30 13:00:00+09:00,2011.0,2011.0,2006.0,2009.0,2800,0.0,0.0
2023-06-30 14:00:00+09:00,2008.0,2016.0,2007.0,2012.0,5500,0.0,0.0
2023-07-03 09:00:00+09:00,2007.0,2030.0,2007.0,2028.0,0,0.0,0.0
2023-07-03 10:00:00+09:00,2027.0,2027.0,2021.0,2026.0,4300,0.0,0.0
2023-07-03 11:00:00+09:00,2025.0,2025.0,2021.0,2021.0,0,0.0,0.0
2023-07-03 12:00:00+09:00,2021.0,2028.0,2021.0,2023.0,18600,0.0,0.0
2023-07-03 13:00:00+09:00,2021.0,2026.0,2016.0,2016.0,4900,0.0,0.0
2023-07-03 14:00:00+09:00,2019.0,2023.0,2006.0,2015.0,9600,0.0,0.0
2023-07-04 09:00:00+09:00,2010.0,2054.0,2010.0,2048.0,10200,0.0,0.0
2023-07-04 10:00:00+09:00,2047.0,2047.0,2040.0,2040.0,4700,0.0,0.0
2023-07-04 11:00:00+09:00,2035.0,2035.0,2033.0,2033.0,0,0.0,0.0
2023-07-04 12:00:00+09:00,2034.0,2040.0,2034.0,2038.0,15800,0.0,0.0
2023-07-04 13:00:00+09:00,2035.0,2040.0,2035.0,2040.0,3100,0.0,0.0
2023-07-04 14:00:00+09:00,2034.0,2040.0,2030.0,2036.0,3600,0.0,0.0
2023-07-05 09:00:00+09:00,2023.0,2027.0,2016.0,2023.0,3300,0.0,0.0
2023-07-05 10:00:00+09:00,2023.0,2027.0,2023.0,2027.0,1000,0.0,0.0
2023-07-05 11:00:00+09:00,2028.0,2029.0,2019.0,2025.0,0,0.0,0.0
2023-07-05 12:00:00+09:00,2030.0,2030.0,2024.0,2024.0,5300,0.0,0.0
2023-07-05 13:00:00+09:00,2021.0,2021.0,2021.0,2021.0,100,0.0,0.0
2023-07-05 14:00:00+09:00,2019.0,2021.0,2016.0,2020.0,2000,0.0,0.0
2023-07-06 09:00:00+09:00,2030.0,2040.0,2027.0,2034.0,4400,0.0,0.0
2023-07-06 10:00:00+09:00,2031.0,2032.0,2029.0,2031.0,800,0.0,0.0
2023-07-06 11:00:00+09:00,2032.0,2032.0,2030.0,2030.0,0,0.0,0.0
2023-07-06 12:00:00+09:00,2030.0,2030.0,2028.0,2029.0,8700,0.0,0.0
2023-07-06 13:00:00+09:00,2031.0,2036.0,2029.0,2034.0,2200,0.0,0.0
2023-07-06 14:00:00+09:00,2031.0,2031.0,2029.0,2030.0,900,0.0,0.0
2023-07-07 09:00:00+09:00,2031.0,2031.0,2001.0,2016.0,6600,0.0,0.0
2023-07-07 10:00:00+09:00,2013.0,2013.0,2005.0,2006.0,1000,0.0,0.0
2023-07-07 11:00:00+09:00,2007.0,2007.0,2002.0,2005.0,0,0.0,0.0
2023-07-07 12:00:00+09:00,2015.0,2015.0,2010.0,2012.0,0,0.0,0.0
2023-07-07 13:00:00+09:00,2015.0,2016.0,2014.0,2015.0,10800,0.0,0.0
2023-07-07 14:00:00+09:00,2017.0,2020.0,2008.0,2008.0,2100,0.0,0.0
2023-07-10 09:00:00+09:00,2056.0,2079.0,2038.0,2059.0,30800,0.0,0.0
2023-07-10 10:00:00+09:00,2063.0,2076.0,2063.0,2069.0,6900,0.0,0.0
2023-07-10 11:00:00+09:00,2069.0,2069.0,2060.0,2065.0,0,0.0,0.0
2023-07-10 12:00:00+09:00,2060.0,2065.0,2049.0,2052.0,56100,0.0,0.0
2023-07-10 13:00:00+09:00,2051.0,2069.0,2049.0,2064.0,4000,0.0,0.0
2023-07-10 14:00:00+09:00,2066.0,2068.0,2058.0,2058.0,7700,0.0,0.0
2023-07-11 09:00:00+09:00,2076.0,2168.0,2076.0,2155.0,59500,0.0,0.0
2023-07-11 10:00:00+09:00,2151.0,2200.0,2149.0,2199.0,27800,0.0,0.0
2023-07-11 11:00:00+09:00,2200.0,2212.0,2177.0,2177.0,0,0.0,0.0
2023-07-11 12:00:00+09:00,2177.0,2191.0,2162.0,2169.0,119600,0.0,0.0
2023-07-11 13:00:00+09:00,2168.0,2175.0,2152.0,2153.0,17800,0.0,0.0
2023-07-11 14:00:00+09:00,2155.0,2164.0,2143.0,2143.0,17200,0.0,0.0
2023-07-12 09:00:00+09:00,2148.0,2150.0,2101.0,2106.0,23000,0.0,0.0
2023-07-12 10:00:00+09:00,2104.0,2104.0,2073.0,2090.0,18900,0.0,0.0
2023-07-12 11:00:00+09:00,2083.0,2086.0,2079.0,2082.0,0,0.0,0.0
2023-07-12 12:00:00+09:00,2083.0,2090.0,2083.0,2089.0,51300,0.0,0.0
2023-07-12 13:00:00+09:00,2088.0,2088.0,2076.0,2077.0,11500,0.0,0.0
2023-07-12 14:00:00+09:00,2078.0,2083.0,2077.0,2079.0,6700,0.0,0.0
2023-07-13 09:00:00+09:00,2103.0,2103.0,2069.0,2090.0,0,0.0,0.0
2023-07-13 10:00:00+09:00,2091.0,2103.0,2090.0,2103.0,4600,0.0,0.0
2023-07-13 11:00:00+09:00,2103.0,2103.0,2092.0,2092.0,0,0.0,0.0
2023-07-13 12:00:00+09:00,2093.0,2110.0,2093.0,2102.0,20900,0.0,0.0
2023-07-13 13:00:00+09:00,2110.0,2111.0,2104.0,2110.0,2400,0.0,0.0
2023-07-13 14:00:00+09:00,2109.0,2110.0,2096.0,2103.0,6100,0.0,0.0
2023-07-14 09:00:00+09:00,2110.0,2129.0,2105.0,2117.0,6500,0.0,0.0
2023-07-14 10:00:00+09:00,2114.0,2135.0,2105.0,2135.0,7800,0.0,0.0
2023-07-14 11:00:00+09:00,2132.0,2132.0,2122.0,2122.0,0,0.0,0.0
2023-07-14 12:00:00+09:00,2120.0,2144.0,2120.0,2139.0,21600,0.0,0.0
2023-07-14 13:00:00+09:00,2137.0,2145.0,2133.0,2136.0,2800,0.0,0.0
2023-07-14 14:00:00+09:00,2142.0,2148.0,2137.0,2142.0,6600,0.0,0.0
2023-07-18 09:00:00+09:00,2180.0,2220.0,2173.0,2173.0,24300,0.0,0.0
2023-07-18 10:00:00+09:00,2175.0,2193.0,2158.0,2184.0,7500,0.0,0.0
2023-07-18 11:00:00+09:00,2181.0,2185.0,2178.0,2185.0,0,0.0,0.0
2023-07-18 12:00:00+09:00,2162.0,2173.0,2162.0,2173.0,39900,0.0,0.0
2023-07-18 13:00:00+09:00,2176.0,2176.0,2160.0,2171.0,5300,0.0,0.0
2023-07-18 14:00:00+09:00,2171.0,2181.0,2167.0,2174.0,8200,0.0,0.0
2023-07-19 09:00:00+09:00,2188.0,2210.0,2188.0,2205.0,9600,0.0,0.0
2023-07-19 10:00:00+09:00,2198.0,2209.0,2195.0,2195.0,5800,0.0,0.0
2023-07-19 11:00:00+09:00,2197.0,2203.0,2192.0,2197.0,0,0.0,0.0
2023-07-19 12:00:00+09:00,2207.0,2207.0,2189.0,2189.0,21700,0.0,0.0
2023-07-19 13:00:00+09:00,2188.0,2194.0,2186.0,2193.0,4600,0.0,0.0
2023-07-19 14:00:00+09:00,2191.0,2191.0,2186.0,2188.0,2300,0.0,0.0
2023-07-20 09:00:00+09:00,2184.0,2184.0,2152.0,2159.0,0,0.0,0.0
2023-07-20 10:00:00+09:00,2161.0,2163.0,2148.0,2148.0,19200,0.0,0.0
2023-07-20 11:00:00+09:00,2148.0,2148.0,2132.0,2132.0,0,0.0,0.0
2023-07-20 12:00:00+09:00,2130.0,2135.0,2127.0,2130.0,30800,0.0,0.0
2023-07-20 13:00:00+09:00,2135.0,2143.0,2133.0,2143.0,3600,0.0,0.0
2023-07-20 14:00:00+09:00,2146.0,2153.0,2143.0,2153.0,5100,0.0,0.0
2023-07-21 09:00:00+09:00,2150.0,2150.0,2118.0,2136.0,5400,0.0,0.0
2023-07-21 10:00:00+09:00,2136.0,2138.0,2128.0,2135.0,3900,0.0,0.0
2023-07-21 11:00:00+09:00,2128.0,2130.0,2128.0,2130.0,0,0.0,0.0
2023-07-21 12:00:00+09:00,2135.0,2138.0,2133.0,2138.0,14700,0.0,0.0
2023-07-21 13:00:00+09:00,2134.0,2140.0,2132.0,2136.0,1600,0.0,0.0
2023-07-21 14:00:00+09:00,2137.0,2138.0,2131.0,2133.0,2200,0.0,0.0
2023-07-24 09:00:00+09:00,2135.0,2141.0,2125.0,2137.0,4400,0.0,0.0
2023-07-24 10:00:00+09:00,2137.0,2142.0,2135.0,2135.0,2000,0.0,0.0
2023-07-24 11:00:00+09:00,2134.0,2134.0,2130.0,2134.0,0,0.0,0.0
2023-07-24 12:00:00+09:00,2133.0,2133.0,2130.0,2130.0,8900,0.0,0.0
2023-07-24 13:00:00+09:00,2130.0,2130.0,2124.0,2128.0,1500,0.0,0.0
2023-07-24 14:00:00+09:00,2129.0,2129.0,2122.0,2124.0,3500,0.0,0.0
2023-07-25 09:00:00+09:00,2130.0,2135.0,2124.0,2124.0,3100,0.0,0.0
2023-07-25 10:00:00+09:00,2126.0,2130.0,2122.0,2127.0,1700,0.0,0.0
2023-07-25 11:00:00+09:00,2126.0,2126.0,2123.0,2123.0,0,0.0,0.0
2023-07-25 12:00:00+09:00,2121.0,2123.0,2107.0,2112.0,11900,0.0,0.0
2023-07-25 13:00:00+09:00,2109.0,2120.0,2105.0,2118.0,5300,0.0,0.0
2023-07-25 14:00:00+09:00,2116.0,2124.0,2115.0,2124.0,2200,0.0,0.0
2023-07-26 09:00:00+09:00,2121.0,2135.0,2116.0,2130.0,7400,0.0,0.0
2023-07-26 10:00:00+09:00,2132.0,2139.0,2130.0,2132.0,1700,0.0,0.0
2023-07-26 11:00:00+09:00,2139.0,2139.0,2139.0,2139.0,0,0.0,0.0
2023-07-26 12:00:00+09:00,2125.0,2130.0,2125.0,2126.0,12200,0.0,0.0
2023-07-26 13:00:00+09:00,2126.0,2130.0,2126.0,2126.0,500,0.0,0.0
2023-07-26 14:00:00+09:00,2130.0,2130.0,2125.0,2127.0,600,0.0,0.0
2023-07-27 09:00:00+09:00,2143.0,2143.0,2130.0,2139.0,5300,0.0,0.0
2023-07-27 10:00:00+09:00,2139.0,2140.0,2125.0,2127.0,5300,0.0,0.0
2023-07-27 11:00:00+09:00,2125.0,2133.0,2124.0,2126.0,0,0.0,0.0
2023-07-27 12:00:00+09:00,2130.0,2138.0,2130.0,2134.0,13100,0.0,0.0
2023-07-27 13:00:00+09:00,2136.0,2136.0,2129.0,2129.0,1500,0.0,0.0
2023-07-27 14:00:00+09:00,2131.0,2145.0,2128.0,2145.0,7100,0.0,0.0
2023-07-28 09:00:00+09:00,2129.0,2137.0,2120.0,2128.0,5500,0.0,0.0
2023-07-28 10:00:00+09:00,2127.0,2129.0,2122.0,2129.0,1700,0.0,0.0
2023-07-28 11:00:00+09:00,2128.0,2157.0,2125.0,2157.0,0,0.0,0.0
2023-07-28 12:00:00+09:00,2157.0,2158.0,2127.0,2130.0,19200,0.0,0.0
2023-07-28 13:00:00+09:00,2132.0,2133.0,2120.0,2129.0,2900,0.0,0.0
2023-07-28 14:00:00+09:00,2133.0,2147.0,2129.0,2139.0,3400,0.0,0.0
2023-07-31 09:00:00+09:00,2150.0,2159.0,2123.0,2138.0,7300,0.0,0.0
2023-07-31 10:00:00+09:00,2140.0,2149.0,2133.0,2136.0,4600,0.0,0.0
2023-07-31 11:00:00+09:00,2133.0,2142.0,2128.0,2141.0,0,0.0,0.0
2023-07-31 12:00:00+09:00,2134.0,2134.0,2128.0,2132.0,18200,0.0,0.0
2023-07-31 13:00:00+09:00,2131.0,2141.0,2126.0,2127.0,6800,0.0,0.0
2023-07-31 14:00:00+09:00,2127.0,2133.0,2123.0,2133.0,8200,0.0,0.0
2023-08-01 09:00:00+09:00,2030.0,2107.0,2026.0,2095.0,40100,0.0,0.0
2023-08-01 10:00:00+09:00,2095.0,2123.0,2094.0,2113.0,14200,0.0,0.0
2023-08-01 11:00:00+09:00,2111.0,2123.0,2107.0,2123.0,0,0.0,0.0
2023-08-01 12:00:00+09:00,2120.0,2124.0,2115.0,2116.0,62200,0.0,0.0
2023-08-01 13:00:00+09:00,2118.0,2128.0,2107.0,2120.0,7900,0.0,0.0
2023-08-01 14:00:00+09:00,2120.0,2127.0,2110.0,2127.0,11500,0.0,0.0
2023-08-02 09:00:00+09:00,2163.0,2228.0,2150.0,2202.0,67100,0.0,0.0
2023-08-02 10:00:00+09:00,2208.0,2218.0,2180.0,2180.0,14300,0.0,0.0
2023-08-02 11:00:00+09:00,2180.0,2188.0,2178.0,2182.0,0,0.0,0.0
2023-08-02 12:00:00+09:00,2178.0,2178.0,2162.0,2168.0,89500,0.0,0.0
2023-08-02 13:00:00+09:00,2167.0,2168.0,2157.0,2159.0,8900,0.0,0.0
2023-08-02 14:00:00+09:00,2162.0,2164.0,2152.0,2152.0,8400,0.0,0.0
2023-08-03 09:00:00+09:00,2150.0,2190.0,2145.0,2180.0,12100,0.0,0.0
2023-08-03 10:00:00+09:00,2178.0,2178.0,2161.0,2163.0,4100,0.0,0.0
2023-08-03 11:00:00+09:00,2166.0,2166.0,2156.0,2158.0,0,0.0,0.0
2023-08-03 12:00:00+09:00,2158.0,2164.0,2155.0,2157.0,23800,0.0,0.0
2023-08-03 13:00:00+09:00,2158.0,2158.0,2147.0,2147.0,3600,0.0,0.0
2023-08-03 14:00:00+09:00,2149.0,2150.0,2133.0,2137.0,7500,0.0,0.0
2023-08-04 09:00:00+09:00,2155.0,2183.0,2154.0,2175.0,9200,0.0,0.0
2023-08-04 10:00:00+09:00,2175.0,2179.0,2168.0,2174.0,4400,0.0,0.0
2023-08-04 11:00:00+09:00,2171.0,2174.0,2167.0,2174.0,0,0.0,0.0
2023-08-04 12:00:00+09:00,2177.0,2178.0,2162.0,2170.0,18700,0.0,0.0
2023-08-04 13:00:00+09:00,2170.0,2176.0,2170.0,2170.0,1900,0.0,0.0
2023-08-04 14:00:00+09:00,2171.0,2171.0,2162.0,2162.0,8200,0.0,0.0
2023-08-07 09:00:00+09:00,2140.0,2149.0,2113.0,2141.0,12600,0.0,0.0
2023-08-07 10:00:00+09:00,2141.0,2156.0,2134.0,2151.0,4500,0.0,0.0
2023-08-07 11:00:00+09:00,2150.0,2157.0,2150.0,2157.0,0,0.0,0.0
2023-08-07 12:00:00+09:00,2160.0,2169.0,2156.0,2169.0,23100,0.0,0.0
2023-08-07 13:00:00+09:00,2164.0,2164.0,2158.0,2162.0,3500,0.0,0.0
2023-08-07 14:00:00+09:00,2162.0,2167.0,2159.0,2162.0,5300,0.0,0.0
2023-08-08 09:00:00+09:00,2180.0,2183.0,2163.0,2163.0,21100,0.0,0.0
2023-08-08 10:00:00+09:00,2163.0,2168.0,2155.0,2161.0,5700,0.0,0.0
2023-08-08 11:00:00+09:00,2162.0,2165.0,2161.0,2165.0,0,0.0,0.0
2023-08-08 12:00:00+09:00,2170.0,2171.0,2158.0,2158.0,34900,0.0,0.0
2023-08-08 13:00:00+09:00,2155.0,2155.0,2145.0,2145.0,4300,0.0,0.0
2023-08-08 14:00:00+09:00,2145.0,2160.0,2140.0,2140.0,0,0.0,0.0
2023-08-09 09:00:00+09:00,2139.0,2143.0,2114.0,2120.0,10500,0.0,0.0
2023-08-09 10:00:00+09:00,2127.0,2140.0,2127.0,2133.0,1600,0.0,0.0
2023-08-09 11:00:00+09:00,2135.0,2147.0,2133.0,2147.0,0,0.0,0.0
2023-08-09 12:00:00+09:00,2151.0,2151.0,2145.0,2151.0,18100,0.0,0.0
2023-08-09 13:00:00+09:00,2151.0,2155.0,2145.0,2150.0,3200,0.0,0.0
2023-08-09 14:00:00+09:00,2150.0,2151.0,2147.0,2148.0,3800,0.0,0.0
2023-08-10 09:00:00+09:00,2139.0,2147.0,2116.0,2147.0,11700,0.0,0.0
2023-08-10 10:00:00+09:00,2148.0,2154.0,2139.0,2141.0,5400,0.0,0.0
2023-08-10 11:00:00+09:00,2140.0,2140.0,2137.0,2137.0,0,0.0,0.0
2023-08-10 12:00:00+09:00,2136.0,2146.0,2134.0,2137.0,25500,0.0,0.0
2023-08-10 13:00:00+09:00,2138.0,2140.0,2128.0,2138.0,3200,0.0,0.0
2023-08-10 14:00:00+09:00,2138.0,2140.0,2137.0,2138.0,3200,0.0,0.0
2023-08-14 09:00:00+09:00,2139.0,2142.0,2128.0,2137.0,21400,0.0,0.0
2023-08-14 10:00:00+09:00,2130.0,2148.0,2118.0,2148.0,7700,0.0,0.0
2023-08-14 11:00:00+09:00,2149.0,2149.0,2144.0,2146.0,0,0.0,0.0
2023-08-14 12:00:00+09:00,2146.0,2159.0,2142.0,2147.0,35300,0.0,0.0
2023-08-14 13:00:00+09:00,2149.0,2157.0,2139.0,2151.0,4200,0.0,0.0
2023-08-14 14:00:00+09:00,2149.0,2152.0,2138.0,2138.0,6200,0.0,0.0
2023-08-15 09:00:00+09:00,2173.0,2224.0,2173.0,2215.0,0,0.0,0.0
2023-08-15 10:00:00+09:00,2215.0,2237.0,2212.0,2233.0,82000,0.0,0.0
2023-08-15 11:00:00+09:00,2227.0,2232.0,2224.0,2227.0,0,0.0,0.0
2023-08-15 12:00:00+09:00,2222.0,2225.0,2220.0,2222.0,91000,0.0,0.0
2023-08-15 13:00:00+09:00,2222.0,2227.0,2213.0,2223.0,10200,0.0,0.0
2023-08-15 14:00:00+09:00,2221.0,2228.0,2217.0,2224.0,12700,0.0,0.0
2023-08-16 09:00:00+09:00,2219.0,2240.0,2209.0,2224.0,20900,0.0,0.0
2023-08-16 10:00:00+09:00,2228.0,2232.0,2224.0,2230.0,5000,0.0,0.0
2023-08-16 11:00:00+09:00,2228.0,2228.0,2212.0,2220.0,0,0.0,0.0
2023-08-16 12:00:00+09:00,2220.0,2228.0,2204.0,2211.0,44800,0.0,0.0
2023-08-16 13:00:00+09:00,2209.0,2209.0,2204.0,2209.0,6300,0.0,0.0
2023-08-16 14:00:00+09:00,2208.0,2212.0,2199.0,2203.0,11300,0.0,0.0
2023-08-17 09:00:00+09:00,2210.0,2210.0,2146.0,2150.0,10400,0.0,0.0
2023-08-17 10:00:00+09:00,2147.0,2147.0,2110.0,2126.0,11000,0.0,0.0
2023-08-17 11:00:00+09:00,2125.0,2130.0,2121.0,2121.0,0,0.0,0.0
2023-08-17 12:00:00+09:00,2130.0,2145.0,2130.0,2142.0,28900,0.0,0.0
2023-08-17 13:00:00+09:00,2140.0,2146.0,2140.0,2144.0,2400,0.0,0.0
2023-08-17 14:00:00+09:00,2145.0,2145.0,2135.0,2137.0,6100,0.0,0.0
2023-08-18 09:00:00+09:00,2140.0,2140.0,2088.0,2090.0,13900,0.0,0.0
2023-08-18 10:00:00+09:00,2092.0,2096.0,2071.0,2096.0,12600,0.0,0.0
2023-08-18 11:00:00+09:00,2098.0,2104.0,2087.0,2094.0,0,0.0,0.0
2023-08-18 12:00:00+09:00,2090.0,2090.0,2078.0,2081.0,35700,0.0,0.0
2023-08-18 13:00:00+09:00,2081.0,2082.0,2073.0,2074.0,3600,0.0,0.0
2023-08-18 14:00:00+09:00,2073.0,2075.0,2068.0,2069.0,6900,0.0,0.0
2023-08-21 09:00:00+09:00,2060.0,2069.0,2045.0,2052.0,0,0.0,0.0
2023-08-21 10:00:00+09:00,2052.0,2052.0,2031.0,2040.0,0,0.0,0.0
2023-08-21 11:00:00+09:00,2039.0,2045.0,2038.0,2044.0,0,0.0,0.0
2023-08-21 12:00:00+09:00,2043.0,2043.0,2031.0,2031.0,19400,0.0,0.0
2023-08-21 13:00:00+09:00,2034.0,2035.0,2027.0,2029.0,6000,0.0,0.0
2023-08-21 14:00:00+09:00,2030.0,2032.0,2024.0,2026.0,9300,0.0,0.0
2023-08-22 09:00:00+09:00,2054.0,2060.0,2039.0,2053.0,7600,0.0,0.0
2023-08-22 10:00:00+09:00,2053.0,2057.0,2043.0,2050.0,6000,0.0,0.0
2023-08-22 11:00:00+09:00,2050.0,2054.0,2050.0,2054.0,0,0.0,0.0
2023-08-22 12:00:00+09:00,2054.0,2061.0,2054.0,2060.0,16100,0.0,0.0
2023-08-22 13:00:00+09:00,2057.0,2068.0,2048.0,2054.0,3400,0.0,0.0
2023-08-22 14:00:00+09:00,2052.0,2059.0,2050.0,2052.0,4800,0.0,0.0
2023-08-23 09:00:00+09:00,2040.0,2040.0,2031.0,2034.0,4100,0.0,0.0
2023-08-23 10:00:00+09:00,2034.0,2038.0,2034.0,2038.0,500,0.0,0.0
2023-08-23 11:00:00+09:00,2040.0,2047.0,2040.0,2047.0,0,0.0,0.0
2023-08-23 12:00:00+09:00,2047.0,2051.0,2041.0,2044.0,6600,0.0,0.0
2023-08-23 13:00:00+09:00,2045.0,2046.0,2031.0,2038.0,6500,0.0,0.0
2023-08-23 14:00:00+09:00,2042.0,2050.0,2042.0,2050.0,2900,0.0,0.0
2023-08-24 09:00:00+09:00,2075.0,2075.0,2052.0,2052.0,0,0.0,0.0
2023-08-24 10:00:00+09:00,2054.0,2056.0,2050.0,2050.0,6700,0.0,0.0
2023-08-24 11:00:00+09:00,2051.0,2058.0,2051.0,2058.0,0,0.0,0.0
2023-08-24 12:00:00+09:00,2058.0,2058.0,2049.0,2050.0,9400,0.0,0.0
2023-08-24 13:00:00+09:00,2050.0,2050.0,2045.0,2050.0,1000,0.0,0.0
2023-08-24 14:00:00+09:00,2054.0,2054.0,2042.0,2042.0,6700,0.0,0.0
2023-08-25 09:00:00+09:00,2028.0,2047.0,2022.0,2043.0,6900,0.0,0.0
2023-08-25 10:00:00+09:00,2044.0,2055.0,2044.0,2055.0,1600,0.0,0.0
2023-08-25 11:00:00+09:00,2055.0,2055.0,2055.0,2055.0,0,0.0,0.0
2023-08-25 12:00:00+09:00,2057.0,2057.0,2057.0,2057.0,0,0.0,0.0
2023-08-25 13:00:00+09:00,2060.0,2060.0,2045.0,2045.0,13300,0.0,0.0
2023-08-25 14:00:00+09:00,2052.0,2053.0,2050.0,2052.0,1700,0.0,0.0
2023-08-28 09:00:00+09:00,2070.0,2077.0,2054.0,2076.0,3400,0.0,0.0
2023-08-28 10:00:00+09:00,2078.0,2080.0,2077.0,2077.0,0,0.0,0.0
2023-08-28 11:00:00+09:00,2074.0,2074.0,2072.0,2072.0,0,0.0,0.0
2023-08-28 12:00:00+09:00,2069.0,2070.0,2069.0,2070.0,7600,0.0,0.0
2023-08-28 13:00:00+09:00,2070.0,2071.0,2066.0,2071.0,800,0.0,0.0
2023-08-28 14:00:00+09:00,2069.0,2075.0,2069.0,2075.0,900,0.0,0.0
2023-08-29 09:00:00+09:00,2088.0,2088.0,2073.0,2085.0,2400,0.0,0.0
2023-08-29 10:00:00+09:00,2087.0,2096.0,2087.0,2093.0,2400,0.0,0.0
2023-08-29 11:00:00+09:00,2089.0,2089.0,2088.0,2088.0,0,0.0,0.0
2023-08-29 12:00:00+09:00,2093.0,2098.0,2093.0,2095.0,0,0.0,0.0
2023-08-29 13:00:00+09:00,2099.0,2100.0,2093.0,2093.0,8300,0.0,0.0
2023-08-29 14:00:00+09:00,2092.0,2097.0,2092.0,2095.0,2100,0.0,0.0
2023-08-30 09:00:00+09:00,2091.0,2098.0,2090.0,2096.0,2300,0.0,0.0
2023-08-30 10:00:00+09:00,2096.0,2106.0,2096.0,2106.0,1900,0.0,0.0
2023-08-30 11:00:00+09:00,2101.0,2103.0,2100.0,2103.0,0,0.0,0.0
2023-08-30 12:00:00+09:00,2103.0,2106.0,2103.0,2106.0,5600,0.0,0.0
2023-08-30 13:00:00+09:00,2103.0,2103.0,2103.0,2103.0,100,0.0,0.0
2023-08-30 14:00:00+09:00,2103.0,2104.0,2094.0,2095.0,3500,0.0,0.0
2023-08-31 09:00:00+09:00,2100.0,2117.0,2100.0,2110.0,16800,0.0,0.0
2023-08-31 10:00:00+09:00,2110.0,2110.0,2108.0,2110.0,2300,0.0,0.0
2023-08-31 11:00:00+09:00,2110.0,2110.0,2110.0,2110.0,0,0.0,0.0
2023-08-31 12:00:00+09:00,2110.0,2121.0,2110.0,2121.0,23300,0.0,0.0
2023-08-31 13:00:00+09:00,2121.0,2127.0,2121.0,2123.0,1300,0.0,0.0
2023-08-31 14:00:00+09:00,2123.0,2123.0,2114.0,2115.0,4900,0.0,0.0
2023-09-01 09:00:00+09:00,2108.0,2111.0,2100.0,2100.0,3800,0.0,0.0
2023-09-01 10:00:00+09:00,2100.0,2106.0,2100.0,2100.0,1400,0.0,0.0
2023-09-01 11:00:00+09:00,2100.0,2103.0,2099.0,2103.0,0,0.0,0.0
2023-09-01 12:00:00+09:00,2100.0,2100.0,2090.0,2095.0,9000,0.0,0.0
2023-09-01 13:00:00+09:00,2094.0,2099.0,2093.0,2099.0,3100,0.0,0.0
2023-09-01 14:00:00+09:00,2100.0,2100.0,2094.0,2094.0,2200,0.0,0.0
2023-09-04 09:00:00+09:00,2094.0,2100.0,2090.0,2090.0,8600,0.0,0.0
2023-09-04 10:00:00+09:00,2091.0,2095.0,2090.0,2090.0,2200,0.0,0.0
2023-09-04 11:00:00+09:00,2092.0,2092.0,2092.0,2092.0,0,0.0,0.0
2023-09-04 12:00:00+09:00,2092.0,2096.0,2092.0,2095.0,12400,0.0,0.0
2023-09-04 13:00:00+09:00,2098.0,2101.0,2096.0,2096.0,4800,0.0,0.0
2023-09-04 14:00:00+09:00,2098.0,2107.0,2098.0,2105.0,2900,0.0,0.0
2023-09-05 09:00:00+09:00,2103.0,2106.0,2100.0,2104.0,5500,0.0,0.0
2023-09-05 10:00:00+09:00,2100.0,2101.0,2090.0,2097.0,3400,0.0,0.0
2023-09-05 11:00:00+09:00,2099.0,2100.0,2099.0,2100.0,0,0.0,0.0
2023-09-05 12:00:00+09:00,2092.0,2093.0,2089.0,2089.0,12100,0.0,0.0
2023-09-05 13:00:00+09:00,2091.0,2097.0,2091.0,2097.0,1000,0.0,0.0
2023-09-05 14:00:00+09:00,2096.0,2110.0,2094.0,2108.0,5600,0.0,0.0
2023-09-06 09:00:00+09:00,2103.0,2119.0,2103.0,2119.0,5900,0.0,0.0
2023-09-06 10:00:00+09:00,2118.0,2124.0,2112.0,2112.0,3600,0.0,0.0
2023-09-06 11:00:00+09:00,2112.0,2117.0,2112.0,2117.0,0,0.0,0.0
2023-09-06 12:00:00+09:00,2116.0,2117.0,2100.0,2117.0,13800,0.0,0.0
2023-09-06 13:00:00+09:00,2114.0,2114.0,2113.0,2113.0,400,0.0,0.0
2023-09-06 14:00:00+09:00,2117.0,2118.0,2113.0,2117.0,1500,0.0,0.0
2023-09-07 09:00:00+09:00,2107.0,2116.0,2098.0,2109.0,5200,0.0,0.0
2023-09-07 10:00:00+09:00,2111.0,2111.0,2102.0,2106.0,4900,0.0,0.0
2023-09-07 11:00:00+09:00,2110.0,2112.0,2108.0,2108.0,0,0.0,0.0
2023-09-07 12:00:00+09:00,2108.0,2108.0,2106.0,2106.0,12800,0.0,0.0
2023-09-07 13:00:00+09:00,2104.0,2104.0,2100.0,2100.0,1800,0.0,0.0
2023-09-07 14:00:00+09:00,2100.0,2110.0,2100.0,2104.0,2400,0.0,0.0
2023-09-08 09:00:00+09:00,2085.0,2091.0,2065.0,2073.0,11400,0.0,0.0
2023-09-08 10:00:00+09:00,2074.0,2075.0,2062.0,2069.0,3100,0.0,0.0
2023-09-08 11:00:00+09:00,2066.0,2066.0,2057.0,2063.0,0,0.0,0.0
2023-09-08 12:00:00+09:00,2058.0,2058.0,2049.0,2054.0,23100,0.0,0.0
2023-09-08 13:00:00+09:00,2050.0,2056.0,2039.0,2040.0,14900,0.0,0.0
2023-09-08 14:00:00+09:00,2041.0,2051.0,2039.0,2045.0,6500,0.0,0.0
2023-09-11 09:00:00+09:00,2035.0,2048.0,1999.0,2010.0,20000,0.0,0.0
2023-09-11 10:00:00+09:00,2010.0,2011.0,2001.0,2010.0,5900,0.0,0.0
2023-09-11 11:00:00+09:00,2004.0,2009.0,2000.0,2002.0,0,0.0,0.0
2023-09-11 12:00:00+09:00,2003.0,2005.0,1991.0,1999.0,42100,0.0,0.0
2023-09-11 13:00:00+09:00,1998.0,2009.0,1998.0,2006.0,3800,0.0,0.0
2023-09-11 14:00:00+09:00,2007.0,2010.0,2005.0,2006.0,3200,0.0,0.0
2023-09-12 09:00:00+09:00,2005.0,2025.0,2002.0,2009.0,6600,0.0,0.0
2023-09-12 10:00:00+09:00,2007.0,2007.0,2000.0,2003.0,2600,0.0,0.0
2023-09-12 11:00:00+09:00,2006.0,2013.0,2003.0,2005.0,0,0.0,0.0
2023-09-12 12:00:00+09:00,2013.0,2018.0,2002.0,2018.0,11900,0.0,0.0
2023-09-12 13:00:00+09:00,2013.0,2022.0,2013.0,2016.0,1200,0.0,0.0
2023-09-12 14:00:00+09:00,2017.0,2032.0,2017.0,2030.0,3200,0.0,0.0
2023-09-13 09:00:00+09:00,2032.0,2032.0,2015.0,2020.0,6000,0.0,0.0
2023-09-13 10:00:00+09:00,2021.0,2034.0,2020.0,2020.0,5100,0.0,0.0
2023-09-13 11:00:00+09:00,2025.0,2025.0,2025.0,2025.0,0,0.0,0.0
2023-09-13 12:00:00+09:00,2025.0,2025.0,2020.0,2022.0,12500,0.0,0.0
2023-09-13 13:00:00+09:00,2020.0,2024.0,2020.0,2024.0,600,0.0,0.0
2023-09-13 14:00:00+09:00,2027.0,2029.0,2025.0,2028.0,2300,0.0,0.0
2023-09-14 09:00:00+09:00,2031.0,2051.0,2026.0,2026.0,4800,0.0,0.0
2023-09-14 10:00:00+09:00,2025.0,2027.0,2021.0,2026.0,1100,0.0,0.0
2023-09-14 11:00:00+09:00,2026.0,2027.0,2023.0,2027.0,0,0.0,0.0
2023-09-14 12:00:00+09:00,2025.0,2025.0,2020.0,2020.0,9700,0.0,0.0
2023-09-14 13:00:00+09:00,2020.0,2031.0,2017.0,2027.0,3800,0.0,0.0
2023-09-14 14:00:00+09:00,2028.0,2032.0,2026.0,2026.0,3300,0.0,0.0
2023-09-15 09:00:00+09:00,2030.0,2039.0,2027.0,2035.0,4600,0.0,0.0
2023-09-15 10:00:00+09:00,2036.0,2041.0,2034.0,2035.0,2800,0.0,0.0
2023-09-15 11:00:00+09:00,2035.0,2035.0,2030.0,2030.0,0,0.0,0.0
2023-09-15 12:00:00+09:00,2036.0,2038.0,2031.0,2038.0,10600,0.0,0.0
2023-09-15 13:00:00+09:00,2034.0,2038.0,2029.0,2034.0,4500,0.0,0.0
2023-09-15 14:00:00+09:00,2035.0,2038.0,2030.0,2031.0,3900,0.0,0.0
2023-09-19 09:00:00+09:00,2027.0,2038.0,2024.0,2028.0,9700,0.0,0.0
2023-09-19 10:00:00+09:00,2030.0,2031.0,2008.0,2016.0,8600,0.0,0.0
2023-09-19 11:00:00+09:00,2016.0,2022.0,2014.0,2019.0,0,0.0,0.0
2023-09-19 12:00:00+09:00,2019.0,2028.0,2019.0,2021.0,23700,0.0,0.0
2023-09-19 13:00:00+09:00,2022.0,2032.0,2020.0,2028.0,3600,0.0,0.0
2023-09-19 14:00:00+09:00,2030.0,2036.0,2030.0,2031.0,5200,0.0,0.0
2023-09-20 09:00:00+09:00,2030.0,2032.0,2025.0,2032.0,4000,0.0,0.0
2023-09-20 10:00:00+09:00,2037.0,2043.0,2032.0,2043.0,2700,0.0,0.0
2023-09-20 11:00:00+09:00,2044.0,2044.0,2036.0,2036.0,0,0.0,0.0
2023-09-20 12:00:00+09:00,2033.0,2038.0,2030.0,2038.0,10900,0.0,0.0
2023-09-20 13:00:00+09:00,2035.0,2037.0,2029.0,2037.0,3700,0.0,0.0
2023-09-20 14:00:00+09:00,2033.0,2038.0,2032.0,2032.0,3900,0.0,0.0
2023-09-21 09:00:00+09:00,2019.0,2020.0,2002.0,2004.0,6300,0.0,0.0
2023-09-21 10:00:00+09:00,2002.0,2002.0,1979.0,1985.0,20900,0.0,0.0
2023-09-21 11:00:00+09:00,1985.0,1993.0,1983.0,1990.0,0,0.0,0.0
2023-09-21 12:00:00+09:00,1990.0,1993.0,1985.0,1991.0,33300,0.0,0.0
2023-09-21 13:00:00+09:00,1990.0,1997.0,1988.0,1991.0,9100,0.0,0.0
2023-09-21 14:00:00+09:00,1993.0,1998.0,1991.0,1993.0,6400,0.0,0.0
2023-09-22 09:00:00+09:00,1980.0,1984.0,1969.0,1982.0,0,0.0,0.0
2023-09-22 10:00:00+09:00,1980.0,1986.0,1979.0,1986.0,22300,0.0,0.0
2023-09-22 11:00:00+09:00,1988.0,1992.0,1988.0,1990.0,0,0.0,0.0
2023-09-22 12:00:00+09:00,1991.0,2010.0,1991.0,2010.0,25500,0.0,0.0
2023-09-22 13:00:00+09:00,2006.0,2012.0,1997.0,2001.0,2900,0.0,0.0
2023-09-22 14:00:00+09:00,2001.0,2006.0,1997.0,2000.0,5200,0.0,0.0
2023-09-25 09:00:00+09:00,2014.0,2018.0,2001.0,2005.0,3800,0.0,0.0
2023-09-25 10:00:00+09:00,2005.0,2012.0,2001.0,2007.0,7600,0.0,0.0
2023-09-25 11:00:00+09:00,2004.0,2007.0,2001.0,2007.0,0,0.0,0.0
2023-09-25 12:00:00+09:00,2001.0,2005.0,2001.0,2004.0,15800,0.0,0.0
2023-09-25 13:00:00+09:00,2002.0,2004.0,1999.0,2003.0,3400,0.0,0.0
2023-09-25 14:00:00+09:00,2001.0,2006.0,1998.0,2003.0,3800,0.0,0.0
2023-09-26 09:00:00+09:00,2008.0,2008.0,1990.0,1991.0,11600,0.0,0.0
2023-09-26 10:00:00+09:00,1995.0,1999.0,1992.0,1993.0,1800,0.0,0.0
2023-09-26 11:00:00+09:00,1994.0,1994.0,1990.0,1990.0,0,0.0,0.0
2023-09-26 12:00:00+09:00,1990.0,1994.0,1990.0,1994.0,17600,0.0,0.0
2023-09-26 13:00:00+09:00,1994.0,1999.0,1993.0,1999.0,3900,0.0,0.0
2023-09-26 14:00:00+09:00,1998.0,2002.0,1993.0,1993.0,4400,0.0,0.0
2023-09-27 09:00:00+09:00,1991.0,1994.0,1984.0,1991.0,7600,0.0,0.0
2023-09-27 10:00:00+09:00,1995.0,1995.0,1985.0,1990.0,2900,0.0,0.0
2023-09-27 11:00:00+09:00,1992.0,1994.0,1989.0,1994.0,0,0.0,0.0
2023-09-27 12:00:00+09:00,1992.0,1992.0,1990.0,1990.0,13300,0.0,0.0
2023-09-27 13:00:00+09:00,1994.0,1999.0,1992.0,1999.0,1900,0.0,0.0
2023-09-27 14:00:00+09:00,2000.0,2010.0,1998.0,2010.0,3100,0.0,0.0
2023-09-28 09:00:00+09:00,1991.0,2005.0,1975.0,2005.0,9400,0.0,0.0
2023-09-28 10:00:00+09:00,2004.0,2006.0,2001.0,2006.0,1000,0.0,0.0
2023-09-28 11:00:00+09:00,2002.0,2002.0,1994.0,1994.0,0,0.0,0.0
2023-09-28 12:00:00+09:00,1991.0,1995.0,1987.0,1995.0,14600,0.0,0.0
2023-09-28 13:00:00+09:00,1997.0,1997.0,1996.0,1996.0,300,0.0,0.0
2023-09-28 14:00:00+09:00,1999.0,2003.0,1994.0,1995.0,4100,0.0,0.0
2023-09-29 09:00:00+09:00,1994.0,2003.0,1993.0,1994.0,0,0.0,0.0
2023-09-29 10:00:00+09:00,1995.0,1997.0,1987.0,1987.0,3800,0.0,0.0
2023-09-29 11:00:00+09:00,1992.0,1994.0,1983.0,1991.0,0,0.0,0.0
2023-09-29 12:00:00+09:00,1991.0,1992.0,1987.0,1990.0,7000,0.0,0.0
2023-09-29 13:00:00+09:00,1991.0,1991.0,1983.0,1983.0,1100,0.0,0.0
2023-09-29 14:00:00+09:00,1987.0,1989.0,1979.0,1984.0,6500,0.0,0.0
2023-10-02 09:00:00+09:00,1981.0,2007.0,1981.0,2003.0,3800,0.0,0.0
2023-10-02 10:00:00+09:00,2001.0,2001.0,1994.0,1995.0,1300,0.0,0.0
2023-10-02 11:00:00+09:00,1996.0,1996.0,1993.0,1993.0,0,0.0,0.0
2023-10-02 12:00:00+09:00,1992.0,1992.0,1985.0,1985.0,6300,0.0,0.0
2023-10-02 13:00:00+09:00,1985.0,1985.0,1973.0,1974.0,4600,0.0,0.0
2023-10-02 14:00:00+09:00,1975.0,1976.0,1965.0,1965.0,5100,0.0,0.0
2023-10-03 09:00:00+09:00,1953.0,1955.0,1934.0,1944.0,14900,0.0,0.0
2023-10-03 10:00:00+09:00,1947.0,1960.0,1943.0,1945.0,2600,0.0,0.0
2023-10-03 11:00:00+09:00,1945.0,1945.0,1940.0,1941.0,0,0.0,0.0
2023-10-03 12:00:00+09:00,1942.0,1949.0,1938.0,1938.0,23300,0.0,0.0
2023-10-03 13:00:00+09:00,1938.0,1938.0,1929.0,1930.0,3800,0.0,0.0
2023-10-03 14:00:00+09:00,1931.0,1931.0,1920.0,1926.0,14400,0.0,0.0
2023-10-04 09:00:00+09:00,1901.0,1920.0,1885.0,1915.0,18400,0.0,0.0
2023-10-04 10:00:00+09:00,1911.0,1913.0,1899.0,1899.0,4600,0.0,0.0
2023-10-04 11:00:00+09:00,1903.0,1905.0,1898.0,1898.0,0,0.0,0.0
2023-10-04 12:00:00+09:00,1903.0,1908.0,1901.0,1905.0,28200,0.0,0.0
2023-10-04 13:00:00+09:00,1904.0,1910.0,1893.0,1902.0,9700,0.0,0.0
2023-10-04 14:00:00+09:00,1898.0,1903.0,1893.0,1898.0,5900,0.0,0.0
2023-10-05 09:00:00+09:00,1901.0,1925.0,1901.0,1924.0,5300,0.0,0.0
2023-10-05 10:00:00+09:00,1919.0,1929.0,1913.0,1915.0,3100,0.0,0.0
2023-10-05 11:00:00+09:00,1921.0,1921.0,1921.0,1921.0,0,0.0,0.0
2023-10-05 12:00:00+09:00,1921.0,1928.0,1920.0,1928.0,11300,0.0,0.0
2023-10-05 13:00:00+09:00,1931.0,1932.0,1928.0,1928.0,1300,0.0,0.0
2023-10-05 14:00:00+09:00,1927.0,1928.0,1920.0,1920.0,3400,0.0,0.0
2023-10-06 09:00:00+09:00,1920.0,1925.0,1910.0,1923.0,4500,0.0,0.0
2023-10-06 10:00:00+09:00,1925.0,1929.0,1918.0,1918.0,3800,0.0,0.0
2023-10-06 11:00:00+09:00,1918.0,1918.0,1914.0,1917.0,0,0.0,0.0
2023-10-06 12:00:00+09:00,1917.0,1925.0,1917.0,1920.0,13300,0.0,0.0
2023-10-06 13:00:00+09:00,1921.0,1925.0,1919.0,1920.0,2400,0.0,0.0
2023-10-06 14:00:00+09:00,1920.0,1927.0,1918.0,1921.0,3000,0.0,0.0
2023-10-10 09:00:00+09:00,1941.0,1950.0,1939.0,1940.0,3700,0.0,0.0
2023-10-10 10:00:00+09:00,1939.0,1943.0,1938.0,1940.0,3000,0.0,0.0
2023-10-10 11:00:00+09:00,1942.0,1942.0,1938.0,1938.0,0,0.0,0.0
2023-10-10 12:00:00+09:00,1940.0,1943.0,1939.0,1943.0,8400,0.0,0.0
2023-10-10 13:00:00+09:00,1940.0,1940.0,1931.0,1934.0,3300,0.0,0.0
2023-10-10 14:00:00+09:00,1935.0,1942.0,1934.0,1935.0,4300,0.0,0.0
2023-10-11 09:00:00+09:00,1935.0,1935.0,1915.0,1915.0,4200,0.0,0.0
2023-10-11 10:00:00+09:00,1914.0,1914.0,1908.0,1913.0,2000,0.0,0.0
2023-10-11 11:00:00+09:00,1911.0,1917.0,1906.0,1914.0,0,0.0,0.0
2023-10-11 12:00:00+09:00,1914.0,1915.0,1906.0,1906.0,9500,0.0,0.0
2023-10-11 13:00:00+09:00,1908.0,1916.0,1908.0,1916.0,1900,0.0,0.0
2023-10-11 14:00:00+09:00,1914.0,1917.0,1906.0,1914.0,8000,0.0,0.0
2023-10-12 09:00:00+09:00,1915.0,1952.0,1915.0,1949.0,8400,0.0,0.0
2023-10-12 10:00:00+09:00,1948.0,1950.0,1931.0,1939.0,11200,0.0,0.0
2023-10-12 11:00:00+09:00,1942.0,1944.0,1937.0,1937.0,0,0.0,0.0
2023-10-12 12:00:00+09:00,1937.0,1945.0,1937.0,1943.0,24800,0.0,0.0
2023-10-12 13:00:00+09:00,1942.0,1944.0,1942.0,1943.0,1300,0.0,0.0
2023-10-12 14:00:00+09:00,1943.0,1947.0,1938.0,1942.0,4000,0.0,0.0
2023-10-13 09:00:00+09:00,1923.0,1941.0,1909.0,1909.0,11200,0.0,0.0
2023-10-13 10:00:00+09:00,1909.0,1913.0,1908.0,1909.0,2900,0.0,0.0
2023-10-13 11:00:00+09:00,1910.0,1910.0,1906.0,1906.0,0,0.0,0.0
2023-10-13 12:00:00+09:00,1904.0,1909.0,1898.0,1898.0,39100,0.0,0.0
2023-10-13 13:00:00+09:00,1898.0,1904.0,1887.0,1887.0,8400,0.0,0.0
2023-10-13 14:00:00+09:00,1890.0,1894.0,1886.0,1888.0,6200,0.0,0.0
2023-10-16 09:00:00+09:00,1879.0,1879.0,1850.0,1857.0,19100,0.0,0.0
2023-10-16 10:00:00+09:00,1856.0,1861.0,1852.0,1861.0,4700,0.0,0.0
2023-10-16 11:00:00+09:00,1860.0,1867.0,1858.0,1863.0,0,0.0,0.0
2023-10-16 12:00:00+09:00,1863.0,1868.0,1857.0,1857.0,33900,0.0,0.0
2023-10-16 13:00:00+09:00,1860.0,1865.0,1859.0,1863.0,0,0.0,0.0
2023-10-16 14:00:00+09:00,1863.0,1868.0,1860.0,1868.0,39200,0.0,0.0
2023-10-17 09:00:00+09:00,1879.0,1890.0,1876.0,1881.0,4000,0.0,0.0
2023-10-17 10:00:00+09:00,1884.0,1884.0,1872.0,1873.0,2700,0.0,0.0
2023-10-17 11:00:00+09:00,1874.0,1885.0,1870.0,1872.0,0,0.0,0.0
2023-10-17 12:00:00+09:00,1875.0,1877.0,1870.0,1870.0,12400,0.0,0.0
2023-10-17 13:00:00+09:00,1874.0,1883.0,1873.0,1875.0,1400,0.0,0.0
2023-10-17 14:00:00+09:00,1873.0,1879.0,1873.0,1875.0,6700,0.0,0.0
2023-10-18 09:00:00+09:00,1881.0,1886.0,1878.0,1878.0,5900,0.0,0.0
2023-10-18 10:00:00+09:00,1878.0,1883.0,1877.0,1878.0,1300,0.0,0.0
2023-10-18 11:00:00+09:00,1880.0,1880.0,1880.0,1880.0,0,0.0,0.0
2023-10-18 12:00:00+09:00,1880.0,1884.0,1877.0,1884.0,8100,0.0,0.0
2023-10-18 13:00:00+09:00,1884.0,1890.0,1884.0,1888.0,1800,0.0,0.0
2023-10-18 14:00:00+09:00,1885.0,1888.0,1877.0,1887.0,4400,0.0,0.0
2023-10-19 09:00:00+09:00,1879.0,1879.0,1862.0,1870.0,5900,0.0,0.0
2023-10-19 10:00:00+09:00,1870.0,1878.0,1865.0,1878.0,4300,0.0,0.0
2023-10-19 11:00:00+09:00,1871.0,1872.0,1865.0,1865.0,0,0.0,0.0
2023-10-19 12:00:00+09:00,1865.0,1873.0,1863.0,1868.0,14500,0.0,0.0
2023-10-19 13:00:00+09:00,1864.0,1879.0,1863.0,1876.0,1700,0.0,0.0
2023-10-19 14:00:00+09:00,1874.0,1876.0,1868.0,1870.0,4000,0.0,0.0
2023-10-20 09:00:00+09:00,1867.0,1867.0,1844.0,1844.0,15400,0.0,0.0
2023-10-20 10:00:00+09:00,1848.0,1857.0,1840.0,1849.0,6900,0.0,0.0
2023-10-20 11:00:00+09:00,1846.0,1851.0,1846.0,1851.0,0,0.0,0.0
2023-10-20 12:00:00+09:00,1852.0,1854.0,1852.0,1853.0,23900,0.0,0.0
2023-10-20 13:00:00+09:00,1853.0,1863.0,1852.0,1860.0,4300,0.0,0.0
2023-10-20 14:00:00+09:00,1860.0,1865.0,1851.0,1857.0,3300,0.0,0.0
2023-10-23 09:00:00+09:00,1846.0,1857.0,1840.0,1857.0,9200,0.0,0.0
2023-10-23 10:00:00+09:00,1854.0,1857.0,1850.0,1857.0,2200,0.0,0.0
2023-10-23 11:00:00+09:00,1857.0,1859.0,1850.0,1850.0,0,0.0,0.0
2023-10-23 12:00:00+09:00,1850.0,1853.0,1849.0,1850.0,17200,0.0,0.0
2023-10-23 13:00:00+09:00,1850.0,1853.0,1848.0,1850.0,3400,0.0,0.0
2023-10-23 14:00:00+09:00,1851.0,1860.0,1848.0,1848.0,6600,0.0,0.0
2023-10-24 09:00:00+09:00,1840.0,1852.0,1816.0,1820.0,13000,0.0,0.0
2023-10-24 10:00:00+09:00,1820.0,1820.0,1799.0,1802.0,13600,0.0,0.0
2023-10-24 11:00:00+09:00,1800.0,1820.0,1800.0,1812.0,0,0.0,0.0
2023-10-24 12:00:00+09:00,1806.0,1817.0,1806.0,1811.0,37600,0.0,0.0
2023-10-24 13:00:00+09:00,1812.0,1832.0,1812.0,1830.0,4300,0.0,0.0
2023-10-24 14:00:00+09:00,1830.0,1843.0,1824.0,1824.0,4800,0.0,0.0
2023-10-25 09:00:00+09:00,1825.0,1840.0,1817.0,1829.0,5200,0.0,0.0
2023-10-25 10:00:00+09:00,1830.0,1836.0,1830.0,1830.0,0,0.0,0.0
2023-10-25 11:00:00+09:00,1829.0,1833.0,1827.0,1830.0,0,0.0,0.0
2023-10-25 12:00:00+09:00,1832.0,1842.0,1831.0,1836.0,9800,0.0,0.0
2023-10-25 13:00:00+09:00,1835.0,1838.0,1835.0,1835.0,1200,0.0,0.0
2023-10-25 14:00:00+09:00,1840.0,1840.0,1822.0,1823.0,5700,0.0,0.0
2023-10-26 09:00:00+09:00,1808.0,1808.0,1785.0,1789.0,0,0.0,0.0
2023-10-26 10:00:00+09:00,1791.0,1802.0,1789.0,1800.0,17700,0.0,0.0
2023-10-26 11:00:00+09:00,1800.0,1808.0,1797.0,1797.0,0,0.0,0.0
2023-10-26 12:00:00+09:00,1803.0,1803.0,1799.0,1800.0,23000,0.0,0.0
2023-10-26 13:00:00+09:00,1800.0,1804.0,1796.0,1796.0,2700,0.0,0.0
2023-10-26 14:00:00+09:00,1800.0,1804.0,1800.0,1804.0,2700,0.0,0.0
2023-10-27 09:00:00+09:00,1794.0,1810.0,1794.0,1806.0,5200,0.0,0.0
2023-10-27 10:00:00+09:00,1808.0,1810.0,1806.0,1807.0,4100,0.0,0.0
2023-10-27 11:00:00+09:00,1806.0,1808.0,1801.0,1801.0,0,0.0,0.0
2023-10-27 12:00:00+09:00,1801.0,1801.0,1798.0,1800.0,15100,0.0,0.0
2023-10-27 13:00:00+09:00,1797.0,1800.0,1793.0,1796.0,5000,0.0,0.0
2023-10-27 14:00:00+09:00,1797.0,1801.0,1787.0,1801.0,7200,0.0,0.0
2023-10-30 09:00:00+09:00,1787.0,1803.0,1787.0,1799.0,5000,0.0,0.0
2023-10-30 10:00:00+09:00,1800.0,1802.0,1785.0,1790.0,7800,0.0,0.0
2023-10-30 11:00:00+09:00,1788.0,1788.0,1778.0,1781.0,0,0.0,0.0
2023-10-30 12:00:00+09:00,1792.0,1792.0,1782.0,1783.0,20200,0.0,0.0
2023-10-30 13:00:00+09:00,1782.0,1782.0,1770.0,1774.0,5600,0.0,0.0
2023-10-30 14:00:00+09:00,1773.0,1781.0,1773.0,1777.0,3000,0.0,0.0
2023-10-31 09:00:00+09:00,1774.0,1783.0,1755.0,1762.0,19800,0.0,0.0
2023-10-31 10:00:00+09:00,1763.0,1765.0,1752.0,1753.0,4000,0.0,0.0
2023-10-31 11:00:00+09:00,1755.0,1755.0,1740.0,1746.0,0,0.0,0.0
2023-10-31 12:00:00+09:00,1749.0,1761.0,1746.0,1753.0,36800,0.0,0.0
2023-10-31 13:00:00+09:00,1754.0,1768.0,1748.0,1752.0,6200,0.0,0.0
2023-10-31 14:00:00+09:00,1748.0,1760.0,1748.0,1754.0,6800,0.0,0.0
2023-11-01 09:00:00+09:00,1764.0,1784.0,1760.0,1777.0,27300,0.0,0.0
2023-11-01 10:00:00+09:00,1777.0,1777.0,1760.0,1763.0,5400,0.0,0.0
2023-11-01 11:00:00+09:00,1762.0,1771.0,1762.0,1762.0,0,0.0,0.0
2023-11-01 12:00:00+09:00,1767.0,1771.0,1767.0,1770.0,39600,0.0,0.0
2023-11-01 13:00:00+09:00,1768.0,1772.0,1765.0,1770.0,0,0.0,0.0
2023-11-01 14:00:00+09:00,1769.0,1770.0,1764.0,1769.0,54000,0.0,0.0
2023-11-02 09:00:00+09:00,1763.0,1797.0,1761.0,1781.0,9500,0.0,0.0
2023-11-02 10:00:00+09:00,1780.0,1802.0,1773.0,1801.0,8500,0.0,0.0
2023-11-02 11:00:00+09:00,1802.0,1805.0,1797.0,1797.0,0,0.0,0.0
2023-11-02 12:00:00+09:00,1790.0,1793.0,1778.0,1784.0,23900,0.0,0.0
2023-11-02 13:00:00+09:00,1781.0,1783.0,1777.0,1779.0,4400,0.0,0.0
2023-11-02 14:00:00+09:00,1776.0,1785.0,1761.0,1777.0,13400,0.0,0.0
2023-11-06 09:00:00+09:00,1802.0,1810.0,1789.0,1793.0,11300,0.0,0.0
2023-11-06 10:00:00+09:00,1791.0,1791.0,1779.0,1779.0,7900,0.0,0.0
2023-11-06 11:00:00+09:00,1779.0,1783.0,1776.0,1782.0,0,0.0,0.0
2023-11-06 12:00:00+09:00,1786.0,1786.0,1775.0,1780.0,25500,0.0,0.0
2023-11-06 13:00:00+09:00,1779.0,1780.0,1775.0,1775.0,7400,0.0,0.0
2023-11-06 14:00:00+09:00,1776.0,1786.0,1775.0,1782.0,11900,0.0,0.0
2023-11-07 09:00:00+09:00,1790.0,1791.0,1780.0,1783.0,12700,0.0,0.0
2023-11-07 10:00:00+09:00,1783.0,1792.0,1783.0,1791.0,5200,0.0,0.0
2023-11-07 11:00:00+09:00,1790.0,1794.0,1789.0,1789.0,0,0.0,0.0
2023-11-07 12:00:00+09:00,1789.0,1792.0,1788.0,1790.0,21200,0.0,0.0
2023-11-07 13:00:00+09:00,1788.0,1790.0,1784.0,1784.0,4000,0.0,0.0
2023-11-07 14:00:00+09:00,1783.0,1794.0,1783.0,1794.0,5400,0.0,0.0
2023-11-08 09:00:00+09:00,1799.0,1807.0,1783.0,1783.0,13100,0.0,0.0
2023-11-08 10:00:00+09:00,1782.0,1793.0,1778.0,1790.0,5100,0.0,0.0
2023-11-08 11:00:00+09:00,1788.0,1794.0,1783.0,1790.0,0,0.0,0.0
2023-11-08 12:00:00+09:00,1790.0,1790.0,1771.0,1771.0,28400,0.0,0.0
2023-11-08 13:00:00+09:00,1774.0,1783.0,1774.0,1775.0,5300,0.0,0.0
2023-11-08 14:00:00+09:00,1775.0,1775.0,1763.0,1763.0,5900,0.0,0.0
2023-11-09 09:00:00+09:00,1777.0,1786.0,1762.0,1763.0,9000,0.0,0.0
2023-11-09 10:00:00+09:00,1765.0,1767.0,1759.0,1763.0,4900,0.0,0.0
2023-11-09 11:00:00+09:00,1763.0,1763.0,1762.0,1763.0,0,0.0,0.0
2023-11-09 12:00:00+09:00,1763.0,1763.0,1760.0,1761.0,16200,0.0,0.0
2023-11-09 13:00:00+09:00,1760.0,1767.0,1760.0,1767.0,3400,0.0,0.0
2023-11-09 14:00:00+09:00,1766.0,1768.0,1758.0,1760.0,10100,0.0,0.0
2023-11-10 09:00:00+09:00,1768.0,1770.0,1750.0,1756.0,13200,0.0,0.0
2023-11-10 10:00:00+09:00,1759.0,1765.0,1757.0,1762.0,4700,0.0,0.0
2023-11-10 11:00:00+09:00,1765.0,1767.0,1759.0,1759.0,0,0.0,0.0
2023-11-10 12:00:00+09:00,1762.0,1762.0,1750.0,1751.0,22600,0.0,0.0
2023-11-10 13:00:00+09:00,1751.0,1757.0,1751.0,1756.0,3900,0.0,0.0
2023-11-10 14:00:00+09:00,1756.0,1763.0,1756.0,1757.0,4600,0.0,0.0
2023-11-13 09:00:00+09:00,1759.0,1777.0,1757.0,1765.0,9200,0.0,0.0
2023-11-13 10:00:00+09:00,1761.0,1769.0,1757.0,1758.0,5400,0.0,0.0
2023-11-13 11:00:00+09:00,1757.0,1761.0,1756.0,1759.0,0,0.0,0.0
2023-11-13 12:00:00+09:00,1759.0,1759.0,1751.0,1751.0,21300,0.0,0.0
2023-11-13 13:00:00+09:00,1750.0,1750.0,1744.0,1746.0,4400,0.0,0.0
2023-11-13 14:00:00+09:00,1746.0,1746.0,1742.0,1743.0,4700,0.0,0.0
2023-11-14 09:00:00+09:00,1742.0,1746.0,1727.0,1734.0,23400,0.0,0.0
2023-11-14 10:00:00+09:00,1733.0,1737.0,1730.0,1731.0,4500,0.0,0.0
2023-11-14 11:00:00+09:00,1733.0,1735.0,1725.0,1726.0,0,0.0,0.0
2023-11-14 12:00:00+09:00,1726.0,1736.0,1724.0,1736.0,43800,0.0,0.0
2023-11-14 13:00:00+09:00,1736.0,1740.0,1732.0,1735.0,4900,0.0,0.0
2023-11-14 14:00:00+09:00,1736.0,1740.0,1730.0,1732.0,5500,0.0,0.0
2023-11-15 09:00:00+09:00,1753.0,1770.0,1751.0,1754.0,18300,0.0,0.0
2023-11-15 10:00:00+09:00,1755.0,1757.0,1748.0,1752.0,4700,0.0,0.0
2023-11-15 11:00:00+09:00,1752.0,1752.0,1748.0,1748.0,0,0.0,0.0
2023-11-15 12:00:00+09:00,1747.0,1756.0,1747.0,1752.0,27000,0.0,0.0
2023-11-15 13:00:00+09:00,1753.0,1758.0,1752.0,1752.0,6700,0.0,0.0
2023-11-15 14:00:00+09:00,1754.0,1760.0,1754.0,1759.0,5200,0.0,0.0
2023-11-16 09:00:00+09:00,1750.0,1758.0,1740.0,1740.0,0,0.0,0.0
2023-11-16 10:00:00+09:00,1747.0,1749.0,1744.0,1746.0,9400,0.0,0.0
2023-11-16 11:00:00+09:00,1742.0,1744.0,1740.0,1744.0,0,0.0,0.0
2023-11-16 12:00:00+09:00,1744.0,1744.0,1741.0,1742.0,13300,0.0,0.0
2023-11-16 13:00:00+09:00,1743.0,1752.0,1743.0,1748.0,4900,0.0,0.0
2023-11-16 14:00:00+09:00,1748.0,1750.0,1741.0,1745.0,3000,0.0,0.0
2023-11-17 09:00:00+09:00,1740.0,1747.0,1732.0,1741.0,7800,0.0,0.0
2023-11-17 10:00:00+09:00,1740.0,1740.0,1736.0,1738.0,1000,0.0,0.0
2023-11-17 11:00:00+09:00,1735.0,1736.0,1735.0,1736.0,0,0.0,0.0
2023-11-17 12:00:00+09:00,1736.0,1739.0,1736.0,1739.0,10100,0.0,0.0
2023-11-17 13:00:00+09:00,1737.0,1739.0,1737.0,1738.0,300,0.0,0.0
2023-11-17 14:00:00+09:00,1740.0,1742.0,1738.0,1742.0,8100,0.0,0.0
2023-11-20 09:00:00+09:00,1745.0,1783.0,1745.0,1779.0,0,0.0,0.0
2023-11-20 10:00:00+09:00,1778.0,1780.0,1767.0,1773.0,18400,0.0,0.0
2023-11-20 11:00:00+09:00,1772.0,1772.0,1769.0,1770.0,0,0.0,0.0
2023-11-20 12:00:00+09:00,1765.0,1775.0,1765.0,1770.0,27600,0.0,0.0
2023-11-20 13:00:00+09:00,1770.0,1778.0,1768.0,1773.0,8200,0.0,0.0
2023-11-20 14:00:00+09:00,1777.0,1780.0,1772.0,1772.0,5100,0.0,0.0
2023-11-21 09:00:00+09:00,1780.0,1798.0,1780.0,1795.0,11900,0.0,0.0
2023-11-21 10:00:00+09:00,1794.0,1810.0,1794.0,1810.0,12500,0.0,0.0
2023-11-21 11:00:00+09:00,1810.0,1814.0,1810.0,1810.0,0,0.0,0.0
2023-11-21 12:00:00+09:00,1810.0,1815.0,1810.0,1812.0,31400,0.0,0.0
2023-11-21 13:00:00+09:00,1815.0,1819.0,1810.0,1819.0,6900,0.0,0.0
2023-11-21 14:00:00+09:00,1819.0,1819.0,1810.0,1812.0,7300,0.0,0.0
2023-11-22 09:00:00+09:00,1816.0,1852.0,1816.0,1843.0,24100,0.0,0.0
2023-11-22 10:00:00+09:00,1841.0,1841.0,1833.0,1834.0,6400,0.0,0.0
2023-11-22 11:00:00+09:00,1835.0,1838.0,1833.0,1835.0,0,0.0,0.0
2023-11-22 12:00:00+09:00,1835.0,1835.0,1831.0,1835.0,34000,0.0,0.0
2023-11-22 13:00:00+09:00,1835.0,1846.0,1833.0,1846.0,4800,0.0,0.0
2023-11-22 14:00:00+09:00,1847.0,1853.0,1843.0,1844.0,8600,0.0,0.0
2023-11-24 09:00:00+09:00,1866.0,1869.0,1861.0,1861.0,5400,0.0,0.0
2023-11-24 10:00:00+09:00,1861.0,1864.0,1858.0,1864.0,1900,0.0,0.0
2023-11-24 11:00:00+09:00,1861.0,1862.0,1853.0,1853.0,0,0.0,0.0
2023-11-24 12:00:00+09:00,1852.0,1854.0,1850.0,1850.0,13600,0.0,0.0
2023-11-24 13:00:00+09:00,1852.0,1853.0,1848.0,1851.0,1600,0.0,0.0
2023-11-24 14:00:00+09:00,1852.0,1852.0,1846.0,1851.0,3700,0.0,0.0
2023-11-27 09:00:00+09:00,1860.0,1861.0,1845.0,1854.0,6200,0.0,0.0
2023-11-27 10:00:00+09:00,1850.0,1850.0,1823.0,1825.0,13500,0.0,0.0
2023-11-27 11:00:00+09:00,1827.0,1827.0,1820.0,1820.0,0,0.0,0.0
2023-11-27 12:00:00+09:00,1818.0,1819.0,1810.0,1816.0,23300,0.0,0.0
2023-11-27 13:00:00+09:00,1816.0,1816.0,1810.0,1811.0,1600,0.0,0.0
2023-11-27 14:00:00+09:00,1810.0,1813.0,1808.0,1808.0,4900,0.0,0.0
2023-11-28 09:00:00+09:00,1811.0,1820.0,1797.0,1805.0,0,0.0,0.0
2023-11-28 10:00:00+09:00,1804.0,1804.0,1799.0,1804.0,10600,0.0,0.0
2023-11-28 11:00:00+09:00,1802.0,1803.0,1799.0,1802.0,0,0.0,0.0
2023-11-28 12:00:00+09:00,1802.0,1803.0,1795.0,1795.0,13400,0.0,0.0
2023-11-28 13:00:00+09:00,1794.0,1797.0,1790.0,1797.0,2600,0.0,0.0
2023-11-28 14:00:00+09:00,1795.0,1800.0,1795.0,1796.0,1600,0.0,0.0
2023-11-29 09:00:00+09:00,1795.0,1800.0,1789.0,1789.0,3100,0.0,0.0
2023-11-29 10:00:00+09:00,1790.0,1795.0,1790.0,1793.0,900,0.0,0.0
2023-11-29 11:00:00+09:00,1795.0,1795.0,1790.0,1791.0,0,0.0,0.0
2023-11-29 12:00:00+09:00,1793.0,1798.0,1792.0,1796.0,6800,0.0,0.0
2023-11-29 13:00:00+09:00,1794.0,1798.0,1793.0,1798.0,1700,0.0,0.0
2023-11-29 14:00:00+09:00,1794.0,1800.0,1793.0,1797.0,3200,0.0,0.0
2023-11-30 09:00:00+09:00,1806.0,1806.0,1795.0,1798.0,22800,0.0,0.0
2023-11-30 10:00:00+09:00,1799.0,1800.0,1797.0,1797.0,1300,0.0,0.0
2023-11-30 11:00:00+09:00,1801.0,1802.0,1799.0,1799.0,0,0.0,0.0
2023-11-30 12:00:00+09:00,1792.0,1804.0,1792.0,1800.0,27700,0.0,0.0
2023-11-30 13:00:00+09:00,1803.0,1804.0,1798.0,1803.0,3800,0.0,0.0
2023-11-30 14:00:00+09:00,1803.0,1805.0,1798.0,1805.0,0,0.0,0.0
2023-12-01 09:00:00+09:00,1807.0,1807.0,1790.0,1790.0,3800,0.0,0.0
2023-12-01 10:00:00+09:00,1793.0,1793.0,1782.0,1783.0,3400,0.0,0.0
2023-12-01 11:00:00+09:00,1787.0,1787.0,1781.0,1781.0,0,0.0,0.0
2023-12-01 12:00:00+09:00,1787.0,1787.0,1782.0,1782.0,10800,0.0,0.0
2023-12-01 13:00:00+09:00,1782.0,1782.0,1771.0,1774.0,7400,0.0,0.0
2023-12-01 14:00:00+09:00,1771.0,1775.0,1770.0,1771.0,4300,0.0,0.0
2023-12-04 09:00:00+09:00,1775.0,1777.0,1763.0,1766.0,8200,0.0,0.0
2023-12-04 10:00:00+09:00,1767.0,1770.0,1763.0,1766.0,5400,0.0,0.0
2023-12-04 11:00:00+09:00,1765.0,1765.0,1762.0,1762.0,0,0.0,0.0
2023-12-04 12:00:00+09:00,1762.0,1762.0,1758.0,1762.0,17600,0.0,0.0
2023-12-04 13:00:00+09:00,1762.0,1765.0,1760.0,1765.0,4300,0.0,0.0
2023-12-04 14:00:00+09:00,1765.0,1766.0,1760.0,1766.0,7100,0.0,0.0
2023-12-05 09:00:00+09:00,1759.0,1761.0,1738.0,1738.0,18700,0.0,0.0
2023-12-05 10:00:00+09:00,1738.0,1739.0,1734.0,1737.0,4100,0.0,0.0
2023-12-05 11:00:00+09:00,1737.0,1738.0,1736.0,1736.0,0,0.0,0.0
2023-12-05 12:00:00+09:00,1736.0,1737.0,1735.0,1735.0,28400,0.0,0.0
2023-12-05 13:00:00+09:00,1739.0,1744.0,1739.0,1741.0,2800,0.0,0.0
2023-12-05 14:00:00+09:00,1741.0,1744.0,1738.0,1739.0,6800,0.0,0.0
2023-12-06 09:00:00+09:00,1744.0,1768.0,1744.0,1768.0,6100,0.0,0.0
2023-12-06 10:00:00+09:00,1767.0,1778.0,1766.0,1775.0,4200,0.0,0.0
2023-12-06 11:00:00+09:00,1775.0,1775.0,1774.0,1775.0,0,0.0,0.0
2023-12-06 12:00:00+09:00,1775.0,1778.0,1775.0,1775.0,12400,0.0,0.0
2023-12-06 13:00:00+09:00,1775.0,1775.0,1771.0,1772.0,3500,0.0,0.0
2023-12-06 14:00:00+09:00,1773.0,1778.0,1773.0,1778.0,3700,0.0,0.0
2023-12-07 09:00:00+09:00,1762.0,1762.0,1753.0,1755.0,5200,0.0,0.0
2023-12-07 10:00:00+09:00,1757.0,1764.0,1757.0,1762.0,1900,0.0,0.0
2023-12-07 11:00:00+09:00,1760.0,1760.0,1758.0,1758.0,0,0.0,0.0
2023-12-07 12:00:00+09:00,1759.0,1761.0,1759.0,1761.0,8800,0.0,0.0
2023-12-07 13:00:00+09:00,1762.0,1763.0,1759.0,1763.0,1800,0.0,0.0
2023-12-07 14:00:00+09:00,1764.0,1764.0,1759.0,1759.0,2700,0.0,0.0
2023-12-08 09:00:00+09:00,1751.0,1754.0,1744.0,1753.0,5900,0.0,0.0
2023-12-08 10:00:00+09:00,1753.0,1753.0,1747.0,1749.0,0,0.0,0.0
2023-12-08 11:00:00+09:00,1746.0,1746.0,1746.0,1746.0,0,0.0,0.0
2023-12-08 12:00:00+09:00,1747.0,1747.0,1744.0,1746.0,13000,0.0,0.0
2023-12-08 13:00:00+09:00,1747.0,1750.0,1747.0,1748.0,2000,0.0,0.0
2023-12-08 14:00:00+09:00,1747.0,1747.0,1743.0,1745.0,7700,0.0,0.0
2023-12-11 09:00:00+09:00,1750.0,1753.0,1747.0,1753.0,3400,0.0,0.0
2023-12-11 10:00:00+09:00,1755.0,1767.0,1748.0,1765.0,4600,0.0,0.0
2023-12-11 11:00:00+09:00,1762.0,1766.0,1759.0,1759.0,0,0.0,0.0
2023-12-11 12:00:00+09:00,1759.0,1759.0,1751.0,1755.0,12400,0.0,0.0
2023-12-11 13:00:00+09:00,1758.0,1764.0,1757.0,1758.0,2800,0.0,0.0
2023-12-11 14:00:00+09:00,1757.0,1760.0,1756.0,1758.0,1000,0.0,0.0
2023-12-12 09:00:00+09:00,1774.0,1774.0,1758.0,1766.0,3400,0.0,0.0
2023-12-12 10:00:00+09:00,1761.0,1765.0,1750.0,1763.0,4500,0.0,0.0
2023-12-12 11:00:00+09:00,1763.0,1763.0,1763.0,1763.0,0,0.0,0.0
2023-12-12 12:00:00+09:00,1755.0,1758.0,1751.0,1753.0,10200,0.0,0.0
2023-12-12 13:00:00+09:00,1751.0,1751.0,1749.0,1750.0,2300,0.0,0.0
2023-12-12 14:00:00+09:00,1748.0,1748.0,1743.0,1747.0,2700,0.0,0.0
2023-12-13 09:00:00+09:00,1750.0,1756.0,1747.0,1748.0,16500,0.0,0.0
2023-12-13 10:00:00+09:00,1745.0,1752.0,1745.0,1748.0,5200,0.0,0.0
2023-12-13 11:00:00+09:00,1751.0,1752.0,1751.0,1752.0,0,0.0,0.0
2023-12-13 12:00:00+09:00,1751.0,1752.0,1751.0,1752.0,23300,0.0,0.0
2023-12-13 13:00:00+09:00,1753.0,1753.0,1749.0,1751.0,1000,0.0,0.0
2023-12-13 14:00:00+09:00,1753.0,1755.0,1747.0,1750.0,5100,0.0,0.0
2023-12-14 09:00:00+09:00,1766.0,1766.0,1749.0,1749.0,6700,0.0,0.0
2023-12-14 10:00:00+09:00,1751.0,1754.0,1749.0,1751.0,2400,0.0,0.0
2023-12-14 11:00:00+09:00,1752.0,1753.0,1752.0,1753.0,0,0.0,0.0
2023-12-14 12:00:00+09:00,1753.0,1755.0,1745.0,1748.0,17100,0.0,0.0
2023-12-14 13:00:00+09:00,1748.0,1750.0,1742.0,1745.0,1500,0.0,0.0
2023-12-14 14:00:00+09:00,1747.0,1748.0,1740.0,1745.0,10500,0.0,0.0
2023-12-15 09:00:00+09:00,1737.0,1752.0,1735.0,1749.0,8000,0.0,0.0
2023-12-15 10:00:00+09:00,1749.0,1753.0,1746.0,1753.0,3900,0.0,0.0
2023-12-15 11:00:00+09:00,1751.0,1756.0,1751.0,1755.0,0,0.0,0.0
2023-12-15 12:00:00+09:00,1747.0,1764.0,1747.0,1756.0,20500,0.0,0.0
2023-12-15 13:00:00+09:00,1761.0,1762.0,1758.0,1761.0,2500,0.0,0.0
2023-12-15 14:00:00+09:00,1760.0,1763.0,1756.0,1762.0,4200,0.0,0.0
2023-12-18 09:00:00+09:00,1762.0,1762.0,1747.0,1750.0,0,0.0,0.0
2023-12-18 10:00:00+09:00,1748.0,1748.0,1740.0,1741.0,6100,0.0,0.0
2023-12-18 11:00:00+09:00,1742.0,1744.0,1741.0,1744.0,0,0.0,0.0
2023-12-18 12:00:00+09:00,1744.0,1746.0,1740.0,1746.0,9000,0.0,0.0
2023-12-18 13:00:00+09:00,1745.0,1746.0,1744.0,1746.0,600,0.0,0.0
2023-12-18 14:00:00+09:00,1746.0,1752.0,1745.0,1748.0,4500,0.0,0.0
2023-12-19 09:00:00+09:00,1760.0,1763.0,1747.0,1758.0,0,0.0,0.0
2023-12-19 10:00:00+09:00,1759.0,1759.0,1742.0,1752.0,12500,0.0,0.0
2023-12-19 11:00:00+09:00,1753.0,1753.0,1753.0,1753.0,0,0.0,0.0
2023-12-19 12:00:00+09:00,1759.0,1768.0,1756.0,1767.0,19000,0.0,0.0
2023-12-19 13:00:00+09:00,1764.0,1764.0,1756.0,1761.0,4600,0.0,0.0
2023-12-19 14:00:00+09:00,1761.0,1765.0,1756.0,1764.0,13300,0.0,0.0
2023-12-20 09:00:00+09:00,1775.0,1779.0,1768.0,1768.0,31200,0.0,0.0
2023-12-20 11:00:00+09:00,1764.0,1764.0,1755.0,1755.0,0,0.0,0.0
2023-12-20 12:00:00+09:00,1756.0,1759.0,1756.0,1759.0,37000,0.0,0.0
2023-12-20 13:00:00+09:00,1759.0,1759.0,1750.0,1754.0,4600,0.0,0.0
2023-12-20 14:00:00+09:00,1754.0,1755.0,1748.0,1748.0,4400,0.0,0.0
2023-12-21 09:00:00+09:00,1740.0,1746.0,1737.0,1741.0,12600,0.0,0.0
2023-12-21 10:00:00+09:00,1742.0,1746.0,1734.0,1746.0,11300,0.0,0.0
2023-12-21 11:00:00+09:00,1742.0,1742.0,1742.0,1742.0,0,0.0,0.0
2023-12-21 12:00:00+09:00,1740.0,1741.0,1740.0,1740.0,25000,0.0,0.0
2023-12-21 13:00:00+09:00,1737.0,1740.0,1731.0,1732.0,4900,0.0,0.0
2023-12-21 14:00:00+09:00,1731.0,1740.0,1725.0,1740.0,9500,0.0,0.0
2023-12-22 09:00:00+09:00,1736.0,1742.0,1728.0,1728.0,13400,0.0,0.0
2023-12-22 10:00:00+09:00,1728.0,1733.0,1725.0,1727.0,3800,0.0,0.0
2023-12-22 11:00:00+09:00,1727.0,1727.0,1721.0,1721.0,0,0.0,0.0
2023-12-22 12:00:00+09:00,1722.0,1725.0,1721.0,1723.0,26300,0.0,0.0
2023-12-22 13:00:00+09:00,1723.0,1724.0,1713.0,1714.0,7000,0.0,0.0
2023-12-22 14:00:00+09:00,1713.0,1719.0,1712.0,1714.0,7800,0.0,0.0
2023-12-25 09:00:00+09:00,1716.0,1716.0,1692.0,1699.0,39100,0.0,0.0
2023-12-25 10:00:00+09:00,1699.0,1700.0,1694.0,1694.0,3300,0.0,0.0
2023-12-25 11:00:00+09:00,1695.0,1696.0,1694.0,1694.0,0,0.0,0.0
2023-12-25 12:00:00+09:00,1693.0,1694.0,1686.0,1686.0,57100,0.0,0.0
2023-12-25 13:00:00+09:00,1686.0,1690.0,1683.0,1686.0,5500,0.0,0.0
2023-12-25 14:00:00+09:00,1685.0,1688.0,1682.0,1682.0,6800,0.0,0.0
2023-12-26 09:00:00+09:00,1675.0,1686.0,1675.0,1686.0,26600,0.0,0.0
2023-12-26 10:00:00+09:00,1683.0,1684.0,1674.0,1674.0,4600,0.0,0.0
2023-12-26 11:00:00+09:00,1675.0,1677.0,1673.0,1676.0,0,0.0,0.0
2023-12-26 12:00:00+09:00,1675.0,1675.0,1662.0,1666.0,44400,0.0,0.0
2023-12-26 13:00:00+09:00,1664.0,1666.0,1661.0,1665.0,4400,0.0,0.0
2023-12-26 14:00:00+09:00,1667.0,1672.0,1666.0,1670.0,5700,0.0,0.0
2023-12-27 09:00:00+09:00,1671.0,1713.0,1671.0,1712.0,29600,0.0,0.0
2023-12-27 10:00:00+09:00,1714.0,1721.0,1706.0,1721.0,9300,0.0,0.0
2023-12-27 11:00:00+09:00,1722.0,1722.0,1717.0,1717.0,0,0.0,0.0
2023-12-27 12:00:00+09:00,1717.0,1729.0,1717.0,1727.0,47600,0.0,0.0
2023-12-27 13:00:00+09:00,1725.0,1728.0,1716.0,1719.0,7800,0.0,0.0
2023-12-27 14:00:00+09:00,1722.0,1728.0,1722.0,1726.0,6800,0.0,0.0
2023-12-28 09:00:00+09:00,1730.0,1732.0,1721.0,1732.0,3100,0.0,0.0
2023-12-28 10:00:00+09:00,1733.0,1746.0,1731.0,1746.0,3100,0.0,0.0
2023-12-28 11:00:00+09:00,1747.0,1754.0,1743.0,1754.0,0,0.0,0.0
2023-12-28 12:00:00+09:00,1754.0,1760.0,1754.0,1755.0,20400,0.0,0.0
2023-12-28 13:00:00+09:00,1761.0,1773.0,1761.0,1766.0,6100,0.0,0.0
2023-12-28 14:00:00+09:00,1767.0,1769.0,1760.0,1762.0,3400,0.0,0.0
2023-12-29 09:00:00+09:00,1762.0,1767.0,1750.0,1758.0,0,0.0,0.0
2023-12-29 10:00:00+09:00,1757.0,1762.0,1757.0,1762.0,13400,0.0,0.0
2023-12-29 11:00:00+09:00,1762.0,1762.0,1762.0,1762.0,0,0.0,0.0
2023-12-29 12:00:00+09:00,1762.0,1762.0,1758.0,1760.0,15000,0.0,0.0
2023-12-29 13:00:00+09:00,1758.0,1758.0,1746.0,1746.0,8200,0.0,0.0
2023-12-29 14:00:00+09:00,1746.0,1747.0,1740.0,1747.0,8300,0.0,0.0
2024-01-04 09:00:00+09:00,1745.0,1745.0,1719.0,1730.0,5900,0.0,0.0
2024-01-04 10:00:00+09:00,1738.0,1739.0,1735.0,1737.0,2400,0.0,0.0
2024-01-04 11:00:00+09:00,1737.0,1737.0,1733.0,1733.0,0,0.0,0.0
2024-01-04 12:00:00+09:00,1738.0,1738.0,1733.0,1737.0,14800,0.0,0.0
2024-01-04 13:00:00+09:00,1735.0,1742.0,1735.0,1741.0,1600,0.0,0.0
2024-01-04 14:00:00+09:00,1741.0,1745.0,1739.0,1745.0,4800,0.0,0.0
2024-01-05 09:00:00+09:00,1749.0,1755.0,1742.0,1750.0,7400,0.0,0.0
2024-01-05 10:00:00+09:00,1751.0,1755.0,1751.0,1754.0,600,0.0,0.0
2024-01-05 11:00:00+09:00,1753.0,1753.0,1749.0,1753.0,0,0.0,0.0
2024-01-05 12:00:00+09:00,1750.0,1750.0,1750.0,1750.0,10200,0.0,0.0
2024-01-05 13:00:00+09:00,1749.0,1753.0,1748.0,1752.0,1400,0.0,0.0
2024-01-05 14:00:00+09:00,1751.0,1751.0,1744.0,1744.0,2100,0.0,0.0
2024-01-09 09:00:00+09:00,1754.0,1756.0,1742.0,1750.0,15500,0.0,0.0
2024-01-09 10:00:00+09:00,1752.0,1752.0,1745.0,1746.0,2500,0.0,0.0
2024-01-09 11:00:00+09:00,1746.0,1746.0,1740.0,1740.0,0,0.0,0.0
2024-01-09 12:00:00+09:00,1740.0,1742.0,1735.0,1735.0,23600,0.0,0.0
2024-01-09 13:00:00+09:00,1737.0,1737.0,1731.0,1736.0,1200,0.0,0.0
2024-01-09 14:00:00+09:00,1737.0,1741.0,1736.0,1739.0,1900,0.0,0.0
2024-01-10 09:00:00+09:00,1736.0,1751.0,1736.0,1751.0,5700,0.0,0.0
2024-01-10 10:00:00+09:00,1753.0,1755.0,1749.0,1751.0,4100,0.0,0.0
2024-01-10 11:00:00+09:00,1755.0,1756.0,1751.0,1751.0,0,0.0,0.0
2024-01-10 12:00:00+09:00,1751.0,1757.0,1751.0,1757.0,14400,0.0,0.0
2024-01-10 13:00:00+09:00,1755.0,1758.0,1752.0,1758.0,2800,0.0,0.0
2024-01-10 14:00:00+09:00,1756.0,1758.0,1754.0,1754.0,1300,0.0,0.0
2024-01-11 09:00:00+09:00,1774.0,1780.0,1768.0,1768.0,8200,0.0,0.0
2024-01-11 10:00:00+09:00,1771.0,1777.0,1769.0,1775.0,3900,0.0,0.0
2024-01-11 11:00:00+09:00,1775.0,1779.0,1775.0,1779.0,0,0.0,0.0
2024-01-11 12:00:00+09:00,1778.0,1782.0,1776.0,1782.0,17400,0.0,0.0
2024-01-11 13:00:00+09:00,1781.0,1781.0,1778.0,1781.0,600,0.0,0.0
2024-01-11 14:00:00+09:00,1778.0,1782.0,1777.0,1777.0,5700,0.0,0.0
2024-01-12 09:00:00+09:00,1772.0,1784.0,1765.0,1766.0,14800,0.0,0.0
2024-01-12 10:00:00+09:00,1766.0,1772.0,1762.0,1772.0,4000,0.0,0.0
2024-01-12 11:00:00+09:00,1769.0,1770.0,1767.0,1769.0,0,0.0,0.0
2024-01-12 12:00:00+09:00,1765.0,1767.0,1765.0,1766.0,46500,0.0,0.0
2024-01-12 13:00:00+09:00,1767.0,1770.0,1766.0,1769.0,6600,0.0,0.0
2024-01-12 14:00:00+09:00,1772.0,1777.0,1771.0,1771.0,5500,0.0,0.0
2024-01-15 09:00:00+09:00,1785.0,1805.0,1785.0,1805.0,0,0.0,0.0
2024-01-15 10:00:00+09:00,1804.0,1804.0,1798.0,1801.0,16300,0.0,0.0
2024-01-15 11:00:00+09:00,1803.0,1803.0,1798.0,1800.0,0,0.0,0.0
2024-01-15 12:00:00+09:00,1803.0,1809.0,1803.0,1809.0,19900,0.0,0.0
2024-01-15 13:00:00+09:00,1806.0,1807.0,1799.0,1805.0,6700,0.0,0.0
2024-01-15 14:00:00+09:00,1803.0,1803.0,1800.0,1802.0,1500,0.0,0.0
2024-01-16 09:00:00+09:00,1801.0,1801.0,1780.0,1780.0,6000,0.0,0.0
2024-01-16 10:00:00+09:00,1778.0,1778.0,1772.0,1776.0,3100,0.0,0.0
2024-01-16 11:00:00+09:00,1776.0,1779.0,1776.0,1779.0,0,0.0,0.0
2024-01-16 12:00:00+09:00,1779.0,1779.0,1772.0,1776.0,13200,0.0,0.0
2024-01-16 13:00:00+09:00,1774.0,1775.0,1770.0,1773.0,2700,0.0,0.0
2024-01-16 14:00:00+09:00,1774.0,1780.0,1773.0,1773.0,2100,0.0,0.0
2024-01-17 09:00:00+09:00,1771.0,1784.0,1771.0,1784.0,3200,0.0,0.0
2024-01-17 10:00:00+09:00,1784.0,1789.0,1778.0,1778.0,3000,0.0,0.0
2024-01-17 11:00:00+09:00,1776.0,1776.0,1774.0,1774.0,0,0.0,0.0
2024-01-17 12:00:00+09:00,1771.0,1774.0,1767.0,1767.0,8000,0.0,0.0
2024-01-17 13:00:00+09:00,1766.0,1772.0,1764.0,1771.0,1800,0.0,0.0
2024-01-17 14:00:00+09:00,1770.0,1770.0,1765.0,1766.0,2700,0.0,0.0
2024-01-18 09:00:00+09:00,1779.0,1782.0,1762.0,1777.0,2800,0.0,0.0
2024-01-18 10:00:00+09:00,1777.0,1779.0,1776.0,1779.0,1000,0.0,0.0
2024-01-18 11:00:00+09:00,1779.0,1779.0,1779.0,1779.0,0,0.0,0.0
2024-01-18 12:00:00+09:00,1783.0,1783.0,1783.0,1783.0,4200,0.0,0.0
2024-01-18 13:00:00+09:00,1783.0,1786.0,1779.0,1779.0,4000,0.0,0.0
2024-01-18 14:00:00+09:00,1781.0,1783.0,1776.0,1783.0,2700,0.0,0.0
2024-01-19 09:00:00+09:00,1789.0,1796.0,1778.0,1788.0,4700,0.0,0.0
2024-01-19 10:00:00+09:00,1790.0,1805.0,1790.0,1805.0,4300,0.0,0.0
2024-01-19 11:00:00+09:00,1805.0,1805.0,1800.0,1800.0,0,0.0,0.0
2024-01-19 12:00:00+09:00,1800.0,1800.0,1787.0,1787.0,14500,0.0,0.0
2024-01-19 13:00:00+09:00,1787.0,1787.0,1786.0,1786.0,1400,0.0,0.0
2024-01-19 14:00:00+09:00,1789.0,1792.0,1788.0,1788.0,2400,0.0,0.0
2024-01-22 09:00:00+09:00,1791.0,1802.0,1791.0,1800.0,0,0.0,0.0
2024-01-22 10:00:00+09:00,1800.0,1805.0,1793.0,1798.0,0,0.0,0.0
2024-01-22 11:00:00+09:00,1800.0,1800.0,1793.0,1793.0,0,0.0,0.0
2024-01-22 12:00:00+09:00,1793.0,1796.0,1793.0,1794.0,15300,0.0,0.0
2024-01-22 13:00:00+09:00,1797.0,1800.0,1793.0,1797.0,2200,0.0,0.0
2024-01-22 14:00:00+09:00,1800.0,1803.0,1797.0,1803.0,1900,0.0,0.0
2024-01-23 09:00:00+09:00,1802.0,1811.0,1800.0,1803.0,3700,0.0,0.0
2024-01-23 10:00:00+09:00,1803.0,1805.0,1800.0,1803.0,2400,0.0,0.0
2024-01-23 11:00:00+09:00,1804.0,1805.0,1800.0,1800.0,0,0.0,0.0
2024-01-23 12:00:00+09:00,1804.0,1806.0,1795.0,1796.0,9500,0.0,0.0
2024-01-23 13:00:00+09:00,1796.0,1803.0,1795.0,1802.0,800,0.0,0.0
2024-01-23 14:00:00+09:00,1802.0,1802.0,1795.0,1801.0,2800,0.0,0.0
2024-01-24 09:00:00+09:00,1802.0,1805.0,1798.0,1799.0,3400,0.0,0.0
2024-01-24 10:00:00+09:00,1798.0,1800.0,1792.0,1792.0,5000,0.0,0.0
2024-01-24 11:00:00+09:00,1795.0,1795.0,1790.0,1791.0,0,0.0,0.0
2024-01-24 12:00:00+09:00,1791.0,1795.0,1790.0,1790.0,13000,0.0,0.0
2024-01-24 13:00:00+09:00,1792.0,1792.0,1781.0,1791.0,5300,0.0,0.0
2024-01-24 14:00:00+09:00,1788.0,1797.0,1786.0,1797.0,2900,0.0,0.0
2024-01-25 09:00:00+09:00,1799.0,1803.0,1793.0,1800.0,4200,0.0,0.0
2024-01-25 10:00:00+09:00,1801.0,1805.0,1799.0,1803.0,2400,0.0,0.0
2024-01-25 11:00:00+09:00,1802.0,1805.0,1802.0,1805.0,0,0.0,0.0
2024-01-25 12:00:00+09:00,1805.0,1813.0,1804.0,1812.0,12900,0.0,0.0
2024-01-25 13:00:00+09:00,1813.0,1832.0,1811.0,1829.0,11100,0.0,0.0
2024-01-25 14:00:00+09:00,1832.0,1833.0,1828.0,1833.0,4000,0.0,0.0
2024-01-26 09:00:00+09:00,1837.0,1856.0,1822.0,1845.0,0,0.0,0.0
2024-01-26 10:00:00+09:00,1853.0,1856.0,1851.0,1854.0,16900,0.0,0.0
2024-01-26 11:00:00+09:00,1851.0,1851.0,1849.0,1851.0,0,0.0,0.0
2024-01-26 12:00:00+09:00,1850.0,1851.0,1843.0,1848.0,20300,0.0,0.0
2024-01-26 13:00:00+09:00,1848.0,1850.0,1846.0,1849.0,4100,0.0,0.0
2024-01-26 14:00:00+09:00,1847.0,1849.0,1831.0,1844.0,10900,0.0,0.0
2024-01-29 09:00:00+09:00,1844.0,1854.0,1823.0,1827.0,10000,0.0,0.0
2024-01-29 10:00:00+09:00,1825.0,1827.0,1819.0,1825.0,4200,0.0,0.0
2024-01-29 11:00:00+09:00,1827.0,1831.0,1822.0,1830.0,0,0.0,0.0
2024-01-29 12:00:00+09:00,1831.0,1841.0,1831.0,1840.0,20900,0.0,0.0
2024-01-29 13:00:00+09:00,1837.0,1841.0,1833.0,1836.0,0,0.0,0.0
2024-01-29 14:00:00+09:00,1836.0,1838.0,1829.0,1834.0,26000,0.0,0.0
2024-01-30 09:00:00+09:00,1830.0,1844.0,1830.0,1840.0,5300,0.0,0.0
2024-01-30 10:00:00+09:00,1840.0,1849.0,1835.0,1848.0,4200,0.0,0.0
2024-01-30 11:00:00+09:00,1847.0,1848.0,1843.0,1845.0,0,0.0,0.0
2024-01-30 12:00:00+09:00,1845.0,1849.0,1845.0,1849.0,12400,0.0,0.0
2024-01-30 13:00:00+09:00,1849.0,1863.0,1849.0,1852.0,10500,0.0,0.0
2024-01-30 14:00:00+09:00,1855.0,1858.0,1850.0,1856.0,5500,0.0,0.0
2024-01-31 09:00:00+09:00,1860.0,1860.0,1817.0,1825.0,13300,0.0,0.0
2024-01-31 10:00:00+09:00,1821.0,1834.0,1817.0,1822.0,8900,0.0,0.0
2024-01-31 11:00:00+09:00,1819.0,1821.0,1815.0,1818.0,0,0.0,0.0
2024-01-31 12:00:00+09:00,1830.0,1834.0,1818.0,1834.0,27900,0.0,0.0
2024-01-31 13:00:00+09:00,1829.0,1835.0,1827.0,1833.0,5500,0.0,0.0
2024-01-31 14:00:00+09:00,1834.0,1845.0,1829.0,1845.0,6700,0.0,0.0
2024-02-01 09:00:00+09:00,1791.0,1802.0,1750.0,1754.0,41500,0.0,0.0
2024-02-01 10:00:00+09:00,1754.0,1770.0,1745.0,1763.0,21100,0.0,0.0
2024-02-01 11:00:00+09:00,1767.0,1767.0,1761.0,1763.0,0,0.0,0.0
2024-02-01 12:00:00+09:00,1761.0,1767.0,1750.0,1752.0,72800,0.0,0.0
2024-02-01 13:00:00+09:00,1751.0,1758.0,1748.0,1750.0,11400,0.0,0.0
2024-02-01 14:00:00+09:00,1750.0,1750.0,1736.0,1736.0,29300,0.0,0.0
2024-02-02 09:00:00+09:00,1735.0,1750.0,1701.0,1734.0,35600,0.0,0.0
2024-02-02 10:00:00+09:00,1733.0,1742.0,1729.0,1736.0,7500,0.0,0.0
2024-02-02 11:00:00+09:00,1737.0,1742.0,1731.0,1731.0,0,0.0,0.0
2024-02-02 12:00:00+09:00,1731.0,1748.0,1731.0,1735.0,53200,0.0,0.0
2024-02-02 13:00:00+09:00,1735.0,1737.0,1733.0,1737.0,5200,0.0,0.0
2024-02-02 14:00:00+09:00,1737.0,1739.0,1728.0,1739.0,15700,0.0,0.0
2024-02-05 09:00:00+09:00,1731.0,1733.0,1717.0,1721.0,16200,0.0,0.0
2024-02-05 10:00:00+09:00,1723.0,1734.0,1722.0,1734.0,8400,0.0,0.0
2024-02-05 11:00:00+09:00,1735.0,1735.0,1731.0,1732.0,0,0.0,0.0
2024-02-05 12:00:00+09:00,1731.0,1735.0,1724.0,1733.0,36800,0.0,0.0
2024-02-05 13:00:00+09:00,1732.0,1738.0,1730.0,1738.0,6700,0.0,0.0
2024-02-05 14:00:00+09:00,1736.0,1741.0,1736.0,1740.0,8200,0.0,0.0
2024-02-06 09:00:00+09:00,1733.0,1740.0,1721.0,1725.0,7000,0.0,0.0
2024-02-06 10:00:00+09:00,1724.0,1734.0,1722.0,1729.0,3700,0.0,0.0
2024-02-06 11:00:00+09:00,1732.0,1735.0,1729.0,1730.0,0,0.0,0.0
2024-02-06 12:00:00+09:00,1730.0,1733.0,1724.0,1728.0,18300,0.0,0.0
2024-02-06 13:00:00+09:00,1728.0,1747.0,1728.0,1747.0,8100,0.0,0.0
2024-02-06 14:00:00+09:00,1745.0,1747.0,1740.0,1740.0,5400,0.0,0.0
2024-02-07 09:00:00+09:00,1725.0,1736.0,1711.0,1721.0,0,0.0,0.0
2024-02-07 10:00:00+09:00,1724.0,1729.0,1722.0,1726.0,29500,0.0,0.0
2024-02-07 11:00:00+09:00,1726.0,1733.0,1724.0,1729.0,0,0.0,0.0
2024-02-07 12:00:00+09:00,1728.0,1730.0,1719.0,1720.0,38800,0.0,0.0
2024-02-07 13:00:00+09:00,1721.0,1726.0,1720.0,1725.0,5800,0.0,0.0
2024-02-07 14:00:00+09:00,1725.0,1726.0,1718.0,1724.0,7600,0.0,0.0
2024-02-08 09:00:00+09:00,1717.0,1735.0,1717.0,1729.0,13200,0.0,0.0
2024-02-08 10:00:00+09:00,1730.0,1745.0,1730.0,1743.0,5900,0.0,0.0
2024-02-08 11:00:00+09:00,1742.0,1744.0,1740.0,1744.0,0,0.0,0.0
2024-02-08 12:00:00+09:00,1744.0,1754.0,1736.0,1754.0,28200,0.0,0.0
2024-02-08 13:00:00+09:00,1754.0,1757.0,1748.0,1756.0,13900,0.0,0.0
2024-02-08 14:00:00+09:00,1754.0,1760.0,1749.0,1749.0,4600,0.0,0.0
2024-02-09 09:00:00+09:00,1753.0,1753.0,1729.0,1731.0,3500,0.0,0.0
2024-02-09 10:00:00+09:00,1734.0,1741.0,1731.0,1736.0,2200,0.0,0.0
2024-02-09 11:00:00+09:00,1736.0,1736.0,1732.0,1732.0,0,0.0,0.0
2024-02-09 12:00:00+09:00,1730.0,1733.0,1728.0,1731.0,16000,0.0,0.0
2024-02-09 13:00:00+09:00,1732.0,1735.0,1731.0,1732.0,2000,0.0,0.0
2024-02-09 14:00:00+09:00,1733.0,1736.0,1731.0,1731.0,3100,0.0,0.0
2024-02-13 09:00:00+09:00,1730.0,1737.0,1705.0,1705.0,18800,0.0,0.0
2024-02-13 10:00:00+09:00,1707.0,1712.0,1702.0,1704.0,6000,0.0,0.0
2024-02-13 11:00:00+09:00,1711.0,1714.0,1711.0,1713.0,0,0.0,0.0
2024-02-13 12:00:00+09:00,1713.0,1728.0,1711.0,1728.0,31800,0.0,0.0
2024-02-13 13:00:00+09:00,1721.0,1724.0,1718.0,1721.0,4300,0.0,0.0
2024-02-13 14:00:00+09:00,1719.0,1723.0,1717.0,1721.0,3400,0.0,0.0
2024-02-14 09:00:00+09:00,1710.0,1716.0,1697.0,1705.0,19900,0.0,0.0
2024-02-14 10:00:00+09:00,1706.0,1708.0,1699.0,1699.0,6100,0.0,0.0
2024-02-14 11:00:00+09:00,1700.0,1705.0,1697.0,1700.0,0,0.0,0.0
2024-02-14 12:00:00+09:00,1700.0,1700.0,1694.0,1695.0,33400,0.0,0.0
2024-02-14 13:00:00+09:00,1697.0,1701.0,1696.0,1697.0,3800,0.0,0.0
2024-02-14 14:00:00+09:00,1695.0,1701.0,1695.0,1699.0,3100,0.0,0.0
2024-02-15 09:00:00+09:00,1707.0,1712.0,1694.0,1695.0,10800,0.0,0.0
2024-02-15 10:00:00+09:00,1695.0,1696.0,1689.0,1691.0,7800,0.0,0.0
2024-02-15 11:00:00+09:00,1691.0,1694.0,1690.0,1690.0,0,0.0,0.0
2024-02-15 12:00:00+09:00,1693.0,1701.0,1689.0,1701.0,29800,0.0,0.0
2024-02-15 13:00:00+09:00,1700.0,1705.0,1696.0,1699.0,4600,0.0,0.0
2024-02-15 14:00:00+09:00,1699.0,1702.0,1698.0,1698.0,3500,0.0,0.0
2024-02-16 09:00:00+09:00,1699.0,1705.0,1691.0,1695.0,6800,0.0,0.0
2024-02-16 10:00:00+09:00,1692.0,1700.0,1687.0,1687.0,6600,0.0,0.0
2024-02-16 11:00:00+09:00,1686.0,1695.0,1685.0,1694.0,0,0.0,0.0
2024-02-16 12:00:00+09:00,1694.0,1704.0,1690.0,1704.0,23800,0.0,0.0
2024-02-16 13:00:00+09:00,1704.0,1705.0,1690.0,1691.0,7000,0.0,0.0
2024-02-16 14:00:00+09:00,1692.0,1698.0,1690.0,1694.0,3900,0.0,0.0
2024-02-19 09:00:00+09:00,1689.0,1695.0,1686.0,1690.0,4400,0.0,0.0
2024-02-19 10:00:00+09:00,1693.0,1694.0,1681.0,1687.0,9400,0.0,0.0
2024-02-19 11:00:00+09:00,1685.0,1686.0,1683.0,1684.0,0,0.0,0.0
2024-02-19 12:00:00+09:00,1681.0,1682.0,1677.0,1678.0,28700,0.0,0.0
2024-02-19 13:00:00+09:00,1679.0,1684.0,1679.0,1683.0,5200,0.0,0.0
2024-02-19 14:00:00+09:00,1681.0,1682.0,1676.0,1682.0,12700,0.0,0.0
2024-02-20 09:00:00+09:00,1689.0,1711.0,1684.0,1706.0,18100,0.0,0.0
2024-02-20 10:00:00+09:00,1707.0,1711.0,1704.0,1711.0,6500,0.0,0.0
2024-02-20 11:00:00+09:00,1711.0,1712.0,1705.0,1708.0,0,0.0,0.0
2024-02-20 12:00:00+09:00,1708.0,1708.0,1700.0,1706.0,29900,0.0,0.0
2024-02-20 13:00:00+09:00,1704.0,1708.0,1704.0,1706.0,4000,0.0,0.0
2024-02-20 14:00:00+09:00,1705.0,1709.0,1703.0,1703.0,8700,0.0,0.0
2024-02-21 09:00:00+09:00,1708.0,1711.0,1699.0,1702.0,0,0.0,0.0
2024-02-21 10:00:00+09:00,1702.0,1710.0,1702.0,1707.0,25700,0.0,0.0
2024-02-21 11:00:00+09:00,1706.0,1711.0,1704.0,1705.0,0,0.0,0.0
2024-02-21 12:00:00+09:00,1704.0,1706.0,1702.0,1702.0,35500,0.0,0.0
2024-02-21 13:00:00+09:00,1703.0,1713.0,1700.0,1711.0,8400,0.0,0.0
2024-02-21 14:00:00+09:00,1712.0,1715.0,1710.0,1711.0,4300,0.0,0.0
2024-02-22 09:00:00+09:00,1745.0,1759.0,1741.0,1752.0,19200,0.0,0.0
2024-02-22 10:00:00+09:00,1752.0,1762.0,1749.0,1761.0,8400,0.0,0.0
2024-02-22 11:00:00+09:00,1762.0,1762.0,1760.0,1762.0,0,0.0,0.0
2024-02-22 12:00:00+09:00,1760.0,1762.0,1760.0,1760.0,32200,0.0,0.0
2024-02-22 13:00:00+09:00,1760.0,1762.0,1756.0,1762.0,7600,0.0,0.0
2024-02-22 14:00:00+09:00,1760.0,1771.0,1760.0,1765.0,9900,0.0,0.0
2024-02-26 09:00:00+09:00,1769.0,1775.0,1760.0,1766.0,0,0.0,0.0
2024-02-26 10:00:00+09:00,1765.0,1770.0,1763.0,1768.0,22800,0.0,0.0
2024-02-26 11:00:00+09:00,1767.0,1768.0,1765.0,1768.0,0,0.0,0.0
2024-02-26 12:00:00+09:00,1768.0,1769.0,1766.0,1769.0,25900,0.0,0.0
2024-02-26 13:00:00+09:00,1769.0,1771.0,1767.0,1771.0,3500,0.0,0.0
2024-02-26 14:00:00+09:00,1771.0,1771.0,1768.0,1768.0,2700,0.0,0.0
2024-02-27 09:00:00+09:00,1766.0,1798.0,1766.0,1793.0,19100,0.0,0.0
2024-02-27 10:00:00+09:00,1792.0,1795.0,1788.0,1790.0,3200,0.0,0.0
2024-02-27 11:00:00+09:00,1788.0,1788.0,1783.0,1787.0,0,0.0,0.0
2024-02-27 12:00:00+09:00,1787.0,1787.0,1782.0,1783.0,32200,0.0,0.0
2024-02-27 13:00:00+09:00,1784.0,1786.0,1781.0,1781.0,3500,0.0,0.0
2024-02-27 14:00:00+09:00,1780.0,1782.0,1777.0,1779.0,4000,0.0,0.0
2024-02-28 09:00:00+09:00,1779.0,1812.0,1779.0,1801.0,23400,0.0,0.0
2024-02-28 10:00:00+09:00,1802.0,1802.0,1793.0,1799.0,5700,0.0,0.0
2024-02-28 11:00:00+09:00,1800.0,1801.0,1800.0,1801.0,0,0.0,0.0
2024-02-28 12:00:00+09:00,1801.0,1801.0,1794.0,1794.0,36900,0.0,0.0
2024-02-28 13:00:00+09:00,1799.0,1799.0,1794.0,1798.0,3600,0.0,0.0
2024-02-28 14:00:00+09:00,1796.0,1796.0,1787.0,1789.0,9500,0.0,0.0
2024-02-29 09:00:00+09:00,1789.0,1796.0,1780.0,1780.0,0,0.0,0.0
2024-02-29 10:00:00+09:00,1779.0,1785.0,1772.0,1781.0,21100,0.0,0.0
2024-02-29 11:00:00+09:00,1780.0,1780.0,1776.0,1778.0,0,0.0,0.0
2024-02-29 12:00:00+09:00,1775.0,1780.0,1774.0,1780.0,26100,0.0,0.0
2024-02-29 13:00:00+09:00,1781.0,1781.0,1766.0,1780.0,12300,0.0,0.0
2024-02-29 14:00:00+09:00,1780.0,1781.0,1777.0,1778.0,4500,0.0,0.0
2024-03-01 09:00:00+09:00,1781.0,1783.0,1752.0,1755.0,17100,0.0,0.0
2024-03-01 10:00:00+09:00,1754.0,1763.0,1750.0,1761.0,11200,0.0,0.0
2024-03-01 11:00:00+09:00,1761.0,1763.0,1761.0,1761.0,0,0.0,0.0
2024-03-01 12:00:00+09:00,1761.0,1762.0,1755.0,1755.0,40400,0.0,0.0
2024-03-01 13:00:00+09:00,1755.0,1763.0,1755.0,1756.0,6200,0.0,0.0
2024-03-01 14:00:00+09:00,1756.0,1756.0,1753.0,1756.0,5500,0.0,0.0
2024-03-04 09:00:00+09:00,1753.0,1760.0,1753.0,1760.0,4500,0.0,0.0
2024-03-04 10:00:00+09:00,1763.0,1763.0,1758.0,1758.0,1800,0.0,0.0
2024-03-04 11:00:00+09:00,1757.0,1757.0,1753.0,1756.0,0,0.0,0.0
2024-03-04 12:00:00+09:00,1754.0,1767.0,1754.0,1767.0,12000,0.0,0.0
2024-03-04 13:00:00+09:00,1765.0,1770.0,1762.0,1770.0,5200,0.0,0.0
2024-03-04 14:00:00+09:00,1767.0,1770.0,1763.0,1765.0,5300,0.0,0.0
2024-03-05 09:00:00+09:00,1770.0,1799.0,1767.0,1787.0,16800,0.0,0.0
2024-03-05 10:00:00+09:00,1787.0,1802.0,1787.0,1802.0,7600,0.0,0.0
2024-03-05 11:00:00+09:00,1802.0,1805.0,1800.0,1804.0,0,0.0,0.0
2024-03-05 12:00:00+09:00,1804.0,1804.0,1801.0,1803.0,30100,0.0,0.0
2024-03-05 13:00:00+09:00,1802.0,1807.0,1800.0,1801.0,9400,0.0,0.0
2024-03-05 14:00:00+09:00,1802.0,1804.0,1795.0,1800.0,5600,0.0,0.0
2024-03-06 09:00:00+09:00,1820.0,1876.0,1812.0,1866.0,43000,0.0,0.0
2024-03-06 10:00:00+09:00,1866.0,1870.0,1862.0,1863.0,4700,0.0,0.0
2024-03-06 11:00:00+09:00,1863.0,1863.0,1851.0,1851.0,0,0.0,0.0
2024-03-06 12:00:00+09:00,1854.0,1855.0,1850.0,1850.0,57200,0.0,0.0
2024-03-06 13:00:00+09:00,1849.0,1857.0,1845.0,1855.0,9800,0.0,0.0
2024-03-06 14:00:00+09:00,1852.0,1857.0,1848.0,1852.0,5600,0.0,0.0
2024-03-07 09:00:00+09:00,1862.0,1875.0,1845.0,1862.0,0,0.0,0.0
2024-03-07 10:00:00+09:00,1861.0,1863.0,1854.0,1854.0,24700,0.0,0.0
2024-03-07 11:00:00+09:00,1853.0,1860.0,1848.0,1860.0,0,0.0,0.0
2024-03-07 12:00:00+09:00,1857.0,1859.0,1849.0,1858.0,36400,0.0,0.0
2024-03-07 13:00:00+09:00,1860.0,1861.0,1858.0,1858.0,4100,0.0,0.0
2024-03-07 14:00:00+09:00,1860.0,1861.0,1854.0,1861.0,4300,0.0,0.0
2024-03-08 09:00:00+09:00,1863.0,1863.0,1849.0,1849.0,3100,0.0,0.0
2024-03-08 10:00:00+09:00,1845.0,1849.0,1840.0,1843.0,4000,0.0,0.0
2024-03-08 11:00:00+09:00,1841.0,1844.0,1839.0,1839.0,0,0.0,0.0
2024-03-08 12:00:00+09:00,1839.0,1843.0,1837.0,1838.0,12900,0.0,0.0
2024-03-08 13:00:00+09:00,1839.0,1845.0,1837.0,1839.0,3400,0.0,0.0
2024-03-08 14:00:00+09:00,1837.0,1837.0,1828.0,1828.0,14300,0.0,0.0
2024-03-11 09:00:00+09:00,1802.0,1863.0,1802.0,1852.0,29800,0.0,0.0
2024-03-11 10:00:00+09:00,1851.0,1858.0,1844.0,1850.0,10900,0.0,0.0
2024-03-11 11:00:00+09:00,1850.0,1853.0,1843.0,1848.0,0,0.0,0.0
2024-03-11 12:00:00+09:00,1850.0,1850.0,1826.0,1826.0,48700,0.0,0.0
2024-03-11 13:00:00+09:00,1827.0,1844.0,1820.0,1824.0,13900,0.0,0.0
2024-03-11 14:00:00+09:00,1822.0,1840.0,1822.0,1840.0,7000,0.0,0.0
2024-03-12 09:00:00+09:00,1840.0,1894.0,1834.0,1873.0,34900,0.0,0.0
2024-03-12 10:00:00+09:00,1872.0,1874.0,1865.0,1871.0,7700,0.0,0.0
2024-03-12 11:00:00+09:00,1871.0,1874.0,1870.0,1874.0,0,0.0,0.0
2024-03-12 12:00:00+09:00,1875.0,1887.0,1868.0,1880.0,55000,0.0,0.0
2024-03-12 13:00:00+09:00,1883.0,1888.0,1876.0,1878.0,7000,0.0,0.0
2024-03-12 14:00:00+09:00,1878.0,1885.0,1873.0,1885.0,7100,0.0,0.0
2024-03-13 09:00:00+09:00,1890.0,1890.0,1835.0,1835.0,13000,0.0,0.0
2024-03-13 10:00:00+09:00,1835.0,1836.0,1830.0,1836.0,3100,0.0,0.0
2024-03-13 11:00:00+09:00,1838.0,1838.0,1832.0,1834.0,0,0.0,0.0
2024-03-13 12:00:00+09:00,1834.0,1834.0,1825.0,1826.0,20400,0.0,0.0
2024-03-13 13:00:00+09:00,1826.0,1830.0,1825.0,1830.0,1600,0.0,0.0
2024-03-13 14:00:00+09:00,1830.0,1832.0,1825.0,1829.0,3900,0.0,0.0
2024-03-14 09:00:00+09:00,1837.0,1862.0,1829.0,1851.0,13100,0.0,0.0
2024-03-14 10:00:00+09:00,1849.0,1850.0,1847.0,1847.0,1400,0.0,0.0
2024-03-14 11:00:00+09:00,1849.0,1856.0,1848.0,1848.0,0,0.0,0.0
2024-03-14 12:00:00+09:00,1848.0,1855.0,1848.0,1853.0,22400,0.0,0.0
2024-03-14 13:00:00+09:00,1854.0,1855.0,1853.0,1855.0,2800,0.0,0.0
2024-03-14 14:00:00+09:00,1854.0,1859.0,1852.0,1857.0,7900,0.0,0.0
2024-03-15 09:00:00+09:00,1850.0,1863.0,1848.0,1852.0,7500,0.0,0.0
2024-03-15 10:00:00+09:00,1846.0,1849.0,1846.0,1849.0,200,0.0,0.0
2024-03-15 11:00:00+09:00,1846.0,1854.0,1846.0,1852.0,0,0.0,0.0
2024-03-15 12:00:00+09:00,1852.0,1853.0,1850.0,1853.0,9300,0.0,0.0
2024-03-15 13:00:00+09:00,1849.0,1852.0,1847.0,1849.0,2300,0.0,0.0
2024-03-15 14:00:00+09:00,1848.0,1851.0,1848.0,1850.0,800,0.0,0.0
2024-03-18 09:00:00+09:00,1850.0,1854.0,1839.0,1845.0,0,0.0,0.0
2024-03-18 10:00:00+09:00,1845.0,1855.0,1845.0,1852.0,10100,0.0,0.0
2024-03-18 11:00:00+09:00,1852.0,1852.0,1852.0,1852.0,0,0.0,0.0
2024-03-18 12:00:00+09:00,1850.0,1850.0,1850.0,1850.0,10500,0.0,0.0
2024-03-18 13:00:00+09:00,1852.0,1855.0,1848.0,1852.0,4400,0.0,0.0
2024-03-18 14:00:00+09:00,1854.0,1854.0,1847.0,1847.0,2800,0.0,0.0
2024-03-19 09:00:00+09:00,1850.0,1851.0,1832.0,1835.0,11800,0.0,0.0
2024-03-19 10:00:00+09:00,1837.0,1843.0,1837.0,1839.0,2100,0.0,0.0
2024-03-19 11:00:00+09:00,1840.0,1842.0,1840.0,1842.0,0,0.0,0.0
2024-03-19 12:00:00+09:00,1840.0,1847.0,1840.0,1845.0,16300,0.0,0.0
2024-03-19 13:00:00+09:00,1847.0,1847.0,1842.0,1846.0,2000,0.0,0.0
2024-03-19 14:00:00+09:00,1845.0,1846.0,1843.0,1846.0,2800,0.0,0.0
2024-03-21 09:00:00+09:00,1870.0,1876.0,1858.0,1860.0,6300,0.0,0.0
2024-03-21 10:00:00+09:00,1860.0,1862.0,1858.0,1860.0,900,0.0,0.0
2024-03-21 11:00:00+09:00,1862.0,1862.0,1857.0,1859.0,0,0.0,0.0
2024-03-21 12:00:00+09:00,1859.0,1859.0,1854.0,1854.0,13100,0.0,0.0
2024-03-21 13:00:00+09:00,1854.0,1856.0,1852.0,1855.0,2400,0.0,0.0
2024-03-21 14:00:00+09:00,1855.0,1856.0,1852.0,1856.0,3800,0.0,0.0
2024-03-22 09:00:00+09:00,1867.0,1874.0,1857.0,1871.0,8600,0.0,0.0
2024-03-22 10:00:00+09:00,1874.0,1889.0,1871.0,1873.0,13700,0.0,0.0
2024-03-22 11:00:00+09:00,1871.0,1878.0,1871.0,1877.0,0,0.0,0.0
2024-03-22 12:00:00+09:00,1883.0,1883.0,1866.0,1872.0,25200,0.0,0.0
2024-03-22 13:00:00+09:00,1872.0,1874.0,1870.0,1871.0,3700,0.0,0.0
2024-03-22 14:00:00+09:00,1876.0,1880.0,1871.0,1871.0,5400,0.0,0.0
2024-03-25 09:00:00+09:00,1878.0,1879.0,1866.0,1873.0,6000,0.0,0.0
2024-03-25 10:00:00+09:00,1876.0,1881.0,1873.0,1873.0,1800,0.0,0.0
2024-03-25 11:00:00+09:00,1873.0,1879.0,1872.0,1877.0,0,0.0,0.0
2024-03-25 12:00:00+09:00,1879.0,1879.0,1873.0,1878.0,11900,0.0,0.0
2024-03-25 13:00:00+09:00,1878.0,1882.0,1878.0,1880.0,4700,0.0,0.0
2024-03-25 14:00:00+09:00,1880.0,1880.0,1877.0,1878.0,3800,0.0,0.0
2024-03-26 09:00:00+09:00,1882.0,1903.0,1879.0,1890.0,24800,0.0,0.0
2024-03-26 10:00:00+09:00,1892.0,1893.0,1889.0,1891.0,5000,0.0,0.0
2024-03-26 11:00:00+09:00,1892.0,1894.0,1892.0,1894.0,0,0.0,0.0
2024-03-26 12:00:00+09:00,1895.0,1897.0,1892.0,1897.0,36800,0.0,0.0
2024-03-26 13:00:00+09:00,1898.0,1898.0,1891.0,1896.0,7100,0.0,0.0
2024-03-26 14:00:00+09:00,1897.0,1897.0,1893.0,1893.0,7400,0.0,0.0
2024-03-27 09:00:00+09:00,1904.0,1904.0,1870.0,1870.0,9600,0.0,0.0
2024-03-27 10:00:00+09:00,1870.0,1870.0,1852.0,1852.0,7000,0.0,0.0
2024-03-27 11:00:00+09:00,1851.0,1851.0,1845.0,1849.0,0,0.0,0.0
2024-03-27 12:00:00+09:00,1849.0,1856.0,1848.0,1849.0,28600,0.0,0.0
2024-03-27 13:00:00+09:00,1849.0,1854.0,1848.0,1853.0,4900,0.0,0.0
2024-03-27 14:00:00+09:00,1852.0,1859.0,1852.0,1856.0,7700,0.0,0.0
2024-03-28 09:00:00+09:00,1854.0,1886.0,1841.0,1861.0,29700,0.0,0.0
2024-03-28 10:00:00+09:00,1862.0,1868.0,1860.0,1861.0,7000,0.0,0.0
2024-03-28 11:00:00+09:00,1861.0,1861.0,1851.0,1853.0,0,0.0,0.0
2024-03-28 12:00:00+09:00,1862.0,1862.0,1854.0,1856.0,48100,0.0,0.0
2024-03-28 13:00:00+09:00,1857.0,1859.0,1854.0,1857.0,8600,0.0,0.0
2024-03-28 14:00:00+09:00,1856.0,1856.0,1850.0,1851.0,10100,0.0,0.0
2024-03-29 09:00:00+09:00,1853.0,1873.0,1845.0,1857.0,36100,0.0,0.0
2024-03-29 10:00:00+09:00,1860.0,1861.0,1856.0,1860.0,7900,0.0,0.0
2024-03-29 11:00:00+09:00,1857.0,1859.0,1856.0,1857.0,0,0.0,0.0
2024-03-29 12:00:00+09:00,1855.0,1857.0,1850.0,1852.0,54900,0.0,0.0
2024-03-29 13:00:00+09:00,1852.0,1857.0,1852.0,1854.0,6900,0.0,0.0
2024-03-29 14:00:00+09:00,1854.0,1860.0,1852.0,1856.0,8300,0.0,0.0
2024-04-01 09:00:00+09:00,1870.0,1870.0,1853.0,1857.0,5700,0.0,0.0
2024-04-01 10:00:00+09:00,1858.0,1861.0,1847.0,1847.0,2800,0.0,0.0
2024-04-01 11:00:00+09:00,1847.0,1847.0,1838.0,1838.0,0,0.0,0.0
2024-04-01 12:00:00+09:00,1849.0,1849.0,1835.0,1845.0,21300,0.0,0.0
2024-04-01 13:00:00+09:00,1843.0,1850.0,1843.0,1845.0,3000,0.0,0.0
2024-04-01 14:00:00+09:00,1844.0,1844.0,1835.0,1843.0,4400,0.0,0.0
2024-04-02 09:00:00+09:00,1850.0,1853.0,1840.0,1847.0,2600,0.0,0.0
2024-04-02 10:00:00+09:00,1844.0,1844.0,1828.0,1828.0,5600,0.0,0.0
2024-04-02 11:00:00+09:00,1827.0,1827.0,1820.0,1820.0,0,0.0,0.0
2024-04-02 12:00:00+09:00,1820.0,1824.0,1814.0,1824.0,19700,0.0,0.0
2024-04-02 13:00:00+09:00,1823.0,1823.0,1814.0,1823.0,2900,0.0,0.0
2024-04-02 14:00:00+09:00,1823.0,1827.0,1819.0,1827.0,4100,0.0,0.0
2024-04-03 09:00:00+09:00,1828.0,1858.0,1820.0,1858.0,0,0.0,0.0
2024-04-03 10:00:00+09:00,1860.0,1878.0,1857.0,1876.0,29600,0.0,0.0
2024-04-03 11:00:00+09:00,1876.0,1879.0,1866.0,1870.0,0,0.0,0.0
2024-04-03 12:00:00+09:00,1880.0,1893.0,1877.0,1890.0,42900,0.0,0.0
2024-04-03 13:00:00+09:00,1892.0,1898.0,1891.0,1897.0,8500,0.0,0.0
2024-04-03 14:00:00+09:00,1896.0,1899.0,1885.0,1889.0,9000,0.0,0.0
2024-04-04 09:00:00+09:00,1900.0,1912.0,1891.0,1912.0,10500,0.0,0.0
2024-04-04 10:00:00+09:00,1912.0,1924.0,1912.0,1914.0,8500,0.0,0.0
2024-04-04 11:00:00+09:00,1914.0,1924.0,1914.0,1924.0,0,0.0,0.0
2024-04-04 12:00:00+09:00,1924.0,1924.0,1910.0,1919.0,25800,0.0,0.0
2024-04-04 13:00:00+09:00,1919.0,1920.0,1912.0,1912.0,7000,0.0,0.0
2024-04-04 14:00:00+09:00,1912.0,1912.0,1901.0,1902.0,4800,0.0,0.0
2024-04-05 09:00:00+09:00,1880.0,1907.0,1879.0,1897.0,4800,0.0,0.0
2024-04-05 10:00:00+09:00,1898.0,1900.0,1892.0,1892.0,2000,0.0,0.0
2024-04-05 11:00:00+09:00,1895.0,1895.0,1885.0,1885.0,0,0.0,0.0
2024-04-05 12:00:00+09:00,1887.0,1908.0,1885.0,1908.0,12900,0.0,0.0
2024-04-05 13:00:00+09:00,1909.0,1909.0,1906.0,1907.0,1400,0.0,0.0
2024-04-05 14:00:00+09:00,1906.0,1906.0,1898.0,1898.0,5200,0.0,0.0
2024-04-08 09:00:00+09:00,1917.0,1925.0,1892.0,1897.0,14300,0.0,0.0
2024-04-08 10:00:00+09:00,1897.0,1901.0,1893.0,1900.0,2300,0.0,0.0
2024-04-08 11:00:00+09:00,1903.0,1903.0,1900.0,1900.0,0,0.0,0.0
2024-04-08 12:00:00+09:00,1900.0,1900.0,1886.0,1887.0,19000,0.0,0.0
2024-04-08 13:00:00+09:00,1889.0,1894.0,1889.0,1889.0,1500,0.0,0.0
2024-04-08 14:00:00+09:00,1889.0,1893.0,1887.0,1893.0,2400,0.0,0.0
2024-04-09 09:00:00+09:00,1910.0,1910.0,1896.0,1901.0,5700,0.0,0.0
2024-04-09 10:00:00+09:00,1900.0,1904.0,1900.0,1903.0,2600,0.0,0.0
2024-04-09 11:00:00+09:00,1904.0,1906.0,1903.0,1906.0,0,0.0,0.0
2024-04-09 12:00:00+09:00,1906.0,1906.0,1903.0,1904.0,10700,0.0,0.0
2024-04-09 13:00:00+09:00,1904.0,1907.0,1904.0,1907.0,500,0.0,0.0
2024-04-09 14:00:00+09:00,1907.0,1913.0,1907.0,1913.0,2600,0.0,0.0
2024-04-10 09:00:00+09:00,1911.0,1945.0,1911.0,1936.0,12900,0.0,0.0
2024-04-10 10:00:00+09:00,1937.0,1940.0,1934.0,1936.0,1500,0.0,0.0
2024-04-10 11:00:00+09:00,1937.0,1937.0,1932.0,1933.0,0,0.0,0.0
2024-04-10 12:00:00+09:00,1933.0,1933.0,1926.0,1926.0,17900,0.0,0.0
2024-04-10 13:00:00+09:00,1926.0,1933.0,1926.0,1931.0,1300,0.0,0.0
2024-04-10 14:00:00+09:00,1931.0,1932.0,1926.0,1928.0,3100,0.0,0.0
2024-04-11 09:00:00+09:00,1922.0,1932.0,1911.0,1914.0,5700,0.0,0.0
2024-04-11 10:00:00+09:00,1914.0,1915.0,1913.0,1915.0,400,0.0,0.0
2024-04-11 11:00:00+09:00,1915.0,1924.0,1915.0,1915.0,0,0.0,0.0
2024-04-11 12:00:00+09:00,1923.0,1925.0,1916.0,1921.0,8300,0.0,0.0
2024-04-11 13:00:00+09:00,1922.0,1928.0,1919.0,1928.0,900,0.0,0.0
2024-04-11 14:00:00+09:00,1926.0,1928.0,1920.0,1921.0,1800,0.0,0.0
2024-04-12 09:00:00+09:00,1929.0,1958.0,1925.0,1953.0,19800,0.0,0.0
2024-04-12 10:00:00+09:00,1954.0,1960.0,1950.0,1958.0,3000,0.0,0.0
2024-04-12 11:00:00+09:00,1957.0,1957.0,1954.0,1956.0,0,0.0,0.0
2024-04-12 12:00:00+09:00,1955.0,1959.0,1955.0,1959.0,26700,0.0,0.0
2024-04-12 13:00:00+09:00,1957.0,1958.0,1951.0,1956.0,1400,0.0,0.0
2024-04-12 14:00:00+09:00,1955.0,1955.0,1950.0,1954.0,9400,0.0,0.0
2024-04-15 09:00:00+09:00,1948.0,1964.0,1947.0,1964.0,10900,0.0,0.0
2024-04-15 10:00:00+09:00,1964.0,1964.0,1950.0,1960.0,6200,0.0,0.0
2024-04-15 11:00:00+09:00,1961.0,1961.0,1955.0,1955.0,0,0.0,0.0
2024-04-15 12:00:00+09:00,1953.0,1953.0,1950.0,1950.0,20700,0.0,0.0
2024-04-15 13:00:00+09:00,1950.0,1954.0,1950.0,1950.0,1300,0.0,0.0
2024-04-15 14:00:00+09:00,1951.0,1957.0,1950.0,1951.0,2100,0.0,0.0
2024-04-16 09:00:00+09:00,1950.0,1950.0,1928.0,1941.0,0,0.0,0.0
2024-04-16 10:00:00+09:00,1941.0,1950.0,1939.0,1950.0,11800,0.0,0.0
2024-04-16 11:00:00+09:00,1948.0,1949.0,1942.0,1947.0,0,0.0,0.0
2024-04-16 12:00:00+09:00,1947.0,1950.0,1945.0,1950.0,16000,0.0,0.0
2024-04-16 13:00:00+09:00,1947.0,1950.0,1939.0,1942.0,1600,0.0,0.0
2024-04-16 14:00:00+09:00,1941.0,1958.0,1937.0,1952.0,23500,0.0,0.0
2024-04-17 09:00:00+09:00,1958.0,1963.0,1940.0,1943.0,9900,0.0,0.0
2024-04-17 10:00:00+09:00,1944.0,1948.0,1931.0,1948.0,6900,0.0,0.0
2024-04-17 11:00:00+09:00,1950.0,1953.0,1948.0,1951.0,0,0.0,0.0
2024-04-17 12:00:00+09:00,1957.0,1959.0,1953.0,1954.0,20900,0.0,0.0
2024-04-17 13:00:00+09:00,1953.0,1956.0,1946.0,1952.0,5900,0.0,0.0
2024-04-17 14:00:00+09:00,1950.0,1962.0,1926.0,1948.0,64500,0.0,0.0
2024-04-18 09:00:00+09:00,1940.0,1960.0,1929.0,1932.0,25900,0.0,0.0
2024-04-18 10:00:00+09:00,1935.0,1950.0,1933.0,1943.0,5400,0.0,0.0
2024-04-18 11:00:00+09:00,1946.0,1946.0,1905.0,1908.0,0,0.0,0.0
2024-04-18 12:00:00+09:00,1905.0,1917.0,1891.0,1896.0,52800,0.0,0.0
2024-04-18 13:00:00+09:00,1896.0,1907.0,1892.0,1893.0,5600,0.0,0.0
2024-04-18 14:00:00+09:00,1892.0,1909.0,1892.0,1899.0,9700,0.0,0.0
2024-04-19 09:00:00+09:00,1891.0,1912.0,1891.0,1908.0,0,0.0,0.0
2024-04-19 10:00:00+09:00,1903.0,1906.0,1881.0,1900.0,14500,0.0,0.0
2024-04-19 11:00:00+09:00,1895.0,1895.0,1881.0,1881.0,0,0.0,0.0
2024-04-19 12:00:00+09:00,1879.0,1892.0,1879.0,1889.0,18600,0.0,0.0
2024-04-19 13:00:00+09:00,1891.0,1899.0,1891.0,1896.0,2900,0.0,0.0
2024-04-19 14:00:00+09:00,1895.0,1900.0,1891.0,1900.0,1500,0.0,0.0
2024-04-22 09:00:00+09:00,1920.0,1920.0,1884.0,1897.0,8100,0.0,0.0
2024-04-22 10:00:00+09:00,1894.0,1902.0,1890.0,1900.0,4100,0.0,0.0
2024-04-22 11:00:00+09:00,1900.0,1902.0,1899.0,1901.0,0,0.0,0.0
2024-04-22 12:00:00+09:00,1899.0,1900.0,1895.0,1899.0,19100,0.0,0.0
2024-04-22 13:00:00+09:00,1900.0,1900.0,1898.0,1899.0,4000,0.0,0.0
2024-04-22 14:00:00+09:00,1900.0,1902.0,1897.0,1898.0,5700,0.0,0.0
2024-04-23 09:00:00+09:00,1900.0,1915.0,1900.0,1909.0,4600,0.0,0.0
2024-04-23 10:00:00+09:00,1906.0,1906.0,1899.0,1902.0,1400,0.0,0.0
2024-04-23 11:00:00+09:00,1898.0,1904.0,1890.0,1900.0,0,0.0,0.0
2024-04-23 12:00:00+09:00,1892.0,1900.0,1892.0,1900.0,10300,0.0,0.0
2024-04-23 13:00:00+09:00,1894.0,1899.0,1893.0,1897.0,1200,0.0,0.0
2024-04-23 14:00:00+09:00,1896.0,1898.0,1891.0,1891.0,1800,0.0,0.0
2024-04-24 09:00:00+09:00,1879.0,1897.0,1875.0,1882.0,7800,0.0,0.0
2024-04-24 10:00:00+09:00,1885.0,1888.0,1870.0,1870.0,5400,0.0,0.0
2024-04-24 11:00:00+09:00,1870.0,1870.0,1866.0,1866.0,0,0.0,0.0
2024-04-24 12:00:00+09:00,1872.0,1902.0,1866.0,1898.0,23900,0.0,0.0
2024-04-24 13:00:00+09:00,1897.0,1919.0,1896.0,1918.0,7200,0.0,0.0
2024-04-24 14:00:00+09:00,1919.0,1921.0,1900.0,1917.0,13700,0.0,0.0
2024-04-25 09:00:00+09:00,1951.0,2040.0,1924.0,2020.0,150600,0.0,0.0
2024-04-25 10:00:00+09:00,2020.0,2040.0,2001.0,2006.0,44500,0.0,0.0
2024-04-25 11:00:00+09:00,2008.0,2029.0,2005.0,2029.0,0,0.0,0.0
2024-04-25 12:00:00+09:00,2038.0,2038.0,2014.0,2024.0,227900,0.0,0.0
2024-04-25 13:00:00+09:00,2026.0,2055.0,2015.0,2053.0,43800,0.0,0.0
2024-04-25 14:00:00+09:00,2053.0,2054.0,2043.0,2050.0,30500,0.0,0.0
2024-04-26 09:00:00+09:00,2017.0,2038.0,1965.0,1995.0,54500,0.0,0.0
2024-04-26 10:00:00+09:00,1995.0,1999.0,1976.0,1984.0,9100,0.0,0.0
2024-04-26 11:00:00+09:00,1983.0,1990.0,1979.0,1984.0,0,0.0,0.0
2024-04-26 12:00:00+09:00,1983.0,1990.0,1980.0,1988.0,75700,0.0,0.0
2024-04-26 13:00:00+09:00,1988.0,1992.0,1981.0,1991.0,8800,0.0,0.0
2024-04-26 14:00:00+09:00,1991.0,1993.0,1978.0,1982.0,11100,0.0,0.0
2024-04-30 09:00:00+09:00,1995.0,2078.0,1991.0,2072.0,45400,0.0,0.0
2024-04-30 10:00:00+09:00,2072.0,2084.0,2068.0,2072.0,12000,0.0,0.0
2024-04-30 11:00:00+09:00,2072.0,2085.0,2072.0,2082.0,0,0.0,0.0
2024-04-30 12:00:00+09:00,2079.0,2079.0,2061.0,2072.0,75200,0.0,0.0
2024-04-30 13:00:00+09:00,2070.0,2073.0,2060.0,2062.0,10400,0.0,0.0
2024-04-30 14:00:00+09:00,2066.0,2066.0,2047.0,2053.0,17200,0.0,0.0
2024-05-01 09:00:00+09:00,2012.0,2059.0,2012.0,2041.0,15800,0.0,0.0
2024-05-01 10:00:00+09:00,2040.0,2042.0,2039.0,2039.0,3200,0.0,0.0
2024-05-01 11:00:00+09:00,2040.0,2050.0,2040.0,2050.0,0,0.0,0.0
2024-05-01 12:00:00+09:00,2050.0,2050.0,2044.0,2048.0,23100,0.0,0.0
2024-05-01 13:00:00+09:00,2046.0,2053.0,2041.0,2041.0,3300,0.0,0.0
2024-05-01 14:00:00+09:00,2043.0,2043.0,2033.0,2038.0,4100,0.0,0.0
2024-05-02 09:00:00+09:00,2050.0,2059.0,2038.0,2047.0,12800,0.0,0.0
2024-05-02 10:00:00+09:00,2043.0,2053.0,2043.0,2047.0,6200,0.0,0.0
2024-05-02 11:00:00+09:00,2044.0,2044.0,2040.0,2040.0,0,0.0,0.0
2024-05-02 12:00:00+09:00,2049.0,2055.0,2044.0,2054.0,27800,0.0,0.0
2024-05-02 13:00:00+09:00,2055.0,2055.0,2051.0,2053.0,2300,0.0,0.0
2024-05-02 14:00:00+09:00,2055.0,2055.0,2049.0,2052.0,7000,0.0,0.0
2024-05-07 09:00:00+09:00,2079.0,2128.0,2073.0,2110.0,31000,0.0,0.0
2024-05-07 10:00:00+09:00,2104.0,2115.0,2100.0,2104.0,0,0.0,0.0
2024-05-07 11:00:00+09:00,2105.0,2111.0,2101.0,2111.0,0,0.0,0.0
2024-05-07 12:00:00+09:00,2117.0,2117.0,2090.0,2097.0,42500,0.0,0.0
2024-05-07 13:00:00+09:00,2095.0,2098.0,2088.0,2088.0,3400,0.0,0.0
2024-05-07 14:00:00+09:00,2088.0,2103.0,2083.0,2103.0,7800,0.0,0.0
2024-05-08 09:00:00+09:00,2096.0,2107.0,2073.0,2083.0,0,0.0,0.0
2024-05-08 10:00:00+09:00,2082.0,2082.0,2074.0,2076.0,10700,0.0,0.0
2024-05-08 11:00:00+09:00,2076.0,2076.0,2070.0,2073.0,0,0.0,0.0
2024-05-08 12:00:00+09:00,2072.0,2082.0,2072.0,2075.0,14100,0.0,0.0
2024-05-08 13:00:00+09:00,2078.0,2078.0,2070.0,2078.0,4300,0.0,0.0
2024-05-08 14:00:00+09:00,2076.0,2081.0,2071.0,2072.0,4700,0.0,0.0
2024-05-09 09:00:00+09:00,2049.0,2052.0,2021.0,2027.0,19500,0.0,0.0
2024-05-09 10:00:00+09:00,2022.0,2037.0,2019.0,2030.0,4100,0.0,0.0
2024-05-09 11:00:00+09:00,2029.0,2030.0,2025.0,2029.0,0,0.0,0.0
2024-05-09 12:00:00+09:00,2025.0,2031.0,2025.0,2027.0,27300,0.0,0.0
2024-05-09 13:00:00+09:00,2026.0,2027.0,2020.0,2020.0,2900,0.0,0.0
2024-05-09 14:00:00+09:00,2020.0,2027.0,2015.0,2016.0,5700,0.0,0.0
2024-05-10 09:00:00+09:00,2009.0,2012.0,1981.0,1987.0,41900,0.0,0.0
2024-05-10 10:00:00+09:00,1989.0,2022.0,1989.0,2018.0,5500,0.0,0.0
2024-05-10 11:00:00+09:00,2017.0,2019.0,2017.0,2019.0,0,0.0,0.0
2024-05-10 12:00:00+09:00,2012.0,2016.0,2004.0,2004.0,53100,0.0,0.0
2024-05-10 13:00:00+09:00,2008.0,2011.0,2003.0,2007.0,0,0.0,0.0
2024-05-10 14:00:00+09:00,2008.0,2009.0,2003.0,2005.0,63400,0.0,0.0
2024-05-13 09:00:00+09:00,2014.0,2014.0,1970.0,1988.0,12700,0.0,0.0
2024-05-13 10:00:00+09:00,1993.0,2000.0,1988.0,1991.0,3200,0.0,0.0
2024-05-13 11:00:00+09:00,1993.0,2000.0,1993.0,1993.0,0,0.0,0.0
2024-05-13 12:00:00+09:00,1997.0,2003.0,1995.0,1998.0,21200,0.0,0.0
2024-05-13 13:00:00+09:00,1999.0,2003.0,1998.0,1998.0,0,0.0,0.0
2024-05-13 14:00:00+09:00,1999.0,2008.0,1999.0,2008.0,31500,0.0,0.0
2024-05-14 09:00:00+09:00,2026.0,2035.0,2008.0,2033.0,8800,0.0,0.0
2024-05-14 10:00:00+09:00,2033.0,2038.0,2020.0,2020.0,5600,0.0,0.0
2024-05-14 11:00:00+09:00,2018.0,2025.0,2017.0,2021.0,0,0.0,0.0
2024-05-14 12:00:00+09:00,2027.0,2027.0,2022.0,2022.0,18300,0.0,0.0
2024-05-14 13:00:00+09:00,2024.0,2026.0,2011.0,2026.0,6100,0.0,0.0
2024-05-14 14:00:00+09:00,2025.0,2028.0,2023.0,2025.0,5300,0.0,0.0
2024-05-15 09:00:00+09:00,2038.0,2038.0,2002.0,2002.0,4600,0.0,0.0
2024-05-15 10:00:00+09:00,2001.0,2037.0,2001.0,2036.0,4900,0.0,0.0
2024-05-15 11:00:00+09:00,2035.0,2038.0,2033.0,2034.0,0,0.0,0.0
2024-05-15 12:00:00+09:00,2035.0,2047.0,2031.0,2041.0,16600,0.0,0.0
2024-05-15 13:00:00+09:00,2043.0,2044.0,2040.0,2044.0,3900,0.0,0.0
2024-05-15 14:00:00+09:00,2043.0,2046.0,2042.0,2046.0,3400,0.0,0.0
2024-05-16 09:00:00+09:00,2050.0,2080.0,2047.0,2047.0,14100,0.0,0.0
2024-05-16 10:00:00+09:00,2050.0,2054.0,2046.0,2050.0,3500,0.0,0.0
2024-05-16 11:00:00+09:00,2050.0,2056.0,2050.0,2056.0,0,0.0,0.0
2024-05-16 12:00:00+09:00,2055.0,2055.0,2050.0,2053.0,23000,0.0,0.0
2024-05-16 13:00:00+09:00,2054.0,2054.0,2048.0,2049.0,2900,0.0,0.0
2024-05-16 14:00:00+09:00,2049.0,2053.0,2044.0,2044.0,4600,0.0,0.0
2024-05-17 09:00:00+09:00,2045.0,2074.0,2042.0,2070.0,8100,0.0,0.0
2024-05-17 10:00:00+09:00,2074.0,2075.0,2066.0,2069.0,5900,0.0,0.0
2024-05-17 11:00:00+09:00,2068.0,2070.0,2064.0,2064.0,0,0.0,0.0
2024-05-17 12:00:00+09:00,2070.0,2075.0,2069.0,2074.0,19500,0.0,0.0
2024-05-17 13:00:00+09:00,2074.0,2076.0,2070.0,2074.0,3400,0.0,0.0
2024-05-17 14:00:00+09:00,2072.0,2074.0,2062.0,2067.0,5200,0.0,0.0
2024-05-20 09:00:00+09:00,2075.0,2075.0,2039.0,2043.0,8100,0.0,0.0
2024-05-20 10:00:00+09:00,2041.0,2065.0,2040.0,2060.0,6000,0.0,0.0
2024-05-20 11:00:00+09:00,2060.0,2060.0,2055.0,2055.0,0,0.0,0.0
2024-05-20 12:00:00+09:00,2053.0,2060.0,2049.0,2056.0,18000,0.0,0.0
2024-05-20 13:00:00+09:00,2053.0,2056.0,2048.0,2051.0,4500,0.0,0.0
2024-05-20 14:00:00+09:00,2049.0,2050.0,2047.0,2047.0,3800,0.0,0.0
2024-05-21 09:00:00+09:00,2064.0,2089.0,2062.0,2070.0,18700,0.0,0.0
2024-05-21 10:00:00+09:00,2072.0,2076.0,2061.0,2063.0,10900,0.0,0.0
2024-05-21 11:00:00+09:00,2063.0,2069.0,2062.0,2069.0,0,0.0,0.0
2024-05-21 12:00:00+09:00,2070.0,2072.0,2061.0,2062.0,37700,0.0,0.0
2024-05-21 13:00:00+09:00,2064.0,2065.0,2059.0,2059.0,6700,0.0,0.0
2024-05-21 14:00:00+09:00,2059.0,2060.0,2056.0,2056.0,6700,0.0,0.0
2024-05-22 09:00:00+09:00,2070.0,2070.0,2054.0,2055.0,5000,0.0,0.0
2024-05-22 10:00:00+09:00,2055.0,2061.0,2054.0,2055.0,5400,0.0,0.0
2024-05-22 11:00:00+09:00,2057.0,2057.0,2053.0,2057.0,0,0.0,0.0
2024-05-22 12:00:00+09:00,2064.0,2064.0,2055.0,2058.0,14800,0.0,0.0
2024-05-22 13:00:00+09:00,2058.0,2058.0,2053.0,2055.0,2600,0.0,0.0
2024-05-22 14:00:00+09:00,2055.0,2057.0,2052.0,2054.0,3500,0.0,0.0
2024-05-23 09:00:00+09:00,2060.0,2062.0,2048.0,2060.0,7500,0.0,0.0
2024-05-23 10:00:00+09:00,2060.0,2061.0,2056.0,2058.0,2200,0.0,0.0
2024-05-23 11:00:00+09:00,2060.0,2061.0,2056.0,2060.0,0,0.0,0.0
2024-05-23 12:00:00+09:00,2060.0,2062.0,2057.0,2057.0,13500,0.0,0.0
2024-05-23 13:00:00+09:00,2055.0,2061.0,2055.0,2061.0,3100,0.0,0.0
2024-05-23 14:00:00+09:00,2060.0,2062.0,2056.0,2060.0,11000,0.0,0.0
2024-05-24 09:00:00+09:00,2048.0,2062.0,2042.0,2053.0,0,0.0,0.0
2024-05-24 10:00:00+09:00,2058.0,2061.0,2057.0,2057.0,8300,0.0,0.0
2024-05-24 11:00:00+09:00,2059.0,2059.0,2050.0,2056.0,0,0.0,0.0
2024-05-24 12:00:00+09:00,2057.0,2060.0,2057.0,2060.0,10800,0.0,0.0
2024-05-24 13:00:00+09:00,2059.0,2059.0,2054.0,2054.0,1000,0.0,0.0
2024-05-24 14:00:00+09:00,2052.0,2058.0,2051.0,2058.0,3200,0.0,0.0
2024-05-27 09:00:00+09:00,2060.0,2060.0,2036.0,2036.0,4200,0.0,0.0
2024-05-27 10:00:00+09:00,2031.0,2031.0,2020.0,2024.0,2700,0.0,0.0
2024-05-27 11:00:00+09:00,2024.0,2032.0,2024.0,2032.0,0,0.0,0.0
2024-05-27 12:00:00+09:00,2032.0,2035.0,2029.0,2035.0,8000,0.0,0.0
2024-05-27 13:00:00+09:00,2035.0,2035.0,2022.0,2022.0,3400,0.0,0.0
2024-05-27 14:00:00+09:00,2025.0,2029.0,2020.0,2026.0,3100,0.0,0.0
2024-05-28 09:00:00+09:00,2010.0,2034.0,2010.0,2022.0,2300,0.0,0.0
2024-05-28 11:00:00+09:00,2016.0,2029.0,2015.0,2029.0,0,0.0,0.0
2024-05-28 12:00:00+09:00,2029.0,2030.0,2020.0,2020.0,5300,0.0,0.0
2024-05-28 13:00:00+09:00,2023.0,2023.0,2015.0,2015.0,6400,0.0,0.0
2024-05-28 14:00:00+09:00,2013.0,2018.0,2012.0,2015.0,1700,0.0,0.0
2024-05-29 09:00:00+09:00,2040.0,2042.0,2022.0,2025.0,2700,0.0,0.0
2024-05-29 10:00:00+09:00,2025.0,2028.0,2008.0,2008.0,3500,0.0,0.0
2024-05-29 11:00:00+09:00,2013.0,2023.0,2013.0,2023.0,0,0.0,0.0
2024-05-29 12:00:00+09:00,2013.0,2028.0,2013.0,2017.0,9700,0.0,0.0
2024-05-29 13:00:00+09:00,2020.0,2020.0,2016.0,2017.0,900,0.0,0.0
2024-05-29 14:00:00+09:00,2016.0,2018.0,2002.0,2002.0,4000,0.0,0.0
2024-05-30 09:00:00+09:00,1970.0,1985.0,1954.0,1977.0,8700,0.0,0.0
2024-05-30 10:00:00+09:00,1977.0,1996.0,1977.0,1995.0,2500,0.0,0.0
2024-05-30 11:00:00+09:00,1997.0,2006.0,1997.0,2001.0,0,0.0,0.0
2024-05-30 12:00:00+09:00,2008.0,2008.0,2006.0,2008.0,13100,0.0,0.0
2024-05-30 13:00:00+09:00,2006.0,2008.0,2004.0,2007.0,1400,0.0,0.0
2024-05-30 14:00:00+09:00,2009.0,2011.0,2003.0,2004.0,3600,0.0,0.0
2024-05-31 09:00:00+09:00,2026.0,2059.0,2026.0,2045.0,6900,0.0,0.0
2024-05-31 10:00:00+09:00,2041.0,2055.0,2041.0,2050.0,1900,0.0,0.0
2024-05-31 11:00:00+09:00,2050.0,2050.0,2050.0,2050.0,0,0.0,0.0
2024-05-31 12:00:00+09:00,2055.0,2057.0,2040.0,2053.0,15900,0.0,0.0
2024-05-31 13:00:00+09:00,2056.0,2056.0,2045.0,2052.0,2100,0.0,0.0
2024-05-31 14:00:00+09:00,2054.0,2064.0,2052.0,2053.0,5000,0.0,0.0
2024-06-03 09:00:00+09:00,2074.0,2080.0,2063.0,2065.0,4100,0.0,0.0
2024-06-03 10:00:00+09:00,2069.0,2076.0,2069.0,2072.0,3200,0.0,0.0
2024-06-03 11:00:00+09:00,2072.0,2072.0,2069.0,2069.0,0,0.0,0.0
2024-06-03 12:00:00+09:00,2069.0,2075.0,2063.0,2063.0,11300,0.0,0.0
2024-06-03 13:00:00+09:00,2066.0,2074.0,2066.0,2070.0,1300,0.0,0.0
2024-06-03 14:00:00+09:00,2070.0,2094.0,2070.0,2094.0,10100,0.0,0.0
2024-06-04 09:00:00+09:00,2102.0,2156.0,2102.0,2150.0,26800,0.0,0.0
2024-06-04 10:00:00+09:00,2152.0,2156.0,2143.0,2149.0,6500,0.0,0.0
2024-06-04 11:00:00+09:00,2153.0,2162.0,2153.0,2162.0,0,0.0,0.0
2024-06-04 12:00:00+09:00,2162.0,2162.0,2154.0,2159.0,43200,0.0,0.0
2024-06-04 13:00:00+09:00,2161.0,2170.0,2161.0,2169.0,10700,0.0,0.0
2024-06-04 14:00:00+09:00,2169.0,2175.0,2167.0,2175.0,7400,0.0,0.0
2024-06-05 09:00:00+09:00,2175.0,2180.0,2146.0,2163.0,13600,0.0,0.0
2024-06-05 10:00:00+09:00,2163.0,2168.0,2159.0,2167.0,3200,0.0,0.0
2024-06-05 11:00:00+09:00,2168.0,2174.0,2168.0,2172.0,0,0.0,0.0
2024-06-05 12:00:00+09:00,2176.0,2181.0,2163.0,2173.0,39300,0.0,0.0
2024-06-05 13:00:00+09:00,2169.0,2176.0,2161.0,2161.0,2800,0.0,0.0
2024-06-05 14:00:00+09:00,2161.0,2167.0,2160.0,2162.0,3700,0.0,0.0
2024-06-06 09:00:00+09:00,2178.0,2187.0,2157.0,2180.0,12600,0.0,0.0
2024-06-06 10:00:00+09:00,2175.0,2200.0,2174.0,2197.0,8300,0.0,0.0
2024-06-06 11:00:00+09:00,2199.0,2200.0,2187.0,2187.0,0,0.0,0.0
2024-06-06 12:00:00+09:00,2184.0,2188.0,2176.0,2176.0,25300,0.0,0.0
2024-06-06 13:00:00+09:00,2174.0,2183.0,2165.0,2167.0,5200,0.0,0.0
2024-06-06 14:00:00+09:00,2167.0,2168.0,2154.0,2158.0,6000,0.0,0.0
2024-06-07 09:00:00+09:00,2199.0,2200.0,2165.0,2178.0,17300,0.0,0.0
2024-06-07 10:00:00+09:00,2178.0,2181.0,2163.0,2180.0,7600,0.0,0.0
2024-06-07 11:00:00+09:00,2180.0,2183.0,2173.0,2177.0,0,0.0,0.0
2024-06-07 12:00:00+09:00,2185.0,2188.0,2175.0,2181.0,31900,0.0,0.0
2024-06-07 13:00:00+09:00,2181.0,2192.0,2173.0,2173.0,5800,0.0,0.0
2024-06-07 14:00:00+09:00,2176.0,2180.0,2167.0,2179.0,11100,0.0,0.0
2024-06-10 09:00:00+09:00,2200.0,2225.0,2200.0,2208.0,19900,0.0,0.0
2024-06-10 10:00:00+09:00,2210.0,2215.0,2205.0,2205.0,7900,0.0,0.0
2024-06-10 11:00:00+09:00,2206.0,2207.0,2200.0,2205.0,0,0.0,0.0
2024-06-10 12:00:00+09:00,2205.0,2206.0,2199.0,2201.0,40100,0.0,0.0
2024-06-10 13:00:00+09:00,2204.0,2206.0,2200.0,2205.0,7900,0.0,0.0
2024-06-10 14:00:00+09:00,2205.0,2210.0,2201.0,2203.0,9600,0.0,0.0
2024-06-11 09:00:00+09:00,2207.0,2220.0,2202.0,2213.0,12200,0.0,0.0
2024-06-11 10:00:00+09:00,2214.0,2233.0,2212.0,2212.0,11900,0.0,0.0
2024-06-11 11:00:00+09:00,2216.0,2218.0,2215.0,2217.0,0,0.0,0.0
2024-06-11 12:00:00+09:00,2215.0,2238.0,2215.0,2234.0,33600,0.0,0.0
2024-06-11 13:00:00+09:00,2233.0,2233.0,2216.0,2225.0,5500,0.0,0.0
2024-06-11 14:00:00+09:00,2224.0,2230.0,2223.0,2229.0,7200,0.0,0.0
2024-06-12 09:00:00+09:00,2220.0,2258.0,2220.0,2237.0,45500,0.0,0.0
2024-06-12 10:00:00+09:00,2235.0,2235.0,2225.0,2231.0,8900,0.0,0.0
2024-06-12 11:00:00+09:00,2230.0,2237.0,2230.0,2237.0,0,0.0,0.0
2024-06-12 12:00:00+09:00,2238.0,2238.0,2232.0,2234.0,62300,0.0,0.0
2024-06-12 13:00:00+09:00,2230.0,2232.0,2229.0,2231.0,0,0.0,0.0
2024-06-12 14:00:00+09:00,2230.0,2232.0,2226.0,2226.0,75500,0.0,0.0
2024-06-13 09:00:00+09:00,2230.0,2249.0,2200.0,2204.0,10400,0.0,0.0
2024-06-13 10:00:00+09:00,2210.0,2228.0,2205.0,2218.0,6000,0.0,0.0
2024-06-13 11:00:00+09:00,2218.0,2221.0,2210.0,2219.0,0,0.0,0.0
2024-06-13 12:00:00+09:00,2217.0,2231.0,2217.0,2226.0,21900,0.0,0.0
2024-06-13 13:00:00+09:00,2223.0,2229.0,2220.0,2229.0,2600,0.0,0.0
2024-06-13 14:00:00+09:00,2228.0,2228.0,2219.0,2224.0,3600,0.0,0.0
2024-06-14 09:00:00+09:00,2224.0,2273.0,2215.0,2263.0,13300,0.0,0.0
2024-06-14 10:00:00+09:00,2260.0,2275.0,2256.0,2267.0,11700,0.0,0.0
2024-06-14 11:00:00+09:00,2268.0,2275.0,2266.0,2272.0,0,0.0,0.0
2024-06-14 12:00:00+09:00,2272.0,2286.0,2272.0,2272.0,48000,0.0,0.0
2024-06-14 13:00:00+09:00,2275.0,2281.0,2267.0,2271.0,11200,0.0,0.0
2024-06-14 14:00:00+09:00,2271.0,2284.0,2271.0,2284.0,13100,0.0,0.0
2024-06-17 09:00:00+09:00,2279.0,2281.0,2254.0,2273.0,14000,0.0,0.0
2024-06-17 10:00:00+09:00,2277.0,2277.0,2257.0,2269.0,5900,0.0,0.0
2024-06-17 11:00:00+09:00,2272.0,2279.0,2270.0,2279.0,0,0.0,0.0
2024-06-17 12:00:00+09:00,2290.0,2290.0,2265.0,2273.0,30000,0.0,0.0
2024-06-17 13:00:00+09:00,2273.0,2278.0,2267.0,2273.0,5700,0.0,0.0
2024-06-17 14:00:00+09:00,2276.0,2283.0,2276.0,2280.0,6500,0.0,0.0
2024-06-18 09:00:00+09:00,2298.0,2310.0,2286.0,2292.0,18600,0.0,0.0
2024-06-18 10:00:00+09:00,2292.0,2317.0,2292.0,2317.0,11700,0.0,0.0
2024-06-18 11:00:00+09:00,2317.0,2317.0,2307.0,2312.0,0,0.0,0.0
2024-06-18 12:00:00+09:00,2310.0,2328.0,2309.0,2328.0,42200,0.0,0.0
2024-06-18 13:00:00+09:00,2327.0,2350.0,2327.0,2346.0,21300,0.0,0.0
2024-06-18 14:00:00+09:00,2346.0,2359.0,2346.0,2356.0,13900,0.0,0.0
2024-06-19 09:00:00+09:00,2390.0,2390.0,2341.0,2380.0,29200,0.0,0.0
2024-06-19 10:00:00+09:00,2376.0,2383.0,2357.0,2357.0,11600,0.0,0.0
2024-06-19 11:00:00+09:00,2361.0,2361.0,2353.0,2356.0,0,0.0,0.0
2024-06-19 12:00:00+09:00,2353.0,2357.0,2320.0,2324.0,55300,0.0,0.0
2024-06-19 13:00:00+09:00,2323.0,2325.0,2299.0,2300.0,10000,0.0,0.0
2024-06-19 14:00:00+09:00,2303.0,2306.0,2300.0,2303.0,5600,0.0,0.0
2024-06-20 09:00:00+09:00,2335.0,2342.0,2290.0,2290.0,10500,0.0,0.0
2024-06-20 10:00:00+09:00,2289.0,2289.0,2262.0,2272.0,14800,0.0,0.0
2024-06-20 11:00:00+09:00,2272.0,2277.0,2268.0,2277.0,0,0.0,0.0
2024-06-20 12:00:00+09:00,2271.0,2280.0,2271.0,2278.0,30800,0.0,0.0
2024-06-20 13:00:00+09:00,2278.0,2299.0,2277.0,2299.0,3400,0.0,0.0
2024-06-20 14:00:00+09:00,2299.0,2299.0,2277.0,2277.0,6100,0.0,0.0
2024-06-21 09:00:00+09:00,2276.0,2317.0,2276.0,2295.0,8000,0.0,0.0
2024-06-21 10:00:00+09:00,2298.0,2308.0,2292.0,2293.0,6300,0.0,0.0
2024-06-21 11:00:00+09:00,2293.0,2301.0,2292.0,2298.0,0,0.0,0.0
2024-06-21 12:00:00+09:00,2294.0,2304.0,2294.0,2304.0,17900,0.0,0.0
2024-06-21 13:00:00+09:00,2301.0,2309.0,2301.0,2307.0,2500,0.0,0.0
2024-06-21 14:00:00+09:00,2310.0,2319.0,2305.0,2319.0,8700,0.0,0.0
2024-06-24 09:00:00+09:00,2331.0,2345.0,2303.0,2303.0,18200,0.0,0.0
2024-06-24 10:00:00+09:00,2303.0,2304.0,2281.0,2283.0,8400,0.0,0.0
2024-06-24 11:00:00+09:00,2290.0,2290.0,2285.0,2287.0,0,0.0,0.0
2024-06-24 12:00:00+09:00,2286.0,2296.0,2286.0,2288.0,29800,0.0,0.0
2024-06-24 13:00:00+09:00,2291.0,2297.0,2286.0,2293.0,2500,0.0,0.0
2024-06-24 14:00:00+09:00,2293.0,2306.0,2293.0,2305.0,4100,0.0,0.0
2024-06-25 09:00:00+09:00,2271.0,2289.0,2251.0,2285.0,36600,0.0,0.0
2024-06-25 10:00:00+09:00,2285.0,2293.0,2282.0,2293.0,3800,0.0,0.0
2024-06-25 11:00:00+09:00,2289.0,2292.0,2289.0,2291.0,0,0.0,0.0
2024-06-25 12:00:00+09:00,2284.0,2291.0,2281.0,2290.0,44100,0.0,0.0
2024-06-25 13:00:00+09:00,2291.0,2291.0,2284.0,2290.0,2700,0.0,0.0
2024-06-25 14:00:00+09:00,2289.0,2290.0,2279.0,2279.0,3700,0.0,0.0
2024-06-26 09:00:00+09:00,2281.0,2308.0,2281.0,2308.0,6300,0.0,0.0
2024-06-26 10:00:00+09:00,2303.0,2309.0,2294.0,2303.0,0,0.0,0.0
2024-06-26 11:00:00+09:00,2303.0,2306.0,2303.0,2306.0,0,0.0,0.0
2024-06-26 12:00:00+09:00,2306.0,2310.0,2285.0,2301.0,21700,0.0,0.0
2024-06-26 13:00:00+09:00,2303.0,2303.0,2293.0,2295.0,3300,0.0,0.0
2024-06-26 14:00:00+09:00,2297.0,2299.0,2295.0,2299.0,2700,0.0,0.0
2024-06-27 09:00:00+09:00,2299.0,2360.0,2299.0,2360.0,16100,0.0,0.0
2024-06-27 10:00:00+09:00,2360.0,2379.0,2356.0,2371.0,10200,0.0,0.0
2024-06-27 11:00:00+09:00,2374.0,2375.0,2368.0,2374.0,0,0.0,0.0
2024-06-27 12:00:00+09:00,2375.0,2389.0,2369.0,2382.0,43000,0.0,0.0
2024-06-27 13:00:00+09:00,2383.0,2389.0,2373.0,2376.0,8200,0.0,0.0
2024-06-27 14:00:00+09:00,2377.0,2385.0,2374.0,2383.0,7600,0.0,0.0
2024-06-28 09:00:00+09:00,2380.0,2380.0,2352.0,2360.0,12400,0.0,0.0
2024-06-28 10:00:00+09:00,2363.0,2377.0,2357.0,2376.0,8500,0.0,0.0
2024-06-28 11:00:00+09:00,2371.0,2371.0,2365.0,2369.0,0,0.0,0.0
2024-06-28 12:00:00+09:00,2373.0,2377.0,2361.0,2377.0,25800,0.0,0.0
2024-06-28 13:00:00+09:00,2377.0,2381.0,2371.0,2371.0,2900,0.0,0.0
2024-06-28 14:00:00+09:00,2370.0,2373.0,2362.0,2372.0,4500,0.0,0.0
2024-07-01 09:00:00+09:00,2352.0,2370.0,2341.0,2341.0,11900,0.0,0.0
2024-07-01 10:00:00+09:00,2335.0,2360.0,2335.0,2354.0,2100,0.0,0.0
2024-07-01 11:00:00+09:00,2354.0,2358.0,2350.0,2350.0,0,0.0,0.0
2024-07-01 12:00:00+09:00,2350.0,2355.0,2349.0,2352.0,17600,0.0,0.0
2024-07-01 13:00:00+09:00,2353.0,2354.0,2349.0,2349.0,2700,0.0,0.0
2024-07-01 14:00:00+09:00,2349.0,2355.0,2345.0,2352.0,3500,0.0,0.0
2024-07-02 09:00:00+09:00,2385.0,2405.0,2364.0,2368.0,23300,0.0,0.0
2024-07-02 10:00:00+09:00,2364.0,2373.0,2359.0,2359.0,8100,0.0,0.0
2024-07-02 11:00:00+09:00,2362.0,2367.0,2360.0,2365.0,0,0.0,0.0
2024-07-02 12:00:00+09:00,2363.0,2373.0,2363.0,2373.0,34000,0.0,0.0
2024-07-02 13:00:00+09:00,2373.0,2377.0,2370.0,2372.0,2000,0.0,0.0
2024-07-02 14:00:00+09:00,2372.0,2372.0,2361.0,2371.0,4400,0.0,0.0
2024-07-03 09:00:00+09:00,2369.0,2384.0,2363.0,2368.0,8200,0.0,0.0
2024-07-03 10:00:00+09:00,2368.0,2368.0,2353.0,2356.0,2900,0.0,0.0
2024-07-03 11:00:00+09:00,2356.0,2359.0,2355.0,2357.0,0,0.0,0.0
2024-07-03 12:00:00+09:00,2353.0,2354.0,2344.0,2348.0,17700,0.0,0.0
2024-07-03 13:00:00+09:00,2345.0,2346.0,2329.0,2329.0,5900,0.0,0.0
2024-07-03 14:00:00+09:00,2332.0,2335.0,2326.0,2328.0,4700,0.0,0.0
2024-07-04 09:00:00+09:00,2342.0,2345.0,2300.0,2302.0,11500,0.0,0.0
2024-07-04 10:00:00+09:00,2301.0,2313.0,2301.0,2303.0,4400,0.0,0.0
2024-07-04 11:00:00+09:00,2302.0,2306.0,2300.0,2302.0,0,0.0,0.0
2024-07-04 12:00:00+09:00,2310.0,2310.0,2303.0,2303.0,20200,0.0,0.0
2024-07-04 13:00:00+09:00,2303.0,2307.0,2303.0,2304.0,1800,0.0,0.0
2024-07-04 14:00:00+09:00,2305.0,2305.0,2294.0,2298.0,8700,0.0,0.0
2024-07-05 09:00:00+09:00,2296.0,2308.0,2284.0,2305.0,7600,0.0,0.0
2024-07-05 10:00:00+09:00,2304.0,2313.0,2293.0,2313.0,2900,0.0,0.0
2024-07-05 11:00:00+09:00,2313.0,2313.0,2307.0,2312.0,0,0.0,0.0
2024-07-05 12:00:00+09:00,2304.0,2306.0,2297.0,2298.0,16500,0.0,0.0
2024-07-05 13:00:00+09:00,2299.0,2302.0,2299.0,2300.0,1000,0.0,0.0
2024-07-05 14:00:00+09:00,2301.0,2305.0,2299.0,2301.0,2100,0.0,0.0
2024-07-08 09:00:00+09:00,2329.0,2333.0,2311.0,2311.0,8200,0.0,0.0
2024-07-08 10:00:00+09:00,2301.0,2309.0,2301.0,2304.0,600,0.0,0.0
2024-07-08 11:00:00+09:00,2305.0,2305.0,2302.0,2302.0,0,0.0,0.0
2024-07-08 12:00:00+09:00,2300.0,2307.0,2300.0,2305.0,12700,0.0,0.0
2024-07-08 13:00:00+09:00,2305.0,2305.0,2301.0,2302.0,3500,0.0,0.0
2024-07-08 14:00:00+09:00,2301.0,2301.0,2288.0,2288.0,4200,0.0,0.0
2024-07-09 09:00:00+09:00,2281.0,2282.0,2262.0,2263.0,12100,0.0,0.0
2024-07-09 10:00:00+09:00,2260.0,2260.0,2239.0,2245.0,17600,0.0,0.0
2024-07-09 11:00:00+09:00,2245.0,2249.0,2242.0,2243.0,0,0.0,0.0
2024-07-09 12:00:00+09:00,2243.0,2255.0,2243.0,2255.0,35500,0.0,0.0
2024-07-09 13:00:00+09:00,2253.0,2258.0,2249.0,2249.0,3500,0.0,0.0
2024-07-09 14:00:00+09:00,2250.0,2252.0,2246.0,2246.0,3000,0.0,0.0
2024-07-10 09:00:00+09:00,2255.0,2297.0,2251.0,2297.0,17200,0.0,0.0
2024-07-10 10:00:00+09:00,2293.0,2334.0,2289.0,2334.0,10000,0.0,0.0
2024-07-10 11:00:00+09:00,2338.0,2346.0,2332.0,2346.0,0,0.0,0.0
2024-07-10 12:00:00+09:00,2344.0,2359.0,2343.0,2343.0,41800,0.0,0.0
2024-07-10 13:00:00+09:00,2343.0,2347.0,2339.0,2347.0,5400,0.0,0.0
2024-07-10 14:00:00+09:00,2347.0,2369.0,2347.0,2369.0,13200,0.0,0.0
2024-07-11 09:00:00+09:00,2386.0,2406.0,2360.0,2373.0,33000,0.0,0.0
2024-07-11 10:00:00+09:00,2376.0,2391.0,2368.0,2391.0,12800,0.0,0.0
2024-07-11 11:00:00+09:00,2392.0,2397.0,2390.0,2396.0,0,0.0,0.0
2024-07-11 12:00:00+09:00,2394.0,2394.0,2374.0,2382.0,50500,0.0,0.0
2024-07-11 13:00:00+09:00,2380.0,2385.0,2378.0,2384.0,2900,0.0,0.0
2024-07-11 14:00:00+09:00,2380.0,2382.0,2376.0,2380.0,2900,0.0,0.0
2024-07-12 09:00:00+09:00,2352.0,2412.0,2351.0,2395.0,18200,0.0,0.0
2024-07-12 10:00:00+09:00,2395.0,2399.0,2391.0,2395.0,2000,0.0,0.0
2024-07-12 11:00:00+09:00,2390.0,2390.0,2379.0,2380.0,0,0.0,0.0
2024-07-12 12:00:00+09:00,2372.0,2382.0,2365.0,2365.0,26000,0.0,0.0
2024-07-12 13:00:00+09:00,2369.0,2374.0,2362.0,2372.0,2800,0.0,0.0
2024-07-12 14:00:00+09:00,2372.0,2372.0,2360.0,2368.0,3000,0.0,0.0
2024-07-16 09:00:00+09:00,2370.0,2382.0,2355.0,2360.0,0,0.0,0.0
2024-07-16 10:00:00+09:00,2363.0,2400.0,2360.0,2394.0,15800,0.0,0.0
2024-07-16 11:00:00+09:00,2390.0,2393.0,2389.0,2393.0,0,0.0,0.0
2024-07-16 12:00:00+09:00,2395.0,2402.0,2393.0,2395.0,22200,0.0,0.0
2024-07-16 13:00:00+09:00,2395.0,2397.0,2394.0,2396.0,1300,0.0,0.0
2024-07-16 14:00:00+09:00,2395.0,2399.0,2394.0,2399.0,2400,0.0,0.0
2024-07-17 09:00:00+09:00,2417.0,2429.0,2388.0,2393.0,11700,0.0,0.0
2024-07-17 10:00:00+09:00,2384.0,2384.0,2374.0,2378.0,1200,0.0,0.0
2024-07-17 11:00:00+09:00,2380.0,2381.0,2378.0,2381.0,0,0.0,0.0
2024-07-17 12:00:00+09:00,2373.0,2373.0,2364.0,2371.0,18100,0.0,0.0
2024-07-17 13:00:00+09:00,2367.0,2367.0,2335.0,2340.0,7100,0.0,0.0
2024-07-17 14:00:00+09:00,2341.0,2346.0,2335.0,2336.0,4700,0.0,0.0
2024-07-18 09:00:00+09:00,2308.0,2308.0,2252.0,2260.0,19100,0.0,0.0
2024-07-18 10:00:00+09:00,2260.0,2268.0,2251.0,2251.0,4100,0.0,0.0
2024-07-18 11:00:00+09:00,2252.0,2266.0,2250.0,2266.0,0,0.0,0.0
2024-07-18 12:00:00+09:00,2266.0,2266.0,2229.0,2258.0,35000,0.0,0.0
2024-07-18 13:00:00+09:00,2263.0,2263.0,2245.0,2245.0,1300,0.0,0.0
2024-07-18 14:00:00+09:00,2245.0,2259.0,2244.0,2257.0,5700,0.0,0.0
2024-07-19 09:00:00+09:00,2247.0,2302.0,2246.0,2276.0,15500,0.0,0.0
2024-07-19 10:00:00+09:00,2289.0,2294.0,2286.0,2290.0,2700,0.0,0.0
2024-07-19 11:00:00+09:00,2290.0,2292.0,2288.0,2292.0,0,0.0,0.0
2024-07-19 12:00:00+09:00,2291.0,2293.0,2270.0,2270.0,22900,0.0,0.0
2024-07-19 13:00:00+09:00,2273.0,2278.0,2271.0,2272.0,1600,0.0,0.0
2024-07-19 14:00:00+09:00,2273.0,2280.0,2268.0,2273.0,6200,0.0,0.0
2024-07-22 09:00:00+09:00,2245.0,2262.0,2210.0,2213.0,0,0.0,0.0
2024-07-22 10:00:00+09:00,2220.0,2226.0,2213.0,2213.0,2900,0.0,0.0
2024-07-22 11:00:00+09:00,2214.0,2226.0,2214.0,2225.0,0,0.0,0.0
2024-07-22 12:00:00+09:00,2225.0,2225.0,2212.0,2212.0,14700,0.0,0.0
2024-07-22 13:00:00+09:00,2218.0,2218.0,2207.0,2212.0,1000,0.0,0.0
2024-07-22 14:00:00+09:00,2212.0,2212.0,2198.0,2198.0,4800,0.0,0.0
2024-07-23 09:00:00+09:00,2208.0,2245.0,2201.0,2201.0,6700,0.0,0.0
2024-07-23 10:00:00+09:00,2212.0,2216.0,2203.0,2204.0,4100,0.0,0.0
2024-07-23 11:00:00+09:00,2213.0,2213.0,2200.0,2204.0,0,0.0,0.0
2024-07-23 12:00:00+09:00,2211.0,2215.0,2202.0,2211.0,13900,0.0,0.0
2024-07-23 13:00:00+09:00,2208.0,2222.0,2204.0,2213.0,4100,0.0,0.0
2024-07-23 14:00:00+09:00,2212.0,2220.0,2210.0,2215.0,2800,0.0,0.0
2024-07-24 09:00:00+09:00,2183.0,2220.0,2180.0,2194.0,9100,0.0,0.0
2024-07-24 10:00:00+09:00,2195.0,2195.0,2179.0,2184.0,6600,0.0,0.0
2024-07-24 11:00:00+09:00,2185.0,2187.0,2180.0,2180.0,0,0.0,0.0
2024-07-24 12:00:00+09:00,2180.0,2195.0,2180.0,2188.0,21500,0.0,0.0
2024-07-24 13:00:00+09:00,2188.0,2213.0,2185.0,2213.0,7300,0.0,0.0
2024-07-24 14:00:00+09:00,2211.0,2212.0,2198.0,2198.0,7000,0.0,0.0
2024-07-25 09:00:00+09:00,2139.0,2190.0,2132.0,2188.0,11300,0.0,0.0
2024-07-25 10:00:00+09:00,2179.0,2181.0,2172.0,2180.0,2300,0.0,0.0
2024-07-25 11:00:00+09:00,2170.0,2180.0,2162.0,2180.0,0,0.0,0.0
2024-07-25 12:00:00+09:00,2180.0,2180.0,2161.0,2162.0,21400,0.0,0.0
2024-07-25 13:00:00+09:00,2169.0,2181.0,2163.0,2163.0,2000,0.0,0.0
2024-07-25 14:00:00+09:00,2163.0,2170.0,2142.0,2161.0,14500,0.0,0.0
2024-07-26 09:00:00+09:00,2160.0,2178.0,2149.0,2176.0,5200,0.0,0.0
2024-07-26 10:00:00+09:00,2179.0,2182.0,2160.0,2160.0,3900,0.0,0.0
2024-07-26 11:00:00+09:00,2169.0,2170.0,2166.0,2166.0,0,0.0,0.0
2024-07-26 12:00:00+09:00,2167.0,2186.0,2167.0,2175.0,11200,0.0,0.0
2024-07-26 13:00:00+09:00,2175.0,2175.0,2160.0,2166.0,4100,0.0,0.0
2024-07-26 14:00:00+09:00,2160.0,2163.0,2153.0,2154.0,3700,0.0,0.0
2024-07-29 09:00:00+09:00,2186.0,2208.0,2179.0,2200.0,3800,0.0,0.0
2024-07-29 10:00:00+09:00,2198.0,2204.0,2185.0,2193.0,3000,0.0,0.0
2024-07-29 11:00:00+09:00,2190.0,2207.0,2180.0,2207.0,0,0.0,0.0
2024-07-29 12:00:00+09:00,2204.0,2216.0,2200.0,2205.0,16800,0.0,0.0
2024-07-29 13:00:00+09:00,2208.0,2211.0,2205.0,2207.0,800,0.0,0.0
2024-07-29 14:00:00+09:00,2207.0,2208.0,2198.0,2198.0,2000,0.0,0.0
2024-07-30 09:00:00+09:00,2223.0,2223.0,2190.0,2201.0,8000,0.0,0.0
2024-07-30 10:00:00+09:00,2199.0,2209.0,2196.0,2204.0,3500,0.0,0.0
2024-07-30 11:00:00+09:00,2198.0,2206.0,2198.0,2206.0,0,0.0,0.0
2024-07-30 12:00:00+09:00,2200.0,2210.0,2200.0,2200.0,15400,0.0,0.0
2024-07-30 13:00:00+09:00,2200.0,2204.0,2200.0,2204.0,900,0.0,0.0
2024-07-30 14:00:00+09:00,2201.0,2202.0,2193.0,2201.0,2300,0.0,0.0
2024-07-31 09:00:00+09:00,2190.0,2190.0,2126.0,2128.0,11100,0.0,0.0
2024-07-31 10:00:00+09:00,2135.0,2140.0,2110.0,2140.0,7300,0.0,0.0
2024-07-31 11:00:00+09:00,2142.0,2142.0,2128.0,2132.0,0,0.0,0.0
2024-07-31 12:00:00+09:00,2122.0,2132.0,2100.0,2123.0,30000,0.0,0.0
2024-07-31 13:00:00+09:00,2135.0,2141.0,2121.0,2140.0,10300,0.0,0.0
2024-07-31 14:00:00+09:00,2128.0,2165.0,2122.0,2165.0,9500,0.0,0.0
2024-08-01 09:00:00+09:00,2265.0,2285.0,2175.0,2215.0,48000,0.0,0.0
2024-08-01 10:00:00+09:00,2220.0,2260.0,2190.0,2236.0,22700,0.0,0.0
2024-08-01 11:00:00+09:00,2236.0,2258.0,2236.0,2246.0,0,0.0,0.0
2024-08-01 12:00:00+09:00,2246.0,2276.0,2246.0,2276.0,85600,0.0,0.0
2024-08-01 13:00:00+09:00,2278.0,2315.0,2272.0,2315.0,20300,0.0,0.0
2024-08-01 14:00:00+09:00,2315.0,2364.0,2312.0,2338.0,28800,0.0,0.0
2024-08-02 09:00:00+09:00,2165.0,2201.0,2115.0,2115.0,34000,0.0,0.0
2024-08-02 10:00:00+09:00,2115.0,2163.0,2115.0,2151.0,14500,0.0,0.0
2024-08-02 11:00:00+09:00,2151.0,2175.0,2151.0,2164.0,0,0.0,0.0
2024-08-02 12:00:00+09:00,2169.0,2178.0,2153.0,2156.0,58300,0.0,0.0
2024-08-02 13:00:00+09:00,2156.0,2158.0,2138.0,2145.0,5600,0.0,0.0
2024-08-02 14:00:00+09:00,2147.0,2159.0,2136.0,2150.0,10700,0.0,0.0
2024-08-05 09:00:00+09:00,1999.0,2014.0,1912.0,1944.0,31500,0.0,0.0
2024-08-05 10:00:00+09:00,1937.0,1937.0,1880.0,1890.0,11400,0.0,0.0
2024-08-05 11:00:00+09:00,1902.0,1905.0,1850.0,1900.0,0,0.0,0.0
2024-08-05 12:00:00+09:00,1894.0,1917.0,1880.0,1883.0,77000,0.0,0.0
2024-08-05 13:00:00+09:00,1876.0,1876.0,1821.0,1821.0,13400,0.0,0.0
2024-08-05 14:00:00+09:00,1819.0,1830.0,1680.0,1710.0,76100,0.0,0.0
2024-08-06 09:00:00+09:00,1824.0,1937.0,1824.0,1935.0,42300,0.0,0.0
2024-08-06 10:00:00+09:00,1935.0,1942.0,1863.0,1895.0,11600,0.0,0.0
2024-08-06 11:00:00+09:00,1885.0,1885.0,1870.0,1872.0,0,0.0,0.0
2024-08-06 12:00:00+09:00,1900.0,1920.0,1890.0,1902.0,68800,0.0,0.0
2024-08-06 13:00:00+09:00,1899.0,1905.0,1864.0,1878.0,14600,0.0,0.0
2024-08-06 14:00:00+09:00,1875.0,1900.0,1864.0,1900.0,19900,0.0,0.0
2024-08-07 09:00:00+09:00,1783.0,1850.0,1774.0,1813.0,15900,0.0,0.0
2024-08-07 10:00:00+09:00,1814.0,1913.0,1810.0,1864.0,16900,0.0,0.0
2024-08-07 11:00:00+09:00,1864.0,1896.0,1860.0,1865.0,0,0.0,0.0
2024-08-07 12:00:00+09:00,1856.0,1888.0,1854.0,1888.0,41700,0.0,0.0
2024-08-07 13:00:00+09:00,1888.0,1923.0,1878.0,1922.0,5100,0.0,0.0
2024-08-07 14:00:00+09:00,1915.0,1919.0,1873.0,1890.0,6900,0.0,0.0
2024-08-08 09:00:00+09:00,1870.0,1877.0,1811.0,1825.0,23700,0.0,0.0
2024-08-08 10:00:00+09:00,1825.0,1840.0,1820.0,1840.0,2200,0.0,0.0
2024-08-08 11:00:00+09:00,1859.0,1864.0,1859.0,1862.0,0,0.0,0.0
2024-08-08 12:00:00+09:00,1865.0,1881.0,1862.0,1862.0,32500,0.0,0.0
2024-08-08 13:00:00+09:00,1862.0,1862.0,1840.0,1856.0,8500,0.0,0.0
2024-08-08 14:00:00+09:00,1856.0,1862.0,1832.0,1855.0,7700,0.0,0.0
2024-08-09 09:00:00+09:00,1916.0,1955.0,1890.0,1941.0,14100,0.0,0.0
2024-08-09 10:00:00+09:00,1949.0,1950.0,1921.0,1950.0,3500,0.0,0.0
2024-08-09 11:00:00+09:00,1943.0,1946.0,1939.0,1939.0,0,0.0,0.0
2024-08-09 12:00:00+09:00,1949.0,1954.0,1933.0,1933.0,26100,0.0,0.0
2024-08-09 13:00:00+09:00,1934.0,1934.0,1873.0,1885.0,13700,0.0,0.0
2024-08-09 14:00:00+09:00,1875.0,1921.0,1870.0,1916.0,10300,0.0,0.0
2024-08-13 09:00:00+09:00,1910.0,1925.0,1879.0,1898.0,16500,0.0,0.0
2024-08-13 10:00:00+09:00,1898.0,1901.0,1884.0,1900.0,1700,0.0,0.0
2024-08-13 11:00:00+09:00,1903.0,1905.0,1895.0,1895.0,0,0.0,0.0
2024-08-13 12:00:00+09:00,1895.0,1915.0,1895.0,1899.0,25000,0.0,0.0
2024-08-13 13:00:00+09:00,1900.0,1914.0,1898.0,1914.0,4400,0.0,0.0
2024-08-13 14:00:00+09:00,1906.0,1921.0,1900.0,1914.0,4700,0.0,0.0
2024-08-14 09:00:00+09:00,1905.0,1919.0,1878.0,1891.0,9400,0.0,0.0
2024-08-14 10:00:00+09:00,1902.0,1921.0,1902.0,1921.0,2700,0.0,0.0
2024-08-14 11:00:00+09:00,1914.0,1920.0,1907.0,1920.0,0,0.0,0.0
2024-08-14 12:00:00+09:00,1924.0,1958.0,1924.0,1957.0,24200,0.0,0.0
2024-08-14 13:00:00+09:00,1951.0,1960.0,1950.0,1960.0,0,0.0,0.0
2024-08-14 14:00:00+09:00,1959.0,1982.0,1959.0,1968.0,32400,0.0,0.0
2024-08-15 09:00:00+09:00,1965.0,1965.0,1929.0,1943.0,6600,0.0,0.0
2024-08-15 10:00:00+09:00,1956.0,1965.0,1948.0,1956.0,4400,0.0,0.0
2024-08-15 11:00:00+09:00,1965.0,1965.0,1965.0,1965.0,0,0.0,0.0
2024-08-15 12:00:00+09:00,1963.0,1969.0,1955.0,1967.0,13700,0.0,0.0
2024-08-15 13:00:00+09:00,1960.0,1960.0,1952.0,1960.0,2800,0.0,0.0
2024-08-15 14:00:00+09:00,1959.0,1968.0,1945.0,1952.0,5400,0.0,0.0
2024-08-16 09:00:00+09:00,1950.0,1992.0,1950.0,1975.0,20400,0.0,0.0
2024-08-16 10:00:00+09:00,1975.0,1980.0,1968.0,1979.0,3700,0.0,0.0
2024-08-16 11:00:00+09:00,1977.0,1977.0,1977.0,1977.0,0,0.0,0.0
2024-08-16 12:00:00+09:00,1977.0,1990.0,1977.0,1983.0,25000,0.0,0.0
2024-08-16 13:00:00+09:00,1985.0,1988.0,1977.0,1978.0,2800,0.0,0.0
2024-08-16 14:00:00+09:00,1980.0,1988.0,1980.0,1985.0,1300,0.0,0.0
2024-08-19 09:00:00+09:00,1980.0,1980.0,1938.0,1967.0,10800,0.0,0.0
2024-08-19 10:00:00+09:00,1973.0,1981.0,1966.0,1970.0,3900,0.0,0.0
2024-08-19 11:00:00+09:00,1971.0,1971.0,1971.0,1971.0,0,0.0,0.0
2024-08-19 12:00:00+09:00,1971.0,1971.0,1941.0,1942.0,18800,0.0,0.0
2024-08-19 13:00:00+09:00,1943.0,1946.0,1920.0,1920.0,6300,0.0,0.0
2024-08-19 14:00:00+09:00,1927.0,1932.0,1920.0,1925.0,3000,0.0,0.0
2024-08-20 09:00:00+09:00,1942.0,1955.0,1937.0,1937.0,3200,0.0,0.0
2024-08-20 10:00:00+09:00,1947.0,1961.0,1943.0,1956.0,7600,0.0,0.0
2024-08-20 11:00:00+09:00,1955.0,1959.0,1955.0,1959.0,0,0.0,0.0
2024-08-20 12:00:00+09:00,1960.0,1960.0,1950.0,1960.0,12200,0.0,0.0
2024-08-20 13:00:00+09:00,1962.0,1963.0,1950.0,1963.0,1700,0.0,0.0
2024-08-20 14:00:00+09:00,1952.0,1974.0,1951.0,1974.0,800,0.0,0.0
2024-08-21 09:00:00+09:00,1969.0,1970.0,1946.0,1956.0,4100,0.0,0.0
2024-08-21 10:00:00+09:00,1949.0,1949.0,1939.0,1946.0,1600,0.0,0.0
2024-08-21 11:00:00+09:00,1938.0,1940.0,1935.0,1940.0,0,0.0,0.0
2024-08-21 12:00:00+09:00,1940.0,1965.0,1940.0,1954.0,11200,0.0,0.0
2024-08-21 13:00:00+09:00,1950.0,1959.0,1946.0,1958.0,900,0.0,0.0
2024-08-21 14:00:00+09:00,1945.0,1955.0,1940.0,1951.0,1500,0.0,0.0
2024-08-22 09:00:00+09:00,1981.0,1981.0,1941.0,1960.0,7400,0.0,0.0
2024-08-22 10:00:00+09:00,1959.0,1972.0,1955.0,1971.0,2000,0.0,0.0
2024-08-22 11:00:00+09:00,1970.0,1971.0,1962.0,1965.0,0,0.0,0.0
2024-08-22 12:00:00+09:00,1965.0,1965.0,1944.0,1952.0,12700,0.0,0.0
2024-08-22 13:00:00+09:00,1949.0,1962.0,1946.0,1947.0,1200,0.0,0.0
2024-08-22 14:00:00+09:00,1953.0,1969.0,1953.0,1969.0,2500,0.0,0.0
2024-08-23 09:00:00+09:00,1968.0,1971.0,1935.0,1940.0,0,0.0,0.0
2024-08-23 10:00:00+09:00,1955.0,1957.0,1942.0,1957.0,4600,0.0,0.0
2024-08-23 11:00:00+09:00,1959.0,1959.0,1959.0,1959.0,0,0.0,0.0
2024-08-23 12:00:00+09:00,1953.0,1969.0,1952.0,1969.0,8100,0.0,0.0
2024-08-23 13:00:00+09:00,1967.0,1969.0,1961.0,1961.0,1100,0.0,0.0
2024-08-23 14:00:00+09:00,1958.0,1958.0,1955.0,1955.0,800,0.0,0.0
2024-08-26 09:00:00+09:00,1971.0,1971.0,1946.0,1946.0,1700,0.0,0.0
2024-08-26 11:00:00+09:00,1960.0,1960.0,1960.0,1960.0,0,0.0,0.0
2024-08-26 12:00:00+09:00,1956.0,1957.0,1955.0,1955.0,2300,0.0,0.0
2024-08-26 14:00:00+09:00,1962.0,1965.0,1960.0,1963.0,1300,0.0,0.0
2024-08-27 09:00:00+09:00,1960.0,1993.0,1956.0,1983.0,8700,0.0,0.0
2024-08-27 10:00:00+09:00,1994.0,1996.0,1988.0,1988.0,1300,0.0,0.0
2024-08-27 11:00:00+09:00,1992.0,1994.0,1992.0,1994.0,0,0.0,0.0
2024-08-27 12:00:00+09:00,1989.0,2007.0,1984.0,2007.0,13700,0.0,0.0
2024-08-27 13:00:00+09:00,2006.0,2022.0,2006.0,2015.0,4300,0.0,0.0
2024-08-27 14:00:00+09:00,2018.0,2030.0,2011.0,2024.0,8200,0.0,0.0
2024-08-28 09:00:00+09:00,2035.0,2047.0,2008.0,2020.0,7600,0.0,0.0
2024-08-28 10:00:00+09:00,2016.0,2016.0,2007.0,2014.0,700,0.0,0.0
2024-08-28 11:00:00+09:00,2007.0,2007.0,1995.0,2000.0,0,0.0,0.0
2024-08-28 12:00:00+09:00,2008.0,2035.0,2007.0,2035.0,12800,0.0,0.0
2024-08-28 13:00:00+09:00,2035.0,2049.0,2032.0,2047.0,5400,0.0,0.0
2024-08-28 14:00:00+09:00,2040.0,2041.0,2000.0,2029.0,7500,0.0,0.0
2024-08-29 09:00:00+09:00,2024.0,2024.0,2008.0,2008.0,1500,0.0,0.0
2024-08-29 10:00:00+09:00,2005.0,2005.0,2002.0,2003.0,500,0.0,0.0
2024-08-29 11:00:00+09:00,2004.0,2004.0,1990.0,1992.0,0,0.0,0.0
2024-08-29 12:00:00+09:00,1999.0,2001.0,1999.0,2001.0,4400,0.0,0.0
2024-08-29 13:00:00+09:00,2003.0,2003.0,2003.0,2003.0,100,0.0,0.0
2024-08-29 14:00:00+09:00,2001.0,2001.0,1993.0,1995.0,2400,0.0,0.0
2024-08-30 09:00:00+09:00,1993.0,2020.0,1980.0,2002.0,8400,0.0,0.0
2024-08-30 10:00:00+09:00,2002.0,2031.0,2000.0,2031.0,2800,0.0,0.0
2024-08-30 11:00:00+09:00,2030.0,2038.0,2025.0,2038.0,0,0.0,0.0
2024-08-30 12:00:00+09:00,2036.0,2038.0,2025.0,2025.0,14700,0.0,0.0
2024-08-30 13:00:00+09:00,2033.0,2033.0,1990.0,2010.0,4000,0.0,0.0
2024-08-30 14:00:00+09:00,2009.0,2023.0,2006.0,2018.0,1800,0.0,0.0
2024-09-02 09:00:00+09:00,2040.0,2047.0,2027.0,2027.0,1900,0.0,0.0
2024-09-02 10:00:00+09:00,2024.0,2024.0,2017.0,2017.0,2000,0.0,0.0
2024-09-02 11:00:00+09:00,2017.0,2017.0,2008.0,2008.0,0,0.0,0.0
2024-09-02 12:00:00+09:00,2001.0,2017.0,2000.0,2000.0,5700,0.0,0.0
2024-09-02 13:00:00+09:00,2000.0,2001.0,1999.0,2001.0,2300,0.0,0.0
2024-09-02 14:00:00+09:00,2009.0,2016.0,2009.0,2009.0,1200,0.0,0.0
2024-09-03 09:00:00+09:00,2038.0,2038.0,2010.0,2011.0,1000,0.0,0.0
2024-09-03 10:00:00+09:00,2010.0,2010.0,2001.0,2001.0,1400,0.0,0.0
2024-09-03 11:00:00+09:00,2002.0,2002.0,2000.0,2000.0,0,0.0,0.0
2024-09-03 12:00:00+09:00,1998.0,1998.0,1980.0,1996.0,5000,0.0,0.0
2024-09-03 13:00:00+09:00,1991.0,1991.0,1981.0,1981.0,3700,0.0,0.0
2024-09-03 14:00:00+09:00,1984.0,1987.0,1982.0,1983.0,1200,0.0,0.0
2024-09-04 09:00:00+09:00,1897.0,1924.0,1881.0,1913.0,20100,0.0,0.0
2024-09-04 10:00:00+09:00,1904.0,1925.0,1904.0,1917.0,4200,0.0,0.0
2024-09-04 11:00:00+09:00,1922.0,1925.0,1898.0,1914.0,0,0.0,0.0
2024-09-04 12:00:00+09:00,1923.0,1929.0,1910.0,1910.0,29800,0.0,0.0
2024-09-04 13:00:00+09:00,1912.0,1913.0,1904.0,1910.0,1000,0.0,0.0
2024-09-04 14:00:00+09:00,1904.0,1910.0,1891.0,1907.0,8600,0.0,0.0
2024-09-05 09:00:00+09:00,1910.0,1931.0,1906.0,1927.0,3900,0.0,0.0
2024-09-05 10:00:00+09:00,1918.0,1934.0,1918.0,1929.0,0,0.0,0.0
2024-09-05 11:00:00+09:00,1925.0,1930.0,1924.0,1924.0,0,0.0,0.0
2024-09-05 12:00:00+09:00,1924.0,1924.0,1895.0,1901.0,14000,0.0,0.0
2024-09-05 13:00:00+09:00,1897.0,1900.0,1880.0,1887.0,3400,0.0,0.0
2024-09-05 14:00:00+09:00,1889.0,1901.0,1882.0,1892.0,4800,0.0,0.0
2024-09-06 09:00:00+09:00,1895.0,1899.0,1880.0,1880.0,7400,0.0,0.0
2024-09-06 10:00:00+09:00,1883.0,1883.0,1872.0,1880.0,2200,0.0,0.0
2024-09-06 11:00:00+09:00,1880.0,1880.0,1880.0,1880.0,0,0.0,0.0
2024-09-06 12:00:00+09:00,1887.0,1887.0,1858.0,1858.0,15100,0.0,0.0
2024-09-06 13:00:00+09:00,1860.0,1870.0,1860.0,1869.0,1900,0.0,0.0
2024-09-06 14:00:00+09:00,1861.0,1872.0,1858.0,1868.0,5400,0.0,0.0
2024-09-09 09:00:00+09:00,1793.0,1820.0,1788.0,1805.0,11500,0.0,0.0
2024-09-09 10:00:00+09:00,1803.0,1824.0,1793.0,1824.0,7400,0.0,0.0
2024-09-09 11:00:00+09:00,1823.0,1823.0,1822.0,1822.0,0,0.0,0.0
2024-09-09 12:00:00+09:00,1826.0,1836.0,1826.0,1833.0,23400,0.0,0.0
2024-09-09 13:00:00+09:00,1832.0,1856.0,1832.0,1847.0,1700,0.0,0.0
2024-09-09 14:00:00+09:00,1846.0,1870.0,1842.0,1870.0,2600,0.0,0.0
2024-09-10 09:00:00+09:00,1866.0,1869.0,1838.0,1867.0,3900,0.0,0.0
2024-09-10 10:00:00+09:00,1872.0,1872.0,1859.0,1868.0,2400,0.0,0.0
2024-09-10 11:00:00+09:00,1863.0,1863.0,1854.0,1854.0,0,0.0,0.0
2024-09-10 12:00:00+09:00,1860.0,1870.0,1857.0,1857.0,8800,0.0,0.0
2024-09-10 13:00:00+09:00,1867.0,1867.0,1849.0,1849.0,2300,0.0,0.0
2024-09-10 14:00:00+09:00,1858.0,1858.0,1849.0,1858.0,2400,0.0,0.0
2024-09-11 09:00:00+09:00,1839.0,1859.0,1839.0,1859.0,3100,0.0,0.0
2024-09-11 10:00:00+09:00,1864.0,1867.0,1842.0,1842.0,1000,0.0,0.0
2024-09-11 11:00:00+09:00,1843.0,1844.0,1836.0,1838.0,0,0.0,0.0
2024-09-11 12:00:00+09:00,1847.0,1847.0,1824.0,1824.0,11000,0.0,0.0
2024-09-11 13:00:00+09:00,1824.0,1831.0,1816.0,1824.0,1300,0.0,0.0
2024-09-11 14:00:00+09:00,1821.0,1840.0,1810.0,1826.0,0,0.0,0.0
2024-09-12 09:00:00+09:00,1847.0,1874.0,1847.0,1865.0,5900,0.0,0.0
2024-09-12 10:00:00+09:00,1856.0,1858.0,1839.0,1858.0,2000,0.0,0.0
2024-09-12 11:00:00+09:00,1858.0,1867.0,1858.0,1867.0,0,0.0,0.0
2024-09-12 12:00:00+09:00,1863.0,1868.0,1862.0,1864.0,10300,0.0,0.0
2024-09-12 13:00:00+09:00,1865.0,1870.0,1861.0,1870.0,800,0.0,0.0
2024-09-12 14:00:00+09:00,1870.0,1877.0,1870.0,1877.0,2600,0.0,0.0
2024-09-13 09:00:00+09:00,1902.0,1949.0,1898.0,1932.0,10200,0.0,0.0
2024-09-13 10:00:00+09:00,1932.0,1961.0,1931.0,1955.0,8900,0.0,0.0
2024-09-13 11:00:00+09:00,1941.0,1954.0,1941.0,1954.0,0,0.0,0.0
2024-09-13 12:00:00+09:00,1945.0,1946.0,1933.0,1946.0,22800,0.0,0.0
2024-09-13 13:00:00+09:00,1940.0,1966.0,1939.0,1956.0,6000,0.0,0.0
2024-09-13 14:00:00+09:00,1956.0,2010.0,1952.0,2010.0,10900,0.0,0.0
2024-09-17 09:00:00+09:00,1987.0,1998.0,1950.0,1960.0,11300,0.0,0.0
2024-09-17 10:00:00+09:00,1956.0,1959.0,1940.0,1951.0,4600,0.0,0.0
2024-09-17 11:00:00+09:00,1945.0,1945.0,1941.0,1941.0,0,0.0,0.0
2024-09-17 12:00:00+09:00,1976.0,1976.0,1943.0,1948.0,17900,0.0,0.0
2024-09-17 13:00:00+09:00,1947.0,1951.0,1941.0,1941.0,2700,0.0,0.0
2024-09-17 14:00:00+09:00,1940.0,1947.0,1934.0,1940.0,7000,0.0,0.0
2024-09-18 09:00:00+09:00,1939.0,1955.0,1939.0,1943.0,800,0.0,0.0
2024-09-18 10:00:00+09:00,1937.0,1937.0,1915.0,1915.0,1500,0.0,0.0
2024-09-18 11:00:00+09:00,1915.0,1915.0,1915.0,1915.0,0,0.0,0.0
2024-09-18 12:00:00+09:00,1915.0,1915.0,1907.0,1907.0,4200,0.0,0.0
2024-09-18 13:00:00+09:00,1906.0,1907.0,1901.0,1907.0,800,0.0,0.0
2024-09-18 14:00:00+09:00,1908.0,1926.0,1908.0,1926.0,1100,0.0,0.0
2024-09-19 09:00:00+09:00,1915.0,1963.0,1915.0,1960.0,6600,0.0,0.0
2024-09-19 10:00:00+09:00,1955.0,1960.0,1945.0,1945.0,2700,0.0,0.0
2024-09-19 11:00:00+09:00,1945.0,1945.0,1945.0,1945.0,0,0.0,0.0
2024-09-19 12:00:00+09:00,1946.0,1958.0,1946.0,1958.0,9600,0.0,0.0
2024-09-19 13:00:00+09:00,1956.0,1963.0,1956.0,1963.0,2600,0.0,0.0
2024-09-19 14:00:00+09:00,1963.0,1965.0,1936.0,1958.0,5000,0.0,0.0
2024-09-20 09:00:00+09:00,1973.0,1998.0,1973.0,1990.0,3900,0.0,0.0
2024-09-20 10:00:00+09:00,1985.0,2000.0,1981.0,1995.0,6000,0.0,0.0
2024-09-20 11:00:00+09:00,1996.0,2000.0,1996.0,2000.0,0,0.0,0.0
2024-09-20 12:00:00+09:00,1988.0,1996.0,1988.0,1988.0,11200,0.0,0.0
2024-09-20 13:00:00+09:00,1982.0,1990.0,1979.0,1987.0,2900,0.0,0.0
2024-09-20 14:00:00+09:00,1982.0,1986.0,1978.0,1986.0,2500,0.0,0.0
2024-09-24 09:00:00+09:00,1998.0,1998.0,1981.0,1984.0,3100,0.0,0.0
2024-09-24 10:00:00+09:00,1983.0,1987.0,1982.0,1987.0,400,0.0,0.0
2024-09-24 11:00:00+09:00,1980.0,1980.0,1980.0,1980.0,0,0.0,0.0
2024-09-24 12:00:00+09:00,2002.0,2002.0,1988.0,1989.0,9900,0.0,0.0
2024-09-24 14:00:00+09:00,1991.0,1997.0,1985.0,1997.0,2600,0.0,0.0
2024-09-25 09:00:00+09:00,1995.0,1995.0,1985.0,1985.0,300,0.0,0.0
2024-09-25 10:00:00+09:00,1978.0,1990.0,1970.0,1990.0,1300,0.0,0.0
2024-09-25 11:00:00+09:00,1990.0,2007.0,1990.0,2000.0,0,0.0,0.0
2024-09-25 12:00:00+09:00,2000.0,2027.0,1999.0,2027.0,7200,0.0,0.0
2024-09-25 13:00:00+09:00,2025.0,2027.0,2015.0,2027.0,2000,0.0,0.0
2024-09-25 14:00:00+09:00,2027.0,2031.0,2020.0,2024.0,2300,0.0,0.0
2024-09-26 09:00:00+09:00,2050.0,2050.0,2010.0,2010.0,2800,0.0,0.0
2024-09-26 10:00:00+09:00,2002.0,2019.0,2002.0,2019.0,1000,0.0,0.0
2024-09-26 11:00:00+09:00,2019.0,2019.0,2019.0,2019.0,0,0.0,0.0
2024-09-26 12:00:00+09:00,2015.0,2028.0,2015.0,2028.0,4500,0.0,0.0
2024-09-26 13:00:00+09:00,2016.0,2016.0,2002.0,2008.0,2000,0.0,0.0
2024-09-26 14:00:00+09:00,2008.0,2019.0,2008.0,2018.0,1700,0.0,0.0
2024-09-27 09:00:00+09:00,1985.0,2006.0,1985.0,1987.0,2600,0.0,0.0
2024-09-27 10:00:00+09:00,1990.0,1999.0,1989.0,1992.0,600,0.0,0.0
2024-09-27 11:00:00+09:00,1992.0,2010.0,1990.0,2010.0,0,0.0,0.0
2024-09-27 12:00:00+09:00,2008.0,2084.0,2000.0,2036.0,12000,0.0,0.0
2024-09-27 13:00:00+09:00,2036.0,2050.0,2036.0,2039.0,900,0.0,0.0
2024-09-27 14:00:00+09:00,2028.0,2043.0,2028.0,2040.0,4000,0.0,0.0
2024-09-30 09:00:00+09:00,1999.0,2042.0,1936.0,2006.0,12700,0.0,0.0
2024-09-30 10:00:00+09:00,2006.0,2032.0,2006.0,2025.0,4500,0.0,0.0
2024-09-30 11:00:00+09:00,2020.0,2030.0,2020.0,2030.0,0,0.0,0.0
2024-09-30 12:00:00+09:00,2030.0,2037.0,2013.0,2025.0,27900,0.0,0.0
2024-09-30 13:00:00+09:00,2025.0,2028.0,2009.0,2015.0,6600,0.0,0.0
2024-09-30 14:00:00+09:00,2025.0,2038.0,2017.0,2038.0,13700,0.0,0.0
2024-10-01 09:00:00+09:00,2056.0,2056.0,2003.0,2010.0,2500,0.0,0.0
2024-10-01 10:00:00+09:00,2011.0,2011.0,2010.0,2010.0,500,0.0,0.0
2024-10-01 11:00:00+09:00,2011.0,2011.0,2010.0,2010.0,0,0.0,0.0
2024-10-01 12:00:00+09:00,2027.0,2027.0,2027.0,2027.0,3500,0.0,0.0
2024-10-01 13:00:00+09:00,2022.0,2022.0,2018.0,2018.0,700,0.0,0.0
2024-10-01 14:00:00+09:00,2021.0,2025.0,2018.0,2018.0,1600,0.0,0.0
2024-10-02 09:00:00+09:00,2000.0,2030.0,1992.0,1992.0,2700,0.0,0.0
2024-10-02 10:00:00+09:00,1998.0,1998.0,1990.0,1998.0,1300,0.0,0.0
2024-10-02 11:00:00+09:00,1999.0,1999.0,1991.0,1991.0,0,0.0,0.0
2024-10-02 12:00:00+09:00,1991.0,2000.0,1991.0,2000.0,5000,0.0,0.0
2024-10-02 13:00:00+09:00,1993.0,1993.0,1980.0,1980.0,4900,0.0,0.0
2024-10-02 14:00:00+09:00,1980.0,1983.0,1976.0,1981.0,1100,0.0,0.0
2024-10-03 09:00:00+09:00,1999.0,1999.0,1974.0,1983.0,4700,0.0,0.0
2024-10-03 10:00:00+09:00,1985.0,1990.0,1977.0,1984.0,4600,0.0,0.0
2024-10-03 11:00:00+09:00,1984.0,1984.0,1984.0,1984.0,0,0.0,0.0
2024-10-03 12:00:00+09:00,1984.0,1984.0,1969.0,1969.0,10500,0.0,0.0
2024-10-03 13:00:00+09:00,1962.0,1974.0,1962.0,1974.0,2600,0.0,0.0
2024-10-03 14:00:00+09:00,1967.0,1979.0,1961.0,1961.0,2600,0.0,0.0
2024-10-04 09:00:00+09:00,1982.0,1982.0,1963.0,1963.0,800,0.0,0.0
2024-10-04 10:00:00+09:00,1964.0,1964.0,1964.0,1964.0,100,0.0,0.0
2024-10-04 11:00:00+09:00,1957.0,1960.0,1950.0,1960.0,0,0.0,0.0
2024-10-04 12:00:00+09:00,1964.0,1967.0,1957.0,1967.0,3100,0.0,0.0
2024-10-04 13:00:00+09:00,1968.0,1974.0,1966.0,1969.0,2100,0.0,0.0
2024-10-04 14:00:00+09:00,1971.0,1974.0,1952.0,1974.0,1000,0.0,0.0
2024-10-07 09:00:00+09:00,1974.0,1979.0,1971.0,1971.0,2000,0.0,0.0
2024-10-07 10:00:00+09:00,1971.0,1986.0,1963.0,1980.0,2200,0.0,0.0
2024-10-07 11:00:00+09:00,1981.0,1981.0,1967.0,1967.0,0,0.0,0.0
2024-10-07 12:00:00+09:00,1984.0,1985.0,1983.0,1985.0,6000,0.0,0.0
2024-10-07 13:00:00+09:00,1972.0,1991.0,1972.0,1991.0,2100,0.0,0.0
2024-10-07 14:00:00+09:00,1992.0,2011.0,1992.0,2001.0,0,0.0,0.0
2024-10-08 09:00:00+09:00,1987.0,1987.0,1962.0,1964.0,1100,0.0,0.0
2024-10-08 10:00:00+09:00,1975.0,1975.0,1965.0,1965.0,600,0.0,0.0
2024-10-08 11:00:00+09:00,1965.0,1965.0,1958.0,1958.0,0,0.0,0.0
2024-10-08 12:00:00+09:00,1973.0,1973.0,1960.0,1960.0,4000,0.0,0.0
2024-10-08 14:00:00+09:00,1965.0,1965.0,1958.0,1958.0,1500,0.0,0.0
2024-10-09 09:00:00+09:00,1960.0,1961.0,1960.0,1961.0,300,0.0,0.0
2024-10-09 11:00:00+09:00,1961.0,1961.0,1961.0,1961.0,0,0.0,0.0
2024-10-09 12:00:00+09:00,1960.0,1961.0,1960.0,1961.0,500,0.0,0.0
2024-10-09 14:00:00+09:00,1960.0,1980.0,1960.0,1980.0,600,0.0,0.0
2024-10-10 09:00:00+09:00,1991.0,1991.0,1960.0,1960.0,800,0.0,0.0
2024-10-10 11:00:00+09:00,1960.0,1960.0,1960.0,1960.0,0,0.0,0.0
2024-10-10 13:00:00+09:00,1960.0,1960.0,1952.0,1952.0,1500,0.0,0.0
2024-10-10 14:00:00+09:00,1952.0,1957.0,1949.0,1949.0,3600,0.0,0.0
2024-10-11 09:00:00+09:00,1958.0,1958.0,1943.0,1944.0,400,0.0,0.0
2024-10-11 10:00:00+09:00,1944.0,1944.0,1940.0,1940.0,300,0.0,0.0
2024-10-11 11:00:00+09:00,1940.0,1940.0,1940.0,1940.0,0,0.0,0.0
2024-10-11 12:00:00+09:00,1940.0,1940.0,1940.0,1940.0,1200,0.0,0.0
2024-10-11 13:00:00+09:00,1940.0,1943.0,1937.0,1943.0,300,0.0,0.0
2024-10-11 14:00:00+09:00,1932.0,1940.0,1932.0,1940.0,300,0.0,0.0
2024-10-15 09:00:00+09:00,1960.0,1960.0,1930.0,1950.0,2000,0.0,0.0
2024-10-15 10:00:00+09:00,1960.0,1964.0,1960.0,1964.0,700,0.0,0.0
2024-10-15 11:00:00+09:00,1973.0,1985.0,1964.0,1970.0,0,0.0,0.0
2024-10-15 12:00:00+09:00,1966.0,1967.0,1965.0,1965.0,4500,0.0,0.0
2024-10-15 13:00:00+09:00,1955.0,1967.0,1952.0,1956.0,0,0.0,0.0
2024-10-15 14:00:00+09:00,1962.0,1968.0,1959.0,1968.0,8200,0.0,0.0
2024-10-16 09:00:00+09:00,1939.0,1939.0,1922.0,1936.0,2800,0.0,0.0
2024-10-16 10:00:00+09:00,1933.0,1937.0,1933.0,1937.0,700,0.0,0.0
2024-10-16 11:00:00+09:00,1939.0,1951.0,1932.0,1951.0,0,0.0,0.0
2024-10-16 12:00:00+09:00,1930.0,1930.0,1906.0,1906.0,8300,0.0,0.0
2024-10-16 13:00:00+09:00,1913.0,1915.0,1912.0,1912.0,1000,0.0,0.0
2024-10-16 14:00:00+09:00,1912.0,1927.0,1907.0,1927.0,2800,0.0,0.0
2024-10-17 09:00:00+09:00,1930.0,1930.0,1928.0,1930.0,1200,0.0,0.0
2024-10-17 10:00:00+09:00,1916.0,1928.0,1916.0,1928.0,200,0.0,0.0
2024-10-17 11:00:00+09:00,1923.0,1923.0,1919.0,1919.0,0,0.0,0.0
2024-10-17 12:00:00+09:00,1919.0,1919.0,1919.0,1919.0,1900,0.0,0.0
2024-10-17 13:00:00+09:00,1919.0,1919.0,1915.0,1919.0,900,0.0,0.0
2024-10-17 14:00:00+09:00,1920.0,1921.0,1905.0,1905.0,5700,0.0,0.0
2024-10-18 09:00:00+09:00,1902.0,1933.0,1894.0,1904.0,5900,0.0,0.0
2024-10-18 10:00:00+09:00,1904.0,1904.0,1890.0,1891.0,2800,0.0,0.0
2024-10-18 11:00:00+09:00,1890.0,1900.0,1890.0,1893.0,0,0.0,0.0
2024-10-18 13:00:00+09:00,1900.0,1900.0,1893.0,1893.0,10500,0.0,0.0
2024-10-18 14:00:00+09:00,1893.0,1903.0,1890.0,1894.0,3200,0.0,0.0
2024-10-21 09:00:00+09:00,1892.0,1911.0,1892.0,1911.0,8800,0.0,0.0
2024-10-21 10:00:00+09:00,1906.0,1906.0,1897.0,1898.0,1200,0.0,0.0
2024-10-21 11:00:00+09:00,1907.0,1907.0,1893.0,1904.0,0,0.0,0.0
2024-10-21 12:00:00+09:00,1904.0,1904.0,1889.0,1900.0,12100,0.0,0.0
2024-10-21 13:00:00+09:00,1896.0,1898.0,1888.0,1892.0,900,0.0,0.0
2024-10-21 14:00:00+09:00,1892.0,1897.0,1886.0,1886.0,2200,0.0,0.0
2024-10-22 09:00:00+09:00,1880.0,1886.0,1860.0,1865.0,7800,0.0,0.0
2024-10-22 10:00:00+09:00,1856.0,1861.0,1855.0,1861.0,1400,0.0,0.0
2024-10-22 11:00:00+09:00,1860.0,1860.0,1860.0,1860.0,0,0.0,0.0
2024-10-22 12:00:00+09:00,1852.0,1860.0,1850.0,1852.0,11700,0.0,0.0
2024-10-22 13:00:00+09:00,1858.0,1862.0,1858.0,1862.0,900,0.0,0.0
2024-10-22 14:00:00+09:00,1859.0,1863.0,1803.0,1863.0,11000,0.0,0.0
2024-10-23 09:00:00+09:00,1839.0,1860.0,1825.0,1833.0,2600,0.0,0.0
2024-10-23 10:00:00+09:00,1858.0,1858.0,1845.0,1850.0,1600,0.0,0.0
2024-10-23 11:00:00+09:00,1860.0,1860.0,1860.0,1860.0,0,0.0,0.0
2024-10-23 12:00:00+09:00,1860.0,1860.0,1845.0,1846.0,5000,0.0,0.0
2024-10-23 13:00:00+09:00,1850.0,1850.0,1850.0,1850.0,300,0.0,0.0
2024-10-23 14:00:00+09:00,1850.0,1858.0,1849.0,1850.0,2000,0.0,0.0
2024-10-24 09:00:00+09:00,1831.0,1845.0,1822.0,1845.0,1600,0.0,0.0
2024-10-24 10:00:00+09:00,1831.0,1850.0,1812.0,1840.0,1300,0.0,0.0
2024-10-24 11:00:00+09:00,1840.0,1840.0,1840.0,1840.0,0,0.0,0.0
2024-10-24 12:00:00+09:00,1840.0,1840.0,1816.0,1837.0,3400,0.0,0.0
2024-10-24 13:00:00+09:00,1820.0,1835.0,1820.0,1822.0,800,0.0,0.0
2024-10-24 14:00:00+09:00,1833.0,1835.0,1821.0,1821.0,1100,0.0,0.0
2024-10-25 09:00:00+09:00,1818.0,1823.0,1791.0,1802.0,7200,0.0,0.0
2024-10-25 10:00:00+09:00,1800.0,1811.0,1792.0,1804.0,2200,0.0,0.0
2024-10-25 11:00:00+09:00,1803.0,1805.0,1803.0,1805.0,0,0.0,0.0
2024-10-25 12:00:00+09:00,1800.0,1802.0,1800.0,1802.0,10700,0.0,0.0
2024-10-25 13:00:00+09:00,1807.0,1810.0,1802.0,1809.0,1400,0.0,0.0
2024-10-25 14:00:00+09:00,1810.0,1811.0,1805.0,1805.0,1600,0.0,0.0
