Datetime,Open,High,Low,Close,Volume,Dividends,Stock Splits
2022-10-28 09:00:00+09:00,705.0,705.0,705.0,705.0,300,0.0,0.0
2022-10-28 11:00:00+09:00,703.0,703.0,703.0,703.0,0,0.0,0.0
2022-10-28 13:00:00+09:00,700.0,700.0,700.0,700.0,600,0.0,0.0
2022-10-31 09:00:00+09:00,700.0,700.0,693.0,693.0,1300,0.0,0.0
2022-10-31 11:00:00+09:00,693.0,693.0,693.0,693.0,0,0.0,0.0
2022-10-31 13:00:00+09:00,698.0,698.0,695.0,695.0,1500,0.0,0.0
2022-11-01 09:00:00+09:00,691.0,691.0,691.0,691.0,1300,0.0,0.0
2022-11-01 11:00:00+09:00,695.0,704.0,695.0,704.0,0,0.0,0.0
2022-11-01 14:00:00+09:00,704.0,704.0,704.0,704.0,1600,0.0,0.0
2022-11-02 09:00:00+09:00,695.0,695.0,695.0,695.0,100,0.0,0.0
2022-11-02 11:00:00+09:00,695.0,695.0,695.0,695.0,0,0.0,0.0
2022-11-02 12:00:00+09:00,698.0,698.0,698.0,698.0,200,0.0,0.0
2022-11-02 13:00:00+09:00,697.0,697.0,697.0,697.0,200,0.0,0.0
2022-11-04 09:00:00+09:00,685.0,688.0,685.0,687.0,900,0.0,0.0
2022-11-04 11:00:00+09:00,687.0,687.0,687.0,687.0,0,0.0,0.0
2022-11-04 14:00:00+09:00,697.0,697.0,697.0,697.0,1000,0.0,0.0
2022-11-07 09:00:00+09:00,699.0,699.0,699.0,699.0,800,0.0,0.0
2022-11-07 10:00:00+09:00,691.0,691.0,691.0,691.0,300,0.0,0.0
2022-11-07 11:00:00+09:00,691.0,691.0,691.0,691.0,0,0.0,0.0
2022-11-07 13:00:00+09:00,690.0,690.0,690.0,690.0,1200,0.0,0.0
2022-11-07 14:00:00+09:00,691.0,691.0,691.0,691.0,200,0.0,0.0
2022-11-08 09:00:00+09:00,701.0,701.0,701.0,701.0,700,0.0,0.0
2022-11-08 11:00:00+09:00,701.0,701.0,701.0,701.0,0,0.0,0.0
2022-11-09 09:00:00+09:00,713.0,713.0,713.0,713.0,600,0.0,0.0
2022-11-09 11:00:00+09:00,713.0,713.0,713.0,713.0,0,0.0,0.0
2022-11-10 13:00:00+09:00,699.0,700.0,699.0,700.0,300,0.0,0.0
2022-11-11 09:00:00+09:00,711.0,711.0,711.0,711.0,100,0.0,0.0
2022-11-11 11:00:00+09:00,711.0,711.0,711.0,711.0,0,0.0,0.0
2022-11-16 09:00:00+09:00,697.0,697.0,697.0,697.0,400,0.0,0.0
2022-11-16 11:00:00+09:00,697.0,697.0,697.0,697.0,0,0.0,0.0
2022-11-16 13:00:00+09:00,695.0,704.0,695.0,704.0,600,0.0,0.0
2022-11-17 14:00:00+09:00,695.0,705.0,695.0,696.0,700,0.0,0.0
2022-11-22 13:00:00+09:00,702.0,702.0,702.0,702.0,200,0.0,0.0
2022-11-22 14:00:00+09:00,699.0,699.0,696.0,696.0,400,0.0,0.0
2022-11-24 12:00:00+09:00,700.0,700.0,700.0,700.0,100,0.0,0.0
2022-11-25 09:00:00+09:00,700.0,700.0,700.0,700.0,1200,0.0,0.0
2022-11-25 11:00:00+09:00,700.0,700.0,700.0,700.0,0,0.0,0.0
2022-11-28 10:00:00+09:00,700.0,700.0,696.0,696.0,400,0.0,0.0
2022-11-28 11:00:00+09:00,696.0,696.0,696.0,696.0,0,0.0,0.0
2022-11-29 09:00:00+09:00,698.0,698.0,698.0,698.0,100,0.0,0.0
2022-11-29 11:00:00+09:00,698.0,698.0,698.0,698.0,0,0.0,0.0
2022-11-29 12:00:00+09:00,698.0,698.0,698.0,698.0,1100,0.0,0.0
2022-11-29 13:00:00+09:00,697.0,697.0,697.0,697.0,100,0.0,0.0
2022-11-29 14:00:00+09:00,697.0,697.0,697.0,697.0,100,0.0,0.0
2022-11-30 09:00:00+09:00,700.0,700.0,700.0,700.0,100,0.0,0.0
2022-11-30 11:00:00+09:00,700.0,700.0,700.0,700.0,0,0.0,0.0
2022-11-30 12:00:00+09:00,700.0,700.0,700.0,700.0,200,0.0,0.0
2022-12-01 09:00:00+09:00,697.0,697.0,697.0,697.0,300,0.0,0.0
2022-12-01 10:00:00+09:00,697.0,697.0,697.0,697.0,700,0.0,0.0
2022-12-01 11:00:00+09:00,697.0,697.0,697.0,697.0,0,0.0,0.0
2022-12-01 13:00:00+09:00,697.0,697.0,696.0,696.0,1200,0.0,0.0
2022-12-01 14:00:00+09:00,697.0,699.0,697.0,699.0,800,0.0,0.0
2022-12-02 11:00:00+09:00,696.0,696.0,696.0,696.0,100,0.0,0.0
2022-12-02 14:00:00+09:00,699.0,699.0,699.0,699.0,200,0.0,0.0
2022-12-05 09:00:00+09:00,700.0,700.0,700.0,700.0,700,0.0,0.0
2022-12-05 11:00:00+09:00,700.0,700.0,700.0,700.0,0,0.0,0.0
2022-12-05 12:00:00+09:00,700.0,700.0,700.0,700.0,800,0.0,0.0
2022-12-05 13:00:00+09:00,699.0,699.0,699.0,699.0,100,0.0,0.0
2022-12-06 09:00:00+09:00,701.0,701.0,701.0,701.0,700,0.0,0.0
2022-12-06 10:00:00+09:00,699.0,699.0,699.0,699.0,0,0.0,0.0
2022-12-06 11:00:00+09:00,699.0,699.0,699.0,699.0,0,0.0,0.0
2022-12-09 09:00:00+09:00,699.0,699.0,699.0,699.0,1400,0.0,0.0
2022-12-09 11:00:00+09:00,699.0,699.0,699.0,699.0,0,0.0,0.0
2022-12-09 12:00:00+09:00,699.0,699.0,699.0,699.0,1500,0.0,0.0
2022-12-12 09:00:00+09:00,696.0,696.0,696.0,696.0,100,0.0,0.0
2022-12-12 11:00:00+09:00,696.0,696.0,696.0,696.0,0,0.0,0.0
2022-12-12 13:00:00+09:00,696.0,696.0,696.0,696.0,400,0.0,0.0
2022-12-13 10:00:00+09:00,694.0,694.0,692.0,693.0,700,0.0,0.0
2022-12-13 11:00:00+09:00,692.0,692.0,691.0,691.0,0,0.0,0.0
2022-12-13 13:00:00+09:00,696.0,696.0,696.0,696.0,1100,0.0,0.0
2022-12-14 09:00:00+09:00,720.0,720.0,703.0,703.0,6500,0.0,0.0
2022-12-14 11:00:00+09:00,703.0,703.0,703.0,703.0,0,0.0,0.0
2022-12-14 12:00:00+09:00,706.0,711.0,706.0,711.0,8200,0.0,0.0
2022-12-14 13:00:00+09:00,712.0,720.0,712.0,720.0,2000,0.0,0.0
2022-12-14 14:00:00+09:00,720.0,721.0,718.0,718.0,400,0.0,0.0
2022-12-15 09:00:00+09:00,717.0,717.0,715.0,715.0,200,0.0,0.0
2022-12-15 11:00:00+09:00,715.0,715.0,715.0,715.0,0,0.0,0.0
2022-12-15 14:00:00+09:00,715.0,715.0,715.0,715.0,300,0.0,0.0
2022-12-16 09:00:00+09:00,711.0,718.0,711.0,718.0,300,0.0,0.0
2022-12-16 11:00:00+09:00,718.0,718.0,718.0,718.0,0,0.0,0.0
2022-12-16 13:00:00+09:00,710.0,710.0,708.0,710.0,1000,0.0,0.0
2022-12-16 14:00:00+09:00,710.0,710.0,710.0,710.0,100,0.0,0.0
2022-12-19 09:00:00+09:00,710.0,715.0,710.0,715.0,200,0.0,0.0
2022-12-19 10:00:00+09:00,718.0,718.0,718.0,718.0,100,0.0,0.0
2022-12-19 11:00:00+09:00,718.0,718.0,718.0,718.0,0,0.0,0.0
2022-12-20 10:00:00+09:00,717.0,717.0,717.0,717.0,300,0.0,0.0
2022-12-20 11:00:00+09:00,717.0,717.0,717.0,717.0,0,0.0,0.0
2022-12-20 12:00:00+09:00,711.0,711.0,711.0,711.0,800,0.0,0.0
2022-12-20 13:00:00+09:00,710.0,710.0,705.0,705.0,500,0.0,0.0
2022-12-21 09:00:00+09:00,702.0,702.0,700.0,700.0,1900,0.0,0.0
2022-12-21 11:00:00+09:00,700.0,700.0,700.0,700.0,0,0.0,0.0
2022-12-21 13:00:00+09:00,714.0,714.0,714.0,714.0,2000,0.0,0.0
2022-12-22 10:00:00+09:00,705.0,705.0,705.0,705.0,200,0.0,0.0
2022-12-22 11:00:00+09:00,705.0,705.0,705.0,705.0,0,0.0,0.0
2022-12-23 09:00:00+09:00,705.0,705.0,705.0,705.0,100,0.0,0.0
2022-12-23 11:00:00+09:00,704.0,705.0,704.0,705.0,0,0.0,0.0
2022-12-23 12:00:00+09:00,701.0,701.0,701.0,701.0,600,0.0,0.0
2022-12-26 09:00:00+09:00,705.0,705.0,705.0,705.0,100,0.0,0.0
2022-12-26 11:00:00+09:00,705.0,705.0,705.0,705.0,0,0.0,0.0
2022-12-26 12:00:00+09:00,704.0,704.0,704.0,704.0,200,0.0,0.0
2022-12-26 13:00:00+09:00,702.0,702.0,700.0,700.0,1900,0.0,0.0
2022-12-26 14:00:00+09:00,705.0,705.0,705.0,705.0,100,0.0,0.0
2022-12-28 09:00:00+09:00,705.0,705.0,692.0,700.0,0,0.0,0.0
2022-12-28 11:00:00+09:00,699.0,700.0,699.0,700.0,0,0.0,0.0
2022-12-28 13:00:00+09:00,701.0,701.0,701.0,701.0,4400,0.0,0.0
2022-12-29 10:00:00+09:00,700.0,700.0,700.0,700.0,100,0.0,0.0
2022-12-29 11:00:00+09:00,700.0,700.0,700.0,700.0,0,0.0,0.0
2022-12-30 09:00:00+09:00,702.0,702.0,702.0,702.0,100,0.0,0.0
2022-12-30 11:00:00+09:00,702.0,702.0,702.0,702.0,0,0.0,0.0
2022-12-30 12:00:00+09:00,701.0,701.0,701.0,701.0,200,0.0,0.0
2022-12-30 13:00:00+09:00,701.0,701.0,701.0,701.0,200,0.0,0.0
2023-01-04 11:00:00+09:00,697.0,705.0,697.0,705.0,100,0.0,0.0
2023-01-05 09:00:00+09:00,710.0,710.0,710.0,710.0,600,0.0,0.0
2023-01-05 11:00:00+09:00,710.0,710.0,710.0,710.0,0,0.0,0.0
2023-01-05 12:00:00+09:00,710.0,710.0,710.0,710.0,700,0.0,0.0
2023-01-06 09:00:00+09:00,711.0,711.0,711.0,711.0,800,0.0,0.0
2023-01-06 11:00:00+09:00,710.0,710.0,710.0,710.0,0,0.0,0.0
2023-01-06 12:00:00+09:00,705.0,705.0,705.0,705.0,1000,0.0,0.0
2023-01-06 14:00:00+09:00,706.0,706.0,706.0,706.0,100,0.0,0.0
2023-01-10 14:00:00+09:00,710.0,710.0,710.0,710.0,200,0.0,0.0
2023-01-12 09:00:00+09:00,710.0,710.0,710.0,710.0,1200,0.0,0.0
2023-01-12 10:00:00+09:00,709.0,709.0,709.0,709.0,100,0.0,0.0
2023-01-12 11:00:00+09:00,709.0,709.0,709.0,709.0,0,0.0,0.0
2023-01-16 09:00:00+09:00,704.0,704.0,704.0,704.0,100,0.0,0.0
2023-01-16 11:00:00+09:00,704.0,704.0,704.0,704.0,0,0.0,0.0
2023-01-16 12:00:00+09:00,705.0,705.0,701.0,701.0,600,0.0,0.0
2023-01-17 09:00:00+09:00,702.0,703.0,698.0,698.0,3500,0.0,0.0
2023-01-17 11:00:00+09:00,698.0,698.0,698.0,698.0,0,0.0,0.0
2023-01-17 12:00:00+09:00,700.0,700.0,700.0,700.0,3600,0.0,0.0
2023-01-18 09:00:00+09:00,700.0,700.0,700.0,700.0,300,0.0,0.0
2023-01-18 11:00:00+09:00,700.0,700.0,700.0,700.0,0,0.0,0.0
2023-01-18 12:00:00+09:00,711.0,711.0,711.0,711.0,400,0.0,0.0
2023-01-20 09:00:00+09:00,708.0,708.0,708.0,708.0,200,0.0,0.0
2023-01-20 11:00:00+09:00,708.0,708.0,708.0,708.0,0,0.0,0.0
2023-01-20 14:00:00+09:00,704.0,704.0,704.0,704.0,300,0.0,0.0
2023-01-23 09:00:00+09:00,704.0,704.0,704.0,704.0,500,0.0,0.0
2023-01-23 10:00:00+09:00,707.0,707.0,707.0,707.0,100,0.0,0.0
2023-01-23 11:00:00+09:00,707.0,707.0,707.0,707.0,0,0.0,0.0
2023-01-24 09:00:00+09:00,703.0,703.0,703.0,703.0,100,0.0,0.0
2023-01-24 10:00:00+09:00,704.0,704.0,704.0,704.0,100,0.0,0.0
2023-01-24 11:00:00+09:00,704.0,704.0,704.0,704.0,0,0.0,0.0
2023-01-25 09:00:00+09:00,704.0,704.0,704.0,704.0,300,0.0,0.0
2023-01-25 11:00:00+09:00,704.0,704.0,704.0,704.0,0,0.0,0.0
2023-01-25 14:00:00+09:00,707.0,708.0,707.0,708.0,500,0.0,0.0
2023-01-26 09:00:00+09:00,708.0,708.0,708.0,708.0,900,0.0,0.0
2023-01-26 11:00:00+09:00,708.0,708.0,708.0,708.0,0,0.0,0.0
2023-01-27 09:00:00+09:00,708.0,708.0,708.0,708.0,100,0.0,0.0
2023-01-27 11:00:00+09:00,708.0,715.0,708.0,715.0,0,0.0,0.0
2023-01-27 12:00:00+09:00,705.0,705.0,705.0,705.0,3100,0.0,0.0
2023-01-27 13:00:00+09:00,708.0,708.0,708.0,708.0,200,0.0,0.0
2023-01-27 14:00:00+09:00,709.0,709.0,709.0,709.0,100,0.0,0.0
2023-01-30 09:00:00+09:00,717.0,717.0,714.0,714.0,500,0.0,0.0
2023-01-30 11:00:00+09:00,714.0,714.0,714.0,714.0,0,0.0,0.0
2023-01-30 14:00:00+09:00,715.0,715.0,715.0,715.0,600,0.0,0.0
2023-01-31 09:00:00+09:00,715.0,715.0,707.0,709.0,600,0.0,0.0
2023-01-31 11:00:00+09:00,709.0,709.0,709.0,709.0,0,0.0,0.0
2023-01-31 12:00:00+09:00,710.0,710.0,710.0,710.0,700,0.0,0.0
2023-02-01 10:00:00+09:00,708.0,708.0,708.0,708.0,100,0.0,0.0
2023-02-01 11:00:00+09:00,708.0,708.0,708.0,708.0,0,0.0,0.0
2023-02-01 14:00:00+09:00,709.0,709.0,709.0,709.0,300,0.0,0.0
2023-02-02 10:00:00+09:00,710.0,710.0,710.0,710.0,200,0.0,0.0
2023-02-02 11:00:00+09:00,710.0,710.0,710.0,710.0,0,0.0,0.0
2023-02-03 09:00:00+09:00,712.0,712.0,712.0,712.0,200,0.0,0.0
2023-02-03 10:00:00+09:00,711.0,711.0,709.0,709.0,300,0.0,0.0
2023-02-03 11:00:00+09:00,712.0,712.0,712.0,712.0,0,0.0,0.0
2023-02-03 12:00:00+09:00,709.0,710.0,709.0,710.0,800,0.0,0.0
2023-02-06 09:00:00+09:00,715.0,715.0,715.0,715.0,600,0.0,0.0
2023-02-06 11:00:00+09:00,715.0,715.0,715.0,715.0,0,0.0,0.0
2023-02-07 09:00:00+09:00,718.0,718.0,708.0,708.0,1200,0.0,0.0
2023-02-07 10:00:00+09:00,709.0,709.0,709.0,709.0,100,0.0,0.0
2023-02-07 11:00:00+09:00,709.0,709.0,709.0,709.0,0,0.0,0.0
2023-02-07 14:00:00+09:00,708.0,708.0,708.0,708.0,1500,0.0,0.0
2023-02-08 09:00:00+09:00,712.0,712.0,712.0,712.0,100,0.0,0.0
2023-02-08 11:00:00+09:00,712.0,712.0,712.0,712.0,0,0.0,0.0
2023-02-08 12:00:00+09:00,712.0,712.0,712.0,712.0,200,0.0,0.0
2023-02-08 14:00:00+09:00,710.0,710.0,710.0,710.0,100,0.0,0.0
2023-02-09 13:00:00+09:00,712.0,712.0,712.0,712.0,100,0.0,0.0
2023-02-10 09:00:00+09:00,712.0,712.0,712.0,712.0,100,0.0,0.0
2023-02-10 11:00:00+09:00,712.0,712.0,712.0,712.0,0,0.0,0.0
2023-02-14 13:00:00+09:00,719.0,719.0,719.0,719.0,1000,0.0,0.0
2023-02-15 09:00:00+09:00,712.0,712.0,712.0,712.0,100,0.0,0.0
2023-02-15 11:00:00+09:00,712.0,712.0,712.0,712.0,0,0.0,0.0
2023-02-15 13:00:00+09:00,712.0,712.0,712.0,712.0,200,0.0,0.0
2023-02-16 13:00:00+09:00,715.0,715.0,715.0,715.0,0,0.0,0.0
2023-02-17 09:00:00+09:00,715.0,715.0,715.0,715.0,400,0.0,0.0
2023-02-17 11:00:00+09:00,715.0,715.0,715.0,715.0,0,0.0,0.0
2023-02-20 10:00:00+09:00,720.0,720.0,720.0,720.0,200,0.0,0.0
2023-02-20 11:00:00+09:00,720.0,720.0,720.0,720.0,0,0.0,0.0
2023-02-20 13:00:00+09:00,724.0,724.0,724.0,724.0,300,0.0,0.0
2023-02-21 13:00:00+09:00,724.0,724.0,724.0,724.0,100,0.0,0.0
2023-02-21 14:00:00+09:00,730.0,730.0,730.0,730.0,300,0.0,0.0
2023-02-22 09:00:00+09:00,737.0,737.0,731.0,731.0,200,0.0,0.0
2023-02-22 10:00:00+09:00,732.0,732.0,732.0,732.0,100,0.0,0.0
2023-02-22 11:00:00+09:00,732.0,732.0,732.0,732.0,0,0.0,0.0
2023-02-24 09:00:00+09:00,736.0,736.0,736.0,736.0,100,0.0,0.0
2023-02-24 11:00:00+09:00,736.0,736.0,732.0,732.0,0,0.0,0.0
2023-02-27 09:00:00+09:00,732.0,733.0,732.0,733.0,200,0.0,0.0
2023-02-27 11:00:00+09:00,732.0,732.0,732.0,732.0,0,0.0,0.0
2023-02-27 13:00:00+09:00,732.0,732.0,732.0,732.0,1400,0.0,0.0
2023-03-01 10:00:00+09:00,732.0,732.0,732.0,732.0,100,0.0,0.0
2023-03-01 11:00:00+09:00,732.0,732.0,732.0,732.0,0,0.0,0.0
2023-03-01 12:00:00+09:00,735.0,735.0,735.0,735.0,0,0.0,0.0
2023-03-01 14:00:00+09:00,735.0,735.0,735.0,735.0,300,0.0,0.0
2023-03-02 09:00:00+09:00,735.0,735.0,735.0,735.0,300,0.0,0.0
2023-03-02 10:00:00+09:00,735.0,735.0,733.0,733.0,400,0.0,0.0
2023-03-02 11:00:00+09:00,733.0,733.0,733.0,733.0,0,0.0,0.0
2023-03-02 13:00:00+09:00,733.0,733.0,733.0,733.0,800,0.0,0.0
2023-03-02 14:00:00+09:00,733.0,733.0,733.0,733.0,100,0.0,0.0
2023-03-03 14:00:00+09:00,736.0,736.0,736.0,736.0,500,0.0,0.0
2023-03-06 09:00:00+09:00,741.0,743.0,741.0,743.0,1000,0.0,0.0
2023-03-06 10:00:00+09:00,741.0,741.0,741.0,741.0,500,0.0,0.0
2023-03-06 11:00:00+09:00,741.0,741.0,741.0,741.0,0,0.0,0.0
2023-03-06 12:00:00+09:00,741.0,741.0,741.0,741.0,1700,0.0,0.0
2023-03-07 09:00:00+09:00,749.0,749.0,741.0,741.0,0,0.0,0.0
2023-03-07 11:00:00+09:00,741.0,741.0,741.0,741.0,0,0.0,0.0
2023-03-08 09:00:00+09:00,739.0,739.0,739.0,739.0,400,0.0,0.0
2023-03-08 11:00:00+09:00,739.0,739.0,739.0,739.0,0,0.0,0.0
2023-03-08 13:00:00+09:00,740.0,741.0,740.0,741.0,1000,0.0,0.0
2023-03-08 14:00:00+09:00,741.0,741.0,741.0,741.0,600,0.0,0.0
2023-03-09 09:00:00+09:00,750.0,750.0,749.0,749.0,900,0.0,0.0
2023-03-09 11:00:00+09:00,749.0,749.0,749.0,749.0,0,0.0,0.0
2023-03-09 13:00:00+09:00,750.0,750.0,750.0,750.0,1300,0.0,0.0
2023-03-10 09:00:00+09:00,741.0,741.0,741.0,741.0,100,0.0,0.0
2023-03-10 11:00:00+09:00,741.0,741.0,741.0,741.0,0,0.0,0.0
2023-03-10 13:00:00+09:00,739.0,739.0,739.0,739.0,500,0.0,0.0
2023-03-13 09:00:00+09:00,737.0,737.0,737.0,737.0,100,0.0,0.0
2023-03-13 10:00:00+09:00,737.0,737.0,737.0,737.0,500,0.0,0.0
2023-03-13 11:00:00+09:00,737.0,737.0,737.0,737.0,0,0.0,0.0
2023-03-14 09:00:00+09:00,733.0,733.0,730.0,730.0,300,0.0,0.0
2023-03-14 11:00:00+09:00,730.0,730.0,730.0,730.0,0,0.0,0.0
2023-03-15 10:00:00+09:00,731.0,731.0,731.0,731.0,100,0.0,0.0
2023-03-15 11:00:00+09:00,731.0,731.0,731.0,731.0,0,0.0,0.0
2023-03-15 12:00:00+09:00,731.0,731.0,731.0,731.0,600,0.0,0.0
2023-03-15 13:00:00+09:00,744.0,749.0,744.0,749.0,1100,0.0,0.0
2023-03-15 14:00:00+09:00,754.0,754.0,754.0,754.0,2000,0.0,0.0
2023-03-16 09:00:00+09:00,733.0,733.0,733.0,733.0,300,0.0,0.0
2023-03-16 11:00:00+09:00,733.0,733.0,733.0,733.0,0,0.0,0.0
2023-03-16 14:00:00+09:00,748.0,748.0,748.0,748.0,400,0.0,0.0
2023-03-17 09:00:00+09:00,733.0,737.0,722.0,737.0,4100,0.0,0.0
2023-03-17 11:00:00+09:00,737.0,737.0,737.0,737.0,0,0.0,0.0
2023-03-17 12:00:00+09:00,736.0,737.0,736.0,737.0,4300,0.0,0.0
2023-03-17 14:00:00+09:00,740.0,740.0,738.0,738.0,200,0.0,0.0
2023-03-20 10:00:00+09:00,725.0,730.0,725.0,730.0,1100,0.0,0.0
2023-03-20 11:00:00+09:00,730.0,730.0,730.0,730.0,0,0.0,0.0
2023-03-20 12:00:00+09:00,730.0,730.0,730.0,730.0,1600,0.0,0.0
2023-03-20 13:00:00+09:00,730.0,730.0,730.0,730.0,100,0.0,0.0
2023-03-20 14:00:00+09:00,730.0,730.0,730.0,730.0,500,0.0,0.0
2023-03-22 09:00:00+09:00,734.0,734.0,734.0,734.0,100,0.0,0.0
2023-03-22 11:00:00+09:00,734.0,734.0,734.0,734.0,0,0.0,0.0
2023-03-22 14:00:00+09:00,734.0,734.0,734.0,734.0,600,0.0,0.0
2023-03-23 09:00:00+09:00,734.0,734.0,734.0,734.0,100,0.0,0.0
2023-03-23 10:00:00+09:00,734.0,734.0,734.0,734.0,100,0.0,0.0
2023-03-23 11:00:00+09:00,734.0,734.0,734.0,734.0,0,0.0,0.0
2023-03-27 09:00:00+09:00,735.0,736.0,735.0,736.0,200,0.0,0.0
2023-03-27 11:00:00+09:00,736.0,736.0,736.0,736.0,0,0.0,0.0
2023-03-27 13:00:00+09:00,734.0,735.0,734.0,735.0,500,0.0,0.0
2023-03-27 14:00:00+09:00,735.0,735.0,735.0,735.0,200,0.0,0.0
2023-03-28 12:00:00+09:00,737.0,737.0,737.0,737.0,100,0.0,0.0
2023-03-29 09:00:00+09:00,737.0,738.0,725.0,738.0,2300,0.0,0.0
2023-03-29 11:00:00+09:00,738.0,738.0,738.0,738.0,0,0.0,0.0
2023-03-29 12:00:00+09:00,736.0,736.0,730.0,731.0,2600,0.0,0.0
2023-03-29 14:00:00+09:00,730.0,730.0,730.0,730.0,100,0.0,0.0
2023-03-31 09:00:00+09:00,718.0,718.0,718.0,718.0,100,0.0,0.0
2023-03-31 10:00:00+09:00,721.0,721.0,721.0,721.0,100,0.0,0.0
2023-03-31 11:00:00+09:00,721.0,721.0,721.0,721.0,0,0.0,0.0
2023-03-31 14:00:00+09:00,721.0,721.0,721.0,721.0,400,0.0,0.0
2023-04-03 09:00:00+09:00,734.0,734.0,734.0,734.0,100,0.0,0.0
2023-04-03 11:00:00+09:00,734.0,734.0,734.0,734.0,0,0.0,0.0
2023-04-03 14:00:00+09:00,734.0,737.0,734.0,737.0,1000,0.0,0.0
2023-04-04 12:00:00+09:00,737.0,737.0,737.0,737.0,100,0.0,0.0
2023-04-04 13:00:00+09:00,744.0,744.0,744.0,744.0,100,0.0,0.0
2023-04-04 14:00:00+09:00,751.0,751.0,751.0,751.0,200,0.0,0.0
2023-04-05 09:00:00+09:00,751.0,751.0,751.0,751.0,1100,0.0,0.0
2023-04-05 11:00:00+09:00,751.0,751.0,751.0,751.0,0,0.0,0.0
2023-04-05 12:00:00+09:00,751.0,751.0,721.0,736.0,2200,0.0,0.0
2023-04-05 13:00:00+09:00,723.0,733.0,723.0,733.0,500,0.0,0.0
2023-04-05 14:00:00+09:00,734.0,734.0,734.0,734.0,100,0.0,0.0
2023-04-06 09:00:00+09:00,738.0,738.0,738.0,738.0,700,0.0,0.0
2023-04-06 11:00:00+09:00,739.0,739.0,739.0,739.0,0,0.0,0.0
2023-04-07 09:00:00+09:00,739.0,739.0,739.0,739.0,100,0.0,0.0
2023-04-07 11:00:00+09:00,739.0,739.0,739.0,739.0,0,0.0,0.0
2023-04-07 12:00:00+09:00,731.0,731.0,731.0,731.0,200,0.0,0.0
2023-04-07 13:00:00+09:00,737.0,737.0,737.0,737.0,100,0.0,0.0
2023-04-10 10:00:00+09:00,751.0,751.0,751.0,751.0,100,0.0,0.0
2023-04-10 11:00:00+09:00,751.0,751.0,751.0,751.0,0,0.0,0.0
2023-04-10 13:00:00+09:00,736.0,736.0,736.0,736.0,200,0.0,0.0
2023-04-10 14:00:00+09:00,746.0,746.0,746.0,746.0,100,0.0,0.0
2023-04-11 09:00:00+09:00,749.0,790.0,749.0,763.0,0,0.0,0.0
2023-04-11 10:00:00+09:00,762.0,779.0,762.0,775.0,14300,0.0,0.0
2023-04-11 11:00:00+09:00,771.0,771.0,770.0,770.0,0,0.0,0.0
2023-04-11 14:00:00+09:00,769.0,770.0,765.0,765.0,15300,0.0,0.0
2023-04-12 14:00:00+09:00,755.0,755.0,755.0,755.0,100,0.0,0.0
2023-04-13 09:00:00+09:00,768.0,768.0,756.0,756.0,200,0.0,0.0
2023-04-13 10:00:00+09:00,756.0,756.0,756.0,756.0,100,0.0,0.0
2023-04-13 11:00:00+09:00,756.0,756.0,756.0,756.0,0,0.0,0.0
2023-04-13 12:00:00+09:00,756.0,756.0,756.0,756.0,400,0.0,0.0
2023-04-14 09:00:00+09:00,766.0,769.0,766.0,768.0,300,0.0,0.0
2023-04-14 11:00:00+09:00,768.0,768.0,768.0,768.0,0,0.0,0.0
2023-04-14 13:00:00+09:00,768.0,768.0,768.0,768.0,500,0.0,0.0
2023-04-17 10:00:00+09:00,768.0,768.0,766.0,768.0,500,0.0,0.0
2023-04-17 11:00:00+09:00,768.0,768.0,768.0,768.0,0,0.0,0.0
2023-04-17 12:00:00+09:00,762.0,763.0,762.0,763.0,700,0.0,0.0
2023-04-17 13:00:00+09:00,767.0,770.0,767.0,770.0,400,0.0,0.0
2023-04-18 09:00:00+09:00,768.0,768.0,760.0,760.0,600,0.0,0.0
2023-04-18 11:00:00+09:00,769.0,769.0,769.0,769.0,0,0.0,0.0
2023-04-19 09:00:00+09:00,769.0,769.0,767.0,767.0,800,0.0,0.0
2023-04-19 10:00:00+09:00,766.0,772.0,765.0,765.0,900,0.0,0.0
2023-04-19 11:00:00+09:00,765.0,765.0,765.0,765.0,0,0.0,0.0
2023-04-19 12:00:00+09:00,760.0,760.0,760.0,760.0,2400,0.0,0.0
2023-04-19 13:00:00+09:00,762.0,762.0,761.0,761.0,200,0.0,0.0
2023-04-20 09:00:00+09:00,761.0,762.0,761.0,762.0,200,0.0,0.0
2023-04-20 10:00:00+09:00,763.0,763.0,763.0,763.0,100,0.0,0.0
2023-04-20 11:00:00+09:00,764.0,764.0,764.0,764.0,0,0.0,0.0
2023-04-20 12:00:00+09:00,764.0,764.0,764.0,764.0,500,0.0,0.0
2023-04-20 13:00:00+09:00,764.0,764.0,764.0,764.0,100,0.0,0.0
2023-04-21 09:00:00+09:00,770.0,770.0,765.0,765.0,0,0.0,0.0
2023-04-21 11:00:00+09:00,765.0,765.0,765.0,765.0,0,0.0,0.0
2023-04-21 12:00:00+09:00,765.0,765.0,765.0,765.0,900,0.0,0.0
2023-04-21 13:00:00+09:00,760.0,761.0,760.0,761.0,500,0.0,0.0
2023-04-21 14:00:00+09:00,764.0,764.0,764.0,764.0,100,0.0,0.0
2023-04-24 09:00:00+09:00,772.0,779.0,770.0,779.0,900,0.0,0.0
2023-04-24 10:00:00+09:00,780.0,783.0,780.0,783.0,1100,0.0,0.0
2023-04-24 11:00:00+09:00,783.0,783.0,783.0,783.0,0,0.0,0.0
2023-04-24 12:00:00+09:00,778.0,778.0,778.0,778.0,2200,0.0,0.0
2023-04-24 14:00:00+09:00,778.0,778.0,771.0,771.0,1600,0.0,0.0
2023-04-25 09:00:00+09:00,772.0,773.0,771.0,771.0,1000,0.0,0.0
2023-04-25 10:00:00+09:00,771.0,771.0,771.0,771.0,100,0.0,0.0
2023-04-25 11:00:00+09:00,771.0,771.0,771.0,771.0,0,0.0,0.0
2023-04-25 13:00:00+09:00,773.0,773.0,773.0,773.0,1800,0.0,0.0
2023-04-26 09:00:00+09:00,773.0,773.0,773.0,773.0,600,0.0,0.0
2023-04-26 10:00:00+09:00,771.0,771.0,771.0,771.0,100,0.0,0.0
2023-04-26 11:00:00+09:00,772.0,773.0,772.0,773.0,0,0.0,0.0
2023-04-26 13:00:00+09:00,773.0,773.0,773.0,773.0,1400,0.0,0.0
2023-04-27 09:00:00+09:00,774.0,774.0,774.0,774.0,200,0.0,0.0
2023-04-27 10:00:00+09:00,774.0,778.0,774.0,778.0,400,0.0,0.0
2023-04-27 11:00:00+09:00,778.0,778.0,778.0,778.0,0,0.0,0.0
2023-04-28 09:00:00+09:00,781.0,781.0,781.0,781.0,2000,0.0,0.0
2023-04-28 10:00:00+09:00,781.0,781.0,781.0,781.0,100,0.0,0.0
2023-04-28 11:00:00+09:00,781.0,781.0,781.0,781.0,0,0.0,0.0
2023-04-28 12:00:00+09:00,782.0,782.0,778.0,778.0,2800,0.0,0.0
2023-04-28 14:00:00+09:00,779.0,781.0,778.0,781.0,800,0.0,0.0
2023-05-01 09:00:00+09:00,760.0,760.0,750.0,750.0,4300,0.0,0.0
2023-05-01 10:00:00+09:00,750.0,764.0,750.0,764.0,400,0.0,0.0
2023-05-01 11:00:00+09:00,764.0,764.0,764.0,764.0,0,0.0,0.0
2023-05-01 12:00:00+09:00,765.0,765.0,764.0,764.0,5100,0.0,0.0
2023-05-01 14:00:00+09:00,774.0,774.0,774.0,774.0,100,0.0,0.0
2023-05-02 10:00:00+09:00,762.0,762.0,762.0,762.0,100,0.0,0.0
2023-05-02 11:00:00+09:00,762.0,762.0,762.0,762.0,0,0.0,0.0
2023-05-02 13:00:00+09:00,777.0,777.0,777.0,777.0,700,0.0,0.0
2023-05-08 09:00:00+09:00,777.0,777.0,776.0,777.0,1400,0.0,0.0
2023-05-08 10:00:00+09:00,775.0,775.0,775.0,775.0,0,0.0,0.0
2023-05-08 11:00:00+09:00,775.0,775.0,775.0,775.0,0,0.0,0.0
2023-05-08 12:00:00+09:00,775.0,775.0,775.0,775.0,2300,0.0,0.0
2023-05-08 14:00:00+09:00,775.0,775.0,775.0,775.0,200,0.0,0.0
2023-05-09 09:00:00+09:00,778.0,778.0,777.0,778.0,1000,0.0,0.0
2023-05-09 10:00:00+09:00,771.0,771.0,771.0,771.0,100,0.0,0.0
2023-05-09 11:00:00+09:00,775.0,776.0,775.0,776.0,0,0.0,0.0
2023-05-10 09:00:00+09:00,774.0,774.0,755.0,762.0,1000,0.0,0.0
2023-05-10 11:00:00+09:00,762.0,762.0,762.0,762.0,0,0.0,0.0
2023-05-10 13:00:00+09:00,763.0,763.0,762.0,762.0,1200,0.0,0.0
2023-05-11 09:00:00+09:00,760.0,764.0,760.0,764.0,1300,0.0,0.0
2023-05-11 11:00:00+09:00,764.0,764.0,764.0,764.0,0,0.0,0.0
2023-05-12 09:00:00+09:00,758.0,758.0,758.0,758.0,100,0.0,0.0
2023-05-12 11:00:00+09:00,758.0,758.0,758.0,758.0,0,0.0,0.0
2023-05-15 09:00:00+09:00,771.0,771.0,770.0,771.0,500,0.0,0.0
2023-05-15 10:00:00+09:00,759.0,759.0,759.0,759.0,100,0.0,0.0
2023-05-15 11:00:00+09:00,759.0,759.0,759.0,759.0,0,0.0,0.0
2023-05-15 13:00:00+09:00,770.0,770.0,770.0,770.0,700,0.0,0.0
2023-05-16 09:00:00+09:00,770.0,770.0,770.0,770.0,100,0.0,0.0
2023-05-16 11:00:00+09:00,770.0,770.0,770.0,770.0,0,0.0,0.0
2023-05-16 12:00:00+09:00,755.0,755.0,755.0,755.0,600,0.0,0.0
2023-05-16 14:00:00+09:00,756.0,756.0,756.0,756.0,100,0.0,0.0
2023-05-17 12:00:00+09:00,756.0,756.0,756.0,756.0,200,0.0,0.0
2023-05-17 13:00:00+09:00,765.0,765.0,764.0,764.0,200,0.0,0.0
2023-05-18 09:00:00+09:00,760.0,765.0,760.0,765.0,500,0.0,0.0
2023-05-18 11:00:00+09:00,765.0,765.0,765.0,765.0,0,0.0,0.0
2023-05-19 09:00:00+09:00,766.0,768.0,760.0,768.0,300,0.0,0.0
2023-05-19 11:00:00+09:00,768.0,768.0,768.0,768.0,0,0.0,0.0
2023-05-22 09:00:00+09:00,774.0,774.0,751.0,764.0,1700,0.0,0.0
2023-05-22 11:00:00+09:00,764.0,764.0,764.0,764.0,0,0.0,0.0
2023-05-22 14:00:00+09:00,755.0,755.0,755.0,755.0,2200,0.0,0.0
2023-05-23 09:00:00+09:00,758.0,758.0,758.0,758.0,400,0.0,0.0
2023-05-23 10:00:00+09:00,757.0,757.0,757.0,757.0,100,0.0,0.0
2023-05-23 11:00:00+09:00,757.0,757.0,757.0,757.0,0,0.0,0.0
2023-05-23 12:00:00+09:00,757.0,757.0,757.0,757.0,600,0.0,0.0
2023-05-23 13:00:00+09:00,757.0,757.0,757.0,757.0,100,0.0,0.0
2023-05-23 14:00:00+09:00,757.0,757.0,756.0,756.0,200,0.0,0.0
2023-05-25 09:00:00+09:00,758.0,758.0,756.0,757.0,1900,0.0,0.0
2023-05-25 10:00:00+09:00,757.0,757.0,757.0,757.0,300,0.0,0.0
2023-05-25 11:00:00+09:00,757.0,757.0,757.0,757.0,0,0.0,0.0
2023-05-25 12:00:00+09:00,757.0,757.0,757.0,757.0,2300,0.0,0.0
2023-05-25 13:00:00+09:00,761.0,761.0,761.0,761.0,100,0.0,0.0
2023-05-25 14:00:00+09:00,759.0,759.0,759.0,759.0,100,0.0,0.0
2023-05-26 09:00:00+09:00,754.0,760.0,754.0,760.0,1300,0.0,0.0
2023-05-26 11:00:00+09:00,760.0,760.0,760.0,760.0,0,0.0,0.0
2023-05-26 13:00:00+09:00,753.0,754.0,753.0,754.0,1600,0.0,0.0
2023-05-29 09:00:00+09:00,755.0,755.0,755.0,755.0,100,0.0,0.0
2023-05-29 11:00:00+09:00,755.0,755.0,755.0,755.0,0,0.0,0.0
2023-05-30 09:00:00+09:00,755.0,755.0,755.0,755.0,300,0.0,0.0
2023-05-30 11:00:00+09:00,755.0,755.0,753.0,754.0,0,0.0,0.0
2023-05-30 13:00:00+09:00,751.0,758.0,751.0,758.0,0,0.0,0.0
2023-05-31 11:00:00+09:00,752.0,758.0,752.0,758.0,300,0.0,0.0
2023-05-31 14:00:00+09:00,757.0,757.0,753.0,753.0,500,0.0,0.0
2023-06-01 09:00:00+09:00,759.0,759.0,759.0,759.0,200,0.0,0.0
2023-06-01 10:00:00+09:00,759.0,759.0,759.0,759.0,0,0.0,0.0
2023-06-01 11:00:00+09:00,754.0,754.0,754.0,754.0,0,0.0,0.0
2023-06-01 14:00:00+09:00,755.0,755.0,754.0,754.0,600,0.0,0.0
2023-06-02 09:00:00+09:00,759.0,759.0,759.0,759.0,0,0.0,0.0
2023-06-02 11:00:00+09:00,759.0,759.0,759.0,759.0,0,0.0,0.0
2023-06-02 12:00:00+09:00,760.0,760.0,760.0,760.0,400,0.0,0.0
2023-06-02 13:00:00+09:00,756.0,757.0,756.0,757.0,200,0.0,0.0
2023-06-02 14:00:00+09:00,759.0,759.0,759.0,759.0,100,0.0,0.0
2023-06-05 09:00:00+09:00,753.0,753.0,752.0,752.0,1300,0.0,0.0
2023-06-05 11:00:00+09:00,752.0,752.0,752.0,752.0,0,0.0,0.0
2023-06-05 12:00:00+09:00,752.0,752.0,752.0,752.0,1500,0.0,0.0
2023-06-05 13:00:00+09:00,752.0,753.0,752.0,753.0,200,0.0,0.0
2023-06-05 14:00:00+09:00,753.0,753.0,753.0,753.0,100,0.0,0.0
2023-06-06 09:00:00+09:00,760.0,760.0,760.0,760.0,700,0.0,0.0
2023-06-06 11:00:00+09:00,760.0,760.0,760.0,760.0,0,0.0,0.0
2023-06-07 09:00:00+09:00,761.0,765.0,756.0,765.0,2400,0.0,0.0
2023-06-07 10:00:00+09:00,765.0,765.0,765.0,765.0,100,0.0,0.0
2023-06-07 11:00:00+09:00,765.0,765.0,765.0,765.0,0,0.0,0.0
2023-06-07 13:00:00+09:00,762.0,762.0,762.0,762.0,2700,0.0,0.0
2023-06-08 09:00:00+09:00,769.0,769.0,769.0,769.0,2100,0.0,0.0
2023-06-08 11:00:00+09:00,769.0,769.0,769.0,769.0,0,0.0,0.0
2023-06-09 09:00:00+09:00,772.0,772.0,772.0,772.0,200,0.0,0.0
2023-06-09 10:00:00+09:00,765.0,765.0,755.0,762.0,0,0.0,0.0
2023-06-09 11:00:00+09:00,762.0,762.0,762.0,762.0,0,0.0,0.0
2023-06-09 12:00:00+09:00,762.0,764.0,762.0,764.0,1400,0.0,0.0
2023-06-09 14:00:00+09:00,765.0,765.0,765.0,765.0,1300,0.0,0.0
2023-06-12 09:00:00+09:00,765.0,765.0,765.0,765.0,200,0.0,0.0
2023-06-12 11:00:00+09:00,765.0,765.0,765.0,765.0,0,0.0,0.0
2023-06-13 09:00:00+09:00,765.0,765.0,765.0,765.0,200,0.0,0.0
2023-06-13 11:00:00+09:00,765.0,765.0,765.0,765.0,0,0.0,0.0
2023-06-14 09:00:00+09:00,761.0,761.0,752.0,752.0,2700,0.0,0.0
2023-06-14 10:00:00+09:00,753.0,753.0,752.0,752.0,3100,0.0,0.0
2023-06-14 11:00:00+09:00,754.0,756.0,754.0,756.0,0,0.0,0.0
2023-06-14 14:00:00+09:00,755.0,755.0,755.0,755.0,6200,0.0,0.0
2023-06-15 13:00:00+09:00,755.0,755.0,755.0,755.0,100,0.0,0.0
2023-06-15 14:00:00+09:00,760.0,760.0,760.0,760.0,100,0.0,0.0
2023-06-16 12:00:00+09:00,760.0,760.0,760.0,760.0,1000,0.0,0.0
2023-06-16 13:00:00+09:00,760.0,760.0,760.0,760.0,100,0.0,0.0
2023-06-19 09:00:00+09:00,758.0,758.0,758.0,758.0,100,0.0,0.0
2023-06-19 10:00:00+09:00,755.0,755.0,755.0,755.0,100,0.0,0.0
2023-06-19 11:00:00+09:00,755.0,755.0,755.0,755.0,0,0.0,0.0
2023-06-19 13:00:00+09:00,756.0,756.0,756.0,756.0,300,0.0,0.0
2023-06-19 14:00:00+09:00,758.0,758.0,758.0,758.0,100,0.0,0.0
2023-06-20 09:00:00+09:00,758.0,758.0,758.0,758.0,0,0.0,0.0
2023-06-20 10:00:00+09:00,759.0,759.0,759.0,759.0,200,0.0,0.0
2023-06-20 11:00:00+09:00,759.0,759.0,759.0,759.0,0,0.0,0.0
2023-06-20 12:00:00+09:00,759.0,759.0,759.0,759.0,300,0.0,0.0
2023-06-21 09:00:00+09:00,754.0,755.0,754.0,755.0,500,0.0,0.0
2023-06-21 10:00:00+09:00,756.0,756.0,756.0,756.0,200,0.0,0.0
2023-06-21 11:00:00+09:00,756.0,756.0,756.0,756.0,0,0.0,0.0
2023-06-21 13:00:00+09:00,755.0,759.0,755.0,759.0,2300,0.0,0.0
2023-06-22 09:00:00+09:00,758.0,758.0,757.0,757.0,1000,0.0,0.0
2023-06-22 10:00:00+09:00,756.0,756.0,755.0,755.0,200,0.0,0.0
2023-06-22 11:00:00+09:00,756.0,756.0,756.0,756.0,0,0.0,0.0
2023-06-22 12:00:00+09:00,756.0,756.0,756.0,756.0,1400,0.0,0.0
2023-06-22 14:00:00+09:00,755.0,755.0,755.0,755.0,200,0.0,0.0
2023-06-23 12:00:00+09:00,749.0,755.0,749.0,755.0,1000,0.0,0.0
2023-06-23 14:00:00+09:00,754.0,754.0,754.0,754.0,100,0.0,0.0
2023-06-26 09:00:00+09:00,754.0,754.0,754.0,754.0,5600,0.0,0.0
2023-06-26 11:00:00+09:00,754.0,754.0,754.0,754.0,0,0.0,0.0
2023-06-27 09:00:00+09:00,743.0,753.0,743.0,753.0,600,0.0,0.0
2023-06-27 11:00:00+09:00,753.0,753.0,753.0,753.0,0,0.0,0.0
2023-06-28 09:00:00+09:00,753.0,753.0,753.0,753.0,400,0.0,0.0
2023-06-28 11:00:00+09:00,752.0,752.0,752.0,752.0,0,0.0,0.0
2023-06-29 10:00:00+09:00,750.0,753.0,747.0,753.0,300,0.0,0.0
2023-06-29 11:00:00+09:00,753.0,753.0,753.0,753.0,0,0.0,0.0
2023-06-29 12:00:00+09:00,752.0,752.0,752.0,752.0,400,0.0,0.0
2023-06-30 09:00:00+09:00,753.0,753.0,750.0,750.0,500,0.0,0.0
2023-06-30 10:00:00+09:00,750.0,750.0,750.0,750.0,900,0.0,0.0
2023-06-30 11:00:00+09:00,750.0,750.0,750.0,750.0,0,0.0,0.0
2023-06-30 13:00:00+09:00,750.0,750.0,750.0,750.0,1800,0.0,0.0
2023-06-30 14:00:00+09:00,753.0,755.0,753.0,755.0,2200,0.0,0.0
2023-07-03 09:00:00+09:00,755.0,755.0,755.0,755.0,0,0.0,0.0
2023-07-03 11:00:00+09:00,759.0,759.0,759.0,759.0,0,0.0,0.0
2023-07-03 12:00:00+09:00,754.0,757.0,754.0,757.0,1600,0.0,0.0
2023-07-03 13:00:00+09:00,756.0,763.0,756.0,763.0,1700,0.0,0.0
2023-07-03 14:00:00+09:00,761.0,763.0,757.0,757.0,1400,0.0,0.0
2023-07-04 09:00:00+09:00,759.0,761.0,759.0,761.0,800,0.0,0.0
2023-07-04 10:00:00+09:00,761.0,761.0,761.0,761.0,300,0.0,0.0
2023-07-04 11:00:00+09:00,761.0,761.0,761.0,761.0,0,0.0,0.0
2023-07-04 12:00:00+09:00,760.0,760.0,760.0,760.0,1400,0.0,0.0
2023-07-04 13:00:00+09:00,759.0,760.0,759.0,760.0,400,0.0,0.0
2023-07-04 14:00:00+09:00,760.0,760.0,760.0,760.0,200,0.0,0.0
2023-07-05 09:00:00+09:00,760.0,763.0,760.0,763.0,5300,0.0,0.0
2023-07-05 11:00:00+09:00,762.0,762.0,762.0,762.0,0,0.0,0.0
2023-07-05 12:00:00+09:00,763.0,765.0,763.0,765.0,6800,0.0,0.0
2023-07-05 13:00:00+09:00,764.0,765.0,763.0,763.0,700,0.0,0.0
2023-07-05 14:00:00+09:00,763.0,763.0,758.0,758.0,1200,0.0,0.0
2023-07-06 09:00:00+09:00,756.0,756.0,756.0,756.0,5400,0.0,0.0
2023-07-06 11:00:00+09:00,756.0,756.0,756.0,756.0,0,0.0,0.0
2023-07-06 12:00:00+09:00,755.0,762.0,755.0,762.0,5800,0.0,0.0
2023-07-07 10:00:00+09:00,756.0,756.0,756.0,756.0,200,0.0,0.0
2023-07-07 11:00:00+09:00,762.0,762.0,762.0,762.0,0,0.0,0.0
2023-07-07 12:00:00+09:00,761.0,761.0,752.0,752.0,0,0.0,0.0
2023-07-07 13:00:00+09:00,755.0,755.0,755.0,755.0,900,0.0,0.0
2023-07-07 14:00:00+09:00,759.0,759.0,759.0,759.0,100,0.0,0.0
2023-07-10 09:00:00+09:00,760.0,760.0,754.0,754.0,1700,0.0,0.0
2023-07-10 11:00:00+09:00,754.0,754.0,754.0,754.0,0,0.0,0.0
2023-07-10 12:00:00+09:00,759.0,759.0,759.0,759.0,1900,0.0,0.0
2023-07-10 13:00:00+09:00,760.0,760.0,760.0,760.0,100,0.0,0.0
2023-07-12 09:00:00+09:00,760.0,760.0,760.0,760.0,100,0.0,0.0
2023-07-12 11:00:00+09:00,760.0,760.0,760.0,760.0,0,0.0,0.0
2023-07-12 13:00:00+09:00,758.0,758.0,758.0,758.0,300,0.0,0.0
2023-07-12 14:00:00+09:00,759.0,759.0,759.0,759.0,100,0.0,0.0
2023-07-13 09:00:00+09:00,759.0,759.0,759.0,759.0,0,0.0,0.0
2023-07-13 10:00:00+09:00,752.0,752.0,742.0,742.0,1000,0.0,0.0
2023-07-13 11:00:00+09:00,748.0,753.0,748.0,753.0,0,0.0,0.0
2023-07-13 12:00:00+09:00,749.0,758.0,749.0,758.0,1600,0.0,0.0
2023-07-18 09:00:00+09:00,758.0,758.0,758.0,758.0,200,0.0,0.0
2023-07-18 11:00:00+09:00,759.0,759.0,759.0,759.0,0,0.0,0.0
2023-07-18 12:00:00+09:00,758.0,758.0,758.0,758.0,400,0.0,0.0
2023-07-19 12:00:00+09:00,758.0,758.0,758.0,758.0,200,0.0,0.0
2023-07-19 13:00:00+09:00,755.0,761.0,753.0,761.0,900,0.0,0.0
2023-07-20 12:00:00+09:00,755.0,762.0,755.0,761.0,600,0.0,0.0
2023-07-20 14:00:00+09:00,753.0,760.0,753.0,760.0,300,0.0,0.0
2023-07-24 09:00:00+09:00,759.0,759.0,759.0,759.0,100,0.0,0.0
2023-07-24 11:00:00+09:00,759.0,759.0,759.0,759.0,0,0.0,0.0
2023-07-24 12:00:00+09:00,759.0,759.0,759.0,759.0,600,0.0,0.0
2023-07-25 09:00:00+09:00,761.0,761.0,759.0,759.0,1000,0.0,0.0
2023-07-25 11:00:00+09:00,759.0,759.0,759.0,759.0,0,0.0,0.0
2023-07-25 14:00:00+09:00,752.0,758.0,752.0,757.0,2800,0.0,0.0
2023-07-26 09:00:00+09:00,757.0,757.0,756.0,756.0,0,0.0,0.0
2023-07-26 10:00:00+09:00,755.0,760.0,755.0,760.0,2200,0.0,0.0
2023-07-26 11:00:00+09:00,760.0,760.0,760.0,760.0,0,0.0,0.0
2023-07-27 09:00:00+09:00,760.0,760.0,760.0,760.0,200,0.0,0.0
2023-07-27 11:00:00+09:00,760.0,760.0,760.0,760.0,0,0.0,0.0
2023-07-27 13:00:00+09:00,755.0,761.0,755.0,761.0,0,0.0,0.0
2023-07-28 09:00:00+09:00,759.0,759.0,759.0,759.0,300,0.0,0.0
2023-07-28 10:00:00+09:00,759.0,759.0,759.0,759.0,200,0.0,0.0
2023-07-28 11:00:00+09:00,754.0,754.0,754.0,754.0,0,0.0,0.0
2023-07-28 12:00:00+09:00,759.0,759.0,758.0,758.0,3300,0.0,0.0
2023-07-28 13:00:00+09:00,759.0,759.0,759.0,759.0,100,0.0,0.0
2023-07-28 14:00:00+09:00,761.0,767.0,761.0,767.0,1800,0.0,0.0
2023-07-31 09:00:00+09:00,765.0,770.0,765.0,770.0,2100,0.0,0.0
2023-07-31 10:00:00+09:00,770.0,777.0,770.0,777.0,1500,0.0,0.0
2023-07-31 11:00:00+09:00,776.0,777.0,776.0,777.0,0,0.0,0.0
2023-07-31 12:00:00+09:00,779.0,779.0,779.0,779.0,4500,0.0,0.0
2023-07-31 13:00:00+09:00,778.0,781.0,778.0,781.0,2100,0.0,0.0
2023-07-31 14:00:00+09:00,778.0,807.0,778.0,807.0,2600,0.0,0.0
2023-08-01 09:00:00+09:00,799.0,799.0,784.0,790.0,400,0.0,0.0
2023-08-01 10:00:00+09:00,789.0,796.0,788.0,796.0,300,0.0,0.0
2023-08-01 11:00:00+09:00,796.0,796.0,796.0,796.0,0,0.0,0.0
2023-08-01 12:00:00+09:00,788.0,788.0,788.0,788.0,800,0.0,0.0
2023-08-02 09:00:00+09:00,788.0,788.0,788.0,788.0,100,0.0,0.0
2023-08-02 10:00:00+09:00,780.0,780.0,761.0,770.0,1700,0.0,0.0
2023-08-02 11:00:00+09:00,771.0,784.0,770.0,784.0,0,0.0,0.0
2023-08-02 14:00:00+09:00,782.0,782.0,782.0,782.0,3300,0.0,0.0
2023-08-03 09:00:00+09:00,760.0,768.0,760.0,764.0,2700,0.0,0.0
2023-08-03 10:00:00+09:00,764.0,767.0,764.0,767.0,200,0.0,0.0
2023-08-03 11:00:00+09:00,764.0,764.0,755.0,760.0,0,0.0,0.0
2023-08-03 12:00:00+09:00,758.0,758.0,758.0,758.0,6000,0.0,0.0
2023-08-03 13:00:00+09:00,759.0,765.0,759.0,765.0,600,0.0,0.0
2023-08-03 14:00:00+09:00,763.0,763.0,763.0,763.0,100,0.0,0.0
2023-08-04 11:00:00+09:00,766.0,766.0,766.0,766.0,100,0.0,0.0
2023-08-04 13:00:00+09:00,767.0,776.0,767.0,776.0,300,0.0,0.0
2023-08-04 14:00:00+09:00,777.0,777.0,769.0,770.0,400,0.0,0.0
2023-08-07 09:00:00+09:00,773.0,773.0,773.0,773.0,700,0.0,0.0
2023-08-07 10:00:00+09:00,780.0,780.0,780.0,780.0,300,0.0,0.0
2023-08-07 11:00:00+09:00,780.0,780.0,780.0,780.0,0,0.0,0.0
2023-08-08 09:00:00+09:00,782.0,783.0,782.0,783.0,3000,0.0,0.0
2023-08-08 11:00:00+09:00,783.0,783.0,783.0,783.0,0,0.0,0.0
2023-08-08 14:00:00+09:00,779.0,779.0,779.0,779.0,3200,0.0,0.0
2023-08-09 09:00:00+09:00,780.0,780.0,780.0,780.0,400,0.0,0.0
2023-08-09 11:00:00+09:00,780.0,780.0,780.0,780.0,0,0.0,0.0
2023-08-09 13:00:00+09:00,780.0,780.0,780.0,780.0,500,0.0,0.0
2023-08-09 14:00:00+09:00,769.0,769.0,769.0,769.0,0,0.0,0.0
2023-08-10 13:00:00+09:00,766.0,766.0,766.0,766.0,200,0.0,0.0
2023-08-10 14:00:00+09:00,770.0,770.0,770.0,770.0,200,0.0,0.0
2023-08-14 09:00:00+09:00,771.0,780.0,771.0,780.0,500,0.0,0.0
2023-08-14 11:00:00+09:00,780.0,780.0,780.0,780.0,0,0.0,0.0
2023-08-14 12:00:00+09:00,779.0,779.0,779.0,779.0,600,0.0,0.0
2023-08-15 09:00:00+09:00,780.0,780.0,780.0,780.0,100,0.0,0.0
2023-08-15 11:00:00+09:00,780.0,780.0,780.0,780.0,0,0.0,0.0
2023-08-15 12:00:00+09:00,780.0,780.0,780.0,780.0,300,0.0,0.0
2023-08-15 13:00:00+09:00,780.0,780.0,780.0,780.0,100,0.0,0.0
2023-08-16 09:00:00+09:00,777.0,777.0,777.0,777.0,100,0.0,0.0
2023-08-16 11:00:00+09:00,777.0,777.0,777.0,777.0,0,0.0,0.0
2023-08-17 09:00:00+09:00,775.0,775.0,767.0,767.0,400,0.0,0.0
2023-08-17 10:00:00+09:00,767.0,767.0,758.0,758.0,3700,0.0,0.0
2023-08-17 11:00:00+09:00,761.0,761.0,761.0,761.0,0,0.0,0.0
2023-08-18 09:00:00+09:00,761.0,761.0,761.0,761.0,300,0.0,0.0
2023-08-18 11:00:00+09:00,761.0,761.0,761.0,761.0,0,0.0,0.0
2023-08-18 12:00:00+09:00,760.0,760.0,760.0,760.0,600,0.0,0.0
2023-08-18 14:00:00+09:00,760.0,760.0,760.0,760.0,100,0.0,0.0
2023-08-21 09:00:00+09:00,759.0,764.0,755.0,764.0,800,0.0,0.0
2023-08-21 10:00:00+09:00,764.0,764.0,764.0,764.0,0,0.0,0.0
2023-08-21 11:00:00+09:00,763.0,763.0,763.0,763.0,0,0.0,0.0
2023-08-21 14:00:00+09:00,770.0,770.0,770.0,770.0,2000,0.0,0.0
2023-08-22 10:00:00+09:00,768.0,776.0,768.0,776.0,800,0.0,0.0
2023-08-22 11:00:00+09:00,776.0,776.0,776.0,776.0,0,0.0,0.0
2023-08-23 10:00:00+09:00,777.0,777.0,777.0,777.0,500,0.0,0.0
2023-08-23 11:00:00+09:00,778.0,778.0,778.0,778.0,0,0.0,0.0
2023-08-24 09:00:00+09:00,779.0,785.0,779.0,785.0,0,0.0,0.0
2023-08-24 11:00:00+09:00,785.0,785.0,785.0,785.0,0,0.0,0.0
2023-08-24 12:00:00+09:00,786.0,786.0,786.0,786.0,900,0.0,0.0
2023-08-24 13:00:00+09:00,782.0,782.0,780.0,780.0,1100,0.0,0.0
2023-08-24 14:00:00+09:00,780.0,787.0,780.0,787.0,400,0.0,0.0
2023-08-25 09:00:00+09:00,788.0,788.0,784.0,784.0,1200,0.0,0.0
2023-08-25 11:00:00+09:00,784.0,784.0,784.0,784.0,0,0.0,0.0
2023-08-25 12:00:00+09:00,783.0,783.0,783.0,783.0,1300,0.0,0.0
2023-08-25 13:00:00+09:00,780.0,781.0,780.0,781.0,600,0.0,0.0
2023-08-28 09:00:00+09:00,781.0,781.0,781.0,781.0,500,0.0,0.0
2023-08-28 10:00:00+09:00,776.0,776.0,776.0,776.0,500,0.0,0.0
2023-08-28 11:00:00+09:00,776.0,776.0,776.0,776.0,0,0.0,0.0
2023-08-28 12:00:00+09:00,776.0,776.0,775.0,775.0,1700,0.0,0.0
2023-08-29 09:00:00+09:00,778.0,778.0,775.0,775.0,700,0.0,0.0
2023-08-29 11:00:00+09:00,774.0,774.0,774.0,774.0,0,0.0,0.0
2023-08-29 13:00:00+09:00,776.0,776.0,776.0,776.0,900,0.0,0.0
2023-08-29 14:00:00+09:00,771.0,772.0,771.0,772.0,200,0.0,0.0
2023-08-30 09:00:00+09:00,771.0,771.0,760.0,760.0,2100,0.0,0.0
2023-08-30 11:00:00+09:00,766.0,767.0,766.0,767.0,0,0.0,0.0
2023-08-30 12:00:00+09:00,763.0,765.0,751.0,751.0,7500,0.0,0.0
2023-08-30 13:00:00+09:00,751.0,758.0,747.0,758.0,1600,0.0,0.0
2023-08-30 14:00:00+09:00,759.0,760.0,759.0,760.0,400,0.0,0.0
2023-08-31 09:00:00+09:00,761.0,761.0,761.0,761.0,100,0.0,0.0
2023-08-31 11:00:00+09:00,761.0,761.0,761.0,761.0,0,0.0,0.0
2023-08-31 12:00:00+09:00,760.0,770.0,758.0,770.0,700,0.0,0.0
2023-08-31 14:00:00+09:00,767.0,769.0,767.0,769.0,500,0.0,0.0
2023-09-01 09:00:00+09:00,772.0,772.0,761.0,762.0,700,0.0,0.0
2023-09-01 10:00:00+09:00,769.0,770.0,769.0,770.0,300,0.0,0.0
2023-09-01 11:00:00+09:00,770.0,770.0,770.0,770.0,0,0.0,0.0
2023-09-01 12:00:00+09:00,769.0,769.0,769.0,769.0,1100,0.0,0.0
2023-09-04 09:00:00+09:00,773.0,773.0,773.0,773.0,200,0.0,0.0
2023-09-04 10:00:00+09:00,771.0,771.0,770.0,770.0,200,0.0,0.0
2023-09-04 11:00:00+09:00,770.0,770.0,770.0,770.0,0,0.0,0.0
2023-09-04 12:00:00+09:00,776.0,777.0,776.0,777.0,600,0.0,0.0
2023-09-04 14:00:00+09:00,776.0,776.0,776.0,776.0,200,0.0,0.0
2023-09-05 09:00:00+09:00,776.0,776.0,760.0,760.0,6400,0.0,0.0
2023-09-05 10:00:00+09:00,763.0,770.0,763.0,770.0,300,0.0,0.0
2023-09-05 11:00:00+09:00,770.0,771.0,770.0,770.0,0,0.0,0.0
2023-09-05 12:00:00+09:00,773.0,775.0,773.0,775.0,7900,0.0,0.0
2023-09-05 14:00:00+09:00,763.0,767.0,760.0,767.0,2300,0.0,0.0
2023-09-06 09:00:00+09:00,771.0,771.0,769.0,770.0,1400,0.0,0.0
2023-09-06 11:00:00+09:00,770.0,770.0,770.0,770.0,0,0.0,0.0
2023-09-06 12:00:00+09:00,770.0,770.0,770.0,770.0,1500,0.0,0.0
2023-09-06 14:00:00+09:00,771.0,771.0,771.0,771.0,1100,0.0,0.0
2023-09-07 12:00:00+09:00,769.0,769.0,769.0,769.0,100,0.0,0.0
2023-09-08 09:00:00+09:00,771.0,771.0,771.0,771.0,100,0.0,0.0
2023-09-08 10:00:00+09:00,765.0,765.0,765.0,765.0,200,0.0,0.0
2023-09-08 11:00:00+09:00,765.0,765.0,765.0,765.0,0,0.0,0.0
2023-09-08 12:00:00+09:00,770.0,778.0,769.0,777.0,2300,0.0,0.0
2023-09-08 13:00:00+09:00,770.0,771.0,770.0,770.0,600,0.0,0.0
2023-09-08 14:00:00+09:00,776.0,776.0,776.0,776.0,1500,0.0,0.0
2023-09-11 09:00:00+09:00,783.0,783.0,779.0,781.0,2500,0.0,0.0
2023-09-11 10:00:00+09:00,774.0,774.0,760.0,767.0,2300,0.0,0.0
2023-09-11 11:00:00+09:00,775.0,779.0,769.0,769.0,0,0.0,0.0
2023-09-11 13:00:00+09:00,768.0,783.0,768.0,783.0,9900,0.0,0.0
2023-09-11 14:00:00+09:00,781.0,781.0,781.0,781.0,100,0.0,0.0
2023-09-12 09:00:00+09:00,775.0,775.0,775.0,775.0,1400,0.0,0.0
2023-09-12 10:00:00+09:00,773.0,773.0,773.0,773.0,100,0.0,0.0
2023-09-12 11:00:00+09:00,773.0,774.0,772.0,774.0,0,0.0,0.0
2023-09-12 12:00:00+09:00,775.0,775.0,775.0,775.0,2100,0.0,0.0
2023-09-12 13:00:00+09:00,776.0,776.0,768.0,768.0,600,0.0,0.0
2023-09-13 09:00:00+09:00,778.0,778.0,764.0,764.0,4400,0.0,0.0
2023-09-13 10:00:00+09:00,761.0,765.0,760.0,765.0,3900,0.0,0.0
2023-09-13 11:00:00+09:00,765.0,765.0,765.0,765.0,0,0.0,0.0
2023-09-13 12:00:00+09:00,766.0,770.0,766.0,770.0,8500,0.0,0.0
2023-09-13 13:00:00+09:00,770.0,770.0,770.0,770.0,100,0.0,0.0
2023-09-13 14:00:00+09:00,771.0,775.0,771.0,775.0,200,0.0,0.0
2023-09-14 09:00:00+09:00,782.0,782.0,782.0,782.0,700,0.0,0.0
2023-09-14 11:00:00+09:00,777.0,777.0,777.0,777.0,0,0.0,0.0
2023-09-14 12:00:00+09:00,780.0,780.0,780.0,780.0,900,0.0,0.0
2023-09-14 14:00:00+09:00,777.0,777.0,776.0,776.0,200,0.0,0.0
2023-09-15 09:00:00+09:00,781.0,781.0,781.0,781.0,400,0.0,0.0
2023-09-15 10:00:00+09:00,785.0,787.0,784.0,787.0,1000,0.0,0.0
2023-09-15 11:00:00+09:00,787.0,787.0,787.0,787.0,0,0.0,0.0
2023-09-15 12:00:00+09:00,789.0,790.0,789.0,790.0,2000,0.0,0.0
2023-09-15 14:00:00+09:00,789.0,790.0,789.0,790.0,0,0.0,0.0
2023-09-19 09:00:00+09:00,795.0,795.0,795.0,795.0,500,0.0,0.0
2023-09-19 10:00:00+09:00,795.0,797.0,795.0,797.0,1500,0.0,0.0
2023-09-19 11:00:00+09:00,799.0,810.0,799.0,810.0,0,0.0,0.0
2023-09-19 12:00:00+09:00,800.0,808.0,800.0,808.0,3500,0.0,0.0
2023-09-19 13:00:00+09:00,799.0,807.0,796.0,807.0,400,0.0,0.0
2023-09-19 14:00:00+09:00,806.0,848.0,806.0,848.0,9700,0.0,0.0
2023-09-20 09:00:00+09:00,845.0,845.0,827.0,827.0,1500,0.0,0.0
2023-09-20 11:00:00+09:00,827.0,827.0,827.0,827.0,0,0.0,0.0
2023-09-20 12:00:00+09:00,827.0,827.0,827.0,827.0,1800,0.0,0.0
2023-09-20 13:00:00+09:00,827.0,838.0,827.0,838.0,200,0.0,0.0
2023-09-20 14:00:00+09:00,833.0,833.0,833.0,833.0,500,0.0,0.0
2023-09-21 09:00:00+09:00,833.0,833.0,833.0,833.0,200,0.0,0.0
2023-09-21 10:00:00+09:00,833.0,833.0,833.0,833.0,100,0.0,0.0
2023-09-21 11:00:00+09:00,833.0,833.0,818.0,818.0,0,0.0,0.0
2023-09-21 12:00:00+09:00,809.0,809.0,809.0,809.0,3200,0.0,0.0
2023-09-21 14:00:00+09:00,820.0,820.0,780.0,786.0,15200,0.0,0.0
2023-09-22 09:00:00+09:00,785.0,793.0,784.0,787.0,2400,0.0,0.0
2023-09-22 10:00:00+09:00,784.0,784.0,778.0,779.0,2100,0.0,0.0
2023-09-22 11:00:00+09:00,779.0,779.0,779.0,779.0,0,0.0,0.0
2023-09-22 12:00:00+09:00,782.0,782.0,782.0,782.0,5900,0.0,0.0
2023-09-22 13:00:00+09:00,785.0,785.0,785.0,785.0,100,0.0,0.0
2023-09-22 14:00:00+09:00,790.0,790.0,790.0,790.0,100,0.0,0.0
2023-09-25 09:00:00+09:00,794.0,801.0,794.0,800.0,1300,0.0,0.0
2023-09-25 11:00:00+09:00,800.0,800.0,800.0,800.0,0,0.0,0.0
2023-09-25 12:00:00+09:00,802.0,802.0,802.0,802.0,1500,0.0,0.0
2023-09-25 13:00:00+09:00,801.0,801.0,800.0,800.0,900,0.0,0.0
2023-09-26 09:00:00+09:00,810.0,839.0,810.0,818.0,2100,0.0,0.0
2023-09-26 10:00:00+09:00,814.0,814.0,801.0,801.0,1100,0.0,0.0
2023-09-26 11:00:00+09:00,807.0,808.0,807.0,808.0,0,0.0,0.0
2023-09-26 12:00:00+09:00,807.0,807.0,807.0,807.0,4300,0.0,0.0
2023-09-26 13:00:00+09:00,807.0,807.0,807.0,807.0,100,0.0,0.0
2023-09-26 14:00:00+09:00,806.0,806.0,806.0,806.0,100,0.0,0.0
2023-09-27 09:00:00+09:00,810.0,816.0,806.0,809.0,2100,0.0,0.0
2023-09-27 11:00:00+09:00,809.0,809.0,809.0,809.0,0,0.0,0.0
2023-09-27 12:00:00+09:00,809.0,809.0,809.0,809.0,5100,0.0,0.0
2023-09-27 13:00:00+09:00,809.0,809.0,809.0,809.0,100,0.0,0.0
2023-09-27 14:00:00+09:00,814.0,814.0,814.0,814.0,100,0.0,0.0
2023-09-28 09:00:00+09:00,822.0,822.0,822.0,822.0,200,0.0,0.0
2023-09-28 11:00:00+09:00,819.0,819.0,819.0,819.0,0,0.0,0.0
2023-09-28 12:00:00+09:00,814.0,814.0,814.0,814.0,600,0.0,0.0
2023-09-29 09:00:00+09:00,819.0,819.0,819.0,819.0,100,0.0,0.0
2023-09-29 10:00:00+09:00,816.0,816.0,816.0,816.0,100,0.0,0.0
2023-09-29 11:00:00+09:00,821.0,821.0,821.0,821.0,0,0.0,0.0
2023-09-29 12:00:00+09:00,819.0,819.0,819.0,819.0,400,0.0,0.0
2023-09-29 13:00:00+09:00,811.0,811.0,811.0,811.0,100,0.0,0.0
2023-09-29 14:00:00+09:00,810.0,810.0,810.0,810.0,100,0.0,0.0
2023-10-02 09:00:00+09:00,855.0,890.0,839.0,839.0,17300,0.0,0.0
2023-10-02 10:00:00+09:00,839.0,841.0,833.0,837.0,600,0.0,0.0
2023-10-02 11:00:00+09:00,840.0,850.0,840.0,850.0,0,0.0,0.0
2023-10-02 12:00:00+09:00,837.0,837.0,837.0,837.0,18900,0.0,0.0
2023-10-02 14:00:00+09:00,837.0,837.0,820.0,822.0,800,0.0,0.0
2023-10-03 09:00:00+09:00,829.0,829.0,815.0,815.0,1200,0.0,0.0
2023-10-03 10:00:00+09:00,813.0,817.0,810.0,817.0,1100,0.0,0.0
2023-10-03 11:00:00+09:00,814.0,814.0,810.0,810.0,0,0.0,0.0
2023-10-03 13:00:00+09:00,815.0,815.0,815.0,815.0,2700,0.0,0.0
2023-10-03 14:00:00+09:00,808.0,808.0,802.0,803.0,1300,0.0,0.0
2023-10-04 09:00:00+09:00,800.0,800.0,777.0,785.0,3500,0.0,0.0
2023-10-04 10:00:00+09:00,785.0,785.0,771.0,784.0,1300,0.0,0.0
2023-10-04 11:00:00+09:00,784.0,784.0,784.0,784.0,0,0.0,0.0
2023-10-04 12:00:00+09:00,782.0,782.0,780.0,780.0,5500,0.0,0.0
2023-10-04 13:00:00+09:00,773.0,773.0,767.0,767.0,700,0.0,0.0
2023-10-04 14:00:00+09:00,781.0,782.0,776.0,780.0,700,0.0,0.0
2023-10-05 09:00:00+09:00,780.0,781.0,780.0,781.0,1000,0.0,0.0
2023-10-05 10:00:00+09:00,782.0,782.0,782.0,782.0,100,0.0,0.0
2023-10-05 11:00:00+09:00,782.0,782.0,782.0,782.0,0,0.0,0.0
2023-10-05 12:00:00+09:00,789.0,789.0,789.0,789.0,1600,0.0,0.0
2023-10-05 13:00:00+09:00,793.0,793.0,793.0,793.0,200,0.0,0.0
2023-10-05 14:00:00+09:00,792.0,792.0,790.0,790.0,500,0.0,0.0
2023-10-06 09:00:00+09:00,794.0,799.0,794.0,799.0,900,0.0,0.0
2023-10-06 10:00:00+09:00,791.0,792.0,786.0,792.0,600,0.0,0.0
2023-10-06 11:00:00+09:00,792.0,792.0,792.0,792.0,0,0.0,0.0
2023-10-06 12:00:00+09:00,799.0,799.0,799.0,799.0,1900,0.0,0.0
2023-10-06 14:00:00+09:00,800.0,800.0,800.0,800.0,100,0.0,0.0
2023-10-10 09:00:00+09:00,799.0,811.0,799.0,806.0,1000,0.0,0.0
2023-10-10 11:00:00+09:00,806.0,806.0,806.0,806.0,0,0.0,0.0
2023-10-10 12:00:00+09:00,806.0,806.0,806.0,806.0,1100,0.0,0.0
2023-10-11 09:00:00+09:00,812.0,812.0,812.0,812.0,200,0.0,0.0
2023-10-11 10:00:00+09:00,804.0,804.0,804.0,804.0,300,0.0,0.0
2023-10-11 11:00:00+09:00,804.0,804.0,804.0,804.0,0,0.0,0.0
2023-10-11 13:00:00+09:00,804.0,804.0,804.0,804.0,600,0.0,0.0
2023-10-11 14:00:00+09:00,801.0,801.0,795.0,795.0,1500,0.0,0.0
2023-10-12 09:00:00+09:00,806.0,806.0,806.0,806.0,100,0.0,0.0
2023-10-12 11:00:00+09:00,806.0,806.0,806.0,806.0,0,0.0,0.0
2023-10-13 09:00:00+09:00,804.0,804.0,800.0,800.0,500,0.0,0.0
2023-10-13 10:00:00+09:00,795.0,795.0,795.0,795.0,100,0.0,0.0
2023-10-13 11:00:00+09:00,795.0,795.0,795.0,795.0,0,0.0,0.0
2023-10-13 12:00:00+09:00,799.0,799.0,794.0,794.0,900,0.0,0.0
2023-10-16 09:00:00+09:00,787.0,787.0,781.0,785.0,1200,0.0,0.0
2023-10-16 11:00:00+09:00,785.0,785.0,785.0,785.0,0,0.0,0.0
2023-10-16 13:00:00+09:00,787.0,788.0,772.0,772.0,3200,0.0,0.0
2023-10-16 14:00:00+09:00,775.0,777.0,775.0,777.0,600,0.0,0.0
2023-10-17 09:00:00+09:00,787.0,788.0,787.0,788.0,200,0.0,0.0
2023-10-17 11:00:00+09:00,788.0,788.0,788.0,788.0,0,0.0,0.0
2023-10-17 12:00:00+09:00,780.0,780.0,780.0,780.0,700,0.0,0.0
2023-10-17 14:00:00+09:00,789.0,789.0,789.0,789.0,100,0.0,0.0
2023-10-18 10:00:00+09:00,789.0,799.0,789.0,799.0,400,0.0,0.0
2023-10-18 11:00:00+09:00,799.0,799.0,799.0,799.0,0,0.0,0.0
2023-10-18 13:00:00+09:00,788.0,788.0,788.0,788.0,500,0.0,0.0
2023-10-18 14:00:00+09:00,798.0,804.0,798.0,804.0,500,0.0,0.0
2023-10-19 09:00:00+09:00,795.0,799.0,795.0,799.0,0,0.0,0.0
2023-10-19 11:00:00+09:00,799.0,799.0,799.0,799.0,0,0.0,0.0
2023-10-19 14:00:00+09:00,795.0,795.0,795.0,795.0,600,0.0,0.0
2023-10-20 10:00:00+09:00,792.0,792.0,792.0,792.0,500,0.0,0.0
2023-10-20 11:00:00+09:00,791.0,791.0,790.0,790.0,0,0.0,0.0
2023-10-20 13:00:00+09:00,796.0,807.0,796.0,807.0,1100,0.0,0.0
2023-10-20 14:00:00+09:00,799.0,805.0,799.0,805.0,400,0.0,0.0
2023-10-23 09:00:00+09:00,804.0,804.0,797.0,797.0,200,0.0,0.0
2023-10-23 10:00:00+09:00,796.0,796.0,796.0,796.0,100,0.0,0.0
2023-10-23 11:00:00+09:00,796.0,796.0,796.0,796.0,0,0.0,0.0
2023-10-23 12:00:00+09:00,811.0,820.0,796.0,813.0,1700,0.0,0.0
2023-10-23 14:00:00+09:00,811.0,813.0,811.0,813.0,500,0.0,0.0
2023-10-24 09:00:00+09:00,813.0,813.0,800.0,800.0,1700,0.0,0.0
2023-10-24 10:00:00+09:00,795.0,795.0,793.0,793.0,0,0.0,0.0
2023-10-24 11:00:00+09:00,795.0,795.0,795.0,795.0,0,0.0,0.0
2023-10-24 13:00:00+09:00,792.0,800.0,790.0,800.0,3800,0.0,0.0
2023-10-24 14:00:00+09:00,800.0,807.0,800.0,804.0,900,0.0,0.0
2023-10-25 09:00:00+09:00,804.0,805.0,804.0,805.0,700,0.0,0.0
2023-10-25 10:00:00+09:00,808.0,808.0,808.0,808.0,200,0.0,0.0
2023-10-25 11:00:00+09:00,808.0,808.0,808.0,808.0,0,0.0,0.0
2023-10-25 12:00:00+09:00,812.0,812.0,812.0,812.0,1000,0.0,0.0
2023-10-25 14:00:00+09:00,820.0,820.0,820.0,820.0,100,0.0,0.0
2023-10-26 09:00:00+09:00,828.0,828.0,812.0,812.0,2200,0.0,0.0
2023-10-26 10:00:00+09:00,813.0,820.0,811.0,811.0,600,0.0,0.0
2023-10-26 11:00:00+09:00,811.0,811.0,811.0,811.0,0,0.0,0.0
2023-10-26 12:00:00+09:00,815.0,815.0,805.0,805.0,3000,0.0,0.0
2023-10-26 14:00:00+09:00,807.0,807.0,807.0,807.0,100,0.0,0.0
2023-10-27 09:00:00+09:00,802.0,806.0,802.0,806.0,300,0.0,0.0
2023-10-27 10:00:00+09:00,815.0,819.0,815.0,819.0,600,0.0,0.0
2023-10-27 11:00:00+09:00,818.0,820.0,818.0,820.0,0,0.0,0.0
2023-10-27 12:00:00+09:00,820.0,820.0,820.0,820.0,1900,0.0,0.0
2023-10-27 13:00:00+09:00,819.0,820.0,819.0,820.0,500,0.0,0.0
2023-10-27 14:00:00+09:00,823.0,850.0,823.0,845.0,11100,0.0,0.0
2023-10-30 09:00:00+09:00,849.0,859.0,804.0,805.0,13800,0.0,0.0
2023-10-30 11:00:00+09:00,808.0,823.0,808.0,823.0,0,0.0,0.0
2023-10-30 14:00:00+09:00,818.0,818.0,783.0,795.0,18600,0.0,0.0
2023-10-31 09:00:00+09:00,792.0,804.0,791.0,804.0,2600,0.0,0.0
2023-10-31 10:00:00+09:00,793.0,793.0,780.0,783.0,3800,0.0,0.0
2023-10-31 11:00:00+09:00,791.0,791.0,791.0,791.0,0,0.0,0.0
2023-10-31 12:00:00+09:00,791.0,791.0,791.0,791.0,6600,0.0,0.0
2023-10-31 13:00:00+09:00,789.0,791.0,789.0,791.0,0,0.0,0.0
2023-10-31 14:00:00+09:00,791.0,794.0,791.0,794.0,7700,0.0,0.0
2023-11-01 09:00:00+09:00,801.0,807.0,801.0,807.0,200,0.0,0.0
2023-11-01 11:00:00+09:00,796.0,796.0,796.0,796.0,0,0.0,0.0
2023-11-01 12:00:00+09:00,795.0,795.0,795.0,795.0,400,0.0,0.0
2023-11-01 13:00:00+09:00,799.0,799.0,799.0,799.0,100,0.0,0.0
2023-11-01 14:00:00+09:00,800.0,800.0,800.0,800.0,100,0.0,0.0
2023-11-02 09:00:00+09:00,802.0,802.0,785.0,795.0,1300,0.0,0.0
2023-11-02 10:00:00+09:00,791.0,791.0,787.0,789.0,800,0.0,0.0
2023-11-02 11:00:00+09:00,786.0,786.0,786.0,786.0,0,0.0,0.0
2023-11-02 12:00:00+09:00,793.0,793.0,793.0,793.0,2300,0.0,0.0
2023-11-02 13:00:00+09:00,789.0,790.0,789.0,790.0,200,0.0,0.0
2023-11-02 14:00:00+09:00,794.0,794.0,794.0,794.0,100,0.0,0.0
2023-11-06 09:00:00+09:00,794.0,794.0,794.0,794.0,600,0.0,0.0
2023-11-06 10:00:00+09:00,800.0,807.0,800.0,807.0,500,0.0,0.0
2023-11-06 11:00:00+09:00,807.0,807.0,807.0,807.0,0,0.0,0.0
2023-11-06 13:00:00+09:00,800.0,800.0,800.0,800.0,1300,0.0,0.0
2023-11-06 14:00:00+09:00,803.0,803.0,803.0,803.0,300,0.0,0.0
2023-11-07 09:00:00+09:00,802.0,802.0,802.0,802.0,600,0.0,0.0
2023-11-07 11:00:00+09:00,802.0,802.0,802.0,802.0,0,0.0,0.0
2023-11-07 12:00:00+09:00,793.0,793.0,790.0,790.0,1000,0.0,0.0
2023-11-07 13:00:00+09:00,800.0,800.0,800.0,800.0,100,0.0,0.0
2023-11-08 09:00:00+09:00,801.0,802.0,801.0,802.0,300,0.0,0.0
2023-11-08 10:00:00+09:00,801.0,801.0,801.0,801.0,300,0.0,0.0
2023-11-08 11:00:00+09:00,801.0,801.0,801.0,801.0,0,0.0,0.0
2023-11-08 12:00:00+09:00,801.0,801.0,801.0,801.0,700,0.0,0.0
2023-11-08 13:00:00+09:00,797.0,797.0,797.0,797.0,100,0.0,0.0
2023-11-09 09:00:00+09:00,789.0,799.0,789.0,799.0,200,0.0,0.0
2023-11-09 11:00:00+09:00,790.0,790.0,790.0,790.0,0,0.0,0.0
2023-11-09 12:00:00+09:00,790.0,791.0,790.0,790.0,2700,0.0,0.0
2023-11-10 09:00:00+09:00,787.0,795.0,787.0,795.0,300,0.0,0.0
2023-11-10 10:00:00+09:00,798.0,798.0,798.0,798.0,100,0.0,0.0
2023-11-10 11:00:00+09:00,798.0,798.0,798.0,798.0,0,0.0,0.0
2023-11-10 12:00:00+09:00,789.0,789.0,789.0,789.0,500,0.0,0.0
2023-11-10 14:00:00+09:00,791.0,791.0,791.0,791.0,100,0.0,0.0
2023-11-13 09:00:00+09:00,782.0,791.0,782.0,791.0,1200,0.0,0.0
2023-11-13 10:00:00+09:00,792.0,794.0,792.0,794.0,300,0.0,0.0
2023-11-13 11:00:00+09:00,787.0,787.0,787.0,787.0,0,0.0,0.0
2023-11-13 13:00:00+09:00,783.0,788.0,783.0,788.0,2100,0.0,0.0
2023-11-13 14:00:00+09:00,788.0,788.0,788.0,788.0,100,0.0,0.0
2023-11-14 09:00:00+09:00,791.0,791.0,791.0,791.0,100,0.0,0.0
2023-11-14 11:00:00+09:00,791.0,791.0,791.0,791.0,0,0.0,0.0
2023-11-14 12:00:00+09:00,793.0,794.0,793.0,794.0,300,0.0,0.0
2023-11-15 09:00:00+09:00,794.0,797.0,793.0,797.0,500,0.0,0.0
2023-11-15 10:00:00+09:00,791.0,793.0,791.0,793.0,200,0.0,0.0
2023-11-15 11:00:00+09:00,794.0,794.0,794.0,794.0,0,0.0,0.0
2023-11-15 12:00:00+09:00,788.0,788.0,787.0,787.0,1000,0.0,0.0
2023-11-15 13:00:00+09:00,791.0,791.0,791.0,791.0,200,0.0,0.0
2023-11-15 14:00:00+09:00,786.0,786.0,784.0,784.0,400,0.0,0.0
2023-11-16 09:00:00+09:00,782.0,782.0,776.0,776.0,3100,0.0,0.0
2023-11-16 10:00:00+09:00,779.0,779.0,776.0,776.0,200,0.0,0.0
2023-11-16 11:00:00+09:00,776.0,776.0,776.0,776.0,0,0.0,0.0
2023-11-17 09:00:00+09:00,780.0,780.0,773.0,773.0,300,0.0,0.0
2023-11-17 10:00:00+09:00,776.0,777.0,776.0,777.0,200,0.0,0.0
2023-11-17 11:00:00+09:00,778.0,778.0,778.0,778.0,0,0.0,0.0
2023-11-17 12:00:00+09:00,776.0,778.0,776.0,778.0,0,0.0,0.0
2023-11-17 14:00:00+09:00,777.0,777.0,777.0,777.0,900,0.0,0.0
2023-11-20 09:00:00+09:00,780.0,781.0,778.0,781.0,1400,0.0,0.0
2023-11-20 11:00:00+09:00,779.0,779.0,779.0,779.0,0,0.0,0.0
2023-11-20 12:00:00+09:00,782.0,782.0,782.0,782.0,1800,0.0,0.0
2023-11-20 13:00:00+09:00,779.0,779.0,778.0,778.0,200,0.0,0.0
2023-11-21 09:00:00+09:00,775.0,775.0,775.0,775.0,200,0.0,0.0
2023-11-21 10:00:00+09:00,779.0,780.0,779.0,780.0,200,0.0,0.0
2023-11-21 11:00:00+09:00,780.0,780.0,780.0,780.0,0,0.0,0.0
2023-11-21 13:00:00+09:00,765.0,770.0,750.0,755.0,7900,0.0,0.0
2023-11-21 14:00:00+09:00,758.0,765.0,758.0,762.0,1000,0.0,0.0
2023-11-22 09:00:00+09:00,758.0,777.0,758.0,777.0,2800,0.0,0.0
2023-11-22 10:00:00+09:00,776.0,776.0,772.0,772.0,900,0.0,0.0
2023-11-22 11:00:00+09:00,772.0,772.0,772.0,772.0,0,0.0,0.0
2023-11-22 12:00:00+09:00,775.0,775.0,771.0,771.0,7600,0.0,0.0
2023-11-22 14:00:00+09:00,775.0,776.0,775.0,776.0,300,0.0,0.0
2023-11-24 09:00:00+09:00,773.0,773.0,773.0,773.0,100,0.0,0.0
2023-11-24 10:00:00+09:00,778.0,780.0,778.0,780.0,700,0.0,0.0
2023-11-24 11:00:00+09:00,780.0,780.0,780.0,780.0,0,0.0,0.0
2023-11-24 14:00:00+09:00,780.0,785.0,780.0,785.0,1600,0.0,0.0
2023-11-27 09:00:00+09:00,785.0,789.0,782.0,789.0,2300,0.0,0.0
2023-11-27 10:00:00+09:00,789.0,789.0,789.0,789.0,100,0.0,0.0
2023-11-27 11:00:00+09:00,789.0,789.0,789.0,789.0,0,0.0,0.0
2023-11-27 12:00:00+09:00,785.0,785.0,785.0,785.0,2500,0.0,0.0
2023-11-28 09:00:00+09:00,785.0,786.0,778.0,778.0,1200,0.0,0.0
2023-11-28 10:00:00+09:00,780.0,780.0,780.0,780.0,200,0.0,0.0
2023-11-28 11:00:00+09:00,782.0,782.0,782.0,782.0,0,0.0,0.0
2023-11-28 12:00:00+09:00,782.0,782.0,782.0,782.0,1700,0.0,0.0
2023-11-28 13:00:00+09:00,788.0,788.0,788.0,788.0,100,0.0,0.0
2023-11-28 14:00:00+09:00,789.0,802.0,789.0,802.0,6500,0.0,0.0
2023-11-29 10:00:00+09:00,808.0,808.0,808.0,808.0,400,0.0,0.0
2023-11-29 11:00:00+09:00,806.0,806.0,806.0,806.0,0,0.0,0.0
2023-11-29 12:00:00+09:00,797.0,797.0,797.0,797.0,600,0.0,0.0
2023-11-29 13:00:00+09:00,801.0,810.0,801.0,810.0,200,0.0,0.0
2023-11-29 14:00:00+09:00,795.0,803.0,795.0,803.0,1300,0.0,0.0
2023-11-30 09:00:00+09:00,806.0,806.0,806.0,806.0,100,0.0,0.0
2023-11-30 10:00:00+09:00,806.0,811.0,805.0,811.0,900,0.0,0.0
2023-11-30 11:00:00+09:00,811.0,811.0,811.0,811.0,0,0.0,0.0
2023-11-30 12:00:00+09:00,800.0,805.0,798.0,805.0,1300,0.0,0.0
2023-11-30 14:00:00+09:00,800.0,800.0,800.0,800.0,100,0.0,0.0
2023-12-01 09:00:00+09:00,810.0,810.0,810.0,810.0,100,0.0,0.0
2023-12-01 10:00:00+09:00,800.0,800.0,800.0,800.0,100,0.0,0.0
2023-12-01 11:00:00+09:00,798.0,798.0,798.0,798.0,0,0.0,0.0
2023-12-01 12:00:00+09:00,804.0,804.0,804.0,804.0,400,0.0,0.0
2023-12-01 14:00:00+09:00,804.0,804.0,798.0,798.0,200,0.0,0.0
2023-12-04 09:00:00+09:00,798.0,798.0,798.0,798.0,500,0.0,0.0
2023-12-04 10:00:00+09:00,800.0,803.0,800.0,803.0,200,0.0,0.0
2023-12-04 11:00:00+09:00,798.0,803.0,798.0,803.0,0,0.0,0.0
2023-12-04 14:00:00+09:00,802.0,802.0,802.0,802.0,1200,0.0,0.0
2023-12-05 09:00:00+09:00,800.0,800.0,797.0,800.0,1900,0.0,0.0
2023-12-05 11:00:00+09:00,800.0,800.0,800.0,800.0,0,0.0,0.0
2023-12-05 14:00:00+09:00,791.0,798.0,791.0,798.0,2100,0.0,0.0
2023-12-06 09:00:00+09:00,799.0,803.0,799.0,803.0,800,0.0,0.0
2023-12-06 11:00:00+09:00,803.0,803.0,803.0,803.0,0,0.0,0.0
2023-12-06 14:00:00+09:00,800.0,800.0,800.0,800.0,900,0.0,0.0
2023-12-07 10:00:00+09:00,802.0,802.0,802.0,802.0,200,0.0,0.0
2023-12-07 11:00:00+09:00,802.0,802.0,802.0,802.0,0,0.0,0.0
2023-12-07 13:00:00+09:00,800.0,800.0,800.0,800.0,400,0.0,0.0
2023-12-07 14:00:00+09:00,800.0,800.0,800.0,800.0,100,0.0,0.0
2023-12-08 09:00:00+09:00,800.0,800.0,800.0,800.0,1200,0.0,0.0
2023-12-08 11:00:00+09:00,800.0,800.0,800.0,800.0,0,0.0,0.0
2023-12-11 09:00:00+09:00,792.0,792.0,783.0,783.0,600,0.0,0.0
2023-12-11 11:00:00+09:00,783.0,783.0,783.0,783.0,0,0.0,0.0
2023-12-11 14:00:00+09:00,795.0,798.0,795.0,798.0,1100,0.0,0.0
2023-12-12 09:00:00+09:00,799.0,799.0,799.0,799.0,200,0.0,0.0
2023-12-12 10:00:00+09:00,792.0,792.0,788.0,788.0,400,0.0,0.0
2023-12-12 11:00:00+09:00,788.0,788.0,788.0,788.0,0,0.0,0.0
2023-12-12 12:00:00+09:00,796.0,796.0,796.0,796.0,700,0.0,0.0
2023-12-12 14:00:00+09:00,797.0,797.0,797.0,797.0,100,0.0,0.0
2023-12-13 09:00:00+09:00,800.0,800.0,790.0,790.0,400,0.0,0.0
2023-12-13 10:00:00+09:00,796.0,796.0,796.0,796.0,100,0.0,0.0
2023-12-13 11:00:00+09:00,796.0,796.0,796.0,796.0,0,0.0,0.0
2023-12-13 13:00:00+09:00,790.0,790.0,790.0,790.0,600,0.0,0.0
2023-12-14 09:00:00+09:00,784.0,784.0,775.0,775.0,10800,0.0,0.0
2023-12-14 10:00:00+09:00,776.0,776.0,775.0,775.0,600,0.0,0.0
2023-12-14 11:00:00+09:00,775.0,775.0,775.0,775.0,0,0.0,0.0
2023-12-14 12:00:00+09:00,776.0,776.0,776.0,776.0,12600,0.0,0.0
2023-12-14 13:00:00+09:00,777.0,777.0,777.0,777.0,100,0.0,0.0
2023-12-15 09:00:00+09:00,780.0,782.0,780.0,782.0,900,0.0,0.0
2023-12-15 11:00:00+09:00,782.0,782.0,782.0,782.0,0,0.0,0.0
2023-12-15 13:00:00+09:00,785.0,785.0,785.0,785.0,1000,0.0,0.0
2023-12-15 14:00:00+09:00,782.0,782.0,782.0,782.0,200,0.0,0.0
2023-12-18 09:00:00+09:00,790.0,790.0,790.0,790.0,200,0.0,0.0
2023-12-18 11:00:00+09:00,790.0,790.0,790.0,790.0,0,0.0,0.0
2023-12-18 12:00:00+09:00,788.0,788.0,788.0,788.0,300,0.0,0.0
2023-12-18 13:00:00+09:00,786.0,786.0,785.0,785.0,1100,0.0,0.0
2023-12-19 09:00:00+09:00,785.0,798.0,785.0,789.0,2000,0.0,0.0
2023-12-19 10:00:00+09:00,794.0,796.0,791.0,791.0,1300,0.0,0.0
2023-12-19 11:00:00+09:00,791.0,791.0,790.0,790.0,0,0.0,0.0
2023-12-19 12:00:00+09:00,790.0,790.0,790.0,790.0,3600,0.0,0.0
2023-12-19 13:00:00+09:00,790.0,790.0,790.0,790.0,200,0.0,0.0
2023-12-19 14:00:00+09:00,785.0,785.0,785.0,785.0,600,0.0,0.0
2023-12-20 09:00:00+09:00,785.0,785.0,785.0,785.0,300,0.0,0.0
2023-12-20 10:00:00+09:00,785.0,785.0,785.0,785.0,100,0.0,0.0
2023-12-20 11:00:00+09:00,785.0,785.0,785.0,785.0,0,0.0,0.0
2023-12-20 13:00:00+09:00,789.0,790.0,789.0,790.0,2500,0.0,0.0
2023-12-21 09:00:00+09:00,790.0,790.0,785.0,785.0,400,0.0,0.0
2023-12-21 11:00:00+09:00,785.0,785.0,785.0,785.0,0,0.0,0.0
2023-12-21 12:00:00+09:00,787.0,804.0,787.0,804.0,5700,0.0,0.0
2023-12-21 13:00:00+09:00,797.0,797.0,797.0,797.0,100,0.0,0.0
2023-12-21 14:00:00+09:00,794.0,794.0,794.0,794.0,100,0.0,0.0
2023-12-22 13:00:00+09:00,794.0,794.0,794.0,794.0,100,0.0,0.0
2023-12-25 09:00:00+09:00,794.0,794.0,794.0,794.0,1300,0.0,0.0
2023-12-25 11:00:00+09:00,794.0,794.0,794.0,794.0,0,0.0,0.0
2023-12-25 12:00:00+09:00,790.0,790.0,790.0,790.0,1700,0.0,0.0
2023-12-25 13:00:00+09:00,788.0,793.0,785.0,793.0,400,0.0,0.0
2023-12-26 09:00:00+09:00,793.0,793.0,786.0,786.0,4000,0.0,0.0
2023-12-26 10:00:00+09:00,787.0,787.0,787.0,787.0,100,0.0,0.0
2023-12-26 11:00:00+09:00,787.0,787.0,787.0,787.0,0,0.0,0.0
2023-12-26 12:00:00+09:00,787.0,787.0,787.0,787.0,4500,0.0,0.0
2023-12-27 09:00:00+09:00,784.0,788.0,784.0,788.0,500,0.0,0.0
2023-12-27 10:00:00+09:00,794.0,794.0,794.0,794.0,0,0.0,0.0
2023-12-27 11:00:00+09:00,794.0,794.0,794.0,794.0,0,0.0,0.0
2023-12-27 12:00:00+09:00,793.0,793.0,787.0,787.0,800,0.0,0.0
2023-12-28 09:00:00+09:00,793.0,793.0,793.0,793.0,100,0.0,0.0
2023-12-28 10:00:00+09:00,788.0,788.0,785.0,785.0,400,0.0,0.0
2023-12-28 11:00:00+09:00,791.0,791.0,791.0,791.0,0,0.0,0.0
2023-12-28 12:00:00+09:00,786.0,786.0,786.0,786.0,800,0.0,0.0
2023-12-28 13:00:00+09:00,785.0,785.0,776.0,776.0,2500,0.0,0.0
2023-12-28 14:00:00+09:00,778.0,779.0,778.0,779.0,600,0.0,0.0
2023-12-29 09:00:00+09:00,784.0,784.0,778.0,778.0,300,0.0,0.0
2023-12-29 11:00:00+09:00,779.0,779.0,779.0,779.0,0,0.0,0.0
2023-12-29 12:00:00+09:00,780.0,780.0,780.0,780.0,600,0.0,0.0
2023-12-29 13:00:00+09:00,779.0,779.0,779.0,779.0,100,0.0,0.0
2024-01-04 09:00:00+09:00,824.0,824.0,802.0,805.0,8000,0.0,0.0
2024-01-04 10:00:00+09:00,805.0,805.0,801.0,801.0,600,0.0,0.0
2024-01-04 11:00:00+09:00,805.0,805.0,805.0,805.0,0,0.0,0.0
2024-01-04 12:00:00+09:00,805.0,805.0,805.0,805.0,9300,0.0,0.0
2024-01-04 13:00:00+09:00,803.0,805.0,802.0,805.0,1700,0.0,0.0
2024-01-04 14:00:00+09:00,805.0,805.0,803.0,803.0,1300,0.0,0.0
2024-01-05 09:00:00+09:00,805.0,805.0,802.0,804.0,1800,0.0,0.0
2024-01-05 10:00:00+09:00,805.0,807.0,805.0,805.0,2000,0.0,0.0
2024-01-05 11:00:00+09:00,805.0,805.0,805.0,805.0,0,0.0,0.0
2024-01-05 12:00:00+09:00,806.0,806.0,806.0,806.0,4100,0.0,0.0
2024-01-05 13:00:00+09:00,807.0,807.0,807.0,807.0,100,0.0,0.0
2024-01-05 14:00:00+09:00,809.0,809.0,809.0,809.0,200,0.0,0.0
2024-01-09 09:00:00+09:00,813.0,814.0,811.0,811.0,3800,0.0,0.0
2024-01-09 10:00:00+09:00,814.0,814.0,814.0,814.0,400,0.0,0.0
2024-01-09 11:00:00+09:00,812.0,816.0,812.0,816.0,0,0.0,0.0
2024-01-09 12:00:00+09:00,817.0,817.0,817.0,817.0,4900,0.0,0.0
2024-01-09 13:00:00+09:00,819.0,819.0,819.0,819.0,100,0.0,0.0
2024-01-09 14:00:00+09:00,816.0,816.0,816.0,816.0,100,0.0,0.0
2024-01-10 09:00:00+09:00,820.0,820.0,820.0,820.0,200,0.0,0.0
2024-01-10 10:00:00+09:00,819.0,819.0,790.0,797.0,4900,0.0,0.0
2024-01-10 11:00:00+09:00,802.0,803.0,801.0,803.0,0,0.0,0.0
2024-01-10 12:00:00+09:00,804.0,804.0,804.0,804.0,6100,0.0,0.0
2024-01-10 13:00:00+09:00,803.0,803.0,803.0,803.0,300,0.0,0.0
2024-01-10 14:00:00+09:00,802.0,802.0,795.0,795.0,1200,0.0,0.0
2024-01-11 09:00:00+09:00,799.0,799.0,797.0,797.0,1200,0.0,0.0
2024-01-11 10:00:00+09:00,800.0,801.0,800.0,800.0,1100,0.0,0.0
2024-01-11 11:00:00+09:00,800.0,800.0,800.0,800.0,0,0.0,0.0
2024-01-11 12:00:00+09:00,802.0,802.0,800.0,800.0,5500,0.0,0.0
2024-01-11 13:00:00+09:00,800.0,803.0,799.0,799.0,400,0.0,0.0
2024-01-11 14:00:00+09:00,798.0,798.0,795.0,796.0,1600,0.0,0.0
2024-01-12 09:00:00+09:00,804.0,806.0,800.0,801.0,0,0.0,0.0
2024-01-12 10:00:00+09:00,800.0,800.0,796.0,796.0,2800,0.0,0.0
2024-01-12 11:00:00+09:00,796.0,796.0,796.0,796.0,0,0.0,0.0
2024-01-12 12:00:00+09:00,799.0,799.0,799.0,799.0,5200,0.0,0.0
2024-01-12 13:00:00+09:00,797.0,803.0,797.0,803.0,1400,0.0,0.0
2024-01-12 14:00:00+09:00,802.0,802.0,802.0,802.0,400,0.0,0.0
2024-01-15 10:00:00+09:00,807.0,808.0,802.0,807.0,1800,0.0,0.0
2024-01-15 11:00:00+09:00,809.0,810.0,809.0,810.0,0,0.0,0.0
2024-01-15 12:00:00+09:00,809.0,809.0,804.0,809.0,2900,0.0,0.0
2024-01-15 13:00:00+09:00,804.0,812.0,803.0,812.0,1500,0.0,0.0
2024-01-15 14:00:00+09:00,809.0,809.0,807.0,807.0,700,0.0,0.0
2024-01-16 09:00:00+09:00,803.0,809.0,803.0,809.0,300,0.0,0.0
2024-01-16 10:00:00+09:00,809.0,809.0,809.0,809.0,100,0.0,0.0
2024-01-16 11:00:00+09:00,809.0,809.0,809.0,809.0,0,0.0,0.0
2024-01-16 13:00:00+09:00,802.0,802.0,802.0,802.0,1400,0.0,0.0
2024-01-16 14:00:00+09:00,802.0,802.0,800.0,800.0,400,0.0,0.0
2024-01-17 09:00:00+09:00,805.0,809.0,805.0,809.0,300,0.0,0.0
2024-01-17 10:00:00+09:00,806.0,806.0,805.0,805.0,400,0.0,0.0
2024-01-17 11:00:00+09:00,805.0,805.0,805.0,805.0,0,0.0,0.0
2024-01-17 12:00:00+09:00,805.0,805.0,805.0,805.0,1000,0.0,0.0
2024-01-17 13:00:00+09:00,803.0,803.0,801.0,803.0,1000,0.0,0.0
2024-01-17 14:00:00+09:00,803.0,808.0,801.0,802.0,5100,0.0,0.0
2024-01-18 09:00:00+09:00,802.0,803.0,800.0,800.0,2500,0.0,0.0
2024-01-18 10:00:00+09:00,800.0,800.0,799.0,799.0,1600,0.0,0.0
2024-01-18 11:00:00+09:00,799.0,799.0,799.0,799.0,0,0.0,0.0
2024-01-18 13:00:00+09:00,803.0,804.0,800.0,800.0,5400,0.0,0.0
2024-01-18 14:00:00+09:00,800.0,800.0,799.0,799.0,600,0.0,0.0
2024-01-19 09:00:00+09:00,809.0,809.0,805.0,805.0,1000,0.0,0.0
2024-01-19 10:00:00+09:00,808.0,810.0,808.0,810.0,1400,0.0,0.0
2024-01-19 11:00:00+09:00,809.0,809.0,809.0,809.0,0,0.0,0.0
2024-01-19 12:00:00+09:00,809.0,809.0,809.0,809.0,2900,0.0,0.0
2024-01-19 13:00:00+09:00,807.0,807.0,806.0,806.0,1400,0.0,0.0
2024-01-19 14:00:00+09:00,808.0,808.0,808.0,808.0,1000,0.0,0.0
2024-01-22 09:00:00+09:00,811.0,812.0,811.0,812.0,0,0.0,0.0
2024-01-22 10:00:00+09:00,813.0,814.0,813.0,814.0,1100,0.0,0.0
2024-01-22 11:00:00+09:00,814.0,815.0,814.0,815.0,0,0.0,0.0
2024-01-22 12:00:00+09:00,815.0,815.0,815.0,815.0,3300,0.0,0.0
2024-01-22 13:00:00+09:00,812.0,815.0,812.0,815.0,600,0.0,0.0
2024-01-22 14:00:00+09:00,819.0,819.0,818.0,818.0,200,0.0,0.0
2024-01-23 09:00:00+09:00,820.0,820.0,818.0,818.0,1600,0.0,0.0
2024-01-23 10:00:00+09:00,817.0,817.0,815.0,815.0,500,0.0,0.0
2024-01-23 11:00:00+09:00,815.0,815.0,815.0,815.0,0,0.0,0.0
2024-01-23 13:00:00+09:00,815.0,820.0,815.0,820.0,3100,0.0,0.0
2024-01-23 14:00:00+09:00,827.0,827.0,827.0,827.0,600,0.0,0.0
2024-01-24 09:00:00+09:00,827.0,827.0,820.0,820.0,800,0.0,0.0
2024-01-24 10:00:00+09:00,822.0,822.0,821.0,821.0,300,0.0,0.0
2024-01-24 11:00:00+09:00,821.0,821.0,821.0,821.0,0,0.0,0.0
2024-01-24 12:00:00+09:00,821.0,826.0,821.0,826.0,2600,0.0,0.0
2024-01-24 13:00:00+09:00,827.0,827.0,827.0,827.0,300,0.0,0.0
2024-01-24 14:00:00+09:00,824.0,829.0,824.0,829.0,600,0.0,0.0
2024-01-25 09:00:00+09:00,830.0,850.0,830.0,850.0,7300,0.0,0.0
2024-01-25 10:00:00+09:00,847.0,900.0,847.0,861.0,13200,0.0,0.0
2024-01-25 11:00:00+09:00,867.0,891.0,867.0,884.0,0,0.0,0.0
2024-01-25 12:00:00+09:00,884.0,894.0,880.0,894.0,29900,0.0,0.0
2024-01-25 13:00:00+09:00,895.0,924.0,885.0,901.0,9800,0.0,0.0
2024-01-25 14:00:00+09:00,897.0,910.0,896.0,909.0,5700,0.0,0.0
2024-01-26 09:00:00+09:00,910.0,917.0,880.0,890.0,17300,0.0,0.0
2024-01-26 10:00:00+09:00,895.0,898.0,889.0,890.0,2100,0.0,0.0
2024-01-26 11:00:00+09:00,891.0,900.0,891.0,900.0,0,0.0,0.0
2024-01-26 12:00:00+09:00,899.0,946.0,898.0,941.0,33500,0.0,0.0
2024-01-26 13:00:00+09:00,941.0,941.0,916.0,920.0,4300,0.0,0.0
2024-01-26 14:00:00+09:00,925.0,960.0,920.0,950.0,11900,0.0,0.0
2024-01-29 09:00:00+09:00,848.0,855.0,827.0,853.0,36100,0.0,0.0
2024-01-29 10:00:00+09:00,855.0,866.0,848.0,859.0,8600,0.0,0.0
2024-01-29 11:00:00+09:00,859.0,869.0,857.0,857.0,0,0.0,0.0
2024-01-29 12:00:00+09:00,869.0,869.0,854.0,866.0,52700,0.0,0.0
2024-01-29 13:00:00+09:00,865.0,873.0,860.0,867.0,0,0.0,0.0
2024-01-29 14:00:00+09:00,867.0,870.0,863.0,865.0,63600,0.0,0.0
2024-01-30 09:00:00+09:00,872.0,872.0,833.0,840.0,0,0.0,0.0
2024-01-30 10:00:00+09:00,841.0,845.0,836.0,845.0,23900,0.0,0.0
2024-01-30 11:00:00+09:00,846.0,846.0,846.0,846.0,0,0.0,0.0
2024-01-30 12:00:00+09:00,846.0,847.0,846.0,846.0,26900,0.0,0.0
2024-01-30 13:00:00+09:00,846.0,859.0,845.0,855.0,4000,0.0,0.0
2024-01-30 14:00:00+09:00,854.0,854.0,840.0,845.0,4700,0.0,0.0
2024-01-31 09:00:00+09:00,842.0,847.0,842.0,847.0,1700,0.0,0.0
2024-01-31 10:00:00+09:00,847.0,847.0,847.0,847.0,200,0.0,0.0
2024-01-31 11:00:00+09:00,847.0,847.0,845.0,845.0,0,0.0,0.0
2024-01-31 12:00:00+09:00,845.0,847.0,845.0,847.0,2800,0.0,0.0
2024-01-31 13:00:00+09:00,847.0,853.0,845.0,853.0,2600,0.0,0.0
2024-01-31 14:00:00+09:00,849.0,851.0,843.0,851.0,4400,0.0,0.0
2024-02-01 09:00:00+09:00,845.0,854.0,845.0,846.0,1000,0.0,0.0
2024-02-01 10:00:00+09:00,846.0,846.0,842.0,842.0,1400,0.0,0.0
2024-02-01 11:00:00+09:00,842.0,842.0,840.0,840.0,0,0.0,0.0
2024-02-01 12:00:00+09:00,843.0,843.0,839.0,839.0,5100,0.0,0.0
2024-02-01 13:00:00+09:00,839.0,839.0,836.0,836.0,1600,0.0,0.0
2024-02-01 14:00:00+09:00,836.0,836.0,833.0,834.0,3800,0.0,0.0
2024-02-02 09:00:00+09:00,834.0,838.0,834.0,838.0,400,0.0,0.0
2024-02-02 10:00:00+09:00,839.0,840.0,839.0,840.0,1200,0.0,0.0
2024-02-02 11:00:00+09:00,840.0,840.0,840.0,840.0,0,0.0,0.0
2024-02-02 12:00:00+09:00,846.0,846.0,846.0,846.0,1800,0.0,0.0
2024-02-02 13:00:00+09:00,846.0,849.0,846.0,847.0,500,0.0,0.0
2024-02-02 14:00:00+09:00,846.0,846.0,845.0,845.0,200,0.0,0.0
2024-02-05 09:00:00+09:00,853.0,853.0,845.0,845.0,1300,0.0,0.0
2024-02-05 10:00:00+09:00,845.0,845.0,845.0,845.0,200,0.0,0.0
2024-02-05 11:00:00+09:00,848.0,849.0,845.0,849.0,0,0.0,0.0
2024-02-05 12:00:00+09:00,849.0,851.0,849.0,851.0,3200,0.0,0.0
2024-02-05 13:00:00+09:00,849.0,853.0,849.0,853.0,500,0.0,0.0
2024-02-06 09:00:00+09:00,855.0,855.0,845.0,847.0,4300,0.0,0.0
2024-02-06 11:00:00+09:00,850.0,850.0,850.0,850.0,0,0.0,0.0
2024-02-06 12:00:00+09:00,850.0,850.0,850.0,850.0,4600,0.0,0.0
2024-02-06 13:00:00+09:00,850.0,850.0,850.0,850.0,100,0.0,0.0
2024-02-06 14:00:00+09:00,849.0,849.0,849.0,849.0,100,0.0,0.0
2024-02-07 09:00:00+09:00,848.0,853.0,848.0,852.0,2900,0.0,0.0
2024-02-07 10:00:00+09:00,852.0,852.0,852.0,852.0,200,0.0,0.0
2024-02-07 11:00:00+09:00,852.0,852.0,852.0,852.0,0,0.0,0.0
2024-02-07 12:00:00+09:00,848.0,848.0,842.0,842.0,4200,0.0,0.0
2024-02-07 13:00:00+09:00,846.0,846.0,846.0,846.0,100,0.0,0.0
2024-02-07 14:00:00+09:00,843.0,843.0,843.0,843.0,200,0.0,0.0
2024-02-08 09:00:00+09:00,843.0,855.0,843.0,855.0,0,0.0,0.0
2024-02-08 10:00:00+09:00,849.0,849.0,846.0,846.0,1200,0.0,0.0
2024-02-08 11:00:00+09:00,846.0,846.0,846.0,846.0,0,0.0,0.0
2024-02-08 13:00:00+09:00,852.0,852.0,851.0,851.0,1800,0.0,0.0
2024-02-08 14:00:00+09:00,852.0,852.0,849.0,852.0,400,0.0,0.0
2024-02-09 09:00:00+09:00,852.0,852.0,837.0,837.0,15400,0.0,0.0
2024-02-09 11:00:00+09:00,837.0,837.0,837.0,837.0,0,0.0,0.0
2024-02-09 12:00:00+09:00,846.0,846.0,841.0,841.0,15600,0.0,0.0
2024-02-09 13:00:00+09:00,842.0,842.0,840.0,840.0,600,0.0,0.0
2024-02-09 14:00:00+09:00,840.0,840.0,838.0,838.0,600,0.0,0.0
2024-02-13 09:00:00+09:00,845.0,845.0,840.0,840.0,1300,0.0,0.0
2024-02-13 10:00:00+09:00,842.0,842.0,842.0,842.0,300,0.0,0.0
2024-02-13 11:00:00+09:00,842.0,842.0,842.0,842.0,0,0.0,0.0
2024-02-13 12:00:00+09:00,837.0,838.0,837.0,837.0,1900,0.0,0.0
2024-02-13 13:00:00+09:00,840.0,840.0,839.0,839.0,200,0.0,0.0
2024-02-13 14:00:00+09:00,839.0,839.0,839.0,839.0,200,0.0,0.0
2024-02-14 09:00:00+09:00,830.0,831.0,825.0,829.0,2300,0.0,0.0
2024-02-14 10:00:00+09:00,836.0,836.0,836.0,836.0,200,0.0,0.0
2024-02-14 11:00:00+09:00,836.0,836.0,836.0,836.0,0,0.0,0.0
2024-02-14 12:00:00+09:00,838.0,838.0,838.0,838.0,3100,0.0,0.0
2024-02-14 14:00:00+09:00,836.0,837.0,824.0,830.0,2600,0.0,0.0
2024-02-15 09:00:00+09:00,843.0,843.0,830.0,832.0,800,0.0,0.0
2024-02-15 10:00:00+09:00,840.0,841.0,840.0,840.0,1200,0.0,0.0
2024-02-15 11:00:00+09:00,840.0,840.0,840.0,840.0,0,0.0,0.0
2024-02-15 12:00:00+09:00,836.0,839.0,834.0,839.0,2400,0.0,0.0
2024-02-15 13:00:00+09:00,838.0,838.0,838.0,838.0,500,0.0,0.0
2024-02-16 09:00:00+09:00,830.0,831.0,824.0,824.0,4600,0.0,0.0
2024-02-16 10:00:00+09:00,838.0,838.0,836.0,836.0,200,0.0,0.0
2024-02-16 11:00:00+09:00,838.0,838.0,838.0,838.0,0,0.0,0.0
2024-02-16 12:00:00+09:00,835.0,835.0,835.0,835.0,5300,0.0,0.0
2024-02-16 13:00:00+09:00,840.0,841.0,832.0,841.0,500,0.0,0.0
2024-02-16 14:00:00+09:00,835.0,835.0,832.0,832.0,700,0.0,0.0
2024-02-19 09:00:00+09:00,837.0,837.0,837.0,837.0,200,0.0,0.0
2024-02-19 11:00:00+09:00,837.0,837.0,837.0,837.0,0,0.0,0.0
2024-02-19 12:00:00+09:00,837.0,837.0,836.0,837.0,800,0.0,0.0
2024-02-19 13:00:00+09:00,835.0,835.0,835.0,835.0,100,0.0,0.0
2024-02-19 14:00:00+09:00,839.0,840.0,839.0,839.0,400,0.0,0.0
2024-02-20 09:00:00+09:00,838.0,838.0,837.0,837.0,300,0.0,0.0
2024-02-20 10:00:00+09:00,838.0,838.0,832.0,832.0,400,0.0,0.0
2024-02-20 11:00:00+09:00,832.0,832.0,832.0,832.0,0,0.0,0.0
2024-02-20 12:00:00+09:00,838.0,840.0,838.0,840.0,900,0.0,0.0
2024-02-20 14:00:00+09:00,839.0,839.0,839.0,839.0,500,0.0,0.0
2024-02-21 11:00:00+09:00,838.0,839.0,838.0,839.0,300,0.0,0.0
2024-02-21 12:00:00+09:00,834.0,838.0,834.0,838.0,500,0.0,0.0
2024-02-21 13:00:00+09:00,839.0,841.0,839.0,841.0,700,0.0,0.0
2024-02-21 14:00:00+09:00,841.0,841.0,841.0,841.0,100,0.0,0.0
2024-02-22 09:00:00+09:00,842.0,846.0,842.0,846.0,1000,0.0,0.0
2024-02-22 11:00:00+09:00,845.0,845.0,845.0,845.0,0,0.0,0.0
2024-02-22 12:00:00+09:00,845.0,845.0,845.0,845.0,1300,0.0,0.0
2024-02-22 13:00:00+09:00,841.0,844.0,832.0,844.0,2100,0.0,0.0
2024-02-22 14:00:00+09:00,841.0,844.0,834.0,834.0,500,0.0,0.0
2024-02-26 09:00:00+09:00,835.0,848.0,835.0,847.0,1300,0.0,0.0
2024-02-26 11:00:00+09:00,847.0,847.0,847.0,847.0,0,0.0,0.0
2024-02-26 12:00:00+09:00,839.0,846.0,839.0,846.0,1500,0.0,0.0
2024-02-27 09:00:00+09:00,846.0,846.0,836.0,837.0,2000,0.0,0.0
2024-02-27 10:00:00+09:00,837.0,846.0,836.0,846.0,700,0.0,0.0
2024-02-27 11:00:00+09:00,846.0,846.0,843.0,843.0,0,0.0,0.0
2024-02-27 12:00:00+09:00,835.0,843.0,835.0,843.0,13500,0.0,0.0
2024-02-27 13:00:00+09:00,838.0,842.0,835.0,841.0,500,0.0,0.0
2024-02-27 14:00:00+09:00,842.0,843.0,841.0,843.0,400,0.0,0.0
2024-02-28 09:00:00+09:00,843.0,843.0,842.0,843.0,1200,0.0,0.0
2024-02-28 11:00:00+09:00,843.0,843.0,843.0,843.0,0,0.0,0.0
2024-02-28 12:00:00+09:00,838.0,844.0,838.0,844.0,1600,0.0,0.0
2024-02-29 09:00:00+09:00,840.0,844.0,840.0,844.0,200,0.0,0.0
2024-02-29 11:00:00+09:00,844.0,844.0,844.0,844.0,0,0.0,0.0
2024-02-29 12:00:00+09:00,844.0,844.0,844.0,844.0,800,0.0,0.0
2024-02-29 13:00:00+09:00,846.0,846.0,846.0,846.0,100,0.0,0.0
2024-03-01 09:00:00+09:00,848.0,848.0,848.0,848.0,600,0.0,0.0
2024-03-01 10:00:00+09:00,848.0,850.0,848.0,850.0,900,0.0,0.0
2024-03-01 11:00:00+09:00,850.0,850.0,848.0,848.0,0,0.0,0.0
2024-03-01 13:00:00+09:00,849.0,851.0,847.0,851.0,4000,0.0,0.0
2024-03-01 14:00:00+09:00,848.0,849.0,848.0,849.0,900,0.0,0.0
2024-03-04 09:00:00+09:00,850.0,851.0,849.0,851.0,2900,0.0,0.0
2024-03-04 10:00:00+09:00,850.0,850.0,841.0,841.0,1700,0.0,0.0
2024-03-04 11:00:00+09:00,845.0,845.0,845.0,845.0,0,0.0,0.0
2024-03-04 12:00:00+09:00,847.0,847.0,844.0,844.0,4900,0.0,0.0
2024-03-04 13:00:00+09:00,844.0,844.0,843.0,843.0,200,0.0,0.0
2024-03-04 14:00:00+09:00,843.0,843.0,840.0,840.0,1700,0.0,0.0
2024-03-05 09:00:00+09:00,840.0,850.0,840.0,845.0,2100,0.0,0.0
2024-03-05 10:00:00+09:00,844.0,848.0,839.0,848.0,2000,0.0,0.0
2024-03-05 11:00:00+09:00,848.0,848.0,848.0,848.0,0,0.0,0.0
2024-03-05 12:00:00+09:00,841.0,848.0,841.0,847.0,4800,0.0,0.0
2024-03-05 13:00:00+09:00,846.0,851.0,846.0,851.0,800,0.0,0.0
2024-03-05 14:00:00+09:00,849.0,851.0,841.0,841.0,600,0.0,0.0
2024-03-06 09:00:00+09:00,849.0,853.0,849.0,853.0,2700,0.0,0.0
2024-03-06 10:00:00+09:00,853.0,853.0,848.0,848.0,700,0.0,0.0
2024-03-06 11:00:00+09:00,848.0,849.0,848.0,849.0,0,0.0,0.0
2024-03-06 12:00:00+09:00,850.0,850.0,850.0,850.0,3700,0.0,0.0
2024-03-06 14:00:00+09:00,850.0,850.0,850.0,850.0,100,0.0,0.0
2024-03-07 09:00:00+09:00,852.0,853.0,848.0,852.0,0,0.0,0.0
2024-03-07 11:00:00+09:00,851.0,851.0,850.0,850.0,0,0.0,0.0
2024-03-07 13:00:00+09:00,847.0,850.0,847.0,850.0,1100,0.0,0.0
2024-03-07 14:00:00+09:00,848.0,850.0,848.0,850.0,0,0.0,0.0
2024-03-08 09:00:00+09:00,849.0,850.0,848.0,850.0,500,0.0,0.0
2024-03-08 10:00:00+09:00,847.0,852.0,847.0,852.0,300,0.0,0.0
2024-03-08 11:00:00+09:00,852.0,852.0,852.0,852.0,0,0.0,0.0
2024-03-08 12:00:00+09:00,847.0,847.0,847.0,847.0,900,0.0,0.0
2024-03-08 13:00:00+09:00,850.0,850.0,850.0,850.0,100,0.0,0.0
2024-03-08 14:00:00+09:00,850.0,854.0,850.0,854.0,0,0.0,0.0
2024-03-11 09:00:00+09:00,847.0,852.0,841.0,852.0,1200,0.0,0.0
2024-03-11 10:00:00+09:00,853.0,853.0,853.0,853.0,100,0.0,0.0
2024-03-11 11:00:00+09:00,853.0,853.0,853.0,853.0,0,0.0,0.0
2024-03-11 12:00:00+09:00,845.0,850.0,845.0,848.0,1800,0.0,0.0
2024-03-11 13:00:00+09:00,850.0,850.0,835.0,835.0,3000,0.0,0.0
2024-03-11 14:00:00+09:00,845.0,845.0,838.0,838.0,200,0.0,0.0
2024-03-12 09:00:00+09:00,835.0,835.0,832.0,832.0,500,0.0,0.0
2024-03-12 10:00:00+09:00,833.0,845.0,833.0,845.0,500,0.0,0.0
2024-03-12 11:00:00+09:00,844.0,845.0,837.0,837.0,0,0.0,0.0
2024-03-12 12:00:00+09:00,838.0,838.0,838.0,838.0,0,0.0,0.0
2024-03-12 13:00:00+09:00,837.0,837.0,837.0,837.0,2400,0.0,0.0
2024-03-12 14:00:00+09:00,838.0,845.0,837.0,845.0,300,0.0,0.0
2024-03-13 09:00:00+09:00,846.0,848.0,846.0,848.0,500,0.0,0.0
2024-03-13 10:00:00+09:00,845.0,875.0,845.0,857.0,3700,0.0,0.0
2024-03-13 11:00:00+09:00,856.0,856.0,856.0,856.0,0,0.0,0.0
2024-03-13 12:00:00+09:00,855.0,855.0,855.0,855.0,4600,0.0,0.0
2024-03-14 09:00:00+09:00,846.0,850.0,846.0,850.0,300,0.0,0.0
2024-03-14 10:00:00+09:00,850.0,850.0,850.0,850.0,100,0.0,0.0
2024-03-14 11:00:00+09:00,847.0,850.0,847.0,850.0,0,0.0,0.0
2024-03-14 12:00:00+09:00,850.0,850.0,850.0,850.0,1000,0.0,0.0
2024-03-14 14:00:00+09:00,852.0,852.0,852.0,852.0,100,0.0,0.0
2024-03-15 09:00:00+09:00,851.0,859.0,851.0,859.0,200,0.0,0.0
2024-03-15 10:00:00+09:00,857.0,858.0,857.0,858.0,200,0.0,0.0
2024-03-15 11:00:00+09:00,858.0,858.0,858.0,858.0,0,0.0,0.0
2024-03-15 12:00:00+09:00,853.0,853.0,853.0,853.0,2400,0.0,0.0
2024-03-15 13:00:00+09:00,851.0,852.0,850.0,852.0,900,0.0,0.0
2024-03-15 14:00:00+09:00,852.0,853.0,852.0,852.0,900,0.0,0.0
2024-03-18 09:00:00+09:00,857.0,860.0,857.0,860.0,1000,0.0,0.0
2024-03-18 11:00:00+09:00,860.0,860.0,860.0,860.0,0,0.0,0.0
2024-03-18 13:00:00+09:00,855.0,856.0,855.0,856.0,1400,0.0,0.0
2024-03-18 14:00:00+09:00,856.0,859.0,856.0,859.0,900,0.0,0.0
2024-03-19 09:00:00+09:00,859.0,859.0,854.0,854.0,500,0.0,0.0
2024-03-19 10:00:00+09:00,852.0,859.0,849.0,859.0,900,0.0,0.0
2024-03-19 11:00:00+09:00,869.0,869.0,869.0,869.0,0,0.0,0.0
2024-03-19 12:00:00+09:00,868.0,868.0,867.0,867.0,2000,0.0,0.0
2024-03-19 13:00:00+09:00,866.0,866.0,865.0,865.0,300,0.0,0.0
2024-03-19 14:00:00+09:00,864.0,865.0,852.0,865.0,700,0.0,0.0
2024-03-21 09:00:00+09:00,865.0,866.0,863.0,863.0,500,0.0,0.0
2024-03-21 10:00:00+09:00,863.0,863.0,863.0,863.0,200,0.0,0.0
2024-03-21 11:00:00+09:00,863.0,863.0,863.0,863.0,0,0.0,0.0
2024-03-21 12:00:00+09:00,862.0,862.0,862.0,862.0,1200,0.0,0.0
2024-03-21 13:00:00+09:00,862.0,862.0,862.0,862.0,300,0.0,0.0
2024-03-21 14:00:00+09:00,862.0,862.0,862.0,862.0,200,0.0,0.0
2024-03-22 09:00:00+09:00,862.0,864.0,862.0,864.0,1100,0.0,0.0
2024-03-22 10:00:00+09:00,865.0,866.0,865.0,866.0,300,0.0,0.0
2024-03-22 11:00:00+09:00,867.0,867.0,867.0,867.0,0,0.0,0.0
2024-03-22 12:00:00+09:00,869.0,888.0,869.0,875.0,3700,0.0,0.0
2024-03-22 13:00:00+09:00,880.0,885.0,879.0,885.0,2100,0.0,0.0
2024-03-22 14:00:00+09:00,885.0,890.0,880.0,890.0,2900,0.0,0.0
2024-03-25 09:00:00+09:00,890.0,890.0,869.0,869.0,3200,0.0,0.0
2024-03-25 10:00:00+09:00,870.0,872.0,870.0,872.0,700,0.0,0.0
2024-03-25 11:00:00+09:00,877.0,881.0,877.0,881.0,0,0.0,0.0
2024-03-25 13:00:00+09:00,873.0,873.0,873.0,873.0,0,0.0,0.0
2024-03-25 14:00:00+09:00,875.0,876.0,875.0,876.0,6700,0.0,0.0
2024-03-26 09:00:00+09:00,876.0,884.0,876.0,884.0,500,0.0,0.0
2024-03-26 10:00:00+09:00,888.0,896.0,888.0,896.0,500,0.0,0.0
2024-03-26 11:00:00+09:00,897.0,897.0,897.0,897.0,0,0.0,0.0
2024-03-26 12:00:00+09:00,894.0,894.0,893.0,893.0,1300,0.0,0.0
2024-03-26 13:00:00+09:00,897.0,897.0,897.0,897.0,100,0.0,0.0
2024-03-26 14:00:00+09:00,900.0,914.0,900.0,912.0,3600,0.0,0.0
2024-03-27 09:00:00+09:00,911.0,922.0,905.0,912.0,3700,0.0,0.0
2024-03-27 10:00:00+09:00,906.0,906.0,899.0,899.0,1600,0.0,0.0
2024-03-27 11:00:00+09:00,899.0,899.0,899.0,899.0,0,0.0,0.0
2024-03-27 12:00:00+09:00,899.0,899.0,899.0,899.0,5400,0.0,0.0
2024-03-27 13:00:00+09:00,897.0,897.0,897.0,897.0,100,0.0,0.0
2024-03-27 14:00:00+09:00,898.0,912.0,898.0,912.0,900,0.0,0.0
2024-03-28 09:00:00+09:00,884.0,888.0,881.0,888.0,2700,0.0,0.0
2024-03-28 10:00:00+09:00,888.0,888.0,883.0,883.0,1400,0.0,0.0
2024-03-28 11:00:00+09:00,882.0,882.0,882.0,882.0,0,0.0,0.0
2024-03-28 12:00:00+09:00,882.0,882.0,881.0,881.0,5900,0.0,0.0
2024-03-29 09:00:00+09:00,876.0,900.0,876.0,900.0,500,0.0,0.0
2024-03-29 10:00:00+09:00,904.0,907.0,902.0,902.0,1400,0.0,0.0
2024-03-29 11:00:00+09:00,902.0,902.0,902.0,902.0,0,0.0,0.0
2024-03-29 12:00:00+09:00,903.0,906.0,903.0,904.0,2600,0.0,0.0
2024-03-29 13:00:00+09:00,903.0,908.0,890.0,905.0,1500,0.0,0.0
2024-03-29 14:00:00+09:00,900.0,900.0,900.0,900.0,100,0.0,0.0
2024-04-01 09:00:00+09:00,898.0,898.0,885.0,885.0,5800,0.0,0.0
2024-04-01 10:00:00+09:00,885.0,885.0,884.0,884.0,500,0.0,0.0
2024-04-01 11:00:00+09:00,885.0,885.0,885.0,885.0,0,0.0,0.0
2024-04-01 12:00:00+09:00,882.0,882.0,882.0,882.0,6600,0.0,0.0
2024-04-01 13:00:00+09:00,880.0,880.0,875.0,875.0,500,0.0,0.0
2024-04-01 14:00:00+09:00,876.0,876.0,875.0,876.0,900,0.0,0.0
2024-04-02 09:00:00+09:00,865.0,865.0,861.0,864.0,4800,0.0,0.0
2024-04-02 10:00:00+09:00,864.0,870.0,864.0,870.0,600,0.0,0.0
2024-04-02 11:00:00+09:00,870.0,870.0,870.0,870.0,0,0.0,0.0
2024-04-02 12:00:00+09:00,867.0,867.0,866.0,867.0,5800,0.0,0.0
2024-04-02 13:00:00+09:00,867.0,870.0,866.0,870.0,600,0.0,0.0
2024-04-03 09:00:00+09:00,861.0,865.0,856.0,865.0,1100,0.0,0.0
2024-04-03 10:00:00+09:00,865.0,865.0,865.0,865.0,200,0.0,0.0
2024-04-03 11:00:00+09:00,865.0,865.0,865.0,865.0,0,0.0,0.0
2024-04-03 12:00:00+09:00,865.0,866.0,865.0,866.0,2300,0.0,0.0
2024-04-03 13:00:00+09:00,875.0,875.0,875.0,875.0,100,0.0,0.0
2024-04-03 14:00:00+09:00,877.0,879.0,874.0,876.0,700,0.0,0.0
2024-04-04 09:00:00+09:00,874.0,874.0,869.0,873.0,600,0.0,0.0
2024-04-04 11:00:00+09:00,873.0,873.0,873.0,873.0,0,0.0,0.0
2024-04-04 12:00:00+09:00,872.0,873.0,872.0,873.0,900,0.0,0.0
2024-04-04 13:00:00+09:00,874.0,875.0,874.0,875.0,1100,0.0,0.0
2024-04-04 14:00:00+09:00,879.0,880.0,879.0,880.0,1000,0.0,0.0
2024-04-05 09:00:00+09:00,877.0,878.0,867.0,867.0,1800,0.0,0.0
2024-04-05 10:00:00+09:00,866.0,866.0,866.0,866.0,100,0.0,0.0
2024-04-05 11:00:00+09:00,872.0,880.0,872.0,880.0,0,0.0,0.0
2024-04-05 12:00:00+09:00,885.0,888.0,884.0,888.0,4400,0.0,0.0
2024-04-05 13:00:00+09:00,893.0,899.0,888.0,895.0,3400,0.0,0.0
2024-04-05 14:00:00+09:00,896.0,899.0,896.0,897.0,1900,0.0,0.0
2024-04-08 09:00:00+09:00,901.0,901.0,896.0,896.0,1400,0.0,0.0
2024-04-08 11:00:00+09:00,896.0,896.0,896.0,896.0,0,0.0,0.0
2024-04-08 13:00:00+09:00,898.0,898.0,898.0,898.0,1500,0.0,0.0
2024-04-09 09:00:00+09:00,885.0,885.0,885.0,885.0,0,0.0,0.0
2024-04-09 11:00:00+09:00,899.0,901.0,899.0,900.0,0,0.0,0.0
2024-04-09 12:00:00+09:00,900.0,900.0,898.0,898.0,1500,0.0,0.0
2024-04-10 14:00:00+09:00,897.0,897.0,897.0,897.0,200,0.0,0.0
2024-04-11 12:00:00+09:00,885.0,887.0,885.0,887.0,1900,0.0,0.0
2024-04-11 13:00:00+09:00,890.0,890.0,890.0,890.0,100,0.0,0.0
2024-04-12 09:00:00+09:00,895.0,899.0,895.0,897.0,800,0.0,0.0
2024-04-12 10:00:00+09:00,895.0,898.0,895.0,898.0,200,0.0,0.0
2024-04-12 11:00:00+09:00,898.0,898.0,898.0,898.0,0,0.0,0.0
2024-04-12 12:00:00+09:00,897.0,897.0,897.0,897.0,1100,0.0,0.0
2024-04-12 13:00:00+09:00,896.0,898.0,881.0,898.0,900,0.0,0.0
2024-04-12 14:00:00+09:00,897.0,897.0,897.0,897.0,100,0.0,0.0
2024-04-15 09:00:00+09:00,890.0,899.0,890.0,899.0,200,0.0,0.0
2024-04-15 10:00:00+09:00,895.0,895.0,895.0,895.0,500,0.0,0.0
2024-04-15 11:00:00+09:00,895.0,895.0,895.0,895.0,0,0.0,0.0
2024-04-15 14:00:00+09:00,880.0,883.0,879.0,880.0,2600,0.0,0.0
2024-04-16 09:00:00+09:00,877.0,877.0,877.0,877.0,600,0.0,0.0
2024-04-16 10:00:00+09:00,875.0,875.0,875.0,875.0,500,0.0,0.0
2024-04-16 11:00:00+09:00,881.0,881.0,881.0,881.0,0,0.0,0.0
2024-04-16 12:00:00+09:00,879.0,879.0,879.0,879.0,1300,0.0,0.0
2024-04-16 13:00:00+09:00,879.0,882.0,879.0,882.0,200,0.0,0.0
2024-04-16 14:00:00+09:00,887.0,887.0,887.0,887.0,100,0.0,0.0
2024-04-17 09:00:00+09:00,887.0,887.0,876.0,876.0,500,0.0,0.0
2024-04-17 10:00:00+09:00,879.0,879.0,879.0,879.0,100,0.0,0.0
2024-04-17 11:00:00+09:00,880.0,880.0,880.0,880.0,0,0.0,0.0
2024-04-17 12:00:00+09:00,885.0,885.0,885.0,885.0,800,0.0,0.0
2024-04-17 13:00:00+09:00,886.0,887.0,886.0,887.0,200,0.0,0.0
2024-04-18 09:00:00+09:00,887.0,887.0,887.0,887.0,400,0.0,0.0
2024-04-18 10:00:00+09:00,884.0,885.0,876.0,884.0,800,0.0,0.0
2024-04-18 11:00:00+09:00,880.0,886.0,880.0,882.0,0,0.0,0.0
2024-04-18 12:00:00+09:00,886.0,886.0,874.0,886.0,2100,0.0,0.0
2024-04-18 14:00:00+09:00,886.0,890.0,886.0,887.0,2000,0.0,0.0
2024-04-19 09:00:00+09:00,887.0,889.0,887.0,889.0,600,0.0,0.0
2024-04-19 10:00:00+09:00,891.0,915.0,881.0,900.0,5000,0.0,0.0
2024-04-19 11:00:00+09:00,912.0,919.0,890.0,900.0,0,0.0,0.0
2024-04-19 12:00:00+09:00,904.0,904.0,902.0,904.0,11100,0.0,0.0
2024-04-19 13:00:00+09:00,903.0,914.0,898.0,909.0,2700,0.0,0.0
2024-04-19 14:00:00+09:00,908.0,910.0,908.0,910.0,1100,0.0,0.0
2024-04-22 09:00:00+09:00,925.0,925.0,910.0,910.0,0,0.0,0.0
2024-04-22 10:00:00+09:00,910.0,915.0,910.0,911.0,2200,0.0,0.0
2024-04-22 11:00:00+09:00,910.0,915.0,910.0,915.0,0,0.0,0.0
2024-04-22 12:00:00+09:00,919.0,919.0,918.0,919.0,0,0.0,0.0
2024-04-22 13:00:00+09:00,915.0,915.0,914.0,914.0,3400,0.0,0.0
2024-04-22 14:00:00+09:00,915.0,915.0,915.0,915.0,100,0.0,0.0
2024-04-23 09:00:00+09:00,927.0,927.0,915.0,920.0,2000,0.0,0.0
2024-04-23 10:00:00+09:00,918.0,918.0,918.0,918.0,800,0.0,0.0
2024-04-23 11:00:00+09:00,919.0,937.0,919.0,937.0,0,0.0,0.0
2024-04-23 12:00:00+09:00,940.0,940.0,927.0,927.0,7400,0.0,0.0
2024-04-23 13:00:00+09:00,937.0,939.0,930.0,930.0,2400,0.0,0.0
2024-04-23 14:00:00+09:00,930.0,930.0,925.0,927.0,1200,0.0,0.0
2024-04-24 09:00:00+09:00,937.0,937.0,915.0,915.0,3100,0.0,0.0
2024-04-24 10:00:00+09:00,911.0,921.0,909.0,921.0,2300,0.0,0.0
2024-04-24 11:00:00+09:00,921.0,921.0,921.0,921.0,0,0.0,0.0
2024-04-24 12:00:00+09:00,910.0,911.0,903.0,911.0,7300,0.0,0.0
2024-04-24 13:00:00+09:00,917.0,917.0,905.0,905.0,700,0.0,0.0
2024-04-24 14:00:00+09:00,913.0,913.0,905.0,908.0,500,0.0,0.0
2024-04-25 09:00:00+09:00,908.0,912.0,902.0,903.0,2600,0.0,0.0
2024-04-25 10:00:00+09:00,903.0,903.0,903.0,903.0,100,0.0,0.0
2024-04-25 11:00:00+09:00,902.0,902.0,900.0,900.0,0,0.0,0.0
2024-04-25 12:00:00+09:00,905.0,906.0,905.0,906.0,4000,0.0,0.0
2024-04-25 13:00:00+09:00,895.0,895.0,883.0,883.0,2400,0.0,0.0
2024-04-25 14:00:00+09:00,884.0,893.0,884.0,893.0,600,0.0,0.0
2024-04-26 09:00:00+09:00,884.0,884.0,867.0,867.0,5900,0.0,0.0
2024-04-26 11:00:00+09:00,872.0,872.0,872.0,872.0,0,0.0,0.0
2024-04-26 12:00:00+09:00,872.0,872.0,872.0,872.0,10300,0.0,0.0
2024-04-26 14:00:00+09:00,875.0,878.0,875.0,878.0,700,0.0,0.0
2024-04-30 09:00:00+09:00,872.0,883.0,869.0,882.0,0,0.0,0.0
2024-04-30 10:00:00+09:00,882.0,888.0,882.0,888.0,4700,0.0,0.0
2024-04-30 11:00:00+09:00,890.0,894.0,890.0,894.0,0,0.0,0.0
2024-04-30 12:00:00+09:00,894.0,895.0,894.0,895.0,6000,0.0,0.0
2024-04-30 13:00:00+09:00,896.0,897.0,892.0,892.0,1300,0.0,0.0
2024-04-30 14:00:00+09:00,892.0,904.0,892.0,903.0,4000,0.0,0.0
2024-05-01 09:00:00+09:00,917.0,917.0,884.0,888.0,14800,0.0,0.0
2024-05-01 10:00:00+09:00,887.0,895.0,885.0,895.0,2400,0.0,0.0
2024-05-01 11:00:00+09:00,895.0,895.0,895.0,895.0,0,0.0,0.0
2024-05-01 12:00:00+09:00,888.0,895.0,886.0,895.0,19100,0.0,0.0
2024-05-01 13:00:00+09:00,891.0,892.0,885.0,892.0,300,0.0,0.0
2024-05-01 14:00:00+09:00,885.0,892.0,885.0,892.0,700,0.0,0.0
2024-05-02 09:00:00+09:00,894.0,897.0,894.0,897.0,2200,0.0,0.0
2024-05-02 10:00:00+09:00,898.0,899.0,898.0,899.0,500,0.0,0.0
2024-05-02 11:00:00+09:00,898.0,898.0,898.0,898.0,0,0.0,0.0
2024-05-02 12:00:00+09:00,898.0,898.0,885.0,893.0,6600,0.0,0.0
2024-05-02 13:00:00+09:00,893.0,893.0,893.0,893.0,100,0.0,0.0
2024-05-02 14:00:00+09:00,889.0,893.0,888.0,891.0,800,0.0,0.0
2024-05-07 09:00:00+09:00,893.0,893.0,890.0,893.0,1400,0.0,0.0
2024-05-07 11:00:00+09:00,893.0,893.0,893.0,893.0,0,0.0,0.0
2024-05-07 13:00:00+09:00,886.0,890.0,884.0,890.0,1900,0.0,0.0
2024-05-07 14:00:00+09:00,892.0,895.0,892.0,895.0,1000,0.0,0.0
2024-05-08 09:00:00+09:00,894.0,894.0,890.0,890.0,600,0.0,0.0
2024-05-08 10:00:00+09:00,886.0,889.0,862.0,889.0,3600,0.0,0.0
2024-05-08 11:00:00+09:00,889.0,889.0,889.0,889.0,0,0.0,0.0
2024-05-08 14:00:00+09:00,880.0,880.0,880.0,880.0,4500,0.0,0.0
2024-05-09 10:00:00+09:00,880.0,880.0,880.0,880.0,100,0.0,0.0
2024-05-09 11:00:00+09:00,880.0,880.0,880.0,880.0,0,0.0,0.0
2024-05-09 12:00:00+09:00,881.0,881.0,881.0,881.0,200,0.0,0.0
2024-05-09 13:00:00+09:00,896.0,896.0,896.0,896.0,100,0.0,0.0
2024-05-09 14:00:00+09:00,888.0,888.0,886.0,886.0,400,0.0,0.0
2024-05-10 10:00:00+09:00,890.0,894.0,890.0,894.0,1900,0.0,0.0
2024-05-10 11:00:00+09:00,894.0,894.0,894.0,894.0,0,0.0,0.0
2024-05-10 14:00:00+09:00,890.0,890.0,888.0,888.0,2200,0.0,0.0
2024-05-13 09:00:00+09:00,888.0,888.0,873.0,873.0,800,0.0,0.0
2024-05-13 10:00:00+09:00,872.0,872.0,869.0,869.0,900,0.0,0.0
2024-05-13 11:00:00+09:00,869.0,869.0,869.0,869.0,0,0.0,0.0
2024-05-13 12:00:00+09:00,869.0,869.0,869.0,869.0,1800,0.0,0.0
2024-05-13 13:00:00+09:00,868.0,869.0,868.0,869.0,800,0.0,0.0
2024-05-13 14:00:00+09:00,879.0,879.0,878.0,878.0,500,0.0,0.0
2024-05-14 09:00:00+09:00,876.0,882.0,873.0,882.0,900,0.0,0.0
2024-05-14 11:00:00+09:00,882.0,882.0,882.0,882.0,0,0.0,0.0
2024-05-14 12:00:00+09:00,873.0,873.0,873.0,873.0,1100,0.0,0.0
2024-05-14 13:00:00+09:00,867.0,867.0,867.0,867.0,700,0.0,0.0
2024-05-14 14:00:00+09:00,869.0,869.0,861.0,863.0,1400,0.0,0.0
2024-05-15 09:00:00+09:00,860.0,862.0,860.0,862.0,1000,0.0,0.0
2024-05-15 10:00:00+09:00,860.0,860.0,860.0,860.0,300,0.0,0.0
2024-05-15 11:00:00+09:00,860.0,860.0,860.0,860.0,0,0.0,0.0
2024-05-15 13:00:00+09:00,864.0,867.0,864.0,867.0,1500,0.0,0.0
2024-05-16 09:00:00+09:00,865.0,865.0,852.0,852.0,1000,0.0,0.0
2024-05-16 10:00:00+09:00,858.0,861.0,858.0,861.0,300,0.0,0.0
2024-05-16 11:00:00+09:00,861.0,861.0,861.0,861.0,0,0.0,0.0
2024-05-16 13:00:00+09:00,855.0,855.0,855.0,855.0,1500,0.0,0.0
2024-05-16 14:00:00+09:00,860.0,860.0,850.0,858.0,1800,0.0,0.0
2024-05-17 09:00:00+09:00,857.0,857.0,857.0,857.0,300,0.0,0.0
2024-05-17 10:00:00+09:00,857.0,857.0,857.0,857.0,100,0.0,0.0
2024-05-17 11:00:00+09:00,857.0,857.0,857.0,857.0,0,0.0,0.0
2024-05-17 14:00:00+09:00,850.0,850.0,850.0,850.0,900,0.0,0.0
2024-05-20 09:00:00+09:00,840.0,846.0,837.0,837.0,2500,0.0,0.0
2024-05-20 10:00:00+09:00,850.0,855.0,850.0,855.0,600,0.0,0.0
2024-05-20 11:00:00+09:00,844.0,851.0,844.0,851.0,0,0.0,0.0
2024-05-20 12:00:00+09:00,847.0,847.0,847.0,847.0,3800,0.0,0.0
2024-05-20 14:00:00+09:00,852.0,864.0,852.0,864.0,200,0.0,0.0
2024-05-21 09:00:00+09:00,847.0,860.0,847.0,860.0,200,0.0,0.0
2024-05-21 11:00:00+09:00,860.0,860.0,860.0,860.0,0,0.0,0.0
2024-05-22 10:00:00+09:00,861.0,861.0,861.0,861.0,100,0.0,0.0
2024-05-22 11:00:00+09:00,873.0,873.0,873.0,873.0,0,0.0,0.0
2024-05-22 14:00:00+09:00,873.0,877.0,873.0,877.0,800,0.0,0.0
2024-05-23 09:00:00+09:00,875.0,875.0,862.0,862.0,500,0.0,0.0
2024-05-23 10:00:00+09:00,857.0,857.0,856.0,856.0,1100,0.0,0.0
2024-05-23 11:00:00+09:00,856.0,856.0,856.0,856.0,0,0.0,0.0
2024-05-23 12:00:00+09:00,859.0,859.0,859.0,859.0,1700,0.0,0.0
2024-05-23 13:00:00+09:00,852.0,852.0,852.0,852.0,100,0.0,0.0
2024-05-23 14:00:00+09:00,857.0,857.0,857.0,857.0,100,0.0,0.0
2024-05-24 09:00:00+09:00,855.0,855.0,855.0,855.0,200,0.0,0.0
2024-05-24 10:00:00+09:00,855.0,857.0,855.0,857.0,700,0.0,0.0
2024-05-24 11:00:00+09:00,864.0,864.0,864.0,864.0,0,0.0,0.0
2024-05-24 12:00:00+09:00,865.0,865.0,865.0,865.0,1100,0.0,0.0
2024-05-24 14:00:00+09:00,868.0,868.0,868.0,868.0,100,0.0,0.0
2024-05-27 09:00:00+09:00,868.0,868.0,868.0,868.0,1300,0.0,0.0
2024-05-27 11:00:00+09:00,864.0,864.0,864.0,864.0,0,0.0,0.0
2024-05-27 13:00:00+09:00,864.0,877.0,864.0,877.0,2000,0.0,0.0
2024-05-27 14:00:00+09:00,876.0,886.0,876.0,886.0,1100,0.0,0.0
2024-05-28 09:00:00+09:00,886.0,886.0,881.0,881.0,400,0.0,0.0
2024-05-28 10:00:00+09:00,868.0,868.0,867.0,867.0,400,0.0,0.0
2024-05-28 11:00:00+09:00,867.0,867.0,867.0,867.0,0,0.0,0.0
2024-05-28 12:00:00+09:00,870.0,870.0,870.0,870.0,1400,0.0,0.0
2024-05-28 13:00:00+09:00,872.0,879.0,872.0,879.0,400,0.0,0.0
2024-05-28 14:00:00+09:00,881.0,884.0,880.0,884.0,300,0.0,0.0
2024-05-29 09:00:00+09:00,879.0,879.0,877.0,877.0,500,0.0,0.0
2024-05-29 10:00:00+09:00,876.0,876.0,875.0,875.0,500,0.0,0.0
2024-05-29 11:00:00+09:00,875.0,875.0,875.0,875.0,0,0.0,0.0
2024-05-29 12:00:00+09:00,881.0,883.0,881.0,883.0,1300,0.0,0.0
2024-05-30 09:00:00+09:00,875.0,875.0,875.0,875.0,100,0.0,0.0
2024-05-30 11:00:00+09:00,875.0,875.0,875.0,875.0,0,0.0,0.0
2024-05-30 13:00:00+09:00,864.0,873.0,864.0,873.0,400,0.0,0.0
2024-05-30 14:00:00+09:00,874.0,875.0,874.0,875.0,400,0.0,0.0
2024-05-31 09:00:00+09:00,875.0,875.0,872.0,872.0,200,0.0,0.0
2024-05-31 10:00:00+09:00,880.0,886.0,875.0,879.0,1000,0.0,0.0
2024-05-31 11:00:00+09:00,879.0,879.0,879.0,879.0,0,0.0,0.0
2024-05-31 14:00:00+09:00,884.0,888.0,884.0,888.0,500,0.0,0.0
2024-06-03 09:00:00+09:00,895.0,895.0,882.0,882.0,1000,0.0,0.0
2024-06-03 10:00:00+09:00,882.0,883.0,882.0,883.0,600,0.0,0.0
2024-06-03 11:00:00+09:00,883.0,884.0,883.0,884.0,0,0.0,0.0
2024-06-03 12:00:00+09:00,888.0,889.0,888.0,889.0,2200,0.0,0.0
2024-06-03 13:00:00+09:00,890.0,890.0,890.0,890.0,100,0.0,0.0
2024-06-03 14:00:00+09:00,890.0,890.0,890.0,890.0,100,0.0,0.0
2024-06-04 09:00:00+09:00,888.0,888.0,888.0,888.0,0,0.0,0.0
2024-06-04 10:00:00+09:00,889.0,889.0,889.0,889.0,300,0.0,0.0
2024-06-04 11:00:00+09:00,887.0,887.0,887.0,887.0,0,0.0,0.0
2024-06-04 12:00:00+09:00,890.0,890.0,890.0,890.0,800,0.0,0.0
2024-06-04 13:00:00+09:00,892.0,892.0,892.0,892.0,100,0.0,0.0
2024-06-05 09:00:00+09:00,894.0,901.0,893.0,897.0,1800,0.0,0.0
2024-06-05 11:00:00+09:00,898.0,898.0,898.0,898.0,0,0.0,0.0
2024-06-05 14:00:00+09:00,891.0,891.0,891.0,891.0,2000,0.0,0.0
2024-06-06 09:00:00+09:00,906.0,906.0,898.0,898.0,1400,0.0,0.0
2024-06-06 10:00:00+09:00,896.0,896.0,892.0,892.0,400,0.0,0.0
2024-06-06 11:00:00+09:00,896.0,903.0,895.0,903.0,0,0.0,0.0
2024-06-06 12:00:00+09:00,888.0,888.0,888.0,888.0,2200,0.0,0.0
2024-06-06 13:00:00+09:00,894.0,894.0,894.0,894.0,100,0.0,0.0
2024-06-06 14:00:00+09:00,896.0,896.0,888.0,896.0,400,0.0,0.0
2024-06-07 09:00:00+09:00,890.0,890.0,890.0,890.0,300,0.0,0.0
2024-06-07 10:00:00+09:00,889.0,889.0,888.0,888.0,200,0.0,0.0
2024-06-07 11:00:00+09:00,889.0,889.0,889.0,889.0,0,0.0,0.0
2024-06-07 12:00:00+09:00,887.0,887.0,884.0,884.0,900,0.0,0.0
2024-06-07 13:00:00+09:00,887.0,887.0,877.0,877.0,3900,0.0,0.0
2024-06-10 09:00:00+09:00,870.0,870.0,864.0,865.0,700,0.0,0.0
2024-06-10 10:00:00+09:00,867.0,867.0,862.0,862.0,2200,0.0,0.0
2024-06-10 11:00:00+09:00,875.0,875.0,870.0,870.0,0,0.0,0.0
2024-06-11 09:00:00+09:00,875.0,875.0,874.0,874.0,1700,0.0,0.0
2024-06-11 11:00:00+09:00,874.0,874.0,874.0,874.0,0,0.0,0.0
2024-06-11 13:00:00+09:00,866.0,866.0,866.0,866.0,1800,0.0,0.0
2024-06-12 09:00:00+09:00,861.0,861.0,861.0,861.0,100,0.0,0.0
2024-06-12 11:00:00+09:00,861.0,861.0,861.0,861.0,0,0.0,0.0
2024-06-12 14:00:00+09:00,875.0,875.0,875.0,875.0,200,0.0,0.0
2024-06-13 09:00:00+09:00,875.0,875.0,875.0,875.0,100,0.0,0.0
2024-06-13 11:00:00+09:00,875.0,875.0,875.0,875.0,0,0.0,0.0
2024-06-13 12:00:00+09:00,876.0,876.0,876.0,876.0,200,0.0,0.0
2024-06-13 14:00:00+09:00,876.0,876.0,876.0,876.0,100,0.0,0.0
2024-06-14 09:00:00+09:00,863.0,863.0,863.0,863.0,200,0.0,0.0
2024-06-14 10:00:00+09:00,876.0,876.0,876.0,876.0,200,0.0,0.0
2024-06-14 11:00:00+09:00,876.0,876.0,876.0,876.0,0,0.0,0.0
2024-06-14 12:00:00+09:00,870.0,876.0,870.0,876.0,600,0.0,0.0
2024-06-14 13:00:00+09:00,876.0,876.0,876.0,876.0,600,0.0,0.0
2024-06-17 09:00:00+09:00,870.0,876.0,870.0,876.0,200,0.0,0.0
2024-06-17 10:00:00+09:00,870.0,870.0,870.0,870.0,200,0.0,0.0
2024-06-17 11:00:00+09:00,870.0,870.0,870.0,870.0,0,0.0,0.0
2024-06-17 12:00:00+09:00,880.0,880.0,880.0,880.0,2000,0.0,0.0
2024-06-17 13:00:00+09:00,880.0,880.0,870.0,870.0,700,0.0,0.0
2024-06-17 14:00:00+09:00,876.0,876.0,876.0,876.0,100,0.0,0.0
2024-06-18 09:00:00+09:00,876.0,876.0,876.0,876.0,100,0.0,0.0
2024-06-18 11:00:00+09:00,876.0,876.0,876.0,876.0,0,0.0,0.0
2024-06-18 13:00:00+09:00,869.0,869.0,869.0,869.0,300,0.0,0.0
2024-06-18 14:00:00+09:00,875.0,875.0,875.0,875.0,100,0.0,0.0
2024-06-19 09:00:00+09:00,874.0,874.0,850.0,863.0,3100,0.0,0.0
2024-06-19 10:00:00+09:00,863.0,863.0,861.0,861.0,0,0.0,0.0
2024-06-19 11:00:00+09:00,863.0,863.0,861.0,861.0,0,0.0,0.0
2024-06-19 13:00:00+09:00,871.0,871.0,860.0,860.0,4000,0.0,0.0
2024-06-19 14:00:00+09:00,872.0,872.0,863.0,870.0,300,0.0,0.0
2024-06-20 09:00:00+09:00,870.0,870.0,869.0,869.0,400,0.0,0.0
2024-06-20 11:00:00+09:00,869.0,869.0,869.0,869.0,0,0.0,0.0
2024-06-20 13:00:00+09:00,870.0,870.0,870.0,870.0,500,0.0,0.0
2024-06-20 14:00:00+09:00,870.0,870.0,870.0,870.0,100,0.0,0.0
2024-06-21 13:00:00+09:00,865.0,868.0,865.0,868.0,300,0.0,0.0
2024-06-21 14:00:00+09:00,868.0,874.0,868.0,874.0,1100,0.0,0.0
2024-06-24 09:00:00+09:00,874.0,875.0,874.0,875.0,700,0.0,0.0
2024-06-24 10:00:00+09:00,878.0,879.0,878.0,879.0,500,0.0,0.0
2024-06-24 11:00:00+09:00,879.0,880.0,879.0,880.0,0,0.0,0.0
2024-06-24 12:00:00+09:00,879.0,879.0,878.0,878.0,2800,0.0,0.0
2024-06-24 13:00:00+09:00,880.0,880.0,880.0,880.0,900,0.0,0.0
2024-06-25 09:00:00+09:00,880.0,890.0,880.0,890.0,4000,0.0,0.0
2024-06-25 10:00:00+09:00,892.0,892.0,892.0,892.0,100,0.0,0.0
2024-06-25 11:00:00+09:00,894.0,894.0,886.0,886.0,0,0.0,0.0
2024-06-25 12:00:00+09:00,887.0,888.0,887.0,888.0,4700,0.0,0.0
2024-06-25 13:00:00+09:00,893.0,893.0,893.0,893.0,100,0.0,0.0
2024-06-26 09:00:00+09:00,894.0,905.0,894.0,905.0,2600,0.0,0.0
2024-06-26 10:00:00+09:00,905.0,905.0,905.0,905.0,400,0.0,0.0
2024-06-26 11:00:00+09:00,905.0,905.0,905.0,905.0,0,0.0,0.0
2024-06-26 12:00:00+09:00,904.0,904.0,904.0,904.0,3200,0.0,0.0
2024-06-26 14:00:00+09:00,902.0,905.0,900.0,900.0,1800,0.0,0.0
2024-06-27 09:00:00+09:00,901.0,902.0,901.0,902.0,1600,0.0,0.0
2024-06-27 10:00:00+09:00,903.0,903.0,903.0,903.0,100,0.0,0.0
2024-06-27 11:00:00+09:00,903.0,903.0,903.0,903.0,0,0.0,0.0
2024-06-27 12:00:00+09:00,903.0,903.0,902.0,902.0,2100,0.0,0.0
2024-06-27 13:00:00+09:00,902.0,902.0,902.0,902.0,100,0.0,0.0
2024-06-27 14:00:00+09:00,903.0,904.0,900.0,903.0,3200,0.0,0.0
2024-06-28 09:00:00+09:00,904.0,909.0,904.0,909.0,300,0.0,0.0
2024-06-28 10:00:00+09:00,910.0,910.0,903.0,903.0,1200,0.0,0.0
2024-06-28 11:00:00+09:00,900.0,900.0,898.0,898.0,0,0.0,0.0
2024-06-28 12:00:00+09:00,898.0,898.0,888.0,888.0,3200,0.0,0.0
2024-06-28 13:00:00+09:00,894.0,895.0,885.0,885.0,1600,0.0,0.0
2024-06-28 14:00:00+09:00,884.0,885.0,883.0,883.0,1200,0.0,0.0
2024-07-01 09:00:00+09:00,884.0,891.0,884.0,891.0,800,0.0,0.0
2024-07-01 10:00:00+09:00,890.0,891.0,890.0,890.0,700,0.0,0.0
2024-07-01 11:00:00+09:00,890.0,890.0,890.0,890.0,0,0.0,0.0
2024-07-01 12:00:00+09:00,891.0,891.0,891.0,891.0,1600,0.0,0.0
2024-07-01 14:00:00+09:00,886.0,888.0,885.0,888.0,400,0.0,0.0
2024-07-02 09:00:00+09:00,888.0,894.0,888.0,894.0,600,0.0,0.0
2024-07-02 11:00:00+09:00,894.0,894.0,894.0,894.0,0,0.0,0.0
2024-07-02 12:00:00+09:00,893.0,894.0,893.0,894.0,800,0.0,0.0
2024-07-02 13:00:00+09:00,895.0,898.0,895.0,898.0,200,0.0,0.0
2024-07-02 14:00:00+09:00,897.0,905.0,897.0,905.0,1200,0.0,0.0
2024-07-03 09:00:00+09:00,909.0,909.0,904.0,904.0,700,0.0,0.0
2024-07-03 11:00:00+09:00,904.0,904.0,904.0,904.0,0,0.0,0.0
2024-07-03 12:00:00+09:00,906.0,910.0,906.0,910.0,1600,0.0,0.0
2024-07-03 13:00:00+09:00,913.0,913.0,913.0,913.0,300,0.0,0.0
2024-07-03 14:00:00+09:00,912.0,912.0,912.0,912.0,200,0.0,0.0
2024-07-04 09:00:00+09:00,917.0,917.0,910.0,915.0,1300,0.0,0.0
2024-07-04 10:00:00+09:00,915.0,915.0,915.0,915.0,600,0.0,0.0
2024-07-04 11:00:00+09:00,915.0,915.0,915.0,915.0,0,0.0,0.0
2024-07-04 14:00:00+09:00,914.0,917.0,913.0,917.0,3200,0.0,0.0
2024-07-05 09:00:00+09:00,920.0,920.0,917.0,917.0,4700,0.0,0.0
2024-07-05 11:00:00+09:00,913.0,916.0,913.0,916.0,0,0.0,0.0
2024-07-05 12:00:00+09:00,912.0,912.0,909.0,909.0,5700,0.0,0.0
2024-07-05 13:00:00+09:00,912.0,912.0,912.0,912.0,100,0.0,0.0
2024-07-05 14:00:00+09:00,914.0,916.0,910.0,914.0,800,0.0,0.0
2024-07-08 09:00:00+09:00,920.0,920.0,915.0,915.0,5200,0.0,0.0
2024-07-08 11:00:00+09:00,915.0,915.0,915.0,915.0,0,0.0,0.0
2024-07-08 13:00:00+09:00,915.0,915.0,915.0,915.0,5500,0.0,0.0
2024-07-08 14:00:00+09:00,915.0,915.0,915.0,915.0,100,0.0,0.0
2024-07-09 09:00:00+09:00,918.0,918.0,918.0,918.0,300,0.0,0.0
2024-07-09 10:00:00+09:00,917.0,917.0,917.0,917.0,100,0.0,0.0
2024-07-09 11:00:00+09:00,918.0,918.0,915.0,915.0,0,0.0,0.0
2024-07-09 12:00:00+09:00,915.0,915.0,912.0,912.0,1000,0.0,0.0
2024-07-09 13:00:00+09:00,912.0,918.0,910.0,918.0,600,0.0,0.0
2024-07-10 09:00:00+09:00,920.0,930.0,920.0,927.0,5800,0.0,0.0
2024-07-10 10:00:00+09:00,925.0,925.0,925.0,925.0,100,0.0,0.0
2024-07-10 11:00:00+09:00,925.0,925.0,925.0,925.0,0,0.0,0.0
2024-07-10 12:00:00+09:00,917.0,917.0,917.0,917.0,6300,0.0,0.0
2024-07-10 14:00:00+09:00,925.0,925.0,925.0,925.0,100,0.0,0.0
2024-07-11 09:00:00+09:00,924.0,924.0,918.0,918.0,600,0.0,0.0
2024-07-11 10:00:00+09:00,917.0,917.0,917.0,917.0,200,0.0,0.0
2024-07-11 11:00:00+09:00,917.0,917.0,917.0,917.0,0,0.0,0.0
2024-07-11 14:00:00+09:00,917.0,917.0,917.0,917.0,1000,0.0,0.0
2024-07-12 09:00:00+09:00,915.0,915.0,915.0,915.0,100,0.0,0.0
2024-07-12 11:00:00+09:00,916.0,916.0,915.0,915.0,0,0.0,0.0
2024-07-12 13:00:00+09:00,919.0,919.0,919.0,919.0,2400,0.0,0.0
2024-07-12 14:00:00+09:00,913.0,913.0,910.0,910.0,800,0.0,0.0
2024-07-16 09:00:00+09:00,897.0,897.0,897.0,897.0,1300,0.0,0.0
2024-07-16 10:00:00+09:00,902.0,902.0,902.0,902.0,100,0.0,0.0
2024-07-16 11:00:00+09:00,902.0,902.0,902.0,902.0,0,0.0,0.0
2024-07-16 12:00:00+09:00,901.0,901.0,901.0,901.0,1500,0.0,0.0
2024-07-16 13:00:00+09:00,899.0,899.0,899.0,899.0,100,0.0,0.0
2024-07-16 14:00:00+09:00,899.0,899.0,899.0,899.0,200,0.0,0.0
2024-07-17 09:00:00+09:00,899.0,920.0,899.0,919.0,1100,0.0,0.0
2024-07-17 11:00:00+09:00,919.0,919.0,919.0,919.0,0,0.0,0.0
2024-07-17 14:00:00+09:00,915.0,920.0,915.0,920.0,3100,0.0,0.0
2024-07-18 13:00:00+09:00,914.0,918.0,914.0,918.0,400,0.0,0.0
2024-07-18 14:00:00+09:00,917.0,917.0,905.0,905.0,1100,0.0,0.0
2024-07-19 09:00:00+09:00,905.0,916.0,905.0,916.0,0,0.0,0.0
2024-07-19 11:00:00+09:00,909.0,913.0,907.0,913.0,0,0.0,0.0
2024-07-19 12:00:00+09:00,913.0,913.0,913.0,913.0,1200,0.0,0.0
2024-07-22 09:00:00+09:00,906.0,906.0,903.0,903.0,0,0.0,0.0
2024-07-22 11:00:00+09:00,901.0,910.0,900.0,902.0,0,0.0,0.0
2024-07-22 13:00:00+09:00,912.0,912.0,912.0,912.0,2000,0.0,0.0
2024-07-23 09:00:00+09:00,912.0,912.0,912.0,912.0,100,0.0,0.0
2024-07-23 11:00:00+09:00,917.0,917.0,906.0,906.0,0,0.0,0.0
2024-07-23 13:00:00+09:00,909.0,909.0,909.0,909.0,400,0.0,0.0
2024-07-24 09:00:00+09:00,928.0,928.0,926.0,926.0,1400,0.0,0.0
2024-07-24 11:00:00+09:00,926.0,926.0,926.0,926.0,0,0.0,0.0
2024-07-24 12:00:00+09:00,911.0,911.0,906.0,906.0,2700,0.0,0.0
2024-07-24 13:00:00+09:00,906.0,909.0,906.0,907.0,0,0.0,0.0
2024-07-24 14:00:00+09:00,907.0,907.0,907.0,907.0,3600,0.0,0.0
2024-07-25 09:00:00+09:00,903.0,903.0,898.0,898.0,1700,0.0,0.0
2024-07-25 10:00:00+09:00,892.0,892.0,889.0,889.0,600,0.0,0.0
2024-07-25 11:00:00+09:00,889.0,895.0,889.0,895.0,0,0.0,0.0
2024-07-25 13:00:00+09:00,895.0,897.0,895.0,897.0,2800,0.0,0.0
2024-07-26 09:00:00+09:00,905.0,905.0,905.0,905.0,900,0.0,0.0
2024-07-26 10:00:00+09:00,906.0,906.0,906.0,906.0,400,0.0,0.0
2024-07-26 11:00:00+09:00,906.0,906.0,906.0,906.0,0,0.0,0.0
2024-07-26 13:00:00+09:00,907.0,909.0,907.0,909.0,1600,0.0,0.0
2024-07-26 14:00:00+09:00,909.0,915.0,900.0,915.0,3200,0.0,0.0
2024-07-29 09:00:00+09:00,862.0,870.0,861.0,865.0,4600,0.0,0.0
2024-07-29 10:00:00+09:00,865.0,873.0,865.0,873.0,1000,0.0,0.0
2024-07-29 11:00:00+09:00,881.0,883.0,874.0,874.0,0,0.0,0.0
2024-07-29 12:00:00+09:00,879.0,884.0,879.0,880.0,6500,0.0,0.0
2024-07-29 13:00:00+09:00,875.0,875.0,864.0,864.0,2100,0.0,0.0
2024-07-29 14:00:00+09:00,873.0,873.0,873.0,873.0,100,0.0,0.0
2024-07-30 09:00:00+09:00,885.0,885.0,885.0,885.0,500,0.0,0.0
2024-07-30 10:00:00+09:00,876.0,878.0,876.0,878.0,200,0.0,0.0
2024-07-30 11:00:00+09:00,878.0,878.0,878.0,878.0,0,0.0,0.0
2024-07-30 12:00:00+09:00,873.0,873.0,871.0,871.0,900,0.0,0.0
2024-07-30 13:00:00+09:00,871.0,871.0,871.0,871.0,100,0.0,0.0
2024-07-31 09:00:00+09:00,864.0,864.0,864.0,864.0,700,0.0,0.0
2024-07-31 11:00:00+09:00,864.0,864.0,864.0,864.0,0,0.0,0.0
2024-07-31 13:00:00+09:00,877.0,877.0,877.0,877.0,800,0.0,0.0
2024-08-01 09:00:00+09:00,871.0,871.0,865.0,865.0,500,0.0,0.0
2024-08-01 10:00:00+09:00,864.0,864.0,856.0,856.0,1800,0.0,0.0
2024-08-01 11:00:00+09:00,856.0,856.0,856.0,856.0,0,0.0,0.0
2024-08-01 12:00:00+09:00,850.0,850.0,850.0,850.0,2600,0.0,0.0
2024-08-01 13:00:00+09:00,845.0,845.0,842.0,842.0,600,0.0,0.0
2024-08-01 14:00:00+09:00,848.0,848.0,840.0,848.0,800,0.0,0.0
2024-08-02 09:00:00+09:00,825.0,832.0,825.0,829.0,2500,0.0,0.0
2024-08-02 10:00:00+09:00,829.0,829.0,808.0,808.0,2900,0.0,0.0
2024-08-02 11:00:00+09:00,810.0,810.0,807.0,807.0,0,0.0,0.0
2024-08-02 12:00:00+09:00,807.0,807.0,800.0,800.0,6500,0.0,0.0
2024-08-02 13:00:00+09:00,803.0,803.0,801.0,801.0,300,0.0,0.0
2024-08-02 14:00:00+09:00,805.0,810.0,805.0,810.0,600,0.0,0.0
2024-08-05 09:00:00+09:00,797.0,797.0,728.0,728.0,2800,0.0,0.0
2024-08-05 10:00:00+09:00,728.0,728.0,712.0,727.0,1200,0.0,0.0
2024-08-05 11:00:00+09:00,720.0,720.0,713.0,718.0,0,0.0,0.0
2024-08-05 12:00:00+09:00,740.0,740.0,740.0,740.0,6900,0.0,0.0
2024-08-05 14:00:00+09:00,720.0,724.0,712.0,712.0,2400,0.0,0.0
2024-08-06 09:00:00+09:00,744.0,745.0,744.0,745.0,1000,0.0,0.0
2024-08-06 10:00:00+09:00,745.0,745.0,744.0,745.0,600,0.0,0.0
2024-08-06 11:00:00+09:00,745.0,745.0,745.0,745.0,0,0.0,0.0
2024-08-06 13:00:00+09:00,802.0,804.0,788.0,788.0,3400,0.0,0.0
2024-08-06 14:00:00+09:00,750.0,780.0,750.0,780.0,200,0.0,0.0
2024-08-07 09:00:00+09:00,741.0,745.0,741.0,745.0,600,0.0,0.0
2024-08-07 10:00:00+09:00,769.0,774.0,769.0,774.0,300,0.0,0.0
2024-08-07 11:00:00+09:00,782.0,782.0,782.0,782.0,0,0.0,0.0
2024-08-07 12:00:00+09:00,797.0,797.0,797.0,797.0,1100,0.0,0.0
2024-08-07 13:00:00+09:00,782.0,782.0,782.0,782.0,100,0.0,0.0
2024-08-08 09:00:00+09:00,770.0,770.0,770.0,770.0,100,0.0,0.0
2024-08-08 11:00:00+09:00,770.0,770.0,770.0,770.0,0,0.0,0.0
2024-08-08 12:00:00+09:00,770.0,770.0,770.0,770.0,200,0.0,0.0
2024-08-09 09:00:00+09:00,800.0,800.0,800.0,800.0,100,0.0,0.0
2024-08-09 10:00:00+09:00,811.0,828.0,811.0,814.0,600,0.0,0.0
2024-08-09 11:00:00+09:00,814.0,814.0,814.0,814.0,0,0.0,0.0
2024-08-09 12:00:00+09:00,808.0,808.0,808.0,808.0,1000,0.0,0.0
2024-08-13 09:00:00+09:00,793.0,793.0,761.0,775.0,1900,0.0,0.0
2024-08-13 10:00:00+09:00,760.0,780.0,760.0,779.0,400,0.0,0.0
2024-08-13 11:00:00+09:00,780.0,780.0,780.0,780.0,0,0.0,0.0
2024-08-13 12:00:00+09:00,780.0,795.0,780.0,795.0,2900,0.0,0.0
2024-08-13 14:00:00+09:00,793.0,806.0,793.0,806.0,1000,0.0,0.0
2024-08-14 11:00:00+09:00,784.0,784.0,784.0,784.0,100,0.0,0.0
2024-08-14 12:00:00+09:00,784.0,784.0,784.0,784.0,500,0.0,0.0
2024-08-14 14:00:00+09:00,785.0,785.0,755.0,782.0,4800,0.0,0.0
2024-08-15 09:00:00+09:00,782.0,784.0,782.0,784.0,600,0.0,0.0
2024-08-15 11:00:00+09:00,794.0,795.0,794.0,795.0,0,0.0,0.0
2024-08-15 12:00:00+09:00,805.0,815.0,805.0,815.0,1700,0.0,0.0
2024-08-15 14:00:00+09:00,812.0,812.0,812.0,812.0,100,0.0,0.0
2024-08-16 09:00:00+09:00,809.0,809.0,809.0,809.0,2600,0.0,0.0
2024-08-16 10:00:00+09:00,800.0,800.0,800.0,800.0,200,0.0,0.0
2024-08-16 11:00:00+09:00,800.0,800.0,800.0,800.0,0,0.0,0.0
2024-08-16 12:00:00+09:00,806.0,807.0,806.0,807.0,3000,0.0,0.0
2024-08-16 13:00:00+09:00,804.0,804.0,802.0,802.0,400,0.0,0.0
2024-08-16 14:00:00+09:00,803.0,804.0,802.0,802.0,1100,0.0,0.0
2024-08-19 09:00:00+09:00,797.0,797.0,792.0,792.0,500,0.0,0.0
2024-08-19 10:00:00+09:00,792.0,792.0,792.0,792.0,100,0.0,0.0
2024-08-19 11:00:00+09:00,792.0,792.0,792.0,792.0,0,0.0,0.0
2024-08-19 12:00:00+09:00,793.0,793.0,793.0,793.0,700,0.0,0.0
2024-08-19 13:00:00+09:00,796.0,796.0,795.0,795.0,200,0.0,0.0
2024-08-20 09:00:00+09:00,798.0,798.0,785.0,785.0,1200,0.0,0.0
2024-08-20 11:00:00+09:00,789.0,789.0,789.0,789.0,0,0.0,0.0
2024-08-20 12:00:00+09:00,793.0,793.0,793.0,793.0,1400,0.0,0.0
2024-08-20 13:00:00+09:00,790.0,790.0,790.0,790.0,100,0.0,0.0
2024-08-20 14:00:00+09:00,790.0,796.0,787.0,796.0,1100,0.0,0.0
2024-08-21 09:00:00+09:00,793.0,793.0,793.0,793.0,300,0.0,0.0
2024-08-21 10:00:00+09:00,793.0,793.0,793.0,793.0,200,0.0,0.0
2024-08-21 11:00:00+09:00,793.0,793.0,793.0,793.0,0,0.0,0.0
2024-08-22 09:00:00+09:00,796.0,800.0,796.0,800.0,200,0.0,0.0
2024-08-22 11:00:00+09:00,800.0,800.0,800.0,800.0,0,0.0,0.0
2024-08-22 12:00:00+09:00,800.0,800.0,800.0,800.0,400,0.0,0.0
2024-08-22 14:00:00+09:00,800.0,803.0,800.0,803.0,600,0.0,0.0
2024-08-23 09:00:00+09:00,814.0,814.0,795.0,795.0,2600,0.0,0.0
2024-08-23 10:00:00+09:00,798.0,798.0,798.0,798.0,100,0.0,0.0
2024-08-23 11:00:00+09:00,798.0,798.0,798.0,798.0,0,0.0,0.0
2024-08-23 13:00:00+09:00,803.0,810.0,803.0,810.0,2900,0.0,0.0
2024-08-23 14:00:00+09:00,801.0,801.0,801.0,801.0,400,0.0,0.0
2024-08-26 09:00:00+09:00,812.0,820.0,812.0,817.0,2600,0.0,0.0
2024-08-26 10:00:00+09:00,816.0,820.0,815.0,820.0,600,0.0,0.0
2024-08-26 11:00:00+09:00,821.0,839.0,821.0,839.0,0,0.0,0.0
2024-08-26 14:00:00+09:00,838.0,838.0,837.0,837.0,6200,0.0,0.0
2024-08-27 09:00:00+09:00,848.0,849.0,838.0,849.0,1700,0.0,0.0
2024-08-27 10:00:00+09:00,843.0,843.0,837.0,837.0,1300,0.0,0.0
2024-08-27 11:00:00+09:00,837.0,837.0,837.0,837.0,0,0.0,0.0
2024-08-27 12:00:00+09:00,837.0,837.0,837.0,837.0,3100,0.0,0.0
2024-08-27 13:00:00+09:00,840.0,842.0,840.0,842.0,300,0.0,0.0
2024-08-27 14:00:00+09:00,844.0,852.0,844.0,849.0,2100,0.0,0.0
2024-08-28 09:00:00+09:00,878.0,890.0,867.0,888.0,8500,0.0,0.0
2024-08-28 10:00:00+09:00,881.0,887.0,872.0,887.0,900,0.0,0.0
2024-08-28 11:00:00+09:00,888.0,890.0,875.0,875.0,0,0.0,0.0
2024-08-28 12:00:00+09:00,887.0,887.0,875.0,885.0,10900,0.0,0.0
2024-08-28 13:00:00+09:00,883.0,884.0,881.0,884.0,500,0.0,0.0
2024-08-28 14:00:00+09:00,885.0,887.0,875.0,879.0,3000,0.0,0.0
2024-08-29 09:00:00+09:00,876.0,876.0,851.0,857.0,4700,0.0,0.0
2024-08-29 10:00:00+09:00,866.0,874.0,864.0,874.0,400,0.0,0.0
2024-08-29 11:00:00+09:00,875.0,876.0,869.0,876.0,0,0.0,0.0
2024-08-29 12:00:00+09:00,868.0,874.0,868.0,872.0,7100,0.0,0.0
2024-08-29 14:00:00+09:00,868.0,868.0,844.0,849.0,5500,0.0,0.0
2024-08-30 09:00:00+09:00,845.0,845.0,844.0,844.0,900,0.0,0.0
2024-08-30 10:00:00+09:00,844.0,844.0,841.0,844.0,1300,0.0,0.0
2024-08-30 11:00:00+09:00,844.0,844.0,844.0,844.0,0,0.0,0.0
2024-08-30 12:00:00+09:00,836.0,840.0,833.0,840.0,3300,0.0,0.0
2024-08-30 13:00:00+09:00,840.0,840.0,830.0,835.0,900,0.0,0.0
2024-08-30 14:00:00+09:00,834.0,835.0,834.0,835.0,200,0.0,0.0
2024-09-02 09:00:00+09:00,836.0,836.0,828.0,828.0,1200,0.0,0.0
2024-09-02 10:00:00+09:00,827.0,827.0,811.0,816.0,2200,0.0,0.0
2024-09-02 11:00:00+09:00,816.0,816.0,816.0,816.0,0,0.0,0.0
2024-09-02 12:00:00+09:00,813.0,816.0,813.0,816.0,3600,0.0,0.0
2024-09-02 14:00:00+09:00,819.0,831.0,819.0,830.0,900,0.0,0.0
2024-09-03 09:00:00+09:00,831.0,831.0,831.0,831.0,100,0.0,0.0
2024-09-03 11:00:00+09:00,824.0,824.0,824.0,824.0,0,0.0,0.0
2024-09-03 12:00:00+09:00,822.0,822.0,822.0,822.0,400,0.0,0.0
2024-09-03 13:00:00+09:00,822.0,822.0,820.0,820.0,1700,0.0,0.0
2024-09-03 14:00:00+09:00,818.0,822.0,818.0,818.0,500,0.0,0.0
2024-09-04 09:00:00+09:00,812.0,812.0,780.0,780.0,2800,0.0,0.0
2024-09-04 11:00:00+09:00,795.0,795.0,795.0,795.0,0,0.0,0.0
2024-09-04 12:00:00+09:00,795.0,795.0,795.0,795.0,3000,0.0,0.0
2024-09-04 13:00:00+09:00,793.0,793.0,793.0,793.0,100,0.0,0.0
2024-09-04 14:00:00+09:00,791.0,791.0,788.0,788.0,500,0.0,0.0
2024-09-05 09:00:00+09:00,790.0,792.0,790.0,792.0,700,0.0,0.0
2024-09-05 11:00:00+09:00,792.0,792.0,792.0,792.0,0,0.0,0.0
2024-09-05 13:00:00+09:00,788.0,788.0,788.0,788.0,800,0.0,0.0
2024-09-05 14:00:00+09:00,788.0,788.0,788.0,788.0,100,0.0,0.0
2024-09-06 09:00:00+09:00,791.0,895.0,791.0,840.0,16300,0.0,0.0
2024-09-06 10:00:00+09:00,835.0,839.0,816.0,819.0,1600,0.0,0.0
2024-09-06 11:00:00+09:00,819.0,819.0,817.0,817.0,0,0.0,0.0
2024-09-06 12:00:00+09:00,816.0,816.0,812.0,812.0,18900,0.0,0.0
2024-09-06 13:00:00+09:00,820.0,823.0,812.0,812.0,900,0.0,0.0
2024-09-06 14:00:00+09:00,812.0,812.0,807.0,807.0,1300,0.0,0.0
2024-09-09 09:00:00+09:00,760.0,775.0,760.0,774.0,5900,0.0,0.0
2024-09-09 10:00:00+09:00,772.0,782.0,770.0,782.0,1000,0.0,0.0
2024-09-09 11:00:00+09:00,777.0,777.0,777.0,777.0,0,0.0,0.0
2024-09-09 12:00:00+09:00,777.0,781.0,777.0,781.0,7200,0.0,0.0
2024-09-09 13:00:00+09:00,781.0,789.0,781.0,789.0,900,0.0,0.0
2024-09-09 14:00:00+09:00,788.0,788.0,788.0,788.0,100,0.0,0.0
2024-09-10 09:00:00+09:00,786.0,788.0,782.0,782.0,500,0.0,0.0
2024-09-10 10:00:00+09:00,788.0,788.0,788.0,788.0,100,0.0,0.0
2024-09-10 11:00:00+09:00,784.0,784.0,784.0,784.0,0,0.0,0.0
2024-09-10 12:00:00+09:00,790.0,790.0,790.0,790.0,800,0.0,0.0
2024-09-11 09:00:00+09:00,789.0,789.0,789.0,789.0,500,0.0,0.0
2024-09-11 10:00:00+09:00,786.0,786.0,786.0,786.0,0,0.0,0.0
2024-09-11 11:00:00+09:00,786.0,786.0,786.0,786.0,0,0.0,0.0
2024-09-11 12:00:00+09:00,783.0,783.0,783.0,783.0,700,0.0,0.0
2024-09-11 13:00:00+09:00,781.0,787.0,779.0,787.0,800,0.0,0.0
2024-09-11 14:00:00+09:00,787.0,787.0,787.0,787.0,100,0.0,0.0
2024-09-12 09:00:00+09:00,817.0,817.0,807.0,810.0,2100,0.0,0.0
2024-09-12 10:00:00+09:00,807.0,807.0,807.0,807.0,100,0.0,0.0
2024-09-12 11:00:00+09:00,807.0,807.0,807.0,807.0,0,0.0,0.0
2024-09-12 14:00:00+09:00,809.0,809.0,809.0,809.0,2300,0.0,0.0
2024-09-13 10:00:00+09:00,806.0,806.0,806.0,806.0,100,0.0,0.0
2024-09-13 11:00:00+09:00,806.0,806.0,806.0,806.0,0,0.0,0.0
2024-09-13 13:00:00+09:00,813.0,813.0,813.0,813.0,400,0.0,0.0
2024-09-17 09:00:00+09:00,798.0,811.0,798.0,811.0,300,0.0,0.0
2024-09-17 11:00:00+09:00,811.0,811.0,811.0,811.0,0,0.0,0.0
2024-09-17 12:00:00+09:00,787.0,795.0,778.0,786.0,6600,0.0,0.0
2024-09-17 13:00:00+09:00,780.0,786.0,779.0,779.0,400,0.0,0.0
2024-09-17 14:00:00+09:00,779.0,781.0,779.0,781.0,400,0.0,0.0
2024-09-18 09:00:00+09:00,783.0,783.0,783.0,783.0,500,0.0,0.0
2024-09-18 10:00:00+09:00,782.0,782.0,781.0,781.0,300,0.0,0.0
2024-09-18 11:00:00+09:00,781.0,781.0,777.0,777.0,0,0.0,0.0
2024-09-18 12:00:00+09:00,780.0,780.0,780.0,780.0,1300,0.0,0.0
2024-09-19 09:00:00+09:00,782.0,782.0,782.0,782.0,300,0.0,0.0
2024-09-19 11:00:00+09:00,782.0,782.0,782.0,782.0,0,0.0,0.0
2024-09-19 13:00:00+09:00,781.0,781.0,780.0,781.0,700,0.0,0.0
2024-09-19 14:00:00+09:00,781.0,781.0,781.0,781.0,100,0.0,0.0
2024-09-20 09:00:00+09:00,779.0,785.0,779.0,782.0,1200,0.0,0.0
2024-09-20 10:00:00+09:00,782.0,783.0,782.0,783.0,200,0.0,0.0
2024-09-20 11:00:00+09:00,782.0,782.0,779.0,779.0,0,0.0,0.0
2024-09-20 13:00:00+09:00,780.0,780.0,780.0,780.0,2100,0.0,0.0
2024-09-20 14:00:00+09:00,779.0,779.0,777.0,778.0,5700,0.0,0.0
2024-09-24 09:00:00+09:00,781.0,783.0,781.0,783.0,400,0.0,0.0
2024-09-24 11:00:00+09:00,783.0,783.0,783.0,783.0,0,0.0,0.0
2024-09-24 12:00:00+09:00,779.0,779.0,779.0,779.0,500,0.0,0.0
2024-09-24 14:00:00+09:00,779.0,780.0,779.0,780.0,200,0.0,0.0
2024-09-25 09:00:00+09:00,782.0,783.0,782.0,783.0,200,0.0,0.0
2024-09-25 11:00:00+09:00,783.0,783.0,782.0,782.0,0,0.0,0.0
2024-09-25 12:00:00+09:00,782.0,782.0,782.0,782.0,1300,0.0,0.0
2024-09-25 13:00:00+09:00,782.0,782.0,782.0,782.0,800,0.0,0.0
2024-09-25 14:00:00+09:00,783.0,783.0,782.0,782.0,400,0.0,0.0
2024-09-26 09:00:00+09:00,783.0,783.0,783.0,783.0,100,0.0,0.0
2024-09-26 10:00:00+09:00,783.0,783.0,783.0,783.0,100,0.0,0.0
2024-09-26 11:00:00+09:00,783.0,783.0,783.0,783.0,0,0.0,0.0
2024-09-26 12:00:00+09:00,784.0,784.0,784.0,784.0,500,0.0,0.0
2024-09-26 13:00:00+09:00,784.0,784.0,784.0,784.0,100,0.0,0.0
2024-09-26 14:00:00+09:00,785.0,785.0,785.0,785.0,100,0.0,0.0
2024-09-27 09:00:00+09:00,784.0,784.0,784.0,784.0,200,0.0,0.0
2024-09-27 10:00:00+09:00,785.0,785.0,785.0,785.0,100,0.0,0.0
2024-09-27 11:00:00+09:00,785.0,785.0,785.0,785.0,0,0.0,0.0
2024-09-27 12:00:00+09:00,787.0,787.0,787.0,787.0,400,0.0,0.0
2024-09-30 09:00:00+09:00,780.0,780.0,777.0,777.0,600,0.0,0.0
2024-09-30 10:00:00+09:00,780.0,780.0,780.0,780.0,0,0.0,0.0
2024-09-30 11:00:00+09:00,780.0,780.0,780.0,780.0,0,0.0,0.0
2024-09-30 12:00:00+09:00,780.0,780.0,780.0,780.0,2000,0.0,0.0
2024-09-30 13:00:00+09:00,785.0,785.0,785.0,785.0,100,0.0,0.0
2024-10-01 09:00:00+09:00,780.0,782.0,780.0,780.0,700,0.0,0.0
2024-10-01 10:00:00+09:00,784.0,784.0,784.0,784.0,100,0.0,0.0
2024-10-01 11:00:00+09:00,784.0,784.0,784.0,784.0,0,0.0,0.0
2024-10-02 09:00:00+09:00,784.0,784.0,781.0,781.0,1800,0.0,0.0
2024-10-02 11:00:00+09:00,781.0,781.0,781.0,781.0,0,0.0,0.0
2024-10-02 13:00:00+09:00,781.0,781.0,781.0,781.0,0,0.0,0.0
2024-10-03 09:00:00+09:00,785.0,785.0,785.0,785.0,100,0.0,0.0
2024-10-03 10:00:00+09:00,786.0,786.0,786.0,786.0,100,0.0,0.0
2024-10-03 11:00:00+09:00,786.0,786.0,786.0,786.0,0,0.0,0.0
2024-10-03 12:00:00+09:00,789.0,790.0,789.0,790.0,700,0.0,0.0
2024-10-03 13:00:00+09:00,790.0,790.0,789.0,789.0,400,0.0,0.0
2024-10-03 14:00:00+09:00,789.0,789.0,789.0,789.0,100,0.0,0.0
2024-10-04 09:00:00+09:00,788.0,788.0,787.0,787.0,200,0.0,0.0
2024-10-04 10:00:00+09:00,788.0,790.0,788.0,789.0,300,0.0,0.0
2024-10-04 11:00:00+09:00,790.0,790.0,790.0,790.0,0,0.0,0.0
2024-10-04 12:00:00+09:00,791.0,791.0,791.0,791.0,800,0.0,0.0
2024-10-04 13:00:00+09:00,789.0,789.0,788.0,788.0,300,0.0,0.0
2024-10-04 14:00:00+09:00,789.0,789.0,789.0,789.0,100,0.0,0.0
2024-10-07 09:00:00+09:00,795.0,795.0,785.0,785.0,900,0.0,0.0
2024-10-07 10:00:00+09:00,789.0,789.0,789.0,789.0,100,0.0,0.0
2024-10-07 11:00:00+09:00,790.0,790.0,790.0,790.0,0,0.0,0.0
2024-10-07 13:00:00+09:00,789.0,789.0,789.0,789.0,1300,0.0,0.0
2024-10-07 14:00:00+09:00,792.0,792.0,791.0,791.0,200,0.0,0.0
2024-10-08 09:00:00+09:00,805.0,805.0,800.0,800.0,900,0.0,0.0
2024-10-08 11:00:00+09:00,800.0,800.0,800.0,800.0,0,0.0,0.0
2024-10-09 09:00:00+09:00,799.0,799.0,799.0,799.0,200,0.0,0.0
2024-10-09 11:00:00+09:00,799.0,799.0,799.0,799.0,0,0.0,0.0
2024-10-09 12:00:00+09:00,799.0,799.0,799.0,799.0,300,0.0,0.0
2024-10-10 09:00:00+09:00,791.0,800.0,791.0,800.0,700,0.0,0.0
2024-10-10 11:00:00+09:00,800.0,800.0,800.0,800.0,0,0.0,0.0
2024-10-11 12:00:00+09:00,792.0,792.0,792.0,792.0,200,0.0,0.0
2024-10-15 10:00:00+09:00,785.0,785.0,785.0,785.0,200,0.0,0.0
2024-10-15 11:00:00+09:00,785.0,785.0,785.0,785.0,0,0.0,0.0
2024-10-15 12:00:00+09:00,793.0,793.0,793.0,793.0,3600,0.0,0.0
2024-10-16 09:00:00+09:00,788.0,788.0,788.0,788.0,100,0.0,0.0
2024-10-16 11:00:00+09:00,786.0,786.0,786.0,786.0,0,0.0,0.0
2024-10-16 13:00:00+09:00,785.0,785.0,785.0,785.0,0,0.0,0.0
2024-10-16 14:00:00+09:00,785.0,785.0,785.0,785.0,700,0.0,0.0
2024-10-17 09:00:00+09:00,786.0,786.0,786.0,786.0,100,0.0,0.0
2024-10-17 10:00:00+09:00,786.0,786.0,786.0,786.0,100,0.0,0.0
2024-10-17 11:00:00+09:00,786.0,786.0,786.0,786.0,0,0.0,0.0
2024-10-17 14:00:00+09:00,789.0,789.0,786.0,786.0,400,0.0,0.0
2024-10-18 12:00:00+09:00,786.0,786.0,786.0,786.0,200,0.0,0.0
2024-10-18 13:00:00+09:00,788.0,789.0,788.0,789.0,200,0.0,0.0
2024-10-18 14:00:00+09:00,785.0,789.0,785.0,789.0,600,0.0,0.0
2024-10-21 09:00:00+09:00,791.0,791.0,790.0,790.0,300,0.0,0.0
2024-10-21 10:00:00+09:00,789.0,789.0,789.0,789.0,200,0.0,0.0
2024-10-21 11:00:00+09:00,789.0,789.0,789.0,789.0,0,0.0,0.0
2024-10-21 14:00:00+09:00,789.0,789.0,789.0,789.0,600,0.0,0.0
2024-10-22 09:00:00+09:00,789.0,789.0,789.0,789.0,100,0.0,0.0
2024-10-22 10:00:00+09:00,786.0,786.0,780.0,780.0,2000,0.0,0.0
2024-10-22 11:00:00+09:00,783.0,783.0,783.0,783.0,0,0.0,0.0
2024-10-22 14:00:00+09:00,781.0,781.0,780.0,780.0,2400,0.0,0.0
2024-10-23 09:00:00+09:00,781.0,785.0,780.0,785.0,800,0.0,0.0
2024-10-23 11:00:00+09:00,785.0,785.0,785.0,785.0,0,0.0,0.0
2024-10-23 12:00:00+09:00,785.0,785.0,785.0,785.0,900,0.0,0.0
2024-10-23 13:00:00+09:00,782.0,782.0,779.0,780.0,1000,0.0,0.0
2024-10-23 14:00:00+09:00,778.0,778.0,775.0,775.0,700,0.0,0.0
2024-10-24 09:00:00+09:00,774.0,774.0,771.0,774.0,700,0.0,0.0
2024-10-24 11:00:00+09:00,774.0,774.0,774.0,774.0,0,0.0,0.0
2024-10-24 13:00:00+09:00,770.0,770.0,770.0,770.0,900,0.0,0.0
2024-10-24 14:00:00+09:00,770.0,770.0,769.0,769.0,500,0.0,0.0
2024-10-25 09:00:00+09:00,772.0,773.0,772.0,772.0,800,0.0,0.0
2024-10-25 10:00:00+09:00,772.0,772.0,772.0,772.0,100,0.0,0.0
2024-10-25 11:00:00+09:00,772.0,772.0,772.0,772.0,0,0.0,0.0
2024-10-25 12:00:00+09:00,772.0,772.0,762.0,762.0,3100,0.0,0.0
2024-10-25 14:00:00+09:00,769.0,769.0,769.0,769.0,100,0.0,0.0
