Datetime,Open,High,Low,Close,Volume,Dividends,Stock Splits
2022-10-27 09:00:00+09:00,1582.0,1608.0,1562.0,1566.0,75600,0.0,0.0
2022-10-27 10:00:00+09:00,1571.0,1621.0,1571.0,1617.0,28000,0.0,0.0
2022-10-27 11:00:00+09:00,1617.0,1625.0,1608.0,1610.0,0,0.0,0.0
2022-10-27 12:00:00+09:00,1610.0,1619.0,1608.0,1617.0,122800,0.0,0.0
2022-10-27 13:00:00+09:00,1616.0,1626.0,1616.0,1619.0,13600,0.0,0.0
2022-10-27 14:00:00+09:00,1618.0,1620.0,1593.0,1599.0,37300,0.0,0.0
2022-10-28 09:00:00+09:00,1597.0,1643.0,1590.0,1625.0,73400,0.0,0.0
2022-10-28 10:00:00+09:00,1625.0,1636.0,1623.0,1633.0,12800,0.0,0.0
2022-10-28 11:00:00+09:00,1633.0,1639.0,1629.0,1638.0,0,0.0,0.0
2022-10-28 12:00:00+09:00,1638.0,1638.0,1626.0,1636.0,103300,0.0,0.0
2022-10-28 13:00:00+09:00,1635.0,1637.0,1610.0,1613.0,17100,0.0,0.0
2022-10-28 14:00:00+09:00,1612.0,1613.0,1590.0,1602.0,49200,0.0,0.0
2022-10-31 09:00:00+09:00,1644.0,1679.0,1627.0,1654.0,80200,0.0,0.0
2022-10-31 10:00:00+09:00,1650.0,1656.0,1640.0,1651.0,25200,0.0,0.0
2022-10-31 11:00:00+09:00,1653.0,1655.0,1648.0,1648.0,0,0.0,0.0
2022-10-31 12:00:00+09:00,1648.0,1649.0,1644.0,1647.0,115700,0.0,0.0
2022-10-31 13:00:00+09:00,1649.0,1663.0,1648.0,1658.0,19900,0.0,0.0
2022-10-31 14:00:00+09:00,1659.0,1670.0,1654.0,1668.0,17700,0.0,0.0
2022-11-01 09:00:00+09:00,1669.0,1698.0,1643.0,1695.0,68600,0.0,0.0
2022-11-01 10:00:00+09:00,1697.0,1712.0,1692.0,1706.0,33000,0.0,0.0
2022-11-01 11:00:00+09:00,1709.0,1715.0,1706.0,1715.0,0,0.0,0.0
2022-11-01 12:00:00+09:00,1709.0,1716.0,1706.0,1715.0,125700,0.0,0.0
2022-11-01 13:00:00+09:00,1715.0,1718.0,1704.0,1711.0,20600,0.0,0.0
2022-11-01 14:00:00+09:00,1711.0,1717.0,1709.0,1715.0,27400,0.0,0.0
2022-11-02 09:00:00+09:00,1716.0,1725.0,1693.0,1722.0,30300,0.0,0.0
2022-11-02 10:00:00+09:00,1718.0,1729.0,1713.0,1718.0,13000,0.0,0.0
2022-11-02 11:00:00+09:00,1716.0,1717.0,1709.0,1715.0,0,0.0,0.0
2022-11-02 12:00:00+09:00,1715.0,1715.0,1705.0,1710.0,53600,0.0,0.0
2022-11-02 13:00:00+09:00,1707.0,1707.0,1692.0,1692.0,10000,0.0,0.0
2022-11-02 14:00:00+09:00,1693.0,1696.0,1690.0,1694.0,13100,0.0,0.0
2022-11-04 09:00:00+09:00,1656.0,1747.0,1656.0,1745.0,62200,0.0,0.0
2022-11-04 10:00:00+09:00,1741.0,1763.0,1737.0,1752.0,42600,0.0,0.0
2022-11-04 11:00:00+09:00,1753.0,1760.0,1745.0,1758.0,0,0.0,0.0
2022-11-04 12:00:00+09:00,1758.0,1761.0,1753.0,1758.0,143800,0.0,0.0
2022-11-04 13:00:00+09:00,1758.0,1761.0,1748.0,1757.0,28600,0.0,0.0
2022-11-04 14:00:00+09:00,1759.0,1767.0,1750.0,1751.0,51000,0.0,0.0
2022-11-07 09:00:00+09:00,1792.0,1795.0,1733.0,1749.0,89100,0.0,0.0
2022-11-07 10:00:00+09:00,1747.0,1753.0,1731.0,1731.0,23600,0.0,0.0
2022-11-07 11:00:00+09:00,1733.0,1755.0,1728.0,1750.0,0,0.0,0.0
2022-11-07 12:00:00+09:00,1750.0,1754.0,1741.0,1747.0,143500,0.0,0.0
2022-11-07 13:00:00+09:00,1748.0,1760.0,1743.0,1758.0,18700,0.0,0.0
2022-11-07 14:00:00+09:00,1756.0,1764.0,1742.0,1761.0,35200,0.0,0.0
2022-11-08 09:00:00+09:00,1761.0,1761.0,1695.0,1727.0,87400,0.0,0.0
2022-11-08 10:00:00+09:00,1727.0,1748.0,1726.0,1748.0,37200,0.0,0.0
2022-11-08 11:00:00+09:00,1748.0,1751.0,1740.0,1747.0,0,0.0,0.0
2022-11-08 12:00:00+09:00,1750.0,1774.0,1750.0,1771.0,212500,0.0,0.0
2022-11-08 13:00:00+09:00,1772.0,1777.0,1765.0,1773.0,44900,0.0,0.0
2022-11-08 14:00:00+09:00,1772.0,1785.0,1768.0,1776.0,56700,0.0,0.0
2022-11-09 09:00:00+09:00,1635.0,1635.0,1570.0,1596.0,296100,0.0,0.0
2022-11-09 10:00:00+09:00,1596.0,1600.0,1583.0,1587.0,98400,0.0,0.0
2022-11-09 11:00:00+09:00,1586.0,1586.0,1563.0,1568.0,0,0.0,0.0
2022-11-09 12:00:00+09:00,1575.0,1575.0,1537.0,1537.0,602700,0.0,0.0
2022-11-09 13:00:00+09:00,1537.0,1542.0,1505.0,1512.0,178000,0.0,0.0
2022-11-09 14:00:00+09:00,1512.0,1512.0,1483.0,1502.0,229300,0.0,0.0
2022-11-10 09:00:00+09:00,1525.0,1607.0,1506.0,1601.0,264700,0.0,0.0
2022-11-10 10:00:00+09:00,1598.0,1598.0,1551.0,1582.0,91800,0.0,0.0
2022-11-10 11:00:00+09:00,1583.0,1595.0,1578.0,1582.0,0,0.0,0.0
2022-11-10 12:00:00+09:00,1588.0,1622.0,1588.0,1596.0,459100,0.0,0.0
2022-11-10 13:00:00+09:00,1596.0,1614.0,1590.0,1612.0,53800,0.0,0.0
2022-11-10 14:00:00+09:00,1612.0,1616.0,1597.0,1614.0,105200,0.0,0.0
2022-11-11 09:00:00+09:00,1620.0,1627.0,1485.0,1498.0,357800,0.0,0.0
2022-11-11 10:00:00+09:00,1497.0,1515.0,1495.0,1505.0,60900,0.0,0.0
2022-11-11 11:00:00+09:00,1506.0,1507.0,1499.0,1501.0,0,0.0,0.0
2022-11-11 12:00:00+09:00,1513.0,1513.0,1497.0,1501.0,558400,0.0,0.0
2022-11-11 13:00:00+09:00,1501.0,1521.0,1497.0,1513.0,30200,0.0,0.0
2022-11-11 14:00:00+09:00,1514.0,1540.0,1509.0,1529.0,93600,0.0,0.0
2022-11-14 09:00:00+09:00,1533.0,1534.0,1480.0,1484.0,143700,0.0,0.0
2022-11-14 10:00:00+09:00,1486.0,1491.0,1465.0,1481.0,76100,0.0,0.0
2022-11-14 11:00:00+09:00,1484.0,1503.0,1480.0,1491.0,0,0.0,0.0
2022-11-14 12:00:00+09:00,1490.0,1495.0,1482.0,1492.0,313500,0.0,0.0
2022-11-14 13:00:00+09:00,1492.0,1504.0,1484.0,1504.0,30900,0.0,0.0
2022-11-14 14:00:00+09:00,1504.0,1511.0,1488.0,1492.0,46500,0.0,0.0
2022-11-15 09:00:00+09:00,1487.0,1490.0,1465.0,1489.0,74800,0.0,0.0
2022-11-15 10:00:00+09:00,1488.0,1523.0,1488.0,1518.0,31000,0.0,0.0
2022-11-15 11:00:00+09:00,1520.0,1535.0,1519.0,1523.0,0,0.0,0.0
2022-11-15 12:00:00+09:00,1525.0,1525.0,1509.0,1521.0,145700,0.0,0.0
2022-11-15 13:00:00+09:00,1521.0,1521.0,1510.0,1517.0,16900,0.0,0.0
2022-11-15 14:00:00+09:00,1514.0,1515.0,1503.0,1506.0,26600,0.0,0.0
2022-11-16 09:00:00+09:00,1485.0,1513.0,1457.0,1467.0,64600,0.0,0.0
2022-11-16 10:00:00+09:00,1466.0,1485.0,1464.0,1485.0,18100,0.0,0.0
2022-11-16 11:00:00+09:00,1486.0,1495.0,1485.0,1495.0,0,0.0,0.0
2022-11-16 12:00:00+09:00,1494.0,1494.0,1486.0,1489.0,97100,0.0,0.0
2022-11-16 13:00:00+09:00,1489.0,1496.0,1485.0,1487.0,14500,0.0,0.0
2022-11-16 14:00:00+09:00,1486.0,1509.0,1485.0,1502.0,30500,0.0,0.0
2022-11-17 09:00:00+09:00,1499.0,1543.0,1484.0,1542.0,106200,0.0,0.0
2022-11-17 10:00:00+09:00,1544.0,1566.0,1543.0,1562.0,65700,0.0,0.0
2022-11-17 11:00:00+09:00,1563.0,1575.0,1562.0,1574.0,0,0.0,0.0
2022-11-17 12:00:00+09:00,1580.0,1589.0,1579.0,1581.0,232600,0.0,0.0
2022-11-17 13:00:00+09:00,1581.0,1587.0,1571.0,1574.0,26700,0.0,0.0
2022-11-17 14:00:00+09:00,1574.0,1592.0,1574.0,1587.0,65800,0.0,0.0
2022-11-18 09:00:00+09:00,1580.0,1610.0,1561.0,1596.0,95100,0.0,0.0
2022-11-18 10:00:00+09:00,1601.0,1613.0,1593.0,1594.0,51700,0.0,0.0
2022-11-18 11:00:00+09:00,1592.0,1608.0,1592.0,1605.0,0,0.0,0.0
2022-11-18 12:00:00+09:00,1601.0,1612.0,1599.0,1609.0,185200,0.0,0.0
2022-11-18 13:00:00+09:00,1610.0,1622.0,1596.0,1608.0,50100,0.0,0.0
2022-11-18 14:00:00+09:00,1608.0,1614.0,1603.0,1603.0,25500,0.0,0.0
2022-11-21 09:00:00+09:00,1620.0,1639.0,1590.0,1617.0,106800,0.0,0.0
2022-11-21 10:00:00+09:00,1615.0,1616.0,1601.0,1605.0,23700,0.0,0.0
2022-11-21 11:00:00+09:00,1604.0,1612.0,1603.0,1610.0,0,0.0,0.0
2022-11-21 12:00:00+09:00,1606.0,1606.0,1599.0,1601.0,144900,0.0,0.0
2022-11-21 13:00:00+09:00,1601.0,1604.0,1595.0,1600.0,12700,0.0,0.0
2022-11-21 14:00:00+09:00,1600.0,1603.0,1595.0,1596.0,31500,0.0,0.0
2022-11-22 09:00:00+09:00,1606.0,1624.0,1595.0,1597.0,13000,0.0,0.0
2022-11-22 10:00:00+09:00,1597.0,1615.0,1594.0,1613.0,21300,0.0,0.0
2022-11-22 11:00:00+09:00,1613.0,1622.0,1611.0,1620.0,0,0.0,0.0
2022-11-22 12:00:00+09:00,1616.0,1623.0,1611.0,1614.0,59300,0.0,0.0
2022-11-22 13:00:00+09:00,1615.0,1620.0,1613.0,1617.0,8400,0.0,0.0
2022-11-22 14:00:00+09:00,1618.0,1619.0,1610.0,1612.0,15000,0.0,0.0
2022-11-24 09:00:00+09:00,1600.0,1609.0,1560.0,1585.0,56100,0.0,0.0
2022-11-24 10:00:00+09:00,1585.0,1587.0,1573.0,1583.0,26100,0.0,0.0
2022-11-24 11:00:00+09:00,1582.0,1589.0,1570.0,1586.0,0,0.0,0.0
2022-11-24 12:00:00+09:00,1589.0,1608.0,1588.0,1608.0,126700,0.0,0.0
2022-11-24 13:00:00+09:00,1608.0,1632.0,1607.0,1619.0,46100,0.0,0.0
2022-11-24 14:00:00+09:00,1619.0,1630.0,1618.0,1626.0,42900,0.0,0.0
2022-11-25 09:00:00+09:00,1625.0,1649.0,1613.0,1634.0,57300,0.0,0.0
2022-11-25 10:00:00+09:00,1633.0,1653.0,1620.0,1653.0,53300,0.0,0.0
2022-11-25 11:00:00+09:00,1654.0,1659.0,1649.0,1651.0,0,0.0,0.0
2022-11-25 12:00:00+09:00,1651.0,1676.0,1651.0,1673.0,183700,0.0,0.0
2022-11-25 13:00:00+09:00,1671.0,1671.0,1658.0,1665.0,29600,0.0,0.0
2022-11-25 14:00:00+09:00,1662.0,1669.0,1642.0,1642.0,37000,0.0,0.0
2022-11-28 09:00:00+09:00,1662.0,1663.0,1642.0,1649.0,17000,0.0,0.0
2022-11-28 10:00:00+09:00,1652.0,1652.0,1637.0,1640.0,8200,0.0,0.0
2022-11-28 11:00:00+09:00,1640.0,1641.0,1640.0,1641.0,0,0.0,0.0
2022-11-28 12:00:00+09:00,1651.0,1651.0,1641.0,1651.0,36800,0.0,0.0
2022-11-28 13:00:00+09:00,1649.0,1649.0,1634.0,1636.0,15100,0.0,0.0
2022-11-28 14:00:00+09:00,1637.0,1637.0,1623.0,1623.0,11800,0.0,0.0
2022-11-29 09:00:00+09:00,1613.0,1613.0,1580.0,1590.0,21800,0.0,0.0
2022-11-29 10:00:00+09:00,1588.0,1599.0,1562.0,1566.0,35200,0.0,0.0
2022-11-29 11:00:00+09:00,1565.0,1570.0,1552.0,1559.0,0,0.0,0.0
2022-11-29 12:00:00+09:00,1555.0,1561.0,1550.0,1554.0,110400,0.0,0.0
2022-11-29 13:00:00+09:00,1552.0,1560.0,1546.0,1549.0,22700,0.0,0.0
2022-11-29 14:00:00+09:00,1551.0,1560.0,1547.0,1548.0,33300,0.0,0.0
2022-11-30 09:00:00+09:00,1570.0,1594.0,1562.0,1586.0,27800,0.0,0.0
2022-11-30 10:00:00+09:00,1585.0,1587.0,1561.0,1573.0,22700,0.0,0.0
2022-11-30 11:00:00+09:00,1575.0,1587.0,1575.0,1587.0,0,0.0,0.0
2022-11-30 12:00:00+09:00,1588.0,1598.0,1584.0,1594.0,76000,0.0,0.0
2022-11-30 13:00:00+09:00,1598.0,1604.0,1592.0,1596.0,16800,0.0,0.0
2022-11-30 14:00:00+09:00,1597.0,1610.0,1595.0,1610.0,25500,0.0,0.0
2022-12-01 09:00:00+09:00,1620.0,1633.0,1601.0,1624.0,28800,0.0,0.0
2022-12-01 10:00:00+09:00,1623.0,1626.0,1612.0,1617.0,15600,0.0,0.0
2022-12-01 11:00:00+09:00,1615.0,1618.0,1602.0,1602.0,0,0.0,0.0
2022-12-01 12:00:00+09:00,1602.0,1603.0,1592.0,1593.0,58500,0.0,0.0
2022-12-01 13:00:00+09:00,1591.0,1595.0,1582.0,1582.0,14700,0.0,0.0
2022-12-01 14:00:00+09:00,1582.0,1595.0,1574.0,1594.0,22800,0.0,0.0
2022-12-02 09:00:00+09:00,1571.0,1571.0,1532.0,1542.0,42700,0.0,0.0
2022-12-02 10:00:00+09:00,1545.0,1556.0,1541.0,1549.0,15900,0.0,0.0
2022-12-02 11:00:00+09:00,1546.0,1548.0,1544.0,1545.0,0,0.0,0.0
2022-12-02 12:00:00+09:00,1544.0,1550.0,1544.0,1548.0,77100,0.0,0.0
2022-12-02 13:00:00+09:00,1547.0,1547.0,1536.0,1538.0,20300,0.0,0.0
2022-12-02 14:00:00+09:00,1538.0,1538.0,1527.0,1529.0,53800,0.0,0.0
2022-12-05 09:00:00+09:00,1552.0,1552.0,1516.0,1545.0,19700,0.0,0.0
2022-12-05 10:00:00+09:00,1541.0,1549.0,1541.0,1545.0,10100,0.0,0.0
2022-12-05 11:00:00+09:00,1547.0,1552.0,1540.0,1540.0,0,0.0,0.0
2022-12-05 12:00:00+09:00,1544.0,1549.0,1542.0,1545.0,44000,0.0,0.0
2022-12-05 13:00:00+09:00,1546.0,1548.0,1542.0,1547.0,3600,0.0,0.0
2022-12-05 14:00:00+09:00,1547.0,1552.0,1542.0,1549.0,10300,0.0,0.0
2022-12-06 09:00:00+09:00,1535.0,1539.0,1501.0,1512.0,26800,0.0,0.0
2022-12-06 10:00:00+09:00,1509.0,1511.0,1503.0,1506.0,11700,0.0,0.0
2022-12-06 11:00:00+09:00,1506.0,1506.0,1503.0,1504.0,0,0.0,0.0
2022-12-06 12:00:00+09:00,1503.0,1508.0,1494.0,1496.0,76300,0.0,0.0
2022-12-06 13:00:00+09:00,1495.0,1499.0,1485.0,1499.0,31200,0.0,0.0
2022-12-06 14:00:00+09:00,1499.0,1511.0,1498.0,1511.0,24300,0.0,0.0
2022-12-07 09:00:00+09:00,1480.0,1503.0,1480.0,1498.0,67600,0.0,0.0
2022-12-07 10:00:00+09:00,1495.0,1511.0,1493.0,1511.0,20200,0.0,0.0
2022-12-07 11:00:00+09:00,1511.0,1521.0,1511.0,1521.0,0,0.0,0.0
2022-12-07 12:00:00+09:00,1522.0,1525.0,1513.0,1525.0,102100,0.0,0.0
2022-12-07 13:00:00+09:00,1527.0,1540.0,1527.0,1536.0,28800,0.0,0.0
2022-12-07 14:00:00+09:00,1537.0,1537.0,1518.0,1522.0,31600,0.0,0.0
2022-12-08 09:00:00+09:00,1521.0,1521.0,1471.0,1472.0,42400,0.0,0.0
2022-12-08 10:00:00+09:00,1472.0,1481.0,1464.0,1471.0,28300,0.0,0.0
2022-12-08 11:00:00+09:00,1475.0,1476.0,1472.0,1472.0,0,0.0,0.0
2022-12-08 12:00:00+09:00,1475.0,1491.0,1475.0,1486.0,129200,0.0,0.0
2022-12-08 13:00:00+09:00,1486.0,1487.0,1482.0,1484.0,6300,0.0,0.0
2022-12-08 14:00:00+09:00,1483.0,1488.0,1473.0,1486.0,29900,0.0,0.0
2022-12-09 09:00:00+09:00,1478.0,1518.0,1478.0,1515.0,18500,0.0,0.0
2022-12-09 10:00:00+09:00,1515.0,1526.0,1515.0,1526.0,10600,0.0,0.0
2022-12-09 11:00:00+09:00,1523.0,1535.0,1523.0,1535.0,0,0.0,0.0
2022-12-09 12:00:00+09:00,1535.0,1537.0,1521.0,1525.0,43000,0.0,0.0
2022-12-09 13:00:00+09:00,1528.0,1529.0,1515.0,1521.0,13300,0.0,0.0
2022-12-09 14:00:00+09:00,1526.0,1528.0,1515.0,1516.0,11200,0.0,0.0
2022-12-12 09:00:00+09:00,1502.0,1513.0,1483.0,1501.0,15100,0.0,0.0
2022-12-12 10:00:00+09:00,1500.0,1504.0,1496.0,1502.0,6600,0.0,0.0
2022-12-12 11:00:00+09:00,1499.0,1528.0,1498.0,1528.0,0,0.0,0.0
2022-12-12 12:00:00+09:00,1528.0,1537.0,1525.0,1534.0,42400,0.0,0.0
2022-12-12 13:00:00+09:00,1534.0,1550.0,1531.0,1546.0,26900,0.0,0.0
2022-12-12 14:00:00+09:00,1546.0,1546.0,1530.0,1535.0,36500,0.0,0.0
2022-12-13 09:00:00+09:00,1567.0,1585.0,1535.0,1535.0,35900,0.0,0.0
2022-12-13 10:00:00+09:00,1533.0,1547.0,1531.0,1541.0,12000,0.0,0.0
2022-12-13 11:00:00+09:00,1538.0,1542.0,1534.0,1536.0,0,0.0,0.0
2022-12-13 12:00:00+09:00,1532.0,1537.0,1531.0,1535.0,59600,0.0,0.0
2022-12-13 13:00:00+09:00,1531.0,1531.0,1522.0,1529.0,11600,0.0,0.0
2022-12-13 14:00:00+09:00,1528.0,1536.0,1528.0,1529.0,14300,0.0,0.0
2022-12-14 09:00:00+09:00,1587.0,1675.0,1572.0,1645.0,269500,0.0,0.0
2022-12-14 10:00:00+09:00,1646.0,1665.0,1635.0,1641.0,96200,0.0,0.0
2022-12-14 11:00:00+09:00,1643.0,1659.0,1638.0,1640.0,0,0.0,0.0
2022-12-14 12:00:00+09:00,1643.0,1659.0,1643.0,1658.0,417000,0.0,0.0
2022-12-14 13:00:00+09:00,1658.0,1693.0,1657.0,1675.0,151400,0.0,0.0
2022-12-14 14:00:00+09:00,1677.0,1701.0,1675.0,1697.0,157400,0.0,0.0
2022-12-15 09:00:00+09:00,1704.0,1738.0,1684.0,1690.0,207300,0.0,0.0
2022-12-15 10:00:00+09:00,1691.0,1700.0,1671.0,1676.0,66900,0.0,0.0
2022-12-15 11:00:00+09:00,1676.0,1676.0,1664.0,1665.0,0,0.0,0.0
2022-12-15 12:00:00+09:00,1663.0,1673.0,1651.0,1670.0,364700,0.0,0.0
2022-12-15 13:00:00+09:00,1671.0,1676.0,1655.0,1669.0,47300,0.0,0.0
2022-12-15 14:00:00+09:00,1670.0,1678.0,1655.0,1676.0,60000,0.0,0.0
2022-12-16 09:00:00+09:00,1638.0,1688.0,1635.0,1688.0,80600,0.0,0.0
2022-12-16 10:00:00+09:00,1688.0,1698.0,1673.0,1680.0,52200,0.0,0.0
2022-12-16 11:00:00+09:00,1678.0,1684.0,1673.0,1676.0,0,0.0,0.0
2022-12-16 12:00:00+09:00,1676.0,1676.0,1658.0,1672.0,184200,0.0,0.0
2022-12-16 13:00:00+09:00,1671.0,1672.0,1644.0,1645.0,46900,0.0,0.0
2022-12-16 14:00:00+09:00,1646.0,1649.0,1622.0,1647.0,87900,0.0,0.0
2022-12-19 09:00:00+09:00,1620.0,1631.0,1588.0,1618.0,75800,0.0,0.0
2022-12-19 10:00:00+09:00,1619.0,1630.0,1615.0,1623.0,5700,0.0,0.0
2022-12-19 11:00:00+09:00,1623.0,1633.0,1623.0,1633.0,0,0.0,0.0
2022-12-19 12:00:00+09:00,1628.0,1639.0,1628.0,1629.0,94200,0.0,0.0
2022-12-19 13:00:00+09:00,1630.0,1630.0,1613.0,1617.0,18300,0.0,0.0
2022-12-19 14:00:00+09:00,1617.0,1628.0,1616.0,1620.0,21600,0.0,0.0
2022-12-20 09:00:00+09:00,1629.0,1643.0,1611.0,1640.0,0,0.0,0.0
2022-12-20 10:00:00+09:00,1641.0,1655.0,1639.0,1655.0,32000,0.0,0.0
2022-12-20 11:00:00+09:00,1654.0,1654.0,1640.0,1644.0,0,0.0,0.0
2022-12-20 12:00:00+09:00,1589.0,1595.0,1543.0,1543.0,109900,0.0,0.0
2022-12-20 13:00:00+09:00,1544.0,1545.0,1520.0,1537.0,83800,0.0,0.0
2022-12-20 14:00:00+09:00,1534.0,1557.0,1529.0,1553.0,70400,0.0,0.0
2022-12-21 09:00:00+09:00,1537.0,1537.0,1439.0,1443.0,172000,0.0,0.0
2022-12-21 10:00:00+09:00,1442.0,1507.0,1433.0,1494.0,108500,0.0,0.0
2022-12-21 11:00:00+09:00,1494.0,1503.0,1489.0,1496.0,0,0.0,0.0
2022-12-21 12:00:00+09:00,1495.0,1496.0,1472.0,1478.0,332200,0.0,0.0
2022-12-21 13:00:00+09:00,1476.0,1480.0,1456.0,1463.0,44800,0.0,0.0
2022-12-21 14:00:00+09:00,1464.0,1464.0,1433.0,1444.0,117000,0.0,0.0
2022-12-22 09:00:00+09:00,1446.0,1455.0,1370.0,1415.0,195400,0.0,0.0
2022-12-22 10:00:00+09:00,1410.0,1417.0,1386.0,1387.0,81500,0.0,0.0
2022-12-22 11:00:00+09:00,1388.0,1388.0,1371.0,1371.0,0,0.0,0.0
2022-12-22 12:00:00+09:00,1371.0,1392.0,1369.0,1391.0,418300,0.0,0.0
2022-12-22 13:00:00+09:00,1390.0,1407.0,1381.0,1395.0,42600,0.0,0.0
2022-12-22 14:00:00+09:00,1395.0,1407.0,1381.0,1389.0,95000,0.0,0.0
2022-12-23 09:00:00+09:00,1344.0,1344.0,1294.0,1296.0,177600,0.0,0.0
2022-12-23 10:00:00+09:00,1296.0,1307.0,1287.0,1307.0,63100,0.0,0.0
2022-12-23 11:00:00+09:00,1308.0,1330.0,1307.0,1321.0,0,0.0,0.0
2022-12-23 12:00:00+09:00,1319.0,1330.0,1311.0,1318.0,308800,0.0,0.0
2022-12-23 13:00:00+09:00,1319.0,1322.0,1301.0,1301.0,33200,0.0,0.0
2022-12-23 14:00:00+09:00,1300.0,1302.0,1294.0,1297.0,59300,0.0,0.0
2022-12-26 09:00:00+09:00,1291.0,1318.0,1284.0,1302.0,108700,0.0,0.0
2022-12-26 10:00:00+09:00,1301.0,1301.0,1273.0,1276.0,81100,0.0,0.0
2022-12-26 11:00:00+09:00,1277.0,1277.0,1261.0,1264.0,0,0.0,0.0
2022-12-26 12:00:00+09:00,1258.0,1286.0,1258.0,1283.0,292900,0.0,0.0
2022-12-26 13:00:00+09:00,1282.0,1297.0,1278.0,1289.0,42700,0.0,0.0
2022-12-26 14:00:00+09:00,1288.0,1301.0,1287.0,1293.0,37700,0.0,0.0
2022-12-27 09:00:00+09:00,1323.0,1385.0,1319.0,1356.0,133100,0.0,0.0
2022-12-27 10:00:00+09:00,1357.0,1385.0,1357.0,1381.0,55300,0.0,0.0
2022-12-27 11:00:00+09:00,1381.0,1385.0,1372.0,1377.0,0,0.0,0.0
2022-12-27 12:00:00+09:00,1376.0,1379.0,1365.0,1376.0,231900,0.0,0.0
2022-12-27 13:00:00+09:00,1375.0,1380.0,1366.0,1376.0,39100,0.0,0.0
2022-12-27 14:00:00+09:00,1376.0,1378.0,1368.0,1374.0,39400,0.0,0.0
2022-12-28 09:00:00+09:00,1358.0,1367.0,1332.0,1343.0,56300,0.0,0.0
2022-12-28 10:00:00+09:00,1344.0,1368.0,1341.0,1364.0,20200,0.0,0.0
2022-12-28 11:00:00+09:00,1364.0,1368.0,1360.0,1368.0,0,0.0,0.0
2022-12-28 12:00:00+09:00,1364.0,1380.0,1355.0,1380.0,126300,0.0,0.0
2022-12-28 13:00:00+09:00,1381.0,1401.0,1373.0,1395.0,65200,0.0,0.0
2022-12-28 14:00:00+09:00,1394.0,1400.0,1389.0,1395.0,65600,0.0,0.0
2022-12-29 09:00:00+09:00,1370.0,1390.0,1348.0,1366.0,69200,0.0,0.0
2022-12-29 10:00:00+09:00,1367.0,1373.0,1342.0,1343.0,34300,0.0,0.0
2022-12-29 11:00:00+09:00,1339.0,1342.0,1336.0,1336.0,0,0.0,0.0
2022-12-29 12:00:00+09:00,1335.0,1343.0,1334.0,1339.0,140500,0.0,0.0
2022-12-29 13:00:00+09:00,1340.0,1341.0,1327.0,1334.0,22600,0.0,0.0
2022-12-29 14:00:00+09:00,1335.0,1349.0,1335.0,1341.0,41000,0.0,0.0
2022-12-30 09:00:00+09:00,1340.0,1394.0,1331.0,1389.0,58900,0.0,0.0
2022-12-30 10:00:00+09:00,1390.0,1400.0,1384.0,1394.0,42500,0.0,0.0
2022-12-30 11:00:00+09:00,1395.0,1398.0,1387.0,1387.0,0,0.0,0.0
2022-12-30 12:00:00+09:00,1386.0,1391.0,1373.0,1378.0,125300,0.0,0.0
2022-12-30 13:00:00+09:00,1379.0,1398.0,1379.0,1381.0,38900,0.0,0.0
2022-12-30 14:00:00+09:00,1382.0,1387.0,1371.0,1380.0,64200,0.0,0.0
2023-01-04 09:00:00+09:00,1341.0,1356.0,1310.0,1334.0,52100,0.0,0.0
2023-01-04 10:00:00+09:00,1335.0,1335.0,1307.0,1311.0,19200,0.0,0.0
2023-01-04 11:00:00+09:00,1310.0,1315.0,1306.0,1308.0,0,0.0,0.0
2023-01-04 12:00:00+09:00,1309.0,1318.0,1304.0,1318.0,95400,0.0,0.0
2023-01-04 13:00:00+09:00,1317.0,1317.0,1301.0,1305.0,13700,0.0,0.0
2023-01-04 14:00:00+09:00,1304.0,1308.0,1290.0,1290.0,28200,0.0,0.0
2023-01-05 09:00:00+09:00,1300.0,1304.0,1278.0,1293.0,31500,0.0,0.0
2023-01-05 10:00:00+09:00,1292.0,1306.0,1284.0,1284.0,24200,0.0,0.0
2023-01-05 11:00:00+09:00,1284.0,1284.0,1275.0,1275.0,0,0.0,0.0
2023-01-05 12:00:00+09:00,1275.0,1281.0,1273.0,1280.0,88800,0.0,0.0
2023-01-05 13:00:00+09:00,1281.0,1290.0,1277.0,1283.0,17400,0.0,0.0
2023-01-05 14:00:00+09:00,1285.0,1290.0,1284.0,1288.0,19200,0.0,0.0
2023-01-06 09:00:00+09:00,1284.0,1333.0,1284.0,1322.0,74500,0.0,0.0
2023-01-06 10:00:00+09:00,1320.0,1340.0,1319.0,1334.0,21700,0.0,0.0
2023-01-06 11:00:00+09:00,1337.0,1344.0,1336.0,1342.0,0,0.0,0.0
2023-01-06 12:00:00+09:00,1343.0,1362.0,1342.0,1361.0,141100,0.0,0.0
2023-01-06 13:00:00+09:00,1362.0,1378.0,1362.0,1374.0,45900,0.0,0.0
2023-01-06 14:00:00+09:00,1375.0,1387.0,1375.0,1376.0,52800,0.0,0.0
2023-01-10 09:00:00+09:00,1384.0,1416.0,1379.0,1406.0,54200,0.0,0.0
2023-01-10 10:00:00+09:00,1405.0,1420.0,1402.0,1413.0,25000,0.0,0.0
2023-01-10 11:00:00+09:00,1412.0,1413.0,1394.0,1394.0,0,0.0,0.0
2023-01-10 12:00:00+09:00,1393.0,1393.0,1382.0,1389.0,103300,0.0,0.0
2023-01-10 13:00:00+09:00,1389.0,1397.0,1385.0,1385.0,22500,0.0,0.0
2023-01-10 14:00:00+09:00,1386.0,1391.0,1384.0,1390.0,22400,0.0,0.0
2023-01-11 09:00:00+09:00,1417.0,1435.0,1414.0,1418.0,79200,0.0,0.0
2023-01-11 10:00:00+09:00,1419.0,1442.0,1418.0,1430.0,40600,0.0,0.0
2023-01-11 11:00:00+09:00,1430.0,1430.0,1420.0,1423.0,0,0.0,0.0
2023-01-11 12:00:00+09:00,1423.0,1435.0,1423.0,1431.0,143300,0.0,0.0
2023-01-11 13:00:00+09:00,1430.0,1430.0,1421.0,1422.0,19000,0.0,0.0
2023-01-11 14:00:00+09:00,1420.0,1420.0,1401.0,1403.0,37100,0.0,0.0
2023-01-12 09:00:00+09:00,1428.0,1430.0,1385.0,1413.0,0,0.0,0.0
2023-01-12 10:00:00+09:00,1416.0,1423.0,1399.0,1415.0,87100,0.0,0.0
2023-01-12 11:00:00+09:00,1414.0,1422.0,1413.0,1417.0,0,0.0,0.0
2023-01-12 12:00:00+09:00,1415.0,1417.0,1405.0,1408.0,101800,0.0,0.0
2023-01-12 13:00:00+09:00,1407.0,1409.0,1399.0,1407.0,10300,0.0,0.0
2023-01-12 14:00:00+09:00,1408.0,1413.0,1403.0,1403.0,16500,0.0,0.0
2023-01-13 09:00:00+09:00,1387.0,1394.0,1365.0,1370.0,0,0.0,0.0
2023-01-13 10:00:00+09:00,1369.0,1369.0,1354.0,1363.0,70800,0.0,0.0
2023-01-13 11:00:00+09:00,1364.0,1367.0,1358.0,1361.0,0,0.0,0.0
2023-01-13 12:00:00+09:00,1358.0,1364.0,1356.0,1363.0,95800,0.0,0.0
2023-01-13 13:00:00+09:00,1361.0,1361.0,1355.0,1356.0,15200,0.0,0.0
2023-01-13 14:00:00+09:00,1355.0,1362.0,1355.0,1359.0,29800,0.0,0.0
2023-01-16 09:00:00+09:00,1345.0,1351.0,1334.0,1346.0,0,0.0,0.0
2023-01-16 10:00:00+09:00,1346.0,1347.0,1326.0,1338.0,51400,0.0,0.0
2023-01-16 11:00:00+09:00,1338.0,1339.0,1334.0,1337.0,0,0.0,0.0
2023-01-16 12:00:00+09:00,1337.0,1337.0,1327.0,1332.0,66500,0.0,0.0
2023-01-16 13:00:00+09:00,1333.0,1339.0,1331.0,1334.0,7700,0.0,0.0
2023-01-16 14:00:00+09:00,1334.0,1338.0,1333.0,1334.0,14400,0.0,0.0
2023-01-17 09:00:00+09:00,1333.0,1350.0,1324.0,1337.0,23900,0.0,0.0
2023-01-17 10:00:00+09:00,1336.0,1344.0,1335.0,1338.0,0,0.0,0.0
2023-01-17 11:00:00+09:00,1338.0,1343.0,1335.0,1335.0,0,0.0,0.0
2023-01-17 12:00:00+09:00,1334.0,1346.0,1334.0,1344.0,53900,0.0,0.0
2023-01-17 13:00:00+09:00,1344.0,1347.0,1339.0,1339.0,11200,0.0,0.0
2023-01-17 14:00:00+09:00,1341.0,1346.0,1340.0,1344.0,15100,0.0,0.0
2023-01-18 09:00:00+09:00,1340.0,1355.0,1329.0,1347.0,31500,0.0,0.0
2023-01-18 10:00:00+09:00,1346.0,1350.0,1340.0,1346.0,12000,0.0,0.0
2023-01-18 11:00:00+09:00,1345.0,1345.0,1341.0,1344.0,0,0.0,0.0
2023-01-18 12:00:00+09:00,1374.0,1387.0,1364.0,1376.0,84600,0.0,0.0
2023-01-18 13:00:00+09:00,1376.0,1384.0,1374.0,1383.0,29100,0.0,0.0
2023-01-18 14:00:00+09:00,1382.0,1386.0,1379.0,1383.0,28200,0.0,0.0
2023-01-19 09:00:00+09:00,1354.0,1364.0,1335.0,1335.0,50600,0.0,0.0
2023-01-19 10:00:00+09:00,1335.0,1344.0,1335.0,1338.0,15700,0.0,0.0
2023-01-19 11:00:00+09:00,1338.0,1340.0,1335.0,1337.0,0,0.0,0.0
2023-01-19 12:00:00+09:00,1341.0,1351.0,1341.0,1349.0,83700,0.0,0.0
2023-01-19 13:00:00+09:00,1348.0,1348.0,1340.0,1342.0,7400,0.0,0.0
2023-01-19 14:00:00+09:00,1342.0,1344.0,1340.0,1340.0,16700,0.0,0.0
2023-01-20 09:00:00+09:00,1334.0,1349.0,1333.0,1347.0,9500,0.0,0.0
2023-01-20 10:00:00+09:00,1346.0,1355.0,1341.0,1352.0,7600,0.0,0.0
2023-01-20 11:00:00+09:00,1354.0,1359.0,1352.0,1359.0,0,0.0,0.0
2023-01-20 12:00:00+09:00,1360.0,1372.0,1360.0,1372.0,46500,0.0,0.0
2023-01-20 13:00:00+09:00,1372.0,1375.0,1370.0,1370.0,16500,0.0,0.0
2023-01-20 14:00:00+09:00,1370.0,1382.0,1370.0,1377.0,26200,0.0,0.0
2023-01-23 09:00:00+09:00,1398.0,1401.0,1380.0,1401.0,47500,0.0,0.0
2023-01-23 10:00:00+09:00,1402.0,1420.0,1402.0,1412.0,45000,0.0,0.0
2023-01-23 11:00:00+09:00,1414.0,1418.0,1408.0,1408.0,0,0.0,0.0
2023-01-23 12:00:00+09:00,1415.0,1415.0,1394.0,1396.0,122100,0.0,0.0
2023-01-23 13:00:00+09:00,1394.0,1406.0,1388.0,1405.0,35900,0.0,0.0
2023-01-23 14:00:00+09:00,1404.0,1409.0,1397.0,1405.0,43700,0.0,0.0
2023-01-24 09:00:00+09:00,1436.0,1436.0,1408.0,1412.0,70300,0.0,0.0
2023-01-24 10:00:00+09:00,1412.0,1414.0,1402.0,1403.0,21600,0.0,0.0
2023-01-24 11:00:00+09:00,1402.0,1403.0,1395.0,1401.0,0,0.0,0.0
2023-01-24 12:00:00+09:00,1402.0,1415.0,1402.0,1411.0,130600,0.0,0.0
2023-01-24 13:00:00+09:00,1412.0,1418.0,1410.0,1414.0,16300,0.0,0.0
2023-01-24 14:00:00+09:00,1414.0,1422.0,1410.0,1414.0,26500,0.0,0.0
2023-01-25 09:00:00+09:00,1406.0,1440.0,1401.0,1435.0,53100,0.0,0.0
2023-01-25 10:00:00+09:00,1437.0,1483.0,1435.0,1478.0,147300,0.0,0.0
2023-01-25 11:00:00+09:00,1479.0,1494.0,1475.0,1486.0,0,0.0,0.0
2023-01-25 12:00:00+09:00,1490.0,1516.0,1490.0,1506.0,292400,0.0,0.0
2023-01-25 13:00:00+09:00,1506.0,1535.0,1502.0,1522.0,118700,0.0,0.0
2023-01-25 14:00:00+09:00,1518.0,1522.0,1500.0,1500.0,92800,0.0,0.0
2023-01-26 09:00:00+09:00,1516.0,1521.0,1468.0,1483.0,118400,0.0,0.0
2023-01-26 10:00:00+09:00,1483.0,1484.0,1456.0,1472.0,59900,0.0,0.0
2023-01-26 11:00:00+09:00,1469.0,1480.0,1469.0,1470.0,0,0.0,0.0
2023-01-26 12:00:00+09:00,1465.0,1471.0,1458.0,1460.0,224000,0.0,0.0
2023-01-26 13:00:00+09:00,1460.0,1460.0,1447.0,1453.0,35200,0.0,0.0
2023-01-26 14:00:00+09:00,1451.0,1455.0,1446.0,1453.0,50700,0.0,0.0
2023-01-27 09:00:00+09:00,1448.0,1450.0,1430.0,1444.0,46800,0.0,0.0
2023-01-27 10:00:00+09:00,1443.0,1453.0,1442.0,1453.0,25700,0.0,0.0
2023-01-27 11:00:00+09:00,1452.0,1457.0,1451.0,1451.0,0,0.0,0.0
2023-01-27 12:00:00+09:00,1451.0,1455.0,1438.0,1441.0,106100,0.0,0.0
2023-01-27 13:00:00+09:00,1441.0,1452.0,1435.0,1438.0,32200,0.0,0.0
2023-01-27 14:00:00+09:00,1439.0,1448.0,1439.0,1441.0,25300,0.0,0.0
2023-01-30 09:00:00+09:00,1465.0,1472.0,1448.0,1455.0,49800,0.0,0.0
2023-01-30 10:00:00+09:00,1454.0,1454.0,1439.0,1439.0,39000,0.0,0.0
2023-01-30 11:00:00+09:00,1440.0,1449.0,1439.0,1449.0,0,0.0,0.0
2023-01-30 12:00:00+09:00,1450.0,1459.0,1442.0,1454.0,127700,0.0,0.0
2023-01-30 13:00:00+09:00,1455.0,1460.0,1453.0,1458.0,20400,0.0,0.0
2023-01-30 14:00:00+09:00,1458.0,1459.0,1450.0,1459.0,31400,0.0,0.0
2023-01-31 09:00:00+09:00,1461.0,1483.0,1458.0,1467.0,52300,0.0,0.0
2023-01-31 10:00:00+09:00,1466.0,1478.0,1458.0,1478.0,20300,0.0,0.0
2023-01-31 11:00:00+09:00,1478.0,1485.0,1475.0,1485.0,0,0.0,0.0
2023-01-31 12:00:00+09:00,1485.0,1489.0,1477.0,1481.0,106700,0.0,0.0
2023-01-31 13:00:00+09:00,1480.0,1483.0,1470.0,1477.0,14200,0.0,0.0
2023-01-31 14:00:00+09:00,1477.0,1487.0,1477.0,1484.0,25600,0.0,0.0
2023-02-01 09:00:00+09:00,1512.0,1534.0,1512.0,1533.0,79900,0.0,0.0
2023-02-01 10:00:00+09:00,1534.0,1593.0,1534.0,1582.0,96100,0.0,0.0
2023-02-01 11:00:00+09:00,1581.0,1583.0,1552.0,1563.0,0,0.0,0.0
2023-02-01 12:00:00+09:00,1562.0,1562.0,1535.0,1536.0,259200,0.0,0.0
2023-02-01 13:00:00+09:00,1538.0,1547.0,1527.0,1542.0,0,0.0,0.0
2023-02-01 14:00:00+09:00,1542.0,1547.0,1529.0,1544.0,359500,0.0,0.0
2023-02-02 09:00:00+09:00,1505.0,1515.0,1462.0,1468.0,134700,0.0,0.0
2023-02-02 10:00:00+09:00,1468.0,1479.0,1466.0,1472.0,31300,0.0,0.0
2023-02-02 11:00:00+09:00,1471.0,1474.0,1467.0,1470.0,0,0.0,0.0
2023-02-02 12:00:00+09:00,1470.0,1470.0,1457.0,1462.0,228800,0.0,0.0
2023-02-02 13:00:00+09:00,1461.0,1462.0,1450.0,1457.0,31900,0.0,0.0
2023-02-02 14:00:00+09:00,1458.0,1469.0,1455.0,1457.0,41300,0.0,0.0
2023-02-03 09:00:00+09:00,1466.0,1470.0,1446.0,1448.0,50000,0.0,0.0
2023-02-03 10:00:00+09:00,1448.0,1449.0,1443.0,1444.0,19400,0.0,0.0
2023-02-03 11:00:00+09:00,1445.0,1456.0,1445.0,1455.0,0,0.0,0.0
2023-02-03 12:00:00+09:00,1455.0,1470.0,1453.0,1470.0,91200,0.0,0.0
2023-02-03 13:00:00+09:00,1468.0,1486.0,1463.0,1484.0,37400,0.0,0.0
2023-02-03 14:00:00+09:00,1484.0,1486.0,1470.0,1481.0,32900,0.0,0.0
2023-02-06 09:00:00+09:00,1492.0,1526.0,1490.0,1511.0,53900,0.0,0.0
2023-02-06 10:00:00+09:00,1510.0,1518.0,1495.0,1501.0,16900,0.0,0.0
2023-02-06 11:00:00+09:00,1502.0,1502.0,1495.0,1495.0,0,0.0,0.0
2023-02-06 12:00:00+09:00,1493.0,1493.0,1480.0,1481.0,82400,0.0,0.0
2023-02-06 13:00:00+09:00,1481.0,1485.0,1477.0,1477.0,11300,0.0,0.0
2023-02-06 14:00:00+09:00,1477.0,1477.0,1470.0,1474.0,13400,0.0,0.0
2023-02-07 09:00:00+09:00,1494.0,1526.0,1486.0,1526.0,37000,0.0,0.0
2023-02-07 10:00:00+09:00,1526.0,1526.0,1500.0,1508.0,16600,0.0,0.0
2023-02-07 11:00:00+09:00,1510.0,1515.0,1506.0,1508.0,0,0.0,0.0
2023-02-07 12:00:00+09:00,1504.0,1505.0,1498.0,1499.0,68000,0.0,0.0
2023-02-07 13:00:00+09:00,1497.0,1497.0,1479.0,1482.0,25700,0.0,0.0
2023-02-07 14:00:00+09:00,1482.0,1492.0,1482.0,1483.0,23700,0.0,0.0
2023-02-08 09:00:00+09:00,1482.0,1500.0,1453.0,1493.0,60600,0.0,0.0
2023-02-08 10:00:00+09:00,1493.0,1505.0,1475.0,1481.0,19400,0.0,0.0
2023-02-08 11:00:00+09:00,1482.0,1483.0,1480.0,1481.0,0,0.0,0.0
2023-02-08 12:00:00+09:00,1480.0,1485.0,1480.0,1482.0,95000,0.0,0.0
2023-02-08 13:00:00+09:00,1483.0,1486.0,1480.0,1481.0,5000,0.0,0.0
2023-02-08 14:00:00+09:00,1481.0,1487.0,1481.0,1482.0,12900,0.0,0.0
2023-02-09 09:00:00+09:00,1471.0,1491.0,1456.0,1489.0,40100,0.0,0.0
2023-02-09 10:00:00+09:00,1490.0,1501.0,1489.0,1498.0,32500,0.0,0.0
2023-02-09 11:00:00+09:00,1495.0,1495.0,1486.0,1489.0,0,0.0,0.0
2023-02-09 12:00:00+09:00,1487.0,1494.0,1483.0,1486.0,94900,0.0,0.0
2023-02-09 13:00:00+09:00,1486.0,1500.0,1481.0,1500.0,19700,0.0,0.0
2023-02-09 14:00:00+09:00,1501.0,1504.0,1489.0,1497.0,31500,0.0,0.0
2023-02-10 09:00:00+09:00,1550.0,1716.0,1550.0,1700.0,721200,0.0,0.0
2023-02-10 10:00:00+09:00,1700.0,1719.0,1682.0,1685.0,245400,0.0,0.0
2023-02-10 11:00:00+09:00,1685.0,1698.0,1676.0,1683.0,0,0.0,0.0
2023-02-10 12:00:00+09:00,1680.0,1688.0,1662.0,1688.0,1141800,0.0,0.0
2023-02-10 13:00:00+09:00,1688.0,1698.0,1671.0,1681.0,110200,0.0,0.0
2023-02-10 14:00:00+09:00,1680.0,1700.0,1675.0,1699.0,149100,0.0,0.0
2023-02-13 09:00:00+09:00,1699.0,1719.0,1670.0,1684.0,163600,0.0,0.0
2023-02-13 10:00:00+09:00,1683.0,1690.0,1663.0,1681.0,36900,0.0,0.0
2023-02-13 11:00:00+09:00,1681.0,1694.0,1681.0,1684.0,0,0.0,0.0
2023-02-13 12:00:00+09:00,1685.0,1707.0,1684.0,1707.0,244200,0.0,0.0
2023-02-13 13:00:00+09:00,1706.0,1710.0,1697.0,1705.0,46800,0.0,0.0
2023-02-13 14:00:00+09:00,1704.0,1716.0,1696.0,1699.0,87600,0.0,0.0
2023-02-14 09:00:00+09:00,1677.0,1713.0,1676.0,1699.0,88100,0.0,0.0
2023-02-14 10:00:00+09:00,1698.0,1715.0,1697.0,1714.0,28500,0.0,0.0
2023-02-14 11:00:00+09:00,1714.0,1755.0,1714.0,1752.0,0,0.0,0.0
2023-02-14 12:00:00+09:00,1750.0,1791.0,1749.0,1791.0,238000,0.0,0.0
2023-02-14 13:00:00+09:00,1792.0,1793.0,1776.0,1780.0,53900,0.0,0.0
2023-02-14 14:00:00+09:00,1779.0,1780.0,1762.0,1770.0,68800,0.0,0.0
2023-02-15 09:00:00+09:00,1780.0,1780.0,1735.0,1750.0,62900,0.0,0.0
2023-02-15 10:00:00+09:00,1749.0,1762.0,1732.0,1759.0,34000,0.0,0.0
2023-02-15 11:00:00+09:00,1758.0,1766.0,1754.0,1763.0,0,0.0,0.0
2023-02-15 12:00:00+09:00,1760.0,1780.0,1759.0,1772.0,140500,0.0,0.0
2023-02-15 13:00:00+09:00,1770.0,1773.0,1762.0,1767.0,34200,0.0,0.0
2023-02-15 14:00:00+09:00,1767.0,1779.0,1765.0,1776.0,36700,0.0,0.0
2023-02-16 09:00:00+09:00,1780.0,1814.0,1769.0,1782.0,110300,0.0,0.0
2023-02-16 10:00:00+09:00,1781.0,1781.0,1762.0,1766.0,27400,0.0,0.0
2023-02-16 11:00:00+09:00,1765.0,1781.0,1764.0,1780.0,0,0.0,0.0
2023-02-16 12:00:00+09:00,1781.0,1806.0,1781.0,1806.0,165000,0.0,0.0
2023-02-16 13:00:00+09:00,1806.0,1808.0,1775.0,1783.0,40200,0.0,0.0
2023-02-16 14:00:00+09:00,1783.0,1790.0,1774.0,1779.0,17400,0.0,0.0
2023-02-17 09:00:00+09:00,1762.0,1775.0,1758.0,1765.0,31300,0.0,0.0
2023-02-17 10:00:00+09:00,1766.0,1781.0,1765.0,1765.0,21100,0.0,0.0
2023-02-17 11:00:00+09:00,1768.0,1773.0,1766.0,1770.0,0,0.0,0.0
2023-02-17 12:00:00+09:00,1761.0,1767.0,1741.0,1747.0,107500,0.0,0.0
2023-02-17 13:00:00+09:00,1746.0,1755.0,1739.0,1755.0,42100,0.0,0.0
2023-02-17 14:00:00+09:00,1756.0,1776.0,1755.0,1770.0,32200,0.0,0.0
2023-02-20 09:00:00+09:00,1782.0,1854.0,1776.0,1853.0,138000,0.0,0.0
2023-02-20 10:00:00+09:00,1852.0,1855.0,1830.0,1853.0,42800,0.0,0.0
2023-02-20 11:00:00+09:00,1852.0,1852.0,1823.0,1825.0,0,0.0,0.0
2023-02-20 12:00:00+09:00,1824.0,1825.0,1791.0,1794.0,245700,0.0,0.0
2023-02-20 13:00:00+09:00,1792.0,1793.0,1779.0,1789.0,26500,0.0,0.0
2023-02-20 14:00:00+09:00,1788.0,1802.0,1788.0,1793.0,25300,0.0,0.0
2023-02-21 09:00:00+09:00,1794.0,1796.0,1768.0,1772.0,25400,0.0,0.0
2023-02-21 10:00:00+09:00,1774.0,1811.0,1774.0,1792.0,45200,0.0,0.0
2023-02-21 11:00:00+09:00,1791.0,1804.0,1790.0,1792.0,0,0.0,0.0
2023-02-21 12:00:00+09:00,1792.0,1792.0,1775.0,1781.0,102800,0.0,0.0
2023-02-21 13:00:00+09:00,1780.0,1783.0,1775.0,1778.0,11000,0.0,0.0
2023-02-21 14:00:00+09:00,1779.0,1788.0,1770.0,1771.0,26200,0.0,0.0
2023-02-22 09:00:00+09:00,1737.0,1775.0,1720.0,1766.0,36900,0.0,0.0
2023-02-22 10:00:00+09:00,1765.0,1767.0,1734.0,1735.0,26400,0.0,0.0
2023-02-22 11:00:00+09:00,1734.0,1744.0,1731.0,1744.0,0,0.0,0.0
2023-02-22 12:00:00+09:00,1739.0,1739.0,1723.0,1731.0,100900,0.0,0.0
2023-02-22 13:00:00+09:00,1730.0,1736.0,1725.0,1733.0,12200,0.0,0.0
2023-02-22 14:00:00+09:00,1734.0,1736.0,1725.0,1733.0,38200,0.0,0.0
2023-02-24 09:00:00+09:00,1735.0,1735.0,1711.0,1713.0,0,0.0,0.0
2023-02-24 10:00:00+09:00,1711.0,1720.0,1707.0,1719.0,53700,0.0,0.0
2023-02-24 11:00:00+09:00,1721.0,1721.0,1710.0,1710.0,0,0.0,0.0
2023-02-24 12:00:00+09:00,1710.0,1715.0,1692.0,1692.0,98600,0.0,0.0
2023-02-24 13:00:00+09:00,1694.0,1698.0,1670.0,1684.0,51900,0.0,0.0
2023-02-24 14:00:00+09:00,1684.0,1692.0,1679.0,1686.0,32700,0.0,0.0
2023-02-27 09:00:00+09:00,1669.0,1722.0,1663.0,1720.0,60100,0.0,0.0
2023-02-27 10:00:00+09:00,1718.0,1727.0,1706.0,1723.0,25500,0.0,0.0
2023-02-27 11:00:00+09:00,1724.0,1724.0,1713.0,1723.0,0,0.0,0.0
2023-02-27 12:00:00+09:00,1718.0,1723.0,1708.0,1713.0,105200,0.0,0.0
2023-02-27 13:00:00+09:00,1713.0,1717.0,1707.0,1713.0,18800,0.0,0.0
2023-02-27 14:00:00+09:00,1712.0,1723.0,1711.0,1722.0,29700,0.0,0.0
2023-02-28 09:00:00+09:00,1731.0,1743.0,1701.0,1709.0,0,0.0,0.0
2023-02-28 10:00:00+09:00,1711.0,1738.0,1706.0,1736.0,41600,0.0,0.0
2023-02-28 11:00:00+09:00,1733.0,1742.0,1731.0,1740.0,0,0.0,0.0
2023-02-28 12:00:00+09:00,1739.0,1777.0,1737.0,1772.0,77400,0.0,0.0
2023-02-28 13:00:00+09:00,1772.0,1772.0,1759.0,1768.0,14800,0.0,0.0
2023-02-28 14:00:00+09:00,1770.0,1773.0,1749.0,1755.0,38500,0.0,0.0
2023-03-01 09:00:00+09:00,1719.0,1762.0,1711.0,1748.0,22000,0.0,0.0
2023-03-01 10:00:00+09:00,1750.0,1756.0,1746.0,1755.0,7500,0.0,0.0
2023-03-01 11:00:00+09:00,1756.0,1769.0,1756.0,1766.0,0,0.0,0.0
2023-03-01 12:00:00+09:00,1767.0,1776.0,1762.0,1766.0,50700,0.0,0.0
2023-03-01 13:00:00+09:00,1767.0,1768.0,1761.0,1766.0,7600,0.0,0.0
2023-03-01 14:00:00+09:00,1767.0,1772.0,1755.0,1758.0,13800,0.0,0.0
2023-03-02 09:00:00+09:00,1765.0,1766.0,1740.0,1744.0,18000,0.0,0.0
2023-03-02 10:00:00+09:00,1744.0,1760.0,1736.0,1760.0,14000,0.0,0.0
2023-03-02 11:00:00+09:00,1759.0,1760.0,1749.0,1750.0,0,0.0,0.0
2023-03-02 12:00:00+09:00,1749.0,1749.0,1744.0,1744.0,38300,0.0,0.0
2023-03-02 13:00:00+09:00,1745.0,1766.0,1745.0,1761.0,26300,0.0,0.0
2023-03-02 14:00:00+09:00,1758.0,1758.0,1746.0,1748.0,13300,0.0,0.0
2023-03-03 09:00:00+09:00,1763.0,1771.0,1754.0,1766.0,0,0.0,0.0
2023-03-03 10:00:00+09:00,1765.0,1772.0,1763.0,1763.0,28200,0.0,0.0
2023-03-03 11:00:00+09:00,1762.0,1762.0,1755.0,1758.0,0,0.0,0.0
2023-03-03 12:00:00+09:00,1758.0,1759.0,1742.0,1745.0,38700,0.0,0.0
2023-03-03 13:00:00+09:00,1746.0,1750.0,1740.0,1742.0,14100,0.0,0.0
2023-03-03 14:00:00+09:00,1746.0,1746.0,1729.0,1734.0,19800,0.0,0.0
2023-03-06 09:00:00+09:00,1729.0,1735.0,1676.0,1677.0,82600,0.0,0.0
2023-03-06 10:00:00+09:00,1680.0,1730.0,1680.0,1730.0,88000,0.0,0.0
2023-03-06 11:00:00+09:00,1733.0,1748.0,1727.0,1745.0,0,0.0,0.0
2023-03-06 12:00:00+09:00,1745.0,1756.0,1741.0,1753.0,207800,0.0,0.0
2023-03-06 13:00:00+09:00,1755.0,1759.0,1743.0,1754.0,29100,0.0,0.0
2023-03-06 14:00:00+09:00,1755.0,1762.0,1751.0,1762.0,29800,0.0,0.0
2023-03-07 09:00:00+09:00,1758.0,1780.0,1758.0,1769.0,18200,0.0,0.0
2023-03-07 10:00:00+09:00,1767.0,1792.0,1766.0,1791.0,38100,0.0,0.0
2023-03-07 11:00:00+09:00,1792.0,1792.0,1782.0,1782.0,0,0.0,0.0
2023-03-07 12:00:00+09:00,1782.0,1785.0,1773.0,1774.0,71200,0.0,0.0
2023-03-07 13:00:00+09:00,1774.0,1776.0,1762.0,1764.0,20200,0.0,0.0
2023-03-07 14:00:00+09:00,1765.0,1789.0,1765.0,1785.0,26800,0.0,0.0
2023-03-08 09:00:00+09:00,1766.0,1773.0,1758.0,1762.0,23800,0.0,0.0
2023-03-08 10:00:00+09:00,1762.0,1762.0,1734.0,1737.0,45600,0.0,0.0
2023-03-08 11:00:00+09:00,1738.0,1740.0,1731.0,1732.0,0,0.0,0.0
2023-03-08 12:00:00+09:00,1733.0,1745.0,1733.0,1736.0,88100,0.0,0.0
2023-03-08 13:00:00+09:00,1735.0,1738.0,1732.0,1733.0,18400,0.0,0.0
2023-03-08 14:00:00+09:00,1733.0,1733.0,1711.0,1713.0,48500,0.0,0.0
2023-03-09 09:00:00+09:00,1716.0,1733.0,1702.0,1716.0,64800,0.0,0.0
2023-03-09 10:00:00+09:00,1715.0,1730.0,1704.0,1721.0,39500,0.0,0.0
2023-03-09 11:00:00+09:00,1722.0,1724.0,1716.0,1716.0,0,0.0,0.0
2023-03-09 12:00:00+09:00,1712.0,1715.0,1709.0,1710.0,119000,0.0,0.0
2023-03-09 13:00:00+09:00,1709.0,1710.0,1687.0,1687.0,61200,0.0,0.0
2023-03-09 14:00:00+09:00,1688.0,1712.0,1688.0,1711.0,24700,0.0,0.0
2023-03-10 09:00:00+09:00,1672.0,1689.0,1654.0,1673.0,78900,0.0,0.0
2023-03-10 10:00:00+09:00,1672.0,1674.0,1639.0,1639.0,57700,0.0,0.0
2023-03-10 11:00:00+09:00,1637.0,1643.0,1629.0,1629.0,0,0.0,0.0
2023-03-10 12:00:00+09:00,1628.0,1639.0,1616.0,1619.0,195600,0.0,0.0
2023-03-10 13:00:00+09:00,1619.0,1622.0,1609.0,1612.0,37500,0.0,0.0
2023-03-10 14:00:00+09:00,1612.0,1618.0,1611.0,1612.0,38100,0.0,0.0
2023-03-13 09:00:00+09:00,1588.0,1607.0,1569.0,1607.0,0,0.0,0.0
2023-03-13 10:00:00+09:00,1607.0,1610.0,1586.0,1603.0,71800,0.0,0.0
2023-03-13 11:00:00+09:00,1602.0,1603.0,1588.0,1600.0,0,0.0,0.0
2023-03-13 12:00:00+09:00,1600.0,1614.0,1600.0,1600.0,112900,0.0,0.0
2023-03-13 13:00:00+09:00,1598.0,1603.0,1592.0,1596.0,35400,0.0,0.0
2023-03-13 14:00:00+09:00,1597.0,1615.0,1596.0,1606.0,29300,0.0,0.0
2023-03-14 09:00:00+09:00,1557.0,1562.0,1518.0,1538.0,82700,0.0,0.0
2023-03-14 10:00:00+09:00,1539.0,1551.0,1529.0,1551.0,45700,0.0,0.0
2023-03-14 11:00:00+09:00,1552.0,1571.0,1546.0,1567.0,0,0.0,0.0
2023-03-14 12:00:00+09:00,1567.0,1581.0,1557.0,1570.0,180800,0.0,0.0
2023-03-14 13:00:00+09:00,1568.0,1573.0,1557.0,1557.0,0,0.0,0.0
2023-03-14 14:00:00+09:00,1558.0,1561.0,1552.0,1553.0,223600,0.0,0.0
2023-03-15 09:00:00+09:00,1610.0,1632.0,1598.0,1619.0,43200,0.0,0.0
2023-03-15 10:00:00+09:00,1620.0,1640.0,1616.0,1639.0,25300,0.0,0.0
2023-03-15 11:00:00+09:00,1640.0,1653.0,1630.0,1653.0,0,0.0,0.0
2023-03-15 12:00:00+09:00,1653.0,1653.0,1642.0,1642.0,108700,0.0,0.0
2023-03-15 13:00:00+09:00,1640.0,1659.0,1637.0,1637.0,26600,0.0,0.0
2023-03-15 14:00:00+09:00,1638.0,1646.0,1629.0,1641.0,38500,0.0,0.0
2023-03-16 09:00:00+09:00,1561.0,1580.0,1546.0,1577.0,81600,0.0,0.0
2023-03-16 10:00:00+09:00,1576.0,1590.0,1567.0,1569.0,19300,0.0,0.0
2023-03-16 11:00:00+09:00,1570.0,1572.0,1562.0,1565.0,0,0.0,0.0
2023-03-16 12:00:00+09:00,1565.0,1569.0,1555.0,1565.0,129400,0.0,0.0
2023-03-16 13:00:00+09:00,1565.0,1576.0,1560.0,1574.0,11100,0.0,0.0
2023-03-16 14:00:00+09:00,1573.0,1588.0,1570.0,1583.0,29300,0.0,0.0
2023-03-17 09:00:00+09:00,1609.0,1643.0,1598.0,1606.0,65600,0.0,0.0
2023-03-17 10:00:00+09:00,1607.0,1613.0,1600.0,1604.0,16100,0.0,0.0
2023-03-17 11:00:00+09:00,1603.0,1608.0,1597.0,1599.0,0,0.0,0.0
2023-03-17 12:00:00+09:00,1603.0,1612.0,1597.0,1603.0,103500,0.0,0.0
2023-03-17 13:00:00+09:00,1602.0,1614.0,1597.0,1605.0,20900,0.0,0.0
2023-03-17 14:00:00+09:00,1605.0,1622.0,1605.0,1620.0,35900,0.0,0.0
2023-03-20 09:00:00+09:00,1594.0,1596.0,1565.0,1574.0,0,0.0,0.0
2023-03-20 10:00:00+09:00,1574.0,1579.0,1560.0,1570.0,80400,0.0,0.0
2023-03-20 11:00:00+09:00,1571.0,1576.0,1568.0,1568.0,0,0.0,0.0
2023-03-20 12:00:00+09:00,1571.0,1571.0,1552.0,1554.0,101600,0.0,0.0
2023-03-20 13:00:00+09:00,1561.0,1567.0,1552.0,1556.0,10200,0.0,0.0
2023-03-20 14:00:00+09:00,1555.0,1567.0,1550.0,1551.0,32500,0.0,0.0
2023-03-22 09:00:00+09:00,1600.0,1606.0,1584.0,1592.0,25700,0.0,0.0
2023-03-22 10:00:00+09:00,1589.0,1596.0,1583.0,1591.0,12000,0.0,0.0
2023-03-22 11:00:00+09:00,1589.0,1589.0,1581.0,1582.0,0,0.0,0.0
2023-03-22 12:00:00+09:00,1585.0,1586.0,1570.0,1575.0,52200,0.0,0.0
2023-03-22 13:00:00+09:00,1573.0,1577.0,1562.0,1568.0,13900,0.0,0.0
2023-03-22 14:00:00+09:00,1567.0,1580.0,1566.0,1580.0,24200,0.0,0.0
2023-03-23 09:00:00+09:00,1546.0,1588.0,1539.0,1575.0,0,0.0,0.0
2023-03-23 10:00:00+09:00,1576.0,1578.0,1564.0,1567.0,27200,0.0,0.0
2023-03-23 11:00:00+09:00,1569.0,1576.0,1569.0,1572.0,0,0.0,0.0
2023-03-23 12:00:00+09:00,1572.0,1575.0,1568.0,1572.0,40800,0.0,0.0
2023-03-23 13:00:00+09:00,1572.0,1574.0,1568.0,1574.0,4000,0.0,0.0
2023-03-23 14:00:00+09:00,1575.0,1583.0,1573.0,1582.0,11900,0.0,0.0
2023-03-24 09:00:00+09:00,1564.0,1564.0,1501.0,1501.0,82100,0.0,0.0
2023-03-24 10:00:00+09:00,1503.0,1503.0,1478.0,1503.0,89900,0.0,0.0
2023-03-24 11:00:00+09:00,1504.0,1518.0,1501.0,1518.0,0,0.0,0.0
2023-03-24 12:00:00+09:00,1520.0,1530.0,1512.0,1513.0,217200,0.0,0.0
2023-03-24 13:00:00+09:00,1514.0,1518.0,1505.0,1514.0,22200,0.0,0.0
2023-03-24 14:00:00+09:00,1514.0,1530.0,1513.0,1521.0,50500,0.0,0.0
2023-03-27 09:00:00+09:00,1543.0,1546.0,1474.0,1475.0,44700,0.0,0.0
2023-03-27 10:00:00+09:00,1476.0,1513.0,1474.0,1501.0,57100,0.0,0.0
2023-03-27 11:00:00+09:00,1501.0,1509.0,1495.0,1503.0,0,0.0,0.0
2023-03-27 12:00:00+09:00,1507.0,1522.0,1503.0,1518.0,133700,0.0,0.0
2023-03-27 13:00:00+09:00,1515.0,1526.0,1514.0,1514.0,32600,0.0,0.0
2023-03-27 14:00:00+09:00,1515.0,1516.0,1503.0,1507.0,15600,0.0,0.0
2023-03-28 09:00:00+09:00,1532.0,1535.0,1502.0,1502.0,35700,0.0,0.0
2023-03-28 10:00:00+09:00,1506.0,1529.0,1506.0,1515.0,10900,0.0,0.0
2023-03-28 11:00:00+09:00,1514.0,1520.0,1510.0,1513.0,0,0.0,0.0
2023-03-28 12:00:00+09:00,1508.0,1512.0,1491.0,1492.0,61300,0.0,0.0
2023-03-28 13:00:00+09:00,1493.0,1506.0,1493.0,1504.0,6300,0.0,0.0
2023-03-28 14:00:00+09:00,1503.0,1505.0,1497.0,1504.0,10200,0.0,0.0
2023-03-29 09:00:00+09:00,1493.0,1516.0,1493.0,1503.0,50300,0.0,0.0
2023-03-29 10:00:00+09:00,1503.0,1512.0,1491.0,1495.0,27900,0.0,0.0
2023-03-29 11:00:00+09:00,1493.0,1499.0,1492.0,1496.0,0,0.0,0.0
2023-03-29 12:00:00+09:00,1496.0,1508.0,1495.0,1495.0,118600,0.0,0.0
2023-03-29 13:00:00+09:00,1495.0,1501.0,1485.0,1488.0,24800,0.0,0.0
2023-03-29 14:00:00+09:00,1485.0,1506.0,1482.0,1499.0,37900,0.0,0.0
2023-03-30 09:00:00+09:00,1500.0,1533.0,1500.0,1506.0,51000,0.0,0.0
2023-03-30 10:00:00+09:00,1506.0,1520.0,1505.0,1509.0,21400,0.0,0.0
2023-03-30 11:00:00+09:00,1509.0,1516.0,1509.0,1511.0,0,0.0,0.0
2023-03-30 12:00:00+09:00,1509.0,1517.0,1505.0,1517.0,97300,0.0,0.0
2023-03-30 13:00:00+09:00,1517.0,1522.0,1514.0,1519.0,10400,0.0,0.0
2023-03-30 14:00:00+09:00,1519.0,1527.0,1515.0,1526.0,40800,0.0,0.0
2023-03-31 09:00:00+09:00,1528.0,1538.0,1495.0,1497.0,32500,0.0,0.0
2023-03-31 10:00:00+09:00,1498.0,1518.0,1498.0,1514.0,34600,0.0,0.0
2023-03-31 11:00:00+09:00,1516.0,1518.0,1506.0,1509.0,0,0.0,0.0
2023-03-31 12:00:00+09:00,1509.0,1514.0,1503.0,1511.0,76400,0.0,0.0
2023-03-31 13:00:00+09:00,1511.0,1516.0,1493.0,1496.0,39400,0.0,0.0
2023-03-31 14:00:00+09:00,1496.0,1496.0,1485.0,1495.0,43700,0.0,0.0
2023-04-03 09:00:00+09:00,1496.0,1511.0,1488.0,1500.0,40800,0.0,0.0
2023-04-03 10:00:00+09:00,1501.0,1501.0,1488.0,1489.0,40300,0.0,0.0
2023-04-03 11:00:00+09:00,1489.0,1489.0,1478.0,1487.0,0,0.0,0.0
2023-04-03 12:00:00+09:00,1492.0,1498.0,1488.0,1489.0,110200,0.0,0.0
2023-04-03 13:00:00+09:00,1489.0,1503.0,1489.0,1498.0,22300,0.0,0.0
2023-04-03 14:00:00+09:00,1497.0,1513.0,1497.0,1508.0,34600,0.0,0.0
2023-04-04 09:00:00+09:00,1497.0,1497.0,1463.0,1472.0,48800,0.0,0.0
2023-04-04 10:00:00+09:00,1470.0,1484.0,1470.0,1470.0,11200,0.0,0.0
2023-04-04 11:00:00+09:00,1471.0,1471.0,1458.0,1458.0,0,0.0,0.0
2023-04-04 12:00:00+09:00,1458.0,1465.0,1457.0,1464.0,90900,0.0,0.0
2023-04-04 13:00:00+09:00,1464.0,1466.0,1459.0,1463.0,17500,0.0,0.0
2023-04-04 14:00:00+09:00,1463.0,1464.0,1447.0,1453.0,36300,0.0,0.0
2023-04-05 09:00:00+09:00,1422.0,1431.0,1411.0,1425.0,47500,0.0,0.0
2023-04-05 10:00:00+09:00,1427.0,1476.0,1419.0,1444.0,68100,0.0,0.0
2023-04-05 11:00:00+09:00,1442.0,1458.0,1438.0,1458.0,0,0.0,0.0
2023-04-05 12:00:00+09:00,1455.0,1455.0,1440.0,1443.0,138300,0.0,0.0
2023-04-05 13:00:00+09:00,1442.0,1444.0,1435.0,1437.0,20600,0.0,0.0
2023-04-05 14:00:00+09:00,1435.0,1445.0,1433.0,1441.0,16000,0.0,0.0
2023-04-06 09:00:00+09:00,1426.0,1428.0,1411.0,1414.0,40000,0.0,0.0
2023-04-06 10:00:00+09:00,1415.0,1417.0,1408.0,1410.0,26400,0.0,0.0
2023-04-06 11:00:00+09:00,1409.0,1409.0,1400.0,1406.0,0,0.0,0.0
2023-04-06 12:00:00+09:00,1401.0,1404.0,1390.0,1400.0,96800,0.0,0.0
2023-04-06 13:00:00+09:00,1400.0,1408.0,1397.0,1406.0,11700,0.0,0.0
2023-04-06 14:00:00+09:00,1405.0,1408.0,1399.0,1406.0,23800,0.0,0.0
2023-04-07 09:00:00+09:00,1406.0,1422.0,1397.0,1401.0,19800,0.0,0.0
2023-04-07 10:00:00+09:00,1400.0,1409.0,1399.0,1407.0,10300,0.0,0.0
2023-04-07 11:00:00+09:00,1405.0,1405.0,1400.0,1403.0,0,0.0,0.0
2023-04-07 12:00:00+09:00,1403.0,1403.0,1398.0,1400.0,41600,0.0,0.0
2023-04-07 13:00:00+09:00,1399.0,1403.0,1397.0,1401.0,8300,0.0,0.0
2023-04-07 14:00:00+09:00,1400.0,1409.0,1400.0,1406.0,17100,0.0,0.0
2023-04-10 09:00:00+09:00,1422.0,1429.0,1414.0,1423.0,36100,0.0,0.0
2023-04-10 10:00:00+09:00,1424.0,1427.0,1417.0,1421.0,6200,0.0,0.0
2023-04-10 11:00:00+09:00,1420.0,1426.0,1420.0,1425.0,0,0.0,0.0
2023-04-10 12:00:00+09:00,1425.0,1440.0,1424.0,1437.0,65800,0.0,0.0
2023-04-10 13:00:00+09:00,1437.0,1438.0,1425.0,1429.0,43700,0.0,0.0
2023-04-10 14:00:00+09:00,1429.0,1430.0,1423.0,1424.0,25600,0.0,0.0
2023-04-11 09:00:00+09:00,1456.0,1484.0,1440.0,1484.0,79400,0.0,0.0
2023-04-11 10:00:00+09:00,1484.0,1487.0,1481.0,1484.0,9700,0.0,0.0
2023-04-11 11:00:00+09:00,1485.0,1486.0,1471.0,1474.0,0,0.0,0.0
2023-04-11 12:00:00+09:00,1479.0,1487.0,1478.0,1481.0,128500,0.0,0.0
2023-04-11 13:00:00+09:00,1482.0,1490.0,1480.0,1484.0,29800,0.0,0.0
2023-04-11 14:00:00+09:00,1484.0,1500.0,1482.0,1496.0,27700,0.0,0.0
2023-04-12 09:00:00+09:00,1488.0,1493.0,1471.0,1487.0,68200,0.0,0.0
2023-04-12 10:00:00+09:00,1488.0,1490.0,1470.0,1470.0,16100,0.0,0.0
2023-04-12 11:00:00+09:00,1470.0,1470.0,1462.0,1470.0,0,0.0,0.0
2023-04-12 12:00:00+09:00,1473.0,1473.0,1462.0,1466.0,99200,0.0,0.0
2023-04-12 13:00:00+09:00,1465.0,1465.0,1448.0,1456.0,30200,0.0,0.0
2023-04-12 14:00:00+09:00,1455.0,1459.0,1447.0,1455.0,32400,0.0,0.0
2023-04-13 09:00:00+09:00,1450.0,1450.0,1418.0,1429.0,67900,0.0,0.0
2023-04-13 10:00:00+09:00,1426.0,1440.0,1425.0,1438.0,12800,0.0,0.0
2023-04-13 11:00:00+09:00,1439.0,1444.0,1433.0,1444.0,0,0.0,0.0
2023-04-13 12:00:00+09:00,1441.0,1447.0,1441.0,1447.0,94500,0.0,0.0
2023-04-13 13:00:00+09:00,1447.0,1447.0,1438.0,1442.0,9800,0.0,0.0
2023-04-13 14:00:00+09:00,1443.0,1452.0,1443.0,1445.0,16300,0.0,0.0
2023-04-14 09:00:00+09:00,1447.0,1459.0,1418.0,1425.0,74100,0.0,0.0
2023-04-14 10:00:00+09:00,1424.0,1424.0,1407.0,1409.0,34100,0.0,0.0
2023-04-14 11:00:00+09:00,1408.0,1417.0,1407.0,1417.0,0,0.0,0.0
2023-04-14 12:00:00+09:00,1419.0,1424.0,1416.0,1420.0,129900,0.0,0.0
2023-04-14 13:00:00+09:00,1421.0,1428.0,1412.0,1425.0,33300,0.0,0.0
2023-04-14 14:00:00+09:00,1424.0,1428.0,1422.0,1423.0,22100,0.0,0.0
2023-04-17 09:00:00+09:00,1421.0,1424.0,1386.0,1396.0,71200,0.0,0.0
2023-04-17 10:00:00+09:00,1393.0,1401.0,1390.0,1395.0,25200,0.0,0.0
2023-04-17 11:00:00+09:00,1395.0,1395.0,1391.0,1394.0,0,0.0,0.0
2023-04-17 12:00:00+09:00,1394.0,1395.0,1390.0,1390.0,122400,0.0,0.0
2023-04-17 13:00:00+09:00,1389.0,1395.0,1385.0,1385.0,20000,0.0,0.0
2023-04-17 14:00:00+09:00,1386.0,1394.0,1383.0,1393.0,31600,0.0,0.0
2023-04-18 09:00:00+09:00,1391.0,1405.0,1386.0,1399.0,21500,0.0,0.0
2023-04-18 10:00:00+09:00,1399.0,1404.0,1397.0,1400.0,16800,0.0,0.0
2023-04-18 11:00:00+09:00,1399.0,1401.0,1399.0,1400.0,0,0.0,0.0
2023-04-18 12:00:00+09:00,1400.0,1404.0,1397.0,1397.0,51100,0.0,0.0
2023-04-18 13:00:00+09:00,1396.0,1396.0,1385.0,1386.0,13300,0.0,0.0
2023-04-18 14:00:00+09:00,1386.0,1397.0,1385.0,1394.0,18200,0.0,0.0
2023-04-19 09:00:00+09:00,1392.0,1399.0,1366.0,1366.0,37200,0.0,0.0
2023-04-19 10:00:00+09:00,1366.0,1371.0,1363.0,1365.0,0,0.0,0.0
2023-04-19 11:00:00+09:00,1365.0,1375.0,1365.0,1372.0,0,0.0,0.0
2023-04-19 12:00:00+09:00,1372.0,1372.0,1365.0,1367.0,69300,0.0,0.0
2023-04-19 13:00:00+09:00,1367.0,1377.0,1363.0,1375.0,13800,0.0,0.0
2023-04-19 14:00:00+09:00,1374.0,1374.0,1368.0,1373.0,18000,0.0,0.0
2023-04-20 09:00:00+09:00,1363.0,1382.0,1358.0,1370.0,27200,0.0,0.0
2023-04-20 10:00:00+09:00,1370.0,1375.0,1366.0,1369.0,19000,0.0,0.0
2023-04-20 11:00:00+09:00,1371.0,1372.0,1367.0,1367.0,0,0.0,0.0
2023-04-20 12:00:00+09:00,1365.0,1373.0,1365.0,1373.0,50400,0.0,0.0
2023-04-20 13:00:00+09:00,1371.0,1378.0,1370.0,1370.0,9600,0.0,0.0
2023-04-20 14:00:00+09:00,1370.0,1375.0,1366.0,1372.0,18200,0.0,0.0
2023-04-21 09:00:00+09:00,1360.0,1372.0,1347.0,1372.0,45200,0.0,0.0
2023-04-21 10:00:00+09:00,1373.0,1373.0,1359.0,1360.0,6900,0.0,0.0
2023-04-21 11:00:00+09:00,1360.0,1360.0,1356.0,1356.0,0,0.0,0.0
2023-04-21 12:00:00+09:00,1356.0,1358.0,1355.0,1358.0,58800,0.0,0.0
2023-04-21 13:00:00+09:00,1356.0,1356.0,1349.0,1353.0,13100,0.0,0.0
2023-04-21 14:00:00+09:00,1354.0,1362.0,1354.0,1361.0,18700,0.0,0.0
2023-04-24 09:00:00+09:00,1352.0,1364.0,1351.0,1364.0,29000,0.0,0.0
2023-04-24 10:00:00+09:00,1364.0,1390.0,1363.0,1384.0,78800,0.0,0.0
2023-04-24 11:00:00+09:00,1382.0,1382.0,1368.0,1369.0,0,0.0,0.0
2023-04-24 12:00:00+09:00,1368.0,1368.0,1359.0,1359.0,125800,0.0,0.0
2023-04-24 13:00:00+09:00,1358.0,1365.0,1349.0,1365.0,22600,0.0,0.0
2023-04-24 14:00:00+09:00,1364.0,1364.0,1355.0,1360.0,26200,0.0,0.0
2023-04-25 09:00:00+09:00,1372.0,1387.0,1362.0,1365.0,31500,0.0,0.0
2023-04-25 10:00:00+09:00,1364.0,1383.0,1363.0,1371.0,49400,0.0,0.0
2023-04-25 11:00:00+09:00,1372.0,1372.0,1358.0,1358.0,0,0.0,0.0
2023-04-25 12:00:00+09:00,1358.0,1359.0,1352.0,1353.0,108100,0.0,0.0
2023-04-25 13:00:00+09:00,1354.0,1360.0,1346.0,1355.0,27900,0.0,0.0
2023-04-25 14:00:00+09:00,1354.0,1360.0,1353.0,1355.0,21600,0.0,0.0
2023-04-26 09:00:00+09:00,1331.0,1331.0,1308.0,1321.0,57000,0.0,0.0
2023-04-26 10:00:00+09:00,1322.0,1324.0,1313.0,1322.0,10200,0.0,0.0
2023-04-26 11:00:00+09:00,1320.0,1325.0,1320.0,1323.0,0,0.0,0.0
2023-04-26 12:00:00+09:00,1322.0,1324.0,1318.0,1323.0,84600,0.0,0.0
2023-04-26 13:00:00+09:00,1323.0,1325.0,1313.0,1324.0,11200,0.0,0.0
2023-04-26 14:00:00+09:00,1324.0,1330.0,1323.0,1324.0,26200,0.0,0.0
2023-04-27 09:00:00+09:00,1321.0,1366.0,1321.0,1358.0,30200,0.0,0.0
2023-04-27 10:00:00+09:00,1359.0,1359.0,1340.0,1354.0,31200,0.0,0.0
2023-04-27 11:00:00+09:00,1353.0,1353.0,1346.0,1347.0,0,0.0,0.0
2023-04-27 12:00:00+09:00,1348.0,1348.0,1342.0,1343.0,72600,0.0,0.0
2023-04-27 13:00:00+09:00,1342.0,1352.0,1342.0,1350.0,15300,0.0,0.0
2023-04-27 14:00:00+09:00,1350.0,1358.0,1345.0,1358.0,35500,0.0,0.0
2023-04-28 09:00:00+09:00,1387.0,1391.0,1367.0,1375.0,26600,0.0,0.0
2023-04-28 10:00:00+09:00,1375.0,1383.0,1372.0,1380.0,9900,0.0,0.0
2023-04-28 11:00:00+09:00,1381.0,1383.0,1378.0,1380.0,0,0.0,0.0
2023-04-28 12:00:00+09:00,1382.0,1382.0,1372.0,1373.0,53500,0.0,0.0
2023-04-28 13:00:00+09:00,1372.0,1386.0,1371.0,1382.0,13300,0.0,0.0
2023-04-28 14:00:00+09:00,1381.0,1390.0,1378.0,1387.0,30900,0.0,0.0
2023-05-01 09:00:00+09:00,1405.0,1420.0,1401.0,1419.0,30700,0.0,0.0
2023-05-01 10:00:00+09:00,1419.0,1437.0,1417.0,1431.0,50800,0.0,0.0
2023-05-01 11:00:00+09:00,1432.0,1433.0,1425.0,1430.0,0,0.0,0.0
2023-05-01 12:00:00+09:00,1433.0,1433.0,1423.0,1427.0,104600,0.0,0.0
2023-05-01 13:00:00+09:00,1427.0,1427.0,1418.0,1419.0,15500,0.0,0.0
2023-05-01 14:00:00+09:00,1420.0,1427.0,1415.0,1423.0,31600,0.0,0.0
2023-05-02 09:00:00+09:00,1427.0,1433.0,1416.0,1418.0,26800,0.0,0.0
2023-05-02 10:00:00+09:00,1421.0,1430.0,1420.0,1426.0,6200,0.0,0.0
2023-05-02 11:00:00+09:00,1426.0,1426.0,1412.0,1417.0,0,0.0,0.0
2023-05-02 12:00:00+09:00,1412.0,1424.0,1412.0,1423.0,56700,0.0,0.0
2023-05-02 13:00:00+09:00,1424.0,1443.0,1418.0,1443.0,28900,0.0,0.0
2023-05-02 14:00:00+09:00,1443.0,1448.0,1437.0,1443.0,44800,0.0,0.0
2023-05-08 09:00:00+09:00,1428.0,1429.0,1365.0,1368.0,180600,0.0,0.0
2023-05-08 10:00:00+09:00,1369.0,1382.0,1369.0,1376.0,17800,0.0,0.0
2023-05-08 11:00:00+09:00,1379.0,1379.0,1368.0,1372.0,0,0.0,0.0
2023-05-08 12:00:00+09:00,1375.0,1387.0,1373.0,1384.0,227500,0.0,0.0
2023-05-08 13:00:00+09:00,1384.0,1396.0,1381.0,1383.0,55700,0.0,0.0
2023-05-08 14:00:00+09:00,1384.0,1391.0,1380.0,1383.0,44800,0.0,0.0
2023-05-09 09:00:00+09:00,1396.0,1426.0,1395.0,1416.0,0,0.0,0.0
2023-05-09 10:00:00+09:00,1415.0,1426.0,1407.0,1420.0,78000,0.0,0.0
2023-05-09 11:00:00+09:00,1419.0,1420.0,1415.0,1417.0,0,0.0,0.0
2023-05-09 12:00:00+09:00,1417.0,1419.0,1407.0,1419.0,96900,0.0,0.0
2023-05-09 13:00:00+09:00,1419.0,1423.0,1415.0,1422.0,25700,0.0,0.0
2023-05-09 14:00:00+09:00,1420.0,1430.0,1417.0,1427.0,30200,0.0,0.0
2023-05-10 09:00:00+09:00,1430.0,1460.0,1426.0,1456.0,66400,0.0,0.0
2023-05-10 10:00:00+09:00,1455.0,1455.0,1427.0,1430.0,45600,0.0,0.0
2023-05-10 11:00:00+09:00,1429.0,1431.0,1420.0,1428.0,0,0.0,0.0
2023-05-10 12:00:00+09:00,1425.0,1427.0,1412.0,1416.0,147500,0.0,0.0
2023-05-10 13:00:00+09:00,1417.0,1437.0,1414.0,1428.0,40200,0.0,0.0
2023-05-10 14:00:00+09:00,1429.0,1431.0,1425.0,1428.0,27400,0.0,0.0
2023-05-11 09:00:00+09:00,1425.0,1440.0,1413.0,1432.0,33800,0.0,0.0
2023-05-11 10:00:00+09:00,1433.0,1443.0,1424.0,1424.0,20700,0.0,0.0
2023-05-11 11:00:00+09:00,1427.0,1433.0,1427.0,1432.0,0,0.0,0.0
2023-05-11 12:00:00+09:00,1430.0,1437.0,1429.0,1429.0,71200,0.0,0.0
2023-05-11 13:00:00+09:00,1428.0,1430.0,1419.0,1423.0,22300,0.0,0.0
2023-05-11 14:00:00+09:00,1422.0,1423.0,1416.0,1423.0,23300,0.0,0.0
2023-05-12 09:00:00+09:00,1435.0,1443.0,1416.0,1422.0,36600,0.0,0.0
2023-05-12 10:00:00+09:00,1420.0,1424.0,1401.0,1406.0,40300,0.0,0.0
2023-05-12 11:00:00+09:00,1405.0,1410.0,1400.0,1408.0,0,0.0,0.0
2023-05-12 12:00:00+09:00,1410.0,1417.0,1406.0,1410.0,100200,0.0,0.0
2023-05-12 13:00:00+09:00,1409.0,1421.0,1406.0,1408.0,38900,0.0,0.0
2023-05-12 14:00:00+09:00,1407.0,1410.0,1401.0,1405.0,28400,0.0,0.0
2023-05-15 09:00:00+09:00,1480.0,1558.0,1475.0,1493.0,268000,0.0,0.0
2023-05-15 10:00:00+09:00,1494.0,1498.0,1456.0,1472.0,75600,0.0,0.0
2023-05-15 11:00:00+09:00,1471.0,1478.0,1471.0,1474.0,0,0.0,0.0
2023-05-15 12:00:00+09:00,1479.0,1480.0,1469.0,1470.0,370700,0.0,0.0
2023-05-15 13:00:00+09:00,1471.0,1477.0,1459.0,1467.0,26100,0.0,0.0
2023-05-15 14:00:00+09:00,1468.0,1479.0,1465.0,1476.0,61200,0.0,0.0
2023-05-16 09:00:00+09:00,1478.0,1478.0,1426.0,1436.0,59700,0.0,0.0
2023-05-16 10:00:00+09:00,1435.0,1435.0,1420.0,1420.0,27400,0.0,0.0
2023-05-16 11:00:00+09:00,1420.0,1422.0,1417.0,1420.0,0,0.0,0.0
2023-05-16 12:00:00+09:00,1430.0,1441.0,1422.0,1438.0,130700,0.0,0.0
2023-05-16 13:00:00+09:00,1437.0,1446.0,1431.0,1445.0,34800,0.0,0.0
2023-05-16 14:00:00+09:00,1444.0,1453.0,1443.0,1453.0,20800,0.0,0.0
2023-05-17 09:00:00+09:00,1452.0,1492.0,1451.0,1486.0,43200,0.0,0.0
2023-05-17 10:00:00+09:00,1483.0,1484.0,1475.0,1479.0,15300,0.0,0.0
2023-05-17 11:00:00+09:00,1477.0,1481.0,1474.0,1481.0,0,0.0,0.0
2023-05-17 12:00:00+09:00,1476.0,1486.0,1476.0,1478.0,78700,0.0,0.0
2023-05-17 13:00:00+09:00,1480.0,1484.0,1474.0,1478.0,22200,0.0,0.0
2023-05-17 14:00:00+09:00,1477.0,1481.0,1471.0,1472.0,15300,0.0,0.0
2023-05-18 09:00:00+09:00,1490.0,1496.0,1474.0,1486.0,45100,0.0,0.0
2023-05-18 10:00:00+09:00,1485.0,1487.0,1463.0,1466.0,35500,0.0,0.0
2023-05-18 11:00:00+09:00,1467.0,1477.0,1467.0,1470.0,0,0.0,0.0
2023-05-18 12:00:00+09:00,1468.0,1470.0,1462.0,1462.0,104100,0.0,0.0
2023-05-18 13:00:00+09:00,1461.0,1470.0,1457.0,1470.0,21800,0.0,0.0
2023-05-18 14:00:00+09:00,1470.0,1472.0,1459.0,1460.0,22000,0.0,0.0
2023-05-19 09:00:00+09:00,1472.0,1474.0,1445.0,1447.0,0,0.0,0.0
2023-05-19 10:00:00+09:00,1448.0,1452.0,1440.0,1446.0,44300,0.0,0.0
2023-05-19 11:00:00+09:00,1445.0,1445.0,1439.0,1442.0,0,0.0,0.0
2023-05-19 12:00:00+09:00,1440.0,1446.0,1440.0,1442.0,64000,0.0,0.0
2023-05-19 13:00:00+09:00,1442.0,1454.0,1438.0,1445.0,12400,0.0,0.0
2023-05-19 14:00:00+09:00,1446.0,1448.0,1442.0,1442.0,9800,0.0,0.0
2023-05-22 09:00:00+09:00,1455.0,1509.0,1452.0,1505.0,85800,0.0,0.0
2023-05-22 10:00:00+09:00,1505.0,1521.0,1504.0,1518.0,45200,0.0,0.0
2023-05-22 11:00:00+09:00,1518.0,1537.0,1516.0,1518.0,0,0.0,0.0
2023-05-22 12:00:00+09:00,1520.0,1522.0,1499.0,1500.0,253100,0.0,0.0
2023-05-22 13:00:00+09:00,1500.0,1516.0,1500.0,1510.0,29800,0.0,0.0
2023-05-22 14:00:00+09:00,1507.0,1511.0,1498.0,1502.0,28400,0.0,0.0
2023-05-23 09:00:00+09:00,1522.0,1522.0,1494.0,1507.0,53600,0.0,0.0
2023-05-23 10:00:00+09:00,1507.0,1510.0,1488.0,1492.0,23700,0.0,0.0
2023-05-23 11:00:00+09:00,1489.0,1492.0,1483.0,1488.0,0,0.0,0.0
2023-05-23 12:00:00+09:00,1488.0,1491.0,1468.0,1489.0,131000,0.0,0.0
2023-05-23 13:00:00+09:00,1485.0,1485.0,1465.0,1474.0,20000,0.0,0.0
2023-05-23 14:00:00+09:00,1472.0,1482.0,1466.0,1480.0,32100,0.0,0.0
2023-05-24 09:00:00+09:00,1460.0,1476.0,1460.0,1465.0,32100,0.0,0.0
2023-05-24 10:00:00+09:00,1469.0,1470.0,1443.0,1443.0,18600,0.0,0.0
2023-05-24 11:00:00+09:00,1443.0,1448.0,1440.0,1441.0,0,0.0,0.0
2023-05-24 12:00:00+09:00,1441.0,1446.0,1436.0,1436.0,86200,0.0,0.0
2023-05-24 13:00:00+09:00,1437.0,1438.0,1421.0,1421.0,28800,0.0,0.0
2023-05-24 14:00:00+09:00,1423.0,1426.0,1414.0,1414.0,35600,0.0,0.0
2023-05-25 09:00:00+09:00,1427.0,1461.0,1426.0,1453.0,50800,0.0,0.0
2023-05-25 10:00:00+09:00,1453.0,1453.0,1441.0,1445.0,11000,0.0,0.0
2023-05-25 11:00:00+09:00,1447.0,1453.0,1446.0,1453.0,0,0.0,0.0
2023-05-25 12:00:00+09:00,1454.0,1463.0,1446.0,1453.0,81300,0.0,0.0
2023-05-25 13:00:00+09:00,1452.0,1453.0,1436.0,1436.0,29600,0.0,0.0
2023-05-25 14:00:00+09:00,1439.0,1445.0,1437.0,1444.0,13800,0.0,0.0
2023-05-26 09:00:00+09:00,1445.0,1498.0,1444.0,1488.0,59800,0.0,0.0
2023-05-26 10:00:00+09:00,1487.0,1497.0,1481.0,1487.0,16800,0.0,0.0
2023-05-26 11:00:00+09:00,1486.0,1487.0,1472.0,1486.0,0,0.0,0.0
2023-05-26 12:00:00+09:00,1482.0,1483.0,1467.0,1471.0,98000,0.0,0.0
2023-05-26 13:00:00+09:00,1472.0,1473.0,1463.0,1463.0,11700,0.0,0.0
2023-05-26 14:00:00+09:00,1462.0,1468.0,1453.0,1456.0,24100,0.0,0.0
2023-05-29 09:00:00+09:00,1483.0,1483.0,1445.0,1458.0,21400,0.0,0.0
2023-05-29 10:00:00+09:00,1460.0,1460.0,1440.0,1440.0,17400,0.0,0.0
2023-05-29 11:00:00+09:00,1442.0,1442.0,1432.0,1433.0,0,0.0,0.0
2023-05-29 12:00:00+09:00,1432.0,1435.0,1429.0,1433.0,57400,0.0,0.0
2023-05-29 13:00:00+09:00,1432.0,1439.0,1431.0,1434.0,7100,0.0,0.0
2023-05-29 14:00:00+09:00,1436.0,1436.0,1424.0,1427.0,29600,0.0,0.0
2023-05-30 09:00:00+09:00,1421.0,1435.0,1407.0,1410.0,60300,0.0,0.0
2023-05-30 10:00:00+09:00,1410.0,1412.0,1392.0,1393.0,31200,0.0,0.0
2023-05-30 11:00:00+09:00,1391.0,1393.0,1383.0,1383.0,0,0.0,0.0
2023-05-30 12:00:00+09:00,1383.0,1390.0,1381.0,1387.0,124400,0.0,0.0
2023-05-30 13:00:00+09:00,1390.0,1405.0,1388.0,1404.0,15500,0.0,0.0
2023-05-30 14:00:00+09:00,1404.0,1413.0,1403.0,1410.0,21200,0.0,0.0
2023-05-31 09:00:00+09:00,1409.0,1409.0,1388.0,1392.0,15500,0.0,0.0
2023-05-31 10:00:00+09:00,1391.0,1403.0,1390.0,1402.0,10200,0.0,0.0
2023-05-31 11:00:00+09:00,1401.0,1401.0,1395.0,1395.0,0,0.0,0.0
2023-05-31 12:00:00+09:00,1395.0,1401.0,1394.0,1396.0,38600,0.0,0.0
2023-05-31 13:00:00+09:00,1397.0,1397.0,1387.0,1387.0,12700,0.0,0.0
2023-05-31 14:00:00+09:00,1386.0,1386.0,1378.0,1378.0,19700,0.0,0.0
2023-06-01 09:00:00+09:00,1361.0,1404.0,1356.0,1400.0,34400,0.0,0.0
2023-06-01 10:00:00+09:00,1401.0,1413.0,1398.0,1409.0,16800,0.0,0.0
2023-06-01 11:00:00+09:00,1406.0,1406.0,1397.0,1399.0,0,0.0,0.0
2023-06-01 12:00:00+09:00,1399.0,1411.0,1399.0,1410.0,64000,0.0,0.0
2023-06-01 13:00:00+09:00,1411.0,1411.0,1399.0,1406.0,7200,0.0,0.0
2023-06-01 14:00:00+09:00,1405.0,1409.0,1397.0,1400.0,16400,0.0,0.0
2023-06-02 09:00:00+09:00,1413.0,1446.0,1410.0,1441.0,36000,0.0,0.0
2023-06-02 10:00:00+09:00,1439.0,1464.0,1435.0,1462.0,40500,0.0,0.0
2023-06-02 11:00:00+09:00,1463.0,1473.0,1462.0,1464.0,0,0.0,0.0
2023-06-02 12:00:00+09:00,1468.0,1470.0,1456.0,1464.0,116500,0.0,0.0
2023-06-02 13:00:00+09:00,1464.0,1470.0,1455.0,1460.0,19800,0.0,0.0
2023-06-02 14:00:00+09:00,1459.0,1462.0,1450.0,1456.0,18900,0.0,0.0
2023-06-05 09:00:00+09:00,1488.0,1490.0,1469.0,1476.0,20900,0.0,0.0
2023-06-05 10:00:00+09:00,1473.0,1475.0,1449.0,1461.0,35200,0.0,0.0
2023-06-05 11:00:00+09:00,1461.0,1461.0,1451.0,1453.0,0,0.0,0.0
2023-06-05 12:00:00+09:00,1456.0,1466.0,1456.0,1465.0,79500,0.0,0.0
2023-06-05 13:00:00+09:00,1465.0,1475.0,1465.0,1469.0,15600,0.0,0.0
2023-06-05 14:00:00+09:00,1468.0,1469.0,1461.0,1462.0,15500,0.0,0.0
2023-06-06 09:00:00+09:00,1459.0,1470.0,1443.0,1462.0,23800,0.0,0.0
2023-06-06 10:00:00+09:00,1462.0,1470.0,1440.0,1440.0,16800,0.0,0.0
2023-06-06 11:00:00+09:00,1441.0,1446.0,1436.0,1438.0,0,0.0,0.0
2023-06-06 12:00:00+09:00,1440.0,1448.0,1432.0,1448.0,67800,0.0,0.0
2023-06-06 13:00:00+09:00,1446.0,1447.0,1436.0,1447.0,17600,0.0,0.0
2023-06-06 14:00:00+09:00,1447.0,1452.0,1440.0,1447.0,23900,0.0,0.0
2023-06-07 09:00:00+09:00,1443.0,1443.0,1391.0,1391.0,99800,0.0,0.0
2023-06-07 10:00:00+09:00,1392.0,1399.0,1374.0,1393.0,59100,0.0,0.0
2023-06-07 11:00:00+09:00,1393.0,1397.0,1390.0,1392.0,0,0.0,0.0
2023-06-07 12:00:00+09:00,1392.0,1400.0,1391.0,1396.0,187900,0.0,0.0
2023-06-07 13:00:00+09:00,1396.0,1400.0,1370.0,1384.0,83800,0.0,0.0
2023-06-07 14:00:00+09:00,1386.0,1397.0,1384.0,1385.0,65500,0.0,0.0
2023-06-08 09:00:00+09:00,1401.0,1401.0,1373.0,1374.0,64600,0.0,0.0
2023-06-08 10:00:00+09:00,1374.0,1381.0,1366.0,1371.0,39900,0.0,0.0
2023-06-08 11:00:00+09:00,1371.0,1371.0,1366.0,1369.0,0,0.0,0.0
2023-06-08 12:00:00+09:00,1367.0,1367.0,1346.0,1347.0,157800,0.0,0.0
2023-06-08 13:00:00+09:00,1347.0,1355.0,1341.0,1342.0,54700,0.0,0.0
2023-06-08 14:00:00+09:00,1341.0,1355.0,1337.0,1354.0,47800,0.0,0.0
2023-06-09 09:00:00+09:00,1360.0,1389.0,1360.0,1374.0,46400,0.0,0.0
2023-06-09 10:00:00+09:00,1374.0,1375.0,1365.0,1365.0,27900,0.0,0.0
2023-06-09 11:00:00+09:00,1363.0,1367.0,1356.0,1360.0,0,0.0,0.0
2023-06-09 12:00:00+09:00,1358.0,1368.0,1357.0,1361.0,111300,0.0,0.0
2023-06-09 13:00:00+09:00,1362.0,1362.0,1348.0,1350.0,29800,0.0,0.0
2023-06-09 14:00:00+09:00,1350.0,1362.0,1346.0,1357.0,33000,0.0,0.0
2023-06-12 09:00:00+09:00,1356.0,1368.0,1347.0,1354.0,40800,0.0,0.0
2023-06-12 10:00:00+09:00,1353.0,1361.0,1352.0,1357.0,10500,0.0,0.0
2023-06-12 11:00:00+09:00,1356.0,1360.0,1352.0,1360.0,0,0.0,0.0
2023-06-12 12:00:00+09:00,1363.0,1364.0,1350.0,1360.0,77700,0.0,0.0
2023-06-12 13:00:00+09:00,1359.0,1360.0,1353.0,1357.0,14900,0.0,0.0
2023-06-12 14:00:00+09:00,1356.0,1366.0,1354.0,1360.0,44600,0.0,0.0
2023-06-13 09:00:00+09:00,1358.0,1373.0,1352.0,1354.0,48400,0.0,0.0
2023-06-13 10:00:00+09:00,1352.0,1361.0,1350.0,1353.0,28900,0.0,0.0
2023-06-13 11:00:00+09:00,1353.0,1356.0,1346.0,1348.0,0,0.0,0.0
2023-06-13 12:00:00+09:00,1348.0,1353.0,1342.0,1344.0,107400,0.0,0.0
2023-06-13 13:00:00+09:00,1344.0,1344.0,1333.0,1334.0,25900,0.0,0.0
2023-06-13 14:00:00+09:00,1336.0,1336.0,1328.0,1328.0,29800,0.0,0.0
2023-06-14 09:00:00+09:00,1340.0,1370.0,1338.0,1364.0,38800,0.0,0.0
2023-06-14 10:00:00+09:00,1365.0,1378.0,1365.0,1375.0,22900,0.0,0.0
2023-06-14 11:00:00+09:00,1374.0,1374.0,1362.0,1363.0,0,0.0,0.0
2023-06-14 12:00:00+09:00,1360.0,1373.0,1357.0,1373.0,94700,0.0,0.0
2023-06-14 13:00:00+09:00,1374.0,1381.0,1372.0,1374.0,16700,0.0,0.0
2023-06-14 14:00:00+09:00,1374.0,1383.0,1374.0,1376.0,23000,0.0,0.0
2023-06-15 09:00:00+09:00,1374.0,1384.0,1370.0,1377.0,24600,0.0,0.0
2023-06-15 10:00:00+09:00,1376.0,1377.0,1365.0,1372.0,9800,0.0,0.0
2023-06-15 11:00:00+09:00,1374.0,1377.0,1372.0,1375.0,0,0.0,0.0
2023-06-15 12:00:00+09:00,1375.0,1378.0,1369.0,1374.0,49500,0.0,0.0
2023-06-15 13:00:00+09:00,1375.0,1378.0,1372.0,1376.0,14800,0.0,0.0
2023-06-15 14:00:00+09:00,1375.0,1380.0,1370.0,1374.0,28500,0.0,0.0
2023-06-16 09:00:00+09:00,1383.0,1385.0,1364.0,1367.0,25700,0.0,0.0
2023-06-16 10:00:00+09:00,1366.0,1369.0,1355.0,1356.0,29300,0.0,0.0
2023-06-16 11:00:00+09:00,1357.0,1357.0,1350.0,1354.0,0,0.0,0.0
2023-06-16 12:00:00+09:00,1361.0,1374.0,1360.0,1374.0,98300,0.0,0.0
2023-06-16 13:00:00+09:00,1374.0,1375.0,1367.0,1369.0,13000,0.0,0.0
2023-06-16 14:00:00+09:00,1367.0,1372.0,1362.0,1366.0,25000,0.0,0.0
2023-06-19 09:00:00+09:00,1407.0,1460.0,1407.0,1459.0,165500,0.0,0.0
2023-06-19 10:00:00+09:00,1458.0,1477.0,1456.0,1473.0,51700,0.0,0.0
2023-06-19 11:00:00+09:00,1473.0,1473.0,1454.0,1463.0,0,0.0,0.0
2023-06-19 12:00:00+09:00,1461.0,1465.0,1451.0,1453.0,302200,0.0,0.0
2023-06-19 13:00:00+09:00,1450.0,1464.0,1449.0,1459.0,39400,0.0,0.0
2023-06-19 14:00:00+09:00,1458.0,1463.0,1454.0,1461.0,30800,0.0,0.0
2023-06-20 09:00:00+09:00,1461.0,1490.0,1460.0,1490.0,79900,0.0,0.0
2023-06-20 10:00:00+09:00,1493.0,1537.0,1490.0,1535.0,126500,0.0,0.0
2023-06-20 11:00:00+09:00,1534.0,1539.0,1521.0,1521.0,0,0.0,0.0
2023-06-20 12:00:00+09:00,1520.0,1530.0,1513.0,1517.0,267500,0.0,0.0
2023-06-20 13:00:00+09:00,1516.0,1530.0,1505.0,1528.0,55500,0.0,0.0
2023-06-20 14:00:00+09:00,1529.0,1546.0,1520.0,1546.0,98000,0.0,0.0
2023-06-21 09:00:00+09:00,1531.0,1570.0,1529.0,1552.0,121200,0.0,0.0
2023-06-21 10:00:00+09:00,1552.0,1555.0,1530.0,1533.0,58600,0.0,0.0
2023-06-21 11:00:00+09:00,1530.0,1532.0,1526.0,1530.0,0,0.0,0.0
2023-06-21 12:00:00+09:00,1532.0,1533.0,1511.0,1528.0,224700,0.0,0.0
2023-06-21 13:00:00+09:00,1531.0,1532.0,1516.0,1521.0,32300,0.0,0.0
2023-06-21 14:00:00+09:00,1522.0,1530.0,1516.0,1529.0,52500,0.0,0.0
2023-06-22 09:00:00+09:00,1530.0,1553.0,1519.0,1534.0,63100,0.0,0.0
2023-06-22 10:00:00+09:00,1535.0,1537.0,1524.0,1533.0,34600,0.0,0.0
2023-06-22 11:00:00+09:00,1532.0,1544.0,1532.0,1543.0,0,0.0,0.0
2023-06-22 12:00:00+09:00,1547.0,1568.0,1547.0,1568.0,142400,0.0,0.0
2023-06-22 13:00:00+09:00,1567.0,1572.0,1549.0,1557.0,34600,0.0,0.0
2023-06-22 14:00:00+09:00,1557.0,1558.0,1535.0,1537.0,32200,0.0,0.0
2023-06-23 09:00:00+09:00,1555.0,1596.0,1514.0,1518.0,136700,0.0,0.0
2023-06-23 10:00:00+09:00,1515.0,1516.0,1479.0,1493.0,70300,0.0,0.0
2023-06-23 11:00:00+09:00,1493.0,1500.0,1484.0,1487.0,0,0.0,0.0
2023-06-23 12:00:00+09:00,1485.0,1488.0,1472.0,1482.0,259800,0.0,0.0
2023-06-23 13:00:00+09:00,1484.0,1497.0,1481.0,1491.0,26500,0.0,0.0
2023-06-23 14:00:00+09:00,1491.0,1514.0,1488.0,1512.0,37000,0.0,0.0
2023-06-26 09:00:00+09:00,1483.0,1510.0,1444.0,1472.0,95000,0.0,0.0
2023-06-26 10:00:00+09:00,1471.0,1485.0,1455.0,1481.0,30200,0.0,0.0
2023-06-26 11:00:00+09:00,1480.0,1487.0,1480.0,1483.0,0,0.0,0.0
2023-06-26 12:00:00+09:00,1478.0,1478.0,1457.0,1461.0,145300,0.0,0.0
2023-06-26 13:00:00+09:00,1461.0,1479.0,1461.0,1473.0,23200,0.0,0.0
2023-06-26 14:00:00+09:00,1473.0,1483.0,1470.0,1476.0,28400,0.0,0.0
2023-06-27 09:00:00+09:00,1468.0,1487.0,1458.0,1482.0,19400,0.0,0.0
2023-06-27 10:00:00+09:00,1481.0,1481.0,1454.0,1456.0,36200,0.0,0.0
2023-06-27 11:00:00+09:00,1456.0,1460.0,1454.0,1455.0,0,0.0,0.0
2023-06-27 12:00:00+09:00,1453.0,1453.0,1445.0,1452.0,74700,0.0,0.0
2023-06-27 13:00:00+09:00,1451.0,1473.0,1451.0,1472.0,10500,0.0,0.0
2023-06-27 14:00:00+09:00,1471.0,1474.0,1464.0,1467.0,20600,0.0,0.0
2023-06-28 09:00:00+09:00,1483.0,1500.0,1472.0,1496.0,27100,0.0,0.0
2023-06-28 10:00:00+09:00,1495.0,1507.0,1488.0,1506.0,22600,0.0,0.0
2023-06-28 11:00:00+09:00,1503.0,1513.0,1503.0,1512.0,0,0.0,0.0
2023-06-28 12:00:00+09:00,1515.0,1522.0,1515.0,1519.0,69800,0.0,0.0
2023-06-28 13:00:00+09:00,1518.0,1526.0,1513.0,1521.0,20300,0.0,0.0
2023-06-28 14:00:00+09:00,1521.0,1533.0,1521.0,1528.0,33800,0.0,0.0
2023-06-29 09:00:00+09:00,1537.0,1537.0,1517.0,1523.0,27100,0.0,0.0
2023-06-29 10:00:00+09:00,1521.0,1521.0,1512.0,1515.0,8000,0.0,0.0
2023-06-29 11:00:00+09:00,1511.0,1519.0,1503.0,1519.0,0,0.0,0.0
2023-06-29 12:00:00+09:00,1520.0,1532.0,1515.0,1531.0,51300,0.0,0.0
2023-06-29 13:00:00+09:00,1529.0,1545.0,1529.0,1545.0,21600,0.0,0.0
2023-06-29 14:00:00+09:00,1545.0,1549.0,1537.0,1542.0,22000,0.0,0.0
2023-06-30 09:00:00+09:00,1548.0,1577.0,1540.0,1553.0,48700,0.0,0.0
2023-06-30 10:00:00+09:00,1555.0,1560.0,1541.0,1551.0,20000,0.0,0.0
2023-06-30 11:00:00+09:00,1549.0,1551.0,1544.0,1549.0,0,0.0,0.0
2023-06-30 12:00:00+09:00,1550.0,1563.0,1549.0,1554.0,104300,0.0,0.0
2023-06-30 13:00:00+09:00,1557.0,1565.0,1557.0,1565.0,19900,0.0,0.0
2023-06-30 14:00:00+09:00,1565.0,1577.0,1563.0,1563.0,47200,0.0,0.0
2023-07-03 09:00:00+09:00,1567.0,1577.0,1544.0,1546.0,23700,0.0,0.0
2023-07-03 10:00:00+09:00,1548.0,1562.0,1544.0,1556.0,13900,0.0,0.0
2023-07-03 11:00:00+09:00,1557.0,1561.0,1553.0,1557.0,0,0.0,0.0
2023-07-03 12:00:00+09:00,1560.0,1560.0,1548.0,1550.0,68700,0.0,0.0
2023-07-03 13:00:00+09:00,1547.0,1549.0,1532.0,1536.0,25100,0.0,0.0
2023-07-03 14:00:00+09:00,1535.0,1536.0,1530.0,1534.0,18500,0.0,0.0
2023-07-04 09:00:00+09:00,1545.0,1547.0,1529.0,1547.0,21300,0.0,0.0
2023-07-04 10:00:00+09:00,1547.0,1577.0,1546.0,1574.0,35600,0.0,0.0
2023-07-04 11:00:00+09:00,1572.0,1577.0,1567.0,1572.0,0,0.0,0.0
2023-07-04 12:00:00+09:00,1570.0,1579.0,1567.0,1576.0,86000,0.0,0.0
2023-07-04 13:00:00+09:00,1578.0,1593.0,1577.0,1592.0,42100,0.0,0.0
2023-07-04 14:00:00+09:00,1592.0,1595.0,1580.0,1586.0,46700,0.0,0.0
2023-07-05 09:00:00+09:00,1581.0,1581.0,1553.0,1569.0,22700,0.0,0.0
2023-07-05 10:00:00+09:00,1568.0,1572.0,1564.0,1567.0,14200,0.0,0.0
2023-07-05 11:00:00+09:00,1564.0,1566.0,1546.0,1551.0,0,0.0,0.0
2023-07-05 12:00:00+09:00,1555.0,1571.0,1555.0,1570.0,57400,0.0,0.0
2023-07-05 13:00:00+09:00,1570.0,1572.0,1565.0,1566.0,10700,0.0,0.0
2023-07-05 14:00:00+09:00,1564.0,1578.0,1563.0,1577.0,12000,0.0,0.0
2023-07-06 09:00:00+09:00,1564.0,1567.0,1538.0,1558.0,33800,0.0,0.0
2023-07-06 10:00:00+09:00,1557.0,1558.0,1551.0,1556.0,5400,0.0,0.0
2023-07-06 11:00:00+09:00,1556.0,1557.0,1542.0,1545.0,0,0.0,0.0
2023-07-06 12:00:00+09:00,1543.0,1543.0,1521.0,1528.0,79300,0.0,0.0
2023-07-06 13:00:00+09:00,1528.0,1540.0,1527.0,1539.0,13600,0.0,0.0
2023-07-06 14:00:00+09:00,1537.0,1545.0,1536.0,1544.0,25200,0.0,0.0
2023-07-07 09:00:00+09:00,1524.0,1546.0,1513.0,1544.0,23600,0.0,0.0
2023-07-07 10:00:00+09:00,1544.0,1546.0,1536.0,1538.0,8000,0.0,0.0
2023-07-07 11:00:00+09:00,1539.0,1545.0,1538.0,1539.0,0,0.0,0.0
2023-07-07 12:00:00+09:00,1537.0,1546.0,1537.0,1543.0,45000,0.0,0.0
2023-07-07 13:00:00+09:00,1541.0,1541.0,1530.0,1534.0,16700,0.0,0.0
2023-07-07 14:00:00+09:00,1531.0,1536.0,1519.0,1521.0,24200,0.0,0.0
2023-07-10 09:00:00+09:00,1526.0,1552.0,1506.0,1543.0,46200,0.0,0.0
2023-07-10 10:00:00+09:00,1542.0,1546.0,1533.0,1540.0,15200,0.0,0.0
2023-07-10 11:00:00+09:00,1538.0,1546.0,1538.0,1546.0,0,0.0,0.0
2023-07-10 12:00:00+09:00,1545.0,1548.0,1540.0,1540.0,70300,0.0,0.0
2023-07-10 13:00:00+09:00,1539.0,1547.0,1533.0,1542.0,10700,0.0,0.0
2023-07-10 14:00:00+09:00,1543.0,1543.0,1532.0,1532.0,15000,0.0,0.0
2023-07-11 09:00:00+09:00,1525.0,1544.0,1513.0,1519.0,31500,0.0,0.0
2023-07-11 10:00:00+09:00,1519.0,1524.0,1518.0,1522.0,5400,0.0,0.0
2023-07-11 11:00:00+09:00,1520.0,1525.0,1518.0,1525.0,0,0.0,0.0
2023-07-11 12:00:00+09:00,1522.0,1543.0,1522.0,1540.0,47300,0.0,0.0
2023-07-11 13:00:00+09:00,1539.0,1539.0,1522.0,1522.0,5300,0.0,0.0
2023-07-11 14:00:00+09:00,1523.0,1524.0,1507.0,1517.0,44200,0.0,0.0
2023-07-12 09:00:00+09:00,1542.0,1542.0,1522.0,1535.0,21300,0.0,0.0
2023-07-12 10:00:00+09:00,1533.0,1534.0,1518.0,1531.0,17200,0.0,0.0
2023-07-12 11:00:00+09:00,1527.0,1531.0,1524.0,1528.0,0,0.0,0.0
2023-07-12 12:00:00+09:00,1527.0,1531.0,1518.0,1521.0,48900,0.0,0.0
2023-07-12 13:00:00+09:00,1522.0,1524.0,1514.0,1515.0,11500,0.0,0.0
2023-07-12 14:00:00+09:00,1516.0,1517.0,1506.0,1506.0,28200,0.0,0.0
2023-07-13 09:00:00+09:00,1504.0,1504.0,1479.0,1482.0,41400,0.0,0.0
2023-07-13 10:00:00+09:00,1482.0,1489.0,1477.0,1488.0,21400,0.0,0.0
2023-07-13 11:00:00+09:00,1488.0,1498.0,1488.0,1496.0,0,0.0,0.0
2023-07-13 12:00:00+09:00,1496.0,1506.0,1496.0,1500.0,78400,0.0,0.0
2023-07-13 13:00:00+09:00,1499.0,1499.0,1488.0,1488.0,8600,0.0,0.0
2023-07-13 14:00:00+09:00,1489.0,1495.0,1489.0,1494.0,9700,0.0,0.0
2023-07-14 09:00:00+09:00,1497.0,1497.0,1447.0,1450.0,51200,0.0,0.0
2023-07-14 10:00:00+09:00,1451.0,1457.0,1445.0,1455.0,18900,0.0,0.0
2023-07-14 11:00:00+09:00,1453.0,1462.0,1452.0,1458.0,0,0.0,0.0
2023-07-14 12:00:00+09:00,1456.0,1477.0,1456.0,1468.0,85700,0.0,0.0
2023-07-14 13:00:00+09:00,1467.0,1467.0,1459.0,1463.0,16200,0.0,0.0
2023-07-14 14:00:00+09:00,1461.0,1464.0,1456.0,1456.0,19500,0.0,0.0
2023-07-18 09:00:00+09:00,1445.0,1470.0,1436.0,1465.0,33700,0.0,0.0
2023-07-18 10:00:00+09:00,1462.0,1463.0,1457.0,1457.0,5100,0.0,0.0
2023-07-18 11:00:00+09:00,1458.0,1467.0,1452.0,1458.0,0,0.0,0.0
2023-07-18 12:00:00+09:00,1452.0,1453.0,1448.0,1448.0,57500,0.0,0.0
2023-07-18 13:00:00+09:00,1447.0,1447.0,1438.0,1445.0,15600,0.0,0.0
2023-07-18 14:00:00+09:00,1445.0,1449.0,1440.0,1446.0,18900,0.0,0.0
2023-07-19 09:00:00+09:00,1470.0,1488.0,1456.0,1457.0,26000,0.0,0.0
2023-07-19 10:00:00+09:00,1456.0,1458.0,1452.0,1457.0,23800,0.0,0.0
2023-07-19 11:00:00+09:00,1458.0,1469.0,1458.0,1469.0,0,0.0,0.0
2023-07-19 12:00:00+09:00,1463.0,1479.0,1460.0,1476.0,84200,0.0,0.0
2023-07-19 13:00:00+09:00,1474.0,1480.0,1474.0,1480.0,9900,0.0,0.0
2023-07-19 14:00:00+09:00,1480.0,1495.0,1480.0,1495.0,28500,0.0,0.0
2023-07-20 09:00:00+09:00,1500.0,1506.0,1492.0,1497.0,22400,0.0,0.0
2023-07-20 10:00:00+09:00,1500.0,1502.0,1496.0,1496.0,4900,0.0,0.0
2023-07-20 11:00:00+09:00,1496.0,1497.0,1489.0,1489.0,0,0.0,0.0
2023-07-20 12:00:00+09:00,1485.0,1488.0,1481.0,1482.0,38200,0.0,0.0
2023-07-20 13:00:00+09:00,1484.0,1484.0,1479.0,1480.0,9600,0.0,0.0
2023-07-20 14:00:00+09:00,1479.0,1480.0,1472.0,1480.0,16200,0.0,0.0
2023-07-21 09:00:00+09:00,1480.0,1481.0,1458.0,1474.0,29900,0.0,0.0
2023-07-21 10:00:00+09:00,1470.0,1473.0,1467.0,1467.0,4600,0.0,0.0
2023-07-21 11:00:00+09:00,1467.0,1469.0,1465.0,1465.0,0,0.0,0.0
2023-07-21 12:00:00+09:00,1465.0,1474.0,1465.0,1466.0,42900,0.0,0.0
2023-07-21 13:00:00+09:00,1465.0,1465.0,1461.0,1462.0,2300,0.0,0.0
2023-07-21 14:00:00+09:00,1462.0,1470.0,1462.0,1470.0,14500,0.0,0.0
2023-07-24 09:00:00+09:00,1493.0,1543.0,1486.0,1539.0,56500,0.0,0.0
2023-07-24 10:00:00+09:00,1539.0,1555.0,1531.0,1551.0,45200,0.0,0.0
2023-07-24 11:00:00+09:00,1549.0,1551.0,1539.0,1539.0,0,0.0,0.0
2023-07-24 12:00:00+09:00,1545.0,1583.0,1544.0,1580.0,159000,0.0,0.0
2023-07-24 13:00:00+09:00,1579.0,1599.0,1579.0,1597.0,87700,0.0,0.0
2023-07-24 14:00:00+09:00,1595.0,1605.0,1591.0,1592.0,78200,0.0,0.0
2023-07-25 09:00:00+09:00,1600.0,1606.0,1563.0,1579.0,59300,0.0,0.0
2023-07-25 10:00:00+09:00,1577.0,1597.0,1571.0,1573.0,34300,0.0,0.0
2023-07-25 11:00:00+09:00,1571.0,1583.0,1571.0,1578.0,0,0.0,0.0
2023-07-25 12:00:00+09:00,1582.0,1583.0,1570.0,1575.0,118800,0.0,0.0
2023-07-25 13:00:00+09:00,1573.0,1579.0,1570.0,1577.0,15100,0.0,0.0
2023-07-25 14:00:00+09:00,1578.0,1579.0,1566.0,1571.0,31200,0.0,0.0
2023-07-26 09:00:00+09:00,1570.0,1570.0,1526.0,1541.0,48700,0.0,0.0
2023-07-26 10:00:00+09:00,1540.0,1549.0,1540.0,1541.0,10800,0.0,0.0
2023-07-26 11:00:00+09:00,1542.0,1553.0,1538.0,1552.0,0,0.0,0.0
2023-07-26 12:00:00+09:00,1547.0,1552.0,1544.0,1552.0,74700,0.0,0.0
2023-07-26 13:00:00+09:00,1551.0,1551.0,1540.0,1541.0,10700,0.0,0.0
2023-07-26 14:00:00+09:00,1543.0,1545.0,1536.0,1543.0,18700,0.0,0.0
2023-07-27 09:00:00+09:00,1567.0,1642.0,1567.0,1632.0,159700,0.0,0.0
2023-07-27 10:00:00+09:00,1630.0,1659.0,1627.0,1657.0,84300,0.0,0.0
2023-07-27 11:00:00+09:00,1655.0,1655.0,1636.0,1643.0,0,0.0,0.0
2023-07-27 12:00:00+09:00,1640.0,1642.0,1624.0,1629.0,307100,0.0,0.0
2023-07-27 13:00:00+09:00,1630.0,1630.0,1619.0,1623.0,37100,0.0,0.0
2023-07-27 14:00:00+09:00,1624.0,1630.0,1618.0,1626.0,45900,0.0,0.0
2023-07-28 09:00:00+09:00,1605.0,1606.0,1558.0,1573.0,106900,0.0,0.0
2023-07-28 10:00:00+09:00,1573.0,1590.0,1569.0,1590.0,27700,0.0,0.0
2023-07-28 11:00:00+09:00,1589.0,1589.0,1578.0,1582.0,0,0.0,0.0
2023-07-28 12:00:00+09:00,1584.0,1612.0,1579.0,1580.0,173400,0.0,0.0
2023-07-28 13:00:00+09:00,1582.0,1582.0,1548.0,1561.0,79700,0.0,0.0
2023-07-28 14:00:00+09:00,1561.0,1582.0,1552.0,1580.0,37700,0.0,0.0
2023-07-31 09:00:00+09:00,1625.0,1649.0,1603.0,1623.0,83500,0.0,0.0
2023-07-31 10:00:00+09:00,1624.0,1652.0,1620.0,1651.0,40200,0.0,0.0
2023-07-31 11:00:00+09:00,1650.0,1653.0,1645.0,1648.0,0,0.0,0.0
2023-07-31 12:00:00+09:00,1651.0,1654.0,1638.0,1640.0,158500,0.0,0.0
2023-07-31 13:00:00+09:00,1636.0,1644.0,1633.0,1635.0,12700,0.0,0.0
2023-07-31 14:00:00+09:00,1636.0,1655.0,1633.0,1654.0,53800,0.0,0.0
2023-08-01 09:00:00+09:00,1657.0,1710.0,1650.0,1705.0,134600,0.0,0.0
2023-08-01 10:00:00+09:00,1704.0,1706.0,1665.0,1666.0,36300,0.0,0.0
2023-08-01 11:00:00+09:00,1668.0,1676.0,1666.0,1675.0,0,0.0,0.0
2023-08-01 12:00:00+09:00,1674.0,1677.0,1666.0,1674.0,187100,0.0,0.0
2023-08-01 13:00:00+09:00,1674.0,1683.0,1671.0,1683.0,15000,0.0,0.0
2023-08-01 14:00:00+09:00,1684.0,1690.0,1678.0,1690.0,23500,0.0,0.0
2023-08-02 09:00:00+09:00,1676.0,1692.0,1663.0,1677.0,58500,0.0,0.0
2023-08-02 10:00:00+09:00,1675.0,1679.0,1655.0,1657.0,25000,0.0,0.0
2023-08-02 11:00:00+09:00,1657.0,1657.0,1644.0,1655.0,0,0.0,0.0
2023-08-02 12:00:00+09:00,1650.0,1660.0,1650.0,1652.0,107100,0.0,0.0
2023-08-02 13:00:00+09:00,1652.0,1653.0,1644.0,1647.0,16700,0.0,0.0
2023-08-02 14:00:00+09:00,1645.0,1651.0,1640.0,1647.0,34700,0.0,0.0
2023-08-03 09:00:00+09:00,1620.0,1632.0,1607.0,1618.0,38000,0.0,0.0
2023-08-03 10:00:00+09:00,1617.0,1638.0,1617.0,1635.0,13300,0.0,0.0
2023-08-03 11:00:00+09:00,1633.0,1645.0,1631.0,1631.0,0,0.0,0.0
2023-08-03 12:00:00+09:00,1625.0,1633.0,1618.0,1619.0,88700,0.0,0.0
2023-08-03 13:00:00+09:00,1620.0,1623.0,1608.0,1609.0,35800,0.0,0.0
2023-08-03 14:00:00+09:00,1611.0,1617.0,1608.0,1617.0,28800,0.0,0.0
2023-08-04 09:00:00+09:00,1618.0,1636.0,1592.0,1627.0,39700,0.0,0.0
2023-08-04 10:00:00+09:00,1625.0,1626.0,1612.0,1618.0,16200,0.0,0.0
2023-08-04 11:00:00+09:00,1619.0,1620.0,1613.0,1617.0,0,0.0,0.0
2023-08-04 12:00:00+09:00,1614.0,1618.0,1608.0,1608.0,68000,0.0,0.0
2023-08-04 13:00:00+09:00,1608.0,1616.0,1605.0,1616.0,14900,0.0,0.0
2023-08-04 14:00:00+09:00,1616.0,1633.0,1616.0,1628.0,27500,0.0,0.0
2023-08-07 09:00:00+09:00,1613.0,1613.0,1585.0,1598.0,0,0.0,0.0
2023-08-07 10:00:00+09:00,1597.0,1623.0,1595.0,1617.0,36000,0.0,0.0
2023-08-07 11:00:00+09:00,1615.0,1619.0,1612.0,1619.0,0,0.0,0.0
2023-08-07 12:00:00+09:00,1615.0,1623.0,1615.0,1618.0,50700,0.0,0.0
2023-08-07 13:00:00+09:00,1615.0,1622.0,1613.0,1615.0,6300,0.0,0.0
2023-08-07 14:00:00+09:00,1614.0,1620.0,1614.0,1619.0,15200,0.0,0.0
2023-08-08 09:00:00+09:00,1647.0,1651.0,1633.0,1646.0,29700,0.0,0.0
2023-08-08 10:00:00+09:00,1645.0,1645.0,1631.0,1635.0,14000,0.0,0.0
2023-08-08 11:00:00+09:00,1636.0,1643.0,1636.0,1641.0,0,0.0,0.0
2023-08-08 12:00:00+09:00,1638.0,1641.0,1627.0,1635.0,61900,0.0,0.0
2023-08-08 13:00:00+09:00,1637.0,1639.0,1632.0,1638.0,12100,0.0,0.0
2023-08-08 14:00:00+09:00,1639.0,1642.0,1635.0,1635.0,18800,0.0,0.0
2023-08-09 09:00:00+09:00,1611.0,1669.0,1605.0,1665.0,73100,0.0,0.0
2023-08-09 10:00:00+09:00,1664.0,1672.0,1664.0,1668.0,14300,0.0,0.0
2023-08-09 11:00:00+09:00,1669.0,1669.0,1649.0,1654.0,0,0.0,0.0
2023-08-09 12:00:00+09:00,1646.0,1651.0,1640.0,1645.0,105400,0.0,0.0
2023-08-09 13:00:00+09:00,1645.0,1650.0,1640.0,1646.0,11100,0.0,0.0
2023-08-09 14:00:00+09:00,1647.0,1654.0,1645.0,1652.0,18800,0.0,0.0
2023-08-10 09:00:00+09:00,1619.0,1647.0,1600.0,1640.0,60000,0.0,0.0
2023-08-10 10:00:00+09:00,1641.0,1657.0,1639.0,1657.0,15000,0.0,0.0
2023-08-10 11:00:00+09:00,1656.0,1664.0,1656.0,1664.0,0,0.0,0.0
2023-08-10 12:00:00+09:00,1665.0,1674.0,1665.0,1673.0,101800,0.0,0.0
2023-08-10 13:00:00+09:00,1670.0,1682.0,1667.0,1675.0,26300,0.0,0.0
2023-08-10 14:00:00+09:00,1678.0,1680.0,1667.0,1671.0,49600,0.0,0.0
2023-08-14 09:00:00+09:00,1480.0,1544.0,1480.0,1506.0,173200,0.0,0.0
2023-08-14 10:00:00+09:00,1505.0,1541.0,1502.0,1532.0,51600,0.0,0.0
2023-08-14 11:00:00+09:00,1531.0,1531.0,1518.0,1527.0,0,0.0,0.0
2023-08-14 12:00:00+09:00,1529.0,1532.0,1513.0,1517.0,277300,0.0,0.0
2023-08-14 13:00:00+09:00,1515.0,1515.0,1493.0,1502.0,80700,0.0,0.0
2023-08-14 14:00:00+09:00,1501.0,1531.0,1501.0,1526.0,43100,0.0,0.0
2023-08-15 09:00:00+09:00,1532.0,1556.0,1512.0,1536.0,45800,0.0,0.0
2023-08-15 10:00:00+09:00,1536.0,1539.0,1501.0,1503.0,37500,0.0,0.0
2023-08-15 11:00:00+09:00,1503.0,1503.0,1485.0,1492.0,0,0.0,0.0
2023-08-15 12:00:00+09:00,1493.0,1495.0,1466.0,1471.0,199600,0.0,0.0
2023-08-15 13:00:00+09:00,1471.0,1486.0,1469.0,1480.0,44200,0.0,0.0
2023-08-15 14:00:00+09:00,1478.0,1485.0,1478.0,1483.0,54400,0.0,0.0
2023-08-16 09:00:00+09:00,1461.0,1487.0,1455.0,1479.0,43500,0.0,0.0
2023-08-16 10:00:00+09:00,1480.0,1489.0,1445.0,1453.0,44200,0.0,0.0
2023-08-16 11:00:00+09:00,1452.0,1473.0,1450.0,1473.0,0,0.0,0.0
2023-08-16 12:00:00+09:00,1470.0,1483.0,1470.0,1474.0,109200,0.0,0.0
2023-08-16 13:00:00+09:00,1475.0,1475.0,1453.0,1453.0,27400,0.0,0.0
2023-08-16 14:00:00+09:00,1453.0,1455.0,1442.0,1444.0,43600,0.0,0.0
2023-08-17 09:00:00+09:00,1435.0,1450.0,1422.0,1429.0,40500,0.0,0.0
2023-08-17 10:00:00+09:00,1430.0,1433.0,1411.0,1415.0,26500,0.0,0.0
2023-08-17 11:00:00+09:00,1415.0,1433.0,1415.0,1431.0,0,0.0,0.0
2023-08-17 12:00:00+09:00,1426.0,1449.0,1426.0,1449.0,92700,0.0,0.0
2023-08-17 13:00:00+09:00,1449.0,1452.0,1437.0,1437.0,16500,0.0,0.0
2023-08-17 14:00:00+09:00,1438.0,1449.0,1435.0,1439.0,41000,0.0,0.0
2023-08-18 09:00:00+09:00,1411.0,1425.0,1405.0,1411.0,71400,0.0,0.0
2023-08-18 10:00:00+09:00,1413.0,1427.0,1411.0,1427.0,11400,0.0,0.0
2023-08-18 11:00:00+09:00,1428.0,1436.0,1428.0,1432.0,0,0.0,0.0
2023-08-18 12:00:00+09:00,1428.0,1428.0,1412.0,1418.0,99100,0.0,0.0
2023-08-18 13:00:00+09:00,1419.0,1423.0,1411.0,1416.0,32500,0.0,0.0
2023-08-18 14:00:00+09:00,1416.0,1423.0,1406.0,1421.0,43200,0.0,0.0
2023-08-21 09:00:00+09:00,1425.0,1434.0,1405.0,1418.0,21800,0.0,0.0
2023-08-21 10:00:00+09:00,1417.0,1434.0,1410.0,1429.0,0,0.0,0.0
2023-08-21 11:00:00+09:00,1433.0,1439.0,1431.0,1439.0,0,0.0,0.0
2023-08-21 12:00:00+09:00,1440.0,1440.0,1432.0,1436.0,41300,0.0,0.0
2023-08-21 13:00:00+09:00,1435.0,1439.0,1430.0,1431.0,7900,0.0,0.0
2023-08-21 14:00:00+09:00,1432.0,1443.0,1423.0,1442.0,29300,0.0,0.0
2023-08-22 09:00:00+09:00,1450.0,1464.0,1442.0,1458.0,0,0.0,0.0
2023-08-22 10:00:00+09:00,1456.0,1460.0,1449.0,1452.0,31500,0.0,0.0
2023-08-22 11:00:00+09:00,1450.0,1450.0,1441.0,1448.0,0,0.0,0.0
2023-08-22 12:00:00+09:00,1449.0,1451.0,1445.0,1451.0,45400,0.0,0.0
2023-08-22 13:00:00+09:00,1449.0,1458.0,1447.0,1452.0,16700,0.0,0.0
2023-08-22 14:00:00+09:00,1455.0,1460.0,1451.0,1460.0,25300,0.0,0.0
2023-08-23 09:00:00+09:00,1459.0,1483.0,1457.0,1483.0,17300,0.0,0.0
2023-08-23 10:00:00+09:00,1483.0,1491.0,1481.0,1485.0,10800,0.0,0.0
2023-08-23 11:00:00+09:00,1485.0,1487.0,1483.0,1487.0,0,0.0,0.0
2023-08-23 12:00:00+09:00,1490.0,1490.0,1479.0,1482.0,42700,0.0,0.0
2023-08-23 13:00:00+09:00,1482.0,1489.0,1482.0,1489.0,8600,0.0,0.0
2023-08-23 14:00:00+09:00,1487.0,1487.0,1478.0,1484.0,18900,0.0,0.0
2023-08-24 09:00:00+09:00,1480.0,1480.0,1457.0,1466.0,27700,0.0,0.0
2023-08-24 10:00:00+09:00,1461.0,1468.0,1455.0,1461.0,17100,0.0,0.0
2023-08-24 11:00:00+09:00,1460.0,1463.0,1457.0,1457.0,0,0.0,0.0
2023-08-24 12:00:00+09:00,1460.0,1470.0,1458.0,1462.0,58400,0.0,0.0
2023-08-24 13:00:00+09:00,1465.0,1465.0,1460.0,1463.0,5200,0.0,0.0
2023-08-24 14:00:00+09:00,1462.0,1466.0,1460.0,1462.0,17300,0.0,0.0
2023-08-25 09:00:00+09:00,1426.0,1440.0,1415.0,1435.0,49300,0.0,0.0
2023-08-25 10:00:00+09:00,1434.0,1443.0,1432.0,1434.0,13500,0.0,0.0
2023-08-25 11:00:00+09:00,1434.0,1445.0,1434.0,1442.0,0,0.0,0.0
2023-08-25 12:00:00+09:00,1445.0,1461.0,1445.0,1458.0,79100,0.0,0.0
2023-08-25 13:00:00+09:00,1458.0,1465.0,1455.0,1457.0,13700,0.0,0.0
2023-08-25 14:00:00+09:00,1456.0,1457.0,1453.0,1455.0,19300,0.0,0.0
2023-08-28 09:00:00+09:00,1471.0,1479.0,1460.0,1460.0,20300,0.0,0.0
2023-08-28 10:00:00+09:00,1460.0,1462.0,1456.0,1460.0,8900,0.0,0.0
2023-08-28 11:00:00+09:00,1461.0,1467.0,1460.0,1460.0,0,0.0,0.0
2023-08-28 12:00:00+09:00,1459.0,1463.0,1459.0,1460.0,38700,0.0,0.0
2023-08-28 13:00:00+09:00,1460.0,1461.0,1455.0,1461.0,9200,0.0,0.0
2023-08-28 14:00:00+09:00,1461.0,1465.0,1458.0,1464.0,10600,0.0,0.0
2023-08-29 09:00:00+09:00,1471.0,1503.0,1471.0,1495.0,67000,0.0,0.0
2023-08-29 10:00:00+09:00,1494.0,1494.0,1484.0,1493.0,9700,0.0,0.0
2023-08-29 11:00:00+09:00,1492.0,1493.0,1491.0,1493.0,0,0.0,0.0
2023-08-29 12:00:00+09:00,1490.0,1516.0,1490.0,1516.0,115000,0.0,0.0
2023-08-29 13:00:00+09:00,1516.0,1520.0,1514.0,1516.0,19600,0.0,0.0
2023-08-29 14:00:00+09:00,1517.0,1530.0,1517.0,1529.0,34900,0.0,0.0
2023-08-30 09:00:00+09:00,1538.0,1549.0,1528.0,1536.0,38500,0.0,0.0
2023-08-30 10:00:00+09:00,1535.0,1536.0,1527.0,1530.0,12000,0.0,0.0
2023-08-30 11:00:00+09:00,1531.0,1531.0,1529.0,1530.0,0,0.0,0.0
2023-08-30 12:00:00+09:00,1531.0,1534.0,1526.0,1530.0,61300,0.0,0.0
2023-08-30 13:00:00+09:00,1529.0,1535.0,1522.0,1533.0,13500,0.0,0.0
2023-08-30 14:00:00+09:00,1534.0,1535.0,1523.0,1528.0,23600,0.0,0.0
2023-08-31 09:00:00+09:00,1533.0,1567.0,1533.0,1559.0,58200,0.0,0.0
2023-08-31 10:00:00+09:00,1554.0,1566.0,1554.0,1557.0,28700,0.0,0.0
2023-08-31 11:00:00+09:00,1557.0,1557.0,1548.0,1552.0,0,0.0,0.0
2023-08-31 12:00:00+09:00,1547.0,1548.0,1536.0,1537.0,110700,0.0,0.0
2023-08-31 13:00:00+09:00,1537.0,1547.0,1536.0,1544.0,15600,0.0,0.0
2023-08-31 14:00:00+09:00,1544.0,1550.0,1542.0,1548.0,24900,0.0,0.0
2023-09-01 09:00:00+09:00,1550.0,1550.0,1515.0,1529.0,47900,0.0,0.0
2023-09-01 10:00:00+09:00,1528.0,1533.0,1522.0,1526.0,18700,0.0,0.0
2023-09-01 11:00:00+09:00,1526.0,1528.0,1524.0,1524.0,0,0.0,0.0
2023-09-01 12:00:00+09:00,1526.0,1530.0,1526.0,1528.0,72500,0.0,0.0
2023-09-01 13:00:00+09:00,1529.0,1541.0,1527.0,1539.0,20800,0.0,0.0
2023-09-01 14:00:00+09:00,1539.0,1544.0,1537.0,1544.0,16900,0.0,0.0
2023-09-04 09:00:00+09:00,1550.0,1561.0,1530.0,1561.0,41300,0.0,0.0
2023-09-04 10:00:00+09:00,1557.0,1563.0,1553.0,1562.0,14100,0.0,0.0
2023-09-04 11:00:00+09:00,1563.0,1564.0,1561.0,1563.0,0,0.0,0.0
2023-09-04 12:00:00+09:00,1568.0,1576.0,1563.0,1571.0,78100,0.0,0.0
2023-09-04 13:00:00+09:00,1573.0,1578.0,1570.0,1575.0,9300,0.0,0.0
2023-09-04 14:00:00+09:00,1577.0,1584.0,1575.0,1582.0,21200,0.0,0.0
2023-09-05 09:00:00+09:00,1586.0,1586.0,1568.0,1576.0,11000,0.0,0.0
2023-09-05 10:00:00+09:00,1574.0,1585.0,1571.0,1576.0,14500,0.0,0.0
2023-09-05 11:00:00+09:00,1575.0,1575.0,1569.0,1569.0,0,0.0,0.0
2023-09-05 12:00:00+09:00,1573.0,1581.0,1573.0,1577.0,30900,0.0,0.0
2023-09-05 13:00:00+09:00,1579.0,1585.0,1577.0,1584.0,14300,0.0,0.0
2023-09-05 14:00:00+09:00,1584.0,1594.0,1584.0,1594.0,17800,0.0,0.0
2023-09-06 09:00:00+09:00,1594.0,1617.0,1593.0,1617.0,57300,0.0,0.0
2023-09-06 10:00:00+09:00,1618.0,1650.0,1618.0,1650.0,58900,0.0,0.0
2023-09-06 11:00:00+09:00,1650.0,1668.0,1646.0,1658.0,0,0.0,0.0
2023-09-06 12:00:00+09:00,1658.0,1665.0,1648.0,1650.0,194600,0.0,0.0
2023-09-06 13:00:00+09:00,1650.0,1654.0,1637.0,1647.0,49200,0.0,0.0
2023-09-06 14:00:00+09:00,1647.0,1656.0,1647.0,1650.0,36100,0.0,0.0
2023-09-07 09:00:00+09:00,1645.0,1748.0,1640.0,1746.0,268800,0.0,0.0
2023-09-07 10:00:00+09:00,1747.0,1750.0,1726.0,1732.0,163700,0.0,0.0
2023-09-07 11:00:00+09:00,1733.0,1740.0,1724.0,1727.0,0,0.0,0.0
2023-09-07 12:00:00+09:00,1724.0,1736.0,1724.0,1736.0,493500,0.0,0.0
2023-09-07 13:00:00+09:00,1736.0,1738.0,1700.0,1708.0,81300,0.0,0.0
2023-09-07 14:00:00+09:00,1708.0,1731.0,1705.0,1728.0,84800,0.0,0.0
2023-09-08 09:00:00+09:00,1695.0,1741.0,1692.0,1713.0,92500,0.0,0.0
2023-09-08 10:00:00+09:00,1715.0,1735.0,1712.0,1718.0,48300,0.0,0.0
2023-09-08 11:00:00+09:00,1719.0,1719.0,1710.0,1710.0,0,0.0,0.0
2023-09-08 12:00:00+09:00,1709.0,1710.0,1696.0,1697.0,176000,0.0,0.0
2023-09-08 13:00:00+09:00,1697.0,1709.0,1692.0,1694.0,41400,0.0,0.0
2023-09-08 14:00:00+09:00,1694.0,1705.0,1688.0,1702.0,54200,0.0,0.0
2023-09-11 09:00:00+09:00,1705.0,1710.0,1642.0,1650.0,72300,0.0,0.0
2023-09-11 10:00:00+09:00,1648.0,1669.0,1643.0,1665.0,32400,0.0,0.0
2023-09-11 11:00:00+09:00,1664.0,1667.0,1663.0,1664.0,0,0.0,0.0
2023-09-11 12:00:00+09:00,1669.0,1670.0,1660.0,1662.0,119000,0.0,0.0
2023-09-11 13:00:00+09:00,1661.0,1668.0,1656.0,1664.0,28200,0.0,0.0
2023-09-11 14:00:00+09:00,1664.0,1665.0,1650.0,1665.0,34300,0.0,0.0
2023-09-12 09:00:00+09:00,1670.0,1686.0,1626.0,1632.0,56200,0.0,0.0
2023-09-12 10:00:00+09:00,1630.0,1633.0,1596.0,1600.0,42600,0.0,0.0
2023-09-12 11:00:00+09:00,1600.0,1612.0,1599.0,1612.0,0,0.0,0.0
2023-09-12 12:00:00+09:00,1615.0,1624.0,1612.0,1614.0,117900,0.0,0.0
2023-09-12 13:00:00+09:00,1616.0,1621.0,1606.0,1612.0,19600,0.0,0.0
2023-09-12 14:00:00+09:00,1613.0,1619.0,1611.0,1617.0,20600,0.0,0.0
2023-09-13 09:00:00+09:00,1617.0,1624.0,1596.0,1614.0,37200,0.0,0.0
2023-09-13 10:00:00+09:00,1612.0,1623.0,1600.0,1603.0,15100,0.0,0.0
2023-09-13 11:00:00+09:00,1604.0,1610.0,1602.0,1604.0,0,0.0,0.0
2023-09-13 12:00:00+09:00,1602.0,1611.0,1601.0,1609.0,62900,0.0,0.0
2023-09-13 13:00:00+09:00,1607.0,1623.0,1606.0,1618.0,0,0.0,0.0
2023-09-13 14:00:00+09:00,1619.0,1621.0,1600.0,1602.0,99800,0.0,0.0
2023-09-14 09:00:00+09:00,1604.0,1632.0,1603.0,1626.0,31600,0.0,0.0
2023-09-14 10:00:00+09:00,1627.0,1643.0,1626.0,1642.0,25100,0.0,0.0
2023-09-14 11:00:00+09:00,1643.0,1645.0,1638.0,1639.0,0,0.0,0.0
2023-09-14 12:00:00+09:00,1634.0,1643.0,1624.0,1628.0,74100,0.0,0.0
2023-09-14 13:00:00+09:00,1627.0,1638.0,1622.0,1634.0,19300,0.0,0.0
2023-09-14 14:00:00+09:00,1633.0,1640.0,1633.0,1634.0,16600,0.0,0.0
2023-09-15 09:00:00+09:00,1661.0,1683.0,1660.0,1673.0,32400,0.0,0.0
2023-09-15 10:00:00+09:00,1670.0,1673.0,1649.0,1653.0,11600,0.0,0.0
2023-09-15 11:00:00+09:00,1656.0,1659.0,1648.0,1651.0,0,0.0,0.0
2023-09-15 12:00:00+09:00,1644.0,1645.0,1630.0,1638.0,62800,0.0,0.0
2023-09-15 13:00:00+09:00,1639.0,1645.0,1636.0,1640.0,7500,0.0,0.0
2023-09-15 14:00:00+09:00,1638.0,1645.0,1630.0,1637.0,30400,0.0,0.0
2023-09-19 09:00:00+09:00,1617.0,1625.0,1600.0,1625.0,34100,0.0,0.0
2023-09-19 10:00:00+09:00,1626.0,1629.0,1619.0,1621.0,8300,0.0,0.0
2023-09-19 11:00:00+09:00,1621.0,1626.0,1620.0,1622.0,0,0.0,0.0
2023-09-19 12:00:00+09:00,1623.0,1630.0,1619.0,1626.0,51300,0.0,0.0
2023-09-19 13:00:00+09:00,1625.0,1626.0,1617.0,1619.0,8200,0.0,0.0
2023-09-19 14:00:00+09:00,1621.0,1639.0,1619.0,1639.0,17100,0.0,0.0
2023-09-20 09:00:00+09:00,1646.0,1660.0,1640.0,1644.0,23500,0.0,0.0
2023-09-20 10:00:00+09:00,1642.0,1647.0,1634.0,1640.0,7100,0.0,0.0
2023-09-20 11:00:00+09:00,1638.0,1638.0,1626.0,1628.0,0,0.0,0.0
2023-09-20 12:00:00+09:00,1623.0,1624.0,1618.0,1621.0,42400,0.0,0.0
2023-09-20 13:00:00+09:00,1620.0,1622.0,1608.0,1609.0,8300,0.0,0.0
2023-09-20 14:00:00+09:00,1610.0,1616.0,1604.0,1605.0,19900,0.0,0.0
2023-09-21 09:00:00+09:00,1604.0,1611.0,1587.0,1599.0,23900,0.0,0.0
2023-09-21 10:00:00+09:00,1599.0,1602.0,1584.0,1588.0,10300,0.0,0.0
2023-09-21 11:00:00+09:00,1589.0,1601.0,1582.0,1599.0,0,0.0,0.0
2023-09-21 12:00:00+09:00,1594.0,1600.0,1592.0,1592.0,57000,0.0,0.0
2023-09-21 13:00:00+09:00,1592.0,1594.0,1583.0,1588.0,10700,0.0,0.0
2023-09-21 14:00:00+09:00,1587.0,1595.0,1584.0,1587.0,14400,0.0,0.0
2023-09-22 09:00:00+09:00,1575.0,1584.0,1558.0,1578.0,27800,0.0,0.0
2023-09-22 10:00:00+09:00,1578.0,1582.0,1568.0,1568.0,7800,0.0,0.0
2023-09-22 11:00:00+09:00,1566.0,1586.0,1566.0,1583.0,0,0.0,0.0
2023-09-22 12:00:00+09:00,1583.0,1592.0,1580.0,1587.0,64300,0.0,0.0
2023-09-22 13:00:00+09:00,1587.0,1593.0,1583.0,1593.0,10300,0.0,0.0
2023-09-22 14:00:00+09:00,1593.0,1606.0,1591.0,1593.0,19500,0.0,0.0
2023-09-25 09:00:00+09:00,1603.0,1612.0,1582.0,1612.0,22400,0.0,0.0
2023-09-25 10:00:00+09:00,1612.0,1619.0,1610.0,1610.0,5900,0.0,0.0
2023-09-25 11:00:00+09:00,1610.0,1611.0,1605.0,1610.0,0,0.0,0.0
2023-09-25 12:00:00+09:00,1606.0,1608.0,1602.0,1604.0,36700,0.0,0.0
2023-09-25 13:00:00+09:00,1605.0,1607.0,1594.0,1594.0,8000,0.0,0.0
2023-09-25 14:00:00+09:00,1597.0,1606.0,1597.0,1601.0,13700,0.0,0.0
2023-09-26 09:00:00+09:00,1601.0,1601.0,1583.0,1586.0,20400,0.0,0.0
2023-09-26 10:00:00+09:00,1587.0,1593.0,1581.0,1581.0,7900,0.0,0.0
2023-09-26 11:00:00+09:00,1583.0,1583.0,1573.0,1573.0,0,0.0,0.0
2023-09-26 12:00:00+09:00,1573.0,1577.0,1570.0,1575.0,43600,0.0,0.0
2023-09-26 13:00:00+09:00,1574.0,1574.0,1564.0,1565.0,16200,0.0,0.0
2023-09-26 14:00:00+09:00,1567.0,1575.0,1565.0,1571.0,15700,0.0,0.0
2023-09-27 09:00:00+09:00,1574.0,1585.0,1564.0,1583.0,0,0.0,0.0
2023-09-27 10:00:00+09:00,1583.0,1592.0,1579.0,1585.0,32700,0.0,0.0
2023-09-27 11:00:00+09:00,1586.0,1591.0,1586.0,1590.0,0,0.0,0.0
2023-09-27 12:00:00+09:00,1584.0,1587.0,1579.0,1580.0,40000,0.0,0.0
2023-09-27 13:00:00+09:00,1582.0,1592.0,1581.0,1590.0,14900,0.0,0.0
2023-09-27 14:00:00+09:00,1589.0,1590.0,1580.0,1586.0,16300,0.0,0.0
2023-09-28 09:00:00+09:00,1605.0,1674.0,1605.0,1664.0,54100,0.0,0.0
2023-09-28 10:00:00+09:00,1665.0,1672.0,1649.0,1654.0,20000,0.0,0.0
2023-09-28 11:00:00+09:00,1654.0,1654.0,1634.0,1634.0,0,0.0,0.0
2023-09-28 12:00:00+09:00,1628.0,1628.0,1613.0,1620.0,89000,0.0,0.0
2023-09-28 13:00:00+09:00,1621.0,1626.0,1612.0,1626.0,20400,0.0,0.0
2023-09-28 14:00:00+09:00,1625.0,1628.0,1614.0,1621.0,38100,0.0,0.0
2023-09-29 09:00:00+09:00,1604.0,1613.0,1571.0,1573.0,37400,0.0,0.0
2023-09-29 10:00:00+09:00,1572.0,1578.0,1552.0,1552.0,41700,0.0,0.0
2023-09-29 11:00:00+09:00,1551.0,1552.0,1544.0,1551.0,0,0.0,0.0
2023-09-29 12:00:00+09:00,1560.0,1571.0,1554.0,1570.0,101900,0.0,0.0
2023-09-29 13:00:00+09:00,1568.0,1574.0,1561.0,1572.0,27400,0.0,0.0
2023-09-29 14:00:00+09:00,1571.0,1576.0,1563.0,1570.0,48200,0.0,0.0
2023-10-02 09:00:00+09:00,1585.0,1600.0,1558.0,1582.0,53700,0.0,0.0
2023-10-02 10:00:00+09:00,1581.0,1585.0,1573.0,1579.0,10700,0.0,0.0
2023-10-02 11:00:00+09:00,1577.0,1577.0,1566.0,1570.0,0,0.0,0.0
2023-10-02 12:00:00+09:00,1573.0,1573.0,1564.0,1565.0,83100,0.0,0.0
2023-10-02 13:00:00+09:00,1566.0,1567.0,1549.0,1556.0,27500,0.0,0.0
2023-10-02 14:00:00+09:00,1556.0,1559.0,1533.0,1533.0,46400,0.0,0.0
2023-10-03 09:00:00+09:00,1522.0,1525.0,1482.0,1497.0,79600,0.0,0.0
2023-10-03 10:00:00+09:00,1496.0,1509.0,1492.0,1496.0,24300,0.0,0.0
2023-10-03 11:00:00+09:00,1495.0,1495.0,1484.0,1490.0,0,0.0,0.0
2023-10-03 12:00:00+09:00,1490.0,1495.0,1484.0,1491.0,138300,0.0,0.0
2023-10-03 13:00:00+09:00,1491.0,1492.0,1473.0,1476.0,33500,0.0,0.0
2023-10-03 14:00:00+09:00,1475.0,1478.0,1462.0,1462.0,47400,0.0,0.0
2023-10-04 09:00:00+09:00,1433.0,1433.0,1409.0,1423.0,72500,0.0,0.0
2023-10-04 10:00:00+09:00,1425.0,1443.0,1415.0,1428.0,51400,0.0,0.0
2023-10-04 11:00:00+09:00,1428.0,1430.0,1422.0,1424.0,0,0.0,0.0
2023-10-04 12:00:00+09:00,1424.0,1430.0,1406.0,1406.0,176100,0.0,0.0
2023-10-04 13:00:00+09:00,1408.0,1444.0,1405.0,1440.0,45100,0.0,0.0
2023-10-04 14:00:00+09:00,1442.0,1447.0,1427.0,1427.0,79200,0.0,0.0
2023-10-05 09:00:00+09:00,1440.0,1480.0,1439.0,1477.0,45900,0.0,0.0
2023-10-05 10:00:00+09:00,1478.0,1498.0,1469.0,1488.0,30100,0.0,0.0
2023-10-05 11:00:00+09:00,1487.0,1492.0,1481.0,1492.0,0,0.0,0.0
2023-10-05 12:00:00+09:00,1490.0,1494.0,1482.0,1484.0,96600,0.0,0.0
2023-10-05 13:00:00+09:00,1487.0,1491.0,1480.0,1483.0,19700,0.0,0.0
2023-10-05 14:00:00+09:00,1483.0,1487.0,1471.0,1487.0,43300,0.0,0.0
2023-10-06 09:00:00+09:00,1500.0,1521.0,1500.0,1512.0,43300,0.0,0.0
2023-10-06 10:00:00+09:00,1515.0,1526.0,1503.0,1508.0,13700,0.0,0.0
2023-10-06 11:00:00+09:00,1509.0,1511.0,1495.0,1501.0,0,0.0,0.0
2023-10-06 12:00:00+09:00,1505.0,1507.0,1498.0,1501.0,73800,0.0,0.0
2023-10-06 13:00:00+09:00,1503.0,1511.0,1501.0,1502.0,10200,0.0,0.0
2023-10-06 14:00:00+09:00,1503.0,1514.0,1497.0,1511.0,27400,0.0,0.0
2023-10-10 09:00:00+09:00,1533.0,1552.0,1517.0,1523.0,53200,0.0,0.0
2023-10-10 10:00:00+09:00,1523.0,1546.0,1519.0,1540.0,16400,0.0,0.0
2023-10-10 11:00:00+09:00,1540.0,1542.0,1536.0,1542.0,0,0.0,0.0
2023-10-10 12:00:00+09:00,1542.0,1548.0,1538.0,1548.0,90700,0.0,0.0
2023-10-10 13:00:00+09:00,1547.0,1547.0,1538.0,1546.0,16600,0.0,0.0
2023-10-10 14:00:00+09:00,1547.0,1558.0,1546.0,1556.0,35600,0.0,0.0
2023-10-11 09:00:00+09:00,1562.0,1606.0,1562.0,1588.0,0,0.0,0.0
2023-10-11 10:00:00+09:00,1588.0,1588.0,1571.0,1573.0,63400,0.0,0.0
2023-10-11 11:00:00+09:00,1570.0,1575.0,1566.0,1571.0,0,0.0,0.0
2023-10-11 12:00:00+09:00,1571.0,1582.0,1571.0,1579.0,76100,0.0,0.0
2023-10-11 13:00:00+09:00,1579.0,1581.0,1567.0,1572.0,15400,0.0,0.0
2023-10-11 14:00:00+09:00,1570.0,1573.0,1543.0,1545.0,45200,0.0,0.0
2023-10-12 09:00:00+09:00,1557.0,1575.0,1545.0,1560.0,0,0.0,0.0
2023-10-12 10:00:00+09:00,1560.0,1560.0,1549.0,1553.0,43900,0.0,0.0
2023-10-12 11:00:00+09:00,1557.0,1573.0,1555.0,1571.0,0,0.0,0.0
2023-10-12 12:00:00+09:00,1574.0,1580.0,1567.0,1578.0,60100,0.0,0.0
2023-10-12 13:00:00+09:00,1578.0,1583.0,1576.0,1577.0,11000,0.0,0.0
2023-10-12 14:00:00+09:00,1578.0,1592.0,1578.0,1592.0,18900,0.0,0.0
2023-10-13 09:00:00+09:00,1578.0,1583.0,1560.0,1572.0,14800,0.0,0.0
2023-10-13 10:00:00+09:00,1577.0,1582.0,1560.0,1566.0,7700,0.0,0.0
2023-10-13 11:00:00+09:00,1568.0,1575.0,1567.0,1570.0,0,0.0,0.0
2023-10-13 12:00:00+09:00,1570.0,1572.0,1560.0,1566.0,41600,0.0,0.0
2023-10-13 13:00:00+09:00,1566.0,1566.0,1549.0,1551.0,9300,0.0,0.0
2023-10-13 14:00:00+09:00,1550.0,1557.0,1547.0,1553.0,17600,0.0,0.0
2023-10-16 09:00:00+09:00,1530.0,1543.0,1515.0,1522.0,27600,0.0,0.0
2023-10-16 10:00:00+09:00,1520.0,1520.0,1511.0,1512.0,8100,0.0,0.0
2023-10-16 11:00:00+09:00,1511.0,1513.0,1505.0,1513.0,0,0.0,0.0
2023-10-16 12:00:00+09:00,1507.0,1525.0,1507.0,1524.0,49000,0.0,0.0
2023-10-16 13:00:00+09:00,1525.0,1528.0,1517.0,1528.0,0,0.0,0.0
2023-10-16 14:00:00+09:00,1528.0,1531.0,1510.0,1511.0,93000,0.0,0.0
2023-10-17 09:00:00+09:00,1546.0,1557.0,1531.0,1531.0,15100,0.0,0.0
2023-10-17 10:00:00+09:00,1533.0,1536.0,1511.0,1516.0,15000,0.0,0.0
2023-10-17 11:00:00+09:00,1514.0,1514.0,1506.0,1511.0,0,0.0,0.0
2023-10-17 12:00:00+09:00,1516.0,1516.0,1508.0,1514.0,42600,0.0,0.0
2023-10-17 13:00:00+09:00,1513.0,1516.0,1506.0,1510.0,8600,0.0,0.0
2023-10-17 14:00:00+09:00,1509.0,1526.0,1509.0,1524.0,14300,0.0,0.0
2023-10-18 09:00:00+09:00,1527.0,1538.0,1519.0,1525.0,21700,0.0,0.0
2023-10-18 10:00:00+09:00,1521.0,1534.0,1518.0,1531.0,10100,0.0,0.0
2023-10-18 11:00:00+09:00,1532.0,1539.0,1532.0,1535.0,0,0.0,0.0
2023-10-18 12:00:00+09:00,1533.0,1534.0,1523.0,1534.0,38600,0.0,0.0
2023-10-18 13:00:00+09:00,1534.0,1544.0,1531.0,1539.0,11100,0.0,0.0
2023-10-18 14:00:00+09:00,1538.0,1558.0,1537.0,1557.0,15200,0.0,0.0
2023-10-19 09:00:00+09:00,1525.0,1531.0,1509.0,1521.0,0,0.0,0.0
2023-10-19 10:00:00+09:00,1520.0,1520.0,1497.0,1505.0,0,0.0,0.0
2023-10-19 11:00:00+09:00,1501.0,1501.0,1495.0,1500.0,0,0.0,0.0
2023-10-19 12:00:00+09:00,1500.0,1501.0,1495.0,1500.0,27200,0.0,0.0
2023-10-19 13:00:00+09:00,1499.0,1519.0,1498.0,1519.0,0,0.0,0.0
2023-10-19 14:00:00+09:00,1517.0,1517.0,1501.0,1501.0,54100,0.0,0.0
2023-10-20 09:00:00+09:00,1495.0,1495.0,1471.0,1478.0,23700,0.0,0.0
2023-10-20 10:00:00+09:00,1480.0,1487.0,1469.0,1478.0,10500,0.0,0.0
2023-10-20 11:00:00+09:00,1478.0,1489.0,1478.0,1489.0,0,0.0,0.0
2023-10-20 12:00:00+09:00,1494.0,1496.0,1490.0,1490.0,44200,0.0,0.0
2023-10-20 13:00:00+09:00,1490.0,1503.0,1489.0,1498.0,8000,0.0,0.0
2023-10-20 14:00:00+09:00,1497.0,1504.0,1485.0,1485.0,12200,0.0,0.0
2023-10-23 09:00:00+09:00,1470.0,1483.0,1444.0,1445.0,30700,0.0,0.0
2023-10-23 10:00:00+09:00,1448.0,1452.0,1435.0,1438.0,19100,0.0,0.0
2023-10-23 11:00:00+09:00,1439.0,1441.0,1436.0,1438.0,0,0.0,0.0
2023-10-23 12:00:00+09:00,1443.0,1443.0,1434.0,1435.0,69000,0.0,0.0
2023-10-23 13:00:00+09:00,1436.0,1438.0,1422.0,1435.0,26200,0.0,0.0
2023-10-23 14:00:00+09:00,1435.0,1437.0,1425.0,1427.0,19600,0.0,0.0
2023-10-24 09:00:00+09:00,1425.0,1449.0,1415.0,1420.0,0,0.0,0.0
2023-10-24 10:00:00+09:00,1418.0,1421.0,1403.0,1410.0,30300,0.0,0.0
2023-10-24 11:00:00+09:00,1409.0,1444.0,1409.0,1440.0,0,0.0,0.0
2023-10-24 12:00:00+09:00,1435.0,1441.0,1430.0,1430.0,47200,0.0,0.0
2023-10-24 13:00:00+09:00,1432.0,1450.0,1430.0,1450.0,20300,0.0,0.0
2023-10-24 14:00:00+09:00,1451.0,1465.0,1450.0,1460.0,17800,0.0,0.0
2023-10-25 09:00:00+09:00,1487.0,1487.0,1470.0,1476.0,14600,0.0,0.0
2023-10-25 10:00:00+09:00,1475.0,1485.0,1471.0,1476.0,5900,0.0,0.0
2023-10-25 11:00:00+09:00,1473.0,1476.0,1471.0,1476.0,0,0.0,0.0
2023-10-25 12:00:00+09:00,1476.0,1481.0,1472.0,1472.0,26600,0.0,0.0
2023-10-25 13:00:00+09:00,1475.0,1484.0,1474.0,1483.0,6000,0.0,0.0
2023-10-25 14:00:00+09:00,1484.0,1486.0,1463.0,1465.0,22700,0.0,0.0
2023-10-26 09:00:00+09:00,1440.0,1457.0,1439.0,1453.0,0,0.0,0.0
2023-10-26 10:00:00+09:00,1454.0,1468.0,1450.0,1457.0,14100,0.0,0.0
2023-10-26 11:00:00+09:00,1458.0,1460.0,1440.0,1440.0,0,0.0,0.0
2023-10-26 12:00:00+09:00,1440.0,1444.0,1439.0,1442.0,21400,0.0,0.0
2023-10-26 13:00:00+09:00,1443.0,1448.0,1439.0,1446.0,0,0.0,0.0
2023-10-26 14:00:00+09:00,1445.0,1449.0,1437.0,1448.0,41000,0.0,0.0
2023-10-27 09:00:00+09:00,1460.0,1468.0,1448.0,1467.0,16300,0.0,0.0
2023-10-27 10:00:00+09:00,1468.0,1475.0,1467.0,1472.0,5600,0.0,0.0
2023-10-27 11:00:00+09:00,1472.0,1480.0,1471.0,1479.0,0,0.0,0.0
2023-10-27 12:00:00+09:00,1479.0,1479.0,1470.0,1472.0,34200,0.0,0.0
2023-10-27 13:00:00+09:00,1472.0,1473.0,1469.0,1473.0,8700,0.0,0.0
2023-10-27 14:00:00+09:00,1473.0,1480.0,1470.0,1480.0,12600,0.0,0.0
2023-10-30 09:00:00+09:00,1468.0,1470.0,1445.0,1454.0,11300,0.0,0.0
2023-10-30 10:00:00+09:00,1455.0,1459.0,1450.0,1457.0,4500,0.0,0.0
2023-10-30 11:00:00+09:00,1458.0,1458.0,1443.0,1443.0,0,0.0,0.0
2023-10-30 12:00:00+09:00,1449.0,1451.0,1447.0,1447.0,23700,0.0,0.0
2023-10-30 13:00:00+09:00,1446.0,1448.0,1438.0,1441.0,11700,0.0,0.0
2023-10-30 14:00:00+09:00,1443.0,1458.0,1440.0,1449.0,16200,0.0,0.0
2023-10-31 09:00:00+09:00,1445.0,1455.0,1420.0,1440.0,13400,0.0,0.0
2023-10-31 10:00:00+09:00,1438.0,1438.0,1424.0,1431.0,5600,0.0,0.0
2023-10-31 11:00:00+09:00,1430.0,1433.0,1420.0,1425.0,0,0.0,0.0
2023-10-31 12:00:00+09:00,1422.0,1443.0,1422.0,1436.0,31400,0.0,0.0
2023-10-31 13:00:00+09:00,1440.0,1460.0,1440.0,1449.0,8500,0.0,0.0
2023-10-31 14:00:00+09:00,1445.0,1458.0,1442.0,1458.0,14100,0.0,0.0
2023-11-01 09:00:00+09:00,1472.0,1490.0,1471.0,1483.0,12900,0.0,0.0
2023-11-01 10:00:00+09:00,1483.0,1489.0,1470.0,1470.0,8500,0.0,0.0
2023-11-01 11:00:00+09:00,1469.0,1474.0,1466.0,1473.0,0,0.0,0.0
2023-11-01 12:00:00+09:00,1475.0,1477.0,1468.0,1470.0,29600,0.0,0.0
2023-11-01 13:00:00+09:00,1470.0,1472.0,1467.0,1471.0,4300,0.0,0.0
2023-11-01 14:00:00+09:00,1470.0,1470.0,1464.0,1465.0,9400,0.0,0.0
2023-11-02 09:00:00+09:00,1480.0,1485.0,1467.0,1485.0,17100,0.0,0.0
2023-11-02 10:00:00+09:00,1482.0,1485.0,1477.0,1481.0,4900,0.0,0.0
2023-11-02 11:00:00+09:00,1481.0,1482.0,1470.0,1472.0,0,0.0,0.0
2023-11-02 12:00:00+09:00,1472.0,1480.0,1468.0,1474.0,38900,0.0,0.0
2023-11-02 13:00:00+09:00,1475.0,1482.0,1472.0,1477.0,8800,0.0,0.0
2023-11-02 14:00:00+09:00,1478.0,1485.0,1476.0,1485.0,12900,0.0,0.0
2023-11-06 09:00:00+09:00,1523.0,1530.0,1506.0,1519.0,38200,0.0,0.0
2023-11-06 10:00:00+09:00,1519.0,1534.0,1515.0,1529.0,23300,0.0,0.0
2023-11-06 11:00:00+09:00,1531.0,1534.0,1523.0,1524.0,0,0.0,0.0
2023-11-06 12:00:00+09:00,1524.0,1532.0,1520.0,1529.0,81300,0.0,0.0
2023-11-06 13:00:00+09:00,1529.0,1541.0,1529.0,1538.0,24000,0.0,0.0
2023-11-06 14:00:00+09:00,1537.0,1546.0,1533.0,1543.0,40500,0.0,0.0
2023-11-07 09:00:00+09:00,1527.0,1527.0,1492.0,1498.0,15300,0.0,0.0
2023-11-07 10:00:00+09:00,1497.0,1509.0,1483.0,1487.0,27400,0.0,0.0
2023-11-07 11:00:00+09:00,1486.0,1489.0,1479.0,1483.0,0,0.0,0.0
2023-11-07 12:00:00+09:00,1491.0,1491.0,1478.0,1486.0,59100,0.0,0.0
2023-11-07 13:00:00+09:00,1489.0,1518.0,1488.0,1496.0,36600,0.0,0.0
2023-11-07 14:00:00+09:00,1497.0,1503.0,1493.0,1494.0,27700,0.0,0.0
2023-11-08 09:00:00+09:00,1519.0,1519.0,1485.0,1488.0,34800,0.0,0.0
2023-11-08 10:00:00+09:00,1487.0,1492.0,1459.0,1472.0,42300,0.0,0.0
2023-11-08 11:00:00+09:00,1472.0,1484.0,1471.0,1478.0,0,0.0,0.0
2023-11-08 12:00:00+09:00,1478.0,1482.0,1455.0,1466.0,116000,0.0,0.0
2023-11-08 13:00:00+09:00,1465.0,1485.0,1462.0,1483.0,17300,0.0,0.0
2023-11-08 14:00:00+09:00,1482.0,1483.0,1462.0,1462.0,33400,0.0,0.0
2023-11-09 09:00:00+09:00,1402.0,1422.0,1366.0,1399.0,246600,0.0,0.0
2023-11-09 10:00:00+09:00,1396.0,1428.0,1394.0,1406.0,68400,0.0,0.0
2023-11-09 11:00:00+09:00,1407.0,1416.0,1404.0,1410.0,0,0.0,0.0
2023-11-09 12:00:00+09:00,1410.0,1417.0,1408.0,1412.0,350800,0.0,0.0
2023-11-09 13:00:00+09:00,1412.0,1418.0,1406.0,1412.0,33500,0.0,0.0
2023-11-09 14:00:00+09:00,1413.0,1458.0,1413.0,1444.0,65500,0.0,0.0
2023-11-10 09:00:00+09:00,1428.0,1458.0,1408.0,1419.0,60500,0.0,0.0
2023-11-10 10:00:00+09:00,1423.0,1423.0,1395.0,1405.0,25600,0.0,0.0
2023-11-10 11:00:00+09:00,1407.0,1442.0,1406.0,1426.0,0,0.0,0.0
2023-11-10 12:00:00+09:00,1441.0,1445.0,1437.0,1443.0,105000,0.0,0.0
2023-11-10 13:00:00+09:00,1443.0,1450.0,1441.0,1442.0,13500,0.0,0.0
2023-11-10 14:00:00+09:00,1444.0,1444.0,1433.0,1441.0,18700,0.0,0.0
2023-11-13 09:00:00+09:00,1462.0,1492.0,1455.0,1473.0,35500,0.0,0.0
2023-11-13 10:00:00+09:00,1470.0,1486.0,1456.0,1477.0,20800,0.0,0.0
2023-11-13 11:00:00+09:00,1477.0,1480.0,1474.0,1474.0,0,0.0,0.0
2023-11-13 12:00:00+09:00,1467.0,1468.0,1455.0,1458.0,70100,0.0,0.0
2023-11-13 13:00:00+09:00,1457.0,1475.0,1457.0,1467.0,10700,0.0,0.0
2023-11-13 14:00:00+09:00,1466.0,1470.0,1459.0,1470.0,16900,0.0,0.0
2023-11-14 09:00:00+09:00,1505.0,1541.0,1500.0,1516.0,85200,0.0,0.0
2023-11-14 10:00:00+09:00,1516.0,1528.0,1508.0,1523.0,25200,0.0,0.0
2023-11-14 11:00:00+09:00,1522.0,1522.0,1504.0,1504.0,0,0.0,0.0
2023-11-14 12:00:00+09:00,1506.0,1513.0,1506.0,1509.0,128800,0.0,0.0
2023-11-14 13:00:00+09:00,1508.0,1512.0,1500.0,1504.0,14400,0.0,0.0
2023-11-14 14:00:00+09:00,1503.0,1505.0,1494.0,1504.0,25500,0.0,0.0
2023-11-15 09:00:00+09:00,1507.0,1529.0,1476.0,1477.0,47800,0.0,0.0
2023-11-15 10:00:00+09:00,1476.0,1480.0,1472.0,1477.0,11400,0.0,0.0
2023-11-15 11:00:00+09:00,1475.0,1479.0,1470.0,1476.0,0,0.0,0.0
2023-11-15 12:00:00+09:00,1476.0,1482.0,1475.0,1480.0,70300,0.0,0.0
2023-11-15 13:00:00+09:00,1479.0,1480.0,1467.0,1477.0,22700,0.0,0.0
2023-11-15 14:00:00+09:00,1477.0,1483.0,1476.0,1478.0,21500,0.0,0.0
2023-11-16 09:00:00+09:00,1474.0,1484.0,1453.0,1458.0,13300,0.0,0.0
2023-11-16 10:00:00+09:00,1459.0,1469.0,1454.0,1454.0,15500,0.0,0.0
2023-11-16 11:00:00+09:00,1453.0,1460.0,1451.0,1460.0,0,0.0,0.0
2023-11-16 12:00:00+09:00,1465.0,1465.0,1456.0,1460.0,35800,0.0,0.0
2023-11-16 13:00:00+09:00,1461.0,1471.0,1461.0,1468.0,5200,0.0,0.0
2023-11-16 14:00:00+09:00,1468.0,1476.0,1459.0,1464.0,16400,0.0,0.0
2023-11-17 09:00:00+09:00,1452.0,1474.0,1452.0,1463.0,10600,0.0,0.0
2023-11-17 10:00:00+09:00,1460.0,1471.0,1457.0,1464.0,10200,0.0,0.0
2023-11-17 11:00:00+09:00,1467.0,1470.0,1465.0,1468.0,0,0.0,0.0
2023-11-17 12:00:00+09:00,1460.0,1469.0,1460.0,1467.0,30000,0.0,0.0
2023-11-17 13:00:00+09:00,1466.0,1468.0,1460.0,1464.0,5100,0.0,0.0
2023-11-17 14:00:00+09:00,1466.0,1478.0,1465.0,1478.0,15500,0.0,0.0
2023-11-20 09:00:00+09:00,1475.0,1503.0,1465.0,1493.0,28700,0.0,0.0
2023-11-20 10:00:00+09:00,1490.0,1490.0,1478.0,1485.0,5800,0.0,0.0
2023-11-20 11:00:00+09:00,1487.0,1488.0,1483.0,1485.0,0,0.0,0.0
2023-11-20 12:00:00+09:00,1489.0,1489.0,1479.0,1479.0,43800,0.0,0.0
2023-11-20 13:00:00+09:00,1478.0,1486.0,1475.0,1482.0,8100,0.0,0.0
2023-11-20 14:00:00+09:00,1483.0,1486.0,1470.0,1470.0,16700,0.0,0.0
2023-11-21 09:00:00+09:00,1473.0,1488.0,1459.0,1466.0,22000,0.0,0.0
2023-11-21 10:00:00+09:00,1466.0,1480.0,1462.0,1480.0,4200,0.0,0.0
2023-11-21 11:00:00+09:00,1478.0,1483.0,1473.0,1473.0,0,0.0,0.0
2023-11-21 12:00:00+09:00,1479.0,1481.0,1472.0,1479.0,33500,0.0,0.0
2023-11-21 13:00:00+09:00,1480.0,1495.0,1480.0,1491.0,14300,0.0,0.0
2023-11-21 14:00:00+09:00,1490.0,1503.0,1484.0,1500.0,37800,0.0,0.0
2023-11-22 09:00:00+09:00,1496.0,1496.0,1470.0,1478.0,18500,0.0,0.0
2023-11-22 10:00:00+09:00,1478.0,1494.0,1477.0,1493.0,7700,0.0,0.0
2023-11-22 11:00:00+09:00,1492.0,1494.0,1489.0,1489.0,0,0.0,0.0
2023-11-22 12:00:00+09:00,1489.0,1489.0,1482.0,1482.0,32300,0.0,0.0
2023-11-22 13:00:00+09:00,1482.0,1494.0,1479.0,1494.0,11800,0.0,0.0
2023-11-22 14:00:00+09:00,1494.0,1496.0,1486.0,1489.0,8900,0.0,0.0
2023-11-24 09:00:00+09:00,1483.0,1496.0,1478.0,1494.0,8700,0.0,0.0
2023-11-24 10:00:00+09:00,1492.0,1502.0,1490.0,1497.0,19700,0.0,0.0
2023-11-24 11:00:00+09:00,1498.0,1502.0,1493.0,1493.0,0,0.0,0.0
2023-11-24 12:00:00+09:00,1493.0,1510.0,1489.0,1505.0,42000,0.0,0.0
2023-11-24 13:00:00+09:00,1504.0,1513.0,1500.0,1503.0,21300,0.0,0.0
2023-11-24 14:00:00+09:00,1501.0,1502.0,1496.0,1499.0,10000,0.0,0.0
2023-11-27 09:00:00+09:00,1503.0,1518.0,1491.0,1491.0,0,0.0,0.0
2023-11-27 10:00:00+09:00,1492.0,1492.0,1474.0,1481.0,28400,0.0,0.0
2023-11-27 11:00:00+09:00,1481.0,1482.0,1472.0,1472.0,0,0.0,0.0
2023-11-27 12:00:00+09:00,1470.0,1472.0,1459.0,1467.0,45100,0.0,0.0
2023-11-27 13:00:00+09:00,1468.0,1472.0,1459.0,1464.0,6800,0.0,0.0
2023-11-27 14:00:00+09:00,1465.0,1465.0,1457.0,1460.0,15600,0.0,0.0
2023-11-28 09:00:00+09:00,1457.0,1479.0,1456.0,1469.0,21600,0.0,0.0
2023-11-28 10:00:00+09:00,1472.0,1473.0,1458.0,1458.0,4700,0.0,0.0
2023-11-28 11:00:00+09:00,1459.0,1469.0,1459.0,1469.0,0,0.0,0.0
2023-11-28 12:00:00+09:00,1464.0,1468.0,1458.0,1468.0,49000,0.0,0.0
2023-11-28 13:00:00+09:00,1468.0,1469.0,1461.0,1464.0,6100,0.0,0.0
2023-11-28 14:00:00+09:00,1463.0,1467.0,1459.0,1463.0,9800,0.0,0.0
2023-11-29 09:00:00+09:00,1474.0,1477.0,1464.0,1468.0,10500,0.0,0.0
2023-11-29 10:00:00+09:00,1471.0,1492.0,1471.0,1492.0,6600,0.0,0.0
2023-11-29 11:00:00+09:00,1492.0,1505.0,1492.0,1498.0,0,0.0,0.0
2023-11-29 12:00:00+09:00,1497.0,1500.0,1490.0,1499.0,41800,0.0,0.0
2023-11-29 13:00:00+09:00,1498.0,1507.0,1495.0,1504.0,13500,0.0,0.0
2023-11-29 14:00:00+09:00,1503.0,1504.0,1483.0,1488.0,30400,0.0,0.0
2023-11-30 09:00:00+09:00,1482.0,1482.0,1448.0,1451.0,35800,0.0,0.0
2023-11-30 10:00:00+09:00,1450.0,1454.0,1445.0,1450.0,20900,0.0,0.0
2023-11-30 11:00:00+09:00,1448.0,1456.0,1447.0,1456.0,0,0.0,0.0
2023-11-30 12:00:00+09:00,1452.0,1476.0,1452.0,1475.0,73900,0.0,0.0
2023-11-30 13:00:00+09:00,1475.0,1476.0,1468.0,1474.0,9600,0.0,0.0
2023-11-30 14:00:00+09:00,1474.0,1488.0,1472.0,1488.0,20300,0.0,0.0
2023-12-01 09:00:00+09:00,1512.0,1559.0,1507.0,1550.0,110300,0.0,0.0
2023-12-01 10:00:00+09:00,1552.0,1580.0,1544.0,1559.0,43600,0.0,0.0
2023-12-01 11:00:00+09:00,1561.0,1565.0,1549.0,1552.0,0,0.0,0.0
2023-12-01 12:00:00+09:00,1551.0,1556.0,1532.0,1537.0,216600,0.0,0.0
2023-12-01 13:00:00+09:00,1538.0,1540.0,1525.0,1525.0,13700,0.0,0.0
2023-12-01 14:00:00+09:00,1524.0,1528.0,1513.0,1513.0,22500,0.0,0.0
2023-12-04 09:00:00+09:00,1539.0,1546.0,1512.0,1536.0,21500,0.0,0.0
2023-12-04 10:00:00+09:00,1535.0,1558.0,1530.0,1555.0,24100,0.0,0.0
2023-12-04 11:00:00+09:00,1555.0,1555.0,1545.0,1549.0,0,0.0,0.0
2023-12-04 12:00:00+09:00,1547.0,1567.0,1546.0,1567.0,66300,0.0,0.0
2023-12-04 13:00:00+09:00,1566.0,1568.0,1562.0,1564.0,11900,0.0,0.0
2023-12-04 14:00:00+09:00,1564.0,1565.0,1552.0,1556.0,18800,0.0,0.0
2023-12-05 09:00:00+09:00,1532.0,1544.0,1521.0,1533.0,45400,0.0,0.0
2023-12-05 10:00:00+09:00,1535.0,1538.0,1520.0,1522.0,8000,0.0,0.0
2023-12-05 11:00:00+09:00,1520.0,1523.0,1518.0,1519.0,0,0.0,0.0
2023-12-05 12:00:00+09:00,1519.0,1524.0,1517.0,1523.0,63500,0.0,0.0
2023-12-05 13:00:00+09:00,1522.0,1539.0,1522.0,1527.0,0,0.0,0.0
2023-12-05 14:00:00+09:00,1524.0,1525.0,1516.0,1518.0,91100,0.0,0.0
2023-12-06 09:00:00+09:00,1525.0,1536.0,1514.0,1514.0,46400,0.0,0.0
2023-12-06 10:00:00+09:00,1514.0,1531.0,1510.0,1527.0,22200,0.0,0.0
2023-12-06 11:00:00+09:00,1528.0,1528.0,1507.0,1507.0,0,0.0,0.0
2023-12-06 12:00:00+09:00,1507.0,1513.0,1496.0,1500.0,110400,0.0,0.0
2023-12-06 13:00:00+09:00,1498.0,1499.0,1485.0,1493.0,16200,0.0,0.0
2023-12-06 14:00:00+09:00,1493.0,1503.0,1492.0,1501.0,29400,0.0,0.0
2023-12-07 09:00:00+09:00,1540.0,1585.0,1540.0,1562.0,116900,0.0,0.0
2023-12-07 10:00:00+09:00,1562.0,1569.0,1551.0,1558.0,27000,0.0,0.0
2023-12-07 11:00:00+09:00,1554.0,1554.0,1543.0,1546.0,0,0.0,0.0
2023-12-07 12:00:00+09:00,1541.0,1548.0,1530.0,1547.0,170400,0.0,0.0
2023-12-07 13:00:00+09:00,1545.0,1555.0,1534.0,1537.0,23300,0.0,0.0
2023-12-07 14:00:00+09:00,1539.0,1539.0,1532.0,1534.0,26600,0.0,0.0
2023-12-08 09:00:00+09:00,1515.0,1524.0,1488.0,1494.0,70600,0.0,0.0
2023-12-08 10:00:00+09:00,1493.0,1505.0,1488.0,1497.0,0,0.0,0.0
2023-12-08 11:00:00+09:00,1496.0,1497.0,1488.0,1491.0,0,0.0,0.0
2023-12-08 12:00:00+09:00,1491.0,1496.0,1488.0,1492.0,124400,0.0,0.0
2023-12-08 13:00:00+09:00,1493.0,1496.0,1472.0,1472.0,37300,0.0,0.0
2023-12-08 14:00:00+09:00,1473.0,1476.0,1463.0,1476.0,27500,0.0,0.0
2023-12-11 09:00:00+09:00,1497.0,1526.0,1491.0,1505.0,22700,0.0,0.0
2023-12-11 10:00:00+09:00,1503.0,1508.0,1498.0,1505.0,6800,0.0,0.0
2023-12-11 11:00:00+09:00,1506.0,1517.0,1502.0,1504.0,0,0.0,0.0
2023-12-11 12:00:00+09:00,1500.0,1500.0,1493.0,1498.0,56300,0.0,0.0
2023-12-11 13:00:00+09:00,1500.0,1506.0,1498.0,1498.0,4300,0.0,0.0
2023-12-11 14:00:00+09:00,1497.0,1497.0,1488.0,1493.0,13000,0.0,0.0
2023-12-12 09:00:00+09:00,1522.0,1530.0,1507.0,1521.0,32200,0.0,0.0
2023-12-12 10:00:00+09:00,1520.0,1535.0,1515.0,1532.0,22100,0.0,0.0
2023-12-12 11:00:00+09:00,1529.0,1529.0,1511.0,1513.0,0,0.0,0.0
2023-12-12 12:00:00+09:00,1518.0,1522.0,1511.0,1517.0,103000,0.0,0.0
2023-12-12 13:00:00+09:00,1514.0,1514.0,1493.0,1495.0,18400,0.0,0.0
2023-12-12 14:00:00+09:00,1493.0,1495.0,1490.0,1494.0,10600,0.0,0.0
2023-12-13 09:00:00+09:00,1491.0,1500.0,1486.0,1496.0,0,0.0,0.0
2023-12-13 10:00:00+09:00,1496.0,1506.0,1494.0,1498.0,19400,0.0,0.0
2023-12-13 11:00:00+09:00,1501.0,1506.0,1501.0,1502.0,0,0.0,0.0
2023-12-13 12:00:00+09:00,1504.0,1506.0,1502.0,1506.0,38600,0.0,0.0
2023-12-13 13:00:00+09:00,1506.0,1506.0,1498.0,1505.0,4500,0.0,0.0
2023-12-13 14:00:00+09:00,1507.0,1520.0,1505.0,1505.0,14200,0.0,0.0
2023-12-14 09:00:00+09:00,1485.0,1496.0,1466.0,1473.0,40500,0.0,0.0
2023-12-14 10:00:00+09:00,1469.0,1479.0,1452.0,1453.0,36000,0.0,0.0
2023-12-14 11:00:00+09:00,1455.0,1460.0,1451.0,1451.0,0,0.0,0.0
2023-12-14 12:00:00+09:00,1451.0,1451.0,1438.0,1439.0,115500,0.0,0.0
2023-12-14 13:00:00+09:00,1442.0,1450.0,1436.0,1446.0,0,0.0,0.0
2023-12-14 14:00:00+09:00,1448.0,1457.0,1445.0,1448.0,150100,0.0,0.0
2023-12-15 09:00:00+09:00,1461.0,1503.0,1461.0,1493.0,27300,0.0,0.0
2023-12-15 10:00:00+09:00,1493.0,1494.0,1481.0,1492.0,10200,0.0,0.0
2023-12-15 11:00:00+09:00,1494.0,1498.0,1486.0,1486.0,0,0.0,0.0
2023-12-15 12:00:00+09:00,1486.0,1498.0,1485.0,1485.0,49700,0.0,0.0
2023-12-15 13:00:00+09:00,1485.0,1503.0,1482.0,1500.0,19200,0.0,0.0
2023-12-15 14:00:00+09:00,1499.0,1499.0,1486.0,1492.0,20200,0.0,0.0
2023-12-18 09:00:00+09:00,1488.0,1495.0,1471.0,1474.0,21000,0.0,0.0
2023-12-18 10:00:00+09:00,1474.0,1476.0,1463.0,1474.0,15500,0.0,0.0
2023-12-18 11:00:00+09:00,1475.0,1475.0,1461.0,1462.0,0,0.0,0.0
2023-12-18 12:00:00+09:00,1462.0,1482.0,1462.0,1476.0,58600,0.0,0.0
2023-12-18 13:00:00+09:00,1474.0,1484.0,1470.0,1481.0,22400,0.0,0.0
2023-12-18 14:00:00+09:00,1483.0,1484.0,1473.0,1475.0,17600,0.0,0.0
2023-12-19 09:00:00+09:00,1470.0,1477.0,1465.0,1468.0,0,0.0,0.0
2023-12-19 10:00:00+09:00,1467.0,1471.0,1452.0,1454.0,20600,0.0,0.0
2023-12-19 11:00:00+09:00,1455.0,1462.0,1455.0,1458.0,0,0.0,0.0
2023-12-19 12:00:00+09:00,1464.0,1483.0,1462.0,1475.0,35500,0.0,0.0
2023-12-19 13:00:00+09:00,1475.0,1475.0,1459.0,1465.0,11800,0.0,0.0
2023-12-19 14:00:00+09:00,1466.0,1482.0,1465.0,1480.0,17600,0.0,0.0
2023-12-20 09:00:00+09:00,1485.0,1526.0,1485.0,1524.0,45700,0.0,0.0
2023-12-20 10:00:00+09:00,1526.0,1531.0,1516.0,1516.0,19100,0.0,0.0
2023-12-20 11:00:00+09:00,1515.0,1515.0,1505.0,1508.0,0,0.0,0.0
2023-12-20 12:00:00+09:00,1504.0,1512.0,1504.0,1509.0,77900,0.0,0.0
2023-12-20 13:00:00+09:00,1505.0,1506.0,1500.0,1504.0,9000,0.0,0.0
2023-12-20 14:00:00+09:00,1505.0,1511.0,1498.0,1500.0,22200,0.0,0.0
2023-12-21 09:00:00+09:00,1472.0,1484.0,1464.0,1469.0,21600,0.0,0.0
2023-12-21 10:00:00+09:00,1479.0,1479.0,1470.0,1472.0,5100,0.0,0.0
2023-12-21 11:00:00+09:00,1473.0,1473.0,1466.0,1467.0,0,0.0,0.0
2023-12-21 12:00:00+09:00,1469.0,1470.0,1468.0,1468.0,35900,0.0,0.0
2023-12-21 13:00:00+09:00,1467.0,1469.0,1458.0,1459.0,26800,0.0,0.0
2023-12-21 14:00:00+09:00,1459.0,1464.0,1456.0,1459.0,15500,0.0,0.0
2023-12-22 09:00:00+09:00,1465.0,1465.0,1445.0,1465.0,22900,0.0,0.0
2023-12-22 10:00:00+09:00,1466.0,1470.0,1461.0,1464.0,9100,0.0,0.0
2023-12-22 11:00:00+09:00,1466.0,1472.0,1463.0,1468.0,0,0.0,0.0
2023-12-22 12:00:00+09:00,1470.0,1470.0,1455.0,1455.0,50900,0.0,0.0
2023-12-22 13:00:00+09:00,1456.0,1459.0,1454.0,1455.0,7200,0.0,0.0
2023-12-22 14:00:00+09:00,1456.0,1464.0,1454.0,1462.0,11500,0.0,0.0
2023-12-25 09:00:00+09:00,1465.0,1482.0,1460.0,1466.0,25600,0.0,0.0
2023-12-25 10:00:00+09:00,1468.0,1478.0,1463.0,1468.0,11200,0.0,0.0
2023-12-25 11:00:00+09:00,1471.0,1472.0,1464.0,1467.0,0,0.0,0.0
2023-12-25 12:00:00+09:00,1467.0,1468.0,1464.0,1464.0,45600,0.0,0.0
2023-12-25 13:00:00+09:00,1465.0,1468.0,1460.0,1461.0,5200,0.0,0.0
2023-12-25 14:00:00+09:00,1464.0,1470.0,1460.0,1469.0,12300,0.0,0.0
2023-12-26 09:00:00+09:00,1469.0,1507.0,1469.0,1492.0,43300,0.0,0.0
2023-12-26 10:00:00+09:00,1492.0,1506.0,1492.0,1492.0,17500,0.0,0.0
2023-12-26 11:00:00+09:00,1495.0,1496.0,1490.0,1491.0,0,0.0,0.0
2023-12-26 12:00:00+09:00,1500.0,1501.0,1494.0,1497.0,90200,0.0,0.0
2023-12-26 13:00:00+09:00,1498.0,1498.0,1488.0,1494.0,9800,0.0,0.0
2023-12-26 14:00:00+09:00,1496.0,1502.0,1495.0,1500.0,20800,0.0,0.0
2023-12-27 09:00:00+09:00,1515.0,1564.0,1515.0,1541.0,129200,0.0,0.0
2023-12-27 10:00:00+09:00,1542.0,1579.0,1542.0,1573.0,82700,0.0,0.0
2023-12-27 11:00:00+09:00,1575.0,1588.0,1571.0,1576.0,0,0.0,0.0
2023-12-27 12:00:00+09:00,1575.0,1589.0,1573.0,1587.0,291200,0.0,0.0
2023-12-27 13:00:00+09:00,1588.0,1589.0,1560.0,1560.0,43600,0.0,0.0
2023-12-27 14:00:00+09:00,1561.0,1562.0,1551.0,1561.0,43300,0.0,0.0
2023-12-28 09:00:00+09:00,1546.0,1554.0,1514.0,1547.0,74400,0.0,0.0
2023-12-28 10:00:00+09:00,1546.0,1550.0,1538.0,1539.0,15300,0.0,0.0
2023-12-28 11:00:00+09:00,1540.0,1550.0,1539.0,1548.0,0,0.0,0.0
2023-12-28 12:00:00+09:00,1553.0,1563.0,1553.0,1556.0,112500,0.0,0.0
2023-12-28 13:00:00+09:00,1557.0,1573.0,1557.0,1566.0,22200,0.0,0.0
2023-12-28 14:00:00+09:00,1565.0,1577.0,1564.0,1574.0,29000,0.0,0.0
2023-12-29 09:00:00+09:00,1570.0,1610.0,1569.0,1586.0,85000,0.0,0.0
2023-12-29 10:00:00+09:00,1584.0,1589.0,1573.0,1573.0,23000,0.0,0.0
2023-12-29 11:00:00+09:00,1572.0,1585.0,1570.0,1581.0,0,0.0,0.0
2023-12-29 12:00:00+09:00,1584.0,1584.0,1572.0,1577.0,126800,0.0,0.0
2023-12-29 13:00:00+09:00,1576.0,1576.0,1564.0,1566.0,13000,0.0,0.0
2023-12-29 14:00:00+09:00,1567.0,1584.0,1567.0,1583.0,36300,0.0,0.0
2024-01-04 09:00:00+09:00,1560.0,1613.0,1527.0,1609.0,96900,0.0,0.0
2024-01-04 10:00:00+09:00,1612.0,1612.0,1588.0,1602.0,26900,0.0,0.0
2024-01-04 11:00:00+09:00,1598.0,1601.0,1586.0,1594.0,0,0.0,0.0
2024-01-04 12:00:00+09:00,1594.0,1609.0,1594.0,1599.0,151700,0.0,0.0
2024-01-04 13:00:00+09:00,1598.0,1612.0,1597.0,1612.0,20600,0.0,0.0
2024-01-04 14:00:00+09:00,1612.0,1619.0,1611.0,1616.0,32000,0.0,0.0
2024-01-05 09:00:00+09:00,1620.0,1625.0,1577.0,1591.0,47300,0.0,0.0
2024-01-05 10:00:00+09:00,1593.0,1606.0,1590.0,1595.0,11400,0.0,0.0
2024-01-05 11:00:00+09:00,1591.0,1591.0,1580.0,1584.0,0,0.0,0.0
2024-01-05 12:00:00+09:00,1584.0,1586.0,1580.0,1586.0,79500,0.0,0.0
2024-01-05 13:00:00+09:00,1586.0,1590.0,1577.0,1584.0,17700,0.0,0.0
2024-01-05 14:00:00+09:00,1584.0,1588.0,1575.0,1576.0,20500,0.0,0.0
2024-01-09 09:00:00+09:00,1534.0,1548.0,1524.0,1535.0,90900,0.0,0.0
2024-01-09 10:00:00+09:00,1537.0,1538.0,1527.0,1532.0,20400,0.0,0.0
2024-01-09 11:00:00+09:00,1532.0,1542.0,1532.0,1540.0,0,0.0,0.0
2024-01-09 12:00:00+09:00,1543.0,1560.0,1541.0,1548.0,131600,0.0,0.0
2024-01-09 13:00:00+09:00,1548.0,1548.0,1534.0,1540.0,12400,0.0,0.0
2024-01-09 14:00:00+09:00,1540.0,1556.0,1538.0,1551.0,25200,0.0,0.0
2024-01-10 09:00:00+09:00,1538.0,1591.0,1538.0,1591.0,47300,0.0,0.0
2024-01-10 10:00:00+09:00,1592.0,1597.0,1584.0,1593.0,26000,0.0,0.0
2024-01-10 11:00:00+09:00,1594.0,1603.0,1591.0,1591.0,0,0.0,0.0
2024-01-10 12:00:00+09:00,1594.0,1595.0,1583.0,1588.0,99700,0.0,0.0
2024-01-10 13:00:00+09:00,1590.0,1600.0,1589.0,1596.0,21800,0.0,0.0
2024-01-10 14:00:00+09:00,1597.0,1611.0,1597.0,1608.0,36200,0.0,0.0
2024-01-11 09:00:00+09:00,1624.0,1633.0,1610.0,1614.0,46800,0.0,0.0
2024-01-11 10:00:00+09:00,1611.0,1614.0,1607.0,1611.0,7700,0.0,0.0
2024-01-11 11:00:00+09:00,1613.0,1617.0,1607.0,1611.0,0,0.0,0.0
2024-01-11 12:00:00+09:00,1613.0,1615.0,1605.0,1611.0,64300,0.0,0.0
2024-01-11 13:00:00+09:00,1610.0,1610.0,1599.0,1604.0,13700,0.0,0.0
2024-01-11 14:00:00+09:00,1604.0,1608.0,1600.0,1605.0,16600,0.0,0.0
2024-01-12 09:00:00+09:00,1614.0,1636.0,1605.0,1614.0,0,0.0,0.0
2024-01-12 10:00:00+09:00,1613.0,1615.0,1603.0,1612.0,19700,0.0,0.0
2024-01-12 11:00:00+09:00,1613.0,1622.0,1613.0,1619.0,0,0.0,0.0
2024-01-12 12:00:00+09:00,1614.0,1620.0,1613.0,1613.0,83100,0.0,0.0
2024-01-12 13:00:00+09:00,1614.0,1614.0,1603.0,1605.0,15500,0.0,0.0
2024-01-12 14:00:00+09:00,1606.0,1611.0,1599.0,1599.0,22700,0.0,0.0
2024-01-15 09:00:00+09:00,1594.0,1620.0,1593.0,1600.0,22800,0.0,0.0
2024-01-15 10:00:00+09:00,1597.0,1601.0,1589.0,1595.0,9700,0.0,0.0
2024-01-15 11:00:00+09:00,1596.0,1616.0,1596.0,1616.0,0,0.0,0.0
2024-01-15 12:00:00+09:00,1616.0,1629.0,1616.0,1627.0,53500,0.0,0.0
2024-01-15 13:00:00+09:00,1627.0,1634.0,1618.0,1623.0,23500,0.0,0.0
2024-01-15 14:00:00+09:00,1624.0,1632.0,1621.0,1626.0,22500,0.0,0.0
2024-01-16 09:00:00+09:00,1629.0,1630.0,1596.0,1607.0,45000,0.0,0.0
2024-01-16 10:00:00+09:00,1606.0,1620.0,1606.0,1617.0,7000,0.0,0.0
2024-01-16 11:00:00+09:00,1617.0,1617.0,1608.0,1609.0,0,0.0,0.0
2024-01-16 12:00:00+09:00,1611.0,1612.0,1606.0,1606.0,65100,0.0,0.0
2024-01-16 13:00:00+09:00,1606.0,1610.0,1595.0,1598.0,13100,0.0,0.0
2024-01-16 14:00:00+09:00,1600.0,1609.0,1598.0,1603.0,11800,0.0,0.0
2024-01-17 09:00:00+09:00,1604.0,1604.0,1581.0,1585.0,31800,0.0,0.0
2024-01-17 10:00:00+09:00,1587.0,1602.0,1572.0,1573.0,31200,0.0,0.0
2024-01-17 11:00:00+09:00,1574.0,1579.0,1562.0,1570.0,0,0.0,0.0
2024-01-17 12:00:00+09:00,1572.0,1576.0,1559.0,1559.0,85300,0.0,0.0
2024-01-17 13:00:00+09:00,1558.0,1576.0,1557.0,1573.0,12800,0.0,0.0
2024-01-17 14:00:00+09:00,1573.0,1575.0,1558.0,1560.0,25400,0.0,0.0
2024-01-18 09:00:00+09:00,1570.0,1571.0,1557.0,1563.0,10400,0.0,0.0
2024-01-18 10:00:00+09:00,1562.0,1580.0,1549.0,1578.0,31500,0.0,0.0
2024-01-18 11:00:00+09:00,1577.0,1577.0,1560.0,1566.0,0,0.0,0.0
2024-01-18 12:00:00+09:00,1567.0,1567.0,1559.0,1562.0,55100,0.0,0.0
2024-01-18 13:00:00+09:00,1563.0,1563.0,1549.0,1550.0,15300,0.0,0.0
2024-01-18 14:00:00+09:00,1553.0,1560.0,1550.0,1559.0,16300,0.0,0.0
2024-01-19 09:00:00+09:00,1590.0,1600.0,1580.0,1585.0,50700,0.0,0.0
2024-01-19 10:00:00+09:00,1585.0,1597.0,1585.0,1587.0,10800,0.0,0.0
2024-01-19 11:00:00+09:00,1588.0,1594.0,1586.0,1587.0,0,0.0,0.0
2024-01-19 12:00:00+09:00,1590.0,1606.0,1586.0,1595.0,91900,0.0,0.0
2024-01-19 13:00:00+09:00,1597.0,1600.0,1593.0,1597.0,16900,0.0,0.0
2024-01-19 14:00:00+09:00,1598.0,1609.0,1598.0,1609.0,26300,0.0,0.0
2024-01-22 09:00:00+09:00,1596.0,1651.0,1588.0,1635.0,67100,0.0,0.0
2024-01-22 10:00:00+09:00,1635.0,1643.0,1634.0,1639.0,17100,0.0,0.0
2024-01-22 11:00:00+09:00,1638.0,1638.0,1633.0,1634.0,0,0.0,0.0
2024-01-22 12:00:00+09:00,1638.0,1640.0,1633.0,1633.0,98800,0.0,0.0
2024-01-22 13:00:00+09:00,1633.0,1641.0,1631.0,1640.0,22200,0.0,0.0
2024-01-22 14:00:00+09:00,1639.0,1645.0,1638.0,1642.0,18600,0.0,0.0
2024-01-23 09:00:00+09:00,1642.0,1645.0,1619.0,1624.0,16500,0.0,0.0
2024-01-23 10:00:00+09:00,1622.0,1634.0,1618.0,1623.0,9700,0.0,0.0
2024-01-23 11:00:00+09:00,1621.0,1629.0,1621.0,1627.0,0,0.0,0.0
2024-01-23 12:00:00+09:00,1627.0,1632.0,1603.0,1605.0,42400,0.0,0.0
2024-01-23 13:00:00+09:00,1609.0,1621.0,1609.0,1611.0,9100,0.0,0.0
2024-01-23 14:00:00+09:00,1612.0,1616.0,1606.0,1608.0,9100,0.0,0.0
2024-01-24 09:00:00+09:00,1626.0,1636.0,1611.0,1620.0,19000,0.0,0.0
2024-01-24 10:00:00+09:00,1619.0,1624.0,1616.0,1618.0,8500,0.0,0.0
2024-01-24 11:00:00+09:00,1621.0,1625.0,1619.0,1621.0,0,0.0,0.0
2024-01-24 12:00:00+09:00,1621.0,1621.0,1608.0,1610.0,37300,0.0,0.0
2024-01-24 13:00:00+09:00,1612.0,1615.0,1605.0,1606.0,0,0.0,0.0
2024-01-24 14:00:00+09:00,1604.0,1617.0,1603.0,1615.0,55300,0.0,0.0
2024-01-25 09:00:00+09:00,1612.0,1637.0,1595.0,1622.0,29200,0.0,0.0
2024-01-25 10:00:00+09:00,1624.0,1624.0,1612.0,1617.0,6400,0.0,0.0
2024-01-25 11:00:00+09:00,1618.0,1625.0,1618.0,1625.0,0,0.0,0.0
2024-01-25 12:00:00+09:00,1629.0,1630.0,1616.0,1623.0,47300,0.0,0.0
2024-01-25 13:00:00+09:00,1624.0,1632.0,1622.0,1630.0,10900,0.0,0.0
2024-01-25 14:00:00+09:00,1630.0,1637.0,1627.0,1637.0,15500,0.0,0.0
2024-01-26 09:00:00+09:00,1626.0,1661.0,1623.0,1646.0,73200,0.0,0.0
2024-01-26 10:00:00+09:00,1647.0,1651.0,1635.0,1636.0,11900,0.0,0.0
2024-01-26 11:00:00+09:00,1636.0,1636.0,1629.0,1629.0,0,0.0,0.0
2024-01-26 12:00:00+09:00,1629.0,1632.0,1619.0,1619.0,104100,0.0,0.0
2024-01-26 13:00:00+09:00,1620.0,1620.0,1606.0,1608.0,9200,0.0,0.0
2024-01-26 14:00:00+09:00,1610.0,1622.0,1608.0,1609.0,21100,0.0,0.0
2024-01-29 09:00:00+09:00,1621.0,1633.0,1611.0,1620.0,15500,0.0,0.0
2024-01-29 10:00:00+09:00,1617.0,1620.0,1611.0,1614.0,9000,0.0,0.0
2024-01-29 11:00:00+09:00,1614.0,1614.0,1606.0,1607.0,0,0.0,0.0
2024-01-29 12:00:00+09:00,1603.0,1614.0,1602.0,1613.0,40400,0.0,0.0
2024-01-29 13:00:00+09:00,1614.0,1619.0,1613.0,1617.0,6600,0.0,0.0
2024-01-29 14:00:00+09:00,1617.0,1619.0,1611.0,1614.0,13900,0.0,0.0
2024-01-30 09:00:00+09:00,1619.0,1648.0,1616.0,1645.0,34700,0.0,0.0
2024-01-30 10:00:00+09:00,1645.0,1647.0,1630.0,1637.0,11600,0.0,0.0
2024-01-30 11:00:00+09:00,1638.0,1640.0,1633.0,1633.0,0,0.0,0.0
2024-01-30 12:00:00+09:00,1629.0,1637.0,1629.0,1637.0,56400,0.0,0.0
2024-01-30 13:00:00+09:00,1638.0,1645.0,1637.0,1645.0,11800,0.0,0.0
2024-01-30 14:00:00+09:00,1645.0,1646.0,1625.0,1625.0,17700,0.0,0.0
2024-01-31 09:00:00+09:00,1632.0,1632.0,1602.0,1609.0,21500,0.0,0.0
2024-01-31 10:00:00+09:00,1607.0,1626.0,1605.0,1618.0,17000,0.0,0.0
2024-01-31 11:00:00+09:00,1616.0,1616.0,1615.0,1615.0,0,0.0,0.0
2024-01-31 12:00:00+09:00,1612.0,1617.0,1610.0,1612.0,42400,0.0,0.0
2024-01-31 13:00:00+09:00,1612.0,1616.0,1608.0,1612.0,10600,0.0,0.0
2024-01-31 14:00:00+09:00,1610.0,1615.0,1607.0,1615.0,17700,0.0,0.0
2024-02-01 09:00:00+09:00,1589.0,1594.0,1569.0,1571.0,76400,0.0,0.0
2024-02-01 10:00:00+09:00,1569.0,1576.0,1566.0,1569.0,29600,0.0,0.0
2024-02-01 11:00:00+09:00,1569.0,1569.0,1563.0,1568.0,0,0.0,0.0
2024-02-01 12:00:00+09:00,1563.0,1575.0,1563.0,1575.0,121700,0.0,0.0
2024-02-01 13:00:00+09:00,1573.0,1581.0,1571.0,1575.0,12100,0.0,0.0
2024-02-01 14:00:00+09:00,1575.0,1588.0,1574.0,1584.0,15900,0.0,0.0
2024-02-02 09:00:00+09:00,1565.0,1584.0,1554.0,1558.0,16300,0.0,0.0
2024-02-02 10:00:00+09:00,1560.0,1566.0,1557.0,1562.0,7500,0.0,0.0
2024-02-02 11:00:00+09:00,1564.0,1564.0,1557.0,1558.0,0,0.0,0.0
2024-02-02 12:00:00+09:00,1560.0,1566.0,1557.0,1565.0,32700,0.0,0.0
2024-02-02 13:00:00+09:00,1563.0,1572.0,1555.0,1558.0,25800,0.0,0.0
2024-02-02 14:00:00+09:00,1557.0,1561.0,1547.0,1549.0,33100,0.0,0.0
2024-02-05 09:00:00+09:00,1542.0,1553.0,1535.0,1552.0,25900,0.0,0.0
2024-02-05 10:00:00+09:00,1547.0,1551.0,1542.0,1544.0,7800,0.0,0.0
2024-02-05 11:00:00+09:00,1544.0,1544.0,1537.0,1538.0,0,0.0,0.0
2024-02-05 12:00:00+09:00,1541.0,1545.0,1539.0,1540.0,43700,0.0,0.0
2024-02-05 13:00:00+09:00,1543.0,1552.0,1542.0,1549.0,8800,0.0,0.0
2024-02-05 14:00:00+09:00,1549.0,1553.0,1547.0,1547.0,14400,0.0,0.0
2024-02-06 09:00:00+09:00,1529.0,1540.0,1524.0,1534.0,25300,0.0,0.0
2024-02-06 10:00:00+09:00,1536.0,1536.0,1525.0,1532.0,25600,0.0,0.0
2024-02-06 11:00:00+09:00,1533.0,1534.0,1531.0,1532.0,0,0.0,0.0
2024-02-06 12:00:00+09:00,1533.0,1533.0,1526.0,1527.0,62600,0.0,0.0
2024-02-06 13:00:00+09:00,1528.0,1535.0,1525.0,1535.0,9600,0.0,0.0
2024-02-06 14:00:00+09:00,1534.0,1547.0,1534.0,1538.0,19700,0.0,0.0
2024-02-07 09:00:00+09:00,1525.0,1532.0,1513.0,1520.0,38500,0.0,0.0
2024-02-07 10:00:00+09:00,1520.0,1525.0,1516.0,1516.0,9900,0.0,0.0
2024-02-07 11:00:00+09:00,1518.0,1521.0,1517.0,1521.0,0,0.0,0.0
2024-02-07 12:00:00+09:00,1518.0,1518.0,1507.0,1508.0,67400,0.0,0.0
2024-02-07 13:00:00+09:00,1510.0,1523.0,1510.0,1523.0,7000,0.0,0.0
2024-02-07 14:00:00+09:00,1523.0,1528.0,1520.0,1522.0,15100,0.0,0.0
2024-02-08 09:00:00+09:00,1510.0,1510.0,1496.0,1500.0,31600,0.0,0.0
2024-02-08 10:00:00+09:00,1500.0,1508.0,1499.0,1506.0,10200,0.0,0.0
2024-02-08 11:00:00+09:00,1508.0,1517.0,1508.0,1514.0,0,0.0,0.0
2024-02-08 12:00:00+09:00,1511.0,1528.0,1510.0,1523.0,55100,0.0,0.0
2024-02-08 13:00:00+09:00,1521.0,1526.0,1520.0,1525.0,10800,0.0,0.0
2024-02-08 14:00:00+09:00,1525.0,1533.0,1521.0,1525.0,17300,0.0,0.0
2024-02-09 09:00:00+09:00,1549.0,1552.0,1531.0,1542.0,29300,0.0,0.0
2024-02-09 10:00:00+09:00,1543.0,1550.0,1538.0,1538.0,15400,0.0,0.0
2024-02-09 11:00:00+09:00,1538.0,1543.0,1532.0,1543.0,0,0.0,0.0
2024-02-09 12:00:00+09:00,1540.0,1540.0,1532.0,1539.0,63300,0.0,0.0
2024-02-09 13:00:00+09:00,1537.0,1547.0,1533.0,1536.0,21800,0.0,0.0
2024-02-09 14:00:00+09:00,1536.0,1537.0,1527.0,1527.0,16400,0.0,0.0
2024-02-13 09:00:00+09:00,1416.0,1470.0,1414.0,1426.0,193500,0.0,0.0
2024-02-13 10:00:00+09:00,1424.0,1426.0,1394.0,1404.0,111300,0.0,0.0
2024-02-13 11:00:00+09:00,1406.0,1409.0,1401.0,1406.0,0,0.0,0.0
2024-02-13 12:00:00+09:00,1412.0,1440.0,1407.0,1435.0,399200,0.0,0.0
2024-02-13 13:00:00+09:00,1434.0,1436.0,1413.0,1414.0,50500,0.0,0.0
2024-02-13 14:00:00+09:00,1413.0,1418.0,1403.0,1412.0,91700,0.0,0.0
2024-02-14 09:00:00+09:00,1411.0,1416.0,1388.0,1399.0,90300,0.0,0.0
2024-02-14 10:00:00+09:00,1397.0,1397.0,1381.0,1391.0,47500,0.0,0.0
2024-02-14 11:00:00+09:00,1391.0,1395.0,1389.0,1389.0,0,0.0,0.0
2024-02-14 12:00:00+09:00,1387.0,1390.0,1384.0,1390.0,151800,0.0,0.0
2024-02-14 13:00:00+09:00,1387.0,1394.0,1387.0,1391.0,15000,0.0,0.0
2024-02-14 14:00:00+09:00,1390.0,1408.0,1390.0,1407.0,38000,0.0,0.0
2024-02-15 09:00:00+09:00,1412.0,1412.0,1366.0,1373.0,86400,0.0,0.0
2024-02-15 10:00:00+09:00,1372.0,1372.0,1360.0,1364.0,34000,0.0,0.0
2024-02-15 11:00:00+09:00,1363.0,1364.0,1360.0,1360.0,0,0.0,0.0
2024-02-15 12:00:00+09:00,1362.0,1364.0,1350.0,1352.0,162500,0.0,0.0
2024-02-15 13:00:00+09:00,1352.0,1352.0,1328.0,1332.0,61600,0.0,0.0
2024-02-15 14:00:00+09:00,1330.0,1336.0,1324.0,1324.0,47000,0.0,0.0
2024-02-16 09:00:00+09:00,1328.0,1328.0,1285.0,1297.0,113200,0.0,0.0
2024-02-16 10:00:00+09:00,1296.0,1311.0,1293.0,1299.0,48100,0.0,0.0
2024-02-16 11:00:00+09:00,1299.0,1316.0,1299.0,1316.0,0,0.0,0.0
2024-02-16 12:00:00+09:00,1316.0,1329.0,1314.0,1320.0,201400,0.0,0.0
2024-02-16 13:00:00+09:00,1320.0,1323.0,1313.0,1319.0,28200,0.0,0.0
2024-02-16 14:00:00+09:00,1320.0,1326.0,1319.0,1321.0,42700,0.0,0.0
2024-02-19 09:00:00+09:00,1332.0,1350.0,1306.0,1349.0,50700,0.0,0.0
2024-02-19 10:00:00+09:00,1347.0,1356.0,1338.0,1344.0,22000,0.0,0.0
2024-02-19 11:00:00+09:00,1345.0,1346.0,1338.0,1340.0,0,0.0,0.0
2024-02-19 12:00:00+09:00,1342.0,1349.0,1340.0,1349.0,93900,0.0,0.0
2024-02-19 13:00:00+09:00,1349.0,1356.0,1348.0,1351.0,17600,0.0,0.0
2024-02-19 14:00:00+09:00,1351.0,1356.0,1348.0,1355.0,26700,0.0,0.0
2024-02-20 09:00:00+09:00,1386.0,1427.0,1377.0,1382.0,76300,0.0,0.0
2024-02-20 10:00:00+09:00,1383.0,1384.0,1365.0,1365.0,15100,0.0,0.0
2024-02-20 11:00:00+09:00,1365.0,1366.0,1360.0,1363.0,0,0.0,0.0
2024-02-20 12:00:00+09:00,1366.0,1366.0,1356.0,1362.0,108800,0.0,0.0
2024-02-20 13:00:00+09:00,1363.0,1367.0,1360.0,1362.0,16300,0.0,0.0
2024-02-20 14:00:00+09:00,1363.0,1370.0,1361.0,1370.0,20400,0.0,0.0
2024-02-21 09:00:00+09:00,1369.0,1375.0,1348.0,1349.0,39600,0.0,0.0
2024-02-21 10:00:00+09:00,1348.0,1351.0,1344.0,1345.0,10000,0.0,0.0
2024-02-21 11:00:00+09:00,1345.0,1345.0,1339.0,1341.0,0,0.0,0.0
2024-02-21 12:00:00+09:00,1341.0,1346.0,1340.0,1340.0,68500,0.0,0.0
2024-02-21 13:00:00+09:00,1342.0,1348.0,1341.0,1345.0,9500,0.0,0.0
2024-02-21 14:00:00+09:00,1346.0,1350.0,1344.0,1344.0,17800,0.0,0.0
2024-02-22 09:00:00+09:00,1351.0,1368.0,1351.0,1364.0,27600,0.0,0.0
2024-02-22 10:00:00+09:00,1360.0,1362.0,1356.0,1357.0,8200,0.0,0.0
2024-02-22 11:00:00+09:00,1356.0,1359.0,1355.0,1359.0,0,0.0,0.0
2024-02-22 12:00:00+09:00,1360.0,1360.0,1351.0,1351.0,45700,0.0,0.0
2024-02-22 13:00:00+09:00,1353.0,1356.0,1347.0,1353.0,16900,0.0,0.0
2024-02-22 14:00:00+09:00,1353.0,1357.0,1351.0,1354.0,22300,0.0,0.0
2024-02-26 09:00:00+09:00,1357.0,1357.0,1321.0,1347.0,66800,0.0,0.0
2024-02-26 10:00:00+09:00,1348.0,1358.0,1346.0,1347.0,16700,0.0,0.0
2024-02-26 11:00:00+09:00,1348.0,1348.0,1341.0,1342.0,0,0.0,0.0
2024-02-26 12:00:00+09:00,1337.0,1339.0,1331.0,1336.0,113600,0.0,0.0
2024-02-26 13:00:00+09:00,1337.0,1338.0,1328.0,1330.0,42000,0.0,0.0
2024-02-26 14:00:00+09:00,1332.0,1334.0,1328.0,1332.0,32200,0.0,0.0
2024-02-27 09:00:00+09:00,1333.0,1341.0,1327.0,1335.0,22500,0.0,0.0
2024-02-27 10:00:00+09:00,1334.0,1343.0,1330.0,1342.0,0,0.0,0.0
2024-02-27 11:00:00+09:00,1340.0,1345.0,1338.0,1343.0,0,0.0,0.0
2024-02-27 12:00:00+09:00,1343.0,1348.0,1342.0,1343.0,58100,0.0,0.0
2024-02-27 13:00:00+09:00,1345.0,1349.0,1341.0,1348.0,12200,0.0,0.0
2024-02-27 14:00:00+09:00,1350.0,1352.0,1339.0,1342.0,19700,0.0,0.0
2024-02-28 09:00:00+09:00,1333.0,1346.0,1331.0,1337.0,0,0.0,0.0
2024-02-28 10:00:00+09:00,1336.0,1348.0,1334.0,1335.0,34200,0.0,0.0
2024-02-28 11:00:00+09:00,1334.0,1336.0,1331.0,1332.0,0,0.0,0.0
2024-02-28 12:00:00+09:00,1332.0,1348.0,1327.0,1348.0,87500,0.0,0.0
2024-02-28 13:00:00+09:00,1346.0,1350.0,1342.0,1342.0,18900,0.0,0.0
2024-02-28 14:00:00+09:00,1342.0,1343.0,1336.0,1341.0,15200,0.0,0.0
2024-02-29 09:00:00+09:00,1342.0,1344.0,1312.0,1322.0,97400,0.0,0.0
2024-02-29 10:00:00+09:00,1322.0,1323.0,1314.0,1316.0,23200,0.0,0.0
2024-02-29 11:00:00+09:00,1319.0,1321.0,1311.0,1315.0,0,0.0,0.0
2024-02-29 12:00:00+09:00,1316.0,1328.0,1311.0,1328.0,150000,0.0,0.0
2024-02-29 13:00:00+09:00,1328.0,1331.0,1324.0,1329.0,10800,0.0,0.0
2024-02-29 14:00:00+09:00,1328.0,1331.0,1326.0,1326.0,17700,0.0,0.0
2024-03-01 09:00:00+09:00,1321.0,1337.0,1320.0,1336.0,19500,0.0,0.0
2024-03-01 10:00:00+09:00,1330.0,1332.0,1322.0,1322.0,6500,0.0,0.0
2024-03-01 11:00:00+09:00,1324.0,1328.0,1324.0,1326.0,0,0.0,0.0
2024-03-01 12:00:00+09:00,1326.0,1328.0,1323.0,1327.0,40200,0.0,0.0
2024-03-01 13:00:00+09:00,1325.0,1328.0,1323.0,1324.0,10100,0.0,0.0
2024-03-01 14:00:00+09:00,1326.0,1335.0,1324.0,1330.0,20500,0.0,0.0
2024-03-04 09:00:00+09:00,1328.0,1333.0,1310.0,1331.0,52500,0.0,0.0
2024-03-04 10:00:00+09:00,1331.0,1339.0,1330.0,1336.0,12400,0.0,0.0
2024-03-04 11:00:00+09:00,1338.0,1340.0,1330.0,1338.0,0,0.0,0.0
2024-03-04 12:00:00+09:00,1338.0,1338.0,1329.0,1332.0,82600,0.0,0.0
2024-03-04 13:00:00+09:00,1333.0,1334.0,1323.0,1327.0,18900,0.0,0.0
2024-03-04 14:00:00+09:00,1326.0,1326.0,1321.0,1325.0,18900,0.0,0.0
2024-03-05 09:00:00+09:00,1305.0,1311.0,1269.0,1281.0,151100,0.0,0.0
2024-03-05 10:00:00+09:00,1281.0,1287.0,1279.0,1287.0,18600,0.0,0.0
2024-03-05 11:00:00+09:00,1287.0,1291.0,1287.0,1289.0,0,0.0,0.0
2024-03-05 12:00:00+09:00,1289.0,1295.0,1289.0,1289.0,195500,0.0,0.0
2024-03-05 13:00:00+09:00,1289.0,1290.0,1282.0,1283.0,28300,0.0,0.0
2024-03-05 14:00:00+09:00,1284.0,1284.0,1271.0,1273.0,53400,0.0,0.0
2024-03-06 09:00:00+09:00,1240.0,1252.0,1217.0,1250.0,108900,0.0,0.0
2024-03-06 10:00:00+09:00,1251.0,1251.0,1237.0,1249.0,26800,0.0,0.0
2024-03-06 11:00:00+09:00,1249.0,1251.0,1243.0,1243.0,0,0.0,0.0
2024-03-06 12:00:00+09:00,1242.0,1251.0,1242.0,1250.0,160900,0.0,0.0
2024-03-06 13:00:00+09:00,1250.0,1255.0,1246.0,1253.0,29200,0.0,0.0
2024-03-06 14:00:00+09:00,1255.0,1261.0,1249.0,1252.0,32300,0.0,0.0
2024-03-07 09:00:00+09:00,1264.0,1266.0,1245.0,1245.0,39700,0.0,0.0
2024-03-07 10:00:00+09:00,1244.0,1244.0,1216.0,1219.0,57200,0.0,0.0
2024-03-07 11:00:00+09:00,1220.0,1221.0,1215.0,1218.0,0,0.0,0.0
2024-03-07 12:00:00+09:00,1219.0,1232.0,1218.0,1232.0,120800,0.0,0.0
2024-03-07 13:00:00+09:00,1234.0,1239.0,1229.0,1233.0,19000,0.0,0.0
2024-03-07 14:00:00+09:00,1233.0,1236.0,1229.0,1230.0,20000,0.0,0.0
2024-03-08 09:00:00+09:00,1218.0,1245.0,1218.0,1240.0,33800,0.0,0.0
2024-03-08 10:00:00+09:00,1237.0,1241.0,1237.0,1239.0,7600,0.0,0.0
2024-03-08 11:00:00+09:00,1240.0,1241.0,1236.0,1240.0,0,0.0,0.0
2024-03-08 12:00:00+09:00,1242.0,1248.0,1237.0,1244.0,57000,0.0,0.0
2024-03-08 13:00:00+09:00,1242.0,1248.0,1238.0,1239.0,15000,0.0,0.0
2024-03-08 14:00:00+09:00,1238.0,1243.0,1232.0,1243.0,18700,0.0,0.0
2024-03-11 09:00:00+09:00,1212.0,1220.0,1204.0,1204.0,49000,0.0,0.0
2024-03-11 10:00:00+09:00,1203.0,1215.0,1200.0,1211.0,18600,0.0,0.0
2024-03-11 11:00:00+09:00,1211.0,1211.0,1201.0,1201.0,0,0.0,0.0
2024-03-11 12:00:00+09:00,1201.0,1201.0,1185.0,1188.0,107900,0.0,0.0
2024-03-11 13:00:00+09:00,1186.0,1188.0,1177.0,1179.0,38300,0.0,0.0
2024-03-11 14:00:00+09:00,1179.0,1187.0,1175.0,1185.0,37400,0.0,0.0
2024-03-12 09:00:00+09:00,1175.0,1186.0,1155.0,1167.0,54800,0.0,0.0
2024-03-12 10:00:00+09:00,1169.0,1174.0,1164.0,1171.0,19500,0.0,0.0
2024-03-12 11:00:00+09:00,1170.0,1198.0,1170.0,1196.0,0,0.0,0.0
2024-03-12 12:00:00+09:00,1198.0,1215.0,1196.0,1202.0,111700,0.0,0.0
2024-03-12 13:00:00+09:00,1204.0,1209.0,1202.0,1204.0,12000,0.0,0.0
2024-03-12 14:00:00+09:00,1205.0,1214.0,1204.0,1210.0,30300,0.0,0.0
2024-03-13 09:00:00+09:00,1229.0,1236.0,1217.0,1218.0,29400,0.0,0.0
2024-03-13 10:00:00+09:00,1218.0,1218.0,1207.0,1211.0,13600,0.0,0.0
2024-03-13 11:00:00+09:00,1214.0,1217.0,1211.0,1212.0,0,0.0,0.0
2024-03-13 12:00:00+09:00,1210.0,1210.0,1202.0,1202.0,55700,0.0,0.0
2024-03-13 13:00:00+09:00,1204.0,1207.0,1202.0,1205.0,0,0.0,0.0
2024-03-13 14:00:00+09:00,1206.0,1213.0,1204.0,1206.0,84600,0.0,0.0
2024-03-14 09:00:00+09:00,1208.0,1225.0,1206.0,1220.0,23400,0.0,0.0
2024-03-14 10:00:00+09:00,1221.0,1224.0,1218.0,1224.0,5800,0.0,0.0
2024-03-14 11:00:00+09:00,1223.0,1223.0,1220.0,1222.0,0,0.0,0.0
2024-03-14 12:00:00+09:00,1222.0,1230.0,1220.0,1229.0,36200,0.0,0.0
2024-03-14 13:00:00+09:00,1230.0,1235.0,1228.0,1232.0,11600,0.0,0.0
2024-03-14 14:00:00+09:00,1231.0,1233.0,1225.0,1232.0,18800,0.0,0.0
2024-03-15 09:00:00+09:00,1220.0,1249.0,1220.0,1225.0,31800,0.0,0.0
2024-03-15 10:00:00+09:00,1225.0,1237.0,1220.0,1237.0,18300,0.0,0.0
2024-03-15 11:00:00+09:00,1237.0,1244.0,1237.0,1243.0,0,0.0,0.0
2024-03-15 12:00:00+09:00,1245.0,1250.0,1244.0,1248.0,73900,0.0,0.0
2024-03-15 13:00:00+09:00,1248.0,1248.0,1242.0,1242.0,10500,0.0,0.0
2024-03-15 14:00:00+09:00,1242.0,1244.0,1239.0,1241.0,15700,0.0,0.0
2024-03-18 09:00:00+09:00,1253.0,1268.0,1244.0,1257.0,33600,0.0,0.0
2024-03-18 10:00:00+09:00,1257.0,1278.0,1257.0,1278.0,30000,0.0,0.0
2024-03-18 11:00:00+09:00,1280.0,1281.0,1278.0,1278.0,0,0.0,0.0
2024-03-18 12:00:00+09:00,1278.0,1293.0,1278.0,1293.0,89400,0.0,0.0
2024-03-18 13:00:00+09:00,1291.0,1295.0,1287.0,1290.0,24900,0.0,0.0
2024-03-18 14:00:00+09:00,1289.0,1295.0,1289.0,1294.0,22400,0.0,0.0
2024-03-19 09:00:00+09:00,1297.0,1312.0,1287.0,1312.0,36100,0.0,0.0
2024-03-19 10:00:00+09:00,1313.0,1315.0,1294.0,1296.0,20200,0.0,0.0
2024-03-19 11:00:00+09:00,1296.0,1298.0,1291.0,1295.0,0,0.0,0.0
2024-03-19 12:00:00+09:00,1292.0,1314.0,1289.0,1311.0,80100,0.0,0.0
2024-03-19 13:00:00+09:00,1312.0,1314.0,1308.0,1310.0,0,0.0,0.0
2024-03-19 14:00:00+09:00,1309.0,1313.0,1305.0,1313.0,114100,0.0,0.0
2024-03-21 09:00:00+09:00,1325.0,1340.0,1323.0,1339.0,35200,0.0,0.0
2024-03-21 10:00:00+09:00,1336.0,1340.0,1332.0,1340.0,8200,0.0,0.0
2024-03-21 11:00:00+09:00,1338.0,1338.0,1334.0,1337.0,0,0.0,0.0
2024-03-21 12:00:00+09:00,1337.0,1342.0,1326.0,1335.0,61500,0.0,0.0
2024-03-21 13:00:00+09:00,1332.0,1339.0,1330.0,1339.0,3800,0.0,0.0
2024-03-21 14:00:00+09:00,1336.0,1341.0,1329.0,1329.0,19100,0.0,0.0
2024-03-22 09:00:00+09:00,1335.0,1345.0,1326.0,1337.0,44900,0.0,0.0
2024-03-22 10:00:00+09:00,1337.0,1343.0,1334.0,1334.0,23300,0.0,0.0
2024-03-22 11:00:00+09:00,1334.0,1335.0,1327.0,1327.0,0,0.0,0.0
2024-03-22 12:00:00+09:00,1326.0,1329.0,1323.0,1329.0,97900,0.0,0.0
2024-03-22 13:00:00+09:00,1328.0,1337.0,1327.0,1334.0,18800,0.0,0.0
2024-03-22 14:00:00+09:00,1333.0,1334.0,1328.0,1328.0,23200,0.0,0.0
2024-03-25 09:00:00+09:00,1290.0,1348.0,1290.0,1305.0,169100,0.0,0.0
2024-03-25 10:00:00+09:00,1306.0,1312.0,1277.0,1277.0,76100,0.0,0.0
2024-03-25 11:00:00+09:00,1277.0,1277.0,1260.0,1268.0,0,0.0,0.0
2024-03-25 12:00:00+09:00,1270.0,1283.0,1270.0,1276.0,330500,0.0,0.0
2024-03-25 13:00:00+09:00,1276.0,1276.0,1259.0,1262.0,66700,0.0,0.0
2024-03-25 14:00:00+09:00,1261.0,1268.0,1250.0,1251.0,99300,0.0,0.0
2024-03-26 09:00:00+09:00,1241.0,1241.0,1208.0,1208.0,79500,0.0,0.0
2024-03-26 10:00:00+09:00,1209.0,1215.0,1205.0,1206.0,34500,0.0,0.0
2024-03-26 11:00:00+09:00,1208.0,1208.0,1202.0,1203.0,0,0.0,0.0
2024-03-26 12:00:00+09:00,1204.0,1214.0,1203.0,1213.0,142400,0.0,0.0
2024-03-26 13:00:00+09:00,1213.0,1217.0,1205.0,1213.0,28800,0.0,0.0
2024-03-26 14:00:00+09:00,1212.0,1215.0,1210.0,1212.0,23600,0.0,0.0
2024-03-27 09:00:00+09:00,1231.0,1280.0,1224.0,1251.0,97200,0.0,0.0
2024-03-27 10:00:00+09:00,1250.0,1258.0,1250.0,1257.0,26100,0.0,0.0
2024-03-27 11:00:00+09:00,1255.0,1257.0,1240.0,1242.0,0,0.0,0.0
2024-03-27 12:00:00+09:00,1243.0,1245.0,1240.0,1241.0,153200,0.0,0.0
2024-03-27 13:00:00+09:00,1242.0,1248.0,1242.0,1246.0,16300,0.0,0.0
2024-03-27 14:00:00+09:00,1246.0,1254.0,1245.0,1247.0,23200,0.0,0.0
2024-03-28 09:00:00+09:00,1230.0,1248.0,1222.0,1222.0,27900,0.0,0.0
2024-03-28 10:00:00+09:00,1222.0,1229.0,1216.0,1216.0,13900,0.0,0.0
2024-03-28 11:00:00+09:00,1217.0,1224.0,1217.0,1224.0,0,0.0,0.0
2024-03-28 12:00:00+09:00,1224.0,1226.0,1219.0,1226.0,53800,0.0,0.0
2024-03-28 13:00:00+09:00,1226.0,1228.0,1221.0,1224.0,10300,0.0,0.0
2024-03-28 14:00:00+09:00,1223.0,1224.0,1213.0,1216.0,30200,0.0,0.0
2024-03-29 09:00:00+09:00,1220.0,1235.0,1217.0,1219.0,21600,0.0,0.0
2024-03-29 10:00:00+09:00,1219.0,1234.0,1218.0,1234.0,8500,0.0,0.0
2024-03-29 11:00:00+09:00,1234.0,1235.0,1231.0,1234.0,0,0.0,0.0
2024-03-29 12:00:00+09:00,1234.0,1236.0,1227.0,1233.0,46000,0.0,0.0
2024-03-29 13:00:00+09:00,1232.0,1240.0,1231.0,1234.0,8800,0.0,0.0
2024-03-29 14:00:00+09:00,1233.0,1236.0,1231.0,1233.0,18800,0.0,0.0
2024-04-01 09:00:00+09:00,1235.0,1245.0,1222.0,1239.0,23300,0.0,0.0
2024-04-01 10:00:00+09:00,1241.0,1241.0,1223.0,1223.0,9600,0.0,0.0
2024-04-01 11:00:00+09:00,1222.0,1223.0,1221.0,1223.0,0,0.0,0.0
2024-04-01 12:00:00+09:00,1223.0,1239.0,1221.0,1236.0,42100,0.0,0.0
2024-04-01 13:00:00+09:00,1235.0,1250.0,1231.0,1250.0,26900,0.0,0.0
2024-04-01 14:00:00+09:00,1250.0,1250.0,1211.0,1216.0,68800,0.0,0.0
2024-04-02 09:00:00+09:00,1215.0,1221.0,1184.0,1193.0,47300,0.0,0.0
2024-04-02 10:00:00+09:00,1192.0,1196.0,1181.0,1191.0,28600,0.0,0.0
2024-04-02 11:00:00+09:00,1192.0,1192.0,1183.0,1183.0,0,0.0,0.0
2024-04-02 12:00:00+09:00,1183.0,1185.0,1180.0,1180.0,106700,0.0,0.0
2024-04-02 13:00:00+09:00,1180.0,1182.0,1172.0,1179.0,26500,0.0,0.0
2024-04-02 14:00:00+09:00,1178.0,1185.0,1175.0,1180.0,33800,0.0,0.0
2024-04-03 09:00:00+09:00,1148.0,1158.0,1138.0,1157.0,0,0.0,0.0
2024-04-03 10:00:00+09:00,1158.0,1158.0,1147.0,1148.0,70800,0.0,0.0
2024-04-03 11:00:00+09:00,1147.0,1148.0,1143.0,1147.0,0,0.0,0.0
2024-04-03 12:00:00+09:00,1145.0,1156.0,1145.0,1152.0,90900,0.0,0.0
2024-04-03 13:00:00+09:00,1152.0,1155.0,1148.0,1152.0,18000,0.0,0.0
2024-04-03 14:00:00+09:00,1152.0,1155.0,1145.0,1147.0,26700,0.0,0.0
2024-04-04 09:00:00+09:00,1154.0,1154.0,1135.0,1139.0,33000,0.0,0.0
2024-04-04 10:00:00+09:00,1140.0,1149.0,1139.0,1149.0,13200,0.0,0.0
2024-04-04 11:00:00+09:00,1146.0,1146.0,1138.0,1138.0,0,0.0,0.0
2024-04-04 12:00:00+09:00,1138.0,1148.0,1138.0,1148.0,60400,0.0,0.0
2024-04-04 13:00:00+09:00,1147.0,1148.0,1141.0,1144.0,13800,0.0,0.0
2024-04-04 14:00:00+09:00,1143.0,1143.0,1132.0,1138.0,30400,0.0,0.0
2024-04-05 09:00:00+09:00,1110.0,1140.0,1103.0,1120.0,30800,0.0,0.0
2024-04-05 10:00:00+09:00,1118.0,1123.0,1114.0,1114.0,19200,0.0,0.0
2024-04-05 11:00:00+09:00,1115.0,1120.0,1115.0,1118.0,0,0.0,0.0
2024-04-05 12:00:00+09:00,1118.0,1136.0,1115.0,1136.0,66300,0.0,0.0
2024-04-05 13:00:00+09:00,1134.0,1141.0,1133.0,1137.0,21700,0.0,0.0
2024-04-05 14:00:00+09:00,1138.0,1148.0,1138.0,1145.0,24500,0.0,0.0
2024-04-08 09:00:00+09:00,1155.0,1178.0,1155.0,1178.0,45300,0.0,0.0
2024-04-08 10:00:00+09:00,1177.0,1179.0,1171.0,1176.0,16300,0.0,0.0
2024-04-08 11:00:00+09:00,1177.0,1181.0,1175.0,1179.0,0,0.0,0.0
2024-04-08 12:00:00+09:00,1180.0,1180.0,1164.0,1169.0,78700,0.0,0.0
2024-04-08 13:00:00+09:00,1170.0,1189.0,1169.0,1189.0,29200,0.0,0.0
2024-04-08 14:00:00+09:00,1190.0,1213.0,1188.0,1208.0,60000,0.0,0.0
2024-04-09 09:00:00+09:00,1219.0,1227.0,1193.0,1225.0,57600,0.0,0.0
2024-04-09 10:00:00+09:00,1225.0,1228.0,1220.0,1221.0,21000,0.0,0.0
2024-04-09 11:00:00+09:00,1221.0,1228.0,1221.0,1228.0,0,0.0,0.0
2024-04-09 12:00:00+09:00,1229.0,1230.0,1219.0,1228.0,101100,0.0,0.0
2024-04-09 13:00:00+09:00,1227.0,1229.0,1223.0,1228.0,12200,0.0,0.0
2024-04-09 14:00:00+09:00,1227.0,1241.0,1226.0,1237.0,29800,0.0,0.0
2024-04-10 09:00:00+09:00,1241.0,1258.0,1229.0,1238.0,38000,0.0,0.0
2024-04-10 10:00:00+09:00,1239.0,1242.0,1236.0,1242.0,13200,0.0,0.0
2024-04-10 11:00:00+09:00,1243.0,1243.0,1238.0,1241.0,0,0.0,0.0
2024-04-10 12:00:00+09:00,1246.0,1247.0,1241.0,1241.0,60500,0.0,0.0
2024-04-10 13:00:00+09:00,1240.0,1244.0,1231.0,1232.0,22500,0.0,0.0
2024-04-10 14:00:00+09:00,1232.0,1236.0,1227.0,1229.0,16900,0.0,0.0
2024-04-11 09:00:00+09:00,1202.0,1215.0,1201.0,1209.0,38000,0.0,0.0
2024-04-11 10:00:00+09:00,1207.0,1208.0,1188.0,1188.0,31300,0.0,0.0
2024-04-11 11:00:00+09:00,1187.0,1191.0,1187.0,1189.0,0,0.0,0.0
2024-04-11 12:00:00+09:00,1185.0,1190.0,1183.0,1190.0,93900,0.0,0.0
2024-04-11 13:00:00+09:00,1189.0,1194.0,1182.0,1185.0,20300,0.0,0.0
2024-04-11 14:00:00+09:00,1185.0,1185.0,1173.0,1175.0,42000,0.0,0.0
2024-04-12 09:00:00+09:00,1177.0,1188.0,1145.0,1150.0,65000,0.0,0.0
2024-04-12 10:00:00+09:00,1152.0,1154.0,1143.0,1151.0,25300,0.0,0.0
2024-04-12 11:00:00+09:00,1152.0,1156.0,1151.0,1152.0,0,0.0,0.0
2024-04-12 12:00:00+09:00,1153.0,1154.0,1141.0,1141.0,121500,0.0,0.0
2024-04-12 13:00:00+09:00,1141.0,1142.0,1135.0,1137.0,22900,0.0,0.0
2024-04-12 14:00:00+09:00,1138.0,1140.0,1135.0,1136.0,24600,0.0,0.0
2024-04-15 09:00:00+09:00,1111.0,1125.0,1107.0,1117.0,51700,0.0,0.0
2024-04-15 10:00:00+09:00,1119.0,1140.0,1119.0,1137.0,16200,0.0,0.0
2024-04-15 11:00:00+09:00,1137.0,1144.0,1137.0,1144.0,0,0.0,0.0
2024-04-15 12:00:00+09:00,1142.0,1146.0,1139.0,1140.0,88600,0.0,0.0
2024-04-15 13:00:00+09:00,1140.0,1142.0,1138.0,1140.0,0,0.0,0.0
2024-04-15 14:00:00+09:00,1139.0,1146.0,1137.0,1146.0,118700,0.0,0.0
2024-04-16 09:00:00+09:00,1134.0,1157.0,1126.0,1150.0,0,0.0,0.0
2024-04-16 10:00:00+09:00,1148.0,1158.0,1146.0,1155.0,46100,0.0,0.0
2024-04-16 11:00:00+09:00,1156.0,1156.0,1152.0,1152.0,0,0.0,0.0
2024-04-16 12:00:00+09:00,1152.0,1154.0,1140.0,1142.0,68100,0.0,0.0
2024-04-16 13:00:00+09:00,1143.0,1143.0,1127.0,1127.0,13200,0.0,0.0
2024-04-16 14:00:00+09:00,1127.0,1127.0,1107.0,1107.0,34300,0.0,0.0
2024-04-17 09:00:00+09:00,1112.0,1128.0,1092.0,1123.0,48000,0.0,0.0
2024-04-17 10:00:00+09:00,1120.0,1128.0,1113.0,1121.0,12400,0.0,0.0
2024-04-17 11:00:00+09:00,1121.0,1124.0,1113.0,1113.0,0,0.0,0.0
2024-04-17 12:00:00+09:00,1110.0,1116.0,1101.0,1110.0,86600,0.0,0.0
2024-04-17 13:00:00+09:00,1110.0,1117.0,1108.0,1116.0,7900,0.0,0.0
2024-04-17 14:00:00+09:00,1116.0,1118.0,1110.0,1111.0,16800,0.0,0.0
2024-04-18 09:00:00+09:00,1100.0,1147.0,1096.0,1147.0,39600,0.0,0.0
2024-04-18 10:00:00+09:00,1147.0,1153.0,1130.0,1135.0,19100,0.0,0.0
2024-04-18 11:00:00+09:00,1137.0,1140.0,1136.0,1136.0,0,0.0,0.0
2024-04-18 12:00:00+09:00,1140.0,1151.0,1140.0,1149.0,68900,0.0,0.0
2024-04-18 13:00:00+09:00,1150.0,1150.0,1138.0,1143.0,12500,0.0,0.0
2024-04-18 14:00:00+09:00,1144.0,1144.0,1133.0,1133.0,12800,0.0,0.0
2024-04-19 09:00:00+09:00,1137.0,1147.0,1115.0,1116.0,20500,0.0,0.0
2024-04-19 10:00:00+09:00,1118.0,1119.0,1097.0,1104.0,29900,0.0,0.0
2024-04-19 11:00:00+09:00,1101.0,1101.0,1093.0,1096.0,0,0.0,0.0
2024-04-19 12:00:00+09:00,1103.0,1115.0,1100.0,1110.0,74500,0.0,0.0
2024-04-19 13:00:00+09:00,1112.0,1121.0,1111.0,1119.0,12900,0.0,0.0
2024-04-19 14:00:00+09:00,1120.0,1122.0,1117.0,1119.0,14800,0.0,0.0
2024-04-22 09:00:00+09:00,1142.0,1158.0,1138.0,1147.0,27200,0.0,0.0
2024-04-22 10:00:00+09:00,1143.0,1145.0,1135.0,1143.0,7500,0.0,0.0
2024-04-22 11:00:00+09:00,1144.0,1147.0,1144.0,1146.0,0,0.0,0.0
2024-04-22 12:00:00+09:00,1146.0,1146.0,1140.0,1142.0,40900,0.0,0.0
2024-04-22 13:00:00+09:00,1141.0,1150.0,1141.0,1149.0,8000,0.0,0.0
2024-04-22 14:00:00+09:00,1150.0,1157.0,1148.0,1157.0,13500,0.0,0.0
2024-04-23 09:00:00+09:00,1160.0,1166.0,1147.0,1150.0,50700,0.0,0.0
2024-04-23 10:00:00+09:00,1150.0,1151.0,1137.0,1137.0,11900,0.0,0.0
2024-04-23 11:00:00+09:00,1136.0,1142.0,1133.0,1142.0,0,0.0,0.0
2024-04-23 12:00:00+09:00,1140.0,1152.0,1140.0,1142.0,72400,0.0,0.0
2024-04-23 13:00:00+09:00,1144.0,1149.0,1142.0,1148.0,7500,0.0,0.0
2024-04-23 14:00:00+09:00,1149.0,1150.0,1141.0,1148.0,20800,0.0,0.0
2024-04-24 09:00:00+09:00,1170.0,1180.0,1161.0,1166.0,22300,0.0,0.0
2024-04-24 10:00:00+09:00,1166.0,1172.0,1156.0,1158.0,12800,0.0,0.0
2024-04-24 11:00:00+09:00,1158.0,1165.0,1157.0,1157.0,0,0.0,0.0
2024-04-24 12:00:00+09:00,1161.0,1163.0,1155.0,1163.0,51300,0.0,0.0
2024-04-24 13:00:00+09:00,1163.0,1172.0,1156.0,1168.0,21100,0.0,0.0
2024-04-24 14:00:00+09:00,1166.0,1168.0,1155.0,1156.0,24300,0.0,0.0
2024-04-25 09:00:00+09:00,1131.0,1131.0,1110.0,1124.0,69600,0.0,0.0
2024-04-25 10:00:00+09:00,1125.0,1128.0,1112.0,1116.0,28900,0.0,0.0
2024-04-25 11:00:00+09:00,1119.0,1119.0,1106.0,1107.0,0,0.0,0.0
2024-04-25 12:00:00+09:00,1107.0,1110.0,1104.0,1108.0,138100,0.0,0.0
2024-04-25 13:00:00+09:00,1109.0,1113.0,1108.0,1112.0,19400,0.0,0.0
2024-04-25 14:00:00+09:00,1111.0,1111.0,1104.0,1107.0,31200,0.0,0.0
2024-04-26 09:00:00+09:00,1090.0,1090.0,1065.0,1068.0,74200,0.0,0.0
2024-04-26 10:00:00+09:00,1068.0,1077.0,1065.0,1072.0,28500,0.0,0.0
2024-04-26 11:00:00+09:00,1073.0,1076.0,1072.0,1074.0,0,0.0,0.0
2024-04-26 12:00:00+09:00,1073.0,1078.0,1066.0,1067.0,154500,0.0,0.0
2024-04-26 13:00:00+09:00,1066.0,1072.0,1065.0,1066.0,36900,0.0,0.0
2024-04-26 14:00:00+09:00,1066.0,1067.0,1058.0,1060.0,63500,0.0,0.0
2024-04-30 09:00:00+09:00,1073.0,1123.0,1073.0,1121.0,85000,0.0,0.0
2024-04-30 10:00:00+09:00,1120.0,1130.0,1098.0,1100.0,43800,0.0,0.0
2024-04-30 11:00:00+09:00,1100.0,1105.0,1089.0,1090.0,0,0.0,0.0
2024-04-30 12:00:00+09:00,1088.0,1094.0,1086.0,1089.0,190200,0.0,0.0
2024-04-30 13:00:00+09:00,1090.0,1093.0,1082.0,1086.0,26400,0.0,0.0
2024-04-30 14:00:00+09:00,1085.0,1091.0,1077.0,1088.0,47300,0.0,0.0
2024-05-01 09:00:00+09:00,1083.0,1093.0,1069.0,1071.0,27000,0.0,0.0
2024-05-01 10:00:00+09:00,1072.0,1075.0,1060.0,1063.0,16300,0.0,0.0
2024-05-01 11:00:00+09:00,1062.0,1068.0,1061.0,1067.0,0,0.0,0.0
2024-05-01 12:00:00+09:00,1070.0,1097.0,1070.0,1096.0,67300,0.0,0.0
2024-05-01 13:00:00+09:00,1096.0,1100.0,1096.0,1098.0,13600,0.0,0.0
2024-05-01 14:00:00+09:00,1099.0,1100.0,1092.0,1092.0,27100,0.0,0.0
2024-05-02 09:00:00+09:00,1084.0,1090.0,1080.0,1088.0,0,0.0,0.0
2024-05-02 10:00:00+09:00,1088.0,1103.0,1085.0,1095.0,25500,0.0,0.0
2024-05-02 11:00:00+09:00,1097.0,1100.0,1097.0,1097.0,0,0.0,0.0
2024-05-02 12:00:00+09:00,1100.0,1112.0,1100.0,1111.0,39700,0.0,0.0
2024-05-02 13:00:00+09:00,1110.0,1117.0,1108.0,1114.0,14700,0.0,0.0
2024-05-02 14:00:00+09:00,1115.0,1118.0,1109.0,1117.0,21500,0.0,0.0
2024-05-07 09:00:00+09:00,1115.0,1132.0,1111.0,1114.0,31200,0.0,0.0
2024-05-07 10:00:00+09:00,1115.0,1126.0,1108.0,1113.0,17400,0.0,0.0
2024-05-07 11:00:00+09:00,1113.0,1115.0,1110.0,1113.0,0,0.0,0.0
2024-05-07 12:00:00+09:00,1116.0,1124.0,1114.0,1123.0,61000,0.0,0.0
2024-05-07 13:00:00+09:00,1123.0,1126.0,1122.0,1124.0,9300,0.0,0.0
2024-05-07 14:00:00+09:00,1123.0,1127.0,1122.0,1125.0,11700,0.0,0.0
2024-05-08 09:00:00+09:00,1120.0,1137.0,1120.0,1137.0,27500,0.0,0.0
2024-05-08 10:00:00+09:00,1137.0,1137.0,1120.0,1120.0,18300,0.0,0.0
2024-05-08 11:00:00+09:00,1119.0,1121.0,1111.0,1112.0,0,0.0,0.0
2024-05-08 12:00:00+09:00,1112.0,1117.0,1111.0,1117.0,78600,0.0,0.0
2024-05-08 13:00:00+09:00,1117.0,1121.0,1114.0,1120.0,15600,0.0,0.0
2024-05-08 14:00:00+09:00,1120.0,1123.0,1116.0,1123.0,16700,0.0,0.0
2024-05-09 09:00:00+09:00,1120.0,1133.0,1114.0,1130.0,24600,0.0,0.0
2024-05-09 10:00:00+09:00,1129.0,1139.0,1127.0,1139.0,15100,0.0,0.0
2024-05-09 11:00:00+09:00,1140.0,1145.0,1140.0,1144.0,0,0.0,0.0
2024-05-09 12:00:00+09:00,1147.0,1154.0,1147.0,1153.0,63800,0.0,0.0
2024-05-09 13:00:00+09:00,1153.0,1154.0,1145.0,1147.0,9000,0.0,0.0
2024-05-09 14:00:00+09:00,1146.0,1148.0,1142.0,1144.0,12600,0.0,0.0
2024-05-10 09:00:00+09:00,1147.0,1172.0,1140.0,1172.0,34300,0.0,0.0
2024-05-10 10:00:00+09:00,1170.0,1177.0,1164.0,1167.0,20700,0.0,0.0
2024-05-10 11:00:00+09:00,1168.0,1172.0,1167.0,1172.0,0,0.0,0.0
2024-05-10 12:00:00+09:00,1174.0,1174.0,1164.0,1168.0,80000,0.0,0.0
2024-05-10 13:00:00+09:00,1168.0,1175.0,1165.0,1172.0,0,0.0,0.0
2024-05-10 14:00:00+09:00,1172.0,1172.0,1165.0,1168.0,134900,0.0,0.0
2024-05-13 09:00:00+09:00,1413.0,1452.0,1306.0,1342.0,529500,0.0,0.0
2024-05-13 10:00:00+09:00,1345.0,1352.0,1277.0,1327.0,251700,0.0,0.0
2024-05-13 11:00:00+09:00,1326.0,1364.0,1325.0,1350.0,0,0.0,0.0
2024-05-13 12:00:00+09:00,1358.0,1396.0,1354.0,1381.0,978700,0.0,0.0
2024-05-13 13:00:00+09:00,1385.0,1387.0,1365.0,1371.0,0,0.0,0.0
2024-05-13 14:00:00+09:00,1372.0,1375.0,1359.0,1363.0,1189200,0.0,0.0
2024-05-14 09:00:00+09:00,1351.0,1358.0,1311.0,1350.0,167600,0.0,0.0
2024-05-14 10:00:00+09:00,1350.0,1375.0,1349.0,1365.0,74400,0.0,0.0
2024-05-14 11:00:00+09:00,1369.0,1382.0,1369.0,1380.0,0,0.0,0.0
2024-05-14 12:00:00+09:00,1382.0,1410.0,1381.0,1391.0,359400,0.0,0.0
2024-05-14 13:00:00+09:00,1390.0,1393.0,1380.0,1390.0,49600,0.0,0.0
2024-05-14 14:00:00+09:00,1390.0,1399.0,1380.0,1382.0,58500,0.0,0.0
2024-05-15 09:00:00+09:00,1377.0,1399.0,1371.0,1390.0,53200,0.0,0.0
2024-05-15 10:00:00+09:00,1389.0,1402.0,1383.0,1387.0,39900,0.0,0.0
2024-05-15 11:00:00+09:00,1386.0,1389.0,1380.0,1383.0,0,0.0,0.0
2024-05-15 12:00:00+09:00,1383.0,1386.0,1361.0,1375.0,136500,0.0,0.0
2024-05-15 13:00:00+09:00,1374.0,1379.0,1371.0,1371.0,26300,0.0,0.0
2024-05-15 14:00:00+09:00,1370.0,1370.0,1359.0,1366.0,38600,0.0,0.0
2024-05-16 09:00:00+09:00,1375.0,1382.0,1318.0,1343.0,80700,0.0,0.0
2024-05-16 10:00:00+09:00,1341.0,1341.0,1327.0,1340.0,15300,0.0,0.0
2024-05-16 11:00:00+09:00,1341.0,1341.0,1328.0,1337.0,0,0.0,0.0
2024-05-16 12:00:00+09:00,1336.0,1339.0,1330.0,1334.0,120100,0.0,0.0
2024-05-16 13:00:00+09:00,1333.0,1340.0,1332.0,1338.0,14700,0.0,0.0
2024-05-16 14:00:00+09:00,1338.0,1344.0,1334.0,1340.0,27800,0.0,0.0
2024-05-17 09:00:00+09:00,1341.0,1387.0,1338.0,1387.0,40500,0.0,0.0
2024-05-17 10:00:00+09:00,1388.0,1462.0,1388.0,1455.0,205600,0.0,0.0
2024-05-17 11:00:00+09:00,1456.0,1458.0,1433.0,1442.0,0,0.0,0.0
2024-05-17 12:00:00+09:00,1447.0,1480.0,1444.0,1466.0,417900,0.0,0.0
2024-05-17 13:00:00+09:00,1466.0,1494.0,1462.0,1484.0,135800,0.0,0.0
2024-05-17 14:00:00+09:00,1488.0,1488.0,1456.0,1467.0,105000,0.0,0.0
2024-05-20 09:00:00+09:00,1470.0,1589.0,1457.0,1574.0,338300,0.0,0.0
2024-05-20 10:00:00+09:00,1576.0,1580.0,1557.0,1566.0,86300,0.0,0.0
2024-05-20 11:00:00+09:00,1565.0,1569.0,1559.0,1565.0,0,0.0,0.0
2024-05-20 12:00:00+09:00,1558.0,1564.0,1548.0,1559.0,488500,0.0,0.0
2024-05-20 13:00:00+09:00,1558.0,1566.0,1550.0,1555.0,52700,0.0,0.0
2024-05-20 14:00:00+09:00,1556.0,1557.0,1537.0,1546.0,65800,0.0,0.0
2024-05-21 09:00:00+09:00,1540.0,1555.0,1519.0,1534.0,102000,0.0,0.0
2024-05-21 10:00:00+09:00,1536.0,1544.0,1527.0,1539.0,26900,0.0,0.0
2024-05-21 11:00:00+09:00,1539.0,1557.0,1537.0,1557.0,0,0.0,0.0
2024-05-21 12:00:00+09:00,1557.0,1579.0,1547.0,1552.0,199900,0.0,0.0
2024-05-21 13:00:00+09:00,1552.0,1559.0,1520.0,1524.0,48500,0.0,0.0
2024-05-21 14:00:00+09:00,1521.0,1524.0,1511.0,1512.0,46200,0.0,0.0
2024-05-22 09:00:00+09:00,1515.0,1520.0,1471.0,1488.0,90500,0.0,0.0
2024-05-22 10:00:00+09:00,1486.0,1507.0,1482.0,1491.0,40800,0.0,0.0
2024-05-22 11:00:00+09:00,1490.0,1498.0,1488.0,1488.0,0,0.0,0.0
2024-05-22 12:00:00+09:00,1484.0,1489.0,1470.0,1477.0,169200,0.0,0.0
2024-05-22 13:00:00+09:00,1477.0,1477.0,1470.0,1474.0,23900,0.0,0.0
2024-05-22 14:00:00+09:00,1473.0,1480.0,1465.0,1474.0,50400,0.0,0.0
2024-05-23 09:00:00+09:00,1479.0,1483.0,1444.0,1455.0,78400,0.0,0.0
2024-05-23 10:00:00+09:00,1456.0,1456.0,1442.0,1450.0,26800,0.0,0.0
2024-05-23 11:00:00+09:00,1449.0,1461.0,1443.0,1460.0,0,0.0,0.0
2024-05-23 12:00:00+09:00,1464.0,1470.0,1444.0,1450.0,147300,0.0,0.0
2024-05-23 13:00:00+09:00,1450.0,1451.0,1441.0,1446.0,19900,0.0,0.0
2024-05-23 14:00:00+09:00,1446.0,1470.0,1444.0,1467.0,54200,0.0,0.0
2024-05-24 09:00:00+09:00,1382.0,1445.0,1374.0,1429.0,143300,0.0,0.0
2024-05-24 10:00:00+09:00,1429.0,1432.0,1400.0,1408.0,64100,0.0,0.0
2024-05-24 11:00:00+09:00,1410.0,1421.0,1402.0,1414.0,0,0.0,0.0
2024-05-24 12:00:00+09:00,1414.0,1430.0,1413.0,1424.0,256400,0.0,0.0
2024-05-24 13:00:00+09:00,1421.0,1434.0,1421.0,1432.0,22600,0.0,0.0
2024-05-24 14:00:00+09:00,1428.0,1433.0,1421.0,1427.0,35200,0.0,0.0
2024-05-27 09:00:00+09:00,1413.0,1424.0,1401.0,1406.0,57400,0.0,0.0
2024-05-27 10:00:00+09:00,1406.0,1414.0,1401.0,1406.0,28100,0.0,0.0
2024-05-27 11:00:00+09:00,1409.0,1418.0,1409.0,1412.0,0,0.0,0.0
2024-05-27 12:00:00+09:00,1412.0,1424.0,1412.0,1422.0,101100,0.0,0.0
2024-05-27 13:00:00+09:00,1425.0,1435.0,1423.0,1431.0,0,0.0,0.0
2024-05-27 14:00:00+09:00,1432.0,1447.0,1432.0,1447.0,141100,0.0,0.0
2024-05-28 09:00:00+09:00,1453.0,1477.0,1442.0,1451.0,38400,0.0,0.0
2024-05-28 10:00:00+09:00,1449.0,1449.0,1415.0,1423.0,48600,0.0,0.0
2024-05-28 11:00:00+09:00,1431.0,1431.0,1416.0,1418.0,0,0.0,0.0
2024-05-28 12:00:00+09:00,1416.0,1436.0,1416.0,1436.0,122400,0.0,0.0
2024-05-28 13:00:00+09:00,1435.0,1443.0,1433.0,1442.0,22300,0.0,0.0
2024-05-28 14:00:00+09:00,1443.0,1456.0,1442.0,1451.0,53000,0.0,0.0
2024-05-29 09:00:00+09:00,1446.0,1468.0,1437.0,1439.0,50300,0.0,0.0
2024-05-29 10:00:00+09:00,1440.0,1442.0,1413.0,1417.0,24300,0.0,0.0
2024-05-29 11:00:00+09:00,1419.0,1423.0,1417.0,1420.0,0,0.0,0.0
2024-05-29 12:00:00+09:00,1424.0,1424.0,1411.0,1418.0,90200,0.0,0.0
2024-05-29 13:00:00+09:00,1418.0,1421.0,1414.0,1414.0,10700,0.0,0.0
2024-05-29 14:00:00+09:00,1415.0,1417.0,1393.0,1395.0,41100,0.0,0.0
2024-05-30 09:00:00+09:00,1400.0,1456.0,1376.0,1383.0,43300,0.0,0.0
2024-05-30 10:00:00+09:00,1382.0,1425.0,1382.0,1424.0,19500,0.0,0.0
2024-05-30 11:00:00+09:00,1423.0,1432.0,1421.0,1425.0,0,0.0,0.0
2024-05-30 12:00:00+09:00,1425.0,1436.0,1422.0,1433.0,85800,0.0,0.0
2024-05-30 13:00:00+09:00,1434.0,1441.0,1429.0,1435.0,16400,0.0,0.0
2024-05-30 14:00:00+09:00,1434.0,1441.0,1423.0,1441.0,48000,0.0,0.0
2024-05-31 09:00:00+09:00,1433.0,1460.0,1424.0,1458.0,60500,0.0,0.0
2024-05-31 10:00:00+09:00,1457.0,1459.0,1449.0,1455.0,26800,0.0,0.0
2024-05-31 11:00:00+09:00,1455.0,1459.0,1427.0,1430.0,0,0.0,0.0
2024-05-31 12:00:00+09:00,1439.0,1444.0,1434.0,1444.0,125600,0.0,0.0
2024-05-31 13:00:00+09:00,1444.0,1446.0,1430.0,1436.0,19600,0.0,0.0
2024-05-31 14:00:00+09:00,1436.0,1465.0,1432.0,1461.0,57600,0.0,0.0
2024-06-03 09:00:00+09:00,1462.0,1478.0,1457.0,1467.0,44500,0.0,0.0
2024-06-03 10:00:00+09:00,1466.0,1481.0,1466.0,1480.0,10400,0.0,0.0
2024-06-03 11:00:00+09:00,1480.0,1480.0,1472.0,1477.0,0,0.0,0.0
2024-06-03 12:00:00+09:00,1483.0,1492.0,1481.0,1485.0,76300,0.0,0.0
2024-06-03 13:00:00+09:00,1486.0,1488.0,1481.0,1485.0,5600,0.0,0.0
2024-06-03 14:00:00+09:00,1483.0,1496.0,1474.0,1488.0,33600,0.0,0.0
2024-06-04 09:00:00+09:00,1535.0,1618.0,1531.0,1616.0,258300,0.0,0.0
2024-06-04 10:00:00+09:00,1617.0,1621.0,1592.0,1594.0,66800,0.0,0.0
2024-06-04 11:00:00+09:00,1594.0,1594.0,1569.0,1572.0,0,0.0,0.0
2024-06-04 12:00:00+09:00,1572.0,1575.0,1548.0,1551.0,410800,0.0,0.0
2024-06-04 13:00:00+09:00,1551.0,1565.0,1543.0,1543.0,35700,0.0,0.0
2024-06-04 14:00:00+09:00,1543.0,1543.0,1526.0,1529.0,47800,0.0,0.0
2024-06-05 09:00:00+09:00,1510.0,1512.0,1477.0,1494.0,90600,0.0,0.0
2024-06-05 10:00:00+09:00,1494.0,1499.0,1478.0,1478.0,29800,0.0,0.0
2024-06-05 11:00:00+09:00,1479.0,1486.0,1475.0,1475.0,0,0.0,0.0
2024-06-05 12:00:00+09:00,1472.0,1475.0,1461.0,1464.0,155100,0.0,0.0
2024-06-05 13:00:00+09:00,1465.0,1470.0,1457.0,1467.0,25800,0.0,0.0
2024-06-05 14:00:00+09:00,1464.0,1464.0,1446.0,1450.0,41500,0.0,0.0
2024-06-06 09:00:00+09:00,1432.0,1469.0,1427.0,1469.0,80700,0.0,0.0
2024-06-06 10:00:00+09:00,1469.0,1497.0,1466.0,1491.0,48200,0.0,0.0
2024-06-06 11:00:00+09:00,1492.0,1494.0,1487.0,1491.0,0,0.0,0.0
2024-06-06 12:00:00+09:00,1493.0,1494.0,1473.0,1473.0,168000,0.0,0.0
2024-06-06 13:00:00+09:00,1472.0,1472.0,1456.0,1462.0,23100,0.0,0.0
2024-06-06 14:00:00+09:00,1463.0,1473.0,1463.0,1470.0,32800,0.0,0.0
2024-06-07 09:00:00+09:00,1450.0,1450.0,1411.0,1417.0,68100,0.0,0.0
2024-06-07 10:00:00+09:00,1416.0,1424.0,1406.0,1418.0,34200,0.0,0.0
2024-06-07 11:00:00+09:00,1418.0,1419.0,1411.0,1413.0,0,0.0,0.0
2024-06-07 12:00:00+09:00,1413.0,1420.0,1406.0,1409.0,135700,0.0,0.0
2024-06-07 13:00:00+09:00,1410.0,1411.0,1405.0,1408.0,20900,0.0,0.0
2024-06-07 14:00:00+09:00,1407.0,1411.0,1401.0,1407.0,48800,0.0,0.0
2024-06-10 09:00:00+09:00,1425.0,1445.0,1419.0,1436.0,56300,0.0,0.0
2024-06-10 10:00:00+09:00,1438.0,1439.0,1422.0,1423.0,15600,0.0,0.0
2024-06-10 11:00:00+09:00,1424.0,1428.0,1424.0,1427.0,0,0.0,0.0
2024-06-10 12:00:00+09:00,1431.0,1436.0,1425.0,1430.0,87200,0.0,0.0
2024-06-10 13:00:00+09:00,1431.0,1439.0,1427.0,1439.0,15400,0.0,0.0
2024-06-10 14:00:00+09:00,1437.0,1440.0,1434.0,1440.0,18500,0.0,0.0
2024-06-11 09:00:00+09:00,1429.0,1436.0,1415.0,1430.0,15800,0.0,0.0
2024-06-11 10:00:00+09:00,1431.0,1432.0,1418.0,1420.0,10800,0.0,0.0
2024-06-11 11:00:00+09:00,1424.0,1436.0,1420.0,1432.0,0,0.0,0.0
2024-06-11 12:00:00+09:00,1432.0,1440.0,1429.0,1432.0,40700,0.0,0.0
2024-06-11 13:00:00+09:00,1430.0,1431.0,1426.0,1430.0,5100,0.0,0.0
2024-06-11 14:00:00+09:00,1429.0,1431.0,1417.0,1417.0,24400,0.0,0.0
2024-06-12 09:00:00+09:00,1403.0,1422.0,1398.0,1413.0,38300,0.0,0.0
2024-06-12 10:00:00+09:00,1413.0,1413.0,1396.0,1397.0,19400,0.0,0.0
2024-06-12 11:00:00+09:00,1396.0,1396.0,1388.0,1390.0,0,0.0,0.0
2024-06-12 12:00:00+09:00,1393.0,1397.0,1391.0,1393.0,78100,0.0,0.0
2024-06-12 13:00:00+09:00,1393.0,1394.0,1389.0,1392.0,10700,0.0,0.0
2024-06-12 14:00:00+09:00,1392.0,1394.0,1383.0,1387.0,28300,0.0,0.0
2024-06-13 09:00:00+09:00,1370.0,1383.0,1352.0,1363.0,40300,0.0,0.0
2024-06-13 10:00:00+09:00,1363.0,1395.0,1361.0,1392.0,37600,0.0,0.0
2024-06-13 11:00:00+09:00,1393.0,1397.0,1385.0,1385.0,0,0.0,0.0
2024-06-13 12:00:00+09:00,1381.0,1387.0,1379.0,1387.0,93700,0.0,0.0
2024-06-13 13:00:00+09:00,1387.0,1387.0,1372.0,1377.0,9200,0.0,0.0
2024-06-13 14:00:00+09:00,1376.0,1385.0,1373.0,1377.0,23500,0.0,0.0
2024-06-14 09:00:00+09:00,1379.0,1428.0,1379.0,1427.0,46400,0.0,0.0
2024-06-14 10:00:00+09:00,1425.0,1439.0,1424.0,1438.0,22400,0.0,0.0
2024-06-14 11:00:00+09:00,1439.0,1447.0,1439.0,1440.0,0,0.0,0.0
2024-06-14 12:00:00+09:00,1447.0,1456.0,1444.0,1455.0,100900,0.0,0.0
2024-06-14 13:00:00+09:00,1456.0,1462.0,1451.0,1458.0,23300,0.0,0.0
2024-06-14 14:00:00+09:00,1454.0,1458.0,1451.0,1458.0,26000,0.0,0.0
2024-06-17 09:00:00+09:00,1451.0,1467.0,1430.0,1441.0,37100,0.0,0.0
2024-06-17 10:00:00+09:00,1442.0,1444.0,1428.0,1442.0,17800,0.0,0.0
2024-06-17 11:00:00+09:00,1442.0,1446.0,1440.0,1440.0,0,0.0,0.0
2024-06-17 12:00:00+09:00,1442.0,1444.0,1430.0,1431.0,69100,0.0,0.0
2024-06-17 13:00:00+09:00,1432.0,1433.0,1424.0,1429.0,11300,0.0,0.0
2024-06-17 14:00:00+09:00,1429.0,1434.0,1427.0,1427.0,15900,0.0,0.0
2024-06-18 09:00:00+09:00,1435.0,1461.0,1435.0,1456.0,29000,0.0,0.0
2024-06-18 10:00:00+09:00,1458.0,1474.0,1458.0,1468.0,13800,0.0,0.0
2024-06-18 11:00:00+09:00,1468.0,1471.0,1467.0,1467.0,0,0.0,0.0
2024-06-18 12:00:00+09:00,1472.0,1472.0,1446.0,1453.0,71300,0.0,0.0
2024-06-18 13:00:00+09:00,1453.0,1458.0,1444.0,1448.0,11800,0.0,0.0
2024-06-18 14:00:00+09:00,1448.0,1448.0,1439.0,1443.0,13400,0.0,0.0
2024-06-19 09:00:00+09:00,1439.0,1450.0,1433.0,1444.0,23500,0.0,0.0
2024-06-19 10:00:00+09:00,1445.0,1447.0,1440.0,1440.0,8100,0.0,0.0
2024-06-19 11:00:00+09:00,1441.0,1444.0,1440.0,1443.0,0,0.0,0.0
2024-06-19 12:00:00+09:00,1444.0,1454.0,1434.0,1438.0,81900,0.0,0.0
2024-06-19 13:00:00+09:00,1439.0,1445.0,1435.0,1435.0,27100,0.0,0.0
2024-06-19 14:00:00+09:00,1435.0,1437.0,1427.0,1437.0,18500,0.0,0.0
2024-06-20 09:00:00+09:00,1437.0,1456.0,1435.0,1439.0,22600,0.0,0.0
2024-06-20 10:00:00+09:00,1439.0,1444.0,1434.0,1443.0,15800,0.0,0.0
2024-06-20 11:00:00+09:00,1443.0,1443.0,1435.0,1437.0,0,0.0,0.0
2024-06-20 12:00:00+09:00,1437.0,1441.0,1433.0,1437.0,48100,0.0,0.0
2024-06-20 13:00:00+09:00,1437.0,1444.0,1432.0,1443.0,7100,0.0,0.0
2024-06-20 14:00:00+09:00,1444.0,1445.0,1438.0,1445.0,10600,0.0,0.0
2024-06-21 09:00:00+09:00,1466.0,1494.0,1466.0,1490.0,54500,0.0,0.0
2024-06-21 10:00:00+09:00,1490.0,1494.0,1483.0,1483.0,14900,0.0,0.0
2024-06-21 11:00:00+09:00,1483.0,1483.0,1477.0,1480.0,0,0.0,0.0
2024-06-21 12:00:00+09:00,1480.0,1485.0,1476.0,1481.0,85000,0.0,0.0
2024-06-21 13:00:00+09:00,1488.0,1488.0,1464.0,1471.0,11600,0.0,0.0
2024-06-21 14:00:00+09:00,1470.0,1470.0,1460.0,1469.0,22800,0.0,0.0
2024-06-24 09:00:00+09:00,1490.0,1533.0,1484.0,1525.0,67300,0.0,0.0
2024-06-24 10:00:00+09:00,1527.0,1529.0,1506.0,1513.0,36400,0.0,0.0
2024-06-24 11:00:00+09:00,1512.0,1514.0,1504.0,1511.0,0,0.0,0.0
2024-06-24 12:00:00+09:00,1511.0,1518.0,1510.0,1512.0,124400,0.0,0.0
2024-06-24 13:00:00+09:00,1512.0,1514.0,1494.0,1494.0,18000,0.0,0.0
2024-06-24 14:00:00+09:00,1494.0,1496.0,1490.0,1492.0,20400,0.0,0.0
2024-06-25 09:00:00+09:00,1474.0,1496.0,1468.0,1479.0,0,0.0,0.0
2024-06-25 10:00:00+09:00,1480.0,1482.0,1471.0,1476.0,31100,0.0,0.0
2024-06-25 11:00:00+09:00,1475.0,1482.0,1475.0,1482.0,0,0.0,0.0
2024-06-25 12:00:00+09:00,1488.0,1499.0,1485.0,1499.0,43100,0.0,0.0
2024-06-25 13:00:00+09:00,1494.0,1497.0,1489.0,1492.0,7200,0.0,0.0
2024-06-25 14:00:00+09:00,1492.0,1493.0,1488.0,1490.0,8100,0.0,0.0
2024-06-26 09:00:00+09:00,1495.0,1500.0,1478.0,1497.0,0,0.0,0.0
2024-06-26 10:00:00+09:00,1496.0,1506.0,1493.0,1499.0,45600,0.0,0.0
2024-06-26 11:00:00+09:00,1500.0,1500.0,1483.0,1486.0,0,0.0,0.0
2024-06-26 12:00:00+09:00,1491.0,1499.0,1489.0,1495.0,71900,0.0,0.0
2024-06-26 13:00:00+09:00,1494.0,1496.0,1489.0,1493.0,13700,0.0,0.0
2024-06-26 14:00:00+09:00,1493.0,1500.0,1493.0,1497.0,21700,0.0,0.0
2024-06-27 09:00:00+09:00,1505.0,1515.0,1492.0,1512.0,15200,0.0,0.0
2024-06-27 10:00:00+09:00,1513.0,1515.0,1499.0,1499.0,14000,0.0,0.0
2024-06-27 11:00:00+09:00,1501.0,1509.0,1501.0,1509.0,0,0.0,0.0
2024-06-27 12:00:00+09:00,1510.0,1515.0,1505.0,1512.0,37200,0.0,0.0
2024-06-27 13:00:00+09:00,1512.0,1516.0,1508.0,1516.0,10000,0.0,0.0
2024-06-27 14:00:00+09:00,1515.0,1520.0,1510.0,1520.0,16100,0.0,0.0
2024-06-28 09:00:00+09:00,1520.0,1526.0,1495.0,1508.0,28500,0.0,0.0
2024-06-28 10:00:00+09:00,1509.0,1531.0,1509.0,1518.0,21400,0.0,0.0
2024-06-28 11:00:00+09:00,1518.0,1521.0,1512.0,1519.0,0,0.0,0.0
2024-06-28 12:00:00+09:00,1515.0,1521.0,1514.0,1514.0,62200,0.0,0.0
2024-06-28 13:00:00+09:00,1513.0,1514.0,1510.0,1510.0,9600,0.0,0.0
2024-06-28 14:00:00+09:00,1509.0,1511.0,1503.0,1504.0,14300,0.0,0.0
2024-07-01 09:00:00+09:00,1500.0,1520.0,1500.0,1508.0,23600,0.0,0.0
2024-07-01 10:00:00+09:00,1510.0,1513.0,1507.0,1509.0,7600,0.0,0.0
2024-07-01 11:00:00+09:00,1510.0,1516.0,1510.0,1513.0,0,0.0,0.0
2024-07-01 12:00:00+09:00,1515.0,1516.0,1509.0,1509.0,36100,0.0,0.0
2024-07-01 13:00:00+09:00,1510.0,1512.0,1508.0,1509.0,6400,0.0,0.0
2024-07-01 14:00:00+09:00,1510.0,1519.0,1505.0,1510.0,16100,0.0,0.0
2024-07-02 09:00:00+09:00,1512.0,1520.0,1507.0,1519.0,14200,0.0,0.0
2024-07-02 10:00:00+09:00,1520.0,1526.0,1514.0,1514.0,10400,0.0,0.0
2024-07-02 11:00:00+09:00,1512.0,1517.0,1506.0,1517.0,0,0.0,0.0
2024-07-02 12:00:00+09:00,1520.0,1526.0,1520.0,1526.0,42300,0.0,0.0
2024-07-02 13:00:00+09:00,1527.0,1544.0,1527.0,1535.0,31600,0.0,0.0
2024-07-02 14:00:00+09:00,1536.0,1536.0,1530.0,1535.0,13100,0.0,0.0
2024-07-03 09:00:00+09:00,1523.0,1548.0,1523.0,1525.0,0,0.0,0.0
2024-07-03 10:00:00+09:00,1526.0,1534.0,1526.0,1526.0,29900,0.0,0.0
2024-07-03 11:00:00+09:00,1529.0,1538.0,1529.0,1538.0,0,0.0,0.0
2024-07-03 12:00:00+09:00,1538.0,1538.0,1533.0,1534.0,38300,0.0,0.0
2024-07-03 13:00:00+09:00,1532.0,1534.0,1529.0,1531.0,9300,0.0,0.0
2024-07-03 14:00:00+09:00,1531.0,1532.0,1526.0,1529.0,11800,0.0,0.0
2024-07-04 09:00:00+09:00,1543.0,1543.0,1524.0,1530.0,14200,0.0,0.0
2024-07-04 10:00:00+09:00,1531.0,1541.0,1528.0,1537.0,13000,0.0,0.0
2024-07-04 11:00:00+09:00,1538.0,1539.0,1535.0,1537.0,0,0.0,0.0
2024-07-04 12:00:00+09:00,1541.0,1548.0,1540.0,1541.0,39100,0.0,0.0
2024-07-04 13:00:00+09:00,1541.0,1541.0,1534.0,1534.0,7700,0.0,0.0
2024-07-04 14:00:00+09:00,1534.0,1541.0,1534.0,1541.0,16600,0.0,0.0
2024-07-05 09:00:00+09:00,1567.0,1567.0,1532.0,1533.0,20600,0.0,0.0
2024-07-05 10:00:00+09:00,1533.0,1541.0,1530.0,1536.0,4500,0.0,0.0
2024-07-05 11:00:00+09:00,1534.0,1535.0,1531.0,1535.0,0,0.0,0.0
2024-07-05 12:00:00+09:00,1536.0,1543.0,1531.0,1533.0,32900,0.0,0.0
2024-07-05 13:00:00+09:00,1531.0,1534.0,1526.0,1526.0,8400,0.0,0.0
2024-07-05 14:00:00+09:00,1526.0,1527.0,1512.0,1518.0,18800,0.0,0.0
2024-07-08 09:00:00+09:00,1534.0,1547.0,1529.0,1540.0,13400,0.0,0.0
2024-07-08 10:00:00+09:00,1538.0,1541.0,1532.0,1538.0,10700,0.0,0.0
2024-07-08 11:00:00+09:00,1540.0,1556.0,1539.0,1556.0,0,0.0,0.0
2024-07-08 12:00:00+09:00,1557.0,1589.0,1556.0,1587.0,62200,0.0,0.0
2024-07-08 13:00:00+09:00,1587.0,1603.0,1570.0,1602.0,63500,0.0,0.0
2024-07-08 14:00:00+09:00,1601.0,1611.0,1598.0,1604.0,37000,0.0,0.0
2024-07-09 09:00:00+09:00,1602.0,1627.0,1596.0,1604.0,47000,0.0,0.0
2024-07-09 10:00:00+09:00,1603.0,1609.0,1597.0,1608.0,16300,0.0,0.0
2024-07-09 11:00:00+09:00,1609.0,1610.0,1599.0,1605.0,0,0.0,0.0
2024-07-09 12:00:00+09:00,1605.0,1608.0,1602.0,1608.0,80700,0.0,0.0
2024-07-09 13:00:00+09:00,1608.0,1613.0,1605.0,1607.0,12300,0.0,0.0
2024-07-09 14:00:00+09:00,1606.0,1607.0,1595.0,1601.0,27200,0.0,0.0
2024-07-10 09:00:00+09:00,1591.0,1600.0,1577.0,1586.0,0,0.0,0.0
2024-07-10 10:00:00+09:00,1586.0,1589.0,1580.0,1589.0,32300,0.0,0.0
2024-07-10 11:00:00+09:00,1591.0,1597.0,1588.0,1589.0,0,0.0,0.0
2024-07-10 12:00:00+09:00,1589.0,1591.0,1571.0,1573.0,48600,0.0,0.0
2024-07-10 13:00:00+09:00,1573.0,1579.0,1571.0,1575.0,10400,0.0,0.0
2024-07-10 14:00:00+09:00,1577.0,1592.0,1576.0,1591.0,15200,0.0,0.0
2024-07-11 09:00:00+09:00,1615.0,1615.0,1574.0,1577.0,17900,0.0,0.0
2024-07-11 10:00:00+09:00,1577.0,1590.0,1569.0,1585.0,9200,0.0,0.0
2024-07-11 11:00:00+09:00,1585.0,1591.0,1578.0,1583.0,0,0.0,0.0
2024-07-11 12:00:00+09:00,1588.0,1591.0,1579.0,1579.0,42100,0.0,0.0
2024-07-11 13:00:00+09:00,1580.0,1588.0,1578.0,1579.0,5400,0.0,0.0
2024-07-11 14:00:00+09:00,1578.0,1593.0,1578.0,1593.0,14200,0.0,0.0
2024-07-12 09:00:00+09:00,1572.0,1609.0,1570.0,1600.0,42600,0.0,0.0
2024-07-12 10:00:00+09:00,1600.0,1612.0,1600.0,1605.0,10300,0.0,0.0
2024-07-12 11:00:00+09:00,1603.0,1613.0,1601.0,1608.0,0,0.0,0.0
2024-07-12 12:00:00+09:00,1605.0,1610.0,1600.0,1602.0,62900,0.0,0.0
2024-07-12 13:00:00+09:00,1602.0,1606.0,1599.0,1599.0,11300,0.0,0.0
2024-07-12 14:00:00+09:00,1599.0,1605.0,1595.0,1605.0,22300,0.0,0.0
2024-07-16 09:00:00+09:00,1616.0,1628.0,1609.0,1618.0,32400,0.0,0.0
2024-07-16 10:00:00+09:00,1616.0,1623.0,1613.0,1620.0,5900,0.0,0.0
2024-07-16 11:00:00+09:00,1620.0,1630.0,1620.0,1622.0,0,0.0,0.0
2024-07-16 12:00:00+09:00,1622.0,1622.0,1610.0,1610.0,52900,0.0,0.0
2024-07-16 13:00:00+09:00,1609.0,1609.0,1602.0,1603.0,7900,0.0,0.0
2024-07-16 14:00:00+09:00,1604.0,1604.0,1584.0,1584.0,21700,0.0,0.0
2024-07-17 09:00:00+09:00,1610.0,1624.0,1596.0,1605.0,28600,0.0,0.0
2024-07-17 10:00:00+09:00,1606.0,1609.0,1599.0,1609.0,8400,0.0,0.0
2024-07-17 11:00:00+09:00,1608.0,1611.0,1590.0,1591.0,0,0.0,0.0
2024-07-17 12:00:00+09:00,1591.0,1601.0,1591.0,1599.0,67500,0.0,0.0
2024-07-17 13:00:00+09:00,1598.0,1600.0,1573.0,1600.0,45900,0.0,0.0
2024-07-17 14:00:00+09:00,1598.0,1600.0,1579.0,1591.0,22100,0.0,0.0
2024-07-18 09:00:00+09:00,1550.0,1558.0,1522.0,1529.0,41800,0.0,0.0
2024-07-18 10:00:00+09:00,1529.0,1549.0,1506.0,1514.0,33400,0.0,0.0
2024-07-18 11:00:00+09:00,1514.0,1515.0,1506.0,1510.0,0,0.0,0.0
2024-07-18 12:00:00+09:00,1510.0,1512.0,1506.0,1506.0,101900,0.0,0.0
2024-07-18 13:00:00+09:00,1506.0,1516.0,1506.0,1510.0,16800,0.0,0.0
2024-07-18 14:00:00+09:00,1510.0,1519.0,1509.0,1509.0,19300,0.0,0.0
2024-07-19 09:00:00+09:00,1506.0,1515.0,1481.0,1502.0,23400,0.0,0.0
2024-07-19 10:00:00+09:00,1503.0,1504.0,1476.0,1476.0,16600,0.0,0.0
2024-07-19 11:00:00+09:00,1478.0,1481.0,1475.0,1475.0,0,0.0,0.0
2024-07-19 12:00:00+09:00,1476.0,1483.0,1474.0,1480.0,56100,0.0,0.0
2024-07-19 13:00:00+09:00,1479.0,1479.0,1470.0,1476.0,16400,0.0,0.0
2024-07-19 14:00:00+09:00,1479.0,1485.0,1476.0,1484.0,20500,0.0,0.0
2024-07-22 09:00:00+09:00,1485.0,1488.0,1446.0,1463.0,0,0.0,0.0
2024-07-22 10:00:00+09:00,1461.0,1469.0,1454.0,1460.0,6800,0.0,0.0
2024-07-22 11:00:00+09:00,1460.0,1467.0,1459.0,1459.0,0,0.0,0.0
2024-07-22 12:00:00+09:00,1463.0,1465.0,1454.0,1459.0,29300,0.0,0.0
2024-07-22 13:00:00+09:00,1458.0,1471.0,1450.0,1466.0,15000,0.0,0.0
2024-07-22 14:00:00+09:00,1468.0,1473.0,1462.0,1473.0,12200,0.0,0.0
2024-07-23 09:00:00+09:00,1523.0,1590.0,1518.0,1575.0,90900,0.0,0.0
2024-07-23 10:00:00+09:00,1573.0,1589.0,1571.0,1581.0,38600,0.0,0.0
2024-07-23 11:00:00+09:00,1582.0,1605.0,1581.0,1600.0,0,0.0,0.0
2024-07-23 12:00:00+09:00,1603.0,1628.0,1590.0,1618.0,239500,0.0,0.0
2024-07-23 13:00:00+09:00,1623.0,1640.0,1613.0,1630.0,102500,0.0,0.0
2024-07-23 14:00:00+09:00,1630.0,1654.0,1624.0,1646.0,121900,0.0,0.0
2024-07-24 09:00:00+09:00,1640.0,1640.0,1598.0,1601.0,102300,0.0,0.0
2024-07-24 10:00:00+09:00,1601.0,1613.0,1599.0,1609.0,17900,0.0,0.0
2024-07-24 11:00:00+09:00,1611.0,1612.0,1601.0,1612.0,0,0.0,0.0
2024-07-24 12:00:00+09:00,1606.0,1613.0,1590.0,1592.0,151500,0.0,0.0
2024-07-24 13:00:00+09:00,1591.0,1592.0,1554.0,1554.0,52000,0.0,0.0
2024-07-24 14:00:00+09:00,1553.0,1562.0,1540.0,1540.0,36300,0.0,0.0
2024-07-25 09:00:00+09:00,1508.0,1522.0,1500.0,1507.0,49200,0.0,0.0
2024-07-25 10:00:00+09:00,1505.0,1513.0,1495.0,1509.0,18100,0.0,0.0
2024-07-25 11:00:00+09:00,1505.0,1513.0,1502.0,1511.0,0,0.0,0.0
2024-07-25 12:00:00+09:00,1511.0,1512.0,1494.0,1504.0,84500,0.0,0.0
2024-07-25 13:00:00+09:00,1505.0,1527.0,1505.0,1511.0,20900,0.0,0.0
2024-07-25 14:00:00+09:00,1512.0,1521.0,1510.0,1514.0,29500,0.0,0.0
2024-07-26 09:00:00+09:00,1512.0,1528.0,1493.0,1506.0,23400,0.0,0.0
2024-07-26 10:00:00+09:00,1506.0,1515.0,1498.0,1502.0,16100,0.0,0.0
2024-07-26 11:00:00+09:00,1503.0,1513.0,1503.0,1511.0,0,0.0,0.0
2024-07-26 12:00:00+09:00,1512.0,1516.0,1508.0,1508.0,57100,0.0,0.0
2024-07-26 13:00:00+09:00,1508.0,1511.0,1499.0,1499.0,16500,0.0,0.0
2024-07-26 14:00:00+09:00,1499.0,1500.0,1485.0,1489.0,30900,0.0,0.0
2024-07-29 09:00:00+09:00,1518.0,1553.0,1502.0,1552.0,42100,0.0,0.0
2024-07-29 10:00:00+09:00,1552.0,1556.0,1548.0,1554.0,13200,0.0,0.0
2024-07-29 11:00:00+09:00,1554.0,1556.0,1548.0,1556.0,0,0.0,0.0
2024-07-29 12:00:00+09:00,1556.0,1560.0,1551.0,1555.0,68500,0.0,0.0
2024-07-29 13:00:00+09:00,1554.0,1566.0,1554.0,1565.0,15500,0.0,0.0
2024-07-29 14:00:00+09:00,1564.0,1564.0,1551.0,1553.0,16600,0.0,0.0
2024-07-30 09:00:00+09:00,1570.0,1573.0,1549.0,1559.0,16500,0.0,0.0
2024-07-30 10:00:00+09:00,1555.0,1558.0,1531.0,1531.0,13100,0.0,0.0
2024-07-30 11:00:00+09:00,1531.0,1538.0,1530.0,1534.0,0,0.0,0.0
2024-07-30 12:00:00+09:00,1533.0,1542.0,1532.0,1539.0,35100,0.0,0.0
2024-07-30 13:00:00+09:00,1541.0,1550.0,1536.0,1550.0,9200,0.0,0.0
2024-07-30 14:00:00+09:00,1550.0,1577.0,1544.0,1577.0,27300,0.0,0.0
2024-07-31 09:00:00+09:00,1536.0,1549.0,1513.0,1549.0,20200,0.0,0.0
2024-07-31 10:00:00+09:00,1553.0,1554.0,1540.0,1543.0,2600,0.0,0.0
2024-07-31 11:00:00+09:00,1539.0,1542.0,1530.0,1535.0,0,0.0,0.0
2024-07-31 12:00:00+09:00,1542.0,1549.0,1534.0,1548.0,34600,0.0,0.0
2024-07-31 13:00:00+09:00,1549.0,1556.0,1544.0,1551.0,8500,0.0,0.0
2024-07-31 14:00:00+09:00,1552.0,1560.0,1549.0,1560.0,23900,0.0,0.0
2024-08-01 09:00:00+09:00,1539.0,1539.0,1475.0,1484.0,43000,0.0,0.0
2024-08-01 10:00:00+09:00,1487.0,1487.0,1456.0,1468.0,33600,0.0,0.0
2024-08-01 11:00:00+09:00,1469.0,1477.0,1463.0,1477.0,0,0.0,0.0
2024-08-01 12:00:00+09:00,1478.0,1483.0,1459.0,1463.0,117400,0.0,0.0
2024-08-01 13:00:00+09:00,1464.0,1469.0,1457.0,1461.0,19900,0.0,0.0
2024-08-01 14:00:00+09:00,1463.0,1472.0,1459.0,1465.0,24600,0.0,0.0
2024-08-02 09:00:00+09:00,1376.0,1386.0,1350.0,1352.0,91000,0.0,0.0
2024-08-02 10:00:00+09:00,1353.0,1395.0,1342.0,1390.0,19800,0.0,0.0
2024-08-02 11:00:00+09:00,1386.0,1388.0,1374.0,1381.0,0,0.0,0.0
2024-08-02 12:00:00+09:00,1376.0,1385.0,1372.0,1381.0,135500,0.0,0.0
2024-08-02 13:00:00+09:00,1379.0,1380.0,1367.0,1369.0,23100,0.0,0.0
2024-08-02 14:00:00+09:00,1370.0,1370.0,1330.0,1336.0,64200,0.0,0.0
2024-08-05 09:00:00+09:00,1211.0,1238.0,1172.0,1236.0,73700,0.0,0.0
2024-08-05 10:00:00+09:00,1235.0,1244.0,1215.0,1231.0,23300,0.0,0.0
2024-08-05 11:00:00+09:00,1231.0,1251.0,1225.0,1251.0,0,0.0,0.0
2024-08-05 12:00:00+09:00,1251.0,1251.0,1216.0,1216.0,130200,0.0,0.0
2024-08-05 13:00:00+09:00,1213.0,1214.0,1161.0,1161.0,45700,0.0,0.0
2024-08-05 14:00:00+09:00,1161.0,1161.0,1076.0,1125.0,59900,0.0,0.0
2024-08-06 09:00:00+09:00,1300.0,1310.0,1230.0,1283.0,72400,0.0,0.0
2024-08-06 10:00:00+09:00,1285.0,1295.0,1253.0,1279.0,21600,0.0,0.0
2024-08-06 11:00:00+09:00,1279.0,1293.0,1278.0,1287.0,0,0.0,0.0
2024-08-06 12:00:00+09:00,1287.0,1308.0,1285.0,1305.0,116200,0.0,0.0
2024-08-06 13:00:00+09:00,1305.0,1309.0,1253.0,1253.0,11800,0.0,0.0
2024-08-06 14:00:00+09:00,1255.0,1280.0,1245.0,1273.0,30400,0.0,0.0
2024-08-07 09:00:00+09:00,1250.0,1302.0,1244.0,1279.0,43000,0.0,0.0
2024-08-07 10:00:00+09:00,1279.0,1327.0,1263.0,1320.0,17800,0.0,0.0
2024-08-07 11:00:00+09:00,1319.0,1330.0,1309.0,1328.0,0,0.0,0.0
2024-08-07 12:00:00+09:00,1318.0,1330.0,1311.0,1317.0,80400,0.0,0.0
2024-08-07 13:00:00+09:00,1318.0,1357.0,1313.0,1356.0,26000,0.0,0.0
2024-08-07 14:00:00+09:00,1352.0,1356.0,1319.0,1325.0,37900,0.0,0.0
2024-08-08 09:00:00+09:00,1306.0,1377.0,1306.0,1349.0,43800,0.0,0.0
2024-08-08 10:00:00+09:00,1351.0,1353.0,1337.0,1343.0,10900,0.0,0.0
2024-08-08 11:00:00+09:00,1342.0,1372.0,1338.0,1370.0,0,0.0,0.0
2024-08-08 12:00:00+09:00,1370.0,1386.0,1369.0,1374.0,81900,0.0,0.0
2024-08-08 13:00:00+09:00,1372.0,1372.0,1352.0,1359.0,14000,0.0,0.0
2024-08-08 14:00:00+09:00,1361.0,1364.0,1350.0,1361.0,25200,0.0,0.0
2024-08-09 09:00:00+09:00,1405.0,1405.0,1371.0,1378.0,41500,0.0,0.0
2024-08-09 10:00:00+09:00,1374.0,1385.0,1364.0,1376.0,29800,0.0,0.0
2024-08-09 11:00:00+09:00,1375.0,1375.0,1360.0,1365.0,0,0.0,0.0
2024-08-09 12:00:00+09:00,1368.0,1376.0,1352.0,1357.0,95400,0.0,0.0
2024-08-09 13:00:00+09:00,1357.0,1360.0,1331.0,1335.0,28200,0.0,0.0
2024-08-09 14:00:00+09:00,1337.0,1367.0,1327.0,1355.0,59500,0.0,0.0
2024-08-13 09:00:00+09:00,1184.0,1198.0,1125.0,1173.0,242100,0.0,0.0
2024-08-13 10:00:00+09:00,1172.0,1178.0,1155.0,1166.0,117800,0.0,0.0
2024-08-13 11:00:00+09:00,1167.0,1170.0,1158.0,1160.0,0,0.0,0.0
2024-08-13 12:00:00+09:00,1161.0,1178.0,1161.0,1170.0,485500,0.0,0.0
2024-08-13 13:00:00+09:00,1170.0,1188.0,1166.0,1181.0,77300,0.0,0.0
2024-08-13 14:00:00+09:00,1182.0,1209.0,1182.0,1205.0,118400,0.0,0.0
2024-08-14 09:00:00+09:00,1238.0,1242.0,1192.0,1204.0,127100,0.0,0.0
2024-08-14 10:00:00+09:00,1204.0,1226.0,1204.0,1226.0,34100,0.0,0.0
2024-08-14 11:00:00+09:00,1226.0,1228.0,1204.0,1207.0,0,0.0,0.0
2024-08-14 12:00:00+09:00,1206.0,1228.0,1206.0,1225.0,225800,0.0,0.0
2024-08-14 13:00:00+09:00,1224.0,1225.0,1207.0,1213.0,29300,0.0,0.0
2024-08-14 14:00:00+09:00,1213.0,1242.0,1212.0,1236.0,67100,0.0,0.0
2024-08-15 09:00:00+09:00,1238.0,1246.0,1221.0,1237.0,42900,0.0,0.0
2024-08-15 10:00:00+09:00,1238.0,1258.0,1238.0,1258.0,27900,0.0,0.0
2024-08-15 11:00:00+09:00,1259.0,1263.0,1257.0,1263.0,0,0.0,0.0
2024-08-15 12:00:00+09:00,1261.0,1265.0,1258.0,1259.0,95800,0.0,0.0
2024-08-15 13:00:00+09:00,1257.0,1261.0,1243.0,1243.0,28700,0.0,0.0
2024-08-15 14:00:00+09:00,1242.0,1244.0,1234.0,1238.0,32500,0.0,0.0
2024-08-16 09:00:00+09:00,1268.0,1303.0,1252.0,1302.0,48500,0.0,0.0
2024-08-16 10:00:00+09:00,1302.0,1307.0,1296.0,1304.0,13900,0.0,0.0
2024-08-16 11:00:00+09:00,1305.0,1309.0,1295.0,1297.0,0,0.0,0.0
2024-08-16 12:00:00+09:00,1297.0,1308.0,1297.0,1308.0,87500,0.0,0.0
2024-08-16 13:00:00+09:00,1309.0,1311.0,1301.0,1302.0,12400,0.0,0.0
2024-08-16 14:00:00+09:00,1301.0,1325.0,1301.0,1324.0,41000,0.0,0.0
2024-08-19 09:00:00+09:00,1309.0,1333.0,1300.0,1323.0,49700,0.0,0.0
2024-08-19 10:00:00+09:00,1323.0,1334.0,1310.0,1334.0,13900,0.0,0.0
2024-08-19 11:00:00+09:00,1334.0,1343.0,1332.0,1334.0,0,0.0,0.0
2024-08-19 12:00:00+09:00,1331.0,1334.0,1289.0,1296.0,113800,0.0,0.0
2024-08-19 13:00:00+09:00,1298.0,1308.0,1288.0,1288.0,19600,0.0,0.0
2024-08-19 14:00:00+09:00,1288.0,1292.0,1275.0,1277.0,32000,0.0,0.0
2024-08-20 09:00:00+09:00,1302.0,1355.0,1299.0,1349.0,51500,0.0,0.0
2024-08-20 10:00:00+09:00,1347.0,1350.0,1341.0,1343.0,8400,0.0,0.0
2024-08-20 11:00:00+09:00,1342.0,1350.0,1339.0,1350.0,0,0.0,0.0
2024-08-20 12:00:00+09:00,1355.0,1356.0,1341.0,1342.0,86400,0.0,0.0
2024-08-20 13:00:00+09:00,1341.0,1341.0,1325.0,1328.0,11300,0.0,0.0
2024-08-20 14:00:00+09:00,1329.0,1339.0,1329.0,1333.0,20200,0.0,0.0
2024-08-21 09:00:00+09:00,1312.0,1325.0,1304.0,1322.0,22800,0.0,0.0
2024-08-21 10:00:00+09:00,1319.0,1319.0,1309.0,1315.0,4700,0.0,0.0
2024-08-21 11:00:00+09:00,1312.0,1314.0,1304.0,1314.0,0,0.0,0.0
2024-08-21 12:00:00+09:00,1311.0,1320.0,1311.0,1320.0,38700,0.0,0.0
2024-08-21 13:00:00+09:00,1319.0,1322.0,1315.0,1319.0,5100,0.0,0.0
2024-08-21 14:00:00+09:00,1319.0,1320.0,1309.0,1317.0,13900,0.0,0.0
2024-08-22 09:00:00+09:00,1310.0,1326.0,1310.0,1320.0,7300,0.0,0.0
2024-08-22 10:00:00+09:00,1318.0,1328.0,1318.0,1328.0,3000,0.0,0.0
2024-08-22 11:00:00+09:00,1327.0,1327.0,1323.0,1324.0,0,0.0,0.0
2024-08-22 12:00:00+09:00,1323.0,1324.0,1315.0,1317.0,15100,0.0,0.0
2024-08-22 13:00:00+09:00,1320.0,1326.0,1318.0,1322.0,5100,0.0,0.0
2024-08-22 14:00:00+09:00,1323.0,1323.0,1315.0,1317.0,7700,0.0,0.0
2024-08-23 09:00:00+09:00,1320.0,1333.0,1320.0,1320.0,10900,0.0,0.0
2024-08-23 10:00:00+09:00,1321.0,1336.0,1314.0,1331.0,13300,0.0,0.0
2024-08-23 11:00:00+09:00,1331.0,1331.0,1320.0,1320.0,0,0.0,0.0
2024-08-23 12:00:00+09:00,1320.0,1338.0,1320.0,1334.0,33900,0.0,0.0
2024-08-23 13:00:00+09:00,1335.0,1336.0,1330.0,1332.0,10100,0.0,0.0
2024-08-23 14:00:00+09:00,1333.0,1335.0,1329.0,1335.0,11400,0.0,0.0
2024-08-26 09:00:00+09:00,1326.0,1329.0,1294.0,1315.0,32900,0.0,0.0
2024-08-26 10:00:00+09:00,1316.0,1317.0,1307.0,1309.0,8700,0.0,0.0
2024-08-26 11:00:00+09:00,1306.0,1308.0,1301.0,1305.0,0,0.0,0.0
2024-08-26 12:00:00+09:00,1305.0,1307.0,1301.0,1303.0,58700,0.0,0.0
2024-08-26 13:00:00+09:00,1302.0,1309.0,1300.0,1304.0,17200,0.0,0.0
2024-08-26 14:00:00+09:00,1305.0,1313.0,1301.0,1306.0,21000,0.0,0.0
2024-08-27 09:00:00+09:00,1314.0,1314.0,1293.0,1300.0,14600,0.0,0.0
2024-08-27 10:00:00+09:00,1302.0,1311.0,1300.0,1309.0,8600,0.0,0.0
2024-08-27 11:00:00+09:00,1308.0,1316.0,1303.0,1316.0,0,0.0,0.0
2024-08-27 12:00:00+09:00,1315.0,1325.0,1314.0,1323.0,38300,0.0,0.0
2024-08-27 13:00:00+09:00,1321.0,1323.0,1316.0,1317.0,10500,0.0,0.0
2024-08-27 14:00:00+09:00,1317.0,1324.0,1314.0,1318.0,21600,0.0,0.0
2024-08-28 09:00:00+09:00,1313.0,1317.0,1283.0,1290.0,31600,0.0,0.0
2024-08-28 10:00:00+09:00,1285.0,1296.0,1282.0,1295.0,12600,0.0,0.0
2024-08-28 11:00:00+09:00,1294.0,1298.0,1290.0,1297.0,0,0.0,0.0
2024-08-28 12:00:00+09:00,1296.0,1298.0,1294.0,1294.0,52800,0.0,0.0
2024-08-28 13:00:00+09:00,1297.0,1308.0,1296.0,1307.0,10000,0.0,0.0
2024-08-28 14:00:00+09:00,1306.0,1313.0,1297.0,1313.0,12500,0.0,0.0
2024-08-29 09:00:00+09:00,1315.0,1329.0,1306.0,1315.0,6300,0.0,0.0
2024-08-29 10:00:00+09:00,1315.0,1316.0,1311.0,1315.0,1300,0.0,0.0
2024-08-29 11:00:00+09:00,1316.0,1317.0,1316.0,1317.0,0,0.0,0.0
2024-08-29 12:00:00+09:00,1317.0,1319.0,1317.0,1318.0,10900,0.0,0.0
2024-08-29 13:00:00+09:00,1316.0,1318.0,1309.0,1314.0,5900,0.0,0.0
2024-08-29 14:00:00+09:00,1313.0,1317.0,1309.0,1317.0,9800,0.0,0.0
2024-08-30 09:00:00+09:00,1311.0,1363.0,1311.0,1362.0,27000,0.0,0.0
2024-08-30 10:00:00+09:00,1362.0,1368.0,1359.0,1366.0,17300,0.0,0.0
2024-08-30 11:00:00+09:00,1364.0,1374.0,1364.0,1373.0,0,0.0,0.0
2024-08-30 12:00:00+09:00,1374.0,1375.0,1365.0,1369.0,57000,0.0,0.0
2024-08-30 13:00:00+09:00,1369.0,1370.0,1354.0,1361.0,10600,0.0,0.0
2024-08-30 14:00:00+09:00,1360.0,1370.0,1360.0,1369.0,21400,0.0,0.0
2024-09-02 09:00:00+09:00,1393.0,1393.0,1365.0,1376.0,28100,0.0,0.0
2024-09-02 10:00:00+09:00,1372.0,1384.0,1372.0,1375.0,7300,0.0,0.0
2024-09-02 11:00:00+09:00,1375.0,1375.0,1369.0,1373.0,0,0.0,0.0
2024-09-02 12:00:00+09:00,1373.0,1412.0,1368.0,1396.0,87300,0.0,0.0
2024-09-02 13:00:00+09:00,1398.0,1418.0,1398.0,1413.0,26500,0.0,0.0
2024-09-02 14:00:00+09:00,1412.0,1422.0,1411.0,1412.0,27000,0.0,0.0
2024-09-03 09:00:00+09:00,1388.0,1407.0,1379.0,1400.0,29000,0.0,0.0
2024-09-03 10:00:00+09:00,1403.0,1409.0,1395.0,1401.0,15800,0.0,0.0
2024-09-03 11:00:00+09:00,1401.0,1420.0,1401.0,1416.0,0,0.0,0.0
2024-09-03 12:00:00+09:00,1417.0,1417.0,1402.0,1403.0,56300,0.0,0.0
2024-09-03 13:00:00+09:00,1405.0,1410.0,1396.0,1410.0,7900,0.0,0.0
2024-09-03 14:00:00+09:00,1411.0,1411.0,1390.0,1402.0,27200,0.0,0.0
2024-09-04 09:00:00+09:00,1373.0,1384.0,1332.0,1346.0,45000,0.0,0.0
2024-09-04 10:00:00+09:00,1347.0,1363.0,1343.0,1356.0,14400,0.0,0.0
2024-09-04 11:00:00+09:00,1355.0,1358.0,1345.0,1355.0,0,0.0,0.0
2024-09-04 12:00:00+09:00,1352.0,1359.0,1340.0,1340.0,80300,0.0,0.0
2024-09-04 13:00:00+09:00,1342.0,1349.0,1340.0,1345.0,13000,0.0,0.0
2024-09-04 14:00:00+09:00,1343.0,1371.0,1325.0,1371.0,35300,0.0,0.0
2024-09-05 09:00:00+09:00,1327.0,1362.0,1324.0,1346.0,23900,0.0,0.0
2024-09-05 10:00:00+09:00,1343.0,1343.0,1324.0,1327.0,13100,0.0,0.0
2024-09-05 11:00:00+09:00,1328.0,1328.0,1321.0,1328.0,0,0.0,0.0
2024-09-05 12:00:00+09:00,1324.0,1332.0,1303.0,1308.0,61000,0.0,0.0
2024-09-05 13:00:00+09:00,1306.0,1308.0,1285.0,1293.0,32000,0.0,0.0
2024-09-05 14:00:00+09:00,1292.0,1302.0,1288.0,1295.0,0,0.0,0.0
2024-09-06 09:00:00+09:00,1305.0,1310.0,1293.0,1298.0,21100,0.0,0.0
2024-09-06 10:00:00+09:00,1299.0,1305.0,1293.0,1305.0,6800,0.0,0.0
2024-09-06 11:00:00+09:00,1302.0,1305.0,1300.0,1301.0,0,0.0,0.0
2024-09-06 12:00:00+09:00,1305.0,1305.0,1294.0,1299.0,36400,0.0,0.0
2024-09-06 13:00:00+09:00,1299.0,1299.0,1293.0,1294.0,5600,0.0,0.0
2024-09-06 14:00:00+09:00,1294.0,1296.0,1283.0,1292.0,17900,0.0,0.0
2024-09-09 09:00:00+09:00,1238.0,1254.0,1230.0,1247.0,36700,0.0,0.0
2024-09-09 10:00:00+09:00,1244.0,1288.0,1241.0,1283.0,20000,0.0,0.0
2024-09-09 11:00:00+09:00,1281.0,1287.0,1272.0,1272.0,0,0.0,0.0
2024-09-09 12:00:00+09:00,1272.0,1278.0,1263.0,1270.0,0,0.0,0.0
2024-09-09 13:00:00+09:00,1266.0,1279.0,1263.0,1278.0,77800,0.0,0.0
2024-09-09 14:00:00+09:00,1276.0,1280.0,1268.0,1271.0,10900,0.0,0.0
2024-09-10 09:00:00+09:00,1287.0,1293.0,1270.0,1291.0,20600,0.0,0.0
2024-09-10 10:00:00+09:00,1290.0,1293.0,1280.0,1284.0,8200,0.0,0.0
2024-09-10 11:00:00+09:00,1283.0,1284.0,1275.0,1275.0,0,0.0,0.0
2024-09-10 12:00:00+09:00,1275.0,1284.0,1274.0,1279.0,39500,0.0,0.0
2024-09-10 13:00:00+09:00,1281.0,1283.0,1277.0,1280.0,5500,0.0,0.0
2024-09-10 14:00:00+09:00,1279.0,1286.0,1272.0,1278.0,13400,0.0,0.0
2024-09-11 09:00:00+09:00,1250.0,1285.0,1250.0,1279.0,15700,0.0,0.0
2024-09-11 10:00:00+09:00,1284.0,1287.0,1269.0,1280.0,9600,0.0,0.0
2024-09-11 11:00:00+09:00,1276.0,1277.0,1276.0,1277.0,0,0.0,0.0
2024-09-11 12:00:00+09:00,1280.0,1280.0,1250.0,1257.0,37600,0.0,0.0
2024-09-11 13:00:00+09:00,1255.0,1257.0,1244.0,1252.0,14600,0.0,0.0
2024-09-11 14:00:00+09:00,1249.0,1259.0,1233.0,1258.0,28600,0.0,0.0
2024-09-12 09:00:00+09:00,1277.0,1296.0,1266.0,1271.0,26000,0.0,0.0
2024-09-12 10:00:00+09:00,1269.0,1272.0,1260.0,1268.0,12600,0.0,0.0
2024-09-12 11:00:00+09:00,1269.0,1269.0,1263.0,1263.0,0,0.0,0.0
2024-09-12 12:00:00+09:00,1261.0,1274.0,1261.0,1274.0,47800,0.0,0.0
2024-09-12 13:00:00+09:00,1275.0,1278.0,1270.0,1273.0,9900,0.0,0.0
2024-09-12 14:00:00+09:00,1274.0,1280.0,1273.0,1279.0,15100,0.0,0.0
2024-09-13 09:00:00+09:00,1282.0,1282.0,1250.0,1258.0,23000,0.0,0.0
2024-09-13 10:00:00+09:00,1257.0,1280.0,1256.0,1272.0,6400,0.0,0.0
2024-09-13 11:00:00+09:00,1272.0,1273.0,1266.0,1266.0,0,0.0,0.0
2024-09-13 12:00:00+09:00,1269.0,1271.0,1265.0,1269.0,37500,0.0,0.0
2024-09-13 13:00:00+09:00,1269.0,1270.0,1264.0,1269.0,5500,0.0,0.0
2024-09-13 14:00:00+09:00,1270.0,1273.0,1264.0,1270.0,21600,0.0,0.0
2024-09-17 09:00:00+09:00,1270.0,1280.0,1240.0,1240.0,23300,0.0,0.0
2024-09-17 10:00:00+09:00,1239.0,1245.0,1228.0,1238.0,16400,0.0,0.0
2024-09-17 11:00:00+09:00,1236.0,1240.0,1230.0,1230.0,0,0.0,0.0
2024-09-17 12:00:00+09:00,1236.0,1236.0,1224.0,1227.0,53900,0.0,0.0
2024-09-17 13:00:00+09:00,1228.0,1230.0,1224.0,1229.0,10700,0.0,0.0
2024-09-17 14:00:00+09:00,1231.0,1255.0,1231.0,1250.0,18400,0.0,0.0
2024-09-18 09:00:00+09:00,1274.0,1274.0,1244.0,1255.0,19000,0.0,0.0
2024-09-18 10:00:00+09:00,1251.0,1251.0,1242.0,1242.0,8000,0.0,0.0
2024-09-18 11:00:00+09:00,1243.0,1247.0,1242.0,1244.0,0,0.0,0.0
2024-09-18 12:00:00+09:00,1245.0,1249.0,1244.0,1247.0,32900,0.0,0.0
2024-09-18 13:00:00+09:00,1246.0,1255.0,1240.0,1245.0,10000,0.0,0.0
2024-09-18 14:00:00+09:00,1245.0,1259.0,1243.0,1259.0,18500,0.0,0.0
2024-09-19 09:00:00+09:00,1290.0,1310.0,1278.0,1305.0,36700,0.0,0.0
2024-09-19 10:00:00+09:00,1304.0,1305.0,1297.0,1300.0,8200,0.0,0.0
2024-09-19 11:00:00+09:00,1299.0,1308.0,1299.0,1304.0,0,0.0,0.0
2024-09-19 12:00:00+09:00,1305.0,1309.0,1301.0,1306.0,59100,0.0,0.0
2024-09-19 13:00:00+09:00,1307.0,1313.0,1306.0,1313.0,9600,0.0,0.0
2024-09-19 14:00:00+09:00,1313.0,1314.0,1298.0,1298.0,13900,0.0,0.0
2024-09-20 09:00:00+09:00,1327.0,1330.0,1312.0,1315.0,18100,0.0,0.0
2024-09-20 10:00:00+09:00,1315.0,1330.0,1309.0,1327.0,12100,0.0,0.0
2024-09-20 11:00:00+09:00,1328.0,1331.0,1324.0,1326.0,0,0.0,0.0
2024-09-20 12:00:00+09:00,1329.0,1331.0,1322.0,1331.0,39200,0.0,0.0
2024-09-20 13:00:00+09:00,1331.0,1334.0,1327.0,1331.0,19400,0.0,0.0
2024-09-20 14:00:00+09:00,1333.0,1335.0,1319.0,1325.0,20400,0.0,0.0
2024-09-24 09:00:00+09:00,1324.0,1338.0,1310.0,1330.0,18200,0.0,0.0
2024-09-24 10:00:00+09:00,1328.0,1332.0,1313.0,1318.0,10400,0.0,0.0
2024-09-24 11:00:00+09:00,1314.0,1314.0,1302.0,1310.0,0,0.0,0.0
2024-09-24 12:00:00+09:00,1310.0,1319.0,1308.0,1316.0,47200,0.0,0.0
2024-09-24 13:00:00+09:00,1316.0,1317.0,1310.0,1314.0,6800,0.0,0.0
2024-09-24 14:00:00+09:00,1317.0,1321.0,1312.0,1318.0,14700,0.0,0.0
2024-09-25 09:00:00+09:00,1315.0,1327.0,1304.0,1313.0,23000,0.0,0.0
2024-09-25 10:00:00+09:00,1314.0,1323.0,1314.0,1323.0,6500,0.0,0.0
2024-09-25 11:00:00+09:00,1323.0,1332.0,1323.0,1331.0,0,0.0,0.0
2024-09-25 12:00:00+09:00,1332.0,1334.0,1325.0,1328.0,37800,0.0,0.0
2024-09-25 13:00:00+09:00,1328.0,1329.0,1325.0,1327.0,5400,0.0,0.0
2024-09-25 14:00:00+09:00,1326.0,1329.0,1316.0,1316.0,13100,0.0,0.0
2024-09-26 09:00:00+09:00,1327.0,1333.0,1321.0,1326.0,8900,0.0,0.0
2024-09-26 10:00:00+09:00,1330.0,1331.0,1326.0,1328.0,5800,0.0,0.0
2024-09-26 11:00:00+09:00,1329.0,1331.0,1327.0,1331.0,0,0.0,0.0
2024-09-26 12:00:00+09:00,1333.0,1339.0,1331.0,1335.0,24900,0.0,0.0
2024-09-26 13:00:00+09:00,1335.0,1337.0,1329.0,1329.0,10900,0.0,0.0
2024-09-26 14:00:00+09:00,1332.0,1343.0,1328.0,1343.0,14600,0.0,0.0
2024-09-27 09:00:00+09:00,1348.0,1382.0,1339.0,1369.0,32300,0.0,0.0
2024-09-27 10:00:00+09:00,1369.0,1384.0,1369.0,1379.0,12500,0.0,0.0
2024-09-27 11:00:00+09:00,1377.0,1383.0,1376.0,1378.0,0,0.0,0.0
2024-09-27 12:00:00+09:00,1378.0,1382.0,1374.0,1380.0,55700,0.0,0.0
2024-09-27 13:00:00+09:00,1381.0,1408.0,1380.0,1407.0,25900,0.0,0.0
2024-09-27 14:00:00+09:00,1405.0,1418.0,1398.0,1407.0,41400,0.0,0.0
2024-09-30 09:00:00+09:00,1334.0,1354.0,1318.0,1328.0,35700,0.0,0.0
2024-09-30 10:00:00+09:00,1329.0,1344.0,1328.0,1337.0,8500,0.0,0.0
2024-09-30 11:00:00+09:00,1336.0,1340.0,1325.0,1325.0,0,0.0,0.0
2024-09-30 12:00:00+09:00,1325.0,1333.0,1320.0,1333.0,58100,0.0,0.0
2024-09-30 13:00:00+09:00,1337.0,1337.0,1327.0,1328.0,7400,0.0,0.0
2024-09-30 14:00:00+09:00,1326.0,1331.0,1320.0,1328.0,23900,0.0,0.0
2024-10-01 09:00:00+09:00,1344.0,1344.0,1317.0,1325.0,14300,0.0,0.0
2024-10-01 10:00:00+09:00,1325.0,1336.0,1323.0,1327.0,16100,0.0,0.0
2024-10-01 11:00:00+09:00,1327.0,1330.0,1324.0,1330.0,0,0.0,0.0
2024-10-01 12:00:00+09:00,1331.0,1342.0,1331.0,1336.0,42700,0.0,0.0
2024-10-01 13:00:00+09:00,1335.0,1338.0,1335.0,1337.0,4300,0.0,0.0
2024-10-01 14:00:00+09:00,1335.0,1335.0,1325.0,1332.0,17700,0.0,0.0
2024-10-02 09:00:00+09:00,1324.0,1333.0,1306.0,1315.0,24300,0.0,0.0
2024-10-02 10:00:00+09:00,1313.0,1315.0,1304.0,1312.0,14000,0.0,0.0
2024-10-02 11:00:00+09:00,1312.0,1314.0,1311.0,1313.0,0,0.0,0.0
2024-10-02 12:00:00+09:00,1309.0,1319.0,1306.0,1318.0,49600,0.0,0.0
2024-10-02 13:00:00+09:00,1318.0,1318.0,1303.0,1305.0,10500,0.0,0.0
2024-10-02 14:00:00+09:00,1306.0,1313.0,1294.0,1295.0,47900,0.0,0.0
2024-10-03 09:00:00+09:00,1315.0,1320.0,1292.0,1298.0,0,0.0,0.0
2024-10-03 10:00:00+09:00,1301.0,1309.0,1300.0,1302.0,54800,0.0,0.0
2024-10-03 11:00:00+09:00,1302.0,1304.0,1302.0,1303.0,0,0.0,0.0
2024-10-03 12:00:00+09:00,1308.0,1309.0,1297.0,1299.0,65000,0.0,0.0
2024-10-03 13:00:00+09:00,1299.0,1307.0,1298.0,1306.0,10600,0.0,0.0
2024-10-03 14:00:00+09:00,1306.0,1306.0,1300.0,1305.0,12400,0.0,0.0
2024-10-04 09:00:00+09:00,1293.0,1302.0,1280.0,1291.0,22100,0.0,0.0
2024-10-04 10:00:00+09:00,1290.0,1296.0,1288.0,1293.0,7700,0.0,0.0
2024-10-04 11:00:00+09:00,1293.0,1301.0,1293.0,1301.0,0,0.0,0.0
2024-10-04 12:00:00+09:00,1301.0,1301.0,1294.0,1295.0,41200,0.0,0.0
2024-10-04 13:00:00+09:00,1295.0,1296.0,1286.0,1293.0,21500,0.0,0.0
2024-10-04 14:00:00+09:00,1293.0,1298.0,1287.0,1292.0,22800,0.0,0.0
2024-10-07 09:00:00+09:00,1310.0,1325.0,1309.0,1316.0,28200,0.0,0.0
2024-10-07 10:00:00+09:00,1316.0,1322.0,1313.0,1320.0,16200,0.0,0.0
2024-10-07 11:00:00+09:00,1321.0,1321.0,1311.0,1311.0,0,0.0,0.0
2024-10-07 12:00:00+09:00,1319.0,1326.0,1317.0,1323.0,60200,0.0,0.0
2024-10-07 13:00:00+09:00,1322.0,1329.0,1320.0,1328.0,11800,0.0,0.0
2024-10-07 14:00:00+09:00,1327.0,1341.0,1326.0,1328.0,70500,0.0,0.0
2024-10-08 09:00:00+09:00,1311.0,1318.0,1288.0,1291.0,37000,0.0,0.0
2024-10-08 10:00:00+09:00,1291.0,1292.0,1276.0,1279.0,24300,0.0,0.0
2024-10-08 11:00:00+09:00,1277.0,1277.0,1270.0,1272.0,0,0.0,0.0
2024-10-08 12:00:00+09:00,1273.0,1273.0,1264.0,1265.0,110600,0.0,0.0
2024-10-08 13:00:00+09:00,1265.0,1271.0,1260.0,1270.0,38700,0.0,0.0
2024-10-08 14:00:00+09:00,1269.0,1274.0,1265.0,1268.0,24100,0.0,0.0
2024-10-09 09:00:00+09:00,1275.0,1277.0,1260.0,1266.0,27300,0.0,0.0
2024-10-09 10:00:00+09:00,1266.0,1277.0,1264.0,1266.0,8500,0.0,0.0
2024-10-09 11:00:00+09:00,1264.0,1264.0,1262.0,1262.0,0,0.0,0.0
2024-10-09 12:00:00+09:00,1264.0,1267.0,1262.0,1263.0,44100,0.0,0.0
2024-10-09 13:00:00+09:00,1262.0,1269.0,1262.0,1269.0,6000,0.0,0.0
2024-10-09 14:00:00+09:00,1270.0,1273.0,1265.0,1272.0,10400,0.0,0.0
2024-10-10 09:00:00+09:00,1266.0,1279.0,1266.0,1271.0,11000,0.0,0.0
2024-10-10 10:00:00+09:00,1271.0,1279.0,1271.0,1271.0,8600,0.0,0.0
2024-10-10 11:00:00+09:00,1270.0,1280.0,1269.0,1276.0,0,0.0,0.0
2024-10-10 12:00:00+09:00,1276.0,1278.0,1262.0,1276.0,36400,0.0,0.0
2024-10-10 13:00:00+09:00,1276.0,1276.0,1269.0,1271.0,6500,0.0,0.0
2024-10-10 14:00:00+09:00,1270.0,1273.0,1270.0,1273.0,11300,0.0,0.0
2024-10-11 09:00:00+09:00,1278.0,1288.0,1277.0,1287.0,7400,0.0,0.0
2024-10-11 10:00:00+09:00,1288.0,1294.0,1288.0,1292.0,8500,0.0,0.0
2024-10-11 11:00:00+09:00,1291.0,1291.0,1287.0,1288.0,0,0.0,0.0
2024-10-11 12:00:00+09:00,1288.0,1292.0,1288.0,1288.0,18500,0.0,0.0
2024-10-11 13:00:00+09:00,1287.0,1288.0,1284.0,1287.0,3700,0.0,0.0
2024-10-11 14:00:00+09:00,1286.0,1286.0,1267.0,1267.0,12500,0.0,0.0
2024-10-15 09:00:00+09:00,1270.0,1270.0,1254.0,1265.0,50700,0.0,0.0
2024-10-15 10:00:00+09:00,1266.0,1270.0,1262.0,1264.0,5700,0.0,0.0
2024-10-15 11:00:00+09:00,1263.0,1267.0,1256.0,1259.0,0,0.0,0.0
2024-10-15 12:00:00+09:00,1257.0,1257.0,1247.0,1247.0,79400,0.0,0.0
2024-10-15 13:00:00+09:00,1247.0,1247.0,1240.0,1242.0,7500,0.0,0.0
2024-10-15 14:00:00+09:00,1238.0,1242.0,1236.0,1237.0,25800,0.0,0.0
2024-10-16 09:00:00+09:00,1216.0,1228.0,1203.0,1220.0,25300,0.0,0.0
2024-10-16 10:00:00+09:00,1218.0,1219.0,1207.0,1212.0,12300,0.0,0.0
2024-10-16 11:00:00+09:00,1212.0,1216.0,1207.0,1207.0,0,0.0,0.0
2024-10-16 12:00:00+09:00,1210.0,1211.0,1188.0,1204.0,103400,0.0,0.0
2024-10-16 13:00:00+09:00,1204.0,1209.0,1197.0,1198.0,22400,0.0,0.0
2024-10-16 14:00:00+09:00,1197.0,1199.0,1189.0,1189.0,33100,0.0,0.0
2024-10-17 09:00:00+09:00,1195.0,1208.0,1184.0,1208.0,49400,0.0,0.0
2024-10-17 10:00:00+09:00,1207.0,1221.0,1206.0,1218.0,22200,0.0,0.0
2024-10-17 11:00:00+09:00,1218.0,1224.0,1218.0,1224.0,0,0.0,0.0
2024-10-17 12:00:00+09:00,1227.0,1230.0,1218.0,1223.0,90100,0.0,0.0
2024-10-17 13:00:00+09:00,1223.0,1237.0,1220.0,1237.0,18200,0.0,0.0
2024-10-17 14:00:00+09:00,1236.0,1242.0,1235.0,1236.0,38000,0.0,0.0
2024-10-18 09:00:00+09:00,1238.0,1242.0,1227.0,1232.0,9100,0.0,0.0
2024-10-18 10:00:00+09:00,1230.0,1232.0,1220.0,1226.0,14600,0.0,0.0
2024-10-18 11:00:00+09:00,1228.0,1228.0,1226.0,1226.0,0,0.0,0.0
2024-10-18 12:00:00+09:00,1226.0,1231.0,1223.0,1230.0,30500,0.0,0.0
2024-10-18 13:00:00+09:00,1230.0,1234.0,1228.0,1233.0,5200,0.0,0.0
2024-10-18 14:00:00+09:00,1232.0,1235.0,1227.0,1234.0,17100,0.0,0.0
2024-10-21 09:00:00+09:00,1246.0,1249.0,1236.0,1246.0,12500,0.0,0.0
2024-10-21 10:00:00+09:00,1246.0,1251.0,1244.0,1245.0,7900,0.0,0.0
2024-10-21 11:00:00+09:00,1245.0,1253.0,1245.0,1252.0,0,0.0,0.0
2024-10-21 12:00:00+09:00,1249.0,1249.0,1240.0,1241.0,27800,0.0,0.0
2024-10-21 13:00:00+09:00,1242.0,1242.0,1240.0,1241.0,1200,0.0,0.0
2024-10-21 14:00:00+09:00,1242.0,1247.0,1235.0,1241.0,17600,0.0,0.0
2024-10-22 09:00:00+09:00,1266.0,1282.0,1242.0,1250.0,30300,0.0,0.0
2024-10-22 10:00:00+09:00,1251.0,1257.0,1237.0,1251.0,15500,0.0,0.0
2024-10-22 11:00:00+09:00,1251.0,1255.0,1248.0,1252.0,0,0.0,0.0
2024-10-22 12:00:00+09:00,1252.0,1260.0,1248.0,1260.0,56400,0.0,0.0
2024-10-22 13:00:00+09:00,1258.0,1265.0,1254.0,1257.0,7500,0.0,0.0
2024-10-22 14:00:00+09:00,1256.0,1262.0,1254.0,1256.0,13400,0.0,0.0
2024-10-23 09:00:00+09:00,1235.0,1272.0,1232.0,1267.0,14800,0.0,0.0
2024-10-23 10:00:00+09:00,1268.0,1310.0,1266.0,1306.0,32400,0.0,0.0
2024-10-23 11:00:00+09:00,1306.0,1312.0,1285.0,1294.0,0,0.0,0.0
2024-10-23 12:00:00+09:00,1296.0,1296.0,1266.0,1272.0,92900,0.0,0.0
2024-10-23 13:00:00+09:00,1270.0,1287.0,1269.0,1273.0,18600,0.0,0.0
2024-10-23 14:00:00+09:00,1272.0,1273.0,1263.0,1264.0,14900,0.0,0.0
2024-10-24 09:00:00+09:00,1254.0,1262.0,1240.0,1260.0,16300,0.0,0.0
2024-10-24 10:00:00+09:00,1261.0,1266.0,1259.0,1264.0,9800,0.0,0.0
2024-10-24 11:00:00+09:00,1263.0,1265.0,1257.0,1258.0,0,0.0,0.0
2024-10-24 12:00:00+09:00,1259.0,1259.0,1248.0,1248.0,47400,0.0,0.0
2024-10-24 13:00:00+09:00,1251.0,1252.0,1246.0,1250.0,4600,0.0,0.0
2024-10-24 14:00:00+09:00,1251.0,1258.0,1248.0,1255.0,11200,0.0,0.0
2024-10-25 09:00:00+09:00,1253.0,1254.0,1228.0,1230.0,11800,0.0,0.0
2024-10-25 10:00:00+09:00,1228.0,1237.0,1225.0,1225.0,5300,0.0,0.0
2024-10-25 11:00:00+09:00,1228.0,1231.0,1222.0,1224.0,0,0.0,0.0
2024-10-25 12:00:00+09:00,1224.0,1224.0,1220.0,1221.0,29700,0.0,0.0
2024-10-25 13:00:00+09:00,1216.0,1223.0,1216.0,1221.0,3300,0.0,0.0
2024-10-25 14:00:00+09:00,1222.0,1224.0,1217.0,1220.0,11400,0.0,0.0
