Datetime,Open,High,Low,Close,Volume,Dividends,Stock Splits
2022-10-27 09:00:00+09:00,706.0,706.0,706.0,706.0,200,0.0,0.0
2022-10-27 10:00:00+09:00,706.0,706.0,706.0,706.0,0,0.0,0.0
2022-10-27 11:00:00+09:00,706.0,706.0,706.0,706.0,0,0.0,0.0
2022-10-27 12:00:00+09:00,706.0,706.0,704.0,704.0,600,0.0,0.0
2022-10-27 14:00:00+09:00,704.0,704.0,704.0,704.0,100,0.0,0.0
2022-10-28 09:00:00+09:00,706.0,706.0,702.0,702.0,600,0.0,0.0
2022-10-28 11:00:00+09:00,702.0,702.0,702.0,702.0,0,0.0,0.0
2022-10-31 09:00:00+09:00,702.0,702.0,702.0,702.0,300,0.0,0.0
2022-10-31 10:00:00+09:00,705.0,705.0,702.0,702.0,200,0.0,0.0
2022-10-31 11:00:00+09:00,702.0,702.0,702.0,702.0,0,0.0,0.0
2022-11-01 09:00:00+09:00,702.0,702.0,702.0,702.0,500,0.0,0.0
2022-11-01 11:00:00+09:00,702.0,702.0,702.0,702.0,0,0.0,0.0
2022-11-01 14:00:00+09:00,704.0,704.0,704.0,704.0,700,0.0,0.0
2022-11-02 10:00:00+09:00,704.0,704.0,704.0,704.0,200,0.0,0.0
2022-11-02 11:00:00+09:00,704.0,704.0,704.0,704.0,0,0.0,0.0
2022-11-02 14:00:00+09:00,704.0,704.0,704.0,704.0,300,0.0,0.0
2022-11-04 09:00:00+09:00,703.0,703.0,703.0,703.0,100,0.0,0.0
2022-11-04 10:00:00+09:00,702.0,702.0,702.0,702.0,700,0.0,0.0
2022-11-04 11:00:00+09:00,702.0,702.0,702.0,702.0,0,0.0,0.0
2022-11-04 14:00:00+09:00,704.0,704.0,702.0,702.0,1300,0.0,0.0
2022-11-07 09:00:00+09:00,701.0,702.0,701.0,702.0,1600,0.0,0.0
2022-11-07 11:00:00+09:00,702.0,702.0,702.0,702.0,0,0.0,0.0
2022-11-07 12:00:00+09:00,702.0,702.0,702.0,702.0,1700,0.0,0.0
2022-11-07 14:00:00+09:00,702.0,702.0,701.0,701.0,200,0.0,0.0
2022-11-08 09:00:00+09:00,701.0,701.0,701.0,701.0,200,0.0,0.0
2022-11-08 11:00:00+09:00,701.0,701.0,701.0,701.0,0,0.0,0.0
2022-11-09 09:00:00+09:00,702.0,702.0,701.0,702.0,600,0.0,0.0
2022-11-09 10:00:00+09:00,702.0,702.0,702.0,702.0,200,0.0,0.0
2022-11-09 11:00:00+09:00,702.0,702.0,702.0,702.0,0,0.0,0.0
2022-11-09 12:00:00+09:00,703.0,703.0,702.0,702.0,1100,0.0,0.0
2022-11-09 13:00:00+09:00,702.0,702.0,701.0,701.0,200,0.0,0.0
2022-11-09 14:00:00+09:00,701.0,701.0,701.0,701.0,100,0.0,0.0
2022-11-10 09:00:00+09:00,701.0,701.0,700.0,700.0,3200,0.0,0.0
2022-11-10 10:00:00+09:00,704.0,705.0,701.0,701.0,1100,0.0,0.0
2022-11-10 11:00:00+09:00,701.0,701.0,700.0,700.0,0,0.0,0.0
2022-11-10 12:00:00+09:00,709.0,709.0,701.0,701.0,7900,0.0,0.0
2022-11-10 13:00:00+09:00,700.0,700.0,700.0,700.0,700,0.0,0.0
2022-11-10 14:00:00+09:00,701.0,701.0,701.0,701.0,300,0.0,0.0
2022-11-11 09:00:00+09:00,702.0,712.0,701.0,701.0,1200,0.0,0.0
2022-11-11 10:00:00+09:00,712.0,712.0,712.0,712.0,100,0.0,0.0
2022-11-11 11:00:00+09:00,712.0,712.0,712.0,712.0,0,0.0,0.0
2022-11-11 12:00:00+09:00,703.0,703.0,701.0,701.0,2100,0.0,0.0
2022-11-11 14:00:00+09:00,703.0,703.0,703.0,703.0,100,0.0,0.0
2022-11-14 09:00:00+09:00,703.0,703.0,701.0,701.0,400,0.0,0.0
2022-11-14 10:00:00+09:00,701.0,701.0,698.0,698.0,5500,0.0,0.0
2022-11-14 11:00:00+09:00,698.0,703.0,698.0,703.0,0,0.0,0.0
2022-11-14 13:00:00+09:00,703.0,703.0,699.0,699.0,9100,0.0,0.0
2022-11-14 14:00:00+09:00,700.0,700.0,700.0,700.0,200,0.0,0.0
2022-11-15 09:00:00+09:00,699.0,700.0,698.0,698.0,2800,0.0,0.0
2022-11-15 10:00:00+09:00,699.0,699.0,698.0,698.0,400,0.0,0.0
2022-11-15 11:00:00+09:00,698.0,698.0,698.0,698.0,0,0.0,0.0
2022-11-15 12:00:00+09:00,698.0,699.0,698.0,699.0,3400,0.0,0.0
2022-11-15 13:00:00+09:00,698.0,698.0,698.0,698.0,200,0.0,0.0
2022-11-15 14:00:00+09:00,699.0,699.0,698.0,699.0,600,0.0,0.0
2022-11-16 09:00:00+09:00,699.0,700.0,699.0,700.0,500,0.0,0.0
2022-11-16 10:00:00+09:00,700.0,700.0,700.0,700.0,100,0.0,0.0
2022-11-16 11:00:00+09:00,700.0,700.0,700.0,700.0,0,0.0,0.0
2022-11-16 12:00:00+09:00,699.0,699.0,699.0,699.0,700,0.0,0.0
2022-11-16 13:00:00+09:00,699.0,700.0,699.0,699.0,1500,0.0,0.0
2022-11-16 14:00:00+09:00,700.0,701.0,699.0,699.0,900,0.0,0.0
2022-11-17 09:00:00+09:00,700.0,700.0,698.0,699.0,2400,0.0,0.0
2022-11-17 10:00:00+09:00,698.0,699.0,698.0,699.0,1300,0.0,0.0
2022-11-17 11:00:00+09:00,699.0,699.0,699.0,699.0,0,0.0,0.0
2022-11-17 12:00:00+09:00,700.0,700.0,698.0,698.0,4700,0.0,0.0
2022-11-17 13:00:00+09:00,699.0,699.0,698.0,698.0,400,0.0,0.0
2022-11-17 14:00:00+09:00,699.0,699.0,698.0,699.0,700,0.0,0.0
2022-11-18 09:00:00+09:00,699.0,699.0,699.0,699.0,500,0.0,0.0
2022-11-18 11:00:00+09:00,699.0,699.0,699.0,699.0,0,0.0,0.0
2022-11-18 12:00:00+09:00,699.0,699.0,699.0,699.0,1500,0.0,0.0
2022-11-18 13:00:00+09:00,699.0,699.0,699.0,699.0,100,0.0,0.0
2022-11-18 14:00:00+09:00,699.0,699.0,699.0,699.0,300,0.0,0.0
2022-11-21 09:00:00+09:00,699.0,700.0,699.0,700.0,700,0.0,0.0
2022-11-21 10:00:00+09:00,700.0,700.0,700.0,700.0,100,0.0,0.0
2022-11-21 11:00:00+09:00,700.0,700.0,700.0,700.0,0,0.0,0.0
2022-11-21 12:00:00+09:00,700.0,700.0,699.0,699.0,1200,0.0,0.0
2022-11-21 13:00:00+09:00,699.0,699.0,699.0,699.0,200,0.0,0.0
2022-11-21 14:00:00+09:00,698.0,699.0,698.0,699.0,200,0.0,0.0
2022-11-22 09:00:00+09:00,699.0,699.0,699.0,699.0,200,0.0,0.0
2022-11-22 10:00:00+09:00,699.0,699.0,699.0,699.0,500,0.0,0.0
2022-11-22 11:00:00+09:00,699.0,699.0,699.0,699.0,0,0.0,0.0
2022-11-22 12:00:00+09:00,699.0,700.0,698.0,698.0,1100,0.0,0.0
2022-11-22 14:00:00+09:00,698.0,698.0,698.0,698.0,200,0.0,0.0
2022-11-24 09:00:00+09:00,700.0,700.0,699.0,699.0,1500,0.0,0.0
2022-11-24 10:00:00+09:00,700.0,700.0,700.0,700.0,100,0.0,0.0
2022-11-24 11:00:00+09:00,700.0,700.0,700.0,700.0,0,0.0,0.0
2022-11-24 12:00:00+09:00,700.0,700.0,700.0,700.0,1800,0.0,0.0
2022-11-24 13:00:00+09:00,700.0,700.0,699.0,700.0,400,0.0,0.0
2022-11-24 14:00:00+09:00,700.0,700.0,699.0,699.0,300,0.0,0.0
2022-11-25 09:00:00+09:00,700.0,703.0,700.0,703.0,300,0.0,0.0
2022-11-25 11:00:00+09:00,703.0,703.0,703.0,703.0,0,0.0,0.0
2022-11-28 09:00:00+09:00,700.0,700.0,700.0,700.0,900,0.0,0.0
2022-11-28 10:00:00+09:00,700.0,703.0,700.0,700.0,1000,0.0,0.0
2022-11-28 11:00:00+09:00,700.0,700.0,699.0,699.0,0,0.0,0.0
2022-11-28 12:00:00+09:00,699.0,700.0,699.0,700.0,2700,0.0,0.0
2022-11-28 14:00:00+09:00,700.0,700.0,699.0,699.0,500,0.0,0.0
2022-11-29 09:00:00+09:00,700.0,700.0,699.0,699.0,1600,0.0,0.0
2022-11-29 11:00:00+09:00,699.0,699.0,699.0,699.0,0,0.0,0.0
2022-11-29 12:00:00+09:00,700.0,700.0,700.0,700.0,1700,0.0,0.0
2022-11-29 14:00:00+09:00,701.0,701.0,700.0,700.0,300,0.0,0.0
2022-11-30 11:00:00+09:00,701.0,701.0,701.0,701.0,100,0.0,0.0
2022-11-30 12:00:00+09:00,700.0,700.0,700.0,700.0,200,0.0,0.0
2022-12-01 09:00:00+09:00,700.0,700.0,697.0,697.0,4600,0.0,0.0
2022-12-01 10:00:00+09:00,699.0,699.0,698.0,698.0,800,0.0,0.0
2022-12-01 11:00:00+09:00,698.0,698.0,698.0,698.0,0,0.0,0.0
2022-12-01 12:00:00+09:00,698.0,699.0,698.0,699.0,5600,0.0,0.0
2022-12-01 13:00:00+09:00,699.0,699.0,699.0,699.0,100,0.0,0.0
2022-12-01 14:00:00+09:00,700.0,700.0,698.0,698.0,1400,0.0,0.0
2022-12-02 09:00:00+09:00,700.0,700.0,698.0,698.0,700,0.0,0.0
2022-12-02 10:00:00+09:00,698.0,698.0,698.0,698.0,100,0.0,0.0
2022-12-02 11:00:00+09:00,698.0,698.0,698.0,698.0,0,0.0,0.0
2022-12-02 12:00:00+09:00,699.0,699.0,699.0,699.0,900,0.0,0.0
2022-12-02 13:00:00+09:00,699.0,699.0,699.0,699.0,100,0.0,0.0
2022-12-02 14:00:00+09:00,699.0,699.0,699.0,699.0,100,0.0,0.0
2022-12-05 09:00:00+09:00,701.0,701.0,698.0,700.0,1300,0.0,0.0
2022-12-05 11:00:00+09:00,700.0,700.0,700.0,700.0,0,0.0,0.0
2022-12-05 14:00:00+09:00,700.0,700.0,699.0,699.0,1500,0.0,0.0
2022-12-06 09:00:00+09:00,699.0,699.0,698.0,699.0,2500,0.0,0.0
2022-12-06 10:00:00+09:00,698.0,698.0,697.0,697.0,2600,0.0,0.0
2022-12-06 11:00:00+09:00,697.0,697.0,697.0,697.0,0,0.0,0.0
2022-12-06 12:00:00+09:00,699.0,699.0,699.0,699.0,5700,0.0,0.0
2022-12-06 14:00:00+09:00,698.0,698.0,698.0,698.0,100,0.0,0.0
2022-12-07 09:00:00+09:00,698.0,698.0,697.0,697.0,0,0.0,0.0
2022-12-07 11:00:00+09:00,697.0,697.0,697.0,697.0,0,0.0,0.0
2022-12-07 12:00:00+09:00,697.0,698.0,697.0,698.0,1500,0.0,0.0
2022-12-07 13:00:00+09:00,697.0,698.0,697.0,698.0,200,0.0,0.0
2022-12-07 14:00:00+09:00,698.0,699.0,697.0,698.0,400,0.0,0.0
2022-12-08 09:00:00+09:00,698.0,699.0,698.0,699.0,700,0.0,0.0
2022-12-08 10:00:00+09:00,698.0,698.0,698.0,698.0,400,0.0,0.0
2022-12-08 11:00:00+09:00,698.0,698.0,698.0,698.0,0,0.0,0.0
2022-12-08 13:00:00+09:00,700.0,700.0,699.0,699.0,1300,0.0,0.0
2022-12-09 09:00:00+09:00,700.0,700.0,699.0,699.0,600,0.0,0.0
2022-12-09 10:00:00+09:00,700.0,700.0,700.0,700.0,100,0.0,0.0
2022-12-09 11:00:00+09:00,700.0,700.0,699.0,699.0,0,0.0,0.0
2022-12-09 12:00:00+09:00,700.0,700.0,700.0,700.0,0,0.0,0.0
2022-12-09 13:00:00+09:00,699.0,699.0,697.0,697.0,2600,0.0,0.0
2022-12-09 14:00:00+09:00,698.0,700.0,698.0,698.0,500,0.0,0.0
2022-12-12 09:00:00+09:00,699.0,701.0,699.0,700.0,2100,0.0,0.0
2022-12-12 10:00:00+09:00,699.0,699.0,698.0,698.0,400,0.0,0.0
2022-12-12 11:00:00+09:00,698.0,698.0,698.0,698.0,0,0.0,0.0
2022-12-12 12:00:00+09:00,699.0,699.0,699.0,699.0,2600,0.0,0.0
2022-12-12 13:00:00+09:00,699.0,699.0,699.0,699.0,100,0.0,0.0
2022-12-12 14:00:00+09:00,699.0,702.0,699.0,699.0,800,0.0,0.0
2022-12-13 09:00:00+09:00,699.0,702.0,699.0,702.0,0,0.0,0.0
2022-12-13 10:00:00+09:00,702.0,702.0,701.0,701.0,0,0.0,0.0
2022-12-13 11:00:00+09:00,702.0,702.0,701.0,701.0,0,0.0,0.0
2022-12-13 12:00:00+09:00,700.0,700.0,700.0,700.0,1600,0.0,0.0
2022-12-13 13:00:00+09:00,701.0,701.0,701.0,701.0,0,0.0,0.0
2022-12-13 14:00:00+09:00,701.0,701.0,700.0,700.0,2100,0.0,0.0
2022-12-14 09:00:00+09:00,701.0,701.0,701.0,701.0,500,0.0,0.0
2022-12-14 10:00:00+09:00,702.0,702.0,701.0,701.0,700,0.0,0.0
2022-12-14 11:00:00+09:00,701.0,701.0,701.0,701.0,0,0.0,0.0
2022-12-14 12:00:00+09:00,701.0,702.0,701.0,702.0,1700,0.0,0.0
2022-12-14 13:00:00+09:00,703.0,703.0,701.0,702.0,600,0.0,0.0
2022-12-14 14:00:00+09:00,704.0,704.0,702.0,702.0,200,0.0,0.0
2022-12-15 09:00:00+09:00,704.0,704.0,702.0,702.0,8500,0.0,0.0
2022-12-15 10:00:00+09:00,701.0,701.0,701.0,701.0,300,0.0,0.0
2022-12-15 11:00:00+09:00,701.0,701.0,701.0,701.0,0,0.0,0.0
2022-12-15 14:00:00+09:00,700.0,700.0,700.0,700.0,9000,0.0,0.0
2022-12-16 09:00:00+09:00,699.0,700.0,699.0,699.0,2500,0.0,0.0
2022-12-16 11:00:00+09:00,699.0,699.0,699.0,699.0,0,0.0,0.0
2022-12-16 12:00:00+09:00,702.0,702.0,702.0,702.0,2600,0.0,0.0
2022-12-16 14:00:00+09:00,701.0,701.0,701.0,701.0,100,0.0,0.0
2022-12-19 09:00:00+09:00,700.0,700.0,700.0,700.0,800,0.0,0.0
2022-12-19 10:00:00+09:00,701.0,701.0,700.0,700.0,300,0.0,0.0
2022-12-19 11:00:00+09:00,700.0,700.0,700.0,700.0,0,0.0,0.0
2022-12-19 14:00:00+09:00,701.0,701.0,700.0,700.0,1500,0.0,0.0
2022-12-20 09:00:00+09:00,700.0,701.0,699.0,701.0,600,0.0,0.0
2022-12-20 10:00:00+09:00,701.0,701.0,701.0,701.0,200,0.0,0.0
2022-12-20 11:00:00+09:00,701.0,701.0,701.0,701.0,0,0.0,0.0
2022-12-20 13:00:00+09:00,699.0,699.0,699.0,699.0,1700,0.0,0.0
2022-12-20 14:00:00+09:00,699.0,699.0,697.0,698.0,2500,0.0,0.0
2022-12-21 09:00:00+09:00,698.0,699.0,698.0,698.0,0,0.0,0.0
2022-12-21 10:00:00+09:00,697.0,697.0,697.0,697.0,800,0.0,0.0
2022-12-21 11:00:00+09:00,697.0,698.0,697.0,698.0,0,0.0,0.0
2022-12-21 12:00:00+09:00,698.0,698.0,698.0,698.0,1300,0.0,0.0
2022-12-21 13:00:00+09:00,698.0,698.0,698.0,698.0,100,0.0,0.0
2022-12-21 14:00:00+09:00,697.0,699.0,697.0,697.0,3100,0.0,0.0
2022-12-22 09:00:00+09:00,696.0,698.0,696.0,698.0,1400,0.0,0.0
2022-12-22 10:00:00+09:00,697.0,697.0,697.0,697.0,100,0.0,0.0
2022-12-22 11:00:00+09:00,697.0,697.0,697.0,697.0,0,0.0,0.0
2022-12-22 13:00:00+09:00,699.0,699.0,699.0,699.0,1600,0.0,0.0
2022-12-23 09:00:00+09:00,696.0,696.0,696.0,696.0,1300,0.0,0.0
2022-12-23 11:00:00+09:00,696.0,696.0,696.0,696.0,0,0.0,0.0
2022-12-23 12:00:00+09:00,697.0,697.0,697.0,697.0,1400,0.0,0.0
2022-12-23 14:00:00+09:00,698.0,699.0,697.0,697.0,900,0.0,0.0
2022-12-26 09:00:00+09:00,700.0,700.0,700.0,700.0,200,0.0,0.0
2022-12-26 10:00:00+09:00,700.0,700.0,695.0,695.0,2900,0.0,0.0
2022-12-26 11:00:00+09:00,697.0,697.0,697.0,697.0,0,0.0,0.0
2022-12-26 12:00:00+09:00,697.0,697.0,697.0,697.0,3500,0.0,0.0
2022-12-26 13:00:00+09:00,697.0,697.0,697.0,697.0,100,0.0,0.0
2022-12-26 14:00:00+09:00,697.0,697.0,695.0,695.0,500,0.0,0.0
2022-12-27 09:00:00+09:00,695.0,696.0,695.0,696.0,1200,0.0,0.0
2022-12-27 11:00:00+09:00,696.0,696.0,696.0,696.0,0,0.0,0.0
2022-12-27 12:00:00+09:00,696.0,697.0,696.0,697.0,2600,0.0,0.0
2022-12-27 13:00:00+09:00,696.0,696.0,696.0,696.0,500,0.0,0.0
2022-12-27 14:00:00+09:00,700.0,700.0,700.0,700.0,100,0.0,0.0
2022-12-28 09:00:00+09:00,699.0,699.0,696.0,696.0,800,0.0,0.0
2022-12-28 10:00:00+09:00,696.0,696.0,696.0,696.0,0,0.0,0.0
2022-12-28 11:00:00+09:00,696.0,696.0,696.0,696.0,0,0.0,0.0
2022-12-28 12:00:00+09:00,696.0,696.0,696.0,696.0,1400,0.0,0.0
2022-12-28 13:00:00+09:00,696.0,696.0,695.0,696.0,1000,0.0,0.0
2022-12-28 14:00:00+09:00,696.0,699.0,696.0,699.0,700,0.0,0.0
2022-12-29 09:00:00+09:00,698.0,698.0,697.0,697.0,1100,0.0,0.0
2022-12-29 11:00:00+09:00,699.0,699.0,699.0,699.0,0,0.0,0.0
2022-12-29 13:00:00+09:00,699.0,699.0,699.0,699.0,1300,0.0,0.0
2022-12-29 14:00:00+09:00,699.0,699.0,699.0,699.0,100,0.0,0.0
2022-12-30 09:00:00+09:00,699.0,699.0,697.0,697.0,400,0.0,0.0
2022-12-30 11:00:00+09:00,697.0,697.0,697.0,697.0,0,0.0,0.0
2022-12-30 14:00:00+09:00,698.0,698.0,698.0,698.0,500,0.0,0.0
2023-01-04 09:00:00+09:00,700.0,701.0,700.0,701.0,300,0.0,0.0
2023-01-04 10:00:00+09:00,701.0,701.0,701.0,701.0,500,0.0,0.0
2023-01-04 11:00:00+09:00,701.0,701.0,701.0,701.0,0,0.0,0.0
2023-01-04 14:00:00+09:00,702.0,702.0,701.0,702.0,2200,0.0,0.0
2023-01-05 09:00:00+09:00,700.0,703.0,695.0,698.0,3800,0.0,0.0
2023-01-05 11:00:00+09:00,698.0,698.0,698.0,698.0,0,0.0,0.0
2023-01-05 12:00:00+09:00,700.0,700.0,698.0,698.0,4000,0.0,0.0
2023-01-05 14:00:00+09:00,699.0,699.0,697.0,697.0,400,0.0,0.0
2023-01-06 09:00:00+09:00,697.0,700.0,697.0,698.0,500,0.0,0.0
2023-01-06 10:00:00+09:00,701.0,701.0,701.0,701.0,100,0.0,0.0
2023-01-06 11:00:00+09:00,701.0,701.0,701.0,701.0,0,0.0,0.0
2023-01-10 09:00:00+09:00,700.0,701.0,700.0,701.0,1500,0.0,0.0
2023-01-10 10:00:00+09:00,701.0,701.0,701.0,701.0,200,0.0,0.0
2023-01-10 11:00:00+09:00,701.0,701.0,701.0,701.0,0,0.0,0.0
2023-01-10 12:00:00+09:00,701.0,701.0,701.0,701.0,1800,0.0,0.0
2023-01-10 13:00:00+09:00,702.0,702.0,700.0,700.0,300,0.0,0.0
2023-01-11 09:00:00+09:00,700.0,700.0,700.0,700.0,600,0.0,0.0
2023-01-11 11:00:00+09:00,700.0,700.0,700.0,700.0,0,0.0,0.0
2023-01-11 12:00:00+09:00,702.0,702.0,702.0,702.0,800,0.0,0.0
2023-01-11 13:00:00+09:00,701.0,701.0,700.0,700.0,300,0.0,0.0
2023-01-11 14:00:00+09:00,700.0,700.0,700.0,700.0,100,0.0,0.0
2023-01-12 09:00:00+09:00,700.0,702.0,700.0,700.0,500,0.0,0.0
2023-01-12 11:00:00+09:00,700.0,700.0,700.0,700.0,0,0.0,0.0
2023-01-12 12:00:00+09:00,702.0,702.0,700.0,700.0,700,0.0,0.0
2023-01-12 13:00:00+09:00,700.0,700.0,700.0,700.0,100,0.0,0.0
2023-01-12 14:00:00+09:00,700.0,700.0,700.0,700.0,500,0.0,0.0
2023-01-13 09:00:00+09:00,702.0,702.0,699.0,700.0,1200,0.0,0.0
2023-01-13 10:00:00+09:00,701.0,701.0,701.0,701.0,0,0.0,0.0
2023-01-13 11:00:00+09:00,701.0,701.0,701.0,701.0,0,0.0,0.0
2023-01-13 12:00:00+09:00,702.0,702.0,701.0,701.0,1500,0.0,0.0
2023-01-13 13:00:00+09:00,702.0,702.0,700.0,700.0,1300,0.0,0.0
2023-01-13 14:00:00+09:00,702.0,703.0,700.0,701.0,500,0.0,0.0
2023-01-16 09:00:00+09:00,702.0,702.0,702.0,702.0,2400,0.0,0.0
2023-01-16 11:00:00+09:00,702.0,702.0,702.0,702.0,0,0.0,0.0
2023-01-16 12:00:00+09:00,702.0,702.0,702.0,702.0,2700,0.0,0.0
2023-01-16 13:00:00+09:00,701.0,701.0,699.0,699.0,700,0.0,0.0
2023-01-17 09:00:00+09:00,703.0,703.0,699.0,699.0,700,0.0,0.0
2023-01-17 11:00:00+09:00,699.0,699.0,699.0,699.0,0,0.0,0.0
2023-01-17 12:00:00+09:00,701.0,701.0,699.0,699.0,1500,0.0,0.0
2023-01-17 13:00:00+09:00,699.0,699.0,699.0,699.0,100,0.0,0.0
2023-01-17 14:00:00+09:00,701.0,701.0,701.0,701.0,100,0.0,0.0
2023-01-18 09:00:00+09:00,705.0,705.0,701.0,701.0,1300,0.0,0.0
2023-01-18 11:00:00+09:00,701.0,701.0,701.0,701.0,0,0.0,0.0
2023-01-18 13:00:00+09:00,702.0,702.0,701.0,701.0,1800,0.0,0.0
2023-01-18 14:00:00+09:00,703.0,703.0,700.0,700.0,300,0.0,0.0
2023-01-19 13:00:00+09:00,702.0,702.0,702.0,702.0,200,0.0,0.0
2023-01-19 14:00:00+09:00,704.0,704.0,704.0,704.0,100,0.0,0.0
2023-01-20 09:00:00+09:00,701.0,701.0,701.0,701.0,100,0.0,0.0
2023-01-20 10:00:00+09:00,701.0,701.0,701.0,701.0,100,0.0,0.0
2023-01-20 11:00:00+09:00,701.0,701.0,701.0,701.0,0,0.0,0.0
2023-01-20 12:00:00+09:00,703.0,703.0,703.0,703.0,300,0.0,0.0
2023-01-23 09:00:00+09:00,706.0,706.0,700.0,700.0,1400,0.0,0.0
2023-01-23 10:00:00+09:00,703.0,703.0,703.0,703.0,100,0.0,0.0
2023-01-23 11:00:00+09:00,703.0,703.0,703.0,703.0,0,0.0,0.0
2023-01-23 13:00:00+09:00,700.0,700.0,700.0,700.0,1600,0.0,0.0
2023-01-23 14:00:00+09:00,702.0,704.0,702.0,704.0,300,0.0,0.0
2023-01-24 09:00:00+09:00,701.0,705.0,701.0,705.0,500,0.0,0.0
2023-01-24 11:00:00+09:00,705.0,705.0,705.0,705.0,0,0.0,0.0
2023-01-24 12:00:00+09:00,704.0,704.0,704.0,704.0,600,0.0,0.0
2023-01-24 13:00:00+09:00,703.0,703.0,703.0,703.0,100,0.0,0.0
2023-01-24 14:00:00+09:00,702.0,704.0,701.0,704.0,700,0.0,0.0
2023-01-25 09:00:00+09:00,704.0,704.0,703.0,703.0,200,0.0,0.0
2023-01-25 11:00:00+09:00,703.0,703.0,703.0,703.0,0,0.0,0.0
2023-01-25 12:00:00+09:00,701.0,701.0,701.0,701.0,700,0.0,0.0
2023-01-26 09:00:00+09:00,701.0,701.0,700.0,700.0,600,0.0,0.0
2023-01-26 10:00:00+09:00,701.0,701.0,701.0,701.0,100,0.0,0.0
2023-01-26 11:00:00+09:00,700.0,700.0,699.0,699.0,0,0.0,0.0
2023-01-27 09:00:00+09:00,699.0,700.0,699.0,699.0,500,0.0,0.0
2023-01-27 10:00:00+09:00,701.0,701.0,699.0,700.0,800,0.0,0.0
2023-01-27 11:00:00+09:00,700.0,700.0,700.0,700.0,0,0.0,0.0
2023-01-27 12:00:00+09:00,702.0,702.0,700.0,700.0,1500,0.0,0.0
2023-01-27 13:00:00+09:00,700.0,700.0,700.0,700.0,100,0.0,0.0
2023-01-30 09:00:00+09:00,700.0,700.0,700.0,700.0,200,0.0,0.0
2023-01-30 11:00:00+09:00,700.0,700.0,700.0,700.0,0,0.0,0.0
2023-01-30 12:00:00+09:00,700.0,700.0,700.0,700.0,500,0.0,0.0
2023-01-31 09:00:00+09:00,699.0,699.0,699.0,699.0,100,0.0,0.0
2023-01-31 10:00:00+09:00,700.0,700.0,700.0,700.0,200,0.0,0.0
2023-01-31 11:00:00+09:00,700.0,700.0,700.0,700.0,0,0.0,0.0
2023-01-31 14:00:00+09:00,705.0,705.0,700.0,700.0,1700,0.0,0.0
2023-02-01 09:00:00+09:00,704.0,704.0,700.0,700.0,600,0.0,0.0
2023-02-01 11:00:00+09:00,700.0,700.0,700.0,700.0,0,0.0,0.0
2023-02-01 13:00:00+09:00,700.0,700.0,700.0,700.0,700,0.0,0.0
2023-02-02 09:00:00+09:00,700.0,700.0,700.0,700.0,300,0.0,0.0
2023-02-02 11:00:00+09:00,700.0,700.0,700.0,700.0,0,0.0,0.0
2023-02-02 12:00:00+09:00,703.0,703.0,701.0,701.0,500,0.0,0.0
2023-02-02 14:00:00+09:00,701.0,701.0,701.0,701.0,100,0.0,0.0
2023-02-03 09:00:00+09:00,701.0,701.0,701.0,701.0,200,0.0,0.0
2023-02-03 11:00:00+09:00,701.0,701.0,701.0,701.0,0,0.0,0.0
2023-02-03 14:00:00+09:00,702.0,702.0,702.0,702.0,300,0.0,0.0
2023-02-06 09:00:00+09:00,703.0,703.0,701.0,701.0,1500,0.0,0.0
2023-02-06 10:00:00+09:00,700.0,701.0,700.0,701.0,200,0.0,0.0
2023-02-06 11:00:00+09:00,702.0,703.0,701.0,701.0,0,0.0,0.0
2023-02-06 14:00:00+09:00,702.0,704.0,702.0,704.0,2800,0.0,0.0
2023-02-07 09:00:00+09:00,706.0,706.0,702.0,702.0,1000,0.0,0.0
2023-02-07 10:00:00+09:00,704.0,704.0,704.0,704.0,400,0.0,0.0
2023-02-07 11:00:00+09:00,704.0,704.0,704.0,704.0,0,0.0,0.0
2023-02-07 12:00:00+09:00,702.0,702.0,701.0,701.0,1600,0.0,0.0
2023-02-07 13:00:00+09:00,703.0,705.0,701.0,701.0,600,0.0,0.0
2023-02-07 14:00:00+09:00,703.0,703.0,703.0,703.0,100,0.0,0.0
2023-02-08 09:00:00+09:00,709.0,709.0,704.0,704.0,0,0.0,0.0
2023-02-08 10:00:00+09:00,705.0,705.0,703.0,703.0,2300,0.0,0.0
2023-02-08 11:00:00+09:00,703.0,703.0,703.0,703.0,0,0.0,0.0
2023-02-08 12:00:00+09:00,700.0,701.0,700.0,701.0,0,0.0,0.0
2023-02-08 14:00:00+09:00,702.0,702.0,702.0,702.0,6200,0.0,0.0
2023-02-09 09:00:00+09:00,702.0,708.0,702.0,702.0,1100,0.0,0.0
2023-02-09 11:00:00+09:00,705.0,706.0,703.0,703.0,0,0.0,0.0
2023-02-09 12:00:00+09:00,704.0,704.0,703.0,703.0,1800,0.0,0.0
2023-02-09 13:00:00+09:00,703.0,703.0,702.0,702.0,200,0.0,0.0
2023-02-09 14:00:00+09:00,702.0,702.0,702.0,702.0,100,0.0,0.0
2023-02-10 09:00:00+09:00,702.0,703.0,702.0,702.0,500,0.0,0.0
2023-02-10 10:00:00+09:00,702.0,702.0,702.0,702.0,100,0.0,0.0
2023-02-10 11:00:00+09:00,702.0,702.0,702.0,702.0,0,0.0,0.0
2023-02-10 12:00:00+09:00,703.0,703.0,703.0,703.0,700,0.0,0.0
2023-02-10 13:00:00+09:00,705.0,705.0,702.0,702.0,400,0.0,0.0
2023-02-13 09:00:00+09:00,703.0,704.0,702.0,704.0,1300,0.0,0.0
2023-02-13 11:00:00+09:00,704.0,704.0,704.0,704.0,0,0.0,0.0
2023-02-13 12:00:00+09:00,704.0,704.0,704.0,704.0,1500,0.0,0.0
2023-02-14 09:00:00+09:00,704.0,704.0,704.0,704.0,300,0.0,0.0
2023-02-14 11:00:00+09:00,704.0,704.0,704.0,704.0,0,0.0,0.0
2023-02-14 12:00:00+09:00,704.0,704.0,704.0,704.0,500,0.0,0.0
2023-02-14 13:00:00+09:00,706.0,707.0,706.0,707.0,200,0.0,0.0
2023-02-14 14:00:00+09:00,706.0,707.0,705.0,707.0,600,0.0,0.0
2023-02-15 09:00:00+09:00,704.0,704.0,704.0,704.0,2200,0.0,0.0
2023-02-15 10:00:00+09:00,705.0,705.0,704.0,704.0,1600,0.0,0.0
2023-02-15 11:00:00+09:00,704.0,704.0,704.0,704.0,0,0.0,0.0
2023-02-15 13:00:00+09:00,706.0,706.0,706.0,706.0,4000,0.0,0.0
2023-02-15 14:00:00+09:00,705.0,705.0,705.0,705.0,100,0.0,0.0
2023-02-16 09:00:00+09:00,708.0,708.0,707.0,707.0,700,0.0,0.0
2023-02-16 11:00:00+09:00,707.0,707.0,707.0,707.0,0,0.0,0.0
2023-02-16 12:00:00+09:00,707.0,707.0,707.0,707.0,800,0.0,0.0
2023-02-16 13:00:00+09:00,707.0,707.0,705.0,705.0,1300,0.0,0.0
2023-02-16 14:00:00+09:00,706.0,706.0,705.0,705.0,200,0.0,0.0
2023-02-17 09:00:00+09:00,705.0,709.0,705.0,705.0,0,0.0,0.0
2023-02-17 10:00:00+09:00,706.0,706.0,705.0,705.0,1500,0.0,0.0
2023-02-17 11:00:00+09:00,705.0,705.0,705.0,705.0,0,0.0,0.0
2023-02-17 12:00:00+09:00,706.0,706.0,704.0,704.0,2100,0.0,0.0
2023-02-17 14:00:00+09:00,704.0,705.0,704.0,705.0,300,0.0,0.0
2023-02-20 09:00:00+09:00,705.0,705.0,704.0,704.0,1200,0.0,0.0
2023-02-20 11:00:00+09:00,704.0,704.0,704.0,704.0,0,0.0,0.0
2023-02-20 13:00:00+09:00,705.0,705.0,705.0,705.0,1500,0.0,0.0
2023-02-21 09:00:00+09:00,705.0,706.0,705.0,706.0,300,0.0,0.0
2023-02-21 10:00:00+09:00,706.0,706.0,705.0,705.0,300,0.0,0.0
2023-02-21 11:00:00+09:00,705.0,705.0,705.0,705.0,0,0.0,0.0
2023-02-21 12:00:00+09:00,706.0,706.0,706.0,706.0,1100,0.0,0.0
2023-02-21 13:00:00+09:00,706.0,706.0,706.0,706.0,100,0.0,0.0
2023-02-21 14:00:00+09:00,706.0,707.0,706.0,707.0,1500,0.0,0.0
2023-02-22 09:00:00+09:00,706.0,707.0,706.0,707.0,500,0.0,0.0
2023-02-22 10:00:00+09:00,707.0,707.0,707.0,707.0,200,0.0,0.0
2023-02-22 11:00:00+09:00,707.0,707.0,707.0,707.0,0,0.0,0.0
2023-02-22 13:00:00+09:00,707.0,707.0,707.0,707.0,1000,0.0,0.0
2023-02-22 14:00:00+09:00,707.0,707.0,707.0,707.0,100,0.0,0.0
2023-02-24 09:00:00+09:00,709.0,709.0,707.0,707.0,200,0.0,0.0
2023-02-24 10:00:00+09:00,708.0,708.0,708.0,708.0,200,0.0,0.0
2023-02-24 11:00:00+09:00,708.0,708.0,708.0,708.0,0,0.0,0.0
2023-02-24 12:00:00+09:00,708.0,708.0,707.0,707.0,1000,0.0,0.0
2023-02-24 13:00:00+09:00,708.0,709.0,708.0,709.0,600,0.0,0.0
2023-02-27 09:00:00+09:00,707.0,707.0,707.0,707.0,0,0.0,0.0
2023-02-27 11:00:00+09:00,707.0,707.0,707.0,707.0,0,0.0,0.0
2023-02-27 13:00:00+09:00,709.0,709.0,709.0,709.0,1500,0.0,0.0
2023-02-28 09:00:00+09:00,710.0,710.0,709.0,710.0,600,0.0,0.0
2023-02-28 10:00:00+09:00,710.0,712.0,709.0,709.0,900,0.0,0.0
2023-02-28 11:00:00+09:00,709.0,709.0,709.0,709.0,0,0.0,0.0
2023-02-28 13:00:00+09:00,711.0,711.0,709.0,709.0,2300,0.0,0.0
2023-02-28 14:00:00+09:00,709.0,709.0,708.0,708.0,500,0.0,0.0
2023-03-01 09:00:00+09:00,708.0,709.0,708.0,708.0,500,0.0,0.0
2023-03-01 11:00:00+09:00,708.0,708.0,708.0,708.0,0,0.0,0.0
2023-03-01 12:00:00+09:00,710.0,710.0,710.0,710.0,700,0.0,0.0
2023-03-01 14:00:00+09:00,710.0,710.0,708.0,708.0,400,0.0,0.0
2023-03-02 09:00:00+09:00,708.0,708.0,708.0,708.0,700,0.0,0.0
2023-03-02 11:00:00+09:00,708.0,708.0,708.0,708.0,0,0.0,0.0
2023-03-02 13:00:00+09:00,710.0,710.0,709.0,709.0,1000,0.0,0.0
2023-03-02 14:00:00+09:00,709.0,709.0,709.0,709.0,300,0.0,0.0
2023-03-03 09:00:00+09:00,709.0,709.0,709.0,709.0,200,0.0,0.0
2023-03-03 11:00:00+09:00,709.0,709.0,709.0,709.0,0,0.0,0.0
2023-03-03 12:00:00+09:00,710.0,710.0,710.0,710.0,600,0.0,0.0
2023-03-03 14:00:00+09:00,710.0,710.0,710.0,710.0,100,0.0,0.0
2023-03-06 09:00:00+09:00,710.0,712.0,710.0,710.0,1600,0.0,0.0
2023-03-06 11:00:00+09:00,710.0,710.0,710.0,710.0,0,0.0,0.0
2023-03-06 12:00:00+09:00,710.0,710.0,709.0,709.0,3600,0.0,0.0
2023-03-07 09:00:00+09:00,710.0,710.0,710.0,710.0,200,0.0,0.0
2023-03-07 11:00:00+09:00,710.0,710.0,709.0,709.0,0,0.0,0.0
2023-03-07 13:00:00+09:00,709.0,709.0,709.0,709.0,1600,0.0,0.0
2023-03-07 14:00:00+09:00,709.0,709.0,709.0,709.0,100,0.0,0.0
2023-03-08 09:00:00+09:00,710.0,710.0,710.0,710.0,200,0.0,0.0
2023-03-08 10:00:00+09:00,711.0,711.0,711.0,711.0,100,0.0,0.0
2023-03-08 11:00:00+09:00,711.0,711.0,711.0,711.0,0,0.0,0.0
2023-03-08 12:00:00+09:00,712.0,712.0,710.0,710.0,700,0.0,0.0
2023-03-08 14:00:00+09:00,710.0,710.0,709.0,709.0,700,0.0,0.0
2023-03-09 09:00:00+09:00,710.0,713.0,710.0,712.0,1100,0.0,0.0
2023-03-09 11:00:00+09:00,712.0,712.0,712.0,712.0,0,0.0,0.0
2023-03-09 12:00:00+09:00,712.0,712.0,711.0,711.0,1600,0.0,0.0
2023-03-09 13:00:00+09:00,713.0,713.0,713.0,713.0,100,0.0,0.0
2023-03-10 09:00:00+09:00,713.0,713.0,710.0,710.0,300,0.0,0.0
2023-03-10 11:00:00+09:00,711.0,711.0,711.0,711.0,0,0.0,0.0
2023-03-10 12:00:00+09:00,711.0,711.0,711.0,711.0,800,0.0,0.0
2023-03-13 09:00:00+09:00,711.0,711.0,709.0,709.0,400,0.0,0.0
2023-03-13 11:00:00+09:00,711.0,711.0,711.0,711.0,0,0.0,0.0
2023-03-13 13:00:00+09:00,709.0,712.0,709.0,712.0,1900,0.0,0.0
2023-03-13 14:00:00+09:00,710.0,710.0,710.0,710.0,200,0.0,0.0
2023-03-14 09:00:00+09:00,710.0,713.0,710.0,713.0,400,0.0,0.0
2023-03-14 10:00:00+09:00,708.0,708.0,708.0,708.0,800,0.0,0.0
2023-03-14 11:00:00+09:00,710.0,710.0,710.0,710.0,0,0.0,0.0
2023-03-14 12:00:00+09:00,710.0,711.0,710.0,711.0,1500,0.0,0.0
2023-03-14 13:00:00+09:00,711.0,711.0,711.0,711.0,200,0.0,0.0
2023-03-14 14:00:00+09:00,712.0,712.0,712.0,712.0,300,0.0,0.0
2023-03-15 09:00:00+09:00,713.0,713.0,713.0,713.0,2500,0.0,0.0
2023-03-15 10:00:00+09:00,713.0,715.0,713.0,713.0,1100,0.0,0.0
2023-03-15 11:00:00+09:00,713.0,713.0,713.0,713.0,0,0.0,0.0
2023-03-15 14:00:00+09:00,714.0,714.0,714.0,714.0,3700,0.0,0.0
2023-03-16 09:00:00+09:00,713.0,713.0,710.0,710.0,600,0.0,0.0
2023-03-16 11:00:00+09:00,710.0,710.0,710.0,710.0,0,0.0,0.0
2023-03-16 14:00:00+09:00,711.0,711.0,711.0,711.0,700,0.0,0.0
2023-03-17 09:00:00+09:00,715.0,715.0,715.0,715.0,500,0.0,0.0
2023-03-17 11:00:00+09:00,715.0,715.0,715.0,715.0,0,0.0,0.0
2023-03-17 12:00:00+09:00,712.0,712.0,712.0,712.0,600,0.0,0.0
2023-03-17 13:00:00+09:00,714.0,714.0,714.0,714.0,0,0.0,0.0
2023-03-20 09:00:00+09:00,714.0,714.0,714.0,714.0,300,0.0,0.0
2023-03-20 10:00:00+09:00,714.0,714.0,714.0,714.0,200,0.0,0.0
2023-03-20 11:00:00+09:00,714.0,714.0,714.0,714.0,0,0.0,0.0
2023-03-22 09:00:00+09:00,713.0,714.0,711.0,712.0,1100,0.0,0.0
2023-03-22 10:00:00+09:00,715.0,715.0,715.0,715.0,0,0.0,0.0
2023-03-22 11:00:00+09:00,715.0,715.0,715.0,715.0,0,0.0,0.0
2023-03-22 13:00:00+09:00,715.0,715.0,715.0,715.0,2100,0.0,0.0
2023-03-22 14:00:00+09:00,715.0,715.0,715.0,715.0,500,0.0,0.0
2023-03-23 09:00:00+09:00,715.0,715.0,715.0,715.0,100,0.0,0.0
2023-03-23 11:00:00+09:00,715.0,715.0,715.0,715.0,0,0.0,0.0
2023-03-24 09:00:00+09:00,714.0,715.0,714.0,715.0,400,0.0,0.0
2023-03-24 10:00:00+09:00,714.0,714.0,710.0,710.0,3300,0.0,0.0
2023-03-24 11:00:00+09:00,710.0,710.0,710.0,710.0,0,0.0,0.0
2023-03-24 12:00:00+09:00,710.0,710.0,710.0,710.0,4800,0.0,0.0
2023-03-27 09:00:00+09:00,714.0,714.0,710.0,710.0,400,0.0,0.0
2023-03-27 11:00:00+09:00,710.0,710.0,710.0,710.0,0,0.0,0.0
2023-03-27 12:00:00+09:00,710.0,710.0,710.0,710.0,600,0.0,0.0
2023-03-28 09:00:00+09:00,712.0,712.0,712.0,712.0,200,0.0,0.0
2023-03-28 10:00:00+09:00,713.0,713.0,713.0,713.0,300,0.0,0.0
2023-03-28 11:00:00+09:00,713.0,713.0,713.0,713.0,0,0.0,0.0
2023-03-28 13:00:00+09:00,714.0,714.0,714.0,714.0,800,0.0,0.0
2023-03-28 14:00:00+09:00,711.0,713.0,710.0,713.0,700,0.0,0.0
2023-03-29 09:00:00+09:00,713.0,713.0,710.0,710.0,1400,0.0,0.0
2023-03-29 10:00:00+09:00,711.0,712.0,711.0,712.0,400,0.0,0.0
2023-03-29 11:00:00+09:00,712.0,712.0,712.0,712.0,0,0.0,0.0
2023-03-29 12:00:00+09:00,712.0,713.0,712.0,712.0,2500,0.0,0.0
2023-03-29 13:00:00+09:00,713.0,713.0,711.0,711.0,600,0.0,0.0
2023-03-29 14:00:00+09:00,711.0,713.0,711.0,712.0,1000,0.0,0.0
2023-03-30 09:00:00+09:00,704.0,704.0,701.0,701.0,1400,0.0,0.0
2023-03-30 10:00:00+09:00,701.0,701.0,699.0,700.0,800,0.0,0.0
2023-03-30 11:00:00+09:00,700.0,700.0,700.0,700.0,0,0.0,0.0
2023-03-30 14:00:00+09:00,705.0,705.0,700.0,700.0,3300,0.0,0.0
2023-03-31 09:00:00+09:00,701.0,704.0,700.0,704.0,500,0.0,0.0
2023-03-31 11:00:00+09:00,704.0,704.0,704.0,704.0,0,0.0,0.0
2023-03-31 12:00:00+09:00,704.0,704.0,702.0,702.0,900,0.0,0.0
2023-03-31 13:00:00+09:00,702.0,702.0,702.0,702.0,100,0.0,0.0
2023-04-03 09:00:00+09:00,705.0,705.0,703.0,703.0,1200,0.0,0.0
2023-04-03 10:00:00+09:00,702.0,705.0,701.0,705.0,1900,0.0,0.0
2023-04-03 11:00:00+09:00,705.0,705.0,705.0,705.0,0,0.0,0.0
2023-04-03 12:00:00+09:00,705.0,705.0,705.0,705.0,3200,0.0,0.0
2023-04-03 13:00:00+09:00,703.0,703.0,702.0,702.0,300,0.0,0.0
2023-04-03 14:00:00+09:00,702.0,702.0,702.0,702.0,100,0.0,0.0
2023-04-04 09:00:00+09:00,702.0,702.0,700.0,702.0,1400,0.0,0.0
2023-04-04 10:00:00+09:00,705.0,706.0,702.0,702.0,400,0.0,0.0
2023-04-04 11:00:00+09:00,702.0,702.0,702.0,702.0,0,0.0,0.0
2023-04-04 12:00:00+09:00,702.0,702.0,702.0,702.0,2100,0.0,0.0
2023-04-05 09:00:00+09:00,702.0,704.0,702.0,704.0,300,0.0,0.0
2023-04-05 10:00:00+09:00,702.0,702.0,702.0,702.0,200,0.0,0.0
2023-04-05 11:00:00+09:00,703.0,703.0,703.0,703.0,0,0.0,0.0
2023-04-05 12:00:00+09:00,702.0,704.0,702.0,702.0,1100,0.0,0.0
2023-04-05 14:00:00+09:00,703.0,703.0,702.0,702.0,200,0.0,0.0
2023-04-06 09:00:00+09:00,703.0,703.0,703.0,703.0,200,0.0,0.0
2023-04-06 10:00:00+09:00,703.0,703.0,703.0,703.0,200,0.0,0.0
2023-04-06 11:00:00+09:00,702.0,702.0,700.0,700.0,0,0.0,0.0
2023-04-07 09:00:00+09:00,701.0,701.0,701.0,701.0,300,0.0,0.0
2023-04-07 10:00:00+09:00,701.0,701.0,700.0,700.0,900,0.0,0.0
2023-04-07 11:00:00+09:00,700.0,700.0,700.0,700.0,0,0.0,0.0
2023-04-07 12:00:00+09:00,702.0,702.0,702.0,702.0,1300,0.0,0.0
2023-04-07 13:00:00+09:00,702.0,702.0,702.0,702.0,400,0.0,0.0
2023-04-07 14:00:00+09:00,702.0,704.0,701.0,704.0,400,0.0,0.0
2023-04-10 09:00:00+09:00,704.0,704.0,703.0,703.0,0,0.0,0.0
2023-04-10 11:00:00+09:00,703.0,703.0,703.0,703.0,0,0.0,0.0
2023-04-10 12:00:00+09:00,702.0,702.0,702.0,702.0,300,0.0,0.0
2023-04-10 13:00:00+09:00,702.0,702.0,702.0,702.0,100,0.0,0.0
2023-04-11 09:00:00+09:00,702.0,704.0,702.0,702.0,0,0.0,0.0
2023-04-11 11:00:00+09:00,702.0,702.0,702.0,702.0,0,0.0,0.0
2023-04-11 12:00:00+09:00,702.0,702.0,702.0,702.0,1200,0.0,0.0
2023-04-11 13:00:00+09:00,703.0,703.0,702.0,702.0,400,0.0,0.0
2023-04-11 14:00:00+09:00,703.0,705.0,702.0,702.0,1900,0.0,0.0
2023-04-12 09:00:00+09:00,704.0,707.0,703.0,706.0,200,0.0,0.0
2023-04-12 10:00:00+09:00,706.0,706.0,704.0,704.0,500,0.0,0.0
2023-04-12 11:00:00+09:00,704.0,704.0,704.0,704.0,0,0.0,0.0
2023-04-12 14:00:00+09:00,706.0,707.0,706.0,707.0,4700,0.0,0.0
2023-04-13 09:00:00+09:00,707.0,708.0,707.0,707.0,600,0.0,0.0
2023-04-13 10:00:00+09:00,708.0,708.0,708.0,708.0,200,0.0,0.0
2023-04-13 11:00:00+09:00,709.0,710.0,706.0,708.0,0,0.0,0.0
2023-04-13 12:00:00+09:00,714.0,716.0,711.0,715.0,17600,0.0,0.0
2023-04-13 13:00:00+09:00,717.0,719.0,707.0,715.0,6400,0.0,0.0
2023-04-13 14:00:00+09:00,715.0,723.0,709.0,723.0,3300,0.0,0.0
2023-04-14 09:00:00+09:00,727.0,727.0,706.0,709.0,0,0.0,0.0
2023-04-14 10:00:00+09:00,709.0,715.0,709.0,712.0,27400,0.0,0.0
2023-04-14 11:00:00+09:00,712.0,712.0,712.0,712.0,0,0.0,0.0
2023-04-14 12:00:00+09:00,712.0,719.0,712.0,719.0,28700,0.0,0.0
2023-04-14 13:00:00+09:00,718.0,720.0,710.0,715.0,1700,0.0,0.0
2023-04-14 14:00:00+09:00,715.0,721.0,713.0,721.0,7500,0.0,0.0
2023-04-17 09:00:00+09:00,723.0,723.0,713.0,715.0,4300,0.0,0.0
2023-04-17 10:00:00+09:00,715.0,715.0,715.0,715.0,600,0.0,0.0
2023-04-17 11:00:00+09:00,715.0,715.0,715.0,715.0,0,0.0,0.0
2023-04-17 12:00:00+09:00,715.0,715.0,715.0,715.0,5200,0.0,0.0
2023-04-17 13:00:00+09:00,715.0,717.0,715.0,717.0,600,0.0,0.0
2023-04-18 09:00:00+09:00,717.0,717.0,717.0,717.0,300,0.0,0.0
2023-04-18 10:00:00+09:00,718.0,718.0,717.0,717.0,200,0.0,0.0
2023-04-18 11:00:00+09:00,719.0,719.0,719.0,719.0,0,0.0,0.0
2023-04-18 12:00:00+09:00,719.0,719.0,717.0,717.0,1200,0.0,0.0
2023-04-18 13:00:00+09:00,717.0,717.0,716.0,717.0,500,0.0,0.0
2023-04-18 14:00:00+09:00,717.0,718.0,716.0,718.0,500,0.0,0.0
2023-04-19 09:00:00+09:00,717.0,718.0,714.0,714.0,1700,0.0,0.0
2023-04-19 10:00:00+09:00,715.0,715.0,715.0,715.0,100,0.0,0.0
2023-04-19 11:00:00+09:00,715.0,715.0,712.0,714.0,0,0.0,0.0
2023-04-19 13:00:00+09:00,717.0,717.0,717.0,717.0,2500,0.0,0.0
2023-04-19 14:00:00+09:00,717.0,717.0,713.0,713.0,600,0.0,0.0
2023-04-20 09:00:00+09:00,713.0,716.0,713.0,716.0,600,0.0,0.0
2023-04-20 10:00:00+09:00,714.0,714.0,701.0,707.0,2500,0.0,0.0
2023-04-20 11:00:00+09:00,707.0,707.0,707.0,707.0,0,0.0,0.0
2023-04-20 13:00:00+09:00,710.0,710.0,710.0,710.0,3500,0.0,0.0
2023-04-20 14:00:00+09:00,713.0,713.0,701.0,708.0,3300,0.0,0.0
2023-04-21 09:00:00+09:00,708.0,714.0,708.0,714.0,0,0.0,0.0
2023-04-21 11:00:00+09:00,708.0,708.0,708.0,708.0,0,0.0,0.0
2023-04-21 14:00:00+09:00,712.0,712.0,712.0,712.0,1600,0.0,0.0
2023-04-24 09:00:00+09:00,711.0,712.0,711.0,712.0,200,0.0,0.0
2023-04-24 10:00:00+09:00,710.0,710.0,710.0,710.0,200,0.0,0.0
2023-04-24 11:00:00+09:00,710.0,710.0,710.0,710.0,0,0.0,0.0
2023-04-24 12:00:00+09:00,712.0,712.0,712.0,712.0,800,0.0,0.0
2023-04-24 13:00:00+09:00,713.0,713.0,712.0,712.0,800,0.0,0.0
2023-04-24 14:00:00+09:00,711.0,711.0,711.0,711.0,100,0.0,0.0
2023-04-25 09:00:00+09:00,713.0,714.0,713.0,713.0,0,0.0,0.0
2023-04-25 11:00:00+09:00,715.0,715.0,713.0,713.0,0,0.0,0.0
2023-04-25 12:00:00+09:00,713.0,714.0,713.0,713.0,2100,0.0,0.0
2023-04-25 13:00:00+09:00,713.0,713.0,713.0,713.0,100,0.0,0.0
2023-04-25 14:00:00+09:00,714.0,717.0,714.0,717.0,400,0.0,0.0
2023-04-26 09:00:00+09:00,713.0,713.0,713.0,713.0,100,0.0,0.0
2023-04-26 10:00:00+09:00,715.0,717.0,715.0,717.0,200,0.0,0.0
2023-04-26 11:00:00+09:00,716.0,716.0,716.0,716.0,0,0.0,0.0
2023-04-26 12:00:00+09:00,717.0,718.0,717.0,718.0,700,0.0,0.0
2023-04-26 13:00:00+09:00,719.0,719.0,717.0,717.0,500,0.0,0.0
2023-04-26 14:00:00+09:00,719.0,720.0,717.0,717.0,1300,0.0,0.0
2023-04-27 09:00:00+09:00,711.0,711.0,711.0,711.0,100,0.0,0.0
2023-04-27 10:00:00+09:00,714.0,716.0,714.0,716.0,200,0.0,0.0
2023-04-27 11:00:00+09:00,716.0,718.0,716.0,718.0,0,0.0,0.0
2023-04-27 12:00:00+09:00,733.0,733.0,709.0,717.0,16500,0.0,0.0
2023-04-27 13:00:00+09:00,715.0,718.0,715.0,717.0,2100,0.0,0.0
2023-04-27 14:00:00+09:00,717.0,722.0,716.0,717.0,4500,0.0,0.0
2023-04-28 09:00:00+09:00,719.0,724.0,717.0,720.0,2600,0.0,0.0
2023-04-28 11:00:00+09:00,721.0,721.0,721.0,721.0,0,0.0,0.0
2023-04-28 12:00:00+09:00,716.0,718.0,716.0,718.0,4500,0.0,0.0
2023-04-28 13:00:00+09:00,723.0,723.0,722.0,722.0,200,0.0,0.0
2023-04-28 14:00:00+09:00,723.0,724.0,722.0,722.0,400,0.0,0.0
2023-05-01 09:00:00+09:00,722.0,722.0,720.0,720.0,600,0.0,0.0
2023-05-01 10:00:00+09:00,721.0,726.0,721.0,722.0,500,0.0,0.0
2023-05-01 11:00:00+09:00,721.0,721.0,721.0,721.0,0,0.0,0.0
2023-05-01 13:00:00+09:00,723.0,723.0,723.0,723.0,1400,0.0,0.0
2023-05-01 14:00:00+09:00,723.0,723.0,718.0,718.0,1200,0.0,0.0
2023-05-02 09:00:00+09:00,724.0,728.0,723.0,727.0,2100,0.0,0.0
2023-05-02 10:00:00+09:00,726.0,726.0,725.0,725.0,200,0.0,0.0
2023-05-02 11:00:00+09:00,726.0,727.0,725.0,727.0,0,0.0,0.0
2023-05-02 12:00:00+09:00,728.0,732.0,727.0,730.0,7100,0.0,0.0
2023-05-02 13:00:00+09:00,730.0,730.0,728.0,729.0,900,0.0,0.0
2023-05-02 14:00:00+09:00,729.0,732.0,728.0,732.0,1600,0.0,0.0
2023-05-08 09:00:00+09:00,733.0,733.0,722.0,727.0,6800,0.0,0.0
2023-05-08 10:00:00+09:00,726.0,729.0,724.0,724.0,0,0.0,0.0
2023-05-08 11:00:00+09:00,725.0,725.0,725.0,725.0,0,0.0,0.0
2023-05-08 12:00:00+09:00,729.0,729.0,729.0,729.0,8700,0.0,0.0
2023-05-08 13:00:00+09:00,731.0,732.0,730.0,730.0,3700,0.0,0.0
2023-05-08 14:00:00+09:00,731.0,737.0,731.0,732.0,7100,0.0,0.0
2023-05-09 09:00:00+09:00,737.0,737.0,729.0,733.0,4800,0.0,0.0
2023-05-09 10:00:00+09:00,734.0,734.0,730.0,731.0,1700,0.0,0.0
2023-05-09 11:00:00+09:00,731.0,731.0,731.0,731.0,0,0.0,0.0
2023-05-09 12:00:00+09:00,732.0,735.0,732.0,733.0,7300,0.0,0.0
2023-05-09 13:00:00+09:00,733.0,734.0,733.0,734.0,600,0.0,0.0
2023-05-09 14:00:00+09:00,734.0,737.0,734.0,734.0,700,0.0,0.0
2023-05-10 09:00:00+09:00,738.0,738.0,729.0,730.0,2000,0.0,0.0
2023-05-10 10:00:00+09:00,730.0,730.0,722.0,727.0,1700,0.0,0.0
2023-05-10 11:00:00+09:00,727.0,729.0,722.0,722.0,0,0.0,0.0
2023-05-10 13:00:00+09:00,728.0,728.0,728.0,728.0,4600,0.0,0.0
2023-05-11 09:00:00+09:00,728.0,728.0,725.0,728.0,700,0.0,0.0
2023-05-11 10:00:00+09:00,730.0,732.0,729.0,730.0,900,0.0,0.0
2023-05-11 11:00:00+09:00,730.0,730.0,730.0,730.0,0,0.0,0.0
2023-05-11 12:00:00+09:00,730.0,730.0,727.0,727.0,2200,0.0,0.0
2023-05-11 13:00:00+09:00,727.0,727.0,727.0,727.0,100,0.0,0.0
2023-05-11 14:00:00+09:00,729.0,729.0,728.0,728.0,200,0.0,0.0
2023-05-12 09:00:00+09:00,730.0,732.0,728.0,728.0,2100,0.0,0.0
2023-05-12 10:00:00+09:00,728.0,728.0,728.0,728.0,100,0.0,0.0
2023-05-12 11:00:00+09:00,728.0,728.0,728.0,728.0,0,0.0,0.0
2023-05-12 12:00:00+09:00,728.0,730.0,728.0,729.0,3400,0.0,0.0
2023-05-12 13:00:00+09:00,730.0,731.0,730.0,731.0,300,0.0,0.0
2023-05-12 14:00:00+09:00,731.0,731.0,728.0,728.0,500,0.0,0.0
2023-05-15 09:00:00+09:00,728.0,732.0,728.0,728.0,0,0.0,0.0
2023-05-15 11:00:00+09:00,728.0,728.0,728.0,728.0,0,0.0,0.0
2023-05-15 12:00:00+09:00,728.0,729.0,728.0,729.0,3800,0.0,0.0
2023-05-15 13:00:00+09:00,730.0,730.0,729.0,729.0,200,0.0,0.0
2023-05-15 14:00:00+09:00,730.0,730.0,728.0,728.0,300,0.0,0.0
2023-05-16 09:00:00+09:00,726.0,728.0,726.0,728.0,600,0.0,0.0
2023-05-16 10:00:00+09:00,728.0,728.0,726.0,726.0,400,0.0,0.0
2023-05-16 11:00:00+09:00,725.0,727.0,725.0,727.0,0,0.0,0.0
2023-05-16 12:00:00+09:00,728.0,728.0,728.0,728.0,1300,0.0,0.0
2023-05-16 13:00:00+09:00,728.0,728.0,725.0,725.0,2900,0.0,0.0
2023-05-16 14:00:00+09:00,725.0,725.0,724.0,725.0,1600,0.0,0.0
2023-05-17 09:00:00+09:00,725.0,725.0,725.0,725.0,300,0.0,0.0
2023-05-17 10:00:00+09:00,726.0,732.0,725.0,725.0,900,0.0,0.0
2023-05-17 11:00:00+09:00,725.0,725.0,725.0,725.0,0,0.0,0.0
2023-05-17 12:00:00+09:00,730.0,730.0,724.0,725.0,1500,0.0,0.0
2023-05-17 14:00:00+09:00,726.0,726.0,725.0,725.0,200,0.0,0.0
2023-05-18 09:00:00+09:00,724.0,724.0,716.0,719.0,3400,0.0,0.0
2023-05-18 10:00:00+09:00,721.0,721.0,719.0,721.0,600,0.0,0.0
2023-05-18 11:00:00+09:00,719.0,719.0,715.0,716.0,0,0.0,0.0
2023-05-18 12:00:00+09:00,716.0,719.0,716.0,719.0,7700,0.0,0.0
2023-05-18 13:00:00+09:00,720.0,721.0,719.0,721.0,700,0.0,0.0
2023-05-18 14:00:00+09:00,722.0,722.0,722.0,722.0,100,0.0,0.0
2023-05-19 09:00:00+09:00,721.0,721.0,720.0,721.0,500,0.0,0.0
2023-05-19 10:00:00+09:00,721.0,722.0,719.0,719.0,700,0.0,0.0
2023-05-19 11:00:00+09:00,719.0,719.0,719.0,719.0,0,0.0,0.0
2023-05-19 12:00:00+09:00,719.0,721.0,718.0,721.0,1700,0.0,0.0
2023-05-19 13:00:00+09:00,720.0,720.0,717.0,717.0,400,0.0,0.0
2023-05-19 14:00:00+09:00,719.0,719.0,719.0,719.0,100,0.0,0.0
2023-05-22 09:00:00+09:00,719.0,722.0,719.0,719.0,4100,0.0,0.0
2023-05-22 11:00:00+09:00,720.0,720.0,720.0,720.0,0,0.0,0.0
2023-05-22 12:00:00+09:00,719.0,719.0,718.0,719.0,6100,0.0,0.0
2023-05-23 09:00:00+09:00,722.0,726.0,719.0,719.0,1700,0.0,0.0
2023-05-23 10:00:00+09:00,720.0,720.0,720.0,720.0,100,0.0,0.0
2023-05-23 11:00:00+09:00,721.0,721.0,720.0,721.0,0,0.0,0.0
2023-05-23 12:00:00+09:00,724.0,724.0,724.0,724.0,2300,0.0,0.0
2023-05-23 13:00:00+09:00,723.0,723.0,721.0,721.0,400,0.0,0.0
2023-05-24 09:00:00+09:00,725.0,725.0,721.0,722.0,1200,0.0,0.0
2023-05-24 11:00:00+09:00,722.0,723.0,721.0,723.0,0,0.0,0.0
2023-05-24 12:00:00+09:00,721.0,721.0,721.0,721.0,2700,0.0,0.0
2023-05-25 09:00:00+09:00,719.0,719.0,719.0,719.0,100,0.0,0.0
2023-05-25 10:00:00+09:00,719.0,719.0,717.0,717.0,700,0.0,0.0
2023-05-25 11:00:00+09:00,717.0,717.0,717.0,717.0,0,0.0,0.0
2023-05-25 12:00:00+09:00,717.0,719.0,717.0,719.0,1200,0.0,0.0
2023-05-26 09:00:00+09:00,718.0,719.0,718.0,719.0,1100,0.0,0.0
2023-05-26 11:00:00+09:00,719.0,719.0,719.0,719.0,0,0.0,0.0
2023-05-26 12:00:00+09:00,722.0,722.0,722.0,722.0,1300,0.0,0.0
2023-05-26 14:00:00+09:00,722.0,722.0,721.0,721.0,800,0.0,0.0
2023-05-29 09:00:00+09:00,721.0,725.0,721.0,725.0,0,0.0,0.0
2023-05-29 10:00:00+09:00,725.0,725.0,722.0,722.0,800,0.0,0.0
2023-05-29 11:00:00+09:00,722.0,722.0,722.0,722.0,0,0.0,0.0
2023-05-29 12:00:00+09:00,721.0,722.0,720.0,721.0,5500,0.0,0.0
2023-05-29 13:00:00+09:00,723.0,723.0,722.0,722.0,300,0.0,0.0
2023-05-29 14:00:00+09:00,722.0,723.0,721.0,723.0,300,0.0,0.0
2023-05-30 10:00:00+09:00,720.0,720.0,720.0,720.0,200,0.0,0.0
2023-05-30 11:00:00+09:00,720.0,720.0,720.0,720.0,0,0.0,0.0
2023-05-30 12:00:00+09:00,720.0,720.0,720.0,720.0,300,0.0,0.0
2023-05-30 13:00:00+09:00,722.0,722.0,722.0,722.0,100,0.0,0.0
2023-05-30 14:00:00+09:00,722.0,722.0,721.0,721.0,200,0.0,0.0
2023-05-31 09:00:00+09:00,721.0,723.0,721.0,722.0,500,0.0,0.0
2023-05-31 11:00:00+09:00,722.0,722.0,722.0,722.0,0,0.0,0.0
2023-05-31 12:00:00+09:00,722.0,722.0,720.0,721.0,1200,0.0,0.0
2023-05-31 14:00:00+09:00,723.0,724.0,722.0,722.0,400,0.0,0.0
2023-06-01 09:00:00+09:00,722.0,722.0,722.0,722.0,0,0.0,0.0
2023-06-01 11:00:00+09:00,722.0,722.0,722.0,722.0,0,0.0,0.0
2023-06-01 12:00:00+09:00,723.0,723.0,723.0,723.0,300,0.0,0.0
2023-06-01 14:00:00+09:00,725.0,725.0,723.0,724.0,800,0.0,0.0
2023-06-02 09:00:00+09:00,724.0,724.0,724.0,724.0,600,0.0,0.0
2023-06-02 11:00:00+09:00,726.0,726.0,726.0,726.0,0,0.0,0.0
2023-06-02 12:00:00+09:00,726.0,726.0,725.0,725.0,1100,0.0,0.0
2023-06-02 13:00:00+09:00,727.0,727.0,726.0,726.0,1100,0.0,0.0
2023-06-02 14:00:00+09:00,727.0,727.0,725.0,725.0,1000,0.0,0.0
2023-06-05 09:00:00+09:00,725.0,729.0,724.0,724.0,3100,0.0,0.0
2023-06-05 10:00:00+09:00,725.0,725.0,725.0,725.0,100,0.0,0.0
2023-06-05 11:00:00+09:00,726.0,726.0,726.0,726.0,0,0.0,0.0
2023-06-05 12:00:00+09:00,726.0,726.0,725.0,725.0,3500,0.0,0.0
2023-06-05 13:00:00+09:00,726.0,726.0,724.0,725.0,1100,0.0,0.0
2023-06-05 14:00:00+09:00,726.0,727.0,726.0,726.0,600,0.0,0.0
2023-06-06 09:00:00+09:00,722.0,724.0,722.0,724.0,800,0.0,0.0
2023-06-06 10:00:00+09:00,723.0,723.0,722.0,722.0,400,0.0,0.0
2023-06-06 11:00:00+09:00,723.0,725.0,723.0,725.0,0,0.0,0.0
2023-06-06 12:00:00+09:00,725.0,725.0,725.0,725.0,1700,0.0,0.0
2023-06-06 13:00:00+09:00,726.0,726.0,726.0,726.0,1000,0.0,0.0
2023-06-07 09:00:00+09:00,726.0,726.0,726.0,726.0,200,0.0,0.0
2023-06-07 11:00:00+09:00,726.0,726.0,726.0,726.0,0,0.0,0.0
2023-06-07 12:00:00+09:00,726.0,726.0,726.0,726.0,1100,0.0,0.0
2023-06-07 14:00:00+09:00,727.0,727.0,724.0,724.0,1400,0.0,0.0
2023-06-08 09:00:00+09:00,724.0,725.0,724.0,725.0,300,0.0,0.0
2023-06-08 10:00:00+09:00,725.0,726.0,724.0,724.0,1300,0.0,0.0
2023-06-08 11:00:00+09:00,724.0,724.0,724.0,724.0,0,0.0,0.0
2023-06-08 13:00:00+09:00,728.0,728.0,728.0,728.0,1700,0.0,0.0
2023-06-08 14:00:00+09:00,727.0,727.0,725.0,725.0,400,0.0,0.0
2023-06-09 09:00:00+09:00,725.0,725.0,724.0,724.0,1100,0.0,0.0
2023-06-09 10:00:00+09:00,725.0,727.0,725.0,725.0,700,0.0,0.0
2023-06-09 11:00:00+09:00,725.0,725.0,725.0,725.0,0,0.0,0.0
2023-06-09 13:00:00+09:00,727.0,729.0,727.0,728.0,2800,0.0,0.0
2023-06-09 14:00:00+09:00,729.0,729.0,728.0,729.0,400,0.0,0.0
2023-06-12 09:00:00+09:00,728.0,728.0,726.0,726.0,500,0.0,0.0
2023-06-12 10:00:00+09:00,726.0,726.0,721.0,725.0,3000,0.0,0.0
2023-06-12 11:00:00+09:00,727.0,727.0,727.0,727.0,0,0.0,0.0
2023-06-12 12:00:00+09:00,727.0,727.0,727.0,727.0,3700,0.0,0.0
2023-06-12 13:00:00+09:00,727.0,727.0,722.0,725.0,3400,0.0,0.0
2023-06-12 14:00:00+09:00,726.0,728.0,725.0,725.0,1000,0.0,0.0
2023-06-13 09:00:00+09:00,726.0,726.0,726.0,726.0,300,0.0,0.0
2023-06-13 11:00:00+09:00,726.0,726.0,726.0,726.0,0,0.0,0.0
2023-06-13 12:00:00+09:00,726.0,726.0,725.0,725.0,1100,0.0,0.0
2023-06-13 13:00:00+09:00,726.0,728.0,726.0,728.0,800,0.0,0.0
2023-06-13 14:00:00+09:00,726.0,726.0,725.0,725.0,300,0.0,0.0
2023-06-14 09:00:00+09:00,726.0,726.0,726.0,726.0,200,0.0,0.0
2023-06-14 10:00:00+09:00,728.0,728.0,726.0,727.0,900,0.0,0.0
2023-06-14 11:00:00+09:00,728.0,728.0,726.0,726.0,0,0.0,0.0
2023-06-14 12:00:00+09:00,728.0,730.0,728.0,730.0,1800,0.0,0.0
2023-06-14 13:00:00+09:00,730.0,732.0,729.0,730.0,700,0.0,0.0
2023-06-14 14:00:00+09:00,730.0,731.0,728.0,728.0,1000,0.0,0.0
2023-06-15 09:00:00+09:00,728.0,728.0,728.0,728.0,2200,0.0,0.0
2023-06-15 10:00:00+09:00,729.0,731.0,728.0,731.0,400,0.0,0.0
2023-06-15 11:00:00+09:00,731.0,731.0,731.0,731.0,0,0.0,0.0
2023-06-15 14:00:00+09:00,729.0,729.0,727.0,728.0,3300,0.0,0.0
2023-06-16 09:00:00+09:00,728.0,729.0,728.0,728.0,500,0.0,0.0
2023-06-16 10:00:00+09:00,729.0,729.0,729.0,729.0,200,0.0,0.0
2023-06-16 11:00:00+09:00,729.0,729.0,729.0,729.0,0,0.0,0.0
2023-06-16 13:00:00+09:00,729.0,729.0,728.0,728.0,1100,0.0,0.0
2023-06-16 14:00:00+09:00,730.0,730.0,730.0,730.0,100,0.0,0.0
2023-06-19 09:00:00+09:00,730.0,731.0,729.0,730.0,2500,0.0,0.0
2023-06-19 11:00:00+09:00,731.0,731.0,730.0,730.0,0,0.0,0.0
2023-06-19 12:00:00+09:00,730.0,730.0,730.0,730.0,4200,0.0,0.0
2023-06-19 14:00:00+09:00,728.0,728.0,728.0,728.0,200,0.0,0.0
2023-06-20 09:00:00+09:00,732.0,732.0,728.0,728.0,1200,0.0,0.0
2023-06-20 10:00:00+09:00,728.0,730.0,728.0,729.0,300,0.0,0.0
2023-06-20 11:00:00+09:00,729.0,729.0,729.0,729.0,0,0.0,0.0
2023-06-20 12:00:00+09:00,730.0,730.0,730.0,730.0,1600,0.0,0.0
2023-06-20 13:00:00+09:00,729.0,729.0,729.0,729.0,200,0.0,0.0
2023-06-21 09:00:00+09:00,729.0,729.0,729.0,729.0,300,0.0,0.0
2023-06-21 10:00:00+09:00,729.0,729.0,729.0,729.0,100,0.0,0.0
2023-06-21 11:00:00+09:00,728.0,730.0,728.0,729.0,0,0.0,0.0
2023-06-21 12:00:00+09:00,731.0,731.0,731.0,731.0,1300,0.0,0.0
2023-06-21 14:00:00+09:00,730.0,730.0,729.0,729.0,300,0.0,0.0
2023-06-22 09:00:00+09:00,735.0,735.0,728.0,729.0,4500,0.0,0.0
2023-06-22 11:00:00+09:00,729.0,729.0,729.0,729.0,0,0.0,0.0
2023-06-22 12:00:00+09:00,731.0,731.0,730.0,730.0,5100,0.0,0.0
2023-06-22 14:00:00+09:00,731.0,731.0,731.0,731.0,100,0.0,0.0
2023-06-23 09:00:00+09:00,730.0,730.0,730.0,730.0,100,0.0,0.0
2023-06-23 11:00:00+09:00,730.0,730.0,730.0,730.0,0,0.0,0.0
2023-06-23 14:00:00+09:00,730.0,730.0,730.0,730.0,300,0.0,0.0
2023-06-26 09:00:00+09:00,728.0,728.0,728.0,728.0,100,0.0,0.0
2023-06-26 11:00:00+09:00,728.0,728.0,728.0,728.0,0,0.0,0.0
2023-06-26 12:00:00+09:00,730.0,730.0,730.0,730.0,600,0.0,0.0
2023-06-26 13:00:00+09:00,730.0,730.0,730.0,730.0,100,0.0,0.0
2023-06-26 14:00:00+09:00,730.0,730.0,729.0,730.0,1600,0.0,0.0
2023-06-27 09:00:00+09:00,729.0,730.0,729.0,730.0,500,0.0,0.0
2023-06-27 10:00:00+09:00,730.0,730.0,730.0,730.0,100,0.0,0.0
2023-06-27 11:00:00+09:00,730.0,730.0,730.0,730.0,0,0.0,0.0
2023-06-27 12:00:00+09:00,730.0,731.0,730.0,730.0,1500,0.0,0.0
2023-06-28 09:00:00+09:00,731.0,731.0,731.0,731.0,200,0.0,0.0
2023-06-28 10:00:00+09:00,733.0,733.0,733.0,733.0,100,0.0,0.0
2023-06-28 11:00:00+09:00,733.0,733.0,733.0,733.0,0,0.0,0.0
2023-06-28 12:00:00+09:00,734.0,734.0,734.0,734.0,800,0.0,0.0
2023-06-28 13:00:00+09:00,732.0,732.0,732.0,732.0,300,0.0,0.0
2023-06-28 14:00:00+09:00,733.0,734.0,733.0,734.0,0,0.0,0.0
2023-06-29 09:00:00+09:00,733.0,734.0,731.0,733.0,1500,0.0,0.0
2023-06-29 10:00:00+09:00,732.0,732.0,728.0,729.0,2300,0.0,0.0
2023-06-29 11:00:00+09:00,729.0,729.0,729.0,729.0,0,0.0,0.0
2023-06-29 13:00:00+09:00,733.0,733.0,733.0,733.0,3900,0.0,0.0
2023-06-29 14:00:00+09:00,732.0,732.0,731.0,731.0,600,0.0,0.0
2023-06-30 09:00:00+09:00,732.0,732.0,732.0,732.0,200,0.0,0.0
2023-06-30 11:00:00+09:00,734.0,734.0,734.0,734.0,0,0.0,0.0
2023-06-30 12:00:00+09:00,735.0,735.0,733.0,733.0,500,0.0,0.0
2023-06-30 14:00:00+09:00,734.0,734.0,734.0,734.0,200,0.0,0.0
2023-07-03 09:00:00+09:00,738.0,738.0,735.0,735.0,1500,0.0,0.0
2023-07-03 10:00:00+09:00,736.0,736.0,736.0,736.0,0,0.0,0.0
2023-07-03 11:00:00+09:00,737.0,737.0,737.0,737.0,0,0.0,0.0
2023-07-03 13:00:00+09:00,737.0,737.0,737.0,737.0,2000,0.0,0.0
2023-07-03 14:00:00+09:00,737.0,738.0,737.0,738.0,200,0.0,0.0
2023-07-04 09:00:00+09:00,740.0,741.0,738.0,739.0,2300,0.0,0.0
2023-07-04 10:00:00+09:00,740.0,740.0,738.0,738.0,200,0.0,0.0
2023-07-04 11:00:00+09:00,739.0,741.0,739.0,741.0,0,0.0,0.0
2023-07-04 12:00:00+09:00,740.0,740.0,740.0,740.0,2800,0.0,0.0
2023-07-04 14:00:00+09:00,742.0,742.0,741.0,741.0,400,0.0,0.0
2023-07-05 09:00:00+09:00,743.0,748.0,735.0,737.0,6600,0.0,0.0
2023-07-05 10:00:00+09:00,739.0,741.0,738.0,739.0,1700,0.0,0.0
2023-07-05 11:00:00+09:00,742.0,745.0,741.0,741.0,0,0.0,0.0
2023-07-05 12:00:00+09:00,741.0,741.0,741.0,741.0,9300,0.0,0.0
2023-07-06 09:00:00+09:00,741.0,746.0,741.0,745.0,1700,0.0,0.0
2023-07-06 10:00:00+09:00,746.0,746.0,740.0,740.0,1100,0.0,0.0
2023-07-06 11:00:00+09:00,740.0,740.0,740.0,740.0,0,0.0,0.0
2023-07-06 12:00:00+09:00,741.0,742.0,741.0,741.0,5800,0.0,0.0
2023-07-06 13:00:00+09:00,742.0,743.0,741.0,741.0,500,0.0,0.0
2023-07-06 14:00:00+09:00,746.0,746.0,742.0,742.0,600,0.0,0.0
2023-07-07 09:00:00+09:00,747.0,747.0,744.0,744.0,1300,0.0,0.0
2023-07-07 10:00:00+09:00,746.0,746.0,744.0,744.0,400,0.0,0.0
2023-07-07 11:00:00+09:00,744.0,744.0,744.0,744.0,0,0.0,0.0
2023-07-07 12:00:00+09:00,747.0,747.0,744.0,744.0,2100,0.0,0.0
2023-07-07 14:00:00+09:00,747.0,747.0,745.0,745.0,400,0.0,0.0
2023-07-10 09:00:00+09:00,749.0,754.0,749.0,751.0,3200,0.0,0.0
2023-07-10 10:00:00+09:00,755.0,759.0,753.0,759.0,1600,0.0,0.0
2023-07-10 11:00:00+09:00,759.0,759.0,757.0,757.0,0,0.0,0.0
2023-07-10 12:00:00+09:00,757.0,758.0,756.0,757.0,6100,0.0,0.0
2023-07-10 13:00:00+09:00,758.0,758.0,756.0,756.0,800,0.0,0.0
2023-07-10 14:00:00+09:00,758.0,759.0,758.0,758.0,600,0.0,0.0
2023-07-11 09:00:00+09:00,761.0,773.0,761.0,768.0,4500,0.0,0.0
2023-07-11 10:00:00+09:00,768.0,770.0,765.0,770.0,1800,0.0,0.0
2023-07-11 11:00:00+09:00,770.0,770.0,770.0,770.0,0,0.0,0.0
2023-07-11 12:00:00+09:00,768.0,768.0,766.0,766.0,7200,0.0,0.0
2023-07-11 13:00:00+09:00,766.0,767.0,765.0,767.0,500,0.0,0.0
2023-07-11 14:00:00+09:00,768.0,770.0,766.0,770.0,1100,0.0,0.0
2023-07-12 09:00:00+09:00,772.0,778.0,772.0,776.0,1500,0.0,0.0
2023-07-12 10:00:00+09:00,777.0,780.0,775.0,778.0,3400,0.0,0.0
2023-07-12 11:00:00+09:00,778.0,778.0,778.0,778.0,0,0.0,0.0
2023-07-12 12:00:00+09:00,780.0,780.0,779.0,779.0,5100,0.0,0.0
2023-07-12 13:00:00+09:00,778.0,780.0,778.0,780.0,1300,0.0,0.0
2023-07-12 14:00:00+09:00,779.0,784.0,779.0,780.0,2200,0.0,0.0
2023-07-13 09:00:00+09:00,787.0,790.0,784.0,786.0,4500,0.0,0.0
2023-07-13 10:00:00+09:00,786.0,788.0,785.0,787.0,1000,0.0,0.0
2023-07-13 11:00:00+09:00,786.0,786.0,779.0,785.0,0,0.0,0.0
2023-07-13 12:00:00+09:00,785.0,787.0,784.0,787.0,7700,0.0,0.0
2023-07-13 13:00:00+09:00,788.0,788.0,788.0,788.0,200,0.0,0.0
2023-07-13 14:00:00+09:00,788.0,790.0,788.0,788.0,1300,0.0,0.0
2023-07-14 09:00:00+09:00,788.0,788.0,783.0,783.0,2100,0.0,0.0
2023-07-14 10:00:00+09:00,783.0,783.0,783.0,783.0,200,0.0,0.0
2023-07-14 11:00:00+09:00,783.0,783.0,781.0,783.0,0,0.0,0.0
2023-07-14 12:00:00+09:00,781.0,782.0,780.0,782.0,4700,0.0,0.0
2023-07-14 13:00:00+09:00,783.0,786.0,783.0,786.0,1600,0.0,0.0
2023-07-14 14:00:00+09:00,787.0,788.0,785.0,787.0,2400,0.0,0.0
2023-07-18 09:00:00+09:00,786.0,786.0,783.0,783.0,10600,0.0,0.0
2023-07-18 10:00:00+09:00,784.0,784.0,784.0,784.0,1100,0.0,0.0
2023-07-18 11:00:00+09:00,784.0,784.0,784.0,784.0,0,0.0,0.0
2023-07-18 12:00:00+09:00,784.0,784.0,783.0,783.0,12200,0.0,0.0
2023-07-18 13:00:00+09:00,783.0,784.0,781.0,783.0,2000,0.0,0.0
2023-07-18 14:00:00+09:00,784.0,786.0,784.0,785.0,2100,0.0,0.0
2023-07-19 09:00:00+09:00,785.0,785.0,783.0,785.0,2500,0.0,0.0
2023-07-19 10:00:00+09:00,785.0,786.0,785.0,786.0,1000,0.0,0.0
2023-07-19 11:00:00+09:00,786.0,786.0,786.0,786.0,0,0.0,0.0
2023-07-19 12:00:00+09:00,785.0,785.0,785.0,785.0,3600,0.0,0.0
2023-07-19 13:00:00+09:00,786.0,786.0,785.0,785.0,2600,0.0,0.0
2023-07-19 14:00:00+09:00,786.0,788.0,786.0,787.0,1400,0.0,0.0
2023-07-20 09:00:00+09:00,787.0,787.0,787.0,787.0,500,0.0,0.0
2023-07-20 10:00:00+09:00,788.0,788.0,787.0,788.0,700,0.0,0.0
2023-07-20 11:00:00+09:00,789.0,790.0,788.0,788.0,0,0.0,0.0
2023-07-20 12:00:00+09:00,789.0,789.0,789.0,789.0,2200,0.0,0.0
2023-07-20 13:00:00+09:00,789.0,790.0,788.0,789.0,2000,0.0,0.0
2023-07-20 14:00:00+09:00,788.0,788.0,782.0,787.0,0,0.0,0.0
2023-07-21 09:00:00+09:00,787.0,789.0,787.0,788.0,600,0.0,0.0
2023-07-21 10:00:00+09:00,791.0,791.0,791.0,791.0,200,0.0,0.0
2023-07-21 11:00:00+09:00,792.0,792.0,791.0,791.0,0,0.0,0.0
2023-07-21 12:00:00+09:00,790.0,792.0,790.0,790.0,1500,0.0,0.0
2023-07-21 13:00:00+09:00,792.0,798.0,792.0,797.0,3200,0.0,0.0
2023-07-21 14:00:00+09:00,797.0,799.0,797.0,799.0,2700,0.0,0.0
2023-07-24 09:00:00+09:00,800.0,815.0,800.0,815.0,18800,0.0,0.0
2023-07-24 10:00:00+09:00,816.0,817.0,816.0,816.0,600,0.0,0.0
2023-07-24 11:00:00+09:00,818.0,820.0,818.0,819.0,0,0.0,0.0
2023-07-24 12:00:00+09:00,824.0,825.0,820.0,825.0,22300,0.0,0.0
2023-07-24 13:00:00+09:00,825.0,827.0,824.0,825.0,1400,0.0,0.0
2023-07-24 14:00:00+09:00,825.0,832.0,825.0,832.0,4000,0.0,0.0
2023-07-25 09:00:00+09:00,845.0,845.0,832.0,838.0,7700,0.0,0.0
2023-07-25 10:00:00+09:00,841.0,843.0,841.0,843.0,500,0.0,0.0
2023-07-25 11:00:00+09:00,842.0,844.0,841.0,844.0,0,0.0,0.0
2023-07-25 12:00:00+09:00,845.0,846.0,842.0,844.0,10400,0.0,0.0
2023-07-25 13:00:00+09:00,846.0,850.0,846.0,848.0,1900,0.0,0.0
2023-07-25 14:00:00+09:00,847.0,853.0,842.0,842.0,2500,0.0,0.0
2023-07-26 09:00:00+09:00,852.0,852.0,846.0,850.0,1200,0.0,0.0
2023-07-26 10:00:00+09:00,853.0,855.0,852.0,852.0,0,0.0,0.0
2023-07-26 11:00:00+09:00,852.0,852.0,852.0,852.0,0,0.0,0.0
2023-07-26 12:00:00+09:00,853.0,853.0,851.0,851.0,5000,0.0,0.0
2023-07-26 13:00:00+09:00,852.0,853.0,851.0,853.0,700,0.0,0.0
2023-07-26 14:00:00+09:00,853.0,855.0,852.0,855.0,800,0.0,0.0
2023-07-27 09:00:00+09:00,852.0,854.0,852.0,854.0,1000,0.0,0.0
2023-07-27 10:00:00+09:00,854.0,855.0,854.0,855.0,200,0.0,0.0
2023-07-27 11:00:00+09:00,854.0,854.0,854.0,854.0,0,0.0,0.0
2023-07-27 12:00:00+09:00,855.0,855.0,854.0,854.0,2700,0.0,0.0
2023-07-27 13:00:00+09:00,855.0,859.0,855.0,859.0,2500,0.0,0.0
2023-07-27 14:00:00+09:00,859.0,862.0,859.0,862.0,400,0.0,0.0
2023-07-28 09:00:00+09:00,866.0,866.0,858.0,863.0,1800,0.0,0.0
2023-07-28 10:00:00+09:00,865.0,866.0,865.0,866.0,600,0.0,0.0
2023-07-28 11:00:00+09:00,866.0,866.0,866.0,866.0,0,0.0,0.0
2023-07-28 12:00:00+09:00,866.0,869.0,866.0,869.0,2900,0.0,0.0
2023-07-28 13:00:00+09:00,867.0,867.0,867.0,867.0,300,0.0,0.0
2023-07-28 14:00:00+09:00,868.0,878.0,868.0,875.0,1900,0.0,0.0
2023-07-31 09:00:00+09:00,875.0,876.0,842.0,864.0,8800,0.0,0.0
2023-07-31 10:00:00+09:00,866.0,871.0,864.0,867.0,1900,0.0,0.0
2023-07-31 11:00:00+09:00,867.0,880.0,865.0,876.0,0,0.0,0.0
2023-07-31 12:00:00+09:00,879.0,879.0,874.0,875.0,14700,0.0,0.0
2023-07-31 13:00:00+09:00,875.0,875.0,868.0,868.0,700,0.0,0.0
2023-07-31 14:00:00+09:00,869.0,882.0,869.0,882.0,1300,0.0,0.0
2023-08-01 09:00:00+09:00,881.0,881.0,868.0,868.0,2100,0.0,0.0
2023-08-01 10:00:00+09:00,868.0,868.0,867.0,867.0,300,0.0,0.0
2023-08-01 11:00:00+09:00,867.0,868.0,867.0,868.0,0,0.0,0.0
2023-08-01 12:00:00+09:00,866.0,868.0,866.0,868.0,3400,0.0,0.0
2023-08-01 13:00:00+09:00,867.0,868.0,867.0,868.0,500,0.0,0.0
2023-08-01 14:00:00+09:00,868.0,868.0,867.0,868.0,600,0.0,0.0
2023-08-02 09:00:00+09:00,860.0,865.0,858.0,862.0,1700,0.0,0.0
2023-08-02 10:00:00+09:00,863.0,865.0,863.0,865.0,600,0.0,0.0
2023-08-02 11:00:00+09:00,867.0,869.0,865.0,865.0,0,0.0,0.0
2023-08-02 12:00:00+09:00,864.0,867.0,864.0,867.0,5200,0.0,0.0
2023-08-02 13:00:00+09:00,867.0,867.0,867.0,867.0,200,0.0,0.0
2023-08-02 14:00:00+09:00,867.0,869.0,867.0,869.0,200,0.0,0.0
2023-08-03 09:00:00+09:00,859.0,871.0,859.0,866.0,4500,0.0,0.0
2023-08-03 10:00:00+09:00,867.0,867.0,863.0,863.0,1700,0.0,0.0
2023-08-03 11:00:00+09:00,865.0,865.0,865.0,865.0,0,0.0,0.0
2023-08-03 12:00:00+09:00,863.0,863.0,863.0,863.0,6500,0.0,0.0
2023-08-03 13:00:00+09:00,864.0,865.0,864.0,865.0,900,0.0,0.0
2023-08-03 14:00:00+09:00,867.0,867.0,866.0,866.0,600,0.0,0.0
2023-08-04 09:00:00+09:00,869.0,871.0,866.0,869.0,6500,0.0,0.0
2023-08-04 10:00:00+09:00,869.0,871.0,869.0,871.0,1800,0.0,0.0
2023-08-04 11:00:00+09:00,871.0,871.0,869.0,870.0,0,0.0,0.0
2023-08-04 12:00:00+09:00,875.0,875.0,873.0,875.0,12500,0.0,0.0
2023-08-04 13:00:00+09:00,874.0,876.0,874.0,876.0,200,0.0,0.0
2023-08-04 14:00:00+09:00,877.0,878.0,874.0,876.0,800,0.0,0.0
2023-08-07 09:00:00+09:00,874.0,874.0,873.0,874.0,600,0.0,0.0
2023-08-07 11:00:00+09:00,878.0,879.0,876.0,876.0,0,0.0,0.0
2023-08-07 12:00:00+09:00,876.0,882.0,876.0,882.0,1800,0.0,0.0
2023-08-07 13:00:00+09:00,882.0,882.0,881.0,881.0,400,0.0,0.0
2023-08-07 14:00:00+09:00,881.0,882.0,879.0,881.0,0,0.0,0.0
2023-08-08 09:00:00+09:00,887.0,887.0,886.0,887.0,1500,0.0,0.0
2023-08-08 10:00:00+09:00,888.0,888.0,886.0,886.0,700,0.0,0.0
2023-08-08 11:00:00+09:00,886.0,886.0,886.0,886.0,0,0.0,0.0
2023-08-08 12:00:00+09:00,887.0,890.0,885.0,889.0,9800,0.0,0.0
2023-08-08 13:00:00+09:00,888.0,888.0,885.0,887.0,1300,0.0,0.0
2023-08-08 14:00:00+09:00,889.0,889.0,887.0,887.0,200,0.0,0.0
2023-08-09 09:00:00+09:00,890.0,893.0,889.0,889.0,2300,0.0,0.0
2023-08-09 10:00:00+09:00,891.0,894.0,891.0,894.0,500,0.0,0.0
2023-08-09 11:00:00+09:00,893.0,893.0,892.0,892.0,0,0.0,0.0
2023-08-09 12:00:00+09:00,894.0,894.0,894.0,894.0,3700,0.0,0.0
2023-08-09 13:00:00+09:00,894.0,894.0,892.0,893.0,1300,0.0,0.0
2023-08-09 14:00:00+09:00,893.0,895.0,893.0,895.0,800,0.0,0.0
2023-08-10 09:00:00+09:00,894.0,895.0,893.0,893.0,2100,0.0,0.0
2023-08-10 10:00:00+09:00,894.0,894.0,894.0,894.0,500,0.0,0.0
2023-08-10 11:00:00+09:00,894.0,894.0,894.0,894.0,0,0.0,0.0
2023-08-10 13:00:00+09:00,894.0,895.0,893.0,894.0,3500,0.0,0.0
2023-08-10 14:00:00+09:00,895.0,895.0,895.0,895.0,100,0.0,0.0
2023-08-14 09:00:00+09:00,895.0,895.0,892.0,895.0,0,0.0,0.0
2023-08-14 10:00:00+09:00,893.0,893.0,892.0,892.0,2700,0.0,0.0
2023-08-14 11:00:00+09:00,892.0,892.0,890.0,890.0,0,0.0,0.0
2023-08-14 12:00:00+09:00,895.0,895.0,891.0,891.0,4400,0.0,0.0
2023-08-14 13:00:00+09:00,893.0,894.0,893.0,894.0,1000,0.0,0.0
2023-08-14 14:00:00+09:00,893.0,893.0,890.0,890.0,700,0.0,0.0
2023-08-15 09:00:00+09:00,898.0,898.0,890.0,891.0,0,0.0,0.0
2023-08-15 10:00:00+09:00,891.0,891.0,891.0,891.0,2800,0.0,0.0
2023-08-15 11:00:00+09:00,891.0,891.0,891.0,891.0,0,0.0,0.0
2023-08-15 13:00:00+09:00,895.0,895.0,892.0,892.0,3400,0.0,0.0
2023-08-15 14:00:00+09:00,895.0,895.0,892.0,892.0,700,0.0,0.0
2023-08-16 09:00:00+09:00,892.0,892.0,891.0,891.0,300,0.0,0.0
2023-08-16 10:00:00+09:00,892.0,892.0,891.0,892.0,400,0.0,0.0
2023-08-16 11:00:00+09:00,892.0,892.0,892.0,892.0,0,0.0,0.0
2023-08-16 14:00:00+09:00,892.0,892.0,891.0,891.0,1700,0.0,0.0
2023-08-17 09:00:00+09:00,891.0,894.0,891.0,894.0,400,0.0,0.0
2023-08-17 10:00:00+09:00,891.0,891.0,882.0,886.0,3600,0.0,0.0
2023-08-17 11:00:00+09:00,885.0,885.0,885.0,885.0,0,0.0,0.0
2023-08-17 12:00:00+09:00,886.0,886.0,886.0,886.0,0,0.0,0.0
2023-08-17 13:00:00+09:00,888.0,888.0,887.0,887.0,5000,0.0,0.0
2023-08-17 14:00:00+09:00,890.0,890.0,885.0,885.0,1500,0.0,0.0
2023-08-18 09:00:00+09:00,886.0,893.0,880.0,887.0,0,0.0,0.0
2023-08-18 10:00:00+09:00,882.0,889.0,882.0,883.0,12100,0.0,0.0
2023-08-18 11:00:00+09:00,883.0,883.0,883.0,883.0,0,0.0,0.0
2023-08-18 12:00:00+09:00,884.0,886.0,884.0,885.0,12600,0.0,0.0
2023-08-18 13:00:00+09:00,892.0,892.0,892.0,892.0,100,0.0,0.0
2023-08-18 14:00:00+09:00,885.0,893.0,885.0,888.0,1100,0.0,0.0
2023-08-21 09:00:00+09:00,888.0,888.0,880.0,884.0,1600,0.0,0.0
2023-08-21 10:00:00+09:00,883.0,883.0,883.0,883.0,0,0.0,0.0
2023-08-21 11:00:00+09:00,882.0,882.0,881.0,881.0,0,0.0,0.0
2023-08-21 13:00:00+09:00,883.0,883.0,883.0,883.0,3700,0.0,0.0
2023-08-21 14:00:00+09:00,883.0,883.0,883.0,883.0,100,0.0,0.0
2023-08-22 09:00:00+09:00,885.0,885.0,882.0,882.0,4600,0.0,0.0
2023-08-22 11:00:00+09:00,882.0,882.0,882.0,882.0,0,0.0,0.0
2023-08-22 12:00:00+09:00,883.0,884.0,883.0,884.0,5000,0.0,0.0
2023-08-22 13:00:00+09:00,883.0,883.0,883.0,883.0,100,0.0,0.0
2023-08-22 14:00:00+09:00,884.0,888.0,883.0,885.0,4000,0.0,0.0
2023-08-23 09:00:00+09:00,885.0,885.0,880.0,883.0,11500,0.0,0.0
2023-08-23 10:00:00+09:00,885.0,885.0,885.0,885.0,100,0.0,0.0
2023-08-23 11:00:00+09:00,885.0,885.0,885.0,885.0,0,0.0,0.0
2023-08-23 12:00:00+09:00,883.0,883.0,883.0,883.0,11900,0.0,0.0
2023-08-23 13:00:00+09:00,882.0,882.0,882.0,882.0,100,0.0,0.0
2023-08-23 14:00:00+09:00,882.0,882.0,882.0,882.0,300,0.0,0.0
2023-08-24 09:00:00+09:00,882.0,882.0,882.0,882.0,0,0.0,0.0
2023-08-24 10:00:00+09:00,881.0,881.0,877.0,879.0,4400,0.0,0.0
2023-08-24 11:00:00+09:00,880.0,880.0,880.0,880.0,0,0.0,0.0
2023-08-24 12:00:00+09:00,885.0,885.0,879.0,880.0,5800,0.0,0.0
2023-08-24 13:00:00+09:00,883.0,883.0,882.0,882.0,300,0.0,0.0
2023-08-24 14:00:00+09:00,881.0,881.0,880.0,881.0,400,0.0,0.0
2023-08-25 09:00:00+09:00,880.0,881.0,879.0,879.0,1100,0.0,0.0
2023-08-25 10:00:00+09:00,880.0,880.0,879.0,880.0,1500,0.0,0.0
2023-08-25 11:00:00+09:00,880.0,880.0,880.0,880.0,0,0.0,0.0
2023-08-25 12:00:00+09:00,880.0,880.0,880.0,880.0,2700,0.0,0.0
2023-08-25 13:00:00+09:00,880.0,880.0,880.0,880.0,100,0.0,0.0
2023-08-25 14:00:00+09:00,880.0,880.0,880.0,880.0,300,0.0,0.0
2023-08-28 09:00:00+09:00,880.0,882.0,879.0,881.0,0,0.0,0.0
2023-08-28 10:00:00+09:00,881.0,882.0,881.0,882.0,2500,0.0,0.0
2023-08-28 11:00:00+09:00,880.0,880.0,878.0,878.0,0,0.0,0.0
2023-08-28 14:00:00+09:00,881.0,882.0,880.0,880.0,4100,0.0,0.0
2023-08-29 09:00:00+09:00,880.0,880.0,880.0,880.0,900,0.0,0.0
2023-08-29 10:00:00+09:00,879.0,880.0,879.0,880.0,200,0.0,0.0
2023-08-29 11:00:00+09:00,880.0,880.0,880.0,880.0,0,0.0,0.0
2023-08-29 13:00:00+09:00,880.0,882.0,880.0,882.0,2400,0.0,0.0
2023-08-29 14:00:00+09:00,881.0,881.0,881.0,881.0,100,0.0,0.0
2023-08-30 09:00:00+09:00,882.0,882.0,880.0,880.0,1200,0.0,0.0
2023-08-30 10:00:00+09:00,882.0,882.0,880.0,880.0,600,0.0,0.0
2023-08-30 11:00:00+09:00,880.0,880.0,880.0,880.0,0,0.0,0.0
2023-08-30 12:00:00+09:00,881.0,881.0,880.0,880.0,2000,0.0,0.0
2023-08-30 14:00:00+09:00,881.0,883.0,881.0,882.0,2800,0.0,0.0
2023-08-31 09:00:00+09:00,882.0,882.0,882.0,882.0,600,0.0,0.0
2023-08-31 10:00:00+09:00,882.0,882.0,882.0,882.0,100,0.0,0.0
2023-08-31 11:00:00+09:00,882.0,882.0,882.0,882.0,0,0.0,0.0
2023-08-31 12:00:00+09:00,882.0,882.0,878.0,878.0,36300,0.0,0.0
2023-08-31 13:00:00+09:00,883.0,883.0,883.0,883.0,200,0.0,0.0
2023-08-31 14:00:00+09:00,882.0,882.0,878.0,878.0,1200,0.0,0.0
2023-09-01 09:00:00+09:00,878.0,878.0,878.0,878.0,200,0.0,0.0
2023-09-01 10:00:00+09:00,880.0,882.0,879.0,882.0,1500,0.0,0.0
2023-09-01 11:00:00+09:00,882.0,882.0,882.0,882.0,0,0.0,0.0
2023-09-01 13:00:00+09:00,882.0,882.0,881.0,881.0,2100,0.0,0.0
2023-09-01 14:00:00+09:00,883.0,883.0,883.0,883.0,600,0.0,0.0
2023-09-04 09:00:00+09:00,883.0,885.0,883.0,884.0,1200,0.0,0.0
2023-09-04 10:00:00+09:00,885.0,888.0,885.0,888.0,500,0.0,0.0
2023-09-04 11:00:00+09:00,888.0,888.0,888.0,888.0,0,0.0,0.0
2023-09-04 12:00:00+09:00,890.0,890.0,887.0,888.0,2200,0.0,0.0
2023-09-04 13:00:00+09:00,887.0,892.0,886.0,886.0,1100,0.0,0.0
2023-09-04 14:00:00+09:00,885.0,885.0,884.0,884.0,300,0.0,0.0
2023-09-05 09:00:00+09:00,884.0,892.0,884.0,890.0,1200,0.0,0.0
2023-09-05 10:00:00+09:00,890.0,892.0,890.0,892.0,400,0.0,0.0
2023-09-05 11:00:00+09:00,890.0,890.0,890.0,890.0,0,0.0,0.0
2023-09-05 12:00:00+09:00,891.0,891.0,890.0,890.0,2100,0.0,0.0
2023-09-05 13:00:00+09:00,890.0,890.0,890.0,890.0,100,0.0,0.0
2023-09-05 14:00:00+09:00,891.0,894.0,891.0,893.0,1300,0.0,0.0
2023-09-06 09:00:00+09:00,891.0,891.0,891.0,891.0,300,0.0,0.0
2023-09-06 10:00:00+09:00,891.0,891.0,891.0,891.0,200,0.0,0.0
2023-09-06 11:00:00+09:00,892.0,892.0,892.0,892.0,0,0.0,0.0
2023-09-06 13:00:00+09:00,892.0,894.0,891.0,894.0,1900,0.0,0.0
2023-09-06 14:00:00+09:00,893.0,895.0,893.0,894.0,4400,0.0,0.0
2023-09-07 09:00:00+09:00,894.0,894.0,894.0,894.0,500,0.0,0.0
2023-09-07 10:00:00+09:00,894.0,895.0,893.0,894.0,2300,0.0,0.0
2023-09-07 11:00:00+09:00,894.0,894.0,894.0,894.0,0,0.0,0.0
2023-09-07 12:00:00+09:00,893.0,893.0,893.0,893.0,3300,0.0,0.0
2023-09-07 13:00:00+09:00,894.0,894.0,893.0,893.0,300,0.0,0.0
2023-09-07 14:00:00+09:00,895.0,896.0,894.0,896.0,4500,0.0,0.0
2023-09-08 09:00:00+09:00,896.0,896.0,893.0,895.0,2900,0.0,0.0
2023-09-08 10:00:00+09:00,893.0,893.0,893.0,893.0,400,0.0,0.0
2023-09-08 11:00:00+09:00,894.0,895.0,894.0,894.0,0,0.0,0.0
2023-09-08 13:00:00+09:00,895.0,899.0,894.0,897.0,6900,0.0,0.0
2023-09-08 14:00:00+09:00,899.0,902.0,897.0,902.0,2700,0.0,0.0
2023-09-11 09:00:00+09:00,910.0,910.0,906.0,908.0,0,0.0,0.0
2023-09-11 10:00:00+09:00,909.0,915.0,908.0,911.0,5800,0.0,0.0
2023-09-11 11:00:00+09:00,913.0,914.0,913.0,914.0,0,0.0,0.0
2023-09-11 12:00:00+09:00,914.0,914.0,909.0,909.0,13900,0.0,0.0
2023-09-11 13:00:00+09:00,909.0,911.0,908.0,908.0,2400,0.0,0.0
2023-09-11 14:00:00+09:00,908.0,913.0,907.0,913.0,2900,0.0,0.0
2023-09-12 09:00:00+09:00,913.0,913.0,910.0,910.0,1200,0.0,0.0
2023-09-12 10:00:00+09:00,909.0,915.0,903.0,913.0,4700,0.0,0.0
2023-09-12 11:00:00+09:00,912.0,912.0,909.0,909.0,0,0.0,0.0
2023-09-12 12:00:00+09:00,912.0,912.0,910.0,910.0,6500,0.0,0.0
2023-09-12 13:00:00+09:00,912.0,913.0,910.0,913.0,600,0.0,0.0
2023-09-12 14:00:00+09:00,911.0,914.0,911.0,914.0,400,0.0,0.0
2023-09-13 09:00:00+09:00,912.0,912.0,908.0,909.0,1600,0.0,0.0
2023-09-13 10:00:00+09:00,909.0,909.0,909.0,909.0,100,0.0,0.0
2023-09-13 11:00:00+09:00,909.0,909.0,909.0,909.0,0,0.0,0.0
2023-09-13 12:00:00+09:00,910.0,910.0,910.0,910.0,1800,0.0,0.0
2023-09-13 13:00:00+09:00,909.0,911.0,909.0,911.0,800,0.0,0.0
2023-09-13 14:00:00+09:00,910.0,915.0,910.0,915.0,800,0.0,0.0
2023-09-14 09:00:00+09:00,916.0,916.0,911.0,914.0,700,0.0,0.0
2023-09-14 10:00:00+09:00,912.0,912.0,911.0,911.0,800,0.0,0.0
2023-09-14 11:00:00+09:00,910.0,910.0,910.0,910.0,0,0.0,0.0
2023-09-14 12:00:00+09:00,910.0,914.0,909.0,913.0,4100,0.0,0.0
2023-09-14 13:00:00+09:00,911.0,916.0,911.0,913.0,1000,0.0,0.0
2023-09-14 14:00:00+09:00,916.0,919.0,916.0,919.0,1700,0.0,0.0
2023-09-15 09:00:00+09:00,919.0,930.0,919.0,929.0,6600,0.0,0.0
2023-09-15 10:00:00+09:00,930.0,931.0,929.0,930.0,1200,0.0,0.0
2023-09-15 11:00:00+09:00,930.0,930.0,929.0,929.0,0,0.0,0.0
2023-09-15 12:00:00+09:00,928.0,931.0,928.0,929.0,8800,0.0,0.0
2023-09-15 13:00:00+09:00,929.0,933.0,928.0,931.0,1300,0.0,0.0
2023-09-15 14:00:00+09:00,933.0,938.0,932.0,938.0,4400,0.0,0.0
2023-09-19 09:00:00+09:00,940.0,946.0,936.0,942.0,0,0.0,0.0
2023-09-19 10:00:00+09:00,942.0,944.0,940.0,942.0,3900,0.0,0.0
2023-09-19 11:00:00+09:00,943.0,948.0,943.0,948.0,0,0.0,0.0
2023-09-19 12:00:00+09:00,950.0,950.0,944.0,947.0,22100,0.0,0.0
2023-09-19 13:00:00+09:00,947.0,947.0,947.0,947.0,100,0.0,0.0
2023-09-19 14:00:00+09:00,948.0,963.0,947.0,962.0,7700,0.0,0.0
2023-09-20 09:00:00+09:00,966.0,969.0,952.0,964.0,10200,0.0,0.0
2023-09-20 10:00:00+09:00,959.0,964.0,950.0,960.0,6000,0.0,0.0
2023-09-20 11:00:00+09:00,962.0,963.0,960.0,960.0,0,0.0,0.0
2023-09-20 12:00:00+09:00,959.0,962.0,959.0,960.0,18000,0.0,0.0
2023-09-20 13:00:00+09:00,963.0,969.0,963.0,967.0,900,0.0,0.0
2023-09-20 14:00:00+09:00,967.0,977.0,965.0,976.0,3000,0.0,0.0
2023-09-21 09:00:00+09:00,970.0,970.0,961.0,962.0,5400,0.0,0.0
2023-09-21 10:00:00+09:00,962.0,967.0,960.0,963.0,1500,0.0,0.0
2023-09-21 11:00:00+09:00,963.0,966.0,962.0,962.0,0,0.0,0.0
2023-09-21 12:00:00+09:00,959.0,964.0,959.0,964.0,10000,0.0,0.0
2023-09-21 13:00:00+09:00,964.0,964.0,959.0,960.0,2800,0.0,0.0
2023-09-21 14:00:00+09:00,959.0,961.0,957.0,958.0,2700,0.0,0.0
2023-09-22 09:00:00+09:00,942.0,950.0,939.0,950.0,4400,0.0,0.0
2023-09-22 10:00:00+09:00,950.0,950.0,946.0,946.0,1800,0.0,0.0
2023-09-22 11:00:00+09:00,947.0,949.0,947.0,949.0,0,0.0,0.0
2023-09-22 12:00:00+09:00,949.0,949.0,943.0,945.0,10000,0.0,0.0
2023-09-22 13:00:00+09:00,943.0,946.0,941.0,944.0,2400,0.0,0.0
2023-09-22 14:00:00+09:00,945.0,949.0,944.0,949.0,2500,0.0,0.0
2023-09-25 09:00:00+09:00,951.0,952.0,946.0,951.0,3100,0.0,0.0
2023-09-25 10:00:00+09:00,952.0,953.0,951.0,953.0,900,0.0,0.0
2023-09-25 11:00:00+09:00,953.0,953.0,953.0,953.0,0,0.0,0.0
2023-09-25 12:00:00+09:00,953.0,953.0,949.0,949.0,5900,0.0,0.0
2023-09-25 14:00:00+09:00,949.0,953.0,944.0,953.0,4400,0.0,0.0
2023-09-26 09:00:00+09:00,952.0,952.0,945.0,949.0,2700,0.0,0.0
2023-09-26 10:00:00+09:00,949.0,949.0,947.0,947.0,500,0.0,0.0
2023-09-26 11:00:00+09:00,947.0,947.0,946.0,947.0,0,0.0,0.0
2023-09-26 12:00:00+09:00,947.0,948.0,944.0,948.0,6900,0.0,0.0
2023-09-26 13:00:00+09:00,949.0,949.0,946.0,946.0,700,0.0,0.0
2023-09-26 14:00:00+09:00,946.0,953.0,944.0,953.0,2700,0.0,0.0
2023-09-27 09:00:00+09:00,950.0,950.0,946.0,947.0,1100,0.0,0.0
2023-09-27 10:00:00+09:00,947.0,947.0,945.0,945.0,500,0.0,0.0
2023-09-27 11:00:00+09:00,948.0,949.0,948.0,948.0,0,0.0,0.0
2023-09-27 12:00:00+09:00,944.0,946.0,943.0,946.0,3400,0.0,0.0
2023-09-27 13:00:00+09:00,944.0,949.0,944.0,949.0,2000,0.0,0.0
2023-09-27 14:00:00+09:00,949.0,950.0,947.0,950.0,1000,0.0,0.0
2023-09-28 09:00:00+09:00,922.0,948.0,922.0,944.0,8300,0.0,0.0
2023-09-28 10:00:00+09:00,945.0,948.0,940.0,942.0,3300,0.0,0.0
2023-09-28 11:00:00+09:00,940.0,940.0,937.0,938.0,0,0.0,0.0
2023-09-28 12:00:00+09:00,946.0,946.0,941.0,941.0,13700,0.0,0.0
2023-09-28 13:00:00+09:00,940.0,941.0,938.0,938.0,2700,0.0,0.0
2023-09-28 14:00:00+09:00,939.0,947.0,939.0,947.0,1300,0.0,0.0
2023-09-29 09:00:00+09:00,945.0,945.0,940.0,943.0,2000,0.0,0.0
2023-09-29 10:00:00+09:00,940.0,940.0,939.0,939.0,400,0.0,0.0
2023-09-29 11:00:00+09:00,939.0,939.0,939.0,939.0,0,0.0,0.0
2023-09-29 12:00:00+09:00,938.0,938.0,938.0,938.0,3400,0.0,0.0
2023-09-29 13:00:00+09:00,939.0,939.0,939.0,939.0,100,0.0,0.0
2023-09-29 14:00:00+09:00,940.0,945.0,936.0,945.0,5200,0.0,0.0
2023-10-02 09:00:00+09:00,938.0,940.0,937.0,937.0,2400,0.0,0.0
2023-10-02 10:00:00+09:00,937.0,939.0,935.0,938.0,1900,0.0,0.0
2023-10-02 11:00:00+09:00,936.0,936.0,936.0,936.0,0,0.0,0.0
2023-10-02 12:00:00+09:00,939.0,940.0,937.0,940.0,5700,0.0,0.0
2023-10-02 13:00:00+09:00,937.0,939.0,936.0,937.0,600,0.0,0.0
2023-10-02 14:00:00+09:00,937.0,939.0,935.0,938.0,2100,0.0,0.0
2023-10-03 09:00:00+09:00,934.0,934.0,881.0,918.0,13500,0.0,0.0
2023-10-03 10:00:00+09:00,913.0,916.0,906.0,909.0,3200,0.0,0.0
2023-10-03 11:00:00+09:00,909.0,909.0,909.0,909.0,0,0.0,0.0
2023-10-03 12:00:00+09:00,908.0,908.0,902.0,902.0,20900,0.0,0.0
2023-10-03 13:00:00+09:00,901.0,901.0,891.0,900.0,6000,0.0,0.0
2023-10-03 14:00:00+09:00,894.0,894.0,889.0,890.0,4100,0.0,0.0
2023-10-04 09:00:00+09:00,870.0,873.0,857.0,863.0,9600,0.0,0.0
2023-10-04 10:00:00+09:00,863.0,870.0,863.0,863.0,2500,0.0,0.0
2023-10-04 11:00:00+09:00,863.0,863.0,843.0,849.0,0,0.0,0.0
2023-10-04 12:00:00+09:00,849.0,857.0,849.0,850.0,18900,0.0,0.0
2023-10-04 13:00:00+09:00,865.0,866.0,857.0,862.0,2300,0.0,0.0
2023-10-04 14:00:00+09:00,861.0,865.0,855.0,855.0,2000,0.0,0.0
2023-10-05 09:00:00+09:00,870.0,872.0,861.0,865.0,5100,0.0,0.0
2023-10-05 10:00:00+09:00,870.0,873.0,870.0,873.0,300,0.0,0.0
2023-10-05 11:00:00+09:00,871.0,875.0,870.0,870.0,0,0.0,0.0
2023-10-05 12:00:00+09:00,874.0,874.0,864.0,866.0,9100,0.0,0.0
2023-10-05 13:00:00+09:00,867.0,873.0,865.0,868.0,1900,0.0,0.0
2023-10-05 14:00:00+09:00,870.0,879.0,870.0,875.0,2600,0.0,0.0
2023-10-06 09:00:00+09:00,869.0,885.0,869.0,884.0,4500,0.0,0.0
2023-10-06 10:00:00+09:00,884.0,892.0,884.0,889.0,2800,0.0,0.0
2023-10-06 11:00:00+09:00,889.0,889.0,880.0,882.0,0,0.0,0.0
2023-10-06 12:00:00+09:00,890.0,890.0,886.0,886.0,13200,0.0,0.0
2023-10-06 13:00:00+09:00,888.0,890.0,885.0,890.0,1100,0.0,0.0
2023-10-06 14:00:00+09:00,889.0,891.0,886.0,889.0,1200,0.0,0.0
2023-10-10 09:00:00+09:00,890.0,902.0,890.0,897.0,8600,0.0,0.0
2023-10-10 10:00:00+09:00,900.0,902.0,900.0,902.0,200,0.0,0.0
2023-10-10 11:00:00+09:00,903.0,903.0,900.0,900.0,0,0.0,0.0
2023-10-10 12:00:00+09:00,900.0,900.0,900.0,900.0,9800,0.0,0.0
2023-10-10 13:00:00+09:00,901.0,903.0,900.0,900.0,2300,0.0,0.0
2023-10-10 14:00:00+09:00,903.0,904.0,902.0,902.0,500,0.0,0.0
2023-10-11 09:00:00+09:00,901.0,901.0,897.0,897.0,3700,0.0,0.0
2023-10-11 10:00:00+09:00,895.0,899.0,894.0,897.0,2100,0.0,0.0
2023-10-11 11:00:00+09:00,898.0,898.0,898.0,898.0,0,0.0,0.0
2023-10-11 12:00:00+09:00,899.0,899.0,899.0,899.0,6200,0.0,0.0
2023-10-11 13:00:00+09:00,901.0,903.0,899.0,903.0,2200,0.0,0.0
2023-10-11 14:00:00+09:00,901.0,902.0,897.0,900.0,2700,0.0,0.0
2023-10-12 09:00:00+09:00,897.0,908.0,897.0,906.0,0,0.0,0.0
2023-10-12 10:00:00+09:00,905.0,906.0,905.0,905.0,4800,0.0,0.0
2023-10-12 11:00:00+09:00,905.0,905.0,905.0,905.0,0,0.0,0.0
2023-10-12 12:00:00+09:00,906.0,908.0,906.0,906.0,5900,0.0,0.0
2023-10-12 13:00:00+09:00,906.0,906.0,905.0,905.0,600,0.0,0.0
2023-10-12 14:00:00+09:00,907.0,907.0,905.0,905.0,1200,0.0,0.0
2023-10-13 09:00:00+09:00,908.0,914.0,908.0,910.0,2700,0.0,0.0
2023-10-13 10:00:00+09:00,913.0,914.0,911.0,911.0,3800,0.0,0.0
2023-10-13 11:00:00+09:00,914.0,941.0,914.0,936.0,0,0.0,0.0
2023-10-13 12:00:00+09:00,945.0,970.0,941.0,962.0,80200,0.0,0.0
2023-10-13 13:00:00+09:00,960.0,971.0,955.0,968.0,32800,0.0,0.0
2023-10-13 14:00:00+09:00,968.0,999.0,950.0,993.0,69000,0.0,0.0
2023-10-16 09:00:00+09:00,1008.0,1040.0,1007.0,1029.0,98600,0.0,0.0
2023-10-16 10:00:00+09:00,1030.0,1037.0,1028.0,1031.0,21000,0.0,0.0
2023-10-16 11:00:00+09:00,1031.0,1031.0,1022.0,1030.0,0,0.0,0.0
2023-10-16 12:00:00+09:00,1030.0,1030.0,1016.0,1016.0,155800,0.0,0.0
2023-10-16 13:00:00+09:00,1015.0,1028.0,1002.0,1027.0,0,0.0,0.0
2023-10-16 14:00:00+09:00,1028.0,1047.0,1027.0,1041.0,233400,0.0,0.0
2023-10-17 09:00:00+09:00,1048.0,1050.0,1022.0,1029.0,56800,0.0,0.0
2023-10-17 10:00:00+09:00,1034.0,1034.0,1015.0,1031.0,17800,0.0,0.0
2023-10-17 11:00:00+09:00,1032.0,1040.0,1029.0,1040.0,0,0.0,0.0
2023-10-17 12:00:00+09:00,1040.0,1044.0,1037.0,1041.0,89700,0.0,0.0
2023-10-17 13:00:00+09:00,1040.0,1042.0,1033.0,1033.0,8800,0.0,0.0
2023-10-17 14:00:00+09:00,1035.0,1043.0,1035.0,1039.0,7000,0.0,0.0
2023-10-18 09:00:00+09:00,1036.0,1047.0,1030.0,1046.0,21300,0.0,0.0
2023-10-18 10:00:00+09:00,1047.0,1048.0,1040.0,1041.0,7700,0.0,0.0
2023-10-18 11:00:00+09:00,1043.0,1047.0,1043.0,1045.0,0,0.0,0.0
2023-10-18 12:00:00+09:00,1045.0,1046.0,1043.0,1045.0,32800,0.0,0.0
2023-10-18 13:00:00+09:00,1046.0,1049.0,1043.0,1047.0,5500,0.0,0.0
2023-10-18 14:00:00+09:00,1046.0,1059.0,1042.0,1059.0,12700,0.0,0.0
2023-10-19 09:00:00+09:00,1045.0,1074.0,1045.0,1067.0,0,0.0,0.0
2023-10-19 10:00:00+09:00,1067.0,1067.0,1064.0,1065.0,22100,0.0,0.0
2023-10-19 11:00:00+09:00,1065.0,1068.0,1064.0,1068.0,0,0.0,0.0
2023-10-19 12:00:00+09:00,1068.0,1074.0,1066.0,1071.0,32800,0.0,0.0
2023-10-19 13:00:00+09:00,1070.0,1071.0,1067.0,1070.0,7800,0.0,0.0
2023-10-19 14:00:00+09:00,1071.0,1080.0,1070.0,1080.0,13400,0.0,0.0
2023-10-20 09:00:00+09:00,1077.0,1109.0,1077.0,1107.0,53400,0.0,0.0
2023-10-20 10:00:00+09:00,1107.0,1135.0,1104.0,1125.0,33500,0.0,0.0
2023-10-20 11:00:00+09:00,1126.0,1139.0,1122.0,1127.0,0,0.0,0.0
2023-10-20 12:00:00+09:00,1127.0,1139.0,1127.0,1134.0,109100,0.0,0.0
2023-10-20 13:00:00+09:00,1134.0,1140.0,1133.0,1133.0,7500,0.0,0.0
2023-10-20 14:00:00+09:00,1135.0,1150.0,1135.0,1150.0,19000,0.0,0.0
2023-10-23 09:00:00+09:00,1150.0,1180.0,1146.0,1169.0,62800,0.0,0.0
2023-10-23 10:00:00+09:00,1170.0,1174.0,1166.0,1173.0,9500,0.0,0.0
2023-10-23 11:00:00+09:00,1172.0,1178.0,1166.0,1174.0,0,0.0,0.0
2023-10-23 12:00:00+09:00,1177.0,1177.0,1169.0,1173.0,94200,0.0,0.0
2023-10-23 13:00:00+09:00,1173.0,1174.0,1166.0,1171.0,9500,0.0,0.0
2023-10-23 14:00:00+09:00,1171.0,1187.0,1171.0,1185.0,24800,0.0,0.0
2023-10-24 09:00:00+09:00,1194.0,1200.0,1005.0,1075.0,0,0.0,0.0
2023-10-24 10:00:00+09:00,1077.0,1078.0,989.0,1009.0,322300,0.0,0.0
2023-10-24 11:00:00+09:00,1009.0,1036.0,1009.0,1025.0,0,0.0,0.0
2023-10-24 12:00:00+09:00,1025.0,1027.0,1007.0,1008.0,362000,0.0,0.0
2023-10-24 13:00:00+09:00,1008.0,1025.0,1001.0,1011.0,0,0.0,0.0
2023-10-24 14:00:00+09:00,1011.0,1023.0,1003.0,1008.0,423500,0.0,0.0
2023-10-25 09:00:00+09:00,1015.0,1060.0,971.0,1020.0,0,0.0,0.0
2023-10-25 10:00:00+09:00,1020.0,1020.0,1011.0,1018.0,113700,0.0,0.0
2023-10-25 11:00:00+09:00,1018.0,1020.0,1018.0,1018.0,0,0.0,0.0
2023-10-25 12:00:00+09:00,1020.0,1020.0,1016.0,1017.0,119400,0.0,0.0
2023-10-25 13:00:00+09:00,1019.0,1053.0,1018.0,1033.0,17800,0.0,0.0
2023-10-25 14:00:00+09:00,1036.0,1079.0,1036.0,1077.0,28800,0.0,0.0
2023-10-26 09:00:00+09:00,1039.0,1067.0,1033.0,1067.0,21400,0.0,0.0
2023-10-26 10:00:00+09:00,1066.0,1076.0,1060.0,1071.0,10900,0.0,0.0
2023-10-26 11:00:00+09:00,1076.0,1076.0,1072.0,1074.0,0,0.0,0.0
2023-10-26 12:00:00+09:00,1071.0,1078.0,1071.0,1076.0,38600,0.0,0.0
2023-10-26 13:00:00+09:00,1076.0,1096.0,1076.0,1088.0,14100,0.0,0.0
2023-10-26 14:00:00+09:00,1090.0,1134.0,1090.0,1131.0,58100,0.0,0.0
2023-10-27 09:00:00+09:00,1143.0,1161.0,1135.0,1154.0,0,0.0,0.0
2023-10-27 10:00:00+09:00,1155.0,1173.0,1153.0,1168.0,60900,0.0,0.0
2023-10-27 11:00:00+09:00,1169.0,1180.0,1162.0,1179.0,0,0.0,0.0
2023-10-27 12:00:00+09:00,1179.0,1190.0,1176.0,1188.0,92200,0.0,0.0
2023-10-27 13:00:00+09:00,1189.0,1194.0,1183.0,1192.0,18100,0.0,0.0
2023-10-27 14:00:00+09:00,1192.0,1192.0,1170.0,1190.0,49800,0.0,0.0
2023-10-30 09:00:00+09:00,1171.0,1186.0,1161.0,1175.0,43700,0.0,0.0
2023-10-30 10:00:00+09:00,1175.0,1177.0,1131.0,1159.0,34300,0.0,0.0
2023-10-30 11:00:00+09:00,1161.0,1164.0,1157.0,1160.0,0,0.0,0.0
2023-10-30 12:00:00+09:00,1156.0,1156.0,1141.0,1147.0,92200,0.0,0.0
2023-10-30 13:00:00+09:00,1144.0,1151.0,1143.0,1146.0,6200,0.0,0.0
2023-10-30 14:00:00+09:00,1146.0,1156.0,1146.0,1146.0,6600,0.0,0.0
2023-10-31 09:00:00+09:00,1114.0,1117.0,1054.0,1092.0,46800,0.0,0.0
2023-10-31 10:00:00+09:00,1088.0,1088.0,1021.0,1024.0,66000,0.0,0.0
2023-10-31 11:00:00+09:00,1025.0,1050.0,1017.0,1022.0,0,0.0,0.0
2023-10-31 12:00:00+09:00,1026.0,1069.0,1026.0,1059.0,149800,0.0,0.0
2023-10-31 13:00:00+09:00,1060.0,1087.0,1048.0,1064.0,33900,0.0,0.0
2023-10-31 14:00:00+09:00,1064.0,1070.0,1051.0,1056.0,12600,0.0,0.0
2023-11-01 09:00:00+09:00,1050.0,1082.0,1045.0,1076.0,14900,0.0,0.0
2023-11-01 10:00:00+09:00,1078.0,1084.0,1077.0,1078.0,5400,0.0,0.0
2023-11-01 11:00:00+09:00,1078.0,1079.0,1076.0,1076.0,0,0.0,0.0
2023-11-01 12:00:00+09:00,1080.0,1080.0,1072.0,1075.0,24000,0.0,0.0
2023-11-01 13:00:00+09:00,1075.0,1091.0,1073.0,1090.0,0,0.0,0.0
2023-11-01 14:00:00+09:00,1091.0,1100.0,1061.0,1062.0,53800,0.0,0.0
2023-11-02 09:00:00+09:00,1062.0,1062.0,1031.0,1042.0,17800,0.0,0.0
2023-11-02 10:00:00+09:00,1041.0,1044.0,1011.0,1021.0,23200,0.0,0.0
2023-11-02 11:00:00+09:00,1021.0,1036.0,1021.0,1036.0,0,0.0,0.0
2023-11-02 12:00:00+09:00,1033.0,1042.0,1030.0,1035.0,49500,0.0,0.0
2023-11-02 13:00:00+09:00,1036.0,1038.0,1033.0,1035.0,3000,0.0,0.0
2023-11-02 14:00:00+09:00,1034.0,1046.0,1030.0,1039.0,11000,0.0,0.0
2023-11-06 09:00:00+09:00,1028.0,1032.0,1019.0,1023.0,0,0.0,0.0
2023-11-06 10:00:00+09:00,1024.0,1029.0,1020.0,1028.0,27200,0.0,0.0
2023-11-06 11:00:00+09:00,1029.0,1035.0,1029.0,1034.0,0,0.0,0.0
2023-11-06 12:00:00+09:00,1034.0,1034.0,1030.0,1034.0,36300,0.0,0.0
2023-11-06 13:00:00+09:00,1032.0,1032.0,1028.0,1028.0,2900,0.0,0.0
2023-11-06 14:00:00+09:00,1030.0,1036.0,1029.0,1034.0,5600,0.0,0.0
2023-11-07 09:00:00+09:00,1026.0,1040.0,1026.0,1037.0,6800,0.0,0.0
2023-11-07 10:00:00+09:00,1036.0,1041.0,1034.0,1039.0,4900,0.0,0.0
2023-11-07 11:00:00+09:00,1038.0,1040.0,1037.0,1037.0,0,0.0,0.0
2023-11-07 12:00:00+09:00,1041.0,1042.0,1037.0,1041.0,15500,0.0,0.0
2023-11-07 13:00:00+09:00,1043.0,1043.0,1021.0,1026.0,12800,0.0,0.0
2023-11-07 14:00:00+09:00,1024.0,1039.0,1023.0,1039.0,8000,0.0,0.0
2023-11-08 09:00:00+09:00,1045.0,1054.0,1022.0,1027.0,42100,0.0,0.0
2023-11-08 10:00:00+09:00,1028.0,1028.0,1000.0,1005.0,41300,0.0,0.0
2023-11-08 11:00:00+09:00,1004.0,1006.0,1001.0,1003.0,0,0.0,0.0
2023-11-08 12:00:00+09:00,1008.0,1008.0,992.0,997.0,109700,0.0,0.0
2023-11-08 13:00:00+09:00,1000.0,1004.0,999.0,1001.0,6200,0.0,0.0
2023-11-08 14:00:00+09:00,1001.0,1002.0,992.0,998.0,27100,0.0,0.0
2023-11-09 09:00:00+09:00,1002.0,1005.0,996.0,997.0,7800,0.0,0.0
2023-11-09 10:00:00+09:00,996.0,1005.0,991.0,1004.0,7300,0.0,0.0
2023-11-09 11:00:00+09:00,1003.0,1006.0,1003.0,1006.0,0,0.0,0.0
2023-11-09 12:00:00+09:00,1005.0,1005.0,1002.0,1005.0,18100,0.0,0.0
2023-11-09 13:00:00+09:00,1006.0,1006.0,1005.0,1005.0,1200,0.0,0.0
2023-11-09 14:00:00+09:00,1004.0,1007.0,1003.0,1003.0,5500,0.0,0.0
2023-11-10 09:00:00+09:00,996.0,1005.0,987.0,998.0,11200,0.0,0.0
2023-11-10 10:00:00+09:00,997.0,1001.0,996.0,1001.0,2200,0.0,0.0
2023-11-10 11:00:00+09:00,998.0,1000.0,998.0,999.0,0,0.0,0.0
2023-11-10 12:00:00+09:00,1001.0,1003.0,1001.0,1003.0,17500,0.0,0.0
2023-11-10 13:00:00+09:00,1001.0,1003.0,997.0,1003.0,3200,0.0,0.0
2023-11-10 14:00:00+09:00,1003.0,1008.0,1000.0,1000.0,4400,0.0,0.0
2023-11-13 09:00:00+09:00,1000.0,1005.0,991.0,1004.0,0,0.0,0.0
2023-11-13 10:00:00+09:00,1001.0,1013.0,1000.0,1011.0,5500,0.0,0.0
2023-11-13 11:00:00+09:00,1013.0,1018.0,1008.0,1016.0,0,0.0,0.0
2023-11-13 12:00:00+09:00,1016.0,1016.0,1015.0,1015.0,16900,0.0,0.0
2023-11-13 13:00:00+09:00,1012.0,1015.0,1011.0,1011.0,1500,0.0,0.0
2023-11-13 14:00:00+09:00,1011.0,1014.0,1005.0,1005.0,4700,0.0,0.0
2023-11-14 09:00:00+09:00,1003.0,1011.0,1003.0,1011.0,1200,0.0,0.0
2023-11-14 10:00:00+09:00,1011.0,1026.0,1011.0,1022.0,4900,0.0,0.0
2023-11-14 11:00:00+09:00,1020.0,1020.0,1020.0,1020.0,0,0.0,0.0
2023-11-14 12:00:00+09:00,1023.0,1027.0,1023.0,1027.0,7700,0.0,0.0
2023-11-14 13:00:00+09:00,1027.0,1032.0,1026.0,1031.0,2200,0.0,0.0
2023-11-14 14:00:00+09:00,1032.0,1037.0,1026.0,1030.0,12000,0.0,0.0
2023-11-15 09:00:00+09:00,1032.0,1049.0,1021.0,1025.0,10300,0.0,0.0
2023-11-15 10:00:00+09:00,1024.0,1024.0,1018.0,1020.0,3200,0.0,0.0
2023-11-15 11:00:00+09:00,1024.0,1024.0,1021.0,1021.0,0,0.0,0.0
2023-11-15 12:00:00+09:00,1026.0,1030.0,1026.0,1026.0,14800,0.0,0.0
2023-11-15 13:00:00+09:00,1025.0,1025.0,1016.0,1019.0,2900,0.0,0.0
2023-11-15 14:00:00+09:00,1016.0,1034.0,1015.0,1028.0,7400,0.0,0.0
2023-11-16 09:00:00+09:00,1030.0,1048.0,1030.0,1046.0,0,0.0,0.0
2023-11-16 10:00:00+09:00,1047.0,1054.0,1047.0,1052.0,10200,0.0,0.0
2023-11-16 11:00:00+09:00,1051.0,1051.0,1051.0,1051.0,0,0.0,0.0
2023-11-16 12:00:00+09:00,1050.0,1055.0,1050.0,1050.0,12800,0.0,0.0
2023-11-16 13:00:00+09:00,1053.0,1055.0,1053.0,1055.0,600,0.0,0.0
2023-11-16 14:00:00+09:00,1055.0,1056.0,1046.0,1051.0,7400,0.0,0.0
2023-11-17 09:00:00+09:00,1051.0,1064.0,1045.0,1060.0,4500,0.0,0.0
2023-11-17 10:00:00+09:00,1061.0,1065.0,1057.0,1065.0,4700,0.0,0.0
2023-11-17 11:00:00+09:00,1063.0,1063.0,1058.0,1060.0,0,0.0,0.0
2023-11-17 12:00:00+09:00,1060.0,1064.0,1057.0,1064.0,12500,0.0,0.0
2023-11-17 13:00:00+09:00,1064.0,1065.0,1058.0,1064.0,2200,0.0,0.0
2023-11-17 14:00:00+09:00,1064.0,1064.0,1058.0,1058.0,7800,0.0,0.0
2023-11-20 09:00:00+09:00,1058.0,1075.0,1058.0,1064.0,5000,0.0,0.0
2023-11-20 10:00:00+09:00,1064.0,1067.0,1063.0,1064.0,1200,0.0,0.0
2023-11-20 11:00:00+09:00,1062.0,1064.0,1062.0,1063.0,0,0.0,0.0
2023-11-20 12:00:00+09:00,1063.0,1066.0,1061.0,1061.0,9100,0.0,0.0
2023-11-20 13:00:00+09:00,1063.0,1072.0,1062.0,1072.0,3200,0.0,0.0
2023-11-20 14:00:00+09:00,1073.0,1079.0,1070.0,1070.0,8400,0.0,0.0
2023-11-21 09:00:00+09:00,1069.0,1092.0,1068.0,1089.0,7100,0.0,0.0
2023-11-21 10:00:00+09:00,1087.0,1092.0,1086.0,1091.0,2000,0.0,0.0
2023-11-21 11:00:00+09:00,1093.0,1094.0,1090.0,1094.0,0,0.0,0.0
2023-11-21 12:00:00+09:00,1095.0,1096.0,1091.0,1093.0,13000,0.0,0.0
2023-11-21 13:00:00+09:00,1097.0,1099.0,1097.0,1099.0,3000,0.0,0.0
2023-11-21 14:00:00+09:00,1100.0,1120.0,1100.0,1119.0,20600,0.0,0.0
2023-11-22 09:00:00+09:00,1121.0,1126.0,1106.0,1112.0,10300,0.0,0.0
2023-11-22 10:00:00+09:00,1112.0,1121.0,1112.0,1121.0,1000,0.0,0.0
2023-11-22 11:00:00+09:00,1120.0,1121.0,1120.0,1121.0,0,0.0,0.0
2023-11-22 12:00:00+09:00,1116.0,1122.0,1116.0,1122.0,12700,0.0,0.0
2023-11-22 13:00:00+09:00,1118.0,1121.0,1117.0,1119.0,1200,0.0,0.0
2023-11-22 14:00:00+09:00,1119.0,1119.0,1090.0,1108.0,14200,0.0,0.0
2023-11-24 09:00:00+09:00,1101.0,1109.0,1100.0,1105.0,4700,0.0,0.0
2023-11-24 10:00:00+09:00,1104.0,1126.0,1104.0,1121.0,5400,0.0,0.0
2023-11-24 11:00:00+09:00,1120.0,1120.0,1116.0,1116.0,0,0.0,0.0
2023-11-24 12:00:00+09:00,1120.0,1122.0,1116.0,1116.0,12200,0.0,0.0
2023-11-24 13:00:00+09:00,1115.0,1117.0,1105.0,1105.0,6000,0.0,0.0
2023-11-24 14:00:00+09:00,1106.0,1106.0,1098.0,1098.0,6800,0.0,0.0
2023-11-27 09:00:00+09:00,1100.0,1127.0,1100.0,1114.0,12100,0.0,0.0
2023-11-27 10:00:00+09:00,1119.0,1124.0,1114.0,1118.0,2400,0.0,0.0
2023-11-27 11:00:00+09:00,1110.0,1116.0,1110.0,1111.0,0,0.0,0.0
2023-11-27 12:00:00+09:00,1114.0,1114.0,1114.0,1114.0,15700,0.0,0.0
2023-11-27 13:00:00+09:00,1111.0,1118.0,1111.0,1118.0,600,0.0,0.0
2023-11-27 14:00:00+09:00,1114.0,1114.0,1110.0,1111.0,1800,0.0,0.0
2023-11-28 09:00:00+09:00,1104.0,1110.0,1093.0,1107.0,8700,0.0,0.0
2023-11-28 10:00:00+09:00,1102.0,1111.0,1101.0,1111.0,2600,0.0,0.0
2023-11-28 11:00:00+09:00,1111.0,1111.0,1103.0,1109.0,0,0.0,0.0
2023-11-28 12:00:00+09:00,1103.0,1108.0,1081.0,1083.0,20600,0.0,0.0
2023-11-28 13:00:00+09:00,1098.0,1098.0,1068.0,1075.0,13600,0.0,0.0
2023-11-28 14:00:00+09:00,1077.0,1079.0,1066.0,1066.0,8000,0.0,0.0
2023-11-29 09:00:00+09:00,1054.0,1072.0,1051.0,1059.0,0,0.0,0.0
2023-11-29 10:00:00+09:00,1064.0,1066.0,1063.0,1063.0,10600,0.0,0.0
2023-11-29 11:00:00+09:00,1064.0,1064.0,1064.0,1064.0,0,0.0,0.0
2023-11-29 12:00:00+09:00,1060.0,1060.0,1049.0,1056.0,13700,0.0,0.0
2023-11-29 13:00:00+09:00,1054.0,1056.0,1050.0,1054.0,4700,0.0,0.0
2023-11-29 14:00:00+09:00,1053.0,1065.0,1053.0,1062.0,1600,0.0,0.0
2023-11-30 09:00:00+09:00,1075.0,1075.0,1058.0,1066.0,0,0.0,0.0
2023-11-30 10:00:00+09:00,1062.0,1066.0,1062.0,1066.0,300,0.0,0.0
2023-11-30 11:00:00+09:00,1066.0,1066.0,1066.0,1066.0,0,0.0,0.0
2023-11-30 12:00:00+09:00,1062.0,1068.0,1062.0,1068.0,2600,0.0,0.0
2023-11-30 13:00:00+09:00,1068.0,1073.0,1068.0,1073.0,200,0.0,0.0
2023-11-30 14:00:00+09:00,1069.0,1074.0,1069.0,1070.0,1100,0.0,0.0
2023-12-01 09:00:00+09:00,1071.0,1072.0,1061.0,1072.0,1400,0.0,0.0
2023-12-01 10:00:00+09:00,1072.0,1073.0,1072.0,1073.0,400,0.0,0.0
2023-12-01 11:00:00+09:00,1070.0,1070.0,1070.0,1070.0,0,0.0,0.0
2023-12-01 12:00:00+09:00,1073.0,1074.0,1072.0,1073.0,2700,0.0,0.0
2023-12-01 13:00:00+09:00,1077.0,1077.0,1074.0,1075.0,1700,0.0,0.0
2023-12-01 14:00:00+09:00,1072.0,1074.0,1063.0,1063.0,4100,0.0,0.0
2023-12-04 09:00:00+09:00,1061.0,1066.0,1048.0,1053.0,0,0.0,0.0
2023-12-04 10:00:00+09:00,1055.0,1055.0,1043.0,1051.0,8200,0.0,0.0
2023-12-04 11:00:00+09:00,1053.0,1053.0,1052.0,1052.0,0,0.0,0.0
2023-12-04 12:00:00+09:00,1050.0,1050.0,1037.0,1038.0,13300,0.0,0.0
2023-12-04 13:00:00+09:00,1040.0,1049.0,1040.0,1047.0,1600,0.0,0.0
2023-12-04 14:00:00+09:00,1048.0,1048.0,1038.0,1040.0,5200,0.0,0.0
2023-12-05 09:00:00+09:00,1026.0,1038.0,1018.0,1024.0,11100,0.0,0.0
2023-12-05 10:00:00+09:00,1025.0,1034.0,1025.0,1028.0,4800,0.0,0.0
2023-12-05 11:00:00+09:00,1029.0,1029.0,1028.0,1028.0,0,0.0,0.0
2023-12-05 12:00:00+09:00,1028.0,1038.0,1028.0,1038.0,19600,0.0,0.0
2023-12-05 13:00:00+09:00,1038.0,1041.0,1037.0,1041.0,2700,0.0,0.0
2023-12-05 14:00:00+09:00,1044.0,1048.0,1039.0,1043.0,3500,0.0,0.0
2023-12-06 09:00:00+09:00,1042.0,1057.0,1040.0,1056.0,1400,0.0,0.0
2023-12-06 10:00:00+09:00,1057.0,1067.0,1057.0,1067.0,2200,0.0,0.0
2023-12-06 11:00:00+09:00,1067.0,1071.0,1067.0,1069.0,0,0.0,0.0
2023-12-06 12:00:00+09:00,1068.0,1069.0,1067.0,1067.0,5200,0.0,0.0
2023-12-06 13:00:00+09:00,1061.0,1066.0,1061.0,1061.0,1100,0.0,0.0
2023-12-06 14:00:00+09:00,1062.0,1065.0,1055.0,1061.0,2900,0.0,0.0
2023-12-07 09:00:00+09:00,1065.0,1073.0,1063.0,1066.0,4800,0.0,0.0
2023-12-07 10:00:00+09:00,1065.0,1068.0,1065.0,1067.0,1800,0.0,0.0
2023-12-07 11:00:00+09:00,1063.0,1063.0,1061.0,1061.0,0,0.0,0.0
2023-12-07 12:00:00+09:00,1061.0,1061.0,1061.0,1061.0,7100,0.0,0.0
2023-12-07 13:00:00+09:00,1061.0,1061.0,1053.0,1057.0,2700,0.0,0.0
2023-12-07 14:00:00+09:00,1060.0,1060.0,1053.0,1058.0,2200,0.0,0.0
2023-12-08 09:00:00+09:00,1057.0,1069.0,1051.0,1069.0,0,0.0,0.0
2023-12-08 10:00:00+09:00,1071.0,1077.0,1068.0,1077.0,6700,0.0,0.0
2023-12-08 11:00:00+09:00,1076.0,1076.0,1070.0,1072.0,0,0.0,0.0
2023-12-08 12:00:00+09:00,1071.0,1076.0,1068.0,1068.0,14100,0.0,0.0
2023-12-08 13:00:00+09:00,1066.0,1067.0,1062.0,1065.0,800,0.0,0.0
2023-12-08 14:00:00+09:00,1065.0,1070.0,1059.0,1070.0,5300,0.0,0.0
2023-12-11 09:00:00+09:00,1078.0,1081.0,1072.0,1072.0,1900,0.0,0.0
2023-12-11 10:00:00+09:00,1075.0,1079.0,1074.0,1075.0,1100,0.0,0.0
2023-12-11 11:00:00+09:00,1073.0,1074.0,1073.0,1074.0,0,0.0,0.0
2023-12-11 12:00:00+09:00,1073.0,1073.0,1069.0,1071.0,4000,0.0,0.0
2023-12-11 13:00:00+09:00,1070.0,1070.0,1069.0,1069.0,200,0.0,0.0
2023-12-11 14:00:00+09:00,1067.0,1075.0,1066.0,1071.0,3300,0.0,0.0
2023-12-12 09:00:00+09:00,1062.0,1072.0,1055.0,1064.0,3700,0.0,0.0
2023-12-12 10:00:00+09:00,1058.0,1060.0,1056.0,1060.0,1000,0.0,0.0
2023-12-12 11:00:00+09:00,1056.0,1056.0,1045.0,1045.0,0,0.0,0.0
2023-12-12 12:00:00+09:00,1051.0,1051.0,1045.0,1047.0,9700,0.0,0.0
2023-12-12 13:00:00+09:00,1049.0,1049.0,1043.0,1043.0,2500,0.0,0.0
2023-12-12 14:00:00+09:00,1048.0,1048.0,1045.0,1046.0,500,0.0,0.0
2023-12-13 09:00:00+09:00,1044.0,1050.0,1040.0,1040.0,0,0.0,0.0
2023-12-13 10:00:00+09:00,1048.0,1051.0,1044.0,1044.0,1200,0.0,0.0
2023-12-13 11:00:00+09:00,1045.0,1049.0,1045.0,1047.0,0,0.0,0.0
2023-12-13 13:00:00+09:00,1049.0,1049.0,1045.0,1047.0,5000,0.0,0.0
2023-12-13 14:00:00+09:00,1045.0,1047.0,1043.0,1043.0,5100,0.0,0.0
2023-12-14 09:00:00+09:00,1050.0,1055.0,1040.0,1040.0,10400,0.0,0.0
2023-12-14 10:00:00+09:00,1038.0,1040.0,1036.0,1036.0,900,0.0,0.0
2023-12-14 11:00:00+09:00,1036.0,1036.0,1036.0,1036.0,0,0.0,0.0
2023-12-14 12:00:00+09:00,1037.0,1037.0,1030.0,1031.0,13900,0.0,0.0
2023-12-14 13:00:00+09:00,1033.0,1037.0,1027.0,1030.0,2000,0.0,0.0
2023-12-14 14:00:00+09:00,1034.0,1034.0,1025.0,1028.0,3300,0.0,0.0
2023-12-15 09:00:00+09:00,1022.0,1032.0,1018.0,1022.0,12200,0.0,0.0
2023-12-15 10:00:00+09:00,1021.0,1022.0,1020.0,1021.0,600,0.0,0.0
2023-12-15 11:00:00+09:00,1023.0,1024.0,1021.0,1021.0,0,0.0,0.0
2023-12-15 12:00:00+09:00,1019.0,1025.0,1019.0,1025.0,15400,0.0,0.0
2023-12-15 13:00:00+09:00,1025.0,1026.0,1024.0,1024.0,0,0.0,0.0
2023-12-15 14:00:00+09:00,1027.0,1029.0,1025.0,1028.0,17600,0.0,0.0
2023-12-18 09:00:00+09:00,1032.0,1032.0,1025.0,1025.0,0,0.0,0.0
2023-12-18 10:00:00+09:00,1021.0,1023.0,1019.0,1023.0,1000,0.0,0.0
2023-12-18 11:00:00+09:00,1021.0,1021.0,1019.0,1019.0,0,0.0,0.0
2023-12-18 12:00:00+09:00,1019.0,1019.0,1015.0,1017.0,4900,0.0,0.0
2023-12-18 13:00:00+09:00,1021.0,1022.0,1018.0,1021.0,700,0.0,0.0
2023-12-18 14:00:00+09:00,1024.0,1026.0,1023.0,1023.0,900,0.0,0.0
2023-12-19 09:00:00+09:00,1012.0,1024.0,1012.0,1024.0,1300,0.0,0.0
2023-12-19 10:00:00+09:00,1023.0,1024.0,1023.0,1024.0,400,0.0,0.0
2023-12-19 11:00:00+09:00,1024.0,1024.0,1024.0,1024.0,0,0.0,0.0
2023-12-19 12:00:00+09:00,1024.0,1032.0,1024.0,1031.0,3000,0.0,0.0
2023-12-19 13:00:00+09:00,1031.0,1031.0,1030.0,1030.0,400,0.0,0.0
2023-12-19 14:00:00+09:00,1031.0,1040.0,1031.0,1040.0,2100,0.0,0.0
2023-12-20 09:00:00+09:00,1040.0,1050.0,1040.0,1050.0,2100,0.0,0.0
2023-12-20 10:00:00+09:00,1047.0,1047.0,1047.0,1047.0,200,0.0,0.0
2023-12-20 11:00:00+09:00,1043.0,1043.0,1038.0,1038.0,0,0.0,0.0
2023-12-20 12:00:00+09:00,1040.0,1040.0,1040.0,1040.0,3900,0.0,0.0
2023-12-20 13:00:00+09:00,1040.0,1040.0,1040.0,1040.0,100,0.0,0.0
2023-12-20 14:00:00+09:00,1041.0,1045.0,1036.0,1036.0,2100,0.0,0.0
2023-12-21 09:00:00+09:00,1025.0,1025.0,1021.0,1021.0,1400,0.0,0.0
2023-12-21 10:00:00+09:00,1024.0,1024.0,1024.0,1024.0,100,0.0,0.0
2023-12-21 11:00:00+09:00,1024.0,1024.0,1024.0,1024.0,0,0.0,0.0
2023-12-21 12:00:00+09:00,1024.0,1024.0,1024.0,1024.0,0,0.0,0.0
2023-12-21 13:00:00+09:00,1022.0,1022.0,1020.0,1021.0,2700,0.0,0.0
2023-12-21 14:00:00+09:00,1021.0,1022.0,1019.0,1020.0,1400,0.0,0.0
2023-12-22 09:00:00+09:00,1020.0,1025.0,1020.0,1025.0,2200,0.0,0.0
2023-12-22 10:00:00+09:00,1024.0,1025.0,1024.0,1024.0,500,0.0,0.0
2023-12-22 11:00:00+09:00,1023.0,1029.0,1023.0,1029.0,0,0.0,0.0
2023-12-22 12:00:00+09:00,1029.0,1033.0,1029.0,1033.0,4400,0.0,0.0
2023-12-22 13:00:00+09:00,1031.0,1032.0,1022.0,1023.0,1600,0.0,0.0
2023-12-22 14:00:00+09:00,1023.0,1024.0,1021.0,1021.0,1100,0.0,0.0
2023-12-25 09:00:00+09:00,1016.0,1021.0,1015.0,1019.0,5200,0.0,0.0
2023-12-25 10:00:00+09:00,1019.0,1019.0,1011.0,1011.0,2100,0.0,0.0
2023-12-25 11:00:00+09:00,1011.0,1019.0,1010.0,1016.0,0,0.0,0.0
2023-12-25 12:00:00+09:00,1011.0,1011.0,1006.0,1006.0,12300,0.0,0.0
2023-12-25 13:00:00+09:00,1006.0,1006.0,995.0,1000.0,5900,0.0,0.0
2023-12-25 14:00:00+09:00,1000.0,1003.0,1000.0,1000.0,1500,0.0,0.0
2023-12-26 09:00:00+09:00,999.0,1014.0,999.0,1013.0,8100,0.0,0.0
2023-12-26 10:00:00+09:00,1015.0,1015.0,1005.0,1007.0,2900,0.0,0.0
2023-12-26 11:00:00+09:00,1007.0,1013.0,1007.0,1013.0,0,0.0,0.0
2023-12-26 12:00:00+09:00,1013.0,1014.0,1013.0,1014.0,13200,0.0,0.0
2023-12-26 13:00:00+09:00,1009.0,1009.0,1009.0,1009.0,600,0.0,0.0
2023-12-26 14:00:00+09:00,1007.0,1013.0,1007.0,1007.0,700,0.0,0.0
2023-12-27 09:00:00+09:00,991.0,1007.0,991.0,1004.0,17200,0.0,0.0
2023-12-27 10:00:00+09:00,1001.0,1004.0,999.0,1004.0,1100,0.0,0.0
2023-12-27 11:00:00+09:00,1003.0,1003.0,1000.0,1000.0,0,0.0,0.0
2023-12-27 12:00:00+09:00,999.0,1002.0,999.0,1001.0,20300,0.0,0.0
2023-12-27 13:00:00+09:00,1001.0,1004.0,1001.0,1003.0,800,0.0,0.0
2023-12-27 14:00:00+09:00,1002.0,1002.0,995.0,995.0,8700,0.0,0.0
2023-12-28 09:00:00+09:00,1003.0,1012.0,1000.0,1011.0,2200,0.0,0.0
2023-12-28 10:00:00+09:00,1012.0,1014.0,1002.0,1002.0,1700,0.0,0.0
2023-12-28 11:00:00+09:00,1008.0,1008.0,1008.0,1008.0,0,0.0,0.0
2023-12-28 12:00:00+09:00,1008.0,1011.0,1006.0,1008.0,5500,0.0,0.0
2023-12-28 13:00:00+09:00,1007.0,1012.0,1006.0,1012.0,1100,0.0,0.0
2023-12-28 14:00:00+09:00,1012.0,1013.0,1005.0,1010.0,2500,0.0,0.0
2023-12-29 09:00:00+09:00,1018.0,1024.0,1017.0,1020.0,1400,0.0,0.0
2023-12-29 10:00:00+09:00,1018.0,1019.0,1017.0,1018.0,1000,0.0,0.0
2023-12-29 11:00:00+09:00,1018.0,1020.0,1018.0,1020.0,0,0.0,0.0
2023-12-29 12:00:00+09:00,1021.0,1021.0,1021.0,1021.0,2900,0.0,0.0
2023-12-29 13:00:00+09:00,1019.0,1019.0,1003.0,1016.0,5600,0.0,0.0
2023-12-29 14:00:00+09:00,1015.0,1020.0,1015.0,1020.0,600,0.0,0.0
2024-01-04 09:00:00+09:00,1020.0,1024.0,1006.0,1011.0,3300,0.0,0.0
2024-01-04 10:00:00+09:00,1011.0,1016.0,1010.0,1016.0,400,0.0,0.0
2024-01-04 11:00:00+09:00,1013.0,1013.0,1013.0,1013.0,0,0.0,0.0
2024-01-04 12:00:00+09:00,1016.0,1020.0,1013.0,1020.0,5100,0.0,0.0
2024-01-04 13:00:00+09:00,1019.0,1030.0,1016.0,1025.0,3000,0.0,0.0
2024-01-04 14:00:00+09:00,1021.0,1025.0,1021.0,1025.0,700,0.0,0.0
2024-01-05 09:00:00+09:00,1018.0,1022.0,1016.0,1022.0,1500,0.0,0.0
2024-01-05 10:00:00+09:00,1022.0,1029.0,1022.0,1026.0,1200,0.0,0.0
2024-01-05 11:00:00+09:00,1026.0,1026.0,1026.0,1026.0,0,0.0,0.0
2024-01-05 12:00:00+09:00,1026.0,1026.0,1023.0,1023.0,3800,0.0,0.0
2024-01-05 13:00:00+09:00,1021.0,1025.0,1020.0,1020.0,500,0.0,0.0
2024-01-05 14:00:00+09:00,1021.0,1024.0,1020.0,1020.0,1000,0.0,0.0
2024-01-09 09:00:00+09:00,1025.0,1035.0,1022.0,1035.0,6000,0.0,0.0
2024-01-09 10:00:00+09:00,1034.0,1034.0,1033.0,1033.0,200,0.0,0.0
2024-01-09 11:00:00+09:00,1032.0,1032.0,1032.0,1032.0,0,0.0,0.0
2024-01-09 12:00:00+09:00,1026.0,1031.0,1026.0,1031.0,8200,0.0,0.0
2024-01-09 13:00:00+09:00,1032.0,1034.0,1032.0,1034.0,400,0.0,0.0
2024-01-09 14:00:00+09:00,1034.0,1036.0,1033.0,1035.0,3200,0.0,0.0
2024-01-10 09:00:00+09:00,1035.0,1045.0,1035.0,1045.0,3000,0.0,0.0
2024-01-10 10:00:00+09:00,1046.0,1048.0,1041.0,1044.0,1700,0.0,0.0
2024-01-10 11:00:00+09:00,1044.0,1044.0,1044.0,1044.0,0,0.0,0.0
2024-01-10 12:00:00+09:00,1041.0,1045.0,1041.0,1045.0,5900,0.0,0.0
2024-01-10 13:00:00+09:00,1043.0,1045.0,1043.0,1045.0,200,0.0,0.0
2024-01-10 14:00:00+09:00,1044.0,1044.0,1038.0,1040.0,5200,0.0,0.0
2024-01-11 09:00:00+09:00,1050.0,1075.0,1050.0,1070.0,11200,0.0,0.0
2024-01-11 10:00:00+09:00,1070.0,1079.0,1070.0,1073.0,3700,0.0,0.0
2024-01-11 11:00:00+09:00,1077.0,1077.0,1077.0,1077.0,0,0.0,0.0
2024-01-11 12:00:00+09:00,1075.0,1089.0,1075.0,1081.0,22700,0.0,0.0
2024-01-11 13:00:00+09:00,1080.0,1088.0,1076.0,1085.0,3300,0.0,0.0
2024-01-11 14:00:00+09:00,1080.0,1081.0,1075.0,1078.0,2300,0.0,0.0
2024-01-12 09:00:00+09:00,1074.0,1078.0,1055.0,1055.0,0,0.0,0.0
2024-01-12 10:00:00+09:00,1058.0,1060.0,1053.0,1057.0,3900,0.0,0.0
2024-01-12 11:00:00+09:00,1058.0,1058.0,1058.0,1058.0,0,0.0,0.0
2024-01-12 12:00:00+09:00,1053.0,1059.0,1053.0,1059.0,14100,0.0,0.0
2024-01-12 13:00:00+09:00,1057.0,1060.0,1054.0,1058.0,1400,0.0,0.0
2024-01-12 14:00:00+09:00,1061.0,1064.0,1061.0,1063.0,2000,0.0,0.0
2024-01-15 09:00:00+09:00,1070.0,1070.0,1068.0,1068.0,0,0.0,0.0
2024-01-15 10:00:00+09:00,1064.0,1067.0,1060.0,1067.0,3500,0.0,0.0
2024-01-15 11:00:00+09:00,1067.0,1067.0,1067.0,1067.0,0,0.0,0.0
2024-01-15 12:00:00+09:00,1065.0,1072.0,1061.0,1072.0,9500,0.0,0.0
2024-01-15 13:00:00+09:00,1072.0,1072.0,1067.0,1068.0,1200,0.0,0.0
2024-01-15 14:00:00+09:00,1068.0,1069.0,1065.0,1066.0,1000,0.0,0.0
2024-01-16 09:00:00+09:00,1069.0,1069.0,1062.0,1062.0,1600,0.0,0.0
2024-01-16 10:00:00+09:00,1062.0,1062.0,1059.0,1059.0,600,0.0,0.0
2024-01-16 11:00:00+09:00,1059.0,1059.0,1059.0,1059.0,0,0.0,0.0
2024-01-16 12:00:00+09:00,1060.0,1061.0,1059.0,1059.0,3000,0.0,0.0
2024-01-16 13:00:00+09:00,1059.0,1061.0,1058.0,1061.0,1300,0.0,0.0
2024-01-16 14:00:00+09:00,1061.0,1062.0,1060.0,1062.0,400,0.0,0.0
2024-01-17 09:00:00+09:00,1056.0,1061.0,1055.0,1057.0,2800,0.0,0.0
2024-01-17 10:00:00+09:00,1056.0,1061.0,1051.0,1057.0,4400,0.0,0.0
2024-01-17 11:00:00+09:00,1056.0,1056.0,1054.0,1054.0,0,0.0,0.0
2024-01-17 12:00:00+09:00,1058.0,1059.0,1036.0,1036.0,14300,0.0,0.0
2024-01-17 13:00:00+09:00,1039.0,1045.0,1039.0,1045.0,2300,0.0,0.0
2024-01-17 14:00:00+09:00,1045.0,1045.0,1039.0,1039.0,1800,0.0,0.0
2024-01-18 09:00:00+09:00,1049.0,1055.0,1040.0,1055.0,2800,0.0,0.0
2024-01-18 11:00:00+09:00,1055.0,1055.0,1055.0,1055.0,0,0.0,0.0
2024-01-18 12:00:00+09:00,1051.0,1051.0,1051.0,1051.0,3000,0.0,0.0
2024-01-18 13:00:00+09:00,1055.0,1055.0,1052.0,1052.0,300,0.0,0.0
2024-01-18 14:00:00+09:00,1052.0,1056.0,1052.0,1056.0,300,0.0,0.0
2024-01-19 09:00:00+09:00,1059.0,1075.0,1055.0,1059.0,8600,0.0,0.0
2024-01-19 10:00:00+09:00,1058.0,1058.0,1057.0,1057.0,1100,0.0,0.0
2024-01-19 11:00:00+09:00,1057.0,1057.0,1057.0,1057.0,0,0.0,0.0
2024-01-19 12:00:00+09:00,1059.0,1059.0,1050.0,1057.0,10700,0.0,0.0
2024-01-19 13:00:00+09:00,1050.0,1050.0,1050.0,1050.0,100,0.0,0.0
2024-01-19 14:00:00+09:00,1051.0,1055.0,1049.0,1055.0,900,0.0,0.0
2024-01-22 09:00:00+09:00,1059.0,1059.0,1050.0,1052.0,2500,0.0,0.0
2024-01-22 10:00:00+09:00,1052.0,1054.0,1052.0,1054.0,400,0.0,0.0
2024-01-22 11:00:00+09:00,1054.0,1054.0,1051.0,1051.0,0,0.0,0.0
2024-01-22 12:00:00+09:00,1050.0,1051.0,1050.0,1051.0,3900,0.0,0.0
2024-01-22 13:00:00+09:00,1055.0,1055.0,1055.0,1055.0,200,0.0,0.0
2024-01-22 14:00:00+09:00,1056.0,1058.0,1051.0,1053.0,2200,0.0,0.0
2024-01-23 09:00:00+09:00,1059.0,1068.0,1051.0,1063.0,4600,0.0,0.0
2024-01-23 10:00:00+09:00,1063.0,1071.0,1063.0,1071.0,900,0.0,0.0
2024-01-23 11:00:00+09:00,1072.0,1076.0,1072.0,1076.0,0,0.0,0.0
2024-01-23 12:00:00+09:00,1070.0,1072.0,1067.0,1072.0,10300,0.0,0.0
2024-01-23 13:00:00+09:00,1072.0,1074.0,1067.0,1073.0,1100,0.0,0.0
2024-01-23 14:00:00+09:00,1074.0,1078.0,1070.0,1070.0,2500,0.0,0.0
2024-01-24 09:00:00+09:00,1078.0,1078.0,1074.0,1078.0,700,0.0,0.0
2024-01-24 11:00:00+09:00,1078.0,1078.0,1078.0,1078.0,0,0.0,0.0
2024-01-24 12:00:00+09:00,1071.0,1071.0,1068.0,1068.0,1700,0.0,0.0
2024-01-24 13:00:00+09:00,1067.0,1072.0,1067.0,1072.0,0,0.0,0.0
2024-01-24 14:00:00+09:00,1072.0,1072.0,1072.0,1072.0,2600,0.0,0.0
2024-01-25 09:00:00+09:00,1090.0,1116.0,1088.0,1116.0,30600,0.0,0.0
2024-01-25 10:00:00+09:00,1111.0,1124.0,1110.0,1116.0,6900,0.0,0.0
2024-01-25 11:00:00+09:00,1118.0,1138.0,1116.0,1138.0,0,0.0,0.0
2024-01-25 12:00:00+09:00,1149.0,1149.0,1129.0,1142.0,47900,0.0,0.0
2024-01-25 13:00:00+09:00,1136.0,1139.0,1122.0,1128.0,1600,0.0,0.0
2024-01-25 14:00:00+09:00,1131.0,1131.0,1120.0,1130.0,3200,0.0,0.0
2024-01-26 09:00:00+09:00,1129.0,1136.0,1113.0,1120.0,0,0.0,0.0
2024-01-26 10:00:00+09:00,1122.0,1125.0,1122.0,1125.0,5700,0.0,0.0
2024-01-26 11:00:00+09:00,1125.0,1125.0,1125.0,1125.0,0,0.0,0.0
2024-01-26 12:00:00+09:00,1125.0,1125.0,1100.0,1100.0,11300,0.0,0.0
2024-01-26 13:00:00+09:00,1124.0,1124.0,1090.0,1100.0,5300,0.0,0.0
2024-01-26 14:00:00+09:00,1100.0,1100.0,1091.0,1095.0,2400,0.0,0.0
2024-01-29 09:00:00+09:00,1096.0,1111.0,1096.0,1111.0,1600,0.0,0.0
2024-01-29 10:00:00+09:00,1111.0,1111.0,1111.0,1111.0,300,0.0,0.0
2024-01-29 11:00:00+09:00,1101.0,1101.0,1097.0,1099.0,0,0.0,0.0
2024-01-29 12:00:00+09:00,1100.0,1110.0,1100.0,1110.0,2800,0.0,0.0
2024-01-29 14:00:00+09:00,1109.0,1109.0,1102.0,1102.0,500,0.0,0.0
2024-01-30 09:00:00+09:00,1110.0,1110.0,1104.0,1108.0,1100,0.0,0.0
2024-01-30 10:00:00+09:00,1110.0,1110.0,1106.0,1106.0,500,0.0,0.0
2024-01-30 11:00:00+09:00,1105.0,1109.0,1098.0,1098.0,0,0.0,0.0
2024-01-30 12:00:00+09:00,1100.0,1100.0,1100.0,1100.0,3400,0.0,0.0
2024-01-30 13:00:00+09:00,1107.0,1107.0,1106.0,1106.0,300,0.0,0.0
2024-01-30 14:00:00+09:00,1106.0,1109.0,1104.0,1109.0,700,0.0,0.0
2024-01-31 09:00:00+09:00,1108.0,1129.0,1108.0,1114.0,2600,0.0,0.0
2024-01-31 10:00:00+09:00,1116.0,1116.0,1116.0,1116.0,200,0.0,0.0
2024-01-31 11:00:00+09:00,1116.0,1116.0,1116.0,1116.0,0,0.0,0.0
2024-01-31 12:00:00+09:00,1117.0,1130.0,1117.0,1130.0,4500,0.0,0.0
2024-01-31 13:00:00+09:00,1136.0,1136.0,1129.0,1129.0,2500,0.0,0.0
2024-01-31 14:00:00+09:00,1125.0,1125.0,1117.0,1120.0,1200,0.0,0.0
2024-02-01 09:00:00+09:00,1126.0,1126.0,1113.0,1113.0,1600,0.0,0.0
2024-02-01 10:00:00+09:00,1123.0,1123.0,1123.0,1123.0,100,0.0,0.0
2024-02-01 11:00:00+09:00,1123.0,1123.0,1123.0,1123.0,0,0.0,0.0
2024-02-01 12:00:00+09:00,1123.0,1123.0,1123.0,1123.0,1800,0.0,0.0
2024-02-01 13:00:00+09:00,1122.0,1127.0,1121.0,1125.0,1900,0.0,0.0
2024-02-01 14:00:00+09:00,1125.0,1125.0,1125.0,1125.0,100,0.0,0.0
2024-02-02 09:00:00+09:00,1122.0,1132.0,1122.0,1132.0,1400,0.0,0.0
2024-02-02 10:00:00+09:00,1132.0,1134.0,1124.0,1124.0,1000,0.0,0.0
2024-02-02 11:00:00+09:00,1125.0,1125.0,1123.0,1123.0,0,0.0,0.0
2024-02-02 12:00:00+09:00,1123.0,1128.0,1123.0,1128.0,3000,0.0,0.0
2024-02-02 13:00:00+09:00,1130.0,1135.0,1129.0,1129.0,2000,0.0,0.0
2024-02-02 14:00:00+09:00,1130.0,1130.0,1130.0,1130.0,200,0.0,0.0
2024-02-05 09:00:00+09:00,1149.0,1149.0,1138.0,1140.0,3500,0.0,0.0
2024-02-05 10:00:00+09:00,1140.0,1140.0,1133.0,1138.0,1500,0.0,0.0
2024-02-05 11:00:00+09:00,1138.0,1138.0,1138.0,1138.0,0,0.0,0.0
2024-02-05 12:00:00+09:00,1142.0,1142.0,1135.0,1135.0,6500,0.0,0.0
2024-02-05 13:00:00+09:00,1138.0,1138.0,1133.0,1133.0,600,0.0,0.0
2024-02-05 14:00:00+09:00,1132.0,1135.0,1132.0,1134.0,1100,0.0,0.0
2024-02-06 09:00:00+09:00,1137.0,1146.0,1137.0,1140.0,4200,0.0,0.0
2024-02-06 10:00:00+09:00,1144.0,1151.0,1138.0,1141.0,6800,0.0,0.0
2024-02-06 11:00:00+09:00,1141.0,1144.0,1141.0,1142.0,0,0.0,0.0
2024-02-06 12:00:00+09:00,1140.0,1143.0,1134.0,1134.0,14900,0.0,0.0
2024-02-06 13:00:00+09:00,1134.0,1141.0,1134.0,1136.0,3300,0.0,0.0
2024-02-06 14:00:00+09:00,1140.0,1145.0,1136.0,1140.0,4300,0.0,0.0
2024-02-07 09:00:00+09:00,1161.0,1166.0,1148.0,1157.0,0,0.0,0.0
2024-02-07 10:00:00+09:00,1154.0,1167.0,1154.0,1167.0,24800,0.0,0.0
2024-02-07 11:00:00+09:00,1168.0,1173.0,1162.0,1162.0,0,0.0,0.0
2024-02-07 12:00:00+09:00,1163.0,1165.0,1160.0,1160.0,29500,0.0,0.0
2024-02-07 13:00:00+09:00,1160.0,1165.0,1160.0,1165.0,2400,0.0,0.0
2024-02-07 14:00:00+09:00,1168.0,1171.0,1160.0,1166.0,8100,0.0,0.0
2024-02-08 09:00:00+09:00,1171.0,1171.0,1143.0,1155.0,0,0.0,0.0
2024-02-08 10:00:00+09:00,1146.0,1148.0,1138.0,1148.0,11800,0.0,0.0
2024-02-08 11:00:00+09:00,1145.0,1145.0,1145.0,1145.0,0,0.0,0.0
2024-02-08 12:00:00+09:00,1141.0,1142.0,1141.0,1141.0,13700,0.0,0.0
2024-02-08 13:00:00+09:00,1143.0,1146.0,1141.0,1146.0,600,0.0,0.0
2024-02-08 14:00:00+09:00,1149.0,1153.0,1140.0,1140.0,3000,0.0,0.0
2024-02-09 09:00:00+09:00,1139.0,1145.0,1128.0,1128.0,7600,0.0,0.0
2024-02-09 10:00:00+09:00,1130.0,1130.0,1113.0,1118.0,4600,0.0,0.0
2024-02-09 11:00:00+09:00,1118.0,1119.0,1117.0,1119.0,0,0.0,0.0
2024-02-09 12:00:00+09:00,1120.0,1120.0,1112.0,1114.0,14900,0.0,0.0
2024-02-09 13:00:00+09:00,1112.0,1116.0,1109.0,1116.0,3000,0.0,0.0
2024-02-09 14:00:00+09:00,1117.0,1119.0,1113.0,1114.0,700,0.0,0.0
2024-02-13 09:00:00+09:00,1109.0,1120.0,1100.0,1100.0,9400,0.0,0.0
2024-02-13 10:00:00+09:00,1101.0,1101.0,1094.0,1096.0,5200,0.0,0.0
2024-02-13 11:00:00+09:00,1096.0,1096.0,1095.0,1095.0,0,0.0,0.0
2024-02-13 12:00:00+09:00,1098.0,1101.0,1097.0,1101.0,16600,0.0,0.0
2024-02-13 13:00:00+09:00,1099.0,1104.0,1095.0,1104.0,6400,0.0,0.0
2024-02-13 14:00:00+09:00,1105.0,1109.0,1105.0,1109.0,2100,0.0,0.0
2024-02-14 09:00:00+09:00,1111.0,1140.0,1110.0,1133.0,8900,0.0,0.0
2024-02-14 10:00:00+09:00,1132.0,1139.0,1126.0,1134.0,3400,0.0,0.0
2024-02-14 11:00:00+09:00,1134.0,1134.0,1134.0,1134.0,0,0.0,0.0
2024-02-14 12:00:00+09:00,1134.0,1135.0,1134.0,1134.0,13100,0.0,0.0
2024-02-14 13:00:00+09:00,1133.0,1135.0,1128.0,1128.0,1200,0.0,0.0
2024-02-14 14:00:00+09:00,1127.0,1129.0,1123.0,1124.0,2600,0.0,0.0
2024-02-15 09:00:00+09:00,1140.0,1140.0,1104.0,1105.0,5600,0.0,0.0
2024-02-15 10:00:00+09:00,1104.0,1106.0,1102.0,1106.0,1300,0.0,0.0
2024-02-15 11:00:00+09:00,1106.0,1106.0,1105.0,1105.0,0,0.0,0.0
2024-02-15 12:00:00+09:00,1107.0,1107.0,1088.0,1095.0,15900,0.0,0.0
2024-02-15 13:00:00+09:00,1092.0,1093.0,1088.0,1088.0,1100,0.0,0.0
2024-02-15 14:00:00+09:00,1089.0,1093.0,1084.0,1091.0,4900,0.0,0.0
2024-02-16 09:00:00+09:00,1099.0,1100.0,1082.0,1100.0,4600,0.0,0.0
2024-02-16 10:00:00+09:00,1105.0,1112.0,1102.0,1110.0,4300,0.0,0.0
2024-02-16 11:00:00+09:00,1110.0,1110.0,1108.0,1110.0,0,0.0,0.0
2024-02-16 12:00:00+09:00,1110.0,1117.0,1110.0,1117.0,10100,0.0,0.0
2024-02-16 13:00:00+09:00,1117.0,1117.0,1117.0,1117.0,600,0.0,0.0
2024-02-16 14:00:00+09:00,1112.0,1117.0,1110.0,1110.0,900,0.0,0.0
2024-02-19 09:00:00+09:00,1113.0,1121.0,1112.0,1119.0,0,0.0,0.0
2024-02-19 10:00:00+09:00,1121.0,1121.0,1121.0,1121.0,100,0.0,0.0
2024-02-19 11:00:00+09:00,1118.0,1120.0,1118.0,1120.0,0,0.0,0.0
2024-02-19 12:00:00+09:00,1120.0,1120.0,1104.0,1104.0,4100,0.0,0.0
2024-02-19 13:00:00+09:00,1120.0,1121.0,1117.0,1117.0,0,0.0,0.0
2024-02-19 14:00:00+09:00,1122.0,1122.0,1117.0,1119.0,7500,0.0,0.0
2024-02-20 09:00:00+09:00,1120.0,1124.0,1118.0,1124.0,1700,0.0,0.0
2024-02-20 10:00:00+09:00,1120.0,1120.0,1120.0,1120.0,100,0.0,0.0
2024-02-20 11:00:00+09:00,1120.0,1120.0,1120.0,1120.0,0,0.0,0.0
2024-02-20 12:00:00+09:00,1119.0,1119.0,1118.0,1118.0,2000,0.0,0.0
2024-02-20 13:00:00+09:00,1117.0,1117.0,1113.0,1113.0,500,0.0,0.0
2024-02-21 09:00:00+09:00,1118.0,1118.0,1113.0,1113.0,800,0.0,0.0
2024-02-21 10:00:00+09:00,1110.0,1110.0,1106.0,1106.0,2300,0.0,0.0
2024-02-21 11:00:00+09:00,1106.0,1106.0,1105.0,1105.0,0,0.0,0.0
2024-02-21 12:00:00+09:00,1105.0,1105.0,1093.0,1098.0,5900,0.0,0.0
2024-02-21 13:00:00+09:00,1095.0,1098.0,1095.0,1098.0,500,0.0,0.0
2024-02-21 14:00:00+09:00,1099.0,1100.0,1095.0,1095.0,1000,0.0,0.0
2024-02-22 09:00:00+09:00,1101.0,1101.0,1099.0,1099.0,900,0.0,0.0
2024-02-22 10:00:00+09:00,1100.0,1100.0,1100.0,1100.0,300,0.0,0.0
2024-02-22 11:00:00+09:00,1100.0,1100.0,1100.0,1100.0,0,0.0,0.0
2024-02-22 12:00:00+09:00,1100.0,1100.0,1093.0,1099.0,2300,0.0,0.0
2024-02-22 13:00:00+09:00,1100.0,1102.0,1090.0,1097.0,1500,0.0,0.0
2024-02-22 14:00:00+09:00,1094.0,1101.0,1093.0,1101.0,900,0.0,0.0
2024-02-26 09:00:00+09:00,1110.0,1110.0,1106.0,1107.0,3800,0.0,0.0
2024-02-26 10:00:00+09:00,1107.0,1109.0,1106.0,1109.0,800,0.0,0.0
2024-02-26 11:00:00+09:00,1104.0,1155.0,1104.0,1140.0,0,0.0,0.0
2024-02-26 12:00:00+09:00,1135.0,1143.0,1122.0,1130.0,23000,0.0,0.0
2024-02-26 13:00:00+09:00,1132.0,1144.0,1123.0,1137.0,6400,0.0,0.0
2024-02-26 14:00:00+09:00,1129.0,1145.0,1126.0,1143.0,11700,0.0,0.0
2024-02-27 09:00:00+09:00,1141.0,1152.0,1136.0,1146.0,5500,0.0,0.0
2024-02-27 10:00:00+09:00,1145.0,1148.0,1145.0,1148.0,700,0.0,0.0
2024-02-27 11:00:00+09:00,1144.0,1144.0,1139.0,1139.0,0,0.0,0.0
2024-02-27 12:00:00+09:00,1139.0,1139.0,1139.0,1139.0,6600,0.0,0.0
2024-02-27 13:00:00+09:00,1144.0,1144.0,1144.0,1144.0,100,0.0,0.0
2024-02-27 14:00:00+09:00,1147.0,1152.0,1143.0,1143.0,1400,0.0,0.0
2024-02-28 09:00:00+09:00,1148.0,1150.0,1148.0,1150.0,500,0.0,0.0
2024-02-28 10:00:00+09:00,1152.0,1152.0,1144.0,1149.0,1400,0.0,0.0
2024-02-28 11:00:00+09:00,1145.0,1147.0,1136.0,1136.0,0,0.0,0.0
2024-02-28 12:00:00+09:00,1146.0,1146.0,1146.0,1146.0,4100,0.0,0.0
2024-02-28 13:00:00+09:00,1139.0,1146.0,1137.0,1137.0,1500,0.0,0.0
2024-02-28 14:00:00+09:00,1140.0,1142.0,1140.0,1142.0,200,0.0,0.0
2024-02-29 09:00:00+09:00,1139.0,1141.0,1134.0,1141.0,400,0.0,0.0
2024-02-29 10:00:00+09:00,1143.0,1143.0,1143.0,1143.0,200,0.0,0.0
2024-02-29 11:00:00+09:00,1143.0,1143.0,1143.0,1143.0,0,0.0,0.0
2024-02-29 12:00:00+09:00,1147.0,1147.0,1138.0,1140.0,1600,0.0,0.0
2024-02-29 13:00:00+09:00,1139.0,1145.0,1136.0,1145.0,1000,0.0,0.0
2024-02-29 14:00:00+09:00,1142.0,1142.0,1136.0,1137.0,1200,0.0,0.0
2024-03-01 09:00:00+09:00,1138.0,1138.0,1122.0,1122.0,1400,0.0,0.0
2024-03-01 10:00:00+09:00,1122.0,1127.0,1111.0,1127.0,5700,0.0,0.0
2024-03-01 11:00:00+09:00,1127.0,1127.0,1127.0,1127.0,0,0.0,0.0
2024-03-01 12:00:00+09:00,1129.0,1129.0,1126.0,1126.0,7300,0.0,0.0
2024-03-01 13:00:00+09:00,1130.0,1130.0,1130.0,1130.0,100,0.0,0.0
2024-03-01 14:00:00+09:00,1128.0,1132.0,1123.0,1123.0,1100,0.0,0.0
2024-03-04 09:00:00+09:00,1131.0,1131.0,1119.0,1120.0,2000,0.0,0.0
2024-03-04 10:00:00+09:00,1126.0,1130.0,1124.0,1124.0,1200,0.0,0.0
2024-03-04 11:00:00+09:00,1124.0,1124.0,1124.0,1124.0,0,0.0,0.0
2024-03-04 12:00:00+09:00,1121.0,1123.0,1116.0,1119.0,4500,0.0,0.0
2024-03-04 13:00:00+09:00,1120.0,1120.0,1120.0,1120.0,100,0.0,0.0
2024-03-04 14:00:00+09:00,1118.0,1119.0,1117.0,1117.0,900,0.0,0.0
2024-03-05 09:00:00+09:00,1116.0,1117.0,1103.0,1103.0,2800,0.0,0.0
2024-03-05 10:00:00+09:00,1110.0,1111.0,1103.0,1103.0,300,0.0,0.0
2024-03-05 11:00:00+09:00,1103.0,1103.0,1103.0,1103.0,0,0.0,0.0
2024-03-05 12:00:00+09:00,1106.0,1109.0,1106.0,1109.0,4000,0.0,0.0
2024-03-05 13:00:00+09:00,1110.0,1112.0,1106.0,1106.0,900,0.0,0.0
2024-03-05 14:00:00+09:00,1107.0,1112.0,1107.0,1110.0,500,0.0,0.0
2024-03-06 09:00:00+09:00,1102.0,1113.0,1102.0,1113.0,2000,0.0,0.0
2024-03-06 10:00:00+09:00,1108.0,1110.0,1103.0,1104.0,700,0.0,0.0
2024-03-06 11:00:00+09:00,1104.0,1104.0,1104.0,1104.0,0,0.0,0.0
2024-03-06 12:00:00+09:00,1109.0,1111.0,1109.0,1111.0,3400,0.0,0.0
2024-03-06 13:00:00+09:00,1114.0,1115.0,1114.0,1115.0,600,0.0,0.0
2024-03-06 14:00:00+09:00,1113.0,1118.0,1106.0,1118.0,3400,0.0,0.0
2024-03-07 09:00:00+09:00,1113.0,1113.0,1113.0,1113.0,0,0.0,0.0
2024-03-07 10:00:00+09:00,1112.0,1116.0,1112.0,1114.0,800,0.0,0.0
2024-03-07 11:00:00+09:00,1111.0,1114.0,1111.0,1114.0,0,0.0,0.0
2024-03-07 12:00:00+09:00,1114.0,1120.0,1108.0,1116.0,2600,0.0,0.0
2024-03-07 13:00:00+09:00,1110.0,1110.0,1110.0,1110.0,200,0.0,0.0
2024-03-07 14:00:00+09:00,1115.0,1117.0,1108.0,1108.0,1500,0.0,0.0
2024-03-08 09:00:00+09:00,1110.0,1121.0,1110.0,1121.0,1500,0.0,0.0
2024-03-08 10:00:00+09:00,1121.0,1121.0,1118.0,1118.0,300,0.0,0.0
2024-03-08 11:00:00+09:00,1120.0,1120.0,1120.0,1120.0,0,0.0,0.0
2024-03-08 12:00:00+09:00,1124.0,1150.0,1124.0,1139.0,8400,0.0,0.0
2024-03-08 13:00:00+09:00,1131.0,1138.0,1130.0,1130.0,2600,0.0,0.0
2024-03-08 14:00:00+09:00,1128.0,1137.0,1127.0,1137.0,1200,0.0,0.0
2024-03-11 09:00:00+09:00,1139.0,1139.0,1121.0,1134.0,1700,0.0,0.0
2024-03-11 10:00:00+09:00,1132.0,1132.0,1117.0,1117.0,1400,0.0,0.0
2024-03-11 11:00:00+09:00,1116.0,1116.0,1115.0,1115.0,0,0.0,0.0
2024-03-11 12:00:00+09:00,1119.0,1119.0,1105.0,1105.0,6100,0.0,0.0
2024-03-11 13:00:00+09:00,1106.0,1106.0,1094.0,1094.0,2800,0.0,0.0
2024-03-11 14:00:00+09:00,1096.0,1103.0,1096.0,1103.0,500,0.0,0.0
2024-03-12 09:00:00+09:00,1110.0,1110.0,1098.0,1098.0,2000,0.0,0.0
2024-03-12 11:00:00+09:00,1116.0,1116.0,1116.0,1116.0,0,0.0,0.0
2024-03-12 12:00:00+09:00,1116.0,1116.0,1105.0,1105.0,3100,0.0,0.0
2024-03-12 13:00:00+09:00,1103.0,1115.0,1103.0,1115.0,300,0.0,0.0
2024-03-12 14:00:00+09:00,1108.0,1108.0,1108.0,1108.0,200,0.0,0.0
2024-03-13 09:00:00+09:00,1120.0,1120.0,1120.0,1120.0,200,0.0,0.0
2024-03-13 10:00:00+09:00,1119.0,1119.0,1101.0,1101.0,1900,0.0,0.0
2024-03-13 11:00:00+09:00,1103.0,1103.0,1103.0,1103.0,0,0.0,0.0
2024-03-13 12:00:00+09:00,1103.0,1119.0,1103.0,1117.0,3300,0.0,0.0
2024-03-13 13:00:00+09:00,1118.0,1118.0,1118.0,1118.0,100,0.0,0.0
2024-03-13 14:00:00+09:00,1106.0,1116.0,1101.0,1113.0,2400,0.0,0.0
2024-03-14 09:00:00+09:00,1115.0,1116.0,1114.0,1114.0,500,0.0,0.0
2024-03-14 10:00:00+09:00,1110.0,1110.0,1110.0,1110.0,100,0.0,0.0
2024-03-14 11:00:00+09:00,1111.0,1111.0,1111.0,1111.0,0,0.0,0.0
2024-03-14 12:00:00+09:00,1111.0,1115.0,1107.0,1115.0,1600,0.0,0.0
2024-03-14 13:00:00+09:00,1115.0,1118.0,1113.0,1113.0,600,0.0,0.0
2024-03-14 14:00:00+09:00,1113.0,1113.0,1113.0,1113.0,100,0.0,0.0
2024-03-15 09:00:00+09:00,1113.0,1137.0,1112.0,1137.0,8400,0.0,0.0
2024-03-15 10:00:00+09:00,1137.0,1137.0,1130.0,1135.0,1300,0.0,0.0
2024-03-15 11:00:00+09:00,1130.0,1135.0,1130.0,1135.0,0,0.0,0.0
2024-03-15 12:00:00+09:00,1130.0,1134.0,1130.0,1134.0,10900,0.0,0.0
2024-03-15 13:00:00+09:00,1134.0,1135.0,1126.0,1126.0,1400,0.0,0.0
2024-03-15 14:00:00+09:00,1135.0,1135.0,1127.0,1127.0,500,0.0,0.0
2024-03-18 09:00:00+09:00,1146.0,1146.0,1135.0,1135.0,8200,0.0,0.0
2024-03-18 10:00:00+09:00,1136.0,1136.0,1135.0,1135.0,3100,0.0,0.0
2024-03-18 11:00:00+09:00,1133.0,1134.0,1133.0,1134.0,0,0.0,0.0
2024-03-18 12:00:00+09:00,1134.0,1137.0,1134.0,1137.0,13500,0.0,0.0
2024-03-18 13:00:00+09:00,1135.0,1135.0,1132.0,1132.0,300,0.0,0.0
2024-03-18 14:00:00+09:00,1139.0,1139.0,1139.0,1139.0,200,0.0,0.0
2024-03-19 09:00:00+09:00,1143.0,1143.0,1133.0,1133.0,2100,0.0,0.0
2024-03-19 10:00:00+09:00,1134.0,1141.0,1125.0,1125.0,2800,0.0,0.0
2024-03-19 11:00:00+09:00,1129.0,1129.0,1129.0,1129.0,0,0.0,0.0
2024-03-19 12:00:00+09:00,1138.0,1138.0,1125.0,1126.0,5800,0.0,0.0
2024-03-19 13:00:00+09:00,1126.0,1129.0,1124.0,1129.0,0,0.0,0.0
2024-03-19 14:00:00+09:00,1127.0,1130.0,1121.0,1122.0,8700,0.0,0.0
2024-03-21 09:00:00+09:00,1117.0,1127.0,1117.0,1124.0,7000,0.0,0.0
2024-03-21 10:00:00+09:00,1121.0,1121.0,1121.0,1121.0,100,0.0,0.0
2024-03-21 11:00:00+09:00,1122.0,1123.0,1122.0,1123.0,0,0.0,0.0
2024-03-21 12:00:00+09:00,1118.0,1121.0,1115.0,1121.0,9100,0.0,0.0
2024-03-21 13:00:00+09:00,1118.0,1120.0,1116.0,1119.0,900,0.0,0.0
2024-03-21 14:00:00+09:00,1120.0,1120.0,1116.0,1116.0,2100,0.0,0.0
2024-03-22 09:00:00+09:00,1124.0,1124.0,1110.0,1112.0,3400,0.0,0.0
2024-03-22 10:00:00+09:00,1114.0,1114.0,1112.0,1112.0,2600,0.0,0.0
2024-03-22 11:00:00+09:00,1118.0,1118.0,1117.0,1117.0,0,0.0,0.0
2024-03-22 12:00:00+09:00,1117.0,1117.0,1112.0,1112.0,7100,0.0,0.0
2024-03-22 13:00:00+09:00,1118.0,1121.0,1118.0,1121.0,400,0.0,0.0
2024-03-22 14:00:00+09:00,1115.0,1118.0,1114.0,1118.0,1100,0.0,0.0
2024-03-25 09:00:00+09:00,1121.0,1128.0,1120.0,1120.0,6700,0.0,0.0
2024-03-25 10:00:00+09:00,1126.0,1126.0,1121.0,1124.0,400,0.0,0.0
2024-03-25 11:00:00+09:00,1125.0,1125.0,1118.0,1118.0,0,0.0,0.0
2024-03-25 12:00:00+09:00,1118.0,1120.0,1118.0,1120.0,7900,0.0,0.0
2024-03-25 13:00:00+09:00,1125.0,1125.0,1125.0,1125.0,200,0.0,0.0
2024-03-25 14:00:00+09:00,1120.0,1120.0,1119.0,1119.0,300,0.0,0.0
2024-03-26 09:00:00+09:00,1130.0,1130.0,1123.0,1123.0,2400,0.0,0.0
2024-03-26 10:00:00+09:00,1123.0,1123.0,1120.0,1122.0,1000,0.0,0.0
2024-03-26 11:00:00+09:00,1126.0,1126.0,1126.0,1126.0,0,0.0,0.0
2024-03-26 12:00:00+09:00,1126.0,1126.0,1123.0,1123.0,4400,0.0,0.0
2024-03-26 14:00:00+09:00,1124.0,1124.0,1122.0,1122.0,400,0.0,0.0
2024-03-27 09:00:00+09:00,1127.0,1127.0,1118.0,1118.0,7100,0.0,0.0
2024-03-27 10:00:00+09:00,1119.0,1124.0,1119.0,1124.0,0,0.0,0.0
2024-03-27 11:00:00+09:00,1120.0,1124.0,1119.0,1124.0,0,0.0,0.0
2024-03-27 12:00:00+09:00,1121.0,1124.0,1121.0,1121.0,10800,0.0,0.0
2024-03-27 13:00:00+09:00,1125.0,1125.0,1115.0,1118.0,3100,0.0,0.0
2024-03-27 14:00:00+09:00,1124.0,1124.0,1117.0,1124.0,1500,0.0,0.0
2024-03-28 09:00:00+09:00,1102.0,1112.0,1102.0,1112.0,1600,0.0,0.0
2024-03-28 10:00:00+09:00,1113.0,1114.0,1113.0,1114.0,500,0.0,0.0
2024-03-28 11:00:00+09:00,1114.0,1114.0,1114.0,1114.0,0,0.0,0.0
2024-03-28 12:00:00+09:00,1114.0,1115.0,1114.0,1115.0,3300,0.0,0.0
2024-03-28 13:00:00+09:00,1111.0,1111.0,1111.0,1111.0,100,0.0,0.0
2024-03-28 14:00:00+09:00,1112.0,1112.0,1111.0,1112.0,500,0.0,0.0
2024-03-29 09:00:00+09:00,1113.0,1113.0,1051.0,1106.0,4900,0.0,0.0
2024-03-29 10:00:00+09:00,1108.0,1108.0,1105.0,1105.0,500,0.0,0.0
2024-03-29 11:00:00+09:00,1107.0,1108.0,1107.0,1108.0,0,0.0,0.0
2024-03-29 12:00:00+09:00,1107.0,1110.0,1106.0,1110.0,6300,0.0,0.0
2024-03-29 13:00:00+09:00,1110.0,1111.0,1108.0,1108.0,300,0.0,0.0
2024-03-29 14:00:00+09:00,1113.0,1113.0,1105.0,1105.0,600,0.0,0.0
2024-04-01 09:00:00+09:00,1109.0,1112.0,1104.0,1106.0,3600,0.0,0.0
2024-04-01 10:00:00+09:00,1105.0,1112.0,1101.0,1102.0,1000,0.0,0.0
2024-04-01 11:00:00+09:00,1103.0,1111.0,1103.0,1103.0,0,0.0,0.0
2024-04-01 12:00:00+09:00,1103.0,1108.0,1101.0,1108.0,6600,0.0,0.0
2024-04-01 13:00:00+09:00,1103.0,1107.0,1103.0,1106.0,900,0.0,0.0
2024-04-01 14:00:00+09:00,1106.0,1106.0,1103.0,1106.0,1600,0.0,0.0
2024-04-02 09:00:00+09:00,1106.0,1106.0,1101.0,1101.0,1900,0.0,0.0
2024-04-02 10:00:00+09:00,1102.0,1105.0,1094.0,1094.0,1800,0.0,0.0
2024-04-02 11:00:00+09:00,1095.0,1095.0,1095.0,1095.0,0,0.0,0.0
2024-04-02 12:00:00+09:00,1096.0,1096.0,1092.0,1094.0,6800,0.0,0.0
2024-04-02 13:00:00+09:00,1095.0,1095.0,1090.0,1090.0,1800,0.0,0.0
2024-04-02 14:00:00+09:00,1089.0,1090.0,1067.0,1081.0,3400,0.0,0.0
2024-04-03 09:00:00+09:00,1079.0,1084.0,1074.0,1079.0,2300,0.0,0.0
2024-04-03 10:00:00+09:00,1085.0,1085.0,1080.0,1080.0,900,0.0,0.0
2024-04-03 11:00:00+09:00,1080.0,1080.0,1080.0,1080.0,0,0.0,0.0
2024-04-03 12:00:00+09:00,1080.0,1081.0,1080.0,1081.0,3500,0.0,0.0
2024-04-03 13:00:00+09:00,1082.0,1085.0,1082.0,1082.0,600,0.0,0.0
2024-04-03 14:00:00+09:00,1088.0,1094.0,1083.0,1083.0,1800,0.0,0.0
2024-04-04 09:00:00+09:00,1088.0,1088.0,1085.0,1086.0,600,0.0,0.0
2024-04-04 10:00:00+09:00,1087.0,1087.0,1087.0,1087.0,100,0.0,0.0
2024-04-04 11:00:00+09:00,1087.0,1087.0,1087.0,1087.0,0,0.0,0.0
2024-04-04 12:00:00+09:00,1085.0,1086.0,1084.0,1086.0,1300,0.0,0.0
2024-04-04 13:00:00+09:00,1086.0,1087.0,1085.0,1087.0,400,0.0,0.0
2024-04-05 09:00:00+09:00,1072.0,1079.0,1072.0,1079.0,1600,0.0,0.0
2024-04-05 10:00:00+09:00,1075.0,1075.0,1075.0,1075.0,100,0.0,0.0
2024-04-05 11:00:00+09:00,1074.0,1074.0,1074.0,1074.0,0,0.0,0.0
2024-04-05 12:00:00+09:00,1073.0,1073.0,1073.0,1073.0,2600,0.0,0.0
2024-04-05 13:00:00+09:00,1072.0,1072.0,1067.0,1067.0,1200,0.0,0.0
2024-04-05 14:00:00+09:00,1068.0,1068.0,1064.0,1065.0,2500,0.0,0.0
2024-04-08 09:00:00+09:00,1064.0,1069.0,1064.0,1065.0,2400,0.0,0.0
2024-04-08 10:00:00+09:00,1066.0,1066.0,1063.0,1066.0,1000,0.0,0.0
2024-04-08 11:00:00+09:00,1061.0,1061.0,1061.0,1061.0,0,0.0,0.0
2024-04-08 12:00:00+09:00,1061.0,1061.0,1061.0,1061.0,3800,0.0,0.0
2024-04-08 13:00:00+09:00,1062.0,1064.0,1061.0,1064.0,400,0.0,0.0
2024-04-08 14:00:00+09:00,1062.0,1064.0,1061.0,1064.0,800,0.0,0.0
2024-04-09 09:00:00+09:00,1060.0,1063.0,1055.0,1060.0,2000,0.0,0.0
2024-04-09 11:00:00+09:00,1061.0,1061.0,1061.0,1061.0,0,0.0,0.0
2024-04-09 12:00:00+09:00,1061.0,1061.0,1060.0,1060.0,0,0.0,0.0
2024-04-09 13:00:00+09:00,1062.0,1063.0,1062.0,1063.0,3000,0.0,0.0
2024-04-09 14:00:00+09:00,1063.0,1064.0,1063.0,1064.0,500,0.0,0.0
2024-04-10 09:00:00+09:00,1059.0,1067.0,1059.0,1067.0,1500,0.0,0.0
2024-04-10 11:00:00+09:00,1067.0,1067.0,1067.0,1067.0,0,0.0,0.0
2024-04-10 12:00:00+09:00,1065.0,1066.0,1064.0,1066.0,2400,0.0,0.0
2024-04-10 13:00:00+09:00,1065.0,1067.0,1065.0,1067.0,500,0.0,0.0
2024-04-10 14:00:00+09:00,1065.0,1065.0,1065.0,1065.0,1100,0.0,0.0
2024-04-11 09:00:00+09:00,1062.0,1068.0,1061.0,1068.0,0,0.0,0.0
2024-04-11 10:00:00+09:00,1068.0,1068.0,1068.0,1068.0,3400,0.0,0.0
2024-04-11 11:00:00+09:00,1068.0,1070.0,1068.0,1070.0,0,0.0,0.0
2024-04-11 12:00:00+09:00,1069.0,1073.0,1069.0,1073.0,5500,0.0,0.0
2024-04-11 13:00:00+09:00,1075.0,1075.0,1075.0,1075.0,700,0.0,0.0
2024-04-11 14:00:00+09:00,1075.0,1085.0,1075.0,1085.0,3100,0.0,0.0
2024-04-12 09:00:00+09:00,1081.0,1087.0,1081.0,1087.0,2400,0.0,0.0
2024-04-12 10:00:00+09:00,1087.0,1087.0,1087.0,1087.0,300,0.0,0.0
2024-04-12 11:00:00+09:00,1087.0,1087.0,1080.0,1080.0,0,0.0,0.0
2024-04-12 12:00:00+09:00,1080.0,1080.0,1080.0,1080.0,3400,0.0,0.0
2024-04-12 13:00:00+09:00,1086.0,1094.0,1086.0,1094.0,500,0.0,0.0
2024-04-12 14:00:00+09:00,1088.0,1088.0,1088.0,1088.0,200,0.0,0.0
2024-04-15 09:00:00+09:00,1086.0,1086.0,1077.0,1077.0,3100,0.0,0.0
2024-04-15 10:00:00+09:00,1082.0,1082.0,1082.0,1082.0,100,0.0,0.0
2024-04-15 11:00:00+09:00,1082.0,1082.0,1082.0,1082.0,0,0.0,0.0
2024-04-15 12:00:00+09:00,1082.0,1083.0,1082.0,1083.0,3500,0.0,0.0
2024-04-15 13:00:00+09:00,1083.0,1083.0,1079.0,1079.0,700,0.0,0.0
2024-04-15 14:00:00+09:00,1079.0,1079.0,1076.0,1078.0,1100,0.0,0.0
2024-04-16 09:00:00+09:00,1065.0,1074.0,1065.0,1074.0,5700,0.0,0.0
2024-04-16 10:00:00+09:00,1068.0,1068.0,1068.0,1068.0,300,0.0,0.0
2024-04-16 11:00:00+09:00,1071.0,1071.0,1071.0,1071.0,0,0.0,0.0
2024-04-16 12:00:00+09:00,1068.0,1070.0,1064.0,1069.0,9000,0.0,0.0
2024-04-16 13:00:00+09:00,1061.0,1062.0,1060.0,1060.0,900,0.0,0.0
2024-04-16 14:00:00+09:00,1061.0,1068.0,1060.0,1062.0,900,0.0,0.0
2024-04-17 09:00:00+09:00,1067.0,1073.0,1046.0,1055.0,15200,0.0,0.0
2024-04-17 10:00:00+09:00,1048.0,1055.0,1048.0,1055.0,500,0.0,0.0
2024-04-17 11:00:00+09:00,1055.0,1055.0,1055.0,1055.0,0,0.0,0.0
2024-04-17 12:00:00+09:00,1054.0,1059.0,1054.0,1055.0,17000,0.0,0.0
2024-04-17 13:00:00+09:00,1051.0,1053.0,1047.0,1047.0,1100,0.0,0.0
2024-04-17 14:00:00+09:00,1056.0,1056.0,1040.0,1050.0,2600,0.0,0.0
2024-04-18 09:00:00+09:00,1024.0,1044.0,1024.0,1044.0,6700,0.0,0.0
2024-04-18 10:00:00+09:00,1045.0,1047.0,1037.0,1037.0,600,0.0,0.0
2024-04-18 11:00:00+09:00,1038.0,1045.0,1038.0,1041.0,0,0.0,0.0
2024-04-18 12:00:00+09:00,1047.0,1047.0,1047.0,1047.0,16600,0.0,0.0
2024-04-18 13:00:00+09:00,1047.0,1048.0,1047.0,1048.0,400,0.0,0.0
2024-04-18 14:00:00+09:00,1048.0,1048.0,1045.0,1045.0,600,0.0,0.0
2024-04-19 09:00:00+09:00,1038.0,1050.0,1038.0,1040.0,3500,0.0,0.0
2024-04-19 10:00:00+09:00,1038.0,1038.0,1028.0,1028.0,1500,0.0,0.0
2024-04-19 11:00:00+09:00,1028.0,1028.0,1018.0,1018.0,0,0.0,0.0
2024-04-19 12:00:00+09:00,1019.0,1030.0,1019.0,1029.0,8100,0.0,0.0
2024-04-19 13:00:00+09:00,1030.0,1030.0,1030.0,1030.0,1200,0.0,0.0
2024-04-19 14:00:00+09:00,1030.0,1035.0,1025.0,1035.0,1100,0.0,0.0
2024-04-22 09:00:00+09:00,1031.0,1063.0,1031.0,1063.0,6200,0.0,0.0
2024-04-22 10:00:00+09:00,1061.0,1063.0,1055.0,1055.0,1000,0.0,0.0
2024-04-22 11:00:00+09:00,1061.0,1061.0,1054.0,1054.0,0,0.0,0.0
2024-04-22 12:00:00+09:00,1046.0,1046.0,1046.0,1046.0,0,0.0,0.0
2024-04-22 13:00:00+09:00,1049.0,1059.0,1046.0,1053.0,9600,0.0,0.0
2024-04-22 14:00:00+09:00,1051.0,1063.0,1051.0,1062.0,1100,0.0,0.0
2024-04-23 09:00:00+09:00,1056.0,1060.0,1051.0,1051.0,1800,0.0,0.0
2024-04-23 10:00:00+09:00,1060.0,1064.0,1050.0,1050.0,1900,0.0,0.0
2024-04-23 11:00:00+09:00,1050.0,1050.0,1050.0,1050.0,0,0.0,0.0
2024-04-23 12:00:00+09:00,1052.0,1052.0,1052.0,1052.0,5100,0.0,0.0
2024-04-23 13:00:00+09:00,1052.0,1056.0,1052.0,1056.0,700,0.0,0.0
2024-04-23 14:00:00+09:00,1054.0,1054.0,1051.0,1051.0,200,0.0,0.0
2024-04-24 09:00:00+09:00,1052.0,1061.0,1050.0,1061.0,5400,0.0,0.0
2024-04-24 10:00:00+09:00,1061.0,1066.0,1060.0,1066.0,900,0.0,0.0
2024-04-24 11:00:00+09:00,1066.0,1066.0,1066.0,1066.0,0,0.0,0.0
2024-04-24 12:00:00+09:00,1063.0,1068.0,1055.0,1055.0,8200,0.0,0.0
2024-04-24 13:00:00+09:00,1056.0,1056.0,1056.0,1056.0,100,0.0,0.0
2024-04-24 14:00:00+09:00,1056.0,1056.0,1052.0,1053.0,900,0.0,0.0
2024-04-25 09:00:00+09:00,1052.0,1061.0,1051.0,1051.0,2000,0.0,0.0
2024-04-25 10:00:00+09:00,1060.0,1060.0,1060.0,1060.0,100,0.0,0.0
2024-04-25 11:00:00+09:00,1050.0,1050.0,1046.0,1046.0,0,0.0,0.0
2024-04-25 12:00:00+09:00,1060.0,1060.0,1060.0,1060.0,3000,0.0,0.0
2024-04-25 14:00:00+09:00,1054.0,1059.0,1054.0,1054.0,1100,0.0,0.0
2024-04-26 09:00:00+09:00,1044.0,1046.0,1044.0,1046.0,2100,0.0,0.0
2024-04-26 10:00:00+09:00,1045.0,1045.0,1044.0,1044.0,300,0.0,0.0
2024-04-26 11:00:00+09:00,1044.0,1044.0,1044.0,1044.0,0,0.0,0.0
2024-04-26 12:00:00+09:00,1044.0,1049.0,1044.0,1049.0,2900,0.0,0.0
2024-04-26 13:00:00+09:00,1048.0,1049.0,1048.0,1049.0,400,0.0,0.0
2024-04-26 14:00:00+09:00,1047.0,1047.0,1044.0,1044.0,600,0.0,0.0
2024-04-30 09:00:00+09:00,1044.0,1044.0,1040.0,1041.0,2500,0.0,0.0
2024-04-30 10:00:00+09:00,1045.0,1045.0,1045.0,1045.0,200,0.0,0.0
2024-04-30 11:00:00+09:00,1045.0,1045.0,1045.0,1045.0,0,0.0,0.0
2024-04-30 12:00:00+09:00,1045.0,1049.0,1043.0,1043.0,3000,0.0,0.0
2024-04-30 13:00:00+09:00,1048.0,1048.0,1048.0,1048.0,100,0.0,0.0
2024-04-30 14:00:00+09:00,1046.0,1050.0,1046.0,1050.0,500,0.0,0.0
2024-05-01 09:00:00+09:00,1053.0,1053.0,1042.0,1042.0,1200,0.0,0.0
2024-05-01 10:00:00+09:00,1050.0,1050.0,1050.0,1050.0,100,0.0,0.0
2024-05-01 11:00:00+09:00,1050.0,1050.0,1050.0,1050.0,0,0.0,0.0
2024-05-01 12:00:00+09:00,1050.0,1050.0,1050.0,1050.0,2400,0.0,0.0
2024-05-01 13:00:00+09:00,1050.0,1054.0,1050.0,1054.0,200,0.0,0.0
2024-05-01 14:00:00+09:00,1050.0,1050.0,1046.0,1046.0,200,0.0,0.0
2024-05-02 09:00:00+09:00,1053.0,1053.0,1050.0,1051.0,0,0.0,0.0
2024-05-02 11:00:00+09:00,1051.0,1051.0,1050.0,1050.0,0,0.0,0.0
2024-05-02 12:00:00+09:00,1050.0,1050.0,1037.0,1037.0,3700,0.0,0.0
2024-05-02 14:00:00+09:00,1043.0,1043.0,1039.0,1039.0,1000,0.0,0.0
2024-05-07 09:00:00+09:00,1048.0,1049.0,1048.0,1049.0,600,0.0,0.0
2024-05-07 10:00:00+09:00,1046.0,1046.0,1041.0,1041.0,1200,0.0,0.0
2024-05-07 11:00:00+09:00,1046.0,1046.0,1045.0,1046.0,0,0.0,0.0
2024-05-07 12:00:00+09:00,1044.0,1044.0,1044.0,1044.0,10200,0.0,0.0
2024-05-07 13:00:00+09:00,1044.0,1047.0,1044.0,1047.0,600,0.0,0.0
2024-05-07 14:00:00+09:00,1047.0,1047.0,1046.0,1046.0,200,0.0,0.0
2024-05-08 09:00:00+09:00,1046.0,1047.0,1046.0,1046.0,600,0.0,0.0
2024-05-08 10:00:00+09:00,1047.0,1050.0,1047.0,1050.0,500,0.0,0.0
2024-05-08 11:00:00+09:00,1046.0,1046.0,1046.0,1046.0,0,0.0,0.0
2024-05-08 12:00:00+09:00,1046.0,1053.0,1046.0,1047.0,2600,0.0,0.0
2024-05-08 14:00:00+09:00,1052.0,1052.0,1052.0,1052.0,100,0.0,0.0
2024-05-09 09:00:00+09:00,1048.0,1051.0,1046.0,1051.0,700,0.0,0.0
2024-05-09 11:00:00+09:00,1051.0,1053.0,1051.0,1053.0,0,0.0,0.0
2024-05-09 12:00:00+09:00,1053.0,1055.0,1053.0,1055.0,1700,0.0,0.0
2024-05-09 13:00:00+09:00,1057.0,1067.0,1050.0,1054.0,4500,0.0,0.0
2024-05-09 14:00:00+09:00,1053.0,1061.0,1052.0,1061.0,700,0.0,0.0
2024-05-10 09:00:00+09:00,1064.0,1064.0,1061.0,1064.0,2600,0.0,0.0
2024-05-10 10:00:00+09:00,1064.0,1064.0,1063.0,1063.0,200,0.0,0.0
2024-05-10 11:00:00+09:00,1060.0,1060.0,1051.0,1051.0,0,0.0,0.0
2024-05-10 13:00:00+09:00,1055.0,1055.0,1055.0,1055.0,4900,0.0,0.0
2024-05-10 14:00:00+09:00,1054.0,1060.0,1052.0,1060.0,700,0.0,0.0
2024-05-13 09:00:00+09:00,1063.0,1063.0,1048.0,1050.0,0,0.0,0.0
2024-05-13 10:00:00+09:00,1051.0,1060.0,1050.0,1050.0,1300,0.0,0.0
2024-05-13 11:00:00+09:00,1056.0,1056.0,1056.0,1056.0,0,0.0,0.0
2024-05-13 12:00:00+09:00,1057.0,1062.0,1055.0,1062.0,6200,0.0,0.0
2024-05-13 13:00:00+09:00,1061.0,1063.0,1061.0,1063.0,2500,0.0,0.0
2024-05-13 14:00:00+09:00,1056.0,1056.0,1047.0,1050.0,3800,0.0,0.0
2024-05-14 09:00:00+09:00,1072.0,1072.0,1064.0,1066.0,0,0.0,0.0
2024-05-14 10:00:00+09:00,1065.0,1065.0,1052.0,1056.0,6000,0.0,0.0
2024-05-14 11:00:00+09:00,1060.0,1067.0,1055.0,1056.0,0,0.0,0.0
2024-05-14 12:00:00+09:00,1065.0,1065.0,1059.0,1060.0,9500,0.0,0.0
2024-05-14 13:00:00+09:00,1068.0,1068.0,1058.0,1058.0,1500,0.0,0.0
2024-05-14 14:00:00+09:00,1060.0,1072.0,1060.0,1064.0,3900,0.0,0.0
2024-05-15 09:00:00+09:00,1040.0,1050.0,1032.0,1044.0,13800,0.0,0.0
2024-05-15 10:00:00+09:00,1043.0,1043.0,1022.0,1025.0,7200,0.0,0.0
2024-05-15 11:00:00+09:00,1025.0,1029.0,1025.0,1027.0,0,0.0,0.0
2024-05-15 12:00:00+09:00,1027.0,1028.0,1022.0,1027.0,24400,0.0,0.0
2024-05-15 13:00:00+09:00,1023.0,1025.0,1012.0,1012.0,7000,0.0,0.0
2024-05-15 14:00:00+09:00,1021.0,1024.0,1015.0,1024.0,1400,0.0,0.0
2024-05-16 09:00:00+09:00,1018.0,1032.0,1003.0,1010.0,7100,0.0,0.0
2024-05-16 10:00:00+09:00,1019.0,1019.0,991.0,994.0,11100,0.0,0.0
2024-05-16 11:00:00+09:00,995.0,1000.0,951.0,1000.0,0,0.0,0.0
2024-05-16 12:00:00+09:00,991.0,1000.0,985.0,991.0,38300,0.0,0.0
2024-05-16 13:00:00+09:00,996.0,1010.0,990.0,995.0,700,0.0,0.0
2024-05-16 14:00:00+09:00,1001.0,1007.0,990.0,998.0,1800,0.0,0.0
2024-05-17 09:00:00+09:00,996.0,1015.0,993.0,1002.0,2100,0.0,0.0
2024-05-17 10:00:00+09:00,1010.0,1011.0,1005.0,1006.0,800,0.0,0.0
2024-05-17 11:00:00+09:00,1010.0,1012.0,1010.0,1012.0,0,0.0,0.0
2024-05-17 12:00:00+09:00,1013.0,1028.0,1003.0,1003.0,6200,0.0,0.0
2024-05-17 14:00:00+09:00,1003.0,1014.0,1001.0,1010.0,1700,0.0,0.0
2024-05-20 09:00:00+09:00,1010.0,1010.0,994.0,997.0,100,0.0,0.0
2024-05-20 10:00:00+09:00,997.0,1004.0,996.0,1003.0,3600,0.0,0.0
2024-05-20 11:00:00+09:00,1004.0,1005.0,999.0,1004.0,0,0.0,0.0
2024-05-20 12:00:00+09:00,1008.0,1025.0,998.0,1020.0,18700,0.0,0.0
2024-05-20 13:00:00+09:00,1013.0,1018.0,1010.0,1014.0,800,0.0,0.0
2024-05-20 14:00:00+09:00,1015.0,1015.0,1015.0,1015.0,200,0.0,0.0
2024-05-21 09:00:00+09:00,1014.0,1014.0,999.0,1012.0,16000,0.0,0.0
2024-05-21 10:00:00+09:00,1001.0,1001.0,1001.0,1001.0,400,0.0,0.0
2024-05-21 11:00:00+09:00,1000.0,1005.0,996.0,1005.0,0,0.0,0.0
2024-05-21 12:00:00+09:00,1005.0,1005.0,996.0,1004.0,19600,0.0,0.0
2024-05-21 13:00:00+09:00,1003.0,1003.0,991.0,997.0,4900,0.0,0.0
2024-05-21 14:00:00+09:00,992.0,998.0,992.0,996.0,500,0.0,0.0
2024-05-22 09:00:00+09:00,1003.0,1003.0,995.0,995.0,6900,0.0,0.0
2024-05-22 10:00:00+09:00,995.0,999.0,990.0,991.0,3300,0.0,0.0
2024-05-22 11:00:00+09:00,991.0,991.0,991.0,991.0,0,0.0,0.0
2024-05-22 12:00:00+09:00,996.0,999.0,996.0,999.0,11000,0.0,0.0
2024-05-22 14:00:00+09:00,994.0,995.0,993.0,993.0,600,0.0,0.0
2024-05-23 09:00:00+09:00,993.0,998.0,992.0,992.0,700,0.0,0.0
2024-05-23 10:00:00+09:00,995.0,998.0,991.0,998.0,2600,0.0,0.0
2024-05-23 11:00:00+09:00,999.0,1002.0,993.0,998.0,0,0.0,0.0
2024-05-23 12:00:00+09:00,995.0,995.0,995.0,995.0,4100,0.0,0.0
2024-05-23 13:00:00+09:00,997.0,1000.0,997.0,1000.0,600,0.0,0.0
2024-05-23 14:00:00+09:00,994.0,1000.0,991.0,1000.0,600,0.0,0.0
2024-05-24 09:00:00+09:00,990.0,999.0,990.0,999.0,1800,0.0,0.0
2024-05-24 10:00:00+09:00,994.0,997.0,994.0,997.0,200,0.0,0.0
2024-05-24 11:00:00+09:00,993.0,993.0,993.0,993.0,0,0.0,0.0
2024-05-24 12:00:00+09:00,993.0,993.0,982.0,986.0,3600,0.0,0.0
2024-05-24 13:00:00+09:00,990.0,993.0,990.0,993.0,500,0.0,0.0
2024-05-24 14:00:00+09:00,993.0,994.0,986.0,986.0,1100,0.0,0.0
2024-05-27 09:00:00+09:00,992.0,992.0,980.0,980.0,5500,0.0,0.0
2024-05-27 10:00:00+09:00,980.0,991.0,980.0,980.0,1300,0.0,0.0
2024-05-27 11:00:00+09:00,980.0,983.0,980.0,980.0,0,0.0,0.0
2024-05-27 12:00:00+09:00,980.0,981.0,980.0,981.0,8000,0.0,0.0
2024-05-27 13:00:00+09:00,980.0,981.0,980.0,981.0,700,0.0,0.0
2024-05-27 14:00:00+09:00,984.0,984.0,984.0,984.0,100,0.0,0.0
2024-05-28 09:00:00+09:00,983.0,988.0,950.0,977.0,18000,0.0,0.0
2024-05-28 10:00:00+09:00,976.0,976.0,976.0,976.0,200,0.0,0.0
2024-05-28 11:00:00+09:00,980.0,980.0,973.0,973.0,0,0.0,0.0
2024-05-28 12:00:00+09:00,975.0,975.0,972.0,972.0,20500,0.0,0.0
2024-05-28 13:00:00+09:00,976.0,980.0,973.0,977.0,1900,0.0,0.0
2024-05-28 14:00:00+09:00,976.0,979.0,973.0,973.0,1200,0.0,0.0
2024-05-29 09:00:00+09:00,966.0,975.0,966.0,975.0,0,0.0,0.0
2024-05-29 10:00:00+09:00,973.0,973.0,967.0,969.0,3600,0.0,0.0
2024-05-29 11:00:00+09:00,971.0,971.0,971.0,971.0,0,0.0,0.0
2024-05-29 12:00:00+09:00,965.0,977.0,965.0,977.0,8100,0.0,0.0
2024-05-29 13:00:00+09:00,973.0,973.0,973.0,973.0,100,0.0,0.0
2024-05-29 14:00:00+09:00,971.0,971.0,967.0,967.0,2200,0.0,0.0
2024-05-30 09:00:00+09:00,966.0,967.0,958.0,959.0,0,0.0,0.0
2024-05-30 10:00:00+09:00,957.0,963.0,957.0,961.0,13200,0.0,0.0
2024-05-30 11:00:00+09:00,961.0,965.0,961.0,965.0,0,0.0,0.0
2024-05-30 12:00:00+09:00,965.0,965.0,965.0,965.0,0,0.0,0.0
2024-05-30 13:00:00+09:00,964.0,964.0,960.0,960.0,15900,0.0,0.0
2024-05-30 14:00:00+09:00,963.0,963.0,960.0,960.0,1600,0.0,0.0
2024-05-31 09:00:00+09:00,962.0,977.0,960.0,973.0,7000,0.0,0.0
2024-05-31 10:00:00+09:00,972.0,986.0,972.0,977.0,9100,0.0,0.0
2024-05-31 11:00:00+09:00,977.0,977.0,977.0,977.0,0,0.0,0.0
2024-05-31 12:00:00+09:00,976.0,978.0,975.0,977.0,17300,0.0,0.0
2024-05-31 13:00:00+09:00,976.0,976.0,976.0,976.0,100,0.0,0.0
2024-05-31 14:00:00+09:00,976.0,985.0,975.0,983.0,1900,0.0,0.0
2024-06-03 09:00:00+09:00,988.0,988.0,981.0,985.0,2500,0.0,0.0
2024-06-03 10:00:00+09:00,986.0,987.0,983.0,983.0,2500,0.0,0.0
2024-06-03 11:00:00+09:00,984.0,984.0,983.0,983.0,0,0.0,0.0
2024-06-03 12:00:00+09:00,985.0,986.0,985.0,985.0,5500,0.0,0.0
2024-06-03 13:00:00+09:00,985.0,987.0,985.0,987.0,1000,0.0,0.0
2024-06-04 09:00:00+09:00,988.0,990.0,985.0,989.0,7100,0.0,0.0
2024-06-04 10:00:00+09:00,989.0,1000.0,986.0,998.0,2600,0.0,0.0
2024-06-04 11:00:00+09:00,998.0,998.0,998.0,998.0,0,0.0,0.0
2024-06-04 12:00:00+09:00,998.0,998.0,998.0,998.0,10400,0.0,0.0
2024-06-04 13:00:00+09:00,998.0,998.0,998.0,998.0,0,0.0,0.0
2024-06-04 14:00:00+09:00,995.0,995.0,995.0,995.0,11700,0.0,0.0
2024-06-05 09:00:00+09:00,994.0,994.0,985.0,985.0,0,0.0,0.0
2024-06-05 10:00:00+09:00,989.0,994.0,989.0,993.0,4700,0.0,0.0
2024-06-05 11:00:00+09:00,993.0,993.0,993.0,993.0,0,0.0,0.0
2024-06-05 12:00:00+09:00,994.0,994.0,990.0,994.0,7000,0.0,0.0
2024-06-05 13:00:00+09:00,985.0,994.0,984.0,994.0,700,0.0,0.0
2024-06-05 14:00:00+09:00,994.0,994.0,986.0,986.0,300,0.0,0.0
2024-06-06 09:00:00+09:00,997.0,997.0,984.0,986.0,3800,0.0,0.0
2024-06-06 10:00:00+09:00,986.0,986.0,983.0,984.0,1200,0.0,0.0
2024-06-06 11:00:00+09:00,984.0,984.0,981.0,981.0,0,0.0,0.0
2024-06-06 12:00:00+09:00,981.0,995.0,981.0,981.0,8200,0.0,0.0
2024-06-06 13:00:00+09:00,981.0,989.0,981.0,982.0,700,0.0,0.0
2024-06-06 14:00:00+09:00,982.0,985.0,975.0,985.0,2100,0.0,0.0
2024-06-07 09:00:00+09:00,985.0,993.0,984.0,991.0,1500,0.0,0.0
2024-06-07 11:00:00+09:00,993.0,996.0,993.0,996.0,0,0.0,0.0
2024-06-07 12:00:00+09:00,995.0,995.0,994.0,994.0,2600,0.0,0.0
2024-06-07 13:00:00+09:00,994.0,994.0,994.0,994.0,300,0.0,0.0
2024-06-07 14:00:00+09:00,993.0,994.0,993.0,994.0,400,0.0,0.0
2024-06-10 09:00:00+09:00,996.0,997.0,993.0,997.0,0,0.0,0.0
2024-06-10 10:00:00+09:00,995.0,995.0,995.0,995.0,100,0.0,0.0
2024-06-10 11:00:00+09:00,997.0,997.0,997.0,997.0,0,0.0,0.0
2024-06-10 12:00:00+09:00,998.0,1004.0,998.0,1004.0,1900,0.0,0.0
2024-06-10 13:00:00+09:00,1001.0,1001.0,994.0,994.0,1400,0.0,0.0
2024-06-10 14:00:00+09:00,1001.0,1001.0,995.0,995.0,300,0.0,0.0
2024-06-11 09:00:00+09:00,1002.0,1007.0,1002.0,1007.0,0,0.0,0.0
2024-06-11 10:00:00+09:00,1007.0,1021.0,1007.0,1020.0,5700,0.0,0.0
2024-06-11 11:00:00+09:00,1020.0,1020.0,1020.0,1020.0,0,0.0,0.0
2024-06-11 12:00:00+09:00,1016.0,1016.0,1012.0,1016.0,6300,0.0,0.0
2024-06-11 13:00:00+09:00,1010.0,1010.0,1004.0,1004.0,300,0.0,0.0
2024-06-11 14:00:00+09:00,1004.0,1004.0,1001.0,1001.0,900,0.0,0.0
2024-06-12 09:00:00+09:00,1010.0,1011.0,1010.0,1010.0,700,0.0,0.0
2024-06-12 10:00:00+09:00,1010.0,1010.0,1009.0,1009.0,500,0.0,0.0
2024-06-12 11:00:00+09:00,1009.0,1009.0,1009.0,1009.0,0,0.0,0.0
2024-06-12 12:00:00+09:00,1009.0,1009.0,1009.0,1009.0,1700,0.0,0.0
2024-06-12 13:00:00+09:00,1007.0,1007.0,1002.0,1002.0,200,0.0,0.0
2024-06-12 14:00:00+09:00,1002.0,1019.0,1002.0,1013.0,5800,0.0,0.0
2024-06-13 09:00:00+09:00,1011.0,1011.0,995.0,997.0,4300,0.0,0.0
2024-06-13 10:00:00+09:00,999.0,999.0,998.0,998.0,500,0.0,0.0
2024-06-13 11:00:00+09:00,997.0,998.0,997.0,998.0,0,0.0,0.0
2024-06-13 12:00:00+09:00,998.0,1000.0,998.0,1000.0,6000,0.0,0.0
2024-06-13 13:00:00+09:00,1000.0,1009.0,1000.0,1007.0,3000,0.0,0.0
2024-06-13 14:00:00+09:00,1005.0,1005.0,998.0,1000.0,2200,0.0,0.0
2024-06-14 09:00:00+09:00,999.0,1002.0,998.0,998.0,1600,0.0,0.0
2024-06-14 10:00:00+09:00,998.0,1000.0,997.0,1000.0,400,0.0,0.0
2024-06-14 11:00:00+09:00,999.0,1000.0,996.0,996.0,0,0.0,0.0
2024-06-14 12:00:00+09:00,1000.0,1007.0,1000.0,1007.0,4000,0.0,0.0
2024-06-14 13:00:00+09:00,1007.0,1011.0,1004.0,1004.0,400,0.0,0.0
2024-06-14 14:00:00+09:00,1004.0,1010.0,1004.0,1010.0,600,0.0,0.0
2024-06-17 09:00:00+09:00,1010.0,1010.0,999.0,1001.0,6400,0.0,0.0
2024-06-17 10:00:00+09:00,1000.0,1001.0,998.0,1001.0,500,0.0,0.0
2024-06-17 11:00:00+09:00,998.0,998.0,998.0,998.0,0,0.0,0.0
2024-06-17 12:00:00+09:00,998.0,1001.0,998.0,1001.0,7500,0.0,0.0
2024-06-17 13:00:00+09:00,998.0,999.0,997.0,998.0,1200,0.0,0.0
2024-06-17 14:00:00+09:00,998.0,998.0,998.0,998.0,100,0.0,0.0
2024-06-18 09:00:00+09:00,997.0,1003.0,996.0,1003.0,3200,0.0,0.0
2024-06-18 11:00:00+09:00,997.0,1000.0,996.0,1000.0,0,0.0,0.0
2024-06-18 12:00:00+09:00,1000.0,1001.0,1000.0,1001.0,4000,0.0,0.0
2024-06-18 13:00:00+09:00,997.0,1002.0,997.0,1002.0,1000,0.0,0.0
2024-06-18 14:00:00+09:00,1000.0,1000.0,1000.0,1000.0,100,0.0,0.0
2024-06-19 09:00:00+09:00,1003.0,1006.0,1001.0,1005.0,3200,0.0,0.0
2024-06-19 10:00:00+09:00,1006.0,1006.0,1006.0,1006.0,300,0.0,0.0
2024-06-19 11:00:00+09:00,1006.0,1006.0,1006.0,1006.0,0,0.0,0.0
2024-06-19 12:00:00+09:00,1006.0,1006.0,1005.0,1005.0,3700,0.0,0.0
2024-06-19 13:00:00+09:00,1005.0,1007.0,1005.0,1007.0,500,0.0,0.0
2024-06-20 09:00:00+09:00,1005.0,1019.0,1005.0,1019.0,0,0.0,0.0
2024-06-20 10:00:00+09:00,1019.0,1020.0,1019.0,1020.0,8700,0.0,0.0
2024-06-20 11:00:00+09:00,1018.0,1018.0,1018.0,1018.0,0,0.0,0.0
2024-06-20 12:00:00+09:00,1017.0,1022.0,1017.0,1022.0,10700,0.0,0.0
2024-06-20 13:00:00+09:00,1021.0,1022.0,1021.0,1022.0,400,0.0,0.0
2024-06-20 14:00:00+09:00,1022.0,1030.0,1022.0,1030.0,5300,0.0,0.0
2024-06-21 09:00:00+09:00,1035.0,1069.0,1035.0,1050.0,11900,0.0,0.0
2024-06-21 10:00:00+09:00,1049.0,1064.0,1049.0,1061.0,1600,0.0,0.0
2024-06-21 11:00:00+09:00,1060.0,1060.0,1057.0,1057.0,0,0.0,0.0
2024-06-21 12:00:00+09:00,1057.0,1057.0,1051.0,1051.0,14700,0.0,0.0
2024-06-21 13:00:00+09:00,1050.0,1050.0,1045.0,1045.0,1700,0.0,0.0
2024-06-21 14:00:00+09:00,1045.0,1053.0,1042.0,1042.0,800,0.0,0.0
2024-06-24 09:00:00+09:00,1045.0,1070.0,1044.0,1044.0,13800,0.0,0.0
2024-06-24 10:00:00+09:00,1050.0,1053.0,1050.0,1050.0,500,0.0,0.0
2024-06-24 11:00:00+09:00,1053.0,1057.0,1053.0,1057.0,0,0.0,0.0
2024-06-24 12:00:00+09:00,1056.0,1056.0,1054.0,1055.0,19000,0.0,0.0
2024-06-24 13:00:00+09:00,1058.0,1064.0,1058.0,1064.0,3000,0.0,0.0
2024-06-24 14:00:00+09:00,1064.0,1064.0,1052.0,1052.0,900,0.0,0.0
2024-06-25 09:00:00+09:00,1052.0,1067.0,1052.0,1067.0,500,0.0,0.0
2024-06-25 10:00:00+09:00,1066.0,1066.0,1066.0,1066.0,100,0.0,0.0
2024-06-25 11:00:00+09:00,1061.0,1061.0,1060.0,1060.0,0,0.0,0.0
2024-06-25 12:00:00+09:00,1065.0,1067.0,1060.0,1060.0,1200,0.0,0.0
2024-06-25 13:00:00+09:00,1058.0,1058.0,1058.0,1058.0,300,0.0,0.0
2024-06-25 14:00:00+09:00,1054.0,1054.0,1039.0,1042.0,2800,0.0,0.0
2024-06-26 09:00:00+09:00,1050.0,1062.0,1050.0,1062.0,900,0.0,0.0
2024-06-26 10:00:00+09:00,1059.0,1059.0,1058.0,1058.0,0,0.0,0.0
2024-06-26 11:00:00+09:00,1058.0,1058.0,1058.0,1058.0,0,0.0,0.0
2024-06-26 14:00:00+09:00,1058.0,1059.0,1053.0,1059.0,0,0.0,0.0
2024-06-27 09:00:00+09:00,1059.0,1059.0,1058.0,1058.0,500,0.0,0.0
2024-06-27 10:00:00+09:00,1053.0,1059.0,1050.0,1059.0,2800,0.0,0.0
2024-06-27 11:00:00+09:00,1059.0,1059.0,1059.0,1059.0,0,0.0,0.0
2024-06-27 12:00:00+09:00,1056.0,1060.0,1056.0,1060.0,4000,0.0,0.0
2024-06-27 13:00:00+09:00,1061.0,1061.0,1060.0,1061.0,600,0.0,0.0
2024-06-27 14:00:00+09:00,1062.0,1062.0,1062.0,1062.0,100,0.0,0.0
2024-06-28 09:00:00+09:00,1059.0,1059.0,1052.0,1053.0,1500,0.0,0.0
2024-06-28 11:00:00+09:00,1059.0,1059.0,1059.0,1059.0,0,0.0,0.0
2024-06-28 13:00:00+09:00,1062.0,1063.0,1060.0,1063.0,2100,0.0,0.0
2024-06-28 14:00:00+09:00,1066.0,1067.0,1056.0,1060.0,1000,0.0,0.0
2024-07-01 09:00:00+09:00,1070.0,1071.0,1060.0,1071.0,6600,0.0,0.0
2024-07-01 10:00:00+09:00,1069.0,1074.0,1069.0,1070.0,4200,0.0,0.0
2024-07-01 11:00:00+09:00,1071.0,1071.0,1069.0,1069.0,0,0.0,0.0
2024-07-01 12:00:00+09:00,1070.0,1070.0,1069.0,1069.0,11900,0.0,0.0
2024-07-01 13:00:00+09:00,1070.0,1070.0,1070.0,1070.0,100,0.0,0.0
2024-07-01 14:00:00+09:00,1068.0,1071.0,1067.0,1067.0,600,0.0,0.0
2024-07-02 09:00:00+09:00,1063.0,1063.0,1063.0,1063.0,2200,0.0,0.0
2024-07-02 10:00:00+09:00,1064.0,1064.0,1060.0,1060.0,2000,0.0,0.0
2024-07-02 11:00:00+09:00,1059.0,1059.0,1058.0,1058.0,0,0.0,0.0
2024-07-02 12:00:00+09:00,1061.0,1061.0,1058.0,1058.0,6200,0.0,0.0
2024-07-02 13:00:00+09:00,1057.0,1061.0,1054.0,1054.0,2300,0.0,0.0
2024-07-02 14:00:00+09:00,1053.0,1059.0,1053.0,1054.0,1300,0.0,0.0
2024-07-03 09:00:00+09:00,1060.0,1060.0,1052.0,1052.0,2700,0.0,0.0
2024-07-03 11:00:00+09:00,1052.0,1052.0,1052.0,1052.0,0,0.0,0.0
2024-07-03 12:00:00+09:00,1053.0,1053.0,1053.0,1053.0,3100,0.0,0.0
2024-07-03 13:00:00+09:00,1054.0,1058.0,1054.0,1058.0,1000,0.0,0.0
2024-07-04 09:00:00+09:00,1061.0,1061.0,1058.0,1058.0,800,0.0,0.0
2024-07-04 10:00:00+09:00,1062.0,1062.0,1062.0,1062.0,300,0.0,0.0
2024-07-04 11:00:00+09:00,1062.0,1062.0,1062.0,1062.0,0,0.0,0.0
2024-07-04 13:00:00+09:00,1052.0,1053.0,1052.0,1053.0,3200,0.0,0.0
2024-07-04 14:00:00+09:00,1052.0,1052.0,1052.0,1052.0,600,0.0,0.0
2024-07-05 09:00:00+09:00,1056.0,1056.0,1052.0,1052.0,400,0.0,0.0
2024-07-05 10:00:00+09:00,1052.0,1055.0,1051.0,1055.0,400,0.0,0.0
2024-07-05 11:00:00+09:00,1055.0,1058.0,1055.0,1055.0,0,0.0,0.0
2024-07-05 12:00:00+09:00,1050.0,1054.0,1050.0,1054.0,3900,0.0,0.0
2024-07-05 14:00:00+09:00,1051.0,1051.0,1046.0,1046.0,800,0.0,0.0
2024-07-08 09:00:00+09:00,1041.0,1041.0,1037.0,1041.0,5100,0.0,0.0
2024-07-08 10:00:00+09:00,1046.0,1048.0,1046.0,1048.0,400,0.0,0.0
2024-07-08 11:00:00+09:00,1048.0,1048.0,1048.0,1048.0,0,0.0,0.0
2024-07-08 12:00:00+09:00,1048.0,1048.0,1048.0,1048.0,5800,0.0,0.0
2024-07-08 14:00:00+09:00,1045.0,1045.0,1043.0,1043.0,200,0.0,0.0
2024-07-09 09:00:00+09:00,1050.0,1056.0,1050.0,1054.0,1700,0.0,0.0
2024-07-09 10:00:00+09:00,1053.0,1056.0,1050.0,1050.0,1300,0.0,0.0
2024-07-09 11:00:00+09:00,1050.0,1050.0,1050.0,1050.0,0,0.0,0.0
2024-07-09 12:00:00+09:00,1055.0,1055.0,1055.0,1055.0,0,0.0,0.0
2024-07-09 13:00:00+09:00,1053.0,1053.0,1053.0,1053.0,3400,0.0,0.0
2024-07-09 14:00:00+09:00,1052.0,1052.0,1052.0,1052.0,300,0.0,0.0
2024-07-10 09:00:00+09:00,1050.0,1051.0,1050.0,1051.0,1100,0.0,0.0
2024-07-10 10:00:00+09:00,1050.0,1050.0,1046.0,1046.0,300,0.0,0.0
2024-07-10 11:00:00+09:00,1052.0,1052.0,1052.0,1052.0,0,0.0,0.0
2024-07-10 12:00:00+09:00,1050.0,1050.0,1050.0,1050.0,2200,0.0,0.0
2024-07-10 14:00:00+09:00,1050.0,1053.0,1047.0,1053.0,1300,0.0,0.0
2024-07-11 09:00:00+09:00,1057.0,1059.0,1052.0,1056.0,7800,0.0,0.0
2024-07-11 10:00:00+09:00,1056.0,1058.0,1056.0,1058.0,900,0.0,0.0
2024-07-11 11:00:00+09:00,1058.0,1058.0,1058.0,1058.0,0,0.0,0.0
2024-07-11 12:00:00+09:00,1056.0,1056.0,1056.0,1056.0,9000,0.0,0.0
2024-07-11 13:00:00+09:00,1056.0,1059.0,1055.0,1059.0,600,0.0,0.0
2024-07-11 14:00:00+09:00,1058.0,1058.0,1058.0,1058.0,300,0.0,0.0
2024-07-12 09:00:00+09:00,1059.0,1075.0,1058.0,1075.0,5600,0.0,0.0
2024-07-12 10:00:00+09:00,1073.0,1074.0,1069.0,1069.0,1800,0.0,0.0
2024-07-12 11:00:00+09:00,1072.0,1072.0,1072.0,1072.0,0,0.0,0.0
2024-07-12 12:00:00+09:00,1070.0,1070.0,1068.0,1068.0,8400,0.0,0.0
2024-07-12 13:00:00+09:00,1068.0,1068.0,1068.0,1068.0,100,0.0,0.0
2024-07-12 14:00:00+09:00,1070.0,1070.0,1069.0,1070.0,300,0.0,0.0
2024-07-16 09:00:00+09:00,1080.0,1080.0,1064.0,1065.0,10000,0.0,0.0
2024-07-16 10:00:00+09:00,1065.0,1065.0,1060.0,1061.0,900,0.0,0.0
2024-07-16 11:00:00+09:00,1061.0,1064.0,1060.0,1064.0,0,0.0,0.0
2024-07-16 12:00:00+09:00,1065.0,1065.0,1062.0,1065.0,13600,0.0,0.0
2024-07-16 13:00:00+09:00,1068.0,1070.0,1065.0,1065.0,700,0.0,0.0
2024-07-17 09:00:00+09:00,1069.0,1069.0,1068.0,1068.0,1400,0.0,0.0
2024-07-17 10:00:00+09:00,1063.0,1070.0,1063.0,1070.0,200,0.0,0.0
2024-07-17 11:00:00+09:00,1070.0,1070.0,1070.0,1070.0,0,0.0,0.0
2024-07-17 12:00:00+09:00,1065.0,1070.0,1065.0,1070.0,2000,0.0,0.0
2024-07-17 14:00:00+09:00,1063.0,1063.0,1063.0,1063.0,200,0.0,0.0
2024-07-18 09:00:00+09:00,1062.0,1063.0,1062.0,1062.0,1700,0.0,0.0
2024-07-18 10:00:00+09:00,1069.0,1069.0,1069.0,1069.0,100,0.0,0.0
2024-07-18 11:00:00+09:00,1070.0,1070.0,1070.0,1070.0,0,0.0,0.0
2024-07-18 12:00:00+09:00,1065.0,1065.0,1065.0,1065.0,2000,0.0,0.0
2024-07-18 13:00:00+09:00,1065.0,1068.0,1065.0,1068.0,500,0.0,0.0
2024-07-18 14:00:00+09:00,1066.0,1066.0,1066.0,1066.0,100,0.0,0.0
2024-07-19 09:00:00+09:00,1061.0,1061.0,1061.0,1061.0,1700,0.0,0.0
2024-07-19 10:00:00+09:00,1061.0,1070.0,1061.0,1070.0,200,0.0,0.0
2024-07-19 11:00:00+09:00,1063.0,1063.0,1062.0,1062.0,0,0.0,0.0
2024-07-19 12:00:00+09:00,1063.0,1063.0,1061.0,1061.0,3200,0.0,0.0
2024-07-19 13:00:00+09:00,1064.0,1064.0,1064.0,1064.0,100,0.0,0.0
2024-07-19 14:00:00+09:00,1061.0,1061.0,1060.0,1060.0,1000,0.0,0.0
2024-07-22 09:00:00+09:00,1063.0,1063.0,1058.0,1058.0,0,0.0,0.0
2024-07-22 10:00:00+09:00,1058.0,1059.0,1058.0,1059.0,300,0.0,0.0
2024-07-22 11:00:00+09:00,1058.0,1058.0,1056.0,1057.0,0,0.0,0.0
2024-07-22 12:00:00+09:00,1060.0,1060.0,1060.0,1060.0,3200,0.0,0.0
2024-07-22 13:00:00+09:00,1057.0,1057.0,1051.0,1051.0,1000,0.0,0.0
2024-07-22 14:00:00+09:00,1053.0,1057.0,1050.0,1051.0,2300,0.0,0.0
2024-07-23 09:00:00+09:00,1050.0,1050.0,1049.0,1049.0,600,0.0,0.0
2024-07-23 10:00:00+09:00,1046.0,1046.0,1042.0,1046.0,1200,0.0,0.0
2024-07-23 11:00:00+09:00,1053.0,1053.0,1053.0,1053.0,0,0.0,0.0
2024-07-23 13:00:00+09:00,1046.0,1046.0,1040.0,1040.0,3700,0.0,0.0
2024-07-23 14:00:00+09:00,1040.0,1040.0,1030.0,1038.0,1200,0.0,0.0
2024-07-24 09:00:00+09:00,1036.0,1044.0,1035.0,1041.0,1100,0.0,0.0
2024-07-24 10:00:00+09:00,1036.0,1036.0,1036.0,1036.0,400,0.0,0.0
2024-07-24 11:00:00+09:00,1034.0,1034.0,1034.0,1034.0,0,0.0,0.0
2024-07-24 13:00:00+09:00,1030.0,1030.0,1002.0,1016.0,4200,0.0,0.0
2024-07-24 14:00:00+09:00,1019.0,1019.0,1019.0,1019.0,400,0.0,0.0
2024-07-25 09:00:00+09:00,1016.0,1016.0,1010.0,1011.0,1500,0.0,0.0
2024-07-25 10:00:00+09:00,1011.0,1012.0,1011.0,1012.0,300,0.0,0.0
2024-07-25 11:00:00+09:00,1012.0,1012.0,1012.0,1012.0,0,0.0,0.0
2024-07-25 12:00:00+09:00,1012.0,1017.0,1012.0,1017.0,3800,0.0,0.0
2024-07-25 13:00:00+09:00,1029.0,1029.0,1029.0,1029.0,300,0.0,0.0
2024-07-26 09:00:00+09:00,1008.0,1008.0,1003.0,1003.0,4300,0.0,0.0
2024-07-26 10:00:00+09:00,1003.0,1011.0,1002.0,1011.0,1100,0.0,0.0
2024-07-26 11:00:00+09:00,1011.0,1011.0,1011.0,1011.0,0,0.0,0.0
2024-07-26 12:00:00+09:00,1016.0,1024.0,1013.0,1013.0,6200,0.0,0.0
2024-07-26 13:00:00+09:00,1014.0,1016.0,1010.0,1012.0,1600,0.0,0.0
2024-07-26 14:00:00+09:00,1010.0,1016.0,1010.0,1010.0,900,0.0,0.0
2024-07-29 09:00:00+09:00,1010.0,1015.0,1001.0,1015.0,0,0.0,0.0
2024-07-29 10:00:00+09:00,1006.0,1006.0,1004.0,1004.0,700,0.0,0.0
2024-07-29 11:00:00+09:00,1005.0,1005.0,1005.0,1005.0,0,0.0,0.0
2024-07-29 12:00:00+09:00,1007.0,1018.0,1007.0,1018.0,3000,0.0,0.0
2024-07-29 13:00:00+09:00,1007.0,1007.0,1007.0,1007.0,300,0.0,0.0
2024-07-29 14:00:00+09:00,1007.0,1012.0,1006.0,1012.0,600,0.0,0.0
2024-07-30 09:00:00+09:00,1026.0,1026.0,1012.0,1012.0,0,0.0,0.0
2024-07-30 10:00:00+09:00,1011.0,1011.0,1006.0,1006.0,1900,0.0,0.0
2024-07-30 11:00:00+09:00,1006.0,1006.0,1006.0,1006.0,0,0.0,0.0
2024-07-30 12:00:00+09:00,1001.0,1002.0,1001.0,1002.0,4000,0.0,0.0
2024-07-30 13:00:00+09:00,1011.0,1011.0,1008.0,1008.0,200,0.0,0.0
2024-07-30 14:00:00+09:00,1002.0,1006.0,1002.0,1006.0,400,0.0,0.0
2024-07-31 09:00:00+09:00,1015.0,1015.0,1007.0,1011.0,300,0.0,0.0
2024-07-31 10:00:00+09:00,1006.0,1006.0,1002.0,1002.0,300,0.0,0.0
2024-07-31 11:00:00+09:00,1002.0,1002.0,1002.0,1002.0,0,0.0,0.0
2024-07-31 12:00:00+09:00,1007.0,1007.0,1003.0,1003.0,1000,0.0,0.0
2024-07-31 13:00:00+09:00,1014.0,1014.0,1011.0,1011.0,300,0.0,0.0
2024-07-31 14:00:00+09:00,1011.0,1016.0,1011.0,1014.0,600,0.0,0.0
2024-08-01 09:00:00+09:00,1003.0,1009.0,1000.0,1000.0,4900,0.0,0.0
2024-08-01 10:00:00+09:00,1000.0,1000.0,994.0,995.0,4700,0.0,0.0
2024-08-01 11:00:00+09:00,995.0,997.0,994.0,997.0,0,0.0,0.0
2024-08-01 12:00:00+09:00,1000.0,1001.0,1000.0,1000.0,11800,0.0,0.0
2024-08-01 13:00:00+09:00,1001.0,1001.0,995.0,995.0,3100,0.0,0.0
2024-08-01 14:00:00+09:00,996.0,997.0,996.0,997.0,500,0.0,0.0
2024-08-02 09:00:00+09:00,995.0,995.0,974.0,974.0,8300,0.0,0.0
2024-08-02 10:00:00+09:00,973.0,996.0,971.0,986.0,3900,0.0,0.0
2024-08-02 11:00:00+09:00,988.0,988.0,987.0,987.0,0,0.0,0.0
2024-08-02 12:00:00+09:00,987.0,987.0,986.0,986.0,12700,0.0,0.0
2024-08-02 13:00:00+09:00,981.0,986.0,979.0,979.0,1200,0.0,0.0
2024-08-02 14:00:00+09:00,977.0,977.0,965.0,965.0,5100,0.0,0.0
2024-08-05 09:00:00+09:00,914.0,916.0,890.0,916.0,11300,0.0,0.0
2024-08-05 10:00:00+09:00,910.0,914.0,899.0,899.0,4900,0.0,0.0
2024-08-05 11:00:00+09:00,896.0,897.0,895.0,895.0,0,0.0,0.0
2024-08-05 12:00:00+09:00,895.0,895.0,895.0,895.0,24500,0.0,0.0
2024-08-05 13:00:00+09:00,897.0,897.0,850.0,855.0,10800,0.0,0.0
2024-08-05 14:00:00+09:00,851.0,851.0,814.0,814.0,10800,0.0,0.0
2024-08-06 09:00:00+09:00,880.0,958.0,880.0,916.0,8800,0.0,0.0
2024-08-06 10:00:00+09:00,916.0,919.0,875.0,880.0,5500,0.0,0.0
2024-08-06 11:00:00+09:00,874.0,880.0,865.0,876.0,0,0.0,0.0
2024-08-06 12:00:00+09:00,868.0,895.0,868.0,887.0,20400,0.0,0.0
2024-08-06 13:00:00+09:00,875.0,896.0,871.0,883.0,2700,0.0,0.0
2024-08-06 14:00:00+09:00,874.0,875.0,870.0,870.0,3100,0.0,0.0
2024-08-07 09:00:00+09:00,887.0,914.0,883.0,914.0,4600,0.0,0.0
2024-08-07 10:00:00+09:00,914.0,918.0,899.0,909.0,2500,0.0,0.0
2024-08-07 11:00:00+09:00,905.0,905.0,904.0,904.0,0,0.0,0.0
2024-08-07 12:00:00+09:00,904.0,910.0,903.0,910.0,11300,0.0,0.0
2024-08-07 13:00:00+09:00,910.0,910.0,910.0,910.0,100,0.0,0.0
2024-08-07 14:00:00+09:00,910.0,923.0,910.0,923.0,1100,0.0,0.0
2024-08-08 09:00:00+09:00,913.0,922.0,913.0,922.0,600,0.0,0.0
2024-08-08 10:00:00+09:00,922.0,923.0,921.0,921.0,900,0.0,0.0
2024-08-08 11:00:00+09:00,928.0,940.0,928.0,940.0,0,0.0,0.0
2024-08-08 12:00:00+09:00,939.0,943.0,939.0,943.0,2300,0.0,0.0
2024-08-08 13:00:00+09:00,940.0,944.0,925.0,944.0,2600,0.0,0.0
2024-08-08 14:00:00+09:00,944.0,947.0,941.0,941.0,1100,0.0,0.0
2024-08-09 09:00:00+09:00,940.0,942.0,935.0,938.0,4000,0.0,0.0
2024-08-09 10:00:00+09:00,944.0,950.0,944.0,950.0,1500,0.0,0.0
2024-08-09 11:00:00+09:00,948.0,948.0,942.0,942.0,0,0.0,0.0
2024-08-09 12:00:00+09:00,943.0,943.0,940.0,943.0,7800,0.0,0.0
2024-08-09 13:00:00+09:00,950.0,951.0,936.0,936.0,3100,0.0,0.0
2024-08-09 14:00:00+09:00,938.0,940.0,937.0,940.0,900,0.0,0.0
2024-08-13 09:00:00+09:00,945.0,957.0,945.0,957.0,4200,0.0,0.0
2024-08-13 10:00:00+09:00,955.0,957.0,951.0,951.0,800,0.0,0.0
2024-08-13 11:00:00+09:00,953.0,958.0,953.0,955.0,0,0.0,0.0
2024-08-13 12:00:00+09:00,961.0,962.0,961.0,962.0,7000,0.0,0.0
2024-08-13 13:00:00+09:00,960.0,970.0,960.0,962.0,2300,0.0,0.0
2024-08-13 14:00:00+09:00,968.0,975.0,968.0,975.0,1300,0.0,0.0
2024-08-14 09:00:00+09:00,967.0,967.0,946.0,952.0,7200,0.0,0.0
2024-08-14 10:00:00+09:00,955.0,955.0,951.0,951.0,1700,0.0,0.0
2024-08-14 11:00:00+09:00,952.0,952.0,949.0,949.0,0,0.0,0.0
2024-08-14 12:00:00+09:00,950.0,955.0,950.0,955.0,11500,0.0,0.0
2024-08-14 13:00:00+09:00,955.0,962.0,933.0,950.0,5700,0.0,0.0
2024-08-14 14:00:00+09:00,945.0,950.0,940.0,950.0,1500,0.0,0.0
2024-08-15 09:00:00+09:00,950.0,962.0,945.0,957.0,4000,0.0,0.0
2024-08-15 10:00:00+09:00,951.0,951.0,951.0,951.0,100,0.0,0.0
2024-08-15 11:00:00+09:00,955.0,956.0,955.0,956.0,0,0.0,0.0
2024-08-15 12:00:00+09:00,951.0,954.0,949.0,949.0,5700,0.0,0.0
2024-08-15 13:00:00+09:00,946.0,946.0,946.0,946.0,100,0.0,0.0
2024-08-15 14:00:00+09:00,947.0,947.0,941.0,941.0,1500,0.0,0.0
2024-08-16 09:00:00+09:00,952.0,952.0,946.0,946.0,500,0.0,0.0
2024-08-16 10:00:00+09:00,945.0,963.0,933.0,963.0,0,0.0,0.0
2024-08-16 11:00:00+09:00,964.0,964.0,964.0,964.0,0,0.0,0.0
2024-08-16 12:00:00+09:00,967.0,967.0,955.0,957.0,7300,0.0,0.0
2024-08-16 13:00:00+09:00,955.0,964.0,955.0,960.0,300,0.0,0.0
2024-08-16 14:00:00+09:00,956.0,961.0,956.0,961.0,600,0.0,0.0
2024-08-19 09:00:00+09:00,971.0,971.0,963.0,964.0,700,0.0,0.0
2024-08-19 10:00:00+09:00,964.0,964.0,963.0,963.0,500,0.0,0.0
2024-08-19 11:00:00+09:00,961.0,965.0,960.0,965.0,0,0.0,0.0
2024-08-19 12:00:00+09:00,965.0,965.0,961.0,961.0,1700,0.0,0.0
2024-08-19 13:00:00+09:00,960.0,960.0,960.0,960.0,500,0.0,0.0
2024-08-19 14:00:00+09:00,962.0,962.0,961.0,961.0,300,0.0,0.0
2024-08-20 09:00:00+09:00,969.0,969.0,963.0,969.0,1000,0.0,0.0
2024-08-20 11:00:00+09:00,969.0,970.0,969.0,970.0,0,0.0,0.0
2024-08-20 12:00:00+09:00,961.0,969.0,954.0,969.0,2100,0.0,0.0
2024-08-20 13:00:00+09:00,955.0,955.0,955.0,955.0,100,0.0,0.0
2024-08-20 14:00:00+09:00,956.0,962.0,955.0,962.0,600,0.0,0.0
2024-08-21 09:00:00+09:00,968.0,968.0,957.0,958.0,1100,0.0,0.0
2024-08-21 10:00:00+09:00,967.0,967.0,967.0,967.0,100,0.0,0.0
2024-08-21 11:00:00+09:00,964.0,964.0,964.0,964.0,0,0.0,0.0
2024-08-21 12:00:00+09:00,960.0,960.0,956.0,956.0,1700,0.0,0.0
2024-08-21 13:00:00+09:00,960.0,960.0,960.0,960.0,300,0.0,0.0
2024-08-21 14:00:00+09:00,957.0,957.0,956.0,956.0,500,0.0,0.0
2024-08-22 09:00:00+09:00,957.0,957.0,950.0,953.0,3500,0.0,0.0
2024-08-22 10:00:00+09:00,955.0,958.0,955.0,957.0,500,0.0,0.0
2024-08-22 11:00:00+09:00,954.0,955.0,954.0,955.0,0,0.0,0.0
2024-08-22 12:00:00+09:00,954.0,966.0,954.0,966.0,4900,0.0,0.0
2024-08-22 13:00:00+09:00,956.0,956.0,951.0,951.0,900,0.0,0.0
2024-08-22 14:00:00+09:00,951.0,973.0,950.0,973.0,1200,0.0,0.0
2024-08-23 09:00:00+09:00,965.0,965.0,965.0,965.0,400,0.0,0.0
2024-08-23 10:00:00+09:00,967.0,967.0,967.0,967.0,100,0.0,0.0
2024-08-23 11:00:00+09:00,960.0,963.0,958.0,963.0,0,0.0,0.0
2024-08-23 12:00:00+09:00,959.0,959.0,959.0,959.0,1500,0.0,0.0
2024-08-23 13:00:00+09:00,964.0,964.0,964.0,964.0,300,0.0,0.0
2024-08-23 14:00:00+09:00,961.0,961.0,959.0,959.0,200,0.0,0.0
2024-08-26 09:00:00+09:00,957.0,957.0,957.0,957.0,1000,0.0,0.0
2024-08-26 10:00:00+09:00,959.0,959.0,959.0,959.0,200,0.0,0.0
2024-08-26 11:00:00+09:00,958.0,958.0,958.0,958.0,0,0.0,0.0
2024-08-26 12:00:00+09:00,957.0,959.0,957.0,959.0,2100,0.0,0.0
2024-08-26 13:00:00+09:00,960.0,960.0,958.0,958.0,600,0.0,0.0
2024-08-26 14:00:00+09:00,959.0,959.0,957.0,959.0,600,0.0,0.0
2024-08-27 09:00:00+09:00,961.0,965.0,961.0,964.0,500,0.0,0.0
2024-08-27 10:00:00+09:00,966.0,966.0,963.0,964.0,600,0.0,0.0
2024-08-27 11:00:00+09:00,965.0,965.0,965.0,965.0,0,0.0,0.0
2024-08-27 12:00:00+09:00,966.0,974.0,966.0,974.0,5000,0.0,0.0
2024-08-27 13:00:00+09:00,971.0,977.0,970.0,976.0,2300,0.0,0.0
2024-08-27 14:00:00+09:00,976.0,977.0,972.0,975.0,1500,0.0,0.0
2024-08-28 09:00:00+09:00,975.0,984.0,971.0,977.0,3900,0.0,0.0
2024-08-28 10:00:00+09:00,979.0,990.0,979.0,989.0,2600,0.0,0.0
2024-08-28 11:00:00+09:00,988.0,989.0,988.0,989.0,0,0.0,0.0
2024-08-28 12:00:00+09:00,985.0,986.0,985.0,986.0,6900,0.0,0.0
2024-08-28 13:00:00+09:00,988.0,991.0,988.0,990.0,600,0.0,0.0
2024-08-28 14:00:00+09:00,984.0,984.0,984.0,984.0,100,0.0,0.0
2024-08-29 09:00:00+09:00,981.0,981.0,976.0,976.0,400,0.0,0.0
2024-08-29 10:00:00+09:00,979.0,992.0,978.0,992.0,1500,0.0,0.0
2024-08-29 11:00:00+09:00,990.0,993.0,989.0,989.0,0,0.0,0.0
2024-08-29 12:00:00+09:00,988.0,988.0,988.0,988.0,3200,0.0,0.0
2024-08-29 13:00:00+09:00,988.0,988.0,986.0,986.0,300,0.0,0.0
2024-08-29 14:00:00+09:00,985.0,985.0,981.0,981.0,400,0.0,0.0
2024-08-30 09:00:00+09:00,977.0,983.0,975.0,983.0,1700,0.0,0.0
2024-08-30 10:00:00+09:00,984.0,984.0,980.0,984.0,500,0.0,0.0
2024-08-30 11:00:00+09:00,984.0,984.0,981.0,981.0,0,0.0,0.0
2024-08-30 12:00:00+09:00,985.0,988.0,976.0,976.0,4500,0.0,0.0
2024-08-30 13:00:00+09:00,986.0,999.0,986.0,988.0,2400,0.0,0.0
2024-08-30 14:00:00+09:00,990.0,992.0,987.0,992.0,600,0.0,0.0
2024-09-02 09:00:00+09:00,994.0,994.0,994.0,994.0,500,0.0,0.0
2024-09-02 10:00:00+09:00,998.0,998.0,993.0,993.0,300,0.0,0.0
2024-09-02 11:00:00+09:00,992.0,992.0,985.0,985.0,0,0.0,0.0
2024-09-02 12:00:00+09:00,985.0,986.0,985.0,986.0,2500,0.0,0.0
2024-09-02 13:00:00+09:00,987.0,989.0,986.0,988.0,500,0.0,0.0
2024-09-02 14:00:00+09:00,987.0,988.0,987.0,988.0,500,0.0,0.0
2024-09-03 09:00:00+09:00,990.0,990.0,990.0,990.0,100,0.0,0.0
2024-09-03 10:00:00+09:00,994.0,994.0,989.0,989.0,500,0.0,0.0
2024-09-03 11:00:00+09:00,990.0,990.0,990.0,990.0,0,0.0,0.0
2024-09-03 12:00:00+09:00,991.0,991.0,991.0,991.0,900,0.0,0.0
2024-09-03 13:00:00+09:00,989.0,989.0,988.0,988.0,600,0.0,0.0
2024-09-04 09:00:00+09:00,995.0,995.0,982.0,983.0,2400,0.0,0.0
2024-09-04 10:00:00+09:00,985.0,989.0,985.0,989.0,400,0.0,0.0
2024-09-04 11:00:00+09:00,987.0,987.0,987.0,987.0,0,0.0,0.0
2024-09-04 13:00:00+09:00,985.0,986.0,985.0,986.0,3200,0.0,0.0
2024-09-04 14:00:00+09:00,986.0,988.0,986.0,986.0,300,0.0,0.0
2024-09-05 09:00:00+09:00,986.0,997.0,986.0,987.0,1500,0.0,0.0
2024-09-05 10:00:00+09:00,996.0,1017.0,996.0,1005.0,5100,0.0,0.0
2024-09-05 11:00:00+09:00,1002.0,1002.0,1002.0,1002.0,0,0.0,0.0
2024-09-05 12:00:00+09:00,1006.0,1006.0,999.0,999.0,7800,0.0,0.0
2024-09-05 13:00:00+09:00,996.0,996.0,988.0,988.0,900,0.0,0.0
2024-09-05 14:00:00+09:00,991.0,991.0,991.0,991.0,200,0.0,0.0
2024-09-06 09:00:00+09:00,993.0,993.0,993.0,993.0,1600,0.0,0.0
2024-09-06 10:00:00+09:00,994.0,994.0,993.0,993.0,600,0.0,0.0
2024-09-06 11:00:00+09:00,1003.0,1012.0,1003.0,1012.0,0,0.0,0.0
2024-09-06 12:00:00+09:00,1003.0,1003.0,1003.0,1003.0,3000,0.0,0.0
2024-09-06 13:00:00+09:00,993.0,993.0,993.0,993.0,200,0.0,0.0
2024-09-06 14:00:00+09:00,993.0,995.0,993.0,995.0,500,0.0,0.0
2024-09-09 09:00:00+09:00,991.0,995.0,990.0,995.0,0,0.0,0.0
2024-09-09 10:00:00+09:00,993.0,993.0,993.0,993.0,100,0.0,0.0
2024-09-09 11:00:00+09:00,998.0,998.0,998.0,998.0,0,0.0,0.0
2024-09-09 12:00:00+09:00,998.0,998.0,998.0,998.0,900,0.0,0.0
2024-09-09 13:00:00+09:00,997.0,997.0,992.0,992.0,500,0.0,0.0
2024-09-10 09:00:00+09:00,997.0,997.0,997.0,997.0,200,0.0,0.0
2024-09-10 10:00:00+09:00,997.0,1000.0,996.0,996.0,1500,0.0,0.0
2024-09-10 11:00:00+09:00,996.0,996.0,996.0,996.0,0,0.0,0.0
2024-09-10 12:00:00+09:00,997.0,997.0,997.0,997.0,1900,0.0,0.0
2024-09-10 13:00:00+09:00,1005.0,1005.0,997.0,997.0,1500,0.0,0.0
2024-09-10 14:00:00+09:00,998.0,998.0,998.0,998.0,100,0.0,0.0
2024-09-11 09:00:00+09:00,1002.0,1002.0,995.0,995.0,2000,0.0,0.0
2024-09-11 11:00:00+09:00,995.0,995.0,995.0,995.0,0,0.0,0.0
2024-09-11 12:00:00+09:00,995.0,995.0,993.0,993.0,3500,0.0,0.0
2024-09-11 13:00:00+09:00,993.0,993.0,990.0,990.0,2100,0.0,0.0
2024-09-11 14:00:00+09:00,991.0,998.0,985.0,985.0,1300,0.0,0.0
2024-09-12 09:00:00+09:00,997.0,1000.0,992.0,992.0,1800,0.0,0.0
2024-09-12 11:00:00+09:00,998.0,999.0,998.0,998.0,0,0.0,0.0
2024-09-12 12:00:00+09:00,995.0,995.0,995.0,995.0,2300,0.0,0.0
2024-09-12 13:00:00+09:00,998.0,998.0,996.0,996.0,200,0.0,0.0
2024-09-12 14:00:00+09:00,997.0,997.0,994.0,994.0,600,0.0,0.0
2024-09-13 09:00:00+09:00,992.0,992.0,992.0,992.0,100,0.0,0.0
2024-09-13 10:00:00+09:00,995.0,995.0,992.0,992.0,400,0.0,0.0
2024-09-13 11:00:00+09:00,992.0,992.0,992.0,992.0,0,0.0,0.0
2024-09-13 12:00:00+09:00,993.0,993.0,993.0,993.0,800,0.0,0.0
2024-09-17 09:00:00+09:00,999.0,999.0,995.0,995.0,3300,0.0,0.0
2024-09-17 10:00:00+09:00,995.0,995.0,993.0,993.0,400,0.0,0.0
2024-09-17 11:00:00+09:00,993.0,993.0,993.0,993.0,0,0.0,0.0
2024-09-17 12:00:00+09:00,995.0,995.0,988.0,988.0,4800,0.0,0.0
2024-09-17 14:00:00+09:00,995.0,995.0,995.0,995.0,100,0.0,0.0
2024-09-18 09:00:00+09:00,993.0,993.0,993.0,993.0,300,0.0,0.0
2024-09-18 10:00:00+09:00,996.0,998.0,996.0,998.0,1200,0.0,0.0
2024-09-18 11:00:00+09:00,995.0,995.0,991.0,991.0,0,0.0,0.0
2024-09-18 14:00:00+09:00,997.0,997.0,997.0,997.0,2600,0.0,0.0
2024-09-19 09:00:00+09:00,997.0,1005.0,997.0,997.0,3400,0.0,0.0
2024-09-19 11:00:00+09:00,997.0,997.0,997.0,997.0,0,0.0,0.0
2024-09-20 09:00:00+09:00,996.0,997.0,996.0,996.0,700,0.0,0.0
2024-09-20 10:00:00+09:00,996.0,996.0,996.0,996.0,100,0.0,0.0
2024-09-20 11:00:00+09:00,998.0,999.0,998.0,999.0,0,0.0,0.0
2024-09-20 12:00:00+09:00,1000.0,1000.0,999.0,999.0,4400,0.0,0.0
2024-09-20 13:00:00+09:00,1000.0,1002.0,1000.0,1002.0,1000,0.0,0.0
2024-09-20 14:00:00+09:00,1002.0,1009.0,1002.0,1009.0,1400,0.0,0.0
2024-09-24 09:00:00+09:00,1010.0,1014.0,1009.0,1011.0,1500,0.0,0.0
2024-09-24 10:00:00+09:00,1011.0,1011.0,1011.0,1011.0,500,0.0,0.0
2024-09-24 11:00:00+09:00,1012.0,1012.0,1012.0,1012.0,0,0.0,0.0
2024-09-24 12:00:00+09:00,1012.0,1012.0,1012.0,1012.0,3400,0.0,0.0
2024-09-24 13:00:00+09:00,1012.0,1012.0,1010.0,1010.0,900,0.0,0.0
2024-09-24 14:00:00+09:00,1008.0,1008.0,1005.0,1005.0,700,0.0,0.0
2024-09-25 09:00:00+09:00,1012.0,1012.0,1009.0,1009.0,200,0.0,0.0
2024-09-25 10:00:00+09:00,1008.0,1008.0,1008.0,1008.0,100,0.0,0.0
2024-09-25 11:00:00+09:00,1010.0,1011.0,1010.0,1010.0,0,0.0,0.0
2024-09-25 12:00:00+09:00,1010.0,1010.0,1009.0,1009.0,1600,0.0,0.0
2024-09-25 13:00:00+09:00,1011.0,1012.0,1011.0,1012.0,300,0.0,0.0
2024-09-25 14:00:00+09:00,1010.0,1011.0,1010.0,1011.0,200,0.0,0.0
2024-09-26 09:00:00+09:00,1011.0,1011.0,1010.0,1010.0,300,0.0,0.0
2024-09-26 10:00:00+09:00,1014.0,1014.0,1014.0,1014.0,100,0.0,0.0
2024-09-26 11:00:00+09:00,1011.0,1011.0,1011.0,1011.0,0,0.0,0.0
2024-09-26 12:00:00+09:00,1013.0,1013.0,1010.0,1010.0,800,0.0,0.0
2024-09-26 13:00:00+09:00,1011.0,1016.0,1011.0,1016.0,1500,0.0,0.0
2024-09-26 14:00:00+09:00,1014.0,1019.0,1009.0,1015.0,6100,0.0,0.0
2024-09-27 09:00:00+09:00,998.0,998.0,987.0,989.0,1600,0.0,0.0
2024-09-27 10:00:00+09:00,992.0,998.0,992.0,998.0,0,0.0,0.0
2024-09-27 11:00:00+09:00,998.0,998.0,998.0,998.0,0,0.0,0.0
2024-09-27 12:00:00+09:00,996.0,996.0,990.0,990.0,2100,0.0,0.0
2024-09-27 13:00:00+09:00,996.0,996.0,996.0,996.0,900,0.0,0.0
2024-09-27 14:00:00+09:00,996.0,996.0,993.0,995.0,600,0.0,0.0
2024-09-30 09:00:00+09:00,979.0,985.0,978.0,985.0,2500,0.0,0.0
2024-09-30 10:00:00+09:00,990.0,990.0,990.0,990.0,100,0.0,0.0
2024-09-30 11:00:00+09:00,983.0,983.0,983.0,983.0,0,0.0,0.0
2024-09-30 12:00:00+09:00,990.0,990.0,982.0,982.0,3000,0.0,0.0
2024-09-30 13:00:00+09:00,982.0,982.0,982.0,982.0,100,0.0,0.0
2024-10-01 09:00:00+09:00,984.0,984.0,984.0,984.0,100,0.0,0.0
2024-10-01 10:00:00+09:00,985.0,985.0,985.0,985.0,100,0.0,0.0
2024-10-01 11:00:00+09:00,985.0,985.0,985.0,985.0,0,0.0,0.0
2024-10-01 12:00:00+09:00,990.0,990.0,990.0,990.0,300,0.0,0.0
2024-10-01 14:00:00+09:00,990.0,990.0,987.0,987.0,400,0.0,0.0
2024-10-02 09:00:00+09:00,990.0,990.0,990.0,990.0,200,0.0,0.0
2024-10-02 10:00:00+09:00,992.0,992.0,992.0,992.0,100,0.0,0.0
2024-10-02 11:00:00+09:00,992.0,992.0,992.0,992.0,0,0.0,0.0
2024-10-02 12:00:00+09:00,992.0,992.0,992.0,992.0,500,0.0,0.0
2024-10-02 14:00:00+09:00,992.0,992.0,981.0,981.0,2600,0.0,0.0
2024-10-03 09:00:00+09:00,991.0,991.0,990.0,990.0,500,0.0,0.0
2024-10-03 10:00:00+09:00,982.0,982.0,982.0,982.0,100,0.0,0.0
2024-10-03 11:00:00+09:00,983.0,983.0,983.0,983.0,0,0.0,0.0
2024-10-03 14:00:00+09:00,983.0,983.0,983.0,983.0,1200,0.0,0.0
2024-10-04 09:00:00+09:00,990.0,990.0,983.0,983.0,500,0.0,0.0
2024-10-04 11:00:00+09:00,983.0,983.0,983.0,983.0,0,0.0,0.0
2024-10-04 12:00:00+09:00,983.0,983.0,983.0,983.0,600,0.0,0.0
2024-10-04 13:00:00+09:00,985.0,985.0,985.0,985.0,100,0.0,0.0
2024-10-04 14:00:00+09:00,984.0,988.0,983.0,988.0,500,0.0,0.0
2024-10-07 09:00:00+09:00,994.0,994.0,986.0,986.0,300,0.0,0.0
2024-10-07 11:00:00+09:00,986.0,986.0,986.0,986.0,0,0.0,0.0
2024-10-07 12:00:00+09:00,989.0,990.0,989.0,990.0,600,0.0,0.0
2024-10-07 13:00:00+09:00,988.0,990.0,988.0,990.0,900,0.0,0.0
2024-10-07 14:00:00+09:00,991.0,991.0,987.0,987.0,0,0.0,0.0
2024-10-08 09:00:00+09:00,985.0,985.0,985.0,985.0,200,0.0,0.0
2024-10-08 10:00:00+09:00,984.0,984.0,984.0,984.0,200,0.0,0.0
2024-10-08 11:00:00+09:00,984.0,984.0,984.0,984.0,0,0.0,0.0
2024-10-08 14:00:00+09:00,991.0,991.0,990.0,991.0,1100,0.0,0.0
2024-10-09 10:00:00+09:00,991.0,991.0,990.0,990.0,200,0.0,0.0
2024-10-09 11:00:00+09:00,990.0,990.0,990.0,990.0,0,0.0,0.0
2024-10-09 12:00:00+09:00,990.0,990.0,990.0,990.0,700,0.0,0.0
2024-10-09 14:00:00+09:00,990.0,990.0,990.0,990.0,100,0.0,0.0
2024-10-10 09:00:00+09:00,991.0,991.0,990.0,990.0,1400,0.0,0.0
2024-10-10 10:00:00+09:00,990.0,990.0,990.0,990.0,100,0.0,0.0
2024-10-10 11:00:00+09:00,990.0,990.0,990.0,990.0,0,0.0,0.0
2024-10-10 12:00:00+09:00,993.0,993.0,993.0,993.0,1800,0.0,0.0
2024-10-10 13:00:00+09:00,992.0,992.0,991.0,991.0,300,0.0,0.0
2024-10-11 09:00:00+09:00,989.0,989.0,989.0,989.0,300,0.0,0.0
2024-10-11 10:00:00+09:00,987.0,987.0,987.0,987.0,100,0.0,0.0
2024-10-11 11:00:00+09:00,987.0,987.0,987.0,987.0,0,0.0,0.0
2024-10-11 12:00:00+09:00,987.0,987.0,987.0,987.0,500,0.0,0.0
2024-10-11 13:00:00+09:00,987.0,987.0,987.0,987.0,100,0.0,0.0
2024-10-11 14:00:00+09:00,989.0,989.0,989.0,989.0,200,0.0,0.0
2024-10-15 09:00:00+09:00,991.0,992.0,989.0,992.0,900,0.0,0.0
2024-10-15 11:00:00+09:00,992.0,992.0,992.0,992.0,0,0.0,0.0
2024-10-15 12:00:00+09:00,991.0,991.0,991.0,991.0,2800,0.0,0.0
2024-10-15 13:00:00+09:00,990.0,991.0,990.0,991.0,400,0.0,0.0
2024-10-16 09:00:00+09:00,986.0,986.0,986.0,986.0,500,0.0,0.0
2024-10-16 10:00:00+09:00,987.0,987.0,987.0,987.0,100,0.0,0.0
2024-10-16 11:00:00+09:00,987.0,987.0,987.0,987.0,0,0.0,0.0
2024-10-16 13:00:00+09:00,988.0,988.0,987.0,987.0,800,0.0,0.0
2024-10-16 14:00:00+09:00,988.0,993.0,988.0,993.0,2000,0.0,0.0
2024-10-17 12:00:00+09:00,989.0,989.0,987.0,987.0,200,0.0,0.0
2024-10-17 14:00:00+09:00,988.0,988.0,988.0,988.0,100,0.0,0.0
2024-10-18 09:00:00+09:00,988.0,988.0,988.0,988.0,400,0.0,0.0
2024-10-18 10:00:00+09:00,988.0,988.0,988.0,988.0,100,0.0,0.0
2024-10-18 11:00:00+09:00,988.0,988.0,988.0,988.0,0,0.0,0.0
2024-10-18 12:00:00+09:00,987.0,987.0,987.0,987.0,1100,0.0,0.0
2024-10-18 14:00:00+09:00,988.0,988.0,988.0,988.0,100,0.0,0.0
2024-10-21 09:00:00+09:00,989.0,989.0,989.0,989.0,700,0.0,0.0
2024-10-21 11:00:00+09:00,988.0,988.0,988.0,988.0,0,0.0,0.0
2024-10-21 12:00:00+09:00,989.0,989.0,988.0,988.0,1500,0.0,0.0
2024-10-21 13:00:00+09:00,987.0,987.0,987.0,987.0,500,0.0,0.0
2024-10-21 14:00:00+09:00,988.0,988.0,987.0,987.0,400,0.0,0.0
2024-10-22 09:00:00+09:00,986.0,986.0,986.0,986.0,100,0.0,0.0
2024-10-22 10:00:00+09:00,986.0,986.0,985.0,986.0,2400,0.0,0.0
2024-10-22 11:00:00+09:00,987.0,987.0,986.0,986.0,0,0.0,0.0
2024-10-22 13:00:00+09:00,985.0,985.0,985.0,985.0,3400,0.0,0.0
2024-10-23 09:00:00+09:00,985.0,985.0,985.0,985.0,700,0.0,0.0
2024-10-23 10:00:00+09:00,985.0,985.0,984.0,984.0,1300,0.0,0.0
2024-10-23 11:00:00+09:00,984.0,984.0,984.0,984.0,0,0.0,0.0
2024-10-23 12:00:00+09:00,985.0,985.0,985.0,985.0,2300,0.0,0.0
2024-10-24 10:00:00+09:00,980.0,980.0,970.0,970.0,3100,0.0,0.0
2024-10-24 11:00:00+09:00,970.0,970.0,970.0,970.0,0,0.0,0.0
2024-10-24 12:00:00+09:00,980.0,980.0,980.0,980.0,3600,0.0,0.0
2024-10-24 13:00:00+09:00,981.0,981.0,981.0,981.0,100,0.0,0.0
2024-10-24 14:00:00+09:00,993.0,993.0,970.0,970.0,700,0.0,0.0
2024-10-25 09:00:00+09:00,969.0,969.0,950.0,951.0,4700,0.0,0.0
2024-10-25 10:00:00+09:00,960.0,966.0,951.0,966.0,600,0.0,0.0
2024-10-25 11:00:00+09:00,961.0,961.0,961.0,961.0,0,0.0,0.0
2024-10-25 12:00:00+09:00,961.0,961.0,961.0,961.0,5500,0.0,0.0
2024-10-25 13:00:00+09:00,963.0,963.0,963.0,963.0,0,0.0,0.0
2024-10-25 14:00:00+09:00,966.0,968.0,964.0,968.0,6100,0.0,0.0
