Datetime,Open,High,Low,Close,Volume,Dividends,Stock Splits
2024-11-04 09:30:00-05:00,146.30999755859375,146.30999755859375,146.30999755859375,146.30999755859375,249,0.0,0.0
2024-11-04 09:33:00-05:00,145.97000122070312,145.97000122070312,145.97000122070312,145.97000122070312,210,0.0,0.0
2024-11-04 09:36:00-05:00,146.07000732421875,146.07000732421875,146.07000732421875,146.07000732421875,375,0.0,0.0
2024-11-04 09:52:00-05:00,147.69000244140625,147.77000427246094,147.69000244140625,147.77000427246094,589,0.0,0.0
2024-11-04 09:56:00-05:00,148.19000244140625,148.29750061035156,148.19000244140625,148.23500061035156,1492,0.0,0.0
2024-11-04 09:57:00-05:00,148.00999450683594,148.00999450683594,147.4600067138672,147.4600067138672,443,0.0,0.0
2024-11-04 10:02:00-05:00,148.08999633789062,148.08999633789062,147.50999450683594,147.50999450683594,547,0.0,0.0
2024-11-04 10:05:00-05:00,148.10499572753906,148.10499572753906,148.10499572753906,148.10499572753906,147,0.0,0.0
2024-11-04 10:07:00-05:00,147.85000610351562,147.85000610351562,147.77999877929688,147.85000610351562,730,0.0,0.0
2024-11-04 10:10:00-05:00,147.47999572753906,147.47999572753906,147.47999572753906,147.47999572753906,616,0.0,0.0
2024-11-04 10:11:00-05:00,147.2449951171875,147.2449951171875,147.2449951171875,147.2449951171875,253,0.0,0.0
2024-11-04 10:14:00-05:00,147.85000610351562,147.85000610351562,147.52499389648438,147.52499389648438,455,0.0,0.0
2024-11-04 10:15:00-05:00,147.58999633789062,147.58999633789062,147.5,147.5,706,0.0,0.0
2024-11-04 10:16:00-05:00,147.41000366210938,147.41000366210938,147.41000366210938,147.41000366210938,345,0.0,0.0
2024-11-04 10:20:00-05:00,147.58999633789062,147.58999633789062,147.4600067138672,147.4600067138672,470,0.0,0.0
2024-11-04 10:22:00-05:00,147.5500030517578,147.60000610351562,147.5500030517578,147.60000610351562,1228,0.0,0.0
2024-11-04 10:23:00-05:00,147.52499389648438,147.85000610351562,147.52499389648438,147.85000610351562,786,0.0,0.0
2024-11-04 10:26:00-05:00,148.25999450683594,148.25999450683594,148.25999450683594,148.25999450683594,314,0.0,0.0
2024-11-04 10:30:00-05:00,148.66000366210938,148.66000366210938,148.66000366210938,148.66000366210938,288,0.0,0.0
2024-11-04 10:31:00-05:00,148.5800018310547,148.5800018310547,148.5800018310547,148.5800018310547,293,0.0,0.0
2024-11-04 10:34:00-05:00,148.33999633789062,148.33999633789062,148.33999633789062,148.33999633789062,459,0.0,0.0
2024-11-04 10:44:00-05:00,148.72000122070312,148.72000122070312,148.72000122070312,148.72000122070312,672,0.0,0.0
2024-11-04 10:47:00-05:00,148.52999877929688,148.85000610351562,146.10000610351562,148.72000122070312,55226,0.0,0.0
2024-11-04 10:49:00-05:00,149.02000427246094,149.11000061035156,148.27499389648438,148.27499389648438,7359,0.0,0.0
2024-11-04 10:51:00-05:00,148.14999389648438,148.3300018310547,147.9600067138672,147.9600067138672,7761,0.0,0.0
2024-11-04 11:08:00-05:00,147.58999633789062,147.75999450683594,147.49000549316406,147.6300048828125,1586,0.0,0.0
2024-11-04 11:16:00-05:00,147.67999267578125,147.67999267578125,147.67999267578125,147.67999267578125,690,0.0,0.0
2024-11-04 11:23:00-05:00,147.625,147.625,147.625,147.625,244,0.0,0.0
2024-11-04 11:28:00-05:00,147.4199981689453,147.4199981689453,147.4199981689453,147.4199981689453,343,0.0,0.0
2024-11-04 11:37:00-05:00,146.74000549316406,146.74000549316406,146.72999572753906,146.72999572753906,493,0.0,0.0
2024-11-04 11:43:00-05:00,146.66000366210938,146.66000366210938,146.63999938964844,146.63999938964844,328,0.0,0.0
2024-11-04 11:49:00-05:00,146.9949951171875,146.9949951171875,146.9949951171875,146.9949951171875,8702,0.0,0.0
2024-11-04 12:01:00-05:00,146.92449951171875,146.92449951171875,146.92449951171875,146.92449951171875,608,0.0,0.0
2024-11-04 12:09:00-05:00,146.82000732421875,146.82000732421875,146.82000732421875,146.82000732421875,236,0.0,0.0
2024-11-04 12:10:00-05:00,146.6925048828125,146.6925048828125,146.6925048828125,146.6925048828125,166,0.0,0.0
2024-11-04 12:11:00-05:00,146.57000732421875,146.63980102539062,146.57000732421875,146.63980102539062,1275,0.0,0.0
2024-11-04 12:20:00-05:00,146.9499969482422,146.9600067138672,146.8249969482422,146.8249969482422,874,0.0,0.0
2024-11-04 12:23:00-05:00,147.01499938964844,147.01499938964844,147.01499938964844,147.01499938964844,289,0.0,0.0
2024-11-04 12:26:00-05:00,147.1199951171875,147.3000030517578,147.1199951171875,147.12750244140625,8731,0.0,0.0
2024-11-04 12:27:00-05:00,147.64999389648438,147.7899932861328,147.64999389648438,147.7899932861328,586,0.0,0.0
2024-11-04 12:28:00-05:00,147.83999633789062,147.83999633789062,147.83999633789062,147.83999633789062,130,0.0,0.0
2024-11-04 12:29:00-05:00,147.69000244140625,147.69000244140625,147.69000244140625,147.69000244140625,676,0.0,0.0
2024-11-04 12:38:00-05:00,147.96499633789062,147.96499633789062,147.96499633789062,147.96499633789062,430,0.0,0.0
2024-11-04 12:46:00-05:00,147.63999938964844,147.6699981689453,147.63999938964844,147.6699981689453,454,0.0,0.0
2024-11-04 12:48:00-05:00,147.89999389648438,147.89999389648438,147.7375030517578,147.75,1032,0.0,0.0
2024-11-04 12:50:00-05:00,147.77000427246094,147.77000427246094,147.5500030517578,147.5500030517578,1163,0.0,0.0
2024-11-04 12:52:00-05:00,147.51499938964844,147.51499938964844,147.51499938964844,147.51499938964844,102,0.0,0.0
2024-11-04 12:53:00-05:00,147.48500061035156,147.48500061035156,147.48500061035156,147.48500061035156,316,0.0,0.0
2024-11-04 12:54:00-05:00,147.48500061035156,147.48500061035156,147.48500061035156,147.48500061035156,126,0.0,0.0
2024-11-04 12:55:00-05:00,147.46499633789062,147.47500610351562,147.36500549316406,147.36500549316406,458,0.0,0.0
2024-11-04 12:58:00-05:00,147.51499938964844,147.51499938964844,147.51499938964844,147.51499938964844,326,0.0,0.0
2024-11-04 13:00:00-05:00,147.47999572753906,147.47999572753906,147.47999572753906,147.47999572753906,227,0.0,0.0
2024-11-04 13:01:00-05:00,147.43499755859375,147.43499755859375,147.43499755859375,147.43499755859375,149,0.0,0.0
2024-11-04 13:03:00-05:00,147.5050048828125,147.5050048828125,147.5050048828125,147.5050048828125,101,0.0,0.0
2024-11-04 13:04:00-05:00,147.4499969482422,147.60000610351562,147.41000366210938,147.41000366210938,867,0.0,0.0
2024-11-04 13:06:00-05:00,147.3699951171875,147.3699951171875,147.35000610351562,147.35000610351562,590,0.0,0.0
2024-11-04 13:10:00-05:00,147.3300018310547,147.3300018310547,147.3300018310547,147.3300018310547,124,0.0,0.0
2024-11-04 13:11:00-05:00,147.3249969482422,147.3249969482422,147.3249969482422,147.3249969482422,259,0.0,0.0
2024-11-04 13:13:00-05:00,147.3524932861328,147.3524932861328,147.34500122070312,147.34500122070312,692,0.0,0.0
2024-11-04 13:20:00-05:00,147.3350067138672,147.3350067138672,147.3350067138672,147.3350067138672,159,0.0,0.0
2024-11-04 13:22:00-05:00,147.38999938964844,147.38999938964844,147.38999938964844,147.38999938964844,461,0.0,0.0
2024-11-04 13:26:00-05:00,147.44000244140625,147.57000732421875,147.44000244140625,147.44000244140625,1689,0.0,0.0
2024-11-04 13:27:00-05:00,147.55999755859375,147.57000732421875,147.4499969482422,147.4499969482422,736,0.0,0.0
2024-11-04 13:31:00-05:00,147.49000549316406,147.49000549316406,147.49000549316406,147.49000549316406,232,0.0,0.0
2024-11-04 13:32:00-05:00,147.47500610351562,147.47500610351562,147.47500610351562,147.47500610351562,151,0.0,0.0
2024-11-04 13:34:00-05:00,147.63999938964844,147.63999938964844,147.63999938964844,147.63999938964844,688,0.0,0.0
2024-11-04 13:37:00-05:00,147.64999389648438,147.6649932861328,147.63999938964844,147.63999938964844,3566,0.0,0.0
2024-11-04 13:56:00-05:00,147.52000427246094,147.52000427246094,147.50999450683594,147.50999450683594,944,0.0,0.0
2024-11-04 14:02:00-05:00,147.27000427246094,147.27000427246094,147.16000366210938,147.16000366210938,428,0.0,0.0
2024-11-04 14:06:00-05:00,147.3800048828125,147.3800048828125,147.3800048828125,147.3800048828125,139,0.0,0.0
2024-11-04 14:11:00-05:00,147.39500427246094,147.39500427246094,147.36000061035156,147.36000061035156,5445,0.0,0.0
2024-11-04 14:12:00-05:00,147.00999450683594,147.00999450683594,147.00999450683594,147.00999450683594,118,0.0,0.0
2024-11-04 14:13:00-05:00,147.6699981689453,147.6699981689453,147.31500244140625,147.31500244140625,1479,0.0,0.0
2024-11-04 14:27:00-05:00,147.22999572753906,147.22999572753906,147.02000427246094,147.02000427246094,819,0.0,0.0
2024-11-04 14:30:00-05:00,147.08999633789062,147.08999633789062,147.08999633789062,147.08999633789062,322,0.0,0.0
2024-11-04 14:32:00-05:00,147.1999969482422,147.1999969482422,147.1999969482422,147.1999969482422,332,0.0,0.0
2024-11-04 14:42:00-05:00,147.22999572753906,147.22999572753906,147.22999572753906,147.22999572753906,313,0.0,0.0
2024-11-04 14:44:00-05:00,146.91000366210938,146.9199981689453,146.91000366210938,146.9199981689453,657,0.0,0.0
2024-11-04 14:45:00-05:00,146.75,146.75,146.75,146.75,871,0.0,0.0
2024-11-04 14:51:00-05:00,147.1999969482422,147.1999969482422,147.1999969482422,147.1999969482422,521,0.0,0.0
2024-11-04 14:55:00-05:00,147.18499755859375,147.18499755859375,147.18499755859375,147.18499755859375,136,0.0,0.0
2024-11-04 14:56:00-05:00,147.14999389648438,147.14999389648438,147.14999389648438,147.14999389648438,706,0.0,0.0
2024-11-04 15:07:00-05:00,147.1699981689453,147.1699981689453,147.1699981689453,147.1699981689453,303,0.0,0.0
2024-11-04 15:08:00-05:00,146.92999267578125,146.92999267578125,146.92999267578125,146.92999267578125,409,0.0,0.0
2024-11-04 15:09:00-05:00,147.0749969482422,147.0749969482422,147.0749969482422,147.0749969482422,519,0.0,0.0
2024-11-04 15:12:00-05:00,147.07000732421875,147.07000732421875,147.07000732421875,147.07000732421875,137,0.0,0.0
2024-11-04 15:16:00-05:00,147.07000732421875,147.07000732421875,147.07000732421875,147.07000732421875,100,0.0,0.0
2024-11-04 15:17:00-05:00,146.85000610351562,146.85000610351562,146.85000610351562,146.85000610351562,548,0.0,0.0
2024-11-04 15:19:00-05:00,146.86000061035156,146.89999389648438,146.83999633789062,146.89999389648438,2579,0.0,0.0
2024-11-04 15:20:00-05:00,146.6300048828125,146.6300048828125,146.6300048828125,146.6300048828125,251,0.0,0.0
2024-11-04 15:21:00-05:00,146.6999969482422,146.6999969482422,146.6999969482422,146.6999969482422,136,0.0,0.0
2024-11-04 15:22:00-05:00,146.7100067138672,146.7100067138672,146.7100067138672,146.7100067138672,128,0.0,0.0
2024-11-04 15:23:00-05:00,146.71499633789062,146.72000122070312,146.71499633789062,146.72000122070312,258,0.0,0.0
2024-11-04 15:24:00-05:00,146.7100067138672,146.7100067138672,146.7100067138672,146.7100067138672,182,0.0,0.0
2024-11-04 15:26:00-05:00,146.7050018310547,146.7050018310547,146.7050018310547,146.7050018310547,292,0.0,0.0
2024-11-04 15:27:00-05:00,146.8249969482422,146.8249969482422,146.8249969482422,146.8249969482422,303,0.0,0.0
2024-11-04 15:28:00-05:00,146.6999969482422,146.6999969482422,146.6999969482422,146.6999969482422,700,0.0,0.0
2024-11-04 15:30:00-05:00,146.77999877929688,146.77999877929688,146.77999877929688,146.77999877929688,338,0.0,0.0
2024-11-04 15:31:00-05:00,146.6199951171875,146.6699981689453,146.60000610351562,146.6699981689453,1778,0.0,0.0
2024-11-04 15:33:00-05:00,146.6699981689453,146.6699981689453,146.6699981689453,146.6699981689453,574,0.0,0.0
2024-11-04 15:34:00-05:00,146.6699981689453,146.6699981689453,146.6699981689453,146.6699981689453,338,0.0,0.0
2024-11-04 15:36:00-05:00,146.6699981689453,146.6699981689453,146.4199981689453,146.4199981689453,887,0.0,0.0
2024-11-04 15:40:00-05:00,146.60499572753906,146.60499572753906,146.3699951171875,146.3699951171875,821,0.0,0.0
2024-11-04 15:41:00-05:00,146.75999450683594,146.8699951171875,146.72999572753906,146.8699951171875,1458,0.0,0.0
2024-11-04 15:42:00-05:00,146.97000122070312,146.97000122070312,146.8800048828125,146.88999938964844,2826,0.0,0.0
2024-11-04 15:45:00-05:00,146.77000427246094,146.77000427246094,146.77000427246094,146.77000427246094,649,0.0,0.0
2024-11-04 15:46:00-05:00,146.77000427246094,146.77000427246094,146.77000427246094,146.77000427246094,361,0.0,0.0
2024-11-04 15:48:00-05:00,146.47999572753906,146.47999572753906,146.4600067138672,146.4600067138672,815,0.0,0.0
2024-11-04 15:49:00-05:00,146.49000549316406,146.5,146.47000122070312,146.47000122070312,900,0.0,0.0
2024-11-04 15:50:00-05:00,146.08999633789062,146.08999633789062,146.08999633789062,146.08999633789062,983,0.0,0.0
2024-11-04 15:52:00-05:00,146.06500244140625,146.06500244140625,146.06500244140625,146.06500244140625,1118,0.0,0.0
2024-11-04 15:53:00-05:00,146.24000549316406,146.2449951171875,146.05999755859375,146.2449951171875,1489,0.0,0.0
2024-11-04 15:54:00-05:00,146.25,146.3300018310547,146.17999267578125,146.2449951171875,3055,0.0,0.0
2024-11-04 15:55:00-05:00,146.2100067138672,146.2100067138672,146.0399932861328,146.0449981689453,1405,0.0,0.0
2024-11-04 15:56:00-05:00,146.13999938964844,146.13999938964844,146.13999938964844,146.13999938964844,980,0.0,0.0
2024-11-04 15:57:00-05:00,146.14999389648438,146.26499938964844,146.14999389648438,146.25999450683594,919,0.0,0.0
2024-11-04 15:58:00-05:00,146.3800048828125,146.3800048828125,146.19000244140625,146.19000244140625,1875,0.0,0.0
2024-11-04 15:59:00-05:00,146.28500366210938,146.6300048828125,146.28500366210938,146.52999877929688,5494,0.0,0.0
2024-11-05 09:31:00-05:00,138.0,138.77000427246094,136.67999267578125,136.67999267578125,4653,0.0,0.0
2024-11-05 09:32:00-05:00,139.03770446777344,139.03799438476562,139.03770446777344,139.03770446777344,626,0.0,0.0
2024-11-05 09:34:00-05:00,139.72999572753906,139.72999572753906,139.72999572753906,139.72999572753906,309,0.0,0.0
2024-11-05 09:35:00-05:00,140.8300018310547,141.37640380859375,139.0050048828125,139.0050048828125,1429,0.0,0.0
2024-11-05 09:37:00-05:00,141.6699981689453,142.88999938964844,141.6199951171875,142.88999938964844,1694,0.0,0.0
2024-11-05 09:46:00-05:00,144.83999633789062,144.83999633789062,144.83999633789062,144.83999633789062,553,0.0,0.0
2024-11-05 09:48:00-05:00,145.47000122070312,146.0,145.47000122070312,146.0,562,0.0,0.0
2024-11-05 09:49:00-05:00,146.3800048828125,146.3800048828125,146.3800048828125,146.3800048828125,284,0.0,0.0
2024-11-05 09:55:00-05:00,146.77499389648438,146.77499389648438,146.77499389648438,146.77499389648438,220,0.0,0.0
2024-11-05 09:56:00-05:00,148.22000122070312,148.22000122070312,148.22000122070312,148.22000122070312,510,0.0,0.0
2024-11-05 10:02:00-05:00,147.31500244140625,147.31500244140625,145.8800048828125,145.8800048828125,1714,0.0,0.0
2024-11-05 10:03:00-05:00,145.74000549316406,145.74000549316406,145.74000549316406,145.74000549316406,727,0.0,0.0
2024-11-05 10:07:00-05:00,145.74000549316406,145.74000549316406,145.74000549316406,145.74000549316406,503,0.0,0.0
2024-11-05 10:09:00-05:00,145.86000061035156,146.36000061035156,145.86000061035156,146.36000061035156,414,0.0,0.0
2024-11-05 10:12:00-05:00,146.36000061035156,146.36000061035156,146.36000061035156,146.36000061035156,101,0.0,0.0
2024-11-05 10:14:00-05:00,146.41000366210938,146.41000366210938,146.41000366210938,146.41000366210938,273,0.0,0.0
2024-11-05 10:15:00-05:00,146.33999633789062,146.36000061035156,146.1199951171875,146.1199951171875,946,0.0,0.0
2024-11-05 10:16:00-05:00,145.75,146.0,145.75,146.0,682,0.0,0.0
2024-11-05 10:17:00-05:00,145.97999572753906,145.97999572753906,145.97999572753906,145.97999572753906,180,0.0,0.0
2024-11-05 10:18:00-05:00,146.0,146.0,146.0,146.0,700,0.0,0.0
2024-11-05 10:29:00-05:00,146.0,146.0,146.0,146.0,322,0.0,0.0
2024-11-05 10:30:00-05:00,146.3000030517578,146.3000030517578,145.96499633789062,145.96499633789062,423,0.0,0.0
2024-11-05 10:31:00-05:00,145.63999938964844,146.00999450683594,145.63999938964844,145.8300018310547,3822,0.0,0.0
2024-11-05 10:32:00-05:00,145.85000610351562,146.3249969482422,145.85000610351562,146.3249969482422,1710,0.0,0.0
2024-11-05 10:33:00-05:00,146.3249969482422,146.3249969482422,145.8800048828125,145.8800048828125,1003,0.0,0.0
2024-11-05 10:34:00-05:00,145.6699981689453,145.6699981689453,145.64999389648438,145.6699981689453,1113,0.0,0.0
2024-11-05 10:35:00-05:00,146.10000610351562,146.52999877929688,146.10000610351562,146.3800048828125,970,0.0,0.0
2024-11-05 10:36:00-05:00,146.3800048828125,146.60000610351562,146.03500366210938,146.03500366210938,1560,0.0,0.0
2024-11-05 10:37:00-05:00,146.10000610351562,146.25,145.9499969482422,145.9499969482422,1163,0.0,0.0
2024-11-05 10:38:00-05:00,145.9499969482422,146.16180419921875,145.78500366210938,146.0399932861328,1966,0.0,0.0
2024-11-05 10:39:00-05:00,145.8249969482422,145.9600067138672,145.8249969482422,145.9600067138672,1430,0.0,0.0
2024-11-05 10:40:00-05:00,145.63999938964844,145.8000030517578,145.63999938964844,145.8000030517578,656,0.0,0.0
2024-11-05 10:42:00-05:00,145.6199951171875,145.64990234375,145.6199951171875,145.64990234375,464,0.0,0.0
2024-11-05 10:43:00-05:00,145.69000244140625,145.75,145.3000030517578,145.75,826,0.0,0.0
2024-11-05 10:45:00-05:00,145.6199951171875,145.62109375,145.6199951171875,145.62109375,868,0.0,0.0
2024-11-05 10:52:00-05:00,145.71499633789062,145.71499633789062,145.5,145.71499633789062,1403,0.0,0.0
2024-11-05 10:53:00-05:00,145.72999572753906,145.74000549316406,145.71499633789062,145.71499633789062,1007,0.0,0.0
2024-11-05 10:54:00-05:00,146.1999969482422,147.0,146.1999969482422,146.52999877929688,1735,0.0,0.0
2024-11-05 10:58:00-05:00,146.60000610351562,146.60000610351562,146.60000610351562,146.60000610351562,112,0.0,0.0
2024-11-05 10:59:00-05:00,146.8000030517578,146.80999755859375,146.8000030517578,146.80999755859375,681,0.0,0.0
2024-11-05 11:00:00-05:00,146.35000610351562,146.35000610351562,146.33999633789062,146.33999633789062,841,0.0,0.0
2024-11-05 11:02:00-05:00,146.49000549316406,146.49000549316406,146.49000549316406,146.49000549316406,334,0.0,0.0
2024-11-05 11:07:00-05:00,146.5749969482422,146.5749969482422,146.5749969482422,146.5749969482422,351,0.0,0.0
2024-11-05 11:09:00-05:00,145.75,145.75,145.75,145.75,984,0.0,0.0
2024-11-05 11:15:00-05:00,146.3000030517578,146.3000030517578,146.3000030517578,146.3000030517578,2045,0.0,0.0
2024-11-05 11:24:00-05:00,147.125,147.40499877929688,146.85000610351562,146.85000610351562,1356,0.0,0.0
2024-11-05 11:25:00-05:00,146.5399932861328,146.90499877929688,145.94000244140625,146.81500244140625,4257,0.0,0.0
2024-11-05 11:26:00-05:00,146.9550018310547,146.9550018310547,146.9550018310547,146.9550018310547,1205,0.0,0.0
2024-11-05 11:27:00-05:00,146.46499633789062,146.77999877929688,146.46499633789062,146.77999877929688,790,0.0,0.0
2024-11-05 11:29:00-05:00,146.02000427246094,146.02000427246094,146.02000427246094,146.02000427246094,1264,0.0,0.0
2024-11-05 11:32:00-05:00,146.02000427246094,146.02000427246094,146.02000427246094,146.02000427246094,224,0.0,0.0
2024-11-05 11:35:00-05:00,146.94500732421875,146.97999572753906,146.94500732421875,146.97999572753906,667,0.0,0.0
2024-11-05 11:36:00-05:00,147.0800018310547,147.0800018310547,146.8300018310547,146.8300018310547,637,0.0,0.0
2024-11-05 11:41:00-05:00,147.32000732421875,147.32000732421875,147.32000732421875,147.32000732421875,179,0.0,0.0
2024-11-05 11:43:00-05:00,147.17999267578125,147.17999267578125,147.17999267578125,147.17999267578125,347,0.0,0.0
2024-11-05 11:47:00-05:00,147.7050018310547,147.7050018310547,147.7050018310547,147.7050018310547,108,0.0,0.0
2024-11-05 11:48:00-05:00,148.0500030517578,148.0500030517578,147.89999389648438,147.89999389648438,274,0.0,0.0
2024-11-05 11:49:00-05:00,147.6999969482422,147.72000122070312,147.6999969482422,147.72000122070312,515,0.0,0.0
2024-11-05 11:53:00-05:00,147.660400390625,147.660400390625,147.660400390625,147.660400390625,231,0.0,0.0
2024-11-05 11:58:00-05:00,147.67999267578125,147.67999267578125,147.44500732421875,147.65199279785156,721,0.0,0.0
2024-11-05 11:59:00-05:00,147.56199645996094,147.56199645996094,147.55999755859375,147.55999755859375,477,0.0,0.0
2024-11-05 12:00:00-05:00,147.25999450683594,147.27999877929688,147.24000549316406,147.27999877929688,784,0.0,0.0
2024-11-05 12:05:00-05:00,147.3300018310547,147.39999389648438,147.3300018310547,147.39999389648438,1394,0.0,0.0
2024-11-05 12:06:00-05:00,147.97999572753906,148.17999267578125,147.97999572753906,148.1300048828125,1238,0.0,0.0
2024-11-05 12:12:00-05:00,149.3699951171875,149.3699951171875,149.3699951171875,149.3699951171875,331,0.0,0.0
2024-11-05 12:14:00-05:00,149.64999389648438,149.8000030517578,149.64999389648438,149.8000030517578,689,0.0,0.0
2024-11-05 12:15:00-05:00,149.89999389648438,149.89999389648438,149.89999389648438,149.89999389648438,956,0.0,0.0
2024-11-05 12:24:00-05:00,149.69500732421875,150.03500366210938,149.41000366210938,150.03500366210938,4605,0.0,0.0
2024-11-05 12:28:00-05:00,150.5399932861328,150.5399932861328,150.28500366210938,150.28500366210938,1259,0.0,0.0
2024-11-05 12:37:00-05:00,150.15499877929688,150.3300018310547,149.91000366210938,150.3300018310547,2324,0.0,0.0
2024-11-05 12:38:00-05:00,150.77000427246094,150.77999877929688,150.74000549316406,150.74000549316406,1956,0.0,0.0
2024-11-05 13:04:00-05:00,150.80999755859375,150.80999755859375,150.80999755859375,150.80999755859375,566,0.0,0.0
2024-11-05 13:10:00-05:00,150.8300018310547,150.8300018310547,150.55999755859375,150.64999389648438,732,0.0,0.0
2024-11-05 13:11:00-05:00,150.9199981689453,150.9199981689453,150.9199981689453,150.9199981689453,125,0.0,0.0
2024-11-05 13:12:00-05:00,150.83999633789062,150.86000061035156,150.83999633789062,150.86000061035156,218,0.0,0.0
2024-11-05 13:13:00-05:00,150.86000061035156,150.8699951171875,150.86000061035156,150.8699951171875,1464,0.0,0.0
2024-11-05 13:16:00-05:00,150.83999633789062,150.83999633789062,150.83999633789062,150.83999633789062,2734,0.0,0.0
2024-11-05 13:17:00-05:00,150.83999633789062,150.83999633789062,150.83999633789062,150.83999633789062,2177,0.0,0.0
2024-11-05 13:23:00-05:00,150.5800018310547,150.5800018310547,150.5800018310547,150.5800018310547,126,0.0,0.0
2024-11-05 13:24:00-05:00,150.1199951171875,150.5800018310547,150.1199951171875,150.5800018310547,703,0.0,0.0
2024-11-05 13:25:00-05:00,150.68499755859375,150.68499755859375,150.68499755859375,150.68499755859375,1447,0.0,0.0
2024-11-05 13:31:00-05:00,150.6750030517578,150.6750030517578,150.6750030517578,150.6750030517578,1823,0.0,0.0
2024-11-05 13:32:00-05:00,150.7899932861328,150.80999755859375,150.47000122070312,150.47000122070312,325,0.0,0.0
2024-11-05 13:33:00-05:00,150.41000366210938,150.41000366210938,150.0,150.0,1889,0.0,0.0
2024-11-05 13:34:00-05:00,150.0,150.25,150.0,150.24000549316406,1344,0.0,0.0
2024-11-05 13:35:00-05:00,150.66000366210938,150.66000366210938,150.49000549316406,150.49000549316406,892,0.0,0.0
2024-11-05 13:38:00-05:00,150.40499877929688,150.40499877929688,150.40499877929688,150.40499877929688,127,0.0,0.0
2024-11-05 13:39:00-05:00,150.40499877929688,150.40499877929688,150.40499877929688,150.40499877929688,208,0.0,0.0
2024-11-05 13:40:00-05:00,150.89999389648438,150.89999389648438,150.89999389648438,150.89999389648438,610,0.0,0.0
2024-11-05 13:46:00-05:00,150.94000244140625,150.94000244140625,150.7949981689453,150.7949981689453,377,0.0,0.0
2024-11-05 13:47:00-05:00,150.7949981689453,150.7949981689453,150.7949981689453,150.7949981689453,333,0.0,0.0
2024-11-05 13:48:00-05:00,150.69000244140625,150.69000244140625,150.6199951171875,150.6199951171875,1131,0.0,0.0
2024-11-05 13:59:00-05:00,150.6199951171875,150.69000244140625,150.58999633789062,150.69000244140625,800,0.0,0.0
2024-11-05 14:02:00-05:00,150.63499450683594,150.63499450683594,150.63499450683594,150.63499450683594,157,0.0,0.0
2024-11-05 14:04:00-05:00,150.24000549316406,150.25999450683594,150.10000610351562,150.16000366210938,2156,0.0,0.0
2024-11-05 14:05:00-05:00,150.25750732421875,150.25750732421875,150.25750732421875,150.25750732421875,263,0.0,0.0
2024-11-05 14:16:00-05:00,150.2899932861328,150.2899932861328,150.2899932861328,150.2899932861328,901,0.0,0.0
2024-11-05 14:18:00-05:00,149.88999938964844,150.6199951171875,149.88999938964844,150.38999938964844,1987,0.0,0.0
2024-11-05 14:23:00-05:00,150.02999877929688,150.02999877929688,150.02000427246094,150.02000427246094,351,0.0,0.0
2024-11-05 14:24:00-05:00,150.0,150.0,150.0,150.0,308,0.0,0.0
2024-11-05 14:25:00-05:00,150.0,150.0,150.0,150.0,460,0.0,0.0
2024-11-05 14:27:00-05:00,150.0,150.0,150.0,150.0,132,0.0,0.0
2024-11-05 14:28:00-05:00,150.0,150.0,150.0,150.0,655,0.0,0.0
2024-11-05 14:29:00-05:00,150.0,150.0749969482422,150.0,150.0749969482422,5391,0.0,0.0
2024-11-05 14:30:00-05:00,150.0749969482422,150.0749969482422,150.0,150.0,2031,0.0,0.0
2024-11-05 14:32:00-05:00,149.1999969482422,149.52999877929688,149.05999755859375,149.52000427246094,2441,0.0,0.0
2024-11-05 14:33:00-05:00,149.24000549316406,149.52000427246094,149.24000549316406,149.52000427246094,566,0.0,0.0
2024-11-05 14:34:00-05:00,149.0500030517578,149.10000610351562,149.0500030517578,149.10000610351562,1714,0.0,0.0
2024-11-05 14:41:00-05:00,148.55999755859375,148.77999877929688,148.55999755859375,148.77999877929688,914,0.0,0.0
2024-11-05 14:44:00-05:00,148.8800048828125,149.10000610351562,148.44000244140625,148.44000244140625,3765,0.0,0.0
2024-11-05 14:45:00-05:00,148.19000244140625,148.19000244140625,148.0399932861328,148.0399932861328,672,0.0,0.0
2024-11-05 14:50:00-05:00,147.97000122070312,147.97000122070312,147.97000122070312,147.97000122070312,303,0.0,0.0
2024-11-05 14:57:00-05:00,147.58999633789062,147.60000610351562,147.58999633789062,147.60000610351562,545,0.0,0.0
2024-11-05 15:01:00-05:00,147.1199951171875,147.1199951171875,147.1199951171875,147.1199951171875,216,0.0,0.0
2024-11-05 15:03:00-05:00,147.67999267578125,147.67999267578125,147.67999267578125,147.67999267578125,214,0.0,0.0
2024-11-05 15:04:00-05:00,147.6999969482422,147.6999969482422,147.6999969482422,147.6999969482422,153,0.0,0.0
2024-11-05 15:05:00-05:00,147.64999389648438,147.64999389648438,147.64999389648438,147.64999389648438,381,0.0,0.0
2024-11-05 15:06:00-05:00,147.67999267578125,147.67999267578125,147.67999267578125,147.67999267578125,1343,0.0,0.0
2024-11-05 15:07:00-05:00,147.68499755859375,147.68499755859375,147.68499755859375,147.68499755859375,177,0.0,0.0
2024-11-05 15:08:00-05:00,147.7100067138672,147.7100067138672,147.7100067138672,147.7100067138672,662,0.0,0.0
2024-11-05 15:13:00-05:00,147.85499572753906,147.85499572753906,147.85499572753906,147.85499572753906,3050,0.0,0.0
2024-11-05 15:14:00-05:00,148.22999572753906,148.61000061035156,148.1699981689453,148.22250366210938,3112,0.0,0.0
2024-11-05 15:17:00-05:00,149.1199951171875,149.1199951171875,149.0500030517578,149.0500030517578,444,0.0,0.0
2024-11-05 15:19:00-05:00,148.99000549316406,148.99000549316406,148.99000549316406,148.99000549316406,393,0.0,0.0
2024-11-05 15:24:00-05:00,148.80999755859375,149.07000732421875,148.80999755859375,149.07000732421875,411,0.0,0.0
2024-11-05 15:26:00-05:00,148.80999755859375,149.1999969482422,148.80999755859375,149.17999267578125,6478,0.0,0.0
2024-11-05 15:28:00-05:00,148.74000549316406,148.74000549316406,148.66000366210938,148.72999572753906,1693,0.0,0.0
2024-11-05 15:29:00-05:00,148.5500030517578,148.5500030517578,148.5500030517578,148.5500030517578,727,0.0,0.0
2024-11-05 15:34:00-05:00,148.58999633789062,148.58999633789062,148.58999633789062,148.58999633789062,1201,0.0,0.0
2024-11-05 15:39:00-05:00,148.92999267578125,148.92999267578125,148.6699981689453,148.76499938964844,1734,0.0,0.0
2024-11-05 15:40:00-05:00,148.52000427246094,148.7449951171875,148.52000427246094,148.7449951171875,439,0.0,0.0
2024-11-05 15:41:00-05:00,148.64999389648438,148.64999389648438,148.64999389648438,148.64999389648438,969,0.0,0.0
2024-11-05 15:42:00-05:00,148.63999938964844,148.63999938964844,148.63999938964844,148.63999938964844,4676,0.0,0.0
2024-11-05 15:43:00-05:00,148.64999389648438,149.22000122070312,148.64999389648438,149.22000122070312,1076,0.0,0.0
2024-11-05 15:44:00-05:00,149.01499938964844,149.01499938964844,149.01499938964844,149.01499938964844,112,0.0,0.0
2024-11-05 15:45:00-05:00,149.00999450683594,149.00999450683594,149.0050048828125,149.0050048828125,270,0.0,0.0
2024-11-05 15:46:00-05:00,149.22000122070312,149.30999755859375,149.22000122070312,149.30999755859375,358,0.0,0.0
2024-11-05 15:48:00-05:00,148.6999969482422,149.0500030517578,148.5500030517578,149.0500030517578,4965,0.0,0.0
2024-11-05 15:49:00-05:00,149.1300048828125,149.1300048828125,149.0500030517578,149.0500030517578,1721,0.0,0.0
2024-11-05 15:50:00-05:00,149.10000610351562,149.10000610351562,149.10000610351562,149.10000610351562,863,0.0,0.0
2024-11-05 15:51:00-05:00,148.75,148.75,148.75,148.75,590,0.0,0.0
2024-11-05 15:52:00-05:00,149.3800048828125,149.3800048828125,149.3800048828125,149.3800048828125,527,0.0,0.0
2024-11-05 15:54:00-05:00,148.89999389648438,148.89999389648438,148.89999389648438,148.89999389648438,1426,0.0,0.0
2024-11-05 15:55:00-05:00,148.86000061035156,149.0,148.86000061035156,148.9199981689453,1371,0.0,0.0
2024-11-05 15:56:00-05:00,149.09500122070312,149.09500122070312,148.89999389648438,148.89999389648438,2031,0.0,0.0
2024-11-05 15:57:00-05:00,149.24000549316406,149.24000549316406,148.92999267578125,148.97999572753906,1931,0.0,0.0
2024-11-05 15:58:00-05:00,148.92999267578125,149.0449981689453,148.89999389648438,149.0449981689453,2430,0.0,0.0
2024-11-05 15:59:00-05:00,149.10000610351562,149.10000610351562,148.7899932861328,148.8300018310547,7537,0.0,0.0
2024-11-06 09:30:00-05:00,158.0,159.16000366210938,158.0,159.16000366210938,2226,0.0,0.0
2024-11-06 09:31:00-05:00,158.13999938964844,158.13999938964844,158.13999938964844,158.13999938964844,900,0.0,0.0
2024-11-06 09:39:00-05:00,159.61000061035156,161.0800018310547,159.61000061035156,160.1649932861328,3552,0.0,0.0
2024-11-06 09:40:00-05:00,160.2550048828125,160.65499877929688,160.08999633789062,160.08999633789062,1632,0.0,0.0
2024-11-06 09:48:00-05:00,160.44000244140625,160.57000732421875,159.9149932861328,160.52999877929688,2143,0.0,0.0
2024-11-06 09:49:00-05:00,160.52999877929688,160.52999877929688,160.52999877929688,160.52999877929688,100,0.0,0.0
2024-11-06 09:50:00-05:00,159.91000366210938,159.91000366210938,159.91000366210938,159.91000366210938,288,0.0,0.0
2024-11-06 09:55:00-05:00,159.4600067138672,159.4600067138672,159.4600067138672,159.4600067138672,302,0.0,0.0
2024-11-06 09:56:00-05:00,159.34500122070312,159.34500122070312,159.34500122070312,159.34500122070312,201,0.0,0.0
2024-11-06 09:58:00-05:00,159.36000061035156,159.36000061035156,159.36000061035156,159.36000061035156,148,0.0,0.0
2024-11-06 09:59:00-05:00,159.42999267578125,159.42999267578125,159.42999267578125,159.42999267578125,354,0.0,0.0
2024-11-06 10:00:00-05:00,159.6300048828125,159.7100067138672,159.6300048828125,159.7100067138672,633,0.0,0.0
2024-11-06 10:01:00-05:00,159.99000549316406,160.3699951171875,159.5,160.36000061035156,7569,0.0,0.0
2024-11-06 10:03:00-05:00,159.6999969482422,160.11000061035156,159.6999969482422,160.11000061035156,1665,0.0,0.0
2024-11-06 10:05:00-05:00,160.3000030517578,160.3000030517578,160.125,160.125,2846,0.0,0.0
2024-11-06 10:06:00-05:00,160.00999450683594,160.00999450683594,160.00999450683594,160.00999450683594,520,0.0,0.0
2024-11-06 10:07:00-05:00,160.00999450683594,160.00999450683594,159.50999450683594,159.52000427246094,1685,0.0,0.0
2024-11-06 10:08:00-05:00,159.99000549316406,159.99000549316406,159.4884033203125,159.6436004638672,2948,0.0,0.0
2024-11-06 10:09:00-05:00,159.99000549316406,159.99000549316406,159.99000549316406,159.99000549316406,516,0.0,0.0
2024-11-06 10:13:00-05:00,159.99000549316406,159.99000549316406,159.99000549316406,159.99000549316406,1630,0.0,0.0
2024-11-06 10:14:00-05:00,159.99000549316406,160.2899932861328,159.99000549316406,160.25999450683594,5764,0.0,0.0
2024-11-06 10:21:00-05:00,162.55999755859375,162.5800018310547,162.49000549316406,162.49000549316406,1474,0.0,0.0
2024-11-06 10:24:00-05:00,163.30999755859375,163.32000732421875,163.30999755859375,163.32000732421875,798,0.0,0.0
2024-11-06 10:25:00-05:00,163.99000549316406,163.99000549316406,163.99000549316406,163.99000549316406,346,0.0,0.0
2024-11-06 10:27:00-05:00,163.97000122070312,163.97000122070312,163.57000732421875,163.57000732421875,933,0.0,0.0
2024-11-06 10:31:00-05:00,164.0,164.0,163.6300048828125,163.6699981689453,1875,0.0,0.0
2024-11-06 10:41:00-05:00,163.38999938964844,163.38999938964844,163.38999938964844,163.38999938964844,106,0.0,0.0
2024-11-06 10:42:00-05:00,163.1999969482422,163.1999969482422,163.1999969482422,163.1999969482422,186,0.0,0.0
2024-11-06 10:44:00-05:00,163.1999969482422,163.1999969482422,163.1999969482422,163.1999969482422,647,0.0,0.0
2024-11-06 10:45:00-05:00,163.22000122070312,163.22999572753906,163.2100067138672,163.2100067138672,2278,0.0,0.0
2024-11-06 10:46:00-05:00,163.55499267578125,163.86000061035156,163.55499267578125,163.55499267578125,550,0.0,0.0
2024-11-06 10:50:00-05:00,163.69500732421875,163.69500732421875,163.69500732421875,163.69500732421875,326,0.0,0.0
2024-11-06 10:55:00-05:00,163.69500732421875,163.69500732421875,163.5500030517578,163.5500030517578,1610,0.0,0.0
2024-11-06 10:56:00-05:00,164.00999450683594,164.0399932861328,163.7675018310547,163.7675018310547,675,0.0,0.0
2024-11-06 10:57:00-05:00,164.0399932861328,164.61000061035156,164.0399932861328,164.61000061035156,708,0.0,0.0
2024-11-06 10:58:00-05:00,164.99000549316406,165.33999633789062,164.99000549316406,165.19500732421875,2578,0.0,0.0
2024-11-06 10:59:00-05:00,164.97000122070312,164.97000122070312,164.97000122070312,164.97000122070312,272,0.0,0.0
2024-11-06 11:03:00-05:00,165.25,165.25,164.91000366210938,164.9949951171875,792,0.0,0.0
2024-11-06 11:04:00-05:00,164.77999877929688,164.7899932861328,164.25,164.25,1456,0.0,0.0
2024-11-06 11:07:00-05:00,164.25,164.25,164.25,164.25,107,0.0,0.0
2024-11-06 11:08:00-05:00,164.25,164.25,164.25,164.25,112,0.0,0.0
2024-11-06 11:09:00-05:00,163.52000427246094,163.61500549316406,163.50999450683594,163.61500549316406,1671,0.0,0.0
2024-11-06 11:10:00-05:00,163.99000549316406,164.0,163.99000549316406,164.0,5499,0.0,0.0
2024-11-06 11:11:00-05:00,164.50999450683594,164.77000427246094,164.0500030517578,164.77000427246094,1908,0.0,0.0
2024-11-06 11:12:00-05:00,164.375,164.375,164.375,164.375,126,0.0,0.0
2024-11-06 11:13:00-05:00,164.64999389648438,164.64999389648438,164.55999755859375,164.55999755859375,716,0.0,0.0
2024-11-06 11:15:00-05:00,164.6300048828125,164.6300048828125,164.0,164.0,2389,0.0,0.0
2024-11-06 11:16:00-05:00,164.80999755859375,164.80999755859375,164.80999755859375,164.80999755859375,192,0.0,0.0
2024-11-06 11:18:00-05:00,164.80999755859375,164.80999755859375,164.67999267578125,164.67999267578125,823,0.0,0.0
2024-11-06 11:19:00-05:00,164.67999267578125,164.67999267578125,163.6051025390625,163.6051025390625,2000,0.0,0.0
2024-11-06 11:20:00-05:00,163.7899932861328,164.0,163.72340393066406,164.0,703,0.0,0.0
2024-11-06 11:23:00-05:00,164.38499450683594,164.38499450683594,164.38499450683594,164.38499450683594,206,0.0,0.0
2024-11-06 11:28:00-05:00,164.91000366210938,164.91000366210938,164.0,164.91000366210938,1905,0.0,0.0
2024-11-06 11:36:00-05:00,165.8000030517578,165.8000030517578,165.8000030517578,165.8000030517578,173,0.0,0.0
2024-11-06 11:37:00-05:00,165.10499572753906,165.74000549316406,165.10499572753906,165.74000549316406,425,0.0,0.0
2024-11-06 11:38:00-05:00,165.83999633789062,165.83999633789062,165.83999633789062,165.83999633789062,1066,0.0,0.0
2024-11-06 11:41:00-05:00,166.07000732421875,166.4499969482422,166.07000732421875,166.0800018310547,704,0.0,0.0
2024-11-06 11:42:00-05:00,166.36500549316406,166.36500549316406,165.74000549316406,165.74000549316406,536,0.0,0.0
2024-11-06 11:46:00-05:00,166.52000427246094,166.83999633789062,166.28500366210938,166.28500366210938,876,0.0,0.0
2024-11-06 11:52:00-05:00,166.3699951171875,166.3699951171875,166.3699951171875,166.3699951171875,522,0.0,0.0
2024-11-06 11:55:00-05:00,166.02000427246094,166.30999755859375,166.00999450683594,166.27000427246094,2663,0.0,0.0
2024-11-06 11:56:00-05:00,166.28500366210938,166.28500366210938,166.28500366210938,166.28500366210938,533,0.0,0.0
2024-11-06 11:59:00-05:00,166.9199981689453,166.9199981689453,166.9199981689453,166.9199981689453,499,0.0,0.0
2024-11-06 12:06:00-05:00,166.77000427246094,166.77000427246094,166.77000427246094,166.77000427246094,148,0.0,0.0
2024-11-06 12:07:00-05:00,166.77000427246094,166.77000427246094,166.77000427246094,166.77000427246094,159,0.0,0.0
2024-11-06 12:10:00-05:00,167.22000122070312,167.22000122070312,167.22000122070312,167.22000122070312,134,0.0,0.0
2024-11-06 12:11:00-05:00,167.27999877929688,167.2899932861328,167.27999877929688,167.2899932861328,2197,0.0,0.0
2024-11-06 12:24:00-05:00,167.0500030517578,167.0500030517578,167.0500030517578,167.0500030517578,252,0.0,0.0
2024-11-06 12:25:00-05:00,166.89500427246094,167.0500030517578,166.89500427246094,167.0500030517578,1064,0.0,0.0
2024-11-06 12:30:00-05:00,166.6649932861328,166.6649932861328,166.3000030517578,166.5500030517578,1198,0.0,0.0
2024-11-06 12:32:00-05:00,166.8300018310547,166.8300018310547,166.8300018310547,166.8300018310547,743,0.0,0.0
2024-11-06 12:36:00-05:00,166.8800048828125,167.10000610351562,166.8800048828125,167.10000610351562,1370,0.0,0.0
2024-11-06 12:37:00-05:00,167.4949951171875,167.97999572753906,167.4949951171875,167.97999572753906,1087,0.0,0.0
2024-11-06 12:39:00-05:00,167.93499755859375,167.93499755859375,167.9199981689453,167.9199981689453,1082,0.0,0.0
2024-11-06 12:45:00-05:00,169.24000549316406,169.47999572753906,168.8300018310547,168.8300018310547,726,0.0,0.0
2024-11-06 12:48:00-05:00,169.61000061035156,169.61000061035156,168.60499572753906,168.60499572753906,1075,0.0,0.0
2024-11-06 12:51:00-05:00,169.09429931640625,169.09429931640625,168.59500122070312,168.59500122070312,1006,0.0,0.0
2024-11-06 12:52:00-05:00,168.75999450683594,168.75999450683594,168.3800048828125,168.3800048828125,1512,0.0,0.0
2024-11-06 12:56:00-05:00,167.97500610351562,168.13999938964844,167.97500610351562,168.13999938964844,312,0.0,0.0
2024-11-06 12:57:00-05:00,167.97999572753906,167.97999572753906,167.2100067138672,167.2100067138672,1466,0.0,0.0
2024-11-06 12:58:00-05:00,167.2100067138672,167.2100067138672,167.2100067138672,167.2100067138672,641,0.0,0.0
2024-11-06 12:59:00-05:00,167.44500732421875,167.44500732421875,167.44500732421875,167.44500732421875,177,0.0,0.0
2024-11-06 13:01:00-05:00,166.85000610351562,166.85000610351562,166.85000610351562,166.85000610351562,329,0.0,0.0
2024-11-06 13:03:00-05:00,167.5800018310547,167.8000030517578,167.5800018310547,167.8000030517578,619,0.0,0.0
2024-11-06 13:07:00-05:00,168.24000549316406,168.24000549316406,168.24000549316406,168.24000549316406,512,0.0,0.0
2024-11-06 13:10:00-05:00,168.15499877929688,168.15499877929688,168.15499877929688,168.15499877929688,1343,0.0,0.0
2024-11-06 13:18:00-05:00,168.27999877929688,168.76499938964844,167.91000366210938,168.76499938964844,1705,0.0,0.0
2024-11-06 13:19:00-05:00,168.76499938964844,168.76499938964844,168.76499938964844,168.76499938964844,119,0.0,0.0
2024-11-06 13:21:00-05:00,168.7899932861328,168.7899932861328,168.77999877929688,168.77999877929688,617,0.0,0.0
2024-11-06 13:22:00-05:00,168.4600067138672,168.6300048828125,168.44000244140625,168.6300048828125,542,0.0,0.0
2024-11-06 13:25:00-05:00,168.75,168.75,168.75,168.75,589,0.0,0.0
2024-11-06 13:27:00-05:00,168.9199981689453,169.08999633789062,168.9199981689453,169.08999633789062,1121,0.0,0.0
2024-11-06 13:33:00-05:00,169.10499572753906,169.10499572753906,169.10499572753906,169.10499572753906,119,0.0,0.0
2024-11-06 13:34:00-05:00,169.10499572753906,169.10499572753906,169.10499572753906,169.10499572753906,254,0.0,0.0
2024-11-06 13:37:00-05:00,169.10499572753906,169.10499572753906,169.10499572753906,169.10499572753906,101,0.0,0.0
2024-11-06 13:38:00-05:00,169.10499572753906,169.10499572753906,169.10499572753906,169.10499572753906,536,0.0,0.0
2024-11-06 13:39:00-05:00,169.26499938964844,169.26499938964844,169.26499938964844,169.26499938964844,699,0.0,0.0
2024-11-06 13:43:00-05:00,169.47999572753906,169.49000549316406,169.47999572753906,169.49000549316406,600,0.0,0.0
2024-11-06 13:46:00-05:00,169.5,169.5399932861328,169.5,169.5399932861328,287,0.0,0.0
2024-11-06 13:47:00-05:00,169.23500061035156,169.23500061035156,168.72000122070312,168.72000122070312,631,0.0,0.0
2024-11-06 13:48:00-05:00,169.11000061035156,169.11000061035156,168.80999755859375,168.97000122070312,3284,0.0,0.0
2024-11-06 13:49:00-05:00,169.0,169.0,168.97000122070312,169.0,3439,0.0,0.0
2024-11-06 13:52:00-05:00,169.2050018310547,169.7100067138672,169.2050018310547,169.7100067138672,879,0.0,0.0
2024-11-06 13:55:00-05:00,169.84500122070312,169.84500122070312,169.84500122070312,169.84500122070312,426,0.0,0.0
2024-11-06 13:56:00-05:00,170.5800018310547,170.5800018310547,170.5800018310547,170.5800018310547,421,0.0,0.0
2024-11-06 14:01:00-05:00,170.5800018310547,170.5800018310547,170.5800018310547,170.5800018310547,428,0.0,0.0
2024-11-06 14:02:00-05:00,170.07000732421875,170.07000732421875,170.0,170.0,2014,0.0,0.0
2024-11-06 14:03:00-05:00,170.10025024414062,170.10025024414062,170.10025024414062,170.10025024414062,182,0.0,0.0
2024-11-06 14:04:00-05:00,170.57000732421875,170.5800018310547,170.5399932861328,170.5399932861328,1958,0.0,0.0
2024-11-06 14:09:00-05:00,170.89999389648438,170.89999389648438,170.89999389648438,170.89999389648438,184,0.0,0.0
2024-11-06 14:10:00-05:00,171.0500030517578,171.0500030517578,171.0500030517578,171.0500030517578,266,0.0,0.0
2024-11-06 14:12:00-05:00,171.0800018310547,171.1699981689453,171.0800018310547,171.11000061035156,2729,0.0,0.0
2024-11-06 14:14:00-05:00,170.5500946044922,171.11500549316406,170.5500946044922,171.11500549316406,882,0.0,0.0
2024-11-06 14:15:00-05:00,171.11000061035156,171.11000061035156,171.11000061035156,171.11000061035156,758,0.0,0.0
2024-11-06 14:16:00-05:00,170.55999755859375,170.55999755859375,170.0,170.2949981689453,2016,0.0,0.0
2024-11-06 14:19:00-05:00,169.85000610351562,169.85000610351562,169.85000610351562,169.85000610351562,472,0.0,0.0
2024-11-06 14:20:00-05:00,169.77499389648438,169.77499389648438,169.77499389648438,169.77499389648438,554,0.0,0.0
2024-11-06 14:22:00-05:00,170.4600067138672,170.4600067138672,170.4600067138672,170.4600067138672,203,0.0,0.0
2024-11-06 14:24:00-05:00,170.7899932861328,170.7899932861328,170.52000427246094,170.52000427246094,635,0.0,0.0
2024-11-06 14:26:00-05:00,170.2949981689453,170.2949981689453,170.2899932861328,170.2899932861328,694,0.0,0.0
2024-11-06 14:30:00-05:00,169.9600067138672,169.96499633789062,169.9600067138672,169.96499633789062,484,0.0,0.0
2024-11-06 14:34:00-05:00,169.69000244140625,169.77999877929688,169.5500030517578,169.5500030517578,2209,0.0,0.0
2024-11-06 14:36:00-05:00,169.10350036621094,169.10350036621094,169.10350036621094,169.10350036621094,152,0.0,0.0
2024-11-06 14:37:00-05:00,169.07000732421875,169.07000732421875,169.07000732421875,169.07000732421875,420,0.0,0.0
2024-11-06 14:40:00-05:00,169.33999633789062,169.33999633789062,169.33999633789062,169.33999633789062,618,0.0,0.0
2024-11-06 14:41:00-05:00,169.36000061035156,169.36000061035156,168.9499969482422,168.9499969482422,939,0.0,0.0
2024-11-06 14:43:00-05:00,168.9149932861328,168.9149932861328,168.9149932861328,168.9149932861328,502,0.0,0.0
2024-11-06 14:44:00-05:00,168.9499969482422,169.02000427246094,168.9499969482422,169.02000427246094,359,0.0,0.0
2024-11-06 14:45:00-05:00,169.0500030517578,169.0500030517578,169.0500030517578,169.0500030517578,776,0.0,0.0
2024-11-06 14:48:00-05:00,168.5800018310547,168.85499572753906,168.5399932861328,168.85499572753906,1431,0.0,0.0
2024-11-06 14:50:00-05:00,168.5449981689453,168.5449981689453,168.5449981689453,168.5449981689453,348,0.0,0.0
2024-11-06 14:53:00-05:00,168.72000122070312,168.72000122070312,168.72000122070312,168.72000122070312,209,0.0,0.0
2024-11-06 14:55:00-05:00,168.23500061035156,168.23500061035156,168.23500061035156,168.23500061035156,1381,0.0,0.0
2024-11-06 15:01:00-05:00,168.35000610351562,168.35000610351562,168.02000427246094,168.08999633789062,2833,0.0,0.0
2024-11-06 15:02:00-05:00,168.3699951171875,168.3699951171875,168.00999450683594,168.00999450683594,1042,0.0,0.0
2024-11-06 15:03:00-05:00,167.68499755859375,167.68499755859375,167.68499755859375,167.68499755859375,631,0.0,0.0
2024-11-06 15:06:00-05:00,167.77999877929688,167.77999877929688,167.77999877929688,167.77999877929688,362,0.0,0.0
2024-11-06 15:11:00-05:00,167.74000549316406,167.94000244140625,167.74000549316406,167.94000244140625,1778,0.0,0.0
2024-11-06 15:14:00-05:00,167.7050018310547,167.7050018310547,167.7050018310547,167.7050018310547,1003,0.0,0.0
2024-11-06 15:16:00-05:00,167.77999877929688,168.0,167.74000549316406,167.74000549316406,2456,0.0,0.0
2024-11-06 15:18:00-05:00,167.5399932861328,167.66000366210938,167.42999267578125,167.66000366210938,1466,0.0,0.0
2024-11-06 15:23:00-05:00,167.86500549316406,167.86500549316406,167.75,167.75,952,0.0,0.0
2024-11-06 15:24:00-05:00,167.5500030517578,167.5500030517578,167.5500030517578,167.5500030517578,186,0.0,0.0
2024-11-06 15:25:00-05:00,167.77999877929688,167.77999877929688,167.77999877929688,167.77999877929688,689,0.0,0.0
2024-11-06 15:26:00-05:00,167.77999877929688,167.77999877929688,167.77999877929688,167.77999877929688,728,0.0,0.0
2024-11-06 15:28:00-05:00,167.66000366210938,167.66000366210938,167.66000366210938,167.66000366210938,175,0.0,0.0
2024-11-06 15:29:00-05:00,167.9499969482422,168.08999633789062,167.85000610351562,168.08999633789062,2074,0.0,0.0
2024-11-06 15:30:00-05:00,168.30499267578125,168.30499267578125,168.0800018310547,168.23500061035156,1572,0.0,0.0
2024-11-06 15:31:00-05:00,168.3300018310547,168.3300018310547,168.3300018310547,168.3300018310547,837,0.0,0.0
2024-11-06 15:37:00-05:00,168.41000366210938,168.47000122070312,168.2899932861328,168.47000122070312,1397,0.0,0.0
2024-11-06 15:40:00-05:00,168.1300048828125,168.25999450683594,168.1300048828125,168.25999450683594,511,0.0,0.0
2024-11-06 15:41:00-05:00,168.26499938964844,168.27499389648438,168.26499938964844,168.27499389648438,1081,0.0,0.0
2024-11-06 15:42:00-05:00,168.02999877929688,168.02999877929688,168.02999877929688,168.02999877929688,585,0.0,0.0
2024-11-06 15:44:00-05:00,168.22000122070312,168.42999267578125,168.22000122070312,168.22000122070312,1455,0.0,0.0
2024-11-06 15:45:00-05:00,168.22000122070312,168.22000122070312,168.05499267578125,168.05499267578125,1398,0.0,0.0
2024-11-06 15:46:00-05:00,168.05499267578125,168.05499267578125,168.05499267578125,168.05499267578125,300,0.0,0.0
2024-11-06 15:47:00-05:00,167.9499969482422,167.9499969482422,167.7100067138672,167.7100067138672,2799,0.0,0.0
2024-11-06 15:48:00-05:00,167.6501007080078,167.6649932861328,167.35000610351562,167.35000610351562,2144,0.0,0.0
2024-11-06 15:49:00-05:00,167.3300018310547,167.3300018310547,167.2949981689453,167.30999755859375,777,0.0,0.0
2024-11-06 15:50:00-05:00,167.64999389648438,167.88999938964844,167.35499572753906,167.52999877929688,6455,0.0,0.0
2024-11-06 15:51:00-05:00,167.60000610351562,167.61000061035156,167.52999877929688,167.5449981689453,946,0.0,0.0
2024-11-06 15:52:00-05:00,167.1300048828125,167.3000030517578,167.1300048828125,167.2949981689453,2435,0.0,0.0
2024-11-06 15:53:00-05:00,167.2949981689453,167.2949981689453,167.00999450683594,167.00999450683594,715,0.0,0.0
2024-11-06 15:54:00-05:00,166.91000366210938,166.91000366210938,165.16000366210938,165.16000366210938,10775,0.0,0.0
2024-11-06 15:55:00-05:00,164.85000610351562,165.74000549316406,164.22999572753906,165.52999877929688,8669,0.0,0.0
2024-11-06 15:56:00-05:00,165.11500549316406,165.9499969482422,165.11500549316406,165.9499969482422,2034,0.0,0.0
2024-11-06 15:57:00-05:00,166.01499938964844,166.02000427246094,165.64999389648438,166.02000427246094,2124,0.0,0.0
2024-11-06 15:58:00-05:00,165.8300018310547,166.11000061035156,165.5800018310547,165.98500061035156,2822,0.0,0.0
2024-11-06 15:59:00-05:00,165.9949951171875,166.32000732421875,165.61000061035156,165.63999938964844,5688,0.0,0.0
2024-11-07 09:30:00-05:00,164.63999938964844,164.63999938964844,164.49000549316406,164.49000549316406,3050,0.0,0.0
2024-11-07 10:03:00-05:00,164.2899932861328,164.2899932861328,164.2899932861328,164.2899932861328,348,0.0,0.0
2024-11-07 10:06:00-05:00,163.97000122070312,163.97000122070312,163.97000122070312,163.97000122070312,1284,0.0,0.0
2024-11-07 10:25:00-05:00,163.02000427246094,163.02000427246094,163.02000427246094,163.02000427246094,809,0.0,0.0
2024-11-07 10:27:00-05:00,163.125,163.125,163.125,163.125,522,0.0,0.0
2024-11-07 10:31:00-05:00,164.1999969482422,164.1999969482422,163.85000610351562,163.85000610351562,404,0.0,0.0
2024-11-07 10:34:00-05:00,163.84500122070312,164.19500732421875,163.84500122070312,164.13999938964844,1955,0.0,0.0
2024-11-07 10:35:00-05:00,164.02000427246094,164.02000427246094,164.02000427246094,164.02000427246094,417,0.0,0.0
2024-11-07 10:38:00-05:00,164.5,165.36000061035156,164.5,165.36000061035156,2556,0.0,0.0
2024-11-07 10:48:00-05:00,165.6199951171875,165.6199951171875,165.0,165.0,937,0.0,0.0
2024-11-07 10:49:00-05:00,164.93499755859375,164.93499755859375,164.93499755859375,164.93499755859375,486,0.0,0.0
2024-11-07 10:53:00-05:00,164.77499389648438,164.77499389648438,164.77499389648438,164.77499389648438,1507,0.0,0.0
2024-11-07 10:56:00-05:00,164.30020141601562,164.30020141601562,164.30020141601562,164.30020141601562,296,0.0,0.0
2024-11-07 10:57:00-05:00,164.0,164.0,164.0,164.0,881,0.0,0.0
2024-11-07 10:59:00-05:00,164.34500122070312,164.34500122070312,164.34500122070312,164.34500122070312,654,0.0,0.0
2024-11-07 11:08:00-05:00,164.02999877929688,164.02999877929688,164.02000427246094,164.02000427246094,811,0.0,0.0
2024-11-07 11:18:00-05:00,163.5800018310547,163.5800018310547,163.5800018310547,163.5800018310547,160,0.0,0.0
2024-11-07 11:19:00-05:00,163.4600067138672,164.2100067138672,163.4600067138672,164.2100067138672,5306,0.0,0.0
2024-11-07 11:25:00-05:00,164.27000427246094,164.38999938964844,164.02000427246094,164.27499389648438,1038,0.0,0.0
2024-11-07 11:32:00-05:00,164.0050048828125,164.0050048828125,164.0050048828125,164.0050048828125,412,0.0,0.0
2024-11-07 11:33:00-05:00,164.05999755859375,164.11000061035156,164.0,164.0,1208,0.0,0.0
2024-11-07 11:43:00-05:00,163.92999267578125,163.92999267578125,163.92999267578125,163.92999267578125,171,0.0,0.0
2024-11-07 11:49:00-05:00,163.47999572753906,163.47999572753906,163.47999572753906,163.47999572753906,517,0.0,0.0
2024-11-07 11:53:00-05:00,163.9499969482422,163.9499969482422,163.9499969482422,163.9499969482422,397,0.0,0.0
2024-11-07 12:00:00-05:00,163.5500030517578,163.5500030517578,163.5500030517578,163.5500030517578,766,0.0,0.0
2024-11-07 12:10:00-05:00,163.94000244140625,164.06500244140625,163.94000244140625,163.99940490722656,1302,0.0,0.0
2024-11-07 12:20:00-05:00,164.23500061035156,164.31500244140625,164.21499633789062,164.21499633789062,1240,0.0,0.0
2024-11-07 12:21:00-05:00,164.14500427246094,164.14500427246094,163.91000366210938,163.91000366210938,744,0.0,0.0
2024-11-07 12:22:00-05:00,164.19000244140625,164.26499938964844,164.19000244140625,164.26499938964844,593,0.0,0.0
2024-11-07 12:32:00-05:00,164.1999969482422,164.1999969482422,164.1999969482422,164.1999969482422,290,0.0,0.0
2024-11-07 12:43:00-05:00,163.86000061035156,163.94000244140625,163.86000061035156,163.9105987548828,868,0.0,0.0
2024-11-07 12:57:00-05:00,163.88499450683594,163.88499450683594,163.88499450683594,163.88499450683594,114,0.0,0.0
2024-11-07 13:01:00-05:00,163.47000122070312,163.47000122070312,163.42999267578125,163.42999267578125,714,0.0,0.0
2024-11-07 13:09:00-05:00,163.9600067138672,163.9600067138672,163.9600067138672,163.9600067138672,935,0.0,0.0
2024-11-07 13:21:00-05:00,163.44000244140625,163.44000244140625,163.44000244140625,163.44000244140625,317,0.0,0.0
2024-11-07 13:28:00-05:00,163.72999572753906,163.72999572753906,163.72999572753906,163.72999572753906,261,0.0,0.0
2024-11-07 13:37:00-05:00,163.8350067138672,163.8350067138672,163.8350067138672,163.8350067138672,197,0.0,0.0
2024-11-07 13:42:00-05:00,163.3800048828125,163.3800048828125,163.3800048828125,163.3800048828125,1098,0.0,0.0
2024-11-07 14:00:00-05:00,163.72000122070312,163.72000122070312,163.72000122070312,163.72000122070312,597,0.0,0.0
2024-11-07 14:05:00-05:00,162.8699951171875,162.8699951171875,162.8699951171875,162.8699951171875,766,0.0,0.0
2024-11-07 14:27:00-05:00,163.02499389648438,163.02499389648438,163.02499389648438,163.02499389648438,270,0.0,0.0
2024-11-07 14:31:00-05:00,163.63499450683594,163.63499450683594,163.63499450683594,163.63499450683594,879,0.0,0.0
2024-11-07 14:40:00-05:00,163.74000549316406,163.74000549316406,163.1999969482422,163.1999969482422,388,0.0,0.0
2024-11-07 14:41:00-05:00,163.17999267578125,163.17999267578125,163.17999267578125,163.17999267578125,466,0.0,0.0
2024-11-07 14:49:00-05:00,163.01499938964844,163.01499938964844,163.01499938964844,163.01499938964844,369,0.0,0.0
2024-11-07 14:51:00-05:00,163.67999267578125,163.67999267578125,163.42999267578125,163.42999267578125,580,0.0,0.0
2024-11-07 14:59:00-05:00,163.67999267578125,163.67999267578125,163.67999267578125,163.67999267578125,314,0.0,0.0
2024-11-07 15:01:00-05:00,163.72000122070312,163.72000122070312,163.72000122070312,163.72000122070312,290,0.0,0.0
2024-11-07 15:03:00-05:00,163.9499969482422,163.9499969482422,163.9499969482422,163.9499969482422,229,0.0,0.0
2024-11-07 15:05:00-05:00,163.65499877929688,163.65499877929688,163.65499877929688,163.65499877929688,385,0.0,0.0
2024-11-07 15:09:00-05:00,164.0,164.30999755859375,164.0,164.25999450683594,1442,0.0,0.0
2024-11-07 15:10:00-05:00,164.52999877929688,164.52999877929688,164.52999877929688,164.52999877929688,551,0.0,0.0
2024-11-07 15:13:00-05:00,164.85000610351562,164.85000610351562,164.85000610351562,164.85000610351562,900,0.0,0.0
2024-11-07 15:19:00-05:00,164.88999938964844,164.92999267578125,164.88999938964844,164.92999267578125,569,0.0,0.0
2024-11-07 15:20:00-05:00,164.96499633789062,164.96499633789062,164.96499633789062,164.96499633789062,514,0.0,0.0
2024-11-07 15:23:00-05:00,164.72999572753906,164.72999572753906,164.71499633789062,164.71499633789062,891,0.0,0.0
2024-11-07 15:29:00-05:00,164.58999633789062,164.58999633789062,164.47000122070312,164.47000122070312,2032,0.0,0.0
2024-11-07 15:30:00-05:00,163.9010009765625,163.9010009765625,163.9010009765625,163.9010009765625,1043,0.0,0.0
2024-11-07 15:38:00-05:00,163.94000244140625,163.94000244140625,163.94000244140625,163.94000244140625,10221,0.0,0.0
2024-11-07 15:39:00-05:00,164.3000030517578,164.3000030517578,164.3000030517578,164.3000030517578,434,0.0,0.0
2024-11-07 15:43:00-05:00,164.08999633789062,164.08999633789062,164.08999633789062,164.08999633789062,1221,0.0,0.0
2024-11-07 15:46:00-05:00,163.9875030517578,163.9875030517578,163.9875030517578,163.9875030517578,418,0.0,0.0
2024-11-07 15:48:00-05:00,163.9600067138672,163.9600067138672,163.9600067138672,163.9600067138672,418,0.0,0.0
2024-11-07 15:49:00-05:00,163.9600067138672,163.9600067138672,163.77999877929688,163.77999877929688,549,0.0,0.0
2024-11-07 15:51:00-05:00,163.66000366210938,163.66000366210938,163.66000366210938,163.66000366210938,1302,0.0,0.0
2024-11-07 15:52:00-05:00,163.69000244140625,163.9600067138672,163.69000244140625,163.9600067138672,727,0.0,0.0
2024-11-07 15:53:00-05:00,163.85499572753906,163.90499877929688,163.85499572753906,163.90499877929688,606,0.0,0.0
2024-11-07 15:54:00-05:00,164.11000061035156,164.1300048828125,164.0800018310547,164.1300048828125,1395,0.0,0.0
2024-11-07 15:55:00-05:00,163.8800048828125,163.8800048828125,163.5399932861328,163.58999633789062,917,0.0,0.0
2024-11-07 15:56:00-05:00,163.6750030517578,163.6750030517578,163.6750030517578,163.6750030517578,229,0.0,0.0
2024-11-07 15:57:00-05:00,163.8000030517578,163.8000030517578,163.8000030517578,163.8000030517578,957,0.0,0.0
2024-11-07 15:58:00-05:00,163.5500030517578,163.8000030517578,163.50999450683594,163.8000030517578,1652,0.0,0.0
2024-11-07 15:59:00-05:00,163.82000732421875,163.8800048828125,163.52000427246094,163.55999755859375,5981,0.0,0.0
2024-11-08 09:30:00-05:00,162.77000427246094,162.77000427246094,162.77000427246094,162.77000427246094,1282,0.0,0.0
2024-11-08 09:37:00-05:00,162.90499877929688,162.90499877929688,162.90499877929688,162.90499877929688,205,0.0,0.0
2024-11-08 09:45:00-05:00,163.0,163.5,163.0,163.5,680,0.0,0.0
2024-11-08 09:48:00-05:00,163.99000549316406,164.42999267578125,163.99000549316406,164.42999267578125,526,0.0,0.0
2024-11-08 09:52:00-05:00,164.4600067138672,164.4600067138672,164.4600067138672,164.4600067138672,683,0.0,0.0
2024-11-08 10:00:00-05:00,164.9499969482422,165.0,164.9499969482422,165.0,466,0.0,0.0
2024-11-08 10:03:00-05:00,164.5,164.5,164.10000610351562,164.11000061035156,740,0.0,0.0
2024-11-08 10:04:00-05:00,163.80999755859375,163.80999755859375,163.80999755859375,163.80999755859375,508,0.0,0.0
2024-11-08 10:11:00-05:00,164.09500122070312,164.09500122070312,164.09500122070312,164.09500122070312,250,0.0,0.0
2024-11-08 10:13:00-05:00,164.2324981689453,164.2324981689453,164.2324981689453,164.2324981689453,397,0.0,0.0
2024-11-08 10:14:00-05:00,164.47999572753906,164.5,164.47999572753906,164.5,1180,0.0,0.0
2024-11-08 10:23:00-05:00,164.99000549316406,164.99000549316406,164.85499572753906,164.85499572753906,403,0.0,0.0
2024-11-08 10:27:00-05:00,164.84500122070312,164.84500122070312,164.84500122070312,164.84500122070312,507,0.0,0.0
2024-11-08 10:31:00-05:00,164.1699981689453,164.1699981689453,164.1699981689453,164.1699981689453,148,0.0,0.0
2024-11-08 10:34:00-05:00,164.375,164.375,164.375,164.375,468,0.0,0.0
2024-11-08 10:38:00-05:00,163.7899932861328,163.7899932861328,163.7899932861328,163.7899932861328,101,0.0,0.0
2024-11-08 10:39:00-05:00,163.77999877929688,163.77999877929688,163.5800018310547,163.5800018310547,882,0.0,0.0
2024-11-08 10:47:00-05:00,163.64500427246094,163.64500427246094,163.64500427246094,163.64500427246094,1038,0.0,0.0
2024-11-08 10:49:00-05:00,163.32000732421875,163.32000732421875,162.8300018310547,162.8300018310547,1219,0.0,0.0
2024-11-08 10:51:00-05:00,162.89999389648438,162.89999389648438,162.89999389648438,162.89999389648438,587,0.0,0.0
2024-11-08 10:55:00-05:00,163.72999572753906,163.72999572753906,163.72999572753906,163.72999572753906,143,0.0,0.0
2024-11-08 10:56:00-05:00,162.9499969482422,163.0,162.94000244140625,163.0,548,0.0,0.0
2024-11-08 10:57:00-05:00,163.24000549316406,163.24000549316406,162.98500061035156,162.98500061035156,1035,0.0,0.0
2024-11-08 11:04:00-05:00,162.85499572753906,162.85499572753906,162.64999389648438,162.64999389648438,862,0.0,0.0
2024-11-08 11:11:00-05:00,162.64500427246094,163.3800048828125,162.64500427246094,163.3800048828125,10936,0.0,0.0
2024-11-08 11:12:00-05:00,163.22999572753906,163.22999572753906,163.15499877929688,163.15499877929688,244,0.0,0.0
2024-11-08 11:13:00-05:00,162.85000610351562,162.85000610351562,162.85000610351562,162.85000610351562,734,0.0,0.0
2024-11-08 11:25:00-05:00,164.0,164.0,164.0,164.0,1030,0.0,0.0
2024-11-08 11:26:00-05:00,163.90499877929688,163.90499877929688,163.90499877929688,163.90499877929688,321,0.0,0.0
2024-11-08 11:31:00-05:00,164.05999755859375,164.05999755859375,164.05999755859375,164.05999755859375,987,0.0,0.0
2024-11-08 11:34:00-05:00,163.6699981689453,163.72999572753906,163.6699981689453,163.72999572753906,867,0.0,0.0
2024-11-08 11:41:00-05:00,163.39999389648438,163.5749969482422,163.39999389648438,163.5749969482422,1650,0.0,0.0
2024-11-08 12:22:00-05:00,164.0,164.22999572753906,164.0,164.22999572753906,1690,0.0,0.0
2024-11-08 12:53:00-05:00,164.82000732421875,164.875,164.82000732421875,164.875,500,0.0,0.0
2024-11-08 13:00:00-05:00,164.86000061035156,164.86000061035156,164.86000061035156,164.86000061035156,360,0.0,0.0
2024-11-08 13:04:00-05:00,164.6300048828125,164.6300048828125,164.58999633789062,164.60000610351562,1420,0.0,0.0
2024-11-08 13:19:00-05:00,164.9438934326172,164.9438934326172,164.6649932861328,164.6649932861328,1074,0.0,0.0
2024-11-08 13:20:00-05:00,164.6649932861328,164.6649932861328,164.6649932861328,164.6649932861328,593,0.0,0.0
2024-11-08 13:23:00-05:00,164.33999633789062,164.36000061035156,164.17999267578125,164.17999267578125,2817,0.0,0.0
2024-11-08 13:34:00-05:00,164.57000732421875,164.57000732421875,164.57000732421875,164.57000732421875,308,0.0,0.0
2024-11-08 13:38:00-05:00,164.73500061035156,164.73500061035156,164.73500061035156,164.73500061035156,121,0.0,0.0
2024-11-08 13:42:00-05:00,164.73500061035156,165.19000244140625,164.73500061035156,165.19000244140625,550,0.0,0.0
2024-11-08 13:58:00-05:00,164.73500061035156,164.73500061035156,164.73500061035156,164.73500061035156,326,0.0,0.0
2024-11-08 14:02:00-05:00,165.11000061035156,165.26499938964844,165.11000061035156,165.26499938964844,614,0.0,0.0
2024-11-08 14:05:00-05:00,165.36000061035156,165.36000061035156,165.36000061035156,165.36000061035156,492,0.0,0.0
2024-11-08 14:08:00-05:00,165.77999877929688,165.77999877929688,165.77999877929688,165.77999877929688,425,0.0,0.0
2024-11-08 14:09:00-05:00,166.0749969482422,166.0749969482422,166.0749969482422,166.0749969482422,281,0.0,0.0
2024-11-08 14:10:00-05:00,165.72000122070312,165.72000122070312,165.52000427246094,165.52000427246094,919,0.0,0.0
2024-11-08 14:21:00-05:00,165.27999877929688,165.27999877929688,165.27999877929688,165.27999877929688,459,0.0,0.0
2024-11-08 14:27:00-05:00,165.47000122070312,165.47000122070312,165.3000030517578,165.3000030517578,522,0.0,0.0
2024-11-08 14:28:00-05:00,165.2949981689453,165.2949981689453,165.2949981689453,165.2949981689453,118,0.0,0.0
2024-11-08 14:29:00-05:00,165.08999633789062,165.10000610351562,163.9499969482422,164.0,14462,0.0,0.0
2024-11-08 14:34:00-05:00,164.2100067138672,164.2100067138672,164.2100067138672,164.2100067138672,191,0.0,0.0
2024-11-08 14:35:00-05:00,164.42999267578125,164.42999267578125,164.42999267578125,164.42999267578125,328,0.0,0.0
2024-11-08 14:49:00-05:00,164.52999877929688,164.5500030517578,164.5,164.5,976,0.0,0.0
2024-11-08 14:50:00-05:00,164.33999633789062,164.33999633789062,164.33999633789062,164.33999633789062,557,0.0,0.0
2024-11-08 14:55:00-05:00,164.5749969482422,164.5749969482422,164.5749969482422,164.5749969482422,734,0.0,0.0
2024-11-08 15:01:00-05:00,164.3000030517578,164.3000030517578,164.3000030517578,164.3000030517578,547,0.0,0.0
2024-11-08 15:02:00-05:00,164.23500061035156,164.23500061035156,164.23500061035156,164.23500061035156,379,0.0,0.0
2024-11-08 15:11:00-05:00,164.0500030517578,164.05999755859375,163.78500366210938,163.78500366210938,1444,0.0,0.0
2024-11-08 15:25:00-05:00,163.69000244140625,163.69000244140625,163.5,163.5,741,0.0,0.0
2024-11-08 15:26:00-05:00,163.33999633789062,163.33999633789062,163.33999633789062,163.33999633789062,484,0.0,0.0
2024-11-08 15:31:00-05:00,163.32000732421875,163.4499969482422,163.32000732421875,163.4499969482422,606,0.0,0.0
2024-11-08 15:32:00-05:00,163.25,163.25,163.0500030517578,163.0500030517578,636,0.0,0.0
2024-11-08 15:35:00-05:00,162.8800048828125,163.0,162.8800048828125,163.0,1778,0.0,0.0
2024-11-08 15:43:00-05:00,163.19000244140625,163.38999938964844,163.19000244140625,163.2449951171875,585,0.0,0.0
2024-11-08 15:44:00-05:00,163.3800048828125,163.3800048828125,163.3800048828125,163.3800048828125,117,0.0,0.0
2024-11-08 15:47:00-05:00,163.14500427246094,163.14500427246094,163.14500427246094,163.14500427246094,357,0.0,0.0
2024-11-08 15:50:00-05:00,163.0850067138672,163.0850067138672,162.8000030517578,162.98500061035156,1184,0.0,0.0
2024-11-08 15:51:00-05:00,163.25,163.32000732421875,163.25,163.32000732421875,1288,0.0,0.0
2024-11-08 15:52:00-05:00,163.6699981689453,163.6699981689453,163.6699981689453,163.6699981689453,251,0.0,0.0
2024-11-08 15:54:00-05:00,163.77999877929688,163.77999877929688,163.77999877929688,163.77999877929688,1308,0.0,0.0
2024-11-08 15:55:00-05:00,163.63999938964844,163.63999938964844,163.4600067138672,163.4600067138672,1362,0.0,0.0
2024-11-08 15:56:00-05:00,163.49000549316406,163.49000549316406,163.49000549316406,163.49000549316406,690,0.0,0.0
2024-11-08 15:57:00-05:00,163.6300048828125,163.6300048828125,163.6300048828125,163.6300048828125,580,0.0,0.0
2024-11-08 15:59:00-05:00,163.67999267578125,163.75,163.6649932861328,163.6649932861328,6534,0.0,0.0
