Datetime,Open,High,Low,Close,Volume,Dividends,Stock Splits
2024-11-04 09:30:00-05:00,6.400000095367432,6.400000095367432,6.400000095367432,6.400000095367432,8185,0.0,0.0
2024-11-04 09:31:00-05:00,6.409999847412109,6.449999809265137,6.409999847412109,6.449999809265137,920,0.0,0.0
2024-11-04 09:32:00-05:00,6.4217000007629395,6.440000057220459,6.4217000007629395,6.440000057220459,1210,0.0,0.0
2024-11-04 09:33:00-05:00,6.46999979019165,6.46999979019165,6.46999979019165,6.46999979019165,456,0.0,0.0
2024-11-04 09:35:00-05:00,6.46999979019165,6.46999979019165,6.445000171661377,6.465000152587891,1575,0.0,0.0
2024-11-04 09:37:00-05:00,6.440000057220459,6.449999809265137,6.440000057220459,6.449999809265137,472,0.0,0.0
2024-11-04 09:38:00-05:00,6.429999828338623,6.429999828338623,6.429999828338623,6.429999828338623,108,0.0,0.0
2024-11-04 09:39:00-05:00,6.425000190734863,6.425000190734863,6.415999889373779,6.415999889373779,317,0.0,0.0
2024-11-04 09:41:00-05:00,6.440000057220459,6.460000038146973,6.440000057220459,6.460000038146973,2034,0.0,0.0
2024-11-04 09:42:00-05:00,6.460000038146973,6.460000038146973,6.460000038146973,6.460000038146973,729,0.0,0.0
2024-11-04 09:43:00-05:00,6.4679999351501465,6.46999979019165,6.4679999351501465,6.46999979019165,573,0.0,0.0
2024-11-04 09:44:00-05:00,6.460000038146973,6.460000038146973,6.429999828338623,6.434999942779541,1855,0.0,0.0
2024-11-04 09:45:00-05:00,6.449999809265137,6.460000038146973,6.449999809265137,6.454999923706055,935,0.0,0.0
2024-11-04 09:46:00-05:00,6.460000038146973,6.46999979019165,6.460000038146973,6.46999979019165,823,0.0,0.0
2024-11-04 09:47:00-05:00,6.460000038146973,6.460000038146973,6.460000038146973,6.460000038146973,214,0.0,0.0
2024-11-04 09:48:00-05:00,6.449999809265137,6.449999809265137,6.448800086975098,6.448800086975098,298,0.0,0.0
2024-11-04 09:49:00-05:00,6.429999828338623,6.429999828338623,6.429999828338623,6.429999828338623,243,0.0,0.0
2024-11-04 09:50:00-05:00,6.404699802398682,6.409999847412109,6.404699802398682,6.409999847412109,1006,0.0,0.0
2024-11-04 09:55:00-05:00,6.400000095367432,6.400000095367432,6.400000095367432,6.400000095367432,320,0.0,0.0
2024-11-04 09:56:00-05:00,6.394999980926514,6.409999847412109,6.394999980926514,6.409999847412109,1008,0.0,0.0
2024-11-04 10:01:00-05:00,6.429999828338623,6.474999904632568,6.429999828338623,6.474999904632568,3494,0.0,0.0
2024-11-04 10:02:00-05:00,6.46999979019165,6.470200061798096,6.46999979019165,6.470200061798096,4074,0.0,0.0
2024-11-04 10:04:00-05:00,6.46999979019165,6.480000019073486,6.46999979019165,6.480000019073486,730,0.0,0.0
2024-11-04 10:06:00-05:00,6.480000019073486,6.480000019073486,6.480000019073486,6.480000019073486,404,0.0,0.0
2024-11-04 10:07:00-05:00,6.460000038146973,6.460000038146973,6.460000038146973,6.460000038146973,291,0.0,0.0
2024-11-04 10:10:00-05:00,6.479899883270264,6.489999771118164,6.479899883270264,6.489999771118164,954,0.0,0.0
2024-11-04 10:11:00-05:00,6.5,6.5,6.5,6.5,1440,0.0,0.0
2024-11-04 10:14:00-05:00,6.489999771118164,6.489999771118164,6.489999771118164,6.489999771118164,314,0.0,0.0
2024-11-04 10:16:00-05:00,6.491399765014648,6.491399765014648,6.489999771118164,6.489999771118164,610,0.0,0.0
2024-11-04 10:17:00-05:00,6.5,6.510000228881836,6.5,6.510000228881836,2274,0.0,0.0
2024-11-04 10:18:00-05:00,6.5,6.5,6.5,6.5,288,0.0,0.0
2024-11-04 10:20:00-05:00,6.494999885559082,6.503300189971924,6.494999885559082,6.503300189971924,715,0.0,0.0
2024-11-04 10:21:00-05:00,6.5,6.501100063323975,6.5,6.501100063323975,1239,0.0,0.0
2024-11-04 10:22:00-05:00,6.5,6.5,6.5,6.5,1012,0.0,0.0
2024-11-04 10:23:00-05:00,6.494999885559082,6.495500087738037,6.494999885559082,6.495500087738037,946,0.0,0.0
2024-11-04 10:24:00-05:00,6.5,6.510000228881836,6.497000217437744,6.505000114440918,1665,0.0,0.0
2024-11-04 10:25:00-05:00,6.510000228881836,6.519999980926514,6.510000228881836,6.519999980926514,3534,0.0,0.0
2024-11-04 10:26:00-05:00,6.519999980926514,6.519999980926514,6.516600131988525,6.516600131988525,1159,0.0,0.0
2024-11-04 10:27:00-05:00,6.519999980926514,6.519999980926514,6.519999980926514,6.519999980926514,250,0.0,0.0
2024-11-04 10:28:00-05:00,6.53000020980835,6.53000020980835,6.53000020980835,6.53000020980835,1059,0.0,0.0
2024-11-04 10:29:00-05:00,6.539999961853027,6.539999961853027,6.539999961853027,6.539999961853027,529,0.0,0.0
2024-11-04 10:30:00-05:00,6.539999961853027,6.543000221252441,6.539999961853027,6.543000221252441,462,0.0,0.0
2024-11-04 10:31:00-05:00,6.539999961853027,6.539999961853027,6.53000020980835,6.534999847412109,459,0.0,0.0
2024-11-04 10:32:00-05:00,6.536900043487549,6.536900043487549,6.536900043487549,6.536900043487549,270,0.0,0.0
2024-11-04 10:33:00-05:00,6.539999961853027,6.539999961853027,6.539999961853027,6.539999961853027,583,0.0,0.0
2024-11-04 10:34:00-05:00,6.53000020980835,6.534599781036377,6.526599884033203,6.534599781036377,1519,0.0,0.0
2024-11-04 10:35:00-05:00,6.539999961853027,6.545000076293945,6.539999961853027,6.545000076293945,1532,0.0,0.0
2024-11-04 10:36:00-05:00,6.539999961853027,6.590000152587891,6.539999961853027,6.590000152587891,6419,0.0,0.0
2024-11-04 10:37:00-05:00,6.599999904632568,6.605000019073486,6.599999904632568,6.599999904632568,638,0.0,0.0
2024-11-04 10:38:00-05:00,6.606931209564209,6.606931209564209,6.605000019073486,6.605000019073486,904,0.0,0.0
2024-11-04 10:39:00-05:00,6.599999904632568,6.605000019073486,6.599999904632568,6.605000019073486,2364,0.0,0.0
2024-11-04 10:40:00-05:00,6.605000019073486,6.605000019073486,6.579999923706055,6.579999923706055,1238,0.0,0.0
2024-11-04 10:41:00-05:00,6.570099830627441,6.570099830627441,6.570099830627441,6.570099830627441,674,0.0,0.0
2024-11-04 10:43:00-05:00,6.574999809265137,6.574999809265137,6.574999809265137,6.574999809265137,3313,0.0,0.0
2024-11-04 10:44:00-05:00,6.570000171661377,6.570000171661377,6.570000171661377,6.570000171661377,147,0.0,0.0
2024-11-04 10:45:00-05:00,6.570000171661377,6.570000171661377,6.570000171661377,6.570000171661377,800,0.0,0.0
2024-11-04 10:46:00-05:00,6.559999942779541,6.559999942779541,6.559999942779541,6.559999942779541,770,0.0,0.0
2024-11-04 10:47:00-05:00,6.559999942779541,6.559999942779541,6.559999942779541,6.559999942779541,907,0.0,0.0
2024-11-04 10:48:00-05:00,6.559999942779541,6.559999942779541,6.559999942779541,6.559999942779541,235,0.0,0.0
2024-11-04 10:50:00-05:00,6.559999942779541,6.559999942779541,6.559999942779541,6.559999942779541,787,0.0,0.0
2024-11-04 10:53:00-05:00,6.554999828338623,6.559999942779541,6.554999828338623,6.559999942779541,666,0.0,0.0
2024-11-04 10:55:00-05:00,6.559999942779541,6.559999942779541,6.559999942779541,6.559999942779541,266,0.0,0.0
2024-11-04 10:56:00-05:00,6.554999828338623,6.565000057220459,6.534999847412109,6.539999961853027,5395,0.0,0.0
2024-11-04 10:59:00-05:00,6.53000020980835,6.53000020980835,6.510000228881836,6.510000228881836,42001,0.0,0.0
2024-11-04 11:00:00-05:00,6.510000228881836,6.510000228881836,6.5,6.5,1502,0.0,0.0
2024-11-04 11:01:00-05:00,6.510000228881836,6.510000228881836,6.510000228881836,6.510000228881836,1630,0.0,0.0
2024-11-04 11:03:00-05:00,6.5,6.5,6.5,6.5,527,0.0,0.0
2024-11-04 11:04:00-05:00,6.489999771118164,6.489999771118164,6.489999771118164,6.489999771118164,529,0.0,0.0
2024-11-04 11:06:00-05:00,6.5,6.519999980926514,6.5,6.519999980926514,1842,0.0,0.0
2024-11-04 11:07:00-05:00,6.53000020980835,6.539999961853027,6.53000020980835,6.534999847412109,580,0.0,0.0
2024-11-04 11:08:00-05:00,6.539999961853027,6.539999961853027,6.534999847412109,6.534999847412109,4555,0.0,0.0
2024-11-04 11:09:00-05:00,6.5335001945495605,6.5335001945495605,6.5335001945495605,6.5335001945495605,421,0.0,0.0
2024-11-04 11:10:00-05:00,6.534999847412109,6.534999847412109,6.534999847412109,6.534999847412109,101,0.0,0.0
2024-11-04 11:11:00-05:00,6.53000020980835,6.53000020980835,6.519999980926514,6.519999980926514,1608,0.0,0.0
2024-11-04 11:12:00-05:00,6.514999866485596,6.514999866485596,6.505000114440918,6.505000114440918,562,0.0,0.0
2024-11-04 11:13:00-05:00,6.5,6.5,6.5,6.5,717,0.0,0.0
2024-11-04 11:14:00-05:00,6.5,6.5,6.5,6.5,175,0.0,0.0
2024-11-04 11:16:00-05:00,6.510000228881836,6.510000228881836,6.505000114440918,6.505000114440918,287,0.0,0.0
2024-11-04 11:17:00-05:00,6.505000114440918,6.505000114440918,6.505000114440918,6.505000114440918,779,0.0,0.0
2024-11-04 11:18:00-05:00,6.510000228881836,6.539999961853027,6.510000228881836,6.539999961853027,2296,0.0,0.0
2024-11-04 11:19:00-05:00,6.53000020980835,6.53000020980835,6.5,6.5,1829,0.0,0.0
2024-11-04 11:22:00-05:00,6.510000228881836,6.519999980926514,6.510000228881836,6.519999980926514,1079,0.0,0.0
2024-11-04 11:23:00-05:00,6.514999866485596,6.534999847412109,6.514999866485596,6.53000020980835,943,0.0,0.0
2024-11-04 11:24:00-05:00,6.534999847412109,6.534999847412109,6.534999847412109,6.534999847412109,325,0.0,0.0
2024-11-04 11:25:00-05:00,6.539999961853027,6.539999961853027,6.539999961853027,6.539999961853027,295,0.0,0.0
2024-11-04 11:26:00-05:00,6.545000076293945,6.545000076293945,6.545000076293945,6.545000076293945,249,0.0,0.0
2024-11-04 11:27:00-05:00,6.539999961853027,6.545000076293945,6.539999961853027,6.539999961853027,873,0.0,0.0
2024-11-04 11:28:00-05:00,6.550000190734863,6.550000190734863,6.550000190734863,6.550000190734863,355,0.0,0.0
2024-11-04 11:29:00-05:00,6.539999961853027,6.539999961853027,6.534999847412109,6.534999847412109,851,0.0,0.0
2024-11-04 11:31:00-05:00,6.53000020980835,6.53000020980835,6.53000020980835,6.53000020980835,461,0.0,0.0
2024-11-04 11:32:00-05:00,6.525000095367432,6.525000095367432,6.525000095367432,6.525000095367432,317,0.0,0.0
2024-11-04 11:33:00-05:00,6.53000020980835,6.53000020980835,6.519999980926514,6.519999980926514,831,0.0,0.0
2024-11-04 11:34:00-05:00,6.519999980926514,6.519999980926514,6.514999866485596,6.514999866485596,668,0.0,0.0
2024-11-04 11:36:00-05:00,6.514999866485596,6.514999866485596,6.514999866485596,6.514999866485596,200,0.0,0.0
2024-11-04 11:37:00-05:00,6.514999866485596,6.514999866485596,6.514999866485596,6.514999866485596,148,0.0,0.0
2024-11-04 11:38:00-05:00,6.519999980926514,6.519999980926514,6.519999980926514,6.519999980926514,102,0.0,0.0
2024-11-04 11:39:00-05:00,6.514999866485596,6.514999866485596,6.514999866485596,6.514999866485596,116,0.0,0.0
2024-11-04 11:40:00-05:00,6.510000228881836,6.510000228881836,6.494999885559082,6.494999885559082,1394,0.0,0.0
2024-11-04 11:41:00-05:00,6.5,6.5,6.5,6.5,922,0.0,0.0
2024-11-04 11:43:00-05:00,6.510000228881836,6.510000228881836,6.474999904632568,6.474999904632568,6528,0.0,0.0
2024-11-04 11:44:00-05:00,6.480000019073486,6.480000019073486,6.474999904632568,6.474999904632568,1042,0.0,0.0
2024-11-04 11:47:00-05:00,6.474999904632568,6.474999904632568,6.474999904632568,6.474999904632568,201,0.0,0.0
2024-11-04 11:48:00-05:00,6.46999979019165,6.474999904632568,6.46999979019165,6.474999904632568,322,0.0,0.0
2024-11-04 11:49:00-05:00,6.46999979019165,6.46999979019165,6.465000152587891,6.465000152587891,769,0.0,0.0
2024-11-04 11:50:00-05:00,6.460000038146973,6.465000152587891,6.460000038146973,6.460000038146973,919,0.0,0.0
2024-11-04 11:52:00-05:00,6.449999809265137,6.449999809265137,6.449999809265137,6.449999809265137,278,0.0,0.0
2024-11-04 11:53:00-05:00,6.454999923706055,6.460000038146973,6.454999923706055,6.460000038146973,1580,0.0,0.0
2024-11-04 11:54:00-05:00,6.460000038146973,6.460000038146973,6.460000038146973,6.460000038146973,465,0.0,0.0
2024-11-04 11:55:00-05:00,6.460000038146973,6.460000038146973,6.460000038146973,6.460000038146973,337,0.0,0.0
2024-11-04 11:56:00-05:00,6.460000038146973,6.460000038146973,6.460000038146973,6.460000038146973,318,0.0,0.0
2024-11-04 11:57:00-05:00,6.454999923706055,6.460000038146973,6.454999923706055,6.460000038146973,270,0.0,0.0
2024-11-04 11:59:00-05:00,6.454999923706055,6.454999923706055,6.454999923706055,6.454999923706055,232,0.0,0.0
2024-11-04 12:00:00-05:00,6.454999923706055,6.460000038146973,6.454999923706055,6.460000038146973,559,0.0,0.0
2024-11-04 12:01:00-05:00,6.454999923706055,6.454999923706055,6.454999923706055,6.454999923706055,201,0.0,0.0
2024-11-04 12:02:00-05:00,6.460000038146973,6.460000038146973,6.459000110626221,6.459000110626221,609,0.0,0.0
2024-11-04 12:03:00-05:00,6.454999923706055,6.454999923706055,6.454999923706055,6.454999923706055,487,0.0,0.0
2024-11-04 12:05:00-05:00,6.454999923706055,6.454999923706055,6.454999923706055,6.454999923706055,356,0.0,0.0
2024-11-04 12:07:00-05:00,6.449999809265137,6.460000038146973,6.445000171661377,6.460000038146973,4067,0.0,0.0
2024-11-04 12:08:00-05:00,6.465000152587891,6.46999979019165,6.465000152587891,6.46999979019165,428,0.0,0.0
2024-11-04 12:09:00-05:00,6.460000038146973,6.460000038146973,6.460000038146973,6.460000038146973,944,0.0,0.0
2024-11-04 12:10:00-05:00,6.460000038146973,6.460000038146973,6.460000038146973,6.460000038146973,965,0.0,0.0
2024-11-04 12:11:00-05:00,6.460000038146973,6.460000038146973,6.460000038146973,6.460000038146973,1842,0.0,0.0
2024-11-04 12:13:00-05:00,6.46999979019165,6.480000019073486,6.46999979019165,6.480000019073486,700,0.0,0.0
2024-11-04 12:17:00-05:00,6.485000133514404,6.488999843597412,6.485000133514404,6.488999843597412,537,0.0,0.0
2024-11-04 12:18:00-05:00,6.489999771118164,6.494999885559082,6.489999771118164,6.494999885559082,1107,0.0,0.0
2024-11-04 12:19:00-05:00,6.494999885559082,6.494999885559082,6.494999885559082,6.494999885559082,129,0.0,0.0
2024-11-04 12:20:00-05:00,6.494999885559082,6.494999885559082,6.494800090789795,6.494800090789795,828,0.0,0.0
2024-11-04 12:21:00-05:00,6.494999885559082,6.494999885559082,6.494999885559082,6.494999885559082,104,0.0,0.0
2024-11-04 12:22:00-05:00,6.5,6.5,6.5,6.5,929,0.0,0.0
2024-11-04 12:23:00-05:00,6.514999866485596,6.514999866485596,6.514999866485596,6.514999866485596,147,0.0,0.0
2024-11-04 12:24:00-05:00,6.519999980926514,6.519999980926514,6.510000228881836,6.510000228881836,2373,0.0,0.0
2024-11-04 12:25:00-05:00,6.5,6.5,6.489999771118164,6.489999771118164,1731,0.0,0.0
2024-11-04 12:28:00-05:00,6.5,6.5,6.494999885559082,6.5,675,0.0,0.0
2024-11-04 12:29:00-05:00,6.505000114440918,6.505000114440918,6.505000114440918,6.505000114440918,339,0.0,0.0
2024-11-04 12:30:00-05:00,6.510000228881836,6.510000228881836,6.510000228881836,6.510000228881836,793,0.0,0.0
2024-11-04 12:32:00-05:00,6.514999866485596,6.514999866485596,6.514999866485596,6.514999866485596,146,0.0,0.0
2024-11-04 12:33:00-05:00,6.5192999839782715,6.5208001136779785,6.5192999839782715,6.5208001136779785,3261,0.0,0.0
2024-11-04 12:34:00-05:00,6.519999980926514,6.519999980926514,6.494999885559082,6.5,4302,0.0,0.0
2024-11-04 12:36:00-05:00,6.5,6.5,6.494999885559082,6.494999885559082,619,0.0,0.0
2024-11-04 12:37:00-05:00,6.494999885559082,6.494999885559082,6.489999771118164,6.489999771118164,472,0.0,0.0
2024-11-04 12:38:00-05:00,6.494999885559082,6.494999885559082,6.490099906921387,6.494999885559082,8557,0.0,0.0
2024-11-04 12:39:00-05:00,6.489999771118164,6.534999847412109,6.474999904632568,6.534999847412109,5375,0.0,0.0
2024-11-04 12:40:00-05:00,6.539999961853027,6.539999961853027,6.539999961853027,6.539999961853027,658,0.0,0.0
2024-11-04 12:42:00-05:00,6.534999847412109,6.534999847412109,6.534999847412109,6.534999847412109,140,0.0,0.0
2024-11-04 12:43:00-05:00,6.534999847412109,6.534999847412109,6.534999847412109,6.534999847412109,243,0.0,0.0
2024-11-04 12:44:00-05:00,6.534999847412109,6.534999847412109,6.53000020980835,6.53000020980835,634,0.0,0.0
2024-11-04 12:45:00-05:00,6.534999847412109,6.534999847412109,6.534999847412109,6.534999847412109,225,0.0,0.0
2024-11-04 12:46:00-05:00,6.53000020980835,6.53000020980835,6.489999771118164,6.510000228881836,33250,0.0,0.0
2024-11-04 12:47:00-05:00,6.519999980926514,6.519999980926514,6.519999980926514,6.519999980926514,1431,0.0,0.0
2024-11-04 12:51:00-05:00,6.519999980926514,6.519999980926514,6.519999980926514,6.519999980926514,368,0.0,0.0
2024-11-04 12:52:00-05:00,6.514999866485596,6.514999866485596,6.514999866485596,6.514999866485596,133,0.0,0.0
2024-11-04 12:53:00-05:00,6.514999866485596,6.514999866485596,6.514999866485596,6.514999866485596,170,0.0,0.0
2024-11-04 12:55:00-05:00,6.514999866485596,6.514999866485596,6.510000228881836,6.510000228881836,842,0.0,0.0
2024-11-04 12:56:00-05:00,6.5,6.5,6.5,6.5,1512,0.0,0.0
2024-11-04 12:58:00-05:00,6.510000228881836,6.510000228881836,6.505000114440918,6.505000114440918,396,0.0,0.0
2024-11-04 13:00:00-05:00,6.505000114440918,6.505000114440918,6.505000114440918,6.505000114440918,336,0.0,0.0
2024-11-04 13:01:00-05:00,6.509900093078613,6.509900093078613,6.501800060272217,6.505000114440918,1039,0.0,0.0
2024-11-04 13:02:00-05:00,6.5,6.5,6.491199970245361,6.491199970245361,1086,0.0,0.0
2024-11-04 13:03:00-05:00,6.489999771118164,6.489999771118164,6.489999771118164,6.489999771118164,1258,0.0,0.0
2024-11-04 13:04:00-05:00,6.489999771118164,6.489999771118164,6.480100154876709,6.480100154876709,1332,0.0,0.0
2024-11-04 13:05:00-05:00,6.489999771118164,6.489999771118164,6.485000133514404,6.489999771118164,1310,0.0,0.0
2024-11-04 13:07:00-05:00,6.480000019073486,6.480000019073486,6.460000038146973,6.460000038146973,1191,0.0,0.0
2024-11-04 13:08:00-05:00,6.465000152587891,6.465000152587891,6.460000038146973,6.460000038146973,477,0.0,0.0
2024-11-04 13:09:00-05:00,6.454999923706055,6.454999923706055,6.454999923706055,6.454999923706055,153,0.0,0.0
2024-11-04 13:10:00-05:00,6.460000038146973,6.474999904632568,6.460000038146973,6.474999904632568,2003,0.0,0.0
2024-11-04 13:11:00-05:00,6.46999979019165,6.46999979019165,6.46999979019165,6.46999979019165,332,0.0,0.0
2024-11-04 13:13:00-05:00,6.474999904632568,6.480000019073486,6.474999904632568,6.480000019073486,630,0.0,0.0
2024-11-04 13:14:00-05:00,6.480000019073486,6.480000019073486,6.480000019073486,6.480000019073486,548,0.0,0.0
2024-11-04 13:15:00-05:00,6.474999904632568,6.474999904632568,6.474999904632568,6.474999904632568,2278,0.0,0.0
2024-11-04 13:16:00-05:00,6.4710001945495605,6.480000019073486,6.46999979019165,6.474999904632568,1396,0.0,0.0
2024-11-04 13:17:00-05:00,6.480000019073486,6.480000019073486,6.480000019073486,6.480000019073486,795,0.0,0.0
2024-11-04 13:19:00-05:00,6.48199987411499,6.485000133514404,6.46999979019165,6.46999979019165,1968,0.0,0.0
2024-11-04 13:20:00-05:00,6.46999979019165,6.46999979019165,6.465000152587891,6.465000152587891,903,0.0,0.0
2024-11-04 13:21:00-05:00,6.46589994430542,6.46589994430542,6.465000152587891,6.465000152587891,638,0.0,0.0
2024-11-04 13:22:00-05:00,6.465000152587891,6.465000152587891,6.465000152587891,6.465000152587891,196,0.0,0.0
2024-11-04 13:23:00-05:00,6.465000152587891,6.465000152587891,6.4644999504089355,6.465000152587891,4755,0.0,0.0
2024-11-04 13:24:00-05:00,6.465000152587891,6.465000152587891,6.465000152587891,6.465000152587891,444,0.0,0.0
2024-11-04 13:25:00-05:00,6.46999979019165,6.480000019073486,6.46999979019165,6.480000019073486,1975,0.0,0.0
2024-11-04 13:26:00-05:00,6.489999771118164,6.5,6.489999771118164,6.489999771118164,2830,0.0,0.0
2024-11-04 13:28:00-05:00,6.46999979019165,6.46999979019165,6.46999979019165,6.46999979019165,414,0.0,0.0
2024-11-04 13:29:00-05:00,6.474999904632568,6.474999904632568,6.474999904632568,6.474999904632568,255,0.0,0.0
2024-11-04 13:31:00-05:00,6.480000019073486,6.480000019073486,6.474999904632568,6.474999904632568,1069,0.0,0.0
2024-11-04 13:32:00-05:00,6.489999771118164,6.489999771118164,6.485000133514404,6.485000133514404,202,0.0,0.0
2024-11-04 13:33:00-05:00,6.485000133514404,6.485000133514404,6.485000133514404,6.485000133514404,259,0.0,0.0
2024-11-04 13:34:00-05:00,6.489999771118164,6.494999885559082,6.485000133514404,6.494999885559082,883,0.0,0.0
2024-11-04 13:35:00-05:00,6.494999885559082,6.494999885559082,6.494999885559082,6.494999885559082,1240,0.0,0.0
2024-11-04 13:36:00-05:00,6.489999771118164,6.489999771118164,6.474999904632568,6.489999771118164,2687,0.0,0.0
2024-11-04 13:37:00-05:00,6.489999771118164,6.489999771118164,6.489999771118164,6.489999771118164,450,0.0,0.0
2024-11-04 13:38:00-05:00,6.489999771118164,6.489999771118164,6.489999771118164,6.489999771118164,231,0.0,0.0
2024-11-04 13:39:00-05:00,6.489999771118164,6.494999885559082,6.489999771118164,6.494999885559082,951,0.0,0.0
2024-11-04 13:40:00-05:00,6.494999885559082,6.494999885559082,6.494999885559082,6.494999885559082,102,0.0,0.0
2024-11-04 13:41:00-05:00,6.489999771118164,6.494999885559082,6.485000133514404,6.494999885559082,1092,0.0,0.0
2024-11-04 13:42:00-05:00,6.494999885559082,6.509200096130371,6.494999885559082,6.500800132751465,4016,0.0,0.0
2024-11-04 13:43:00-05:00,6.505000114440918,6.505000114440918,6.489999771118164,6.489999771118164,1723,0.0,0.0
2024-11-04 13:44:00-05:00,6.485000133514404,6.485000133514404,6.480000019073486,6.480000019073486,752,0.0,0.0
2024-11-04 13:45:00-05:00,6.485000133514404,6.485000133514404,6.485000133514404,6.485000133514404,101,0.0,0.0
2024-11-04 13:46:00-05:00,6.480000019073486,6.487500190734863,6.480000019073486,6.480000019073486,924,0.0,0.0
2024-11-04 13:47:00-05:00,6.480000019073486,6.480000019073486,6.449999809265137,6.449999809265137,1762,0.0,0.0
2024-11-04 13:48:00-05:00,6.454999923706055,6.454999923706055,6.454999923706055,6.454999923706055,694,0.0,0.0
2024-11-04 13:49:00-05:00,6.454999923706055,6.454999923706055,6.454999923706055,6.454999923706055,416,0.0,0.0
2024-11-04 13:51:00-05:00,6.454999923706055,6.454999923706055,6.454999923706055,6.454999923706055,205,0.0,0.0
2024-11-04 13:52:00-05:00,6.454999923706055,6.454999923706055,6.449999809265137,6.449999809265137,1558,0.0,0.0
2024-11-04 13:53:00-05:00,6.454999923706055,6.460000038146973,6.454999923706055,6.460000038146973,595,0.0,0.0
2024-11-04 13:55:00-05:00,6.454999923706055,6.454999923706055,6.454999923706055,6.454999923706055,747,0.0,0.0
2024-11-04 13:58:00-05:00,6.449999809265137,6.460000038146973,6.445000171661377,6.460000038146973,5873,0.0,0.0
2024-11-04 14:00:00-05:00,6.465000152587891,6.465000152587891,6.460000038146973,6.460000038146973,927,0.0,0.0
2024-11-04 14:01:00-05:00,6.465000152587891,6.465000152587891,6.465000152587891,6.465000152587891,430,0.0,0.0
2024-11-04 14:02:00-05:00,6.460000038146973,6.460000038146973,6.449999809265137,6.454999923706055,1011,0.0,0.0
2024-11-04 14:05:00-05:00,6.460000038146973,6.460000038146973,6.460000038146973,6.460000038146973,160,0.0,0.0
2024-11-04 14:06:00-05:00,6.454999923706055,6.454999923706055,6.454999923706055,6.454999923706055,214,0.0,0.0
2024-11-04 14:07:00-05:00,6.454999923706055,6.454999923706055,6.449999809265137,6.449999809265137,1111,0.0,0.0
2024-11-04 14:08:00-05:00,6.440000057220459,6.440000057220459,6.440000057220459,6.440000057220459,367,0.0,0.0
2024-11-04 14:09:00-05:00,6.440000057220459,6.440000057220459,6.429999828338623,6.429999828338623,779,0.0,0.0
2024-11-04 14:10:00-05:00,6.434999942779541,6.434999942779541,6.429999828338623,6.429999828338623,572,0.0,0.0
2024-11-04 14:12:00-05:00,6.434999942779541,6.434999942779541,6.434999942779541,6.434999942779541,1150,0.0,0.0
2024-11-04 14:13:00-05:00,6.434999942779541,6.434999942779541,6.429999828338623,6.429999828338623,2454,0.0,0.0
2024-11-04 14:15:00-05:00,6.425000190734863,6.425000190734863,6.420000076293945,6.420000076293945,622,0.0,0.0
2024-11-04 14:17:00-05:00,6.420000076293945,6.425000190734863,6.420000076293945,6.420000076293945,546,0.0,0.0
2024-11-04 14:18:00-05:00,6.420000076293945,6.420000076293945,6.420000076293945,6.420000076293945,1092,0.0,0.0
2024-11-04 14:20:00-05:00,6.414999961853027,6.414999961853027,6.414999961853027,6.414999961853027,866,0.0,0.0
2024-11-04 14:21:00-05:00,6.414999961853027,6.4253997802734375,6.414999961853027,6.4253997802734375,2085,0.0,0.0
2024-11-04 14:22:00-05:00,6.420000076293945,6.425000190734863,6.420000076293945,6.425000190734863,553,0.0,0.0
2024-11-04 14:24:00-05:00,6.429999828338623,6.429999828338623,6.429999828338623,6.429999828338623,1035,0.0,0.0
2024-11-04 14:25:00-05:00,6.434999942779541,6.434999942779541,6.420000076293945,6.425000190734863,1554,0.0,0.0
2024-11-04 14:26:00-05:00,6.424300193786621,6.425000190734863,6.420100212097168,6.420100212097168,1117,0.0,0.0
2024-11-04 14:27:00-05:00,6.425000190734863,6.425000190734863,6.425000190734863,6.425000190734863,581,0.0,0.0
2024-11-04 14:29:00-05:00,6.425000190734863,6.425000190734863,6.420000076293945,6.420000076293945,2126,0.0,0.0
2024-11-04 14:30:00-05:00,6.425000190734863,6.429999828338623,6.425000190734863,6.429999828338623,598,0.0,0.0
2024-11-04 14:31:00-05:00,6.429999828338623,6.429999828338623,6.425000190734863,6.425000190734863,565,0.0,0.0
2024-11-04 14:33:00-05:00,6.425000190734863,6.425000190734863,6.425000190734863,6.425000190734863,243,0.0,0.0
2024-11-04 14:34:00-05:00,6.429999828338623,6.434999942779541,6.429999828338623,6.434999942779541,1423,0.0,0.0
2024-11-04 14:35:00-05:00,6.440000057220459,6.454999923706055,6.440000057220459,6.445000171661377,10999,0.0,0.0
2024-11-04 14:36:00-05:00,6.445000171661377,6.445000171661377,6.445000171661377,6.445000171661377,286,0.0,0.0
2024-11-04 14:38:00-05:00,6.449999809265137,6.449999809265137,6.449999809265137,6.449999809265137,1161,0.0,0.0
2024-11-04 14:40:00-05:00,6.454999923706055,6.454999923706055,6.454999923706055,6.454999923706055,761,0.0,0.0
2024-11-04 14:41:00-05:00,6.454999923706055,6.454999923706055,6.449999809265137,6.449999809265137,2002,0.0,0.0
2024-11-04 14:44:00-05:00,6.449999809265137,6.449999809265137,6.445000171661377,6.445000171661377,1112,0.0,0.0
2024-11-04 14:45:00-05:00,6.445000171661377,6.445000171661377,6.445000171661377,6.445000171661377,1103,0.0,0.0
2024-11-04 14:46:00-05:00,6.445000171661377,6.445000171661377,6.445000171661377,6.445000171661377,341,0.0,0.0
2024-11-04 14:48:00-05:00,6.445000171661377,6.445000171661377,6.445000171661377,6.445000171661377,526,0.0,0.0
2024-11-04 14:50:00-05:00,6.448999881744385,6.448999881744385,6.445000171661377,6.445000171661377,648,0.0,0.0
2024-11-04 14:51:00-05:00,6.445000171661377,6.449999809265137,6.445000171661377,6.449999809265137,259,0.0,0.0
2024-11-04 14:52:00-05:00,6.440000057220459,6.445000171661377,6.440000057220459,6.445000171661377,754,0.0,0.0
2024-11-04 14:54:00-05:00,6.445000171661377,6.449999809265137,6.445000171661377,6.445000171661377,953,0.0,0.0
2024-11-04 14:56:00-05:00,6.445000171661377,6.449999809265137,6.445000171661377,6.445000171661377,859,0.0,0.0
2024-11-04 14:57:00-05:00,6.449100017547607,6.449100017547607,6.445000171661377,6.445000171661377,582,0.0,0.0
2024-11-04 14:58:00-05:00,6.445000171661377,6.445000171661377,6.434999942779541,6.440000057220459,2403,0.0,0.0
2024-11-04 14:59:00-05:00,6.445000171661377,6.445000171661377,6.445000171661377,6.445000171661377,488,0.0,0.0
2024-11-04 15:01:00-05:00,6.440899848937988,6.445000171661377,6.440000057220459,6.445000171661377,638,0.0,0.0
2024-11-04 15:02:00-05:00,6.445000171661377,6.445000171661377,6.445000171661377,6.445000171661377,605,0.0,0.0
2024-11-04 15:03:00-05:00,6.445000171661377,6.445000171661377,6.445000171661377,6.445000171661377,474,0.0,0.0
2024-11-04 15:04:00-05:00,6.445000171661377,6.445000171661377,6.445000171661377,6.445000171661377,1217,0.0,0.0
2024-11-04 15:05:00-05:00,6.446000099182129,6.446000099182129,6.445000171661377,6.445000171661377,1083,0.0,0.0
2024-11-04 15:07:00-05:00,6.445000171661377,6.449999809265137,6.445000171661377,6.449999809265137,365,0.0,0.0
2024-11-04 15:08:00-05:00,6.445000171661377,6.445000171661377,6.445000171661377,6.445000171661377,591,0.0,0.0
2024-11-04 15:09:00-05:00,6.445000171661377,6.445000171661377,6.440000057220459,6.445000171661377,2088,0.0,0.0
2024-11-04 15:10:00-05:00,6.440000057220459,6.440000057220459,6.434999942779541,6.434999942779541,1268,0.0,0.0
2024-11-04 15:11:00-05:00,6.434999942779541,6.434999942779541,6.429999828338623,6.434999942779541,884,0.0,0.0
2024-11-04 15:12:00-05:00,6.434999942779541,6.434999942779541,6.434999942779541,6.434999942779541,399,0.0,0.0
2024-11-04 15:13:00-05:00,6.434999942779541,6.434999942779541,6.434999942779541,6.434999942779541,316,0.0,0.0
2024-11-04 15:14:00-05:00,6.440000057220459,6.440000057220459,6.414999961853027,6.414999961853027,4163,0.0,0.0
2024-11-04 15:15:00-05:00,6.409999847412109,6.409999847412109,6.40500020980835,6.40500020980835,1495,0.0,0.0
2024-11-04 15:16:00-05:00,6.40500020980835,6.40500020980835,6.380000114440918,6.385000228881836,3667,0.0,0.0
2024-11-04 15:17:00-05:00,6.385000228881836,6.389999866485596,6.385000228881836,6.385000228881836,464,0.0,0.0
2024-11-04 15:18:00-05:00,6.389999866485596,6.394999980926514,6.389999866485596,6.394999980926514,5174,0.0,0.0
2024-11-04 15:20:00-05:00,6.394999980926514,6.394999980926514,6.394999980926514,6.394999980926514,827,0.0,0.0
2024-11-04 15:21:00-05:00,6.394999980926514,6.400000095367432,6.389999866485596,6.3942999839782715,5150,0.0,0.0
2024-11-04 15:23:00-05:00,6.394999980926514,6.394999980926514,6.394999980926514,6.394999980926514,490,0.0,0.0
2024-11-04 15:24:00-05:00,6.389999866485596,6.389999866485596,6.385000228881836,6.385000228881836,1536,0.0,0.0
2024-11-04 15:25:00-05:00,6.385000228881836,6.389999866485596,6.385000228881836,6.385000228881836,1405,0.0,0.0
2024-11-04 15:26:00-05:00,6.385000228881836,6.385000228881836,6.385000228881836,6.385000228881836,627,0.0,0.0
2024-11-04 15:27:00-05:00,6.380000114440918,6.380000114440918,6.380000114440918,6.380000114440918,1077,0.0,0.0
2024-11-04 15:28:00-05:00,6.385000228881836,6.385000228881836,6.385000228881836,6.385000228881836,336,0.0,0.0
2024-11-04 15:29:00-05:00,6.385000228881836,6.385000228881836,6.380000114440918,6.380000114440918,465,0.0,0.0
2024-11-04 15:30:00-05:00,6.380000114440918,6.380000114440918,6.375,6.375,2427,0.0,0.0
2024-11-04 15:31:00-05:00,6.375,6.375,6.375,6.375,1177,0.0,0.0
2024-11-04 15:32:00-05:00,6.380000114440918,6.389999866485596,6.369999885559082,6.375,7110,0.0,0.0
2024-11-04 15:33:00-05:00,6.364999771118164,6.375,6.361100196838379,6.375,3594,0.0,0.0
2024-11-04 15:35:00-05:00,6.369999885559082,6.369999885559082,6.364999771118164,6.364999771118164,1455,0.0,0.0
2024-11-04 15:36:00-05:00,6.364999771118164,6.369999885559082,6.364999771118164,6.364999771118164,546,0.0,0.0
2024-11-04 15:37:00-05:00,6.36899995803833,6.36899995803833,6.36899995803833,6.36899995803833,679,0.0,0.0
2024-11-04 15:38:00-05:00,6.364999771118164,6.364999771118164,6.360000133514404,6.360000133514404,678,0.0,0.0
2024-11-04 15:39:00-05:00,6.360000133514404,6.360000133514404,6.355000019073486,6.355000019073486,1456,0.0,0.0
2024-11-04 15:40:00-05:00,6.355000019073486,6.360000133514404,6.355000019073486,6.360000133514404,5007,0.0,0.0
2024-11-04 15:41:00-05:00,6.364999771118164,6.369999885559082,6.364999771118164,6.369999885559082,3560,0.0,0.0
2024-11-04 15:42:00-05:00,6.380000114440918,6.389999866485596,6.380000114440918,6.385000228881836,4358,0.0,0.0
2024-11-04 15:43:00-05:00,6.385000228881836,6.385000228881836,6.375,6.375,2817,0.0,0.0
2024-11-04 15:44:00-05:00,6.375,6.375,6.369999885559082,6.369999885559082,1142,0.0,0.0
2024-11-04 15:45:00-05:00,6.375,6.375,6.375,6.375,657,0.0,0.0
2024-11-04 15:46:00-05:00,6.375,6.375,6.375,6.375,581,0.0,0.0
2024-11-04 15:47:00-05:00,6.375,6.380000114440918,6.375,6.375,1698,0.0,0.0
2024-11-04 15:48:00-05:00,6.375,6.375,6.369999885559082,6.369999885559082,1119,0.0,0.0
2024-11-04 15:49:00-05:00,6.375,6.380000114440918,6.369999885559082,6.369999885559082,517,0.0,0.0
2024-11-04 15:50:00-05:00,6.375,6.380000114440918,6.375,6.375,3929,0.0,0.0
2024-11-04 15:51:00-05:00,6.369999885559082,6.375,6.364999771118164,6.375,7120,0.0,0.0
2024-11-04 15:52:00-05:00,6.375,6.375,6.355000019073486,6.369999885559082,11651,0.0,0.0
2024-11-04 15:53:00-05:00,6.369999885559082,6.380000114440918,6.369999885559082,6.369999885559082,5240,0.0,0.0
2024-11-04 15:54:00-05:00,6.364999771118164,6.369999885559082,6.360000133514404,6.364999771118164,3505,0.0,0.0
2024-11-04 15:55:00-05:00,6.364999771118164,6.369999885559082,6.364999771118164,6.364999771118164,2959,0.0,0.0
2024-11-04 15:56:00-05:00,6.364999771118164,6.369999885559082,6.360000133514404,6.364999771118164,3189,0.0,0.0
2024-11-04 15:57:00-05:00,6.360000133514404,6.360000133514404,6.34499979019165,6.355000019073486,16549,0.0,0.0
2024-11-04 15:58:00-05:00,6.355000019073486,6.360000133514404,6.340000152587891,6.34499979019165,15611,0.0,0.0
2024-11-04 15:59:00-05:00,6.340000152587891,6.355000019073486,6.329999923706055,6.335000038146973,40456,0.0,0.0
2024-11-05 09:30:00-05:00,6.300000190734863,6.304999828338623,6.300000190734863,6.304999828338623,10822,0.0,0.0
2024-11-05 09:31:00-05:00,6.25,6.25,6.210000038146973,6.210000038146973,2008,0.0,0.0
2024-11-05 09:32:00-05:00,6.237800121307373,6.239999771118164,6.199999809265137,6.239999771118164,4141,0.0,0.0
2024-11-05 09:33:00-05:00,6.25,6.255000114440918,6.230000019073486,6.25,1095,0.0,0.0
2024-11-05 09:36:00-05:00,6.260000228881836,6.260000228881836,6.260000228881836,6.260000228881836,801,0.0,0.0
2024-11-05 09:37:00-05:00,6.260000228881836,6.260000228881836,6.260000228881836,6.260000228881836,426,0.0,0.0
2024-11-05 09:38:00-05:00,6.269999980926514,6.269999980926514,6.260000228881836,6.260000228881836,703,0.0,0.0
2024-11-05 09:40:00-05:00,6.260000228881836,6.260000228881836,6.21999979019165,6.239999771118164,2608,0.0,0.0
2024-11-05 09:41:00-05:00,6.25,6.25,6.25,6.25,561,0.0,0.0
2024-11-05 09:42:00-05:00,6.260000228881836,6.269999980926514,6.260000228881836,6.269999980926514,750,0.0,0.0
2024-11-05 09:43:00-05:00,6.28000020980835,6.28000020980835,6.28000020980835,6.28000020980835,365,0.0,0.0
2024-11-05 09:46:00-05:00,6.320000171661377,6.320000171661377,6.320000171661377,6.320000171661377,566,0.0,0.0
2024-11-05 09:48:00-05:00,6.320000171661377,6.320000171661377,6.320000171661377,6.320000171661377,101,0.0,0.0
2024-11-05 09:49:00-05:00,6.329999923706055,6.329999923706055,6.320000171661377,6.320000171661377,560,0.0,0.0
2024-11-05 09:50:00-05:00,6.320000171661377,6.335000038146973,6.320000171661377,6.329999923706055,2256,0.0,0.0
2024-11-05 09:51:00-05:00,6.329999923706055,6.329999923706055,6.329999923706055,6.329999923706055,366,0.0,0.0
2024-11-05 09:52:00-05:00,6.329999923706055,6.329999923706055,6.329999923706055,6.329999923706055,506,0.0,0.0
2024-11-05 09:53:00-05:00,6.320000171661377,6.360000133514404,6.320000171661377,6.355000019073486,2009,0.0,0.0
2024-11-05 09:54:00-05:00,6.349999904632568,6.349999904632568,6.349999904632568,6.349999904632568,132,0.0,0.0
2024-11-05 09:55:00-05:00,6.349999904632568,6.349999904632568,6.340000152587891,6.340000152587891,1189,0.0,0.0
2024-11-05 09:56:00-05:00,6.340000152587891,6.340000152587891,6.329999923706055,6.329999923706055,458,0.0,0.0
2024-11-05 09:57:00-05:00,6.329999923706055,6.329999923706055,6.329999923706055,6.329999923706055,772,0.0,0.0
2024-11-05 09:58:00-05:00,6.323200225830078,6.323200225830078,6.323200225830078,6.323200225830078,319,0.0,0.0
2024-11-05 09:59:00-05:00,6.329999923706055,6.329999923706055,6.329999923706055,6.329999923706055,634,0.0,0.0
2024-11-05 10:00:00-05:00,6.340000152587891,6.340000152587891,6.320000171661377,6.329999923706055,1817,0.0,0.0
2024-11-05 10:02:00-05:00,6.349999904632568,6.355000019073486,6.349999904632568,6.355000019073486,1299,0.0,0.0
2024-11-05 10:05:00-05:00,6.360000133514404,6.360000133514404,6.360000133514404,6.360000133514404,260,0.0,0.0
2024-11-05 10:06:00-05:00,6.369999885559082,6.375,6.369999885559082,6.375,784,0.0,0.0
2024-11-05 10:07:00-05:00,6.369999885559082,6.369999885559082,6.340000152587891,6.340000152587891,1194,0.0,0.0
2024-11-05 10:08:00-05:00,6.340000152587891,6.349999904632568,6.340000152587891,6.349999904632568,631,0.0,0.0
2024-11-05 10:09:00-05:00,6.349999904632568,6.349999904632568,6.349999904632568,6.349999904632568,102,0.0,0.0
2024-11-05 10:10:00-05:00,6.349999904632568,6.355000019073486,6.349999904632568,6.349999904632568,1399,0.0,0.0
2024-11-05 10:11:00-05:00,6.340000152587891,6.340000152587891,6.315000057220459,6.329999923706055,1257,0.0,0.0
2024-11-05 10:12:00-05:00,6.335000038146973,6.335000038146973,6.329999923706055,6.330599784851074,473,0.0,0.0
2024-11-05 10:13:00-05:00,6.335000038146973,6.335000038146973,6.335000038146973,6.335000038146973,366,0.0,0.0
2024-11-05 10:14:00-05:00,6.340000152587891,6.349999904632568,6.340000152587891,6.349999904632568,1381,0.0,0.0
2024-11-05 10:16:00-05:00,6.349999904632568,6.349999904632568,6.349999904632568,6.349999904632568,655,0.0,0.0
2024-11-05 10:17:00-05:00,6.340000152587891,6.349999904632568,6.340000152587891,6.349999904632568,1291,0.0,0.0
2024-11-05 10:19:00-05:00,6.360000133514404,6.360000133514404,6.360000133514404,6.360000133514404,375,0.0,0.0
2024-11-05 10:20:00-05:00,6.350800037384033,6.350800037384033,6.349999904632568,6.349999904632568,1152,0.0,0.0
2024-11-05 10:21:00-05:00,6.34499979019165,6.349999904632568,6.34499979019165,6.349999904632568,732,0.0,0.0
2024-11-05 10:22:00-05:00,6.349999904632568,6.349999904632568,6.349999904632568,6.349999904632568,1060,0.0,0.0
2024-11-05 10:25:00-05:00,6.360000133514404,6.369999885559082,6.360000133514404,6.360000133514404,1369,0.0,0.0
2024-11-05 10:26:00-05:00,6.360000133514404,6.360000133514404,6.355000019073486,6.355000019073486,345,0.0,0.0
2024-11-05 10:27:00-05:00,6.359221935272217,6.359221935272217,6.359221935272217,6.359221935272217,620,0.0,0.0
2024-11-05 10:29:00-05:00,6.349999904632568,6.349999904632568,6.340000152587891,6.340000152587891,1109,0.0,0.0
2024-11-05 10:30:00-05:00,6.340000152587891,6.340000152587891,6.340000152587891,6.340000152587891,556,0.0,0.0
2024-11-05 10:31:00-05:00,6.340000152587891,6.3460001945495605,6.340000152587891,6.3460001945495605,1708,0.0,0.0
2024-11-05 10:33:00-05:00,6.329999923706055,6.329999923706055,6.329999923706055,6.329999923706055,173,0.0,0.0
2024-11-05 10:34:00-05:00,6.329999923706055,6.329999923706055,6.329999923706055,6.329999923706055,365,0.0,0.0
2024-11-05 10:35:00-05:00,6.320000171661377,6.320000171661377,6.320000171661377,6.320000171661377,1242,0.0,0.0
2024-11-05 10:36:00-05:00,6.329999923706055,6.329999923706055,6.329999923706055,6.329999923706055,1158,0.0,0.0
2024-11-05 10:37:00-05:00,6.340000152587891,6.34499979019165,6.340000152587891,6.340099811553955,1709,0.0,0.0
2024-11-05 10:40:00-05:00,6.349999904632568,6.349999904632568,6.349999904632568,6.349999904632568,383,0.0,0.0
2024-11-05 10:41:00-05:00,6.340000152587891,6.340000152587891,6.340000152587891,6.340000152587891,756,0.0,0.0
2024-11-05 10:42:00-05:00,6.355000019073486,6.355000019073486,6.355000019073486,6.355000019073486,664,0.0,0.0
2024-11-05 10:44:00-05:00,6.360000133514404,6.364999771118164,6.360000133514404,6.360000133514404,828,0.0,0.0
2024-11-05 10:45:00-05:00,6.360000133514404,6.360000133514404,6.355000019073486,6.355000019073486,1345,0.0,0.0
2024-11-05 10:49:00-05:00,6.355000019073486,6.355000019073486,6.355000019073486,6.355000019073486,236,0.0,0.0
2024-11-05 10:50:00-05:00,6.360000133514404,6.360000133514404,6.360000133514404,6.360000133514404,545,0.0,0.0
2024-11-05 10:51:00-05:00,6.349999904632568,6.349999904632568,6.329999923706055,6.329999923706055,3285,0.0,0.0
2024-11-05 10:52:00-05:00,6.320000171661377,6.320000171661377,6.320000171661377,6.320000171661377,1419,0.0,0.0
2024-11-05 10:55:00-05:00,6.300000190734863,6.300000190734863,6.295000076293945,6.300000190734863,1571,0.0,0.0
2024-11-05 10:57:00-05:00,6.300000190734863,6.300000190734863,6.300000190734863,6.300000190734863,1214,0.0,0.0
2024-11-05 11:01:00-05:00,6.304999828338623,6.304999828338623,6.304999828338623,6.304999828338623,191,0.0,0.0
2024-11-05 11:02:00-05:00,6.309500217437744,6.315000057220459,6.309500217437744,6.315000057220459,1052,0.0,0.0
2024-11-05 11:03:00-05:00,6.320000171661377,6.320000171661377,6.320000171661377,6.320000171661377,531,0.0,0.0
2024-11-05 11:06:00-05:00,6.324999809265137,6.335000038146973,6.324999809265137,6.335000038146973,7269,0.0,0.0
2024-11-05 11:07:00-05:00,6.320000171661377,6.320000171661377,6.309999942779541,6.309999942779541,1854,0.0,0.0
2024-11-05 11:10:00-05:00,6.320000171661377,6.320000171661377,6.320000171661377,6.320000171661377,679,0.0,0.0
2024-11-05 11:11:00-05:00,6.340000152587891,6.340000152587891,6.340000152587891,6.340000152587891,1015,0.0,0.0
2024-11-05 11:14:00-05:00,6.329999923706055,6.329999923706055,6.329999923706055,6.329999923706055,231,0.0,0.0
2024-11-05 11:15:00-05:00,6.320000171661377,6.320000171661377,6.320000171661377,6.320000171661377,527,0.0,0.0
2024-11-05 11:16:00-05:00,6.329999923706055,6.329999923706055,6.315000057220459,6.320000171661377,2139,0.0,0.0
2024-11-05 11:17:00-05:00,6.315000057220459,6.315000057220459,6.315000057220459,6.315000057220459,337,0.0,0.0
2024-11-05 11:18:00-05:00,6.315000057220459,6.315000057220459,6.315000057220459,6.315000057220459,241,0.0,0.0
2024-11-05 11:19:00-05:00,6.320000171661377,6.329999923706055,6.320000171661377,6.329999923706055,789,0.0,0.0
2024-11-05 11:20:00-05:00,6.32420015335083,6.32420015335083,6.32420015335083,6.32420015335083,816,0.0,0.0
2024-11-05 11:21:00-05:00,6.329999923706055,6.329999923706055,6.329999923706055,6.329999923706055,1924,0.0,0.0
2024-11-05 11:23:00-05:00,6.340000152587891,6.340000152587891,6.320000171661377,6.320000171661377,2507,0.0,0.0
2024-11-05 11:24:00-05:00,6.315000057220459,6.320000171661377,6.315000057220459,6.315000057220459,563,0.0,0.0
2024-11-05 11:25:00-05:00,6.3140997886657715,6.315000057220459,6.3140997886657715,6.315000057220459,1765,0.0,0.0
2024-11-05 11:26:00-05:00,6.309999942779541,6.309999942779541,6.300000190734863,6.300000190734863,2368,0.0,0.0
2024-11-05 11:28:00-05:00,6.300000190734863,6.300000190734863,6.300000190734863,6.300000190734863,859,0.0,0.0
2024-11-05 11:29:00-05:00,6.295000076293945,6.295000076293945,6.295000076293945,6.295000076293945,812,0.0,0.0
2024-11-05 11:31:00-05:00,6.295000076293945,6.304999828338623,6.295000076293945,6.304999828338623,3274,0.0,0.0
2024-11-05 11:32:00-05:00,6.300000190734863,6.300000190734863,6.300000190734863,6.300000190734863,465,0.0,0.0
2024-11-05 11:33:00-05:00,6.308599948883057,6.309999942779541,6.308599948883057,6.309999942779541,1050,0.0,0.0
2024-11-05 11:34:00-05:00,6.329999923706055,6.329999923706055,6.329699993133545,6.329699993133545,662,0.0,0.0
2024-11-05 11:35:00-05:00,6.324999809265137,6.324999809265137,6.320000171661377,6.320000171661377,1659,0.0,0.0
2024-11-05 11:36:00-05:00,6.329999923706055,6.329999923706055,6.329999923706055,6.329999923706055,224,0.0,0.0
2024-11-05 11:37:00-05:00,6.3394999504089355,6.3394999504089355,6.3394999504089355,6.3394999504089355,316,0.0,0.0
2024-11-05 11:38:00-05:00,6.330699920654297,6.335000038146973,6.329999923706055,6.329999923706055,1757,0.0,0.0
2024-11-05 11:39:00-05:00,6.335000038146973,6.335000038146973,6.335000038146973,6.335000038146973,400,0.0,0.0
2024-11-05 11:41:00-05:00,6.335000038146973,6.335000038146973,6.335000038146973,6.335000038146973,394,0.0,0.0
2024-11-05 11:42:00-05:00,6.329999923706055,6.329999923706055,6.329999923706055,6.329999923706055,1002,0.0,0.0
2024-11-05 11:44:00-05:00,6.340000152587891,6.34499979019165,6.340000152587891,6.34499979019165,457,0.0,0.0
2024-11-05 11:45:00-05:00,6.340000152587891,6.340000152587891,6.340000152587891,6.340000152587891,702,0.0,0.0
2024-11-05 11:46:00-05:00,6.340000152587891,6.340000152587891,6.340000152587891,6.340000152587891,414,0.0,0.0
2024-11-05 11:47:00-05:00,6.349999904632568,6.360000133514404,6.349999904632568,6.360000133514404,698,0.0,0.0
2024-11-05 11:48:00-05:00,6.360000133514404,6.360000133514404,6.360000133514404,6.360000133514404,463,0.0,0.0
2024-11-05 11:49:00-05:00,6.349999904632568,6.349999904632568,6.340000152587891,6.340000152587891,908,0.0,0.0
2024-11-05 11:50:00-05:00,6.340000152587891,6.34499979019165,6.340000152587891,6.34499979019165,245,0.0,0.0
2024-11-05 11:51:00-05:00,6.34499979019165,6.34499979019165,6.34499979019165,6.34499979019165,355,0.0,0.0
2024-11-05 11:52:00-05:00,6.349999904632568,6.349999904632568,6.34499979019165,6.34499979019165,504,0.0,0.0
2024-11-05 11:53:00-05:00,6.34499979019165,6.34499979019165,6.34499979019165,6.34499979019165,380,0.0,0.0
2024-11-05 11:54:00-05:00,6.349999904632568,6.380000114440918,6.349999904632568,6.360000133514404,12737,0.0,0.0
2024-11-05 11:55:00-05:00,6.369999885559082,6.369999885559082,6.360000133514404,6.360000133514404,1756,0.0,0.0
2024-11-05 11:56:00-05:00,6.369999885559082,6.375,6.369999885559082,6.375,397,0.0,0.0
2024-11-05 11:58:00-05:00,6.369999885559082,6.369999885559082,6.369999885559082,6.369999885559082,1530,0.0,0.0
2024-11-05 11:59:00-05:00,6.380000114440918,6.380000114440918,6.380000114440918,6.380000114440918,270,0.0,0.0
2024-11-05 12:00:00-05:00,6.369999885559082,6.369999885559082,6.360000133514404,6.360000133514404,1091,0.0,0.0
2024-11-05 12:01:00-05:00,6.360000133514404,6.360000133514404,6.360000133514404,6.360000133514404,377,0.0,0.0
2024-11-05 12:02:00-05:00,6.364999771118164,6.364999771118164,6.364999771118164,6.364999771118164,142,0.0,0.0
2024-11-05 12:03:00-05:00,6.364999771118164,6.364999771118164,6.364999771118164,6.364999771118164,326,0.0,0.0
2024-11-05 12:04:00-05:00,6.360000133514404,6.360000133514404,6.360000133514404,6.360000133514404,432,0.0,0.0
2024-11-05 12:05:00-05:00,6.364999771118164,6.364999771118164,6.364999771118164,6.364999771118164,475,0.0,0.0
2024-11-05 12:07:00-05:00,6.366000175476074,6.366000175476074,6.364999771118164,6.364999771118164,1150,0.0,0.0
2024-11-05 12:08:00-05:00,6.364999771118164,6.364999771118164,6.364999771118164,6.364999771118164,307,0.0,0.0
2024-11-05 12:09:00-05:00,6.364999771118164,6.364999771118164,6.364999771118164,6.364999771118164,434,0.0,0.0
2024-11-05 12:10:00-05:00,6.364999771118164,6.364999771118164,6.364999771118164,6.364999771118164,171,0.0,0.0
2024-11-05 12:11:00-05:00,6.360000133514404,6.375,6.355000019073486,6.375,2857,0.0,0.0
2024-11-05 12:12:00-05:00,6.369999885559082,6.369999885559082,6.349999904632568,6.349999904632568,1965,0.0,0.0
2024-11-05 12:13:00-05:00,6.349999904632568,6.349999904632568,6.349999904632568,6.349999904632568,900,0.0,0.0
2024-11-05 12:15:00-05:00,6.360000133514404,6.360000133514404,6.360000133514404,6.360000133514404,678,0.0,0.0
2024-11-05 12:16:00-05:00,6.36959981918335,6.36959981918335,6.364999771118164,6.364999771118164,534,0.0,0.0
2024-11-05 12:18:00-05:00,6.369999885559082,6.394999980926514,6.369999885559082,6.394999980926514,3330,0.0,0.0
2024-11-05 12:19:00-05:00,6.394999980926514,6.399799823760986,6.389999866485596,6.389999866485596,2099,0.0,0.0
2024-11-05 12:20:00-05:00,6.385000228881836,6.385000228881836,6.385000228881836,6.385000228881836,180,0.0,0.0
2024-11-05 12:21:00-05:00,6.380000114440918,6.380000114440918,6.380000114440918,6.380000114440918,1058,0.0,0.0
2024-11-05 12:22:00-05:00,6.369999885559082,6.369999885559082,6.355000019073486,6.355000019073486,2389,0.0,0.0
2024-11-05 12:23:00-05:00,6.355000019073486,6.355000019073486,6.355000019073486,6.355000019073486,188,0.0,0.0
2024-11-05 12:24:00-05:00,6.360000133514404,6.369999885559082,6.350800037384033,6.355000019073486,7863,0.0,0.0
2024-11-05 12:25:00-05:00,6.360000133514404,6.360000133514404,6.349999904632568,6.349999904632568,2308,0.0,0.0
2024-11-05 12:26:00-05:00,6.34499979019165,6.34499979019165,6.34499979019165,6.34499979019165,409,0.0,0.0
2024-11-05 12:27:00-05:00,6.34499979019165,6.34499979019165,6.3445000648498535,6.34499979019165,6275,0.0,0.0
2024-11-05 12:28:00-05:00,6.349999904632568,6.369999885559082,6.349999904632568,6.364999771118164,903,0.0,0.0
2024-11-05 12:29:00-05:00,6.369999885559082,6.369999885559082,6.369999885559082,6.369999885559082,251,0.0,0.0
2024-11-05 12:30:00-05:00,6.369999885559082,6.380000114440918,6.369999885559082,6.369999885559082,1633,0.0,0.0
2024-11-05 12:31:00-05:00,6.380000114440918,6.380000114440918,6.380000114440918,6.380000114440918,737,0.0,0.0
2024-11-05 12:33:00-05:00,6.375,6.375,6.375,6.375,144,0.0,0.0
2024-11-05 12:34:00-05:00,6.379899978637695,6.379899978637695,6.379899978637695,6.379899978637695,712,0.0,0.0
2024-11-05 12:35:00-05:00,6.375,6.375,6.349999904632568,6.355000019073486,7505,0.0,0.0
2024-11-05 12:36:00-05:00,6.355000019073486,6.355000019073486,6.355000019073486,6.355000019073486,264,0.0,0.0
2024-11-05 12:37:00-05:00,6.355000019073486,6.355000019073486,6.355000019073486,6.355000019073486,123,0.0,0.0
2024-11-05 12:38:00-05:00,6.360000133514404,6.360000133514404,6.360000133514404,6.360000133514404,1050,0.0,0.0
2024-11-05 12:39:00-05:00,6.364999771118164,6.364999771118164,6.364999771118164,6.364999771118164,272,0.0,0.0
2024-11-05 12:40:00-05:00,6.369800090789795,6.369800090789795,6.364999771118164,6.364999771118164,640,0.0,0.0
2024-11-05 12:41:00-05:00,6.364999771118164,6.364999771118164,6.364999771118164,6.364999771118164,275,0.0,0.0
2024-11-05 12:42:00-05:00,6.360000133514404,6.364999771118164,6.349999904632568,6.349999904632568,1536,0.0,0.0
2024-11-05 12:44:00-05:00,6.340000152587891,6.349899768829346,6.340000152587891,6.349899768829346,854,0.0,0.0
2024-11-05 12:45:00-05:00,6.34499979019165,6.34499979019165,6.34499979019165,6.34499979019165,210,0.0,0.0
2024-11-05 12:46:00-05:00,6.34499979019165,6.349999904632568,6.34499979019165,6.349999904632568,801,0.0,0.0
2024-11-05 12:47:00-05:00,6.349999904632568,6.355000019073486,6.349999904632568,6.355000019073486,1101,0.0,0.0
2024-11-05 12:48:00-05:00,6.360000133514404,6.360000133514404,6.349999904632568,6.349999904632568,587,0.0,0.0
2024-11-05 12:49:00-05:00,6.355000019073486,6.355000019073486,6.355000019073486,6.355000019073486,264,0.0,0.0
2024-11-05 12:50:00-05:00,6.355000019073486,6.355000019073486,6.349999904632568,6.349999904632568,1091,0.0,0.0
2024-11-05 12:51:00-05:00,6.349999904632568,6.349999904632568,6.340000152587891,6.340000152587891,4634,0.0,0.0
2024-11-05 12:53:00-05:00,6.340000152587891,6.340000152587891,6.329999923706055,6.335000038146973,983,0.0,0.0
2024-11-05 12:54:00-05:00,6.340000152587891,6.340000152587891,6.340000152587891,6.340000152587891,156,0.0,0.0
2024-11-05 12:55:00-05:00,6.339700222015381,6.34499979019165,6.339700222015381,6.34499979019165,1025,0.0,0.0
2024-11-05 12:56:00-05:00,6.34499979019165,6.355000019073486,6.34499979019165,6.355000019073486,1580,0.0,0.0
2024-11-05 12:58:00-05:00,6.355000019073486,6.355000019073486,6.355000019073486,6.355000019073486,452,0.0,0.0
2024-11-05 12:59:00-05:00,6.349999904632568,6.349999904632568,6.349999904632568,6.349999904632568,1073,0.0,0.0
2024-11-05 13:00:00-05:00,6.340000152587891,6.340000152587891,6.340000152587891,6.340000152587891,180,0.0,0.0
2024-11-05 13:01:00-05:00,6.34499979019165,6.349899768829346,6.34499979019165,6.349899768829346,573,0.0,0.0
2024-11-05 13:02:00-05:00,6.349999904632568,6.355000019073486,6.349999904632568,6.350100040435791,1128,0.0,0.0
2024-11-05 13:03:00-05:00,6.360000133514404,6.369999885559082,6.360000133514404,6.360000133514404,854,0.0,0.0
2024-11-05 13:04:00-05:00,6.369999885559082,6.380000114440918,6.369999885559082,6.380000114440918,542,0.0,0.0
2024-11-05 13:05:00-05:00,6.380000114440918,6.380000114440918,6.369999885559082,6.369999885559082,385,0.0,0.0
2024-11-05 13:06:00-05:00,6.369999885559082,6.369999885559082,6.364999771118164,6.364999771118164,819,0.0,0.0
2024-11-05 13:07:00-05:00,6.364999771118164,6.369800090789795,6.364999771118164,6.369800090789795,540,0.0,0.0
2024-11-05 13:08:00-05:00,6.364999771118164,6.364999771118164,6.364999771118164,6.364999771118164,498,0.0,0.0
2024-11-05 13:09:00-05:00,6.360000133514404,6.364999771118164,6.355000019073486,6.355000019073486,1650,0.0,0.0
2024-11-05 13:11:00-05:00,6.360000133514404,6.360000133514404,6.360000133514404,6.360000133514404,319,0.0,0.0
2024-11-05 13:12:00-05:00,6.355000019073486,6.355000019073486,6.355000019073486,6.355000019073486,556,0.0,0.0
2024-11-05 13:13:00-05:00,6.360000133514404,6.360000133514404,6.360000133514404,6.360000133514404,960,0.0,0.0
2024-11-05 13:14:00-05:00,6.360000133514404,6.364999771118164,6.355000019073486,6.355000019073486,1469,0.0,0.0
2024-11-05 13:15:00-05:00,6.355000019073486,6.360000133514404,6.355000019073486,6.360000133514404,1035,0.0,0.0
2024-11-05 13:17:00-05:00,6.375,6.380000114440918,6.367099761962891,6.369999885559082,7047,0.0,0.0
2024-11-05 13:18:00-05:00,6.370699882507324,6.370699882507324,6.370699882507324,6.370699882507324,1382,0.0,0.0
2024-11-05 13:19:00-05:00,6.369999885559082,6.369999885559082,6.369999885559082,6.369999885559082,881,0.0,0.0
2024-11-05 13:20:00-05:00,6.360000133514404,6.360000133514404,6.360000133514404,6.360000133514404,471,0.0,0.0
2024-11-05 13:21:00-05:00,6.364999771118164,6.364999771118164,6.364999771118164,6.364999771118164,560,0.0,0.0
2024-11-05 13:22:00-05:00,6.363800048828125,6.380000114440918,6.363800048828125,6.375,3738,0.0,0.0
2024-11-05 13:23:00-05:00,6.375,6.375,6.369999885559082,6.375,1292,0.0,0.0
2024-11-05 13:26:00-05:00,6.380000114440918,6.394999980926514,6.380000114440918,6.394999980926514,1395,0.0,0.0
2024-11-05 13:27:00-05:00,6.394999980926514,6.400000095367432,6.394999980926514,6.400000095367432,455,0.0,0.0
2024-11-05 13:28:00-05:00,6.394999980926514,6.400000095367432,6.394999980926514,6.400000095367432,737,0.0,0.0
2024-11-05 13:30:00-05:00,6.394999980926514,6.394999980926514,6.389999866485596,6.389999866485596,1881,0.0,0.0
2024-11-05 13:32:00-05:00,6.385000228881836,6.385000228881836,6.385000228881836,6.385000228881836,347,0.0,0.0
2024-11-05 13:34:00-05:00,6.389999866485596,6.394999980926514,6.389999866485596,6.389999866485596,1246,0.0,0.0
2024-11-05 13:35:00-05:00,6.394999980926514,6.394999980926514,6.389999866485596,6.389999866485596,1612,0.0,0.0
2024-11-05 13:36:00-05:00,6.389999866485596,6.394999980926514,6.389999866485596,6.389999866485596,771,0.0,0.0
2024-11-05 13:37:00-05:00,6.394999980926514,6.394999980926514,6.394999980926514,6.394999980926514,246,0.0,0.0
2024-11-05 13:38:00-05:00,6.394999980926514,6.394999980926514,6.394999980926514,6.394999980926514,355,0.0,0.0
2024-11-05 13:39:00-05:00,6.400000095367432,6.400000095367432,6.400000095367432,6.400000095367432,615,0.0,0.0
2024-11-05 13:41:00-05:00,6.400000095367432,6.40500020980835,6.400000095367432,6.40500020980835,1174,0.0,0.0
2024-11-05 13:43:00-05:00,6.409999847412109,6.409999847412109,6.409999847412109,6.409999847412109,182,0.0,0.0
2024-11-05 13:44:00-05:00,6.409999847412109,6.414999961853027,6.409999847412109,6.414999961853027,1062,0.0,0.0
2024-11-05 13:45:00-05:00,6.420000076293945,6.420000076293945,6.414999961853027,6.414999961853027,336,0.0,0.0
2024-11-05 13:46:00-05:00,6.414999961853027,6.414999961853027,6.40500020980835,6.40500020980835,2818,0.0,0.0
2024-11-05 13:47:00-05:00,6.40500020980835,6.40500020980835,6.40500020980835,6.40500020980835,340,0.0,0.0
2024-11-05 13:48:00-05:00,6.409999847412109,6.409999847412109,6.409999847412109,6.409999847412109,273,0.0,0.0
2024-11-05 13:49:00-05:00,6.409999847412109,6.409999847412109,6.400000095367432,6.400000095367432,4239,0.0,0.0
2024-11-05 13:50:00-05:00,6.400000095367432,6.400000095367432,6.400000095367432,6.400000095367432,726,0.0,0.0
2024-11-05 13:51:00-05:00,6.400000095367432,6.4070000648498535,6.400000095367432,6.40500020980835,915,0.0,0.0
2024-11-05 13:53:00-05:00,6.409999847412109,6.409999847412109,6.409999847412109,6.409999847412109,389,0.0,0.0
2024-11-05 13:54:00-05:00,6.409999847412109,6.429999828338623,6.409999847412109,6.425000190734863,2333,0.0,0.0
2024-11-05 13:55:00-05:00,6.425000190734863,6.425000190734863,6.400000095367432,6.400000095367432,3650,0.0,0.0
2024-11-05 13:56:00-05:00,6.394999980926514,6.394999980926514,6.394999980926514,6.394999980926514,346,0.0,0.0
2024-11-05 13:57:00-05:00,6.389999866485596,6.389999866485596,6.385000228881836,6.385000228881836,1306,0.0,0.0
2024-11-05 13:58:00-05:00,6.386000156402588,6.386000156402588,6.386000156402588,6.386000156402588,1548,0.0,0.0
2024-11-05 14:01:00-05:00,6.389999866485596,6.389999866485596,6.380000114440918,6.380000114440918,1766,0.0,0.0
2024-11-05 14:02:00-05:00,6.389999866485596,6.389999866485596,6.389999866485596,6.389999866485596,660,0.0,0.0
2024-11-05 14:03:00-05:00,6.389999866485596,6.389999866485596,6.389999866485596,6.389999866485596,1570,0.0,0.0
2024-11-05 14:05:00-05:00,6.385000228881836,6.385000228881836,6.385000228881836,6.385000228881836,612,0.0,0.0
2024-11-05 14:07:00-05:00,6.389999866485596,6.389999866485596,6.389999866485596,6.389999866485596,226,0.0,0.0
2024-11-05 14:08:00-05:00,6.389999866485596,6.389999866485596,6.389999866485596,6.389999866485596,683,0.0,0.0
2024-11-05 14:09:00-05:00,6.394999980926514,6.394999980926514,6.394999980926514,6.394999980926514,110,0.0,0.0
2024-11-05 14:10:00-05:00,6.394999980926514,6.394999980926514,6.389999866485596,6.389999866485596,758,0.0,0.0
2024-11-05 14:11:00-05:00,6.389999866485596,6.394999980926514,6.389999866485596,6.394999980926514,542,0.0,0.0
2024-11-05 14:12:00-05:00,6.3979997634887695,6.399899959564209,6.3979997634887695,6.399899959564209,797,0.0,0.0
2024-11-05 14:13:00-05:00,6.400000095367432,6.400000095367432,6.394999980926514,6.394999980926514,997,0.0,0.0
2024-11-05 14:14:00-05:00,6.389999866485596,6.389999866485596,6.380000114440918,6.389999866485596,2654,0.0,0.0
2024-11-05 14:15:00-05:00,6.389999866485596,6.389999866485596,6.389999866485596,6.389999866485596,403,0.0,0.0
2024-11-05 14:16:00-05:00,6.38640022277832,6.38640022277832,6.38640022277832,6.38640022277832,120,0.0,0.0
2024-11-05 14:17:00-05:00,6.389999866485596,6.389999866485596,6.385000228881836,6.385000228881836,1614,0.0,0.0
2024-11-05 14:20:00-05:00,6.389999866485596,6.400000095367432,6.389999866485596,6.389999866485596,5465,0.0,0.0
2024-11-05 14:23:00-05:00,6.389999866485596,6.389999866485596,6.385000228881836,6.385000228881836,483,0.0,0.0
2024-11-05 14:24:00-05:00,6.385000228881836,6.385000228881836,6.385000228881836,6.385000228881836,342,0.0,0.0
2024-11-05 14:25:00-05:00,6.385000228881836,6.385000228881836,6.385000228881836,6.385000228881836,326,0.0,0.0
2024-11-05 14:26:00-05:00,6.389999866485596,6.389999866485596,6.389999866485596,6.389999866485596,2854,0.0,0.0
2024-11-05 14:30:00-05:00,6.385000228881836,6.385000228881836,6.380000114440918,6.380000114440918,1428,0.0,0.0
2024-11-05 14:31:00-05:00,6.394999980926514,6.400000095367432,6.394999980926514,6.400000095367432,494,0.0,0.0
2024-11-05 14:32:00-05:00,6.394999980926514,6.394999980926514,6.394999980926514,6.394999980926514,219,0.0,0.0
2024-11-05 14:33:00-05:00,6.400000095367432,6.40500020980835,6.400000095367432,6.40500020980835,945,0.0,0.0
2024-11-05 14:34:00-05:00,6.409999847412109,6.409999847412109,6.409999847412109,6.409999847412109,138,0.0,0.0
2024-11-05 14:35:00-05:00,6.414999961853027,6.414999961853027,6.409999847412109,6.409999847412109,1474,0.0,0.0
2024-11-05 14:36:00-05:00,6.409999847412109,6.409999847412109,6.409999847412109,6.409999847412109,194,0.0,0.0
2024-11-05 14:37:00-05:00,6.40500020980835,6.40500020980835,6.40500020980835,6.40500020980835,907,0.0,0.0
2024-11-05 14:38:00-05:00,6.409999847412109,6.414999961853027,6.409999847412109,6.414999961853027,551,0.0,0.0
2024-11-05 14:39:00-05:00,6.409999847412109,6.409999847412109,6.400000095367432,6.400000095367432,2245,0.0,0.0
2024-11-05 14:40:00-05:00,6.400000095367432,6.400000095367432,6.400000095367432,6.400000095367432,1004,0.0,0.0
2024-11-05 14:42:00-05:00,6.40500020980835,6.40500020980835,6.389999866485596,6.389999866485596,3117,0.0,0.0
2024-11-05 14:43:00-05:00,6.380000114440918,6.380000114440918,6.380000114440918,6.380000114440918,381,0.0,0.0
2024-11-05 14:44:00-05:00,6.385000228881836,6.389999866485596,6.385000228881836,6.389999866485596,1680,0.0,0.0
2024-11-05 14:46:00-05:00,6.394999980926514,6.394999980926514,6.394999980926514,6.394999980926514,385,0.0,0.0
2024-11-05 14:47:00-05:00,6.400000095367432,6.400000095367432,6.394999980926514,6.394999980926514,393,0.0,0.0
2024-11-05 14:48:00-05:00,6.394999980926514,6.394999980926514,6.394999980926514,6.394999980926514,330,0.0,0.0
2024-11-05 14:49:00-05:00,6.394999980926514,6.400000095367432,6.394999980926514,6.400000095367432,1670,0.0,0.0
2024-11-05 14:50:00-05:00,6.389999866485596,6.394999980926514,6.389999866485596,6.394999980926514,1073,0.0,0.0
2024-11-05 14:51:00-05:00,6.394999980926514,6.394999980926514,6.389999866485596,6.394999980926514,1235,0.0,0.0
2024-11-05 14:52:00-05:00,6.394999980926514,6.40500020980835,6.394999980926514,6.40500020980835,792,0.0,0.0
2024-11-05 14:53:00-05:00,6.40500020980835,6.40500020980835,6.400000095367432,6.400000095367432,775,0.0,0.0
2024-11-05 14:54:00-05:00,6.400000095367432,6.400000095367432,6.389999866485596,6.389999866485596,2994,0.0,0.0
2024-11-05 14:55:00-05:00,6.394999980926514,6.394999980926514,6.394999980926514,6.394999980926514,579,0.0,0.0
2024-11-05 14:56:00-05:00,6.389999866485596,6.389999866485596,6.389999866485596,6.389999866485596,1206,0.0,0.0
2024-11-05 14:58:00-05:00,6.400000095367432,6.400000095367432,6.400000095367432,6.400000095367432,536,0.0,0.0
2024-11-05 14:59:00-05:00,6.40500020980835,6.40500020980835,6.40500020980835,6.40500020980835,637,0.0,0.0
2024-11-05 15:00:00-05:00,6.40500020980835,6.40500020980835,6.40500020980835,6.40500020980835,1096,0.0,0.0
2024-11-05 15:01:00-05:00,6.409999847412109,6.420000076293945,6.409999847412109,6.420000076293945,1317,0.0,0.0
2024-11-05 15:02:00-05:00,6.425000190734863,6.429999828338623,6.420899868011475,6.420899868011475,1255,0.0,0.0
2024-11-05 15:03:00-05:00,6.429999828338623,6.429999828338623,6.429999828338623,6.429999828338623,866,0.0,0.0
2024-11-05 15:05:00-05:00,6.429999828338623,6.434999942779541,6.420000076293945,6.420000076293945,3386,0.0,0.0
2024-11-05 15:07:00-05:00,6.420000076293945,6.420000076293945,6.416100025177002,6.416100025177002,625,0.0,0.0
2024-11-05 15:08:00-05:00,6.420000076293945,6.420000076293945,6.420000076293945,6.420000076293945,1679,0.0,0.0
2024-11-05 15:09:00-05:00,6.414999961853027,6.425000190734863,6.414999961853027,6.414999961853027,3410,0.0,0.0
2024-11-05 15:10:00-05:00,6.414999961853027,6.414999961853027,6.414999961853027,6.414999961853027,893,0.0,0.0
2024-11-05 15:11:00-05:00,6.420000076293945,6.420000076293945,6.380000114440918,6.380000114440918,7240,0.0,0.0
2024-11-05 15:12:00-05:00,6.380000114440918,6.380000114440918,6.380000114440918,6.380000114440918,1059,0.0,0.0
2024-11-05 15:13:00-05:00,6.389999866485596,6.389999866485596,6.389999866485596,6.389999866485596,506,0.0,0.0
2024-11-05 15:15:00-05:00,6.389999866485596,6.400000095367432,6.389999866485596,6.400000095367432,1170,0.0,0.0
2024-11-05 15:16:00-05:00,6.400000095367432,6.400000095367432,6.380000114440918,6.380000114440918,2558,0.0,0.0
2024-11-05 15:17:00-05:00,6.380000114440918,6.380000114440918,6.380000114440918,6.380000114440918,1041,0.0,0.0
2024-11-05 15:18:00-05:00,6.386099815368652,6.389999866485596,6.386099815368652,6.389999866485596,1718,0.0,0.0
2024-11-05 15:19:00-05:00,6.389999866485596,6.389999866485596,6.389999866485596,6.389999866485596,607,0.0,0.0
2024-11-05 15:20:00-05:00,6.400000095367432,6.409999847412109,6.400000095367432,6.409999847412109,1932,0.0,0.0
2024-11-05 15:21:00-05:00,6.40500020980835,6.409999847412109,6.40500020980835,6.409999847412109,2180,0.0,0.0
2024-11-05 15:22:00-05:00,6.409999847412109,6.409999847412109,6.40500020980835,6.40500020980835,911,0.0,0.0
2024-11-05 15:23:00-05:00,6.409999847412109,6.409999847412109,6.400000095367432,6.40500020980835,3169,0.0,0.0
2024-11-05 15:24:00-05:00,6.40500020980835,6.40500020980835,6.400000095367432,6.40500020980835,540,0.0,0.0
2024-11-05 15:25:00-05:00,6.40500020980835,6.40500020980835,6.40500020980835,6.40500020980835,1318,0.0,0.0
2024-11-05 15:26:00-05:00,6.400000095367432,6.400000095367432,6.400000095367432,6.400000095367432,2018,0.0,0.0
2024-11-05 15:27:00-05:00,6.400000095367432,6.400000095367432,6.389999866485596,6.400000095367432,3005,0.0,0.0
2024-11-05 15:28:00-05:00,6.400000095367432,6.400000095367432,6.389999866485596,6.394999980926514,2083,0.0,0.0
2024-11-05 15:29:00-05:00,6.400000095367432,6.400000095367432,6.400000095367432,6.400000095367432,476,0.0,0.0
2024-11-05 15:30:00-05:00,6.400000095367432,6.400000095367432,6.389999866485596,6.400000095367432,1822,0.0,0.0
2024-11-05 15:31:00-05:00,6.394999980926514,6.394999980926514,6.394999980926514,6.394999980926514,3667,0.0,0.0
2024-11-05 15:32:00-05:00,6.400000095367432,6.400000095367432,6.369999885559082,6.380000114440918,6027,0.0,0.0
2024-11-05 15:33:00-05:00,6.380000114440918,6.385000228881836,6.380000114440918,6.385000228881836,857,0.0,0.0
2024-11-05 15:34:00-05:00,6.380000114440918,6.394999980926514,6.380000114440918,6.385000228881836,2429,0.0,0.0
2024-11-05 15:35:00-05:00,6.389999866485596,6.389999866485596,6.380000114440918,6.389999866485596,1319,0.0,0.0
2024-11-05 15:36:00-05:00,6.394999980926514,6.394999980926514,6.389999866485596,6.389999866485596,1264,0.0,0.0
2024-11-05 15:37:00-05:00,6.400000095367432,6.414999961853027,6.400000095367432,6.400000095367432,6275,0.0,0.0
2024-11-05 15:38:00-05:00,6.40500020980835,6.40500020980835,6.40500020980835,6.40500020980835,313,0.0,0.0
2024-11-05 15:39:00-05:00,6.40500020980835,6.409999847412109,6.40500020980835,6.409999847412109,1216,0.0,0.0
2024-11-05 15:40:00-05:00,6.40500020980835,6.40500020980835,6.40500020980835,6.40500020980835,1173,0.0,0.0
2024-11-05 15:41:00-05:00,6.40500020980835,6.40500020980835,6.4008002281188965,6.40500020980835,3988,0.0,0.0
2024-11-05 15:42:00-05:00,6.40500020980835,6.405799865722656,6.400000095367432,6.405799865722656,5205,0.0,0.0
2024-11-05 15:43:00-05:00,6.40500020980835,6.409999847412109,6.40500020980835,6.409999847412109,3309,0.0,0.0
2024-11-05 15:44:00-05:00,6.40500020980835,6.409999847412109,6.40500020980835,6.40500020980835,952,0.0,0.0
2024-11-05 15:45:00-05:00,6.409999847412109,6.409999847412109,6.40500020980835,6.409999847412109,1605,0.0,0.0
2024-11-05 15:46:00-05:00,6.40500020980835,6.409999847412109,6.40500020980835,6.409999847412109,1363,0.0,0.0
2024-11-05 15:47:00-05:00,6.409999847412109,6.409999847412109,6.400000095367432,6.40500020980835,4265,0.0,0.0
2024-11-05 15:48:00-05:00,6.40500020980835,6.409999847412109,6.40500020980835,6.409999847412109,2687,0.0,0.0
2024-11-05 15:49:00-05:00,6.40500020980835,6.409999847412109,6.40500020980835,6.40500020980835,1583,0.0,0.0
2024-11-05 15:50:00-05:00,6.400000095367432,6.409999847412109,6.400000095367432,6.40500020980835,8654,0.0,0.0
2024-11-05 15:51:00-05:00,6.40500020980835,6.414999961853027,6.40500020980835,6.414999961853027,7434,0.0,0.0
2024-11-05 15:52:00-05:00,6.414999961853027,6.420000076293945,6.414999961853027,6.414999961853027,2564,0.0,0.0
2024-11-05 15:53:00-05:00,6.414999961853027,6.420000076293945,6.414999961853027,6.420000076293945,2629,0.0,0.0
2024-11-05 15:54:00-05:00,6.414999961853027,6.420000076293945,6.41379976272583,6.420000076293945,5924,0.0,0.0
2024-11-05 15:55:00-05:00,6.414999961853027,6.429999828338623,6.414999961853027,6.425000190734863,9741,0.0,0.0
2024-11-05 15:56:00-05:00,6.429999828338623,6.429999828338623,6.420000076293945,6.425000190734863,9278,0.0,0.0
2024-11-05 15:57:00-05:00,6.425000190734863,6.429999828338623,6.40500020980835,6.425000190734863,31738,0.0,0.0
2024-11-05 15:58:00-05:00,6.420000076293945,6.434999942779541,6.420000076293945,6.425000190734863,27306,0.0,0.0
2024-11-05 15:59:00-05:00,6.425000190734863,6.445000171661377,6.425000190734863,6.440000057220459,22925,0.0,0.0
2024-11-06 09:30:00-05:00,6.659999847412109,6.75,6.65500020980835,6.739999771118164,41755,0.0,0.0
2024-11-06 09:32:00-05:00,6.679999828338623,6.699999809265137,6.679999828338623,6.699999809265137,268,0.0,0.0
2024-11-06 09:33:00-05:00,6.710000038146973,6.710000038146973,6.652400016784668,6.652400016784668,1313,0.0,0.0
2024-11-06 09:34:00-05:00,6.677299976348877,6.677299976348877,6.677299976348877,6.677299976348877,319,0.0,0.0
2024-11-06 09:35:00-05:00,6.659999847412109,6.659999847412109,6.652400016784668,6.652400016784668,735,0.0,0.0
2024-11-06 09:36:00-05:00,6.650000095367432,6.690000057220459,6.630000114440918,6.690000057220459,2098,0.0,0.0
2024-11-06 09:37:00-05:00,6.696199893951416,6.696199893951416,6.659999847412109,6.659999847412109,741,0.0,0.0
2024-11-06 09:38:00-05:00,6.650000095367432,6.660299777984619,6.650000095367432,6.660299777984619,547,0.0,0.0
2024-11-06 09:39:00-05:00,6.679999828338623,6.679999828338623,6.679999828338623,6.679999828338623,224,0.0,0.0
2024-11-06 09:40:00-05:00,6.690000057220459,6.690000057220459,6.650000095367432,6.650000095367432,1969,0.0,0.0
2024-11-06 09:41:00-05:00,6.639999866485596,6.640100002288818,6.610000133514404,6.610000133514404,1527,0.0,0.0
2024-11-06 09:42:00-05:00,6.610000133514404,6.619999885559082,6.579999923706055,6.579999923706055,2983,0.0,0.0
2024-11-06 09:43:00-05:00,6.590000152587891,6.599999904632568,6.579999923706055,6.579999923706055,1702,0.0,0.0
2024-11-06 09:44:00-05:00,6.590000152587891,6.590000152587891,6.579999923706055,6.579999923706055,508,0.0,0.0
2024-11-06 09:45:00-05:00,6.599999904632568,6.619999885559082,6.599999904632568,6.614999771118164,1130,0.0,0.0
2024-11-06 09:46:00-05:00,6.630000114440918,6.630000114440918,6.630000114440918,6.630000114440918,367,0.0,0.0
2024-11-06 09:47:00-05:00,6.639999866485596,6.639999866485596,6.619999885559082,6.619999885559082,775,0.0,0.0
2024-11-06 09:48:00-05:00,6.624000072479248,6.630000114440918,6.619999885559082,6.619999885559082,2843,0.0,0.0
2024-11-06 09:49:00-05:00,6.639999866485596,6.639999866485596,6.639999866485596,6.639999866485596,479,0.0,0.0
2024-11-06 09:50:00-05:00,6.619999885559082,6.619999885559082,6.599999904632568,6.599999904632568,3908,0.0,0.0
2024-11-06 09:51:00-05:00,6.590000152587891,6.590000152587891,6.590000152587891,6.590000152587891,558,0.0,0.0
2024-11-06 09:52:00-05:00,6.539999961853027,6.539999961853027,6.539999961853027,6.539999961853027,452,0.0,0.0
2024-11-06 09:53:00-05:00,6.53000020980835,6.550000190734863,6.519999980926514,6.550000190734863,2369,0.0,0.0
2024-11-06 09:54:00-05:00,6.550000190734863,6.550000190734863,6.550000190734863,6.550000190734863,582,0.0,0.0
2024-11-06 09:55:00-05:00,6.550000190734863,6.550000190734863,6.53000020980835,6.53000020980835,8074,0.0,0.0
2024-11-06 09:56:00-05:00,6.53000020980835,6.545000076293945,6.53000020980835,6.53000020980835,7805,0.0,0.0
2024-11-06 09:57:00-05:00,6.53000020980835,6.539999961853027,6.53000020980835,6.53000020980835,5859,0.0,0.0
2024-11-06 09:58:00-05:00,6.53000020980835,6.550000190734863,6.519999980926514,6.550000190734863,15042,0.0,0.0
2024-11-06 09:59:00-05:00,6.565000057220459,6.570000171661377,6.559999942779541,6.570000171661377,6489,0.0,0.0
2024-11-06 10:00:00-05:00,6.579999923706055,6.590000152587891,6.570000171661377,6.570000171661377,1590,0.0,0.0
2024-11-06 10:01:00-05:00,6.579999923706055,6.610000133514404,6.579999923706055,6.610000133514404,7098,0.0,0.0
2024-11-06 10:02:00-05:00,6.599999904632568,6.599999904632568,6.590000152587891,6.599999904632568,3398,0.0,0.0
2024-11-06 10:03:00-05:00,6.599599838256836,6.599999904632568,6.590000152587891,6.590000152587891,935,0.0,0.0
2024-11-06 10:05:00-05:00,6.610000133514404,6.610000133514404,6.599999904632568,6.599999904632568,1663,0.0,0.0
2024-11-06 10:06:00-05:00,6.599999904632568,6.610000133514404,6.599999904632568,6.610000133514404,1587,0.0,0.0
2024-11-06 10:07:00-05:00,6.605000019073486,6.610000133514404,6.590000152587891,6.605000019073486,8145,0.0,0.0
2024-11-06 10:08:00-05:00,6.610000133514404,6.610000133514404,6.610000133514404,6.610000133514404,479,0.0,0.0
2024-11-06 10:09:00-05:00,6.611700057983398,6.611700057983398,6.590000152587891,6.590000152587891,3697,0.0,0.0
2024-11-06 10:10:00-05:00,6.579999923706055,6.591100215911865,6.579999923706055,6.591100215911865,9612,0.0,0.0
2024-11-06 10:11:00-05:00,6.599999904632568,6.599999904632568,6.570000171661377,6.570000171661377,4837,0.0,0.0
2024-11-06 10:12:00-05:00,6.590000152587891,6.592400074005127,6.570000171661377,6.570000171661377,6964,0.0,0.0
2024-11-06 10:13:00-05:00,6.559999942779541,6.560100078582764,6.539999961853027,6.550000190734863,7882,0.0,0.0
2024-11-06 10:14:00-05:00,6.550000190734863,6.570000171661377,6.539999961853027,6.559999942779541,1753,0.0,0.0
2024-11-06 10:15:00-05:00,6.559999942779541,6.559999942779541,6.559999942779541,6.559999942779541,685,0.0,0.0
2024-11-06 10:16:00-05:00,6.570000171661377,6.570000171661377,6.550000190734863,6.550000190734863,832,0.0,0.0
2024-11-06 10:17:00-05:00,6.564199924468994,6.564199924468994,6.510000228881836,6.510000228881836,2892,0.0,0.0
2024-11-06 10:18:00-05:00,6.510000228881836,6.510000228881836,6.480000019073486,6.480000019073486,1052,0.0,0.0
2024-11-06 10:19:00-05:00,6.489999771118164,6.489999771118164,6.460000038146973,6.460000038146973,8803,0.0,0.0
2024-11-06 10:20:00-05:00,6.460000038146973,6.460000038146973,6.460000038146973,6.460000038146973,585,0.0,0.0
2024-11-06 10:21:00-05:00,6.449999809265137,6.449999809265137,6.449999809265137,6.449999809265137,549,0.0,0.0
2024-11-06 10:22:00-05:00,6.449999809265137,6.480000019073486,6.449999809265137,6.480000019073486,2041,0.0,0.0
2024-11-06 10:23:00-05:00,6.494999885559082,6.494999885559082,6.494999885559082,6.494999885559082,1066,0.0,0.0
2024-11-06 10:25:00-05:00,6.489999771118164,6.519899845123291,6.489999771118164,6.5,1138,0.0,0.0
2024-11-06 10:26:00-05:00,6.489999771118164,6.489999771118164,6.46999979019165,6.46999979019165,633,0.0,0.0
2024-11-06 10:27:00-05:00,6.5,6.510000228881836,6.489999771118164,6.508600234985352,1339,0.0,0.0
2024-11-06 10:28:00-05:00,6.510000228881836,6.510000228881836,6.510000228881836,6.510000228881836,386,0.0,0.0
2024-11-06 10:29:00-05:00,6.5,6.5,6.46999979019165,6.46999979019165,1034,0.0,0.0
2024-11-06 10:30:00-05:00,6.46999979019165,6.46999979019165,6.454999923706055,6.454999923706055,814,0.0,0.0
2024-11-06 10:31:00-05:00,6.46999979019165,6.485000133514404,6.46999979019165,6.485000133514404,1511,0.0,0.0
2024-11-06 10:32:00-05:00,6.46999979019165,6.4720001220703125,6.46999979019165,6.4720001220703125,600,0.0,0.0
2024-11-06 10:34:00-05:00,6.460000038146973,6.480000019073486,6.460000038146973,6.469900131225586,2370,0.0,0.0
2024-11-06 10:35:00-05:00,6.449999809265137,6.460000038146973,6.449999809265137,6.454999923706055,962,0.0,0.0
2024-11-06 10:36:00-05:00,6.46999979019165,6.489999771118164,6.46999979019165,6.480000019073486,2023,0.0,0.0
2024-11-06 10:37:00-05:00,6.460000038146973,6.460000038146973,6.460000038146973,6.460000038146973,787,0.0,0.0
2024-11-06 10:39:00-05:00,6.440000057220459,6.440000057220459,6.420000076293945,6.420000076293945,3867,0.0,0.0
2024-11-06 10:40:00-05:00,6.420000076293945,6.420000076293945,6.420000076293945,6.420000076293945,573,0.0,0.0
2024-11-06 10:41:00-05:00,6.420000076293945,6.4217000007629395,6.420000076293945,6.4217000007629395,1451,0.0,0.0
2024-11-06 10:42:00-05:00,6.409999847412109,6.429999828338623,6.409999847412109,6.429999828338623,1519,0.0,0.0
2024-11-06 10:43:00-05:00,6.420000076293945,6.420000076293945,6.420000076293945,6.420000076293945,432,0.0,0.0
2024-11-06 10:44:00-05:00,6.429999828338623,6.429999828338623,6.429900169372559,6.429999828338623,451,0.0,0.0
2024-11-06 10:45:00-05:00,6.429999828338623,6.429999828338623,6.429999828338623,6.429999828338623,602,0.0,0.0
2024-11-06 10:46:00-05:00,6.435699939727783,6.435699939727783,6.420000076293945,6.420000076293945,389,0.0,0.0
2024-11-06 10:47:00-05:00,6.420000076293945,6.420000076293945,6.409999847412109,6.409999847412109,900,0.0,0.0
2024-11-06 10:48:00-05:00,6.400000095367432,6.400000095367432,6.380000114440918,6.389999866485596,1972,0.0,0.0
2024-11-06 10:50:00-05:00,6.380000114440918,6.380000114440918,6.380000114440918,6.380000114440918,602,0.0,0.0
2024-11-06 10:51:00-05:00,6.380000114440918,6.380000114440918,6.380000114440918,6.380000114440918,138,0.0,0.0
2024-11-06 10:52:00-05:00,6.369999885559082,6.369999885559082,6.369999885559082,6.369999885559082,390,0.0,0.0
2024-11-06 10:53:00-05:00,6.369999885559082,6.369999885559082,6.329999923706055,6.349999904632568,7626,0.0,0.0
2024-11-06 10:54:00-05:00,6.360000133514404,6.360000133514404,6.360000133514404,6.360000133514404,908,0.0,0.0
2024-11-06 10:55:00-05:00,6.369999885559082,6.369999885559082,6.360000133514404,6.360000133514404,1181,0.0,0.0
2024-11-06 10:57:00-05:00,6.349999904632568,6.349999904632568,6.349899768829346,6.349899768829346,430,0.0,0.0
2024-11-06 10:58:00-05:00,6.349999904632568,6.360000133514404,6.349999904632568,6.360000133514404,1265,0.0,0.0
2024-11-06 10:59:00-05:00,6.349999904632568,6.349999904632568,6.34499979019165,6.349999904632568,623,0.0,0.0
2024-11-06 11:00:00-05:00,6.349999904632568,6.349999904632568,6.349999904632568,6.349999904632568,661,0.0,0.0
2024-11-06 11:01:00-05:00,6.329999923706055,6.329999923706055,6.329999923706055,6.329999923706055,674,0.0,0.0
2024-11-06 11:02:00-05:00,6.329999923706055,6.340000152587891,6.324999809265137,6.335000038146973,1991,0.0,0.0
2024-11-06 11:05:00-05:00,6.320000171661377,6.320000171661377,6.320000171661377,6.320000171661377,1371,0.0,0.0
2024-11-06 11:06:00-05:00,6.320000171661377,6.320000171661377,6.309999942779541,6.309999942779541,786,0.0,0.0
2024-11-06 11:07:00-05:00,6.309999942779541,6.309999942779541,6.309999942779541,6.309999942779541,213,0.0,0.0
2024-11-06 11:08:00-05:00,6.320000171661377,6.320000171661377,6.320000171661377,6.320000171661377,149,0.0,0.0
2024-11-06 11:09:00-05:00,6.309999942779541,6.320000171661377,6.309999942779541,6.320000171661377,1353,0.0,0.0
2024-11-06 11:10:00-05:00,6.320000171661377,6.320000171661377,6.320000171661377,6.320000171661377,417,0.0,0.0
2024-11-06 11:11:00-05:00,6.340000152587891,6.340000152587891,6.340000152587891,6.340000152587891,572,0.0,0.0
2024-11-06 11:12:00-05:00,6.378300189971924,6.378300189971924,6.378300189971924,6.378300189971924,270,0.0,0.0
2024-11-06 11:13:00-05:00,6.369999885559082,6.369999885559082,6.369999885559082,6.369999885559082,659,0.0,0.0
2024-11-06 11:14:00-05:00,6.380000114440918,6.380000114440918,6.380000114440918,6.380000114440918,361,0.0,0.0
2024-11-06 11:15:00-05:00,6.369999885559082,6.369999885559082,6.369999885559082,6.369999885559082,527,0.0,0.0
2024-11-06 11:16:00-05:00,6.385000228881836,6.389999866485596,6.385000228881836,6.389999866485596,5927,0.0,0.0
2024-11-06 11:17:00-05:00,6.380000114440918,6.380000114440918,6.369999885559082,6.369999885559082,2493,0.0,0.0
2024-11-06 11:20:00-05:00,6.369999885559082,6.369999885559082,6.369999885559082,6.369999885559082,611,0.0,0.0
2024-11-06 11:21:00-05:00,6.369999885559082,6.380000114440918,6.369999885559082,6.369999885559082,598,0.0,0.0
2024-11-06 11:23:00-05:00,6.380000114440918,6.400000095367432,6.360000133514404,6.369999885559082,3479,0.0,0.0
2024-11-06 11:24:00-05:00,6.369999885559082,6.369999885559082,6.369999885559082,6.369999885559082,319,0.0,0.0
2024-11-06 11:26:00-05:00,6.375,6.375,6.360000133514404,6.369999885559082,1758,0.0,0.0
2024-11-06 11:27:00-05:00,6.369999885559082,6.369999885559082,6.369999885559082,6.369999885559082,1726,0.0,0.0
2024-11-06 11:28:00-05:00,6.360000133514404,6.360000133514404,6.349999904632568,6.349999904632568,1573,0.0,0.0
2024-11-06 11:31:00-05:00,6.34499979019165,6.34499979019165,6.34499979019165,6.34499979019165,750,0.0,0.0
2024-11-06 11:33:00-05:00,6.347300052642822,6.349999904632568,6.347300052642822,6.349899768829346,976,0.0,0.0
2024-11-06 11:34:00-05:00,6.349999904632568,6.349999904632568,6.349999904632568,6.349999904632568,311,0.0,0.0
2024-11-06 11:35:00-05:00,6.349999904632568,6.349999904632568,6.34499979019165,6.34499979019165,441,0.0,0.0
2024-11-06 11:36:00-05:00,6.34499979019165,6.34499979019165,6.340000152587891,6.340000152587891,1802,0.0,0.0
2024-11-06 11:38:00-05:00,6.329999923706055,6.340000152587891,6.329999923706055,6.335000038146973,2537,0.0,0.0
2024-11-06 11:40:00-05:00,6.332799911499023,6.336599826812744,6.332799911499023,6.336599826812744,1173,0.0,0.0
2024-11-06 11:41:00-05:00,6.340000152587891,6.34499979019165,6.329999923706055,6.34499979019165,3185,0.0,0.0
2024-11-06 11:42:00-05:00,6.349999904632568,6.349999904632568,6.349999904632568,6.349999904632568,250,0.0,0.0
2024-11-06 11:43:00-05:00,6.349999904632568,6.349999904632568,6.349999904632568,6.349999904632568,678,0.0,0.0
2024-11-06 11:45:00-05:00,6.359899997711182,6.359899997711182,6.349999904632568,6.349999904632568,714,0.0,0.0
2024-11-06 11:46:00-05:00,6.350800037384033,6.355000019073486,6.34499979019165,6.355000019073486,3121,0.0,0.0
2024-11-06 11:48:00-05:00,6.354499816894531,6.354499816894531,6.340000152587891,6.340000152587891,3566,0.0,0.0
2024-11-06 11:49:00-05:00,6.340000152587891,6.34499979019165,6.340000152587891,6.34499979019165,1100,0.0,0.0
2024-11-06 11:50:00-05:00,6.349999904632568,6.355000019073486,6.349999904632568,6.355000019073486,2942,0.0,0.0
2024-11-06 11:52:00-05:00,6.360000133514404,6.375,6.355000019073486,6.375,1310,0.0,0.0
2024-11-06 11:53:00-05:00,6.380000114440918,6.380000114440918,6.380000114440918,6.380000114440918,834,0.0,0.0
2024-11-06 11:54:00-05:00,6.389999866485596,6.389999866485596,6.389999866485596,6.389999866485596,467,0.0,0.0
2024-11-06 11:55:00-05:00,6.389999866485596,6.389999866485596,6.380000114440918,6.380000114440918,864,0.0,0.0
2024-11-06 11:56:00-05:00,6.380000114440918,6.389999866485596,6.369999885559082,6.389999866485596,3603,0.0,0.0
2024-11-06 11:57:00-05:00,6.400000095367432,6.400000095367432,6.400000095367432,6.400000095367432,624,0.0,0.0
2024-11-06 11:59:00-05:00,6.409999847412109,6.409999847412109,6.409999847412109,6.409999847412109,936,0.0,0.0
2024-11-06 12:03:00-05:00,6.389999866485596,6.389999866485596,6.389999866485596,6.389999866485596,629,0.0,0.0
2024-11-06 12:04:00-05:00,6.389999866485596,6.389999866485596,6.389999866485596,6.389999866485596,708,0.0,0.0
2024-11-06 12:05:00-05:00,6.380000114440918,6.400000095367432,6.380000114440918,6.400000095367432,1123,0.0,0.0
2024-11-06 12:06:00-05:00,6.400000095367432,6.400000095367432,6.400000095367432,6.400000095367432,307,0.0,0.0
2024-11-06 12:08:00-05:00,6.394999980926514,6.400000095367432,6.394999980926514,6.400000095367432,550,0.0,0.0
2024-11-06 12:10:00-05:00,6.394999980926514,6.394999980926514,6.390100002288818,6.391976833343506,1344,0.0,0.0
2024-11-06 12:11:00-05:00,6.394999980926514,6.394999980926514,6.394999980926514,6.394999980926514,1037,0.0,0.0
2024-11-06 12:13:00-05:00,6.400000095367432,6.400000095367432,6.394999980926514,6.394999980926514,1256,0.0,0.0
2024-11-06 12:16:00-05:00,6.389999866485596,6.389999866485596,6.369999885559082,6.369999885559082,3744,0.0,0.0
2024-11-06 12:18:00-05:00,6.360000133514404,6.360000133514404,6.349999904632568,6.355000019073486,956,0.0,0.0
2024-11-06 12:19:00-05:00,6.355000019073486,6.355000019073486,6.355000019073486,6.355000019073486,650,0.0,0.0
2024-11-06 12:22:00-05:00,6.349999904632568,6.349999904632568,6.349999904632568,6.349999904632568,294,0.0,0.0
2024-11-06 12:23:00-05:00,6.355000019073486,6.355000019073486,6.355000019073486,6.355000019073486,424,0.0,0.0
2024-11-06 12:24:00-05:00,6.360000133514404,6.380000114440918,6.360000133514404,6.380000114440918,2813,0.0,0.0
2024-11-06 12:25:00-05:00,6.380000114440918,6.389999866485596,6.380000114440918,6.389999866485596,661,0.0,0.0
2024-11-06 12:26:00-05:00,6.389999866485596,6.389999866485596,6.360000133514404,6.360000133514404,3100,0.0,0.0
2024-11-06 12:28:00-05:00,6.349999904632568,6.360000133514404,6.349999904632568,6.360000133514404,1701,0.0,0.0
2024-11-06 12:30:00-05:00,6.360000133514404,6.360000133514404,6.360000133514404,6.360000133514404,536,0.0,0.0
2024-11-06 12:31:00-05:00,6.369999885559082,6.369999885559082,6.360000133514404,6.360000133514404,2022,0.0,0.0
2024-11-06 12:32:00-05:00,6.360000133514404,6.360000133514404,6.360000133514404,6.360000133514404,122,0.0,0.0
2024-11-06 12:33:00-05:00,6.360000133514404,6.369999885559082,6.360000133514404,6.369999885559082,1128,0.0,0.0
2024-11-06 12:35:00-05:00,6.360000133514404,6.360000133514404,6.360000133514404,6.360000133514404,711,0.0,0.0
2024-11-06 12:37:00-05:00,6.360000133514404,6.360000133514404,6.340000152587891,6.340000152587891,2340,0.0,0.0
2024-11-06 12:39:00-05:00,6.340000152587891,6.34499979019165,6.340000152587891,6.34499979019165,1453,0.0,0.0
2024-11-06 12:40:00-05:00,6.349999904632568,6.349999904632568,6.34499979019165,6.34499979019165,1625,0.0,0.0
2024-11-06 12:41:00-05:00,6.340000152587891,6.340000152587891,6.340000152587891,6.340000152587891,1304,0.0,0.0
2024-11-06 12:43:00-05:00,6.340000152587891,6.359899997711182,6.340000152587891,6.349999904632568,1132,0.0,0.0
2024-11-06 12:44:00-05:00,6.340000152587891,6.354400157928467,6.340000152587891,6.354400157928467,1109,0.0,0.0
2024-11-06 12:45:00-05:00,6.349999904632568,6.349999904632568,6.340000152587891,6.340000152587891,866,0.0,0.0
2024-11-06 12:47:00-05:00,6.3491997718811035,6.3491997718811035,6.3491997718811035,6.3491997718811035,848,0.0,0.0
2024-11-06 12:49:00-05:00,6.340000152587891,6.349999904632568,6.340000152587891,6.349999904632568,2042,0.0,0.0
2024-11-06 12:52:00-05:00,6.355000019073486,6.380000114440918,6.355000019073486,6.380000114440918,1292,0.0,0.0
2024-11-06 12:53:00-05:00,6.380000114440918,6.380000114440918,6.360000133514404,6.360000133514404,1520,0.0,0.0
2024-11-06 12:54:00-05:00,6.349999904632568,6.360000133514404,6.349999904632568,6.360000133514404,815,0.0,0.0
2024-11-06 12:56:00-05:00,6.369999885559082,6.369999885559082,6.369999885559082,6.369999885559082,613,0.0,0.0
2024-11-06 12:58:00-05:00,6.375,6.375,6.375,6.375,645,0.0,0.0
2024-11-06 12:59:00-05:00,6.380000114440918,6.380000114440918,6.380000114440918,6.380000114440918,1133,0.0,0.0
2024-11-06 13:00:00-05:00,6.380000114440918,6.389999866485596,6.380000114440918,6.389999866485596,1528,0.0,0.0
2024-11-06 13:01:00-05:00,6.380000114440918,6.380000114440918,6.380000114440918,6.380000114440918,777,0.0,0.0
2024-11-06 13:02:00-05:00,6.389999866485596,6.389999866485596,6.389999866485596,6.389999866485596,249,0.0,0.0
2024-11-06 13:03:00-05:00,6.40500020980835,6.414999961853027,6.40500020980835,6.414999961853027,795,0.0,0.0
2024-11-06 13:04:00-05:00,6.409999847412109,6.409999847412109,6.400000095367432,6.409999847412109,1278,0.0,0.0
2024-11-06 13:05:00-05:00,6.409999847412109,6.409999847412109,6.409999847412109,6.409999847412109,213,0.0,0.0
2024-11-06 13:06:00-05:00,6.409999847412109,6.409999847412109,6.409999847412109,6.409999847412109,222,0.0,0.0
2024-11-06 13:07:00-05:00,6.420000076293945,6.420000076293945,6.409999847412109,6.409999847412109,847,0.0,0.0
2024-11-06 13:08:00-05:00,6.425000190734863,6.425000190734863,6.394999980926514,6.394999980926514,2540,0.0,0.0
2024-11-06 13:09:00-05:00,6.394999980926514,6.394999980926514,6.394999980926514,6.394999980926514,264,0.0,0.0
2024-11-06 13:11:00-05:00,6.394999980926514,6.400000095367432,6.389999866485596,6.389999866485596,3580,0.0,0.0
2024-11-06 13:12:00-05:00,6.385000228881836,6.385000228881836,6.385000228881836,6.385000228881836,401,0.0,0.0
2024-11-06 13:14:00-05:00,6.385000228881836,6.385000228881836,6.385000228881836,6.385000228881836,2461,0.0,0.0
2024-11-06 13:16:00-05:00,6.389999866485596,6.409999847412109,6.389999866485596,6.409999847412109,933,0.0,0.0
2024-11-06 13:17:00-05:00,6.409999847412109,6.409999847412109,6.409999847412109,6.409999847412109,102,0.0,0.0
2024-11-06 13:18:00-05:00,6.409999847412109,6.420000076293945,6.409999847412109,6.420000076293945,1493,0.0,0.0
2024-11-06 13:20:00-05:00,6.414999961853027,6.440000057220459,6.400000095367432,6.440000057220459,5479,0.0,0.0
2024-11-06 13:22:00-05:00,6.449999809265137,6.449999809265137,6.449999809265137,6.449999809265137,335,0.0,0.0
2024-11-06 13:23:00-05:00,6.440000057220459,6.440000057220459,6.440000057220459,6.440000057220459,1064,0.0,0.0
2024-11-06 13:27:00-05:00,6.449999809265137,6.449999809265137,6.449999809265137,6.449999809265137,1159,0.0,0.0
2024-11-06 13:28:00-05:00,6.454999923706055,6.454999923706055,6.449999809265137,6.454999923706055,1872,0.0,0.0
2024-11-06 13:29:00-05:00,6.454999923706055,6.454999923706055,6.434999942779541,6.454999923706055,5262,0.0,0.0
2024-11-06 13:33:00-05:00,6.454999923706055,6.454999923706055,6.454999923706055,6.454999923706055,331,0.0,0.0
2024-11-06 13:34:00-05:00,6.460000038146973,6.465000152587891,6.460000038146973,6.465000152587891,1592,0.0,0.0
2024-11-06 13:35:00-05:00,6.465000152587891,6.465000152587891,6.454999923706055,6.460000038146973,1604,0.0,0.0
2024-11-06 13:36:00-05:00,6.465000152587891,6.480000019073486,6.465000152587891,6.480000019073486,1104,0.0,0.0
2024-11-06 13:37:00-05:00,6.46999979019165,6.46999979019165,6.46999979019165,6.46999979019165,1368,0.0,0.0
2024-11-06 13:39:00-05:00,6.46999979019165,6.46999979019165,6.46999979019165,6.46999979019165,277,0.0,0.0
2024-11-06 13:40:00-05:00,6.465000152587891,6.465000152587891,6.465000152587891,6.465000152587891,1043,0.0,0.0
2024-11-06 13:42:00-05:00,6.46999979019165,6.485000133514404,6.46999979019165,6.46999979019165,1730,0.0,0.0
2024-11-06 13:43:00-05:00,6.46999979019165,6.474999904632568,6.46999979019165,6.46999979019165,2343,0.0,0.0
2024-11-06 13:45:00-05:00,6.465000152587891,6.46999979019165,6.465000152587891,6.46999979019165,931,0.0,0.0
2024-11-06 13:47:00-05:00,6.474999904632568,6.480000019073486,6.465000152587891,6.474999904632568,6256,0.0,0.0
2024-11-06 13:48:00-05:00,6.46999979019165,6.46999979019165,6.46999979019165,6.46999979019165,266,0.0,0.0
2024-11-06 13:49:00-05:00,6.46999979019165,6.46999979019165,6.46999979019165,6.46999979019165,1078,0.0,0.0
2024-11-06 13:50:00-05:00,6.465000152587891,6.465000152587891,6.465000152587891,6.465000152587891,365,0.0,0.0
2024-11-06 13:51:00-05:00,6.465000152587891,6.474999904632568,6.460000038146973,6.460000038146973,4666,0.0,0.0
2024-11-06 13:53:00-05:00,6.460000038146973,6.460000038146973,6.460000038146973,6.460000038146973,1093,0.0,0.0
2024-11-06 13:54:00-05:00,6.46999979019165,6.46999979019165,6.46999979019165,6.46999979019165,285,0.0,0.0
2024-11-06 13:55:00-05:00,6.480000019073486,6.485000133514404,6.480000019073486,6.485000133514404,567,0.0,0.0
2024-11-06 13:56:00-05:00,6.485799789428711,6.485799789428711,6.480800151824951,6.485000133514404,1315,0.0,0.0
2024-11-06 13:57:00-05:00,6.485000133514404,6.485000133514404,6.480000019073486,6.485000133514404,848,0.0,0.0
2024-11-06 13:59:00-05:00,6.480000019073486,6.485000133514404,6.480000019073486,6.485000133514404,1179,0.0,0.0
2024-11-06 14:00:00-05:00,6.485000133514404,6.485000133514404,6.485000133514404,6.485000133514404,312,0.0,0.0
2024-11-06 14:01:00-05:00,6.480000019073486,6.480000019073486,6.46999979019165,6.474999904632568,2515,0.0,0.0
2024-11-06 14:03:00-05:00,6.474999904632568,6.474999904632568,6.474999904632568,6.474999904632568,476,0.0,0.0
2024-11-06 14:04:00-05:00,6.474999904632568,6.474999904632568,6.474999904632568,6.474999904632568,235,0.0,0.0
2024-11-06 14:06:00-05:00,6.46999979019165,6.46999979019165,6.449999809265137,6.465000152587891,3453,0.0,0.0
2024-11-06 14:07:00-05:00,6.465000152587891,6.489999771118164,6.465000152587891,6.485000133514404,3344,0.0,0.0
2024-11-06 14:08:00-05:00,6.485000133514404,6.485000133514404,6.480000019073486,6.480000019073486,549,0.0,0.0
2024-11-06 14:09:00-05:00,6.485000133514404,6.485000133514404,6.480000019073486,6.480000019073486,846,0.0,0.0
2024-11-06 14:10:00-05:00,6.474999904632568,6.474999904632568,6.46999979019165,6.46999979019165,599,0.0,0.0
2024-11-06 14:12:00-05:00,6.474999904632568,6.474999904632568,6.46750020980835,6.46750020980835,657,0.0,0.0
2024-11-06 14:13:00-05:00,6.460000038146973,6.465000152587891,6.460000038146973,6.465000152587891,955,0.0,0.0
2024-11-06 14:14:00-05:00,6.465000152587891,6.465000152587891,6.465000152587891,6.465000152587891,581,0.0,0.0
2024-11-06 14:15:00-05:00,6.465000152587891,6.465000152587891,6.4608001708984375,6.4608001708984375,726,0.0,0.0
2024-11-06 14:16:00-05:00,6.466000080108643,6.466000080108643,6.466000080108643,6.466000080108643,230,0.0,0.0
2024-11-06 14:17:00-05:00,6.465000152587891,6.465000152587891,6.465000152587891,6.465000152587891,994,0.0,0.0
2024-11-06 14:19:00-05:00,6.465000152587891,6.465000152587891,6.465000152587891,6.465000152587891,756,0.0,0.0
2024-11-06 14:20:00-05:00,6.465000152587891,6.46999979019165,6.460000038146973,6.460000038146973,2879,0.0,0.0
2024-11-06 14:21:00-05:00,6.460000038146973,6.460000038146973,6.460000038146973,6.460000038146973,1524,0.0,0.0
2024-11-06 14:23:00-05:00,6.46999979019165,6.510000228881836,6.46999979019165,6.510000228881836,3892,0.0,0.0
2024-11-06 14:24:00-05:00,6.5,6.510000228881836,6.5,6.5,2172,0.0,0.0
2024-11-06 14:26:00-05:00,6.510000228881836,6.510000228881836,6.510000228881836,6.510000228881836,725,0.0,0.0
2024-11-06 14:27:00-05:00,6.510000228881836,6.519999980926514,6.510000228881836,6.519999980926514,1553,0.0,0.0
2024-11-06 14:28:00-05:00,6.53000020980835,6.539999961853027,6.514999866485596,6.514999866485596,3093,0.0,0.0
2024-11-06 14:29:00-05:00,6.510000228881836,6.525000095367432,6.510000228881836,6.510000228881836,3525,0.0,0.0
2024-11-06 14:30:00-05:00,6.5,6.5,6.494999885559082,6.494999885559082,2235,0.0,0.0
2024-11-06 14:33:00-05:00,6.505000114440918,6.510000228881836,6.505000114440918,6.510000228881836,1403,0.0,0.0
2024-11-06 14:35:00-05:00,6.510000228881836,6.510000228881836,6.510000228881836,6.510000228881836,1133,0.0,0.0
2024-11-06 14:36:00-05:00,6.505000114440918,6.505000114440918,6.494999885559082,6.494999885559082,2049,0.0,0.0
2024-11-06 14:37:00-05:00,6.5,6.5,6.5,6.5,671,0.0,0.0
2024-11-06 14:38:00-05:00,6.505000114440918,6.505000114440918,6.495999813079834,6.495999813079834,3063,0.0,0.0
2024-11-06 14:39:00-05:00,6.494999885559082,6.494999885559082,6.494999885559082,6.494999885559082,302,0.0,0.0
2024-11-06 14:40:00-05:00,6.5,6.5,6.494999885559082,6.494999885559082,986,0.0,0.0
2024-11-06 14:41:00-05:00,6.494999885559082,6.5,6.489999771118164,6.489999771118164,5545,0.0,0.0
2024-11-06 14:42:00-05:00,6.489999771118164,6.489999771118164,6.489999771118164,6.489999771118164,618,0.0,0.0
2024-11-06 14:44:00-05:00,6.480000019073486,6.489999771118164,6.480000019073486,6.489999771118164,1243,0.0,0.0
2024-11-06 14:46:00-05:00,6.489999771118164,6.494999885559082,6.489999771118164,6.494999885559082,1671,0.0,0.0
2024-11-06 14:47:00-05:00,6.5,6.505000114440918,6.5,6.505000114440918,1330,0.0,0.0
2024-11-06 14:49:00-05:00,6.505000114440918,6.510000228881836,6.485000133514404,6.485000133514404,3798,0.0,0.0
2024-11-06 14:50:00-05:00,6.489999771118164,6.489999771118164,6.489999771118164,6.489999771118164,1769,0.0,0.0
2024-11-06 14:51:00-05:00,6.489999771118164,6.489999771118164,6.480000019073486,6.485000133514404,2123,0.0,0.0
2024-11-06 14:52:00-05:00,6.485000133514404,6.485000133514404,6.485000133514404,6.485000133514404,442,0.0,0.0
2024-11-06 14:54:00-05:00,6.485000133514404,6.485000133514404,6.460000038146973,6.460000038146973,2639,0.0,0.0
2024-11-06 14:55:00-05:00,6.46999979019165,6.46999979019165,6.465000152587891,6.465000152587891,1381,0.0,0.0
2024-11-06 14:56:00-05:00,6.465000152587891,6.465000152587891,6.465000152587891,6.465000152587891,156,0.0,0.0
2024-11-06 14:57:00-05:00,6.465000152587891,6.465000152587891,6.465000152587891,6.465000152587891,116,0.0,0.0
2024-11-06 14:58:00-05:00,6.465000152587891,6.465000152587891,6.449999809265137,6.454999923706055,1130,0.0,0.0
2024-11-06 14:59:00-05:00,6.460000038146973,6.460000038146973,6.460000038146973,6.460000038146973,720,0.0,0.0
2024-11-06 15:00:00-05:00,6.460000038146973,6.480000019073486,6.460000038146973,6.474999904632568,4955,0.0,0.0
2024-11-06 15:01:00-05:00,6.46999979019165,6.46999979019165,6.46999979019165,6.46999979019165,745,0.0,0.0
2024-11-06 15:02:00-05:00,6.474999904632568,6.474999904632568,6.474999904632568,6.474999904632568,464,0.0,0.0
2024-11-06 15:03:00-05:00,6.474999904632568,6.474999904632568,6.474999904632568,6.474999904632568,362,0.0,0.0
2024-11-06 15:04:00-05:00,6.474999904632568,6.474999904632568,6.474999904632568,6.474999904632568,636,0.0,0.0
2024-11-06 15:05:00-05:00,6.474999904632568,6.474999904632568,6.474999904632568,6.474999904632568,974,0.0,0.0
2024-11-06 15:07:00-05:00,6.474999904632568,6.474999904632568,6.474999904632568,6.474999904632568,193,0.0,0.0
2024-11-06 15:08:00-05:00,6.474999904632568,6.474999904632568,6.449999809265137,6.468999862670898,6551,0.0,0.0
2024-11-06 15:11:00-05:00,6.460000038146973,6.465000152587891,6.459099769592285,6.459099769592285,2270,0.0,0.0
2024-11-06 15:12:00-05:00,6.454999923706055,6.456200122833252,6.450900077819824,6.454999923706055,1021,0.0,0.0
2024-11-06 15:13:00-05:00,6.454999923706055,6.460000038146973,6.454999923706055,6.460000038146973,2368,0.0,0.0
2024-11-06 15:14:00-05:00,6.465000152587891,6.474999904632568,6.465000152587891,6.474999904632568,1617,0.0,0.0
2024-11-06 15:15:00-05:00,6.474999904632568,6.474999904632568,6.474999904632568,6.474999904632568,1252,0.0,0.0
2024-11-06 15:16:00-05:00,6.474999904632568,6.4899001121521,6.474999904632568,6.485000133514404,1391,0.0,0.0
2024-11-06 15:17:00-05:00,6.485000133514404,6.485000133514404,6.484899997711182,6.485000133514404,1158,0.0,0.0
2024-11-06 15:18:00-05:00,6.485000133514404,6.485000133514404,6.485000133514404,6.485000133514404,452,0.0,0.0
2024-11-06 15:19:00-05:00,6.485000133514404,6.485000133514404,6.485000133514404,6.485000133514404,578,0.0,0.0
2024-11-06 15:20:00-05:00,6.489999771118164,6.489999771118164,6.485000133514404,6.485000133514404,814,0.0,0.0
2024-11-06 15:21:00-05:00,6.485000133514404,6.489999771118164,6.480000019073486,6.489999771118164,3587,0.0,0.0
2024-11-06 15:22:00-05:00,6.510000228881836,6.510000228881836,6.489999771118164,6.494999885559082,3743,0.0,0.0
2024-11-06 15:23:00-05:00,6.489999771118164,6.489999771118164,6.489999771118164,6.489999771118164,957,0.0,0.0
2024-11-06 15:24:00-05:00,6.485000133514404,6.485000133514404,6.485000133514404,6.485000133514404,967,0.0,0.0
2024-11-06 15:25:00-05:00,6.489999771118164,6.5,6.489999771118164,6.489999771118164,3038,0.0,0.0
2024-11-06 15:26:00-05:00,6.494999885559082,6.494999885559082,6.494999885559082,6.494999885559082,1793,0.0,0.0
2024-11-06 15:27:00-05:00,6.489999771118164,6.494999885559082,6.480000019073486,6.480000019073486,1625,0.0,0.0
2024-11-06 15:28:00-05:00,6.485000133514404,6.485000133514404,6.485000133514404,6.485000133514404,572,0.0,0.0
2024-11-06 15:29:00-05:00,6.485000133514404,6.485000133514404,6.485000133514404,6.485000133514404,1429,0.0,0.0
2024-11-06 15:30:00-05:00,6.480000019073486,6.480000019073486,6.480000019073486,6.480000019073486,1800,0.0,0.0
2024-11-06 15:31:00-05:00,6.46999979019165,6.46999979019165,6.46999979019165,6.46999979019165,1149,0.0,0.0
2024-11-06 15:32:00-05:00,6.474999904632568,6.474999904632568,6.454999923706055,6.454999923706055,4910,0.0,0.0
2024-11-06 15:33:00-05:00,6.454999923706055,6.454999923706055,6.449999809265137,6.449999809265137,1343,0.0,0.0
2024-11-06 15:34:00-05:00,6.445000171661377,6.460599899291992,6.445000171661377,6.460599899291992,6141,0.0,0.0
2024-11-06 15:35:00-05:00,6.465000152587891,6.465000152587891,6.454999923706055,6.454999923706055,1933,0.0,0.0
2024-11-06 15:36:00-05:00,6.454999923706055,6.454999923706055,6.454999923706055,6.454999923706055,626,0.0,0.0
2024-11-06 15:37:00-05:00,6.454999923706055,6.454999923706055,6.445000171661377,6.445000171661377,3021,0.0,0.0
2024-11-06 15:38:00-05:00,6.445000171661377,6.445000171661377,6.434999942779541,6.434999942779541,2358,0.0,0.0
2024-11-06 15:39:00-05:00,6.434999942779541,6.440000057220459,6.434999942779541,6.439899921417236,799,0.0,0.0
2024-11-06 15:40:00-05:00,6.434999942779541,6.434999942779541,6.434999942779541,6.434999942779541,1067,0.0,0.0
2024-11-06 15:41:00-05:00,6.440000057220459,6.445000171661377,6.434999942779541,6.434999942779541,3198,0.0,0.0
2024-11-06 15:42:00-05:00,6.434999942779541,6.439899921417236,6.434999942779541,6.439899921417236,1969,0.0,0.0
2024-11-06 15:43:00-05:00,6.440000057220459,6.454999923706055,6.440000057220459,6.445000171661377,5555,0.0,0.0
2024-11-06 15:44:00-05:00,6.445000171661377,6.445000171661377,6.445000171661377,6.445000171661377,761,0.0,0.0
2024-11-06 15:45:00-05:00,6.440000057220459,6.454999923706055,6.440000057220459,6.454999923706055,3887,0.0,0.0
2024-11-06 15:46:00-05:00,6.454999923706055,6.454999923706055,6.440000057220459,6.440000057220459,2314,0.0,0.0
2024-11-06 15:47:00-05:00,6.449999809265137,6.474999904632568,6.449999809265137,6.465000152587891,8428,0.0,0.0
2024-11-06 15:48:00-05:00,6.465000152587891,6.46999979019165,6.460000038146973,6.46999979019165,2384,0.0,0.0
2024-11-06 15:49:00-05:00,6.46999979019165,6.46999979019165,6.460000038146973,6.46999979019165,2731,0.0,0.0
2024-11-06 15:50:00-05:00,6.465000152587891,6.474999904632568,6.454999923706055,6.454999923706055,8675,0.0,0.0
2024-11-06 15:51:00-05:00,6.454999923706055,6.474999904632568,6.452099800109863,6.474999904632568,5207,0.0,0.0
2024-11-06 15:52:00-05:00,6.474999904632568,6.474999904632568,6.46999979019165,6.46999979019165,5383,0.0,0.0
2024-11-06 15:53:00-05:00,6.46999979019165,6.474999904632568,6.454999923706055,6.454999923706055,9212,0.0,0.0
2024-11-06 15:54:00-05:00,6.460000038146973,6.465000152587891,6.440000057220459,6.440000057220459,10017,0.0,0.0
2024-11-06 15:55:00-05:00,6.445000171661377,6.449999809265137,6.440000057220459,6.445000171661377,10794,0.0,0.0
2024-11-06 15:56:00-05:00,6.445000171661377,6.454999923706055,6.445000171661377,6.445000171661377,16127,0.0,0.0
2024-11-06 15:57:00-05:00,6.445000171661377,6.449999809265137,6.440000057220459,6.440000057220459,12962,0.0,0.0
2024-11-06 15:58:00-05:00,6.445000171661377,6.465000152587891,6.440000057220459,6.459099769592285,28307,0.0,0.0
2024-11-06 15:59:00-05:00,6.454999923706055,6.489999771118164,6.454999923706055,6.480000019073486,45231,0.0,0.0
2024-11-07 09:30:00-05:00,6.440000057220459,6.53000020980835,6.440000057220459,6.440000057220459,15557,0.0,0.0
2024-11-07 09:31:00-05:00,6.440000057220459,6.440000057220459,6.429999828338623,6.440000057220459,585,0.0,0.0
2024-11-07 09:32:00-05:00,6.434999942779541,6.480000019073486,6.434999942779541,6.434999942779541,1042,0.0,0.0
2024-11-07 09:33:00-05:00,6.440000057220459,6.460000038146973,6.389999866485596,6.460000038146973,3608,0.0,0.0
2024-11-07 09:34:00-05:00,6.440000057220459,6.489999771118164,6.440000057220459,6.489999771118164,1277,0.0,0.0
2024-11-07 09:37:00-05:00,6.5,6.539999961853027,6.5,6.534999847412109,1612,0.0,0.0
2024-11-07 09:40:00-05:00,6.590000152587891,6.610000133514404,6.590000152587891,6.610000133514404,817,0.0,0.0
2024-11-07 09:41:00-05:00,6.610000133514404,6.610000133514404,6.559999942779541,6.559999942779541,1415,0.0,0.0
2024-11-07 09:42:00-05:00,6.544400215148926,6.552499771118164,6.544400215148926,6.552499771118164,669,0.0,0.0
2024-11-07 09:43:00-05:00,6.554699897766113,6.554699897766113,6.5395002365112305,6.54010009765625,1650,0.0,0.0
2024-11-07 09:44:00-05:00,6.538000106811523,6.550000190734863,6.534999847412109,6.539999961853027,1764,0.0,0.0
2024-11-07 09:45:00-05:00,6.519999980926514,6.519999980926514,6.510000228881836,6.510000228881836,1006,0.0,0.0
2024-11-07 09:46:00-05:00,6.53000020980835,6.543700218200684,6.53000020980835,6.543700218200684,889,0.0,0.0
2024-11-07 09:47:00-05:00,6.559999942779541,6.559999942779541,6.559999942779541,6.559999942779541,460,0.0,0.0
2024-11-07 09:48:00-05:00,6.570000171661377,6.570000171661377,6.554999828338623,6.565000057220459,894,0.0,0.0
2024-11-07 09:49:00-05:00,6.610000133514404,6.610000133514404,6.610000133514404,6.610000133514404,200,0.0,0.0
2024-11-07 09:50:00-05:00,6.619999885559082,6.639999866485596,6.619999885559082,6.639999866485596,1834,0.0,0.0
2024-11-07 09:51:00-05:00,6.669899940490723,6.669899940490723,6.659999847412109,6.659999847412109,1115,0.0,0.0
2024-11-07 09:52:00-05:00,6.658999919891357,6.658999919891357,6.658999919891357,6.658999919891357,178,0.0,0.0
2024-11-07 09:53:00-05:00,6.639999866485596,6.639999866485596,6.630000114440918,6.630000114440918,1501,0.0,0.0
2024-11-07 09:54:00-05:00,6.625,6.650000095367432,6.625,6.650000095367432,4803,0.0,0.0
2024-11-07 09:55:00-05:00,6.639999866485596,6.639999866485596,6.621699810028076,6.621699810028076,661,0.0,0.0
2024-11-07 09:56:00-05:00,6.619999885559082,6.619999885559082,6.579999923706055,6.579999923706055,1803,0.0,0.0
2024-11-07 09:57:00-05:00,6.579999923706055,6.590000152587891,6.579999923706055,6.590000152587891,1528,0.0,0.0
2024-11-07 09:58:00-05:00,6.590000152587891,6.590000152587891,6.590000152587891,6.590000152587891,499,0.0,0.0
2024-11-07 09:59:00-05:00,6.590000152587891,6.590000152587891,6.590000152587891,6.590000152587891,452,0.0,0.0
2024-11-07 10:00:00-05:00,6.590000152587891,6.598299980163574,6.559999942779541,6.559999942779541,1645,0.0,0.0
2024-11-07 10:01:00-05:00,6.53000020980835,6.53000020980835,6.53000020980835,6.53000020980835,379,0.0,0.0
2024-11-07 10:03:00-05:00,6.510000228881836,6.53000020980835,6.510000228881836,6.53000020980835,1770,0.0,0.0
2024-11-07 10:04:00-05:00,6.53000020980835,6.53000020980835,6.510000228881836,6.510000228881836,1503,0.0,0.0
2024-11-07 10:05:00-05:00,6.519999980926514,6.539999961853027,6.519999980926514,6.539999961853027,1761,0.0,0.0
2024-11-07 10:06:00-05:00,6.539999961853027,6.539999961853027,6.539999961853027,6.539999961853027,319,0.0,0.0
2024-11-07 10:07:00-05:00,6.550000190734863,6.550000190734863,6.550000190734863,6.550000190734863,589,0.0,0.0
2024-11-07 10:08:00-05:00,6.539999961853027,6.539999961853027,6.539999961853027,6.539999961853027,1131,0.0,0.0
2024-11-07 10:10:00-05:00,6.550000190734863,6.550000190734863,6.550000190734863,6.550000190734863,794,0.0,0.0
2024-11-07 10:11:00-05:00,6.539999961853027,6.539999961853027,6.539999961853027,6.539999961853027,469,0.0,0.0
2024-11-07 10:12:00-05:00,6.53000020980835,6.53000020980835,6.53000020980835,6.53000020980835,825,0.0,0.0
2024-11-07 10:13:00-05:00,6.5,6.5,6.480000019073486,6.480000019073486,1521,0.0,0.0
2024-11-07 10:14:00-05:00,6.487199783325195,6.489999771118164,6.480000019073486,6.480000019073486,2587,0.0,0.0
2024-11-07 10:15:00-05:00,6.480000019073486,6.480000019073486,6.480000019073486,6.480000019073486,992,0.0,0.0
2024-11-07 10:17:00-05:00,6.46999979019165,6.46999979019165,6.460000038146973,6.460000038146973,1188,0.0,0.0
2024-11-07 10:18:00-05:00,6.460000038146973,6.489999771118164,6.460000038146973,6.489999771118164,2034,0.0,0.0
2024-11-07 10:19:00-05:00,6.489999771118164,6.489999771118164,6.46999979019165,6.480000019073486,2211,0.0,0.0
2024-11-07 10:20:00-05:00,6.465000152587891,6.46999979019165,6.465000152587891,6.46999979019165,551,0.0,0.0
2024-11-07 10:21:00-05:00,6.460000038146973,6.489999771118164,6.460000038146973,6.489999771118164,2210,0.0,0.0
2024-11-07 10:22:00-05:00,6.494999885559082,6.5,6.494999885559082,6.494999885559082,489,0.0,0.0
2024-11-07 10:23:00-05:00,6.505000114440918,6.505000114440918,6.480000019073486,6.480000019073486,4014,0.0,0.0
2024-11-07 10:24:00-05:00,6.480000019073486,6.480000019073486,6.480000019073486,6.480000019073486,521,0.0,0.0
2024-11-07 10:25:00-05:00,6.489999771118164,6.550000190734863,6.480000019073486,6.534999847412109,56830,0.0,0.0
2024-11-07 10:26:00-05:00,6.53000020980835,6.53000020980835,6.510000228881836,6.510000228881836,1434,0.0,0.0
2024-11-07 10:27:00-05:00,6.519999980926514,6.539999961853027,6.519999980926514,6.539999961853027,1992,0.0,0.0
2024-11-07 10:28:00-05:00,6.539999961853027,6.554999828338623,6.539999961853027,6.554999828338623,1045,0.0,0.0
2024-11-07 10:29:00-05:00,6.559999942779541,6.579999923706055,6.559999942779541,6.579999923706055,1730,0.0,0.0
2024-11-07 10:31:00-05:00,6.579999923706055,6.599999904632568,6.579999923706055,6.599999904632568,1849,0.0,0.0
2024-11-07 10:32:00-05:00,6.599999904632568,6.599999904632568,6.590000152587891,6.590000152587891,978,0.0,0.0
2024-11-07 10:33:00-05:00,6.579999923706055,6.579999923706055,6.579999923706055,6.579999923706055,170,0.0,0.0
2024-11-07 10:34:00-05:00,6.590000152587891,6.590000152587891,6.579999923706055,6.579999923706055,349,0.0,0.0
2024-11-07 10:35:00-05:00,6.599999904632568,6.599999904632568,6.599999904632568,6.599999904632568,207,0.0,0.0
2024-11-07 10:36:00-05:00,6.590000152587891,6.59499979019165,6.579999923706055,6.59499979019165,1835,0.0,0.0
2024-11-07 10:37:00-05:00,6.579999923706055,6.599999904632568,6.579999923706055,6.599999904632568,1013,0.0,0.0
2024-11-07 10:38:00-05:00,6.610000133514404,6.610000133514404,6.610000133514404,6.610000133514404,1370,0.0,0.0
2024-11-07 10:39:00-05:00,6.599999904632568,6.617000102996826,6.599999904632568,6.599999904632568,1094,0.0,0.0
2024-11-07 10:40:00-05:00,6.610000133514404,6.610000133514404,6.590000152587891,6.590000152587891,2094,0.0,0.0
2024-11-07 10:41:00-05:00,6.590000152587891,6.590000152587891,6.585000038146973,6.585000038146973,446,0.0,0.0
2024-11-07 10:42:00-05:00,6.579999923706055,6.579999923706055,6.559999942779541,6.570000171661377,1628,0.0,0.0
2024-11-07 10:43:00-05:00,6.570000171661377,6.574999809265137,6.570000171661377,6.570000171661377,612,0.0,0.0
2024-11-07 10:44:00-05:00,6.574999809265137,6.574999809265137,6.574999809265137,6.574999809265137,372,0.0,0.0
2024-11-07 10:45:00-05:00,6.559999942779541,6.559999942779541,6.559999942779541,6.559999942779541,537,0.0,0.0
2024-11-07 10:47:00-05:00,6.570000171661377,6.570000171661377,6.570000171661377,6.570000171661377,1195,0.0,0.0
2024-11-07 10:48:00-05:00,6.570000171661377,6.570000171661377,6.570000171661377,6.570000171661377,274,0.0,0.0
2024-11-07 10:49:00-05:00,6.574999809265137,6.579999923706055,6.570000171661377,6.570000171661377,4158,0.0,0.0
2024-11-07 10:51:00-05:00,6.559999942779541,6.565000057220459,6.559999942779541,6.559999942779541,1278,0.0,0.0
2024-11-07 10:52:00-05:00,6.550000190734863,6.574999809265137,6.550000190734863,6.574999809265137,2523,0.0,0.0
2024-11-07 10:53:00-05:00,6.574999809265137,6.574999809265137,6.574999809265137,6.574999809265137,2606,0.0,0.0
2024-11-07 10:54:00-05:00,6.574999809265137,6.579999923706055,6.550000190734863,6.550000190734863,3123,0.0,0.0
2024-11-07 10:55:00-05:00,6.550000190734863,6.559899806976318,6.545000076293945,6.545000076293945,2000,0.0,0.0
2024-11-07 10:56:00-05:00,6.539999961853027,6.539999961853027,6.539999961853027,6.539999961853027,641,0.0,0.0
2024-11-07 10:57:00-05:00,6.514999866485596,6.519999980926514,6.514999866485596,6.519999980926514,1209,0.0,0.0
2024-11-07 10:58:00-05:00,6.510000228881836,6.510000228881836,6.510000228881836,6.510000228881836,481,0.0,0.0
2024-11-07 10:59:00-05:00,6.510000228881836,6.519999980926514,6.5,6.510000228881836,4296,0.0,0.0
2024-11-07 11:00:00-05:00,6.525000095367432,6.545000076293945,6.525000095367432,6.545000076293945,2418,0.0,0.0
2024-11-07 11:01:00-05:00,6.545000076293945,6.545000076293945,6.539999961853027,6.539999961853027,658,0.0,0.0
2024-11-07 11:02:00-05:00,6.539899826049805,6.539899826049805,6.539899826049805,6.539899826049805,719,0.0,0.0
2024-11-07 11:03:00-05:00,6.539999961853027,6.539999961853027,6.539999961853027,6.539999961853027,797,0.0,0.0
2024-11-07 11:04:00-05:00,6.539999961853027,6.550000190734863,6.539999961853027,6.539999961853027,1889,0.0,0.0
2024-11-07 11:05:00-05:00,6.534999847412109,6.550000190734863,6.534999847412109,6.550000190734863,712,0.0,0.0
2024-11-07 11:06:00-05:00,6.539999961853027,6.539999961853027,6.535200119018555,6.539999961853027,516,0.0,0.0
2024-11-07 11:07:00-05:00,6.539999961853027,6.539999961853027,6.539999961853027,6.539999961853027,344,0.0,0.0
2024-11-07 11:08:00-05:00,6.550000190734863,6.565000057220459,6.550000190734863,6.565000057220459,1752,0.0,0.0
2024-11-07 11:09:00-05:00,6.550000190734863,6.550000190734863,6.550000190734863,6.550000190734863,1678,0.0,0.0
2024-11-07 11:10:00-05:00,6.550000190734863,6.550000190734863,6.550000190734863,6.550000190734863,3207,0.0,0.0
2024-11-07 11:11:00-05:00,6.550000190734863,6.550000190734863,6.545000076293945,6.545000076293945,720,0.0,0.0
2024-11-07 11:12:00-05:00,6.539999961853027,6.539999961853027,6.53000020980835,6.53000020980835,2070,0.0,0.0
2024-11-07 11:13:00-05:00,6.519999980926514,6.53000020980835,6.519999980926514,6.53000020980835,835,0.0,0.0
2024-11-07 11:14:00-05:00,6.53000020980835,6.534999847412109,6.53000020980835,6.534999847412109,681,0.0,0.0
2024-11-07 11:15:00-05:00,6.53000020980835,6.53000020980835,6.525000095367432,6.525000095367432,666,0.0,0.0
2024-11-07 11:17:00-05:00,6.53000020980835,6.53000020980835,6.53000020980835,6.53000020980835,455,0.0,0.0
2024-11-07 11:18:00-05:00,6.519999980926514,6.519999980926514,6.510000228881836,6.510000228881836,518,0.0,0.0
2024-11-07 11:19:00-05:00,6.519999980926514,6.539999961853027,6.519999980926514,6.539999961853027,1772,0.0,0.0
2024-11-07 11:20:00-05:00,6.539999961853027,6.539999961853027,6.534999847412109,6.539999961853027,1083,0.0,0.0
2024-11-07 11:21:00-05:00,6.550000190734863,6.559999942779541,6.550000190734863,6.559999942779541,1370,0.0,0.0
2024-11-07 11:22:00-05:00,6.565000057220459,6.565000057220459,6.559999942779541,6.559999942779541,842,0.0,0.0
2024-11-07 11:24:00-05:00,6.559999942779541,6.559999942779541,6.559999942779541,6.559999942779541,267,0.0,0.0
2024-11-07 11:25:00-05:00,6.550000190734863,6.565000057220459,6.550000190734863,6.550000190734863,2045,0.0,0.0
2024-11-07 11:26:00-05:00,6.559999942779541,6.565000057220459,6.559999942779541,6.565000057220459,699,0.0,0.0
2024-11-07 11:27:00-05:00,6.565000057220459,6.570000171661377,6.554999828338623,6.559999942779541,14413,0.0,0.0
2024-11-07 11:29:00-05:00,6.550000190734863,6.550000190734863,6.519999980926514,6.53000020980835,2761,0.0,0.0
2024-11-07 11:30:00-05:00,6.519999980926514,6.539999961853027,6.519999980926514,6.53000020980835,1219,0.0,0.0
2024-11-07 11:31:00-05:00,6.53000020980835,6.53000020980835,6.53000020980835,6.53000020980835,143,0.0,0.0
2024-11-07 11:32:00-05:00,6.53000020980835,6.53000020980835,6.53000020980835,6.53000020980835,223,0.0,0.0
2024-11-07 11:33:00-05:00,6.539999961853027,6.550000190734863,6.53000020980835,6.550000190734863,3078,0.0,0.0
2024-11-07 11:34:00-05:00,6.550000190734863,6.570000171661377,6.539999961853027,6.570000171661377,2996,0.0,0.0
2024-11-07 11:35:00-05:00,6.579999923706055,6.579999923706055,6.559999942779541,6.559999942779541,1388,0.0,0.0
2024-11-07 11:36:00-05:00,6.550000190734863,6.550000190734863,6.539999961853027,6.539999961853027,808,0.0,0.0
2024-11-07 11:37:00-05:00,6.539999961853027,6.539999961853027,6.539999961853027,6.539999961853027,754,0.0,0.0
2024-11-07 11:38:00-05:00,6.539999961853027,6.550000190734863,6.539999961853027,6.550000190734863,1555,0.0,0.0
2024-11-07 11:40:00-05:00,6.539999961853027,6.539999961853027,6.539999961853027,6.539999961853027,3550,0.0,0.0
2024-11-07 11:41:00-05:00,6.539999961853027,6.539999961853027,6.539999961853027,6.539999961853027,984,0.0,0.0
2024-11-07 11:43:00-05:00,6.534999847412109,6.534999847412109,6.534999847412109,6.534999847412109,210,0.0,0.0
2024-11-07 11:44:00-05:00,6.539999961853027,6.545000076293945,6.534999847412109,6.545000076293945,1823,0.0,0.0
2024-11-07 11:45:00-05:00,6.539999961853027,6.539999961853027,6.53000020980835,6.53000020980835,4395,0.0,0.0
2024-11-07 11:46:00-05:00,6.519999980926514,6.519999980926514,6.519999980926514,6.519999980926514,416,0.0,0.0
2024-11-07 11:47:00-05:00,6.510000228881836,6.519999980926514,6.510000228881836,6.514500141143799,2665,0.0,0.0
2024-11-07 11:49:00-05:00,6.514999866485596,6.519999980926514,6.514999866485596,6.519999980926514,2564,0.0,0.0
2024-11-07 11:51:00-05:00,6.519999980926514,6.519999980926514,6.519999980926514,6.519999980926514,473,0.0,0.0
2024-11-07 11:52:00-05:00,6.525000095367432,6.53000020980835,6.525000095367432,6.53000020980835,717,0.0,0.0
2024-11-07 11:55:00-05:00,6.519999980926514,6.519999980926514,6.510000228881836,6.510000228881836,1193,0.0,0.0
2024-11-07 11:56:00-05:00,6.519999980926514,6.539999961853027,6.514999866485596,6.539999961853027,11351,0.0,0.0
2024-11-07 11:57:00-05:00,6.539999961853027,6.539999961853027,6.53000020980835,6.53000020980835,1584,0.0,0.0
2024-11-07 11:58:00-05:00,6.525000095367432,6.53000020980835,6.525000095367432,6.53000020980835,430,0.0,0.0
2024-11-07 11:59:00-05:00,6.53000020980835,6.53000020980835,6.519999980926514,6.525000095367432,1205,0.0,0.0
2024-11-07 12:00:00-05:00,6.519999980926514,6.519999980926514,6.489999771118164,6.489999771118164,5288,0.0,0.0
2024-11-07 12:01:00-05:00,6.5,6.510000228881836,6.5,6.510000228881836,1241,0.0,0.0
2024-11-07 12:02:00-05:00,6.510000228881836,6.519999980926514,6.5,6.519999980926514,6656,0.0,0.0
2024-11-07 12:03:00-05:00,6.519999980926514,6.539999961853027,6.510000228881836,6.519999980926514,7348,0.0,0.0
2024-11-07 12:05:00-05:00,6.539999961853027,6.539999961853027,6.539999961853027,6.539999961853027,852,0.0,0.0
2024-11-07 12:07:00-05:00,6.545000076293945,6.545000076293945,6.545000076293945,6.545000076293945,415,0.0,0.0
2024-11-07 12:08:00-05:00,6.545000076293945,6.559999942779541,6.545000076293945,6.545000076293945,4493,0.0,0.0
2024-11-07 12:09:00-05:00,6.545000076293945,6.545000076293945,6.545000076293945,6.545000076293945,415,0.0,0.0
2024-11-07 12:10:00-05:00,6.545000076293945,6.545000076293945,6.545000076293945,6.545000076293945,847,0.0,0.0
2024-11-07 12:11:00-05:00,6.545000076293945,6.545000076293945,6.545000076293945,6.545000076293945,853,0.0,0.0
2024-11-07 12:12:00-05:00,6.549200057983398,6.565000057220459,6.549200057983398,6.565000057220459,1941,0.0,0.0
2024-11-07 12:13:00-05:00,6.565000057220459,6.565000057220459,6.565000057220459,6.565000057220459,710,0.0,0.0
2024-11-07 12:14:00-05:00,6.569300174713135,6.570000171661377,6.565000057220459,6.570000171661377,1851,0.0,0.0
2024-11-07 12:15:00-05:00,6.579999923706055,6.590000152587891,6.579999923706055,6.590000152587891,1019,0.0,0.0
2024-11-07 12:16:00-05:00,6.590000152587891,6.590000152587891,6.579999923706055,6.590000152587891,2085,0.0,0.0
2024-11-07 12:17:00-05:00,6.585000038146973,6.585000038146973,6.585000038146973,6.585000038146973,423,0.0,0.0
2024-11-07 12:19:00-05:00,6.579999923706055,6.579999923706055,6.554999828338623,6.570000171661377,2898,0.0,0.0
2024-11-07 12:20:00-05:00,6.559999942779541,6.559999942779541,6.559999942779541,6.559999942779541,1954,0.0,0.0
2024-11-07 12:21:00-05:00,6.559999942779541,6.559999942779541,6.550000190734863,6.550000190734863,2231,0.0,0.0
2024-11-07 12:22:00-05:00,6.550099849700928,6.554999828338623,6.550099849700928,6.554999828338623,1263,0.0,0.0
2024-11-07 12:23:00-05:00,6.550000190734863,6.550000190734863,6.550000190734863,6.550000190734863,737,0.0,0.0
2024-11-07 12:24:00-05:00,6.539999961853027,6.554999828338623,6.534999847412109,6.554999828338623,7730,0.0,0.0
2024-11-07 12:25:00-05:00,6.550000190734863,6.559999942779541,6.550000190734863,6.554999828338623,768,0.0,0.0
2024-11-07 12:26:00-05:00,6.550000190734863,6.550000190734863,6.550000190734863,6.550000190734863,867,0.0,0.0
2024-11-07 12:27:00-05:00,6.545000076293945,6.545000076293945,6.545000076293945,6.545000076293945,223,0.0,0.0
2024-11-07 12:28:00-05:00,6.539999961853027,6.539999961853027,6.534999847412109,6.534999847412109,968,0.0,0.0
2024-11-07 12:29:00-05:00,6.535799980163574,6.539999961853027,6.514999866485596,6.539999961853027,5200,0.0,0.0
2024-11-07 12:30:00-05:00,6.53000020980835,6.53000020980835,6.525000095367432,6.53000020980835,1799,0.0,0.0
2024-11-07 12:32:00-05:00,6.53000020980835,6.579999923706055,6.53000020980835,6.559999942779541,13191,0.0,0.0
2024-11-07 12:35:00-05:00,6.554800033569336,6.554999828338623,6.550000190734863,6.550000190734863,1087,0.0,0.0
2024-11-07 12:36:00-05:00,6.545000076293945,6.545000076293945,6.545000076293945,6.545000076293945,707,0.0,0.0
2024-11-07 12:38:00-05:00,6.539999961853027,6.539999961853027,6.519999980926514,6.519999980926514,3464,0.0,0.0
2024-11-07 12:39:00-05:00,6.525000095367432,6.53000020980835,6.525000095367432,6.53000020980835,1722,0.0,0.0
2024-11-07 12:40:00-05:00,6.525000095367432,6.559999942779541,6.525000095367432,6.550000190734863,5732,0.0,0.0
2024-11-07 12:41:00-05:00,6.55049991607666,6.554999828338623,6.55049991607666,6.554999828338623,2895,0.0,0.0
2024-11-07 12:42:00-05:00,6.554999828338623,6.559999942779541,6.554999828338623,6.559999942779541,248,0.0,0.0
2024-11-07 12:43:00-05:00,6.550000190734863,6.550000190734863,6.550000190734863,6.550000190734863,489,0.0,0.0
2024-11-07 12:44:00-05:00,6.559999942779541,6.559999942779541,6.551000118255615,6.551000118255615,1299,0.0,0.0
2024-11-07 12:45:00-05:00,6.554999828338623,6.554999828338623,6.53000020980835,6.53000020980835,2206,0.0,0.0
2024-11-07 12:46:00-05:00,6.534999847412109,6.534999847412109,6.534999847412109,6.534999847412109,341,0.0,0.0
2024-11-07 12:47:00-05:00,6.534999847412109,6.534999847412109,6.534999847412109,6.534999847412109,143,0.0,0.0
2024-11-07 12:48:00-05:00,6.53000020980835,6.545000076293945,6.525000095367432,6.545000076293945,2562,0.0,0.0
2024-11-07 12:49:00-05:00,6.539999961853027,6.550000190734863,6.539999961853027,6.545000076293945,679,0.0,0.0
2024-11-07 12:51:00-05:00,6.539999961853027,6.550000190734863,6.534999847412109,6.539899826049805,3029,0.0,0.0
2024-11-07 12:52:00-05:00,6.545000076293945,6.550000190734863,6.545000076293945,6.550000190734863,1107,0.0,0.0
2024-11-07 12:53:00-05:00,6.550000190734863,6.550000190734863,6.550000190734863,6.550000190734863,439,0.0,0.0
2024-11-07 12:54:00-05:00,6.545000076293945,6.545000076293945,6.545000076293945,6.545000076293945,391,0.0,0.0
2024-11-07 12:56:00-05:00,6.539999961853027,6.545000076293945,6.534999847412109,6.545000076293945,2238,0.0,0.0
2024-11-07 12:57:00-05:00,6.53000020980835,6.53000020980835,6.53000020980835,6.53000020980835,153,0.0,0.0
2024-11-07 12:58:00-05:00,6.53000020980835,6.550000190734863,6.519999980926514,6.550000190734863,6980,0.0,0.0
2024-11-07 13:00:00-05:00,6.550000190734863,6.550000190734863,6.549900054931641,6.550000190734863,744,0.0,0.0
2024-11-07 13:01:00-05:00,6.550000190734863,6.559899806976318,6.550000190734863,6.554999828338623,1335,0.0,0.0
2024-11-07 13:02:00-05:00,6.559999942779541,6.559999942779541,6.554999828338623,6.554999828338623,704,0.0,0.0
2024-11-07 13:03:00-05:00,6.554999828338623,6.554999828338623,6.534999847412109,6.539999961853027,1262,0.0,0.0
2024-11-07 13:04:00-05:00,6.545000076293945,6.545000076293945,6.545000076293945,6.545000076293945,219,0.0,0.0
2024-11-07 13:05:00-05:00,6.545000076293945,6.550000190734863,6.545000076293945,6.547100067138672,2793,0.0,0.0
2024-11-07 13:07:00-05:00,6.545000076293945,6.545000076293945,6.545000076293945,6.545000076293945,463,0.0,0.0
2024-11-07 13:08:00-05:00,6.539999961853027,6.539999961853027,6.514999866485596,6.53000020980835,10867,0.0,0.0
2024-11-07 13:09:00-05:00,6.53410005569458,6.534999847412109,6.53410005569458,6.534999847412109,712,0.0,0.0
2024-11-07 13:10:00-05:00,6.519999980926514,6.519999980926514,6.519999980926514,6.519999980926514,512,0.0,0.0
2024-11-07 13:11:00-05:00,6.519899845123291,6.519899845123291,6.519899845123291,6.519899845123291,541,0.0,0.0
2024-11-07 13:12:00-05:00,6.510000228881836,6.510000228881836,6.510000228881836,6.510000228881836,624,0.0,0.0
2024-11-07 13:13:00-05:00,6.510000228881836,6.570000171661377,6.510000228881836,6.550000190734863,11985,0.0,0.0
2024-11-07 13:14:00-05:00,6.550000190734863,6.550000190734863,6.539999961853027,6.539999961853027,1840,0.0,0.0
2024-11-07 13:15:00-05:00,6.53000020980835,6.539999961853027,6.53000020980835,6.539999961853027,1121,0.0,0.0
2024-11-07 13:18:00-05:00,6.53000020980835,6.53000020980835,6.494999885559082,6.500100135803223,3758,0.0,0.0
2024-11-07 13:19:00-05:00,6.5,6.5,6.5,6.5,1184,0.0,0.0
2024-11-07 13:20:00-05:00,6.5,6.5,6.5,6.5,604,0.0,0.0
2024-11-07 13:21:00-05:00,6.5,6.539999961853027,6.5,6.53000020980835,14181,0.0,0.0
2024-11-07 13:22:00-05:00,6.53000020980835,6.550000190734863,6.519999980926514,6.519999980926514,6506,0.0,0.0
2024-11-07 13:24:00-05:00,6.510000228881836,6.510000228881836,6.510000228881836,6.510000228881836,1088,0.0,0.0
2024-11-07 13:25:00-05:00,6.510000228881836,6.519999980926514,6.510000228881836,6.519899845123291,949,0.0,0.0
2024-11-07 13:26:00-05:00,6.514999866485596,6.514999866485596,6.510000228881836,6.510000228881836,1171,0.0,0.0
2024-11-07 13:27:00-05:00,6.510000228881836,6.519999980926514,6.489999771118164,6.5,14615,0.0,0.0
2024-11-07 13:28:00-05:00,6.5,6.5,6.499499797821045,6.5,1247,0.0,0.0
2024-11-07 13:29:00-05:00,6.5,6.510000228881836,6.480000019073486,6.5,7758,0.0,0.0
2024-11-07 13:30:00-05:00,6.5,6.519999980926514,6.5,6.510000228881836,7662,0.0,0.0
2024-11-07 13:31:00-05:00,6.501999855041504,6.501999855041504,6.489999771118164,6.489999771118164,7768,0.0,0.0
2024-11-07 13:32:00-05:00,6.489999771118164,6.489999771118164,6.489999771118164,6.489999771118164,693,0.0,0.0
2024-11-07 13:33:00-05:00,6.480000019073486,6.489999771118164,6.480000019073486,6.489999771118164,1442,0.0,0.0
2024-11-07 13:34:00-05:00,6.489999771118164,6.489999771118164,6.489999771118164,6.489999771118164,404,0.0,0.0
2024-11-07 13:35:00-05:00,6.489999771118164,6.489999771118164,6.489999771118164,6.489999771118164,1372,0.0,0.0
2024-11-07 13:38:00-05:00,6.494999885559082,6.494999885559082,6.489999771118164,6.489999771118164,1234,0.0,0.0
2024-11-07 13:39:00-05:00,6.489999771118164,6.489999771118164,6.474999904632568,6.480000019073486,1033,0.0,0.0
2024-11-07 13:40:00-05:00,6.480000019073486,6.480000019073486,6.465000152587891,6.480000019073486,3037,0.0,0.0
2024-11-07 13:41:00-05:00,6.46999979019165,6.46999979019165,6.46999979019165,6.46999979019165,827,0.0,0.0
2024-11-07 13:42:00-05:00,6.465000152587891,6.465000152587891,6.460000038146973,6.460000038146973,460,0.0,0.0
2024-11-07 13:43:00-05:00,6.460000038146973,6.460000038146973,6.460000038146973,6.460000038146973,417,0.0,0.0
2024-11-07 13:44:00-05:00,6.460000038146973,6.460000038146973,6.460000038146973,6.460000038146973,438,0.0,0.0
2024-11-07 13:45:00-05:00,6.460000038146973,6.460000038146973,6.449999809265137,6.460000038146973,734,0.0,0.0
2024-11-07 13:47:00-05:00,6.454999923706055,6.454999923706055,6.449999809265137,6.449999809265137,2267,0.0,0.0
2024-11-07 13:48:00-05:00,6.449999809265137,6.449999809265137,6.449999809265137,6.449999809265137,799,0.0,0.0
2024-11-07 13:49:00-05:00,6.445000171661377,6.449999809265137,6.420000076293945,6.420000076293945,4278,0.0,0.0
2024-11-07 13:50:00-05:00,6.429999828338623,6.440000057220459,6.429999828338623,6.440000057220459,2770,0.0,0.0
2024-11-07 13:51:00-05:00,6.440000057220459,6.445000171661377,6.440000057220459,6.445000171661377,1231,0.0,0.0
2024-11-07 13:52:00-05:00,6.440000057220459,6.440000057220459,6.440000057220459,6.440000057220459,495,0.0,0.0
2024-11-07 13:53:00-05:00,6.440000057220459,6.440000057220459,6.440000057220459,6.440000057220459,647,0.0,0.0
2024-11-07 13:54:00-05:00,6.449900150299072,6.449999809265137,6.445000171661377,6.449999809265137,2271,0.0,0.0
2024-11-07 13:55:00-05:00,6.460000038146973,6.46999979019165,6.449999809265137,6.449999809265137,2951,0.0,0.0
2024-11-07 13:56:00-05:00,6.449999809265137,6.449999809265137,6.445000171661377,6.445000171661377,452,0.0,0.0
2024-11-07 13:57:00-05:00,6.445000171661377,6.445000171661377,6.445000171661377,6.445000171661377,331,0.0,0.0
2024-11-07 13:58:00-05:00,6.449900150299072,6.449900150299072,6.440000057220459,6.440000057220459,1490,0.0,0.0
2024-11-07 14:00:00-05:00,6.440000057220459,6.460000038146973,6.440000057220459,6.449999809265137,7521,0.0,0.0
2024-11-07 14:01:00-05:00,6.449999809265137,6.449999809265137,6.449999809265137,6.449999809265137,1472,0.0,0.0
2024-11-07 14:02:00-05:00,6.440000057220459,6.440000057220459,6.429999828338623,6.429999828338623,1446,0.0,0.0
2024-11-07 14:03:00-05:00,6.423500061035156,6.434999942779541,6.414999961853027,6.429999828338623,3823,0.0,0.0
2024-11-07 14:04:00-05:00,6.440000057220459,6.445000171661377,6.429999828338623,6.429999828338623,1446,0.0,0.0
2024-11-07 14:05:00-05:00,6.429999828338623,6.429999828338623,6.429999828338623,6.429999828338623,824,0.0,0.0
2024-11-07 14:06:00-05:00,6.429999828338623,6.449999809265137,6.429999828338623,6.449999809265137,1435,0.0,0.0
2024-11-07 14:07:00-05:00,6.445000171661377,6.445000171661377,6.434999942779541,6.434999942779541,1336,0.0,0.0
2024-11-07 14:08:00-05:00,6.429999828338623,6.429999828338623,6.425000190734863,6.425000190734863,1066,0.0,0.0
2024-11-07 14:09:00-05:00,6.420000076293945,6.420000076293945,6.420000076293945,6.420000076293945,989,0.0,0.0
2024-11-07 14:10:00-05:00,6.429999828338623,6.429999828338623,6.425000190734863,6.429999828338623,716,0.0,0.0
2024-11-07 14:11:00-05:00,6.420000076293945,6.420000076293945,6.420000076293945,6.420000076293945,1240,0.0,0.0
2024-11-07 14:13:00-05:00,6.420000076293945,6.420000076293945,6.420000076293945,6.420000076293945,152,0.0,0.0
2024-11-07 14:14:00-05:00,6.429999828338623,6.429999828338623,6.425000190734863,6.425000190734863,2122,0.0,0.0
2024-11-07 14:15:00-05:00,6.434999942779541,6.449999809265137,6.434999942779541,6.440000057220459,1255,0.0,0.0
2024-11-07 14:16:00-05:00,6.449999809265137,6.460000038146973,6.445000171661377,6.460000038146973,1801,0.0,0.0
2024-11-07 14:17:00-05:00,6.460000038146973,6.460000038146973,6.460000038146973,6.460000038146973,199,0.0,0.0
2024-11-07 14:18:00-05:00,6.454999923706055,6.454999923706055,6.442500114440918,6.442500114440918,1088,0.0,0.0
2024-11-07 14:20:00-05:00,6.445000171661377,6.445000171661377,6.445000171661377,6.445000171661377,244,0.0,0.0
2024-11-07 14:21:00-05:00,6.445000171661377,6.445000171661377,6.445000171661377,6.445000171661377,699,0.0,0.0
2024-11-07 14:22:00-05:00,6.440000057220459,6.440000057220459,6.434999942779541,6.434999942779541,983,0.0,0.0
2024-11-07 14:23:00-05:00,6.429999828338623,6.445000171661377,6.429999828338623,6.445000171661377,4843,0.0,0.0
2024-11-07 14:24:00-05:00,6.445000171661377,6.449999809265137,6.440000057220459,6.445000171661377,3225,0.0,0.0
2024-11-07 14:28:00-05:00,6.445000171661377,6.449999809265137,6.440000057220459,6.445000171661377,2696,0.0,0.0
2024-11-07 14:29:00-05:00,6.445000171661377,6.445000171661377,6.445000171661377,6.445000171661377,732,0.0,0.0
2024-11-07 14:30:00-05:00,6.449999809265137,6.465000152587891,6.445000171661377,6.465000152587891,1669,0.0,0.0
2024-11-07 14:31:00-05:00,6.46999979019165,6.474999904632568,6.46999979019165,6.474999904632568,922,0.0,0.0
2024-11-07 14:32:00-05:00,6.46999979019165,6.480000019073486,6.465000152587891,6.46999979019165,1864,0.0,0.0
2024-11-07 14:33:00-05:00,6.480000019073486,6.489999771118164,6.480000019073486,6.489999771118164,1748,0.0,0.0
2024-11-07 14:34:00-05:00,6.480000019073486,6.480000019073486,6.480000019073486,6.480000019073486,861,0.0,0.0
2024-11-07 14:35:00-05:00,6.46999979019165,6.46999979019165,6.46999979019165,6.46999979019165,656,0.0,0.0
2024-11-07 14:36:00-05:00,6.46999979019165,6.474999904632568,6.46999979019165,6.474999904632568,265,0.0,0.0
2024-11-07 14:37:00-05:00,6.46999979019165,6.46999979019165,6.465000152587891,6.465000152587891,1362,0.0,0.0
2024-11-07 14:38:00-05:00,6.460000038146973,6.460000038146973,6.460000038146973,6.460000038146973,251,0.0,0.0
2024-11-07 14:39:00-05:00,6.465000152587891,6.465000152587891,6.449999809265137,6.449999809265137,2001,0.0,0.0
2024-11-07 14:40:00-05:00,6.454999923706055,6.454999923706055,6.449999809265137,6.449999809265137,963,0.0,0.0
2024-11-07 14:41:00-05:00,6.440000057220459,6.449999809265137,6.420000076293945,6.449999809265137,9984,0.0,0.0
2024-11-07 14:42:00-05:00,6.445000171661377,6.445000171661377,6.429999828338623,6.440000057220459,1582,0.0,0.0
2024-11-07 14:43:00-05:00,6.445000171661377,6.449999809265137,6.445000171661377,6.449999809265137,1254,0.0,0.0
2024-11-07 14:44:00-05:00,6.454999923706055,6.454999923706055,6.440000057220459,6.440000057220459,1510,0.0,0.0
2024-11-07 14:45:00-05:00,6.429999828338623,6.429999828338623,6.425000190734863,6.425000190734863,3069,0.0,0.0
2024-11-07 14:46:00-05:00,6.420000076293945,6.425000190734863,6.420000076293945,6.425000190734863,693,0.0,0.0
2024-11-07 14:47:00-05:00,6.425000190734863,6.425000190734863,6.420000076293945,6.420000076293945,1544,0.0,0.0
2024-11-07 14:48:00-05:00,6.425000190734863,6.440000057220459,6.425000190734863,6.429999828338623,2029,0.0,0.0
2024-11-07 14:49:00-05:00,6.434999942779541,6.440000057220459,6.434999942779541,6.434999942779541,1673,0.0,0.0
2024-11-07 14:50:00-05:00,6.434999942779541,6.440000057220459,6.429999828338623,6.434999942779541,2851,0.0,0.0
2024-11-07 14:51:00-05:00,6.434999942779541,6.440000057220459,6.434999942779541,6.440000057220459,1457,0.0,0.0
2024-11-07 14:52:00-05:00,6.440000057220459,6.440000057220459,6.420000076293945,6.420000076293945,928,0.0,0.0
2024-11-07 14:53:00-05:00,6.429999828338623,6.429999828338623,6.420000076293945,6.429999828338623,657,0.0,0.0
2024-11-07 14:54:00-05:00,6.425000190734863,6.425000190734863,6.414999961853027,6.414999961853027,2548,0.0,0.0
2024-11-07 14:55:00-05:00,6.420000076293945,6.434999942779541,6.420000076293945,6.434999942779541,4175,0.0,0.0
2024-11-07 14:56:00-05:00,6.429999828338623,6.474999904632568,6.429999828338623,6.474999904632568,4486,0.0,0.0
2024-11-07 14:57:00-05:00,6.474999904632568,6.474999904632568,6.449999809265137,6.460000038146973,2255,0.0,0.0
2024-11-07 14:58:00-05:00,6.449999809265137,6.449999809265137,6.449999809265137,6.449999809265137,337,0.0,0.0
2024-11-07 14:59:00-05:00,6.465000152587891,6.489999771118164,6.465000152587891,6.489999771118164,3040,0.0,0.0
2024-11-07 15:00:00-05:00,6.494999885559082,6.494999885559082,6.46999979019165,6.471199989318848,1960,0.0,0.0
2024-11-07 15:01:00-05:00,6.46999979019165,6.494999885559082,6.46999979019165,6.494999885559082,3078,0.0,0.0
2024-11-07 15:02:00-05:00,6.5,6.5,6.480000019073486,6.480000019073486,2988,0.0,0.0
2024-11-07 15:03:00-05:00,6.480000019073486,6.480299949645996,6.474999904632568,6.480000019073486,1414,0.0,0.0
2024-11-07 15:04:00-05:00,6.46999979019165,6.474999904632568,6.46999979019165,6.46999979019165,1003,0.0,0.0
2024-11-07 15:05:00-05:00,6.474999904632568,6.489999771118164,6.474999904632568,6.489999771118164,2153,0.0,0.0
2024-11-07 15:06:00-05:00,6.5,6.5,6.46999979019165,6.46999979019165,3390,0.0,0.0
2024-11-07 15:07:00-05:00,6.465000152587891,6.465000152587891,6.465000152587891,6.465000152587891,234,0.0,0.0
2024-11-07 15:08:00-05:00,6.46999979019165,6.489999771118164,6.46999979019165,6.489999771118164,3344,0.0,0.0
2024-11-07 15:09:00-05:00,6.489999771118164,6.489999771118164,6.485000133514404,6.485000133514404,728,0.0,0.0
2024-11-07 15:10:00-05:00,6.480000019073486,6.489999771118164,6.480000019073486,6.489999771118164,1937,0.0,0.0
2024-11-07 15:11:00-05:00,6.494999885559082,6.494999885559082,6.494999885559082,6.494999885559082,1018,0.0,0.0
2024-11-07 15:12:00-05:00,6.494999885559082,6.510000228881836,6.494999885559082,6.510000228881836,3467,0.0,0.0
2024-11-07 15:13:00-05:00,6.510000228881836,6.510000228881836,6.505000114440918,6.505000114440918,1403,0.0,0.0
2024-11-07 15:14:00-05:00,6.510000228881836,6.519999980926514,6.510000228881836,6.519999980926514,740,0.0,0.0
2024-11-07 15:15:00-05:00,6.514999866485596,6.514999866485596,6.514999866485596,6.514999866485596,691,0.0,0.0
2024-11-07 15:16:00-05:00,6.510000228881836,6.510000228881836,6.5,6.5,1666,0.0,0.0
2024-11-07 15:17:00-05:00,6.505499839782715,6.510000228881836,6.504499912261963,6.510000228881836,1651,0.0,0.0
2024-11-07 15:18:00-05:00,6.505000114440918,6.505000114440918,6.494999885559082,6.505000114440918,4450,0.0,0.0
2024-11-07 15:19:00-05:00,6.5,6.5,6.489999771118164,6.489999771118164,1317,0.0,0.0
2024-11-07 15:20:00-05:00,6.494999885559082,6.494999885559082,6.494999885559082,6.494999885559082,882,0.0,0.0
2024-11-07 15:21:00-05:00,6.489999771118164,6.489999771118164,6.474999904632568,6.474999904632568,3595,0.0,0.0
2024-11-07 15:22:00-05:00,6.474999904632568,6.480000019073486,6.473400115966797,6.474999904632568,2255,0.0,0.0
2024-11-07 15:23:00-05:00,6.46999979019165,6.485000133514404,6.465000152587891,6.480000019073486,4713,0.0,0.0
2024-11-07 15:24:00-05:00,6.480000019073486,6.489999771118164,6.480000019073486,6.480000019073486,1456,0.0,0.0
2024-11-07 15:25:00-05:00,6.480000019073486,6.485000133514404,6.480000019073486,6.480000019073486,482,0.0,0.0
2024-11-07 15:26:00-05:00,6.485000133514404,6.485000133514404,6.46999979019165,6.485000133514404,4407,0.0,0.0
2024-11-07 15:27:00-05:00,6.480000019073486,6.480000019073486,6.449999809265137,6.449999809265137,5101,0.0,0.0
2024-11-07 15:28:00-05:00,6.449999809265137,6.465000152587891,6.449999809265137,6.465000152587891,3144,0.0,0.0
2024-11-07 15:29:00-05:00,6.466400146484375,6.466400146484375,6.460000038146973,6.460000038146973,1028,0.0,0.0
2024-11-07 15:30:00-05:00,6.465000152587891,6.465000152587891,6.465000152587891,6.465000152587891,449,0.0,0.0
2024-11-07 15:31:00-05:00,6.465000152587891,6.46999979019165,6.460000038146973,6.460000038146973,2296,0.0,0.0
2024-11-07 15:32:00-05:00,6.460000038146973,6.460000038146973,6.440000057220459,6.454999923706055,9292,0.0,0.0
2024-11-07 15:33:00-05:00,6.445899963378906,6.445899963378906,6.445899963378906,6.445899963378906,288,0.0,0.0
2024-11-07 15:34:00-05:00,6.429999828338623,6.434999942779541,6.429999828338623,6.429999828338623,2350,0.0,0.0
2024-11-07 15:35:00-05:00,6.440000057220459,6.440000057220459,6.434999942779541,6.434999942779541,1260,0.0,0.0
2024-11-07 15:36:00-05:00,6.434999942779541,6.434999942779541,6.425000190734863,6.425000190734863,3944,0.0,0.0
2024-11-07 15:37:00-05:00,6.425000190734863,6.429999828338623,6.414999961853027,6.414999961853027,7969,0.0,0.0
2024-11-07 15:38:00-05:00,6.414999961853027,6.420000076293945,6.414999961853027,6.414999961853027,4266,0.0,0.0
2024-11-07 15:39:00-05:00,6.420000076293945,6.429999828338623,6.414999961853027,6.429999828338623,5531,0.0,0.0
2024-11-07 15:40:00-05:00,6.429999828338623,6.429999828338623,6.425000190734863,6.429999828338623,3255,0.0,0.0
2024-11-07 15:41:00-05:00,6.425000190734863,6.429999828338623,6.420000076293945,6.425000190734863,6266,0.0,0.0
2024-11-07 15:42:00-05:00,6.425000190734863,6.428999900817871,6.420000076293945,6.425000190734863,1243,0.0,0.0
2024-11-07 15:43:00-05:00,6.425000190734863,6.425000190734863,6.40500020980835,6.40500020980835,5055,0.0,0.0
2024-11-07 15:44:00-05:00,6.40500020980835,6.409999847412109,6.394999980926514,6.394999980926514,7634,0.0,0.0
2024-11-07 15:45:00-05:00,6.40500020980835,6.40500020980835,6.400000095367432,6.40500020980835,3072,0.0,0.0
2024-11-07 15:46:00-05:00,6.40500020980835,6.414999961853027,6.40500020980835,6.409999847412109,3712,0.0,0.0
2024-11-07 15:47:00-05:00,6.409999847412109,6.409999847412109,6.400300025939941,6.40500020980835,5736,0.0,0.0
2024-11-07 15:48:00-05:00,6.414999961853027,6.420000076293945,6.40500020980835,6.40500020980835,6440,0.0,0.0
2024-11-07 15:49:00-05:00,6.409999847412109,6.409999847412109,6.394999980926514,6.40500020980835,3953,0.0,0.0
2024-11-07 15:50:00-05:00,6.400000095367432,6.400000095367432,6.380000114440918,6.385000228881836,18004,0.0,0.0
2024-11-07 15:51:00-05:00,6.380000114440918,6.389999866485596,6.375,6.385000228881836,7032,0.0,0.0
2024-11-07 15:52:00-05:00,6.385000228881836,6.389999866485596,6.380000114440918,6.385000228881836,8827,0.0,0.0
2024-11-07 15:53:00-05:00,6.385000228881836,6.389999866485596,6.380000114440918,6.385000228881836,3676,0.0,0.0
2024-11-07 15:54:00-05:00,6.385000228881836,6.400000095367432,6.375,6.389999866485596,12073,0.0,0.0
2024-11-07 15:55:00-05:00,6.385000228881836,6.389999866485596,6.364999771118164,6.385000228881836,11772,0.0,0.0
2024-11-07 15:56:00-05:00,6.394999980926514,6.409999847412109,6.394999980926514,6.40500020980835,12977,0.0,0.0
2024-11-07 15:57:00-05:00,6.400000095367432,6.409999847412109,6.394999980926514,6.40500020980835,22981,0.0,0.0
2024-11-07 15:58:00-05:00,6.40500020980835,6.425000190734863,6.40500020980835,6.414999961853027,15359,0.0,0.0
2024-11-07 15:59:00-05:00,6.414999961853027,6.440000057220459,6.414999961853027,6.440000057220459,51861,0.0,0.0
2024-11-08 09:33:00-05:00,6.369999885559082,6.375,6.322500228881836,6.375,19185,0.0,0.0
2024-11-08 09:35:00-05:00,6.309999942779541,6.32289981842041,6.300000190734863,6.32289981842041,379,0.0,0.0
2024-11-08 09:37:00-05:00,6.300000190734863,6.300000190734863,6.300000190734863,6.300000190734863,14235,0.0,0.0
2024-11-08 09:40:00-05:00,6.260000228881836,6.320000171661377,6.179999828338623,6.199999809265137,13838,0.0,0.0
2024-11-08 09:41:00-05:00,6.170000076293945,6.170000076293945,6.150000095367432,6.150000095367432,1185,0.0,0.0
2024-11-08 09:42:00-05:00,6.146200180053711,6.146200180053711,6.050000190734863,6.050000190734863,1543,0.0,0.0
2024-11-08 09:43:00-05:00,6.059999942779541,6.059999942779541,6.039999961853027,6.039999961853027,1108,0.0,0.0
2024-11-08 09:44:00-05:00,6.050000190734863,6.119999885559082,6.050000190734863,6.119999885559082,4757,0.0,0.0
2024-11-08 09:45:00-05:00,6.126200199127197,6.150000095367432,6.039999961853027,6.039999961853027,6476,0.0,0.0
2024-11-08 09:46:00-05:00,6.079999923706055,6.090000152587891,6.039999961853027,6.062300205230713,3616,0.0,0.0
2024-11-08 09:47:00-05:00,6.050000190734863,6.105000019073486,6.050000190734863,6.105000019073486,4577,0.0,0.0
2024-11-08 09:48:00-05:00,6.07859992980957,6.130000114440918,6.07859992980957,6.130000114440918,1611,0.0,0.0
2024-11-08 09:49:00-05:00,6.104400157928467,6.130000114440918,6.099999904632568,6.130000114440918,11439,0.0,0.0
2024-11-08 09:50:00-05:00,6.139999866485596,6.139999866485596,6.139999866485596,6.139999866485596,336,0.0,0.0
2024-11-08 09:51:00-05:00,6.119999885559082,6.199999809265137,6.119999885559082,6.184999942779541,2926,0.0,0.0
2024-11-08 09:53:00-05:00,6.179999828338623,6.190000057220459,6.179999828338623,6.190000057220459,1041,0.0,0.0
2024-11-08 09:54:00-05:00,6.170000076293945,6.239999771118164,6.170000076293945,6.239999771118164,3153,0.0,0.0
2024-11-08 09:55:00-05:00,6.236000061035156,6.244999885559082,6.230000019073486,6.235000133514404,3554,0.0,0.0
2024-11-08 09:56:00-05:00,6.210000038146973,6.235000133514404,6.210000038146973,6.235000133514404,1752,0.0,0.0
2024-11-08 09:57:00-05:00,6.260000228881836,6.355000019073486,6.260000228881836,6.355000019073486,4287,0.0,0.0
2024-11-08 09:58:00-05:00,6.340000152587891,6.340000152587891,6.28000020980835,6.28000020980835,9620,0.0,0.0
2024-11-08 09:59:00-05:00,6.300000190734863,6.300000190734863,6.300000190734863,6.300000190734863,990,0.0,0.0
2024-11-08 10:00:00-05:00,6.289999961853027,6.289999961853027,6.289999961853027,6.289999961853027,431,0.0,0.0
2024-11-08 10:01:00-05:00,6.284999847412109,6.329999923706055,6.264999866485596,6.329999923706055,4092,0.0,0.0
2024-11-08 10:02:00-05:00,6.309999942779541,6.309999942779541,6.300000190734863,6.300000190734863,553,0.0,0.0
2024-11-08 10:03:00-05:00,6.314199924468994,6.340000152587891,6.314199924468994,6.340000152587891,1845,0.0,0.0
2024-11-08 10:04:00-05:00,6.309999942779541,6.340000152587891,6.309999942779541,6.340000152587891,402,0.0,0.0
2024-11-08 10:05:00-05:00,6.324999809265137,6.360000133514404,6.324999809265137,6.360000133514404,2503,0.0,0.0
2024-11-08 10:06:00-05:00,6.360000133514404,6.429999828338623,6.360000133514404,6.429999828338623,2998,0.0,0.0
2024-11-08 10:07:00-05:00,6.429999828338623,6.429999828338623,6.340000152587891,6.360000133514404,3885,0.0,0.0
2024-11-08 10:08:00-05:00,6.34499979019165,6.360000133514404,6.239999771118164,6.25,3218,0.0,0.0
2024-11-08 10:10:00-05:00,6.239999771118164,6.239999771118164,6.199999809265137,6.21999979019165,8614,0.0,0.0
2024-11-08 10:11:00-05:00,6.230000019073486,6.260000228881836,6.230000019073486,6.260000228881836,1622,0.0,0.0
2024-11-08 10:12:00-05:00,6.250400066375732,6.295000076293945,6.230000019073486,6.230000019073486,4006,0.0,0.0
2024-11-08 10:13:00-05:00,6.25,6.28000020980835,6.25,6.28000020980835,2217,0.0,0.0
2024-11-08 10:14:00-05:00,6.28000020980835,6.28000020980835,6.25,6.270199775695801,3201,0.0,0.0
2024-11-08 10:15:00-05:00,6.28000020980835,6.28000020980835,6.239999771118164,6.260000228881836,1550,0.0,0.0
2024-11-08 10:16:00-05:00,6.297699928283691,6.300000190734863,6.297699928283691,6.300000190734863,511,0.0,0.0
2024-11-08 10:17:00-05:00,6.269999980926514,6.28000020980835,6.264999866485596,6.264999866485596,514,0.0,0.0
2024-11-08 10:19:00-05:00,6.264999866485596,6.264999866485596,6.235000133514404,6.235000133514404,1972,0.0,0.0
2024-11-08 10:20:00-05:00,6.21999979019165,6.239999771118164,6.21999979019165,6.239999771118164,2635,0.0,0.0
2024-11-08 10:21:00-05:00,6.230000019073486,6.230000019073486,6.230000019073486,6.230000019073486,710,0.0,0.0
2024-11-08 10:22:00-05:00,6.21999979019165,6.260000228881836,6.21999979019165,6.239999771118164,5154,0.0,0.0
2024-11-08 10:24:00-05:00,6.21999979019165,6.21999979019165,6.184999942779541,6.184999942779541,3037,0.0,0.0
2024-11-08 10:25:00-05:00,6.179999828338623,6.179999828338623,6.179999828338623,6.179999828338623,309,0.0,0.0
2024-11-08 10:26:00-05:00,6.199999809265137,6.199999809265137,6.199999809265137,6.199999809265137,827,0.0,0.0
2024-11-08 10:27:00-05:00,6.210000038146973,6.210000038146973,6.179999828338623,6.179999828338623,3958,0.0,0.0
2024-11-08 10:28:00-05:00,6.179999828338623,6.210000038146973,6.170000076293945,6.210000038146973,6860,0.0,0.0
2024-11-08 10:29:00-05:00,6.210000038146973,6.210000038146973,6.199999809265137,6.199999809265137,3226,0.0,0.0
2024-11-08 10:30:00-05:00,6.190000057220459,6.190000057220459,6.190000057220459,6.190000057220459,837,0.0,0.0
2024-11-08 10:31:00-05:00,6.21999979019165,6.230999946594238,6.210000038146973,6.21999979019165,5562,0.0,0.0
2024-11-08 10:32:00-05:00,6.230000019073486,6.230000019073486,6.230000019073486,6.230000019073486,163,0.0,0.0
2024-11-08 10:33:00-05:00,6.239999771118164,6.25,6.210000038146973,6.210000038146973,8836,0.0,0.0
2024-11-08 10:34:00-05:00,6.210000038146973,6.21999979019165,6.210000038146973,6.21999979019165,1130,0.0,0.0
2024-11-08 10:35:00-05:00,6.21999979019165,6.21999979019165,6.21999979019165,6.21999979019165,238,0.0,0.0
2024-11-08 10:36:00-05:00,6.212500095367432,6.212500095367432,6.212500095367432,6.212500095367432,2462,0.0,0.0
2024-11-08 10:37:00-05:00,6.239999771118164,6.239999771118164,6.230000019073486,6.230000019073486,2919,0.0,0.0
2024-11-08 10:38:00-05:00,6.21999979019165,6.230000019073486,6.21999979019165,6.230000019073486,2629,0.0,0.0
2024-11-08 10:39:00-05:00,6.239999771118164,6.25,6.239999771118164,6.25,1684,0.0,0.0
2024-11-08 10:40:00-05:00,6.21999979019165,6.21999979019165,6.210000038146973,6.210000038146973,2586,0.0,0.0
2024-11-08 10:42:00-05:00,6.210000038146973,6.210000038146973,6.210000038146973,6.210000038146973,1855,0.0,0.0
2024-11-08 10:43:00-05:00,6.199999809265137,6.230000019073486,6.199999809265137,6.210000038146973,5064,0.0,0.0
2024-11-08 10:44:00-05:00,6.199999809265137,6.199999809265137,6.199999809265137,6.199999809265137,3722,0.0,0.0
2024-11-08 10:45:00-05:00,6.210000038146973,6.210000038146973,6.210000038146973,6.210000038146973,469,0.0,0.0
2024-11-08 10:46:00-05:00,6.210000038146973,6.21999979019165,6.210000038146973,6.21999979019165,1236,0.0,0.0
2024-11-08 10:48:00-05:00,6.199999809265137,6.199999809265137,6.170000076293945,6.170000076293945,4228,0.0,0.0
2024-11-08 10:49:00-05:00,6.1620001792907715,6.179999828338623,6.1620001792907715,6.179999828338623,2332,0.0,0.0
2024-11-08 10:50:00-05:00,6.190000057220459,6.190000057220459,6.170000076293945,6.170000076293945,2952,0.0,0.0
2024-11-08 10:51:00-05:00,6.168000221252441,6.168000221252441,6.168000221252441,6.168000221252441,126,0.0,0.0
2024-11-08 10:52:00-05:00,6.159999847412109,6.159999847412109,6.159999847412109,6.159999847412109,1484,0.0,0.0
2024-11-08 10:53:00-05:00,6.159999847412109,6.1605000495910645,6.159999847412109,6.159999847412109,2571,0.0,0.0
2024-11-08 10:54:00-05:00,6.170000076293945,6.170000076293945,6.170000076293945,6.170000076293945,1163,0.0,0.0
2024-11-08 10:55:00-05:00,6.159999847412109,6.170000076293945,6.139999866485596,6.150000095367432,6656,0.0,0.0
2024-11-08 10:56:00-05:00,6.159999847412109,6.159999847412109,6.159999847412109,6.159999847412109,535,0.0,0.0
2024-11-08 10:57:00-05:00,6.159999847412109,6.184899806976318,6.159999847412109,6.184899806976318,6449,0.0,0.0
2024-11-08 10:59:00-05:00,6.199999809265137,6.199999809265137,6.179999828338623,6.190000057220459,2264,0.0,0.0
2024-11-08 11:00:00-05:00,6.179999828338623,6.199999809265137,6.179999828338623,6.199999809265137,4564,0.0,0.0
2024-11-08 11:01:00-05:00,6.199999809265137,6.199999809265137,6.190000057220459,6.199999809265137,2545,0.0,0.0
2024-11-08 11:03:00-05:00,6.204999923706055,6.21999979019165,6.199999809265137,6.210000038146973,2528,0.0,0.0
2024-11-08 11:04:00-05:00,6.210000038146973,6.21999979019165,6.199999809265137,6.21999979019165,7080,0.0,0.0
2024-11-08 11:05:00-05:00,6.21999979019165,6.260000228881836,6.21999979019165,6.25,4102,0.0,0.0
2024-11-08 11:06:00-05:00,6.239999771118164,6.25,6.230000019073486,6.239999771118164,4655,0.0,0.0
2024-11-08 11:07:00-05:00,6.239999771118164,6.239999771118164,6.239999771118164,6.239999771118164,224,0.0,0.0
2024-11-08 11:08:00-05:00,6.25,6.28000020980835,6.239999771118164,6.28000020980835,5492,0.0,0.0
2024-11-08 11:09:00-05:00,6.300000190734863,6.300000190734863,6.275000095367432,6.289700031280518,4151,0.0,0.0
2024-11-08 11:10:00-05:00,6.289999961853027,6.300000190734863,6.289999961853027,6.289999961853027,648,0.0,0.0
2024-11-08 11:11:00-05:00,6.284999847412109,6.284999847412109,6.284999847412109,6.284999847412109,1128,0.0,0.0
2024-11-08 11:12:00-05:00,6.28000020980835,6.289999961853027,6.25,6.289999961853027,3499,0.0,0.0
2024-11-08 11:13:00-05:00,6.289999961853027,6.289999961853027,6.269999980926514,6.269999980926514,2408,0.0,0.0
2024-11-08 11:14:00-05:00,6.271999835968018,6.271999835968018,6.255000114440918,6.255000114440918,2313,0.0,0.0
2024-11-08 11:17:00-05:00,6.269899845123291,6.269899845123291,6.260000228881836,6.260000228881836,481,0.0,0.0
2024-11-08 11:19:00-05:00,6.25,6.260000228881836,6.25,6.25,1936,0.0,0.0
2024-11-08 11:20:00-05:00,6.25,6.269999980926514,6.25,6.269999980926514,2722,0.0,0.0
2024-11-08 11:21:00-05:00,6.269999980926514,6.269999980926514,6.260000228881836,6.260000228881836,1695,0.0,0.0
2024-11-08 11:22:00-05:00,6.239999771118164,6.239999771118164,6.239999771118164,6.239999771118164,656,0.0,0.0
2024-11-08 11:23:00-05:00,6.25,6.270400047302246,6.25,6.269999980926514,2092,0.0,0.0
2024-11-08 11:24:00-05:00,6.260000228881836,6.260000228881836,6.260000228881836,6.260000228881836,1180,0.0,0.0
2024-11-08 11:25:00-05:00,6.260000228881836,6.260000228881836,6.260000228881836,6.260000228881836,536,0.0,0.0
2024-11-08 11:26:00-05:00,6.269999980926514,6.28000020980835,6.269999980926514,6.28000020980835,1987,0.0,0.0
2024-11-08 11:27:00-05:00,6.2829999923706055,6.2829999923706055,6.2829999923706055,6.2829999923706055,881,0.0,0.0
2024-11-08 11:28:00-05:00,6.269999980926514,6.269999980926514,6.269999980926514,6.269999980926514,457,0.0,0.0
2024-11-08 11:30:00-05:00,6.28000020980835,6.28000020980835,6.269999980926514,6.269999980926514,2784,0.0,0.0
2024-11-08 11:32:00-05:00,6.25,6.25,6.25,6.25,232,0.0,0.0
2024-11-08 11:33:00-05:00,6.260000228881836,6.260000228881836,6.255000114440918,6.255000114440918,2291,0.0,0.0
2024-11-08 11:34:00-05:00,6.260000228881836,6.269999980926514,6.260000228881836,6.269999980926514,1282,0.0,0.0
2024-11-08 11:35:00-05:00,6.28000020980835,6.300000190734863,6.28000020980835,6.300000190734863,3585,0.0,0.0
2024-11-08 11:36:00-05:00,6.309999942779541,6.320000171661377,6.309999942779541,6.309999942779541,3920,0.0,0.0
2024-11-08 11:37:00-05:00,6.300000190734863,6.300000190734863,6.289999961853027,6.289999961853027,1377,0.0,0.0
2024-11-08 11:38:00-05:00,6.289999961853027,6.289999961853027,6.289999961853027,6.289999961853027,811,0.0,0.0
2024-11-08 11:40:00-05:00,6.284999847412109,6.284999847412109,6.284999847412109,6.284999847412109,541,0.0,0.0
2024-11-08 11:41:00-05:00,6.281899929046631,6.281899929046631,6.281899929046631,6.281899929046631,1623,0.0,0.0
2024-11-08 11:42:00-05:00,6.269999980926514,6.269999980926514,6.269999980926514,6.269999980926514,1635,0.0,0.0
2024-11-08 11:43:00-05:00,6.25,6.25,6.239999771118164,6.244999885559082,1416,0.0,0.0
2024-11-08 11:44:00-05:00,6.230000019073486,6.2434000968933105,6.230000019073486,6.2434000968933105,771,0.0,0.0
2024-11-08 11:45:00-05:00,6.230199813842773,6.244999885559082,6.230199813842773,6.244999885559082,1230,0.0,0.0
2024-11-08 11:46:00-05:00,6.244999885559082,6.25,6.244999885559082,6.244999885559082,2181,0.0,0.0
2024-11-08 11:47:00-05:00,6.239999771118164,6.25,6.239999771118164,6.25,728,0.0,0.0
2024-11-08 11:48:00-05:00,6.25,6.260000228881836,6.25,6.260000228881836,3790,0.0,0.0
2024-11-08 11:49:00-05:00,6.269999980926514,6.269999980926514,6.260000228881836,6.264999866485596,4371,0.0,0.0
2024-11-08 11:50:00-05:00,6.269999980926514,6.269999980926514,6.260000228881836,6.269999980926514,2718,0.0,0.0
2024-11-08 11:51:00-05:00,6.269999980926514,6.289999961853027,6.269999980926514,6.289999961853027,1146,0.0,0.0
2024-11-08 11:52:00-05:00,6.300000190734863,6.320000171661377,6.300000190734863,6.314300060272217,1752,0.0,0.0
2024-11-08 11:54:00-05:00,6.320000171661377,6.340000152587891,6.320000171661377,6.340000152587891,3030,0.0,0.0
2024-11-08 11:56:00-05:00,6.340000152587891,6.349999904632568,6.309999942779541,6.309999942779541,3913,0.0,0.0
2024-11-08 11:57:00-05:00,6.300000190734863,6.309999942779541,6.289999961853027,6.300000190734863,4368,0.0,0.0
2024-11-08 12:01:00-05:00,6.289999961853027,6.289999961853027,6.289999961853027,6.289999961853027,900,0.0,0.0
2024-11-08 12:02:00-05:00,6.289999961853027,6.289999961853027,6.289999961853027,6.289999961853027,169,0.0,0.0
2024-11-08 12:03:00-05:00,6.300000190734863,6.309999942779541,6.300000190734863,6.304999828338623,2671,0.0,0.0
2024-11-08 12:04:00-05:00,6.304999828338623,6.349999904632568,6.295000076293945,6.349999904632568,5431,0.0,0.0
2024-11-08 12:05:00-05:00,6.349999904632568,6.349999904632568,6.340000152587891,6.34499979019165,1091,0.0,0.0
2024-11-08 12:07:00-05:00,6.340000152587891,6.349999904632568,6.340000152587891,6.349999904632568,1081,0.0,0.0
2024-11-08 12:08:00-05:00,6.340000152587891,6.340000152587891,6.340000152587891,6.340000152587891,800,0.0,0.0
2024-11-08 12:09:00-05:00,6.329999923706055,6.329999923706055,6.329999923706055,6.329999923706055,380,0.0,0.0
2024-11-08 12:10:00-05:00,6.309999942779541,6.309999942779541,6.309999942779541,6.309999942779541,416,0.0,0.0
2024-11-08 12:11:00-05:00,6.309999942779541,6.309999942779541,6.309999942779541,6.309999942779541,580,0.0,0.0
2024-11-08 12:12:00-05:00,6.309999942779541,6.329899787902832,6.309999942779541,6.329899787902832,820,0.0,0.0
2024-11-08 12:13:00-05:00,6.309999942779541,6.320000171661377,6.309999942779541,6.309999942779541,538,0.0,0.0
2024-11-08 12:14:00-05:00,6.315000057220459,6.315000057220459,6.309999942779541,6.309999942779541,1304,0.0,0.0
2024-11-08 12:15:00-05:00,6.309999942779541,6.309999942779541,6.309999942779541,6.309999942779541,1188,0.0,0.0
2024-11-08 12:16:00-05:00,6.300000190734863,6.300000190734863,6.298699855804443,6.298699855804443,482,0.0,0.0
2024-11-08 12:17:00-05:00,6.295000076293945,6.309999942779541,6.295000076293945,6.295000076293945,1646,0.0,0.0
2024-11-08 12:19:00-05:00,6.295000076293945,6.295000076293945,6.295000076293945,6.295000076293945,265,0.0,0.0
2024-11-08 12:20:00-05:00,6.3007001876831055,6.3007001876831055,6.3007001876831055,6.3007001876831055,529,0.0,0.0
2024-11-08 12:21:00-05:00,6.295000076293945,6.300000190734863,6.295000076293945,6.300000190734863,458,0.0,0.0
2024-11-08 12:22:00-05:00,6.295000076293945,6.295000076293945,6.295000076293945,6.295000076293945,290,0.0,0.0
2024-11-08 12:23:00-05:00,6.28000020980835,6.300000190734863,6.28000020980835,6.28000020980835,13163,0.0,0.0
2024-11-08 12:24:00-05:00,6.284999847412109,6.284999847412109,6.284999847412109,6.284999847412109,464,0.0,0.0
2024-11-08 12:25:00-05:00,6.300000190734863,6.300000190734863,6.295000076293945,6.295000076293945,1275,0.0,0.0
2024-11-08 12:27:00-05:00,6.289999961853027,6.289999961853027,6.269999980926514,6.269999980926514,2429,0.0,0.0
2024-11-08 12:28:00-05:00,6.28000020980835,6.309999942779541,6.28000020980835,6.30019998550415,8358,0.0,0.0
2024-11-08 12:31:00-05:00,6.320000171661377,6.329999923706055,6.320000171661377,6.324999809265137,2048,0.0,0.0
2024-11-08 12:32:00-05:00,6.320000171661377,6.320000171661377,6.320000171661377,6.320000171661377,1330,0.0,0.0
2024-11-08 12:34:00-05:00,6.309999942779541,6.340000152587891,6.309999942779541,6.331399917602539,7339,0.0,0.0
2024-11-08 12:35:00-05:00,6.329999923706055,6.329999923706055,6.320000171661377,6.320000171661377,977,0.0,0.0
2024-11-08 12:36:00-05:00,6.320000171661377,6.324999809265137,6.309999942779541,6.320000171661377,2881,0.0,0.0
2024-11-08 12:37:00-05:00,6.320000171661377,6.320000171661377,6.3196001052856445,6.3196001052856445,712,0.0,0.0
2024-11-08 12:38:00-05:00,6.320799827575684,6.329999923706055,6.320799827575684,6.329999923706055,773,0.0,0.0
2024-11-08 12:40:00-05:00,6.309999942779541,6.320000171661377,6.309999942779541,6.320000171661377,4486,0.0,0.0
2024-11-08 12:42:00-05:00,6.320000171661377,6.320000171661377,6.320000171661377,6.320000171661377,1361,0.0,0.0
2024-11-08 12:43:00-05:00,6.324999809265137,6.324999809265137,6.324999809265137,6.324999809265137,809,0.0,0.0
2024-11-08 12:44:00-05:00,6.320000171661377,6.324999809265137,6.320000171661377,6.320000171661377,3081,0.0,0.0
2024-11-08 12:45:00-05:00,6.320000171661377,6.320000171661377,6.320000171661377,6.320000171661377,2503,0.0,0.0
2024-11-08 12:46:00-05:00,6.324999809265137,6.324999809265137,6.318299770355225,6.320000171661377,1223,0.0,0.0
2024-11-08 12:47:00-05:00,6.32420015335083,6.32420015335083,6.320000171661377,6.320000171661377,904,0.0,0.0
2024-11-08 12:48:00-05:00,6.320000171661377,6.320000171661377,6.320000171661377,6.320000171661377,239,0.0,0.0
2024-11-08 12:49:00-05:00,6.329999923706055,6.329999923706055,6.329999923706055,6.329999923706055,206,0.0,0.0
2024-11-08 12:50:00-05:00,6.329999923706055,6.335000038146973,6.329999923706055,6.329999923706055,3038,0.0,0.0
2024-11-08 12:52:00-05:00,6.320000171661377,6.320000171661377,6.309999942779541,6.320000171661377,4974,0.0,0.0
2024-11-08 12:54:00-05:00,6.320700168609619,6.321800231933594,6.320000171661377,6.321800231933594,1664,0.0,0.0
2024-11-08 12:55:00-05:00,6.320000171661377,6.320000171661377,6.320000171661377,6.320000171661377,325,0.0,0.0
2024-11-08 12:56:00-05:00,6.309999942779541,6.320000171661377,6.309999942779541,6.320000171661377,1603,0.0,0.0
2024-11-08 12:57:00-05:00,6.329999923706055,6.349999904632568,6.329999923706055,6.340000152587891,4417,0.0,0.0
2024-11-08 12:58:00-05:00,6.329999923706055,6.34499979019165,6.329999923706055,6.34499979019165,857,0.0,0.0
2024-11-08 12:59:00-05:00,6.349999904632568,6.349999904632568,6.329999923706055,6.329999923706055,1683,0.0,0.0
2024-11-08 13:00:00-05:00,6.349999904632568,6.389999866485596,6.349999904632568,6.389999866485596,3180,0.0,0.0
2024-11-08 13:01:00-05:00,6.400000095367432,6.409999847412109,6.400000095367432,6.400000095367432,1645,0.0,0.0
2024-11-08 13:02:00-05:00,6.389999866485596,6.4390997886657715,6.389999866485596,6.425000190734863,2394,0.0,0.0
2024-11-08 13:03:00-05:00,6.420000076293945,6.420000076293945,6.389999866485596,6.389999866485596,3024,0.0,0.0
2024-11-08 13:05:00-05:00,6.409999847412109,6.409999847412109,6.389999866485596,6.389999866485596,1973,0.0,0.0
2024-11-08 13:06:00-05:00,6.389999866485596,6.389999866485596,6.389999866485596,6.389999866485596,1101,0.0,0.0
2024-11-08 13:07:00-05:00,6.400000095367432,6.420000076293945,6.389999866485596,6.420000076293945,1865,0.0,0.0
2024-11-08 13:08:00-05:00,6.409999847412109,6.409999847412109,6.409999847412109,6.409999847412109,426,0.0,0.0
2024-11-08 13:09:00-05:00,6.409999847412109,6.409999847412109,6.400000095367432,6.400000095367432,620,0.0,0.0
2024-11-08 13:10:00-05:00,6.409999847412109,6.409999847412109,6.400000095367432,6.400000095367432,2297,0.0,0.0
2024-11-08 13:11:00-05:00,6.409999847412109,6.409999847412109,6.389999866485596,6.389999866485596,432,0.0,0.0
2024-11-08 13:12:00-05:00,6.394999980926514,6.409999847412109,6.394999980926514,6.409999847412109,855,0.0,0.0
2024-11-08 13:13:00-05:00,6.389999866485596,6.389999866485596,6.389999866485596,6.389999866485596,253,0.0,0.0
2024-11-08 13:14:00-05:00,6.389999866485596,6.400000095367432,6.388199806213379,6.400000095367432,4507,0.0,0.0
2024-11-08 13:15:00-05:00,6.390600204467773,6.390600204467773,6.389999866485596,6.389999866485596,3669,0.0,0.0
2024-11-08 13:16:00-05:00,6.389999866485596,6.389999866485596,6.389999866485596,6.389999866485596,536,0.0,0.0
2024-11-08 13:17:00-05:00,6.389999866485596,6.389999866485596,6.389999866485596,6.389999866485596,379,0.0,0.0
2024-11-08 13:18:00-05:00,6.389999866485596,6.389999866485596,6.389999866485596,6.389999866485596,1630,0.0,0.0
2024-11-08 13:19:00-05:00,6.400000095367432,6.400000095367432,6.394999980926514,6.400000095367432,936,0.0,0.0
2024-11-08 13:20:00-05:00,6.400000095367432,6.420000076293945,6.400000095367432,6.420000076293945,1487,0.0,0.0
2024-11-08 13:21:00-05:00,6.425000190734863,6.425000190734863,6.425000190734863,6.425000190734863,561,0.0,0.0
2024-11-08 13:22:00-05:00,6.429999828338623,6.429999828338623,6.429999828338623,6.429999828338623,147,0.0,0.0
2024-11-08 13:23:00-05:00,6.420000076293945,6.429999828338623,6.420000076293945,6.429999828338623,12345,0.0,0.0
2024-11-08 13:24:00-05:00,6.429999828338623,6.429999828338623,6.420000076293945,6.420000076293945,1229,0.0,0.0
2024-11-08 13:26:00-05:00,6.420000076293945,6.420000076293945,6.409999847412109,6.420000076293945,839,0.0,0.0
2024-11-08 13:27:00-05:00,6.420000076293945,6.420000076293945,6.400000095367432,6.420000076293945,2501,0.0,0.0
2024-11-08 13:28:00-05:00,6.425000190734863,6.425000190734863,6.425000190734863,6.425000190734863,652,0.0,0.0
2024-11-08 13:30:00-05:00,6.420000076293945,6.420000076293945,6.420000076293945,6.420000076293945,524,0.0,0.0
2024-11-08 13:31:00-05:00,6.425000190734863,6.425000190734863,6.425000190734863,6.425000190734863,371,0.0,0.0
2024-11-08 13:32:00-05:00,6.425000190734863,6.425000190734863,6.400000095367432,6.400000095367432,1659,0.0,0.0
2024-11-08 13:34:00-05:00,6.380000114440918,6.385000228881836,6.380000114440918,6.385000228881836,1174,0.0,0.0
2024-11-08 13:35:00-05:00,6.375,6.380000114440918,6.369999885559082,6.369999885559082,434,0.0,0.0
2024-11-08 13:36:00-05:00,6.375,6.389999866485596,6.369999885559082,6.369999885559082,2649,0.0,0.0
2024-11-08 13:37:00-05:00,6.380000114440918,6.400000095367432,6.380000114440918,6.400000095367432,3932,0.0,0.0
2024-11-08 13:38:00-05:00,6.400000095367432,6.400000095367432,6.389999866485596,6.389999866485596,1105,0.0,0.0
2024-11-08 13:40:00-05:00,6.389999866485596,6.389999866485596,6.389999866485596,6.389999866485596,299,0.0,0.0
2024-11-08 13:41:00-05:00,6.380000114440918,6.380000114440918,6.369999885559082,6.369999885559082,1403,0.0,0.0
2024-11-08 13:42:00-05:00,6.364999771118164,6.369999885559082,6.360000133514404,6.360000133514404,1948,0.0,0.0
2024-11-08 13:44:00-05:00,6.369999885559082,6.369999885559082,6.364999771118164,6.364999771118164,1478,0.0,0.0
2024-11-08 13:45:00-05:00,6.364999771118164,6.364999771118164,6.360000133514404,6.360000133514404,732,0.0,0.0
2024-11-08 13:46:00-05:00,6.349999904632568,6.355000019073486,6.34499979019165,6.355000019073486,2157,0.0,0.0
2024-11-08 13:47:00-05:00,6.349999904632568,6.349999904632568,6.340000152587891,6.340000152587891,837,0.0,0.0
2024-11-08 13:48:00-05:00,6.340000152587891,6.340000152587891,6.340000152587891,6.340000152587891,153,0.0,0.0
2024-11-08 13:49:00-05:00,6.34060001373291,6.349800109863281,6.34060001373291,6.349800109863281,569,0.0,0.0
2024-11-08 13:50:00-05:00,6.340000152587891,6.349999904632568,6.340000152587891,6.349999904632568,532,0.0,0.0
2024-11-08 13:51:00-05:00,6.349999904632568,6.360000133514404,6.349999904632568,6.360000133514404,1399,0.0,0.0
2024-11-08 13:52:00-05:00,6.355000019073486,6.355000019073486,6.355000019073486,6.355000019073486,149,0.0,0.0
2024-11-08 13:53:00-05:00,6.360000133514404,6.360000133514404,6.360000133514404,6.360000133514404,109,0.0,0.0
2024-11-08 13:54:00-05:00,6.349999904632568,6.355000019073486,6.349999904632568,6.355000019073486,350,0.0,0.0
2024-11-08 13:55:00-05:00,6.355999946594238,6.355999946594238,6.349999904632568,6.349999904632568,3252,0.0,0.0
2024-11-08 13:56:00-05:00,6.352099895477295,6.369999885559082,6.340000152587891,6.369999885559082,6604,0.0,0.0
2024-11-08 13:57:00-05:00,6.380000114440918,6.380000114440918,6.380000114440918,6.380000114440918,209,0.0,0.0
2024-11-08 13:58:00-05:00,6.389999866485596,6.389999866485596,6.380000114440918,6.380000114440918,2127,0.0,0.0
2024-11-08 13:59:00-05:00,6.360000133514404,6.360000133514404,6.340000152587891,6.349999904632568,1298,0.0,0.0
2024-11-08 14:00:00-05:00,6.34499979019165,6.34499979019165,6.34499979019165,6.34499979019165,303,0.0,0.0
2024-11-08 14:01:00-05:00,6.34499979019165,6.34499979019165,6.329999923706055,6.329999923706055,909,0.0,0.0
2024-11-08 14:02:00-05:00,6.329999923706055,6.329999923706055,6.329999923706055,6.329999923706055,103,0.0,0.0
2024-11-08 14:03:00-05:00,6.324999809265137,6.340000152587891,6.324999809265137,6.324999809265137,1901,0.0,0.0
2024-11-08 14:04:00-05:00,6.324999809265137,6.324999809265137,6.324999809265137,6.324999809265137,614,0.0,0.0
2024-11-08 14:05:00-05:00,6.324999809265137,6.324999809265137,6.320000171661377,6.320000171661377,1181,0.0,0.0
2024-11-08 14:07:00-05:00,6.324999809265137,6.324999809265137,6.324999809265137,6.324999809265137,431,0.0,0.0
2024-11-08 14:09:00-05:00,6.324999809265137,6.324999809265137,6.320000171661377,6.320000171661377,4438,0.0,0.0
2024-11-08 14:10:00-05:00,6.324999809265137,6.329999923706055,6.309999942779541,6.320000171661377,5120,0.0,0.0
2024-11-08 14:11:00-05:00,6.324999809265137,6.324999809265137,6.324999809265137,6.324999809265137,688,0.0,0.0
2024-11-08 14:13:00-05:00,6.309999942779541,6.309999942779541,6.309999942779541,6.309999942779541,15157,0.0,0.0
2024-11-08 14:14:00-05:00,6.320000171661377,6.320000171661377,6.315000057220459,6.315000057220459,2273,0.0,0.0
2024-11-08 14:16:00-05:00,6.309999942779541,6.309999942779541,6.309999942779541,6.309999942779541,255,0.0,0.0
2024-11-08 14:17:00-05:00,6.315000057220459,6.315000057220459,6.309999942779541,6.309999942779541,611,0.0,0.0
2024-11-08 14:18:00-05:00,6.315000057220459,6.315000057220459,6.315000057220459,6.315000057220459,506,0.0,0.0
2024-11-08 14:19:00-05:00,6.315000057220459,6.315000057220459,6.315000057220459,6.315000057220459,1004,0.0,0.0
2024-11-08 14:20:00-05:00,6.320000171661377,6.340000152587891,6.309999942779541,6.320000171661377,7143,0.0,0.0
2024-11-08 14:21:00-05:00,6.320000171661377,6.320000171661377,6.309999942779541,6.320000171661377,5779,0.0,0.0
2024-11-08 14:22:00-05:00,6.309999942779541,6.320000171661377,6.309999942779541,6.320000171661377,8880,0.0,0.0
2024-11-08 14:23:00-05:00,6.320000171661377,6.320000171661377,6.320000171661377,6.320000171661377,430,0.0,0.0
2024-11-08 14:24:00-05:00,6.320000171661377,6.320000171661377,6.316400051116943,6.316400051116943,1923,0.0,0.0
2024-11-08 14:26:00-05:00,6.329999923706055,6.329999923706055,6.309999942779541,6.309999942779541,1124,0.0,0.0
2024-11-08 14:27:00-05:00,6.320000171661377,6.329999923706055,6.320000171661377,6.329999923706055,2274,0.0,0.0
2024-11-08 14:28:00-05:00,6.340000152587891,6.340000152587891,6.320000171661377,6.324999809265137,2828,0.0,0.0
2024-11-08 14:29:00-05:00,6.329999923706055,6.329999923706055,6.324999809265137,6.324999809265137,1389,0.0,0.0
2024-11-08 14:30:00-05:00,6.324999809265137,6.324999809265137,6.315000057220459,6.315000057220459,1930,0.0,0.0
2024-11-08 14:32:00-05:00,6.309999942779541,6.309999942779541,6.309999942779541,6.309999942779541,851,0.0,0.0
2024-11-08 14:34:00-05:00,6.309999942779541,6.309999942779541,6.309999942779541,6.309999942779541,205,0.0,0.0
2024-11-08 14:35:00-05:00,6.309999942779541,6.320000171661377,6.309999942779541,6.320000171661377,846,0.0,0.0
2024-11-08 14:36:00-05:00,6.320000171661377,6.329999923706055,6.309999942779541,6.329999923706055,5126,0.0,0.0
2024-11-08 14:37:00-05:00,6.339900016784668,6.339900016784668,6.339900016784668,6.339900016784668,503,0.0,0.0
2024-11-08 14:38:00-05:00,6.335000038146973,6.349999904632568,6.335000038146973,6.349999904632568,5347,0.0,0.0
2024-11-08 14:39:00-05:00,6.349999904632568,6.349999904632568,6.349999904632568,6.349999904632568,233,0.0,0.0
2024-11-08 14:40:00-05:00,6.34499979019165,6.34499979019165,6.34499979019165,6.34499979019165,1139,0.0,0.0
2024-11-08 14:41:00-05:00,6.340000152587891,6.340000152587891,6.340000152587891,6.340000152587891,1073,0.0,0.0
2024-11-08 14:42:00-05:00,6.34499979019165,6.34499979019165,6.34499979019165,6.34499979019165,687,0.0,0.0
2024-11-08 14:43:00-05:00,6.340000152587891,6.34499979019165,6.335000038146973,6.340000152587891,8975,0.0,0.0
2024-11-08 14:44:00-05:00,6.34499979019165,6.34499979019165,6.34499979019165,6.34499979019165,699,0.0,0.0
2024-11-08 14:45:00-05:00,6.34499979019165,6.349899768829346,6.34499979019165,6.349899768829346,1444,0.0,0.0
2024-11-08 14:47:00-05:00,6.349999904632568,6.369800090789795,6.349999904632568,6.369800090789795,3949,0.0,0.0
2024-11-08 14:50:00-05:00,6.360000133514404,6.369999885559082,6.360000133514404,6.369999885559082,1340,0.0,0.0
2024-11-08 14:51:00-05:00,6.380000114440918,6.400000095367432,6.380000114440918,6.400000095367432,3098,0.0,0.0
2024-11-08 14:52:00-05:00,6.389999866485596,6.400000095367432,6.380000114440918,6.400000095367432,3434,0.0,0.0
2024-11-08 14:53:00-05:00,6.394999980926514,6.39709997177124,6.394999980926514,6.39709997177124,785,0.0,0.0
2024-11-08 14:54:00-05:00,6.400000095367432,6.409999847412109,6.400000095367432,6.404900074005127,2587,0.0,0.0
2024-11-08 14:55:00-05:00,6.409999847412109,6.409999847412109,6.409999847412109,6.409999847412109,1383,0.0,0.0
2024-11-08 14:58:00-05:00,6.40500020980835,6.40500020980835,6.400000095367432,6.400000095367432,2971,0.0,0.0
2024-11-08 15:00:00-05:00,6.389999866485596,6.409999847412109,6.389999866485596,6.409999847412109,1086,0.0,0.0
2024-11-08 15:01:00-05:00,6.400000095367432,6.400000095367432,6.400000095367432,6.400000095367432,168,0.0,0.0
2024-11-08 15:02:00-05:00,6.400000095367432,6.400000095367432,6.400000095367432,6.400000095367432,859,0.0,0.0
2024-11-08 15:04:00-05:00,6.389999866485596,6.420000076293945,6.389999866485596,6.420000076293945,6069,0.0,0.0
2024-11-08 15:06:00-05:00,6.429999828338623,6.440000057220459,6.429999828338623,6.440000057220459,1795,0.0,0.0
2024-11-08 15:08:00-05:00,6.429999828338623,6.429999828338623,6.409999847412109,6.409999847412109,1711,0.0,0.0
2024-11-08 15:09:00-05:00,6.400000095367432,6.409999847412109,6.400000095367432,6.409999847412109,4693,0.0,0.0
2024-11-08 15:11:00-05:00,6.414999961853027,6.420000076293945,6.409999847412109,6.420000076293945,1803,0.0,0.0
2024-11-08 15:12:00-05:00,6.409999847412109,6.409999847412109,6.400000095367432,6.400000095367432,1673,0.0,0.0
2024-11-08 15:13:00-05:00,6.40500020980835,6.40500020980835,6.40500020980835,6.40500020980835,357,0.0,0.0
2024-11-08 15:15:00-05:00,6.40500020980835,6.40500020980835,6.400000095367432,6.400000095367432,620,0.0,0.0
2024-11-08 15:16:00-05:00,6.409999847412109,6.409999847412109,6.400000095367432,6.409999847412109,4749,0.0,0.0
2024-11-08 15:17:00-05:00,6.414999961853027,6.414999961853027,6.414999961853027,6.414999961853027,600,0.0,0.0
2024-11-08 15:19:00-05:00,6.409999847412109,6.414999961853027,6.409999847412109,6.414999961853027,745,0.0,0.0
2024-11-08 15:20:00-05:00,6.414999961853027,6.414999961853027,6.414999961853027,6.414999961853027,357,0.0,0.0
2024-11-08 15:21:00-05:00,6.414999961853027,6.414999961853027,6.414999961853027,6.414999961853027,1180,0.0,0.0
2024-11-08 15:22:00-05:00,6.414999961853027,6.414999961853027,6.414999961853027,6.414999961853027,136,0.0,0.0
2024-11-08 15:23:00-05:00,6.414999961853027,6.428999900817871,6.409999847412109,6.420000076293945,6196,0.0,0.0
2024-11-08 15:24:00-05:00,6.429999828338623,6.429999828338623,6.429999828338623,6.429999828338623,2994,0.0,0.0
2024-11-08 15:25:00-05:00,6.425000190734863,6.425000190734863,6.425000190734863,6.425000190734863,991,0.0,0.0
2024-11-08 15:27:00-05:00,6.429999828338623,6.429999828338623,6.429999828338623,6.429999828338623,934,0.0,0.0
2024-11-08 15:28:00-05:00,6.440000057220459,6.440000057220459,6.434999942779541,6.434999942779541,982,0.0,0.0
2024-11-08 15:29:00-05:00,6.434999942779541,6.440000057220459,6.434999942779541,6.440000057220459,1051,0.0,0.0
2024-11-08 15:30:00-05:00,6.434999942779541,6.440000057220459,6.429999828338623,6.440000057220459,7861,0.0,0.0
2024-11-08 15:31:00-05:00,6.440000057220459,6.440000057220459,6.440000057220459,6.440000057220459,544,0.0,0.0
2024-11-08 15:32:00-05:00,6.440000057220459,6.440000057220459,6.440000057220459,6.440000057220459,562,0.0,0.0
2024-11-08 15:34:00-05:00,6.429999828338623,6.429999828338623,6.429999828338623,6.429999828338623,796,0.0,0.0
2024-11-08 15:35:00-05:00,6.434999942779541,6.434999942779541,6.434999942779541,6.434999942779541,416,0.0,0.0
2024-11-08 15:36:00-05:00,6.440000057220459,6.445000171661377,6.440000057220459,6.440000057220459,1731,0.0,0.0
2024-11-08 15:37:00-05:00,6.449999809265137,6.449999809265137,6.440000057220459,6.440000057220459,2479,0.0,0.0
2024-11-08 15:38:00-05:00,6.429999828338623,6.434999942779541,6.429999828338623,6.434999942779541,342,0.0,0.0
2024-11-08 15:39:00-05:00,6.4355998039245605,6.4355998039245605,6.434999942779541,6.434999942779541,1319,0.0,0.0
2024-11-08 15:40:00-05:00,6.434999942779541,6.449999809265137,6.434999942779541,6.449999809265137,6460,0.0,0.0
2024-11-08 15:41:00-05:00,6.460000038146973,6.460000038146973,6.460000038146973,6.460000038146973,1623,0.0,0.0
2024-11-08 15:42:00-05:00,6.460000038146973,6.46999979019165,6.460000038146973,6.46999979019165,1852,0.0,0.0
2024-11-08 15:43:00-05:00,6.465000152587891,6.489999771118164,6.465000152587891,6.489999771118164,4891,0.0,0.0
2024-11-08 15:44:00-05:00,6.485000133514404,6.485000133514404,6.485000133514404,6.485000133514404,861,0.0,0.0
2024-11-08 15:45:00-05:00,6.485000133514404,6.499000072479248,6.480000019073486,6.480000019073486,8395,0.0,0.0
2024-11-08 15:46:00-05:00,6.474999904632568,6.474999904632568,6.465000152587891,6.465000152587891,2201,0.0,0.0
2024-11-08 15:47:00-05:00,6.46999979019165,6.474999904632568,6.46999979019165,6.474999904632568,3367,0.0,0.0
2024-11-08 15:48:00-05:00,6.479000091552734,6.479000091552734,6.474999904632568,6.474999904632568,698,0.0,0.0
2024-11-08 15:49:00-05:00,6.480000019073486,6.480000019073486,6.480000019073486,6.480000019073486,3403,0.0,0.0
2024-11-08 15:50:00-05:00,6.485000133514404,6.489999771118164,6.480000019073486,6.485000133514404,3221,0.0,0.0
2024-11-08 15:51:00-05:00,6.489999771118164,6.510000228881836,6.489999771118164,6.510000228881836,5074,0.0,0.0
2024-11-08 15:52:00-05:00,6.514999866485596,6.519999980926514,6.510900020599365,6.519999980926514,6802,0.0,0.0
2024-11-08 15:53:00-05:00,6.519999980926514,6.519999980926514,6.510000228881836,6.514999866485596,2441,0.0,0.0
2024-11-08 15:54:00-05:00,6.510000228881836,6.519999980926514,6.510000228881836,6.519999980926514,2152,0.0,0.0
2024-11-08 15:55:00-05:00,6.514999866485596,6.53000020980835,6.510000228881836,6.525000095367432,11128,0.0,0.0
2024-11-08 15:56:00-05:00,6.519999980926514,6.525000095367432,6.505000114440918,6.514999866485596,19042,0.0,0.0
2024-11-08 15:57:00-05:00,6.510000228881836,6.519999980926514,6.510000228881836,6.519899845123291,9573,0.0,0.0
2024-11-08 15:58:00-05:00,6.519999980926514,6.53000020980835,6.514999866485596,6.53000020980835,21282,0.0,0.0
2024-11-08 15:59:00-05:00,6.53000020980835,6.550000190734863,6.53000020980835,6.539999961853027,36987,0.0,0.0
