Datetime,Open,High,Low,Close,Volume,Dividends,Stock Splits
2024-11-04 09:30:00-05:00,78.51000213623047,78.51000213623047,78.12000274658203,78.12000274658203,1108,0.0,0.0
2024-11-04 09:31:00-05:00,78.52999877929688,78.52999877929688,78.52999877929688,78.52999877929688,165,0.0,0.0
2024-11-04 09:32:00-05:00,78.94999694824219,78.95999908447266,78.94999694824219,78.95999908447266,247,0.0,0.0
2024-11-04 09:33:00-05:00,79.27999877929688,79.27999877929688,78.95500183105469,78.95500183105469,216,0.0,0.0
2024-11-04 09:34:00-05:00,78.95500183105469,79.27999877929688,78.94999694824219,78.94999694824219,528,0.0,0.0
2024-11-04 09:37:00-05:00,78.94999694824219,78.94999694824219,78.94999694824219,78.94999694824219,275,0.0,0.0
2024-11-04 09:41:00-05:00,78.88500213623047,78.88999938964844,78.87999725341797,78.87999725341797,1126,0.0,0.0
2024-11-04 09:42:00-05:00,78.87999725341797,78.90499877929688,78.72530364990234,78.90499877929688,1224,0.0,0.0
2024-11-04 09:43:00-05:00,78.69999694824219,78.69999694824219,78.6500015258789,78.6500015258789,234,0.0,0.0
2024-11-04 09:44:00-05:00,78.86499786376953,78.86499786376953,78.80999755859375,78.80999755859375,381,0.0,0.0
2024-11-04 09:45:00-05:00,78.6500015258789,78.76000213623047,78.62999725341797,78.76000213623047,372,0.0,0.0
2024-11-04 09:46:00-05:00,78.75499725341797,78.9000015258789,78.75499725341797,78.9000015258789,1030,0.0,0.0
2024-11-04 09:48:00-05:00,79.0,79.0,78.91999816894531,78.91999816894531,1277,0.0,0.0
2024-11-04 09:50:00-05:00,78.73999786376953,78.73999786376953,78.7300033569336,78.7300033569336,690,0.0,0.0
2024-11-04 09:51:00-05:00,78.33999633789062,78.33999633789062,78.33999633789062,78.33999633789062,213,0.0,0.0
2024-11-04 09:52:00-05:00,78.65499877929688,78.65499877929688,78.65499877929688,78.65499877929688,122,0.0,0.0
2024-11-04 09:54:00-05:00,78.6249008178711,78.6249008178711,78.6249008178711,78.6249008178711,250,0.0,0.0
2024-11-04 09:55:00-05:00,78.65499877929688,78.65499877929688,78.65499877929688,78.65499877929688,367,0.0,0.0
2024-11-04 09:59:00-05:00,78.81500244140625,78.81500244140625,78.7249984741211,78.7249984741211,556,0.0,0.0
2024-11-04 10:00:00-05:00,78.81500244140625,78.81500244140625,78.81500244140625,78.81500244140625,374,0.0,0.0
2024-11-04 10:01:00-05:00,78.87999725341797,78.87999725341797,78.87999725341797,78.87999725341797,919,0.0,0.0
2024-11-04 10:02:00-05:00,78.97000122070312,79.0,78.97000122070312,79.0,496,0.0,0.0
2024-11-04 10:03:00-05:00,79.0199966430664,79.0199966430664,78.88999938964844,78.88999938964844,1012,0.0,0.0
2024-11-04 10:06:00-05:00,78.91000366210938,78.91000366210938,78.91000366210938,78.91000366210938,315,0.0,0.0
2024-11-04 10:12:00-05:00,78.91000366210938,79.04000091552734,78.91000366210938,79.04000091552734,362,0.0,0.0
2024-11-04 10:14:00-05:00,79.06999969482422,79.1500015258789,79.06999969482422,79.08999633789062,2223,0.0,0.0
2024-11-04 10:16:00-05:00,79.1500015258789,79.1500015258789,79.1500015258789,79.1500015258789,427,0.0,0.0
2024-11-04 10:17:00-05:00,79.1500015258789,79.1500015258789,79.1500015258789,79.1500015258789,522,0.0,0.0
2024-11-04 10:20:00-05:00,79.09500122070312,79.09500122070312,79.09500122070312,79.09500122070312,224,0.0,0.0
2024-11-04 10:21:00-05:00,79.08999633789062,79.08999633789062,79.08999633789062,79.08999633789062,444,0.0,0.0
2024-11-04 10:23:00-05:00,78.9800033569336,78.98999786376953,78.9749984741211,78.9749984741211,1138,0.0,0.0
2024-11-04 10:24:00-05:00,78.9749984741211,78.9749984741211,78.9749984741211,78.9749984741211,101,0.0,0.0
2024-11-04 10:25:00-05:00,78.9749984741211,78.9749984741211,78.9749984741211,78.9749984741211,392,0.0,0.0
2024-11-04 10:29:00-05:00,79.16999816894531,79.16999816894531,79.06999969482422,79.06999969482422,499,0.0,0.0
2024-11-04 10:31:00-05:00,79.08499908447266,79.08499908447266,79.08499908447266,79.08499908447266,148,0.0,0.0
2024-11-04 10:32:00-05:00,79.23999786376953,79.23999786376953,79.23999786376953,79.23999786376953,1551,0.0,0.0
2024-11-04 10:33:00-05:00,79.20999908447266,79.20999908447266,79.19999694824219,79.19999694824219,450,0.0,0.0
2024-11-04 10:34:00-05:00,79.08999633789062,79.2750015258789,79.08999633789062,79.2750015258789,577,0.0,0.0
2024-11-04 10:37:00-05:00,79.34750366210938,79.34750366210938,79.34750366210938,79.34750366210938,257,0.0,0.0
2024-11-04 10:42:00-05:00,79.34500122070312,79.34500122070312,79.2750015258789,79.2750015258789,1852,0.0,0.0
2024-11-04 10:43:00-05:00,79.06999969482422,79.18000030517578,79.06999969482422,79.18000030517578,237,0.0,0.0
2024-11-04 10:44:00-05:00,79.19000244140625,79.19000244140625,79.19000244140625,79.19000244140625,369,0.0,0.0
2024-11-04 10:46:00-05:00,79.05999755859375,79.05999755859375,79.05000305175781,79.05000305175781,884,0.0,0.0
2024-11-04 10:51:00-05:00,79.04000091552734,79.04000091552734,79.04000091552734,79.04000091552734,147,0.0,0.0
2024-11-04 10:52:00-05:00,79.0625,79.07749938964844,79.0625,79.07749938964844,361,0.0,0.0
2024-11-04 10:54:00-05:00,79.02999877929688,79.02999877929688,79.02999877929688,79.02999877929688,396,0.0,0.0
2024-11-04 10:55:00-05:00,79.04000091552734,79.04000091552734,79.04000091552734,79.04000091552734,274,0.0,0.0
2024-11-04 10:59:00-05:00,79.04000091552734,79.04000091552734,79.04000091552734,79.04000091552734,439,0.0,0.0
2024-11-04 11:03:00-05:00,79.04979705810547,79.04979705810547,78.82499694824219,78.82499694824219,3434,0.0,0.0
2024-11-04 11:13:00-05:00,78.8499984741211,79.0,78.8499984741211,78.87000274658203,928,0.0,0.0
2024-11-04 11:15:00-05:00,78.75,78.75,78.75,78.75,202,0.0,0.0
2024-11-04 11:16:00-05:00,78.87000274658203,78.87000274658203,78.87000274658203,78.87000274658203,347,0.0,0.0
2024-11-04 11:20:00-05:00,78.86499786376953,78.86499786376953,78.86499786376953,78.86499786376953,280,0.0,0.0
2024-11-04 11:22:00-05:00,78.8550033569336,78.8550033569336,78.8550033569336,78.8550033569336,109,0.0,0.0
2024-11-04 11:23:00-05:00,78.73999786376953,78.8550033569336,78.73999786376953,78.8550033569336,397,0.0,0.0
2024-11-04 11:24:00-05:00,78.86000061035156,78.86000061035156,78.86000061035156,78.86000061035156,312,0.0,0.0
2024-11-04 11:25:00-05:00,78.94999694824219,78.94999694824219,78.94999694824219,78.94999694824219,319,0.0,0.0
2024-11-04 11:27:00-05:00,78.73999786376953,78.73999786376953,78.6050033569336,78.6050033569336,1136,0.0,0.0
2024-11-04 11:28:00-05:00,78.69499969482422,78.69499969482422,78.69499969482422,78.69499969482422,119,0.0,0.0
2024-11-04 11:29:00-05:00,78.58999633789062,78.58999633789062,78.58999633789062,78.58999633789062,465,0.0,0.0
2024-11-04 11:30:00-05:00,78.55999755859375,78.55999755859375,78.55999755859375,78.55999755859375,206,0.0,0.0
2024-11-04 11:31:00-05:00,78.70999908447266,78.70999908447266,78.70999908447266,78.70999908447266,186,0.0,0.0
2024-11-04 11:32:00-05:00,78.54000091552734,78.54000091552734,78.53500366210938,78.53500366210938,506,0.0,0.0
2024-11-04 11:34:00-05:00,78.5250015258789,78.5250015258789,78.5250015258789,78.5250015258789,768,0.0,0.0
2024-11-04 11:41:00-05:00,78.4800033569336,78.4800033569336,78.4800033569336,78.4800033569336,246,0.0,0.0
2024-11-04 11:43:00-05:00,78.37999725341797,78.37999725341797,78.3499984741211,78.3499984741211,953,0.0,0.0
2024-11-04 11:52:00-05:00,78.19000244140625,78.19000244140625,78.19000244140625,78.19000244140625,103,0.0,0.0
2024-11-04 11:53:00-05:00,78.37999725341797,78.37999725341797,78.30500030517578,78.30500030517578,459,0.0,0.0
2024-11-04 11:54:00-05:00,78.25,78.25,78.25,78.25,208,0.0,0.0
2024-11-04 11:56:00-05:00,78.3499984741211,78.3499984741211,78.3499984741211,78.3499984741211,351,0.0,0.0
2024-11-04 11:58:00-05:00,78.31999969482422,78.31999969482422,78.31999969482422,78.31999969482422,122,0.0,0.0
2024-11-04 11:59:00-05:00,78.32499694824219,78.32499694824219,78.32499694824219,78.32499694824219,214,0.0,0.0
2024-11-04 12:00:00-05:00,78.33999633789062,78.33999633789062,78.33999633789062,78.33999633789062,320,0.0,0.0
2024-11-04 12:01:00-05:00,78.37999725341797,78.38999938964844,78.33499908447266,78.33499908447266,556,0.0,0.0
2024-11-04 12:03:00-05:00,78.27999877929688,78.32499694824219,78.2699966430664,78.32499694824219,1154,0.0,0.0
2024-11-04 12:05:00-05:00,78.2699966430664,78.27999877929688,78.20999908447266,78.20999908447266,2219,0.0,0.0
2024-11-04 12:07:00-05:00,78.30000305175781,78.37000274658203,78.30000305175781,78.33000183105469,1891,0.0,0.0
2024-11-04 12:08:00-05:00,78.31500244140625,78.31500244140625,78.30999755859375,78.30999755859375,622,0.0,0.0
2024-11-04 12:10:00-05:00,78.20999908447266,78.20999908447266,78.19999694824219,78.19999694824219,483,0.0,0.0
2024-11-04 12:14:00-05:00,78.30000305175781,78.33000183105469,78.30000305175781,78.33000183105469,479,0.0,0.0
2024-11-04 12:16:00-05:00,78.33999633789062,78.33999633789062,78.33999633789062,78.33999633789062,148,0.0,0.0
2024-11-04 12:17:00-05:00,78.3499984741211,78.41999816894531,78.3499984741211,78.41999816894531,528,0.0,0.0
2024-11-04 12:20:00-05:00,78.4000015258789,78.44999694824219,78.4000015258789,78.44999694824219,960,0.0,0.0
2024-11-04 12:21:00-05:00,78.4800033569336,78.4800033569336,78.4800033569336,78.4800033569336,534,0.0,0.0
2024-11-04 12:22:00-05:00,78.62999725341797,78.62999725341797,78.61499786376953,78.61499786376953,519,0.0,0.0
2024-11-04 12:24:00-05:00,78.5999984741211,78.77999877929688,78.5999984741211,78.77999877929688,425,0.0,0.0
2024-11-04 12:26:00-05:00,78.68499755859375,78.68499755859375,78.68499755859375,78.68499755859375,465,0.0,0.0
2024-11-04 12:27:00-05:00,78.68250274658203,78.68250274658203,78.68000030517578,78.68000030517578,504,0.0,0.0
2024-11-04 12:28:00-05:00,78.70999908447266,78.70999908447266,78.70999908447266,78.70999908447266,323,0.0,0.0
2024-11-04 12:32:00-05:00,78.69999694824219,78.69999694824219,78.69999694824219,78.69999694824219,166,0.0,0.0
2024-11-04 12:33:00-05:00,78.69999694824219,78.77349853515625,78.69999694824219,78.77349853515625,953,0.0,0.0
2024-11-04 12:36:00-05:00,78.7249984741211,78.7249984741211,78.66999816894531,78.66999816894531,914,0.0,0.0
2024-11-04 12:42:00-05:00,78.63999938964844,78.63999938964844,78.63999938964844,78.63999938964844,550,0.0,0.0
2024-11-04 12:44:00-05:00,78.69499969482422,78.69499969482422,78.69499969482422,78.69499969482422,951,0.0,0.0
2024-11-04 12:47:00-05:00,78.73999786376953,78.73999786376953,78.73999786376953,78.73999786376953,213,0.0,0.0
2024-11-04 12:48:00-05:00,78.76000213623047,78.76000213623047,78.76000213623047,78.76000213623047,240,0.0,0.0
2024-11-04 12:49:00-05:00,78.7300033569336,78.7300033569336,78.7300033569336,78.7300033569336,212,0.0,0.0
2024-11-04 12:50:00-05:00,78.7699966430664,78.7699966430664,78.55999755859375,78.61499786376953,1445,0.0,0.0
2024-11-04 12:52:00-05:00,78.65499877929688,78.65499877929688,78.65499877929688,78.65499877929688,318,0.0,0.0
2024-11-04 12:53:00-05:00,78.66999816894531,78.66999816894531,78.66999816894531,78.66999816894531,257,0.0,0.0
2024-11-04 12:54:00-05:00,78.62999725341797,78.62999725341797,78.62999725341797,78.62999725341797,222,0.0,0.0
2024-11-04 12:55:00-05:00,78.61000061035156,78.63500213623047,78.61000061035156,78.63500213623047,306,0.0,0.0
2024-11-04 12:56:00-05:00,78.625,78.625,78.52999877929688,78.52999877929688,1725,0.0,0.0
2024-11-04 13:00:00-05:00,78.46499633789062,78.48999786376953,78.46499633789062,78.48999786376953,812,0.0,0.0
2024-11-04 13:02:00-05:00,78.41999816894531,78.41999816894531,78.41000366210938,78.41000366210938,279,0.0,0.0
2024-11-04 13:04:00-05:00,78.38999938964844,78.38999938964844,78.38999938964844,78.38999938964844,448,0.0,0.0
2024-11-04 13:07:00-05:00,78.38999938964844,78.44000244140625,78.36000061035156,78.36000061035156,935,0.0,0.0
2024-11-04 13:09:00-05:00,78.26499938964844,78.26499938964844,78.26499938964844,78.26499938964844,210,0.0,0.0
2024-11-04 13:13:00-05:00,78.36499786376953,78.36499786376953,78.36499786376953,78.36499786376953,364,0.0,0.0
2024-11-04 13:14:00-05:00,78.37000274658203,78.37000274658203,78.37000274658203,78.37000274658203,125,0.0,0.0
2024-11-04 13:15:00-05:00,78.38079833984375,78.38079833984375,78.38079833984375,78.38079833984375,245,0.0,0.0
2024-11-04 13:18:00-05:00,78.37000274658203,78.37000274658203,78.37000274658203,78.37000274658203,168,0.0,0.0
2024-11-04 13:20:00-05:00,78.33000183105469,78.33999633789062,78.33000183105469,78.33000183105469,770,0.0,0.0
2024-11-04 13:21:00-05:00,78.33000183105469,78.33000183105469,78.33000183105469,78.33000183105469,172,0.0,0.0
2024-11-04 13:22:00-05:00,78.33000183105469,78.33000183105469,78.33000183105469,78.33000183105469,390,0.0,0.0
2024-11-04 13:23:00-05:00,78.44999694824219,78.55000305175781,78.3949966430664,78.51499938964844,2977,0.0,0.0
2024-11-04 13:24:00-05:00,78.5250015258789,78.54000091552734,78.5250015258789,78.54000091552734,536,0.0,0.0
2024-11-04 13:26:00-05:00,78.55000305175781,78.61000061035156,78.55000305175781,78.5999984741211,1726,0.0,0.0
2024-11-04 13:27:00-05:00,78.58000183105469,78.58000183105469,78.58000183105469,78.58000183105469,658,0.0,0.0
2024-11-04 13:28:00-05:00,78.5,78.5,78.5,78.5,1854,0.0,0.0
2024-11-04 13:33:00-05:00,78.41000366210938,78.41000366210938,78.41000366210938,78.41000366210938,418,0.0,0.0
2024-11-04 13:34:00-05:00,78.41000366210938,78.41000366210938,78.41000366210938,78.41000366210938,702,0.0,0.0
2024-11-04 13:37:00-05:00,78.41000366210938,78.44499969482422,78.33999633789062,78.33999633789062,2278,0.0,0.0
2024-11-04 13:41:00-05:00,78.30000305175781,78.30000305175781,78.24400329589844,78.24400329589844,1334,0.0,0.0
2024-11-04 13:42:00-05:00,78.22000122070312,78.22000122070312,78.22000122070312,78.22000122070312,1014,0.0,0.0
2024-11-04 13:44:00-05:00,78.13999938964844,78.16500091552734,78.13999938964844,78.16500091552734,317,0.0,0.0
2024-11-04 13:45:00-05:00,78.13999938964844,78.13999938964844,78.13999938964844,78.13999938964844,122,0.0,0.0
2024-11-04 13:46:00-05:00,78.11000061035156,78.11000061035156,78.0999984741211,78.0999984741211,523,0.0,0.0
2024-11-04 13:47:00-05:00,78.0999984741211,78.0999984741211,78.0999984741211,78.0999984741211,104,0.0,0.0
2024-11-04 13:48:00-05:00,78.0999984741211,78.0999984741211,78.0999984741211,78.0999984741211,373,0.0,0.0
2024-11-04 13:49:00-05:00,78.11000061035156,78.11000061035156,78.02999877929688,78.0374984741211,725,0.0,0.0
2024-11-04 13:50:00-05:00,78.0999984741211,78.12999725341797,78.05500030517578,78.07499694824219,1521,0.0,0.0
2024-11-04 13:52:00-05:00,78.08000183105469,78.08000183105469,78.06999969482422,78.06999969482422,371,0.0,0.0
2024-11-04 13:54:00-05:00,78.01000213623047,78.01000213623047,78.0,78.0,1152,0.0,0.0
2024-11-04 13:57:00-05:00,77.91000366210938,77.91000366210938,77.91000366210938,77.91000366210938,471,0.0,0.0
2024-11-04 14:00:00-05:00,77.9000015258789,77.9000015258789,77.9000015258789,77.9000015258789,763,0.0,0.0
2024-11-04 14:02:00-05:00,77.94000244140625,77.94000244140625,77.94000244140625,77.94000244140625,201,0.0,0.0
2024-11-04 14:03:00-05:00,77.9469985961914,77.9469985961914,77.82499694824219,77.82499694824219,735,0.0,0.0
2024-11-04 14:04:00-05:00,77.88999938964844,77.88999938964844,77.88999938964844,77.88999938964844,161,0.0,0.0
2024-11-04 14:05:00-05:00,77.88999938964844,77.88999938964844,77.88999938964844,77.88999938964844,542,0.0,0.0
2024-11-04 14:08:00-05:00,77.8499984741211,77.8499984741211,77.8499984741211,77.8499984741211,632,0.0,0.0
2024-11-04 14:10:00-05:00,77.80999755859375,77.80999755859375,77.80999755859375,77.80999755859375,330,0.0,0.0
2024-11-04 14:12:00-05:00,77.80999755859375,77.80999755859375,77.80999755859375,77.80999755859375,623,0.0,0.0
2024-11-04 14:13:00-05:00,77.86000061035156,77.86000061035156,77.76000213623047,77.76000213623047,503,0.0,0.0
2024-11-04 14:14:00-05:00,77.79499816894531,77.84750366210938,77.76499938964844,77.77999877929688,554,0.0,0.0
2024-11-04 14:15:00-05:00,77.82499694824219,77.82499694824219,77.82499694824219,77.82499694824219,1265,0.0,0.0
2024-11-04 14:16:00-05:00,77.78500366210938,77.80000305175781,77.70999908447266,77.80000305175781,809,0.0,0.0
2024-11-04 14:17:00-05:00,77.72000122070312,77.87000274658203,77.72000122070312,77.8499984741211,2707,0.0,0.0
2024-11-04 14:18:00-05:00,77.86409759521484,77.86409759521484,77.83000183105469,77.83000183105469,679,0.0,0.0
2024-11-04 14:19:00-05:00,77.82440185546875,77.82440185546875,77.82440185546875,77.82440185546875,419,0.0,0.0
2024-11-04 14:20:00-05:00,77.83000183105469,77.83000183105469,77.83000183105469,77.83000183105469,128,0.0,0.0
2024-11-04 14:21:00-05:00,77.8550033569336,77.8550033569336,77.81999969482422,77.8550033569336,903,0.0,0.0
2024-11-04 14:22:00-05:00,77.86499786376953,77.9000015258789,77.84500122070312,77.87999725341797,2711,0.0,0.0
2024-11-04 14:23:00-05:00,77.8499984741211,77.8499984741211,77.83999633789062,77.83999633789062,740,0.0,0.0
2024-11-04 14:24:00-05:00,77.80490112304688,77.80490112304688,77.80490112304688,77.80490112304688,465,0.0,0.0
2024-11-04 14:26:00-05:00,77.73500061035156,77.79660034179688,77.73500061035156,77.79660034179688,491,0.0,0.0
2024-11-04 14:27:00-05:00,77.70999908447266,77.70999908447266,77.70999908447266,77.70999908447266,304,0.0,0.0
2024-11-04 14:28:00-05:00,77.75,77.76499938964844,77.75,77.76499938964844,255,0.0,0.0
2024-11-04 14:29:00-05:00,77.68499755859375,77.7300033569336,77.66699981689453,77.66699981689453,517,0.0,0.0
2024-11-04 14:30:00-05:00,77.66000366210938,77.72000122070312,77.6449966430664,77.72000122070312,2286,0.0,0.0
2024-11-04 14:31:00-05:00,77.72000122070312,77.72000122070312,77.65499877929688,77.65499877929688,802,0.0,0.0
2024-11-04 14:33:00-05:00,77.66000366210938,77.66000366210938,77.66000366210938,77.66000366210938,372,0.0,0.0
2024-11-04 14:34:00-05:00,77.72000122070312,77.72000122070312,77.72000122070312,77.72000122070312,1180,0.0,0.0
2024-11-04 14:35:00-05:00,77.80999755859375,77.80999755859375,77.79000091552734,77.79000091552734,1318,0.0,0.0
2024-11-04 14:37:00-05:00,77.79499816894531,77.80000305175781,77.79499816894531,77.80000305175781,464,0.0,0.0
2024-11-04 14:38:00-05:00,77.80500030517578,77.80500030517578,77.80500030517578,77.80500030517578,144,0.0,0.0
2024-11-04 14:39:00-05:00,77.80999755859375,77.95999908447266,77.80999755859375,77.91000366210938,3538,0.0,0.0
2024-11-04 14:42:00-05:00,77.80999755859375,77.80999755859375,77.80999755859375,77.80999755859375,565,0.0,0.0
2024-11-04 14:43:00-05:00,77.85250091552734,77.85250091552734,77.82499694824219,77.82499694824219,378,0.0,0.0
2024-11-04 14:44:00-05:00,77.93000030517578,77.93000030517578,77.93000030517578,77.93000030517578,323,0.0,0.0
2024-11-04 14:46:00-05:00,77.76000213623047,77.76000213623047,77.76000213623047,77.76000213623047,1048,0.0,0.0
2024-11-04 14:47:00-05:00,77.69999694824219,77.69999694824219,77.69999694824219,77.69999694824219,126,0.0,0.0
2024-11-04 14:48:00-05:00,77.7699966430664,77.7699966430664,77.72000122070312,77.72000122070312,835,0.0,0.0
2024-11-04 14:49:00-05:00,77.73999786376953,77.73999786376953,77.73999786376953,77.73999786376953,367,0.0,0.0
2024-11-04 14:50:00-05:00,77.68000030517578,77.69999694824219,77.68000030517578,77.68000030517578,496,0.0,0.0
2024-11-04 14:51:00-05:00,77.69999694824219,77.79000091552734,77.69999694824219,77.79000091552734,1883,0.0,0.0
2024-11-04 14:52:00-05:00,77.80999755859375,77.81999969482422,77.80999755859375,77.81999969482422,787,0.0,0.0
2024-11-04 14:53:00-05:00,77.80000305175781,77.80000305175781,77.79000091552734,77.79000091552734,815,0.0,0.0
2024-11-04 14:54:00-05:00,77.80000305175781,77.80000305175781,77.79499816894531,77.79499816894531,301,0.0,0.0
2024-11-04 14:55:00-05:00,77.79499816894531,77.79499816894531,77.79499816894531,77.79499816894531,872,0.0,0.0
2024-11-04 14:58:00-05:00,77.76000213623047,77.83000183105469,77.76000213623047,77.79000091552734,3362,0.0,0.0
2024-11-04 15:01:00-05:00,77.80500030517578,77.87000274658203,77.80500030517578,77.8499984741211,2317,0.0,0.0
2024-11-04 15:06:00-05:00,77.9000015258789,77.9000015258789,77.9000015258789,77.9000015258789,398,0.0,0.0
2024-11-04 15:07:00-05:00,77.90499877929688,77.90499877929688,77.90499877929688,77.90499877929688,350,0.0,0.0
2024-11-04 15:08:00-05:00,77.93000030517578,77.93000030517578,77.77999877929688,77.77999877929688,4728,0.0,0.0
2024-11-04 15:09:00-05:00,77.8915023803711,77.89309692382812,77.84500122070312,77.84500122070312,1209,0.0,0.0
2024-11-04 15:12:00-05:00,77.87999725341797,77.94999694824219,77.83000183105469,77.8499984741211,4089,0.0,0.0
2024-11-04 15:13:00-05:00,77.79000091552734,77.79000091552734,77.77999877929688,77.77999877929688,1196,0.0,0.0
2024-11-04 15:18:00-05:00,77.68000030517578,77.68000030517578,77.68000030517578,77.68000030517578,110,0.0,0.0
2024-11-04 15:19:00-05:00,77.73500061035156,77.75,77.68000030517578,77.75,598,0.0,0.0
2024-11-04 15:20:00-05:00,77.68000030517578,77.71099853515625,77.68000030517578,77.70999908447266,1463,0.0,0.0
2024-11-04 15:22:00-05:00,77.69999694824219,77.75,77.69999694824219,77.72000122070312,3231,0.0,0.0
2024-11-04 15:24:00-05:00,77.68000030517578,77.68000030517578,77.68000030517578,77.68000030517578,135,0.0,0.0
2024-11-04 15:25:00-05:00,77.72000122070312,77.72000122070312,77.72000122070312,77.72000122070312,184,0.0,0.0
2024-11-04 15:26:00-05:00,77.69999694824219,77.69999694824219,77.62000274658203,77.62000274658203,1880,0.0,0.0
2024-11-04 15:27:00-05:00,77.61000061035156,77.61000061035156,77.61000061035156,77.61000061035156,181,0.0,0.0
2024-11-04 15:28:00-05:00,77.66000366210938,77.66000366210938,77.63999938964844,77.63999938964844,1072,0.0,0.0
2024-11-04 15:29:00-05:00,77.63999938964844,77.63999938964844,77.5999984741211,77.5999984741211,1413,0.0,0.0
2024-11-04 15:30:00-05:00,77.55500030517578,77.55500030517578,77.51499938964844,77.51499938964844,353,0.0,0.0
2024-11-04 15:31:00-05:00,77.56999969482422,77.58000183105469,77.55000305175781,77.55000305175781,2333,0.0,0.0
2024-11-04 15:32:00-05:00,77.5199966430664,77.5199966430664,77.51000213623047,77.51000213623047,321,0.0,0.0
2024-11-04 15:33:00-05:00,77.55999755859375,77.55999755859375,77.55999755859375,77.55999755859375,298,0.0,0.0
2024-11-04 15:34:00-05:00,77.51799774169922,77.51799774169922,77.51799774169922,77.51799774169922,169,0.0,0.0
2024-11-04 15:35:00-05:00,77.51000213623047,77.51000213623047,77.47000122070312,77.47000122070312,1375,0.0,0.0
2024-11-04 15:36:00-05:00,77.47000122070312,77.47000122070312,77.47000122070312,77.47000122070312,189,0.0,0.0
2024-11-04 15:37:00-05:00,77.5,77.5,77.35749816894531,77.35749816894531,1886,0.0,0.0
2024-11-04 15:38:00-05:00,77.40499877929688,77.40499877929688,77.40499877929688,77.40499877929688,105,0.0,0.0
2024-11-04 15:39:00-05:00,77.43000030517578,77.43000030517578,77.36000061035156,77.36000061035156,685,0.0,0.0
2024-11-04 15:40:00-05:00,77.37000274658203,77.41000366210938,77.37000274658203,77.41000366210938,507,0.0,0.0
2024-11-04 15:41:00-05:00,77.44999694824219,77.45999908447266,77.44999694824219,77.44999694824219,3578,0.0,0.0
2024-11-04 15:42:00-05:00,77.45500183105469,77.52999877929688,77.45500183105469,77.5250015258789,6873,0.0,0.0
2024-11-04 15:43:00-05:00,77.56999969482422,77.56999969482422,77.54789733886719,77.54789733886719,2157,0.0,0.0
2024-11-04 15:44:00-05:00,77.58000183105469,77.58000183105469,77.58000183105469,77.58000183105469,260,0.0,0.0
2024-11-04 15:45:00-05:00,77.58999633789062,77.5999984741211,77.5199966430664,77.5199966430664,2172,0.0,0.0
2024-11-04 15:46:00-05:00,77.5,77.50499725341797,77.5,77.50499725341797,310,0.0,0.0
2024-11-04 15:47:00-05:00,77.53500366210938,77.55999755859375,77.53500366210938,77.54000091552734,2808,0.0,0.0
2024-11-04 15:48:00-05:00,77.55999755859375,77.62000274658203,77.55999755859375,77.61000061035156,5456,0.0,0.0
2024-11-04 15:49:00-05:00,77.62000274658203,77.76000213623047,77.62000274658203,77.76000213623047,2454,0.0,0.0
2024-11-04 15:50:00-05:00,77.73500061035156,77.76000213623047,77.72000122070312,77.72000122070312,2453,0.0,0.0
2024-11-04 15:51:00-05:00,77.72000122070312,77.80999755859375,77.69000244140625,77.80999755859375,5848,0.0,0.0
2024-11-04 15:52:00-05:00,77.875,77.875,77.81099700927734,77.82499694824219,4654,0.0,0.0
2024-11-04 15:53:00-05:00,77.83999633789062,77.8550033569336,77.83999633789062,77.8550033569336,3081,0.0,0.0
2024-11-04 15:54:00-05:00,77.8550033569336,77.8550033569336,77.81999969482422,77.8499984741211,3390,0.0,0.0
2024-11-04 15:55:00-05:00,77.83999633789062,77.87999725341797,77.81500244140625,77.87999725341797,5780,0.0,0.0
2024-11-04 15:56:00-05:00,77.86000061035156,77.9000015258789,77.82499694824219,77.9000015258789,8180,0.0,0.0
2024-11-04 15:57:00-05:00,77.91000366210938,77.94999694824219,77.8949966430664,77.94000244140625,7859,0.0,0.0
2024-11-04 15:58:00-05:00,77.94000244140625,78.05999755859375,77.94000244140625,78.05999755859375,8220,0.0,0.0
2024-11-04 15:59:00-05:00,78.05999755859375,78.18000030517578,78.05999755859375,78.16000366210938,24693,0.0,0.0
2024-11-05 09:30:00-05:00,77.69000244140625,77.69000244140625,77.69000244140625,77.69000244140625,1296,0.0,0.0
2024-11-05 09:31:00-05:00,77.6050033569336,77.6050033569336,77.6050033569336,77.6050033569336,100,0.0,0.0
2024-11-05 09:32:00-05:00,77.19999694824219,77.19999694824219,77.19999694824219,77.19999694824219,173,0.0,0.0
2024-11-05 09:34:00-05:00,77.0199966430664,77.0199966430664,77.0199966430664,77.0199966430664,153,0.0,0.0
2024-11-05 09:36:00-05:00,77.0999984741211,77.0999984741211,77.0999984741211,77.0999984741211,107,0.0,0.0
2024-11-05 09:38:00-05:00,77.08999633789062,77.08999633789062,77.08000183105469,77.08000183105469,277,0.0,0.0
2024-11-05 09:40:00-05:00,77.5,77.52999877929688,77.4800033569336,77.52999877929688,1562,0.0,0.0
2024-11-05 09:42:00-05:00,77.3499984741211,77.3499984741211,77.33999633789062,77.33999633789062,393,0.0,0.0
2024-11-05 09:45:00-05:00,77.54000091552734,77.54000091552734,77.54000091552734,77.54000091552734,231,0.0,0.0
2024-11-05 09:49:00-05:00,77.54000091552734,77.84500122070312,77.54000091552734,77.80999755859375,3674,0.0,0.0
2024-11-05 09:51:00-05:00,77.73999786376953,77.83999633789062,77.55999755859375,77.55999755859375,1653,0.0,0.0
2024-11-05 09:52:00-05:00,77.7300033569336,77.7300033569336,77.7300033569336,77.7300033569336,980,0.0,0.0
2024-11-05 09:54:00-05:00,77.7699966430664,77.80000305175781,77.69999694824219,77.80000305175781,1000,0.0,0.0
2024-11-05 09:55:00-05:00,77.6050033569336,77.6050033569336,77.6050033569336,77.6050033569336,194,0.0,0.0
2024-11-05 09:56:00-05:00,77.41999816894531,77.41999816894531,77.41999816894531,77.41999816894531,325,0.0,0.0
2024-11-05 09:57:00-05:00,77.45500183105469,77.45500183105469,77.44999694824219,77.44999694824219,574,0.0,0.0
2024-11-05 09:59:00-05:00,77.45500183105469,77.45500183105469,77.45500183105469,77.45500183105469,105,0.0,0.0
2024-11-05 10:00:00-05:00,77.375,77.375,77.375,77.375,517,0.0,0.0
2024-11-05 10:02:00-05:00,77.63999938964844,77.6500015258789,77.56500244140625,77.61499786376953,1668,0.0,0.0
2024-11-05 10:03:00-05:00,77.5999984741211,77.5999984741211,77.58499908447266,77.58499908447266,1495,0.0,0.0
2024-11-05 10:06:00-05:00,77.48999786376953,77.55999755859375,77.41999816894531,77.41999816894531,1830,0.0,0.0
2024-11-05 10:07:00-05:00,77.4000015258789,77.4000015258789,77.4000015258789,77.4000015258789,632,0.0,0.0
2024-11-05 10:11:00-05:00,77.4000015258789,77.4000015258789,77.13999938964844,77.13999938964844,2207,0.0,0.0
2024-11-05 10:16:00-05:00,77.27999877929688,77.27999877929688,77.27999877929688,77.27999877929688,358,0.0,0.0
2024-11-05 10:20:00-05:00,77.33000183105469,77.37000274658203,77.33000183105469,77.37000274658203,598,0.0,0.0
2024-11-05 10:21:00-05:00,77.37999725341797,77.37999725341797,77.3499984741211,77.3499984741211,980,0.0,0.0
2024-11-05 10:22:00-05:00,77.36499786376953,77.36499786376953,77.36499786376953,77.36499786376953,208,0.0,0.0
2024-11-05 10:23:00-05:00,77.40499877929688,77.41000366210938,77.40499877929688,77.40499877929688,899,0.0,0.0
2024-11-05 10:24:00-05:00,77.44000244140625,77.66000366210938,77.43499755859375,77.58999633789062,5578,0.0,0.0
2024-11-05 10:26:00-05:00,77.69999694824219,77.69999694824219,77.5199966430664,77.5199966430664,1449,0.0,0.0
2024-11-05 10:29:00-05:00,77.66500091552734,77.66500091552734,77.66500091552734,77.66500091552734,1028,0.0,0.0
2024-11-05 10:31:00-05:00,77.77999877929688,77.80000305175781,77.77999877929688,77.80000305175781,433,0.0,0.0
2024-11-05 10:32:00-05:00,77.97000122070312,77.97000122070312,77.97000122070312,77.97000122070312,333,0.0,0.0
2024-11-05 10:34:00-05:00,77.91999816894531,77.91999816894531,77.91999816894531,77.91999816894531,514,0.0,0.0
2024-11-05 10:36:00-05:00,77.9800033569336,78.19499969482422,77.9800033569336,78.12999725341797,2555,0.0,0.0
2024-11-05 10:37:00-05:00,78.11000061035156,78.11000061035156,78.11000061035156,78.11000061035156,455,0.0,0.0
2024-11-05 10:38:00-05:00,78.12000274658203,78.13999938964844,78.06999969482422,78.06999969482422,1576,0.0,0.0
2024-11-05 10:39:00-05:00,78.02999877929688,78.02999877929688,78.02999877929688,78.02999877929688,187,0.0,0.0
2024-11-05 10:40:00-05:00,77.97000122070312,77.97000122070312,77.97000122070312,77.97000122070312,811,0.0,0.0
2024-11-05 10:42:00-05:00,78.0199966430664,78.0199966430664,77.95999908447266,77.95999908447266,318,0.0,0.0
2024-11-05 10:44:00-05:00,78.0199966430664,78.0199966430664,78.0199966430664,78.0199966430664,237,0.0,0.0
2024-11-05 10:45:00-05:00,78.0199966430664,78.0199966430664,77.94999694824219,77.94999694824219,638,0.0,0.0
2024-11-05 10:46:00-05:00,77.91999816894531,77.91999816894531,77.91999816894531,77.91999816894531,432,0.0,0.0
2024-11-05 10:47:00-05:00,77.91000366210938,77.91000366210938,77.91000366210938,77.91000366210938,332,0.0,0.0
2024-11-05 10:49:00-05:00,77.9000015258789,77.9000015258789,77.9000015258789,77.9000015258789,660,0.0,0.0
2024-11-05 10:53:00-05:00,77.94999694824219,77.94999694824219,77.94999694824219,77.94999694824219,355,0.0,0.0
2024-11-05 10:57:00-05:00,77.81999969482422,77.83000183105469,77.77999877929688,77.77999877929688,988,0.0,0.0
2024-11-05 10:58:00-05:00,77.72000122070312,77.72000122070312,77.72000122070312,77.72000122070312,206,0.0,0.0
2024-11-05 10:59:00-05:00,77.87000274658203,78.0999984741211,77.87000274658203,78.0999984741211,7980,0.0,0.0
2024-11-05 11:02:00-05:00,78.26499938964844,78.26499938964844,78.25499725341797,78.25499725341797,363,0.0,0.0
2024-11-05 11:04:00-05:00,78.34500122070312,78.34500122070312,78.34500122070312,78.34500122070312,800,0.0,0.0
2024-11-05 11:05:00-05:00,78.23999786376953,78.24500274658203,78.16999816894531,78.16999816894531,1147,0.0,0.0
2024-11-05 11:06:00-05:00,78.20500183105469,78.23500061035156,78.20500183105469,78.23500061035156,388,0.0,0.0
2024-11-05 11:07:00-05:00,78.26499938964844,78.26499938964844,78.26499938964844,78.26499938964844,104,0.0,0.0
2024-11-05 11:08:00-05:00,78.22000122070312,78.22000122070312,78.19999694824219,78.19999694824219,1083,0.0,0.0
2024-11-05 11:09:00-05:00,78.26000213623047,78.26000213623047,78.26000213623047,78.26000213623047,417,0.0,0.0
2024-11-05 11:11:00-05:00,78.26000213623047,78.33000183105469,78.26000213623047,78.31999969482422,1829,0.0,0.0
2024-11-05 11:12:00-05:00,78.36000061035156,78.38999938964844,78.34500122070312,78.34500122070312,1549,0.0,0.0
2024-11-05 11:13:00-05:00,78.34500122070312,78.34500122070312,78.23999786376953,78.26000213623047,1642,0.0,0.0
2024-11-05 11:15:00-05:00,78.26000213623047,78.26000213623047,78.26000213623047,78.26000213623047,108,0.0,0.0
2024-11-05 11:16:00-05:00,78.2699966430664,78.2699966430664,78.2699966430664,78.2699966430664,698,0.0,0.0
2024-11-05 11:17:00-05:00,78.16999816894531,78.16999816894531,78.16999816894531,78.16999816894531,161,0.0,0.0
2024-11-05 11:18:00-05:00,78.19499969482422,78.19499969482422,78.19499969482422,78.19499969482422,377,0.0,0.0
2024-11-05 11:22:00-05:00,78.2300033569336,78.2300033569336,78.2300033569336,78.2300033569336,324,0.0,0.0
2024-11-05 11:25:00-05:00,78.16000366210938,78.16000366210938,78.16000366210938,78.16000366210938,490,0.0,0.0
2024-11-05 11:28:00-05:00,78.19499969482422,78.19499969482422,78.19499969482422,78.19499969482422,197,0.0,0.0
2024-11-05 11:29:00-05:00,78.12000274658203,78.12000274658203,78.12000274658203,78.12000274658203,1152,0.0,0.0
2024-11-05 11:36:00-05:00,78.2300033569336,78.26000213623047,78.19999694824219,78.19999694824219,953,0.0,0.0
2024-11-05 11:37:00-05:00,78.26000213623047,78.26000213623047,78.19999694824219,78.19999694824219,953,0.0,0.0
2024-11-05 11:39:00-05:00,78.15499877929688,78.15499877929688,78.15499877929688,78.15499877929688,128,0.0,0.0
2024-11-05 11:40:00-05:00,78.19999694824219,78.29000091552734,78.19999694824219,78.29000091552734,1415,0.0,0.0
2024-11-05 11:42:00-05:00,78.26000213623047,78.33000183105469,78.26000213623047,78.32499694824219,842,0.0,0.0
2024-11-05 11:46:00-05:00,78.43000030517578,78.5,78.43000030517578,78.5,812,0.0,0.0
2024-11-05 11:47:00-05:00,78.58000183105469,78.58000183105469,78.58000183105469,78.58000183105469,443,0.0,0.0
2024-11-05 11:48:00-05:00,78.55000305175781,78.55000305175781,78.55000305175781,78.55000305175781,133,0.0,0.0
2024-11-05 11:49:00-05:00,78.55000305175781,78.55000305175781,78.4800033569336,78.4800033569336,896,0.0,0.0
2024-11-05 11:51:00-05:00,78.58820343017578,78.58820343017578,78.47000122070312,78.47000122070312,540,0.0,0.0
2024-11-05 11:53:00-05:00,78.47000122070312,78.47000122070312,78.47000122070312,78.47000122070312,504,0.0,0.0
2024-11-05 11:57:00-05:00,78.44000244140625,78.44999694824219,78.44000244140625,78.44999694824219,712,0.0,0.0
2024-11-05 12:00:00-05:00,78.41000366210938,78.41000366210938,78.41000366210938,78.41000366210938,381,0.0,0.0
2024-11-05 12:01:00-05:00,78.45999908447266,78.45999908447266,78.45999908447266,78.45999908447266,120,0.0,0.0
2024-11-05 12:02:00-05:00,78.44000244140625,78.44000244140625,78.44000244140625,78.44000244140625,443,0.0,0.0
2024-11-05 12:05:00-05:00,78.3499984741211,78.3499984741211,78.3499984741211,78.3499984741211,642,0.0,0.0
2024-11-05 12:12:00-05:00,78.38999938964844,78.38999938964844,78.38999938964844,78.38999938964844,206,0.0,0.0
2024-11-05 12:13:00-05:00,78.3949966430664,78.3949966430664,78.3949966430664,78.3949966430664,1351,0.0,0.0
2024-11-05 12:20:00-05:00,78.41999816894531,78.41999816894531,78.4000015258789,78.4000015258789,841,0.0,0.0
2024-11-05 12:21:00-05:00,78.40499877929688,78.40499877929688,78.40499877929688,78.40499877929688,530,0.0,0.0
2024-11-05 12:23:00-05:00,78.36000061035156,78.37249755859375,78.30000305175781,78.37249755859375,1628,0.0,0.0
2024-11-05 12:24:00-05:00,78.447998046875,78.447998046875,78.447998046875,78.447998046875,342,0.0,0.0
2024-11-05 12:25:00-05:00,78.3949966430664,78.3949966430664,78.3949966430664,78.3949966430664,265,0.0,0.0
2024-11-05 12:26:00-05:00,78.3949966430664,78.3949966430664,78.33000183105469,78.33000183105469,491,0.0,0.0
2024-11-05 12:27:00-05:00,78.31999969482422,78.31999969482422,78.30999755859375,78.30999755859375,793,0.0,0.0
2024-11-05 12:28:00-05:00,78.30999755859375,78.30999755859375,78.30999755859375,78.30999755859375,366,0.0,0.0
2024-11-05 12:31:00-05:00,78.36000061035156,78.36000061035156,78.36000061035156,78.36000061035156,119,0.0,0.0
2024-11-05 12:32:00-05:00,78.30000305175781,78.30000305175781,78.27999877929688,78.27999877929688,811,0.0,0.0
2024-11-05 12:33:00-05:00,78.27999877929688,78.27999877929688,78.25,78.25,1138,0.0,0.0
2024-11-05 12:34:00-05:00,78.30000305175781,78.30000305175781,78.29000091552734,78.29000091552734,215,0.0,0.0
2024-11-05 12:35:00-05:00,78.26000213623047,78.26000213623047,78.26000213623047,78.26000213623047,895,0.0,0.0
2024-11-05 12:37:00-05:00,78.29000091552734,78.29000091552734,78.29000091552734,78.29000091552734,724,0.0,0.0
2024-11-05 12:38:00-05:00,78.29000091552734,78.29000091552734,78.29000091552734,78.29000091552734,313,0.0,0.0
2024-11-05 12:41:00-05:00,78.27999877929688,78.27999877929688,78.27999877929688,78.27999877929688,315,0.0,0.0
2024-11-05 12:43:00-05:00,78.27999877929688,78.30999755859375,78.2750015258789,78.29000091552734,1682,0.0,0.0
2024-11-05 12:44:00-05:00,78.26000213623047,78.30000305175781,78.26000213623047,78.30000305175781,1865,0.0,0.0
2024-11-05 12:47:00-05:00,78.33000183105469,78.3499984741211,78.30500030517578,78.30500030517578,1065,0.0,0.0
2024-11-05 12:48:00-05:00,78.33000183105469,78.33000183105469,78.33000183105469,78.33000183105469,424,0.0,0.0
2024-11-05 12:49:00-05:00,78.3499984741211,78.3499984741211,78.3499984741211,78.3499984741211,288,0.0,0.0
2024-11-05 12:50:00-05:00,78.36000061035156,78.36000061035156,78.33000183105469,78.33000183105469,641,0.0,0.0
2024-11-05 12:52:00-05:00,78.38999938964844,78.47000122070312,78.38999938964844,78.47000122070312,1064,0.0,0.0
2024-11-05 12:55:00-05:00,78.48999786376953,78.59500122070312,78.48999786376953,78.59500122070312,541,0.0,0.0
2024-11-05 12:56:00-05:00,78.58499908447266,78.58499908447266,78.58499908447266,78.58499908447266,703,0.0,0.0
2024-11-05 12:59:00-05:00,78.55000305175781,78.55000305175781,78.52999877929688,78.52999877929688,2092,0.0,0.0
2024-11-05 13:01:00-05:00,78.51000213623047,78.51000213623047,78.51000213623047,78.51000213623047,371,0.0,0.0
2024-11-05 13:03:00-05:00,78.58000183105469,78.58999633789062,78.58000183105469,78.58999633789062,367,0.0,0.0
2024-11-05 13:04:00-05:00,78.62000274658203,78.76000213623047,78.61000061035156,78.6500015258789,2782,0.0,0.0
2024-11-05 13:06:00-05:00,78.77999877929688,78.77999877929688,78.76499938964844,78.76499938964844,596,0.0,0.0
2024-11-05 13:08:00-05:00,78.71499633789062,78.72000122070312,78.69999694824219,78.72000122070312,742,0.0,0.0
2024-11-05 13:09:00-05:00,78.70999908447266,78.70999908447266,78.70999908447266,78.70999908447266,282,0.0,0.0
2024-11-05 13:11:00-05:00,78.69499969482422,78.69499969482422,78.62000274658203,78.62000274658203,995,0.0,0.0
2024-11-05 13:14:00-05:00,78.61750030517578,78.61750030517578,78.61750030517578,78.61750030517578,247,0.0,0.0
2024-11-05 13:15:00-05:00,78.52999877929688,78.55000305175781,78.52999877929688,78.52999877929688,1381,0.0,0.0
2024-11-05 13:16:00-05:00,78.5199966430664,78.5199966430664,78.5199966430664,78.5199966430664,414,0.0,0.0
2024-11-05 13:17:00-05:00,78.55500030517578,78.55500030517578,78.55500030517578,78.55500030517578,243,0.0,0.0
2024-11-05 13:19:00-05:00,78.61080169677734,78.61080169677734,78.61080169677734,78.61080169677734,133,0.0,0.0
2024-11-05 13:20:00-05:00,78.55999755859375,78.55999755859375,78.55999755859375,78.55999755859375,120,0.0,0.0
2024-11-05 13:22:00-05:00,78.55999755859375,78.55999755859375,78.55999755859375,78.55999755859375,439,0.0,0.0
2024-11-05 13:23:00-05:00,78.56500244140625,78.56500244140625,78.56500244140625,78.56500244140625,683,0.0,0.0
2024-11-05 13:24:00-05:00,78.56500244140625,78.56500244140625,78.5199966430664,78.5199966430664,412,0.0,0.0
2024-11-05 13:25:00-05:00,78.54750061035156,78.56500244140625,78.54750061035156,78.56500244140625,499,0.0,0.0
2024-11-05 13:27:00-05:00,78.5696029663086,78.5696029663086,78.55500030517578,78.55500030517578,327,0.0,0.0
2024-11-05 13:28:00-05:00,78.54499816894531,78.54499816894531,78.54499816894531,78.54499816894531,691,0.0,0.0
2024-11-05 13:30:00-05:00,78.4800033569336,78.4800033569336,78.44999694824219,78.44999694824219,966,0.0,0.0
2024-11-05 13:32:00-05:00,78.51000213623047,78.51000213623047,78.5,78.51000213623047,1441,0.0,0.0
2024-11-05 13:33:00-05:00,78.49500274658203,78.49500274658203,78.49500274658203,78.49500274658203,369,0.0,0.0
2024-11-05 13:34:00-05:00,78.5199966430664,78.5199966430664,78.5199966430664,78.5199966430664,237,0.0,0.0
2024-11-05 13:35:00-05:00,78.5,78.5,78.48999786376953,78.48999786376953,624,0.0,0.0
2024-11-05 13:36:00-05:00,78.5,78.5,78.49500274658203,78.49500274658203,370,0.0,0.0
2024-11-05 13:37:00-05:00,78.51000213623047,78.55999755859375,78.51000213623047,78.52999877929688,1268,0.0,0.0
2024-11-05 13:38:00-05:00,78.5,78.5,78.5,78.5,210,0.0,0.0
2024-11-05 13:39:00-05:00,78.51499938964844,78.51499938964844,78.51499938964844,78.51499938964844,327,0.0,0.0
2024-11-05 13:40:00-05:00,78.51000213623047,78.51000213623047,78.51000213623047,78.51000213623047,171,0.0,0.0
2024-11-05 13:41:00-05:00,78.51000213623047,78.6500015258789,78.51000213623047,78.6500015258789,1297,0.0,0.0
2024-11-05 13:42:00-05:00,78.69999694824219,78.69999694824219,78.69999694824219,78.69999694824219,255,0.0,0.0
2024-11-05 13:43:00-05:00,78.73999786376953,78.73999786376953,78.73999786376953,78.73999786376953,797,0.0,0.0
2024-11-05 13:46:00-05:00,78.69999694824219,78.69999694824219,78.69999694824219,78.69999694824219,916,0.0,0.0
2024-11-05 13:48:00-05:00,78.71499633789062,78.71499633789062,78.71499633789062,78.71499633789062,343,0.0,0.0
2024-11-05 13:52:00-05:00,78.75,78.75,78.75,78.75,100,0.0,0.0
2024-11-05 13:53:00-05:00,78.768798828125,78.81999969482422,78.74449920654297,78.81999969482422,1507,0.0,0.0
2024-11-05 13:54:00-05:00,78.88999938964844,78.88999938964844,78.88999938964844,78.88999938964844,361,0.0,0.0
2024-11-05 13:56:00-05:00,78.88500213623047,78.88500213623047,78.88500213623047,78.88500213623047,821,0.0,0.0
2024-11-05 13:57:00-05:00,78.87000274658203,78.87000274658203,78.78500366210938,78.78500366210938,645,0.0,0.0
2024-11-05 14:00:00-05:00,78.88500213623047,78.88500213623047,78.88500213623047,78.88500213623047,102,0.0,0.0
2024-11-05 14:01:00-05:00,78.88500213623047,78.88500213623047,78.88500213623047,78.88500213623047,252,0.0,0.0
2024-11-05 14:02:00-05:00,78.9000015258789,78.9000015258789,78.88999938964844,78.88999938964844,827,0.0,0.0
2024-11-05 14:08:00-05:00,78.80999755859375,78.80999755859375,78.80999755859375,78.80999755859375,263,0.0,0.0
2024-11-05 14:09:00-05:00,78.84500122070312,78.84500122070312,78.84500122070312,78.84500122070312,417,0.0,0.0
2024-11-05 14:10:00-05:00,78.84500122070312,78.84500122070312,78.81999969482422,78.84500122070312,1181,0.0,0.0
2024-11-05 14:11:00-05:00,78.84500122070312,78.88999938964844,78.84500122070312,78.88999938964844,798,0.0,0.0
2024-11-05 14:13:00-05:00,78.86000061035156,78.86000061035156,78.86000061035156,78.86000061035156,619,0.0,0.0
2024-11-05 14:14:00-05:00,78.87999725341797,78.8949966430664,78.87000274658203,78.87000274658203,1326,0.0,0.0
2024-11-05 14:15:00-05:00,78.83999633789062,78.83999633789062,78.81999969482422,78.81999969482422,736,0.0,0.0
2024-11-05 14:16:00-05:00,78.86499786376953,78.91999816894531,78.86499786376953,78.91999816894531,17939,0.0,0.0
2024-11-05 14:17:00-05:00,78.9000015258789,78.9000015258789,78.9000015258789,78.9000015258789,113,0.0,0.0
2024-11-05 14:18:00-05:00,78.87999725341797,78.87999725341797,78.87999725341797,78.87999725341797,400,0.0,0.0
2024-11-05 14:19:00-05:00,78.87999725341797,78.87999725341797,78.86000061035156,78.86000061035156,668,0.0,0.0
2024-11-05 14:20:00-05:00,78.87000274658203,78.87000274658203,78.87000274658203,78.87000274658203,654,0.0,0.0
2024-11-05 14:21:00-05:00,78.82499694824219,78.82499694824219,78.82499694824219,78.82499694824219,220,0.0,0.0
2024-11-05 14:22:00-05:00,78.90989685058594,78.90989685058594,78.90989685058594,78.90989685058594,255,0.0,0.0
2024-11-05 14:23:00-05:00,78.8550033569336,78.8550033569336,78.8550033569336,78.8550033569336,175,0.0,0.0
2024-11-05 14:24:00-05:00,78.8550033569336,78.8550033569336,78.8550033569336,78.8550033569336,414,0.0,0.0
2024-11-05 14:25:00-05:00,78.8550033569336,78.8550033569336,78.83000183105469,78.83000183105469,1420,0.0,0.0
2024-11-05 14:27:00-05:00,78.8499984741211,78.8499984741211,78.8499984741211,78.8499984741211,142,0.0,0.0
2024-11-05 14:28:00-05:00,78.81500244140625,78.81500244140625,78.80999755859375,78.80999755859375,331,0.0,0.0
2024-11-05 14:29:00-05:00,78.8499984741211,78.8499984741211,78.8499984741211,78.8499984741211,502,0.0,0.0
2024-11-05 14:30:00-05:00,78.7699966430664,78.83000183105469,78.7699966430664,78.83000183105469,656,0.0,0.0
2024-11-05 14:31:00-05:00,78.87000274658203,78.87000274658203,78.86000061035156,78.87000274658203,921,0.0,0.0
2024-11-05 14:32:00-05:00,78.88890075683594,78.88890075683594,78.88890075683594,78.88890075683594,1097,0.0,0.0
2024-11-05 14:33:00-05:00,78.86499786376953,78.875,78.86499786376953,78.875,470,0.0,0.0
2024-11-05 14:35:00-05:00,78.88999938964844,78.88999938964844,78.87999725341797,78.87999725341797,314,0.0,0.0
2024-11-05 14:36:00-05:00,78.9000015258789,78.9000015258789,78.9000015258789,78.9000015258789,474,0.0,0.0
2024-11-05 14:37:00-05:00,78.88079833984375,78.88079833984375,78.8499984741211,78.87000274658203,1652,0.0,0.0
2024-11-05 14:38:00-05:00,78.9000015258789,78.94999694824219,78.9000015258789,78.94000244140625,2126,0.0,0.0
2024-11-05 14:39:00-05:00,78.9000015258789,78.9000015258789,78.88999938964844,78.88999938964844,1932,0.0,0.0
2024-11-05 14:42:00-05:00,78.93499755859375,78.93499755859375,78.93499755859375,78.93499755859375,1375,0.0,0.0
2024-11-05 14:44:00-05:00,78.93499755859375,78.93499755859375,78.93499755859375,78.93499755859375,694,0.0,0.0
2024-11-05 14:48:00-05:00,78.86000061035156,78.86000061035156,78.86000061035156,78.86000061035156,397,0.0,0.0
2024-11-05 14:49:00-05:00,78.9000015258789,78.9000015258789,78.9000015258789,78.9000015258789,425,0.0,0.0
2024-11-05 14:50:00-05:00,78.9000015258789,78.9000015258789,78.9000015258789,78.9000015258789,426,0.0,0.0
2024-11-05 14:51:00-05:00,78.86000061035156,78.88500213623047,78.8499984741211,78.88500213623047,1869,0.0,0.0
2024-11-05 14:52:00-05:00,78.86000061035156,78.88999938964844,78.86000061035156,78.88999938964844,862,0.0,0.0
2024-11-05 14:53:00-05:00,78.8949966430664,78.93000030517578,78.8949966430664,78.9000015258789,1384,0.0,0.0
2024-11-05 14:54:00-05:00,78.9000015258789,78.9000015258789,78.88999938964844,78.8949966430664,337,0.0,0.0
2024-11-05 14:55:00-05:00,78.86000061035156,78.8949966430664,78.86000061035156,78.8949966430664,2966,0.0,0.0
2024-11-05 14:57:00-05:00,78.83000183105469,78.86499786376953,78.83000183105469,78.86499786376953,466,0.0,0.0
2024-11-05 14:58:00-05:00,78.81500244140625,78.81999969482422,78.81500244140625,78.81999969482422,396,0.0,0.0
2024-11-05 14:59:00-05:00,78.83000183105469,78.83000183105469,78.78500366210938,78.79000091552734,1459,0.0,0.0
2024-11-05 15:00:00-05:00,78.76000213623047,78.76000213623047,78.73500061035156,78.73500061035156,2095,0.0,0.0
2024-11-05 15:01:00-05:00,78.75,78.75,78.73999786376953,78.75,1495,0.0,0.0
2024-11-05 15:05:00-05:00,78.75,78.75,78.75,78.75,409,0.0,0.0
2024-11-05 15:06:00-05:00,78.73999786376953,78.73999786376953,78.73999786376953,78.73999786376953,351,0.0,0.0
2024-11-05 15:08:00-05:00,78.75,78.77999877929688,78.75,78.77999877929688,859,0.0,0.0
2024-11-05 15:09:00-05:00,78.80999755859375,78.80999755859375,78.80999755859375,78.80999755859375,1222,0.0,0.0
2024-11-05 15:11:00-05:00,78.86000061035156,78.86000061035156,78.80000305175781,78.80000305175781,7397,0.0,0.0
2024-11-05 15:16:00-05:00,78.87300109863281,78.87300109863281,78.8499984741211,78.8499984741211,3584,0.0,0.0
2024-11-05 15:17:00-05:00,78.80999755859375,78.80999755859375,78.80999755859375,78.80999755859375,230,0.0,0.0
2024-11-05 15:18:00-05:00,78.81500244140625,78.81500244140625,78.81500244140625,78.81500244140625,123,0.0,0.0
2024-11-05 15:19:00-05:00,78.80000305175781,78.80000305175781,78.7699966430664,78.7699966430664,1428,0.0,0.0
2024-11-05 15:22:00-05:00,78.81999969482422,78.83999633789062,78.80000305175781,78.80000305175781,2562,0.0,0.0
2024-11-05 15:23:00-05:00,78.80000305175781,78.83999633789062,78.80000305175781,78.83999633789062,1483,0.0,0.0
2024-11-05 15:24:00-05:00,78.87000274658203,78.94999694824219,78.83499908447266,78.91000366210938,2343,0.0,0.0
2024-11-05 15:25:00-05:00,78.87999725341797,78.9000015258789,78.87000274658203,78.9000015258789,3302,0.0,0.0
2024-11-05 15:26:00-05:00,78.9000015258789,78.9000015258789,78.9000015258789,78.9000015258789,324,0.0,0.0
2024-11-05 15:27:00-05:00,78.93000030517578,78.94000244140625,78.93000030517578,78.94000244140625,335,0.0,0.0
2024-11-05 15:28:00-05:00,78.94999694824219,78.94999694824219,78.94999694824219,78.94999694824219,467,0.0,0.0
2024-11-05 15:29:00-05:00,78.97000122070312,78.98999786376953,78.97000122070312,78.98999786376953,857,0.0,0.0
2024-11-05 15:30:00-05:00,79.0199966430664,79.0199966430664,78.9749984741211,78.9800033569336,2372,0.0,0.0
2024-11-05 15:31:00-05:00,78.9749984741211,78.9749984741211,78.9749984741211,78.9749984741211,225,0.0,0.0
2024-11-05 15:32:00-05:00,78.94999694824219,78.94999694824219,78.87999725341797,78.87999725341797,2371,0.0,0.0
2024-11-05 15:33:00-05:00,78.87000274658203,78.91999816894531,78.81999969482422,78.91999816894531,4808,0.0,0.0
2024-11-05 15:36:00-05:00,78.9000015258789,78.9000015258789,78.8499984741211,78.9000015258789,870,0.0,0.0
2024-11-05 15:37:00-05:00,78.94999694824219,78.98999786376953,78.94999694824219,78.98999786376953,2705,0.0,0.0
2024-11-05 15:38:00-05:00,79.03500366210938,79.05000305175781,79.03500366210938,79.05000305175781,624,0.0,0.0
2024-11-05 15:39:00-05:00,79.09500122070312,79.1449966430664,79.08499908447266,79.1449966430664,1914,0.0,0.0
2024-11-05 15:40:00-05:00,79.1449966430664,79.1449966430664,79.1449966430664,79.1449966430664,1307,0.0,0.0
2024-11-05 15:41:00-05:00,79.11000061035156,79.23999786376953,79.0999984741211,79.18000030517578,8694,0.0,0.0
2024-11-05 15:42:00-05:00,79.12999725341797,79.12999725341797,79.04499816894531,79.05000305175781,1963,0.0,0.0
2024-11-05 15:44:00-05:00,78.9800033569336,78.99500274658203,78.97000122070312,78.98999786376953,1899,0.0,0.0
2024-11-05 15:45:00-05:00,78.9800033569336,79.02999877929688,78.9800033569336,79.02999877929688,2306,0.0,0.0
2024-11-05 15:46:00-05:00,78.97000122070312,79.0,78.94999694824219,78.97000122070312,1532,0.0,0.0
2024-11-05 15:47:00-05:00,78.9749984741211,78.9749984741211,78.86000061035156,78.9000015258789,2652,0.0,0.0
2024-11-05 15:48:00-05:00,78.91000366210938,78.94000244140625,78.91000366210938,78.94000244140625,1135,0.0,0.0
2024-11-05 15:49:00-05:00,78.91000366210938,78.91000366210938,78.85749816894531,78.85749816894531,1577,0.0,0.0
2024-11-05 15:50:00-05:00,78.87999725341797,78.87999725341797,78.86000061035156,78.86000061035156,1289,0.0,0.0
2024-11-05 15:51:00-05:00,78.88500213623047,78.91999816894531,78.88500213623047,78.9000015258789,2620,0.0,0.0
2024-11-05 15:52:00-05:00,78.8949966430664,78.8949966430664,78.8949966430664,78.8949966430664,512,0.0,0.0
2024-11-05 15:53:00-05:00,78.87000274658203,78.94000244140625,78.8499984741211,78.93000030517578,4988,0.0,0.0
2024-11-05 15:54:00-05:00,78.92500305175781,79.01000213623047,78.92500305175781,78.95999908447266,8991,0.0,0.0
2024-11-05 15:55:00-05:00,78.98999786376953,79.08999633789062,78.91999816894531,79.08999633789062,9514,0.0,0.0
2024-11-05 15:56:00-05:00,79.06500244140625,79.16000366210938,79.04000091552734,79.16000366210938,6482,0.0,0.0
2024-11-05 15:57:00-05:00,79.16000366210938,79.30000305175781,79.16000366210938,79.26499938964844,10456,0.0,0.0
2024-11-05 15:58:00-05:00,79.25,79.29000091552734,79.2300033569336,79.27999877929688,9780,0.0,0.0
2024-11-05 15:59:00-05:00,79.31999969482422,79.37000274658203,79.2699966430664,79.36000061035156,19297,0.0,0.0
2024-11-06 09:30:00-05:00,81.5,82.0,81.375,81.98500061035156,24331,0.0,0.0
2024-11-06 09:33:00-05:00,82.38999938964844,83.55999755859375,82.38999938964844,83.55999755859375,2714,0.0,0.0
2024-11-06 09:34:00-05:00,83.29499816894531,83.29499816894531,83.29499816894531,83.29499816894531,131,0.0,0.0
2024-11-06 09:35:00-05:00,82.93000030517578,83.83000183105469,82.93000030517578,83.55500030517578,2009,0.0,0.0
2024-11-06 09:36:00-05:00,83.75450134277344,83.75450134277344,83.75450134277344,83.75450134277344,257,0.0,0.0
2024-11-06 09:37:00-05:00,83.47000122070312,83.94000244140625,83.47000122070312,83.4749984741211,528,0.0,0.0
2024-11-06 09:38:00-05:00,83.5,83.9800033569336,83.5,83.5,801,0.0,0.0
2024-11-06 09:39:00-05:00,83.5,83.51000213623047,83.5,83.5,548,0.0,0.0
2024-11-06 09:40:00-05:00,83.87000274658203,83.97000122070312,82.9800033569336,83.54499816894531,3091,0.0,0.0
2024-11-06 09:41:00-05:00,83.55500030517578,84.16000366210938,83.55500030517578,83.63999938964844,6148,0.0,0.0
2024-11-06 09:42:00-05:00,83.625,84.16999816894531,83.55999755859375,83.55999755859375,3674,0.0,0.0
2024-11-06 09:43:00-05:00,83.55999755859375,84.11000061035156,83.55999755859375,83.55999755859375,2210,0.0,0.0
2024-11-06 09:44:00-05:00,83.55000305175781,83.94000244140625,83.55000305175781,83.55000305175781,2347,0.0,0.0
2024-11-06 09:45:00-05:00,83.6449966430664,84.3499984741211,83.6449966430664,84.3499984741211,9500,0.0,0.0
2024-11-06 09:46:00-05:00,83.99500274658203,83.99500274658203,83.99500274658203,83.99500274658203,101,0.0,0.0
2024-11-06 09:47:00-05:00,84.0999984741211,84.0999984741211,83.70999908447266,84.0999984741211,2655,0.0,0.0
2024-11-06 09:48:00-05:00,83.83999633789062,84.0999984741211,83.83999633789062,83.87000274658203,1926,0.0,0.0
2024-11-06 09:49:00-05:00,83.87000274658203,84.23999786376953,83.87000274658203,83.87000274658203,1103,0.0,0.0
2024-11-06 09:50:00-05:00,83.87000274658203,84.2699966430664,83.63999938964844,83.63999938964844,4967,0.0,0.0
2024-11-06 09:51:00-05:00,83.54000091552734,83.83999633789062,83.54000091552734,83.61000061035156,993,0.0,0.0
2024-11-06 09:52:00-05:00,83.5,83.6500015258789,83.4000015258789,83.55000305175781,1806,0.0,0.0
2024-11-06 09:53:00-05:00,83.30500030517578,83.30500030517578,83.19000244140625,83.19000244140625,367,0.0,0.0
2024-11-06 09:54:00-05:00,83.5199966430664,83.56999969482422,82.97000122070312,82.97000122070312,1747,0.0,0.0
2024-11-06 09:55:00-05:00,82.84500122070312,82.84500122070312,82.84500122070312,82.84500122070312,432,0.0,0.0
2024-11-06 09:56:00-05:00,82.83000183105469,82.87000274658203,82.83000183105469,82.87000274658203,226,0.0,0.0
2024-11-06 09:57:00-05:00,82.66000366210938,82.93000030517578,82.5,82.93000030517578,1603,0.0,0.0
2024-11-06 09:58:00-05:00,82.94000244140625,83.20999908447266,82.70500183105469,82.70500183105469,6958,0.0,0.0
2024-11-06 09:59:00-05:00,82.86499786376953,83.02999877929688,82.86499786376953,83.02999877929688,3203,0.0,0.0
2024-11-06 10:00:00-05:00,83.08000183105469,83.08000183105469,83.0,83.0,438,0.0,0.0
2024-11-06 10:01:00-05:00,83.01000213623047,83.25,83.0,83.02749633789062,4685,0.0,0.0
2024-11-06 10:02:00-05:00,83.05500030517578,83.05999755859375,82.97000122070312,83.05999755859375,2920,0.0,0.0
2024-11-06 10:03:00-05:00,83.01000213623047,83.44999694824219,83.0,83.44999694824219,7249,0.0,0.0
2024-11-06 10:04:00-05:00,83.28500366210938,83.94999694824219,83.28500366210938,83.5199966430664,4678,0.0,0.0
2024-11-06 10:05:00-05:00,83.66999816894531,83.68000030517578,83.23999786376953,83.44499969482422,1993,0.0,0.0
2024-11-06 10:06:00-05:00,83.44499969482422,83.68000030517578,83.30999755859375,83.68000030517578,2942,0.0,0.0
2024-11-06 10:07:00-05:00,83.55999755859375,83.87999725341797,83.4000015258789,83.6050033569336,4632,0.0,0.0
2024-11-06 10:08:00-05:00,83.7699966430664,83.83999633789062,83.5999984741211,83.61499786376953,1684,0.0,0.0
2024-11-06 10:09:00-05:00,83.61499786376953,83.8499984741211,83.61499786376953,83.80999755859375,1508,0.0,0.0
2024-11-06 10:10:00-05:00,83.625,83.625,83.4000015258789,83.4000015258789,1396,0.0,0.0
2024-11-06 10:11:00-05:00,83.72000122070312,83.72000122070312,83.20999908447266,83.5199966430664,3563,0.0,0.0
2024-11-06 10:12:00-05:00,83.30000305175781,83.30000305175781,83.06500244140625,83.06500244140625,1601,0.0,0.0
2024-11-06 10:13:00-05:00,83.0,83.19999694824219,82.95999908447266,83.19999694824219,4517,0.0,0.0
2024-11-06 10:14:00-05:00,83.38999938964844,83.4000015258789,83.31999969482422,83.31999969482422,3214,0.0,0.0
2024-11-06 10:16:00-05:00,83.9800033569336,83.9800033569336,83.9800033569336,83.9800033569336,321,0.0,0.0
2024-11-06 10:17:00-05:00,84.08999633789062,84.0999984741211,84.08999633789062,84.0999984741211,1057,0.0,0.0
2024-11-06 10:18:00-05:00,84.08999633789062,84.44000244140625,84.08999633789062,84.20999908447266,1369,0.0,0.0
2024-11-06 10:19:00-05:00,84.2249984741211,84.2249984741211,84.05999755859375,84.15499877929688,2856,0.0,0.0
2024-11-06 10:20:00-05:00,84.33999633789062,84.33999633789062,83.91000366210938,84.1500015258789,13350,0.0,0.0
2024-11-06 10:21:00-05:00,84.1500015258789,84.1500015258789,84.1500015258789,84.1500015258789,414,0.0,0.0
2024-11-06 10:22:00-05:00,84.1500015258789,84.1500015258789,84.00499725341797,84.00499725341797,862,0.0,0.0
2024-11-06 10:23:00-05:00,84.06500244140625,84.19000244140625,83.9000015258789,84.19000244140625,2800,0.0,0.0
2024-11-06 10:24:00-05:00,84.00499725341797,84.00499725341797,83.98999786376953,83.98999786376953,1492,0.0,0.0
2024-11-06 10:25:00-05:00,83.98999786376953,84.3499984741211,83.98999786376953,84.2300033569336,12915,0.0,0.0
2024-11-06 10:26:00-05:00,84.2300033569336,84.3499984741211,84.19999694824219,84.24500274658203,4487,0.0,0.0
2024-11-06 10:27:00-05:00,84.24500274658203,84.29000091552734,84.18499755859375,84.19000244140625,2035,0.0,0.0
2024-11-06 10:28:00-05:00,84.19000244140625,84.38999938964844,84.12999725341797,84.36499786376953,2204,0.0,0.0
2024-11-06 10:29:00-05:00,84.36499786376953,84.36499786376953,84.12999725341797,84.25,3349,0.0,0.0
2024-11-06 10:30:00-05:00,84.25499725341797,84.25499725341797,83.98500061035156,84.0,4471,0.0,0.0
2024-11-06 10:31:00-05:00,83.99500274658203,83.99500274658203,83.9800033569336,83.9800033569336,662,0.0,0.0
2024-11-06 10:32:00-05:00,83.99500274658203,83.99500274658203,83.9800033569336,83.98999786376953,685,0.0,0.0
2024-11-06 10:33:00-05:00,83.98999786376953,84.0,83.98999786376953,84.0,1077,0.0,0.0
2024-11-06 10:34:00-05:00,83.94000244140625,84.0,83.94000244140625,83.94000244140625,792,0.0,0.0
2024-11-06 10:35:00-05:00,83.83999633789062,83.91000366210938,83.83000183105469,83.875,882,0.0,0.0
2024-11-06 10:36:00-05:00,83.875,83.875,83.875,83.875,412,0.0,0.0
2024-11-06 10:37:00-05:00,83.875,83.875,83.3550033569336,83.3550033569336,1064,0.0,0.0
2024-11-06 10:38:00-05:00,83.72000122070312,83.72000122070312,83.68000030517578,83.69000244140625,1461,0.0,0.0
2024-11-06 10:39:00-05:00,83.94999694824219,83.94999694824219,83.94999694824219,83.94999694824219,130,0.0,0.0
2024-11-06 10:41:00-05:00,83.77999877929688,83.77999877929688,83.77999877929688,83.77999877929688,324,0.0,0.0
2024-11-06 10:42:00-05:00,83.77999877929688,83.77999877929688,83.77999877929688,83.77999877929688,755,0.0,0.0
2024-11-06 10:43:00-05:00,83.91999816894531,83.91999816894531,83.8550033569336,83.8550033569336,458,0.0,0.0
2024-11-06 10:44:00-05:00,83.8550033569336,83.86000061035156,83.8550033569336,83.8550033569336,1466,0.0,0.0
2024-11-06 10:45:00-05:00,83.8550033569336,83.8550033569336,83.8550033569336,83.8550033569336,355,0.0,0.0
2024-11-06 10:46:00-05:00,83.86499786376953,83.87999725341797,83.86499786376953,83.87999725341797,1146,0.0,0.0
2024-11-06 10:47:00-05:00,83.875,83.87999725341797,83.875,83.87999725341797,1016,0.0,0.0
2024-11-06 10:48:00-05:00,83.875,84.06500244140625,83.875,83.95999908447266,7663,0.0,0.0
2024-11-06 10:49:00-05:00,83.95999908447266,84.0,83.95999908447266,84.0,939,0.0,0.0
2024-11-06 10:50:00-05:00,83.93000030517578,83.95999908447266,83.58999633789062,83.81999969482422,3533,0.0,0.0
2024-11-06 10:52:00-05:00,83.5999984741211,83.5999984741211,83.5999984741211,83.5999984741211,523,0.0,0.0
2024-11-06 10:53:00-05:00,83.5999984741211,83.5999984741211,83.5999984741211,83.5999984741211,986,0.0,0.0
2024-11-06 10:54:00-05:00,83.5999984741211,83.75,83.59500122070312,83.59500122070312,1886,0.0,0.0
2024-11-06 10:55:00-05:00,83.59500122070312,83.79000091552734,83.59500122070312,83.6500015258789,3066,0.0,0.0
2024-11-06 10:56:00-05:00,83.7249984741211,83.7249984741211,83.58000183105469,83.6050033569336,4302,0.0,0.0
2024-11-06 10:57:00-05:00,83.6050033569336,83.72000122070312,83.6050033569336,83.6050033569336,4103,0.0,0.0
2024-11-06 10:58:00-05:00,83.6500015258789,83.90499877929688,83.54000091552734,83.90499877929688,2958,0.0,0.0
2024-11-06 10:59:00-05:00,83.90499877929688,83.90499877929688,83.9000015258789,83.9000015258789,712,0.0,0.0
2024-11-06 11:01:00-05:00,84.0,84.1500015258789,83.79000091552734,83.81500244140625,4841,0.0,0.0
2024-11-06 11:02:00-05:00,83.83000183105469,83.83000183105469,83.83000183105469,83.83000183105469,482,0.0,0.0
2024-11-06 11:04:00-05:00,83.86000061035156,83.86000061035156,83.86000061035156,83.86000061035156,359,0.0,0.0
2024-11-06 11:05:00-05:00,83.83999633789062,83.83999633789062,83.66000366210938,83.66000366210938,871,0.0,0.0
2024-11-06 11:06:00-05:00,83.81999969482422,83.81999969482422,83.7249984741211,83.7249984741211,1143,0.0,0.0
2024-11-06 11:07:00-05:00,83.69999694824219,83.7249984741211,83.69999694824219,83.70500183105469,1184,0.0,0.0
2024-11-06 11:09:00-05:00,83.83000183105469,83.95999908447266,83.83000183105469,83.95999908447266,736,0.0,0.0
2024-11-06 11:10:00-05:00,83.87999725341797,83.87999725341797,83.87999725341797,83.87999725341797,913,0.0,0.0
2024-11-06 11:11:00-05:00,83.95999908447266,84.05999755859375,83.94000244140625,84.05999755859375,1257,0.0,0.0
2024-11-06 11:12:00-05:00,84.08000183105469,84.08499908447266,83.9000015258789,84.0,1424,0.0,0.0
2024-11-06 11:13:00-05:00,83.91999816894531,84.08999633789062,83.91999816894531,84.08999633789062,1682,0.0,0.0
2024-11-06 11:14:00-05:00,84.1050033569336,84.1050033569336,84.0,84.08000183105469,933,0.0,0.0
2024-11-06 11:15:00-05:00,84.08499908447266,84.11000061035156,84.0,84.05500030517578,1532,0.0,0.0
2024-11-06 11:16:00-05:00,83.98999786376953,84.13999938964844,83.98999786376953,84.08000183105469,2119,0.0,0.0
2024-11-06 11:17:00-05:00,84.08000183105469,84.16000366210938,84.08000183105469,84.08000183105469,1064,0.0,0.0
2024-11-06 11:18:00-05:00,83.98999786376953,84.0425033569336,83.79000091552734,83.79000091552734,2617,0.0,0.0
2024-11-06 11:19:00-05:00,83.81500244140625,83.81999969482422,83.7699966430664,83.80000305175781,947,0.0,0.0
2024-11-06 11:20:00-05:00,83.77999877929688,83.77999877929688,83.75,83.75,857,0.0,0.0
2024-11-06 11:21:00-05:00,83.9000015258789,83.9000015258789,83.68000030517578,83.69999694824219,1038,0.0,0.0
2024-11-06 11:22:00-05:00,83.72000122070312,83.7300033569336,83.70500183105469,83.70500183105469,728,0.0,0.0
2024-11-06 11:23:00-05:00,83.70999908447266,83.86000061035156,83.70999908447266,83.79000091552734,2489,0.0,0.0
2024-11-06 11:24:00-05:00,83.75,83.75,83.75,83.75,1948,0.0,0.0
2024-11-06 11:25:00-05:00,83.87750244140625,83.87750244140625,83.86499786376953,83.86499786376953,1239,0.0,0.0
2024-11-06 11:26:00-05:00,83.86499786376953,83.86499786376953,83.76000213623047,83.76000213623047,1907,0.0,0.0
2024-11-06 11:27:00-05:00,83.79499816894531,83.86499786376953,83.79000091552734,83.86499786376953,739,0.0,0.0
2024-11-06 11:28:00-05:00,83.86250305175781,83.87999725341797,83.86250305175781,83.87999725341797,539,0.0,0.0
2024-11-06 11:29:00-05:00,83.75,83.8949966430664,83.75,83.8949966430664,2344,0.0,0.0
2024-11-06 11:30:00-05:00,83.9000015258789,83.91000366210938,83.80000305175781,83.8499984741211,1838,0.0,0.0
2024-11-06 11:31:00-05:00,83.80999755859375,83.91500091552734,83.80000305175781,83.80000305175781,4072,0.0,0.0
2024-11-06 11:32:00-05:00,83.80000305175781,83.80000305175781,83.73999786376953,83.75,2418,0.0,0.0
2024-11-06 11:33:00-05:00,83.73999786376953,83.8499984741211,83.73999786376953,83.8499984741211,511,0.0,0.0
2024-11-06 11:34:00-05:00,83.84500122070312,83.86000061035156,83.84500122070312,83.86000061035156,947,0.0,0.0
2024-11-06 11:35:00-05:00,83.76000213623047,83.76000213623047,83.76000213623047,83.76000213623047,348,0.0,0.0
2024-11-06 11:36:00-05:00,83.81999969482422,83.81999969482422,83.81999969482422,83.81999969482422,346,0.0,0.0
2024-11-06 11:37:00-05:00,83.81999969482422,83.81999969482422,83.81999969482422,83.81999969482422,858,0.0,0.0
2024-11-06 11:38:00-05:00,83.81999969482422,83.95999908447266,83.81999969482422,83.8550033569336,1480,0.0,0.0
2024-11-06 11:39:00-05:00,83.875,83.875,83.875,83.875,509,0.0,0.0
2024-11-06 11:40:00-05:00,83.875,83.875,83.875,83.875,314,0.0,0.0
2024-11-06 11:41:00-05:00,83.875,83.875,83.875,83.875,869,0.0,0.0
2024-11-06 11:42:00-05:00,83.875,84.0199966430664,83.875,83.95500183105469,2516,0.0,0.0
2024-11-06 11:43:00-05:00,84.08000183105469,84.08000183105469,84.02999877929688,84.08000183105469,863,0.0,0.0
2024-11-06 11:44:00-05:00,84.07499694824219,84.09500122070312,84.04000091552734,84.09500122070312,1833,0.0,0.0
2024-11-06 11:45:00-05:00,84.18000030517578,84.18000030517578,84.18000030517578,84.18000030517578,407,0.0,0.0
2024-11-06 11:46:00-05:00,84.18499755859375,84.22000122070312,84.18499755859375,84.19999694824219,1164,0.0,0.0
2024-11-06 11:47:00-05:00,84.21499633789062,84.21499633789062,84.21499633789062,84.21499633789062,739,0.0,0.0
2024-11-06 11:48:00-05:00,84.21499633789062,84.21499633789062,84.0199966430664,84.0199966430664,1287,0.0,0.0
2024-11-06 11:49:00-05:00,84.0199966430664,84.14749908447266,84.01000213623047,84.14749908447266,824,0.0,0.0
2024-11-06 11:50:00-05:00,84.16999816894531,84.18000030517578,84.16999816894531,84.18000030517578,542,0.0,0.0
2024-11-06 11:52:00-05:00,84.19499969482422,84.2699966430664,84.19499969482422,84.2699966430664,567,0.0,0.0
2024-11-06 11:53:00-05:00,84.30999755859375,84.41999816894531,84.25,84.41999816894531,3174,0.0,0.0
2024-11-06 11:54:00-05:00,84.30000305175781,84.30000305175781,84.27999877929688,84.27999877929688,1040,0.0,0.0
2024-11-06 11:56:00-05:00,84.41999816894531,84.4800033569336,84.37000274658203,84.4800033569336,2184,0.0,0.0
2024-11-06 11:57:00-05:00,84.38999938964844,84.44499969482422,84.2699966430664,84.27999877929688,1719,0.0,0.0
2024-11-06 11:58:00-05:00,84.38999938964844,84.38999938964844,84.36000061035156,84.36000061035156,688,0.0,0.0
2024-11-06 11:59:00-05:00,84.36000061035156,84.37999725341797,84.36000061035156,84.36499786376953,1223,0.0,0.0
2024-11-06 12:00:00-05:00,84.3499984741211,84.44000244140625,84.3499984741211,84.36000061035156,1938,0.0,0.0
2024-11-06 12:01:00-05:00,84.36000061035156,84.36000061035156,84.36000061035156,84.36000061035156,507,0.0,0.0
2024-11-06 12:02:00-05:00,84.36000061035156,84.375,84.36000061035156,84.36499786376953,877,0.0,0.0
2024-11-06 12:03:00-05:00,84.36000061035156,84.36000061035156,84.36000061035156,84.36000061035156,335,0.0,0.0
2024-11-06 12:04:00-05:00,84.36000061035156,84.36000061035156,84.26000213623047,84.26000213623047,2241,0.0,0.0
2024-11-06 12:05:00-05:00,84.18000030517578,84.18000030517578,84.18000030517578,84.18000030517578,315,0.0,0.0
2024-11-06 12:06:00-05:00,84.21499633789062,84.21499633789062,84.21499633789062,84.21499633789062,357,0.0,0.0
2024-11-06 12:07:00-05:00,84.41999816894531,84.41999816894531,84.36000061035156,84.37000274658203,856,0.0,0.0
2024-11-06 12:09:00-05:00,84.33999633789062,84.33999633789062,84.33999633789062,84.33999633789062,190,0.0,0.0
2024-11-06 12:10:00-05:00,84.33999633789062,84.44999694824219,84.33999633789062,84.38999938964844,2915,0.0,0.0
2024-11-06 12:11:00-05:00,84.5,84.5,84.46499633789062,84.5,2459,0.0,0.0
2024-11-06 12:13:00-05:00,84.43000030517578,84.43000030517578,84.43000030517578,84.43000030517578,755,0.0,0.0
2024-11-06 12:15:00-05:00,84.4800033569336,84.4800033569336,84.3499984741211,84.38500213623047,2403,0.0,0.0
2024-11-06 12:16:00-05:00,84.38500213623047,84.38999938964844,84.38500213623047,84.38999938964844,355,0.0,0.0
2024-11-06 12:17:00-05:00,84.38999938964844,84.38999938964844,84.38999938964844,84.38999938964844,419,0.0,0.0
2024-11-06 12:18:00-05:00,84.37000274658203,84.37000274658203,84.27999877929688,84.32499694824219,1412,0.0,0.0
2024-11-06 12:19:00-05:00,84.33999633789062,84.33999633789062,84.13999938964844,84.13999938964844,2378,0.0,0.0
2024-11-06 12:21:00-05:00,84.18000030517578,84.18000030517578,84.17500305175781,84.17500305175781,677,0.0,0.0
2024-11-06 12:23:00-05:00,84.11000061035156,84.11000061035156,84.08999633789062,84.08999633789062,986,0.0,0.0
2024-11-06 12:24:00-05:00,84.09500122070312,84.13999938964844,84.09500122070312,84.13999938964844,945,0.0,0.0
2024-11-06 12:25:00-05:00,84.1500015258789,84.1675033569336,84.1500015258789,84.1675033569336,632,0.0,0.0
2024-11-06 12:26:00-05:00,84.08999633789062,84.11000061035156,84.08999633789062,84.11000061035156,622,0.0,0.0
2024-11-06 12:28:00-05:00,84.11000061035156,84.18000030517578,84.11000061035156,84.16000366210938,790,0.0,0.0
2024-11-06 12:29:00-05:00,84.17500305175781,84.17500305175781,84.17500305175781,84.17500305175781,303,0.0,0.0
2024-11-06 12:30:00-05:00,84.17500305175781,84.19000244140625,84.16999816894531,84.19000244140625,883,0.0,0.0
2024-11-06 12:31:00-05:00,84.25,84.25,84.18000030517578,84.18000030517578,1335,0.0,0.0
2024-11-06 12:32:00-05:00,84.18499755859375,84.18499755859375,84.1500015258789,84.1500015258789,411,0.0,0.0
2024-11-06 12:33:00-05:00,84.18499755859375,84.18499755859375,84.04000091552734,84.04000091552734,3126,0.0,0.0
2024-11-06 12:34:00-05:00,83.9800033569336,84.09500122070312,83.97000122070312,84.09500122070312,737,0.0,0.0
2024-11-06 12:35:00-05:00,83.98999786376953,83.98999786376953,83.98999786376953,83.98999786376953,169,0.0,0.0
2024-11-06 12:36:00-05:00,84.06999969482422,84.07499694824219,84.06999969482422,84.07499694824219,255,0.0,0.0
2024-11-06 12:37:00-05:00,84.07499694824219,84.07499694824219,83.83000183105469,83.90499877929688,3614,0.0,0.0
2024-11-06 12:38:00-05:00,83.90499877929688,83.90499877929688,83.81999969482422,83.81999969482422,430,0.0,0.0
2024-11-06 12:39:00-05:00,83.88500213623047,83.88500213623047,83.88500213623047,83.88500213623047,1198,0.0,0.0
2024-11-06 12:40:00-05:00,83.87000274658203,83.88500213623047,83.75,83.75,2426,0.0,0.0
2024-11-06 12:44:00-05:00,83.76499938964844,84.0,83.76499938964844,84.0,3305,0.0,0.0
2024-11-06 12:45:00-05:00,83.91000366210938,83.91000366210938,83.91000366210938,83.91000366210938,793,0.0,0.0
2024-11-06 12:48:00-05:00,84.0,84.0,83.96499633789062,84.0,2795,0.0,0.0
2024-11-06 12:49:00-05:00,84.04499816894531,84.04499816894531,84.04499816894531,84.04499816894531,512,0.0,0.0
2024-11-06 12:50:00-05:00,84.05000305175781,84.05000305175781,84.04499816894531,84.05000305175781,1033,0.0,0.0
2024-11-06 12:51:00-05:00,83.97000122070312,84.0250015258789,83.97000122070312,84.0250015258789,763,0.0,0.0
2024-11-06 12:52:00-05:00,84.01499938964844,84.01499938964844,84.01499938964844,84.01499938964844,268,0.0,0.0
2024-11-06 12:53:00-05:00,84.01499938964844,84.0199966430664,84.01000213623047,84.01000213623047,1026,0.0,0.0
2024-11-06 12:54:00-05:00,84.0199966430664,84.0199966430664,84.0199966430664,84.0199966430664,626,0.0,0.0
2024-11-06 12:55:00-05:00,84.02999877929688,84.02999877929688,84.02999877929688,84.02999877929688,758,0.0,0.0
2024-11-06 12:56:00-05:00,84.02999877929688,84.23500061035156,84.02999877929688,84.1500015258789,6504,0.0,0.0
2024-11-06 12:57:00-05:00,84.11000061035156,84.11000061035156,84.05999755859375,84.05999755859375,1702,0.0,0.0
2024-11-06 12:58:00-05:00,84.0199966430664,84.12000274658203,84.0,84.0,1782,0.0,0.0
2024-11-06 12:59:00-05:00,84.01000213623047,84.05999755859375,84.0,84.05999755859375,1970,0.0,0.0
2024-11-06 13:00:00-05:00,84.01499938964844,84.01499938964844,84.01499938964844,84.01499938964844,158,0.0,0.0
2024-11-06 13:01:00-05:00,83.87000274658203,84.0,83.80000305175781,83.87000274658203,4731,0.0,0.0
2024-11-06 13:02:00-05:00,83.93000030517578,84.05000305175781,83.8499984741211,84.0,3553,0.0,0.0
2024-11-06 13:03:00-05:00,84.05000305175781,84.05000305175781,83.8906021118164,83.8906021118164,586,0.0,0.0
2024-11-06 13:05:00-05:00,84.0,84.05000305175781,84.0,84.05000305175781,967,0.0,0.0
2024-11-06 13:06:00-05:00,84.0,84.0,83.87000274658203,83.88780212402344,1102,0.0,0.0
2024-11-06 13:07:00-05:00,83.83999633789062,84.0,83.83999633789062,83.94999694824219,796,0.0,0.0
2024-11-06 13:08:00-05:00,83.95999908447266,83.95999908447266,83.95999908447266,83.95999908447266,412,0.0,0.0
2024-11-06 13:09:00-05:00,84.0250015258789,84.0250015258789,84.0,84.0,3051,0.0,0.0
2024-11-06 13:10:00-05:00,84.0,84.0,84.0,84.0,104,0.0,0.0
2024-11-06 13:11:00-05:00,83.98999786376953,84.12000274658203,83.98999786376953,84.12000274658203,4809,0.0,0.0
2024-11-06 13:12:00-05:00,84.22000122070312,84.22000122070312,84.1500015258789,84.16000366210938,939,0.0,0.0
2024-11-06 13:13:00-05:00,84.16000366210938,84.16000366210938,84.16000366210938,84.16000366210938,236,0.0,0.0
2024-11-06 13:14:00-05:00,84.1500015258789,84.1500015258789,84.1500015258789,84.1500015258789,411,0.0,0.0
2024-11-06 13:15:00-05:00,84.16000366210938,84.16000366210938,84.16000366210938,84.16000366210938,457,0.0,0.0
2024-11-06 13:16:00-05:00,84.19999694824219,84.19999694824219,84.16500091552734,84.16500091552734,805,0.0,0.0
2024-11-06 13:17:00-05:00,84.25,84.33999633789062,84.25,84.33000183105469,1575,0.0,0.0
2024-11-06 13:18:00-05:00,84.36000061035156,84.36000061035156,84.36000061035156,84.36000061035156,1494,0.0,0.0
2024-11-06 13:22:00-05:00,84.38999938964844,84.3949966430664,84.25,84.27999877929688,3409,0.0,0.0
2024-11-06 13:23:00-05:00,84.29499816894531,84.29499816894531,84.29499816894531,84.29499816894531,415,0.0,0.0
2024-11-06 13:24:00-05:00,84.20999908447266,84.2699966430664,84.20999908447266,84.2699966430664,458,0.0,0.0
2024-11-06 13:25:00-05:00,84.29000091552734,84.29000091552734,84.29000091552734,84.29000091552734,428,0.0,0.0
2024-11-06 13:26:00-05:00,84.37999725341797,84.45999908447266,84.37999725341797,84.45999908447266,2046,0.0,0.0
2024-11-06 13:28:00-05:00,84.47000122070312,84.47000122070312,84.47000122070312,84.47000122070312,606,0.0,0.0
2024-11-06 13:29:00-05:00,84.46499633789062,84.5199966430664,84.46499633789062,84.5199966430664,1406,0.0,0.0
2024-11-06 13:30:00-05:00,84.55000305175781,84.55000305175781,84.55000305175781,84.55000305175781,251,0.0,0.0
2024-11-06 13:31:00-05:00,84.53070068359375,84.55000305175781,84.4749984741211,84.54000091552734,895,0.0,0.0
2024-11-06 13:32:00-05:00,84.55000305175781,84.55000305175781,84.48999786376953,84.55000305175781,1385,0.0,0.0
2024-11-06 13:33:00-05:00,84.4800033569336,84.4800033569336,84.47000122070312,84.4800033569336,903,0.0,0.0
2024-11-06 13:34:00-05:00,84.5250015258789,84.5250015258789,84.45140075683594,84.45140075683594,1887,0.0,0.0
2024-11-06 13:38:00-05:00,84.49500274658203,84.55999755859375,84.49500274658203,84.49500274658203,1308,0.0,0.0
2024-11-06 13:39:00-05:00,84.50499725341797,84.50499725341797,84.50499725341797,84.50499725341797,601,0.0,0.0
2024-11-06 13:41:00-05:00,84.52999877929688,84.52999877929688,84.5,84.51000213623047,791,0.0,0.0
2024-11-06 13:42:00-05:00,84.49500274658203,84.49500274658203,84.30000305175781,84.30000305175781,3690,0.0,0.0
2024-11-06 13:44:00-05:00,84.37999725341797,84.38500213623047,84.36499786376953,84.36499786376953,578,0.0,0.0
2024-11-06 13:46:00-05:00,84.3499984741211,84.4000015258789,84.3499984741211,84.4000015258789,2294,0.0,0.0
2024-11-06 13:47:00-05:00,84.46910095214844,84.46910095214844,84.40499877929688,84.40499877929688,670,0.0,0.0
2024-11-06 13:48:00-05:00,84.41000366210938,84.41000366210938,84.41000366210938,84.41000366210938,345,0.0,0.0
2024-11-06 13:49:00-05:00,84.44999694824219,84.44999694824219,84.43000030517578,84.43000030517578,560,0.0,0.0
2024-11-06 13:50:00-05:00,84.43499755859375,84.43499755859375,84.43000030517578,84.43000030517578,935,0.0,0.0
2024-11-06 13:51:00-05:00,84.43000030517578,84.43000030517578,84.43000030517578,84.43000030517578,385,0.0,0.0
2024-11-06 13:52:00-05:00,84.43000030517578,84.48999786376953,84.43000030517578,84.48999786376953,1250,0.0,0.0
2024-11-06 13:54:00-05:00,84.47000122070312,84.52999877929688,84.47000122070312,84.52999877929688,1288,0.0,0.0
2024-11-06 13:55:00-05:00,84.52999877929688,84.67500305175781,84.52999877929688,84.58000183105469,4739,0.0,0.0
2024-11-06 13:56:00-05:00,84.61499786376953,84.69000244140625,84.61499786376953,84.68000030517578,1381,0.0,0.0
2024-11-06 13:57:00-05:00,84.69000244140625,84.73500061035156,84.69000244140625,84.73500061035156,1142,0.0,0.0
2024-11-06 13:58:00-05:00,84.69000244140625,84.72000122070312,84.58999633789062,84.58999633789062,3872,0.0,0.0
2024-11-06 13:59:00-05:00,84.6500015258789,84.66000366210938,84.5999984741211,84.65499877929688,3302,0.0,0.0
2024-11-06 14:00:00-05:00,84.65499877929688,84.65499877929688,84.55999755859375,84.58000183105469,1255,0.0,0.0
2024-11-06 14:01:00-05:00,84.5999984741211,84.63500213623047,84.5999984741211,84.63500213623047,743,0.0,0.0
2024-11-06 14:02:00-05:00,84.63999938964844,84.6500015258789,84.56999969482422,84.56999969482422,698,0.0,0.0
2024-11-06 14:03:00-05:00,84.6500015258789,84.69999694824219,84.63999938964844,84.69000244140625,6176,0.0,0.0
2024-11-06 14:04:00-05:00,84.69000244140625,84.70999908447266,84.69000244140625,84.70999908447266,543,0.0,0.0
2024-11-06 14:05:00-05:00,84.71499633789062,84.71499633789062,84.71499633789062,84.71499633789062,623,0.0,0.0
2024-11-06 14:06:00-05:00,84.72000122070312,84.72000122070312,84.66999816894531,84.66999816894531,649,0.0,0.0
2024-11-06 14:07:00-05:00,84.66999816894531,84.79000091552734,84.62999725341797,84.69000244140625,3036,0.0,0.0
2024-11-06 14:08:00-05:00,84.88999938964844,84.91000366210938,84.88999938964844,84.91000366210938,1007,0.0,0.0
2024-11-06 14:09:00-05:00,84.91999816894531,84.91999816894531,84.91999816894531,84.91999816894531,973,0.0,0.0
2024-11-06 14:11:00-05:00,84.87000274658203,84.87000274658203,84.76000213623047,84.80000305175781,1958,0.0,0.0
2024-11-06 14:12:00-05:00,84.84500122070312,84.84500122070312,84.83000183105469,84.83000183105469,988,0.0,0.0
2024-11-06 14:13:00-05:00,85.0,85.06999969482422,84.9800033569336,85.05999755859375,3619,0.0,0.0
2024-11-06 14:14:00-05:00,85.05999755859375,85.05999755859375,84.9000015258789,84.93499755859375,3167,0.0,0.0
2024-11-06 14:16:00-05:00,84.87000274658203,84.87000274658203,84.80000305175781,84.8499984741211,1963,0.0,0.0
2024-11-06 14:17:00-05:00,84.88500213623047,84.88500213623047,84.88500213623047,84.88500213623047,449,0.0,0.0
2024-11-06 14:18:00-05:00,84.92500305175781,84.92500305175781,84.86000061035156,84.86000061035156,2095,0.0,0.0
2024-11-06 14:19:00-05:00,84.8550033569336,84.8550033569336,84.8550033569336,84.8550033569336,120,0.0,0.0
2024-11-06 14:20:00-05:00,84.8550033569336,84.8550033569336,84.8550033569336,84.8550033569336,272,0.0,0.0
2024-11-06 14:21:00-05:00,84.86499786376953,84.87999725341797,84.83380126953125,84.87999725341797,758,0.0,0.0
2024-11-06 14:22:00-05:00,84.87999725341797,84.87999725341797,84.87999725341797,84.87999725341797,549,0.0,0.0
2024-11-06 14:23:00-05:00,84.94000244140625,85.0199966430664,84.93000030517578,85.0199966430664,1119,0.0,0.0
2024-11-06 14:24:00-05:00,84.98999786376953,84.98999786376953,84.95999908447266,84.98500061035156,1389,0.0,0.0
2024-11-06 14:26:00-05:00,85.0199966430664,85.05000305175781,84.98999786376953,85.05000305175781,1473,0.0,0.0
2024-11-06 14:27:00-05:00,85.05000305175781,85.05000305175781,85.05000305175781,85.05000305175781,389,0.0,0.0
2024-11-06 14:28:00-05:00,85.05000305175781,85.05000305175781,85.0199966430664,85.0199966430664,1197,0.0,0.0
2024-11-06 14:29:00-05:00,85.05999755859375,85.08000183105469,85.05999755859375,85.08000183105469,1057,0.0,0.0
2024-11-06 14:30:00-05:00,85.0199966430664,85.21499633789062,85.0199966430664,85.21499633789062,1756,0.0,0.0
2024-11-06 14:31:00-05:00,85.21499633789062,85.23999786376953,85.08999633789062,85.1500015258789,3688,0.0,0.0
2024-11-06 14:32:00-05:00,85.1500015258789,85.15499877929688,85.1500015258789,85.15499877929688,506,0.0,0.0
2024-11-06 14:34:00-05:00,85.08999633789062,85.23500061035156,85.08999633789062,85.2300033569336,2256,0.0,0.0
2024-11-06 14:35:00-05:00,85.22000122070312,85.22000122070312,85.22000122070312,85.22000122070312,739,0.0,0.0
2024-11-06 14:37:00-05:00,85.19000244140625,85.19000244140625,85.1500015258789,85.19000244140625,3446,0.0,0.0
2024-11-06 14:38:00-05:00,85.16999816894531,85.18499755859375,85.1500015258789,85.17500305175781,1004,0.0,0.0
2024-11-06 14:39:00-05:00,85.17500305175781,85.17500305175781,85.12000274658203,85.1500015258789,2126,0.0,0.0
2024-11-06 14:40:00-05:00,85.12999725341797,85.12999725341797,85.08000183105469,85.12999725341797,1086,0.0,0.0
2024-11-06 14:41:00-05:00,85.08000183105469,85.11000061035156,84.94999694824219,84.94999694824219,3523,0.0,0.0
2024-11-06 14:42:00-05:00,84.875,84.9000015258789,84.83999633789062,84.83999633789062,611,0.0,0.0
2024-11-06 14:43:00-05:00,84.88999938964844,84.88999938964844,84.75,84.83999633789062,1450,0.0,0.0
2024-11-06 14:44:00-05:00,84.86000061035156,84.86000061035156,84.86000061035156,84.86000061035156,547,0.0,0.0
2024-11-06 14:45:00-05:00,84.8949966430664,84.8949966430664,84.80999755859375,84.80999755859375,1071,0.0,0.0
2024-11-06 14:46:00-05:00,84.94000244140625,85.01000213623047,84.77999877929688,84.90499877929688,4375,0.0,0.0
2024-11-06 14:47:00-05:00,84.87999725341797,84.87999725341797,84.87999725341797,84.87999725341797,451,0.0,0.0
2024-11-06 14:48:00-05:00,84.91999816894531,84.98999786376953,84.91999816894531,84.98999786376953,1140,0.0,0.0
2024-11-06 14:50:00-05:00,84.98999786376953,84.98999786376953,84.98999786376953,84.98999786376953,1105,0.0,0.0
2024-11-06 14:51:00-05:00,84.92500305175781,84.92500305175781,84.92500305175781,84.92500305175781,912,0.0,0.0
2024-11-06 14:52:00-05:00,84.92500305175781,84.92500305175781,84.92500305175781,84.92500305175781,213,0.0,0.0
2024-11-06 14:53:00-05:00,84.92500305175781,84.95999908447266,84.92500305175781,84.95999908447266,902,0.0,0.0
2024-11-06 14:54:00-05:00,84.87999725341797,84.93000030517578,84.80000305175781,84.8499984741211,4369,0.0,0.0
2024-11-06 14:55:00-05:00,84.8550033569336,84.8550033569336,84.8550033569336,84.8550033569336,201,0.0,0.0
2024-11-06 14:56:00-05:00,84.8550033569336,84.86000061035156,84.76000213623047,84.76000213623047,1391,0.0,0.0
2024-11-06 14:57:00-05:00,84.80999755859375,84.80999755859375,84.76000213623047,84.79000091552734,1144,0.0,0.0
2024-11-06 14:58:00-05:00,84.79499816894531,84.79499816894531,84.79499816894531,84.79499816894531,551,0.0,0.0
2024-11-06 14:59:00-05:00,84.8499984741211,84.87999725341797,84.8499984741211,84.87999725341797,2215,0.0,0.0
2024-11-06 15:00:00-05:00,84.83000183105469,84.9000015258789,84.83000183105469,84.9000015258789,1349,0.0,0.0
2024-11-06 15:01:00-05:00,84.94999694824219,84.98999786376953,84.94999694824219,84.97000122070312,2499,0.0,0.0
2024-11-06 15:02:00-05:00,84.96269989013672,84.96269989013672,84.91999816894531,84.94999694824219,1744,0.0,0.0
2024-11-06 15:03:00-05:00,84.93000030517578,84.95500183105469,84.88999938964844,84.94000244140625,2561,0.0,0.0
2024-11-06 15:04:00-05:00,84.86000061035156,84.86000061035156,84.8499984741211,84.8499984741211,236,0.0,0.0
2024-11-06 15:05:00-05:00,84.86000061035156,84.87999725341797,84.86000061035156,84.87999725341797,1099,0.0,0.0
2024-11-06 15:06:00-05:00,84.9000015258789,84.94000244140625,84.88500213623047,84.88500213623047,6025,0.0,0.0
2024-11-06 15:07:00-05:00,84.93000030517578,84.94000244140625,84.88249969482422,84.9000015258789,1998,0.0,0.0
2024-11-06 15:08:00-05:00,84.88500213623047,84.9800033569336,84.88500213623047,84.9800033569336,5629,0.0,0.0
2024-11-06 15:09:00-05:00,84.94999694824219,84.98999786376953,84.87999725341797,84.87999725341797,4514,0.0,0.0
2024-11-06 15:10:00-05:00,84.87999725341797,84.91000366210938,84.83999633789062,84.83999633789062,3391,0.0,0.0
2024-11-06 15:11:00-05:00,84.9000015258789,84.9000015258789,84.83000183105469,84.8949966430664,2286,0.0,0.0
2024-11-06 15:12:00-05:00,84.88999938964844,84.88999938964844,84.88500213623047,84.88500213623047,566,0.0,0.0
2024-11-06 15:13:00-05:00,84.91999816894531,84.94000244140625,84.875,84.9000015258789,3455,0.0,0.0
2024-11-06 15:14:00-05:00,84.875,84.93000030517578,84.875,84.93000030517578,4084,0.0,0.0
2024-11-06 15:15:00-05:00,84.90499877929688,84.91999816894531,84.8499984741211,84.91999816894531,3223,0.0,0.0
2024-11-06 15:16:00-05:00,84.88999938964844,84.88999938964844,84.88999938964844,84.88999938964844,1096,0.0,0.0
2024-11-06 15:17:00-05:00,84.88999938964844,84.94000244140625,84.86000061035156,84.8949966430664,2606,0.0,0.0
2024-11-06 15:18:00-05:00,84.8949966430664,84.94999694824219,84.8499984741211,84.8949966430664,10210,0.0,0.0
2024-11-06 15:19:00-05:00,84.8949966430664,84.8949966430664,84.875,84.875,554,0.0,0.0
2024-11-06 15:20:00-05:00,84.875,84.9800033569336,84.875,84.94999694824219,6358,0.0,0.0
2024-11-06 15:21:00-05:00,84.94999694824219,85.01499938964844,84.94999694824219,85.00499725341797,4173,0.0,0.0
2024-11-06 15:22:00-05:00,85.01000213623047,85.01499938964844,84.9800033569336,85.01000213623047,3047,0.0,0.0
2024-11-06 15:23:00-05:00,85.01000213623047,85.05000305175781,85.01000213623047,85.0199966430664,3064,0.0,0.0
2024-11-06 15:24:00-05:00,84.97000122070312,85.08999633789062,84.97000122070312,85.05999755859375,2866,0.0,0.0
2024-11-06 15:25:00-05:00,85.0999984741211,85.1050033569336,85.04000091552734,85.1050033569336,2365,0.0,0.0
2024-11-06 15:26:00-05:00,85.11000061035156,85.11000061035156,85.11000061035156,85.11000061035156,3153,0.0,0.0
2024-11-06 15:27:00-05:00,85.11000061035156,85.16999816894531,85.11000061035156,85.11499786376953,1359,0.0,0.0
2024-11-06 15:28:00-05:00,85.12999725341797,85.16999816894531,85.09100341796875,85.16999816894531,3545,0.0,0.0
2024-11-06 15:29:00-05:00,85.18499755859375,85.18499755859375,85.0999984741211,85.125,3759,0.0,0.0
2024-11-06 15:30:00-05:00,85.05000305175781,85.06500244140625,85.05000305175781,85.06500244140625,2025,0.0,0.0
2024-11-06 15:31:00-05:00,85.05500030517578,85.05500030517578,84.93000030517578,85.01000213623047,17681,0.0,0.0
2024-11-06 15:32:00-05:00,85.01499938964844,85.01499938964844,85.01499938964844,85.01499938964844,853,0.0,0.0
2024-11-06 15:33:00-05:00,85.01499938964844,85.01499938964844,85.01499938964844,85.01499938964844,1167,0.0,0.0
2024-11-06 15:34:00-05:00,85.01000213623047,85.01000213623047,84.97000122070312,85.01000213623047,801,0.0,0.0
2024-11-06 15:35:00-05:00,85.00499725341797,85.05999755859375,85.00499725341797,85.0250015258789,2972,0.0,0.0
2024-11-06 15:36:00-05:00,85.0250015258789,85.06999969482422,84.9800033569336,85.01000213623047,4649,0.0,0.0
2024-11-06 15:37:00-05:00,85.01000213623047,85.01000213623047,84.93000030517578,84.97000122070312,4225,0.0,0.0
2024-11-06 15:38:00-05:00,84.96499633789062,84.97000122070312,84.91500091552734,84.97000122070312,2267,0.0,0.0
2024-11-06 15:39:00-05:00,84.94999694824219,84.98999786376953,84.94000244140625,84.94000244140625,2236,0.0,0.0
2024-11-06 15:40:00-05:00,84.97000122070312,84.97000122070312,84.90010070800781,84.93499755859375,3260,0.0,0.0
2024-11-06 15:41:00-05:00,84.97000122070312,85.36000061035156,84.95999908447266,85.20999908447266,12726,0.0,0.0
2024-11-06 15:42:00-05:00,85.41000366210938,85.48999786376953,85.30000305175781,85.31999969482422,7535,0.0,0.0
2024-11-06 15:43:00-05:00,85.36000061035156,85.43000030517578,85.36000061035156,85.4000015258789,2232,0.0,0.0
2024-11-06 15:44:00-05:00,85.43000030517578,85.56999969482422,85.43000030517578,85.56999969482422,6623,0.0,0.0
2024-11-06 15:45:00-05:00,85.58000183105469,85.66000366210938,85.5199966430664,85.62000274658203,6096,0.0,0.0
2024-11-06 15:46:00-05:00,85.61000061035156,85.61000061035156,85.4800033569336,85.5250015258789,4123,0.0,0.0
2024-11-06 15:47:00-05:00,85.5250015258789,85.58000183105469,85.4749984741211,85.5199966430664,3128,0.0,0.0
2024-11-06 15:48:00-05:00,85.54000091552734,85.75,85.45999908447266,85.56999969482422,15754,0.0,0.0
2024-11-06 15:49:00-05:00,85.58000183105469,85.62999725341797,85.58000183105469,85.62999725341797,2797,0.0,0.0
2024-11-06 15:50:00-05:00,85.6050033569336,85.63999938964844,85.44000244140625,85.63999938964844,12421,0.0,0.0
2024-11-06 15:51:00-05:00,85.66999816894531,85.72000122070312,85.62999725341797,85.66000366210938,6735,0.0,0.0
2024-11-06 15:52:00-05:00,85.70999908447266,85.77999877929688,85.44000244140625,85.52999877929688,18359,0.0,0.0
2024-11-06 15:53:00-05:00,85.5,85.5,85.43000030517578,85.45500183105469,6456,0.0,0.0
2024-11-06 15:54:00-05:00,85.45500183105469,85.4800033569336,85.37000274658203,85.37000274658203,7801,0.0,0.0
2024-11-06 15:55:00-05:00,85.29000091552734,85.41000366210938,85.2699966430664,85.37000274658203,14512,0.0,0.0
2024-11-06 15:56:00-05:00,85.3499984741211,85.37000274658203,85.19000244140625,85.23999786376953,14201,0.0,0.0
2024-11-06 15:57:00-05:00,85.21499633789062,85.22000122070312,85.18499755859375,85.18499755859375,16604,0.0,0.0
2024-11-06 15:58:00-05:00,85.18000030517578,85.19000244140625,85.06999969482422,85.08999633789062,28705,0.0,0.0
2024-11-06 15:59:00-05:00,85.08999633789062,85.66000366210938,84.7300033569336,84.73999786376953,57590,0.0,0.0
2024-11-07 09:30:00-05:00,88.75,89.2750015258789,88.30000305175781,89.2750015258789,6562,0.0,0.0
2024-11-07 09:32:00-05:00,90.12999725341797,92.0,89.66999816894531,91.88999938964844,20583,0.0,0.0
2024-11-07 09:33:00-05:00,91.46499633789062,91.98999786376953,91.46499633789062,91.70999908447266,2617,0.0,0.0
2024-11-07 09:34:00-05:00,92.0,93.80000305175781,91.98999786376953,93.16999816894531,4196,0.0,0.0
2024-11-07 09:35:00-05:00,93.16999816894531,93.8499984741211,92.125,92.125,8784,0.0,0.0
2024-11-07 09:36:00-05:00,92.125,94.0,92.125,93.5199966430664,7822,0.0,0.0
2024-11-07 09:37:00-05:00,93.9000015258789,94.98999786376953,93.80000305175781,94.70999908447266,7697,0.0,0.0
2024-11-07 09:38:00-05:00,94.83999633789062,95.75,94.70999908447266,95.5,9426,0.0,0.0
2024-11-07 09:39:00-05:00,95.7699966430664,95.79000091552734,95.4800033569336,95.73999786376953,1483,0.0,0.0
2024-11-07 09:40:00-05:00,95.05000305175781,97.19000244140625,94.97000122070312,96.41999816894531,5930,0.0,0.0
2024-11-07 09:41:00-05:00,96.44499969482422,97.0999984741211,95.83000183105469,96.32499694824219,5978,0.0,0.0
2024-11-07 09:42:00-05:00,95.73999786376953,96.37999725341797,95.40499877929688,95.5199966430664,13086,0.0,0.0
2024-11-07 09:43:00-05:00,95.70999908447266,97.13999938964844,95.70999908447266,96.75,8994,0.0,0.0
2024-11-07 09:44:00-05:00,97.12999725341797,97.13999938964844,96.58000183105469,96.66500091552734,6220,0.0,0.0
2024-11-07 09:45:00-05:00,96.66500091552734,97.26499938964844,96.45999908447266,96.58999633789062,14114,0.0,0.0
2024-11-07 09:46:00-05:00,96.7300033569336,96.83000183105469,96.0,96.41500091552734,7282,0.0,0.0
2024-11-07 09:47:00-05:00,96.41500091552734,96.93000030517578,96.41500091552734,96.66259765625,4741,0.0,0.0
2024-11-07 09:48:00-05:00,96.70500183105469,96.70500183105469,96.4800033569336,96.55500030517578,1172,0.0,0.0
2024-11-07 09:49:00-05:00,96.79000091552734,97.2300033569336,96.73500061035156,97.20999908447266,5272,0.0,0.0
2024-11-07 09:50:00-05:00,97.2300033569336,97.2300033569336,96.73999786376953,96.73999786376953,6392,0.0,0.0
2024-11-07 09:51:00-05:00,96.66999816894531,97.27999877929688,96.66999816894531,97.27999877929688,7871,0.0,0.0
2024-11-07 09:52:00-05:00,97.51000213623047,97.73999786376953,97.44000244140625,97.5250015258789,1894,0.0,0.0
2024-11-07 09:53:00-05:00,97.58000183105469,98.0,97.58000183105469,97.87159729003906,3847,0.0,0.0
2024-11-07 09:54:00-05:00,97.63999938964844,97.63999938964844,96.37999725341797,96.5,4441,0.0,0.0
2024-11-07 09:55:00-05:00,96.43499755859375,97.65499877929688,96.43499755859375,97.44000244140625,1196,0.0,0.0
2024-11-07 09:56:00-05:00,96.98999786376953,97.0,96.5,96.62000274658203,2336,0.0,0.0
2024-11-07 09:57:00-05:00,96.73999786376953,96.98500061035156,96.48999786376953,96.75,5391,0.0,0.0
2024-11-07 09:58:00-05:00,96.67500305175781,96.67500305175781,96.55500030517578,96.55500030517578,1758,0.0,0.0
2024-11-07 09:59:00-05:00,96.55500030517578,97.30999755859375,96.55500030517578,97.23999786376953,6920,0.0,0.0
2024-11-07 10:00:00-05:00,97.23999786376953,97.26499938964844,97.23999786376953,97.24500274658203,3733,0.0,0.0
2024-11-07 10:01:00-05:00,97.23999786376953,98.02999877929688,97.23999786376953,97.7699966430664,6942,0.0,0.0
2024-11-07 10:02:00-05:00,97.73999786376953,98.30000305175781,97.73999786376953,98.30000305175781,2403,0.0,0.0
2024-11-07 10:03:00-05:00,98.25,98.72000122070312,98.25,98.32099914550781,3661,0.0,0.0
2024-11-07 10:04:00-05:00,98.41000366210938,98.53500366210938,98.41000366210938,98.53500366210938,2433,0.0,0.0
2024-11-07 10:05:00-05:00,98.73999786376953,99.48999786376953,98.73999786376953,99.48999786376953,3770,0.0,0.0
2024-11-07 10:06:00-05:00,99.26000213623047,99.26000213623047,98.77999877929688,98.83999633789062,6642,0.0,0.0
2024-11-07 10:07:00-05:00,98.87999725341797,99.4572982788086,98.87999725341797,99.4572982788086,4734,0.0,0.0
2024-11-07 10:08:00-05:00,99.51000213623047,99.68000030517578,99.41500091552734,99.41999816894531,5612,0.0,0.0
2024-11-07 10:09:00-05:00,99.3499984741211,99.5199966430664,98.76000213623047,99.36150360107422,6733,0.0,0.0
2024-11-07 10:10:00-05:00,98.92500305175781,98.92500305175781,98.12999725341797,98.19000244140625,2356,0.0,0.0
2024-11-07 10:11:00-05:00,98.16999816894531,98.41999816894531,97.78929901123047,98.28500366210938,1411,0.0,0.0
2024-11-07 10:12:00-05:00,97.80000305175781,98.98999786376953,97.80000305175781,98.5999984741211,2464,0.0,0.0
2024-11-07 10:13:00-05:00,98.56999969482422,98.58499908447266,98.56999969482422,98.58499908447266,879,0.0,0.0
2024-11-07 10:14:00-05:00,98.25,98.30500030517578,97.87999725341797,98.24500274658203,7065,0.0,0.0
2024-11-07 10:15:00-05:00,98.24500274658203,98.38999938964844,98.23999786376953,98.38999938964844,1049,0.0,0.0
2024-11-07 10:16:00-05:00,98.5199966430664,99.4800033569336,98.5,99.18499755859375,13402,0.0,0.0
2024-11-07 10:17:00-05:00,99.0199966430664,99.0199966430664,98.8301010131836,98.8301010131836,2399,0.0,0.0
2024-11-07 10:18:00-05:00,99.30000305175781,99.65750122070312,99.30000305175781,99.61499786376953,2241,0.0,0.0
2024-11-07 10:19:00-05:00,99.3499984741211,99.69229888916016,99.19999694824219,99.66000366210938,3042,0.0,0.0
2024-11-07 10:20:00-05:00,99.4800033569336,99.52220153808594,99.33499908447266,99.33499908447266,1371,0.0,0.0
2024-11-07 10:21:00-05:00,99.18499755859375,99.25,99.18499755859375,99.25,658,0.0,0.0
2024-11-07 10:22:00-05:00,99.29000091552734,99.3499984741211,99.0,99.0,4649,0.0,0.0
2024-11-07 10:23:00-05:00,99.05999755859375,99.12999725341797,99.0,99.11000061035156,1343,0.0,0.0
2024-11-07 10:24:00-05:00,99.21499633789062,99.22000122070312,99.20999908447266,99.22000122070312,1301,0.0,0.0
2024-11-07 10:25:00-05:00,99.36000061035156,99.58000183105469,99.36000061035156,99.51000213623047,3299,0.0,0.0
2024-11-07 10:26:00-05:00,99.54499816894531,99.54499816894531,99.32550048828125,99.4000015258789,2320,0.0,0.0
2024-11-07 10:27:00-05:00,99.33499908447266,99.33499908447266,99.05999755859375,99.33000183105469,3480,0.0,0.0
2024-11-07 10:28:00-05:00,98.91000366210938,99.01000213623047,98.91000366210938,99.01000213623047,1593,0.0,0.0
2024-11-07 10:29:00-05:00,99.08999633789062,99.16000366210938,98.52999877929688,98.52999877929688,3721,0.0,0.0
2024-11-07 10:30:00-05:00,98.6050033569336,99.0,98.5999984741211,99.0,3158,0.0,0.0
2024-11-07 10:31:00-05:00,98.55010223388672,98.8499984741211,98.55010223388672,98.8499984741211,1410,0.0,0.0
2024-11-07 10:32:00-05:00,99.12999725341797,99.13999938964844,98.77999877929688,99.05000305175781,1316,0.0,0.0
2024-11-07 10:33:00-05:00,98.63999938964844,98.79000091552734,98.58000183105469,98.77999877929688,1981,0.0,0.0
2024-11-07 10:34:00-05:00,98.80500030517578,99.36000061035156,98.80000305175781,99.08499908447266,4614,0.0,0.0
2024-11-07 10:35:00-05:00,99.45999908447266,99.47000122070312,98.83000183105469,99.11000061035156,3319,0.0,0.0
2024-11-07 10:36:00-05:00,99.19999694824219,99.19999694824219,98.55999755859375,98.73999786376953,2672,0.0,0.0
2024-11-07 10:37:00-05:00,98.54499816894531,98.54499816894531,98.12999725341797,98.19999694824219,2807,0.0,0.0
2024-11-07 10:38:00-05:00,98.0,98.1050033569336,98.0,98.1050033569336,2300,0.0,0.0
2024-11-07 10:39:00-05:00,98.30000305175781,98.58999633789062,98.30000305175781,98.36000061035156,1914,0.0,0.0
2024-11-07 10:40:00-05:00,98.45500183105469,98.45500183105469,98.43499755859375,98.43499755859375,635,0.0,0.0
2024-11-07 10:41:00-05:00,98.56500244140625,98.56500244140625,98.20999908447266,98.20999908447266,2531,0.0,0.0
2024-11-07 10:42:00-05:00,98.44499969482422,99.0,98.1500015258789,99.0,6392,0.0,0.0
2024-11-07 10:43:00-05:00,98.83000183105469,98.9800033569336,98.83000183105469,98.9800033569336,694,0.0,0.0
2024-11-07 10:44:00-05:00,98.48999786376953,98.98999786376953,98.45999908447266,98.98999786376953,2819,0.0,0.0
2024-11-07 10:45:00-05:00,99.01000213623047,99.01000213623047,98.5,98.67500305175781,3968,0.0,0.0
2024-11-07 10:46:00-05:00,98.6449966430664,98.79000091552734,98.55999755859375,98.55999755859375,3204,0.0,0.0
2024-11-07 10:47:00-05:00,98.68000030517578,98.74500274658203,98.625,98.74500274658203,547,0.0,0.0
2024-11-07 10:48:00-05:00,98.69499969482422,99.13999938964844,98.69499969482422,99.13999938964844,3115,0.0,0.0
2024-11-07 10:49:00-05:00,99.23999786376953,99.23999786376953,98.69750213623047,98.69750213623047,1334,0.0,0.0
2024-11-07 10:51:00-05:00,98.86000061035156,99.01000213623047,98.86000061035156,99.0,1512,0.0,0.0
2024-11-07 10:52:00-05:00,98.90499877929688,99.11000061035156,98.83000183105469,98.87999725341797,4630,0.0,0.0
2024-11-07 10:53:00-05:00,98.91500091552734,98.91500091552734,98.91500091552734,98.91500091552734,716,0.0,0.0
2024-11-07 10:54:00-05:00,98.9000015258789,99.0,98.5999984741211,98.625,4078,0.0,0.0
2024-11-07 10:55:00-05:00,98.44999694824219,98.63999938964844,97.87999725341797,98.01000213623047,5954,0.0,0.0
2024-11-07 10:56:00-05:00,97.96499633789062,98.02999877929688,97.70999908447266,97.80999755859375,8262,0.0,0.0
2024-11-07 10:57:00-05:00,97.86000061035156,98.26000213623047,97.70999908447266,98.26000213623047,7191,0.0,0.0
2024-11-07 10:59:00-05:00,98.0199966430664,98.0199966430664,97.4800033569336,97.4800033569336,4988,0.0,0.0
2024-11-07 11:00:00-05:00,97.47000122070312,97.8499984741211,97.29000091552734,97.8499984741211,4101,0.0,0.0
2024-11-07 11:01:00-05:00,97.81999969482422,97.94999694824219,97.58999633789062,97.58999633789062,3541,0.0,0.0
2024-11-07 11:02:00-05:00,97.33000183105469,97.33000183105469,96.61000061035156,96.83000183105469,2945,0.0,0.0
2024-11-07 11:03:00-05:00,97.0250015258789,97.17500305175781,97.0250015258789,97.17500305175781,274,0.0,0.0
2024-11-07 11:04:00-05:00,96.87000274658203,96.87000274658203,96.87000274658203,96.87000274658203,460,0.0,0.0
2024-11-07 11:05:00-05:00,97.08000183105469,97.08000183105469,96.23999786376953,96.44999694824219,2293,0.0,0.0
2024-11-07 11:06:00-05:00,96.77999877929688,96.77999877929688,96.20999908447266,96.20999908447266,3077,0.0,0.0
2024-11-07 11:07:00-05:00,96.44499969482422,96.48999786376953,96.20999908447266,96.44499969482422,7456,0.0,0.0
2024-11-07 11:08:00-05:00,96.54499816894531,96.54499816894531,95.73500061035156,96.44999694824219,8082,0.0,0.0
2024-11-07 11:09:00-05:00,96.44999694824219,96.5,96.44000244140625,96.4749984741211,2623,0.0,0.0
2024-11-07 11:10:00-05:00,96.37000274658203,96.47000122070312,96.12999725341797,96.12999725341797,2952,0.0,0.0
2024-11-07 11:11:00-05:00,96.44999694824219,96.68000030517578,96.12000274658203,96.37999725341797,7085,0.0,0.0
2024-11-07 11:12:00-05:00,96.29000091552734,96.71499633789062,96.0999984741211,96.71499633789062,4326,0.0,0.0
2024-11-07 11:13:00-05:00,96.61000061035156,96.61000061035156,96.37999725341797,96.37999725341797,2119,0.0,0.0
2024-11-07 11:14:00-05:00,96.26499938964844,96.44999694824219,96.26499938964844,96.38999938964844,1780,0.0,0.0
2024-11-07 11:15:00-05:00,96.38999938964844,96.38999938964844,96.38999938964844,96.38999938964844,492,0.0,0.0
2024-11-07 11:16:00-05:00,96.3499984741211,96.45999908447266,96.30000305175781,96.45999908447266,1777,0.0,0.0
2024-11-07 11:17:00-05:00,96.25499725341797,96.72000122070312,96.2249984741211,96.5199966430664,10068,0.0,0.0
2024-11-07 11:18:00-05:00,96.61000061035156,96.61000061035156,96.4000015258789,96.44999694824219,2141,0.0,0.0
2024-11-07 11:19:00-05:00,96.69999694824219,97.4000015258789,96.5199966430664,97.4000015258789,4842,0.0,0.0
2024-11-07 11:20:00-05:00,97.20500183105469,97.4000015258789,96.93000030517578,97.4000015258789,4873,0.0,0.0
2024-11-07 11:21:00-05:00,97.58000183105469,97.58000183105469,97.19999694824219,97.19999694824219,988,0.0,0.0
2024-11-07 11:22:00-05:00,97.05999755859375,97.38999938964844,96.93000030517578,97.0,2257,0.0,0.0
2024-11-07 11:23:00-05:00,97.0,97.23999786376953,97.0,97.0425033569336,579,0.0,0.0
2024-11-07 11:24:00-05:00,97.0,97.12000274658203,96.68000030517578,97.12000274658203,2526,0.0,0.0
2024-11-07 11:25:00-05:00,97.0,97.0199966430664,96.91999816894531,96.91999816894531,6524,0.0,0.0
2024-11-07 11:26:00-05:00,97.01000213623047,97.01000213623047,97.0,97.0,1836,0.0,0.0
2024-11-07 11:27:00-05:00,96.75,96.75,96.75,96.75,103,0.0,0.0
2024-11-07 11:28:00-05:00,96.81500244140625,96.83000183105469,96.68000030517578,96.83000183105469,2799,0.0,0.0
2024-11-07 11:30:00-05:00,96.75499725341797,96.75499725341797,96.75499725341797,96.75499725341797,847,0.0,0.0
2024-11-07 11:32:00-05:00,96.75,97.0,96.75,97.0,1307,0.0,0.0
2024-11-07 11:33:00-05:00,97.0,97.0,97.0,97.0,1131,0.0,0.0
2024-11-07 11:34:00-05:00,96.94000244140625,97.08999633789062,96.94000244140625,97.08999633789062,971,0.0,0.0
2024-11-07 11:35:00-05:00,97.08999633789062,97.08999633789062,96.58000183105469,96.83000183105469,3342,0.0,0.0
2024-11-07 11:36:00-05:00,96.77999877929688,96.88999938964844,96.77999877929688,96.88999938964844,785,0.0,0.0
2024-11-07 11:37:00-05:00,97.0,97.23999786376953,96.77999877929688,97.0,12158,0.0,0.0
2024-11-07 11:38:00-05:00,96.9000015258789,97.19999694824219,96.8499984741211,97.01499938964844,4311,0.0,0.0
2024-11-07 11:39:00-05:00,96.83000183105469,97.36000061035156,96.83000183105469,97.36000061035156,10485,0.0,0.0
2024-11-07 11:40:00-05:00,97.30500030517578,97.75,97.30500030517578,97.73999786376953,6447,0.0,0.0
2024-11-07 11:41:00-05:00,97.68000030517578,97.83999633789062,97.5199966430664,97.61499786376953,4682,0.0,0.0
2024-11-07 11:42:00-05:00,97.7300033569336,97.7300033569336,97.5999984741211,97.66999816894531,2116,0.0,0.0
2024-11-07 11:43:00-05:00,97.87000274658203,97.87000274658203,97.80000305175781,97.80000305175781,794,0.0,0.0
2024-11-07 11:44:00-05:00,97.97000122070312,97.97000122070312,97.88999938964844,97.88999938964844,934,0.0,0.0
2024-11-07 11:45:00-05:00,97.93000030517578,98.13999938964844,97.88999938964844,98.13999938964844,2834,0.0,0.0
2024-11-07 11:46:00-05:00,98.05000305175781,98.12999725341797,98.04000091552734,98.12999725341797,1540,0.0,0.0
2024-11-07 11:47:00-05:00,98.37000274658203,98.37000274658203,98.37000274658203,98.37000274658203,262,0.0,0.0
2024-11-07 11:48:00-05:00,98.36499786376953,98.5,98.12000274658203,98.29499816894531,4495,0.0,0.0
2024-11-07 11:49:00-05:00,98.24500274658203,98.4000015258789,98.24500274658203,98.4000015258789,786,0.0,0.0
2024-11-07 11:50:00-05:00,98.23999786376953,98.37999725341797,98.23999786376953,98.37000274658203,704,0.0,0.0
2024-11-07 11:51:00-05:00,98.19000244140625,98.19000244140625,97.83999633789062,97.91999816894531,4917,0.0,0.0
2024-11-07 11:52:00-05:00,97.83999633789062,98.0199966430664,97.83999633789062,98.0199966430664,1340,0.0,0.0
2024-11-07 11:53:00-05:00,98.01000213623047,98.18000030517578,97.90499877929688,98.1500015258789,2526,0.0,0.0
2024-11-07 11:54:00-05:00,98.12999725341797,98.19999694824219,98.05000305175781,98.19999694824219,3288,0.0,0.0
2024-11-07 11:55:00-05:00,98.33000183105469,98.62000274658203,98.29000091552734,98.62000274658203,2304,0.0,0.0
2024-11-07 11:56:00-05:00,98.49970245361328,98.49970245361328,98.43579864501953,98.43579864501953,674,0.0,0.0
2024-11-07 11:57:00-05:00,98.58999633789062,98.58999633789062,98.19999694824219,98.45999908447266,2851,0.0,0.0
2024-11-07 11:58:00-05:00,98.46499633789062,98.48999786376953,98.31999969482422,98.38999938964844,3164,0.0,0.0
2024-11-07 11:59:00-05:00,98.5,98.58000183105469,98.41999816894531,98.58000183105469,846,0.0,0.0
2024-11-07 12:00:00-05:00,98.58000183105469,98.58000183105469,98.41999816894531,98.4260025024414,1362,0.0,0.0
2024-11-07 12:01:00-05:00,98.55999755859375,98.58000183105469,98.5199966430664,98.58000183105469,1335,0.0,0.0
2024-11-07 12:02:00-05:00,98.68000030517578,98.68000030517578,98.5199966430664,98.6500015258789,785,0.0,0.0
2024-11-07 12:03:00-05:00,98.58999633789062,98.72000122070312,98.58999633789062,98.72000122070312,436,0.0,0.0
2024-11-07 12:04:00-05:00,98.83999633789062,98.83999633789062,98.83999633789062,98.83999633789062,521,0.0,0.0
2024-11-07 12:05:00-05:00,98.80999755859375,98.99500274658203,98.80000305175781,98.99500274658203,879,0.0,0.0
2024-11-07 12:06:00-05:00,99.0,99.0,98.8550033569336,99.0,1011,0.0,0.0
2024-11-07 12:07:00-05:00,98.8550033569336,99.0,98.8550033569336,98.8550033569336,922,0.0,0.0
2024-11-07 12:08:00-05:00,98.8550033569336,99.0,98.8550033569336,99.0,917,0.0,0.0
2024-11-07 12:09:00-05:00,98.87999725341797,99.06999969482422,98.87999725341797,99.06999969482422,2624,0.0,0.0
2024-11-07 12:10:00-05:00,99.0,99.0,99.0,99.0,534,0.0,0.0
2024-11-07 12:11:00-05:00,98.8949966430664,99.0,98.8949966430664,99.0,795,0.0,0.0
2024-11-07 12:12:00-05:00,99.06999969482422,99.06999969482422,98.81009674072266,98.93810272216797,1262,0.0,0.0
2024-11-07 12:13:00-05:00,99.06999969482422,99.06999969482422,98.94000244140625,99.02999877929688,1139,0.0,0.0
2024-11-07 12:14:00-05:00,99.02999877929688,99.02999877929688,99.02999877929688,99.02999877929688,366,0.0,0.0
2024-11-07 12:15:00-05:00,98.98999786376953,99.06999969482422,98.98999786376953,99.06999969482422,779,0.0,0.0
2024-11-07 12:16:00-05:00,99.0,99.06999969482422,99.0,99.04499816894531,11133,0.0,0.0
2024-11-07 12:17:00-05:00,99.04499816894531,99.05000305175781,99.04499816894531,99.05000305175781,655,0.0,0.0
2024-11-07 12:18:00-05:00,99.05000305175781,99.79000091552734,99.05000305175781,99.79000091552734,7958,0.0,0.0
2024-11-07 12:19:00-05:00,99.75,99.75,99.50969696044922,99.69000244140625,4277,0.0,0.0
2024-11-07 12:20:00-05:00,99.66999816894531,99.73999786376953,99.25,99.25,5580,0.0,0.0
2024-11-07 12:21:00-05:00,99.23500061035156,99.23999786376953,99.16000366210938,99.23999786376953,2561,0.0,0.0
2024-11-07 12:23:00-05:00,99.48999786376953,99.58999633789062,99.47000122070312,99.5,2380,0.0,0.0
2024-11-07 12:24:00-05:00,99.3499984741211,99.58000183105469,99.3499984741211,99.56999969482422,753,0.0,0.0
2024-11-07 12:25:00-05:00,99.30000305175781,99.51000213623047,99.30000305175781,99.51000213623047,1113,0.0,0.0
2024-11-07 12:26:00-05:00,99.25,99.37999725341797,99.11000061035156,99.33000183105469,18241,0.0,0.0
2024-11-07 12:27:00-05:00,99.3499984741211,99.37000274658203,99.33999633789062,99.37000274658203,2602,0.0,0.0
2024-11-07 12:28:00-05:00,99.5,99.56999969482422,99.47509765625,99.47509765625,1408,0.0,0.0
2024-11-07 12:29:00-05:00,99.55999755859375,99.58000183105469,99.44999694824219,99.44999694824219,3377,0.0,0.0
2024-11-07 12:30:00-05:00,99.54000091552734,99.54000091552734,99.40499877929688,99.54000091552734,1748,0.0,0.0
2024-11-07 12:31:00-05:00,99.54000091552734,99.54000091552734,99.3499984741211,99.3499984741211,1238,0.0,0.0
2024-11-07 12:32:00-05:00,99.42849731445312,99.55000305175781,99.42849731445312,99.55000305175781,1349,0.0,0.0
2024-11-07 12:33:00-05:00,99.37999725341797,99.37999725341797,99.37999725341797,99.37999725341797,470,0.0,0.0
2024-11-07 12:34:00-05:00,99.4800033569336,99.4800033569336,99.4800033569336,99.4800033569336,597,0.0,0.0
2024-11-07 12:35:00-05:00,99.43499755859375,99.68000030517578,99.43499755859375,99.62000274658203,2379,0.0,0.0
2024-11-07 12:36:00-05:00,99.58999633789062,99.69999694824219,99.58999633789062,99.69999694824219,938,0.0,0.0
2024-11-07 12:37:00-05:00,99.59500122070312,99.59500122070312,99.59500122070312,99.59500122070312,326,0.0,0.0
2024-11-07 12:38:00-05:00,99.62000274658203,100.2300033569336,99.62000274658203,100.2300033569336,8697,0.0,0.0
2024-11-07 12:39:00-05:00,100.04000091552734,100.08000183105469,99.58999633789062,99.58999633789062,6646,0.0,0.0
2024-11-07 12:40:00-05:00,99.7699966430664,99.77999877929688,99.4800033569336,99.52999877929688,3019,0.0,0.0
2024-11-07 12:41:00-05:00,99.69999694824219,99.69999694824219,99.4800033569336,99.4800033569336,627,0.0,0.0
2024-11-07 12:42:00-05:00,99.57499694824219,99.57499694824219,99.4800033569336,99.5,1784,0.0,0.0
2024-11-07 12:43:00-05:00,99.58000183105469,99.7699966430664,99.58000183105469,99.7699966430664,2642,0.0,0.0
2024-11-07 12:44:00-05:00,99.80999755859375,99.80999755859375,99.80999755859375,99.80999755859375,464,0.0,0.0
2024-11-07 12:45:00-05:00,99.79000091552734,99.79000091552734,99.79000091552734,99.79000091552734,209,0.0,0.0
2024-11-07 12:46:00-05:00,99.68620300292969,99.77999877929688,99.68620300292969,99.77999877929688,502,0.0,0.0
2024-11-07 12:47:00-05:00,99.69000244140625,99.77999877929688,99.69000244140625,99.77999877929688,526,0.0,0.0
2024-11-07 12:48:00-05:00,99.66000366210938,99.7699966430664,99.5427017211914,99.65499877929688,1136,0.0,0.0
2024-11-07 12:49:00-05:00,99.77999877929688,99.77999877929688,99.69000244140625,99.69000244140625,1128,0.0,0.0
2024-11-07 12:50:00-05:00,99.77999877929688,100.0199966430664,99.77999877929688,99.91000366210938,1484,0.0,0.0
2024-11-07 12:51:00-05:00,99.91000366210938,100.0,99.76000213623047,99.9800033569336,878,0.0,0.0
2024-11-07 12:52:00-05:00,99.86499786376953,99.87000274658203,99.86499786376953,99.87000274658203,445,0.0,0.0
2024-11-07 12:53:00-05:00,99.95999908447266,99.95999908447266,99.77999877929688,99.88999938964844,1586,0.0,0.0
2024-11-07 12:54:00-05:00,99.8499984741211,99.8499984741211,99.76480102539062,99.83000183105469,2674,0.0,0.0
2024-11-07 12:55:00-05:00,99.81999969482422,99.94999694824219,99.81999969482422,99.94999694824219,1028,0.0,0.0
2024-11-07 12:56:00-05:00,99.83999633789062,99.93000030517578,99.83999633789062,99.93000030517578,844,0.0,0.0
2024-11-07 12:57:00-05:00,99.77169799804688,99.8499984741211,99.77169799804688,99.8499984741211,613,0.0,0.0
2024-11-07 12:58:00-05:00,99.77999877929688,99.93000030517578,99.77999877929688,99.93000030517578,1384,0.0,0.0
2024-11-07 12:59:00-05:00,99.83999633789062,99.87000274658203,99.77999877929688,99.77999877929688,1090,0.0,0.0
2024-11-07 13:00:00-05:00,99.83999633789062,100.04000091552734,99.83999633789062,99.95999908447266,3198,0.0,0.0
2024-11-07 13:01:00-05:00,100.01000213623047,100.02999877929688,100.01000213623047,100.01000213623047,827,0.0,0.0
2024-11-07 13:02:00-05:00,99.9000015258789,99.9000015258789,99.73999786376953,99.80999755859375,5895,0.0,0.0
2024-11-07 13:03:00-05:00,99.73999786376953,100.05999755859375,99.73999786376953,100.05999755859375,3259,0.0,0.0
2024-11-07 13:04:00-05:00,100.13999938964844,100.16000366210938,100.06999969482422,100.06999969482422,1132,0.0,0.0
2024-11-07 13:05:00-05:00,100.12000274658203,100.18000030517578,100.12000274658203,100.18000030517578,1275,0.0,0.0
2024-11-07 13:06:00-05:00,100.13999938964844,100.31999969482422,100.13999938964844,100.16000366210938,1593,0.0,0.0
2024-11-07 13:07:00-05:00,100.08499908447266,100.1500015258789,100.06999969482422,100.13999938964844,1743,0.0,0.0
2024-11-07 13:08:00-05:00,100.01000213623047,100.0199966430664,100.01000213623047,100.0199966430664,1658,0.0,0.0
2024-11-07 13:10:00-05:00,99.9800033569336,99.98999786376953,99.81999969482422,99.98999786376953,3200,0.0,0.0
2024-11-07 13:11:00-05:00,99.83000183105469,99.8499984741211,99.77999877929688,99.8499984741211,2125,0.0,0.0
2024-11-07 13:12:00-05:00,99.9800033569336,100.08999633789062,99.875,99.9000015258789,3491,0.0,0.0
2024-11-07 13:13:00-05:00,100.06999969482422,100.06999969482422,99.93000030517578,99.93000030517578,571,0.0,0.0
2024-11-07 13:14:00-05:00,99.8499984741211,100.0199966430664,99.8499984741211,99.9218978881836,751,0.0,0.0
2024-11-07 13:15:00-05:00,100.05000305175781,100.05000305175781,99.77999877929688,99.77999877929688,699,0.0,0.0
2024-11-07 13:16:00-05:00,100.0,100.0,99.75,99.75,700,0.0,0.0
2024-11-07 13:17:00-05:00,99.83499908447266,99.83499908447266,99.83499908447266,99.83499908447266,530,0.0,0.0
2024-11-07 13:18:00-05:00,99.73999786376953,99.87999725341797,99.73999786376953,99.87999725341797,631,0.0,0.0
2024-11-07 13:19:00-05:00,99.76000213623047,99.86000061035156,99.76000213623047,99.86000061035156,1410,0.0,0.0
2024-11-07 13:20:00-05:00,99.86000061035156,100.0199966430664,99.86000061035156,99.98999786376953,1857,0.0,0.0
2024-11-07 13:21:00-05:00,99.95500183105469,100.01000213623047,99.91999816894531,99.91999816894531,1838,0.0,0.0
2024-11-07 13:22:00-05:00,99.91000366210938,99.91000366210938,99.72000122070312,99.7249984741211,4951,0.0,0.0
2024-11-07 13:23:00-05:00,99.70999908447266,99.7249984741211,99.6500015258789,99.66000366210938,1225,0.0,0.0
2024-11-07 13:24:00-05:00,99.75,99.80000305175781,99.71499633789062,99.80000305175781,2228,0.0,0.0
2024-11-07 13:25:00-05:00,99.7699966430664,99.77999877929688,99.7699966430664,99.77999877929688,1186,0.0,0.0
2024-11-07 13:26:00-05:00,99.58999633789062,99.7699966430664,99.37000274658203,99.54000091552734,6654,0.0,0.0
2024-11-07 13:27:00-05:00,99.55000305175781,99.79000091552734,99.45999908447266,99.72000122070312,4213,0.0,0.0
2024-11-07 13:28:00-05:00,99.66000366210938,99.81999969482422,99.55999755859375,99.80000305175781,2954,0.0,0.0
2024-11-07 13:29:00-05:00,99.79000091552734,99.79000091552734,99.55999755859375,99.75,5275,0.0,0.0
2024-11-07 13:30:00-05:00,99.55000305175781,99.76000213623047,99.37999725341797,99.76000213623047,1811,0.0,0.0
2024-11-07 13:31:00-05:00,99.55000305175781,99.55000305175781,99.54499816894531,99.54499816894531,818,0.0,0.0
2024-11-07 13:32:00-05:00,99.5,99.5,99.43499755859375,99.43499755859375,760,0.0,0.0
2024-11-07 13:33:00-05:00,99.43000030517578,99.52999877929688,99.36000061035156,99.36000061035156,3168,0.0,0.0
2024-11-07 13:34:00-05:00,99.55999755859375,99.55999755859375,99.37000274658203,99.37000274658203,824,0.0,0.0
2024-11-07 13:35:00-05:00,99.36000061035156,99.36000061035156,99.08999633789062,99.1500015258789,4030,0.0,0.0
2024-11-07 13:36:00-05:00,99.16000366210938,99.25,98.93000030517578,98.98500061035156,6199,0.0,0.0
2024-11-07 13:37:00-05:00,98.92060089111328,99.12000274658203,98.92060089111328,99.02999877929688,6268,0.0,0.0
2024-11-07 13:38:00-05:00,99.03500366210938,99.16999816894531,99.01000213623047,99.11000061035156,2231,0.0,0.0
2024-11-07 13:39:00-05:00,99.0199966430664,99.0199966430664,99.00499725341797,99.00499725341797,1268,0.0,0.0
2024-11-07 13:40:00-05:00,98.95999908447266,98.95999908447266,98.83000183105469,98.83000183105469,2746,0.0,0.0
2024-11-07 13:41:00-05:00,98.76000213623047,98.7699966430664,98.47000122070312,98.47000122070312,2101,0.0,0.0
2024-11-07 13:42:00-05:00,98.31999969482422,98.41999816894531,98.31999969482422,98.41500091552734,1140,0.0,0.0
2024-11-07 13:43:00-05:00,98.40499877929688,98.40499877929688,98.2699966430664,98.36000061035156,1280,0.0,0.0
2024-11-07 13:44:00-05:00,98.3550033569336,98.45999908447266,98.3550033569336,98.38999938964844,3496,0.0,0.0
2024-11-07 13:45:00-05:00,98.3949966430664,98.48999786376953,98.25260162353516,98.37000274658203,1574,0.0,0.0
2024-11-07 13:46:00-05:00,98.37000274658203,98.61000061035156,98.2699966430664,98.40499877929688,11180,0.0,0.0
2024-11-07 13:47:00-05:00,98.4000015258789,98.4000015258789,97.81999969482422,97.87999725341797,6326,0.0,0.0
2024-11-07 13:48:00-05:00,97.87999725341797,98.12000274658203,97.87999725341797,98.05999755859375,2437,0.0,0.0
2024-11-07 13:49:00-05:00,98.02999877929688,98.2699966430664,98.0,98.12999725341797,2603,0.0,0.0
2024-11-07 13:50:00-05:00,98.08000183105469,98.0999984741211,98.08000183105469,98.0999984741211,871,0.0,0.0
2024-11-07 13:51:00-05:00,98.0999984741211,98.0999984741211,98.0999984741211,98.0999984741211,668,0.0,0.0
2024-11-07 13:52:00-05:00,98.09500122070312,98.09500122070312,98.09500122070312,98.09500122070312,323,0.0,0.0
2024-11-07 13:53:00-05:00,98.09500122070312,98.19000244140625,98.09249877929688,98.19000244140625,702,0.0,0.0
2024-11-07 13:54:00-05:00,98.05999755859375,98.05999755859375,98.05999755859375,98.05999755859375,615,0.0,0.0
2024-11-07 13:55:00-05:00,98.09500122070312,98.16000366210938,98.09500122070312,98.09500122070312,943,0.0,0.0
2024-11-07 13:56:00-05:00,98.1500015258789,98.19999694824219,98.05500030517578,98.08000183105469,8041,0.0,0.0
2024-11-07 13:57:00-05:00,97.98999786376953,98.0,97.83999633789062,97.86000061035156,6896,0.0,0.0
2024-11-07 13:58:00-05:00,98.02999877929688,98.07499694824219,97.91999816894531,98.0,2136,0.0,0.0
2024-11-07 13:59:00-05:00,98.0,98.0,98.0,98.0,1295,0.0,0.0
2024-11-07 14:00:00-05:00,98.0,98.16000366210938,97.98750305175781,98.05999755859375,3677,0.0,0.0
2024-11-07 14:01:00-05:00,98.05999755859375,98.22000122070312,98.05000305175781,98.05000305175781,1351,0.0,0.0
2024-11-07 14:02:00-05:00,97.91000366210938,98.11000061035156,97.81999969482422,97.9625015258789,2323,0.0,0.0
2024-11-07 14:03:00-05:00,98.11000061035156,98.11000061035156,97.94750213623047,97.96499633789062,1367,0.0,0.0
2024-11-07 14:04:00-05:00,97.81999969482422,98.08999633789062,97.80999755859375,97.87000274658203,2065,0.0,0.0
2024-11-07 14:05:00-05:00,97.8499984741211,97.94989776611328,97.8499984741211,97.8499984741211,931,0.0,0.0
2024-11-07 14:06:00-05:00,97.75,97.80000305175781,97.66999816894531,97.72000122070312,3891,0.0,0.0
2024-11-07 14:07:00-05:00,97.69999694824219,98.05899810791016,97.68499755859375,98.05000305175781,7040,0.0,0.0
2024-11-07 14:08:00-05:00,98.0,98.0,97.65499877929688,97.65499877929688,6001,0.0,0.0
2024-11-07 14:09:00-05:00,97.52999877929688,97.62000274658203,97.4800033569336,97.52999877929688,2542,0.0,0.0
2024-11-07 14:10:00-05:00,97.52999877929688,97.52999877929688,97.23999786376953,97.33999633789062,2898,0.0,0.0
2024-11-07 14:11:00-05:00,97.48999786376953,97.48999786376953,97.48999786376953,97.48999786376953,249,0.0,0.0
2024-11-07 14:12:00-05:00,97.30000305175781,97.44999694824219,97.20500183105469,97.44999694824219,4335,0.0,0.0
2024-11-07 14:13:00-05:00,97.44000244140625,97.44999694824219,97.41999816894531,97.44000244140625,1548,0.0,0.0
2024-11-07 14:14:00-05:00,97.48999786376953,97.63999938964844,97.44999694824219,97.63999938964844,1229,0.0,0.0
2024-11-07 14:15:00-05:00,97.63999938964844,97.63999938964844,97.5199966430664,97.5199966430664,694,0.0,0.0
2024-11-07 14:16:00-05:00,97.44999694824219,97.44999694824219,97.44999694824219,97.44999694824219,456,0.0,0.0
2024-11-07 14:17:00-05:00,97.55000305175781,97.58999633789062,97.5199966430664,97.58999633789062,1419,0.0,0.0
2024-11-07 14:18:00-05:00,97.68000030517578,97.68000030517578,97.5999984741211,97.6500015258789,1175,0.0,0.0
2024-11-07 14:19:00-05:00,97.68000030517578,97.68000030517578,97.68000030517578,97.68000030517578,189,0.0,0.0
2024-11-07 14:20:00-05:00,97.66999816894531,97.70999908447266,97.46399688720703,97.70999908447266,2647,0.0,0.0
2024-11-07 14:21:00-05:00,97.70999908447266,97.83000183105469,97.58999633789062,97.83000183105469,1197,0.0,0.0
2024-11-07 14:22:00-05:00,97.77999877929688,97.77999877929688,97.77999877929688,97.77999877929688,250,0.0,0.0
2024-11-07 14:23:00-05:00,97.77999877929688,97.97000122070312,97.73860168457031,97.92500305175781,3950,0.0,0.0
2024-11-07 14:24:00-05:00,98.06999969482422,98.08000183105469,97.9000015258789,98.08000183105469,3515,0.0,0.0
2024-11-07 14:25:00-05:00,98.06999969482422,98.08000183105469,97.91999816894531,97.91999816894531,4515,0.0,0.0
2024-11-07 14:26:00-05:00,98.01000213623047,98.02999877929688,98.0,98.0,1354,0.0,0.0
2024-11-07 14:27:00-05:00,97.94750213623047,98.02999877929688,97.86000061035156,98.02999877929688,2879,0.0,0.0
2024-11-07 14:28:00-05:00,98.02999877929688,98.02999877929688,97.80999755859375,97.80999755859375,1961,0.0,0.0
2024-11-07 14:29:00-05:00,97.95999908447266,97.95999908447266,97.95999908447266,97.95999908447266,798,0.0,0.0
2024-11-07 14:30:00-05:00,97.83999633789062,97.83999633789062,97.83999633789062,97.83999633789062,1016,0.0,0.0
2024-11-07 14:31:00-05:00,97.83499908447266,97.83499908447266,97.83499908447266,97.83499908447266,1598,0.0,0.0
2024-11-07 14:32:00-05:00,97.73999786376953,97.7699966430664,97.73999786376953,97.76499938964844,1452,0.0,0.0
2024-11-07 14:33:00-05:00,97.70999908447266,97.87000274658203,97.41000366210938,97.4800033569336,9169,0.0,0.0
2024-11-07 14:34:00-05:00,97.47000122070312,97.47000122070312,97.20999908447266,97.41999816894531,2228,0.0,0.0
2024-11-07 14:35:00-05:00,97.31500244140625,97.31500244140625,97.22000122070312,97.22000122070312,1106,0.0,0.0
2024-11-07 14:36:00-05:00,97.21499633789062,97.37000274658203,97.21499633789062,97.37000274658203,2195,0.0,0.0
2024-11-07 14:37:00-05:00,97.16000366210938,97.20999908447266,97.16000366210938,97.20500183105469,1125,0.0,0.0
2024-11-07 14:38:00-05:00,97.20500183105469,97.30999755859375,97.02999877929688,97.03500366210938,13806,0.0,0.0
2024-11-07 14:39:00-05:00,97.19000244140625,97.19000244140625,97.06500244140625,97.06500244140625,1196,0.0,0.0
2024-11-07 14:40:00-05:00,96.94000244140625,96.94000244140625,96.70500183105469,96.7699966430664,11025,0.0,0.0
2024-11-07 14:41:00-05:00,96.62999725341797,96.75,96.62999725341797,96.6500015258789,1721,0.0,0.0
2024-11-07 14:42:00-05:00,96.6449966430664,96.86000061035156,96.6449966430664,96.73999786376953,3427,0.0,0.0
2024-11-07 14:43:00-05:00,96.73999786376953,97.0,96.55999755859375,96.57499694824219,31698,0.0,0.0
2024-11-07 14:44:00-05:00,96.57499694824219,96.79000091552734,96.57499694824219,96.66000366210938,7345,0.0,0.0
2024-11-07 14:45:00-05:00,96.6500015258789,96.66000366210938,96.52999877929688,96.5999984741211,3011,0.0,0.0
2024-11-07 14:46:00-05:00,96.66999816894531,96.66999816894531,96.51000213623047,96.51000213623047,1830,0.0,0.0
2024-11-07 14:47:00-05:00,96.58499908447266,96.66999816894531,96.58499908447266,96.62000274658203,4585,0.0,0.0
2024-11-07 14:48:00-05:00,96.70999908447266,96.76000213623047,96.6050033569336,96.70999908447266,5920,0.0,0.0
2024-11-07 14:49:00-05:00,96.72000122070312,96.87000274658203,96.72000122070312,96.76499938964844,13820,0.0,0.0
2024-11-07 14:50:00-05:00,96.7750015258789,96.87999725341797,96.7750015258789,96.79000091552734,4973,0.0,0.0
2024-11-07 14:51:00-05:00,96.8499984741211,96.86000061035156,96.79000091552734,96.80999755859375,5431,0.0,0.0
2024-11-07 14:52:00-05:00,96.76000213623047,96.83000183105469,96.72000122070312,96.7249984741211,2331,0.0,0.0
2024-11-07 14:53:00-05:00,96.72000122070312,96.74500274658203,96.72000122070312,96.74500274658203,778,0.0,0.0
2024-11-07 14:54:00-05:00,96.7300033569336,96.7300033569336,96.66000366210938,96.68000030517578,1151,0.0,0.0
2024-11-07 14:55:00-05:00,96.71499633789062,96.83000183105469,96.71499633789062,96.74500274658203,11416,0.0,0.0
2024-11-07 14:56:00-05:00,96.74500274658203,96.74500274658203,96.74500274658203,96.74500274658203,1457,0.0,0.0
2024-11-07 14:57:00-05:00,96.74500274658203,96.74500274658203,96.70500183105469,96.70500183105469,2378,0.0,0.0
2024-11-07 14:58:00-05:00,96.70500183105469,96.79000091552734,96.69000244140625,96.75499725341797,9188,0.0,0.0
2024-11-07 14:59:00-05:00,96.70999908447266,96.76000213623047,96.66000366210938,96.66999816894531,8126,0.0,0.0
2024-11-07 15:00:00-05:00,96.69000244140625,96.69000244140625,96.68499755859375,96.68499755859375,976,0.0,0.0
2024-11-07 15:01:00-05:00,96.68499755859375,96.68499755859375,96.68499755859375,96.68499755859375,1171,0.0,0.0
2024-11-07 15:02:00-05:00,96.68499755859375,96.68499755859375,96.68499755859375,96.68499755859375,1357,0.0,0.0
2024-11-07 15:03:00-05:00,96.62000274658203,96.73999786376953,96.55999755859375,96.73999786376953,2352,0.0,0.0
2024-11-07 15:04:00-05:00,96.5199966430664,96.69999694824219,96.5,96.69999694824219,1932,0.0,0.0
2024-11-07 15:05:00-05:00,96.44000244140625,96.44000244140625,96.44000244140625,96.44000244140625,288,0.0,0.0
2024-11-07 15:06:00-05:00,96.5199966430664,96.5199966430664,96.48500061035156,96.48500061035156,1166,0.0,0.0
2024-11-07 15:07:00-05:00,96.44000244140625,96.51399993896484,96.26000213623047,96.41000366210938,2907,0.0,0.0
2024-11-07 15:08:00-05:00,96.38999938964844,96.44999694824219,96.27999877929688,96.38999938964844,2905,0.0,0.0
2024-11-07 15:09:00-05:00,96.37000274658203,96.37000274658203,96.29000091552734,96.29000091552734,899,0.0,0.0
2024-11-07 15:10:00-05:00,96.43000030517578,96.5,96.18000030517578,96.18000030517578,13400,0.0,0.0
2024-11-07 15:11:00-05:00,96.16999816894531,96.18000030517578,95.94999694824219,96.0,3757,0.0,0.0
2024-11-07 15:12:00-05:00,95.9000015258789,96.05999755859375,95.87000274658203,96.05999755859375,1541,0.0,0.0
2024-11-07 15:13:00-05:00,95.98999786376953,96.0999984741211,95.8499984741211,96.0,8491,0.0,0.0
2024-11-07 15:14:00-05:00,96.0,96.11000061035156,96.0,96.0250015258789,5077,0.0,0.0
2024-11-07 15:15:00-05:00,96.08000183105469,96.08000183105469,96.01499938964844,96.01499938964844,1477,0.0,0.0
2024-11-07 15:16:00-05:00,95.94000244140625,96.01499938964844,95.94000244140625,95.94999694824219,1932,0.0,0.0
2024-11-07 15:17:00-05:00,95.8499984741211,95.94999694824219,95.83000183105469,95.94999694824219,1554,0.0,0.0
2024-11-07 15:18:00-05:00,95.9000015258789,95.98999786376953,95.9000015258789,95.98999786376953,3755,0.0,0.0
2024-11-07 15:19:00-05:00,95.87000274658203,96.08999633789062,95.8499984741211,95.94000244140625,6687,0.0,0.0
2024-11-07 15:20:00-05:00,96.08999633789062,96.08999633789062,95.94999694824219,96.0,2466,0.0,0.0
2024-11-07 15:21:00-05:00,95.97000122070312,95.98999786376953,95.87999725341797,95.91500091552734,5593,0.0,0.0
2024-11-07 15:22:00-05:00,95.91000366210938,95.97000122070312,95.91000366210938,95.95999908447266,1323,0.0,0.0
2024-11-07 15:23:00-05:00,95.88999938964844,96.02999877929688,95.8499984741211,96.0,7600,0.0,0.0
2024-11-07 15:24:00-05:00,96.0,96.0199966430664,96.0,96.01499938964844,1290,0.0,0.0
2024-11-07 15:25:00-05:00,96.04499816894531,96.16000366210938,95.91000366210938,96.07499694824219,17990,0.0,0.0
2024-11-07 15:26:00-05:00,96.12000274658203,96.16999816894531,96.05999755859375,96.12999725341797,9418,0.0,0.0
2024-11-07 15:27:00-05:00,96.16999816894531,96.2300033569336,96.11000061035156,96.21499633789062,8834,0.0,0.0
2024-11-07 15:28:00-05:00,96.28500366210938,96.28500366210938,96.25,96.2750015258789,2584,0.0,0.0
2024-11-07 15:29:00-05:00,96.29000091552734,96.30000305175781,96.19999694824219,96.25,8160,0.0,0.0
2024-11-07 15:30:00-05:00,96.30999755859375,96.38999938964844,96.2750015258789,96.36000061035156,4983,0.0,0.0
2024-11-07 15:31:00-05:00,96.36000061035156,96.38999938964844,96.18000030517578,96.23999786376953,8244,0.0,0.0
2024-11-07 15:32:00-05:00,96.29499816894531,96.29499816894531,96.20999908447266,96.20999908447266,3644,0.0,0.0
2024-11-07 15:33:00-05:00,96.19999694824219,96.19999694824219,95.98999786376953,95.98999786376953,4378,0.0,0.0
2024-11-07 15:34:00-05:00,96.0999984741211,96.125,96.0999984741211,96.125,527,0.0,0.0
2024-11-07 15:35:00-05:00,96.08000183105469,96.19000244140625,96.08000183105469,96.16000366210938,8253,0.0,0.0
2024-11-07 15:36:00-05:00,96.1500015258789,96.1500015258789,96.06009674072266,96.06009674072266,4020,0.0,0.0
2024-11-07 15:37:00-05:00,96.08499908447266,96.08499908447266,95.97000122070312,96.0,6433,0.0,0.0
2024-11-07 15:38:00-05:00,95.98500061035156,96.06999969482422,95.97000122070312,96.06500244140625,5493,0.0,0.0
2024-11-07 15:39:00-05:00,96.05999755859375,96.05999755859375,95.88999938964844,95.94000244140625,6242,0.0,0.0
2024-11-07 15:40:00-05:00,96.0199966430664,96.0199966430664,95.81999969482422,95.83999633789062,5978,0.0,0.0
2024-11-07 15:41:00-05:00,95.8550033569336,95.8550033569336,95.69000244140625,95.69000244140625,5232,0.0,0.0
2024-11-07 15:42:00-05:00,95.62999725341797,96.04000091552734,95.62000274658203,96.0250015258789,10814,0.0,0.0
2024-11-07 15:43:00-05:00,96.0250015258789,96.0250015258789,95.9800033569336,96.01499938964844,2050,0.0,0.0
2024-11-07 15:44:00-05:00,95.9800033569336,96.02999877929688,95.94999694824219,95.94999694824219,4283,0.0,0.0
2024-11-07 15:45:00-05:00,96.0,96.02999877929688,95.7699966430664,95.83999633789062,6192,0.0,0.0
2024-11-07 15:46:00-05:00,95.80000305175781,95.8499984741211,95.77999877929688,95.77999877929688,2959,0.0,0.0
2024-11-07 15:47:00-05:00,95.80999755859375,95.80999755859375,95.7300033569336,95.80000305175781,5157,0.0,0.0
2024-11-07 15:48:00-05:00,95.80000305175781,96.01000213623047,95.80000305175781,95.91999816894531,6634,0.0,0.0
2024-11-07 15:49:00-05:00,95.91999816894531,96.05000305175781,95.9000015258789,96.0199966430664,5602,0.0,0.0
2024-11-07 15:50:00-05:00,95.94999694824219,96.0,95.87000274658203,96.0,10561,0.0,0.0
2024-11-07 15:51:00-05:00,95.94999694824219,96.08000183105469,95.94000244140625,95.95999908447266,13415,0.0,0.0
2024-11-07 15:52:00-05:00,95.95999908447266,96.01000213623047,95.8499984741211,95.8499984741211,14634,0.0,0.0
2024-11-07 15:53:00-05:00,95.87999725341797,95.91000366210938,95.73999786376953,95.73999786376953,13986,0.0,0.0
2024-11-07 15:54:00-05:00,95.73999786376953,95.8499984741211,95.73999786376953,95.83000183105469,14324,0.0,0.0
2024-11-07 15:55:00-05:00,95.87000274658203,96.0199966430664,95.76000213623047,95.97000122070312,19532,0.0,0.0
2024-11-07 15:56:00-05:00,95.94000244140625,96.08999633789062,95.88999938964844,95.88999938964844,24662,0.0,0.0
2024-11-07 15:57:00-05:00,95.94000244140625,95.95999908447266,95.8499984741211,95.91000366210938,15790,0.0,0.0
2024-11-07 15:58:00-05:00,95.94000244140625,96.04000091552734,95.9000015258789,95.98999786376953,26596,0.0,0.0
2024-11-07 15:59:00-05:00,95.94000244140625,96.01000213623047,95.81999969482422,96.0,27823,0.0,0.0
2024-11-08 09:30:00-05:00,95.72000122070312,95.72000122070312,94.69000244140625,94.69000244140625,10601,0.0,0.0
2024-11-08 09:32:00-05:00,94.83000183105469,94.83000183105469,94.83000183105469,94.83000183105469,995,0.0,0.0
2024-11-08 09:33:00-05:00,94.94000244140625,94.94000244140625,94.79000091552734,94.79499816894531,2239,0.0,0.0
2024-11-08 09:34:00-05:00,95.0999984741211,95.73400115966797,95.0999984741211,95.73400115966797,1438,0.0,0.0
2024-11-08 09:37:00-05:00,95.45999908447266,95.45999908447266,95.45999908447266,95.45999908447266,974,0.0,0.0
2024-11-08 09:38:00-05:00,95.4800033569336,95.4800033569336,95.4800033569336,95.4800033569336,308,0.0,0.0
2024-11-08 09:39:00-05:00,95.37000274658203,95.37000274658203,95.37000274658203,95.37000274658203,242,0.0,0.0
2024-11-08 09:40:00-05:00,95.47000122070312,95.47000122070312,95.47000122070312,95.47000122070312,139,0.0,0.0
2024-11-08 09:41:00-05:00,95.33000183105469,95.5,95.33000183105469,95.5,1564,0.0,0.0
2024-11-08 09:42:00-05:00,95.61000061035156,95.61000061035156,95.61000061035156,95.61000061035156,322,0.0,0.0
2024-11-08 09:43:00-05:00,95.66000366210938,95.66000366210938,95.3949966430664,95.3949966430664,323,0.0,0.0
2024-11-08 09:44:00-05:00,95.41000366210938,95.83999633789062,95.41000366210938,95.6449966430664,43674,0.0,0.0
2024-11-08 09:45:00-05:00,95.65499877929688,95.66000366210938,95.65499877929688,95.66000366210938,1442,0.0,0.0
2024-11-08 09:46:00-05:00,95.44000244140625,95.62000274658203,95.44000244140625,95.44000244140625,3337,0.0,0.0
2024-11-08 09:47:00-05:00,95.69000244140625,95.69000244140625,95.69000244140625,95.69000244140625,146,0.0,0.0
2024-11-08 09:48:00-05:00,95.95999908447266,96.0999984741211,95.88999938964844,96.0,2498,0.0,0.0
2024-11-08 09:49:00-05:00,96.01000213623047,96.12000274658203,96.01000213623047,96.08000183105469,3171,0.0,0.0
2024-11-08 09:50:00-05:00,95.91000366210938,95.91000366210938,95.7699966430664,95.87999725341797,2457,0.0,0.0
2024-11-08 09:51:00-05:00,95.6500015258789,95.66999816894531,95.6500015258789,95.66999816894531,1438,0.0,0.0
2024-11-08 09:53:00-05:00,95.56999969482422,95.56999969482422,95.56999969482422,95.56999969482422,337,0.0,0.0
2024-11-08 09:54:00-05:00,95.33999633789062,95.33999633789062,95.26000213623047,95.26000213623047,1409,0.0,0.0
2024-11-08 09:56:00-05:00,95.29000091552734,95.33000183105469,95.08000183105469,95.08000183105469,1795,0.0,0.0
2024-11-08 09:58:00-05:00,95.21499633789062,95.21499633789062,95.04000091552734,95.04000091552734,463,0.0,0.0
2024-11-08 09:59:00-05:00,94.97000122070312,95.0,94.81999969482422,94.972900390625,3887,0.0,0.0
2024-11-08 10:01:00-05:00,95.20999908447266,95.47000122070312,95.20999908447266,95.47000122070312,1529,0.0,0.0
2024-11-08 10:02:00-05:00,95.54000091552734,95.56999969482422,95.54000091552734,95.56999969482422,594,0.0,0.0
2024-11-08 10:03:00-05:00,95.45999908447266,95.58999633789062,95.45999908447266,95.52999877929688,992,0.0,0.0
2024-11-08 10:04:00-05:00,95.49500274658203,95.56999969482422,95.375,95.56999969482422,1216,0.0,0.0
2024-11-08 10:05:00-05:00,95.55999755859375,95.55999755859375,95.4000015258789,95.4000015258789,1703,0.0,0.0
2024-11-08 10:06:00-05:00,95.31999969482422,95.33999633789062,95.31999969482422,95.31999969482422,1596,0.0,0.0
2024-11-08 10:07:00-05:00,95.47000122070312,95.47000122070312,95.47000122070312,95.47000122070312,233,0.0,0.0
2024-11-08 10:08:00-05:00,95.48999786376953,95.48999786376953,95.4800033569336,95.4800033569336,1238,0.0,0.0
2024-11-08 10:09:00-05:00,95.47000122070312,95.47000122070312,95.47000122070312,95.47000122070312,446,0.0,0.0
2024-11-08 10:10:00-05:00,95.58000183105469,95.81500244140625,95.58000183105469,95.73500061035156,1358,0.0,0.0
2024-11-08 10:11:00-05:00,95.72000122070312,95.83499908447266,95.72000122070312,95.83499908447266,1378,0.0,0.0
2024-11-08 10:12:00-05:00,95.86499786376953,96.06999969482422,95.86499786376953,96.01000213623047,2821,0.0,0.0
2024-11-08 10:13:00-05:00,96.04000091552734,96.11000061035156,96.04000091552734,96.04499816894531,3050,0.0,0.0
2024-11-08 10:14:00-05:00,95.9749984741211,96.0250015258789,95.95999908447266,96.0199966430664,1292,0.0,0.0
2024-11-08 10:15:00-05:00,95.94999694824219,95.95999908447266,95.83000183105469,95.95999908447266,3443,0.0,0.0
2024-11-08 10:17:00-05:00,95.97000122070312,95.97000122070312,95.97000122070312,95.97000122070312,311,0.0,0.0
2024-11-08 10:18:00-05:00,95.8499984741211,95.8499984741211,95.70999908447266,95.8499984741211,2593,0.0,0.0
2024-11-08 10:19:00-05:00,95.93000030517578,95.96499633789062,95.93000030517578,95.96499633789062,1194,0.0,0.0
2024-11-08 10:20:00-05:00,95.9800033569336,96.08000183105469,95.9800033569336,96.0,1292,0.0,0.0
2024-11-08 10:21:00-05:00,95.99500274658203,96.12999725341797,95.99500274658203,96.08000183105469,5741,0.0,0.0
2024-11-08 10:22:00-05:00,96.08000183105469,96.08000183105469,96.08000183105469,96.08000183105469,108,0.0,0.0
2024-11-08 10:23:00-05:00,96.08000183105469,96.2300033569336,96.06500244140625,96.15499877929688,13195,0.0,0.0
2024-11-08 10:24:00-05:00,96.13500213623047,96.13500213623047,95.94999694824219,95.94999694824219,3285,0.0,0.0
2024-11-08 10:25:00-05:00,96.02999877929688,96.02999877929688,95.91000366210938,95.91000366210938,2442,0.0,0.0
2024-11-08 10:26:00-05:00,95.83499908447266,95.93000030517578,95.7699966430664,95.84500122070312,1191,0.0,0.0
2024-11-08 10:27:00-05:00,95.88999938964844,96.0,95.88999938964844,96.0,1285,0.0,0.0
2024-11-08 10:29:00-05:00,96.00499725341797,96.00499725341797,95.7300033569336,95.7300033569336,3092,0.0,0.0
2024-11-08 10:30:00-05:00,95.69999694824219,95.69999694824219,95.5199966430664,95.5199966430664,2854,0.0,0.0
2024-11-08 10:31:00-05:00,95.70800018310547,95.70800018310547,95.69999694824219,95.69999694824219,580,0.0,0.0
2024-11-08 10:32:00-05:00,95.70500183105469,95.83000183105469,95.70500183105469,95.83000183105469,823,0.0,0.0
2024-11-08 10:34:00-05:00,95.80000305175781,95.82499694824219,95.80000305175781,95.82499694824219,774,0.0,0.0
2024-11-08 10:35:00-05:00,95.83499908447266,95.83499908447266,95.83499908447266,95.83499908447266,251,0.0,0.0
2024-11-08 10:36:00-05:00,95.84500122070312,95.84500122070312,95.68000030517578,95.68000030517578,2752,0.0,0.0
2024-11-08 10:38:00-05:00,95.74500274658203,95.77999877929688,95.74500274658203,95.77999877929688,536,0.0,0.0
2024-11-08 10:39:00-05:00,95.72000122070312,95.72000122070312,95.69999694824219,95.69999694824219,1484,0.0,0.0
2024-11-08 10:40:00-05:00,95.76000213623047,95.76000213623047,95.76000213623047,95.76000213623047,137,0.0,0.0
2024-11-08 10:41:00-05:00,95.69000244140625,95.76000213623047,95.66000366210938,95.76000213623047,425,0.0,0.0
2024-11-08 10:42:00-05:00,95.76000213623047,95.76000213623047,95.76000213623047,95.76000213623047,353,0.0,0.0
2024-11-08 10:43:00-05:00,95.66000366210938,95.66000366210938,95.66000366210938,95.66000366210938,266,0.0,0.0
2024-11-08 10:44:00-05:00,95.66000366210938,95.66000366210938,95.66000366210938,95.66000366210938,191,0.0,0.0
2024-11-08 10:45:00-05:00,95.70999908447266,95.70999908447266,95.55999755859375,95.62999725341797,2255,0.0,0.0
2024-11-08 10:46:00-05:00,95.62999725341797,95.69999694824219,95.61000061035156,95.6449966430664,1768,0.0,0.0
2024-11-08 10:47:00-05:00,95.6624984741211,96.08000183105469,95.6449966430664,96.04000091552734,5264,0.0,0.0
2024-11-08 10:48:00-05:00,96.02999877929688,96.02999877929688,95.92500305175781,95.92500305175781,1340,0.0,0.0
2024-11-08 10:49:00-05:00,95.83999633789062,95.92780303955078,95.83999633789062,95.92780303955078,1816,0.0,0.0
2024-11-08 10:51:00-05:00,95.98999786376953,96.05000305175781,95.98999786376953,96.0250015258789,2311,0.0,0.0
2024-11-08 10:52:00-05:00,95.93000030517578,95.93000030517578,95.83000183105469,95.83000183105469,1624,0.0,0.0
2024-11-08 10:53:00-05:00,95.83999633789062,95.94999694824219,95.83999633789062,95.83999633789062,1059,0.0,0.0
2024-11-08 10:54:00-05:00,96.0,96.06999969482422,95.95999908447266,95.95999908447266,2539,0.0,0.0
2024-11-08 10:55:00-05:00,95.96499633789062,95.96499633789062,95.96499633789062,95.96499633789062,104,0.0,0.0
2024-11-08 10:56:00-05:00,95.96499633789062,96.04000091552734,95.90499877929688,96.0199966430664,3957,0.0,0.0
2024-11-08 10:57:00-05:00,95.9749984741211,96.06999969482422,95.97250366210938,96.0199966430664,3439,0.0,0.0
2024-11-08 10:58:00-05:00,96.0,96.16000366210938,96.0,96.0999984741211,6403,0.0,0.0
2024-11-08 10:59:00-05:00,96.1050033569336,96.16999816894531,96.1050033569336,96.1050033569336,4221,0.0,0.0
2024-11-08 11:00:00-05:00,96.16999816894531,96.30500030517578,96.1050033569336,96.30500030517578,3694,0.0,0.0
2024-11-08 11:01:00-05:00,96.30000305175781,96.38999938964844,96.30000305175781,96.31999969482422,2785,0.0,0.0
2024-11-08 11:02:00-05:00,96.33499908447266,96.37999725341797,96.23999786376953,96.26000213623047,7514,0.0,0.0
2024-11-08 11:03:00-05:00,96.23999786376953,96.30500030517578,96.23999786376953,96.30500030517578,1052,0.0,0.0
2024-11-08 11:04:00-05:00,96.30500030517578,96.30500030517578,96.2300033569336,96.29000091552734,928,0.0,0.0
2024-11-08 11:05:00-05:00,96.28500366210938,96.37000274658203,96.28500366210938,96.30000305175781,2053,0.0,0.0
2024-11-08 11:06:00-05:00,96.37000274658203,96.37999725341797,96.26000213623047,96.26000213623047,2877,0.0,0.0
2024-11-08 11:07:00-05:00,96.27999877929688,96.33000183105469,96.20999908447266,96.23500061035156,5175,0.0,0.0
2024-11-08 11:08:00-05:00,96.23500061035156,96.23500061035156,96.23500061035156,96.23500061035156,854,0.0,0.0
2024-11-08 11:09:00-05:00,96.12999725341797,96.12999725341797,96.01000213623047,96.04000091552734,2144,0.0,0.0
2024-11-08 11:10:00-05:00,96.0,96.0,96.0,96.0,714,0.0,0.0
2024-11-08 11:11:00-05:00,96.11000061035156,96.11000061035156,96.11000061035156,96.11000061035156,244,0.0,0.0
2024-11-08 11:12:00-05:00,96.09500122070312,96.1050033569336,96.0,96.0,1282,0.0,0.0
2024-11-08 11:13:00-05:00,96.0,96.0,95.94999694824219,96.0,1493,0.0,0.0
2024-11-08 11:14:00-05:00,96.01000213623047,96.01499938964844,96.01000213623047,96.01499938964844,654,0.0,0.0
2024-11-08 11:15:00-05:00,96.01499938964844,96.01499938964844,95.91190338134766,95.91190338134766,1682,0.0,0.0
2024-11-08 11:16:00-05:00,95.91999816894531,95.91999816894531,95.91999816894531,95.91999816894531,228,0.0,0.0
2024-11-08 11:17:00-05:00,95.94000244140625,95.9800033569336,95.90499877929688,95.93000030517578,1470,0.0,0.0
2024-11-08 11:18:00-05:00,95.93000030517578,95.9800033569336,95.93000030517578,95.9800033569336,323,0.0,0.0
2024-11-08 11:19:00-05:00,95.93499755859375,95.93499755859375,95.93499755859375,95.93499755859375,166,0.0,0.0
2024-11-08 11:20:00-05:00,95.91000366210938,95.94000244140625,95.91000366210938,95.94000244140625,506,0.0,0.0
2024-11-08 11:21:00-05:00,95.94999694824219,95.94999694824219,95.94999694824219,95.94999694824219,321,0.0,0.0
2024-11-08 11:22:00-05:00,95.94999694824219,95.94999694824219,95.94999694824219,95.94999694824219,319,0.0,0.0
2024-11-08 11:23:00-05:00,95.91000366210938,95.91000366210938,95.75,95.76000213623047,1312,0.0,0.0
2024-11-08 11:24:00-05:00,95.73500061035156,95.87000274658203,95.73500061035156,95.74250030517578,715,0.0,0.0
2024-11-08 11:25:00-05:00,95.74500274658203,95.74500274658203,95.74500274658203,95.74500274658203,106,0.0,0.0
2024-11-08 11:26:00-05:00,95.80999755859375,95.91999816894531,95.80999755859375,95.91000366210938,2130,0.0,0.0
2024-11-08 11:27:00-05:00,95.84500122070312,95.84500122070312,95.84500122070312,95.84500122070312,416,0.0,0.0
2024-11-08 11:29:00-05:00,95.87999725341797,96.06999969482422,95.87000274658203,96.0,4582,0.0,0.0
2024-11-08 11:30:00-05:00,96.05000305175781,96.12000274658203,95.98999786376953,96.00499725341797,10440,0.0,0.0
2024-11-08 11:31:00-05:00,96.00499725341797,96.00499725341797,96.00499725341797,96.00499725341797,346,0.0,0.0
2024-11-08 11:32:00-05:00,96.00499725341797,96.00499725341797,96.00499725341797,96.00499725341797,344,0.0,0.0
2024-11-08 11:33:00-05:00,96.0625,96.0625,96.00499725341797,96.00499725341797,430,0.0,0.0
2024-11-08 11:35:00-05:00,96.02999877929688,96.0625,96.00499725341797,96.00499725341797,1721,0.0,0.0
2024-11-08 11:36:00-05:00,96.00499725341797,96.01000213623047,96.00499725341797,96.01000213623047,2006,0.0,0.0
2024-11-08 11:37:00-05:00,96.01499938964844,96.05500030517578,95.9800033569336,96.0,3263,0.0,0.0
2024-11-08 11:38:00-05:00,96.0,96.01000213623047,96.0,96.0,417,0.0,0.0
2024-11-08 11:39:00-05:00,96.03500366210938,96.06999969482422,96.0,96.0,3556,0.0,0.0
2024-11-08 11:40:00-05:00,96.04000091552734,96.04000091552734,96.01499938964844,96.0199966430664,2267,0.0,0.0
2024-11-08 11:41:00-05:00,96.01000213623047,96.01000213623047,96.01000213623047,96.01000213623047,424,0.0,0.0
2024-11-08 11:44:00-05:00,96.04000091552734,96.0824966430664,96.01000213623047,96.01499938964844,921,0.0,0.0
2024-11-08 11:45:00-05:00,96.07499694824219,96.07499694824219,96.07499694824219,96.07499694824219,299,0.0,0.0
2024-11-08 11:46:00-05:00,96.0625,96.0625,96.00499725341797,96.00499725341797,456,0.0,0.0
2024-11-08 11:48:00-05:00,95.95999908447266,95.95999908447266,95.95999908447266,95.95999908447266,267,0.0,0.0
2024-11-08 11:50:00-05:00,96.00499725341797,96.01000213623047,95.95999908447266,95.95999908447266,1403,0.0,0.0
2024-11-08 11:51:00-05:00,95.95999908447266,95.95999908447266,95.88999938964844,95.93000030517578,2064,0.0,0.0
2024-11-08 11:52:00-05:00,95.95999908447266,95.95999908447266,95.95999908447266,95.95999908447266,238,0.0,0.0
2024-11-08 11:53:00-05:00,95.95999908447266,95.95999908447266,95.95999908447266,95.95999908447266,520,0.0,0.0
2024-11-08 11:54:00-05:00,95.94000244140625,95.94000244140625,95.94000244140625,95.94000244140625,304,0.0,0.0
2024-11-08 11:55:00-05:00,95.87999725341797,95.93000030517578,95.87999725341797,95.92500305175781,696,0.0,0.0
2024-11-08 11:56:00-05:00,95.95500183105469,95.95500183105469,95.95500183105469,95.95500183105469,646,0.0,0.0
2024-11-08 11:57:00-05:00,95.95500183105469,95.95500183105469,95.86000061035156,95.86000061035156,2174,0.0,0.0
2024-11-08 11:58:00-05:00,95.8499984741211,95.91000366210938,95.83999633789062,95.91000366210938,1688,0.0,0.0
2024-11-08 11:59:00-05:00,95.94000244140625,96.0,95.94000244140625,96.0,754,0.0,0.0
2024-11-08 12:00:00-05:00,96.0,96.0,96.0,96.0,592,0.0,0.0
2024-11-08 12:03:00-05:00,95.9800033569336,95.98999786376953,95.91000366210938,95.91000366210938,1086,0.0,0.0
2024-11-08 12:05:00-05:00,95.91500091552734,95.91500091552734,95.91500091552734,95.91500091552734,590,0.0,0.0
2024-11-08 12:06:00-05:00,95.98999786376953,96.0,95.98999786376953,96.0,865,0.0,0.0
2024-11-08 12:11:00-05:00,95.87000274658203,95.87000274658203,95.87000274658203,95.87000274658203,813,0.0,0.0
2024-11-08 12:12:00-05:00,95.83000183105469,95.86000061035156,95.79499816894531,95.80000305175781,2295,0.0,0.0
2024-11-08 12:13:00-05:00,95.83499908447266,95.83499908447266,95.76000213623047,95.80000305175781,848,0.0,0.0
2024-11-08 12:14:00-05:00,95.7699966430664,95.77999877929688,95.7699966430664,95.77999877929688,708,0.0,0.0
2024-11-08 12:15:00-05:00,95.80000305175781,95.80000305175781,95.75,95.75,1466,0.0,0.0
2024-11-08 12:17:00-05:00,95.75499725341797,95.75499725341797,95.7300033569336,95.75499725341797,481,0.0,0.0
2024-11-08 12:18:00-05:00,95.7074966430664,95.86000061035156,95.7074966430664,95.8499984741211,2411,0.0,0.0
2024-11-08 12:19:00-05:00,95.8499984741211,95.8550033569336,95.8499984741211,95.8499984741211,1287,0.0,0.0
2024-11-08 12:20:00-05:00,95.80999755859375,95.80999755859375,95.79000091552734,95.79000091552734,1161,0.0,0.0
2024-11-08 12:21:00-05:00,95.84500122070312,95.84500122070312,95.75,95.75,2643,0.0,0.0
2024-11-08 12:23:00-05:00,95.7699966430664,95.77999877929688,95.73999786376953,95.77999877929688,1029,0.0,0.0
2024-11-08 12:24:00-05:00,95.8499984741211,95.8499984741211,95.83499908447266,95.83499908447266,636,0.0,0.0
2024-11-08 12:26:00-05:00,95.875,95.875,95.875,95.875,402,0.0,0.0
2024-11-08 12:27:00-05:00,95.91500091552734,95.91500091552734,95.88999938964844,95.88999938964844,878,0.0,0.0
2024-11-08 12:29:00-05:00,95.87999725341797,96.05000305175781,95.8499984741211,96.05000305175781,3821,0.0,0.0
2024-11-08 12:30:00-05:00,96.0,96.06999969482422,95.98500061035156,95.98500061035156,1894,0.0,0.0
2024-11-08 12:32:00-05:00,96.01000213623047,96.01000213623047,96.0,96.0,753,0.0,0.0
2024-11-08 12:33:00-05:00,96.0,96.05000305175781,96.0,96.05000305175781,232,0.0,0.0
2024-11-08 12:34:00-05:00,95.9800033569336,95.9800033569336,95.9800033569336,95.9800033569336,728,0.0,0.0
2024-11-08 12:37:00-05:00,95.93000030517578,95.93000030517578,95.66000366210938,95.66000366210938,4449,0.0,0.0
2024-11-08 12:38:00-05:00,95.58999633789062,95.68000030517578,95.58999633789062,95.61000061035156,2366,0.0,0.0
2024-11-08 12:40:00-05:00,95.66000366210938,95.66000366210938,95.66000366210938,95.66000366210938,673,0.0,0.0
2024-11-08 12:42:00-05:00,95.70500183105469,95.70500183105469,95.70500183105469,95.70500183105469,247,0.0,0.0
2024-11-08 12:43:00-05:00,95.63999938964844,95.67500305175781,95.56999969482422,95.67500305175781,3404,0.0,0.0
2024-11-08 12:44:00-05:00,95.69000244140625,95.7699966430664,95.66000366210938,95.7699966430664,2291,0.0,0.0
2024-11-08 12:46:00-05:00,95.7300033569336,95.73500061035156,95.7300033569336,95.73500061035156,497,0.0,0.0
2024-11-08 12:47:00-05:00,95.79000091552734,95.93000030517578,95.79000091552734,95.88500213623047,2014,0.0,0.0
2024-11-08 12:48:00-05:00,95.88500213623047,95.91000366210938,95.88500213623047,95.9000015258789,1129,0.0,0.0
2024-11-08 12:49:00-05:00,95.8949966430664,95.8949966430664,95.88500213623047,95.88500213623047,409,0.0,0.0
2024-11-08 12:50:00-05:00,95.89089965820312,95.8949966430664,95.89089965820312,95.8949966430664,1455,0.0,0.0
2024-11-08 12:51:00-05:00,95.79000091552734,95.79000091552734,95.7699966430664,95.7699966430664,1258,0.0,0.0
2024-11-08 12:52:00-05:00,95.80999755859375,95.83000183105469,95.80999755859375,95.83000183105469,902,0.0,0.0
2024-11-08 12:53:00-05:00,95.93000030517578,95.94000244140625,95.93000030517578,95.94000244140625,492,0.0,0.0
2024-11-08 12:54:00-05:00,95.92500305175781,96.02999877929688,95.92500305175781,96.0,1825,0.0,0.0
2024-11-08 12:56:00-05:00,95.95999908447266,95.9800033569336,95.95999908447266,95.9800033569336,243,0.0,0.0
2024-11-08 12:57:00-05:00,95.94999694824219,95.94999694824219,95.87570190429688,95.93499755859375,1535,0.0,0.0
2024-11-08 13:01:00-05:00,95.93000030517578,95.93000030517578,95.81999969482422,95.86000061035156,1572,0.0,0.0
2024-11-08 13:02:00-05:00,95.83000183105469,95.83000183105469,95.83000183105469,95.83000183105469,384,0.0,0.0
2024-11-08 13:03:00-05:00,95.83000183105469,95.83999633789062,95.83000183105469,95.83999633789062,818,0.0,0.0
2024-11-08 13:04:00-05:00,95.80999755859375,95.83499908447266,95.80999755859375,95.83499908447266,937,0.0,0.0
2024-11-08 13:06:00-05:00,95.87000274658203,95.9000015258789,95.83999633789062,95.83999633789062,1314,0.0,0.0
2024-11-08 13:07:00-05:00,95.83999633789062,95.83999633789062,95.83999633789062,95.83999633789062,556,0.0,0.0
2024-11-08 13:09:00-05:00,95.83999633789062,95.83999633789062,95.83999633789062,95.83999633789062,434,0.0,0.0
2024-11-08 13:10:00-05:00,95.82499694824219,95.83000183105469,95.82499694824219,95.83000183105469,444,0.0,0.0
2024-11-08 13:11:00-05:00,95.7699966430664,95.77999877929688,95.69999694824219,95.77999877929688,4065,0.0,0.0
2024-11-08 13:12:00-05:00,95.81999969482422,95.81999969482422,95.80500030517578,95.80500030517578,1059,0.0,0.0
2024-11-08 13:13:00-05:00,95.80500030517578,95.80500030517578,95.80500030517578,95.80500030517578,485,0.0,0.0
2024-11-08 13:15:00-05:00,95.80500030517578,95.81749725341797,95.80500030517578,95.80500030517578,1496,0.0,0.0
2024-11-08 13:18:00-05:00,95.75,95.75,95.7300033569336,95.7300033569336,2006,0.0,0.0
2024-11-08 13:19:00-05:00,95.75,95.77999877929688,95.73500061035156,95.73500061035156,1328,0.0,0.0
2024-11-08 13:20:00-05:00,95.7300033569336,95.7300033569336,95.66999816894531,95.69999694824219,2014,0.0,0.0
2024-11-08 13:22:00-05:00,95.6500015258789,95.69999694824219,95.6500015258789,95.69999694824219,544,0.0,0.0
2024-11-08 13:23:00-05:00,95.66000366210938,95.66000366210938,95.55999755859375,95.55999755859375,1762,0.0,0.0
2024-11-08 13:24:00-05:00,95.55999755859375,95.56999969482422,95.32499694824219,95.4574966430664,2806,0.0,0.0
2024-11-08 13:25:00-05:00,95.43000030517578,95.43000030517578,95.43000030517578,95.43000030517578,233,0.0,0.0
2024-11-08 13:26:00-05:00,95.33000183105469,95.37000274658203,95.33000183105469,95.37000274658203,533,0.0,0.0
2024-11-08 13:27:00-05:00,95.31999969482422,95.31999969482422,95.18000030517578,95.18000030517578,1915,0.0,0.0
2024-11-08 13:28:00-05:00,95.2300033569336,95.27999877929688,95.2300033569336,95.23999786376953,4571,0.0,0.0
2024-11-08 13:30:00-05:00,95.20500183105469,95.20500183105469,95.05000305175781,95.05000305175781,942,0.0,0.0
2024-11-08 13:31:00-05:00,95.05000305175781,95.05000305175781,95.04000091552734,95.04000091552734,576,0.0,0.0
2024-11-08 13:32:00-05:00,95.09500122070312,95.16000366210938,95.09500122070312,95.16000366210938,2383,0.0,0.0
2024-11-08 13:33:00-05:00,95.12999725341797,95.16000366210938,95.12999725341797,95.12999725341797,895,0.0,0.0
2024-11-08 13:35:00-05:00,95.12999725341797,95.12999725341797,95.12999725341797,95.12999725341797,267,0.0,0.0
2024-11-08 13:36:00-05:00,95.13500213623047,95.13500213623047,95.13500213623047,95.13500213623047,339,0.0,0.0
2024-11-08 13:37:00-05:00,95.2300033569336,95.29000091552734,95.16999816894531,95.18499755859375,2521,0.0,0.0
2024-11-08 13:38:00-05:00,95.19499969482422,95.19499969482422,95.19499969482422,95.19499969482422,967,0.0,0.0
2024-11-08 13:40:00-05:00,95.27999877929688,95.29000091552734,95.24500274658203,95.24500274658203,972,0.0,0.0
2024-11-08 13:43:00-05:00,95.24500274658203,95.24500274658203,95.24500274658203,95.24500274658203,280,0.0,0.0
2024-11-08 13:45:00-05:00,95.24500274658203,95.24500274658203,95.11000061035156,95.11000061035156,2432,0.0,0.0
2024-11-08 13:46:00-05:00,95.18000030517578,95.18499755859375,95.18000030517578,95.18499755859375,531,0.0,0.0
2024-11-08 13:47:00-05:00,95.1500015258789,95.1500015258789,95.13999938964844,95.13999938964844,536,0.0,0.0
2024-11-08 13:48:00-05:00,95.11000061035156,95.13999938964844,95.0999984741211,95.0999984741211,1203,0.0,0.0
2024-11-08 13:49:00-05:00,95.02999877929688,95.09500122070312,95.02999877929688,95.09500122070312,865,0.0,0.0
2024-11-08 13:50:00-05:00,95.09500122070312,95.1500015258789,95.05999755859375,95.0999984741211,1387,0.0,0.0
2024-11-08 13:51:00-05:00,95.06500244140625,95.06500244140625,95.01000213623047,95.0250015258789,1341,0.0,0.0
2024-11-08 13:52:00-05:00,95.0199966430664,95.0199966430664,94.99500274658203,94.99500274658203,770,0.0,0.0
2024-11-08 13:53:00-05:00,95.03500366210938,95.04000091552734,94.99500274658203,94.99500274658203,694,0.0,0.0
2024-11-08 13:54:00-05:00,95.05999755859375,95.19000244140625,95.01750183105469,95.13500213623047,3241,0.0,0.0
2024-11-08 13:55:00-05:00,95.1500015258789,95.26000213623047,95.1500015258789,95.26000213623047,887,0.0,0.0
2024-11-08 13:56:00-05:00,95.17500305175781,95.17500305175781,95.17500305175781,95.17500305175781,612,0.0,0.0
2024-11-08 13:57:00-05:00,95.26000213623047,95.51000213623047,95.26000213623047,95.51000213623047,1811,0.0,0.0
2024-11-08 13:58:00-05:00,95.44499969482422,95.56999969482422,95.44499969482422,95.56999969482422,1066,0.0,0.0
2024-11-08 14:00:00-05:00,95.6500015258789,95.68000030517578,95.6500015258789,95.68000030517578,573,0.0,0.0
2024-11-08 14:01:00-05:00,95.61000061035156,95.61000061035156,95.58999633789062,95.58999633789062,567,0.0,0.0
2024-11-08 14:02:00-05:00,95.70999908447266,95.70999908447266,95.5999984741211,95.5999984741211,286,0.0,0.0
2024-11-08 14:03:00-05:00,95.5999984741211,95.5999984741211,95.5999984741211,95.5999984741211,1310,0.0,0.0
2024-11-08 14:05:00-05:00,95.59500122070312,95.62999725341797,95.59500122070312,95.59500122070312,5752,0.0,0.0
2024-11-08 14:07:00-05:00,95.62000274658203,95.625,95.62000274658203,95.625,724,0.0,0.0
2024-11-08 14:08:00-05:00,95.58999633789062,95.58999633789062,95.41000366210938,95.44000244140625,5161,0.0,0.0
2024-11-08 14:09:00-05:00,95.38999938964844,95.38999938964844,95.33000183105469,95.3499984741211,2699,0.0,0.0
2024-11-08 14:10:00-05:00,95.29000091552734,95.29000091552734,95.0999984741211,95.13999938964844,3469,0.0,0.0
2024-11-08 14:11:00-05:00,95.08499908447266,95.19999694824219,95.08499908447266,95.1449966430664,5437,0.0,0.0
2024-11-08 14:12:00-05:00,95.18000030517578,95.19999694824219,95.12999725341797,95.12999725341797,1229,0.0,0.0
2024-11-08 14:13:00-05:00,95.1449966430664,95.1449966430664,95.0199966430664,95.0199966430664,1967,0.0,0.0
2024-11-08 14:14:00-05:00,94.94999694824219,94.9800033569336,94.91000366210938,94.91000366210938,807,0.0,0.0
2024-11-08 14:15:00-05:00,94.98999786376953,94.99500274658203,94.91000366210938,94.99500274658203,556,0.0,0.0
2024-11-08 14:16:00-05:00,95.00499725341797,95.06999969482422,95.00499725341797,95.02999877929688,2266,0.0,0.0
2024-11-08 14:17:00-05:00,95.08999633789062,95.19999694824219,95.06999969482422,95.19000244140625,4167,0.0,0.0
2024-11-08 14:18:00-05:00,95.16000366210938,95.16000366210938,95.08999633789062,95.12999725341797,2000,0.0,0.0
2024-11-08 14:20:00-05:00,95.16000366210938,95.19999694824219,95.13999938964844,95.13999938964844,1855,0.0,0.0
2024-11-08 14:21:00-05:00,95.13999938964844,95.13999938964844,95.13999938964844,95.13999938964844,535,0.0,0.0
2024-11-08 14:22:00-05:00,95.07499694824219,95.12000274658203,95.06999969482422,95.12000274658203,1050,0.0,0.0
2024-11-08 14:23:00-05:00,95.1449966430664,95.1449966430664,95.1449966430664,95.1449966430664,100,0.0,0.0
2024-11-08 14:24:00-05:00,95.11000061035156,95.22989654541016,95.11000061035156,95.16999816894531,1042,0.0,0.0
2024-11-08 14:25:00-05:00,95.19000244140625,95.19000244140625,95.13999938964844,95.13999938964844,391,0.0,0.0
2024-11-08 14:26:00-05:00,95.18000030517578,95.33000183105469,95.18000030517578,95.26499938964844,6788,0.0,0.0
2024-11-08 14:27:00-05:00,95.31999969482422,95.36000061035156,95.26499938964844,95.32499694824219,4865,0.0,0.0
2024-11-08 14:28:00-05:00,95.30000305175781,95.30000305175781,95.23999786376953,95.23999786376953,3099,0.0,0.0
2024-11-08 14:29:00-05:00,95.22000122070312,95.22000122070312,95.12999725341797,95.16000366210938,4426,0.0,0.0
2024-11-08 14:30:00-05:00,95.19000244140625,95.19000244140625,95.19000244140625,95.19000244140625,817,0.0,0.0
2024-11-08 14:31:00-05:00,95.19000244140625,95.19000244140625,95.18000030517578,95.18000030517578,458,0.0,0.0
2024-11-08 14:32:00-05:00,95.19999694824219,95.36000061035156,95.19999694824219,95.3499984741211,1523,0.0,0.0
2024-11-08 14:33:00-05:00,95.37999725341797,95.58000183105469,95.37999725341797,95.5199966430664,2160,0.0,0.0
2024-11-08 14:34:00-05:00,95.62999725341797,95.69000244140625,95.62999725341797,95.69000244140625,1582,0.0,0.0
2024-11-08 14:35:00-05:00,95.7699966430664,95.83000183105469,95.76000213623047,95.83000183105469,3377,0.0,0.0
2024-11-08 14:37:00-05:00,96.0199966430664,96.0199966430664,95.98999786376953,95.99500274658203,692,0.0,0.0
2024-11-08 14:38:00-05:00,95.99500274658203,96.06999969482422,95.99500274658203,96.06999969482422,1058,0.0,0.0
2024-11-08 14:39:00-05:00,95.94999694824219,95.95500183105469,95.86000061035156,95.95500183105469,2744,0.0,0.0
2024-11-08 14:40:00-05:00,95.92500305175781,95.93499755859375,95.83999633789062,95.83999633789062,1696,0.0,0.0
2024-11-08 14:41:00-05:00,96.0,96.06999969482422,95.95999908447266,96.0,2833,0.0,0.0
2024-11-08 14:42:00-05:00,96.0,96.08000183105469,96.0,96.0,1721,0.0,0.0
2024-11-08 14:43:00-05:00,95.94999694824219,95.94999694824219,95.9000015258789,95.91500091552734,1082,0.0,0.0
2024-11-08 14:44:00-05:00,95.87999725341797,95.87999725341797,95.80000305175781,95.86000061035156,1987,0.0,0.0
2024-11-08 14:45:00-05:00,95.83000183105469,95.87000274658203,95.83000183105469,95.87000274658203,937,0.0,0.0
2024-11-08 14:46:00-05:00,95.79000091552734,95.79000091552734,95.79000091552734,95.79000091552734,1259,0.0,0.0
2024-11-08 14:47:00-05:00,95.75,95.83000183105469,95.73500061035156,95.73500061035156,1349,0.0,0.0
2024-11-08 14:48:00-05:00,95.83999633789062,95.83999633789062,95.83999633789062,95.83999633789062,2165,0.0,0.0
2024-11-08 14:49:00-05:00,95.83999633789062,95.83999633789062,95.81999969482422,95.81999969482422,518,0.0,0.0
2024-11-08 14:50:00-05:00,95.83499908447266,95.83499908447266,95.83000183105469,95.83000183105469,565,0.0,0.0
2024-11-08 14:51:00-05:00,95.83499908447266,95.83499908447266,95.83499908447266,95.83499908447266,486,0.0,0.0
2024-11-08 14:52:00-05:00,95.77999877929688,95.77999877929688,95.7699966430664,95.7699966430664,882,0.0,0.0
2024-11-08 14:53:00-05:00,95.75,95.75,95.75,95.75,391,0.0,0.0
2024-11-08 14:54:00-05:00,95.69000244140625,95.76000213623047,95.69000244140625,95.76000213623047,414,0.0,0.0
2024-11-08 14:55:00-05:00,95.69999694824219,95.73999786376953,95.69999694824219,95.73999786376953,437,0.0,0.0
2024-11-08 14:56:00-05:00,95.70999908447266,95.73999786376953,95.69999694824219,95.73999786376953,1496,0.0,0.0
2024-11-08 14:57:00-05:00,95.69999694824219,95.73999786376953,95.68499755859375,95.68499755859375,2339,0.0,0.0
2024-11-08 14:58:00-05:00,95.70999908447266,95.7300033569336,95.70999908447266,95.70999908447266,2031,0.0,0.0
2024-11-08 14:59:00-05:00,95.70999908447266,95.79000091552734,95.70999908447266,95.79000091552734,1015,0.0,0.0
2024-11-08 15:01:00-05:00,95.72000122070312,95.77999877929688,95.72000122070312,95.77999877929688,510,0.0,0.0
2024-11-08 15:02:00-05:00,95.71499633789062,95.79000091552734,95.71499633789062,95.79000091552734,648,0.0,0.0
2024-11-08 15:03:00-05:00,95.7249984741211,95.7249984741211,95.53500366210938,95.53500366210938,3950,0.0,0.0
2024-11-08 15:04:00-05:00,95.5250015258789,95.68000030517578,95.5,95.68000030517578,3892,0.0,0.0
2024-11-08 15:05:00-05:00,95.7300033569336,95.7300033569336,95.7300033569336,95.7300033569336,489,0.0,0.0
2024-11-08 15:06:00-05:00,95.7699966430664,95.8499984741211,95.7699966430664,95.8499984741211,687,0.0,0.0
2024-11-08 15:07:00-05:00,95.94999694824219,96.0,95.94999694824219,96.0,880,0.0,0.0
2024-11-08 15:08:00-05:00,96.0,96.0,95.94999694824219,95.94999694824219,703,0.0,0.0
2024-11-08 15:09:00-05:00,95.95500183105469,95.95500183105469,95.87000274658203,95.87999725341797,2434,0.0,0.0
2024-11-08 15:11:00-05:00,95.88999938964844,95.88999938964844,95.88999938964844,95.88999938964844,5771,0.0,0.0
2024-11-08 15:12:00-05:00,95.81999969482422,95.86000061035156,95.81999969482422,95.84500122070312,1249,0.0,0.0
2024-11-08 15:13:00-05:00,95.80999755859375,95.80999755859375,95.80999755859375,95.80999755859375,570,0.0,0.0
2024-11-08 15:15:00-05:00,95.81500244140625,95.83000183105469,95.7699966430664,95.83000183105469,648,0.0,0.0
2024-11-08 15:16:00-05:00,95.77999877929688,95.77999877929688,95.77999877929688,95.77999877929688,658,0.0,0.0
2024-11-08 15:17:00-05:00,95.9000015258789,96.04000091552734,95.83499908447266,96.01000213623047,4723,0.0,0.0
2024-11-08 15:18:00-05:00,96.04499816894531,96.04499816894531,96.04000091552734,96.04499816894531,407,0.0,0.0
2024-11-08 15:19:00-05:00,96.04000091552734,96.04000091552734,95.91000366210938,95.91000366210938,537,0.0,0.0
2024-11-08 15:20:00-05:00,95.97000122070312,95.97000122070312,95.97000122070312,95.97000122070312,363,0.0,0.0
2024-11-08 15:21:00-05:00,95.91000366210938,95.91000366210938,95.91000366210938,95.91000366210938,2722,0.0,0.0
2024-11-08 15:22:00-05:00,95.91000366210938,95.94000244140625,95.88130187988281,95.88130187988281,1293,0.0,0.0
2024-11-08 15:23:00-05:00,96.0,96.05999755859375,95.93000030517578,96.02999877929688,2204,0.0,0.0
2024-11-08 15:24:00-05:00,96.02999877929688,96.11000061035156,96.02999877929688,96.05500030517578,4081,0.0,0.0
2024-11-08 15:25:00-05:00,96.04499816894531,96.04499816894531,95.98999786376953,96.0,2475,0.0,0.0
2024-11-08 15:26:00-05:00,96.04000091552734,96.04000091552734,96.04000091552734,96.04000091552734,604,0.0,0.0
2024-11-08 15:27:00-05:00,96.04000091552734,96.04000091552734,96.04000091552734,96.04000091552734,825,0.0,0.0
2024-11-08 15:28:00-05:00,96.02999877929688,96.05999755859375,96.0250015258789,96.0250015258789,1802,0.0,0.0
2024-11-08 15:29:00-05:00,96.0,96.0,95.87999725341797,95.8949966430664,3098,0.0,0.0
2024-11-08 15:30:00-05:00,95.94000244140625,95.94000244140625,95.94000244140625,95.94000244140625,836,0.0,0.0
2024-11-08 15:31:00-05:00,95.94000244140625,95.94000244140625,95.93499755859375,95.93499755859375,815,0.0,0.0
2024-11-08 15:32:00-05:00,95.88999938964844,95.94999694824219,95.88999938964844,95.88999938964844,2653,0.0,0.0
2024-11-08 15:33:00-05:00,95.86000061035156,95.90499877929688,95.86000061035156,95.87999725341797,1516,0.0,0.0
2024-11-08 15:34:00-05:00,95.91000366210938,95.94999694824219,95.91000366210938,95.94999694824219,2318,0.0,0.0
2024-11-08 15:36:00-05:00,95.91500091552734,95.91500091552734,95.91500091552734,95.91500091552734,796,0.0,0.0
2024-11-08 15:37:00-05:00,95.91500091552734,95.91500091552734,95.83000183105469,95.83000183105469,2445,0.0,0.0
2024-11-08 15:38:00-05:00,95.84500122070312,95.9000015258789,95.84500122070312,95.88500213623047,4494,0.0,0.0
2024-11-08 15:39:00-05:00,95.87999725341797,95.88999938964844,95.83999633789062,95.88999938964844,1589,0.0,0.0
2024-11-08 15:40:00-05:00,95.88999938964844,95.88999938964844,95.88500213623047,95.88500213623047,1338,0.0,0.0
2024-11-08 15:41:00-05:00,95.88500213623047,95.88500213623047,95.88500213623047,95.88500213623047,383,0.0,0.0
2024-11-08 15:42:00-05:00,95.91999816894531,96.02999877929688,95.90499877929688,95.99500274658203,3788,0.0,0.0
2024-11-08 15:43:00-05:00,95.98999786376953,96.00499725341797,95.92500305175781,96.0,3780,0.0,0.0
2024-11-08 15:44:00-05:00,96.0,96.03500366210938,95.97000122070312,95.9749984741211,3609,0.0,0.0
2024-11-08 15:45:00-05:00,95.98999786376953,95.98999786376953,95.98999786376953,95.98999786376953,1712,0.0,0.0
2024-11-08 15:46:00-05:00,95.98999786376953,96.0199966430664,95.97000122070312,96.0199966430664,2897,0.0,0.0
2024-11-08 15:47:00-05:00,96.0199966430664,96.0199966430664,95.93000030517578,95.93000030517578,3002,0.0,0.0
2024-11-08 15:49:00-05:00,95.94000244140625,96.0,95.9000015258789,96.0,3387,0.0,0.0
2024-11-08 15:50:00-05:00,95.94000244140625,95.95999908447266,95.9000015258789,95.9000015258789,2981,0.0,0.0
2024-11-08 15:51:00-05:00,95.83000183105469,95.94000244140625,95.83000183105469,95.8949966430664,6305,0.0,0.0
2024-11-08 15:52:00-05:00,95.8949966430664,95.9000015258789,95.8499984741211,95.8949966430664,1542,0.0,0.0
2024-11-08 15:53:00-05:00,95.87999725341797,95.9800033569336,95.87999725341797,95.94000244140625,8459,0.0,0.0
2024-11-08 15:54:00-05:00,95.9000015258789,96.04000091552734,95.9000015258789,95.98999786376953,8711,0.0,0.0
2024-11-08 15:55:00-05:00,95.94000244140625,96.01000213623047,95.88999938964844,95.97000122070312,8050,0.0,0.0
2024-11-08 15:56:00-05:00,96.0,96.01000213623047,95.91000366210938,95.95999908447266,7437,0.0,0.0
2024-11-08 15:57:00-05:00,95.94000244140625,96.01000213623047,95.94000244140625,95.98999786376953,11619,0.0,0.0
2024-11-08 15:58:00-05:00,95.96499633789062,96.0199966430664,95.80000305175781,95.82499694824219,17650,0.0,0.0
2024-11-08 15:59:00-05:00,95.80000305175781,95.81999969482422,95.61000061035156,95.62000274658203,28309,0.0,0.0
