Datetime,Open,High,Low,Close,Volume,Dividends,Stock Splits
2024-07-08 09:30:00-04:00,113.23999786376953,113.5,113.19999694824219,113.19999694824219,19143,0.0,0.0
2024-07-08 09:31:00-04:00,113.05999755859375,113.18000030517578,112.9800033569336,113.18000030517578,1274,0.0,0.0
2024-07-08 09:32:00-04:00,112.91000366210938,112.91000366210938,112.68000030517578,112.68000030517578,1508,0.0,0.0
2024-07-08 09:34:00-04:00,112.78500366210938,112.91999816894531,112.78500366210938,112.80000305175781,1613,0.0,0.0
2024-07-08 09:35:00-04:00,112.75,112.75499725341797,112.08000183105469,112.08000183105469,6108,0.0,0.0
2024-07-08 09:36:00-04:00,112.33000183105469,112.56999969482422,112.32499694824219,112.56500244140625,1707,0.0,0.0
2024-07-08 09:37:00-04:00,112.55999755859375,112.55999755859375,112.40499877929688,112.40499877929688,1263,0.0,0.0
2024-07-08 09:38:00-04:00,112.41000366210938,112.41000366210938,112.30000305175781,112.30000305175781,2458,0.0,0.0
2024-07-08 09:39:00-04:00,112.30000305175781,112.30000305175781,112.02999877929688,112.02999877929688,4254,0.0,0.0
2024-07-08 09:40:00-04:00,112.02999877929688,112.02999877929688,111.90499877929688,111.9800033569336,2538,0.0,0.0
2024-07-08 09:41:00-04:00,111.8499984741211,111.8499984741211,111.81999969482422,111.82499694824219,2375,0.0,0.0
2024-07-08 09:42:00-04:00,111.9800033569336,112.08000183105469,111.5199966430664,111.66999816894531,8684,0.0,0.0
2024-07-08 09:43:00-04:00,111.69999694824219,111.69999694824219,111.67500305175781,111.67500305175781,3574,0.0,0.0
2024-07-08 09:44:00-04:00,111.54869842529297,111.7300033569336,111.51000213623047,111.7300033569336,920,0.0,0.0
2024-07-08 09:45:00-04:00,111.6500015258789,111.6500015258789,111.5,111.5,3371,0.0,0.0
2024-07-08 09:46:00-04:00,111.58499908447266,111.58499908447266,111.44000244140625,111.55000305175781,3864,0.0,0.0
2024-07-08 09:47:00-04:00,111.48999786376953,111.48999786376953,111.23999786376953,111.37999725341797,4402,0.0,0.0
2024-07-08 09:48:00-04:00,111.4000015258789,111.58499908447266,111.25,111.47000122070312,5370,0.0,0.0
2024-07-08 09:49:00-04:00,111.52999877929688,111.59880065917969,111.48999786376953,111.59880065917969,1959,0.0,0.0
2024-07-08 09:50:00-04:00,111.44999694824219,111.44999694824219,111.44999694824219,111.44999694824219,3498,0.0,0.0
2024-07-08 09:51:00-04:00,111.38500213623047,111.58000183105469,111.30999755859375,111.56999969482422,4172,0.0,0.0
2024-07-08 09:52:00-04:00,111.41999816894531,111.58000183105469,111.41999816894531,111.56999969482422,2037,0.0,0.0
2024-07-08 09:53:00-04:00,111.49500274658203,111.55000305175781,111.4800033569336,111.55000305175781,1135,0.0,0.0
2024-07-08 09:54:00-04:00,111.51499938964844,111.51499938964844,111.51499938964844,111.51499938964844,798,0.0,0.0
2024-07-08 09:55:00-04:00,111.38999938964844,111.66999816894531,111.38999938964844,111.66999816894531,2855,0.0,0.0
2024-07-08 09:56:00-04:00,111.69999694824219,111.69999694824219,111.41000366210938,111.41000366210938,3240,0.0,0.0
2024-07-08 09:57:00-04:00,111.43000030517578,111.43000030517578,111.20999908447266,111.20999908447266,2268,0.0,0.0
2024-07-08 09:58:00-04:00,111.30000305175781,111.30000305175781,111.25,111.25,819,0.0,0.0
2024-07-08 09:59:00-04:00,111.26000213623047,111.56999969482422,111.25,111.51000213623047,4119,0.0,0.0
2024-07-08 10:00:00-04:00,111.47000122070312,111.47000122070312,111.37000274658203,111.44000244140625,5068,0.0,0.0
2024-07-08 10:01:00-04:00,111.33000183105469,111.5896987915039,111.33000183105469,111.33999633789062,14880,0.0,0.0
2024-07-08 10:02:00-04:00,111.42500305175781,111.42500305175781,111.31999969482422,111.33999633789062,2347,0.0,0.0
2024-07-08 10:03:00-04:00,111.37999725341797,111.56999969482422,111.37999725341797,111.5,3693,0.0,0.0
2024-07-08 10:04:00-04:00,111.56500244140625,111.56500244140625,111.41999816894531,111.44000244140625,2608,0.0,0.0
2024-07-08 10:05:00-04:00,111.50499725341797,111.58999633789062,111.47000122070312,111.58999633789062,2758,0.0,0.0
2024-07-08 10:06:00-04:00,111.54499816894531,111.54499816894531,111.44999694824219,111.45999908447266,2978,0.0,0.0
2024-07-08 10:07:00-04:00,111.41000366210938,111.43810272216797,111.36000061035156,111.4000015258789,2327,0.0,0.0
2024-07-08 10:08:00-04:00,111.36499786376953,111.4000015258789,111.36499786376953,111.4000015258789,865,0.0,0.0
2024-07-08 10:09:00-04:00,111.4000015258789,111.4800033569336,111.36000061035156,111.36000061035156,8580,0.0,0.0
2024-07-08 10:10:00-04:00,111.4000015258789,111.52999877929688,111.27999877929688,111.32499694824219,24387,0.0,0.0
2024-07-08 10:11:00-04:00,111.3499984741211,111.61000061035156,111.32499694824219,111.52999877929688,10532,0.0,0.0
2024-07-08 10:12:00-04:00,111.53500366210938,111.69000244140625,111.53500366210938,111.69000244140625,2150,0.0,0.0
2024-07-08 10:13:00-04:00,111.61000061035156,111.69000244140625,111.59600067138672,111.6449966430664,984,0.0,0.0
2024-07-08 10:14:00-04:00,111.6449966430664,111.7699966430664,111.6449966430664,111.73999786376953,2714,0.0,0.0
2024-07-08 10:15:00-04:00,111.7300033569336,111.79000091552734,111.72000122070312,111.79000091552734,2419,0.0,0.0
2024-07-08 10:16:00-04:00,111.76499938964844,111.83000183105469,111.75,111.77999877929688,5034,0.0,0.0
2024-07-08 10:17:00-04:00,111.7300033569336,111.86000061035156,111.7300033569336,111.77999877929688,4079,0.0,0.0
2024-07-08 10:18:00-04:00,111.82499694824219,111.94000244140625,111.80999755859375,111.80999755859375,1931,0.0,0.0
2024-07-08 10:19:00-04:00,111.83999633789062,111.95500183105469,111.83999633789062,111.88999938964844,3510,0.0,0.0
2024-07-08 10:20:00-04:00,111.88999938964844,111.91500091552734,111.62000274658203,111.62000274658203,11586,0.0,0.0
2024-07-08 10:21:00-04:00,111.6449966430664,111.6449966430664,111.5,111.5,2146,0.0,0.0
2024-07-08 10:22:00-04:00,111.51000213623047,111.51000213623047,111.44999694824219,111.44999694824219,2708,0.0,0.0
2024-07-08 10:23:00-04:00,111.5,111.5199966430664,111.44999694824219,111.5,1756,0.0,0.0
2024-07-08 10:24:00-04:00,111.46499633789062,111.55999755859375,111.45999908447266,111.54499816894531,5596,0.0,0.0
2024-07-08 10:25:00-04:00,111.56999969482422,111.57499694824219,111.5199966430664,111.5199966430664,1081,0.0,0.0
2024-07-08 10:26:00-04:00,111.5,111.68000030517578,111.4800033569336,111.67500305175781,6255,0.0,0.0
2024-07-08 10:27:00-04:00,111.67500305175781,111.67500305175781,111.37999725341797,111.4000015258789,5923,0.0,0.0
2024-07-08 10:28:00-04:00,111.44999694824219,111.44999694824219,111.44999694824219,111.44999694824219,282,0.0,0.0
2024-07-08 10:29:00-04:00,111.41000366210938,111.49500274658203,111.41000366210938,111.45169830322266,1576,0.0,0.0
2024-07-08 10:30:00-04:00,111.5,111.58499908447266,111.44999694824219,111.44999694824219,3377,0.0,0.0
2024-07-08 10:32:00-04:00,111.57499694824219,111.57499694824219,111.44999694824219,111.4749984741211,1834,0.0,0.0
2024-07-08 10:33:00-04:00,111.38999938964844,111.44000244140625,111.38999938964844,111.44000244140625,1765,0.0,0.0
2024-07-08 10:34:00-04:00,111.5,111.62999725341797,111.48999786376953,111.55000305175781,4006,0.0,0.0
2024-07-08 10:35:00-04:00,111.43000030517578,111.48999786376953,111.41999816894531,111.41999816894531,664,0.0,0.0
2024-07-08 10:36:00-04:00,111.41000366210938,111.5,111.37000274658203,111.45999908447266,3520,0.0,0.0
2024-07-08 10:37:00-04:00,111.42500305175781,111.45999908447266,111.38999938964844,111.44000244140625,2192,0.0,0.0
2024-07-08 10:38:00-04:00,111.44000244140625,111.5,111.41999816894531,111.41999816894531,1107,0.0,0.0
2024-07-08 10:39:00-04:00,111.41500091552734,111.41500091552734,111.36000061035156,111.41000366210938,813,0.0,0.0
2024-07-08 10:40:00-04:00,111.45030212402344,111.45030212402344,111.33000183105469,111.33999633789062,1526,0.0,0.0
2024-07-08 10:41:00-04:00,111.29000091552734,111.29000091552734,111.29000091552734,111.29000091552734,615,0.0,0.0
2024-07-08 10:42:00-04:00,111.34500122070312,111.37999725341797,111.30999755859375,111.31999969482422,1650,0.0,0.0
2024-07-08 10:43:00-04:00,111.3550033569336,111.37999725341797,111.29000091552734,111.37999725341797,1383,0.0,0.0
2024-07-08 10:44:00-04:00,111.37000274658203,111.37000274658203,111.30000305175781,111.33000183105469,2216,0.0,0.0
2024-07-08 10:45:00-04:00,111.4000015258789,111.41000366210938,111.33999633789062,111.33999633789062,595,0.0,0.0
2024-07-08 10:46:00-04:00,111.35569763183594,111.43000030517578,111.35569763183594,111.43000030517578,1234,0.0,0.0
2024-07-08 10:47:00-04:00,111.48989868164062,111.52999877929688,111.43000030517578,111.5,2016,0.0,0.0
2024-07-08 10:48:00-04:00,111.5,111.5,111.41999816894531,111.5,1352,0.0,0.0
2024-07-08 10:49:00-04:00,111.38999938964844,111.5,111.37999725341797,111.48999786376953,2684,0.0,0.0
2024-07-08 10:50:00-04:00,111.5,111.58000183105469,111.5,111.55000305175781,1024,0.0,0.0
2024-07-08 10:51:00-04:00,111.58000183105469,111.58000183105469,111.5,111.51000213623047,1804,0.0,0.0
2024-07-08 10:52:00-04:00,111.5,111.5,111.5,111.5,391,0.0,0.0
2024-07-08 10:53:00-04:00,111.5250015258789,111.55999755859375,111.5250015258789,111.55999755859375,639,0.0,0.0
2024-07-08 10:54:00-04:00,111.6061019897461,111.6061019897461,111.47000122070312,111.47000122070312,1968,0.0,0.0
2024-07-08 10:55:00-04:00,111.51000213623047,111.56999969482422,111.29000091552734,111.29000091552734,7907,0.0,0.0
2024-07-08 10:56:00-04:00,111.26000213623047,111.35990142822266,111.26000213623047,111.30000305175781,3052,0.0,0.0
2024-07-08 10:57:00-04:00,111.33999633789062,111.4000015258789,111.26000213623047,111.36000061035156,4515,0.0,0.0
2024-07-08 10:59:00-04:00,111.32499694824219,111.32499694824219,111.32499694824219,111.32499694824219,373,0.0,0.0
2024-07-08 11:00:00-04:00,111.26000213623047,111.31999969482422,111.1500015258789,111.23999786376953,15927,0.0,0.0
2024-07-08 11:01:00-04:00,111.18499755859375,111.20999908447266,111.18499755859375,111.20999908447266,892,0.0,0.0
2024-07-08 11:02:00-04:00,111.22000122070312,111.30000305175781,111.18499755859375,111.2699966430664,3215,0.0,0.0
2024-07-08 11:03:00-04:00,111.33000183105469,111.33000183105469,111.29499816894531,111.29499816894531,325,0.0,0.0
2024-07-08 11:04:00-04:00,111.33999633789062,111.5,111.33999633789062,111.4749984741211,3132,0.0,0.0
2024-07-08 11:05:00-04:00,111.45999908447266,111.52999877929688,111.45999908447266,111.5199966430664,907,0.0,0.0
2024-07-08 11:07:00-04:00,111.49500274658203,111.53500366210938,111.49500274658203,111.52999877929688,5443,0.0,0.0
2024-07-08 11:08:00-04:00,111.48999786376953,111.55000305175781,111.44000244140625,111.44000244140625,4622,0.0,0.0
2024-07-08 11:09:00-04:00,111.48500061035156,111.55999755859375,111.48500061035156,111.55999755859375,1535,0.0,0.0
2024-07-08 11:10:00-04:00,111.58999633789062,111.58999633789062,111.5000991821289,111.5000991821289,546,0.0,0.0
2024-07-08 11:11:00-04:00,111.5,111.5,111.29000091552734,111.33000183105469,4614,0.0,0.0
2024-07-08 11:12:00-04:00,111.25900268554688,111.25900268554688,111.25900268554688,111.25900268554688,1972,0.0,0.0
2024-07-08 11:13:00-04:00,111.22000122070312,111.25,111.18000030517578,111.18499755859375,1610,0.0,0.0
2024-07-08 11:14:00-04:00,111.19999694824219,111.2698974609375,111.19000244140625,111.23500061035156,1839,0.0,0.0
2024-07-08 11:15:00-04:00,111.26000213623047,111.4000015258789,111.25499725341797,111.29000091552734,4609,0.0,0.0
2024-07-08 11:16:00-04:00,111.2300033569336,111.2300033569336,111.16000366210938,111.16500091552734,1550,0.0,0.0
2024-07-08 11:17:00-04:00,111.25,111.26000213623047,111.16999816894531,111.20999908447266,2670,0.0,0.0
2024-07-08 11:18:00-04:00,111.25,111.27999877929688,111.12999725341797,111.12999725341797,3282,0.0,0.0
2024-07-08 11:19:00-04:00,111.10030364990234,111.11499786376953,111.10030364990234,111.11499786376953,582,0.0,0.0
2024-07-08 11:20:00-04:00,111.08999633789062,111.2499008178711,111.08999633789062,111.19999694824219,4512,0.0,0.0
2024-07-08 11:21:00-04:00,111.16000366210938,111.16000366210938,111.16000366210938,111.16000366210938,3413,0.0,0.0
2024-07-08 11:22:00-04:00,111.16999816894531,111.16999816894531,111.0811996459961,111.0811996459961,2332,0.0,0.0
2024-07-08 11:23:00-04:00,111.11499786376953,111.11499786376953,111.11499786376953,111.11499786376953,472,0.0,0.0
2024-07-08 11:24:00-04:00,111.1449966430664,111.18000030517578,111.05000305175781,111.05500030517578,4700,0.0,0.0
2024-07-08 11:25:00-04:00,111.05000305175781,111.08999633789062,111.05000305175781,111.05000305175781,1848,0.0,0.0
2024-07-08 11:26:00-04:00,111.06999969482422,111.06999969482422,111.0199966430664,111.0199966430664,2639,0.0,0.0
2024-07-08 11:27:00-04:00,111.04000091552734,111.20999908447266,111.04000091552734,111.19000244140625,4954,0.0,0.0
2024-07-08 11:28:00-04:00,111.25,111.2750015258789,111.19499969482422,111.2750015258789,1840,0.0,0.0
2024-07-08 11:29:00-04:00,111.27999877929688,111.30999755859375,111.27999877929688,111.27999877929688,1429,0.0,0.0
2024-07-08 11:30:00-04:00,111.26000213623047,111.2699966430664,111.12999725341797,111.12999725341797,2714,0.0,0.0
2024-07-08 11:31:00-04:00,111.05500030517578,111.08999633789062,111.0,111.08999633789062,2716,0.0,0.0
2024-07-08 11:32:00-04:00,111.04000091552734,111.12000274658203,111.0,111.11499786376953,4708,0.0,0.0
2024-07-08 11:33:00-04:00,111.08999633789062,111.12000274658203,111.00599670410156,111.02999877929688,3700,0.0,0.0
2024-07-08 11:34:00-04:00,111.04000091552734,111.04499816894531,111.0,111.0,3693,0.0,0.0
2024-07-08 11:35:00-04:00,110.97000122070312,111.01000213623047,110.91999816894531,110.95999908447266,3504,0.0,0.0
2024-07-08 11:36:00-04:00,111.0,111.0,110.80999755859375,110.9000015258789,3740,0.0,0.0
2024-07-08 11:37:00-04:00,110.875,110.93000030517578,110.87010192871094,110.87010192871094,1653,0.0,0.0
2024-07-08 11:38:00-04:00,110.87000274658203,110.91000366210938,110.81600189208984,110.81600189208984,1086,0.0,0.0
2024-07-08 11:39:00-04:00,110.86499786376953,110.875,110.79499816894531,110.8499984741211,3034,0.0,0.0
2024-07-08 11:40:00-04:00,110.77999877929688,110.81999969482422,110.75,110.81999969482422,1938,0.0,0.0
2024-07-08 11:41:00-04:00,110.73999786376953,110.73999786376953,110.73999786376953,110.73999786376953,796,0.0,0.0
2024-07-08 11:42:00-04:00,110.70999908447266,110.79000091552734,110.70999908447266,110.79000091552734,915,0.0,0.0
2024-07-08 11:43:00-04:00,110.80999755859375,110.81999969482422,110.80999755859375,110.81999969482422,1653,0.0,0.0
2024-07-08 11:44:00-04:00,110.87999725341797,110.87999725341797,110.73999786376953,110.73999786376953,2402,0.0,0.0
2024-07-08 11:45:00-04:00,110.7699966430664,110.83000183105469,110.75,110.75,3477,0.0,0.0
2024-07-08 11:46:00-04:00,110.80000305175781,110.80000305175781,110.70999908447266,110.70999908447266,11085,0.0,0.0
2024-07-08 11:47:00-04:00,110.71499633789062,110.71499633789062,110.68000030517578,110.68000030517578,3468,0.0,0.0
2024-07-08 11:48:00-04:00,110.7300033569336,110.83999633789062,110.7249984741211,110.81999969482422,4848,0.0,0.0
2024-07-08 11:49:00-04:00,110.79499816894531,110.83999633789062,110.79499816894531,110.80000305175781,1923,0.0,0.0
2024-07-08 11:50:00-04:00,110.84700012207031,110.87000274658203,110.80999755859375,110.87000274658203,1664,0.0,0.0
2024-07-08 11:51:00-04:00,110.88500213623047,110.93000030517578,110.8499984741211,110.8499984741211,3308,0.0,0.0
2024-07-08 11:52:00-04:00,110.91000366210938,110.91000366210938,110.81999969482422,110.86000061035156,2517,0.0,0.0
2024-07-08 11:53:00-04:00,110.8499984741211,110.86000061035156,110.8499984741211,110.86000061035156,1365,0.0,0.0
2024-07-08 11:54:00-04:00,110.8499984741211,110.88999938964844,110.80000305175781,110.88249969482422,2683,0.0,0.0
2024-07-08 11:55:00-04:00,110.94000244140625,110.94000244140625,110.94000244140625,110.94000244140625,740,0.0,0.0
2024-07-08 11:56:00-04:00,110.88999938964844,110.88999938964844,110.83000183105469,110.8499984741211,3000,0.0,0.0
2024-07-08 11:57:00-04:00,110.8550033569336,110.8550033569336,110.74600219726562,110.81999969482422,19814,0.0,0.0
2024-07-08 11:58:00-04:00,110.83000183105469,110.83000183105469,110.6500015258789,110.6500015258789,6955,0.0,0.0
2024-07-08 11:59:00-04:00,110.68499755859375,110.68499755859375,110.68499755859375,110.68499755859375,1398,0.0,0.0
2024-07-08 12:00:00-04:00,110.73999786376953,110.8499984741211,110.73999786376953,110.83000183105469,4035,0.0,0.0
2024-07-08 12:01:00-04:00,110.8499984741211,110.8499984741211,110.81999969482422,110.81999969482422,360,0.0,0.0
2024-07-08 12:02:00-04:00,110.79000091552734,110.94999694824219,110.7699966430664,110.93499755859375,8429,0.0,0.0
2024-07-08 12:03:00-04:00,110.92500305175781,110.92500305175781,110.92500305175781,110.92500305175781,722,0.0,0.0
2024-07-08 12:04:00-04:00,110.93499755859375,111.02999877929688,110.93499755859375,110.9749984741211,1890,0.0,0.0
2024-07-08 12:05:00-04:00,111.04000091552734,111.05999755859375,111.0199966430664,111.0199966430664,1119,0.0,0.0
2024-07-08 12:06:00-04:00,111.05999755859375,111.10990142822266,110.95010375976562,111.10990142822266,9867,0.0,0.0
2024-07-08 12:07:00-04:00,111.06999969482422,111.11000061035156,111.04000091552734,111.08999633789062,2980,0.0,0.0
2024-07-08 12:09:00-04:00,111.11499786376953,111.11499786376953,111.08000183105469,111.08999633789062,2120,0.0,0.0
2024-07-08 12:10:00-04:00,111.06999969482422,111.1500015258789,111.05999755859375,111.1500015258789,3189,0.0,0.0
2024-07-08 12:11:00-04:00,111.18000030517578,111.18000030517578,111.0999984741211,111.0999984741211,1078,0.0,0.0
2024-07-08 12:12:00-04:00,111.0999984741211,111.16000366210938,111.06999969482422,111.06999969482422,1935,0.0,0.0
2024-07-08 12:13:00-04:00,111.05999755859375,111.06999969482422,111.05999755859375,111.05999755859375,849,0.0,0.0
2024-07-08 12:14:00-04:00,111.0999984741211,111.0999984741211,111.06999969482422,111.06999969482422,384,0.0,0.0
2024-07-08 12:15:00-04:00,111.08000183105469,111.08000183105469,111.0427017211914,111.0427017211914,577,0.0,0.0
2024-07-08 12:16:00-04:00,111.05999755859375,111.16000366210938,111.05999755859375,111.16000366210938,2880,0.0,0.0
2024-07-08 12:17:00-04:00,111.12000274658203,111.18000030517578,111.08999633789062,111.18000030517578,4110,0.0,0.0
2024-07-08 12:18:00-04:00,111.0999984741211,111.25,111.0999984741211,111.25,2268,0.0,0.0
2024-07-08 12:19:00-04:00,111.25,111.29000091552734,111.25,111.29000091552734,1358,0.0,0.0
2024-07-08 12:20:00-04:00,111.26000213623047,111.33000183105469,111.26000213623047,111.30000305175781,2524,0.0,0.0
2024-07-08 12:21:00-04:00,111.30999755859375,111.37999725341797,111.2699966430664,111.37999725341797,2889,0.0,0.0
2024-07-08 12:22:00-04:00,111.375,111.375,111.375,111.375,902,0.0,0.0
2024-07-08 12:23:00-04:00,111.30999755859375,111.34500122070312,111.19000244140625,111.2300033569336,5567,0.0,0.0
2024-07-08 12:24:00-04:00,111.27989959716797,111.27989959716797,111.22000122070312,111.22000122070312,631,0.0,0.0
2024-07-08 12:25:00-04:00,111.23999786376953,111.30999755859375,111.19999694824219,111.19999694824219,2504,0.0,0.0
2024-07-08 12:26:00-04:00,111.2699966430664,111.30000305175781,111.23760223388672,111.2699966430664,1337,0.0,0.0
2024-07-08 12:27:00-04:00,111.27690124511719,111.30000305175781,111.20999908447266,111.20999908447266,1826,0.0,0.0
2024-07-08 12:28:00-04:00,111.19000244140625,111.22000122070312,111.18499755859375,111.19000244140625,2296,0.0,0.0
2024-07-08 12:30:00-04:00,111.1500015258789,111.17500305175781,111.12000274658203,111.12000274658203,952,0.0,0.0
2024-07-08 12:31:00-04:00,111.12000274658203,111.19000244140625,111.12000274658203,111.1449966430664,1882,0.0,0.0
2024-07-08 12:32:00-04:00,111.16999816894531,111.16999816894531,111.16999816894531,111.16999816894531,208,0.0,0.0
2024-07-08 12:33:00-04:00,111.16999816894531,111.31999969482422,111.16999816894531,111.31999969482422,4189,0.0,0.0
2024-07-08 12:34:00-04:00,111.2750015258789,111.33499908447266,111.2750015258789,111.33499908447266,3375,0.0,0.0
2024-07-08 12:35:00-04:00,111.37000274658203,111.43000030517578,111.36000061035156,111.43000030517578,1205,0.0,0.0
2024-07-08 12:36:00-04:00,111.44999694824219,111.46499633789062,111.38999938964844,111.38999938964844,3449,0.0,0.0
2024-07-08 12:38:00-04:00,111.41500091552734,111.44999694824219,111.41500091552734,111.44999694824219,1853,0.0,0.0
2024-07-08 12:40:00-04:00,111.44000244140625,111.45500183105469,111.41999816894531,111.43499755859375,980,0.0,0.0
2024-07-08 12:41:00-04:00,111.44000244140625,111.44000244140625,111.44000244140625,111.44000244140625,1301,0.0,0.0
2024-07-08 12:42:00-04:00,111.48999786376953,111.48999786376953,111.44499969482422,111.45500183105469,1886,0.0,0.0
2024-07-08 12:43:00-04:00,111.45999908447266,111.54000091552734,111.44000244140625,111.5199966430664,3173,0.0,0.0
2024-07-08 12:44:00-04:00,111.54000091552734,111.54000091552734,111.48999786376953,111.54000091552734,2632,0.0,0.0
2024-07-08 12:45:00-04:00,111.54000091552734,111.58999633789062,111.54000091552734,111.58999633789062,1410,0.0,0.0
2024-07-08 12:46:00-04:00,111.55999755859375,111.66000366210938,111.55999755859375,111.66000366210938,2405,0.0,0.0
2024-07-08 12:47:00-04:00,111.66999816894531,111.66999816894531,111.65660095214844,111.66000366210938,3638,0.0,0.0
2024-07-08 12:48:00-04:00,111.62000274658203,111.62999725341797,111.52999877929688,111.56500244140625,3144,0.0,0.0
2024-07-08 12:49:00-04:00,111.5,111.5,111.47000122070312,111.47000122070312,2626,0.0,0.0
2024-07-08 12:50:00-04:00,111.4800033569336,111.4800033569336,111.47579956054688,111.47579956054688,878,0.0,0.0
2024-07-08 12:51:00-04:00,111.41000366210938,111.41000366210938,111.41000366210938,111.41000366210938,362,0.0,0.0
2024-07-08 12:52:00-04:00,111.3949966430664,111.3949966430664,111.3949966430664,111.3949966430664,558,0.0,0.0
2024-07-08 12:53:00-04:00,111.43000030517578,111.44000244140625,111.41000366210938,111.42500305175781,1248,0.0,0.0
2024-07-08 12:54:00-04:00,111.42500305175781,111.42500305175781,111.38999938964844,111.41000366210938,1147,0.0,0.0
2024-07-08 12:55:00-04:00,111.41500091552734,111.41500091552734,111.37999725341797,111.37999725341797,1453,0.0,0.0
2024-07-08 12:56:00-04:00,111.41000366210938,111.41000366210938,111.37999725341797,111.37999725341797,886,0.0,0.0
2024-07-08 12:57:00-04:00,111.41000366210938,111.41000366210938,111.37000274658203,111.37000274658203,1648,0.0,0.0
2024-07-08 12:58:00-04:00,111.3949966430664,111.4000015258789,111.37000274658203,111.4000015258789,1486,0.0,0.0
2024-07-08 12:59:00-04:00,111.40499877929688,111.44999694824219,111.40499877929688,111.43000030517578,2274,0.0,0.0
2024-07-08 13:00:00-04:00,111.42500305175781,111.42500305175781,111.42500305175781,111.42500305175781,630,0.0,0.0
2024-07-08 13:01:00-04:00,111.37000274658203,111.4000015258789,111.31999969482422,111.33499908447266,2395,0.0,0.0
2024-07-08 13:02:00-04:00,111.28500366210938,111.30999755859375,111.28500366210938,111.28500366210938,586,0.0,0.0
2024-07-08 13:03:00-04:00,111.27999877929688,111.33000183105469,111.25,111.33000183105469,2893,0.0,0.0
2024-07-08 13:04:00-04:00,111.29499816894531,111.29499816894531,111.26000213623047,111.29499816894531,3755,0.0,0.0
2024-07-08 13:05:00-04:00,111.30000305175781,111.33999633789062,111.30000305175781,111.33999633789062,2106,0.0,0.0
2024-07-08 13:06:00-04:00,111.30500030517578,111.30500030517578,111.30500030517578,111.30500030517578,974,0.0,0.0
2024-07-08 13:07:00-04:00,111.31500244140625,111.3499984741211,111.31500244140625,111.3499984741211,1712,0.0,0.0
2024-07-08 13:08:00-04:00,111.29000091552734,111.31999969482422,111.29000091552734,111.31999969482422,606,0.0,0.0
2024-07-08 13:09:00-04:00,111.30000305175781,111.36000061035156,111.29000091552734,111.3550033569336,1997,0.0,0.0
2024-07-08 13:11:00-04:00,111.30000305175781,111.30000305175781,111.23999786376953,111.28500366210938,2823,0.0,0.0
2024-07-08 13:12:00-04:00,111.23999786376953,111.26000213623047,111.23999786376953,111.26000213623047,614,0.0,0.0
2024-07-08 13:14:00-04:00,111.25499725341797,111.25499725341797,111.22000122070312,111.22000122070312,780,0.0,0.0
2024-07-08 13:15:00-04:00,111.19999694824219,111.21499633789062,111.19999694824219,111.21499633789062,1627,0.0,0.0
2024-07-08 13:17:00-04:00,111.16999816894531,111.16999816894531,111.16000366210938,111.16000366210938,1340,0.0,0.0
2024-07-08 13:18:00-04:00,111.19049835205078,111.23999786376953,111.19000244140625,111.19000244140625,4461,0.0,0.0
2024-07-08 13:19:00-04:00,111.19049835205078,111.26000213623047,111.19049835205078,111.2300033569336,7825,0.0,0.0
2024-07-08 13:20:00-04:00,111.18000030517578,111.2300033569336,111.18000030517578,111.2300033569336,1162,0.0,0.0
2024-07-08 13:21:00-04:00,111.23999786376953,111.23999786376953,111.23999786376953,111.23999786376953,272,0.0,0.0
2024-07-08 13:22:00-04:00,111.19999694824219,111.22000122070312,111.1500015258789,111.16999816894531,2615,0.0,0.0
2024-07-08 13:23:00-04:00,111.16999816894531,111.17500305175781,111.16999816894531,111.17500305175781,993,0.0,0.0
2024-07-08 13:24:00-04:00,111.12999725341797,111.12999725341797,111.12000274658203,111.12000274658203,975,0.0,0.0
2024-07-08 13:25:00-04:00,111.18000030517578,111.18000030517578,111.13999938964844,111.16999816894531,3024,0.0,0.0
2024-07-08 13:26:00-04:00,111.17500305175781,111.33000183105469,111.17500305175781,111.32499694824219,3280,0.0,0.0
2024-07-08 13:27:00-04:00,111.32499694824219,111.33000183105469,111.2699966430664,111.28500366210938,2672,0.0,0.0
2024-07-08 13:28:00-04:00,111.19000244140625,111.25499725341797,111.19000244140625,111.25499725341797,469,0.0,0.0
2024-07-08 13:29:00-04:00,111.24500274658203,111.27999877929688,111.21009826660156,111.2699966430664,1929,0.0,0.0
2024-07-08 13:30:00-04:00,111.26000213623047,111.31999969482422,111.25,111.25,3520,0.0,0.0
2024-07-08 13:31:00-04:00,111.23999786376953,111.29000091552734,111.23999786376953,111.29000091552734,1535,0.0,0.0
2024-07-08 13:33:00-04:00,111.26000213623047,111.32990264892578,111.26000213623047,111.32990264892578,1993,0.0,0.0
2024-07-08 13:34:00-04:00,111.33000183105469,111.38500213623047,111.33000183105469,111.33999633789062,3786,0.0,0.0
2024-07-08 13:35:00-04:00,111.42500305175781,111.5,111.42500305175781,111.48999786376953,1772,0.0,0.0
2024-07-08 13:36:00-04:00,111.5199966430664,111.5199966430664,111.5199966430664,111.5199966430664,541,0.0,0.0
2024-07-08 13:37:00-04:00,111.5250015258789,111.56999969482422,111.47000122070312,111.47000122070312,2689,0.0,0.0
2024-07-08 13:38:00-04:00,111.45999908447266,111.5250015258789,111.45999908447266,111.51499938964844,1251,0.0,0.0
2024-07-08 13:39:00-04:00,111.48999786376953,111.48999786376953,111.48999786376953,111.48999786376953,274,0.0,0.0
2024-07-08 13:40:00-04:00,111.51000213623047,111.51000213623047,111.30000305175781,111.30000305175781,16633,0.0,0.0
2024-07-08 13:41:00-04:00,111.3499984741211,111.36000061035156,111.2699966430664,111.33499908447266,4416,0.0,0.0
2024-07-08 13:42:00-04:00,111.33000183105469,111.33000183105469,111.30999755859375,111.30999755859375,764,0.0,0.0
2024-07-08 13:43:00-04:00,111.30999755859375,111.30999755859375,111.12999725341797,111.13999938964844,3723,0.0,0.0
2024-07-08 13:44:00-04:00,111.19000244140625,111.19000244140625,111.19000244140625,111.19000244140625,671,0.0,0.0
2024-07-08 13:45:00-04:00,111.12999725341797,111.12999725341797,111.0999984741211,111.12000274658203,1741,0.0,0.0
2024-07-08 13:46:00-04:00,111.08999633789062,111.12000274658203,111.08000183105469,111.08000183105469,1479,0.0,0.0
2024-07-08 13:47:00-04:00,111.06999969482422,111.08499908447266,111.02999877929688,111.02999877929688,1880,0.0,0.0
2024-07-08 13:48:00-04:00,111.01000213623047,111.04000091552734,111.01000213623047,111.02999877929688,1043,0.0,0.0
2024-07-08 13:49:00-04:00,111.03500366210938,111.05000305175781,111.0,111.04000091552734,2504,0.0,0.0
2024-07-08 13:50:00-04:00,111.02999877929688,111.12999725341797,111.0199966430664,111.06999969482422,11911,0.0,0.0
2024-07-08 13:51:00-04:00,111.0999984741211,111.0999984741211,111.04000091552734,111.04000091552734,3613,0.0,0.0
2024-07-08 13:52:00-04:00,111.05000305175781,111.05000305175781,111.01000213623047,111.01000213623047,819,0.0,0.0
2024-07-08 13:53:00-04:00,111.05999755859375,111.05999755859375,110.98999786376953,111.0,3710,0.0,0.0
2024-07-08 13:54:00-04:00,110.93000030517578,110.98660278320312,110.93000030517578,110.98660278320312,1716,0.0,0.0
2024-07-08 13:55:00-04:00,111.0198974609375,111.0198974609375,110.93000030517578,110.95500183105469,2081,0.0,0.0
2024-07-08 13:56:00-04:00,110.94999694824219,110.9800033569336,110.94000244140625,110.97000122070312,2256,0.0,0.0
2024-07-08 13:57:00-04:00,110.94999694824219,110.94999694824219,110.92749786376953,110.92749786376953,565,0.0,0.0
2024-07-08 13:58:00-04:00,110.94000244140625,110.97000122070312,110.94000244140625,110.97000122070312,1560,0.0,0.0
2024-07-08 13:59:00-04:00,110.95500183105469,111.0250015258789,110.95500183105469,111.0,3086,0.0,0.0
2024-07-08 14:00:00-04:00,111.02999877929688,111.02999877929688,110.98999786376953,111.01000213623047,1847,0.0,0.0
2024-07-08 14:01:00-04:00,110.91000366210938,110.94999694824219,110.8499984741211,110.94999694824219,3173,0.0,0.0
2024-07-08 14:02:00-04:00,110.90249633789062,110.90249633789062,110.90249633789062,110.90249633789062,588,0.0,0.0
2024-07-08 14:03:00-04:00,110.90499877929688,110.90499877929688,110.90499877929688,110.90499877929688,719,0.0,0.0
2024-07-08 14:04:00-04:00,110.90499877929688,110.91999816894531,110.90499877929688,110.90579986572266,2773,0.0,0.0
2024-07-08 14:05:00-04:00,110.8949966430664,110.94249725341797,110.8949966430664,110.94249725341797,1381,0.0,0.0
2024-07-08 14:06:00-04:00,110.91010284423828,110.91010284423828,110.91010284423828,110.91010284423828,504,0.0,0.0
2024-07-08 14:07:00-04:00,110.91999816894531,110.94000244140625,110.9000015258789,110.91500091552734,2716,0.0,0.0
2024-07-08 14:08:00-04:00,110.87999725341797,110.91999816894531,110.8499984741211,110.86000061035156,3279,0.0,0.0
2024-07-08 14:09:00-04:00,110.87000274658203,110.87000274658203,110.79000091552734,110.79000091552734,7215,0.0,0.0
2024-07-08 14:10:00-04:00,110.79000091552734,110.83999633789062,110.79000091552734,110.80349731445312,1822,0.0,0.0
2024-07-08 14:11:00-04:00,110.86000061035156,110.86000061035156,110.76000213623047,110.7750015258789,959,0.0,0.0
2024-07-08 14:12:00-04:00,110.7699966430664,110.81999969482422,110.7699966430664,110.79010009765625,2295,0.0,0.0
2024-07-08 14:13:00-04:00,110.82499694824219,110.83000183105469,110.79010009765625,110.83000183105469,827,0.0,0.0
2024-07-08 14:14:00-04:00,110.83000183105469,110.83000183105469,110.75,110.7750015258789,3147,0.0,0.0
2024-07-08 14:15:00-04:00,110.7750015258789,110.80000305175781,110.73500061035156,110.75,5939,0.0,0.0
2024-07-08 14:16:00-04:00,110.7750015258789,110.80000305175781,110.73999786376953,110.76930236816406,6942,0.0,0.0
2024-07-08 14:17:00-04:00,110.79000091552734,110.83999633789062,110.79000091552734,110.83999633789062,2885,0.0,0.0
2024-07-08 14:18:00-04:00,110.8499984741211,110.8499984741211,110.80999755859375,110.80999755859375,1359,0.0,0.0
2024-07-08 14:19:00-04:00,110.82499694824219,110.87000274658203,110.81999969482422,110.83999633789062,2799,0.0,0.0
2024-07-08 14:20:00-04:00,110.8499984741211,110.91999816894531,110.8499984741211,110.87999725341797,1929,0.0,0.0
2024-07-08 14:21:00-04:00,110.87999725341797,110.87999725341797,110.83999633789062,110.86000061035156,2727,0.0,0.0
2024-07-08 14:22:00-04:00,110.87000274658203,110.87000274658203,110.86000061035156,110.86000061035156,386,0.0,0.0
2024-07-08 14:23:00-04:00,110.8499984741211,110.875,110.8499984741211,110.875,660,0.0,0.0
2024-07-08 14:24:00-04:00,110.875,110.93000030517578,110.875,110.87999725341797,1597,0.0,0.0
2024-07-08 14:25:00-04:00,110.91000366210938,110.93000030517578,110.87000274658203,110.93000030517578,960,0.0,0.0
2024-07-08 14:26:00-04:00,110.91000366210938,111.0,110.91000366210938,110.98999786376953,3838,0.0,0.0
2024-07-08 14:27:00-04:00,110.94999694824219,110.97000122070312,110.91999816894531,110.94499969482422,1981,0.0,0.0
2024-07-08 14:28:00-04:00,110.91000366210938,110.91999816894531,110.91000366210938,110.91000366210938,584,0.0,0.0
2024-07-08 14:29:00-04:00,110.91000366210938,110.94000244140625,110.91000366210938,110.91999816894531,999,0.0,0.0
2024-07-08 14:30:00-04:00,110.91000366210938,110.91000366210938,110.91000366210938,110.91000366210938,810,0.0,0.0
2024-07-08 14:31:00-04:00,110.97000122070312,111.01000213623047,110.95999908447266,111.01000213623047,1671,0.0,0.0
2024-07-08 14:32:00-04:00,111.01000213623047,111.01000213623047,111.0,111.0,811,0.0,0.0
2024-07-08 14:33:00-04:00,111.0199966430664,111.02999877929688,110.94999694824219,110.97000122070312,3558,0.0,0.0
2024-07-08 14:35:00-04:00,110.97000122070312,110.97000122070312,110.94000244140625,110.94000244140625,2243,0.0,0.0
2024-07-08 14:36:00-04:00,110.94000244140625,111.01000213623047,110.93499755859375,110.9800033569336,4833,0.0,0.0
2024-07-08 14:37:00-04:00,110.94499969482422,110.94999694824219,110.91000366210938,110.91000366210938,1840,0.0,0.0
2024-07-08 14:39:00-04:00,110.93000030517578,110.97000122070312,110.91000366210938,110.97000122070312,1231,0.0,0.0
2024-07-08 14:40:00-04:00,110.95500183105469,110.9800033569336,110.95500183105469,110.95500183105469,1634,0.0,0.0
2024-07-08 14:41:00-04:00,110.97000122070312,110.97000122070312,110.95500183105469,110.95999908447266,353,0.0,0.0
2024-07-08 14:42:00-04:00,110.95500183105469,111.0,110.83000183105469,110.83499908447266,4882,0.0,0.0
2024-07-08 14:43:00-04:00,110.87000274658203,110.88999938964844,110.87000274658203,110.88999938964844,1331,0.0,0.0
2024-07-08 14:44:00-04:00,110.87899780273438,110.90499877929688,110.87899780273438,110.90499877929688,459,0.0,0.0
2024-07-08 14:45:00-04:00,110.87999725341797,110.87999725341797,110.8499984741211,110.85859680175781,1640,0.0,0.0
2024-07-08 14:46:00-04:00,110.86000061035156,110.86000061035156,110.79000091552734,110.83000183105469,2024,0.0,0.0
2024-07-08 14:47:00-04:00,110.94999694824219,110.94999694824219,110.94499969482422,110.94499969482422,803,0.0,0.0
2024-07-08 14:48:00-04:00,110.93000030517578,110.94499969482422,110.93000030517578,110.94499969482422,589,0.0,0.0
2024-07-08 14:49:00-04:00,110.94499969482422,111.0,110.94499969482422,110.96499633789062,2954,0.0,0.0
2024-07-08 14:50:00-04:00,110.94499969482422,110.94499969482422,110.93499755859375,110.93499755859375,744,0.0,0.0
2024-07-08 14:51:00-04:00,111.0,111.02999877929688,111.0,111.02999877929688,1336,0.0,0.0
2024-07-08 14:52:00-04:00,111.03500366210938,111.03500366210938,111.01499938964844,111.01499938964844,1357,0.0,0.0
2024-07-08 14:53:00-04:00,111.0199966430664,111.0199966430664,111.0199966430664,111.0199966430664,878,0.0,0.0
2024-07-08 14:54:00-04:00,111.0,111.0,110.95999908447266,110.95999908447266,1119,0.0,0.0
2024-07-08 14:55:00-04:00,111.0,111.0,110.94999694824219,110.94999694824219,685,0.0,0.0
2024-07-08 14:56:00-04:00,111.0,111.0,111.0,111.0,954,0.0,0.0
2024-07-08 14:57:00-04:00,111.0,111.0199966430664,111.0,111.0199966430664,1520,0.0,0.0
2024-07-08 14:58:00-04:00,111.05000305175781,111.05000305175781,110.97000122070312,110.97000122070312,2761,0.0,0.0
2024-07-08 14:59:00-04:00,110.97000122070312,110.97000122070312,110.95999908447266,110.95999908447266,1403,0.0,0.0
2024-07-08 15:00:00-04:00,110.94999694824219,110.9800033569336,110.94999694824219,110.95999908447266,1986,0.0,0.0
2024-07-08 15:01:00-04:00,111.0,111.0199966430664,110.98999786376953,111.01499938964844,15239,0.0,0.0
2024-07-08 15:02:00-04:00,111.0199966430664,111.0199966430664,111.0,111.0,1752,0.0,0.0
2024-07-08 15:03:00-04:00,111.0199966430664,111.0199966430664,111.0199966430664,111.0199966430664,0,0.0,0.0
2024-07-08 15:04:00-04:00,111.04000091552734,111.04000091552734,111.0103988647461,111.03340148925781,1478,0.0,0.0
2024-07-08 15:05:00-04:00,111.04000091552734,111.07499694824219,111.04000091552734,111.07499694824219,1012,0.0,0.0
2024-07-08 15:06:00-04:00,111.04000091552734,111.04000091552734,111.02999877929688,111.02999877929688,1430,0.0,0.0
2024-07-08 15:07:00-04:00,111.04000091552734,111.04000091552734,110.94000244140625,110.94499969482422,3651,0.0,0.0
2024-07-08 15:08:00-04:00,110.91999816894531,110.91999816894531,110.88999938964844,110.88999938964844,1136,0.0,0.0
2024-07-08 15:09:00-04:00,110.9000015258789,110.9000015258789,110.87000274658203,110.87000274658203,2073,0.0,0.0
2024-07-08 15:10:00-04:00,110.86000061035156,110.89199829101562,110.8499984741211,110.87999725341797,2846,0.0,0.0
2024-07-08 15:11:00-04:00,110.9000015258789,110.94999694824219,110.9000015258789,110.94999694824219,2197,0.0,0.0
2024-07-08 15:12:00-04:00,110.94499969482422,110.94499969482422,110.91000366210938,110.91000366210938,1188,0.0,0.0
2024-07-08 15:13:00-04:00,110.94999694824219,110.94999694824219,110.87999725341797,110.87999725341797,2901,0.0,0.0
2024-07-08 15:14:00-04:00,110.95999908447266,110.9800033569336,110.91000366210938,110.91000366210938,2453,0.0,0.0
2024-07-08 15:15:00-04:00,110.88999938964844,110.91000366210938,110.88999938964844,110.89600372314453,1240,0.0,0.0
2024-07-08 15:16:00-04:00,110.87999725341797,110.87999725341797,110.8499984741211,110.85350036621094,1154,0.0,0.0
2024-07-08 15:17:00-04:00,110.87249755859375,110.91000366210938,110.87000274658203,110.91000366210938,2230,0.0,0.0
2024-07-08 15:18:00-04:00,110.9000015258789,110.91999816894531,110.88999938964844,110.91999816894531,2234,0.0,0.0
2024-07-08 15:19:00-04:00,110.93000030517578,110.93499755859375,110.93000030517578,110.93499755859375,359,0.0,0.0
2024-07-08 15:20:00-04:00,110.91000366210938,110.93000030517578,110.91000366210938,110.93000030517578,1119,0.0,0.0
2024-07-08 15:21:00-04:00,110.91000366210938,110.92500305175781,110.91000366210938,110.92500305175781,1482,0.0,0.0
2024-07-08 15:22:00-04:00,110.91000366210938,110.95999908447266,110.91000366210938,110.93000030517578,2632,0.0,0.0
2024-07-08 15:23:00-04:00,110.91000366210938,110.91000366210938,110.91000366210938,110.91000366210938,1693,0.0,0.0
2024-07-08 15:24:00-04:00,110.93499755859375,110.95469665527344,110.91999816894531,110.91999816894531,1990,0.0,0.0
2024-07-08 15:25:00-04:00,110.91999816894531,110.91999816894531,110.91999816894531,110.91999816894531,1208,0.0,0.0
2024-07-08 15:26:00-04:00,110.86000061035156,110.93000030517578,110.86000061035156,110.90989685058594,3164,0.0,0.0
2024-07-08 15:27:00-04:00,110.91000366210938,110.93000030517578,110.91000366210938,110.91500091552734,1492,0.0,0.0
2024-07-08 15:28:00-04:00,110.91999816894531,110.93000030517578,110.86000061035156,110.86000061035156,3997,0.0,0.0
2024-07-08 15:29:00-04:00,110.88999938964844,110.9000015258789,110.87000274658203,110.9000015258789,5860,0.0,0.0
2024-07-08 15:30:00-04:00,110.8499984741211,110.8499984741211,110.80999755859375,110.83000183105469,4215,0.0,0.0
2024-07-08 15:31:00-04:00,110.87000274658203,110.89990234375,110.75,110.77999877929688,4270,0.0,0.0
2024-07-08 15:32:00-04:00,110.81999969482422,110.86000061035156,110.81999969482422,110.81999969482422,2758,0.0,0.0
2024-07-08 15:33:00-04:00,110.83999633789062,110.86000061035156,110.83999633789062,110.86000061035156,2392,0.0,0.0
2024-07-08 15:34:00-04:00,110.86000061035156,110.86000061035156,110.8499984741211,110.8499984741211,2802,0.0,0.0
2024-07-08 15:35:00-04:00,110.83999633789062,110.83999633789062,110.83999633789062,110.83999633789062,931,0.0,0.0
2024-07-08 15:36:00-04:00,110.83000183105469,110.89230346679688,110.81999969482422,110.89230346679688,3005,0.0,0.0
2024-07-08 15:37:00-04:00,110.88279724121094,110.9000015258789,110.86139678955078,110.9000015258789,1773,0.0,0.0
2024-07-08 15:38:00-04:00,110.9000015258789,110.96499633789062,110.86000061035156,110.96499633789062,10220,0.0,0.0
2024-07-08 15:39:00-04:00,110.97000122070312,110.97000122070312,110.93000030517578,110.93000030517578,3271,0.0,0.0
2024-07-08 15:40:00-04:00,110.93499755859375,110.9800033569336,110.91390228271484,110.9259033203125,3934,0.0,0.0
2024-07-08 15:41:00-04:00,110.91000366210938,110.94999694824219,110.9000015258789,110.94999694824219,1673,0.0,0.0
2024-07-08 15:42:00-04:00,110.93000030517578,110.9800033569336,110.91500091552734,110.95680236816406,3984,0.0,0.0
2024-07-08 15:43:00-04:00,110.94999694824219,110.94999694824219,110.92009735107422,110.92009735107422,794,0.0,0.0
2024-07-08 15:44:00-04:00,110.95600128173828,110.97750091552734,110.94000244140625,110.96499633789062,2387,0.0,0.0
2024-07-08 15:45:00-04:00,110.97000122070312,110.97000122070312,110.83000183105469,110.83000183105469,5916,0.0,0.0
2024-07-08 15:46:00-04:00,110.87000274658203,110.88999938964844,110.82499694824219,110.82499694824219,3705,0.0,0.0
2024-07-08 15:47:00-04:00,110.80000305175781,110.80000305175781,110.73999786376953,110.79000091552734,3740,0.0,0.0
2024-07-08 15:48:00-04:00,110.80999755859375,110.80999755859375,110.7699966430664,110.77999877929688,5760,0.0,0.0
2024-07-08 15:49:00-04:00,110.80500030517578,110.81999969482422,110.73999786376953,110.73999786376953,3346,0.0,0.0
2024-07-08 15:50:00-04:00,110.77999877929688,110.83000183105469,110.7300033569336,110.75250244140625,8442,0.0,0.0
2024-07-08 15:51:00-04:00,110.73999786376953,110.79000091552734,110.66999816894531,110.79000091552734,11635,0.0,0.0
2024-07-08 15:52:00-04:00,110.75,110.83480072021484,110.7300033569336,110.7300033569336,9388,0.0,0.0
2024-07-08 15:53:00-04:00,110.7699966430664,110.83999633789062,110.76000213623047,110.80999755859375,7732,0.0,0.0
2024-07-08 15:54:00-04:00,110.83999633789062,111.02999877929688,110.83999633789062,110.9749984741211,13397,0.0,0.0
2024-07-08 15:55:00-04:00,110.9749984741211,111.18000030517578,110.9749984741211,111.06999969482422,17774,0.0,0.0
2024-07-08 15:56:00-04:00,111.05999755859375,111.11499786376953,111.0,111.01499938964844,14912,0.0,0.0
2024-07-08 15:57:00-04:00,111.01000213623047,111.02999877929688,110.97000122070312,111.0,24304,0.0,0.0
2024-07-08 15:58:00-04:00,110.98999786376953,111.00650024414062,110.91999816894531,110.91999816894531,32980,0.0,0.0
2024-07-08 15:59:00-04:00,110.93499755859375,110.9800033569336,110.87999725341797,110.87999725341797,63646,0.0,0.0
2024-07-09 09:30:00-04:00,111.31999969482422,111.4800033569336,111.31999969482422,111.3499984741211,14537,0.0,0.0
2024-07-09 09:31:00-04:00,111.0,111.11000061035156,110.875,111.0199966430664,6235,0.0,0.0
2024-07-09 09:32:00-04:00,111.05000305175781,111.16000366210938,111.05000305175781,111.16000366210938,934,0.0,0.0
2024-07-09 09:33:00-04:00,111.08999633789062,111.17949676513672,111.08999633789062,111.17949676513672,1061,0.0,0.0
2024-07-09 09:34:00-04:00,111.18000030517578,111.18000030517578,111.08999633789062,111.08999633789062,424,0.0,0.0
2024-07-09 09:35:00-04:00,111.08999633789062,111.20999908447266,111.08999633789062,111.20999908447266,1274,0.0,0.0
2024-07-09 09:37:00-04:00,111.29000091552734,111.30000305175781,111.08999633789062,111.08999633789062,4226,0.0,0.0
2024-07-09 09:38:00-04:00,111.1050033569336,111.11000061035156,111.1050033569336,111.11000061035156,463,0.0,0.0
2024-07-09 09:39:00-04:00,111.02999877929688,111.02999877929688,110.96499633789062,110.96499633789062,1644,0.0,0.0
2024-07-09 09:40:00-04:00,110.95999908447266,110.95999908447266,110.94999694824219,110.94999694824219,1104,0.0,0.0
2024-07-09 09:41:00-04:00,110.92500305175781,111.02999877929688,110.92500305175781,111.02999877929688,800,0.0,0.0
2024-07-09 09:42:00-04:00,110.95999908447266,110.95999908447266,110.95999908447266,110.95999908447266,600,0.0,0.0
2024-07-09 09:43:00-04:00,110.95500183105469,111.02999877929688,110.95500183105469,111.0,1485,0.0,0.0
2024-07-09 09:44:00-04:00,111.12989807128906,111.12989807128906,111.04499816894531,111.04499816894531,1488,0.0,0.0
2024-07-09 09:45:00-04:00,111.03500366210938,111.04000091552734,111.0,111.04000091552734,1372,0.0,0.0
2024-07-09 09:46:00-04:00,111.05999755859375,111.22000122070312,111.05999755859375,111.125,8943,0.0,0.0
2024-07-09 09:47:00-04:00,111.14189910888672,111.19999694824219,111.14189910888672,111.16429901123047,883,0.0,0.0
2024-07-09 09:48:00-04:00,111.13999938964844,111.13999938964844,111.13999938964844,111.13999938964844,1702,0.0,0.0
2024-07-09 09:49:00-04:00,111.30000305175781,111.30000305175781,111.30000305175781,111.30000305175781,847,0.0,0.0
2024-07-09 09:50:00-04:00,111.33999633789062,111.33999633789062,111.33999633789062,111.33999633789062,776,0.0,0.0
2024-07-09 09:51:00-04:00,111.2750015258789,111.27999877929688,110.9749984741211,110.9800033569336,5876,0.0,0.0
2024-07-09 09:52:00-04:00,111.02999877929688,111.02999877929688,110.95999908447266,111.0199966430664,1791,0.0,0.0
2024-07-09 09:53:00-04:00,111.00499725341797,111.00499725341797,110.67500305175781,110.67500305175781,4930,0.0,0.0
2024-07-09 09:54:00-04:00,110.65499877929688,110.65499877929688,110.5,110.5,1481,0.0,0.0
2024-07-09 09:55:00-04:00,110.51000213623047,110.70999908447266,110.44000244140625,110.69999694824219,5144,0.0,0.0
2024-07-09 09:56:00-04:00,110.7699966430664,110.7699966430664,110.70500183105469,110.70500183105469,436,0.0,0.0
2024-07-09 09:57:00-04:00,110.77999877929688,110.81999969482422,110.76000213623047,110.79000091552734,971,0.0,0.0
2024-07-09 09:58:00-04:00,110.80000305175781,111.0199966430664,110.80000305175781,110.98999786376953,2396,0.0,0.0
2024-07-09 09:59:00-04:00,111.06999969482422,111.06999969482422,111.06999969482422,111.06999969482422,7419,0.0,0.0
2024-07-09 10:00:00-04:00,111.05000305175781,111.05000305175781,110.81999969482422,110.81999969482422,1708,0.0,0.0
2024-07-09 10:01:00-04:00,110.8550033569336,110.9000015258789,110.8550033569336,110.88999938964844,3374,0.0,0.0
2024-07-09 10:02:00-04:00,110.94000244140625,110.95999908447266,110.875,110.94999694824219,1715,0.0,0.0
2024-07-09 10:03:00-04:00,110.93499755859375,111.0,110.91500091552734,110.93000030517578,3527,0.0,0.0
2024-07-09 10:04:00-04:00,110.95500183105469,111.0199966430664,110.88999938964844,110.93000030517578,1609,0.0,0.0
2024-07-09 10:05:00-04:00,110.8949966430664,110.91999816894531,110.76499938964844,110.76499938964844,3047,0.0,0.0
2024-07-09 10:06:00-04:00,110.80000305175781,110.80000305175781,110.71499633789062,110.79499816894531,2716,0.0,0.0
2024-07-09 10:07:00-04:00,110.75890350341797,110.98999786376953,110.70999908447266,110.98999786376953,3110,0.0,0.0
2024-07-09 10:08:00-04:00,110.95500183105469,110.95500183105469,110.93250274658203,110.93250274658203,1186,0.0,0.0
2024-07-09 10:09:00-04:00,110.93499755859375,111.0,110.93499755859375,111.0,1891,0.0,0.0
2024-07-09 10:10:00-04:00,110.99359893798828,111.07499694824219,110.97000122070312,111.0199966430664,5074,0.0,0.0
2024-07-09 10:11:00-04:00,111.04000091552734,111.33999633789062,111.04000091552734,111.2699966430664,7174,0.0,0.0
2024-07-09 10:12:00-04:00,111.33499908447266,111.3386001586914,111.30500030517578,111.30500030517578,825,0.0,0.0
2024-07-09 10:13:00-04:00,111.30500030517578,111.30500030517578,111.30000305175781,111.30000305175781,1183,0.0,0.0
2024-07-09 10:14:00-04:00,111.23999786376953,111.23999786376953,111.13999938964844,111.13999938964844,667,0.0,0.0
2024-07-09 10:15:00-04:00,111.18499755859375,111.18499755859375,111.06999969482422,111.06999969482422,1126,0.0,0.0
2024-07-09 10:16:00-04:00,111.06999969482422,111.06999969482422,111.0250015258789,111.0250015258789,1846,0.0,0.0
2024-07-09 10:17:00-04:00,111.05130004882812,111.05130004882812,111.05130004882812,111.05130004882812,409,0.0,0.0
2024-07-09 10:18:00-04:00,110.9800033569336,110.9800033569336,110.80000305175781,110.80000305175781,2561,0.0,0.0
2024-07-09 10:19:00-04:00,110.81999969482422,110.84500122070312,110.81999969482422,110.83499908447266,1005,0.0,0.0
2024-07-09 10:20:00-04:00,110.80999755859375,110.81999969482422,110.80999755859375,110.81999969482422,571,0.0,0.0
2024-07-09 10:21:00-04:00,110.83499908447266,110.83999633789062,110.83499908447266,110.83999633789062,1494,0.0,0.0
2024-07-09 10:22:00-04:00,110.83000183105469,110.9000015258789,110.83000183105469,110.9000015258789,2928,0.0,0.0
2024-07-09 10:23:00-04:00,110.93000030517578,110.9749984741211,110.93000030517578,110.9749984741211,1290,0.0,0.0
2024-07-09 10:24:00-04:00,110.97000122070312,110.97000122070312,110.91000366210938,110.91000366210938,1418,0.0,0.0
2024-07-09 10:25:00-04:00,110.91500091552734,110.94499969482422,110.89399719238281,110.94499969482422,2252,0.0,0.0
2024-07-09 10:26:00-04:00,111.0,111.0199966430664,111.0,111.0199966430664,1016,0.0,0.0
2024-07-09 10:27:00-04:00,111.19999694824219,111.20999908447266,111.0,111.02999877929688,1787,0.0,0.0
2024-07-09 10:28:00-04:00,110.98999786376953,111.04000091552734,110.9800033569336,111.04000091552734,2285,0.0,0.0
2024-07-09 10:29:00-04:00,111.06500244140625,111.12999725341797,111.06500244140625,111.12999725341797,1334,0.0,0.0
2024-07-09 10:30:00-04:00,110.9800033569336,111.08999633789062,110.9800033569336,111.08999633789062,999,0.0,0.0
2024-07-09 10:31:00-04:00,111.12999725341797,111.16000366210938,111.12999725341797,111.13999938964844,947,0.0,0.0
2024-07-09 10:32:00-04:00,111.05999755859375,111.19999694824219,111.05999755859375,111.19499969482422,1368,0.0,0.0
2024-07-09 10:33:00-04:00,111.30000305175781,111.30000305175781,111.25499725341797,111.2750015258789,1136,0.0,0.0
2024-07-09 10:34:00-04:00,111.26000213623047,111.3207015991211,111.24500274658203,111.31999969482422,1915,0.0,0.0
2024-07-09 10:35:00-04:00,111.31500244140625,111.33000183105469,111.30000305175781,111.30000305175781,607,0.0,0.0
2024-07-09 10:36:00-04:00,111.2511978149414,111.41500091552734,111.2511978149414,111.41500091552734,14582,0.0,0.0
2024-07-09 10:37:00-04:00,111.47000122070312,111.51850128173828,111.43499755859375,111.51850128173828,1498,0.0,0.0
2024-07-09 10:38:00-04:00,111.5,111.5,111.44999694824219,111.5,1668,0.0,0.0
2024-07-09 10:39:00-04:00,111.45500183105469,111.5,111.45500183105469,111.5,1274,0.0,0.0
2024-07-09 10:40:00-04:00,111.5,111.5,111.33999633789062,111.33999633789062,5879,0.0,0.0
2024-07-09 10:41:00-04:00,111.37999725341797,111.37999725341797,111.2249984741211,111.2249984741211,3832,0.0,0.0
2024-07-09 10:42:00-04:00,111.19999694824219,111.22000122070312,111.05000305175781,111.08499908447266,3095,0.0,0.0
2024-07-09 10:44:00-04:00,111.04000091552734,111.12000274658203,111.02999877929688,111.02999877929688,2699,0.0,0.0
2024-07-09 10:45:00-04:00,110.91000366210938,110.91000366210938,110.8499984741211,110.8499984741211,1255,0.0,0.0
2024-07-09 10:46:00-04:00,110.98789978027344,110.98789978027344,110.93000030517578,110.93000030517578,1272,0.0,0.0
2024-07-09 10:47:00-04:00,111.0,111.0,110.86000061035156,110.9000015258789,3865,0.0,0.0
2024-07-09 10:49:00-04:00,110.93000030517578,110.93000030517578,110.91500091552734,110.91500091552734,993,0.0,0.0
2024-07-09 10:50:00-04:00,110.92469787597656,110.94999694824219,110.87000274658203,110.93000030517578,1528,0.0,0.0
2024-07-09 10:51:00-04:00,111.0,111.03389739990234,111.0,111.03389739990234,1321,0.0,0.0
2024-07-09 10:52:00-04:00,111.05000305175781,111.05000305175781,111.05000305175781,111.05000305175781,132,0.0,0.0
2024-07-09 10:53:00-04:00,111.05000305175781,111.05500030517578,110.97000122070312,110.97000122070312,2316,0.0,0.0
2024-07-09 10:54:00-04:00,110.91999816894531,110.91999816894531,110.91999816894531,110.91999816894531,335,0.0,0.0
2024-07-09 10:55:00-04:00,110.86000061035156,110.91999816894531,110.86000061035156,110.91999816894531,410,0.0,0.0
2024-07-09 10:56:00-04:00,110.94499969482422,111.0,110.94000244140625,111.0,2374,0.0,0.0
2024-07-09 10:57:00-04:00,110.97000122070312,111.01000213623047,110.97000122070312,110.99500274658203,1249,0.0,0.0
2024-07-09 10:58:00-04:00,111.02950286865234,111.02950286865234,111.02950286865234,111.02950286865234,1244,0.0,0.0
2024-07-09 10:59:00-04:00,111.08999633789062,111.08999633789062,111.08999633789062,111.08999633789062,415,0.0,0.0
2024-07-09 11:00:00-04:00,111.08999633789062,111.08999633789062,111.01499938964844,111.01499938964844,707,0.0,0.0
2024-07-09 11:01:00-04:00,111.00499725341797,111.01000213623047,110.95999908447266,110.95999908447266,1581,0.0,0.0
2024-07-09 11:02:00-04:00,110.93499755859375,110.93499755859375,110.9000015258789,110.9000015258789,2082,0.0,0.0
2024-07-09 11:03:00-04:00,110.8947982788086,111.0,110.8947982788086,111.0,3124,0.0,0.0
2024-07-09 11:04:00-04:00,110.95999908447266,111.04000091552734,110.95999908447266,111.04000091552734,3632,0.0,0.0
2024-07-09 11:05:00-04:00,111.12999725341797,111.16999816894531,111.12999725341797,111.16999816894531,746,0.0,0.0
2024-07-09 11:06:00-04:00,111.13500213623047,111.13500213623047,111.01000213623047,111.01000213623047,1043,0.0,0.0
2024-07-09 11:07:00-04:00,111.05000305175781,111.05000305175781,111.04000091552734,111.04000091552734,1793,0.0,0.0
2024-07-09 11:08:00-04:00,111.02999877929688,111.02999877929688,111.02999877929688,111.02999877929688,245,0.0,0.0
2024-07-09 11:09:00-04:00,111.04000091552734,111.04000091552734,111.0199966430664,111.0199966430664,783,0.0,0.0
2024-07-09 11:10:00-04:00,111.04000091552734,111.05000305175781,111.00499725341797,111.04000091552734,3399,0.0,0.0
2024-07-09 11:12:00-04:00,111.09500122070312,111.33000183105469,111.0199966430664,111.33000183105469,5887,0.0,0.0
2024-07-09 11:13:00-04:00,111.37000274658203,111.44999694824219,111.31500244140625,111.35359954833984,1572,0.0,0.0
2024-07-09 11:14:00-04:00,111.375,111.375,111.37000274658203,111.375,1282,0.0,0.0
2024-07-09 11:15:00-04:00,111.29000091552734,111.3550033569336,111.29000091552734,111.3550033569336,1269,0.0,0.0
2024-07-09 11:16:00-04:00,111.3550033569336,111.3550033569336,111.3499984741211,111.3499984741211,607,0.0,0.0
2024-07-09 11:17:00-04:00,111.29000091552734,111.29000091552734,111.2300033569336,111.2300033569336,1846,0.0,0.0
2024-07-09 11:18:00-04:00,111.22000122070312,111.30000305175781,111.22000122070312,111.30000305175781,1635,0.0,0.0
2024-07-09 11:19:00-04:00,111.29499816894531,111.29499816894531,111.29499816894531,111.29499816894531,1930,0.0,0.0
2024-07-09 11:20:00-04:00,111.28500366210938,111.31999969482422,111.26499938964844,111.31999969482422,2271,0.0,0.0
2024-07-09 11:21:00-04:00,111.38999938964844,111.43000030517578,111.38500213623047,111.43000030517578,1020,0.0,0.0
2024-07-09 11:22:00-04:00,111.43000030517578,111.44000244140625,111.43000030517578,111.44000244140625,661,0.0,0.0
2024-07-09 11:23:00-04:00,111.43499755859375,111.43499755859375,111.4000015258789,111.43499755859375,4264,0.0,0.0
2024-07-09 11:24:00-04:00,111.4000015258789,111.4000015258789,111.33000183105469,111.33000183105469,3052,0.0,0.0
2024-07-09 11:25:00-04:00,111.29000091552734,111.29000091552734,111.27999877929688,111.27999877929688,1241,0.0,0.0
2024-07-09 11:26:00-04:00,111.26000213623047,111.27999877929688,111.2300033569336,111.2300033569336,2476,0.0,0.0
2024-07-09 11:27:00-04:00,111.24500274658203,111.29000091552734,111.24500274658203,111.25499725341797,917,0.0,0.0
2024-07-09 11:28:00-04:00,111.29000091552734,111.30000305175781,111.27999877929688,111.27999877929688,1603,0.0,0.0
2024-07-09 11:29:00-04:00,111.2699966430664,111.31999969482422,111.21600341796875,111.31999969482422,1256,0.0,0.0
2024-07-09 11:30:00-04:00,111.20999908447266,111.20999908447266,111.20999908447266,111.20999908447266,121,0.0,0.0
2024-07-09 11:31:00-04:00,111.33999633789062,111.33999633789062,111.23100280761719,111.23100280761719,1204,0.0,0.0
2024-07-09 11:32:00-04:00,111.19999694824219,111.2699966430664,111.19999694824219,111.23500061035156,1057,0.0,0.0
2024-07-09 11:33:00-04:00,111.25,111.25,111.19999694824219,111.19999694824219,788,0.0,0.0
2024-07-09 11:34:00-04:00,111.2300033569336,111.2300033569336,111.2300033569336,111.2300033569336,397,0.0,0.0
2024-07-09 11:36:00-04:00,111.25,111.33499908447266,111.25,111.31500244140625,2433,0.0,0.0
2024-07-09 11:37:00-04:00,111.30500030517578,111.30500030517578,111.30500030517578,111.30500030517578,151,0.0,0.0
2024-07-09 11:38:00-04:00,111.30000305175781,111.30500030517578,111.25,111.30500030517578,877,0.0,0.0
2024-07-09 11:39:00-04:00,111.30500030517578,111.30500030517578,111.22000122070312,111.2300033569336,2139,0.0,0.0
2024-07-09 11:40:00-04:00,111.27999877929688,111.27999877929688,111.27999877929688,111.27999877929688,102,0.0,0.0
2024-07-09 11:41:00-04:00,111.25,111.2750015258789,111.23999786376953,111.2750015258789,2980,0.0,0.0
2024-07-09 11:42:00-04:00,111.24009704589844,111.27999877929688,111.24009704589844,111.27999877929688,868,0.0,0.0
2024-07-09 11:43:00-04:00,111.25,111.25,111.22000122070312,111.25,2871,0.0,0.0
2024-07-09 11:44:00-04:00,111.2699966430664,111.2699966430664,111.23999786376953,111.23999786376953,474,0.0,0.0
2024-07-09 11:45:00-04:00,111.20999908447266,111.27999877929688,111.20999908447266,111.2699966430664,2195,0.0,0.0
2024-07-09 11:46:00-04:00,111.2699966430664,111.2699966430664,111.18000030517578,111.19999694824219,3952,0.0,0.0
2024-07-09 11:47:00-04:00,111.20999908447266,111.29000091552734,111.20999908447266,111.29000091552734,2189,0.0,0.0
2024-07-09 11:48:00-04:00,111.33999633789062,111.4000015258789,111.31500244140625,111.4000015258789,1872,0.0,0.0
2024-07-09 11:49:00-04:00,111.37000274658203,111.37000274658203,111.36000061035156,111.36000061035156,747,0.0,0.0
2024-07-09 11:50:00-04:00,111.3550033569336,111.3550033569336,111.31500244140625,111.31500244140625,558,0.0,0.0
2024-07-09 11:51:00-04:00,111.28500366210938,111.28500366210938,111.2593002319336,111.2593002319336,1032,0.0,0.0
2024-07-09 11:52:00-04:00,111.2750015258789,111.30919647216797,111.2750015258789,111.30919647216797,753,0.0,0.0
2024-07-09 11:53:00-04:00,111.2300033569336,111.2300033569336,111.2300033569336,111.2300033569336,117,0.0,0.0
2024-07-09 11:54:00-04:00,111.21939849853516,111.21939849853516,111.21939849853516,111.21939849853516,1087,0.0,0.0
2024-07-09 11:55:00-04:00,111.19000244140625,111.19000244140625,111.08999633789062,111.08999633789062,1564,0.0,0.0
2024-07-09 11:56:00-04:00,111.02999877929688,111.02999877929688,111.02999877929688,111.02999877929688,602,0.0,0.0
2024-07-09 11:57:00-04:00,111.03500366210938,111.08999633789062,111.03500366210938,111.08999633789062,1513,0.0,0.0
2024-07-09 11:58:00-04:00,111.0999984741211,111.0999984741211,111.0999984741211,111.0999984741211,1236,0.0,0.0
2024-07-09 11:59:00-04:00,111.06500244140625,111.06500244140625,111.05999755859375,111.06500244140625,1046,0.0,0.0
2024-07-09 12:01:00-04:00,111.08999633789062,111.0999984741211,111.05400085449219,111.05400085449219,2736,0.0,0.0
2024-07-09 12:04:00-04:00,111.12000274658203,111.12000274658203,111.12000274658203,111.12000274658203,2277,0.0,0.0
2024-07-09 12:06:00-04:00,111.11000061035156,111.11499786376953,111.11000061035156,111.11499786376953,306,0.0,0.0
2024-07-09 12:07:00-04:00,111.0999984741211,111.0999984741211,111.08999633789062,111.08999633789062,751,0.0,0.0
2024-07-09 12:08:00-04:00,111.04340362548828,111.04340362548828,111.04340362548828,111.04340362548828,214,0.0,0.0
2024-07-09 12:09:00-04:00,111.09400177001953,111.12000274658203,111.09400177001953,111.12000274658203,3378,0.0,0.0
2024-07-09 12:10:00-04:00,111.0802993774414,111.0802993774414,111.0802993774414,111.0802993774414,182,0.0,0.0
2024-07-09 12:11:00-04:00,111.1050033569336,111.1050033569336,111.1050033569336,111.1050033569336,579,0.0,0.0
2024-07-09 12:12:00-04:00,111.1050033569336,111.13999938964844,111.06999969482422,111.13999938964844,2310,0.0,0.0
2024-07-09 12:13:00-04:00,111.16609954833984,111.16609954833984,111.13999938964844,111.13999938964844,827,0.0,0.0
2024-07-09 12:14:00-04:00,111.15499877929688,111.15499877929688,111.15499877929688,111.15499877929688,291,0.0,0.0
2024-07-09 12:15:00-04:00,111.18489837646484,111.18489837646484,111.16000366210938,111.16000366210938,474,0.0,0.0
2024-07-09 12:16:00-04:00,111.16000366210938,111.19000244140625,111.1500015258789,111.19000244140625,1469,0.0,0.0
2024-07-09 12:17:00-04:00,111.19999694824219,111.19999694824219,111.19999694824219,111.19999694824219,279,0.0,0.0
2024-07-09 12:18:00-04:00,111.20500183105469,111.23999786376953,111.20500183105469,111.23999786376953,2659,0.0,0.0
2024-07-09 12:20:00-04:00,111.29000091552734,111.29000091552734,111.24500274658203,111.28500366210938,923,0.0,0.0
2024-07-09 12:21:00-04:00,111.30999755859375,111.36000061035156,111.29000091552734,111.29000091552734,4887,0.0,0.0
2024-07-09 12:22:00-04:00,111.30500030517578,111.30999755859375,111.30000305175781,111.30999755859375,725,0.0,0.0
2024-07-09 12:24:00-04:00,111.2699966430664,111.2699966430664,111.26000213623047,111.2699966430664,418,0.0,0.0
2024-07-09 12:25:00-04:00,111.2699966430664,111.2699966430664,111.16999816894531,111.18000030517578,3840,0.0,0.0
2024-07-09 12:26:00-04:00,111.16999816894531,111.16999816894531,111.12000274658203,111.1449966430664,1352,0.0,0.0
2024-07-09 12:27:00-04:00,111.1500015258789,111.1500015258789,111.1500015258789,111.1500015258789,573,0.0,0.0
2024-07-09 12:28:00-04:00,111.18499755859375,111.22000122070312,111.18499755859375,111.21499633789062,1720,0.0,0.0
2024-07-09 12:31:00-04:00,111.2300033569336,111.2300033569336,111.18499755859375,111.18499755859375,678,0.0,0.0
2024-07-09 12:32:00-04:00,111.2300033569336,111.2300033569336,111.2300033569336,111.2300033569336,478,0.0,0.0
2024-07-09 12:33:00-04:00,111.2300033569336,111.2300033569336,111.17500305175781,111.17500305175781,2845,0.0,0.0
2024-07-09 12:36:00-04:00,111.18499755859375,111.18499755859375,111.12000274658203,111.12000274658203,1889,0.0,0.0
2024-07-09 12:38:00-04:00,111.18000030517578,111.22000122070312,111.18000030517578,111.20909881591797,1229,0.0,0.0
2024-07-09 12:39:00-04:00,111.19999694824219,111.19999694824219,111.19999694824219,111.19999694824219,502,0.0,0.0
2024-07-09 12:40:00-04:00,111.23999786376953,111.25,111.23999786376953,111.25,626,0.0,0.0
2024-07-09 12:41:00-04:00,111.23999786376953,111.27999877929688,111.23999786376953,111.26000213623047,978,0.0,0.0
2024-07-09 12:42:00-04:00,111.26000213623047,111.29000091552734,111.26000213623047,111.29000091552734,2271,0.0,0.0
2024-07-09 12:43:00-04:00,111.25,111.25,111.2300033569336,111.25,2193,0.0,0.0
2024-07-09 12:45:00-04:00,111.23999786376953,111.23999786376953,111.23999786376953,111.23999786376953,207,0.0,0.0
2024-07-09 12:46:00-04:00,111.23500061035156,111.2699966430664,111.20999908447266,111.2699966430664,2701,0.0,0.0
2024-07-09 12:48:00-04:00,111.30000305175781,111.30000305175781,111.30000305175781,111.30000305175781,629,0.0,0.0
2024-07-09 12:49:00-04:00,111.31999969482422,111.31999969482422,111.31999969482422,111.31999969482422,289,0.0,0.0
2024-07-09 12:50:00-04:00,111.31500244140625,111.31500244140625,111.27999877929688,111.31500244140625,369,0.0,0.0
2024-07-09 12:51:00-04:00,111.29000091552734,111.29000091552734,111.29000091552734,111.29000091552734,295,0.0,0.0
2024-07-09 12:52:00-04:00,111.31500244140625,111.31500244140625,111.26000213623047,111.26000213623047,1049,0.0,0.0
2024-07-09 12:53:00-04:00,111.20999908447266,111.20999908447266,111.20999908447266,111.20999908447266,799,0.0,0.0
2024-07-09 12:54:00-04:00,111.2249984741211,111.29499816894531,111.18009948730469,111.29499816894531,1640,0.0,0.0
2024-07-09 12:57:00-04:00,111.31500244140625,111.43499755859375,111.31500244140625,111.43499755859375,3551,0.0,0.0
2024-07-09 12:58:00-04:00,111.3949966430664,111.3949966430664,111.3949966430664,111.3949966430664,232,0.0,0.0
2024-07-09 12:59:00-04:00,111.44889831542969,111.51000213623047,111.44889831542969,111.4749984741211,1671,0.0,0.0
2024-07-09 13:00:00-04:00,111.51499938964844,111.51499938964844,111.51000213623047,111.51000213623047,462,0.0,0.0
2024-07-09 13:01:00-04:00,111.50499725341797,111.50499725341797,111.50499725341797,111.50499725341797,206,0.0,0.0
2024-07-09 13:02:00-04:00,111.46499633789062,111.5,111.44999694824219,111.4749984741211,1132,0.0,0.0
2024-07-09 13:03:00-04:00,111.50499725341797,111.50499725341797,111.48999786376953,111.48999786376953,988,0.0,0.0
2024-07-09 13:04:00-04:00,111.41000366210938,111.41000366210938,111.41000366210938,111.41000366210938,164,0.0,0.0
2024-07-09 13:05:00-04:00,111.39070129394531,111.39070129394531,111.3499984741211,111.3499984741211,1606,0.0,0.0
2024-07-09 13:06:00-04:00,111.37000274658203,111.37000274658203,111.34500122070312,111.34500122070312,298,0.0,0.0
2024-07-09 13:07:00-04:00,111.31999969482422,111.35070037841797,111.31999969482422,111.35070037841797,290,0.0,0.0
2024-07-09 13:08:00-04:00,111.30999755859375,111.3499984741211,111.30999755859375,111.3499984741211,338,0.0,0.0
2024-07-09 13:09:00-04:00,111.3499984741211,111.3499984741211,111.31999969482422,111.31999969482422,2418,0.0,0.0
2024-07-09 13:10:00-04:00,111.31999969482422,111.31999969482422,111.31999969482422,111.31999969482422,403,0.0,0.0
2024-07-09 13:11:00-04:00,111.37000274658203,111.37999725341797,111.29000091552734,111.29000091552734,4029,0.0,0.0
2024-07-09 13:12:00-04:00,111.2699966430664,111.2699966430664,111.25,111.25,1672,0.0,0.0
2024-07-09 13:13:00-04:00,111.30000305175781,111.31999969482422,111.26000213623047,111.26000213623047,1979,0.0,0.0
2024-07-09 13:14:00-04:00,111.26000213623047,111.26000213623047,111.12000274658203,111.12000274658203,2982,0.0,0.0
2024-07-09 13:15:00-04:00,111.11000061035156,111.11000061035156,111.11000061035156,111.11000061035156,154,0.0,0.0
2024-07-09 13:16:00-04:00,111.11000061035156,111.11000061035156,111.04000091552734,111.04000091552734,1079,0.0,0.0
2024-07-09 13:17:00-04:00,111.08000183105469,111.08000183105469,111.04000091552734,111.04000091552734,2362,0.0,0.0
2024-07-09 13:18:00-04:00,111.0,111.08000183105469,110.98999786376953,111.06999969482422,2581,0.0,0.0
2024-07-09 13:19:00-04:00,111.06999969482422,111.13999938964844,111.06999969482422,111.06999969482422,1634,0.0,0.0
2024-07-09 13:20:00-04:00,111.0999984741211,111.0999984741211,111.0999984741211,111.0999984741211,271,0.0,0.0
2024-07-09 13:21:00-04:00,111.0999984741211,111.0999984741211,111.05000305175781,111.05000305175781,1694,0.0,0.0
2024-07-09 13:22:00-04:00,111.05500030517578,111.05500030517578,111.0199966430664,111.04000091552734,1682,0.0,0.0
2024-07-09 13:23:00-04:00,111.0199966430664,111.04000091552734,111.01000213623047,111.04000091552734,2177,0.0,0.0
2024-07-09 13:25:00-04:00,111.04000091552734,111.08999633789062,111.0,111.0,3259,0.0,0.0
2024-07-09 13:26:00-04:00,110.98999786376953,111.03500366210938,110.98999786376953,111.01000213623047,3454,0.0,0.0
2024-07-09 13:27:00-04:00,111.0103988647461,111.12000274658203,111.0,111.12000274658203,3459,0.0,0.0
2024-07-09 13:28:00-04:00,111.11750030517578,111.11750030517578,111.11750030517578,111.11750030517578,390,0.0,0.0
2024-07-09 13:29:00-04:00,111.08999633789062,111.125,111.06999969482422,111.10749816894531,2623,0.0,0.0
2024-07-09 13:30:00-04:00,111.0999984741211,111.0999984741211,111.01000213623047,111.01000213623047,4463,0.0,0.0
2024-07-09 13:31:00-04:00,111.02999877929688,111.05999755859375,111.02999877929688,111.05999755859375,1668,0.0,0.0
2024-07-09 13:32:00-04:00,111.04000091552734,111.04000091552734,111.02999877929688,111.02999877929688,500,0.0,0.0
2024-07-09 13:33:00-04:00,111.08999633789062,111.0999984741211,111.06999969482422,111.0999984741211,1838,0.0,0.0
2024-07-09 13:34:00-04:00,111.12999725341797,111.12999725341797,111.12999725341797,111.12999725341797,877,0.0,0.0
2024-07-09 13:36:00-04:00,111.16000366210938,111.16000366210938,111.08000183105469,111.08000183105469,5818,0.0,0.0
2024-07-09 13:37:00-04:00,111.05000305175781,111.05000305175781,111.0,111.01000213623047,1388,0.0,0.0
2024-07-09 13:39:00-04:00,111.05919647216797,111.08000183105469,111.05919647216797,111.08000183105469,883,0.0,0.0
2024-07-09 13:40:00-04:00,111.07499694824219,111.12000274658203,111.0199966430664,111.0199966430664,1180,0.0,0.0
2024-07-09 13:41:00-04:00,111.02010345458984,111.0999984741211,111.0199966430664,111.0999984741211,2582,0.0,0.0
2024-07-09 13:42:00-04:00,111.11000061035156,111.16999816894531,111.06999969482422,111.16500091552734,2326,0.0,0.0
2024-07-09 13:43:00-04:00,111.13999938964844,111.13999938964844,111.0999984741211,111.0999984741211,1841,0.0,0.0
2024-07-09 13:44:00-04:00,111.125,111.125,111.08999633789062,111.08999633789062,1318,0.0,0.0
2024-07-09 13:45:00-04:00,111.08000183105469,111.08000183105469,111.01000213623047,111.02999877929688,4418,0.0,0.0
2024-07-09 13:46:00-04:00,111.06999969482422,111.06999969482422,111.04000091552734,111.04000091552734,1279,0.0,0.0
2024-07-09 13:47:00-04:00,111.04499816894531,111.04499816894531,111.0,111.0,2052,0.0,0.0
2024-07-09 13:48:00-04:00,110.97000122070312,110.97000122070312,110.91000366210938,110.91999816894531,1396,0.0,0.0
2024-07-09 13:49:00-04:00,110.88970184326172,110.88970184326172,110.88970184326172,110.88970184326172,610,0.0,0.0
2024-07-09 13:50:00-04:00,110.86000061035156,110.95999908447266,110.83499908447266,110.93000030517578,2639,0.0,0.0
2024-07-09 13:51:00-04:00,110.97000122070312,111.01000213623047,110.95999908447266,110.95999908447266,2078,0.0,0.0
2024-07-09 13:52:00-04:00,111.01000213623047,111.05000305175781,110.99500274658203,111.05000305175781,1284,0.0,0.0
2024-07-09 13:53:00-04:00,111.04000091552734,111.04000091552734,111.04000091552734,111.04000091552734,1407,0.0,0.0
2024-07-09 13:54:00-04:00,110.98999786376953,110.98999786376953,110.9800033569336,110.9800033569336,1129,0.0,0.0
2024-07-09 13:57:00-04:00,110.9800033569336,111.0,110.94999694824219,110.9800033569336,1308,0.0,0.0
2024-07-09 13:58:00-04:00,110.98999786376953,111.04750061035156,110.97000122070312,111.04499816894531,4095,0.0,0.0
2024-07-09 13:59:00-04:00,111.01000213623047,111.04000091552734,110.94000244140625,111.04000091552734,1848,0.0,0.0
2024-07-09 14:00:00-04:00,110.91999816894531,110.91999816894531,110.88999938964844,110.91120147705078,651,0.0,0.0
2024-07-09 14:01:00-04:00,110.88999938964844,110.88999938964844,110.88999938964844,110.88999938964844,150,0.0,0.0
2024-07-09 14:02:00-04:00,110.90499877929688,110.90499877929688,110.90499877929688,110.90499877929688,319,0.0,0.0
2024-07-09 14:03:00-04:00,110.87000274658203,110.87000274658203,110.8499984741211,110.8499984741211,953,0.0,0.0
2024-07-09 14:04:00-04:00,110.87999725341797,110.87999725341797,110.87999725341797,110.87999725341797,386,0.0,0.0
2024-07-09 14:05:00-04:00,110.80999755859375,110.83999633789062,110.77999877929688,110.79000091552734,2460,0.0,0.0
2024-07-09 14:06:00-04:00,110.81500244140625,110.8499984741211,110.81500244140625,110.81999969482422,1561,0.0,0.0
2024-07-09 14:07:00-04:00,110.82499694824219,110.87999725341797,110.80000305175781,110.86000061035156,2942,0.0,0.0
2024-07-09 14:08:00-04:00,110.86000061035156,110.86000061035156,110.8301010131836,110.8301010131836,864,0.0,0.0
2024-07-09 14:09:00-04:00,110.8499984741211,110.91500091552734,110.8499984741211,110.91500091552734,2515,0.0,0.0
2024-07-09 14:10:00-04:00,110.91000366210938,110.94000244140625,110.87999725341797,110.87999725341797,912,0.0,0.0
2024-07-09 14:11:00-04:00,110.9000015258789,110.9000015258789,110.86640167236328,110.86640167236328,1071,0.0,0.0
2024-07-09 14:12:00-04:00,110.83999633789062,110.83999633789062,110.83999633789062,110.83999633789062,665,0.0,0.0
2024-07-09 14:13:00-04:00,110.80000305175781,110.80000305175781,110.80000305175781,110.80000305175781,1356,0.0,0.0
2024-07-09 14:14:00-04:00,110.70999908447266,110.73999786376953,110.70999908447266,110.7300033569336,957,0.0,0.0
2024-07-09 14:15:00-04:00,110.76000213623047,110.83000183105469,110.73999786376953,110.80999755859375,5347,0.0,0.0
2024-07-09 14:16:00-04:00,110.81999969482422,110.81999969482422,110.75,110.75,2769,0.0,0.0
2024-07-09 14:17:00-04:00,110.75,110.7699966430664,110.70999908447266,110.73999786376953,3640,0.0,0.0
2024-07-09 14:18:00-04:00,110.7699966430664,110.80000305175781,110.70999908447266,110.7750015258789,6804,0.0,0.0
2024-07-09 14:19:00-04:00,110.76000213623047,110.7750015258789,110.76000213623047,110.7750015258789,339,0.0,0.0
2024-07-09 14:20:00-04:00,110.7750015258789,110.81999969482422,110.7750015258789,110.81999969482422,3653,0.0,0.0
2024-07-09 14:21:00-04:00,110.87000274658203,110.87000274658203,110.87000274658203,110.87000274658203,1314,0.0,0.0
2024-07-09 14:22:00-04:00,110.76000213623047,110.76000213623047,110.76000213623047,110.76000213623047,446,0.0,0.0
2024-07-09 14:23:00-04:00,110.75499725341797,110.75499725341797,110.61000061035156,110.61000061035156,2186,0.0,0.0
2024-07-09 14:24:00-04:00,110.5999984741211,110.63500213623047,110.5999984741211,110.5999984741211,1126,0.0,0.0
2024-07-09 14:25:00-04:00,110.61000061035156,110.6500015258789,110.60810089111328,110.625,2220,0.0,0.0
2024-07-09 14:26:00-04:00,110.62000274658203,110.6500015258789,110.62000274658203,110.63500213623047,3912,0.0,0.0
2024-07-09 14:27:00-04:00,110.60759735107422,110.60759735107422,110.60759735107422,110.60759735107422,620,0.0,0.0
2024-07-09 14:28:00-04:00,110.5999984741211,110.6500015258789,110.5999984741211,110.6500015258789,2595,0.0,0.0
2024-07-09 14:29:00-04:00,110.62580108642578,110.6500015258789,110.5999984741211,110.6449966430664,4022,0.0,0.0
2024-07-09 14:30:00-04:00,110.6449966430664,110.7300033569336,110.6449966430664,110.7300033569336,3186,0.0,0.0
2024-07-09 14:31:00-04:00,110.72000122070312,110.73999786376953,110.71489715576172,110.73999786376953,1545,0.0,0.0
2024-07-09 14:32:00-04:00,110.76000213623047,110.76000213623047,110.7300033569336,110.7300033569336,1095,0.0,0.0
2024-07-09 14:33:00-04:00,110.75379943847656,110.75379943847656,110.72000122070312,110.72000122070312,534,0.0,0.0
2024-07-09 14:34:00-04:00,110.72550201416016,110.7300033569336,110.70999908447266,110.7300033569336,2428,0.0,0.0
2024-07-09 14:35:00-04:00,110.69999694824219,110.73999786376953,110.69999694824219,110.73999786376953,2524,0.0,0.0
2024-07-09 14:36:00-04:00,110.73500061035156,110.73500061035156,110.73500061035156,110.73500061035156,1601,0.0,0.0
2024-07-09 14:37:00-04:00,110.75,110.75499725341797,110.70999908447266,110.70999908447266,1839,0.0,0.0
2024-07-09 14:38:00-04:00,110.69999694824219,110.69999694824219,110.69999694824219,110.69999694824219,537,0.0,0.0
2024-07-09 14:39:00-04:00,110.70500183105469,110.7699966430664,110.70500183105469,110.7699966430664,4516,0.0,0.0
2024-07-09 14:40:00-04:00,110.76799774169922,110.76799774169922,110.76499938964844,110.76499938964844,1006,0.0,0.0
2024-07-09 14:41:00-04:00,110.74749755859375,110.76499938964844,110.7300033569336,110.76499938964844,874,0.0,0.0
2024-07-09 14:42:00-04:00,110.77999877929688,110.79000091552734,110.7699966430664,110.78500366210938,1294,0.0,0.0
2024-07-09 14:43:00-04:00,110.76000213623047,110.78500366210938,110.68000030517578,110.68000030517578,7370,0.0,0.0
2024-07-09 14:44:00-04:00,110.66000366210938,110.69499969482422,110.66000366210938,110.69499969482422,510,0.0,0.0
2024-07-09 14:45:00-04:00,110.66000366210938,110.75,110.66000366210938,110.72599792480469,4676,0.0,0.0
2024-07-09 14:46:00-04:00,110.75,110.75,110.75,110.75,1710,0.0,0.0
2024-07-09 14:48:00-04:00,110.80500030517578,110.80500030517578,110.80500030517578,110.80500030517578,247,0.0,0.0
2024-07-09 14:49:00-04:00,110.81990051269531,110.81990051269531,110.7699966430664,110.7699966430664,1801,0.0,0.0
2024-07-09 14:50:00-04:00,110.81400299072266,110.81999969482422,110.81400299072266,110.81999969482422,1667,0.0,0.0
2024-07-09 14:52:00-04:00,110.83499908447266,110.83499908447266,110.80249786376953,110.80249786376953,2050,0.0,0.0
2024-07-09 14:54:00-04:00,110.83999633789062,110.83999633789062,110.81999969482422,110.81999969482422,1739,0.0,0.0
2024-07-09 14:55:00-04:00,110.8479995727539,110.8479995727539,110.80000305175781,110.80000305175781,3437,0.0,0.0
2024-07-09 14:57:00-04:00,110.77760314941406,110.77760314941406,110.7300033569336,110.75499725341797,1052,0.0,0.0
2024-07-09 14:58:00-04:00,110.77999877929688,110.80999755859375,110.77940368652344,110.77940368652344,3374,0.0,0.0
2024-07-09 14:59:00-04:00,110.8030014038086,110.8030014038086,110.76499938964844,110.76499938964844,1756,0.0,0.0
2024-07-09 15:00:00-04:00,110.75340270996094,110.75340270996094,110.75340270996094,110.75340270996094,467,0.0,0.0
2024-07-09 15:01:00-04:00,110.7300033569336,110.77999877929688,110.7300033569336,110.77999877929688,7640,0.0,0.0
2024-07-09 15:02:00-04:00,110.7300033569336,110.80000305175781,110.7300033569336,110.79000091552734,17984,0.0,0.0
2024-07-09 15:03:00-04:00,110.77999877929688,110.77999877929688,110.76490020751953,110.77999877929688,1693,0.0,0.0
2024-07-09 15:04:00-04:00,110.80000305175781,110.80999755859375,110.59500122070312,110.59500122070312,7779,0.0,0.0
2024-07-09 15:05:00-04:00,110.63999938964844,110.69000244140625,110.63999938964844,110.69000244140625,4554,0.0,0.0
2024-07-09 15:06:00-04:00,110.72000122070312,110.73500061035156,110.72000122070312,110.73500061035156,1015,0.0,0.0
2024-07-09 15:07:00-04:00,110.74839782714844,110.74839782714844,110.73999786376953,110.73999786376953,2068,0.0,0.0
2024-07-09 15:08:00-04:00,110.77999877929688,110.81999969482422,110.76000213623047,110.80500030517578,2940,0.0,0.0
2024-07-09 15:09:00-04:00,110.79499816894531,110.79499816894531,110.75,110.75,1593,0.0,0.0
2024-07-09 15:10:00-04:00,110.72000122070312,110.72000122070312,110.66999816894531,110.66999816894531,2702,0.0,0.0
2024-07-09 15:12:00-04:00,110.64640045166016,110.64640045166016,110.62999725341797,110.62999725341797,1458,0.0,0.0
2024-07-09 15:13:00-04:00,110.5999984741211,110.69999694824219,110.5999984741211,110.69999694824219,5189,0.0,0.0
2024-07-09 15:14:00-04:00,110.76940155029297,110.79499816894531,110.76010131835938,110.79499816894531,2050,0.0,0.0
2024-07-09 15:15:00-04:00,110.73919677734375,110.80220031738281,110.7300033569336,110.7300033569336,2220,0.0,0.0
2024-07-09 15:16:00-04:00,110.80000305175781,110.83000183105469,110.79010009765625,110.79010009765625,2931,0.0,0.0
2024-07-09 15:17:00-04:00,110.80999755859375,110.83999633789062,110.80999755859375,110.83499908447266,2028,0.0,0.0
2024-07-09 15:18:00-04:00,110.80490112304688,110.8499984741211,110.80490112304688,110.8499984741211,733,0.0,0.0
2024-07-09 15:19:00-04:00,110.80580139160156,110.80580139160156,110.80580139160156,110.80580139160156,938,0.0,0.0
2024-07-09 15:20:00-04:00,110.80000305175781,110.80000305175781,110.80000305175781,110.80000305175781,1861,0.0,0.0
2024-07-09 15:21:00-04:00,110.7699966430664,110.7699966430664,110.7699966430664,110.7699966430664,491,0.0,0.0
2024-07-09 15:22:00-04:00,110.78500366210938,110.80000305175781,110.70999908447266,110.70999908447266,2849,0.0,0.0
2024-07-09 15:23:00-04:00,110.69000244140625,110.73999786376953,110.66999816894531,110.73999786376953,4741,0.0,0.0
2024-07-09 15:24:00-04:00,110.76000213623047,110.76180267333984,110.73999786376953,110.73999786376953,1439,0.0,0.0
2024-07-09 15:25:00-04:00,110.7699966430664,110.80000305175781,110.75,110.80000305175781,3358,0.0,0.0
2024-07-09 15:26:00-04:00,110.76000213623047,110.76000213623047,110.75,110.75,13189,0.0,0.0
2024-07-09 15:27:00-04:00,110.7699966430664,110.7699966430664,110.66999816894531,110.70999908447266,6757,0.0,0.0
2024-07-09 15:28:00-04:00,110.73999786376953,110.80000305175781,110.73999786376953,110.80000305175781,1788,0.0,0.0
2024-07-09 15:29:00-04:00,110.77999877929688,110.87000274658203,110.7603988647461,110.87000274658203,3695,0.0,0.0
2024-07-09 15:30:00-04:00,110.84500122070312,110.87000274658203,110.81999969482422,110.87000274658203,4029,0.0,0.0
2024-07-09 15:31:00-04:00,110.91000366210938,110.94499969482422,110.91000366210938,110.9209976196289,2247,0.0,0.0
2024-07-09 15:32:00-04:00,110.91999816894531,110.94999694824219,110.9000015258789,110.94999694824219,3940,0.0,0.0
2024-07-09 15:33:00-04:00,110.91999816894531,110.94999694824219,110.87000274658203,110.88999938964844,6760,0.0,0.0
2024-07-09 15:34:00-04:00,110.87999725341797,110.88999938964844,110.87999725341797,110.87999725341797,1397,0.0,0.0
2024-07-09 15:35:00-04:00,110.8949966430664,110.8949966430664,110.80999755859375,110.83000183105469,7087,0.0,0.0
2024-07-09 15:36:00-04:00,110.83000183105469,110.86000061035156,110.83000183105469,110.86000061035156,2502,0.0,0.0
2024-07-09 15:37:00-04:00,110.87000274658203,110.91999816894531,110.86000061035156,110.9000015258789,2897,0.0,0.0
2024-07-09 15:38:00-04:00,110.88999938964844,110.88999938964844,110.88999938964844,110.88999938964844,1759,0.0,0.0
2024-07-09 15:39:00-04:00,110.88999938964844,110.88999938964844,110.83000183105469,110.83999633789062,4825,0.0,0.0
2024-07-09 15:40:00-04:00,110.83999633789062,110.83999633789062,110.83999633789062,110.83999633789062,120,0.0,0.0
2024-07-09 15:41:00-04:00,110.83000183105469,110.87000274658203,110.83000183105469,110.8550033569336,4071,0.0,0.0
2024-07-09 15:42:00-04:00,110.88999938964844,110.98999786376953,110.87999725341797,110.96499633789062,4706,0.0,0.0
2024-07-09 15:43:00-04:00,110.97000122070312,110.97000122070312,110.91000366210938,110.91000366210938,5540,0.0,0.0
2024-07-09 15:44:00-04:00,110.86000061035156,110.91999816894531,110.86000061035156,110.91500091552734,5180,0.0,0.0
2024-07-09 15:45:00-04:00,110.94000244140625,110.94000244140625,110.84500122070312,110.84500122070312,6564,0.0,0.0
2024-07-09 15:46:00-04:00,110.83999633789062,110.83999633789062,110.7699966430664,110.7699966430664,3195,0.0,0.0
2024-07-09 15:47:00-04:00,110.7300033569336,110.839599609375,110.7300033569336,110.839599609375,4667,0.0,0.0
2024-07-09 15:48:00-04:00,110.83000183105469,110.87000274658203,110.80000305175781,110.87000274658203,6500,0.0,0.0
2024-07-09 15:49:00-04:00,110.87000274658203,110.91000366210938,110.87000274658203,110.87999725341797,5739,0.0,0.0
2024-07-09 15:50:00-04:00,110.86000061035156,110.98999786376953,110.86000061035156,110.97000122070312,4530,0.0,0.0
2024-07-09 15:51:00-04:00,110.9800033569336,111.0199966430664,110.8499984741211,110.87999725341797,17257,0.0,0.0
2024-07-09 15:52:00-04:00,110.9000015258789,110.95999908447266,110.9000015258789,110.93000030517578,5428,0.0,0.0
2024-07-09 15:53:00-04:00,110.91000366210938,111.05000305175781,110.9000015258789,111.01499938964844,9231,0.0,0.0
2024-07-09 15:54:00-04:00,111.03500366210938,111.04000091552734,110.83000183105469,110.83000183105469,11144,0.0,0.0
2024-07-09 15:55:00-04:00,110.8499984741211,110.87000274658203,110.83000183105469,110.8499984741211,13663,0.0,0.0
2024-07-09 15:56:00-04:00,110.84120178222656,110.84500122070312,110.69999694824219,110.74500274658203,22500,0.0,0.0
2024-07-09 15:57:00-04:00,110.76000213623047,110.81999969482422,110.75499725341797,110.81999969482422,16327,0.0,0.0
2024-07-09 15:58:00-04:00,110.81999969482422,110.86000061035156,110.80999755859375,110.83000183105469,16775,0.0,0.0
2024-07-09 15:59:00-04:00,110.83000183105469,110.87999725341797,110.80999755859375,110.87999725341797,27798,0.0,0.0
2024-07-10 09:30:00-04:00,110.83999633789062,110.8499984741211,110.72000122070312,110.7300033569336,27242,0.0,0.0
2024-07-10 09:31:00-04:00,110.75,110.76000213623047,110.52999877929688,110.69999694824219,2069,0.0,0.0
2024-07-10 09:32:00-04:00,110.69000244140625,110.69000244140625,110.37999725341797,110.625,4922,0.0,0.0
2024-07-10 09:33:00-04:00,110.69999694824219,110.69999694824219,110.62000274658203,110.69499969482422,1524,0.0,0.0
2024-07-10 09:34:00-04:00,110.72000122070312,110.7699966430664,110.72000122070312,110.7699966430664,443,0.0,0.0
2024-07-10 09:35:00-04:00,110.78500366210938,110.93000030517578,110.69499969482422,110.69999694824219,3211,0.0,0.0
2024-07-10 09:36:00-04:00,110.70999908447266,110.70999908447266,110.69000244140625,110.69000244140625,434,0.0,0.0
2024-07-10 09:37:00-04:00,110.68000030517578,111.03500366210938,110.68000030517578,111.03500366210938,3152,0.0,0.0
2024-07-10 09:38:00-04:00,110.89409637451172,110.89409637451172,110.89409637451172,110.89409637451172,457,0.0,0.0
2024-07-10 09:39:00-04:00,110.97000122070312,111.12000274658203,110.97000122070312,111.12000274658203,887,0.0,0.0
2024-07-10 09:40:00-04:00,111.0,111.0999984741211,110.75,110.75,6543,0.0,0.0
2024-07-10 09:41:00-04:00,110.77999877929688,110.83000183105469,110.69999694824219,110.69999694824219,3766,0.0,0.0
2024-07-10 09:42:00-04:00,110.6500015258789,110.72000122070312,110.58000183105469,110.67500305175781,3449,0.0,0.0
2024-07-10 09:43:00-04:00,110.76000213623047,110.79499816894531,110.51000213623047,110.51000213623047,7041,0.0,0.0
2024-07-10 09:44:00-04:00,110.53500366210938,110.6050033569336,110.5,110.5,3251,0.0,0.0
2024-07-10 09:45:00-04:00,110.4800033569336,110.54000091552734,110.37999725341797,110.51000213623047,3720,0.0,0.0
2024-07-10 09:46:00-04:00,110.4000015258789,110.48999786376953,110.3499984741211,110.3499984741211,2518,0.0,0.0
2024-07-10 09:47:00-04:00,110.41500091552734,110.69000244140625,110.30999755859375,110.69000244140625,4718,0.0,0.0
2024-07-10 09:48:00-04:00,110.54000091552734,110.72000122070312,110.53500366210938,110.55000305175781,4535,0.0,0.0
2024-07-10 09:49:00-04:00,110.51789855957031,110.70989990234375,110.47000122070312,110.70989990234375,2357,0.0,0.0
2024-07-10 09:50:00-04:00,110.65499877929688,110.65499877929688,110.55000305175781,110.55500030517578,735,0.0,0.0
2024-07-10 09:51:00-04:00,110.55000305175781,110.59500122070312,110.17500305175781,110.17500305175781,9506,0.0,0.0
2024-07-10 09:52:00-04:00,110.16000366210938,110.16999816894531,110.01499938964844,110.01499938964844,2451,0.0,0.0
2024-07-10 09:53:00-04:00,110.01000213623047,110.01000213623047,109.87000274658203,109.87000274658203,8924,0.0,0.0
2024-07-10 09:54:00-04:00,109.88500213623047,109.93499755859375,109.87000274658203,109.93499755859375,1776,0.0,0.0
2024-07-10 09:55:00-04:00,109.93499755859375,109.99479675292969,109.79000091552734,109.83000183105469,8877,0.0,0.0
2024-07-10 09:56:00-04:00,109.83000183105469,109.83000183105469,109.83000183105469,109.83000183105469,1215,0.0,0.0
2024-07-10 09:57:00-04:00,109.76750183105469,109.76750183105469,109.55000305175781,109.6500015258789,7415,0.0,0.0
2024-07-10 09:58:00-04:00,109.66000366210938,109.75,109.58999633789062,109.66500091552734,4621,0.0,0.0
2024-07-10 09:59:00-04:00,109.62000274658203,109.91999816894531,109.61000061035156,109.8949966430664,6097,0.0,0.0
2024-07-10 10:00:00-04:00,109.94000244140625,109.9800033569336,109.80000305175781,109.83000183105469,2716,0.0,0.0
2024-07-10 10:01:00-04:00,109.87999725341797,110.05999755859375,109.73999786376953,109.91999816894531,9542,0.0,0.0
2024-07-10 10:02:00-04:00,109.91000366210938,109.91500091552734,109.83999633789062,109.90499877929688,1587,0.0,0.0
2024-07-10 10:03:00-04:00,109.83999633789062,109.91500091552734,109.79000091552734,109.91000366210938,7146,0.0,0.0
2024-07-10 10:04:00-04:00,109.91000366210938,109.91500091552734,109.62999725341797,109.66500091552734,11268,0.0,0.0
2024-07-10 10:05:00-04:00,109.69999694824219,109.70559692382812,109.58999633789062,109.63999938964844,3833,0.0,0.0
2024-07-10 10:06:00-04:00,109.66999816894531,109.66999816894531,109.44869995117188,109.44869995117188,4605,0.0,0.0
2024-07-10 10:09:00-04:00,109.45500183105469,109.70999908447266,109.45500183105469,109.70999908447266,10155,0.0,0.0
2024-07-10 10:10:00-04:00,109.80999755859375,109.93000030517578,109.7384033203125,109.83000183105469,4102,0.0,0.0
2024-07-10 10:11:00-04:00,109.87999725341797,110.04000091552734,109.83470153808594,109.83470153808594,6315,0.0,0.0
2024-07-10 10:12:00-04:00,109.88999938964844,109.95999908447266,109.88999938964844,109.95999908447266,781,0.0,0.0
2024-07-10 10:13:00-04:00,109.95999908447266,109.95999908447266,109.77999877929688,109.77999877929688,3402,0.0,0.0
2024-07-10 10:14:00-04:00,109.83000183105469,109.83000183105469,109.7699966430664,109.7750015258789,1819,0.0,0.0
2024-07-10 10:15:00-04:00,109.7699966430664,109.88500213623047,109.7699966430664,109.88500213623047,3741,0.0,0.0
2024-07-10 10:16:00-04:00,109.94999694824219,109.94999694824219,109.9000015258789,109.94999694824219,619,0.0,0.0
2024-07-10 10:17:00-04:00,109.97000122070312,109.97000122070312,109.80999755859375,109.93499755859375,4975,0.0,0.0
2024-07-10 10:18:00-04:00,109.87010192871094,109.93499755859375,109.87010192871094,109.93499755859375,2793,0.0,0.0
2024-07-10 10:19:00-04:00,109.93000030517578,110.0999984741211,109.93000030517578,110.05000305175781,3106,0.0,0.0
2024-07-10 10:20:00-04:00,109.98999786376953,109.98999786376953,109.77999877929688,109.83000183105469,6591,0.0,0.0
2024-07-10 10:21:00-04:00,109.7300033569336,109.92500305175781,109.7300033569336,109.92500305175781,7588,0.0,0.0
2024-07-10 10:22:00-04:00,109.93499755859375,110.01000213623047,109.93499755859375,109.94499969482422,813,0.0,0.0
2024-07-10 10:23:00-04:00,110.01000213623047,110.04000091552734,109.86000061035156,109.87000274658203,7049,0.0,0.0
2024-07-10 10:24:00-04:00,109.82839965820312,109.91000366210938,109.7699966430664,109.875,4107,0.0,0.0
2024-07-10 10:25:00-04:00,109.93000030517578,110.0,109.93000030517578,110.0,1956,0.0,0.0
2024-07-10 10:26:00-04:00,109.94000244140625,109.94499969482422,109.89610290527344,109.89610290527344,2904,0.0,0.0
2024-07-10 10:27:00-04:00,109.97000122070312,110.02999877929688,109.92500305175781,110.02999877929688,2176,0.0,0.0
2024-07-10 10:28:00-04:00,110.08999633789062,110.08999633789062,109.72000122070312,109.72000122070312,3894,0.0,0.0
2024-07-10 10:29:00-04:00,109.78500366210938,109.8499984741211,109.78500366210938,109.8499984741211,1232,0.0,0.0
2024-07-10 10:30:00-04:00,109.76000213623047,109.77999877929688,109.7291030883789,109.77999877929688,1012,0.0,0.0
2024-07-10 10:31:00-04:00,109.70999908447266,109.77999877929688,109.70999908447266,109.7249984741211,1876,0.0,0.0
2024-07-10 10:32:00-04:00,109.69000244140625,109.79000091552734,109.6500015258789,109.70999908447266,5180,0.0,0.0
2024-07-10 10:33:00-04:00,109.66999816894531,109.73999786376953,109.63999938964844,109.73500061035156,4987,0.0,0.0
2024-07-10 10:34:00-04:00,109.66999816894531,109.79989624023438,109.66000366210938,109.70999908447266,1444,0.0,0.0
2024-07-10 10:35:00-04:00,109.68000030517578,109.8499984741211,109.68000030517578,109.83000183105469,1435,0.0,0.0
2024-07-10 10:36:00-04:00,109.8499984741211,109.9749984741211,109.83999633789062,109.9749984741211,2239,0.0,0.0
2024-07-10 10:37:00-04:00,110.07620239257812,110.07620239257812,110.05000305175781,110.05000305175781,1226,0.0,0.0
2024-07-10 10:38:00-04:00,110.0999984741211,110.0999984741211,110.0,110.0,1466,0.0,0.0
2024-07-10 10:39:00-04:00,110.01000213623047,110.1500015258789,110.01000213623047,110.1500015258789,2371,0.0,0.0
2024-07-10 10:40:00-04:00,110.08999633789062,110.18499755859375,110.08999633789062,110.18499755859375,1035,0.0,0.0
2024-07-10 10:41:00-04:00,110.18499755859375,110.2249984741211,110.18499755859375,110.22000122070312,625,0.0,0.0
2024-07-10 10:42:00-04:00,110.20999908447266,110.3499984741211,110.20999908447266,110.30000305175781,4595,0.0,0.0
2024-07-10 10:43:00-04:00,110.2699966430664,110.31999969482422,110.21499633789062,110.31999969482422,1912,0.0,0.0
2024-07-10 10:44:00-04:00,110.368896484375,110.368896484375,110.31500244140625,110.33499908447266,4045,0.0,0.0
2024-07-10 10:45:00-04:00,110.2699966430664,110.33499908447266,110.0,110.0199966430664,12493,0.0,0.0
2024-07-10 10:46:00-04:00,110.02999877929688,110.02999877929688,109.93000030517578,110.0250015258789,3877,0.0,0.0
2024-07-10 10:47:00-04:00,110.0250015258789,110.03500366210938,109.99500274658203,110.03500366210938,3144,0.0,0.0
2024-07-10 10:48:00-04:00,110.02999877929688,110.02999877929688,110.02999877929688,110.02999877929688,328,0.0,0.0
2024-07-10 10:49:00-04:00,110.02999877929688,110.08999633789062,110.0,110.0,1580,0.0,0.0
2024-07-10 10:50:00-04:00,110.01499938964844,110.08999633789062,110.01499938964844,110.08999633789062,1212,0.0,0.0
2024-07-10 10:51:00-04:00,110.09259796142578,110.12000274658203,110.05999755859375,110.12000274658203,1279,0.0,0.0
2024-07-10 10:52:00-04:00,110.01000213623047,110.07499694824219,110.01000213623047,110.07499694824219,3640,0.0,0.0
2024-07-10 10:53:00-04:00,110.01499938964844,110.08499908447266,110.01000213623047,110.08499908447266,1433,0.0,0.0
2024-07-10 10:54:00-04:00,110.01000213623047,110.05000305175781,110.01000213623047,110.04499816894531,3640,0.0,0.0
2024-07-10 10:55:00-04:00,110.04499816894531,110.0999984741211,109.94000244140625,109.94000244140625,8462,0.0,0.0
2024-07-10 10:56:00-04:00,109.91999816894531,109.9800033569336,109.88999938964844,109.9800033569336,2659,0.0,0.0
2024-07-10 10:57:00-04:00,109.80000305175781,109.91000366210938,109.80000305175781,109.91000366210938,1420,0.0,0.0
2024-07-10 10:58:00-04:00,109.80010223388672,109.9000015258789,109.80010223388672,109.86499786376953,2995,0.0,0.0
2024-07-10 10:59:00-04:00,109.91000366210938,110.08000183105469,109.91000366210938,109.95999908447266,4850,0.0,0.0
2024-07-10 11:00:00-04:00,109.97000122070312,110.03500366210938,109.94999694824219,110.01609802246094,1548,0.0,0.0
2024-07-10 11:01:00-04:00,109.91000366210938,109.91000366210938,109.82499694824219,109.82499694824219,1945,0.0,0.0
2024-07-10 11:02:00-04:00,109.9000015258789,110.05500030517578,109.9000015258789,110.01499938964844,2974,0.0,0.0
2024-07-10 11:03:00-04:00,110.0250015258789,110.0250015258789,110.01000213623047,110.0250015258789,1158,0.0,0.0
2024-07-10 11:04:00-04:00,109.99500274658203,109.99500274658203,109.9800033569336,109.9800033569336,1405,0.0,0.0
2024-07-10 11:06:00-04:00,109.91999816894531,110.00499725341797,109.91999816894531,109.99500274658203,17597,0.0,0.0
2024-07-10 11:07:00-04:00,110.00499725341797,110.08000183105469,110.0,110.0,37392,0.0,0.0
2024-07-10 11:08:00-04:00,110.01499938964844,110.05999755859375,109.9000015258789,109.9000015258789,4584,0.0,0.0
2024-07-10 11:09:00-04:00,109.96499633789062,110.05000305175781,109.87999725341797,110.00499725341797,4930,0.0,0.0
2024-07-10 11:10:00-04:00,110.01000213623047,110.18000030517578,109.98999786376953,110.18000030517578,5177,0.0,0.0
2024-07-10 11:12:00-04:00,110.19989776611328,110.19989776611328,109.9000015258789,109.96499633789062,8227,0.0,0.0
2024-07-10 11:13:00-04:00,109.95999908447266,109.95999908447266,109.89009857177734,109.91000366210938,1023,0.0,0.0
2024-07-10 11:14:00-04:00,109.97000122070312,109.97000122070312,109.95999908447266,109.97000122070312,493,0.0,0.0
2024-07-10 11:15:00-04:00,109.95500183105469,109.95500183105469,109.80500030517578,109.86000061035156,15379,0.0,0.0
2024-07-10 11:16:00-04:00,109.87000274658203,110.04000091552734,109.86859893798828,109.88999938964844,13058,0.0,0.0
2024-07-10 11:17:00-04:00,109.8499984741211,109.8499984741211,109.8499984741211,109.8499984741211,397,0.0,0.0
2024-07-10 11:18:00-04:00,109.98999786376953,109.98999786376953,109.98999786376953,109.98999786376953,3529,0.0,0.0
2024-07-10 11:19:00-04:00,109.97000122070312,109.97000122070312,109.80000305175781,109.80999755859375,5787,0.0,0.0
2024-07-10 11:20:00-04:00,109.72109985351562,109.73909759521484,109.55999755859375,109.56999969482422,9131,0.0,0.0
2024-07-10 11:22:00-04:00,109.5999984741211,109.6500015258789,109.58999633789062,109.6500015258789,2218,0.0,0.0
2024-07-10 11:23:00-04:00,109.5999984741211,109.69999694824219,109.58000183105469,109.62999725341797,6297,0.0,0.0
2024-07-10 11:24:00-04:00,109.62999725341797,109.69499969482422,109.62000274658203,109.69499969482422,2424,0.0,0.0
2024-07-10 11:25:00-04:00,109.63999938964844,109.6500015258789,109.63999938964844,109.6500015258789,571,0.0,0.0
2024-07-10 11:27:00-04:00,109.69499969482422,109.69499969482422,109.69499969482422,109.69499969482422,2379,0.0,0.0
2024-07-10 11:28:00-04:00,109.6500015258789,109.6500015258789,109.6500015258789,109.6500015258789,465,0.0,0.0
2024-07-10 11:29:00-04:00,109.62999725341797,109.6500015258789,109.55000305175781,109.55000305175781,3662,0.0,0.0
2024-07-10 11:30:00-04:00,109.53189849853516,109.77999877929688,109.50499725341797,109.7249984741211,5103,0.0,0.0
2024-07-10 11:31:00-04:00,109.77999877929688,109.81500244140625,109.77999877929688,109.80999755859375,962,0.0,0.0
2024-07-10 11:32:00-04:00,109.80500030517578,109.95999908447266,109.73999786376953,109.95999908447266,18334,0.0,0.0
2024-07-10 11:33:00-04:00,109.95500183105469,109.95500183105469,109.83999633789062,109.8499984741211,2309,0.0,0.0
2024-07-10 11:34:00-04:00,109.8499984741211,109.9000015258789,109.83499908447266,109.8499984741211,989,0.0,0.0
2024-07-10 11:35:00-04:00,109.8499984741211,109.8499984741211,109.76499938964844,109.76499938964844,1086,0.0,0.0
2024-07-10 11:36:00-04:00,109.78500366210938,109.78500366210938,109.78500366210938,109.78500366210938,333,0.0,0.0
2024-07-10 11:37:00-04:00,109.76000213623047,109.8499984741211,109.76000213623047,109.81999969482422,2234,0.0,0.0
2024-07-10 11:38:00-04:00,109.82499694824219,109.831298828125,109.7300033569336,109.74500274658203,3191,0.0,0.0
2024-07-10 11:39:00-04:00,109.74500274658203,109.80999755859375,109.74500274658203,109.78500366210938,1171,0.0,0.0
2024-07-10 11:40:00-04:00,109.80500030517578,109.87000274658203,109.80000305175781,109.8499984741211,1061,0.0,0.0
2024-07-10 11:41:00-04:00,109.802001953125,109.97000122070312,109.802001953125,109.94499969482422,53306,0.0,0.0
2024-07-10 11:42:00-04:00,109.95999908447266,109.96499633789062,109.95999908447266,109.96499633789062,696,0.0,0.0
2024-07-10 11:43:00-04:00,109.95500183105469,109.95500183105469,109.95500183105469,109.95500183105469,234,0.0,0.0
2024-07-10 11:44:00-04:00,109.95999908447266,110.1050033569336,109.94999694824219,110.1050033569336,5119,0.0,0.0
2024-07-10 11:45:00-04:00,110.08999633789062,110.19999694824219,110.08999633789062,110.17500305175781,3426,0.0,0.0
2024-07-10 11:46:00-04:00,110.19000244140625,110.19000244140625,110.04000091552734,110.1050033569336,3801,0.0,0.0
2024-07-10 11:47:00-04:00,110.11000061035156,110.11000061035156,109.8550033569336,109.93000030517578,8553,0.0,0.0
2024-07-10 11:48:00-04:00,109.95999908447266,109.95999908447266,109.95999908447266,109.95999908447266,440,0.0,0.0
2024-07-10 11:49:00-04:00,109.93000030517578,109.95999908447266,109.9177017211914,109.9177017211914,1419,0.0,0.0
2024-07-10 11:50:00-04:00,109.9000015258789,109.94000244140625,109.83000183105469,109.83000183105469,5079,0.0,0.0
2024-07-10 11:51:00-04:00,109.80999755859375,109.80999755859375,109.80999755859375,109.80999755859375,827,0.0,0.0
2024-07-10 11:52:00-04:00,109.77999877929688,109.77999877929688,109.63999938964844,109.69999694824219,8016,0.0,0.0
2024-07-10 11:54:00-04:00,109.73500061035156,109.77400207519531,109.69999694824219,109.74500274658203,1921,0.0,0.0
2024-07-10 11:55:00-04:00,109.69000244140625,109.69000244140625,109.68000030517578,109.68000030517578,1270,0.0,0.0
2024-07-10 11:56:00-04:00,109.6500015258789,109.73999786376953,109.6500015258789,109.73999786376953,2005,0.0,0.0
2024-07-10 11:57:00-04:00,109.7300033569336,109.7300033569336,109.68000030517578,109.68150329589844,3504,0.0,0.0
2024-07-10 11:58:00-04:00,109.69000244140625,109.69000244140625,109.61000061035156,109.61499786376953,2720,0.0,0.0
2024-07-10 11:59:00-04:00,109.63500213623047,109.72000122070312,109.63500213623047,109.72000122070312,6405,0.0,0.0
2024-07-10 12:00:00-04:00,109.7249984741211,109.7593002319336,109.62999725341797,109.62999725341797,4550,0.0,0.0
2024-07-10 12:01:00-04:00,109.6083984375,109.63999938964844,109.52999877929688,109.59500122070312,2994,0.0,0.0
2024-07-10 12:02:00-04:00,109.54000091552734,109.54000091552734,109.54000091552734,109.54000091552734,447,0.0,0.0
2024-07-10 12:03:00-04:00,109.62000274658203,109.88999938964844,109.56999969482422,109.88999938964844,20581,0.0,0.0
2024-07-10 12:04:00-04:00,109.86499786376953,109.86499786376953,109.7300033569336,109.7300033569336,2376,0.0,0.0
2024-07-10 12:05:00-04:00,109.73500061035156,109.75,109.68000030517578,109.68000030517578,1292,0.0,0.0
2024-07-10 12:06:00-04:00,109.73999786376953,109.75,109.73999786376953,109.75,889,0.0,0.0
2024-07-10 12:07:00-04:00,109.69999694824219,109.87999725341797,109.69999694824219,109.87999725341797,2621,0.0,0.0
2024-07-10 12:08:00-04:00,109.83499908447266,109.84500122070312,109.79000091552734,109.84500122070312,1262,0.0,0.0
2024-07-10 12:09:00-04:00,109.79000091552734,109.87000274658203,109.79000091552734,109.83999633789062,2568,0.0,0.0
2024-07-10 12:10:00-04:00,109.78880310058594,109.83999633789062,109.78880310058594,109.83000183105469,1152,0.0,0.0
2024-07-10 12:11:00-04:00,109.84500122070312,109.98999786376953,109.83499908447266,109.9574966430664,5883,0.0,0.0
2024-07-10 12:12:00-04:00,109.94999694824219,110.0,109.94499969482422,109.94999694824219,3074,0.0,0.0
2024-07-10 12:13:00-04:00,109.94999694824219,110.02999877929688,109.94999694824219,110.02999877929688,2297,0.0,0.0
2024-07-10 12:14:00-04:00,110.02999877929688,110.08000183105469,110.02999877929688,110.08000183105469,1510,0.0,0.0
2024-07-10 12:15:00-04:00,110.06999969482422,110.07499694824219,109.98999786376953,109.98999786376953,1984,0.0,0.0
2024-07-10 12:16:00-04:00,109.94000244140625,109.98999786376953,109.94000244140625,109.98999786376953,1662,0.0,0.0
2024-07-10 12:17:00-04:00,109.98999786376953,110.0250015258789,109.98999786376953,110.0250015258789,976,0.0,0.0
2024-07-10 12:18:00-04:00,110.0250015258789,110.0250015258789,110.0250015258789,110.0250015258789,333,0.0,0.0
2024-07-10 12:19:00-04:00,109.97119903564453,110.02999877929688,109.93000030517578,109.95500183105469,3828,0.0,0.0
2024-07-10 12:20:00-04:00,109.94000244140625,109.95999908447266,109.91999816894531,109.95999908447266,693,0.0,0.0
2024-07-10 12:21:00-04:00,109.94999694824219,110.0250015258789,109.94999694824219,110.0250015258789,1622,0.0,0.0
2024-07-10 12:22:00-04:00,110.0250015258789,110.0250015258789,109.97000122070312,109.98500061035156,1967,0.0,0.0
2024-07-10 12:23:00-04:00,109.90899658203125,109.9209976196289,109.9000015258789,109.9000015258789,2485,0.0,0.0
2024-07-10 12:24:00-04:00,109.95999908447266,110.16000366210938,109.91000366210938,110.1449966430664,15259,0.0,0.0
2024-07-10 12:25:00-04:00,110.08000183105469,110.09500122070312,110.02999877929688,110.05999755859375,2455,0.0,0.0
2024-07-10 12:26:00-04:00,110.05999755859375,110.05999755859375,110.05999755859375,110.05999755859375,908,0.0,0.0
2024-07-10 12:27:00-04:00,110.04000091552734,110.06500244140625,110.04000091552734,110.06500244140625,847,0.0,0.0
2024-07-10 12:28:00-04:00,110.06710052490234,110.06999969482422,110.05809783935547,110.0698013305664,2272,0.0,0.0
2024-07-10 12:29:00-04:00,110.07499694824219,110.07499694824219,110.02999877929688,110.02999877929688,1961,0.0,0.0
2024-07-10 12:30:00-04:00,110.06500244140625,110.06500244140625,110.06500244140625,110.06500244140625,521,0.0,0.0
2024-07-10 12:31:00-04:00,110.06500244140625,110.06999969482422,110.06500244140625,110.06999969482422,1539,0.0,0.0
2024-07-10 12:32:00-04:00,110.06999969482422,110.0999984741211,110.06999969482422,110.0999984741211,416,0.0,0.0
2024-07-10 12:33:00-04:00,110.05999755859375,110.05999755859375,110.04000091552734,110.04000091552734,749,0.0,0.0
2024-07-10 12:34:00-04:00,110.0,110.0250015258789,109.95500183105469,109.95500183105469,2600,0.0,0.0
2024-07-10 12:35:00-04:00,110.00499725341797,110.02999877929688,109.94499969482422,109.9749984741211,16044,0.0,0.0
2024-07-10 12:36:00-04:00,110.0199966430664,110.08000183105469,110.0199966430664,110.06500244140625,1969,0.0,0.0
2024-07-10 12:37:00-04:00,110.06999969482422,110.06999969482422,109.94499969482422,109.94499969482422,1551,0.0,0.0
2024-07-10 12:38:00-04:00,109.97000122070312,110.0199966430664,109.93329620361328,109.95999908447266,2888,0.0,0.0
2024-07-10 12:39:00-04:00,109.98480224609375,110.01499938964844,109.98480224609375,110.01499938964844,1162,0.0,0.0
2024-07-10 12:40:00-04:00,110.06999969482422,110.08000183105469,110.05999755859375,110.08000183105469,1256,0.0,0.0
2024-07-10 12:41:00-04:00,110.12999725341797,110.1500015258789,110.06999969482422,110.06999969482422,7358,0.0,0.0
2024-07-10 12:42:00-04:00,110.05999755859375,110.09500122070312,110.05139923095703,110.05500030517578,1579,0.0,0.0
2024-07-10 12:43:00-04:00,110.08000183105469,110.0999984741211,110.08000183105469,110.08999633789062,3114,0.0,0.0
2024-07-10 12:44:00-04:00,110.125,110.30999755859375,110.08000183105469,110.2300033569336,12124,0.0,0.0
2024-07-10 12:45:00-04:00,110.16000366210938,110.20500183105469,110.16000366210938,110.16529846191406,1728,0.0,0.0
2024-07-10 12:46:00-04:00,110.2300033569336,110.30000305175781,110.2300033569336,110.30000305175781,1204,0.0,0.0
2024-07-10 12:47:00-04:00,110.30999755859375,110.37989807128906,110.27999877929688,110.27999877929688,659,0.0,0.0
2024-07-10 12:48:00-04:00,110.30000305175781,110.4000015258789,110.30000305175781,110.37999725341797,1691,0.0,0.0
2024-07-10 12:49:00-04:00,110.44000244140625,110.44499969482422,110.31999969482422,110.3499984741211,5335,0.0,0.0
2024-07-10 12:50:00-04:00,110.38999938964844,110.43000030517578,110.37000274658203,110.43000030517578,1399,0.0,0.0
2024-07-10 12:51:00-04:00,110.38999938964844,110.54499816894531,110.38999938964844,110.54499816894531,4066,0.0,0.0
2024-07-10 12:52:00-04:00,110.52999877929688,110.52999877929688,110.45999908447266,110.45999908447266,461,0.0,0.0
2024-07-10 12:53:00-04:00,110.51499938964844,110.51499938964844,110.51499938964844,110.51499938964844,398,0.0,0.0
2024-07-10 12:54:00-04:00,110.45999908447266,110.48999786376953,110.43000030517578,110.44499969482422,2924,0.0,0.0
2024-07-10 12:55:00-04:00,110.45999908447266,110.45999908447266,110.44999694824219,110.44999694824219,564,0.0,0.0
2024-07-10 12:56:00-04:00,110.45999908447266,110.55500030517578,110.45999908447266,110.54000091552734,24479,0.0,0.0
2024-07-10 12:57:00-04:00,110.55999755859375,110.62999725341797,110.5199966430664,110.56999969482422,4472,0.0,0.0
2024-07-10 12:58:00-04:00,110.55500030517578,110.59500122070312,110.55500030517578,110.56999969482422,1092,0.0,0.0
2024-07-10 12:59:00-04:00,110.56999969482422,110.63500213623047,110.56999969482422,110.5999984741211,3853,0.0,0.0
2024-07-10 13:00:00-04:00,110.5999984741211,110.83000183105469,110.5999984741211,110.83000183105469,5884,0.0,0.0
2024-07-10 13:01:00-04:00,110.83999633789062,110.9000015258789,110.79000091552734,110.9000015258789,833,0.0,0.0
2024-07-10 13:02:00-04:00,110.9000015258789,111.0,110.9000015258789,111.0,11324,0.0,0.0
2024-07-10 13:03:00-04:00,110.99500274658203,111.11000061035156,110.88999938964844,110.88999938964844,7328,0.0,0.0
2024-07-10 13:04:00-04:00,110.92500305175781,110.93499755859375,110.92500305175781,110.93499755859375,1028,0.0,0.0
2024-07-10 13:05:00-04:00,110.94499969482422,110.94499969482422,110.81999969482422,110.81999969482422,5611,0.0,0.0
2024-07-10 13:06:00-04:00,110.86499786376953,110.94000244140625,110.86499786376953,110.87300109863281,2217,0.0,0.0
2024-07-10 13:07:00-04:00,110.91000366210938,111.03399658203125,110.91000366210938,111.03399658203125,4126,0.0,0.0
2024-07-10 13:08:00-04:00,111.01499938964844,111.11000061035156,110.97000122070312,111.05999755859375,3341,0.0,0.0
2024-07-10 13:09:00-04:00,111.11000061035156,111.11000061035156,111.0,111.03500366210938,2713,0.0,0.0
2024-07-10 13:10:00-04:00,110.9800033569336,111.0,110.90080261230469,110.95999908447266,4033,0.0,0.0
2024-07-10 13:11:00-04:00,111.0,111.02999877929688,110.95999908447266,110.98500061035156,2302,0.0,0.0
2024-07-10 13:12:00-04:00,110.91999816894531,110.9800033569336,110.875,110.875,2938,0.0,0.0
2024-07-10 13:13:00-04:00,110.98999786376953,111.06500244140625,110.95249938964844,111.0250015258789,3656,0.0,0.0
2024-07-10 13:14:00-04:00,111.05000305175781,111.1187973022461,111.05000305175781,111.1187973022461,1429,0.0,0.0
2024-07-10 13:15:00-04:00,111.09500122070312,111.2300033569336,111.09500122070312,111.2300033569336,2592,0.0,0.0
2024-07-10 13:16:00-04:00,111.23500061035156,111.23500061035156,111.23500061035156,111.23500061035156,412,0.0,0.0
2024-07-10 13:17:00-04:00,111.23999786376953,111.29000091552734,111.20010375976562,111.24500274658203,1693,0.0,0.0
2024-07-10 13:18:00-04:00,111.25,111.25,111.16000366210938,111.16000366210938,3209,0.0,0.0
2024-07-10 13:19:00-04:00,111.12999725341797,111.12999725341797,111.08999633789062,111.08999633789062,1209,0.0,0.0
2024-07-10 13:20:00-04:00,111.11000061035156,111.16000366210938,111.1050033569336,111.13500213623047,5130,0.0,0.0
2024-07-10 13:21:00-04:00,111.1449966430664,111.1449966430664,111.05999755859375,111.05999755859375,3086,0.0,0.0
2024-07-10 13:22:00-04:00,111.06999969482422,111.07749938964844,111.04499816894531,111.04499816894531,1382,0.0,0.0
2024-07-10 13:23:00-04:00,111.04499816894531,111.0770034790039,110.9800033569336,110.9800033569336,4522,0.0,0.0
2024-07-10 13:24:00-04:00,111.01000213623047,111.01000213623047,110.9800033569336,110.9800033569336,1209,0.0,0.0
2024-07-10 13:25:00-04:00,110.95500183105469,111.02999877929688,110.91000366210938,110.95999908447266,10855,0.0,0.0
2024-07-10 13:26:00-04:00,111.02999877929688,111.02999877929688,110.94000244140625,110.95999908447266,3310,0.0,0.0
2024-07-10 13:27:00-04:00,111.02749633789062,111.05000305175781,110.95999908447266,111.00499725341797,5261,0.0,0.0
2024-07-10 13:28:00-04:00,111.0199966430664,111.0199966430664,110.97000122070312,111.0,2634,0.0,0.0
2024-07-10 13:29:00-04:00,111.01499938964844,111.01499938964844,110.98999786376953,111.01499938964844,2854,0.0,0.0
2024-07-10 13:30:00-04:00,111.01000213623047,111.05000305175781,111.0,111.0199966430664,10652,0.0,0.0
2024-07-10 13:31:00-04:00,110.9800033569336,110.9800033569336,110.87000274658203,110.87000274658203,2760,0.0,0.0
2024-07-10 13:32:00-04:00,110.93000030517578,110.93000030517578,110.93000030517578,110.93000030517578,1167,0.0,0.0
2024-07-10 13:33:00-04:00,110.88999938964844,110.88999938964844,110.87000274658203,110.87000274658203,904,0.0,0.0
2024-07-10 13:34:00-04:00,110.83999633789062,110.9000015258789,110.83999633789062,110.9000015258789,2006,0.0,0.0
2024-07-10 13:35:00-04:00,110.9000015258789,110.93000030517578,110.9000015258789,110.9000015258789,5195,0.0,0.0
2024-07-10 13:36:00-04:00,110.9000015258789,110.94000244140625,110.88999938964844,110.94000244140625,2563,0.0,0.0
2024-07-10 13:37:00-04:00,110.94999694824219,110.97000122070312,110.93000030517578,110.94999694824219,2288,0.0,0.0
2024-07-10 13:39:00-04:00,110.97000122070312,110.98999786376953,110.95500183105469,110.96499633789062,992,0.0,0.0
2024-07-10 13:40:00-04:00,110.94000244140625,110.98999786376953,110.94000244140625,110.97000122070312,3858,0.0,0.0
2024-07-10 13:41:00-04:00,110.97000122070312,111.0,110.97000122070312,110.97000122070312,1172,0.0,0.0
2024-07-10 13:42:00-04:00,111.0,111.02999877929688,111.0,111.01000213623047,1317,0.0,0.0
2024-07-10 13:43:00-04:00,110.9800033569336,110.98999786376953,110.9800033569336,110.98999786376953,939,0.0,0.0
2024-07-10 13:44:00-04:00,111.0199966430664,111.0199966430664,110.98500061035156,110.98500061035156,2801,0.0,0.0
2024-07-10 13:46:00-04:00,111.04000091552734,111.04000091552734,111.0199966430664,111.0199966430664,1748,0.0,0.0
2024-07-10 13:48:00-04:00,111.08000183105469,111.08000183105469,111.03720092773438,111.03720092773438,1269,0.0,0.0
2024-07-10 13:49:00-04:00,111.06999969482422,111.06999969482422,111.06999969482422,111.06999969482422,450,0.0,0.0
2024-07-10 13:50:00-04:00,111.05500030517578,111.05500030517578,110.9800033569336,111.01499938964844,4319,0.0,0.0
2024-07-10 13:51:00-04:00,111.01499938964844,111.01499938964844,111.01499938964844,111.01499938964844,801,0.0,0.0
2024-07-10 13:52:00-04:00,110.9800033569336,110.98999786376953,110.97000122070312,110.97959899902344,3520,0.0,0.0
2024-07-10 13:53:00-04:00,110.94999694824219,110.94999694824219,110.81999969482422,110.83000183105469,5313,0.0,0.0
2024-07-10 13:54:00-04:00,110.8499984741211,110.8499984741211,110.81999969482422,110.83460235595703,933,0.0,0.0
2024-07-10 13:55:00-04:00,110.84500122070312,110.84500122070312,110.76000213623047,110.79000091552734,7927,0.0,0.0
2024-07-10 13:56:00-04:00,110.8499984741211,110.87999725341797,110.7300033569336,110.7300033569336,9991,0.0,0.0
2024-07-10 13:57:00-04:00,110.7300033569336,110.7300033569336,110.70850372314453,110.70850372314453,1504,0.0,0.0
2024-07-10 13:58:00-04:00,110.72000122070312,110.72000122070312,110.63999938964844,110.6500015258789,1145,0.0,0.0
2024-07-10 13:59:00-04:00,110.66999816894531,110.83000183105469,110.5999984741211,110.79000091552734,16622,0.0,0.0
2024-07-10 14:00:00-04:00,110.74009704589844,110.74009704589844,110.74009704589844,110.74009704589844,9846,0.0,0.0
2024-07-10 14:01:00-04:00,110.73999786376953,110.73999786376953,110.69000244140625,110.69000244140625,931,0.0,0.0
2024-07-10 14:02:00-04:00,110.75,110.75,110.73750305175781,110.73750305175781,2233,0.0,0.0
2024-07-10 14:03:00-04:00,110.77999877929688,110.79000091552734,110.77999877929688,110.79000091552734,2643,0.0,0.0
2024-07-10 14:04:00-04:00,110.81999969482422,110.83999633789062,110.77999877929688,110.77999877929688,3247,0.0,0.0
2024-07-10 14:05:00-04:00,110.76000213623047,110.76000213623047,110.70999908447266,110.7300033569336,2163,0.0,0.0
2024-07-10 14:06:00-04:00,110.7300033569336,110.7300033569336,110.67500305175781,110.68000030517578,6614,0.0,0.0
2024-07-10 14:07:00-04:00,110.69000244140625,110.72000122070312,110.5,110.55000305175781,17899,0.0,0.0
2024-07-10 14:08:00-04:00,110.55000305175781,110.6500015258789,110.55000305175781,110.61000061035156,6769,0.0,0.0
2024-07-10 14:10:00-04:00,110.61499786376953,110.66000366210938,110.61499786376953,110.66000366210938,1927,0.0,0.0
2024-07-10 14:11:00-04:00,110.64099884033203,110.65499877929688,110.58999633789062,110.58999633789062,1817,0.0,0.0
2024-07-10 14:12:00-04:00,110.6050033569336,110.63999938964844,110.58999633789062,110.63999938964844,1895,0.0,0.0
2024-07-10 14:13:00-04:00,110.6050033569336,110.6050033569336,110.6050033569336,110.6050033569336,492,0.0,0.0
2024-07-10 14:14:00-04:00,110.6050033569336,110.73500061035156,110.6050033569336,110.73500061035156,4373,0.0,0.0
2024-07-10 14:15:00-04:00,110.7300033569336,110.81999969482422,110.7300033569336,110.73999786376953,3787,0.0,0.0
2024-07-10 14:16:00-04:00,110.73999786376953,110.73999786376953,110.66999816894531,110.66999816894531,2222,0.0,0.0
2024-07-10 14:17:00-04:00,110.66500091552734,110.69000244140625,110.66500091552734,110.69000244140625,2070,0.0,0.0
2024-07-10 14:18:00-04:00,110.69000244140625,110.70999908447266,110.69000244140625,110.70999908447266,2338,0.0,0.0
2024-07-10 14:19:00-04:00,110.66000366210938,110.66000366210938,110.66000366210938,110.66000366210938,341,0.0,0.0
2024-07-10 14:20:00-04:00,110.63999938964844,110.69999694824219,110.63999938964844,110.64099884033203,4018,0.0,0.0
2024-07-10 14:22:00-04:00,110.63999938964844,110.63999938964844,110.63999938964844,110.63999938964844,1267,0.0,0.0
2024-07-10 14:23:00-04:00,110.62000274658203,110.62000274658203,110.54000091552734,110.54000091552734,2556,0.0,0.0
2024-07-10 14:25:00-04:00,110.56999969482422,110.57499694824219,110.52999877929688,110.57499694824219,2581,0.0,0.0
2024-07-10 14:26:00-04:00,110.57499694824219,110.57499694824219,110.54000091552734,110.54000091552734,636,0.0,0.0
2024-07-10 14:27:00-04:00,110.56500244140625,110.56500244140625,110.55500030517578,110.55500030517578,633,0.0,0.0
2024-07-10 14:28:00-04:00,110.5199966430664,110.58999633789062,110.5,110.58999633789062,5235,0.0,0.0
2024-07-10 14:29:00-04:00,110.5,110.51200103759766,110.5,110.51200103759766,1736,0.0,0.0
2024-07-10 14:30:00-04:00,110.51000213623047,110.54000091552734,110.48999786376953,110.48999786376953,1520,0.0,0.0
2024-07-10 14:31:00-04:00,110.54000091552734,110.58000183105469,110.52999877929688,110.54000091552734,3888,0.0,0.0
2024-07-10 14:32:00-04:00,110.5884017944336,110.6500015258789,110.55000305175781,110.6500015258789,7611,0.0,0.0
2024-07-10 14:33:00-04:00,110.62999725341797,110.6500015258789,110.62999725341797,110.6500015258789,674,0.0,0.0
2024-07-10 14:34:00-04:00,110.6500015258789,110.68000030517578,110.6500015258789,110.68000030517578,2270,0.0,0.0
2024-07-10 14:35:00-04:00,110.66000366210938,110.80000305175781,110.66000366210938,110.80000305175781,1892,0.0,0.0
2024-07-10 14:36:00-04:00,110.80000305175781,110.80000305175781,110.70500183105469,110.75,4703,0.0,0.0
2024-07-10 14:37:00-04:00,110.79989624023438,110.79989624023438,110.79989624023438,110.79989624023438,762,0.0,0.0
2024-07-10 14:38:00-04:00,110.72000122070312,110.72000122070312,110.66000366210938,110.66000366210938,4322,0.0,0.0
2024-07-10 14:40:00-04:00,110.63999938964844,110.63999938964844,110.58000183105469,110.6050033569336,2247,0.0,0.0
2024-07-10 14:41:00-04:00,110.61499786376953,110.61499786376953,110.58000183105469,110.58000183105469,2647,0.0,0.0
2024-07-10 14:42:00-04:00,110.55000305175781,110.55000305175781,110.55000305175781,110.55000305175781,2051,0.0,0.0
2024-07-10 14:43:00-04:00,110.5,110.52999877929688,110.49500274658203,110.52999877929688,2215,0.0,0.0
2024-07-10 14:44:00-04:00,110.52999877929688,110.53780364990234,110.52999877929688,110.53780364990234,787,0.0,0.0
2024-07-10 14:45:00-04:00,110.5,110.56990051269531,110.47000122070312,110.5,5890,0.0,0.0
2024-07-10 14:46:00-04:00,110.5,110.5,110.4800033569336,110.4800033569336,1394,0.0,0.0
2024-07-10 14:47:00-04:00,110.48500061035156,110.5250015258789,110.30500030517578,110.36499786376953,5119,0.0,0.0
2024-07-10 14:48:00-04:00,110.33000183105469,110.33000183105469,110.27999877929688,110.27999877929688,1881,0.0,0.0
2024-07-10 14:49:00-04:00,110.27999877929688,110.31999969482422,110.2699966430664,110.2699966430664,1755,0.0,0.0
2024-07-10 14:50:00-04:00,110.23999786376953,110.26000213623047,110.23999786376953,110.26000213623047,1141,0.0,0.0
2024-07-10 14:51:00-04:00,110.29000091552734,110.37999725341797,110.26000213623047,110.3499984741211,4670,0.0,0.0
2024-07-10 14:52:00-04:00,110.31999969482422,110.3499984741211,110.30000305175781,110.32499694824219,3154,0.0,0.0
2024-07-10 14:53:00-04:00,110.29000091552734,110.29000091552734,110.2699966430664,110.29000091552734,1379,0.0,0.0
2024-07-10 14:54:00-04:00,110.33000183105469,110.38999938964844,110.33000183105469,110.3499984741211,3163,0.0,0.0
2024-07-10 14:55:00-04:00,110.31999969482422,110.44000244140625,110.31999969482422,110.33000183105469,3971,0.0,0.0
2024-07-10 14:56:00-04:00,110.29000091552734,110.32499694824219,110.29000091552734,110.31500244140625,2628,0.0,0.0
2024-07-10 14:57:00-04:00,110.31500244140625,110.31500244140625,110.2699966430664,110.2750015258789,3693,0.0,0.0
2024-07-10 14:58:00-04:00,110.30999755859375,110.34500122070312,110.30999755859375,110.34500122070312,736,0.0,0.0
2024-07-10 14:59:00-04:00,110.30879974365234,110.38999938964844,110.30879974365234,110.37000274658203,5526,0.0,0.0
2024-07-10 15:00:00-04:00,110.33999633789062,110.36360168457031,110.33999633789062,110.33999633789062,3721,0.0,0.0
2024-07-10 15:01:00-04:00,110.33999633789062,110.3499984741211,110.26000213623047,110.26000213623047,5364,0.0,0.0
2024-07-10 15:03:00-04:00,110.45500183105469,110.45500183105469,110.45500183105469,110.45500183105469,10380,0.0,0.0
2024-07-10 15:04:00-04:00,110.5,110.5,110.41999816894531,110.41999816894531,4226,0.0,0.0
2024-07-10 15:05:00-04:00,110.41000366210938,110.46929931640625,110.3499984741211,110.36000061035156,4540,0.0,0.0
2024-07-10 15:07:00-04:00,110.34500122070312,110.4800033569336,110.33000183105469,110.44999694824219,6829,0.0,0.0
2024-07-10 15:08:00-04:00,110.46499633789062,110.55000305175781,110.46499633789062,110.55000305175781,883,0.0,0.0
2024-07-10 15:09:00-04:00,110.62999725341797,110.62999725341797,110.61000061035156,110.61000061035156,1169,0.0,0.0
2024-07-10 15:10:00-04:00,110.6449966430664,110.65499877929688,110.6449966430664,110.65499877929688,756,0.0,0.0
2024-07-10 15:11:00-04:00,110.61000061035156,110.63999938964844,110.44499969482422,110.48500061035156,4760,0.0,0.0
2024-07-10 15:12:00-04:00,110.44999694824219,110.45999908447266,110.44000244140625,110.45999908447266,1043,0.0,0.0
2024-07-10 15:13:00-04:00,110.43499755859375,110.44499969482422,110.41999816894531,110.44000244140625,1337,0.0,0.0
2024-07-10 15:14:00-04:00,110.51000213623047,110.625,110.47000122070312,110.625,3573,0.0,0.0
2024-07-10 15:15:00-04:00,110.63999938964844,110.63999938964844,110.625,110.625,665,0.0,0.0
2024-07-10 15:16:00-04:00,110.63999938964844,110.66999816894531,110.62889862060547,110.62889862060547,3559,0.0,0.0
2024-07-10 15:17:00-04:00,110.62000274658203,110.62000274658203,110.62000274658203,110.62000274658203,1030,0.0,0.0
2024-07-10 15:18:00-04:00,110.625,110.68000030517578,110.625,110.66999816894531,3002,0.0,0.0
2024-07-10 15:20:00-04:00,110.75,110.79499816894531,110.7300033569336,110.79499816894531,2435,0.0,0.0
2024-07-10 15:21:00-04:00,110.73999786376953,110.76000213623047,110.73999786376953,110.76000213623047,3303,0.0,0.0
2024-07-10 15:22:00-04:00,110.7300033569336,110.75,110.7300033569336,110.75,1884,0.0,0.0
2024-07-10 15:23:00-04:00,110.77999877929688,110.79000091552734,110.76000213623047,110.7699966430664,3998,0.0,0.0
2024-07-10 15:24:00-04:00,110.79000091552734,110.79000091552734,110.70999908447266,110.72000122070312,3477,0.0,0.0
2024-07-10 15:25:00-04:00,110.72000122070312,110.72000122070312,110.6500015258789,110.67400360107422,2517,0.0,0.0
2024-07-10 15:26:00-04:00,110.67500305175781,110.67500305175781,110.65499877929688,110.67500305175781,2658,0.0,0.0
2024-07-10 15:27:00-04:00,110.69999694824219,110.81999969482422,110.69999694824219,110.80000305175781,5737,0.0,0.0
2024-07-10 15:28:00-04:00,110.80000305175781,110.80000305175781,110.75,110.75,958,0.0,0.0
2024-07-10 15:29:00-04:00,110.7699966430664,110.7699966430664,110.66000366210938,110.66000366210938,3532,0.0,0.0
2024-07-10 15:30:00-04:00,110.62999725341797,110.67500305175781,110.62999725341797,110.67500305175781,2126,0.0,0.0
2024-07-10 15:31:00-04:00,110.68000030517578,110.68000030517578,110.55000305175781,110.55500030517578,4175,0.0,0.0
2024-07-10 15:32:00-04:00,110.55999755859375,110.66999816894531,110.55999755859375,110.66000366210938,8495,0.0,0.0
2024-07-10 15:33:00-04:00,110.63999938964844,110.69400024414062,110.63999938964844,110.67500305175781,4620,0.0,0.0
2024-07-10 15:34:00-04:00,110.66000366210938,110.73999786376953,110.66000366210938,110.73500061035156,4451,0.0,0.0
2024-07-10 15:35:00-04:00,110.73500061035156,110.7699966430664,110.73500061035156,110.76000213623047,2931,0.0,0.0
2024-07-10 15:36:00-04:00,110.76499938964844,110.81500244140625,110.76499938964844,110.81500244140625,2335,0.0,0.0
2024-07-10 15:37:00-04:00,110.81500244140625,110.81500244140625,110.76000213623047,110.79499816894531,7315,0.0,0.0
2024-07-10 15:38:00-04:00,110.79499816894531,110.84940338134766,110.79000091552734,110.79000091552734,3375,0.0,0.0
2024-07-10 15:39:00-04:00,110.81999969482422,110.8499984741211,110.80000305175781,110.83999633789062,7472,0.0,0.0
2024-07-10 15:40:00-04:00,110.83499908447266,110.83499908447266,110.80500030517578,110.80500030517578,4332,0.0,0.0
2024-07-10 15:41:00-04:00,110.83000183105469,110.88999938964844,110.83000183105469,110.88500213623047,5495,0.0,0.0
2024-07-10 15:42:00-04:00,110.88500213623047,110.95999908447266,110.86620330810547,110.93499755859375,6117,0.0,0.0
2024-07-10 15:43:00-04:00,110.94999694824219,110.94999694824219,110.88999938964844,110.88999938964844,10550,0.0,0.0
2024-07-10 15:44:00-04:00,110.87000274658203,110.87999725341797,110.7699966430664,110.86000061035156,13329,0.0,0.0
2024-07-10 15:45:00-04:00,110.87999725341797,110.88500213623047,110.75,110.77999877929688,7724,0.0,0.0
2024-07-10 15:46:00-04:00,110.78500366210938,110.8385009765625,110.7699966430664,110.7699966430664,3263,0.0,0.0
2024-07-10 15:47:00-04:00,110.79000091552734,110.8499984741211,110.79000091552734,110.8499984741211,5569,0.0,0.0
2024-07-10 15:48:00-04:00,110.81999969482422,110.91999816894531,110.81999969482422,110.9166030883789,5155,0.0,0.0
2024-07-10 15:49:00-04:00,110.91000366210938,110.92990112304688,110.79000091552734,110.81999969482422,12557,0.0,0.0
2024-07-10 15:50:00-04:00,110.80999755859375,110.90499877929688,110.7249984741211,110.90499877929688,14928,0.0,0.0
2024-07-10 15:51:00-04:00,110.91000366210938,110.94499969482422,110.87999725341797,110.90499877929688,17984,0.0,0.0
2024-07-10 15:52:00-04:00,110.90499877929688,110.98999786376953,110.90499877929688,110.98999786376953,10583,0.0,0.0
2024-07-10 15:53:00-04:00,110.97750091552734,111.02999877929688,110.80000305175781,110.80000305175781,34118,0.0,0.0
2024-07-10 15:54:00-04:00,110.81999969482422,110.8499984741211,110.69000244140625,110.75,46339,0.0,0.0
2024-07-10 15:55:00-04:00,110.75,110.80000305175781,110.75,110.76000213623047,25997,0.0,0.0
2024-07-10 15:56:00-04:00,110.7750015258789,110.80000305175781,110.75,110.76000213623047,24037,0.0,0.0
2024-07-10 15:57:00-04:00,110.76000213623047,110.80999755859375,110.76000213623047,110.80000305175781,25217,0.0,0.0
2024-07-10 15:58:00-04:00,110.79000091552734,110.80000305175781,110.73999786376953,110.7750015258789,32508,0.0,0.0
2024-07-10 15:59:00-04:00,110.77999877929688,110.80999755859375,110.75,110.80000305175781,50570,0.0,0.0
2024-07-11 09:30:00-04:00,111.0199966430664,111.09500122070312,110.80000305175781,111.09500122070312,32471,0.0,0.0
2024-07-11 09:32:00-04:00,111.42500305175781,111.42500305175781,111.42500305175781,111.42500305175781,432,0.0,0.0
2024-07-11 09:33:00-04:00,111.27999877929688,111.62999725341797,111.27999877929688,111.62999725341797,2456,0.0,0.0
2024-07-11 09:35:00-04:00,111.54000091552734,111.6500015258789,111.54000091552734,111.6500015258789,2891,0.0,0.0
2024-07-11 09:36:00-04:00,111.72000122070312,111.9000015258789,111.72000122070312,111.9000015258789,2561,0.0,0.0
2024-07-11 09:37:00-04:00,111.88999938964844,111.88999938964844,111.8499984741211,111.8499984741211,1088,0.0,0.0
2024-07-11 09:38:00-04:00,111.83499908447266,111.83499908447266,111.83499908447266,111.83499908447266,604,0.0,0.0
2024-07-11 09:39:00-04:00,111.91999816894531,112.125,111.91999816894531,112.125,4329,0.0,0.0
2024-07-11 09:40:00-04:00,112.02999877929688,112.0999984741211,112.0199966430664,112.0999984741211,947,0.0,0.0
2024-07-11 09:41:00-04:00,112.0250015258789,112.11000061035156,111.98999786376953,112.11000061035156,2284,0.0,0.0
2024-07-11 09:42:00-04:00,112.0,112.04499816894531,111.9749984741211,111.9749984741211,1899,0.0,0.0
2024-07-11 09:43:00-04:00,111.91999816894531,112.12000274658203,111.73999786376953,112.08499908447266,3853,0.0,0.0
2024-07-11 09:44:00-04:00,112.06999969482422,112.06999969482422,112.06999969482422,112.06999969482422,599,0.0,0.0
2024-07-11 09:45:00-04:00,112.25,112.25,112.05000305175781,112.16000366210938,1857,0.0,0.0
2024-07-11 09:46:00-04:00,112.05000305175781,112.05000305175781,112.05000305175781,112.05000305175781,1512,0.0,0.0
2024-07-11 09:47:00-04:00,112.22000122070312,112.22000122070312,112.13999938964844,112.13999938964844,232,0.0,0.0
2024-07-11 09:48:00-04:00,112.23999786376953,112.48999786376953,112.23999786376953,112.33000183105469,1854,0.0,0.0
2024-07-11 09:49:00-04:00,112.41000366210938,112.52999877929688,112.38999938964844,112.43000030517578,2743,0.0,0.0
2024-07-11 09:50:00-04:00,112.44999694824219,112.44999694824219,112.29000091552734,112.32499694824219,2997,0.0,0.0
2024-07-11 09:51:00-04:00,112.41000366210938,112.5,112.3949966430664,112.5,1976,0.0,0.0
2024-07-11 09:52:00-04:00,112.6449966430664,112.70099639892578,112.43000030517578,112.55000305175781,2463,0.0,0.0
2024-07-11 09:53:00-04:00,112.48999786376953,112.51000213623047,112.48999786376953,112.51000213623047,1136,0.0,0.0
2024-07-11 09:54:00-04:00,112.44010162353516,112.54499816894531,112.44010162353516,112.54499816894531,869,0.0,0.0
2024-07-11 09:55:00-04:00,112.56179809570312,112.56179809570312,112.3499984741211,112.4000015258789,3599,0.0,0.0
2024-07-11 09:56:00-04:00,112.37000274658203,112.4000015258789,112.19000244140625,112.19000244140625,4445,0.0,0.0
2024-07-11 09:57:00-04:00,112.19499969482422,112.33000183105469,112.19499969482422,112.33000183105469,7069,0.0,0.0
2024-07-11 09:58:00-04:00,112.37999725341797,112.41000366210938,112.36000061035156,112.41000366210938,812,0.0,0.0
2024-07-11 09:59:00-04:00,112.36000061035156,112.62999725341797,112.3550033569336,112.5999984741211,7286,0.0,0.0
2024-07-11 10:00:00-04:00,112.69999694824219,112.8499984741211,112.61000061035156,112.80999755859375,3319,0.0,0.0
2024-07-11 10:01:00-04:00,112.72000122070312,112.76000213623047,112.6500015258789,112.66000366210938,3258,0.0,0.0
2024-07-11 10:02:00-04:00,112.75,112.79000091552734,112.69000244140625,112.79000091552734,3479,0.0,0.0
2024-07-11 10:03:00-04:00,112.80000305175781,112.80000305175781,112.76000213623047,112.76000213623047,1883,0.0,0.0
2024-07-11 10:04:00-04:00,112.77999877929688,112.83999633789062,112.66999816894531,112.72000122070312,4134,0.0,0.0
2024-07-11 10:05:00-04:00,112.65499877929688,112.65499877929688,112.43000030517578,112.44000244140625,3783,0.0,0.0
2024-07-11 10:06:00-04:00,112.44000244140625,112.48999786376953,112.37000274658203,112.37000274658203,7151,0.0,0.0
2024-07-11 10:07:00-04:00,112.43000030517578,112.6500015258789,112.41999816894531,112.6500015258789,3771,0.0,0.0
2024-07-11 10:08:00-04:00,112.77999877929688,112.79000091552734,112.70469665527344,112.76499938964844,1303,0.0,0.0
2024-07-11 10:09:00-04:00,112.66999816894531,112.70500183105469,112.42179870605469,112.42179870605469,3487,0.0,0.0
2024-07-11 10:10:00-04:00,112.41000366210938,112.41000366210938,112.3499984741211,112.39800262451172,1003,0.0,0.0
2024-07-11 10:11:00-04:00,112.44999694824219,112.58000183105469,112.44999694824219,112.5,4434,0.0,0.0
2024-07-11 10:12:00-04:00,112.54499816894531,112.54499816894531,112.43000030517578,112.43000030517578,2425,0.0,0.0
2024-07-11 10:13:00-04:00,112.37000274658203,112.37000274658203,112.37000274658203,112.37000274658203,1244,0.0,0.0
2024-07-11 10:14:00-04:00,112.43000030517578,112.75,112.43000030517578,112.75,12340,0.0,0.0
2024-07-11 10:15:00-04:00,112.69999694824219,112.77999877929688,112.69999694824219,112.72000122070312,7087,0.0,0.0
2024-07-11 10:16:00-04:00,112.75,112.80999755859375,112.75,112.7750015258789,3443,0.0,0.0
2024-07-11 10:17:00-04:00,112.79000091552734,113.1500015258789,112.79000091552734,113.12000274658203,11789,0.0,0.0
2024-07-11 10:18:00-04:00,113.12999725341797,113.12999725341797,113.0199966430664,113.08999633789062,4808,0.0,0.0
2024-07-11 10:19:00-04:00,113.0199966430664,113.11000061035156,113.01000213623047,113.05000305175781,6483,0.0,0.0
2024-07-11 10:20:00-04:00,113.05000305175781,113.05000305175781,112.87999725341797,112.87999725341797,2008,0.0,0.0
2024-07-11 10:21:00-04:00,112.9800033569336,112.9800033569336,112.75,112.83499908447266,2328,0.0,0.0
2024-07-11 10:22:00-04:00,112.86000061035156,113.01000213623047,112.86000061035156,113.01000213623047,3230,0.0,0.0
2024-07-11 10:23:00-04:00,113.2300033569336,113.2300033569336,113.16000366210938,113.16000366210938,688,0.0,0.0
2024-07-11 10:24:00-04:00,113.05000305175781,113.13999938964844,113.05000305175781,113.06999969482422,4299,0.0,0.0
2024-07-11 10:25:00-04:00,113.04000091552734,113.04000091552734,112.94000244140625,113.0,1691,0.0,0.0
2024-07-11 10:26:00-04:00,112.9540023803711,113.04000091552734,112.83000183105469,112.99500274658203,7878,0.0,0.0
2024-07-11 10:27:00-04:00,113.16000366210938,113.16000366210938,113.13999938964844,113.1500015258789,929,0.0,0.0
2024-07-11 10:28:00-04:00,113.06500244140625,113.06500244140625,113.05999755859375,113.05999755859375,716,0.0,0.0
2024-07-11 10:29:00-04:00,113.01499938964844,113.08000183105469,112.97000122070312,113.02940368652344,1814,0.0,0.0
2024-07-11 10:30:00-04:00,113.01499938964844,113.11000061035156,113.01499938964844,113.0199966430664,2773,0.0,0.0
2024-07-11 10:31:00-04:00,113.08000183105469,113.13999938964844,113.08000183105469,113.13999938964844,954,0.0,0.0
2024-07-11 10:32:00-04:00,113.13999938964844,113.37999725341797,113.13899993896484,113.37999725341797,20585,0.0,0.0
2024-07-11 10:33:00-04:00,113.32499694824219,113.32499694824219,113.30500030517578,113.30500030517578,2017,0.0,0.0
2024-07-11 10:34:00-04:00,113.36000061035156,113.36000061035156,113.28780364990234,113.3499984741211,1009,0.0,0.0
2024-07-11 10:35:00-04:00,113.38999938964844,113.5,113.38999938964844,113.5,2225,0.0,0.0
2024-07-11 10:36:00-04:00,113.44000244140625,113.45999908447266,113.29000091552734,113.31500244140625,5962,0.0,0.0
2024-07-11 10:37:00-04:00,113.30500030517578,113.41999816894531,113.30500030517578,113.36499786376953,2187,0.0,0.0
2024-07-11 10:38:00-04:00,113.29119873046875,113.3499984741211,113.29119873046875,113.3499984741211,1277,0.0,0.0
2024-07-11 10:39:00-04:00,113.3499984741211,113.41000366210938,113.33999633789062,113.41000366210938,1059,0.0,0.0
2024-07-11 10:40:00-04:00,113.3499984741211,113.44000244140625,113.20999908447266,113.25,4068,0.0,0.0
2024-07-11 10:41:00-04:00,113.2562026977539,113.29000091552734,113.16000366210938,113.16000366210938,1935,0.0,0.0
2024-07-11 10:42:00-04:00,113.05999755859375,113.05999755859375,113.05999755859375,113.05999755859375,872,0.0,0.0
2024-07-11 10:43:00-04:00,113.19999694824219,113.19999694824219,113.05999755859375,113.16000366210938,2703,0.0,0.0
2024-07-11 10:44:00-04:00,113.13999938964844,113.13999938964844,113.13999938964844,113.13999938964844,680,0.0,0.0
2024-07-11 10:45:00-04:00,113.0999984741211,113.16000366210938,113.08000183105469,113.16000366210938,1028,0.0,0.0
2024-07-11 10:46:00-04:00,113.15779876708984,113.31999969482422,113.15779876708984,113.30999755859375,5304,0.0,0.0
2024-07-11 10:47:00-04:00,113.31999969482422,113.37000274658203,113.31999969482422,113.36399841308594,488,0.0,0.0
2024-07-11 10:48:00-04:00,113.38999938964844,113.38999938964844,113.34500122070312,113.3499984741211,1654,0.0,0.0
2024-07-11 10:49:00-04:00,113.33000183105469,113.51000213623047,113.33000183105469,113.48999786376953,2540,0.0,0.0
2024-07-11 10:50:00-04:00,113.48500061035156,113.5199966430664,113.47000122070312,113.4800033569336,3871,0.0,0.0
2024-07-11 10:51:00-04:00,113.47000122070312,113.54000091552734,113.47000122070312,113.54000091552734,930,0.0,0.0
2024-07-11 10:52:00-04:00,113.48500061035156,113.63500213623047,113.48500061035156,113.63500213623047,6437,0.0,0.0
2024-07-11 10:53:00-04:00,113.63999938964844,113.79989624023438,113.5199966430664,113.52999877929688,12160,0.0,0.0
2024-07-11 10:54:00-04:00,113.5199966430664,113.5999984741211,113.4800033569336,113.55999755859375,5176,0.0,0.0
2024-07-11 10:55:00-04:00,113.44999694824219,113.4800033569336,113.375,113.44000244140625,3346,0.0,0.0
2024-07-11 10:56:00-04:00,113.32499694824219,113.4000015258789,113.32499694824219,113.4000015258789,1107,0.0,0.0
2024-07-11 10:57:00-04:00,113.33499908447266,113.4800033569336,113.32749938964844,113.375,4622,0.0,0.0
2024-07-11 10:58:00-04:00,113.37000274658203,113.37000274658203,113.00499725341797,113.01000213623047,40064,0.0,0.0
2024-07-11 10:59:00-04:00,112.9749984741211,113.31999969482422,112.87000274658203,113.29000091552734,17789,0.0,0.0
2024-07-11 11:00:00-04:00,113.33000183105469,113.41999816894531,113.32499694824219,113.4000015258789,3283,0.0,0.0
2024-07-11 11:01:00-04:00,113.36000061035156,113.4000015258789,113.3499984741211,113.4000015258789,822,0.0,0.0
2024-07-11 11:02:00-04:00,113.2300033569336,113.29000091552734,113.16999816894531,113.27999877929688,1880,0.0,0.0
2024-07-11 11:03:00-04:00,113.125,113.125,113.05999755859375,113.05999755859375,809,0.0,0.0
2024-07-11 11:04:00-04:00,113.05500030517578,113.2699966430664,113.05500030517578,113.26000213623047,3462,0.0,0.0
2024-07-11 11:05:00-04:00,113.37000274658203,113.37000274658203,113.31999969482422,113.37000274658203,807,0.0,0.0
2024-07-11 11:06:00-04:00,113.38140106201172,113.38500213623047,113.38140106201172,113.38500213623047,650,0.0,0.0
2024-07-11 11:07:00-04:00,113.45999908447266,113.45999908447266,113.33000183105469,113.33499908447266,2712,0.0,0.0
2024-07-11 11:08:00-04:00,113.33999633789062,113.41000366210938,113.33999633789062,113.41000366210938,1080,0.0,0.0
2024-07-11 11:09:00-04:00,113.43000030517578,113.43000030517578,113.34500122070312,113.35749816894531,797,0.0,0.0
2024-07-11 11:10:00-04:00,113.41999816894531,113.52999877929688,113.41999816894531,113.52999877929688,3602,0.0,0.0
2024-07-11 11:11:00-04:00,113.5250015258789,113.66000366210938,113.5250015258789,113.56999969482422,5962,0.0,0.0
2024-07-11 11:12:00-04:00,113.47000122070312,113.47000122070312,113.43000030517578,113.43000030517578,1245,0.0,0.0
2024-07-11 11:13:00-04:00,113.43000030517578,113.48999786376953,113.43000030517578,113.48999786376953,2149,0.0,0.0
2024-07-11 11:14:00-04:00,113.5,113.5,113.43000030517578,113.43499755859375,1583,0.0,0.0
2024-07-11 11:15:00-04:00,113.44000244140625,113.47000122070312,113.33999633789062,113.47000122070312,6243,0.0,0.0
2024-07-11 11:17:00-04:00,113.37999725341797,113.41999816894531,113.37999725341797,113.4115982055664,3160,0.0,0.0
2024-07-11 11:18:00-04:00,113.37999725341797,113.37999725341797,113.37000274658203,113.37000274658203,2699,0.0,0.0
2024-07-11 11:19:00-04:00,113.38500213623047,113.38500213623047,113.29000091552734,113.29000091552734,7320,0.0,0.0
2024-07-11 11:20:00-04:00,113.2750015258789,113.33999633789062,113.2750015258789,113.33999633789062,3301,0.0,0.0
2024-07-11 11:22:00-04:00,113.29000091552734,113.3499984741211,113.0999984741211,113.12999725341797,8798,0.0,0.0
2024-07-11 11:23:00-04:00,113.11000061035156,113.11499786376953,113.0,113.0,1012,0.0,0.0
2024-07-11 11:24:00-04:00,113.05500030517578,113.11000061035156,113.05000305175781,113.06500244140625,1660,0.0,0.0
2024-07-11 11:25:00-04:00,113.0999984741211,113.36000061035156,113.06009674072266,113.36000061035156,5796,0.0,0.0
2024-07-11 11:26:00-04:00,113.23999786376953,113.30999755859375,113.19000244140625,113.29000091552734,4771,0.0,0.0
2024-07-11 11:27:00-04:00,113.37999725341797,113.37999725341797,113.24210357666016,113.37000274658203,3633,0.0,0.0
2024-07-11 11:28:00-04:00,113.30000305175781,113.3499984741211,113.26000213623047,113.30000305175781,7599,0.0,0.0
2024-07-11 11:29:00-04:00,113.33999633789062,113.42500305175781,113.33999633789062,113.41999816894531,3310,0.0,0.0
2024-07-11 11:30:00-04:00,113.42500305175781,113.5,113.23999786376953,113.2699966430664,7137,0.0,0.0
2024-07-11 11:31:00-04:00,113.25,113.45999908447266,113.25,113.375,4093,0.0,0.0
2024-07-11 11:32:00-04:00,113.26000213623047,113.2699966430664,113.22000122070312,113.26000213623047,4243,0.0,0.0
2024-07-11 11:33:00-04:00,113.33000183105469,113.33000183105469,113.31999969482422,113.33000183105469,1169,0.0,0.0
2024-07-11 11:34:00-04:00,113.29499816894531,113.37999725341797,113.28500366210938,113.37999725341797,1234,0.0,0.0
2024-07-11 11:35:00-04:00,113.3499984741211,113.41000366210938,113.2699966430664,113.29499816894531,4413,0.0,0.0
2024-07-11 11:36:00-04:00,113.33999633789062,113.3949966430664,113.33999633789062,113.3949966430664,1156,0.0,0.0
2024-07-11 11:37:00-04:00,113.45999908447266,113.5999984741211,113.37000274658203,113.54499816894531,3254,0.0,0.0
2024-07-11 11:38:00-04:00,113.55000305175781,113.5999984741211,113.52999877929688,113.52999877929688,2519,0.0,0.0
2024-07-11 11:39:00-04:00,113.52999877929688,113.5999984741211,113.52999877929688,113.5999984741211,1784,0.0,0.0
2024-07-11 11:40:00-04:00,113.70999908447266,113.70999908447266,113.70999908447266,113.70999908447266,1014,0.0,0.0
2024-07-11 11:41:00-04:00,113.62999725341797,113.7699966430664,113.52999877929688,113.6050033569336,3263,0.0,0.0
2024-07-11 11:42:00-04:00,113.55180358886719,113.61000061035156,113.48999786376953,113.61000061035156,5401,0.0,0.0
2024-07-11 11:43:00-04:00,113.63999938964844,113.6500015258789,113.36000061035156,113.36000061035156,11324,0.0,0.0
2024-07-11 11:44:00-04:00,113.37000274658203,113.44999694824219,113.37000274658203,113.375,5338,0.0,0.0
2024-07-11 11:45:00-04:00,113.44000244140625,113.5199966430664,113.44000244140625,113.44999694824219,1274,0.0,0.0
2024-07-11 11:46:00-04:00,113.44000244140625,113.44000244140625,113.37999725341797,113.37999725341797,1017,0.0,0.0
2024-07-11 11:47:00-04:00,113.43000030517578,113.43000030517578,113.33000183105469,113.33000183105469,1454,0.0,0.0
2024-07-11 11:48:00-04:00,113.37999725341797,113.37999725341797,113.3499984741211,113.37999725341797,3190,0.0,0.0
2024-07-11 11:49:00-04:00,113.36000061035156,113.5,113.34249877929688,113.5,4290,0.0,0.0
2024-07-11 11:50:00-04:00,113.48999786376953,113.55000305175781,113.48999786376953,113.55000305175781,1619,0.0,0.0
2024-07-11 11:51:00-04:00,113.51499938964844,113.51499938964844,113.51499938964844,113.51499938964844,430,0.0,0.0
2024-07-11 11:52:00-04:00,113.48999786376953,113.48999786376953,113.2300033569336,113.2300033569336,5153,0.0,0.0
2024-07-11 11:53:00-04:00,113.23999786376953,113.26000213623047,113.13999938964844,113.13999938964844,3213,0.0,0.0
2024-07-11 11:54:00-04:00,113.1449966430664,113.1449966430664,113.0,113.0,3117,0.0,0.0
2024-07-11 11:55:00-04:00,113.06999969482422,113.08000183105469,113.06999969482422,113.08000183105469,1127,0.0,0.0
2024-07-11 11:56:00-04:00,112.97000122070312,113.08000183105469,112.97000122070312,113.08000183105469,2032,0.0,0.0
2024-07-11 11:57:00-04:00,113.03500366210938,113.08999633789062,113.03500366210938,113.08999633789062,2213,0.0,0.0
2024-07-11 11:58:00-04:00,113.03500366210938,113.05999755859375,113.0199966430664,113.05999755859375,2507,0.0,0.0
2024-07-11 11:59:00-04:00,113.0250015258789,113.0999984741211,113.0250015258789,113.04000091552734,6403,0.0,0.0
2024-07-11 12:00:00-04:00,113.03500366210938,113.03500366210938,112.95999908447266,112.98999786376953,2160,0.0,0.0
2024-07-11 12:01:00-04:00,112.93000030517578,113.01000213623047,112.93000030517578,113.01000213623047,1692,0.0,0.0
2024-07-11 12:02:00-04:00,112.95999908447266,112.95999908447266,112.8499984741211,112.8499984741211,5166,0.0,0.0
2024-07-11 12:03:00-04:00,112.8499984741211,112.8499984741211,112.80000305175781,112.83000183105469,3137,0.0,0.0
2024-07-11 12:04:00-04:00,112.9000015258789,112.97000122070312,112.9000015258789,112.97000122070312,2228,0.0,0.0
2024-07-11 12:05:00-04:00,112.80999755859375,112.80999755859375,112.69000244140625,112.7698974609375,2622,0.0,0.0
2024-07-11 12:06:00-04:00,112.72000122070312,112.72000122070312,112.72000122070312,112.72000122070312,678,0.0,0.0
2024-07-11 12:07:00-04:00,112.79000091552734,112.91999816894531,112.79000091552734,112.91999816894531,2389,0.0,0.0
2024-07-11 12:08:00-04:00,113.0,113.01000213623047,112.92169952392578,113.0,3206,0.0,0.0
2024-07-11 12:09:00-04:00,113.0,113.0885009765625,113.0,113.0885009765625,3547,0.0,0.0
2024-07-11 12:10:00-04:00,113.09089660644531,113.11000061035156,112.98999786376953,113.00499725341797,11889,0.0,0.0
2024-07-11 12:11:00-04:00,113.04000091552734,113.04000091552734,112.95999908447266,112.95999908447266,5286,0.0,0.0
2024-07-11 12:12:00-04:00,112.98999786376953,113.04000091552734,112.94999694824219,113.04000091552734,4688,0.0,0.0
2024-07-11 12:13:00-04:00,113.02999877929688,113.02999877929688,112.82969665527344,112.82969665527344,2088,0.0,0.0
2024-07-11 12:14:00-04:00,112.8949966430664,112.8949966430664,112.8949966430664,112.8949966430664,1040,0.0,0.0
2024-07-11 12:16:00-04:00,112.8499984741211,112.8499984741211,112.8499984741211,112.8499984741211,968,0.0,0.0
2024-07-11 12:17:00-04:00,112.84829711914062,112.84829711914062,112.84829711914062,112.84829711914062,2690,0.0,0.0
2024-07-11 12:18:00-04:00,112.86000061035156,112.86000061035156,112.76000213623047,112.77999877929688,2980,0.0,0.0
2024-07-11 12:19:00-04:00,112.77999877929688,112.86000061035156,112.77999877929688,112.79499816894531,1205,0.0,0.0
2024-07-11 12:20:00-04:00,112.76000213623047,112.8499984741211,112.76000213623047,112.8499984741211,2376,0.0,0.0
2024-07-11 12:22:00-04:00,112.77999877929688,112.80000305175781,112.77999877929688,112.80000305175781,765,0.0,0.0
2024-07-11 12:23:00-04:00,112.78369903564453,112.78369903564453,112.78369903564453,112.78369903564453,550,0.0,0.0
2024-07-11 12:24:00-04:00,112.7699966430664,112.79499816894531,112.7699966430664,112.78500366210938,850,0.0,0.0
2024-07-11 12:25:00-04:00,112.81999969482422,112.83000183105469,112.81999969482422,112.83000183105469,2455,0.0,0.0
2024-07-11 12:26:00-04:00,112.87000274658203,112.87000274658203,112.81999969482422,112.81999969482422,449,0.0,0.0
2024-07-11 12:27:00-04:00,112.80999755859375,112.80999755859375,112.77999877929688,112.77999877929688,774,0.0,0.0
2024-07-11 12:28:00-04:00,112.87000274658203,112.91999816894531,112.87000274658203,112.91999816894531,1509,0.0,0.0
2024-07-11 12:29:00-04:00,112.91000366210938,113.05999755859375,112.91000366210938,113.05000305175781,1637,0.0,0.0
2024-07-11 12:30:00-04:00,113.0,113.0,112.94000244140625,112.94000244140625,10358,0.0,0.0
2024-07-11 12:31:00-04:00,112.94029998779297,113.02999877929688,112.94029998779297,112.94999694824219,2125,0.0,0.0
2024-07-11 12:34:00-04:00,112.97000122070312,113.04000091552734,112.91999816894531,113.01000213623047,4875,0.0,0.0
2024-07-11 12:35:00-04:00,113.02999877929688,113.02999877929688,113.02999877929688,113.02999877929688,6145,0.0,0.0
2024-07-11 12:36:00-04:00,113.01000213623047,113.01000213623047,113.0,113.0,604,0.0,0.0
2024-07-11 12:37:00-04:00,113.08000183105469,113.08000183105469,113.06999969482422,113.06999969482422,1989,0.0,0.0
2024-07-11 12:38:00-04:00,113.01000213623047,113.1500015258789,113.0,113.1500015258789,2291,0.0,0.0
2024-07-11 12:39:00-04:00,113.1500015258789,113.15249633789062,113.11000061035156,113.11000061035156,2553,0.0,0.0
2024-07-11 12:40:00-04:00,113.13500213623047,113.13500213623047,113.11499786376953,113.11499786376953,1811,0.0,0.0
2024-07-11 12:41:00-04:00,113.18000030517578,113.19000244140625,113.16999816894531,113.16999816894531,1680,0.0,0.0
2024-07-11 12:42:00-04:00,113.19000244140625,113.2300033569336,113.0199966430664,113.0199966430664,3741,0.0,0.0
2024-07-11 12:43:00-04:00,113.05999755859375,113.05999755859375,113.01509857177734,113.01509857177734,2542,0.0,0.0
2024-07-11 12:44:00-04:00,112.9800033569336,112.9800033569336,112.94000244140625,112.94000244140625,1071,0.0,0.0
2024-07-11 12:45:00-04:00,112.96499633789062,112.96499633789062,112.8855972290039,112.8855972290039,1078,0.0,0.0
2024-07-11 12:46:00-04:00,112.95999908447266,112.95999908447266,112.87999725341797,112.91500091552734,1632,0.0,0.0
2024-07-11 12:47:00-04:00,112.87000274658203,112.87000274658203,112.87000274658203,112.87000274658203,342,0.0,0.0
2024-07-11 12:48:00-04:00,112.9000015258789,112.91000366210938,112.86499786376953,112.86499786376953,1331,0.0,0.0
2024-07-11 12:49:00-04:00,112.87999725341797,112.87999725341797,112.81500244140625,112.81999969482422,1882,0.0,0.0
2024-07-11 12:50:00-04:00,112.8499984741211,112.8499984741211,112.8499984741211,112.8499984741211,2776,0.0,0.0
2024-07-11 12:52:00-04:00,112.81999969482422,112.83000183105469,112.7437973022461,112.7437973022461,2415,0.0,0.0
2024-07-11 12:53:00-04:00,112.7699966430664,112.80000305175781,112.75769805908203,112.75769805908203,1176,0.0,0.0
2024-07-11 12:54:00-04:00,112.75499725341797,112.76000213623047,112.75499725341797,112.76000213623047,1296,0.0,0.0
2024-07-11 12:55:00-04:00,112.73999786376953,112.7699966430664,112.72000122070312,112.7699966430664,3768,0.0,0.0
2024-07-11 12:56:00-04:00,112.77999877929688,112.80000305175781,112.77999877929688,112.80000305175781,1369,0.0,0.0
2024-07-11 12:57:00-04:00,112.83499908447266,112.83499908447266,112.81999969482422,112.81999969482422,429,0.0,0.0
2024-07-11 12:58:00-04:00,112.86000061035156,112.88999938964844,112.86000061035156,112.87999725341797,1995,0.0,0.0
2024-07-11 12:59:00-04:00,112.83000183105469,112.86499786376953,112.83000183105469,112.83999633789062,1556,0.0,0.0
2024-07-11 13:00:00-04:00,112.7699966430664,112.77400207519531,112.75,112.75,1059,0.0,0.0
2024-07-11 13:01:00-04:00,112.78500366210938,112.83999633789062,112.78500366210938,112.83999633789062,2011,0.0,0.0
2024-07-11 13:02:00-04:00,112.80000305175781,112.80000305175781,112.7699966430664,112.7699966430664,474,0.0,0.0
2024-07-11 13:03:00-04:00,112.61000061035156,112.65499877929688,112.56999969482422,112.65499877929688,4804,0.0,0.0
2024-07-11 13:04:00-04:00,112.70999908447266,112.7300033569336,112.58999633789062,112.58999633789062,1381,0.0,0.0
2024-07-11 13:05:00-04:00,112.58999633789062,112.65910339355469,112.5,112.58999633789062,9092,0.0,0.0
2024-07-11 13:06:00-04:00,112.58999633789062,112.7699966430664,112.58000183105469,112.7699966430664,3425,0.0,0.0
2024-07-11 13:07:00-04:00,112.7750015258789,112.8499984741211,112.7750015258789,112.8499984741211,1551,0.0,0.0
2024-07-11 13:08:00-04:00,112.77999877929688,112.77999877929688,112.77999877929688,112.77999877929688,499,0.0,0.0
2024-07-11 13:09:00-04:00,112.81999969482422,112.8499984741211,112.77100372314453,112.8499984741211,1190,0.0,0.0
2024-07-11 13:10:00-04:00,112.8499984741211,112.87000274658203,112.83000183105469,112.8499984741211,2015,0.0,0.0
2024-07-11 13:11:00-04:00,112.88999938964844,112.9000015258789,112.80999755859375,112.9000015258789,3820,0.0,0.0
2024-07-11 13:12:00-04:00,112.77999877929688,112.80000305175781,112.7699966430664,112.78500366210938,1794,0.0,0.0
2024-07-11 13:13:00-04:00,112.83000183105469,112.83999633789062,112.72000122070312,112.79499816894531,1365,0.0,0.0
2024-07-11 13:14:00-04:00,112.75,112.75,112.75,112.75,663,0.0,0.0
2024-07-11 13:15:00-04:00,112.75,112.75,112.75,112.75,568,0.0,0.0
2024-07-11 13:16:00-04:00,112.83999633789062,112.83999633789062,112.75,112.75,1310,0.0,0.0
2024-07-11 13:17:00-04:00,112.80000305175781,112.87000274658203,112.80000305175781,112.8499984741211,2985,0.0,0.0
2024-07-11 13:18:00-04:00,112.82990264892578,112.94999694824219,112.82990264892578,112.94999694824219,3279,0.0,0.0
2024-07-11 13:19:00-04:00,112.98999786376953,112.98999786376953,112.86000061035156,112.86000061035156,2976,0.0,0.0
2024-07-11 13:20:00-04:00,112.8499984741211,112.91999816894531,112.8499984741211,112.91999816894531,1281,0.0,0.0
2024-07-11 13:21:00-04:00,112.94499969482422,112.94499969482422,112.94499969482422,112.94499969482422,198,0.0,0.0
2024-07-11 13:22:00-04:00,112.9800033569336,112.9800033569336,112.86000061035156,112.91500091552734,10541,0.0,0.0
2024-07-11 13:23:00-04:00,112.86000061035156,112.88999938964844,112.61000061035156,112.66999816894531,5321,0.0,0.0
2024-07-11 13:24:00-04:00,112.66500091552734,112.66500091552734,112.55000305175781,112.58999633789062,2394,0.0,0.0
2024-07-11 13:25:00-04:00,112.62000274658203,112.62999725341797,112.5,112.5,1318,0.0,0.0
2024-07-11 13:26:00-04:00,112.5,112.54000091552734,112.47000122070312,112.54000091552734,2399,0.0,0.0
2024-07-11 13:27:00-04:00,112.58999633789062,112.63999938964844,112.58999633789062,112.61019897460938,3153,0.0,0.0
2024-07-11 13:28:00-04:00,112.62000274658203,112.70999908447266,112.58999633789062,112.62000274658203,17954,0.0,0.0
2024-07-11 13:29:00-04:00,112.59010314941406,112.63500213623047,112.58999633789062,112.58999633789062,688,0.0,0.0
2024-07-11 13:30:00-04:00,112.63999938964844,112.63999938964844,112.54000091552734,112.58999633789062,3629,0.0,0.0
2024-07-11 13:31:00-04:00,112.56500244140625,112.58499908447266,112.48999786376953,112.52999877929688,4180,0.0,0.0
2024-07-11 13:32:00-04:00,112.54000091552734,112.56999969482422,112.52999877929688,112.52999877929688,1751,0.0,0.0
2024-07-11 13:33:00-04:00,112.5,112.5,112.48999786376953,112.48999786376953,2457,0.0,0.0
2024-07-11 13:34:00-04:00,112.47000122070312,112.47000122070312,112.43000030517578,112.47000122070312,1242,0.0,0.0
2024-07-11 13:35:00-04:00,112.51000213623047,112.51000213623047,112.45999908447266,112.48999786376953,3293,0.0,0.0
2024-07-11 13:36:00-04:00,112.52999877929688,112.70999908447266,112.52999877929688,112.69499969482422,3296,0.0,0.0
2024-07-11 13:37:00-04:00,112.6500015258789,112.69499969482422,112.6500015258789,112.66000366210938,1410,0.0,0.0
2024-07-11 13:38:00-04:00,112.66000366210938,112.66000366210938,112.66000366210938,112.66000366210938,111,0.0,0.0
2024-07-11 13:39:00-04:00,112.66000366210938,112.66000366210938,112.51000213623047,112.51000213623047,4150,0.0,0.0
2024-07-11 13:40:00-04:00,112.5250015258789,112.58000183105469,112.49500274658203,112.58000183105469,1838,0.0,0.0
2024-07-11 13:41:00-04:00,112.61000061035156,112.66000366210938,112.61000061035156,112.66000366210938,1142,0.0,0.0
2024-07-11 13:42:00-04:00,112.68499755859375,112.7300033569336,112.68000030517578,112.7300033569336,1262,0.0,0.0
2024-07-11 13:43:00-04:00,112.76000213623047,112.76000213623047,112.71499633789062,112.71499633789062,552,0.0,0.0
2024-07-11 13:44:00-04:00,112.76000213623047,112.88999938964844,112.72000122070312,112.88999938964844,7054,0.0,0.0
2024-07-11 13:45:00-04:00,112.88999938964844,112.9000015258789,112.80000305175781,112.80999755859375,8505,0.0,0.0
2024-07-11 13:46:00-04:00,112.80999755859375,112.80999755859375,112.80500030517578,112.80500030517578,2076,0.0,0.0
2024-07-11 13:47:00-04:00,112.8499984741211,112.86000061035156,112.8499984741211,112.86000061035156,1334,0.0,0.0
2024-07-11 13:48:00-04:00,112.91999816894531,113.08000183105469,112.91999816894531,113.02999877929688,2437,0.0,0.0
2024-07-11 13:49:00-04:00,113.0250015258789,113.02999877929688,112.9749984741211,113.02999877929688,2656,0.0,0.0
2024-07-11 13:50:00-04:00,113.04000091552734,113.04000091552734,113.04000091552734,113.04000091552734,698,0.0,0.0
2024-07-11 13:51:00-04:00,113.07499694824219,113.07499694824219,113.0199966430664,113.05000305175781,1747,0.0,0.0
2024-07-11 13:52:00-04:00,113.04499816894531,113.04499816894531,113.04499816894531,113.04499816894531,379,0.0,0.0
2024-07-11 13:53:00-04:00,112.98999786376953,113.0,112.98999786376953,113.0,1826,0.0,0.0
2024-07-11 13:54:00-04:00,112.95999908447266,112.98999786376953,112.95999908447266,112.98999786376953,14249,0.0,0.0
2024-07-11 13:55:00-04:00,112.95999908447266,113.01000213623047,112.91000366210938,113.01000213623047,5700,0.0,0.0
2024-07-11 13:57:00-04:00,112.98999786376953,113.08999633789062,112.98999786376953,113.0199966430664,2555,0.0,0.0
2024-07-11 13:58:00-04:00,113.05000305175781,113.05999755859375,112.98999786376953,113.03170013427734,1817,0.0,0.0
2024-07-11 13:59:00-04:00,113.02290344238281,113.02290344238281,113.0,113.0,2236,0.0,0.0
2024-07-11 14:00:00-04:00,112.9749984741211,113.05000305175781,112.9749984741211,113.05000305175781,4298,0.0,0.0
2024-07-11 14:02:00-04:00,113.010498046875,113.08000183105469,113.010498046875,113.08000183105469,1400,0.0,0.0
2024-07-11 14:03:00-04:00,113.11000061035156,113.11000061035156,113.0,113.0,1530,0.0,0.0
2024-07-11 14:04:00-04:00,112.9801025390625,113.02999877929688,112.9801025390625,113.02999877929688,3080,0.0,0.0
2024-07-11 14:05:00-04:00,113.03500366210938,113.04000091552734,113.03500366210938,113.03500366210938,1133,0.0,0.0
2024-07-11 14:06:00-04:00,113.02790069580078,113.02790069580078,113.0,113.0199966430664,1724,0.0,0.0
2024-07-11 14:08:00-04:00,113.04000091552734,113.04000091552734,113.04000091552734,113.04000091552734,571,0.0,0.0
2024-07-11 14:09:00-04:00,112.9800033569336,113.01000213623047,112.9800033569336,113.01000213623047,1423,0.0,0.0
2024-07-11 14:10:00-04:00,112.95999908447266,112.95999908447266,112.94999694824219,112.95999908447266,1920,0.0,0.0
2024-07-11 14:11:00-04:00,112.96499633789062,112.96499633789062,112.96499633789062,112.96499633789062,875,0.0,0.0
2024-07-11 14:12:00-04:00,112.97000122070312,112.97830200195312,112.97000122070312,112.97830200195312,931,0.0,0.0
2024-07-11 14:13:00-04:00,113.0199966430664,113.0199966430664,112.97000122070312,112.97000122070312,3447,0.0,0.0
2024-07-11 14:14:00-04:00,113.00499725341797,113.00499725341797,113.00499725341797,113.00499725341797,541,0.0,0.0
2024-07-11 14:15:00-04:00,113.0,113.05999755859375,113.0,113.05999755859375,12349,0.0,0.0
2024-07-11 14:16:00-04:00,113.11000061035156,113.11000061035156,113.04000091552734,113.08999633789062,10938,0.0,0.0
2024-07-11 14:17:00-04:00,113.13500213623047,113.13500213623047,113.13500213623047,113.13500213623047,1182,0.0,0.0
2024-07-11 14:19:00-04:00,113.1449966430664,113.1449966430664,113.1449966430664,113.1449966430664,1007,0.0,0.0
2024-07-11 14:20:00-04:00,113.12000274658203,113.12000274658203,113.08999633789062,113.08999633789062,2779,0.0,0.0
2024-07-11 14:21:00-04:00,113.05000305175781,113.05000305175781,113.0199966430664,113.0199966430664,1760,0.0,0.0
2024-07-11 14:23:00-04:00,112.94999694824219,112.94999694824219,112.94999694824219,112.94999694824219,710,0.0,0.0
2024-07-11 14:25:00-04:00,112.94499969482422,113.02999877929688,112.91999816894531,113.0199966430664,5044,0.0,0.0
2024-07-11 14:26:00-04:00,112.99500274658203,112.99500274658203,112.99500274658203,112.99500274658203,361,0.0,0.0
2024-07-11 14:27:00-04:00,113.04000091552734,113.04000091552734,113.0250015258789,113.0250015258789,1953,0.0,0.0
2024-07-11 14:28:00-04:00,112.9800033569336,112.99440002441406,112.9800033569336,112.99440002441406,1019,0.0,0.0
2024-07-11 14:29:00-04:00,112.9800033569336,112.98999786376953,112.9800033569336,112.9800033569336,1537,0.0,0.0
2024-07-11 14:30:00-04:00,113.01000213623047,113.01000213623047,112.97000122070312,112.98500061035156,4419,0.0,0.0
2024-07-11 14:31:00-04:00,113.00990295410156,113.12999725341797,113.00990295410156,113.12999725341797,2725,0.0,0.0
2024-07-11 14:32:00-04:00,113.13999938964844,113.13999938964844,113.13999938964844,113.13999938964844,1569,0.0,0.0
2024-07-11 14:33:00-04:00,113.16999816894531,113.19000244140625,113.16000366210938,113.19000244140625,496,0.0,0.0
2024-07-11 14:34:00-04:00,113.19999694824219,113.19999694824219,113.16999816894531,113.19000244140625,1132,0.0,0.0
2024-07-11 14:35:00-04:00,113.16500091552734,113.19999694824219,113.1500015258789,113.1500015258789,2711,0.0,0.0
2024-07-11 14:36:00-04:00,113.1449966430664,113.24500274658203,113.1449966430664,113.22000122070312,2349,0.0,0.0
2024-07-11 14:37:00-04:00,113.2699966430664,113.2699966430664,113.19000244140625,113.20500183105469,2153,0.0,0.0
2024-07-11 14:38:00-04:00,113.19999694824219,113.22989654541016,113.19920349121094,113.19920349121094,841,0.0,0.0
2024-07-11 14:39:00-04:00,113.19999694824219,113.2300033569336,113.19499969482422,113.2300033569336,3582,0.0,0.0
2024-07-11 14:40:00-04:00,113.31500244140625,113.3499984741211,113.23999786376953,113.23999786376953,3562,0.0,0.0
2024-07-11 14:42:00-04:00,113.19999694824219,113.19999694824219,113.19000244140625,113.19000244140625,2805,0.0,0.0
2024-07-11 14:44:00-04:00,113.19999694824219,113.19999694824219,113.19999694824219,113.19999694824219,1432,0.0,0.0
2024-07-11 14:45:00-04:00,113.19000244140625,113.19000244140625,113.16999816894531,113.16999816894531,9066,0.0,0.0
2024-07-11 14:48:00-04:00,113.12000274658203,113.12999725341797,113.0199966430664,113.12999725341797,11548,0.0,0.0
2024-07-11 14:49:00-04:00,113.11499786376953,113.2699966430664,113.11499786376953,113.23999786376953,10645,0.0,0.0
2024-07-11 14:50:00-04:00,113.25499725341797,113.27999877929688,113.25499725341797,113.27999877929688,1993,0.0,0.0
2024-07-11 14:51:00-04:00,113.30000305175781,113.33000183105469,113.30000305175781,113.30999755859375,1457,0.0,0.0
2024-07-11 14:52:00-04:00,113.33000183105469,113.37999725341797,113.33000183105469,113.37999725341797,1546,0.0,0.0
2024-07-11 14:53:00-04:00,113.33000183105469,113.33999633789062,113.30039978027344,113.31500244140625,3224,0.0,0.0
2024-07-11 14:54:00-04:00,113.30999755859375,113.30999755859375,113.30000305175781,113.30000305175781,3642,0.0,0.0
2024-07-11 14:55:00-04:00,113.3499984741211,113.3499984741211,113.32499694824219,113.3499984741211,3265,0.0,0.0
2024-07-11 14:57:00-04:00,113.36000061035156,113.36000061035156,113.27999877929688,113.27999877929688,4079,0.0,0.0
2024-07-11 14:58:00-04:00,113.2300033569336,113.30000305175781,113.2300033569336,113.30000305175781,1505,0.0,0.0
2024-07-11 14:59:00-04:00,113.2699966430664,113.43000030517578,113.2699966430664,113.41999816894531,6242,0.0,0.0
2024-07-11 15:00:00-04:00,113.41999816894531,113.41999816894531,113.37999725341797,113.38500213623047,1141,0.0,0.0
2024-07-11 15:01:00-04:00,113.36000061035156,113.36000061035156,113.27749633789062,113.30000305175781,12687,0.0,0.0
2024-07-11 15:02:00-04:00,113.2750015258789,113.2750015258789,113.19999694824219,113.22000122070312,10313,0.0,0.0
2024-07-11 15:03:00-04:00,113.23999786376953,113.29000091552734,113.23899841308594,113.29000091552734,3300,0.0,0.0
2024-07-11 15:04:00-04:00,113.30000305175781,113.31500244140625,113.30000305175781,113.31500244140625,1293,0.0,0.0
2024-07-11 15:05:00-04:00,113.33999633789062,113.33999633789062,113.20500183105469,113.20999908447266,8317,0.0,0.0
2024-07-11 15:06:00-04:00,113.20999908447266,113.23999786376953,113.19999694824219,113.20500183105469,1692,0.0,0.0
2024-07-11 15:07:00-04:00,113.2300033569336,113.31999969482422,113.2300033569336,113.26499938964844,5603,0.0,0.0
2024-07-11 15:08:00-04:00,113.23999786376953,113.26499938964844,113.23999786376953,113.26499938964844,512,0.0,0.0
2024-07-11 15:09:00-04:00,113.27999877929688,113.30999755859375,113.18000030517578,113.18000030517578,4244,0.0,0.0
2024-07-11 15:10:00-04:00,113.1500015258789,113.1500015258789,113.09500122070312,113.09500122070312,826,0.0,0.0
2024-07-11 15:11:00-04:00,113.05999755859375,113.12000274658203,113.05999755859375,113.12000274658203,1029,0.0,0.0
2024-07-11 15:12:00-04:00,113.12000274658203,113.2300033569336,113.12000274658203,113.21499633789062,4974,0.0,0.0
2024-07-11 15:13:00-04:00,113.25,113.30999755859375,113.25,113.30500030517578,3625,0.0,0.0
2024-07-11 15:14:00-04:00,113.29000091552734,113.38999938964844,113.29000091552734,113.37000274658203,7548,0.0,0.0
2024-07-11 15:15:00-04:00,113.3949966430664,113.41000366210938,113.36000061035156,113.37999725341797,2687,0.0,0.0
2024-07-11 15:16:00-04:00,113.36000061035156,113.37000274658203,113.33000183105469,113.34500122070312,3770,0.0,0.0
2024-07-11 15:17:00-04:00,113.36000061035156,113.36000061035156,113.3104019165039,113.33000183105469,1391,0.0,0.0
2024-07-11 15:18:00-04:00,113.30000305175781,113.30000305175781,113.29000091552734,113.30000305175781,3619,0.0,0.0
2024-07-11 15:19:00-04:00,113.29499816894531,113.29499816894531,113.29000091552734,113.29499816894531,2242,0.0,0.0
2024-07-11 15:20:00-04:00,113.2699966430664,113.2699966430664,113.20999908447266,113.20999908447266,2443,0.0,0.0
2024-07-11 15:21:00-04:00,113.19000244140625,113.19999694824219,112.9000015258789,112.98999786376953,4566,0.0,0.0
2024-07-11 15:22:00-04:00,112.98999786376953,113.01000213623047,112.9177017211914,113.01000213623047,3308,0.0,0.0
2024-07-11 15:23:00-04:00,112.98500061035156,113.04000091552734,112.98500061035156,113.04000091552734,2743,0.0,0.0
2024-07-11 15:24:00-04:00,113.05000305175781,113.13999938964844,113.05000305175781,113.13999938964844,4244,0.0,0.0
2024-07-11 15:25:00-04:00,113.11499786376953,113.16999816894531,113.05999755859375,113.16999816894531,2636,0.0,0.0
2024-07-11 15:26:00-04:00,113.11499786376953,113.1500015258789,113.11000061035156,113.11000061035156,2450,0.0,0.0
2024-07-11 15:27:00-04:00,113.08999633789062,113.1050033569336,113.01000213623047,113.01000213623047,5234,0.0,0.0
2024-07-11 15:28:00-04:00,112.94999694824219,112.96499633789062,112.9000015258789,112.93499755859375,1967,0.0,0.0
2024-07-11 15:29:00-04:00,112.91000366210938,113.06999969482422,112.90499877929688,113.06999969482422,7191,0.0,0.0
2024-07-11 15:30:00-04:00,113.08000183105469,113.1500015258789,113.08000183105469,113.1500015258789,4125,0.0,0.0
2024-07-11 15:31:00-04:00,113.16999816894531,113.16999816894531,113.08000183105469,113.12999725341797,3283,0.0,0.0
2024-07-11 15:32:00-04:00,113.05999755859375,113.08000183105469,113.04000091552734,113.08000183105469,3198,0.0,0.0
2024-07-11 15:33:00-04:00,113.06999969482422,113.0999984741211,113.06999969482422,113.06999969482422,3316,0.0,0.0
2024-07-11 15:34:00-04:00,113.08000183105469,113.0999984741211,113.04000091552734,113.08999633789062,2300,0.0,0.0
2024-07-11 15:35:00-04:00,113.08999633789062,113.0999984741211,112.96759796142578,112.96759796142578,4432,0.0,0.0
2024-07-11 15:36:00-04:00,112.94999694824219,112.94999694824219,112.91000366210938,112.94499969482422,1361,0.0,0.0
2024-07-11 15:37:00-04:00,112.94000244140625,113.04000091552734,112.91000366210938,113.03500366210938,9611,0.0,0.0
2024-07-11 15:38:00-04:00,113.02999877929688,113.05999755859375,113.0,113.02999877929688,3379,0.0,0.0
2024-07-11 15:39:00-04:00,112.9800033569336,112.9800033569336,112.94999694824219,112.94999694824219,2064,0.0,0.0
2024-07-11 15:40:00-04:00,112.91000366210938,112.91999816894531,112.9000015258789,112.91500091552734,2513,0.0,0.0
2024-07-11 15:41:00-04:00,112.9000015258789,112.9000015258789,112.81999969482422,112.8550033569336,7684,0.0,0.0
2024-07-11 15:42:00-04:00,112.8499984741211,112.91000366210938,112.80999755859375,112.80999755859375,4518,0.0,0.0
2024-07-11 15:43:00-04:00,112.80500030517578,112.81999969482422,112.69000244140625,112.69000244140625,5597,0.0,0.0
2024-07-11 15:44:00-04:00,112.69000244140625,112.69499969482422,112.62999725341797,112.66000366210938,4998,0.0,0.0
2024-07-11 15:45:00-04:00,112.6449966430664,112.80999755859375,112.6449966430664,112.80500030517578,5938,0.0,0.0
2024-07-11 15:46:00-04:00,112.80000305175781,112.86000061035156,112.7249984741211,112.73999786376953,13867,0.0,0.0
2024-07-11 15:47:00-04:00,112.70999908447266,112.76000213623047,112.68000030517578,112.76000213623047,5918,0.0,0.0
2024-07-11 15:48:00-04:00,112.75499725341797,112.86000061035156,112.75499725341797,112.79000091552734,9151,0.0,0.0
2024-07-11 15:49:00-04:00,112.80000305175781,112.87999725341797,112.77999877929688,112.80500030517578,7310,0.0,0.0
2024-07-11 15:50:00-04:00,112.77999877929688,112.90499877929688,112.73999786376953,112.90499877929688,11283,0.0,0.0
2024-07-11 15:51:00-04:00,112.87000274658203,112.95999908447266,112.77999877929688,112.83000183105469,20336,0.0,0.0
2024-07-11 15:52:00-04:00,112.875,112.875,112.76499938964844,112.81999969482422,9001,0.0,0.0
2024-07-11 15:53:00-04:00,112.79000091552734,112.79000091552734,112.6500015258789,112.6500015258789,12211,0.0,0.0
2024-07-11 15:54:00-04:00,112.63999938964844,112.68000030517578,112.4000015258789,112.4000015258789,37303,0.0,0.0
2024-07-11 15:55:00-04:00,112.45999908447266,112.75,112.44999694824219,112.70500183105469,26454,0.0,0.0
2024-07-11 15:56:00-04:00,112.66999816894531,112.7300033569336,112.63999938964844,112.69000244140625,33192,0.0,0.0
2024-07-11 15:57:00-04:00,112.68000030517578,112.80000305175781,112.66999816894531,112.66999816894531,22848,0.0,0.0
2024-07-11 15:58:00-04:00,112.69000244140625,112.73999786376953,112.6500015258789,112.69999694824219,38572,0.0,0.0
2024-07-11 15:59:00-04:00,112.72000122070312,112.7699966430664,112.58000183105469,112.58000183105469,109502,0.0,0.0
2024-07-12 09:30:00-04:00,112.6500015258789,112.6500015258789,111.7699966430664,111.78500366210938,23542,0.0,0.0
2024-07-12 09:31:00-04:00,111.69000244140625,112.38999938964844,111.66999816894531,112.11000061035156,10015,0.0,0.0
2024-07-12 09:32:00-04:00,112.3196029663086,112.3196029663086,112.3196029663086,112.3196029663086,682,0.0,0.0
2024-07-12 09:33:00-04:00,112.16999816894531,112.16999816894531,112.16999816894531,112.16999816894531,252,0.0,0.0
2024-07-12 09:34:00-04:00,112.16999816894531,112.87000274658203,112.16999816894531,112.87000274658203,1953,0.0,0.0
2024-07-12 09:35:00-04:00,113.01000213623047,113.01000213623047,113.01000213623047,113.01000213623047,437,0.0,0.0
2024-07-12 09:36:00-04:00,113.05999755859375,113.05999755859375,112.56999969482422,112.69499969482422,4063,0.0,0.0
2024-07-12 09:37:00-04:00,112.58999633789062,112.83000183105469,112.58999633789062,112.83000183105469,2513,0.0,0.0
2024-07-12 09:38:00-04:00,112.84500122070312,112.98999786376953,112.84500122070312,112.98999786376953,868,0.0,0.0
2024-07-12 09:40:00-04:00,112.9800033569336,113.05000305175781,112.9800033569336,113.05000305175781,1142,0.0,0.0
2024-07-12 09:41:00-04:00,113.0,113.26499938964844,113.0,113.26499938964844,2309,0.0,0.0
2024-07-12 09:42:00-04:00,113.29000091552734,113.29000091552734,113.21330261230469,113.21330261230469,1946,0.0,0.0
2024-07-12 09:43:00-04:00,113.29000091552734,113.29000091552734,113.29000091552734,113.29000091552734,860,0.0,0.0
2024-07-12 09:44:00-04:00,113.12000274658203,113.12000274658203,112.94000244140625,113.01899719238281,4906,0.0,0.0
2024-07-12 09:45:00-04:00,113.16000366210938,113.19999694824219,113.0999984741211,113.16000366210938,2391,0.0,0.0
2024-07-12 09:46:00-04:00,113.19999694824219,113.19999694824219,113.19999694824219,113.19999694824219,380,0.0,0.0
2024-07-12 09:47:00-04:00,113.30000305175781,113.37000274658203,113.30000305175781,113.31999969482422,1183,0.0,0.0
2024-07-12 09:48:00-04:00,113.4000015258789,113.4000015258789,113.2699966430664,113.37000274658203,3177,0.0,0.0
2024-07-12 09:49:00-04:00,113.19999694824219,113.76000213623047,113.19999694824219,113.76000213623047,4533,0.0,0.0
2024-07-12 09:50:00-04:00,113.76000213623047,113.76000213623047,113.54000091552734,113.56999969482422,2541,0.0,0.0
2024-07-12 09:51:00-04:00,113.62999725341797,113.65499877929688,113.62999725341797,113.65499877929688,1850,0.0,0.0
2024-07-12 09:52:00-04:00,113.58000183105469,113.58000183105469,113.51000213623047,113.51000213623047,1732,0.0,0.0
2024-07-12 09:53:00-04:00,113.55500030517578,113.5999984741211,113.4000015258789,113.4800033569336,2749,0.0,0.0
2024-07-12 09:54:00-04:00,113.38999938964844,113.5,113.38999938964844,113.5,2822,0.0,0.0
2024-07-12 09:55:00-04:00,113.48999786376953,113.48999786376953,113.4000015258789,113.4000015258789,1287,0.0,0.0
2024-07-12 09:56:00-04:00,113.37999725341797,113.44999694824219,113.3499984741211,113.3499984741211,2658,0.0,0.0
2024-07-12 09:57:00-04:00,113.58000183105469,113.58999633789062,113.58000183105469,113.58999633789062,555,0.0,0.0
2024-07-12 09:58:00-04:00,113.55999755859375,113.66000366210938,113.55999755859375,113.56999969482422,1082,0.0,0.0
2024-07-12 09:59:00-04:00,113.58499908447266,113.69999694824219,113.5199966430664,113.69999694824219,3736,0.0,0.0
2024-07-12 10:00:00-04:00,113.73999786376953,113.73999786376953,113.55000305175781,113.66999816894531,5326,0.0,0.0
2024-07-12 10:01:00-04:00,113.62000274658203,113.76499938964844,113.62000274658203,113.66999816894531,11560,0.0,0.0
2024-07-12 10:02:00-04:00,113.66999816894531,113.83000183105469,113.62999725341797,113.83000183105469,4116,0.0,0.0
2024-07-12 10:03:00-04:00,113.86759948730469,113.87999725341797,113.76010131835938,113.76010131835938,2176,0.0,0.0
2024-07-12 10:04:00-04:00,113.86499786376953,113.86499786376953,113.76000213623047,113.79000091552734,3158,0.0,0.0
2024-07-12 10:05:00-04:00,113.87000274658203,113.87000274658203,113.52999877929688,113.58000183105469,13710,0.0,0.0
2024-07-12 10:06:00-04:00,113.6500015258789,113.87999725341797,113.61000061035156,113.8499984741211,12292,0.0,0.0
2024-07-12 10:07:00-04:00,114.08000183105469,114.25,114.08000183105469,114.25,3601,0.0,0.0
2024-07-12 10:08:00-04:00,114.3499984741211,114.44999694824219,114.30000305175781,114.44000244140625,4879,0.0,0.0
2024-07-12 10:09:00-04:00,114.37000274658203,114.37000274658203,114.18000030517578,114.20999908447266,4137,0.0,0.0
2024-07-12 10:10:00-04:00,114.25,114.41000366210938,114.20999908447266,114.41000366210938,11236,0.0,0.0
2024-07-12 10:11:00-04:00,114.32499694824219,114.51000213623047,114.32499694824219,114.43000030517578,6483,0.0,0.0
2024-07-12 10:12:00-04:00,114.44000244140625,114.62999725341797,114.38359832763672,114.51000213623047,10314,0.0,0.0
2024-07-12 10:13:00-04:00,114.54499816894531,114.70999908447266,114.51000213623047,114.52999877929688,6194,0.0,0.0
2024-07-12 10:14:00-04:00,114.51000213623047,114.61000061035156,114.37000274658203,114.55000305175781,7298,0.0,0.0
2024-07-12 10:15:00-04:00,114.55000305175781,114.62000274658203,114.51000213623047,114.56999969482422,2642,0.0,0.0
2024-07-12 10:16:00-04:00,114.5,114.54000091552734,114.44000244140625,114.49500274658203,4137,0.0,0.0
2024-07-12 10:17:00-04:00,114.44999694824219,114.53500366210938,114.44999694824219,114.53500366210938,2270,0.0,0.0
2024-07-12 10:18:00-04:00,114.5999984741211,114.61000061035156,114.51000213623047,114.55999755859375,2674,0.0,0.0
2024-07-12 10:19:00-04:00,114.61000061035156,114.87000274658203,114.6050033569336,114.8499984741211,26000,0.0,0.0
2024-07-12 10:20:00-04:00,114.88999938964844,114.94999694824219,114.83999633789062,114.88500213623047,3361,0.0,0.0
2024-07-12 10:21:00-04:00,114.94999694824219,114.98999786376953,114.69000244140625,114.75,13537,0.0,0.0
2024-07-12 10:22:00-04:00,114.66000366210938,114.66000366210938,114.56999969482422,114.57499694824219,2670,0.0,0.0
2024-07-12 10:23:00-04:00,114.55999755859375,114.56500244140625,114.5,114.55000305175781,4506,0.0,0.0
2024-07-12 10:24:00-04:00,114.62000274658203,114.62000274658203,114.43000030517578,114.43000030517578,4594,0.0,0.0
2024-07-12 10:25:00-04:00,114.4800033569336,114.73999786376953,114.4800033569336,114.7300033569336,3514,0.0,0.0
2024-07-12 10:26:00-04:00,114.75,114.8499984741211,114.75,114.80999755859375,2208,0.0,0.0
2024-07-12 10:27:00-04:00,114.72000122070312,114.80000305175781,114.71759796142578,114.7750015258789,1977,0.0,0.0
2024-07-12 10:28:00-04:00,114.7750015258789,114.86000061035156,114.70999908447266,114.8324966430664,10180,0.0,0.0
2024-07-12 10:29:00-04:00,114.8324966430664,114.91000366210938,114.8324966430664,114.91000366210938,701,0.0,0.0
2024-07-12 10:30:00-04:00,114.86000061035156,114.93000030517578,114.86000061035156,114.9000015258789,3622,0.0,0.0
2024-07-12 10:31:00-04:00,114.97000122070312,114.97000122070312,114.83999633789062,114.91999816894531,2502,0.0,0.0
2024-07-12 10:32:00-04:00,114.83580017089844,114.88999938964844,114.82540130615234,114.88999938964844,2588,0.0,0.0
2024-07-12 10:33:00-04:00,114.88999938964844,114.88999938964844,114.8864974975586,114.88999938964844,2353,0.0,0.0
2024-07-12 10:34:00-04:00,114.88999938964844,115.04000091552734,114.88999938964844,115.04000091552734,11861,0.0,0.0
2024-07-12 10:35:00-04:00,115.00659942626953,115.05999755859375,115.00659942626953,115.05999755859375,1035,0.0,0.0
2024-07-12 10:36:00-04:00,115.05999755859375,115.20500183105469,115.05999755859375,115.20500183105469,3534,0.0,0.0
2024-07-12 10:37:00-04:00,115.21499633789062,115.22000122070312,115.0,115.0999984741211,7839,0.0,0.0
2024-07-12 10:38:00-04:00,115.06999969482422,115.08999633789062,115.01499938964844,115.01499938964844,3177,0.0,0.0
2024-07-12 10:39:00-04:00,115.01000213623047,115.16390228271484,115.01000213623047,115.16390228271484,3930,0.0,0.0
2024-07-12 10:40:00-04:00,115.1500015258789,115.19999694824219,115.1449966430664,115.19999694824219,2970,0.0,0.0
2024-07-12 10:41:00-04:00,115.19999694824219,115.19999694824219,114.9800033569336,115.04499816894531,3258,0.0,0.0
2024-07-12 10:42:00-04:00,115.00749969482422,115.00749969482422,114.61000061035156,114.63610076904297,6331,0.0,0.0
2024-07-12 10:44:00-04:00,114.69999694824219,114.70999908447266,114.62000274658203,114.6500015258789,3699,0.0,0.0
2024-07-12 10:45:00-04:00,114.61499786376953,114.61499786376953,114.5,114.54000091552734,6894,0.0,0.0
2024-07-12 10:46:00-04:00,114.52999877929688,114.52999877929688,114.45999908447266,114.48999786376953,1736,0.0,0.0
2024-07-12 10:47:00-04:00,114.51499938964844,114.51499938964844,114.43000030517578,114.43000030517578,2496,0.0,0.0
2024-07-12 10:48:00-04:00,114.36000061035156,114.36000061035156,114.2300033569336,114.2300033569336,1877,0.0,0.0
2024-07-12 10:49:00-04:00,114.2300033569336,114.29000091552734,114.21800231933594,114.29000091552734,2360,0.0,0.0
2024-07-12 10:50:00-04:00,114.2699966430664,114.33999633789062,114.2699966430664,114.33999633789062,1135,0.0,0.0
2024-07-12 10:51:00-04:00,114.2750015258789,114.30000305175781,114.22000122070312,114.2750015258789,1028,0.0,0.0
2024-07-12 10:52:00-04:00,114.22000122070312,114.22000122070312,114.19000244140625,114.19000244140625,1302,0.0,0.0
2024-07-12 10:53:00-04:00,114.16000366210938,114.30999755859375,114.16000366210938,114.30999755859375,10197,0.0,0.0
2024-07-12 10:54:00-04:00,114.2699966430664,114.2699966430664,114.08999633789062,114.12000274658203,5316,0.0,0.0
2024-07-12 10:55:00-04:00,114.12999725341797,114.16999816894531,114.0199966430664,114.16999816894531,5136,0.0,0.0
2024-07-12 10:56:00-04:00,114.19999694824219,114.29000091552734,114.12999725341797,114.29000091552734,2807,0.0,0.0
2024-07-12 10:57:00-04:00,114.31999969482422,114.47000122070312,114.31999969482422,114.43000030517578,3587,0.0,0.0
2024-07-12 10:58:00-04:00,114.38500213623047,114.42500305175781,114.33999633789062,114.42400360107422,3194,0.0,0.0
2024-07-12 10:59:00-04:00,114.37000274658203,114.41500091552734,114.36499786376953,114.36499786376953,3691,0.0,0.0
2024-07-12 11:00:00-04:00,114.47000122070312,114.48999786376953,114.37999725341797,114.4000015258789,3604,0.0,0.0
2024-07-12 11:01:00-04:00,114.36499786376953,114.36499786376953,114.36499786376953,114.36499786376953,127,0.0,0.0
2024-07-12 11:02:00-04:00,114.36499786376953,114.41000366210938,114.36499786376953,114.40499877929688,1174,0.0,0.0
2024-07-12 11:03:00-04:00,114.37000274658203,114.44999694824219,114.30999755859375,114.38999938964844,26629,0.0,0.0
2024-07-12 11:04:00-04:00,114.43000030517578,114.61000061035156,114.37000274658203,114.61000061035156,6686,0.0,0.0
2024-07-12 11:05:00-04:00,114.58000183105469,114.58000183105469,114.5199966430664,114.5199966430664,1557,0.0,0.0
2024-07-12 11:06:00-04:00,114.5425033569336,114.5425033569336,114.5199966430664,114.5199966430664,722,0.0,0.0
2024-07-12 11:07:00-04:00,114.5199966430664,114.5199966430664,114.41500091552734,114.41500091552734,4785,0.0,0.0
2024-07-12 11:08:00-04:00,114.36000061035156,114.37999725341797,114.36000061035156,114.37999725341797,1207,0.0,0.0
2024-07-12 11:09:00-04:00,114.38999938964844,114.52999877929688,114.37999725341797,114.52999877929688,2617,0.0,0.0
2024-07-12 11:10:00-04:00,114.52999877929688,114.62999725341797,114.47000122070312,114.47000122070312,4934,0.0,0.0
2024-07-12 11:11:00-04:00,114.43000030517578,114.52999877929688,114.43000030517578,114.5199966430664,690,0.0,0.0
2024-07-12 11:12:00-04:00,114.54000091552734,114.6500015258789,114.54000091552734,114.6500015258789,3475,0.0,0.0
2024-07-12 11:13:00-04:00,114.68000030517578,114.7300033569336,114.68000030517578,114.7300033569336,2113,0.0,0.0
2024-07-12 11:14:00-04:00,114.72000122070312,114.72000122070312,114.72000122070312,114.72000122070312,123,0.0,0.0
2024-07-12 11:15:00-04:00,114.66000366210938,114.7300033569336,114.61000061035156,114.65499877929688,2592,0.0,0.0
2024-07-12 11:16:00-04:00,114.65499877929688,114.7300033569336,114.6166000366211,114.7300033569336,4119,0.0,0.0
2024-07-12 11:17:00-04:00,114.72000122070312,114.72000122070312,114.58000183105469,114.62999725341797,4223,0.0,0.0
2024-07-12 11:18:00-04:00,114.6500015258789,114.6500015258789,114.62000274658203,114.62000274658203,1009,0.0,0.0
2024-07-12 11:19:00-04:00,114.66999816894531,114.73999786376953,114.66999816894531,114.70999908447266,1904,0.0,0.0
2024-07-12 11:20:00-04:00,114.72000122070312,114.92500305175781,114.72000122070312,114.87000274658203,3068,0.0,0.0
2024-07-12 11:21:00-04:00,114.87000274658203,114.94000244140625,114.77999877929688,114.91000366210938,1994,0.0,0.0
2024-07-12 11:22:00-04:00,114.87000274658203,114.91000366210938,114.79000091552734,114.87999725341797,3571,0.0,0.0
2024-07-12 11:23:00-04:00,114.9000015258789,114.9000015258789,114.87999725341797,114.87999725341797,864,0.0,0.0
2024-07-12 11:24:00-04:00,114.9000015258789,115.05000305175781,114.8550033569336,115.05000305175781,7156,0.0,0.0
2024-07-12 11:25:00-04:00,115.06999969482422,115.20999908447266,115.0,115.20999908447266,6679,0.0,0.0
2024-07-12 11:26:00-04:00,115.18000030517578,115.27999877929688,115.11000061035156,115.27999877929688,1978,0.0,0.0
2024-07-12 11:27:00-04:00,115.27999877929688,115.33000183105469,115.20999908447266,115.29000091552734,4239,0.0,0.0
2024-07-12 11:28:00-04:00,115.23999786376953,115.31999969482422,115.2300033569336,115.29000091552734,3320,0.0,0.0
2024-07-12 11:29:00-04:00,115.33999633789062,115.33999633789062,115.22139739990234,115.22139739990234,4550,0.0,0.0
2024-07-12 11:30:00-04:00,115.27999877929688,115.27999877929688,115.22000122070312,115.2249984741211,1769,0.0,0.0
2024-07-12 11:31:00-04:00,115.2699966430664,115.28500366210938,115.01000213623047,115.06999969482422,8430,0.0,0.0
2024-07-12 11:32:00-04:00,115.01000213623047,115.05999755859375,115.0,115.05500030517578,1399,0.0,0.0
2024-07-12 11:33:00-04:00,115.0,115.0,114.86000061035156,114.91999816894531,2290,0.0,0.0
2024-07-12 11:34:00-04:00,114.96499633789062,114.96499633789062,114.86000061035156,114.91999816894531,4156,0.0,0.0
2024-07-12 11:36:00-04:00,114.97000122070312,114.97000122070312,114.92500305175781,114.97000122070312,1444,0.0,0.0
2024-07-12 11:37:00-04:00,115.01000213623047,115.01000213623047,114.96499633789062,114.96499633789062,1509,0.0,0.0
2024-07-12 11:38:00-04:00,114.93000030517578,115.02999877929688,114.93000030517578,115.02999877929688,1188,0.0,0.0
2024-07-12 11:39:00-04:00,114.94999694824219,115.0199966430664,114.94999694824219,114.98999786376953,821,0.0,0.0
2024-07-12 11:40:00-04:00,115.01000213623047,115.05000305175781,114.94000244140625,115.01000213623047,2400,0.0,0.0
2024-07-12 11:41:00-04:00,115.05000305175781,115.05000305175781,114.90889739990234,114.90889739990234,2828,0.0,0.0
2024-07-12 11:42:00-04:00,114.93499755859375,115.02999877929688,114.93499755859375,114.9749984741211,5463,0.0,0.0
2024-07-12 11:43:00-04:00,115.02999877929688,115.05999755859375,115.0199966430664,115.0199966430664,1611,0.0,0.0
2024-07-12 11:44:00-04:00,115.02770233154297,115.0999984741211,115.02770233154297,115.08999633789062,1923,0.0,0.0
2024-07-12 11:45:00-04:00,115.08000183105469,115.08000183105469,114.98999786376953,115.05999755859375,5548,0.0,0.0
2024-07-12 11:46:00-04:00,115.0199966430664,115.16000366210938,115.0199966430664,115.16000366210938,2652,0.0,0.0
2024-07-12 11:47:00-04:00,115.1500015258789,115.1500015258789,115.00550079345703,115.0199966430664,3494,0.0,0.0
2024-07-12 11:48:00-04:00,115.08999633789062,115.08999633789062,114.9800033569336,114.98999786376953,3523,0.0,0.0
2024-07-12 11:49:00-04:00,114.97000122070312,114.97000122070312,114.8499984741211,114.91000366210938,2760,0.0,0.0
2024-07-12 11:50:00-04:00,114.87000274658203,114.90499877929688,114.8499984741211,114.8499984741211,1069,0.0,0.0
2024-07-12 11:51:00-04:00,114.82499694824219,114.82499694824219,114.7300033569336,114.7300033569336,2705,0.0,0.0
2024-07-12 11:52:00-04:00,114.70999908447266,114.70999908447266,114.66000366210938,114.66000366210938,727,0.0,0.0
2024-07-12 11:53:00-04:00,114.68499755859375,114.68499755859375,114.66000366210938,114.66000366210938,916,0.0,0.0
2024-07-12 11:54:00-04:00,114.65499877929688,114.69000244140625,114.63999938964844,114.66000366210938,1254,0.0,0.0
2024-07-12 11:55:00-04:00,114.58000183105469,114.6500015258789,114.58000183105469,114.6500015258789,1832,0.0,0.0
2024-07-12 11:56:00-04:00,114.58000183105469,114.76000213623047,114.58000183105469,114.76000213623047,4701,0.0,0.0
2024-07-12 11:57:00-04:00,114.76000213623047,114.7699966430664,114.66000366210938,114.7699966430664,846,0.0,0.0
2024-07-12 11:58:00-04:00,114.76000213623047,114.7699966430664,114.7300033569336,114.75,1510,0.0,0.0
2024-07-12 11:59:00-04:00,114.7699966430664,114.77999877929688,114.69000244140625,114.70999908447266,6969,0.0,0.0
2024-07-12 12:00:00-04:00,114.7699966430664,114.81999969482422,114.69490051269531,114.76499938964844,937,0.0,0.0
2024-07-12 12:01:00-04:00,114.76499938964844,114.81999969482422,114.75,114.80000305175781,7736,0.0,0.0
2024-07-12 12:02:00-04:00,114.76000213623047,114.80000305175781,114.56999969482422,114.62999725341797,16459,0.0,0.0
2024-07-12 12:03:00-04:00,114.56999969482422,114.56999969482422,114.5,114.5,1810,0.0,0.0
2024-07-12 12:04:00-04:00,114.56500244140625,114.56500244140625,114.56500244140625,114.56500244140625,728,0.0,0.0
2024-07-12 12:05:00-04:00,114.51000213623047,114.62999725341797,114.47000122070312,114.5999984741211,5074,0.0,0.0
2024-07-12 12:06:00-04:00,114.62999725341797,114.62999725341797,114.62999725341797,114.62999725341797,638,0.0,0.0
2024-07-12 12:07:00-04:00,114.57499694824219,114.61000061035156,114.52999877929688,114.56999969482422,1504,0.0,0.0
2024-07-12 12:08:00-04:00,114.58999633789062,114.58999633789062,114.58999633789062,114.58999633789062,601,0.0,0.0
2024-07-12 12:09:00-04:00,114.55000305175781,114.5999984741211,114.52999877929688,114.54000091552734,2169,0.0,0.0
2024-07-12 12:10:00-04:00,114.61540222167969,114.61540222167969,114.5199966430664,114.5199966430664,1113,0.0,0.0
2024-07-12 12:11:00-04:00,114.5,114.5,114.37999725341797,114.44000244140625,3528,0.0,0.0
2024-07-12 12:12:00-04:00,114.44000244140625,114.5,114.44000244140625,114.44000244140625,4747,0.0,0.0
2024-07-12 12:13:00-04:00,114.47000122070312,114.54000091552734,114.47000122070312,114.54000091552734,2589,0.0,0.0
2024-07-12 12:14:00-04:00,114.55000305175781,114.55000305175781,114.50499725341797,114.50499725341797,1263,0.0,0.0
2024-07-12 12:15:00-04:00,114.55000305175781,114.63999938964844,114.55000305175781,114.58999633789062,2264,0.0,0.0
2024-07-12 12:16:00-04:00,114.63999938964844,114.63999938964844,114.58999633789062,114.58999633789062,835,0.0,0.0
2024-07-12 12:17:00-04:00,114.58999633789062,114.66999816894531,114.58999633789062,114.66999816894531,4518,0.0,0.0
2024-07-12 12:18:00-04:00,114.61499786376953,114.66000366210938,114.61000061035156,114.6500015258789,1513,0.0,0.0
2024-07-12 12:19:00-04:00,114.62000274658203,114.66000366210938,114.5801010131836,114.63999938964844,1715,0.0,0.0
2024-07-12 12:20:00-04:00,114.62999725341797,114.68000030517578,114.61000061035156,114.63999938964844,1586,0.0,0.0
2024-07-12 12:21:00-04:00,114.5801010131836,114.62999725341797,114.5801010131836,114.5999984741211,1693,0.0,0.0
2024-07-12 12:22:00-04:00,114.58999633789062,114.63999938964844,114.55000305175781,114.63999938964844,3167,0.0,0.0
2024-07-12 12:23:00-04:00,114.54000091552734,114.59500122070312,114.5199966430664,114.55000305175781,3161,0.0,0.0
2024-07-12 12:24:00-04:00,114.5199966430664,114.55999755859375,114.5199966430664,114.55999755859375,2257,0.0,0.0
2024-07-12 12:25:00-04:00,114.55999755859375,114.80000305175781,114.55500030517578,114.80000305175781,5296,0.0,0.0
2024-07-12 12:26:00-04:00,114.77999877929688,114.80999755859375,114.77999877929688,114.80999755859375,909,0.0,0.0
2024-07-12 12:27:00-04:00,114.80999755859375,114.80999755859375,114.7699966430664,114.7699966430664,896,0.0,0.0
2024-07-12 12:28:00-04:00,114.7699966430664,114.80999755859375,114.75,114.75,1105,0.0,0.0
2024-07-12 12:30:00-04:00,114.72000122070312,114.76000213623047,114.69999694824219,114.69999694824219,1387,0.0,0.0
2024-07-12 12:31:00-04:00,114.66000366210938,114.66999816894531,114.62000274658203,114.62000274658203,1178,0.0,0.0
2024-07-12 12:32:00-04:00,114.58000183105469,114.58000183105469,114.47000122070312,114.47000122070312,1510,0.0,0.0
2024-07-12 12:33:00-04:00,114.44999694824219,114.48500061035156,114.44999694824219,114.48500061035156,446,0.0,0.0
2024-07-12 12:34:00-04:00,114.44000244140625,114.55999755859375,114.44000244140625,114.55999755859375,628,0.0,0.0
2024-07-12 12:35:00-04:00,114.55999755859375,114.58999633789062,114.55999755859375,114.58999633789062,1829,0.0,0.0
2024-07-12 12:36:00-04:00,114.62999725341797,114.62999725341797,114.62999725341797,114.62999725341797,510,0.0,0.0
2024-07-12 12:37:00-04:00,114.60040283203125,114.60040283203125,114.60040283203125,114.60040283203125,933,0.0,0.0
2024-07-12 12:38:00-04:00,114.61299896240234,114.61740112304688,114.55999755859375,114.55999755859375,844,0.0,0.0
2024-07-12 12:39:00-04:00,114.6050033569336,114.6050033569336,114.6050033569336,114.6050033569336,382,0.0,0.0
2024-07-12 12:40:00-04:00,114.6500015258789,114.6500015258789,114.5999984741211,114.63500213623047,460,0.0,0.0
2024-07-12 12:41:00-04:00,114.59500122070312,114.63999938964844,114.54499816894531,114.54499816894531,3490,0.0,0.0
2024-07-12 12:42:00-04:00,114.5199966430664,114.56999969482422,114.45999908447266,114.45999908447266,1696,0.0,0.0
2024-07-12 12:43:00-04:00,114.5,114.54989624023438,114.38999938964844,114.54989624023438,23949,0.0,0.0
2024-07-12 12:44:00-04:00,114.54000091552734,114.61000061035156,114.54000091552734,114.58000183105469,4002,0.0,0.0
2024-07-12 12:45:00-04:00,114.5999984741211,114.66000366210938,114.54000091552734,114.56999969482422,2458,0.0,0.0
2024-07-12 12:46:00-04:00,114.56999969482422,114.5999984741211,114.44999694824219,114.45999908447266,7041,0.0,0.0
2024-07-12 12:47:00-04:00,114.37999725341797,114.37999725341797,114.26000213623047,114.28500366210938,3184,0.0,0.0
2024-07-12 12:48:00-04:00,114.2300033569336,114.33999633789062,114.1500015258789,114.1500015258789,11431,0.0,0.0
2024-07-12 12:49:00-04:00,114.20999908447266,114.20999908447266,114.08999633789062,114.08999633789062,3770,0.0,0.0
2024-07-12 12:50:00-04:00,114.08999633789062,114.2300033569336,114.08999633789062,114.16999816894531,9255,0.0,0.0
2024-07-12 12:51:00-04:00,114.20500183105469,114.41999816894531,114.20500183105469,114.375,3597,0.0,0.0
2024-07-12 12:52:00-04:00,114.3949966430664,114.3949966430664,114.30999755859375,114.30999755859375,952,0.0,0.0
2024-07-12 12:53:00-04:00,114.3949966430664,114.5999984741211,114.3949966430664,114.51000213623047,2686,0.0,0.0
2024-07-12 12:54:00-04:00,114.55999755859375,114.55999755859375,114.55999755859375,114.55999755859375,250,0.0,0.0
2024-07-12 12:55:00-04:00,114.54499816894531,114.54499816894531,114.43000030517578,114.43000030517578,366,0.0,0.0
2024-07-12 12:56:00-04:00,114.55999755859375,114.55999755859375,114.12999725341797,114.2300033569336,13627,0.0,0.0
2024-07-12 12:57:00-04:00,114.2300033569336,114.2300033569336,114.20500183105469,114.20500183105469,1518,0.0,0.0
2024-07-12 12:58:00-04:00,114.0999984741211,114.0999984741211,114.0999984741211,114.0999984741211,972,0.0,0.0
2024-07-12 12:59:00-04:00,114.08000183105469,114.08000183105469,114.04000091552734,114.04000091552734,958,0.0,0.0
2024-07-12 13:00:00-04:00,114.09010314941406,114.18000030517578,114.09010314941406,114.11000061035156,1954,0.0,0.0
2024-07-12 13:01:00-04:00,114.20999908447266,114.25,114.19999694824219,114.25,3375,0.0,0.0
2024-07-12 13:02:00-04:00,114.31999969482422,114.33999633789062,114.31999969482422,114.33999633789062,787,0.0,0.0
2024-07-12 13:03:00-04:00,114.31999969482422,114.44999694824219,114.27999877929688,114.31999969482422,10777,0.0,0.0
2024-07-12 13:04:00-04:00,114.31999969482422,114.31999969482422,114.31999969482422,114.31999969482422,662,0.0,0.0
2024-07-12 13:05:00-04:00,114.22000122070312,114.33999633789062,114.16999816894531,114.30999755859375,10782,0.0,0.0
2024-07-12 13:06:00-04:00,114.36000061035156,114.44999694824219,114.36000061035156,114.41999816894531,2695,0.0,0.0
2024-07-12 13:07:00-04:00,114.41999816894531,114.41999816894531,114.30999755859375,114.30999755859375,3855,0.0,0.0
2024-07-12 13:08:00-04:00,114.33000183105469,114.38999938964844,114.33000183105469,114.33000183105469,1427,0.0,0.0
2024-07-12 13:09:00-04:00,114.32499694824219,114.32499694824219,114.27999877929688,114.27999877929688,1630,0.0,0.0
2024-07-12 13:10:00-04:00,114.31999969482422,114.38999938964844,114.31999969482422,114.38999938964844,1983,0.0,0.0
2024-07-12 13:11:00-04:00,114.38999938964844,114.41000366210938,114.38999938964844,114.41000366210938,994,0.0,0.0
2024-07-12 13:12:00-04:00,114.41999816894531,114.41999816894531,114.41000366210938,114.41000366210938,832,0.0,0.0
2024-07-12 13:13:00-04:00,114.41000366210938,114.45999908447266,114.41000366210938,114.41000366210938,3438,0.0,0.0
2024-07-12 13:14:00-04:00,114.45999908447266,114.45999908447266,114.36000061035156,114.36000061035156,2337,0.0,0.0
2024-07-12 13:16:00-04:00,114.3499984741211,114.3499984741211,114.30000305175781,114.30000305175781,1655,0.0,0.0
2024-07-12 13:17:00-04:00,114.33000183105469,114.33999633789062,114.33000183105469,114.33999633789062,2251,0.0,0.0
2024-07-12 13:18:00-04:00,114.32499694824219,114.33000183105469,114.32499694824219,114.33000183105469,412,0.0,0.0
2024-07-12 13:19:00-04:00,114.37000274658203,114.37000274658203,114.3550033569336,114.3550033569336,1849,0.0,0.0
2024-07-12 13:20:00-04:00,114.38999938964844,114.38999938964844,114.37999725341797,114.37999725341797,1006,0.0,0.0
2024-07-12 13:21:00-04:00,114.3550033569336,114.3550033569336,114.3550033569336,114.3550033569336,1888,0.0,0.0
2024-07-12 13:22:00-04:00,114.31999969482422,114.31999969482422,114.30000305175781,114.30000305175781,2061,0.0,0.0
2024-07-12 13:23:00-04:00,114.30000305175781,114.33999633789062,114.26000213623047,114.26000213623047,1597,0.0,0.0
2024-07-12 13:24:00-04:00,114.2300033569336,114.23500061035156,114.13999938964844,114.13999938964844,16639,0.0,0.0
2024-07-12 13:25:00-04:00,114.0,114.05999755859375,113.98999786376953,114.02999877929688,4633,0.0,0.0
2024-07-12 13:26:00-04:00,113.99109649658203,114.19000244140625,113.99109649658203,114.13999938964844,7147,0.0,0.0
2024-07-12 13:27:00-04:00,114.16999816894531,114.22000122070312,114.13500213623047,114.22000122070312,4797,0.0,0.0
2024-07-12 13:28:00-04:00,114.18000030517578,114.25,114.18000030517578,114.25,1257,0.0,0.0
2024-07-12 13:29:00-04:00,114.30999755859375,114.30999755859375,114.26499938964844,114.26499938964844,896,0.0,0.0
2024-07-12 13:30:00-04:00,114.26499938964844,114.27629852294922,114.26499938964844,114.27629852294922,453,0.0,0.0
2024-07-12 13:31:00-04:00,114.2699966430664,114.2699966430664,114.23660278320312,114.23660278320312,829,0.0,0.0
2024-07-12 13:32:00-04:00,114.30999755859375,114.37000274658203,114.2699966430664,114.33999633789062,6356,0.0,0.0
2024-07-12 13:33:00-04:00,114.34500122070312,114.38999938964844,114.33999633789062,114.36499786376953,2190,0.0,0.0
2024-07-12 13:34:00-04:00,114.30000305175781,114.4000015258789,114.30000305175781,114.3550033569336,1409,0.0,0.0
2024-07-12 13:35:00-04:00,114.3550033569336,114.36000061035156,114.33999633789062,114.36000061035156,2541,0.0,0.0
2024-07-12 13:36:00-04:00,114.4000015258789,114.4000015258789,114.4000015258789,114.4000015258789,234,0.0,0.0
2024-07-12 13:37:00-04:00,114.36000061035156,114.36000061035156,114.33000183105469,114.33000183105469,597,0.0,0.0
2024-07-12 13:38:00-04:00,114.4000015258789,114.41999816894531,114.36499786376953,114.38999938964844,2892,0.0,0.0
2024-07-12 13:39:00-04:00,114.38500213623047,114.43499755859375,114.38500213623047,114.41500091552734,3290,0.0,0.0
2024-07-12 13:40:00-04:00,114.44000244140625,114.45999908447266,114.41999816894531,114.41999816894531,895,0.0,0.0
2024-07-12 13:41:00-04:00,114.45999908447266,114.5199966430664,114.44000244140625,114.5199966430664,3310,0.0,0.0
2024-07-12 13:42:00-04:00,114.45999908447266,114.49500274658203,114.45999908447266,114.4749984741211,1501,0.0,0.0
2024-07-12 13:43:00-04:00,114.4800033569336,114.51000213623047,114.4800033569336,114.48999786376953,3369,0.0,0.0
2024-07-12 13:44:00-04:00,114.5199966430664,114.52999877929688,114.47930145263672,114.51000213623047,33753,0.0,0.0
2024-07-12 13:45:00-04:00,114.47000122070312,114.5,114.46499633789062,114.48500061035156,3451,0.0,0.0
2024-07-12 13:46:00-04:00,114.52999877929688,114.55999755859375,114.52999877929688,114.55000305175781,2119,0.0,0.0
2024-07-12 13:47:00-04:00,114.5999984741211,114.62000274658203,114.51000213623047,114.55000305175781,3069,0.0,0.0
2024-07-12 13:48:00-04:00,114.66000366210938,114.66000366210938,114.6500015258789,114.6500015258789,918,0.0,0.0
2024-07-12 13:49:00-04:00,114.66999816894531,114.66999816894531,114.66000366210938,114.66000366210938,1478,0.0,0.0
2024-07-12 13:50:00-04:00,114.62000274658203,114.62000274658203,114.5999984741211,114.5999984741211,869,0.0,0.0
2024-07-12 13:51:00-04:00,114.63999938964844,114.66000366210938,114.63999938964844,114.66000366210938,2720,0.0,0.0
2024-07-12 13:52:00-04:00,114.59500122070312,114.69000244140625,114.59500122070312,114.66999816894531,4789,0.0,0.0
2024-07-12 13:53:00-04:00,114.70999908447266,114.7300033569336,114.64099884033203,114.70999908447266,1518,0.0,0.0
2024-07-12 13:54:00-04:00,114.75,114.79000091552734,114.75,114.79000091552734,1139,0.0,0.0
2024-07-12 13:55:00-04:00,114.78679656982422,114.83000183105469,114.72750091552734,114.83000183105469,1653,0.0,0.0
2024-07-12 13:56:00-04:00,114.86000061035156,114.86000061035156,114.8499984741211,114.8499984741211,2114,0.0,0.0
2024-07-12 13:57:00-04:00,114.82499694824219,114.82499694824219,114.79000091552734,114.79000091552734,4000,0.0,0.0
2024-07-12 13:58:00-04:00,114.7750015258789,114.7750015258789,114.75,114.7699966430664,3210,0.0,0.0
2024-07-12 13:59:00-04:00,114.7699966430664,114.7699966430664,114.76000213623047,114.76000213623047,2683,0.0,0.0
2024-07-12 14:00:00-04:00,114.72000122070312,114.75,114.66999816894531,114.69999694824219,2341,0.0,0.0
2024-07-12 14:02:00-04:00,114.72000122070312,114.77999877929688,114.72000122070312,114.7699966430664,2410,0.0,0.0
2024-07-12 14:03:00-04:00,114.73999786376953,114.77999877929688,114.73999786376953,114.77999877929688,496,0.0,0.0
2024-07-12 14:04:00-04:00,114.83000183105469,114.83000183105469,114.83000183105469,114.83000183105469,1482,0.0,0.0
2024-07-12 14:05:00-04:00,114.76000213623047,114.77999877929688,114.76000213623047,114.77999877929688,975,0.0,0.0
2024-07-12 14:06:00-04:00,114.77999877929688,114.77999877929688,114.70999908447266,114.70999908447266,2563,0.0,0.0
2024-07-12 14:07:00-04:00,114.69000244140625,114.7699966430664,114.68000030517578,114.7699966430664,3976,0.0,0.0
2024-07-12 14:08:00-04:00,114.7405014038086,114.78500366210938,114.7405014038086,114.78489685058594,1726,0.0,0.0
2024-07-12 14:09:00-04:00,114.81999969482422,114.93000030517578,114.81999969482422,114.93000030517578,9045,0.0,0.0
2024-07-12 14:10:00-04:00,114.94999694824219,115.0,114.93000030517578,114.95999908447266,1655,0.0,0.0
2024-07-12 14:11:00-04:00,114.9302978515625,114.9800033569336,114.9302978515625,114.9800033569336,2901,0.0,0.0
2024-07-12 14:12:00-04:00,114.9800033569336,114.98999786376953,114.80999755859375,114.9000015258789,16347,0.0,0.0
2024-07-12 14:14:00-04:00,114.91000366210938,114.95999908447266,114.88999938964844,114.95999908447266,1873,0.0,0.0
2024-07-12 14:15:00-04:00,114.90499877929688,114.95999908447266,114.8499984741211,114.87000274658203,3609,0.0,0.0
2024-07-12 14:16:00-04:00,114.83999633789062,114.9000015258789,114.83999633789062,114.9000015258789,1981,0.0,0.0
2024-07-12 14:17:00-04:00,114.93000030517578,114.93000030517578,114.8949966430664,114.8949966430664,2351,0.0,0.0
2024-07-12 14:19:00-04:00,114.94000244140625,114.94000244140625,114.91999816894531,114.91999816894531,1443,0.0,0.0
2024-07-12 14:20:00-04:00,114.91999816894531,115.0199966430664,114.9000015258789,114.9749984741211,5450,0.0,0.0
2024-07-12 14:21:00-04:00,114.96499633789062,115.01000213623047,114.95999908447266,114.97750091552734,1300,0.0,0.0
2024-07-12 14:22:00-04:00,114.98999786376953,115.0,114.90499877929688,114.9800033569336,5429,0.0,0.0
2024-07-12 14:23:00-04:00,114.93000030517578,115.0,114.93000030517578,115.0,1554,0.0,0.0
2024-07-12 14:24:00-04:00,114.96499633789062,115.04000091552734,114.95800018310547,114.97000122070312,2436,0.0,0.0
2024-07-12 14:25:00-04:00,114.98999786376953,114.98999786376953,114.91999816894531,114.97000122070312,2127,0.0,0.0
2024-07-12 14:26:00-04:00,114.95999908447266,114.95999908447266,114.9000015258789,114.95999908447266,5778,0.0,0.0
2024-07-12 14:27:00-04:00,114.93000030517578,114.95999908447266,114.87999725341797,114.92500305175781,4126,0.0,0.0
2024-07-12 14:28:00-04:00,114.91819763183594,114.95999908447266,114.91819763183594,114.95999908447266,1061,0.0,0.0
2024-07-12 14:29:00-04:00,114.9800033569336,115.0199966430664,114.9800033569336,115.0199966430664,2015,0.0,0.0
2024-07-12 14:30:00-04:00,115.05000305175781,115.05999755859375,115.0199966430664,115.05999755859375,3553,0.0,0.0
2024-07-12 14:31:00-04:00,115.00489807128906,115.08000183105469,115.0,115.04000091552734,2525,0.0,0.0
2024-07-12 14:32:00-04:00,115.04000091552734,115.07499694824219,114.98999786376953,115.02999877929688,3214,0.0,0.0
2024-07-12 14:33:00-04:00,115.04000091552734,115.04000091552734,115.00499725341797,115.00499725341797,1331,0.0,0.0
2024-07-12 14:34:00-04:00,115.04000091552734,115.04000091552734,115.01499938964844,115.01499938964844,987,0.0,0.0
2024-07-12 14:35:00-04:00,115.01499938964844,115.05000305175781,115.01000213623047,115.05000305175781,1469,0.0,0.0
2024-07-12 14:36:00-04:00,115.01499938964844,115.01499938964844,114.95500183105469,114.95999908447266,3826,0.0,0.0
2024-07-12 14:37:00-04:00,114.95999908447266,114.9800033569336,114.95500183105469,114.95500183105469,973,0.0,0.0
2024-07-12 14:38:00-04:00,114.9800033569336,115.01000213623047,114.95500183105469,115.00499725341797,3199,0.0,0.0
2024-07-12 14:39:00-04:00,115.04000091552734,115.04000091552734,114.98999786376953,115.0199966430664,676,0.0,0.0
2024-07-12 14:40:00-04:00,115.02999877929688,115.08000183105469,115.02999877929688,115.08000183105469,1815,0.0,0.0
2024-07-12 14:41:00-04:00,115.08000183105469,115.11000061035156,115.08000183105469,115.11000061035156,740,0.0,0.0
2024-07-12 14:42:00-04:00,115.08000183105469,115.11000061035156,114.9800033569336,114.9800033569336,5299,0.0,0.0
2024-07-12 14:43:00-04:00,114.94000244140625,114.95500183105469,114.8949966430664,114.90499877929688,4869,0.0,0.0
2024-07-12 14:44:00-04:00,114.8949966430664,114.93990325927734,114.8949966430664,114.89749908447266,1046,0.0,0.0
2024-07-12 14:45:00-04:00,114.94000244140625,115.13999938964844,114.94000244140625,115.0999984741211,7039,0.0,0.0
2024-07-12 14:46:00-04:00,115.0999984741211,115.13999938964844,115.08000183105469,115.13999938964844,1750,0.0,0.0
2024-07-12 14:47:00-04:00,115.16000366210938,115.17500305175781,115.12999725341797,115.16999816894531,1774,0.0,0.0
2024-07-12 14:48:00-04:00,115.12000274658203,115.125,115.08999633789062,115.0999984741211,2466,0.0,0.0
2024-07-12 14:49:00-04:00,115.08760070800781,115.16000366210938,115.08760070800781,115.12999725341797,1103,0.0,0.0
2024-07-12 14:50:00-04:00,115.0999984741211,115.0999984741211,115.07499694824219,115.07499694824219,1053,0.0,0.0
2024-07-12 14:51:00-04:00,115.05000305175781,115.05999755859375,115.0250015258789,115.05999755859375,2618,0.0,0.0
2024-07-12 14:52:00-04:00,115.06500244140625,115.08999633789062,115.02999877929688,115.02999877929688,20865,0.0,0.0
2024-07-12 14:53:00-04:00,115.02999877929688,115.04000091552734,115.01499938964844,115.01499938964844,1894,0.0,0.0
2024-07-12 14:54:00-04:00,115.05999755859375,115.05999755859375,115.0199966430664,115.05000305175781,1589,0.0,0.0
2024-07-12 14:55:00-04:00,115.01000213623047,115.02999877929688,115.01000213623047,115.01000213623047,1373,0.0,0.0
2024-07-12 14:56:00-04:00,115.04000091552734,115.07499694824219,115.04000091552734,115.07499694824219,2759,0.0,0.0
2024-07-12 14:57:00-04:00,115.04499816894531,115.12000274658203,115.0199966430664,115.08999633789062,3486,0.0,0.0
2024-07-12 14:58:00-04:00,115.12999725341797,115.12999725341797,115.04499816894531,115.04499816894531,922,0.0,0.0
2024-07-12 14:59:00-04:00,115.08999633789062,115.08999633789062,115.05500030517578,115.05500030517578,1161,0.0,0.0
2024-07-12 15:00:00-04:00,115.07499694824219,115.19999694824219,115.07499694824219,115.19999694824219,1461,0.0,0.0
2024-07-12 15:01:00-04:00,115.0999984741211,115.16000366210938,115.0999984741211,115.16000366210938,5342,0.0,0.0
2024-07-12 15:02:00-04:00,115.1240005493164,115.16000366210938,115.0999984741211,115.12999725341797,3748,0.0,0.0
2024-07-12 15:03:00-04:00,115.0250015258789,115.06999969482422,115.0250015258789,115.06999969482422,2182,0.0,0.0
2024-07-12 15:04:00-04:00,115.02999877929688,115.02999877929688,115.0199966430664,115.0199966430664,835,0.0,0.0
2024-07-12 15:05:00-04:00,115.01499938964844,115.05000305175781,115.01499938964844,115.01499938964844,1681,0.0,0.0
2024-07-12 15:06:00-04:00,115.05000305175781,115.05000305175781,115.01499938964844,115.01499938964844,689,0.0,0.0
2024-07-12 15:07:00-04:00,115.01499938964844,115.04000091552734,115.01499938964844,115.01499938964844,1136,0.0,0.0
2024-07-12 15:08:00-04:00,115.0199966430664,115.02999877929688,114.9800033569336,115.02999877929688,5496,0.0,0.0
2024-07-12 15:09:00-04:00,115.0250015258789,115.06999969482422,115.0250015258789,115.06999969482422,1764,0.0,0.0
2024-07-12 15:10:00-04:00,115.06999969482422,115.06999969482422,115.00499725341797,115.00499725341797,2349,0.0,0.0
2024-07-12 15:11:00-04:00,115.02999877929688,115.04000091552734,115.01000213623047,115.01000213623047,1226,0.0,0.0
2024-07-12 15:12:00-04:00,115.0,115.05999755859375,114.9000015258789,115.05999755859375,10215,0.0,0.0
2024-07-12 15:13:00-04:00,115.04000091552734,115.11000061035156,115.04000091552734,115.06999969482422,2941,0.0,0.0
2024-07-12 15:14:00-04:00,115.0999984741211,115.13999938964844,115.0999984741211,115.13999938964844,1603,0.0,0.0
2024-07-12 15:15:00-04:00,115.11000061035156,115.11000061035156,115.05000305175781,115.09500122070312,4500,0.0,0.0
2024-07-12 15:16:00-04:00,115.06999969482422,115.06999969482422,115.06999969482422,115.06999969482422,989,0.0,0.0
2024-07-12 15:17:00-04:00,115.08000183105469,115.1050033569336,115.07499694824219,115.07499694824219,1730,0.0,0.0
2024-07-12 15:18:00-04:00,115.04000091552734,115.04000091552734,115.0250015258789,115.0250015258789,2008,0.0,0.0
2024-07-12 15:19:00-04:00,115.0250015258789,115.05000305175781,115.0,115.04499816894531,6999,0.0,0.0
2024-07-12 15:20:00-04:00,115.02359771728516,115.06999969482422,115.01000213623047,115.03500366210938,5445,0.0,0.0
2024-07-12 15:21:00-04:00,115.04000091552734,115.04000091552734,115.04000091552734,115.04000091552734,997,0.0,0.0
2024-07-12 15:22:00-04:00,115.04000091552734,115.04000091552734,115.04000091552734,115.04000091552734,1480,0.0,0.0
2024-07-12 15:23:00-04:00,115.03299713134766,115.05999755859375,115.0199966430664,115.05000305175781,4441,0.0,0.0
2024-07-12 15:24:00-04:00,115.05000305175781,115.05249786376953,115.0009994506836,115.01100158691406,7134,0.0,0.0
2024-07-12 15:25:00-04:00,115.02999877929688,115.08999633789062,115.01499938964844,115.02999877929688,9520,0.0,0.0
2024-07-12 15:26:00-04:00,115.01100158691406,115.05000305175781,114.9739990234375,114.98999786376953,13838,0.0,0.0
2024-07-12 15:27:00-04:00,115.01000213623047,115.13999938964844,115.01000213623047,115.13999938964844,5066,0.0,0.0
2024-07-12 15:28:00-04:00,115.10099792480469,115.1500015258789,115.0999984741211,115.13999938964844,2073,0.0,0.0
2024-07-12 15:29:00-04:00,115.1449966430664,115.1500015258789,115.0999984741211,115.125,3103,0.0,0.0
2024-07-12 15:30:00-04:00,115.125,115.13999938964844,115.0250015258789,115.0250015258789,3908,0.0,0.0
2024-07-12 15:31:00-04:00,115.02999877929688,115.02999877929688,114.87000274658203,115.0,11841,0.0,0.0
2024-07-12 15:32:00-04:00,115.0,115.08999633789062,114.98100280761719,115.08999633789062,4031,0.0,0.0
2024-07-12 15:33:00-04:00,115.05999755859375,115.06999969482422,115.04000091552734,115.04000091552734,4211,0.0,0.0
2024-07-12 15:34:00-04:00,115.04000091552734,115.06999969482422,115.01000213623047,115.01499938964844,6519,0.0,0.0
2024-07-12 15:35:00-04:00,115.0199966430664,115.0199966430664,114.83999633789062,114.875,6128,0.0,0.0
2024-07-12 15:36:00-04:00,114.875,114.875,114.8010025024414,114.81999969482422,4631,0.0,0.0
2024-07-12 15:37:00-04:00,114.81999969482422,114.83000183105469,114.7699966430664,114.79000091552734,7889,0.0,0.0
2024-07-12 15:38:00-04:00,114.77999877929688,114.77999877929688,114.66100311279297,114.70480346679688,3659,0.0,0.0
2024-07-12 15:39:00-04:00,114.7249984741211,114.80000305175781,114.7249984741211,114.73999786376953,5603,0.0,0.0
2024-07-12 15:40:00-04:00,114.76499938964844,114.81999969482422,114.73999786376953,114.79499816894531,5403,0.0,0.0
2024-07-12 15:41:00-04:00,114.77999877929688,114.80999755859375,114.7300033569336,114.7300033569336,6090,0.0,0.0
2024-07-12 15:42:00-04:00,114.73999786376953,114.78500366210938,114.70099639892578,114.78500366210938,5040,0.0,0.0
2024-07-12 15:43:00-04:00,114.76000213623047,114.76000213623047,114.69000244140625,114.69000244140625,5173,0.0,0.0
2024-07-12 15:44:00-04:00,114.66000366210938,114.69999694824219,114.56999969482422,114.56999969482422,4850,0.0,0.0
2024-07-12 15:45:00-04:00,114.62000274658203,114.76000213623047,114.60099792480469,114.76000213623047,10727,0.0,0.0
2024-07-12 15:46:00-04:00,114.73999786376953,114.77999877929688,114.72100067138672,114.7300033569336,5752,0.0,0.0
2024-07-12 15:47:00-04:00,114.76000213623047,114.80999755859375,114.75,114.77999877929688,7871,0.0,0.0
2024-07-12 15:48:00-04:00,114.80000305175781,114.80000305175781,114.66500091552734,114.66999816894531,9777,0.0,0.0
2024-07-12 15:49:00-04:00,114.68000030517578,114.80000305175781,114.66400146484375,114.80000305175781,6898,0.0,0.0
2024-07-12 15:50:00-04:00,114.73999786376953,114.73999786376953,114.58100128173828,114.58999633789062,13997,0.0,0.0
2024-07-12 15:51:00-04:00,114.58999633789062,114.66000366210938,114.51499938964844,114.58000183105469,22160,0.0,0.0
2024-07-12 15:52:00-04:00,114.56999969482422,114.58000183105469,114.51000213623047,114.55999755859375,8525,0.0,0.0
2024-07-12 15:53:00-04:00,114.54000091552734,114.72000122070312,114.54000091552734,114.70999908447266,13388,0.0,0.0
2024-07-12 15:54:00-04:00,114.75,114.75,114.29000091552734,114.29000091552734,22743,0.0,0.0
2024-07-12 15:55:00-04:00,114.27999877929688,114.27999877929688,114.04000091552734,114.1449966430664,27304,0.0,0.0
2024-07-12 15:56:00-04:00,114.12999725341797,114.16000366210938,114.06999969482422,114.08999633789062,18818,0.0,0.0
2024-07-12 15:57:00-04:00,114.08000183105469,114.08999633789062,113.9977035522461,114.08999633789062,22983,0.0,0.0
2024-07-12 15:58:00-04:00,114.08999633789062,114.09500122070312,113.98999786376953,114.0199966430664,26043,0.0,0.0
2024-07-12 15:59:00-04:00,114.0199966430664,114.08999633789062,113.94999694824219,114.08999633789062,68129,0.0,0.0
