Datetime,Open,High,Low,Close,Volume,Dividends,Stock Splits
2024-07-08 09:30:00-04:00,152.0,152.0500030517578,151.35000610351562,151.72000122070312,41662,0.0,0.0
2024-07-08 09:31:00-04:00,151.77499389648438,151.86500549316406,151.72000122070312,151.72000122070312,4110,0.0,0.0
2024-07-08 09:32:00-04:00,151.5,151.71499633789062,151.5,151.5,2318,0.0,0.0
2024-07-08 09:33:00-04:00,151.65499877929688,151.74000549316406,151.52000427246094,151.625,4239,0.0,0.0
2024-07-08 09:34:00-04:00,151.6199951171875,151.7899932861328,151.5,151.52999877929688,17655,0.0,0.0
2024-07-08 09:35:00-04:00,151.625,151.88999938964844,151.49000549316406,151.78500366210938,14214,0.0,0.0
2024-07-08 09:36:00-04:00,151.7899932861328,152.27000427246094,151.7899932861328,152.26210021972656,8108,0.0,0.0
2024-07-08 09:37:00-04:00,152.25999450683594,152.25999450683594,151.5800018310547,151.75999450683594,7987,0.0,0.0
2024-07-08 09:38:00-04:00,151.75999450683594,152.03500366210938,151.75999450683594,152.03500366210938,11761,0.0,0.0
2024-07-08 09:39:00-04:00,152.0500030517578,152.4600067138672,152.0500030517578,152.4600067138672,3414,0.0,0.0
2024-07-08 09:40:00-04:00,152.47999572753906,152.72999572753906,152.47999572753906,152.72999572753906,7024,0.0,0.0
2024-07-08 09:41:00-04:00,152.8000030517578,152.8000030517578,152.6199951171875,152.6475067138672,7167,0.0,0.0
2024-07-08 09:42:00-04:00,152.72000122070312,152.75,152.1999969482422,152.23489379882812,6423,0.0,0.0
2024-07-08 09:43:00-04:00,152.0399932861328,152.2100067138672,151.72000122070312,151.74000549316406,1842,0.0,0.0
2024-07-08 09:44:00-04:00,151.5,151.91000366210938,151.5,151.90499877929688,4963,0.0,0.0
2024-07-08 09:45:00-04:00,152.0,152.28500366210938,151.99000549316406,152.26499938964844,6426,0.0,0.0
2024-07-08 09:46:00-04:00,152.3000030517578,152.77999877929688,152.3000030517578,152.69000244140625,3416,0.0,0.0
2024-07-08 09:47:00-04:00,152.8000030517578,153.0,152.75,152.83999633789062,7576,0.0,0.0
2024-07-08 09:48:00-04:00,152.82749938964844,152.9250030517578,152.72999572753906,152.82000732421875,7038,0.0,0.0
2024-07-08 09:49:00-04:00,152.83999633789062,152.99000549316406,152.72999572753906,152.99000549316406,2149,0.0,0.0
2024-07-08 09:50:00-04:00,152.61000061035156,152.61000061035156,152.4344024658203,152.59500122070312,3719,0.0,0.0
2024-07-08 09:51:00-04:00,152.42019653320312,152.42019653320312,152.10000610351562,152.11000061035156,2605,0.0,0.0
2024-07-08 09:52:00-04:00,152.11000061035156,152.2899932861328,152.0,152.05999755859375,2750,0.0,0.0
2024-07-08 09:53:00-04:00,152.2100067138672,152.2100067138672,152.02999877929688,152.03660583496094,3189,0.0,0.0
2024-07-08 09:54:00-04:00,152.2100067138672,152.21499633789062,152.07000732421875,152.07000732421875,1762,0.0,0.0
2024-07-08 09:55:00-04:00,152.1999969482422,152.5500030517578,152.1999969482422,152.49000549316406,8852,0.0,0.0
2024-07-08 09:56:00-04:00,152.46170043945312,152.47999572753906,152.35000610351562,152.36000061035156,2124,0.0,0.0
2024-07-08 09:57:00-04:00,152.4499969482422,152.54989624023438,152.30999755859375,152.31500244140625,5613,0.0,0.0
2024-07-08 09:58:00-04:00,152.3350067138672,152.5850067138672,152.25,152.5850067138672,8133,0.0,0.0
2024-07-08 09:59:00-04:00,152.49000549316406,152.4949951171875,152.3800048828125,152.41000366210938,2310,0.0,0.0
2024-07-08 10:00:00-04:00,152.27499389648438,152.7100067138672,152.27499389648438,152.4600067138672,11367,0.0,0.0
2024-07-08 10:01:00-04:00,152.47999572753906,152.6699981689453,152.4499969482422,152.5500030517578,10458,0.0,0.0
2024-07-08 10:02:00-04:00,152.60000610351562,152.60000610351562,152.36000061035156,152.38999938964844,2811,0.0,0.0
2024-07-08 10:03:00-04:00,152.3300018310547,152.3300018310547,152.13999938964844,152.24000549316406,2916,0.0,0.0
2024-07-08 10:04:00-04:00,152.10000610351562,152.22000122070312,152.0399932861328,152.05999755859375,3723,0.0,0.0
2024-07-08 10:05:00-04:00,152.02999877929688,152.10499572753906,151.89999389648438,152.09500122070312,7946,0.0,0.0
2024-07-08 10:06:00-04:00,151.88999938964844,151.91000366210938,151.52749633789062,151.7375030517578,10365,0.0,0.0
2024-07-08 10:07:00-04:00,151.61000061035156,151.8699951171875,151.57000732421875,151.7003936767578,5656,0.0,0.0
2024-07-08 10:08:00-04:00,151.58999633789062,151.86000061035156,151.52000427246094,151.8300018310547,8181,0.0,0.0
2024-07-08 10:09:00-04:00,151.85000610351562,151.85000610351562,151.6999969482422,151.6999969482422,2406,0.0,0.0
2024-07-08 10:10:00-04:00,151.8000030517578,151.9250030517578,151.74000549316406,151.74000549316406,4804,0.0,0.0
2024-07-08 10:11:00-04:00,151.6699981689453,151.8699951171875,151.6699981689453,151.77000427246094,3113,0.0,0.0
2024-07-08 10:12:00-04:00,151.75999450683594,151.77000427246094,151.6699981689453,151.6699981689453,1506,0.0,0.0
2024-07-08 10:13:00-04:00,151.7689971923828,151.96499633789062,151.7689971923828,151.96499633789062,5294,0.0,0.0
2024-07-08 10:14:00-04:00,151.96499633789062,151.96499633789062,151.8699951171875,151.90499877929688,3209,0.0,0.0
2024-07-08 10:15:00-04:00,152.0,152.0399932861328,151.77000427246094,151.83999633789062,7188,0.0,0.0
2024-07-08 10:16:00-04:00,151.7100067138672,151.77999877929688,151.39999389648438,151.42999267578125,7062,0.0,0.0
2024-07-08 10:17:00-04:00,151.3699951171875,151.3699951171875,151.25,151.2899932861328,5633,0.0,0.0
2024-07-08 10:18:00-04:00,151.32000732421875,151.4499969482422,151.3000030517578,151.3000030517578,5648,0.0,0.0
2024-07-08 10:19:00-04:00,151.27999877929688,151.27999877929688,150.8800048828125,150.8800048828125,18639,0.0,0.0
2024-07-08 10:20:00-04:00,150.8800048828125,151.39999389648438,150.8800048828125,151.26890563964844,10084,0.0,0.0
2024-07-08 10:21:00-04:00,151.27999877929688,151.4499969482422,151.2449951171875,151.4499969482422,4181,0.0,0.0
2024-07-08 10:22:00-04:00,151.3800048828125,151.3800048828125,150.86000061035156,150.86000061035156,6254,0.0,0.0
2024-07-08 10:23:00-04:00,150.97999572753906,151.07000732421875,150.8000030517578,150.8000030517578,10070,0.0,0.0
2024-07-08 10:24:00-04:00,151.0399932861328,151.0399932861328,150.75,151.00999450683594,3941,0.0,0.0
2024-07-08 10:25:00-04:00,150.77000427246094,150.9799041748047,150.7100067138672,150.8699951171875,6636,0.0,0.0
2024-07-08 10:26:00-04:00,150.60009765625,150.75,150.60009765625,150.6999969482422,1736,0.0,0.0
2024-07-08 10:27:00-04:00,150.86000061035156,151.05490112304688,150.86000061035156,151.05490112304688,3350,0.0,0.0
2024-07-08 10:28:00-04:00,150.80999755859375,150.94000244140625,150.5399932861328,150.5399932861328,7054,0.0,0.0
2024-07-08 10:29:00-04:00,150.58999633789062,150.58999633789062,150.2100067138672,150.2100067138672,9979,0.0,0.0
2024-07-08 10:30:00-04:00,150.39999389648438,150.61000061035156,150.00999450683594,150.17999267578125,29876,0.0,0.0
2024-07-08 10:31:00-04:00,150.2100067138672,150.55999755859375,150.1999969482422,150.55999755859375,7121,0.0,0.0
2024-07-08 10:32:00-04:00,150.6300048828125,150.64999389648438,150.5500030517578,150.61000061035156,4366,0.0,0.0
2024-07-08 10:33:00-04:00,150.55999755859375,150.89500427246094,150.55999755859375,150.8000030517578,8666,0.0,0.0
2024-07-08 10:34:00-04:00,150.82000732421875,151.02999877929688,150.82000732421875,151.02999877929688,2545,0.0,0.0
2024-07-08 10:35:00-04:00,151.02999877929688,151.02999877929688,150.88499450683594,150.93499755859375,2808,0.0,0.0
2024-07-08 10:36:00-04:00,150.94000244140625,151.0540008544922,150.94000244140625,150.97999572753906,3781,0.0,0.0
2024-07-08 10:37:00-04:00,150.91000366210938,151.02999877929688,150.86000061035156,150.92999267578125,4284,0.0,0.0
2024-07-08 10:38:00-04:00,151.0,151.0,150.9199981689453,150.95140075683594,1462,0.0,0.0
2024-07-08 10:39:00-04:00,150.9375,151.10000610351562,150.92999267578125,151.07000732421875,3813,0.0,0.0
2024-07-08 10:40:00-04:00,151.11000061035156,151.1199951171875,151.05279541015625,151.05279541015625,1992,0.0,0.0
2024-07-08 10:41:00-04:00,151.08749389648438,151.24000549316406,151.0500030517578,151.1649932861328,5068,0.0,0.0
2024-07-08 10:42:00-04:00,151.02000427246094,151.2519989013672,151.02000427246094,151.14500427246094,1605,0.0,0.0
2024-07-08 10:43:00-04:00,151.23500061035156,151.23500061035156,151.08999633789062,151.08999633789062,1578,0.0,0.0
2024-07-08 10:44:00-04:00,151.07000732421875,151.13999938964844,150.94000244140625,151.02499389648438,2688,0.0,0.0
2024-07-08 10:45:00-04:00,150.91000366210938,151.0,150.91000366210938,151.0,1645,0.0,0.0
2024-07-08 10:46:00-04:00,150.92999267578125,151.02999877929688,150.9199981689453,151.02499389648438,1835,0.0,0.0
2024-07-08 10:47:00-04:00,151.02999877929688,151.18499755859375,150.9199981689453,151.16000366210938,4028,0.0,0.0
2024-07-08 10:48:00-04:00,151.1649932861328,151.1649932861328,151.0749969482422,151.0749969482422,2090,0.0,0.0
2024-07-08 10:49:00-04:00,151.0749969482422,151.1699981689453,151.0,151.1699981689453,2839,0.0,0.0
2024-07-08 10:52:00-04:00,151.50999450683594,151.58999633789062,151.50999450683594,151.58999633789062,13680,0.0,0.0
2024-07-08 10:53:00-04:00,151.5749969482422,151.5749969482422,151.38499450683594,151.4600067138672,4849,0.0,0.0
2024-07-08 10:54:00-04:00,151.4550018310547,151.5500030517578,151.42999267578125,151.5500030517578,4137,0.0,0.0
2024-07-08 10:55:00-04:00,151.5500030517578,151.69000244140625,151.47000122070312,151.53799438476562,4702,0.0,0.0
2024-07-08 10:56:00-04:00,151.55499267578125,151.55499267578125,151.4550018310547,151.4550018310547,2818,0.0,0.0
2024-07-08 10:57:00-04:00,151.5449981689453,151.6699981689453,151.5449981689453,151.6699981689453,2906,0.0,0.0
2024-07-08 10:58:00-04:00,151.52000427246094,151.52000427246094,151.40499877929688,151.40499877929688,2241,0.0,0.0
2024-07-08 10:59:00-04:00,151.39999389648438,151.39999389648438,151.1699981689453,151.2449951171875,5828,0.0,0.0
2024-07-08 11:00:00-04:00,151.2449951171875,151.34500122070312,151.2449951171875,151.34500122070312,1282,0.0,0.0
2024-07-08 11:01:00-04:00,151.33180236816406,151.3350067138672,151.02000427246094,151.13999938964844,5985,0.0,0.0
2024-07-08 11:02:00-04:00,151.13999938964844,151.2100067138672,151.0800018310547,151.11500549316406,4166,0.0,0.0
2024-07-08 11:03:00-04:00,151.10499572753906,151.2100067138672,151.0,151.0,2995,0.0,0.0
2024-07-08 11:04:00-04:00,150.9571990966797,151.07000732421875,150.85000610351562,150.85000610351562,2669,0.0,0.0
2024-07-08 11:05:00-04:00,151.0,151.05999755859375,151.0,151.03500366210938,3382,0.0,0.0
2024-07-08 11:07:00-04:00,151.1199951171875,151.1199951171875,150.99000549316406,150.99000549316406,6099,0.0,0.0
2024-07-08 11:08:00-04:00,150.94000244140625,150.9600067138672,150.94000244140625,150.9600067138672,420,0.0,0.0
2024-07-08 11:09:00-04:00,150.86000061035156,150.97000122070312,150.86000061035156,150.875,3321,0.0,0.0
2024-07-08 11:10:00-04:00,150.90499877929688,151.00999450683594,150.90499877929688,150.94000244140625,2462,0.0,0.0
2024-07-08 11:11:00-04:00,151.00999450683594,151.00999450683594,150.98500061035156,150.98500061035156,449,0.0,0.0
2024-07-08 11:12:00-04:00,150.97999572753906,150.97999572753906,150.85000610351562,150.85000610351562,1375,0.0,0.0
2024-07-08 11:13:00-04:00,150.85000610351562,150.85000610351562,150.6199951171875,150.6199951171875,2545,0.0,0.0
2024-07-08 11:14:00-04:00,150.6699981689453,150.75999450683594,150.65499877929688,150.7550048828125,5660,0.0,0.0
2024-07-08 11:15:00-04:00,150.77000427246094,150.8227996826172,150.77000427246094,150.78500366210938,1304,0.0,0.0
2024-07-08 11:16:00-04:00,150.78500366210938,150.8300018310547,150.77999877929688,150.77999877929688,1582,0.0,0.0
2024-07-08 11:17:00-04:00,150.82000732421875,150.83999633789062,150.68499755859375,150.68499755859375,6193,0.0,0.0
2024-07-08 11:18:00-04:00,150.63999938964844,150.63999938964844,150.60000610351562,150.60000610351562,957,0.0,0.0
2024-07-08 11:19:00-04:00,150.52999877929688,150.58999633789062,150.52999877929688,150.5399932861328,2822,0.0,0.0
2024-07-08 11:20:00-04:00,150.5500030517578,150.5500030517578,150.39999389648438,150.39999389648438,5363,0.0,0.0
2024-07-08 11:21:00-04:00,150.38999938964844,150.38999938964844,150.27000427246094,150.35499572753906,7008,0.0,0.0
2024-07-08 11:22:00-04:00,150.42999267578125,150.42999267578125,150.42999267578125,150.42999267578125,297,0.0,0.0
2024-07-08 11:23:00-04:00,150.40499877929688,150.44000244140625,150.35000610351562,150.41000366210938,7807,0.0,0.0
2024-07-08 11:24:00-04:00,150.3800048828125,150.40499877929688,150.35000610351562,150.35000610351562,4917,0.0,0.0
2024-07-08 11:25:00-04:00,150.33999633789062,150.35000610351562,150.1999969482422,150.1999969482422,7403,0.0,0.0
2024-07-08 11:26:00-04:00,150.24000549316406,150.28500366210938,150.1999969482422,150.25,11946,0.0,0.0
2024-07-08 11:27:00-04:00,150.28500366210938,150.3000030517578,150.16000366210938,150.3000030517578,9049,0.0,0.0
2024-07-08 11:28:00-04:00,150.22000122070312,150.22000122070312,150.1300048828125,150.1300048828125,2646,0.0,0.0
2024-07-08 11:29:00-04:00,150.16000366210938,150.16929626464844,149.85000610351562,149.85000610351562,13851,0.0,0.0
2024-07-08 11:30:00-04:00,149.89500427246094,149.97479248046875,149.8000030517578,149.86500549316406,11297,0.0,0.0
2024-07-08 11:31:00-04:00,149.82000732421875,149.89999389648438,149.82000732421875,149.89999389648438,4494,0.0,0.0
2024-07-08 11:32:00-04:00,149.85000610351562,149.88999938964844,149.6649932861328,149.6999969482422,9743,0.0,0.0
2024-07-08 11:33:00-04:00,149.6300048828125,149.64999389648438,149.55999755859375,149.5800018310547,8528,0.0,0.0
2024-07-08 11:34:00-04:00,149.5800018310547,149.63999938964844,149.39999389648438,149.39999389648438,6373,0.0,0.0
2024-07-08 11:35:00-04:00,149.39999389648438,149.47999572753906,149.35000610351562,149.35000610351562,8787,0.0,0.0
2024-07-08 11:36:00-04:00,149.35000610351562,149.44000244140625,149.25,149.25,6799,0.0,0.0
2024-07-08 11:37:00-04:00,149.2100067138672,149.21499633789062,149.1199951171875,149.1699981689453,4525,0.0,0.0
2024-07-08 11:38:00-04:00,149.1699981689453,149.23370361328125,149.11000061035156,149.1699981689453,4929,0.0,0.0
2024-07-08 11:39:00-04:00,149.11000061035156,149.22000122070312,149.10000610351562,149.1699981689453,7053,0.0,0.0
2024-07-08 11:40:00-04:00,149.22000122070312,149.25,148.8800048828125,148.8800048828125,10379,0.0,0.0
2024-07-08 11:41:00-04:00,148.9600067138672,149.0500030517578,148.8300018310547,148.89999389648438,7986,0.0,0.0
2024-07-08 11:42:00-04:00,148.8300018310547,148.9499053955078,148.75,148.9499053955078,6924,0.0,0.0
2024-07-08 11:43:00-04:00,148.8300018310547,148.97999572753906,148.7899932861328,148.95899963378906,8794,0.0,0.0
2024-07-08 11:44:00-04:00,148.89999389648438,149.02000427246094,148.86500549316406,148.90499877929688,4203,0.0,0.0
2024-07-08 11:45:00-04:00,148.90499877929688,149.00999450683594,148.90499877929688,149.00999450683594,3859,0.0,0.0
2024-07-08 11:46:00-04:00,148.92999267578125,148.9499969482422,148.85000610351562,148.85000610351562,3663,0.0,0.0
2024-07-08 11:47:00-04:00,148.88499450683594,148.97999572753906,148.80999755859375,148.97000122070312,7436,0.0,0.0
2024-07-08 11:48:00-04:00,148.96499633789062,149.02999877929688,148.9499969482422,149.02999877929688,1977,0.0,0.0
2024-07-08 11:49:00-04:00,149.0500030517578,149.1199951171875,149.02999877929688,149.1199951171875,1789,0.0,0.0
2024-07-08 11:50:00-04:00,149.0500030517578,149.0500030517578,148.89999389648438,148.9250030517578,3176,0.0,0.0
2024-07-08 11:51:00-04:00,148.9199981689453,149.00999450683594,148.8699951171875,148.9499969482422,12111,0.0,0.0
2024-07-08 11:52:00-04:00,149.02999877929688,149.02999877929688,148.83999633789062,148.8699951171875,3054,0.0,0.0
2024-07-08 11:53:00-04:00,148.8800048828125,148.9600067138672,148.85000610351562,148.92999267578125,3387,0.0,0.0
2024-07-08 11:54:00-04:00,148.9001007080078,149.01499938964844,148.9001007080078,149.01499938964844,3098,0.0,0.0
2024-07-08 11:55:00-04:00,148.97000122070312,148.97000122070312,148.8000030517578,148.8000030517578,6775,0.0,0.0
2024-07-08 11:56:00-04:00,148.7899932861328,148.8699951171875,148.72000122070312,148.8699951171875,5767,0.0,0.0
2024-07-08 11:57:00-04:00,148.8000030517578,148.8699951171875,148.8000030517578,148.8699951171875,3031,0.0,0.0
2024-07-08 11:58:00-04:00,149.0,149.08999633789062,149.0,149.08999633789062,1058,0.0,0.0
2024-07-08 11:59:00-04:00,149.10000610351562,149.10000610351562,148.9542999267578,148.99000549316406,3902,0.0,0.0
2024-07-08 12:00:00-04:00,148.9949951171875,148.9949951171875,148.9199981689453,148.94920349121094,2097,0.0,0.0
2024-07-08 12:01:00-04:00,148.89999389648438,148.9499969482422,148.89999389648438,148.9499969482422,2793,0.0,0.0
2024-07-08 12:02:00-04:00,148.92999267578125,149.02000427246094,148.9199981689453,148.94000244140625,3713,0.0,0.0
2024-07-08 12:03:00-04:00,149.00999450683594,149.0500030517578,149.0,149.0399932861328,2960,0.0,0.0
2024-07-08 12:04:00-04:00,149.00999450683594,149.04539489746094,149.0,149.02499389648438,3152,0.0,0.0
2024-07-08 12:05:00-04:00,149.0,149.0500030517578,148.91000366210938,148.91000366210938,5869,0.0,0.0
2024-07-08 12:06:00-04:00,148.89999389648438,148.9600067138672,148.89999389648438,148.9149932861328,2214,0.0,0.0
2024-07-08 12:07:00-04:00,148.8800048828125,149.0,148.8800048828125,149.0,2012,0.0,0.0
2024-07-08 12:08:00-04:00,148.9499969482422,148.9499969482422,148.92999267578125,148.94000244140625,1155,0.0,0.0
2024-07-08 12:09:00-04:00,148.97959899902344,148.97959899902344,148.9250030517578,148.97210693359375,1168,0.0,0.0
2024-07-08 12:10:00-04:00,148.9250030517578,148.9499969482422,148.8800048828125,148.94000244140625,2843,0.0,0.0
2024-07-08 12:11:00-04:00,148.88999938964844,148.92999267578125,148.8699951171875,148.8699951171875,1719,0.0,0.0
2024-07-08 12:12:00-04:00,148.9199981689453,148.99000549316406,148.9199981689453,148.99000549316406,2628,0.0,0.0
2024-07-08 12:13:00-04:00,148.94000244140625,148.9499969482422,148.9250030517578,148.9499969482422,1277,0.0,0.0
2024-07-08 12:14:00-04:00,148.9499969482422,148.9499969482422,148.88999938964844,148.88999938964844,2299,0.0,0.0
2024-07-08 12:15:00-04:00,148.80999755859375,148.835693359375,148.72000122070312,148.7899932861328,5448,0.0,0.0
2024-07-08 12:16:00-04:00,148.72000122070312,148.83999633789062,148.72000122070312,148.78500366210938,1229,0.0,0.0
2024-07-08 12:17:00-04:00,148.75,148.78500366210938,148.38999938964844,148.38999938964844,19171,0.0,0.0
2024-07-08 12:18:00-04:00,148.3800048828125,148.55999755859375,148.3800048828125,148.55999755859375,9392,0.0,0.0
2024-07-08 12:19:00-04:00,148.55999755859375,148.66000366210938,148.51499938964844,148.6199951171875,5128,0.0,0.0
2024-07-08 12:20:00-04:00,148.5749969482422,148.6300048828125,148.50100708007812,148.50100708007812,4535,0.0,0.0
2024-07-08 12:21:00-04:00,148.5,148.5,148.3000030517578,148.3000030517578,2379,0.0,0.0
2024-07-08 12:22:00-04:00,148.4219970703125,148.4219970703125,148.30999755859375,148.30999755859375,1255,0.0,0.0
2024-07-08 12:23:00-04:00,148.3000030517578,148.30999755859375,148.22999572753906,148.24310302734375,3083,0.0,0.0
2024-07-08 12:24:00-04:00,148.3000030517578,148.4199981689453,148.25,148.4199981689453,6879,0.0,0.0
2024-07-08 12:25:00-04:00,148.47999572753906,148.5305938720703,148.44000244140625,148.47999572753906,1044,0.0,0.0
2024-07-08 12:26:00-04:00,148.52999877929688,148.5850067138672,148.50999450683594,148.5850067138672,4149,0.0,0.0
2024-07-08 12:27:00-04:00,148.6199951171875,148.64999389648438,148.6199951171875,148.64999389648438,1229,0.0,0.0
2024-07-08 12:28:00-04:00,148.5500030517578,148.5500030517578,148.5500030517578,148.5500030517578,515,0.0,0.0
2024-07-08 12:29:00-04:00,148.5428009033203,148.6999969482422,148.5428009033203,148.6199951171875,3869,0.0,0.0
2024-07-08 12:30:00-04:00,148.59500122070312,148.75,148.59500122070312,148.75,5467,0.0,0.0
2024-07-08 12:31:00-04:00,148.7899932861328,148.97000122070312,148.77999877929688,148.97000122070312,2996,0.0,0.0
2024-07-08 12:32:00-04:00,148.9250030517578,148.99000549316406,148.89999389648438,148.89999389648438,2173,0.0,0.0
2024-07-08 12:33:00-04:00,148.93739318847656,149.0399932861328,148.86000061035156,149.0,10463,0.0,0.0
2024-07-08 12:34:00-04:00,148.94000244140625,148.9600067138672,148.89999389648438,148.90750122070312,3565,0.0,0.0
2024-07-08 12:35:00-04:00,148.9499969482422,149.02000427246094,148.9499969482422,148.97500610351562,8678,0.0,0.0
2024-07-08 12:36:00-04:00,149.02000427246094,149.02999877929688,148.86000061035156,148.92999267578125,15055,0.0,0.0
2024-07-08 12:37:00-04:00,148.91799926757812,149.0500030517578,148.91799926757812,149.0500030517578,2275,0.0,0.0
2024-07-08 12:38:00-04:00,149.0449981689453,149.19000244140625,149.0399932861328,149.19000244140625,5034,0.0,0.0
2024-07-08 12:39:00-04:00,149.1999969482422,149.3300018310547,149.1999969482422,149.3300018310547,3017,0.0,0.0
2024-07-08 12:40:00-04:00,149.27000427246094,149.47999572753906,149.27000427246094,149.47999572753906,2471,0.0,0.0
2024-07-08 12:41:00-04:00,149.38999938964844,149.48989868164062,149.2899932861328,149.39500427246094,6538,0.0,0.0
2024-07-08 12:42:00-04:00,149.47000122070312,149.47000122070312,149.3699951171875,149.37049865722656,1989,0.0,0.0
2024-07-08 12:43:00-04:00,149.42999267578125,149.5,149.3699951171875,149.5,3754,0.0,0.0
2024-07-08 12:44:00-04:00,149.5,149.50999450683594,149.46249389648438,149.50999450683594,2264,0.0,0.0
2024-07-08 12:45:00-04:00,149.47500610351562,149.52000427246094,149.47500610351562,149.52000427246094,865,0.0,0.0
2024-07-08 12:46:00-04:00,149.52999877929688,149.58999633789062,149.52999877929688,149.55499267578125,2590,0.0,0.0
2024-07-08 12:47:00-04:00,149.58999633789062,149.63999938964844,149.5200958251953,149.63999938964844,2808,0.0,0.0
2024-07-08 12:48:00-04:00,149.69000244140625,149.77999877929688,149.64999389648438,149.69000244140625,2546,0.0,0.0
2024-07-08 12:49:00-04:00,149.6999969482422,149.76800537109375,149.64999389648438,149.7100067138672,3344,0.0,0.0
2024-07-08 12:50:00-04:00,149.66000366210938,149.74000549316406,149.58999633789062,149.6699981689453,3252,0.0,0.0
2024-07-08 12:51:00-04:00,149.63999938964844,149.63999938964844,149.39999389648438,149.47999572753906,1829,0.0,0.0
2024-07-08 12:52:00-04:00,149.36000061035156,149.468505859375,149.3000946044922,149.3000946044922,1309,0.0,0.0
2024-07-08 12:53:00-04:00,149.3300018310547,149.33999633789062,149.2899932861328,149.33999633789062,1680,0.0,0.0
2024-07-08 12:54:00-04:00,149.25999450683594,149.2899932861328,149.23500061035156,149.24000549316406,1289,0.0,0.0
2024-07-08 12:55:00-04:00,149.17999267578125,149.28500366210938,149.17999267578125,149.28500366210938,1920,0.0,0.0
2024-07-08 12:56:00-04:00,149.27999877929688,149.3000030517578,149.27999877929688,149.3000030517578,2344,0.0,0.0
2024-07-08 12:57:00-04:00,149.27999877929688,149.27999877929688,149.27999877929688,149.27999877929688,457,0.0,0.0
2024-07-08 12:58:00-04:00,149.2899932861328,149.30999755859375,149.22999572753906,149.22999572753906,949,0.0,0.0
2024-07-08 12:59:00-04:00,149.27499389648438,149.36000061035156,149.22999572753906,149.36000061035156,3821,0.0,0.0
2024-07-08 13:00:00-04:00,149.27999877929688,149.39999389648438,149.27999877929688,149.39999389648438,1311,0.0,0.0
2024-07-08 13:01:00-04:00,149.35000610351562,149.4600067138672,149.35000610351562,149.4600067138672,853,0.0,0.0
2024-07-08 13:02:00-04:00,149.47000122070312,149.53750610351562,149.47000122070312,149.53750610351562,3578,0.0,0.0
2024-07-08 13:03:00-04:00,149.53500366210938,149.53500366210938,149.53500366210938,149.53500366210938,487,0.0,0.0
2024-07-08 13:04:00-04:00,149.53500366210938,149.57000732421875,149.53500366210938,149.57000732421875,841,0.0,0.0
2024-07-08 13:05:00-04:00,149.5408935546875,149.5408935546875,149.50570678710938,149.52499389648438,2712,0.0,0.0
2024-07-08 13:06:00-04:00,149.55999755859375,149.6300048828125,149.5500030517578,149.60000610351562,5252,0.0,0.0
2024-07-08 13:08:00-04:00,149.61000061035156,149.6199951171875,149.60499572753906,149.6199951171875,445,0.0,0.0
2024-07-08 13:09:00-04:00,149.5500030517578,149.5500030517578,149.4250030517578,149.4250030517578,2584,0.0,0.0
2024-07-08 13:10:00-04:00,149.3800048828125,149.42999267578125,149.32000732421875,149.32000732421875,959,0.0,0.0
2024-07-08 13:11:00-04:00,149.36000061035156,149.41000366210938,149.2899932861328,149.3800048828125,1690,0.0,0.0
2024-07-08 13:12:00-04:00,149.27000427246094,149.27000427246094,149.25,149.25,782,0.0,0.0
2024-07-08 13:13:00-04:00,149.22500610351562,149.27999877929688,149.22500610351562,149.27999877929688,1000,0.0,0.0
2024-07-08 13:14:00-04:00,149.1999969482422,149.27999877929688,149.1999969482422,149.27000427246094,2670,0.0,0.0
2024-07-08 13:15:00-04:00,149.31370544433594,149.3300018310547,149.25,149.27000427246094,1402,0.0,0.0
2024-07-08 13:16:00-04:00,149.3300018310547,149.3300018310547,149.22000122070312,149.22000122070312,886,0.0,0.0
2024-07-08 13:17:00-04:00,149.24009704589844,149.28500366210938,149.24009704589844,149.28500366210938,729,0.0,0.0
2024-07-08 13:18:00-04:00,149.28500366210938,149.32000732421875,149.13999938964844,149.2949981689453,6124,0.0,0.0
2024-07-08 13:19:00-04:00,149.14999389648438,149.14999389648438,149.14999389648438,149.14999389648438,535,0.0,0.0
2024-07-08 13:20:00-04:00,149.17689514160156,149.18499755859375,149.1300048828125,149.17999267578125,1515,0.0,0.0
2024-07-08 13:21:00-04:00,149.13099670410156,149.13099670410156,149.13099670410156,149.13099670410156,761,0.0,0.0
2024-07-08 13:22:00-04:00,149.13999938964844,149.13999938964844,149.0500030517578,149.09500122070312,1869,0.0,0.0
2024-07-08 13:23:00-04:00,149.08999633789062,149.08999633789062,148.9499969482422,148.9499969482422,4460,0.0,0.0
2024-07-08 13:24:00-04:00,148.95339965820312,149.02000427246094,148.9499969482422,149.02000427246094,3320,0.0,0.0
2024-07-08 13:25:00-04:00,149.02000427246094,149.0699005126953,149.01499938964844,149.0699005126953,1089,0.0,0.0
2024-07-08 13:26:00-04:00,149.07000732421875,149.08999633789062,149.00999450683594,149.00999450683594,2050,0.0,0.0
2024-07-08 13:27:00-04:00,149.12969970703125,149.12969970703125,149.02000427246094,149.02999877929688,2549,0.0,0.0
2024-07-08 13:28:00-04:00,149.0050048828125,149.0050048828125,148.8300018310547,148.85000610351562,5728,0.0,0.0
2024-07-08 13:29:00-04:00,148.85000610351562,148.85000610351562,148.7899932861328,148.7899932861328,1515,0.0,0.0
2024-07-08 13:30:00-04:00,148.8000030517578,148.8699951171875,148.8000030517578,148.86000061035156,3660,0.0,0.0
2024-07-08 13:31:00-04:00,148.8800048828125,148.9199981689453,148.85499572753906,148.88999938964844,1600,0.0,0.0
2024-07-08 13:32:00-04:00,148.9199981689453,148.9499969482422,148.9199981689453,148.9499969482422,1233,0.0,0.0
2024-07-08 13:33:00-04:00,148.9600067138672,148.99000549316406,148.9499969482422,148.99000549316406,2342,0.0,0.0
2024-07-08 13:34:00-04:00,148.99130249023438,148.99130249023438,148.8699951171875,148.8699951171875,2105,0.0,0.0
2024-07-08 13:35:00-04:00,148.7899932861328,148.83799743652344,148.68499755859375,148.83799743652344,5227,0.0,0.0
2024-07-08 13:36:00-04:00,148.82000732421875,148.84500122070312,148.82000732421875,148.84500122070312,907,0.0,0.0
2024-07-08 13:37:00-04:00,148.82000732421875,148.82000732421875,148.82000732421875,148.82000732421875,361,0.0,0.0
2024-07-08 13:38:00-04:00,148.82000732421875,148.82899475097656,148.75,148.82899475097656,2184,0.0,0.0
2024-07-08 13:39:00-04:00,148.8300018310547,148.86000061035156,148.80999755859375,148.82000732421875,1711,0.0,0.0
2024-07-08 13:40:00-04:00,148.73500061035156,148.75,148.69000244140625,148.75,2338,0.0,0.0
2024-07-08 13:41:00-04:00,148.72999572753906,148.72999572753906,148.71499633789062,148.71499633789062,1067,0.0,0.0
2024-07-08 13:42:00-04:00,148.7299041748047,148.72999572753906,148.58999633789062,148.58999633789062,1424,0.0,0.0
2024-07-08 13:43:00-04:00,148.58999633789062,148.63999938964844,148.58999633789062,148.63999938964844,2690,0.0,0.0
2024-07-08 13:44:00-04:00,148.67999267578125,148.67999267578125,148.64999389648438,148.67999267578125,2500,0.0,0.0
2024-07-08 13:45:00-04:00,148.6999969482422,148.6999969482422,148.66000366210938,148.66000366210938,1042,0.0,0.0
2024-07-08 13:46:00-04:00,148.7259979248047,148.7259979248047,148.61000061035156,148.61000061035156,2797,0.0,0.0
2024-07-08 13:47:00-04:00,148.5500946044922,148.7198944091797,148.5500946044922,148.6511993408203,5800,0.0,0.0
2024-07-08 13:48:00-04:00,148.6199951171875,148.6199951171875,148.61000061035156,148.61000061035156,943,0.0,0.0
2024-07-08 13:49:00-04:00,148.60499572753906,148.6269989013672,148.5500030517578,148.5500030517578,1618,0.0,0.0
2024-07-08 13:50:00-04:00,148.5500030517578,148.63999938964844,148.5500030517578,148.61500549316406,5654,0.0,0.0
2024-07-08 13:51:00-04:00,148.61500549316406,148.70370483398438,148.61500549316406,148.70370483398438,3520,0.0,0.0
2024-07-08 13:52:00-04:00,148.6750030517578,148.67999267578125,148.66000366210938,148.67999267578125,1463,0.0,0.0
2024-07-08 13:53:00-04:00,148.6750030517578,148.72120666503906,148.6750030517578,148.72000122070312,1531,0.0,0.0
2024-07-08 13:54:00-04:00,148.7310028076172,148.75,148.70140075683594,148.75,2911,0.0,0.0
2024-07-08 13:55:00-04:00,148.72000122070312,148.77999877929688,148.71499633789062,148.75,4467,0.0,0.0
2024-07-08 13:56:00-04:00,148.72999572753906,148.75,148.72000122070312,148.75,1859,0.0,0.0
2024-07-08 13:57:00-04:00,148.72000122070312,148.72000122070312,148.72000122070312,148.72000122070312,322,0.0,0.0
2024-07-08 13:58:00-04:00,148.72000122070312,148.74000549316406,148.72000122070312,148.74000549316406,2047,0.0,0.0
2024-07-08 13:59:00-04:00,148.75599670410156,148.7689971923828,148.72999572753906,148.72999572753906,1346,0.0,0.0
2024-07-08 14:00:00-04:00,148.7050018310547,148.78500366210938,148.6699981689453,148.69000244140625,5282,0.0,0.0
2024-07-08 14:02:00-04:00,148.7449951171875,148.77999877929688,148.69000244140625,148.75999450683594,4209,0.0,0.0
2024-07-08 14:03:00-04:00,148.73460388183594,148.74459838867188,148.66000366210938,148.66000366210938,3593,0.0,0.0
2024-07-08 14:04:00-04:00,148.6667938232422,148.7050018310547,148.63999938964844,148.63999938964844,2574,0.0,0.0
2024-07-08 14:05:00-04:00,148.6300048828125,148.63999938964844,148.51759338378906,148.58999633789062,4980,0.0,0.0
2024-07-08 14:06:00-04:00,148.5500030517578,148.55999755859375,148.5399932861328,148.5449981689453,1335,0.0,0.0
2024-07-08 14:07:00-04:00,148.5800018310547,148.5800018310547,148.47999572753906,148.5399932861328,4005,0.0,0.0
2024-07-08 14:08:00-04:00,148.47999572753906,148.57000732421875,148.47999572753906,148.57000732421875,1583,0.0,0.0
2024-07-08 14:09:00-04:00,148.58680725097656,148.6300048828125,148.5500030517578,148.6300048828125,4086,0.0,0.0
2024-07-08 14:10:00-04:00,148.60000610351562,148.72000122070312,148.60000610351562,148.66000366210938,5834,0.0,0.0
2024-07-08 14:11:00-04:00,148.69000244140625,148.6999969482422,148.6699981689453,148.6999969482422,1933,0.0,0.0
2024-07-08 14:12:00-04:00,148.7100067138672,148.7100067138672,148.67999267578125,148.67999267578125,2262,0.0,0.0
2024-07-08 14:13:00-04:00,148.67999267578125,148.72999572753906,148.63999938964844,148.7100067138672,6610,0.0,0.0
2024-07-08 14:14:00-04:00,148.82000732421875,148.88999938964844,148.6999969482422,148.8000030517578,6066,0.0,0.0
2024-07-08 14:15:00-04:00,148.74000549316406,148.91000366210938,148.74000549316406,148.8800048828125,2677,0.0,0.0
2024-07-08 14:16:00-04:00,148.91000366210938,148.94000244140625,148.86000061035156,148.8800048828125,2676,0.0,0.0
2024-07-08 14:17:00-04:00,148.8249969482422,148.85240173339844,148.7899932861328,148.85240173339844,780,0.0,0.0
2024-07-08 14:18:00-04:00,148.8249969482422,148.86000061035156,148.7899932861328,148.8300018310547,3805,0.0,0.0
2024-07-08 14:19:00-04:00,148.8300018310547,148.89999389648438,148.8300018310547,148.88999938964844,1978,0.0,0.0
2024-07-08 14:20:00-04:00,148.9199981689453,148.9199981689453,148.82000732421875,148.8300018310547,2824,0.0,0.0
2024-07-08 14:21:00-04:00,148.8800048828125,148.8800048828125,148.80999755859375,148.80999755859375,1351,0.0,0.0
2024-07-08 14:22:00-04:00,148.85000610351562,148.8699951171875,148.75999450683594,148.83999633789062,5922,0.0,0.0
2024-07-08 14:23:00-04:00,148.75,148.8300018310547,148.66000366210938,148.77999877929688,5325,0.0,0.0
2024-07-08 14:24:00-04:00,148.8300018310547,148.83999633789062,148.78500366210938,148.83999633789062,2863,0.0,0.0
2024-07-08 14:25:00-04:00,148.7899932861328,148.83999633789062,148.69000244140625,148.69000244140625,12436,0.0,0.0
2024-07-08 14:26:00-04:00,148.72999572753906,148.7899932861328,148.72999572753906,148.7899932861328,1903,0.0,0.0
2024-07-08 14:27:00-04:00,148.6999969482422,148.6999969482422,148.63250732421875,148.63250732421875,3321,0.0,0.0
2024-07-08 14:28:00-04:00,148.60000610351562,148.7100067138672,148.60000610351562,148.6699981689453,2883,0.0,0.0
2024-07-08 14:29:00-04:00,148.61000061035156,148.72000122070312,148.60000610351562,148.67999267578125,2863,0.0,0.0
2024-07-08 14:30:00-04:00,148.68499755859375,148.68499755859375,148.68499755859375,148.68499755859375,1409,0.0,0.0
2024-07-08 14:31:00-04:00,148.63999938964844,148.64999389648438,148.52999877929688,148.52999877929688,2988,0.0,0.0
2024-07-08 14:32:00-04:00,148.6199951171875,148.64999389648438,148.52999877929688,148.61000061035156,4427,0.0,0.0
2024-07-08 14:33:00-04:00,148.6300048828125,148.6300048828125,148.57000732421875,148.5800018310547,1826,0.0,0.0
2024-07-08 14:34:00-04:00,148.6199951171875,148.67999267578125,148.55999755859375,148.58990478515625,5034,0.0,0.0
2024-07-08 14:35:00-04:00,148.56500244140625,148.56500244140625,148.5399932861328,148.5399932861328,1428,0.0,0.0
2024-07-08 14:36:00-04:00,148.57000732421875,148.6199951171875,148.57000732421875,148.61000061035156,2376,0.0,0.0
2024-07-08 14:37:00-04:00,148.59339904785156,148.6199951171875,148.5399932861328,148.6199951171875,1325,0.0,0.0
2024-07-08 14:38:00-04:00,148.5500030517578,148.5800018310547,148.5399932861328,148.5800018310547,1501,0.0,0.0
2024-07-08 14:39:00-04:00,148.5800018310547,148.6199951171875,148.55999755859375,148.6199951171875,2372,0.0,0.0
2024-07-08 14:40:00-04:00,148.61000061035156,148.66000366210938,148.58999633789062,148.66000366210938,2818,0.0,0.0
2024-07-08 14:41:00-04:00,148.60000610351562,148.75999450683594,148.55999755859375,148.55999755859375,10013,0.0,0.0
2024-07-08 14:42:00-04:00,148.52999877929688,148.53500366210938,148.38499450683594,148.38999938964844,6689,0.0,0.0
2024-07-08 14:43:00-04:00,148.4199981689453,148.4199981689453,148.3699951171875,148.3699951171875,970,0.0,0.0
2024-07-08 14:44:00-04:00,148.39500427246094,148.47999572753906,148.38999938964844,148.47500610351562,6311,0.0,0.0
2024-07-08 14:45:00-04:00,148.47500610351562,148.47500610351562,148.4199981689453,148.4499969482422,2374,0.0,0.0
2024-07-08 14:46:00-04:00,148.3800048828125,148.39999389648438,148.3101043701172,148.3101043701172,3457,0.0,0.0
2024-07-08 14:47:00-04:00,148.39999389648438,148.49000549316406,148.39999389648438,148.49000549316406,2500,0.0,0.0
2024-07-08 14:48:00-04:00,148.47000122070312,148.47500610351562,148.44009399414062,148.44009399414062,904,0.0,0.0
2024-07-08 14:49:00-04:00,148.52000427246094,148.61500549316406,148.52000427246094,148.61500549316406,2199,0.0,0.0
2024-07-08 14:50:00-04:00,148.6699981689453,148.6699981689453,148.6199951171875,148.64999389648438,2220,0.0,0.0
2024-07-08 14:51:00-04:00,148.6300048828125,148.63499450683594,148.57000732421875,148.57000732421875,3516,0.0,0.0
2024-07-08 14:52:00-04:00,148.56500244140625,148.58999633789062,148.55499267578125,148.55999755859375,1475,0.0,0.0
2024-07-08 14:53:00-04:00,148.5399932861328,148.5850067138672,148.50999450683594,148.5850067138672,2966,0.0,0.0
2024-07-08 14:54:00-04:00,148.5800018310547,148.64999389648438,148.5800018310547,148.64999389648438,4881,0.0,0.0
2024-07-08 14:55:00-04:00,148.64999389648438,148.77499389648438,148.63499450683594,148.7200927734375,4747,0.0,0.0
2024-07-08 14:56:00-04:00,148.8000030517578,148.86000061035156,148.8000030517578,148.86000061035156,1282,0.0,0.0
2024-07-08 14:57:00-04:00,148.8300018310547,148.8300018310547,148.7550048828125,148.75750732421875,2916,0.0,0.0
2024-07-08 14:58:00-04:00,148.7550048828125,148.7899932861328,148.72999572753906,148.7550048828125,1814,0.0,0.0
2024-07-08 14:59:00-04:00,148.7550048828125,148.7550048828125,148.60000610351562,148.66000366210938,5842,0.0,0.0
2024-07-08 15:00:00-04:00,148.63999938964844,148.7100067138672,148.63999938964844,148.6699981689453,3005,0.0,0.0
2024-07-08 15:01:00-04:00,148.7100067138672,148.82000732421875,148.6699981689453,148.75,3902,0.0,0.0
2024-07-08 15:02:00-04:00,148.74000549316406,148.7899932861328,148.6699981689453,148.69000244140625,2561,0.0,0.0
2024-07-08 15:03:00-04:00,148.6699981689453,148.7100067138672,148.66000366210938,148.69000244140625,4973,0.0,0.0
2024-07-08 15:04:00-04:00,148.66000366210938,148.66000366210938,148.6300048828125,148.6300048828125,778,0.0,0.0
2024-07-08 15:05:00-04:00,148.61000061035156,148.61000061035156,148.52000427246094,148.52000427246094,1833,0.0,0.0
2024-07-08 15:06:00-04:00,148.5500030517578,148.5800018310547,148.5449981689453,148.57000732421875,2644,0.0,0.0
2024-07-08 15:07:00-04:00,148.5800018310547,148.61000061035156,148.55999755859375,148.5800018310547,2431,0.0,0.0
2024-07-08 15:08:00-04:00,148.5850067138672,148.6199951171875,148.5399932861328,148.60499572753906,4181,0.0,0.0
2024-07-08 15:09:00-04:00,148.61500549316406,148.61500549316406,148.4949951171875,148.52999877929688,4795,0.0,0.0
2024-07-08 15:10:00-04:00,148.5500030517578,148.57350158691406,148.5399932861328,148.57350158691406,2107,0.0,0.0
2024-07-08 15:11:00-04:00,148.56500244140625,148.5800018310547,148.52999877929688,148.52999877929688,2461,0.0,0.0
2024-07-08 15:12:00-04:00,148.5,148.5,148.38999938964844,148.41000366210938,4597,0.0,0.0
2024-07-08 15:13:00-04:00,148.3800048828125,148.49000549316406,148.3800048828125,148.47999572753906,5507,0.0,0.0
2024-07-08 15:14:00-04:00,148.49000549316406,148.50999450683594,148.4600067138672,148.4600067138672,3181,0.0,0.0
2024-07-08 15:15:00-04:00,148.48500061035156,148.48980712890625,148.39999389648438,148.41000366210938,2383,0.0,0.0
2024-07-08 15:16:00-04:00,148.39999389648438,148.47999572753906,148.38999938964844,148.47999572753906,3687,0.0,0.0
2024-07-08 15:17:00-04:00,148.5500030517578,148.57000732421875,148.49099731445312,148.50999450683594,2145,0.0,0.0
2024-07-08 15:18:00-04:00,148.50999450683594,148.52999877929688,148.49000549316406,148.49000549316406,2588,0.0,0.0
2024-07-08 15:19:00-04:00,148.44000244140625,148.5,148.44000244140625,148.44000244140625,3348,0.0,0.0
2024-07-08 15:20:00-04:00,148.44000244140625,148.44000244140625,148.39999389648438,148.41380310058594,2175,0.0,0.0
2024-07-08 15:21:00-04:00,148.4199981689453,148.43499755859375,148.41000366210938,148.4250030517578,3818,0.0,0.0
2024-07-08 15:22:00-04:00,148.4199981689453,148.4499969482422,148.38999938964844,148.4499969482422,4803,0.0,0.0
2024-07-08 15:23:00-04:00,148.44500732421875,148.44619750976562,148.36000061035156,148.36000061035156,4571,0.0,0.0
2024-07-08 15:24:00-04:00,148.375,148.375,148.3300018310547,148.3300018310547,3274,0.0,0.0
2024-07-08 15:25:00-04:00,148.3249969482422,148.37229919433594,148.31500244140625,148.31500244140625,3425,0.0,0.0
2024-07-08 15:26:00-04:00,148.3000030517578,148.3300018310547,148.25,148.27000427246094,5769,0.0,0.0
2024-07-08 15:27:00-04:00,148.30999755859375,148.30999755859375,148.17999267578125,148.17999267578125,7061,0.0,0.0
2024-07-08 15:28:00-04:00,148.1699981689453,148.21620178222656,148.1199951171875,148.17999267578125,7799,0.0,0.0
2024-07-08 15:29:00-04:00,148.17999267578125,148.24000549316406,148.17999267578125,148.19500732421875,4738,0.0,0.0
2024-07-08 15:30:00-04:00,148.22000122070312,148.36000061035156,148.1800994873047,148.36000061035156,6321,0.0,0.0
2024-07-08 15:31:00-04:00,148.3699951171875,148.3699951171875,148.25,148.25,3193,0.0,0.0
2024-07-08 15:32:00-04:00,148.24000549316406,148.24000549316406,148.15499877929688,148.15499877929688,4936,0.0,0.0
2024-07-08 15:33:00-04:00,148.1199951171875,148.22999572753906,148.1199951171875,148.22999572753906,5584,0.0,0.0
2024-07-08 15:34:00-04:00,148.24000549316406,148.25999450683594,148.19500732421875,148.25999450683594,5223,0.0,0.0
2024-07-08 15:35:00-04:00,148.28500366210938,148.36000061035156,148.2700958251953,148.28500366210938,4225,0.0,0.0
2024-07-08 15:36:00-04:00,148.25,148.3300018310547,148.25,148.30999755859375,3111,0.0,0.0
2024-07-08 15:37:00-04:00,148.31500244140625,148.31500244140625,148.2100067138672,148.22999572753906,4858,0.0,0.0
2024-07-08 15:38:00-04:00,148.25,148.27000427246094,148.22000122070312,148.2449951171875,4954,0.0,0.0
2024-07-08 15:39:00-04:00,148.2449951171875,148.34500122070312,148.22000122070312,148.3300018310547,6046,0.0,0.0
2024-07-08 15:40:00-04:00,148.34500122070312,148.3699951171875,148.30999755859375,148.3300018310547,5734,0.0,0.0
2024-07-08 15:41:00-04:00,148.33729553222656,148.38999938964844,148.3000030517578,148.3000030517578,8184,0.0,0.0
2024-07-08 15:42:00-04:00,148.2899932861328,148.3300018310547,148.2899932861328,148.30499267578125,5277,0.0,0.0
2024-07-08 15:43:00-04:00,148.3300018310547,148.44000244140625,148.3300018310547,148.44000244140625,10512,0.0,0.0
2024-07-08 15:44:00-04:00,148.44000244140625,148.47000122070312,148.44000244140625,148.44500732421875,5598,0.0,0.0
2024-07-08 15:45:00-04:00,148.4600067138672,148.49000549316406,148.3800048828125,148.49000549316406,8124,0.0,0.0
2024-07-08 15:46:00-04:00,148.4949951171875,148.4949951171875,148.42999267578125,148.42999267578125,6094,0.0,0.0
2024-07-08 15:47:00-04:00,148.41000366210938,148.4600067138672,148.33999633789062,148.38999938964844,12056,0.0,0.0
2024-07-08 15:48:00-04:00,148.39999389648438,148.44000244140625,148.3699951171875,148.42999267578125,7602,0.0,0.0
2024-07-08 15:49:00-04:00,148.4499969482422,148.5399932861328,148.36000061035156,148.36000061035156,15307,0.0,0.0
2024-07-08 15:50:00-04:00,148.3699951171875,148.47000122070312,148.32000732421875,148.32000732421875,16498,0.0,0.0
2024-07-08 15:51:00-04:00,148.31500244140625,148.32000732421875,148.25,148.30999755859375,15466,0.0,0.0
2024-07-08 15:52:00-04:00,148.30999755859375,148.33999633789062,148.22000122070312,148.30999755859375,16578,0.0,0.0
2024-07-08 15:53:00-04:00,148.27999877929688,148.27999877929688,148.1699981689453,148.24000549316406,21874,0.0,0.0
2024-07-08 15:54:00-04:00,148.22000122070312,148.22000122070312,148.13999938964844,148.15499877929688,9638,0.0,0.0
2024-07-08 15:55:00-04:00,148.1300048828125,148.16000366210938,148.05999755859375,148.1199951171875,24319,0.0,0.0
2024-07-08 15:56:00-04:00,148.13999938964844,148.16000366210938,148.05999755859375,148.09500122070312,26182,0.0,0.0
2024-07-08 15:57:00-04:00,148.0800018310547,148.13999938964844,148.0800018310547,148.13499450683594,25329,0.0,0.0
2024-07-08 15:58:00-04:00,148.12010192871094,148.14410400390625,147.97000122070312,147.97999572753906,52988,0.0,0.0
2024-07-08 15:59:00-04:00,147.97999572753906,147.97999572753906,147.8300018310547,147.9600067138672,91123,0.0,0.0
2024-07-09 09:30:00-04:00,144.3800048828125,146.0,143.89999389648438,145.4600067138672,113297,0.0,0.0
2024-07-09 09:31:00-04:00,145.47999572753906,145.47999572753906,144.6699981689453,144.97000122070312,8009,0.0,0.0
2024-07-09 09:32:00-04:00,144.89500427246094,144.89999389648438,144.11500549316406,144.15499877929688,20380,0.0,0.0
2024-07-09 09:33:00-04:00,144.2050018310547,144.36990356445312,143.8000030517578,143.92999267578125,15151,0.0,0.0
2024-07-09 09:34:00-04:00,144.05999755859375,144.41000366210938,143.75,144.17999267578125,34651,0.0,0.0
2024-07-09 09:35:00-04:00,144.17999267578125,145.3800048828125,144.11000061035156,144.9102020263672,60009,0.0,0.0
2024-07-09 09:36:00-04:00,144.9949951171875,145.14999389648438,144.22000122070312,144.38999938964844,16942,0.0,0.0
2024-07-09 09:37:00-04:00,144.2899932861328,144.7899932861328,144.2100067138672,144.56500244140625,10206,0.0,0.0
2024-07-09 09:38:00-04:00,144.50999450683594,145.17999267578125,144.3300018310547,145.03500366210938,10311,0.0,0.0
2024-07-09 09:39:00-04:00,145.02999877929688,145.13499450683594,144.8300018310547,144.99000549316406,9294,0.0,0.0
2024-07-09 09:40:00-04:00,144.99000549316406,145.07000732421875,144.5,144.73500061035156,11762,0.0,0.0
2024-07-09 09:41:00-04:00,144.5,144.82000732421875,144.49000549316406,144.6750030517578,11660,0.0,0.0
2024-07-09 09:42:00-04:00,144.77499389648438,145.24000549316406,144.77499389648438,145.07000732421875,16144,0.0,0.0
2024-07-09 09:43:00-04:00,144.97000122070312,145.50999450683594,144.97000122070312,145.5050048828125,21315,0.0,0.0
2024-07-09 09:44:00-04:00,145.5050048828125,145.6300048828125,145.39700317382812,145.39700317382812,6294,0.0,0.0
2024-07-09 09:45:00-04:00,145.27999877929688,145.47000122070312,145.14999389648438,145.28500366210938,13287,0.0,0.0
2024-07-09 09:46:00-04:00,145.1699981689453,145.5399932861328,145.14999389648438,145.47999572753906,7588,0.0,0.0
2024-07-09 09:47:00-04:00,145.47999572753906,146.0,145.47999572753906,145.89999389648438,18900,0.0,0.0
2024-07-09 09:48:00-04:00,145.86500549316406,146.11000061035156,145.81500244140625,146.02999877929688,5302,0.0,0.0
2024-07-09 09:49:00-04:00,146.05999755859375,146.05999755859375,145.72999572753906,145.94000244140625,13952,0.0,0.0
2024-07-09 09:50:00-04:00,145.94500732421875,146.0399932861328,145.72000122070312,145.8249969482422,7350,0.0,0.0
2024-07-09 09:51:00-04:00,145.75050354003906,146.1300048828125,145.75050354003906,145.85000610351562,14694,0.0,0.0
2024-07-09 09:52:00-04:00,145.9600067138672,146.3730010986328,145.9600067138672,146.15499877929688,14310,0.0,0.0
2024-07-09 09:53:00-04:00,146.2738037109375,146.2738037109375,145.61000061035156,145.75,11855,0.0,0.0
2024-07-09 09:54:00-04:00,145.69000244140625,145.7449951171875,145.4499969482422,145.57000732421875,9203,0.0,0.0
2024-07-09 09:55:00-04:00,145.66000366210938,145.75,145.3300018310547,145.5850067138672,14071,0.0,0.0
2024-07-09 09:56:00-04:00,145.5850067138672,145.5850067138672,145.1199951171875,145.4199981689453,8024,0.0,0.0
2024-07-09 09:57:00-04:00,145.4199981689453,145.5,145.33999633789062,145.4949951171875,4822,0.0,0.0
2024-07-09 09:58:00-04:00,145.5050048828125,146.07000732421875,145.5,145.86500549316406,12433,0.0,0.0
2024-07-09 09:59:00-04:00,145.6999969482422,145.9425048828125,145.6761932373047,145.9425048828125,5900,0.0,0.0
2024-07-09 10:00:00-04:00,145.875,146.1699981689453,145.875,146.07000732421875,5556,0.0,0.0
2024-07-09 10:01:00-04:00,146.05999755859375,146.32000732421875,146.05999755859375,146.32000732421875,4016,0.0,0.0
2024-07-09 10:02:00-04:00,146.2100067138672,146.64999389648438,146.2100067138672,146.63999938964844,15639,0.0,0.0
2024-07-09 10:03:00-04:00,146.7100067138672,146.7100067138672,146.38499450683594,146.38499450683594,6306,0.0,0.0
2024-07-09 10:04:00-04:00,146.38499450683594,147.02999877929688,146.38499450683594,146.69500732421875,16645,0.0,0.0
2024-07-09 10:05:00-04:00,146.69500732421875,146.69500732421875,146.39999389648438,146.5500030517578,6483,0.0,0.0
2024-07-09 10:06:00-04:00,146.5500030517578,146.77999877929688,146.41000366210938,146.72000122070312,5366,0.0,0.0
2024-07-09 10:07:00-04:00,146.82000732421875,147.22999572753906,146.7949981689453,146.7949981689453,17858,0.0,0.0
2024-07-09 10:08:00-04:00,146.92999267578125,147.14999389648438,146.77000427246094,147.14999389648438,4501,0.0,0.0
2024-07-09 10:09:00-04:00,147.0800018310547,147.3300018310547,147.0800018310547,147.24000549316406,6570,0.0,0.0
2024-07-09 10:10:00-04:00,147.14500427246094,147.2100067138672,146.8800048828125,146.8800048828125,4748,0.0,0.0
2024-07-09 10:11:00-04:00,146.81500244140625,147.0399932861328,146.81500244140625,147.0,4078,0.0,0.0
2024-07-09 10:12:00-04:00,147.04989624023438,147.1300048828125,146.89999389648438,147.1300048828125,6096,0.0,0.0
2024-07-09 10:13:00-04:00,147.27000427246094,147.41000366210938,147.07000732421875,147.28599548339844,7558,0.0,0.0
2024-07-09 10:14:00-04:00,147.40499877929688,147.49000549316406,147.27000427246094,147.35499572753906,15844,0.0,0.0
2024-07-09 10:15:00-04:00,147.36000061035156,147.5,147.2375030517578,147.2899932861328,11121,0.0,0.0
2024-07-09 10:16:00-04:00,147.22000122070312,147.5500030517578,147.22000122070312,147.40249633789062,6390,0.0,0.0
2024-07-09 10:17:00-04:00,147.5,147.5050048828125,147.25,147.34500122070312,14770,0.0,0.0
2024-07-09 10:18:00-04:00,147.30999755859375,147.3928985595703,147.2100067138672,147.30499267578125,6676,0.0,0.0
2024-07-09 10:19:00-04:00,147.30499267578125,147.50999450683594,147.24000549316406,147.45750427246094,16108,0.0,0.0
2024-07-09 10:20:00-04:00,147.60000610351562,147.60000610351562,147.3300018310547,147.39999389648438,37642,0.0,0.0
2024-07-09 10:21:00-04:00,147.3000030517578,147.30499267578125,147.1999969482422,147.30499267578125,3240,0.0,0.0
2024-07-09 10:22:00-04:00,147.30499267578125,147.6699981689453,147.1699981689453,147.6699981689453,17680,0.0,0.0
2024-07-09 10:23:00-04:00,147.72999572753906,147.72999572753906,147.52499389648438,147.5399932861328,7180,0.0,0.0
2024-07-09 10:24:00-04:00,147.64999389648438,147.80999755859375,147.64999389648438,147.80999755859375,3639,0.0,0.0
2024-07-09 10:25:00-04:00,147.80999755859375,147.85000610351562,147.72999572753906,147.85000610351562,4996,0.0,0.0
2024-07-09 10:26:00-04:00,147.7899932861328,148.0,147.7899932861328,147.91000366210938,8505,0.0,0.0
2024-07-09 10:27:00-04:00,147.91000366210938,148.0,147.91000366210938,147.91000366210938,1333,0.0,0.0
2024-07-09 10:28:00-04:00,147.91000366210938,148.02499389648438,147.80999755859375,147.80999755859375,15145,0.0,0.0
2024-07-09 10:29:00-04:00,147.78590393066406,147.8300018310547,147.78590393066406,147.8300018310547,1357,0.0,0.0
2024-07-09 10:30:00-04:00,147.72999572753906,147.95269775390625,147.6199951171875,147.8699951171875,11837,0.0,0.0
2024-07-09 10:31:00-04:00,148.02000427246094,148.0800018310547,147.89999389648438,148.03500366210938,3487,0.0,0.0
2024-07-09 10:32:00-04:00,148.1199951171875,148.22000122070312,148.0,148.02000427246094,4525,0.0,0.0
2024-07-09 10:33:00-04:00,147.9600067138672,147.9600067138672,147.72999572753906,147.8800048828125,2429,0.0,0.0
2024-07-09 10:34:00-04:00,147.8800048828125,148.2100067138672,147.8800048828125,148.2100067138672,5144,0.0,0.0
2024-07-09 10:35:00-04:00,148.22000122070312,148.38999938964844,148.13999938964844,148.30999755859375,1586,0.0,0.0
2024-07-09 10:36:00-04:00,148.27589416503906,148.375,148.1300048828125,148.2949981689453,5933,0.0,0.0
2024-07-09 10:37:00-04:00,148.2050018310547,148.2050018310547,148.08999633789062,148.1750030517578,1472,0.0,0.0
2024-07-09 10:38:00-04:00,148.1999969482422,148.57000732421875,148.13999938964844,148.57000732421875,8014,0.0,0.0
2024-07-09 10:39:00-04:00,148.50999450683594,148.57000732421875,148.3800048828125,148.43499755859375,3532,0.0,0.0
2024-07-09 10:40:00-04:00,148.43499755859375,148.44500732421875,148.25,148.44500732421875,3070,0.0,0.0
2024-07-09 10:41:00-04:00,148.2550048828125,148.32000732421875,148.12010192871094,148.1300048828125,4756,0.0,0.0
2024-07-09 10:42:00-04:00,148.23500061035156,148.24000549316406,147.97999572753906,148.00999450683594,5936,0.0,0.0
2024-07-09 10:43:00-04:00,148.00999450683594,148.00999450683594,147.9862060546875,148.00999450683594,2575,0.0,0.0
2024-07-09 10:44:00-04:00,148.02999877929688,148.02999877929688,147.6999969482422,147.77499389648438,3821,0.0,0.0
2024-07-09 10:45:00-04:00,147.67999267578125,147.7449951171875,147.50999450683594,147.50999450683594,3130,0.0,0.0
2024-07-09 10:46:00-04:00,147.6300048828125,147.9199981689453,147.6300048828125,147.7899932861328,8604,0.0,0.0
2024-07-09 10:47:00-04:00,147.78500366210938,147.9550018310547,147.78500366210938,147.86000061035156,3718,0.0,0.0
2024-07-09 10:48:00-04:00,147.8699951171875,147.8699951171875,147.8699951171875,147.8699951171875,343,0.0,0.0
2024-07-09 10:49:00-04:00,147.94500732421875,147.94500732421875,147.8300018310547,147.8300018310547,2745,0.0,0.0
2024-07-09 10:50:00-04:00,147.86500549316406,147.86500549316406,147.6999969482422,147.6999969482422,3146,0.0,0.0
2024-07-09 10:51:00-04:00,147.67999267578125,147.7100067138672,147.35000610351562,147.36000061035156,12249,0.0,0.0
2024-07-09 10:52:00-04:00,147.35000610351562,147.41000366210938,147.19000244140625,147.24000549316406,13123,0.0,0.0
2024-07-09 10:53:00-04:00,147.1300048828125,147.2899932861328,147.1300048828125,147.19500732421875,7414,0.0,0.0
2024-07-09 10:54:00-04:00,147.19000244140625,147.49000549316406,147.08999633789062,147.49000549316406,9543,0.0,0.0
2024-07-09 10:55:00-04:00,147.48500061035156,147.66000366210938,147.48500061035156,147.63499450683594,2400,0.0,0.0
2024-07-09 10:56:00-04:00,147.63999938964844,147.74000549316406,147.63999938964844,147.73989868164062,9412,0.0,0.0
2024-07-09 10:57:00-04:00,147.77000427246094,147.875,147.77000427246094,147.875,1234,0.0,0.0
2024-07-09 10:58:00-04:00,147.78500366210938,147.83999633789062,147.66000366210938,147.66000366210938,3186,0.0,0.0
2024-07-09 10:59:00-04:00,147.77999877929688,147.86500549316406,147.6699981689453,147.85000610351562,3007,0.0,0.0
2024-07-09 11:00:00-04:00,147.8699951171875,147.89500427246094,147.7100067138672,147.77499389648438,4167,0.0,0.0
2024-07-09 11:01:00-04:00,147.69000244140625,147.88999938964844,147.69000244140625,147.88999938964844,2141,0.0,0.0
2024-07-09 11:02:00-04:00,147.89500427246094,147.91000366210938,147.7899932861328,147.7899932861328,1538,0.0,0.0
2024-07-09 11:03:00-04:00,147.77000427246094,147.875,147.77000427246094,147.8350067138672,2377,0.0,0.0
2024-07-09 11:04:00-04:00,147.72000122070312,147.72000122070312,147.6199951171875,147.7050018310547,2099,0.0,0.0
2024-07-09 11:05:00-04:00,147.61000061035156,147.9199981689453,147.61000061035156,147.83999633789062,5816,0.0,0.0
2024-07-09 11:06:00-04:00,147.83999633789062,147.83999633789062,147.83999633789062,147.83999633789062,225,0.0,0.0
2024-07-09 11:07:00-04:00,147.75999450683594,147.82000732421875,147.75,147.78700256347656,3201,0.0,0.0
2024-07-09 11:08:00-04:00,147.8699951171875,147.88999938964844,147.80499267578125,147.88999938964844,1750,0.0,0.0
2024-07-09 11:09:00-04:00,147.89999389648438,148.0,147.89999389648438,148.0,1803,0.0,0.0
2024-07-09 11:10:00-04:00,147.9149932861328,147.9149932861328,147.67999267578125,147.7449951171875,5918,0.0,0.0
2024-07-09 11:11:00-04:00,147.7449951171875,147.8699951171875,147.6699981689453,147.8699951171875,4480,0.0,0.0
2024-07-09 11:12:00-04:00,147.80999755859375,147.86500549316406,147.72000122070312,147.77999877929688,4734,0.0,0.0
2024-07-09 11:13:00-04:00,147.67999267578125,147.67999267578125,147.610107421875,147.64999389648438,4263,0.0,0.0
2024-07-09 11:14:00-04:00,147.64500427246094,147.72000122070312,147.60000610351562,147.72000122070312,7073,0.0,0.0
2024-07-09 11:15:00-04:00,147.7899932861328,147.9600067138672,147.75,147.7899932861328,5302,0.0,0.0
2024-07-09 11:16:00-04:00,147.7899932861328,147.8699951171875,147.72000122070312,147.75,3585,0.0,0.0
2024-07-09 11:17:00-04:00,147.6999969482422,147.77000427246094,147.69149780273438,147.72000122070312,1838,0.0,0.0
2024-07-09 11:18:00-04:00,147.75,147.8249969482422,147.63999938964844,147.67999267578125,3859,0.0,0.0
2024-07-09 11:19:00-04:00,147.6649932861328,147.6649932861328,147.58999633789062,147.64999389648438,4004,0.0,0.0
2024-07-09 11:20:00-04:00,147.64999389648438,147.6999969482422,147.55999755859375,147.5800018310547,3283,0.0,0.0
2024-07-09 11:21:00-04:00,147.5749969482422,147.63999938964844,147.52999877929688,147.6199951171875,3463,0.0,0.0
2024-07-09 11:22:00-04:00,147.625,147.6999969482422,147.625,147.6300048828125,1361,0.0,0.0
2024-07-09 11:23:00-04:00,147.6750030517578,147.6750030517578,147.52999877929688,147.6125946044922,4732,0.0,0.0
2024-07-09 11:24:00-04:00,147.60000610351562,147.8000030517578,147.60000610351562,147.77999877929688,3265,0.0,0.0
2024-07-09 11:25:00-04:00,147.81500244140625,147.82000732421875,147.6199951171875,147.6699981689453,3225,0.0,0.0
2024-07-09 11:26:00-04:00,147.72000122070312,147.74000549316406,147.64999389648438,147.72999572753906,2271,0.0,0.0
2024-07-09 11:27:00-04:00,147.66000366210938,147.6999969482422,147.6300048828125,147.6999969482422,1670,0.0,0.0
2024-07-09 11:28:00-04:00,147.6699981689453,147.67999267578125,147.4600067138672,147.67999267578125,7927,0.0,0.0
2024-07-09 11:29:00-04:00,147.59500122070312,147.77999877929688,147.59500122070312,147.77499389648438,2398,0.0,0.0
2024-07-09 11:30:00-04:00,147.80999755859375,147.80999755859375,147.61000061035156,147.7073974609375,5764,0.0,0.0
2024-07-09 11:31:00-04:00,147.6699981689453,147.80999755859375,147.57000732421875,147.7100067138672,5884,0.0,0.0
2024-07-09 11:32:00-04:00,147.8000030517578,147.8000030517578,147.8000030517578,147.8000030517578,236,0.0,0.0
2024-07-09 11:33:00-04:00,147.7100067138672,147.8699951171875,147.67999267578125,147.85000610351562,3380,0.0,0.0
2024-07-09 11:34:00-04:00,147.7949981689453,147.8300018310547,147.72999572753906,147.7949981689453,2750,0.0,0.0
2024-07-09 11:35:00-04:00,147.6999969482422,147.7100067138672,147.66000366210938,147.69500732421875,3091,0.0,0.0
2024-07-09 11:36:00-04:00,147.6750030517578,147.67999267578125,147.6750030517578,147.67999267578125,3235,0.0,0.0
2024-07-09 11:37:00-04:00,147.75,147.89999389648438,147.75,147.89999389648438,4040,0.0,0.0
2024-07-09 11:38:00-04:00,147.9600067138672,148.10000610351562,147.9600067138672,148.07000732421875,6398,0.0,0.0
2024-07-09 11:39:00-04:00,148.07000732421875,148.11500549316406,148.0644989013672,148.11500549316406,2114,0.0,0.0
2024-07-09 11:40:00-04:00,148.14999389648438,148.17999267578125,148.10000610351562,148.1649932861328,2074,0.0,0.0
2024-07-09 11:41:00-04:00,148.1649932861328,148.1649932861328,148.10000610351562,148.125,1478,0.0,0.0
2024-07-09 11:42:00-04:00,148.1199951171875,148.13999938964844,148.02999877929688,148.0500030517578,5304,0.0,0.0
2024-07-09 11:43:00-04:00,148.05999755859375,148.10000610351562,148.05999755859375,148.10000610351562,3884,0.0,0.0
2024-07-09 11:44:00-04:00,148.10000610351562,148.1300048828125,147.97000122070312,147.97000122070312,11129,0.0,0.0
2024-07-09 11:45:00-04:00,148.06500244140625,148.1699981689453,148.00999450683594,148.00999450683594,5254,0.0,0.0
2024-07-09 11:46:00-04:00,148.0800018310547,148.0800018310547,147.83999633789062,147.88999938964844,5530,0.0,0.0
2024-07-09 11:47:00-04:00,147.8300018310547,147.8699951171875,147.8300018310547,147.8699951171875,1426,0.0,0.0
2024-07-09 11:48:00-04:00,147.7899932861328,147.86000061035156,147.7899932861328,147.86000061035156,1109,0.0,0.0
2024-07-09 11:49:00-04:00,147.75,147.85000610351562,147.75,147.77999877929688,2518,0.0,0.0
2024-07-09 11:50:00-04:00,147.77999877929688,147.8863983154297,147.77999877929688,147.8300018310547,3285,0.0,0.0
2024-07-09 11:51:00-04:00,147.8249969482422,147.8249969482422,147.77000427246094,147.77000427246094,977,0.0,0.0
2024-07-09 11:52:00-04:00,147.77000427246094,147.83880615234375,147.77000427246094,147.77000427246094,1953,0.0,0.0
2024-07-09 11:53:00-04:00,147.7899932861328,147.82000732421875,147.7899932861328,147.82000732421875,1925,0.0,0.0
2024-07-09 11:54:00-04:00,147.86000061035156,147.9199981689453,147.7449951171875,147.9199981689453,4790,0.0,0.0
2024-07-09 11:55:00-04:00,147.8300018310547,147.8800048828125,147.72000122070312,147.74000549316406,3510,0.0,0.0
2024-07-09 11:56:00-04:00,147.75,147.75230407714844,147.75,147.75230407714844,970,0.0,0.0
2024-07-09 11:57:00-04:00,147.74000549316406,147.75999450683594,147.67999267578125,147.7100067138672,6018,0.0,0.0
2024-07-09 11:58:00-04:00,147.69500732421875,147.72000122070312,147.69500732421875,147.72000122070312,696,0.0,0.0
2024-07-09 11:59:00-04:00,147.69000244140625,147.69000244140625,147.6300048828125,147.69000244140625,2708,0.0,0.0
2024-07-09 12:00:00-04:00,147.7115936279297,147.75,147.63999938964844,147.75,6247,0.0,0.0
2024-07-09 12:01:00-04:00,147.72000122070312,147.889892578125,147.72000122070312,147.889892578125,3584,0.0,0.0
2024-07-09 12:02:00-04:00,147.72999572753906,147.80999755859375,147.6199951171875,147.6699981689453,3179,0.0,0.0
2024-07-09 12:03:00-04:00,147.6750030517578,147.72999572753906,147.63980102539062,147.72999572753906,2034,0.0,0.0
2024-07-09 12:04:00-04:00,147.75,147.75999450683594,147.63999938964844,147.69500732421875,3439,0.0,0.0
2024-07-09 12:05:00-04:00,147.6199951171875,147.6699981689453,147.61000061035156,147.66419982910156,3605,0.0,0.0
2024-07-09 12:06:00-04:00,147.6199951171875,147.69000244140625,147.5399932861328,147.61500549316406,13738,0.0,0.0
2024-07-09 12:07:00-04:00,147.6199951171875,147.625,147.5500030517578,147.625,1041,0.0,0.0
2024-07-09 12:08:00-04:00,147.6199951171875,147.6199951171875,147.57000732421875,147.57000732421875,591,0.0,0.0
2024-07-09 12:09:00-04:00,147.6300048828125,147.6300048828125,147.52999877929688,147.55999755859375,2353,0.0,0.0
2024-07-09 12:10:00-04:00,147.5500030517578,147.5500030517578,147.5,147.52499389648438,4040,0.0,0.0
2024-07-09 12:11:00-04:00,147.52499389648438,147.55999755859375,147.41000366210938,147.43499755859375,5492,0.0,0.0
2024-07-09 12:12:00-04:00,147.49000549316406,147.52000427246094,147.49000549316406,147.5,3282,0.0,0.0
2024-07-09 12:13:00-04:00,147.5,147.5,147.36000061035156,147.3800048828125,6329,0.0,0.0
2024-07-09 12:14:00-04:00,147.38499450683594,147.4499969482422,147.38499450683594,147.4499969482422,883,0.0,0.0
2024-07-09 12:15:00-04:00,147.5,147.5,147.5,147.5,837,0.0,0.0
2024-07-09 12:16:00-04:00,147.49000549316406,147.52999877929688,147.44000244140625,147.52999877929688,3724,0.0,0.0
2024-07-09 12:17:00-04:00,147.5,147.5399932861328,147.4600067138672,147.5,12367,0.0,0.0
2024-07-09 12:18:00-04:00,147.5,147.52999877929688,147.4949951171875,147.5,1507,0.0,0.0
2024-07-09 12:19:00-04:00,147.4949951171875,147.52999877929688,147.47000122070312,147.50999450683594,3841,0.0,0.0
2024-07-09 12:20:00-04:00,147.44000244140625,147.52999877929688,147.44000244140625,147.5,1423,0.0,0.0
2024-07-09 12:21:00-04:00,147.5,147.52999877929688,147.4949951171875,147.5,3039,0.0,0.0
2024-07-09 12:22:00-04:00,147.4600067138672,147.52000427246094,147.4600067138672,147.52000427246094,3383,0.0,0.0
2024-07-09 12:23:00-04:00,147.5,147.61000061035156,147.47000122070312,147.59500122070312,19307,0.0,0.0
2024-07-09 12:24:00-04:00,147.59500122070312,147.63999938964844,147.47000122070312,147.6199951171875,16469,0.0,0.0
2024-07-09 12:25:00-04:00,147.6300048828125,147.6300048828125,147.60000610351562,147.6300048828125,1685,0.0,0.0
2024-07-09 12:26:00-04:00,147.63999938964844,147.63999938964844,147.63999938964844,147.63999938964844,1120,0.0,0.0
2024-07-09 12:27:00-04:00,147.69000244140625,147.6999969482422,147.63999938964844,147.6999969482422,1362,0.0,0.0
2024-07-09 12:28:00-04:00,147.63999938964844,147.77000427246094,147.63999938964844,147.77000427246094,1541,0.0,0.0
2024-07-09 12:29:00-04:00,147.77499389648438,147.85000610351562,147.77499389648438,147.85000610351562,714,0.0,0.0
2024-07-09 12:30:00-04:00,147.9199981689453,147.94000244140625,147.89639282226562,147.89639282226562,2435,0.0,0.0
2024-07-09 12:31:00-04:00,147.8699951171875,147.8800048828125,147.8699951171875,147.8800048828125,525,0.0,0.0
2024-07-09 12:32:00-04:00,147.8699951171875,147.9250030517578,147.86000061035156,147.9250030517578,1849,0.0,0.0
2024-07-09 12:33:00-04:00,147.94000244140625,147.94000244140625,147.93499755859375,147.93499755859375,817,0.0,0.0
2024-07-09 12:34:00-04:00,147.9949951171875,148.00999450683594,147.97000122070312,147.98500061035156,2014,0.0,0.0
2024-07-09 12:35:00-04:00,147.9600067138672,147.97000122070312,147.8300018310547,147.85499572753906,7145,0.0,0.0
2024-07-09 12:36:00-04:00,147.8300018310547,147.8300018310547,147.77000427246094,147.77999877929688,1995,0.0,0.0
2024-07-09 12:37:00-04:00,147.78500366210938,147.97000122070312,147.78500366210938,147.97000122070312,3793,0.0,0.0
2024-07-09 12:38:00-04:00,147.97000122070312,148.0399932861328,147.9600067138672,148.02000427246094,1628,0.0,0.0
2024-07-09 12:40:00-04:00,148.07940673828125,148.08999633789062,148.039794921875,148.08999633789062,3081,0.0,0.0
2024-07-09 12:42:00-04:00,148.10000610351562,148.1649932861328,148.10000610351562,148.1300048828125,1231,0.0,0.0
2024-07-09 12:43:00-04:00,148.1699981689453,148.23989868164062,148.1199951171875,148.23989868164062,719,0.0,0.0
2024-07-09 12:44:00-04:00,148.1199951171875,148.27999877929688,148.1199951171875,148.27000427246094,2332,0.0,0.0
2024-07-09 12:45:00-04:00,148.31100463867188,148.3800048828125,148.31100463867188,148.33999633789062,1743,0.0,0.0
2024-07-09 12:46:00-04:00,148.3990020751953,148.4949951171875,148.34500122070312,148.42999267578125,4770,0.0,0.0
2024-07-09 12:47:00-04:00,148.3699951171875,148.3699951171875,148.25,148.3000030517578,7489,0.0,0.0
2024-07-09 12:48:00-04:00,148.25999450683594,148.32000732421875,148.25999450683594,148.32000732421875,893,0.0,0.0
2024-07-09 12:49:00-04:00,148.32000732421875,148.3249969482422,148.26649475097656,148.3249969482422,1303,0.0,0.0
2024-07-09 12:50:00-04:00,148.25,148.27999877929688,148.14999389648438,148.22500610351562,3317,0.0,0.0
2024-07-09 12:51:00-04:00,148.1699981689453,148.1699981689453,147.99000549316406,147.9949951171875,4579,0.0,0.0
2024-07-09 12:52:00-04:00,148.0050048828125,148.0050048828125,147.9600067138672,147.9600067138672,1116,0.0,0.0
2024-07-09 12:53:00-04:00,148.0,148.05499267578125,147.97000122070312,148.05499267578125,3245,0.0,0.0
2024-07-09 12:54:00-04:00,148.04200744628906,148.1300048828125,148.04200744628906,148.1300048828125,1780,0.0,0.0
2024-07-09 12:55:00-04:00,148.05999755859375,148.11000061035156,148.05999755859375,148.0601043701172,807,0.0,0.0
2024-07-09 12:56:00-04:00,148.11500549316406,148.11500549316406,148.07000732421875,148.11500549316406,811,0.0,0.0
2024-07-09 12:57:00-04:00,148.0800018310547,148.1199951171875,148.07000732421875,148.11279296875,2832,0.0,0.0
2024-07-09 12:58:00-04:00,148.0800018310547,148.11000061035156,148.0500030517578,148.0800018310547,2753,0.0,0.0
2024-07-09 12:59:00-04:00,148.0814971923828,148.08999633789062,148.0399932861328,148.08999633789062,2229,0.0,0.0
2024-07-09 13:00:00-04:00,148.1300048828125,148.16000366210938,148.11000061035156,148.16000366210938,1783,0.0,0.0
2024-07-09 13:01:00-04:00,148.1999969482422,148.2899932861328,148.1999969482422,148.25,1511,0.0,0.0
2024-07-09 13:02:00-04:00,148.30999755859375,148.38999938964844,148.30999755859375,148.3800048828125,1036,0.0,0.0
2024-07-09 13:03:00-04:00,148.39869689941406,148.5489959716797,148.38999938964844,148.5050048828125,1775,0.0,0.0
2024-07-09 13:04:00-04:00,148.5050048828125,148.51499938964844,148.5,148.5,1354,0.0,0.0
2024-07-09 13:05:00-04:00,148.49000549316406,148.57000732421875,148.49000549316406,148.52499389648438,2490,0.0,0.0
2024-07-09 13:06:00-04:00,148.52499389648438,148.52499389648438,148.44000244140625,148.5050048828125,5415,0.0,0.0
2024-07-09 13:07:00-04:00,148.51499938964844,148.53500366210938,148.47999572753906,148.53500366210938,966,0.0,0.0
2024-07-09 13:08:00-04:00,148.53500366210938,148.53500366210938,148.47000122070312,148.5050048828125,3508,0.0,0.0
2024-07-09 13:09:00-04:00,148.5050048828125,148.5399932861328,148.47000122070312,148.5,5172,0.0,0.0
2024-07-09 13:10:00-04:00,148.57000732421875,148.66200256347656,148.55999755859375,148.63999938964844,3815,0.0,0.0
2024-07-09 13:11:00-04:00,148.64999389648438,148.7899932861328,148.60000610351562,148.77499389648438,6123,0.0,0.0
2024-07-09 13:12:00-04:00,148.7100067138672,148.80709838867188,148.7100067138672,148.80709838867188,2445,0.0,0.0
2024-07-09 13:13:00-04:00,148.77499389648438,148.78500366210938,148.7678985595703,148.7678985595703,1189,0.0,0.0
2024-07-09 13:14:00-04:00,148.75,148.75,148.72999572753906,148.72999572753906,1584,0.0,0.0
2024-07-09 13:15:00-04:00,148.72999572753906,148.72999572753906,148.67999267578125,148.67999267578125,2704,0.0,0.0
2024-07-09 13:16:00-04:00,148.73500061035156,148.73500061035156,148.66000366210938,148.6649932861328,2290,0.0,0.0
2024-07-09 13:17:00-04:00,148.67999267578125,148.69949340820312,148.67999267578125,148.69949340820312,395,0.0,0.0
2024-07-09 13:18:00-04:00,148.63999938964844,148.69000244140625,148.61000061035156,148.65499877929688,3949,0.0,0.0
2024-07-09 13:19:00-04:00,148.6999969482422,148.85000610351562,148.6999969482422,148.85000610351562,4657,0.0,0.0
2024-07-09 13:20:00-04:00,148.7899932861328,148.7949981689453,148.60000610351562,148.60000610351562,5094,0.0,0.0
2024-07-09 13:21:00-04:00,148.5800018310547,148.59500122070312,148.52999877929688,148.59500122070312,1975,0.0,0.0
2024-07-09 13:22:00-04:00,148.55999755859375,148.59500122070312,148.4600067138672,148.4600067138672,4298,0.0,0.0
2024-07-09 13:23:00-04:00,148.52000427246094,148.52000427246094,148.47000122070312,148.51499938964844,1480,0.0,0.0
2024-07-09 13:24:00-04:00,148.4600067138672,148.5050048828125,148.42999267578125,148.44500732421875,3160,0.0,0.0
2024-07-09 13:25:00-04:00,148.47999572753906,148.52000427246094,148.4199981689453,148.47999572753906,4101,0.0,0.0
2024-07-09 13:26:00-04:00,148.5050048828125,148.5050048828125,148.4600067138672,148.4600067138672,1212,0.0,0.0
2024-07-09 13:27:00-04:00,148.4600067138672,148.47999572753906,148.39999389648438,148.39999389648438,2712,0.0,0.0
2024-07-09 13:28:00-04:00,148.41000366210938,148.44000244140625,148.39999389648438,148.39999389648438,1920,0.0,0.0
2024-07-09 13:29:00-04:00,148.39999389648438,148.39999389648438,148.3800048828125,148.3800048828125,940,0.0,0.0
2024-07-09 13:30:00-04:00,148.39500427246094,148.39500427246094,148.3300018310547,148.3300018310547,3303,0.0,0.0
2024-07-09 13:31:00-04:00,148.32000732421875,148.35499572753906,148.32000732421875,148.33999633789062,425,0.0,0.0
2024-07-09 13:32:00-04:00,148.39999389648438,148.39999389648438,148.32000732421875,148.32000732421875,2194,0.0,0.0
2024-07-09 13:33:00-04:00,148.30999755859375,148.35000610351562,148.25999450683594,148.28500366210938,4349,0.0,0.0
2024-07-09 13:34:00-04:00,148.30999755859375,148.47000122070312,148.3000030517578,148.47000122070312,2902,0.0,0.0
2024-07-09 13:35:00-04:00,148.47999572753906,148.47999572753906,148.3699951171875,148.38999938964844,3328,0.0,0.0
2024-07-09 13:36:00-04:00,148.38999938964844,148.4499969482422,148.38999938964844,148.38999938964844,1096,0.0,0.0
2024-07-09 13:37:00-04:00,148.42149353027344,148.42999267578125,148.27000427246094,148.27000427246094,3493,0.0,0.0
2024-07-09 13:38:00-04:00,148.3000030517578,148.3300018310547,148.1999969482422,148.25999450683594,5941,0.0,0.0
2024-07-09 13:39:00-04:00,148.2899932861328,148.2899932861328,148.2899932861328,148.2899932861328,707,0.0,0.0
2024-07-09 13:40:00-04:00,148.25999450683594,148.3000030517578,148.25999450683594,148.3000030517578,1487,0.0,0.0
2024-07-09 13:41:00-04:00,148.25999450683594,148.32000732421875,148.2100067138672,148.2100067138672,3391,0.0,0.0
2024-07-09 13:42:00-04:00,148.27000427246094,148.2899932861328,148.22000122070312,148.27499389648438,1489,0.0,0.0
2024-07-09 13:43:00-04:00,148.27999877929688,148.30999755859375,148.24000549316406,148.27499389648438,3525,0.0,0.0
2024-07-09 13:44:00-04:00,148.24000549316406,148.27999877929688,148.24000549316406,148.27999877929688,1107,0.0,0.0
2024-07-09 13:45:00-04:00,148.27999877929688,148.27999877929688,148.22999572753906,148.25,3527,0.0,0.0
2024-07-09 13:46:00-04:00,148.2100067138672,148.2449951171875,148.2100067138672,148.2449951171875,2144,0.0,0.0
2024-07-09 13:47:00-04:00,148.22999572753906,148.36000061035156,148.22999572753906,148.33880615234375,7661,0.0,0.0
2024-07-09 13:48:00-04:00,148.39999389648438,148.52999877929688,148.38999938964844,148.47500610351562,2260,0.0,0.0
2024-07-09 13:49:00-04:00,148.4658966064453,148.53799438476562,148.4658966064453,148.53799438476562,1263,0.0,0.0
2024-07-09 13:50:00-04:00,148.5050048828125,148.52999877929688,148.39999389648438,148.41000366210938,3892,0.0,0.0
2024-07-09 13:51:00-04:00,148.47999572753906,148.52000427246094,148.39999389648438,148.4499969482422,3050,0.0,0.0
2024-07-09 13:52:00-04:00,148.44500732421875,148.44500732421875,148.39999389648438,148.39999389648438,711,0.0,0.0
2024-07-09 13:53:00-04:00,148.4199981689453,148.4521942138672,148.4199981689453,148.44000244140625,1430,0.0,0.0
2024-07-09 13:54:00-04:00,148.39999389648438,148.4199981689453,148.3699951171875,148.41000366210938,5056,0.0,0.0
2024-07-09 13:55:00-04:00,148.36000061035156,148.36000061035156,148.27000427246094,148.30999755859375,3848,0.0,0.0
2024-07-09 13:56:00-04:00,148.31500244140625,148.33999633789062,148.30999755859375,148.30999755859375,1364,0.0,0.0
2024-07-09 13:57:00-04:00,148.27000427246094,148.27999877929688,148.22000122070312,148.22500610351562,54615,0.0,0.0
2024-07-09 13:58:00-04:00,148.2100067138672,148.25999450683594,148.2100067138672,148.22999572753906,5881,0.0,0.0
2024-07-09 13:59:00-04:00,148.22999572753906,148.22999572753906,148.17999267578125,148.2100067138672,3034,0.0,0.0
2024-07-09 14:00:00-04:00,148.2100067138672,148.25,148.14999389648438,148.1999969482422,2737,0.0,0.0
2024-07-09 14:01:00-04:00,148.1999969482422,148.25,148.14999389648438,148.1999969482422,5436,0.0,0.0
2024-07-09 14:02:00-04:00,148.1999969482422,148.1999969482422,148.1199951171875,148.125,5815,0.0,0.0
2024-07-09 14:03:00-04:00,148.10000610351562,148.19000244140625,148.05999755859375,148.05999755859375,6326,0.0,0.0
2024-07-09 14:04:00-04:00,148.1199951171875,148.27999877929688,148.05999755859375,148.1300048828125,18027,0.0,0.0
2024-07-09 14:05:00-04:00,148.14500427246094,148.14500427246094,148.08999633789062,148.08999633789062,1844,0.0,0.0
2024-07-09 14:06:00-04:00,148.0800018310547,148.1300048828125,148.0399932861328,148.08999633789062,8258,0.0,0.0
2024-07-09 14:07:00-04:00,148.08999633789062,148.2899932861328,148.08999633789062,148.27999877929688,5083,0.0,0.0
2024-07-09 14:08:00-04:00,148.33819580078125,148.33819580078125,148.2949981689453,148.2949981689453,2745,0.0,0.0
2024-07-09 14:09:00-04:00,148.28500366210938,148.31329345703125,148.24000549316406,148.31329345703125,1730,0.0,0.0
2024-07-09 14:10:00-04:00,148.27999877929688,148.27999877929688,148.22999572753906,148.27000427246094,2035,0.0,0.0
2024-07-09 14:11:00-04:00,148.27999877929688,148.3249969482422,148.2550048828125,148.2550048828125,1674,0.0,0.0
2024-07-09 14:12:00-04:00,148.28179931640625,148.30999755859375,148.24000549316406,148.30999755859375,2017,0.0,0.0
2024-07-09 14:13:00-04:00,148.24000549316406,148.2550048828125,148.24000549316406,148.2550048828125,1791,0.0,0.0
2024-07-09 14:14:00-04:00,148.26499938964844,148.27000427246094,148.22999572753906,148.27000427246094,1969,0.0,0.0
2024-07-09 14:15:00-04:00,148.27000427246094,148.27499389648438,147.98500061035156,148.0050048828125,15735,0.0,0.0
2024-07-09 14:16:00-04:00,148.0,148.0500030517578,148.0,148.0388946533203,3776,0.0,0.0
2024-07-09 14:17:00-04:00,147.97000122070312,148.02000427246094,147.85000610351562,147.8800048828125,6231,0.0,0.0
2024-07-09 14:18:00-04:00,147.8800048828125,147.9199981689453,147.82000732421875,147.8350067138672,4614,0.0,0.0
2024-07-09 14:19:00-04:00,147.8000030517578,147.8300018310547,147.7899932861328,147.8249969482422,3305,0.0,0.0
2024-07-09 14:20:00-04:00,147.83999633789062,147.83999633789062,147.7100067138672,147.7100067138672,5048,0.0,0.0
2024-07-09 14:21:00-04:00,147.7100067138672,147.7449951171875,147.7050018310547,147.7449951171875,2218,0.0,0.0
2024-07-09 14:22:00-04:00,147.73500061035156,147.75,147.7100067138672,147.75,733,0.0,0.0
2024-07-09 14:23:00-04:00,147.74000549316406,147.7449951171875,147.7100067138672,147.72999572753906,1652,0.0,0.0
2024-07-09 14:24:00-04:00,147.73500061035156,147.80999755859375,147.73500061035156,147.77000427246094,3421,0.0,0.0
2024-07-09 14:25:00-04:00,147.77999877929688,147.77999877929688,147.72999572753906,147.74000549316406,2162,0.0,0.0
2024-07-09 14:26:00-04:00,147.7100067138672,148.00999450683594,147.7100067138672,148.00999450683594,6899,0.0,0.0
2024-07-09 14:27:00-04:00,147.96749877929688,148.02499389648438,147.92999267578125,147.9499969482422,3250,0.0,0.0
2024-07-09 14:28:00-04:00,147.9199981689453,148.13999938964844,147.82000732421875,148.13999938964844,6987,0.0,0.0
2024-07-09 14:29:00-04:00,148.07000732421875,148.10000610351562,148.0399932861328,148.0500030517578,2257,0.0,0.0
2024-07-09 14:30:00-04:00,148.02000427246094,148.11000061035156,148.0,148.02999877929688,4648,0.0,0.0
2024-07-09 14:31:00-04:00,148.02000427246094,148.0500030517578,147.99000549316406,148.0399932861328,2038,0.0,0.0
2024-07-09 14:32:00-04:00,148.10000610351562,148.1199951171875,148.0500030517578,148.08999633789062,4885,0.0,0.0
2024-07-09 14:33:00-04:00,148.1199951171875,148.1999969482422,148.09750366210938,148.14999389648438,5417,0.0,0.0
2024-07-09 14:34:00-04:00,148.16000366210938,148.16000366210938,148.10000610351562,148.13999938964844,2169,0.0,0.0
2024-07-09 14:35:00-04:00,148.125,148.14999389648438,148.08999633789062,148.1199951171875,2686,0.0,0.0
2024-07-09 14:36:00-04:00,148.125,148.1999969482422,148.1199951171875,148.19000244140625,3093,0.0,0.0
2024-07-09 14:37:00-04:00,148.2100067138672,148.36000061035156,148.2100067138672,148.3300018310547,3557,0.0,0.0
2024-07-09 14:38:00-04:00,148.3699951171875,148.41000366210938,148.36000061035156,148.36000061035156,2802,0.0,0.0
2024-07-09 14:40:00-04:00,148.35000610351562,148.36000061035156,148.2899932861328,148.3249969482422,6341,0.0,0.0
2024-07-09 14:41:00-04:00,148.2899932861328,148.2899932861328,148.1699981689453,148.19000244140625,8040,0.0,0.0
2024-07-09 14:42:00-04:00,148.19000244140625,148.19000244140625,148.1199951171875,148.14500427246094,2721,0.0,0.0
2024-07-09 14:43:00-04:00,148.10000610351562,148.13999938964844,148.0800018310547,148.1300048828125,4701,0.0,0.0
2024-07-09 14:44:00-04:00,148.07000732421875,148.1199951171875,148.05999755859375,148.0850067138672,2317,0.0,0.0
2024-07-09 14:45:00-04:00,148.0500030517578,148.13999938964844,148.0500030517578,148.125,2606,0.0,0.0
2024-07-09 14:46:00-04:00,148.125,148.125,148.0800018310547,148.0800018310547,1495,0.0,0.0
2024-07-09 14:47:00-04:00,148.05999755859375,148.07000732421875,148.00999450683594,148.07000732421875,5517,0.0,0.0
2024-07-09 14:48:00-04:00,148.02999877929688,148.02999877929688,147.97999572753906,148.02000427246094,2348,0.0,0.0
2024-07-09 14:49:00-04:00,148.03900146484375,148.11000061035156,148.02999877929688,148.10000610351562,4090,0.0,0.0
2024-07-09 14:50:00-04:00,148.09500122070312,148.17999267578125,148.09500122070312,148.1699981689453,1772,0.0,0.0
2024-07-09 14:51:00-04:00,148.15499877929688,148.1699981689453,148.1300048828125,148.15499877929688,2986,0.0,0.0
2024-07-09 14:52:00-04:00,148.14999389648438,148.19000244140625,148.13999938964844,148.13999938964844,2807,0.0,0.0
2024-07-09 14:53:00-04:00,148.11000061035156,148.1649932861328,148.11000061035156,148.1649932861328,1456,0.0,0.0
2024-07-09 14:54:00-04:00,148.1300048828125,148.1300048828125,148.0399932861328,148.05999755859375,5245,0.0,0.0
2024-07-09 14:55:00-04:00,148.0500030517578,148.0500030517578,148.0,148.0500030517578,1440,0.0,0.0
2024-07-09 14:56:00-04:00,148.02999877929688,148.05990600585938,147.9499969482422,147.9600067138672,4170,0.0,0.0
2024-07-09 14:57:00-04:00,147.94000244140625,147.96499633789062,147.89999389648438,147.96499633789062,3979,0.0,0.0
2024-07-09 14:58:00-04:00,147.9600067138672,147.96499633789062,147.92999267578125,147.9600067138672,1814,0.0,0.0
2024-07-09 14:59:00-04:00,147.94000244140625,147.9600067138672,147.92999267578125,147.94500732421875,2993,0.0,0.0
2024-07-09 15:00:00-04:00,147.92999267578125,147.92999267578125,147.8000030517578,147.80499267578125,3550,0.0,0.0
2024-07-09 15:01:00-04:00,147.80499267578125,147.8800048828125,147.77999877929688,147.80999755859375,4091,0.0,0.0
2024-07-09 15:02:00-04:00,147.7899932861328,147.80999755859375,147.77000427246094,147.77999877929688,1976,0.0,0.0
2024-07-09 15:03:00-04:00,147.75999450683594,147.77499389648438,147.72999572753906,147.72999572753906,1654,0.0,0.0
2024-07-09 15:04:00-04:00,147.72999572753906,147.72999572753906,147.6999969482422,147.72000122070312,4683,0.0,0.0
2024-07-09 15:05:00-04:00,147.74000549316406,147.74000549316406,147.6699981689453,147.68499755859375,5864,0.0,0.0
2024-07-09 15:06:00-04:00,147.69000244140625,147.69000244140625,147.6199951171875,147.6199951171875,4154,0.0,0.0
2024-07-09 15:07:00-04:00,147.61000061035156,147.67999267578125,147.60000610351562,147.67019653320312,5956,0.0,0.0
2024-07-09 15:08:00-04:00,147.64999389648438,147.7100067138672,147.6300048828125,147.67999267578125,7419,0.0,0.0
2024-07-09 15:09:00-04:00,147.68499755859375,147.68499755859375,147.64999389648438,147.64999389648438,1672,0.0,0.0
2024-07-09 15:10:00-04:00,147.67999267578125,147.67999267578125,147.58999633789062,147.58999633789062,7499,0.0,0.0
2024-07-09 15:11:00-04:00,147.61000061035156,147.63999938964844,147.57000732421875,147.63999938964844,4769,0.0,0.0
2024-07-09 15:12:00-04:00,147.63999938964844,147.63999938964844,147.52999877929688,147.5489959716797,3203,0.0,0.0
2024-07-09 15:13:00-04:00,147.52000427246094,147.53500366210938,147.47999572753906,147.47999572753906,5285,0.0,0.0
2024-07-09 15:14:00-04:00,147.5,147.6300048828125,147.5,147.61500549316406,7099,0.0,0.0
2024-07-09 15:15:00-04:00,147.625,147.625,147.625,147.625,375,0.0,0.0
2024-07-09 15:16:00-04:00,147.625,147.66000366210938,147.50999450683594,147.50999450683594,5746,0.0,0.0
2024-07-09 15:17:00-04:00,147.50999450683594,147.5399932861328,147.49000549316406,147.53500366210938,2862,0.0,0.0
2024-07-09 15:18:00-04:00,147.53550720214844,147.5399932861328,147.49000549316406,147.50999450683594,8637,0.0,0.0
2024-07-09 15:19:00-04:00,147.50999450683594,147.52999877929688,147.5,147.51499938964844,6207,0.0,0.0
2024-07-09 15:20:00-04:00,147.51499938964844,147.5399932861328,147.47999572753906,147.5,15152,0.0,0.0
2024-07-09 15:21:00-04:00,147.5050048828125,147.5050048828125,147.4199981689453,147.4199981689453,4161,0.0,0.0
2024-07-09 15:22:00-04:00,147.4499969482422,147.5,147.4199981689453,147.49000549316406,5913,0.0,0.0
2024-07-09 15:23:00-04:00,147.4499969482422,147.47500610351562,147.4499969482422,147.46249389648438,1572,0.0,0.0
2024-07-09 15:24:00-04:00,147.4499969482422,147.55999755859375,147.4499969482422,147.52000427246094,4885,0.0,0.0
2024-07-09 15:25:00-04:00,147.52000427246094,147.52999877929688,147.47000122070312,147.49000549316406,4601,0.0,0.0
2024-07-09 15:26:00-04:00,147.49000549316406,147.5,147.44000244140625,147.47999572753906,4608,0.0,0.0
2024-07-09 15:27:00-04:00,147.48500061035156,147.48500061035156,147.46499633789062,147.48500061035156,2015,0.0,0.0
2024-07-09 15:28:00-04:00,147.4600067138672,147.50999450683594,147.44000244140625,147.5,4449,0.0,0.0
2024-07-09 15:29:00-04:00,147.4705047607422,147.52000427246094,147.47000122070312,147.47000122070312,3712,0.0,0.0
2024-07-09 15:30:00-04:00,147.50999450683594,147.51499938964844,147.41000366210938,147.4250030517578,7570,0.0,0.0
2024-07-09 15:31:00-04:00,147.43499755859375,147.50999450683594,147.4199981689453,147.5050048828125,7036,0.0,0.0
2024-07-09 15:32:00-04:00,147.5050048828125,147.5850067138672,147.5050048828125,147.5850067138672,4251,0.0,0.0
2024-07-09 15:33:00-04:00,147.5850067138672,147.58999633789062,147.52999877929688,147.55999755859375,4616,0.0,0.0
2024-07-09 15:34:00-04:00,147.52000427246094,147.52999877929688,147.44000244140625,147.4550018310547,6450,0.0,0.0
2024-07-09 15:35:00-04:00,147.4550018310547,147.57000732421875,147.4199981689453,147.57000732421875,7410,0.0,0.0
2024-07-09 15:36:00-04:00,147.55999755859375,147.58999633789062,147.5399932861328,147.56500244140625,4766,0.0,0.0
2024-07-09 15:37:00-04:00,147.58999633789062,147.58999633789062,147.5500030517578,147.5749969482422,4991,0.0,0.0
2024-07-09 15:38:00-04:00,147.5749969482422,147.60000610351562,147.47000122070312,147.5,9672,0.0,0.0
2024-07-09 15:39:00-04:00,147.5,147.5800018310547,147.47999572753906,147.56500244140625,7894,0.0,0.0
2024-07-09 15:40:00-04:00,147.5574951171875,147.57000732421875,147.5399932861328,147.5449981689453,4228,0.0,0.0
2024-07-09 15:41:00-04:00,147.52000427246094,147.5399932861328,147.47999572753906,147.49000549316406,5495,0.0,0.0
2024-07-09 15:42:00-04:00,147.5,147.52999877929688,147.4600067138672,147.48500061035156,15254,0.0,0.0
2024-07-09 15:43:00-04:00,147.49000549316406,147.5,147.27999877929688,147.27999877929688,27704,0.0,0.0
2024-07-09 15:44:00-04:00,147.2949981689453,147.32000732421875,147.24000549316406,147.25,7071,0.0,0.0
2024-07-09 15:45:00-04:00,147.24000549316406,147.27999877929688,147.2100067138672,147.22999572753906,13312,0.0,0.0
2024-07-09 15:46:00-04:00,147.24000549316406,147.24000549316406,147.14999389648438,147.16409301757812,8410,0.0,0.0
2024-07-09 15:47:00-04:00,147.17999267578125,147.27999877929688,147.16000366210938,147.24249267578125,8163,0.0,0.0
2024-07-09 15:48:00-04:00,147.27000427246094,147.27000427246094,147.14999389648438,147.1999969482422,7681,0.0,0.0
2024-07-09 15:49:00-04:00,147.17999267578125,147.22999572753906,147.14999389648438,147.14999389648438,8445,0.0,0.0
2024-07-09 15:50:00-04:00,147.16000366210938,147.16000366210938,146.97999572753906,147.00999450683594,25174,0.0,0.0
2024-07-09 15:51:00-04:00,147.0500030517578,147.1199951171875,147.0,147.02000427246094,14192,0.0,0.0
2024-07-09 15:52:00-04:00,146.99000549316406,147.01499938964844,146.74000549316406,146.74000549316406,10062,0.0,0.0
2024-07-09 15:54:00-04:00,146.6300048828125,146.64999389648438,146.6300048828125,146.64999389648438,28044,0.0,0.0
2024-07-09 15:55:00-04:00,146.64999389648438,146.6699981689453,146.52000427246094,146.5399932861328,26080,0.0,0.0
2024-07-09 15:56:00-04:00,146.5399932861328,146.5399932861328,146.33999633789062,146.33999633789062,30387,0.0,0.0
2024-07-09 15:57:00-04:00,146.33999633789062,146.46499633789062,146.2949981689453,146.4499969482422,32211,0.0,0.0
2024-07-09 15:58:00-04:00,146.4300994873047,146.44500732421875,146.3300018310547,146.36000061035156,40215,0.0,0.0
2024-07-09 15:59:00-04:00,146.35000610351562,146.35000610351562,146.19000244140625,146.32000732421875,89361,0.0,0.0
2024-07-10 09:30:00-04:00,145.5800018310547,145.6199951171875,145.16000366210938,145.6199951171875,42834,0.0,0.0
2024-07-10 09:31:00-04:00,145.59500122070312,146.27999877929688,145.47500610351562,146.15499877929688,8505,0.0,0.0
2024-07-10 09:32:00-04:00,146.00999450683594,146.07000732421875,145.610107421875,145.97500610351562,10213,0.0,0.0
2024-07-10 09:33:00-04:00,145.59500122070312,145.81500244140625,145.46499633789062,145.60000610351562,2667,0.0,0.0
2024-07-10 09:34:00-04:00,145.74000549316406,145.8350067138672,145.4600067138672,145.8350067138672,2346,0.0,0.0
2024-07-10 09:35:00-04:00,145.8350067138672,146.14999389648438,145.8350067138672,146.1199951171875,3535,0.0,0.0
2024-07-10 09:36:00-04:00,145.89999389648438,146.0850067138672,145.89999389648438,146.0850067138672,2990,0.0,0.0
2024-07-10 09:37:00-04:00,146.0850067138672,146.2100067138672,145.875,146.0800018310547,6296,0.0,0.0
2024-07-10 09:38:00-04:00,146.0749969482422,146.5399932861328,146.0749969482422,146.52999877929688,5832,0.0,0.0
2024-07-10 09:39:00-04:00,146.47999572753906,146.69000244140625,146.0,146.0449981689453,7741,0.0,0.0
2024-07-10 09:40:00-04:00,145.92999267578125,146.0500030517578,145.8300018310547,146.0500030517578,2783,0.0,0.0
2024-07-10 09:41:00-04:00,145.9550018310547,145.9550018310547,145.94500732421875,145.9499969482422,802,0.0,0.0
2024-07-10 09:42:00-04:00,146.0050048828125,146.0050048828125,145.3699951171875,145.4949951171875,9533,0.0,0.0
2024-07-10 09:43:00-04:00,145.7100067138672,145.7100067138672,145.4550018310547,145.4550018310547,3022,0.0,0.0
2024-07-10 09:44:00-04:00,145.4499969482422,145.46499633789062,145.3300018310547,145.3300018310547,2776,0.0,0.0
2024-07-10 09:45:00-04:00,145.3249969482422,145.4600067138672,145.1999969482422,145.32000732421875,4476,0.0,0.0
2024-07-10 09:46:00-04:00,145.3000030517578,145.52999877929688,145.3000030517578,145.44500732421875,4900,0.0,0.0
2024-07-10 09:47:00-04:00,145.44000244140625,146.22000122070312,145.44000244140625,146.17999267578125,5658,0.0,0.0
2024-07-10 09:48:00-04:00,146.14999389648438,146.3699951171875,145.96499633789062,145.96499633789062,9785,0.0,0.0
2024-07-10 09:49:00-04:00,145.77000427246094,145.8350067138672,145.58999633789062,145.8350067138672,2118,0.0,0.0
2024-07-10 09:50:00-04:00,145.75250244140625,145.91000366210938,145.66000366210938,145.66000366210938,1155,0.0,0.0
2024-07-10 09:51:00-04:00,145.57369995117188,145.8699951171875,145.57369995117188,145.60000610351562,2978,0.0,0.0
2024-07-10 09:54:00-04:00,145.82000732421875,145.82000732421875,145.5749969482422,145.77999877929688,6581,0.0,0.0
2024-07-10 09:55:00-04:00,145.83999633789062,145.83999633789062,145.55999755859375,145.83999633789062,5526,0.0,0.0
2024-07-10 09:56:00-04:00,145.7449951171875,145.77999877929688,145.7449951171875,145.77999877929688,843,0.0,0.0
2024-07-10 09:57:00-04:00,145.88999938964844,145.88999938964844,145.81500244140625,145.81500244140625,1148,0.0,0.0
2024-07-10 09:58:00-04:00,145.93809509277344,145.97000122070312,145.75,145.9600067138672,1950,0.0,0.0
2024-07-10 09:59:00-04:00,145.85000610351562,146.17999267578125,145.85000610351562,145.97999572753906,3715,0.0,0.0
2024-07-10 10:00:00-04:00,145.89999389648438,146.05499267578125,145.89999389648438,145.9499969482422,1479,0.0,0.0
2024-07-10 10:01:00-04:00,146.0500030517578,146.24000549316406,146.02000427246094,146.22000122070312,3217,0.0,0.0
2024-07-10 10:02:00-04:00,146.10499572753906,146.49000549316406,146.0500030517578,146.4718017578125,3482,0.0,0.0
2024-07-10 10:03:00-04:00,146.5399932861328,146.5399932861328,146.32000732421875,146.38999938964844,3861,0.0,0.0
2024-07-10 10:04:00-04:00,146.3000030517578,146.32989501953125,146.16000366210938,146.16000366210938,4001,0.0,0.0
2024-07-10 10:05:00-04:00,146.02999877929688,146.05990600585938,145.85000610351562,145.92999267578125,5509,0.0,0.0
2024-07-10 10:06:00-04:00,146.05999755859375,146.17999267578125,146.02000427246094,146.17999267578125,1625,0.0,0.0
2024-07-10 10:07:00-04:00,146.22000122070312,146.22000122070312,146.17999267578125,146.17999267578125,778,0.0,0.0
2024-07-10 10:08:00-04:00,145.99000549316406,145.99000549316406,145.75,145.8000030517578,3952,0.0,0.0
2024-07-10 10:09:00-04:00,145.72999572753906,145.80999755859375,145.63999938964844,145.72000122070312,2634,0.0,0.0
2024-07-10 10:10:00-04:00,145.72500610351562,145.72500610351562,145.59500122070312,145.72000122070312,3469,0.0,0.0
2024-07-10 10:11:00-04:00,145.6699981689453,145.6699981689453,145.60000610351562,145.63999938964844,1489,0.0,0.0
2024-07-10 10:12:00-04:00,145.6300048828125,145.73500061035156,145.5800018310547,145.60000610351562,1477,0.0,0.0
2024-07-10 10:13:00-04:00,145.60000610351562,145.72000122070312,145.60000610351562,145.72000122070312,3854,0.0,0.0
2024-07-10 10:14:00-04:00,145.63009643554688,145.88999938964844,145.63009643554688,145.88999938964844,1782,0.0,0.0
2024-07-10 10:15:00-04:00,146.0399932861328,146.13999938964844,145.77999877929688,146.13999938964844,4352,0.0,0.0
2024-07-10 10:16:00-04:00,146.15499877929688,146.27999877929688,146.15499877929688,146.2100067138672,1539,0.0,0.0
2024-07-10 10:17:00-04:00,146.30999755859375,146.52999877929688,146.22500610351562,146.52999877929688,1815,0.0,0.0
2024-07-10 10:18:00-04:00,146.5800018310547,146.64999389648438,146.47500610351562,146.64999389648438,4516,0.0,0.0
2024-07-10 10:19:00-04:00,146.6490020751953,146.6490020751953,146.50999450683594,146.5449981689453,8945,0.0,0.0
2024-07-10 10:20:00-04:00,146.5800018310547,146.6300048828125,146.38999938964844,146.6300048828125,5303,0.0,0.0
2024-07-10 10:21:00-04:00,146.58999633789062,146.83999633789062,146.55999755859375,146.64999389648438,3201,0.0,0.0
2024-07-10 10:22:00-04:00,146.69000244140625,146.72999572753906,146.49000549316406,146.70660400390625,6310,0.0,0.0
2024-07-10 10:23:00-04:00,146.6999969482422,146.7899932861328,146.5800018310547,146.66000366210938,3007,0.0,0.0
2024-07-10 10:24:00-04:00,146.5800018310547,146.72999572753906,146.5749969482422,146.72999572753906,3727,0.0,0.0
2024-07-10 10:25:00-04:00,146.63499450683594,146.72000122070312,146.5,146.6999969482422,3319,0.0,0.0
2024-07-10 10:26:00-04:00,146.61000061035156,146.7100067138672,146.60000610351562,146.7100067138672,1486,0.0,0.0
2024-07-10 10:27:00-04:00,146.60000610351562,146.69000244140625,146.5,146.57000732421875,1624,0.0,0.0
2024-07-10 10:28:00-04:00,146.4499969482422,146.57000732421875,146.4199981689453,146.5,6953,0.0,0.0
2024-07-10 10:29:00-04:00,146.4949951171875,146.6199951171875,146.38999938964844,146.44500732421875,5466,0.0,0.0
2024-07-10 10:30:00-04:00,146.30999755859375,146.52999877929688,146.22999572753906,146.3249969482422,3712,0.0,0.0
2024-07-10 10:31:00-04:00,146.41000366210938,146.5279998779297,146.30999755859375,146.30999755859375,1553,0.0,0.0
2024-07-10 10:32:00-04:00,146.52000427246094,146.52000427246094,146.32139587402344,146.38999938964844,2657,0.0,0.0
2024-07-10 10:33:00-04:00,146.38999938964844,146.47999572753906,146.35000610351562,146.3699951171875,8892,0.0,0.0
2024-07-10 10:34:00-04:00,146.35000610351562,146.39999389648438,146.27999877929688,146.28500366210938,15649,0.0,0.0
2024-07-10 10:35:00-04:00,146.30999755859375,146.47000122070312,146.30999755859375,146.41000366210938,11018,0.0,0.0
2024-07-10 10:36:00-04:00,146.40499877929688,146.4600067138672,146.25999450683594,146.27000427246094,11454,0.0,0.0
2024-07-10 10:37:00-04:00,146.27999877929688,146.36000061035156,146.19000244140625,146.2050018310547,3644,0.0,0.0
2024-07-10 10:38:00-04:00,146.19000244140625,146.19000244140625,145.9199981689453,145.97000122070312,8757,0.0,0.0
2024-07-10 10:39:00-04:00,145.9499969482422,146.05999755859375,145.8699951171875,145.94000244140625,8485,0.0,0.0
2024-07-10 10:40:00-04:00,145.91000366210938,145.91000366210938,145.74000549316406,145.80499267578125,4146,0.0,0.0
2024-07-10 10:41:00-04:00,145.77000427246094,145.77000427246094,145.60000610351562,145.60000610351562,9326,0.0,0.0
2024-07-10 10:42:00-04:00,145.67999267578125,145.91000366210938,145.63999938964844,145.6649932861328,10044,0.0,0.0
2024-07-10 10:43:00-04:00,145.57000732421875,145.66000366210938,145.42999267578125,145.42999267578125,4382,0.0,0.0
2024-07-10 10:44:00-04:00,145.4199981689453,145.47999572753906,145.30999755859375,145.30999755859375,2692,0.0,0.0
2024-07-10 10:45:00-04:00,145.38999938964844,145.41000366210938,145.38999938964844,145.39999389648438,3043,0.0,0.0
2024-07-10 10:46:00-04:00,145.4199981689453,145.4199981689453,145.2899932861328,145.2899932861328,3148,0.0,0.0
2024-07-10 10:47:00-04:00,145.2899932861328,145.2899932861328,145.19900512695312,145.19900512695312,1660,0.0,0.0
2024-07-10 10:48:00-04:00,145.3800048828125,145.41000366210938,145.35000610351562,145.389404296875,48924,0.0,0.0
2024-07-10 10:49:00-04:00,145.35000610351562,145.4499969482422,145.22999572753906,145.25,18309,0.0,0.0
2024-07-10 10:50:00-04:00,145.27499389648438,145.34280395507812,145.17999267578125,145.17999267578125,4401,0.0,0.0
2024-07-10 10:51:00-04:00,145.14999389648438,145.14999389648438,144.9600067138672,144.9600067138672,7240,0.0,0.0
2024-07-10 10:52:00-04:00,144.9949951171875,145.1699981689453,144.92999267578125,145.1699981689453,6887,0.0,0.0
2024-07-10 10:53:00-04:00,145.0800018310547,145.1699981689453,145.0800018310547,145.1699981689453,1844,0.0,0.0
2024-07-10 10:54:00-04:00,145.1699981689453,145.22999572753906,145.08999633789062,145.10000610351562,4310,0.0,0.0
2024-07-10 10:55:00-04:00,145.19000244140625,145.49000549316406,145.1300048828125,145.47999572753906,4100,0.0,0.0
2024-07-10 10:56:00-04:00,145.40499877929688,145.5,145.40499877929688,145.42999267578125,2188,0.0,0.0
2024-07-10 10:57:00-04:00,145.38499450683594,145.38499450683594,145.2899932861328,145.3800048828125,4170,0.0,0.0
2024-07-10 10:58:00-04:00,145.30999755859375,145.34500122070312,145.2100067138672,145.3000030517578,8005,0.0,0.0
2024-07-10 10:59:00-04:00,145.3249969482422,145.4600067138672,145.1999969482422,145.34500122070312,2441,0.0,0.0
2024-07-10 11:00:00-04:00,145.30589294433594,145.57000732421875,145.3000030517578,145.39999389648438,6898,0.0,0.0
2024-07-10 11:01:00-04:00,145.44000244140625,145.4949951171875,145.42999267578125,145.44000244140625,667,0.0,0.0
2024-07-10 11:02:00-04:00,145.47999572753906,145.58999633789062,145.3699951171875,145.40499877929688,3962,0.0,0.0
2024-07-10 11:03:00-04:00,145.2100067138672,145.23500061035156,145.2100067138672,145.23500061035156,3119,0.0,0.0
2024-07-10 11:04:00-04:00,145.125,145.1999969482422,145.10000610351562,145.10000610351562,7346,0.0,0.0
2024-07-10 11:05:00-04:00,145.16000366210938,145.2100067138672,145.10000610351562,145.14999389648438,2693,0.0,0.0
2024-07-10 11:06:00-04:00,145.2100067138672,145.41000366210938,145.16000366210938,145.27000427246094,14973,0.0,0.0
2024-07-10 11:07:00-04:00,145.3300018310547,145.4199981689453,145.22999572753906,145.22999572753906,5914,0.0,0.0
2024-07-10 11:08:00-04:00,145.2100067138672,145.27000427246094,144.9499969482422,145.03750610351562,9455,0.0,0.0
2024-07-10 11:09:00-04:00,145.03109741210938,145.03500366210938,144.95010375976562,145.02999877929688,4140,0.0,0.0
2024-07-10 11:10:00-04:00,145.02499389648438,145.02999877929688,144.92999267578125,144.9499969482422,6094,0.0,0.0
2024-07-10 11:11:00-04:00,144.91000366210938,144.94000244140625,144.91000366210938,144.94000244140625,843,0.0,0.0
2024-07-10 11:12:00-04:00,144.8300018310547,144.83999633789062,144.75,144.75,13068,0.0,0.0
2024-07-10 11:13:00-04:00,144.78500366210938,144.82000732421875,144.7100067138672,144.7100067138672,3242,0.0,0.0
2024-07-10 11:14:00-04:00,144.72500610351562,144.83999633789062,144.67999267578125,144.76499938964844,6792,0.0,0.0
2024-07-10 11:15:00-04:00,144.77000427246094,144.92999267578125,144.77000427246094,144.88999938964844,9120,0.0,0.0
2024-07-10 11:16:00-04:00,144.9199981689453,145.25,144.9199981689453,145.16009521484375,5285,0.0,0.0
2024-07-10 11:17:00-04:00,145.272705078125,145.42999267578125,145.272705078125,145.39999389648438,5741,0.0,0.0
2024-07-10 11:18:00-04:00,145.47000122070312,145.47000122070312,145.27000427246094,145.30999755859375,4325,0.0,0.0
2024-07-10 11:19:00-04:00,145.30999755859375,145.3699951171875,145.24000549316406,145.30999755859375,2357,0.0,0.0
2024-07-10 11:20:00-04:00,145.30999755859375,145.40499877929688,145.30999755859375,145.40499877929688,3410,0.0,0.0
2024-07-10 11:21:00-04:00,145.42759704589844,145.42999267578125,145.0399932861328,145.05999755859375,6826,0.0,0.0
2024-07-10 11:22:00-04:00,145.05999755859375,145.05999755859375,145.05999755859375,145.05999755859375,1649,0.0,0.0
2024-07-10 11:23:00-04:00,145.13999938964844,145.19000244140625,145.05999755859375,145.15499877929688,5550,0.0,0.0
2024-07-10 11:24:00-04:00,145.22000122070312,145.22000122070312,145.15499877929688,145.15499877929688,823,0.0,0.0
2024-07-10 11:25:00-04:00,145.0800018310547,145.0800018310547,144.97999572753906,145.05999755859375,11908,0.0,0.0
2024-07-10 11:26:00-04:00,145.02000427246094,145.17999267578125,145.02000427246094,145.10000610351562,3118,0.0,0.0
2024-07-10 11:27:00-04:00,145.1300048828125,145.1699981689453,145.07000732421875,145.07000732421875,5194,0.0,0.0
2024-07-10 11:28:00-04:00,145.10000610351562,145.19000244140625,145.10000610351562,145.11000061035156,7008,0.0,0.0
2024-07-10 11:29:00-04:00,145.13999938964844,145.19000244140625,145.1199951171875,145.125,7856,0.0,0.0
2024-07-10 11:30:00-04:00,145.12750244140625,145.22000122070312,145.10000610351562,145.1750030517578,10867,0.0,0.0
2024-07-10 11:31:00-04:00,145.1750030517578,145.1750030517578,145.08999633789062,145.08999633789062,2312,0.0,0.0
2024-07-10 11:32:00-04:00,145.1699981689453,145.1699981689453,145.14999389648438,145.15499877929688,1685,0.0,0.0
2024-07-10 11:33:00-04:00,145.2100067138672,145.24000549316406,145.0399932861328,145.24000549316406,7551,0.0,0.0
2024-07-10 11:34:00-04:00,145.27999877929688,145.2899932861328,145.07000732421875,145.1300048828125,3086,0.0,0.0
2024-07-10 11:35:00-04:00,145.13999938964844,145.22000122070312,145.02000427246094,145.0500030517578,6419,0.0,0.0
2024-07-10 11:36:00-04:00,145.08999633789062,145.08999633789062,145.08250427246094,145.08999633789062,1306,0.0,0.0
2024-07-10 11:37:00-04:00,145.09500122070312,145.10499572753906,145.09500122070312,145.10499572753906,810,0.0,0.0
2024-07-10 11:38:00-04:00,145.13999938964844,145.13999938964844,144.99000549316406,145.0,2902,0.0,0.0
2024-07-10 11:39:00-04:00,145.00999450683594,145.07000732421875,144.97000122070312,145.0050048828125,2951,0.0,0.0
2024-07-10 11:40:00-04:00,145.0050048828125,145.0050048828125,145.0050048828125,145.0050048828125,663,0.0,0.0
2024-07-10 11:41:00-04:00,145.02999877929688,145.1199951171875,144.99429321289062,145.10000610351562,3330,0.0,0.0
2024-07-10 11:42:00-04:00,145.02999877929688,145.08999633789062,145.02000427246094,145.02000427246094,2106,0.0,0.0
2024-07-10 11:43:00-04:00,145.08999633789062,145.1199951171875,145.08999633789062,145.08999633789062,1197,0.0,0.0
2024-07-10 11:44:00-04:00,145.10000610351562,145.10000610351562,145.0,145.00999450683594,4983,0.0,0.0
2024-07-10 11:45:00-04:00,144.97000122070312,144.97000122070312,144.97000122070312,144.97000122070312,497,0.0,0.0
2024-07-10 11:46:00-04:00,144.97000122070312,144.97999572753906,144.94000244140625,144.97999572753906,2015,0.0,0.0
2024-07-10 11:47:00-04:00,144.92999267578125,145.02999877929688,144.91000366210938,144.99000549316406,5010,0.0,0.0
2024-07-10 11:48:00-04:00,144.9835968017578,145.07000732421875,144.85000610351562,144.9149932861328,4533,0.0,0.0
2024-07-10 11:49:00-04:00,144.83999633789062,144.92999267578125,144.82000732421875,144.8300018310547,8218,0.0,0.0
2024-07-10 11:50:00-04:00,144.8300018310547,144.839599609375,144.75,144.80999755859375,3426,0.0,0.0
2024-07-10 11:51:00-04:00,144.8000030517578,144.85000610351562,144.7200927734375,144.83999633789062,3623,0.0,0.0
2024-07-10 11:52:00-04:00,144.85000610351562,144.85000610351562,144.8000030517578,144.8249969482422,1735,0.0,0.0
2024-07-10 11:53:00-04:00,144.7899932861328,144.7899932861328,144.76499938964844,144.76499938964844,1853,0.0,0.0
2024-07-10 11:54:00-04:00,144.72000122070312,144.72999572753906,144.66749572753906,144.6999969482422,9753,0.0,0.0
2024-07-10 11:55:00-04:00,144.7899932861328,144.8800048828125,144.7899932861328,144.8800048828125,4240,0.0,0.0
2024-07-10 11:56:00-04:00,144.90499877929688,144.97000122070312,144.89999389648438,144.93499755859375,1191,0.0,0.0
2024-07-10 11:57:00-04:00,144.9499969482422,144.9499969482422,144.8000030517578,144.86000061035156,2935,0.0,0.0
2024-07-10 11:58:00-04:00,144.86090087890625,144.86090087890625,144.8542022705078,144.8542022705078,759,0.0,0.0
2024-07-10 11:59:00-04:00,144.8000030517578,144.82000732421875,144.72999572753906,144.74000549316406,3364,0.0,0.0
2024-07-10 12:00:00-04:00,144.72999572753906,144.76499938964844,144.72000122070312,144.75999450683594,2270,0.0,0.0
2024-07-10 12:01:00-04:00,144.8000030517578,144.8531951904297,144.75999450683594,144.81500244140625,2935,0.0,0.0
2024-07-10 12:02:00-04:00,144.86000061035156,144.94000244140625,144.86000061035156,144.94000244140625,1221,0.0,0.0
2024-07-10 12:03:00-04:00,144.88999938964844,144.88999938964844,144.88499450683594,144.88499450683594,1075,0.0,0.0
2024-07-10 12:04:00-04:00,144.8800048828125,144.8800048828125,144.8300018310547,144.8300018310547,1133,0.0,0.0
2024-07-10 12:05:00-04:00,144.86000061035156,144.86000061035156,144.66009521484375,144.69000244140625,6706,0.0,0.0
2024-07-10 12:06:00-04:00,144.6699981689453,144.7100067138672,144.5850067138672,144.61000061035156,7361,0.0,0.0
2024-07-10 12:07:00-04:00,144.6699981689453,144.72999572753906,144.61000061035156,144.69000244140625,2983,0.0,0.0
2024-07-10 12:08:00-04:00,144.7100067138672,144.77000427246094,144.7050018310547,144.77000427246094,1913,0.0,0.0
2024-07-10 12:09:00-04:00,144.75,144.8300018310547,144.7050018310547,144.8300018310547,4562,0.0,0.0
2024-07-10 12:10:00-04:00,144.89999389648438,145.05999755859375,144.88999938964844,145.00999450683594,4661,0.0,0.0
2024-07-10 12:11:00-04:00,145.0050048828125,145.10000610351562,144.9600067138672,145.0800018310547,2531,0.0,0.0
2024-07-10 12:12:00-04:00,145.04299926757812,145.30499267578125,145.04299926757812,145.14999389648438,8762,0.0,0.0
2024-07-10 12:13:00-04:00,145.14999389648438,145.24000549316406,145.09010314941406,145.1750030517578,1539,0.0,0.0
2024-07-10 12:14:00-04:00,145.1699981689453,145.2100067138672,145.1649932861328,145.18499755859375,1774,0.0,0.0
2024-07-10 12:15:00-04:00,145.20010375976562,145.24000549316406,145.17999267578125,145.17999267578125,915,0.0,0.0
2024-07-10 12:16:00-04:00,145.24000549316406,145.36000061035156,145.1199951171875,145.36000061035156,28257,0.0,0.0
2024-07-10 12:17:00-04:00,145.30499267578125,145.3699951171875,145.10000610351562,145.32000732421875,5731,0.0,0.0
2024-07-10 12:18:00-04:00,145.3699951171875,145.53500366210938,145.3000030517578,145.4499969482422,7626,0.0,0.0
2024-07-10 12:19:00-04:00,145.47000122070312,145.47000122070312,145.3000030517578,145.38999938964844,2819,0.0,0.0
2024-07-10 12:20:00-04:00,145.36000061035156,145.42999267578125,145.30999755859375,145.35000610351562,4993,0.0,0.0
2024-07-10 12:21:00-04:00,145.34500122070312,145.3800048828125,145.3000030517578,145.35499572753906,3837,0.0,0.0
2024-07-10 12:23:00-04:00,145.2899932861328,145.3699951171875,145.25010681152344,145.3699951171875,3980,0.0,0.0
2024-07-10 12:24:00-04:00,145.39999389648438,145.6699981689453,145.25999450683594,145.64999389648438,6068,0.0,0.0
2024-07-10 12:25:00-04:00,145.66000366210938,145.82000732421875,145.66000366210938,145.73500061035156,7629,0.0,0.0
2024-07-10 12:26:00-04:00,145.7449951171875,145.8000030517578,145.74000549316406,145.8000030517578,1668,0.0,0.0
2024-07-10 12:27:00-04:00,145.74000549316406,145.80999755859375,145.6800994873047,145.77499389648438,2491,0.0,0.0
2024-07-10 12:28:00-04:00,145.77999877929688,145.9149932861328,145.75,145.85000610351562,7883,0.0,0.0
2024-07-10 12:29:00-04:00,145.83999633789062,145.88999938964844,145.71499633789062,145.71499633789062,1652,0.0,0.0
2024-07-10 12:30:00-04:00,145.74000549316406,145.92999267578125,145.74000549316406,145.91270446777344,12135,0.0,0.0
2024-07-10 12:31:00-04:00,145.9149932861328,145.9199981689453,145.84010314941406,145.89500427246094,2942,0.0,0.0
2024-07-10 12:32:00-04:00,145.83999633789062,145.92999267578125,145.75999450683594,145.92999267578125,4831,0.0,0.0
2024-07-10 12:33:00-04:00,145.94900512695312,145.94900512695312,145.8000030517578,145.8000030517578,3100,0.0,0.0
2024-07-10 12:34:00-04:00,145.80999755859375,145.85450744628906,145.8000030517578,145.85450744628906,1578,0.0,0.0
2024-07-10 12:35:00-04:00,145.75,145.8000030517578,145.74000549316406,145.7449951171875,1957,0.0,0.0
2024-07-10 12:36:00-04:00,145.69000244140625,145.73989868164062,145.6300048828125,145.65499877929688,3105,0.0,0.0
2024-07-10 12:37:00-04:00,145.59959411621094,145.60000610351562,145.5,145.5500030517578,3560,0.0,0.0
2024-07-10 12:38:00-04:00,145.47999572753906,145.58990478515625,145.4600067138672,145.4600067138672,1204,0.0,0.0
2024-07-10 12:39:00-04:00,145.5218963623047,145.5500030517578,145.48049926757812,145.49000549316406,1316,0.0,0.0
2024-07-10 12:40:00-04:00,145.52999877929688,145.5500030517578,145.52499389648438,145.52499389648438,1768,0.0,0.0
2024-07-10 12:41:00-04:00,145.51499938964844,145.6999969482422,145.47000122070312,145.69500732421875,7514,0.0,0.0
2024-07-10 12:42:00-04:00,145.74989318847656,145.74989318847656,145.60189819335938,145.625,2849,0.0,0.0
2024-07-10 12:43:00-04:00,145.5800018310547,145.58999633789062,145.52000427246094,145.58999633789062,5252,0.0,0.0
2024-07-10 12:44:00-04:00,145.5399932861328,145.56500244140625,145.5399932861328,145.55999755859375,1400,0.0,0.0
2024-07-10 12:45:00-04:00,145.75,145.75999450683594,145.7100067138672,145.7550048828125,2073,0.0,0.0
2024-07-10 12:46:00-04:00,145.7550048828125,145.7550048828125,145.7550048828125,145.7550048828125,1151,0.0,0.0
2024-07-10 12:47:00-04:00,145.76499938964844,145.83999633789062,145.74000549316406,145.83999633789062,1782,0.0,0.0
2024-07-10 12:48:00-04:00,145.83999633789062,145.9199981689453,145.69000244140625,145.69000244140625,5589,0.0,0.0
2024-07-10 12:49:00-04:00,145.6199951171875,145.6199951171875,145.60000610351562,145.61000061035156,2026,0.0,0.0
2024-07-10 12:50:00-04:00,145.60499572753906,145.60499572753906,145.52000427246094,145.52999877929688,3851,0.0,0.0
2024-07-10 12:51:00-04:00,145.50999450683594,145.5749969482422,145.42999267578125,145.52499389648438,7059,0.0,0.0
2024-07-10 12:52:00-04:00,145.50999450683594,145.52499389648438,145.4499969482422,145.4499969482422,1921,0.0,0.0
2024-07-10 12:53:00-04:00,145.49000549316406,145.49000549316406,145.38009643554688,145.38009643554688,2236,0.0,0.0
2024-07-10 12:54:00-04:00,145.47500610351562,145.47500610351562,145.47000122070312,145.47000122070312,929,0.0,0.0
2024-07-10 12:55:00-04:00,145.47999572753906,145.4949951171875,145.47999572753906,145.47999572753906,1845,0.0,0.0
2024-07-10 12:56:00-04:00,145.47999572753906,145.47999572753906,145.47999572753906,145.47999572753906,569,0.0,0.0
2024-07-10 12:57:00-04:00,145.47999572753906,145.47999572753906,145.44000244140625,145.47999572753906,1361,0.0,0.0
2024-07-10 12:58:00-04:00,145.47999572753906,145.47999572753906,145.41000366210938,145.47500610351562,3723,0.0,0.0
2024-07-10 12:59:00-04:00,145.52000427246094,145.5489959716797,145.48500061035156,145.48500061035156,2028,0.0,0.0
2024-07-10 13:00:00-04:00,145.47999572753906,145.6199951171875,145.4199981689453,145.47000122070312,21632,0.0,0.0
2024-07-10 13:01:00-04:00,145.47000122070312,145.47999572753906,145.44000244140625,145.47000122070312,2623,0.0,0.0
2024-07-10 13:02:00-04:00,145.5,145.52999877929688,145.5,145.52999877929688,1499,0.0,0.0
2024-07-10 13:03:00-04:00,145.52999877929688,145.57000732421875,145.4600067138672,145.47000122070312,3745,0.0,0.0
2024-07-10 13:04:00-04:00,145.52000427246094,145.55999755859375,145.4604949951172,145.51220703125,2325,0.0,0.0
2024-07-10 13:05:00-04:00,145.47000122070312,145.47999572753906,145.41000366210938,145.47000122070312,9507,0.0,0.0
2024-07-10 13:06:00-04:00,145.47000122070312,145.47000122070312,145.3699951171875,145.4550018310547,5843,0.0,0.0
2024-07-10 13:07:00-04:00,145.4550018310547,145.48080444335938,145.4199981689453,145.44500732421875,2804,0.0,0.0
2024-07-10 13:08:00-04:00,145.44500732421875,145.47900390625,145.44500732421875,145.47900390625,1512,0.0,0.0
2024-07-10 13:09:00-04:00,145.5,145.5399932861328,145.3699951171875,145.40989685058594,4547,0.0,0.0
2024-07-10 13:10:00-04:00,145.3699951171875,145.3699951171875,145.3699951171875,145.3699951171875,1147,0.0,0.0
2024-07-10 13:11:00-04:00,145.3699951171875,145.3699951171875,145.30999755859375,145.32839965820312,2903,0.0,0.0
2024-07-10 13:12:00-04:00,145.33999633789062,145.41000366210938,145.2899932861328,145.41000366210938,1404,0.0,0.0
2024-07-10 13:13:00-04:00,145.33999633789062,145.33999633789062,145.17999267578125,145.22999572753906,1888,0.0,0.0
2024-07-10 13:14:00-04:00,145.17010498046875,145.27000427246094,145.17010498046875,145.23500061035156,2183,0.0,0.0
2024-07-10 13:15:00-04:00,145.2899932861328,145.3699951171875,145.2899932861328,145.33999633789062,3667,0.0,0.0
2024-07-10 13:16:00-04:00,145.39999389648438,145.44500732421875,145.3800048828125,145.44500732421875,1296,0.0,0.0
2024-07-10 13:17:00-04:00,145.3699951171875,145.42999267578125,145.36000061035156,145.36000061035156,1797,0.0,0.0
2024-07-10 13:18:00-04:00,145.3699951171875,145.375,145.35499572753906,145.375,2567,0.0,0.0
2024-07-10 13:19:00-04:00,145.35499572753906,145.35499572753906,145.22999572753906,145.22999572753906,1947,0.0,0.0
2024-07-10 13:20:00-04:00,145.19000244140625,145.19500732421875,145.19000244140625,145.19500732421875,732,0.0,0.0
2024-07-10 13:21:00-04:00,145.1649932861328,145.1649932861328,144.9499969482422,145.0800018310547,10615,0.0,0.0
2024-07-10 13:22:00-04:00,145.1699981689453,145.17999267578125,145.08999633789062,145.17999267578125,1565,0.0,0.0
2024-07-10 13:23:00-04:00,145.14219665527344,145.14219665527344,145.0800018310547,145.0800018310547,2320,0.0,0.0
2024-07-10 13:24:00-04:00,145.0399932861328,145.05499267578125,145.00999450683594,145.00999450683594,2684,0.0,0.0
2024-07-10 13:25:00-04:00,144.97000122070312,145.0500030517578,144.89999389648438,144.9600067138672,3181,0.0,0.0
2024-07-10 13:26:00-04:00,144.97000122070312,145.02000427246094,144.9302978515625,144.9600067138672,3066,0.0,0.0
2024-07-10 13:27:00-04:00,145.0491943359375,145.0491943359375,144.8699951171875,144.8699951171875,6308,0.0,0.0
2024-07-10 13:28:00-04:00,144.85499572753906,144.85499572753906,144.77000427246094,144.77000427246094,2388,0.0,0.0
2024-07-10 13:29:00-04:00,144.75,144.75999450683594,144.75,144.75289916992188,1677,0.0,0.0
2024-07-10 13:30:00-04:00,144.7899932861328,144.7899932861328,144.75,144.75,2770,0.0,0.0
2024-07-10 13:31:00-04:00,144.77000427246094,144.77000427246094,144.75,144.77000427246094,2664,0.0,0.0
2024-07-10 13:32:00-04:00,144.75,144.75,144.74000549316406,144.74000549316406,1056,0.0,0.0
2024-07-10 13:33:00-04:00,144.77499389648438,144.77999877929688,144.63999938964844,144.63999938964844,4589,0.0,0.0
2024-07-10 13:34:00-04:00,144.63999938964844,144.68350219726562,144.61500549316406,144.61500549316406,1712,0.0,0.0
2024-07-10 13:35:00-04:00,144.64999389648438,144.64999389648438,144.53750610351562,144.5637969970703,4227,0.0,0.0
2024-07-10 13:36:00-04:00,144.58999633789062,144.58999633789062,144.50999450683594,144.5500030517578,6980,0.0,0.0
2024-07-10 13:37:00-04:00,144.5500030517578,144.5500030517578,144.39999389648438,144.39999389648438,4644,0.0,0.0
2024-07-10 13:38:00-04:00,144.4600067138672,144.5399932861328,144.4600067138672,144.52999877929688,3392,0.0,0.0
2024-07-10 13:39:00-04:00,144.52999877929688,144.5500030517578,144.42999267578125,144.42999267578125,3026,0.0,0.0
2024-07-10 13:40:00-04:00,144.4199981689453,144.4199981689453,144.27999877929688,144.33999633789062,3830,0.0,0.0
2024-07-10 13:41:00-04:00,144.34500122070312,144.38999938964844,144.32000732421875,144.32000732421875,1962,0.0,0.0
2024-07-10 13:42:00-04:00,144.36000061035156,144.3800048828125,144.31500244140625,144.31500244140625,2198,0.0,0.0
2024-07-10 13:43:00-04:00,144.2899932861328,144.3000030517578,144.25,144.26890563964844,5000,0.0,0.0
2024-07-10 13:44:00-04:00,144.30999755859375,144.32000732421875,144.27000427246094,144.2707977294922,1758,0.0,0.0
2024-07-10 13:45:00-04:00,144.27000427246094,144.32000732421875,144.22999572753906,144.30999755859375,8278,0.0,0.0
2024-07-10 13:46:00-04:00,144.3300018310547,144.33399963378906,144.27000427246094,144.3300018310547,7289,0.0,0.0
2024-07-10 13:47:00-04:00,144.3300018310547,144.36000061035156,144.3300018310547,144.34500122070312,1816,0.0,0.0
2024-07-10 13:48:00-04:00,144.3699951171875,144.3699951171875,144.30999755859375,144.30999755859375,1870,0.0,0.0
2024-07-10 13:49:00-04:00,144.3249969482422,144.38999938964844,144.3249969482422,144.36000061035156,2050,0.0,0.0
2024-07-10 13:50:00-04:00,144.30999755859375,144.35440063476562,144.27049255371094,144.32000732421875,5110,0.0,0.0
2024-07-10 13:51:00-04:00,144.35000610351562,144.41000366210938,144.32000732421875,144.41000366210938,1935,0.0,0.0
2024-07-10 13:52:00-04:00,144.39999389648438,144.39999389648438,144.3300018310547,144.3300018310547,2559,0.0,0.0
2024-07-10 13:53:00-04:00,144.3300018310547,144.3699951171875,144.3300018310547,144.3699951171875,2098,0.0,0.0
2024-07-10 13:54:00-04:00,144.3699951171875,144.47000122070312,144.35000610351562,144.43499755859375,3946,0.0,0.0
2024-07-10 13:55:00-04:00,144.42999267578125,144.55999755859375,144.39999389648438,144.50999450683594,5215,0.0,0.0
2024-07-10 13:56:00-04:00,144.52000427246094,144.55999755859375,144.47000122070312,144.5,3634,0.0,0.0
2024-07-10 13:57:00-04:00,144.5050048828125,144.52999877929688,144.4761962890625,144.48500061035156,3962,0.0,0.0
2024-07-10 13:58:00-04:00,144.4600067138672,144.55999755859375,144.4499969482422,144.55999755859375,2719,0.0,0.0
2024-07-10 13:59:00-04:00,144.5800018310547,144.61000061035156,144.5449981689453,144.58999633789062,2276,0.0,0.0
2024-07-10 14:00:00-04:00,144.5749969482422,144.5749969482422,144.4600067138672,144.47000122070312,4120,0.0,0.0
2024-07-10 14:01:00-04:00,144.47999572753906,144.52499389648438,144.47999572753906,144.50999450683594,1412,0.0,0.0
2024-07-10 14:02:00-04:00,144.57000732421875,144.6999969482422,144.55999755859375,144.64999389648438,13136,0.0,0.0
2024-07-10 14:03:00-04:00,144.6699981689453,144.73880004882812,144.6699981689453,144.73880004882812,2046,0.0,0.0
2024-07-10 14:04:00-04:00,144.67999267578125,144.69000244140625,144.47999572753906,144.47999572753906,3980,0.0,0.0
2024-07-10 14:05:00-04:00,144.47000122070312,144.47000122070312,144.3699951171875,144.38499450683594,3186,0.0,0.0
2024-07-10 14:06:00-04:00,144.35499572753906,144.38999938964844,144.3155059814453,144.3155059814453,2791,0.0,0.0
2024-07-10 14:07:00-04:00,144.35000610351562,144.38999938964844,144.33999633789062,144.3800048828125,2142,0.0,0.0
2024-07-10 14:08:00-04:00,144.38999938964844,144.38999938964844,144.3300018310547,144.33999633789062,2468,0.0,0.0
2024-07-10 14:09:00-04:00,144.32000732421875,144.36000061035156,144.32000732421875,144.34500122070312,2813,0.0,0.0
2024-07-10 14:10:00-04:00,144.33999633789062,144.3800048828125,144.3000030517578,144.3800048828125,2641,0.0,0.0
2024-07-10 14:11:00-04:00,144.3699951171875,144.4199981689453,144.34010314941406,144.34010314941406,2035,0.0,0.0
2024-07-10 14:12:00-04:00,144.33999633789062,144.35000610351562,144.27999877929688,144.3300018310547,3475,0.0,0.0
2024-07-10 14:13:00-04:00,144.33999633789062,144.33999633789062,144.3000030517578,144.31500244140625,2971,0.0,0.0
2024-07-10 14:14:00-04:00,144.3300018310547,144.4600067138672,144.3000030517578,144.4600067138672,8372,0.0,0.0
2024-07-10 14:15:00-04:00,144.49000549316406,144.52000427246094,144.3699951171875,144.40499877929688,3796,0.0,0.0
2024-07-10 14:16:00-04:00,144.3699951171875,144.39999389648438,144.36500549316406,144.36500549316406,1653,0.0,0.0
2024-07-10 14:17:00-04:00,144.35000610351562,144.38999938964844,144.27999877929688,144.34500122070312,4859,0.0,0.0
2024-07-10 14:18:00-04:00,144.3300018310547,144.3300018310547,144.3300018310547,144.3300018310547,1605,0.0,0.0
2024-07-10 14:19:00-04:00,144.34669494628906,144.34669494628906,144.25999450683594,144.25999450683594,2234,0.0,0.0
2024-07-10 14:20:00-04:00,144.25,144.3300018310547,144.25,144.3300018310547,2786,0.0,0.0
2024-07-10 14:21:00-04:00,144.25999450683594,144.25999450683594,144.19000244140625,144.24000549316406,5289,0.0,0.0
2024-07-10 14:22:00-04:00,144.3000030517578,144.33999633789062,144.3000030517578,144.3300018310547,2040,0.0,0.0
2024-07-10 14:23:00-04:00,144.35000610351562,144.4499053955078,144.35000610351562,144.4499053955078,4970,0.0,0.0
2024-07-10 14:24:00-04:00,144.39999389648438,144.39999389648438,144.35000610351562,144.35000610351562,1485,0.0,0.0
2024-07-10 14:25:00-04:00,144.3800048828125,144.44000244140625,144.35000610351562,144.36830139160156,14055,0.0,0.0
2024-07-10 14:26:00-04:00,144.38999938964844,144.41000366210938,144.35000610351562,144.35000610351562,1458,0.0,0.0
2024-07-10 14:27:00-04:00,144.368896484375,144.44000244140625,144.368896484375,144.3874969482422,2469,0.0,0.0
2024-07-10 14:28:00-04:00,144.3300018310547,144.33999633789062,144.0800018310547,144.1999969482422,7501,0.0,0.0
2024-07-10 14:29:00-04:00,144.2100067138672,144.25,144.14120483398438,144.25,1585,0.0,0.0
2024-07-10 14:30:00-04:00,144.1699981689453,144.1999969482422,144.1300048828125,144.1999969482422,3295,0.0,0.0
2024-07-10 14:31:00-04:00,144.22500610351562,144.27000427246094,144.17779541015625,144.21499633789062,2215,0.0,0.0
2024-07-10 14:32:00-04:00,144.1999969482422,144.27000427246094,144.1750030517578,144.26499938964844,2633,0.0,0.0
2024-07-10 14:33:00-04:00,144.2100067138672,144.27000427246094,144.18089294433594,144.18089294433594,2645,0.0,0.0
2024-07-10 14:34:00-04:00,144.21499633789062,144.25,144.21499633789062,144.22999572753906,2934,0.0,0.0
2024-07-10 14:35:00-04:00,144.27000427246094,144.3699951171875,144.27000427246094,144.3300018310547,4322,0.0,0.0
2024-07-10 14:36:00-04:00,144.2899932861328,144.33999633789062,144.2899932861328,144.3350067138672,1946,0.0,0.0
2024-07-10 14:37:00-04:00,144.3699951171875,144.38999938964844,144.32000732421875,144.32000732421875,2929,0.0,0.0
2024-07-10 14:38:00-04:00,144.34500122070312,144.37869262695312,144.3000030517578,144.3000030517578,2021,0.0,0.0
2024-07-10 14:39:00-04:00,144.3000030517578,144.30999755859375,144.25999450683594,144.3000030517578,2817,0.0,0.0
2024-07-10 14:40:00-04:00,144.25999450683594,144.27000427246094,144.21099853515625,144.22000122070312,1617,0.0,0.0
2024-07-10 14:41:00-04:00,144.27000427246094,144.27000427246094,144.22999572753906,144.22999572753906,1457,0.0,0.0
2024-07-10 14:42:00-04:00,144.25999450683594,144.35000610351562,144.25,144.27999877929688,6174,0.0,0.0
2024-07-10 14:43:00-04:00,144.32000732421875,144.32000732421875,144.27999877929688,144.3126983642578,1772,0.0,0.0
2024-07-10 14:44:00-04:00,144.31500244140625,144.33999633789062,144.25,144.25,1774,0.0,0.0
2024-07-10 14:45:00-04:00,144.26499938964844,144.30999755859375,144.22999572753906,144.2949981689453,1739,0.0,0.0
2024-07-10 14:46:00-04:00,144.3000030517578,144.49000549316406,144.2899932861328,144.49000549316406,4458,0.0,0.0
2024-07-10 14:48:00-04:00,144.60499572753906,144.6999969482422,144.60499572753906,144.65499877929688,7769,0.0,0.0
2024-07-10 14:49:00-04:00,144.61000061035156,144.61000061035156,144.42999267578125,144.42999267578125,6374,0.0,0.0
2024-07-10 14:50:00-04:00,144.47500610351562,144.5399932861328,144.4499969482422,144.4499969482422,2432,0.0,0.0
2024-07-10 14:51:00-04:00,144.5,144.5,144.4499969482422,144.4499969482422,2070,0.0,0.0
2024-07-10 14:52:00-04:00,144.4550018310547,144.4550018310547,144.4550018310547,144.4550018310547,190,0.0,0.0
2024-07-10 14:53:00-04:00,144.4550018310547,144.4550018310547,144.35000610351562,144.39999389648438,2329,0.0,0.0
2024-07-10 14:54:00-04:00,144.35000610351562,144.39500427246094,144.35000610351562,144.38209533691406,1110,0.0,0.0
2024-07-10 14:55:00-04:00,144.33999633789062,144.4600067138672,144.3300018310547,144.4250030517578,2830,0.0,0.0
2024-07-10 14:56:00-04:00,144.4324951171875,144.47999572753906,144.3300018310547,144.41000366210938,3032,0.0,0.0
2024-07-10 14:57:00-04:00,144.38999938964844,144.38999938964844,144.2550048828125,144.2899932861328,4709,0.0,0.0
2024-07-10 14:58:00-04:00,144.36000061035156,144.36000061035156,144.25,144.2899932861328,7047,0.0,0.0
2024-07-10 14:59:00-04:00,144.33999633789062,144.4219970703125,144.27000427246094,144.39500427246094,5572,0.0,0.0
2024-07-10 15:00:00-04:00,144.33999633789062,144.33999633789062,144.2100067138672,144.25,4021,0.0,0.0
2024-07-10 15:02:00-04:00,144.25,144.47999572753906,144.25,144.47999572753906,4804,0.0,0.0
2024-07-10 15:03:00-04:00,144.47999572753906,144.57000732421875,144.47999572753906,144.52999877929688,2316,0.0,0.0
2024-07-10 15:04:00-04:00,144.52999877929688,144.55999755859375,144.5,144.55999755859375,6541,0.0,0.0
2024-07-10 15:05:00-04:00,144.47999572753906,144.47999572753906,144.3800048828125,144.42349243164062,3996,0.0,0.0
2024-07-10 15:06:00-04:00,144.44000244140625,144.5,144.44000244140625,144.5,1170,0.0,0.0
2024-07-10 15:07:00-04:00,144.44500732421875,144.52499389648438,144.44500732421875,144.52499389648438,3992,0.0,0.0
2024-07-10 15:08:00-04:00,144.5467987060547,144.5467987060547,144.47000122070312,144.49000549316406,3082,0.0,0.0
2024-07-10 15:09:00-04:00,144.47999572753906,144.49000549316406,144.39999389648438,144.4199981689453,2415,0.0,0.0
2024-07-10 15:10:00-04:00,144.38999938964844,144.4600067138672,144.33999633789062,144.4300994873047,7178,0.0,0.0
2024-07-10 15:11:00-04:00,144.46580505371094,144.6092071533203,144.46580505371094,144.6092071533203,3508,0.0,0.0
2024-07-10 15:12:00-04:00,144.61000061035156,144.63999938964844,144.58999633789062,144.58999633789062,3153,0.0,0.0
2024-07-10 15:13:00-04:00,144.6300048828125,144.6300048828125,144.5800018310547,144.6042022705078,4203,0.0,0.0
2024-07-10 15:14:00-04:00,144.61000061035156,144.7050018310547,144.52999877929688,144.56500244140625,34791,0.0,0.0
2024-07-10 15:15:00-04:00,144.52000427246094,144.52000427246094,144.44000244140625,144.44500732421875,3607,0.0,0.0
2024-07-10 15:16:00-04:00,144.38999938964844,144.5,144.3699951171875,144.49000549316406,4762,0.0,0.0
2024-07-10 15:17:00-04:00,144.49000549316406,144.52999877929688,144.4499969482422,144.4499969482422,3665,0.0,0.0
2024-07-10 15:18:00-04:00,144.42999267578125,144.47999572753906,144.42999267578125,144.47000122070312,3331,0.0,0.0
2024-07-10 15:19:00-04:00,144.47000122070312,144.52000427246094,144.44000244140625,144.46499633789062,4393,0.0,0.0
2024-07-10 15:20:00-04:00,144.49989318847656,144.5,144.4510040283203,144.47000122070312,3204,0.0,0.0
2024-07-10 15:21:00-04:00,144.42999267578125,144.44000244140625,144.38999938964844,144.4199981689453,5904,0.0,0.0
2024-07-10 15:22:00-04:00,144.4499969482422,144.46530151367188,144.36000061035156,144.38999938964844,8242,0.0,0.0
2024-07-10 15:23:00-04:00,144.35000610351562,144.375,144.2899932861328,144.3000030517578,2638,0.0,0.0
2024-07-10 15:24:00-04:00,144.32000732421875,144.32000732421875,144.25,144.3000030517578,6767,0.0,0.0
2024-07-10 15:25:00-04:00,144.3000030517578,144.36000061035156,144.27499389648438,144.36000061035156,5333,0.0,0.0
2024-07-10 15:26:00-04:00,144.3350067138672,144.38999938964844,144.3300018310547,144.38999938964844,8656,0.0,0.0
2024-07-10 15:27:00-04:00,144.38999938964844,144.38999938964844,144.2899932861328,144.2899932861328,4289,0.0,0.0
2024-07-10 15:28:00-04:00,144.27999877929688,144.3300018310547,144.27000427246094,144.3300018310547,5234,0.0,0.0
2024-07-10 15:29:00-04:00,144.3300018310547,144.35000610351562,144.19000244140625,144.2050018310547,16167,0.0,0.0
2024-07-10 15:30:00-04:00,144.22000122070312,144.4199981689453,144.19000244140625,144.4154052734375,11075,0.0,0.0
2024-07-10 15:31:00-04:00,144.44000244140625,144.44000244140625,144.36000061035156,144.3699951171875,4376,0.0,0.0
2024-07-10 15:32:00-04:00,144.3800048828125,144.42999267578125,144.30999755859375,144.3300018310547,7080,0.0,0.0
2024-07-10 15:33:00-04:00,144.32000732421875,144.3699951171875,144.32000732421875,144.36500549316406,5347,0.0,0.0
2024-07-10 15:34:00-04:00,144.35000610351562,144.3625030517578,144.3000030517578,144.34959411621094,5294,0.0,0.0
2024-07-10 15:35:00-04:00,144.3300018310547,144.3300018310547,144.1750030517578,144.22500610351562,12652,0.0,0.0
2024-07-10 15:36:00-04:00,144.1999969482422,144.22000122070312,144.17999267578125,144.17999267578125,5326,0.0,0.0
2024-07-10 15:37:00-04:00,144.1999969482422,144.27000427246094,144.17999267578125,144.26499938964844,6564,0.0,0.0
2024-07-10 15:38:00-04:00,144.2899932861328,144.2899932861328,144.2050018310547,144.2050018310547,5563,0.0,0.0
2024-07-10 15:39:00-04:00,144.23080444335938,144.23080444335938,144.1199951171875,144.1300048828125,10984,0.0,0.0
2024-07-10 15:40:00-04:00,144.1300048828125,144.13980102539062,144.0800018310547,144.11000061035156,8596,0.0,0.0
2024-07-10 15:41:00-04:00,144.11000061035156,144.22999572753906,144.08999633789062,144.11000061035156,13195,0.0,0.0
2024-07-10 15:42:00-04:00,144.1199951171875,144.14999389648438,144.1199951171875,144.13999938964844,6644,0.0,0.0
2024-07-10 15:43:00-04:00,144.1199951171875,144.1999969482422,144.1199951171875,144.1699981689453,9516,0.0,0.0
2024-07-10 15:44:00-04:00,144.16000366210938,144.16189575195312,144.1199951171875,144.1302947998047,8796,0.0,0.0
2024-07-10 15:45:00-04:00,144.1300048828125,144.2550048828125,144.1300048828125,144.23500061035156,12526,0.0,0.0
2024-07-10 15:46:00-04:00,144.24000549316406,144.25,144.1999969482422,144.1999969482422,7585,0.0,0.0
2024-07-10 15:47:00-04:00,144.2050018310547,144.25,144.17999267578125,144.18499755859375,8501,0.0,0.0
2024-07-10 15:48:00-04:00,144.19000244140625,144.41000366210938,144.18499755859375,144.3699951171875,18255,0.0,0.0
2024-07-10 15:49:00-04:00,144.38999938964844,144.38999938964844,144.30499267578125,144.36000061035156,12383,0.0,0.0
2024-07-10 15:50:00-04:00,144.3699951171875,144.5,144.36000061035156,144.44000244140625,17230,0.0,0.0
2024-07-10 15:51:00-04:00,144.44000244140625,144.5449981689453,144.41000366210938,144.42999267578125,24288,0.0,0.0
2024-07-10 15:52:00-04:00,144.4499969482422,144.67999267578125,144.4499969482422,144.64500427246094,13837,0.0,0.0
2024-07-10 15:53:00-04:00,144.64500427246094,144.67999267578125,144.6300048828125,144.64500427246094,14104,0.0,0.0
2024-07-10 15:54:00-04:00,144.66000366210938,144.67999267578125,144.55499267578125,144.57000732421875,26351,0.0,0.0
2024-07-10 15:55:00-04:00,144.60000610351562,144.8300018310547,144.60000610351562,144.82000732421875,22728,0.0,0.0
2024-07-10 15:56:00-04:00,144.8249969482422,144.83999633789062,144.7100067138672,144.72999572753906,28694,0.0,0.0
2024-07-10 15:57:00-04:00,144.72999572753906,145.11000061035156,144.72999572753906,145.02999877929688,59808,0.0,0.0
2024-07-10 15:58:00-04:00,145.02000427246094,145.05999755859375,144.86000061035156,144.94000244140625,49992,0.0,0.0
2024-07-10 15:59:00-04:00,144.92999267578125,145.08999633789062,144.83999633789062,144.89999389648438,85498,0.0,0.0
2024-07-11 09:30:00-04:00,144.35000610351562,144.48500061035156,144.16009521484375,144.4600067138672,43832,0.0,0.0
2024-07-11 09:31:00-04:00,144.4949951171875,144.60499572753906,144.27999877929688,144.40499877929688,2682,0.0,0.0
2024-07-11 09:32:00-04:00,144.38499450683594,144.49000549316406,143.92849731445312,144.4499969482422,9644,0.0,0.0
2024-07-11 09:33:00-04:00,144.4499969482422,144.5850067138672,143.60000610351562,143.8300018310547,15947,0.0,0.0
2024-07-11 09:34:00-04:00,143.72999572753906,143.77999877929688,143.5399932861328,143.75,18192,0.0,0.0
2024-07-11 09:35:00-04:00,143.89999389648438,144.4199981689453,143.77999877929688,143.97000122070312,14204,0.0,0.0
2024-07-11 09:36:00-04:00,143.90499877929688,144.14999389648438,143.90499877929688,144.14500427246094,8140,0.0,0.0
2024-07-11 09:37:00-04:00,144.33999633789062,144.77000427246094,144.3350067138672,144.77000427246094,15030,0.0,0.0
2024-07-11 09:38:00-04:00,144.77999877929688,144.94000244140625,144.5399932861328,144.58999633789062,6941,0.0,0.0
2024-07-11 09:39:00-04:00,144.61500549316406,144.6300048828125,144.4499969482422,144.6300048828125,1901,0.0,0.0
2024-07-11 09:40:00-04:00,144.77999877929688,145.22470092773438,144.6300048828125,145.22470092773438,6920,0.0,0.0
2024-07-11 09:41:00-04:00,145.38999938964844,145.38999938964844,144.88999938964844,145.11000061035156,8487,0.0,0.0
2024-07-11 09:42:00-04:00,145.14999389648438,145.36000061035156,145.07000732421875,145.1999969482422,2911,0.0,0.0
2024-07-11 09:43:00-04:00,145.3800048828125,145.3800048828125,145.07000732421875,145.1649932861328,4433,0.0,0.0
2024-07-11 09:44:00-04:00,145.0500030517578,145.32000732421875,145.02999877929688,145.32000732421875,9480,0.0,0.0
2024-07-11 09:45:00-04:00,145.3000030517578,145.30999755859375,145.1300048828125,145.2050018310547,2219,0.0,0.0
2024-07-11 09:46:00-04:00,145.11000061035156,145.22000122070312,144.80999755859375,144.94000244140625,3405,0.0,0.0
2024-07-11 09:47:00-04:00,144.89999389648438,145.16000366210938,144.7550048828125,145.04530334472656,10073,0.0,0.0
2024-07-11 09:48:00-04:00,145.05499267578125,145.05499267578125,144.92999267578125,144.92999267578125,1682,0.0,0.0
2024-07-11 09:49:00-04:00,145.16000366210938,145.17999267578125,145.13999938964844,145.1699981689453,2962,0.0,0.0
2024-07-11 09:50:00-04:00,145.1300048828125,145.24000549316406,145.1300048828125,145.1300048828125,1254,0.0,0.0
2024-07-11 09:51:00-04:00,145.24000549316406,145.5800018310547,145.22999572753906,145.48500061035156,21848,0.0,0.0
2024-07-11 09:52:00-04:00,145.5749969482422,145.59500122070312,145.5749969482422,145.59500122070312,1434,0.0,0.0
2024-07-11 09:53:00-04:00,145.60000610351562,145.67999267578125,145.4499969482422,145.5749969482422,8814,0.0,0.0
2024-07-11 09:54:00-04:00,145.55999755859375,145.5749969482422,145.3000030517578,145.38499450683594,4995,0.0,0.0
2024-07-11 09:55:00-04:00,145.38999938964844,145.67999267578125,145.3000030517578,145.5050048828125,15594,0.0,0.0
2024-07-11 09:56:00-04:00,145.50999450683594,145.50999450683594,145.27999877929688,145.27999877929688,5385,0.0,0.0
2024-07-11 09:57:00-04:00,145.38999938964844,145.38999938964844,145.11000061035156,145.11000061035156,2294,0.0,0.0
2024-07-11 09:58:00-04:00,145.0500030517578,145.0500030517578,145.02999877929688,145.02999877929688,2514,0.0,0.0
2024-07-11 09:59:00-04:00,145.02000427246094,145.30499267578125,145.02000427246094,145.10000610351562,6150,0.0,0.0
2024-07-11 10:00:00-04:00,145.1649932861328,145.5,145.0,145.5,23356,0.0,0.0
2024-07-11 10:01:00-04:00,145.4600067138672,145.5500030517578,145.36000061035156,145.44000244140625,4331,0.0,0.0
2024-07-11 10:02:00-04:00,145.4499969482422,145.51499938964844,145.25,145.25,2759,0.0,0.0
2024-07-11 10:03:00-04:00,145.27000427246094,145.49000549316406,145.27000427246094,145.49000549316406,1026,0.0,0.0
2024-07-11 10:04:00-04:00,145.40499877929688,145.58999633789062,145.27999877929688,145.58999633789062,3912,0.0,0.0
2024-07-11 10:05:00-04:00,145.41000366210938,145.61000061035156,145.3800048828125,145.50289916992188,3441,0.0,0.0
2024-07-11 10:06:00-04:00,145.69000244140625,146.03500366210938,145.69000244140625,146.03500366210938,6600,0.0,0.0
2024-07-11 10:07:00-04:00,145.97000122070312,145.97000122070312,145.8300018310547,145.9250030517578,7910,0.0,0.0
2024-07-11 10:08:00-04:00,145.9149932861328,146.0399932861328,145.9149932861328,145.94000244140625,2836,0.0,0.0
2024-07-11 10:09:00-04:00,145.93499755859375,146.0500030517578,145.86000061035156,145.9600067138672,3552,0.0,0.0
2024-07-11 10:10:00-04:00,145.99000549316406,146.08999633789062,145.77999877929688,146.0800018310547,9050,0.0,0.0
2024-07-11 10:11:00-04:00,146.11000061035156,146.42999267578125,146.11000061035156,146.42999267578125,2338,0.0,0.0
2024-07-11 10:12:00-04:00,146.5,146.61000061035156,146.5,146.5749969482422,6754,0.0,0.0
2024-07-11 10:13:00-04:00,146.5800018310547,146.61000061035156,146.57000732421875,146.61000061035156,1783,0.0,0.0
2024-07-11 10:14:00-04:00,146.5924072265625,146.74000549316406,146.5924072265625,146.74000549316406,1888,0.0,0.0
2024-07-11 10:15:00-04:00,146.77000427246094,146.77000427246094,146.55999755859375,146.55999755859375,6076,0.0,0.0
2024-07-11 10:16:00-04:00,146.66000366210938,146.66000366210938,146.60000610351562,146.64500427246094,3491,0.0,0.0
2024-07-11 10:17:00-04:00,146.72000122070312,146.77000427246094,146.64999389648438,146.73500061035156,2410,0.0,0.0
2024-07-11 10:18:00-04:00,146.74000549316406,146.8800048828125,146.74000549316406,146.8000030517578,4108,0.0,0.0
2024-07-11 10:19:00-04:00,146.7899932861328,146.82000732421875,146.69000244140625,146.7449951171875,2007,0.0,0.0
2024-07-11 10:20:00-04:00,146.80999755859375,146.86990356445312,146.6649932861328,146.6649932861328,4509,0.0,0.0
2024-07-11 10:21:00-04:00,146.72999572753906,146.8300018310547,146.6699981689453,146.8300018310547,2541,0.0,0.0
2024-07-11 10:22:00-04:00,146.75,146.8800048828125,146.66000366210938,146.71499633789062,5786,0.0,0.0
2024-07-11 10:23:00-04:00,146.72000122070312,146.88999938964844,146.72000122070312,146.77499389648438,4012,0.0,0.0
2024-07-11 10:24:00-04:00,146.81500244140625,146.88999938964844,146.7301025390625,146.7301025390625,2772,0.0,0.0
2024-07-11 10:25:00-04:00,146.72999572753906,146.77999877929688,146.67999267578125,146.67999267578125,2541,0.0,0.0
2024-07-11 10:26:00-04:00,146.72000122070312,146.72000122070312,146.63999938964844,146.71499633789062,1916,0.0,0.0
2024-07-11 10:27:00-04:00,146.63999938964844,146.75999450683594,146.50999450683594,146.74000549316406,4603,0.0,0.0
2024-07-11 10:28:00-04:00,146.71119689941406,146.71119689941406,146.71119689941406,146.71119689941406,1142,0.0,0.0
2024-07-11 10:29:00-04:00,146.86000061035156,146.92999267578125,146.8350067138672,146.88999938964844,1552,0.0,0.0
2024-07-11 10:30:00-04:00,146.77999877929688,146.89999389648438,146.6501007080078,146.89999389648438,5139,0.0,0.0
2024-07-11 10:31:00-04:00,146.8699951171875,146.8699951171875,146.7100067138672,146.7899932861328,5766,0.0,0.0
2024-07-11 10:32:00-04:00,146.7899932861328,146.7899932861328,146.7100067138672,146.7899932861328,4475,0.0,0.0
2024-07-11 10:33:00-04:00,146.7899932861328,146.8000030517578,146.5,146.52499389648438,6384,0.0,0.0
2024-07-11 10:34:00-04:00,146.47999572753906,146.58999633789062,146.47999572753906,146.50999450683594,1770,0.0,0.0
2024-07-11 10:35:00-04:00,146.57000732421875,146.58999633789062,146.4600067138672,146.58999633789062,6569,0.0,0.0
2024-07-11 10:36:00-04:00,146.6699981689453,146.8699951171875,146.6699981689453,146.8699951171875,6037,0.0,0.0
2024-07-11 10:37:00-04:00,146.8800048828125,147.14999389648438,146.8800048828125,147.14999389648438,10093,0.0,0.0
2024-07-11 10:38:00-04:00,147.19500732421875,147.19500732421875,146.94039916992188,146.94039916992188,4773,0.0,0.0
2024-07-11 10:39:00-04:00,147.0399932861328,147.0399932861328,146.83999633789062,146.8699951171875,3571,0.0,0.0
2024-07-11 10:40:00-04:00,146.93499755859375,147.05999755859375,146.93499755859375,147.02999877929688,4432,0.0,0.0
2024-07-11 10:41:00-04:00,147.02499389648438,147.0399932861328,147.02000427246094,147.0399932861328,1831,0.0,0.0
2024-07-11 10:42:00-04:00,146.97000122070312,147.05999755859375,146.9600067138672,147.03819274902344,2221,0.0,0.0
2024-07-11 10:43:00-04:00,147.10000610351562,147.47999572753906,147.0800018310547,147.41000366210938,5590,0.0,0.0
2024-07-11 10:44:00-04:00,147.4250030517578,147.49989318847656,147.360107421875,147.47000122070312,1581,0.0,0.0
2024-07-11 10:45:00-04:00,147.5,147.5,147.3300018310547,147.39999389648438,20435,0.0,0.0
2024-07-11 10:46:00-04:00,147.4600067138672,147.4600067138672,147.24000549316406,147.25999450683594,4974,0.0,0.0
2024-07-11 10:47:00-04:00,147.33999633789062,147.38999938964844,147.25999450683594,147.25999450683594,3409,0.0,0.0
2024-07-11 10:48:00-04:00,147.27000427246094,147.39990234375,147.1699981689453,147.1699981689453,2697,0.0,0.0
2024-07-11 10:49:00-04:00,147.1199951171875,147.1199951171875,146.99000549316406,146.99000549316406,2665,0.0,0.0
2024-07-11 10:50:00-04:00,146.99000549316406,147.0,146.8800048828125,146.9550018310547,3456,0.0,0.0
2024-07-11 10:51:00-04:00,146.9600067138672,147.0800018310547,146.9600067138672,147.02999877929688,2692,0.0,0.0
2024-07-11 10:52:00-04:00,147.0,147.0,147.0,147.0,866,0.0,0.0
2024-07-11 10:53:00-04:00,147.0399932861328,147.15499877929688,147.0399932861328,147.15499877929688,4949,0.0,0.0
2024-07-11 10:54:00-04:00,147.1300048828125,147.20989990234375,147.0800018310547,147.20989990234375,3553,0.0,0.0
2024-07-11 10:55:00-04:00,147.2100067138672,147.2949981689453,147.13999938964844,147.2949981689453,2859,0.0,0.0
2024-07-11 10:56:00-04:00,147.25999450683594,147.28500366210938,147.2100067138672,147.28500366210938,801,0.0,0.0
2024-07-11 10:57:00-04:00,147.35000610351562,147.35000610351562,147.2100067138672,147.21009826660156,3464,0.0,0.0
2024-07-11 10:58:00-04:00,147.3000030517578,147.4600067138672,147.3000030517578,147.4600067138672,2589,0.0,0.0
2024-07-11 10:59:00-04:00,147.41000366210938,147.46499633789062,147.40499877929688,147.41000366210938,1079,0.0,0.0
2024-07-11 11:00:00-04:00,147.41000366210938,147.58990478515625,147.41000366210938,147.50999450683594,2835,0.0,0.0
2024-07-11 11:02:00-04:00,147.47500610351562,147.47500610351562,147.47500610351562,147.47500610351562,20947,0.0,0.0
2024-07-11 11:03:00-04:00,147.33999633789062,147.5500030517578,147.31500244140625,147.33999633789062,2910,0.0,0.0
2024-07-11 11:04:00-04:00,147.35899353027344,147.41000366210938,147.27000427246094,147.41000366210938,2824,0.0,0.0
2024-07-11 11:05:00-04:00,147.3699951171875,147.3699951171875,147.3699951171875,147.3699951171875,636,0.0,0.0
2024-07-11 11:06:00-04:00,147.3780059814453,147.4499969482422,147.3780059814453,147.42999267578125,1355,0.0,0.0
2024-07-11 11:07:00-04:00,147.36000061035156,147.36000061035156,147.2899932861328,147.2899932861328,554,0.0,0.0
2024-07-11 11:08:00-04:00,147.28500366210938,147.49000549316406,147.28500366210938,147.49000549316406,3167,0.0,0.0
2024-07-11 11:09:00-04:00,147.5399932861328,147.5399932861328,147.4199981689453,147.47000122070312,1924,0.0,0.0
2024-07-11 11:10:00-04:00,147.5299072265625,147.5299072265625,147.4199981689453,147.4199981689453,1314,0.0,0.0
2024-07-11 11:11:00-04:00,147.5,147.50999450683594,147.5,147.50999450683594,3448,0.0,0.0
2024-07-11 11:12:00-04:00,147.60000610351562,147.60000610351562,147.5500030517578,147.5500030517578,2658,0.0,0.0
2024-07-11 11:13:00-04:00,147.5399932861328,147.64999389648438,147.5,147.64999389648438,2428,0.0,0.0
2024-07-11 11:14:00-04:00,147.69000244140625,147.69000244140625,147.61000061035156,147.64500427246094,5389,0.0,0.0
2024-07-11 11:15:00-04:00,147.58999633789062,147.63999938964844,147.57000732421875,147.5800018310547,2542,0.0,0.0
2024-07-11 11:16:00-04:00,147.52999877929688,147.52999877929688,147.4499969482422,147.4499969482422,1473,0.0,0.0
2024-07-11 11:17:00-04:00,147.41000366210938,147.44500732421875,147.3800048828125,147.3800048828125,3257,0.0,0.0
2024-07-11 11:18:00-04:00,147.4199981689453,147.47999572753906,147.35000610351562,147.47999572753906,3780,0.0,0.0
2024-07-11 11:19:00-04:00,147.5399932861328,147.59390258789062,147.5399932861328,147.5780029296875,940,0.0,0.0
2024-07-11 11:20:00-04:00,147.50999450683594,147.53500366210938,147.35000610351562,147.3699951171875,7002,0.0,0.0
2024-07-11 11:21:00-04:00,147.3300018310547,147.3300018310547,147.19000244140625,147.3000030517578,3703,0.0,0.0
2024-07-11 11:22:00-04:00,147.3000030517578,147.3000030517578,147.25999450683594,147.25999450683594,682,0.0,0.0
2024-07-11 11:23:00-04:00,147.25,147.27000427246094,147.1699981689453,147.1699981689453,2001,0.0,0.0
2024-07-11 11:24:00-04:00,147.14999389648438,147.14999389648438,147.14999389648438,147.14999389648438,1258,0.0,0.0
2024-07-11 11:25:00-04:00,147.27000427246094,147.33999633789062,147.27000427246094,147.33999633789062,1168,0.0,0.0
2024-07-11 11:26:00-04:00,147.31500244140625,147.36000061035156,147.31500244140625,147.36000061035156,1056,0.0,0.0
2024-07-11 11:27:00-04:00,147.39999389648438,147.4199981689453,147.3249969482422,147.3249969482422,3548,0.0,0.0
2024-07-11 11:28:00-04:00,147.27000427246094,147.30999755859375,147.1999969482422,147.25,3330,0.0,0.0
2024-07-11 11:29:00-04:00,147.1999969482422,147.1999969482422,147.10000610351562,147.14500427246094,3949,0.0,0.0
2024-07-11 11:30:00-04:00,147.19000244140625,147.24000549316406,147.19000244140625,147.22000122070312,2657,0.0,0.0
2024-07-11 11:31:00-04:00,147.27000427246094,147.3000030517578,147.25999450683594,147.25999450683594,697,0.0,0.0
2024-07-11 11:32:00-04:00,147.2100067138672,147.25,147.1262969970703,147.24000549316406,3561,0.0,0.0
2024-07-11 11:33:00-04:00,147.2449951171875,147.2449951171875,147.2449951171875,147.2449951171875,808,0.0,0.0
2024-07-11 11:34:00-04:00,147.14999389648438,147.1699981689453,147.02000427246094,147.02000427246094,4025,0.0,0.0
2024-07-11 11:35:00-04:00,146.99000549316406,146.99819946289062,146.99000549316406,146.99000549316406,1203,0.0,0.0
2024-07-11 11:36:00-04:00,146.97799682617188,147.07000732421875,146.94509887695312,146.99000549316406,5021,0.0,0.0
2024-07-11 11:37:00-04:00,147.00999450683594,147.0500030517578,147.00999450683594,147.03970336914062,1048,0.0,0.0
2024-07-11 11:38:00-04:00,146.99000549316406,146.99000549316406,146.8800048828125,146.9499969482422,4903,0.0,0.0
2024-07-11 11:39:00-04:00,146.89999389648438,147.00999450683594,146.89999389648438,147.0,3131,0.0,0.0
2024-07-11 11:40:00-04:00,147.0,147.0,147.0,147.0,877,0.0,0.0
2024-07-11 11:41:00-04:00,146.97000122070312,147.01499938964844,146.97000122070312,146.97000122070312,1312,0.0,0.0
2024-07-11 11:42:00-04:00,147.0050048828125,147.0050048828125,147.0050048828125,147.0050048828125,299,0.0,0.0
2024-07-11 11:43:00-04:00,147.05999755859375,147.05999755859375,146.83999633789062,146.88999938964844,5452,0.0,0.0
2024-07-11 11:44:00-04:00,146.92999267578125,146.92999267578125,146.8800048828125,146.8800048828125,792,0.0,0.0
2024-07-11 11:45:00-04:00,146.92999267578125,146.97999572753906,146.92999267578125,146.97999572753906,989,0.0,0.0
2024-07-11 11:46:00-04:00,147.00999450683594,147.10000610351562,147.00999450683594,147.10000610351562,1705,0.0,0.0
2024-07-11 11:47:00-04:00,147.06719970703125,147.11000061035156,147.05999755859375,147.05999755859375,2691,0.0,0.0
2024-07-11 11:48:00-04:00,147.0800018310547,147.0800018310547,146.8300018310547,146.88499450683594,4439,0.0,0.0
2024-07-11 11:49:00-04:00,146.8896942138672,146.8896942138672,146.8896942138672,146.8896942138672,407,0.0,0.0
2024-07-11 11:50:00-04:00,146.8300018310547,146.88999938964844,146.8101043701172,146.8101043701172,1434,0.0,0.0
2024-07-11 11:51:00-04:00,146.77999877929688,146.80999755859375,146.75,146.8000030517578,2224,0.0,0.0
2024-07-11 11:52:00-04:00,146.8000030517578,146.8000030517578,146.7100067138672,146.7100067138672,653,0.0,0.0
2024-07-11 11:53:00-04:00,146.85049438476562,146.85049438476562,146.85049438476562,146.85049438476562,160,0.0,0.0
2024-07-11 11:54:00-04:00,146.77000427246094,146.7899932861328,146.66000366210938,146.67999267578125,2597,0.0,0.0
2024-07-11 11:55:00-04:00,146.64999389648438,146.74000549316406,146.6300048828125,146.71359252929688,3809,0.0,0.0
2024-07-11 11:56:00-04:00,146.69500732421875,146.69500732421875,146.59010314941406,146.59010314941406,1480,0.0,0.0
2024-07-11 11:57:00-04:00,146.61000061035156,146.7050018310547,146.61000061035156,146.7050018310547,1945,0.0,0.0
2024-07-11 11:58:00-04:00,146.66000366210938,146.6750030517578,146.63999938964844,146.6750030517578,1333,0.0,0.0
2024-07-11 11:59:00-04:00,146.61000061035156,146.61000061035156,146.4949951171875,146.5,1423,0.0,0.0
2024-07-11 12:00:00-04:00,146.5,146.52459716796875,146.4199981689453,146.4199981689453,2839,0.0,0.0
2024-07-11 12:01:00-04:00,146.40499877929688,146.40499877929688,146.30999755859375,146.37550354003906,1670,0.0,0.0
2024-07-11 12:02:00-04:00,146.3699951171875,146.3699951171875,146.10000610351562,146.10000610351562,5306,0.0,0.0
2024-07-11 12:03:00-04:00,146.0500030517578,146.125,146.0,146.0,5623,0.0,0.0
2024-07-11 12:04:00-04:00,146.0,146.02999877929688,145.8800048828125,146.01499938964844,6244,0.0,0.0
2024-07-11 12:05:00-04:00,145.97999572753906,146.01109313964844,145.72000122070312,145.7675018310547,8425,0.0,0.0
2024-07-11 12:06:00-04:00,145.77499389648438,145.80999755859375,145.7100067138672,145.7100067138672,3848,0.0,0.0
2024-07-11 12:07:00-04:00,145.77499389648438,145.77499389648438,145.72000122070312,145.72999572753906,1092,0.0,0.0
2024-07-11 12:08:00-04:00,145.7100067138672,145.99000549316406,145.7050018310547,145.92019653320312,4250,0.0,0.0
2024-07-11 12:09:00-04:00,145.9600067138672,145.98399353027344,145.92999267578125,145.98399353027344,961,0.0,0.0
2024-07-11 12:10:00-04:00,146.0299072265625,146.08999633789062,145.99000549316406,146.08999633789062,2589,0.0,0.0
2024-07-11 12:11:00-04:00,146.05999755859375,146.05999755859375,145.99000549316406,146.0,894,0.0,0.0
2024-07-11 12:12:00-04:00,146.02499389648438,146.02499389648438,145.9499969482422,145.9499969482422,755,0.0,0.0
2024-07-11 12:13:00-04:00,145.9499969482422,145.9499969482422,145.75999450683594,145.75999450683594,3922,0.0,0.0
2024-07-11 12:14:00-04:00,145.81500244140625,145.91000366210938,145.81500244140625,145.91000366210938,2292,0.0,0.0
2024-07-11 12:15:00-04:00,145.99000549316406,146.06500244140625,145.9499969482422,145.9499969482422,2547,0.0,0.0
2024-07-11 12:16:00-04:00,145.9949951171875,146.14500427246094,145.99000549316406,146.14500427246094,2662,0.0,0.0
2024-07-11 12:17:00-04:00,146.14500427246094,146.1999053955078,146.13999938964844,146.13999938964844,840,0.0,0.0
2024-07-11 12:18:00-04:00,146.14500427246094,146.14999389648438,146.13999938964844,146.13999938964844,1044,0.0,0.0
2024-07-11 12:19:00-04:00,146.08999633789062,146.08999633789062,145.9600067138672,145.9600067138672,2503,0.0,0.0
2024-07-11 12:20:00-04:00,146.0218048095703,146.02499389648438,145.92999267578125,145.94000244140625,1866,0.0,0.0
2024-07-11 12:21:00-04:00,145.92999267578125,145.97000122070312,145.8699951171875,145.88999938964844,1059,0.0,0.0
2024-07-11 12:22:00-04:00,145.8699951171875,145.97000122070312,145.8699951171875,145.89999389648438,4802,0.0,0.0
2024-07-11 12:23:00-04:00,145.90159606933594,145.90159606933594,145.89500427246094,145.89500427246094,1570,0.0,0.0
2024-07-11 12:24:00-04:00,145.89500427246094,145.94500732421875,145.893798828125,145.94500732421875,875,0.0,0.0
2024-07-11 12:25:00-04:00,145.8699951171875,145.89500427246094,145.77000427246094,145.77000427246094,4369,0.0,0.0
2024-07-11 12:26:00-04:00,145.82000732421875,145.89999389648438,145.82000732421875,145.89999389648438,1732,0.0,0.0
2024-07-11 12:27:00-04:00,145.9499969482422,145.9499969482422,145.94500732421875,145.94500732421875,1782,0.0,0.0
2024-07-11 12:28:00-04:00,145.88999938964844,145.88999938964844,145.8800048828125,145.8800048828125,384,0.0,0.0
2024-07-11 12:29:00-04:00,145.97000122070312,146.07000732421875,145.9600067138672,146.07000732421875,2813,0.0,0.0
2024-07-11 12:30:00-04:00,146.05499267578125,146.11000061035156,146.00999450683594,146.0742950439453,1866,0.0,0.0
2024-07-11 12:32:00-04:00,146.1199951171875,146.13499450683594,146.0850067138672,146.13499450683594,824,0.0,0.0
2024-07-11 12:33:00-04:00,146.1999969482422,146.25999450683594,146.1999969482422,146.25999450683594,1012,0.0,0.0
2024-07-11 12:34:00-04:00,146.24000549316406,146.24000549316406,146.0449981689453,146.0449981689453,6056,0.0,0.0
2024-07-11 12:35:00-04:00,146.07000732421875,146.08999633789062,145.91000366210938,145.91000366210938,3786,0.0,0.0
2024-07-11 12:36:00-04:00,145.9199981689453,145.9199981689453,145.91949462890625,145.9199981689453,1212,0.0,0.0
2024-07-11 12:37:00-04:00,145.9051055908203,145.9051055908203,145.75999450683594,145.75999450683594,1847,0.0,0.0
2024-07-11 12:38:00-04:00,145.84500122070312,145.8800048828125,145.77000427246094,145.8800048828125,3395,0.0,0.0
2024-07-11 12:39:00-04:00,145.8000030517578,145.8699951171875,145.8000030517578,145.8350067138672,3581,0.0,0.0
2024-07-11 12:40:00-04:00,145.7899932861328,145.8000030517578,145.74000549316406,145.77999877929688,2069,0.0,0.0
2024-07-11 12:41:00-04:00,145.75,145.8000030517578,145.6999969482422,145.7449951171875,4886,0.0,0.0
2024-07-11 12:42:00-04:00,145.72000122070312,145.72000122070312,145.6199951171875,145.6300048828125,3767,0.0,0.0
2024-07-11 12:43:00-04:00,145.58999633789062,145.7899932861328,145.58999633789062,145.77000427246094,8102,0.0,0.0
2024-07-11 12:45:00-04:00,145.80999755859375,145.86000061035156,145.72999572753906,145.72999572753906,3768,0.0,0.0
2024-07-11 12:46:00-04:00,145.72999572753906,145.77000427246094,145.69000244140625,145.77000427246094,2441,0.0,0.0
2024-07-11 12:47:00-04:00,145.83999633789062,145.83999633789062,145.83999633789062,145.83999633789062,1035,0.0,0.0
2024-07-11 12:48:00-04:00,145.7899932861328,145.88999938964844,145.7899932861328,145.8800048828125,893,0.0,0.0
2024-07-11 12:49:00-04:00,145.8800048828125,145.9600067138672,145.8800048828125,145.9600067138672,1204,0.0,0.0
2024-07-11 12:50:00-04:00,146.00999450683594,146.01499938964844,145.97999572753906,146.00999450683594,861,0.0,0.0
2024-07-11 12:51:00-04:00,146.0800018310547,146.14999389648438,146.0800018310547,146.1300048828125,1015,0.0,0.0
2024-07-11 12:52:00-04:00,146.18499755859375,146.23089599609375,146.0800018310547,146.13999938964844,2759,0.0,0.0
2024-07-11 12:53:00-04:00,146.08999633789062,146.13499450683594,145.99009704589844,146.05299377441406,2736,0.0,0.0
2024-07-11 12:54:00-04:00,146.0800018310547,146.19000244140625,146.0800018310547,146.19000244140625,2649,0.0,0.0
2024-07-11 12:55:00-04:00,146.16000366210938,146.27000427246094,146.16000366210938,146.22999572753906,1890,0.0,0.0
2024-07-11 12:56:00-04:00,146.26019287109375,146.26019287109375,146.19000244140625,146.1999969482422,1663,0.0,0.0
2024-07-11 12:57:00-04:00,146.22999572753906,146.35499572753906,146.22999572753906,146.2899932861328,2105,0.0,0.0
2024-07-11 12:58:00-04:00,146.32850646972656,146.33749389648438,146.3000030517578,146.33749389648438,675,0.0,0.0
2024-07-11 12:59:00-04:00,146.27999877929688,146.32000732421875,146.27000427246094,146.27000427246094,680,0.0,0.0
2024-07-11 13:00:00-04:00,146.3699951171875,146.3699951171875,146.3699951171875,146.3699951171875,150,0.0,0.0
2024-07-11 13:01:00-04:00,146.25999450683594,146.37989807128906,146.25999450683594,146.37989807128906,988,0.0,0.0
2024-07-11 13:02:00-04:00,146.25999450683594,146.4199981689453,146.24000549316406,146.4199981689453,4269,0.0,0.0
2024-07-11 13:03:00-04:00,146.43499755859375,146.44000244140625,146.39999389648438,146.39999389648438,899,0.0,0.0
2024-07-11 13:04:00-04:00,146.39999389648438,146.47000122070312,146.3699951171875,146.375,1693,0.0,0.0
2024-07-11 13:05:00-04:00,146.3699951171875,146.3800048828125,146.3000030517578,146.3000030517578,1331,0.0,0.0
2024-07-11 13:06:00-04:00,146.34500122070312,146.49000549316406,146.2899932861328,146.49000549316406,2349,0.0,0.0
2024-07-11 13:07:00-04:00,146.47000122070312,146.5399932861328,146.47000122070312,146.4700927734375,1282,0.0,0.0
2024-07-11 13:08:00-04:00,146.47999572753906,146.50999450683594,146.43499755859375,146.43499755859375,4076,0.0,0.0
2024-07-11 13:09:00-04:00,146.44000244140625,146.44000244140625,146.44000244140625,146.44000244140625,305,0.0,0.0
2024-07-11 13:10:00-04:00,146.44000244140625,146.47999572753906,146.41000366210938,146.47999572753906,623,0.0,0.0
2024-07-11 13:11:00-04:00,146.44000244140625,146.4499969482422,146.4199981689453,146.4199981689453,1504,0.0,0.0
2024-07-11 13:12:00-04:00,146.44000244140625,146.44000244140625,146.3300018310547,146.4199981689453,3134,0.0,0.0
2024-07-11 13:13:00-04:00,146.41000366210938,146.47999572753906,146.39999389648438,146.47500610351562,1158,0.0,0.0
2024-07-11 13:14:00-04:00,146.50999450683594,146.50999450683594,146.4499969482422,146.4600067138672,2742,0.0,0.0
2024-07-11 13:15:00-04:00,146.5050048828125,146.5500030517578,146.5050048828125,146.5500030517578,1213,0.0,0.0
2024-07-11 13:16:00-04:00,146.60000610351562,146.63999938964844,146.60000610351562,146.63999938964844,386,0.0,0.0
2024-07-11 13:17:00-04:00,146.60000610351562,146.60000610351562,146.47000122070312,146.47000122070312,2121,0.0,0.0
2024-07-11 13:18:00-04:00,146.5,146.5,146.44000244140625,146.44000244140625,952,0.0,0.0
2024-07-11 13:19:00-04:00,146.42999267578125,146.4499969482422,146.33999633789062,146.35000610351562,2245,0.0,0.0
2024-07-11 13:20:00-04:00,146.32000732421875,146.33999633789062,146.2899932861328,146.3350067138672,1295,0.0,0.0
2024-07-11 13:21:00-04:00,146.3300018310547,146.3300018310547,146.27999877929688,146.27999877929688,274,0.0,0.0
2024-07-11 13:22:00-04:00,146.27999877929688,146.27999877929688,146.27000427246094,146.27000427246094,1497,0.0,0.0
2024-07-11 13:23:00-04:00,146.2899932861328,146.32000732421875,146.2100067138672,146.2100067138672,1646,0.0,0.0
2024-07-11 13:24:00-04:00,146.25999450683594,146.25999450683594,146.1999969482422,146.2100067138672,1301,0.0,0.0
2024-07-11 13:25:00-04:00,146.22500610351562,146.22500610351562,146.1300048828125,146.1300048828125,2587,0.0,0.0
2024-07-11 13:26:00-04:00,146.13999938964844,146.22000122070312,146.13999938964844,146.22000122070312,670,0.0,0.0
2024-07-11 13:27:00-04:00,146.1699981689453,146.41000366210938,146.1300048828125,146.41000366210938,5899,0.0,0.0
2024-07-11 13:28:00-04:00,146.37010192871094,146.4550018310547,146.37010192871094,146.4550018310547,1446,0.0,0.0
2024-07-11 13:29:00-04:00,146.3800048828125,146.42999267578125,146.3000030517578,146.34500122070312,5016,0.0,0.0
2024-07-11 13:30:00-04:00,146.3000030517578,146.39999389648438,146.2899932861328,146.38499450683594,11260,0.0,0.0
2024-07-11 13:31:00-04:00,146.38499450683594,146.38499450683594,146.38499450683594,146.38499450683594,179,0.0,0.0
2024-07-11 13:32:00-04:00,146.42999267578125,146.4499969482422,146.30999755859375,146.33999633789062,4578,0.0,0.0
2024-07-11 13:33:00-04:00,146.35499572753906,146.35499572753906,146.3249969482422,146.35000610351562,1335,0.0,0.0
2024-07-11 13:34:00-04:00,146.3699951171875,146.41000366210938,146.3699951171875,146.41000366210938,1942,0.0,0.0
2024-07-11 13:35:00-04:00,146.375,146.375,146.3300018310547,146.36000061035156,1377,0.0,0.0
2024-07-11 13:36:00-04:00,146.36500549316406,146.40499877929688,146.36500549316406,146.39500427246094,1938,0.0,0.0
2024-07-11 13:37:00-04:00,146.35000610351562,146.3800048828125,146.32009887695312,146.32009887695312,1214,0.0,0.0
2024-07-11 13:38:00-04:00,146.3800048828125,146.3800048828125,146.3300018310547,146.3300018310547,675,0.0,0.0
2024-07-11 13:39:00-04:00,146.3300018310547,146.41000366210938,146.3300018310547,146.38499450683594,898,0.0,0.0
2024-07-11 13:40:00-04:00,146.45899963378906,146.45899963378906,146.30999755859375,146.3350067138672,3504,0.0,0.0
2024-07-11 13:41:00-04:00,146.3699951171875,146.3800048828125,146.3699951171875,146.3800048828125,1227,0.0,0.0
2024-07-11 13:42:00-04:00,146.375,146.38999938964844,146.3509979248047,146.38999938964844,482,0.0,0.0
2024-07-11 13:43:00-04:00,146.375,146.46499633789062,146.375,146.40499877929688,3077,0.0,0.0
2024-07-11 13:44:00-04:00,146.43499755859375,146.52000427246094,146.43499755859375,146.52000427246094,1877,0.0,0.0
2024-07-11 13:45:00-04:00,146.5500030517578,146.55499267578125,146.49000549316406,146.52000427246094,1245,0.0,0.0
2024-07-11 13:46:00-04:00,146.55999755859375,146.57000732421875,146.50999450683594,146.57000732421875,1541,0.0,0.0
2024-07-11 13:47:00-04:00,146.53700256347656,146.5500030517578,146.3800048828125,146.4199981689453,3695,0.0,0.0
2024-07-11 13:48:00-04:00,146.4250030517578,146.47999572753906,146.4250030517578,146.47999572753906,1305,0.0,0.0
2024-07-11 13:49:00-04:00,146.49000549316406,146.49000549316406,146.4600067138672,146.4600067138672,695,0.0,0.0
2024-07-11 13:50:00-04:00,146.49000549316406,146.58999633789062,146.47000122070312,146.5399932861328,3596,0.0,0.0
2024-07-11 13:51:00-04:00,146.5399932861328,146.60000610351562,146.5399932861328,146.60000610351562,2507,0.0,0.0
2024-07-11 13:52:00-04:00,146.58999633789062,146.63999938964844,146.58999633789062,146.6300048828125,2804,0.0,0.0
2024-07-11 13:53:00-04:00,146.6300048828125,146.6300048828125,146.58999633789062,146.61500549316406,1894,0.0,0.0
2024-07-11 13:54:00-04:00,146.61500549316406,146.64999389648438,146.5800018310547,146.61500549316406,2300,0.0,0.0
2024-07-11 13:55:00-04:00,146.61500549316406,146.68499755859375,146.61500549316406,146.68499755859375,1789,0.0,0.0
2024-07-11 13:56:00-04:00,146.68499755859375,146.68649291992188,146.58999633789062,146.6300048828125,2818,0.0,0.0
2024-07-11 13:57:00-04:00,146.60000610351562,146.6999053955078,146.60000610351562,146.6999053955078,1678,0.0,0.0
2024-07-11 13:58:00-04:00,146.64999389648438,146.7100067138672,146.63999938964844,146.6533966064453,2400,0.0,0.0
2024-07-11 13:59:00-04:00,146.6750030517578,146.6750030517578,146.52000427246094,146.58099365234375,4909,0.0,0.0
2024-07-11 14:00:00-04:00,146.6300048828125,146.6300048828125,146.58999633789062,146.6300048828125,739,0.0,0.0
2024-07-11 14:01:00-04:00,146.5800018310547,146.5800018310547,146.48500061035156,146.48500061035156,4304,0.0,0.0
2024-07-11 14:02:00-04:00,146.47999572753906,146.625,146.47999572753906,146.5601043701172,4099,0.0,0.0
2024-07-11 14:03:00-04:00,146.59500122070312,146.63499450683594,146.5601043701172,146.63499450683594,2293,0.0,0.0
2024-07-11 14:04:00-04:00,146.61000061035156,146.64999389648438,146.60000610351562,146.64999389648438,1994,0.0,0.0
2024-07-11 14:05:00-04:00,146.67349243164062,146.6999969482422,146.66299438476562,146.69000244140625,1826,0.0,0.0
2024-07-11 14:06:00-04:00,146.69000244140625,146.69000244140625,146.69000244140625,146.69000244140625,726,0.0,0.0
2024-07-11 14:07:00-04:00,146.72000122070312,146.74000549316406,146.7100067138672,146.7100067138672,1268,0.0,0.0
2024-07-11 14:08:00-04:00,146.75,146.76499938964844,146.72000122070312,146.74000549316406,2467,0.0,0.0
2024-07-11 14:09:00-04:00,146.73500061035156,146.73500061035156,146.73500061035156,146.73500061035156,257,0.0,0.0
2024-07-11 14:10:00-04:00,146.77000427246094,146.82000732421875,146.77000427246094,146.81500244140625,1967,0.0,0.0
2024-07-11 14:11:00-04:00,146.7899932861328,146.7899932861328,146.7899932861328,146.7899932861328,156,0.0,0.0
2024-07-11 14:12:00-04:00,146.8000030517578,146.86000061035156,146.8000030517578,146.80999755859375,1777,0.0,0.0
2024-07-11 14:13:00-04:00,146.86000061035156,146.97999572753906,146.86000061035156,146.97999572753906,3837,0.0,0.0
2024-07-11 14:14:00-04:00,146.99000549316406,147.04989624023438,146.99000549316406,147.04989624023438,1048,0.0,0.0
2024-07-11 14:15:00-04:00,147.0625,147.07000732421875,147.0399932861328,147.07000732421875,718,0.0,0.0
2024-07-11 14:16:00-04:00,147.08999633789062,147.08999633789062,146.99000549316406,147.0050048828125,7608,0.0,0.0
2024-07-11 14:17:00-04:00,147.0050048828125,147.1199951171875,147.0050048828125,147.1199951171875,3326,0.0,0.0
2024-07-11 14:18:00-04:00,147.08999633789062,147.08999633789062,147.0500030517578,147.05499267578125,2232,0.0,0.0
2024-07-11 14:19:00-04:00,147.07000732421875,147.09500122070312,147.0500030517578,147.07000732421875,1384,0.0,0.0
2024-07-11 14:20:00-04:00,147.0399932861328,147.0399932861328,146.94000244140625,146.97000122070312,2424,0.0,0.0
2024-07-11 14:21:00-04:00,146.97000122070312,146.97000122070312,146.94000244140625,146.9597930908203,1928,0.0,0.0
2024-07-11 14:22:00-04:00,146.97000122070312,146.97000122070312,146.89999389648438,146.89999389648438,3940,0.0,0.0
2024-07-11 14:23:00-04:00,146.91000366210938,146.97999572753906,146.8000030517578,146.8300018310547,5596,0.0,0.0
2024-07-11 14:24:00-04:00,146.77999877929688,146.83999633789062,146.77000427246094,146.83999633789062,2626,0.0,0.0
2024-07-11 14:25:00-04:00,146.88999938964844,146.91000366210938,146.8800048828125,146.9073944091797,3073,0.0,0.0
2024-07-11 14:26:00-04:00,146.90499877929688,147.02000427246094,146.8800048828125,147.02000427246094,2579,0.0,0.0
2024-07-11 14:27:00-04:00,147.02000427246094,147.03500366210938,146.97000122070312,146.97000122070312,2130,0.0,0.0
2024-07-11 14:28:00-04:00,146.9499969482422,146.9499969482422,146.88999938964844,146.89999389648438,2670,0.0,0.0
2024-07-11 14:29:00-04:00,146.92999267578125,146.98500061035156,146.9199981689453,146.98500061035156,2204,0.0,0.0
2024-07-11 14:30:00-04:00,146.99000549316406,147.0399932861328,146.99000549316406,147.01499938964844,1397,0.0,0.0
2024-07-11 14:31:00-04:00,147.0449981689453,147.0449981689453,147.0449981689453,147.0449981689453,202,0.0,0.0
2024-07-11 14:32:00-04:00,147.04249572753906,147.07000732421875,147.04249572753906,147.07000732421875,1661,0.0,0.0
2024-07-11 14:33:00-04:00,147.0749969482422,147.0749969482422,146.99000549316406,147.0500030517578,4932,0.0,0.0
2024-07-11 14:34:00-04:00,147.0800018310547,147.11000061035156,147.00999450683594,147.0449981689453,3057,0.0,0.0
2024-07-11 14:35:00-04:00,147.00999450683594,147.05999755859375,147.0,147.05999755859375,2000,0.0,0.0
2024-07-11 14:36:00-04:00,147.07000732421875,147.07000732421875,147.0500030517578,147.0500030517578,596,0.0,0.0
2024-07-11 14:37:00-04:00,147.07000732421875,147.0749969482422,147.07000732421875,147.0749969482422,764,0.0,0.0
2024-07-11 14:38:00-04:00,147.05999755859375,147.05999755859375,146.99000549316406,146.99000549316406,2168,0.0,0.0
2024-07-11 14:39:00-04:00,147.00999450683594,147.0749969482422,147.00999450683594,147.0749969482422,1779,0.0,0.0
2024-07-11 14:40:00-04:00,147.0500030517578,147.0800018310547,147.0500030517578,147.0800018310547,959,0.0,0.0
2024-07-11 14:41:00-04:00,147.08999633789062,147.08999633789062,147.02999877929688,147.07000732421875,4184,0.0,0.0
2024-07-11 14:42:00-04:00,147.05999755859375,147.1199951171875,147.05999755859375,147.10000610351562,2342,0.0,0.0
2024-07-11 14:43:00-04:00,147.1199951171875,147.1999969482422,147.1199951171875,147.1999969482422,2251,0.0,0.0
2024-07-11 14:44:00-04:00,147.2100067138672,147.22000122070312,147.1699981689453,147.2100067138672,2096,0.0,0.0
2024-07-11 14:45:00-04:00,147.2100067138672,147.22999572753906,147.2100067138672,147.22500610351562,1949,0.0,0.0
2024-07-11 14:46:00-04:00,147.24000549316406,147.2899932861328,147.1699981689453,147.1699981689453,4711,0.0,0.0
2024-07-11 14:47:00-04:00,147.22000122070312,147.22999572753906,147.2050018310547,147.22999572753906,2079,0.0,0.0
2024-07-11 14:48:00-04:00,147.27000427246094,147.27000427246094,147.2100067138672,147.25,1772,0.0,0.0
2024-07-11 14:49:00-04:00,147.22999572753906,147.27999877929688,147.2100067138672,147.27999877929688,4179,0.0,0.0
2024-07-11 14:50:00-04:00,147.25999450683594,147.27000427246094,147.2100067138672,147.2100067138672,5217,0.0,0.0
2024-07-11 14:51:00-04:00,147.1999969482422,147.27499389648438,147.17999267578125,147.24899291992188,5049,0.0,0.0
2024-07-11 14:52:00-04:00,147.22000122070312,147.25,147.16000366210938,147.22500610351562,5991,0.0,0.0
2024-07-11 14:53:00-04:00,147.2100067138672,147.22000122070312,147.17999267578125,147.19000244140625,4438,0.0,0.0
2024-07-11 14:54:00-04:00,147.19000244140625,147.19000244140625,147.16000366210938,147.1649932861328,1221,0.0,0.0
2024-07-11 14:55:00-04:00,147.14999389648438,147.1999969482422,147.13499450683594,147.19000244140625,3450,0.0,0.0
2024-07-11 14:56:00-04:00,147.1699981689453,147.1999969482422,147.16000366210938,147.1999969482422,3843,0.0,0.0
2024-07-11 14:57:00-04:00,147.18539428710938,147.18539428710938,147.14999389648438,147.1649932861328,1893,0.0,0.0
2024-07-11 14:58:00-04:00,147.1750030517578,147.1750030517578,147.02000427246094,147.02000427246094,3340,0.0,0.0
2024-07-11 14:59:00-04:00,147.02000427246094,147.02499389648438,146.97999572753906,146.97999572753906,3367,0.0,0.0
2024-07-11 15:00:00-04:00,147.0050048828125,147.0050048828125,146.9499969482422,146.96499633789062,3585,0.0,0.0
2024-07-11 15:01:00-04:00,146.96499633789062,146.96499633789062,146.8000030517578,146.80999755859375,6473,0.0,0.0
2024-07-11 15:02:00-04:00,146.77000427246094,146.77999877929688,146.64999389648438,146.68499755859375,4387,0.0,0.0
2024-07-11 15:03:00-04:00,146.66000366210938,146.89999389648438,146.66000366210938,146.89999389648438,10853,0.0,0.0
2024-07-11 15:04:00-04:00,146.91000366210938,146.91000366210938,146.86000061035156,146.86000061035156,820,0.0,0.0
2024-07-11 15:05:00-04:00,146.86000061035156,146.8699951171875,146.7100067138672,146.7100067138672,7711,0.0,0.0
2024-07-11 15:06:00-04:00,146.7100067138672,146.72500610351562,146.69000244140625,146.6999969482422,2181,0.0,0.0
2024-07-11 15:07:00-04:00,146.6999969482422,146.6999969482422,146.58999633789062,146.58999633789062,3493,0.0,0.0
2024-07-11 15:08:00-04:00,146.57000732421875,146.6199951171875,146.49000549316406,146.49000549316406,5292,0.0,0.0
2024-07-11 15:09:00-04:00,146.47999572753906,146.57000732421875,146.39999389648438,146.5500030517578,17037,0.0,0.0
2024-07-11 15:10:00-04:00,146.53500366210938,146.53500366210938,146.4499969482422,146.47000122070312,4179,0.0,0.0
2024-07-11 15:11:00-04:00,146.47000122070312,146.47999572753906,146.41000366210938,146.41000366210938,3169,0.0,0.0
2024-07-11 15:12:00-04:00,146.42999267578125,146.5,146.3800048828125,146.39999389648438,11642,0.0,0.0
2024-07-11 15:13:00-04:00,146.41000366210938,146.41000366210938,146.35000610351562,146.35000610351562,1182,0.0,0.0
2024-07-11 15:14:00-04:00,146.36000061035156,146.41000366210938,146.2899932861328,146.2899932861328,3472,0.0,0.0
2024-07-11 15:15:00-04:00,146.3134002685547,146.4600067138672,146.3134002685547,146.3800048828125,6498,0.0,0.0
2024-07-11 15:16:00-04:00,146.4149932861328,146.4499969482422,146.3800048828125,146.4499969482422,2489,0.0,0.0
2024-07-11 15:17:00-04:00,146.5,146.55499267578125,146.5,146.5399932861328,2191,0.0,0.0
2024-07-11 15:18:00-04:00,146.5399932861328,146.5399932861328,146.3800048828125,146.3800048828125,5527,0.0,0.0
2024-07-11 15:19:00-04:00,146.4149932861328,146.47000122070312,146.38999938964844,146.43499755859375,3535,0.0,0.0
2024-07-11 15:20:00-04:00,146.41000366210938,146.47999572753906,146.3800048828125,146.40499877929688,5765,0.0,0.0
2024-07-11 15:21:00-04:00,146.4199981689453,146.47999572753906,146.4149932861328,146.47999572753906,1768,0.0,0.0
2024-07-11 15:22:00-04:00,146.47000122070312,146.5,146.47000122070312,146.5,1654,0.0,0.0
2024-07-11 15:23:00-04:00,146.5399932861328,146.5626983642578,146.50999450683594,146.5399932861328,2670,0.0,0.0
2024-07-11 15:24:00-04:00,146.57000732421875,146.61900329589844,146.4499969482422,146.47999572753906,5132,0.0,0.0
2024-07-11 15:25:00-04:00,146.47000122070312,146.49000549316406,146.44000244140625,146.47999572753906,3093,0.0,0.0
2024-07-11 15:26:00-04:00,146.4499969482422,146.49000549316406,146.3800048828125,146.49000549316406,6091,0.0,0.0
2024-07-11 15:27:00-04:00,146.5,146.52999877929688,146.4550018310547,146.52999877929688,5696,0.0,0.0
2024-07-11 15:28:00-04:00,146.55999755859375,146.5738983154297,146.4499969482422,146.4499969482422,5658,0.0,0.0
2024-07-11 15:29:00-04:00,146.42999267578125,146.46499633789062,146.41000366210938,146.41000366210938,2280,0.0,0.0
2024-07-11 15:30:00-04:00,146.44000244140625,146.6199951171875,146.44000244140625,146.5449981689453,8691,0.0,0.0
2024-07-11 15:31:00-04:00,146.55999755859375,146.57000732421875,146.49000549316406,146.55999755859375,7226,0.0,0.0
2024-07-11 15:32:00-04:00,146.52000427246094,146.60000610351562,146.5,146.5,4033,0.0,0.0
2024-07-11 15:33:00-04:00,146.50999450683594,146.64999389648438,146.50999450683594,146.64999389648438,4118,0.0,0.0
2024-07-11 15:34:00-04:00,146.63499450683594,146.74000549316406,146.63499450683594,146.72999572753906,5542,0.0,0.0
2024-07-11 15:35:00-04:00,146.72999572753906,146.77999877929688,146.6999969482422,146.71499633789062,11272,0.0,0.0
2024-07-11 15:36:00-04:00,146.72000122070312,146.72000122070312,146.6300048828125,146.6300048828125,6007,0.0,0.0
2024-07-11 15:37:00-04:00,146.6300048828125,146.72999572753906,146.6199951171875,146.72999572753906,9613,0.0,0.0
2024-07-11 15:38:00-04:00,146.6999969482422,146.75999450683594,146.6999969482422,146.74000549316406,5300,0.0,0.0
2024-07-11 15:39:00-04:00,146.75999450683594,146.80499267578125,146.72000122070312,146.72000122070312,7423,0.0,0.0
2024-07-11 15:40:00-04:00,146.72999572753906,146.75,146.61000061035156,146.66000366210938,8711,0.0,0.0
2024-07-11 15:41:00-04:00,146.66000366210938,146.8000030517578,146.66000366210938,146.8000030517578,5378,0.0,0.0
2024-07-11 15:42:00-04:00,146.77999877929688,146.77999877929688,146.66000366210938,146.75999450683594,9088,0.0,0.0
2024-07-11 15:43:00-04:00,146.77000427246094,146.81700134277344,146.75,146.77999877929688,6296,0.0,0.0
2024-07-11 15:44:00-04:00,146.78900146484375,146.8000030517578,146.75,146.7899932861328,7070,0.0,0.0
2024-07-11 15:45:00-04:00,146.7899932861328,147.10499572753906,146.7899932861328,147.03500366210938,20258,0.0,0.0
2024-07-11 15:46:00-04:00,147.0500030517578,147.10000610351562,146.9949951171875,147.07000732421875,11217,0.0,0.0
2024-07-11 15:47:00-04:00,147.05999755859375,147.1300048828125,147.0,147.05499267578125,21234,0.0,0.0
2024-07-11 15:48:00-04:00,147.08999633789062,147.13999938964844,147.02999877929688,147.13999938964844,8920,0.0,0.0
2024-07-11 15:49:00-04:00,147.1199951171875,147.25999450683594,147.1199951171875,147.2100067138672,16676,0.0,0.0
2024-07-11 15:50:00-04:00,147.2100067138672,147.2368927001953,146.92999267578125,146.9600067138672,18591,0.0,0.0
2024-07-11 15:51:00-04:00,146.97500610351562,146.97999572753906,146.83999633789062,146.85499572753906,12988,0.0,0.0
2024-07-11 15:52:00-04:00,146.84500122070312,146.85000610351562,146.75,146.83999633789062,14338,0.0,0.0
2024-07-11 15:53:00-04:00,146.82000732421875,146.82000732421875,146.58999633789062,146.59500122070312,9879,0.0,0.0
2024-07-11 15:54:00-04:00,146.57839965820312,146.7100067138672,146.52000427246094,146.6300048828125,14764,0.0,0.0
2024-07-11 15:55:00-04:00,146.69000244140625,146.75999450683594,146.5800018310547,146.58999633789062,17184,0.0,0.0
2024-07-11 15:56:00-04:00,146.57000732421875,146.6300048828125,146.5500030517578,146.57000732421875,18777,0.0,0.0
2024-07-11 15:57:00-04:00,146.5800018310547,146.69500732421875,146.5800018310547,146.6750030517578,23657,0.0,0.0
2024-07-11 15:58:00-04:00,146.6699981689453,146.74000549316406,146.6300048828125,146.6699981689453,33965,0.0,0.0
2024-07-11 15:59:00-04:00,146.69000244140625,146.82000732421875,146.6199951171875,146.66000366210938,65681,0.0,0.0
2024-07-12 09:30:00-04:00,148.0,148.0,148.0,148.0,20933,0.0,0.0
2024-07-12 09:31:00-04:00,147.625,148.22000122070312,147.41000366210938,148.1999053955078,2329,0.0,0.0
2024-07-12 09:32:00-04:00,147.4801025390625,147.96139526367188,147.4801025390625,147.96139526367188,1782,0.0,0.0
2024-07-12 09:33:00-04:00,147.60000610351562,147.60000610351562,147.1999969482422,147.4149932861328,4595,0.0,0.0
2024-07-12 09:34:00-04:00,147.33999633789062,147.33999633789062,147.33999633789062,147.33999633789062,380,0.0,0.0
2024-07-12 09:35:00-04:00,147.44000244140625,147.58999633789062,147.4385986328125,147.4385986328125,2506,0.0,0.0
2024-07-12 09:36:00-04:00,147.0,147.0,147.0,147.0,658,0.0,0.0
2024-07-12 09:37:00-04:00,147.19500732421875,147.2100067138672,147.19500732421875,147.2100067138672,823,0.0,0.0
2024-07-12 09:38:00-04:00,146.97999572753906,147.25,146.92999267578125,147.25,1577,0.0,0.0
2024-07-12 09:40:00-04:00,146.7449951171875,146.79750061035156,146.71499633789062,146.71499633789062,819,0.0,0.0
2024-07-12 09:41:00-04:00,146.64999389648438,146.89999389648438,146.61000061035156,146.61000061035156,3548,0.0,0.0
2024-07-12 09:42:00-04:00,146.58999633789062,146.68499755859375,146.58999633789062,146.68499755859375,1144,0.0,0.0
2024-07-12 09:43:00-04:00,146.61000061035156,146.71499633789062,146.60000610351562,146.61000061035156,1399,0.0,0.0
2024-07-12 09:44:00-04:00,146.80999755859375,146.80999755859375,146.52000427246094,146.52999877929688,2572,0.0,0.0
2024-07-12 09:45:00-04:00,146.27000427246094,146.5399932861328,146.27000427246094,146.35000610351562,1644,0.0,0.0
2024-07-12 09:46:00-04:00,146.39500427246094,146.52000427246094,146.38999938964844,146.39999389648438,4388,0.0,0.0
2024-07-12 09:47:00-04:00,146.52999877929688,146.5500030517578,146.27999877929688,146.34500122070312,4758,0.0,0.0
2024-07-12 09:48:00-04:00,146.32000732421875,146.42970275878906,146.32000732421875,146.3699951171875,1765,0.0,0.0
2024-07-12 09:49:00-04:00,146.1699981689453,146.38999938964844,146.13999938964844,146.38999938964844,2941,0.0,0.0
2024-07-12 09:50:00-04:00,146.33999633789062,146.35000610351562,146.10000610351562,146.13999938964844,2808,0.0,0.0
2024-07-12 09:51:00-04:00,146.13999938964844,146.19000244140625,146.02999877929688,146.19000244140625,3564,0.0,0.0
2024-07-12 09:52:00-04:00,146.10000610351562,146.1649932861328,146.08999633789062,146.1649932861328,3283,0.0,0.0
2024-07-12 09:53:00-04:00,146.11199951171875,146.1999969482422,146.11199951171875,146.1999969482422,542,0.0,0.0
2024-07-12 09:54:00-04:00,146.0,146.0,145.77000427246094,145.83999633789062,4571,0.0,0.0
2024-07-12 09:55:00-04:00,145.8350067138672,145.89999389648438,145.69500732421875,145.8699951171875,3578,0.0,0.0
2024-07-12 09:56:00-04:00,145.9600067138672,145.9600067138672,145.75,145.7899932861328,1227,0.0,0.0
2024-07-12 09:57:00-04:00,145.8000030517578,146.10000610351562,145.78500366210938,145.89999389648438,5333,0.0,0.0
2024-07-12 09:58:00-04:00,145.89500427246094,145.89500427246094,145.8800048828125,145.89500427246094,502,0.0,0.0
2024-07-12 09:59:00-04:00,145.89500427246094,145.89500427246094,145.57000732421875,145.57000732421875,4605,0.0,0.0
2024-07-12 10:00:00-04:00,145.72000122070312,145.84840393066406,145.44000244140625,145.44000244140625,4409,0.0,0.0
2024-07-12 10:01:00-04:00,145.47500610351562,145.47500610351562,145.35000610351562,145.42999267578125,1702,0.0,0.0
2024-07-12 10:02:00-04:00,145.6199951171875,145.63999938964844,145.38999938964844,145.4949951171875,7474,0.0,0.0
2024-07-12 10:03:00-04:00,145.38999938964844,145.41000366210938,145.11099243164062,145.2949981689453,11136,0.0,0.0
2024-07-12 10:04:00-04:00,145.38999938964844,145.7100067138672,145.38999938964844,145.7050018310547,4615,0.0,0.0
2024-07-12 10:05:00-04:00,145.8699951171875,145.94000244140625,145.77999877929688,145.77999877929688,2470,0.0,0.0
2024-07-12 10:06:00-04:00,145.8699951171875,146.1699981689453,145.8699951171875,146.03500366210938,1506,0.0,0.0
2024-07-12 10:07:00-04:00,146.00999450683594,146.02000427246094,145.64999389648438,145.72999572753906,5105,0.0,0.0
2024-07-12 10:08:00-04:00,145.75,145.80999755859375,145.61000061035156,145.61000061035156,2504,0.0,0.0
2024-07-12 10:09:00-04:00,145.63499450683594,145.77000427246094,145.63499450683594,145.72000122070312,2478,0.0,0.0
2024-07-12 10:10:00-04:00,145.8000030517578,145.80999755859375,145.6699981689453,145.7899932861328,2603,0.0,0.0
2024-07-12 10:11:00-04:00,145.83999633789062,145.89999389648438,145.77999877929688,145.8800048828125,1666,0.0,0.0
2024-07-12 10:12:00-04:00,145.86349487304688,146.24000549316406,145.86349487304688,146.11000061035156,4761,0.0,0.0
2024-07-12 10:13:00-04:00,146.17999267578125,146.1999969482422,146.07000732421875,146.13499450683594,3045,0.0,0.0
2024-07-12 10:14:00-04:00,146.2480010986328,146.2480010986328,146.11500549316406,146.1300048828125,1528,0.0,0.0
2024-07-12 10:15:00-04:00,146.1199951171875,146.13999938964844,146.10000610351562,146.13999938964844,600,0.0,0.0
2024-07-12 10:16:00-04:00,146.13999938964844,146.13999938964844,145.9949951171875,146.0449981689453,3677,0.0,0.0
2024-07-12 10:17:00-04:00,146.09500122070312,146.13999938964844,146.0399932861328,146.13999938964844,1382,0.0,0.0
2024-07-12 10:18:00-04:00,146.1699981689453,146.19000244140625,145.9600067138672,145.97000122070312,4172,0.0,0.0
2024-07-12 10:19:00-04:00,146.0800018310547,146.08999633789062,146.0800018310547,146.08999633789062,514,0.0,0.0
2024-07-12 10:20:00-04:00,146.16000366210938,146.16000366210938,145.80999755859375,145.80999755859375,3506,0.0,0.0
2024-07-12 10:21:00-04:00,145.8800048828125,146.0500030517578,145.8800048828125,146.0500030517578,1775,0.0,0.0
2024-07-12 10:22:00-04:00,145.9499969482422,145.96499633789062,145.9499969482422,145.96499633789062,677,0.0,0.0
2024-07-12 10:23:00-04:00,146.02999877929688,146.13999938964844,146.02999877929688,146.06239318847656,2981,0.0,0.0
2024-07-12 10:24:00-04:00,146.14999389648438,146.22999572753906,146.13499450683594,146.22999572753906,1669,0.0,0.0
2024-07-12 10:25:00-04:00,146.2100067138672,146.25,146.16000366210938,146.16000366210938,2624,0.0,0.0
2024-07-12 10:26:00-04:00,146.1199951171875,146.14500427246094,146.07000732421875,146.14500427246094,1951,0.0,0.0
2024-07-12 10:27:00-04:00,146.14999389648438,146.24000549316406,146.14999389648438,146.1750030517578,936,0.0,0.0
2024-07-12 10:28:00-04:00,146.19000244140625,146.19000244140625,146.0399932861328,146.0399932861328,3032,0.0,0.0
2024-07-12 10:29:00-04:00,146.16000366210938,146.16000366210938,146.10000610351562,146.10000610351562,443,0.0,0.0
2024-07-12 10:30:00-04:00,146.0399932861328,146.10000610351562,145.94000244140625,146.0800018310547,5930,0.0,0.0
2024-07-12 10:31:00-04:00,145.94180297851562,146.01499938964844,145.83999633789062,145.83999633789062,3951,0.0,0.0
2024-07-12 10:32:00-04:00,145.85000610351562,145.85000610351562,145.6699981689453,145.7050018310547,3667,0.0,0.0
2024-07-12 10:33:00-04:00,145.66000366210938,145.99000549316406,145.64999389648438,145.94500732421875,5397,0.0,0.0
2024-07-12 10:34:00-04:00,145.94500732421875,145.94500732421875,145.7700958251953,145.88499450683594,2117,0.0,0.0
2024-07-12 10:35:00-04:00,145.8800048828125,145.91000366210938,145.84500122070312,145.84500122070312,1030,0.0,0.0
2024-07-12 10:36:00-04:00,145.84500122070312,146.3800048828125,145.84500122070312,146.3800048828125,5643,0.0,0.0
2024-07-12 10:37:00-04:00,146.32000732421875,146.35000610351562,146.32000732421875,146.35000610351562,678,0.0,0.0
2024-07-12 10:38:00-04:00,146.38499450683594,146.58999633789062,146.38499450683594,146.55999755859375,1155,0.0,0.0
2024-07-12 10:39:00-04:00,146.67999267578125,146.8300018310547,146.39999389648438,146.39999389648438,4910,0.0,0.0
2024-07-12 10:40:00-04:00,146.3699951171875,146.3699951171875,146.2100067138672,146.2100067138672,2759,0.0,0.0
2024-07-12 10:41:00-04:00,146.1300048828125,146.1300048828125,145.9949951171875,145.9949951171875,5194,0.0,0.0
2024-07-12 10:42:00-04:00,146.0800018310547,146.15499877929688,146.07000732421875,146.07000732421875,1526,0.0,0.0
2024-07-12 10:43:00-04:00,146.05999755859375,146.05999755859375,146.05999755859375,146.05999755859375,284,0.0,0.0
2024-07-12 10:44:00-04:00,146.10000610351562,146.11500549316406,146.05499267578125,146.11500549316406,8674,0.0,0.0
2024-07-12 10:45:00-04:00,146.11500549316406,146.3249969482422,146.11500549316406,146.2949981689453,3204,0.0,0.0
2024-07-12 10:46:00-04:00,146.2899932861328,146.3800048828125,146.2899932861328,146.2899932861328,642,0.0,0.0
2024-07-12 10:47:00-04:00,146.22000122070312,146.36000061035156,146.14999389648438,146.36000061035156,2585,0.0,0.0
2024-07-12 10:48:00-04:00,146.27000427246094,146.27499389648438,146.27000427246094,146.27499389648438,829,0.0,0.0
2024-07-12 10:49:00-04:00,146.19000244140625,146.2050018310547,146.13999938964844,146.19000244140625,2683,0.0,0.0
2024-07-12 10:50:00-04:00,146.22999572753906,146.22999572753906,146.13999938964844,146.18499755859375,839,0.0,0.0
2024-07-12 10:51:00-04:00,146.18499755859375,146.18499755859375,146.13999938964844,146.13999938964844,803,0.0,0.0
2024-07-12 10:52:00-04:00,146.1199951171875,146.1199951171875,145.97000122070312,145.97000122070312,2284,0.0,0.0
2024-07-12 10:53:00-04:00,146.13499450683594,146.1999969482422,146.13499450683594,146.1999969482422,9100,0.0,0.0
2024-07-12 10:54:00-04:00,146.1300048828125,146.1999969482422,146.1300048828125,146.16000366210938,1231,0.0,0.0
2024-07-12 10:55:00-04:00,146.19000244140625,146.24000549316406,146.19000244140625,146.1999969482422,1053,0.0,0.0
2024-07-12 10:56:00-04:00,146.2100067138672,146.25999450683594,146.2100067138672,146.25,1388,0.0,0.0
2024-07-12 10:57:00-04:00,146.2100067138672,146.25999450683594,146.19000244140625,146.24000549316406,2829,0.0,0.0
2024-07-12 10:58:00-04:00,146.36500549316406,146.36500549316406,146.13999938964844,146.18499755859375,3144,0.0,0.0
2024-07-12 10:59:00-04:00,146.1750030517578,146.1750030517578,146.1750030517578,146.1750030517578,237,0.0,0.0
2024-07-12 11:00:00-04:00,146.22000122070312,146.3300018310547,146.22000122070312,146.3300018310547,795,0.0,0.0
2024-07-12 11:01:00-04:00,146.27499389648438,146.38999938964844,146.27499389648438,146.38999938964844,1250,0.0,0.0
2024-07-12 11:02:00-04:00,146.44000244140625,146.5,146.44000244140625,146.5,523,0.0,0.0
2024-07-12 11:03:00-04:00,146.44000244140625,146.5500030517578,146.44000244140625,146.5500030517578,523,0.0,0.0
2024-07-12 11:04:00-04:00,146.5399932861328,146.66000366210938,146.50999450683594,146.50999450683594,2459,0.0,0.0
2024-07-12 11:05:00-04:00,146.55499267578125,146.60989379882812,146.52000427246094,146.52000427246094,994,0.0,0.0
2024-07-12 11:06:00-04:00,146.50999450683594,146.50999450683594,146.50999450683594,146.50999450683594,714,0.0,0.0
2024-07-12 11:07:00-04:00,146.47999572753906,146.49000549316406,146.4499969482422,146.4499969482422,1492,0.0,0.0
2024-07-12 11:08:00-04:00,146.39999389648438,146.39999389648438,146.39999389648438,146.39999389648438,806,0.0,0.0
2024-07-12 11:10:00-04:00,146.360107421875,146.360107421875,146.36000061035156,146.36000061035156,1067,0.0,0.0
2024-07-12 11:11:00-04:00,146.3699951171875,146.3699951171875,146.3699951171875,146.3699951171875,593,0.0,0.0
2024-07-12 11:12:00-04:00,146.33999633789062,146.33999633789062,146.33999633789062,146.33999633789062,345,0.0,0.0
2024-07-12 11:13:00-04:00,146.3000030517578,146.3000030517578,146.2841033935547,146.2841033935547,1337,0.0,0.0
2024-07-12 11:14:00-04:00,146.35499572753906,146.3699951171875,146.35499572753906,146.3699951171875,281,0.0,0.0
2024-07-12 11:15:00-04:00,146.3699951171875,146.44000244140625,146.3699951171875,146.44000244140625,773,0.0,0.0
2024-07-12 11:16:00-04:00,146.5,146.5500030517578,146.5,146.5500030517578,2109,0.0,0.0
2024-07-12 11:18:00-04:00,146.4949951171875,146.52000427246094,146.4949951171875,146.52000427246094,1228,0.0,0.0
2024-07-12 11:19:00-04:00,146.6750030517578,146.6750030517578,146.6750030517578,146.6750030517578,733,0.0,0.0
2024-07-12 11:21:00-04:00,146.5800018310547,146.5800018310547,146.5500030517578,146.5500030517578,1787,0.0,0.0
2024-07-12 11:23:00-04:00,146.6199951171875,146.6199951171875,146.58999633789062,146.58999633789062,565,0.0,0.0
2024-07-12 11:24:00-04:00,146.60000610351562,146.66000366210938,146.5800018310547,146.59500122070312,1738,0.0,0.0
2024-07-12 11:25:00-04:00,146.60499572753906,146.60499572753906,146.58999633789062,146.58999633789062,834,0.0,0.0
2024-07-12 11:26:00-04:00,146.57000732421875,146.61000061035156,146.57000732421875,146.61000061035156,628,0.0,0.0
2024-07-12 11:28:00-04:00,146.6199951171875,146.75999450683594,146.6199951171875,146.75999450683594,2475,0.0,0.0
2024-07-12 11:29:00-04:00,146.7949981689453,146.8300018310547,146.7949981689453,146.80499267578125,658,0.0,0.0
2024-07-12 11:30:00-04:00,146.86000061035156,146.8699951171875,146.82000732421875,146.82000732421875,3573,0.0,0.0
2024-07-12 11:31:00-04:00,146.86000061035156,146.90989685058594,146.86000061035156,146.90989685058594,605,0.0,0.0
2024-07-12 11:32:00-04:00,146.80999755859375,146.8800048828125,146.80999755859375,146.8800048828125,1081,0.0,0.0
2024-07-12 11:33:00-04:00,146.80999755859375,146.84170532226562,146.75999450683594,146.75999450683594,1886,0.0,0.0
2024-07-12 11:34:00-04:00,146.72999572753906,146.72999572753906,146.6999969482422,146.6999969482422,1492,0.0,0.0
2024-07-12 11:35:00-04:00,146.71499633789062,146.91000366210938,146.71499633789062,146.91000366210938,2615,0.0,0.0
2024-07-12 11:36:00-04:00,146.88499450683594,146.88499450683594,146.8000030517578,146.86500549316406,1483,0.0,0.0
2024-07-12 11:37:00-04:00,146.8800048828125,146.8800048828125,146.80999755859375,146.80999755859375,717,0.0,0.0
2024-07-12 11:38:00-04:00,146.74000549316406,146.74000549316406,146.6699981689453,146.74000549316406,2285,0.0,0.0
2024-07-12 11:39:00-04:00,146.80999755859375,146.80999755859375,146.80999755859375,146.80999755859375,617,0.0,0.0
2024-07-12 11:40:00-04:00,146.8000030517578,146.8300018310547,146.7899932861328,146.8000030517578,893,0.0,0.0
2024-07-12 11:41:00-04:00,146.83740234375,146.83740234375,146.70010375976562,146.70010375976562,1138,0.0,0.0
2024-07-12 11:42:00-04:00,146.74000549316406,146.74000549316406,146.61000061035156,146.63999938964844,3576,0.0,0.0
2024-07-12 11:43:00-04:00,146.64999389648438,146.77000427246094,146.64999389648438,146.77000427246094,1891,0.0,0.0
2024-07-12 11:44:00-04:00,146.7100067138672,146.75999450683594,146.69500732421875,146.69500732421875,820,0.0,0.0
2024-07-12 11:45:00-04:00,146.75,146.75,146.67999267578125,146.6999969482422,2188,0.0,0.0
2024-07-12 11:46:00-04:00,146.66000366210938,146.66000366210938,146.625,146.625,1156,0.0,0.0
2024-07-12 11:47:00-04:00,146.61000061035156,146.61000061035156,146.4600067138672,146.47999572753906,4030,0.0,0.0
2024-07-12 11:48:00-04:00,146.50999450683594,146.58999633789062,146.50999450683594,146.52999877929688,820,0.0,0.0
2024-07-12 11:49:00-04:00,146.5399932861328,146.58999633789062,146.52000427246094,146.5800018310547,1315,0.0,0.0
2024-07-12 11:50:00-04:00,146.5500030517578,146.63999938964844,146.50999450683594,146.5500030517578,2028,0.0,0.0
2024-07-12 11:51:00-04:00,146.57000732421875,146.57000732421875,146.57000732421875,146.57000732421875,1430,0.0,0.0
2024-07-12 11:52:00-04:00,146.6300048828125,146.74000549316406,146.5500030517578,146.7050018310547,4485,0.0,0.0
2024-07-12 11:53:00-04:00,146.7100067138672,146.7100067138672,146.7100067138672,146.7100067138672,446,0.0,0.0
2024-07-12 11:54:00-04:00,146.7100067138672,146.7100067138672,146.64999389648438,146.64999389648438,2794,0.0,0.0
2024-07-12 11:55:00-04:00,146.6699981689453,146.72000122070312,146.6699981689453,146.7050018310547,2366,0.0,0.0
2024-07-12 11:56:00-04:00,146.7100067138672,146.75990295410156,146.69000244140625,146.69000244140625,950,0.0,0.0
2024-07-12 11:57:00-04:00,146.72999572753906,146.86000061035156,146.72999572753906,146.8000030517578,2573,0.0,0.0
2024-07-12 11:59:00-04:00,146.75999450683594,146.75999450683594,146.5800018310547,146.5800018310547,2536,0.0,0.0
2024-07-12 12:00:00-04:00,146.6269989013672,146.72000122070312,146.55999755859375,146.69000244140625,3374,0.0,0.0
2024-07-12 12:01:00-04:00,146.67999267578125,146.67999267578125,146.6300048828125,146.63999938964844,907,0.0,0.0
2024-07-12 12:02:00-04:00,146.69000244140625,146.69000244140625,146.67999267578125,146.67999267578125,532,0.0,0.0
2024-07-12 12:03:00-04:00,146.67999267578125,146.8282012939453,146.6750030517578,146.75999450683594,2713,0.0,0.0
2024-07-12 12:05:00-04:00,146.72000122070312,146.74000549316406,146.7100067138672,146.73500061035156,1303,0.0,0.0
2024-07-12 12:06:00-04:00,146.67999267578125,146.72000122070312,146.55999755859375,146.6020050048828,2558,0.0,0.0
2024-07-12 12:07:00-04:00,146.58999633789062,146.58999633789062,146.58999633789062,146.58999633789062,642,0.0,0.0
2024-07-12 12:08:00-04:00,146.5225067138672,146.5225067138672,146.5225067138672,146.5225067138672,222,0.0,0.0
2024-07-12 12:09:00-04:00,146.49000549316406,146.6300048828125,146.47999572753906,146.6300048828125,3016,0.0,0.0
2024-07-12 12:10:00-04:00,146.64500427246094,146.64500427246094,146.64500427246094,146.64500427246094,310,0.0,0.0
2024-07-12 12:11:00-04:00,146.64500427246094,146.64999389648438,146.5850067138672,146.64500427246094,1561,0.0,0.0
2024-07-12 12:12:00-04:00,146.6999969482422,146.6999969482422,146.65499877929688,146.65499877929688,323,0.0,0.0
2024-07-12 12:13:00-04:00,146.58999633789062,146.64999389648438,146.58999633789062,146.64999389648438,1268,0.0,0.0
2024-07-12 12:14:00-04:00,146.58999633789062,146.75,146.58999633789062,146.75,2782,0.0,0.0
2024-07-12 12:15:00-04:00,146.75,146.8000030517578,146.72999572753906,146.77999877929688,1914,0.0,0.0
2024-07-12 12:16:00-04:00,146.83999633789062,146.88999938964844,146.83999633789062,146.88999938964844,1614,0.0,0.0
2024-07-12 12:17:00-04:00,146.88499450683594,146.94000244140625,146.88499450683594,146.94000244140625,3139,0.0,0.0
2024-07-12 12:18:00-04:00,146.88999938964844,146.89999389648438,146.8800048828125,146.88999938964844,1668,0.0,0.0
2024-07-12 12:19:00-04:00,146.89999389648438,146.92909240722656,146.89999389648438,146.92909240722656,300,0.0,0.0
2024-07-12 12:20:00-04:00,146.88999938964844,146.88999938964844,146.85000610351562,146.85000610351562,1540,0.0,0.0
2024-07-12 12:21:00-04:00,146.83999633789062,146.83999633789062,146.77000427246094,146.77000427246094,1698,0.0,0.0
2024-07-12 12:22:00-04:00,146.77000427246094,146.82000732421875,146.6999969482422,146.82000732421875,1973,0.0,0.0
2024-07-12 12:23:00-04:00,146.67999267578125,146.6999969482422,146.6300048828125,146.65499877929688,1414,0.0,0.0
2024-07-12 12:24:00-04:00,146.61500549316406,146.61500549316406,146.61500549316406,146.61500549316406,813,0.0,0.0
2024-07-12 12:25:00-04:00,146.64999389648438,146.64999389648438,146.6300048828125,146.6300048828125,1141,0.0,0.0
2024-07-12 12:26:00-04:00,146.61000061035156,146.625,146.57000732421875,146.60000610351562,2638,0.0,0.0
2024-07-12 12:27:00-04:00,146.57000732421875,146.5800018310547,146.5500030517578,146.5800018310547,716,0.0,0.0
2024-07-12 12:28:00-04:00,146.5,146.5399932861328,146.4600067138672,146.5399932861328,3528,0.0,0.0
2024-07-12 12:29:00-04:00,146.47999572753906,146.47999572753906,146.47999572753906,146.47999572753906,945,0.0,0.0
2024-07-12 12:30:00-04:00,146.42999267578125,146.44000244140625,146.42999267578125,146.42999267578125,592,0.0,0.0
2024-07-12 12:31:00-04:00,146.4499969482422,146.4499969482422,146.4499969482422,146.4499969482422,921,0.0,0.0
2024-07-12 12:32:00-04:00,146.4499969482422,146.5,146.4499969482422,146.5,1217,0.0,0.0
2024-07-12 12:33:00-04:00,146.53500366210938,146.53500366210938,146.5,146.5050048828125,2280,0.0,0.0
2024-07-12 12:34:00-04:00,146.52000427246094,146.6199951171875,146.5,146.56100463867188,4490,0.0,0.0
2024-07-12 12:36:00-04:00,146.59500122070312,146.59500122070312,146.59500122070312,146.59500122070312,327,0.0,0.0
2024-07-12 12:37:00-04:00,146.57749938964844,146.5800018310547,146.50999450683594,146.51499938964844,1845,0.0,0.0
2024-07-12 12:38:00-04:00,146.51499938964844,146.51499938964844,146.51499938964844,146.51499938964844,309,0.0,0.0
2024-07-12 12:39:00-04:00,146.4600067138672,146.48500061035156,146.4499969482422,146.47000122070312,848,0.0,0.0
2024-07-12 12:40:00-04:00,146.42999267578125,146.42999267578125,146.41200256347656,146.41200256347656,630,0.0,0.0
2024-07-12 12:41:00-04:00,146.44500732421875,146.49000549316406,146.44500732421875,146.49000549316406,590,0.0,0.0
2024-07-12 12:42:00-04:00,146.44000244140625,146.5,146.42999267578125,146.4949951171875,2345,0.0,0.0
2024-07-12 12:43:00-04:00,146.5,146.57000732421875,146.5,146.57000732421875,2764,0.0,0.0
2024-07-12 12:44:00-04:00,146.50999450683594,146.50999450683594,146.41000366210938,146.42999267578125,1837,0.0,0.0
2024-07-12 12:45:00-04:00,146.4250030517578,146.4250030517578,146.3800048828125,146.3800048828125,1425,0.0,0.0
2024-07-12 12:46:00-04:00,146.41000366210938,146.41000366210938,146.41000366210938,146.41000366210938,726,0.0,0.0
2024-07-12 12:47:00-04:00,146.4499969482422,146.50999450683594,146.4499969482422,146.4949951171875,1159,0.0,0.0
2024-07-12 12:48:00-04:00,146.4949951171875,146.57000732421875,146.4949951171875,146.51499938964844,1825,0.0,0.0
2024-07-12 12:49:00-04:00,146.51499938964844,146.72999572753906,146.50100708007812,146.66000366210938,2646,0.0,0.0
2024-07-12 12:50:00-04:00,146.63999938964844,146.69000244140625,146.63999938964844,146.69000244140625,285,0.0,0.0
2024-07-12 12:51:00-04:00,146.6699981689453,146.77000427246094,146.6699981689453,146.74020385742188,1765,0.0,0.0
2024-07-12 12:52:00-04:00,146.7100067138672,146.71499633789062,146.63999938964844,146.65499877929688,2266,0.0,0.0
2024-07-12 12:53:00-04:00,146.58999633789062,146.61000061035156,146.47000122070312,146.47000122070312,2983,0.0,0.0
2024-07-12 12:54:00-04:00,146.49000549316406,146.57000732421875,146.49000549316406,146.55999755859375,1856,0.0,0.0
2024-07-12 12:55:00-04:00,146.55499267578125,146.60499572753906,146.55499267578125,146.60499572753906,1366,0.0,0.0
2024-07-12 12:56:00-04:00,146.63999938964844,146.7174072265625,146.63999938964844,146.71499633789062,2922,0.0,0.0
2024-07-12 12:57:00-04:00,146.77000427246094,146.8000030517578,146.75,146.8000030517578,1585,0.0,0.0
2024-07-12 12:58:00-04:00,146.8800048828125,146.89999389648438,146.79600524902344,146.79600524902344,2065,0.0,0.0
2024-07-12 12:59:00-04:00,146.77999877929688,146.77999877929688,146.63999938964844,146.67999267578125,2334,0.0,0.0
2024-07-12 13:00:00-04:00,146.61000061035156,146.63499450683594,146.5,146.5,1027,0.0,0.0
2024-07-12 13:01:00-04:00,146.4499969482422,146.49000549316406,146.4499969482422,146.47000122070312,1121,0.0,0.0
2024-07-12 13:02:00-04:00,146.50999450683594,146.50999450683594,146.50999450683594,146.50999450683594,234,0.0,0.0
2024-07-12 13:03:00-04:00,146.4499969482422,146.6300048828125,146.4199981689453,146.61500549316406,3050,0.0,0.0
2024-07-12 13:04:00-04:00,146.61500549316406,146.77999877929688,146.61500549316406,146.72999572753906,4250,0.0,0.0
2024-07-12 13:06:00-04:00,146.7550048828125,146.82000732421875,146.7550048828125,146.7550048828125,526,0.0,0.0
2024-07-12 13:07:00-04:00,146.8000030517578,146.8000030517578,146.66000366210938,146.66000366210938,1848,0.0,0.0
2024-07-12 13:08:00-04:00,146.63999938964844,146.63999938964844,146.6199951171875,146.63999938964844,707,0.0,0.0
2024-07-12 13:09:00-04:00,146.5800018310547,146.5800018310547,146.5399932861328,146.57000732421875,778,0.0,0.0
2024-07-12 13:10:00-04:00,146.6300048828125,146.69000244140625,146.6300048828125,146.67999267578125,1048,0.0,0.0
2024-07-12 13:11:00-04:00,146.67999267578125,146.72000122070312,146.63999938964844,146.66000366210938,1077,0.0,0.0
2024-07-12 13:12:00-04:00,146.66000366210938,146.66000366210938,146.66000366210938,146.66000366210938,226,0.0,0.0
2024-07-12 13:13:00-04:00,146.66000366210938,146.66000366210938,146.5500030517578,146.5500030517578,1979,0.0,0.0
2024-07-12 13:14:00-04:00,146.5800018310547,146.62890625,146.5800018310547,146.62890625,3243,0.0,0.0
2024-07-12 13:15:00-04:00,146.6199951171875,146.66000366210938,146.61000061035156,146.66000366210938,744,0.0,0.0
2024-07-12 13:16:00-04:00,146.63999938964844,146.72000122070312,146.63999938964844,146.72000122070312,1578,0.0,0.0
2024-07-12 13:17:00-04:00,146.7100067138672,146.75999450683594,146.6999969482422,146.71499633789062,1878,0.0,0.0
2024-07-12 13:18:00-04:00,146.697998046875,146.7899932861328,146.697998046875,146.74000549316406,5011,0.0,0.0
2024-07-12 13:19:00-04:00,146.74000549316406,146.7899932861328,146.74000549316406,146.7899932861328,2089,0.0,0.0
2024-07-12 13:20:00-04:00,146.77000427246094,146.8199005126953,146.6699981689453,146.6699981689453,3938,0.0,0.0
2024-07-12 13:21:00-04:00,146.6699981689453,146.6699981689453,146.6699981689453,146.6699981689453,240,0.0,0.0
2024-07-12 13:22:00-04:00,146.72999572753906,146.75,146.69500732421875,146.69500732421875,972,0.0,0.0
2024-07-12 13:23:00-04:00,146.7899932861328,146.80999755859375,146.77499389648438,146.80999755859375,825,0.0,0.0
2024-07-12 13:24:00-04:00,146.7550048828125,146.7550048828125,146.7100067138672,146.72000122070312,1525,0.0,0.0
2024-07-12 13:26:00-04:00,146.75,146.82000732421875,146.75,146.81500244140625,1759,0.0,0.0
2024-07-12 13:27:00-04:00,146.8249969482422,146.86000061035156,146.82000732421875,146.86000061035156,820,0.0,0.0
2024-07-12 13:28:00-04:00,146.8300018310547,146.91000366210938,146.8300018310547,146.91000366210938,1938,0.0,0.0
2024-07-12 13:29:00-04:00,146.9499969482422,146.97999572753906,146.9499969482422,146.9600067138672,1588,0.0,0.0
2024-07-12 13:30:00-04:00,147.0,147.00999450683594,146.9199981689453,147.00999450683594,2220,0.0,0.0
2024-07-12 13:31:00-04:00,146.97999572753906,147.0399932861328,146.97999572753906,147.02999877929688,1244,0.0,0.0
2024-07-12 13:32:00-04:00,146.97000122070312,147.13999938964844,146.97000122070312,147.1300048828125,5131,0.0,0.0
2024-07-12 13:33:00-04:00,147.09500122070312,147.09500122070312,147.0800018310547,147.0800018310547,801,0.0,0.0
2024-07-12 13:34:00-04:00,147.10499572753906,147.14999389648438,147.10499572753906,147.14999389648438,459,0.0,0.0
2024-07-12 13:35:00-04:00,147.11000061035156,147.11000061035156,147.07000732421875,147.08999633789062,839,0.0,0.0
2024-07-12 13:36:00-04:00,147.08999633789062,147.10499572753906,147.08999633789062,147.10499572753906,407,0.0,0.0
2024-07-12 13:37:00-04:00,147.05999755859375,147.07000732421875,147.00999450683594,147.00999450683594,2757,0.0,0.0
2024-07-12 13:38:00-04:00,146.9510955810547,147.0500030517578,146.9510955810547,147.0500030517578,909,0.0,0.0
2024-07-12 13:39:00-04:00,147.00999450683594,147.09500122070312,147.00999450683594,147.05999755859375,2076,0.0,0.0
2024-07-12 13:40:00-04:00,147.0500030517578,147.0500030517578,147.02999877929688,147.02999877929688,1316,0.0,0.0
2024-07-12 13:41:00-04:00,147.0800018310547,147.09300231933594,147.0800018310547,147.09300231933594,819,0.0,0.0
2024-07-12 13:42:00-04:00,147.0850067138672,147.1199951171875,147.0500030517578,147.10000610351562,2946,0.0,0.0
2024-07-12 13:43:00-04:00,147.1300048828125,147.19000244140625,147.05999755859375,147.07000732421875,5246,0.0,0.0
2024-07-12 13:44:00-04:00,147.0850067138672,147.11000061035156,147.0850067138672,147.10000610351562,2013,0.0,0.0
2024-07-12 13:45:00-04:00,147.19000244140625,147.22000122070312,147.18499755859375,147.22000122070312,1756,0.0,0.0
2024-07-12 13:46:00-04:00,147.1999969482422,147.1999969482422,147.17999267578125,147.1999969482422,605,0.0,0.0
2024-07-12 13:47:00-04:00,147.22000122070312,147.22000122070312,147.19000244140625,147.19000244140625,701,0.0,0.0
2024-07-12 13:48:00-04:00,147.2100067138672,147.21499633789062,147.2100067138672,147.21499633789062,455,0.0,0.0
2024-07-12 13:49:00-04:00,147.19000244140625,147.32000732421875,147.19000244140625,147.32000732421875,2293,0.0,0.0
2024-07-12 13:50:00-04:00,147.3800048828125,147.39999389648438,147.36630249023438,147.39999389648438,421,0.0,0.0
2024-07-12 13:51:00-04:00,147.44000244140625,147.5,147.38999938964844,147.38999938964844,3522,0.0,0.0
2024-07-12 13:52:00-04:00,147.38999938964844,147.38999938964844,147.33999633789062,147.36000061035156,733,0.0,0.0
2024-07-12 13:53:00-04:00,147.3699951171875,147.45509338378906,147.36000061035156,147.43499755859375,3592,0.0,0.0
2024-07-12 13:54:00-04:00,147.41000366210938,147.41000366210938,147.41000366210938,147.41000366210938,564,0.0,0.0
2024-07-12 13:55:00-04:00,147.39999389648438,147.4499969482422,147.39999389648438,147.43499755859375,3157,0.0,0.0
2024-07-12 13:56:00-04:00,147.42999267578125,147.42999267578125,147.3699951171875,147.4149932861328,6069,0.0,0.0
2024-07-12 13:57:00-04:00,147.4199981689453,147.4499969482422,147.38999938964844,147.38999938964844,3398,0.0,0.0
2024-07-12 13:58:00-04:00,147.38999938964844,147.4199981689453,147.38999938964844,147.39999389648438,1842,0.0,0.0
2024-07-12 13:59:00-04:00,147.39999389648438,147.4499969482422,147.3800048828125,147.4499969482422,3109,0.0,0.0
2024-07-12 14:00:00-04:00,147.4250030517578,147.4250030517578,147.33999633789062,147.39610290527344,3077,0.0,0.0
2024-07-12 14:01:00-04:00,147.4499969482422,147.4499969482422,147.3699951171875,147.3800048828125,2634,0.0,0.0
2024-07-12 14:02:00-04:00,147.32000732421875,147.36000061035156,147.32000732421875,147.36000061035156,892,0.0,0.0
2024-07-12 14:03:00-04:00,147.33999633789062,147.38999938964844,147.30999755859375,147.36000061035156,1670,0.0,0.0
2024-07-12 14:04:00-04:00,147.33999633789062,147.36500549316406,147.33999633789062,147.36500549316406,770,0.0,0.0
2024-07-12 14:05:00-04:00,147.36500549316406,147.36500549316406,147.32000732421875,147.32000732421875,436,0.0,0.0
2024-07-12 14:06:00-04:00,147.40199279785156,147.40199279785156,147.36000061035156,147.38999938964844,2477,0.0,0.0
2024-07-12 14:07:00-04:00,147.36000061035156,147.36500549316406,147.3300018310547,147.36500549316406,1793,0.0,0.0
2024-07-12 14:08:00-04:00,147.35000610351562,147.35000610351562,147.35000610351562,147.35000610351562,238,0.0,0.0
2024-07-12 14:09:00-04:00,147.33999633789062,147.3699951171875,147.33999633789062,147.3699951171875,962,0.0,0.0
2024-07-12 14:10:00-04:00,147.3800048828125,147.3800048828125,147.27999877929688,147.27999877929688,3172,0.0,0.0
2024-07-12 14:11:00-04:00,147.25999450683594,147.25999450683594,147.1649932861328,147.19000244140625,1939,0.0,0.0
2024-07-12 14:12:00-04:00,147.1999969482422,147.22999572753906,147.17999267578125,147.22000122070312,1428,0.0,0.0
2024-07-12 14:13:00-04:00,147.19000244140625,147.25999450683594,147.19000244140625,147.2449951171875,2273,0.0,0.0
2024-07-12 14:14:00-04:00,147.21499633789062,147.30999755859375,147.21499633789062,147.30999755859375,2934,0.0,0.0
2024-07-12 14:15:00-04:00,147.3000030517578,147.3350067138672,147.3000030517578,147.3350067138672,1559,0.0,0.0
2024-07-12 14:16:00-04:00,147.3350067138672,147.3350067138672,147.31649780273438,147.31649780273438,489,0.0,0.0
2024-07-12 14:17:00-04:00,147.36000061035156,147.36000061035156,147.30999755859375,147.36000061035156,3655,0.0,0.0
2024-07-12 14:18:00-04:00,147.3300018310547,147.4499969482422,147.27499389648438,147.4149932861328,6592,0.0,0.0
2024-07-12 14:19:00-04:00,147.4149932861328,147.4149932861328,147.41000366210938,147.41000366210938,1019,0.0,0.0
2024-07-12 14:20:00-04:00,147.38999938964844,147.38999938964844,147.33030700683594,147.36000061035156,1866,0.0,0.0
2024-07-12 14:21:00-04:00,147.41000366210938,147.4499969482422,147.41000366210938,147.4499969482422,597,0.0,0.0
2024-07-12 14:22:00-04:00,147.42999267578125,147.42999267578125,147.38999938964844,147.39999389648438,720,0.0,0.0
2024-07-12 14:23:00-04:00,147.42999267578125,147.42999267578125,147.36000061035156,147.38999938964844,2775,0.0,0.0
2024-07-12 14:24:00-04:00,147.36000061035156,147.4199981689453,147.36000061035156,147.4199981689453,1885,0.0,0.0
2024-07-12 14:26:00-04:00,147.3800048828125,147.3800048828125,147.3800048828125,147.3800048828125,1174,0.0,0.0
2024-07-12 14:27:00-04:00,147.3800048828125,147.4499969482422,147.3800048828125,147.4199981689453,3322,0.0,0.0
2024-07-12 14:28:00-04:00,147.38999938964844,147.40499877929688,147.3350067138672,147.34500122070312,2836,0.0,0.0
2024-07-12 14:29:00-04:00,147.3699951171875,147.40049743652344,147.3249969482422,147.3300018310547,2224,0.0,0.0
2024-07-12 14:30:00-04:00,147.33999633789062,147.33999633789062,147.30999755859375,147.3300018310547,1624,0.0,0.0
2024-07-12 14:31:00-04:00,147.3350067138672,147.3350067138672,147.3350067138672,147.3350067138672,396,0.0,0.0
2024-07-12 14:32:00-04:00,147.30999755859375,147.36990356445312,147.30999755859375,147.3350067138672,698,0.0,0.0
2024-07-12 14:33:00-04:00,147.3699951171875,147.4199981689453,147.32000732421875,147.34500122070312,3605,0.0,0.0
2024-07-12 14:34:00-04:00,147.34500122070312,147.5,147.34500122070312,147.5,5765,0.0,0.0
2024-07-12 14:35:00-04:00,147.52000427246094,147.52000427246094,147.49000549316406,147.49000549316406,795,0.0,0.0
2024-07-12 14:36:00-04:00,147.47999572753906,147.47999572753906,147.30999755859375,147.30999755859375,8323,0.0,0.0
2024-07-12 14:37:00-04:00,147.33999633789062,147.3800048828125,147.3300018310547,147.35000610351562,1158,0.0,0.0
2024-07-12 14:38:00-04:00,147.35499572753906,147.35499572753906,147.27000427246094,147.2899932861328,1666,0.0,0.0
2024-07-12 14:39:00-04:00,147.2949981689453,147.2949981689453,147.2949981689453,147.2949981689453,246,0.0,0.0
2024-07-12 14:40:00-04:00,147.27999877929688,147.27999877929688,147.27999877929688,147.27999877929688,533,0.0,0.0
2024-07-12 14:41:00-04:00,147.24000549316406,147.25,147.22999572753906,147.25,1521,0.0,0.0
2024-07-12 14:42:00-04:00,147.24000549316406,147.24000549316406,147.2100067138672,147.2100067138672,787,0.0,0.0
2024-07-12 14:43:00-04:00,147.22500610351562,147.25,147.22500610351562,147.22500610351562,874,0.0,0.0
2024-07-12 14:44:00-04:00,147.25,147.35000610351562,147.25,147.32000732421875,3653,0.0,0.0
2024-07-12 14:45:00-04:00,147.32000732421875,147.3350067138672,147.27999877929688,147.31500244140625,2628,0.0,0.0
2024-07-12 14:46:00-04:00,147.31500244140625,147.36500549316406,147.31500244140625,147.36500549316406,1364,0.0,0.0
2024-07-12 14:47:00-04:00,147.36500549316406,147.36500549316406,147.3300018310547,147.3300018310547,2162,0.0,0.0
2024-07-12 14:49:00-04:00,147.33999633789062,147.33999633789062,147.33999633789062,147.33999633789062,1232,0.0,0.0
2024-07-12 14:50:00-04:00,147.3000030517578,147.30999755859375,147.22999572753906,147.25,3312,0.0,0.0
2024-07-12 14:51:00-04:00,147.25,147.25,147.25,147.25,774,0.0,0.0
2024-07-12 14:52:00-04:00,147.17999267578125,147.21499633789062,147.17999267578125,147.1905059814453,953,0.0,0.0
2024-07-12 14:53:00-04:00,147.17999267578125,147.2899932861328,147.1699981689453,147.25999450683594,3329,0.0,0.0
2024-07-12 14:54:00-04:00,147.26499938964844,147.26499938964844,147.22000122070312,147.22000122070312,1350,0.0,0.0
2024-07-12 14:55:00-04:00,147.22999572753906,147.25,147.19000244140625,147.19000244140625,1325,0.0,0.0
2024-07-12 14:56:00-04:00,147.24000549316406,147.2899932861328,147.22999572753906,147.22999572753906,2860,0.0,0.0
2024-07-12 14:57:00-04:00,147.24000549316406,147.24000549316406,147.24000549316406,147.24000549316406,497,0.0,0.0
2024-07-12 14:58:00-04:00,147.24000549316406,147.27000427246094,147.17999267578125,147.17999267578125,2748,0.0,0.0
2024-07-12 14:59:00-04:00,147.20799255371094,147.20799255371094,147.17010498046875,147.19500732421875,1479,0.0,0.0
2024-07-12 15:00:00-04:00,147.21499633789062,147.21499633789062,147.21499633789062,147.21499633789062,263,0.0,0.0
2024-07-12 15:01:00-04:00,147.22000122070312,147.22000122070312,147.13999938964844,147.14500427246094,2327,0.0,0.0
2024-07-12 15:02:00-04:00,147.14500427246094,147.2100067138672,147.14500427246094,147.1699981689453,3003,0.0,0.0
2024-07-12 15:03:00-04:00,147.16000366210938,147.25999450683594,147.1199951171875,147.2550048828125,5246,0.0,0.0
2024-07-12 15:04:00-04:00,147.2449951171875,147.2498016357422,147.23500061035156,147.2498016357422,1291,0.0,0.0
2024-07-12 15:05:00-04:00,147.27000427246094,147.36500549316406,147.27000427246094,147.36500549316406,3375,0.0,0.0
2024-07-12 15:06:00-04:00,147.3300018310547,147.35000610351562,147.1999969482422,147.1999969482422,4478,0.0,0.0
2024-07-12 15:07:00-04:00,147.22999572753906,147.33999633789062,147.22999572753906,147.3300018310547,3180,0.0,0.0
2024-07-12 15:08:00-04:00,147.32000732421875,147.33999633789062,147.32000732421875,147.33999633789062,1083,0.0,0.0
2024-07-12 15:09:00-04:00,147.3000030517578,147.33999633789062,147.3000030517578,147.3300018310547,1126,0.0,0.0
2024-07-12 15:10:00-04:00,147.2899932861328,147.32000732421875,147.2899932861328,147.32000732421875,1099,0.0,0.0
2024-07-12 15:11:00-04:00,147.32000732421875,147.41000366210938,147.32000732421875,147.39999389648438,2262,0.0,0.0
2024-07-12 15:12:00-04:00,147.41000366210938,147.52999877929688,147.39999389648438,147.52999877929688,2075,0.0,0.0
2024-07-12 15:13:00-04:00,147.5399932861328,147.67649841308594,147.4600067138672,147.4600067138672,6451,0.0,0.0
2024-07-12 15:14:00-04:00,147.42999267578125,147.47000122070312,147.42999267578125,147.4550018310547,1415,0.0,0.0
2024-07-12 15:15:00-04:00,147.46499633789062,147.55999755859375,147.4499969482422,147.55999755859375,9179,0.0,0.0
2024-07-12 15:16:00-04:00,147.52999877929688,147.55499267578125,147.50999450683594,147.50999450683594,1997,0.0,0.0
2024-07-12 15:17:00-04:00,147.52749633789062,147.55999755859375,147.52000427246094,147.55999755859375,1944,0.0,0.0
2024-07-12 15:18:00-04:00,147.50059509277344,147.51910400390625,147.4499969482422,147.4499969482422,2036,0.0,0.0
2024-07-12 15:19:00-04:00,147.4499969482422,147.49000549316406,147.4499969482422,147.4600067138672,1323,0.0,0.0
2024-07-12 15:20:00-04:00,147.49000549316406,147.55999755859375,147.49000549316406,147.55999755859375,1911,0.0,0.0
2024-07-12 15:21:00-04:00,147.5800018310547,147.72000122070312,147.55999755859375,147.72000122070312,1554,0.0,0.0
2024-07-12 15:22:00-04:00,147.6699981689453,147.69000244140625,147.6300048828125,147.67999267578125,3082,0.0,0.0
2024-07-12 15:23:00-04:00,147.7100067138672,147.72999572753906,147.67999267578125,147.7100067138672,3324,0.0,0.0
2024-07-12 15:24:00-04:00,147.75,147.75,147.6999969482422,147.7100067138672,2993,0.0,0.0
2024-07-12 15:25:00-04:00,147.72000122070312,147.7550048828125,147.6999969482422,147.7550048828125,887,0.0,0.0
2024-07-12 15:26:00-04:00,147.75,147.7550048828125,147.64999389648438,147.66000366210938,4236,0.0,0.0
2024-07-12 15:27:00-04:00,147.6999969482422,147.72999572753906,147.67999267578125,147.67999267578125,2942,0.0,0.0
2024-07-12 15:28:00-04:00,147.6699981689453,147.6699981689453,147.64999389648438,147.65499877929688,1844,0.0,0.0
2024-07-12 15:29:00-04:00,147.69000244140625,147.72000122070312,147.6649932861328,147.72000122070312,2716,0.0,0.0
2024-07-12 15:30:00-04:00,147.74000549316406,147.77000427246094,147.7100067138672,147.7100067138672,3279,0.0,0.0
2024-07-12 15:31:00-04:00,147.6999969482422,147.7899932861328,147.64999389648438,147.6999969482422,15403,0.0,0.0
2024-07-12 15:32:00-04:00,147.77000427246094,147.7899932861328,147.75,147.75,3941,0.0,0.0
2024-07-12 15:33:00-04:00,147.77000427246094,147.77999877929688,147.72999572753906,147.75,1559,0.0,0.0
2024-07-12 15:34:00-04:00,147.76499938964844,147.81500244140625,147.76499938964844,147.81500244140625,1985,0.0,0.0
2024-07-12 15:35:00-04:00,147.7899932861328,147.7899932861328,147.6699981689453,147.69000244140625,3885,0.0,0.0
2024-07-12 15:36:00-04:00,147.72000122070312,147.78500366210938,147.72000122070312,147.77499389648438,2590,0.0,0.0
2024-07-12 15:37:00-04:00,147.75999450683594,147.75999450683594,147.72000122070312,147.72999572753906,2952,0.0,0.0
2024-07-12 15:38:00-04:00,147.72000122070312,147.8000030517578,147.6999969482422,147.8000030517578,3808,0.0,0.0
2024-07-12 15:39:00-04:00,147.80499267578125,147.80499267578125,147.67999267578125,147.67999267578125,3258,0.0,0.0
2024-07-12 15:40:00-04:00,147.66000366210938,147.66000366210938,147.49000549316406,147.5500030517578,9593,0.0,0.0
2024-07-12 15:41:00-04:00,147.5850067138672,147.5850067138672,147.49000549316406,147.50999450683594,3055,0.0,0.0
2024-07-12 15:42:00-04:00,147.52999877929688,147.52999877929688,147.47999572753906,147.52000427246094,6072,0.0,0.0
2024-07-12 15:43:00-04:00,147.52000427246094,147.52000427246094,147.43499755859375,147.43499755859375,3918,0.0,0.0
2024-07-12 15:44:00-04:00,147.4499969482422,147.5399932861328,147.42999267578125,147.5399932861328,7542,0.0,0.0
2024-07-12 15:45:00-04:00,147.55999755859375,147.6999969482422,147.55999755859375,147.67999267578125,7180,0.0,0.0
2024-07-12 15:46:00-04:00,147.7100067138672,147.77999877929688,147.7100067138672,147.72000122070312,7490,0.0,0.0
2024-07-12 15:47:00-04:00,147.7449951171875,147.75950622558594,147.66000366210938,147.7100067138672,16954,0.0,0.0
2024-07-12 15:48:00-04:00,147.7100067138672,147.7449951171875,147.6699981689453,147.7100067138672,12044,0.0,0.0
2024-07-12 15:49:00-04:00,147.7100067138672,147.72999572753906,147.67999267578125,147.72999572753906,10743,0.0,0.0
2024-07-12 15:50:00-04:00,147.7100067138672,147.77999877929688,147.5399932861328,147.60000610351562,33612,0.0,0.0
2024-07-12 15:51:00-04:00,147.60499572753906,147.89999389648438,147.5800018310547,147.8800048828125,23610,0.0,0.0
2024-07-12 15:52:00-04:00,147.85000610351562,147.88999938964844,147.80999755859375,147.83999633789062,13243,0.0,0.0
2024-07-12 15:53:00-04:00,147.8300018310547,147.85000610351562,147.75,147.80999755859375,14055,0.0,0.0
2024-07-12 15:54:00-04:00,147.80999755859375,147.9499969482422,147.7899932861328,147.7899932861328,17638,0.0,0.0
2024-07-12 15:55:00-04:00,147.77000427246094,147.94000244140625,147.75,147.91000366210938,30162,0.0,0.0
2024-07-12 15:56:00-04:00,147.89999389648438,147.91000366210938,147.77000427246094,147.77999877929688,24939,0.0,0.0
2024-07-12 15:57:00-04:00,147.77000427246094,147.77499389648438,147.6999969482422,147.75,30092,0.0,0.0
2024-07-12 15:58:00-04:00,147.77999877929688,147.86000061035156,147.72000122070312,147.84500122070312,55258,0.0,0.0
2024-07-12 15:59:00-04:00,147.8699951171875,147.9499969482422,147.7899932861328,147.85000610351562,95314,0.0,0.0
