Datetime,Open,High,Low,Close,Volume,Dividends,Stock Splits,Capital Gains
2024-07-08 09:30:00-04:00,141.5,141.5,141.42999267578125,141.5,1982,0.0,0.0,0.0
2024-07-08 09:32:00-04:00,141.6199951171875,141.63999938964844,141.6199951171875,141.63999938964844,540,0.0,0.0,0.0
2024-07-08 09:33:00-04:00,141.6699981689453,141.8300018310547,141.65499877929688,141.8300018310547,2414,0.0,0.0,0.0
2024-07-08 09:34:00-04:00,141.72999572753906,141.81199645996094,141.72999572753906,141.81199645996094,300,0.0,0.0,0.0
2024-07-08 09:35:00-04:00,141.72999572753906,141.77000427246094,141.72999572753906,141.77000427246094,811,0.0,0.0,0.0
2024-07-08 09:36:00-04:00,141.89999389648438,142.0,141.89999389648438,142.0,2355,0.0,0.0,0.0
2024-07-08 09:39:00-04:00,142.09500122070312,142.09500122070312,142.09500122070312,142.09500122070312,319,0.0,0.0,0.0
2024-07-08 09:44:00-04:00,142.0189971923828,142.0189971923828,142.0189971923828,142.0189971923828,512,0.0,0.0,0.0
2024-07-08 09:54:00-04:00,142.2259063720703,142.2259063720703,142.2259063720703,142.2259063720703,1020,0.0,0.0,0.0
2024-07-08 10:14:00-04:00,142.389892578125,142.389892578125,142.389892578125,142.389892578125,263,0.0,0.0,0.0
2024-07-08 10:18:00-04:00,142.17010498046875,142.17010498046875,142.17010498046875,142.17010498046875,244,0.0,0.0,0.0
2024-07-08 10:20:00-04:00,142.1300048828125,142.1699981689453,142.1300048828125,142.1699981689453,856,0.0,0.0,0.0
2024-07-08 10:39:00-04:00,142.25999450683594,142.25999450683594,142.24000549316406,142.24000549316406,7984,0.0,0.0,0.0
2024-07-08 10:49:00-04:00,142.24960327148438,142.24960327148438,142.24960327148438,142.24960327148438,442,0.0,0.0,0.0
2024-07-08 10:51:00-04:00,142.29299926757812,142.29299926757812,142.29299926757812,142.29299926757812,662,0.0,0.0,0.0
2024-07-08 10:55:00-04:00,142.35000610351562,142.35000610351562,142.35000610351562,142.35000610351562,259,0.0,0.0,0.0
2024-07-08 11:01:00-04:00,142.38499450683594,142.41000366210938,142.38499450683594,142.41000366210938,563,0.0,0.0,0.0
2024-07-08 11:17:00-04:00,142.2657012939453,142.2657012939453,142.2657012939453,142.2657012939453,158,0.0,0.0,0.0
2024-07-08 11:19:00-04:00,142.25999450683594,142.2899932861328,142.25,142.2899932861328,734,0.0,0.0,0.0
2024-07-08 11:36:00-04:00,141.8300018310547,141.8300018310547,141.8300018310547,141.8300018310547,100,0.0,0.0,0.0
2024-07-08 11:37:00-04:00,141.82000732421875,141.82000732421875,141.82000732421875,141.82000732421875,112,0.0,0.0,0.0
2024-07-08 11:38:00-04:00,141.82000732421875,141.82000732421875,141.82000732421875,141.82000732421875,556,0.0,0.0,0.0
2024-07-08 11:47:00-04:00,141.6719970703125,141.7100067138672,141.6719970703125,141.6719970703125,662,0.0,0.0,0.0
2024-07-08 11:51:00-04:00,141.64999389648438,141.6999969482422,141.64999389648438,141.6999969482422,514,0.0,0.0,0.0
2024-07-08 11:54:00-04:00,141.6652069091797,141.6652069091797,141.6652069091797,141.6652069091797,375,0.0,0.0,0.0
2024-07-08 12:04:00-04:00,141.5500030517578,141.5500030517578,141.5500030517578,141.5500030517578,339,0.0,0.0,0.0
2024-07-08 12:16:00-04:00,141.47120666503906,141.47120666503906,141.47120666503906,141.47120666503906,241,0.0,0.0,0.0
2024-07-08 12:18:00-04:00,141.5500030517578,141.5800018310547,141.5500030517578,141.5800018310547,719,0.0,0.0,0.0
2024-07-08 12:34:00-04:00,141.66000366210938,141.66000366210938,141.66000366210938,141.66000366210938,131,0.0,0.0,0.0
2024-07-08 12:35:00-04:00,141.6820068359375,141.6820068359375,141.6820068359375,141.6820068359375,442,0.0,0.0,0.0
2024-07-08 12:50:00-04:00,141.85130310058594,141.85130310058594,141.85130310058594,141.85130310058594,340,0.0,0.0,0.0
2024-07-08 12:54:00-04:00,141.85000610351562,141.85000610351562,141.85000610351562,141.85000610351562,115,0.0,0.0,0.0
2024-07-08 12:57:00-04:00,141.82000732421875,141.82000732421875,141.82000732421875,141.82000732421875,280,0.0,0.0,0.0
2024-07-08 13:14:00-04:00,141.47000122070312,141.47000122070312,141.47000122070312,141.47000122070312,182,0.0,0.0,0.0
2024-07-08 13:15:00-04:00,141.5,141.5,141.5,141.5,27973,0.0,0.0,0.0
2024-07-08 13:28:00-04:00,141.64999389648438,141.64999389648438,141.64999389648438,141.64999389648438,269,0.0,0.0,0.0
2024-07-08 13:30:00-04:00,141.5301971435547,141.5301971435547,141.5301971435547,141.5301971435547,165,0.0,0.0,0.0
2024-07-08 13:33:00-04:00,141.60069274902344,141.60069274902344,141.60069274902344,141.60069274902344,895,0.0,0.0,0.0
2024-07-08 13:36:00-04:00,141.72999572753906,141.72999572753906,141.72999572753906,141.72999572753906,119,0.0,0.0,0.0
2024-07-08 13:38:00-04:00,141.7866973876953,141.7866973876953,141.7866973876953,141.7866973876953,183,0.0,0.0,0.0
2024-07-08 13:43:00-04:00,141.74749755859375,141.74749755859375,141.74749755859375,141.74749755859375,1008,0.0,0.0,0.0
2024-07-08 14:16:00-04:00,141.73609924316406,141.73609924316406,141.73609924316406,141.73609924316406,817,0.0,0.0,0.0
2024-07-08 14:31:00-04:00,141.72999572753906,141.72999572753906,141.72999572753906,141.72999572753906,137,0.0,0.0,0.0
2024-07-08 14:33:00-04:00,141.7541046142578,141.7541046142578,141.70640563964844,141.70640563964844,679,0.0,0.0,0.0
2024-07-08 14:34:00-04:00,141.72000122070312,141.72000122070312,141.72000122070312,141.72000122070312,425,0.0,0.0,0.0
2024-07-08 14:35:00-04:00,141.72999572753906,141.72999572753906,141.72999572753906,141.72999572753906,422,0.0,0.0,0.0
2024-07-08 14:46:00-04:00,141.50999450683594,141.50999450683594,141.50999450683594,141.50999450683594,410,0.0,0.0,0.0
2024-07-08 14:50:00-04:00,141.6396942138672,141.6396942138672,141.6396942138672,141.6396942138672,515,0.0,0.0,0.0
2024-07-08 15:03:00-04:00,141.72000122070312,141.72000122070312,141.72000122070312,141.72000122070312,251,0.0,0.0,0.0
2024-07-08 15:13:00-04:00,141.6719970703125,141.72000122070312,141.6719970703125,141.72000122070312,699,0.0,0.0,0.0
2024-07-08 15:18:00-04:00,141.67579650878906,141.67579650878906,141.67579650878906,141.67579650878906,204,0.0,0.0,0.0
2024-07-08 15:25:00-04:00,141.64500427246094,141.64500427246094,141.64500427246094,141.64500427246094,705,0.0,0.0,0.0
2024-07-08 15:35:00-04:00,141.6999969482422,141.6999969482422,141.6999969482422,141.6999969482422,129,0.0,0.0,0.0
2024-07-08 15:36:00-04:00,141.67039489746094,141.67039489746094,141.67039489746094,141.67039489746094,895,0.0,0.0,0.0
2024-07-08 15:40:00-04:00,141.6999053955078,141.6999969482422,141.6999053955078,141.6999969482422,545,0.0,0.0,0.0
2024-07-08 15:46:00-04:00,141.7050018310547,141.7050018310547,141.7050018310547,141.7050018310547,149,0.0,0.0,0.0
2024-07-08 15:47:00-04:00,141.64999389648438,141.64999389648438,141.64999389648438,141.64999389648438,177,0.0,0.0,0.0
2024-07-08 15:48:00-04:00,141.62319946289062,141.6699981689453,141.62319946289062,141.6699981689453,308,0.0,0.0,0.0
2024-07-08 15:50:00-04:00,141.69000244140625,141.69000244140625,141.69000244140625,141.69000244140625,219,0.0,0.0,0.0
2024-07-08 15:54:00-04:00,141.77999877929688,141.77999877929688,141.77999877929688,141.77999877929688,987,0.0,0.0,0.0
2024-07-08 15:58:00-04:00,141.55999755859375,141.57000732421875,141.55999755859375,141.57000732421875,1393,0.0,0.0,0.0
2024-07-08 15:59:00-04:00,141.52000427246094,141.5500030517578,141.52000427246094,141.5500030517578,561,0.0,0.0,0.0
2024-07-09 09:30:00-04:00,141.63999938964844,141.63999938964844,141.4600067138672,141.4600067138672,2163,0.0,0.0,0.0
2024-07-09 09:32:00-04:00,141.0146026611328,141.01499938964844,141.0146026611328,141.0146026611328,184,0.0,0.0,0.0
2024-07-09 09:39:00-04:00,141.48309326171875,141.48309326171875,141.48309326171875,141.48309326171875,0,0.0,0.0,0.0
2024-07-09 09:45:00-04:00,141.3699951171875,141.3699951171875,141.3699951171875,141.3699951171875,3063,0.0,0.0,0.0
2024-07-09 09:59:00-04:00,141.47999572753906,141.47999572753906,141.47999572753906,141.47999572753906,277,0.0,0.0,0.0
2024-07-09 10:09:00-04:00,141.46319580078125,141.46319580078125,141.46319580078125,141.46319580078125,286,0.0,0.0,0.0
2024-07-09 10:10:00-04:00,141.5789031982422,141.5800018310547,141.5789031982422,141.5800018310547,453,0.0,0.0,0.0
2024-07-09 10:14:00-04:00,141.4774932861328,141.4774932861328,141.4774932861328,141.4774932861328,779,0.0,0.0,0.0
2024-07-09 10:37:00-04:00,141.5399932861328,141.5850067138672,141.5399932861328,141.5850067138672,811,0.0,0.0,0.0
2024-07-09 10:45:00-04:00,141.44009399414062,141.50999450683594,141.44009399414062,141.50999450683594,1628,0.0,0.0,0.0
2024-07-09 10:47:00-04:00,141.4499969482422,141.52000427246094,141.4499969482422,141.52000427246094,714,0.0,0.0,0.0
2024-07-09 11:06:00-04:00,141.2100067138672,141.2100067138672,141.19000244140625,141.19000244140625,298,0.0,0.0,0.0
2024-07-09 11:09:00-04:00,141.17999267578125,141.17999267578125,141.17999267578125,141.17999267578125,422,0.0,0.0,0.0
2024-07-09 11:11:00-04:00,141.19000244140625,141.19000244140625,141.14500427246094,141.14500427246094,939,0.0,0.0,0.0
2024-07-09 11:14:00-04:00,141.2100067138672,141.25999450683594,141.2100067138672,141.25999450683594,282,0.0,0.0,0.0
2024-07-09 11:27:00-04:00,141.28500366210938,141.28500366210938,141.28500366210938,141.28500366210938,187,0.0,0.0,0.0
2024-07-09 11:29:00-04:00,141.32000732421875,141.32000732421875,141.32000732421875,141.32000732421875,156,0.0,0.0,0.0
2024-07-09 11:30:00-04:00,141.31610107421875,141.3800048828125,141.31610107421875,141.3800048828125,872,0.0,0.0,0.0
2024-07-09 11:32:00-04:00,141.30499267578125,141.30499267578125,141.30499267578125,141.30499267578125,279,0.0,0.0,0.0
2024-07-09 11:39:00-04:00,141.32000732421875,141.32000732421875,141.32000732421875,141.32000732421875,388,0.0,0.0,0.0
2024-07-09 11:43:00-04:00,141.35000610351562,141.35000610351562,141.35000610351562,141.35000610351562,109,0.0,0.0,0.0
2024-07-09 11:45:00-04:00,141.39999389648438,141.39999389648438,141.39999389648438,141.39999389648438,576,0.0,0.0,0.0
2024-07-09 11:56:00-04:00,141.43499755859375,141.43499755859375,141.43499755859375,141.43499755859375,172,0.0,0.0,0.0
2024-07-09 11:59:00-04:00,141.37600708007812,141.37600708007812,141.37600708007812,141.37600708007812,264,0.0,0.0,0.0
2024-07-09 12:09:00-04:00,141.36099243164062,141.36099243164062,141.36099243164062,141.36099243164062,507,0.0,0.0,0.0
2024-07-09 12:18:00-04:00,141.4550018310547,141.4550018310547,141.4550018310547,141.4550018310547,360,0.0,0.0,0.0
2024-07-09 12:21:00-04:00,141.33399963378906,141.33399963378906,141.33399963378906,141.33399963378906,638,0.0,0.0,0.0
2024-07-09 12:35:00-04:00,141.43499755859375,141.43499755859375,141.43499755859375,141.43499755859375,359,0.0,0.0,0.0
2024-07-09 12:48:00-04:00,141.4822998046875,141.4822998046875,141.4822998046875,141.4822998046875,256,0.0,0.0,0.0
2024-07-09 12:51:00-04:00,141.41200256347656,141.41200256347656,141.41200256347656,141.41200256347656,616,0.0,0.0,0.0
2024-07-09 13:01:00-04:00,141.42999267578125,141.53500366210938,141.42999267578125,141.53500366210938,488,0.0,0.0,0.0
2024-07-09 13:06:00-04:00,141.56410217285156,141.56410217285156,141.56410217285156,141.56410217285156,715,0.0,0.0,0.0
2024-07-09 13:18:00-04:00,141.35499572753906,141.35499572753906,141.35499572753906,141.35499572753906,618,0.0,0.0,0.0
2024-07-09 13:31:00-04:00,141.4582061767578,141.4582061767578,141.4582061767578,141.4582061767578,225,0.0,0.0,0.0
2024-07-09 13:33:00-04:00,141.47999572753906,141.47999572753906,141.47999572753906,141.47999572753906,191,0.0,0.0,0.0
2024-07-09 13:35:00-04:00,141.49000549316406,141.49000549316406,141.49000549316406,141.49000549316406,611,0.0,0.0,0.0
2024-07-09 13:58:00-04:00,141.40150451660156,141.40150451660156,141.40150451660156,141.40150451660156,123,0.0,0.0,0.0
2024-07-09 14:03:00-04:00,141.2949981689453,141.2949981689453,141.2949981689453,141.2949981689453,459,0.0,0.0,0.0
2024-07-09 14:20:00-04:00,141.2100067138672,141.2100067138672,141.2100067138672,141.2100067138672,169,0.0,0.0,0.0
2024-07-09 14:21:00-04:00,141.2100067138672,141.2100067138672,141.2100067138672,141.2100067138672,216,0.0,0.0,0.0
2024-07-09 14:27:00-04:00,141.21429443359375,141.21429443359375,141.21429443359375,141.21429443359375,310,0.0,0.0,0.0
2024-07-09 14:31:00-04:00,141.17250061035156,141.18499755859375,141.17250061035156,141.18499755859375,346,0.0,0.0,0.0
2024-07-09 14:36:00-04:00,141.27000427246094,141.27000427246094,141.27000427246094,141.27000427246094,350,0.0,0.0,0.0
2024-07-09 14:40:00-04:00,141.27499389648438,141.27499389648438,141.27499389648438,141.27499389648438,197,0.0,0.0,0.0
2024-07-09 14:45:00-04:00,141.26499938964844,141.26499938964844,141.26499938964844,141.26499938964844,159,0.0,0.0,0.0
2024-07-09 14:49:00-04:00,141.2751007080078,141.27999877929688,141.2751007080078,141.27999877929688,347,0.0,0.0,0.0
2024-07-09 14:52:00-04:00,141.19039916992188,141.19039916992188,141.19039916992188,141.19039916992188,168,0.0,0.0,0.0
2024-07-09 15:00:00-04:00,141.19000244140625,141.19000244140625,141.19000244140625,141.19000244140625,207,0.0,0.0,0.0
2024-07-09 15:03:00-04:00,141.10000610351562,141.10000610351562,141.10000610351562,141.10000610351562,327,0.0,0.0,0.0
2024-07-09 15:11:00-04:00,141.10499572753906,141.10499572753906,141.10499572753906,141.10499572753906,474,0.0,0.0,0.0
2024-07-09 15:25:00-04:00,141.05999755859375,141.05999755859375,141.05999755859375,141.05999755859375,155,0.0,0.0,0.0
2024-07-09 15:26:00-04:00,141.02999877929688,141.0399932861328,141.02000427246094,141.02000427246094,1435,0.0,0.0,0.0
2024-07-09 15:42:00-04:00,141.00999450683594,141.00999450683594,141.00999450683594,141.00999450683594,240,0.0,0.0,0.0
2024-07-09 15:47:00-04:00,140.96009826660156,140.96009826660156,140.96009826660156,140.96009826660156,171,0.0,0.0,0.0
2024-07-09 15:49:00-04:00,140.9600067138672,140.9600067138672,140.9600067138672,140.9600067138672,193,0.0,0.0,0.0
2024-07-09 15:50:00-04:00,140.97999572753906,140.97999572753906,140.97999572753906,140.97999572753906,116,0.0,0.0,0.0
2024-07-09 15:55:00-04:00,140.90390014648438,140.90390014648438,140.90390014648438,140.90390014648438,513,0.0,0.0,0.0
2024-07-09 15:56:00-04:00,140.89990234375,140.89990234375,140.89990234375,140.89990234375,321,0.0,0.0,0.0
2024-07-10 09:30:00-04:00,141.10000610351562,141.10000610351562,141.10000610351562,141.10000610351562,4649,0.0,0.0,0.0
2024-07-10 09:36:00-04:00,141.2938995361328,141.2938995361328,141.2938995361328,141.2938995361328,324,0.0,0.0,0.0
2024-07-10 09:41:00-04:00,141.2899932861328,141.2899932861328,141.2899932861328,141.2899932861328,292,0.0,0.0,0.0
2024-07-10 09:48:00-04:00,141.18170166015625,141.18170166015625,141.18170166015625,141.18170166015625,250,0.0,0.0,0.0
2024-07-10 09:50:00-04:00,141.1092987060547,141.1092987060547,141.1092987060547,141.1092987060547,513,0.0,0.0,0.0
2024-07-10 09:59:00-04:00,141.01719665527344,141.01719665527344,141.01719665527344,141.01719665527344,171,0.0,0.0,0.0
2024-07-10 10:00:00-04:00,141.11000061035156,141.1300048828125,141.11000061035156,141.1300048828125,686,0.0,0.0,0.0
2024-07-10 10:09:00-04:00,141.25,141.25,141.25,141.25,501,0.0,0.0,0.0
2024-07-10 10:10:00-04:00,141.25,141.25,141.25,141.25,423,0.0,0.0,0.0
2024-07-10 10:11:00-04:00,141.25,141.25,141.25,141.25,818,0.0,0.0,0.0
2024-07-10 10:20:00-04:00,141.08999633789062,141.08999633789062,141.08999633789062,141.08999633789062,207,0.0,0.0,0.0
2024-07-10 10:21:00-04:00,141.0399932861328,141.0399932861328,141.0399932861328,141.0399932861328,186,0.0,0.0,0.0
2024-07-10 10:22:00-04:00,141.01319885253906,141.01319885253906,141.01319885253906,141.01319885253906,678,0.0,0.0,0.0
2024-07-10 10:29:00-04:00,141.0634002685547,141.0634002685547,141.0634002685547,141.0634002685547,269,0.0,0.0,0.0
2024-07-10 10:32:00-04:00,140.99000549316406,140.99000549316406,140.99000549316406,140.99000549316406,287,0.0,0.0,0.0
2024-07-10 10:34:00-04:00,141.0800018310547,141.0800018310547,141.0800018310547,141.0800018310547,254,0.0,0.0,0.0
2024-07-10 10:36:00-04:00,141.13009643554688,141.13009643554688,141.13009643554688,141.13009643554688,493,0.0,0.0,0.0
2024-07-10 10:39:00-04:00,141.07000732421875,141.11000061035156,141.07000732421875,141.11000061035156,1166,0.0,0.0,0.0
2024-07-10 10:40:00-04:00,141.02499389648438,141.02499389648438,141.02499389648438,141.02499389648438,154,0.0,0.0,0.0
2024-07-10 10:41:00-04:00,141.0449981689453,141.0449981689453,141.0449981689453,141.0449981689453,699,0.0,0.0,0.0
2024-07-10 10:52:00-04:00,141.13999938964844,141.14999389648438,141.13999938964844,141.14999389648438,2087,0.0,0.0,0.0
2024-07-10 10:53:00-04:00,141.14999389648438,141.14999389648438,141.14999389648438,141.14999389648438,2128,0.0,0.0,0.0
2024-07-10 10:54:00-04:00,141.14999389648438,141.14999389648438,141.14999389648438,141.14999389648438,414,0.0,0.0,0.0
2024-07-10 10:55:00-04:00,141.11680603027344,141.11680603027344,141.11680603027344,141.11680603027344,281,0.0,0.0,0.0
2024-07-10 10:57:00-04:00,141.1199951171875,141.1199951171875,141.10000610351562,141.10000610351562,2619,0.0,0.0,0.0
2024-07-10 11:01:00-04:00,141.11000061035156,141.11000061035156,141.0500030517578,141.0500030517578,634,0.0,0.0,0.0
2024-07-10 11:09:00-04:00,141.1999969482422,141.1999969482422,141.1999969482422,141.1999969482422,202,0.0,0.0,0.0
2024-07-10 11:12:00-04:00,141.07400512695312,141.07400512695312,141.07400512695312,141.07400512695312,339,0.0,0.0,0.0
2024-07-10 11:13:00-04:00,141.04400634765625,141.04400634765625,141.0424041748047,141.0424041748047,531,0.0,0.0,0.0
2024-07-10 11:18:00-04:00,140.99000549316406,140.99000549316406,140.99000549316406,140.99000549316406,269,0.0,0.0,0.0
2024-07-10 11:22:00-04:00,141.08999633789062,141.08999633789062,141.08999633789062,141.08999633789062,416,0.0,0.0,0.0
2024-07-10 11:24:00-04:00,141.13999938964844,141.13999938964844,141.13999938964844,141.13999938964844,116,0.0,0.0,0.0
2024-07-10 11:25:00-04:00,141.16000366210938,141.1699981689453,141.16000366210938,141.1699981689453,642,0.0,0.0,0.0
2024-07-10 11:30:00-04:00,141.32000732421875,141.32000732421875,141.32000732421875,141.32000732421875,253,0.0,0.0,0.0
2024-07-10 11:31:00-04:00,141.3300018310547,141.35940551757812,141.3300018310547,141.33529663085938,8818,0.0,0.0,0.0
2024-07-10 11:33:00-04:00,141.25,141.28500366210938,141.25,141.28500366210938,475,0.0,0.0,0.0
2024-07-10 11:36:00-04:00,141.2899932861328,141.2899932861328,141.2899932861328,141.2899932861328,391,0.0,0.0,0.0
2024-07-10 11:37:00-04:00,141.35000610351562,141.36000061035156,141.35000610351562,141.36000061035156,200,0.0,0.0,0.0
2024-07-10 11:38:00-04:00,141.36000061035156,141.36000061035156,141.36000061035156,141.36000061035156,288,0.0,0.0,0.0
2024-07-10 11:40:00-04:00,141.40499877929688,141.40499877929688,141.40499877929688,141.40499877929688,111,0.0,0.0,0.0
2024-07-10 11:42:00-04:00,141.4398956298828,141.4398956298828,141.4398956298828,141.4398956298828,213,0.0,0.0,0.0
2024-07-10 11:44:00-04:00,141.42999267578125,141.42999267578125,141.42999267578125,141.42999267578125,184,0.0,0.0,0.0
2024-07-10 11:50:00-04:00,141.39500427246094,141.39500427246094,141.39500427246094,141.39500427246094,191,0.0,0.0,0.0
2024-07-10 11:51:00-04:00,141.39500427246094,141.39500427246094,141.39500427246094,141.39500427246094,600,0.0,0.0,0.0
2024-07-10 12:00:00-04:00,141.3585968017578,141.3585968017578,141.3585968017578,141.3585968017578,243,0.0,0.0,0.0
2024-07-10 12:02:00-04:00,141.47999572753906,141.52999877929688,141.4799041748047,141.52999877929688,3059,0.0,0.0,0.0
2024-07-10 12:03:00-04:00,141.52999877929688,141.52999877929688,141.52999877929688,141.52999877929688,928,0.0,0.0,0.0
2024-07-10 12:05:00-04:00,141.5800018310547,141.5800018310547,141.5800018310547,141.5800018310547,607,0.0,0.0,0.0
2024-07-10 12:06:00-04:00,141.58999633789062,141.59500122070312,141.58999633789062,141.59500122070312,526,0.0,0.0,0.0
2024-07-10 12:07:00-04:00,141.57000732421875,141.57000732421875,141.57000732421875,141.57000732421875,160,0.0,0.0,0.0
2024-07-10 12:09:00-04:00,141.5500030517578,141.5500030517578,141.5500030517578,141.5500030517578,136,0.0,0.0,0.0
2024-07-10 12:10:00-04:00,141.5399932861328,141.5399932861328,141.5399932861328,141.5399932861328,501,0.0,0.0,0.0
2024-07-10 12:15:00-04:00,141.64999389648438,141.64999389648438,141.64999389648438,141.64999389648438,354,0.0,0.0,0.0
2024-07-10 12:29:00-04:00,141.7086944580078,141.7086944580078,141.7086944580078,141.7086944580078,732,0.0,0.0,0.0
2024-07-10 12:30:00-04:00,141.6999969482422,141.6999969482422,141.6999969482422,141.6999969482422,218,0.0,0.0,0.0
2024-07-10 12:34:00-04:00,141.71969604492188,141.71969604492188,141.71969604492188,141.71969604492188,370,0.0,0.0,0.0
2024-07-10 12:37:00-04:00,141.60400390625,141.60400390625,141.60400390625,141.60400390625,358,0.0,0.0,0.0
2024-07-10 12:43:00-04:00,141.60499572753906,141.60499572753906,141.60499572753906,141.60499572753906,234,0.0,0.0,0.0
2024-07-10 12:45:00-04:00,141.6199951171875,141.6199951171875,141.6199951171875,141.6199951171875,106,0.0,0.0,0.0
2024-07-10 12:47:00-04:00,141.60000610351562,141.6300048828125,141.59500122070312,141.6300048828125,2791,0.0,0.0,0.0
2024-07-10 12:49:00-04:00,141.5500030517578,141.5500030517578,141.5500030517578,141.5500030517578,125,0.0,0.0,0.0
2024-07-10 12:52:00-04:00,141.52999877929688,141.52999877929688,141.52999877929688,141.52999877929688,274,0.0,0.0,0.0
2024-07-10 12:55:00-04:00,141.4600067138672,141.4600067138672,141.4600067138672,141.4600067138672,395,0.0,0.0,0.0
2024-07-10 13:00:00-04:00,141.5800018310547,141.5800018310547,141.5800018310547,141.5800018310547,369,0.0,0.0,0.0
2024-07-10 13:03:00-04:00,141.69000244140625,141.69000244140625,141.6313018798828,141.6313018798828,458,0.0,0.0,0.0
2024-07-10 13:04:00-04:00,141.69000244140625,141.72000122070312,141.69000244140625,141.72000122070312,1219,0.0,0.0,0.0
2024-07-10 13:09:00-04:00,141.67999267578125,141.67999267578125,141.67999267578125,141.67999267578125,725,0.0,0.0,0.0
2024-07-10 13:25:00-04:00,141.50999450683594,141.50999450683594,141.50999450683594,141.50999450683594,520,0.0,0.0,0.0
2024-07-10 13:36:00-04:00,141.46719360351562,141.46719360351562,141.46719360351562,141.46719360351562,224,0.0,0.0,0.0
2024-07-10 13:40:00-04:00,141.4573974609375,141.4573974609375,141.4573974609375,141.4573974609375,396,0.0,0.0,0.0
2024-07-10 13:43:00-04:00,141.5,141.5,141.5,141.5,101,0.0,0.0,0.0
2024-07-10 13:44:00-04:00,141.45010375976562,141.45010375976562,141.45010375976562,141.45010375976562,140,0.0,0.0,0.0
2024-07-10 13:45:00-04:00,141.46499633789062,141.46499633789062,141.46499633789062,141.46499633789062,123,0.0,0.0,0.0
2024-07-10 13:47:00-04:00,141.4571990966797,141.4571990966797,141.4571990966797,141.4571990966797,202,0.0,0.0,0.0
2024-07-10 13:50:00-04:00,141.43499755859375,141.46629333496094,141.41400146484375,141.41400146484375,1630,0.0,0.0,0.0
2024-07-10 13:51:00-04:00,141.47999572753906,141.49000549316406,141.47999572753906,141.49000549316406,436,0.0,0.0,0.0
2024-07-10 13:55:00-04:00,141.44009399414062,141.44009399414062,141.44009399414062,141.44009399414062,205,0.0,0.0,0.0
2024-07-10 14:00:00-04:00,141.54989624023438,141.54989624023438,141.54989624023438,141.54989624023438,330,0.0,0.0,0.0
2024-07-10 14:03:00-04:00,141.531005859375,141.531005859375,141.531005859375,141.531005859375,229,0.0,0.0,0.0
2024-07-10 14:05:00-04:00,141.5399932861328,141.5399932861328,141.5399932861328,141.5399932861328,533,0.0,0.0,0.0
2024-07-10 14:14:00-04:00,141.59060668945312,141.59060668945312,141.59060668945312,141.59060668945312,689,0.0,0.0,0.0
2024-07-10 14:25:00-04:00,141.4622039794922,141.4622039794922,141.4622039794922,141.4622039794922,560,0.0,0.0,0.0
2024-07-10 14:38:00-04:00,141.60800170898438,141.60800170898438,141.60800170898438,141.60800170898438,400,0.0,0.0,0.0
2024-07-10 14:42:00-04:00,141.5800018310547,141.5800018310547,141.5800018310547,141.5800018310547,135,0.0,0.0,0.0
2024-07-10 14:46:00-04:00,141.72000122070312,141.72000122070312,141.72000122070312,141.72000122070312,630,0.0,0.0,0.0
2024-07-10 14:56:00-04:00,141.6999053955078,141.6999053955078,141.6999053955078,141.6999053955078,470,0.0,0.0,0.0
2024-07-10 15:04:00-04:00,141.73399353027344,141.73399353027344,141.73399353027344,141.73399353027344,723,0.0,0.0,0.0
2024-07-10 15:16:00-04:00,141.69500732421875,141.69500732421875,141.69500732421875,141.69500732421875,252,0.0,0.0,0.0
2024-07-10 15:17:00-04:00,141.75999450683594,141.76699829101562,141.75999450683594,141.76699829101562,1101,0.0,0.0,0.0
2024-07-10 15:32:00-04:00,141.7100067138672,141.7100067138672,141.7100067138672,141.7100067138672,307,0.0,0.0,0.0
2024-07-10 15:35:00-04:00,141.64390563964844,141.64999389648438,141.64390563964844,141.64999389648438,598,0.0,0.0,0.0
2024-07-10 15:38:00-04:00,141.6300048828125,141.64999389648438,141.6300048828125,141.64999389648438,1034,0.0,0.0,0.0
2024-07-10 15:39:00-04:00,141.66000366210938,141.6699981689453,141.66000366210938,141.6699981689453,329,0.0,0.0,0.0
2024-07-10 15:41:00-04:00,141.64999389648438,141.64999389648438,141.64999389648438,141.64999389648438,503,0.0,0.0,0.0
2024-07-10 15:42:00-04:00,141.63009643554688,141.63009643554688,141.63009643554688,141.63009643554688,411,0.0,0.0,0.0
2024-07-10 15:45:00-04:00,141.6300048828125,141.6300048828125,141.6300048828125,141.6300048828125,140,0.0,0.0,0.0
2024-07-10 15:46:00-04:00,141.66000366210938,141.66000366210938,141.66000366210938,141.66000366210938,110,0.0,0.0,0.0
2024-07-10 15:47:00-04:00,141.6300048828125,141.6300048828125,141.6199951171875,141.6199951171875,328,0.0,0.0,0.0
2024-07-10 15:48:00-04:00,141.6699981689453,141.72999572753906,141.6699981689453,141.72999572753906,836,0.0,0.0,0.0
2024-07-10 15:50:00-04:00,141.72999572753906,141.77000427246094,141.6645050048828,141.77000427246094,779,0.0,0.0,0.0
2024-07-10 15:53:00-04:00,141.8699951171875,141.8699951171875,141.8699951171875,141.8699951171875,643,0.0,0.0,0.0
2024-07-10 15:54:00-04:00,141.86000061035156,141.86000061035156,141.8300018310547,141.85330200195312,785,0.0,0.0,0.0
2024-07-10 15:55:00-04:00,141.8800048828125,141.89999389648438,141.8800048828125,141.89999389648438,330,0.0,0.0,0.0
2024-07-10 15:59:00-04:00,141.89999389648438,141.89999389648438,141.89999389648438,141.89999389648438,280,0.0,0.0,0.0
2024-07-11 09:30:00-04:00,142.74000549316406,142.75999450683594,142.74000549316406,142.74000549316406,5904,0.0,0.0,0.0
2024-07-11 09:33:00-04:00,142.7100067138672,142.7100067138672,142.7100067138672,142.7100067138672,132,0.0,0.0,0.0
2024-07-11 09:34:00-04:00,142.59359741210938,142.59359741210938,142.42999267578125,142.42999267578125,1289,0.0,0.0,0.0
2024-07-11 09:38:00-04:00,142.27020263671875,142.27020263671875,142.15750122070312,142.15750122070312,301,0.0,0.0,0.0
2024-07-11 09:39:00-04:00,142.51600646972656,142.51600646972656,142.51600646972656,142.51600646972656,1153,0.0,0.0,0.0
2024-07-11 09:45:00-04:00,142.57000732421875,142.57000732421875,142.57000732421875,142.57000732421875,211,0.0,0.0,0.0
2024-07-11 09:46:00-04:00,142.5850067138672,142.5850067138672,142.5850067138672,142.5850067138672,105,0.0,0.0,0.0
2024-07-11 09:48:00-04:00,142.64500427246094,142.6999969482422,142.64500427246094,142.6999969482422,571,0.0,0.0,0.0
2024-07-11 09:49:00-04:00,142.75999450683594,142.77000427246094,142.73500061035156,142.73500061035156,304,0.0,0.0,0.0
2024-07-11 09:50:00-04:00,142.64999389648438,142.64999389648438,142.64999389648438,142.64999389648438,808,0.0,0.0,0.0
2024-07-11 09:54:00-04:00,142.64999389648438,142.64999389648438,142.64999389648438,142.64999389648438,707,0.0,0.0,0.0
2024-07-11 10:04:00-04:00,142.6999969482422,142.6999969482422,142.6999969482422,142.6999969482422,922,0.0,0.0,0.0
2024-07-11 10:07:00-04:00,142.8000030517578,142.8000030517578,142.8000030517578,142.8000030517578,197,0.0,0.0,0.0
2024-07-11 10:08:00-04:00,142.72349548339844,142.72349548339844,142.72349548339844,142.72349548339844,617,0.0,0.0,0.0
2024-07-11 10:10:00-04:00,142.79820251464844,142.79820251464844,142.79820251464844,142.79820251464844,857,0.0,0.0,0.0
2024-07-11 10:16:00-04:00,142.9499969482422,142.9499969482422,142.9499969482422,142.9499969482422,1417,0.0,0.0,0.0
2024-07-11 10:17:00-04:00,142.72999572753906,142.72999572753906,142.72999572753906,142.72999572753906,546,0.0,0.0,0.0
2024-07-11 10:18:00-04:00,142.7100067138672,142.7100067138672,142.7100067138672,142.7100067138672,479,0.0,0.0,0.0
2024-07-11 10:26:00-04:00,142.74000549316406,142.74000549316406,142.74000549316406,142.74000549316406,142,0.0,0.0,0.0
2024-07-11 10:29:00-04:00,142.75999450683594,142.7899932861328,142.75999450683594,142.77000427246094,2940,0.0,0.0,0.0
2024-07-11 10:37:00-04:00,142.83999633789062,142.85000610351562,142.83999633789062,142.85000610351562,254,0.0,0.0,0.0
2024-07-11 10:42:00-04:00,142.89999389648438,142.89999389648438,142.89999389648438,142.89999389648438,384,0.0,0.0,0.0
2024-07-11 10:45:00-04:00,143.0,143.07000732421875,143.0,143.07000732421875,577,0.0,0.0,0.0
2024-07-11 10:56:00-04:00,143.25,143.25,143.25,143.25,405,0.0,0.0,0.0
2024-07-11 11:00:00-04:00,143.33999633789062,143.33999633789062,143.33999633789062,143.33999633789062,346,0.0,0.0,0.0
2024-07-11 11:07:00-04:00,143.32000732421875,143.32000732421875,143.32000732421875,143.32000732421875,230,0.0,0.0,0.0
2024-07-11 11:08:00-04:00,143.3300018310547,143.3800048828125,143.3300018310547,143.3800048828125,775,0.0,0.0,0.0
2024-07-11 11:09:00-04:00,143.41000366210938,143.41000366210938,143.41000366210938,143.41000366210938,255,0.0,0.0,0.0
2024-07-11 11:11:00-04:00,143.41160583496094,143.4199981689453,143.39999389648438,143.39999389648438,1205,0.0,0.0,0.0
2024-07-11 11:12:00-04:00,143.38999938964844,143.38999938964844,143.38999938964844,143.38999938964844,127,0.0,0.0,0.0
2024-07-11 11:13:00-04:00,143.30999755859375,143.30999755859375,143.30999755859375,143.30999755859375,201,0.0,0.0,0.0
2024-07-11 11:16:00-04:00,143.25999450683594,143.25999450683594,143.25999450683594,143.25999450683594,542,0.0,0.0,0.0
2024-07-11 11:23:00-04:00,143.16000366210938,143.16000366210938,143.16000366210938,143.16000366210938,192,0.0,0.0,0.0
2024-07-11 11:25:00-04:00,143.1999969482422,143.1999969482422,143.1999969482422,143.1999969482422,322,0.0,0.0,0.0
2024-07-11 11:31:00-04:00,143.14999389648438,143.14999389648438,143.14999389648438,143.14999389648438,129,0.0,0.0,0.0
2024-07-11 11:32:00-04:00,143.1999053955078,143.1999053955078,143.1300048828125,143.1300048828125,425,0.0,0.0,0.0
2024-07-11 11:37:00-04:00,143.33999633789062,143.33999633789062,143.33999633789062,143.33999633789062,156,0.0,0.0,0.0
2024-07-11 11:40:00-04:00,143.28919982910156,143.2899932861328,143.28919982910156,143.2899932861328,611,0.0,0.0,0.0
2024-07-11 11:42:00-04:00,143.22000122070312,143.22000122070312,143.22000122070312,143.22000122070312,460,0.0,0.0,0.0
2024-07-11 11:45:00-04:00,143.4499969482422,143.4499969482422,143.4499969482422,143.4499969482422,187,0.0,0.0,0.0
2024-07-11 11:48:00-04:00,143.41000366210938,143.41000366210938,143.41000366210938,143.41000366210938,476,0.0,0.0,0.0
2024-07-11 11:55:00-04:00,143.2899932861328,143.2899932861328,143.2899932861328,143.2899932861328,373,0.0,0.0,0.0
2024-07-11 11:56:00-04:00,143.2550048828125,143.2550048828125,143.2550048828125,143.2550048828125,349,0.0,0.0,0.0
2024-07-11 11:58:00-04:00,143.21910095214844,143.21910095214844,143.21910095214844,143.21910095214844,1691,0.0,0.0,0.0
2024-07-11 12:02:00-04:00,143.02000427246094,143.02000427246094,143.02000427246094,143.02000427246094,314,0.0,0.0,0.0
2024-07-11 12:04:00-04:00,142.88999938964844,142.89010620117188,142.88999938964844,142.89010620117188,894,0.0,0.0,0.0
2024-07-11 12:08:00-04:00,142.99000549316406,142.99000549316406,142.99000549316406,142.99000549316406,100,0.0,0.0,0.0
2024-07-11 12:09:00-04:00,143.0500030517578,143.0500030517578,143.0500030517578,143.0500030517578,1164,0.0,0.0,0.0
2024-07-11 12:23:00-04:00,142.97259521484375,142.97259521484375,142.9550018310547,142.9550018310547,410,0.0,0.0,0.0
2024-07-11 12:25:00-04:00,142.9949951171875,142.9949951171875,142.9949951171875,142.9949951171875,696,0.0,0.0,0.0
2024-07-11 12:27:00-04:00,143.0,143.0,143.0,143.0,914,0.0,0.0,0.0
2024-07-11 12:31:00-04:00,143.16000366210938,143.16000366210938,143.16000366210938,143.16000366210938,311,0.0,0.0,0.0
2024-07-11 12:38:00-04:00,143.1199951171875,143.1199951171875,143.1199951171875,143.1199951171875,740,0.0,0.0,0.0
2024-07-11 12:53:00-04:00,142.9217987060547,142.9217987060547,142.9217987060547,142.9217987060547,810,0.0,0.0,0.0
2024-07-11 13:02:00-04:00,143.11000061035156,143.11000061035156,143.0800018310547,143.0800018310547,876,0.0,0.0,0.0
2024-07-11 13:05:00-04:00,143.0800018310547,143.0800018310547,143.0800018310547,143.0800018310547,248,0.0,0.0,0.0
2024-07-11 13:06:00-04:00,143.10000610351562,143.10000610351562,143.08999633789062,143.08999633789062,251,0.0,0.0,0.0
2024-07-11 13:07:00-04:00,143.08999633789062,143.23989868164062,143.08999633789062,143.23989868164062,1036,0.0,0.0,0.0
2024-07-11 13:15:00-04:00,143.24000549316406,143.24000549316406,143.23989868164062,143.23989868164062,571,0.0,0.0,0.0
2024-07-11 13:19:00-04:00,143.33999633789062,143.33999633789062,143.33999633789062,143.33999633789062,376,0.0,0.0,0.0
2024-07-11 13:20:00-04:00,143.33999633789062,143.33999633789062,143.33999633789062,143.33999633789062,131,0.0,0.0,0.0
2024-07-11 13:22:00-04:00,143.36000061035156,143.38999938964844,143.36000061035156,143.38999938964844,459,0.0,0.0,0.0
2024-07-11 13:35:00-04:00,143.13949584960938,143.13949584960938,143.13949584960938,143.13949584960938,299,0.0,0.0,0.0
2024-07-11 13:40:00-04:00,143.20989990234375,143.20989990234375,143.20989990234375,143.20989990234375,222,0.0,0.0,0.0
2024-07-11 13:42:00-04:00,143.24000549316406,143.24000549316406,143.24000549316406,143.24000549316406,135,0.0,0.0,0.0
2024-07-11 13:45:00-04:00,143.16000366210938,143.16000366210938,143.13780212402344,143.13780212402344,692,0.0,0.0,0.0
2024-07-11 13:56:00-04:00,143.18919372558594,143.18919372558594,143.18919372558594,143.18919372558594,396,0.0,0.0,0.0
2024-07-11 14:02:00-04:00,143.27000427246094,143.27000427246094,143.27000427246094,143.27000427246094,197,0.0,0.0,0.0
2024-07-11 14:05:00-04:00,143.27999877929688,143.27999877929688,143.27999877929688,143.27999877929688,502,0.0,0.0,0.0
2024-07-11 14:06:00-04:00,143.26890563964844,143.26890563964844,143.26890563964844,143.26890563964844,1360,0.0,0.0,0.0
2024-07-11 14:10:00-04:00,143.25999450683594,143.25999450683594,143.25999450683594,143.25999450683594,607,0.0,0.0,0.0
2024-07-11 14:20:00-04:00,143.3699951171875,143.38999938964844,143.3699951171875,143.3699951171875,2438,0.0,0.0,0.0
2024-07-11 14:26:00-04:00,143.1999969482422,143.1999969482422,143.1999969482422,143.1999969482422,810,0.0,0.0,0.0
2024-07-11 14:39:00-04:00,143.35000610351562,143.35000610351562,143.35000610351562,143.35000610351562,101,0.0,0.0,0.0
2024-07-11 14:40:00-04:00,143.3383026123047,143.3383026123047,143.3383026123047,143.3383026123047,1394,0.0,0.0,0.0
2024-07-11 14:47:00-04:00,143.22999572753906,143.22999572753906,143.22999572753906,143.22999572753906,868,0.0,0.0,0.0
2024-07-11 14:50:00-04:00,143.22000122070312,143.25999450683594,143.22000122070312,143.25999450683594,824,0.0,0.0,0.0
2024-07-11 14:51:00-04:00,143.25,143.25,143.25,143.25,145,0.0,0.0,0.0
2024-07-11 14:54:00-04:00,143.25999450683594,143.28990173339844,143.25,143.25,969,0.0,0.0,0.0
2024-07-11 14:57:00-04:00,143.16000366210938,143.1699981689453,143.13999938964844,143.13999938964844,2974,0.0,0.0,0.0
2024-07-11 14:58:00-04:00,143.17999267578125,143.17999267578125,143.1602020263672,143.17999267578125,988,0.0,0.0,0.0
2024-07-11 14:59:00-04:00,143.2100067138672,143.22999572753906,143.20989990234375,143.22999572753906,307,0.0,0.0,0.0
2024-07-11 15:00:00-04:00,143.24000549316406,143.24000549316406,143.19000244140625,143.19000244140625,568,0.0,0.0,0.0
2024-07-11 15:03:00-04:00,143.2100067138672,143.2100067138672,143.2100067138672,143.2100067138672,206,0.0,0.0,0.0
2024-07-11 15:04:00-04:00,143.22000122070312,143.22000122070312,143.17999267578125,143.17999267578125,423,0.0,0.0,0.0
2024-07-11 15:05:00-04:00,143.15499877929688,143.15499877929688,143.15499877929688,143.15499877929688,688,0.0,0.0,0.0
2024-07-11 15:10:00-04:00,143.1300048828125,143.1300048828125,143.1300048828125,143.1300048828125,343,0.0,0.0,0.0
2024-07-11 15:11:00-04:00,143.0500030517578,143.1300048828125,143.0500030517578,143.1300048828125,53952,0.0,0.0,0.0
2024-07-11 15:17:00-04:00,143.1199951171875,143.1199951171875,143.1199951171875,143.1199951171875,205,0.0,0.0,0.0
2024-07-11 15:18:00-04:00,143.1300048828125,143.1300048828125,143.1300048828125,143.1300048828125,258,0.0,0.0,0.0
2024-07-11 15:19:00-04:00,143.19000244140625,143.19000244140625,143.19000244140625,143.19000244140625,108,0.0,0.0,0.0
2024-07-11 15:20:00-04:00,143.17999267578125,143.17999267578125,143.17999267578125,143.17999267578125,491,0.0,0.0,0.0
2024-07-11 15:28:00-04:00,143.1699981689453,143.1699981689453,143.1699981689453,143.1699981689453,252,0.0,0.0,0.0
2024-07-11 15:30:00-04:00,143.1699981689453,143.1699981689453,143.1699981689453,143.1699981689453,491,0.0,0.0,0.0
2024-07-11 15:38:00-04:00,143.2899932861328,143.30999755859375,143.28500366210938,143.29840087890625,489,0.0,0.0,0.0
2024-07-11 15:39:00-04:00,143.3000030517578,143.3000030517578,143.3000030517578,143.3000030517578,231,0.0,0.0,0.0
2024-07-11 15:40:00-04:00,143.24000549316406,143.27999877929688,143.24000549316406,143.27999877929688,686,0.0,0.0,0.0
2024-07-11 15:42:00-04:00,143.19000244140625,143.19000244140625,143.17999267578125,143.19000244140625,1542,0.0,0.0,0.0
2024-07-11 15:43:00-04:00,143.19000244140625,143.25100708007812,143.19000244140625,143.25100708007812,3556,0.0,0.0,0.0
2024-07-11 15:46:00-04:00,143.25,143.25999450683594,143.25,143.25999450683594,425,0.0,0.0,0.0
2024-07-11 15:49:00-04:00,143.1699981689453,143.1699981689453,143.1699981689453,143.1699981689453,183,0.0,0.0,0.0
2024-07-11 15:51:00-04:00,143.2133026123047,143.2133026123047,143.2133026123047,143.2133026123047,516,0.0,0.0,0.0
2024-07-11 15:55:00-04:00,143.125,143.125,143.125,143.125,153,0.0,0.0,0.0
2024-07-11 15:59:00-04:00,143.19000244140625,143.19000244140625,143.16000366210938,143.16000366210938,1959,0.0,0.0,0.0
2024-07-12 09:30:00-04:00,143.89999389648438,143.89999389648438,143.89999389648438,143.89999389648438,5674,0.0,0.0,0.0
2024-07-12 09:32:00-04:00,144.19000244140625,144.19000244140625,144.19000244140625,144.19000244140625,4515,0.0,0.0,0.0
2024-07-12 09:34:00-04:00,144.27000427246094,144.27000427246094,144.27000427246094,144.27000427246094,381,0.0,0.0,0.0
2024-07-12 09:35:00-04:00,144.0050048828125,144.0399932861328,144.0050048828125,144.0399932861328,516,0.0,0.0,0.0
2024-07-12 09:36:00-04:00,143.8538055419922,143.8538055419922,143.8538055419922,143.8538055419922,279,0.0,0.0,0.0
2024-07-12 09:37:00-04:00,143.91000366210938,144.0800018310547,143.91000366210938,144.0800018310547,481,0.0,0.0,0.0
2024-07-12 09:38:00-04:00,143.99000549316406,143.99000549316406,143.99000549316406,143.99000549316406,507,0.0,0.0,0.0
2024-07-12 09:39:00-04:00,144.0850067138672,144.0850067138672,144.02540588378906,144.0850067138672,564,0.0,0.0,0.0
2024-07-12 09:41:00-04:00,143.91000366210938,143.91000366210938,143.91000366210938,143.91000366210938,463,0.0,0.0,0.0
2024-07-12 09:47:00-04:00,143.97239685058594,143.97239685058594,143.97239685058594,143.97239685058594,230,0.0,0.0,0.0
2024-07-12 09:54:00-04:00,144.0749969482422,144.0749969482422,144.0749969482422,144.0749969482422,523,0.0,0.0,0.0
2024-07-12 09:58:00-04:00,144.13389587402344,144.13389587402344,144.13389587402344,144.13389587402344,114,0.0,0.0,0.0
2024-07-12 10:00:00-04:00,144.22000122070312,144.22999572753906,144.22000122070312,144.22999572753906,1100,0.0,0.0,0.0
2024-07-12 10:16:00-04:00,144.40809631347656,144.40809631347656,144.40809631347656,144.40809631347656,244,0.0,0.0,0.0
2024-07-12 10:20:00-04:00,144.4185028076172,144.4185028076172,144.4185028076172,144.4185028076172,318,0.0,0.0,0.0
2024-07-12 10:25:00-04:00,144.5,144.5,144.5,144.5,307,0.0,0.0,0.0
2024-07-12 10:26:00-04:00,144.43240356445312,144.43240356445312,144.43240356445312,144.43240356445312,611,0.0,0.0,0.0
2024-07-12 10:30:00-04:00,144.52000427246094,144.52000427246094,144.52000427246094,144.52000427246094,803,0.0,0.0,0.0
2024-07-12 10:38:00-04:00,144.6199951171875,144.6199951171875,144.6199951171875,144.6199951171875,208,0.0,0.0,0.0
2024-07-12 10:39:00-04:00,144.60769653320312,144.60769653320312,144.60769653320312,144.60769653320312,696,0.0,0.0,0.0
2024-07-12 10:41:00-04:00,144.4949951171875,144.4949951171875,144.47999572753906,144.47999572753906,943,0.0,0.0,0.0
2024-07-12 10:46:00-04:00,144.5500030517578,144.5500030517578,144.5500030517578,144.5500030517578,375,0.0,0.0,0.0
2024-07-12 10:48:00-04:00,144.60000610351562,144.60000610351562,144.60000610351562,144.60000610351562,615,0.0,0.0,0.0
2024-07-12 10:52:00-04:00,144.60000610351562,144.60000610351562,144.60000610351562,144.60000610351562,825,0.0,0.0,0.0
2024-07-12 10:56:00-04:00,144.62510681152344,144.62510681152344,144.62510681152344,144.62510681152344,292,0.0,0.0,0.0
2024-07-12 11:02:00-04:00,144.6197967529297,144.6197967529297,144.6197967529297,144.6197967529297,107,0.0,0.0,0.0
2024-07-12 11:04:00-04:00,144.65969848632812,144.65969848632812,144.65969848632812,144.65969848632812,601,0.0,0.0,0.0
2024-07-12 11:09:00-04:00,144.68609619140625,144.68609619140625,144.68609619140625,144.68609619140625,127,0.0,0.0,0.0
2024-07-12 11:11:00-04:00,144.5800018310547,144.5800018310547,144.5800018310547,144.5800018310547,262,0.0,0.0,0.0
2024-07-12 11:12:00-04:00,144.51620483398438,144.51620483398438,144.5,144.5,1074,0.0,0.0,0.0
2024-07-12 11:35:00-04:00,144.43089294433594,144.43089294433594,144.43089294433594,144.43089294433594,494,0.0,0.0,0.0
2024-07-12 11:38:00-04:00,144.46499633789062,144.46499633789062,144.46499633789062,144.46499633789062,234,0.0,0.0,0.0
2024-07-12 11:41:00-04:00,144.5258026123047,144.5258026123047,144.5258026123047,144.5258026123047,171,0.0,0.0,0.0
2024-07-12 11:45:00-04:00,144.59500122070312,144.59500122070312,144.59500122070312,144.59500122070312,24671,0.0,0.0,0.0
2024-07-12 11:46:00-04:00,144.61000061035156,144.61000061035156,144.61000061035156,144.61000061035156,100,0.0,0.0,0.0
2024-07-12 11:47:00-04:00,144.63980102539062,144.63980102539062,144.63980102539062,144.63980102539062,293,0.0,0.0,0.0
2024-07-12 11:52:00-04:00,144.60000610351562,144.60000610351562,144.60000610351562,144.60000610351562,473,0.0,0.0,0.0
2024-07-12 11:57:00-04:00,144.5,144.5,144.5,144.5,312,0.0,0.0,0.0
2024-07-12 12:00:00-04:00,144.42999267578125,144.42999267578125,144.42999267578125,144.42999267578125,3640,0.0,0.0,0.0
2024-07-12 12:22:00-04:00,144.30889892578125,144.30889892578125,144.30889892578125,144.30889892578125,438,0.0,0.0,0.0
2024-07-12 12:28:00-04:00,144.1999969482422,144.1999969482422,144.15020751953125,144.15020751953125,800,0.0,0.0,0.0
2024-07-12 12:56:00-04:00,144.3000030517578,144.3000030517578,144.3000030517578,144.3000030517578,450,0.0,0.0,0.0
2024-07-12 13:09:00-04:00,144.36000061035156,144.36000061035156,144.36000061035156,144.36000061035156,353,0.0,0.0,0.0
2024-07-12 13:10:00-04:00,144.38999938964844,144.41000366210938,144.38999938964844,144.41000366210938,340,0.0,0.0,0.0
2024-07-12 13:11:00-04:00,144.4499969482422,144.4499969482422,144.4499969482422,144.4499969482422,331,0.0,0.0,0.0
2024-07-12 13:22:00-04:00,144.5,144.5399932861328,144.5,144.5399932861328,719,0.0,0.0,0.0
2024-07-12 13:43:00-04:00,144.6199951171875,144.6300048828125,144.56900024414062,144.56900024414062,515,0.0,0.0,0.0
2024-07-12 13:48:00-04:00,144.61000061035156,144.61000061035156,144.61000061035156,144.61000061035156,102,0.0,0.0,0.0
2024-07-12 13:50:00-04:00,144.55990600585938,144.55990600585938,144.52499389648438,144.52720642089844,1763,0.0,0.0,0.0
2024-07-12 13:57:00-04:00,144.52000427246094,144.52000427246094,144.52000427246094,144.52000427246094,150,0.0,0.0,0.0
2024-07-12 14:00:00-04:00,144.44000244140625,144.4600067138672,144.44000244140625,144.4600067138672,1187,0.0,0.0,0.0
2024-07-12 14:19:00-04:00,144.4600067138672,144.47000122070312,144.44500732421875,144.44500732421875,1016,0.0,0.0,0.0
2024-07-12 14:36:00-04:00,144.3459930419922,144.3459930419922,144.3459930419922,144.3459930419922,107,0.0,0.0,0.0
2024-07-12 14:39:00-04:00,144.40719604492188,144.40719604492188,144.40719604492188,144.40719604492188,675,0.0,0.0,0.0
2024-07-12 15:01:00-04:00,144.4199981689453,144.44000244140625,144.4199981689453,144.44000244140625,1047,0.0,0.0,0.0
2024-07-12 15:21:00-04:00,144.3000030517578,144.3000030517578,144.3000030517578,144.3000030517578,209,0.0,0.0,0.0
2024-07-12 15:24:00-04:00,144.31500244140625,144.31500244140625,144.31500244140625,144.31500244140625,387,0.0,0.0,0.0
2024-07-12 15:25:00-04:00,144.2700958251953,144.2700958251953,144.2700958251953,144.2700958251953,492,0.0,0.0,0.0
2024-07-12 15:34:00-04:00,144.25999450683594,144.25999450683594,144.25999450683594,144.25999450683594,258,0.0,0.0,0.0
2024-07-12 15:37:00-04:00,144.17999267578125,144.17999267578125,144.17999267578125,144.17999267578125,384,0.0,0.0,0.0
2024-07-12 15:45:00-04:00,144.02000427246094,144.02000427246094,144.02000427246094,144.02000427246094,189,0.0,0.0,0.0
2024-07-12 15:48:00-04:00,144.08999633789062,144.11000061035156,144.08999633789062,144.11000061035156,5508,0.0,0.0,0.0
2024-07-12 15:51:00-04:00,143.97999572753906,144.02999877929688,143.97999572753906,144.02999877929688,654,0.0,0.0,0.0
2024-07-12 15:57:00-04:00,143.80999755859375,143.80999755859375,143.80999755859375,143.80999755859375,688,0.0,0.0,0.0
2024-07-12 15:59:00-04:00,143.7100067138672,143.7100067138672,143.7100067138672,143.7100067138672,405,0.0,0.0,0.0
