Datetime,Open,High,Low,Close,Volume,Dividends,Stock Splits
2023-08-17 09:00:00+09:00,26900.0,44500.0,26900.0,39250.0,0,0.0,0.0
2023-08-17 10:00:00+09:00,39250.0,40650.0,34450.0,35750.0,1128819,0.0,0.0
2023-08-17 11:00:00+09:00,37000.0,39650.0,37000.0,37150.0,1148233,0.0,0.0
2023-08-17 12:00:00+09:00,37150.0,37200.0,35950.0,36000.0,544208,0.0,0.0
2023-08-17 13:00:00+09:00,36000.0,36000.0,29450.0,30500.0,967615,0.0,0.0
2023-08-17 14:00:00+09:00,30500.0,31600.0,27600.0,27650.0,906776,0.0,0.0
2023-08-18 09:00:00+09:00,28000.0,30600.0,26150.0,26550.0,818337,0.0,0.0
2023-08-18 10:00:00+09:00,26550.0,26950.0,25300.0,25500.0,118219,0.0,0.0
2023-08-18 11:00:00+09:00,25500.0,25500.0,23550.0,24350.0,179779,0.0,0.0
2023-08-18 12:00:00+09:00,24350.0,24650.0,23800.0,24100.0,60438,0.0,0.0
2023-08-18 13:00:00+09:00,24050.0,24850.0,23700.0,23950.0,93908,0.0,0.0
2023-08-18 14:00:00+09:00,23950.0,24050.0,23400.0,23600.0,66837,0.0,0.0
2023-08-21 09:00:00+09:00,22850.0,22850.0,21300.0,21450.0,0,0.0,0.0
2023-08-21 10:00:00+09:00,21500.0,21700.0,20950.0,21250.0,60817,0.0,0.0
2023-08-21 11:00:00+09:00,21250.0,21400.0,20950.0,21050.0,46722,0.0,0.0
2023-08-21 12:00:00+09:00,21100.0,21300.0,20700.0,20800.0,28493,0.0,0.0
2023-08-21 13:00:00+09:00,20850.0,21100.0,20550.0,20700.0,35803,0.0,0.0
2023-08-21 14:00:00+09:00,20650.0,20800.0,20500.0,20650.0,25366,0.0,0.0
2023-08-22 09:00:00+09:00,20700.0,20750.0,19250.0,19420.0,91051,0.0,0.0
2023-08-22 10:00:00+09:00,19410.0,21100.0,19280.0,20450.0,80982,0.0,0.0
2023-08-22 11:00:00+09:00,20450.0,21950.0,20000.0,20650.0,167259,0.0,0.0
2023-08-22 12:00:00+09:00,20650.0,21250.0,20600.0,20950.0,40749,0.0,0.0
2023-08-22 13:00:00+09:00,20950.0,21000.0,20550.0,20750.0,26030,0.0,0.0
2023-08-22 14:00:00+09:00,20700.0,20700.0,20000.0,20300.0,41651,0.0,0.0
2023-08-23 09:00:00+09:00,19870.0,20450.0,19250.0,19690.0,0,0.0,0.0
2023-08-23 10:00:00+09:00,19690.0,19920.0,19560.0,19650.0,17820,0.0,0.0
2023-08-23 11:00:00+09:00,19700.0,19710.0,19460.0,19570.0,14729,0.0,0.0
2023-08-23 12:00:00+09:00,19570.0,19570.0,19360.0,19400.0,15205,0.0,0.0
2023-08-23 13:00:00+09:00,19400.0,19530.0,19300.0,19440.0,18368,0.0,0.0
2023-08-23 14:00:00+09:00,19420.0,19440.0,19060.0,19060.0,22884,0.0,0.0
2023-08-24 09:00:00+09:00,18660.0,18790.0,18390.0,18390.0,52477,0.0,0.0
2023-08-24 10:00:00+09:00,18400.0,18730.0,18390.0,18590.0,17771,0.0,0.0
2023-08-24 11:00:00+09:00,18600.0,18640.0,18210.0,18410.0,18403,0.0,0.0
2023-08-24 12:00:00+09:00,18410.0,18410.0,18260.0,18300.0,12674,0.0,0.0
2023-08-24 13:00:00+09:00,18300.0,18330.0,18230.0,18260.0,15172,0.0,0.0
2023-08-24 14:00:00+09:00,18270.0,18320.0,18080.0,18150.0,23934,0.0,0.0
2023-08-25 09:00:00+09:00,17720.0,18640.0,17720.0,18200.0,36960,0.0,0.0
2023-08-25 10:00:00+09:00,18200.0,18210.0,17950.0,18050.0,6217,0.0,0.0
2023-08-25 11:00:00+09:00,18050.0,18100.0,17830.0,17910.0,9658,0.0,0.0
2023-08-25 12:00:00+09:00,17810.0,17880.0,17800.0,17880.0,8076,0.0,0.0
2023-08-25 13:00:00+09:00,17880.0,17960.0,17740.0,17770.0,11662,0.0,0.0
2023-08-25 14:00:00+09:00,17770.0,17830.0,17670.0,17670.0,14076,0.0,0.0
2023-08-28 09:00:00+09:00,17600.0,18100.0,17510.0,17690.0,0,0.0,0.0
2023-08-28 10:00:00+09:00,17690.0,17880.0,17630.0,17750.0,6767,0.0,0.0
2023-08-28 11:00:00+09:00,17760.0,17840.0,17690.0,17740.0,4046,0.0,0.0
2023-08-28 12:00:00+09:00,17740.0,20900.0,17620.0,20150.0,233846,0.0,0.0
2023-08-28 13:00:00+09:00,20150.0,21950.0,19350.0,19880.0,494013,0.0,0.0
2023-08-28 14:00:00+09:00,19870.0,20150.0,19510.0,19550.0,94215,0.0,0.0
2023-08-29 09:00:00+09:00,19100.0,22000.0,18900.0,20350.0,371271,0.0,0.0
2023-08-29 10:00:00+09:00,20350.0,20750.0,19990.0,20000.0,60293,0.0,0.0
2023-08-29 11:00:00+09:00,20000.0,20300.0,20000.0,20150.0,11578,0.0,0.0
2023-08-29 12:00:00+09:00,20150.0,21950.0,19990.0,20150.0,163197,0.0,0.0
2023-08-29 13:00:00+09:00,20150.0,20400.0,19710.0,20000.0,64311,0.0,0.0
2023-08-29 14:00:00+09:00,20000.0,20150.0,19910.0,20000.0,22981,0.0,0.0
2023-08-30 09:00:00+09:00,20100.0,20350.0,19500.0,20050.0,35868,0.0,0.0
2023-08-30 10:00:00+09:00,20000.0,20100.0,19730.0,19870.0,14597,0.0,0.0
2023-08-30 11:00:00+09:00,19870.0,19870.0,19550.0,19600.0,11195,0.0,0.0
2023-08-30 12:00:00+09:00,19600.0,19790.0,19600.0,19760.0,2389,0.0,0.0
2023-08-30 13:00:00+09:00,19750.0,19770.0,19550.0,19550.0,10484,0.0,0.0
2023-08-30 14:00:00+09:00,19590.0,19870.0,19500.0,19690.0,14540,0.0,0.0
2023-08-31 09:00:00+09:00,19360.0,19700.0,19250.0,19330.0,16819,0.0,0.0
2023-08-31 10:00:00+09:00,19330.0,19360.0,19250.0,19280.0,9170,0.0,0.0
2023-08-31 11:00:00+09:00,19290.0,19560.0,19280.0,19470.0,6808,0.0,0.0
2023-08-31 12:00:00+09:00,19470.0,19610.0,19350.0,19370.0,6961,0.0,0.0
2023-08-31 13:00:00+09:00,19370.0,19400.0,18840.0,18990.0,16923,0.0,0.0
2023-08-31 14:00:00+09:00,18980.0,19470.0,18980.0,19260.0,8797,0.0,0.0
2023-09-01 09:00:00+09:00,18930.0,19090.0,18600.0,18630.0,21307,0.0,0.0
2023-09-01 10:00:00+09:00,18650.0,18730.0,18630.0,18640.0,5577,0.0,0.0
2023-09-01 11:00:00+09:00,18650.0,18710.0,18620.0,18680.0,6322,0.0,0.0
2023-09-01 12:00:00+09:00,18650.0,18770.0,18630.0,18690.0,3198,0.0,0.0
2023-09-01 13:00:00+09:00,18690.0,18740.0,18580.0,18700.0,6709,0.0,0.0
2023-09-01 14:00:00+09:00,18700.0,18700.0,18590.0,18650.0,8461,0.0,0.0
2023-09-04 09:00:00+09:00,18290.0,18810.0,18290.0,18730.0,0,0.0,0.0
2023-09-04 10:00:00+09:00,18720.0,18720.0,18490.0,18500.0,2139,0.0,0.0
2023-09-04 11:00:00+09:00,18510.0,18750.0,18490.0,18680.0,2061,0.0,0.0
2023-09-04 12:00:00+09:00,18510.0,18630.0,18490.0,18490.0,4640,0.0,0.0
2023-09-04 13:00:00+09:00,18490.0,18590.0,18390.0,18580.0,4608,0.0,0.0
2023-09-04 14:00:00+09:00,18570.0,18660.0,18470.0,18660.0,4693,0.0,0.0
2023-09-05 09:00:00+09:00,18520.0,18770.0,18480.0,18510.0,4341,0.0,0.0
2023-09-05 10:00:00+09:00,18620.0,18780.0,18510.0,18780.0,5407,0.0,0.0
2023-09-05 11:00:00+09:00,18790.0,21400.0,18570.0,19250.0,167723,0.0,0.0
2023-09-05 12:00:00+09:00,19250.0,19660.0,19000.0,19210.0,45861,0.0,0.0
2023-09-05 13:00:00+09:00,19170.0,19360.0,19020.0,19220.0,15152,0.0,0.0
2023-09-05 14:00:00+09:00,19220.0,19250.0,19110.0,19200.0,7839,0.0,0.0
2023-09-06 09:00:00+09:00,19440.0,19800.0,19200.0,19630.0,19483,0.0,0.0
2023-09-06 10:00:00+09:00,19610.0,19630.0,19300.0,19450.0,9233,0.0,0.0
2023-09-06 11:00:00+09:00,19450.0,19450.0,19220.0,19310.0,7665,0.0,0.0
2023-09-06 12:00:00+09:00,19320.0,19370.0,19310.0,19360.0,1359,0.0,0.0
2023-09-06 13:00:00+09:00,19320.0,19530.0,19300.0,19410.0,6324,0.0,0.0
2023-09-06 14:00:00+09:00,19410.0,19500.0,19160.0,19280.0,7950,0.0,0.0
2023-09-07 09:00:00+09:00,19220.0,19300.0,19010.0,19090.0,7045,0.0,0.0
2023-09-07 10:00:00+09:00,19090.0,19140.0,18900.0,19060.0,0,0.0,0.0
2023-09-07 11:00:00+09:00,19060.0,19060.0,18920.0,18950.0,23022,0.0,0.0
2023-09-07 12:00:00+09:00,18960.0,19000.0,18900.0,18950.0,3390,0.0,0.0
2023-09-07 13:00:00+09:00,18900.0,18900.0,18760.0,18840.0,2618,0.0,0.0
2023-09-07 14:00:00+09:00,18830.0,18840.0,18700.0,18780.0,3309,0.0,0.0
2023-09-08 09:00:00+09:00,18740.0,19000.0,18540.0,18650.0,5579,0.0,0.0
2023-09-08 10:00:00+09:00,18650.0,18840.0,18540.0,18820.0,2767,0.0,0.0
2023-09-08 11:00:00+09:00,18820.0,18840.0,18750.0,18790.0,1811,0.0,0.0
2023-09-08 12:00:00+09:00,18790.0,18910.0,18760.0,18890.0,4317,0.0,0.0
2023-09-08 13:00:00+09:00,18890.0,18980.0,18870.0,18950.0,2108,0.0,0.0
2023-09-08 14:00:00+09:00,18950.0,19070.0,18940.0,19060.0,4947,0.0,0.0
2023-09-11 09:00:00+09:00,19120.0,19180.0,18990.0,19040.0,0,0.0,0.0
2023-09-11 10:00:00+09:00,19110.0,19890.0,19110.0,19780.0,32176,0.0,0.0
2023-09-11 11:00:00+09:00,19770.0,19770.0,19560.0,19670.0,8087,0.0,0.0
2023-09-11 12:00:00+09:00,19670.0,19810.0,19590.0,19700.0,11586,0.0,0.0
2023-09-11 13:00:00+09:00,19610.0,19700.0,19400.0,19410.0,6704,0.0,0.0
2023-09-11 14:00:00+09:00,19420.0,19500.0,19250.0,19310.0,11110,0.0,0.0
2023-09-12 09:00:00+09:00,19200.0,19610.0,19200.0,19480.0,12178,0.0,0.0
2023-09-12 10:00:00+09:00,19400.0,20500.0,19290.0,19620.0,44248,0.0,0.0
2023-09-12 11:00:00+09:00,19620.0,19740.0,19500.0,19500.0,9061,0.0,0.0
2023-09-12 12:00:00+09:00,19510.0,19620.0,19500.0,19610.0,2060,0.0,0.0
2023-09-12 13:00:00+09:00,19570.0,19700.0,19510.0,19630.0,4711,0.0,0.0
2023-09-12 14:00:00+09:00,19630.0,19700.0,19540.0,19660.0,8251,0.0,0.0
2023-09-13 09:00:00+09:00,19600.0,20050.0,19440.0,19890.0,12825,0.0,0.0
2023-09-13 10:00:00+09:00,19880.0,19880.0,19730.0,19790.0,2725,0.0,0.0
2023-09-13 11:00:00+09:00,19790.0,19860.0,19650.0,19650.0,4515,0.0,0.0
2023-09-13 12:00:00+09:00,19650.0,19740.0,19600.0,19700.0,3788,0.0,0.0
2023-09-13 13:00:00+09:00,19700.0,19700.0,19510.0,19530.0,4258,0.0,0.0
2023-09-13 14:00:00+09:00,19610.0,19630.0,19200.0,19300.0,6245,0.0,0.0
2023-09-14 09:00:00+09:00,19300.0,20200.0,19270.0,20000.0,19629,0.0,0.0
2023-09-14 10:00:00+09:00,20000.0,20150.0,19870.0,20100.0,10822,0.0,0.0
2023-09-14 11:00:00+09:00,20150.0,20250.0,20000.0,20150.0,11097,0.0,0.0
2023-09-14 12:00:00+09:00,20200.0,20400.0,20150.0,20250.0,10561,0.0,0.0
2023-09-14 13:00:00+09:00,20250.0,20450.0,20100.0,20400.0,13689,0.0,0.0
2023-09-14 14:00:00+09:00,20450.0,20450.0,20200.0,20200.0,8729,0.0,0.0
2023-09-15 09:00:00+09:00,20100.0,20850.0,20100.0,20500.0,23207,0.0,0.0
2023-09-15 10:00:00+09:00,20450.0,20700.0,20200.0,20700.0,18246,0.0,0.0
2023-09-15 11:00:00+09:00,20700.0,20700.0,20300.0,20500.0,7484,0.0,0.0
2023-09-15 12:00:00+09:00,20500.0,20600.0,20350.0,20500.0,6601,0.0,0.0
2023-09-15 13:00:00+09:00,20450.0,20450.0,20250.0,20350.0,8508,0.0,0.0
2023-09-15 14:00:00+09:00,20350.0,20550.0,20300.0,20350.0,8696,0.0,0.0
2023-09-18 09:00:00+09:00,20400.0,20800.0,20050.0,20650.0,0,0.0,0.0
2023-09-18 10:00:00+09:00,20650.0,20650.0,20400.0,20400.0,5897,0.0,0.0
2023-09-18 11:00:00+09:00,20400.0,20750.0,20400.0,20700.0,5048,0.0,0.0
2023-09-18 12:00:00+09:00,20750.0,20750.0,20500.0,20500.0,1718,0.0,0.0
2023-09-18 13:00:00+09:00,20500.0,21100.0,20500.0,21000.0,10980,0.0,0.0
2023-09-18 14:00:00+09:00,21000.0,21200.0,20850.0,21000.0,10543,0.0,0.0
2023-09-19 09:00:00+09:00,20850.0,21250.0,20350.0,20500.0,16271,0.0,0.0
2023-09-19 10:00:00+09:00,20500.0,20500.0,20250.0,20500.0,4844,0.0,0.0
2023-09-19 11:00:00+09:00,20500.0,20500.0,20300.0,20400.0,3124,0.0,0.0
2023-09-19 12:00:00+09:00,20350.0,20400.0,20050.0,20100.0,4536,0.0,0.0
2023-09-19 13:00:00+09:00,20150.0,20200.0,20050.0,20200.0,4588,0.0,0.0
2023-09-19 14:00:00+09:00,20200.0,20250.0,19990.0,20100.0,9709,0.0,0.0
2023-09-20 09:00:00+09:00,20100.0,20250.0,19750.0,19750.0,3347,0.0,0.0
2023-09-20 10:00:00+09:00,19750.0,19800.0,19560.0,19790.0,4361,0.0,0.0
2023-09-20 11:00:00+09:00,19700.0,19770.0,19540.0,19670.0,2004,0.0,0.0
2023-09-20 12:00:00+09:00,19670.0,19670.0,19490.0,19530.0,3157,0.0,0.0
2023-09-20 13:00:00+09:00,19500.0,20200.0,19440.0,19990.0,7658,0.0,0.0
2023-09-20 14:00:00+09:00,19990.0,20100.0,19750.0,19770.0,803,0.0,0.0
2023-09-21 09:00:00+09:00,19630.0,19850.0,19450.0,19450.0,7094,0.0,0.0
2023-09-21 10:00:00+09:00,19450.0,19470.0,18900.0,19060.0,10336,0.0,0.0
2023-09-21 11:00:00+09:00,18900.0,19040.0,18350.0,18410.0,16290,0.0,0.0
2023-09-21 12:00:00+09:00,18410.0,18420.0,17670.0,18170.0,12465,0.0,0.0
2023-09-21 13:00:00+09:00,18120.0,18620.0,17920.0,18550.0,17825,0.0,0.0
2023-09-21 14:00:00+09:00,18540.0,19010.0,18510.0,18880.0,13166,0.0,0.0
2023-09-22 09:00:00+09:00,18790.0,19200.0,18450.0,18860.0,8245,0.0,0.0
2023-09-22 10:00:00+09:00,19000.0,19150.0,18900.0,19050.0,4958,0.0,0.0
2023-09-22 11:00:00+09:00,19030.0,19120.0,19000.0,19050.0,2396,0.0,0.0
2023-09-22 12:00:00+09:00,19000.0,19050.0,18910.0,18910.0,825,0.0,0.0
2023-09-22 13:00:00+09:00,18910.0,18960.0,18850.0,18900.0,1373,0.0,0.0
2023-09-22 14:00:00+09:00,18890.0,18920.0,18710.0,18710.0,1094,0.0,0.0
2023-09-25 09:00:00+09:00,19250.0,19250.0,18300.0,18300.0,0,0.0,0.0
2023-09-25 10:00:00+09:00,18300.0,18340.0,17910.0,18140.0,7086,0.0,0.0
2023-09-25 11:00:00+09:00,18140.0,18420.0,18000.0,18270.0,4305,0.0,0.0
2023-09-25 12:00:00+09:00,18270.0,18270.0,18150.0,18200.0,1878,0.0,0.0
2023-09-25 13:00:00+09:00,18180.0,18200.0,18090.0,18100.0,1831,0.0,0.0
2023-09-25 14:00:00+09:00,18100.0,18100.0,17910.0,18040.0,5360,0.0,0.0
2023-09-26 09:00:00+09:00,18390.0,18390.0,17600.0,17670.0,6472,0.0,0.0
2023-09-26 10:00:00+09:00,17680.0,18000.0,17670.0,17830.0,2443,0.0,0.0
2023-09-26 11:00:00+09:00,17830.0,17830.0,17660.0,17750.0,1215,0.0,0.0
2023-09-26 12:00:00+09:00,17750.0,17750.0,17570.0,17570.0,2547,0.0,0.0
2023-09-26 13:00:00+09:00,17600.0,17600.0,17470.0,17520.0,5787,0.0,0.0
2023-09-26 14:00:00+09:00,17600.0,17600.0,17060.0,17250.0,9699,0.0,0.0
2023-09-27 09:00:00+09:00,16620.0,17390.0,16570.0,16760.0,10136,0.0,0.0
2023-09-27 10:00:00+09:00,16750.0,16830.0,16680.0,16740.0,1779,0.0,0.0
2023-09-27 11:00:00+09:00,16830.0,17070.0,16720.0,16720.0,2443,0.0,0.0
2023-09-27 12:00:00+09:00,16730.0,16910.0,16710.0,16910.0,422,0.0,0.0
2023-09-27 13:00:00+09:00,16920.0,17040.0,16730.0,16750.0,1740,0.0,0.0
2023-09-27 14:00:00+09:00,16830.0,17050.0,16820.0,16880.0,3107,0.0,0.0
2023-10-04 09:00:00+09:00,16950.0,17000.0,16320.0,17000.0,0,0.0,0.0
2023-10-04 10:00:00+09:00,17300.0,17300.0,16900.0,17030.0,4199,0.0,0.0
2023-10-04 11:00:00+09:00,17030.0,17030.0,16700.0,16800.0,499,0.0,0.0
2023-10-04 12:00:00+09:00,16800.0,16900.0,16720.0,16900.0,484,0.0,0.0
2023-10-04 13:00:00+09:00,16900.0,16980.0,16790.0,16790.0,1782,0.0,0.0
2023-10-04 14:00:00+09:00,16790.0,16940.0,16680.0,16860.0,1932,0.0,0.0
2023-10-05 09:00:00+09:00,16650.0,16790.0,16220.0,16330.0,6848,0.0,0.0
2023-10-05 10:00:00+09:00,16350.0,16350.0,16250.0,16330.0,3458,0.0,0.0
2023-10-05 11:00:00+09:00,16320.0,16340.0,16280.0,16280.0,3089,0.0,0.0
2023-10-05 12:00:00+09:00,16280.0,16340.0,16280.0,16340.0,0,0.0,0.0
2023-10-05 13:00:00+09:00,16340.0,16440.0,16250.0,16380.0,2514,0.0,0.0
2023-10-05 14:00:00+09:00,16380.0,16430.0,16310.0,16320.0,4894,0.0,0.0
2023-10-06 09:00:00+09:00,16210.0,17380.0,16210.0,17190.0,7819,0.0,0.0
2023-10-06 10:00:00+09:00,17190.0,17830.0,17190.0,17470.0,8597,0.0,0.0
2023-10-06 11:00:00+09:00,17500.0,17540.0,17030.0,17050.0,3193,0.0,0.0
2023-10-06 12:00:00+09:00,17050.0,17050.0,16930.0,16950.0,2476,0.0,0.0
2023-10-06 13:00:00+09:00,16940.0,17050.0,16860.0,17020.0,1539,0.0,0.0
2023-10-06 14:00:00+09:00,16930.0,16940.0,16740.0,16840.0,2504,0.0,0.0
2023-10-10 09:00:00+09:00,16890.0,17000.0,16750.0,16750.0,0,0.0,0.0
2023-10-10 10:00:00+09:00,16760.0,16770.0,16600.0,16600.0,1179,0.0,0.0
2023-10-10 11:00:00+09:00,16710.0,16710.0,16350.0,16440.0,1070,0.0,0.0
2023-10-10 12:00:00+09:00,16440.0,16440.0,16210.0,16310.0,2153,0.0,0.0
2023-10-10 13:00:00+09:00,16300.0,16320.0,16210.0,16220.0,1699,0.0,0.0
2023-10-10 14:00:00+09:00,16260.0,16280.0,15720.0,15930.0,4461,0.0,0.0
2023-10-11 09:00:00+09:00,16090.0,16680.0,15750.0,15990.0,3330,0.0,0.0
2023-10-11 10:00:00+09:00,15980.0,16110.0,15890.0,15910.0,735,0.0,0.0
2023-10-11 11:00:00+09:00,15910.0,15990.0,15910.0,15910.0,542,0.0,0.0
2023-10-11 12:00:00+09:00,15910.0,15950.0,15800.0,15950.0,1386,0.0,0.0
2023-10-11 13:00:00+09:00,15970.0,16110.0,15970.0,15990.0,1081,0.0,0.0
2023-10-11 14:00:00+09:00,15970.0,15990.0,15900.0,15900.0,854,0.0,0.0
2023-10-12 09:00:00+09:00,15870.0,16270.0,15870.0,15940.0,1513,0.0,0.0
2023-10-12 10:00:00+09:00,15950.0,16030.0,15730.0,15900.0,3692,0.0,0.0
2023-10-12 11:00:00+09:00,15860.0,15940.0,15850.0,15860.0,370,0.0,0.0
2023-10-12 12:00:00+09:00,15860.0,15920.0,15860.0,15910.0,299,0.0,0.0
2023-10-12 13:00:00+09:00,15870.0,16100.0,15850.0,16100.0,3042,0.0,0.0
2023-10-12 14:00:00+09:00,16000.0,16070.0,15960.0,15960.0,56,0.0,0.0
2023-10-13 09:00:00+09:00,15750.0,16350.0,15420.0,15510.0,2628,0.0,0.0
2023-10-13 10:00:00+09:00,15510.0,15680.0,15400.0,15550.0,1510,0.0,0.0
2023-10-13 11:00:00+09:00,15540.0,15550.0,15490.0,15490.0,246,0.0,0.0
2023-10-13 12:00:00+09:00,15530.0,16000.0,15520.0,15560.0,1581,0.0,0.0
2023-10-13 13:00:00+09:00,15580.0,15770.0,15580.0,15770.0,60,0.0,0.0
2023-10-13 14:00:00+09:00,15690.0,15730.0,15600.0,15700.0,372,0.0,0.0
2023-10-16 09:00:00+09:00,15360.0,15360.0,14810.0,14890.0,1033,0.0,0.0
2023-10-16 10:00:00+09:00,14890.0,14900.0,14830.0,14830.0,1771,0.0,0.0
2023-10-16 11:00:00+09:00,14840.0,14840.0,14700.0,14790.0,4038,0.0,0.0
2023-10-16 12:00:00+09:00,14780.0,14780.0,14690.0,14760.0,1237,0.0,0.0
2023-10-16 13:00:00+09:00,14710.0,14770.0,14590.0,14590.0,989,0.0,0.0
2023-10-16 14:00:00+09:00,14670.0,14690.0,14670.0,14670.0,580,0.0,0.0
2023-10-17 09:00:00+09:00,14650.0,14950.0,14640.0,14720.0,428,0.0,0.0
2023-10-17 10:00:00+09:00,14660.0,14660.0,14580.0,14600.0,1197,0.0,0.0
2023-10-17 11:00:00+09:00,14600.0,14690.0,14540.0,14690.0,2476,0.0,0.0
2023-10-17 12:00:00+09:00,14600.0,14680.0,14540.0,14590.0,795,0.0,0.0
2023-10-17 13:00:00+09:00,14580.0,14640.0,14540.0,14640.0,1415,0.0,0.0
2023-10-17 14:00:00+09:00,14590.0,14590.0,14530.0,14530.0,1052,0.0,0.0
2023-10-18 09:00:00+09:00,14810.0,14810.0,14350.0,14360.0,1378,0.0,0.0
2023-10-18 10:00:00+09:00,14380.0,14550.0,14100.0,14430.0,3167,0.0,0.0
2023-10-18 11:00:00+09:00,14430.0,14550.0,14270.0,14330.0,469,0.0,0.0
2023-10-18 12:00:00+09:00,14550.0,14550.0,14340.0,14490.0,484,0.0,0.0
2023-10-18 13:00:00+09:00,14380.0,14550.0,14380.0,14540.0,593,0.0,0.0
2023-10-18 14:00:00+09:00,14440.0,14440.0,14200.0,14290.0,2314,0.0,0.0
2023-10-19 09:00:00+09:00,14540.0,14540.0,14200.0,14200.0,1154,0.0,0.0
2023-10-19 10:00:00+09:00,14300.0,14300.0,14080.0,14160.0,3186,0.0,0.0
2023-10-19 11:00:00+09:00,14140.0,14500.0,14070.0,14180.0,1767,0.0,0.0
2023-10-19 12:00:00+09:00,14180.0,14370.0,14040.0,14040.0,1906,0.0,0.0
2023-10-19 13:00:00+09:00,14330.0,14340.0,14080.0,14200.0,463,0.0,0.0
2023-10-19 14:00:00+09:00,14120.0,14230.0,14050.0,14230.0,3024,0.0,0.0
2023-10-20 09:00:00+09:00,13890.0,14430.0,13680.0,14100.0,3787,0.0,0.0
2023-10-20 10:00:00+09:00,14090.0,14150.0,13860.0,14090.0,699,0.0,0.0
2023-10-20 11:00:00+09:00,13920.0,14070.0,13600.0,13910.0,4043,0.0,0.0
2023-10-20 12:00:00+09:00,13700.0,13940.0,13610.0,13760.0,1395,0.0,0.0
2023-10-20 13:00:00+09:00,13710.0,13830.0,13590.0,13640.0,1680,0.0,0.0
2023-10-20 14:00:00+09:00,13600.0,13600.0,13400.0,13500.0,3330,0.0,0.0
2023-10-23 09:00:00+09:00,13500.0,13980.0,13230.0,13650.0,0,0.0,0.0
2023-10-23 10:00:00+09:00,13640.0,13650.0,13380.0,13590.0,3341,0.0,0.0
2023-10-23 11:00:00+09:00,13590.0,13650.0,13510.0,13600.0,931,0.0,0.0
2023-10-23 12:00:00+09:00,13530.0,13650.0,13450.0,13570.0,285,0.0,0.0
2023-10-23 13:00:00+09:00,13560.0,13560.0,13320.0,13530.0,1436,0.0,0.0
2023-10-23 14:00:00+09:00,13490.0,13510.0,13310.0,13330.0,2861,0.0,0.0
2023-10-24 09:00:00+09:00,13780.0,13780.0,13230.0,13520.0,3490,0.0,0.0
2023-10-24 10:00:00+09:00,13480.0,13590.0,13300.0,13510.0,3637,0.0,0.0
2023-10-24 11:00:00+09:00,13510.0,14000.0,13340.0,13720.0,3167,0.0,0.0
2023-10-24 12:00:00+09:00,13720.0,13800.0,13580.0,13590.0,235,0.0,0.0
2023-10-24 13:00:00+09:00,13600.0,13700.0,13520.0,13700.0,2103,0.0,0.0
2023-10-24 14:00:00+09:00,13700.0,13980.0,13700.0,13940.0,460,0.0,0.0
2023-10-25 09:00:00+09:00,14330.0,14330.0,13900.0,13910.0,1769,0.0,0.0
2023-10-25 10:00:00+09:00,14040.0,14040.0,13800.0,13980.0,1795,0.0,0.0
2023-10-25 11:00:00+09:00,13980.0,13990.0,13650.0,13780.0,1662,0.0,0.0
2023-10-25 12:00:00+09:00,13760.0,13760.0,13660.0,13660.0,690,0.0,0.0
2023-10-25 13:00:00+09:00,13670.0,13700.0,13550.0,13670.0,1367,0.0,0.0
2023-10-25 14:00:00+09:00,13700.0,13990.0,13700.0,13730.0,440,0.0,0.0
2023-10-26 09:00:00+09:00,13820.0,13820.0,13280.0,13370.0,0,0.0,0.0
2023-10-26 10:00:00+09:00,13350.0,13490.0,13100.0,13480.0,3166,0.0,0.0
2023-10-26 11:00:00+09:00,13470.0,13480.0,13200.0,13430.0,2782,0.0,0.0
2023-10-26 12:00:00+09:00,13220.0,13480.0,13220.0,13470.0,1568,0.0,0.0
2023-10-26 13:00:00+09:00,13400.0,13400.0,13250.0,13250.0,388,0.0,0.0
2023-10-26 14:00:00+09:00,13400.0,13400.0,13130.0,13390.0,2614,0.0,0.0
2023-10-27 09:00:00+09:00,13470.0,13580.0,13050.0,13070.0,928,0.0,0.0
2023-10-27 10:00:00+09:00,13080.0,13310.0,12890.0,13310.0,2078,0.0,0.0
2023-10-27 11:00:00+09:00,13310.0,13320.0,13300.0,13320.0,163,0.0,0.0
2023-10-27 12:00:00+09:00,13300.0,13300.0,13170.0,13280.0,53,0.0,0.0
2023-10-27 13:00:00+09:00,13170.0,13270.0,13040.0,13200.0,246,0.0,0.0
2023-10-27 14:00:00+09:00,13070.0,13200.0,12770.0,12980.0,3613,0.0,0.0
2023-10-30 09:00:00+09:00,12890.0,13090.0,12630.0,12920.0,0,0.0,0.0
2023-10-30 10:00:00+09:00,12920.0,12920.0,12730.0,12890.0,79,0.0,0.0
2023-10-30 11:00:00+09:00,12890.0,12890.0,12780.0,12880.0,424,0.0,0.0
2023-10-30 12:00:00+09:00,12880.0,12890.0,12750.0,12860.0,511,0.0,0.0
2023-10-30 13:00:00+09:00,12850.0,12860.0,12790.0,12860.0,300,0.0,0.0
2023-10-30 14:00:00+09:00,12850.0,12870.0,12850.0,12860.0,501,0.0,0.0
2023-10-31 09:00:00+09:00,13270.0,13270.0,12840.0,12850.0,1147,0.0,0.0
2023-10-31 10:00:00+09:00,12980.0,12980.0,12730.0,12970.0,123,0.0,0.0
2023-10-31 11:00:00+09:00,12970.0,12980.0,12750.0,12890.0,1827,0.0,0.0
2023-10-31 12:00:00+09:00,12800.0,12800.0,12670.0,12690.0,296,0.0,0.0
2023-10-31 13:00:00+09:00,12690.0,12750.0,12620.0,12740.0,139,0.0,0.0
2023-10-31 14:00:00+09:00,12630.0,12760.0,12590.0,12760.0,447,0.0,0.0
2023-11-01 09:00:00+09:00,13200.0,13200.0,12760.0,13110.0,3486,0.0,0.0
2023-11-01 10:00:00+09:00,13110.0,13130.0,13000.0,13120.0,550,0.0,0.0
2023-11-01 11:00:00+09:00,13040.0,13040.0,13010.0,13040.0,285,0.0,0.0
2023-11-01 12:00:00+09:00,13100.0,13100.0,13000.0,13070.0,899,0.0,0.0
2023-11-01 13:00:00+09:00,13050.0,13080.0,13000.0,13080.0,461,0.0,0.0
2023-11-01 14:00:00+09:00,13010.0,13070.0,12950.0,13030.0,633,0.0,0.0
2023-11-02 09:00:00+09:00,13680.0,13780.0,13120.0,13780.0,3378,0.0,0.0
2023-11-02 10:00:00+09:00,13780.0,13780.0,13600.0,13600.0,248,0.0,0.0
2023-11-02 11:00:00+09:00,13680.0,13680.0,13550.0,13560.0,674,0.0,0.0
2023-11-02 12:00:00+09:00,13560.0,13620.0,13480.0,13600.0,439,0.0,0.0
2023-11-02 13:00:00+09:00,13520.0,13590.0,13500.0,13520.0,208,0.0,0.0
2023-11-02 14:00:00+09:00,13520.0,13660.0,13500.0,13650.0,1714,0.0,0.0
2023-11-03 09:00:00+09:00,13420.0,14000.0,13290.0,13990.0,4073,0.0,0.0
2023-11-03 10:00:00+09:00,13990.0,14080.0,13840.0,14030.0,2994,0.0,0.0
2023-11-03 11:00:00+09:00,14030.0,14130.0,14000.0,14130.0,1422,0.0,0.0
2023-11-03 12:00:00+09:00,14030.0,14480.0,14030.0,14400.0,3066,0.0,0.0
2023-11-03 13:00:00+09:00,14400.0,15840.0,14370.0,15090.0,43045,0.0,0.0
2023-11-03 14:00:00+09:00,15080.0,15300.0,14810.0,15000.0,11672,0.0,0.0
2023-11-06 09:00:00+09:00,14930.0,15010.0,14650.0,14830.0,0,0.0,0.0
2023-11-06 10:00:00+09:00,14960.0,14960.0,14700.0,14740.0,4436,0.0,0.0
2023-11-06 11:00:00+09:00,14750.0,15150.0,14720.0,15120.0,3315,0.0,0.0
2023-11-06 12:00:00+09:00,15110.0,15400.0,14980.0,15240.0,4884,0.0,0.0
2023-11-06 13:00:00+09:00,15200.0,15670.0,15150.0,15320.0,4158,0.0,0.0
2023-11-06 14:00:00+09:00,15450.0,15550.0,15300.0,15550.0,2347,0.0,0.0
2023-11-07 09:00:00+09:00,15560.0,15560.0,14900.0,15270.0,5281,0.0,0.0
2023-11-07 10:00:00+09:00,15270.0,15270.0,15180.0,15190.0,1284,0.0,0.0
2023-11-07 11:00:00+09:00,15190.0,15250.0,14980.0,14990.0,3873,0.0,0.0
2023-11-07 12:00:00+09:00,14990.0,15000.0,14830.0,14870.0,3675,0.0,0.0
2023-11-07 13:00:00+09:00,14980.0,14980.0,14450.0,14490.0,6923,0.0,0.0
2023-11-07 14:00:00+09:00,14490.0,14640.0,14350.0,14410.0,2851,0.0,0.0
2023-11-08 09:00:00+09:00,15000.0,15260.0,14350.0,15170.0,4042,0.0,0.0
2023-11-08 10:00:00+09:00,15250.0,16200.0,15150.0,15620.0,20200,0.0,0.0
2023-11-08 11:00:00+09:00,15620.0,15860.0,15530.0,15810.0,4380,0.0,0.0
2023-11-08 12:00:00+09:00,15790.0,17900.0,15790.0,16330.0,80408,0.0,0.0
2023-11-08 13:00:00+09:00,16230.0,16810.0,16080.0,16090.0,10731,0.0,0.0
2023-11-08 14:00:00+09:00,16080.0,16500.0,15830.0,15840.0,18273,0.0,0.0
2023-11-09 09:00:00+09:00,15700.0,16130.0,15500.0,15610.0,10960,0.0,0.0
2023-11-09 10:00:00+09:00,15690.0,15700.0,15610.0,15620.0,175,0.0,0.0
2023-11-09 11:00:00+09:00,15620.0,15680.0,15580.0,15680.0,2094,0.0,0.0
2023-11-09 12:00:00+09:00,15590.0,15590.0,15570.0,15580.0,1764,0.0,0.0
2023-11-09 13:00:00+09:00,15580.0,15680.0,15580.0,15600.0,804,0.0,0.0
2023-11-09 14:00:00+09:00,15600.0,15670.0,15580.0,15640.0,405,0.0,0.0
2023-11-10 09:00:00+09:00,15700.0,16000.0,15570.0,15570.0,5493,0.0,0.0
2023-11-10 10:00:00+09:00,15580.0,15670.0,15580.0,15670.0,766,0.0,0.0
2023-11-10 11:00:00+09:00,15670.0,15990.0,15670.0,15790.0,764,0.0,0.0
2023-11-10 12:00:00+09:00,15790.0,15790.0,15640.0,15640.0,560,0.0,0.0
2023-11-10 13:00:00+09:00,15620.0,15740.0,15620.0,15730.0,303,0.0,0.0
2023-11-10 14:00:00+09:00,15740.0,15770.0,15570.0,15570.0,2276,0.0,0.0
2023-11-13 09:00:00+09:00,15910.0,15920.0,15700.0,15760.0,0,0.0,0.0
2023-11-13 10:00:00+09:00,15770.0,15770.0,15630.0,15720.0,1691,0.0,0.0
2023-11-13 11:00:00+09:00,15710.0,15710.0,15610.0,15610.0,1304,0.0,0.0
2023-11-13 12:00:00+09:00,15610.0,15630.0,15460.0,15460.0,6721,0.0,0.0
2023-11-13 13:00:00+09:00,15460.0,15460.0,15150.0,15180.0,2218,0.0,0.0
2023-11-13 14:00:00+09:00,15180.0,15450.0,15160.0,15180.0,3149,0.0,0.0
2023-11-14 09:00:00+09:00,15100.0,15310.0,14990.0,15160.0,1693,0.0,0.0
2023-11-14 10:00:00+09:00,15160.0,15500.0,15160.0,15490.0,1781,0.0,0.0
2023-11-14 11:00:00+09:00,15520.0,15530.0,15330.0,15330.0,3032,0.0,0.0
2023-11-14 12:00:00+09:00,15420.0,15490.0,15330.0,15470.0,451,0.0,0.0
2023-11-14 13:00:00+09:00,15370.0,15390.0,15250.0,15250.0,668,0.0,0.0
2023-11-14 14:00:00+09:00,15250.0,15300.0,15180.0,15250.0,1586,0.0,0.0
2023-11-15 09:00:00+09:00,15160.0,15670.0,15160.0,15300.0,0,0.0,0.0
2023-11-15 10:00:00+09:00,15300.0,15300.0,15180.0,15200.0,3569,0.0,0.0
2023-11-15 11:00:00+09:00,15200.0,15210.0,15190.0,15200.0,725,0.0,0.0
2023-11-15 12:00:00+09:00,15190.0,15300.0,15190.0,15240.0,567,0.0,0.0
2023-11-15 13:00:00+09:00,15240.0,15240.0,15200.0,15200.0,747,0.0,0.0
2023-11-15 14:00:00+09:00,15200.0,15220.0,15080.0,15090.0,2809,0.0,0.0
2023-11-16 10:00:00+09:00,15180.0,15180.0,14780.0,14880.0,5515,0.0,0.0
2023-11-16 11:00:00+09:00,14870.0,15040.0,14830.0,15010.0,2436,0.0,0.0
2023-11-16 12:00:00+09:00,15030.0,15030.0,14920.0,14920.0,4663,0.0,0.0
2023-11-16 13:00:00+09:00,14920.0,14960.0,14850.0,14900.0,545,0.0,0.0
2023-11-16 14:00:00+09:00,14900.0,15000.0,14900.0,14910.0,617,0.0,0.0
2023-11-17 09:00:00+09:00,14690.0,15150.0,14600.0,14600.0,2048,0.0,0.0
2023-11-17 10:00:00+09:00,14610.0,14640.0,14520.0,14630.0,2151,0.0,0.0
2023-11-17 11:00:00+09:00,14620.0,14620.0,14530.0,14530.0,530,0.0,0.0
2023-11-17 12:00:00+09:00,14530.0,14610.0,14530.0,14530.0,543,0.0,0.0
2023-11-17 13:00:00+09:00,14560.0,14620.0,14520.0,14610.0,795,0.0,0.0
2023-11-17 14:00:00+09:00,14600.0,15920.0,14590.0,15910.0,10587,0.0,0.0
2023-11-20 09:00:00+09:00,15900.0,16660.0,15690.0,16550.0,0,0.0,0.0
2023-11-20 10:00:00+09:00,16560.0,17160.0,16120.0,17030.0,5826,0.0,0.0
2023-11-20 11:00:00+09:00,17030.0,17370.0,17000.0,17360.0,7507,0.0,0.0
2023-11-20 12:00:00+09:00,17350.0,17540.0,17250.0,17440.0,9006,0.0,0.0
2023-11-20 13:00:00+09:00,17430.0,18240.0,17240.0,17400.0,17627,0.0,0.0
2023-11-20 14:00:00+09:00,17410.0,17410.0,17000.0,17200.0,7065,0.0,0.0
2023-11-21 09:00:00+09:00,17340.0,18190.0,16960.0,17960.0,18909,0.0,0.0
2023-11-21 10:00:00+09:00,17880.0,17880.0,16940.0,17000.0,7018,0.0,0.0
2023-11-21 11:00:00+09:00,16990.0,17130.0,16990.0,17050.0,697,0.0,0.0
2023-11-21 12:00:00+09:00,17060.0,17170.0,16970.0,17030.0,1839,0.0,0.0
2023-11-21 13:00:00+09:00,17040.0,17040.0,16760.0,16900.0,2379,0.0,0.0
2023-11-21 14:00:00+09:00,16900.0,16900.0,16590.0,16830.0,3346,0.0,0.0
2023-11-22 09:00:00+09:00,16950.0,17820.0,16690.0,16780.0,10284,0.0,0.0
2023-11-22 10:00:00+09:00,16800.0,17080.0,16790.0,16850.0,2609,0.0,0.0
2023-11-22 11:00:00+09:00,16960.0,17500.0,16840.0,17170.0,5750,0.0,0.0
2023-11-22 12:00:00+09:00,17170.0,17280.0,17130.0,17170.0,1657,0.0,0.0
2023-11-22 13:00:00+09:00,17170.0,17220.0,17100.0,17130.0,1731,0.0,0.0
2023-11-22 14:00:00+09:00,17120.0,17270.0,17110.0,17250.0,577,0.0,0.0
2023-11-23 09:00:00+09:00,16900.0,17230.0,16690.0,17180.0,1517,0.0,0.0
2023-11-23 10:00:00+09:00,17190.0,17200.0,16690.0,16690.0,9389,0.0,0.0
2023-11-23 11:00:00+09:00,16800.0,16860.0,16730.0,16740.0,0,0.0,0.0
2023-11-23 12:00:00+09:00,16750.0,16820.0,16700.0,16720.0,2503,0.0,0.0
2023-11-23 13:00:00+09:00,16700.0,16820.0,16630.0,16650.0,2988,0.0,0.0
2023-11-23 14:00:00+09:00,16650.0,16810.0,16630.0,16640.0,1304,0.0,0.0
2023-11-24 09:00:00+09:00,16760.0,16800.0,16520.0,16800.0,1116,0.0,0.0
2023-11-24 10:00:00+09:00,16750.0,16750.0,16600.0,16600.0,593,0.0,0.0
2023-11-24 11:00:00+09:00,16600.0,16630.0,16550.0,16620.0,128,0.0,0.0
2023-11-24 12:00:00+09:00,16620.0,16620.0,16550.0,16550.0,240,0.0,0.0
2023-11-24 13:00:00+09:00,16550.0,16570.0,16520.0,16530.0,709,0.0,0.0
2023-11-24 14:00:00+09:00,16530.0,16720.0,16520.0,16540.0,1483,0.0,0.0
2023-11-27 09:00:00+09:00,16530.0,16600.0,16020.0,16050.0,0,0.0,0.0
2023-11-27 10:00:00+09:00,16200.0,16200.0,16050.0,16060.0,4571,0.0,0.0
2023-11-27 11:00:00+09:00,16060.0,16080.0,16050.0,16060.0,497,0.0,0.0
2023-11-27 12:00:00+09:00,16060.0,16120.0,16060.0,16060.0,620,0.0,0.0
2023-11-27 13:00:00+09:00,16060.0,16060.0,15900.0,15930.0,3485,0.0,0.0
2023-11-27 14:00:00+09:00,15940.0,16100.0,15810.0,15880.0,2830,0.0,0.0
2023-11-28 09:00:00+09:00,15730.0,15880.0,15450.0,15530.0,0,0.0,0.0
2023-11-28 10:00:00+09:00,15560.0,15560.0,15470.0,15470.0,3600,0.0,0.0
2023-11-28 11:00:00+09:00,15460.0,15460.0,15350.0,15390.0,2764,0.0,0.0
2023-11-28 12:00:00+09:00,15390.0,15450.0,15350.0,15450.0,865,0.0,0.0
2023-11-28 13:00:00+09:00,15450.0,15450.0,15220.0,15260.0,1212,0.0,0.0
2023-11-28 14:00:00+09:00,15260.0,15260.0,15110.0,15120.0,1549,0.0,0.0
2023-11-29 09:00:00+09:00,15070.0,15290.0,14990.0,14990.0,925,0.0,0.0
2023-11-29 10:00:00+09:00,15220.0,15220.0,15000.0,15110.0,74,0.0,0.0
2023-11-29 11:00:00+09:00,15110.0,15250.0,15020.0,15250.0,1721,0.0,0.0
2023-11-29 12:00:00+09:00,15240.0,15250.0,15140.0,15230.0,316,0.0,0.0
2023-11-29 13:00:00+09:00,15220.0,15230.0,15070.0,15070.0,622,0.0,0.0
2023-11-29 14:00:00+09:00,15070.0,15150.0,14640.0,14690.0,3357,0.0,0.0
2023-11-30 09:00:00+09:00,15950.0,15950.0,14500.0,14610.0,5163,0.0,0.0
2023-11-30 10:00:00+09:00,14620.0,14620.0,14350.0,14420.0,13029,0.0,0.0
2023-11-30 11:00:00+09:00,14420.0,14680.0,14350.0,14440.0,4065,0.0,0.0
2023-11-30 12:00:00+09:00,14460.0,14620.0,14400.0,14410.0,872,0.0,0.0
2023-11-30 13:00:00+09:00,14500.0,14660.0,14410.0,14500.0,878,0.0,0.0
2023-11-30 14:00:00+09:00,14500.0,14500.0,14430.0,14430.0,916,0.0,0.0
2023-12-01 09:00:00+09:00,14420.0,14800.0,13800.0,14230.0,2731,0.0,0.0
2023-12-01 10:00:00+09:00,14200.0,14320.0,14010.0,14210.0,792,0.0,0.0
2023-12-01 11:00:00+09:00,14190.0,14300.0,14190.0,14230.0,664,0.0,0.0
2023-12-01 12:00:00+09:00,14230.0,14400.0,14190.0,14280.0,666,0.0,0.0
2023-12-01 13:00:00+09:00,14280.0,14690.0,14250.0,14610.0,3391,0.0,0.0
2023-12-01 14:00:00+09:00,14450.0,14660.0,14450.0,14570.0,674,0.0,0.0
2023-12-04 09:00:00+09:00,14560.0,14560.0,14000.0,14300.0,0,0.0,0.0
2023-12-04 10:00:00+09:00,14370.0,14390.0,14290.0,14290.0,1124,0.0,0.0
2023-12-04 11:00:00+09:00,14290.0,14560.0,14260.0,14360.0,1203,0.0,0.0
2023-12-04 12:00:00+09:00,14360.0,14360.0,14260.0,14260.0,1085,0.0,0.0
2023-12-04 13:00:00+09:00,14270.0,14310.0,14270.0,14310.0,223,0.0,0.0
2023-12-04 14:00:00+09:00,14310.0,14330.0,14110.0,14110.0,2740,0.0,0.0
2023-12-05 09:00:00+09:00,14310.0,14500.0,13890.0,14000.0,2337,0.0,0.0
2023-12-05 10:00:00+09:00,14000.0,14250.0,13980.0,14180.0,646,0.0,0.0
2023-12-05 11:00:00+09:00,14160.0,14290.0,14120.0,14140.0,959,0.0,0.0
2023-12-05 12:00:00+09:00,14130.0,14190.0,13980.0,14000.0,838,0.0,0.0
2023-12-05 13:00:00+09:00,13990.0,14080.0,13900.0,13900.0,1373,0.0,0.0
2023-12-05 14:00:00+09:00,13900.0,13910.0,13700.0,13800.0,3872,0.0,0.0
2023-12-06 09:00:00+09:00,13980.0,14010.0,13650.0,14010.0,9843,0.0,0.0
2023-12-06 10:00:00+09:00,14010.0,14800.0,13850.0,14500.0,7329,0.0,0.0
2023-12-06 11:00:00+09:00,14500.0,14590.0,14310.0,14510.0,1473,0.0,0.0
2023-12-06 12:00:00+09:00,14510.0,14980.0,14500.0,14890.0,8576,0.0,0.0
2023-12-06 13:00:00+09:00,14840.0,14840.0,14500.0,14500.0,2604,0.0,0.0
2023-12-06 14:00:00+09:00,14500.0,14750.0,14410.0,14690.0,2413,0.0,0.0
2023-12-07 09:00:00+09:00,14880.0,14960.0,14650.0,14780.0,0,0.0,0.0
2023-12-07 10:00:00+09:00,14790.0,14790.0,14610.0,14740.0,3887,0.0,0.0
2023-12-07 11:00:00+09:00,14720.0,14800.0,14660.0,14770.0,729,0.0,0.0
2023-12-07 12:00:00+09:00,14760.0,14920.0,14760.0,14920.0,560,0.0,0.0
2023-12-07 13:00:00+09:00,14720.0,14930.0,14720.0,14920.0,864,0.0,0.0
2023-12-07 14:00:00+09:00,14800.0,14970.0,14800.0,14880.0,1049,0.0,0.0
2023-12-08 09:00:00+09:00,15000.0,15000.0,14610.0,14760.0,727,0.0,0.0
2023-12-08 10:00:00+09:00,14750.0,14760.0,14580.0,14580.0,677,0.0,0.0
2023-12-08 11:00:00+09:00,14580.0,14700.0,14560.0,14700.0,473,0.0,0.0
2023-12-08 12:00:00+09:00,14700.0,14700.0,14570.0,14670.0,17,0.0,0.0
2023-12-08 13:00:00+09:00,14590.0,15070.0,14570.0,14830.0,3034,0.0,0.0
2023-12-08 14:00:00+09:00,14820.0,14950.0,14820.0,14950.0,312,0.0,0.0
2023-12-11 09:00:00+09:00,15300.0,15300.0,14500.0,14640.0,0,0.0,0.0
2023-12-11 10:00:00+09:00,14630.0,14640.0,14300.0,14610.0,5666,0.0,0.0
2023-12-11 11:00:00+09:00,14510.0,14610.0,14500.0,14610.0,406,0.0,0.0
2023-12-11 12:00:00+09:00,14510.0,14620.0,14510.0,14620.0,116,0.0,0.0
2023-12-11 13:00:00+09:00,14620.0,14620.0,14420.0,14550.0,794,0.0,0.0
2023-12-11 14:00:00+09:00,14530.0,14590.0,14460.0,14500.0,139,0.0,0.0
2023-12-12 09:00:00+09:00,14450.0,14610.0,14340.0,14360.0,2491,0.0,0.0
2023-12-12 10:00:00+09:00,14400.0,14480.0,14270.0,14480.0,2500,0.0,0.0
2023-12-12 11:00:00+09:00,14330.0,14330.0,13830.0,13840.0,7324,0.0,0.0
2023-12-12 12:00:00+09:00,13840.0,13910.0,13700.0,13760.0,4873,0.0,0.0
2023-12-12 13:00:00+09:00,13740.0,13910.0,13700.0,13850.0,3394,0.0,0.0
2023-12-12 14:00:00+09:00,13800.0,13950.0,13590.0,13630.0,8592,0.0,0.0
2023-12-13 09:00:00+09:00,13880.0,13880.0,13400.0,13560.0,1139,0.0,0.0
2023-12-13 10:00:00+09:00,13500.0,13560.0,13380.0,13390.0,1271,0.0,0.0
2023-12-13 11:00:00+09:00,13380.0,13390.0,12580.0,12970.0,10916,0.0,0.0
2023-12-13 12:00:00+09:00,12980.0,13090.0,12870.0,12870.0,2808,0.0,0.0
2023-12-13 13:00:00+09:00,12860.0,12910.0,12800.0,12900.0,1618,0.0,0.0
2023-12-13 14:00:00+09:00,12890.0,12970.0,12800.0,12840.0,8243,0.0,0.0
2023-12-14 09:00:00+09:00,12770.0,13080.0,12620.0,12680.0,6163,0.0,0.0
2023-12-14 10:00:00+09:00,12690.0,12780.0,12590.0,12610.0,4747,0.0,0.0
2023-12-14 11:00:00+09:00,12610.0,12710.0,12450.0,12510.0,5285,0.0,0.0
2023-12-14 12:00:00+09:00,12500.0,12630.0,12330.0,12400.0,3880,0.0,0.0
2023-12-14 13:00:00+09:00,12410.0,12530.0,12380.0,12400.0,1892,0.0,0.0
2023-12-14 14:00:00+09:00,12390.0,12470.0,12300.0,12460.0,9002,0.0,0.0
2023-12-15 09:00:00+09:00,12580.0,12580.0,12290.0,12410.0,1708,0.0,0.0
2023-12-15 10:00:00+09:00,12400.0,12420.0,12370.0,12370.0,2040,0.0,0.0
2023-12-15 11:00:00+09:00,12360.0,12510.0,12360.0,12420.0,4796,0.0,0.0
2023-12-15 12:00:00+09:00,12430.0,12450.0,12390.0,12390.0,4682,0.0,0.0
2023-12-15 13:00:00+09:00,12390.0,12450.0,12390.0,12410.0,1393,0.0,0.0
2023-12-15 14:00:00+09:00,12420.0,12430.0,12390.0,12390.0,2624,0.0,0.0
2023-12-18 09:00:00+09:00,12810.0,12900.0,12660.0,12680.0,0,0.0,0.0
2023-12-18 10:00:00+09:00,12690.0,12950.0,12690.0,12850.0,2682,0.0,0.0
2023-12-18 11:00:00+09:00,12850.0,12860.0,12820.0,12860.0,471,0.0,0.0
2023-12-18 12:00:00+09:00,12860.0,12950.0,12850.0,12850.0,134,0.0,0.0
2023-12-18 13:00:00+09:00,12850.0,12920.0,12820.0,12820.0,3360,0.0,0.0
2023-12-18 14:00:00+09:00,12820.0,12920.0,12690.0,12690.0,2035,0.0,0.0
2023-12-19 09:00:00+09:00,13000.0,13000.0,12680.0,12710.0,3739,0.0,0.0
2023-12-19 10:00:00+09:00,12710.0,12770.0,12690.0,12770.0,1462,0.0,0.0
2023-12-19 11:00:00+09:00,12730.0,12730.0,12680.0,12690.0,1014,0.0,0.0
2023-12-19 12:00:00+09:00,12690.0,12760.0,12600.0,12600.0,2992,0.0,0.0
2023-12-19 13:00:00+09:00,12590.0,12640.0,12560.0,12560.0,1968,0.0,0.0
2023-12-19 14:00:00+09:00,12560.0,12650.0,12520.0,12540.0,1906,0.0,0.0
2023-12-20 09:00:00+09:00,12880.0,12930.0,12650.0,12690.0,2047,0.0,0.0
2023-12-20 10:00:00+09:00,12690.0,12810.0,12660.0,12700.0,1442,0.0,0.0
2023-12-20 11:00:00+09:00,12690.0,12790.0,12680.0,12780.0,1143,0.0,0.0
2023-12-20 12:00:00+09:00,12760.0,12800.0,12700.0,12700.0,1109,0.0,0.0
2023-12-20 13:00:00+09:00,12700.0,12810.0,12700.0,12710.0,839,0.0,0.0
2023-12-20 14:00:00+09:00,12720.0,12740.0,12700.0,12700.0,1885,0.0,0.0
2023-12-21 09:00:00+09:00,12550.0,12940.0,12500.0,12760.0,2306,0.0,0.0
2023-12-21 10:00:00+09:00,12760.0,13380.0,12750.0,13240.0,11592,0.0,0.0
2023-12-21 11:00:00+09:00,13210.0,14190.0,13190.0,13820.0,35051,0.0,0.0
2023-12-21 12:00:00+09:00,13760.0,13840.0,13700.0,13740.0,2941,0.0,0.0
2023-12-21 13:00:00+09:00,13730.0,13900.0,13720.0,13760.0,8042,0.0,0.0
2023-12-21 14:00:00+09:00,13880.0,13890.0,13650.0,13720.0,7267,0.0,0.0
2023-12-22 09:00:00+09:00,13970.0,13970.0,13600.0,13700.0,5308,0.0,0.0
2023-12-22 10:00:00+09:00,13710.0,13730.0,13590.0,13660.0,2125,0.0,0.0
2023-12-22 11:00:00+09:00,13610.0,13670.0,13600.0,13650.0,142,0.0,0.0
2023-12-22 12:00:00+09:00,13640.0,13650.0,13610.0,13610.0,501,0.0,0.0
2023-12-22 13:00:00+09:00,13610.0,13690.0,13600.0,13600.0,1529,0.0,0.0
2023-12-22 14:00:00+09:00,13600.0,13600.0,13550.0,13560.0,2379,0.0,0.0
2023-12-26 09:00:00+09:00,13630.0,14050.0,13550.0,13920.0,0,0.0,0.0
2023-12-26 10:00:00+09:00,13920.0,14020.0,13660.0,13950.0,1657,0.0,0.0
2023-12-26 11:00:00+09:00,13810.0,13860.0,13800.0,13820.0,24,0.0,0.0
2023-12-26 12:00:00+09:00,13820.0,13820.0,13710.0,13710.0,176,0.0,0.0
2023-12-26 13:00:00+09:00,13700.0,13800.0,13650.0,13760.0,779,0.0,0.0
2023-12-26 14:00:00+09:00,13780.0,14000.0,13650.0,13740.0,2383,0.0,0.0
2023-12-27 09:00:00+09:00,13980.0,14060.0,13770.0,13900.0,1838,0.0,0.0
2023-12-27 10:00:00+09:00,13820.0,13980.0,13770.0,13850.0,1952,0.0,0.0
2023-12-27 11:00:00+09:00,13850.0,13900.0,13820.0,13840.0,113,0.0,0.0
2023-12-27 12:00:00+09:00,13840.0,13900.0,13840.0,13880.0,258,0.0,0.0
2023-12-27 13:00:00+09:00,13880.0,13950.0,13820.0,13820.0,1596,0.0,0.0
2023-12-27 14:00:00+09:00,13900.0,13960.0,13900.0,13950.0,1437,0.0,0.0
2023-12-28 09:00:00+09:00,13950.0,13950.0,13590.0,13710.0,1678,0.0,0.0
2023-12-28 10:00:00+09:00,13790.0,13880.0,13750.0,13870.0,1066,0.0,0.0
2023-12-28 11:00:00+09:00,13870.0,13870.0,13800.0,13860.0,162,0.0,0.0
2023-12-28 12:00:00+09:00,13860.0,13870.0,13860.0,13870.0,8,0.0,0.0
2023-12-28 13:00:00+09:00,13870.0,13870.0,13770.0,13770.0,546,0.0,0.0
2023-12-28 14:00:00+09:00,13770.0,13870.0,13770.0,13840.0,208,0.0,0.0
2024-01-02 10:00:00+09:00,13580.0,14400.0,13540.0,14000.0,1366,0.0,0.0
2024-01-02 11:00:00+09:00,14010.0,14040.0,13820.0,14020.0,123,0.0,0.0
2024-01-02 12:00:00+09:00,13990.0,14020.0,13840.0,14020.0,443,0.0,0.0
2024-01-02 13:00:00+09:00,14020.0,14020.0,14000.0,14020.0,330,0.0,0.0
2024-01-02 14:00:00+09:00,14020.0,14070.0,13940.0,14060.0,850,0.0,0.0
2024-01-03 09:00:00+09:00,13900.0,13900.0,13630.0,13630.0,1244,0.0,0.0
2024-01-03 10:00:00+09:00,13700.0,13820.0,13460.0,13760.0,5088,0.0,0.0
2024-01-03 11:00:00+09:00,13760.0,13790.0,13630.0,13780.0,1169,0.0,0.0
2024-01-03 12:00:00+09:00,13690.0,13780.0,13690.0,13780.0,7,0.0,0.0
2024-01-03 13:00:00+09:00,13700.0,13810.0,13590.0,13800.0,4940,0.0,0.0
2024-01-03 14:00:00+09:00,13820.0,14300.0,13820.0,14130.0,7452,0.0,0.0
2024-01-04 09:00:00+09:00,14310.0,14450.0,14170.0,14380.0,757,0.0,0.0
2024-01-04 10:00:00+09:00,14320.0,14450.0,14320.0,14450.0,1080,0.0,0.0
2024-01-04 11:00:00+09:00,14450.0,14450.0,14400.0,14450.0,9,0.0,0.0
2024-01-04 12:00:00+09:00,14440.0,14450.0,14100.0,14350.0,3440,0.0,0.0
2024-01-04 13:00:00+09:00,14350.0,14400.0,13720.0,13720.0,8443,0.0,0.0
2024-01-04 14:00:00+09:00,13810.0,14060.0,13620.0,13900.0,2744,0.0,0.0
2024-01-05 09:00:00+09:00,13730.0,14140.0,13640.0,13640.0,6754,0.0,0.0
2024-01-05 10:00:00+09:00,13800.0,14390.0,13500.0,14310.0,13404,0.0,0.0
2024-01-05 11:00:00+09:00,14300.0,14380.0,14280.0,14360.0,2060,0.0,0.0
2024-01-05 12:00:00+09:00,14280.0,15800.0,14170.0,15110.0,36876,0.0,0.0
2024-01-05 13:00:00+09:00,15040.0,15090.0,14620.0,14700.0,7540,0.0,0.0
2024-01-05 14:00:00+09:00,14700.0,14720.0,14500.0,14640.0,913,0.0,0.0
2024-01-08 09:00:00+09:00,14570.0,15370.0,14360.0,15260.0,0,0.0,0.0
2024-01-08 10:00:00+09:00,15260.0,15490.0,15250.0,15270.0,5967,0.0,0.0
2024-01-08 11:00:00+09:00,15260.0,15400.0,15250.0,15340.0,2885,0.0,0.0
2024-01-08 12:00:00+09:00,15290.0,15370.0,15260.0,15300.0,1902,0.0,0.0
2024-01-08 13:00:00+09:00,15290.0,15350.0,15190.0,15190.0,4810,0.0,0.0
2024-01-08 14:00:00+09:00,15200.0,15260.0,15080.0,15230.0,5494,0.0,0.0
2024-01-09 09:00:00+09:00,15600.0,15600.0,14910.0,15260.0,8745,0.0,0.0
2024-01-09 10:00:00+09:00,15260.0,15350.0,15110.0,15310.0,2088,0.0,0.0
2024-01-09 11:00:00+09:00,15300.0,15300.0,15100.0,15280.0,2245,0.0,0.0
2024-01-09 12:00:00+09:00,15270.0,15290.0,15220.0,15220.0,619,0.0,0.0
2024-01-09 13:00:00+09:00,15220.0,15250.0,15210.0,15250.0,847,0.0,0.0
2024-01-09 14:00:00+09:00,15250.0,15260.0,15180.0,15250.0,954,0.0,0.0
2024-01-10 09:00:00+09:00,15250.0,15650.0,14720.0,14950.0,2670,0.0,0.0
2024-01-10 10:00:00+09:00,14920.0,15150.0,14900.0,15100.0,1404,0.0,0.0
2024-01-10 11:00:00+09:00,15140.0,15250.0,15040.0,15150.0,330,0.0,0.0
2024-01-10 12:00:00+09:00,15240.0,15240.0,15150.0,15150.0,307,0.0,0.0
2024-01-10 13:00:00+09:00,15160.0,15160.0,15150.0,15160.0,432,0.0,0.0
2024-01-10 14:00:00+09:00,15200.0,15270.0,15200.0,15210.0,1121,0.0,0.0
2024-01-11 09:00:00+09:00,15190.0,15580.0,15060.0,15190.0,6521,0.0,0.0
2024-01-11 10:00:00+09:00,15180.0,15190.0,15000.0,15080.0,5048,0.0,0.0
2024-01-11 11:00:00+09:00,15010.0,15050.0,14970.0,15050.0,1769,0.0,0.0
2024-01-11 12:00:00+09:00,15050.0,15260.0,15010.0,15200.0,1240,0.0,0.0
2024-01-11 13:00:00+09:00,15120.0,15200.0,15000.0,15100.0,282,0.0,0.0
2024-01-11 14:00:00+09:00,15080.0,15150.0,15010.0,15150.0,441,0.0,0.0
2024-01-12 09:00:00+09:00,15000.0,15090.0,14820.0,14930.0,2126,0.0,0.0
2024-01-12 10:00:00+09:00,14840.0,14900.0,14380.0,14500.0,11660,0.0,0.0
2024-01-12 11:00:00+09:00,14500.0,14580.0,14370.0,14520.0,5328,0.0,0.0
2024-01-12 12:00:00+09:00,14520.0,14650.0,14520.0,14600.0,349,0.0,0.0
2024-01-12 13:00:00+09:00,14600.0,14600.0,14470.0,14500.0,4418,0.0,0.0
2024-01-12 14:00:00+09:00,14480.0,14500.0,14390.0,14500.0,3017,0.0,0.0
2024-01-15 09:00:00+09:00,14110.0,14370.0,13920.0,14360.0,0,0.0,0.0
2024-01-15 10:00:00+09:00,14470.0,14470.0,14170.0,14380.0,1624,0.0,0.0
2024-01-15 11:00:00+09:00,14360.0,14370.0,14200.0,14230.0,1681,0.0,0.0
2024-01-15 12:00:00+09:00,14230.0,14360.0,14220.0,14360.0,118,0.0,0.0
2024-01-15 13:00:00+09:00,14270.0,14270.0,14170.0,14180.0,1820,0.0,0.0
2024-01-15 14:00:00+09:00,14190.0,14250.0,14060.0,14100.0,2514,0.0,0.0
2024-01-16 09:00:00+09:00,14300.0,14300.0,13880.0,13900.0,2449,0.0,0.0
2024-01-16 10:00:00+09:00,13900.0,14070.0,13550.0,13830.0,3295,0.0,0.0
2024-01-16 11:00:00+09:00,13830.0,13830.0,13770.0,13780.0,266,0.0,0.0
2024-01-16 12:00:00+09:00,13770.0,13770.0,13170.0,13490.0,11499,0.0,0.0
2024-01-16 13:00:00+09:00,13470.0,13490.0,13260.0,13350.0,4852,0.0,0.0
2024-01-16 14:00:00+09:00,13440.0,13450.0,13340.0,13430.0,534,0.0,0.0
2024-01-17 09:00:00+09:00,13360.0,17470.0,13360.0,16150.0,405142,0.0,0.0
2024-01-17 10:00:00+09:00,16140.0,17390.0,16080.0,16940.0,170826,0.0,0.0
2024-01-17 11:00:00+09:00,16940.0,17470.0,16390.0,16550.0,190046,0.0,0.0
2024-01-17 12:00:00+09:00,16550.0,17360.0,16550.0,17040.0,77161,0.0,0.0
2024-01-17 13:00:00+09:00,16930.0,17470.0,15800.0,16470.0,314130,0.0,0.0
2024-01-17 14:00:00+09:00,16460.0,16630.0,15210.0,15470.0,150140,0.0,0.0
2024-01-18 09:00:00+09:00,16300.0,16860.0,15750.0,16320.0,100197,0.0,0.0
2024-01-18 10:00:00+09:00,16200.0,16250.0,15800.0,15910.0,14116,0.0,0.0
2024-01-18 11:00:00+09:00,15830.0,16050.0,15820.0,15900.0,5970,0.0,0.0
2024-01-18 12:00:00+09:00,15900.0,16010.0,15860.0,16000.0,3380,0.0,0.0
2024-01-18 13:00:00+09:00,15910.0,16420.0,15910.0,16420.0,18613,0.0,0.0
2024-01-18 14:00:00+09:00,16420.0,16800.0,16250.0,16490.0,19751,0.0,0.0
2024-01-19 09:00:00+09:00,16300.0,16660.0,16050.0,16220.0,18819,0.0,0.0
2024-01-19 10:00:00+09:00,16220.0,16250.0,16120.0,16130.0,6941,0.0,0.0
2024-01-19 11:00:00+09:00,16140.0,16200.0,16050.0,16080.0,5203,0.0,0.0
2024-01-19 12:00:00+09:00,16080.0,16100.0,15920.0,16100.0,6662,0.0,0.0
2024-01-19 13:00:00+09:00,16030.0,16120.0,15990.0,16080.0,2162,0.0,0.0
2024-01-19 14:00:00+09:00,16080.0,17100.0,15990.0,16980.0,18558,0.0,0.0
2024-01-22 09:00:00+09:00,15960.0,16900.0,15960.0,16120.0,0,0.0,0.0
2024-01-22 10:00:00+09:00,16120.0,16290.0,16060.0,16060.0,5256,0.0,0.0
2024-01-22 11:00:00+09:00,16070.0,16290.0,16060.0,16280.0,949,0.0,0.0
2024-01-22 12:00:00+09:00,16280.0,16500.0,16170.0,16410.0,1961,0.0,0.0
2024-01-22 13:00:00+09:00,16410.0,16600.0,16360.0,16600.0,2920,0.0,0.0
2024-01-22 14:00:00+09:00,16580.0,16610.0,16410.0,16590.0,2327,0.0,0.0
2024-01-23 09:00:00+09:00,17100.0,17100.0,16350.0,16570.0,6912,0.0,0.0
2024-01-23 10:00:00+09:00,16570.0,17000.0,16570.0,16830.0,3613,0.0,0.0
2024-01-23 11:00:00+09:00,16900.0,17090.0,16800.0,16830.0,2648,0.0,0.0
2024-01-23 12:00:00+09:00,16820.0,17060.0,16810.0,16980.0,2486,0.0,0.0
2024-01-23 13:00:00+09:00,16980.0,17080.0,16940.0,17040.0,1668,0.0,0.0
2024-01-23 14:00:00+09:00,17020.0,17090.0,17010.0,17080.0,3139,0.0,0.0
2024-01-24 09:00:00+09:00,16790.0,16790.0,16150.0,16200.0,9252,0.0,0.0
2024-01-24 10:00:00+09:00,16200.0,16200.0,15950.0,16110.0,6560,0.0,0.0
2024-01-24 11:00:00+09:00,16120.0,16230.0,16010.0,16100.0,1678,0.0,0.0
2024-01-24 12:00:00+09:00,16180.0,16180.0,15900.0,15950.0,4822,0.0,0.0
2024-01-24 13:00:00+09:00,15950.0,16250.0,15900.0,16250.0,3172,0.0,0.0
2024-01-24 14:00:00+09:00,16220.0,16220.0,15960.0,16090.0,831,0.0,0.0
2024-01-25 09:00:00+09:00,15940.0,16030.0,15300.0,15640.0,7536,0.0,0.0
2024-01-25 10:00:00+09:00,15640.0,15910.0,15610.0,15850.0,3312,0.0,0.0
2024-01-25 11:00:00+09:00,15840.0,15840.0,15610.0,15690.0,1189,0.0,0.0
2024-01-25 12:00:00+09:00,15620.0,15840.0,15600.0,15600.0,3633,0.0,0.0
2024-01-25 13:00:00+09:00,15610.0,15620.0,15510.0,15600.0,2207,0.0,0.0
2024-01-25 14:00:00+09:00,15590.0,15900.0,15590.0,15900.0,1780,0.0,0.0
2024-01-26 09:00:00+09:00,15760.0,16590.0,15630.0,16230.0,8972,0.0,0.0
2024-01-26 10:00:00+09:00,16230.0,16720.0,16230.0,16450.0,5148,0.0,0.0
2024-01-26 11:00:00+09:00,16450.0,16450.0,16200.0,16310.0,727,0.0,0.0
2024-01-26 12:00:00+09:00,16230.0,16300.0,16110.0,16110.0,2743,0.0,0.0
2024-01-26 13:00:00+09:00,16110.0,16170.0,16070.0,16160.0,1008,0.0,0.0
2024-01-26 14:00:00+09:00,16150.0,16370.0,16060.0,16300.0,2666,0.0,0.0
2024-01-29 09:00:00+09:00,16120.0,16920.0,16100.0,16500.0,0,0.0,0.0
2024-01-29 10:00:00+09:00,16500.0,16630.0,16300.0,16390.0,4957,0.0,0.0
2024-01-29 11:00:00+09:00,16430.0,16530.0,16420.0,16530.0,327,0.0,0.0
2024-01-29 12:00:00+09:00,16530.0,16630.0,16280.0,16510.0,2990,0.0,0.0
2024-01-29 13:00:00+09:00,16510.0,16510.0,16130.0,16240.0,0,0.0,0.0
2024-01-29 14:00:00+09:00,16170.0,16290.0,16000.0,16230.0,25620,0.0,0.0
2024-01-30 09:00:00+09:00,16170.0,16600.0,15510.0,15680.0,15322,0.0,0.0
2024-01-30 10:00:00+09:00,15680.0,15850.0,15100.0,15270.0,20697,0.0,0.0
2024-01-30 11:00:00+09:00,15150.0,15260.0,14750.0,14870.0,19481,0.0,0.0
2024-01-30 12:00:00+09:00,14870.0,14900.0,14710.0,14710.0,7431,0.0,0.0
2024-01-30 13:00:00+09:00,14720.0,15230.0,14700.0,14930.0,8049,0.0,0.0
2024-01-30 14:00:00+09:00,14930.0,15150.0,14730.0,14760.0,6708,0.0,0.0
2024-01-31 09:00:00+09:00,14740.0,15150.0,14540.0,14740.0,4177,0.0,0.0
2024-01-31 10:00:00+09:00,14690.0,14750.0,14650.0,14660.0,3357,0.0,0.0
2024-01-31 11:00:00+09:00,14660.0,14710.0,14600.0,14600.0,3924,0.0,0.0
2024-01-31 12:00:00+09:00,14610.0,14650.0,14550.0,14550.0,2644,0.0,0.0
2024-01-31 13:00:00+09:00,14550.0,14550.0,14220.0,14510.0,2417,0.0,0.0
2024-01-31 14:00:00+09:00,14400.0,14540.0,14310.0,14540.0,1240,0.0,0.0
2024-02-01 09:00:00+09:00,14530.0,14700.0,14350.0,14360.0,372,0.0,0.0
2024-02-01 10:00:00+09:00,14350.0,14370.0,14220.0,14370.0,1053,0.0,0.0
2024-02-01 11:00:00+09:00,14370.0,14500.0,14350.0,14350.0,527,0.0,0.0
2024-02-01 12:00:00+09:00,14440.0,14450.0,14260.0,14280.0,337,0.0,0.0
2024-02-01 13:00:00+09:00,14270.0,14280.0,14220.0,14250.0,545,0.0,0.0
2024-02-01 14:00:00+09:00,14280.0,15210.0,14220.0,14940.0,6885,0.0,0.0
2024-02-02 09:00:00+09:00,14740.0,14890.0,14600.0,14770.0,1900,0.0,0.0
2024-02-02 10:00:00+09:00,14730.0,15100.0,14600.0,15020.0,7681,0.0,0.0
2024-02-02 11:00:00+09:00,15010.0,15280.0,14820.0,14940.0,3498,0.0,0.0
2024-02-02 12:00:00+09:00,14920.0,15300.0,14860.0,15100.0,6525,0.0,0.0
2024-02-02 13:00:00+09:00,15110.0,15200.0,15020.0,15030.0,1517,0.0,0.0
2024-02-02 14:00:00+09:00,15030.0,15130.0,14850.0,15000.0,2613,0.0,0.0
2024-02-05 09:00:00+09:00,14900.0,15200.0,14680.0,14810.0,0,0.0,0.0
2024-02-05 10:00:00+09:00,14900.0,14910.0,14690.0,14810.0,2371,0.0,0.0
2024-02-05 11:00:00+09:00,14750.0,14810.0,14720.0,14750.0,144,0.0,0.0
2024-02-05 12:00:00+09:00,14750.0,14750.0,14750.0,14750.0,55,0.0,0.0
2024-02-05 13:00:00+09:00,14810.0,14990.0,14810.0,14900.0,790,0.0,0.0
2024-02-05 14:00:00+09:00,14900.0,14900.0,14820.0,14820.0,952,0.0,0.0
2024-02-06 09:00:00+09:00,14860.0,15900.0,14860.0,15530.0,0,0.0,0.0
2024-02-06 10:00:00+09:00,15630.0,15830.0,15190.0,15800.0,27099,0.0,0.0
2024-02-06 11:00:00+09:00,15800.0,15900.0,15570.0,15890.0,4608,0.0,0.0
2024-02-06 12:00:00+09:00,15890.0,15980.0,15770.0,15940.0,4579,0.0,0.0
2024-02-06 13:00:00+09:00,15920.0,16250.0,15860.0,15990.0,7303,0.0,0.0
2024-02-06 14:00:00+09:00,15990.0,16170.0,15960.0,16130.0,6109,0.0,0.0
2024-02-07 09:00:00+09:00,16010.0,17250.0,16010.0,17090.0,29372,0.0,0.0
2024-02-07 10:00:00+09:00,17100.0,17890.0,16830.0,17420.0,52907,0.0,0.0
2024-02-07 11:00:00+09:00,17420.0,17920.0,17240.0,17460.0,16710,0.0,0.0
2024-02-07 12:00:00+09:00,17460.0,17500.0,17180.0,17250.0,10342,0.0,0.0
2024-02-07 13:00:00+09:00,17250.0,17320.0,17170.0,17270.0,3144,0.0,0.0
2024-02-07 14:00:00+09:00,17270.0,17450.0,17110.0,17410.0,6501,0.0,0.0
2024-02-08 09:00:00+09:00,17900.0,17900.0,16470.0,16890.0,0,0.0,0.0
2024-02-08 10:00:00+09:00,16880.0,16900.0,16600.0,16900.0,27116,0.0,0.0
2024-02-08 11:00:00+09:00,16760.0,16870.0,16660.0,16760.0,1532,0.0,0.0
2024-02-08 12:00:00+09:00,16760.0,16810.0,16630.0,16810.0,1744,0.0,0.0
2024-02-08 13:00:00+09:00,16740.0,16890.0,16610.0,16710.0,3480,0.0,0.0
2024-02-08 14:00:00+09:00,16770.0,16890.0,16720.0,16890.0,2362,0.0,0.0
2024-02-13 09:00:00+09:00,16420.0,16610.0,15880.0,16610.0,0,0.0,0.0
2024-02-13 10:00:00+09:00,16600.0,16600.0,16100.0,16220.0,3563,0.0,0.0
2024-02-13 11:00:00+09:00,16220.0,16260.0,16140.0,16140.0,616,0.0,0.0
2024-02-13 12:00:00+09:00,16140.0,16270.0,16130.0,16270.0,1556,0.0,0.0
2024-02-13 13:00:00+09:00,16260.0,16500.0,16210.0,16370.0,1368,0.0,0.0
2024-02-13 14:00:00+09:00,16370.0,16800.0,16370.0,16410.0,3176,0.0,0.0
2024-02-14 09:00:00+09:00,16090.0,16400.0,16000.0,16160.0,2610,0.0,0.0
2024-02-14 10:00:00+09:00,16170.0,16310.0,16160.0,16310.0,423,0.0,0.0
2024-02-14 11:00:00+09:00,16310.0,16720.0,16300.0,16720.0,3244,0.0,0.0
2024-02-14 12:00:00+09:00,16570.0,16670.0,16390.0,16390.0,2371,0.0,0.0
2024-02-14 13:00:00+09:00,16390.0,16450.0,16140.0,16270.0,2744,0.0,0.0
2024-02-14 14:00:00+09:00,16260.0,16270.0,16150.0,16180.0,1034,0.0,0.0
2024-02-15 09:00:00+09:00,16170.0,16570.0,15500.0,16140.0,10568,0.0,0.0
2024-02-15 10:00:00+09:00,16140.0,16140.0,15920.0,16060.0,1099,0.0,0.0
2024-02-15 11:00:00+09:00,16000.0,16060.0,15960.0,15960.0,1369,0.0,0.0
2024-02-15 12:00:00+09:00,16060.0,16060.0,15900.0,16050.0,1459,0.0,0.0
2024-02-15 13:00:00+09:00,16050.0,16050.0,15890.0,15940.0,977,0.0,0.0
2024-02-15 14:00:00+09:00,15940.0,16000.0,15890.0,15970.0,1494,0.0,0.0
2024-02-16 09:00:00+09:00,15780.0,16220.0,15680.0,16090.0,6492,0.0,0.0
2024-02-16 10:00:00+09:00,16080.0,16300.0,15910.0,16240.0,5709,0.0,0.0
2024-02-16 11:00:00+09:00,16230.0,16490.0,16150.0,16470.0,2391,0.0,0.0
2024-02-16 12:00:00+09:00,16460.0,16500.0,16100.0,16500.0,4157,0.0,0.0
2024-02-16 13:00:00+09:00,16500.0,16550.0,16310.0,16520.0,1292,0.0,0.0
2024-02-16 14:00:00+09:00,16510.0,16530.0,16400.0,16420.0,571,0.0,0.0
2024-02-19 09:00:00+09:00,16730.0,16730.0,15850.0,16220.0,0,0.0,0.0
2024-02-19 10:00:00+09:00,16190.0,16300.0,16120.0,16230.0,1315,0.0,0.0
2024-02-19 11:00:00+09:00,16150.0,16230.0,16070.0,16210.0,901,0.0,0.0
2024-02-19 12:00:00+09:00,16210.0,16220.0,16090.0,16170.0,261,0.0,0.0
2024-02-19 13:00:00+09:00,16170.0,16170.0,16070.0,16140.0,797,0.0,0.0
2024-02-19 14:00:00+09:00,16110.0,16160.0,16060.0,16090.0,1144,0.0,0.0
2024-02-20 09:00:00+09:00,16220.0,16450.0,15900.0,16100.0,4109,0.0,0.0
2024-02-20 10:00:00+09:00,16230.0,16230.0,16100.0,16180.0,47,0.0,0.0
2024-02-20 11:00:00+09:00,16180.0,16180.0,16140.0,16140.0,213,0.0,0.0
2024-02-20 12:00:00+09:00,16130.0,16450.0,16130.0,16350.0,4346,0.0,0.0
2024-02-20 13:00:00+09:00,16340.0,16370.0,16200.0,16220.0,241,0.0,0.0
2024-02-20 14:00:00+09:00,16210.0,16220.0,16130.0,16140.0,949,0.0,0.0
2024-02-21 09:00:00+09:00,16010.0,16300.0,16010.0,16170.0,1204,0.0,0.0
2024-02-21 10:00:00+09:00,16170.0,16170.0,16020.0,16030.0,923,0.0,0.0
2024-02-21 11:00:00+09:00,16120.0,16350.0,16120.0,16210.0,1518,0.0,0.0
2024-02-21 12:00:00+09:00,16210.0,16210.0,16130.0,16160.0,311,0.0,0.0
2024-02-21 13:00:00+09:00,16150.0,16250.0,16130.0,16140.0,1111,0.0,0.0
2024-02-21 14:00:00+09:00,16140.0,16220.0,16140.0,16150.0,305,0.0,0.0
2024-02-22 09:00:00+09:00,16070.0,16370.0,16050.0,16230.0,0,0.0,0.0
2024-02-22 10:00:00+09:00,16220.0,16290.0,16170.0,16290.0,4011,0.0,0.0
2024-02-22 11:00:00+09:00,16190.0,16260.0,16160.0,16160.0,491,0.0,0.0
2024-02-22 12:00:00+09:00,16180.0,16230.0,16150.0,16160.0,641,0.0,0.0
2024-02-22 13:00:00+09:00,16160.0,16220.0,16150.0,16170.0,34,0.0,0.0
2024-02-22 14:00:00+09:00,16170.0,16220.0,16100.0,16220.0,1005,0.0,0.0
2024-02-23 09:00:00+09:00,16140.0,16140.0,15800.0,15890.0,7266,0.0,0.0
2024-02-23 10:00:00+09:00,15890.0,16460.0,15870.0,16440.0,5933,0.0,0.0
2024-02-23 11:00:00+09:00,16310.0,16330.0,16120.0,16330.0,830,0.0,0.0
2024-02-23 12:00:00+09:00,16170.0,16350.0,16130.0,16240.0,73,0.0,0.0
2024-02-23 13:00:00+09:00,16130.0,16340.0,16130.0,16160.0,669,0.0,0.0
2024-02-23 14:00:00+09:00,16210.0,16210.0,16160.0,16160.0,108,0.0,0.0
2024-02-26 09:00:00+09:00,16150.0,16490.0,16050.0,16050.0,0,0.0,0.0
2024-02-26 10:00:00+09:00,16090.0,16160.0,16050.0,16060.0,4726,0.0,0.0
2024-02-26 11:00:00+09:00,16120.0,16160.0,16070.0,16130.0,325,0.0,0.0
2024-02-26 12:00:00+09:00,16140.0,16190.0,16050.0,16190.0,683,0.0,0.0
2024-02-26 13:00:00+09:00,16190.0,16300.0,16130.0,16130.0,4003,0.0,0.0
2024-02-26 14:00:00+09:00,16140.0,16200.0,16060.0,16180.0,261,0.0,0.0
2024-02-27 09:00:00+09:00,15970.0,16110.0,15880.0,16000.0,2114,0.0,0.0
2024-02-27 10:00:00+09:00,16000.0,16100.0,15950.0,15950.0,625,0.0,0.0
2024-02-27 11:00:00+09:00,15960.0,16040.0,15900.0,16040.0,834,0.0,0.0
2024-02-27 12:00:00+09:00,16030.0,16090.0,15940.0,15950.0,54,0.0,0.0
2024-02-27 13:00:00+09:00,15940.0,16070.0,15940.0,15980.0,298,0.0,0.0
2024-02-27 14:00:00+09:00,15960.0,15960.0,15850.0,15930.0,1445,0.0,0.0
2024-02-28 09:00:00+09:00,15870.0,16370.0,15730.0,15890.0,1424,0.0,0.0
2024-02-28 10:00:00+09:00,15890.0,15920.0,15800.0,15920.0,845,0.0,0.0
2024-02-28 11:00:00+09:00,15900.0,15930.0,15760.0,15920.0,355,0.0,0.0
2024-02-28 12:00:00+09:00,15810.0,15920.0,15730.0,15740.0,1370,0.0,0.0
2024-02-28 13:00:00+09:00,15800.0,15820.0,15740.0,15810.0,88,0.0,0.0
2024-02-28 14:00:00+09:00,15820.0,15900.0,15760.0,15780.0,893,0.0,0.0
2024-02-29 09:00:00+09:00,15910.0,16340.0,15670.0,15880.0,1520,0.0,0.0
2024-02-29 10:00:00+09:00,15890.0,16110.0,15820.0,15890.0,992,0.0,0.0
2024-02-29 11:00:00+09:00,15880.0,15980.0,15850.0,15980.0,0,0.0,0.0
2024-02-29 12:00:00+09:00,15980.0,16080.0,15900.0,15980.0,3387,0.0,0.0
2024-02-29 13:00:00+09:00,16040.0,16570.0,16040.0,16410.0,6722,0.0,0.0
2024-02-29 14:00:00+09:00,16560.0,16570.0,16380.0,16420.0,2295,0.0,0.0
2024-03-04 09:00:00+09:00,16360.0,16970.0,16260.0,16340.0,0,0.0,0.0
2024-03-04 10:00:00+09:00,16370.0,16390.0,16070.0,16110.0,1652,0.0,0.0
2024-03-04 11:00:00+09:00,16160.0,16170.0,16100.0,16110.0,679,0.0,0.0
2024-03-04 12:00:00+09:00,16160.0,16270.0,16130.0,16130.0,600,0.0,0.0
2024-03-04 13:00:00+09:00,16130.0,16170.0,16050.0,16170.0,1446,0.0,0.0
2024-03-04 14:00:00+09:00,16070.0,16180.0,15940.0,15940.0,1882,0.0,0.0
2024-03-05 09:00:00+09:00,16400.0,16400.0,15790.0,15840.0,4132,0.0,0.0
2024-03-05 10:00:00+09:00,15850.0,15870.0,15800.0,15870.0,688,0.0,0.0
2024-03-05 11:00:00+09:00,15830.0,15830.0,15690.0,15790.0,1805,0.0,0.0
2024-03-05 12:00:00+09:00,15750.0,15790.0,15740.0,15780.0,291,0.0,0.0
2024-03-05 13:00:00+09:00,15780.0,15780.0,15740.0,15740.0,240,0.0,0.0
2024-03-05 14:00:00+09:00,15730.0,15780.0,15680.0,15700.0,1241,0.0,0.0
2024-03-06 09:00:00+09:00,15750.0,15750.0,15540.0,15590.0,1325,0.0,0.0
2024-03-06 10:00:00+09:00,15600.0,15630.0,15550.0,15630.0,489,0.0,0.0
2024-03-06 11:00:00+09:00,15630.0,15820.0,15630.0,15650.0,2006,0.0,0.0
2024-03-06 12:00:00+09:00,15650.0,15740.0,15650.0,15740.0,8,0.0,0.0
2024-03-06 13:00:00+09:00,15720.0,15720.0,15710.0,15720.0,24,0.0,0.0
2024-03-06 14:00:00+09:00,15720.0,15730.0,15720.0,15730.0,74,0.0,0.0
2024-03-07 09:00:00+09:00,15900.0,15900.0,15570.0,15640.0,352,0.0,0.0
2024-03-07 10:00:00+09:00,15630.0,15640.0,15620.0,15620.0,91,0.0,0.0
2024-03-07 11:00:00+09:00,15620.0,15620.0,15400.0,15440.0,806,0.0,0.0
2024-03-07 12:00:00+09:00,15480.0,15580.0,15450.0,15510.0,280,0.0,0.0
2024-03-07 13:00:00+09:00,15550.0,15580.0,15520.0,15520.0,59,0.0,0.0
2024-03-07 14:00:00+09:00,15520.0,15560.0,15430.0,15450.0,530,0.0,0.0
2024-03-08 09:00:00+09:00,15250.0,15500.0,15250.0,15380.0,394,0.0,0.0
2024-03-08 10:00:00+09:00,15380.0,15380.0,15380.0,15380.0,1012,0.0,0.0
2024-03-08 11:00:00+09:00,15470.0,15470.0,15320.0,15320.0,501,0.0,0.0
2024-03-08 12:00:00+09:00,15470.0,15470.0,15330.0,15330.0,393,0.0,0.0
2024-03-08 13:00:00+09:00,15330.0,15600.0,15330.0,15410.0,387,0.0,0.0
2024-03-08 14:00:00+09:00,15410.0,15700.0,15390.0,15700.0,3815,0.0,0.0
2024-03-11 09:00:00+09:00,16250.0,17480.0,15940.0,17000.0,7159,0.0,0.0
2024-03-11 10:00:00+09:00,16970.0,17550.0,16930.0,17410.0,12196,0.0,0.0
2024-03-11 11:00:00+09:00,17360.0,17550.0,17030.0,17100.0,7940,0.0,0.0
2024-03-11 12:00:00+09:00,17050.0,17490.0,17010.0,17310.0,3933,0.0,0.0
2024-03-11 13:00:00+09:00,17470.0,17760.0,17200.0,17200.0,5474,0.0,0.0
2024-03-11 14:00:00+09:00,17270.0,17490.0,17200.0,17400.0,1489,0.0,0.0
2024-03-12 09:00:00+09:00,17700.0,17790.0,17000.0,17590.0,6231,0.0,0.0
2024-03-12 10:00:00+09:00,17590.0,17590.0,17070.0,17250.0,907,0.0,0.0
2024-03-12 11:00:00+09:00,17130.0,17500.0,17130.0,17270.0,239,0.0,0.0
2024-03-12 12:00:00+09:00,17270.0,17490.0,17220.0,17430.0,244,0.0,0.0
2024-03-12 13:00:00+09:00,17180.0,17430.0,17140.0,17210.0,460,0.0,0.0
2024-03-12 14:00:00+09:00,17210.0,17430.0,16860.0,17150.0,2618,0.0,0.0
2024-03-13 09:00:00+09:00,17170.0,17170.0,16500.0,16500.0,5069,0.0,0.0
2024-03-13 10:00:00+09:00,16550.0,16770.0,16250.0,16280.0,5172,0.0,0.0
2024-03-13 11:00:00+09:00,16290.0,16510.0,16250.0,16330.0,3896,0.0,0.0
2024-03-13 12:00:00+09:00,16330.0,16450.0,16190.0,16190.0,3180,0.0,0.0
2024-03-13 13:00:00+09:00,16290.0,16450.0,16000.0,16160.0,5382,0.0,0.0
2024-03-13 14:00:00+09:00,16180.0,16310.0,16150.0,16210.0,1861,0.0,0.0
2024-03-14 09:00:00+09:00,16210.0,18380.0,16210.0,18250.0,32827,0.0,0.0
2024-03-14 10:00:00+09:00,18170.0,18350.0,17500.0,17920.0,15920,0.0,0.0
2024-03-14 11:00:00+09:00,18150.0,18300.0,17940.0,17970.0,5689,0.0,0.0
2024-03-14 12:00:00+09:00,18010.0,18020.0,17580.0,17580.0,5890,0.0,0.0
2024-03-14 13:00:00+09:00,17660.0,18500.0,17660.0,18170.0,13035,0.0,0.0
2024-03-14 14:00:00+09:00,18170.0,18450.0,18120.0,18380.0,7083,0.0,0.0
2024-03-15 09:00:00+09:00,18350.0,18510.0,17290.0,18420.0,13096,0.0,0.0
2024-03-15 10:00:00+09:00,18430.0,18790.0,17780.0,18100.0,12579,0.0,0.0
2024-03-15 11:00:00+09:00,18080.0,18160.0,17750.0,18000.0,8602,0.0,0.0
2024-03-15 12:00:00+09:00,18100.0,18390.0,18030.0,18390.0,1927,0.0,0.0
2024-03-15 13:00:00+09:00,18350.0,18400.0,18130.0,18170.0,2538,0.0,0.0
2024-03-15 14:00:00+09:00,18170.0,18500.0,18170.0,18500.0,4797,0.0,0.0
2024-03-18 09:00:00+09:00,18020.0,18090.0,17490.0,17760.0,0,0.0,0.0
2024-03-18 10:00:00+09:00,17770.0,17800.0,17550.0,17610.0,3818,0.0,0.0
2024-03-18 11:00:00+09:00,17610.0,17680.0,17590.0,17630.0,790,0.0,0.0
2024-03-18 12:00:00+09:00,17640.0,17700.0,17590.0,17700.0,830,0.0,0.0
2024-03-18 13:00:00+09:00,17730.0,18000.0,17720.0,17810.0,1472,0.0,0.0
2024-03-18 14:00:00+09:00,17800.0,17930.0,17720.0,17900.0,2396,0.0,0.0
2024-03-19 09:00:00+09:00,17750.0,18030.0,17620.0,17760.0,2535,0.0,0.0
2024-03-19 10:00:00+09:00,17750.0,17880.0,17690.0,17700.0,334,0.0,0.0
2024-03-19 11:00:00+09:00,17750.0,17840.0,17710.0,17800.0,310,0.0,0.0
2024-03-19 12:00:00+09:00,17740.0,17800.0,17240.0,17590.0,1909,0.0,0.0
2024-03-19 13:00:00+09:00,17540.0,17540.0,17310.0,17510.0,865,0.0,0.0
2024-03-19 14:00:00+09:00,17510.0,17510.0,17200.0,17220.0,2015,0.0,0.0
2024-03-20 09:00:00+09:00,17590.0,17590.0,17160.0,17160.0,2703,0.0,0.0
2024-03-20 10:00:00+09:00,17160.0,17210.0,17050.0,17050.0,2234,0.0,0.0
2024-03-20 11:00:00+09:00,17060.0,17330.0,17050.0,17080.0,2251,0.0,0.0
2024-03-20 12:00:00+09:00,17080.0,17150.0,17070.0,17090.0,1145,0.0,0.0
2024-03-20 13:00:00+09:00,17150.0,17260.0,17050.0,17060.0,1596,0.0,0.0
2024-03-20 14:00:00+09:00,17120.0,17140.0,17070.0,17140.0,61,0.0,0.0
2024-03-21 09:00:00+09:00,17150.0,17750.0,17070.0,17100.0,5436,0.0,0.0
2024-03-21 10:00:00+09:00,17100.0,17800.0,17070.0,17460.0,4820,0.0,0.0
2024-03-21 11:00:00+09:00,17460.0,17760.0,17240.0,17240.0,2915,0.0,0.0
2024-03-21 12:00:00+09:00,17450.0,17740.0,17150.0,17260.0,3398,0.0,0.0
2024-03-21 13:00:00+09:00,17170.0,17480.0,17070.0,17420.0,2536,0.0,0.0
2024-03-21 14:00:00+09:00,17300.0,17440.0,17180.0,17260.0,1486,0.0,0.0
2024-03-22 09:00:00+09:00,17290.0,17600.0,17090.0,17450.0,0,0.0,0.0
2024-03-22 10:00:00+09:00,17460.0,17460.0,17220.0,17230.0,2169,0.0,0.0
2024-03-22 11:00:00+09:00,17230.0,17250.0,17100.0,17210.0,2053,0.0,0.0
2024-03-22 12:00:00+09:00,17210.0,17390.0,17100.0,17170.0,1368,0.0,0.0
2024-03-22 13:00:00+09:00,17200.0,17370.0,17200.0,17260.0,537,0.0,0.0
2024-03-22 14:00:00+09:00,17190.0,17260.0,16990.0,17260.0,3020,0.0,0.0
2024-03-25 09:00:00+09:00,16980.0,17310.0,16750.0,17110.0,0,0.0,0.0
2024-03-25 10:00:00+09:00,17000.0,17270.0,17000.0,17270.0,2489,0.0,0.0
2024-03-25 11:00:00+09:00,17090.0,17800.0,17000.0,17320.0,4313,0.0,0.0
2024-03-25 12:00:00+09:00,17210.0,17370.0,17090.0,17140.0,3406,0.0,0.0
2024-03-25 13:00:00+09:00,17200.0,17260.0,16990.0,17120.0,3286,0.0,0.0
2024-03-25 14:00:00+09:00,17120.0,17120.0,17000.0,17050.0,3139,0.0,0.0
2024-03-26 09:00:00+09:00,17180.0,17300.0,17010.0,17060.0,862,0.0,0.0
2024-03-26 10:00:00+09:00,17070.0,17390.0,17010.0,17220.0,3747,0.0,0.0
2024-03-26 11:00:00+09:00,17190.0,17350.0,17130.0,17220.0,1445,0.0,0.0
2024-03-26 12:00:00+09:00,17290.0,17290.0,17100.0,17120.0,1471,0.0,0.0
2024-03-26 13:00:00+09:00,17120.0,17220.0,17090.0,17130.0,2319,0.0,0.0
2024-03-26 14:00:00+09:00,17140.0,17290.0,16990.0,17290.0,6797,0.0,0.0
2024-03-27 09:00:00+09:00,17670.0,17670.0,17220.0,17360.0,611,0.0,0.0
2024-03-27 10:00:00+09:00,17370.0,17370.0,17250.0,17360.0,187,0.0,0.0
2024-03-27 11:00:00+09:00,17360.0,17360.0,17220.0,17230.0,112,0.0,0.0
2024-03-27 12:00:00+09:00,17240.0,17350.0,17230.0,17300.0,338,0.0,0.0
2024-03-27 13:00:00+09:00,17350.0,17350.0,17240.0,17240.0,48,0.0,0.0
2024-03-27 14:00:00+09:00,17250.0,17250.0,17220.0,17250.0,235,0.0,0.0
2024-03-28 09:00:00+09:00,17230.0,18700.0,17230.0,18570.0,12181,0.0,0.0
2024-03-28 10:00:00+09:00,18570.0,18700.0,17710.0,17840.0,5832,0.0,0.0
2024-03-28 11:00:00+09:00,17890.0,18080.0,17800.0,18060.0,2737,0.0,0.0
2024-03-28 12:00:00+09:00,18050.0,18150.0,17850.0,17940.0,2306,0.0,0.0
2024-03-28 13:00:00+09:00,17940.0,18080.0,17790.0,17900.0,2205,0.0,0.0
2024-03-28 14:00:00+09:00,17990.0,18000.0,17530.0,17600.0,2998,0.0,0.0
2024-03-29 09:00:00+09:00,17600.0,17600.0,17100.0,17500.0,3023,0.0,0.0
2024-03-29 10:00:00+09:00,17500.0,17550.0,17300.0,17300.0,1294,0.0,0.0
2024-03-29 11:00:00+09:00,17300.0,17350.0,17200.0,17200.0,695,0.0,0.0
2024-03-29 12:00:00+09:00,17340.0,17410.0,17150.0,17200.0,1136,0.0,0.0
2024-03-29 13:00:00+09:00,17370.0,17370.0,17200.0,17240.0,215,0.0,0.0
2024-03-29 14:00:00+09:00,17350.0,17350.0,17100.0,17110.0,1373,0.0,0.0
2024-04-01 09:00:00+09:00,16990.0,17500.0,16240.0,17470.0,2684,0.0,0.0
2024-04-01 10:00:00+09:00,17480.0,17480.0,16990.0,17300.0,2731,0.0,0.0
2024-04-01 11:00:00+09:00,17300.0,17420.0,17240.0,17330.0,2016,0.0,0.0
2024-04-01 12:00:00+09:00,17180.0,17270.0,17040.0,17050.0,2348,0.0,0.0
2024-04-01 13:00:00+09:00,17190.0,17300.0,17030.0,17300.0,1000,0.0,0.0
2024-04-01 14:00:00+09:00,17290.0,17390.0,17240.0,17240.0,1111,0.0,0.0
2024-04-02 09:00:00+09:00,17330.0,17500.0,17050.0,17230.0,1493,0.0,0.0
2024-04-02 10:00:00+09:00,17250.0,17500.0,17250.0,17350.0,1709,0.0,0.0
2024-04-02 11:00:00+09:00,17350.0,17980.0,17350.0,17750.0,5355,0.0,0.0
2024-04-02 12:00:00+09:00,17750.0,17750.0,17500.0,17660.0,4381,0.0,0.0
2024-04-02 13:00:00+09:00,17610.0,17660.0,17530.0,17540.0,1258,0.0,0.0
2024-04-02 14:00:00+09:00,17550.0,17680.0,17500.0,17680.0,1488,0.0,0.0
2024-04-03 09:00:00+09:00,17550.0,17550.0,17000.0,17290.0,1490,0.0,0.0
2024-04-03 10:00:00+09:00,17340.0,17700.0,17270.0,17700.0,1218,0.0,0.0
2024-04-03 11:00:00+09:00,17500.0,17500.0,16960.0,17100.0,4833,0.0,0.0
2024-04-03 12:00:00+09:00,17170.0,17900.0,17170.0,17900.0,3590,0.0,0.0
2024-04-03 13:00:00+09:00,17580.0,17830.0,17520.0,17520.0,330,0.0,0.0
2024-04-03 14:00:00+09:00,17610.0,17830.0,17440.0,17750.0,4291,0.0,0.0
2024-04-04 09:00:00+09:00,17940.0,17990.0,17380.0,17820.0,2181,0.0,0.0
2024-04-04 10:00:00+09:00,17460.0,17820.0,17440.0,17740.0,1470,0.0,0.0
2024-04-04 11:00:00+09:00,17520.0,17800.0,17480.0,17510.0,3170,0.0,0.0
2024-04-04 12:00:00+09:00,17500.0,17500.0,16770.0,17130.0,8170,0.0,0.0
2024-04-04 13:00:00+09:00,17100.0,17180.0,16940.0,17180.0,2411,0.0,0.0
2024-04-04 14:00:00+09:00,17160.0,17160.0,16520.0,16790.0,6542,0.0,0.0
2024-04-05 09:00:00+09:00,16660.0,17490.0,16600.0,17110.0,3402,0.0,0.0
2024-04-05 10:00:00+09:00,16950.0,17120.0,16710.0,16950.0,1323,0.0,0.0
2024-04-05 11:00:00+09:00,16790.0,16860.0,16700.0,16790.0,1643,0.0,0.0
2024-04-05 12:00:00+09:00,16840.0,16960.0,16800.0,16960.0,221,0.0,0.0
2024-04-05 13:00:00+09:00,16960.0,16960.0,16840.0,16840.0,1473,0.0,0.0
2024-04-05 14:00:00+09:00,16850.0,16880.0,16750.0,16810.0,1590,0.0,0.0
2024-04-08 09:00:00+09:00,16680.0,16680.0,15100.0,16070.0,3963,0.0,0.0
2024-04-08 10:00:00+09:00,15980.0,16070.0,15900.0,15980.0,2286,0.0,0.0
2024-04-08 11:00:00+09:00,15930.0,16020.0,15900.0,16010.0,600,0.0,0.0
2024-04-08 12:00:00+09:00,15980.0,15990.0,15750.0,15930.0,2009,0.0,0.0
2024-04-08 13:00:00+09:00,15930.0,15950.0,15860.0,15860.0,951,0.0,0.0
2024-04-08 14:00:00+09:00,15860.0,15930.0,15840.0,15900.0,2128,0.0,0.0
2024-04-09 09:00:00+09:00,15900.0,16030.0,15780.0,15980.0,5329,0.0,0.0
2024-04-09 10:00:00+09:00,15960.0,15960.0,15210.0,15300.0,5574,0.0,0.0
2024-04-09 11:00:00+09:00,15300.0,15650.0,15280.0,15650.0,2505,0.0,0.0
2024-04-09 12:00:00+09:00,15570.0,15570.0,15400.0,15500.0,1235,0.0,0.0
2024-04-09 13:00:00+09:00,15500.0,15660.0,15500.0,15660.0,425,0.0,0.0
2024-04-09 14:00:00+09:00,15660.0,15820.0,15570.0,15730.0,3784,0.0,0.0
2024-04-11 09:00:00+09:00,15900.0,16140.0,15640.0,15880.0,0,0.0,0.0
2024-04-11 10:00:00+09:00,15870.0,15870.0,15660.0,15870.0,221,0.0,0.0
2024-04-11 11:00:00+09:00,15800.0,15870.0,15760.0,15870.0,140,0.0,0.0
2024-04-11 12:00:00+09:00,15800.0,15870.0,15760.0,15830.0,807,0.0,0.0
2024-04-11 13:00:00+09:00,15830.0,15840.0,15830.0,15840.0,11,0.0,0.0
2024-04-11 14:00:00+09:00,15830.0,15890.0,15820.0,15890.0,594,0.0,0.0
2024-04-12 09:00:00+09:00,16000.0,16000.0,15730.0,15840.0,1138,0.0,0.0
2024-04-12 10:00:00+09:00,15850.0,15970.0,15850.0,15970.0,473,0.0,0.0
2024-04-12 11:00:00+09:00,15860.0,15860.0,15730.0,15730.0,528,0.0,0.0
2024-04-12 12:00:00+09:00,15730.0,15730.0,15650.0,15650.0,662,0.0,0.0
2024-04-12 13:00:00+09:00,15720.0,15980.0,15720.0,15880.0,2474,0.0,0.0
2024-04-12 14:00:00+09:00,15880.0,15940.0,15740.0,15740.0,1537,0.0,0.0
2024-04-15 09:00:00+09:00,15790.0,15790.0,15050.0,15440.0,0,0.0,0.0
2024-04-15 10:00:00+09:00,15440.0,15510.0,15390.0,15490.0,430,0.0,0.0
2024-04-15 11:00:00+09:00,15490.0,15490.0,15370.0,15450.0,914,0.0,0.0
2024-04-15 12:00:00+09:00,15390.0,15500.0,15390.0,15490.0,284,0.0,0.0
2024-04-15 13:00:00+09:00,15490.0,15490.0,15360.0,15420.0,498,0.0,0.0
2024-04-15 14:00:00+09:00,15370.0,15410.0,15040.0,15120.0,8926,0.0,0.0
2024-04-16 09:00:00+09:00,15000.0,16490.0,15000.0,16400.0,15998,0.0,0.0
2024-04-16 10:00:00+09:00,16570.0,16570.0,15910.0,15990.0,5695,0.0,0.0
2024-04-16 11:00:00+09:00,15990.0,16220.0,15960.0,15980.0,1763,0.0,0.0
2024-04-16 12:00:00+09:00,15970.0,16220.0,15970.0,16200.0,1451,0.0,0.0
2024-04-16 13:00:00+09:00,16140.0,16180.0,15700.0,15710.0,4238,0.0,0.0
2024-04-16 14:00:00+09:00,15740.0,15880.0,15390.0,15730.0,1217,0.0,0.0
2024-04-17 09:00:00+09:00,16430.0,16430.0,15670.0,15950.0,3107,0.0,0.0
2024-04-17 10:00:00+09:00,15940.0,16090.0,15750.0,15910.0,1270,0.0,0.0
2024-04-17 11:00:00+09:00,15910.0,15950.0,15810.0,15950.0,613,0.0,0.0
2024-04-17 12:00:00+09:00,15950.0,15950.0,15780.0,15800.0,308,0.0,0.0
2024-04-17 13:00:00+09:00,15800.0,16080.0,15610.0,16080.0,3158,0.0,0.0
2024-04-17 14:00:00+09:00,15780.0,15780.0,15350.0,15500.0,4003,0.0,0.0
2024-04-18 09:00:00+09:00,15440.0,15650.0,15440.0,15610.0,988,0.0,0.0
2024-04-18 10:00:00+09:00,15530.0,15560.0,15490.0,15560.0,769,0.0,0.0
2024-04-18 11:00:00+09:00,15560.0,15640.0,15510.0,15580.0,256,0.0,0.0
2024-04-18 12:00:00+09:00,15580.0,15610.0,15540.0,15610.0,15,0.0,0.0
2024-04-18 13:00:00+09:00,15550.0,15610.0,15550.0,15610.0,475,0.0,0.0
2024-04-18 14:00:00+09:00,15610.0,15630.0,15600.0,15630.0,1638,0.0,0.0
2024-04-19 09:00:00+09:00,15700.0,15770.0,15470.0,15740.0,1274,0.0,0.0
2024-04-19 10:00:00+09:00,15690.0,15760.0,15530.0,15530.0,562,0.0,0.0
2024-04-19 11:00:00+09:00,15520.0,15520.0,15310.0,15450.0,936,0.0,0.0
2024-04-19 12:00:00+09:00,15320.0,15590.0,15320.0,15590.0,56,0.0,0.0
2024-04-19 13:00:00+09:00,15590.0,15700.0,15590.0,15700.0,404,0.0,0.0
2024-04-19 14:00:00+09:00,15700.0,15700.0,15680.0,15680.0,137,0.0,0.0
2024-04-22 09:00:00+09:00,15440.0,15800.0,15440.0,15530.0,0,0.0,0.0
2024-04-22 10:00:00+09:00,15520.0,15570.0,15450.0,15570.0,446,0.0,0.0
2024-04-22 11:00:00+09:00,15570.0,15620.0,15500.0,15600.0,98,0.0,0.0
2024-04-22 12:00:00+09:00,15520.0,15610.0,15510.0,15610.0,148,0.0,0.0
2024-04-22 13:00:00+09:00,15610.0,15610.0,15500.0,15560.0,1112,0.0,0.0
2024-04-22 14:00:00+09:00,15610.0,15610.0,15490.0,15590.0,512,0.0,0.0
2024-04-23 09:00:00+09:00,15720.0,15730.0,15310.0,15570.0,1656,0.0,0.0
2024-04-23 10:00:00+09:00,15580.0,15590.0,15500.0,15580.0,398,0.0,0.0
2024-04-23 11:00:00+09:00,15580.0,15580.0,15500.0,15560.0,8,0.0,0.0
2024-04-23 12:00:00+09:00,15510.0,15560.0,15510.0,15510.0,111,0.0,0.0
2024-04-23 13:00:00+09:00,15550.0,15560.0,15490.0,15560.0,665,0.0,0.0
2024-04-23 14:00:00+09:00,15490.0,15560.0,15490.0,15540.0,277,0.0,0.0
2024-04-24 09:00:00+09:00,16180.0,16180.0,15390.0,15510.0,3269,0.0,0.0
2024-04-24 10:00:00+09:00,15510.0,15510.0,15360.0,15360.0,845,0.0,0.0
2024-04-24 11:00:00+09:00,15380.0,15490.0,15340.0,15490.0,1843,0.0,0.0
2024-04-24 12:00:00+09:00,15490.0,15490.0,15400.0,15480.0,321,0.0,0.0
2024-04-24 13:00:00+09:00,15480.0,15510.0,15410.0,15440.0,2793,0.0,0.0
2024-04-24 14:00:00+09:00,15420.0,15470.0,15410.0,15470.0,100,0.0,0.0
2024-04-25 09:00:00+09:00,15700.0,15700.0,15200.0,15310.0,2119,0.0,0.0
2024-04-25 10:00:00+09:00,15330.0,15370.0,15290.0,15370.0,130,0.0,0.0
2024-04-25 11:00:00+09:00,15370.0,15420.0,15290.0,15410.0,484,0.0,0.0
2024-04-25 12:00:00+09:00,15400.0,15410.0,15290.0,15340.0,955,0.0,0.0
2024-04-25 13:00:00+09:00,15340.0,15390.0,15340.0,15380.0,267,0.0,0.0
2024-04-25 14:00:00+09:00,15380.0,15380.0,15270.0,15270.0,289,0.0,0.0
2024-04-26 09:00:00+09:00,15250.0,15400.0,15190.0,15390.0,579,0.0,0.0
2024-04-26 10:00:00+09:00,15250.0,15370.0,15210.0,15210.0,569,0.0,0.0
2024-04-26 11:00:00+09:00,15320.0,15370.0,15200.0,15230.0,935,0.0,0.0
2024-04-26 12:00:00+09:00,15360.0,15360.0,15190.0,15190.0,481,0.0,0.0
2024-04-26 13:00:00+09:00,15210.0,15240.0,15180.0,15190.0,400,0.0,0.0
2024-04-26 14:00:00+09:00,15230.0,15250.0,15110.0,15140.0,1235,0.0,0.0
2024-04-29 09:00:00+09:00,15110.0,15300.0,15000.0,15120.0,0,0.0,0.0
2024-04-29 10:00:00+09:00,15230.0,15230.0,14900.0,15080.0,6741,0.0,0.0
2024-04-29 11:00:00+09:00,15090.0,15090.0,15000.0,15090.0,1788,0.0,0.0
2024-04-29 12:00:00+09:00,15090.0,15100.0,14990.0,15100.0,1079,0.0,0.0
2024-04-29 13:00:00+09:00,15120.0,15200.0,15100.0,15150.0,689,0.0,0.0
2024-04-29 14:00:00+09:00,15150.0,15150.0,14980.0,15050.0,1802,0.0,0.0
2024-04-30 09:00:00+09:00,15350.0,15350.0,14850.0,14960.0,2694,0.0,0.0
2024-04-30 10:00:00+09:00,14930.0,15000.0,14900.0,14970.0,1506,0.0,0.0
2024-04-30 11:00:00+09:00,14910.0,15000.0,14860.0,15000.0,668,0.0,0.0
2024-04-30 12:00:00+09:00,15000.0,15130.0,15000.0,15110.0,1163,0.0,0.0
2024-04-30 13:00:00+09:00,15010.0,15100.0,14900.0,14920.0,4197,0.0,0.0
2024-04-30 14:00:00+09:00,14910.0,14940.0,14850.0,14940.0,887,0.0,0.0
2024-05-02 09:00:00+09:00,14810.0,14900.0,14400.0,14860.0,0,0.0,0.0
2024-05-02 10:00:00+09:00,14830.0,14830.0,14700.0,14800.0,696,0.0,0.0
2024-05-02 11:00:00+09:00,14800.0,14800.0,14800.0,14800.0,0,0.0,0.0
2024-05-02 12:00:00+09:00,14800.0,14820.0,14690.0,14820.0,626,0.0,0.0
2024-05-02 13:00:00+09:00,14820.0,14820.0,14730.0,14820.0,194,0.0,0.0
2024-05-02 14:00:00+09:00,14730.0,14800.0,14690.0,14790.0,267,0.0,0.0
2024-05-03 09:00:00+09:00,15500.0,15500.0,14830.0,14900.0,4398,0.0,0.0
2024-05-03 10:00:00+09:00,14900.0,15140.0,14840.0,14970.0,2122,0.0,0.0
2024-05-03 11:00:00+09:00,14980.0,14980.0,14950.0,14980.0,1432,0.0,0.0
2024-05-03 12:00:00+09:00,14880.0,14990.0,14840.0,14900.0,430,0.0,0.0
2024-05-03 13:00:00+09:00,14910.0,15610.0,14910.0,15400.0,12484,0.0,0.0
2024-05-03 14:00:00+09:00,15400.0,16040.0,15400.0,16000.0,16321,0.0,0.0
2024-05-07 09:00:00+09:00,16100.0,16400.0,15910.0,16010.0,0,0.0,0.0
2024-05-07 10:00:00+09:00,16160.0,16440.0,16010.0,16200.0,3435,0.0,0.0
2024-05-07 11:00:00+09:00,16350.0,16350.0,16210.0,16350.0,754,0.0,0.0
2024-05-07 12:00:00+09:00,16350.0,16350.0,16180.0,16180.0,885,0.0,0.0
2024-05-07 13:00:00+09:00,16170.0,16340.0,16170.0,16170.0,218,0.0,0.0
2024-05-07 14:00:00+09:00,16190.0,16310.0,16000.0,16000.0,2629,0.0,0.0
2024-05-08 09:00:00+09:00,16000.0,16160.0,15800.0,15850.0,3332,0.0,0.0
2024-05-08 10:00:00+09:00,15850.0,15980.0,15820.0,15890.0,767,0.0,0.0
2024-05-08 11:00:00+09:00,15840.0,15900.0,15790.0,15880.0,1470,0.0,0.0
2024-05-08 12:00:00+09:00,15890.0,15900.0,15890.0,15900.0,101,0.0,0.0
2024-05-08 13:00:00+09:00,15900.0,16000.0,15820.0,15830.0,1185,0.0,0.0
2024-05-08 14:00:00+09:00,15920.0,15950.0,15900.0,15940.0,576,0.0,0.0
2024-05-09 09:00:00+09:00,15920.0,15990.0,15750.0,15830.0,1345,0.0,0.0
2024-05-09 10:00:00+09:00,15840.0,16100.0,15800.0,16060.0,2092,0.0,0.0
2024-05-09 11:00:00+09:00,16030.0,16100.0,15860.0,15900.0,491,0.0,0.0
2024-05-09 12:00:00+09:00,15900.0,16000.0,15900.0,15910.0,67,0.0,0.0
2024-05-09 13:00:00+09:00,15910.0,16000.0,15910.0,16000.0,110,0.0,0.0
2024-05-09 14:00:00+09:00,16000.0,16000.0,16000.0,16000.0,5,0.0,0.0
2024-05-10 09:00:00+09:00,16440.0,16440.0,15700.0,15860.0,1342,0.0,0.0
2024-05-10 10:00:00+09:00,15860.0,15930.0,15780.0,15920.0,2242,0.0,0.0
2024-05-10 11:00:00+09:00,15920.0,15950.0,15740.0,15750.0,1358,0.0,0.0
2024-05-10 12:00:00+09:00,15810.0,15810.0,15790.0,15800.0,314,0.0,0.0
2024-05-10 13:00:00+09:00,15800.0,15960.0,15760.0,15950.0,954,0.0,0.0
2024-05-10 14:00:00+09:00,15900.0,15900.0,15820.0,15830.0,518,0.0,0.0
2024-05-13 09:00:00+09:00,15840.0,15920.0,15520.0,15620.0,0,0.0,0.0
2024-05-13 10:00:00+09:00,15830.0,15830.0,15550.0,15700.0,1391,0.0,0.0
2024-05-13 11:00:00+09:00,15580.0,15690.0,15420.0,15490.0,3047,0.0,0.0
2024-05-13 12:00:00+09:00,15420.0,15480.0,15380.0,15390.0,1455,0.0,0.0
2024-05-13 13:00:00+09:00,15390.0,15480.0,15320.0,15320.0,0,0.0,0.0
2024-05-13 14:00:00+09:00,15340.0,15680.0,15030.0,15230.0,16178,0.0,0.0
2024-05-14 09:00:00+09:00,15050.0,15200.0,14850.0,14980.0,15407,0.0,0.0
2024-05-14 10:00:00+09:00,15030.0,15030.0,14920.0,15030.0,124,0.0,0.0
2024-05-14 11:00:00+09:00,15020.0,15030.0,14880.0,15030.0,454,0.0,0.0
2024-05-14 12:00:00+09:00,14900.0,15010.0,14810.0,14990.0,1081,0.0,0.0
2024-05-14 13:00:00+09:00,14980.0,14980.0,14780.0,14930.0,2692,0.0,0.0
2024-05-14 14:00:00+09:00,14930.0,15070.0,14930.0,15070.0,568,0.0,0.0
2024-05-16 09:00:00+09:00,15130.0,15340.0,15120.0,15240.0,0,0.0,0.0
2024-05-16 10:00:00+09:00,15240.0,15240.0,15140.0,15170.0,197,0.0,0.0
2024-05-16 11:00:00+09:00,15140.0,15170.0,15100.0,15100.0,329,0.0,0.0
2024-05-16 12:00:00+09:00,15100.0,15130.0,15070.0,15070.0,340,0.0,0.0
2024-05-16 13:00:00+09:00,15130.0,15220.0,15070.0,15220.0,882,0.0,0.0
2024-05-16 14:00:00+09:00,15220.0,15330.0,15220.0,15300.0,3635,0.0,0.0
2024-05-17 09:00:00+09:00,15400.0,15400.0,15180.0,15250.0,104,0.0,0.0
2024-05-17 10:00:00+09:00,15250.0,15270.0,15150.0,15270.0,456,0.0,0.0
2024-05-17 11:00:00+09:00,15270.0,15270.0,14830.0,14930.0,774,0.0,0.0
2024-05-17 12:00:00+09:00,14930.0,15210.0,14910.0,15180.0,506,0.0,0.0
2024-05-17 13:00:00+09:00,15180.0,15220.0,15170.0,15210.0,236,0.0,0.0
2024-05-17 14:00:00+09:00,15210.0,15220.0,15190.0,15190.0,130,0.0,0.0
2024-05-20 09:00:00+09:00,15000.0,15140.0,14900.0,15130.0,2930,0.0,0.0
2024-05-20 10:00:00+09:00,15140.0,15190.0,15040.0,15140.0,281,0.0,0.0
2024-05-20 11:00:00+09:00,15150.0,15180.0,15150.0,15180.0,13,0.0,0.0
2024-05-20 12:00:00+09:00,15180.0,15180.0,15150.0,15150.0,254,0.0,0.0
2024-05-20 13:00:00+09:00,15150.0,15150.0,15040.0,15140.0,535,0.0,0.0
2024-05-20 14:00:00+09:00,15150.0,15150.0,15110.0,15110.0,10,0.0,0.0
2024-05-21 09:00:00+09:00,15010.0,15190.0,15000.0,15190.0,777,0.0,0.0
2024-05-21 10:00:00+09:00,15000.0,15010.0,14950.0,15010.0,601,0.0,0.0
2024-05-21 11:00:00+09:00,14950.0,15100.0,14950.0,15100.0,81,0.0,0.0
2024-05-21 12:00:00+09:00,14960.0,15090.0,14890.0,14890.0,2702,0.0,0.0
2024-05-21 13:00:00+09:00,14900.0,14950.0,14750.0,14860.0,3347,0.0,0.0
2024-05-21 14:00:00+09:00,14860.0,14900.0,14840.0,14850.0,519,0.0,0.0
2024-05-22 09:00:00+09:00,14890.0,14920.0,14800.0,14800.0,1332,0.0,0.0
2024-05-22 10:00:00+09:00,14840.0,14840.0,14790.0,14840.0,524,0.0,0.0
2024-05-22 11:00:00+09:00,14830.0,14840.0,14200.0,14840.0,2580,0.0,0.0
2024-05-22 12:00:00+09:00,14840.0,14840.0,14670.0,14700.0,345,0.0,0.0
2024-05-22 13:00:00+09:00,14700.0,14730.0,14650.0,14730.0,1299,0.0,0.0
2024-05-22 14:00:00+09:00,14750.0,14840.0,14740.0,14830.0,756,0.0,0.0
2024-05-23 09:00:00+09:00,14800.0,14830.0,14650.0,14830.0,1507,0.0,0.0
2024-05-23 10:00:00+09:00,14740.0,15110.0,14690.0,14790.0,1844,0.0,0.0
2024-05-23 11:00:00+09:00,14800.0,14960.0,14770.0,14780.0,0,0.0,0.0
2024-05-23 12:00:00+09:00,14780.0,14910.0,14770.0,14770.0,226,0.0,0.0
2024-05-23 13:00:00+09:00,14790.0,14830.0,14770.0,14800.0,388,0.0,0.0
2024-05-23 14:00:00+09:00,14790.0,14790.0,14610.0,14750.0,1728,0.0,0.0
2024-05-24 09:00:00+09:00,14660.0,15050.0,14660.0,15000.0,2539,0.0,0.0
2024-05-24 10:00:00+09:00,15000.0,15050.0,14850.0,14960.0,796,0.0,0.0
2024-05-24 11:00:00+09:00,14980.0,15010.0,14830.0,14990.0,3649,0.0,0.0
2024-05-24 12:00:00+09:00,14990.0,14990.0,14790.0,14900.0,748,0.0,0.0
2024-05-24 13:00:00+09:00,14900.0,14900.0,14850.0,14850.0,114,0.0,0.0
2024-05-24 14:00:00+09:00,14940.0,14940.0,14820.0,14820.0,155,0.0,0.0
2024-05-27 09:00:00+09:00,14680.0,15010.0,14680.0,15010.0,0,0.0,0.0
2024-05-27 10:00:00+09:00,15000.0,15010.0,14990.0,14990.0,1743,0.0,0.0
2024-05-27 11:00:00+09:00,14990.0,15000.0,14920.0,14920.0,800,0.0,0.0
2024-05-27 12:00:00+09:00,14920.0,14970.0,14920.0,14920.0,100,0.0,0.0
2024-05-27 13:00:00+09:00,14980.0,15080.0,14900.0,15080.0,1169,0.0,0.0
2024-05-27 14:00:00+09:00,15070.0,15070.0,15070.0,15070.0,13,0.0,0.0
2024-05-28 09:00:00+09:00,14800.0,15200.0,14800.0,14980.0,4578,0.0,0.0
2024-05-28 10:00:00+09:00,14990.0,15130.0,14920.0,15090.0,1790,0.0,0.0
2024-05-28 11:00:00+09:00,15050.0,15070.0,14950.0,15020.0,26,0.0,0.0
2024-05-28 12:00:00+09:00,14950.0,15000.0,14950.0,15000.0,101,0.0,0.0
2024-05-28 13:00:00+09:00,15000.0,15100.0,15000.0,15100.0,1237,0.0,0.0
2024-05-28 14:00:00+09:00,15100.0,15100.0,14980.0,15040.0,1499,0.0,0.0
2024-05-29 09:00:00+09:00,15040.0,15040.0,14920.0,15030.0,945,0.0,0.0
2024-05-29 10:00:00+09:00,15020.0,15020.0,14880.0,14910.0,1590,0.0,0.0
2024-05-29 11:00:00+09:00,14910.0,14950.0,14890.0,14890.0,1212,0.0,0.0
2024-05-29 12:00:00+09:00,14900.0,14900.0,14890.0,14890.0,201,0.0,0.0
2024-05-29 13:00:00+09:00,14900.0,14950.0,14890.0,14950.0,44,0.0,0.0
2024-05-29 14:00:00+09:00,14950.0,14980.0,14950.0,14980.0,343,0.0,0.0
2024-05-30 09:00:00+09:00,14800.0,14800.0,14780.0,14780.0,273,0.0,0.0
2024-05-30 10:00:00+09:00,14790.0,14790.0,14710.0,14720.0,15,0.0,0.0
2024-05-30 11:00:00+09:00,14750.0,15000.0,14750.0,14820.0,574,0.0,0.0
2024-05-30 12:00:00+09:00,14820.0,14820.0,14820.0,14820.0,1,0.0,0.0
2024-05-30 13:00:00+09:00,14820.0,14960.0,14800.0,14810.0,268,0.0,0.0
2024-05-30 14:00:00+09:00,14820.0,14890.0,14820.0,14820.0,53,0.0,0.0
2024-05-31 09:00:00+09:00,14800.0,15350.0,14800.0,14900.0,8622,0.0,0.0
2024-05-31 10:00:00+09:00,14800.0,14860.0,14770.0,14860.0,1118,0.0,0.0
2024-05-31 11:00:00+09:00,14870.0,15100.0,14870.0,14900.0,500,0.0,0.0
2024-05-31 12:00:00+09:00,14900.0,15000.0,14900.0,15000.0,102,0.0,0.0
2024-05-31 13:00:00+09:00,15000.0,15000.0,14880.0,14880.0,84,0.0,0.0
2024-05-31 14:00:00+09:00,14880.0,14930.0,14860.0,14860.0,251,0.0,0.0
2024-06-03 09:00:00+09:00,14850.0,14990.0,14800.0,14880.0,0,0.0,0.0
2024-06-03 10:00:00+09:00,14880.0,14900.0,14880.0,14900.0,133,0.0,0.0
2024-06-03 11:00:00+09:00,14900.0,14900.0,14900.0,14900.0,123,0.0,0.0
2024-06-03 12:00:00+09:00,14900.0,14900.0,14770.0,14770.0,1167,0.0,0.0
2024-06-03 13:00:00+09:00,14760.0,14800.0,14750.0,14770.0,196,0.0,0.0
2024-06-03 14:00:00+09:00,14780.0,14810.0,14770.0,14810.0,272,0.0,0.0
2024-06-04 09:00:00+09:00,14850.0,14850.0,14200.0,14840.0,2983,0.0,0.0
2024-06-04 10:00:00+09:00,14840.0,14840.0,14330.0,14450.0,6848,0.0,0.0
2024-06-04 11:00:00+09:00,14450.0,14650.0,14370.0,14650.0,3021,0.0,0.0
2024-06-04 12:00:00+09:00,14650.0,14650.0,14490.0,14490.0,0,0.0,0.0
2024-06-04 13:00:00+09:00,14640.0,14650.0,14630.0,14650.0,276,0.0,0.0
2024-06-04 14:00:00+09:00,14640.0,14640.0,14640.0,14640.0,0,0.0,0.0
2024-06-05 09:00:00+09:00,14640.0,14960.0,14640.0,14680.0,687,0.0,0.0
2024-06-05 10:00:00+09:00,14680.0,14680.0,14560.0,14660.0,144,0.0,0.0
2024-06-05 11:00:00+09:00,14640.0,14670.0,14640.0,14670.0,50,0.0,0.0
2024-06-05 12:00:00+09:00,14670.0,14670.0,14670.0,14670.0,36,0.0,0.0
2024-06-05 13:00:00+09:00,14640.0,14720.0,14640.0,14720.0,731,0.0,0.0
2024-06-05 14:00:00+09:00,14640.0,14690.0,14620.0,14690.0,109,0.0,0.0
2024-06-07 09:00:00+09:00,14620.0,14900.0,14570.0,14740.0,0,0.0,0.0
2024-06-07 10:00:00+09:00,14740.0,14740.0,14580.0,14670.0,98,0.0,0.0
2024-06-07 11:00:00+09:00,14580.0,14580.0,14530.0,14550.0,476,0.0,0.0
2024-06-07 12:00:00+09:00,14560.0,14630.0,14510.0,14630.0,1227,0.0,0.0
2024-06-07 13:00:00+09:00,14630.0,14700.0,14630.0,14700.0,180,0.0,0.0
2024-06-07 14:00:00+09:00,14690.0,14690.0,14100.0,14300.0,4616,0.0,0.0
2024-06-10 09:00:00+09:00,14750.0,14750.0,14640.0,14650.0,0,0.0,0.0
2024-06-10 10:00:00+09:00,14520.0,14520.0,14230.0,14410.0,965,0.0,0.0
2024-06-10 11:00:00+09:00,14380.0,14410.0,14350.0,14410.0,105,0.0,0.0
2024-06-10 12:00:00+09:00,14400.0,14540.0,14400.0,14480.0,654,0.0,0.0
2024-06-10 13:00:00+09:00,14400.0,14400.0,14320.0,14320.0,140,0.0,0.0
2024-06-10 14:00:00+09:00,14390.0,14390.0,14320.0,14390.0,204,0.0,0.0
2024-06-11 09:00:00+09:00,14360.0,14490.0,14320.0,14490.0,693,0.0,0.0
2024-06-11 10:00:00+09:00,14490.0,14530.0,14350.0,14350.0,181,0.0,0.0
2024-06-11 11:00:00+09:00,14510.0,14510.0,14510.0,14510.0,183,0.0,0.0
2024-06-11 12:00:00+09:00,14390.0,14490.0,14360.0,14380.0,170,0.0,0.0
2024-06-11 13:00:00+09:00,14510.0,14510.0,14260.0,14350.0,1343,0.0,0.0
2024-06-11 14:00:00+09:00,14320.0,14350.0,14220.0,14340.0,1023,0.0,0.0
2024-06-12 09:00:00+09:00,14300.0,14480.0,14250.0,14360.0,1577,0.0,0.0
2024-06-12 10:00:00+09:00,14290.0,14350.0,14250.0,14350.0,739,0.0,0.0
2024-06-12 11:00:00+09:00,14350.0,14350.0,14250.0,14260.0,390,0.0,0.0
2024-06-12 12:00:00+09:00,14350.0,14350.0,14190.0,14250.0,289,0.0,0.0
2024-06-12 13:00:00+09:00,14260.0,14300.0,14230.0,14260.0,603,0.0,0.0
2024-06-12 14:00:00+09:00,14300.0,14350.0,13980.0,14350.0,5897,0.0,0.0
2024-06-13 09:00:00+09:00,14370.0,14580.0,14200.0,14350.0,3464,0.0,0.0
2024-06-13 10:00:00+09:00,14360.0,14400.0,14260.0,14260.0,320,0.0,0.0
2024-06-13 11:00:00+09:00,14280.0,14370.0,14280.0,14300.0,10,0.0,0.0
2024-06-13 12:00:00+09:00,14290.0,14330.0,14260.0,14330.0,624,0.0,0.0
2024-06-13 13:00:00+09:00,14310.0,14310.0,14240.0,14300.0,1117,0.0,0.0
2024-06-13 14:00:00+09:00,14280.0,14280.0,14190.0,14200.0,809,0.0,0.0
2024-06-14 09:00:00+09:00,14110.0,14250.0,13980.0,13980.0,1943,0.0,0.0
2024-06-14 10:00:00+09:00,13960.0,14110.0,13960.0,14100.0,358,0.0,0.0
2024-06-14 11:00:00+09:00,14100.0,14100.0,14050.0,14050.0,6,0.0,0.0
2024-06-14 12:00:00+09:00,14100.0,14160.0,14000.0,14160.0,671,0.0,0.0
2024-06-14 13:00:00+09:00,14160.0,14160.0,14120.0,14120.0,2,0.0,0.0
2024-06-14 14:00:00+09:00,14110.0,14110.0,13960.0,13960.0,2311,0.0,0.0
2024-06-17 09:00:00+09:00,14380.0,14380.0,14010.0,14280.0,0,0.0,0.0
2024-06-17 10:00:00+09:00,14270.0,14270.0,14150.0,14200.0,109,0.0,0.0
2024-06-17 11:00:00+09:00,14200.0,14280.0,14200.0,14280.0,1659,0.0,0.0
2024-06-17 12:00:00+09:00,14260.0,14280.0,14120.0,14120.0,803,0.0,0.0
2024-06-17 13:00:00+09:00,14250.0,14270.0,14100.0,14220.0,713,0.0,0.0
2024-06-17 14:00:00+09:00,14230.0,14230.0,14120.0,14170.0,73,0.0,0.0
2024-06-18 09:00:00+09:00,14090.0,14280.0,14070.0,14270.0,1698,0.0,0.0
2024-06-18 10:00:00+09:00,14240.0,14320.0,14180.0,14180.0,3571,0.0,0.0
2024-06-18 11:00:00+09:00,14190.0,14300.0,14140.0,14290.0,4815,0.0,0.0
2024-06-18 12:00:00+09:00,14200.0,14290.0,14160.0,14170.0,754,0.0,0.0
2024-06-18 13:00:00+09:00,14200.0,14260.0,14160.0,14180.0,738,0.0,0.0
2024-06-18 14:00:00+09:00,14180.0,14290.0,14100.0,14100.0,2962,0.0,0.0
2024-06-19 09:00:00+09:00,14400.0,14870.0,14380.0,14750.0,6943,0.0,0.0
2024-06-19 10:00:00+09:00,14630.0,14800.0,14570.0,14690.0,804,0.0,0.0
2024-06-19 11:00:00+09:00,14690.0,14750.0,14630.0,14630.0,1395,0.0,0.0
2024-06-19 12:00:00+09:00,14630.0,14750.0,14630.0,14730.0,0,0.0,0.0
2024-06-19 13:00:00+09:00,14730.0,17230.0,14570.0,14590.0,338533,0.0,0.0
2024-06-19 14:00:00+09:00,14580.0,15450.0,14390.0,14720.0,42020,0.0,0.0
2024-06-20 09:00:00+09:00,14800.0,14800.0,14300.0,14360.0,8814,0.0,0.0
2024-06-20 10:00:00+09:00,14370.0,14480.0,14320.0,14390.0,1350,0.0,0.0
2024-06-20 11:00:00+09:00,14390.0,14440.0,14370.0,14420.0,380,0.0,0.0
2024-06-20 12:00:00+09:00,14410.0,14450.0,14390.0,14450.0,412,0.0,0.0
2024-06-20 13:00:00+09:00,14390.0,14500.0,14360.0,14400.0,2623,0.0,0.0
2024-06-20 14:00:00+09:00,14390.0,14410.0,14300.0,14330.0,3851,0.0,0.0
2024-06-21 09:00:00+09:00,14280.0,14280.0,14010.0,14150.0,2337,0.0,0.0
2024-06-21 10:00:00+09:00,14160.0,14190.0,14090.0,14150.0,868,0.0,0.0
2024-06-21 11:00:00+09:00,14150.0,14280.0,14150.0,14190.0,475,0.0,0.0
2024-06-21 12:00:00+09:00,14150.0,14160.0,14100.0,14150.0,256,0.0,0.0
2024-06-21 13:00:00+09:00,14110.0,15390.0,14010.0,14140.0,25388,0.0,0.0
2024-06-21 14:00:00+09:00,14200.0,14220.0,14070.0,14100.0,3792,0.0,0.0
2024-06-24 09:00:00+09:00,14040.0,14090.0,13920.0,14000.0,0,0.0,0.0
2024-06-24 10:00:00+09:00,14000.0,14030.0,13890.0,13900.0,3164,0.0,0.0
2024-06-24 11:00:00+09:00,13900.0,13970.0,13870.0,13940.0,1999,0.0,0.0
2024-06-24 12:00:00+09:00,13870.0,13920.0,13750.0,13750.0,1857,0.0,0.0
2024-06-24 13:00:00+09:00,13750.0,13780.0,13330.0,13490.0,3194,0.0,0.0
2024-06-24 14:00:00+09:00,13400.0,13450.0,13180.0,13310.0,5117,0.0,0.0
2024-06-25 09:00:00+09:00,13170.0,13240.0,13070.0,13070.0,2897,0.0,0.0
2024-06-25 10:00:00+09:00,13060.0,13270.0,12850.0,13050.0,6789,0.0,0.0
2024-06-25 11:00:00+09:00,12960.0,13080.0,12910.0,13080.0,1380,0.0,0.0
2024-06-25 12:00:00+09:00,12990.0,13080.0,12920.0,12930.0,317,0.0,0.0
2024-06-25 13:00:00+09:00,12930.0,13020.0,12800.0,12990.0,1025,0.0,0.0
2024-06-25 14:00:00+09:00,12990.0,13100.0,12970.0,13090.0,1185,0.0,0.0
2024-06-26 09:00:00+09:00,13040.0,13090.0,12850.0,13070.0,512,0.0,0.0
2024-06-26 10:00:00+09:00,13070.0,13090.0,12990.0,13050.0,358,0.0,0.0
2024-06-26 11:00:00+09:00,13050.0,13050.0,12970.0,13050.0,205,0.0,0.0
2024-06-26 12:00:00+09:00,13050.0,13070.0,12930.0,13020.0,1549,0.0,0.0
2024-06-26 13:00:00+09:00,13040.0,13040.0,13030.0,13030.0,5,0.0,0.0
2024-06-26 14:00:00+09:00,13000.0,13000.0,12860.0,13000.0,511,0.0,0.0
2024-06-27 09:00:00+09:00,13050.0,13220.0,13000.0,13210.0,2222,0.0,0.0
2024-06-27 10:00:00+09:00,13210.0,13210.0,13150.0,13200.0,135,0.0,0.0
2024-06-27 11:00:00+09:00,13150.0,13200.0,13090.0,13200.0,66,0.0,0.0
2024-06-27 12:00:00+09:00,13150.0,13350.0,13110.0,13350.0,1562,0.0,0.0
2024-06-27 13:00:00+09:00,13360.0,13410.0,13250.0,13390.0,4432,0.0,0.0
2024-06-27 14:00:00+09:00,13400.0,13420.0,13260.0,13380.0,1106,0.0,0.0
2024-06-28 09:00:00+09:00,13350.0,13490.0,13260.0,13300.0,1738,0.0,0.0
2024-06-28 10:00:00+09:00,13390.0,13400.0,13310.0,13380.0,141,0.0,0.0
2024-06-28 11:00:00+09:00,13370.0,13370.0,13100.0,13170.0,5506,0.0,0.0
2024-06-28 12:00:00+09:00,13180.0,13380.0,13180.0,13380.0,155,0.0,0.0
2024-06-28 13:00:00+09:00,13250.0,13370.0,13240.0,13370.0,129,0.0,0.0
2024-06-28 14:00:00+09:00,13350.0,13380.0,13180.0,13250.0,3060,0.0,0.0
2024-07-01 09:00:00+09:00,13110.0,13510.0,13110.0,13350.0,0,0.0,0.0
2024-07-01 10:00:00+09:00,13360.0,13360.0,13220.0,13350.0,0,0.0,0.0
2024-07-01 11:00:00+09:00,13350.0,13440.0,13220.0,13320.0,543,0.0,0.0
2024-07-01 12:00:00+09:00,13240.0,13430.0,13230.0,13430.0,303,0.0,0.0
2024-07-01 13:00:00+09:00,13250.0,13350.0,13240.0,13350.0,2,0.0,0.0
2024-07-01 14:00:00+09:00,13350.0,13350.0,13210.0,13350.0,302,0.0,0.0
2024-07-02 09:00:00+09:00,12950.0,13250.0,12950.0,13080.0,3154,0.0,0.0
2024-07-02 10:00:00+09:00,13080.0,13110.0,13020.0,13020.0,176,0.0,0.0
2024-07-02 11:00:00+09:00,13100.0,13100.0,13050.0,13100.0,911,0.0,0.0
2024-07-02 13:00:00+09:00,13100.0,13100.0,12940.0,12950.0,1482,0.0,0.0
2024-07-02 14:00:00+09:00,12960.0,13060.0,12900.0,12920.0,1391,0.0,0.0
2024-07-03 09:00:00+09:00,12850.0,12920.0,12800.0,12820.0,826,0.0,0.0
2024-07-03 10:00:00+09:00,12820.0,12970.0,12770.0,12960.0,455,0.0,0.0
2024-07-03 11:00:00+09:00,12940.0,12950.0,12810.0,12820.0,100,0.0,0.0
2024-07-03 12:00:00+09:00,12820.0,12820.0,12820.0,12820.0,17,0.0,0.0
2024-07-03 13:00:00+09:00,12820.0,12900.0,12600.0,12630.0,1395,0.0,0.0
2024-07-03 14:00:00+09:00,12850.0,12850.0,12710.0,12850.0,782,0.0,0.0
2024-07-04 09:00:00+09:00,12370.0,12480.0,12310.0,12380.0,0,0.0,0.0
2024-07-04 10:00:00+09:00,12310.0,12370.0,12230.0,12350.0,2687,0.0,0.0
2024-07-04 11:00:00+09:00,12230.0,12330.0,12180.0,12290.0,29,0.0,0.0
2024-07-04 12:00:00+09:00,12220.0,12320.0,12210.0,12320.0,319,0.0,0.0
2024-07-04 13:00:00+09:00,12210.0,12320.0,12170.0,12230.0,0,0.0,0.0
2024-07-04 14:00:00+09:00,12180.0,12210.0,11920.0,12160.0,7139,0.0,0.0
2024-07-05 09:00:00+09:00,12120.0,12440.0,12120.0,12200.0,2703,0.0,0.0
2024-07-05 10:00:00+09:00,12200.0,12290.0,12130.0,12130.0,1004,0.0,0.0
2024-07-05 11:00:00+09:00,12220.0,12250.0,12130.0,12250.0,732,0.0,0.0
2024-07-05 12:00:00+09:00,12140.0,12230.0,12120.0,12120.0,541,0.0,0.0
2024-07-05 13:00:00+09:00,12120.0,12210.0,12000.0,12020.0,629,0.0,0.0
2024-07-05 14:00:00+09:00,12020.0,12170.0,11990.0,12040.0,1266,0.0,0.0
2024-07-08 09:00:00+09:00,11930.0,12180.0,11930.0,12040.0,0,0.0,0.0
2024-07-08 10:00:00+09:00,12100.0,12100.0,12040.0,12090.0,271,0.0,0.0
2024-07-08 11:00:00+09:00,12090.0,12090.0,12080.0,12080.0,74,0.0,0.0
2024-07-08 12:00:00+09:00,12090.0,12090.0,12050.0,12050.0,201,0.0,0.0
2024-07-08 13:00:00+09:00,12040.0,12050.0,11970.0,12050.0,465,0.0,0.0
2024-07-08 14:00:00+09:00,12050.0,12080.0,12050.0,12080.0,1371,0.0,0.0
2024-07-09 09:00:00+09:00,12150.0,12410.0,12020.0,12280.0,2235,0.0,0.0
2024-07-09 10:00:00+09:00,12150.0,12250.0,12080.0,12080.0,420,0.0,0.0
2024-07-09 11:00:00+09:00,12130.0,12130.0,12040.0,12040.0,389,0.0,0.0
2024-07-09 12:00:00+09:00,12080.0,12110.0,12010.0,12090.0,748,0.0,0.0
2024-07-09 13:00:00+09:00,12100.0,12190.0,12080.0,12180.0,639,0.0,0.0
2024-07-09 14:00:00+09:00,12170.0,12270.0,12080.0,12080.0,1289,0.0,0.0
2024-07-10 09:00:00+09:00,12420.0,12450.0,12210.0,12360.0,6702,0.0,0.0
2024-07-10 10:00:00+09:00,12240.0,12360.0,11930.0,12310.0,2917,0.0,0.0
2024-07-10 11:00:00+09:00,12220.0,12220.0,12220.0,12220.0,199,0.0,0.0
2024-07-10 12:00:00+09:00,12290.0,12310.0,12160.0,12310.0,418,0.0,0.0
2024-07-10 13:00:00+09:00,12300.0,12320.0,12220.0,12320.0,443,0.0,0.0
2024-07-10 14:00:00+09:00,12320.0,12330.0,12270.0,12280.0,303,0.0,0.0
2024-07-11 09:00:00+09:00,12210.0,12660.0,12210.0,12310.0,965,0.0,0.0
2024-07-11 10:00:00+09:00,12250.0,12540.0,12250.0,12390.0,2769,0.0,0.0
2024-07-11 11:00:00+09:00,12390.0,12460.0,12350.0,12460.0,1560,0.0,0.0
2024-07-11 12:00:00+09:00,12460.0,12470.0,12400.0,12470.0,12,0.0,0.0
2024-07-11 13:00:00+09:00,12450.0,12620.0,12320.0,12620.0,1841,0.0,0.0
2024-07-11 14:00:00+09:00,12620.0,12910.0,12620.0,12870.0,1766,0.0,0.0
2024-07-12 09:00:00+09:00,13220.0,13230.0,12670.0,13000.0,1596,0.0,0.0
2024-07-12 10:00:00+09:00,13090.0,15470.0,13090.0,13190.0,201053,0.0,0.0
2024-07-12 11:00:00+09:00,13190.0,13440.0,13190.0,13380.0,5350,0.0,0.0
2024-07-12 12:00:00+09:00,13370.0,13440.0,13260.0,13390.0,1772,0.0,0.0
2024-07-12 13:00:00+09:00,13280.0,13370.0,13220.0,13330.0,4256,0.0,0.0
2024-07-12 14:00:00+09:00,13270.0,13330.0,13270.0,13310.0,918,0.0,0.0
2024-07-15 09:00:00+09:00,13350.0,13510.0,13230.0,13280.0,0,0.0,0.0
2024-07-15 10:00:00+09:00,13410.0,13420.0,13130.0,13340.0,3917,0.0,0.0
2024-07-15 11:00:00+09:00,13160.0,13320.0,13160.0,13200.0,462,0.0,0.0
2024-07-15 12:00:00+09:00,13190.0,13400.0,13170.0,13400.0,1891,0.0,0.0
2024-07-15 13:00:00+09:00,13300.0,13430.0,13240.0,13420.0,127,0.0,0.0
2024-07-15 14:00:00+09:00,13310.0,13310.0,13220.0,13270.0,715,0.0,0.0
2024-07-16 09:00:00+09:00,13200.0,13480.0,13130.0,13300.0,1591,0.0,0.0
2024-07-16 10:00:00+09:00,13300.0,13380.0,13200.0,13380.0,1486,0.0,0.0
2024-07-16 11:00:00+09:00,13380.0,13380.0,13250.0,13370.0,0,0.0,0.0
2024-07-16 12:00:00+09:00,13320.0,13320.0,13270.0,13270.0,109,0.0,0.0
2024-07-16 13:00:00+09:00,13320.0,13410.0,13300.0,13390.0,695,0.0,0.0
2024-07-16 14:00:00+09:00,13360.0,13400.0,13360.0,13390.0,395,0.0,0.0
2024-07-17 09:00:00+09:00,13340.0,13480.0,13340.0,13440.0,1154,0.0,0.0
2024-07-17 10:00:00+09:00,13440.0,13440.0,13290.0,13350.0,1557,0.0,0.0
2024-07-17 11:00:00+09:00,13310.0,13370.0,13310.0,13340.0,550,0.0,0.0
2024-07-17 12:00:00+09:00,13330.0,13330.0,13320.0,13320.0,284,0.0,0.0
2024-07-17 13:00:00+09:00,13370.0,13820.0,13330.0,13620.0,5065,0.0,0.0
2024-07-17 14:00:00+09:00,13620.0,13720.0,13320.0,13340.0,3748,0.0,0.0
2024-07-18 09:00:00+09:00,13740.0,13740.0,13300.0,13370.0,1254,0.0,0.0
2024-07-18 10:00:00+09:00,13360.0,13480.0,13340.0,13340.0,433,0.0,0.0
2024-07-18 11:00:00+09:00,13430.0,13440.0,13290.0,13310.0,689,0.0,0.0
2024-07-18 12:00:00+09:00,13310.0,13470.0,13310.0,13460.0,201,0.0,0.0
2024-07-18 13:00:00+09:00,13440.0,13440.0,13280.0,13430.0,329,0.0,0.0
2024-07-18 14:00:00+09:00,13320.0,13520.0,13320.0,13520.0,3405,0.0,0.0
2024-07-19 09:00:00+09:00,13800.0,13800.0,13500.0,13640.0,1253,0.0,0.0
2024-07-19 10:00:00+09:00,13630.0,13640.0,13530.0,13630.0,505,0.0,0.0
2024-07-19 11:00:00+09:00,13530.0,13630.0,13530.0,13630.0,373,0.0,0.0
2024-07-19 12:00:00+09:00,13630.0,13770.0,13630.0,13750.0,783,0.0,0.0
2024-07-19 13:00:00+09:00,13670.0,13710.0,13590.0,13710.0,1430,0.0,0.0
2024-07-19 14:00:00+09:00,13600.0,13710.0,13600.0,13610.0,694,0.0,0.0
2024-07-22 09:00:00+09:00,13860.0,13860.0,13630.0,13760.0,0,0.0,0.0
2024-07-22 10:00:00+09:00,13730.0,13790.0,13610.0,13680.0,1346,0.0,0.0
2024-07-22 11:00:00+09:00,13610.0,13610.0,13530.0,13530.0,481,0.0,0.0
2024-07-22 12:00:00+09:00,13550.0,13650.0,13550.0,13630.0,229,0.0,0.0
2024-07-22 13:00:00+09:00,13630.0,13710.0,13470.0,13690.0,1302,0.0,0.0
2024-07-22 14:00:00+09:00,13690.0,13700.0,13470.0,13690.0,247,0.0,0.0
2024-07-23 09:00:00+09:00,13640.0,13920.0,13300.0,13640.0,2032,0.0,0.0
2024-07-23 10:00:00+09:00,13740.0,13740.0,13640.0,13740.0,0,0.0,0.0
2024-07-23 11:00:00+09:00,13640.0,13740.0,13640.0,13740.0,776,0.0,0.0
2024-07-23 12:00:00+09:00,13740.0,13790.0,13730.0,13790.0,936,0.0,0.0
2024-07-23 13:00:00+09:00,13700.0,13810.0,13700.0,13800.0,0,0.0,0.0
2024-07-23 14:00:00+09:00,13700.0,13790.0,13700.0,13700.0,686,0.0,0.0
2024-07-24 09:00:00+09:00,13520.0,13940.0,13520.0,13900.0,876,0.0,0.0
2024-07-24 10:00:00+09:00,13880.0,13880.0,13750.0,13840.0,0,0.0,0.0
2024-07-24 11:00:00+09:00,13840.0,13850.0,13830.0,13850.0,1085,0.0,0.0
2024-07-24 12:00:00+09:00,13870.0,13880.0,13870.0,13880.0,0,0.0,0.0
2024-07-24 13:00:00+09:00,13850.0,13850.0,13840.0,13840.0,83,0.0,0.0
2024-07-24 14:00:00+09:00,13840.0,13920.0,13620.0,13800.0,782,0.0,0.0
2024-07-25 09:00:00+09:00,13730.0,13740.0,13600.0,13700.0,84,0.0,0.0
2024-07-25 10:00:00+09:00,13700.0,13700.0,13600.0,13690.0,62,0.0,0.0
2024-07-25 11:00:00+09:00,13590.0,13690.0,13560.0,13690.0,436,0.0,0.0
2024-07-25 12:00:00+09:00,13690.0,13690.0,13690.0,13690.0,30,0.0,0.0
2024-07-25 13:00:00+09:00,13690.0,13690.0,13690.0,13690.0,85,0.0,0.0
2024-07-25 14:00:00+09:00,13590.0,13690.0,13590.0,13690.0,4,0.0,0.0
2024-07-26 09:00:00+09:00,13620.0,13970.0,13610.0,13920.0,266,0.0,0.0
2024-07-26 10:00:00+09:00,13920.0,13920.0,13690.0,13800.0,1025,0.0,0.0
2024-07-26 11:00:00+09:00,13680.0,13790.0,13660.0,13790.0,898,0.0,0.0
2024-07-26 12:00:00+09:00,13670.0,13800.0,13670.0,13800.0,11,0.0,0.0
2024-07-26 13:00:00+09:00,13800.0,13800.0,13680.0,13680.0,77,0.0,0.0
2024-07-26 14:00:00+09:00,13750.0,13750.0,13660.0,13660.0,1361,0.0,0.0
2024-07-29 09:00:00+09:00,13680.0,14220.0,13680.0,13930.0,0,0.0,0.0
2024-07-29 10:00:00+09:00,13930.0,14070.0,13890.0,14010.0,742,0.0,0.0
2024-07-29 11:00:00+09:00,13890.0,14010.0,13880.0,14000.0,272,0.0,0.0
2024-07-29 12:00:00+09:00,13950.0,14010.0,13910.0,13910.0,1146,0.0,0.0
2024-07-29 13:00:00+09:00,13910.0,13930.0,13870.0,13870.0,1072,0.0,0.0
2024-07-29 14:00:00+09:00,13850.0,13850.0,13750.0,13750.0,1337,0.0,0.0
2024-07-30 09:00:00+09:00,13720.0,13830.0,13350.0,13740.0,4092,0.0,0.0
2024-07-30 10:00:00+09:00,13740.0,13790.0,13660.0,13790.0,829,0.0,0.0
2024-07-30 11:00:00+09:00,13690.0,13860.0,13670.0,13860.0,809,0.0,0.0
2024-07-30 12:00:00+09:00,13800.0,13800.0,13790.0,13790.0,657,0.0,0.0
2024-07-30 13:00:00+09:00,13690.0,13690.0,13540.0,13620.0,3192,0.0,0.0
2024-07-30 14:00:00+09:00,13620.0,13840.0,13600.0,13610.0,282,0.0,0.0
2024-07-31 09:00:00+09:00,13340.0,14120.0,13340.0,13880.0,915,0.0,0.0
2024-07-31 10:00:00+09:00,13650.0,13880.0,13480.0,13860.0,356,0.0,0.0
2024-07-31 12:00:00+09:00,13850.0,13850.0,13850.0,13850.0,43,0.0,0.0
2024-07-31 13:00:00+09:00,13650.0,13790.0,13400.0,13730.0,4607,0.0,0.0
2024-07-31 14:00:00+09:00,13700.0,13700.0,13700.0,13700.0,1,0.0,0.0
2024-08-01 09:00:00+09:00,13590.0,14090.0,13590.0,14040.0,2155,0.0,0.0
2024-08-01 10:00:00+09:00,14040.0,14040.0,13720.0,13900.0,544,0.0,0.0
2024-08-01 11:00:00+09:00,13730.0,13730.0,13680.0,13680.0,499,0.0,0.0
2024-08-01 12:00:00+09:00,13860.0,13860.0,13680.0,13860.0,17,0.0,0.0
2024-08-01 13:00:00+09:00,13810.0,13860.0,13810.0,13860.0,2,0.0,0.0
2024-08-01 14:00:00+09:00,13700.0,13710.0,13640.0,13640.0,1963,0.0,0.0
2024-08-02 09:00:00+09:00,13630.0,14180.0,13500.0,13850.0,666,0.0,0.0
2024-08-02 10:00:00+09:00,13640.0,13850.0,13640.0,13850.0,7,0.0,0.0
2024-08-02 11:00:00+09:00,13650.0,13810.0,13650.0,13790.0,112,0.0,0.0
2024-08-02 12:00:00+09:00,13680.0,13790.0,13670.0,13790.0,30,0.0,0.0
2024-08-02 13:00:00+09:00,13670.0,13820.0,13640.0,13640.0,463,0.0,0.0
2024-08-02 14:00:00+09:00,13660.0,13830.0,13660.0,13830.0,134,0.0,0.0
2024-08-05 09:00:00+09:00,13550.0,13800.0,13440.0,13440.0,0,0.0,0.0
2024-08-05 10:00:00+09:00,13440.0,13440.0,13150.0,13290.0,705,0.0,0.0
2024-08-05 11:00:00+09:00,13260.0,13320.0,13220.0,13220.0,617,0.0,0.0
2024-08-05 12:00:00+09:00,13220.0,13220.0,12630.0,13120.0,2258,0.0,0.0
2024-08-05 13:00:00+09:00,13050.0,13110.0,12710.0,13050.0,562,0.0,0.0
2024-08-05 14:00:00+09:00,12720.0,13000.0,12310.0,12320.0,3368,0.0,0.0
2024-08-06 09:00:00+09:00,12200.0,13320.0,12130.0,13320.0,1568,0.0,0.0
2024-08-06 10:00:00+09:00,13120.0,13350.0,12950.0,12950.0,680,0.0,0.0
2024-08-06 11:00:00+09:00,13090.0,13100.0,12950.0,13090.0,99,0.0,0.0
2024-08-06 13:00:00+09:00,13000.0,13080.0,12900.0,13080.0,211,0.0,0.0
2024-08-06 14:00:00+09:00,12980.0,13000.0,12890.0,12990.0,122,0.0,0.0
2024-08-07 09:00:00+09:00,13040.0,13250.0,13040.0,13240.0,660,0.0,0.0
2024-08-07 10:00:00+09:00,13050.0,13500.0,13040.0,13500.0,896,0.0,0.0
2024-08-07 11:00:00+09:00,13490.0,13490.0,13490.0,13490.0,5,0.0,0.0
2024-08-07 12:00:00+09:00,13260.0,13430.0,13260.0,13420.0,46,0.0,0.0
2024-08-07 13:00:00+09:00,13400.0,13400.0,13260.0,13390.0,30,0.0,0.0
2024-08-08 09:00:00+09:00,13260.0,13420.0,13060.0,13340.0,568,0.0,0.0
2024-08-08 10:00:00+09:00,13340.0,13350.0,13340.0,13340.0,745,0.0,0.0
2024-08-08 11:00:00+09:00,13340.0,13340.0,13340.0,13340.0,15,0.0,0.0
2024-08-08 12:00:00+09:00,13080.0,13320.0,13080.0,13320.0,0,0.0,0.0
2024-08-08 13:00:00+09:00,13320.0,13320.0,13110.0,13110.0,435,0.0,0.0
2024-08-08 14:00:00+09:00,13110.0,13320.0,13100.0,13320.0,548,0.0,0.0
2024-08-09 09:00:00+09:00,12980.0,13420.0,12980.0,13360.0,3140,0.0,0.0
2024-08-09 10:00:00+09:00,13400.0,13430.0,13350.0,13430.0,1870,0.0,0.0
2024-08-09 11:00:00+09:00,13430.0,13840.0,13430.0,13840.0,424,0.0,0.0
2024-08-09 12:00:00+09:00,13780.0,14700.0,13580.0,13660.0,13515,0.0,0.0
2024-08-09 13:00:00+09:00,13650.0,13980.0,13470.0,13580.0,1575,0.0,0.0
2024-08-09 14:00:00+09:00,13580.0,13790.0,13580.0,13790.0,791,0.0,0.0
2024-08-12 09:00:00+09:00,13990.0,14280.0,13800.0,14060.0,0,0.0,0.0
2024-08-12 10:00:00+09:00,14010.0,14230.0,13960.0,14070.0,2169,0.0,0.0
2024-08-12 11:00:00+09:00,14060.0,14210.0,14000.0,14190.0,1225,0.0,0.0
2024-08-12 12:00:00+09:00,14090.0,14180.0,14030.0,14180.0,86,0.0,0.0
2024-08-12 13:00:00+09:00,14030.0,14170.0,13950.0,14170.0,116,0.0,0.0
2024-08-12 14:00:00+09:00,14050.0,14270.0,14000.0,14070.0,1106,0.0,0.0
2024-08-13 09:00:00+09:00,14150.0,14150.0,13800.0,14080.0,658,0.0,0.0
2024-08-13 10:00:00+09:00,14070.0,14080.0,14010.0,14070.0,1415,0.0,0.0
2024-08-13 11:00:00+09:00,14080.0,14130.0,13990.0,14130.0,1366,0.0,0.0
2024-08-13 12:00:00+09:00,14030.0,14120.0,13950.0,14120.0,337,0.0,0.0
2024-08-13 13:00:00+09:00,14030.0,14120.0,14010.0,14010.0,1262,0.0,0.0
2024-08-13 14:00:00+09:00,14010.0,14100.0,14010.0,14100.0,1223,0.0,0.0
2024-08-14 09:00:00+09:00,14090.0,14400.0,14030.0,14390.0,2796,0.0,0.0
2024-08-14 10:00:00+09:00,14390.0,14390.0,14270.0,14270.0,782,0.0,0.0
2024-08-14 11:00:00+09:00,14250.0,14270.0,14250.0,14270.0,240,0.0,0.0
2024-08-14 12:00:00+09:00,14260.0,14270.0,14120.0,14120.0,3234,0.0,0.0
2024-08-14 13:00:00+09:00,14120.0,14350.0,14110.0,14350.0,370,0.0,0.0
2024-08-14 14:00:00+09:00,14150.0,14350.0,14140.0,14150.0,328,0.0,0.0
2024-08-16 09:00:00+09:00,14160.0,14390.0,13660.0,13720.0,0,0.0,0.0
2024-08-16 10:00:00+09:00,13710.0,14140.0,13700.0,13840.0,2957,0.0,0.0
2024-08-16 11:00:00+09:00,13800.0,13900.0,13690.0,13760.0,4675,0.0,0.0
2024-08-16 12:00:00+09:00,13760.0,13860.0,13650.0,13660.0,1104,0.0,0.0
2024-08-16 13:00:00+09:00,13740.0,14000.0,13580.0,13920.0,3615,0.0,0.0
2024-08-16 14:00:00+09:00,13760.0,13780.0,13350.0,13520.0,5154,0.0,0.0
2024-08-19 09:00:00+09:00,13230.0,13540.0,12900.0,13070.0,0,0.0,0.0
2024-08-19 10:00:00+09:00,13070.0,13070.0,12780.0,12870.0,1176,0.0,0.0
2024-08-19 11:00:00+09:00,12820.0,12970.0,12800.0,12970.0,295,0.0,0.0
2024-08-19 12:00:00+09:00,12970.0,12970.0,12900.0,12930.0,436,0.0,0.0
2024-08-19 13:00:00+09:00,12900.0,12900.0,12610.0,12640.0,3696,0.0,0.0
2024-08-19 14:00:00+09:00,12640.0,12710.0,12510.0,12670.0,2016,0.0,0.0
2024-08-20 09:00:00+09:00,12680.0,13130.0,12520.0,12520.0,2902,0.0,0.0
2024-08-20 10:00:00+09:00,12520.0,12640.0,12330.0,12450.0,992,0.0,0.0
2024-08-20 11:00:00+09:00,12450.0,12490.0,12350.0,12360.0,1909,0.0,0.0
2024-08-20 12:00:00+09:00,12460.0,12460.0,12320.0,12430.0,1839,0.0,0.0
2024-08-20 13:00:00+09:00,12430.0,12460.0,12350.0,12420.0,66,0.0,0.0
2024-08-20 14:00:00+09:00,12410.0,12460.0,12260.0,12300.0,3597,0.0,0.0
2024-08-21 09:00:00+09:00,12340.0,12350.0,12230.0,12350.0,747,0.0,0.0
2024-08-21 10:00:00+09:00,12300.0,12300.0,12200.0,12220.0,1169,0.0,0.0
2024-08-21 11:00:00+09:00,12210.0,12220.0,12150.0,12150.0,609,0.0,0.0
2024-08-21 12:00:00+09:00,12160.0,12340.0,12160.0,12210.0,100,0.0,0.0
2024-08-21 13:00:00+09:00,12160.0,12160.0,11890.0,12040.0,1482,0.0,0.0
2024-08-21 14:00:00+09:00,12030.0,12060.0,11960.0,11970.0,374,0.0,0.0
2024-08-22 09:00:00+09:00,12470.0,12470.0,11840.0,12050.0,465,0.0,0.0
2024-08-22 10:00:00+09:00,12050.0,12050.0,11700.0,11700.0,474,0.0,0.0
2024-08-22 11:00:00+09:00,11830.0,11840.0,11520.0,11750.0,2115,0.0,0.0
2024-08-22 12:00:00+09:00,11690.0,11720.0,11620.0,11700.0,328,0.0,0.0
2024-08-22 13:00:00+09:00,11680.0,11700.0,11610.0,11640.0,1101,0.0,0.0
2024-08-22 14:00:00+09:00,11610.0,11640.0,11420.0,11560.0,2035,0.0,0.0
2024-08-23 09:00:00+09:00,11170.0,12000.0,11170.0,11410.0,3105,0.0,0.0
2024-08-23 10:00:00+09:00,11410.0,11410.0,11170.0,11380.0,1149,0.0,0.0
2024-08-23 11:00:00+09:00,11190.0,11340.0,11170.0,11300.0,739,0.0,0.0
2024-08-23 12:00:00+09:00,11320.0,11400.0,11170.0,11350.0,518,0.0,0.0
2024-08-23 13:00:00+09:00,11380.0,11690.0,11310.0,11500.0,2881,0.0,0.0
2024-08-23 14:00:00+09:00,11500.0,11650.0,11410.0,11460.0,980,0.0,0.0
2024-08-26 09:00:00+09:00,11800.0,11860.0,11430.0,11590.0,0,0.0,0.0
2024-08-26 10:00:00+09:00,11540.0,11650.0,11500.0,11640.0,2483,0.0,0.0
2024-08-26 11:00:00+09:00,11590.0,11630.0,11420.0,11560.0,1053,0.0,0.0
2024-08-26 12:00:00+09:00,11500.0,11650.0,11470.0,11530.0,997,0.0,0.0
2024-08-26 13:00:00+09:00,11530.0,11640.0,11530.0,11580.0,261,0.0,0.0
2024-08-26 14:00:00+09:00,11580.0,11630.0,11520.0,11620.0,668,0.0,0.0
2024-08-27 09:00:00+09:00,12300.0,12300.0,11500.0,11870.0,432,0.0,0.0
2024-08-27 10:00:00+09:00,11790.0,11790.0,11790.0,11790.0,201,0.0,0.0
2024-08-27 11:00:00+09:00,11770.0,11810.0,11770.0,11810.0,0,0.0,0.0
2024-08-27 12:00:00+09:00,11810.0,11860.0,11660.0,11770.0,1198,0.0,0.0
2024-08-27 13:00:00+09:00,11770.0,12150.0,11770.0,11910.0,965,0.0,0.0
2024-08-27 14:00:00+09:00,11910.0,12070.0,11910.0,12050.0,14,0.0,0.0
2024-08-28 09:00:00+09:00,12000.0,12000.0,11670.0,11900.0,228,0.0,0.0
2024-08-28 10:00:00+09:00,11900.0,12000.0,11900.0,11900.0,70,0.0,0.0
2024-08-28 11:00:00+09:00,11900.0,11960.0,11900.0,11950.0,97,0.0,0.0
2024-08-28 12:00:00+09:00,11950.0,11990.0,11940.0,11990.0,119,0.0,0.0
2024-08-28 13:00:00+09:00,11940.0,12000.0,11730.0,11900.0,765,0.0,0.0
2024-08-28 14:00:00+09:00,11850.0,12000.0,11850.0,12000.0,0,0.0,0.0
2024-08-29 09:00:00+09:00,11940.0,11940.0,11600.0,11800.0,7113,0.0,0.0
2024-08-29 10:00:00+09:00,11840.0,11850.0,11840.0,11850.0,0,0.0,0.0
2024-08-29 11:00:00+09:00,11850.0,11860.0,11780.0,11860.0,1163,0.0,0.0
2024-08-29 12:00:00+09:00,11800.0,11820.0,11770.0,11820.0,2279,0.0,0.0
2024-08-29 13:00:00+09:00,11770.0,11920.0,11770.0,11920.0,2108,0.0,0.0
2024-08-29 14:00:00+09:00,11930.0,11930.0,11690.0,11690.0,1837,0.0,0.0
2024-08-30 09:00:00+09:00,12140.0,12190.0,11500.0,11720.0,6326,0.0,0.0
2024-08-30 10:00:00+09:00,11720.0,11800.0,11520.0,11690.0,1487,0.0,0.0
2024-08-30 11:00:00+09:00,11600.0,11670.0,11600.0,11640.0,13,0.0,0.0
2024-08-30 12:00:00+09:00,11640.0,11640.0,11600.0,11640.0,12,0.0,0.0
2024-08-30 13:00:00+09:00,11660.0,11690.0,11170.0,11250.0,4503,0.0,0.0
2024-08-30 14:00:00+09:00,11340.0,11420.0,11210.0,11300.0,1624,0.0,0.0
