Datetime,Open,High,Low,Close,Volume,Dividends,Stock Splits
2024-07-22 09:00:00+09:00,8960.0,8960.0,8960.0,8960.0,0,0.0,0.0
2024-07-22 09:04:00+09:00,9070.0,9070.0,9070.0,9070.0,0,0.0,0.0
2024-07-22 09:05:00+09:00,9040.0,9040.0,9040.0,9040.0,1003,0.0,0.0
2024-07-22 09:06:00+09:00,9070.0,9070.0,9070.0,9070.0,0,0.0,0.0
2024-07-22 09:07:00+09:00,9040.0,9070.0,9040.0,9070.0,403,0.0,0.0
2024-07-22 09:10:00+09:00,9040.0,9070.0,9040.0,9070.0,1432,0.0,0.0
2024-07-22 09:11:00+09:00,9040.0,9040.0,9040.0,9040.0,0,0.0,0.0
2024-07-22 09:12:00+09:00,9040.0,9040.0,9040.0,9040.0,114,0.0,0.0
2024-07-22 09:15:00+09:00,9070.0,9100.0,9070.0,9080.0,1378,0.0,0.0
2024-07-22 09:16:00+09:00,9080.0,9080.0,9080.0,9080.0,99,0.0,0.0
2024-07-22 09:17:00+09:00,9080.0,9080.0,9080.0,9080.0,0,0.0,0.0
2024-07-22 09:20:00+09:00,9090.0,9100.0,9090.0,9100.0,370,0.0,0.0
2024-07-22 09:25:00+09:00,9100.0,9180.0,9100.0,9180.0,265,0.0,0.0
2024-07-22 09:26:00+09:00,9120.0,9120.0,9120.0,9120.0,74,0.0,0.0
2024-07-22 09:30:00+09:00,9120.0,9120.0,9120.0,9120.0,0,0.0,0.0
2024-07-22 09:31:00+09:00,9120.0,9120.0,9120.0,9120.0,29,0.0,0.0
2024-07-22 09:33:00+09:00,9120.0,9120.0,9120.0,9120.0,19,0.0,0.0
2024-07-22 09:34:00+09:00,9120.0,9120.0,9120.0,9120.0,106,0.0,0.0
2024-07-22 09:35:00+09:00,9120.0,9120.0,9120.0,9120.0,0,0.0,0.0
2024-07-22 09:36:00+09:00,9120.0,9120.0,9120.0,9120.0,21,0.0,0.0
2024-07-22 09:37:00+09:00,9110.0,9110.0,9110.0,9110.0,50,0.0,0.0
2024-07-22 09:39:00+09:00,9110.0,9110.0,9110.0,9110.0,200,0.0,0.0
2024-07-22 09:41:00+09:00,9110.0,9110.0,9110.0,9110.0,272,0.0,0.0
2024-07-22 09:43:00+09:00,9100.0,9100.0,9070.0,9070.0,1825,0.0,0.0
2024-07-22 09:44:00+09:00,9070.0,9070.0,9040.0,9040.0,947,0.0,0.0
2024-07-22 09:45:00+09:00,9070.0,9070.0,9070.0,9070.0,0,0.0,0.0
2024-07-22 09:49:00+09:00,9040.0,9040.0,9030.0,9030.0,721,0.0,0.0
2024-07-22 09:50:00+09:00,9070.0,9070.0,9070.0,9070.0,0,0.0,0.0
2024-07-22 09:51:00+09:00,9040.0,9040.0,9030.0,9030.0,400,0.0,0.0
2024-07-22 09:53:00+09:00,9030.0,9030.0,9030.0,9030.0,0,0.0,0.0
2024-07-22 09:57:00+09:00,9020.0,9020.0,9020.0,9020.0,385,0.0,0.0
2024-07-22 10:04:00+09:00,9030.0,9030.0,9010.0,9010.0,0,0.0,0.0
2024-07-22 10:05:00+09:00,9040.0,9070.0,9040.0,9070.0,12,0.0,0.0
2024-07-22 10:07:00+09:00,9070.0,9070.0,9070.0,9070.0,1,0.0,0.0
2024-07-22 10:08:00+09:00,9070.0,9070.0,9070.0,9070.0,2,0.0,0.0
2024-07-22 10:09:00+09:00,9010.0,9010.0,9010.0,9010.0,37,0.0,0.0
2024-07-22 10:14:00+09:00,9010.0,9010.0,9010.0,9010.0,0,0.0,0.0
2024-07-22 10:16:00+09:00,9040.0,9040.0,9040.0,9040.0,1,0.0,0.0
2024-07-22 10:18:00+09:00,9010.0,9010.0,9010.0,9010.0,168,0.0,0.0
2024-07-22 10:20:00+09:00,9000.0,9000.0,9000.0,9000.0,0,0.0,0.0
2024-07-22 10:21:00+09:00,9000.0,9000.0,9000.0,9000.0,30,0.0,0.0
2024-07-22 10:23:00+09:00,9020.0,9070.0,9020.0,9070.0,176,0.0,0.0
2024-07-22 10:25:00+09:00,9070.0,9070.0,9070.0,9070.0,0,0.0,0.0
2024-07-22 10:28:00+09:00,9070.0,9070.0,9070.0,9070.0,169,0.0,0.0
2024-07-22 10:35:00+09:00,9030.0,9030.0,9030.0,9030.0,0,0.0,0.0
2024-07-22 10:38:00+09:00,9030.0,9030.0,9030.0,9030.0,3,0.0,0.0
2024-07-22 10:41:00+09:00,9020.0,9020.0,9020.0,9020.0,86,0.0,0.0
2024-07-22 10:45:00+09:00,9020.0,9020.0,9010.0,9010.0,223,0.0,0.0
2024-07-22 10:46:00+09:00,9010.0,9010.0,9010.0,9010.0,0,0.0,0.0
2024-07-22 10:50:00+09:00,9000.0,9000.0,9000.0,9000.0,255,0.0,0.0
2024-07-22 10:52:00+09:00,8990.0,8990.0,8990.0,8990.0,8,0.0,0.0
2024-07-22 10:55:00+09:00,8990.0,8990.0,8990.0,8990.0,2,0.0,0.0
2024-07-22 10:57:00+09:00,8990.0,8990.0,8950.0,8990.0,885,0.0,0.0
2024-07-22 10:59:00+09:00,8950.0,8950.0,8920.0,8920.0,282,0.0,0.0
2024-07-22 11:00:00+09:00,8980.0,8990.0,8980.0,8990.0,0,0.0,0.0
2024-07-22 11:02:00+09:00,8980.0,8980.0,8980.0,8980.0,9,0.0,0.0
2024-07-22 11:03:00+09:00,8980.0,8980.0,8980.0,8980.0,17,0.0,0.0
2024-07-22 11:05:00+09:00,8980.0,8980.0,8980.0,8980.0,0,0.0,0.0
2024-07-22 11:07:00+09:00,8980.0,8980.0,8980.0,8980.0,0,0.0,0.0
2024-07-22 11:11:00+09:00,8960.0,8960.0,8950.0,8960.0,10336,0.0,0.0
2024-07-22 11:14:00+09:00,8970.0,8970.0,8970.0,8970.0,9,0.0,0.0
2024-07-22 11:18:00+09:00,8970.0,8970.0,8970.0,8970.0,51,0.0,0.0
2024-07-22 11:19:00+09:00,8970.0,8970.0,8970.0,8970.0,0,0.0,0.0
2024-07-22 11:27:00+09:00,8980.0,8980.0,8980.0,8980.0,0,0.0,0.0
2024-07-22 11:29:00+09:00,8980.0,8980.0,8980.0,8980.0,26,0.0,0.0
2024-07-22 11:32:00+09:00,8970.0,8970.0,8970.0,8970.0,0,0.0,0.0
2024-07-22 11:35:00+09:00,8970.0,8970.0,8960.0,8960.0,26,0.0,0.0
2024-07-22 11:36:00+09:00,8950.0,8980.0,8920.0,8980.0,374,0.0,0.0
2024-07-22 11:37:00+09:00,8970.0,8970.0,8970.0,8970.0,1,0.0,0.0
2024-07-22 11:38:00+09:00,8940.0,8940.0,8910.0,8910.0,115,0.0,0.0
2024-07-22 11:42:00+09:00,8940.0,8940.0,8940.0,8940.0,0,0.0,0.0
2024-07-22 11:43:00+09:00,8950.0,8970.0,8950.0,8970.0,119,0.0,0.0
2024-07-22 11:47:00+09:00,8970.0,8970.0,8970.0,8970.0,790,0.0,0.0
2024-07-22 11:49:00+09:00,8970.0,8970.0,8970.0,8970.0,1430,0.0,0.0
2024-07-22 11:58:00+09:00,8940.0,8940.0,8940.0,8940.0,0,0.0,0.0
2024-07-22 12:05:00+09:00,8940.0,8940.0,8940.0,8940.0,7,0.0,0.0
2024-07-22 12:06:00+09:00,8960.0,8960.0,8960.0,8960.0,837,0.0,0.0
2024-07-22 12:08:00+09:00,8960.0,8960.0,8960.0,8960.0,200,0.0,0.0
2024-07-22 12:10:00+09:00,8940.0,8940.0,8930.0,8930.0,0,0.0,0.0
2024-07-22 12:12:00+09:00,8940.0,8940.0,8940.0,8940.0,191,0.0,0.0
2024-07-22 12:13:00+09:00,8930.0,8930.0,8930.0,8930.0,0,0.0,0.0
2024-07-22 12:14:00+09:00,8940.0,8940.0,8940.0,8940.0,1221,0.0,0.0
2024-07-22 12:16:00+09:00,8940.0,8940.0,8920.0,8920.0,0,0.0,0.0
2024-07-22 12:17:00+09:00,8910.0,8910.0,8910.0,8910.0,888,0.0,0.0
2024-07-22 12:20:00+09:00,8910.0,8910.0,8910.0,8910.0,180,0.0,0.0
2024-07-22 12:24:00+09:00,8910.0,8910.0,8910.0,8910.0,0,0.0,0.0
2024-07-22 12:26:00+09:00,8900.0,8900.0,8890.0,8890.0,375,0.0,0.0
2024-07-22 12:27:00+09:00,8890.0,8890.0,8890.0,8890.0,1,0.0,0.0
2024-07-22 12:34:00+09:00,8890.0,8890.0,8890.0,8890.0,72,0.0,0.0
2024-07-22 12:35:00+09:00,8900.0,8900.0,8900.0,8900.0,0,0.0,0.0
2024-07-22 12:45:00+09:00,8900.0,8900.0,8900.0,8900.0,49,0.0,0.0
2024-07-22 12:46:00+09:00,8900.0,8900.0,8900.0,8900.0,5,0.0,0.0
2024-07-22 12:49:00+09:00,8900.0,8900.0,8900.0,8900.0,26,0.0,0.0
2024-07-22 12:50:00+09:00,8900.0,8900.0,8900.0,8900.0,3,0.0,0.0
2024-07-22 12:51:00+09:00,8900.0,8900.0,8900.0,8900.0,49,0.0,0.0
2024-07-22 12:52:00+09:00,8930.0,8950.0,8930.0,8950.0,56,0.0,0.0
2024-07-22 12:55:00+09:00,8950.0,8950.0,8950.0,8950.0,700,0.0,0.0
2024-07-22 12:57:00+09:00,8950.0,8960.0,8950.0,8960.0,0,0.0,0.0
2024-07-22 12:58:00+09:00,8950.0,8950.0,8950.0,8950.0,74,0.0,0.0
2024-07-22 12:59:00+09:00,8950.0,8950.0,8950.0,8950.0,72,0.0,0.0
2024-07-22 13:01:00+09:00,8950.0,8950.0,8950.0,8950.0,0,0.0,0.0
2024-07-22 13:03:00+09:00,8950.0,8950.0,8950.0,8950.0,0,0.0,0.0
2024-07-22 13:06:00+09:00,8950.0,8950.0,8950.0,8950.0,160,0.0,0.0
2024-07-22 13:07:00+09:00,8950.0,8950.0,8950.0,8950.0,0,0.0,0.0
2024-07-22 13:08:00+09:00,8960.0,8960.0,8960.0,8960.0,4,0.0,0.0
2024-07-22 13:10:00+09:00,8950.0,8950.0,8950.0,8950.0,10,0.0,0.0
2024-07-22 13:11:00+09:00,8940.0,8940.0,8910.0,8910.0,98,0.0,0.0
2024-07-22 13:12:00+09:00,8960.0,8960.0,8960.0,8960.0,0,0.0,0.0
2024-07-22 13:18:00+09:00,8950.0,8950.0,8950.0,8950.0,19,0.0,0.0
2024-07-22 13:31:00+09:00,8920.0,8920.0,8920.0,8920.0,0,0.0,0.0
2024-07-22 13:38:00+09:00,8920.0,8920.0,8910.0,8910.0,61,0.0,0.0
2024-07-22 13:46:00+09:00,8920.0,8920.0,8910.0,8910.0,88,0.0,0.0
2024-07-22 13:48:00+09:00,8910.0,8910.0,8910.0,8910.0,203,0.0,0.0
2024-07-22 13:49:00+09:00,8950.0,8950.0,8950.0,8950.0,0,0.0,0.0
2024-07-22 14:05:00+09:00,8950.0,8950.0,8950.0,8950.0,9,0.0,0.0
2024-07-22 14:15:00+09:00,8950.0,8950.0,8950.0,8950.0,13,0.0,0.0
2024-07-22 14:16:00+09:00,8940.0,8940.0,8940.0,8940.0,0,0.0,0.0
2024-07-22 14:17:00+09:00,8930.0,8930.0,8910.0,8910.0,114,0.0,0.0
2024-07-22 14:18:00+09:00,8910.0,8910.0,8910.0,8910.0,0,0.0,0.0
2024-07-22 14:21:00+09:00,8950.0,8950.0,8950.0,8950.0,3,0.0,0.0
2024-07-22 14:23:00+09:00,8910.0,8910.0,8910.0,8910.0,4,0.0,0.0
2024-07-22 14:24:00+09:00,8910.0,8910.0,8910.0,8910.0,0,0.0,0.0
2024-07-22 14:25:00+09:00,8950.0,8950.0,8950.0,8950.0,2,0.0,0.0
2024-07-22 14:27:00+09:00,8950.0,8950.0,8950.0,8950.0,19,0.0,0.0
2024-07-22 14:35:00+09:00,8910.0,8910.0,8910.0,8910.0,323,0.0,0.0
2024-07-22 14:36:00+09:00,8950.0,8950.0,8950.0,8950.0,20,0.0,0.0
2024-07-22 14:37:00+09:00,8950.0,8950.0,8950.0,8950.0,0,0.0,0.0
2024-07-22 14:40:00+09:00,8940.0,8940.0,8940.0,8940.0,5,0.0,0.0
2024-07-22 14:41:00+09:00,8940.0,8940.0,8940.0,8940.0,20,0.0,0.0
2024-07-22 14:42:00+09:00,8940.0,8940.0,8940.0,8940.0,0,0.0,0.0
2024-07-22 14:45:00+09:00,8940.0,8940.0,8940.0,8940.0,17,0.0,0.0
2024-07-22 14:46:00+09:00,8940.0,8940.0,8940.0,8940.0,0,0.0,0.0
2024-07-22 14:47:00+09:00,8920.0,8920.0,8920.0,8920.0,115,0.0,0.0
2024-07-22 14:50:00+09:00,8950.0,8950.0,8950.0,8950.0,0,0.0,0.0
2024-07-22 14:53:00+09:00,8920.0,8920.0,8920.0,8920.0,21,0.0,0.0
2024-07-22 14:54:00+09:00,8950.0,8950.0,8950.0,8950.0,0,0.0,0.0
2024-07-22 14:57:00+09:00,8950.0,8950.0,8950.0,8950.0,199,0.0,0.0
2024-07-22 14:59:00+09:00,8920.0,8920.0,8920.0,8920.0,0,0.0,0.0
2024-07-23 09:00:00+09:00,8810.0,8840.0,8810.0,8840.0,1135,0.0,0.0
2024-07-23 09:01:00+09:00,8840.0,8840.0,8840.0,8840.0,105,0.0,0.0
2024-07-23 09:02:00+09:00,8890.0,8890.0,8880.0,8890.0,0,0.0,0.0
2024-07-23 09:03:00+09:00,8890.0,8900.0,8890.0,8900.0,266,0.0,0.0
2024-07-23 09:04:00+09:00,8930.0,8960.0,8900.0,8960.0,31,0.0,0.0
2024-07-23 09:06:00+09:00,8940.0,8940.0,8940.0,8940.0,146,0.0,0.0
2024-07-23 09:07:00+09:00,8940.0,8940.0,8900.0,8900.0,56,0.0,0.0
2024-07-23 09:08:00+09:00,8940.0,8940.0,8940.0,8940.0,147,0.0,0.0
2024-07-23 09:09:00+09:00,8940.0,8950.0,8940.0,8950.0,0,0.0,0.0
2024-07-23 09:11:00+09:00,8930.0,8930.0,8880.0,8880.0,37,0.0,0.0
2024-07-23 09:14:00+09:00,8890.0,8950.0,8890.0,8950.0,6,0.0,0.0
2024-07-23 09:15:00+09:00,8940.0,8950.0,8940.0,8950.0,11,0.0,0.0
2024-07-23 09:21:00+09:00,8950.0,8960.0,8950.0,8960.0,458,0.0,0.0
2024-07-23 09:22:00+09:00,8890.0,8890.0,8890.0,8890.0,0,0.0,0.0
2024-07-23 09:23:00+09:00,8960.0,8990.0,8960.0,8990.0,115,0.0,0.0
2024-07-23 09:28:00+09:00,8920.0,8920.0,8920.0,8920.0,199,0.0,0.0
2024-07-23 09:29:00+09:00,8910.0,8910.0,8900.0,8900.0,0,0.0,0.0
2024-07-23 09:31:00+09:00,8900.0,8960.0,8900.0,8960.0,189,0.0,0.0
2024-07-23 09:42:00+09:00,8960.0,8970.0,8960.0,8970.0,72,0.0,0.0
2024-07-23 09:52:00+09:00,8910.0,8910.0,8910.0,8910.0,29,0.0,0.0
2024-07-23 09:53:00+09:00,8900.0,8940.0,8900.0,8900.0,14,0.0,0.0
2024-07-23 09:54:00+09:00,8900.0,8940.0,8880.0,8940.0,165,0.0,0.0
2024-07-23 09:56:00+09:00,8940.0,8940.0,8940.0,8940.0,1,0.0,0.0
2024-07-23 09:58:00+09:00,8940.0,8940.0,8940.0,8940.0,39,0.0,0.0
2024-07-23 10:01:00+09:00,8900.0,8900.0,8900.0,8900.0,0,0.0,0.0
2024-07-23 10:04:00+09:00,8900.0,8900.0,8900.0,8900.0,31,0.0,0.0
2024-07-23 10:06:00+09:00,8900.0,8900.0,8900.0,8900.0,49,0.0,0.0
2024-07-23 10:07:00+09:00,8880.0,8890.0,8880.0,8890.0,0,0.0,0.0
2024-07-23 10:08:00+09:00,8900.0,8900.0,8900.0,8900.0,5,0.0,0.0
2024-07-23 10:10:00+09:00,8880.0,8880.0,8880.0,8880.0,37,0.0,0.0
2024-07-23 10:11:00+09:00,8900.0,8900.0,8900.0,8900.0,0,0.0,0.0
2024-07-23 10:12:00+09:00,8880.0,8880.0,8880.0,8880.0,166,0.0,0.0
2024-07-23 10:13:00+09:00,8870.0,8870.0,8860.0,8860.0,60,0.0,0.0
2024-07-23 10:14:00+09:00,8890.0,8890.0,8850.0,8850.0,0,0.0,0.0
2024-07-23 10:15:00+09:00,8850.0,8850.0,8850.0,8850.0,192,0.0,0.0
2024-07-23 10:18:00+09:00,8850.0,8850.0,8850.0,8850.0,0,0.0,0.0
2024-07-23 10:19:00+09:00,8850.0,8850.0,8850.0,8850.0,33,0.0,0.0
2024-07-23 10:20:00+09:00,8850.0,8880.0,8840.0,8880.0,101,0.0,0.0
2024-07-23 10:27:00+09:00,8880.0,8880.0,8880.0,8880.0,2,0.0,0.0
2024-07-23 10:30:00+09:00,8850.0,8850.0,8850.0,8850.0,219,0.0,0.0
2024-07-23 10:31:00+09:00,8880.0,8880.0,8850.0,8850.0,0,0.0,0.0
2024-07-23 10:32:00+09:00,8880.0,8880.0,8850.0,8850.0,0,0.0,0.0
2024-07-23 10:36:00+09:00,8840.0,8850.0,8840.0,8850.0,2,0.0,0.0
2024-07-23 10:37:00+09:00,8840.0,8840.0,8840.0,8840.0,150,0.0,0.0
2024-07-23 10:39:00+09:00,8830.0,8830.0,8830.0,8830.0,128,0.0,0.0
2024-07-23 10:40:00+09:00,8840.0,8840.0,8840.0,8840.0,0,0.0,0.0
2024-07-23 10:41:00+09:00,8840.0,8850.0,8840.0,8850.0,15,0.0,0.0
2024-07-23 10:45:00+09:00,8820.0,8820.0,8820.0,8820.0,73,0.0,0.0
2024-07-23 10:46:00+09:00,8820.0,8820.0,8750.0,8770.0,2402,0.0,0.0
2024-07-23 10:47:00+09:00,8800.0,8800.0,8800.0,8800.0,19,0.0,0.0
2024-07-23 10:48:00+09:00,8820.0,8820.0,8790.0,8790.0,1,0.0,0.0
2024-07-23 10:50:00+09:00,8790.0,8790.0,8770.0,8770.0,148,0.0,0.0
2024-07-23 10:51:00+09:00,8770.0,8770.0,8770.0,8770.0,101,0.0,0.0
2024-07-23 10:52:00+09:00,8770.0,8790.0,8770.0,8790.0,6,0.0,0.0
2024-07-23 10:53:00+09:00,8770.0,8770.0,8770.0,8770.0,100,0.0,0.0
2024-07-23 10:54:00+09:00,8760.0,8760.0,8760.0,8760.0,1215,0.0,0.0
2024-07-23 10:55:00+09:00,8760.0,8790.0,8750.0,8750.0,511,0.0,0.0
2024-07-23 10:57:00+09:00,8790.0,8790.0,8790.0,8790.0,0,0.0,0.0
2024-07-23 10:59:00+09:00,8790.0,8790.0,8760.0,8790.0,104,0.0,0.0
2024-07-23 11:03:00+09:00,8790.0,8790.0,8790.0,8790.0,5,0.0,0.0
2024-07-23 11:08:00+09:00,8770.0,8770.0,8770.0,8770.0,294,0.0,0.0
2024-07-23 11:09:00+09:00,8790.0,8790.0,8790.0,8790.0,0,0.0,0.0
2024-07-23 11:17:00+09:00,8780.0,8780.0,8780.0,8780.0,19,0.0,0.0
2024-07-23 11:18:00+09:00,8790.0,8790.0,8790.0,8790.0,0,0.0,0.0
2024-07-23 11:20:00+09:00,8770.0,8770.0,8770.0,8770.0,151,0.0,0.0
2024-07-23 11:21:00+09:00,8770.0,8770.0,8770.0,8770.0,22,0.0,0.0
2024-07-23 11:22:00+09:00,8790.0,8790.0,8790.0,8790.0,30,0.0,0.0
2024-07-23 11:23:00+09:00,8780.0,8790.0,8780.0,8790.0,82,0.0,0.0
2024-07-23 11:25:00+09:00,8790.0,8790.0,8790.0,8790.0,820,0.0,0.0
2024-07-23 11:26:00+09:00,8840.0,8840.0,8840.0,8840.0,0,0.0,0.0
2024-07-23 11:32:00+09:00,8790.0,8790.0,8790.0,8790.0,16,0.0,0.0
2024-07-23 11:34:00+09:00,8840.0,8840.0,8840.0,8840.0,2,0.0,0.0
2024-07-23 11:35:00+09:00,8840.0,8840.0,8840.0,8840.0,9,0.0,0.0
2024-07-23 12:05:00+09:00,8830.0,8850.0,8830.0,8850.0,595,0.0,0.0
2024-07-23 12:15:00+09:00,8850.0,8850.0,8850.0,8850.0,83,0.0,0.0
2024-07-23 12:25:00+09:00,8810.0,8810.0,8810.0,8810.0,0,0.0,0.0
2024-07-23 12:26:00+09:00,8810.0,8810.0,8780.0,8780.0,484,0.0,0.0
2024-07-23 12:37:00+09:00,8780.0,8780.0,8780.0,8780.0,398,0.0,0.0
2024-07-23 12:40:00+09:00,8780.0,8820.0,8770.0,8820.0,11,0.0,0.0
2024-07-23 12:46:00+09:00,8820.0,8820.0,8820.0,8820.0,1,0.0,0.0
2024-07-23 12:50:00+09:00,8820.0,8820.0,8820.0,8820.0,18,0.0,0.0
2024-07-23 12:52:00+09:00,8820.0,8820.0,8820.0,8820.0,20,0.0,0.0
2024-07-23 13:04:00+09:00,8820.0,8820.0,8820.0,8820.0,0,0.0,0.0
2024-07-23 13:05:00+09:00,8820.0,8820.0,8820.0,8820.0,15,0.0,0.0
2024-07-23 13:06:00+09:00,8820.0,8820.0,8820.0,8820.0,2,0.0,0.0
2024-07-23 13:14:00+09:00,8820.0,8820.0,8820.0,8820.0,39,0.0,0.0
2024-07-23 13:15:00+09:00,8810.0,8810.0,8810.0,8810.0,0,0.0,0.0
2024-07-23 13:17:00+09:00,8810.0,8820.0,8810.0,8820.0,2,0.0,0.0
2024-07-23 13:18:00+09:00,8820.0,8820.0,8820.0,8820.0,7,0.0,0.0
2024-07-23 13:22:00+09:00,8820.0,8820.0,8820.0,8820.0,0,0.0,0.0
2024-07-23 13:27:00+09:00,8820.0,8820.0,8820.0,8820.0,1,0.0,0.0
2024-07-23 13:29:00+09:00,8820.0,8820.0,8820.0,8820.0,45,0.0,0.0
2024-07-23 13:31:00+09:00,8820.0,8820.0,8820.0,8820.0,0,0.0,0.0
2024-07-23 13:39:00+09:00,8810.0,8810.0,8810.0,8810.0,0,0.0,0.0
2024-07-23 13:41:00+09:00,8800.0,8800.0,8800.0,8800.0,0,0.0,0.0
2024-07-23 13:43:00+09:00,8800.0,8820.0,8800.0,8820.0,11393,0.0,0.0
2024-07-23 13:48:00+09:00,8800.0,8800.0,8800.0,8800.0,1,0.0,0.0
2024-07-23 13:49:00+09:00,8820.0,8820.0,8820.0,8820.0,1,0.0,0.0
2024-07-23 14:03:00+09:00,8810.0,8810.0,8810.0,8810.0,399,0.0,0.0
2024-07-23 14:07:00+09:00,8810.0,8810.0,8800.0,8800.0,0,0.0,0.0
2024-07-23 14:08:00+09:00,8800.0,8800.0,8800.0,8800.0,0,0.0,0.0
2024-07-23 14:10:00+09:00,8790.0,8790.0,8750.0,8750.0,1653,0.0,0.0
2024-07-23 14:11:00+09:00,8790.0,8790.0,8790.0,8790.0,0,0.0,0.0
2024-07-23 14:17:00+09:00,8800.0,8800.0,8800.0,8800.0,1,0.0,0.0
2024-07-23 14:22:00+09:00,8760.0,8790.0,8760.0,8790.0,108,0.0,0.0
2024-07-23 14:23:00+09:00,8800.0,8800.0,8800.0,8800.0,1,0.0,0.0
2024-07-23 14:27:00+09:00,8760.0,8760.0,8750.0,8750.0,644,0.0,0.0
2024-07-23 14:28:00+09:00,8790.0,8790.0,8790.0,8790.0,0,0.0,0.0
2024-07-23 14:30:00+09:00,8790.0,8790.0,8790.0,8790.0,1295,0.0,0.0
2024-07-23 14:31:00+09:00,8800.0,8800.0,8800.0,8800.0,0,0.0,0.0
2024-07-23 14:32:00+09:00,8790.0,8790.0,8790.0,8790.0,4,0.0,0.0
2024-07-23 14:33:00+09:00,8790.0,8790.0,8790.0,8790.0,27,0.0,0.0
2024-07-23 14:35:00+09:00,8800.0,8800.0,8800.0,8800.0,1,0.0,0.0
2024-07-23 14:38:00+09:00,8800.0,8810.0,8800.0,8810.0,25,0.0,0.0
2024-07-23 14:41:00+09:00,8790.0,8790.0,8790.0,8790.0,97,0.0,0.0
2024-07-23 14:47:00+09:00,8790.0,8790.0,8790.0,8790.0,10,0.0,0.0
2024-07-23 14:49:00+09:00,8780.0,8780.0,8780.0,8780.0,134,0.0,0.0
2024-07-23 14:51:00+09:00,8780.0,8780.0,8780.0,8780.0,1,0.0,0.0
2024-07-23 14:52:00+09:00,8780.0,8780.0,8780.0,8780.0,19,0.0,0.0
2024-07-23 14:54:00+09:00,8770.0,8770.0,8760.0,8760.0,47,0.0,0.0
2024-07-23 14:56:00+09:00,8760.0,8760.0,8760.0,8760.0,57,0.0,0.0
2024-07-23 14:57:00+09:00,8770.0,8770.0,8770.0,8770.0,0,0.0,0.0
2024-07-23 14:59:00+09:00,8770.0,8770.0,8770.0,8770.0,15,0.0,0.0
2024-07-24 09:00:00+09:00,8710.0,8710.0,8710.0,8710.0,134,0.0,0.0
2024-07-24 09:01:00+09:00,8780.0,8780.0,8780.0,8780.0,167,0.0,0.0
2024-07-24 09:05:00+09:00,8730.0,8770.0,8730.0,8770.0,390,0.0,0.0
2024-07-24 09:12:00+09:00,8770.0,8770.0,8770.0,8770.0,0,0.0,0.0
2024-07-24 09:20:00+09:00,8770.0,8770.0,8750.0,8750.0,4,0.0,0.0
2024-07-24 09:21:00+09:00,8740.0,8740.0,8740.0,8740.0,4,0.0,0.0
2024-07-24 09:27:00+09:00,8740.0,8740.0,8740.0,8740.0,298,0.0,0.0
2024-07-24 09:28:00+09:00,8740.0,8740.0,8730.0,8730.0,232,0.0,0.0
2024-07-24 09:29:00+09:00,8760.0,8760.0,8760.0,8760.0,0,0.0,0.0
2024-07-24 09:32:00+09:00,8740.0,8740.0,8740.0,8740.0,39,0.0,0.0
2024-07-24 09:33:00+09:00,8730.0,8740.0,8730.0,8740.0,0,0.0,0.0
2024-07-24 09:34:00+09:00,8730.0,8740.0,8710.0,8740.0,50,0.0,0.0
2024-07-24 09:35:00+09:00,8710.0,8710.0,8710.0,8710.0,15,0.0,0.0
2024-07-24 09:36:00+09:00,8710.0,8710.0,8710.0,8710.0,98,0.0,0.0
2024-07-24 09:37:00+09:00,8710.0,8710.0,8690.0,8690.0,569,0.0,0.0
2024-07-24 09:38:00+09:00,8740.0,8740.0,8740.0,8740.0,3,0.0,0.0
2024-07-24 09:40:00+09:00,8710.0,8740.0,8630.0,8740.0,3093,0.0,0.0
2024-07-24 09:43:00+09:00,8730.0,8730.0,8730.0,8730.0,34,0.0,0.0
2024-07-24 09:47:00+09:00,8740.0,8740.0,8740.0,8740.0,0,0.0,0.0
2024-07-24 09:51:00+09:00,8740.0,8740.0,8740.0,8740.0,73,0.0,0.0
2024-07-24 09:52:00+09:00,8720.0,8760.0,8720.0,8760.0,2,0.0,0.0
2024-07-24 10:00:00+09:00,8720.0,8720.0,8720.0,8720.0,2,0.0,0.0
2024-07-24 10:01:00+09:00,8750.0,8750.0,8750.0,8750.0,1,0.0,0.0
2024-07-24 10:02:00+09:00,8750.0,8750.0,8750.0,8750.0,247,0.0,0.0
2024-07-24 10:04:00+09:00,8720.0,8720.0,8700.0,8700.0,47,0.0,0.0
2024-07-24 10:05:00+09:00,8700.0,8760.0,8700.0,8760.0,31,0.0,0.0
2024-07-24 10:13:00+09:00,8700.0,8700.0,8700.0,8700.0,19,0.0,0.0
2024-07-24 10:15:00+09:00,8750.0,8750.0,8750.0,8750.0,0,0.0,0.0
2024-07-24 10:16:00+09:00,8750.0,8750.0,8750.0,8750.0,1,0.0,0.0
2024-07-24 10:17:00+09:00,8750.0,8750.0,8750.0,8750.0,1,0.0,0.0
2024-07-24 10:19:00+09:00,8750.0,8750.0,8750.0,8750.0,1,0.0,0.0
2024-07-24 10:29:00+09:00,8700.0,8700.0,8690.0,8690.0,45,0.0,0.0
2024-07-24 10:31:00+09:00,8740.0,8740.0,8740.0,8740.0,0,0.0,0.0
2024-07-24 10:36:00+09:00,8690.0,8690.0,8680.0,8680.0,253,0.0,0.0
2024-07-24 10:37:00+09:00,8740.0,8740.0,8730.0,8730.0,11,0.0,0.0
2024-07-24 10:42:00+09:00,8680.0,8710.0,8680.0,8710.0,3,0.0,0.0
2024-07-24 10:53:00+09:00,8700.0,8700.0,8680.0,8680.0,310,0.0,0.0
2024-07-24 10:54:00+09:00,8670.0,8670.0,8670.0,8670.0,45,0.0,0.0
2024-07-24 10:55:00+09:00,8670.0,8670.0,8650.0,8650.0,345,0.0,0.0
2024-07-24 10:57:00+09:00,8660.0,8660.0,8630.0,8630.0,847,0.0,0.0
2024-07-24 11:01:00+09:00,8640.0,8640.0,8640.0,8640.0,294,0.0,0.0
2024-07-24 11:04:00+09:00,8680.0,8680.0,8680.0,8680.0,0,0.0,0.0
2024-07-24 11:06:00+09:00,8640.0,8640.0,8640.0,8640.0,1,0.0,0.0
2024-07-24 11:08:00+09:00,8640.0,8640.0,8640.0,8640.0,12,0.0,0.0
2024-07-24 11:13:00+09:00,8650.0,8650.0,8650.0,8650.0,19,0.0,0.0
2024-07-24 11:14:00+09:00,8680.0,8680.0,8680.0,8680.0,89,0.0,0.0
2024-07-24 11:15:00+09:00,8680.0,8680.0,8680.0,8680.0,150,0.0,0.0
2024-07-24 11:16:00+09:00,8680.0,8680.0,8680.0,8680.0,0,0.0,0.0
2024-07-24 11:17:00+09:00,8680.0,8680.0,8680.0,8680.0,327,0.0,0.0
2024-07-24 11:19:00+09:00,8670.0,8670.0,8670.0,8670.0,0,0.0,0.0
2024-07-24 11:21:00+09:00,8670.0,8670.0,8670.0,8670.0,16,0.0,0.0
2024-07-24 11:22:00+09:00,8670.0,8670.0,8670.0,8670.0,17,0.0,0.0
2024-07-24 11:23:00+09:00,8660.0,8660.0,8640.0,8640.0,1847,0.0,0.0
2024-07-24 11:26:00+09:00,8660.0,8660.0,8660.0,8660.0,0,0.0,0.0
2024-07-24 11:28:00+09:00,8660.0,8660.0,8660.0,8660.0,11,0.0,0.0
2024-07-24 11:29:00+09:00,8650.0,8650.0,8640.0,8640.0,215,0.0,0.0
2024-07-24 11:30:00+09:00,8650.0,8650.0,8650.0,8650.0,0,0.0,0.0
2024-07-24 11:31:00+09:00,8650.0,8650.0,8650.0,8650.0,0,0.0,0.0
2024-07-24 11:33:00+09:00,8660.0,8660.0,8660.0,8660.0,18,0.0,0.0
2024-07-24 11:34:00+09:00,8650.0,8660.0,8650.0,8660.0,11,0.0,0.0
2024-07-24 11:35:00+09:00,8660.0,8660.0,8650.0,8650.0,2,0.0,0.0
2024-07-24 11:36:00+09:00,8660.0,8660.0,8660.0,8660.0,9,0.0,0.0
2024-07-24 11:38:00+09:00,8650.0,8650.0,8650.0,8650.0,20,0.0,0.0
2024-07-24 11:39:00+09:00,8650.0,8650.0,8650.0,8650.0,60,0.0,0.0
2024-07-24 11:40:00+09:00,8660.0,8660.0,8660.0,8660.0,30,0.0,0.0
2024-07-24 11:41:00+09:00,8650.0,8650.0,8630.0,8630.0,804,0.0,0.0
2024-07-24 11:42:00+09:00,8630.0,8630.0,8630.0,8630.0,8,0.0,0.0
2024-07-24 11:43:00+09:00,8650.0,8650.0,8650.0,8650.0,0,0.0,0.0
2024-07-24 11:45:00+09:00,8630.0,8630.0,8630.0,8630.0,1143,0.0,0.0
2024-07-24 11:47:00+09:00,8630.0,8630.0,8610.0,8610.0,841,0.0,0.0
2024-07-24 11:48:00+09:00,8610.0,8610.0,8600.0,8600.0,785,0.0,0.0
2024-07-24 11:50:00+09:00,8600.0,8610.0,8600.0,8610.0,386,0.0,0.0
2024-07-24 11:51:00+09:00,8600.0,8600.0,8590.0,8590.0,54,0.0,0.0
2024-07-24 11:52:00+09:00,8590.0,8590.0,8590.0,8590.0,76,0.0,0.0
2024-07-24 11:53:00+09:00,8590.0,8590.0,8590.0,8590.0,117,0.0,0.0
2024-07-24 11:56:00+09:00,8590.0,8590.0,8590.0,8590.0,133,0.0,0.0
2024-07-24 11:57:00+09:00,8600.0,8600.0,8590.0,8590.0,51,0.0,0.0
2024-07-24 11:58:00+09:00,8600.0,8600.0,8580.0,8580.0,245,0.0,0.0
2024-07-24 11:59:00+09:00,8580.0,8580.0,8580.0,8580.0,354,0.0,0.0
2024-07-24 12:00:00+09:00,8580.0,8580.0,8570.0,8570.0,74,0.0,0.0
2024-07-24 12:01:00+09:00,8570.0,8570.0,8570.0,8570.0,0,0.0,0.0
2024-07-24 12:04:00+09:00,8580.0,8580.0,8580.0,8580.0,162,0.0,0.0
2024-07-24 12:05:00+09:00,8600.0,8600.0,8600.0,8600.0,0,0.0,0.0
2024-07-24 12:08:00+09:00,8600.0,8600.0,8600.0,8600.0,519,0.0,0.0
2024-07-24 12:10:00+09:00,8580.0,8600.0,8580.0,8580.0,0,0.0,0.0
2024-07-24 12:11:00+09:00,8580.0,8600.0,8580.0,8600.0,40,0.0,0.0
2024-07-24 12:17:00+09:00,8590.0,8600.0,8590.0,8600.0,67,0.0,0.0
2024-07-24 12:19:00+09:00,8580.0,8580.0,8580.0,8580.0,212,0.0,0.0
2024-07-24 12:20:00+09:00,8580.0,8580.0,8580.0,8580.0,350,0.0,0.0
2024-07-24 12:21:00+09:00,8600.0,8600.0,8570.0,8570.0,199,0.0,0.0
2024-07-24 12:22:00+09:00,8560.0,8560.0,8530.0,8530.0,1601,0.0,0.0
2024-07-24 12:23:00+09:00,8530.0,8530.0,8530.0,8530.0,641,0.0,0.0
2024-07-24 12:24:00+09:00,8560.0,8560.0,8560.0,8560.0,10,0.0,0.0
2024-07-24 12:25:00+09:00,8520.0,8560.0,8520.0,8560.0,0,0.0,0.0
2024-07-24 12:29:00+09:00,8560.0,8560.0,8560.0,8560.0,599,0.0,0.0
2024-07-24 12:30:00+09:00,8560.0,8590.0,8560.0,8590.0,0,0.0,0.0
2024-07-24 12:35:00+09:00,8580.0,8600.0,8580.0,8600.0,71,0.0,0.0
2024-07-24 12:36:00+09:00,8630.0,8630.0,8630.0,8630.0,0,0.0,0.0
2024-07-24 12:38:00+09:00,8630.0,8630.0,8630.0,8630.0,29,0.0,0.0
2024-07-24 12:40:00+09:00,8630.0,8630.0,8630.0,8630.0,5,0.0,0.0
2024-07-24 12:41:00+09:00,8580.0,8580.0,8580.0,8580.0,152,0.0,0.0
2024-07-24 12:42:00+09:00,8630.0,8630.0,8630.0,8630.0,0,0.0,0.0
2024-07-24 12:43:00+09:00,8570.0,8570.0,8570.0,8570.0,129,0.0,0.0
2024-07-24 12:44:00+09:00,8630.0,8630.0,8630.0,8630.0,0,0.0,0.0
2024-07-24 12:45:00+09:00,8560.0,8630.0,8560.0,8630.0,19,0.0,0.0
2024-07-24 12:46:00+09:00,8560.0,8630.0,8550.0,8620.0,376,0.0,0.0
2024-07-24 12:47:00+09:00,8630.0,8630.0,8630.0,8630.0,1,0.0,0.0
2024-07-24 12:52:00+09:00,8610.0,8610.0,8610.0,8610.0,2,0.0,0.0
2024-07-24 12:54:00+09:00,8590.0,8590.0,8540.0,8590.0,333,0.0,0.0
2024-07-24 12:55:00+09:00,8540.0,8540.0,8540.0,8540.0,490,0.0,0.0
2024-07-24 12:56:00+09:00,8570.0,8570.0,8530.0,8530.0,108,0.0,0.0
2024-07-24 12:57:00+09:00,8560.0,8560.0,8560.0,8560.0,0,0.0,0.0
2024-07-24 12:59:00+09:00,8560.0,8560.0,8560.0,8560.0,9,0.0,0.0
2024-07-24 13:00:00+09:00,8550.0,8560.0,8550.0,8560.0,82,0.0,0.0
2024-07-24 13:02:00+09:00,8560.0,8590.0,8560.0,8590.0,0,0.0,0.0
2024-07-24 13:07:00+09:00,8590.0,8590.0,8590.0,8590.0,100,0.0,0.0
2024-07-24 13:09:00+09:00,8560.0,8560.0,8560.0,8560.0,18,0.0,0.0
2024-07-24 13:10:00+09:00,8580.0,8580.0,8580.0,8580.0,1,0.0,0.0
2024-07-24 13:11:00+09:00,8560.0,8560.0,8560.0,8560.0,7,0.0,0.0
2024-07-24 13:15:00+09:00,8580.0,8580.0,8580.0,8580.0,0,0.0,0.0
2024-07-24 13:18:00+09:00,8560.0,8560.0,8560.0,8560.0,65,0.0,0.0
2024-07-24 13:21:00+09:00,8560.0,8560.0,8510.0,8550.0,454,0.0,0.0
2024-07-24 13:22:00+09:00,8510.0,8510.0,8500.0,8510.0,448,0.0,0.0
2024-07-24 13:23:00+09:00,8490.0,8510.0,8450.0,8490.0,670,0.0,0.0
2024-07-24 13:24:00+09:00,8460.0,8490.0,8450.0,8450.0,1058,0.0,0.0
2024-07-24 13:26:00+09:00,8480.0,8480.0,8480.0,8480.0,0,0.0,0.0
2024-07-24 13:28:00+09:00,8480.0,8480.0,8480.0,8480.0,2,0.0,0.0
2024-07-24 13:29:00+09:00,8480.0,8490.0,8480.0,8490.0,76,0.0,0.0
2024-07-24 13:30:00+09:00,8490.0,8550.0,8490.0,8550.0,15,0.0,0.0
2024-07-24 13:32:00+09:00,8540.0,8540.0,8540.0,8540.0,111,0.0,0.0
2024-07-24 13:33:00+09:00,8540.0,8540.0,8540.0,8540.0,0,0.0,0.0
2024-07-24 13:39:00+09:00,8510.0,8510.0,8510.0,8510.0,26,0.0,0.0
2024-07-24 13:40:00+09:00,8540.0,8540.0,8540.0,8540.0,0,0.0,0.0
2024-07-24 13:43:00+09:00,8530.0,8530.0,8530.0,8530.0,2,0.0,0.0
2024-07-24 13:46:00+09:00,8520.0,8520.0,8510.0,8510.0,41,0.0,0.0
2024-07-24 13:47:00+09:00,8530.0,8540.0,8530.0,8540.0,34,0.0,0.0
2024-07-24 13:49:00+09:00,8540.0,8540.0,8540.0,8540.0,7,0.0,0.0
2024-07-24 13:51:00+09:00,8520.0,8520.0,8520.0,8520.0,6,0.0,0.0
2024-07-24 13:55:00+09:00,8520.0,8520.0,8520.0,8520.0,28,0.0,0.0
2024-07-24 13:56:00+09:00,8530.0,8530.0,8530.0,8530.0,0,0.0,0.0
2024-07-24 13:57:00+09:00,8530.0,8530.0,8530.0,8530.0,411,0.0,0.0
2024-07-24 13:58:00+09:00,8540.0,8560.0,8540.0,8560.0,247,0.0,0.0
2024-07-24 14:00:00+09:00,8570.0,8570.0,8570.0,8570.0,0,0.0,0.0
2024-07-24 14:01:00+09:00,8540.0,8540.0,8540.0,8540.0,19,0.0,0.0
2024-07-24 14:02:00+09:00,8570.0,8570.0,8570.0,8570.0,0,0.0,0.0
2024-07-24 14:03:00+09:00,8570.0,8570.0,8570.0,8570.0,11,0.0,0.0
2024-07-24 14:04:00+09:00,8570.0,8570.0,8540.0,8540.0,148,0.0,0.0
2024-07-24 14:07:00+09:00,8540.0,8540.0,8540.0,8540.0,1,0.0,0.0
2024-07-24 14:09:00+09:00,8540.0,8540.0,8530.0,8530.0,48,0.0,0.0
2024-07-24 14:11:00+09:00,8530.0,8530.0,8530.0,8530.0,945,0.0,0.0
2024-07-24 14:16:00+09:00,8540.0,8540.0,8540.0,8540.0,0,0.0,0.0
2024-07-24 14:17:00+09:00,8540.0,8540.0,8540.0,8540.0,47,0.0,0.0
2024-07-24 14:23:00+09:00,8540.0,8540.0,8540.0,8540.0,1,0.0,0.0
2024-07-24 14:24:00+09:00,8530.0,8530.0,8530.0,8530.0,405,0.0,0.0
2024-07-24 14:27:00+09:00,8540.0,8540.0,8540.0,8540.0,0,0.0,0.0
2024-07-24 14:29:00+09:00,8540.0,8540.0,8540.0,8540.0,859,0.0,0.0
2024-07-24 14:35:00+09:00,8530.0,8530.0,8530.0,8530.0,0,0.0,0.0
2024-07-24 14:37:00+09:00,8530.0,8530.0,8530.0,8530.0,90,0.0,0.0
2024-07-24 14:42:00+09:00,8530.0,8540.0,8530.0,8540.0,85,0.0,0.0
2024-07-24 14:43:00+09:00,8530.0,8540.0,8530.0,8540.0,133,0.0,0.0
2024-07-24 14:44:00+09:00,8540.0,8540.0,8540.0,8540.0,583,0.0,0.0
2024-07-24 14:49:00+09:00,8540.0,8540.0,8540.0,8540.0,0,0.0,0.0
2024-07-24 14:50:00+09:00,8540.0,8540.0,8540.0,8540.0,11,0.0,0.0
2024-07-24 14:52:00+09:00,8540.0,8540.0,8540.0,8540.0,12,0.0,0.0
2024-07-24 14:57:00+09:00,8540.0,8550.0,8540.0,8550.0,43,0.0,0.0
2024-07-24 14:58:00+09:00,8560.0,8560.0,8560.0,8560.0,42,0.0,0.0
2024-07-25 09:00:00+09:00,8410.0,8410.0,8410.0,8410.0,481,0.0,0.0
2024-07-25 09:01:00+09:00,8450.0,8450.0,8440.0,8440.0,20,0.0,0.0
2024-07-25 09:02:00+09:00,8410.0,8410.0,8400.0,8400.0,980,0.0,0.0
2024-07-25 09:03:00+09:00,8390.0,8400.0,8390.0,8400.0,147,0.0,0.0
2024-07-25 09:04:00+09:00,8420.0,8430.0,8420.0,8430.0,141,0.0,0.0
2024-07-25 09:07:00+09:00,8400.0,8400.0,8390.0,8400.0,361,0.0,0.0
2024-07-25 09:08:00+09:00,8400.0,8400.0,8350.0,8400.0,807,0.0,0.0
2024-07-25 09:09:00+09:00,8390.0,8390.0,8390.0,8390.0,24,0.0,0.0
2024-07-25 09:10:00+09:00,8400.0,8400.0,8400.0,8400.0,0,0.0,0.0
2024-07-25 09:11:00+09:00,8390.0,8400.0,8390.0,8400.0,721,0.0,0.0
2024-07-25 09:12:00+09:00,8400.0,8400.0,8400.0,8400.0,0,0.0,0.0
2024-07-25 09:14:00+09:00,8400.0,8400.0,8400.0,8400.0,1100,0.0,0.0
2024-07-25 09:15:00+09:00,8400.0,8400.0,8400.0,8400.0,0,0.0,0.0
2024-07-25 09:16:00+09:00,8370.0,8370.0,8360.0,8360.0,104,0.0,0.0
2024-07-25 09:18:00+09:00,8360.0,8360.0,8340.0,8340.0,503,0.0,0.0
2024-07-25 09:19:00+09:00,8340.0,8370.0,8330.0,8370.0,2137,0.0,0.0
2024-07-25 09:20:00+09:00,8330.0,8330.0,8330.0,8330.0,0,0.0,0.0
2024-07-25 09:21:00+09:00,8330.0,8340.0,8330.0,8330.0,260,0.0,0.0
2024-07-25 09:22:00+09:00,8340.0,8340.0,8280.0,8280.0,1411,0.0,0.0
2024-07-25 09:23:00+09:00,8280.0,8280.0,8230.0,8230.0,304,0.0,0.0
2024-07-25 09:24:00+09:00,8300.0,8310.0,8300.0,8310.0,182,0.0,0.0
2024-07-25 09:25:00+09:00,8310.0,8370.0,8300.0,8300.0,409,0.0,0.0
2024-07-25 09:26:00+09:00,8300.0,8300.0,8300.0,8300.0,0,0.0,0.0
2024-07-25 09:27:00+09:00,8280.0,8280.0,8260.0,8260.0,14,0.0,0.0
2024-07-25 09:28:00+09:00,8280.0,8280.0,8280.0,8280.0,4,0.0,0.0
2024-07-25 09:29:00+09:00,8280.0,8280.0,8280.0,8280.0,2,0.0,0.0
2024-07-25 09:30:00+09:00,8260.0,8280.0,8240.0,8250.0,285,0.0,0.0
2024-07-25 09:31:00+09:00,8240.0,8280.0,8240.0,8280.0,1072,0.0,0.0
2024-07-25 09:32:00+09:00,8230.0,8280.0,8200.0,8280.0,501,0.0,0.0
2024-07-25 09:34:00+09:00,8260.0,8280.0,8260.0,8280.0,1060,0.0,0.0
2024-07-25 09:36:00+09:00,8240.0,8240.0,8240.0,8240.0,5,0.0,0.0
2024-07-25 09:37:00+09:00,8230.0,8230.0,8230.0,8230.0,110,0.0,0.0
2024-07-25 09:38:00+09:00,8230.0,8270.0,8230.0,8270.0,434,0.0,0.0
2024-07-25 09:39:00+09:00,8270.0,8270.0,8260.0,8260.0,21,0.0,0.0
2024-07-25 09:40:00+09:00,8260.0,8260.0,8260.0,8260.0,59,0.0,0.0
2024-07-25 09:41:00+09:00,8260.0,8260.0,8250.0,8250.0,195,0.0,0.0
2024-07-25 09:42:00+09:00,8250.0,8250.0,8250.0,8250.0,150,0.0,0.0
2024-07-25 09:43:00+09:00,8260.0,8260.0,8260.0,8260.0,0,0.0,0.0
2024-07-25 09:44:00+09:00,8260.0,8270.0,8260.0,8270.0,490,0.0,0.0
2024-07-25 09:45:00+09:00,8270.0,8270.0,8270.0,8270.0,0,0.0,0.0
2024-07-25 09:46:00+09:00,8270.0,8290.0,8270.0,8290.0,33,0.0,0.0
2024-07-25 09:48:00+09:00,8290.0,8340.0,8290.0,8340.0,122,0.0,0.0
2024-07-25 09:49:00+09:00,8270.0,8270.0,8270.0,8270.0,200,0.0,0.0
2024-07-25 09:50:00+09:00,8340.0,8340.0,8320.0,8340.0,0,0.0,0.0
2024-07-25 09:51:00+09:00,8340.0,8340.0,8340.0,8340.0,1,0.0,0.0
2024-07-25 09:53:00+09:00,8340.0,8340.0,8340.0,8340.0,34,0.0,0.0
2024-07-25 09:54:00+09:00,8340.0,8340.0,8340.0,8340.0,0,0.0,0.0
2024-07-25 09:55:00+09:00,8340.0,8340.0,8340.0,8340.0,5,0.0,0.0
2024-07-25 10:00:00+09:00,8270.0,8270.0,8250.0,8250.0,161,0.0,0.0
2024-07-25 10:01:00+09:00,8330.0,8330.0,8330.0,8330.0,0,0.0,0.0
2024-07-25 10:07:00+09:00,8270.0,8270.0,8230.0,8230.0,702,0.0,0.0
2024-07-25 10:10:00+09:00,8240.0,8240.0,8230.0,8230.0,812,0.0,0.0
2024-07-25 10:12:00+09:00,8230.0,8290.0,8230.0,8290.0,0,0.0,0.0
2024-07-25 10:13:00+09:00,8290.0,8290.0,8290.0,8290.0,5,0.0,0.0
2024-07-25 10:16:00+09:00,8230.0,8230.0,8230.0,8230.0,21,0.0,0.0
2024-07-25 10:19:00+09:00,8290.0,8290.0,8290.0,8290.0,1,0.0,0.0
2024-07-25 10:20:00+09:00,8280.0,8280.0,8280.0,8280.0,2,0.0,0.0
2024-07-25 10:21:00+09:00,8230.0,8230.0,8230.0,8230.0,305,0.0,0.0
2024-07-25 10:22:00+09:00,8230.0,8230.0,8220.0,8230.0,262,0.0,0.0
2024-07-25 10:24:00+09:00,8220.0,8220.0,8220.0,8220.0,239,0.0,0.0
2024-07-25 10:25:00+09:00,8230.0,8230.0,8220.0,8220.0,180,0.0,0.0
2024-07-25 10:26:00+09:00,8220.0,8220.0,8210.0,8210.0,39,0.0,0.0
2024-07-25 10:28:00+09:00,8270.0,8270.0,8270.0,8270.0,0,0.0,0.0
2024-07-25 10:36:00+09:00,8270.0,8270.0,8270.0,8270.0,39,0.0,0.0
2024-07-25 10:43:00+09:00,8270.0,8270.0,8270.0,8270.0,4,0.0,0.0
2024-07-25 10:45:00+09:00,8220.0,8270.0,8220.0,8270.0,1,0.0,0.0
2024-07-25 10:46:00+09:00,8270.0,8270.0,8270.0,8270.0,2,0.0,0.0
2024-07-25 10:52:00+09:00,8270.0,8270.0,8270.0,8270.0,1,0.0,0.0
2024-07-25 10:54:00+09:00,8230.0,8270.0,8210.0,8270.0,1701,0.0,0.0
2024-07-25 10:55:00+09:00,8210.0,8210.0,8210.0,8210.0,1,0.0,0.0
2024-07-25 10:57:00+09:00,8270.0,8270.0,8270.0,8270.0,195,0.0,0.0
2024-07-25 11:00:00+09:00,8270.0,8270.0,8240.0,8240.0,55,0.0,0.0
2024-07-25 11:01:00+09:00,8280.0,8280.0,8280.0,8280.0,0,0.0,0.0
2024-07-25 11:04:00+09:00,8280.0,8280.0,8280.0,8280.0,110,0.0,0.0
2024-07-25 11:08:00+09:00,8260.0,8290.0,8260.0,8290.0,324,0.0,0.0
2024-07-25 11:09:00+09:00,8260.0,8260.0,8200.0,8250.0,1790,0.0,0.0
2024-07-25 11:10:00+09:00,8270.0,8270.0,8200.0,8200.0,1126,0.0,0.0
2024-07-25 11:11:00+09:00,8240.0,8260.0,8240.0,8260.0,0,0.0,0.0
2024-07-25 11:17:00+09:00,8250.0,8250.0,8250.0,8250.0,1,0.0,0.0
2024-07-25 11:18:00+09:00,8260.0,8260.0,8260.0,8260.0,1,0.0,0.0
2024-07-25 11:19:00+09:00,8260.0,8310.0,8260.0,8290.0,1193,0.0,0.0
2024-07-25 11:21:00+09:00,8310.0,8340.0,8310.0,8340.0,640,0.0,0.0
2024-07-25 11:22:00+09:00,8340.0,8360.0,8340.0,8360.0,439,0.0,0.0
2024-07-25 11:25:00+09:00,8360.0,8360.0,8360.0,8360.0,30,0.0,0.0
2024-07-25 11:27:00+09:00,8340.0,8360.0,8340.0,8360.0,37,0.0,0.0
2024-07-25 11:29:00+09:00,8360.0,8430.0,8360.0,8430.0,62,0.0,0.0
2024-07-25 11:30:00+09:00,8430.0,8450.0,8430.0,8450.0,15,0.0,0.0
2024-07-25 11:31:00+09:00,8370.0,8420.0,8360.0,8420.0,46,0.0,0.0
2024-07-25 11:36:00+09:00,8430.0,8430.0,8430.0,8430.0,1,0.0,0.0
2024-07-25 11:44:00+09:00,8430.0,8470.0,8430.0,8470.0,200,0.0,0.0
2024-07-25 11:45:00+09:00,8490.0,8540.0,8490.0,8540.0,3,0.0,0.0
2024-07-25 11:48:00+09:00,8520.0,8520.0,8520.0,8520.0,38,0.0,0.0
2024-07-25 11:49:00+09:00,8520.0,8540.0,8520.0,8540.0,443,0.0,0.0
2024-07-25 11:51:00+09:00,8520.0,8530.0,8520.0,8530.0,188,0.0,0.0
2024-07-25 11:52:00+09:00,8540.0,8660.0,8540.0,8660.0,474,0.0,0.0
2024-07-25 11:53:00+09:00,8660.0,8730.0,8660.0,8720.0,529,0.0,0.0
2024-07-25 11:54:00+09:00,8700.0,8700.0,8700.0,8700.0,0,0.0,0.0
2024-07-25 11:55:00+09:00,8700.0,8720.0,8690.0,8690.0,203,0.0,0.0
2024-07-25 11:56:00+09:00,8680.0,8700.0,8680.0,8700.0,209,0.0,0.0
2024-07-25 11:57:00+09:00,8690.0,8700.0,8690.0,8700.0,387,0.0,0.0
2024-07-25 12:04:00+09:00,8700.0,8700.0,8700.0,8700.0,185,0.0,0.0
2024-07-25 12:08:00+09:00,8690.0,8690.0,8690.0,8690.0,1212,0.0,0.0
2024-07-25 12:12:00+09:00,8690.0,8740.0,8690.0,8690.0,363,0.0,0.0
2024-07-25 12:13:00+09:00,8740.0,8740.0,8740.0,8740.0,0,0.0,0.0
2024-07-25 12:14:00+09:00,8740.0,8740.0,8740.0,8740.0,1021,0.0,0.0
2024-07-25 12:15:00+09:00,8750.0,8750.0,8740.0,8740.0,0,0.0,0.0
2024-07-25 12:16:00+09:00,8750.0,8750.0,8740.0,8740.0,1650,0.0,0.0
2024-07-25 12:17:00+09:00,8740.0,8740.0,8740.0,8740.0,23,0.0,0.0
2024-07-25 12:19:00+09:00,8740.0,8740.0,8740.0,8740.0,45,0.0,0.0
2024-07-25 12:20:00+09:00,8710.0,8750.0,8710.0,8750.0,51,0.0,0.0
2024-07-25 12:22:00+09:00,8750.0,8750.0,8750.0,8750.0,1217,0.0,0.0
2024-07-25 12:25:00+09:00,8710.0,8710.0,8700.0,8700.0,0,0.0,0.0
2024-07-25 12:26:00+09:00,8740.0,8740.0,8740.0,8740.0,0,0.0,0.0
2024-07-25 12:31:00+09:00,8640.0,8640.0,8640.0,8640.0,1,0.0,0.0
2024-07-25 12:32:00+09:00,8640.0,8740.0,8640.0,8740.0,4,0.0,0.0
2024-07-25 12:33:00+09:00,8740.0,8750.0,8740.0,8750.0,1000,0.0,0.0
2024-07-25 12:36:00+09:00,8640.0,8640.0,8640.0,8640.0,1,0.0,0.0
2024-07-25 12:37:00+09:00,8730.0,8730.0,8730.0,8730.0,2,0.0,0.0
2024-07-25 12:38:00+09:00,8720.0,8720.0,8720.0,8720.0,2,0.0,0.0
2024-07-25 12:42:00+09:00,8650.0,8720.0,8650.0,8720.0,2,0.0,0.0
2024-07-25 12:52:00+09:00,8720.0,8720.0,8720.0,8720.0,239,0.0,0.0
2024-07-25 12:59:00+09:00,8700.0,8710.0,8700.0,8710.0,382,0.0,0.0
2024-07-25 13:08:00+09:00,8650.0,8650.0,8650.0,8650.0,756,0.0,0.0
2024-07-25 13:10:00+09:00,8690.0,8690.0,8690.0,8690.0,0,0.0,0.0
2024-07-25 13:11:00+09:00,8690.0,8690.0,8690.0,8690.0,0,0.0,0.0
2024-07-25 13:20:00+09:00,8640.0,8640.0,8610.0,8610.0,159,0.0,0.0
2024-07-25 13:26:00+09:00,8680.0,8680.0,8680.0,8680.0,2,0.0,0.0
2024-07-25 14:07:00+09:00,8610.0,8610.0,8610.0,8610.0,19,0.0,0.0
2024-07-25 14:08:00+09:00,8660.0,8660.0,8660.0,8660.0,0,0.0,0.0
2024-07-25 14:26:00+09:00,8630.0,8630.0,8630.0,8630.0,15,0.0,0.0
2024-07-25 14:27:00+09:00,8620.0,8620.0,8610.0,8610.0,134,0.0,0.0
2024-07-25 14:36:00+09:00,8600.0,8610.0,8580.0,8610.0,113,0.0,0.0
2024-07-25 14:37:00+09:00,8580.0,8580.0,8580.0,8580.0,4,0.0,0.0
2024-07-25 14:38:00+09:00,8580.0,8580.0,8580.0,8580.0,0,0.0,0.0
2024-07-25 14:39:00+09:00,8610.0,8610.0,8580.0,8580.0,35,0.0,0.0
2024-07-25 14:40:00+09:00,8610.0,8610.0,8610.0,8610.0,0,0.0,0.0
2024-07-25 14:42:00+09:00,8580.0,8580.0,8440.0,8440.0,186,0.0,0.0
2024-07-25 14:44:00+09:00,8600.0,8600.0,8600.0,8600.0,0,0.0,0.0
2024-07-25 14:51:00+09:00,8600.0,8600.0,8600.0,8600.0,1,0.0,0.0
2024-07-25 14:54:00+09:00,8540.0,8540.0,8540.0,8540.0,1,0.0,0.0
2024-07-25 14:56:00+09:00,8540.0,8580.0,8470.0,8580.0,101,0.0,0.0
2024-07-26 09:00:00+09:00,8550.0,8550.0,8550.0,8550.0,100,0.0,0.0
2024-07-26 09:01:00+09:00,8550.0,8550.0,8500.0,8500.0,1015,0.0,0.0
2024-07-26 09:02:00+09:00,8450.0,8450.0,8450.0,8450.0,0,0.0,0.0
2024-07-26 09:03:00+09:00,8550.0,8550.0,8550.0,8550.0,1,0.0,0.0
2024-07-26 09:04:00+09:00,8550.0,8680.0,8550.0,8680.0,78,0.0,0.0
2024-07-26 09:05:00+09:00,8690.0,8690.0,8680.0,8680.0,334,0.0,0.0
2024-07-26 09:13:00+09:00,8520.0,8670.0,8510.0,8670.0,68,0.0,0.0
2024-07-26 09:15:00+09:00,8520.0,8520.0,8520.0,8520.0,573,0.0,0.0
2024-07-26 09:16:00+09:00,8660.0,8660.0,8660.0,8660.0,0,0.0,0.0
2024-07-26 09:17:00+09:00,8510.0,8620.0,8510.0,8620.0,2,0.0,0.0
2024-07-26 09:20:00+09:00,8610.0,8620.0,8610.0,8620.0,16,0.0,0.0
2024-07-26 09:22:00+09:00,8530.0,8530.0,8530.0,8530.0,351,0.0,0.0
2024-07-26 09:23:00+09:00,8620.0,8620.0,8620.0,8620.0,0,0.0,0.0
2024-07-26 09:28:00+09:00,8620.0,8620.0,8620.0,8620.0,6,0.0,0.0
2024-07-26 09:35:00+09:00,8620.0,8620.0,8550.0,8550.0,251,0.0,0.0
2024-07-26 09:36:00+09:00,8610.0,8620.0,8610.0,8620.0,0,0.0,0.0
2024-07-26 09:40:00+09:00,8550.0,8550.0,8550.0,8550.0,20,0.0,0.0
2024-07-26 09:43:00+09:00,8590.0,8590.0,8590.0,8590.0,0,0.0,0.0
2024-07-26 09:48:00+09:00,8550.0,8570.0,8550.0,8570.0,1945,0.0,0.0
2024-07-26 09:53:00+09:00,8570.0,8570.0,8570.0,8570.0,11,0.0,0.0
2024-07-26 09:54:00+09:00,8580.0,8580.0,8580.0,8580.0,0,0.0,0.0
2024-07-26 09:58:00+09:00,8580.0,8590.0,8580.0,8590.0,346,0.0,0.0
2024-07-26 09:59:00+09:00,8590.0,8600.0,8590.0,8600.0,0,0.0,0.0
2024-07-26 10:00:00+09:00,8600.0,8600.0,8600.0,8600.0,20,0.0,0.0
2024-07-26 10:07:00+09:00,8600.0,8600.0,8600.0,8600.0,90,0.0,0.0
2024-07-26 10:09:00+09:00,8600.0,8600.0,8600.0,8600.0,0,0.0,0.0
2024-07-26 10:10:00+09:00,8600.0,8620.0,8600.0,8620.0,316,0.0,0.0
2024-07-26 10:12:00+09:00,8600.0,8600.0,8600.0,8600.0,0,0.0,0.0
2024-07-26 10:15:00+09:00,8620.0,8620.0,8620.0,8620.0,0,0.0,0.0
2024-07-26 10:16:00+09:00,8620.0,8620.0,8620.0,8620.0,2,0.0,0.0
2024-07-26 10:19:00+09:00,8610.0,8610.0,8610.0,8610.0,0,0.0,0.0
2024-07-26 10:20:00+09:00,8610.0,8610.0,8610.0,8610.0,2,0.0,0.0
2024-07-26 10:21:00+09:00,8610.0,8610.0,8610.0,8610.0,101,0.0,0.0
2024-07-26 10:22:00+09:00,8600.0,8600.0,8600.0,8600.0,88,0.0,0.0
2024-07-26 10:23:00+09:00,8600.0,8600.0,8600.0,8600.0,0,0.0,0.0
2024-07-26 10:25:00+09:00,8570.0,8570.0,8570.0,8570.0,0,0.0,0.0
2024-07-26 10:26:00+09:00,8560.0,8560.0,8560.0,8560.0,2,0.0,0.0
2024-07-26 10:28:00+09:00,8610.0,8610.0,8610.0,8610.0,1,0.0,0.0
2024-07-26 10:37:00+09:00,8610.0,8610.0,8610.0,8610.0,1,0.0,0.0
2024-07-26 10:46:00+09:00,8610.0,8610.0,8600.0,8600.0,23,0.0,0.0
2024-07-26 10:49:00+09:00,8600.0,8610.0,8600.0,8610.0,18,0.0,0.0
2024-07-26 10:53:00+09:00,8600.0,8610.0,8600.0,8610.0,2,0.0,0.0
2024-07-26 10:55:00+09:00,8600.0,8610.0,8600.0,8610.0,3,0.0,0.0
2024-07-26 10:58:00+09:00,8600.0,8600.0,8560.0,8560.0,122,0.0,0.0
2024-07-26 11:03:00+09:00,8610.0,8610.0,8610.0,8610.0,0,0.0,0.0
2024-07-26 11:05:00+09:00,8610.0,8610.0,8610.0,8610.0,1,0.0,0.0
2024-07-26 11:06:00+09:00,8610.0,8610.0,8610.0,8610.0,4,0.0,0.0
2024-07-26 11:07:00+09:00,8560.0,8610.0,8550.0,8610.0,15,0.0,0.0
2024-07-26 11:15:00+09:00,8610.0,8610.0,8610.0,8610.0,99,0.0,0.0
2024-07-26 11:18:00+09:00,8610.0,8610.0,8610.0,8610.0,0,0.0,0.0
2024-07-26 11:24:00+09:00,8600.0,8610.0,8600.0,8610.0,333,0.0,0.0
2024-07-26 11:26:00+09:00,8620.0,8620.0,8620.0,8620.0,0,0.0,0.0
2024-07-26 11:27:00+09:00,8620.0,8620.0,8620.0,8620.0,59,0.0,0.0
2024-07-26 11:35:00+09:00,8620.0,8620.0,8620.0,8620.0,1,0.0,0.0
2024-07-26 11:56:00+09:00,8590.0,8590.0,8550.0,8550.0,16,0.0,0.0
2024-07-26 11:58:00+09:00,8610.0,8610.0,8610.0,8610.0,0,0.0,0.0
2024-07-26 12:24:00+09:00,8600.0,8600.0,8600.0,8600.0,7,0.0,0.0
2024-07-26 12:25:00+09:00,8600.0,8600.0,8600.0,8600.0,0,0.0,0.0
2024-07-26 12:32:00+09:00,8600.0,8600.0,8600.0,8600.0,292,0.0,0.0
2024-07-26 12:33:00+09:00,8610.0,8610.0,8610.0,8610.0,25,0.0,0.0
2024-07-26 12:34:00+09:00,8610.0,8610.0,8610.0,8610.0,83,0.0,0.0
2024-07-26 12:35:00+09:00,8610.0,8610.0,8610.0,8610.0,10,0.0,0.0
2024-07-26 12:36:00+09:00,8620.0,8620.0,8620.0,8620.0,2,0.0,0.0
2024-07-26 12:43:00+09:00,8600.0,8620.0,8540.0,8620.0,51,0.0,0.0
2024-07-26 12:50:00+09:00,8620.0,8620.0,8620.0,8620.0,70,0.0,0.0
2024-07-26 12:52:00+09:00,8550.0,8550.0,8550.0,8550.0,2,0.0,0.0
2024-07-26 12:53:00+09:00,8610.0,8620.0,8610.0,8620.0,2,0.0,0.0
2024-07-26 13:03:00+09:00,8550.0,8550.0,8550.0,8550.0,1,0.0,0.0
2024-07-26 13:04:00+09:00,8610.0,8620.0,8610.0,8620.0,2,0.0,0.0
2024-07-26 13:06:00+09:00,8620.0,8620.0,8620.0,8620.0,259,0.0,0.0
2024-07-26 13:09:00+09:00,8620.0,8620.0,8620.0,8620.0,0,0.0,0.0
2024-07-26 13:14:00+09:00,8610.0,8610.0,8610.0,8610.0,1,0.0,0.0
2024-07-26 14:05:00+09:00,8550.0,8590.0,8550.0,8590.0,6,0.0,0.0
2024-07-26 14:11:00+09:00,8550.0,8550.0,8540.0,8540.0,42,0.0,0.0
2024-07-26 14:12:00+09:00,8580.0,8580.0,8580.0,8580.0,0,0.0,0.0
2024-07-26 14:14:00+09:00,8550.0,8580.0,8540.0,8580.0,32,0.0,0.0
2024-07-26 14:16:00+09:00,8540.0,8540.0,8540.0,8540.0,39,0.0,0.0
2024-07-26 14:17:00+09:00,8580.0,8580.0,8580.0,8580.0,0,0.0,0.0
2024-07-26 14:18:00+09:00,8560.0,8560.0,8560.0,8560.0,219,0.0,0.0
2024-07-26 14:19:00+09:00,8560.0,8580.0,8560.0,8580.0,0,0.0,0.0
2024-07-26 14:23:00+09:00,8540.0,8540.0,8540.0,8540.0,599,0.0,0.0
2024-07-26 14:24:00+09:00,8570.0,8580.0,8570.0,8580.0,0,0.0,0.0
2024-07-26 14:36:00+09:00,8540.0,8540.0,8500.0,8510.0,4940,0.0,0.0
2024-07-26 14:44:00+09:00,8560.0,8560.0,8560.0,8560.0,3,0.0,0.0
2024-07-26 14:55:00+09:00,8510.0,8510.0,8500.0,8500.0,16,0.0,0.0
2024-07-26 14:58:00+09:00,8540.0,8540.0,8540.0,8540.0,0,0.0,0.0
