Datetime,Open,High,Low,Close,Volume,Dividends,Stock Splits,Capital Gains
2022-07-07 09:30:00-04:00,23.989999771118164,23.989999771118164,23.989999771118164,23.989999771118164,0,0.0,0.0,0.0
2022-07-07 10:30:00-04:00,23.999900817871094,23.999900817871094,23.989999771118164,23.989999771118164,524,0.0,0.0,0.0
2022-07-07 11:30:00-04:00,23.978900909423828,23.978900909423828,23.978900909423828,23.978900909423828,271,0.0,0.0,0.0
2022-07-07 14:30:00-04:00,24.0,24.100000381469727,24.0,24.100000381469727,951,0.0,0.0,0.0
2022-07-08 09:30:00-04:00,24.0,24.010000228881836,23.980199813842773,23.980199813842773,222,0.0,0.0,0.0
2022-07-08 10:30:00-04:00,24.054100036621094,24.054100036621094,24.054100036621094,24.054100036621094,245,0.0,0.0,0.0
2022-07-08 11:30:00-04:00,24.11989974975586,24.11989974975586,24.11989974975586,24.11989974975586,213,0.0,0.0,0.0
2022-07-08 12:30:00-04:00,24.0,24.0,23.96500015258789,23.96500015258789,4347,0.0,0.0,0.0
2022-07-08 13:30:00-04:00,24.030000686645508,24.030000686645508,24.030000686645508,24.030000686645508,250,0.0,0.0,0.0
2022-07-08 14:30:00-04:00,24.05500030517578,24.1299991607666,24.049999237060547,24.110000610351562,2219,0.0,0.0,0.0
2022-07-11 11:30:00-04:00,23.83690071105957,23.83690071105957,23.83690071105957,23.83690071105957,0,0.0,0.0,0.0
2022-07-11 12:30:00-04:00,23.889999389648438,23.889999389648438,23.889999389648438,23.889999389648438,564,0.0,0.0,0.0
2022-07-11 14:30:00-04:00,23.860000610351562,23.860000610351562,23.816999435424805,23.816999435424805,0,0.0,0.0,0.0
2022-07-12 14:30:00-04:00,23.709999084472656,23.719999313354492,23.709999084472656,23.71500015258789,3813,0.0,0.0,0.0
2022-07-12 15:30:00-04:00,23.65999984741211,23.684099197387695,23.6299991607666,23.684099197387695,500,0.0,0.0,0.0
2022-07-13 10:30:00-04:00,23.6200008392334,23.6200008392334,23.6200008392334,23.6200008392334,0,0.0,0.0,0.0
2022-07-13 12:30:00-04:00,23.640100479125977,23.640100479125977,23.640100479125977,23.640100479125977,251,0.0,0.0,0.0
2022-07-13 15:30:00-04:00,23.65999984741211,23.65999984741211,23.61910057067871,23.61910057067871,38925,0.0,0.0,0.0
2022-07-14 09:30:00-04:00,23.389999389648438,23.389999389648438,23.389999389648438,23.389999389648438,0,0.0,0.0,0.0
2022-07-14 13:30:00-04:00,23.489999771118164,23.489999771118164,23.489999771118164,23.489999771118164,164,0.0,0.0,0.0
2022-07-14 15:30:00-04:00,23.545000076293945,23.555200576782227,23.545000076293945,23.555200576782227,0,0.0,0.0,0.0
2022-07-15 09:30:00-04:00,23.690000534057617,23.770000457763672,23.690000534057617,23.770000457763672,4288,0.0,0.0,0.0
2022-07-15 12:30:00-04:00,23.790000915527344,23.790000915527344,23.770000457763672,23.770000457763672,307,0.0,0.0,0.0
2022-07-15 14:30:00-04:00,23.844999313354492,23.844999313354492,23.844999313354492,23.844999313354492,138,0.0,0.0,0.0
2022-07-15 15:30:00-04:00,23.790000915527344,23.857999801635742,23.78499984741211,23.857999801635742,1049,0.0,0.0,0.0
2022-07-18 10:30:00-04:00,23.97010040283203,23.97010040283203,23.969999313354492,23.969999313354492,0,0.0,0.0,0.0
2022-07-18 11:30:00-04:00,24.059900283813477,24.059900283813477,23.979999542236328,24.049800872802734,1786,0.0,0.0,0.0
2022-07-18 14:30:00-04:00,23.82550048828125,23.82550048828125,23.79199981689453,23.79199981689453,327,0.0,0.0,0.0
2022-07-18 15:30:00-04:00,23.75,23.770000457763672,23.719999313354492,23.739700317382812,0,0.0,0.0,0.0
2022-07-19 10:30:00-04:00,24.040000915527344,24.040000915527344,24.040000915527344,24.040000915527344,210,0.0,0.0,0.0
2022-07-19 11:30:00-04:00,24.08989906311035,24.08989906311035,24.08989906311035,24.08989906311035,130,0.0,0.0,0.0
2022-07-19 14:30:00-04:00,24.190000534057617,24.190000534057617,24.190000534057617,24.190000534057617,26608,0.0,0.0,0.0
2022-07-19 15:30:00-04:00,24.229900360107422,24.229900360107422,24.187599182128906,24.187599182128906,300,0.0,0.0,0.0
2022-07-20 15:30:00-04:00,24.309999465942383,24.360000610351562,24.301300048828125,24.301300048828125,12551,0.0,0.0,0.0
2022-07-21 09:30:00-04:00,24.260000228881836,24.260000228881836,24.260000228881836,24.260000228881836,0,0.0,0.0,0.0
2022-07-21 14:30:00-04:00,24.440000534057617,24.440000534057617,24.440000534057617,24.440000534057617,1504,0.0,0.0,0.0
2022-07-21 15:30:00-04:00,24.479000091552734,24.479000091552734,24.46540069580078,24.46540069580078,299,0.0,0.0,0.0
2022-07-22 11:30:00-04:00,24.40880012512207,24.40880012512207,24.40880012512207,24.40880012512207,0,0.0,0.0,0.0
2022-07-22 12:30:00-04:00,24.378999710083008,24.3799991607666,24.378999710083008,24.3799991607666,792,0.0,0.0,0.0
2022-07-22 13:30:00-04:00,24.298999786376953,24.31999969482422,24.290000915527344,24.299999237060547,3832,0.0,0.0,0.0
2022-07-22 14:30:00-04:00,24.299999237060547,24.350000381469727,24.299999237060547,24.350000381469727,2559,0.0,0.0,0.0
2022-07-22 15:30:00-04:00,24.31999969482422,24.31999969482422,24.305599212646484,24.305599212646484,1300,0.0,0.0,0.0
2022-07-25 13:30:00-04:00,24.31999969482422,24.31999969482422,24.31999969482422,24.31999969482422,0,0.0,0.0,0.0
2022-07-25 14:30:00-04:00,24.34000015258789,24.34000015258789,24.290000915527344,24.324399948120117,4019,0.0,0.0,0.0
2022-07-26 09:30:00-04:00,24.260000228881836,24.290000915527344,24.260000228881836,24.290000915527344,0,0.0,0.0,0.0
2022-07-26 11:30:00-04:00,24.200000762939453,24.200000762939453,24.200000762939453,24.200000762939453,436,0.0,0.0,0.0
2022-07-26 14:30:00-04:00,24.155000686645508,24.159299850463867,24.149999618530273,24.159299850463867,268,0.0,0.0,0.0
2022-07-27 10:30:00-04:00,24.409900665283203,24.409900665283203,24.389999389648438,24.399999618530273,730,0.0,0.0,0.0
2022-07-27 12:30:00-04:00,24.399999618530273,24.399999618530273,24.399999618530273,24.399999618530273,824,0.0,0.0,0.0
2022-07-27 15:30:00-04:00,24.56450080871582,24.598499298095703,24.56450080871582,24.598499298095703,200,0.0,0.0,0.0
2022-07-28 09:30:00-04:00,24.670000076293945,24.670000076293945,24.670000076293945,24.670000076293945,0,0.0,0.0,0.0
2022-07-28 11:30:00-04:00,24.65999984741211,24.65999984741211,24.65999984741211,24.65999984741211,140,0.0,0.0,0.0
2022-07-28 13:30:00-04:00,24.756000518798828,24.809999465942383,24.756000518798828,24.809999465942383,9249,0.0,0.0,0.0
2022-07-28 14:30:00-04:00,24.829999923706055,24.829999923706055,24.829999923706055,24.829999923706055,132,0.0,0.0,0.0
2022-07-29 12:30:00-04:00,24.96500015258789,24.96500015258789,24.96500015258789,24.96500015258789,0,0.0,0.0,0.0
2022-07-29 13:30:00-04:00,24.989999771118164,25.030000686645508,24.989999771118164,25.010000228881836,4077,0.0,0.0,0.0
2022-07-29 14:30:00-04:00,25.040000915527344,25.045000076293945,24.969999313354492,25.009599685668945,2547,0.0,0.0,0.0
2022-08-01 12:30:00-04:00,25.0,25.040000915527344,25.0,25.030000686645508,4039,0.0,0.0,0.0
2022-08-01 13:30:00-04:00,24.93000030517578,24.93000030517578,24.889999389648438,24.890199661254883,5300,0.0,0.0,0.0
2022-08-01 14:30:00-04:00,24.979999542236328,25.030000686645508,24.9601993560791,24.9601993560791,3474,0.0,0.0,0.0
2022-08-02 09:30:00-04:00,24.809999465942383,24.844999313354492,24.809999465942383,24.844999313354492,0,0.0,0.0,0.0
2022-08-02 10:30:00-04:00,24.889999389648438,24.889999389648438,24.8799991607666,24.8799991607666,512,0.0,0.0,0.0
2022-08-02 11:30:00-04:00,24.90999984741211,24.979999542236328,24.90999984741211,24.979999542236328,10803,0.0,0.0,0.0
2022-08-02 12:30:00-04:00,24.989999771118164,25.0,24.975000381469727,25.0,11630,0.0,0.0,0.0
2022-08-02 13:30:00-04:00,24.889999389648438,24.889999389648438,24.889999389648438,24.889999389648438,177,0.0,0.0,0.0
2022-08-02 14:30:00-04:00,24.860000610351562,24.90999984741211,24.860000610351562,24.90999984741211,1932,0.0,0.0,0.0
2022-08-02 15:30:00-04:00,24.86989974975586,24.899999618530273,24.86989974975586,24.884000778198242,1698,0.0,0.0,0.0
2022-08-03 09:30:00-04:00,25.010000228881836,25.010000228881836,25.010000228881836,25.010000228881836,0,0.0,0.0,0.0
2022-08-03 14:30:00-04:00,25.110000610351562,25.110000610351562,25.110000610351562,25.110000610351562,210,0.0,0.0,0.0
2022-08-03 15:30:00-04:00,25.097200393676758,25.170000076293945,25.097200393676758,25.11210060119629,806,0.0,0.0,0.0
2022-08-04 11:30:00-04:00,25.09000015258789,25.09000015258789,25.09000015258789,25.09000015258789,0,0.0,0.0,0.0
2022-08-04 12:30:00-04:00,25.1200008392334,25.1200008392334,25.079999923706055,25.079999923706055,8323,0.0,0.0,0.0
2022-08-04 14:30:00-04:00,25.110000610351562,25.1200008392334,25.110000610351562,25.1200008392334,1041,0.0,0.0,0.0
2022-08-04 15:30:00-04:00,25.036500930786133,25.1200008392334,25.036500930786133,25.064699172973633,0,0.0,0.0,0.0
2022-08-05 14:30:00-04:00,25.020000457763672,25.038799285888672,25.020000457763672,25.020000457763672,140,0.0,0.0,0.0
2022-08-08 10:30:00-04:00,25.170000076293945,25.170000076293945,25.170000076293945,25.170000076293945,11306,0.0,0.0,0.0
2022-08-08 14:30:00-04:00,25.030000686645508,25.030000686645508,25.022199630737305,25.022199630737305,139,0.0,0.0,0.0
2022-08-09 09:30:00-04:00,24.920000076293945,24.920000076293945,24.920000076293945,24.920000076293945,0,0.0,0.0,0.0
2022-08-09 11:30:00-04:00,24.950000762939453,24.965099334716797,24.950000762939453,24.965099334716797,381,0.0,0.0,0.0
2022-08-10 12:30:00-04:00,25.229999542236328,25.29509925842285,25.229999542236328,25.29509925842285,0,0.0,0.0,0.0
2022-08-11 10:30:00-04:00,25.386600494384766,25.405000686645508,25.386600494384766,25.405000686645508,412,0.0,0.0,0.0
2022-08-11 11:30:00-04:00,25.399999618530273,25.399999618530273,25.36009979248047,25.36009979248047,3095,0.0,0.0,0.0
2022-08-11 13:30:00-04:00,25.429000854492188,25.429000854492188,25.429000854492188,25.429000854492188,358,0.0,0.0,0.0
2022-08-11 14:30:00-04:00,25.349000930786133,25.349000930786133,25.260000228881836,25.293500900268555,1243,0.0,0.0,0.0
2022-08-12 09:30:00-04:00,25.329999923706055,25.329999923706055,25.329999923706055,25.329999923706055,0,0.0,0.0,0.0
2022-08-12 10:30:00-04:00,25.37470054626465,25.37470054626465,25.37470054626465,25.37470054626465,786,0.0,0.0,0.0
2022-08-12 11:30:00-04:00,25.399999618530273,25.399999618530273,25.399999618530273,25.399999618530273,104,0.0,0.0,0.0
2022-08-12 12:30:00-04:00,25.5,25.510000228881836,25.5,25.510000228881836,1188,0.0,0.0,0.0
2022-08-12 14:30:00-04:00,25.540000915527344,25.540000915527344,25.479999542236328,25.479999542236328,1111,0.0,0.0,0.0
2022-08-12 15:30:00-04:00,25.579999923706055,25.579999923706055,25.53730010986328,25.53730010986328,400,0.0,0.0,0.0
2022-08-15 10:30:00-04:00,25.469999313354492,25.469999313354492,25.469999313354492,25.469999313354492,0,0.0,0.0,0.0
2022-08-15 12:30:00-04:00,25.579999923706055,25.579999923706055,25.575000762939453,25.575000762939453,11587,0.0,0.0,0.0
2022-08-15 13:30:00-04:00,25.56999969482422,25.56999969482422,25.550199508666992,25.55190086364746,2012,0.0,0.0,0.0
2022-08-15 15:30:00-04:00,25.59000015258789,25.603900909423828,25.59000015258789,25.603900909423828,100,0.0,0.0,0.0
2022-08-16 10:30:00-04:00,25.54010009765625,25.614999771118164,25.54010009765625,25.614999771118164,600,0.0,0.0,0.0
2022-08-16 11:30:00-04:00,25.68000030517578,25.700000762939453,25.68000030517578,25.700000762939453,3145,0.0,0.0,0.0
2022-08-16 13:30:00-04:00,25.679000854492188,25.679000854492188,25.679000854492188,25.679000854492188,150,0.0,0.0,0.0
2022-08-16 14:30:00-04:00,25.639999389648438,25.645299911499023,25.639999389648438,25.645299911499023,0,0.0,0.0,0.0
2022-08-17 10:30:00-04:00,25.530000686645508,25.530000686645508,25.530000686645508,25.530000686645508,100,0.0,0.0,0.0
2022-08-17 11:30:00-04:00,25.5049991607666,25.5049991607666,25.5049991607666,25.5049991607666,324,0.0,0.0,0.0
2022-08-17 12:30:00-04:00,25.510099411010742,25.510099411010742,25.510000228881836,25.510000228881836,600,0.0,0.0,0.0
2022-08-17 13:30:00-04:00,25.545000076293945,25.545000076293945,25.545000076293945,25.545000076293945,193,0.0,0.0,0.0
2022-08-17 14:30:00-04:00,25.56999969482422,25.579999923706055,25.56999969482422,25.579999923706055,382,0.0,0.0,0.0
2022-08-17 15:30:00-04:00,25.520000457763672,25.59000015258789,25.520000457763672,25.558399200439453,6242,0.0,0.0,0.0
2022-08-18 12:30:00-04:00,25.55500030517578,25.59000015258789,25.55500030517578,25.58989906311035,1114,0.0,0.0,0.0
2022-08-18 15:30:00-04:00,25.592899322509766,25.592899322509766,25.58609962463379,25.58609962463379,273,0.0,0.0,0.0
2022-08-19 09:30:00-04:00,25.459999084472656,25.459999084472656,25.459999084472656,25.459999084472656,0,0.0,0.0,0.0
2022-08-19 11:30:00-04:00,25.419700622558594,25.419700622558594,25.419700622558594,25.419700622558594,189,0.0,0.0,0.0
2022-08-19 12:30:00-04:00,25.42009925842285,25.42009925842285,25.42009925842285,25.42009925842285,208,0.0,0.0,0.0
2022-08-19 13:30:00-04:00,25.440000534057617,25.440000534057617,25.421499252319336,25.421499252319336,294,0.0,0.0,0.0
2022-08-22 12:30:00-04:00,25.1299991607666,25.1299991607666,25.1299991607666,25.1299991607666,0,0.0,0.0,0.0
2022-08-22 13:30:00-04:00,25.049999237060547,25.075000762939453,25.049999237060547,25.05940055847168,3,0.0,0.0,0.0
2022-08-24 09:30:00-04:00,25.0,25.049999237060547,25.0,25.049999237060547,39310,0.0,0.0,0.0
2022-08-24 15:30:00-04:00,25.16900062561035,25.170000076293945,25.125,25.125,300,0.0,0.0,0.0
2022-08-25 09:30:00-04:00,25.12380027770996,25.12380027770996,25.12380027770996,25.12380027770996,0,0.0,0.0,0.0
2022-08-25 11:30:00-04:00,25.170000076293945,25.215999603271484,25.170000076293945,25.215999603271484,864,0.0,0.0,0.0
2022-08-25 14:30:00-04:00,25.260000228881836,25.31909942626953,25.2549991607666,25.260000228881836,1872,0.0,0.0,0.0
2022-08-26 09:30:00-04:00,25.260000228881836,25.260000228881836,25.190000534057617,25.190000534057617,0,0.0,0.0,0.0
2022-08-26 14:30:00-04:00,24.889999389648438,24.889999389648438,24.889999389648438,24.889999389648438,425,0.0,0.0,0.0
2022-08-26 15:30:00-04:00,24.850000381469727,24.850000381469727,24.808500289916992,24.808500289916992,1000,0.0,0.0,0.0
2022-08-29 09:30:00-04:00,24.718399047851562,24.718399047851562,24.718399047851562,24.718399047851562,0,0.0,0.0,0.0
2022-08-29 10:30:00-04:00,24.719999313354492,24.719999313354492,24.68000030517578,24.68000030517578,7974,0.0,0.0,0.0
2022-08-29 15:30:00-04:00,24.790000915527344,24.790000915527344,24.7189998626709,24.790000915527344,0,0.0,0.0,0.0
2022-08-30 09:30:00-04:00,24.68000030517578,24.68000030517578,24.68000030517578,24.68000030517578,124,0.0,0.0,0.0
2022-08-30 13:30:00-04:00,24.450599670410156,24.478500366210938,24.450599670410156,24.478500366210938,240,0.0,0.0,0.0
2022-08-31 10:30:00-04:00,24.489999771118164,24.489999771118164,24.489999771118164,24.489999771118164,0,0.0,0.0,0.0
2022-08-31 13:30:00-04:00,24.450000762939453,24.450000762939453,24.450000762939453,24.450000762939453,277,0.0,0.0,0.0
2022-08-31 14:30:00-04:00,24.469999313354492,24.489999771118164,24.469999313354492,24.479700088500977,3247,0.0,0.0,0.0
2022-08-31 15:30:00-04:00,24.479999542236328,24.489999771118164,24.39739990234375,24.39739990234375,300,0.0,0.0,0.0
2022-09-02 10:30:00-04:00,24.570100784301758,24.570100784301758,24.570100784301758,24.570100784301758,327,0.0,0.0,0.0
2022-09-02 11:30:00-04:00,24.570100784301758,24.625,24.570100784301758,24.625,609,0.0,0.0,0.0
2022-09-02 12:30:00-04:00,24.530000686645508,24.530000686645508,24.40999984741211,24.40999984741211,5339,0.0,0.0,0.0
2022-09-02 13:30:00-04:00,24.22010040283203,24.22010040283203,24.22010040283203,24.22010040283203,254,0.0,0.0,0.0
2022-09-02 15:30:00-04:00,24.219999313354492,24.22640037536621,24.219999313354492,24.22640037536621,250,0.0,0.0,0.0
2022-09-06 10:30:00-04:00,24.274999618530273,24.274999618530273,24.274999618530273,24.274999618530273,0,0.0,0.0,0.0
2022-09-06 12:30:00-04:00,24.18000030517578,24.18000030517578,24.15679931640625,24.15679931640625,438,0.0,0.0,0.0
2022-09-07 14:30:00-04:00,24.469999313354492,24.484800338745117,24.469999313354492,24.484800338745117,0,0.0,0.0,0.0
2022-09-08 11:30:00-04:00,24.565000534057617,24.565000534057617,24.565000534057617,24.565000534057617,0,0.0,0.0,0.0
2022-09-08 13:30:00-04:00,24.569000244140625,24.56999969482422,24.569000244140625,24.56999969482422,601,0.0,0.0,0.0
2022-09-08 14:30:00-04:00,24.514999389648438,24.514999389648438,24.514999389648438,24.514999389648438,422,0.0,0.0,0.0
2022-09-08 15:30:00-04:00,24.56999969482422,24.582599639892578,24.56999969482422,24.582599639892578,100,0.0,0.0,0.0
2022-09-09 14:30:00-04:00,24.8799991607666,24.889999389648438,24.8799991607666,24.889999389648438,0,0.0,0.0,0.0
2022-09-09 15:30:00-04:00,24.873899459838867,24.873899459838867,24.845300674438477,24.845300674438477,229,0.0,0.0,0.0
2022-09-12 11:30:00-04:00,25.0,25.0,24.931100845336914,24.989500045776367,561,0.0,0.0,0.0
2022-09-13 11:30:00-04:00,24.499000549316406,24.499000549316406,24.480100631713867,24.489999771118164,341,0.0,0.0,0.0
2022-09-13 13:30:00-04:00,24.479999542236328,24.479999542236328,24.459999084472656,24.459999084472656,600,0.0,0.0,0.0
2022-09-13 14:30:00-04:00,24.411500930786133,24.411500930786133,24.24690055847168,24.24690055847168,3899,0.0,0.0,0.0
2022-09-14 12:30:00-04:00,24.329999923706055,24.329999923706055,24.309999465942383,24.309999465942383,2025,0.0,0.0,0.0
2022-09-14 13:30:00-04:00,24.225000381469727,24.225000381469727,24.225000381469727,24.225000381469727,242,0.0,0.0,0.0
2022-09-14 14:30:00-04:00,24.219999313354492,24.304000854492188,24.209999084472656,24.304000854492188,824,0.0,0.0,0.0
2022-09-15 09:30:00-04:00,24.18000030517578,24.326499938964844,24.18000030517578,24.326499938964844,0,0.0,0.0,0.0
2022-09-15 11:30:00-04:00,24.13450050354004,24.13450050354004,24.13450050354004,24.13450050354004,271,0.0,0.0,0.0
2022-09-15 14:30:00-04:00,24.25,24.25,24.134300231933594,24.134300231933594,5810,0.0,0.0,0.0
2022-09-16 13:30:00-04:00,23.857200622558594,23.857200622558594,23.857200622558594,23.857200622558594,0,0.0,0.0,0.0
2022-09-16 14:30:00-04:00,23.969999313354492,23.969999313354492,23.969999313354492,23.969999313354492,444,0.0,0.0,0.0
2022-09-16 15:30:00-04:00,24.059999465942383,24.059999465942383,24.049999237060547,24.049999237060547,431,0.0,0.0,0.0
2022-09-19 10:30:00-04:00,24.045000076293945,24.045000076293945,24.045000076293945,24.045000076293945,0,0.0,0.0,0.0
2022-09-19 11:30:00-04:00,23.979999542236328,23.979999542236328,23.979999542236328,23.979999542236328,13262,0.0,0.0,0.0
2022-09-19 14:30:00-04:00,24.110000610351562,24.125200271606445,24.110000610351562,24.125200271606445,284,0.0,0.0,0.0
2022-09-20 13:30:00-04:00,23.899999618530273,23.899999618530273,23.899999618530273,23.899999618530273,0,0.0,0.0,0.0
2022-09-20 14:30:00-04:00,23.940000534057617,23.940000534057617,23.936500549316406,23.936500549316406,147,0.0,0.0,0.0
2022-09-21 09:30:00-04:00,24.1200008392334,24.1200008392334,24.1200008392334,24.1200008392334,1559,0.0,0.0,0.0
2022-09-21 13:30:00-04:00,24.036500930786133,24.036500930786133,23.667999267578125,23.81999969482422,18435,0.0,0.0,0.0
2022-09-22 09:30:00-04:00,23.639999389648438,23.639999389648438,23.639999389648438,23.639999389648438,0,0.0,0.0,0.0
2022-09-22 10:30:00-04:00,23.520000457763672,23.520000457763672,23.510000228881836,23.510000228881836,361,0.0,0.0,0.0
2022-09-22 11:30:00-04:00,23.540000915527344,23.540000915527344,23.520000457763672,23.520000457763672,3000,0.0,0.0,0.0
2022-09-22 12:30:00-04:00,23.559999465942383,23.559999465942383,23.559999465942383,23.559999465942383,3243,0.0,0.0,0.0
2022-09-22 13:30:00-04:00,23.559999465942383,23.559999465942383,23.549999237060547,23.549999237060547,3700,0.0,0.0,0.0
2022-09-22 14:30:00-04:00,23.469999313354492,23.469999313354492,23.469999313354492,23.469999313354492,2105,0.0,0.0,0.0
2022-09-22 15:30:00-04:00,23.6299991607666,23.6299991607666,23.559999465942383,23.559999465942383,4593,0.0,0.0,0.0
2022-09-23 09:30:00-04:00,23.280000686645508,23.280000686645508,23.139999389648438,23.139999389648438,0,0.0,0.0,0.0
2022-09-23 11:30:00-04:00,23.139999389648438,23.139999389648438,23.020000457763672,23.059999465942383,3250,0.0,0.0,0.0
2022-09-23 12:30:00-04:00,23.079999923706055,23.09000015258789,23.079999923706055,23.09000015258789,1923,0.0,0.0,0.0
2022-09-23 13:30:00-04:00,23.1200008392334,23.1200008392334,23.1200008392334,23.1200008392334,252,0.0,0.0,0.0
2022-09-23 14:30:00-04:00,23.079999923706055,23.079999923706055,23.06999969482422,23.06999969482422,311,0.0,0.0,0.0
2022-09-23 15:30:00-04:00,23.110000610351562,23.15489959716797,23.110000610351562,23.15489959716797,100,0.0,0.0,0.0
2022-09-26 12:30:00-04:00,23.0,23.0,23.0,23.0,0,0.0,0.0,0.0
2022-09-26 14:30:00-04:00,23.05500030517578,23.059999465942383,23.02829933166504,23.02829933166504,265,0.0,0.0,0.0
2022-09-27 10:30:00-04:00,23.209999084472656,23.209999084472656,23.209999084472656,23.209999084472656,97,0.0,0.0,0.0
2022-09-27 14:30:00-04:00,23.0,23.0,22.957300186157227,22.957300186157227,387,0.0,0.0,0.0
2022-09-27 15:30:00-04:00,22.959999084472656,22.970699310302734,22.959999084472656,22.970699310302734,156,0.0,0.0,0.0
2022-09-28 14:30:00-04:00,23.280000686645508,23.33690071105957,23.280000686645508,23.33690071105957,847,0.0,0.0,0.0
2022-09-29 09:30:00-04:00,23.200000762939453,23.200000762939453,23.200000762939453,23.200000762939453,75,0.0,0.0,0.0
2022-09-29 10:30:00-04:00,22.920000076293945,22.920000076293945,22.920000076293945,22.920000076293945,100,0.0,0.0,0.0
2022-09-29 12:30:00-04:00,22.950000762939453,22.959999084472656,22.899999618530273,22.912700653076172,6025,0.0,0.0,0.0
2022-09-29 13:30:00-04:00,22.920000076293945,22.920000076293945,22.81410026550293,22.8700008392334,6591,0.0,0.0,0.0
2022-09-29 14:30:00-04:00,22.868999481201172,22.902700424194336,22.809999465942383,22.902700424194336,9401,0.0,0.0,0.0
2022-09-29 15:30:00-04:00,22.909000396728516,22.989999771118164,22.909000396728516,22.9468994140625,2300,0.0,0.0,0.0
2022-09-30 11:30:00-04:00,23.049999237060547,23.049999237060547,22.979999542236328,22.979999542236328,800,0.0,0.0,0.0
2022-09-30 12:30:00-04:00,22.979999542236328,23.0,22.940000534057617,22.969999313354492,2939,0.0,0.0,0.0
2022-09-30 13:30:00-04:00,22.959999084472656,22.959999084472656,22.8799991607666,22.8799991607666,3144,0.0,0.0,0.0
2022-09-30 14:30:00-04:00,22.829099655151367,22.829099655151367,22.770000457763672,22.770000457763672,4922,0.0,0.0,0.0
2022-09-30 15:30:00-04:00,22.770099639892578,22.770099639892578,22.709299087524414,22.709299087524414,806,0.0,0.0,0.0
2022-10-03 10:30:00-04:00,23.040000915527344,23.040000915527344,23.040000915527344,23.040000915527344,0,0.0,0.0,0.0
2022-10-03 13:30:00-04:00,23.159000396728516,23.15999984741211,23.12969970703125,23.155000686645508,3566,0.0,0.0,0.0
2022-10-03 15:30:00-04:00,23.219999313354492,23.219999313354492,23.134199142456055,23.134199142456055,100,0.0,0.0,0.0
2022-10-04 11:30:00-04:00,23.584199905395508,23.584199905395508,23.584199905395508,23.584199905395508,0,0.0,0.0,0.0
2022-10-04 13:30:00-04:00,23.5531005859375,23.65089988708496,23.5531005859375,23.65089988708496,200,0.0,0.0,0.0
2022-10-05 09:30:00-04:00,23.530000686645508,23.530000686645508,23.530000686645508,23.530000686645508,0,0.0,0.0,0.0
2022-10-05 11:30:00-04:00,23.489200592041016,23.489200592041016,23.489200592041016,23.489200592041016,337,0.0,0.0,0.0
2022-10-05 15:30:00-04:00,23.659000396728516,23.65999984741211,23.614900588989258,23.614900588989258,973,0.0,0.0,0.0
2022-10-06 10:30:00-04:00,23.56559944152832,23.56559944152832,23.56559944152832,23.56559944152832,1537,0.0,0.0,0.0
2022-10-06 14:30:00-04:00,23.440000534057617,23.456300735473633,23.440000534057617,23.456300735473633,421,0.0,0.0,0.0
2022-10-07 09:30:00-04:00,23.09000015258789,23.09000015258789,23.09000015258789,23.09000015258789,0,0.0,0.0,0.0
2022-10-07 12:30:00-04:00,23.0,23.0,23.0,23.0,880,0.0,0.0,0.0
2022-10-07 14:30:00-04:00,22.989999771118164,22.989999771118164,22.989999771118164,22.989999771118164,173,0.0,0.0,0.0
2022-10-07 15:30:00-04:00,22.920000076293945,22.989999771118164,22.920000076293945,22.989999771118164,736,0.0,0.0,0.0
2022-10-10 10:30:00-04:00,22.780000686645508,22.81999969482422,22.770000457763672,22.81999969482422,1212,0.0,0.0,0.0
2022-10-10 11:30:00-04:00,22.84000015258789,22.847200393676758,22.84000015258789,22.84000015258789,3252,0.0,0.0,0.0
2022-10-11 10:30:00-04:00,22.75,22.75,22.70490074157715,22.70490074157715,0,0.0,0.0,0.0
2022-10-12 09:30:00-04:00,22.700000762939453,22.700000762939453,22.700000762939453,22.700000762939453,8477,0.0,0.0,0.0
2022-10-12 11:30:00-04:00,22.727699279785156,22.795000076293945,22.666200637817383,22.70009994506836,1691,0.0,0.0,0.0
2022-10-13 09:30:00-04:00,22.329999923706055,23.088499069213867,22.329999923706055,23.088499069213867,0,0.0,0.0,0.0
2022-10-14 09:30:00-04:00,23.239999771118164,23.239999771118164,23.239999771118164,23.239999771118164,0,0.0,0.0,0.0
2022-10-14 10:30:00-04:00,22.940000534057617,22.940000534057617,22.90999984741211,22.90999984741211,300,0.0,0.0,0.0
2022-10-14 11:30:00-04:00,22.8799991607666,22.8799991607666,22.809999465942383,22.809999465942383,446,0.0,0.0,0.0
2022-10-14 12:30:00-04:00,22.799999237060547,22.799999237060547,22.790000915527344,22.790000915527344,0,0.0,0.0,0.0
2022-10-14 13:30:00-04:00,22.829999923706055,22.829999923706055,22.829999923706055,22.829999923706055,1518,0.0,0.0,0.0
2022-10-14 14:30:00-04:00,22.739999771118164,22.780000686645508,22.739999771118164,22.760000228881836,1433,0.0,0.0,0.0
2022-10-14 15:30:00-04:00,22.760000228881836,22.770000457763672,22.672800064086914,22.760000228881836,400,0.0,0.0,0.0
2022-10-17 09:30:00-04:00,23.18000030517578,23.18000030517578,23.145000457763672,23.145000457763672,0,0.0,0.0,0.0
2022-10-17 14:30:00-04:00,23.09000015258789,23.109399795532227,23.079999923706055,23.105600357055664,1499,0.0,0.0,0.0
2022-10-19 09:30:00-04:00,23.31999969482422,23.31999969482422,23.31999969482422,23.31999969482422,0,0.0,0.0,0.0
2022-10-19 10:30:00-04:00,23.264999389648438,23.264999389648438,23.264999389648438,23.264999389648438,154,0.0,0.0,0.0
2022-10-19 15:30:00-04:00,23.200000762939453,23.200000762939453,23.17970085144043,23.17970085144043,100,0.0,0.0,0.0
2022-10-20 14:30:00-04:00,23.110000610351562,23.110000610351562,23.080400466918945,23.080400466918945,183,0.0,0.0,0.0
2022-10-21 12:30:00-04:00,23.34000015258789,23.459999084472656,23.30500030517578,23.459999084472656,359,0.0,0.0,0.0
2022-10-24 09:30:00-04:00,23.65999984741211,23.65999984741211,23.65999984741211,23.65999984741211,0,0.0,0.0,0.0
2022-10-24 12:30:00-04:00,23.604999542236328,23.604999542236328,23.604999542236328,23.604999542236328,299,0.0,0.0,0.0
2022-10-24 13:30:00-04:00,23.601999282836914,23.601999282836914,23.601999282836914,23.601999282836914,249,0.0,0.0,0.0
2022-10-24 14:30:00-04:00,23.6200008392334,23.704999923706055,23.6200008392334,23.704999923706055,1305,0.0,0.0,0.0
2022-10-24 15:30:00-04:00,23.719999313354492,23.719999313354492,23.643600463867188,23.643600463867188,224,0.0,0.0,0.0
2022-10-25 09:30:00-04:00,23.850000381469727,23.850000381469727,23.78809928894043,23.78809928894043,0,0.0,0.0,0.0
2022-10-25 10:30:00-04:00,23.8262996673584,23.889999389648438,23.825000762939453,23.889999389648438,1300,0.0,0.0,0.0
2022-10-25 11:30:00-04:00,23.860000610351562,23.860000610351562,23.860000610351562,23.860000610351562,2034,0.0,0.0,0.0
2022-10-25 14:30:00-04:00,23.920000076293945,23.969999313354492,23.920000076293945,23.93239974975586,1126,0.0,0.0,0.0
2022-10-26 09:30:00-04:00,23.920000076293945,23.958999633789062,23.920000076293945,23.958999633789062,0,0.0,0.0,0.0
2022-10-26 11:30:00-04:00,24.040000915527344,24.040000915527344,24.040000915527344,24.040000915527344,6848,0.0,0.0,0.0
2022-10-26 13:30:00-04:00,23.860000610351562,23.860000610351562,23.860000610351562,23.860000610351562,364,0.0,0.0,0.0
2022-10-26 14:30:00-04:00,23.889999389648438,23.889999389648438,23.780000686645508,23.780000686645508,651,0.0,0.0,0.0
2022-10-26 15:30:00-04:00,23.90999984741211,23.90999984741211,23.832399368286133,23.832399368286133,100,0.0,0.0,0.0
2022-10-27 10:30:00-04:00,23.899999618530273,23.90999984741211,23.87980079650879,23.8799991607666,501,0.0,0.0,0.0
2022-10-27 11:30:00-04:00,23.83489990234375,23.860000610351562,23.799999237060547,23.799999237060547,4247,0.0,0.0,0.0
2022-10-27 14:30:00-04:00,23.819000244140625,23.819000244140625,23.819000244140625,23.819000244140625,241,0.0,0.0,0.0
2022-10-27 15:30:00-04:00,23.81999969482422,23.81999969482422,23.724199295043945,23.724199295043945,100,0.0,0.0,0.0
2022-10-28 09:30:00-04:00,23.829999923706055,23.829999923706055,23.829999923706055,23.829999923706055,0,0.0,0.0,0.0
2022-10-28 11:30:00-04:00,24.038999557495117,24.040000915527344,24.038999557495117,24.039899826049805,703,0.0,0.0,0.0
2022-10-28 13:30:00-04:00,24.149999618530273,24.149999618530273,24.149999618530273,24.149999618530273,1041,0.0,0.0,0.0
2022-10-28 14:30:00-04:00,24.190000534057617,24.19499969482422,24.164400100708008,24.164400100708008,622,0.0,0.0,0.0
2022-10-31 09:30:00-04:00,24.079999923706055,24.079999923706055,24.079999923706055,24.079999923706055,0,0.0,0.0,0.0
2022-10-31 13:30:00-04:00,24.04010009765625,24.04010009765625,24.04010009765625,24.04010009765625,1011,0.0,0.0,0.0
2022-10-31 15:30:00-04:00,24.1299991607666,24.1299991607666,24.049999237060547,24.072999954223633,327,0.0,0.0,0.0
2022-11-01 09:30:00-04:00,24.170000076293945,24.170000076293945,24.024999618530273,24.024999618530273,0,0.0,0.0,0.0
2022-11-01 10:30:00-04:00,24.040000915527344,24.040000915527344,24.040000915527344,24.040000915527344,116,0.0,0.0,0.0
2022-11-01 14:30:00-04:00,23.962600708007812,24.040000915527344,23.962600708007812,24.030000686645508,9131,0.0,0.0,0.0
2022-11-01 15:30:00-04:00,24.040000915527344,24.049999237060547,24.00200080871582,24.00200080871582,890,0.0,0.0,0.0
2022-11-02 09:30:00-04:00,23.895000457763672,23.895000457763672,23.895000457763672,23.895000457763672,0,0.0,0.0,0.0
2022-11-02 14:30:00-04:00,24.125,24.149999618530273,23.71500015258789,23.71500015258789,2961,0.0,0.0,0.0
2022-11-02 15:30:00-04:00,23.670000076293945,23.670000076293945,23.563600540161133,23.563600540161133,100,0.0,0.0,0.0
2022-11-03 09:30:00-04:00,23.350000381469727,23.350000381469727,23.350000381469727,23.350000381469727,0,0.0,0.0,0.0
2022-11-03 11:30:00-04:00,23.391700744628906,23.440000534057617,23.391700744628906,23.440000534057617,1903,0.0,0.0,0.0
2022-11-03 14:30:00-04:00,23.43000030517578,23.43000030517578,23.415000915527344,23.415000915527344,548,0.0,0.0,0.0
2022-11-03 15:30:00-04:00,23.479999542236328,23.479999542236328,23.375499725341797,23.375499725341797,200,0.0,0.0,0.0
2022-11-04 09:30:00-04:00,23.489999771118164,23.489999771118164,23.489999771118164,23.489999771118164,0,0.0,0.0,0.0
2022-11-04 14:30:00-04:00,23.59000015258789,23.59000015258789,23.510000228881836,23.59000015258789,500,0.0,0.0,0.0
2022-11-04 15:30:00-04:00,23.6200008392334,23.6200008392334,23.59160041809082,23.59160041809082,200,0.0,0.0,0.0
2022-11-07 14:30:00-05:00,23.786500930786133,23.786500930786133,23.75,23.777999877929688,152,0.0,0.0,0.0
2022-11-08 10:30:00-05:00,23.940000534057617,23.940000534057617,23.883100509643555,23.940000534057617,240,0.0,0.0,0.0
2022-11-09 10:30:00-05:00,23.739999771118164,23.739999771118164,23.71500015258789,23.71500015258789,173,0.0,0.0,0.0
2022-11-09 14:30:00-05:00,23.575000762939453,23.575000762939453,23.51919937133789,23.575000762939453,209,0.0,0.0,0.0
2022-11-10 15:30:00-05:00,24.479000091552734,24.479999542236328,24.460100173950195,24.460100173950195,0,0.0,0.0,0.0
2022-11-11 11:30:00-05:00,24.490299224853516,24.490299224853516,24.490299224853516,24.490299224853516,0,0.0,0.0,0.0
2022-11-11 12:30:00-05:00,24.56999969482422,24.56999969482422,24.56999969482422,24.56999969482422,256,0.0,0.0,0.0
2022-11-11 13:30:00-05:00,24.610000610351562,24.610000610351562,24.610000610351562,24.610000610351562,178,0.0,0.0,0.0
2022-11-11 14:30:00-05:00,24.68000030517578,24.690000534057617,24.549999237060547,24.627199172973633,8863,0.0,0.0,0.0
2022-11-14 10:30:00-05:00,24.618200302124023,24.618200302124023,24.618200302124023,24.618200302124023,0,0.0,0.0,0.0
2022-11-14 14:30:00-05:00,24.600000381469727,24.621999740600586,24.600000381469727,24.621999740600586,399,0.0,0.0,0.0
2022-11-14 15:30:00-05:00,24.559999465942383,24.5939998626709,24.500699996948242,24.500699996948242,5810,0.0,0.0,0.0
2022-11-15 11:30:00-05:00,24.719999313354492,24.719999313354492,24.716999053955078,24.716999053955078,301,0.0,0.0,0.0
2022-11-15 15:30:00-05:00,24.6299991607666,24.700000762939453,24.6299991607666,24.63170051574707,767,0.0,0.0,0.0
2022-11-16 13:30:00-05:00,24.549999237060547,24.549999237060547,24.540000915527344,24.540000915527344,1264,0.0,0.0,0.0
2022-11-16 14:30:00-05:00,24.540000915527344,24.540000915527344,24.533100128173828,24.533100128173828,332,0.0,0.0,0.0
2022-11-17 12:30:00-05:00,24.459999084472656,24.520000457763672,24.459999084472656,24.520000457763672,105,0.0,0.0,0.0
2022-11-17 14:30:00-05:00,24.350000381469727,24.446800231933594,24.34000015258789,24.446800231933594,423,0.0,0.0,0.0
2022-11-18 10:30:00-05:00,24.540000915527344,24.540000915527344,24.530000686645508,24.530000686645508,230,0.0,0.0,0.0
2022-11-18 12:30:00-05:00,24.509899139404297,24.509899139404297,24.484399795532227,24.484399795532227,290,0.0,0.0,0.0
2022-11-18 13:30:00-05:00,24.470600128173828,24.540000915527344,24.470600128173828,24.540000915527344,468,0.0,0.0,0.0
2022-11-18 15:30:00-05:00,24.6200008392334,24.6200008392334,24.549100875854492,24.549100875854492,121,0.0,0.0,0.0
2022-11-21 10:30:00-05:00,24.475000381469727,24.479999542236328,24.43000030517578,24.43000030517578,750,0.0,0.0,0.0
2022-11-21 12:30:00-05:00,24.538999557495117,24.540000915527344,24.510000228881836,24.510000228881836,5555,0.0,0.0,0.0
2022-11-21 14:30:00-05:00,24.489999771118164,24.514699935913086,24.489999771118164,24.514699935913086,593,0.0,0.0,0.0
2022-11-22 14:30:00-05:00,24.700000762939453,24.762800216674805,24.700000762939453,24.762800216674805,1273,0.0,0.0,0.0
2022-11-23 12:30:00-05:00,24.799999237060547,24.81999969482422,24.710100173950195,24.81999969482422,1179,0.0,0.0,0.0
2022-11-23 14:30:00-05:00,24.920000076293945,24.93000030517578,24.861799240112305,24.861799240112305,1337,0.0,0.0,0.0
2022-11-28 13:30:00-05:00,24.668500900268555,24.668500900268555,24.590099334716797,24.590099334716797,0,0.0,0.0,0.0
2022-11-29 13:30:00-05:00,24.510000228881836,24.520000457763672,24.510000228881836,24.510000228881836,1384,0.0,0.0,0.0
2022-11-29 14:30:00-05:00,24.610000610351562,24.610000610351562,24.510000228881836,24.520000457763672,675,0.0,0.0,0.0
2022-11-29 15:30:00-05:00,24.56999969482422,24.56999969482422,24.520000457763672,24.56909942626953,4818,0.0,0.0,0.0
2022-11-30 10:30:00-05:00,24.480600357055664,24.480600357055664,24.480600357055664,24.480600357055664,0,0.0,0.0,0.0
2022-11-30 13:30:00-05:00,24.8700008392334,24.8700008392334,24.8700008392334,24.8700008392334,1110,0.0,0.0,0.0
2022-11-30 14:30:00-05:00,24.889999389648438,25.049999237060547,24.882200241088867,25.049999237060547,2726,0.0,0.0,0.0
2022-11-30 15:30:00-05:00,25.09000015258789,25.09000015258789,25.05419921875,25.08639907836914,494,0.0,0.0,0.0
2022-12-01 09:30:00-05:00,25.131399154663086,25.131399154663086,25.11319923400879,25.11319923400879,0,0.0,0.0,0.0
2022-12-02 09:30:00-05:00,24.97450065612793,24.97450065612793,24.97450065612793,24.97450065612793,0,0.0,0.0,0.0
2022-12-02 10:30:00-05:00,25.0,25.0,25.0,25.0,0,0.0,0.0,0.0
2022-12-02 11:30:00-05:00,25.028400421142578,25.028400421142578,25.028400421142578,25.028400421142578,3835,0.0,0.0,0.0
2022-12-02 12:30:00-05:00,24.99850082397461,24.99850082397461,24.99850082397461,24.99850082397461,156,0.0,0.0,0.0
2022-12-02 13:30:00-05:00,25.0,25.0,25.0,25.0,450,0.0,0.0,0.0
2022-12-02 14:30:00-05:00,25.07990074157715,25.170000076293945,25.07990074157715,25.15999984741211,1398,0.0,0.0,0.0
2022-12-02 15:30:00-05:00,25.1299991607666,25.149999618530273,25.105499267578125,25.105499267578125,7085,0.0,0.0,0.0
2022-12-05 10:30:00-05:00,24.98699951171875,24.98699951171875,24.959999084472656,24.959999084472656,1004,0.0,0.0,0.0
2022-12-05 13:30:00-05:00,24.799999237060547,24.799999237060547,24.799999237060547,24.799999237060547,527,0.0,0.0,0.0
2022-12-05 15:30:00-05:00,24.729999542236328,24.788299560546875,24.729999542236328,24.788299560546875,242,0.0,0.0,0.0
2022-12-06 10:30:00-05:00,24.639999389648438,24.64900016784668,24.639999389648438,24.64900016784668,0,0.0,0.0,0.0
2022-12-06 11:30:00-05:00,24.649999618530273,24.649999618530273,24.57670021057129,24.57670021057129,600,0.0,0.0,0.0
2022-12-06 12:30:00-05:00,24.530099868774414,24.530099868774414,24.519699096679688,24.519699096679688,543,0.0,0.0,0.0
2022-12-07 12:30:00-05:00,24.47800064086914,24.47800064086914,24.47800064086914,24.47800064086914,0,0.0,0.0,0.0
2022-12-07 13:30:00-05:00,24.460100173950195,24.5,24.460100173950195,24.489999771118164,10843,0.0,0.0,0.0
2022-12-07 14:30:00-05:00,24.46969985961914,24.520000457763672,24.43000030517578,24.43000030517578,1764,0.0,0.0,0.0
2022-12-08 09:30:00-05:00,24.638700485229492,24.638700485229492,24.638700485229492,24.638700485229492,0,0.0,0.0,0.0
2022-12-08 14:30:00-05:00,24.6200008392334,24.6200008392334,24.600000381469727,24.600000381469727,3443,0.0,0.0,0.0
2022-12-08 15:30:00-05:00,24.670000076293945,24.690000534057617,24.630399703979492,24.630399703979492,2000,0.0,0.0,0.0
2022-12-09 09:30:00-05:00,24.649999618530273,24.659000396728516,24.649999618530273,24.659000396728516,0,0.0,0.0,0.0
2022-12-09 12:30:00-05:00,24.670000076293945,24.700000762939453,24.670000076293945,24.700000762939453,1150,0.0,0.0,0.0
2022-12-09 14:30:00-05:00,24.601200103759766,24.601200103759766,24.51580047607422,24.51580047607422,248,0.0,0.0,0.0
2022-12-12 09:30:00-05:00,24.56999969482422,24.61989974975586,24.56999969482422,24.61989974975586,0,0.0,0.0,0.0
2022-12-12 13:30:00-05:00,24.624000549316406,24.64900016784668,24.606000900268555,24.64900016784668,579,0.0,0.0,0.0
2022-12-12 14:30:00-05:00,24.625,24.770000457763672,24.625,24.770000457763672,3972,0.0,0.0,0.0
2022-12-13 15:30:00-05:00,24.889999389648438,24.999000549316406,24.889999389648438,24.91360092163086,19604,0.0,0.0,0.0
2022-12-14 09:30:00-05:00,24.979999542236328,25.048999786376953,24.979999542236328,25.0,0,0.0,0.0,0.0
2022-12-14 10:30:00-05:00,25.06999969482422,25.09000015258789,25.06999969482422,25.09000015258789,2400,0.0,0.0,0.0
2022-12-14 11:30:00-05:00,25.09000015258789,25.100000381469727,25.059999465942383,25.059999465942383,7658,0.0,0.0,0.0
2022-12-14 13:30:00-05:00,25.065000534057617,25.065000534057617,24.829700469970703,24.829700469970703,6099,0.0,0.0,0.0
2022-12-15 09:30:00-05:00,24.350099563598633,24.350099563598633,24.350099563598633,24.350099563598633,0,0.0,0.0,0.0
2022-12-15 11:30:00-05:00,24.3799991607666,24.3799991607666,24.3799991607666,24.3799991607666,214,0.0,0.0,0.0
2022-12-15 12:30:00-05:00,24.309999465942383,24.309999465942383,24.309999465942383,24.309999465942383,2815,0.0,0.0,0.0
2022-12-15 14:30:00-05:00,24.260000228881836,24.389999389648438,24.260000228881836,24.32740020751953,13313,0.0,0.0,0.0
2022-12-16 09:30:00-05:00,24.1299991607666,24.1299991607666,24.1299991607666,24.1299991607666,0,0.0,0.0,0.0
2022-12-16 12:30:00-05:00,24.06999969482422,24.06999969482422,24.049999237060547,24.049999237060547,1144,0.0,0.0,0.0
2022-12-16 14:30:00-05:00,24.020000457763672,24.173900604248047,24.020000457763672,24.173900604248047,1707,0.0,0.0,0.0
2022-12-19 12:30:00-05:00,24.040000915527344,24.040000915527344,24.024999618530273,24.024999618530273,2912,0.0,0.0,0.0
2022-12-19 14:30:00-05:00,23.8700008392334,23.8700008392334,23.8700008392334,23.8700008392334,233,0.0,0.0,0.0
2022-12-19 15:30:00-05:00,23.91349983215332,23.976200103759766,23.91349983215332,23.976200103759766,206,0.0,0.0,0.0
2022-12-20 10:30:00-05:00,24.030000686645508,24.030000686645508,24.030000686645508,24.030000686645508,0,0.0,0.0,0.0
2022-12-20 14:30:00-05:00,23.959999084472656,24.020000457763672,23.959999084472656,23.99489974975586,545,0.0,0.0,0.0
2022-12-21 11:30:00-05:00,24.280000686645508,24.280000686645508,24.280000686645508,24.280000686645508,0,0.0,0.0,0.0
2022-12-21 13:30:00-05:00,24.260000228881836,24.260000228881836,24.260000228881836,24.260000228881836,128,0.0,0.0,0.0
2022-12-21 14:30:00-05:00,24.260000228881836,24.280000686645508,24.230100631713867,24.265199661254883,5000,0.0,0.0,0.0
2022-12-22 11:30:00-05:00,23.860000610351562,23.990100860595703,23.860000610351562,23.990100860595703,0,0.0,0.0,0.0
2022-12-23 09:30:00-05:00,24.0,24.059999465942383,24.0,24.059999465942383,0,0.0,0.0,0.0
2022-12-23 10:30:00-05:00,24.079999923706055,24.079999923706055,24.0,24.0,997,0.0,0.0,0.0
2022-12-23 13:30:00-05:00,24.1200008392334,24.1200008392334,24.030000686645508,24.117399215698242,2510,0.0,0.0,0.0
2022-12-27 12:30:00-05:00,24.079999923706055,24.079999923706055,24.049999237060547,24.049999237060547,0,0.0,0.0,0.0
2022-12-27 13:30:00-05:00,24.06999969482422,24.06999969482422,24.06999969482422,24.06999969482422,145,0.0,0.0,0.0
2022-12-27 14:30:00-05:00,24.06909942626953,24.09000015258789,24.059999465942383,24.06909942626953,6543,0.0,0.0,0.0
2022-12-28 09:30:00-05:00,24.059999465942383,24.075000762939453,24.045000076293945,24.056499481201172,0,0.0,0.0,0.0
2022-12-28 10:30:00-05:00,24.020000457763672,24.020000457763672,23.930400848388672,23.930400848388672,2070,0.0,0.0,0.0
2022-12-28 11:30:00-05:00,23.950000762939453,23.950000762939453,23.93000030517578,23.93000030517578,250,0.0,0.0,0.0
2022-12-28 13:30:00-05:00,23.909400939941406,23.909400939941406,23.909400939941406,23.909400939941406,470,0.0,0.0,0.0
2022-12-28 14:30:00-05:00,23.860000610351562,23.899999618530273,23.8262996673584,23.8262996673584,708,0.0,0.0,0.0
2022-12-29 09:30:00-05:00,24.010000228881836,24.010000228881836,24.010000228881836,24.010000228881836,0,0.0,0.0,0.0
2022-12-29 14:30:00-05:00,24.18000030517578,24.18000030517578,24.150400161743164,24.150400161743164,1777,0.0,0.0,0.0
2022-12-30 12:30:00-05:00,24.014999389648438,24.014999389648438,24.000600814819336,24.000600814819336,0,0.0,0.0,0.0
2022-12-30 13:30:00-05:00,23.889999389648438,23.93000030517578,23.8799991607666,23.922500610351562,1300,0.0,0.0,0.0
2022-12-30 14:30:00-05:00,24.040000915527344,24.087299346923828,23.985200881958008,23.985200881958008,1231,0.0,0.0,0.0
2023-01-03 09:30:00-05:00,23.969999313354492,23.969999313354492,23.969999313354492,23.969999313354492,0,0.0,0.0,0.0
2023-01-03 11:30:00-05:00,23.8799991607666,23.924999237060547,23.8799991607666,23.924999237060547,1628,0.0,0.0,0.0
2023-01-03 13:30:00-05:00,23.913299560546875,23.913299560546875,23.913299560546875,23.913299560546875,700,0.0,0.0,0.0
2023-01-03 14:30:00-05:00,23.979999542236328,24.0216007232666,23.979999542236328,24.0216007232666,341,0.0,0.0,0.0
2023-01-04 10:30:00-05:00,24.06999969482422,24.110000610351562,24.06999969482422,24.110000610351562,0,0.0,0.0,0.0
2023-01-04 13:30:00-05:00,24.149999618530273,24.149999618530273,24.149999618530273,24.149999618530273,709,0.0,0.0,0.0
2023-01-04 15:30:00-05:00,24.059999465942383,24.08930015563965,24.059999465942383,24.08930015563965,133,0.0,0.0,0.0
2023-01-05 14:30:00-05:00,24.0,24.0,23.915000915527344,23.9335994720459,1285,0.0,0.0,0.0
2023-01-06 10:30:00-05:00,24.200000762939453,24.200000762939453,24.200000762939453,24.200000762939453,0,0.0,0.0,0.0
2023-01-06 11:30:00-05:00,24.290000915527344,24.290000915527344,24.290000915527344,24.290000915527344,225,0.0,0.0,0.0
2023-01-06 14:30:00-05:00,24.40999984741211,24.40999984741211,24.36520004272461,24.36520004272461,130,0.0,0.0,0.0
2023-01-09 09:30:00-05:00,24.599899291992188,24.599899291992188,24.582500457763672,24.582500457763672,970,0.0,0.0,0.0
2023-01-09 10:30:00-05:00,24.575000762939453,24.575000762939453,24.520099639892578,24.520099639892578,1693,0.0,0.0,0.0
2023-01-09 12:30:00-05:00,24.565000534057617,24.565000534057617,24.565000534057617,24.565000534057617,133,0.0,0.0,0.0
2023-01-09 13:30:00-05:00,24.440099716186523,24.4950008392334,24.440099716186523,24.4950008392334,722,0.0,0.0,0.0
2023-01-09 14:30:00-05:00,24.43000030517578,24.440000534057617,24.35580062866211,24.35580062866211,3482,0.0,0.0,0.0
2023-01-10 09:30:00-05:00,24.350000381469727,24.42650032043457,24.31999969482422,24.360000610351562,2670,0.0,0.0,0.0
2023-01-10 10:30:00-05:00,24.299999237060547,24.350000381469727,24.26259994506836,24.350000381469727,11892,0.0,0.0,0.0
2023-01-10 13:30:00-05:00,24.420000076293945,24.43000030517578,24.399999618530273,24.399999618530273,3447,0.0,0.0,0.0
2023-01-10 14:30:00-05:00,24.389999389648438,24.424999237060547,24.3799991607666,24.40999984741211,9077,0.0,0.0,0.0
2023-01-10 15:30:00-05:00,24.420000076293945,24.469999313354492,24.40999984741211,24.459400177001953,8302,0.0,0.0,0.0
2023-01-11 11:30:00-05:00,24.59000015258789,24.59000015258789,24.59000015258789,24.59000015258789,0,0.0,0.0,0.0
2023-01-11 14:30:00-05:00,24.649999618530273,24.649999618530273,24.649999618530273,24.649999618530273,114,0.0,0.0,0.0
2023-01-11 15:30:00-05:00,24.674999237060547,24.760000228881836,24.674999237060547,24.760000228881836,2222,0.0,0.0,0.0
2023-01-12 09:30:00-05:00,24.639999389648438,24.639999389648438,24.639999389648438,24.639999389648438,0,0.0,0.0,0.0
2023-01-12 13:30:00-05:00,24.780000686645508,24.850000381469727,24.77989959716797,24.850000381469727,2190,0.0,0.0,0.0
2023-01-12 15:30:00-05:00,24.760000228881836,24.791099548339844,24.760000228881836,24.791099548339844,263,0.0,0.0,0.0
2023-01-13 10:30:00-05:00,24.790000915527344,24.799999237060547,24.780000686645508,24.780000686645508,3704,0.0,0.0,0.0
2023-01-13 14:30:00-05:00,24.817899703979492,24.817899703979492,24.817899703979492,24.817899703979492,280,0.0,0.0,0.0
2023-01-13 15:30:00-05:00,24.829999923706055,24.899999618530273,24.829999923706055,24.884899139404297,4593,0.0,0.0,0.0
2023-01-17 10:30:00-05:00,24.90999984741211,24.90999984741211,24.90999984741211,24.90999984741211,0,0.0,0.0,0.0
2023-01-17 13:30:00-05:00,24.850000381469727,24.850000381469727,24.850000381469727,24.850000381469727,524,0.0,0.0,0.0
2023-01-17 14:30:00-05:00,24.85059928894043,24.85059928894043,24.85059928894043,24.85059928894043,201,0.0,0.0,0.0
2023-01-17 15:30:00-05:00,24.850000381469727,24.850000381469727,24.83049964904785,24.83049964904785,100,0.0,0.0,0.0
2023-01-18 10:30:00-05:00,24.90999984741211,24.90999984741211,24.795000076293945,24.795000076293945,711,0.0,0.0,0.0
2023-01-18 11:30:00-05:00,24.719999313354492,24.719999313354492,24.719999313354492,24.719999313354492,268,0.0,0.0,0.0
2023-01-18 12:30:00-05:00,24.65999984741211,24.65999984741211,24.600000381469727,24.600000381469727,610,0.0,0.0,0.0
2023-01-18 14:30:00-05:00,24.639999389648438,24.659900665283203,24.604999542236328,24.659900665283203,1758,0.0,0.0,0.0
2023-01-18 15:30:00-05:00,24.639999389648438,24.639999389648438,24.53969955444336,24.53969955444336,129,0.0,0.0,0.0
2023-01-19 09:30:00-05:00,24.420000076293945,24.420000076293945,24.420000076293945,24.420000076293945,0,0.0,0.0,0.0
2023-01-19 10:30:00-05:00,24.350000381469727,24.350000381469727,24.350000381469727,24.350000381469727,496,0.0,0.0,0.0
2023-01-19 12:30:00-05:00,24.40999984741211,24.40999984741211,24.40999984741211,24.40999984741211,100,0.0,0.0,0.0
2023-01-19 13:30:00-05:00,24.489999771118164,24.539899826049805,24.4424991607666,24.539899826049805,8821,0.0,0.0,0.0
2023-01-19 14:30:00-05:00,24.510000228881836,24.510000228881836,24.398799896240234,24.398799896240234,754,0.0,0.0,0.0
2023-01-20 10:30:00-05:00,24.514999389648438,24.514999389648438,24.514999389648438,24.514999389648438,0,0.0,0.0,0.0
2023-01-20 11:30:00-05:00,24.550899505615234,24.550899505615234,24.550899505615234,24.550899505615234,500,0.0,0.0,0.0
2023-01-20 12:30:00-05:00,24.608999252319336,24.6200008392334,24.608999252319336,24.6200008392334,3659,0.0,0.0,0.0
2023-01-20 14:30:00-05:00,24.709999084472656,24.75830078125,24.709999084472656,24.75830078125,100,0.0,0.0,0.0
2023-01-23 09:30:00-05:00,24.920000076293945,24.920000076293945,24.920000076293945,24.920000076293945,0,0.0,0.0,0.0
2023-01-23 10:30:00-05:00,24.989999771118164,24.989999771118164,24.989999771118164,24.989999771118164,125,0.0,0.0,0.0
2023-01-23 11:30:00-05:00,25.064599990844727,25.06999969482422,25.010000228881836,25.010000228881836,2102,0.0,0.0,0.0
2023-01-23 13:30:00-05:00,25.075000762939453,25.075000762939453,25.040000915527344,25.040000915527344,964,0.0,0.0,0.0
2023-01-23 14:30:00-05:00,25.0,25.0,24.959999084472656,24.997900009155273,289,0.0,0.0,0.0
2023-01-24 09:30:00-05:00,24.90999984741211,24.90999984741211,24.899999618530273,24.899999618530273,0,0.0,0.0,0.0
2023-01-24 11:30:00-05:00,24.989999771118164,24.989999771118164,24.989999771118164,24.989999771118164,359,0.0,0.0,0.0
2023-01-24 14:30:00-05:00,24.959999084472656,25.030000686645508,24.920000076293945,25.010000228881836,1636,0.0,0.0,0.0
2023-01-24 15:30:00-05:00,25.010000228881836,25.010000228881836,24.973499298095703,24.973499298095703,600,0.0,0.0,0.0
2023-01-25 09:30:00-05:00,24.729999542236328,24.729999542236328,24.649999618530273,24.69499969482422,0,0.0,0.0,0.0
2023-01-25 10:30:00-05:00,24.670000076293945,24.670000076293945,24.670000076293945,24.670000076293945,201,0.0,0.0,0.0
2023-01-25 13:30:00-05:00,24.8700008392334,24.969999313354492,24.8700008392334,24.94809913635254,457,0.0,0.0,0.0
2023-01-26 09:30:00-05:00,25.1299991607666,25.1299991607666,25.1299991607666,25.1299991607666,0,0.0,0.0,0.0
2023-01-26 13:30:00-05:00,25.06999969482422,25.06999969482422,25.06999969482422,25.06999969482422,227,0.0,0.0,0.0
2023-01-26 14:30:00-05:00,25.139999389648438,25.139999389648438,25.139999389648438,25.139999389648438,904,0.0,0.0,0.0
2023-01-26 15:30:00-05:00,25.128000259399414,25.16200065612793,25.128000259399414,25.16200065612793,1655,0.0,0.0,0.0
2023-01-27 09:30:00-05:00,25.229999542236328,25.270000457763672,25.229999542236328,25.270000457763672,0,0.0,0.0,0.0
2023-01-27 10:30:00-05:00,25.219999313354492,25.260000228881836,25.219999313354492,25.260000228881836,241,0.0,0.0,0.0
2023-01-27 11:30:00-05:00,25.229999542236328,25.270000457763672,25.209999084472656,25.209999084472656,1115,0.0,0.0,0.0
2023-01-27 13:30:00-05:00,25.270000457763672,25.309900283813477,25.245500564575195,25.245500564575195,5881,0.0,0.0,0.0
2023-01-30 09:30:00-05:00,25.149999618530273,25.149999618530273,25.149999618530273,25.149999618530273,0,0.0,0.0,0.0
2023-01-30 14:30:00-05:00,25.030000686645508,25.030000686645508,24.968399047851562,24.968399047851562,375,0.0,0.0,0.0
2023-01-31 09:30:00-05:00,25.014999389648438,25.08989906311035,25.014999389648438,25.08989906311035,0,0.0,0.0,0.0
2023-01-31 11:30:00-05:00,25.09000015258789,25.09000015258789,25.09000015258789,25.09000015258789,3377,0.0,0.0,0.0
2023-01-31 12:30:00-05:00,25.139999389648438,25.139999389648438,25.139999389648438,25.139999389648438,132,0.0,0.0,0.0
2023-01-31 14:30:00-05:00,25.170000076293945,25.170000076293945,25.170000076293945,25.170000076293945,360,0.0,0.0,0.0
2023-01-31 15:30:00-05:00,25.18000030517578,25.25659942626953,25.18000030517578,25.25659942626953,210,0.0,0.0,0.0
2023-02-01 09:30:00-05:00,25.18000030517578,25.18000030517578,25.18000030517578,25.18000030517578,0,0.0,0.0,0.0
2023-02-01 14:30:00-05:00,25.31599998474121,25.31599998474121,25.31599998474121,25.31599998474121,414,0.0,0.0,0.0
2023-02-01 15:30:00-05:00,25.489999771118164,25.489999771118164,25.41230010986328,25.41230010986328,101,0.0,0.0,0.0
2023-02-02 11:30:00-05:00,25.6299991607666,25.6299991607666,25.6299991607666,25.6299991607666,0,0.0,0.0,0.0
2023-02-02 12:30:00-05:00,25.690000534057617,25.690000534057617,25.690000534057617,25.690000534057617,2435,0.0,0.0,0.0
2023-02-02 13:30:00-05:00,25.690000534057617,25.690000534057617,25.690000534057617,25.690000534057617,234,0.0,0.0,0.0
2023-02-02 15:30:00-05:00,25.6299991607666,25.6299991607666,25.6299991607666,25.6299991607666,100,0.0,0.0,0.0
2023-02-03 10:30:00-05:00,25.6299991607666,25.6299991607666,25.6299991607666,25.6299991607666,0,0.0,0.0,0.0
2023-02-03 14:30:00-05:00,25.48900032043457,25.5,25.450000762939453,25.489999771118164,1850,0.0,0.0,0.0
2023-02-03 15:30:00-05:00,25.400100708007812,25.457399368286133,25.400100708007812,25.457399368286133,301,0.0,0.0,0.0
2023-02-06 14:30:00-05:00,25.399999618530273,25.399999618530273,25.33609962463379,25.33880043029785,394,0.0,0.0,0.0
2023-02-07 10:30:00-05:00,25.31999969482422,25.31999969482422,25.31999969482422,25.31999969482422,50,0.0,0.0,0.0
2023-02-07 15:30:00-05:00,25.579999923706055,25.598400115966797,25.579999923706055,25.598400115966797,146,0.0,0.0,0.0
2023-02-08 09:30:00-05:00,25.559999465942383,25.559999465942383,25.559999465942383,25.559999465942383,0,0.0,0.0,0.0
2023-02-08 10:30:00-05:00,25.489999771118164,25.489999771118164,25.489999771118164,25.489999771118164,685,0.0,0.0,0.0
2023-02-08 11:30:00-05:00,25.40999984741211,25.40999984741211,25.40999984741211,25.40999984741211,411,0.0,0.0,0.0
2023-02-08 13:30:00-05:00,25.40999984741211,25.440000534057617,25.40999984741211,25.440000534057617,915,0.0,0.0,0.0
2023-02-08 15:30:00-05:00,25.40999984741211,25.40999984741211,25.384899139404297,25.384899139404297,340,0.0,0.0,0.0
2023-02-09 13:30:00-05:00,25.34000015258789,25.34000015258789,25.315000534057617,25.315000534057617,0,0.0,0.0,0.0
2023-02-09 14:30:00-05:00,25.209999084472656,25.22559928894043,25.209999084472656,25.22559928894043,369,0.0,0.0,0.0
2023-02-10 11:30:00-05:00,25.209999084472656,25.26140022277832,25.209999084472656,25.26140022277832,0,0.0,0.0,0.0
2023-02-13 09:30:00-05:00,25.368999481201172,25.3700008392334,25.368999481201172,25.3700008392334,1736,0.0,0.0,0.0
2023-02-13 11:30:00-05:00,25.387100219726562,25.387100219726562,25.387100219726562,25.387100219726562,491,0.0,0.0,0.0
2023-02-13 14:30:00-05:00,25.3799991607666,25.439599990844727,25.3799991607666,25.439599990844727,105,0.0,0.0,0.0
2023-02-14 12:30:00-05:00,25.454999923706055,25.454999923706055,25.454999923706055,25.454999923706055,0,0.0,0.0,0.0
2023-02-14 14:30:00-05:00,25.466299057006836,25.5,25.466299057006836,25.48240089416504,0,0.0,0.0,0.0
2023-02-15 11:30:00-05:00,25.459999084472656,25.459999084472656,25.459999084472656,25.459999084472656,103,0.0,0.0,0.0
2023-02-15 15:30:00-05:00,25.530000686645508,25.530000686645508,25.504100799560547,25.504100799560547,300,0.0,0.0,0.0
2023-02-16 09:30:00-05:00,25.350000381469727,25.350000381469727,25.350000381469727,25.350000381469727,0,0.0,0.0,0.0
2023-02-16 11:30:00-05:00,25.411500930786133,25.411500930786133,25.411500930786133,25.411500930786133,850,0.0,0.0,0.0
2023-02-16 14:30:00-05:00,25.276899337768555,25.440000534057617,25.276899337768555,25.276899337768555,186,0.0,0.0,0.0
2023-02-17 09:30:00-05:00,25.09000015258789,25.139999389648438,25.09000015258789,25.139999389648438,0,0.0,0.0,0.0
2023-02-17 12:30:00-05:00,25.104999542236328,25.110000610351562,25.104999542236328,25.110000610351562,346,0.0,0.0,0.0
2023-02-17 13:30:00-05:00,25.11009979248047,25.155000686645508,25.11009979248047,25.140100479125977,1145,0.0,0.0,0.0
2023-02-17 14:30:00-05:00,25.184999465942383,25.227800369262695,25.184999465942383,25.227800369262695,1055,0.0,0.0,0.0
2023-02-21 09:30:00-05:00,24.992700576782227,25.020000457763672,24.992700576782227,25.020000457763672,0,0.0,0.0,0.0
2023-02-21 10:30:00-05:00,24.959999084472656,24.989999771118164,24.899999618530273,24.920000076293945,5334,0.0,0.0,0.0
2023-02-21 12:30:00-05:00,24.90999984741211,24.969999313354492,24.895000457763672,24.969999313354492,1822,0.0,0.0,0.0
2023-02-21 13:30:00-05:00,24.860000610351562,24.860000610351562,24.860000610351562,24.860000610351562,844,0.0,0.0,0.0
2023-02-21 14:30:00-05:00,24.93000030517578,24.949899673461914,24.86949920654297,24.86949920654297,2694,0.0,0.0,0.0
2023-02-22 09:30:00-05:00,24.872400283813477,24.872400283813477,24.872400283813477,24.872400283813477,0,0.0,0.0,0.0
2023-02-22 11:30:00-05:00,24.889999389648438,24.889999389648438,24.889999389648438,24.889999389648438,1431,0.0,0.0,0.0
2023-02-22 14:30:00-05:00,24.8700008392334,24.8700008392334,24.831499099731445,24.831499099731445,224,0.0,0.0,0.0
2023-02-23 11:30:00-05:00,24.760000228881836,24.760000228881836,24.760000228881836,24.760000228881836,0,0.0,0.0,0.0
2023-02-23 14:30:00-05:00,24.899999618530273,24.950700759887695,24.899999618530273,24.950700759887695,318,0.0,0.0,0.0
2023-02-24 11:30:00-05:00,24.725000381469727,24.725000381469727,24.725000381469727,24.725000381469727,0,0.0,0.0,0.0
2023-02-24 14:30:00-05:00,24.809999465942383,24.815000534057617,24.7450008392334,24.75149917602539,2125,0.0,0.0,0.0
2023-02-27 09:30:00-05:00,24.8799991607666,24.8799991607666,24.8799991607666,24.8799991607666,0,0.0,0.0,0.0
2023-02-27 13:30:00-05:00,24.84000015258789,24.84000015258789,24.84000015258789,24.84000015258789,2437,0.0,0.0,0.0
2023-02-27 14:30:00-05:00,24.84000015258789,24.84000015258789,24.81439971923828,24.81439971923828,643,0.0,0.0,0.0
2023-02-28 09:30:00-05:00,24.809999465942383,24.834999084472656,24.809999465942383,24.834999084472656,0,0.0,0.0,0.0
2023-02-28 13:30:00-05:00,24.860000610351562,24.860000610351562,24.860000610351562,24.860000610351562,1000,0.0,0.0,0.0
2023-02-28 14:30:00-05:00,24.850000381469727,24.850000381469727,24.770700454711914,24.770700454711914,840,0.0,0.0,0.0
2023-02-28 15:30:00-05:00,24.75,24.79360008239746,24.730100631713867,24.79360008239746,2784,0.0,0.0,0.0
2023-03-01 13:30:00-05:00,24.610000610351562,24.610000610351562,24.610000610351562,24.610000610351562,0,0.0,0.0,0.0
2023-03-01 14:30:00-05:00,24.578699111938477,24.610000610351562,24.56920051574707,24.610000610351562,8075,0.0,0.0,0.0
2023-03-01 15:30:00-05:00,24.639999389648438,24.639999389648438,24.597299575805664,24.597299575805664,0,0.0,0.0,0.0
2023-03-02 13:30:00-05:00,24.700000762939453,24.700000762939453,24.700000762939453,24.700000762939453,1100,0.0,0.0,0.0
2023-03-02 14:30:00-05:00,24.670000076293945,24.73859977722168,24.670000076293945,24.73859977722168,449,0.0,0.0,0.0
2023-03-03 09:30:00-05:00,24.920000076293945,24.920000076293945,24.920000076293945,24.920000076293945,0,0.0,0.0,0.0
2023-03-03 14:30:00-05:00,25.010000228881836,25.01420021057129,24.989999771118164,25.01420021057129,661,0.0,0.0,0.0
2023-03-06 14:30:00-05:00,25.020000457763672,25.030000686645508,25.020000457763672,25.030000686645508,81,0.0,0.0,0.0
2023-03-07 12:30:00-05:00,24.810699462890625,24.810699462890625,24.772899627685547,24.772899627685547,1294,0.0,0.0,0.0
2023-03-08 09:30:00-05:00,24.809999465942383,24.809999465942383,24.809999465942383,24.809999465942383,0,0.0,0.0,0.0
2023-03-08 10:30:00-05:00,24.809999465942383,24.826000213623047,24.809999465942383,24.826000213623047,2507,0.0,0.0,0.0
2023-03-08 13:30:00-05:00,24.770000457763672,24.770000457763672,24.770000457763672,24.770000457763672,752,0.0,0.0,0.0
2023-03-08 14:30:00-05:00,24.709999084472656,24.781200408935547,24.457199096679688,24.457199096679688,0,0.0,0.0,0.0
2023-03-10 09:30:00-05:00,24.3799991607666,24.43000030517578,24.315000534057617,24.385000228881836,8852,0.0,0.0,0.0
2023-03-10 10:30:00-05:00,24.399999618530273,24.399999618530273,24.399999618530273,24.399999618530273,3785,0.0,0.0,0.0
2023-03-10 15:30:00-05:00,24.2450008392334,24.25,24.19849967956543,24.19849967956543,610,0.0,0.0,0.0
2023-03-13 09:30:00-04:00,24.229999542236328,24.229999542236328,24.229999542236328,24.229999542236328,0,0.0,0.0,0.0
2023-03-13 14:30:00-04:00,24.40999984741211,24.40999984741211,24.23740005493164,24.23740005493164,275,0.0,0.0,0.0
2023-03-14 14:30:00-04:00,24.360000610351562,24.49250030517578,24.360000610351562,24.49250030517578,327,0.0,0.0,0.0
2023-03-15 09:30:00-04:00,24.308900833129883,24.308900833129883,24.2450008392334,24.263099670410156,5362,0.0,0.0,0.0
2023-03-15 10:30:00-04:00,24.270000457763672,24.270000457763672,24.270000457763672,24.270000457763672,158,0.0,0.0,0.0
2023-03-15 14:30:00-04:00,24.360000610351562,24.361499786376953,24.360000610351562,24.361499786376953,108,0.0,0.0,0.0
2023-03-16 09:30:00-04:00,24.39900016784668,24.399999618530273,24.39900016784668,24.399999618530273,0,0.0,0.0,0.0
2023-03-16 14:30:00-04:00,24.635400772094727,24.700000762939453,24.493900299072266,24.493900299072266,0,0.0,0.0,0.0
2023-03-20 14:30:00-04:00,24.600000381469727,24.66160011291504,24.600000381469727,24.66160011291504,390,0.0,0.0,0.0
2023-03-21 10:30:00-04:00,24.850000381469727,24.850000381469727,24.850000381469727,24.850000381469727,857,0.0,0.0,0.0
2023-03-21 14:30:00-04:00,24.889999389648438,24.899999618530273,24.663299560546875,24.898099899291992,894,0.0,0.0,0.0
2023-03-23 09:30:00-04:00,23.200000762939453,23.200000762939453,23.200000762939453,23.200000762939453,0,0.0,0.0,0.0
2023-03-23 12:30:00-04:00,24.889999389648438,24.889999389648438,24.889999389648438,24.889999389648438,553,0.0,0.0,0.0
2023-03-23 14:30:00-04:00,24.670000076293945,24.68239974975586,24.610000610351562,24.68239974975586,384,0.0,0.0,0.0
2023-03-24 14:30:00-04:00,24.68000030517578,24.749000549316406,24.68000030517578,24.749000549316406,0,0.0,0.0,0.0
2023-03-27 13:30:00-04:00,24.845300674438477,24.845300674438477,24.845300674438477,24.845300674438477,163,0.0,0.0,0.0
2023-03-27 14:30:00-04:00,24.899999618530273,24.909900665283203,24.808000564575195,24.808000564575195,1278,0.0,0.0,0.0
2023-03-28 15:30:00-04:00,24.790000915527344,24.790000915527344,24.774599075317383,24.790000915527344,0,0.0,0.0,0.0
2023-03-29 09:30:00-04:00,24.964000701904297,24.964000701904297,24.964000701904297,24.964000701904297,614,0.0,0.0,0.0
2023-03-29 10:30:00-04:00,24.959999084472656,24.959999084472656,24.959999084472656,24.959999084472656,725,0.0,0.0,0.0
2023-03-29 12:30:00-04:00,25.010000228881836,25.010000228881836,25.010000228881836,25.010000228881836,481,0.0,0.0,0.0
2023-03-29 13:30:00-04:00,24.940000534057617,25.03689956665039,24.940000534057617,25.03689956665039,1073,0.0,0.0,0.0
2023-03-30 09:30:00-04:00,25.100000381469727,25.149999618530273,25.100000381469727,25.100000381469727,1365,0.0,0.0,0.0
2023-03-30 13:30:00-04:00,25.049999237060547,25.06999969482422,25.045000076293945,25.051000595092773,2380,0.0,0.0,0.0
2023-03-30 14:30:00-04:00,25.110000610351562,25.149999618530273,25.110000610351562,25.128999710083008,7122,0.0,0.0,0.0
2023-03-31 10:30:00-04:00,25.209999084472656,25.299999237060547,25.209999084472656,25.209999084472656,0,0.0,0.0,0.0
2023-03-31 11:30:00-04:00,25.229999542236328,25.229999542236328,25.229999542236328,25.229999542236328,567,0.0,0.0,0.0
2023-03-31 12:30:00-04:00,25.34000015258789,25.34000015258789,25.290000915527344,25.290000915527344,1654,0.0,0.0,0.0
2023-03-31 15:30:00-04:00,25.375,25.400100708007812,25.375,25.400100708007812,419,0.0,0.0,0.0
2023-04-03 12:30:00-04:00,25.418399810791016,25.418399810791016,25.418399810791016,25.418399810791016,0,0.0,0.0,0.0
2023-04-03 15:30:00-04:00,25.450000762939453,25.489999771118164,25.450000762939453,25.461999893188477,650,0.0,0.0,0.0
2023-04-04 09:30:00-04:00,25.399999618530273,25.399999618530273,25.399999618530273,25.399999618530273,0,0.0,0.0,0.0
2023-04-04 10:30:00-04:00,25.43000030517578,25.43000030517578,25.43000030517578,25.43000030517578,159,0.0,0.0,0.0
2023-04-04 13:30:00-04:00,25.350000381469727,25.350000381469727,25.350000381469727,25.350000381469727,809,0.0,0.0,0.0
2023-04-04 14:30:00-04:00,25.33340072631836,25.33340072631836,25.33340072631836,25.33340072631836,696,0.0,0.0,0.0
2023-04-04 15:30:00-04:00,25.389999389648438,25.389999389648438,25.364700317382812,25.364700317382812,0,0.0,0.0,0.0
2023-04-05 14:30:00-04:00,25.358999252319336,25.360000610351562,25.32229995727539,25.32229995727539,474,0.0,0.0,0.0
2023-04-06 14:30:00-04:00,25.360000610351562,25.39430046081543,25.360000610351562,25.39430046081543,1347,0.0,0.0,0.0
2023-04-10 09:30:00-04:00,25.149999618530273,25.239999771118164,25.149999618530273,25.229999542236328,6443,0.0,0.0,0.0
2023-04-10 11:30:00-04:00,25.274999618530273,25.274999618530273,25.274999618530273,25.274999618530273,200,0.0,0.0,0.0
2023-04-10 12:30:00-04:00,25.354999542236328,25.354999542236328,25.354999542236328,25.354999542236328,367,0.0,0.0,0.0
2023-04-10 14:30:00-04:00,25.3700008392334,25.3700008392334,25.360000610351562,25.360000610351562,554,0.0,0.0,0.0
2023-04-10 15:30:00-04:00,25.33970069885254,25.398799896240234,25.33970069885254,25.398799896240234,649,0.0,0.0,0.0
2023-04-11 09:30:00-04:00,25.469900131225586,25.469900131225586,25.433500289916992,25.433500289916992,0,0.0,0.0,0.0
2023-04-11 14:30:00-04:00,25.450000762939453,25.450000762939453,25.41469955444336,25.41469955444336,1403,0.0,0.0,0.0
2023-04-12 11:30:00-04:00,25.440000534057617,25.440000534057617,25.40999984741211,25.40999984741211,0,0.0,0.0,0.0
2023-04-12 12:30:00-04:00,25.440000534057617,25.5,25.43000030517578,25.5,607,0.0,0.0,0.0
2023-04-12 15:30:00-04:00,25.323999404907227,25.32539939880371,25.323999404907227,25.32539939880371,224,0.0,0.0,0.0
2023-04-13 09:30:00-04:00,25.40999984741211,25.40999984741211,25.40999984741211,25.40999984741211,0,0.0,0.0,0.0
2023-04-13 12:30:00-04:00,25.5,25.5,25.5,25.5,346,0.0,0.0,0.0
2023-04-13 14:30:00-04:00,25.56999969482422,25.590099334716797,25.56999969482422,25.590099334716797,158,0.0,0.0,0.0
2023-04-14 14:30:00-04:00,25.479999542236328,25.557100296020508,25.479999542236328,25.557100296020508,0,0.0,0.0,0.0
2023-04-17 09:30:00-04:00,25.54010009765625,25.617799758911133,25.540000915527344,25.617799758911133,2089,0.0,0.0,0.0
2023-04-18 11:30:00-04:00,25.66990089416504,25.68000030517578,25.649999618530273,25.670000076293945,25179,0.0,0.0,0.0
2023-04-18 12:30:00-04:00,25.56999969482422,25.56999969482422,25.56999969482422,25.56999969482422,227,0.0,0.0,0.0
2023-04-18 13:30:00-04:00,25.679000854492188,25.679000854492188,25.679000854492188,25.679000854492188,155,0.0,0.0,0.0
2023-04-18 15:30:00-04:00,25.635000228881836,25.65130043029785,25.610000610351562,25.65130043029785,0,0.0,0.0,0.0
2023-04-19 11:30:00-04:00,25.65999984741211,25.670000076293945,25.633499145507812,25.633499145507812,1784,0.0,0.0,0.0
2023-04-19 13:30:00-04:00,25.68000030517578,25.690000534057617,25.6200008392334,25.6200008392334,1991,0.0,0.0,0.0
2023-04-19 14:30:00-04:00,25.690000534057617,25.690000534057617,25.690000534057617,25.690000534057617,512,0.0,0.0,0.0
2023-04-19 15:30:00-04:00,25.690000534057617,25.690000534057617,25.635400772094727,25.635400772094727,300,0.0,0.0,0.0
2023-04-20 14:30:00-04:00,25.537599563598633,25.540000915527344,25.537599563598633,25.540000915527344,270,0.0,0.0,0.0
2023-04-21 10:30:00-04:00,25.559900283813477,25.559900283813477,25.559900283813477,25.559900283813477,0,0.0,0.0,0.0
2023-04-21 12:30:00-04:00,25.5049991607666,25.5049991607666,25.5049991607666,25.5049991607666,2305,0.0,0.0,0.0
2023-04-21 14:30:00-04:00,25.6200008392334,25.6200008392334,25.530000686645508,25.567699432373047,0,0.0,0.0,0.0
2023-04-24 14:30:00-04:00,25.540000915527344,25.56999969482422,25.540000915527344,25.55139923095703,886,0.0,0.0,0.0
2023-04-25 09:30:00-04:00,25.479999542236328,25.479999542236328,25.479999542236328,25.479999542236328,0,0.0,0.0,0.0
2023-04-25 11:30:00-04:00,25.402999877929688,25.402999877929688,25.402999877929688,25.402999877929688,496,0.0,0.0,0.0
2023-04-25 12:30:00-04:00,25.389999389648438,25.389999389648438,25.389999389648438,25.389999389648438,100,0.0,0.0,0.0
2023-04-25 13:30:00-04:00,25.360000610351562,25.360000610351562,25.303600311279297,25.303600311279297,511,0.0,0.0,0.0
2023-04-26 09:30:00-04:00,25.3799991607666,25.3799991607666,25.229999542236328,25.242700576782227,0,0.0,0.0,0.0
2023-04-27 09:30:00-04:00,25.3799991607666,25.3799991607666,25.3799991607666,25.3799991607666,0,0.0,0.0,0.0
2023-04-27 10:30:00-04:00,25.4143009185791,25.4143009185791,25.375,25.375,950,0.0,0.0,0.0
2023-04-27 11:30:00-04:00,25.459999084472656,25.459999084472656,25.459999084472656,25.459999084472656,0,0.0,0.0,0.0
2023-04-27 14:30:00-04:00,25.610000610351562,25.610000610351562,25.57699966430664,25.57699966430664,81,0.0,0.0,0.0
2023-04-28 11:30:00-04:00,25.729999542236328,25.729999542236328,25.729999542236328,25.729999542236328,3611,0.0,0.0,0.0
2023-04-28 14:30:00-04:00,25.719999313354492,25.760000228881836,25.719999313354492,25.736600875854492,947,0.0,0.0,0.0
2023-05-01 11:30:00-04:00,25.748600006103516,25.789199829101562,25.748600006103516,25.748600006103516,0,0.0,0.0,0.0
2023-05-02 09:30:00-04:00,25.6299991607666,25.6299991607666,25.6299991607666,25.6299991607666,0,0.0,0.0,0.0
2023-05-02 10:30:00-04:00,25.459999084472656,25.485000610351562,25.440000534057617,25.450000762939453,0,0.0,0.0,0.0
2023-05-02 13:30:00-04:00,25.520000457763672,25.520000457763672,25.520000457763672,25.520000457763672,0,0.0,0.0,0.0
2023-05-02 14:30:00-04:00,25.56999969482422,25.56999969482422,25.552499771118164,25.552499771118164,3,0.0,0.0,0.0
2023-05-03 13:30:00-04:00,25.610000610351562,25.639999389648438,25.610000610351562,25.639999389648438,7795,0.0,0.0,0.0
2023-05-03 15:30:00-04:00,25.41069984436035,25.41069984436035,25.389999389648438,25.41069984436035,28129,0.0,0.0,0.0
2023-05-04 13:30:00-04:00,25.350000381469727,25.350000381469727,25.34000015258789,25.34000015258789,201,0.0,0.0,0.0
2023-05-04 14:30:00-04:00,25.299999237060547,25.299999237060547,25.219999313354492,25.261899948120117,15431,0.0,0.0,0.0
2023-05-05 09:30:00-04:00,25.530000686645508,25.530000686645508,25.457700729370117,25.530000686645508,17070,0.0,0.0,0.0
2023-05-05 10:30:00-04:00,25.520000457763672,25.600000381469727,25.520000457763672,25.600000381469727,1550,0.0,0.0,0.0
2023-05-05 11:30:00-04:00,25.5,25.5,25.5,25.5,0,0.0,0.0,0.0
2023-05-05 12:30:00-04:00,25.509700775146484,25.509700775146484,25.509700775146484,25.509700775146484,0,0.0,0.0,0.0
2023-05-05 13:30:00-04:00,25.6299991607666,25.6299991607666,25.6299991607666,25.6299991607666,35955,0.0,0.0,0.0
2023-05-05 14:30:00-04:00,25.60810089111328,25.700000762939453,25.604400634765625,25.604400634765625,0,0.0,0.0,0.0
2023-05-08 09:30:00-04:00,25.610000610351562,25.610000610351562,25.610000610351562,25.610000610351562,0,0.0,0.0,0.0
2023-05-08 12:30:00-04:00,25.6299991607666,25.6299991607666,25.56999969482422,25.604999542236328,1298,0.0,0.0,0.0
2023-05-08 13:30:00-04:00,25.627500534057617,25.627500534057617,25.627500534057617,25.627500534057617,771,0.0,0.0,0.0
2023-05-08 14:30:00-04:00,25.639999389648438,25.639999389648438,25.579999923706055,25.579999923706055,1273,0.0,0.0,0.0
2023-05-08 15:30:00-04:00,25.610000610351562,25.614900588989258,25.610000610351562,25.614900588989258,0,0.0,0.0,0.0
2023-05-09 10:30:00-04:00,25.530000686645508,25.53179931640625,25.510000228881836,25.53179931640625,3014,0.0,0.0,0.0
2023-05-09 11:30:00-04:00,25.54010009765625,25.54010009765625,25.510000228881836,25.510000228881836,0,0.0,0.0,0.0
2023-05-09 14:30:00-04:00,25.549999237060547,25.549999237060547,25.541900634765625,25.541900634765625,0,0.0,0.0,0.0
2023-05-10 11:30:00-04:00,25.579999923706055,25.6200008392334,25.579999923706055,25.6200008392334,171,0.0,0.0,0.0
2023-05-10 12:30:00-04:00,25.535999298095703,25.535999298095703,25.535999298095703,25.535999298095703,0,0.0,0.0,0.0
2023-05-10 14:30:00-04:00,25.610000610351562,25.610000610351562,25.610000610351562,25.610000610351562,0,0.0,0.0,0.0
2023-05-10 15:30:00-04:00,25.67799949645996,25.690000534057617,25.6299991607666,25.68600082397461,0,0.0,0.0,0.0
2023-05-11 09:30:00-04:00,25.920000076293945,25.920000076293945,25.920000076293945,25.920000076293945,0,0.0,0.0,0.0
2023-05-11 14:30:00-04:00,25.610000610351562,25.6299991607666,25.600000381469727,25.600000381469727,1280,0.0,0.0,0.0
2023-05-11 15:30:00-04:00,25.610000610351562,25.649999618530273,25.610000610351562,25.649999618530273,650,0.0,0.0,0.0
2023-05-12 12:30:00-04:00,25.469999313354492,25.469999313354492,25.469999313354492,25.469999313354492,0,0.0,0.0,0.0
2023-05-12 13:30:00-04:00,25.530000686645508,25.586200714111328,25.530000686645508,25.586200714111328,2371,0.0,0.0,0.0
2023-05-15 11:30:00-04:00,25.600000381469727,25.600000381469727,25.600000381469727,25.600000381469727,0,0.0,0.0,0.0
2023-05-15 14:30:00-04:00,25.637800216674805,25.637800216674805,25.600900650024414,25.637800216674805,255,0.0,0.0,0.0
2023-05-16 10:30:00-04:00,25.549999237060547,25.549999237060547,25.549999237060547,25.549999237060547,0,0.0,0.0,0.0
2023-05-16 14:30:00-04:00,25.6200008392334,25.6200008392334,25.53219985961914,25.53219985961914,403,0.0,0.0,0.0
2023-05-17 10:30:00-04:00,25.540000915527344,25.540000915527344,25.540000915527344,25.540000915527344,0,0.0,0.0,0.0
2023-05-17 11:30:00-04:00,25.639999389648438,25.645000457763672,25.60849952697754,25.639999389648438,6766,0.0,0.0,0.0
2023-05-17 12:30:00-04:00,25.65999984741211,25.739999771118164,25.65999984741211,25.739999771118164,513,0.0,0.0,0.0
2023-05-17 13:30:00-04:00,25.709999084472656,25.709999084472656,25.709999084472656,25.709999084472656,156,0.0,0.0,0.0
2023-05-17 15:30:00-04:00,25.75,25.756099700927734,25.75,25.756099700927734,211,0.0,0.0,0.0
2023-05-18 09:30:00-04:00,25.74169921875,25.770299911499023,25.74169921875,25.770299911499023,0,0.0,0.0,0.0
2023-05-18 10:30:00-04:00,25.853500366210938,25.8799991607666,25.84000015258789,25.8799991607666,1582,0.0,0.0,0.0
2023-05-18 11:30:00-04:00,25.81999969482422,25.81999969482422,25.81999969482422,25.81999969482422,0,0.0,0.0,0.0
2023-05-18 14:30:00-04:00,25.84000015258789,25.924999237060547,25.84000015258789,25.924999237060547,0,0.0,0.0,0.0
2023-05-19 10:30:00-04:00,25.940000534057617,25.940000534057617,25.940000534057617,25.940000534057617,192,0.0,0.0,0.0
2023-05-19 11:30:00-04:00,25.905000686645508,25.905000686645508,25.850000381469727,25.850000381469727,2724,0.0,0.0,0.0
2023-05-19 12:30:00-04:00,25.81999969482422,25.81999969482422,25.81999969482422,25.81999969482422,2002,0.0,0.0,0.0
2023-05-19 13:30:00-04:00,25.911500930786133,25.911500930786133,25.911500930786133,25.911500930786133,0,0.0,0.0,0.0
2023-05-22 13:30:00-04:00,25.8799991607666,25.8799991607666,25.8799991607666,25.8799991607666,161,0.0,0.0,0.0
2023-05-22 14:30:00-04:00,25.90049934387207,25.90049934387207,25.8799991607666,25.90049934387207,27,0.0,0.0,0.0
2023-05-23 13:30:00-04:00,25.68000030517578,25.68000030517578,25.68000030517578,25.68000030517578,509,0.0,0.0,0.0
2023-05-23 14:30:00-04:00,25.729999542236328,25.735000610351562,25.705799102783203,25.705799102783203,0,0.0,0.0,0.0
2023-05-24 14:30:00-04:00,25.569900512695312,25.569900512695312,25.559999465942383,25.559999465942383,2063,0.0,0.0,0.0
2023-05-24 15:30:00-04:00,25.614999771118164,25.614999771118164,25.55150032043457,25.55150032043457,0,0.0,0.0,0.0
2023-05-25 10:30:00-04:00,25.700000762939453,25.700000762939453,25.658700942993164,25.658700942993164,1465,0.0,0.0,0.0
2023-05-25 12:30:00-04:00,25.719900131225586,25.729999542236328,25.700000762939453,25.700000762939453,962,0.0,0.0,0.0
2023-05-25 13:30:00-04:00,25.769899368286133,25.769899368286133,25.769899368286133,25.769899368286133,418,0.0,0.0,0.0
2023-05-25 14:30:00-04:00,25.690000534057617,25.716899871826172,25.690000534057617,25.716899871826172,0,0.0,0.0,0.0
2023-05-26 09:30:00-04:00,25.774999618530273,25.90999984741211,25.774999618530273,25.890199661254883,0,0.0,0.0,0.0
2023-05-26 10:30:00-04:00,25.889999389648438,25.940000534057617,25.889999389648438,25.940000534057617,0,0.0,0.0,0.0
2023-05-26 11:30:00-04:00,25.889999389648438,25.889999389648438,25.850000381469727,25.88010025024414,30590,0.0,0.0,0.0
2023-05-26 12:30:00-04:00,25.933500289916992,25.933500289916992,25.933500289916992,25.933500289916992,0,0.0,0.0,0.0
2023-05-26 13:30:00-04:00,25.93000030517578,25.93000030517578,25.93000030517578,25.93000030517578,33777,0.0,0.0,0.0
2023-05-26 14:30:00-04:00,25.940000534057617,25.940000534057617,25.940000534057617,25.940000534057617,429,0.0,0.0,0.0
2023-05-26 15:30:00-04:00,26.009000778198242,26.009000778198242,25.977500915527344,25.977500915527344,194,0.0,0.0,0.0
2023-05-30 09:30:00-04:00,26.0,26.014999389648438,25.969999313354492,26.0,0,0.0,0.0,0.0
2023-05-30 10:30:00-04:00,25.979999542236328,25.979999542236328,25.979999542236328,25.979999542236328,0,0.0,0.0,0.0
2023-05-30 14:30:00-04:00,26.020000457763672,26.020000457763672,25.989999771118164,25.989999771118164,2633,0.0,0.0,0.0
2023-05-30 15:30:00-04:00,25.979999542236328,25.979999542236328,25.95490074157715,25.95490074157715,2646,0.0,0.0,0.0
2023-05-31 09:30:00-04:00,25.860000610351562,25.860000610351562,25.860000610351562,25.860000610351562,0,0.0,0.0,0.0
2023-05-31 13:30:00-04:00,25.899999618530273,25.899999618530273,25.899999618530273,25.899999618530273,526,0.0,0.0,0.0
2023-05-31 15:30:00-04:00,25.940000534057617,25.950000762939453,25.892499923706055,25.892499923706055,0,0.0,0.0,0.0
2023-06-01 12:30:00-04:00,26.0,26.0,26.0,26.0,632,0.0,0.0,0.0
2023-06-01 13:30:00-04:00,26.020000457763672,26.1200008392334,26.020000457763672,26.100000381469727,35874,0.0,0.0,0.0
2023-06-01 14:30:00-04:00,26.108999252319336,26.18000030517578,26.052000045776367,26.11989974975586,176376,0.0,0.0,0.0
2023-06-01 15:30:00-04:00,26.063100814819336,26.09000015258789,26.063100814819336,26.063100814819336,1200,0.0,0.0,0.0
2023-06-02 09:30:00-04:00,26.290000915527344,26.290000915527344,26.290000915527344,26.290000915527344,0,0.0,0.0,0.0
2023-06-02 13:30:00-04:00,26.349000930786133,26.350000381469727,26.349000930786133,26.350000381469727,380,0.0,0.0,0.0
2023-06-02 14:30:00-04:00,26.378999710083008,26.3799991607666,26.342300415039062,26.342300415039062,640,0.0,0.0,0.0
2023-06-05 14:30:00-04:00,26.319000244140625,26.31999969482422,26.319000244140625,26.31999969482422,179,0.0,0.0,0.0
2023-06-05 15:30:00-04:00,26.28190040588379,26.30940055847168,26.28190040588379,26.30940055847168,210,0.0,0.0,0.0
2023-06-06 09:30:00-04:00,26.31999969482422,26.31999969482422,26.31999969482422,26.31999969482422,0,0.0,0.0,0.0
2023-06-06 10:30:00-04:00,26.3700008392334,26.3700008392334,26.3700008392334,26.3700008392334,258,0.0,0.0,0.0
2023-06-06 11:30:00-04:00,26.360000610351562,26.3799991607666,26.313100814819336,26.3799991607666,1020,0.0,0.0,0.0
2023-06-06 12:30:00-04:00,26.329999923706055,26.329999923706055,26.329999923706055,26.329999923706055,805,0.0,0.0,0.0
2023-06-06 14:30:00-04:00,26.360000610351562,26.3799991607666,26.350000381469727,26.3799991607666,3724,0.0,0.0,0.0
2023-06-06 15:30:00-04:00,26.372299194335938,26.372299194335938,26.372299194335938,26.372299194335938,1587,0.0,0.0,0.0
2023-06-07 09:30:00-04:00,26.389999389648438,26.399999618530273,26.34000015258789,26.34000015258789,0,0.0,0.0,0.0
2023-06-07 10:30:00-04:00,26.325000762939453,26.360000610351562,26.325000762939453,26.360000610351562,283,0.0,0.0,0.0
2023-06-07 14:30:00-04:00,26.290000915527344,26.290000915527344,26.290000915527344,26.290000915527344,292,0.0,0.0,0.0
2023-06-07 15:30:00-04:00,26.32900047302246,26.32900047302246,26.290599822998047,26.29560089111328,1646,0.0,0.0,0.0
2023-06-08 12:30:00-04:00,26.420000076293945,26.420000076293945,26.420000076293945,26.420000076293945,0,0.0,0.0,0.0
2023-06-08 13:30:00-04:00,26.3799991607666,26.40999984741211,26.3799991607666,26.40999984741211,1937,0.0,0.0,0.0
2023-06-08 14:30:00-04:00,26.411500930786133,26.411500930786133,26.3700008392334,26.411500930786133,149,0.0,0.0,0.0
2023-06-09 12:30:00-04:00,26.43000030517578,26.435100555419922,26.43000030517578,26.435100555419922,0,0.0,0.0,0.0
2023-06-12 14:30:00-04:00,26.530000686645508,26.610000610351562,26.530000686645508,26.591699600219727,0,0.0,0.0,0.0
2023-06-13 09:30:00-04:00,26.670000076293945,26.670000076293945,26.670000076293945,26.670000076293945,0,0.0,0.0,0.0
2023-06-13 14:30:00-04:00,26.690000534057617,26.719999313354492,26.690000534057617,26.719999313354492,494,0.0,0.0,0.0
2023-06-13 15:30:00-04:00,26.670000076293945,26.729999542236328,26.645000457763672,26.699600219726562,0,0.0,0.0,0.0
2023-06-14 11:30:00-04:00,26.729999542236328,26.729999542236328,26.709999084472656,26.709999084472656,865,0.0,0.0,0.0
2023-06-14 13:30:00-04:00,26.700000762939453,26.700000762939453,26.549999237060547,26.549999237060547,396,0.0,0.0,0.0
2023-06-14 14:30:00-04:00,26.690000534057617,26.690000534057617,26.68000030517578,26.68000030517578,0,0.0,0.0,0.0
2023-06-15 09:30:00-04:00,26.8799991607666,26.8799991607666,26.81999969482422,26.81999969482422,646,0.0,0.0,0.0
2023-06-15 10:30:00-04:00,26.78499984741211,26.78499984741211,26.78499984741211,26.78499984741211,802,0.0,0.0,0.0
2023-06-15 14:30:00-04:00,26.940000534057617,26.940000534057617,26.88010025024414,26.9335994720459,664,0.0,0.0,0.0
2023-06-15 15:30:00-04:00,26.908700942993164,26.93000030517578,26.908700942993164,26.908700942993164,156,0.0,0.0,0.0
2023-06-16 09:30:00-04:00,27.190000534057617,27.190000534057617,26.940000534057617,26.940000534057617,0,0.0,0.0,0.0
2023-06-16 10:30:00-04:00,26.889999389648438,26.889999389648438,26.889999389648438,26.889999389648438,165,0.0,0.0,0.0
2023-06-16 11:30:00-04:00,26.93000030517578,26.934999465942383,26.93000030517578,26.934999465942383,279,0.0,0.0,0.0
2023-06-16 14:30:00-04:00,26.889999389648438,26.889999389648438,26.85379981994629,26.85379981994629,422,0.0,0.0,0.0
2023-06-20 09:30:00-04:00,26.78350067138672,26.78350067138672,26.719999313354492,26.719999313354492,0,0.0,0.0,0.0
2023-06-20 12:30:00-04:00,26.808300018310547,26.808300018310547,26.808300018310547,26.808300018310547,427,0.0,0.0,0.0
2023-06-20 14:30:00-04:00,26.799999237060547,26.809999465942383,26.771299362182617,26.774999618530273,2343,0.0,0.0,0.0
2023-06-20 15:30:00-04:00,26.739999771118164,26.81999969482422,26.739999771118164,26.777999877929688,8430,0.0,0.0,0.0
2023-06-21 10:30:00-04:00,26.709999084472656,26.709999084472656,26.704599380493164,26.704599380493164,366,0.0,0.0,0.0
2023-06-21 13:30:00-04:00,26.721200942993164,26.721200942993164,26.721200942993164,26.721200942993164,390,0.0,0.0,0.0
2023-06-21 14:30:00-04:00,26.759700775146484,26.759700775146484,26.759700775146484,26.759700775146484,200,0.0,0.0,0.0
2023-06-21 15:30:00-04:00,26.729999542236328,26.729999542236328,26.707300186157227,26.707300186157227,300,0.0,0.0,0.0
2023-06-23 13:30:00-04:00,26.649999618530273,26.649999618530273,26.649999618530273,26.649999618530273,0,0.0,0.0,0.0
2023-06-23 14:30:00-04:00,26.739999771118164,26.739999771118164,26.739999771118164,26.739999771118164,278,0.0,0.0,0.0
2023-06-23 15:30:00-04:00,26.735000610351562,26.760000228881836,26.700000762939453,26.700000762939453,1294,0.0,0.0,0.0
2023-06-26 09:30:00-04:00,26.666200637817383,26.666200637817383,26.666200637817383,26.666200637817383,0,0.0,0.0,0.0
2023-06-26 11:30:00-04:00,26.65329933166504,26.670000076293945,26.65329933166504,26.670000076293945,761,0.0,0.0,0.0
2023-06-26 12:30:00-04:00,26.635099411010742,26.649999618530273,26.635099411010742,26.649999618530273,662,0.0,0.0,0.0
2023-06-26 13:30:00-04:00,26.66900062561035,26.66900062561035,26.66900062561035,26.66900062561035,790,0.0,0.0,0.0
2023-06-26 14:30:00-04:00,26.670000076293945,26.68600082397461,26.6200008392334,26.68600082397461,2413,0.0,0.0,0.0
2023-06-26 15:30:00-04:00,26.604400634765625,26.68600082397461,26.604400634765625,26.604400634765625,1000,0.0,0.0,0.0
2023-06-27 10:30:00-04:00,26.6299991607666,26.6299991607666,26.6299991607666,26.6299991607666,0,0.0,0.0,0.0
2023-06-27 12:30:00-04:00,26.738300323486328,26.797800064086914,26.738300323486328,26.797800064086914,0,0.0,0.0,0.0
2023-06-28 12:30:00-04:00,26.790000915527344,26.790000915527344,26.790000915527344,26.790000915527344,0,0.0,0.0,0.0
2023-06-28 14:30:00-04:00,26.81999969482422,26.81999969482422,26.780000686645508,26.81999969482422,1319,0.0,0.0,0.0
2023-06-28 15:30:00-04:00,26.81999969482422,26.81999969482422,26.7814998626709,26.7814998626709,521,0.0,0.0,0.0
2023-06-29 09:30:00-04:00,26.829999923706055,26.829999923706055,26.829999923706055,26.829999923706055,0,0.0,0.0,0.0
2023-06-29 14:30:00-04:00,26.8700008392334,26.8700008392334,26.790000915527344,26.809999465942383,3437,0.0,0.0,0.0
2023-06-29 15:30:00-04:00,26.899999618530273,26.899999618530273,26.834999084472656,26.863100051879883,0,0.0,0.0,0.0
2023-06-30 10:30:00-04:00,27.09000015258789,27.09000015258789,27.05500030517578,27.05500030517578,1569,0.0,0.0,0.0
2023-06-30 11:30:00-04:00,27.079999923706055,27.108999252319336,27.05500030517578,27.07349967956543,1652,0.0,0.0,0.0
2023-06-30 12:30:00-04:00,27.100000381469727,27.100000381469727,27.08839988708496,27.08839988708496,635,0.0,0.0,0.0
2023-07-05 09:30:00-04:00,27.040000915527344,27.040000915527344,26.99020004272461,27.010000228881836,0,0.0,0.0,0.0
2023-07-05 10:30:00-04:00,27.020000457763672,27.020000457763672,27.020000457763672,27.020000457763672,327,0.0,0.0,0.0
2023-07-05 12:30:00-04:00,27.059999465942383,27.059999465942383,27.059999465942383,27.059999465942383,369,0.0,0.0,0.0
2023-07-05 13:30:00-04:00,27.0,27.04990005493164,26.996200561523438,26.996200561523438,973,0.0,0.0,0.0
2023-07-05 14:30:00-04:00,27.010000228881836,27.010000228881836,27.010000228881836,27.010000228881836,274,0.0,0.0,0.0
2023-07-05 15:30:00-04:00,27.079999923706055,27.09869956970215,27.039600372314453,27.039600372314453,32237,0.0,0.0,0.0
2023-07-06 09:30:00-04:00,26.829999923706055,26.829999923706055,26.829999923706055,26.829999923706055,0,0.0,0.0,0.0
2023-07-06 10:30:00-04:00,26.790000915527344,26.790000915527344,26.700000762939453,26.700000762939453,3517,0.0,0.0,0.0
2023-07-06 14:30:00-04:00,26.920000076293945,26.93000030517578,26.845699310302734,26.868600845336914,0,0.0,0.0,0.0
2023-07-07 14:30:00-04:00,26.98900032043457,26.989999771118164,26.822599411010742,26.822599411010742,2021,0.0,0.0,0.0
2023-07-10 09:30:00-04:00,26.8700008392334,26.8700008392334,26.8700008392334,26.8700008392334,0,0.0,0.0,0.0
2023-07-10 10:30:00-04:00,26.860000610351562,26.899999618530273,26.860000610351562,26.899999618530273,0,0.0,0.0,0.0
2023-07-10 12:30:00-04:00,26.829999923706055,26.829999923706055,26.829999923706055,26.829999923706055,7517,0.0,0.0,0.0
2023-07-10 13:30:00-04:00,26.860000610351562,26.860000610351562,26.860000610351562,26.860000610351562,160,0.0,0.0,0.0
2023-07-10 15:30:00-04:00,26.809999465942383,26.889999389648438,26.809999465942383,26.853099822998047,4533,0.0,0.0,0.0
2023-07-11 10:30:00-04:00,26.979999542236328,26.979999542236328,26.979999542236328,26.979999542236328,0,0.0,0.0,0.0
2023-07-11 12:30:00-04:00,26.989999771118164,26.989999771118164,26.989999771118164,26.989999771118164,3857,0.0,0.0,0.0
2023-07-11 13:30:00-04:00,26.989999771118164,26.989999771118164,26.989999771118164,26.989999771118164,369,0.0,0.0,0.0
2023-07-11 14:30:00-04:00,26.979000091552734,27.0,26.93000030517578,27.0,6051,0.0,0.0,0.0
2023-07-11 15:30:00-04:00,26.959999084472656,27.059999465942383,26.93000030517578,27.00979995727539,8358,0.0,0.0,0.0
2023-07-12 09:30:00-04:00,27.299999237060547,27.299999237060547,27.299999237060547,27.299999237060547,0,0.0,0.0,0.0
2023-07-12 11:30:00-04:00,27.239999771118164,27.239999771118164,27.239999771118164,27.239999771118164,0,0.0,0.0,0.0
2023-07-12 12:30:00-04:00,27.19179916381836,27.19179916381836,27.179399490356445,27.179399490356445,0,0.0,0.0,0.0
2023-07-12 14:30:00-04:00,27.270000457763672,27.27989959716797,27.18000030517578,27.270000457763672,13948,0.0,0.0,0.0
2023-07-12 15:30:00-04:00,27.260000228881836,27.260000228881836,27.19729995727539,27.19729995727539,0,0.0,0.0,0.0
2023-07-13 14:30:00-04:00,27.389999389648438,27.389999389648438,27.389999389648438,27.389999389648438,482,0.0,0.0,0.0
2023-07-13 15:30:00-04:00,27.34670066833496,27.399999618530273,27.34670066833496,27.399999618530273,2654,0.0,0.0,0.0
2023-07-14 11:30:00-04:00,27.342500686645508,27.342500686645508,27.342500686645508,27.342500686645508,0,0.0,0.0,0.0
2023-07-14 14:30:00-04:00,27.329999923706055,27.329999923706055,27.314699172973633,27.314699172973633,1453,0.0,0.0,0.0
2023-07-17 14:30:00-04:00,27.389999389648438,27.459999084472656,27.389999389648438,27.459999084472656,515,0.0,0.0,0.0
2023-07-17 15:30:00-04:00,27.408300399780273,27.408300399780273,27.408300399780273,27.408300399780273,0,0.0,0.0,0.0
2023-07-18 11:30:00-04:00,27.51930046081543,27.549999237060547,27.459999084472656,27.540000915527344,9148,0.0,0.0,0.0
2023-07-18 15:30:00-04:00,27.530000686645508,27.600000381469727,27.530000686645508,27.55030059814453,1221,0.0,0.0,0.0
2023-07-19 10:30:00-04:00,27.6200008392334,27.6200008392334,27.601699829101562,27.601699829101562,0,0.0,0.0,0.0
2023-07-19 13:30:00-04:00,27.549999237060547,27.59000015258789,27.549999237060547,27.59000015258789,3522,0.0,0.0,0.0
2023-07-19 15:30:00-04:00,27.639999389648438,27.639999389648438,27.58970069885254,27.58970069885254,1230,0.0,0.0,0.0
2023-07-20 10:30:00-04:00,27.520000457763672,27.520000457763672,27.520000457763672,27.520000457763672,0,0.0,0.0,0.0
2023-07-20 13:30:00-04:00,27.479999542236328,27.479999542236328,27.479999542236328,27.479999542236328,452,0.0,0.0,0.0
2023-07-20 14:30:00-04:00,27.479999542236328,27.479999542236328,27.444700241088867,27.444700241088867,257,0.0,0.0,0.0
2023-07-21 09:30:00-04:00,27.610000610351562,27.610000610351562,27.610000610351562,27.610000610351562,9434,0.0,0.0,0.0
2023-07-21 14:30:00-04:00,27.530000686645508,27.53499984741211,27.530000686645508,27.530000686645508,887,0.0,0.0,0.0
2023-07-21 15:30:00-04:00,27.516000747680664,27.516000747680664,27.506000518798828,27.506000518798828,1200,0.0,0.0,0.0
2023-07-24 09:30:00-04:00,27.540000915527344,27.540000915527344,27.540000915527344,27.540000915527344,0,0.0,0.0,0.0
2023-07-24 10:30:00-04:00,27.553600311279297,27.553600311279297,27.553600311279297,27.553600311279297,1031,0.0,0.0,0.0
2023-07-24 12:30:00-04:00,27.59000015258789,27.59000015258789,27.59000015258789,27.59000015258789,420,0.0,0.0,0.0
2023-07-24 14:30:00-04:00,27.58799934387207,27.58799934387207,27.559999465942383,27.559999465942383,1717,0.0,0.0,0.0
2023-07-24 15:30:00-04:00,27.575000762939453,27.575000762939453,27.575000762939453,27.575000762939453,0,0.0,0.0,0.0
2023-07-25 12:30:00-04:00,27.610000610351562,27.665000915527344,27.609899520874023,27.609899520874023,1000,0.0,0.0,0.0
2023-07-25 15:30:00-04:00,27.639999389648438,27.639999389648438,27.62540054321289,27.62540054321289,0,0.0,0.0,0.0
2023-07-26 13:30:00-04:00,27.565000534057617,27.565000534057617,27.565000534057617,27.565000534057617,366,0.0,0.0,0.0
2023-07-26 14:30:00-04:00,27.600000381469727,27.68000030517578,27.600000381469727,27.610000610351562,4652,0.0,0.0,0.0
2023-07-26 15:30:00-04:00,27.639999389648438,27.65999984741211,27.6299991607666,27.65999984741211,0,0.0,0.0,0.0
2023-07-27 13:30:00-04:00,27.65999984741211,27.66900062561035,27.65999984741211,27.66900062561035,450,0.0,0.0,0.0
2023-07-27 14:30:00-04:00,27.530000686645508,27.530000686645508,27.530000686645508,27.530000686645508,644,0.0,0.0,0.0
2023-07-27 15:30:00-04:00,27.49720001220703,27.49720001220703,27.49720001220703,27.49720001220703,0,0.0,0.0,0.0
2023-07-28 10:30:00-04:00,27.634700775146484,27.634700775146484,27.634700775146484,27.634700775146484,654,0.0,0.0,0.0
2023-07-28 13:30:00-04:00,27.639999389648438,27.65130043029785,27.639999389648438,27.65130043029785,524,0.0,0.0,0.0
2023-07-28 15:30:00-04:00,27.665000915527344,27.70989990234375,27.665000915527344,27.68199920654297,3773,0.0,0.0,0.0
2023-07-31 09:30:00-04:00,27.689899444580078,27.689899444580078,27.689899444580078,27.689899444580078,0,0.0,0.0,0.0
2023-07-31 10:30:00-04:00,27.719999313354492,27.719999313354492,27.719999313354492,27.719999313354492,0,0.0,0.0,0.0
2023-07-31 11:30:00-04:00,27.719999313354492,27.719999313354492,27.719999313354492,27.719999313354492,1752,0.0,0.0,0.0
2023-07-31 14:30:00-04:00,27.698200225830078,27.700000762939453,27.698200225830078,27.700000762939453,0,0.0,0.0,0.0
2023-07-31 15:30:00-04:00,27.65999984741211,27.700000762939453,27.65999984741211,27.700000762939453,0,0.0,0.0,0.0
2023-08-01 09:30:00-04:00,27.670000076293945,27.670000076293945,27.670000076293945,27.670000076293945,670,0.0,0.0,0.0
2023-08-01 11:30:00-04:00,27.65999984741211,27.65999984741211,27.649999618530273,27.649999618530273,10223,0.0,0.0,0.0
2023-08-01 12:30:00-04:00,27.6200008392334,27.6200008392334,27.6200008392334,27.6200008392334,636,0.0,0.0,0.0
2023-08-01 13:30:00-04:00,27.670000076293945,27.68000030517578,27.649999618530273,27.68000030517578,34834,0.0,0.0,0.0
2023-08-01 14:30:00-04:00,27.6299991607666,27.6299991607666,27.6299991607666,27.6299991607666,100,0.0,0.0,0.0
2023-08-01 15:30:00-04:00,27.690000534057617,27.700000762939453,27.66360092163086,27.66360092163086,0,0.0,0.0,0.0
2023-08-02 10:30:00-04:00,27.34000015258789,27.34000015258789,27.34000015258789,27.34000015258789,205,0.0,0.0,0.0
2023-08-02 11:30:00-04:00,27.399999618530273,27.399999618530273,27.399999618530273,27.399999618530273,1200,0.0,0.0,0.0
2023-08-02 12:30:00-04:00,27.43000030517578,27.43000030517578,27.43000030517578,27.43000030517578,345,0.0,0.0,0.0
2023-08-02 14:30:00-04:00,27.40999984741211,27.40999984741211,27.34000015258789,27.34000015258789,487,0.0,0.0,0.0
2023-08-02 15:30:00-04:00,27.375200271606445,27.375200271606445,27.375200271606445,27.375200271606445,365,0.0,0.0,0.0
2023-08-03 09:30:00-04:00,27.309999465942383,27.315000534057617,27.239999771118164,27.239999771118164,15403,0.0,0.0,0.0
2023-08-03 10:30:00-04:00,27.30900001525879,27.30900001525879,27.260000228881836,27.260000228881836,10445,0.0,0.0,0.0
2023-08-03 14:30:00-04:00,27.358800888061523,27.358800888061523,27.318500518798828,27.318500518798828,1449,0.0,0.0,0.0
2023-08-04 10:30:00-04:00,27.360000610351562,27.3700008392334,27.360000610351562,27.3700008392334,448,0.0,0.0,0.0
2023-08-04 12:30:00-04:00,27.469999313354492,27.469999313354492,27.40049934387207,27.40049934387207,599,0.0,0.0,0.0
2023-08-04 13:30:00-04:00,27.44729995727539,27.44729995727539,27.211299896240234,27.211299896240234,792,0.0,0.0,0.0
2023-08-07 10:30:00-04:00,27.298999786376953,27.298999786376953,27.298999786376953,27.298999786376953,0,0.0,0.0,0.0
2023-08-07 12:30:00-04:00,27.329999923706055,27.329999923706055,27.329999923706055,27.329999923706055,424,0.0,0.0,0.0
2023-08-07 13:30:00-04:00,27.420000076293945,27.420000076293945,27.420000076293945,27.420000076293945,158,0.0,0.0,0.0
2023-08-07 14:30:00-04:00,27.406099319458008,27.406099319458008,27.406099319458008,27.406099319458008,0,0.0,0.0,0.0
2023-08-08 12:30:00-04:00,27.170000076293945,27.230899810791016,27.170000076293945,27.19099998474121,923,0.0,0.0,0.0
2023-08-08 14:30:00-04:00,27.34000015258789,27.34000015258789,27.34000015258789,27.34000015258789,336,0.0,0.0,0.0
2023-08-08 15:30:00-04:00,27.331300735473633,27.331300735473633,27.331300735473633,27.331300735473633,0,0.0,0.0,0.0
2023-08-09 11:30:00-04:00,27.180299758911133,27.180299758911133,27.170000076293945,27.170000076293945,1225,0.0,0.0,0.0
2023-08-09 12:30:00-04:00,27.184900283813477,27.184900283813477,27.184900283813477,27.184900283813477,0,0.0,0.0,0.0
2023-08-10 09:30:00-04:00,27.389999389648438,27.389999389648438,27.389999389648438,27.389999389648438,215,0.0,0.0,0.0
2023-08-10 14:30:00-04:00,27.179899215698242,27.179899215698242,27.179899215698242,27.179899215698242,1114,0.0,0.0,0.0
2023-08-10 15:30:00-04:00,27.17620086669922,27.17620086669922,27.17620086669922,27.17620086669922,840,0.0,0.0,0.0
2023-08-11 09:30:00-04:00,27.1299991607666,27.1299991607666,27.1299991607666,27.1299991607666,0,0.0,0.0,0.0
2023-08-11 14:30:00-04:00,27.18000030517578,27.18000030517578,27.149999618530273,27.149999618530273,300,0.0,0.0,0.0
2023-08-11 15:30:00-04:00,27.165000915527344,27.1653995513916,27.165000915527344,27.1653995513916,655,0.0,0.0,0.0
2023-08-14 13:30:00-04:00,27.190000534057617,27.190000534057617,27.190000534057617,27.190000534057617,0,0.0,0.0,0.0
2023-08-14 14:30:00-04:00,27.241500854492188,27.280399322509766,27.241500854492188,27.241500854492188,415,0.0,0.0,0.0
2023-08-15 09:30:00-04:00,27.270000457763672,27.270000457763672,27.270000457763672,27.270000457763672,0,0.0,0.0,0.0
2023-08-15 10:30:00-04:00,27.149799346923828,27.149799346923828,27.149799346923828,27.149799346923828,0,0.0,0.0,0.0
2023-08-15 14:30:00-04:00,27.06730079650879,27.06730079650879,27.06730079650879,27.06730079650879,138,0.0,0.0,0.0
2023-08-16 11:30:00-04:00,27.0,27.03499984741211,27.0,27.03499984741211,551,0.0,0.0,0.0
2023-08-16 13:30:00-04:00,26.9950008392334,26.9950008392334,26.9950008392334,26.9950008392334,283,0.0,0.0,0.0
2023-08-16 14:30:00-04:00,26.915800094604492,26.915800094604492,26.915800094604492,26.915800094604492,0,0.0,0.0,0.0
2023-08-17 10:30:00-04:00,26.915000915527344,26.915000915527344,26.915000915527344,26.915000915527344,117,0.0,0.0,0.0
2023-08-17 11:30:00-04:00,26.860000610351562,26.860000610351562,26.860000610351562,26.860000610351562,630,0.0,0.0,0.0
2023-08-17 14:30:00-04:00,26.76180076599121,26.76180076599121,26.76180076599121,26.76180076599121,0,0.0,0.0,0.0
2023-08-18 11:30:00-04:00,26.72599983215332,26.72599983215332,26.72599983215332,26.72599983215332,755,0.0,0.0,0.0
2023-08-18 14:30:00-04:00,26.73710060119629,26.742300033569336,26.73710060119629,26.742300033569336,2996,0.0,0.0,0.0
2023-08-21 11:30:00-04:00,26.719999313354492,26.719999313354492,26.709999084472656,26.709999084472656,0,0.0,0.0,0.0
2023-08-21 13:30:00-04:00,26.800100326538086,26.88990020751953,26.800100326538086,26.88990020751953,457,0.0,0.0,0.0
2023-08-21 14:30:00-04:00,26.920000076293945,26.924999237060547,26.920000076293945,26.924999237060547,443,0.0,0.0,0.0
2023-08-21 15:30:00-04:00,26.899200439453125,26.899200439453125,26.899200439453125,26.899200439453125,0,0.0,0.0,0.0
2023-08-22 12:30:00-04:00,26.8799991607666,26.93000030517578,26.8700008392334,26.93000030517578,770,0.0,0.0,0.0
2023-08-22 14:30:00-04:00,26.810400009155273,26.810400009155273,26.809999465942383,26.809999465942383,495,0.0,0.0,0.0
2023-08-22 15:30:00-04:00,26.79990005493164,26.854999542236328,26.79990005493164,26.844999313354492,0,0.0,0.0,0.0
2023-08-23 11:30:00-04:00,26.980100631713867,26.980100631713867,26.980100631713867,26.980100631713867,429,0.0,0.0,0.0
2023-08-23 12:30:00-04:00,27.06599998474121,27.06599998474121,27.06599998474121,27.06599998474121,469,0.0,0.0,0.0
2023-08-23 14:30:00-04:00,27.06999969482422,27.06999969482422,27.051599502563477,27.051599502563477,0,0.0,0.0,0.0
2023-08-24 12:30:00-04:00,26.895599365234375,26.895599365234375,26.84000015258789,26.84000015258789,550,0.0,0.0,0.0
2023-08-24 13:30:00-04:00,26.84000015258789,26.895000457763672,26.84000015258789,26.895000457763672,1325,0.0,0.0,0.0
2023-08-24 14:30:00-04:00,26.84000015258789,26.84000015258789,26.78700065612793,26.78700065612793,0,0.0,0.0,0.0
2023-08-25 10:30:00-04:00,26.690000534057617,26.690000534057617,26.690000534057617,26.690000534057617,508,0.0,0.0,0.0
2023-08-25 14:30:00-04:00,26.959999084472656,26.959999084472656,26.911800384521484,26.911800384521484,394,0.0,0.0,0.0
2023-08-28 09:30:00-04:00,27.004100799560547,27.004100799560547,27.004100799560547,27.004100799560547,0,0.0,0.0,0.0
2023-08-28 13:30:00-04:00,27.020000457763672,27.020000457763672,27.020000457763672,27.020000457763672,246,0.0,0.0,0.0
2023-08-28 15:30:00-04:00,26.979999542236328,27.043100357055664,26.979999542236328,27.043100357055664,0,0.0,0.0,0.0
2023-08-29 09:30:00-04:00,27.15999984741211,27.15999984741211,27.15999984741211,27.15999984741211,350,0.0,0.0,0.0
2023-08-29 11:30:00-04:00,27.26959991455078,27.26959991455078,27.26959991455078,27.26959991455078,0,0.0,0.0,0.0
2023-08-29 14:30:00-04:00,27.349899291992188,27.349899291992188,27.31999969482422,27.329999923706055,4212,0.0,0.0,0.0
2023-08-29 15:30:00-04:00,27.340299606323242,27.340299606323242,27.340299606323242,27.340299606323242,0,0.0,0.0,0.0
2023-08-30 10:30:00-04:00,27.405000686645508,27.405000686645508,27.399999618530273,27.399999618530273,491,0.0,0.0,0.0
2023-08-30 11:30:00-04:00,27.440000534057617,27.440000534057617,27.440000534057617,27.440000534057617,766,0.0,0.0,0.0
2023-08-30 12:30:00-04:00,27.459999084472656,27.459999084472656,27.459999084472656,27.459999084472656,1119,0.0,0.0,0.0
2023-08-30 13:30:00-04:00,27.459999084472656,27.46500015258789,27.459999084472656,27.46500015258789,509,0.0,0.0,0.0
2023-08-30 15:30:00-04:00,27.440000534057617,27.440000534057617,27.415599822998047,27.415599822998047,0,0.0,0.0,0.0
2023-08-31 10:30:00-04:00,27.5,27.5,27.5,27.5,303,0.0,0.0,0.0
2023-08-31 11:30:00-04:00,27.450000762939453,27.450000762939453,27.450000762939453,27.450000762939453,119,0.0,0.0,0.0
2023-08-31 12:30:00-04:00,27.404499053955078,27.404499053955078,27.404499053955078,27.404499053955078,253,0.0,0.0,0.0
2023-08-31 13:30:00-04:00,27.480300903320312,27.480300903320312,27.440000534057617,27.440000534057617,2413,0.0,0.0,0.0
2023-08-31 15:30:00-04:00,27.43000030517578,27.43000030517578,27.43000030517578,27.43000030517578,0,0.0,0.0,0.0
2023-09-01 13:30:00-04:00,27.40130043029785,27.40999984741211,27.379899978637695,27.40999984741211,720,0.0,0.0,0.0
2023-09-01 14:30:00-04:00,27.420000076293945,27.44379997253418,27.378700256347656,27.44379997253418,2591,0.0,0.0,0.0
2023-09-05 11:30:00-04:00,27.3700008392334,27.3700008392334,27.3700008392334,27.3700008392334,0,0.0,0.0,0.0
2023-09-05 14:30:00-04:00,27.360000610351562,27.364900588989258,27.360000610351562,27.364900588989258,0,0.0,0.0,0.0
2023-09-06 09:30:00-04:00,27.270000457763672,27.270000457763672,27.270000457763672,27.270000457763672,28062,0.0,0.0,0.0
2023-09-06 12:30:00-04:00,27.145000457763672,27.170000076293945,27.145000457763672,27.170000076293945,586,0.0,0.0,0.0
2023-09-06 14:30:00-04:00,27.200000762939453,27.200000762939453,27.15999984741211,27.16010093688965,472,0.0,0.0,0.0
2023-09-06 15:30:00-04:00,27.219999313354492,27.239999771118164,27.219999313354492,27.229999542236328,1173,0.0,0.0,0.0
2023-09-08 13:30:00-04:00,27.16010093688965,27.16010093688965,27.16010093688965,27.16010093688965,173,0.0,0.0,0.0
2023-09-08 14:30:00-04:00,27.121700286865234,27.121700286865234,27.121700286865234,27.121700286865234,2901,0.0,0.0,0.0
2023-09-08 15:30:00-04:00,27.155000686645508,27.16950035095215,27.155000686645508,27.16950035095215,415,0.0,0.0,0.0
2023-09-11 09:30:00-04:00,27.260000228881836,27.260000228881836,27.24340057373047,27.24340057373047,0,0.0,0.0,0.0
2023-09-11 13:30:00-04:00,27.270099639892578,27.270099639892578,27.270099639892578,27.270099639892578,130,0.0,0.0,0.0
2023-09-11 15:30:00-04:00,27.358299255371094,27.358299255371094,27.290000915527344,27.31130027770996,0,0.0,0.0,0.0
2023-09-12 11:30:00-04:00,27.280000686645508,27.280000686645508,27.264999389648438,27.264999389648438,731,0.0,0.0,0.0
2023-09-12 14:30:00-04:00,27.15999984741211,27.15999984741211,27.157499313354492,27.157499313354492,403,0.0,0.0,0.0
2023-09-12 15:30:00-04:00,27.190000534057617,27.229999542236328,27.179899215698242,27.209800720214844,0,0.0,0.0,0.0
2023-09-13 13:30:00-04:00,27.29990005493164,27.29990005493164,27.280000686645508,27.280000686645508,10089,0.0,0.0,0.0
2023-09-13 14:30:00-04:00,27.140100479125977,27.231599807739258,27.140100479125977,27.231599807739258,0,0.0,0.0,0.0
2023-09-14 10:30:00-04:00,27.420000076293945,27.420000076293945,27.40999984741211,27.40999984741211,484,0.0,0.0,0.0
2023-09-14 14:30:00-04:00,27.399999618530273,27.399999618530273,27.399999618530273,27.399999618530273,527,0.0,0.0,0.0
2023-09-14 15:30:00-04:00,27.440000534057617,27.450000762939453,27.40250015258789,27.40250015258789,0,0.0,0.0,0.0
2023-09-15 09:30:00-04:00,27.316099166870117,27.316099166870117,27.316099166870117,27.316099166870117,224,0.0,0.0,0.0
2023-09-15 12:30:00-04:00,27.200000762939453,27.200000762939453,27.200000762939453,27.200000762939453,1043,0.0,0.0,0.0
2023-09-15 15:30:00-04:00,27.190000534057617,27.190000534057617,27.128599166870117,27.128599166870117,430,0.0,0.0,0.0
2023-09-18 10:30:00-04:00,27.130800247192383,27.130800247192383,27.130800247192383,27.130800247192383,0,0.0,0.0,0.0
2023-09-18 15:30:00-04:00,27.139999389648438,27.155000686645508,27.13599967956543,27.13599967956543,632,0.0,0.0,0.0
2023-09-19 09:30:00-04:00,27.040000915527344,27.040000915527344,27.040000915527344,27.040000915527344,0,0.0,0.0,0.0
2023-09-19 12:30:00-04:00,27.049999237060547,27.049999237060547,27.049999237060547,27.049999237060547,168,0.0,0.0,0.0
2023-09-19 15:30:00-04:00,27.104999542236328,27.124300003051758,27.059999465942383,27.124300003051758,0,0.0,0.0,0.0
2023-09-20 12:30:00-04:00,27.170000076293945,27.170000076293945,27.170000076293945,27.170000076293945,609,0.0,0.0,0.0
2023-09-20 13:30:00-04:00,27.170000076293945,27.174999237060547,26.937700271606445,26.937700271606445,0,0.0,0.0,0.0
2023-09-21 11:30:00-04:00,26.703399658203125,26.703399658203125,26.703399658203125,26.703399658203125,390,0.0,0.0,0.0
2023-09-21 12:30:00-04:00,26.70509910583496,26.70509910583496,26.70509910583496,26.70509910583496,686,0.0,0.0,0.0
2023-09-21 14:30:00-04:00,26.65999984741211,26.670000076293945,26.5935001373291,26.5935001373291,0,0.0,0.0,0.0
2023-09-22 09:30:00-04:00,26.649999618530273,26.649999618530273,26.649999618530273,26.649999618530273,325,0.0,0.0,0.0
2023-09-22 14:30:00-04:00,26.510000228881836,26.624900817871094,26.510000228881836,26.56999969482422,0,0.0,0.0,0.0
2023-09-22 15:30:00-04:00,26.59000015258789,26.59000015258789,26.59000015258789,26.59000015258789,3179,0.0,0.0,0.0
2023-09-25 13:30:00-04:00,26.600000381469727,26.600000381469727,26.578699111938477,26.578699111938477,225,0.0,0.0,0.0
2023-09-25 14:30:00-04:00,26.549999237060547,26.622699737548828,26.549999237060547,26.622699737548828,0,0.0,0.0,0.0
2023-09-26 09:30:00-04:00,26.5,26.5,26.5,26.5,2355,0.0,0.0,0.0
2023-09-26 10:30:00-04:00,26.441499710083008,26.441499710083008,26.441499710083008,26.441499710083008,194,0.0,0.0,0.0
2023-09-26 11:30:00-04:00,26.420000076293945,26.420000076293945,26.420000076293945,26.420000076293945,323,0.0,0.0,0.0
2023-09-26 14:30:00-04:00,26.334999084472656,26.348899841308594,26.334999084472656,26.348899841308594,640,0.0,0.0,0.0
2023-09-27 09:30:00-04:00,26.459999084472656,26.459999084472656,26.338199615478516,26.338199615478516,0,0.0,0.0,0.0
2023-09-28 11:30:00-04:00,26.45599937438965,26.45599937438965,26.45599937438965,26.45599937438965,3213,0.0,0.0,0.0
2023-09-28 13:30:00-04:00,26.479999542236328,26.479999542236328,26.479999542236328,26.479999542236328,534,0.0,0.0,0.0
2023-09-28 15:30:00-04:00,26.469999313354492,26.469999313354492,26.440000534057617,26.45870018005371,0,0.0,0.0,0.0
2023-09-29 09:30:00-04:00,26.604999542236328,26.604999542236328,26.604999542236328,26.604999542236328,0,0.0,0.0,0.0
2023-09-29 13:30:00-04:00,26.440000534057617,26.440000534057617,26.389999389648438,26.389999389648438,1958,0.0,0.0,0.0
2023-09-29 14:30:00-04:00,26.420000076293945,26.420000076293945,26.385000228881836,26.403600692749023,3001,0.0,0.0,0.0
2023-10-02 14:30:00-04:00,26.360000610351562,26.360000610351562,26.360000610351562,26.360000610351562,0,0.0,0.0,0.0
2023-10-02 15:30:00-04:00,26.37849998474121,26.40999984741211,26.375,26.378700256347656,6411,0.0,0.0,0.0
2023-10-03 09:30:00-04:00,26.260000228881836,26.260000228881836,26.260000228881836,26.260000228881836,0,0.0,0.0,0.0
2023-10-03 14:30:00-04:00,26.09000015258789,26.104400634765625,26.09000015258789,26.104400634765625,142,0.0,0.0,0.0
2023-10-04 14:30:00-04:00,26.195899963378906,26.29599952697754,26.195899963378906,26.29599952697754,0,0.0,0.0,0.0
2023-10-05 10:30:00-04:00,26.170000076293945,26.170000076293945,26.170000076293945,26.170000076293945,464,0.0,0.0,0.0
2023-10-05 11:30:00-04:00,26.219999313354492,26.274999618530273,26.21470069885254,26.274999618530273,561,0.0,0.0,0.0
2023-10-06 09:30:00-04:00,26.139999389648438,26.139999389648438,26.139999389648438,26.139999389648438,0,0.0,0.0,0.0
2023-10-06 11:30:00-04:00,26.479999542236328,26.479999542236328,26.444400787353516,26.444400787353516,582,0.0,0.0,0.0
2023-10-06 12:30:00-04:00,26.40999984741211,26.450000762939453,26.40999984741211,26.450000762939453,2610,0.0,0.0,0.0
2023-10-06 13:30:00-04:00,26.45009994506836,26.45009994506836,26.45009994506836,26.45009994506836,835,0.0,0.0,0.0
2023-10-06 14:30:00-04:00,26.549999237060547,26.549999237060547,26.503700256347656,26.503700256347656,200,0.0,0.0,0.0
2023-10-09 11:30:00-04:00,26.46500015258789,26.46500015258789,26.46500015258789,26.46500015258789,0,0.0,0.0,0.0
2023-10-09 14:30:00-04:00,26.6200008392334,26.6200008392334,26.600000381469727,26.614599227905273,0,0.0,0.0,0.0
2023-10-10 12:30:00-04:00,26.739999771118164,26.78499984741211,26.709999084472656,26.709999084472656,3085,0.0,0.0,0.0
2023-10-10 13:30:00-04:00,26.709999084472656,26.790000915527344,26.709999084472656,26.725900650024414,0,0.0,0.0,0.0
2023-10-11 13:30:00-04:00,26.729999542236328,26.729999542236328,26.729999542236328,26.729999542236328,2610,0.0,0.0,0.0
2023-10-11 14:30:00-04:00,26.775699615478516,26.80620002746582,26.729999542236328,26.80620002746582,0,0.0,0.0,0.0
2023-10-12 12:30:00-04:00,26.83289909362793,26.83289909362793,26.83289909362793,26.83289909362793,448,0.0,0.0,0.0
2023-10-12 13:30:00-04:00,26.56999969482422,26.639999389648438,26.56999969482422,26.639999389648438,5478,0.0,0.0,0.0
2023-10-12 14:30:00-04:00,26.6200008392334,26.700000762939453,26.6200008392334,26.700000762939453,327,0.0,0.0,0.0
2023-10-12 15:30:00-04:00,26.739999771118164,26.739999771118164,26.72170066833496,26.72170066833496,0,0.0,0.0,0.0
2023-10-13 11:30:00-04:00,26.6299991607666,26.6299991607666,26.6299991607666,26.6299991607666,129,0.0,0.0,0.0
2023-10-13 14:30:00-04:00,26.594999313354492,26.649999618530273,26.586700439453125,26.586700439453125,1960,0.0,0.0,0.0
2023-10-16 09:30:00-04:00,26.6299991607666,26.6299991607666,26.6299991607666,26.6299991607666,0,0.0,0.0,0.0
2023-10-16 10:30:00-04:00,26.825000762939453,26.825000762939453,26.825000762939453,26.825000762939453,288,0.0,0.0,0.0
2023-10-16 14:30:00-04:00,26.790000915527344,26.821300506591797,26.790000915527344,26.821300506591797,0,0.0,0.0,0.0
2023-10-17 10:30:00-04:00,26.739999771118164,26.739999771118164,26.739999771118164,26.739999771118164,420,0.0,0.0,0.0
2023-10-17 13:30:00-04:00,26.75,26.75,26.75,26.75,1685,0.0,0.0,0.0
2023-10-17 14:30:00-04:00,26.72249984741211,26.781999588012695,26.72249984741211,26.781999588012695,994,0.0,0.0,0.0
2023-10-17 15:30:00-04:00,26.76609992980957,26.76609992980957,26.71500015258789,26.760000228881836,2287,0.0,0.0,0.0
2023-10-18 11:30:00-04:00,26.649999618530273,26.649999618530273,26.649999618530273,26.649999618530273,263,0.0,0.0,0.0
2023-10-18 12:30:00-04:00,26.610000610351562,26.610000610351562,26.610000610351562,26.610000610351562,321,0.0,0.0,0.0
2023-10-18 14:30:00-04:00,26.520000457763672,26.53420066833496,26.520000457763672,26.53420066833496,0,0.0,0.0,0.0
2023-10-19 12:30:00-04:00,26.59000015258789,26.604999542236328,26.559999465942383,26.559999465942383,419,0.0,0.0,0.0
2023-10-19 14:30:00-04:00,26.39229965209961,26.39229965209961,26.3799991607666,26.38129997253418,0,0.0,0.0,0.0
2023-10-20 09:30:00-04:00,26.329999923706055,26.329999923706055,26.329999923706055,26.329999923706055,210,0.0,0.0,0.0
2023-10-20 12:30:00-04:00,26.280000686645508,26.280000686645508,26.137699127197266,26.137699127197266,1045,0.0,0.0,0.0
2023-10-23 09:30:00-04:00,26.030000686645508,26.059999465942383,26.020099639892578,26.020099639892578,8027,0.0,0.0,0.0
2023-10-23 11:30:00-04:00,26.184999465942383,26.184999465942383,26.15999984741211,26.15999984741211,5621,0.0,0.0,0.0
2023-10-23 13:30:00-04:00,26.179800033569336,26.179800033569336,26.179800033569336,26.179800033569336,400,0.0,0.0,0.0
2023-10-23 14:30:00-04:00,26.170000076293945,26.170000076293945,26.07110023498535,26.07110023498535,0,0.0,0.0,0.0
2023-10-24 14:30:00-04:00,26.247299194335938,26.260000228881836,26.209999084472656,26.260000228881836,1698,0.0,0.0,0.0
2023-10-24 15:30:00-04:00,26.270000457763672,26.28499984741211,26.263999938964844,26.263999938964844,0,0.0,0.0,0.0
2023-10-25 11:30:00-04:00,26.079999923706055,26.079999923706055,26.079999923706055,26.079999923706055,1063,0.0,0.0,0.0
2023-10-25 12:30:00-04:00,25.975000381469727,25.975000381469727,25.9335994720459,25.9335994720459,0,0.0,0.0,0.0
2023-10-26 11:30:00-04:00,25.799999237060547,25.809999465942383,25.700000762939453,25.710800170898438,1921,0.0,0.0,0.0
2023-10-27 15:30:00-04:00,25.600000381469727,25.633699417114258,25.600000381469727,25.633699417114258,100,0.0,0.0,0.0
2023-10-30 14:30:00-04:00,25.93000030517578,25.93000030517578,25.93000030517578,25.93000030517578,0,0.0,0.0,0.0
2023-10-30 15:30:00-04:00,25.9148006439209,25.9148006439209,25.882299423217773,25.882299423217773,550,0.0,0.0,0.0
2023-10-31 09:30:00-04:00,25.91990089416504,25.91990089416504,25.91990089416504,25.91990089416504,0,0.0,0.0,0.0
2023-10-31 10:30:00-04:00,25.885000228881836,25.885000228881836,25.885000228881836,25.885000228881836,265,0.0,0.0,0.0
2023-10-31 11:30:00-04:00,25.889999389648438,25.889999389648438,25.889999389648438,25.889999389648438,368,0.0,0.0,0.0
2023-10-31 12:30:00-04:00,25.88010025024414,25.88010025024414,25.88010025024414,25.88010025024414,442,0.0,0.0,0.0
2023-10-31 14:30:00-04:00,26.01799964904785,26.01799964904785,26.01799964904785,26.01799964904785,1000,0.0,0.0,0.0
2023-10-31 15:30:00-04:00,25.99880027770996,25.99880027770996,25.99880027770996,25.99880027770996,0,0.0,0.0,0.0
2023-11-01 09:30:00-04:00,26.040000915527344,26.040000915527344,26.040000915527344,26.040000915527344,434,0.0,0.0,0.0
2023-11-01 14:30:00-04:00,26.155000686645508,26.185199737548828,26.1299991607666,26.185199737548828,4934,0.0,0.0,0.0
2023-11-01 15:30:00-04:00,26.209999084472656,26.229299545288086,26.139999389648438,26.179399490356445,0,0.0,0.0,0.0
2023-11-02 09:30:00-04:00,26.39859962463379,26.39859962463379,26.39859962463379,26.39859962463379,181,0.0,0.0,0.0
2023-11-02 10:30:00-04:00,26.399999618530273,26.40999984741211,26.399999618530273,26.40999984741211,1810,0.0,0.0,0.0
2023-11-02 13:30:00-04:00,26.479999542236328,26.510000228881836,26.479999542236328,26.510000228881836,988,0.0,0.0,0.0
2023-11-02 14:30:00-04:00,26.469999313354492,26.489999771118164,26.469999313354492,26.489999771118164,413,0.0,0.0,0.0
2023-11-02 15:30:00-04:00,26.5,26.5,26.485599517822266,26.485599517822266,144,0.0,0.0,0.0
2023-11-03 09:30:00-04:00,26.670000076293945,26.729999542236328,26.655000686645508,26.707500457763672,0,0.0,0.0,0.0
2023-11-03 10:30:00-04:00,26.671499252319336,26.671499252319336,26.671499252319336,26.671499252319336,604,0.0,0.0,0.0
2023-11-03 11:30:00-04:00,26.712400436401367,26.712400436401367,26.712400436401367,26.712400436401367,150,0.0,0.0,0.0
2023-11-03 14:30:00-04:00,26.729900360107422,26.729900360107422,26.729900360107422,26.729900360107422,266,0.0,0.0,0.0
2023-11-03 15:30:00-04:00,26.719999313354492,26.719999313354492,26.691699981689453,26.691699981689453,201,0.0,0.0,0.0
2023-11-06 10:30:00-05:00,26.770000457763672,26.770000457763672,26.770000457763672,26.770000457763672,0,0.0,0.0,0.0
2023-11-06 13:30:00-05:00,26.68000030517578,26.68000030517578,26.679899215698242,26.679899215698242,295,0.0,0.0,0.0
2023-11-06 14:30:00-05:00,26.709999084472656,26.729999542236328,26.690000534057617,26.690000534057617,696,0.0,0.0,0.0
2023-11-06 15:30:00-05:00,26.738000869750977,26.738000869750977,26.733400344848633,26.733400344848633,0,0.0,0.0,0.0
2023-11-07 11:30:00-05:00,26.790000915527344,26.790000915527344,26.790000915527344,26.790000915527344,370,0.0,0.0,0.0
2023-11-07 12:30:00-05:00,26.780000686645508,26.780000686645508,26.780000686645508,26.780000686645508,1172,0.0,0.0,0.0
2023-11-07 13:30:00-05:00,26.809900283813477,26.809900283813477,26.780099868774414,26.780099868774414,2999,0.0,0.0,0.0
2023-11-07 14:30:00-05:00,26.789899826049805,26.789899826049805,26.789899826049805,26.789899826049805,555,0.0,0.0,0.0
2023-11-07 15:30:00-05:00,26.809900283813477,26.809999465942383,26.7721004486084,26.7721004486084,374,0.0,0.0,0.0
2023-11-08 14:30:00-05:00,26.790000915527344,26.809999465942383,26.780000686645508,26.790000915527344,388,0.0,0.0,0.0
2023-11-08 15:30:00-05:00,26.780000686645508,26.805599212646484,26.780000686645508,26.805599212646484,0,0.0,0.0,0.0
2023-11-09 11:30:00-05:00,26.81999969482422,26.829999923706055,26.81999969482422,26.829999923706055,1377,0.0,0.0,0.0
2023-11-09 12:30:00-05:00,26.760000228881836,26.760000228881836,26.760000228881836,26.760000228881836,614,0.0,0.0,0.0
2023-11-09 13:30:00-05:00,26.690000534057617,26.700000762939453,26.690000534057617,26.700000762939453,270,0.0,0.0,0.0
2023-11-09 14:30:00-05:00,26.670000076293945,26.670000076293945,26.642200469970703,26.642200469970703,0,0.0,0.0,0.0
2023-11-10 09:30:00-05:00,26.7549991607666,26.7549991607666,26.7549991607666,26.7549991607666,462,0.0,0.0,0.0
2023-11-10 12:30:00-05:00,26.860000610351562,26.8799991607666,26.860000610351562,26.8799991607666,508,0.0,0.0,0.0
2023-11-10 13:30:00-05:00,26.899999618530273,26.90999984741211,26.889999389648438,26.90999984741211,1929,0.0,0.0,0.0
2023-11-10 14:30:00-05:00,26.90999984741211,26.975500106811523,26.90999984741211,26.975500106811523,1267,0.0,0.0,0.0
2023-11-13 11:30:00-05:00,27.0,27.0,27.0,27.0,0,0.0,0.0,0.0
2023-11-13 14:30:00-05:00,26.950000762939453,27.010000228881836,26.950000762939453,27.010000228881836,402,0.0,0.0,0.0
2023-11-13 15:30:00-05:00,26.985000610351562,26.985000610351562,26.950000762939453,26.965499877929688,0,0.0,0.0,0.0
2023-11-14 10:30:00-05:00,27.31329917907715,27.31329917907715,27.29010009765625,27.29800033569336,2350,0.0,0.0,0.0
2023-11-14 13:30:00-05:00,27.316099166870117,27.316099166870117,27.277999877929688,27.277999877929688,339,0.0,0.0,0.0
2023-11-14 14:30:00-05:00,27.349899291992188,27.3799991607666,27.31999969482422,27.31999969482422,931,0.0,0.0,0.0
2023-11-14 15:30:00-05:00,27.34079933166504,27.34079933166504,27.29490089416504,27.29490089416504,0,0.0,0.0,0.0
2023-11-15 09:30:00-05:00,27.34950065612793,27.34950065612793,27.34950065612793,27.34950065612793,156,0.0,0.0,0.0
2023-11-15 11:30:00-05:00,27.334999084472656,27.334999084472656,27.334999084472656,27.334999084472656,381,0.0,0.0,0.0
2023-11-15 12:30:00-05:00,27.334999084472656,27.334999084472656,27.334999084472656,27.334999084472656,245,0.0,0.0,0.0
2023-11-15 14:30:00-05:00,27.34000015258789,27.3700008392334,27.299999237060547,27.31839942932129,0,0.0,0.0,0.0
2023-11-16 09:30:00-05:00,27.344999313354492,27.3700008392334,27.344999313354492,27.36240005493164,426,0.0,0.0,0.0
2023-11-16 14:30:00-05:00,27.290000915527344,27.360000610351562,27.290000915527344,27.31999969482422,1335,0.0,0.0,0.0
2023-11-16 15:30:00-05:00,27.3700008392334,27.3700008392334,27.343399047851562,27.343399047851562,0,0.0,0.0,0.0
2023-11-17 10:30:00-05:00,27.3799991607666,27.389999389648438,27.3799991607666,27.3799991607666,1244,0.0,0.0,0.0
2023-11-17 11:30:00-05:00,27.3799991607666,27.3799991607666,27.3799991607666,27.3799991607666,650,0.0,0.0,0.0
2023-11-17 13:30:00-05:00,27.420000076293945,27.420000076293945,27.420000076293945,27.420000076293945,942,0.0,0.0,0.0
2023-11-17 14:30:00-05:00,27.385000228881836,27.43000030517578,27.385000228881836,27.43000030517578,999,0.0,0.0,0.0
2023-11-17 15:30:00-05:00,27.399999618530273,27.399999618530273,27.384899139404297,27.384899139404297,902,0.0,0.0,0.0
2023-11-20 09:30:00-05:00,27.399999618530273,27.399999618530273,27.399999618530273,27.399999618530273,0,0.0,0.0,0.0
2023-11-20 11:30:00-05:00,27.420000076293945,27.440000534057617,27.420000076293945,27.42009925842285,1694,0.0,0.0,0.0
2023-11-20 14:30:00-05:00,27.559999465942383,27.56999969482422,27.504899978637695,27.504899978637695,0,0.0,0.0,0.0
2023-11-21 10:30:00-05:00,27.420000076293945,27.420000076293945,27.420000076293945,27.420000076293945,372,0.0,0.0,0.0
2023-11-21 12:30:00-05:00,27.479999542236328,27.479999542236328,27.381000518798828,27.381000518798828,310,0.0,0.0,0.0
2023-11-21 14:30:00-05:00,27.420000076293945,27.520000457763672,27.420000076293945,27.520000457763672,702,0.0,0.0,0.0
2023-11-21 15:30:00-05:00,27.47760009765625,27.510000228881836,27.454999923706055,27.45989990234375,0,0.0,0.0,0.0
2023-11-22 09:30:00-05:00,27.511999130249023,27.511999130249023,27.511999130249023,27.511999130249023,344,0.0,0.0,0.0
2023-11-22 14:30:00-05:00,27.559999465942383,27.579999923706055,27.559999465942383,27.579999923706055,2018,0.0,0.0,0.0
2023-11-22 15:30:00-05:00,27.579999923706055,27.579999923706055,27.5398006439209,27.5398006439209,100,0.0,0.0,0.0
2023-11-27 09:30:00-05:00,27.459999084472656,27.459999084472656,27.459999084472656,27.459999084472656,0,0.0,0.0,0.0
2023-11-27 14:30:00-05:00,27.559999465942383,27.59000015258789,27.510000228881836,27.548500061035156,0,0.0,0.0,0.0
2023-11-28 12:30:00-05:00,27.559999465942383,27.559999465942383,27.55590057373047,27.55590057373047,5,0.0,0.0,0.0
2023-11-29 09:30:00-05:00,27.639999389648438,27.639999389648438,27.639999389648438,27.639999389648438,706,0.0,0.0,0.0
2023-11-29 13:30:00-05:00,27.6299991607666,27.6299991607666,27.610000610351562,27.610000610351562,265,0.0,0.0,0.0
2023-11-29 14:30:00-05:00,27.579999923706055,27.610000610351562,27.56439971923828,27.56439971923828,0,0.0,0.0,0.0
2023-11-30 09:30:00-05:00,27.55500030517578,27.55500030517578,27.55500030517578,27.55500030517578,265,0.0,0.0,0.0
2023-11-30 10:30:00-05:00,27.530000686645508,27.530000686645508,27.530000686645508,27.530000686645508,16371,0.0,0.0,0.0
2023-11-30 11:30:00-05:00,27.5,27.5,27.5,27.5,100,0.0,0.0,0.0
2023-11-30 13:30:00-05:00,27.520000457763672,27.520000457763672,27.520000457763672,27.520000457763672,122,0.0,0.0,0.0
2023-11-30 14:30:00-05:00,27.559999465942383,27.59000015258789,27.559999465942383,27.59000015258789,403,0.0,0.0,0.0
2023-11-30 15:30:00-05:00,27.530000686645508,27.630699157714844,27.530000686645508,27.630699157714844,0,0.0,0.0,0.0
2023-12-01 09:30:00-05:00,27.53499984741211,27.53499984741211,27.53499984741211,27.53499984741211,591,0.0,0.0,0.0
2023-12-01 10:30:00-05:00,27.59000015258789,27.599700927734375,27.59000015258789,27.599700927734375,480,0.0,0.0,0.0
2023-12-01 14:30:00-05:00,27.655000686645508,27.655000686645508,27.655000686645508,27.655000686645508,198,0.0,0.0,0.0
2023-12-01 15:30:00-05:00,27.649999618530273,27.649999618530273,27.649999618530273,27.649999618530273,197,0.0,0.0,0.0
2023-12-04 13:30:00-05:00,27.489999771118164,27.489999771118164,27.489999771118164,27.489999771118164,0,0.0,0.0,0.0
2023-12-04 14:30:00-05:00,27.54330062866211,27.56999969482422,27.510000228881836,27.56999969482422,196180,0.0,0.0,0.0
2023-12-04 15:30:00-05:00,27.569299697875977,27.600000381469727,27.569299697875977,27.569299697875977,0,0.0,0.0,0.0
2023-12-05 13:30:00-05:00,27.579999923706055,27.59000015258789,27.57990074157715,27.59000015258789,1253,0.0,0.0,0.0
2023-12-05 14:30:00-05:00,27.600000381469727,27.609899520874023,27.59600067138672,27.609899520874023,490,0.0,0.0,0.0
2023-12-05 15:30:00-05:00,27.564899444580078,27.610000610351562,27.530000686645508,27.600000381469727,0,0.0,0.0,0.0
2023-12-06 10:30:00-05:00,27.610000610351562,27.610000610351562,27.610000610351562,27.610000610351562,220,0.0,0.0,0.0
2023-12-06 12:30:00-05:00,27.546499252319336,27.546499252319336,27.546499252319336,27.546499252319336,1000,0.0,0.0,0.0
2023-12-06 13:30:00-05:00,27.559999465942383,27.559999465942383,27.5,27.510000228881836,126772,0.0,0.0,0.0
2023-12-06 14:30:00-05:00,27.530000686645508,27.530000686645508,27.5,27.5,2087,0.0,0.0,0.0
2023-12-06 15:30:00-05:00,27.530000686645508,27.530000686645508,27.478200912475586,27.478200912475586,0,0.0,0.0,0.0
2023-12-07 09:30:00-05:00,27.540000915527344,27.600000381469727,27.540000915527344,27.600000381469727,718,0.0,0.0,0.0
2023-12-07 10:30:00-05:00,27.600000381469727,27.6200008392334,27.584999084472656,27.584999084472656,1249,0.0,0.0,0.0
2023-12-07 11:30:00-05:00,27.575000762939453,27.600000381469727,27.575000762939453,27.600000381469727,611,0.0,0.0,0.0
2023-12-07 13:30:00-05:00,27.610000610351562,27.610000610351562,27.610000610351562,27.610000610351562,183,0.0,0.0,0.0
2023-12-07 14:30:00-05:00,27.66990089416504,27.66990089416504,27.648399353027344,27.648399353027344,2137,0.0,0.0,0.0
2023-12-07 15:30:00-05:00,27.639999389648438,27.639999389648438,27.610000610351562,27.610000610351562,0,0.0,0.0,0.0
2023-12-08 12:30:00-05:00,27.607099533081055,27.690000534057617,27.607099533081055,27.68000030517578,3692,0.0,0.0,0.0
2023-12-08 13:30:00-05:00,27.684999465942383,27.684999465942383,27.684999465942383,27.684999465942383,100,0.0,0.0,0.0
2023-12-08 14:30:00-05:00,27.729999542236328,27.782100677490234,27.700000762939453,27.782100677490234,2402,0.0,0.0,0.0
2023-12-08 15:30:00-05:00,27.75,27.760000228881836,27.734899520874023,27.734899520874023,27708,0.0,0.0,0.0
2023-12-11 10:30:00-05:00,27.749900817871094,27.749900817871094,27.729999542236328,27.729999542236328,201,0.0,0.0,0.0
2023-12-11 11:30:00-05:00,27.710399627685547,27.710399627685547,27.710399627685547,27.710399627685547,432,0.0,0.0,0.0
2023-12-11 12:30:00-05:00,27.7549991607666,27.760000228881836,27.7549991607666,27.760000228881836,1360,0.0,0.0,0.0
2023-12-11 13:30:00-05:00,27.77669906616211,27.77669906616211,27.760000228881836,27.760000228881836,3433,0.0,0.0,0.0
2023-12-11 14:30:00-05:00,27.770000457763672,27.799999237060547,27.770000457763672,27.799999237060547,2083,0.0,0.0,0.0
2023-12-11 15:30:00-05:00,27.790000915527344,27.82509994506836,27.790000915527344,27.82509994506836,1262,0.0,0.0,0.0
2023-12-12 09:30:00-05:00,27.81999969482422,27.81999969482422,27.770000457763672,27.790000915527344,0,0.0,0.0,0.0
2023-12-12 13:30:00-05:00,27.850000381469727,27.899999618530273,27.850000381469727,27.899999618530273,1455,0.0,0.0,0.0
2023-12-12 15:30:00-05:00,27.889999389648438,27.919700622558594,27.8700008392334,27.919700622558594,1801,0.0,0.0,0.0
2023-12-13 09:30:00-05:00,27.8799991607666,27.915000915527344,27.8799991607666,27.915000915527344,0,0.0,0.0,0.0
2023-12-13 10:30:00-05:00,27.93000030517578,27.93000030517578,27.93000030517578,27.93000030517578,164,0.0,0.0,0.0
2023-12-13 13:30:00-05:00,27.899999618530273,28.100000381469727,27.895000457763672,28.100000381469727,1015,0.0,0.0,0.0
2023-12-13 14:30:00-05:00,28.15999984741211,28.15999984741211,28.079999923706055,28.094999313354492,2462,0.0,0.0,0.0
2023-12-13 15:30:00-05:00,28.114999771118164,28.166099548339844,28.070100784301758,28.166099548339844,3881,0.0,0.0,0.0
2023-12-14 09:30:00-05:00,28.231199264526367,28.231199264526367,28.231199264526367,28.231199264526367,0,0.0,0.0,0.0
2023-12-14 11:30:00-05:00,28.239999771118164,28.239999771118164,28.219999313354492,28.219999313354492,484,0.0,0.0,0.0
2023-12-14 13:30:00-05:00,28.135000228881836,28.170000076293945,28.1299991607666,28.170000076293945,9656,0.0,0.0,0.0
2023-12-14 14:30:00-05:00,28.200000762939453,28.217500686645508,28.17060089111328,28.217500686645508,0,0.0,0.0,0.0
2023-12-15 10:30:00-05:00,28.229999542236328,28.229999542236328,28.229999542236328,28.229999542236328,200,0.0,0.0,0.0
2023-12-15 11:30:00-05:00,28.225000381469727,28.225000381469727,28.225000381469727,28.225000381469727,557,0.0,0.0,0.0
2023-12-15 13:30:00-05:00,28.202499389648438,28.202499389648438,28.202499389648438,28.202499389648438,437,0.0,0.0,0.0
2023-12-15 15:30:00-05:00,28.200000762939453,28.24489974975586,28.160400390625,28.24489974975586,7923,0.0,0.0,0.0
2023-12-18 09:30:00-05:00,28.360000610351562,28.360000610351562,28.360000610351562,28.360000610351562,0,0.0,0.0,0.0
2023-12-18 10:30:00-05:00,28.285900115966797,28.285900115966797,28.285900115966797,28.285900115966797,276,0.0,0.0,0.0
2023-12-18 11:30:00-05:00,28.312700271606445,28.312700271606445,28.312700271606445,28.312700271606445,5230,0.0,0.0,0.0
2023-12-18 12:30:00-05:00,28.327600479125977,28.327600479125977,28.327600479125977,28.327600479125977,155,0.0,0.0,0.0
2023-12-18 13:30:00-05:00,28.360000610351562,28.360000610351562,28.334999084472656,28.334999084472656,1702,0.0,0.0,0.0
2023-12-18 15:30:00-05:00,28.334999084472656,28.360000610351562,28.322399139404297,28.322399139404297,1025,0.0,0.0,0.0
2023-12-19 09:30:00-05:00,28.260000228881836,28.357999801635742,28.260000228881836,28.357999801635742,0,0.0,0.0,0.0
2023-12-19 10:30:00-05:00,28.3700008392334,28.3700008392334,28.3700008392334,28.3700008392334,392,0.0,0.0,0.0
2023-12-19 11:30:00-05:00,28.389999389648438,28.389999389648438,28.38990020751953,28.38990020751953,314,0.0,0.0,0.0
2023-12-19 13:30:00-05:00,28.413999557495117,28.413999557495117,28.413999557495117,28.413999557495117,296,0.0,0.0,0.0
2023-12-19 14:30:00-05:00,28.389999389648438,28.402999877929688,28.389999389648438,28.402999877929688,0,0.0,0.0,0.0
2023-12-20 09:30:00-05:00,28.420000076293945,28.459999084472656,28.420000076293945,28.45989990234375,3686,0.0,0.0,0.0
2023-12-20 10:30:00-05:00,28.43000030517578,28.43000030517578,28.43000030517578,28.43000030517578,184,0.0,0.0,0.0
2023-12-20 11:30:00-05:00,28.459999084472656,28.459999084472656,28.39069938659668,28.39069938659668,7801,0.0,0.0,0.0
2023-12-20 12:30:00-05:00,28.43199920654297,28.43199920654297,28.391799926757812,28.399999618530273,12264,0.0,0.0,0.0
2023-12-20 13:30:00-05:00,28.405000686645508,28.405000686645508,28.405000686645508,28.405000686645508,389,0.0,0.0,0.0
2023-12-20 14:30:00-05:00,28.219999313354492,28.219999313354492,28.18269920349121,28.2106990814209,1452,0.0,0.0,0.0
2023-12-20 15:30:00-05:00,28.20490074157715,28.20490074157715,28.09000015258789,28.09000015258789,1026,0.0,0.0,0.0
2023-12-21 09:30:00-05:00,28.270000457763672,28.270000457763672,28.270000457763672,28.270000457763672,0,0.0,0.0,0.0
2023-12-21 11:30:00-05:00,28.190000534057617,28.190000534057617,28.190000534057617,28.190000534057617,303,0.0,0.0,0.0
2023-12-21 14:30:00-05:00,28.2362003326416,28.280000686645508,28.229999542236328,28.27899932861328,2210,0.0,0.0,0.0
2023-12-21 15:30:00-05:00,28.320199966430664,28.320199966430664,28.320199966430664,28.320199966430664,0,0.0,0.0,0.0
2023-12-22 11:30:00-05:00,28.399999618530273,28.399999618530273,28.375,28.375,250,0.0,0.0,0.0
2023-12-22 12:30:00-05:00,28.40999984741211,28.40999984741211,28.389999389648438,28.389999389648438,1200,0.0,0.0,0.0
2023-12-22 13:30:00-05:00,28.395000457763672,28.395000457763672,28.395000457763672,28.395000457763672,226,0.0,0.0,0.0
2023-12-22 14:30:00-05:00,28.389999389648438,28.40999984741211,28.389999389648438,28.40999984741211,512,0.0,0.0,0.0
2023-12-22 15:30:00-05:00,28.350000381469727,28.364999771118164,28.350000381469727,28.35740089416504,1003,0.0,0.0,0.0
2023-12-26 09:30:00-05:00,28.405000686645508,28.41360092163086,28.405000686645508,28.41360092163086,0,0.0,0.0,0.0
2023-12-26 13:30:00-05:00,28.459999084472656,28.469999313354492,28.459999084472656,28.469999313354492,550,0.0,0.0,0.0
2023-12-26 14:30:00-05:00,28.415000915527344,28.438800811767578,28.415000915527344,28.438800811767578,0,0.0,0.0,0.0
2023-12-27 10:30:00-05:00,28.44499969482422,28.44499969482422,28.44499969482422,28.44499969482422,1004,0.0,0.0,0.0
2023-12-27 12:30:00-05:00,28.479999542236328,28.489999771118164,28.479999542236328,28.489999771118164,2700,0.0,0.0,0.0
2023-12-27 13:30:00-05:00,28.49449920654297,28.508100509643555,28.40999984741211,28.40999984741211,3358,0.0,0.0,0.0
2023-12-27 14:30:00-05:00,28.440000534057617,28.47559928894043,28.440000534057617,28.47559928894043,1986,0.0,0.0,0.0
2023-12-27 15:30:00-05:00,28.489999771118164,28.489999771118164,28.469999313354492,28.476999282836914,1026,0.0,0.0,0.0
2023-12-28 09:30:00-05:00,28.514999389648438,28.514999389648438,28.514999389648438,28.514999389648438,0,0.0,0.0,0.0
2023-12-28 10:30:00-05:00,28.528200149536133,28.540000915527344,28.528200149536133,28.539899826049805,2314,0.0,0.0,0.0
2023-12-28 11:30:00-05:00,28.534500122070312,28.534500122070312,28.534500122070312,28.534500122070312,500,0.0,0.0,0.0
2023-12-28 13:30:00-05:00,28.520000457763672,28.520000457763672,28.5,28.5,300,0.0,0.0,0.0
2023-12-28 14:30:00-05:00,28.549999237060547,28.549999237060547,28.515899658203125,28.515899658203125,0,0.0,0.0,0.0
2023-12-29 13:30:00-05:00,28.489999771118164,28.489999771118164,28.489299774169922,28.489299774169922,5384,0.0,0.0,0.0
2023-12-29 14:30:00-05:00,28.479999542236328,28.479999542236328,28.45789909362793,28.45789909362793,1334,0.0,0.0,0.0
2024-01-02 09:30:00-05:00,28.3799991607666,28.3799991607666,28.3799991607666,28.3799991607666,0,0.0,0.0,0.0
2024-01-02 10:30:00-05:00,28.315000534057617,28.315000534057617,28.280099868774414,28.280099868774414,393,0.0,0.0,0.0
2024-01-02 11:30:00-05:00,28.3700008392334,28.399999618530273,28.351699829101562,28.399999618530273,2698,0.0,0.0,0.0
2024-01-02 12:30:00-05:00,28.399999618530273,28.40999984741211,28.33169937133789,28.33169937133789,1982,0.0,0.0,0.0
2024-01-02 13:30:00-05:00,28.3700008392334,28.3700008392334,28.3700008392334,28.3700008392334,1244,0.0,0.0,0.0
2024-01-02 14:30:00-05:00,28.350000381469727,28.350000381469727,28.25,28.31999969482422,5422,0.0,0.0,0.0
2024-01-02 15:30:00-05:00,28.334999084472656,28.34939956665039,28.334999084472656,28.34939956665039,0,0.0,0.0,0.0
2024-01-03 09:30:00-05:00,28.3700008392334,28.3700008392334,28.25200080871582,28.25200080871582,1325,0.0,0.0,0.0
2024-01-03 10:30:00-05:00,28.204999923706055,28.270000457763672,28.204999923706055,28.270000457763672,984,0.0,0.0,0.0
2024-01-03 12:30:00-05:00,28.219999313354492,28.219999313354492,28.219999313354492,28.219999313354492,365,0.0,0.0,0.0
2024-01-03 13:30:00-05:00,28.22010040283203,28.260000228881836,28.22010040283203,28.260000228881836,1905,0.0,0.0,0.0
2024-01-03 14:30:00-05:00,28.239999771118164,28.239999771118164,28.19700050354004,28.19700050354004,549,0.0,0.0,0.0
2024-01-03 15:30:00-05:00,28.239999771118164,28.239999771118164,28.198200225830078,28.198200225830078,800,0.0,0.0,0.0
2024-01-04 09:30:00-05:00,28.166799545288086,28.166799545288086,28.166799545288086,28.166799545288086,0,0.0,0.0,0.0
2024-01-04 10:30:00-05:00,28.25,28.25,28.25,28.25,400,0.0,0.0,0.0
2024-01-04 13:30:00-05:00,28.21500015258789,28.21500015258789,28.21500015258789,28.21500015258789,1508,0.0,0.0,0.0
2024-01-04 14:30:00-05:00,28.229999542236328,28.229999542236328,28.229999542236328,28.229999542236328,136,0.0,0.0,0.0
2024-01-04 15:30:00-05:00,28.170000076293945,28.170000076293945,28.140399932861328,28.140399932861328,1783,0.0,0.0,0.0
2024-01-05 09:30:00-05:00,28.264999389648438,28.264999389648438,28.264999389648438,28.264999389648438,0,0.0,0.0,0.0
2024-01-05 10:30:00-05:00,28.234500885009766,28.234500885009766,28.219999313354492,28.219999313354492,2084,0.0,0.0,0.0
2024-01-05 11:30:00-05:00,28.15999984741211,28.15999984741211,28.15999984741211,28.15999984741211,108,0.0,0.0,0.0
2024-01-05 12:30:00-05:00,28.139999389648438,28.139999389648438,28.1200008392334,28.1200008392334,210,0.0,0.0,0.0
2024-01-05 13:30:00-05:00,28.15999984741211,28.15999984741211,28.15999984741211,28.15999984741211,350,0.0,0.0,0.0
2024-01-05 14:30:00-05:00,28.15999984741211,28.15999984741211,28.100000381469727,28.149999618530273,2308,0.0,0.0,0.0
2024-01-05 15:30:00-05:00,28.1200008392334,28.188199996948242,28.1200008392334,28.188199996948242,800,0.0,0.0,0.0
2024-01-08 09:30:00-05:00,28.200000762939453,28.280000686645508,28.200000762939453,28.280000686645508,0,0.0,0.0,0.0
2024-01-08 10:30:00-05:00,28.29800033569336,28.29800033569336,28.29800033569336,28.29800033569336,629,0.0,0.0,0.0
2024-01-08 14:30:00-05:00,28.399999618530273,28.399999618530273,28.399999618530273,28.399999618530273,166,0.0,0.0,0.0
2024-01-08 15:30:00-05:00,28.440000534057617,28.4419002532959,28.440000534057617,28.4419002532959,0,0.0,0.0,0.0
2024-01-09 10:30:00-05:00,28.41990089416504,28.420000076293945,28.40999984741211,28.40999984741211,665,0.0,0.0,0.0
2024-01-09 11:30:00-05:00,28.399999618530273,28.424999237060547,28.399999618530273,28.424999237060547,302,0.0,0.0,0.0
2024-01-09 14:30:00-05:00,28.434999465942383,28.434999465942383,28.434999465942383,28.434999465942383,531,0.0,0.0,0.0
2024-01-09 15:30:00-05:00,28.40999984741211,28.469999313354492,28.40999984741211,28.440799713134766,1176,0.0,0.0,0.0
2024-01-10 10:30:00-05:00,28.479999542236328,28.479999542236328,28.479999542236328,28.479999542236328,3400,0.0,0.0,0.0
2024-01-10 11:30:00-05:00,28.480600357055664,28.480600357055664,28.480600357055664,28.480600357055664,1173,0.0,0.0,0.0
2024-01-10 14:30:00-05:00,28.558399200439453,28.600000381469727,28.540000915527344,28.57990074157715,1384,0.0,0.0,0.0
2024-01-10 15:30:00-05:00,28.530000686645508,28.530000686645508,28.530000686645508,28.530000686645508,0,0.0,0.0,0.0
2024-01-11 11:30:00-05:00,28.389999389648438,28.389999389648438,28.3700008392334,28.3700008392334,1005,0.0,0.0,0.0
2024-01-11 13:30:00-05:00,28.489999771118164,28.489999771118164,28.489999771118164,28.489999771118164,135,0.0,0.0,0.0
2024-01-11 14:30:00-05:00,28.56999969482422,28.56999969482422,28.520000457763672,28.552099227905273,0,0.0,0.0,0.0
2024-01-12 11:30:00-05:00,28.549999237060547,28.549999237060547,28.549999237060547,28.549999237060547,495,0.0,0.0,0.0
2024-01-12 12:30:00-05:00,28.520000457763672,28.56999969482422,28.520000457763672,28.56999969482422,550,0.0,0.0,0.0
2024-01-12 13:30:00-05:00,28.59000015258789,28.59000015258789,28.56999969482422,28.56999969482422,1726,0.0,0.0,0.0
2024-01-12 15:30:00-05:00,28.579999923706055,28.586200714111328,28.549999237060547,28.586200714111328,2325,0.0,0.0,0.0
2024-01-16 09:30:00-05:00,28.46500015258789,28.46500015258789,28.46500015258789,28.46500015258789,0,0.0,0.0,0.0
2024-01-16 10:30:00-05:00,28.579999923706055,28.579999923706055,28.55500030517578,28.55500030517578,2069,0.0,0.0,0.0
2024-01-16 13:30:00-05:00,28.431499481201172,28.431499481201172,28.431499481201172,28.431499481201172,2006,0.0,0.0,0.0
2024-01-16 15:30:00-05:00,28.489999771118164,28.489999771118164,28.469999313354492,28.472200393676758,0,0.0,0.0,0.0
2024-01-17 14:30:00-05:00,28.350000381469727,28.350000381469727,28.309999465942383,28.309999465942383,584,0.0,0.0,0.0
2024-01-17 15:30:00-05:00,28.3799991607666,28.395599365234375,28.3799991607666,28.395599365234375,5757,0.0,0.0,0.0
2024-01-18 09:30:00-05:00,28.45359992980957,28.45359992980957,28.45359992980957,28.45359992980957,0,0.0,0.0,0.0
2024-01-18 10:30:00-05:00,28.489999771118164,28.499900817871094,28.459999084472656,28.459999084472656,2099,0.0,0.0,0.0
2024-01-18 11:30:00-05:00,28.469999313354492,28.469999313354492,28.45319938659668,28.45319938659668,1498,0.0,0.0,0.0
2024-01-18 12:30:00-05:00,28.42009925842285,28.42009925842285,28.42009925842285,28.42009925842285,456,0.0,0.0,0.0
2024-01-18 15:30:00-05:00,28.520099639892578,28.532800674438477,28.520099639892578,28.532800674438477,220,0.0,0.0,0.0
2024-01-19 10:30:00-05:00,28.649999618530273,28.700000762939453,28.649999618530273,28.700000762939453,0,0.0,0.0,0.0
2024-01-19 11:30:00-05:00,28.67799949645996,28.67799949645996,28.67799949645996,28.67799949645996,494,0.0,0.0,0.0
2024-01-19 14:30:00-05:00,28.829999923706055,28.829999923706055,28.75,28.75,3328,0.0,0.0,0.0
2024-01-19 15:30:00-05:00,28.770000457763672,28.80389976501465,28.770000457763672,28.80389976501465,2850,0.0,0.0,0.0
2024-01-22 09:30:00-05:00,28.900999069213867,28.900999069213867,28.900999069213867,28.900999069213867,0,0.0,0.0,0.0
2024-01-22 10:30:00-05:00,28.829999923706055,28.854999542236328,28.81999969482422,28.854999542236328,3588,0.0,0.0,0.0
2024-01-22 14:30:00-05:00,28.889999389648438,28.899900436401367,28.850000381469727,28.850000381469727,1786,0.0,0.0,0.0
2024-01-22 15:30:00-05:00,28.860000610351562,28.889999389648438,28.860000610351562,28.860200881958008,0,0.0,0.0,0.0
2024-01-23 09:30:00-05:00,28.920000076293945,28.920000076293945,28.920000076293945,28.920000076293945,131,0.0,0.0,0.0
2024-01-23 10:30:00-05:00,28.854999542236328,28.854999542236328,28.854999542236328,28.854999542236328,208,0.0,0.0,0.0
2024-01-23 11:30:00-05:00,28.826000213623047,28.826000213623047,28.826000213623047,28.826000213623047,998,0.0,0.0,0.0
2024-01-23 13:30:00-05:00,28.850000381469727,28.850000381469727,28.850000381469727,28.850000381469727,16437,0.0,0.0,0.0
2024-01-23 14:30:00-05:00,28.899999618530273,28.91900062561035,28.889999389648438,28.91900062561035,0,0.0,0.0,0.0
2024-01-24 10:30:00-05:00,29.059999465942383,29.059999465942383,29.059999465942383,29.059999465942383,345,0.0,0.0,0.0
2024-01-24 11:30:00-05:00,29.079999923706055,29.079999923706055,29.079999923706055,29.079999923706055,736,0.0,0.0,0.0
2024-01-24 13:30:00-05:00,28.98590087890625,28.9950008392334,28.927400588989258,28.927400588989258,0,0.0,0.0,0.0
2024-01-25 13:30:00-05:00,28.959999084472656,28.959999084472656,28.959999084472656,28.959999084472656,401,0.0,0.0,0.0
2024-01-25 14:30:00-05:00,29.0,29.0,28.989999771118164,29.0,300,0.0,0.0,0.0
2024-01-25 15:30:00-05:00,29.010000228881836,29.020000457763672,29.00279998779297,29.00279998779297,0,0.0,0.0,0.0
2024-01-26 09:30:00-05:00,29.010000228881836,29.030000686645508,29.010000228881836,29.030000686645508,1597,0.0,0.0,0.0
2024-01-26 10:30:00-05:00,29.030000686645508,29.09000015258789,29.030000686645508,29.09000015258789,785,0.0,0.0,0.0
2024-01-26 14:30:00-05:00,29.030000686645508,29.030000686645508,28.989999771118164,29.0049991607666,1111,0.0,0.0,0.0
2024-01-26 15:30:00-05:00,29.020000457763672,29.020000457763672,28.999099731445312,28.999099731445312,800,0.0,0.0,0.0
2024-01-29 09:30:00-05:00,28.950000762939453,28.950000762939453,28.950000762939453,28.950000762939453,0,0.0,0.0,0.0
2024-01-29 14:30:00-05:00,29.06999969482422,29.159900665283203,29.06999969482422,29.159900665283203,8203,0.0,0.0,0.0
2024-01-29 15:30:00-05:00,29.1200008392334,29.1200008392334,29.118799209594727,29.118799209594727,0,0.0,0.0,0.0
2024-01-30 11:30:00-05:00,29.110000610351562,29.110000610351562,29.110000610351562,29.110000610351562,100,0.0,0.0,0.0
2024-01-30 12:30:00-05:00,29.12540054321289,29.12540054321289,29.12540054321289,29.12540054321289,0,0.0,0.0,0.0
2024-01-30 14:30:00-05:00,29.100000381469727,29.12649917602539,29.070100784301758,29.12649917602539,40921,0.0,0.0,0.0
2024-01-30 15:30:00-05:00,29.09000015258789,29.105300903320312,29.09000015258789,29.105300903320312,0,0.0,0.0,0.0
2024-01-31 09:30:00-05:00,29.030000686645508,29.030000686645508,29.030000686645508,29.030000686645508,285,0.0,0.0,0.0
2024-01-31 11:30:00-05:00,28.950000762939453,28.950000762939453,28.950000762939453,28.950000762939453,1582,0.0,0.0,0.0
2024-01-31 12:30:00-05:00,28.959999084472656,28.979900360107422,28.959999084472656,28.96500015258789,3593,0.0,0.0,0.0
2024-01-31 13:30:00-05:00,28.959999084472656,28.96500015258789,28.880599975585938,28.92009925842285,1974,0.0,0.0,0.0
2024-01-31 14:30:00-05:00,28.940000534057617,29.024999618530273,28.850000381469727,28.8799991607666,3083,0.0,0.0,0.0
2024-01-31 15:30:00-05:00,28.823699951171875,28.823699951171875,28.823699951171875,28.823699951171875,0,0.0,0.0,0.0
2024-02-01 09:30:00-05:00,28.860000610351562,28.860000610351562,28.860000610351562,28.860000610351562,340,0.0,0.0,0.0
2024-02-01 12:30:00-05:00,28.950000762939453,28.950000762939453,28.950000762939453,28.950000762939453,2069,0.0,0.0,0.0
2024-02-01 13:30:00-05:00,28.90999984741211,28.924999237060547,28.90999984741211,28.924999237060547,826,0.0,0.0,0.0
2024-02-01 14:30:00-05:00,28.969999313354492,29.010000228881836,28.969999313354492,29.010000228881836,4698,0.0,0.0,0.0
2024-02-01 15:30:00-05:00,28.99690055847168,28.99690055847168,28.994199752807617,28.994199752807617,0,0.0,0.0,0.0
2024-02-02 09:30:00-05:00,29.059999465942383,29.059999465942383,29.059999465942383,29.059999465942383,200,0.0,0.0,0.0
2024-02-02 10:30:00-05:00,29.09000015258789,29.114999771118164,29.09000015258789,29.114999771118164,576,0.0,0.0,0.0
2024-02-02 13:30:00-05:00,29.190000534057617,29.229999542236328,29.190000534057617,29.229999542236328,1858,0.0,0.0,0.0
2024-02-02 14:30:00-05:00,29.239999771118164,29.270000457763672,29.200000762939453,29.200000762939453,728,0.0,0.0,0.0
2024-02-02 15:30:00-05:00,29.190000534057617,29.194400787353516,29.190000534057617,29.194400787353516,224,0.0,0.0,0.0
2024-02-05 10:30:00-05:00,29.045000076293945,29.05500030517578,29.045000076293945,29.05500030517578,214,0.0,0.0,0.0
2024-02-05 11:30:00-05:00,29.079999923706055,29.100000381469727,29.079999923706055,29.100000381469727,529,0.0,0.0,0.0
2024-02-05 14:30:00-05:00,29.200000762939453,29.219999313354492,29.110000610351562,29.1200008392334,60369,0.0,0.0,0.0
2024-02-05 15:30:00-05:00,29.190000534057617,29.190000534057617,29.139999389648438,29.153900146484375,0,0.0,0.0,0.0
2024-02-06 09:30:00-05:00,29.184999465942383,29.184999465942383,29.100000381469727,29.100000381469727,1643,0.0,0.0,0.0
2024-02-06 14:30:00-05:00,29.149999618530273,29.200000762939453,29.149999618530273,29.190000534057617,27074,0.0,0.0,0.0
2024-02-06 15:30:00-05:00,29.1299991607666,29.190000534057617,29.1299991607666,29.18950080871582,0,0.0,0.0,0.0
2024-02-07 09:30:00-05:00,29.319599151611328,29.319599151611328,29.319599151611328,29.319599151611328,258,0.0,0.0,0.0
2024-02-07 11:30:00-05:00,29.310699462890625,29.310699462890625,29.310699462890625,29.310699462890625,416,0.0,0.0,0.0
2024-02-07 12:30:00-05:00,29.334999084472656,29.334999084472656,29.334999084472656,29.334999084472656,324,0.0,0.0,0.0
2024-02-07 13:30:00-05:00,29.360000610351562,29.3700008392334,29.360000610351562,29.3700008392334,1625,0.0,0.0,0.0
2024-02-07 15:30:00-05:00,29.3700008392334,29.3700008392334,29.329999923706055,29.33209991455078,0,0.0,0.0,0.0
2024-02-08 09:30:00-05:00,29.360000610351562,29.360000610351562,29.350000381469727,29.350000381469727,1479,0.0,0.0,0.0
2024-02-08 10:30:00-05:00,29.33639907836914,29.360000610351562,29.33639907836914,29.360000610351562,1214,0.0,0.0,0.0
2024-02-08 11:30:00-05:00,29.310100555419922,29.310100555419922,29.310100555419922,29.310100555419922,421,0.0,0.0,0.0
2024-02-08 12:30:00-05:00,29.350000381469727,29.350000381469727,29.325700759887695,29.325700759887695,2406,0.0,0.0,0.0
2024-02-08 13:30:00-05:00,29.31999969482422,29.344999313354492,29.31999969482422,29.344999313354492,4944,0.0,0.0,0.0
2024-02-08 14:30:00-05:00,29.31999969482422,29.31999969482422,29.309999465942383,29.309999465942383,682,0.0,0.0,0.0
2024-02-08 15:30:00-05:00,29.3700008392334,29.389999389648438,29.31999969482422,29.32699966430664,11270,0.0,0.0,0.0
2024-02-09 09:30:00-05:00,29.389999389648438,29.389999389648438,29.389999389648438,29.389999389648438,0,0.0,0.0,0.0
2024-02-09 10:30:00-05:00,29.43000030517578,29.43000030517578,29.43000030517578,29.43000030517578,187,0.0,0.0,0.0
2024-02-09 11:30:00-05:00,29.420000076293945,29.420000076293945,29.420000076293945,29.420000076293945,398,0.0,0.0,0.0
2024-02-09 12:30:00-05:00,29.390100479125977,29.420000076293945,29.389999389648438,29.41010093688965,9172,0.0,0.0,0.0
2024-02-09 13:30:00-05:00,29.41010093688965,29.42569923400879,29.41010093688965,29.420000076293945,6620,0.0,0.0,0.0
2024-02-09 14:30:00-05:00,29.440000534057617,29.440000534057617,29.440000534057617,29.440000534057617,4980,0.0,0.0,0.0
2024-02-09 15:30:00-05:00,29.469999313354492,29.469999313354492,29.459999084472656,29.459999084472656,100,0.0,0.0,0.0
2024-02-12 09:30:00-05:00,29.389999389648438,29.389999389648438,29.389999389648438,29.389999389648438,0,0.0,0.0,0.0
2024-02-12 10:30:00-05:00,29.530000686645508,29.530000686645508,29.530000686645508,29.530000686645508,519,0.0,0.0,0.0
2024-02-12 12:30:00-05:00,29.489999771118164,29.490100860595703,29.469999313354492,29.469999313354492,529,0.0,0.0,0.0
2024-02-12 14:30:00-05:00,29.40999984741211,29.450000762939453,29.40999984741211,29.450000762939453,1134,0.0,0.0,0.0
2024-02-12 15:30:00-05:00,29.465700149536133,29.465700149536133,29.43000030517578,29.430200576782227,0,0.0,0.0,0.0
2024-02-13 10:30:00-05:00,29.180500030517578,29.180500030517578,29.180500030517578,29.180500030517578,248,0.0,0.0,0.0
2024-02-13 12:30:00-05:00,29.149999618530273,29.149999618530273,29.139999389648438,29.139999389648438,1437,0.0,0.0,0.0
2024-02-13 13:30:00-05:00,29.170000076293945,29.170000076293945,29.170000076293945,29.170000076293945,4897,0.0,0.0,0.0
2024-02-13 14:30:00-05:00,29.06999969482422,29.06999969482422,29.020000457763672,29.020000457763672,2227,0.0,0.0,0.0
2024-02-13 15:30:00-05:00,29.087499618530273,29.151199340820312,29.087499618530273,29.151199340820312,0,0.0,0.0,0.0
2024-02-14 09:30:00-05:00,29.32990074157715,29.32990074157715,29.28499984741211,29.28499984741211,696,0.0,0.0,0.0
2024-02-14 11:30:00-05:00,29.230499267578125,29.230499267578125,29.230499267578125,29.230499267578125,428,0.0,0.0,0.0
2024-02-14 13:30:00-05:00,29.239999771118164,29.239999771118164,29.239999771118164,29.239999771118164,1126,0.0,0.0,0.0
2024-02-15 13:30:00-05:00,29.479900360107422,29.479900360107422,29.479900360107422,29.479900360107422,382,0.0,0.0,0.0
2024-02-15 14:30:00-05:00,29.440000534057617,29.458200454711914,29.440000534057617,29.458200454711914,0,0.0,0.0,0.0
2024-02-16 09:30:00-05:00,29.424999237060547,29.440000534057617,29.424999237060547,29.440000534057617,1816,0.0,0.0,0.0
2024-02-16 13:30:00-05:00,29.499300003051758,29.520000457763672,29.499300003051758,29.520000457763672,2997,0.0,0.0,0.0
2024-02-16 15:30:00-05:00,29.36009979248047,29.393400192260742,29.36009979248047,29.385099411010742,435,0.0,0.0,0.0
2024-02-20 09:30:00-05:00,29.385700225830078,29.385700225830078,29.299999237060547,29.299999237060547,0,0.0,0.0,0.0
2024-02-20 10:30:00-05:00,29.26099967956543,29.26099967956543,29.26099967956543,29.26099967956543,902,0.0,0.0,0.0
2024-02-20 13:30:00-05:00,29.209999084472656,29.209999084472656,29.209999084472656,29.209999084472656,303,0.0,0.0,0.0
2024-02-20 14:30:00-05:00,29.270000457763672,29.290000915527344,29.270000457763672,29.280000686645508,27157,0.0,0.0,0.0
2024-02-20 15:30:00-05:00,29.280000686645508,29.280000686645508,29.239999771118164,29.26129913330078,0,0.0,0.0,0.0
2024-02-21 11:30:00-05:00,29.25,29.25,29.25,29.25,100,0.0,0.0,0.0
2024-02-21 12:30:00-05:00,29.219999313354492,29.219999313354492,29.219999313354492,29.219999313354492,353,0.0,0.0,0.0
2024-02-21 13:30:00-05:00,29.239999771118164,29.239999771118164,29.209999084472656,29.209999084472656,644,0.0,0.0,0.0
2024-02-21 14:30:00-05:00,29.190000534057617,29.190000534057617,29.190000534057617,29.190000534057617,4300,0.0,0.0,0.0
2024-02-21 15:30:00-05:00,29.30590057373047,29.30590057373047,29.30590057373047,29.30590057373047,0,0.0,0.0,0.0
2024-02-22 09:30:00-05:00,29.540000915527344,29.610000610351562,29.540000915527344,29.610000610351562,605,0.0,0.0,0.0
2024-02-22 10:30:00-05:00,29.600000381469727,29.600000381469727,29.600000381469727,29.600000381469727,652,0.0,0.0,0.0
2024-02-22 11:30:00-05:00,29.610000610351562,29.610000610351562,29.600000381469727,29.600000381469727,354,0.0,0.0,0.0
2024-02-22 12:30:00-05:00,29.61639976501465,29.61639976501465,29.61639976501465,29.61639976501465,275,0.0,0.0,0.0
2024-02-22 14:30:00-05:00,29.65999984741211,29.679000854492188,29.6299991607666,29.679000854492188,449,0.0,0.0,0.0
2024-02-23 09:30:00-05:00,29.7450008392334,29.7450008392334,29.739999771118164,29.739999771118164,0,0.0,0.0,0.0
2024-02-23 10:30:00-05:00,29.709999084472656,29.709999084472656,29.670000076293945,29.670000076293945,514,0.0,0.0,0.0
2024-02-23 13:30:00-05:00,29.680700302124023,29.680700302124023,29.680700302124023,29.680700302124023,406,0.0,0.0,0.0
2024-02-23 15:30:00-05:00,29.729999542236328,29.729999542236328,29.70330047607422,29.70330047607422,700,0.0,0.0,0.0
2024-02-26 09:30:00-05:00,29.709999084472656,29.709999084472656,29.700000762939453,29.700000762939453,0,0.0,0.0,0.0
2024-02-26 10:30:00-05:00,29.670000076293945,29.670000076293945,29.670000076293945,29.670000076293945,201,0.0,0.0,0.0
2024-02-26 13:30:00-05:00,29.639999389648438,29.639999389648438,29.639999389648438,29.639999389648438,166,0.0,0.0,0.0
2024-02-26 14:30:00-05:00,29.670000076293945,29.670000076293945,29.66200065612793,29.66200065612793,552,0.0,0.0,0.0
2024-02-26 15:30:00-05:00,29.65999984741211,29.65999984741211,29.649999618530273,29.649999618530273,0,0.0,0.0,0.0
2024-02-27 09:30:00-05:00,29.6299991607666,29.649999618530273,29.601699829101562,29.649999618530273,1436,0.0,0.0,0.0
2024-02-27 10:30:00-05:00,29.610000610351562,29.61009979248047,29.59000015258789,29.59000015258789,1277,0.0,0.0,0.0
2024-02-27 12:30:00-05:00,29.6200008392334,29.6200008392334,29.6200008392334,29.6200008392334,790,0.0,0.0,0.0
2024-02-27 14:30:00-05:00,29.65999984741211,29.690000534057617,29.6299991607666,29.68000030517578,25346,0.0,0.0,0.0
2024-02-27 15:30:00-05:00,29.665000915527344,29.66710090637207,29.665000915527344,29.66710090637207,0,0.0,0.0,0.0
2024-02-28 09:30:00-05:00,29.639999389648438,29.639999389648438,29.639999389648438,29.639999389648438,840,0.0,0.0,0.0
2024-02-28 10:30:00-05:00,29.632299423217773,29.632299423217773,29.632299423217773,29.632299423217773,725,0.0,0.0,0.0
2024-02-28 11:30:00-05:00,29.649999618530273,29.649999618530273,29.649999618530273,29.649999618530273,200,0.0,0.0,0.0
2024-02-28 14:30:00-05:00,29.6200008392334,29.6200008392334,29.6200008392334,29.6200008392334,138,0.0,0.0,0.0
2024-02-28 15:30:00-05:00,29.649999618530273,29.649999618530273,29.630199432373047,29.630199432373047,300,0.0,0.0,0.0
2024-02-29 09:30:00-05:00,30.34000015258789,30.34000015258789,29.739999771118164,29.739999771118164,0,0.0,0.0,0.0
2024-02-29 11:30:00-05:00,29.649999618530273,29.689899444580078,29.649999618530273,29.655000686645508,1998,0.0,0.0,0.0
2024-02-29 12:30:00-05:00,29.670000076293945,29.7189998626709,29.670000076293945,29.7189998626709,1162,0.0,0.0,0.0
2024-02-29 13:30:00-05:00,29.684999465942383,29.689800262451172,29.684999465942383,29.689800262451172,957,0.0,0.0,0.0
2024-02-29 14:30:00-05:00,29.709999084472656,29.709999084472656,29.670000076293945,29.670000076293945,1297,0.0,0.0,0.0
2024-02-29 15:30:00-05:00,29.729999542236328,29.744400024414062,29.729999542236328,29.744400024414062,0,0.0,0.0,0.0
2024-03-01 10:30:00-05:00,29.799999237060547,29.799999237060547,29.799999237060547,29.799999237060547,217,0.0,0.0,0.0
2024-03-01 11:30:00-05:00,29.81999969482422,29.81999969482422,29.799999237060547,29.81999969482422,1893,0.0,0.0,0.0
2024-03-01 13:30:00-05:00,29.823400497436523,29.8799991607666,29.823400497436523,29.860200881958008,1298,0.0,0.0,0.0
2024-03-04 11:30:00-05:00,29.809999465942383,29.809999465942383,29.809999465942383,29.809999465942383,0,0.0,0.0,0.0
2024-03-04 12:30:00-05:00,29.81999969482422,29.81999969482422,29.81999969482422,29.81999969482422,408,0.0,0.0,0.0
2024-03-04 14:30:00-05:00,29.860000610351562,29.8799991607666,29.860000610351562,29.8799991607666,2601,0.0,0.0,0.0
2024-03-04 15:30:00-05:00,29.899999618530273,29.899999618530273,29.835599899291992,29.835599899291992,0,0.0,0.0,0.0
2024-03-05 09:30:00-05:00,29.700000762939453,29.700000762939453,29.700000762939453,29.700000762939453,282,0.0,0.0,0.0
2024-03-05 13:30:00-05:00,29.670000076293945,29.670000076293945,29.6200008392334,29.631099700927734,4655,0.0,0.0,0.0
2024-03-05 14:30:00-05:00,29.559999465942383,29.653499603271484,29.559999465942383,29.653499603271484,0,0.0,0.0,0.0
2024-03-06 09:30:00-05:00,29.719999313354492,29.719999313354492,29.719999313354492,29.719999313354492,110,0.0,0.0,0.0
2024-03-06 10:30:00-05:00,29.72010040283203,29.72010040283203,29.72010040283203,29.72010040283203,1250,0.0,0.0,0.0
2024-03-06 12:30:00-05:00,29.770000457763672,29.81999969482422,29.770000457763672,29.770000457763672,5539,0.0,0.0,0.0
2024-03-06 13:30:00-05:00,29.760000228881836,29.760000228881836,29.700000762939453,29.700000762939453,3664,0.0,0.0,0.0
2024-03-06 15:30:00-05:00,29.760000228881836,29.760000228881836,29.745399475097656,29.745399475097656,100,0.0,0.0,0.0
2024-03-07 10:30:00-05:00,29.84000015258789,29.84000015258789,29.84000015258789,29.84000015258789,0,0.0,0.0,0.0
2024-03-07 12:30:00-05:00,29.860000610351562,29.860000610351562,29.860000610351562,29.860000610351562,470,0.0,0.0,0.0
2024-03-07 13:30:00-05:00,29.8799991607666,29.8799991607666,29.8799991607666,29.8799991607666,320,0.0,0.0,0.0
2024-03-07 14:30:00-05:00,29.8799991607666,29.940000534057617,29.8700008392334,29.940000534057617,11287,0.0,0.0,0.0
2024-03-07 15:30:00-05:00,29.90999984741211,29.920000076293945,29.899999618530273,29.906200408935547,0,0.0,0.0,0.0
2024-03-08 09:30:00-05:00,30.020000457763672,30.030000686645508,30.0049991607666,30.0049991607666,4018,0.0,0.0,0.0
2024-03-08 10:30:00-05:00,30.010000228881836,30.020000457763672,29.90999984741211,29.90999984741211,4295,0.0,0.0,0.0
2024-03-08 13:30:00-05:00,29.770000457763672,29.770000457763672,29.770000457763672,29.770000457763672,289,0.0,0.0,0.0
2024-03-08 14:30:00-05:00,29.84000015258789,29.860000610351562,29.815000534057617,29.850000381469727,12803,0.0,0.0,0.0
2024-03-08 15:30:00-05:00,29.829999923706055,29.84000015258789,29.801700592041016,29.801700592041016,2450,0.0,0.0,0.0
2024-03-11 09:30:00-04:00,29.700000762939453,29.719999313354492,29.670000076293945,29.719999313354492,0,0.0,0.0,0.0
2024-03-11 13:30:00-04:00,29.719999313354492,29.780000686645508,29.719999313354492,29.780000686645508,1807,0.0,0.0,0.0
2024-03-11 14:30:00-04:00,29.760000228881836,29.780000686645508,29.760000228881836,29.77899932861328,0,0.0,0.0,0.0
2024-03-12 10:30:00-04:00,29.940000534057617,29.940000534057617,29.940000534057617,29.940000534057617,420,0.0,0.0,0.0
2024-03-12 12:30:00-04:00,29.889999389648438,29.889999389648438,29.889999389648438,29.889999389648438,177,0.0,0.0,0.0
2024-03-12 14:30:00-04:00,29.979999542236328,29.979999542236328,29.93000030517578,29.93000030517578,736,0.0,0.0,0.0
2024-03-12 15:30:00-04:00,29.93000030517578,29.95949935913086,29.93000030517578,29.95949935913086,0,0.0,0.0,0.0
2024-03-13 10:30:00-04:00,29.90999984741211,29.90999984741211,29.90999984741211,29.90999984741211,105,0.0,0.0,0.0
2024-03-13 11:30:00-04:00,29.934999465942383,29.934999465942383,29.934999465942383,29.934999465942383,295,0.0,0.0,0.0
2024-03-13 14:30:00-04:00,29.93000030517578,29.954999923706055,29.920000076293945,29.920000076293945,1031,0.0,0.0,0.0
2024-03-13 15:30:00-04:00,29.920000076293945,29.959999084472656,29.920000076293945,29.957000732421875,1585,0.0,0.0,0.0
2024-03-14 09:30:00-04:00,29.920000076293945,29.920000076293945,29.920000076293945,29.920000076293945,0,0.0,0.0,0.0
2024-03-14 11:30:00-04:00,29.889999389648438,29.889999389648438,29.871999740600586,29.871999740600586,1004,0.0,0.0,0.0
2024-03-14 14:30:00-04:00,29.84000015258789,29.84000015258789,29.84000015258789,29.84000015258789,2500,0.0,0.0,0.0
2024-03-14 15:30:00-04:00,29.829999923706055,29.889999389648438,29.829999923706055,29.872800827026367,0,0.0,0.0,0.0
2024-03-15 15:30:00-04:00,29.809999465942383,29.809999465942383,29.774099349975586,29.774099349975586,600,0.0,0.0,0.0
2024-03-18 09:30:00-04:00,29.940000534057617,29.940000534057617,29.940000534057617,29.940000534057617,0,0.0,0.0,0.0
2024-03-18 10:30:00-04:00,29.93000030517578,29.954999923706055,29.92009925842285,29.93000030517578,6369,0.0,0.0,0.0
2024-03-18 11:30:00-04:00,29.950000762939453,29.950000762939453,29.950000762939453,29.950000762939453,101,0.0,0.0,0.0
2024-03-18 13:30:00-04:00,29.920000076293945,29.920000076293945,29.920000076293945,29.920000076293945,136,0.0,0.0,0.0
2024-03-18 14:30:00-04:00,29.950000762939453,29.959999084472656,29.899999618530273,29.920000076293945,16404,0.0,0.0,0.0
2024-03-18 15:30:00-04:00,29.920000076293945,29.950000762939453,29.882200241088867,29.882200241088867,5283,0.0,0.0,0.0
2024-03-19 09:30:00-04:00,29.780000686645508,29.780000686645508,29.780000686645508,29.780000686645508,0,0.0,0.0,0.0
2024-03-19 10:30:00-04:00,29.899999618530273,29.899999618530273,29.8799991607666,29.8799991607666,998,0.0,0.0,0.0
2024-03-19 11:30:00-04:00,29.93000030517578,29.93000030517578,29.93000030517578,29.93000030517578,189,0.0,0.0,0.0
2024-03-19 13:30:00-04:00,29.93000030517578,29.969999313354492,29.93000030517578,29.969999313354492,1493,0.0,0.0,0.0
2024-03-19 14:30:00-04:00,29.954999923706055,29.954999923706055,29.90060043334961,29.90060043334961,445,0.0,0.0,0.0
2024-03-19 15:30:00-04:00,29.959999084472656,29.988800048828125,29.959999084472656,29.988800048828125,1010,0.0,0.0,0.0
2024-03-20 09:30:00-04:00,29.985000610351562,29.985000610351562,29.985000610351562,29.985000610351562,0,0.0,0.0,0.0
2024-03-20 13:30:00-04:00,30.0,30.008699417114258,30.0,30.008699417114258,1204,0.0,0.0,0.0
2024-03-20 14:30:00-04:00,30.08009910583496,30.1200008392334,30.08009910583496,30.1200008392334,3500,0.0,0.0,0.0
2024-03-20 15:30:00-04:00,30.139999389648438,30.139999389648438,30.121400833129883,30.121400833129883,1441,0.0,0.0,0.0
2024-03-21 09:30:00-04:00,30.280000686645508,30.280000686645508,30.280000686645508,30.280000686645508,0,0.0,0.0,0.0
2024-03-21 10:30:00-04:00,30.21500015258789,30.21500015258789,30.21500015258789,30.21500015258789,610,0.0,0.0,0.0
2024-03-21 12:30:00-04:00,30.18000030517578,30.18000030517578,30.18000030517578,30.18000030517578,300,0.0,0.0,0.0
2024-03-21 14:30:00-04:00,30.184999465942383,30.184999465942383,30.184999465942383,30.184999465942383,719,0.0,0.0,0.0
2024-03-21 15:30:00-04:00,30.15999984741211,30.183900833129883,30.15999984741211,30.183900833129883,0,0.0,0.0,0.0
2024-03-22 13:30:00-04:00,30.15999984741211,30.18000030517578,30.15999984741211,30.18000030517578,2688,0.0,0.0,0.0
2024-03-22 14:30:00-04:00,30.15999984741211,30.17490005493164,30.15999984741211,30.17490005493164,148,0.0,0.0,0.0
2024-03-25 09:30:00-04:00,30.110000610351562,30.110000610351562,30.110000610351562,30.110000610351562,0,0.0,0.0,0.0
2024-03-25 12:30:00-04:00,30.1299991607666,30.1299991607666,30.1299991607666,30.1299991607666,108,0.0,0.0,0.0
2024-03-25 14:30:00-04:00,30.149999618530273,30.149999618530273,30.110000610351562,30.115100860595703,999,0.0,0.0,0.0
2024-03-26 09:30:00-04:00,30.1200008392334,30.1200008392334,30.1200008392334,30.1200008392334,0,0.0,0.0,0.0
2024-03-26 12:30:00-04:00,30.15999984741211,30.18000030517578,30.15999984741211,30.15999984741211,2379,0.0,0.0,0.0
2024-03-26 13:30:00-04:00,30.170000076293945,30.170000076293945,30.170000076293945,30.170000076293945,1802,0.0,0.0,0.0
2024-03-26 14:30:00-04:00,30.15559959411621,30.15559959411621,30.15559959411621,30.15559959411621,253,0.0,0.0,0.0
2024-03-26 15:30:00-04:00,30.15999984741211,30.15999984741211,30.09589958190918,30.09589958190918,111,0.0,0.0,0.0
2024-03-27 10:30:00-04:00,30.1299991607666,30.1299991607666,30.1299991607666,30.1299991607666,0,0.0,0.0,0.0
2024-03-27 12:30:00-04:00,30.10070037841797,30.10070037841797,30.10070037841797,30.10070037841797,367,0.0,0.0,0.0
2024-03-27 13:30:00-04:00,30.159099578857422,30.159099578857422,30.159099578857422,30.159099578857422,119,0.0,0.0,0.0
2024-03-27 14:30:00-04:00,30.100099563598633,30.22369956970215,30.100099563598633,30.22369956970215,0,0.0,0.0,0.0
2024-03-28 10:30:00-04:00,30.274999618530273,30.29990005493164,30.274999618530273,30.290000915527344,853,0.0,0.0,0.0
2024-03-28 11:30:00-04:00,30.25,30.25,30.25,30.25,1606,0.0,0.0,0.0
2024-03-28 12:30:00-04:00,30.209999084472656,30.270000457763672,30.209999084472656,30.270000457763672,4571,0.0,0.0,0.0
2024-03-28 13:30:00-04:00,30.209999084472656,30.260000228881836,30.200000762939453,30.260000228881836,2331,0.0,0.0,0.0
2024-03-28 14:30:00-04:00,30.29990005493164,30.29990005493164,30.255800247192383,30.255800247192383,3899,0.0,0.0,0.0
2024-04-01 09:30:00-04:00,29.90999984741211,29.90999984741211,29.90999984741211,29.90999984741211,0,0.0,0.0,0.0
2024-04-01 13:30:00-04:00,30.19499969482422,30.200000762939453,30.19499969482422,30.200000762939453,939,0.0,0.0,0.0
2024-04-01 14:30:00-04:00,30.19499969482422,30.229999542236328,30.15999984741211,30.229999542236328,1678,0.0,0.0,0.0
2024-04-01 15:30:00-04:00,30.149999618530273,30.21500015258789,30.149999618530273,30.21500015258789,0,0.0,0.0,0.0
2024-04-02 09:30:00-04:00,30.149999618530273,30.149999618530273,30.020000457763672,30.020000457763672,844,0.0,0.0,0.0
2024-04-02 11:30:00-04:00,30.049999237060547,30.049999237060547,30.049999237060547,30.049999237060547,443,0.0,0.0,0.0
2024-04-02 15:30:00-04:00,30.06999969482422,30.095199584960938,30.06999969482422,30.095199584960938,0,0.0,0.0,0.0
2024-04-03 12:30:00-04:00,30.1299991607666,30.1299991607666,30.1299991607666,30.1299991607666,301,0.0,0.0,0.0
2024-04-03 13:30:00-04:00,30.139999389648438,30.139999389648438,30.139999389648438,30.139999389648438,728,0.0,0.0,0.0
2024-04-03 14:30:00-04:00,30.15999984741211,30.15999984741211,30.15999984741211,30.15999984741211,148,0.0,0.0,0.0
2024-04-03 15:30:00-04:00,30.1200008392334,30.1200008392334,30.114200592041016,30.114200592041016,0,0.0,0.0,0.0
2024-04-04 13:30:00-04:00,30.25,30.25,30.079999923706055,30.079999923706055,3725,0.0,0.0,0.0
2024-04-04 14:30:00-04:00,29.969999313354492,29.9950008392334,29.92449951171875,29.92449951171875,0,0.0,0.0,0.0
2024-04-05 14:30:00-04:00,30.100000381469727,30.100000381469727,30.100000381469727,30.100000381469727,389,0.0,0.0,0.0
2024-04-05 15:30:00-04:00,30.084999084472656,30.084999084472656,30.084999084472656,30.084999084472656,310,0.0,0.0,0.0
2024-04-08 09:30:00-04:00,30.079999923706055,30.100000381469727,30.079999923706055,30.100000381469727,880,0.0,0.0,0.0
2024-04-08 12:30:00-04:00,30.09000015258789,30.09000015258789,30.079999923706055,30.079999923706055,1115,0.0,0.0,0.0
2024-04-08 14:30:00-04:00,30.139999389648438,30.139999389648438,30.09000015258789,30.13599967956543,5946,0.0,0.0,0.0
2024-04-08 15:30:00-04:00,30.090200424194336,30.09760093688965,30.070100784301758,30.09760093688965,339,0.0,0.0,0.0
2024-04-09 09:30:00-04:00,30.100000381469727,30.1299991607666,30.100000381469727,30.1200008392334,0,0.0,0.0,0.0
2024-04-09 10:30:00-04:00,29.9950008392334,29.9950008392334,29.9950008392334,29.9950008392334,102,0.0,0.0,0.0
2024-04-09 11:30:00-04:00,30.045000076293945,30.045000076293945,30.045000076293945,30.045000076293945,204,0.0,0.0,0.0
2024-04-09 12:30:00-04:00,30.05500030517578,30.06999969482422,30.049999237060547,30.06999969482422,2828,0.0,0.0,0.0
2024-04-09 13:30:00-04:00,30.079999923706055,30.079999923706055,30.020000457763672,30.030000686645508,1216,0.0,0.0,0.0
2024-04-09 14:30:00-04:00,30.06999969482422,30.06999969482422,30.010000228881836,30.06999969482422,962,0.0,0.0,0.0
2024-04-09 15:30:00-04:00,30.09000015258789,30.100500106811523,30.09000015258789,30.100500106811523,0,0.0,0.0,0.0
2024-04-10 09:30:00-04:00,29.950000762939453,29.950000762939453,29.940000534057617,29.940000534057617,315,0.0,0.0,0.0
2024-04-10 10:30:00-04:00,29.989999771118164,29.989999771118164,29.989999771118164,29.989999771118164,102,0.0,0.0,0.0
2024-04-10 11:30:00-04:00,29.989900588989258,29.989900588989258,29.989900588989258,29.989900588989258,1099,0.0,0.0,0.0
2024-04-10 13:30:00-04:00,29.940000534057617,29.940000534057617,29.940000534057617,29.940000534057617,261,0.0,0.0,0.0
2024-04-10 14:30:00-04:00,29.950000762939453,29.954599380493164,29.950000762939453,29.954599380493164,315,0.0,0.0,0.0
2024-04-11 09:30:00-04:00,30.010000228881836,30.010000228881836,29.950000762939453,29.989999771118164,2465,0.0,0.0,0.0
2024-04-11 12:30:00-04:00,29.979999542236328,29.979999542236328,29.979999542236328,29.979999542236328,200,0.0,0.0,0.0
2024-04-11 13:30:00-04:00,30.059999465942383,30.059999465942383,30.059999465942383,30.059999465942383,184,0.0,0.0,0.0
2024-04-11 14:30:00-04:00,30.079999923706055,30.100799560546875,30.070100784301758,30.100799560546875,0,0.0,0.0,0.0
2024-04-12 09:30:00-04:00,29.953699111938477,29.969999313354492,29.951499938964844,29.951499938964844,894,0.0,0.0,0.0
2024-04-12 11:30:00-04:00,29.90999984741211,29.90999984741211,29.90999984741211,29.90999984741211,100,0.0,0.0,0.0
2024-04-12 13:30:00-04:00,29.760000228881836,29.760000228881836,29.760000228881836,29.760000228881836,249,0.0,0.0,0.0
2024-04-12 14:30:00-04:00,29.811899185180664,29.81999969482422,29.7898006439209,29.80500030517578,2344,0.0,0.0,0.0
2024-04-15 14:30:00-04:00,29.670000076293945,29.670000076293945,29.59000015258789,29.62540054321289,0,0.0,0.0,0.0
2024-04-16 09:30:00-04:00,29.6200008392334,29.6200008392334,29.6200008392334,29.6200008392334,586,0.0,0.0,0.0
2024-04-16 11:30:00-04:00,29.6200008392334,29.6200008392334,29.6200008392334,29.6200008392334,282,0.0,0.0,0.0
2024-04-16 13:30:00-04:00,29.59000015258789,29.608699798583984,29.59000015258789,29.608699798583984,0,0.0,0.0,0.0
2024-04-17 11:30:00-04:00,29.520000457763672,29.520000457763672,29.520000457763672,29.520000457763672,0,0.0,0.0,0.0
2024-04-17 13:30:00-04:00,29.520000457763672,29.520000457763672,29.520000457763672,29.520000457763672,402,0.0,0.0,0.0
2024-04-17 15:30:00-04:00,29.549999237060547,29.549999237060547,29.539600372314453,29.539600372314453,0,0.0,0.0,0.0
2024-04-18 09:30:00-04:00,29.510000228881836,29.510000228881836,29.510000228881836,29.510000228881836,177,0.0,0.0,0.0
2024-04-18 10:30:00-04:00,29.610000610351562,29.610000610351562,29.59000015258789,29.59000015258789,1180,0.0,0.0,0.0
2024-04-18 12:30:00-04:00,29.55500030517578,29.55500030517578,29.55500030517578,29.55500030517578,135,0.0,0.0,0.0
2024-04-18 13:30:00-04:00,29.475000381469727,29.475000381469727,29.469999313354492,29.469999313354492,972,0.0,0.0,0.0
2024-04-18 14:30:00-04:00,29.479999542236328,29.479999542236328,29.479999542236328,29.479999542236328,25714,0.0,0.0,0.0
2024-04-18 15:30:00-04:00,29.450000762939453,29.45400047302246,29.450000762939453,29.45400047302246,0,0.0,0.0,0.0
2024-04-19 11:30:00-04:00,29.350000381469727,29.350000381469727,29.350000381469727,29.350000381469727,152,0.0,0.0,0.0
2024-04-19 13:30:00-04:00,29.31999969482422,29.358400344848633,29.31999969482422,29.358400344848633,1300,0.0,0.0,0.0
2024-04-19 14:30:00-04:00,29.350000381469727,29.350000381469727,29.323299407958984,29.323299407958984,1144,0.0,0.0,0.0
2024-04-19 15:30:00-04:00,29.290000915527344,29.298500061035156,29.274999618530273,29.298500061035156,4980,0.0,0.0,0.0
2024-04-22 13:30:00-04:00,29.56999969482422,29.56999969482422,29.56999969482422,29.56999969482422,0,0.0,0.0,0.0
2024-04-22 14:30:00-04:00,29.520000457763672,29.56999969482422,29.520000457763672,29.56999969482422,321,0.0,0.0,0.0
2024-04-22 15:30:00-04:00,29.540000915527344,29.540000915527344,29.485000610351562,29.49850082397461,0,0.0,0.0,0.0
2024-04-23 13:30:00-04:00,29.77989959716797,29.77989959716797,29.760000228881836,29.760000228881836,3300,0.0,0.0,0.0
2024-04-23 14:30:00-04:00,29.75,29.75,29.75,29.75,170,0.0,0.0,0.0
2024-04-23 15:30:00-04:00,29.75,29.75,29.717300415039062,29.717300415039062,144,0.0,0.0,0.0
2024-04-24 09:30:00-04:00,29.670000076293945,29.670000076293945,29.670000076293945,29.670000076293945,0,0.0,0.0,0.0
2024-04-24 10:30:00-04:00,29.729999542236328,29.729999542236328,29.729999542236328,29.729999542236328,1094,0.0,0.0,0.0
2024-04-24 12:30:00-04:00,29.639999389648438,29.639999389648438,29.639999389648438,29.639999389648438,156,0.0,0.0,0.0
2024-04-24 13:30:00-04:00,29.709999084472656,29.715499877929688,29.709999084472656,29.715499877929688,414,0.0,0.0,0.0
2024-04-24 14:30:00-04:00,29.68000030517578,29.738300323486328,29.68000030517578,29.738300323486328,0,0.0,0.0,0.0
2024-04-25 11:30:00-04:00,29.54199981689453,29.54199981689453,29.54199981689453,29.54199981689453,131,0.0,0.0,0.0
2024-04-25 13:30:00-04:00,29.6200008392334,29.6200008392334,29.6200008392334,29.6200008392334,698,0.0,0.0,0.0
2024-04-25 14:30:00-04:00,29.579999923706055,29.649999618530273,29.579999923706055,29.610000610351562,1452,0.0,0.0,0.0
2024-04-25 15:30:00-04:00,29.660499572753906,29.660499572753906,29.635900497436523,29.635900497436523,0,0.0,0.0,0.0
2024-04-26 11:30:00-04:00,29.809999465942383,29.809999465942383,29.809999465942383,29.809999465942383,357,0.0,0.0,0.0
2024-04-26 15:30:00-04:00,29.899999618530273,29.899999618530273,29.83609962463379,29.83609962463379,330,0.0,0.0,0.0
2024-04-29 13:30:00-04:00,29.93000030517578,29.93000030517578,29.8700008392334,29.899999618530273,2604,0.0,0.0,0.0
2024-04-29 14:30:00-04:00,29.90999984741211,29.90999984741211,29.8799991607666,29.907499313354492,6864,0.0,0.0,0.0
2024-04-29 15:30:00-04:00,29.860000610351562,29.889400482177734,29.860000610351562,29.889400482177734,0,0.0,0.0,0.0
2024-04-30 10:30:00-04:00,29.8700008392334,29.889999389648438,29.790000915527344,29.790000915527344,3697,0.0,0.0,0.0
2024-04-30 11:30:00-04:00,29.780000686645508,29.780000686645508,29.780000686645508,29.780000686645508,898,0.0,0.0,0.0
2024-04-30 14:30:00-04:00,29.760000228881836,29.760000228881836,29.638599395751953,29.638599395751953,490,0.0,0.0,0.0
2024-05-01 09:30:00-04:00,29.59000015258789,29.59000015258789,29.59000015258789,29.59000015258789,0,0.0,0.0,0.0
2024-05-01 11:30:00-04:00,29.579999923706055,29.579999923706055,29.579999923706055,29.579999923706055,664,0.0,0.0,0.0
2024-05-01 14:30:00-04:00,29.760000228881836,29.760000228881836,29.760000228881836,29.760000228881836,178,0.0,0.0,0.0
2024-05-01 15:30:00-04:00,29.77989959716797,29.77989959716797,29.55970001220703,29.55970001220703,0,0.0,0.0,0.0
2024-05-02 14:30:00-04:00,29.75,29.770000457763672,29.70199966430664,29.70199966430664,708,0.0,0.0,0.0
2024-05-03 10:30:00-04:00,29.920000076293945,29.920000076293945,29.889999389648438,29.91990089416504,1497,0.0,0.0,0.0
2024-05-03 11:30:00-04:00,29.940000534057617,29.940000534057617,29.940000534057617,29.940000534057617,6754,0.0,0.0,0.0
2024-05-03 14:30:00-04:00,29.931699752807617,30.0,29.931699752807617,29.965099334716797,553,0.0,0.0,0.0
2024-05-06 13:30:00-04:00,30.085800170898438,30.085800170898438,30.085800170898438,30.085800170898438,0,0.0,0.0,0.0
2024-05-06 14:30:00-04:00,30.149999618530273,30.149999618530273,30.141300201416016,30.141300201416016,0,0.0,0.0,0.0
2024-05-07 09:30:00-04:00,30.184999465942383,30.184999465942383,30.184999465942383,30.184999465942383,156,0.0,0.0,0.0
2024-05-07 10:30:00-04:00,30.209999084472656,30.209999084472656,30.209999084472656,30.209999084472656,1823,0.0,0.0,0.0
2024-05-07 14:30:00-04:00,30.20240020751953,30.20240020751953,30.20240020751953,30.20240020751953,370,0.0,0.0,0.0
2024-05-07 15:30:00-04:00,30.165599822998047,30.19179916381836,30.165599822998047,30.19179916381836,0,0.0,0.0,0.0
2024-05-08 10:30:00-04:00,30.209999084472656,30.219900131225586,30.18199920654297,30.219900131225586,507,0.0,0.0,0.0
2024-05-08 12:30:00-04:00,30.190000534057617,30.190000534057617,30.190000534057617,30.190000534057617,200,0.0,0.0,0.0
2024-05-08 13:30:00-04:00,30.15999984741211,30.184999465942383,30.15999984741211,30.180299758911133,2773,0.0,0.0,0.0
2024-05-08 14:30:00-04:00,30.194799423217773,30.194799423217773,30.181800842285156,30.181800842285156,4091,0.0,0.0,0.0
2024-05-08 15:30:00-04:00,30.206499099731445,30.206499099731445,30.197500228881836,30.197500228881836,0,0.0,0.0,0.0
2024-05-09 09:30:00-04:00,30.190000534057617,30.200000762939453,30.18000030517578,30.190000534057617,2900,0.0,0.0,0.0
2024-05-09 10:30:00-04:00,30.190000534057617,30.229999542236328,30.190000534057617,30.229999542236328,3913,0.0,0.0,0.0
2024-05-09 14:30:00-04:00,30.25,30.299999237060547,30.25,30.28459930419922,0,0.0,0.0,0.0
2024-05-10 09:30:00-04:00,30.360000610351562,30.360000610351562,30.360000610351562,30.360000610351562,300,0.0,0.0,0.0
2024-05-10 10:30:00-04:00,30.300100326538086,30.329999923706055,30.300100326538086,30.326200485229492,6860,0.0,0.0,0.0
2024-05-10 11:30:00-04:00,30.309999465942383,30.34000015258789,30.295000076293945,30.326099395751953,28213,0.0,0.0,0.0
2024-05-10 14:30:00-04:00,30.350000381469727,30.360000610351562,30.339000701904297,30.339000701904297,3118,0.0,0.0,0.0
2024-05-13 09:30:00-04:00,30.352800369262695,30.352800369262695,30.352800369262695,30.352800369262695,0,0.0,0.0,0.0
2024-05-13 10:30:00-04:00,30.34000015258789,30.34000015258789,30.34000015258789,30.34000015258789,216,0.0,0.0,0.0
2024-05-13 14:30:00-04:00,30.299999237060547,30.350000381469727,30.290000915527344,30.326099395751953,0,0.0,0.0,0.0
2024-05-14 11:30:00-04:00,30.344999313354492,30.344999313354492,30.344999313354492,30.344999313354492,117,0.0,0.0,0.0
2024-05-14 13:30:00-04:00,30.385000228881836,30.385000228881836,30.385000228881836,30.385000228881836,505,0.0,0.0,0.0
2024-05-14 14:30:00-04:00,30.440000534057617,30.440000534057617,30.40999984741211,30.40999984741211,2160,0.0,0.0,0.0
2024-05-14 15:30:00-04:00,30.450000762939453,30.450000762939453,30.399999618530273,30.43470001220703,6582,0.0,0.0,0.0
2024-05-15 09:30:00-04:00,30.579999923706055,30.579999923706055,30.579999923706055,30.579999923706055,0,0.0,0.0,0.0
2024-05-15 11:30:00-04:00,30.579999923706055,30.579999923706055,30.579999923706055,30.579999923706055,560,0.0,0.0,0.0
2024-05-15 12:30:00-04:00,30.596200942993164,30.596200942993164,30.596200942993164,30.596200942993164,1335,0.0,0.0,0.0
2024-05-15 13:30:00-04:00,30.6299991607666,30.6299991607666,30.583499908447266,30.583499908447266,9944,0.0,0.0,0.0
2024-05-15 14:30:00-04:00,30.6299991607666,30.649999618530273,30.59480094909668,30.64080047607422,2477,0.0,0.0,0.0
2024-05-16 09:30:00-04:00,30.670000076293945,30.670000076293945,30.639799118041992,30.639799118041992,0,0.0,0.0,0.0
2024-05-16 10:30:00-04:00,30.610000610351562,30.690000534057617,30.610000610351562,30.66200065612793,2288,0.0,0.0,0.0
2024-05-16 14:30:00-04:00,30.65999984741211,30.670000076293945,30.610000610351562,30.670000076293945,938,0.0,0.0,0.0
2024-05-16 15:30:00-04:00,30.6200008392334,30.65999984741211,30.618999481201172,30.638999938964844,0,0.0,0.0,0.0
2024-05-20 10:30:00-04:00,30.68000030517578,30.68000030517578,30.68000030517578,30.68000030517578,302,0.0,0.0,0.0
2024-05-20 14:30:00-04:00,30.670000076293945,30.670000076293945,30.670000076293945,30.670000076293945,11151,0.0,0.0,0.0
2024-05-20 15:30:00-04:00,30.696199417114258,30.696199417114258,30.639999389648438,30.661100387573242,0,0.0,0.0,0.0
2024-05-21 09:30:00-04:00,30.665000915527344,30.665000915527344,30.665000915527344,30.665000915527344,662,0.0,0.0,0.0
2024-05-21 13:30:00-04:00,30.690000534057617,30.690000534057617,30.690000534057617,30.690000534057617,833,0.0,0.0,0.0
2024-05-21 14:30:00-04:00,30.68000030517578,30.68000030517578,30.68000030517578,30.68000030517578,107,0.0,0.0,0.0
2024-05-21 15:30:00-04:00,30.69339942932129,30.730100631713867,30.69339942932129,30.730100631713867,416,0.0,0.0,0.0
2024-05-22 10:30:00-04:00,30.680099487304688,30.680099487304688,30.680099487304688,30.680099487304688,0,0.0,0.0,0.0
2024-05-22 13:30:00-04:00,30.66200065612793,30.66200065612793,30.66200065612793,30.66200065612793,254,0.0,0.0,0.0
2024-05-22 14:30:00-04:00,30.639999389648438,30.670000076293945,30.6299991607666,30.670000076293945,1022,0.0,0.0,0.0
2024-05-22 15:30:00-04:00,30.670000076293945,30.670000076293945,30.666000366210938,30.666000366210938,0,0.0,0.0,0.0
2024-05-23 14:30:00-04:00,30.500099182128906,30.510000228881836,30.500099182128906,30.510000228881836,1106,0.0,0.0,0.0
2024-05-23 15:30:00-04:00,30.520000457763672,30.58989906311035,30.520000457763672,30.55069923400879,0,0.0,0.0,0.0
2024-05-24 11:30:00-04:00,30.704999923706055,30.704999923706055,30.700000762939453,30.700000762939453,1577,0.0,0.0,0.0
2024-05-24 12:30:00-04:00,30.709999084472656,30.709999084472656,30.709999084472656,30.709999084472656,153,0.0,0.0,0.0
2024-05-24 14:30:00-04:00,30.670000076293945,30.719999313354492,30.670000076293945,30.690399169921875,223,0.0,0.0,0.0
2024-05-28 09:30:00-04:00,30.739999771118164,30.739999771118164,30.739999771118164,30.739999771118164,0,0.0,0.0,0.0
2024-05-28 10:30:00-04:00,30.710100173950195,30.739999771118164,30.710100173950195,30.739999771118164,1935,0.0,0.0,0.0
2024-05-28 11:30:00-04:00,30.700000762939453,30.700000762939453,30.700000762939453,30.700000762939453,3403,0.0,0.0,0.0
2024-05-28 13:30:00-04:00,30.709999084472656,30.709999084472656,30.709999084472656,30.709999084472656,138,0.0,0.0,0.0
2024-05-28 14:30:00-04:00,30.65999984741211,30.709999084472656,30.65999984741211,30.69529914855957,0,0.0,0.0,0.0
2024-05-29 09:30:00-04:00,30.6200008392334,30.6200008392334,30.6200008392334,30.6200008392334,101,0.0,0.0,0.0
2024-05-29 10:30:00-04:00,30.6299991607666,30.6299991607666,30.6299991607666,30.6299991607666,187,0.0,0.0,0.0
2024-05-29 13:30:00-04:00,30.649999618530273,30.649999618530273,30.649999618530273,30.649999618530273,106,0.0,0.0,0.0
2024-05-29 14:30:00-04:00,30.56999969482422,30.6299991607666,30.56999969482422,30.6299991607666,208,0.0,0.0,0.0
2024-05-29 15:30:00-04:00,30.610000610351562,30.610000610351562,30.610000610351562,30.610000610351562,0,0.0,0.0,0.0
2024-05-30 09:30:00-04:00,30.599899291992188,30.599899291992188,30.599899291992188,30.599899291992188,149,0.0,0.0,0.0
2024-05-30 12:30:00-04:00,30.520000457763672,30.545000076293945,30.520000457763672,30.545000076293945,1759,0.0,0.0,0.0
2024-05-30 13:30:00-04:00,30.520000457763672,30.520000457763672,30.520000457763672,30.520000457763672,272,0.0,0.0,0.0
2024-05-30 15:30:00-04:00,30.510000228881836,30.510000228881836,30.48550033569336,30.48550033569336,0,0.0,0.0,0.0
2024-05-31 11:30:00-04:00,30.420000076293945,30.420000076293945,30.395000457763672,30.395000457763672,778,0.0,0.0,0.0
2024-05-31 12:30:00-04:00,30.399999618530273,30.469200134277344,30.399999618530273,30.469200134277344,397,0.0,0.0,0.0
2024-05-31 14:30:00-04:00,30.430999755859375,30.459999084472656,30.430999755859375,30.459999084472656,1236,0.0,0.0,0.0
2024-05-31 15:30:00-04:00,30.510000228881836,30.510000228881836,30.510000228881836,30.510000228881836,0,0.0,0.0,0.0
2024-06-03 14:30:00-04:00,30.56999969482422,30.56999969482422,30.56999969482422,30.56999969482422,424,0.0,0.0,0.0
2024-06-03 15:30:00-04:00,30.610000610351562,30.61870002746582,30.610000610351562,30.61870002746582,0,0.0,0.0,0.0
2024-06-04 11:30:00-04:00,30.530000686645508,30.579999923706055,30.530000686645508,30.579999923706055,902,0.0,0.0,0.0
2024-06-04 13:30:00-04:00,30.65999984741211,30.709999084472656,30.63719940185547,30.709999084472656,1775,0.0,0.0,0.0
2024-06-04 14:30:00-04:00,30.68000030517578,30.700000762939453,30.68000030517578,30.700000762939453,1185,0.0,0.0,0.0
2024-06-04 15:30:00-04:00,30.659400939941406,30.67530059814453,30.64080047607422,30.67530059814453,0,0.0,0.0,0.0
2024-06-05 09:30:00-04:00,30.709999084472656,30.735000610351562,30.709999084472656,30.709999084472656,2838,0.0,0.0,0.0
2024-06-05 10:30:00-04:00,30.774999618530273,30.774999618530273,30.774999618530273,30.774999618530273,186,0.0,0.0,0.0
2024-06-05 11:30:00-04:00,30.770000457763672,30.770000457763672,30.770000457763672,30.770000457763672,150,0.0,0.0,0.0
2024-06-05 13:30:00-04:00,30.846500396728516,30.846500396728516,30.846500396728516,30.846500396728516,132,0.0,0.0,0.0
2024-06-05 14:30:00-04:00,30.90999984741211,30.90999984741211,30.90999984741211,30.90999984741211,238,0.0,0.0,0.0
2024-06-05 15:30:00-04:00,30.889999389648438,30.909400939941406,30.889999389648438,30.905099868774414,0,0.0,0.0,0.0
2024-06-06 13:30:00-04:00,30.920000076293945,30.920000076293945,30.860000610351562,30.860000610351562,2345,0.0,0.0,0.0
2024-06-06 14:30:00-04:00,30.875,30.901599884033203,30.875,30.901599884033203,0,0.0,0.0,0.0
2024-06-07 12:30:00-04:00,30.90999984741211,30.919200897216797,30.90999984741211,30.919200897216797,323,0.0,0.0,0.0
2024-06-07 14:30:00-04:00,30.899999618530273,30.899999618530273,30.8700008392334,30.8700008392334,989,0.0,0.0,0.0
2024-06-07 15:30:00-04:00,30.8799991607666,30.93000030517578,30.8799991607666,30.923200607299805,3773,0.0,0.0,0.0
2024-06-10 14:30:00-04:00,30.902999877929688,31.0,30.890399932861328,31.0,27635,0.0,0.0,0.0
2024-06-10 15:30:00-04:00,30.918699264526367,30.921499252319336,30.918699264526367,30.921499252319336,0,0.0,0.0,0.0
2024-06-11 09:30:00-04:00,30.8700008392334,30.8700008392334,30.8700008392334,30.8700008392334,225,0.0,0.0,0.0
2024-06-11 11:30:00-04:00,30.90999984741211,30.90999984741211,30.90999984741211,30.90999984741211,1200,0.0,0.0,0.0
2024-06-11 13:30:00-04:00,30.969999313354492,30.969999313354492,30.93000030517578,30.93000030517578,3255,0.0,0.0,0.0
2024-06-11 14:30:00-04:00,30.950000762939453,30.959999084472656,30.950000762939453,30.959999084472656,2987,0.0,0.0,0.0
2024-06-11 15:30:00-04:00,30.950000762939453,30.9867000579834,30.947099685668945,30.9867000579834,1996,0.0,0.0,0.0
2024-06-12 09:30:00-04:00,31.059999465942383,31.235000610351562,31.059999465942383,31.235000610351562,0,0.0,0.0,0.0
2024-06-12 11:30:00-04:00,31.190000534057617,31.190000534057617,31.190000534057617,31.190000534057617,272,0.0,0.0,0.0
2024-06-12 14:30:00-04:00,31.219999313354492,31.219999313354492,31.11319923400879,31.17799949645996,0,0.0,0.0,0.0
2024-06-13 09:30:00-04:00,31.159099578857422,31.159099578857422,31.159099578857422,31.159099578857422,155,0.0,0.0,0.0
2024-06-13 10:30:00-04:00,31.1200008392334,31.13800048828125,31.1200008392334,31.13800048828125,362,0.0,0.0,0.0
2024-06-13 14:30:00-04:00,31.190000534057617,31.190000534057617,31.190000534057617,31.190000534057617,259,0.0,0.0,0.0
2024-06-13 15:30:00-04:00,31.190000534057617,31.222700119018555,31.190000534057617,31.222700119018555,0,0.0,0.0,0.0
2024-06-14 09:30:00-04:00,31.1200008392334,31.1200008392334,31.1200008392334,31.1200008392334,108,0.0,0.0,0.0
2024-06-14 10:30:00-04:00,31.135000228881836,31.135000228881836,31.135000228881836,31.135000228881836,100,0.0,0.0,0.0
2024-06-14 11:30:00-04:00,31.15999984741211,31.15999984741211,31.15999984741211,31.15999984741211,158,0.0,0.0,0.0
2024-06-14 12:30:00-04:00,31.131200790405273,31.21809959411621,31.131200790405273,31.21809959411621,4543,0.0,0.0,0.0
2024-06-14 13:30:00-04:00,31.190000534057617,31.190000534057617,31.190000534057617,31.190000534057617,1718,0.0,0.0,0.0
2024-06-14 14:30:00-04:00,31.209999084472656,31.209999084472656,31.209999084472656,31.209999084472656,2950,0.0,0.0,0.0
2024-06-17 09:30:00-04:00,31.219999313354492,31.219999313354492,31.219999313354492,31.219999313354492,0,0.0,0.0,0.0
2024-06-17 10:30:00-04:00,31.229999542236328,31.229999542236328,31.20669937133789,31.20669937133789,1465,0.0,0.0,0.0
2024-06-17 12:30:00-04:00,31.31999969482422,31.31999969482422,31.31999969482422,31.31999969482422,132,0.0,0.0,0.0
2024-06-17 13:30:00-04:00,31.37470054626465,31.37470054626465,31.37470054626465,31.37470054626465,466,0.0,0.0,0.0
2024-06-17 14:30:00-04:00,31.3799991607666,31.389999389648438,31.3799991607666,31.389999389648438,937,0.0,0.0,0.0
2024-06-17 15:30:00-04:00,31.385000228881836,31.385000228881836,31.355199813842773,31.355199813842773,2557,0.0,0.0,0.0
2024-06-18 09:30:00-04:00,31.700000762939453,31.700000762939453,31.700000762939453,31.700000762939453,0,0.0,0.0,0.0
2024-06-18 10:30:00-04:00,31.40999984741211,31.40999984741211,31.385000228881836,31.399799346923828,2117,0.0,0.0,0.0
2024-06-18 11:30:00-04:00,31.360000610351562,31.41900062561035,31.350000381469727,31.41900062561035,2503,0.0,0.0,0.0
2024-06-18 12:30:00-04:00,31.41900062561035,31.41900062561035,31.40999984741211,31.40999984741211,200,0.0,0.0,0.0
2024-06-18 13:30:00-04:00,31.420000076293945,31.420000076293945,31.40999984741211,31.40999984741211,232,0.0,0.0,0.0
2024-06-18 14:30:00-04:00,31.40999984741211,31.40999984741211,31.3799991607666,31.3799991607666,961,0.0,0.0,0.0
2024-06-18 15:30:00-04:00,31.40999984741211,31.43000030517578,31.40999984741211,31.43000030517578,576,0.0,0.0,0.0
2024-06-20 09:30:00-04:00,31.405000686645508,31.405000686645508,31.405000686645508,31.405000686645508,0,0.0,0.0,0.0
2024-06-20 10:30:00-04:00,31.43000030517578,31.43000030517578,31.399999618530273,31.399999618530273,1988,0.0,0.0,0.0
2024-06-20 13:30:00-04:00,31.309999465942383,31.350000381469727,31.309999465942383,31.350000381469727,706,0.0,0.0,0.0
2024-06-20 15:30:00-04:00,31.329999923706055,31.348800659179688,31.329999923706055,31.348800659179688,0,0.0,0.0,0.0
2024-06-21 14:30:00-04:00,31.31999969482422,31.31999969482422,31.31999969482422,31.31999969482422,522,0.0,0.0,0.0
2024-06-21 15:30:00-04:00,31.299999237060547,31.299999237060547,31.299999237060547,31.299999237060547,740,0.0,0.0,0.0
2024-06-24 13:30:00-04:00,31.334199905395508,31.34000015258789,31.334199905395508,31.34000015258789,179,0.0,0.0,0.0
2024-06-24 14:30:00-04:00,31.34000015258789,31.3700008392334,31.323400497436523,31.34000015258789,12304,0.0,0.0,0.0
2024-06-24 15:30:00-04:00,31.350000381469727,31.350000381469727,31.283300399780273,31.283300399780273,0,0.0,0.0,0.0
2024-06-25 14:30:00-04:00,31.31999969482422,31.31999969482422,31.31999969482422,31.31999969482422,162,0.0,0.0,0.0
2024-06-25 15:30:00-04:00,31.358200073242188,31.358200073242188,31.358200073242188,31.358200073242188,0,0.0,0.0,0.0
2024-06-26 14:30:00-04:00,31.350000381469727,31.350000381469727,31.350000381469727,31.350000381469727,3622,0.0,0.0,0.0
2024-06-26 15:30:00-04:00,31.34000015258789,31.406099319458008,31.34000015258789,31.406099319458008,2000,0.0,0.0,0.0
2024-06-27 09:30:00-04:00,31.309999465942383,31.3799991607666,31.309999465942383,31.3799991607666,0,0.0,0.0,0.0
2024-06-27 12:30:00-04:00,31.389999389648438,31.389999389648438,31.389999389648438,31.389999389648438,252,0.0,0.0,0.0
2024-06-27 14:30:00-04:00,31.420000076293945,31.420000076293945,31.420000076293945,31.420000076293945,500,0.0,0.0,0.0
2024-06-27 15:30:00-04:00,31.389999389648438,31.409500122070312,31.389999389648438,31.409500122070312,0,0.0,0.0,0.0
2024-06-28 12:30:00-04:00,31.450000762939453,31.45989990234375,31.424999237060547,31.424999237060547,5464,0.0,0.0,0.0
2024-06-28 13:30:00-04:00,31.40999984741211,31.450000762939453,31.40999984741211,31.450000762939453,1161,0.0,0.0,0.0
2024-06-28 14:30:00-04:00,31.3700008392334,31.3700008392334,31.3700008392334,31.3700008392334,159,0.0,0.0,0.0
2024-07-01 10:30:00-04:00,31.36199951171875,31.36199951171875,31.309999465942383,31.309999465942383,760,0.0,0.0,0.0
2024-07-01 13:30:00-04:00,31.3799991607666,31.440000534057617,31.3799991607666,31.440000534057617,885,0.0,0.0,0.0
2024-07-01 14:30:00-04:00,31.399999618530273,31.424699783325195,31.3700008392334,31.424699783325195,432,0.0,0.0,0.0
2024-07-02 09:30:00-04:00,31.360000610351562,31.360000610351562,31.360000610351562,31.360000610351562,0,0.0,0.0,0.0
2024-07-02 10:30:00-04:00,31.469999313354492,31.469999313354492,31.469999313354492,31.469999313354492,487,0.0,0.0,0.0
2024-07-02 11:30:00-04:00,31.420000076293945,31.420000076293945,31.40999984741211,31.40999984741211,1041,0.0,0.0,0.0
2024-07-02 12:30:00-04:00,31.459999084472656,31.459999084472656,31.459999084472656,31.459999084472656,597,0.0,0.0,0.0
2024-07-02 13:30:00-04:00,31.50079917907715,31.539100646972656,31.50079917907715,31.539100646972656,480,0.0,0.0,0.0
2024-07-02 14:30:00-04:00,31.5,31.520000457763672,31.5,31.520000457763672,7216,0.0,0.0,0.0
2024-07-02 15:30:00-04:00,31.52630043029785,31.540000915527344,31.52630043029785,31.53510093688965,0,0.0,0.0,0.0
2024-07-03 10:30:00-04:00,31.584999084472656,31.584999084472656,31.584999084472656,31.584999084472656,200,0.0,0.0,0.0
2024-07-03 11:30:00-04:00,31.6200008392334,31.624099731445312,31.610000610351562,31.624099731445312,9143,0.0,0.0,0.0
2024-07-05 09:30:00-04:00,31.625,31.625,31.625,31.625,0,0.0,0.0,0.0
2024-07-05 10:30:00-04:00,31.68000030517578,31.68000030517578,31.68000030517578,31.68000030517578,355,0.0,0.0,0.0
2024-07-05 12:30:00-04:00,31.670000076293945,31.670000076293945,31.670000076293945,31.670000076293945,241,0.0,0.0,0.0
2024-07-05 15:30:00-04:00,31.72330093383789,31.789899826049805,31.72330093383789,31.743499755859375,4903,0.0,0.0,0.0
