Datetime,Open,High,Low,Close,Volume,Dividends,Stock Splits
2022-07-07 09:30:00-04:00,11.989999771118164,12.119999885559082,11.720000267028809,11.770000457763672,0,0.0,0.0
2022-07-07 10:30:00-04:00,11.770000457763672,11.84000015258789,11.700900077819824,11.8100004196167,4615,0.0,0.0
2022-07-07 11:30:00-04:00,11.829999923706055,11.829999923706055,11.670000076293945,11.739999771118164,5630,0.0,0.0
2022-07-07 12:30:00-04:00,11.75,11.899999618530273,11.729999542236328,11.770000457763672,14338,0.0,0.0
2022-07-07 13:30:00-04:00,11.770000457763672,11.84000015258789,11.739999771118164,11.84000015258789,16533,0.0,0.0
2022-07-07 14:30:00-04:00,11.835000038146973,11.835000038146973,11.739999771118164,11.78499984741211,17785,0.0,0.0
2022-07-07 15:30:00-04:00,11.800000190734863,11.850000381469727,11.779999732971191,11.819999694824219,72601,0.0,0.0
2022-07-08 09:30:00-04:00,11.84000015258789,12.09000015258789,11.84000015258789,12.0600004196167,12869,0.0,0.0
2022-07-08 10:30:00-04:00,12.079999923706055,12.199999809265137,11.979999542236328,11.979999542236328,16087,0.0,0.0
2022-07-08 11:30:00-04:00,11.989999771118164,12.0,11.819999694824219,11.829999923706055,11342,0.0,0.0
2022-07-08 12:30:00-04:00,11.835000038146973,11.970000267028809,11.819999694824219,11.949999809265137,10314,0.0,0.0
2022-07-08 13:30:00-04:00,11.920000076293945,12.0600004196167,11.920000076293945,12.005000114440918,18613,0.0,0.0
2022-07-08 14:30:00-04:00,11.989999771118164,12.1899995803833,11.989999771118164,12.130000114440918,27962,0.0,0.0
2022-07-08 15:30:00-04:00,12.114999771118164,12.229999542236328,12.109999656677246,12.229999542236328,28916,0.0,0.0
2022-07-11 09:30:00-04:00,12.210000038146973,12.3100004196167,11.890000343322754,11.90999984741211,16143,0.0,0.0
2022-07-11 10:30:00-04:00,11.880000114440918,12.039999961853027,11.859999656677246,11.880000114440918,12181,0.0,0.0
2022-07-11 11:30:00-04:00,11.880000114440918,12.039999961853027,11.8100004196167,11.864899635314941,14466,0.0,0.0
2022-07-11 12:30:00-04:00,11.890000343322754,11.930000305175781,11.846699714660645,11.850000381469727,15617,0.0,0.0
2022-07-11 13:30:00-04:00,11.859999656677246,11.9399995803833,11.850000381469727,11.899999618530273,8209,0.0,0.0
2022-07-11 14:30:00-04:00,11.899999618530273,11.949999809265137,11.859999656677246,11.949999809265137,16146,0.0,0.0
2022-07-11 15:30:00-04:00,11.920000076293945,11.930000305175781,11.890000343322754,11.930000305175781,22704,0.0,0.0
2022-07-12 09:30:00-04:00,11.739999771118164,12.345000267028809,11.739999771118164,12.140000343322754,17299,0.0,0.0
2022-07-12 10:30:00-04:00,12.180000305175781,12.220000267028809,11.975000381469727,12.069999694824219,11008,0.0,0.0
2022-07-12 11:30:00-04:00,12.069999694824219,12.109999656677246,11.989999771118164,11.989999771118164,11281,0.0,0.0
2022-07-12 12:30:00-04:00,12.039999961853027,12.100000381469727,12.0,12.0,9197,0.0,0.0
2022-07-12 13:30:00-04:00,12.010000228881836,12.078900337219238,11.989999771118164,12.050000190734863,11510,0.0,0.0
2022-07-12 14:30:00-04:00,12.029999732971191,12.114999771118164,11.960000038146973,11.979999542236328,24593,0.0,0.0
2022-07-12 15:30:00-04:00,11.960000038146973,12.069999694824219,11.890000343322754,12.050000190734863,23003,0.0,0.0
2022-07-13 09:30:00-04:00,11.84000015258789,11.969900131225586,11.739999771118164,11.9350004196167,0,0.0,0.0
2022-07-13 10:30:00-04:00,11.970000267028809,12.229999542236328,11.970000267028809,12.0600004196167,11218,0.0,0.0
2022-07-13 11:30:00-04:00,12.039999961853027,12.039999961853027,11.930000305175781,12.029999732971191,8597,0.0,0.0
2022-07-13 12:30:00-04:00,12.029999732971191,12.140000343322754,12.010000228881836,12.083999633789062,10363,0.0,0.0
2022-07-13 13:30:00-04:00,12.079999923706055,12.149999618530273,12.010000228881836,12.069999694824219,12836,0.0,0.0
2022-07-13 14:30:00-04:00,12.060799598693848,12.15999984741211,12.020000457763672,12.020000457763672,36027,0.0,0.0
2022-07-13 15:30:00-04:00,12.020000457763672,12.0600004196167,11.930000305175781,11.9399995803833,86694,0.0,0.0
2022-07-14 09:30:00-04:00,11.720000267028809,11.960000038146973,11.569999694824219,11.6899995803833,0,0.0,0.0
2022-07-14 10:30:00-04:00,11.710000038146973,11.859399795532227,11.670000076293945,11.720000267028809,13336,0.0,0.0
2022-07-14 11:30:00-04:00,11.770000457763672,11.84000015258789,11.734999656677246,11.800000190734863,9235,0.0,0.0
2022-07-14 12:30:00-04:00,11.800000190734863,11.819999694824219,11.744999885559082,11.789999961853027,10523,0.0,0.0
2022-07-14 13:30:00-04:00,11.78499984741211,11.829999923706055,11.75,11.829999923706055,9872,0.0,0.0
2022-07-14 14:30:00-04:00,11.831100463867188,11.859999656677246,11.765000343322754,11.800000190734863,10593,0.0,0.0
2022-07-14 15:30:00-04:00,11.829999923706055,11.859999656677246,11.779999732971191,11.789999961853027,19361,0.0,0.0
2022-07-15 09:30:00-04:00,12.199999809265137,12.220000267028809,11.760000228881836,12.220000267028809,27161,0.0,0.0
2022-07-15 10:30:00-04:00,12.210000038146973,12.380000114440918,12.210000038146973,12.305000305175781,17050,0.0,0.0
2022-07-15 11:30:00-04:00,12.295000076293945,12.369999885559082,12.229999542236328,12.229999542236328,9914,0.0,0.0
2022-07-15 12:30:00-04:00,12.229999542236328,12.329999923706055,12.229999542236328,12.260000228881836,5709,0.0,0.0
2022-07-15 13:30:00-04:00,12.300000190734863,12.4399995803833,12.25,12.289999961853027,13897,0.0,0.0
2022-07-15 14:30:00-04:00,12.25,12.329999923706055,12.243399620056152,12.260000228881836,10769,0.0,0.0
2022-07-15 15:30:00-04:00,12.260000228881836,12.295000076293945,12.234999656677246,12.239999771118164,35524,0.0,0.0
2022-07-18 09:30:00-04:00,12.300000190734863,12.390000343322754,12.010000228881836,12.28499984741211,23728,0.0,0.0
2022-07-18 10:30:00-04:00,12.279999732971191,12.470000267028809,12.279999732971191,12.470000267028809,4562,0.0,0.0
2022-07-18 11:30:00-04:00,12.4399995803833,12.522500038146973,12.4399995803833,12.4399995803833,6100,0.0,0.0
2022-07-18 12:30:00-04:00,12.470000267028809,12.479999542236328,12.380000114440918,12.420000076293945,5306,0.0,0.0
2022-07-18 13:30:00-04:00,12.380000114440918,12.416000366210938,12.324999809265137,12.359999656677246,10352,0.0,0.0
2022-07-18 14:30:00-04:00,12.369999885559082,12.425999641418457,12.3100004196167,12.369999885559082,18276,0.0,0.0
2022-07-18 15:30:00-04:00,12.369999885559082,12.460000038146973,12.300000190734863,12.3100004196167,29739,0.0,0.0
2022-07-19 09:30:00-04:00,12.550000190734863,12.550000190734863,12.34000015258789,12.494999885559082,10200,0.0,0.0
2022-07-19 10:30:00-04:00,12.489999771118164,12.525400161743164,12.40999984741211,12.470000267028809,3398,0.0,0.0
2022-07-19 11:30:00-04:00,12.5,12.609999656677246,12.5,12.569999694824219,8237,0.0,0.0
2022-07-19 12:30:00-04:00,12.555000305175781,12.680000305175781,12.539999961853027,12.645000457763672,15802,0.0,0.0
2022-07-19 13:30:00-04:00,12.670000076293945,12.789999961853027,12.604999542236328,12.789999961853027,11615,0.0,0.0
2022-07-19 14:30:00-04:00,12.789999961853027,12.850000381469727,12.75,12.770000457763672,12716,0.0,0.0
2022-07-19 15:30:00-04:00,12.779999732971191,12.789999961853027,12.649999618530273,12.680000305175781,23580,0.0,0.0
2022-07-20 09:30:00-04:00,12.710000038146973,12.845000267028809,12.579999923706055,12.744999885559082,6716,0.0,0.0
2022-07-20 10:30:00-04:00,12.76930046081543,12.880000114440918,12.670000076293945,12.859999656677246,9788,0.0,0.0
2022-07-20 11:30:00-04:00,12.819999694824219,12.859999656677246,12.729999542236328,12.729999542236328,10718,0.0,0.0
2022-07-20 12:30:00-04:00,12.770000457763672,12.770000457763672,12.680000305175781,12.720000267028809,6248,0.0,0.0
2022-07-20 13:30:00-04:00,12.75,12.819999694824219,12.739999771118164,12.8100004196167,8463,0.0,0.0
2022-07-20 14:30:00-04:00,12.800000190734863,12.829999923706055,12.75,12.819999694824219,12527,0.0,0.0
2022-07-20 15:30:00-04:00,12.829999923706055,12.949999809265137,12.829999923706055,12.880000114440918,26694,0.0,0.0
2022-07-21 09:30:00-04:00,12.75,12.781299591064453,12.59000015258789,12.640000343322754,6863,0.0,0.0
2022-07-21 10:30:00-04:00,12.680000305175781,12.989999771118164,12.680000305175781,12.920000076293945,11231,0.0,0.0
2022-07-21 11:30:00-04:00,12.920000076293945,13.0,12.90999984741211,12.960000038146973,8876,0.0,0.0
2022-07-21 12:30:00-04:00,12.9399995803833,13.079999923706055,12.890000343322754,12.994999885559082,10098,0.0,0.0
2022-07-21 13:30:00-04:00,12.949999809265137,13.069999694824219,12.880000114440918,12.96500015258789,10905,0.0,0.0
2022-07-21 14:30:00-04:00,12.9399995803833,13.050000190734863,12.906200408935547,13.0,14722,0.0,0.0
2022-07-21 15:30:00-04:00,13.0,13.140000343322754,12.970000267028809,13.079999923706055,32725,0.0,0.0
2022-07-22 09:30:00-04:00,13.1899995803833,13.800000190734863,13.114999771118164,13.199999809265137,24859,0.0,0.0
2022-07-22 10:30:00-04:00,13.149999618530273,13.319999694824219,13.130000114440918,13.210000038146973,8217,0.0,0.0
2022-07-22 11:30:00-04:00,13.170000076293945,13.225000381469727,13.119999885559082,13.170000076293945,13343,0.0,0.0
2022-07-22 12:30:00-04:00,13.199999809265137,13.239999771118164,13.0600004196167,13.119999885559082,12933,0.0,0.0
2022-07-22 13:30:00-04:00,13.119999885559082,13.119999885559082,13.0,13.100000381469727,13958,0.0,0.0
2022-07-22 14:30:00-04:00,13.119999885559082,13.244999885559082,13.050000190734863,13.244999885559082,18871,0.0,0.0
2022-07-22 15:30:00-04:00,13.239999771118164,13.359999656677246,13.199999809265137,13.300000190734863,36711,0.0,0.0
2022-07-25 09:30:00-04:00,13.239999771118164,13.3149995803833,13.039999961853027,13.210000038146973,31998,0.0,0.0
2022-07-25 10:30:00-04:00,13.210000038146973,13.210000038146973,13.020000457763672,13.079999923706055,11055,0.0,0.0
2022-07-25 11:30:00-04:00,13.079999923706055,13.1899995803833,12.96500015258789,13.055000305175781,20157,0.0,0.0
2022-07-25 12:30:00-04:00,13.0600004196167,13.130000114440918,12.984999656677246,13.0600004196167,32794,0.0,0.0
2022-07-25 13:30:00-04:00,13.074999809265137,13.135000228881836,13.029999732971191,13.085000038146973,16120,0.0,0.0
2022-07-25 14:30:00-04:00,13.085000038146973,13.109999656677246,12.979999542236328,13.020000457763672,30944,0.0,0.0
2022-07-25 15:30:00-04:00,13.020000457763672,13.09000015258789,12.920000076293945,12.970000267028809,84433,0.0,0.0
2022-07-26 09:30:00-04:00,12.859999656677246,12.859999656677246,12.609999656677246,12.774999618530273,8094,0.0,0.0
2022-07-26 10:30:00-04:00,12.779999732971191,12.955400466918945,12.779999732971191,12.949999809265137,16682,0.0,0.0
2022-07-26 11:30:00-04:00,12.949999809265137,12.949999809265137,12.829999923706055,12.897500038146973,6562,0.0,0.0
2022-07-26 12:30:00-04:00,12.90999984741211,12.979999542236328,12.710000038146973,12.71500015258789,16554,0.0,0.0
2022-07-26 13:30:00-04:00,12.71500015258789,12.8100004196167,12.6899995803833,12.8100004196167,11269,0.0,0.0
2022-07-26 14:30:00-04:00,12.8100004196167,12.930000305175781,12.770000457763672,12.819999694824219,16983,0.0,0.0
2022-07-26 15:30:00-04:00,12.8100004196167,12.819999694824219,12.75,12.75,14636,0.0,0.0
2022-07-27 09:30:00-04:00,12.880000114440918,12.880000114440918,12.670000076293945,12.6899995803833,0,0.0,0.0
2022-07-27 10:30:00-04:00,12.729999542236328,12.770000457763672,12.65999984741211,12.65999984741211,3128,0.0,0.0
2022-07-27 11:30:00-04:00,12.699999809265137,12.699999809265137,12.635000228881836,12.649999618530273,5610,0.0,0.0
2022-07-27 12:30:00-04:00,12.640000343322754,12.645000457763672,12.529999732971191,12.529999732971191,5135,0.0,0.0
2022-07-27 13:30:00-04:00,12.510000228881836,12.704999923706055,12.5,12.579999923706055,10003,0.0,0.0
2022-07-27 14:30:00-04:00,12.520000457763672,12.869999885559082,12.520000457763672,12.84000015258789,43752,0.0,0.0
2022-07-27 15:30:00-04:00,12.84000015258789,13.0,12.8149995803833,12.90999984741211,25881,0.0,0.0
2022-07-28 09:30:00-04:00,13.100000381469727,13.34000015258789,13.039999961853027,13.069999694824219,22145,0.0,0.0
2022-07-28 10:30:00-04:00,13.09000015258789,13.09000015258789,12.760000228881836,12.920000076293945,9404,0.0,0.0
2022-07-28 11:30:00-04:00,12.984999656677246,13.039999961853027,12.899999618530273,13.029999732971191,6729,0.0,0.0
2022-07-28 12:30:00-04:00,13.015000343322754,13.220000267028809,13.0,13.220000267028809,9257,0.0,0.0
2022-07-28 13:30:00-04:00,13.25,13.312000274658203,13.229999542236328,13.25,6293,0.0,0.0
2022-07-28 14:30:00-04:00,13.239999771118164,13.260000228881836,13.194999694824219,13.239999771118164,7928,0.0,0.0
2022-07-28 15:30:00-04:00,13.220000267028809,13.25,13.15999984741211,13.15999984741211,20355,0.0,0.0
2022-07-29 09:30:00-04:00,13.289999961853027,13.289999961853027,12.989999771118164,12.989999771118164,8189,0.0,0.0
2022-07-29 10:30:00-04:00,12.90999984741211,13.0,12.84000015258789,12.859999656677246,5440,0.0,0.0
2022-07-29 11:30:00-04:00,12.880000114440918,13.039999961853027,12.880000114440918,13.0,7744,0.0,0.0
2022-07-29 12:30:00-04:00,12.990900039672852,13.039999961853027,12.90999984741211,12.970000267028809,9740,0.0,0.0
2022-07-29 13:30:00-04:00,12.989999771118164,13.020000457763672,12.800000190734863,12.96500015258789,38485,0.0,0.0
2022-07-29 14:30:00-04:00,12.970000267028809,13.029999732971191,12.930000305175781,13.015000343322754,12504,0.0,0.0
2022-07-29 15:30:00-04:00,13.015000343322754,13.029999732971191,12.9399995803833,13.010000228881836,17724,0.0,0.0
2022-08-01 09:30:00-04:00,12.979999542236328,12.979999542236328,12.40999984741211,12.819999694824219,12558,0.0,0.0
2022-08-01 10:30:00-04:00,12.880000114440918,13.045000076293945,12.879899978637695,12.984999656677246,19098,0.0,0.0
2022-08-01 11:30:00-04:00,13.0,13.289999961853027,13.0,13.244999885559082,16764,0.0,0.0
2022-08-01 12:30:00-04:00,13.25,13.270000457763672,13.114999771118164,13.130000114440918,20121,0.0,0.0
2022-08-01 13:30:00-04:00,13.164999961853027,13.1899995803833,13.086299896240234,13.1850004196167,7259,0.0,0.0
2022-08-01 14:30:00-04:00,13.204999923706055,13.270000457763672,13.140000343322754,13.180000305175781,24249,0.0,0.0
2022-08-01 15:30:00-04:00,13.1899995803833,13.220000267028809,13.149999618530273,13.149999618530273,36510,0.0,0.0
2022-08-02 09:30:00-04:00,13.140000343322754,13.390000343322754,13.029999732971191,13.180000305175781,21085,0.0,0.0
2022-08-02 10:30:00-04:00,13.244999885559082,13.3100004196167,13.050000190734863,13.050000190734863,11331,0.0,0.0
2022-08-02 11:30:00-04:00,13.0600004196167,13.170000076293945,13.020000457763672,13.100000381469727,11133,0.0,0.0
2022-08-02 12:30:00-04:00,13.100000381469727,13.15999984741211,13.007499694824219,13.0600004196167,15321,0.0,0.0
2022-08-02 13:30:00-04:00,13.029999732971191,13.050000190734863,12.899999618530273,12.90999984741211,12651,0.0,0.0
2022-08-02 14:30:00-04:00,12.90999984741211,12.979999542236328,12.829999923706055,12.899999618530273,11762,0.0,0.0
2022-08-02 15:30:00-04:00,12.880000114440918,12.899999618530273,12.720000267028809,12.720000267028809,15848,0.0,0.0
2022-08-03 09:30:00-04:00,12.760000228881836,12.829999923706055,12.569999694824219,12.65999984741211,9464,0.0,0.0
2022-08-03 10:30:00-04:00,12.600000381469727,12.61989974975586,12.486100196838379,12.486100196838379,13461,0.0,0.0
2022-08-03 11:30:00-04:00,12.5,12.649999618530273,12.5,12.649999618530273,4421,0.0,0.0
2022-08-03 12:30:00-04:00,12.65999984741211,12.859999656677246,12.619999885559082,12.859999656677246,15472,0.0,0.0
2022-08-03 13:30:00-04:00,12.864999771118164,13.010000228881836,12.829999923706055,13.010000228881836,14624,0.0,0.0
2022-08-03 14:30:00-04:00,13.010000228881836,13.050000190734863,12.930000305175781,12.949999809265137,30468,0.0,0.0
2022-08-03 15:30:00-04:00,12.949999809265137,13.0,12.90999984741211,12.930000305175781,26683,0.0,0.0
2022-08-04 09:30:00-04:00,13.199999809265137,14.149999618530273,13.199999809265137,14.140000343322754,53641,0.0,0.0
2022-08-04 10:30:00-04:00,14.220000267028809,14.5600004196167,14.175000190734863,14.40999984741211,57979,0.0,0.0
2022-08-04 11:30:00-04:00,14.4399995803833,14.491100311279297,14.100000381469727,14.180000305175781,46727,0.0,0.0
2022-08-04 12:30:00-04:00,14.1850004196167,14.220000267028809,13.899999618530273,13.899999618530273,22682,0.0,0.0
2022-08-04 13:30:00-04:00,13.899999618530273,14.007499694824219,13.6899995803833,13.699999809265137,50938,0.0,0.0
2022-08-04 14:30:00-04:00,13.649999618530273,13.770000457763672,13.539999961853027,13.6899995803833,61482,0.0,0.0
2022-08-04 15:30:00-04:00,13.65999984741211,13.670000076293945,13.46500015258789,13.489999771118164,58192,0.0,0.0
2022-08-05 09:30:00-04:00,13.430000305175781,14.848400115966797,13.109999656677246,13.329999923706055,121994,0.0,0.0
2022-08-05 10:30:00-04:00,13.289999961853027,13.289999961853027,12.960000038146973,12.979999542236328,26318,0.0,0.0
2022-08-05 11:30:00-04:00,13.025799751281738,13.0600004196167,12.899999618530273,12.899999618530273,21300,0.0,0.0
2022-08-05 12:30:00-04:00,12.920000076293945,12.96500015258789,12.859999656677246,12.907999992370605,13228,0.0,0.0
2022-08-05 13:30:00-04:00,12.880000114440918,12.939800262451172,12.720000267028809,12.755000114440918,16384,0.0,0.0
2022-08-05 14:30:00-04:00,12.729999542236328,12.789999961853027,12.510000228881836,12.579999923706055,23513,0.0,0.0
2022-08-05 15:30:00-04:00,12.625,12.680000305175781,12.579999923706055,12.600000381469727,41066,0.0,0.0
2022-08-08 09:30:00-04:00,12.600000381469727,12.649999618530273,12.140000343322754,12.149999618530273,75496,0.0,0.0
2022-08-08 10:30:00-04:00,12.25,12.359999656677246,12.1850004196167,12.210000038146973,26715,0.0,0.0
2022-08-08 11:30:00-04:00,12.180000305175781,12.180000305175781,12.0,12.119999885559082,15778,0.0,0.0
2022-08-08 12:30:00-04:00,12.130000114440918,12.25,12.130000114440918,12.25,14165,0.0,0.0
2022-08-08 13:30:00-04:00,12.229999542236328,12.364999771118164,12.210000038146973,12.25,31259,0.0,0.0
2022-08-08 14:30:00-04:00,12.25,12.300000190734863,12.109999656677246,12.25,35051,0.0,0.0
2022-08-08 15:30:00-04:00,12.234999656677246,12.5,12.220000267028809,12.239999771118164,124614,0.0,0.0
2022-08-09 09:30:00-04:00,12.239999771118164,12.489999771118164,12.1141996383667,12.34000015258789,52395,0.0,0.0
2022-08-09 10:30:00-04:00,12.345600128173828,12.720000267028809,12.345600128173828,12.710000038146973,18393,0.0,0.0
2022-08-09 11:30:00-04:00,12.699999809265137,12.699999809265137,12.470000267028809,12.5,15433,0.0,0.0
2022-08-09 12:30:00-04:00,12.520000457763672,12.600000381469727,12.385000228881836,12.385000228881836,39152,0.0,0.0
2022-08-09 13:30:00-04:00,12.420000076293945,12.529999732971191,12.359999656677246,12.4399995803833,11818,0.0,0.0
2022-08-09 14:30:00-04:00,12.420000076293945,12.5,12.40999984741211,12.420000076293945,19978,0.0,0.0
2022-08-09 15:30:00-04:00,12.470000267028809,12.5,12.4399995803833,12.479999542236328,49383,0.0,0.0
2022-08-10 09:30:00-04:00,12.84000015258789,13.109999656677246,12.510000228881836,12.779999732971191,27210,0.0,0.0
2022-08-10 10:30:00-04:00,12.779999732971191,12.779999732971191,12.5,12.5600004196167,34038,0.0,0.0
2022-08-10 11:30:00-04:00,12.529999732971191,12.609999656677246,12.479999542236328,12.520000457763672,18960,0.0,0.0
2022-08-10 12:30:00-04:00,12.529999732971191,12.5649995803833,12.444000244140625,12.539999961853027,19586,0.0,0.0
2022-08-10 13:30:00-04:00,12.579999923706055,12.59000015258789,12.4399995803833,12.5,16691,0.0,0.0
2022-08-10 14:30:00-04:00,12.510000228881836,12.569899559020996,12.470000267028809,12.5,21217,0.0,0.0
2022-08-10 15:30:00-04:00,12.529999732971191,12.529999732971191,12.420000076293945,12.489999771118164,16000,0.0,0.0
2022-08-11 09:30:00-04:00,12.59000015258789,13.09000015258789,12.59000015258789,13.0600004196167,15688,0.0,0.0
2022-08-11 10:30:00-04:00,13.020000457763672,13.029999732971191,12.680000305175781,12.75,44184,0.0,0.0
2022-08-11 11:30:00-04:00,12.75,12.899999618530273,12.699999809265137,12.699999809265137,16092,0.0,0.0
2022-08-11 12:30:00-04:00,12.670000076293945,12.8100004196167,12.640000343322754,12.8100004196167,15953,0.0,0.0
2022-08-11 13:30:00-04:00,12.84000015258789,12.9399995803833,12.739999771118164,12.930000305175781,26729,0.0,0.0
2022-08-11 14:30:00-04:00,12.90999984741211,12.90999984741211,12.725000381469727,12.725000381469727,21405,0.0,0.0
2022-08-11 15:30:00-04:00,12.725000381469727,12.880000114440918,12.725000381469727,12.850000381469727,51035,0.0,0.0
2022-08-12 09:30:00-04:00,13.050000190734863,13.59000015258789,12.579999923706055,12.579999923706055,27424,0.0,0.0
2022-08-12 10:30:00-04:00,12.59000015258789,12.75,12.520000457763672,12.75,30801,0.0,0.0
2022-08-12 11:30:00-04:00,12.760000228881836,12.8100004196167,12.609999656677246,12.65999984741211,30651,0.0,0.0
2022-08-12 12:30:00-04:00,12.65999984741211,12.6899995803833,12.59000015258789,12.65999984741211,34170,0.0,0.0
2022-08-12 13:30:00-04:00,12.649999618530273,12.699999809265137,12.600000381469727,12.65999984741211,29500,0.0,0.0
2022-08-12 14:30:00-04:00,12.664999961853027,13.010000228881836,12.664999961853027,12.958600044250488,19520,0.0,0.0
2022-08-12 15:30:00-04:00,12.9399995803833,12.989999771118164,12.850000381469727,12.90999984741211,42633,0.0,0.0
2022-08-15 09:30:00-04:00,12.930000305175781,13.1899995803833,12.6899995803833,13.034500122070312,28466,0.0,0.0
2022-08-15 10:30:00-04:00,13.055000305175781,13.055000305175781,12.6899995803833,12.720000267028809,26172,0.0,0.0
2022-08-15 11:30:00-04:00,12.720000267028809,12.850000381469727,12.720000267028809,12.770000457763672,20454,0.0,0.0
2022-08-15 12:30:00-04:00,12.789999961853027,12.859999656677246,12.699999809265137,12.699999809265137,24002,0.0,0.0
2022-08-15 13:30:00-04:00,12.699999809265137,12.699999809265137,12.569999694824219,12.609999656677246,17297,0.0,0.0
2022-08-15 14:30:00-04:00,12.609999656677246,12.720000267028809,12.579999923706055,12.649999618530273,24866,0.0,0.0
2022-08-15 15:30:00-04:00,12.65999984741211,12.739999771118164,12.649999618530273,12.670000076293945,31899,0.0,0.0
2022-08-16 09:30:00-04:00,12.649999618530273,12.649999618530273,12.380000114440918,12.510000228881836,17331,0.0,0.0
2022-08-16 10:30:00-04:00,12.510000228881836,12.604999542236328,12.470000267028809,12.604999542236328,31437,0.0,0.0
2022-08-16 11:30:00-04:00,12.640000343322754,12.760000228881836,12.59000015258789,12.600000381469727,29475,0.0,0.0
2022-08-16 12:30:00-04:00,12.59000015258789,12.710000038146973,12.550000190734863,12.6850004196167,36265,0.0,0.0
2022-08-16 13:30:00-04:00,12.6850004196167,12.90999984741211,12.65999984741211,12.895000457763672,36770,0.0,0.0
2022-08-16 14:30:00-04:00,12.90999984741211,12.920000076293945,12.630000114440918,12.680000305175781,36949,0.0,0.0
2022-08-16 15:30:00-04:00,12.699999809265137,12.729999542236328,12.649999618530273,12.729999542236328,28209,0.0,0.0
2022-08-17 09:30:00-04:00,12.710000038146973,12.710000038146973,12.420000076293945,12.4399995803833,17582,0.0,0.0
2022-08-17 10:30:00-04:00,12.350000381469727,12.470000267028809,12.180000305175781,12.199999809265137,11714,0.0,0.0
2022-08-17 11:30:00-04:00,12.210000038146973,12.390000343322754,12.163900375366211,12.390000343322754,7926,0.0,0.0
2022-08-17 12:30:00-04:00,12.40999984741211,12.5,12.40999984741211,12.46500015258789,13996,0.0,0.0
2022-08-17 13:30:00-04:00,12.479999542236328,12.515000343322754,12.390000343322754,12.4399995803833,12363,0.0,0.0
2022-08-17 14:30:00-04:00,12.4399995803833,12.496000289916992,12.350000381469727,12.359999656677246,9420,0.0,0.0
2022-08-17 15:30:00-04:00,12.380000114440918,12.411999702453613,12.300000190734863,12.300000190734863,23556,0.0,0.0
2022-08-18 09:30:00-04:00,12.25,12.460000038146973,12.050100326538086,12.319999694824219,13026,0.0,0.0
2022-08-18 10:30:00-04:00,12.289999961853027,12.40999984741211,12.289999961853027,12.329999923706055,7894,0.0,0.0
2022-08-18 11:30:00-04:00,12.369999885559082,12.470000267028809,12.260000228881836,12.260000228881836,7069,0.0,0.0
2022-08-18 12:30:00-04:00,12.279999732971191,12.5,12.270000457763672,12.479999542236328,20024,0.0,0.0
2022-08-18 13:30:00-04:00,12.479999542236328,12.5,12.359999656677246,12.449999809265137,7075,0.0,0.0
2022-08-18 14:30:00-04:00,12.460000038146973,12.524999618530273,12.4350004196167,12.5,8253,0.0,0.0
2022-08-18 15:30:00-04:00,12.515000343322754,12.569999694824219,12.449999809265137,12.510000228881836,20036,0.0,0.0
2022-08-19 09:30:00-04:00,12.300000190734863,12.300000190734863,12.100000381469727,12.149999618530273,12100,0.0,0.0
2022-08-19 10:30:00-04:00,12.176400184631348,12.196000099182129,12.039999961853027,12.079999923706055,6424,0.0,0.0
2022-08-19 11:30:00-04:00,12.137999534606934,12.137999534606934,12.0600004196167,12.0600004196167,2349,0.0,0.0
2022-08-19 12:30:00-04:00,12.031100273132324,12.119999885559082,12.031100273132324,12.109999656677246,5485,0.0,0.0
2022-08-19 13:30:00-04:00,12.119999885559082,12.210000038146973,12.039999961853027,12.154999732971191,12107,0.0,0.0
2022-08-19 14:30:00-04:00,12.170000076293945,12.170000076293945,12.010000228881836,12.020000457763672,8792,0.0,0.0
2022-08-19 15:30:00-04:00,12.03499984741211,12.0600004196167,11.9399995803833,12.029999732971191,20084,0.0,0.0
2022-08-22 09:30:00-04:00,11.979999542236328,12.069999694824219,11.510000228881836,11.550000190734863,37844,0.0,0.0
2022-08-22 10:30:00-04:00,11.550000190734863,11.6899995803833,11.430000305175781,11.5,31614,0.0,0.0
2022-08-22 11:30:00-04:00,11.539999961853027,11.539999961853027,11.260000228881836,11.34000015258789,9770,0.0,0.0
2022-08-22 12:30:00-04:00,11.3100004196167,11.3100004196167,11.039999961853027,11.1899995803833,32893,0.0,0.0
2022-08-22 13:30:00-04:00,11.210000038146973,11.289999961853027,11.149999618530273,11.170100212097168,16490,0.0,0.0
2022-08-22 14:30:00-04:00,11.170000076293945,11.3100004196167,11.15999984741211,11.210000038146973,36221,0.0,0.0
2022-08-22 15:30:00-04:00,11.210000038146973,11.279999732971191,11.180000305175781,11.239999771118164,29364,0.0,0.0
2022-08-23 09:30:00-04:00,11.15999984741211,11.449999809265137,11.109999656677246,11.449999809265137,9578,0.0,0.0
2022-08-23 10:30:00-04:00,11.390000343322754,11.420000076293945,11.3100004196167,11.329999923706055,5230,0.0,0.0
2022-08-23 11:30:00-04:00,11.3149995803833,11.329999923706055,11.170000076293945,11.225000381469727,11002,0.0,0.0
2022-08-23 12:30:00-04:00,11.270000457763672,11.270000457763672,11.210000038146973,11.229999542236328,5314,0.0,0.0
2022-08-23 13:30:00-04:00,11.25,11.319999694824219,11.1899995803833,11.319999694824219,12342,0.0,0.0
2022-08-23 14:30:00-04:00,11.289999961853027,11.324999809265137,11.25529956817627,11.300000190734863,7950,0.0,0.0
2022-08-23 15:30:00-04:00,11.319999694824219,11.319999694824219,11.239999771118164,11.239999771118164,14675,0.0,0.0
2022-08-24 09:30:00-04:00,11.199999809265137,11.539999961853027,11.109999656677246,11.520000457763672,16432,0.0,0.0
2022-08-24 10:30:00-04:00,11.5,11.555000305175781,11.399999618530273,11.552499771118164,5120,0.0,0.0
2022-08-24 11:30:00-04:00,11.539999961853027,11.625,11.539999961853027,11.59000015258789,10973,0.0,0.0
2022-08-24 12:30:00-04:00,11.579999923706055,11.579999923706055,11.449999809265137,11.449999809265137,5164,0.0,0.0
2022-08-24 13:30:00-04:00,11.420000076293945,11.431400299072266,11.390000343322754,11.399999618530273,3269,0.0,0.0
2022-08-24 14:30:00-04:00,11.414999961853027,11.579999923706055,11.399999618530273,11.479999542236328,22551,0.0,0.0
2022-08-24 15:30:00-04:00,11.470000267028809,11.489999771118164,11.40999984741211,11.430000305175781,15334,0.0,0.0
2022-08-26 09:30:00-04:00,12.300000190734863,12.59000015258789,12.180000305175781,12.239999771118164,59579,0.0,0.0
2022-08-26 10:30:00-04:00,12.260000228881836,12.265000343322754,11.789999961853027,11.880000114440918,32625,0.0,0.0
2022-08-26 11:30:00-04:00,11.880000114440918,11.949999809265137,11.6899995803833,11.78499984741211,20899,0.0,0.0
2022-08-26 12:30:00-04:00,11.779999732971191,11.975000381469727,11.739999771118164,11.850000381469727,22436,0.0,0.0
2022-08-26 13:30:00-04:00,11.850000381469727,11.930000305175781,11.699999809265137,11.859999656677246,23150,0.0,0.0
2022-08-26 14:30:00-04:00,11.864999771118164,11.920000076293945,11.770000457763672,11.920000076293945,26977,0.0,0.0
2022-08-26 15:30:00-04:00,11.890000343322754,11.90999984741211,11.800000190734863,11.829999923706055,39144,0.0,0.0
2022-08-29 09:30:00-04:00,11.720000267028809,12.1899995803833,11.720000267028809,12.03499984741211,24504,0.0,0.0
2022-08-29 10:30:00-04:00,11.960000038146973,12.050000190734863,11.920000076293945,11.989999771118164,9899,0.0,0.0
2022-08-29 11:30:00-04:00,11.989999771118164,12.119999885559082,11.989999771118164,12.039999961853027,15050,0.0,0.0
2022-08-29 12:30:00-04:00,12.069999694824219,12.1899995803833,12.069999694824219,12.109999656677246,22131,0.0,0.0
2022-08-29 13:30:00-04:00,12.109999656677246,12.130000114440918,11.989999771118164,12.01990032196045,12591,0.0,0.0
2022-08-29 14:30:00-04:00,12.008099555969238,12.100000381469727,11.960000038146973,11.989999771118164,26410,0.0,0.0
2022-08-29 15:30:00-04:00,11.979999542236328,12.020000457763672,11.829999923706055,11.880000114440918,48625,0.0,0.0
2022-08-30 09:30:00-04:00,11.890000343322754,12.180000305175781,11.890000343322754,11.994999885559082,11052,0.0,0.0
2022-08-30 10:30:00-04:00,12.0,12.069999694824219,11.970000267028809,12.020000457763672,27533,0.0,0.0
2022-08-30 11:30:00-04:00,12.0,12.0600004196167,11.979999542236328,12.005000114440918,10634,0.0,0.0
2022-08-30 12:30:00-04:00,12.0,12.15999984741211,11.989999771118164,12.050000190734863,16011,0.0,0.0
2022-08-30 13:30:00-04:00,12.069999694824219,12.1899995803833,12.069999694824219,12.149999618530273,24768,0.0,0.0
2022-08-30 14:30:00-04:00,12.170000076293945,12.170000076293945,11.989999771118164,12.020999908447266,25812,0.0,0.0
2022-08-30 15:30:00-04:00,12.039999961853027,12.199999809265137,12.029999732971191,12.15999984741211,107380,0.0,0.0
2022-08-31 09:30:00-04:00,12.239999771118164,12.470000267028809,12.220000267028809,12.390000343322754,11142,0.0,0.0
2022-08-31 10:30:00-04:00,12.395000457763672,12.420000076293945,12.25,12.25,7256,0.0,0.0
2022-08-31 11:30:00-04:00,12.25,12.449999809265137,12.239999771118164,12.3100004196167,11745,0.0,0.0
2022-08-31 12:30:00-04:00,12.279999732971191,12.369999885559082,12.220000267028809,12.279999732971191,20800,0.0,0.0
2022-08-31 13:30:00-04:00,12.274999618530273,12.412199974060059,12.270000457763672,12.412199974060059,11119,0.0,0.0
2022-08-31 14:30:00-04:00,12.40999984741211,12.420000076293945,12.29010009765625,12.395000457763672,16068,0.0,0.0
2022-08-31 15:30:00-04:00,12.380000114440918,12.479999542236328,12.350000381469727,12.350000381469727,21994,0.0,0.0
2022-09-02 09:30:00-04:00,12.359999656677246,12.399900436401367,11.960000038146973,12.194999694824219,15456,0.0,0.0
2022-09-02 10:30:00-04:00,12.300000190734863,12.479999542236328,12.289999961853027,12.289999961853027,43420,0.0,0.0
2022-09-02 11:30:00-04:00,12.3100004196167,12.329999923706055,12.220000267028809,12.274999618530273,20175,0.0,0.0
2022-09-02 12:30:00-04:00,12.289999961853027,12.300000190734863,12.140000343322754,12.154999732971191,9491,0.0,0.0
2022-09-02 13:30:00-04:00,12.154999732971191,12.319999694824219,12.154999732971191,12.289999961853027,13532,0.0,0.0
2022-09-02 14:30:00-04:00,12.295000076293945,12.3100004196167,12.21500015258789,12.25,23830,0.0,0.0
2022-09-02 15:30:00-04:00,12.252799987792969,12.300000190734863,12.15999984741211,12.229999542236328,87126,0.0,0.0
2022-09-06 09:30:00-04:00,12.420000076293945,12.5600004196167,12.029999732971191,12.135000228881836,24226,0.0,0.0
2022-09-06 10:30:00-04:00,12.170000076293945,12.279999732971191,12.170000076293945,12.239999771118164,18000,0.0,0.0
2022-09-06 11:30:00-04:00,12.25,12.359999656677246,12.239999771118164,12.25,14794,0.0,0.0
2022-09-06 12:30:00-04:00,12.260000228881836,12.300000190734863,12.125,12.154999732971191,8719,0.0,0.0
2022-09-06 13:30:00-04:00,12.15999984741211,12.180000305175781,12.020000457763672,12.050000190734863,14364,0.0,0.0
2022-09-06 14:30:00-04:00,12.039999961853027,12.069999694824219,11.989999771118164,12.039999961853027,13179,0.0,0.0
2022-09-06 15:30:00-04:00,12.020000457763672,12.100000381469727,11.991000175476074,12.09000015258789,24782,0.0,0.0
2022-09-07 09:30:00-04:00,12.0,12.289999961853027,12.0,12.239999771118164,9672,0.0,0.0
2022-09-07 10:30:00-04:00,12.274999618530273,12.329999923706055,12.220000267028809,12.239999771118164,7143,0.0,0.0
2022-09-07 11:30:00-04:00,12.210000038146973,12.229999542236328,12.170299530029297,12.175000190734863,5140,0.0,0.0
2022-09-07 12:30:00-04:00,12.140000343322754,12.25,12.140000343322754,12.234999656677246,6654,0.0,0.0
2022-09-07 13:30:00-04:00,12.25,12.300000190734863,12.229999542236328,12.274999618530273,27668,0.0,0.0
2022-09-07 14:30:00-04:00,12.289999961853027,12.475000381469727,12.289999961853027,12.460000038146973,17649,0.0,0.0
2022-09-07 15:30:00-04:00,12.454999923706055,12.470000267028809,12.380000114440918,12.4399995803833,25355,0.0,0.0
2022-09-08 09:30:00-04:00,12.270000457763672,12.430000305175781,12.039999961853027,12.390000343322754,11352,0.0,0.0
2022-09-08 10:30:00-04:00,12.390000343322754,12.510000228881836,12.390000343322754,12.510000228881836,7143,0.0,0.0
2022-09-08 11:30:00-04:00,12.510000228881836,12.510000228881836,12.2677001953125,12.289999961853027,16853,0.0,0.0
2022-09-08 12:30:00-04:00,12.3100004196167,12.470000267028809,12.3100004196167,12.470000267028809,7282,0.0,0.0
2022-09-08 13:30:00-04:00,12.5,12.550000190734863,12.470000267028809,12.510000228881836,8065,0.0,0.0
2022-09-08 14:30:00-04:00,12.50529956817627,12.529999732971191,12.479999542236328,12.510000228881836,7378,0.0,0.0
2022-09-08 15:30:00-04:00,12.510000228881836,12.5600004196167,12.460000038146973,12.470000267028809,26776,0.0,0.0
2022-09-09 09:30:00-04:00,12.520000457763672,12.630000114440918,12.368399620056152,12.520000457763672,10148,0.0,0.0
2022-09-09 10:30:00-04:00,12.5600004196167,12.630000114440918,12.470000267028809,12.569999694824219,6284,0.0,0.0
2022-09-09 11:30:00-04:00,12.5600004196167,12.609999656677246,12.53499984741211,12.545000076293945,5632,0.0,0.0
2022-09-09 12:30:00-04:00,12.5649995803833,12.65999984741211,12.5649995803833,12.65999984741211,5648,0.0,0.0
2022-09-09 13:30:00-04:00,12.654999732971191,12.654999732971191,12.529999732971191,12.579999923706055,9501,0.0,0.0
2022-09-09 14:30:00-04:00,12.565299987792969,12.6899995803833,12.529999732971191,12.640000343322754,15647,0.0,0.0
2022-09-09 15:30:00-04:00,12.65999984741211,12.729999542236328,12.550000190734863,12.630000114440918,42419,0.0,0.0
2022-09-12 09:30:00-04:00,12.8100004196167,13.09000015258789,12.779999732971191,13.010000228881836,20109,0.0,0.0
2022-09-12 10:30:00-04:00,13.005000114440918,13.010000228881836,12.869999885559082,13.0,8666,0.0,0.0
2022-09-12 11:30:00-04:00,12.989999771118164,12.989999771118164,12.880000114440918,12.920000076293945,7418,0.0,0.0
2022-09-12 12:30:00-04:00,12.9399995803833,13.020000457763672,12.859999656677246,12.920000076293945,17792,0.0,0.0
2022-09-12 13:30:00-04:00,12.949999809265137,13.0,12.850000381469727,12.859999656677246,133276,0.0,0.0
2022-09-12 14:30:00-04:00,12.859999656677246,12.899999618530273,12.829999923706055,12.882200241088867,10776,0.0,0.0
2022-09-12 15:30:00-04:00,12.875,12.9350004196167,12.859999656677246,12.880000114440918,27691,0.0,0.0
2022-09-13 09:30:00-04:00,12.670000076293945,12.720000267028809,12.399999618530273,12.600000381469727,30320,0.0,0.0
2022-09-13 10:30:00-04:00,12.619999885559082,12.640000343322754,12.1850004196167,12.1850004196167,120547,0.0,0.0
2022-09-13 11:30:00-04:00,12.15999984741211,12.260000228881836,12.029999732971191,12.1850004196167,47095,0.0,0.0
2022-09-13 12:30:00-04:00,12.140000343322754,12.199999809265137,12.050000190734863,12.079999923706055,15895,0.0,0.0
2022-09-13 13:30:00-04:00,12.09000015258789,12.170000076293945,11.890000343322754,11.890000343322754,30108,0.0,0.0
2022-09-13 14:30:00-04:00,11.890000343322754,11.960000038146973,11.699999809265137,11.699999809265137,22763,0.0,0.0
2022-09-13 15:30:00-04:00,11.6899995803833,11.701000213623047,11.579999923706055,11.65999984741211,35118,0.0,0.0
2022-09-14 09:30:00-04:00,11.619999885559082,11.670000076293945,11.17080020904541,11.234999656677246,30480,0.0,0.0
2022-09-14 10:30:00-04:00,11.199999809265137,11.3149995803833,11.170000076293945,11.260000228881836,17535,0.0,0.0
2022-09-14 11:30:00-04:00,11.220000267028809,11.350000381469727,11.1899995803833,11.265000343322754,16915,0.0,0.0
2022-09-14 12:30:00-04:00,11.270000457763672,11.350000381469727,11.260000228881836,11.329999923706055,10783,0.0,0.0
2022-09-14 13:30:00-04:00,11.359999656677246,11.464799880981445,11.250100135803223,11.464799880981445,14742,0.0,0.0
2022-09-14 14:30:00-04:00,11.449999809265137,11.539999961853027,11.414999961853027,11.444999694824219,15270,0.0,0.0
2022-09-14 15:30:00-04:00,11.430000305175781,11.539999961853027,11.411999702453613,11.505000114440918,21350,0.0,0.0
2022-09-16 09:30:00-04:00,11.390000343322754,11.579999923706055,11.240099906921387,11.350000381469727,125942,0.0,0.0
2022-09-16 10:30:00-04:00,11.329999923706055,11.399999618530273,11.210000038146973,11.300000190734863,113131,0.0,0.0
2022-09-16 11:30:00-04:00,11.265000343322754,11.329999923706055,11.140000343322754,11.140000343322754,38434,0.0,0.0
2022-09-16 12:30:00-04:00,11.15999984741211,11.170000076293945,10.984999656677246,11.15999984741211,31986,0.0,0.0
2022-09-16 13:30:00-04:00,11.15999984741211,11.3100004196167,11.149999618530273,11.270000457763672,19404,0.0,0.0
2022-09-16 14:30:00-04:00,11.239999771118164,11.3100004196167,11.1899995803833,11.194999694824219,20561,0.0,0.0
2022-09-16 15:30:00-04:00,11.194999694824219,11.324999809265137,11.192999839782715,11.229999542236328,63135,0.0,0.0
2022-09-19 09:30:00-04:00,11.25,11.479999542236328,11.239999771118164,11.350000381469727,8669,0.0,0.0
2022-09-19 10:30:00-04:00,11.359999656677246,11.510000228881836,11.359999656677246,11.510000228881836,5201,0.0,0.0
2022-09-19 11:30:00-04:00,11.5,11.524999618530273,11.289999961853027,11.289999961853027,8934,0.0,0.0
2022-09-19 12:30:00-04:00,11.289999961853027,11.324999809265137,11.260000228881836,11.319999694824219,21071,0.0,0.0
2022-09-19 13:30:00-04:00,11.319999694824219,11.34000015258789,11.109999656677246,11.260000228881836,16258,0.0,0.0
2022-09-19 14:30:00-04:00,11.260000228881836,11.375,11.255000114440918,11.359999656677246,18860,0.0,0.0
2022-09-19 15:30:00-04:00,11.350000381469727,11.369999885559082,11.260000228881836,11.319999694824219,29916,0.0,0.0
2022-09-20 09:30:00-04:00,11.289999961853027,11.289999961853027,10.993000030517578,11.029999732971191,10042,0.0,0.0
2022-09-20 10:30:00-04:00,11.010000228881836,11.069999694824219,10.970000267028809,10.970000267028809,4728,0.0,0.0
2022-09-20 11:30:00-04:00,10.949999809265137,11.039999961853027,10.949999809265137,10.979999542236328,4642,0.0,0.0
2022-09-20 12:30:00-04:00,11.0,11.016500473022461,10.949999809265137,10.960000038146973,9872,0.0,0.0
2022-09-20 13:30:00-04:00,10.960000038146973,11.029999732971191,10.949999809265137,11.0,17168,0.0,0.0
2022-09-20 14:30:00-04:00,11.014300346374512,11.100000381469727,11.0,11.100000381469727,15412,0.0,0.0
2022-09-20 15:30:00-04:00,11.09000015258789,11.119999885559082,11.039999961853027,11.0600004196167,18382,0.0,0.0
2022-09-21 09:30:00-04:00,11.119999885559082,11.359999656677246,11.119999885559082,11.279999732971191,5693,0.0,0.0
2022-09-21 10:30:00-04:00,11.359999656677246,11.399999618530273,11.3100004196167,11.34000015258789,9860,0.0,0.0
2022-09-21 11:30:00-04:00,11.34000015258789,11.359999656677246,11.25,11.25,18310,0.0,0.0
2022-09-21 12:30:00-04:00,11.254400253295898,11.279999732971191,11.199999809265137,11.279999732971191,13292,0.0,0.0
2022-09-21 13:30:00-04:00,11.260000228881836,11.260000228881836,11.029999732971191,11.130000114440918,11009,0.0,0.0
2022-09-21 14:30:00-04:00,11.149999618530273,11.329999923706055,11.069999694824219,11.069999694824219,24001,0.0,0.0
2022-09-21 15:30:00-04:00,11.09000015258789,11.119999885559082,10.979999542236328,11.020000457763672,20288,0.0,0.0
2022-09-22 09:30:00-04:00,11.0,11.0,10.75,10.765000343322754,13562,0.0,0.0
2022-09-22 10:30:00-04:00,10.739999771118164,10.739999771118164,10.550000190734863,10.579999923706055,11412,0.0,0.0
2022-09-22 11:30:00-04:00,10.579999923706055,10.609999656677246,10.510000228881836,10.539999961853027,5245,0.0,0.0
2022-09-22 12:30:00-04:00,10.59000015258789,10.630000114440918,10.529999732971191,10.574999809265137,13368,0.0,0.0
2022-09-22 13:30:00-04:00,10.550000190734863,10.640000343322754,10.479999542236328,10.510000228881836,10795,0.0,0.0
2022-09-22 14:30:00-04:00,10.510000228881836,10.574999809265137,10.460000038146973,10.550000190734863,5764,0.0,0.0
2022-09-22 15:30:00-04:00,10.569999694824219,10.600000381469727,10.449999809265137,10.470000267028809,12538,0.0,0.0
2022-09-23 09:30:00-04:00,10.390000343322754,10.390000343322754,10.0600004196167,10.15999984741211,17099,0.0,0.0
2022-09-23 10:30:00-04:00,10.15999984741211,10.279999732971191,10.0600004196167,10.220000267028809,8489,0.0,0.0
2022-09-23 11:30:00-04:00,10.229999542236328,10.229999542236328,10.0,10.0,5892,0.0,0.0
2022-09-23 12:30:00-04:00,10.010000228881836,10.0600004196167,9.989999771118164,10.041000366210938,7722,0.0,0.0
2022-09-23 13:30:00-04:00,10.029999732971191,10.100000381469727,10.029999732971191,10.069999694824219,8695,0.0,0.0
2022-09-23 14:30:00-04:00,10.0649995803833,10.1899995803833,10.050000190734863,10.15999984741211,11428,0.0,0.0
2022-09-23 15:30:00-04:00,10.199999809265137,10.220000267028809,10.15999984741211,10.210000038146973,15817,0.0,0.0
2022-09-26 09:30:00-04:00,10.170000076293945,10.350000381469727,10.170000076293945,10.3149995803833,7139,0.0,0.0
2022-09-26 10:30:00-04:00,10.289999961853027,10.300000190734863,10.079999923706055,10.09000015258789,4591,0.0,0.0
2022-09-26 11:30:00-04:00,10.069999694824219,10.180000305175781,9.954999923706055,9.954999923706055,11608,0.0,0.0
2022-09-26 12:30:00-04:00,9.911199569702148,9.930000305175781,9.739999771118164,9.800000190734863,10834,0.0,0.0
2022-09-26 13:30:00-04:00,9.795000076293945,9.8100004196167,9.699999809265137,9.779999732971191,15365,0.0,0.0
2022-09-26 14:30:00-04:00,9.680000305175781,9.779999732971191,9.680000305175781,9.760000228881836,7805,0.0,0.0
2022-09-26 15:30:00-04:00,9.75,9.890000343322754,9.734999656677246,9.789999961853027,29379,0.0,0.0
2022-09-27 09:30:00-04:00,9.859999656677246,10.0,9.791099548339844,10.0,16693,0.0,0.0
2022-09-27 10:30:00-04:00,10.0,10.079999923706055,10.0,10.0,12834,0.0,0.0
2022-09-27 11:30:00-04:00,9.989999771118164,10.0600004196167,9.960000038146973,9.960000038146973,22413,0.0,0.0
2022-09-27 12:30:00-04:00,9.949999809265137,10.010000228881836,9.949999809265137,10.010000228881836,11347,0.0,0.0
2022-09-27 13:30:00-04:00,9.979999542236328,10.045000076293945,9.9399995803833,9.975000381469727,21602,0.0,0.0
2022-09-27 14:30:00-04:00,9.975000381469727,10.069999694824219,9.970000267028809,9.989999771118164,21881,0.0,0.0
2022-09-27 15:30:00-04:00,9.979999542236328,10.069999694824219,9.970000267028809,10.029999732971191,47266,0.0,0.0
2022-09-28 09:30:00-04:00,10.1899995803833,10.255000114440918,10.10319995880127,10.255000114440918,12156,0.0,0.0
2022-09-28 10:30:00-04:00,10.270000457763672,10.529999732971191,10.270000457763672,10.479999542236328,10229,0.0,0.0
2022-09-28 11:30:00-04:00,10.40999984741211,10.569999694824219,10.40999984741211,10.520000457763672,22214,0.0,0.0
2022-09-28 12:30:00-04:00,10.510000228881836,10.510000228881836,10.375,10.454999923706055,31639,0.0,0.0
2022-09-28 13:30:00-04:00,10.479999542236328,10.53499984741211,10.479999542236328,10.53499984741211,33123,0.0,0.0
2022-09-28 14:30:00-04:00,10.550000190734863,10.729999542236328,10.529999732971191,10.699999809265137,17622,0.0,0.0
2022-09-28 15:30:00-04:00,10.710000038146973,10.779999732971191,10.579999923706055,10.609999656677246,34760,0.0,0.0
2022-09-29 09:30:00-04:00,10.359999656677246,10.359999656677246,10.100000381469727,10.319999694824219,11422,0.0,0.0
2022-09-29 10:30:00-04:00,10.303500175476074,10.350000381469727,10.260000228881836,10.270000457763672,4530,0.0,0.0
2022-09-29 11:30:00-04:00,10.270000457763672,10.51990032196045,10.270000457763672,10.3100004196167,41563,0.0,0.0
2022-09-29 12:30:00-04:00,10.3100004196167,10.420000076293945,10.229999542236328,10.369999885559082,31361,0.0,0.0
2022-09-29 13:30:00-04:00,10.369999885559082,10.444999694824219,10.300000190734863,10.3100004196167,9292,0.0,0.0
2022-09-29 14:30:00-04:00,10.329999923706055,10.350000381469727,10.300000190734863,10.350000381469727,6021,0.0,0.0
2022-09-29 15:30:00-04:00,10.339400291442871,10.569999694824219,10.339400291442871,10.5600004196167,33950,0.0,0.0
2022-09-30 09:30:00-04:00,10.479999542236328,10.630000114440918,10.420000076293945,10.550000190734863,11646,0.0,0.0
2022-09-30 10:30:00-04:00,10.569999694824219,10.670000076293945,10.539999961853027,10.640000343322754,16968,0.0,0.0
2022-09-30 11:30:00-04:00,10.630000114440918,10.670000076293945,10.539999961853027,10.5600004196167,13965,0.0,0.0
2022-09-30 12:30:00-04:00,10.579999923706055,10.640000343322754,10.555000305175781,10.619999885559082,6086,0.0,0.0
2022-09-30 13:30:00-04:00,10.600000381469727,10.649999618530273,10.59000015258789,10.600000381469727,15187,0.0,0.0
2022-09-30 14:30:00-04:00,10.630000114440918,10.638400077819824,10.5600004196167,10.600000381469727,41022,0.0,0.0
2022-09-30 15:30:00-04:00,10.595000267028809,10.619999885559082,10.520000457763672,10.600000381469727,73627,0.0,0.0
2022-10-03 09:30:00-04:00,10.609999656677246,10.800000190734863,10.470000267028809,10.757499694824219,16291,0.0,0.0
2022-10-03 10:30:00-04:00,10.770000457763672,10.770000457763672,10.630000114440918,10.720000267028809,14616,0.0,0.0
2022-10-03 11:30:00-04:00,10.729999542236328,10.75,10.645000457763672,10.670000076293945,29215,0.0,0.0
2022-10-03 12:30:00-04:00,10.670000076293945,10.704999923706055,10.614999771118164,10.664999961853027,18522,0.0,0.0
2022-10-03 13:30:00-04:00,10.670000076293945,10.75,10.654999732971191,10.75,24151,0.0,0.0
2022-10-03 14:30:00-04:00,10.770000457763672,10.805000305175781,10.710000038146973,10.765000343322754,36126,0.0,0.0
2022-10-03 15:30:00-04:00,10.755000114440918,10.779999732971191,10.6899995803833,10.720000267028809,45469,0.0,0.0
2022-10-04 09:30:00-04:00,10.819999694824219,11.119999885559082,10.819999694824219,10.970000267028809,40972,0.0,0.0
2022-10-04 10:30:00-04:00,10.979999542236328,11.0600004196167,10.975000381469727,11.0600004196167,14563,0.0,0.0
2022-10-04 11:30:00-04:00,11.0600004196167,11.239999771118164,11.0600004196167,11.199999809265137,8590,0.0,0.0
2022-10-04 12:30:00-04:00,11.229999542236328,11.239999771118164,11.069999694824219,11.079999923706055,20397,0.0,0.0
2022-10-04 13:30:00-04:00,11.069999694824219,11.140000343322754,11.0,11.119999885559082,21569,0.0,0.0
2022-10-04 14:30:00-04:00,11.109999656677246,11.130000114440918,11.0,11.079999923706055,36080,0.0,0.0
2022-10-04 15:30:00-04:00,11.079999923706055,11.140000343322754,11.010000228881836,11.029999732971191,62534,0.0,0.0
2022-10-05 09:30:00-04:00,10.899999618530273,11.279999732971191,10.899999618530273,11.229999542236328,16022,0.0,0.0
2022-10-05 10:30:00-04:00,11.170000076293945,11.170000076293945,11.0,11.0649995803833,10867,0.0,0.0
2022-10-05 11:30:00-04:00,11.020000457763672,11.029999732971191,10.895000457763672,10.970000267028809,19292,0.0,0.0
2022-10-05 12:30:00-04:00,10.96500015258789,11.0,10.875,10.949999809265137,18431,0.0,0.0
2022-10-05 13:30:00-04:00,10.960000038146973,10.960000038146973,10.739999771118164,10.890000343322754,29878,0.0,0.0
2022-10-05 14:30:00-04:00,10.890000343322754,11.0,10.869999885559082,10.989999771118164,40215,0.0,0.0
2022-10-05 15:30:00-04:00,10.979999542236328,11.079999923706055,10.9399995803833,11.0649995803833,70159,0.0,0.0
2022-10-06 09:30:00-04:00,11.050000190734863,11.199999809265137,11.039999961853027,11.069999694824219,6073,0.0,0.0
2022-10-06 10:30:00-04:00,11.09000015258789,11.1850004196167,11.09000015258789,11.141300201416016,13086,0.0,0.0
2022-10-06 11:30:00-04:00,11.140000343322754,11.154999732971191,11.049799919128418,11.09000015258789,7514,0.0,0.0
2022-10-06 12:30:00-04:00,11.079999923706055,11.239999771118164,11.079999923706055,11.130000114440918,19993,0.0,0.0
2022-10-06 13:30:00-04:00,11.149999618530273,11.149999618530273,11.029999732971191,11.074999809265137,24148,0.0,0.0
2022-10-06 14:30:00-04:00,11.074999809265137,11.130000114440918,11.050000190734863,11.130000114440918,41513,0.0,0.0
2022-10-06 15:30:00-04:00,11.145000457763672,11.324999809265137,11.140000343322754,11.229999542236328,23557,0.0,0.0
2022-10-07 09:30:00-04:00,11.300000190734863,11.4399995803833,11.010000228881836,11.039999961853027,60807,0.0,0.0
2022-10-07 10:30:00-04:00,11.09000015258789,11.279999732971191,11.039999961853027,11.25,48965,0.0,0.0
2022-10-07 11:30:00-04:00,11.199999809265137,11.40999984741211,11.180000305175781,11.239999771118164,41749,0.0,0.0
2022-10-07 12:30:00-04:00,11.225500106811523,11.329999923706055,11.180000305175781,11.26729965209961,29948,0.0,0.0
2022-10-07 13:30:00-04:00,11.239999771118164,11.3100004196167,10.710000038146973,10.71500015258789,72275,0.0,0.0
2022-10-07 14:30:00-04:00,10.710000038146973,10.8100004196167,10.645000457763672,10.8100004196167,23726,0.0,0.0
2022-10-07 15:30:00-04:00,10.800000190734863,10.899999618530273,10.800000190734863,10.84000015258789,48228,0.0,0.0
2022-10-10 09:30:00-04:00,11.09000015258789,11.119999885559082,10.850000381469727,10.869999885559082,12302,0.0,0.0
2022-10-10 10:30:00-04:00,10.869999885559082,11.135000228881836,10.829999923706055,11.130000114440918,8436,0.0,0.0
2022-10-10 11:30:00-04:00,11.154999732971191,11.1899995803833,11.010000228881836,11.020000457763672,10716,0.0,0.0
2022-10-10 12:30:00-04:00,11.024999618530273,11.029999732971191,10.925000190734863,10.983799934387207,6770,0.0,0.0
2022-10-10 13:30:00-04:00,10.989999771118164,11.119999885559082,10.989999771118164,11.09119987487793,6570,0.0,0.0
2022-10-10 14:30:00-04:00,11.126199722290039,11.25,11.09000015258789,11.249899864196777,20887,0.0,0.0
2022-10-10 15:30:00-04:00,11.220000267028809,11.319999694824219,11.220000267028809,11.289999961853027,18058,0.0,0.0
2022-10-11 09:30:00-04:00,11.34000015258789,11.369999885559082,11.09000015258789,11.170000076293945,14387,0.0,0.0
2022-10-11 10:30:00-04:00,11.149999618530273,11.3100004196167,11.130000114440918,11.180000305175781,17442,0.0,0.0
2022-10-11 11:30:00-04:00,11.170000076293945,11.350000381469727,11.100000381469727,11.154999732971191,24928,0.0,0.0
2022-10-11 12:30:00-04:00,11.140000343322754,11.170000076293945,11.09000015258789,11.09000015258789,13572,0.0,0.0
2022-10-11 13:30:00-04:00,11.109999656677246,11.1850004196167,11.0600004196167,11.1850004196167,17063,0.0,0.0
2022-10-11 14:30:00-04:00,11.1899995803833,11.1899995803833,11.029999732971191,11.09000015258789,16294,0.0,0.0
2022-10-11 15:30:00-04:00,11.119999885559082,11.15999984741211,11.109999656677246,11.149999618530273,19897,0.0,0.0
2022-10-12 09:30:00-04:00,11.430000305175781,11.5,10.960000038146973,11.0,21852,0.0,0.0
2022-10-12 10:30:00-04:00,11.010000228881836,11.010000228881836,10.899999618530273,10.930000305175781,5942,0.0,0.0
2022-10-12 11:30:00-04:00,10.949899673461914,10.960000038146973,10.890000343322754,10.9350004196167,11946,0.0,0.0
2022-10-12 12:30:00-04:00,10.920000076293945,10.9399995803833,10.876700401306152,10.920000076293945,4815,0.0,0.0
2022-10-12 13:30:00-04:00,10.90999984741211,10.970000267028809,10.850000381469727,10.960000038146973,16151,0.0,0.0
2022-10-12 14:30:00-04:00,10.949999809265137,10.949999809265137,10.880000114440918,10.880000114440918,8938,0.0,0.0
2022-10-12 15:30:00-04:00,10.889699935913086,10.930000305175781,10.869999885559082,10.899999618530273,13185,0.0,0.0
2022-10-13 09:30:00-04:00,10.6899995803833,10.6899995803833,10.414999961853027,10.460000038146973,28658,0.0,0.0
2022-10-13 10:30:00-04:00,10.510000228881836,10.850000381469727,10.460000038146973,10.699999809265137,7739,0.0,0.0
2022-10-13 11:30:00-04:00,10.779999732971191,10.84000015258789,10.670000076293945,10.6899995803833,7114,0.0,0.0
2022-10-13 12:30:00-04:00,10.720000267028809,10.8100004196167,10.667400360107422,10.75,15690,0.0,0.0
2022-10-13 13:30:00-04:00,10.819999694824219,10.819999694824219,10.720000267028809,10.75,7948,0.0,0.0
2022-10-13 14:30:00-04:00,10.760000228881836,10.8100004196167,10.65999984741211,10.675000190734863,14537,0.0,0.0
2022-10-13 15:30:00-04:00,10.65999984741211,10.6899995803833,10.579999923706055,10.579999923706055,21375,0.0,0.0
2022-10-14 09:30:00-04:00,10.609999656677246,10.609999656677246,10.34000015258789,10.345000267028809,13492,0.0,0.0
2022-10-14 10:30:00-04:00,10.350000381469727,10.460000038146973,10.335000038146973,10.449999809265137,13095,0.0,0.0
2022-10-14 11:30:00-04:00,10.449999809265137,10.529999732971191,10.422499656677246,10.449999809265137,25288,0.0,0.0
2022-10-14 12:30:00-04:00,10.529999732971191,10.539999961853027,10.4399995803833,10.4399995803833,6531,0.0,0.0
2022-10-14 13:30:00-04:00,10.425000190734863,10.470000267028809,10.279999732971191,10.329999923706055,31457,0.0,0.0
2022-10-14 14:30:00-04:00,10.300000190734863,10.3100004196167,10.109999656677246,10.119999885559082,14373,0.0,0.0
2022-10-14 15:30:00-04:00,10.100000381469727,10.199999809265137,10.069999694824219,10.149999618530273,35276,0.0,0.0
2022-10-17 09:30:00-04:00,10.529999732971191,10.670000076293945,10.430100440979004,10.4399995803833,19480,0.0,0.0
2022-10-17 10:30:00-04:00,10.444999694824219,10.5600004196167,10.380000114440918,10.505000114440918,9941,0.0,0.0
2022-10-17 11:30:00-04:00,10.520000457763672,10.520000457763672,10.359999656677246,10.359999656677246,17921,0.0,0.0
2022-10-17 12:30:00-04:00,10.399999618530273,10.399999618530273,10.319999694824219,10.350000381469727,11001,0.0,0.0
2022-10-17 13:30:00-04:00,10.350000381469727,10.390000343322754,10.270000457763672,10.270000457763672,22387,0.0,0.0
2022-10-17 14:30:00-04:00,10.300000190734863,10.380000114440918,10.279999732971191,10.300000190734863,35683,0.0,0.0
2022-10-17 15:30:00-04:00,10.300000190734863,10.420000076293945,10.300000190734863,10.420000076293945,20294,0.0,0.0
2022-10-18 09:30:00-04:00,10.6899995803833,10.798299789428711,10.609999656677246,10.619999885559082,21633,0.0,0.0
2022-10-18 10:30:00-04:00,10.600000381469727,10.600000381469727,10.289999961853027,10.289999961853027,21552,0.0,0.0
2022-10-18 11:30:00-04:00,10.300000190734863,10.319999694824219,10.225000381469727,10.31760025024414,8033,0.0,0.0
2022-10-18 12:30:00-04:00,10.260000228881836,10.380000114440918,10.260000228881836,10.380000114440918,3904,0.0,0.0
2022-10-18 13:30:00-04:00,10.430000305175781,10.470000267028809,10.350000381469727,10.4399995803833,27174,0.0,0.0
2022-10-18 14:30:00-04:00,10.454999923706055,10.460000038146973,10.329999923706055,10.34000015258789,17515,0.0,0.0
2022-10-18 15:30:00-04:00,10.359999656677246,10.390000343322754,10.270000457763672,10.350000381469727,15407,0.0,0.0
2022-10-19 09:30:00-04:00,10.25,10.25,9.84000015258789,9.979999542236328,16193,0.0,0.0
2022-10-19 10:30:00-04:00,10.016400337219238,10.029999732971191,9.910599708557129,9.930000305175781,26388,0.0,0.0
2022-10-19 11:30:00-04:00,9.970000267028809,10.010000228881836,9.920000076293945,9.949999809265137,11817,0.0,0.0
2022-10-19 12:30:00-04:00,9.949999809265137,9.989999771118164,9.9399995803833,9.989999771118164,8081,0.0,0.0
2022-10-19 13:30:00-04:00,10.0,10.039999961853027,9.9350004196167,9.9350004196167,13898,0.0,0.0
2022-10-19 14:30:00-04:00,9.9350004196167,10.0,9.760000228881836,9.949999809265137,57850,0.0,0.0
2022-10-19 15:30:00-04:00,9.949999809265137,9.989999771118164,9.942000389099121,9.970000267028809,25886,0.0,0.0
2022-10-21 09:30:00-04:00,9.640000343322754,9.8100004196167,9.489999771118164,9.680000305175781,13747,0.0,0.0
2022-10-21 10:30:00-04:00,9.524999618530273,9.630000114440918,9.403900146484375,9.403900146484375,19101,0.0,0.0
2022-10-21 11:30:00-04:00,9.430000305175781,9.5,9.390000343322754,9.489999771118164,21556,0.0,0.0
2022-10-21 12:30:00-04:00,9.484999656677246,9.800000190734863,9.484999656677246,9.6899995803833,25252,0.0,0.0
2022-10-21 13:30:00-04:00,9.670000076293945,9.770000457763672,9.649999618530273,9.75,5748,0.0,0.0
2022-10-21 14:30:00-04:00,9.75,9.930000305175781,9.729999542236328,9.925000190734863,13015,0.0,0.0
2022-10-21 15:30:00-04:00,9.930000305175781,9.960000038146973,9.890000343322754,9.920000076293945,12613,0.0,0.0
2022-10-24 09:30:00-04:00,9.899999618530273,10.170000076293945,9.550000190734863,9.904999732971191,27216,0.0,0.0
2022-10-24 10:30:00-04:00,9.899999618530273,10.0,9.869999885559082,9.920000076293945,7789,0.0,0.0
2022-10-24 11:30:00-04:00,9.960000038146973,10.229999542236328,9.946999549865723,10.194999694824219,6134,0.0,0.0
2022-10-24 12:30:00-04:00,10.220000267028809,10.229999542236328,10.0,10.020000457763672,22414,0.0,0.0
2022-10-24 13:30:00-04:00,10.010000228881836,10.039999961853027,9.930000305175781,9.979999542236328,13854,0.0,0.0
2022-10-24 14:30:00-04:00,9.979999542236328,10.170000076293945,9.979999542236328,10.085000038146973,9864,0.0,0.0
2022-10-24 15:30:00-04:00,10.085000038146973,10.15999984741211,10.039999961853027,10.130000114440918,18652,0.0,0.0
2022-10-25 09:30:00-04:00,10.029999732971191,10.579999923706055,10.029999732971191,10.579999923706055,9850,0.0,0.0
2022-10-25 10:30:00-04:00,10.5600004196167,10.609999656677246,10.369999885559082,10.539999961853027,21934,0.0,0.0
2022-10-25 11:30:00-04:00,10.539999961853027,10.680000305175781,10.479999542236328,10.574999809265137,35822,0.0,0.0
2022-10-25 12:30:00-04:00,10.569999694824219,10.609999656677246,10.359999656677246,10.430000305175781,15285,0.0,0.0
2022-10-25 13:30:00-04:00,10.4350004196167,10.5,10.399999618530273,10.5,20725,0.0,0.0
2022-10-25 14:30:00-04:00,10.475000381469727,10.579999923706055,10.449999809265137,10.5,30111,0.0,0.0
2022-10-25 15:30:00-04:00,10.524999618530273,10.670000076293945,10.520000457763672,10.65999984741211,32381,0.0,0.0
2022-10-26 09:30:00-04:00,10.75,11.119999885559082,10.619999885559082,10.75,0,0.0,0.0
2022-10-26 10:30:00-04:00,10.710000038146973,10.920000076293945,10.670000076293945,10.920000076293945,29764,0.0,0.0
2022-10-26 11:30:00-04:00,10.890000343322754,10.920000076293945,10.729999542236328,10.899999618530273,15944,0.0,0.0
2022-10-26 12:30:00-04:00,10.920000076293945,10.979999542236328,10.829999923706055,10.829999923706055,33782,0.0,0.0
2022-10-26 13:30:00-04:00,10.829999923706055,10.90999984741211,10.739999771118164,10.770000457763672,18424,0.0,0.0
2022-10-26 14:30:00-04:00,10.729999542236328,10.829999923706055,10.6899995803833,10.829999923706055,16917,0.0,0.0
2022-10-26 15:30:00-04:00,10.800000190734863,10.904999732971191,10.779999732971191,10.890000343322754,38426,0.0,0.0
2022-10-27 09:30:00-04:00,11.0,11.109999656677246,10.754300117492676,11.0600004196167,9710,0.0,0.0
2022-10-27 10:30:00-04:00,11.15999984741211,11.1850004196167,10.859999656677246,10.930000305175781,7685,0.0,0.0
2022-10-27 11:30:00-04:00,10.960000038146973,11.050000190734863,10.899999618530273,10.90999984741211,20985,0.0,0.0
2022-10-27 12:30:00-04:00,10.949999809265137,10.989999771118164,10.859999656677246,10.989999771118164,16980,0.0,0.0
2022-10-27 13:30:00-04:00,10.989999771118164,10.989999771118164,10.697199821472168,10.697199821472168,17280,0.0,0.0
2022-10-27 14:30:00-04:00,10.739999771118164,10.760000228881836,10.661700248718262,10.694999694824219,10724,0.0,0.0
2022-10-27 15:30:00-04:00,10.694999694824219,10.729999542236328,10.660900115966797,10.680000305175781,20823,0.0,0.0
2022-10-28 09:30:00-04:00,10.630000114440918,10.704999923706055,10.449999809265137,10.449999809265137,6193,0.0,0.0
2022-10-28 10:30:00-04:00,10.470000267028809,10.662599563598633,10.470000267028809,10.579999923706055,7679,0.0,0.0
2022-10-28 11:30:00-04:00,10.569999694824219,10.65999984741211,10.449999809265137,10.65999984741211,11800,0.0,0.0
2022-10-28 12:30:00-04:00,10.649999618530273,10.970000267028809,10.640000343322754,10.970000267028809,13070,0.0,0.0
2022-10-28 13:30:00-04:00,11.010000228881836,11.079899787902832,10.920000076293945,11.045000076293945,18980,0.0,0.0
2022-10-28 14:30:00-04:00,11.029999732971191,11.050000190734863,10.960000038146973,10.989999771118164,20600,0.0,0.0
2022-10-28 15:30:00-04:00,11.0,11.079999923706055,10.960000038146973,11.050000190734863,58759,0.0,0.0
2022-10-31 09:30:00-04:00,10.930000305175781,10.994099617004395,10.670000076293945,10.930000305175781,16005,0.0,0.0
2022-10-31 10:30:00-04:00,10.978500366210938,11.069999694824219,10.869999885559082,11.03499984741211,14537,0.0,0.0
2022-10-31 11:30:00-04:00,11.09000015258789,11.180000305175781,11.069999694824219,11.079999923706055,8964,0.0,0.0
2022-10-31 12:30:00-04:00,11.062800407409668,11.210000038146973,11.020000457763672,11.210000038146973,14483,0.0,0.0
2022-10-31 13:30:00-04:00,11.229999542236328,11.25,11.038700103759766,11.039999961853027,24862,0.0,0.0
2022-10-31 14:30:00-04:00,11.029999732971191,11.069999694824219,11.020000457763672,11.03499984741211,17594,0.0,0.0
2022-10-31 15:30:00-04:00,11.020000457763672,11.0600004196167,11.020000457763672,11.0600004196167,32044,0.0,0.0
2022-11-01 09:30:00-04:00,11.350000381469727,11.390000343322754,11.140000343322754,11.149999618530273,9675,0.0,0.0
2022-11-01 10:30:00-04:00,11.15999984741211,11.15999984741211,10.930000305175781,11.010000228881836,17141,0.0,0.0
2022-11-01 11:30:00-04:00,11.010000228881836,11.0600004196167,10.970000267028809,11.029999732971191,24465,0.0,0.0
2022-11-01 12:30:00-04:00,11.029999732971191,11.079999923706055,11.0,11.0600004196167,27723,0.0,0.0
2022-11-01 13:30:00-04:00,11.069999694824219,11.085000038146973,11.010000228881836,11.050000190734863,52089,0.0,0.0
2022-11-01 14:30:00-04:00,11.050000190734863,11.0600004196167,10.949999809265137,10.970000267028809,19638,0.0,0.0
2022-11-01 15:30:00-04:00,10.970000267028809,11.029999732971191,10.890000343322754,11.0,40536,0.0,0.0
2022-11-02 09:30:00-04:00,11.039999961853027,11.100000381469727,10.55459976196289,10.55459976196289,17181,0.0,0.0
2022-11-02 10:30:00-04:00,10.520000457763672,10.743800163269043,10.510000228881836,10.539999961853027,11485,0.0,0.0
2022-11-02 11:30:00-04:00,10.569999694824219,10.617899894714355,10.449999809265137,10.460000038146973,11995,0.0,0.0
2022-11-02 12:30:00-04:00,10.449999809265137,10.550000190734863,10.239999771118164,10.289999961853027,17859,0.0,0.0
2022-11-02 13:30:00-04:00,10.270000457763672,10.75,10.270000457763672,10.75,13643,0.0,0.0
2022-11-02 14:30:00-04:00,10.750100135803223,10.750100135803223,10.274999618530273,10.274999618530273,31783,0.0,0.0
2022-11-02 15:30:00-04:00,10.279999732971191,10.404999732971191,10.25,10.300000190734863,50825,0.0,0.0
2022-11-03 09:30:00-04:00,10.350000381469727,10.350000381469727,9.84000015258789,10.00510025024414,0,0.0,0.0
2022-11-03 10:30:00-04:00,10.0600004196167,10.319999694824219,10.0,10.279999732971191,7752,0.0,0.0
2022-11-03 11:30:00-04:00,10.270000457763672,10.510000228881836,10.25,10.5,10227,0.0,0.0
2022-11-03 12:30:00-04:00,10.449999809265137,10.599200248718262,10.449999809265137,10.579999923706055,6522,0.0,0.0
2022-11-03 13:30:00-04:00,10.5600004196167,10.649999618530273,10.5,10.59000015258789,10216,0.0,0.0
2022-11-03 14:30:00-04:00,10.619999885559082,10.720000267028809,10.505000114440918,10.505000114440918,26240,0.0,0.0
2022-11-03 15:30:00-04:00,10.510000228881836,10.569999694824219,10.489999771118164,10.5600004196167,22782,0.0,0.0
2022-11-04 09:30:00-04:00,10.350000381469727,10.654999732971191,10.3100004196167,10.654999732971191,21043,0.0,0.0
2022-11-04 10:30:00-04:00,10.75,11.010000228881836,10.729999542236328,10.880000114440918,12253,0.0,0.0
2022-11-04 11:30:00-04:00,10.9399995803833,10.9399995803833,10.569999694824219,10.609999656677246,10076,0.0,0.0
2022-11-04 12:30:00-04:00,10.600000381469727,10.640000343322754,10.529999732971191,10.557100296020508,7672,0.0,0.0
2022-11-04 13:30:00-04:00,10.550000190734863,10.550000190734863,10.40999984741211,10.489999771118164,14292,0.0,0.0
2022-11-04 14:30:00-04:00,10.479999542236328,10.649999618530273,10.479999542236328,10.600000381469727,20530,0.0,0.0
2022-11-04 15:30:00-04:00,10.604999542236328,10.65999984741211,10.579999923706055,10.640000343322754,36930,0.0,0.0
2022-11-07 09:30:00-05:00,10.520000457763672,10.600000381469727,9.680000305175781,9.859999656677246,0,0.0,0.0
2022-11-07 10:30:00-05:00,9.890000343322754,9.920000076293945,9.562000274658203,9.589699745178223,49506,0.0,0.0
2022-11-07 11:30:00-05:00,9.569999694824219,9.75,9.550000190734863,9.729999542236328,55719,0.0,0.0
2022-11-07 12:30:00-05:00,9.729999542236328,9.859999656677246,9.729999542236328,9.859999656677246,8131,0.0,0.0
2022-11-07 13:30:00-05:00,9.864999771118164,10.010000228881836,9.819999694824219,10.010000228881836,25611,0.0,0.0
2022-11-07 14:30:00-05:00,10.029999732971191,10.085000038146973,9.970000267028809,10.085000038146973,11626,0.0,0.0
2022-11-07 15:30:00-05:00,10.100000381469727,10.149999618530273,9.984999656677246,10.0,18588,0.0,0.0
2022-11-08 09:30:00-05:00,10.029999732971191,10.029999732971191,9.6899995803833,9.765000343322754,6311,0.0,0.0
2022-11-08 10:30:00-05:00,9.760000228881836,9.880000114440918,9.699999809265137,9.880000114440918,18869,0.0,0.0
2022-11-08 11:30:00-05:00,9.882399559020996,9.949999809265137,9.865699768066406,9.930000305175781,11182,0.0,0.0
2022-11-08 12:30:00-05:00,9.979999542236328,10.0,9.899999618530273,9.920000076293945,15431,0.0,0.0
2022-11-08 13:30:00-05:00,9.904999732971191,10.09000015258789,9.904999732971191,9.975000381469727,14749,0.0,0.0
2022-11-08 14:30:00-05:00,9.975000381469727,10.25,9.975000381469727,10.21500015258789,24904,0.0,0.0
2022-11-08 15:30:00-05:00,10.21500015258789,10.260000228881836,10.164999961853027,10.25,18625,0.0,0.0
2022-11-09 09:30:00-05:00,10.039999961853027,10.524999618530273,9.920000076293945,10.524999618530273,0,0.0,0.0
2022-11-09 10:30:00-05:00,10.399999618530273,10.545000076293945,10.369999885559082,10.510000228881836,29314,0.0,0.0
2022-11-09 11:30:00-05:00,10.515299797058105,10.5600004196167,10.420000076293945,10.4399995803833,8829,0.0,0.0
2022-11-09 12:30:00-05:00,10.40999984741211,10.40999984741211,10.289999961853027,10.300000190734863,6419,0.0,0.0
2022-11-09 13:30:00-05:00,10.270000457763672,10.380000114440918,10.229999542236328,10.369999885559082,5130,0.0,0.0
2022-11-09 14:30:00-05:00,10.350000381469727,10.350000381469727,10.164999961853027,10.1899995803833,14918,0.0,0.0
2022-11-09 15:30:00-05:00,10.184399604797363,10.220000267028809,9.989999771118164,10.039999961853027,34853,0.0,0.0
2022-11-10 09:30:00-05:00,10.609999656677246,11.4399995803833,10.600000381469727,11.34000015258789,24807,0.0,0.0
2022-11-10 10:30:00-05:00,11.270000457763672,11.279999732971191,11.069999694824219,11.149999618530273,24299,0.0,0.0
2022-11-10 11:30:00-05:00,11.149999618530273,11.210000038146973,11.0,11.061400413513184,16231,0.0,0.0
2022-11-10 12:30:00-05:00,11.039999961853027,11.109999656677246,11.003999710083008,11.024999618530273,13745,0.0,0.0
2022-11-10 13:30:00-05:00,11.00100040435791,11.029999732971191,10.789999961853027,10.859999656677246,25343,0.0,0.0
2022-11-10 14:30:00-05:00,10.829999923706055,10.859999656677246,10.729999542236328,10.739999771118164,37323,0.0,0.0
2022-11-10 15:30:00-05:00,10.729999542236328,10.8100004196167,10.710000038146973,10.760000228881836,40657,0.0,0.0
2022-11-11 09:30:00-05:00,11.0,11.079999923706055,10.850000381469727,11.012700080871582,11168,0.0,0.0
2022-11-11 10:30:00-05:00,10.949999809265137,11.095000267028809,10.869999885559082,11.039999961853027,12387,0.0,0.0
2022-11-11 11:30:00-05:00,11.010000228881836,11.210000038146973,10.934000015258789,11.024999618530273,23410,0.0,0.0
2022-11-11 12:30:00-05:00,11.020000457763672,11.109999656677246,10.994999885559082,11.095000267028809,19159,0.0,0.0
2022-11-11 13:30:00-05:00,11.083399772644043,11.1899995803833,11.0600004196167,11.1899995803833,27028,0.0,0.0
2022-11-11 14:30:00-05:00,11.180000305175781,11.25,11.149999618530273,11.210000038146973,17479,0.0,0.0
2022-11-11 15:30:00-05:00,11.239999771118164,11.239999771118164,10.960000038146973,10.970000267028809,54749,0.0,0.0
2022-11-14 09:30:00-05:00,11.0,11.0,10.65999984741211,10.65999984741211,18826,0.0,0.0
2022-11-14 10:30:00-05:00,10.611599922180176,10.720000267028809,10.600000381469727,10.600000381469727,5442,0.0,0.0
2022-11-14 11:30:00-05:00,10.600000381469727,10.609999656677246,10.520000457763672,10.569999694824219,3659,0.0,0.0
2022-11-14 12:30:00-05:00,10.589900016784668,10.725000381469727,10.589900016784668,10.720000267028809,8470,0.0,0.0
2022-11-14 13:30:00-05:00,10.739999771118164,10.770000457763672,10.579999923706055,10.579999923706055,13559,0.0,0.0
2022-11-14 14:30:00-05:00,10.550000190734863,10.640000343322754,10.390000343322754,10.40999984741211,15537,0.0,0.0
2022-11-14 15:30:00-05:00,10.420000076293945,10.479999542236328,10.300000190734863,10.300000190734863,26294,0.0,0.0
2022-11-15 09:30:00-05:00,10.5,10.630000114440918,10.399999618530273,10.579999923706055,14453,0.0,0.0
2022-11-15 10:30:00-05:00,10.579999923706055,10.669899940490723,10.470000267028809,10.5,16981,0.0,0.0
2022-11-15 11:30:00-05:00,10.5,10.515000343322754,10.430000305175781,10.46500015258789,16035,0.0,0.0
2022-11-15 12:30:00-05:00,10.479999542236328,10.5,10.3149995803833,10.3149995803833,7829,0.0,0.0
2022-11-15 13:30:00-05:00,10.305000305175781,10.40999984741211,10.229999542236328,10.390000343322754,14067,0.0,0.0
2022-11-15 14:30:00-05:00,10.404999732971191,10.420000076293945,10.1899995803833,10.220000267028809,37077,0.0,0.0
2022-11-15 15:30:00-05:00,10.220000267028809,10.359999656677246,10.15999984741211,10.329999923706055,30760,0.0,0.0
2022-11-16 09:30:00-05:00,10.279999732971191,10.279999732971191,9.9350004196167,9.9350004196167,9183,0.0,0.0
2022-11-16 10:30:00-05:00,9.920000076293945,10.0,9.720000267028809,9.734999656677246,11555,0.0,0.0
2022-11-16 11:30:00-05:00,9.770000457763672,9.800000190734863,9.699999809265137,9.78499984741211,15794,0.0,0.0
2022-11-16 12:30:00-05:00,9.760000228881836,9.869999885559082,9.760000228881836,9.845000267028809,3084,0.0,0.0
2022-11-16 13:30:00-05:00,9.8100004196167,9.8100004196167,9.670000076293945,9.699999809265137,13652,0.0,0.0
2022-11-16 14:30:00-05:00,9.710000038146973,9.819999694824219,9.699999809265137,9.770000457763672,9064,0.0,0.0
2022-11-16 15:30:00-05:00,9.760000228881836,9.800000190734863,9.729999542236328,9.750100135803223,20904,0.0,0.0
2022-11-18 09:30:00-05:00,10.140000343322754,10.149999618530273,9.949999809265137,9.949999809265137,16191,0.0,0.0
2022-11-18 10:30:00-05:00,9.960000038146973,9.970000267028809,9.850099563598633,9.895000457763672,12410,0.0,0.0
2022-11-18 11:30:00-05:00,9.859999656677246,9.970000267028809,9.859999656677246,9.970000267028809,8936,0.0,0.0
2022-11-18 12:30:00-05:00,9.970000267028809,10.130000114440918,9.944999694824219,10.119999885559082,4948,0.0,0.0
2022-11-18 13:30:00-05:00,10.119999885559082,10.125,10.050000190734863,10.0600004196167,8468,0.0,0.0
2022-11-18 14:30:00-05:00,10.0600004196167,10.109999656677246,10.0,10.069899559020996,18074,0.0,0.0
2022-11-18 15:30:00-05:00,10.045000076293945,10.0600004196167,9.989999771118164,10.020000457763672,20348,0.0,0.0
2022-11-21 09:30:00-05:00,10.069999694824219,10.149999618530273,9.760000228881836,9.779999732971191,11740,0.0,0.0
2022-11-21 10:30:00-05:00,9.800000190734863,9.831500053405762,9.6899995803833,9.831500053405762,9819,0.0,0.0
2022-11-21 11:30:00-05:00,9.789999961853027,9.850000381469727,9.723999977111816,9.800000190734863,5066,0.0,0.0
2022-11-21 12:30:00-05:00,9.8100004196167,9.9399995803833,9.702799797058105,9.829999923706055,13538,0.0,0.0
2022-11-21 13:30:00-05:00,9.835000038146973,9.869999885559082,9.75,9.800000190734863,4116,0.0,0.0
2022-11-21 14:30:00-05:00,9.75,9.779999732971191,9.640000343322754,9.640000343322754,14995,0.0,0.0
2022-11-21 15:30:00-05:00,9.645000457763672,9.720000267028809,9.619999885559082,9.65999984741211,14041,0.0,0.0
2022-11-22 09:30:00-05:00,9.510000228881836,9.510000228881836,8.765000343322754,9.40999984741211,59782,0.0,0.0
2022-11-22 10:30:00-05:00,9.369999885559082,9.510000228881836,9.1899995803833,9.380000114440918,42594,0.0,0.0
2022-11-22 11:30:00-05:00,9.289999961853027,9.335000038146973,9.125499725341797,9.3149995803833,52714,0.0,0.0
2022-11-22 12:30:00-05:00,9.3149995803833,9.329999923706055,9.15999984741211,9.21500015258789,39075,0.0,0.0
2022-11-22 13:30:00-05:00,9.210000038146973,9.289999961853027,9.09000015258789,9.09000015258789,19422,0.0,0.0
2022-11-22 14:30:00-05:00,9.09000015258789,9.289999961853027,9.069999694824219,9.234999656677246,32963,0.0,0.0
2022-11-22 15:30:00-05:00,9.234999656677246,9.3100004196167,9.1899995803833,9.289999961853027,57787,0.0,0.0
2022-11-23 09:30:00-05:00,9.319999694824219,9.350000381469727,9.170000076293945,9.229999542236328,17360,0.0,0.0
2022-11-23 10:30:00-05:00,9.23859977722168,9.545000076293945,9.199999809265137,9.4399995803833,62937,0.0,0.0
2022-11-23 11:30:00-05:00,9.489999771118164,9.5600004196167,9.359999656677246,9.40999984741211,13593,0.0,0.0
2022-11-23 12:30:00-05:00,9.479999542236328,9.539999961853027,9.40999984741211,9.460000038146973,9531,0.0,0.0
2022-11-23 13:30:00-05:00,9.460000038146973,9.529999732971191,9.4399995803833,9.510000228881836,14016,0.0,0.0
2022-11-23 14:30:00-05:00,9.517499923706055,9.645000457763672,9.449999809265137,9.645000457763672,24940,0.0,0.0
2022-11-23 15:30:00-05:00,9.619999885559082,9.779999732971191,9.600000381469727,9.65999984741211,53314,0.0,0.0
2022-11-25 09:30:00-05:00,9.65999984741211,9.816399574279785,9.65999984741211,9.758099555969238,2439,0.0,0.0
2022-11-25 10:30:00-05:00,9.725000381469727,9.739999771118164,9.579999923706055,9.579999923706055,7483,0.0,0.0
2022-11-25 11:30:00-05:00,9.614999771118164,9.729999542236328,9.529999732971191,9.6899995803833,10583,0.0,0.0
2022-11-28 09:30:00-05:00,9.789999961853027,9.9399995803833,9.699999809265137,9.805000305175781,15860,0.0,0.0
2022-11-28 10:30:00-05:00,9.8100004196167,9.854999542236328,9.680000305175781,9.819999694824219,10179,0.0,0.0
2022-11-28 11:30:00-05:00,9.829999923706055,9.869999885559082,9.783300399780273,9.819999694824219,9449,0.0,0.0
2022-11-28 12:30:00-05:00,9.800000190734863,9.890000343322754,9.75,9.75,11926,0.0,0.0
2022-11-28 13:30:00-05:00,9.765000343322754,9.800000190734863,9.65999984741211,9.710000038146973,17782,0.0,0.0
2022-11-28 14:30:00-05:00,9.729999542236328,9.8100004196167,9.569999694824219,9.59749984741211,33651,0.0,0.0
2022-11-28 15:30:00-05:00,9.59749984741211,9.59749984741211,9.479999542236328,9.529999732971191,34175,0.0,0.0
2022-11-29 09:30:00-05:00,9.460000038146973,9.619999885559082,9.420000076293945,9.470000267028809,19929,0.0,0.0
2022-11-29 10:30:00-05:00,9.489999771118164,9.585000038146973,9.489999771118164,9.520000457763672,6387,0.0,0.0
2022-11-29 11:30:00-05:00,9.569999694824219,9.600000381469727,9.520000457763672,9.550000190734863,13621,0.0,0.0
2022-11-29 12:30:00-05:00,9.619999885559082,9.729999542236328,9.5,9.585000038146973,47207,0.0,0.0
2022-11-29 13:30:00-05:00,9.630000114440918,9.640000343322754,9.449999809265137,9.579999923706055,11178,0.0,0.0
2022-11-29 14:30:00-05:00,9.595000267028809,9.630000114440918,9.510000228881836,9.630000114440918,15957,0.0,0.0
2022-11-29 15:30:00-05:00,9.649999618530273,9.729999542236328,9.569999694824219,9.625,39780,0.0,0.0
2022-11-30 09:30:00-05:00,9.649999618530273,9.649999618530273,9.399999618530273,9.425000190734863,13051,0.0,0.0
2022-11-30 10:30:00-05:00,9.399999618530273,9.399999618530273,9.295000076293945,9.3774995803833,5190,0.0,0.0
2022-11-30 11:30:00-05:00,9.399999618530273,9.399999618530273,9.180000305175781,9.210000038146973,39099,0.0,0.0
2022-11-30 12:30:00-05:00,9.210000038146973,9.300000190734863,9.149999618530273,9.180000305175781,14072,0.0,0.0
2022-11-30 13:30:00-05:00,9.1899995803833,9.5600004196167,9.15999984741211,9.46500015258789,54535,0.0,0.0
2022-11-30 14:30:00-05:00,9.46500015258789,9.6899995803833,9.46500015258789,9.6899995803833,27346,0.0,0.0
2022-11-30 15:30:00-05:00,9.649999618530273,9.84000015258789,9.5,9.84000015258789,61716,0.0,0.0
2022-12-01 09:30:00-05:00,9.869999885559082,9.989999771118164,9.40999984741211,9.579999923706055,38035,0.0,0.0
2022-12-01 10:30:00-05:00,9.550000190734863,9.65999984741211,9.460000038146973,9.619999885559082,24939,0.0,0.0
2022-12-01 11:30:00-05:00,9.609999656677246,9.670000076293945,9.545000076293945,9.630000114440918,5284,0.0,0.0
2022-12-01 12:30:00-05:00,9.630000114440918,9.68019962310791,9.5,9.5,16047,0.0,0.0
2022-12-01 13:30:00-05:00,9.505000114440918,9.510000228881836,9.300000190734863,9.300000190734863,16525,0.0,0.0
2022-12-01 14:30:00-05:00,9.34000015258789,9.460000038146973,9.279999732971191,9.40999984741211,27731,0.0,0.0
2022-12-01 15:30:00-05:00,9.430000305175781,9.479999542236328,9.329999923706055,9.380000114440918,20962,0.0,0.0
2022-12-02 09:30:00-05:00,9.1899995803833,9.350000381469727,9.1899995803833,9.274999618530273,33425,0.0,0.0
2022-12-02 10:30:00-05:00,9.274999618530273,9.329999923706055,9.170000076293945,9.300000190734863,21198,0.0,0.0
2022-12-02 11:30:00-05:00,9.270000457763672,9.300000190734863,9.239999771118164,9.270000457763672,18167,0.0,0.0
2022-12-02 12:30:00-05:00,9.270000457763672,9.270000457763672,9.154899597167969,9.245599746704102,16337,0.0,0.0
2022-12-02 13:30:00-05:00,9.239999771118164,9.329999923706055,9.220000267028809,9.3100004196167,33744,0.0,0.0
2022-12-02 14:30:00-05:00,9.279999732971191,9.630000114440918,9.279999732971191,9.619999885559082,40886,0.0,0.0
2022-12-02 15:30:00-05:00,9.600000381469727,9.670000076293945,9.430000305175781,9.5600004196167,51959,0.0,0.0
2022-12-05 09:30:00-05:00,9.420000076293945,9.53499984741211,9.25,9.50730037689209,41788,0.0,0.0
2022-12-05 10:30:00-05:00,9.520000457763672,9.600000381469727,9.270000457763672,9.350000381469727,37576,0.0,0.0
2022-12-05 11:30:00-05:00,9.380000114440918,9.40999984741211,9.25,9.345000267028809,31319,0.0,0.0
2022-12-05 12:30:00-05:00,9.329999923706055,9.420000076293945,9.230400085449219,9.28600025177002,30152,0.0,0.0
2022-12-05 13:30:00-05:00,9.319999694824219,9.350000381469727,9.239999771118164,9.279999732971191,29020,0.0,0.0
2022-12-05 14:30:00-05:00,9.25,9.460000038146973,9.25,9.329999923706055,15695,0.0,0.0
2022-12-05 15:30:00-05:00,9.319999694824219,9.430000305175781,9.25,9.399999618530273,33739,0.0,0.0
2022-12-06 09:30:00-05:00,9.380000114440918,9.539999961853027,9.329999923706055,9.34000015258789,18368,0.0,0.0
2022-12-06 10:30:00-05:00,9.423100471496582,9.46500015258789,9.229999542236328,9.260000228881836,40136,0.0,0.0
2022-12-06 11:30:00-05:00,9.25,9.319999694824219,9.229999542236328,9.274999618530273,15035,0.0,0.0
2022-12-06 12:30:00-05:00,9.270000457763672,9.380000114440918,9.270000457763672,9.289999961853027,5355,0.0,0.0
2022-12-06 13:30:00-05:00,9.28499984741211,9.369600296020508,9.149999618530273,9.239999771118164,21588,0.0,0.0
2022-12-06 14:30:00-05:00,9.220000267028809,9.270000457763672,9.15999984741211,9.25,22982,0.0,0.0
2022-12-06 15:30:00-05:00,9.243399620056152,9.289999961853027,9.220000267028809,9.279999732971191,24690,0.0,0.0
2022-12-07 09:30:00-05:00,9.180000305175781,9.420000076293945,9.161499977111816,9.161499977111816,35030,0.0,0.0
2022-12-07 10:30:00-05:00,9.270000457763672,9.479999542236328,9.25,9.329999923706055,21563,0.0,0.0
2022-12-07 11:30:00-05:00,9.335000038146973,9.470000267028809,9.260000228881836,9.420000076293945,35323,0.0,0.0
2022-12-07 12:30:00-05:00,9.460000038146973,9.609999656677246,9.420000076293945,9.550000190734863,6066,0.0,0.0
2022-12-07 13:30:00-05:00,9.550000190734863,9.619999885559082,9.430000305175781,9.460000038146973,18791,0.0,0.0
2022-12-07 14:30:00-05:00,9.470000267028809,9.5600004196167,9.40999984741211,9.489999771118164,11526,0.0,0.0
2022-12-07 15:30:00-05:00,9.489999771118164,9.569999694824219,9.470000267028809,9.529999732971191,24972,0.0,0.0
2022-12-08 09:30:00-05:00,9.670000076293945,9.760000228881836,9.539999961853027,9.729999542236328,34919,0.0,0.0
2022-12-08 10:30:00-05:00,9.729999542236328,9.729999542236328,9.579999923706055,9.579999923706055,33007,0.0,0.0
2022-12-08 11:30:00-05:00,9.609999656677246,9.619999885559082,9.550000190734863,9.579999923706055,19823,0.0,0.0
2022-12-08 12:30:00-05:00,9.579999923706055,9.579999923706055,9.449999809265137,9.574999809265137,61498,0.0,0.0
2022-12-08 13:30:00-05:00,9.569999694824219,9.619999885559082,9.5,9.613300323486328,18585,0.0,0.0
2022-12-08 14:30:00-05:00,9.569999694824219,9.649999618530273,9.5,9.510000228881836,30242,0.0,0.0
2022-12-08 15:30:00-05:00,9.510000228881836,9.515000343322754,9.460000038146973,9.479999542236328,29652,0.0,0.0
2022-12-09 09:30:00-05:00,9.369999885559082,9.65999984741211,9.369999885559082,9.640000343322754,4674,0.0,0.0
2022-12-09 10:30:00-05:00,9.5600004196167,9.65999984741211,9.350000381469727,9.5,29378,0.0,0.0
2022-12-09 11:30:00-05:00,9.5,9.563899993896484,9.40999984741211,9.430000305175781,23420,0.0,0.0
2022-12-09 12:30:00-05:00,9.449999809265137,9.529999732971191,9.399999618530273,9.399999618530273,27276,0.0,0.0
2022-12-09 13:30:00-05:00,9.390000343322754,9.40999984741211,9.289999961853027,9.319999694824219,18931,0.0,0.0
2022-12-09 14:30:00-05:00,9.300000190734863,9.369999885559082,9.25,9.279999732971191,33421,0.0,0.0
2022-12-09 15:30:00-05:00,9.279999732971191,9.300000190734863,9.25,9.260000228881836,33179,0.0,0.0
2022-12-12 09:30:00-05:00,9.300000190734863,9.350000381469727,9.175000190734863,9.175000190734863,21839,0.0,0.0
2022-12-12 10:30:00-05:00,9.1899995803833,9.3149995803833,9.1899995803833,9.300000190734863,7327,0.0,0.0
2022-12-12 11:30:00-05:00,9.3100004196167,9.399999618530273,9.222000122070312,9.293600082397461,17745,0.0,0.0
2022-12-12 12:30:00-05:00,9.240099906921387,9.289999961853027,9.239999771118164,9.239999771118164,4172,0.0,0.0
2022-12-12 13:30:00-05:00,9.239999771118164,9.350000381469727,9.239999771118164,9.270000457763672,13524,0.0,0.0
2022-12-12 14:30:00-05:00,9.270000457763672,9.324999809265137,9.25,9.319999694824219,15292,0.0,0.0
2022-12-12 15:30:00-05:00,9.3100004196167,9.350000381469727,9.300000190734863,9.350000381469727,19434,0.0,0.0
2022-12-13 09:30:00-05:00,9.869999885559082,9.930000305175781,9.670000076293945,9.725000381469727,57665,0.0,0.0
2022-12-13 10:30:00-05:00,9.670000076293945,9.789999961853027,9.64680004119873,9.680000305175781,13355,0.0,0.0
2022-12-13 11:30:00-05:00,9.6899995803833,9.829999923706055,9.65999984741211,9.8100004196167,13281,0.0,0.0
2022-12-13 12:30:00-05:00,9.760000228881836,9.84000015258789,9.670000076293945,9.789999961853027,19762,0.0,0.0
2022-12-13 13:30:00-05:00,9.8100004196167,9.869999885559082,9.789999961853027,9.850000381469727,22327,0.0,0.0
2022-12-13 14:30:00-05:00,9.854999542236328,9.890000343322754,9.739999771118164,9.819999694824219,35627,0.0,0.0
2022-12-13 15:30:00-05:00,9.829999923706055,9.875,9.800000190734863,9.850000381469727,41297,0.0,0.0
2022-12-14 09:30:00-05:00,9.710000038146973,9.989999771118164,9.600000381469727,9.84000015258789,16505,0.0,0.0
2022-12-14 10:30:00-05:00,9.8100004196167,9.859999656677246,9.520000457763672,9.630000114440918,26982,0.0,0.0
2022-12-14 11:30:00-05:00,9.630000114440918,9.65999984741211,9.5,9.619999885559082,16805,0.0,0.0
2022-12-14 12:30:00-05:00,9.609999656677246,9.65999984741211,9.579999923706055,9.654999732971191,9902,0.0,0.0
2022-12-14 13:30:00-05:00,9.670000076293945,9.729999542236328,9.460100173950195,9.579999923706055,39819,0.0,0.0
2022-12-14 14:30:00-05:00,9.609999656677246,9.729999542236328,9.479999542236328,9.545000076293945,30895,0.0,0.0
2022-12-14 15:30:00-05:00,9.545000076293945,9.65999984741211,9.510000228881836,9.649999618530273,32647,0.0,0.0
2022-12-15 09:30:00-05:00,9.40999984741211,9.5600004196167,9.3100004196167,9.5,37574,0.0,0.0
2022-12-15 10:30:00-05:00,9.539999961853027,9.539999961853027,9.329999923706055,9.329999923706055,4525,0.0,0.0
2022-12-15 11:30:00-05:00,9.3503999710083,9.529999732971191,9.34000015258789,9.470000267028809,17968,0.0,0.0
2022-12-15 12:30:00-05:00,9.479999542236328,9.579999923706055,9.430000305175781,9.460000038146973,13695,0.0,0.0
2022-12-15 13:30:00-05:00,9.460000038146973,9.489999771118164,9.149999618530273,9.149999618530273,46293,0.0,0.0
2022-12-15 14:30:00-05:00,9.149999618530273,9.35569953918457,9.149999618530273,9.329999923706055,41890,0.0,0.0
2022-12-15 15:30:00-05:00,9.329999923706055,9.420000076293945,9.319999694824219,9.40999984741211,19817,0.0,0.0
2022-12-16 09:30:00-05:00,9.25,9.552399635314941,9.1899995803833,9.279999732971191,51806,0.0,0.0
2022-12-16 10:30:00-05:00,9.300000190734863,9.350000381469727,9.220000267028809,9.25,37830,0.0,0.0
2022-12-16 11:30:00-05:00,9.234999656677246,9.234999656677246,9.180000305175781,9.210000038146973,11601,0.0,0.0
2022-12-16 12:30:00-05:00,9.229999542236328,9.260000228881836,9.180000305175781,9.199999809265137,11665,0.0,0.0
2022-12-16 13:30:00-05:00,9.210000038146973,9.300000190734863,9.210000038146973,9.220000267028809,21388,0.0,0.0
2022-12-16 14:30:00-05:00,9.199999809265137,9.335000038146973,9.194199562072754,9.329999923706055,24045,0.0,0.0
2022-12-16 15:30:00-05:00,9.324999809265137,9.390000343322754,9.324999809265137,9.350000381469727,21622,0.0,0.0
2022-12-19 09:30:00-05:00,9.270000457763672,9.419899940490723,9.270000457763672,9.381699562072754,13087,0.0,0.0
2022-12-19 10:30:00-05:00,9.4399995803833,9.4399995803833,9.229999542236328,9.319999694824219,20706,0.0,0.0
2022-12-19 11:30:00-05:00,9.361100196838379,9.430000305175781,9.300000190734863,9.425000190734863,3199,0.0,0.0
2022-12-19 12:30:00-05:00,9.420000076293945,9.4399995803833,9.199999809265137,9.255000114440918,37717,0.0,0.0
2022-12-19 13:30:00-05:00,9.239999771118164,9.300000190734863,9.149999618530273,9.204999923706055,8514,0.0,0.0
2022-12-19 14:30:00-05:00,9.204999923706055,9.204999923706055,9.0649995803833,9.069999694824219,24335,0.0,0.0
2022-12-19 15:30:00-05:00,9.0600004196167,9.140000343322754,9.050000190734863,9.130000114440918,17805,0.0,0.0
2022-12-20 09:30:00-05:00,9.039999961853027,9.255000114440918,8.979999542236328,9.239999771118164,13133,0.0,0.0
2022-12-20 10:30:00-05:00,9.265000343322754,9.369999885559082,9.229999542236328,9.295000076293945,14117,0.0,0.0
2022-12-20 11:30:00-05:00,9.289999961853027,9.289999961853027,9.050000190734863,9.15999984741211,34635,0.0,0.0
2022-12-20 12:30:00-05:00,9.164999961853027,9.194999694824219,9.069999694824219,9.100000381469727,30146,0.0,0.0
2022-12-20 13:30:00-05:00,9.09000015258789,9.100000381469727,8.989999771118164,9.050000190734863,50034,0.0,0.0
2022-12-20 14:30:00-05:00,9.069999694824219,9.085000038146973,9.039999961853027,9.0600004196167,14232,0.0,0.0
2022-12-20 15:30:00-05:00,9.079999923706055,9.100000381469727,9.039999961853027,9.0600004196167,19123,0.0,0.0
2022-12-21 09:30:00-05:00,9.119999885559082,9.390000343322754,9.119999885559082,9.380000114440918,0,0.0,0.0
2022-12-21 10:30:00-05:00,9.380000114440918,9.479999542236328,9.380000114440918,9.475000381469727,10876,0.0,0.0
2022-12-21 11:30:00-05:00,9.489999771118164,9.489999771118164,9.390000343322754,9.399999618530273,9285,0.0,0.0
2022-12-21 12:30:00-05:00,9.399999618530273,9.489999771118164,9.300000190734863,9.401700019836426,68239,0.0,0.0
2022-12-21 13:30:00-05:00,9.40999984741211,9.420000076293945,9.359999656677246,9.369999885559082,11781,0.0,0.0
2022-12-21 14:30:00-05:00,9.369999885559082,9.369999885559082,9.329999923706055,9.336000442504883,10159,0.0,0.0
2022-12-21 15:30:00-05:00,9.329999923706055,9.430000305175781,9.300000190734863,9.420000076293945,41405,0.0,0.0
2022-12-22 09:30:00-05:00,9.369999885559082,9.399999618530273,9.279999732971191,9.390000343322754,6381,0.0,0.0
2022-12-22 10:30:00-05:00,9.390000343322754,9.65999984741211,9.390000343322754,9.454999923706055,18165,0.0,0.0
2022-12-22 11:30:00-05:00,9.479999542236328,9.479999542236328,9.329999923706055,9.354999542236328,16429,0.0,0.0
2022-12-22 12:30:00-05:00,9.329999923706055,9.479999542236328,9.25,9.359999656677246,60945,0.0,0.0
2022-12-22 13:30:00-05:00,9.375,9.5,9.375,9.494999885559082,15768,0.0,0.0
2022-12-22 14:30:00-05:00,9.510000228881836,9.545000076293945,9.430000305175781,9.46500015258789,19352,0.0,0.0
2022-12-22 15:30:00-05:00,9.46500015258789,9.505000114440918,9.399999618530273,9.489999771118164,19932,0.0,0.0
2022-12-23 09:30:00-05:00,9.479999542236328,9.781999588012695,9.372099876403809,9.489999771118164,9119,0.0,0.0
2022-12-23 10:30:00-05:00,9.460000038146973,9.550000190734863,9.404999732971191,9.430000305175781,16130,0.0,0.0
2022-12-23 11:30:00-05:00,9.430500030517578,9.569999694824219,9.425000190734863,9.5600004196167,14744,0.0,0.0
2022-12-23 12:30:00-05:00,9.569999694824219,9.569999694824219,9.489999771118164,9.550000190734863,22402,0.0,0.0
2022-12-23 13:30:00-05:00,9.550000190734863,9.555000305175781,9.4399995803833,9.454999923706055,25583,0.0,0.0
2022-12-23 14:30:00-05:00,9.454999923706055,9.460000038146973,9.390000343322754,9.444999694824219,21809,0.0,0.0
2022-12-23 15:30:00-05:00,9.449899673461914,9.529999732971191,9.4399995803833,9.5,26637,0.0,0.0
2022-12-27 09:30:00-05:00,9.510000228881836,9.510000228881836,9.220000267028809,9.255000114440918,17569,0.0,0.0
2022-12-27 10:30:00-05:00,9.255000114440918,9.339900016784668,9.148200035095215,9.15999984741211,26884,0.0,0.0
2022-12-27 11:30:00-05:00,9.1899995803833,9.304800033569336,9.137900352478027,9.154999732971191,16167,0.0,0.0
2022-12-27 12:30:00-05:00,9.15999984741211,9.180000305175781,9.079999923706055,9.15999984741211,16819,0.0,0.0
2022-12-27 13:30:00-05:00,9.15999984741211,9.15999984741211,8.90999984741211,8.9350004196167,23917,0.0,0.0
2022-12-27 14:30:00-05:00,8.9399995803833,8.9399995803833,8.890000343322754,8.90999984741211,24841,0.0,0.0
2022-12-27 15:30:00-05:00,8.916000366210938,8.930000305175781,8.8100004196167,8.895000457763672,50057,0.0,0.0
2022-12-28 09:30:00-05:00,8.880000114440918,8.960000038146973,8.845000267028809,8.845000267028809,21810,0.0,0.0
2022-12-28 10:30:00-05:00,8.8100004196167,8.890000343322754,8.579999923706055,8.670000076293945,42020,0.0,0.0
2022-12-28 11:30:00-05:00,8.699999809265137,8.739999771118164,8.420000076293945,8.420000076293945,74108,0.0,0.0
2022-12-28 12:30:00-05:00,8.425000190734863,8.430000305175781,8.229999542236328,8.229999542236328,43028,0.0,0.0
2022-12-28 13:30:00-05:00,8.229999542236328,8.350000381469727,8.170000076293945,8.3100004196167,50816,0.0,0.0
2022-12-28 14:30:00-05:00,8.301600456237793,8.390000343322754,8.239999771118164,8.375,61174,0.0,0.0
2022-12-28 15:30:00-05:00,8.369999885559082,8.420000076293945,8.270000457763672,8.369999885559082,66363,0.0,0.0
2022-12-29 09:30:00-05:00,8.420000076293945,8.568499565124512,8.3100004196167,8.40999984741211,21603,0.0,0.0
2022-12-29 10:30:00-05:00,8.380000114440918,8.6899995803833,8.329999923706055,8.630000114440918,52918,0.0,0.0
2022-12-29 11:30:00-05:00,8.59000015258789,8.729999542236328,8.579999923706055,8.729999542236328,13384,0.0,0.0
2022-12-29 12:30:00-05:00,8.699999809265137,8.760000228881836,8.630000114440918,8.720000267028809,29218,0.0,0.0
2022-12-29 13:30:00-05:00,8.699999809265137,8.800000190734863,8.680000305175781,8.75,14242,0.0,0.0
2022-12-29 14:30:00-05:00,8.770000457763672,8.815299987792969,8.6899995803833,8.699999809265137,20438,0.0,0.0
2022-12-29 15:30:00-05:00,8.710000038146973,8.789999961853027,8.579999923706055,8.75,67769,0.0,0.0
2022-12-30 09:30:00-05:00,8.59000015258789,8.800000190734863,8.59000015258789,8.71500015258789,14593,0.0,0.0
2022-12-30 10:30:00-05:00,8.704999923706055,8.720000267028809,8.619099617004395,8.65999984741211,20286,0.0,0.0
2022-12-30 11:30:00-05:00,8.649999618530273,8.684800148010254,8.5600004196167,8.5600004196167,40238,0.0,0.0
2022-12-30 12:30:00-05:00,8.579999923706055,8.579999923706055,8.5,8.529999732971191,36878,0.0,0.0
2022-12-30 13:30:00-05:00,8.529999732971191,8.589900016784668,8.510000228881836,8.550000190734863,37232,0.0,0.0
2022-12-30 14:30:00-05:00,8.550000190734863,8.574999809265137,8.5,8.545000076293945,32662,0.0,0.0
2022-12-30 15:30:00-05:00,8.539999961853027,8.699999809265137,8.5,8.65999984741211,37157,0.0,0.0
2023-01-03 09:30:00-05:00,8.850000381469727,9.050000190734863,8.8100004196167,9.03499984741211,17758,0.0,0.0
2023-01-03 10:30:00-05:00,9.029999732971191,9.180000305175781,9.029999732971191,9.140000343322754,14808,0.0,0.0
2023-01-03 11:30:00-05:00,9.140000343322754,9.300000190734863,9.0600004196167,9.109999656677246,35439,0.0,0.0
2023-01-03 12:30:00-05:00,9.119999885559082,9.210000038146973,9.119999885559082,9.199999809265137,43825,0.0,0.0
2023-01-03 13:30:00-05:00,9.199999809265137,9.430000305175781,9.199999809265137,9.414999961853027,31545,0.0,0.0
2023-01-03 14:30:00-05:00,9.40999984741211,9.699999809265137,9.380000114440918,9.699999809265137,37528,0.0,0.0
2023-01-03 15:30:00-05:00,9.6899995803833,9.720000267028809,9.579999923706055,9.579999923706055,49974,0.0,0.0
2023-01-04 09:30:00-05:00,9.720000267028809,9.899999618530273,9.520000457763672,9.520000457763672,30659,0.0,0.0
2023-01-04 10:30:00-05:00,9.51099967956543,9.789999961853027,9.479999542236328,9.71500015258789,17189,0.0,0.0
2023-01-04 11:30:00-05:00,9.720000267028809,9.869999885559082,9.6899995803833,9.739999771118164,15945,0.0,0.0
2023-01-04 12:30:00-05:00,9.744999885559082,9.970000267028809,9.729999542236328,9.899999618530273,20785,0.0,0.0
2023-01-04 13:30:00-05:00,9.890000343322754,9.925000190734863,9.805000305175781,9.805000305175781,16100,0.0,0.0
2023-01-04 14:30:00-05:00,9.800000190734863,9.869999885559082,9.75,9.829999923706055,25125,0.0,0.0
2023-01-04 15:30:00-05:00,9.829999923706055,9.84000015258789,9.75,9.84000015258789,29663,0.0,0.0
2023-01-05 09:30:00-05:00,9.670000076293945,9.854999542236328,9.579999923706055,9.65999984741211,11671,0.0,0.0
2023-01-05 10:30:00-05:00,9.729999542236328,9.880000114440918,9.729999542236328,9.8725004196167,7777,0.0,0.0
2023-01-05 11:30:00-05:00,9.880000114440918,9.90999984741211,9.770000457763672,9.829999923706055,10677,0.0,0.0
2023-01-05 12:30:00-05:00,9.829999923706055,10.010000228881836,9.829999923706055,9.970000267028809,17425,0.0,0.0
2023-01-05 13:30:00-05:00,9.949999809265137,10.069999694824219,9.869999885559082,10.0600004196167,20991,0.0,0.0
2023-01-05 14:30:00-05:00,10.063699722290039,10.074999809265137,9.994999885559082,10.03499984741211,16239,0.0,0.0
2023-01-05 15:30:00-05:00,10.050000190734863,10.069999694824219,9.869999885559082,9.930000305175781,79840,0.0,0.0
2023-01-06 09:30:00-05:00,9.829999923706055,10.119999885559082,9.829999923706055,10.079999923706055,19495,0.0,0.0
2023-01-06 10:30:00-05:00,10.119999885559082,10.319999694824219,10.119999885559082,10.229999542236328,13903,0.0,0.0
2023-01-06 11:30:00-05:00,10.25,10.273799896240234,10.130000114440918,10.199999809265137,8235,0.0,0.0
2023-01-06 12:30:00-05:00,10.204999923706055,10.270000457763672,10.180000305175781,10.270000457763672,5548,0.0,0.0
2023-01-06 13:30:00-05:00,10.270000457763672,10.3100004196167,10.210000038146973,10.21500015258789,16251,0.0,0.0
2023-01-06 14:30:00-05:00,10.210000038146973,10.239999771118164,10.10099983215332,10.10099983215332,14165,0.0,0.0
2023-01-06 15:30:00-05:00,10.119999885559082,10.149999618530273,10.109999656677246,10.119999885559082,20134,0.0,0.0
2023-01-09 09:30:00-05:00,10.25,10.4399995803833,10.199999809265137,10.319999694824219,12119,0.0,0.0
2023-01-09 10:30:00-05:00,10.270000457763672,10.40999984741211,10.229999542236328,10.40999984741211,10610,0.0,0.0
2023-01-09 11:30:00-05:00,10.4399995803833,10.510000228881836,10.420999526977539,10.5,9178,0.0,0.0
2023-01-09 12:30:00-05:00,10.475000381469727,10.539999961853027,10.270000457763672,10.274999618530273,20774,0.0,0.0
2023-01-09 13:30:00-05:00,10.274999618530273,10.274999618530273,10.109999656677246,10.119999885559082,16925,0.0,0.0
2023-01-09 14:30:00-05:00,10.109999656677246,10.109999656677246,9.970000267028809,9.970000267028809,22225,0.0,0.0
2023-01-09 15:30:00-05:00,9.960000038146973,10.010000228881836,9.904199600219727,9.989999771118164,19768,0.0,0.0
2023-01-10 09:30:00-05:00,9.859999656677246,10.095000267028809,9.859999656677246,9.899999618530273,0,0.0,0.0
2023-01-10 10:30:00-05:00,9.829999923706055,9.869999885559082,9.729999542236328,9.864999771118164,8418,0.0,0.0
2023-01-10 11:30:00-05:00,9.854999542236328,10.010000228881836,9.854999542236328,9.949999809265137,11330,0.0,0.0
2023-01-10 12:30:00-05:00,9.920000076293945,9.925000190734863,9.84000015258789,9.869999885559082,5883,0.0,0.0
2023-01-10 13:30:00-05:00,9.875,9.920000076293945,9.859999656677246,9.899999618530273,11567,0.0,0.0
2023-01-10 14:30:00-05:00,9.890000343322754,9.890000343322754,9.829999923706055,9.84000015258789,13230,0.0,0.0
2023-01-10 15:30:00-05:00,9.84000015258789,9.90999984741211,9.84000015258789,9.90999984741211,29199,0.0,0.0
2023-01-11 09:30:00-05:00,9.949999809265137,10.194999694824219,9.949999809265137,10.100000381469727,31561,0.0,0.0
2023-01-11 10:30:00-05:00,10.10990047454834,10.10990047454834,9.899999618530273,9.899999618530273,19341,0.0,0.0
2023-01-11 11:30:00-05:00,9.899999618530273,9.930000305175781,9.880000114440918,9.899999618530273,10094,0.0,0.0
2023-01-11 12:30:00-05:00,9.899999618530273,10.029999732971191,9.850000381469727,9.994999885559082,33522,0.0,0.0
2023-01-11 13:30:00-05:00,10.010000228881836,10.229999542236328,10.010000228881836,10.029999732971191,29614,0.0,0.0
2023-01-11 14:30:00-05:00,10.029999732971191,10.029999732971191,9.960000038146973,10.0,17401,0.0,0.0
2023-01-11 15:30:00-05:00,10.0,10.055000305175781,9.949999809265137,10.020000457763672,48979,0.0,0.0
2023-01-12 09:30:00-05:00,10.15999984741211,10.1899995803833,9.920000076293945,9.930000305175781,7762,0.0,0.0
2023-01-12 10:30:00-05:00,9.904999732971191,10.359999656677246,9.904999732971191,10.289999961853027,12043,0.0,0.0
2023-01-12 11:30:00-05:00,10.270000457763672,10.380000114440918,10.255000114440918,10.380000114440918,8197,0.0,0.0
2023-01-12 12:30:00-05:00,10.340100288391113,10.600000381469727,10.340100288391113,10.449999809265137,20655,0.0,0.0
2023-01-12 13:30:00-05:00,10.460000038146973,10.460000038146973,10.270000457763672,10.3100004196167,10583,0.0,0.0
2023-01-12 14:30:00-05:00,10.300000190734863,10.399999618530273,10.251700401306152,10.300000190734863,28136,0.0,0.0
2023-01-12 15:30:00-05:00,10.359999656677246,10.46500015258789,10.279999732971191,10.289999961853027,47297,0.0,0.0
2023-01-13 09:30:00-05:00,9.5,10.079999923706055,9.319999694824219,10.0,57235,0.0,0.0
2023-01-13 10:30:00-05:00,10.051400184631348,10.062299728393555,9.720000267028809,9.774999618530273,25264,0.0,0.0
2023-01-13 11:30:00-05:00,9.779999732971191,10.0,9.729999542236328,10.0,18432,0.0,0.0
2023-01-13 12:30:00-05:00,9.978400230407715,10.029999732971191,9.9399995803833,10.020000457763672,6103,0.0,0.0
2023-01-13 13:30:00-05:00,10.020000457763672,10.050000190734863,9.944999694824219,9.989999771118164,12191,0.0,0.0
2023-01-13 14:30:00-05:00,9.979999542236328,10.050000190734863,9.944999694824219,10.020000457763672,15132,0.0,0.0
2023-01-13 15:30:00-05:00,10.020000457763672,10.180000305175781,9.989999771118164,10.15999984741211,33537,0.0,0.0
2023-01-17 09:30:00-05:00,10.1899995803833,10.300000190734863,10.069999694824219,10.170000076293945,17104,0.0,0.0
2023-01-17 10:30:00-05:00,10.229999542236328,10.229999542236328,10.119999885559082,10.1899995803833,12081,0.0,0.0
2023-01-17 11:30:00-05:00,10.170000076293945,10.300000190734863,10.170000076293945,10.270000457763672,10987,0.0,0.0
2023-01-17 12:30:00-05:00,10.289999961853027,10.329999923706055,10.239999771118164,10.329999923706055,10696,0.0,0.0
2023-01-17 13:30:00-05:00,10.324999809265137,10.380000114440918,10.279999732971191,10.380000114440918,23851,0.0,0.0
2023-01-17 14:30:00-05:00,10.380000114440918,10.420000076293945,10.34000015258789,10.380000114440918,15874,0.0,0.0
2023-01-17 15:30:00-05:00,10.39799976348877,10.420000076293945,10.350000381469727,10.369999885559082,24846,0.0,0.0
2023-01-18 09:30:00-05:00,10.5,11.25,10.5,10.944999694824219,106110,0.0,0.0
2023-01-18 10:30:00-05:00,10.949999809265137,10.949999809265137,10.680000305175781,10.800000190734863,68059,0.0,0.0
2023-01-18 11:30:00-05:00,10.800000190734863,10.805000305175781,10.5,10.510000228881836,52622,0.0,0.0
2023-01-18 12:30:00-05:00,10.5,10.699999809265137,10.460000038146973,10.539999961853027,16703,0.0,0.0
2023-01-18 13:30:00-05:00,10.600000381469727,10.649999618530273,10.460700035095215,10.520000457763672,11817,0.0,0.0
2023-01-18 14:30:00-05:00,10.520000457763672,10.529999732971191,10.449999809265137,10.460000038146973,14018,0.0,0.0
2023-01-18 15:30:00-05:00,10.460000038146973,10.5,10.430000305175781,10.449999809265137,26648,0.0,0.0
2023-01-19 09:30:00-05:00,10.350000381469727,10.350000381469727,10.140000343322754,10.210000038146973,10008,0.0,0.0
2023-01-19 10:30:00-05:00,10.199999809265137,10.270000457763672,10.160599708557129,10.219499588012695,7942,0.0,0.0
2023-01-19 11:30:00-05:00,10.199999809265137,10.260000228881836,10.130000114440918,10.130000114440918,10417,0.0,0.0
2023-01-19 12:30:00-05:00,10.130000114440918,10.260000228881836,10.109999656677246,10.25,9436,0.0,0.0
2023-01-19 13:30:00-05:00,10.270000457763672,10.420000076293945,10.270000457763672,10.344099998474121,12757,0.0,0.0
2023-01-19 14:30:00-05:00,10.369999885559082,10.399999618530273,10.300000190734863,10.34000015258789,12356,0.0,0.0
2023-01-19 15:30:00-05:00,10.34000015258789,10.430000305175781,10.324999809265137,10.390000343322754,42953,0.0,0.0
2023-01-20 09:30:00-05:00,10.510000228881836,10.739999771118164,10.25,10.699999809265137,99386,0.0,0.0
2023-01-20 10:30:00-05:00,10.729999542236328,10.880000114440918,10.694999694824219,10.859999656677246,9414,0.0,0.0
2023-01-20 11:30:00-05:00,10.850000381469727,10.850000381469727,10.510000228881836,10.654999732971191,38737,0.0,0.0
2023-01-20 12:30:00-05:00,10.65999984741211,10.779999732971191,10.600000381469727,10.65999984741211,20713,0.0,0.0
2023-01-20 13:30:00-05:00,10.65999984741211,11.039999961853027,10.65999984741211,11.010000228881836,21098,0.0,0.0
2023-01-20 14:30:00-05:00,10.994999885559082,11.069999694824219,10.789999961853027,10.822199821472168,32533,0.0,0.0
2023-01-20 15:30:00-05:00,10.819999694824219,10.880000114440918,10.739999771118164,10.75,53173,0.0,0.0
2023-01-23 09:30:00-05:00,10.640000343322754,10.960000038146973,10.640000343322754,10.895000457763672,44652,0.0,0.0
2023-01-23 10:30:00-05:00,10.859999656677246,10.961999893188477,10.859999656677246,10.920000076293945,5377,0.0,0.0
2023-01-23 11:30:00-05:00,10.915900230407715,11.039899826049805,10.869999885559082,10.979999542236328,16424,0.0,0.0
2023-01-23 12:30:00-05:00,10.9399995803833,11.02280044555664,10.920000076293945,10.979999542236328,12645,0.0,0.0
2023-01-23 13:30:00-05:00,10.9399995803833,11.01990032196045,10.9399995803833,10.960000038146973,6274,0.0,0.0
2023-01-23 14:30:00-05:00,10.9399995803833,11.03499984741211,10.930000305175781,11.0,15339,0.0,0.0
2023-01-23 15:30:00-05:00,11.0,11.130000114440918,10.989999771118164,11.109999656677246,77615,0.0,0.0
2023-01-24 09:30:00-05:00,11.119999885559082,11.210200309753418,10.960000038146973,11.17199993133545,23905,0.0,0.0
2023-01-24 10:30:00-05:00,11.199999809265137,11.25,11.140000343322754,11.25,10741,0.0,0.0
2023-01-24 11:30:00-05:00,11.199999809265137,11.380000114440918,11.170000076293945,11.350000381469727,21697,0.0,0.0
2023-01-24 12:30:00-05:00,11.350000381469727,11.380000114440918,11.260000228881836,11.3149995803833,7060,0.0,0.0
2023-01-24 13:30:00-05:00,11.34000015258789,11.449999809265137,11.15999984741211,11.15999984741211,12755,0.0,0.0
2023-01-24 14:30:00-05:00,11.220000267028809,11.350000381469727,11.194999694824219,11.350000381469727,8763,0.0,0.0
2023-01-24 15:30:00-05:00,11.329999923706055,11.380000114440918,11.1899995803833,11.1899995803833,58631,0.0,0.0
2023-01-25 09:30:00-05:00,11.130000114440918,11.279899597167969,11.100000381469727,11.225000381469727,10066,0.0,0.0
2023-01-25 10:30:00-05:00,11.210000038146973,11.319999694824219,11.125,11.175000190734863,12638,0.0,0.0
2023-01-25 11:30:00-05:00,11.135000228881836,11.220000267028809,11.135000228881836,11.180000305175781,9121,0.0,0.0
2023-01-25 12:30:00-05:00,11.170000076293945,11.199999809265137,11.050000190734863,11.15999984741211,5698,0.0,0.0
2023-01-25 13:30:00-05:00,11.15999984741211,11.1899995803833,11.0,11.0,18944,0.0,0.0
2023-01-25 14:30:00-05:00,11.029999732971191,11.225000381469727,11.0,11.225000381469727,19735,0.0,0.0
2023-01-25 15:30:00-05:00,11.229999542236328,11.255000114440918,11.100000381469727,11.199999809265137,42723,0.0,0.0
2023-01-26 09:30:00-05:00,11.270000457763672,11.434900283813477,11.270000457763672,11.289999961853027,5765,0.0,0.0
2023-01-26 10:30:00-05:00,11.326399803161621,11.34000015258789,11.050000190734863,11.114999771118164,10616,0.0,0.0
2023-01-26 11:30:00-05:00,11.114999771118164,11.300000190734863,11.0600004196167,11.25,9932,0.0,0.0
2023-01-26 12:30:00-05:00,11.25,11.283300399780273,11.09000015258789,11.09000015258789,7281,0.0,0.0
2023-01-26 13:30:00-05:00,11.128999710083008,11.179900169372559,11.100000381469727,11.140000343322754,12985,0.0,0.0
2023-01-26 14:30:00-05:00,11.130000114440918,11.15999984741211,11.0600004196167,11.074999809265137,10432,0.0,0.0
2023-01-26 15:30:00-05:00,11.071499824523926,11.199999809265137,11.069999694824219,11.199999809265137,19108,0.0,0.0
2023-01-27 09:30:00-05:00,11.15999984741211,11.333200454711914,11.110099792480469,11.170000076293945,8437,0.0,0.0
2023-01-27 10:30:00-05:00,11.15999984741211,11.160099983215332,11.079999923706055,11.130000114440918,6318,0.0,0.0
2023-01-27 11:30:00-05:00,11.099900245666504,11.300000190734863,11.099900245666504,11.239999771118164,22177,0.0,0.0
2023-01-27 12:30:00-05:00,11.255499839782715,11.3100004196167,11.220000267028809,11.300000190734863,5399,0.0,0.0
2023-01-27 13:30:00-05:00,11.289199829101562,11.319999694824219,11.260000228881836,11.295000076293945,6989,0.0,0.0
2023-01-27 14:30:00-05:00,11.287699699401855,11.287699699401855,11.239999771118164,11.279999732971191,9984,0.0,0.0
2023-01-27 15:30:00-05:00,11.279999732971191,11.295000076293945,11.170000076293945,11.1899995803833,25857,0.0,0.0
2023-01-30 09:30:00-05:00,11.149999618530273,11.309900283813477,11.100000381469727,11.100000381469727,8687,0.0,0.0
2023-01-30 10:30:00-05:00,11.1899995803833,11.25,11.119999885559082,11.229999542236328,6764,0.0,0.0
2023-01-30 11:30:00-05:00,11.210000038146973,11.319999694824219,11.199999809265137,11.295000076293945,3598,0.0,0.0
2023-01-30 12:30:00-05:00,11.279999732971191,11.399999618530273,11.270000457763672,11.359999656677246,11193,0.0,0.0
2023-01-30 13:30:00-05:00,11.390000343322754,11.489999771118164,11.34000015258789,11.444999694824219,16963,0.0,0.0
2023-01-30 14:30:00-05:00,11.460000038146973,11.640000343322754,11.399999618530273,11.600000381469727,25760,0.0,0.0
2023-01-30 15:30:00-05:00,11.609999656677246,11.8149995803833,11.539999961853027,11.699999809265137,77070,0.0,0.0
2023-01-31 09:30:00-05:00,11.649999618530273,12.220000267028809,11.649999618530273,12.079999923706055,17681,0.0,0.0
2023-01-31 10:30:00-05:00,12.069999694824219,12.267900466918945,12.069999694824219,12.239999771118164,21913,0.0,0.0
2023-01-31 11:30:00-05:00,12.259900093078613,12.380000114440918,12.1899995803833,12.345000267028809,20981,0.0,0.0
2023-01-31 12:30:00-05:00,12.312000274658203,12.625,12.312000274658203,12.59000015258789,17675,0.0,0.0
2023-01-31 13:30:00-05:00,12.529999732971191,12.859999656677246,12.529999732971191,12.694999694824219,26259,0.0,0.0
2023-01-31 14:30:00-05:00,12.694999694824219,12.930000305175781,12.600000381469727,12.680000305175781,47648,0.0,0.0
2023-01-31 15:30:00-05:00,12.6899995803833,12.729999542236328,12.640000343322754,12.649999618530273,55656,0.0,0.0
2023-02-01 09:30:00-05:00,12.520000457763672,12.670000076293945,12.3100004196167,12.359999656677246,25144,0.0,0.0
2023-02-01 10:30:00-05:00,12.359999656677246,12.420000076293945,12.25,12.399999618530273,24630,0.0,0.0
2023-02-01 11:30:00-05:00,12.399999618530273,12.460000038146973,12.319999694824219,12.460000038146973,11566,0.0,0.0
2023-02-01 12:30:00-05:00,12.479999542236328,12.699999809265137,12.463800430297852,12.630000114440918,15328,0.0,0.0
2023-02-01 13:30:00-05:00,12.649999618530273,12.710000038146973,12.277000427246094,12.510000228881836,53145,0.0,0.0
2023-02-01 14:30:00-05:00,12.5,12.960000038146973,12.460000038146973,12.960000038146973,34019,0.0,0.0
2023-02-01 15:30:00-05:00,12.949999809265137,13.029999732971191,12.6899995803833,12.84000015258789,63324,0.0,0.0
2023-02-02 09:30:00-05:00,12.859999656677246,13.289999961853027,12.859999656677246,13.050000190734863,22107,0.0,0.0
2023-02-02 10:30:00-05:00,13.109999656677246,13.600000381469727,13.069999694824219,13.550000190734863,50739,0.0,0.0
2023-02-02 11:30:00-05:00,13.550000190734863,13.57699966430664,13.470000267028809,13.510000228881836,21265,0.0,0.0
2023-02-02 12:30:00-05:00,13.479999542236328,13.5600004196167,13.369999885559082,13.539999961853027,22028,0.0,0.0
2023-02-02 13:30:00-05:00,13.539999961853027,13.670000076293945,13.359999656677246,13.359999656677246,41555,0.0,0.0
2023-02-02 14:30:00-05:00,13.420000076293945,13.420000076293945,13.15999984741211,13.3149995803833,34416,0.0,0.0
2023-02-02 15:30:00-05:00,13.34000015258789,13.404999732971191,13.3100004196167,13.350000381469727,36539,0.0,0.0
2023-02-03 09:30:00-05:00,13.119999885559082,13.260000228881836,12.9399995803833,13.220000267028809,11388,0.0,0.0
2023-02-03 10:30:00-05:00,13.04010009765625,13.359999656677246,13.04010009765625,13.229999542236328,8375,0.0,0.0
2023-02-03 11:30:00-05:00,13.380000114440918,13.380000114440918,13.130000114440918,13.130000114440918,13373,0.0,0.0
2023-02-03 12:30:00-05:00,13.130000114440918,13.149999618530273,12.899999618530273,12.899999618530273,9547,0.0,0.0
2023-02-03 13:30:00-05:00,12.869999885559082,13.029999732971191,12.859999656677246,13.029999732971191,27489,0.0,0.0
2023-02-03 14:30:00-05:00,13.024999618530273,13.149999618530273,12.914999961853027,12.9399995803833,44303,0.0,0.0
2023-02-03 15:30:00-05:00,12.9399995803833,13.010000228881836,12.880000114440918,13.010000228881836,18191,0.0,0.0
2023-02-06 09:30:00-05:00,12.960000038146973,13.109999656677246,12.579999923706055,12.880000114440918,12070,0.0,0.0
2023-02-06 10:30:00-05:00,12.885000228881836,13.069999694824219,12.829999923706055,13.020000457763672,6485,0.0,0.0
2023-02-06 11:30:00-05:00,13.0,13.079999923706055,12.9399995803833,12.960000038146973,7244,0.0,0.0
2023-02-06 12:30:00-05:00,12.960000038146973,13.180000305175781,12.9399995803833,12.9399995803833,20469,0.0,0.0
2023-02-06 13:30:00-05:00,12.930000305175781,13.010000228881836,12.84000015258789,12.84000015258789,16471,0.0,0.0
2023-02-06 14:30:00-05:00,12.880000114440918,12.880000114440918,12.720000267028809,12.779999732971191,7252,0.0,0.0
2023-02-06 15:30:00-05:00,12.75,12.819999694824219,12.710000038146973,12.729999542236328,12415,0.0,0.0
2023-02-07 09:30:00-05:00,12.6899995803833,12.789999961853027,12.465900421142578,12.699999809265137,9753,0.0,0.0
2023-02-07 10:30:00-05:00,12.800000190734863,12.850000381469727,12.65999984741211,12.850000381469727,7400,0.0,0.0
2023-02-07 11:30:00-05:00,12.824999809265137,12.920000076293945,12.824999809265137,12.90999984741211,3454,0.0,0.0
2023-02-07 12:30:00-05:00,12.90999984741211,13.170000076293945,12.90999984741211,13.0,22636,0.0,0.0
2023-02-07 13:30:00-05:00,12.989999771118164,13.34000015258789,12.970000267028809,13.319999694824219,33144,0.0,0.0
2023-02-07 14:30:00-05:00,13.350000381469727,13.380000114440918,13.069999694824219,13.180000305175781,24571,0.0,0.0
2023-02-07 15:30:00-05:00,13.1850004196167,13.319999694824219,13.180000305175781,13.260000228881836,18454,0.0,0.0
2023-02-08 09:30:00-05:00,13.149999618530273,13.238499641418457,12.949999809265137,12.949999809265137,3922,0.0,0.0
2023-02-08 10:30:00-05:00,12.899999618530273,12.899999618530273,12.640000343322754,12.779999732971191,14638,0.0,0.0
2023-02-08 11:30:00-05:00,12.760000228881836,12.890000343322754,12.710100173950195,12.789999961853027,10023,0.0,0.0
2023-02-08 12:30:00-05:00,12.819999694824219,12.854999542236328,12.720000267028809,12.779999732971191,6521,0.0,0.0
2023-02-08 13:30:00-05:00,12.789999961853027,12.829999923706055,12.6850004196167,12.710000038146973,6312,0.0,0.0
2023-02-08 14:30:00-05:00,12.710000038146973,12.819999694824219,12.609999656677246,12.645000457763672,10253,0.0,0.0
2023-02-08 15:30:00-05:00,12.666000366210938,12.666000366210938,12.569999694824219,12.609999656677246,16557,0.0,0.0
2023-02-09 09:30:00-05:00,12.819999694824219,12.869999885559082,12.557000160217285,12.75,6945,0.0,0.0
2023-02-09 10:30:00-05:00,12.6899995803833,12.699999809265137,12.550000190734863,12.614999771118164,7912,0.0,0.0
2023-02-09 11:30:00-05:00,12.579999923706055,12.579999923706055,12.510000228881836,12.574999809265137,3120,0.0,0.0
2023-02-09 12:30:00-05:00,12.5,12.5,12.329999923706055,12.329999923706055,5160,0.0,0.0
2023-02-09 13:30:00-05:00,12.380000114440918,12.408499717712402,12.34000015258789,12.399999618530273,6620,0.0,0.0
2023-02-09 14:30:00-05:00,12.430000305175781,12.550000190734863,12.350000381469727,12.369999885559082,21956,0.0,0.0
2023-02-09 15:30:00-05:00,12.350000381469727,12.369999885559082,12.289999961853027,12.369999885559082,14095,0.0,0.0
2023-02-10 09:30:00-05:00,12.3100004196167,12.505599975585938,12.229999542236328,12.300000190734863,13869,0.0,0.0
2023-02-10 10:30:00-05:00,12.279999732971191,12.369999885559082,12.1899995803833,12.1899995803833,9306,0.0,0.0
2023-02-10 11:30:00-05:00,12.210000038146973,12.220000267028809,12.039999961853027,12.15999984741211,16494,0.0,0.0
2023-02-10 12:30:00-05:00,12.1899995803833,12.385000228881836,12.1899995803833,12.385000228881836,10700,0.0,0.0
2023-02-10 13:30:00-05:00,12.420000076293945,12.520000457763672,12.34000015258789,12.369999885559082,15453,0.0,0.0
2023-02-10 14:30:00-05:00,12.319999694824219,12.399999618530273,12.3100004196167,12.34000015258789,9268,0.0,0.0
2023-02-10 15:30:00-05:00,12.369999885559082,12.399999618530273,12.34000015258789,12.34000015258789,14234,0.0,0.0
2023-02-13 09:30:00-05:00,12.399999618530273,12.609999656677246,12.319999694824219,12.609999656677246,8988,0.0,0.0
2023-02-13 10:30:00-05:00,12.640000343322754,12.869999885559082,12.630000114440918,12.75,9810,0.0,0.0
2023-02-13 11:30:00-05:00,12.75,12.894200325012207,12.739999771118164,12.894200325012207,5529,0.0,0.0
2023-02-13 12:30:00-05:00,12.880000114440918,12.9399995803833,12.770000457763672,12.880000114440918,16593,0.0,0.0
2023-02-13 13:30:00-05:00,12.904999732971191,12.944999694824219,12.880000114440918,12.880000114440918,7220,0.0,0.0
2023-02-13 14:30:00-05:00,12.880000114440918,12.920000076293945,12.875,12.920000076293945,12114,0.0,0.0
2023-02-13 15:30:00-05:00,12.914999961853027,13.0,12.880000114440918,12.979999542236328,16773,0.0,0.0
2023-02-14 09:30:00-05:00,12.880000114440918,12.944999694824219,12.699999809265137,12.920000076293945,24726,0.0,0.0
2023-02-14 10:30:00-05:00,12.920000076293945,12.920000076293945,12.569999694824219,12.779999732971191,14263,0.0,0.0
2023-02-14 11:30:00-05:00,12.721500396728516,12.721500396728516,12.504400253295898,12.566300392150879,10587,0.0,0.0
2023-02-14 12:30:00-05:00,12.510000228881836,12.637999534606934,12.489999771118164,12.569999694824219,4249,0.0,0.0
2023-02-14 13:30:00-05:00,12.609999656677246,12.609999656677246,12.528499603271484,12.586099624633789,3970,0.0,0.0
2023-02-14 14:30:00-05:00,12.59000015258789,12.6899995803833,12.479999542236328,12.5,12570,0.0,0.0
2023-02-14 15:30:00-05:00,12.508500099182129,12.539999961853027,12.40999984741211,12.4399995803833,14127,0.0,0.0
2023-02-15 09:30:00-05:00,12.25,12.4399995803833,12.25,12.350000381469727,4678,0.0,0.0
2023-02-15 10:30:00-05:00,12.40999984741211,12.550000190734863,12.34000015258789,12.550000190734863,9314,0.0,0.0
2023-02-15 11:30:00-05:00,12.440099716186523,12.470100402832031,12.34000015258789,12.34000015258789,8157,0.0,0.0
2023-02-15 12:30:00-05:00,12.399999618530273,12.399999618530273,12.229999542236328,12.3100004196167,11665,0.0,0.0
2023-02-15 13:30:00-05:00,12.369999885559082,12.439900398254395,12.34000015258789,12.399999618530273,5324,0.0,0.0
2023-02-15 14:30:00-05:00,12.40999984741211,12.420000076293945,12.34000015258789,12.359999656677246,4979,0.0,0.0
2023-02-15 15:30:00-05:00,12.34000015258789,12.34000015258789,12.229999542236328,12.279999732971191,20549,0.0,0.0
2023-02-16 09:30:00-05:00,12.069999694824219,12.239999771118164,11.829999923706055,12.238300323486328,11261,0.0,0.0
2023-02-16 10:30:00-05:00,12.25,12.300000190734863,12.199999809265137,12.255000114440918,3388,0.0,0.0
2023-02-16 11:30:00-05:00,12.239999771118164,12.255000114440918,12.170000076293945,12.199999809265137,7265,0.0,0.0
2023-02-16 12:30:00-05:00,12.194999694824219,12.329999923706055,12.170000076293945,12.279999732971191,14296,0.0,0.0
2023-02-16 13:30:00-05:00,12.312000274658203,12.390000343322754,12.260000228881836,12.347299575805664,5251,0.0,0.0
2023-02-16 14:30:00-05:00,12.369999885559082,12.4399995803833,12.220000267028809,12.25,14082,0.0,0.0
2023-02-16 15:30:00-05:00,12.204999923706055,12.220000267028809,12.100000381469727,12.119999885559082,20996,0.0,0.0
2023-02-17 09:30:00-05:00,12.109999656677246,12.109999656677246,11.670000076293945,11.850000381469727,27730,0.0,0.0
2023-02-17 10:30:00-05:00,11.84000015258789,11.867300033569336,11.615099906921387,11.615099906921387,9071,0.0,0.0
2023-02-17 11:30:00-05:00,11.609999656677246,11.800000190734863,11.609999656677246,11.800000190734863,3528,0.0,0.0
2023-02-17 12:30:00-05:00,11.8100004196167,11.84000015258789,11.73270034790039,11.73270034790039,12396,0.0,0.0
2023-02-17 13:30:00-05:00,11.75,11.859999656677246,11.729999542236328,11.859999656677246,2530,0.0,0.0
2023-02-17 14:30:00-05:00,11.789999961853027,11.789999961853027,11.600000381469727,11.6899995803833,11642,0.0,0.0
2023-02-17 15:30:00-05:00,11.680000305175781,11.8100004196167,11.680000305175781,11.8100004196167,15411,0.0,0.0
2023-02-21 09:30:00-05:00,11.510000228881836,11.619999885559082,11.210000038146973,11.229999542236328,14725,0.0,0.0
2023-02-21 10:30:00-05:00,11.220000267028809,11.229999542236328,11.0,11.0,11209,0.0,0.0
2023-02-21 11:30:00-05:00,11.020000457763672,11.109999656677246,10.880000114440918,10.954999923706055,17365,0.0,0.0
2023-02-21 12:30:00-05:00,10.954999923706055,11.086000442504883,10.954999923706055,10.975000381469727,14070,0.0,0.0
2023-02-21 13:30:00-05:00,10.970000267028809,10.970000267028809,10.720000267028809,10.760600090026855,14952,0.0,0.0
2023-02-21 14:30:00-05:00,10.765000343322754,10.920000076293945,10.765000343322754,10.8100004196167,17658,0.0,0.0
2023-02-21 15:30:00-05:00,10.829999923706055,10.880000114440918,10.779999732971191,10.880000114440918,29727,0.0,0.0
2023-02-22 09:30:00-05:00,10.869999885559082,11.140000343322754,10.869999885559082,11.100000381469727,9683,0.0,0.0
2023-02-22 10:30:00-05:00,11.020000457763672,11.219900131225586,11.020000457763672,11.135000228881836,5120,0.0,0.0
2023-02-22 11:30:00-05:00,11.100000381469727,11.154999732971191,11.069999694824219,11.154999732971191,4656,0.0,0.0
2023-02-22 12:30:00-05:00,11.130000114440918,11.180000305175781,11.050000190734863,11.170000076293945,8428,0.0,0.0
2023-02-22 13:30:00-05:00,11.191399574279785,11.191399574279785,11.045000076293945,11.095000267028809,4365,0.0,0.0
2023-02-22 14:30:00-05:00,11.119999885559082,11.119999885559082,11.03499984741211,11.03499984741211,6000,0.0,0.0
2023-02-22 15:30:00-05:00,11.050000190734863,11.109999656677246,11.045000076293945,11.069999694824219,13507,0.0,0.0
2023-02-23 09:30:00-05:00,11.149999618530273,11.579999923706055,11.149999618530273,11.4350004196167,11430,0.0,0.0
2023-02-23 10:30:00-05:00,11.425000190734863,11.529999732971191,11.369999885559082,11.529999732971191,14157,0.0,0.0
2023-02-23 11:30:00-05:00,11.529999732971191,11.529999732971191,11.350000381469727,11.40999984741211,7688,0.0,0.0
2023-02-23 12:30:00-05:00,11.425000190734863,11.470000267028809,11.359000205993652,11.420000076293945,4565,0.0,0.0
2023-02-23 13:30:00-05:00,11.449999809265137,11.59000015258789,11.449999809265137,11.529999732971191,5705,0.0,0.0
2023-02-23 14:30:00-05:00,11.550000190734863,11.600000381469727,11.539999961853027,11.579999923706055,6352,0.0,0.0
2023-02-23 15:30:00-05:00,11.567000389099121,11.609999656677246,11.5,11.59000015258789,17346,0.0,0.0
2023-02-24 09:30:00-05:00,11.369999885559082,11.880000114440918,10.952699661254883,11.65999984741211,22023,0.0,0.0
2023-02-24 10:30:00-05:00,11.699999809265137,11.949999809265137,11.699999809265137,11.949999809265137,13722,0.0,0.0
2023-02-24 11:30:00-05:00,11.970000267028809,12.050000190734863,11.780099868774414,12.010000228881836,23907,0.0,0.0
2023-02-24 12:30:00-05:00,11.979999542236328,11.979999542236328,11.770000457763672,11.859999656677246,22212,0.0,0.0
2023-02-24 13:30:00-05:00,11.850000381469727,12.079999923706055,11.800000190734863,11.880000114440918,26799,0.0,0.0
2023-02-24 14:30:00-05:00,11.869999885559082,11.9399995803833,11.819999694824219,11.90999984741211,12091,0.0,0.0
2023-02-24 15:30:00-05:00,11.895000457763672,12.029999732971191,11.869999885559082,12.0,23916,0.0,0.0
2023-02-27 09:30:00-05:00,12.1899995803833,12.380000114440918,12.180000305175781,12.329999923706055,28141,0.0,0.0
2023-02-27 10:30:00-05:00,12.289999961853027,12.359999656677246,11.789999961853027,11.805000305175781,16099,0.0,0.0
2023-02-27 11:30:00-05:00,11.760000228881836,11.899999618530273,11.75,11.864999771118164,10560,0.0,0.0
2023-02-27 12:30:00-05:00,11.875,11.960000038146973,11.875,11.890000343322754,7141,0.0,0.0
2023-02-27 13:30:00-05:00,11.875,11.9350004196167,11.84000015258789,11.904999732971191,5658,0.0,0.0
2023-02-27 14:30:00-05:00,11.904999732971191,11.944999694824219,11.800000190734863,11.880000114440918,11248,0.0,0.0
2023-02-27 15:30:00-05:00,11.869999885559082,12.010000228881836,11.829999923706055,12.010000228881836,52623,0.0,0.0
2023-02-28 09:30:00-05:00,11.880000114440918,12.04990005493164,11.829999923706055,11.9399995803833,10968,0.0,0.0
2023-02-28 10:30:00-05:00,11.920000076293945,11.9399995803833,11.854999542236328,11.895000457763672,7619,0.0,0.0
2023-02-28 11:30:00-05:00,11.880000114440918,11.895000457763672,11.779999732971191,11.824999809265137,5035,0.0,0.0
2023-02-28 12:30:00-05:00,11.819999694824219,12.050000190734863,11.819999694824219,11.920000076293945,13845,0.0,0.0
2023-02-28 13:30:00-05:00,11.914999961853027,12.010000228881836,11.890000343322754,11.975000381469727,6886,0.0,0.0
2023-02-28 14:30:00-05:00,11.956000328063965,12.020000457763672,11.949999809265137,11.989999771118164,8160,0.0,0.0
2023-02-28 15:30:00-05:00,12.029999732971191,12.149999618530273,11.979999542236328,12.010000228881836,50892,0.0,0.0
2023-03-01 09:30:00-05:00,12.0600004196167,12.210000038146973,12.0,12.079999923706055,161316,0.0,0.0
2023-03-01 10:30:00-05:00,12.164999961853027,12.350000381469727,12.069999694824219,12.135000228881836,7914,0.0,0.0
2023-03-01 11:30:00-05:00,12.199899673461914,12.449999809265137,12.199899673461914,12.260000228881836,30446,0.0,0.0
2023-03-01 12:30:00-05:00,12.25,12.300000190734863,12.140000343322754,12.140000343322754,21842,0.0,0.0
2023-03-01 13:30:00-05:00,12.239999771118164,12.59000015258789,12.21500015258789,12.470000267028809,28607,0.0,0.0
2023-03-01 14:30:00-05:00,12.460000038146973,12.59000015258789,12.380000114440918,12.5600004196167,29423,0.0,0.0
2023-03-01 15:30:00-05:00,12.545000076293945,12.569999694824219,12.420000076293945,12.510000228881836,27237,0.0,0.0
2023-03-02 09:30:00-05:00,12.420000076293945,12.5,12.279999732971191,12.460000038146973,24944,0.0,0.0
2023-03-02 10:30:00-05:00,12.470000267028809,12.5,12.28499984741211,12.289999961853027,15387,0.0,0.0
2023-03-02 11:30:00-05:00,12.319999694824219,12.619999885559082,12.300000190734863,12.489999771118164,20492,0.0,0.0
2023-03-02 12:30:00-05:00,12.479999542236328,12.720000267028809,12.430000305175781,12.505000114440918,34341,0.0,0.0
2023-03-02 13:30:00-05:00,12.5,12.614999771118164,12.34000015258789,12.539999961853027,48469,0.0,0.0
2023-03-02 14:30:00-05:00,12.619999885559082,12.619999885559082,12.4399995803833,12.505000114440918,18329,0.0,0.0
2023-03-02 15:30:00-05:00,12.520000457763672,12.675000190734863,12.470000267028809,12.479999542236328,85075,0.0,0.0
2023-03-03 09:30:00-05:00,12.510000228881836,12.625,12.395000457763672,12.4399995803833,8711,0.0,0.0
2023-03-03 10:30:00-05:00,12.5,12.5,12.380000114440918,12.449999809265137,3326,0.0,0.0
2023-03-03 11:30:00-05:00,12.449999809265137,12.515000343322754,12.449999809265137,12.470000267028809,3955,0.0,0.0
2023-03-03 12:30:00-05:00,12.430000305175781,12.430000305175781,12.25,12.300000190734863,34335,0.0,0.0
2023-03-03 13:30:00-05:00,12.270000457763672,12.63599967956543,12.119999885559082,12.359999656677246,64630,0.0,0.0
2023-03-03 14:30:00-05:00,12.350000381469727,12.539999961853027,12.350000381469727,12.430000305175781,24926,0.0,0.0
2023-03-03 15:30:00-05:00,12.425000190734863,12.479999542236328,12.350000381469727,12.470000267028809,54410,0.0,0.0
2023-03-06 09:30:00-05:00,12.520000457763672,12.729999542236328,12.470000267028809,12.479999542236328,33439,0.0,0.0
2023-03-06 10:30:00-05:00,12.460000038146973,12.649999618530273,12.399999618530273,12.5,28132,0.0,0.0
2023-03-06 11:30:00-05:00,12.470000267028809,12.470000267028809,12.229999542236328,12.319999694824219,16686,0.0,0.0
2023-03-06 12:30:00-05:00,12.335000038146973,12.510000228881836,12.3100004196167,12.40999984741211,42739,0.0,0.0
2023-03-06 13:30:00-05:00,12.40999984741211,12.430000305175781,12.289999961853027,12.34000015258789,15474,0.0,0.0
2023-03-06 14:30:00-05:00,12.359999656677246,12.399999618530273,12.335000038146973,12.350000381469727,18652,0.0,0.0
2023-03-06 15:30:00-05:00,12.359999656677246,12.4399995803833,12.34000015258789,12.4399995803833,36907,0.0,0.0
2023-03-07 09:30:00-05:00,12.520000457763672,12.949999809265137,12.515000343322754,12.600000381469727,25648,0.0,0.0
2023-03-07 10:30:00-05:00,12.539999961853027,12.649999618530273,12.471400260925293,12.479999542236328,25807,0.0,0.0
2023-03-07 11:30:00-05:00,12.520000457763672,12.529999732971191,12.244999885559082,12.2524995803833,30167,0.0,0.0
2023-03-07 12:30:00-05:00,12.239999771118164,12.4399995803833,12.170000076293945,12.239999771118164,32937,0.0,0.0
2023-03-07 13:30:00-05:00,12.239999771118164,12.270000457763672,12.050000190734863,12.15999984741211,63640,0.0,0.0
2023-03-07 14:30:00-05:00,12.289999961853027,12.460000038146973,12.229999542236328,12.300000190734863,14385,0.0,0.0
2023-03-07 15:30:00-05:00,12.34000015258789,12.40999984741211,12.319999694824219,12.390000343322754,21128,0.0,0.0
2023-03-08 09:30:00-05:00,12.5,12.729999542236328,12.380000114440918,12.5,21793,0.0,0.0
2023-03-08 10:30:00-05:00,12.489999771118164,12.520000457763672,12.40999984741211,12.430000305175781,11242,0.0,0.0
2023-03-08 11:30:00-05:00,12.430000305175781,12.5,12.319999694824219,12.390000343322754,13050,0.0,0.0
2023-03-08 12:30:00-05:00,12.390000343322754,12.420000076293945,12.300000190734863,12.359999656677246,20234,0.0,0.0
2023-03-08 13:30:00-05:00,12.319999694824219,12.390000343322754,12.279999732971191,12.364999771118164,15667,0.0,0.0
2023-03-08 14:30:00-05:00,12.369999885559082,12.460000038146973,12.350000381469727,12.380000114440918,22236,0.0,0.0
2023-03-08 15:30:00-05:00,12.40999984741211,12.5600004196167,12.380000114440918,12.524999618530273,58057,0.0,0.0
2023-03-09 09:30:00-05:00,12.600000381469727,12.779999732971191,12.494999885559082,12.52649974822998,20768,0.0,0.0
2023-03-09 10:30:00-05:00,12.510000228881836,12.545000076293945,12.3100004196167,12.399999618530273,17273,0.0,0.0
2023-03-09 11:30:00-05:00,12.399999618530273,12.420000076293945,12.320099830627441,12.369999885559082,20645,0.0,0.0
2023-03-09 12:30:00-05:00,12.390000343322754,12.579999923706055,12.270000457763672,12.350000381469727,49290,0.0,0.0
2023-03-09 13:30:00-05:00,12.350000381469727,12.369999885559082,12.274999618530273,12.34000015258789,19572,0.0,0.0
2023-03-09 14:30:00-05:00,12.34000015258789,12.359999656677246,12.174599647521973,12.199999809265137,14488,0.0,0.0
2023-03-09 15:30:00-05:00,12.186200141906738,12.210000038146973,12.010000228881836,12.050000190734863,23563,0.0,0.0
2023-03-10 09:30:00-05:00,12.0,12.119999885559082,11.75,12.119999885559082,11579,0.0,0.0
2023-03-10 10:30:00-05:00,12.210000038146973,12.210000038146973,11.890000343322754,12.210000038146973,33096,0.0,0.0
2023-03-10 11:30:00-05:00,12.220000267028809,12.279999732971191,11.899999618530273,12.020000457763672,26149,0.0,0.0
2023-03-10 12:30:00-05:00,12.050000190734863,12.055000305175781,11.890000343322754,11.930000305175781,14623,0.0,0.0
2023-03-10 13:30:00-05:00,11.914999961853027,12.130000114440918,11.779999732971191,11.970000267028809,32687,0.0,0.0
2023-03-10 14:30:00-05:00,12.010000228881836,12.109999656677246,11.970000267028809,12.029999732971191,24599,0.0,0.0
2023-03-10 15:30:00-05:00,12.024999618530273,12.199999809265137,11.979999542236328,12.079999923706055,50460,0.0,0.0
2023-03-13 09:30:00-04:00,11.75,12.25,11.699999809265137,12.069999694824219,12708,0.0,0.0
2023-03-13 10:30:00-04:00,12.069999694824219,12.390000343322754,12.039999961853027,12.319999694824219,10851,0.0,0.0
2023-03-13 11:30:00-04:00,12.3100004196167,12.350000381469727,12.100000381469727,12.170000076293945,8525,0.0,0.0
2023-03-13 12:30:00-04:00,12.140000343322754,12.149999618530273,11.800000190734863,11.90999984741211,11146,0.0,0.0
2023-03-13 13:30:00-04:00,11.90999984741211,12.119999885559082,11.84000015258789,11.859999656677246,25330,0.0,0.0
2023-03-13 14:30:00-04:00,11.920000076293945,12.039999961853027,11.89799976348877,11.979999542236328,24243,0.0,0.0
2023-03-13 15:30:00-04:00,12.010000228881836,12.210000038146973,12.0,12.100000381469727,45453,0.0,0.0
2023-03-14 09:30:00-04:00,12.569999694824219,12.710000038146973,12.399999618530273,12.4399995803833,15814,0.0,0.0
2023-03-14 10:30:00-04:00,12.420000076293945,12.510000228881836,12.3100004196167,12.380000114440918,10393,0.0,0.0
2023-03-14 11:30:00-04:00,12.430000305175781,12.550000190734863,12.385000228881836,12.399999618530273,8091,0.0,0.0
2023-03-14 12:30:00-04:00,12.4399995803833,12.479999542236328,12.279999732971191,12.279999732971191,11810,0.0,0.0
2023-03-14 13:30:00-04:00,12.329999923706055,12.329999923706055,12.15999984741211,12.199999809265137,8940,0.0,0.0
2023-03-14 14:30:00-04:00,12.210000038146973,12.229999542236328,12.109999656677246,12.180000305175781,7927,0.0,0.0
2023-03-14 15:30:00-04:00,12.170000076293945,12.300000190734863,12.15999984741211,12.210000038146973,28126,0.0,0.0
2023-03-15 09:30:00-04:00,11.970000267028809,12.415900230407715,11.779999732971191,11.9399995803833,11982,0.0,0.0
2023-03-15 10:30:00-04:00,12.0,12.0,11.850000381469727,11.9399995803833,10371,0.0,0.0
2023-03-15 11:30:00-04:00,11.880000114440918,12.009900093078613,11.805000305175781,11.8100004196167,6079,0.0,0.0
2023-03-15 12:30:00-04:00,11.805000305175781,11.805000305175781,11.670000076293945,11.770000457763672,8640,0.0,0.0
2023-03-15 13:30:00-04:00,11.829999923706055,12.039999961853027,11.770000457763672,12.0,24144,0.0,0.0
2023-03-15 14:30:00-04:00,12.0,12.010000228881836,11.869999885559082,11.989899635314941,11690,0.0,0.0
2023-03-15 15:30:00-04:00,11.960000038146973,11.984999656677246,11.850000381469727,11.899999618530273,16745,0.0,0.0
2023-03-16 09:30:00-04:00,11.710000038146973,11.989999771118164,11.449999809265137,11.65999984741211,14868,0.0,0.0
2023-03-16 10:30:00-04:00,11.720000267028809,11.9399995803833,11.720000267028809,11.829999923706055,4775,0.0,0.0
2023-03-16 11:30:00-04:00,11.819999694824219,11.989999771118164,11.789999961853027,11.9399995803833,9199,0.0,0.0
2023-03-16 12:30:00-04:00,11.90999984741211,12.25,11.899999618530273,12.100000381469727,11863,0.0,0.0
2023-03-16 13:30:00-04:00,12.100000381469727,12.205100059509277,12.09000015258789,12.149999618530273,7898,0.0,0.0
2023-03-16 14:30:00-04:00,12.229999542236328,12.369999885559082,12.170000076293945,12.239999771118164,22100,0.0,0.0
2023-03-16 15:30:00-04:00,12.229999542236328,12.300000190734863,12.180000305175781,12.289999961853027,17389,0.0,0.0
2023-03-17 09:30:00-04:00,12.260000228881836,12.475000381469727,12.260000228881836,12.375,36102,0.0,0.0
2023-03-17 10:30:00-04:00,12.449999809265137,12.449999809265137,12.199999809265137,12.270000457763672,7625,0.0,0.0
2023-03-17 11:30:00-04:00,12.300000190734863,12.390000343322754,12.270000457763672,12.270000457763672,6152,0.0,0.0
2023-03-17 12:30:00-04:00,12.34000015258789,12.34000015258789,12.234999656677246,12.234999656677246,9473,0.0,0.0
2023-03-17 13:30:00-04:00,12.270000457763672,12.3149995803833,12.170000076293945,12.1899995803833,8989,0.0,0.0
2023-03-17 14:30:00-04:00,12.170000076293945,12.239999771118164,12.0600004196167,12.170000076293945,14127,0.0,0.0
2023-03-17 15:30:00-04:00,12.149999618530273,12.15999984741211,12.069999694824219,12.140000343322754,24232,0.0,0.0
2023-03-20 09:30:00-04:00,12.239999771118164,12.289999961853027,11.920000076293945,11.970000267028809,9693,0.0,0.0
2023-03-20 10:30:00-04:00,12.010000228881836,12.09000015258789,11.90999984741211,12.029999732971191,9041,0.0,0.0
2023-03-20 11:30:00-04:00,11.960000038146973,11.960000038146973,11.779999732971191,11.899999618530273,9791,0.0,0.0
2023-03-20 12:30:00-04:00,11.90999984741211,11.984999656677246,11.890000343322754,11.949999809265137,8018,0.0,0.0
2023-03-20 13:30:00-04:00,11.960000038146973,12.199999809265137,11.9399995803833,12.149999618530273,168601,0.0,0.0
2023-03-20 14:30:00-04:00,12.199999809265137,12.199999809265137,12.039999961853027,12.114999771118164,43203,0.0,0.0
2023-03-20 15:30:00-04:00,12.125,12.1899995803833,12.125,12.15999984741211,13193,0.0,0.0
2023-03-21 09:30:00-04:00,12.430000305175781,12.515000343322754,12.135000228881836,12.149999618530273,31651,0.0,0.0
2023-03-21 10:30:00-04:00,12.149999618530273,12.350000381469727,12.140000343322754,12.229999542236328,24712,0.0,0.0
2023-03-21 11:30:00-04:00,12.210000038146973,12.34000015258789,12.15999984741211,12.270000457763672,21003,0.0,0.0
2023-03-21 12:30:00-04:00,12.274999618530273,12.34000015258789,12.239999771118164,12.3100004196167,18412,0.0,0.0
2023-03-21 13:30:00-04:00,12.319999694824219,12.359999656677246,12.289999961853027,12.300000190734863,13880,0.0,0.0
2023-03-21 14:30:00-04:00,12.300000190734863,12.420000076293945,12.279999732971191,12.390000343322754,33431,0.0,0.0
2023-03-21 15:30:00-04:00,12.390000343322754,12.468999862670898,12.359999656677246,12.399999618530273,18076,0.0,0.0
2023-03-22 09:30:00-04:00,12.390000343322754,12.479999542236328,12.25,12.479999542236328,3659,0.0,0.0
2023-03-22 10:30:00-04:00,12.520000457763672,12.619999885559082,12.380000114440918,12.380000114440918,6767,0.0,0.0
2023-03-22 11:30:00-04:00,12.380000114440918,12.479999542236328,12.380000114440918,12.40999984741211,5026,0.0,0.0
2023-03-22 12:30:00-04:00,12.40999984741211,12.449999809265137,12.380000114440918,12.380000114440918,12236,0.0,0.0
2023-03-22 13:30:00-04:00,12.399999618530273,12.6899995803833,12.399999618530273,12.579999923706055,12093,0.0,0.0
2023-03-22 14:30:00-04:00,12.619999885559082,12.727899551391602,12.479999542236328,12.660699844360352,23635,0.0,0.0
2023-03-22 15:30:00-04:00,12.675000190734863,12.710000038146973,12.279999732971191,12.40999984741211,85290,0.0,0.0
2023-03-23 09:30:00-04:00,12.5,12.695300102233887,12.380000114440918,12.550000190734863,6064,0.0,0.0
2023-03-23 10:30:00-04:00,12.489999771118164,12.673999786376953,12.479999542236328,12.600000381469727,16397,0.0,0.0
2023-03-23 11:30:00-04:00,12.630000114440918,12.710000038146973,12.600000381469727,12.6899995803833,8386,0.0,0.0
2023-03-23 12:30:00-04:00,12.689900398254395,12.6899995803833,12.5649995803833,12.609999656677246,9961,0.0,0.0
2023-03-23 13:30:00-04:00,12.619999885559082,12.630000114440918,12.479999542236328,12.515000343322754,14961,0.0,0.0
2023-03-23 14:30:00-04:00,12.475000381469727,12.5,12.3100004196167,12.385000228881836,20191,0.0,0.0
2023-03-23 15:30:00-04:00,12.369999885559082,12.550000190734863,12.359999656677246,12.449999809265137,37345,0.0,0.0
2023-03-24 09:30:00-04:00,12.34000015258789,12.4350004196167,12.15999984741211,12.369999885559082,10155,0.0,0.0
2023-03-24 10:30:00-04:00,12.420000076293945,12.420000076293945,12.220000267028809,12.3100004196167,10044,0.0,0.0
2023-03-24 11:30:00-04:00,12.289999961853027,12.529999732971191,12.289999961853027,12.470000267028809,8048,0.0,0.0
2023-03-24 12:30:00-04:00,12.5,12.680000305175781,12.5,12.670000076293945,20943,0.0,0.0
2023-03-24 13:30:00-04:00,12.670000076293945,12.699999809265137,12.600000381469727,12.600000381469727,8956,0.0,0.0
2023-03-24 14:30:00-04:00,12.600000381469727,12.770000457763672,12.600000381469727,12.75,11941,0.0,0.0
2023-03-24 15:30:00-04:00,12.739999771118164,12.770000457763672,12.619999885559082,12.680000305175781,20993,0.0,0.0
2023-03-27 09:30:00-04:00,12.84000015258789,13.069999694824219,12.6899995803833,12.6899995803833,14266,0.0,0.0
2023-03-27 10:30:00-04:00,12.640000343322754,12.75,12.569999694824219,12.6899995803833,9628,0.0,0.0
2023-03-27 11:30:00-04:00,12.699999809265137,12.829999923706055,12.699999809265137,12.729999542236328,6355,0.0,0.0
2023-03-27 12:30:00-04:00,12.710000038146973,12.84000015258789,12.710000038146973,12.760000228881836,11582,0.0,0.0
2023-03-27 13:30:00-04:00,12.75,12.859999656677246,12.75,12.800000190734863,10164,0.0,0.0
2023-03-27 14:30:00-04:00,12.800000190734863,12.835000038146973,12.699999809265137,12.75,13135,0.0,0.0
2023-03-27 15:30:00-04:00,12.720000267028809,12.720000267028809,12.609999656677246,12.65999984741211,14720,0.0,0.0
2023-03-28 09:30:00-04:00,12.5600004196167,12.739999771118164,12.479999542236328,12.670000076293945,3255,0.0,0.0
2023-03-28 10:30:00-04:00,12.670000076293945,12.770000457763672,12.670000076293945,12.765000343322754,5117,0.0,0.0
2023-03-28 11:30:00-04:00,12.789999961853027,12.859999656677246,12.664999961853027,12.699999809265137,10466,0.0,0.0
2023-03-28 12:30:00-04:00,12.680000305175781,12.710000038146973,12.640000343322754,12.649999618530273,5882,0.0,0.0
2023-03-28 13:30:00-04:00,12.66349983215332,12.670000076293945,12.600000381469727,12.635000228881836,3472,0.0,0.0
2023-03-28 14:30:00-04:00,12.610099792480469,12.65999984741211,12.600000381469727,12.610300064086914,4883,0.0,0.0
2023-03-28 15:30:00-04:00,12.59000015258789,12.670000076293945,12.59000015258789,12.640000343322754,8172,0.0,0.0
2023-03-29 09:30:00-04:00,12.779999732971191,12.850000381469727,12.760000228881836,12.760000228881836,2644,0.0,0.0
2023-03-29 10:30:00-04:00,12.8100004196167,12.829999923706055,12.65999984741211,12.779999732971191,9560,0.0,0.0
2023-03-29 11:30:00-04:00,12.765000343322754,12.84000015258789,12.751799583435059,12.795000076293945,2774,0.0,0.0
2023-03-29 12:30:00-04:00,12.779999732971191,12.869999885559082,12.779999732971191,12.819999694824219,10524,0.0,0.0
2023-03-29 13:30:00-04:00,12.819999694824219,12.90999984741211,12.770000457763672,12.835000038146973,15207,0.0,0.0
2023-03-29 14:30:00-04:00,12.850000381469727,12.9399995803833,12.800000190734863,12.9350004196167,14079,0.0,0.0
2023-03-29 15:30:00-04:00,12.949999809265137,13.0,12.930000305175781,12.989999771118164,13988,0.0,0.0
2023-03-30 09:30:00-04:00,13.0,13.15999984741211,12.850000381469727,13.109999656677246,19928,0.0,0.0
2023-03-30 10:30:00-04:00,13.119999885559082,13.229999542236328,13.039999961853027,13.039999961853027,17724,0.0,0.0
2023-03-30 11:30:00-04:00,13.079999923706055,13.079999923706055,13.020000457763672,13.020000457763672,5336,0.0,0.0
2023-03-30 12:30:00-04:00,13.010000228881836,13.050000190734863,12.904999732971191,13.010000228881836,7969,0.0,0.0
2023-03-30 13:30:00-04:00,12.970000267028809,13.0600004196167,12.970000267028809,13.010000228881836,4667,0.0,0.0
2023-03-30 14:30:00-04:00,13.010000228881836,13.069999694824219,13.010000228881836,13.0600004196167,6557,0.0,0.0
2023-03-30 15:30:00-04:00,13.069999694824219,13.170000076293945,13.069999694824219,13.15999984741211,13189,0.0,0.0
2023-03-31 09:30:00-04:00,13.239999771118164,13.390000343322754,13.239999771118164,13.359999656677246,5089,0.0,0.0
2023-03-31 10:30:00-04:00,13.359999656677246,13.4399995803833,13.343199729919434,13.420000076293945,9573,0.0,0.0
2023-03-31 11:30:00-04:00,13.420000076293945,13.420000076293945,13.339500427246094,13.380000114440918,3653,0.0,0.0
2023-03-31 12:30:00-04:00,13.369999885559082,13.470000267028809,13.319999694824219,13.319999694824219,11771,0.0,0.0
2023-03-31 13:30:00-04:00,13.300000190734863,13.3100004196167,13.100000381469727,13.100000381469727,12275,0.0,0.0
2023-03-31 14:30:00-04:00,13.125,13.3100004196167,13.079999923706055,13.305000305175781,19350,0.0,0.0
2023-03-31 15:30:00-04:00,13.305000305175781,13.3100004196167,13.229999542236328,13.239999771118164,28252,0.0,0.0
2023-04-03 09:30:00-04:00,13.25,13.399999618530273,13.25,13.359999656677246,8143,0.0,0.0
2023-04-03 10:30:00-04:00,13.369999885559082,13.380000114440918,13.149999618530273,13.1899995803833,19608,0.0,0.0
2023-04-03 11:30:00-04:00,13.194999694824219,13.329999923706055,13.194999694824219,13.21500015258789,11075,0.0,0.0
2023-04-03 12:30:00-04:00,13.229999542236328,13.260000228881836,13.199999809265137,13.210000038146973,6891,0.0,0.0
2023-04-03 13:30:00-04:00,13.210000038146973,13.210000038146973,13.119999885559082,13.119999885559082,6720,0.0,0.0
2023-04-03 14:30:00-04:00,13.145000457763672,13.25,13.145000457763672,13.20829963684082,5399,0.0,0.0
2023-04-03 15:30:00-04:00,13.25,13.300000190734863,13.220000267028809,13.220000267028809,15978,0.0,0.0
2023-04-04 09:30:00-04:00,13.1899995803833,13.229999542236328,12.960000038146973,12.960000038146973,9810,0.0,0.0
2023-04-04 10:30:00-04:00,12.994999885559082,13.03499984741211,12.819999694824219,12.869999885559082,7089,0.0,0.0
2023-04-04 11:30:00-04:00,12.920000076293945,12.979999542236328,12.869999885559082,12.960000038146973,4587,0.0,0.0
2023-04-04 12:30:00-04:00,12.989999771118164,13.09000015258789,12.960000038146973,13.055000305175781,9870,0.0,0.0
2023-04-04 13:30:00-04:00,13.020000457763672,13.140000343322754,12.989999771118164,12.989999771118164,17252,0.0,0.0
2023-04-04 14:30:00-04:00,12.984999656677246,13.010000228881836,12.890000343322754,12.890000343322754,6575,0.0,0.0
2023-04-04 15:30:00-04:00,12.869999885559082,12.890000343322754,12.789999961853027,12.8100004196167,32296,0.0,0.0
2023-04-05 09:30:00-04:00,12.600000381469727,12.949999809265137,12.539999961853027,12.8100004196167,8794,0.0,0.0
2023-04-05 10:30:00-04:00,12.850000381469727,12.859999656677246,12.729999542236328,12.845000267028809,5740,0.0,0.0
2023-04-05 11:30:00-04:00,12.859999656677246,12.859999656677246,12.75,12.765000343322754,30387,0.0,0.0
2023-04-05 12:30:00-04:00,12.75,12.84000015258789,12.739999771118164,12.835000038146973,9779,0.0,0.0
2023-04-05 13:30:00-04:00,12.824999809265137,12.899999618530273,12.750100135803223,12.854999542236328,9165,0.0,0.0
2023-04-05 14:30:00-04:00,12.854999542236328,12.9399995803833,12.854999542236328,12.899999618530273,24332,0.0,0.0
2023-04-05 15:30:00-04:00,12.899999618530273,13.050000190734863,12.899999618530273,13.050000190734863,23959,0.0,0.0
2023-04-06 09:30:00-04:00,12.979999542236328,13.045000076293945,12.779999732971191,12.960000038146973,9648,0.0,0.0
2023-04-06 10:30:00-04:00,12.949999809265137,13.130000114440918,12.914999961853027,13.130000114440918,4267,0.0,0.0
2023-04-06 11:30:00-04:00,13.09000015258789,13.15999984741211,13.020000457763672,13.15999984741211,7576,0.0,0.0
2023-04-06 12:30:00-04:00,13.130000114440918,13.239999771118164,13.020000457763672,13.1899995803833,22954,0.0,0.0
2023-04-06 13:30:00-04:00,13.199999809265137,13.3100004196167,13.100000381469727,13.289999961853027,16258,0.0,0.0
2023-04-06 14:30:00-04:00,13.3100004196167,13.319999694824219,13.1899995803833,13.1899995803833,15771,0.0,0.0
2023-04-06 15:30:00-04:00,13.199999809265137,13.239999771118164,13.0600004196167,13.220000267028809,28518,0.0,0.0
2023-04-10 09:30:00-04:00,13.119999885559082,13.59000015258789,13.119999885559082,13.420000076293945,7354,0.0,0.0
2023-04-10 10:30:00-04:00,13.34000015258789,13.498900413513184,13.260000228881836,13.260000228881836,13769,0.0,0.0
2023-04-10 11:30:00-04:00,13.281000137329102,13.32699966430664,13.210000038146973,13.28499984741211,4856,0.0,0.0
2023-04-10 12:30:00-04:00,13.300000190734863,13.419899940490723,13.199999809265137,13.3100004196167,16651,0.0,0.0
2023-04-10 13:30:00-04:00,13.260000228881836,13.4399995803833,13.260000228881836,13.4399995803833,7034,0.0,0.0
2023-04-10 14:30:00-04:00,13.40999984741211,13.4399995803833,13.369999885559082,13.430000305175781,5283,0.0,0.0
2023-04-10 15:30:00-04:00,13.430000305175781,13.432299613952637,13.369999885559082,13.430000305175781,9918,0.0,0.0
2023-04-11 09:30:00-04:00,13.550000190734863,13.760000228881836,13.524999618530273,13.720000267028809,10895,0.0,0.0
2023-04-11 10:30:00-04:00,13.710000038146973,13.853099822998047,13.65999984741211,13.835000038146973,6485,0.0,0.0
2023-04-11 11:30:00-04:00,13.829999923706055,13.890000343322754,13.760000228881836,13.84000015258789,11338,0.0,0.0
2023-04-11 12:30:00-04:00,13.829999923706055,13.890000343322754,13.699999809265137,13.729999542236328,9202,0.0,0.0
2023-04-11 13:30:00-04:00,13.734999656677246,13.745100021362305,13.680000305175781,13.680000305175781,3683,0.0,0.0
2023-04-11 14:30:00-04:00,13.6899995803833,13.739500045776367,13.680000305175781,13.710000038146973,11479,0.0,0.0
2023-04-11 15:30:00-04:00,13.6899995803833,13.741900444030762,13.675000190734863,13.729999542236328,9713,0.0,0.0
2023-04-12 09:30:00-04:00,13.739999771118164,13.890000343322754,13.640000343322754,13.680000305175781,6267,0.0,0.0
2023-04-12 10:30:00-04:00,13.729999542236328,13.729999542236328,13.529999732971191,13.609999656677246,5791,0.0,0.0
2023-04-12 11:30:00-04:00,13.649999618530273,13.670000076293945,13.600000381469727,13.600000381469727,6368,0.0,0.0
2023-04-12 12:30:00-04:00,13.670000076293945,13.699999809265137,13.550000190734863,13.670000076293945,13343,0.0,0.0
2023-04-12 13:30:00-04:00,13.600000381469727,13.664999961853027,13.579999923706055,13.579999923706055,3475,0.0,0.0
2023-04-12 14:30:00-04:00,13.550000190734863,13.589599609375,13.510000228881836,13.520000457763672,9735,0.0,0.0
2023-04-12 15:30:00-04:00,13.538900375366211,13.604299545288086,13.510000228881836,13.579999923706055,11094,0.0,0.0
2023-04-13 09:30:00-04:00,13.600000381469727,13.739899635314941,13.40999984741211,13.40999984741211,5458,0.0,0.0
2023-04-13 10:30:00-04:00,13.539999961853027,13.619999885559082,13.520000457763672,13.579999923706055,2441,0.0,0.0
2023-04-13 11:30:00-04:00,13.59000015258789,13.704999923706055,13.558699607849121,13.704999923706055,6123,0.0,0.0
2023-04-13 12:30:00-04:00,13.739999771118164,13.8100004196167,13.694999694824219,13.720000267028809,5677,0.0,0.0
2023-04-13 13:30:00-04:00,13.734999656677246,13.859999656677246,13.717599868774414,13.859999656677246,5782,0.0,0.0
2023-04-13 14:30:00-04:00,13.869999885559082,13.9399995803833,13.770000457763672,13.805000305175781,9451,0.0,0.0
2023-04-13 15:30:00-04:00,13.84000015258789,13.84000015258789,13.6899995803833,13.729999542236328,16124,0.0,0.0
2023-04-14 09:30:00-04:00,13.6899995803833,13.84000015258789,13.675000190734863,13.755000114440918,6307,0.0,0.0
2023-04-14 10:30:00-04:00,13.800000190734863,13.819999694824219,13.720000267028809,13.720000267028809,3052,0.0,0.0
2023-04-14 11:30:00-04:00,13.6850004196167,13.739999771118164,13.635000228881836,13.649999618530273,8115,0.0,0.0
2023-04-14 12:30:00-04:00,13.729999542236328,13.779999732971191,13.657099723815918,13.760000228881836,5001,0.0,0.0
2023-04-14 13:30:00-04:00,13.726699829101562,13.930000305175781,13.6899995803833,13.859999656677246,21474,0.0,0.0
2023-04-14 14:30:00-04:00,13.829999923706055,13.880000114440918,13.728899955749512,13.879400253295898,12484,0.0,0.0
2023-04-14 15:30:00-04:00,13.869999885559082,13.970000267028809,13.869999885559082,13.920000076293945,18502,0.0,0.0
2023-04-17 09:30:00-04:00,14.079999923706055,14.319999694824219,13.920000076293945,14.170000076293945,79068,0.0,0.0
2023-04-17 10:30:00-04:00,14.170000076293945,14.239999771118164,14.039999961853027,14.079999923706055,10511,0.0,0.0
2023-04-17 11:30:00-04:00,14.039999961853027,14.039999961853027,13.75,13.75,4201,0.0,0.0
2023-04-17 12:30:00-04:00,13.850000381469727,13.939000129699707,13.75,13.925000190734863,21154,0.0,0.0
2023-04-17 13:30:00-04:00,13.969900131225586,13.969900131225586,13.819999694824219,13.930000305175781,16110,0.0,0.0
2023-04-17 14:30:00-04:00,13.949999809265137,14.210000038146973,13.934000015258789,14.170000076293945,11334,0.0,0.0
2023-04-17 15:30:00-04:00,14.15999984741211,14.199999809265137,14.119999885559082,14.199999809265137,18032,0.0,0.0
2023-04-18 09:30:00-04:00,14.119999885559082,14.390000343322754,14.119999885559082,14.239999771118164,14948,0.0,0.0
2023-04-18 10:30:00-04:00,14.220000267028809,14.329999923706055,14.220000267028809,14.319999694824219,5341,0.0,0.0
2023-04-18 11:30:00-04:00,14.289999961853027,14.420000076293945,14.229999542236328,14.3100004196167,7595,0.0,0.0
2023-04-18 12:30:00-04:00,14.26930046081543,14.479999542236328,14.260000228881836,14.390000343322754,31602,0.0,0.0
2023-04-18 13:30:00-04:00,14.4399995803833,14.479999542236328,14.369999885559082,14.380000114440918,8759,0.0,0.0
2023-04-18 14:30:00-04:00,14.430000305175781,14.479999542236328,14.380000114440918,14.399999618530273,9306,0.0,0.0
2023-04-18 15:30:00-04:00,14.430000305175781,14.619999885559082,14.420000076293945,14.59000015258789,19563,0.0,0.0
2023-04-19 09:30:00-04:00,14.510000228881836,14.569999694824219,14.300000190734863,14.300000190734863,11800,0.0,0.0
2023-04-19 10:30:00-04:00,14.34000015258789,14.380000114440918,14.300000190734863,14.376799583435059,7631,0.0,0.0
2023-04-19 11:30:00-04:00,14.430000305175781,14.5,14.380000114440918,14.5,1588,0.0,0.0
2023-04-19 12:30:00-04:00,14.5,14.640000343322754,14.5,14.520000457763672,5584,0.0,0.0
2023-04-19 13:30:00-04:00,14.535300254821777,14.550000190734863,14.359999656677246,14.454999923706055,13435,0.0,0.0
2023-04-19 14:30:00-04:00,14.420000076293945,14.550000190734863,14.380000114440918,14.470000267028809,5242,0.0,0.0
2023-04-19 15:30:00-04:00,14.470000267028809,14.506199836730957,14.380000114440918,14.40999984741211,16856,0.0,0.0
2023-04-20 09:30:00-04:00,14.510000228881836,14.899999618530273,14.510000228881836,14.854999542236328,15348,0.0,0.0
2023-04-20 10:30:00-04:00,14.819999694824219,15.149999618530273,14.779999732971191,15.020000457763672,33144,0.0,0.0
2023-04-20 11:30:00-04:00,14.989999771118164,15.154999732971191,14.989999771118164,15.100000381469727,4719,0.0,0.0
2023-04-20 12:30:00-04:00,15.119999885559082,15.180000305175781,15.039999961853027,15.039999961853027,13711,0.0,0.0
2023-04-20 13:30:00-04:00,15.069999694824219,15.14900016784668,15.020000457763672,15.100000381469727,11186,0.0,0.0
2023-04-20 14:30:00-04:00,15.100000381469727,15.100000381469727,14.930000305175781,15.007800102233887,29985,0.0,0.0
2023-04-20 15:30:00-04:00,15.039999961853027,15.266300201416016,15.0,15.1899995803833,32865,0.0,0.0
2023-04-21 09:30:00-04:00,15.15999984741211,15.329899787902832,15.15999984741211,15.270000457763672,18251,0.0,0.0
2023-04-21 10:30:00-04:00,15.28950023651123,15.390000343322754,15.1899995803833,15.329999923706055,6945,0.0,0.0
2023-04-21 11:30:00-04:00,15.329999923706055,15.40999984741211,15.25,15.40999984741211,37589,0.0,0.0
2023-04-21 12:30:00-04:00,15.399999618530273,15.489999771118164,15.340100288391113,15.380000114440918,14345,0.0,0.0
2023-04-21 13:30:00-04:00,15.359999656677246,15.549200057983398,15.359999656677246,15.399999618530273,12300,0.0,0.0
2023-04-21 14:30:00-04:00,15.420000076293945,15.539999961853027,15.399999618530273,15.5,17357,0.0,0.0
2023-04-21 15:30:00-04:00,15.529999732971191,15.635000228881836,15.494999885559082,15.510000228881836,29582,0.0,0.0
2023-04-24 09:30:00-04:00,15.550000190734863,15.764800071716309,15.550000190734863,15.719499588012695,10095,0.0,0.0
2023-04-24 10:30:00-04:00,15.670000076293945,15.719900131225586,15.510000228881836,15.529899597167969,8993,0.0,0.0
2023-04-24 11:30:00-04:00,15.4399995803833,15.510000228881836,15.40999984741211,15.510000228881836,9845,0.0,0.0
2023-04-24 12:30:00-04:00,15.539999961853027,15.59000015258789,15.4399995803833,15.529999732971191,16690,0.0,0.0
2023-04-24 13:30:00-04:00,15.5600004196167,15.640000343322754,15.5,15.600000381469727,13941,0.0,0.0
2023-04-24 14:30:00-04:00,15.65999984741211,15.779999732971191,15.65999984741211,15.760000228881836,7727,0.0,0.0
2023-04-24 15:30:00-04:00,15.720000267028809,15.770000457763672,15.680000305175781,15.720000267028809,12229,0.0,0.0
2023-04-25 09:30:00-04:00,15.569999694824219,15.850000381469727,15.510000228881836,15.539999961853027,17336,0.0,0.0
2023-04-25 10:30:00-04:00,15.609999656677246,15.770000457763672,15.5600004196167,15.770000457763672,9279,0.0,0.0
2023-04-25 11:30:00-04:00,15.823399543762207,15.930000305175781,15.720000267028809,15.869999885559082,7347,0.0,0.0
2023-04-25 12:30:00-04:00,15.869999885559082,15.899999618530273,15.720000267028809,15.829999923706055,12398,0.0,0.0
2023-04-25 13:30:00-04:00,15.8100004196167,15.890000343322754,15.779999732971191,15.84000015258789,8943,0.0,0.0
2023-04-25 14:30:00-04:00,15.829999923706055,15.850000381469727,15.735600471496582,15.84000015258789,17830,0.0,0.0
2023-04-25 15:30:00-04:00,15.84000015258789,15.85990047454834,15.6850004196167,15.699999809265137,32551,0.0,0.0
2023-04-26 09:30:00-04:00,15.569999694824219,15.920000076293945,15.170000076293945,15.220000267028809,32362,0.0,0.0
2023-04-26 10:30:00-04:00,15.26140022277832,15.449999809265137,15.199999809265137,15.199999809265137,109882,0.0,0.0
2023-04-26 11:30:00-04:00,15.149999618530273,15.270000457763672,15.149999618530273,15.255000114440918,6586,0.0,0.0
2023-04-26 12:30:00-04:00,15.23009967803955,15.319999694824219,15.180000305175781,15.180000305175781,18487,0.0,0.0
2023-04-26 13:30:00-04:00,15.15999984741211,15.210000038146973,14.930000305175781,14.9399995803833,29778,0.0,0.0
2023-04-26 14:30:00-04:00,14.90999984741211,14.90999984741211,14.6899995803833,14.760000228881836,20108,0.0,0.0
2023-04-26 15:30:00-04:00,14.8100004196167,14.8100004196167,14.59000015258789,14.59000015258789,18238,0.0,0.0
2023-04-27 09:30:00-04:00,14.619999885559082,14.994999885559082,14.609999656677246,14.71500015258789,12450,0.0,0.0
2023-04-27 10:30:00-04:00,14.71500015258789,14.899999618530273,14.71500015258789,14.899999618530273,6850,0.0,0.0
2023-04-27 11:30:00-04:00,14.899999618530273,14.904999732971191,14.800000190734863,14.880000114440918,19148,0.0,0.0
2023-04-27 12:30:00-04:00,14.859999656677246,14.914999961853027,14.848600387573242,14.869999885559082,7409,0.0,0.0
2023-04-27 13:30:00-04:00,14.869999885559082,14.881999969482422,14.829999923706055,14.859999656677246,7890,0.0,0.0
2023-04-27 14:30:00-04:00,14.854999542236328,14.880000114440918,14.779999732971191,14.789999961853027,16257,0.0,0.0
2023-04-27 15:30:00-04:00,14.8100004196167,14.890000343322754,14.729999542236328,14.890000343322754,24483,0.0,0.0
2023-04-28 09:30:00-04:00,15.010000228881836,15.404999732971191,15.010000228881836,15.359999656677246,13897,0.0,0.0
2023-04-28 10:30:00-04:00,15.350000381469727,15.40999984741211,15.3100004196167,15.40999984741211,5545,0.0,0.0
2023-04-28 11:30:00-04:00,15.460000038146973,15.460000038146973,15.319999694824219,15.370100021362305,11095,0.0,0.0
2023-04-28 12:30:00-04:00,15.399999618530273,15.475000381469727,15.399999618530273,15.4399995803833,4970,0.0,0.0
2023-04-28 13:30:00-04:00,15.420000076293945,15.489999771118164,15.380000114440918,15.404999732971191,14637,0.0,0.0
2023-04-28 14:30:00-04:00,15.420000076293945,15.520000457763672,15.25,15.260000228881836,45611,0.0,0.0
2023-04-28 15:30:00-04:00,15.270000457763672,15.328300476074219,15.210000038146973,15.239999771118164,47593,0.0,0.0
2023-05-01 09:30:00-04:00,15.6899995803833,16.5,15.5,16.139999389648438,73580,0.0,0.0
2023-05-01 10:30:00-04:00,16.18000030517578,16.360000610351562,16.024999618530273,16.049999237060547,14404,0.0,0.0
2023-05-01 11:30:00-04:00,16.049999237060547,16.049999237060547,15.84000015258789,15.920000076293945,21975,0.0,0.0
2023-05-01 12:30:00-04:00,15.949999809265137,16.0,15.890000343322754,15.949999809265137,20506,0.0,0.0
2023-05-01 13:30:00-04:00,15.949999809265137,16.139999389648438,15.930000305175781,16.09000015258789,15707,0.0,0.0
2023-05-01 14:30:00-04:00,16.100000381469727,16.15999984741211,16.010000228881836,16.020000457763672,17742,0.0,0.0
2023-05-01 15:30:00-04:00,16.020000457763672,16.079999923706055,15.975000381469727,16.079999923706055,46627,0.0,0.0
2023-05-02 09:30:00-04:00,16.010000228881836,16.05500030517578,15.510000228881836,15.5649995803833,52780,0.0,0.0
2023-05-02 10:30:00-04:00,15.529999732971191,15.5600004196167,15.300000190734863,15.529999732971191,51040,0.0,0.0
2023-05-02 11:30:00-04:00,15.449999809265137,15.729999542236328,15.444999694824219,15.470000267028809,33119,0.0,0.0
2023-05-02 12:30:00-04:00,15.470000267028809,15.6899995803833,15.40999984741211,15.489999771118164,33604,0.0,0.0
2023-05-02 13:30:00-04:00,15.489999771118164,15.694999694824219,15.489999771118164,15.680000305175781,25639,0.0,0.0
2023-05-02 14:30:00-04:00,15.6899995803833,15.890000343322754,15.680000305175781,15.890000343322754,29361,0.0,0.0
2023-05-02 15:30:00-04:00,15.87339973449707,15.890000343322754,15.789999961853027,15.800000190734863,32682,0.0,0.0
2023-05-03 09:30:00-04:00,15.880000114440918,16.200000762939453,15.880000114440918,16.0,23378,0.0,0.0
2023-05-03 10:30:00-04:00,15.956700325012207,16.08919906616211,15.9399995803833,15.949999809265137,7949,0.0,0.0
2023-05-03 11:30:00-04:00,15.805000305175781,15.90999984741211,15.800000190734863,15.869999885559082,2956,0.0,0.0
2023-05-03 12:30:00-04:00,15.869999885559082,15.914999961853027,15.869999885559082,15.914999961853027,5198,0.0,0.0
2023-05-03 13:30:00-04:00,15.9399995803833,15.970000267028809,15.739999771118164,15.899999618530273,12080,0.0,0.0
2023-05-03 14:30:00-04:00,15.869999885559082,16.059999465942383,15.699999809265137,15.699999809265137,28348,0.0,0.0
2023-05-03 15:30:00-04:00,15.65999984741211,15.78499984741211,15.59000015258789,15.75,24793,0.0,0.0
2023-05-04 09:30:00-04:00,15.800000190734863,16.03499984741211,15.369999885559082,15.479999542236328,17025,0.0,0.0
2023-05-04 10:30:00-04:00,15.449999809265137,15.555000305175781,15.300000190734863,15.449999809265137,12732,0.0,0.0
2023-05-04 11:30:00-04:00,15.4399995803833,15.5,15.350000381469727,15.5,9581,0.0,0.0
2023-05-04 12:30:00-04:00,15.5,15.729999542236328,15.470000267028809,15.729999542236328,3615,0.0,0.0
2023-05-04 13:30:00-04:00,15.739999771118164,15.75,15.600000381469727,15.600000381469727,9786,0.0,0.0
2023-05-04 14:30:00-04:00,15.600000381469727,15.600000381469727,15.34000015258789,15.34000015258789,18827,0.0,0.0
2023-05-04 15:30:00-04:00,15.390000343322754,15.390000343322754,15.279999732971191,15.380000114440918,24282,0.0,0.0
2023-05-05 09:30:00-04:00,15.510000228881836,15.994999885559082,15.510000228881836,15.8100004196167,12216,0.0,0.0
2023-05-05 10:30:00-04:00,15.878100395202637,15.90999984741211,15.770000457763672,15.829999923706055,6352,0.0,0.0
2023-05-05 11:30:00-04:00,15.895000457763672,16.020000457763672,15.850000381469727,15.890000343322754,10887,0.0,0.0
2023-05-05 12:30:00-04:00,15.880000114440918,16.030000686645508,15.880000114440918,15.930000305175781,8832,0.0,0.0
2023-05-05 13:30:00-04:00,15.949000358581543,15.960000038146973,15.85509967803955,15.954999923706055,6526,0.0,0.0
2023-05-05 14:30:00-04:00,16.00279998779297,16.079999923706055,15.949999809265137,16.040000915527344,18161,0.0,0.0
2023-05-05 15:30:00-04:00,16.059999465942383,16.139999389648438,16.010000228881836,16.1299991607666,22151,0.0,0.0
2023-05-08 09:30:00-04:00,16.5,17.200000762939453,16.475000381469727,17.079999923706055,48972,0.0,0.0
2023-05-08 10:30:00-04:00,17.09000015258789,17.639999389648438,17.09000015258789,17.459999084472656,71243,0.0,0.0
2023-05-08 11:30:00-04:00,17.43000030517578,17.575000762939453,17.260000228881836,17.31999969482422,17940,0.0,0.0
2023-05-08 12:30:00-04:00,17.31999969482422,17.3799991607666,16.850000381469727,16.860000610351562,56197,0.0,0.0
2023-05-08 13:30:00-04:00,16.905000686645508,17.09000015258789,16.8799991607666,16.975000381469727,37621,0.0,0.0
2023-05-08 14:30:00-04:00,16.959999084472656,17.290000915527344,16.959999084472656,17.23940086364746,19507,0.0,0.0
2023-05-08 15:30:00-04:00,17.256000518798828,17.43000030517578,17.200000762939453,17.200000762939453,30206,0.0,0.0
2023-05-09 09:30:00-04:00,17.200000762939453,17.625999450683594,17.200000762939453,17.30500030517578,20827,0.0,0.0
2023-05-09 10:30:00-04:00,17.295000076293945,17.329999923706055,17.06999969482422,17.114999771118164,22581,0.0,0.0
2023-05-09 11:30:00-04:00,17.114999771118164,17.1299991607666,16.979999542236328,17.0,14204,0.0,0.0
2023-05-09 12:30:00-04:00,16.9950008392334,17.099000930786133,16.9950008392334,17.065000534057617,8389,0.0,0.0
2023-05-09 13:30:00-04:00,17.09000015258789,17.25,17.06999969482422,17.100000381469727,16268,0.0,0.0
2023-05-09 14:30:00-04:00,17.09000015258789,17.110000610351562,16.93000030517578,17.0,15280,0.0,0.0
2023-05-09 15:30:00-04:00,16.989999771118164,16.989999771118164,16.579999923706055,16.670000076293945,40738,0.0,0.0
2023-05-10 09:30:00-04:00,16.959999084472656,17.3700008392334,16.70009994506836,17.19499969482422,13904,0.0,0.0
2023-05-10 10:30:00-04:00,17.19499969482422,17.25,16.959999084472656,17.0049991607666,14780,0.0,0.0
2023-05-10 11:30:00-04:00,17.0049991607666,17.049999237060547,16.889999389648438,16.915000915527344,14174,0.0,0.0
2023-05-10 12:30:00-04:00,16.940000534057617,16.969999313354492,16.829999923706055,16.84000015258789,15574,0.0,0.0
2023-05-10 13:30:00-04:00,16.8700008392334,17.09000015258789,16.850000381469727,17.09000015258789,18845,0.0,0.0
2023-05-10 14:30:00-04:00,17.065000534057617,17.25,17.0,17.024999618530273,22169,0.0,0.0
2023-05-10 15:30:00-04:00,17.024999618530273,17.024999618530273,16.93000030517578,17.0,30691,0.0,0.0
2023-05-11 09:30:00-04:00,17.020000457763672,17.020000457763672,16.780000686645508,16.80500030517578,8344,0.0,0.0
2023-05-11 10:30:00-04:00,16.770000457763672,16.790000915527344,16.65999984741211,16.729999542236328,4877,0.0,0.0
2023-05-11 11:30:00-04:00,16.725000381469727,16.799999237060547,16.70639991760254,16.790000915527344,4512,0.0,0.0
2023-05-11 12:30:00-04:00,16.780000686645508,16.889999389648438,16.670000076293945,16.719999313354492,11822,0.0,0.0
2023-05-11 13:30:00-04:00,16.725000381469727,16.860000610351562,16.670000076293945,16.670000076293945,11113,0.0,0.0
2023-05-11 14:30:00-04:00,16.670000076293945,16.780000686645508,16.65999984741211,16.719999313354492,8480,0.0,0.0
2023-05-11 15:30:00-04:00,16.690000534057617,16.690000534057617,16.5,16.6299991607666,36738,0.0,0.0
2023-05-12 09:30:00-04:00,16.709999084472656,17.25,16.709999084472656,16.8700008392334,9940,0.0,0.0
2023-05-12 10:30:00-04:00,16.844999313354492,16.844999313354492,16.6200008392334,16.6200008392334,27202,0.0,0.0
2023-05-12 11:30:00-04:00,16.68000030517578,16.68000030517578,16.40999984741211,16.450000762939453,9695,0.0,0.0
2023-05-12 12:30:00-04:00,16.459999084472656,16.459999084472656,16.219999313354492,16.290000915527344,14414,0.0,0.0
2023-05-12 13:30:00-04:00,16.290000915527344,16.3700008392334,16.2450008392334,16.270000457763672,8868,0.0,0.0
2023-05-12 14:30:00-04:00,16.260000228881836,16.360000610351562,16.200000762939453,16.200000762939453,10907,0.0,0.0
2023-05-12 15:30:00-04:00,16.204999923706055,16.260000228881836,16.18000030517578,16.200000762939453,22855,0.0,0.0
2023-05-15 09:30:00-04:00,16.219999313354492,16.602100372314453,16.200000762939453,16.600000381469727,11478,0.0,0.0
2023-05-15 10:30:00-04:00,16.68000030517578,16.709999084472656,16.479999542236328,16.5,11222,0.0,0.0
2023-05-15 11:30:00-04:00,16.459999084472656,16.651199340820312,16.43000030517578,16.651199340820312,7676,0.0,0.0
2023-05-15 12:30:00-04:00,16.6200008392334,16.6200008392334,16.540000915527344,16.540000915527344,11207,0.0,0.0
2023-05-15 13:30:00-04:00,16.54330062866211,16.579999923706055,16.40999984741211,16.44499969482422,15577,0.0,0.0
2023-05-15 14:30:00-04:00,16.469999313354492,16.5,16.40999984741211,16.5,8483,0.0,0.0
2023-05-15 15:30:00-04:00,16.520000457763672,16.56999969482422,16.469999313354492,16.56999969482422,14959,0.0,0.0
2023-05-16 09:30:00-04:00,16.440000534057617,16.520000457763672,16.295000076293945,16.454999923706055,6459,0.0,0.0
2023-05-16 10:30:00-04:00,16.510000228881836,16.709999084472656,16.5,16.600000381469727,6737,0.0,0.0
2023-05-16 11:30:00-04:00,16.6200008392334,16.649999618530273,16.490800857543945,16.540000915527344,18263,0.0,0.0
2023-05-16 12:30:00-04:00,16.56999969482422,16.68000030517578,16.56999969482422,16.649999618530273,5122,0.0,0.0
2023-05-16 13:30:00-04:00,16.645000457763672,16.645000457763672,16.500099182128906,16.56999969482422,6688,0.0,0.0
2023-05-16 14:30:00-04:00,16.56999969482422,16.690000534057617,16.559999465942383,16.559999465942383,9071,0.0,0.0
2023-05-16 15:30:00-04:00,16.610000610351562,16.610000610351562,16.540000915527344,16.559999465942383,15421,0.0,0.0
2023-05-17 09:30:00-04:00,16.639999389648438,16.690000534057617,16.450000762939453,16.690000534057617,4631,0.0,0.0
2023-05-17 10:30:00-04:00,16.690000534057617,16.690000534057617,16.40999984741211,16.40999984741211,5235,0.0,0.0
2023-05-17 11:30:00-04:00,16.540000915527344,16.68000030517578,16.510000228881836,16.68000030517578,5971,0.0,0.0
2023-05-17 12:30:00-04:00,16.690000534057617,16.760000228881836,16.663999557495117,16.754499435424805,9203,0.0,0.0
2023-05-17 13:30:00-04:00,16.809999465942383,16.8799991607666,16.729999542236328,16.766000747680664,17784,0.0,0.0
2023-05-17 14:30:00-04:00,16.829999923706055,17.0,16.729999542236328,16.850000381469727,22846,0.0,0.0
2023-05-17 15:30:00-04:00,16.889999389648438,16.959999084472656,16.860000610351562,16.93000030517578,14556,0.0,0.0
2023-05-18 09:30:00-04:00,17.010000228881836,17.139999389648438,16.889999389648438,17.1299991607666,6120,0.0,0.0
2023-05-18 10:30:00-04:00,17.139999389648438,17.309999465942383,17.139999389648438,17.309999465942383,9468,0.0,0.0
2023-05-18 11:30:00-04:00,17.320199966430664,17.450000762939453,17.25,17.25,12677,0.0,0.0
2023-05-18 12:30:00-04:00,17.2549991607666,17.360000610351562,17.200000762939453,17.33989906311035,6535,0.0,0.0
2023-05-18 13:30:00-04:00,17.270000457763672,17.309999465942383,17.229999542236328,17.290000915527344,9658,0.0,0.0
2023-05-18 14:30:00-04:00,17.270000457763672,17.43000030517578,17.18000030517578,17.399999618530273,25255,0.0,0.0
2023-05-18 15:30:00-04:00,17.389999389648438,17.559999465942383,17.389999389648438,17.530000686645508,18751,0.0,0.0
2023-05-19 09:30:00-04:00,17.75,17.75,17.361600875854492,17.475000381469727,90092,0.0,0.0
2023-05-19 10:30:00-04:00,17.479999542236328,17.5393009185791,17.3700008392334,17.3700008392334,12282,0.0,0.0
2023-05-19 11:30:00-04:00,17.364999771118164,17.510000228881836,17.219999313354492,17.229999542236328,14793,0.0,0.0
2023-05-19 12:30:00-04:00,17.190000534057617,17.315000534057617,17.190000534057617,17.25,3888,0.0,0.0
2023-05-19 13:30:00-04:00,17.28860092163086,17.28860092163086,17.010099411010742,17.07740020751953,8737,0.0,0.0
2023-05-19 14:30:00-04:00,17.09980010986328,17.299999237060547,17.065000534057617,17.200000762939453,15036,0.0,0.0
2023-05-19 15:30:00-04:00,17.200000762939453,17.25,17.079999923706055,17.249900817871094,20914,0.0,0.0
2023-05-22 09:30:00-04:00,17.25,17.499900817871094,17.18000030517578,17.39459991455078,17555,0.0,0.0
2023-05-22 10:30:00-04:00,17.34000015258789,17.469999313354492,17.040000915527344,17.170000076293945,36693,0.0,0.0
2023-05-22 11:30:00-04:00,17.209999084472656,17.25,17.100000381469727,17.104999542236328,9943,0.0,0.0
2023-05-22 12:30:00-04:00,17.06999969482422,17.100000381469727,16.93000030517578,16.954999923706055,17497,0.0,0.0
2023-05-22 13:30:00-04:00,16.959999084472656,17.0049991607666,16.81999969482422,16.854999542236328,16702,0.0,0.0
2023-05-22 14:30:00-04:00,16.90999984741211,17.0,16.799999237060547,16.8700008392334,17271,0.0,0.0
2023-05-22 15:30:00-04:00,16.84000015258789,16.899999618530273,16.700000762939453,16.7549991607666,40759,0.0,0.0
2023-05-23 09:30:00-04:00,16.84000015258789,17.34000015258789,16.581499099731445,17.200000762939453,24952,0.0,0.0
2023-05-23 10:30:00-04:00,17.170000076293945,17.200000762939453,17.049999237060547,17.185699462890625,15552,0.0,0.0
2023-05-23 11:30:00-04:00,17.21500015258789,17.25,16.969999313354492,16.969999313354492,14429,0.0,0.0
2023-05-23 12:30:00-04:00,16.84000015258789,17.100000381469727,16.84000015258789,17.040000915527344,10017,0.0,0.0
2023-05-23 13:30:00-04:00,17.0,17.208200454711914,17.0,17.149999618530273,13282,0.0,0.0
2023-05-23 14:30:00-04:00,17.15999984741211,17.219999313354492,17.06999969482422,17.08989906311035,17304,0.0,0.0
2023-05-23 15:30:00-04:00,17.135000228881836,17.170000076293945,17.110000610351562,17.139999389648438,22340,0.0,0.0
2023-05-24 09:30:00-04:00,17.149999618530273,17.6200008392334,17.149999618530273,17.360000610351562,31142,0.0,0.0
2023-05-24 10:30:00-04:00,17.450000762939453,17.719999313354492,17.450000762939453,17.649999618530273,30315,0.0,0.0
2023-05-24 11:30:00-04:00,17.65999984741211,17.860000610351562,17.6200008392334,17.860000610351562,28052,0.0,0.0
2023-05-24 12:30:00-04:00,17.920000076293945,18.040000915527344,17.75,17.799999237060547,31710,0.0,0.0
2023-05-24 13:30:00-04:00,17.730100631713867,17.799999237060547,17.6200008392334,17.655000686645508,15989,0.0,0.0
2023-05-24 14:30:00-04:00,17.68000030517578,17.719999313354492,17.510000228881836,17.559999465942383,24264,0.0,0.0
2023-05-24 15:30:00-04:00,17.559999465942383,17.639999389648438,17.530000686645508,17.540000915527344,22504,0.0,0.0
2023-05-25 09:30:00-04:00,17.68000030517578,18.09000015258789,17.68000030517578,17.950000762939453,24898,0.0,0.0
2023-05-25 10:30:00-04:00,17.959999084472656,18.0,17.84000015258789,17.90999984741211,21286,0.0,0.0
2023-05-25 11:30:00-04:00,17.860000610351562,18.110000610351562,17.84000015258789,18.065000534057617,22440,0.0,0.0
2023-05-25 12:30:00-04:00,18.109699249267578,18.149999618530273,17.989999771118164,18.149999618530273,29512,0.0,0.0
2023-05-25 13:30:00-04:00,18.209999084472656,18.559999465942383,18.18000030517578,18.46500015258789,31537,0.0,0.0
2023-05-25 14:30:00-04:00,18.395000457763672,18.420000076293945,18.040000915527344,18.06999969482422,33958,0.0,0.0
2023-05-25 15:30:00-04:00,18.049999237060547,18.139999389648438,17.989999771118164,18.020000457763672,20820,0.0,0.0
2023-05-26 09:30:00-04:00,18.020000457763672,18.290000915527344,17.66200065612793,18.059999465942383,24279,0.0,0.0
2023-05-26 10:30:00-04:00,18.030000686645508,18.25,18.010000228881836,18.059999465942383,16731,0.0,0.0
2023-05-26 11:30:00-04:00,17.989999771118164,18.010000228881836,17.774999618530273,17.8799991607666,18046,0.0,0.0
2023-05-26 12:30:00-04:00,17.899999618530273,17.975000381469727,17.8700008392334,17.969999313354492,13534,0.0,0.0
2023-05-26 13:30:00-04:00,17.989999771118164,17.989999771118164,17.739999771118164,17.75,14376,0.0,0.0
2023-05-26 14:30:00-04:00,17.729999542236328,17.729999542236328,17.617599487304688,17.617599487304688,22098,0.0,0.0
2023-05-26 15:30:00-04:00,17.610000610351562,17.809999465942383,17.610000610351562,17.700000762939453,35696,0.0,0.0
2023-05-30 09:30:00-04:00,17.8799991607666,18.100000381469727,17.625,17.649999618530273,37813,0.0,0.0
2023-05-30 10:30:00-04:00,17.690000534057617,17.799999237060547,17.6200008392334,17.700000762939453,15636,0.0,0.0
2023-05-30 11:30:00-04:00,17.69499969482422,17.940000534057617,17.69499969482422,17.860000610351562,11745,0.0,0.0
2023-05-30 12:30:00-04:00,17.850000381469727,17.899999618530273,17.770000457763672,17.770000457763672,14609,0.0,0.0
2023-05-30 13:30:00-04:00,17.75,17.799999237060547,17.6299991607666,17.795000076293945,18544,0.0,0.0
2023-05-30 14:30:00-04:00,17.795000076293945,17.849899291992188,17.690000534057617,17.81999969482422,16195,0.0,0.0
2023-05-30 15:30:00-04:00,17.81999969482422,17.950000762939453,17.81999969482422,17.940000534057617,25151,0.0,0.0
2023-05-31 09:30:00-04:00,17.899999618530273,18.200000762939453,17.81999969482422,17.834999084472656,24340,0.0,0.0
2023-05-31 10:30:00-04:00,17.825000762939453,18.06999969482422,17.80500030517578,17.979999542236328,18894,0.0,0.0
2023-05-31 11:30:00-04:00,17.950000762939453,18.190000534057617,17.860000610351562,18.094999313354492,16504,0.0,0.0
2023-05-31 12:30:00-04:00,18.094999313354492,18.18000030517578,18.020000457763672,18.149900436401367,15195,0.0,0.0
2023-05-31 13:30:00-04:00,18.139999389648438,18.549999237060547,18.1299991607666,18.469999313354492,41000,0.0,0.0
2023-05-31 14:30:00-04:00,18.5,18.6299991607666,18.270000457763672,18.315000534057617,35535,0.0,0.0
2023-05-31 15:30:00-04:00,18.299999237060547,18.594999313354492,18.299999237060547,18.5,65723,0.0,0.0
2023-06-01 09:30:00-04:00,18.56999969482422,18.859899520874023,18.469999313354492,18.579999923706055,35732,0.0,0.0
2023-06-01 10:30:00-04:00,18.579999923706055,18.672399520874023,18.299999237060547,18.34000015258789,36002,0.0,0.0
2023-06-01 11:30:00-04:00,18.334999084472656,18.3700008392334,18.170000076293945,18.329999923706055,30098,0.0,0.0
2023-06-01 12:30:00-04:00,18.329999923706055,18.3700008392334,18.200000762939453,18.3700008392334,27950,0.0,0.0
2023-06-01 13:30:00-04:00,18.34000015258789,18.59000015258789,18.34000015258789,18.59000015258789,27807,0.0,0.0
2023-06-01 14:30:00-04:00,18.559999465942383,18.84000015258789,18.559999465942383,18.7549991607666,23860,0.0,0.0
2023-06-01 15:30:00-04:00,18.739999771118164,18.81999969482422,18.684999465942383,18.799999237060547,29611,0.0,0.0
2023-06-02 09:30:00-04:00,19.0,19.149999618530273,18.399999618530273,18.5,37940,0.0,0.0
2023-06-02 10:30:00-04:00,18.5049991607666,18.59000015258789,18.420499801635742,18.59000015258789,25418,0.0,0.0
2023-06-02 11:30:00-04:00,18.56999969482422,18.56999969482422,18.434200286865234,18.520000457763672,14811,0.0,0.0
2023-06-02 12:30:00-04:00,18.514999389648438,19.020000457763672,18.489999771118164,19.020000457763672,10760,0.0,0.0
2023-06-02 13:30:00-04:00,19.049999237060547,19.28499984741211,19.045000076293945,19.200000762939453,23326,0.0,0.0
2023-06-02 14:30:00-04:00,19.190000534057617,19.209999084472656,19.020000457763672,19.030000686645508,21143,0.0,0.0
2023-06-02 15:30:00-04:00,19.010000228881836,19.139999389648438,19.010000228881836,19.1299991607666,37349,0.0,0.0
2023-06-05 09:30:00-04:00,19.110000610351562,19.239999771118164,18.850000381469727,19.190000534057617,26751,0.0,0.0
2023-06-05 10:30:00-04:00,19.200000762939453,19.809999465942383,19.200000762939453,19.760000228881836,34089,0.0,0.0
2023-06-05 11:30:00-04:00,19.739999771118164,19.8799991607666,19.6299991607666,19.6299991607666,38923,0.0,0.0
2023-06-05 12:30:00-04:00,19.670000076293945,19.729999542236328,19.329999923706055,19.350000381469727,31008,0.0,0.0
2023-06-05 13:30:00-04:00,19.351499557495117,19.639999389648438,19.351499557495117,19.5049991607666,22486,0.0,0.0
2023-06-05 14:30:00-04:00,19.479999542236328,19.559999465942383,19.31999969482422,19.40999984741211,37138,0.0,0.0
2023-06-05 15:30:00-04:00,19.399999618530273,19.5,19.3799991607666,19.3799991607666,31035,0.0,0.0
2023-06-06 09:30:00-04:00,19.579999923706055,20.099899291992188,19.3700008392334,20.079999923706055,41004,0.0,0.0
2023-06-06 10:30:00-04:00,20.139999389648438,20.634899139404297,20.049999237060547,20.6299991607666,51287,0.0,0.0
2023-06-06 11:30:00-04:00,20.55500030517578,20.790000915527344,20.469999313354492,20.719999313354492,25050,0.0,0.0
2023-06-06 12:30:00-04:00,20.780000686645508,20.97249984741211,20.670000076293945,20.950000762939453,30023,0.0,0.0
2023-06-06 13:30:00-04:00,20.93000030517578,21.0,20.68000030517578,20.709999084472656,47494,0.0,0.0
2023-06-06 14:30:00-04:00,20.690000534057617,20.759899139404297,20.489999771118164,20.610000610351562,31531,0.0,0.0
2023-06-06 15:30:00-04:00,20.6299991607666,20.850000381469727,20.6299991607666,20.850000381469727,36406,0.0,0.0
2023-06-07 09:30:00-04:00,21.0,21.0,20.729999542236328,20.770000457763672,39423,0.0,0.0
2023-06-07 10:30:00-04:00,20.78499984741211,20.969999313354492,20.649999618530273,20.799999237060547,81898,0.0,0.0
2023-06-07 11:30:00-04:00,20.82979965209961,20.84000015258789,20.594999313354492,20.610000610351562,31907,0.0,0.0
2023-06-07 12:30:00-04:00,20.549999237060547,20.559999465942383,20.299999237060547,20.350000381469727,21959,0.0,0.0
2023-06-07 13:30:00-04:00,20.309999465942383,20.600000381469727,20.219999313354492,20.520000457763672,25720,0.0,0.0
2023-06-07 14:30:00-04:00,20.5,20.559999465942383,20.420000076293945,20.450000762939453,37959,0.0,0.0
2023-06-07 15:30:00-04:00,20.450000762939453,20.459999084472656,20.299999237060547,20.329999923706055,40164,0.0,0.0
2023-06-08 09:30:00-04:00,20.389999389648438,20.950000762939453,20.309999465942383,20.940000534057617,29151,0.0,0.0
2023-06-08 10:30:00-04:00,20.950000762939453,21.360000610351562,20.8799991607666,21.295000076293945,77743,0.0,0.0
2023-06-08 11:30:00-04:00,21.31999969482422,21.520000457763672,21.290000915527344,21.459999084472656,61766,0.0,0.0
2023-06-08 12:30:00-04:00,21.449399948120117,21.729999542236328,21.399999618530273,21.65999984741211,36733,0.0,0.0
2023-06-08 13:30:00-04:00,21.6200008392334,21.65999984741211,21.459999084472656,21.649999618530273,22551,0.0,0.0
2023-06-08 14:30:00-04:00,21.645099639892578,21.670000076293945,21.520000457763672,21.559999465942383,16862,0.0,0.0
2023-06-08 15:30:00-04:00,21.549999237060547,21.709999084472656,21.524999618530273,21.6200008392334,40141,0.0,0.0
2023-06-09 09:30:00-04:00,21.729999542236328,22.59000015258789,21.719999313354492,22.309999465942383,97633,0.0,0.0
2023-06-09 10:30:00-04:00,22.225000381469727,22.350000381469727,21.959999084472656,21.989999771118164,43350,0.0,0.0
2023-06-09 11:30:00-04:00,21.90999984741211,22.219999313354492,21.899999618530273,22.040000915527344,23653,0.0,0.0
2023-06-09 12:30:00-04:00,22.059999465942383,22.071300506591797,21.8799991607666,22.030000686645508,15928,0.0,0.0
2023-06-09 13:30:00-04:00,22.030000686645508,22.040000915527344,21.760000228881836,21.760000228881836,25301,0.0,0.0
2023-06-09 14:30:00-04:00,21.739999771118164,21.739999771118164,21.530000686645508,21.6299991607666,25448,0.0,0.0
2023-06-09 15:30:00-04:00,21.645000457763672,21.770000457763672,21.610000610351562,21.770000457763672,33945,0.0,0.0
2023-06-12 09:30:00-04:00,21.899999618530273,22.25,21.84000015258789,22.170000076293945,24451,0.0,0.0
2023-06-12 10:30:00-04:00,22.184999465942383,22.270000457763672,21.969900131225586,22.040000915527344,21754,0.0,0.0
2023-06-12 11:30:00-04:00,22.059999465942383,22.1200008392334,22.010000228881836,22.09000015258789,13118,0.0,0.0
2023-06-12 12:30:00-04:00,22.088600158691406,22.270000457763672,22.049999237060547,22.100000381469727,29302,0.0,0.0
2023-06-12 13:30:00-04:00,22.1200008392334,22.125,22.06999969482422,22.06999969482422,25524,0.0,0.0
2023-06-12 14:30:00-04:00,22.06999969482422,22.360000610351562,22.06999969482422,22.31999969482422,21026,0.0,0.0
2023-06-12 15:30:00-04:00,22.34000015258789,22.350000381469727,22.209999084472656,22.239999771118164,43265,0.0,0.0
2023-06-13 09:30:00-04:00,22.350000381469727,22.742000579833984,22.30500030517578,22.649999618530273,32508,0.0,0.0
2023-06-13 10:30:00-04:00,22.700000762939453,23.420000076293945,22.65999984741211,23.229999542236328,95025,0.0,0.0
2023-06-13 11:30:00-04:00,23.270000457763672,23.559900283813477,23.1200008392334,23.281999588012695,48915,0.0,0.0
2023-06-13 12:30:00-04:00,23.219999313354492,23.709999084472656,23.219999313354492,23.399999618530273,72593,0.0,0.0
2023-06-13 13:30:00-04:00,23.389999389648438,23.442899703979492,22.8700008392334,22.8700008392334,40203,0.0,0.0
2023-06-13 14:30:00-04:00,22.850000381469727,23.010000228881836,22.780000686645508,22.8799991607666,42127,0.0,0.0
2023-06-13 15:30:00-04:00,22.920400619506836,22.96500015258789,22.829999923706055,22.84000015258789,30525,0.0,0.0
2023-06-14 09:30:00-04:00,23.06999969482422,23.209999084472656,22.645000457763672,23.165800094604492,35946,0.0,0.0
2023-06-14 10:30:00-04:00,23.1299991607666,23.329999923706055,23.09040069580078,23.110000610351562,26208,0.0,0.0
2023-06-14 11:30:00-04:00,23.09000015258789,23.15999984741211,22.73419952392578,22.81999969482422,22044,0.0,0.0
2023-06-14 12:30:00-04:00,22.809999465942383,22.8799991607666,22.75,22.850000381469727,15058,0.0,0.0
2023-06-14 13:30:00-04:00,22.83769989013672,23.1200008392334,22.770000457763672,22.8799991607666,37731,0.0,0.0
2023-06-14 14:30:00-04:00,22.93600082397461,23.350000381469727,22.899999618530273,23.219999313354492,40516,0.0,0.0
2023-06-14 15:30:00-04:00,23.219999313354492,23.270000457763672,22.959999084472656,23.049999237060547,44926,0.0,0.0
2023-06-15 09:30:00-04:00,22.989999771118164,23.850000381469727,22.860000610351562,23.850000381469727,44414,0.0,0.0
2023-06-15 10:30:00-04:00,23.850099563598633,23.8700008392334,23.350000381469727,23.739999771118164,34232,0.0,0.0
2023-06-15 11:30:00-04:00,23.729999542236328,23.809999465942383,23.559999465942383,23.61520004272461,28206,0.0,0.0
2023-06-15 12:30:00-04:00,23.649999618530273,23.780000686645508,23.600000381469727,23.690000534057617,19067,0.0,0.0
2023-06-15 13:30:00-04:00,23.71500015258789,24.3700008392334,23.71500015258789,24.3700008392334,64074,0.0,0.0
2023-06-15 14:30:00-04:00,24.360000610351562,24.575000762939453,24.25,24.354999542236328,54082,0.0,0.0
2023-06-15 15:30:00-04:00,24.40999984741211,24.540000915527344,24.331100463867188,24.5,45918,0.0,0.0
2023-06-16 09:30:00-04:00,24.709999084472656,24.725000381469727,23.8700008392334,24.25,107275,0.0,0.0
2023-06-16 10:30:00-04:00,24.295000076293945,24.5,24.1299991607666,24.459999084472656,48664,0.0,0.0
2023-06-16 11:30:00-04:00,24.43000030517578,24.450000762939453,24.229999542236328,24.229999542236328,60780,0.0,0.0
2023-06-16 12:30:00-04:00,24.2450008392334,24.350000381469727,24.079999923706055,24.25,39694,0.0,0.0
2023-06-16 13:30:00-04:00,24.219999313354492,24.43000030517578,24.209999084472656,24.270000457763672,33598,0.0,0.0
2023-06-16 14:30:00-04:00,24.290000915527344,24.299999237060547,24.18000030517578,24.18000030517578,39702,0.0,0.0
2023-06-16 15:30:00-04:00,24.174999237060547,24.489999771118164,23.989999771118164,24.40999984741211,227191,0.0,0.0
2023-06-20 09:30:00-04:00,24.399999618530273,25.0049991607666,24.399999618530273,24.729999542236328,57120,0.0,0.0
2023-06-20 10:30:00-04:00,24.793800354003906,25.0,24.790000915527344,24.850000381469727,58554,0.0,0.0
2023-06-20 11:30:00-04:00,24.834999084472656,24.889999389648438,24.75,24.809999465942383,44628,0.0,0.0
2023-06-20 12:30:00-04:00,24.81999969482422,24.81999969482422,24.600000381469727,24.600000381469727,43022,0.0,0.0
2023-06-20 13:30:00-04:00,24.6200008392334,24.649999618530273,24.450000762939453,24.549999237060547,40810,0.0,0.0
2023-06-20 14:30:00-04:00,24.549999237060547,24.57859992980957,24.389999389648438,24.56999969482422,54757,0.0,0.0
2023-06-20 15:30:00-04:00,24.56999969482422,24.65999984741211,24.56999969482422,24.610000610351562,53178,0.0,0.0
2023-06-21 09:30:00-04:00,24.59000015258789,25.440000534057617,24.59000015258789,25.440000534057617,42406,0.0,0.0
2023-06-21 10:30:00-04:00,25.450000762939453,25.73189926147461,25.40999984741211,25.6299991607666,46816,0.0,0.0
2023-06-21 11:30:00-04:00,25.59000015258789,25.850000381469727,25.530000686645508,25.795000076293945,34350,0.0,0.0
2023-06-21 12:30:00-04:00,25.790000915527344,26.309999465942383,25.790000915527344,26.299999237060547,40287,0.0,0.0
2023-06-21 13:30:00-04:00,26.329999923706055,26.395000457763672,26.149999618530273,26.34000015258789,76078,0.0,0.0
2023-06-21 14:30:00-04:00,26.350000381469727,26.5,26.260000228881836,26.34000015258789,63995,0.0,0.0
2023-06-21 15:30:00-04:00,26.350000381469727,26.379199981689453,25.719999313354492,25.75,115346,0.0,0.0
2023-06-22 09:30:00-04:00,25.389999389648438,25.389999389648438,23.600000381469727,24.040000915527344,110123,0.0,0.0
2023-06-22 10:30:00-04:00,24.099899291992188,24.204599380493164,23.899999618530273,23.989999771118164,53117,0.0,0.0
2023-06-22 11:30:00-04:00,23.979999542236328,24.045000076293945,23.34000015258789,23.584999084472656,71339,0.0,0.0
2023-06-22 12:30:00-04:00,23.6200008392334,23.75,23.3799991607666,23.459999084472656,38147,0.0,0.0
2023-06-22 13:30:00-04:00,23.40999984741211,23.489999771118164,23.229999542236328,23.2549991607666,42625,0.0,0.0
2023-06-22 14:30:00-04:00,23.200000762939453,23.325000762939453,22.915000915527344,22.940000534057617,120361,0.0,0.0
2023-06-22 15:30:00-04:00,22.920000076293945,23.19499969482422,22.790000915527344,23.18000030517578,125391,0.0,0.0
2023-06-23 09:30:00-04:00,22.920000076293945,23.530000686645508,22.709999084472656,22.84000015258789,97263,0.0,0.0
2023-06-23 10:30:00-04:00,22.84000015258789,22.93000030517578,22.729999542236328,22.850000381469727,41668,0.0,0.0
2023-06-23 11:30:00-04:00,22.850000381469727,22.920000076293945,22.729999542236328,22.899999618530273,28393,0.0,0.0
2023-06-23 12:30:00-04:00,22.899999618530273,22.899999618530273,22.719999313354492,22.799999237060547,50652,0.0,0.0
2023-06-23 13:30:00-04:00,22.799999237060547,22.823999404907227,22.744400024414062,22.780000686645508,28555,0.0,0.0
2023-06-23 14:30:00-04:00,22.77050018310547,22.799999237060547,22.6299991607666,22.68000030517578,54281,0.0,0.0
2023-06-23 15:30:00-04:00,22.690000534057617,22.950000762939453,22.68000030517578,22.780000686645508,110413,0.0,0.0
2023-06-26 09:30:00-04:00,22.6200008392334,22.700000762939453,21.799999237060547,22.28499984741211,65977,0.0,0.0
2023-06-26 10:30:00-04:00,22.270000457763672,22.270000457763672,21.389999389648438,21.40999984741211,102463,0.0,0.0
2023-06-26 11:30:00-04:00,21.424999237060547,22.290000915527344,21.424999237060547,22.219999313354492,58569,0.0,0.0
2023-06-26 12:30:00-04:00,22.25,22.440000534057617,22.149999618530273,22.415000915527344,32829,0.0,0.0
2023-06-26 13:30:00-04:00,22.450000762939453,22.87339973449707,22.450000762939453,22.790000915527344,39306,0.0,0.0
2023-06-26 14:30:00-04:00,22.774999618530273,22.90999984741211,22.68000030517578,22.81999969482422,45349,0.0,0.0
2023-06-26 15:30:00-04:00,22.809999465942383,22.809999465942383,22.68000030517578,22.68000030517578,61179,0.0,0.0
2023-06-27 09:30:00-04:00,22.760000228881836,23.31999969482422,22.657800674438477,23.110000610351562,53242,0.0,0.0
2023-06-27 10:30:00-04:00,23.1200008392334,23.260000228881836,22.950000762939453,23.059999465942383,34705,0.0,0.0
2023-06-27 11:30:00-04:00,23.06999969482422,23.8799991607666,23.06999969482422,23.8799991607666,60384,0.0,0.0
2023-06-27 12:30:00-04:00,23.850000381469727,23.973499298095703,23.690000534057617,23.690000534057617,43628,0.0,0.0
2023-06-27 13:30:00-04:00,23.709999084472656,23.709999084472656,23.459999084472656,23.540000915527344,22376,0.0,0.0
2023-06-27 14:30:00-04:00,23.540000915527344,23.709999084472656,23.5,23.530000686645508,27289,0.0,0.0
2023-06-27 15:30:00-04:00,23.520000457763672,23.670000076293945,23.450000762939453,23.600000381469727,47447,0.0,0.0
2023-06-28 09:30:00-04:00,23.520000457763672,24.069900512695312,23.25790023803711,23.775699615478516,53643,0.0,0.0
2023-06-28 10:30:00-04:00,23.848899841308594,24.1299991607666,23.6200008392334,23.649999618530273,41147,0.0,0.0
2023-06-28 11:30:00-04:00,23.649999618530273,23.729999542236328,23.56999969482422,23.610000610351562,14416,0.0,0.0
2023-06-28 12:30:00-04:00,23.610000610351562,23.610000610351562,23.389999389648438,23.5049991607666,21537,0.0,0.0
2023-06-28 13:30:00-04:00,23.549999237060547,23.68000030517578,23.40999984741211,23.68000030517578,20651,0.0,0.0
2023-06-28 14:30:00-04:00,23.600000381469727,23.709999084472656,23.559999465942383,23.68000030517578,20877,0.0,0.0
2023-06-28 15:30:00-04:00,23.68000030517578,23.889999389648438,23.670000076293945,23.889999389648438,46028,0.0,0.0
2023-06-29 09:30:00-04:00,23.899999618530273,23.989999771118164,23.3799991607666,23.899999618530273,31111,0.0,0.0
2023-06-29 10:30:00-04:00,23.90999984741211,23.979999542236328,23.68000030517578,23.764999389648438,22127,0.0,0.0
2023-06-29 11:30:00-04:00,23.739999771118164,23.850000381469727,23.68000030517578,23.799999237060547,11227,0.0,0.0
2023-06-29 12:30:00-04:00,23.84000015258789,23.950000762939453,23.809999465942383,23.934999465942383,20208,0.0,0.0
2023-06-29 13:30:00-04:00,23.950000762939453,24.076499938964844,23.940000534057617,24.054000854492188,26946,0.0,0.0
2023-06-29 14:30:00-04:00,24.030000686645508,24.06999969482422,23.979999542236328,24.020000457763672,29829,0.0,0.0
2023-06-29 15:30:00-04:00,24.01889991760254,24.1200008392334,23.989999771118164,24.1200008392334,63266,0.0,0.0
2023-06-30 09:30:00-04:00,24.18000030517578,24.6299991607666,24.1200008392334,24.3799991607666,50960,0.0,0.0
2023-06-30 10:30:00-04:00,24.415000915527344,24.829999923706055,24.399999618530273,24.600000381469727,48618,0.0,0.0
2023-06-30 11:30:00-04:00,24.649999618530273,24.81999969482422,24.591299057006836,24.81999969482422,28632,0.0,0.0
2023-06-30 12:30:00-04:00,24.795000076293945,24.81999969482422,24.469999313354492,24.469999313354492,35128,0.0,0.0
2023-06-30 13:30:00-04:00,24.459999084472656,24.540000915527344,24.309999465942383,24.489999771118164,34715,0.0,0.0
2023-06-30 14:30:00-04:00,24.479999542236328,24.78339958190918,24.479999542236328,24.739999771118164,37879,0.0,0.0
2023-06-30 15:30:00-04:00,24.729999542236328,24.75,24.559999465942383,24.600000381469727,60347,0.0,0.0
2023-07-03 09:30:00-04:00,24.440000534057617,25.1299991607666,24.440000534057617,24.809999465942383,37129,0.0,0.0
2023-07-03 10:30:00-04:00,24.860000610351562,24.860000610351562,24.28529930114746,24.28529930114746,27870,0.0,0.0
2023-07-03 11:30:00-04:00,24.299999237060547,24.399999618530273,24.059999465942383,24.344999313354492,47897,0.0,0.0
2023-07-05 09:30:00-04:00,24.149999618530273,24.860000610351562,23.829999923706055,24.850000381469727,85535,0.0,0.0
2023-07-05 10:30:00-04:00,24.799999237060547,24.899999618530273,24.579999923706055,24.780000686645508,52282,0.0,0.0
2023-07-05 11:30:00-04:00,24.780000686645508,24.780000686645508,24.5,24.732900619506836,20791,0.0,0.0
2023-07-05 12:30:00-04:00,24.704999923706055,24.84000015258789,24.600000381469727,24.84000015258789,20921,0.0,0.0
2023-07-05 13:30:00-04:00,24.790000915527344,25.0,24.770000457763672,24.8700008392334,28720,0.0,0.0
2023-07-05 14:30:00-04:00,24.899999618530273,25.1200008392334,24.889999389648438,25.09000015258789,38041,0.0,0.0
2023-07-05 15:30:00-04:00,25.094999313354492,25.100000381469727,24.920000076293945,25.020000457763672,50704,0.0,0.0
2023-07-06 09:30:00-04:00,24.790000915527344,24.790000915527344,23.75,23.75,52281,0.0,0.0
2023-07-06 10:30:00-04:00,23.700000762939453,23.829999923706055,23.149999618530273,23.440000534057617,78433,0.0,0.0
2023-07-06 11:30:00-04:00,23.395000457763672,23.479999542236328,22.8799991607666,23.049999237060547,28339,0.0,0.0
2023-07-06 12:30:00-04:00,23.05940055847168,23.360000610351562,22.979999542236328,23.325000762939453,20493,0.0,0.0
2023-07-06 13:30:00-04:00,23.290000915527344,23.389999389648438,23.209999084472656,23.229999542236328,14278,0.0,0.0
2023-07-06 14:30:00-04:00,23.25,23.290000915527344,23.059999465942383,23.190000534057617,28617,0.0,0.0
2023-07-06 15:30:00-04:00,23.170000076293945,23.233600616455078,22.850000381469727,22.8799991607666,50752,0.0,0.0
2023-07-07 09:30:00-04:00,22.940000534057617,23.90999984741211,22.940000534057617,23.81999969482422,34712,0.0,0.0
2023-07-07 10:30:00-04:00,23.875,23.985000610351562,23.69029998779297,23.93000030517578,36965,0.0,0.0
2023-07-07 11:30:00-04:00,23.969999313354492,24.079999923706055,23.770000457763672,23.80940055847168,23013,0.0,0.0
2023-07-07 12:30:00-04:00,23.809999465942383,23.809999465942383,23.56999969482422,23.739999771118164,22857,0.0,0.0
2023-07-07 13:30:00-04:00,23.770000457763672,23.799999237060547,23.670900344848633,23.75,21708,0.0,0.0
2023-07-07 14:30:00-04:00,23.739999771118164,23.739999771118164,23.331199645996094,23.331199645996094,32451,0.0,0.0
2023-07-07 15:30:00-04:00,23.344999313354492,23.360000610351562,22.989999771118164,23.1299991607666,92517,0.0,0.0
2023-07-10 09:30:00-04:00,22.829999923706055,23.100000381469727,21.309999465942383,23.065000534057617,159288,0.0,0.0
2023-07-10 10:30:00-04:00,23.1200008392334,23.489999771118164,22.8700008392334,22.90999984741211,77572,0.0,0.0
2023-07-10 11:30:00-04:00,22.90999984741211,23.510000228881836,22.770000457763672,23.469999313354492,26903,0.0,0.0
2023-07-10 12:30:00-04:00,23.5,23.5,23.059999465942383,23.235000610351562,32426,0.0,0.0
2023-07-10 13:30:00-04:00,23.239999771118164,23.40999984741211,23.21500015258789,23.3700008392334,31016,0.0,0.0
2023-07-10 14:30:00-04:00,23.364999771118164,23.3799991607666,23.165000915527344,23.25,36235,0.0,0.0
2023-07-10 15:30:00-04:00,23.260000228881836,23.479999542236328,23.200000762939453,23.479999542236328,83151,0.0,0.0
2023-07-11 09:30:00-04:00,23.68000030517578,25.030000686645508,23.68000030517578,24.764999389648438,69293,0.0,0.0
2023-07-11 10:30:00-04:00,24.774999618530273,25.030000686645508,24.690000534057617,24.773399353027344,40522,0.0,0.0
2023-07-11 11:30:00-04:00,24.690000534057617,24.8799991607666,24.579999923706055,24.760000228881836,26257,0.0,0.0
2023-07-11 12:30:00-04:00,24.719999313354492,24.780000686645508,24.200000762939453,24.299999237060547,52032,0.0,0.0
2023-07-11 13:30:00-04:00,24.34000015258789,24.511999130249023,24.219999313354492,24.239999771118164,55059,0.0,0.0
2023-07-11 14:30:00-04:00,24.260000228881836,24.610000610351562,24.2549991607666,24.450000762939453,29956,0.0,0.0
2023-07-11 15:30:00-04:00,24.43000030517578,24.459999084472656,23.989999771118164,23.989999771118164,104228,0.0,0.0
2023-07-12 09:30:00-04:00,24.3700008392334,24.950000762939453,24.3700008392334,24.68000030517578,40319,0.0,0.0
2023-07-12 10:30:00-04:00,24.739999771118164,25.469999313354492,24.635000228881836,25.399999618530273,51585,0.0,0.0
2023-07-12 11:30:00-04:00,25.399999618530273,25.459999084472656,24.959999084472656,25.059900283813477,34425,0.0,0.0
2023-07-12 12:30:00-04:00,25.059999465942383,25.780000686645508,25.059999465942383,25.684999465942383,53006,0.0,0.0
2023-07-12 13:30:00-04:00,25.665000915527344,25.709999084472656,25.15999984741211,25.170000076293945,29406,0.0,0.0
2023-07-12 14:30:00-04:00,25.170000076293945,25.450000762939453,25.165000915527344,25.25,97963,0.0,0.0
2023-07-12 15:30:00-04:00,25.229999542236328,25.270000457763672,25.06999969482422,25.25,160035,0.0,0.0
2023-07-13 09:30:00-04:00,25.579999923706055,25.8799991607666,25.25,25.399999618530273,25116,0.0,0.0
2023-07-13 10:30:00-04:00,25.309999465942383,25.559999465942383,25.274999618530273,25.274999618530273,14120,0.0,0.0
2023-07-13 11:30:00-04:00,25.299999237060547,25.549999237060547,25.260000228881836,25.5,12967,0.0,0.0
2023-07-13 12:30:00-04:00,25.53499984741211,25.53499984741211,25.43000030517578,25.489999771118164,114116,0.0,0.0
2023-07-13 13:30:00-04:00,25.530000686645508,25.68000030517578,25.489999771118164,25.639999389648438,11878,0.0,0.0
2023-07-13 14:30:00-04:00,25.649999618530273,25.709999084472656,25.479999542236328,25.479999542236328,20856,0.0,0.0
2023-07-13 15:30:00-04:00,25.450000762939453,25.670000076293945,25.43000030517578,25.65999984741211,39790,0.0,0.0
2023-07-14 09:30:00-04:00,25.709999084472656,25.809999465942383,25.550100326538086,25.649999618530273,14149,0.0,0.0
2023-07-14 10:30:00-04:00,25.530000686645508,25.719999313354492,25.3700008392334,25.559999465942383,20967,0.0,0.0
2023-07-14 11:30:00-04:00,25.540000915527344,25.722200393676758,25.540000915527344,25.6200008392334,21821,0.0,0.0
2023-07-14 12:30:00-04:00,25.649999618530273,25.75,25.600000381469727,25.655000686645508,8693,0.0,0.0
2023-07-14 13:30:00-04:00,25.639999389648438,25.700000762939453,25.540000915527344,25.656700134277344,19541,0.0,0.0
2023-07-14 14:30:00-04:00,25.639999389648438,25.920000076293945,25.61750030517578,25.920000076293945,17488,0.0,0.0
2023-07-14 15:30:00-04:00,25.920000076293945,26.059900283813477,25.860000610351562,26.020000457763672,37545,0.0,0.0
2023-07-17 09:30:00-04:00,25.899999618530273,26.219999313354492,25.651500701904297,26.219999313354492,20575,0.0,0.0
2023-07-17 10:30:00-04:00,26.219999313354492,26.43000030517578,26.020000457763672,26.389999389648438,18071,0.0,0.0
2023-07-17 11:30:00-04:00,26.389999389648438,26.68000030517578,26.139999389648438,26.510000228881836,24738,0.0,0.0
2023-07-17 12:30:00-04:00,26.49920082092285,26.690000534057617,26.399999618530273,26.489900588989258,23958,0.0,0.0
2023-07-17 13:30:00-04:00,26.420000076293945,26.559999465942383,26.360000610351562,26.469999313354492,25902,0.0,0.0
2023-07-17 14:30:00-04:00,26.46500015258789,26.56999969482422,26.290000915527344,26.31999969482422,34110,0.0,0.0
2023-07-17 15:30:00-04:00,26.31999969482422,26.56999969482422,26.31999969482422,26.549999237060547,34713,0.0,0.0
2023-07-18 09:30:00-04:00,26.760000228881836,27.1299991607666,26.670000076293945,27.010000228881836,34648,0.0,0.0
2023-07-18 10:30:00-04:00,26.989999771118164,27.239999771118164,26.7726993560791,26.899999618530273,32812,0.0,0.0
2023-07-18 11:30:00-04:00,26.93000030517578,26.94099998474121,26.6299991607666,26.68000030517578,26387,0.0,0.0
2023-07-18 12:30:00-04:00,26.690000534057617,26.905000686645508,26.68000030517578,26.8700008392334,17384,0.0,0.0
2023-07-18 13:30:00-04:00,26.8700008392334,26.920000076293945,26.320100784301758,26.479999542236328,37466,0.0,0.0
2023-07-18 14:30:00-04:00,26.520000457763672,26.790000915527344,26.479999542236328,26.739999771118164,17234,0.0,0.0
2023-07-18 15:30:00-04:00,26.739999771118164,26.93000030517578,26.59000015258789,26.860000610351562,51831,0.0,0.0
2023-07-19 09:30:00-04:00,26.799999237060547,26.84000015258789,25.829999923706055,26.209999084472656,77018,0.0,0.0
2023-07-19 10:30:00-04:00,26.204999923706055,26.729999542236328,26.19499969482422,26.649999618530273,30701,0.0,0.0
2023-07-19 11:30:00-04:00,26.645000457763672,26.950000762939453,26.59000015258789,26.860000610351562,21365,0.0,0.0
2023-07-19 12:30:00-04:00,26.780000686645508,27.06999969482422,26.719999313354492,26.94499969482422,16220,0.0,0.0
2023-07-19 13:30:00-04:00,26.924999237060547,27.040000915527344,26.790000915527344,26.93000030517578,16105,0.0,0.0
2023-07-19 14:30:00-04:00,26.920000076293945,27.0,26.829999923706055,26.8700008392334,19529,0.0,0.0
2023-07-19 15:30:00-04:00,26.86440086364746,27.020000457763672,26.700000762939453,27.010000228881836,40513,0.0,0.0
2023-07-20 09:30:00-04:00,27.15999984741211,27.27989959716797,25.100000381469727,25.770000457763672,112629,0.0,0.0
2023-07-20 10:30:00-04:00,25.71500015258789,25.850000381469727,25.040000915527344,25.110000610351562,68744,0.0,0.0
2023-07-20 11:30:00-04:00,25.06999969482422,25.09000015258789,24.68000030517578,24.700000762939453,37609,0.0,0.0
2023-07-20 12:30:00-04:00,24.649999618530273,25.20159912109375,24.56999969482422,25.079999923706055,19465,0.0,0.0
2023-07-20 13:30:00-04:00,25.110000610351562,25.450000762939453,25.0,25.0,48670,0.0,0.0
2023-07-20 14:30:00-04:00,25.0,25.190000534057617,24.90999984741211,25.1299991607666,27059,0.0,0.0
2023-07-20 15:30:00-04:00,25.114999771118164,25.260000228881836,25.110000610351562,25.139999389648438,85608,0.0,0.0
2023-07-21 09:30:00-04:00,25.3700008392334,25.78499984741211,25.06999969482422,25.479999542236328,25235,0.0,0.0
2023-07-21 10:30:00-04:00,25.559900283813477,25.75,25.450000762939453,25.57900047302246,15863,0.0,0.0
2023-07-21 11:30:00-04:00,25.579999923706055,25.579999923706055,25.149999618530273,25.219999313354492,11349,0.0,0.0
2023-07-21 12:30:00-04:00,25.200000762939453,25.43000030517578,25.1200008392334,25.1200008392334,20626,0.0,0.0
2023-07-21 13:30:00-04:00,25.149999618530273,25.18000030517578,24.8799991607666,24.969999313354492,20550,0.0,0.0
2023-07-21 14:30:00-04:00,24.940000534057617,25.010000228881836,24.809999465942383,24.920000076293945,23715,0.0,0.0
2023-07-21 15:30:00-04:00,24.920000076293945,25.059999465942383,24.790000915527344,24.799999237060547,27208,0.0,0.0
2023-07-24 09:30:00-04:00,24.600000381469727,25.09000015258789,24.520000457763672,24.709999084472656,16138,0.0,0.0
2023-07-24 10:30:00-04:00,24.68000030517578,24.94499969482422,24.530000686645508,24.94499969482422,10593,0.0,0.0
2023-07-24 11:30:00-04:00,24.8799991607666,25.0,24.875,24.93000030517578,11618,0.0,0.0
2023-07-24 12:30:00-04:00,24.940000534057617,25.045000076293945,24.829999923706055,24.9950008392334,13555,0.0,0.0
2023-07-24 13:30:00-04:00,25.010000228881836,25.110000610351562,24.979999542236328,25.069000244140625,14738,0.0,0.0
2023-07-24 14:30:00-04:00,25.030000686645508,25.030000686645508,24.920000076293945,24.950000762939453,15909,0.0,0.0
2023-07-24 15:30:00-04:00,24.969999313354492,24.989999771118164,24.780000686645508,24.790000915527344,31634,0.0,0.0
2023-07-25 09:30:00-04:00,24.739999771118164,25.75,24.560100555419922,25.55500030517578,24613,0.0,0.0
2023-07-25 10:30:00-04:00,25.420000076293945,25.604999542236328,25.209999084472656,25.274999618530273,25779,0.0,0.0
2023-07-25 11:30:00-04:00,25.270000457763672,25.649999618530273,25.219999313354492,25.600000381469727,39777,0.0,0.0
2023-07-25 12:30:00-04:00,25.549999237060547,25.549999237060547,25.489999771118164,25.549999237060547,7470,0.0,0.0
2023-07-25 13:30:00-04:00,25.510000228881836,25.510000228881836,25.2549991607666,25.389999389648438,13954,0.0,0.0
2023-07-25 14:30:00-04:00,25.420000076293945,25.520000457763672,25.399999618530273,25.424999237060547,17070,0.0,0.0
2023-07-25 15:30:00-04:00,25.459999084472656,25.649999618530273,25.31999969482422,25.639999389648438,49941,0.0,0.0
2023-07-26 09:30:00-04:00,25.440000534057617,25.989999771118164,25.100000381469727,25.139999389648438,16557,0.0,0.0
2023-07-26 10:30:00-04:00,25.165000915527344,25.18000030517578,24.649999618530273,24.809999465942383,18237,0.0,0.0
2023-07-26 11:30:00-04:00,24.809999465942383,24.899999618530273,24.520099639892578,24.56999969482422,18103,0.0,0.0
2023-07-26 12:30:00-04:00,24.56999969482422,24.667999267578125,24.53499984741211,24.559999465942383,11956,0.0,0.0
2023-07-26 13:30:00-04:00,24.549999237060547,24.700000762939453,24.420000076293945,24.65999984741211,27655,0.0,0.0
2023-07-26 14:30:00-04:00,24.6200008392334,24.979999542236328,24.6200008392334,24.780000686645508,18808,0.0,0.0
2023-07-26 15:30:00-04:00,24.780000686645508,24.8799991607666,24.719999313354492,24.799999237060547,32762,0.0,0.0
2023-07-27 09:30:00-04:00,25.049999237060547,25.15999984741211,24.38010025024414,24.649999618530273,39551,0.0,0.0
2023-07-27 10:30:00-04:00,24.65999984741211,24.899999618530273,24.59000015258789,24.709999084472656,25367,0.0,0.0
2023-07-27 11:30:00-04:00,24.649999618530273,24.959999084472656,24.549999237060547,24.760000228881836,16526,0.0,0.0
2023-07-27 12:30:00-04:00,24.790000915527344,24.82990074157715,24.4950008392334,24.4950008392334,15492,0.0,0.0
2023-07-27 13:30:00-04:00,24.469999313354492,24.530000686645508,24.269699096679688,24.329999923706055,19723,0.0,0.0
2023-07-27 14:30:00-04:00,24.309999465942383,24.329999923706055,24.09000015258789,24.145000457763672,26436,0.0,0.0
2023-07-27 15:30:00-04:00,24.1299991607666,24.21500015258789,23.90999984741211,23.950000762939453,35719,0.0,0.0
2023-07-28 09:30:00-04:00,24.260000228881836,25.15999984741211,23.81999969482422,24.88800048828125,26800,0.0,0.0
2023-07-28 10:30:00-04:00,24.8799991607666,25.170000076293945,24.798500061035156,25.06999969482422,15638,0.0,0.0
2023-07-28 11:30:00-04:00,25.100000381469727,25.100000381469727,24.93000030517578,25.010099411010742,13632,0.0,0.0
2023-07-28 12:30:00-04:00,25.049999237060547,25.06999969482422,24.829999923706055,24.985000610351562,15628,0.0,0.0
2023-07-28 13:30:00-04:00,25.010000228881836,25.489999771118164,24.985000610351562,25.489999771118164,44794,0.0,0.0
2023-07-28 14:30:00-04:00,25.5,25.700000762939453,25.38010025024414,25.588300704956055,54827,0.0,0.0
2023-07-28 15:30:00-04:00,25.608999252319336,25.610000610351562,25.450000762939453,25.530000686645508,39981,0.0,0.0
2023-07-31 09:30:00-04:00,26.3799991607666,26.743000030517578,25.559999465942383,25.93000030517578,80621,0.0,0.0
2023-07-31 10:30:00-04:00,25.875,25.875,25.06999969482422,25.527700424194336,26133,0.0,0.0
2023-07-31 11:30:00-04:00,25.440000534057617,25.700000762939453,25.399999618530273,25.649999618530273,11873,0.0,0.0
2023-07-31 12:30:00-04:00,25.649999618530273,25.68000030517578,25.43000030517578,25.4950008392334,10050,0.0,0.0
2023-07-31 13:30:00-04:00,25.489999771118164,25.600000381469727,25.420000076293945,25.565000534057617,10773,0.0,0.0
2023-07-31 14:30:00-04:00,25.565000534057617,25.6299991607666,25.389999389648438,25.40999984741211,14709,0.0,0.0
2023-07-31 15:30:00-04:00,25.420000076293945,25.489999771118164,25.170000076293945,25.489999771118164,61647,0.0,0.0
2023-08-01 09:30:00-04:00,25.0,25.200000762939453,24.299999237060547,24.610000610351562,66981,0.0,0.0
2023-08-01 10:30:00-04:00,24.639999389648438,24.850000381469727,24.34000015258789,24.655000686645508,46445,0.0,0.0
2023-08-01 11:30:00-04:00,24.641799926757812,24.770000457763672,24.6200008392334,24.709999084472656,27254,0.0,0.0
2023-08-01 12:30:00-04:00,24.71500015258789,24.75,24.530000686645508,24.6200008392334,17561,0.0,0.0
2023-08-01 13:30:00-04:00,24.639999389648438,24.670000076293945,24.40999984741211,24.40999984741211,26320,0.0,0.0
2023-08-01 14:30:00-04:00,24.40999984741211,24.479999542236328,24.389999389648438,24.389999389648438,19047,0.0,0.0
2023-08-01 15:30:00-04:00,24.395000457763672,24.65999984741211,24.395000457763672,24.479999542236328,38428,0.0,0.0
2023-08-02 09:30:00-04:00,23.8799991607666,24.350000381469727,23.510000228881836,24.295000076293945,33352,0.0,0.0
2023-08-02 10:30:00-04:00,24.260000228881836,24.280000686645508,23.790000915527344,24.209999084472656,21980,0.0,0.0
2023-08-02 11:30:00-04:00,24.229999542236328,24.235000610351562,23.950000762939453,24.049999237060547,38436,0.0,0.0
2023-08-02 12:30:00-04:00,24.09000015258789,24.424999237060547,24.049999237060547,24.3799991607666,19636,0.0,0.0
2023-08-02 13:30:00-04:00,24.350000381469727,24.559999465942383,24.350000381469727,24.5,18968,0.0,0.0
2023-08-02 14:30:00-04:00,24.469999313354492,24.469999313354492,24.329999923706055,24.329999923706055,14521,0.0,0.0
2023-08-02 15:30:00-04:00,24.299999237060547,24.405000686645508,24.239999771118164,24.270000457763672,38297,0.0,0.0
2023-08-03 09:30:00-04:00,24.5,24.860000610351562,23.209999084472656,23.270000457763672,82691,0.0,0.0
2023-08-03 10:30:00-04:00,23.260000228881836,23.264999389648438,22.81999969482422,22.8700008392334,39157,0.0,0.0
2023-08-03 11:30:00-04:00,22.850000381469727,22.8700008392334,22.295000076293945,22.37700080871582,56640,0.0,0.0
2023-08-03 12:30:00-04:00,22.360000610351562,23.319900512695312,22.06999969482422,23.309999465942383,133501,0.0,0.0
2023-08-03 13:30:00-04:00,23.319900512695312,23.799999237060547,23.139999389648438,23.714099884033203,63348,0.0,0.0
2023-08-03 14:30:00-04:00,23.739999771118164,23.81999969482422,23.459999084472656,23.760000228881836,43202,0.0,0.0
2023-08-03 15:30:00-04:00,23.81999969482422,24.0,23.780000686645508,23.940000534057617,62886,0.0,0.0
2023-08-04 09:30:00-04:00,24.530000686645508,27.53499984741211,24.25,27.299999237060547,197621,0.0,0.0
2023-08-04 10:30:00-04:00,27.440000534057617,29.36709976196289,27.310100555419922,29.221099853515625,135739,0.0,0.0
2023-08-04 11:30:00-04:00,29.100099563598633,29.979999542236328,28.860000610351562,29.799999237060547,148781,0.0,0.0
2023-08-04 12:30:00-04:00,29.799999237060547,30.66990089416504,28.84000015258789,29.149999618530273,212623,0.0,0.0
2023-08-04 13:30:00-04:00,29.170000076293945,29.969999313354492,29.15999984741211,29.415000915527344,99451,0.0,0.0
2023-08-04 14:30:00-04:00,29.459999084472656,30.1200008392334,29.280000686645508,29.940000534057617,203683,0.0,0.0
2023-08-04 15:30:00-04:00,29.93000030517578,30.450000762939453,29.93000030517578,30.3799991607666,184410,0.0,0.0
2023-08-07 09:30:00-04:00,30.219999313354492,31.600000381469727,29.850000381469727,30.549999237060547,162948,0.0,0.0
2023-08-07 10:30:00-04:00,30.559999465942383,30.934999465942383,30.389999389648438,30.799999237060547,59946,0.0,0.0
2023-08-07 11:30:00-04:00,30.854999542236328,30.950000762939453,30.540000915527344,30.770000457763672,38109,0.0,0.0
2023-08-07 12:30:00-04:00,30.825000762939453,30.8799991607666,30.729999542236328,30.84000015258789,47693,0.0,0.0
2023-08-07 13:30:00-04:00,30.8799991607666,31.459999084472656,30.760000228881836,30.844999313354492,75493,0.0,0.0
2023-08-07 14:30:00-04:00,30.8799991607666,31.06999969482422,30.75,30.829999923706055,52204,0.0,0.0
2023-08-07 15:30:00-04:00,30.829999923706055,30.829999923706055,30.489999771118164,30.489999771118164,116347,0.0,0.0
2023-08-08 09:30:00-04:00,30.290000915527344,30.780000686645508,29.899999618530273,30.7549991607666,80647,0.0,0.0
2023-08-08 10:30:00-04:00,30.710100173950195,30.710100173950195,30.350000381469727,30.420000076293945,70405,0.0,0.0
2023-08-08 11:30:00-04:00,30.46380043029785,30.489999771118164,30.190000534057617,30.329999923706055,60143,0.0,0.0
2023-08-08 12:30:00-04:00,30.34000015258789,30.8799991607666,30.34000015258789,30.540000915527344,62742,0.0,0.0
2023-08-08 13:30:00-04:00,30.540000915527344,30.540000915527344,30.389999389648438,30.44969940185547,59726,0.0,0.0
2023-08-08 14:30:00-04:00,30.450000762939453,30.450000762939453,30.334999084472656,30.360000610351562,44857,0.0,0.0
2023-08-08 15:30:00-04:00,30.350000381469727,30.649999618530273,30.325000762939453,30.479999542236328,122296,0.0,0.0
2023-08-09 09:30:00-04:00,30.450000762939453,30.450000762939453,29.700000762939453,29.959999084472656,56083,0.0,0.0
2023-08-09 10:30:00-04:00,29.969999313354492,30.04990005493164,29.729999542236328,29.989999771118164,52954,0.0,0.0
2023-08-09 11:30:00-04:00,29.979900360107422,30.010000228881836,29.780000686645508,29.93000030517578,35018,0.0,0.0
2023-08-09 12:30:00-04:00,29.96500015258789,30.790000915527344,29.920000076293945,30.510000228881836,87163,0.0,0.0
2023-08-09 13:30:00-04:00,30.559999465942383,30.639999389648438,30.354999542236328,30.360000610351562,39155,0.0,0.0
2023-08-09 14:30:00-04:00,30.399999618530273,30.559999465942383,30.1299991607666,30.549999237060547,39209,0.0,0.0
2023-08-09 15:30:00-04:00,30.558700561523438,30.59000015258789,30.239999771118164,30.280000686645508,57350,0.0,0.0
2023-08-10 09:30:00-04:00,30.450000762939453,31.18000030517578,30.139999389648438,31.0,46567,0.0,0.0
2023-08-10 10:30:00-04:00,31.0,31.0,30.28499984741211,30.329999923706055,16765,0.0,0.0
2023-08-10 11:30:00-04:00,30.290000915527344,30.549999237060547,29.441200256347656,29.459999084472656,38651,0.0,0.0
2023-08-10 12:30:00-04:00,29.510000228881836,29.829999923706055,29.200000762939453,29.399999618530273,26303,0.0,0.0
2023-08-10 13:30:00-04:00,29.399999618530273,29.540000915527344,29.299999237060547,29.420000076293945,14927,0.0,0.0
2023-08-10 14:30:00-04:00,29.489999771118164,29.860000610351562,29.440000534057617,29.725000381469727,14038,0.0,0.0
2023-08-10 15:30:00-04:00,29.719999313354492,29.729999542236328,29.479999542236328,29.635000228881836,37192,0.0,0.0
2023-08-11 09:30:00-04:00,29.670000076293945,30.202999114990234,29.3700008392334,29.549999237060547,21043,0.0,0.0
2023-08-11 10:30:00-04:00,29.6299991607666,29.825000762939453,29.5,29.825000762939453,19780,0.0,0.0
2023-08-11 11:30:00-04:00,29.892799377441406,29.93000030517578,29.68000030517578,29.709999084472656,16952,0.0,0.0
2023-08-11 12:30:00-04:00,29.709999084472656,29.819900512695312,29.549999237060547,29.739999771118164,16165,0.0,0.0
2023-08-11 13:30:00-04:00,29.759899139404297,29.759899139404297,29.239999771118164,29.360000610351562,33159,0.0,0.0
2023-08-11 14:30:00-04:00,29.397499084472656,29.540000915527344,29.290000915527344,29.31999969482422,20052,0.0,0.0
2023-08-11 15:30:00-04:00,29.299999237060547,29.315000534057617,28.709999084472656,28.920000076293945,68749,0.0,0.0
2023-08-14 09:30:00-04:00,28.860000610351562,29.334999084472656,28.639999389648438,29.049999237060547,25736,0.0,0.0
2023-08-14 10:30:00-04:00,29.030000686645508,29.475000381469727,29.010000228881836,29.389999389648438,31951,0.0,0.0
2023-08-14 11:30:00-04:00,29.403499603271484,29.522899627685547,29.049999237060547,29.084999084472656,14062,0.0,0.0
2023-08-14 12:30:00-04:00,29.170000076293945,29.239599227905273,29.045000076293945,29.219999313354492,9705,0.0,0.0
2023-08-14 13:30:00-04:00,29.19499969482422,29.19499969482422,28.842199325561523,28.985000610351562,52257,0.0,0.0
2023-08-14 14:30:00-04:00,28.969999313354492,29.124300003051758,28.84000015258789,28.850000381469727,19208,0.0,0.0
2023-08-14 15:30:00-04:00,28.829999923706055,28.889999389648438,28.649999618530273,28.8700008392334,36536,0.0,0.0
2023-08-15 09:30:00-04:00,28.850000381469727,29.139999389648438,28.350000381469727,28.364999771118164,42062,0.0,0.0
2023-08-15 10:30:00-04:00,28.454999923706055,28.68000030517578,28.0049991607666,28.614999771118164,32884,0.0,0.0
2023-08-15 11:30:00-04:00,28.645000457763672,28.815000534057617,28.530000686645508,28.683300018310547,19934,0.0,0.0
2023-08-15 12:30:00-04:00,28.719999313354492,28.77359962463379,28.3799991607666,28.56999969482422,21190,0.0,0.0
2023-08-15 13:30:00-04:00,28.584999084472656,29.010000228881836,28.520000457763672,28.77239990234375,17202,0.0,0.0
2023-08-15 14:30:00-04:00,28.797500610351562,29.09000015258789,28.75,29.049999237060547,24828,0.0,0.0
2023-08-15 15:30:00-04:00,29.1200008392334,29.299999237060547,28.989999771118164,29.010000228881836,44369,0.0,0.0
2023-08-16 09:30:00-04:00,29.149999618530273,29.649999618530273,29.049999237060547,29.5,56776,0.0,0.0
2023-08-16 10:30:00-04:00,29.43000030517578,29.760000228881836,29.3799991607666,29.665000915527344,34290,0.0,0.0
2023-08-16 11:30:00-04:00,29.63800048828125,29.63800048828125,29.25,29.364999771118164,46857,0.0,0.0
2023-08-16 12:30:00-04:00,29.360000610351562,29.614999771118164,29.34000015258789,29.474199295043945,39586,0.0,0.0
2023-08-16 13:30:00-04:00,29.440000534057617,29.739999771118164,29.360000610351562,29.66010093688965,19964,0.0,0.0
2023-08-16 14:30:00-04:00,29.65999984741211,29.700000762939453,29.318099975585938,29.3700008392334,48670,0.0,0.0
2023-08-16 15:30:00-04:00,29.399999618530273,29.59000015258789,29.18000030517578,29.209999084472656,83970,0.0,0.0
2023-08-17 09:30:00-04:00,29.350000381469727,29.695999145507812,28.299999237060547,28.309999465942383,59332,0.0,0.0
2023-08-17 10:30:00-04:00,28.31999969482422,28.361000061035156,27.540000915527344,27.600000381469727,57279,0.0,0.0
2023-08-17 11:30:00-04:00,27.59000015258789,27.600000381469727,27.270000457763672,27.573400497436523,29479,0.0,0.0
2023-08-17 12:30:00-04:00,27.579999923706055,27.709999084472656,27.340999603271484,27.459999084472656,21686,0.0,0.0
2023-08-17 13:30:00-04:00,27.399999618530273,27.399999618530273,26.8799991607666,26.920000076293945,35696,0.0,0.0
2023-08-17 14:30:00-04:00,26.924999237060547,26.959999084472656,26.209999084472656,26.209999084472656,75795,0.0,0.0
2023-08-17 15:30:00-04:00,26.299999237060547,26.459999084472656,26.100000381469727,26.350000381469727,117747,0.0,0.0
2023-08-18 09:30:00-04:00,26.25,27.299999237060547,25.899999618530273,27.280000686645508,57187,0.0,0.0
2023-08-18 10:30:00-04:00,27.239999771118164,27.364999771118164,27.010000228881836,27.077499389648438,20028,0.0,0.0
2023-08-18 11:30:00-04:00,27.06999969482422,27.30500030517578,27.040000915527344,27.280000686645508,11465,0.0,0.0
2023-08-18 12:30:00-04:00,27.31999969482422,27.334999084472656,27.030000686645508,27.07990074157715,25587,0.0,0.0
2023-08-18 13:30:00-04:00,27.100000381469727,27.149999618530273,26.899999618530273,27.1299991607666,12004,0.0,0.0
2023-08-18 14:30:00-04:00,27.1200008392334,27.139999389648438,26.889999389648438,26.940000534057617,19966,0.0,0.0
2023-08-18 15:30:00-04:00,26.889999389648438,26.950000762939453,26.770000457763672,26.809999465942383,47581,0.0,0.0
2023-08-21 09:30:00-04:00,27.09000015258789,27.3700008392334,26.389999389648438,26.8700008392334,43386,0.0,0.0
2023-08-21 10:30:00-04:00,26.799999237060547,27.06999969482422,26.3799991607666,26.3799991607666,31479,0.0,0.0
2023-08-21 11:30:00-04:00,26.389999389648438,26.399999618530273,26.012399673461914,26.190000534057617,17821,0.0,0.0
2023-08-21 12:30:00-04:00,26.139999389648438,26.610000610351562,26.020000457763672,26.469999313354492,15363,0.0,0.0
2023-08-21 13:30:00-04:00,26.540000915527344,26.719999313354492,26.4773006439209,26.68000030517578,16997,0.0,0.0
2023-08-21 14:30:00-04:00,26.700000762939453,26.829999923706055,26.59000015258789,26.75,20678,0.0,0.0
2023-08-21 15:30:00-04:00,26.709999084472656,26.809999465942383,26.559999465942383,26.690000534057617,33565,0.0,0.0
2023-08-22 09:30:00-04:00,26.940000534057617,27.2450008392334,26.6299991607666,26.65999984741211,17265,0.0,0.0
2023-08-22 10:30:00-04:00,26.709999084472656,26.985000610351562,26.610000610351562,26.985000610351562,13992,0.0,0.0
2023-08-22 11:30:00-04:00,27.0,27.0,26.6299991607666,26.68000030517578,18480,0.0,0.0
2023-08-22 12:30:00-04:00,26.709999084472656,26.709999084472656,26.43000030517578,26.5,13671,0.0,0.0
2023-08-22 13:30:00-04:00,26.524999618530273,26.739999771118164,26.524999618530273,26.709999084472656,8009,0.0,0.0
2023-08-22 14:30:00-04:00,26.760000228881836,26.760000228881836,26.479999542236328,26.520000457763672,26124,0.0,0.0
2023-08-22 15:30:00-04:00,26.479999542236328,26.530000686645508,26.3799991607666,26.510000228881836,41908,0.0,0.0
2023-08-23 09:30:00-04:00,26.56999969482422,27.649999618530273,26.56999969482422,27.239999771118164,47215,0.0,0.0
2023-08-23 10:30:00-04:00,27.260000228881836,27.829999923706055,27.229999542236328,27.540000915527344,40289,0.0,0.0
2023-08-23 11:30:00-04:00,27.550600051879883,27.610000610351562,27.328399658203125,27.328399658203125,17307,0.0,0.0
2023-08-23 12:30:00-04:00,27.309999465942383,27.440000534057617,27.260000228881836,27.31999969482422,7767,0.0,0.0
2023-08-23 13:30:00-04:00,27.309999465942383,27.309999465942383,27.101200103759766,27.229999542236328,11789,0.0,0.0
2023-08-23 14:30:00-04:00,27.229400634765625,27.290000915527344,27.1299991607666,27.280000686645508,13651,0.0,0.0
2023-08-23 15:30:00-04:00,27.350000381469727,27.350000381469727,27.020000457763672,27.15999984741211,69367,0.0,0.0
2023-08-24 09:30:00-04:00,27.639999389648438,27.969999313354492,27.43000030517578,27.649999618530273,34703,0.0,0.0
2023-08-24 10:30:00-04:00,27.600000381469727,27.600000381469727,26.950000762939453,27.020000457763672,18874,0.0,0.0
2023-08-24 11:30:00-04:00,27.0,27.064899444580078,26.899999618530273,27.064899444580078,6193,0.0,0.0
2023-08-24 12:30:00-04:00,27.06100082397461,27.229999542236328,26.844999313354492,26.844999313354492,12462,0.0,0.0
2023-08-24 13:30:00-04:00,26.844999313354492,26.850000381469727,26.75,26.75,10044,0.0,0.0
2023-08-24 14:30:00-04:00,26.75,26.84000015258789,26.700000762939453,26.719999313354492,12261,0.0,0.0
2023-08-24 15:30:00-04:00,26.760000228881836,26.790000915527344,26.549999237060547,26.610000610351562,34832,0.0,0.0
2023-08-25 09:30:00-04:00,26.68000030517578,26.68000030517578,26.059999465942383,26.290000915527344,13939,0.0,0.0
2023-08-25 10:30:00-04:00,26.239999771118164,26.25,25.18000030517578,25.540000915527344,48199,0.0,0.0
2023-08-25 11:30:00-04:00,25.59000015258789,25.8700008392334,25.530000686645508,25.790000915527344,23279,0.0,0.0
2023-08-25 12:30:00-04:00,25.8799991607666,26.040000915527344,25.81999969482422,25.829999923706055,16281,0.0,0.0
2023-08-25 13:30:00-04:00,25.84000015258789,26.184999465942383,25.799999237060547,26.184999465942383,9454,0.0,0.0
2023-08-25 14:30:00-04:00,26.18000030517578,26.235000610351562,26.010000228881836,26.135000228881836,17438,0.0,0.0
2023-08-25 15:30:00-04:00,26.135000228881836,26.200000762939453,26.010000228881836,26.079999923706055,27095,0.0,0.0
2023-08-28 09:30:00-04:00,26.270000457763672,26.434999465942383,26.149999618530273,26.385000228881836,14333,0.0,0.0
2023-08-28 10:30:00-04:00,26.389999389648438,26.389999389648438,26.100000381469727,26.25,15458,0.0,0.0
2023-08-28 11:30:00-04:00,26.290000915527344,26.440000534057617,26.239999771118164,26.363500595092773,10794,0.0,0.0
2023-08-28 12:30:00-04:00,26.337499618530273,26.579999923706055,26.337499618530273,26.506900787353516,10017,0.0,0.0
2023-08-28 13:30:00-04:00,26.479999542236328,26.479999542236328,26.31999969482422,26.34000015258789,8139,0.0,0.0
2023-08-28 14:30:00-04:00,26.354999542236328,26.520000457763672,26.290000915527344,26.290000915527344,7364,0.0,0.0
2023-08-28 15:30:00-04:00,26.290000915527344,26.352800369262695,26.200000762939453,26.329999923706055,27948,0.0,0.0
2023-08-29 09:30:00-04:00,26.549999237060547,27.65999984741211,26.549999237060547,27.610000610351562,67971,0.0,0.0
2023-08-29 10:30:00-04:00,27.48240089416504,28.0,27.48240089416504,27.950000762939453,29201,0.0,0.0
2023-08-29 11:30:00-04:00,27.940000534057617,28.049999237060547,27.725000381469727,27.940000534057617,29967,0.0,0.0
2023-08-29 12:30:00-04:00,27.950000762939453,28.079999923706055,27.840299606323242,28.010000228881836,21580,0.0,0.0
2023-08-29 13:30:00-04:00,28.049999237060547,28.149900436401367,28.020000457763672,28.077999114990234,21877,0.0,0.0
2023-08-29 14:30:00-04:00,28.149999618530273,28.229999542236328,28.040000915527344,28.094999313354492,29283,0.0,0.0
2023-08-29 15:30:00-04:00,28.06999969482422,28.350000381469727,28.06999969482422,28.1299991607666,42038,0.0,0.0
2023-08-30 09:30:00-04:00,28.239999771118164,28.809999465942383,28.020000457763672,28.350000381469727,68762,0.0,0.0
2023-08-30 10:30:00-04:00,28.3799991607666,28.770000457763672,28.3799991607666,28.459999084472656,15499,0.0,0.0
2023-08-30 11:30:00-04:00,28.514999389648438,28.514999389648438,28.290000915527344,28.475000381469727,13129,0.0,0.0
2023-08-30 12:30:00-04:00,28.440000534057617,28.483600616455078,28.260000228881836,28.34000015258789,14437,0.0,0.0
2023-08-30 13:30:00-04:00,28.34000015258789,28.389999389648438,28.06999969482422,28.28499984741211,29218,0.0,0.0
2023-08-30 14:30:00-04:00,28.260000228881836,28.366300582885742,28.149999618530273,28.18000030517578,15274,0.0,0.0
2023-08-30 15:30:00-04:00,28.190000534057617,28.299999237060547,28.110000610351562,28.280000686645508,46002,0.0,0.0
2023-08-31 09:30:00-04:00,28.200000762939453,28.719999313354492,28.020000457763672,28.28499984741211,25752,0.0,0.0
2023-08-31 10:30:00-04:00,28.360000610351562,28.6299991607666,28.200000762939453,28.59000015258789,20005,0.0,0.0
2023-08-31 11:30:00-04:00,28.639999389648438,28.760000228881836,28.5,28.610000610351562,24679,0.0,0.0
2023-08-31 12:30:00-04:00,28.6299991607666,28.700000762939453,28.40999984741211,28.673599243164062,22446,0.0,0.0
2023-08-31 13:30:00-04:00,28.670000076293945,28.8799991607666,28.6299991607666,28.719999313354492,23317,0.0,0.0
2023-08-31 14:30:00-04:00,28.729999542236328,29.09000015258789,28.709999084472656,29.06999969482422,29894,0.0,0.0
2023-08-31 15:30:00-04:00,29.1200008392334,29.200000762939453,28.81999969482422,28.81999969482422,51750,0.0,0.0
2023-09-01 09:30:00-04:00,29.309999465942383,29.959999084472656,28.700000762939453,29.469999313354492,45026,0.0,0.0
2023-09-01 10:30:00-04:00,29.559999465942383,29.920000076293945,29.389999389648438,29.75,18371,0.0,0.0
2023-09-01 11:30:00-04:00,29.729999542236328,29.8700008392334,29.689199447631836,29.829999923706055,12683,0.0,0.0
2023-09-01 12:30:00-04:00,29.799999237060547,30.1200008392334,29.56999969482422,29.799999237060547,24523,0.0,0.0
2023-09-01 13:30:00-04:00,29.770000457763672,29.8799991607666,29.700000762939453,29.700000762939453,22192,0.0,0.0
2023-09-01 14:30:00-04:00,29.719999313354492,29.950000762939453,29.719999313354492,29.860000610351562,22340,0.0,0.0
2023-09-01 15:30:00-04:00,29.889999389648438,30.0,29.690000534057617,29.90999984741211,56464,0.0,0.0
2023-09-05 09:30:00-04:00,29.670000076293945,29.670000076293945,28.079999923706055,28.149999618530273,75629,0.0,0.0
2023-09-05 10:30:00-04:00,28.18000030517578,28.56999969482422,28.1299991607666,28.239999771118164,26115,0.0,0.0
2023-09-05 11:30:00-04:00,28.209999084472656,28.269899368286133,27.65999984741211,27.719999313354492,30017,0.0,0.0
2023-09-05 12:30:00-04:00,27.870100021362305,27.93000030517578,27.472999572753906,27.500099182128906,26440,0.0,0.0
2023-09-05 13:30:00-04:00,27.56999969482422,27.860000610351562,27.459999084472656,27.799999237060547,28989,0.0,0.0
2023-09-05 14:30:00-04:00,27.770000457763672,27.929899215698242,27.610000610351562,27.799999237060547,43235,0.0,0.0
2023-09-05 15:30:00-04:00,27.81999969482422,27.940000534057617,27.690000534057617,27.795000076293945,67249,0.0,0.0
2023-09-06 09:30:00-04:00,27.770000457763672,28.476600646972656,27.67919921875,27.809999465942383,26322,0.0,0.0
2023-09-06 10:30:00-04:00,27.85099983215332,28.149999618530273,27.68000030517578,27.847200393676758,16666,0.0,0.0
2023-09-06 11:30:00-04:00,27.75,27.989999771118164,27.690000534057617,27.809999465942383,11915,0.0,0.0
2023-09-06 12:30:00-04:00,27.799999237060547,27.860000610351562,27.690000534057617,27.860000610351562,8038,0.0,0.0
2023-09-06 13:30:00-04:00,27.93000030517578,28.139999389648438,27.889999389648438,28.06999969482422,11451,0.0,0.0
2023-09-06 14:30:00-04:00,28.049999237060547,28.170000076293945,27.959999084472656,27.96500015258789,13325,0.0,0.0
2023-09-06 15:30:00-04:00,28.010000228881836,28.010000228881836,27.809999465942383,27.829999923706055,35300,0.0,0.0
2023-09-07 09:30:00-04:00,27.739999771118164,28.18790054321289,27.5049991607666,27.854999542236328,15654,0.0,0.0
2023-09-07 10:30:00-04:00,27.7549991607666,28.09000015258789,27.7549991607666,27.969999313354492,8619,0.0,0.0
2023-09-07 11:30:00-04:00,27.90999984741211,28.030000686645508,27.760000228881836,28.014999389648438,8131,0.0,0.0
2023-09-07 12:30:00-04:00,28.07990074157715,28.15999984741211,27.969999313354492,28.079999923706055,6333,0.0,0.0
2023-09-07 13:30:00-04:00,28.059999465942383,28.239999771118164,28.0049991607666,28.1564998626709,13599,0.0,0.0
2023-09-07 14:30:00-04:00,28.100000381469727,28.260000228881836,28.030000686645508,28.170000076293945,14036,0.0,0.0
2023-09-07 15:30:00-04:00,28.100000381469727,28.100000381469727,27.93000030517578,27.959999084472656,28374,0.0,0.0
2023-09-08 09:30:00-04:00,27.809999465942383,28.114999771118164,27.635000228881836,28.010000228881836,5589,0.0,0.0
2023-09-08 10:30:00-04:00,28.049999237060547,28.049999237060547,27.700000762939453,27.795000076293945,6281,0.0,0.0
2023-09-08 11:30:00-04:00,27.954999923706055,28.062000274658203,27.760000228881836,27.760000228881836,6181,0.0,0.0
2023-09-08 12:30:00-04:00,27.729999542236328,27.82270050048828,27.56999969482422,27.655000686645508,6216,0.0,0.0
2023-09-08 13:30:00-04:00,27.725000381469727,27.725000381469727,27.360000610351562,27.450000762939453,9047,0.0,0.0
2023-09-08 14:30:00-04:00,27.450000762939453,27.59000015258789,27.450000762939453,27.540000915527344,7575,0.0,0.0
2023-09-08 15:30:00-04:00,27.540000915527344,27.540000915527344,27.25,27.280000686645508,24167,0.0,0.0
2023-09-11 09:30:00-04:00,27.850000381469727,28.950000762939453,27.764999389648438,28.700000762939453,58414,0.0,0.0
2023-09-11 10:30:00-04:00,28.559999465942383,28.709999084472656,28.290000915527344,28.420000076293945,36952,0.0,0.0
2023-09-11 11:30:00-04:00,28.40999984741211,28.420000076293945,28.190000534057617,28.3799991607666,16499,0.0,0.0
2023-09-11 12:30:00-04:00,28.415000915527344,28.594999313354492,28.270000457763672,28.510000228881836,28179,0.0,0.0
2023-09-11 13:30:00-04:00,28.540000915527344,28.56999969482422,28.290000915527344,28.3799991607666,62186,0.0,0.0
2023-09-11 14:30:00-04:00,28.3700008392334,28.420000076293945,28.110300064086914,28.329999923706055,31377,0.0,0.0
2023-09-11 15:30:00-04:00,28.34000015258789,28.405000686645508,28.100000381469727,28.1200008392334,48589,0.0,0.0
2023-09-12 09:30:00-04:00,27.860000610351562,28.25,27.700000762939453,27.8799991607666,31209,0.0,0.0
2023-09-12 10:30:00-04:00,27.899999618530273,27.899999618530273,27.139999389648438,27.3799991607666,24783,0.0,0.0
2023-09-12 11:30:00-04:00,27.56999969482422,27.6299991607666,27.34000015258789,27.360000610351562,10780,0.0,0.0
2023-09-12 12:30:00-04:00,27.395599365234375,27.530000686645508,27.395599365234375,27.440000534057617,13337,0.0,0.0
2023-09-12 13:30:00-04:00,27.440000534057617,27.530000686645508,27.09000015258789,27.139999389648438,13367,0.0,0.0
2023-09-12 14:30:00-04:00,27.200000762939453,27.25,26.920000076293945,26.920000076293945,17697,0.0,0.0
2023-09-12 15:30:00-04:00,26.9375,27.09000015258789,26.780000686645508,26.799999237060547,56351,0.0,0.0
2023-09-13 09:30:00-04:00,26.65999984741211,26.940000534057617,25.5,26.18000030517578,54882,0.0,0.0
2023-09-13 10:30:00-04:00,26.209999084472656,26.219999313354492,25.989999771118164,26.100000381469727,23693,0.0,0.0
2023-09-13 11:30:00-04:00,26.040000915527344,26.239999771118164,25.889999389648438,26.045000076293945,16619,0.0,0.0
2023-09-13 12:30:00-04:00,26.040000915527344,26.1299991607666,25.93000030517578,26.09779930114746,18654,0.0,0.0
2023-09-13 13:30:00-04:00,26.155000686645508,26.33989906311035,26.06999969482422,26.1299991607666,19236,0.0,0.0
2023-09-13 14:30:00-04:00,26.139999389648438,26.17530059814453,25.81999969482422,26.05500030517578,29564,0.0,0.0
2023-09-13 15:30:00-04:00,26.100000381469727,26.190000534057617,26.010000228881836,26.010000228881836,49463,0.0,0.0
2023-09-14 09:30:00-04:00,26.100000381469727,26.594999313354492,26.100000381469727,26.337499618530273,22475,0.0,0.0
2023-09-14 10:30:00-04:00,26.420000076293945,26.459999084472656,26.1200008392334,26.1200008392334,25086,0.0,0.0
2023-09-14 11:30:00-04:00,26.100000381469727,26.100000381469727,25.870100021362305,25.889999389648438,13792,0.0,0.0
2023-09-14 12:30:00-04:00,25.8700008392334,25.96500015258789,25.784299850463867,25.8799991607666,11503,0.0,0.0
2023-09-14 13:30:00-04:00,25.829999923706055,25.93000030517578,25.760000228881836,25.860000610351562,15237,0.0,0.0
2023-09-14 14:30:00-04:00,25.84000015258789,26.010000228881836,25.719999313354492,25.719999313354492,22289,0.0,0.0
2023-09-14 15:30:00-04:00,25.751399993896484,25.80500030517578,25.655000686645508,25.780000686645508,46177,0.0,0.0
2023-09-15 09:30:00-04:00,25.329999923706055,25.514999389648438,24.466299057006836,24.549999237060547,77304,0.0,0.0
2023-09-15 10:30:00-04:00,24.604999542236328,25.079999923706055,24.25,24.31999969482422,54948,0.0,0.0
2023-09-15 11:30:00-04:00,24.25,24.670000076293945,24.15999984741211,24.670000076293945,29436,0.0,0.0
2023-09-15 12:30:00-04:00,24.68000030517578,24.75,24.06999969482422,24.18000030517578,67480,0.0,0.0
2023-09-15 13:30:00-04:00,24.15999984741211,24.290000915527344,23.81999969482422,24.209999084472656,69548,0.0,0.0
2023-09-15 14:30:00-04:00,24.18000030517578,24.40999984741211,24.065000534057617,24.145000457763672,59108,0.0,0.0
2023-09-15 15:30:00-04:00,24.149999618530273,24.252500534057617,23.81999969482422,24.014999389648438,192786,0.0,0.0
2023-09-18 09:30:00-04:00,23.649999618530273,23.989999771118164,23.020000457763672,23.979999542236328,89646,0.0,0.0
2023-09-18 10:30:00-04:00,23.84000015258789,23.889999389648438,23.650100708007812,23.69499969482422,19107,0.0,0.0
2023-09-18 11:30:00-04:00,23.729999542236328,23.829999923706055,23.579999923706055,23.6299991607666,14115,0.0,0.0
2023-09-18 12:30:00-04:00,23.635000228881836,23.635000228881836,23.360000610351562,23.485000610351562,32545,0.0,0.0
2023-09-18 13:30:00-04:00,23.489999771118164,23.65999984741211,23.440000534057617,23.469999313354492,30710,0.0,0.0
2023-09-18 14:30:00-04:00,23.450000762939453,23.625,23.3799991607666,23.600000381469727,38972,0.0,0.0
2023-09-18 15:30:00-04:00,23.600000381469727,23.739999771118164,23.59000015258789,23.600000381469727,68021,0.0,0.0
2023-09-19 09:30:00-04:00,23.530000686645508,24.09000015258789,23.190000534057617,23.785499572753906,73245,0.0,0.0
2023-09-19 10:30:00-04:00,23.75,23.8799991607666,23.6299991607666,23.760000228881836,23450,0.0,0.0
2023-09-19 11:30:00-04:00,23.700000762939453,23.93000030517578,23.6299991607666,23.6299991607666,29355,0.0,0.0
2023-09-19 12:30:00-04:00,23.65999984741211,23.719999313354492,23.56999969482422,23.709999084472656,17164,0.0,0.0
2023-09-19 13:30:00-04:00,23.709999084472656,24.020000457763672,23.690000534057617,23.920000076293945,15853,0.0,0.0
2023-09-19 14:30:00-04:00,23.94499969482422,24.099000930786133,23.8700008392334,23.96500015258789,16900,0.0,0.0
2023-09-19 15:30:00-04:00,23.969999313354492,23.989999771118164,23.68000030517578,23.729999542236328,71111,0.0,0.0
2023-09-20 09:30:00-04:00,23.68000030517578,24.549999237060547,23.510000228881836,24.275999069213867,32803,0.0,0.0
2023-09-20 10:30:00-04:00,24.270000457763672,24.280000686645508,23.719999313354492,23.93000030517578,28357,0.0,0.0
2023-09-20 11:30:00-04:00,23.989999771118164,24.079999923706055,23.920000076293945,24.011600494384766,12056,0.0,0.0
2023-09-20 12:30:00-04:00,24.040000915527344,24.040000915527344,23.78660011291504,23.825000762939453,10160,0.0,0.0
2023-09-20 13:30:00-04:00,23.780000686645508,23.854000091552734,23.5,23.854000091552734,16559,0.0,0.0
2023-09-20 14:30:00-04:00,23.739999771118164,23.959999084472656,23.315000534057617,23.329999923706055,24525,0.0,0.0
2023-09-20 15:30:00-04:00,23.385000228881836,23.389999389648438,23.209999084472656,23.360000610351562,72377,0.0,0.0
2023-09-21 09:30:00-04:00,22.770000457763672,22.989999771118164,22.25,22.469999313354492,53266,0.0,0.0
2023-09-21 10:30:00-04:00,22.399999618530273,22.709999084472656,22.3799991607666,22.43000030517578,24456,0.0,0.0
2023-09-21 11:30:00-04:00,22.454999923706055,22.65250015258789,22.299999237060547,22.31999969482422,17817,0.0,0.0
2023-09-21 12:30:00-04:00,22.389999389648438,22.399999618530273,22.060100555419922,22.399999618530273,51177,0.0,0.0
2023-09-21 13:30:00-04:00,22.350000381469727,22.559999465942383,22.350000381469727,22.520000457763672,21711,0.0,0.0
2023-09-21 14:30:00-04:00,22.469999313354492,22.479999542236328,22.18000030517578,22.229999542236328,35621,0.0,0.0
2023-09-21 15:30:00-04:00,22.25,22.260000228881836,22.079999923706055,22.139999389648438,35613,0.0,0.0
2023-09-22 09:30:00-04:00,22.43000030517578,22.6299991607666,22.239999771118164,22.25,30065,0.0,0.0
2023-09-22 10:30:00-04:00,22.3700008392334,22.520000457763672,22.18000030517578,22.225000381469727,27258,0.0,0.0
2023-09-22 11:30:00-04:00,22.225000381469727,22.34000015258789,22.09000015258789,22.315000534057617,16672,0.0,0.0
2023-09-22 12:30:00-04:00,22.334999084472656,22.510000228881836,22.260000228881836,22.290000915527344,37708,0.0,0.0
2023-09-22 13:30:00-04:00,22.290000915527344,22.290000915527344,21.940000534057617,22.045000076293945,38965,0.0,0.0
2023-09-22 14:30:00-04:00,22.05500030517578,22.530000686645508,22.030000686645508,22.440000534057617,23551,0.0,0.0
2023-09-22 15:30:00-04:00,22.459999084472656,22.479999542236328,22.239999771118164,22.329999923706055,36135,0.0,0.0
2023-09-25 09:30:00-04:00,22.049999237060547,22.549999237060547,22.049999237060547,22.389999389648438,17550,0.0,0.0
2023-09-25 10:30:00-04:00,22.3799991607666,22.65999984741211,22.299999237060547,22.65999984741211,10645,0.0,0.0
2023-09-25 11:30:00-04:00,22.6200008392334,22.65999984741211,22.530000686645508,22.600000381469727,8645,0.0,0.0
2023-09-25 12:30:00-04:00,22.5575008392334,22.600000381469727,22.350000381469727,22.399999618530273,15508,0.0,0.0
2023-09-25 13:30:00-04:00,22.399999618530273,22.47249984741211,22.290000915527344,22.34000015258789,14191,0.0,0.0
2023-09-25 14:30:00-04:00,22.334999084472656,22.399900436401367,22.229999542236328,22.329999923706055,14063,0.0,0.0
2023-09-25 15:30:00-04:00,22.299999237060547,22.394100189208984,22.260000228881836,22.34000015258789,30063,0.0,0.0
2023-09-26 09:30:00-04:00,22.25,22.479999542236328,22.030000686645508,22.270000457763672,29196,0.0,0.0
2023-09-26 10:30:00-04:00,22.309999465942383,22.39299964904785,22.1299991607666,22.15999984741211,9601,0.0,0.0
2023-09-26 11:30:00-04:00,22.219999313354492,22.315000534057617,22.110000610351562,22.190000534057617,14755,0.0,0.0
2023-09-26 12:30:00-04:00,22.184999465942383,22.3700008392334,22.110000610351562,22.25,47622,0.0,0.0
2023-09-26 13:30:00-04:00,22.219999313354492,22.350000381469727,22.209999084472656,22.2549991607666,14331,0.0,0.0
2023-09-26 14:30:00-04:00,22.264999389648438,22.309999465942383,22.165000915527344,22.200000762939453,27398,0.0,0.0
2023-09-26 15:30:00-04:00,22.19499969482422,22.239999771118164,22.049999237060547,22.149999618530273,38525,0.0,0.0
2023-09-27 09:30:00-04:00,22.360000610351562,22.56999969482422,22.079999923706055,22.3700008392334,24546,0.0,0.0
2023-09-27 10:30:00-04:00,22.380300521850586,22.385000228881836,22.070100784301758,22.200000762939453,26395,0.0,0.0
2023-09-27 11:30:00-04:00,22.184999465942383,22.34000015258789,22.09000015258789,22.1299991607666,30606,0.0,0.0
2023-09-27 12:30:00-04:00,22.1299991607666,22.290000915527344,22.1200008392334,22.18000030517578,13174,0.0,0.0
2023-09-27 13:30:00-04:00,22.239999771118164,22.239999771118164,22.079999923706055,22.239999771118164,19349,0.0,0.0
2023-09-27 14:30:00-04:00,22.25,22.540000915527344,22.25,22.31999969482422,59929,0.0,0.0
2023-09-27 15:30:00-04:00,22.31999969482422,22.384000778198242,22.260000228881836,22.34000015258789,31096,0.0,0.0
2023-09-28 09:30:00-04:00,22.260000228881836,22.510000228881836,22.139999389648438,22.3799991607666,57435,0.0,0.0
2023-09-28 10:30:00-04:00,22.389999389648438,22.610000610351562,22.36199951171875,22.610000610351562,38045,0.0,0.0
2023-09-28 11:30:00-04:00,22.635000228881836,22.639999389648438,22.40999984741211,22.625,15221,0.0,0.0
2023-09-28 12:30:00-04:00,22.6200008392334,22.6299991607666,22.43000030517578,22.489999771118164,17327,0.0,0.0
2023-09-28 13:30:00-04:00,22.454999923706055,22.540000915527344,22.3799991607666,22.5,11863,0.0,0.0
2023-09-28 14:30:00-04:00,22.489999771118164,22.5,22.34000015258789,22.479999542236328,12518,0.0,0.0
2023-09-28 15:30:00-04:00,22.5,22.5,22.329999923706055,22.389999389648438,32701,0.0,0.0
2023-09-29 09:30:00-04:00,22.649999618530273,22.989999771118164,22.270000457763672,22.43000030517578,66015,0.0,0.0
2023-09-29 10:30:00-04:00,22.450000762939453,22.559999465942383,22.27750015258789,22.405000686645508,33752,0.0,0.0
2023-09-29 11:30:00-04:00,22.3700008392334,22.440000534057617,22.309999465942383,22.3799991607666,20939,0.0,0.0
2023-09-29 12:30:00-04:00,22.3799991607666,22.40999984741211,22.250099182128906,22.385000228881836,25333,0.0,0.0
2023-09-29 13:30:00-04:00,22.385000228881836,22.40999984741211,21.940000534057617,22.139999389648438,121458,0.0,0.0
2023-09-29 14:30:00-04:00,22.139999389648438,22.31999969482422,22.049999237060547,22.190000534057617,97958,0.0,0.0
2023-09-29 15:30:00-04:00,22.190000534057617,22.260000228881836,22.12700080871582,22.25,70602,0.0,0.0
2023-10-02 09:30:00-04:00,22.0,22.55500030517578,22.0,22.28499984741211,39031,0.0,0.0
2023-10-02 10:30:00-04:00,22.260000228881836,22.32990074157715,22.049999237060547,22.219999313354492,79762,0.0,0.0
2023-10-02 11:30:00-04:00,22.15999984741211,22.280000686645508,21.809999465942383,21.809999465942383,62235,0.0,0.0
2023-10-02 12:30:00-04:00,21.920000076293945,22.1200008392334,21.860000610351562,22.020000457763672,33313,0.0,0.0
2023-10-02 13:30:00-04:00,22.079999923706055,22.139999389648438,21.829999923706055,21.829999923706055,28608,0.0,0.0
2023-10-02 14:30:00-04:00,21.84000015258789,21.989999771118164,21.790000915527344,21.8799991607666,61443,0.0,0.0
2023-10-02 15:30:00-04:00,21.860000610351562,22.010000228881836,21.829999923706055,21.959999084472656,45064,0.0,0.0
2023-10-03 09:30:00-04:00,21.75,21.920000076293945,21.25,21.360000610351562,37089,0.0,0.0
2023-10-03 10:30:00-04:00,21.360000610351562,21.479999542236328,20.81999969482422,21.049999237060547,64762,0.0,0.0
2023-10-03 11:30:00-04:00,21.020000457763672,21.079999923706055,20.8799991607666,20.90999984741211,11715,0.0,0.0
2023-10-03 12:30:00-04:00,20.96500015258789,21.0,20.709999084472656,20.795000076293945,21167,0.0,0.0
2023-10-03 13:30:00-04:00,20.799999237060547,20.799999237060547,20.540000915527344,20.693300247192383,31966,0.0,0.0
2023-10-03 14:30:00-04:00,20.68000030517578,20.790000915527344,20.530000686645508,20.6200008392334,29816,0.0,0.0
2023-10-03 15:30:00-04:00,20.6200008392334,20.702499389648438,20.520000457763672,20.670000076293945,68901,0.0,0.0
2023-10-04 09:30:00-04:00,20.8799991607666,21.290000915527344,20.610000610351562,20.850000381469727,26288,0.0,0.0
2023-10-04 10:30:00-04:00,20.8799991607666,21.06999969482422,20.79490089416504,20.969999313354492,35629,0.0,0.0
2023-10-04 11:30:00-04:00,21.0,21.260000228881836,20.989999771118164,21.003599166870117,31334,0.0,0.0
2023-10-04 12:30:00-04:00,21.059999465942383,21.079999923706055,20.979999542236328,21.0,17809,0.0,0.0
2023-10-04 13:30:00-04:00,21.0,21.040000915527344,20.920000076293945,20.969999313354492,25166,0.0,0.0
2023-10-04 14:30:00-04:00,20.989999771118164,21.010000228881836,20.920000076293945,20.979999542236328,15258,0.0,0.0
2023-10-04 15:30:00-04:00,20.950000762939453,21.079999923706055,20.90999984741211,20.940000534057617,49751,0.0,0.0
2023-10-05 09:30:00-04:00,20.81999969482422,21.209999084472656,20.799999237060547,20.940000534057617,25927,0.0,0.0
2023-10-05 10:30:00-04:00,20.934999465942383,21.030000686645508,20.799999237060547,21.0,27143,0.0,0.0
2023-10-05 11:30:00-04:00,21.0,21.06999969482422,20.93549919128418,20.985000610351562,26691,0.0,0.0
2023-10-05 12:30:00-04:00,21.010000228881836,21.079999923706055,20.969999313354492,21.0049991607666,22086,0.0,0.0
2023-10-05 13:30:00-04:00,21.0049991607666,21.209999084472656,21.0,21.125,37764,0.0,0.0
2023-10-05 14:30:00-04:00,21.135000228881836,21.309999465942383,21.135000228881836,21.200000762939453,30608,0.0,0.0
2023-10-05 15:30:00-04:00,21.19499969482422,21.3700008392334,21.110000610351562,21.170000076293945,100671,0.0,0.0
2023-10-06 09:30:00-04:00,20.739999771118164,21.030000686645508,20.565000534057617,20.75,31225,0.0,0.0
2023-10-06 10:30:00-04:00,20.722999572753906,20.895000457763672,20.6299991607666,20.895000457763672,36824,0.0,0.0
2023-10-06 11:30:00-04:00,20.975000381469727,21.239999771118164,20.975000381469727,21.239999771118164,51729,0.0,0.0
2023-10-06 12:30:00-04:00,21.235000610351562,21.510000228881836,21.200000762939453,21.450000762939453,44351,0.0,0.0
2023-10-06 13:30:00-04:00,21.434999465942383,21.6299991607666,21.360000610351562,21.594999313354492,20212,0.0,0.0
2023-10-06 14:30:00-04:00,21.594999313354492,21.639999389648438,21.399999618530273,21.56999969482422,26540,0.0,0.0
2023-10-06 15:30:00-04:00,21.6200008392334,21.690000534057617,21.56999969482422,21.68000030517578,65156,0.0,0.0
2023-10-09 09:30:00-04:00,21.760000228881836,21.760000228881836,21.05190086364746,21.5,40214,0.0,0.0
2023-10-09 10:30:00-04:00,21.530000686645508,21.579999923706055,21.34000015258789,21.43000030517578,18098,0.0,0.0
2023-10-09 11:30:00-04:00,21.5,21.594999313354492,21.362499237060547,21.3799991607666,10932,0.0,0.0
2023-10-09 12:30:00-04:00,21.3700008392334,21.389999389648438,21.290000915527344,21.360000610351562,9133,0.0,0.0
2023-10-09 13:30:00-04:00,21.3700008392334,21.6200008392334,21.3700008392334,21.600000381469727,42138,0.0,0.0
2023-10-09 14:30:00-04:00,21.59000015258789,21.65999984741211,21.424999237060547,21.520000457763672,54692,0.0,0.0
2023-10-09 15:30:00-04:00,21.503799438476562,21.59000015258789,21.399999618530273,21.559999465942383,74706,0.0,0.0
2023-10-10 09:30:00-04:00,21.469999313354492,22.151100158691406,21.469999313354492,22.125,33516,0.0,0.0
2023-10-10 10:30:00-04:00,22.134899139404297,22.270000457763672,21.895000457763672,21.985000610351562,56301,0.0,0.0
2023-10-10 11:30:00-04:00,21.920000076293945,22.06999969482422,21.889999389648438,22.0,23427,0.0,0.0
2023-10-10 12:30:00-04:00,22.059999465942383,22.065000534057617,21.799999237060547,21.870100021362305,11269,0.0,0.0
2023-10-10 13:30:00-04:00,21.899999618530273,22.010000228881836,21.860000610351562,21.989999771118164,17273,0.0,0.0
2023-10-10 14:30:00-04:00,21.959999084472656,21.979999542236328,21.690000534057617,21.704999923706055,33371,0.0,0.0
2023-10-10 15:30:00-04:00,21.690000534057617,21.790000915527344,21.559999465942383,21.559999465942383,46239,0.0,0.0
2023-10-11 09:30:00-04:00,21.639999389648438,22.143400192260742,21.310100555419922,21.40999984741211,44258,0.0,0.0
2023-10-11 10:30:00-04:00,21.40999984741211,21.549999237060547,21.190000534057617,21.295000076293945,33881,0.0,0.0
2023-10-11 11:30:00-04:00,21.295000076293945,21.350000381469727,21.15999984741211,21.174999237060547,13193,0.0,0.0
2023-10-11 12:30:00-04:00,21.190000534057617,21.209999084472656,20.959999084472656,21.176000595092773,25701,0.0,0.0
2023-10-11 13:30:00-04:00,21.170000076293945,21.479999542236328,21.010000228881836,21.469999313354492,58011,0.0,0.0
2023-10-11 14:30:00-04:00,21.469999313354492,21.809999465942383,21.465499877929688,21.770000457763672,34792,0.0,0.0
2023-10-11 15:30:00-04:00,21.799999237060547,21.81999969482422,21.579999923706055,21.59000015258789,90174,0.0,0.0
2023-10-12 09:30:00-04:00,21.540000915527344,21.540000915527344,20.739999771118164,21.0,33107,0.0,0.0
2023-10-12 10:30:00-04:00,20.924999237060547,21.079999923706055,20.809999465942383,21.0,15237,0.0,0.0
2023-10-12 11:30:00-04:00,21.0049991607666,21.075000762939453,20.81999969482422,20.920000076293945,12607,0.0,0.0
2023-10-12 12:30:00-04:00,20.969999313354492,20.969999313354492,20.670000076293945,20.674999237060547,74746,0.0,0.0
2023-10-12 13:30:00-04:00,20.65999984741211,20.84000015258789,20.65999984741211,20.799999237060547,25418,0.0,0.0
2023-10-12 14:30:00-04:00,20.81999969482422,20.8700008392334,20.75,20.850000381469727,31712,0.0,0.0
2023-10-12 15:30:00-04:00,20.829999923706055,20.850000381469727,20.6200008392334,20.68000030517578,60971,0.0,0.0
2023-10-13 09:30:00-04:00,20.799999237060547,20.985000610351562,20.6200008392334,20.790000915527344,10755,0.0,0.0
2023-10-13 10:30:00-04:00,20.819000244140625,20.844999313354492,20.600000381469727,20.6299991607666,10713,0.0,0.0
2023-10-13 11:30:00-04:00,20.639999389648438,20.979999542236328,20.639999389648438,20.979999542236328,10439,0.0,0.0
2023-10-13 12:30:00-04:00,20.985000610351562,21.010000228881836,20.81999969482422,20.829999923706055,22561,0.0,0.0
2023-10-13 13:30:00-04:00,20.790000915527344,21.049999237060547,20.790000915527344,20.989999771118164,13265,0.0,0.0
2023-10-13 14:30:00-04:00,21.020000457763672,21.030000686645508,20.860000610351562,20.989999771118164,22808,0.0,0.0
2023-10-13 15:30:00-04:00,20.99799919128418,21.0,20.864999771118164,20.940000534057617,36191,0.0,0.0
2023-10-16 09:30:00-04:00,20.899999618530273,21.09000015258789,20.610000610351562,20.8799991607666,54707,0.0,0.0
2023-10-16 10:30:00-04:00,20.81999969482422,20.90999984741211,20.78499984741211,20.8700008392334,24288,0.0,0.0
2023-10-16 11:30:00-04:00,20.8700008392334,21.030000686645508,20.8700008392334,21.030000686645508,24238,0.0,0.0
2023-10-16 12:30:00-04:00,21.010000228881836,21.030000686645508,20.899999618530273,20.950000762939453,18738,0.0,0.0
2023-10-16 13:30:00-04:00,20.950000762939453,21.049999237060547,20.950000762939453,21.020000457763672,20991,0.0,0.0
2023-10-16 14:30:00-04:00,21.049999237060547,21.06999969482422,20.899999618530273,20.950000762939453,20635,0.0,0.0
2023-10-16 15:30:00-04:00,20.940000534057617,21.049999237060547,20.899999618530273,21.020000457763672,65804,0.0,0.0
2023-10-17 09:30:00-04:00,20.739999771118164,21.239900588989258,20.739999771118164,20.950000762939453,23610,0.0,0.0
2023-10-17 10:30:00-04:00,20.950000762939453,20.989999771118164,20.65999984741211,20.78499984741211,47720,0.0,0.0
2023-10-17 11:30:00-04:00,20.84000015258789,21.049999237060547,20.829999923706055,21.049999237060547,30578,0.0,0.0
2023-10-17 12:30:00-04:00,21.06999969482422,21.15999984741211,20.649999618530273,21.100000381469727,105804,0.0,0.0
2023-10-17 13:30:00-04:00,21.1299991607666,21.200000762939453,20.929100036621094,21.0,30239,0.0,0.0
2023-10-17 14:30:00-04:00,21.0,21.040000915527344,20.889999389648438,20.979999542236328,45203,0.0,0.0
2023-10-17 15:30:00-04:00,20.979999542236328,21.100000381469727,20.84000015258789,20.899999618530273,118002,0.0,0.0
2023-10-18 09:30:00-04:00,20.610000610351562,20.84000015258789,20.030000686645508,20.399999618530273,54858,0.0,0.0
2023-10-18 10:30:00-04:00,20.440000534057617,20.540000915527344,20.170000076293945,20.239999771118164,54506,0.0,0.0
2023-10-18 11:30:00-04:00,20.239999771118164,20.2450008392334,19.860000610351562,19.959999084472656,31758,0.0,0.0
2023-10-18 12:30:00-04:00,19.93000030517578,20.059999465942383,19.8799991607666,19.90999984741211,27037,0.0,0.0
2023-10-18 13:30:00-04:00,19.90999984741211,19.90999984741211,19.719999313354492,19.760000228881836,19485,0.0,0.0
2023-10-18 14:30:00-04:00,19.780000686645508,19.780000686645508,19.6200008392334,19.731800079345703,27299,0.0,0.0
2023-10-18 15:30:00-04:00,19.75,19.770000457763672,19.489999771118164,19.489999771118164,69106,0.0,0.0
2023-10-19 09:30:00-04:00,19.43000030517578,19.56999969482422,19.1299991607666,19.155000686645508,80455,0.0,0.0
2023-10-19 10:30:00-04:00,19.100000381469727,19.420000076293945,19.040000915527344,19.420000076293945,33873,0.0,0.0
2023-10-19 11:30:00-04:00,19.420000076293945,19.540000915527344,19.290000915527344,19.299999237060547,70084,0.0,0.0
2023-10-19 12:30:00-04:00,19.300100326538086,19.510000228881836,19.139999389648438,19.350000381469727,38703,0.0,0.0
2023-10-19 13:30:00-04:00,19.3799991607666,19.395000457763672,19.18000030517578,19.18000030517578,29359,0.0,0.0
2023-10-19 14:30:00-04:00,19.139999389648438,19.149999618530273,18.8799991607666,18.895000457763672,42427,0.0,0.0
2023-10-19 15:30:00-04:00,18.895000457763672,18.989999771118164,18.84000015258789,18.940000534057617,73699,0.0,0.0
2023-10-20 09:30:00-04:00,19.040000915527344,19.25,18.84000015258789,18.889999389648438,52351,0.0,0.0
2023-10-20 10:30:00-04:00,18.860000610351562,18.920000076293945,18.690000534057617,18.780000686645508,26699,0.0,0.0
2023-10-20 11:30:00-04:00,18.780000686645508,19.0049991607666,18.764999389648438,18.915000915527344,55324,0.0,0.0
2023-10-20 12:30:00-04:00,18.920000076293945,18.989999771118164,18.84000015258789,18.905000686645508,35022,0.0,0.0
2023-10-20 13:30:00-04:00,18.93000030517578,18.950000762939453,18.739999771118164,18.7450008392334,28067,0.0,0.0
2023-10-20 14:30:00-04:00,18.739999771118164,18.780000686645508,18.649999618530273,18.65999984741211,34745,0.0,0.0
2023-10-20 15:30:00-04:00,18.670000076293945,18.739999771118164,18.56999969482422,18.56999969482422,65544,0.0,0.0
2023-10-23 09:30:00-04:00,18.549999237060547,18.94499969482422,18.549999237060547,18.787500381469727,44831,0.0,0.0
2023-10-23 10:30:00-04:00,18.809999465942383,18.969999313354492,18.649999618530273,18.969999313354492,28045,0.0,0.0
2023-10-23 11:30:00-04:00,18.940000534057617,19.079999923706055,18.860000610351562,19.065000534057617,43932,0.0,0.0
2023-10-23 12:30:00-04:00,19.065000534057617,19.09000015258789,18.899999618530273,18.940000534057617,46229,0.0,0.0
2023-10-23 13:30:00-04:00,18.950000762939453,19.084999084472656,18.920000076293945,18.985000610351562,44253,0.0,0.0
2023-10-23 14:30:00-04:00,18.979999542236328,19.204999923706055,18.979999542236328,19.020000457763672,54995,0.0,0.0
2023-10-23 15:30:00-04:00,19.040000915527344,19.079999923706055,18.979999542236328,18.989999771118164,80252,0.0,0.0
2023-10-24 09:30:00-04:00,19.25,19.639999389648438,19.099599838256836,19.139999389648438,16666,0.0,0.0
2023-10-24 10:30:00-04:00,19.25,19.479999542236328,19.229999542236328,19.354999542236328,23200,0.0,0.0
2023-10-24 11:30:00-04:00,19.420000076293945,19.420000076293945,19.190000534057617,19.219999313354492,10938,0.0,0.0
2023-10-24 12:30:00-04:00,19.229999542236328,19.34000015258789,19.200000762939453,19.25,10090,0.0,0.0
2023-10-24 13:30:00-04:00,19.239999771118164,19.31999969482422,19.15999984741211,19.31999969482422,12843,0.0,0.0
2023-10-24 14:30:00-04:00,19.31999969482422,19.436399459838867,19.280000686645508,19.385000228881836,17082,0.0,0.0
2023-10-24 15:30:00-04:00,19.360000610351562,19.389999389648438,19.219999313354492,19.270000457763672,37025,0.0,0.0
2023-10-25 09:30:00-04:00,19.0,19.084999084472656,18.75,18.809900283813477,12626,0.0,0.0
2023-10-25 10:30:00-04:00,18.799999237060547,19.110000610351562,18.799999237060547,19.059999465942383,17814,0.0,0.0
2023-10-25 11:30:00-04:00,19.0,19.059999465942383,18.920000076293945,19.030000686645508,14008,0.0,0.0
2023-10-25 12:30:00-04:00,19.06999969482422,19.09000015258789,18.940000534057617,18.959999084472656,11261,0.0,0.0
2023-10-25 13:30:00-04:00,19.0,19.100000381469727,18.975000381469727,18.995100021362305,16754,0.0,0.0
2023-10-25 14:30:00-04:00,18.9950008392334,18.9950008392334,18.860000610351562,18.889999389648438,29054,0.0,0.0
2023-10-25 15:30:00-04:00,18.8799991607666,18.920000076293945,18.739999771118164,18.760000228881836,49632,0.0,0.0
2023-10-26 09:30:00-04:00,18.90999984741211,18.989999771118164,18.600000381469727,18.81999969482422,20577,0.0,0.0
2023-10-26 10:30:00-04:00,18.809999465942383,18.920000076293945,18.540000915527344,18.700000762939453,39980,0.0,0.0
2023-10-26 11:30:00-04:00,18.68000030517578,18.719999313354492,18.34000015258789,18.360000610351562,19259,0.0,0.0
2023-10-26 12:30:00-04:00,18.449899673461914,18.520000457763672,18.290000915527344,18.46500015258789,25615,0.0,0.0
2023-10-26 13:30:00-04:00,18.420000076293945,18.809999465942383,18.40999984741211,18.809999465942383,40854,0.0,0.0
2023-10-26 14:30:00-04:00,18.80500030517578,18.90999984741211,18.739999771118164,18.795000076293945,34849,0.0,0.0
2023-10-26 15:30:00-04:00,18.774999618530273,18.80500030517578,18.6200008392334,18.6299991607666,95062,0.0,0.0
2023-10-27 09:30:00-04:00,18.780000686645508,19.09000015258789,18.780000686645508,18.905000686645508,57077,0.0,0.0
2023-10-27 10:30:00-04:00,18.92639923095703,19.128700256347656,18.899999618530273,19.128700256347656,19976,0.0,0.0
2023-10-27 11:30:00-04:00,19.09000015258789,19.420000076293945,18.9325008392334,18.969999313354492,70782,0.0,0.0
2023-10-27 12:30:00-04:00,18.969999313354492,19.069900512695312,18.860000610351562,18.955299377441406,41843,0.0,0.0
2023-10-27 13:30:00-04:00,18.950000762939453,18.989999771118164,18.84000015258789,18.8799991607666,11804,0.0,0.0
2023-10-27 14:30:00-04:00,18.93000030517578,18.959999084472656,18.84000015258789,18.915000915527344,16963,0.0,0.0
2023-10-27 15:30:00-04:00,18.93000030517578,19.15999984741211,18.790000915527344,19.149999618530273,119997,0.0,0.0
2023-10-30 09:30:00-04:00,19.399999618530273,19.725000381469727,19.0,19.0,25396,0.0,0.0
2023-10-30 10:30:00-04:00,18.969999313354492,19.027999877929688,18.860000610351562,18.860000610351562,10790,0.0,0.0
2023-10-30 11:30:00-04:00,18.90999984741211,19.010000228881836,18.760000228881836,18.8700008392334,16166,0.0,0.0
2023-10-30 12:30:00-04:00,18.8700008392334,19.02739906311035,18.81999969482422,19.02739906311035,12158,0.0,0.0
2023-10-30 13:30:00-04:00,19.059999465942383,19.110000610351562,18.993000030517578,18.993000030517578,9150,0.0,0.0
2023-10-30 14:30:00-04:00,18.989999771118164,19.149999618530273,18.950000762939453,19.125,28473,0.0,0.0
2023-10-30 15:30:00-04:00,19.12220001220703,19.12220001220703,19.010000228881836,19.06999969482422,31844,0.0,0.0
2023-10-31 09:30:00-04:00,19.030000686645508,19.549999237060547,18.920000076293945,19.295000076293945,19572,0.0,0.0
2023-10-31 10:30:00-04:00,19.219999313354492,19.600000381469727,19.149999618530273,19.489999771118164,29996,0.0,0.0
2023-10-31 11:30:00-04:00,19.475000381469727,19.509899139404297,19.149999618530273,19.229999542236328,23341,0.0,0.0
2023-10-31 12:30:00-04:00,19.260000228881836,19.65999984741211,19.260000228881836,19.635000228881836,56083,0.0,0.0
2023-10-31 13:30:00-04:00,19.635000228881836,19.770000457763672,19.450000762939453,19.635000228881836,72774,0.0,0.0
2023-10-31 14:30:00-04:00,19.610000610351562,19.829999923706055,19.549999237060547,19.6299991607666,64964,0.0,0.0
2023-10-31 15:30:00-04:00,19.625,19.760000228881836,19.565000534057617,19.690000534057617,143075,0.0,0.0
2023-11-01 09:30:00-04:00,19.559999465942383,19.680999755859375,19.180099487304688,19.680999755859375,17143,0.0,0.0
2023-11-01 10:30:00-04:00,19.68000030517578,20.030000686645508,19.600000381469727,20.0,34987,0.0,0.0
2023-11-01 11:30:00-04:00,19.950000762939453,19.9950008392334,19.81999969482422,19.81999969482422,11897,0.0,0.0
2023-11-01 12:30:00-04:00,19.799999237060547,19.84000015258789,19.559999465942383,19.684999465942383,17714,0.0,0.0
2023-11-01 13:30:00-04:00,19.65999984741211,19.780000686645508,19.479999542236328,19.729999542236328,35580,0.0,0.0
2023-11-01 14:30:00-04:00,19.729999542236328,20.030000686645508,19.59000015258789,19.985000610351562,31634,0.0,0.0
2023-11-01 15:30:00-04:00,19.950000762939453,20.31999969482422,19.940000534057617,20.229999542236328,235205,0.0,0.0
2023-11-02 09:30:00-04:00,21.149999618530273,22.309999465942383,21.149999618530273,21.75,174994,0.0,0.0
2023-11-02 10:30:00-04:00,21.75,21.989999771118164,21.59000015258789,21.81999969482422,99479,0.0,0.0
2023-11-02 11:30:00-04:00,21.815000534057617,21.979999542236328,21.610000610351562,21.899999618530273,57451,0.0,0.0
2023-11-02 12:30:00-04:00,21.899999618530273,22.079999923706055,21.690000534057617,21.760000228881836,62658,0.0,0.0
2023-11-02 13:30:00-04:00,21.799999237060547,21.799999237060547,21.549999237060547,21.69499969482422,54049,0.0,0.0
2023-11-02 14:30:00-04:00,21.69499969482422,21.979999542236328,21.6200008392334,21.920000076293945,61623,0.0,0.0
2023-11-02 15:30:00-04:00,21.93000030517578,21.979999542236328,21.78499984741211,21.850000381469727,131800,0.0,0.0
2023-11-03 09:30:00-04:00,22.479999542236328,23.098800659179688,21.7549991607666,22.68000030517578,116147,0.0,0.0
2023-11-03 10:30:00-04:00,22.65999984741211,22.790000915527344,22.25,22.420000076293945,71045,0.0,0.0
2023-11-03 11:30:00-04:00,22.440000534057617,22.520000457763672,22.229999542236328,22.295000076293945,30685,0.0,0.0
2023-11-03 12:30:00-04:00,22.31999969482422,22.5,22.280000686645508,22.479999542236328,37049,0.0,0.0
2023-11-03 13:30:00-04:00,22.479999542236328,22.790000915527344,22.362499237060547,22.700000762939453,67287,0.0,0.0
2023-11-03 14:30:00-04:00,22.700000762939453,22.860000610351562,22.6299991607666,22.790000915527344,69668,0.0,0.0
2023-11-03 15:30:00-04:00,22.774999618530273,22.774999618530273,22.56999969482422,22.600000381469727,92712,0.0,0.0
2023-11-06 09:30:00-05:00,22.6299991607666,22.889999389648438,22.25,22.56999969482422,83935,0.0,0.0
2023-11-06 10:30:00-05:00,22.610000610351562,22.670000076293945,22.440000534057617,22.450000762939453,35122,0.0,0.0
2023-11-06 11:30:00-05:00,22.399999618530273,22.59000015258789,22.3700008392334,22.5049991607666,33860,0.0,0.0
2023-11-06 12:30:00-05:00,22.5,22.5,22.100000381469727,22.139999389648438,72484,0.0,0.0
2023-11-06 13:30:00-05:00,22.18000030517578,22.290000915527344,22.104000091552734,22.209999084472656,31485,0.0,0.0
2023-11-06 14:30:00-05:00,22.209999084472656,22.360000610351562,22.209999084472656,22.290000915527344,43197,0.0,0.0
2023-11-06 15:30:00-05:00,22.280000686645508,22.280000686645508,22.100000381469727,22.204999923706055,109457,0.0,0.0
2023-11-07 09:30:00-05:00,22.280000686645508,23.0,22.280000686645508,22.850000381469727,23878,0.0,0.0
2023-11-07 10:30:00-05:00,22.809999465942383,22.889999389648438,22.690000534057617,22.764999389648438,41286,0.0,0.0
2023-11-07 11:30:00-05:00,22.75,22.829999923706055,22.579999923706055,22.600000381469727,13546,0.0,0.0
2023-11-07 12:30:00-05:00,22.56999969482422,22.709999084472656,22.559999465942383,22.600000381469727,13919,0.0,0.0
2023-11-07 13:30:00-05:00,22.59000015258789,22.690000534057617,22.559999465942383,22.625,12074,0.0,0.0
2023-11-07 14:30:00-05:00,22.639999389648438,22.739999771118164,22.610000610351562,22.71500015258789,29732,0.0,0.0
2023-11-07 15:30:00-05:00,22.729999542236328,22.924999237060547,22.729999542236328,22.920000076293945,74768,0.0,0.0
2023-11-08 09:30:00-05:00,22.93000030517578,23.0,22.420000076293945,22.579999923706055,36870,0.0,0.0
2023-11-08 10:30:00-05:00,22.55500030517578,22.78499984741211,22.530000686645508,22.600000381469727,17939,0.0,0.0
2023-11-08 11:30:00-05:00,22.6200008392334,22.829999923706055,22.6200008392334,22.68000030517578,10538,0.0,0.0
2023-11-08 12:30:00-05:00,22.670000076293945,22.860000610351562,22.645000457763672,22.825000762939453,12852,0.0,0.0
2023-11-08 13:30:00-05:00,22.809999465942383,22.889999389648438,22.729999542236328,22.829999923706055,25538,0.0,0.0
2023-11-08 14:30:00-05:00,22.8700008392334,22.940000534057617,22.799999237060547,22.84000015258789,17921,0.0,0.0
2023-11-08 15:30:00-05:00,22.860000610351562,23.0,22.739999771118164,22.979999542236328,53840,0.0,0.0
2023-11-09 09:30:00-05:00,23.020000457763672,23.25,22.84000015258789,22.920000076293945,38774,0.0,0.0
2023-11-09 10:30:00-05:00,22.920000076293945,23.1299991607666,22.84000015258789,23.030000686645508,24760,0.0,0.0
2023-11-09 11:30:00-05:00,23.065000534057617,23.299999237060547,23.049999237060547,23.190000534057617,46437,0.0,0.0
2023-11-09 12:30:00-05:00,23.25,23.31999969482422,22.910400390625,22.910400390625,20780,0.0,0.0
2023-11-09 13:30:00-05:00,22.969999313354492,23.0,22.639999389648438,22.700000762939453,15384,0.0,0.0
2023-11-09 14:30:00-05:00,22.729999542236328,22.729999542236328,22.399999618530273,22.459999084472656,25733,0.0,0.0
2023-11-09 15:30:00-05:00,22.489999771118164,22.690000534057617,22.464000701904297,22.649999618530273,53394,0.0,0.0
2023-11-10 09:30:00-05:00,22.790000915527344,23.155000686645508,22.707500457763672,22.950000762939453,69837,0.0,0.0
2023-11-10 10:30:00-05:00,22.934999465942383,23.329999923706055,22.934999465942383,23.229999542236328,32608,0.0,0.0
2023-11-10 11:30:00-05:00,23.229999542236328,23.260000228881836,23.100000381469727,23.18000030517578,35272,0.0,0.0
2023-11-10 12:30:00-05:00,23.200000762939453,23.510000228881836,22.84000015258789,23.190000534057617,88440,0.0,0.0
2023-11-10 13:30:00-05:00,23.21500015258789,23.229999542236328,23.040000915527344,23.139999389648438,43750,0.0,0.0
2023-11-10 14:30:00-05:00,23.149999618530273,23.149999618530273,22.899999618530273,22.969999313354492,31244,0.0,0.0
2023-11-10 15:30:00-05:00,22.969999313354492,23.149999618530273,22.934999465942383,23.139999389648438,67703,0.0,0.0
2023-11-13 09:30:00-05:00,23.010000228881836,23.010000228881836,22.290000915527344,22.68000030517578,47158,0.0,0.0
2023-11-13 10:30:00-05:00,22.729999542236328,22.8700008392334,22.559999465942383,22.8700008392334,16150,0.0,0.0
2023-11-13 11:30:00-05:00,22.84000015258789,22.850000381469727,22.579999923706055,22.579999923706055,12760,0.0,0.0
2023-11-13 12:30:00-05:00,22.56999969482422,22.65999984741211,22.520000457763672,22.58970069885254,15295,0.0,0.0
2023-11-13 13:30:00-05:00,22.6200008392334,22.65999984741211,22.524999618530273,22.549999237060547,13592,0.0,0.0
2023-11-13 14:30:00-05:00,22.56999969482422,22.68000030517578,22.510000228881836,22.559999465942383,30815,0.0,0.0
2023-11-13 15:30:00-05:00,22.540000915527344,22.6299991607666,22.510000228881836,22.610000610351562,29873,0.0,0.0
2023-11-14 09:30:00-05:00,23.739999771118164,24.760000228881836,23.684999465942383,24.489999771118164,106515,0.0,0.0
2023-11-14 10:30:00-05:00,24.5,24.959999084472656,24.5,24.8700008392334,65286,0.0,0.0
2023-11-14 11:30:00-05:00,24.889999389648438,25.049999237060547,24.489999771118164,24.600000381469727,74088,0.0,0.0
2023-11-14 12:30:00-05:00,24.579999923706055,24.610000610351562,24.3799991607666,24.450000762939453,34608,0.0,0.0
2023-11-14 13:30:00-05:00,24.450000762939453,24.5,24.155000686645508,24.290000915527344,38940,0.0,0.0
2023-11-14 14:30:00-05:00,24.270000457763672,24.34000015258789,24.219999313354492,24.31999969482422,44029,0.0,0.0
2023-11-14 15:30:00-05:00,24.290000915527344,24.459999084472656,24.229999542236328,24.3799991607666,119845,0.0,0.0
2023-11-15 09:30:00-05:00,24.530000686645508,24.931699752807617,24.43000030517578,24.670000076293945,112477,0.0,0.0
2023-11-15 10:30:00-05:00,24.739999771118164,24.940000534057617,24.709999084472656,24.860000610351562,56816,0.0,0.0
2023-11-15 11:30:00-05:00,24.850000381469727,24.850000381469727,24.68000030517578,24.790000915527344,36528,0.0,0.0
2023-11-15 12:30:00-05:00,24.809999465942383,24.809999465942383,24.520000457763672,24.65999984741211,31031,0.0,0.0
2023-11-15 13:30:00-05:00,24.65999984741211,24.780000686645508,24.65999984741211,24.763399124145508,40488,0.0,0.0
2023-11-15 14:30:00-05:00,24.770000457763672,24.770000457763672,24.709999084472656,24.719999313354492,36486,0.0,0.0
2023-11-15 15:30:00-05:00,24.719999313354492,24.739999771118164,24.520000457763672,24.6200008392334,72340,0.0,0.0
2023-11-16 09:30:00-05:00,24.719999313354492,24.979999542236328,24.5,24.56999969482422,51666,0.0,0.0
2023-11-16 10:30:00-05:00,24.610000610351562,24.6299991607666,24.239999771118164,24.239999771118164,26522,0.0,0.0
2023-11-16 11:30:00-05:00,24.25,24.295000076293945,23.950000762939453,24.229999542236328,44130,0.0,0.0
2023-11-16 12:30:00-05:00,24.219999313354492,24.309999465942383,24.139999389648438,24.190000534057617,26955,0.0,0.0
2023-11-16 13:30:00-05:00,24.170000076293945,24.329999923706055,24.040000915527344,24.104999542236328,36928,0.0,0.0
2023-11-16 14:30:00-05:00,24.1200008392334,24.229999542236328,24.079999923706055,24.21500015258789,52649,0.0,0.0
2023-11-16 15:30:00-05:00,24.21500015258789,24.299999237060547,24.150100708007812,24.290000915527344,71296,0.0,0.0
2023-11-17 09:30:00-05:00,24.399999618530273,24.950000762939453,24.399999618530273,24.75,47596,0.0,0.0
2023-11-17 10:30:00-05:00,24.700000762939453,24.770000457763672,24.575000762939453,24.655000686645508,19779,0.0,0.0
2023-11-17 11:30:00-05:00,24.649999618530273,24.780000686645508,24.6200008392334,24.700000762939453,21540,0.0,0.0
2023-11-17 12:30:00-05:00,24.75,24.809999465942383,24.610000610351562,24.610000610351562,27443,0.0,0.0
2023-11-17 13:30:00-05:00,24.639999389648438,24.639999389648438,24.521699905395508,24.549999237060547,26912,0.0,0.0
2023-11-17 14:30:00-05:00,24.530000686645508,24.600000381469727,24.479999542236328,24.584999084472656,31359,0.0,0.0
2023-11-17 15:30:00-05:00,24.59000015258789,24.59000015258789,24.40999984741211,24.40999984741211,68017,0.0,0.0
2023-11-20 09:30:00-05:00,24.40999984741211,24.649900436401367,24.1200008392334,24.479999542236328,32534,0.0,0.0
2023-11-20 10:30:00-05:00,24.520000457763672,24.625,24.489999771118164,24.575000762939453,23824,0.0,0.0
2023-11-20 11:30:00-05:00,24.56999969482422,24.65999984741211,24.5,24.575000762939453,22503,0.0,0.0
2023-11-20 12:30:00-05:00,24.56999969482422,24.575000762939453,24.40999984741211,24.46500015258789,21964,0.0,0.0
2023-11-20 13:30:00-05:00,24.450000762939453,24.459999084472656,24.239999771118164,24.360000610351562,20337,0.0,0.0
2023-11-20 14:30:00-05:00,24.385000228881836,24.459999084472656,24.350000381469727,24.40999984741211,32202,0.0,0.0
2023-11-20 15:30:00-05:00,24.420000076293945,24.56999969482422,24.420000076293945,24.559999465942383,57731,0.0,0.0
2023-11-21 09:30:00-05:00,24.40999984741211,24.56999969482422,24.260000228881836,24.479999542236328,24147,0.0,0.0
2023-11-21 10:30:00-05:00,24.479999542236328,24.670000076293945,24.3700008392334,24.43000030517578,26619,0.0,0.0
2023-11-21 11:30:00-05:00,24.415000915527344,24.579999923706055,24.399999618530273,24.450000762939453,30066,0.0,0.0
2023-11-21 12:30:00-05:00,24.450000762939453,24.70989990234375,24.450000762939453,24.6200008392334,77354,0.0,0.0
2023-11-21 13:30:00-05:00,24.62299919128418,24.799999237060547,24.6200008392334,24.725000381469727,48163,0.0,0.0
2023-11-21 14:30:00-05:00,24.725000381469727,24.780000686645508,24.665000915527344,24.665000915527344,61832,0.0,0.0
2023-11-21 15:30:00-05:00,24.649999618530273,24.67799949645996,24.559999465942383,24.579999923706055,46327,0.0,0.0
2023-11-22 09:30:00-05:00,24.899999618530273,25.449899673461914,24.899999618530273,25.06999969482422,67442,0.0,0.0
2023-11-22 10:30:00-05:00,25.09000015258789,25.170000076293945,24.940000534057617,25.0,35703,0.0,0.0
2023-11-22 11:30:00-05:00,24.979999542236328,25.059999465942383,24.799999237060547,24.799999237060547,37989,0.0,0.0
2023-11-22 12:30:00-05:00,24.829999923706055,24.850000381469727,24.700000762939453,24.825000762939453,20539,0.0,0.0
2023-11-22 13:30:00-05:00,24.850000381469727,24.860000610351562,24.649999618530273,24.65999984741211,24329,0.0,0.0
2023-11-22 14:30:00-05:00,24.655000686645508,24.65999984741211,24.485000610351562,24.545000076293945,36017,0.0,0.0
2023-11-22 15:30:00-05:00,24.549999237060547,24.700000762939453,24.549999237060547,24.610000610351562,58038,0.0,0.0
2023-11-24 09:30:00-05:00,24.559999465942383,24.700000762939453,24.209999084472656,24.520000457763672,47732,0.0,0.0
2023-11-24 10:30:00-05:00,24.5,24.790000915527344,24.459999084472656,24.459999084472656,66752,0.0,0.0
2023-11-24 11:30:00-05:00,24.510000228881836,24.549999237060547,24.350000381469727,24.43000030517578,33468,0.0,0.0
2023-11-27 09:30:00-05:00,24.549999237060547,24.940000534057617,24.489999771118164,24.940000534057617,70692,0.0,0.0
2023-11-27 10:30:00-05:00,24.940000534057617,25.170000076293945,24.930099487304688,25.0,55045,0.0,0.0
2023-11-27 11:30:00-05:00,25.0,25.1200008392334,24.969999313354492,25.020000457763672,40357,0.0,0.0
2023-11-27 12:30:00-05:00,25.010000228881836,25.190000534057617,25.0,25.145000457763672,35302,0.0,0.0
2023-11-27 13:30:00-05:00,25.15999984741211,25.479999542236328,25.139999389648438,25.389999389648438,79204,0.0,0.0
2023-11-27 14:30:00-05:00,25.405000686645508,25.420000076293945,25.219999313354492,25.420000076293945,104427,0.0,0.0
2023-11-27 15:30:00-05:00,25.415000915527344,25.469999313354492,25.25,25.389999389648438,142887,0.0,0.0
2023-11-28 09:30:00-05:00,25.299999237060547,25.299999237060547,24.92009925842285,25.222999572753906,62434,0.0,0.0
2023-11-28 10:30:00-05:00,25.224000930786133,25.309999465942383,25.059999465942383,25.059999465942383,23306,0.0,0.0
2023-11-28 11:30:00-05:00,25.06999969482422,25.120899200439453,24.8799991607666,24.8799991607666,21211,0.0,0.0
2023-11-28 12:30:00-05:00,24.874000549316406,24.899999618530273,24.31999969482422,24.43000030517578,43880,0.0,0.0
2023-11-28 13:30:00-05:00,24.43000030517578,24.559999465942383,24.290000915527344,24.549999237060547,43496,0.0,0.0
2023-11-28 14:30:00-05:00,24.53499984741211,24.6200008392334,24.2450008392334,24.280000686645508,42152,0.0,0.0
2023-11-28 15:30:00-05:00,24.270000457763672,24.280000686645508,24.110000610351562,24.15999984741211,66496,0.0,0.0
2023-11-29 09:30:00-05:00,24.670000076293945,25.100000381469727,24.540000915527344,24.959999084472656,52163,0.0,0.0
2023-11-29 10:30:00-05:00,24.959999084472656,25.040000915527344,24.5,24.526500701904297,52464,0.0,0.0
2023-11-29 11:30:00-05:00,24.469999313354492,24.489999771118164,24.06999969482422,24.469999313354492,49315,0.0,0.0
2023-11-29 12:30:00-05:00,24.530000686645508,24.530000686645508,24.049999237060547,24.079999923706055,42028,0.0,0.0
2023-11-29 13:30:00-05:00,24.030000686645508,24.299999237060547,23.950000762939453,24.219999313354492,44337,0.0,0.0
2023-11-29 14:30:00-05:00,24.229999542236328,24.530000686645508,24.200000762939453,24.5,47863,0.0,0.0
2023-11-29 15:30:00-05:00,24.5,24.579999923706055,24.440000534057617,24.5,96027,0.0,0.0
2023-11-30 09:30:00-05:00,24.649999618530273,24.93000030517578,24.020099639892578,24.020099639892578,39762,0.0,0.0
2023-11-30 10:30:00-05:00,24.079999923706055,24.30500030517578,24.0,24.1200008392334,23708,0.0,0.0
2023-11-30 11:30:00-05:00,24.09000015258789,24.200000762939453,24.020000457763672,24.120399475097656,18119,0.0,0.0
2023-11-30 12:30:00-05:00,24.149999618530273,24.229999542236328,24.075000762939453,24.170000076293945,16387,0.0,0.0
2023-11-30 13:30:00-05:00,24.124799728393555,24.124799728393555,24.040000915527344,24.059999465942383,20036,0.0,0.0
2023-11-30 14:30:00-05:00,24.040000915527344,24.139999389648438,24.0,24.079999923706055,22314,0.0,0.0
2023-11-30 15:30:00-05:00,24.079999923706055,24.34000015258789,24.079999923706055,24.31999969482422,63707,0.0,0.0
2023-12-01 09:30:00-05:00,24.34000015258789,24.81999969482422,24.239999771118164,24.65999984741211,81117,0.0,0.0
2023-12-01 10:30:00-05:00,24.59000015258789,24.799999237060547,24.559999465942383,24.7549991607666,49736,0.0,0.0
2023-12-01 11:30:00-05:00,24.7549991607666,24.864999771118164,24.6299991607666,24.815000534057617,51089,0.0,0.0
2023-12-01 12:30:00-05:00,24.799999237060547,24.959999084472656,24.799999237060547,24.8799991607666,41847,0.0,0.0
2023-12-01 13:30:00-05:00,24.885000228881836,25.100000381469727,24.850000381469727,24.969999313354492,49879,0.0,0.0
2023-12-01 14:30:00-05:00,25.0,25.200000762939453,24.940000534057617,25.170000076293945,69326,0.0,0.0
2023-12-01 15:30:00-05:00,25.209999084472656,25.5,25.18000030517578,25.5,78616,0.0,0.0
2023-12-04 09:30:00-05:00,25.559999465942383,26.229999542236328,25.43000030517578,26.024599075317383,64918,0.0,0.0
2023-12-04 10:30:00-05:00,26.020000457763672,26.113500595092773,25.799999237060547,25.89310073852539,61792,0.0,0.0
2023-12-04 11:30:00-05:00,25.860000610351562,26.100000381469727,25.860000610351562,26.020000457763672,68421,0.0,0.0
2023-12-04 12:30:00-05:00,26.024999618530273,26.09630012512207,25.8700008392334,25.8799991607666,30441,0.0,0.0
2023-12-04 13:30:00-05:00,25.860000610351562,25.899999618530273,25.690000534057617,25.69499969482422,27079,0.0,0.0
2023-12-04 14:30:00-05:00,25.719999313354492,25.860000610351562,25.684999465942383,25.860000610351562,28581,0.0,0.0
2023-12-04 15:30:00-05:00,25.8700008392334,26.059999465942383,25.862699508666992,26.059999465942383,86502,0.0,0.0
2023-12-05 09:30:00-05:00,25.959999084472656,26.020000457763672,25.854999542236328,25.889999389648438,24084,0.0,0.0
2023-12-05 10:30:00-05:00,25.954999923706055,26.040000915527344,25.774999618530273,25.905000686645508,31477,0.0,0.0
2023-12-05 11:30:00-05:00,25.90999984741211,25.950000762939453,25.6200008392334,25.719999313354492,27306,0.0,0.0
2023-12-05 12:30:00-05:00,25.670000076293945,25.68000030517578,25.520000457763672,25.600000381469727,33346,0.0,0.0
2023-12-05 13:30:00-05:00,25.625,25.950000762939453,25.600000381469727,25.93000030517578,20325,0.0,0.0
2023-12-05 14:30:00-05:00,25.940000534057617,26.010000228881836,25.84000015258789,25.950000762939453,23615,0.0,0.0
2023-12-05 15:30:00-05:00,25.940000534057617,26.059999465942383,25.860000610351562,26.049999237060547,47185,0.0,0.0
2023-12-06 09:30:00-05:00,26.559999465942383,27.209400177001953,26.549999237060547,26.958999633789062,80206,0.0,0.0
2023-12-06 10:30:00-05:00,26.954999923706055,27.389999389648438,26.920000076293945,27.149999618530273,66696,0.0,0.0
2023-12-06 11:30:00-05:00,27.149999618530273,27.190000534057617,27.059999465942383,27.149999618530273,46134,0.0,0.0
2023-12-06 12:30:00-05:00,27.145000457763672,27.38479995727539,27.1299991607666,27.30500030517578,52497,0.0,0.0
2023-12-06 13:30:00-05:00,27.30500030517578,27.920000076293945,27.290000915527344,27.4060001373291,164079,0.0,0.0
2023-12-06 14:30:00-05:00,27.385000228881836,27.600000381469727,27.239999771118164,27.2450008392334,79700,0.0,0.0
2023-12-06 15:30:00-05:00,27.25,27.3700008392334,27.229999542236328,27.350000381469727,92183,0.0,0.0
2023-12-07 09:30:00-05:00,27.389999389648438,27.950000762939453,27.219999313354492,27.899999618530273,77265,0.0,0.0
2023-12-07 10:30:00-05:00,27.934999465942383,27.934999465942383,27.549999237060547,27.739999771118164,38971,0.0,0.0
2023-12-07 11:30:00-05:00,27.77589988708496,27.860000610351562,27.610000610351562,27.69969940185547,28456,0.0,0.0
2023-12-07 12:30:00-05:00,27.670000076293945,27.959999084472656,27.670000076293945,27.907499313354492,35779,0.0,0.0
2023-12-07 13:30:00-05:00,27.93000030517578,28.229900360107422,27.93000030517578,28.075000762939453,97392,0.0,0.0
2023-12-07 14:30:00-05:00,28.059999465942383,28.1299991607666,28.010000228881836,28.079999923706055,47429,0.0,0.0
2023-12-07 15:30:00-05:00,28.079999923706055,28.139999389648438,28.0,28.110000610351562,58368,0.0,0.0
2023-12-08 09:30:00-05:00,27.899999618530273,28.770000457763672,27.899999618530273,28.684999465942383,62449,0.0,0.0
2023-12-08 10:30:00-05:00,28.709999084472656,28.780000686645508,28.25,28.315000534057617,55707,0.0,0.0
2023-12-08 11:30:00-05:00,28.329999923706055,28.489999771118164,28.270000457763672,28.489999771118164,41359,0.0,0.0
2023-12-08 12:30:00-05:00,28.5,28.520000457763672,28.389999389648438,28.5,34016,0.0,0.0
2023-12-08 13:30:00-05:00,28.489999771118164,28.7549991607666,28.450000762939453,28.739999771118164,40069,0.0,0.0
2023-12-08 14:30:00-05:00,28.729999542236328,28.739999771118164,28.424999237060547,28.440000534057617,51565,0.0,0.0
2023-12-08 15:30:00-05:00,28.43000030517578,28.459999084472656,28.34000015258789,28.459999084472656,59220,0.0,0.0
2023-12-11 09:30:00-05:00,28.450000762939453,28.74920082092285,27.700000762939453,27.846099853515625,79617,0.0,0.0
2023-12-11 10:30:00-05:00,27.8700008392334,28.329999923706055,27.8700008392334,28.100000381469727,30355,0.0,0.0
2023-12-11 11:30:00-05:00,28.104999542236328,28.360000610351562,28.104999542236328,28.34950065612793,23312,0.0,0.0
2023-12-11 12:30:00-05:00,28.329999923706055,28.479999542236328,28.31999969482422,28.3799991607666,20742,0.0,0.0
2023-12-11 13:30:00-05:00,28.3700008392334,28.43000030517578,28.170000076293945,28.31999969482422,30362,0.0,0.0
2023-12-11 14:30:00-05:00,28.309999465942383,28.450000762939453,28.309999465942383,28.344999313354492,34603,0.0,0.0
2023-12-11 15:30:00-05:00,28.360000610351562,28.610000610351562,28.350000381469727,28.56999969482422,60961,0.0,0.0
2023-12-12 09:30:00-05:00,28.579999923706055,28.700000762939453,28.219999313354492,28.470500946044922,37310,0.0,0.0
2023-12-12 10:30:00-05:00,28.459999084472656,28.510000228881836,28.1200008392334,28.1200008392334,29120,0.0,0.0
2023-12-12 11:30:00-05:00,28.161100387573242,28.239900588989258,28.020000457763672,28.1200008392334,27443,0.0,0.0
2023-12-12 12:30:00-05:00,28.1200008392334,28.25,28.040000915527344,28.15999984741211,23087,0.0,0.0
2023-12-12 13:30:00-05:00,28.18000030517578,28.24519920349121,28.059999465942383,28.09000015258789,22205,0.0,0.0
2023-12-12 14:30:00-05:00,28.09000015258789,28.209999084472656,28.09000015258789,28.1200008392334,27237,0.0,0.0
2023-12-12 15:30:00-05:00,28.110000610351562,28.110000610351562,27.8700008392334,28.010000228881836,58972,0.0,0.0
2023-12-13 09:30:00-05:00,28.229999542236328,28.229999542236328,26.6200008392334,26.739999771118164,92796,0.0,0.0
2023-12-13 10:30:00-05:00,26.729999542236328,27.15999984741211,26.700000762939453,26.770000457763672,43766,0.0,0.0
2023-12-13 11:30:00-05:00,26.770000457763672,26.770000457763672,26.410999298095703,26.450000762939453,54926,0.0,0.0
2023-12-13 12:30:00-05:00,26.450000762939453,26.466800689697266,26.239999771118164,26.2450008392334,25648,0.0,0.0
2023-12-13 13:30:00-05:00,26.309999465942383,27.279300689697266,26.280000686645508,27.142000198364258,55891,0.0,0.0
2023-12-13 14:30:00-05:00,27.170000076293945,27.95199966430664,27.100000381469727,27.43000030517578,101828,0.0,0.0
2023-12-13 15:30:00-05:00,27.420000076293945,27.700000762939453,27.389999389648438,27.690000534057617,150240,0.0,0.0
2023-12-14 09:30:00-05:00,28.75,30.0,28.440000534057617,29.364999771118164,220944,0.0,0.0
2023-12-14 10:30:00-05:00,29.364999771118164,29.989999771118164,29.239999771118164,29.94499969482422,89818,0.0,0.0
2023-12-14 11:30:00-05:00,29.959999084472656,30.290000915527344,29.940000534057617,30.184999465942383,227888,0.0,0.0
2023-12-14 12:30:00-05:00,30.209999084472656,30.559999465942383,30.18000030517578,30.204999923706055,112337,0.0,0.0
2023-12-14 13:30:00-05:00,30.200000762939453,30.610000610351562,30.135000228881836,30.5,61892,0.0,0.0
2023-12-14 14:30:00-05:00,30.479999542236328,31.079999923706055,30.459999084472656,30.959999084472656,170514,0.0,0.0
2023-12-14 15:30:00-05:00,30.979000091552734,31.6299991607666,30.979000091552734,31.610000610351562,234857,0.0,0.0
2023-12-15 09:30:00-05:00,31.59000015258789,31.90999984741211,30.329999923706055,31.15250015258789,290998,0.0,0.0
2023-12-15 10:30:00-05:00,31.155000686645508,31.729999542236328,31.020000457763672,31.094999313354492,90745,0.0,0.0
2023-12-15 11:30:00-05:00,31.09000015258789,31.350000381469727,30.829999923706055,31.0,82577,0.0,0.0
2023-12-15 12:30:00-05:00,31.0,31.020000457763672,30.760000228881836,30.844999313354492,48882,0.0,0.0
2023-12-15 13:30:00-05:00,30.850000381469727,30.889999389648438,30.68000030517578,30.799999237060547,29925,0.0,0.0
2023-12-15 14:30:00-05:00,30.770000457763672,31.229999542236328,30.770000457763672,31.200000762939453,31673,0.0,0.0
2023-12-15 15:30:00-05:00,31.219999313354492,31.489999771118164,31.145000457763672,31.440000534057617,126664,0.0,0.0
2023-12-18 09:30:00-05:00,31.700000762939453,31.989999771118164,31.149999618530273,31.3700008392334,72430,0.0,0.0
2023-12-18 10:30:00-05:00,31.31999969482422,31.54450035095215,31.260000228881836,31.420000076293945,25117,0.0,0.0
2023-12-18 11:30:00-05:00,31.415000915527344,31.649999618530273,31.3700008392334,31.43000030517578,88307,0.0,0.0
2023-12-18 12:30:00-05:00,31.450000762939453,31.600000381469727,31.229999542236328,31.229999542236328,35541,0.0,0.0
2023-12-18 13:30:00-05:00,31.23900032043457,31.469999313354492,31.219999313354492,31.360000610351562,40427,0.0,0.0
2023-12-18 14:30:00-05:00,31.3700008392334,31.520000457763672,31.350000381469727,31.46500015258789,50466,0.0,0.0
2023-12-18 15:30:00-05:00,31.477100372314453,31.670000076293945,31.399999618530273,31.670000076293945,79681,0.0,0.0
2023-12-19 09:30:00-05:00,32.0,33.579898834228516,31.970600128173828,33.54999923706055,152093,0.0,0.0
2023-12-19 10:30:00-05:00,33.470001220703125,34.20000076293945,33.45000076293945,34.029998779296875,90506,0.0,0.0
2023-12-19 11:30:00-05:00,34.06990051269531,34.279998779296875,33.500099182128906,33.7599983215332,88491,0.0,0.0
2023-12-19 12:30:00-05:00,33.790000915527344,34.20000076293945,33.744998931884766,34.15999984741211,52870,0.0,0.0
2023-12-19 13:30:00-05:00,34.20000076293945,34.52000045776367,34.15999984741211,34.380001068115234,101938,0.0,0.0
2023-12-19 14:30:00-05:00,34.38999938964844,34.64500045776367,34.246498107910156,34.61000061035156,124853,0.0,0.0
2023-12-19 15:30:00-05:00,34.630001068115234,34.900001525878906,34.58000183105469,34.630001068115234,266613,0.0,0.0
2023-12-20 09:30:00-05:00,34.5,36.900001525878906,34.349998474121094,36.67499923706055,241622,0.0,0.0
2023-12-20 10:30:00-05:00,36.630001068115234,36.779998779296875,36.18989944458008,36.522499084472656,142199,0.0,0.0
2023-12-20 11:30:00-05:00,36.505001068115234,36.720001220703125,36.09400177001953,36.349998474121094,85263,0.0,0.0
2023-12-20 12:30:00-05:00,36.349998474121094,36.560001373291016,36.2599983215332,36.5098991394043,60246,0.0,0.0
2023-12-20 13:30:00-05:00,36.5,36.630001068115234,36.400001525878906,36.400001525878906,73813,0.0,0.0
2023-12-20 14:30:00-05:00,36.439998626708984,36.5,35.12009811401367,35.6150016784668,163771,0.0,0.0
2023-12-20 15:30:00-05:00,35.619998931884766,35.72999954223633,35.22999954223633,35.349998474121094,157792,0.0,0.0
2023-12-21 09:30:00-05:00,36.0,36.2781982421875,35.474998474121094,35.869998931884766,67427,0.0,0.0
2023-12-21 10:30:00-05:00,35.74100112915039,36.290000915527344,35.650001525878906,36.244998931884766,82013,0.0,0.0
2023-12-21 11:30:00-05:00,36.16999816894531,36.20000076293945,35.69499969482422,35.915000915527344,75514,0.0,0.0
2023-12-21 12:30:00-05:00,35.900001525878906,36.099998474121094,35.5,35.5099983215332,35415,0.0,0.0
2023-12-21 13:30:00-05:00,35.57500076293945,35.7599983215332,35.51750183105469,35.68000030517578,36317,0.0,0.0
2023-12-21 14:30:00-05:00,35.74300003051758,35.779998779296875,35.560001373291016,35.72999954223633,62297,0.0,0.0
2023-12-21 15:30:00-05:00,35.72999954223633,36.060001373291016,35.619998931884766,36.060001373291016,108881,0.0,0.0
2023-12-22 09:30:00-05:00,36.79999923706055,37.0,35.84000015258789,35.88999938964844,194479,0.0,0.0
2023-12-22 10:30:00-05:00,35.91299819946289,36.04499816894531,35.72999954223633,36.03499984741211,59290,0.0,0.0
2023-12-22 11:30:00-05:00,36.04499816894531,36.08000183105469,35.77000045776367,36.03499984741211,42686,0.0,0.0
2023-12-22 12:30:00-05:00,36.01499938964844,36.26300048828125,35.939998626708984,35.939998626708984,37879,0.0,0.0
2023-12-22 13:30:00-05:00,35.959999084472656,36.06999969482422,35.48500061035156,35.4900016784668,32566,0.0,0.0
2023-12-22 14:30:00-05:00,35.41999816894531,35.75,35.29999923706055,35.73500061035156,41595,0.0,0.0
2023-12-22 15:30:00-05:00,35.72999954223633,35.75,35.560001373291016,35.66999816894531,60120,0.0,0.0
2023-12-26 09:30:00-05:00,35.400001525878906,36.069000244140625,35.400001525878906,35.91999816894531,39716,0.0,0.0
2023-12-26 10:30:00-05:00,35.939998626708984,36.17499923706055,35.91999816894531,36.14500045776367,19991,0.0,0.0
2023-12-26 11:30:00-05:00,36.14500045776367,36.40999984741211,36.11000061035156,36.314998626708984,26968,0.0,0.0
2023-12-26 12:30:00-05:00,36.34000015258789,36.34000015258789,35.95000076293945,36.08000183105469,35783,0.0,0.0
2023-12-26 13:30:00-05:00,36.099998474121094,36.1150016784668,36.0,36.08000183105469,23834,0.0,0.0
2023-12-26 14:30:00-05:00,36.08000183105469,36.310001373291016,36.08000183105469,36.275001525878906,43575,0.0,0.0
2023-12-26 15:30:00-05:00,36.26100158691406,36.28499984741211,36.06999969482422,36.08000183105469,61814,0.0,0.0
2023-12-27 09:30:00-05:00,36.209999084472656,36.41999816894531,35.97999954223633,36.29999923706055,38241,0.0,0.0
2023-12-27 10:30:00-05:00,36.275001525878906,36.275001525878906,35.875,36.02000045776367,42221,0.0,0.0
2023-12-27 11:30:00-05:00,36.08430099487305,36.275001525878906,36.02000045776367,36.275001525878906,47825,0.0,0.0
2023-12-27 12:30:00-05:00,36.28499984741211,36.69860076904297,36.165000915527344,36.459999084472656,38906,0.0,0.0
2023-12-27 13:30:00-05:00,36.41999816894531,36.5,36.16999816894531,36.319000244140625,35596,0.0,0.0
2023-12-27 14:30:00-05:00,36.29999923706055,36.38999938964844,36.20009994506836,36.3650016784668,30835,0.0,0.0
2023-12-27 15:30:00-05:00,36.36000061035156,36.494998931884766,36.20000076293945,36.40999984741211,90356,0.0,0.0
2023-12-28 09:30:00-05:00,36.16999816894531,36.59270095825195,36.060001373291016,36.244998931884766,27558,0.0,0.0
2023-12-28 10:30:00-05:00,36.257198333740234,36.29999923706055,35.77410125732422,35.939998626708984,36758,0.0,0.0
2023-12-28 11:30:00-05:00,35.900001525878906,36.30500030517578,35.869998931884766,36.25,23323,0.0,0.0
2023-12-28 12:30:00-05:00,36.220001220703125,36.34000015258789,36.04999923706055,36.17499923706055,13333,0.0,0.0
2023-12-28 13:30:00-05:00,36.18000030517578,36.224998474121094,36.09000015258789,36.130001068115234,14372,0.0,0.0
2023-12-28 14:30:00-05:00,36.150001525878906,36.150001525878906,35.974998474121094,36.040000915527344,24615,0.0,0.0
2023-12-28 15:30:00-05:00,36.05699920654297,36.27000045776367,36.04499816894531,36.27000045776367,65065,0.0,0.0
2023-12-29 09:30:00-05:00,36.0,36.400001525878906,35.650001525878906,36.16999816894531,44461,0.0,0.0
2023-12-29 10:30:00-05:00,36.16999816894531,36.16999816894531,35.70000076293945,35.720001220703125,50245,0.0,0.0
2023-12-29 11:30:00-05:00,35.720001220703125,35.81999969482422,35.599998474121094,35.65999984741211,30355,0.0,0.0
2023-12-29 12:30:00-05:00,35.674198150634766,35.95899963378906,35.66999816894531,35.834999084472656,28785,0.0,0.0
2023-12-29 13:30:00-05:00,35.849998474121094,35.959999084472656,35.709999084472656,35.75,30961,0.0,0.0
2023-12-29 14:30:00-05:00,35.72999954223633,35.790000915527344,35.61000061035156,35.65999984741211,31463,0.0,0.0
2023-12-29 15:30:00-05:00,35.63999938964844,35.689998626708984,35.38999938964844,35.529998779296875,58983,0.0,0.0
2024-01-02 09:30:00-05:00,34.880001068115234,35.13999938964844,34.0099983215332,34.58000183105469,70197,0.0,0.0
2024-01-02 10:30:00-05:00,34.529998779296875,34.709999084472656,34.16999816894531,34.65999984741211,44398,0.0,0.0
2024-01-02 11:30:00-05:00,34.63999938964844,35.04999923706055,34.619998931884766,34.71609878540039,27926,0.0,0.0
2024-01-02 12:30:00-05:00,34.810001373291016,34.889801025390625,34.529998779296875,34.68000030517578,38293,0.0,0.0
2024-01-02 13:30:00-05:00,34.619998931884766,34.7400016784668,34.18000030517578,34.290000915527344,35277,0.0,0.0
2024-01-02 14:30:00-05:00,34.2599983215332,34.5,34.130001068115234,34.459999084472656,60236,0.0,0.0
2024-01-02 15:30:00-05:00,34.459999084472656,34.61000061035156,34.29999923706055,34.470001220703125,142337,0.0,0.0
2024-01-03 09:30:00-05:00,33.66999816894531,33.91999816894531,33.15999984741211,33.540000915527344,79549,0.0,0.0
2024-01-03 10:30:00-05:00,33.43109893798828,33.84000015258789,33.20000076293945,33.834999084472656,33088,0.0,0.0
2024-01-03 11:30:00-05:00,33.88999938964844,33.88999938964844,33.560001373291016,33.68000030517578,33697,0.0,0.0
2024-01-03 12:30:00-05:00,33.7400016784668,33.900001525878906,33.56999969482422,33.89120101928711,48528,0.0,0.0
2024-01-03 13:30:00-05:00,33.869998931884766,33.900001525878906,33.599998474121094,33.880001068115234,36549,0.0,0.0
2024-01-03 14:30:00-05:00,33.95000076293945,33.9900016784668,33.4900016784668,33.52000045776367,51983,0.0,0.0
2024-01-03 15:30:00-05:00,33.540000915527344,33.67219924926758,33.529998779296875,33.58000183105469,59624,0.0,0.0
2024-01-04 09:30:00-05:00,33.47999954223633,34.11000061035156,33.0,33.7599983215332,63825,0.0,0.0
2024-01-04 10:30:00-05:00,33.709999084472656,34.0,33.65999984741211,33.71500015258789,58966,0.0,0.0
2024-01-04 11:30:00-05:00,33.689998626708984,33.689998626708984,33.33000183105469,33.38999938964844,39784,0.0,0.0
2024-01-04 12:30:00-05:00,33.415000915527344,33.46839904785156,33.23500061035156,33.375,17814,0.0,0.0
2024-01-04 13:30:00-05:00,33.38999938964844,33.40999984741211,33.21500015258789,33.21500015258789,19234,0.0,0.0
2024-01-04 14:30:00-05:00,33.233001708984375,33.290000915527344,32.8650016784668,32.90999984741211,50688,0.0,0.0
2024-01-04 15:30:00-05:00,32.90999984741211,32.97999954223633,32.72999954223633,32.81999969482422,63204,0.0,0.0
2024-01-05 09:30:00-05:00,32.459999084472656,32.959999084472656,32.0,32.63999938964844,51538,0.0,0.0
2024-01-05 10:30:00-05:00,32.650001525878906,32.810001373291016,32.459999084472656,32.68000030517578,36976,0.0,0.0
2024-01-05 11:30:00-05:00,32.709999084472656,33.02000045776367,32.25,32.814998626708984,97050,0.0,0.0
2024-01-05 12:30:00-05:00,32.810001373291016,33.08000183105469,32.7400016784668,33.060001373291016,27766,0.0,0.0
2024-01-05 13:30:00-05:00,33.119998931884766,33.252498626708984,32.907501220703125,32.97999954223633,35687,0.0,0.0
2024-01-05 14:30:00-05:00,32.94499969482422,32.97999954223633,32.54999923706055,32.81999969482422,51577,0.0,0.0
2024-01-05 15:30:00-05:00,32.7599983215332,33.09000015258789,32.7599983215332,32.880001068115234,84759,0.0,0.0
2024-01-08 09:30:00-05:00,33.16999816894531,34.130001068115234,33.06999969482422,33.720001220703125,64281,0.0,0.0
2024-01-08 10:30:00-05:00,33.900001525878906,34.16299819946289,33.720001220703125,33.724998474121094,52178,0.0,0.0
2024-01-08 11:30:00-05:00,33.72999954223633,33.77000045776367,33.349998474121094,33.349998474121094,26681,0.0,0.0
2024-01-08 12:30:00-05:00,33.38999938964844,33.650001525878906,33.349998474121094,33.584999084472656,22066,0.0,0.0
2024-01-08 13:30:00-05:00,33.59379959106445,33.630001068115234,33.51250076293945,33.599998474121094,23261,0.0,0.0
2024-01-08 14:30:00-05:00,33.599998474121094,33.619998931884766,33.32500076293945,33.36000061035156,40986,0.0,0.0
2024-01-08 15:30:00-05:00,33.349998474121094,33.40999984741211,33.2599983215332,33.40999984741211,55329,0.0,0.0
2024-01-09 09:30:00-05:00,32.81999969482422,33.2400016784668,32.470001220703125,32.60499954223633,35805,0.0,0.0
2024-01-09 10:30:00-05:00,32.60499954223633,33.01499938964844,32.529998779296875,33.01499938964844,29215,0.0,0.0
2024-01-09 11:30:00-05:00,33.029998779296875,33.20000076293945,32.939998626708984,33.119998931884766,19125,0.0,0.0
2024-01-09 12:30:00-05:00,33.09000015258789,33.34000015258789,33.03499984741211,33.040000915527344,18844,0.0,0.0
2024-01-09 13:30:00-05:00,33.040000915527344,33.06999969482422,32.70000076293945,32.72019958496094,24346,0.0,0.0
2024-01-09 14:30:00-05:00,32.7400016784668,32.88999938964844,32.70000076293945,32.7400016784668,33509,0.0,0.0
2024-01-09 15:30:00-05:00,32.7400016784668,32.75,32.599998474121094,32.630001068115234,57482,0.0,0.0
2024-01-10 09:30:00-05:00,33.25,33.83000183105469,33.10499954223633,33.720001220703125,79360,0.0,0.0
2024-01-10 10:30:00-05:00,33.75,34.02000045776367,33.40999984741211,33.40999984741211,72346,0.0,0.0
2024-01-10 11:30:00-05:00,33.45000076293945,33.939998626708984,33.41999816894531,33.849998474121094,30229,0.0,0.0
2024-01-10 12:30:00-05:00,33.85319900512695,33.95000076293945,33.720001220703125,33.845001220703125,29838,0.0,0.0
2024-01-10 13:30:00-05:00,33.845001220703125,34.0099983215332,33.810001373291016,33.974998474121094,36911,0.0,0.0
2024-01-10 14:30:00-05:00,33.970001220703125,33.97999954223633,33.59000015258789,33.59000015258789,30760,0.0,0.0
2024-01-10 15:30:00-05:00,33.59000015258789,33.91999816894531,33.5099983215332,33.880001068115234,73821,0.0,0.0
2024-01-11 09:30:00-05:00,33.70000076293945,33.810001373291016,32.7599983215332,32.88999938964844,44369,0.0,0.0
2024-01-11 10:30:00-05:00,32.900001525878906,32.95500183105469,32.39459991455078,32.59000015258789,32815,0.0,0.0
2024-01-11 11:30:00-05:00,32.58440017700195,32.790000915527344,32.439998626708984,32.67250061035156,18469,0.0,0.0
2024-01-11 12:30:00-05:00,32.630001068115234,32.880001068115234,32.56999969482422,32.86000061035156,12728,0.0,0.0
2024-01-11 13:30:00-05:00,32.869998931884766,33.0,32.73249816894531,33.0,19336,0.0,0.0
2024-01-11 14:30:00-05:00,33.029998779296875,33.40999984741211,33.029998779296875,33.38999938964844,23946,0.0,0.0
2024-01-11 15:30:00-05:00,33.40999984741211,33.4900016784668,33.2599983215332,33.47999954223633,45505,0.0,0.0
2024-01-12 09:30:00-05:00,33.95000076293945,33.97999954223633,32.665000915527344,32.77000045776367,31211,0.0,0.0
2024-01-12 10:30:00-05:00,32.724998474121094,32.81999969482422,32.2599983215332,32.57500076293945,25119,0.0,0.0
2024-01-12 11:30:00-05:00,32.613399505615234,32.613399505615234,32.25,32.43000030517578,18670,0.0,0.0
2024-01-12 12:30:00-05:00,32.40999984741211,32.5099983215332,32.290000915527344,32.33000183105469,11946,0.0,0.0
2024-01-12 13:30:00-05:00,32.380001068115234,32.494998931884766,32.34000015258789,32.349998474121094,24261,0.0,0.0
2024-01-12 14:30:00-05:00,32.41999816894531,32.63999938964844,32.255001068115234,32.43090057373047,34852,0.0,0.0
2024-01-12 15:30:00-05:00,32.459999084472656,32.65999984741211,32.439998626708984,32.630001068115234,39207,0.0,0.0
2024-01-16 09:30:00-05:00,32.27000045776367,32.59349822998047,31.149999618530273,31.420000076293945,84114,0.0,0.0
2024-01-16 10:30:00-05:00,31.479999542236328,31.739999771118164,31.3700008392334,31.510000228881836,49702,0.0,0.0
2024-01-16 11:30:00-05:00,31.540000915527344,31.639999389648438,31.475000381469727,31.5049991607666,30322,0.0,0.0
2024-01-16 12:30:00-05:00,31.469999313354492,31.719999313354492,31.440000534057617,31.610000610351562,33317,0.0,0.0
2024-01-16 13:30:00-05:00,31.56999969482422,31.600000381469727,31.420000076293945,31.520000457763672,30932,0.0,0.0
2024-01-16 14:30:00-05:00,31.489999771118164,31.639999389648438,31.420000076293945,31.600000381469727,48180,0.0,0.0
2024-01-16 15:30:00-05:00,31.600000381469727,31.760000228881836,31.4950008392334,31.719999313354492,57007,0.0,0.0
2024-01-17 09:30:00-05:00,31.049999237060547,31.094999313354492,30.420000076293945,30.56999969482422,75391,0.0,0.0
2024-01-17 10:30:00-05:00,30.511499404907227,30.8799991607666,30.360000610351562,30.854999542236328,51072,0.0,0.0
2024-01-17 11:30:00-05:00,30.81999969482422,30.8700008392334,30.568500518798828,30.625,22916,0.0,0.0
2024-01-17 12:30:00-05:00,30.579999923706055,30.709999084472656,30.53499984741211,30.559999465942383,22765,0.0,0.0
2024-01-17 13:30:00-05:00,30.55500030517578,30.770000457763672,30.5,30.760000228881836,32346,0.0,0.0
2024-01-17 14:30:00-05:00,30.829999923706055,30.920000076293945,30.752199172973633,30.86520004272461,32904,0.0,0.0
2024-01-17 15:30:00-05:00,30.8700008392334,31.190000534057617,30.8700008392334,31.100000381469727,57812,0.0,0.0
2024-01-18 09:30:00-05:00,31.709999084472656,31.920000076293945,31.649999618530273,31.885900497436523,21177,0.0,0.0
2024-01-18 10:30:00-05:00,31.969999313354492,31.979999542236328,31.639999389648438,31.665000915527344,16187,0.0,0.0
2024-01-18 11:30:00-05:00,31.65999984741211,31.699899673461914,31.280000686645508,31.309999465942383,18532,0.0,0.0
2024-01-18 12:30:00-05:00,31.309999465942383,31.40999984741211,31.149999618530273,31.200000762939453,13873,0.0,0.0
2024-01-18 13:30:00-05:00,31.190000534057617,31.40999984741211,31.190000534057617,31.399999618530273,18540,0.0,0.0
2024-01-18 14:30:00-05:00,31.420000076293945,31.700000762939453,31.239999771118164,31.700000762939453,43755,0.0,0.0
2024-01-18 15:30:00-05:00,31.700000762939453,31.90999984741211,31.69499969482422,31.899999618530273,90041,0.0,0.0
2024-01-19 09:30:00-05:00,32.04999923706055,32.25,31.709999084472656,32.09000015258789,47450,0.0,0.0
2024-01-19 10:30:00-05:00,32.060001373291016,32.380001068115234,32.02000045776367,32.20000076293945,23765,0.0,0.0
2024-01-19 11:30:00-05:00,32.20000076293945,32.29999923706055,32.0,32.29999923706055,17138,0.0,0.0
2024-01-19 12:30:00-05:00,32.279998779296875,32.579898834228516,32.2400016784668,32.55870056152344,27589,0.0,0.0
2024-01-19 13:30:00-05:00,32.59000015258789,33.06999969482422,32.59000015258789,33.04999923706055,26913,0.0,0.0
2024-01-19 14:30:00-05:00,33.029998779296875,33.29999923706055,32.90810012817383,33.284000396728516,40707,0.0,0.0
2024-01-19 15:30:00-05:00,33.27000045776367,33.349998474121094,33.0,33.04999923706055,58999,0.0,0.0
2024-01-22 09:30:00-05:00,33.59000015258789,34.220001220703125,33.220001220703125,34.13999938964844,79727,0.0,0.0
2024-01-22 10:30:00-05:00,34.13999938964844,34.1598014831543,33.7400016784668,33.86000061035156,40259,0.0,0.0
2024-01-22 11:30:00-05:00,33.86000061035156,34.33000183105469,33.689998626708984,34.29999923706055,68624,0.0,0.0
2024-01-22 12:30:00-05:00,34.220001220703125,34.220001220703125,33.66999816894531,33.66999816894531,28635,0.0,0.0
2024-01-22 13:30:00-05:00,33.720001220703125,33.810001373291016,33.599998474121094,33.63999938964844,19927,0.0,0.0
2024-01-22 14:30:00-05:00,33.650001525878906,34.380001068115234,33.625,34.380001068115234,56712,0.0,0.0
2024-01-22 15:30:00-05:00,34.3650016784668,34.47999954223633,34.29999923706055,34.34000015258789,80431,0.0,0.0
2024-01-23 09:30:00-05:00,34.0,34.0,32.31999969482422,32.5,70576,0.0,0.0
2024-01-23 10:30:00-05:00,32.46160125732422,32.465999603271484,31.710100173950195,31.765499114990234,56025,0.0,0.0
2024-01-23 11:30:00-05:00,31.799999237060547,31.829999923706055,31.31999969482422,31.56999969482422,32459,0.0,0.0
2024-01-23 12:30:00-05:00,31.579999923706055,31.709999084472656,31.3799991607666,31.450000762939453,32893,0.0,0.0
2024-01-23 13:30:00-05:00,31.3799991607666,31.790000915527344,31.364999771118164,31.549999237060547,31354,0.0,0.0
2024-01-23 14:30:00-05:00,31.549999237060547,32.04999923706055,31.549999237060547,31.90999984741211,27745,0.0,0.0
2024-01-23 15:30:00-05:00,31.895000457763672,31.989999771118164,31.700000762939453,31.729999542236328,55757,0.0,0.0
2024-01-24 09:30:00-05:00,32.470001220703125,32.70000076293945,31.426599502563477,31.690000534057617,46351,0.0,0.0
2024-01-24 10:30:00-05:00,31.59000015258789,31.700000762939453,31.450000762939453,31.510000228881836,24332,0.0,0.0
2024-01-24 11:30:00-05:00,31.479999542236328,31.520000457763672,31.25,31.47719955444336,55895,0.0,0.0
2024-01-24 12:30:00-05:00,31.540000915527344,31.739999771118164,31.258699417114258,31.258699417114258,34491,0.0,0.0
2024-01-24 13:30:00-05:00,31.25,31.34000015258789,30.760000228881836,30.854999542236328,40656,0.0,0.0
2024-01-24 14:30:00-05:00,30.8700008392334,31.010000228881836,30.690000534057617,30.690099716186523,27038,0.0,0.0
2024-01-24 15:30:00-05:00,30.709999084472656,30.860000610351562,30.690000534057617,30.81999969482422,37075,0.0,0.0
2024-01-25 09:30:00-05:00,31.399999618530273,31.81999969482422,31.18000030517578,31.5935001373291,22565,0.0,0.0
2024-01-25 10:30:00-05:00,31.489999771118164,31.770000457763672,31.31999969482422,31.65999984741211,23186,0.0,0.0
2024-01-25 11:30:00-05:00,31.639999389648438,31.864999771118164,31.6299991607666,31.799999237060547,13537,0.0,0.0
2024-01-25 12:30:00-05:00,31.799999237060547,31.8700008392334,31.6200008392334,31.709999084472656,14987,0.0,0.0
2024-01-25 13:30:00-05:00,31.670000076293945,31.790000915527344,31.520000457763672,31.59000015258789,15431,0.0,0.0
2024-01-25 14:30:00-05:00,31.614999771118164,31.65999984741211,31.40999984741211,31.459999084472656,38047,0.0,0.0
2024-01-25 15:30:00-05:00,31.46500015258789,31.920000076293945,31.46500015258789,31.899999618530273,43607,0.0,0.0
2024-01-26 09:30:00-05:00,32.0099983215332,32.0099983215332,31.68000030517578,31.8799991607666,12385,0.0,0.0
2024-01-26 10:30:00-05:00,32.029998779296875,32.29999923706055,31.90999984741211,32.04999923706055,12170,0.0,0.0
2024-01-26 11:30:00-05:00,31.8799991607666,31.959999084472656,31.760000228881836,31.81999969482422,11603,0.0,0.0
2024-01-26 12:30:00-05:00,31.760000228881836,31.760000228881836,31.44499969482422,31.665000915527344,14272,0.0,0.0
2024-01-26 13:30:00-05:00,31.6299991607666,31.670000076293945,31.56999969482422,31.6299991607666,7894,0.0,0.0
2024-01-26 14:30:00-05:00,31.670000076293945,31.8799991607666,31.6299991607666,31.790000915527344,20662,0.0,0.0
2024-01-26 15:30:00-05:00,31.795000076293945,32.0,31.777999877929688,31.950000762939453,42551,0.0,0.0
2024-01-29 09:30:00-05:00,32.209999084472656,32.47999954223633,32.099998474121094,32.34000015258789,24797,0.0,0.0
2024-01-29 10:30:00-05:00,32.31999969482422,33.060001373291016,32.279998779296875,33.059898376464844,39751,0.0,0.0
2024-01-29 11:30:00-05:00,33.060001373291016,33.060001373291016,32.6349983215332,32.84700012207031,26868,0.0,0.0
2024-01-29 12:30:00-05:00,32.900001525878906,33.214599609375,32.880001068115234,33.150001525878906,19663,0.0,0.0
2024-01-29 13:30:00-05:00,33.189998626708984,33.189998626708984,33.040000915527344,33.09000015258789,21088,0.0,0.0
2024-01-29 14:30:00-05:00,33.095001220703125,33.459999084472656,33.095001220703125,33.349998474121094,37615,0.0,0.0
2024-01-29 15:30:00-05:00,33.349998474121094,33.47999954223633,33.244998931884766,33.459999084472656,59111,0.0,0.0
2024-01-30 09:30:00-05:00,33.66999816894531,34.15999984741211,33.584999084472656,33.83000183105469,32113,0.0,0.0
2024-01-30 10:30:00-05:00,33.90999984741211,33.90999984741211,33.57440185546875,33.64500045776367,27413,0.0,0.0
2024-01-30 11:30:00-05:00,33.665000915527344,33.665000915527344,33.41999816894531,33.494998931884766,11037,0.0,0.0
2024-01-30 12:30:00-05:00,33.5,33.529998779296875,33.209999084472656,33.5099983215332,16394,0.0,0.0
2024-01-30 13:30:00-05:00,33.5099983215332,33.690799713134766,33.5099983215332,33.654998779296875,14559,0.0,0.0
2024-01-30 14:30:00-05:00,33.65439987182617,33.82500076293945,33.56999969482422,33.82500076293945,26683,0.0,0.0
2024-01-30 15:30:00-05:00,33.83000183105469,33.83000183105469,33.439998626708984,33.54999923706055,32635,0.0,0.0
2024-01-31 09:30:00-05:00,33.349998474121094,33.7599983215332,32.8306999206543,33.67499923706055,23319,0.0,0.0
2024-01-31 10:30:00-05:00,33.709999084472656,33.85499954223633,33.560001373291016,33.619998931884766,20456,0.0,0.0
2024-01-31 11:30:00-05:00,33.630001068115234,34.04499816894531,33.55220031738281,34.02000045776367,25691,0.0,0.0
2024-01-31 12:30:00-05:00,34.03499984741211,34.08000183105469,33.88999938964844,33.95000076293945,19645,0.0,0.0
2024-01-31 13:30:00-05:00,33.989601135253906,34.040000915527344,33.46099853515625,33.529998779296875,22983,0.0,0.0
2024-01-31 14:30:00-05:00,33.560001373291016,34.439998626708984,33.13999938964844,33.27000045776367,55822,0.0,0.0
2024-01-31 15:30:00-05:00,33.16120147705078,33.19499969482422,32.790000915527344,32.81999969482422,66230,0.0,0.0
2024-02-01 09:30:00-05:00,33.310001373291016,34.11000061035156,33.310001373291016,33.57500076293945,56381,0.0,0.0
2024-02-01 10:30:00-05:00,33.459999084472656,33.459999084472656,32.560001373291016,32.98540115356445,44665,0.0,0.0
2024-02-01 11:30:00-05:00,33.07749938964844,33.56999969482422,32.96009826660156,33.499900817871094,13798,0.0,0.0
2024-02-01 12:30:00-05:00,33.47999954223633,33.79999923706055,33.45000076293945,33.66790008544922,45500,0.0,0.0
2024-02-01 13:30:00-05:00,33.630001068115234,33.689998626708984,33.38010025024414,33.6150016784668,11479,0.0,0.0
2024-02-01 14:30:00-05:00,33.59000015258789,33.86949920654297,33.54999923706055,33.72999954223633,20179,0.0,0.0
2024-02-01 15:30:00-05:00,33.779998779296875,34.00749969482422,33.68000030517578,33.9900016784668,79259,0.0,0.0
2024-02-02 09:30:00-05:00,33.15999984741211,33.41999816894531,32.38999938964844,32.76499938964844,73800,0.0,0.0
2024-02-02 10:30:00-05:00,32.6599006652832,33.06999969482422,32.584999084472656,33.01499938964844,33819,0.0,0.0
2024-02-02 11:30:00-05:00,33.005001068115234,33.11000061035156,32.689998626708984,32.880001068115234,34297,0.0,0.0
2024-02-02 12:30:00-05:00,32.970001220703125,33.02000045776367,32.66999816894531,32.90999984741211,17139,0.0,0.0
2024-02-02 13:30:00-05:00,32.959999084472656,33.560001373291016,32.90729904174805,33.529998779296875,17674,0.0,0.0
2024-02-02 14:30:00-05:00,33.5099983215332,33.619998931884766,33.209999084472656,33.34000015258789,24607,0.0,0.0
2024-02-02 15:30:00-05:00,33.31999969482422,33.369998931884766,33.18000030517578,33.22999954223633,29294,0.0,0.0
2024-02-05 09:30:00-05:00,32.689998626708984,33.13999938964844,30.600099563598633,30.84000015258789,119184,0.0,0.0
2024-02-05 10:30:00-05:00,30.780000686645508,30.989999771118164,30.280000686645508,30.451000213623047,66074,0.0,0.0
2024-02-05 11:30:00-05:00,30.624000549316406,30.799999237060547,30.400100708007812,30.655000686645508,50201,0.0,0.0
2024-02-05 12:30:00-05:00,30.655000686645508,30.729999542236328,30.344999313354492,30.579999923706055,33688,0.0,0.0
2024-02-05 13:30:00-05:00,30.549999237060547,30.739999771118164,30.360000610351562,30.575000762939453,41383,0.0,0.0
2024-02-05 14:30:00-05:00,30.639999389648438,31.020000457763672,30.56999969482422,30.8799991607666,49732,0.0,0.0
2024-02-05 15:30:00-05:00,30.860000610351562,31.049999237060547,30.709999084472656,31.049999237060547,136012,0.0,0.0
2024-02-06 09:30:00-05:00,30.899999618530273,31.549999237060547,30.700000762939453,30.9950008392334,62942,0.0,0.0
2024-02-06 10:30:00-05:00,31.03499984741211,31.149999618530273,30.65999984741211,30.829999923706055,16704,0.0,0.0
2024-02-06 11:30:00-05:00,30.87380027770996,30.920000076293945,30.510000228881836,30.600000381469727,24933,0.0,0.0
2024-02-06 12:30:00-05:00,30.559999465942383,30.729999542236328,30.510000228881836,30.59000015258789,17463,0.0,0.0
2024-02-06 13:30:00-05:00,30.610000610351562,30.719999313354492,30.479999542236328,30.600000381469727,50219,0.0,0.0
2024-02-06 14:30:00-05:00,30.610000610351562,31.235000610351562,30.540000915527344,31.1299991607666,51314,0.0,0.0
2024-02-06 15:30:00-05:00,31.139999389648438,31.31999969482422,31.049999237060547,31.200000762939453,64603,0.0,0.0
2024-02-07 09:30:00-05:00,31.350000381469727,31.751300811767578,31.110000610351562,31.540000915527344,32283,0.0,0.0
2024-02-07 10:30:00-05:00,31.549999237060547,31.93000030517578,31.350000381469727,31.450000762939453,23321,0.0,0.0
2024-02-07 11:30:00-05:00,31.399999618530273,31.40999984741211,30.940000534057617,31.0,16242,0.0,0.0
2024-02-07 12:30:00-05:00,31.049999237060547,31.165000915527344,30.920000076293945,31.059999465942383,16577,0.0,0.0
2024-02-07 13:30:00-05:00,31.079999923706055,31.229999542236328,31.020000457763672,31.190000534057617,19728,0.0,0.0
2024-02-07 14:30:00-05:00,31.219999313354492,31.3700008392334,31.149999618530273,31.290000915527344,23620,0.0,0.0
2024-02-07 15:30:00-05:00,31.290000915527344,31.309999465942383,31.149999618530273,31.219999313354492,51246,0.0,0.0
2024-02-08 09:30:00-05:00,31.219999313354492,31.28499984741211,30.700000762939453,30.884000778198242,31000,0.0,0.0
2024-02-08 10:30:00-05:00,30.895000457763672,31.0049991607666,30.719999313354492,30.739999771118164,36762,0.0,0.0
2024-02-08 11:30:00-05:00,30.719999313354492,31.5,30.625,31.375,39977,0.0,0.0
2024-02-08 12:30:00-05:00,31.375,31.540000915527344,31.19499969482422,31.485000610351562,31683,0.0,0.0
2024-02-08 13:30:00-05:00,31.510000228881836,31.7549991607666,31.510000228881836,31.719999313354492,22668,0.0,0.0
2024-02-08 14:30:00-05:00,31.68000030517578,31.68000030517578,31.459999084472656,31.55500030517578,28620,0.0,0.0
2024-02-08 15:30:00-05:00,31.549999237060547,31.65999984741211,31.469999313354492,31.600000381469727,56026,0.0,0.0
2024-02-09 09:30:00-05:00,31.770000457763672,32.130001068115234,31.149999618530273,32.0099983215332,59007,0.0,0.0
2024-02-09 10:30:00-05:00,32.0,32.44990158081055,31.959999084472656,32.34000015258789,27187,0.0,0.0
2024-02-09 11:30:00-05:00,32.29499816894531,32.57500076293945,32.165000915527344,32.5099983215332,24163,0.0,0.0
2024-02-09 12:30:00-05:00,32.5099983215332,32.97999954223633,32.439998626708984,32.869998931884766,25714,0.0,0.0
2024-02-09 13:30:00-05:00,32.86000061035156,32.95000076293945,32.609901428222656,32.849998474121094,24021,0.0,0.0
2024-02-09 14:30:00-05:00,32.81999969482422,32.81999969482422,32.25,32.25,24126,0.0,0.0
2024-02-09 15:30:00-05:00,32.27000045776367,32.47999954223633,32.25,32.439998626708984,41434,0.0,0.0
2024-02-12 09:30:00-05:00,32.56999969482422,34.130001068115234,32.537498474121094,34.027198791503906,69562,0.0,0.0
2024-02-12 10:30:00-05:00,34.025001525878906,34.70000076293945,34.025001525878906,34.21329879760742,68157,0.0,0.0
2024-02-12 11:30:00-05:00,34.329898834228516,34.529998779296875,34.209999084472656,34.209999084472656,45548,0.0,0.0
2024-02-12 12:30:00-05:00,34.22999954223633,34.5099983215332,34.189998626708984,34.189998626708984,24621,0.0,0.0
2024-02-12 13:30:00-05:00,34.22999954223633,34.29999923706055,33.849998474121094,34.005001068115234,22689,0.0,0.0
2024-02-12 14:30:00-05:00,34.07500076293945,34.310699462890625,33.93000030517578,34.060001373291016,32099,0.0,0.0
2024-02-12 15:30:00-05:00,34.029998779296875,34.27000045776367,33.970001220703125,34.18000030517578,66570,0.0,0.0
2024-02-13 09:30:00-05:00,32.220001220703125,32.220001220703125,31.109899520874023,31.700000762939453,96975,0.0,0.0
2024-02-13 10:30:00-05:00,31.829999923706055,31.844999313354492,31.3799991607666,31.670000076293945,44651,0.0,0.0
2024-02-13 11:30:00-05:00,31.700000762939453,31.969999313354492,31.530000686645508,31.639999389648438,33629,0.0,0.0
2024-02-13 12:30:00-05:00,31.704999923706055,31.82990074157715,31.575000762939453,31.78499984741211,26468,0.0,0.0
2024-02-13 13:30:00-05:00,31.760000228881836,31.770000457763672,31.520000457763672,31.649999618530273,39510,0.0,0.0
2024-02-13 14:30:00-05:00,31.65999984741211,31.850000381469727,31.559999465942383,31.679500579833984,48835,0.0,0.0
2024-02-13 15:30:00-05:00,31.68000030517578,31.770000457763672,31.610000610351562,31.709999084472656,62626,0.0,0.0
2024-02-14 09:30:00-05:00,32.45000076293945,32.45000076293945,31.915000915527344,32.189998626708984,20613,0.0,0.0
2024-02-14 10:30:00-05:00,32.084999084472656,32.227298736572266,31.899999618530273,32.19490051269531,16579,0.0,0.0
2024-02-14 11:30:00-05:00,32.2598991394043,32.470001220703125,32.13999938964844,32.470001220703125,15921,0.0,0.0
2024-02-14 12:30:00-05:00,32.38999938964844,32.529998779296875,32.31999969482422,32.33000183105469,18894,0.0,0.0
2024-02-14 13:30:00-05:00,32.40999984741211,33.2599983215332,32.38999938964844,33.09000015258789,26508,0.0,0.0
2024-02-14 14:30:00-05:00,33.09000015258789,33.24140167236328,32.810001373291016,33.119998931884766,24807,0.0,0.0
2024-02-14 15:30:00-05:00,33.060001373291016,33.220001220703125,32.91999816894531,33.09000015258789,77441,0.0,0.0
2024-02-15 09:30:00-05:00,33.4900016784668,33.4900016784668,32.83000183105469,33.21699905395508,29611,0.0,0.0
2024-02-15 10:30:00-05:00,33.220001220703125,33.2400016784668,32.55009841918945,33.02000045776367,27169,0.0,0.0
2024-02-15 11:30:00-05:00,32.970001220703125,33.06999969482422,32.86000061035156,33.0,14082,0.0,0.0
2024-02-15 12:30:00-05:00,32.97999954223633,33.08000183105469,32.827598571777344,33.08000183105469,17169,0.0,0.0
2024-02-15 13:30:00-05:00,33.08000183105469,33.47999954223633,33.06999969482422,33.38999938964844,22310,0.0,0.0
2024-02-15 14:30:00-05:00,33.39500045776367,33.5,33.25,33.2849006652832,23209,0.0,0.0
2024-02-15 15:30:00-05:00,33.28390121459961,33.45000076293945,33.25,33.45000076293945,35828,0.0,0.0
2024-02-16 09:30:00-05:00,32.58000183105469,32.92499923706055,32.22999954223633,32.5,45591,0.0,0.0
2024-02-16 10:30:00-05:00,32.45000076293945,32.72999954223633,32.310001373291016,32.65999984741211,18168,0.0,0.0
2024-02-16 11:30:00-05:00,32.66999816894531,32.71500015258789,32.29869842529297,32.439998626708984,33506,0.0,0.0
2024-02-16 12:30:00-05:00,32.47999954223633,32.54859924316406,32.275001525878906,32.39500045776367,16885,0.0,0.0
2024-02-16 13:30:00-05:00,32.369998931884766,32.7598991394043,32.369998931884766,32.689998626708984,24463,0.0,0.0
2024-02-16 14:30:00-05:00,32.693199157714844,32.693199157714844,32.439998626708984,32.65999984741211,25154,0.0,0.0
2024-02-16 15:30:00-05:00,32.65999984741211,32.720001220703125,32.4900016784668,32.630001068115234,69112,0.0,0.0
2024-02-20 09:30:00-05:00,32.060001373291016,32.36389923095703,31.690000534057617,32.255001068115234,36130,0.0,0.0
2024-02-20 10:30:00-05:00,32.22999954223633,32.68000030517578,31.93000030517578,32.68000030517578,44148,0.0,0.0
2024-02-20 11:30:00-05:00,32.650001525878906,32.83000183105469,32.58000183105469,32.59000015258789,28891,0.0,0.0
2024-02-20 12:30:00-05:00,32.59000015258789,32.7400016784668,32.52000045776367,32.58000183105469,16903,0.0,0.0
2024-02-20 13:30:00-05:00,32.5,32.72999954223633,32.470001220703125,32.625,17789,0.0,0.0
2024-02-20 14:30:00-05:00,32.599998474121094,32.81999969482422,32.59349822998047,32.70000076293945,30455,0.0,0.0
2024-02-20 15:30:00-05:00,32.71500015258789,32.88999938964844,32.470001220703125,32.88999938964844,61558,0.0,0.0
2024-02-21 09:30:00-05:00,32.88999938964844,33.77000045776367,32.84000015258789,33.619998931884766,74965,0.0,0.0
2024-02-21 10:30:00-05:00,33.720001220703125,33.810001373291016,33.415000915527344,33.415000915527344,26618,0.0,0.0
2024-02-21 11:30:00-05:00,33.369998931884766,33.42610168457031,33.02000045776367,33.400001525878906,42292,0.0,0.0
2024-02-21 12:30:00-05:00,33.415000915527344,33.41999816894531,33.11000061035156,33.22999954223633,23005,0.0,0.0
2024-02-21 13:30:00-05:00,33.18000030517578,33.279998779296875,33.05500030517578,33.08000183105469,19046,0.0,0.0
2024-02-21 14:30:00-05:00,33.02000045776367,33.11000061035156,32.63999938964844,32.95000076293945,50431,0.0,0.0
2024-02-21 15:30:00-05:00,32.94499969482422,33.415000915527344,32.94499969482422,33.27000045776367,48514,0.0,0.0
2024-02-22 09:30:00-05:00,33.41999816894531,35.59000015258789,33.41999816894531,34.849998474121094,172817,0.0,0.0
2024-02-22 10:30:00-05:00,34.845001220703125,35.349998474121094,34.786598205566406,34.900001525878906,39360,0.0,0.0
2024-02-22 11:30:00-05:00,34.900001525878906,35.029998779296875,34.16999816894531,34.31999969482422,35194,0.0,0.0
2024-02-22 12:30:00-05:00,34.42499923706055,34.63990020751953,34.15589904785156,34.220001220703125,22100,0.0,0.0
2024-02-22 13:30:00-05:00,34.18000030517578,34.55500030517578,34.119998931884766,34.310001373291016,21016,0.0,0.0
2024-02-22 14:30:00-05:00,34.279998779296875,34.36000061035156,33.84000015258789,34.32500076293945,51786,0.0,0.0
2024-02-22 15:30:00-05:00,34.369998931884766,34.5099983215332,34.2400016784668,34.400001525878906,58399,0.0,0.0
2024-02-23 09:30:00-05:00,34.650001525878906,35.279998779296875,34.650001525878906,35.182098388671875,59440,0.0,0.0
2024-02-23 10:30:00-05:00,35.1427001953125,35.25,34.79999923706055,34.97999954223633,30330,0.0,0.0
2024-02-23 11:30:00-05:00,35.06999969482422,35.540000915527344,35.0,35.46500015258789,33274,0.0,0.0
2024-02-23 12:30:00-05:00,35.46500015258789,35.880001068115234,35.439998626708984,35.84629821777344,24282,0.0,0.0
2024-02-23 13:30:00-05:00,35.880001068115234,35.880001068115234,35.25,35.38999938964844,37740,0.0,0.0
2024-02-23 14:30:00-05:00,35.40999984741211,35.43009948730469,35.119998931884766,35.29999923706055,55402,0.0,0.0
2024-02-23 15:30:00-05:00,35.349998474121094,35.55690002441406,35.30500030517578,35.400001525878906,62042,0.0,0.0
2024-02-26 09:30:00-05:00,37.27000045776367,38.91999816894531,37.04999923706055,37.905601501464844,356122,0.0,0.0
2024-02-26 10:30:00-05:00,37.75,38.290000915527344,37.400001525878906,37.569400787353516,118606,0.0,0.0
2024-02-26 11:30:00-05:00,37.61000061035156,37.73460006713867,37.09000015258789,37.525001525878906,94894,0.0,0.0
2024-02-26 12:30:00-05:00,37.56999969482422,37.959999084472656,37.40999984741211,37.55870056152344,79026,0.0,0.0
2024-02-26 13:30:00-05:00,37.5099983215332,38.439998626708984,37.439998626708984,38.33000183105469,74947,0.0,0.0
2024-02-26 14:30:00-05:00,38.38999938964844,38.68000030517578,37.93000030517578,37.93000030517578,102021,0.0,0.0
2024-02-26 15:30:00-05:00,37.92499923706055,38.109901428222656,37.58000183105469,37.880001068115234,108107,0.0,0.0
2024-02-27 09:30:00-05:00,38.400001525878906,38.769901275634766,37.54999923706055,38.71839904785156,114247,0.0,0.0
2024-02-27 10:30:00-05:00,38.650001525878906,39.33000183105469,38.34000015258789,38.53990173339844,84891,0.0,0.0
2024-02-27 11:30:00-05:00,38.519901275634766,38.839900970458984,38.36429977416992,38.420101165771484,52022,0.0,0.0
2024-02-27 12:30:00-05:00,38.5,38.65399932861328,38.12009811401367,38.12009811401367,35861,0.0,0.0
2024-02-27 13:30:00-05:00,38.119998931884766,38.20000076293945,37.560001373291016,37.62009811401367,53393,0.0,0.0
2024-02-27 14:30:00-05:00,37.619998931884766,37.959999084472656,37.54999923706055,37.849998474121094,35034,0.0,0.0
2024-02-27 15:30:00-05:00,37.79999923706055,38.09000015258789,37.7400016784668,37.779998779296875,87062,0.0,0.0
2024-02-28 09:30:00-05:00,37.290000915527344,37.369998931884766,33.585899353027344,34.970001220703125,343078,0.0,0.0
2024-02-28 10:30:00-05:00,35.0099983215332,35.720001220703125,34.11249923706055,34.595001220703125,96289,0.0,0.0
2024-02-28 11:30:00-05:00,34.65999984741211,35.16999816894531,34.6411018371582,35.06999969482422,65910,0.0,0.0
2024-02-28 12:30:00-05:00,35.03200149536133,35.150001525878906,34.4474983215332,34.83000183105469,78436,0.0,0.0
2024-02-28 13:30:00-05:00,34.91999816894531,35.08000183105469,34.70500183105469,35.02000045776367,33759,0.0,0.0
2024-02-28 14:30:00-05:00,35.02000045776367,35.11000061035156,34.88999938964844,34.88999938964844,42749,0.0,0.0
2024-02-28 15:30:00-05:00,34.85499954223633,35.040000915527344,34.38999938964844,34.61000061035156,116598,0.0,0.0
2024-02-29 09:30:00-05:00,36.29999923706055,38.15999984741211,35.4463005065918,38.142799377441406,149967,0.0,0.0
2024-02-29 10:30:00-05:00,38.14500045776367,38.849998474121094,37.709999084472656,38.775001525878906,101797,0.0,0.0
2024-02-29 11:30:00-05:00,38.72999954223633,39.630001068115234,38.50680160522461,39.16999816894531,128603,0.0,0.0
2024-02-29 12:30:00-05:00,39.119998931884766,39.709999084472656,38.880001068115234,39.45159912109375,79700,0.0,0.0
2024-02-29 13:30:00-05:00,39.470001220703125,39.75,39.060001373291016,39.15999984741211,123832,0.0,0.0
2024-02-29 14:30:00-05:00,39.16999816894531,39.54999923706055,38.900001525878906,39.45000076293945,98114,0.0,0.0
2024-02-29 15:30:00-05:00,39.439998626708984,39.595001220703125,39.099998474121094,39.130001068115234,181060,0.0,0.0
2024-03-01 09:30:00-05:00,39.869998931884766,40.398101806640625,38.18000030517578,38.869998931884766,135489,0.0,0.0
2024-03-01 10:30:00-05:00,38.869998931884766,39.059898376464844,38.7400016784668,38.81999969482422,52847,0.0,0.0
2024-03-01 11:30:00-05:00,38.790000915527344,38.94499969482422,38.619998931884766,38.7599983215332,31209,0.0,0.0
2024-03-01 12:30:00-05:00,38.77000045776367,38.84000015258789,38.630001068115234,38.77000045776367,27709,0.0,0.0
2024-03-01 13:30:00-05:00,38.7599983215332,38.7599983215332,38.35499954223633,38.470001220703125,53119,0.0,0.0
2024-03-01 14:30:00-05:00,38.472900390625,38.61000061035156,38.25,38.5,74841,0.0,0.0
2024-03-01 15:30:00-05:00,38.470001220703125,38.779998779296875,38.470001220703125,38.59000015258789,138265,0.0,0.0
2024-03-04 09:30:00-05:00,38.86000061035156,39.810001373291016,38.5,38.8849983215332,67271,0.0,0.0
2024-03-04 10:30:00-05:00,38.88999938964844,39.505001068115234,38.7599983215332,39.4900016784668,46802,0.0,0.0
2024-03-04 11:30:00-05:00,39.43000030517578,39.6150016784668,39.31999969482422,39.57500076293945,39895,0.0,0.0
2024-03-04 12:30:00-05:00,39.619998931884766,39.98699951171875,39.4900016784668,39.900001525878906,41483,0.0,0.0
2024-03-04 13:30:00-05:00,39.93000030517578,39.93000030517578,39.08000183105469,39.26449966430664,69983,0.0,0.0
2024-03-04 14:30:00-05:00,39.30500030517578,39.36000061035156,38.869998931884766,38.869998931884766,45159,0.0,0.0
2024-03-04 15:30:00-05:00,38.88639831542969,38.9900016784668,38.63999938964844,38.90999984741211,64487,0.0,0.0
2024-03-05 09:30:00-05:00,38.689998626708984,39.19839859008789,38.209999084472656,38.51499938964844,46868,0.0,0.0
2024-03-05 10:30:00-05:00,38.540000915527344,38.58000183105469,37.849998474121094,37.959999084472656,48373,0.0,0.0
2024-03-05 11:30:00-05:00,37.91999816894531,38.400001525878906,37.83000183105469,38.27000045776367,32029,0.0,0.0
2024-03-05 12:30:00-05:00,38.220001220703125,38.310001373291016,38.099998474121094,38.189998626708984,20201,0.0,0.0
2024-03-05 13:30:00-05:00,38.189998626708984,38.2599983215332,37.90999984741211,38.02000045776367,21712,0.0,0.0
2024-03-05 14:30:00-05:00,37.970001220703125,37.970001220703125,37.34000015258789,37.650001525878906,42228,0.0,0.0
2024-03-05 15:30:00-05:00,37.599998474121094,37.88999938964844,37.52000045776367,37.7400016784668,58305,0.0,0.0
2024-03-06 09:30:00-05:00,38.2599983215332,38.40999984741211,37.15999984741211,37.2599983215332,51182,0.0,0.0
2024-03-06 10:30:00-05:00,37.22999954223633,37.95000076293945,37.099998474121094,37.86000061035156,47080,0.0,0.0
2024-03-06 11:30:00-05:00,37.810001373291016,38.209999084472656,37.54499816894531,38.125,42635,0.0,0.0
2024-03-06 12:30:00-05:00,38.10499954223633,38.10499954223633,37.72999954223633,37.7599983215332,32759,0.0,0.0
2024-03-06 13:30:00-05:00,37.72999954223633,38.400001525878906,37.52000045776367,38.400001525878906,73446,0.0,0.0
2024-03-06 14:30:00-05:00,38.400001525878906,38.459999084472656,38.154998779296875,38.45000076293945,39115,0.0,0.0
2024-03-06 15:30:00-05:00,38.47999954223633,38.70000076293945,38.345001220703125,38.689998626708984,59830,0.0,0.0
2024-03-07 09:30:00-05:00,39.290000915527344,39.88999938964844,39.290000915527344,39.70000076293945,47978,0.0,0.0
2024-03-07 10:30:00-05:00,39.709999084472656,39.83000183105469,39.09000015258789,39.16999816894531,41933,0.0,0.0
2024-03-07 11:30:00-05:00,39.21070098876953,39.21070098876953,38.63999938964844,38.959999084472656,70647,0.0,0.0
2024-03-07 12:30:00-05:00,38.97999954223633,39.06999969482422,38.73899841308594,38.779998779296875,25521,0.0,0.0
2024-03-07 13:30:00-05:00,38.790000915527344,38.86320114135742,38.5099983215332,38.5099983215332,24094,0.0,0.0
2024-03-07 14:30:00-05:00,38.52000045776367,38.59989929199219,38.220001220703125,38.22999954223633,29889,0.0,0.0
2024-03-07 15:30:00-05:00,38.25,38.4900016784668,38.209999084472656,38.4900016784668,54230,0.0,0.0
2024-03-08 09:30:00-05:00,38.83000183105469,39.650001525878906,38.71009826660156,39.2400016784668,45397,0.0,0.0
2024-03-08 10:30:00-05:00,39.25,39.41999816894531,38.72999954223633,38.72999954223633,48038,0.0,0.0
2024-03-08 11:30:00-05:00,38.72990036010742,38.810001373291016,38.397499084472656,38.65999984741211,36159,0.0,0.0
2024-03-08 12:30:00-05:00,38.650001525878906,38.83000183105469,38.36000061035156,38.39500045776367,13946,0.0,0.0
2024-03-08 13:30:00-05:00,38.459999084472656,38.4900016784668,37.81999969482422,38.220001220703125,32779,0.0,0.0
2024-03-08 14:30:00-05:00,38.244998931884766,38.516700744628906,38.18000030517578,38.18000030517578,17284,0.0,0.0
2024-03-08 15:30:00-05:00,38.19499969482422,38.279998779296875,37.849998474121094,37.86000061035156,65893,0.0,0.0
2024-03-11 09:30:00-04:00,37.72999954223633,37.93000030517578,36.849998474121094,37.33000183105469,40639,0.0,0.0
2024-03-11 10:30:00-04:00,37.32500076293945,37.77000045776367,37.32500076293945,37.53499984741211,16507,0.0,0.0
2024-03-11 11:30:00-04:00,37.46500015258789,37.689998626708984,37.220001220703125,37.62009811401367,20304,0.0,0.0
2024-03-11 12:30:00-04:00,37.72700119018555,38.055999755859375,37.54999923706055,37.848899841308594,85006,0.0,0.0
2024-03-11 13:30:00-04:00,37.88570022583008,37.91999816894531,37.33000183105469,37.59000015258789,30436,0.0,0.0
2024-03-11 14:30:00-04:00,37.54999923706055,38.119998931884766,37.4900016784668,38.0099983215332,64150,0.0,0.0
2024-03-11 15:30:00-04:00,38.005001068115234,38.439998626708984,37.970001220703125,38.34000015258789,76903,0.0,0.0
2024-03-12 09:30:00-04:00,38.130001068115234,39.06999969482422,37.83000183105469,38.79999923706055,65911,0.0,0.0
2024-03-12 10:30:00-04:00,38.849998474121094,39.66120147705078,38.849998474121094,39.6599006652832,34086,0.0,0.0
2024-03-12 11:30:00-04:00,39.61000061035156,39.75,39.52000045776367,39.709999084472656,35646,0.0,0.0
2024-03-12 12:30:00-04:00,39.66999816894531,39.96820068359375,39.2047004699707,39.23160171508789,96967,0.0,0.0
2024-03-12 13:30:00-04:00,39.2599983215332,39.900001525878906,39.20000076293945,39.900001525878906,28363,0.0,0.0
2024-03-12 14:30:00-04:00,39.93000030517578,40.3025016784668,39.7599983215332,40.279998779296875,75552,0.0,0.0
2024-03-12 15:30:00-04:00,40.290000915527344,40.29999923706055,40.095001220703125,40.099998474121094,71725,0.0,0.0
2024-03-13 09:30:00-04:00,40.09000015258789,41.0,39.88999938964844,40.66999816894531,94136,0.0,0.0
2024-03-13 10:30:00-04:00,40.63999938964844,40.87990188598633,40.220001220703125,40.87990188598633,54504,0.0,0.0
2024-03-13 11:30:00-04:00,40.814998626708984,41.189998626708984,40.65999984741211,40.869998931884766,44647,0.0,0.0
2024-03-13 12:30:00-04:00,40.915000915527344,41.36989974975586,40.86000061035156,41.27000045776367,33313,0.0,0.0
2024-03-13 13:30:00-04:00,41.279998779296875,41.470001220703125,41.04999923706055,41.41999816894531,56723,0.0,0.0
2024-03-13 14:30:00-04:00,41.43000030517578,41.77000045776367,40.790000915527344,40.869998931884766,92981,0.0,0.0
2024-03-13 15:30:00-04:00,40.89500045776367,41.290000915527344,40.89500045776367,41.20000076293945,91179,0.0,0.0
2024-03-14 09:30:00-04:00,41.099998474121094,41.099998474121094,38.36000061035156,38.52000045776367,125706,0.0,0.0
2024-03-14 10:30:00-04:00,38.59000015258789,38.99760055541992,37.61000061035156,37.900001525878906,98309,0.0,0.0
2024-03-14 11:30:00-04:00,38.02000045776367,38.16999816894531,37.61880111694336,38.09000015258789,42897,0.0,0.0
2024-03-14 12:30:00-04:00,38.099998474121094,38.5,37.70000076293945,38.5,67741,0.0,0.0
2024-03-14 13:30:00-04:00,38.5,38.88999938964844,38.31999969482422,38.38999938964844,50932,0.0,0.0
2024-03-14 14:30:00-04:00,38.36000061035156,38.5,37.70000076293945,37.75279998779297,55224,0.0,0.0
2024-03-14 15:30:00-04:00,37.76499938964844,37.919898986816406,37.61880111694336,37.70000076293945,94415,0.0,0.0
2024-03-15 09:30:00-04:00,37.29999923706055,37.83000183105469,35.2599983215332,35.97999954223633,206607,0.0,0.0
2024-03-15 10:30:00-04:00,36.0,36.36240005493164,35.63999938964844,35.92499923706055,78316,0.0,0.0
2024-03-15 11:30:00-04:00,35.92499923706055,35.959999084472656,35.31019973754883,35.63999938964844,57629,0.0,0.0
2024-03-15 12:30:00-04:00,35.630001068115234,35.70000076293945,35.439998626708984,35.540000915527344,34534,0.0,0.0
2024-03-15 13:30:00-04:00,35.540000915527344,35.64339828491211,35.042999267578125,35.2400016784668,76975,0.0,0.0
2024-03-15 14:30:00-04:00,35.220001220703125,35.67900085449219,35.189998626708984,35.56999969482422,78438,0.0,0.0
2024-03-15 15:30:00-04:00,35.560001373291016,35.66999816894531,35.380001068115234,35.54999923706055,168141,0.0,0.0
2024-03-18 09:30:00-04:00,35.959999084472656,36.599998474121094,34.72359848022461,35.40999984741211,64741,0.0,0.0
2024-03-18 10:30:00-04:00,35.310001373291016,35.72999954223633,35.310001373291016,35.540000915527344,28565,0.0,0.0
2024-03-18 11:30:00-04:00,35.47999954223633,35.66999816894531,35.45000076293945,35.61709976196289,17989,0.0,0.0
2024-03-18 12:30:00-04:00,35.638099670410156,35.970001220703125,35.400001525878906,35.61000061035156,44497,0.0,0.0
2024-03-18 13:30:00-04:00,35.619998931884766,35.959999084472656,35.619998931884766,35.849998474121094,19399,0.0,0.0
2024-03-18 14:30:00-04:00,35.880001068115234,35.959999084472656,35.647499084472656,35.70819854736328,30791,0.0,0.0
2024-03-18 15:30:00-04:00,35.650001525878906,35.689998626708984,35.209999084472656,35.29999923706055,39999,0.0,0.0
2024-03-19 09:30:00-04:00,34.88999938964844,35.0,34.50600051879883,34.51250076293945,28075,0.0,0.0
2024-03-19 10:30:00-04:00,34.650001525878906,35.47999954223633,34.54999923706055,35.29800033569336,24720,0.0,0.0
2024-03-19 11:30:00-04:00,35.38999938964844,35.744998931884766,35.380001068115234,35.72999954223633,26971,0.0,0.0
2024-03-19 12:30:00-04:00,35.63399887084961,35.959999084472656,35.630001068115234,35.630001068115234,33384,0.0,0.0
2024-03-19 13:30:00-04:00,35.77000045776367,35.8650016784668,35.630001068115234,35.779998779296875,27548,0.0,0.0
2024-03-19 14:30:00-04:00,35.75,35.900001525878906,35.560001373291016,35.77000045776367,37317,0.0,0.0
2024-03-19 15:30:00-04:00,35.76499938964844,35.849998474121094,35.594200134277344,35.84000015258789,74980,0.0,0.0
2024-03-20 09:30:00-04:00,35.5099983215332,36.209999084472656,35.5099983215332,36.20940017700195,40087,0.0,0.0
2024-03-20 10:30:00-04:00,36.14400100708008,36.98619842529297,36.099998474121094,36.981201171875,40870,0.0,0.0
2024-03-20 11:30:00-04:00,36.95500183105469,37.11000061035156,36.939998626708984,37.0099983215332,36275,0.0,0.0
2024-03-20 12:30:00-04:00,37.029998779296875,37.40399932861328,37.0099983215332,37.33470153808594,32142,0.0,0.0
2024-03-20 13:30:00-04:00,37.29999923706055,38.11000061035156,37.22999954223633,37.720001220703125,46094,0.0,0.0
2024-03-20 14:30:00-04:00,37.7599983215332,38.66999816894531,37.25,38.630001068115234,71379,0.0,0.0
2024-03-20 15:30:00-04:00,38.65999984741211,38.939998626708984,38.54999923706055,38.7599983215332,107011,0.0,0.0
2024-03-21 09:30:00-04:00,39.41999816894531,40.279998779296875,39.20589828491211,40.05500030517578,84342,0.0,0.0
2024-03-21 10:30:00-04:00,40.08000183105469,40.98509979248047,39.920101165771484,40.665000915527344,52575,0.0,0.0
2024-03-21 11:30:00-04:00,40.71120071411133,40.95000076293945,40.335201263427734,40.619998931884766,51383,0.0,0.0
2024-03-21 12:30:00-04:00,40.68830108642578,40.790000915527344,39.91999816894531,40.03499984741211,60135,0.0,0.0
2024-03-21 13:30:00-04:00,40.051998138427734,40.36640167236328,39.83000183105469,40.36640167236328,21046,0.0,0.0
2024-03-21 14:30:00-04:00,40.435001373291016,40.4900016784668,40.08100128173828,40.400001525878906,26887,0.0,0.0
2024-03-21 15:30:00-04:00,40.439998626708984,40.470001220703125,39.709999084472656,39.720001220703125,62114,0.0,0.0
2024-03-22 09:30:00-04:00,40.40999984741211,41.630001068115234,39.79999923706055,41.525001525878906,140081,0.0,0.0
2024-03-22 10:30:00-04:00,41.57509994506836,42.308998107910156,41.4900016784668,42.25,93448,0.0,0.0
2024-03-22 11:30:00-04:00,42.2599983215332,42.512298583984375,41.201900482177734,41.349998474121094,48403,0.0,0.0
2024-03-22 12:30:00-04:00,41.340599060058594,41.340599060058594,40.970001220703125,41.060001373291016,45654,0.0,0.0
2024-03-22 13:30:00-04:00,41.060001373291016,41.77399826049805,40.91999816894531,41.75210189819336,51086,0.0,0.0
2024-03-22 14:30:00-04:00,41.74919891357422,42.342098236083984,41.599998474121094,42.08000183105469,135207,0.0,0.0
2024-03-22 15:30:00-04:00,42.08000183105469,42.15999984741211,41.81999969482422,42.099998474121094,80914,0.0,0.0
2024-03-25 09:30:00-04:00,42.150001525878906,42.97999954223633,42.04999923706055,42.59000015258789,129533,0.0,0.0
2024-03-25 10:30:00-04:00,42.529998779296875,42.86000061035156,42.150001525878906,42.5099983215332,78421,0.0,0.0
2024-03-25 11:30:00-04:00,42.51499938964844,42.94559860229492,42.43989944458008,42.82500076293945,31470,0.0,0.0
2024-03-25 12:30:00-04:00,42.779998779296875,43.06010055541992,42.599998474121094,42.87889862060547,44118,0.0,0.0
2024-03-25 13:30:00-04:00,42.9370002746582,43.20000076293945,42.904998779296875,43.16510009765625,34444,0.0,0.0
2024-03-25 14:30:00-04:00,43.1349983215332,43.13999938964844,42.470001220703125,42.50149917602539,52167,0.0,0.0
2024-03-25 15:30:00-04:00,42.48500061035156,42.79999923706055,42.3849983215332,42.599998474121094,62639,0.0,0.0
2024-03-26 09:30:00-04:00,42.88999938964844,43.400001525878906,42.349998474121094,42.59000015258789,75135,0.0,0.0
2024-03-26 10:30:00-04:00,42.57699966430664,42.904998779296875,42.41999816894531,42.599998474121094,47215,0.0,0.0
2024-03-26 11:30:00-04:00,42.54999923706055,42.587501525878906,42.275001525878906,42.34000015258789,65383,0.0,0.0
2024-03-26 12:30:00-04:00,42.45000076293945,42.459999084472656,41.60499954223633,41.88999938964844,61400,0.0,0.0
2024-03-26 13:30:00-04:00,41.900001525878906,42.040000915527344,41.650001525878906,41.71039962768555,42055,0.0,0.0
2024-03-26 14:30:00-04:00,41.709999084472656,41.900001525878906,41.439998626708984,41.439998626708984,45391,0.0,0.0
2024-03-26 15:30:00-04:00,41.40999984741211,41.869998931884766,41.18000030517578,41.529998779296875,147956,0.0,0.0
2024-03-27 09:30:00-04:00,42.25,42.40999984741211,41.310001373291016,41.33000183105469,60679,0.0,0.0
2024-03-27 10:30:00-04:00,41.41999816894531,41.695701599121094,41.34000015258789,41.56999969482422,45151,0.0,0.0
2024-03-27 11:30:00-04:00,41.566200256347656,41.779998779296875,41.310001373291016,41.404998779296875,27408,0.0,0.0
2024-03-27 12:30:00-04:00,41.415199279785156,41.584999084472656,41.33000183105469,41.369998931884766,25267,0.0,0.0
2024-03-27 13:30:00-04:00,41.37009811401367,41.525001525878906,41.34000015258789,41.5,27752,0.0,0.0
2024-03-27 14:30:00-04:00,41.52000045776367,41.52000045776367,41.099998474121094,41.47999954223633,40357,0.0,0.0
2024-03-27 15:30:00-04:00,41.439998626708984,42.064998626708984,41.349998474121094,41.97999954223633,58943,0.0,0.0
2024-03-28 09:30:00-04:00,41.97999954223633,43.2400016784668,41.97999954223633,43.18000030517578,47521,0.0,0.0
2024-03-28 10:30:00-04:00,43.20000076293945,44.130001068115234,43.119998931884766,44.115699768066406,59808,0.0,0.0
2024-03-28 11:30:00-04:00,44.040000915527344,44.380001068115234,43.97949981689453,44.31999969482422,39811,0.0,0.0
2024-03-28 12:30:00-04:00,44.160099029541016,44.25,43.25,43.255001068115234,67487,0.0,0.0
2024-03-28 13:30:00-04:00,43.32500076293945,43.56999969482422,43.165000915527344,43.29999923706055,48901,0.0,0.0
2024-03-28 14:30:00-04:00,43.30400085449219,44.20000076293945,43.25,43.68000030517578,70340,0.0,0.0
2024-03-28 15:30:00-04:00,43.69499969482422,43.91400146484375,43.59939956665039,43.720001220703125,75075,0.0,0.0
2024-04-01 09:30:00-04:00,43.75,43.79999923706055,42.560001373291016,42.90999984741211,86904,0.0,0.0
2024-04-01 10:30:00-04:00,42.890098571777344,43.33000183105469,42.810001373291016,43.25,47392,0.0,0.0
2024-04-01 11:30:00-04:00,43.25,43.34000015258789,42.720001220703125,43.18000030517578,64235,0.0,0.0
2024-04-01 12:30:00-04:00,43.2599983215332,43.29499816894531,42.79999923706055,42.84000015258789,51812,0.0,0.0
2024-04-01 13:30:00-04:00,42.820098876953125,43.09000015258789,42.75,42.94160079956055,24724,0.0,0.0
2024-04-01 14:30:00-04:00,42.95100021362305,43.18000030517578,42.709999084472656,42.83000183105469,28667,0.0,0.0
2024-04-01 15:30:00-04:00,42.849998474121094,42.939998626708984,42.56999969482422,42.93000030517578,59366,0.0,0.0
2024-04-02 09:30:00-04:00,42.47999954223633,42.47999954223633,40.900001525878906,41.93000030517578,154781,0.0,0.0
2024-04-02 10:30:00-04:00,41.871498107910156,42.24580001831055,41.79999923706055,41.939998626708984,49252,0.0,0.0
2024-04-02 11:30:00-04:00,41.94499969482422,42.13999938964844,41.5099983215332,41.68000030517578,55718,0.0,0.0
2024-04-02 12:30:00-04:00,41.68000030517578,41.900001525878906,41.33000183105469,41.880001068115234,42327,0.0,0.0
2024-04-02 13:30:00-04:00,41.84000015258789,42.005001068115234,41.400001525878906,41.88999938964844,50903,0.0,0.0
2024-04-02 14:30:00-04:00,41.849998474121094,41.95000076293945,41.63999938964844,41.744998931884766,52239,0.0,0.0
2024-04-02 15:30:00-04:00,41.790000915527344,42.04999923706055,41.599998474121094,41.65999984741211,76616,0.0,0.0
2024-04-03 09:30:00-04:00,41.2599983215332,42.560001373291016,41.2599983215332,42.540000915527344,68223,0.0,0.0
2024-04-03 10:30:00-04:00,42.619998931884766,43.117000579833984,42.55160140991211,42.90999984741211,74353,0.0,0.0
2024-04-03 11:30:00-04:00,42.849998474121094,42.970001220703125,42.5,42.81999969482422,26894,0.0,0.0
2024-04-03 12:30:00-04:00,42.83000183105469,43.20000076293945,42.83000183105469,42.93000030517578,38527,0.0,0.0
2024-04-03 13:30:00-04:00,42.915000915527344,43.189998626708984,42.88999938964844,43.119998931884766,22520,0.0,0.0
2024-04-03 14:30:00-04:00,43.095001220703125,43.16999816894531,42.779998779296875,42.880001068115234,50748,0.0,0.0
2024-04-03 15:30:00-04:00,42.849998474121094,43.12670135498047,42.83000183105469,43.04999923706055,67460,0.0,0.0
2024-04-04 09:30:00-04:00,43.88999938964844,44.279998779296875,43.529998779296875,44.11000061035156,44068,0.0,0.0
2024-04-04 10:30:00-04:00,44.0099983215332,44.26449966430664,43.980098724365234,44.06999969482422,39610,0.0,0.0
2024-04-04 11:30:00-04:00,44.06999969482422,44.15999984741211,43.79499816894531,43.874000549316406,27736,0.0,0.0
2024-04-04 12:30:00-04:00,43.87839889526367,43.939998626708984,43.358699798583984,43.63999938964844,27577,0.0,0.0
2024-04-04 13:30:00-04:00,43.540000915527344,43.540000915527344,42.654998779296875,42.654998779296875,40648,0.0,0.0
2024-04-04 14:30:00-04:00,42.619998931884766,42.619998931884766,42.08000183105469,42.08000183105469,60349,0.0,0.0
2024-04-04 15:30:00-04:00,42.11000061035156,42.380001068115234,42.08000183105469,42.16999816894531,74277,0.0,0.0
2024-04-05 09:30:00-04:00,42.130001068115234,43.709999084472656,42.130001068115234,43.21500015258789,69213,0.0,0.0
2024-04-05 10:30:00-04:00,43.279998779296875,43.36000061035156,42.849998474121094,43.0,80137,0.0,0.0
2024-04-05 11:30:00-04:00,43.0,43.36000061035156,42.86000061035156,42.869998931884766,82015,0.0,0.0
2024-04-05 12:30:00-04:00,42.880001068115234,43.0099983215332,42.56999969482422,42.75,56636,0.0,0.0
2024-04-05 13:30:00-04:00,42.79999923706055,42.814998626708984,42.5099983215332,42.70000076293945,44437,0.0,0.0
2024-04-05 14:30:00-04:00,42.70000076293945,43.040000915527344,42.630001068115234,43.029998779296875,28333,0.0,0.0
2024-04-05 15:30:00-04:00,43.0,43.119998931884766,42.7599983215332,42.93000030517578,45967,0.0,0.0
2024-04-08 09:30:00-04:00,43.15999984741211,43.45000076293945,42.2400016784668,42.65999984741211,41391,0.0,0.0
2024-04-08 10:30:00-04:00,42.70000076293945,42.8849983215332,42.630001068115234,42.630001068115234,83744,0.0,0.0
2024-04-08 11:30:00-04:00,42.650001525878906,42.650001525878906,42.09000015258789,42.40999984741211,80593,0.0,0.0
2024-04-08 12:30:00-04:00,42.369998931884766,42.54249954223633,42.189998626708984,42.342899322509766,28330,0.0,0.0
2024-04-08 13:30:00-04:00,42.310001373291016,42.4900016784668,42.20000076293945,42.25,24595,0.0,0.0
2024-04-08 14:30:00-04:00,42.22999954223633,42.2400016784668,41.88999938964844,41.91999816894531,49154,0.0,0.0
2024-04-08 15:30:00-04:00,41.880001068115234,42.099998474121094,41.77000045776367,42.09000015258789,71980,0.0,0.0
2024-04-09 09:30:00-04:00,42.540000915527344,42.540000915527344,41.22999954223633,41.41999816894531,58364,0.0,0.0
2024-04-09 10:30:00-04:00,41.45000076293945,41.470001220703125,40.290000915527344,40.45000076293945,111831,0.0,0.0
2024-04-09 11:30:00-04:00,40.40999984741211,40.529998779296875,39.41999816894531,39.959999084472656,64385,0.0,0.0
2024-04-09 12:30:00-04:00,39.959999084472656,40.09000015258789,39.72999954223633,39.790000915527344,35063,0.0,0.0
2024-04-09 13:30:00-04:00,39.82830047607422,40.150001525878906,39.75,40.0099983215332,31415,0.0,0.0
2024-04-09 14:30:00-04:00,39.999900817871094,40.369998931884766,39.68000030517578,40.369998931884766,79584,0.0,0.0
2024-04-09 15:30:00-04:00,40.34000015258789,40.43000030517578,39.900001525878906,40.0,67069,0.0,0.0
2024-04-10 09:30:00-04:00,38.09000015258789,39.2400016784668,37.500099182128906,39.06999969482422,132919,0.0,0.0
2024-04-10 10:30:00-04:00,39.0099983215332,39.38999938964844,38.962799072265625,39.154998779296875,38029,0.0,0.0
2024-04-10 11:30:00-04:00,39.13999938964844,39.13999938964844,38.4900016784668,39.0,41647,0.0,0.0
2024-04-10 12:30:00-04:00,38.95000076293945,39.0099983215332,38.290000915527344,38.349998474121094,42730,0.0,0.0
2024-04-10 13:30:00-04:00,38.31999969482422,38.400001525878906,37.900001525878906,37.97880172729492,40151,0.0,0.0
2024-04-10 14:30:00-04:00,37.90999984741211,38.40999984741211,37.75,38.31999969482422,50088,0.0,0.0
2024-04-10 15:30:00-04:00,38.27000045776367,38.27000045776367,37.90999984741211,38.130001068115234,99626,0.0,0.0
2024-04-11 09:30:00-04:00,38.189998626708984,38.849998474121094,38.08000183105469,38.189998626708984,28589,0.0,0.0
2024-04-11 10:30:00-04:00,38.310001373291016,38.41999816894531,38.0,38.415000915527344,29297,0.0,0.0
2024-04-11 11:30:00-04:00,38.40999984741211,38.625,38.25,38.56159973144531,26560,0.0,0.0
2024-04-11 12:30:00-04:00,38.4900016784668,38.54999923706055,38.36000061035156,38.37630081176758,32962,0.0,0.0
2024-04-11 13:30:00-04:00,38.42499923706055,38.52000045776367,38.25,38.43980026245117,21607,0.0,0.0
2024-04-11 14:30:00-04:00,38.41999816894531,38.470001220703125,38.32500076293945,38.399898529052734,31851,0.0,0.0
2024-04-11 15:30:00-04:00,38.380001068115234,38.459999084472656,38.2599983215332,38.290000915527344,73821,0.0,0.0
2024-04-12 09:30:00-04:00,37.689998626708984,37.97999954223633,37.33000183105469,37.810001373291016,113319,0.0,0.0
2024-04-12 10:30:00-04:00,37.81800079345703,38.0,37.59000015258789,37.880001068115234,41418,0.0,0.0
2024-04-12 11:30:00-04:00,37.8849983215332,38.21500015258789,37.869998931884766,38.02000045776367,61297,0.0,0.0
2024-04-12 12:30:00-04:00,38.02000045776367,38.150001525878906,37.92499923706055,38.134498596191406,24812,0.0,0.0
2024-04-12 13:30:00-04:00,38.06999969482422,38.400001525878906,37.93000030517578,38.31999969482422,33974,0.0,0.0
2024-04-12 14:30:00-04:00,38.279998779296875,38.3849983215332,38.03499984741211,38.209999084472656,53977,0.0,0.0
2024-04-12 15:30:00-04:00,38.20000076293945,38.60609817504883,38.18000030517578,38.56999969482422,73317,0.0,0.0
2024-04-15 09:30:00-04:00,38.59000015258789,38.849998474121094,37.16600036621094,37.220001220703125,102786,0.0,0.0
2024-04-15 10:30:00-04:00,37.224998474121094,37.470001220703125,37.04999923706055,37.36000061035156,53328,0.0,0.0
2024-04-15 11:30:00-04:00,37.349998474121094,37.5,37.224998474121094,37.38999938964844,31646,0.0,0.0
2024-04-15 12:30:00-04:00,37.33000183105469,37.52000045776367,36.77000045776367,36.77000045776367,57559,0.0,0.0
2024-04-15 13:30:00-04:00,36.68000030517578,36.84000015258789,35.63999938964844,35.75,108550,0.0,0.0
2024-04-15 14:30:00-04:00,35.7599983215332,36.2599983215332,35.70500183105469,36.165000915527344,75566,0.0,0.0
2024-04-15 15:30:00-04:00,36.20000076293945,36.3849983215332,36.045501708984375,36.31999969482422,92924,0.0,0.0
2024-04-16 09:30:00-04:00,36.349998474121094,36.349998474121094,34.630001068115234,34.630001068115234,110510,0.0,0.0
2024-04-16 10:30:00-04:00,34.61000061035156,34.90999984741211,34.342098236083984,34.79999923706055,111180,0.0,0.0
2024-04-16 11:30:00-04:00,34.80500030517578,34.939998626708984,34.630001068115234,34.71500015258789,45722,0.0,0.0
2024-04-16 12:30:00-04:00,34.77000045776367,34.84000015258789,34.657501220703125,34.657501220703125,33365,0.0,0.0
2024-04-16 13:30:00-04:00,34.619998931884766,35.15999984741211,34.40999984741211,34.755001068115234,59855,0.0,0.0
2024-04-16 14:30:00-04:00,34.79010009765625,35.06999969482422,34.77000045776367,34.93000030517578,54386,0.0,0.0
2024-04-16 15:30:00-04:00,34.91999816894531,34.91999816894531,34.720001220703125,34.77000045776367,89268,0.0,0.0
2024-04-17 09:30:00-04:00,35.0,35.29999923706055,34.4900016784668,34.599998474121094,65877,0.0,0.0
2024-04-17 10:30:00-04:00,34.54999923706055,34.869998931884766,34.34000015258789,34.599998474121094,45762,0.0,0.0
2024-04-17 11:30:00-04:00,34.599998474121094,34.81999969482422,34.55009841918945,34.724998474121094,49643,0.0,0.0
2024-04-17 12:30:00-04:00,34.779998779296875,34.810001373291016,34.529998779296875,34.65999984741211,44787,0.0,0.0
2024-04-17 13:30:00-04:00,34.65999984741211,34.84700012207031,34.557498931884766,34.650001525878906,42431,0.0,0.0
2024-04-17 14:30:00-04:00,34.611900329589844,34.86000061035156,34.33000183105469,34.39500045776367,60620,0.0,0.0
2024-04-17 15:30:00-04:00,34.380001068115234,34.54359817504883,34.290000915527344,34.29999923706055,75684,0.0,0.0
2024-04-18 09:30:00-04:00,35.34000015258789,35.34000015258789,34.119998931884766,35.0099983215332,77814,0.0,0.0
2024-04-18 10:30:00-04:00,35.04999923706055,35.290000915527344,34.93000030517578,35.27000045776367,59256,0.0,0.0
2024-04-18 11:30:00-04:00,35.26499938964844,35.31999969482422,34.689998626708984,34.724998474121094,98370,0.0,0.0
2024-04-18 12:30:00-04:00,34.68000030517578,34.810001373291016,33.91999816894531,34.43000030517578,46652,0.0,0.0
2024-04-18 13:30:00-04:00,34.40999984741211,34.5,34.08000183105469,34.2400016784668,37489,0.0,0.0
2024-04-18 14:30:00-04:00,34.23500061035156,34.400001525878906,34.19499969482422,34.310001373291016,42874,0.0,0.0
2024-04-18 15:30:00-04:00,34.30500030517578,34.40999984741211,34.060001373291016,34.189998626708984,91866,0.0,0.0
2024-04-19 09:30:00-04:00,33.83000183105469,34.38999938964844,33.56629943847656,33.625701904296875,46127,0.0,0.0
2024-04-19 10:30:00-04:00,33.630001068115234,33.75,33.189998626708984,33.29999923706055,60808,0.0,0.0
2024-04-19 11:30:00-04:00,33.2599983215332,33.36000061035156,32.91999816894531,32.96500015258789,70343,0.0,0.0
2024-04-19 12:30:00-04:00,32.9900016784668,33.540000915527344,32.939998626708984,33.36000061035156,73535,0.0,0.0
2024-04-19 13:30:00-04:00,33.400001525878906,33.459999084472656,33.060001373291016,33.189998626708984,61118,0.0,0.0
2024-04-19 14:30:00-04:00,33.22999954223633,33.7400016784668,33.130001068115234,33.599998474121094,131225,0.0,0.0
2024-04-19 15:30:00-04:00,33.619998931884766,33.83000183105469,33.470001220703125,33.81999969482422,129106,0.0,0.0
2024-04-22 09:30:00-04:00,34.06999969482422,35.08000183105469,33.15999984741211,33.17499923706055,61561,0.0,0.0
2024-04-22 10:30:00-04:00,33.2400016784668,33.76499938964844,33.2400016784668,33.589900970458984,48859,0.0,0.0
2024-04-22 11:30:00-04:00,33.59000015258789,33.869998931884766,33.5,33.58000183105469,32254,0.0,0.0
2024-04-22 12:30:00-04:00,33.58000183105469,33.9900016784668,33.5,33.974998474121094,24941,0.0,0.0
2024-04-22 13:30:00-04:00,33.97999954223633,34.13999938964844,33.834999084472656,34.11000061035156,30459,0.0,0.0
2024-04-22 14:30:00-04:00,34.150001525878906,34.22999954223633,33.91999816894531,34.04999923706055,44698,0.0,0.0
2024-04-22 15:30:00-04:00,34.04999923706055,34.31999969482422,33.970001220703125,34.16999816894531,97892,0.0,0.0
2024-04-23 09:30:00-04:00,34.25,35.45000076293945,33.84000015258789,35.3849983215332,45088,0.0,0.0
2024-04-23 10:30:00-04:00,35.439998626708984,36.125,35.185001373291016,36.06100082397461,45356,0.0,0.0
2024-04-23 11:30:00-04:00,36.02000045776367,36.209999084472656,35.82500076293945,36.18000030517578,38787,0.0,0.0
2024-04-23 12:30:00-04:00,36.18000030517578,36.43000030517578,35.939998626708984,36.041099548339844,46166,0.0,0.0
2024-04-23 13:30:00-04:00,36.0,36.24909973144531,35.95000076293945,36.10499954223633,38077,0.0,0.0
2024-04-23 14:30:00-04:00,36.125,36.29999923706055,35.96009826660156,36.099998474121094,47565,0.0,0.0
2024-04-23 15:30:00-04:00,36.08000183105469,36.470001220703125,36.02009963989258,36.459999084472656,122952,0.0,0.0
2024-04-24 09:30:00-04:00,36.290000915527344,37.529998779296875,36.099998474121094,36.2400016784668,73273,0.0,0.0
2024-04-24 10:30:00-04:00,36.2400016784668,36.349998474121094,35.7599983215332,35.7599983215332,31495,0.0,0.0
2024-04-24 11:30:00-04:00,35.790000915527344,35.935001373291016,35.2400016784668,35.38779830932617,22856,0.0,0.0
2024-04-24 12:30:00-04:00,35.34000015258789,35.540000915527344,35.18000030517578,35.53499984741211,20907,0.0,0.0
2024-04-24 13:30:00-04:00,35.54999923706055,35.650001525878906,35.165000915527344,35.21500015258789,22824,0.0,0.0
2024-04-24 14:30:00-04:00,35.19499969482422,35.56999969482422,35.15999984741211,35.474998474121094,30621,0.0,0.0
2024-04-24 15:30:00-04:00,35.470001220703125,35.599998474121094,35.380001068115234,35.52000045776367,56131,0.0,0.0
2024-04-25 09:30:00-04:00,34.27000045776367,35.02000045776367,33.58000183105469,34.310001373291016,59267,0.0,0.0
2024-04-25 10:30:00-04:00,34.209999084472656,34.529998779296875,33.9900016784668,34.529998779296875,32996,0.0,0.0
2024-04-25 11:30:00-04:00,34.584999084472656,34.869998931884766,34.38999938964844,34.70000076293945,17577,0.0,0.0
2024-04-25 12:30:00-04:00,34.7588996887207,34.861000061035156,34.5099983215332,34.73649978637695,17442,0.0,0.0
2024-04-25 13:30:00-04:00,34.755001068115234,35.150001525878906,34.72999954223633,35.04999923706055,20509,0.0,0.0
2024-04-25 14:30:00-04:00,34.9900016784668,35.310001373291016,34.83000183105469,35.27000045776367,35062,0.0,0.0
2024-04-25 15:30:00-04:00,35.25,35.5099983215332,35.02000045776367,35.34000015258789,81209,0.0,0.0
2024-04-26 09:30:00-04:00,35.619998931884766,36.459999084472656,35.5099983215332,36.28499984741211,34311,0.0,0.0
2024-04-26 10:30:00-04:00,36.25,36.95000076293945,36.150001525878906,36.64500045776367,75146,0.0,0.0
2024-04-26 11:30:00-04:00,36.64500045776367,36.84000015258789,36.540000915527344,36.79999923706055,12509,0.0,0.0
2024-04-26 12:30:00-04:00,36.81999969482422,37.04999923706055,36.810001373291016,36.875,12525,0.0,0.0
2024-04-26 13:30:00-04:00,36.827701568603516,36.90999984741211,36.5,36.599998474121094,20196,0.0,0.0
2024-04-26 14:30:00-04:00,36.62929916381836,36.65999984741211,36.15999984741211,36.18000030517578,26208,0.0,0.0
2024-04-26 15:30:00-04:00,36.18000030517578,36.459999084472656,36.18000030517578,36.310001373291016,61827,0.0,0.0
2024-04-29 09:30:00-04:00,36.619998931884766,37.029998779296875,36.09000015258789,36.525001525878906,25384,0.0,0.0
2024-04-29 10:30:00-04:00,36.4900016784668,36.81999969482422,36.4900016784668,36.779998779296875,16627,0.0,0.0
2024-04-29 11:30:00-04:00,36.68000030517578,36.79999923706055,36.589900970458984,36.720001220703125,10430,0.0,0.0
2024-04-29 12:30:00-04:00,36.66999816894531,37.0,36.49850082397461,36.86000061035156,14550,0.0,0.0
2024-04-29 13:30:00-04:00,36.79999923706055,36.90999984741211,36.720001220703125,36.810001373291016,19657,0.0,0.0
2024-04-29 14:30:00-04:00,36.72999954223633,36.859500885009766,36.474998474121094,36.64870071411133,22549,0.0,0.0
2024-04-29 15:30:00-04:00,36.65999984741211,36.7599983215332,36.58000183105469,36.70000076293945,38038,0.0,0.0
2024-04-30 09:30:00-04:00,35.810001373291016,36.165000915527344,35.66999816894531,35.70000076293945,28812,0.0,0.0
2024-04-30 10:30:00-04:00,35.73500061035156,35.84590148925781,35.38999938964844,35.560001373291016,16973,0.0,0.0
2024-04-30 11:30:00-04:00,35.54999923706055,35.92940139770508,35.529998779296875,35.79999923706055,25703,0.0,0.0
2024-04-30 12:30:00-04:00,35.77000045776367,35.849998474121094,35.63999938964844,35.849998474121094,26902,0.0,0.0
2024-04-30 13:30:00-04:00,35.849998474121094,35.93000030517578,35.63999938964844,35.63999938964844,18836,0.0,0.0
2024-04-30 14:30:00-04:00,35.68000030517578,35.83000183105469,35.650001525878906,35.75,28851,0.0,0.0
2024-04-30 15:30:00-04:00,35.779998779296875,35.97999954223633,35.459999084472656,35.459999084472656,65634,0.0,0.0
2024-05-01 09:30:00-04:00,35.470001220703125,36.06999969482422,34.650001525878906,34.68000030517578,46229,0.0,0.0
2024-05-01 10:30:00-04:00,34.720001220703125,35.1245002746582,34.650001525878906,35.025001525878906,25792,0.0,0.0
2024-05-01 11:30:00-04:00,34.99250030517578,35.099998474121094,34.70500183105469,34.9900016784668,15361,0.0,0.0
2024-05-01 12:30:00-04:00,34.9900016784668,35.22999954223633,34.84000015258789,35.0099983215332,24485,0.0,0.0
2024-05-01 13:30:00-04:00,34.970001220703125,35.529998779296875,34.970001220703125,35.529998779296875,23027,0.0,0.0
2024-05-01 14:30:00-04:00,35.595001220703125,36.959999084472656,35.20000076293945,36.529998779296875,46718,0.0,0.0
2024-05-01 15:30:00-04:00,36.459999084472656,36.459999084472656,35.56999969482422,35.68000030517578,59344,0.0,0.0
2024-05-02 09:30:00-04:00,33.0099983215332,33.27000045776367,31.1299991607666,32.04899978637695,210103,0.0,0.0
2024-05-02 10:30:00-04:00,32.060001373291016,32.400001525878906,31.899999618530273,31.983999252319336,71732,0.0,0.0
2024-05-02 11:30:00-04:00,32.040000915527344,32.380001068115234,31.96500015258789,32.20000076293945,29544,0.0,0.0
2024-05-02 12:30:00-04:00,32.16999816894531,32.58000183105469,31.947599411010742,32.189998626708984,53088,0.0,0.0
2024-05-02 13:30:00-04:00,32.18000030517578,32.2599983215332,31.889999389648438,32.20000076293945,63077,0.0,0.0
2024-05-02 14:30:00-04:00,32.18000030517578,32.58000183105469,32.119998931884766,32.33000183105469,85174,0.0,0.0
2024-05-02 15:30:00-04:00,32.31100082397461,32.36000061035156,31.979999542236328,32.27000045776367,132763,0.0,0.0
2024-05-03 09:30:00-04:00,34.0099983215332,34.0099983215332,31.5,31.96500015258789,133498,0.0,0.0
2024-05-03 10:30:00-04:00,31.959999084472656,32.04290008544922,31.16230010986328,31.454999923706055,207966,0.0,0.0
2024-05-03 11:30:00-04:00,31.43000030517578,32.029998779296875,31.34000015258789,31.639999389648438,119160,0.0,0.0
2024-05-03 12:30:00-04:00,31.670000076293945,31.739999771118164,31.295000076293945,31.34000015258789,84649,0.0,0.0
2024-05-03 13:30:00-04:00,31.334999084472656,31.454999923706055,31.100000381469727,31.3700008392334,92058,0.0,0.0
2024-05-03 14:30:00-04:00,31.399999618530273,31.479999542236328,30.90999984741211,31.149999618530273,122364,0.0,0.0
2024-05-03 15:30:00-04:00,31.1200008392334,31.25,30.950000762939453,31.239999771118164,208344,0.0,0.0
2024-05-06 09:30:00-04:00,31.850000381469727,32.63529968261719,31.59000015258789,31.979999542236328,126884,0.0,0.0
2024-05-06 10:30:00-04:00,31.90999984741211,32.339900970458984,31.8799991607666,32.05500030517578,53120,0.0,0.0
2024-05-06 11:30:00-04:00,32.08420181274414,32.130001068115234,31.290000915527344,31.329999923706055,54619,0.0,0.0
2024-05-06 12:30:00-04:00,31.3700008392334,31.530000686645508,31.31999969482422,31.530000686645508,39218,0.0,0.0
2024-05-06 13:30:00-04:00,31.5,31.819900512695312,31.260000228881836,31.770000457763672,51952,0.0,0.0
2024-05-06 14:30:00-04:00,31.799999237060547,31.889999389648438,31.469999313354492,31.469999313354492,77779,0.0,0.0
2024-05-06 15:30:00-04:00,31.440000534057617,31.454999923706055,31.299999237060547,31.299999237060547,104788,0.0,0.0
2024-05-07 09:30:00-04:00,31.15999984741211,31.15999984741211,30.389999389648438,31.079999923706055,76080,0.0,0.0
2024-05-07 10:30:00-04:00,31.05699920654297,31.20509910583496,30.809999465942383,31.1299991607666,59393,0.0,0.0
2024-05-07 11:30:00-04:00,31.131999969482422,31.209999084472656,30.770000457763672,30.979999542236328,79051,0.0,0.0
2024-05-07 12:30:00-04:00,30.920000076293945,30.989999771118164,30.579999923706055,30.655000686645508,39376,0.0,0.0
2024-05-07 13:30:00-04:00,30.690000534057617,30.700000762939453,30.200000762939453,30.423999786376953,41107,0.0,0.0
2024-05-07 14:30:00-04:00,30.325000762939453,30.81999969482422,30.2450008392334,30.645000457763672,67626,0.0,0.0
2024-05-07 15:30:00-04:00,30.670000076293945,30.81999969482422,30.565000534057617,30.780000686645508,152261,0.0,0.0
2024-05-08 09:30:00-04:00,30.780000686645508,30.780000686645508,30.1200008392334,30.670000076293945,59354,0.0,0.0
2024-05-08 10:30:00-04:00,30.719999313354492,30.719999313354492,30.250099182128906,30.31999969482422,48036,0.0,0.0
2024-05-08 11:30:00-04:00,30.31999969482422,30.469999313354492,30.219999313354492,30.325000762939453,29542,0.0,0.0
2024-05-08 12:30:00-04:00,30.290000915527344,30.399999618530273,30.139999389648438,30.190000534057617,40449,0.0,0.0
2024-05-08 13:30:00-04:00,30.149999618530273,30.31999969482422,30.149999618530273,30.2549991607666,37576,0.0,0.0
2024-05-08 14:30:00-04:00,30.239999771118164,30.270000457763672,29.860000610351562,29.8700008392334,76030,0.0,0.0
2024-05-08 15:30:00-04:00,29.889999389648438,30.1200008392334,29.8700008392334,29.8799991607666,112329,0.0,0.0
2024-05-09 09:30:00-04:00,29.8799991607666,30.690000534057617,29.579999923706055,30.56999969482422,44463,0.0,0.0
2024-05-09 10:30:00-04:00,30.631999969482422,31.0,30.3799991607666,30.40999984741211,103055,0.0,0.0
2024-05-09 11:30:00-04:00,30.40999984741211,30.43000030517578,30.1200008392334,30.280000686645508,76841,0.0,0.0
2024-05-09 12:30:00-04:00,30.229999542236328,30.530000686645508,30.18000030517578,30.3700008392334,79185,0.0,0.0
2024-05-09 13:30:00-04:00,30.34000015258789,30.920000076293945,30.31999969482422,30.90999984741211,69054,0.0,0.0
2024-05-09 14:30:00-04:00,30.969999313354492,30.969999313354492,30.700000762939453,30.725000381469727,39806,0.0,0.0
2024-05-09 15:30:00-04:00,30.719999313354492,30.729999542236328,30.469999313354492,30.5,88691,0.0,0.0
2024-05-10 09:30:00-04:00,30.5,30.860000610351562,30.030000686645508,30.049999237060547,71532,0.0,0.0
2024-05-10 10:30:00-04:00,30.149999618530273,30.34000015258789,29.940000534057617,30.190000534057617,29711,0.0,0.0
2024-05-10 11:30:00-04:00,30.209999084472656,30.65999984741211,30.079999923706055,30.65999984741211,32211,0.0,0.0
2024-05-10 12:30:00-04:00,30.6200008392334,30.770000457763672,30.431499481201172,30.431499481201172,21718,0.0,0.0
2024-05-10 13:30:00-04:00,30.469999313354492,30.5,30.229999542236328,30.399999618530273,17495,0.0,0.0
2024-05-10 14:30:00-04:00,30.3799991607666,30.56999969482422,30.170000076293945,30.56999969482422,34785,0.0,0.0
2024-05-10 15:30:00-04:00,30.549999237060547,30.690000534057617,30.440000534057617,30.610000610351562,67458,0.0,0.0
2024-05-13 09:30:00-04:00,31.280000686645508,31.48150062561035,30.790000915527344,30.989999771118164,56781,0.0,0.0
2024-05-13 10:30:00-04:00,30.950000762939453,31.229999542236328,30.200000762939453,30.25,37130,0.0,0.0
2024-05-13 11:30:00-04:00,30.1299991607666,30.170000076293945,29.909799575805664,30.040000915527344,92802,0.0,0.0
2024-05-13 12:30:00-04:00,29.9950008392334,30.030000686645508,29.65999984741211,29.870899200439453,53212,0.0,0.0
2024-05-13 13:30:00-04:00,29.93000030517578,30.100000381469727,29.729999542236328,29.8799991607666,46127,0.0,0.0
2024-05-13 14:30:00-04:00,29.908300399780273,30.190000534057617,29.860000610351562,30.049999237060547,43333,0.0,0.0
2024-05-13 15:30:00-04:00,30.049999237060547,30.18000030517578,29.940000534057617,30.170000076293945,116744,0.0,0.0
2024-05-14 09:30:00-04:00,30.450000762939453,31.020000457763672,30.18000030517578,30.899999618530273,57628,0.0,0.0
2024-05-14 10:30:00-04:00,30.850000381469727,30.885000228881836,30.40999984741211,30.760000228881836,42098,0.0,0.0
2024-05-14 11:30:00-04:00,30.729999542236328,30.920000076293945,30.649999618530273,30.649999618530273,33367,0.0,0.0
2024-05-14 12:30:00-04:00,30.639999389648438,30.860000610351562,30.639999389648438,30.815000534057617,30047,0.0,0.0
2024-05-14 13:30:00-04:00,30.780000686645508,30.899999618530273,30.670000076293945,30.670000076293945,31570,0.0,0.0
2024-05-14 14:30:00-04:00,30.68000030517578,30.84000015258789,30.600000381469727,30.639999389648438,37758,0.0,0.0
2024-05-14 15:30:00-04:00,30.6299991607666,30.84000015258789,30.53499984741211,30.68000030517578,84657,0.0,0.0
2024-05-15 09:30:00-04:00,31.600000381469727,32.130001068115234,31.290000915527344,31.950000762939453,76280,0.0,0.0
2024-05-15 10:30:00-04:00,31.92300033569336,32.33000183105469,31.90999984741211,32.220001220703125,66776,0.0,0.0
2024-05-15 11:30:00-04:00,32.20500183105469,32.31999969482422,31.96500015258789,32.189998626708984,26441,0.0,0.0
2024-05-15 12:30:00-04:00,32.16999816894531,32.43000030517578,32.119998931884766,32.400001525878906,35368,0.0,0.0
2024-05-15 13:30:00-04:00,32.41999816894531,32.69499969482422,32.34000015258789,32.560001373291016,36654,0.0,0.0
2024-05-15 14:30:00-04:00,32.4900016784668,32.66999816894531,32.380001068115234,32.619998931884766,47036,0.0,0.0
2024-05-15 15:30:00-04:00,32.60499954223633,32.9900016784668,32.60499954223633,32.880001068115234,133461,0.0,0.0
2024-05-16 09:30:00-04:00,32.43000030517578,32.54999923706055,31.209999084472656,31.209999084472656,49134,0.0,0.0
2024-05-16 10:30:00-04:00,31.18000030517578,31.315000534057617,30.860000610351562,31.049999237060547,56455,0.0,0.0
2024-05-16 11:30:00-04:00,30.9950008392334,31.09000015258789,30.450000762939453,30.510000228881836,37377,0.0,0.0
2024-05-16 12:30:00-04:00,30.56999969482422,30.819900512695312,30.260000228881836,30.34000015258789,63308,0.0,0.0
2024-05-16 13:30:00-04:00,30.3799991607666,30.6299991607666,30.079999923706055,30.200000762939453,37824,0.0,0.0
2024-05-16 14:30:00-04:00,30.25,30.25,29.6200008392334,29.6200008392334,131840,0.0,0.0
2024-05-16 15:30:00-04:00,29.649999618530273,29.920000076293945,28.68000030517578,28.68000030517578,295367,0.0,0.0
2024-05-17 09:30:00-04:00,28.809999465942383,29.43000030517578,28.210100173950195,29.31999969482422,117473,0.0,0.0
2024-05-17 10:30:00-04:00,29.3700008392334,29.40999984741211,29.100000381469727,29.18000030517578,63762,0.0,0.0
2024-05-17 11:30:00-04:00,29.18000030517578,29.3700008392334,29.040000915527344,29.290000915527344,48176,0.0,0.0
2024-05-17 12:30:00-04:00,29.31999969482422,29.489999771118164,29.040000915527344,29.139999389648438,57809,0.0,0.0
2024-05-17 13:30:00-04:00,29.170000076293945,29.399999618530273,29.135000228881836,29.21500015258789,50926,0.0,0.0
2024-05-17 14:30:00-04:00,29.25,29.329999923706055,29.135000228881836,29.264999389648438,62939,0.0,0.0
2024-05-17 15:30:00-04:00,29.264999389648438,29.350000381469727,29.139999389648438,29.280000686645508,109473,0.0,0.0
2024-05-20 09:30:00-04:00,29.229999542236328,29.469999313354492,28.979999542236328,29.274999618530273,40531,0.0,0.0
2024-05-20 10:30:00-04:00,29.280000686645508,29.459999084472656,29.0,29.350000381469727,48595,0.0,0.0
2024-05-20 11:30:00-04:00,29.360000610351562,29.600000381469727,29.34000015258789,29.34000015258789,33425,0.0,0.0
2024-05-20 12:30:00-04:00,29.341899871826172,29.639999389648438,29.290000915527344,29.43000030517578,31719,0.0,0.0
2024-05-20 13:30:00-04:00,29.5,29.56999969482422,29.351999282836914,29.510000228881836,38150,0.0,0.0
2024-05-20 14:30:00-04:00,29.510000228881836,29.59000015258789,29.209999084472656,29.360000610351562,47509,0.0,0.0
2024-05-20 15:30:00-04:00,29.389999389648438,29.389999389648438,29.079999923706055,29.260000228881836,76768,0.0,0.0
2024-05-21 09:30:00-04:00,28.899999618530273,29.239999771118164,28.59000015258789,28.959999084472656,69025,0.0,0.0
2024-05-21 10:30:00-04:00,29.010000228881836,29.309999465942383,28.930999755859375,29.020000457763672,32843,0.0,0.0
2024-05-21 11:30:00-04:00,29.079999923706055,29.09000015258789,28.75,28.850000381469727,38906,0.0,0.0
2024-05-21 12:30:00-04:00,28.809999465942383,28.809999465942383,28.625,28.68000030517578,44232,0.0,0.0
2024-05-21 13:30:00-04:00,28.68000030517578,28.75,28.5,28.540000915527344,41381,0.0,0.0
2024-05-21 14:30:00-04:00,28.540000915527344,28.780000686645508,28.489999771118164,28.725000381469727,50637,0.0,0.0
2024-05-21 15:30:00-04:00,28.735000610351562,28.75,28.639999389648438,28.65999984741211,86654,0.0,0.0
2024-05-22 09:30:00-04:00,28.350000381469727,28.639999389648438,27.850000381469727,28.200000762939453,139404,0.0,0.0
2024-05-22 10:30:00-04:00,28.1156005859375,28.350000381469727,28.020000457763672,28.18000030517578,58143,0.0,0.0
2024-05-22 11:30:00-04:00,28.229999542236328,28.31999969482422,28.209999084472656,28.290000915527344,38611,0.0,0.0
2024-05-22 12:30:00-04:00,28.30500030517578,28.459999084472656,28.260000228881836,28.325000762939453,48001,0.0,0.0
2024-05-22 13:30:00-04:00,28.299999237060547,28.360000610351562,28.059999465942383,28.09000015258789,101791,0.0,0.0
2024-05-22 14:30:00-04:00,28.094999313354492,28.1299991607666,27.729999542236328,27.8700008392334,63619,0.0,0.0
2024-05-22 15:30:00-04:00,27.860000610351562,27.940000534057617,27.510000228881836,27.639999389648438,106145,0.0,0.0
2024-05-23 09:30:00-04:00,28.18000030517578,28.243499755859375,27.040000915527344,27.204999923706055,74488,0.0,0.0
2024-05-23 10:30:00-04:00,27.18000030517578,27.450000762939453,27.010000228881836,27.049999237060547,43300,0.0,0.0
2024-05-23 11:30:00-04:00,27.079999923706055,27.290000915527344,27.059999465942383,27.139999389648438,37394,0.0,0.0
2024-05-23 12:30:00-04:00,27.170000076293945,27.360000610351562,27.044200897216797,27.09000015258789,40213,0.0,0.0
2024-05-23 13:30:00-04:00,27.06999969482422,27.078500747680664,26.875,27.040000915527344,46786,0.0,0.0
2024-05-23 14:30:00-04:00,27.020000457763672,27.31999969482422,27.010000228881836,27.219999313354492,80608,0.0,0.0
2024-05-23 15:30:00-04:00,27.225000381469727,27.360000610351562,27.18000030517578,27.219999313354492,91162,0.0,0.0
2024-05-24 09:30:00-04:00,27.6200008392334,28.0,27.329999923706055,27.920000076293945,32031,0.0,0.0
2024-05-24 10:30:00-04:00,27.924999237060547,28.079999923706055,27.690000534057617,28.0,35483,0.0,0.0
2024-05-24 11:30:00-04:00,27.975000381469727,28.209999084472656,27.975000381469727,28.18000030517578,32027,0.0,0.0
2024-05-24 12:30:00-04:00,28.184999465942383,28.280000686645508,28.133800506591797,28.24850082397461,30225,0.0,0.0
2024-05-24 13:30:00-04:00,28.229999542236328,28.229999542236328,27.93000030517578,27.969999313354492,35524,0.0,0.0
2024-05-24 14:30:00-04:00,27.989999771118164,28.135000228881836,27.93000030517578,28.110000610351562,40382,0.0,0.0
2024-05-24 15:30:00-04:00,28.09000015258789,28.25,28.014999389648438,28.25,74146,0.0,0.0
2024-05-28 09:30:00-04:00,28.5,29.059999465942383,28.350000381469727,28.600000381469727,102048,0.0,0.0
2024-05-28 10:30:00-04:00,28.600000381469727,28.68000030517578,28.329999923706055,28.4950008392334,62693,0.0,0.0
2024-05-28 11:30:00-04:00,28.4950008392334,28.649999618530273,28.309999465942383,28.579999923706055,85888,0.0,0.0
2024-05-28 12:30:00-04:00,28.579999923706055,28.670000076293945,28.460800170898438,28.59000015258789,43280,0.0,0.0
2024-05-28 13:30:00-04:00,28.59000015258789,28.59000015258789,28.34000015258789,28.459999084472656,60197,0.0,0.0
2024-05-28 14:30:00-04:00,28.434999465942383,28.6200008392334,28.25,28.56999969482422,79233,0.0,0.0
2024-05-28 15:30:00-04:00,28.59000015258789,28.729999542236328,28.43000030517578,28.649999618530273,127423,0.0,0.0
2024-05-29 09:30:00-04:00,28.06999969482422,28.280000686645508,27.719999313354492,28.25,33113,0.0,0.0
2024-05-29 10:30:00-04:00,28.270000457763672,28.434999465942383,27.940000534057617,27.9950008392334,23352,0.0,0.0
2024-05-29 11:30:00-04:00,27.8799991607666,28.049999237060547,27.809999465942383,28.010000228881836,57534,0.0,0.0
2024-05-29 12:30:00-04:00,28.010000228881836,28.100000381469727,27.84000015258789,27.920000076293945,33764,0.0,0.0
2024-05-29 13:30:00-04:00,27.920000076293945,28.020000457763672,27.59000015258789,27.670000076293945,62638,0.0,0.0
2024-05-29 14:30:00-04:00,27.670000076293945,27.950000762939453,27.65999984741211,27.8700008392334,59933,0.0,0.0
2024-05-29 15:30:00-04:00,27.81999969482422,27.84000015258789,27.34000015258789,27.520000457763672,173809,0.0,0.0
2024-05-30 09:30:00-04:00,27.989999771118164,28.5,27.825000762939453,28.40999984741211,30260,0.0,0.0
2024-05-30 10:30:00-04:00,28.368000030517578,28.6200008392334,28.309999465942383,28.549999237060547,24271,0.0,0.0
2024-05-30 11:30:00-04:00,28.559999465942383,28.6200008392334,28.309999465942383,28.610000610351562,22789,0.0,0.0
2024-05-30 12:30:00-04:00,28.610000610351562,28.689899444580078,28.31399917602539,28.31999969482422,26607,0.0,0.0
2024-05-30 13:30:00-04:00,28.315000534057617,28.549999237060547,28.239999771118164,28.329999923706055,28243,0.0,0.0
2024-05-30 14:30:00-04:00,28.34000015258789,28.344999313354492,28.190000534057617,28.34000015258789,38937,0.0,0.0
2024-05-30 15:30:00-04:00,28.350000381469727,28.350000381469727,28.139999389648438,28.309999465942383,89812,0.0,0.0
2024-05-31 09:30:00-04:00,28.5,28.84000015258789,28.19499969482422,28.19499969482422,25059,0.0,0.0
2024-05-31 10:30:00-04:00,28.18000030517578,28.549999237060547,28.049999237060547,28.309999465942383,40172,0.0,0.0
2024-05-31 11:30:00-04:00,28.280000686645508,28.309999465942383,28.059999465942383,28.219999313354492,20372,0.0,0.0
2024-05-31 12:30:00-04:00,28.235000610351562,28.235000610351562,27.899999618530273,28.040000915527344,62025,0.0,0.0
2024-05-31 13:30:00-04:00,28.0,28.06999969482422,27.860000610351562,27.969999313354492,39869,0.0,0.0
2024-05-31 14:30:00-04:00,27.979999542236328,28.145000457763672,27.90999984741211,28.049999237060547,52781,0.0,0.0
2024-05-31 15:30:00-04:00,28.020000457763672,28.40999984741211,27.959999084472656,28.40999984741211,125620,0.0,0.0
2024-06-03 09:30:00-04:00,28.790000915527344,28.93000030517578,27.854999542236328,27.9950008392334,54422,0.0,0.0
2024-06-03 10:30:00-04:00,27.979999542236328,28.219999313354492,27.670000076293945,27.725000381469727,34354,0.0,0.0
2024-06-03 11:30:00-04:00,27.746400833129883,27.93000030517578,27.61009979248047,27.75909996032715,30893,0.0,0.0
2024-06-03 12:30:00-04:00,27.760000228881836,27.940000534057617,27.6299991607666,27.899999618530273,22375,0.0,0.0
2024-06-03 13:30:00-04:00,27.875699996948242,27.93000030517578,27.545000076293945,27.579599380493164,47157,0.0,0.0
2024-06-03 14:30:00-04:00,27.56999969482422,27.719999313354492,27.450000762939453,27.479999542236328,70581,0.0,0.0
2024-06-03 15:30:00-04:00,27.479999542236328,27.5,27.190099716186523,27.309999465942383,105400,0.0,0.0
2024-06-04 09:30:00-04:00,27.0,27.229999542236328,26.559999465942383,27.020000457763672,54135,0.0,0.0
2024-06-04 10:30:00-04:00,26.979999542236328,27.190000534057617,26.790000915527344,26.829999923706055,50527,0.0,0.0
2024-06-04 11:30:00-04:00,26.790000915527344,26.8700008392334,26.56999969482422,26.635000228881836,35773,0.0,0.0
2024-06-04 12:30:00-04:00,26.610000610351562,26.719999313354492,26.470500946044922,26.719999313354492,33810,0.0,0.0
2024-06-04 13:30:00-04:00,26.725000381469727,26.860000610351562,26.575000762939453,26.81999969482422,40286,0.0,0.0
2024-06-04 14:30:00-04:00,26.802499771118164,26.802499771118164,26.575000762939453,26.6200008392334,100115,0.0,0.0
2024-06-04 15:30:00-04:00,26.639999389648438,26.719999313354492,26.479999542236328,26.479999542236328,154087,0.0,0.0
2024-06-05 09:30:00-04:00,26.75,26.93000030517578,26.280000686645508,26.729999542236328,65604,0.0,0.0
2024-06-05 10:30:00-04:00,26.725000381469727,26.929899215698242,26.705900192260742,26.850000381469727,64997,0.0,0.0
2024-06-05 11:30:00-04:00,26.860000610351562,27.040000915527344,26.760000228881836,26.940000534057617,46322,0.0,0.0
2024-06-05 12:30:00-04:00,26.96500015258789,27.219999313354492,26.93000030517578,27.049999237060547,70013,0.0,0.0
2024-06-05 13:30:00-04:00,27.049999237060547,27.43000030517578,27.0,27.43000030517578,60861,0.0,0.0
2024-06-05 14:30:00-04:00,27.43000030517578,27.489999771118164,27.299999237060547,27.447999954223633,57053,0.0,0.0
2024-06-05 15:30:00-04:00,27.389999389648438,27.43000030517578,27.229999542236328,27.420000076293945,98964,0.0,0.0
2024-06-06 09:30:00-04:00,27.290000915527344,27.459999084472656,27.070100784301758,27.15999984741211,30997,0.0,0.0
2024-06-06 10:30:00-04:00,27.15999984741211,27.40999984741211,27.07390022277832,27.325000762939453,24643,0.0,0.0
2024-06-06 11:30:00-04:00,27.315000534057617,27.353099822998047,27.059999465942383,27.274999618530273,27578,0.0,0.0
2024-06-06 12:30:00-04:00,27.229999542236328,27.274999618530273,27.020999908447266,27.219999313354492,32498,0.0,0.0
2024-06-06 13:30:00-04:00,27.190000534057617,27.209999084472656,26.920000076293945,27.030000686645508,25863,0.0,0.0
2024-06-06 14:30:00-04:00,27.030000686645508,27.09000015258789,26.93000030517578,26.985000610351562,36129,0.0,0.0
2024-06-06 15:30:00-04:00,26.9950008392334,27.022600173950195,26.81999969482422,26.8799991607666,98829,0.0,0.0
2024-06-07 09:30:00-04:00,26.270000457763672,26.489999771118164,25.8799991607666,26.423999786376953,40578,0.0,0.0
2024-06-07 10:30:00-04:00,26.360000610351562,26.43000030517578,26.110000610351562,26.389999389648438,38301,0.0,0.0
2024-06-07 11:30:00-04:00,26.3700008392334,26.440000534057617,26.280000686645508,26.395599365234375,25110,0.0,0.0
2024-06-07 12:30:00-04:00,26.389999389648438,26.399999618530273,26.229999542236328,26.364999771118164,31504,0.0,0.0
2024-06-07 13:30:00-04:00,26.3799991607666,26.579999923706055,26.299999237060547,26.530000686645508,46457,0.0,0.0
2024-06-07 14:30:00-04:00,26.540000915527344,26.692800521850586,26.460899353027344,26.610000610351562,60029,0.0,0.0
2024-06-07 15:30:00-04:00,26.594999313354492,26.610000610351562,26.420000076293945,26.420000076293945,81963,0.0,0.0
2024-06-10 09:30:00-04:00,26.079999923706055,26.90999984741211,26.040000915527344,26.700000762939453,31869,0.0,0.0
2024-06-10 10:30:00-04:00,26.65999984741211,26.8700008392334,26.600000381469727,26.78499984741211,24954,0.0,0.0
2024-06-10 11:30:00-04:00,26.78499984741211,26.829999923706055,26.6200008392334,26.709999084472656,20673,0.0,0.0
2024-06-10 12:30:00-04:00,26.69499969482422,26.809999465942383,26.6299991607666,26.809999465942383,14849,0.0,0.0
2024-06-10 13:30:00-04:00,26.815000534057617,26.889999389648438,26.700000762939453,26.825000762939453,26318,0.0,0.0
2024-06-10 14:30:00-04:00,26.815000534057617,26.8700008392334,26.739999771118164,26.850000381469727,24363,0.0,0.0
2024-06-10 15:30:00-04:00,26.84000015258789,26.84000015258789,26.69499969482422,26.829999923706055,39954,0.0,0.0
2024-06-11 09:30:00-04:00,26.520000457763672,26.665000915527344,26.020000457763672,26.260000228881836,42787,0.0,0.0
2024-06-11 10:30:00-04:00,26.266599655151367,26.31999969482422,26.15999984741211,26.15999984741211,11665,0.0,0.0
2024-06-11 11:30:00-04:00,26.193300247192383,26.31999969482422,26.030000686645508,26.280000686645508,17870,0.0,0.0
2024-06-11 12:30:00-04:00,26.280000686645508,26.280000686645508,26.149999618530273,26.179000854492188,10213,0.0,0.0
2024-06-11 13:30:00-04:00,26.229999542236328,26.440000534057617,26.229999542236328,26.440000534057617,26673,0.0,0.0
2024-06-11 14:30:00-04:00,26.469999313354492,26.479999542236328,26.200000762939453,26.239999771118164,26865,0.0,0.0
2024-06-11 15:30:00-04:00,26.229999542236328,26.239999771118164,26.030000686645508,26.06999969482422,54604,0.0,0.0
2024-06-12 09:30:00-04:00,26.479999542236328,28.59000015258789,26.479999542236328,28.200000762939453,64518,0.0,0.0
2024-06-12 10:30:00-04:00,28.200000762939453,28.350000381469727,27.8700008392334,28.030000686645508,28646,0.0,0.0
2024-06-12 11:30:00-04:00,27.990100860595703,28.059999465942383,27.719999313354492,27.780000686645508,23248,0.0,0.0
2024-06-12 12:30:00-04:00,27.719999313354492,27.969999313354492,27.711000442504883,27.80500030517578,22162,0.0,0.0
2024-06-12 13:30:00-04:00,27.770000457763672,27.899999618530273,27.350000381469727,27.844999313354492,34224,0.0,0.0
2024-06-12 14:30:00-04:00,27.799999237060547,27.889999389648438,27.370100021362305,27.370100021362305,53825,0.0,0.0
2024-06-12 15:30:00-04:00,27.450000762939453,27.729999542236328,27.329999923706055,27.719999313354492,74048,0.0,0.0
2024-06-13 09:30:00-04:00,27.549999237060547,27.549999237060547,27.09000015258789,27.190000534057617,30043,0.0,0.0
2024-06-13 10:30:00-04:00,27.174999237060547,27.239999771118164,26.93000030517578,27.0,17643,0.0,0.0
2024-06-13 11:30:00-04:00,26.979999542236328,27.040000915527344,26.8700008392334,26.889999389648438,25883,0.0,0.0
2024-06-13 12:30:00-04:00,26.899999618530273,27.170000076293945,26.8799991607666,27.15999984741211,16591,0.0,0.0
2024-06-13 13:30:00-04:00,27.15999984741211,27.309999465942383,27.139999389648438,27.309999465942383,15933,0.0,0.0
2024-06-13 14:30:00-04:00,27.329999923706055,27.40999984741211,27.260000228881836,27.290000915527344,23342,0.0,0.0
2024-06-13 15:30:00-04:00,27.270000457763672,27.520000457763672,27.270000457763672,27.510000228881836,46605,0.0,0.0
2024-06-14 09:30:00-04:00,26.940000534057617,27.100000381469727,26.510000228881836,26.510000228881836,31835,0.0,0.0
2024-06-14 10:30:00-04:00,26.520000457763672,26.790000915527344,26.360000610351562,26.725000381469727,20034,0.0,0.0
2024-06-14 11:30:00-04:00,26.725000381469727,26.98110008239746,26.639999389648438,26.639999389648438,25448,0.0,0.0
2024-06-14 12:30:00-04:00,26.671499252319336,26.979999542236328,26.565000534057617,26.860000610351562,24081,0.0,0.0
2024-06-14 13:30:00-04:00,26.889400482177734,27.1200008392334,26.860000610351562,27.0393009185791,27896,0.0,0.0
2024-06-14 14:30:00-04:00,27.0,27.059999465942383,26.850000381469727,26.8700008392334,25496,0.0,0.0
2024-06-14 15:30:00-04:00,26.860000610351562,26.979999542236328,26.799999237060547,26.979999542236328,40481,0.0,0.0
2024-06-17 09:30:00-04:00,26.940000534057617,27.34000015258789,26.674999237060547,26.729999542236328,29304,0.0,0.0
2024-06-17 10:30:00-04:00,26.670000076293945,26.799999237060547,26.604999542236328,26.7549991607666,17933,0.0,0.0
2024-06-17 11:30:00-04:00,26.770000457763672,26.809999465942383,26.610000610351562,26.790000915527344,39500,0.0,0.0
2024-06-17 12:30:00-04:00,26.739999771118164,26.829999923706055,26.68000030517578,26.735000610351562,20139,0.0,0.0
2024-06-17 13:30:00-04:00,26.704999923706055,26.889999389648438,26.704999923706055,26.760000228881836,21586,0.0,0.0
2024-06-17 14:30:00-04:00,26.729999542236328,26.780000686645508,26.600000381469727,26.645000457763672,36064,0.0,0.0
2024-06-17 15:30:00-04:00,26.649999618530273,26.780000686645508,26.59000015258789,26.739999771118164,44253,0.0,0.0
2024-06-18 09:30:00-04:00,26.43000030517578,26.815000534057617,26.1200008392334,26.719999313354492,38543,0.0,0.0
2024-06-18 10:30:00-04:00,26.739999771118164,26.784000396728516,26.239999771118164,26.274999618530273,34552,0.0,0.0
2024-06-18 11:30:00-04:00,26.260000228881836,26.5,26.229999542236328,26.479999542236328,29349,0.0,0.0
2024-06-18 12:30:00-04:00,26.469999313354492,26.579999923706055,26.299999237060547,26.309999465942383,28597,0.0,0.0
2024-06-18 13:30:00-04:00,26.299999237060547,26.3799991607666,26.209999084472656,26.34160041809082,49805,0.0,0.0
2024-06-18 14:30:00-04:00,26.334999084472656,26.459999084472656,26.309999465942383,26.389999389648438,39693,0.0,0.0
2024-06-18 15:30:00-04:00,26.3799991607666,26.450000762939453,26.149999618530273,26.40999984741211,94641,0.0,0.0
2024-06-20 09:30:00-04:00,26.270000457763672,26.799999237060547,26.15999984741211,26.270000457763672,38243,0.0,0.0
2024-06-20 10:30:00-04:00,26.334999084472656,26.334999084472656,25.825000762939453,25.825000762939453,45801,0.0,0.0
2024-06-20 11:30:00-04:00,25.770000457763672,25.8799991607666,25.489999771118164,25.549999237060547,25124,0.0,0.0
2024-06-20 12:30:00-04:00,25.510000228881836,25.510000228881836,25.297800064086914,25.31999969482422,18496,0.0,0.0
2024-06-20 13:30:00-04:00,25.350000381469727,25.594999313354492,25.260000228881836,25.594999313354492,42262,0.0,0.0
2024-06-20 14:30:00-04:00,25.6200008392334,25.639999389648438,25.21500015258789,25.2549991607666,51894,0.0,0.0
2024-06-20 15:30:00-04:00,25.25,25.409000396728516,25.18000030517578,25.31999969482422,85919,0.0,0.0
2024-06-21 09:30:00-04:00,25.31999969482422,25.615999221801758,25.09000015258789,25.56999969482422,83187,0.0,0.0
2024-06-21 10:30:00-04:00,25.520000457763672,25.704999923706055,25.440000534057617,25.450000762939453,32832,0.0,0.0
2024-06-21 11:30:00-04:00,25.399999618530273,25.5,25.34000015258789,25.489999771118164,16170,0.0,0.0
2024-06-21 12:30:00-04:00,25.489999771118164,25.559999465942383,25.399999618530273,25.450000762939453,19311,0.0,0.0
2024-06-21 13:30:00-04:00,25.459999084472656,25.56999969482422,25.3799991607666,25.559999465942383,19429,0.0,0.0
2024-06-21 14:30:00-04:00,25.579999923706055,25.704999923706055,25.520000457763672,25.68000030517578,30451,0.0,0.0
2024-06-21 15:30:00-04:00,25.649999618530273,25.739999771118164,25.479999542236328,25.489999771118164,57801,0.0,0.0
2024-06-24 09:30:00-04:00,25.780000686645508,26.09000015258789,25.3700008392334,25.7450008392334,63311,0.0,0.0
2024-06-24 10:30:00-04:00,25.7450008392334,26.600000381469727,25.7450008392334,26.600000381469727,45858,0.0,0.0
2024-06-24 11:30:00-04:00,26.6200008392334,26.649999618530273,26.006999969482422,26.040000915527344,39940,0.0,0.0
2024-06-24 12:30:00-04:00,26.010000228881836,26.049999237060547,25.7549991607666,25.84000015258789,32442,0.0,0.0
2024-06-24 13:30:00-04:00,25.84000015258789,26.0,25.780000686645508,25.889999389648438,20488,0.0,0.0
2024-06-24 14:30:00-04:00,25.83919906616211,25.989999771118164,25.83919906616211,25.93000030517578,25742,0.0,0.0
2024-06-24 15:30:00-04:00,25.90999984741211,25.90999984741211,25.75749969482422,25.790000915527344,46630,0.0,0.0
2024-06-25 09:30:00-04:00,25.670000076293945,25.670000076293945,25.000099182128906,25.399999618530273,32528,0.0,0.0
2024-06-25 10:30:00-04:00,25.450000762939453,25.450000762939453,25.190000534057617,25.250699996948242,20203,0.0,0.0
2024-06-25 11:30:00-04:00,25.290000915527344,25.440000534057617,24.93000030517578,25.010000228881836,31296,0.0,0.0
2024-06-25 12:30:00-04:00,24.989999771118164,25.239999771118164,24.969999313354492,25.239999771118164,19722,0.0,0.0
2024-06-25 13:30:00-04:00,25.270000457763672,25.329999923706055,25.229999542236328,25.30500030517578,23052,0.0,0.0
2024-06-25 14:30:00-04:00,25.31999969482422,25.329999923706055,25.141000747680664,25.170000076293945,44830,0.0,0.0
2024-06-25 15:30:00-04:00,25.15999984741211,25.18000030517578,25.0,25.0,45420,0.0,0.0
2024-06-26 09:30:00-04:00,24.84000015258789,25.049999237060547,24.639999389648438,24.8700008392334,25413,0.0,0.0
2024-06-26 10:30:00-04:00,24.889999389648438,25.030000686645508,24.829999923706055,25.0,20228,0.0,0.0
2024-06-26 11:30:00-04:00,25.0,25.024999618530273,24.895000457763672,24.899999618530273,18995,0.0,0.0
2024-06-26 12:30:00-04:00,24.889999389648438,24.969999313354492,24.760000228881836,24.760000228881836,24209,0.0,0.0
2024-06-26 13:30:00-04:00,24.729999542236328,24.829999923706055,24.670000076293945,24.700000762939453,20853,0.0,0.0
2024-06-26 14:30:00-04:00,24.719999313354492,24.790000915527344,24.68000030517578,24.739900588989258,31183,0.0,0.0
2024-06-26 15:30:00-04:00,24.725000381469727,24.850000381469727,24.65999984741211,24.829999923706055,57927,0.0,0.0
2024-06-27 09:30:00-04:00,24.780000686645508,25.510000228881836,24.780000686645508,25.389999389648438,34795,0.0,0.0
2024-06-27 10:30:00-04:00,25.439899444580078,25.479999542236328,25.149999618530273,25.190000534057617,16905,0.0,0.0
2024-06-27 11:30:00-04:00,25.209999084472656,25.399999618530273,25.15999984741211,25.350000381469727,17184,0.0,0.0
2024-06-27 12:30:00-04:00,25.329999923706055,25.489999771118164,25.329999923706055,25.43000030517578,21699,0.0,0.0
2024-06-27 13:30:00-04:00,25.40999984741211,25.5,25.360000610351562,25.43000030517578,20883,0.0,0.0
2024-06-27 14:30:00-04:00,25.440000534057617,25.479999542236328,25.34000015258789,25.444000244140625,24275,0.0,0.0
2024-06-27 15:30:00-04:00,25.434999465942383,25.649999618530273,25.434999465942383,25.579999923706055,70209,0.0,0.0
2024-06-28 09:30:00-04:00,25.75,26.09000015258789,25.540000915527344,25.739999771118164,17672,0.0,0.0
2024-06-28 10:30:00-04:00,25.739999771118164,25.950000762939453,25.43000030517578,25.46500015258789,38687,0.0,0.0
2024-06-28 11:30:00-04:00,25.420000076293945,25.6200008392334,25.360000610351562,25.450000762939453,16616,0.0,0.0
2024-06-28 12:30:00-04:00,25.415000915527344,25.540000915527344,25.31999969482422,25.43000030517578,18389,0.0,0.0
2024-06-28 13:30:00-04:00,25.3799991607666,25.622499465942383,25.329999923706055,25.579999923706055,22507,0.0,0.0
2024-06-28 14:30:00-04:00,25.600000381469727,25.709999084472656,25.549999237060547,25.635000228881836,39861,0.0,0.0
2024-06-28 15:30:00-04:00,25.610000610351562,25.860000610351562,25.530000686645508,25.850000381469727,83875,0.0,0.0
2024-07-01 09:30:00-04:00,25.8799991607666,26.09000015258789,25.048599243164062,25.219999313354492,59091,0.0,0.0
2024-07-01 10:30:00-04:00,25.219999313354492,25.299999237060547,25.09000015258789,25.190000534057617,57684,0.0,0.0
2024-07-01 11:30:00-04:00,25.209999084472656,25.280000686645508,25.049999237060547,25.229999542236328,25276,0.0,0.0
2024-07-01 12:30:00-04:00,25.229999542236328,25.239999771118164,24.93000030517578,24.950000762939453,21847,0.0,0.0
2024-07-01 13:30:00-04:00,25.020000457763672,25.020000457763672,24.760000228881836,24.834999084472656,28919,0.0,0.0
2024-07-01 14:30:00-04:00,24.850000381469727,24.940000534057617,24.700000762939453,24.729999542236328,23830,0.0,0.0
2024-07-01 15:30:00-04:00,24.729999542236328,24.81999969482422,24.670000076293945,24.780000686645508,74873,0.0,0.0
2024-07-02 09:30:00-04:00,24.6200008392334,24.78499984741211,24.450000762939453,24.700000762939453,33542,0.0,0.0
2024-07-02 10:30:00-04:00,24.700000762939453,24.725000381469727,24.360000610351562,24.510000228881836,22708,0.0,0.0
2024-07-02 11:30:00-04:00,24.510000228881836,24.809999465942383,24.469999313354492,24.75,22640,0.0,0.0
2024-07-02 12:30:00-04:00,24.729999542236328,24.809999465942383,24.559999465942383,24.690000534057617,18928,0.0,0.0
2024-07-02 13:30:00-04:00,24.649999618530273,24.790000915527344,24.6200008392334,24.790000915527344,16956,0.0,0.0
2024-07-02 14:30:00-04:00,24.790000915527344,24.899999618530273,24.770000457763672,24.895000457763672,21229,0.0,0.0
2024-07-02 15:30:00-04:00,24.8799991607666,24.8799991607666,24.649999618530273,24.719999313354492,47770,0.0,0.0
2024-07-03 09:30:00-04:00,24.68000030517578,25.420000076293945,24.68000030517578,25.170000076293945,53697,0.0,0.0
2024-07-03 10:30:00-04:00,25.079999923706055,25.1200008392334,24.770000457763672,24.985000610351562,31498,0.0,0.0
2024-07-03 11:30:00-04:00,25.020000457763672,25.040000915527344,24.780000686645508,24.81999969482422,21264,0.0,0.0
2024-07-05 09:30:00-04:00,24.68000030517578,24.889999389648438,24.190000534057617,24.350000381469727,44204,0.0,0.0
2024-07-05 10:30:00-04:00,24.364999771118164,24.56999969482422,24.33300018310547,24.40999984741211,23705,0.0,0.0
2024-07-05 11:30:00-04:00,24.399999618530273,24.549999237060547,24.295000076293945,24.454999923706055,29282,0.0,0.0
2024-07-05 12:30:00-04:00,24.489999771118164,24.489999771118164,24.219999313354492,24.280000686645508,18557,0.0,0.0
2024-07-05 13:30:00-04:00,24.283000946044922,24.43000030517578,24.229999542236328,24.429899215698242,16524,0.0,0.0
2024-07-05 14:30:00-04:00,24.43000030517578,24.5,24.3799991607666,24.389999389648438,35451,0.0,0.0
2024-07-05 15:30:00-04:00,24.385000228881836,24.56999969482422,24.329999923706055,24.510000228881836,74515,0.0,0.0
