Datetime,Open,High,Low,Close,Volume,Dividends,Stock Splits
2022-07-07 09:30:00-04:00,54.150001525878906,54.54710006713867,54.150001525878906,54.38999938964844,0,0.0,0.0
2022-07-07 10:30:00-04:00,54.41999816894531,54.869998931884766,54.41999816894531,54.599998474121094,94639,0.0,0.0
2022-07-07 11:30:00-04:00,54.560001373291016,54.63999938964844,54.40999984741211,54.470001220703125,27045,0.0,0.0
2022-07-07 12:30:00-04:00,54.459999084472656,54.630001068115234,54.459999084472656,54.5,46196,0.0,0.0
2022-07-07 13:30:00-04:00,54.505001068115234,54.654998779296875,54.459999084472656,54.588401794433594,77802,0.0,0.0
2022-07-07 14:30:00-04:00,54.58000183105469,54.59000015258789,54.45000076293945,54.525001525878906,55372,0.0,0.0
2022-07-07 15:30:00-04:00,54.540000915527344,54.61000061035156,54.34000015258789,54.400001525878906,95390,0.0,0.0
2022-07-08 09:30:00-04:00,54.58000183105469,54.59000015258789,53.900001525878906,54.43000030517578,41605,0.0,0.0
2022-07-08 10:30:00-04:00,54.459999084472656,54.625,54.36000061035156,54.470001220703125,42377,0.0,0.0
2022-07-08 11:30:00-04:00,54.41999816894531,54.41999816894531,53.86000061035156,53.880001068115234,47152,0.0,0.0
2022-07-08 12:30:00-04:00,53.900001525878906,54.20000076293945,53.86000061035156,54.13999938964844,67327,0.0,0.0
2022-07-08 13:30:00-04:00,54.13999938964844,54.20000076293945,54.02000045776367,54.099998474121094,43443,0.0,0.0
2022-07-08 14:30:00-04:00,54.130001068115234,54.470001220703125,54.11000061035156,54.470001220703125,51993,0.0,0.0
2022-07-08 15:30:00-04:00,54.470001220703125,54.470001220703125,54.11000061035156,54.13999938964844,114034,0.0,0.0
2022-07-11 09:30:00-04:00,54.06999969482422,54.92499923706055,53.810001373291016,54.720001220703125,63936,0.0,0.0
2022-07-11 10:30:00-04:00,54.73500061035156,54.86000061035156,54.4900016784668,54.61000061035156,55648,0.0,0.0
2022-07-11 11:30:00-04:00,54.60499954223633,54.70000076293945,54.310001373291016,54.369998931884766,49229,0.0,0.0
2022-07-11 12:30:00-04:00,54.375,54.689998626708984,54.375,54.689998626708984,43379,0.0,0.0
2022-07-11 13:30:00-04:00,54.689998626708984,54.720001220703125,54.439998626708984,54.720001220703125,59823,0.0,0.0
2022-07-11 14:30:00-04:00,54.72999954223633,54.83000183105469,54.56999969482422,54.59000015258789,62874,0.0,0.0
2022-07-11 15:30:00-04:00,54.619998931884766,54.65999984741211,54.439998626708984,54.650001525878906,67557,0.0,0.0
2022-07-12 09:30:00-04:00,54.66999816894531,55.84000015258789,54.3390998840332,55.56999969482422,64856,0.0,0.0
2022-07-12 10:30:00-04:00,55.619998931884766,55.849998474121094,55.540000915527344,55.7400016784668,80991,0.0,0.0
2022-07-12 11:30:00-04:00,55.72999954223633,56.130001068115234,55.58000183105469,56.130001068115234,55263,0.0,0.0
2022-07-12 12:30:00-04:00,56.130001068115234,56.130001068115234,55.709999084472656,55.869998931884766,76301,0.0,0.0
2022-07-12 13:30:00-04:00,55.86000061035156,56.05500030517578,55.79750061035156,55.79999923706055,106295,0.0,0.0
2022-07-12 14:30:00-04:00,55.79999923706055,55.8135986328125,54.650001525878906,54.66999816894531,89229,0.0,0.0
2022-07-12 15:30:00-04:00,54.665000915527344,54.810001373291016,54.41999816894531,54.70000076293945,124612,0.0,0.0
2022-07-13 09:30:00-04:00,54.189998626708984,54.22999954223633,53.470001220703125,53.790000915527344,43556,0.0,0.0
2022-07-13 10:30:00-04:00,53.82500076293945,54.36000061035156,53.82500076293945,54.060001373291016,59114,0.0,0.0
2022-07-13 11:30:00-04:00,54.09000015258789,54.25,53.89500045776367,54.25,41072,0.0,0.0
2022-07-13 12:30:00-04:00,54.20000076293945,54.58000183105469,54.189998626708984,54.2400016784668,41827,0.0,0.0
2022-07-13 13:30:00-04:00,54.2400016784668,54.47999954223633,54.02000045776367,54.47999954223633,51352,0.0,0.0
2022-07-13 14:30:00-04:00,54.48500061035156,54.65999984741211,54.41999816894531,54.54999923706055,73023,0.0,0.0
2022-07-13 15:30:00-04:00,54.5099983215332,54.5099983215332,54.33000183105469,54.380001068115234,125793,0.0,0.0
2022-07-14 09:30:00-04:00,53.560001373291016,53.564998626708984,52.95000076293945,53.220001220703125,38032,0.0,0.0
2022-07-14 10:30:00-04:00,53.2599983215332,53.279998779296875,53.02000045776367,53.16999816894531,44619,0.0,0.0
2022-07-14 11:30:00-04:00,53.220001220703125,53.560001373291016,53.16999816894531,53.2400016784668,41234,0.0,0.0
2022-07-14 12:30:00-04:00,53.220001220703125,53.25,52.779998779296875,53.02000045776367,47807,0.0,0.0
2022-07-14 13:30:00-04:00,52.994998931884766,53.61000061035156,52.93000030517578,53.58000183105469,62929,0.0,0.0
2022-07-14 14:30:00-04:00,53.56999969482422,53.65999984741211,53.47999954223633,53.57500076293945,67773,0.0,0.0
2022-07-14 15:30:00-04:00,53.59000015258789,53.61000061035156,53.38999938964844,53.5,128566,0.0,0.0
2022-07-15 09:30:00-04:00,54.25,54.38999938964844,53.599998474121094,54.380001068115234,37743,0.0,0.0
2022-07-15 10:30:00-04:00,54.400001525878906,54.47999954223633,54.04399871826172,54.43000030517578,32495,0.0,0.0
2022-07-15 11:30:00-04:00,54.415000915527344,54.612701416015625,54.415000915527344,54.49100112915039,31903,0.0,0.0
2022-07-15 12:30:00-04:00,54.54999923706055,54.58000183105469,54.279998779296875,54.36000061035156,32070,0.0,0.0
2022-07-15 13:30:00-04:00,54.38999938964844,54.41999816894531,54.25,54.27000045776367,31924,0.0,0.0
2022-07-15 14:30:00-04:00,54.29999923706055,54.380001068115234,53.9900016784668,54.0,50947,0.0,0.0
2022-07-15 15:30:00-04:00,54.0,54.0,53.72999954223633,53.90999984741211,132902,0.0,0.0
2022-07-18 09:30:00-04:00,53.77000045776367,54.45000076293945,53.689998626708984,53.869998931884766,55173,0.0,0.0
2022-07-18 10:30:00-04:00,53.88999938964844,54.099998474121094,53.87300109863281,54.09000015258789,38139,0.0,0.0
2022-07-18 11:30:00-04:00,54.09000015258789,54.25,53.959999084472656,54.064998626708984,79284,0.0,0.0
2022-07-18 12:30:00-04:00,54.060001373291016,54.21500015258789,53.810001373291016,53.89500045776367,37210,0.0,0.0
2022-07-18 13:30:00-04:00,53.869998931884766,53.959999084472656,53.595001220703125,53.595001220703125,74027,0.0,0.0
2022-07-18 14:30:00-04:00,53.56999969482422,53.66999816894531,53.33000183105469,53.345001220703125,60928,0.0,0.0
2022-07-18 15:30:00-04:00,53.31999969482422,53.31999969482422,52.994998931884766,53.13999938964844,134419,0.0,0.0
2022-07-19 09:30:00-04:00,53.66999816894531,54.88999938964844,53.5,54.720001220703125,120674,0.0,0.0
2022-07-19 10:30:00-04:00,54.7599983215332,54.974998474121094,54.61000061035156,54.66999816894531,46550,0.0,0.0
2022-07-19 11:30:00-04:00,54.744998931884766,54.869998931884766,54.68000030517578,54.8650016784668,34418,0.0,0.0
2022-07-19 12:30:00-04:00,54.849998474121094,54.97999954223633,54.790000915527344,54.90999984741211,43807,0.0,0.0
2022-07-19 13:30:00-04:00,54.90999984741211,55.125,54.88999938964844,54.96500015258789,40606,0.0,0.0
2022-07-19 14:30:00-04:00,54.970001220703125,55.005001068115234,54.845001220703125,54.959999084472656,58018,0.0,0.0
2022-07-19 15:30:00-04:00,54.970001220703125,55.15999984741211,54.880001068115234,54.93000030517578,142188,0.0,0.0
2022-07-20 09:30:00-04:00,54.95000076293945,55.22999954223633,54.540000915527344,54.88999938964844,51986,0.0,0.0
2022-07-20 10:30:00-04:00,54.880001068115234,55.29999923706055,54.86000061035156,55.06999969482422,49847,0.0,0.0
2022-07-20 11:30:00-04:00,55.11000061035156,55.119998931884766,54.869998931884766,55.09000015258789,40737,0.0,0.0
2022-07-20 12:30:00-04:00,55.04999923706055,55.22999954223633,54.72999954223633,55.209999084472656,33453,0.0,0.0
2022-07-20 13:30:00-04:00,55.22999954223633,55.31999969482422,55.040000915527344,55.27009963989258,31992,0.0,0.0
2022-07-20 14:30:00-04:00,55.310001373291016,55.650001525878906,55.2400016784668,55.650001525878906,43485,0.0,0.0
2022-07-20 15:30:00-04:00,55.66999816894531,55.790000915527344,55.560001373291016,55.58000183105469,93662,0.0,0.0
2022-07-21 09:30:00-04:00,55.27000045776367,55.525001525878906,54.79999923706055,54.810001373291016,40054,0.0,0.0
2022-07-21 10:30:00-04:00,54.790000915527344,55.40999984741211,54.790000915527344,55.33000183105469,36750,0.0,0.0
2022-07-21 11:30:00-04:00,55.33000183105469,55.560001373291016,55.29999923706055,55.54499816894531,40818,0.0,0.0
2022-07-21 12:30:00-04:00,55.54499816894531,55.599998474121094,55.400001525878906,55.400001525878906,31050,0.0,0.0
2022-07-21 13:30:00-04:00,55.42499923706055,55.45000076293945,55.290000915527344,55.41999816894531,39192,0.0,0.0
2022-07-21 14:30:00-04:00,55.41999816894531,55.560001373291016,55.290401458740234,55.54999923706055,36672,0.0,0.0
2022-07-21 15:30:00-04:00,55.529998779296875,55.880001068115234,55.5099983215332,55.849998474121094,88631,0.0,0.0
2022-07-22 09:30:00-04:00,55.939998626708984,56.2400016784668,55.439998626708984,55.689998626708984,37503,0.0,0.0
2022-07-22 10:30:00-04:00,55.70500183105469,56.34000015258789,55.599998474121094,56.18000030517578,66211,0.0,0.0
2022-07-22 11:30:00-04:00,56.20500183105469,56.20500183105469,55.90999984741211,55.97999954223633,48103,0.0,0.0
2022-07-22 12:30:00-04:00,55.9900016784668,56.099998474121094,55.61000061035156,55.689998626708984,42092,0.0,0.0
2022-07-22 13:30:00-04:00,55.66999816894531,55.66999816894531,55.275001525878906,55.329200744628906,59329,0.0,0.0
2022-07-22 14:30:00-04:00,55.290000915527344,55.404998779296875,55.25,55.349998474121094,51471,0.0,0.0
2022-07-22 15:30:00-04:00,55.34000015258789,55.720001220703125,55.220001220703125,55.709999084472656,86857,0.0,0.0
2022-07-25 09:30:00-04:00,55.959999084472656,56.56999969482422,55.529998779296875,56.36000061035156,0,0.0,0.0
2022-07-25 10:30:00-04:00,56.33000183105469,56.5099983215332,56.130001068115234,56.22999954223633,52709,0.0,0.0
2022-07-25 11:30:00-04:00,56.22999954223633,56.59000015258789,56.13999938964844,56.220001220703125,44614,0.0,0.0
2022-07-25 12:30:00-04:00,56.22999954223633,56.38999938964844,56.16999816894531,56.20000076293945,42646,0.0,0.0
2022-07-25 13:30:00-04:00,56.189998626708984,56.27000045776367,56.084999084472656,56.084999084472656,52094,0.0,0.0
2022-07-25 14:30:00-04:00,56.06999969482422,56.119998931884766,55.779998779296875,55.84000015258789,89998,0.0,0.0
2022-07-25 15:30:00-04:00,55.849998474121094,56.20000076293945,55.75,56.04999923706055,180740,0.0,0.0
2022-07-26 09:30:00-04:00,55.95000076293945,56.13999938964844,55.4900016784668,55.56999969482422,39058,0.0,0.0
2022-07-26 10:30:00-04:00,55.584999084472656,55.8650016784668,55.34000015258789,55.369998931884766,43724,0.0,0.0
2022-07-26 11:30:00-04:00,55.34199905395508,55.41999816894531,55.130001068115234,55.279998779296875,47274,0.0,0.0
2022-07-26 12:30:00-04:00,55.33000183105469,55.41999816894531,55.2599983215332,55.34000015258789,53371,0.0,0.0
2022-07-26 13:30:00-04:00,55.31999969482422,55.34000015258789,55.15999984741211,55.189998626708984,70505,0.0,0.0
2022-07-26 14:30:00-04:00,55.189998626708984,55.400001525878906,55.119998931884766,55.310001373291016,97027,0.0,0.0
2022-07-26 15:30:00-04:00,55.31999969482422,55.56999969482422,55.279998779296875,55.41999816894531,173350,0.0,0.0
2022-07-27 09:30:00-04:00,55.66999816894531,56.224998474121094,55.66999816894531,56.14500045776367,54759,0.0,0.0
2022-07-27 10:30:00-04:00,56.11000061035156,56.279998779296875,55.8849983215332,56.165000915527344,47705,0.0,0.0
2022-07-27 11:30:00-04:00,56.18000030517578,56.310001373291016,56.15999984741211,56.20000076293945,32527,0.0,0.0
2022-07-27 12:30:00-04:00,56.22079849243164,56.22079849243164,56.02000045776367,56.09000015258789,34319,0.0,0.0
2022-07-27 13:30:00-04:00,56.084999084472656,56.220001220703125,55.900001525878906,55.994998931884766,40663,0.0,0.0
2022-07-27 14:30:00-04:00,56.029998779296875,56.90999984741211,55.91999816894531,56.90999984741211,83551,0.0,0.0
2022-07-27 15:30:00-04:00,56.970001220703125,57.060001373291016,56.790000915527344,56.869998931884766,149524,0.0,0.0
2022-07-28 09:30:00-04:00,57.470001220703125,58.779998779296875,57.418399810791016,58.72999954223633,95557,0.0,0.0
2022-07-28 10:30:00-04:00,58.72999954223633,58.95500183105469,58.16999816894531,58.95500183105469,55396,0.0,0.0
2022-07-28 11:30:00-04:00,58.97999954223633,59.0,58.40999984741211,58.58000183105469,70334,0.0,0.0
2022-07-28 12:30:00-04:00,58.56999969482422,58.619998931884766,58.119998931884766,58.380001068115234,74653,0.0,0.0
2022-07-28 13:30:00-04:00,58.380001068115234,58.380001068115234,57.97999954223633,58.27000045776367,81485,0.0,0.0
2022-07-28 14:30:00-04:00,58.27000045776367,58.27000045776367,58.04999923706055,58.185001373291016,128255,0.0,0.0
2022-07-28 15:30:00-04:00,58.16999816894531,58.34000015258789,58.130001068115234,58.215999603271484,170179,0.0,0.0
2022-07-29 09:30:00-04:00,58.09000015258789,58.8650016784668,58.09000015258789,58.744998931884766,98496,0.0,0.0
2022-07-29 10:30:00-04:00,58.65999984741211,58.724998474121094,57.93000030517578,58.060001373291016,113249,0.0,0.0
2022-07-29 11:30:00-04:00,58.09000015258789,58.13999938964844,57.93000030517578,57.93000030517578,42917,0.0,0.0
2022-07-29 12:30:00-04:00,57.93000030517578,58.130001068115234,57.70000076293945,57.86000061035156,72095,0.0,0.0
2022-07-29 13:30:00-04:00,57.86000061035156,58.0,57.7599983215332,57.78499984741211,119788,0.0,0.0
2022-07-29 14:30:00-04:00,57.78499984741211,58.540000915527344,57.72999954223633,58.5,111815,0.0,0.0
2022-07-29 15:30:00-04:00,58.5,58.5,57.970001220703125,58.0099983215332,228007,0.0,0.0
2022-08-01 09:30:00-04:00,57.470001220703125,58.029998779296875,57.18000030517578,57.66999816894531,40447,0.0,0.0
2022-08-01 10:30:00-04:00,57.68899917602539,58.13999938964844,57.56999969482422,58.04999923706055,56448,0.0,0.0
2022-08-01 11:30:00-04:00,58.04499816894531,58.13999938964844,57.90999984741211,58.11000061035156,54279,0.0,0.0
2022-08-01 12:30:00-04:00,58.099998474121094,58.5099983215332,58.07500076293945,58.380001068115234,36629,0.0,0.0
2022-08-01 13:30:00-04:00,58.380001068115234,58.68000030517578,58.29999923706055,58.60900115966797,41742,0.0,0.0
2022-08-01 14:30:00-04:00,58.61000061035156,58.689998626708984,58.34000015258789,58.47999954223633,50634,0.0,0.0
2022-08-01 15:30:00-04:00,58.48500061035156,58.54999923706055,58.220001220703125,58.31999969482422,98143,0.0,0.0
2022-08-02 09:30:00-04:00,57.79999923706055,57.79999923706055,56.845001220703125,57.220001220703125,48605,0.0,0.0
2022-08-02 10:30:00-04:00,57.220001220703125,57.349998474121094,56.83000183105469,57.13999938964844,48786,0.0,0.0
2022-08-02 11:30:00-04:00,57.11000061035156,57.209999084472656,56.959999084472656,57.209999084472656,26772,0.0,0.0
2022-08-02 12:30:00-04:00,57.266700744628906,57.28499984741211,56.8849983215332,56.8849983215332,35316,0.0,0.0
2022-08-02 13:30:00-04:00,56.880001068115234,56.90999984741211,56.66999816894531,56.88999938964844,49340,0.0,0.0
2022-08-02 14:30:00-04:00,56.900001525878906,56.97159957885742,56.43000030517578,56.560001373291016,43842,0.0,0.0
2022-08-02 15:30:00-04:00,56.540000915527344,56.560001373291016,55.95000076293945,55.97999954223633,130316,0.0,0.0
2022-08-03 09:30:00-04:00,56.06999969482422,56.06999969482422,55.04999923706055,55.470001220703125,60944,0.0,0.0
2022-08-03 10:30:00-04:00,55.459999084472656,55.47999954223633,55.20000076293945,55.290000915527344,43926,0.0,0.0
2022-08-03 11:30:00-04:00,55.290000915527344,55.75,55.290000915527344,55.529998779296875,38034,0.0,0.0
2022-08-03 12:30:00-04:00,55.525001525878906,55.79999923706055,55.525001525878906,55.75,57175,0.0,0.0
2022-08-03 13:30:00-04:00,55.77000045776367,55.970001220703125,55.77000045776367,55.84000015258789,41309,0.0,0.0
2022-08-03 14:30:00-04:00,55.81999969482422,55.849998474121094,55.5,55.54999923706055,60023,0.0,0.0
2022-08-03 15:30:00-04:00,55.564998626708984,55.720001220703125,55.52000045776367,55.61000061035156,118744,0.0,0.0
2022-08-04 09:30:00-04:00,55.439998626708984,55.709999084472656,55.029998779296875,55.54499816894531,40519,0.0,0.0
2022-08-04 10:30:00-04:00,55.58000183105469,55.810001373291016,55.459999084472656,55.630001068115234,49537,0.0,0.0
2022-08-04 11:30:00-04:00,55.689998626708984,55.72999954223633,55.459999084472656,55.4900016784668,25725,0.0,0.0
2022-08-04 12:30:00-04:00,55.505001068115234,55.529998779296875,55.34000015258789,55.48619842529297,59801,0.0,0.0
2022-08-04 13:30:00-04:00,55.470001220703125,55.540000915527344,55.290000915527344,55.349998474121094,50767,0.0,0.0
2022-08-04 14:30:00-04:00,55.349998474121094,55.54999923706055,55.27000045776367,55.47999954223633,90125,0.0,0.0
2022-08-04 15:30:00-04:00,55.5,55.51499938964844,55.209999084472656,55.220001220703125,115894,0.0,0.0
2022-08-05 09:30:00-04:00,55.0,55.71500015258789,55.0,55.619998931884766,43173,0.0,0.0
2022-08-05 10:30:00-04:00,55.61000061035156,55.61000061035156,55.2599983215332,55.38999938964844,32735,0.0,0.0
2022-08-05 11:30:00-04:00,55.349998474121094,55.560001373291016,55.334999084472656,55.41999816894531,37052,0.0,0.0
2022-08-05 12:30:00-04:00,55.40999984741211,55.65999984741211,55.3650016784668,55.5099983215332,28276,0.0,0.0
2022-08-05 13:30:00-04:00,55.5099983215332,55.61000061035156,55.40999984741211,55.40999984741211,28980,0.0,0.0
2022-08-05 14:30:00-04:00,55.400001525878906,55.470001220703125,55.290000915527344,55.439998626708984,34995,0.0,0.0
2022-08-05 15:30:00-04:00,55.43000030517578,55.529998779296875,55.349998474121094,55.40999984741211,74009,0.0,0.0
2022-08-08 09:30:00-04:00,55.630001068115234,56.599998474121094,55.630001068115234,56.599998474121094,36249,0.0,0.0
2022-08-08 10:30:00-04:00,56.58000183105469,56.68000030517578,56.40999984741211,56.48500061035156,55376,0.0,0.0
2022-08-08 11:30:00-04:00,56.45000076293945,56.45000076293945,55.91999816894531,55.959999084472656,26266,0.0,0.0
2022-08-08 12:30:00-04:00,55.97999954223633,56.209999084472656,55.93000030517578,56.11000061035156,27262,0.0,0.0
2022-08-08 13:30:00-04:00,56.13999938964844,56.182098388671875,56.040000915527344,56.099998474121094,29473,0.0,0.0
2022-08-08 14:30:00-04:00,56.09000015258789,56.150001525878906,55.91999816894531,56.099998474121094,46875,0.0,0.0
2022-08-08 15:30:00-04:00,56.09000015258789,56.154998779296875,55.79999923706055,55.86000061035156,86168,0.0,0.0
2022-08-09 09:30:00-04:00,55.7400016784668,56.04999923706055,55.470001220703125,55.72999954223633,0,0.0,0.0
2022-08-09 10:30:00-04:00,55.720001220703125,55.80500030517578,55.310001373291016,55.560001373291016,45531,0.0,0.0
2022-08-09 11:30:00-04:00,55.564998626708984,55.61000061035156,55.474998474121094,55.540000915527344,25507,0.0,0.0
2022-08-09 12:30:00-04:00,55.54499816894531,55.70500183105469,55.41999816894531,55.69499969482422,28120,0.0,0.0
2022-08-09 13:30:00-04:00,55.70500183105469,55.91999816894531,55.630001068115234,55.91999816894531,48083,0.0,0.0
2022-08-09 14:30:00-04:00,55.939998626708984,56.27000045776367,55.900001525878906,56.18000030517578,59472,0.0,0.0
2022-08-09 15:30:00-04:00,56.185001373291016,56.540000915527344,56.15999984741211,56.540000915527344,136501,0.0,0.0
2022-08-10 09:30:00-04:00,57.439998626708984,58.029998779296875,57.26499938964844,58.02000045776367,59161,0.0,0.0
2022-08-10 10:30:00-04:00,58.0,58.404998779296875,57.974998474121094,58.349998474121094,46229,0.0,0.0
2022-08-10 11:30:00-04:00,58.34000015258789,58.43000030517578,58.220001220703125,58.33000183105469,50428,0.0,0.0
2022-08-10 12:30:00-04:00,58.34000015258789,58.36000061035156,58.099998474121094,58.11000061035156,65884,0.0,0.0
2022-08-10 13:30:00-04:00,58.06999969482422,58.11000061035156,57.7400016784668,57.7400016784668,28433,0.0,0.0
2022-08-10 14:30:00-04:00,57.7400016784668,57.75,57.334999084472656,57.599998474121094,136443,0.0,0.0
2022-08-10 15:30:00-04:00,57.58000183105469,57.88999938964844,57.56999969482422,57.779998779296875,116707,0.0,0.0
2022-08-11 09:30:00-04:00,57.93000030517578,58.310001373291016,57.90999984741211,58.220001220703125,0,0.0,0.0
2022-08-11 10:30:00-04:00,58.279998779296875,58.56999969482422,58.04999923706055,58.099998474121094,53415,0.0,0.0
2022-08-11 11:30:00-04:00,58.119998931884766,58.29499816894531,58.0099983215332,58.119998931884766,34651,0.0,0.0
2022-08-11 12:30:00-04:00,58.13999938964844,58.5,58.130001068115234,58.43000030517578,20202,0.0,0.0
2022-08-11 13:30:00-04:00,58.43000030517578,58.560001373291016,58.33000183105469,58.560001373291016,29159,0.0,0.0
2022-08-11 14:30:00-04:00,58.597999572753906,58.630001068115234,58.309600830078125,58.40999984741211,36441,0.0,0.0
2022-08-11 15:30:00-04:00,58.439998626708984,58.5099983215332,58.38999938964844,58.41999816894531,66360,0.0,0.0
2022-08-12 09:30:00-04:00,58.86000061035156,58.95000076293945,58.595001220703125,58.85499954223633,39002,0.0,0.0
2022-08-12 10:30:00-04:00,58.93000030517578,59.0,58.59000015258789,58.845001220703125,34532,0.0,0.0
2022-08-12 11:30:00-04:00,58.8849983215332,59.084999084472656,58.7599983215332,59.084999084472656,25406,0.0,0.0
2022-08-12 12:30:00-04:00,59.04999923706055,59.060001373291016,58.84000015258789,58.84000015258789,20486,0.0,0.0
2022-08-12 13:30:00-04:00,58.84000015258789,58.939998626708984,58.79999923706055,58.86000061035156,35059,0.0,0.0
2022-08-12 14:30:00-04:00,58.900001525878906,59.310001373291016,58.900001525878906,59.290000915527344,42478,0.0,0.0
2022-08-12 15:30:00-04:00,59.27000045776367,59.31999969482422,59.11000061035156,59.279998779296875,61479,0.0,0.0
2022-08-15 09:30:00-04:00,58.790000915527344,59.06999969482422,58.56999969482422,58.650001525878906,31578,0.0,0.0
2022-08-15 10:30:00-04:00,58.709999084472656,58.790000915527344,58.54999923706055,58.59000015258789,21833,0.0,0.0
2022-08-15 11:30:00-04:00,58.619998931884766,59.189998626708984,58.619998931884766,59.189998626708984,25229,0.0,0.0
2022-08-15 12:30:00-04:00,59.150001525878906,59.157501220703125,58.849998474121094,58.86000061035156,27156,0.0,0.0
2022-08-15 13:30:00-04:00,58.8650016784668,58.869998931884766,58.66999816894531,58.73500061035156,24035,0.0,0.0
2022-08-15 14:30:00-04:00,58.709999084472656,58.970001220703125,58.709999084472656,58.959999084472656,47759,0.0,0.0
2022-08-15 15:30:00-04:00,58.94499969482422,59.04999923706055,58.880001068115234,58.939998626708984,62142,0.0,0.0
2022-08-16 09:30:00-04:00,58.86000061035156,58.9900016784668,58.439998626708984,58.8849983215332,34341,0.0,0.0
2022-08-16 10:30:00-04:00,58.86000061035156,59.369998931884766,58.810001373291016,59.369998931884766,33533,0.0,0.0
2022-08-16 11:30:00-04:00,59.38999938964844,59.4900016784668,59.38999938964844,59.459999084472656,27143,0.0,0.0
2022-08-16 12:30:00-04:00,59.439998626708984,59.45000076293945,59.290000915527344,59.43000030517578,29729,0.0,0.0
2022-08-16 13:30:00-04:00,59.43000030517578,59.599998474121094,59.369998931884766,59.58000183105469,32053,0.0,0.0
2022-08-16 14:30:00-04:00,59.560001373291016,59.560001373291016,59.189998626708984,59.310001373291016,34371,0.0,0.0
2022-08-16 15:30:00-04:00,59.34000015258789,59.41999816894531,59.20000076293945,59.2599983215332,85514,0.0,0.0
2022-08-17 09:30:00-04:00,58.7400016784668,58.92580032348633,58.22999954223633,58.26499938964844,24342,0.0,0.0
2022-08-17 10:30:00-04:00,58.32500076293945,58.47999954223633,58.2400016784668,58.439998626708984,21429,0.0,0.0
2022-08-17 11:30:00-04:00,58.49369812011719,58.5,58.18000030517578,58.29999923706055,18801,0.0,0.0
2022-08-17 12:30:00-04:00,58.349998474121094,58.58000183105469,58.33000183105469,58.58000183105469,18089,0.0,0.0
2022-08-17 13:30:00-04:00,58.595001220703125,59.224998474121094,58.521400451660156,59.060001373291016,49123,0.0,0.0
2022-08-17 14:30:00-04:00,59.040000915527344,59.13999938964844,58.720001220703125,58.84000015258789,42292,0.0,0.0
2022-08-17 15:30:00-04:00,58.81999969482422,58.900001525878906,58.650001525878906,58.65999984741211,64363,0.0,0.0
2022-08-18 09:30:00-04:00,58.65999984741211,58.81999969482422,58.5,58.75,38979,0.0,0.0
2022-08-18 10:30:00-04:00,58.7599983215332,58.929100036621094,58.72999954223633,58.790000915527344,22741,0.0,0.0
2022-08-18 11:30:00-04:00,58.875,59.04999923706055,58.81999969482422,58.88999938964844,17784,0.0,0.0
2022-08-18 12:30:00-04:00,58.80500030517578,58.80500030517578,58.58000183105469,58.6609992980957,20890,0.0,0.0
2022-08-18 13:30:00-04:00,58.709999084472656,59.06999969482422,58.689998626708984,59.06999969482422,19613,0.0,0.0
2022-08-18 14:30:00-04:00,59.08000183105469,59.15999984741211,58.91999816894531,59.040000915527344,34789,0.0,0.0
2022-08-18 15:30:00-04:00,59.060001373291016,59.189998626708984,59.0,59.119998931884766,46508,0.0,0.0
2022-08-19 09:30:00-04:00,58.880001068115234,59.0,58.43000030517578,58.59000015258789,29535,0.0,0.0
2022-08-19 10:30:00-04:00,58.7599983215332,58.7599983215332,58.5,58.59000015258789,14521,0.0,0.0
2022-08-19 11:30:00-04:00,58.630001068115234,58.710201263427734,58.459999084472656,58.462799072265625,20525,0.0,0.0
2022-08-19 12:30:00-04:00,58.470001220703125,58.61000061035156,58.439998626708984,58.529998779296875,14918,0.0,0.0
2022-08-19 13:30:00-04:00,58.52000045776367,58.6150016784668,58.47999954223633,58.56990051269531,18226,0.0,0.0
2022-08-19 14:30:00-04:00,58.540000915527344,58.560001373291016,58.2599983215332,58.435001373291016,23343,0.0,0.0
2022-08-19 15:30:00-04:00,58.435001373291016,58.619998931884766,58.40999984741211,58.40999984741211,54195,0.0,0.0
2022-08-22 09:30:00-04:00,57.81999969482422,57.939998626708984,57.124000549316406,57.150001525878906,27573,0.0,0.0
2022-08-22 10:30:00-04:00,57.20000076293945,57.36000061035156,57.150001525878906,57.2400016784668,17383,0.0,0.0
2022-08-22 11:30:00-04:00,57.310001373291016,57.31999969482422,57.040000915527344,57.04999923706055,20095,0.0,0.0
2022-08-22 12:30:00-04:00,57.04999923706055,57.064998626708984,56.81999969482422,56.854000091552734,27236,0.0,0.0
2022-08-22 13:30:00-04:00,56.84000015258789,56.84000015258789,56.54999923706055,56.584999084472656,37938,0.0,0.0
2022-08-22 14:30:00-04:00,56.56999969482422,56.63999938964844,56.47999954223633,56.4900016784668,46367,0.0,0.0
2022-08-22 15:30:00-04:00,56.49100112915039,56.67499923706055,56.459999084472656,56.630001068115234,92901,0.0,0.0
2022-08-23 09:30:00-04:00,56.79999923706055,57.03499984741211,56.56999969482422,56.709999084472656,46217,0.0,0.0
2022-08-23 10:30:00-04:00,56.709999084472656,56.93000030517578,56.599998474121094,56.77000045776367,24131,0.0,0.0
2022-08-23 11:30:00-04:00,56.779998779296875,56.95000076293945,56.720001220703125,56.81999969482422,17733,0.0,0.0
2022-08-23 12:30:00-04:00,56.790000915527344,56.84000015258789,56.68000030517578,56.834999084472656,18731,0.0,0.0
2022-08-23 13:30:00-04:00,56.84000015258789,56.880001068115234,56.619998931884766,56.790000915527344,17860,0.0,0.0
2022-08-23 14:30:00-04:00,56.779998779296875,56.880001068115234,56.709999084472656,56.869998931884766,22268,0.0,0.0
2022-08-23 15:30:00-04:00,56.849998474121094,56.900001525878906,56.709999084472656,56.709999084472656,61910,0.0,0.0
2022-08-24 09:30:00-04:00,56.93000030517578,56.93000030517578,56.38999938964844,56.787498474121094,45125,0.0,0.0
2022-08-24 10:30:00-04:00,56.810001373291016,56.93000030517578,56.66999816894531,56.93000030517578,14731,0.0,0.0
2022-08-24 11:30:00-04:00,56.88999938964844,56.92599868774414,56.599998474121094,56.599998474121094,16318,0.0,0.0
2022-08-24 12:30:00-04:00,56.59000015258789,56.59000015258789,56.209999084472656,56.209999084472656,17219,0.0,0.0
2022-08-24 13:30:00-04:00,56.220001220703125,56.220001220703125,56.029998779296875,56.220001220703125,23539,0.0,0.0
2022-08-24 14:30:00-04:00,56.218299865722656,56.33000183105469,56.08000183105469,56.290000915527344,33479,0.0,0.0
2022-08-24 15:30:00-04:00,56.290000915527344,56.48500061035156,56.290000915527344,56.38999938964844,59180,0.0,0.0
2022-08-25 09:30:00-04:00,56.5,57.150001525878906,56.13999938964844,57.150001525878906,35383,0.0,0.0
2022-08-25 10:30:00-04:00,57.16999816894531,57.185001373291016,56.97999954223633,57.060001373291016,32102,0.0,0.0
2022-08-25 11:30:00-04:00,57.099998474121094,57.130001068115234,56.97999954223633,56.9900016784668,18672,0.0,0.0
2022-08-25 12:30:00-04:00,57.02000045776367,57.52000045776367,56.970001220703125,57.474998474121094,35866,0.0,0.0
2022-08-25 13:30:00-04:00,57.470001220703125,57.709999084472656,57.45500183105469,57.560001373291016,17922,0.0,0.0
2022-08-25 14:30:00-04:00,57.56999969482422,57.63999938964844,57.34000015258789,57.630001068115234,24238,0.0,0.0
2022-08-25 15:30:00-04:00,57.66999816894531,57.90999984741211,57.573001861572266,57.900001525878906,44515,0.0,0.0
2022-08-26 09:30:00-04:00,58.11000061035156,58.11000061035156,56.75,56.849998474121094,27697,0.0,0.0
2022-08-26 10:30:00-04:00,56.86000061035156,56.92499923706055,56.619998931884766,56.86000061035156,47867,0.0,0.0
2022-08-26 11:30:00-04:00,56.880001068115234,57.119998931884766,56.81999969482422,56.88999938964844,26151,0.0,0.0
2022-08-26 12:30:00-04:00,56.8849983215332,57.08000183105469,56.810001373291016,56.97999954223633,26082,0.0,0.0
2022-08-26 13:30:00-04:00,57.0,57.0099983215332,56.84000015258789,56.904998779296875,24256,0.0,0.0
2022-08-26 14:30:00-04:00,56.904998779296875,57.06999969482422,56.83000183105469,57.0099983215332,49319,0.0,0.0
2022-08-26 15:30:00-04:00,57.005001068115234,57.04999923706055,56.779998779296875,56.810001373291016,107302,0.0,0.0
2022-08-29 09:30:00-04:00,56.279998779296875,56.36000061035156,55.47999954223633,55.52000045776367,36314,0.0,0.0
2022-08-29 10:30:00-04:00,55.529998779296875,55.970001220703125,55.47999954223633,55.93000030517578,20384,0.0,0.0
2022-08-29 11:30:00-04:00,55.970001220703125,56.130001068115234,55.90999984741211,56.04499816894531,14155,0.0,0.0
2022-08-29 12:30:00-04:00,56.02000045776367,56.18000030517578,55.95000076293945,55.970001220703125,19973,0.0,0.0
2022-08-29 13:30:00-04:00,55.9900016784668,56.119998931884766,55.869998931884766,55.900001525878906,28871,0.0,0.0
2022-08-29 14:30:00-04:00,55.87269973754883,55.994998931884766,55.599998474121094,55.599998474121094,47391,0.0,0.0
2022-08-29 15:30:00-04:00,55.57500076293945,55.599998474121094,55.38999938964844,55.470001220703125,78924,0.0,0.0
2022-08-30 09:30:00-04:00,55.40999984741211,55.810001373291016,55.150001525878906,55.2400016784668,58402,0.0,0.0
2022-08-30 10:30:00-04:00,55.2400016784668,55.29999923706055,54.86000061035156,55.279998779296875,34219,0.0,0.0
2022-08-30 11:30:00-04:00,55.15999984741211,55.349998474121094,55.095001220703125,55.2599983215332,30098,0.0,0.0
2022-08-30 12:30:00-04:00,55.19499969482422,55.209999084472656,54.720001220703125,54.7400016784668,36153,0.0,0.0
2022-08-30 13:30:00-04:00,54.7599983215332,54.86000061035156,54.529998779296875,54.75,38766,0.0,0.0
2022-08-30 14:30:00-04:00,54.77000045776367,54.790000915527344,54.56999969482422,54.70000076293945,34592,0.0,0.0
2022-08-30 15:30:00-04:00,54.65999984741211,54.709999084472656,54.51499938964844,54.619998931884766,69154,0.0,0.0
2022-08-31 09:30:00-04:00,54.720001220703125,54.86000061035156,54.15999984741211,54.15999984741211,18759,0.0,0.0
2022-08-31 10:30:00-04:00,54.13999938964844,54.310001373291016,54.04999923706055,54.11600112915039,21652,0.0,0.0
2022-08-31 11:30:00-04:00,54.119998931884766,54.220001220703125,53.97999954223633,54.040000915527344,18880,0.0,0.0
2022-08-31 12:30:00-04:00,54.040000915527344,54.060001373291016,53.724998474121094,53.7400016784668,22077,0.0,0.0
2022-08-31 13:30:00-04:00,53.72999954223633,53.81999969482422,53.595001220703125,53.64500045776367,33132,0.0,0.0
2022-08-31 14:30:00-04:00,53.619998931884766,53.72999954223633,53.439998626708984,53.5,33710,0.0,0.0
2022-08-31 15:30:00-04:00,53.4900016784668,53.685001373291016,53.459999084472656,53.529998779296875,93555,0.0,0.0
2022-09-01 09:30:00-04:00,53.400001525878906,53.400001525878906,52.849998474121094,53.064998626708984,33851,0.0,0.0
2022-09-01 10:30:00-04:00,53.064998626708984,53.220001220703125,52.689998626708984,53.18000030517578,146918,0.0,0.0
2022-09-01 11:30:00-04:00,53.17499923706055,53.349998474121094,52.689998626708984,52.834999084472656,73608,0.0,0.0
2022-09-01 12:30:00-04:00,52.83000183105469,52.900001525878906,52.29999923706055,52.900001525878906,186748,0.0,0.0
2022-09-01 13:30:00-04:00,52.91999816894531,52.970001220703125,52.66999816894531,52.95000076293945,60779,0.0,0.0
2022-09-01 14:30:00-04:00,52.970001220703125,53.310001373291016,52.95000076293945,53.10499954223633,57916,0.0,0.0
2022-09-01 15:30:00-04:00,53.04999923706055,53.31999969482422,52.939998626708984,53.279998779296875,122780,0.0,0.0
2022-09-02 09:30:00-04:00,53.79999923706055,53.97999954223633,53.43000030517578,53.970001220703125,31672,0.0,0.0
2022-09-02 10:30:00-04:00,54.04999923706055,54.380001068115234,54.02439880371094,54.349998474121094,29775,0.0,0.0
2022-09-02 11:30:00-04:00,54.369998931884766,54.814998626708984,54.279998779296875,54.3046989440918,43332,0.0,0.0
2022-09-02 12:30:00-04:00,54.279998779296875,54.279998779296875,53.70000076293945,53.70000076293945,35570,0.0,0.0
2022-09-02 13:30:00-04:00,53.70500183105469,53.7599983215332,53.45000076293945,53.720001220703125,32122,0.0,0.0
2022-09-02 14:30:00-04:00,53.70500183105469,53.70500183105469,53.26499938964844,53.290000915527344,63344,0.0,0.0
2022-09-02 15:30:00-04:00,53.209999084472656,53.2599983215332,53.0,53.220001220703125,96985,0.0,0.0
2022-09-06 09:30:00-04:00,53.25,53.40999984741211,52.150001525878906,52.849998474121094,93259,0.0,0.0
2022-09-06 10:30:00-04:00,52.81999969482422,52.8650016784668,52.409698486328125,52.435001373291016,81598,0.0,0.0
2022-09-06 11:30:00-04:00,52.41999816894531,52.73500061035156,52.40999984741211,52.529998779296875,46488,0.0,0.0
2022-09-06 12:30:00-04:00,52.52000045776367,52.529998779296875,52.099998474121094,52.15999984741211,53459,0.0,0.0
2022-09-06 13:30:00-04:00,52.17499923706055,52.33000183105469,51.95000076293945,51.959999084472656,67235,0.0,0.0
2022-09-06 14:30:00-04:00,51.959999084472656,51.98500061035156,51.41999816894531,51.720001220703125,185032,0.0,0.0
2022-09-06 15:30:00-04:00,51.70000076293945,51.939998626708984,51.650001525878906,51.83000183105469,176939,0.0,0.0
2022-09-07 09:30:00-04:00,51.349998474121094,51.36000061035156,50.845001220703125,51.189998626708984,90256,0.0,0.0
2022-09-07 10:30:00-04:00,51.22999954223633,51.88999938964844,51.20000076293945,51.689998626708984,75073,0.0,0.0
2022-09-07 11:30:00-04:00,51.720001220703125,51.7599983215332,51.41999816894531,51.63999938964844,41935,0.0,0.0
2022-09-07 12:30:00-04:00,51.619998931884766,51.85499954223633,51.61000061035156,51.77000045776367,43647,0.0,0.0
2022-09-07 13:30:00-04:00,51.77000045776367,52.130001068115234,51.77000045776367,52.099998474121094,50169,0.0,0.0
2022-09-07 14:30:00-04:00,52.13999938964844,52.40999984741211,52.130001068115234,52.34000015258789,60519,0.0,0.0
2022-09-07 15:30:00-04:00,52.349998474121094,52.45500183105469,52.279998779296875,52.380001068115234,99955,0.0,0.0
2022-09-08 09:30:00-04:00,51.939998626708984,52.25,51.529998779296875,52.15999984741211,44543,0.0,0.0
2022-09-08 10:30:00-04:00,52.06999969482422,52.599998474121094,52.0,52.5,52025,0.0,0.0
2022-09-08 11:30:00-04:00,52.52000045776367,52.744998931884766,52.25,52.36000061035156,35263,0.0,0.0
2022-09-08 12:30:00-04:00,52.38999938964844,52.755001068115234,52.38999938964844,52.75,39419,0.0,0.0
2022-09-08 13:30:00-04:00,52.75,52.935001373291016,52.68000030517578,52.91999816894531,63993,0.0,0.0
2022-09-08 14:30:00-04:00,52.935001373291016,53.310001373291016,52.89500045776367,53.23500061035156,83930,0.0,0.0
2022-09-08 15:30:00-04:00,53.23500061035156,53.54999923706055,53.130001068115234,53.529998779296875,128813,0.0,0.0
2022-09-09 09:30:00-04:00,53.650001525878906,54.36000061035156,53.400001525878906,54.36000061035156,43760,0.0,0.0
2022-09-09 10:30:00-04:00,54.34000015258789,54.349998474121094,53.85499954223633,53.869998931884766,36029,0.0,0.0
2022-09-09 11:30:00-04:00,53.88999938964844,54.029998779296875,53.66999816894531,53.83000183105469,51158,0.0,0.0
2022-09-09 12:30:00-04:00,53.869998931884766,53.900001525878906,53.75,53.849998474121094,28529,0.0,0.0
2022-09-09 13:30:00-04:00,53.84000015258789,54.0099983215332,53.79499816894531,53.970001220703125,76223,0.0,0.0
2022-09-09 14:30:00-04:00,53.970001220703125,54.02000045776367,53.875,53.90999984741211,72491,0.0,0.0
2022-09-09 15:30:00-04:00,53.900001525878906,53.900001525878906,53.755001068115234,53.869998931884766,130997,0.0,0.0
2022-09-12 09:30:00-04:00,54.279998779296875,54.959999084472656,54.119998931884766,54.779998779296875,48074,0.0,0.0
2022-09-12 10:30:00-04:00,54.790000915527344,54.79999923706055,54.31999969482422,54.5,47633,0.0,0.0
2022-09-12 11:30:00-04:00,54.4900016784668,54.5099983215332,54.099998474121094,54.189998626708984,25906,0.0,0.0
2022-09-12 12:30:00-04:00,54.22999954223633,54.28369903564453,54.15999984741211,54.255001068115234,30128,0.0,0.0
2022-09-12 13:30:00-04:00,54.2599983215332,54.36000061035156,54.11000061035156,54.25,35418,0.0,0.0
2022-09-12 14:30:00-04:00,54.27000045776367,54.41999816894531,54.209999084472656,54.22999954223633,46258,0.0,0.0
2022-09-12 15:30:00-04:00,54.224998474121094,54.619998931884766,54.154998779296875,54.36000061035156,198342,0.0,0.0
2022-09-13 09:30:00-04:00,53.459999084472656,53.5099983215332,52.119998931884766,52.540000915527344,108253,0.0,0.0
2022-09-13 10:30:00-04:00,52.47999954223633,52.900001525878906,52.400001525878906,52.880001068115234,111025,0.0,0.0
2022-09-13 11:30:00-04:00,52.84000015258789,53.20000076293945,52.84000015258789,52.88999938964844,89297,0.0,0.0
2022-09-13 12:30:00-04:00,52.86000061035156,52.939998626708984,52.43000030517578,52.459999084472656,85634,0.0,0.0
2022-09-13 13:30:00-04:00,52.470001220703125,52.52000045776367,52.34000015258789,52.36000061035156,54250,0.0,0.0
2022-09-13 14:30:00-04:00,52.38999938964844,52.38999938964844,51.72999954223633,51.72999954223633,54951,0.0,0.0
2022-09-13 15:30:00-04:00,51.720001220703125,51.720001220703125,51.380001068115234,51.41999816894531,134768,0.0,0.0
2022-09-14 09:30:00-04:00,51.470001220703125,51.470001220703125,50.34000015258789,50.65999984741211,113932,0.0,0.0
2022-09-14 10:30:00-04:00,50.650001525878906,51.16999816894531,50.619998931884766,51.040000915527344,121268,0.0,0.0
2022-09-14 11:30:00-04:00,51.0099983215332,51.040000915527344,50.279998779296875,50.279998779296875,75254,0.0,0.0
2022-09-14 12:30:00-04:00,50.29999923706055,50.54999923706055,50.22999954223633,50.529998779296875,53063,0.0,0.0
2022-09-14 13:30:00-04:00,50.54999923706055,50.560001373291016,50.04999923706055,50.06340026855469,50220,0.0,0.0
2022-09-14 14:30:00-04:00,50.08000183105469,50.15999984741211,49.64500045776367,49.68000030517578,64158,0.0,0.0
2022-09-14 15:30:00-04:00,49.66999816894531,50.04999923706055,49.540000915527344,50.0099983215332,136007,0.0,0.0
2022-09-15 09:30:00-04:00,50.040000915527344,51.29999923706055,49.7599983215332,50.869998931884766,95336,0.0,0.0
2022-09-15 10:30:00-04:00,50.849998474121094,51.08000183105469,50.755001068115234,50.90999984741211,66094,0.0,0.0
2022-09-15 11:30:00-04:00,50.90999984741211,50.97999954223633,50.65999984741211,50.939998626708984,47718,0.0,0.0
2022-09-15 12:30:00-04:00,50.939998626708984,51.47999954223633,50.90999984741211,51.380001068115234,51585,0.0,0.0
2022-09-15 13:30:00-04:00,51.36000061035156,51.40999984741211,51.0099983215332,51.29999923706055,60985,0.0,0.0
2022-09-15 14:30:00-04:00,51.290000915527344,51.404598236083984,50.68000030517578,50.77000045776367,69227,0.0,0.0
2022-09-15 15:30:00-04:00,50.77000045776367,50.95000076293945,50.7400016784668,50.779998779296875,115581,0.0,0.0
2022-09-16 09:30:00-04:00,50.439998626708984,50.86000061035156,50.0,50.86000061035156,193884,0.0,0.0
2022-09-16 10:30:00-04:00,50.95500183105469,51.189998626708984,50.77000045776367,50.77000045776367,70028,0.0,0.0
2022-09-16 11:30:00-04:00,50.77000045776367,50.86000061035156,50.459999084472656,50.459999084472656,55407,0.0,0.0
2022-09-16 12:30:00-04:00,50.43000030517578,50.61000061035156,50.1349983215332,50.150001525878906,113801,0.0,0.0
2022-09-16 13:30:00-04:00,50.15999984741211,50.279998779296875,49.93000030517578,50.255001068115234,149214,0.0,0.0
2022-09-16 14:30:00-04:00,50.25,50.7400016784668,50.22999954223633,50.540000915527344,143075,0.0,0.0
2022-09-16 15:30:00-04:00,50.52000045776367,50.73500061035156,50.45500183105469,50.560001373291016,197532,0.0,0.0
2022-09-19 09:30:00-04:00,50.40999984741211,51.75,50.36000061035156,51.34000015258789,60590,0.0,0.0
2022-09-19 10:30:00-04:00,51.36000061035156,51.599998474121094,50.970001220703125,50.970001220703125,41046,0.0,0.0
2022-09-19 11:30:00-04:00,50.959999084472656,50.970001220703125,50.56999969482422,50.709999084472656,107716,0.0,0.0
2022-09-19 12:30:00-04:00,50.70000076293945,51.130001068115234,50.689998626708984,51.099998474121094,36446,0.0,0.0
2022-09-19 13:30:00-04:00,51.08000183105469,51.08000183105469,50.81999969482422,50.849998474121094,31486,0.0,0.0
2022-09-19 14:30:00-04:00,50.870201110839844,51.16999816894531,50.81999969482422,51.13999938964844,60242,0.0,0.0
2022-09-19 15:30:00-04:00,51.18000030517578,51.220001220703125,51.0099983215332,51.09000015258789,169236,0.0,0.0
2022-09-20 09:30:00-04:00,50.47999954223633,50.47999954223633,49.720001220703125,49.7599983215332,47593,0.0,0.0
2022-09-20 10:30:00-04:00,49.720001220703125,49.720001220703125,49.349998474121094,49.439998626708984,50552,0.0,0.0
2022-09-20 11:30:00-04:00,49.400001525878906,49.869998931884766,49.33000183105469,49.7400016784668,53207,0.0,0.0
2022-09-20 12:30:00-04:00,49.689998626708984,49.70000076293945,49.15999984741211,49.18000030517578,64188,0.0,0.0
2022-09-20 13:30:00-04:00,49.13999938964844,49.42499923706055,49.040000915527344,49.29999923706055,71931,0.0,0.0
2022-09-20 14:30:00-04:00,49.290000915527344,49.45000076293945,49.20500183105469,49.400001525878906,79248,0.0,0.0
2022-09-20 15:30:00-04:00,49.380001068115234,49.63999938964844,49.34000015258789,49.45500183105469,179203,0.0,0.0
2022-09-21 09:30:00-04:00,49.77000045776367,50.755001068115234,49.70000076293945,50.45000076293945,100327,0.0,0.0
2022-09-21 10:30:00-04:00,50.47999954223633,50.47999954223633,50.165000915527344,50.29999923706055,49021,0.0,0.0
2022-09-21 11:30:00-04:00,50.29999923706055,50.400001525878906,50.27000045776367,50.34000015258789,43482,0.0,0.0
2022-09-21 12:30:00-04:00,50.34000015258789,50.5,50.3317985534668,50.5,31247,0.0,0.0
2022-09-21 13:30:00-04:00,50.4900016784668,50.630001068115234,49.72999954223633,49.7400016784668,48653,0.0,0.0
2022-09-21 14:30:00-04:00,49.72999954223633,50.70000076293945,49.650001525878906,49.79999923706055,69146,0.0,0.0
2022-09-21 15:30:00-04:00,49.7599983215332,49.83599853515625,49.36000061035156,49.36000061035156,114737,0.0,0.0
2022-09-22 09:30:00-04:00,49.27000045776367,49.31999969482422,48.040000915527344,48.13999938964844,67352,0.0,0.0
2022-09-22 10:30:00-04:00,48.1349983215332,48.200199127197266,47.40999984741211,47.595001220703125,108462,0.0,0.0
2022-09-22 11:30:00-04:00,47.56999969482422,47.68000030517578,47.20000076293945,47.349998474121094,78227,0.0,0.0
2022-09-22 12:30:00-04:00,47.34000015258789,47.529998779296875,47.27000045776367,47.529998779296875,75364,0.0,0.0
2022-09-22 13:30:00-04:00,47.650001525878906,47.83000183105469,47.619998931884766,47.83000183105469,68920,0.0,0.0
2022-09-22 14:30:00-04:00,47.834999084472656,48.15999984741211,47.83000183105469,47.90999984741211,73920,0.0,0.0
2022-09-22 15:30:00-04:00,47.90999984741211,48.06999969482422,47.72999954223633,47.75,113266,0.0,0.0
2022-09-23 09:30:00-04:00,47.25,47.44499969482422,46.29499816894531,46.465301513671875,70822,0.0,0.0
2022-09-23 10:30:00-04:00,46.4900016784668,46.68000030517578,46.279998779296875,46.57899856567383,42503,0.0,0.0
2022-09-23 11:30:00-04:00,46.59000015258789,46.59000015258789,46.22999954223633,46.23500061035156,65410,0.0,0.0
2022-09-23 12:30:00-04:00,46.22999954223633,46.709999084472656,46.20000076293945,46.529998779296875,29826,0.0,0.0
2022-09-23 13:30:00-04:00,46.54999923706055,46.61000061035156,46.36000061035156,46.43000030517578,71870,0.0,0.0
2022-09-23 14:30:00-04:00,46.41999816894531,46.720001220703125,46.25,46.689998626708984,54184,0.0,0.0
2022-09-23 15:30:00-04:00,46.70000076293945,47.01499938964844,46.70000076293945,46.90999984741211,110836,0.0,0.0
2022-09-26 09:30:00-04:00,46.540000915527344,46.779998779296875,46.0,46.380001068115234,65622,0.0,0.0
2022-09-26 10:30:00-04:00,46.404998779296875,46.404998779296875,45.720001220703125,45.74399948120117,83828,0.0,0.0
2022-09-26 11:30:00-04:00,45.75,45.8849983215332,45.189998626708984,45.20000076293945,127439,0.0,0.0
2022-09-26 12:30:00-04:00,45.220001220703125,45.220001220703125,44.34000015258789,44.775001525878906,103146,0.0,0.0
2022-09-26 13:30:00-04:00,44.790000915527344,45.130001068115234,44.790000915527344,44.90999984741211,68082,0.0,0.0
2022-09-26 14:30:00-04:00,44.90999984741211,45.34000015258789,44.84040069580078,45.290000915527344,85522,0.0,0.0
2022-09-26 15:30:00-04:00,45.2599983215332,45.470001220703125,45.06999969482422,45.099998474121094,123253,0.0,0.0
2022-09-27 09:30:00-04:00,45.459999084472656,45.849998474121094,45.345001220703125,45.63999938964844,47995,0.0,0.0
2022-09-27 10:30:00-04:00,45.689998626708984,46.0,45.20000076293945,45.209999084472656,64268,0.0,0.0
2022-09-27 11:30:00-04:00,45.189998626708984,45.22999954223633,44.58000183105469,44.61000061035156,41338,0.0,0.0
2022-09-27 12:30:00-04:00,44.625,44.810001373291016,44.54999923706055,44.72999954223633,47995,0.0,0.0
2022-09-27 13:30:00-04:00,44.709999084472656,44.79999923706055,44.57500076293945,44.75,44763,0.0,0.0
2022-09-27 14:30:00-04:00,44.77000045776367,45.13999938964844,44.71500015258789,45.09000015258789,73402,0.0,0.0
2022-09-27 15:30:00-04:00,45.099998474121094,45.119998931884766,44.900001525878906,45.0,143327,0.0,0.0
2022-09-28 09:30:00-04:00,45.09000015258789,46.02000045776367,45.09000015258789,46.02000045776367,64952,0.0,0.0
2022-09-28 10:30:00-04:00,45.98500061035156,46.34000015258789,45.94499969482422,46.2599983215332,44555,0.0,0.0
2022-09-28 11:30:00-04:00,46.279998779296875,46.7599983215332,46.189998626708984,46.56999969482422,49648,0.0,0.0
2022-09-28 12:30:00-04:00,46.54999923706055,46.58000183105469,46.369998931884766,46.3849983215332,37055,0.0,0.0
2022-09-28 13:30:00-04:00,46.349998474121094,46.41749954223633,46.20000076293945,46.255001068115234,49094,0.0,0.0
2022-09-28 14:30:00-04:00,46.2400016784668,46.6150016784668,46.2400016784668,46.54499816894531,60325,0.0,0.0
2022-09-28 15:30:00-04:00,46.540000915527344,46.65999984741211,46.38999938964844,46.41999816894531,97961,0.0,0.0
2022-09-29 09:30:00-04:00,45.880001068115234,45.880001068115234,44.93000030517578,45.290000915527344,45398,0.0,0.0
2022-09-29 10:30:00-04:00,45.2599983215332,45.703800201416016,45.220001220703125,45.439998626708984,34795,0.0,0.0
2022-09-29 11:30:00-04:00,45.494998931884766,45.959598541259766,45.45000076293945,45.84000015258789,32858,0.0,0.0
2022-09-29 12:30:00-04:00,45.849998474121094,46.02000045776367,45.75,45.84000015258789,41561,0.0,0.0
2022-09-29 13:30:00-04:00,45.83000183105469,45.97949981689453,45.63999938964844,45.7400016784668,40810,0.0,0.0
2022-09-29 14:30:00-04:00,45.7400016784668,45.97999954223633,45.70500183105469,45.880001068115234,67427,0.0,0.0
2022-09-29 15:30:00-04:00,45.8849983215332,46.08000183105469,45.86000061035156,45.970001220703125,160288,0.0,0.0
2022-09-30 09:30:00-04:00,46.27000045776367,46.915000915527344,46.24359893798828,46.56999969482422,0,0.0,0.0
2022-09-30 10:30:00-04:00,46.6349983215332,46.77000045776367,46.52000045776367,46.58000183105469,70375,0.0,0.0
2022-09-30 11:30:00-04:00,46.540000915527344,46.58000183105469,46.29499816894531,46.470001220703125,59826,0.0,0.0
2022-09-30 12:30:00-04:00,46.45000076293945,46.67290115356445,46.45000076293945,46.56999969482422,55018,0.0,0.0
2022-09-30 13:30:00-04:00,46.560001373291016,46.630001068115234,46.400001525878906,46.59000015258789,68633,0.0,0.0
2022-09-30 14:30:00-04:00,46.595001220703125,46.619998931884766,46.2400016784668,46.369998931884766,95935,0.0,0.0
2022-09-30 15:30:00-04:00,46.40999984741211,46.499000549316406,46.04999923706055,46.150001525878906,160958,0.0,0.0
2022-10-03 09:30:00-04:00,46.689998626708984,47.599998474121094,45.95000076293945,47.54999923706055,62218,0.0,0.0
2022-10-03 10:30:00-04:00,47.58000183105469,47.630001068115234,47.189998626708984,47.440101623535156,44913,0.0,0.0
2022-10-03 11:30:00-04:00,47.41999816894531,47.720001220703125,47.41999816894531,47.58000183105469,34678,0.0,0.0
2022-10-03 12:30:00-04:00,47.540000915527344,47.58000183105469,47.25,47.54999923706055,51489,0.0,0.0
2022-10-03 13:30:00-04:00,47.56999969482422,47.939998626708984,47.56999969482422,47.939998626708984,45403,0.0,0.0
2022-10-03 14:30:00-04:00,47.88999938964844,47.915000915527344,47.630001068115234,47.775001525878906,68086,0.0,0.0
2022-10-03 15:30:00-04:00,47.75,47.78499984741211,47.58000183105469,47.61000061035156,162214,0.0,0.0
2022-10-04 09:30:00-04:00,47.970001220703125,49.02000045776367,47.970001220703125,48.90999984741211,95210,0.0,0.0
2022-10-04 10:30:00-04:00,48.900001525878906,49.27000045776367,48.900001525878906,49.25,52083,0.0,0.0
2022-10-04 11:30:00-04:00,49.2599983215332,49.4900016784668,49.189998626708984,49.459999084472656,66620,0.0,0.0
2022-10-04 12:30:00-04:00,49.470401763916016,49.56999969482422,49.11000061035156,49.25,50434,0.0,0.0
2022-10-04 13:30:00-04:00,49.25,49.38370132446289,49.029998779296875,49.029998779296875,103262,0.0,0.0
2022-10-04 14:30:00-04:00,49.029998779296875,49.33000183105469,48.869998931884766,49.279998779296875,97128,0.0,0.0
2022-10-04 15:30:00-04:00,49.290000915527344,49.47999954223633,49.275001525878906,49.47999954223633,155233,0.0,0.0
2022-10-05 09:30:00-04:00,48.7599983215332,48.900001525878906,48.36000061035156,48.599998474121094,50141,0.0,0.0
2022-10-05 10:30:00-04:00,48.529998779296875,48.689998626708984,48.40999984741211,48.650001525878906,58900,0.0,0.0
2022-10-05 11:30:00-04:00,48.650001525878906,48.779998779296875,48.400001525878906,48.7400016784668,36725,0.0,0.0
2022-10-05 12:30:00-04:00,48.72999954223633,49.08000183105469,48.68000030517578,49.0,38446,0.0,0.0
2022-10-05 13:30:00-04:00,49.0,49.19430160522461,48.95000076293945,49.185001373291016,52704,0.0,0.0
2022-10-05 14:30:00-04:00,49.16999816894531,49.48500061035156,49.099998474121094,49.415000915527344,65034,0.0,0.0
2022-10-05 15:30:00-04:00,49.43000030517578,49.5,49.099998474121094,49.16999816894531,76584,0.0,0.0
2022-10-06 09:30:00-04:00,48.7400016784668,49.08000183105469,48.45000076293945,48.499900817871094,34556,0.0,0.0
2022-10-06 10:30:00-04:00,48.439998626708984,48.720001220703125,48.349998474121094,48.720001220703125,28810,0.0,0.0
2022-10-06 11:30:00-04:00,48.689998626708984,48.810001373291016,48.61000061035156,48.810001373291016,24182,0.0,0.0
2022-10-06 12:30:00-04:00,48.79999923706055,48.939998626708984,48.779998779296875,48.869998931884766,25089,0.0,0.0
2022-10-06 13:30:00-04:00,48.8650016784668,48.970001220703125,48.709999084472656,48.81999969482422,45670,0.0,0.0
2022-10-06 14:30:00-04:00,48.810001373291016,48.970001220703125,48.689998626708984,48.939998626708984,47373,0.0,0.0
2022-10-06 15:30:00-04:00,48.9900016784668,49.119998931884766,48.86000061035156,48.9900016784668,89940,0.0,0.0
2022-10-07 09:30:00-04:00,48.52000045776367,48.52000045776367,48.0,48.45500183105469,46011,0.0,0.0
2022-10-07 10:30:00-04:00,48.45000076293945,48.61000061035156,48.11000061035156,48.209999084472656,48231,0.0,0.0
2022-10-07 11:30:00-04:00,48.224998474121094,48.345001220703125,48.04999923706055,48.189998626708984,42854,0.0,0.0
2022-10-07 12:30:00-04:00,48.16999816894531,48.16999816894531,47.90999984741211,48.06999969482422,34955,0.0,0.0
2022-10-07 13:30:00-04:00,48.060001373291016,48.13999938964844,47.939998626708984,47.95000076293945,40461,0.0,0.0
2022-10-07 14:30:00-04:00,47.94499969482422,48.02000045776367,47.65999984741211,47.67789840698242,50407,0.0,0.0
2022-10-07 15:30:00-04:00,47.66999816894531,47.869998931884766,47.630001068115234,47.720001220703125,93663,0.0,0.0
2022-10-10 09:30:00-04:00,48.0,48.244998931884766,47.849998474121094,48.20000076293945,60445,0.0,0.0
2022-10-10 10:30:00-04:00,48.18000030517578,48.22999954223633,47.70830154418945,47.97999954223633,31136,0.0,0.0
2022-10-10 11:30:00-04:00,47.95000076293945,47.97999954223633,47.52000045776367,47.529998779296875,25881,0.0,0.0
2022-10-10 12:30:00-04:00,47.560001373291016,47.599998474121094,47.43000030517578,47.529998779296875,26079,0.0,0.0
2022-10-10 13:30:00-04:00,47.52000045776367,47.907501220703125,47.52000045776367,47.66999816894531,48938,0.0,0.0
2022-10-10 14:30:00-04:00,47.6609001159668,47.755699157714844,47.540000915527344,47.54999923706055,57908,0.0,0.0
2022-10-10 15:30:00-04:00,47.54999923706055,47.59000015258789,47.290000915527344,47.31999969482422,84938,0.0,0.0
2022-10-11 09:30:00-04:00,47.439998626708984,47.5099983215332,46.959999084472656,47.154998779296875,134843,0.0,0.0
2022-10-11 10:30:00-04:00,47.11000061035156,47.77000045776367,47.060001373291016,47.7599983215332,47898,0.0,0.0
2022-10-11 11:30:00-04:00,47.779998779296875,48.18000030517578,47.779998779296875,48.13999938964844,37425,0.0,0.0
2022-10-11 12:30:00-04:00,48.185001373291016,48.185001373291016,47.77000045776367,47.77000045776367,32175,0.0,0.0
2022-10-11 13:30:00-04:00,47.779998779296875,47.779998779296875,47.56999969482422,47.56999969482422,36793,0.0,0.0
2022-10-11 14:30:00-04:00,47.619998931884766,47.70000076293945,46.689998626708984,46.81999969482422,69078,0.0,0.0
2022-10-11 15:30:00-04:00,46.810001373291016,47.02000045776367,46.70000076293945,46.849998474121094,166772,0.0,0.0
2022-10-12 09:30:00-04:00,46.810001373291016,46.810001373291016,45.52000045776367,46.349998474121094,89021,0.0,0.0
2022-10-12 10:30:00-04:00,46.314998626708984,46.540000915527344,45.86000061035156,46.3849983215332,108344,0.0,0.0
2022-10-12 11:30:00-04:00,46.380001068115234,46.689998626708984,46.09000015258789,46.189998626708984,56156,0.0,0.0
2022-10-12 12:30:00-04:00,46.20000076293945,46.470001220703125,46.08000183105469,46.27000045776367,98937,0.0,0.0
2022-10-12 13:30:00-04:00,46.27000045776367,46.505001068115234,46.09000015258789,46.47999954223633,51077,0.0,0.0
2022-10-12 14:30:00-04:00,46.47999954223633,46.560001373291016,46.255001068115234,46.255001068115234,64172,0.0,0.0
2022-10-12 15:30:00-04:00,46.2599983215332,46.27000045776367,45.779998779296875,45.81999969482422,199850,0.0,0.0
2022-10-13 09:30:00-04:00,45.06999969482422,45.8650016784668,44.709999084472656,45.38999938964844,64831,0.0,0.0
2022-10-13 10:30:00-04:00,45.400001525878906,46.68000030517578,45.189998626708984,46.400001525878906,83346,0.0,0.0
2022-10-13 11:30:00-04:00,46.45000076293945,47.040000915527344,46.36000061035156,46.72999954223633,87792,0.0,0.0
2022-10-13 12:30:00-04:00,46.75,47.3650016784668,46.630001068115234,47.3650016784668,66931,0.0,0.0
2022-10-13 13:30:00-04:00,47.400001525878906,47.470001220703125,47.16999816894531,47.18000030517578,54865,0.0,0.0
2022-10-13 14:30:00-04:00,47.2400016784668,47.547000885009766,47.15999984741211,47.220001220703125,69675,0.0,0.0
2022-10-13 15:30:00-04:00,47.22999954223633,47.244998931884766,46.974998474121094,47.0099983215332,143261,0.0,0.0
2022-10-14 09:30:00-04:00,47.099998474121094,47.150001525878906,45.56999969482422,45.755001068115234,55400,0.0,0.0
2022-10-14 10:30:00-04:00,45.76499938964844,46.0,45.65999984741211,45.939998626708984,49042,0.0,0.0
2022-10-14 11:30:00-04:00,45.95000076293945,45.95000076293945,45.529998779296875,45.900001525878906,50686,0.0,0.0
2022-10-14 12:30:00-04:00,45.94499969482422,46.060001373291016,45.79999923706055,45.97999954223633,41083,0.0,0.0
2022-10-14 13:30:00-04:00,45.970001220703125,46.06999969482422,45.81999969482422,45.92499923706055,44042,0.0,0.0
2022-10-14 14:30:00-04:00,45.915000915527344,45.915000915527344,45.529998779296875,45.689998626708984,51751,0.0,0.0
2022-10-14 15:30:00-04:00,45.685001373291016,45.790000915527344,45.47999954223633,45.54999923706055,135592,0.0,0.0
2022-10-17 09:30:00-04:00,46.220001220703125,47.060001373291016,46.04999923706055,46.560001373291016,85426,0.0,0.0
2022-10-17 10:30:00-04:00,46.59000015258789,46.59000015258789,46.102699279785156,46.400001525878906,74151,0.0,0.0
2022-10-17 11:30:00-04:00,46.38999938964844,46.720001220703125,46.38999938964844,46.689998626708984,64467,0.0,0.0
2022-10-17 12:30:00-04:00,46.70500183105469,46.7400016784668,46.400001525878906,46.650001525878906,64260,0.0,0.0
2022-10-17 13:30:00-04:00,46.66999816894531,46.691001892089844,46.27000045776367,46.31999969482422,67402,0.0,0.0
2022-10-17 14:30:00-04:00,46.33000183105469,46.439998626708984,46.130001068115234,46.279998779296875,97978,0.0,0.0
2022-10-17 15:30:00-04:00,46.27000045776367,46.529998779296875,46.2400016784668,46.41999816894531,147286,0.0,0.0
2022-10-18 09:30:00-04:00,47.52000045776367,48.0,46.970001220703125,47.0,74366,0.0,0.0
2022-10-18 10:30:00-04:00,46.970001220703125,47.27000045776367,46.79999923706055,46.86000061035156,52951,0.0,0.0
2022-10-18 11:30:00-04:00,46.849998474121094,46.86000061035156,46.630001068115234,46.66999816894531,36074,0.0,0.0
2022-10-18 12:30:00-04:00,46.63999938964844,46.779998779296875,46.38010025024414,46.57500076293945,33390,0.0,0.0
2022-10-18 13:30:00-04:00,46.61000061035156,46.72999954223633,46.470001220703125,46.564998626708984,36701,0.0,0.0
2022-10-18 14:30:00-04:00,46.529998779296875,46.56999969482422,46.119998931884766,46.40999984741211,48495,0.0,0.0
2022-10-18 15:30:00-04:00,46.380001068115234,46.689998626708984,46.35499954223633,46.68000030517578,127343,0.0,0.0
2022-10-19 09:30:00-04:00,46.349998474121094,46.529998779296875,45.849998474121094,46.18000030517578,31783,0.0,0.0
2022-10-19 10:30:00-04:00,46.150001525878906,46.150001525878906,45.20000076293945,45.21500015258789,44239,0.0,0.0
2022-10-19 11:30:00-04:00,45.189998626708984,45.41999816894531,44.75,44.7599983215332,41593,0.0,0.0
2022-10-19 12:30:00-04:00,44.72999954223633,44.779998779296875,44.439998626708984,44.63999938964844,30966,0.0,0.0
2022-10-19 13:30:00-04:00,44.619998931884766,45.04999923706055,44.560001373291016,45.02000045776367,46437,0.0,0.0
2022-10-19 14:30:00-04:00,45.0,45.27000045776367,44.97999954223633,45.01499938964844,53871,0.0,0.0
2022-10-19 15:30:00-04:00,45.025001525878906,45.150001525878906,45.02000045776367,45.119998931884766,74515,0.0,0.0
2022-10-20 09:30:00-04:00,44.93000030517578,45.959999084472656,44.5,45.43000030517578,48540,0.0,0.0
2022-10-20 10:30:00-04:00,45.470001220703125,45.470001220703125,44.849998474121094,45.02000045776367,52636,0.0,0.0
2022-10-20 11:30:00-04:00,45.040000915527344,45.189998626708984,44.540000915527344,44.54999923706055,31547,0.0,0.0
2022-10-20 12:30:00-04:00,44.52000045776367,44.564998626708984,44.2599983215332,44.345001220703125,29025,0.0,0.0
2022-10-20 13:30:00-04:00,44.369998931884766,44.380001068115234,44.060001373291016,44.13999938964844,34469,0.0,0.0
2022-10-20 14:30:00-04:00,44.130001068115234,44.349998474121094,44.02000045776367,44.04999923706055,58934,0.0,0.0
2022-10-20 15:30:00-04:00,44.04999923706055,44.41999816894531,44.02000045776367,44.22999954223633,85966,0.0,0.0
2022-10-21 09:30:00-04:00,44.380001068115234,44.939998626708984,43.86000061035156,44.06999969482422,34575,0.0,0.0
2022-10-21 10:30:00-04:00,44.09000015258789,44.130001068115234,43.540000915527344,43.834999084472656,45334,0.0,0.0
2022-10-21 11:30:00-04:00,43.8849983215332,44.209999084472656,43.84450149536133,43.95000076293945,34532,0.0,0.0
2022-10-21 12:30:00-04:00,44.0,44.47999954223633,43.959999084472656,44.27000045776367,33750,0.0,0.0
2022-10-21 13:30:00-04:00,44.27000045776367,44.45000076293945,44.255001068115234,44.29499816894531,30848,0.0,0.0
2022-10-21 14:30:00-04:00,44.33000183105469,44.60499954223633,44.25,44.5630989074707,49895,0.0,0.0
2022-10-21 15:30:00-04:00,44.56999969482422,44.70000076293945,44.41999816894531,44.459999084472656,115763,0.0,0.0
2022-10-24 09:30:00-04:00,44.86000061035156,45.435001373291016,44.72999954223633,44.86000061035156,42416,0.0,0.0
2022-10-24 10:30:00-04:00,44.875,45.119998931884766,44.77000045776367,44.974998474121094,42096,0.0,0.0
2022-10-24 11:30:00-04:00,44.93000030517578,45.310001373291016,44.915000915527344,44.915000915527344,54986,0.0,0.0
2022-10-24 12:30:00-04:00,44.904998779296875,44.92649841308594,44.59000015258789,44.61000061035156,63635,0.0,0.0
2022-10-24 13:30:00-04:00,44.619998931884766,44.82500076293945,44.52000045776367,44.76499938964844,168407,0.0,0.0
2022-10-24 14:30:00-04:00,44.790000915527344,45.220001220703125,44.7599983215332,44.900001525878906,124495,0.0,0.0
2022-10-24 15:30:00-04:00,44.900001525878906,44.93899917602539,44.689998626708984,44.93000030517578,221223,0.0,0.0
2022-10-25 09:30:00-04:00,44.79999923706055,46.54999923706055,44.79999923706055,46.17300033569336,74726,0.0,0.0
2022-10-25 10:30:00-04:00,46.220001220703125,46.849998474121094,46.09000015258789,46.76499938964844,62732,0.0,0.0
2022-10-25 11:30:00-04:00,46.782798767089844,46.939998626708984,46.7400016784668,46.79999923706055,48861,0.0,0.0
2022-10-25 12:30:00-04:00,46.79999923706055,46.91999816894531,46.400001525878906,46.47999954223633,69986,0.0,0.0
2022-10-25 13:30:00-04:00,46.47999954223633,46.65999984741211,46.292701721191406,46.599998474121094,54824,0.0,0.0
2022-10-25 14:30:00-04:00,46.599998474121094,46.70000076293945,46.38999938964844,46.5,82430,0.0,0.0
2022-10-25 15:30:00-04:00,46.529998779296875,46.66999816894531,46.48500061035156,46.630001068115234,152306,0.0,0.0
2022-10-26 09:30:00-04:00,46.939998626708984,47.2869987487793,46.58000183105469,46.91999816894531,99857,0.0,0.0
2022-10-26 10:30:00-04:00,46.880001068115234,47.08000183105469,46.630001068115234,46.91999816894531,43382,0.0,0.0
2022-10-26 11:30:00-04:00,46.94499969482422,46.97999954223633,46.755001068115234,46.76499938964844,37838,0.0,0.0
2022-10-26 12:30:00-04:00,46.790000915527344,46.88999938964844,46.5099983215332,46.630001068115234,32490,0.0,0.0
2022-10-26 13:30:00-04:00,46.619998931884766,46.779998779296875,46.52000045776367,46.689998626708984,43591,0.0,0.0
2022-10-26 14:30:00-04:00,46.650001525878906,46.71500015258789,46.439998626708984,46.540000915527344,60344,0.0,0.0
2022-10-26 15:30:00-04:00,46.540000915527344,46.720001220703125,46.5,46.54999923706055,141742,0.0,0.0
2022-10-27 09:30:00-04:00,46.880001068115234,47.540000915527344,46.16999816894531,46.9900016784668,101330,0.0,0.0
2022-10-27 10:30:00-04:00,46.970001220703125,48.47990036010742,46.81999969482422,48.3650016784668,93857,0.0,0.0
2022-10-27 11:30:00-04:00,48.36000061035156,49.93000030517578,48.34000015258789,49.59000015258789,289207,0.0,0.0
2022-10-27 12:30:00-04:00,49.59000015258789,50.20000076293945,49.4900016784668,49.52000045776367,176113,0.0,0.0
2022-10-27 13:30:00-04:00,49.53499984741211,49.72999954223633,49.11000061035156,49.470001220703125,187746,0.0,0.0
2022-10-27 14:30:00-04:00,49.43000030517578,49.61000061035156,49.08000183105469,49.16999816894531,187668,0.0,0.0
2022-10-27 15:30:00-04:00,49.17499923706055,49.724998474121094,49.130001068115234,49.4900016784668,311750,0.0,0.0
2022-10-28 09:30:00-04:00,49.58000183105469,50.09000015258789,48.650001525878906,49.369998931884766,81072,0.0,0.0
2022-10-28 10:30:00-04:00,49.34000015258789,49.83000183105469,49.119998931884766,49.810001373291016,72413,0.0,0.0
2022-10-28 11:30:00-04:00,49.79999923706055,50.279998779296875,49.7401008605957,50.15999984741211,73170,0.0,0.0
2022-10-28 12:30:00-04:00,50.15999984741211,50.5,50.15999984741211,50.470001220703125,65449,0.0,0.0
2022-10-28 13:30:00-04:00,50.5099983215332,50.58000183105469,50.31999969482422,50.349998474121094,55730,0.0,0.0
2022-10-28 14:30:00-04:00,50.31999969482422,50.56999969482422,50.2599983215332,50.380001068115234,116739,0.0,0.0
2022-10-28 15:30:00-04:00,50.36000061035156,50.66999816894531,50.27000045776367,50.5,213324,0.0,0.0
2022-10-31 09:30:00-04:00,50.060001373291016,50.880001068115234,50.051700592041016,50.66999816894531,103870,0.0,0.0
2022-10-31 10:30:00-04:00,50.63999938964844,50.91999816894531,50.4900016784668,50.720001220703125,78471,0.0,0.0
2022-10-31 11:30:00-04:00,50.77000045776367,50.779998779296875,50.11000061035156,50.290000915527344,75220,0.0,0.0
2022-10-31 12:30:00-04:00,50.275001525878906,50.52000045776367,50.189998626708984,50.5,68949,0.0,0.0
2022-10-31 13:30:00-04:00,50.52000045776367,50.54499816894531,50.27000045776367,50.400001525878906,57834,0.0,0.0
2022-10-31 14:30:00-04:00,50.38999938964844,50.5099983215332,50.34000015258789,50.5,96351,0.0,0.0
2022-10-31 15:30:00-04:00,50.5099983215332,50.65999984741211,50.400001525878906,50.45000076293945,173186,0.0,0.0
2022-11-01 09:30:00-04:00,50.65999984741211,50.65999984741211,49.93000030517578,50.19499969482422,100185,0.0,0.0
2022-11-01 10:30:00-04:00,50.209999084472656,50.27000045776367,50.029998779296875,50.220001220703125,78746,0.0,0.0
2022-11-01 11:30:00-04:00,50.224998474121094,50.5,50.064998626708984,50.40999984741211,74107,0.0,0.0
2022-11-01 12:30:00-04:00,50.400001525878906,50.619998931884766,50.380001068115234,50.560001373291016,58864,0.0,0.0
2022-11-01 13:30:00-04:00,50.54499816894531,50.790000915527344,50.34000015258789,50.47999954223633,65337,0.0,0.0
2022-11-01 14:30:00-04:00,50.470001220703125,50.52000045776367,50.13999938964844,50.279998779296875,148253,0.0,0.0
2022-11-01 15:30:00-04:00,50.279998779296875,50.45000076293945,50.18000030517578,50.45000076293945,183552,0.0,0.0
2022-11-02 09:30:00-04:00,50.220001220703125,50.220001220703125,49.810001373291016,49.88999938964844,28741,0.0,0.0
2022-11-02 10:30:00-04:00,50.02000045776367,50.029998779296875,49.650001525878906,49.650001525878906,33392,0.0,0.0
2022-11-02 11:30:00-04:00,49.599998474121094,49.665000915527344,49.20000076293945,49.29999923706055,27458,0.0,0.0
2022-11-02 12:30:00-04:00,49.30609893798828,49.505001068115234,49.2599983215332,49.349998474121094,23631,0.0,0.0
2022-11-02 13:30:00-04:00,49.369998931884766,50.08000183105469,49.29999923706055,50.08000183105469,46207,0.0,0.0
2022-11-02 14:30:00-04:00,50.13999938964844,50.22999954223633,49.150001525878906,49.275001525878906,137874,0.0,0.0
2022-11-02 15:30:00-04:00,49.25,49.630001068115234,49.224998474121094,49.56999969482422,181948,0.0,0.0
2022-11-03 09:30:00-04:00,48.93000030517578,48.93000030517578,48.0099983215332,48.459999084472656,46115,0.0,0.0
2022-11-03 10:30:00-04:00,48.5,48.81999969482422,48.439998626708984,48.72999954223633,39144,0.0,0.0
2022-11-03 11:30:00-04:00,48.709999084472656,49.08000183105469,48.64500045776367,49.029998779296875,44114,0.0,0.0
2022-11-03 12:30:00-04:00,49.0,49.040000915527344,48.81999969482422,49.025001525878906,37157,0.0,0.0
2022-11-03 13:30:00-04:00,49.005001068115234,49.16999816894531,48.95000076293945,49.130001068115234,35592,0.0,0.0
2022-11-03 14:30:00-04:00,49.119998931884766,49.29999923706055,49.040000915527344,49.279998779296875,70609,0.0,0.0
2022-11-03 15:30:00-04:00,49.29999923706055,49.29999923706055,48.81999969482422,49.040000915527344,142545,0.0,0.0
2022-11-04 09:30:00-04:00,49.599998474121094,50.84000015258789,49.400001525878906,50.84000015258789,36822,0.0,0.0
2022-11-04 10:30:00-04:00,50.77000045776367,50.970001220703125,50.43000030517578,50.43000030517578,42847,0.0,0.0
2022-11-04 11:30:00-04:00,50.44499969482422,50.529998779296875,49.551300048828125,50.029998779296875,56825,0.0,0.0
2022-11-04 12:30:00-04:00,50.01499938964844,50.290000915527344,49.93000030517578,50.0,57594,0.0,0.0
2022-11-04 13:30:00-04:00,50.029998779296875,50.39939880371094,49.97999954223633,50.34000015258789,63968,0.0,0.0
2022-11-04 14:30:00-04:00,50.3650016784668,50.86000061035156,50.349998474121094,50.724998474121094,80409,0.0,0.0
2022-11-04 15:30:00-04:00,50.709999084472656,51.31999969482422,50.54999923706055,51.310001373291016,309739,0.0,0.0
2022-11-07 09:30:00-05:00,51.5,51.70000076293945,50.61370086669922,51.029998779296875,87681,0.0,0.0
2022-11-07 10:30:00-05:00,51.029998779296875,51.06999969482422,49.880001068115234,49.935001373291016,57754,0.0,0.0
2022-11-07 11:30:00-05:00,49.91999816894531,50.09000015258789,49.41999816894531,50.0,62476,0.0,0.0
2022-11-07 12:30:00-05:00,49.98500061035156,50.02000045776367,49.47010040283203,50.02000045776367,55111,0.0,0.0
2022-11-07 13:30:00-05:00,50.040000915527344,50.43000030517578,50.029998779296875,50.404998779296875,71137,0.0,0.0
2022-11-07 14:30:00-05:00,50.43000030517578,50.880001068115234,50.3650016784668,50.650001525878906,128314,0.0,0.0
2022-11-07 15:30:00-05:00,50.630001068115234,50.630001068115234,50.310001373291016,50.415000915527344,168867,0.0,0.0
2022-11-08 09:30:00-05:00,50.310001373291016,50.439998626708984,49.650001525878906,50.220001220703125,51033,0.0,0.0
2022-11-08 10:30:00-05:00,50.189998626708984,50.77000045776367,50.18000030517578,50.744998931884766,42551,0.0,0.0
2022-11-08 11:30:00-05:00,50.650001525878906,50.689998626708984,50.375,50.48500061035156,28328,0.0,0.0
2022-11-08 12:30:00-05:00,50.470001220703125,50.53499984741211,50.029998779296875,50.040000915527344,35808,0.0,0.0
2022-11-08 13:30:00-05:00,50.02000045776367,50.04999923706055,49.400001525878906,49.40999984741211,51047,0.0,0.0
2022-11-08 14:30:00-05:00,49.41999816894531,50.029998779296875,49.3754997253418,50.029998779296875,53325,0.0,0.0
2022-11-08 15:30:00-05:00,50.04999923706055,50.2400016784668,50.04499816894531,50.209999084472656,136071,0.0,0.0
2022-11-09 09:30:00-05:00,49.84000015258789,50.244998931884766,49.36819839477539,50.04999923706055,29300,0.0,0.0
2022-11-09 10:30:00-05:00,50.099998474121094,50.5,49.93000030517578,50.470001220703125,42947,0.0,0.0
2022-11-09 11:30:00-05:00,50.380001068115234,50.720001220703125,50.33000183105469,50.36240005493164,22342,0.0,0.0
2022-11-09 12:30:00-05:00,50.34000015258789,50.38999938964844,49.91999816894531,50.040000915527344,54146,0.0,0.0
2022-11-09 13:30:00-05:00,49.97999954223633,50.04999923706055,49.85530090332031,49.939998626708984,31076,0.0,0.0
2022-11-09 14:30:00-05:00,49.91999816894531,49.91999816894531,49.04999923706055,49.04999923706055,109130,0.0,0.0
2022-11-09 15:30:00-05:00,49.04999923706055,49.279998779296875,48.97999954223633,49.03499984741211,150739,0.0,0.0
2022-11-10 09:30:00-05:00,50.65999984741211,52.720001220703125,50.505001068115234,52.595001220703125,82117,0.0,0.0
2022-11-10 10:30:00-05:00,52.66999816894531,53.11000061035156,52.38999938964844,53.11000061035156,59050,0.0,0.0
2022-11-10 11:30:00-05:00,53.099998474121094,53.529998779296875,53.099998474121094,53.209999084472656,47022,0.0,0.0
2022-11-10 12:30:00-05:00,53.220001220703125,53.439998626708984,53.12699890136719,53.404998779296875,41337,0.0,0.0
2022-11-10 13:30:00-05:00,53.380001068115234,53.46500015258789,53.310001373291016,53.41999816894531,40179,0.0,0.0
2022-11-10 14:30:00-05:00,53.369998931884766,53.560001373291016,53.18000030517578,53.41999816894531,101151,0.0,0.0
2022-11-10 15:30:00-05:00,53.41999816894531,53.52000045776367,53.27000045776367,53.5099983215332,181517,0.0,0.0
2022-11-11 09:30:00-05:00,53.84000015258789,54.599998474121094,53.29999923706055,54.29999923706055,146747,0.0,0.0
2022-11-11 10:30:00-05:00,54.41999816894531,54.880001068115234,54.029998779296875,54.599998474121094,118476,0.0,0.0
2022-11-11 11:30:00-05:00,54.689998626708984,55.0,54.505001068115234,54.54999923706055,55958,0.0,0.0
2022-11-11 12:30:00-05:00,54.45000076293945,54.970001220703125,54.310001373291016,54.935001373291016,126021,0.0,0.0
2022-11-11 13:30:00-05:00,54.935001373291016,55.26499938964844,54.76250076293945,55.26499938964844,94952,0.0,0.0
2022-11-11 14:30:00-05:00,55.26499938964844,55.38999938964844,54.66999816894531,54.849998474121094,103080,0.0,0.0
2022-11-11 15:30:00-05:00,54.86000061035156,55.25,54.79999923706055,55.209999084472656,155700,0.0,0.0
2022-11-14 09:30:00-05:00,54.83000183105469,54.9900016784668,54.12009811401367,54.439998626708984,93900,0.0,0.0
2022-11-14 10:30:00-05:00,54.48970031738281,55.310001373291016,54.40999984741211,54.68000030517578,68870,0.0,0.0
2022-11-14 11:30:00-05:00,54.720001220703125,54.90999984741211,54.685001373291016,54.755001068115234,64367,0.0,0.0
2022-11-14 12:30:00-05:00,54.755001068115234,54.77000045776367,54.13999938964844,54.27009963989258,80401,0.0,0.0
2022-11-14 13:30:00-05:00,54.27000045776367,54.27000045776367,53.529998779296875,53.540000915527344,43778,0.0,0.0
2022-11-14 14:30:00-05:00,53.540000915527344,54.0099983215332,53.34000015258789,53.63999938964844,105773,0.0,0.0
2022-11-14 15:30:00-05:00,53.63999938964844,53.66999816894531,53.25,53.349998474121094,131895,0.0,0.0
2022-11-15 09:30:00-05:00,54.04999923706055,54.849998474121094,53.95500183105469,54.685001373291016,50657,0.0,0.0
2022-11-15 10:30:00-05:00,54.720001220703125,54.900001525878906,54.310001373291016,54.45000076293945,43026,0.0,0.0
2022-11-15 11:30:00-05:00,54.47999954223633,54.779998779296875,54.47999954223633,54.58000183105469,47911,0.0,0.0
2022-11-15 12:30:00-05:00,54.59000015258789,54.81999969482422,53.95500183105469,54.0099983215332,58383,0.0,0.0
2022-11-15 13:30:00-05:00,54.01499938964844,54.35499954223633,53.5,54.290000915527344,49869,0.0,0.0
2022-11-15 14:30:00-05:00,54.34000015258789,54.540000915527344,54.15999984741211,54.189998626708984,60724,0.0,0.0
2022-11-15 15:30:00-05:00,54.15999984741211,54.15999984741211,53.88999938964844,54.029998779296875,91202,0.0,0.0
2022-11-16 09:30:00-05:00,53.79999923706055,53.869998931884766,53.209999084472656,53.3849983215332,40568,0.0,0.0
2022-11-16 10:30:00-05:00,53.310001373291016,53.72999954223633,53.13999938964844,53.54999923706055,40863,0.0,0.0
2022-11-16 11:30:00-05:00,53.564998626708984,53.61000061035156,53.31999969482422,53.38999938964844,21375,0.0,0.0
2022-11-16 12:30:00-05:00,53.40999984741211,53.59000015258789,53.279998779296875,53.279998779296875,19839,0.0,0.0
2022-11-16 13:30:00-05:00,53.2400016784668,53.2599983215332,52.98099899291992,53.2599983215332,22505,0.0,0.0
2022-11-16 14:30:00-05:00,53.255001068115234,53.43000030517578,53.06999969482422,53.29999923706055,43516,0.0,0.0
2022-11-16 15:30:00-05:00,53.25,53.619998931884766,53.24300003051758,53.40999984741211,91019,0.0,0.0
2022-11-17 09:30:00-05:00,52.540000915527344,52.689998626708984,52.0,52.34000015258789,40229,0.0,0.0
2022-11-17 10:30:00-05:00,52.329898834228516,52.39500045776367,52.099998474121094,52.18000030517578,40811,0.0,0.0
2022-11-17 11:30:00-05:00,52.18000030517578,52.86000061035156,52.18000030517578,52.58359909057617,54877,0.0,0.0
2022-11-17 12:30:00-05:00,52.59000015258789,52.880001068115234,52.4900016784668,52.724998474121094,22716,0.0,0.0
2022-11-17 13:30:00-05:00,52.724998474121094,52.724998474121094,52.380001068115234,52.415000915527344,28779,0.0,0.0
2022-11-17 14:30:00-05:00,52.415000915527344,52.4900016784668,52.099998474121094,52.16999816894531,34623,0.0,0.0
2022-11-17 15:30:00-05:00,52.17499923706055,52.58000183105469,52.16999816894531,52.560001373291016,88688,0.0,0.0
2022-11-18 09:30:00-05:00,53.36000061035156,53.45500183105469,52.94499969482422,53.349998474121094,34513,0.0,0.0
2022-11-18 10:30:00-05:00,53.29499816894531,53.404998779296875,52.68000030517578,52.68000030517578,31734,0.0,0.0
2022-11-18 11:30:00-05:00,52.654998779296875,52.709999084472656,52.279998779296875,52.39500045776367,24666,0.0,0.0
2022-11-18 12:30:00-05:00,52.5,52.61000061035156,52.415000915527344,52.61000061035156,20918,0.0,0.0
2022-11-18 13:30:00-05:00,52.650001525878906,52.880001068115234,52.47999954223633,52.880001068115234,24288,0.0,0.0
2022-11-18 14:30:00-05:00,52.8849983215332,53.04999923706055,52.599998474121094,53.040000915527344,50121,0.0,0.0
2022-11-18 15:30:00-05:00,53.04999923706055,53.290000915527344,52.849998474121094,53.04999923706055,138848,0.0,0.0
2022-11-21 09:30:00-05:00,52.84000015258789,53.279998779296875,52.83000183105469,52.83000183105469,25836,0.0,0.0
2022-11-21 10:30:00-05:00,52.82500076293945,52.97999954223633,52.720001220703125,52.86000061035156,28236,0.0,0.0
2022-11-21 11:30:00-05:00,52.790000915527344,52.8650016784668,52.54999923706055,52.650001525878906,44763,0.0,0.0
2022-11-21 12:30:00-05:00,52.7400016784668,52.90999984741211,52.70000076293945,52.7400016784668,17918,0.0,0.0
2022-11-21 13:30:00-05:00,52.689998626708984,52.7400016784668,52.57500076293945,52.57500076293945,17130,0.0,0.0
2022-11-21 14:30:00-05:00,52.57500076293945,52.650001525878906,52.439998626708984,52.47999954223633,31946,0.0,0.0
2022-11-21 15:30:00-05:00,52.5,52.709999084472656,52.47999954223633,52.70000076293945,61069,0.0,0.0
2022-11-22 09:30:00-05:00,53.0,53.45000076293945,52.775001525878906,53.349998474121094,21994,0.0,0.0
2022-11-22 10:30:00-05:00,53.4119987487793,53.53499984741211,53.130001068115234,53.150001525878906,26177,0.0,0.0
2022-11-22 11:30:00-05:00,53.10499954223633,53.154998779296875,52.95000076293945,52.95000076293945,17933,0.0,0.0
2022-11-22 12:30:00-05:00,53.0,53.334999084472656,52.97999954223633,53.334999084472656,18079,0.0,0.0
2022-11-22 13:30:00-05:00,53.334999084472656,53.54999923706055,53.2599983215332,53.5,23979,0.0,0.0
2022-11-22 14:30:00-05:00,53.52000045776367,53.775001525878906,53.4900016784668,53.7599983215332,32826,0.0,0.0
2022-11-22 15:30:00-05:00,53.7599983215332,53.875,53.66999816894531,53.84000015258789,62956,0.0,0.0
2022-11-23 09:30:00-05:00,53.970001220703125,54.099998474121094,53.4900016784668,54.06999969482422,38185,0.0,0.0
2022-11-23 10:30:00-05:00,54.11000061035156,54.31999969482422,54.099998474121094,54.21160125732422,19215,0.0,0.0
2022-11-23 11:30:00-05:00,54.2400016784668,54.27000045776367,53.91999816894531,54.064998626708984,18850,0.0,0.0
2022-11-23 12:30:00-05:00,54.040000915527344,54.099998474121094,53.810001373291016,54.08000183105469,24461,0.0,0.0
2022-11-23 13:30:00-05:00,54.11000061035156,54.130001068115234,53.83300018310547,53.9900016784668,38501,0.0,0.0
2022-11-23 14:30:00-05:00,53.994998931884766,54.060001373291016,53.83000183105469,54.060001373291016,51637,0.0,0.0
2022-11-23 15:30:00-05:00,54.02000045776367,54.09000015258789,53.880001068115234,53.939998626708984,74379,0.0,0.0
2022-11-25 09:30:00-05:00,54.0,54.459999084472656,54.0,54.345001220703125,27957,0.0,0.0
2022-11-25 10:30:00-05:00,54.345001220703125,54.57500076293945,54.31999969482422,54.41999816894531,23575,0.0,0.0
2022-11-25 11:30:00-05:00,54.40999984741211,54.4900016784668,54.095001220703125,54.435001373291016,49787,0.0,0.0
2022-11-28 09:30:00-05:00,54.439998626708984,54.529998779296875,53.91999816894531,54.529998779296875,53568,0.0,0.0
2022-11-28 10:30:00-05:00,54.56999969482422,54.630001068115234,54.09000015258789,54.22999954223633,58062,0.0,0.0
2022-11-28 11:30:00-05:00,54.21500015258789,54.34000015258789,53.529998779296875,53.58000183105469,89514,0.0,0.0
2022-11-28 12:30:00-05:00,53.58000183105469,53.775001525878906,53.47999954223633,53.5,33888,0.0,0.0
2022-11-28 13:30:00-05:00,53.5099983215332,53.58000183105469,53.290000915527344,53.36000061035156,36302,0.0,0.0
2022-11-28 14:30:00-05:00,53.36000061035156,53.43000030517578,53.01499938964844,53.040000915527344,50448,0.0,0.0
2022-11-28 15:30:00-05:00,53.0099983215332,53.165000915527344,52.810001373291016,52.810001373291016,146335,0.0,0.0
2022-11-29 09:30:00-05:00,52.619998931884766,53.56999969482422,52.380001068115234,53.404998779296875,40723,0.0,0.0
2022-11-29 10:30:00-05:00,53.380001068115234,53.380001068115234,52.95500183105469,53.2400016784668,65070,0.0,0.0
2022-11-29 11:30:00-05:00,53.244998931884766,53.400001525878906,53.244998931884766,53.314998626708984,24592,0.0,0.0
2022-11-29 12:30:00-05:00,53.290000915527344,53.459999084472656,53.290000915527344,53.380001068115234,26323,0.0,0.0
2022-11-29 13:30:00-05:00,53.34000015258789,53.459999084472656,53.2599983215332,53.290000915527344,29920,0.0,0.0
2022-11-29 14:30:00-05:00,53.290000915527344,53.56999969482422,53.224998474121094,53.439998626708984,34035,0.0,0.0
2022-11-29 15:30:00-05:00,53.435001373291016,53.650001525878906,53.43000030517578,53.650001525878906,58440,0.0,0.0
2022-11-30 09:30:00-05:00,53.16999816894531,53.560001373291016,52.3650016784668,52.470001220703125,67706,0.0,0.0
2022-11-30 10:30:00-05:00,52.34000015258789,52.75,52.09000015258789,52.724998474121094,29525,0.0,0.0
2022-11-30 11:30:00-05:00,52.7599983215332,52.85499954223633,52.349998474121094,52.400001525878906,23351,0.0,0.0
2022-11-30 12:30:00-05:00,52.349998474121094,52.4900016784668,52.2599983215332,52.2599983215332,31182,0.0,0.0
2022-11-30 13:30:00-05:00,52.25,54.040000915527344,52.224998474121094,53.92499923706055,65820,0.0,0.0
2022-11-30 14:30:00-05:00,53.92499923706055,54.310001373291016,53.66999816894531,54.20500183105469,67563,0.0,0.0
2022-11-30 15:30:00-05:00,54.20500183105469,54.630001068115234,54.16999816894531,54.619998931884766,103652,0.0,0.0
2022-12-01 09:30:00-05:00,55.099998474121094,55.43000030517578,54.15999984741211,54.349998474121094,48725,0.0,0.0
2022-12-01 10:30:00-05:00,54.400001525878906,54.59000015258789,54.040000915527344,54.27000045776367,56714,0.0,0.0
2022-12-01 11:30:00-05:00,54.220001220703125,54.3650016784668,53.970001220703125,54.10499954223633,128328,0.0,0.0
2022-12-01 12:30:00-05:00,54.11000061035156,54.23500061035156,53.790000915527344,53.84000015258789,41005,0.0,0.0
2022-12-01 13:30:00-05:00,53.810001373291016,53.900001525878906,53.65999984741211,53.834999084472656,28841,0.0,0.0
2022-12-01 14:30:00-05:00,53.81999969482422,53.97999954223633,53.70000076293945,53.7599983215332,54907,0.0,0.0
2022-12-01 15:30:00-05:00,53.7599983215332,54.20500183105469,53.7599983215332,54.09000015258789,89431,0.0,0.0
2022-12-02 09:30:00-05:00,53.310001373291016,53.9900016784668,53.08000183105469,53.38999938964844,78225,0.0,0.0
2022-12-02 10:30:00-05:00,53.369998931884766,53.5,53.20500183105469,53.400001525878906,28353,0.0,0.0
2022-12-02 11:30:00-05:00,53.45500183105469,53.4900016784668,53.279998779296875,53.31999969482422,68514,0.0,0.0
2022-12-02 12:30:00-05:00,53.36000061035156,53.36000061035156,53.02000045776367,53.07500076293945,40953,0.0,0.0
2022-12-02 13:30:00-05:00,53.08000183105469,53.11000061035156,52.95000076293945,52.970001220703125,36397,0.0,0.0
2022-12-02 14:30:00-05:00,52.959999084472656,53.27000045776367,52.869998931884766,53.040199279785156,47910,0.0,0.0
2022-12-02 15:30:00-05:00,53.040000915527344,53.220001220703125,52.90999984741211,53.189998626708984,77012,0.0,0.0
2022-12-05 09:30:00-05:00,52.66999816894531,52.685001373291016,51.95500183105469,51.97999954223633,39406,0.0,0.0
2022-12-05 10:30:00-05:00,52.0099983215332,52.54999923706055,51.9900016784668,52.400001525878906,43518,0.0,0.0
2022-12-05 11:30:00-05:00,52.349998474121094,52.36000061035156,51.83000183105469,52.0,45750,0.0,0.0
2022-12-05 12:30:00-05:00,51.970001220703125,52.150001525878906,51.68000030517578,51.7400016784668,34617,0.0,0.0
2022-12-05 13:30:00-05:00,51.709999084472656,52.09000015258789,51.625,52.09000015258789,35518,0.0,0.0
2022-12-05 14:30:00-05:00,52.12730026245117,52.25,51.869998931884766,51.890098571777344,62549,0.0,0.0
2022-12-05 15:30:00-05:00,51.91999816894531,52.2400016784668,51.7599983215332,52.13999938964844,132362,0.0,0.0
2022-12-06 09:30:00-05:00,52.189998626708984,52.22999954223633,51.689998626708984,51.77000045776367,49289,0.0,0.0
2022-12-06 10:30:00-05:00,51.79999923706055,51.849998474121094,51.369998931884766,51.45000076293945,114977,0.0,0.0
2022-12-06 11:30:00-05:00,51.41999816894531,51.41999816894531,51.11000061035156,51.349998474121094,72517,0.0,0.0
2022-12-06 12:30:00-05:00,51.31999969482422,51.4900016784668,51.16999816894531,51.18000030517578,42945,0.0,0.0
2022-12-06 13:30:00-05:00,51.16960144042969,51.36000061035156,51.040000915527344,51.13999938964844,59091,0.0,0.0
2022-12-06 14:30:00-05:00,51.13999938964844,51.4900016784668,51.09000015258789,51.29999923706055,92755,0.0,0.0
2022-12-06 15:30:00-05:00,51.310001373291016,51.63999938964844,51.290000915527344,51.529998779296875,113008,0.0,0.0
2022-12-07 09:30:00-05:00,50.97999954223633,51.81999969482422,50.97999954223633,51.70000076293945,64922,0.0,0.0
2022-12-07 10:30:00-05:00,51.7400016784668,52.34000015258789,51.72890090942383,51.9900016784668,52199,0.0,0.0
2022-12-07 11:30:00-05:00,51.93000030517578,52.15999984741211,51.880001068115234,52.08000183105469,25405,0.0,0.0
2022-12-07 12:30:00-05:00,52.07740020751953,52.4900016784668,52.07740020751953,52.40999984741211,32054,0.0,0.0
2022-12-07 13:30:00-05:00,52.39500045776367,52.39500045776367,52.119998931884766,52.18000030517578,32736,0.0,0.0
2022-12-07 14:30:00-05:00,52.16999816894531,52.27000045776367,52.04999923706055,52.154998779296875,36503,0.0,0.0
2022-12-07 15:30:00-05:00,52.18000030517578,52.20000076293945,51.79999923706055,51.79999923706055,118187,0.0,0.0
2022-12-08 09:30:00-05:00,51.9900016784668,52.560001373291016,51.79999923706055,52.560001373291016,30555,0.0,0.0
2022-12-08 10:30:00-05:00,52.5099983215332,52.72999954223633,52.44499969482422,52.5099983215332,30953,0.0,0.0
2022-12-08 11:30:00-05:00,52.54999923706055,52.72999954223633,52.470001220703125,52.470001220703125,21405,0.0,0.0
2022-12-08 12:30:00-05:00,52.45500183105469,52.720001220703125,52.349998474121094,52.689998626708984,24890,0.0,0.0
2022-12-08 13:30:00-05:00,52.7599983215332,53.060001373291016,52.68000030517578,52.8650016784668,40262,0.0,0.0
2022-12-08 14:30:00-05:00,52.834999084472656,52.869998931884766,52.6349983215332,52.709999084472656,42006,0.0,0.0
2022-12-08 15:30:00-05:00,52.709999084472656,52.709999084472656,52.45000076293945,52.4900016784668,110495,0.0,0.0
2022-12-09 09:30:00-05:00,52.150001525878906,52.61000061035156,52.150001525878906,52.16999816894531,16440,0.0,0.0
2022-12-09 10:30:00-05:00,52.279998779296875,52.470001220703125,52.150001525878906,52.40999984741211,22146,0.0,0.0
2022-12-09 11:30:00-05:00,52.41999816894531,52.689998626708984,52.400001525878906,52.540000915527344,16825,0.0,0.0
2022-12-09 12:30:00-05:00,52.54999923706055,52.650001525878906,52.38750076293945,52.44499969482422,13563,0.0,0.0
2022-12-09 13:30:00-05:00,52.45000076293945,52.4630012512207,52.290000915527344,52.415000915527344,19760,0.0,0.0
2022-12-09 14:30:00-05:00,52.380001068115234,52.44499969482422,52.279998779296875,52.279998779296875,25226,0.0,0.0
2022-12-09 15:30:00-05:00,52.27000045776367,52.290000915527344,52.06100082397461,52.13999938964844,51608,0.0,0.0
2022-12-12 09:30:00-05:00,52.029998779296875,52.21500015258789,51.52000045776367,52.15999984741211,55683,0.0,0.0
2022-12-12 10:30:00-05:00,52.16999816894531,52.619998931884766,52.150001525878906,52.599998474121094,50990,0.0,0.0
2022-12-12 11:30:00-05:00,52.595001220703125,52.65250015258789,52.45000076293945,52.47999954223633,45638,0.0,0.0
2022-12-12 12:30:00-05:00,52.44499969482422,52.7400016784668,52.44499969482422,52.68000030517578,31449,0.0,0.0
2022-12-12 13:30:00-05:00,52.709999084472656,53.0,52.709999084472656,52.96500015258789,44349,0.0,0.0
2022-12-12 14:30:00-05:00,52.95000076293945,53.2599983215332,52.86000061035156,53.209999084472656,61411,0.0,0.0
2022-12-12 15:30:00-05:00,53.209999084472656,53.209999084472656,52.90999984741211,53.20000076293945,101390,0.0,0.0
2022-12-13 09:30:00-05:00,54.720001220703125,55.57500076293945,54.04999923706055,54.310001373291016,154477,0.0,0.0
2022-12-13 10:30:00-05:00,54.29999923706055,54.68000030517578,54.150001525878906,54.150001525878906,139588,0.0,0.0
2022-12-13 11:30:00-05:00,54.209999084472656,54.310001373291016,53.52000045776367,53.599998474121094,75918,0.0,0.0
2022-12-13 12:30:00-05:00,53.599998474121094,53.869998931884766,53.56999969482422,53.849998474121094,84125,0.0,0.0
2022-12-13 13:30:00-05:00,53.86000061035156,53.970001220703125,53.7400016784668,53.810001373291016,69433,0.0,0.0
2022-12-13 14:30:00-05:00,53.790000915527344,54.02000045776367,53.63999938964844,54.0,129539,0.0,0.0
2022-12-13 15:30:00-05:00,54.0,54.20000076293945,53.849998474121094,54.15999984741211,230384,0.0,0.0
2022-12-14 09:30:00-05:00,54.099998474121094,54.650001525878906,54.05500030517578,54.29499816894531,96894,0.0,0.0
2022-12-14 10:30:00-05:00,54.31999969482422,55.06999969482422,54.290000915527344,55.05500030517578,84766,0.0,0.0
2022-12-14 11:30:00-05:00,55.05500030517578,55.130001068115234,54.4900016784668,54.54999923706055,46124,0.0,0.0
2022-12-14 12:30:00-05:00,54.54999923706055,54.779998779296875,54.4900016784668,54.720001220703125,34168,0.0,0.0
2022-12-14 13:30:00-05:00,54.75,54.7599983215332,53.86000061035156,54.2599983215332,91551,0.0,0.0
2022-12-14 14:30:00-05:00,54.2400016784668,54.4900016784668,53.79999923706055,53.79999923706055,131039,0.0,0.0
2022-12-14 15:30:00-05:00,53.83000183105469,54.0099983215332,53.7400016784668,53.9900016784668,191907,0.0,0.0
2022-12-15 09:30:00-05:00,52.56999969482422,53.189998626708984,51.040000915527344,52.29999923706055,243679,0.0,0.0
2022-12-15 10:30:00-05:00,52.29999923706055,52.85499954223633,52.20000076293945,52.459999084472656,159348,0.0,0.0
2022-12-15 11:30:00-05:00,52.459999084472656,52.63999938964844,52.21329879760742,52.404998779296875,91402,0.0,0.0
2022-12-15 12:30:00-05:00,52.41999816894531,52.540000915527344,52.08000183105469,52.189998626708984,81623,0.0,0.0
2022-12-15 13:30:00-05:00,52.18000030517578,52.33000183105469,51.810001373291016,51.880001068115234,88681,0.0,0.0
2022-12-15 14:30:00-05:00,51.88999938964844,52.439998626708984,51.875,52.29999923706055,103621,0.0,0.0
2022-12-15 15:30:00-05:00,52.29999923706055,52.34000015258789,51.75,51.86000061035156,194979,0.0,0.0
2022-12-16 09:30:00-05:00,51.040000915527344,51.63999938964844,50.90999984741211,51.08000183105469,177703,0.0,0.0
2022-12-16 10:30:00-05:00,51.07500076293945,51.470001220703125,50.92499923706055,51.334999084472656,56380,0.0,0.0
2022-12-16 11:30:00-05:00,51.32500076293945,51.400001525878906,50.9900016784668,51.064998626708984,58308,0.0,0.0
2022-12-16 12:30:00-05:00,51.06999969482422,51.20500183105469,50.915000915527344,50.96500015258789,54009,0.0,0.0
2022-12-16 13:30:00-05:00,50.96500015258789,51.02000045776367,50.5,50.560001373291016,67229,0.0,0.0
2022-12-16 14:30:00-05:00,50.54999923706055,51.20000076293945,50.5,51.18000030517578,101543,0.0,0.0
2022-12-16 15:30:00-05:00,51.209999084472656,51.70000076293945,51.20000076293945,51.459999084472656,203615,0.0,0.0
2022-12-19 09:30:00-05:00,51.52000045776367,51.88999938964844,51.43000030517578,51.650001525878906,49362,0.0,0.0
2022-12-19 10:30:00-05:00,51.61000061035156,51.619998931884766,50.939998626708984,51.244598388671875,59551,0.0,0.0
2022-12-19 11:30:00-05:00,51.2400016784668,51.35689926147461,51.09000015258789,51.2400016784668,47724,0.0,0.0
2022-12-19 12:30:00-05:00,51.220001220703125,51.369998931884766,51.119998931884766,51.119998931884766,35399,0.0,0.0
2022-12-19 13:30:00-05:00,51.130001068115234,51.15999984741211,50.941001892089844,50.959999084472656,32087,0.0,0.0
2022-12-19 14:30:00-05:00,50.93000030517578,50.970001220703125,50.7599983215332,50.875,63339,0.0,0.0
2022-12-19 15:30:00-05:00,50.875,51.13999938964844,50.875,51.04999923706055,110296,0.0,0.0
2022-12-20 09:30:00-05:00,51.0,51.43000030517578,50.70000076293945,51.314998626708984,53229,0.0,0.0
2022-12-20 10:30:00-05:00,51.35499954223633,51.54999923706055,51.02000045776367,51.04999923706055,25786,0.0,0.0
2022-12-20 11:30:00-05:00,51.08000183105469,51.275001525878906,51.06999969482422,51.14500045776367,21852,0.0,0.0
2022-12-20 12:30:00-05:00,51.16999816894531,51.380001068115234,51.130001068115234,51.31999969482422,22234,0.0,0.0
2022-12-20 13:30:00-05:00,51.36000061035156,51.459999084472656,51.18000030517578,51.20000076293945,27897,0.0,0.0
2022-12-20 14:30:00-05:00,51.20000076293945,51.20000076293945,51.02000045776367,51.150001525878906,38954,0.0,0.0
2022-12-20 15:30:00-05:00,51.125,51.2599983215332,50.88999938964844,50.88999938964844,91500,0.0,0.0
2022-12-21 09:30:00-05:00,51.5,52.040000915527344,51.29999923706055,52.03499984741211,43510,0.0,0.0
2022-12-21 10:30:00-05:00,52.040000915527344,52.18000030517578,51.95000076293945,52.09000015258789,49221,0.0,0.0
2022-12-21 11:30:00-05:00,52.099998474121094,52.10499954223633,51.91999816894531,52.08000183105469,34523,0.0,0.0
2022-12-21 12:30:00-05:00,52.060001373291016,52.5,52.060001373291016,52.35499954223633,46983,0.0,0.0
2022-12-21 13:30:00-05:00,52.349998474121094,52.4900016784668,52.18000030517578,52.21500015258789,40795,0.0,0.0
2022-12-21 14:30:00-05:00,52.20000076293945,52.279998779296875,52.130001068115234,52.17499923706055,44022,0.0,0.0
2022-12-21 15:30:00-05:00,52.18000030517578,52.45000076293945,52.18000030517578,52.38999938964844,87233,0.0,0.0
2022-12-22 09:30:00-05:00,51.88999938964844,51.904998779296875,51.45000076293945,51.45000076293945,60759,0.0,0.0
2022-12-22 10:30:00-05:00,51.459999084472656,51.54999923706055,51.290000915527344,51.540000915527344,49590,0.0,0.0
2022-12-22 11:30:00-05:00,51.560001373291016,51.62820053100586,51.29499816894531,51.29499816894531,21245,0.0,0.0
2022-12-22 12:30:00-05:00,51.28499984741211,51.28499984741211,51.0099983215332,51.04999923706055,24482,0.0,0.0
2022-12-22 13:30:00-05:00,51.029998779296875,51.279998779296875,50.95500183105469,51.279998779296875,36736,0.0,0.0
2022-12-22 14:30:00-05:00,51.32500076293945,51.810001373291016,51.279998779296875,51.790000915527344,39875,0.0,0.0
2022-12-22 15:30:00-05:00,51.79999923706055,52.04999923706055,51.654998779296875,52.0099983215332,69637,0.0,0.0
2022-12-23 09:30:00-05:00,52.0099983215332,52.2400016784668,51.61000061035156,52.16999816894531,27090,0.0,0.0
2022-12-23 10:30:00-05:00,52.20000076293945,52.220001220703125,51.959999084472656,52.04999923706055,17544,0.0,0.0
2022-12-23 11:30:00-05:00,52.064998626708984,52.30500030517578,52.0099983215332,52.29999923706055,17641,0.0,0.0
2022-12-23 12:30:00-05:00,52.310001373291016,52.400001525878906,52.224998474121094,52.31999969482422,18113,0.0,0.0
2022-12-23 13:30:00-05:00,52.35319900512695,52.35499954223633,52.18000030517578,52.25,20621,0.0,0.0
2022-12-23 14:30:00-05:00,52.290000915527344,52.5099983215332,52.279998779296875,52.380001068115234,29819,0.0,0.0
2022-12-23 15:30:00-05:00,52.369998931884766,52.4900016784668,52.279998779296875,52.38999938964844,69024,0.0,0.0
2022-12-27 09:30:00-05:00,52.22999954223633,52.5,51.849998474121094,52.5,16325,0.0,0.0
2022-12-27 10:30:00-05:00,52.369998931884766,52.66999816894531,52.23500061035156,52.63999938964844,32018,0.0,0.0
2022-12-27 11:30:00-05:00,52.689998626708984,52.70000076293945,52.4900016784668,52.56999969482422,24299,0.0,0.0
2022-12-27 12:30:00-05:00,52.56999969482422,52.619998931884766,52.525001525878906,52.57500076293945,16738,0.0,0.0
2022-12-27 13:30:00-05:00,52.584999084472656,52.61000061035156,52.369998931884766,52.438899993896484,29077,0.0,0.0
2022-12-27 14:30:00-05:00,52.439998626708984,52.7599983215332,52.41999816894531,52.7599983215332,29125,0.0,0.0
2022-12-27 15:30:00-05:00,52.755001068115234,52.7599983215332,52.560001373291016,52.58000183105469,73812,0.0,0.0
2022-12-28 09:30:00-05:00,52.70000076293945,52.81999969482422,51.81999969482422,51.81999969482422,0,0.0,0.0
2022-12-28 10:30:00-05:00,51.73500061035156,51.83000183105469,51.45000076293945,51.59000015258789,30723,0.0,0.0
2022-12-28 11:30:00-05:00,51.56999969482422,51.584999084472656,51.11149978637695,51.220001220703125,46573,0.0,0.0
2022-12-28 12:30:00-05:00,51.25,51.630001068115234,51.25,51.55830001831055,26973,0.0,0.0
2022-12-28 13:30:00-05:00,51.56999969482422,51.619998931884766,51.43000030517578,51.474998474121094,28357,0.0,0.0
2022-12-28 14:30:00-05:00,51.470001220703125,51.630001068115234,51.099998474121094,51.19499969482422,47864,0.0,0.0
2022-12-28 15:30:00-05:00,51.20000076293945,51.2400016784668,51.11000061035156,51.15999984741211,84461,0.0,0.0
2022-12-29 09:30:00-05:00,51.529998779296875,52.470001220703125,51.529998779296875,52.29999923706055,26560,0.0,0.0
2022-12-29 10:30:00-05:00,52.244998931884766,52.459999084472656,52.040000915527344,52.099998474121094,29153,0.0,0.0
2022-12-29 11:30:00-05:00,52.130001068115234,52.63999938964844,52.130001068115234,52.56999969482422,24046,0.0,0.0
2022-12-29 12:30:00-05:00,52.59000015258789,52.939998626708984,52.560001373291016,52.84000015258789,36998,0.0,0.0
2022-12-29 13:30:00-05:00,52.84000015258789,52.86000061035156,52.55500030517578,52.70000076293945,33690,0.0,0.0
2022-12-29 14:30:00-05:00,52.689998626708984,52.79999923706055,52.56999969482422,52.650001525878906,54017,0.0,0.0
2022-12-29 15:30:00-05:00,52.654998779296875,52.9900016784668,52.654998779296875,52.86000061035156,82689,0.0,0.0
2022-12-30 09:30:00-05:00,52.38999938964844,52.599998474121094,52.130001068115234,52.5099983215332,29043,0.0,0.0
2022-12-30 10:30:00-05:00,52.512699127197266,52.630001068115234,52.41999816894531,52.5,38894,0.0,0.0
2022-12-30 11:30:00-05:00,52.5,52.689998626708984,52.4900016784668,52.58000183105469,28812,0.0,0.0
2022-12-30 12:30:00-05:00,52.56999969482422,52.630001068115234,52.20000076293945,52.2599983215332,44156,0.0,0.0
2022-12-30 13:30:00-05:00,52.25,52.36000061035156,51.880001068115234,51.970001220703125,38054,0.0,0.0
2022-12-30 14:30:00-05:00,51.970001220703125,52.22999954223633,51.834999084472656,52.08000183105469,43978,0.0,0.0
2022-12-30 15:30:00-05:00,52.095001220703125,52.4900016784668,52.06999969482422,52.349998474121094,109941,0.0,0.0
2023-01-03 09:30:00-05:00,52.689998626708984,53.625,52.41999816894531,53.15999984741211,56453,0.0,0.0
2023-01-03 10:30:00-05:00,53.20000076293945,53.93000030517578,53.13999938964844,53.29499816894531,47199,0.0,0.0
2023-01-03 11:30:00-05:00,53.28499984741211,53.310001373291016,53.060001373291016,53.17499923706055,39657,0.0,0.0
2023-01-03 12:30:00-05:00,53.20000076293945,53.36000061035156,52.900001525878906,53.29999923706055,48109,0.0,0.0
2023-01-03 13:30:00-05:00,53.27000045776367,53.33000183105469,52.97999954223633,53.02000045776367,66892,0.0,0.0
2023-01-03 14:30:00-05:00,53.02000045776367,53.65999984741211,52.97999954223633,53.36000061035156,92727,0.0,0.0
2023-01-03 15:30:00-05:00,53.380001068115234,53.650001525878906,53.328800201416016,53.459999084472656,161735,0.0,0.0
2023-01-04 09:30:00-05:00,54.2599983215332,55.58000183105469,53.7599983215332,55.56999969482422,148233,0.0,0.0
2023-01-04 10:30:00-05:00,55.61000061035156,55.869998931884766,54.9900016784668,55.630001068115234,229832,0.0,0.0
2023-01-04 11:30:00-05:00,55.6349983215332,56.29999923706055,55.6349983215332,55.689998626708984,116949,0.0,0.0
2023-01-04 12:30:00-05:00,55.72999954223633,56.17499923706055,55.650001525878906,55.88999938964844,54490,0.0,0.0
2023-01-04 13:30:00-05:00,55.904998779296875,56.06999969482422,55.4900016784668,55.4900016784668,86328,0.0,0.0
2023-01-04 14:30:00-05:00,55.52000045776367,55.75,55.47999954223633,55.54999923706055,80920,0.0,0.0
2023-01-04 15:30:00-05:00,55.52000045776367,55.56999969482422,55.18000030517578,55.529998779296875,156174,0.0,0.0
2023-01-05 09:30:00-05:00,55.13999938964844,55.59000015258789,54.52000045776367,54.709999084472656,62455,0.0,0.0
2023-01-05 10:30:00-05:00,54.75,54.942501068115234,54.47999954223633,54.47999954223633,69018,0.0,0.0
2023-01-05 11:30:00-05:00,54.459999084472656,54.72999954223633,54.36000061035156,54.58300018310547,45265,0.0,0.0
2023-01-05 12:30:00-05:00,54.61000061035156,54.8849983215332,54.41999816894531,54.810001373291016,51511,0.0,0.0
2023-01-05 13:30:00-05:00,54.779998779296875,54.83000183105469,54.52000045776367,54.75,64115,0.0,0.0
2023-01-05 14:30:00-05:00,54.75,55.20000076293945,54.650001525878906,54.869998931884766,91669,0.0,0.0
2023-01-05 15:30:00-05:00,54.84000015258789,55.22999954223633,54.7599983215332,55.189998626708984,193568,0.0,0.0
2023-01-06 09:30:00-05:00,56.040000915527344,56.45000076293945,55.70000076293945,56.45000076293945,48693,0.0,0.0
2023-01-06 10:30:00-05:00,56.40999984741211,56.70000076293945,56.314998626708984,56.46500015258789,147402,0.0,0.0
2023-01-06 11:30:00-05:00,56.5099983215332,57.099998474121094,56.5,56.97999954223633,75944,0.0,0.0
2023-01-06 12:30:00-05:00,57.002498626708984,57.220001220703125,56.97999954223633,57.19499969482422,32343,0.0,0.0
2023-01-06 13:30:00-05:00,57.209999084472656,57.380001068115234,57.150001525878906,57.35499954223633,28317,0.0,0.0
2023-01-06 14:30:00-05:00,57.349998474121094,57.4900016784668,57.27080154418945,57.34000015258789,106627,0.0,0.0
2023-01-06 15:30:00-05:00,57.369998931884766,57.59000015258789,57.369998931884766,57.5099983215332,64966,0.0,0.0
2023-01-09 09:30:00-05:00,57.529998779296875,57.630001068115234,56.689998626708984,56.849998474121094,43946,0.0,0.0
2023-01-09 10:30:00-05:00,56.834999084472656,57.08000183105469,56.63999938964844,56.83000183105469,49991,0.0,0.0
2023-01-09 11:30:00-05:00,56.88999938964844,57.08000183105469,56.709999084472656,57.040000915527344,36132,0.0,0.0
2023-01-09 12:30:00-05:00,57.08000183105469,57.08000183105469,56.599998474121094,56.79499816894531,40738,0.0,0.0
2023-01-09 13:30:00-05:00,56.790000915527344,56.970001220703125,56.630001068115234,56.95000076293945,44551,0.0,0.0
2023-01-09 14:30:00-05:00,56.91999816894531,56.959999084472656,56.68000030517578,56.755001068115234,58130,0.0,0.0
2023-01-09 15:30:00-05:00,56.778099060058594,56.81999969482422,56.56999969482422,56.75,114177,0.0,0.0
2023-01-10 09:30:00-05:00,56.72999954223633,57.02000045776367,56.71500015258789,56.88999938964844,49288,0.0,0.0
2023-01-10 10:30:00-05:00,56.91999816894531,57.459999084472656,56.79999923706055,57.45000076293945,59876,0.0,0.0
2023-01-10 11:30:00-05:00,57.47999954223633,57.67499923706055,57.060001373291016,57.154998779296875,102905,0.0,0.0
2023-01-10 12:30:00-05:00,57.15999984741211,57.18000030517578,56.94499969482422,57.04999923706055,46005,0.0,0.0
2023-01-10 13:30:00-05:00,57.040000915527344,57.31999969482422,57.040000915527344,57.27000045776367,110524,0.0,0.0
2023-01-10 14:30:00-05:00,57.2599983215332,57.33000183105469,57.064998626708984,57.06999969482422,35390,0.0,0.0
2023-01-10 15:30:00-05:00,57.08000183105469,57.36000061035156,57.06999969482422,57.29999923706055,88636,0.0,0.0
2023-01-11 09:30:00-05:00,57.41999816894531,57.880001068115234,57.41999816894531,57.70000076293945,39003,0.0,0.0
2023-01-11 10:30:00-05:00,57.709999084472656,58.10499954223633,57.57099914550781,58.040000915527344,41972,0.0,0.0
2023-01-11 11:30:00-05:00,58.040000915527344,58.54999923706055,58.029998779296875,58.43000030517578,46280,0.0,0.0
2023-01-11 12:30:00-05:00,58.45500183105469,58.56999969482422,58.369998931884766,58.41999816894531,36546,0.0,0.0
2023-01-11 13:30:00-05:00,58.435001373291016,58.65999984741211,58.40359878540039,58.65999984741211,61162,0.0,0.0
2023-01-11 14:30:00-05:00,58.66999816894531,58.72999954223633,58.41999816894531,58.43000030517578,53725,0.0,0.0
2023-01-11 15:30:00-05:00,58.41999816894531,58.654998779296875,58.310001373291016,58.599998474121094,116788,0.0,0.0
2023-01-12 09:30:00-05:00,59.099998474121094,59.099998474121094,58.04999923706055,58.18000030517578,40316,0.0,0.0
2023-01-12 10:30:00-05:00,58.150001525878906,58.33000183105469,57.75,58.310001373291016,42776,0.0,0.0
2023-01-12 11:30:00-05:00,58.314998626708984,58.79999923706055,58.27000045776367,58.720001220703125,38044,0.0,0.0
2023-01-12 12:30:00-05:00,58.68000030517578,58.70000076293945,58.33000183105469,58.33000183105469,33331,0.0,0.0
2023-01-12 13:30:00-05:00,58.209999084472656,58.56999969482422,58.13999938964844,58.279998779296875,59755,0.0,0.0
2023-01-12 14:30:00-05:00,58.27000045776367,58.654998779296875,58.27000045776367,58.654998779296875,51562,0.0,0.0
2023-01-12 15:30:00-05:00,58.63999938964844,58.779998779296875,58.470001220703125,58.689998626708984,143054,0.0,0.0
2023-01-13 09:30:00-05:00,58.13999938964844,58.7400016784668,58.04560089111328,58.68000030517578,32513,0.0,0.0
2023-01-13 10:30:00-05:00,58.709999084472656,58.900001525878906,58.529998779296875,58.869998931884766,28672,0.0,0.0
2023-01-13 11:30:00-05:00,58.849998474121094,58.939998626708984,58.70000076293945,58.88999938964844,26067,0.0,0.0
2023-01-13 12:30:00-05:00,58.89500045776367,59.06050109863281,58.63999938964844,58.63999938964844,24965,0.0,0.0
2023-01-13 13:30:00-05:00,58.65999984741211,59.095001220703125,58.63999938964844,58.900001525878906,39118,0.0,0.0
2023-01-13 14:30:00-05:00,58.90999984741211,58.96500015258789,58.849998474121094,58.88999938964844,37540,0.0,0.0
2023-01-13 15:30:00-05:00,58.900001525878906,59.099998474121094,58.86000061035156,58.959999084472656,87010,0.0,0.0
2023-01-17 09:30:00-05:00,59.0,59.209999084472656,58.18000030517578,58.310001373291016,70645,0.0,0.0
2023-01-17 10:30:00-05:00,58.279998779296875,58.310001373291016,58.0,58.130001068115234,37783,0.0,0.0
2023-01-17 11:30:00-05:00,58.15999984741211,58.40999984741211,58.15999984741211,58.209999084472656,26684,0.0,0.0
2023-01-17 12:30:00-05:00,58.255001068115234,58.33000183105469,58.060001373291016,58.060001373291016,27251,0.0,0.0
2023-01-17 13:30:00-05:00,58.029998779296875,58.5099983215332,58.02669906616211,58.470001220703125,62986,0.0,0.0
2023-01-17 14:30:00-05:00,58.51499938964844,58.66999816894531,58.5,58.64500045776367,58173,0.0,0.0
2023-01-17 15:30:00-05:00,58.63999938964844,58.63999938964844,58.310001373291016,58.5099983215332,86903,0.0,0.0
2023-01-18 09:30:00-05:00,58.470001220703125,60.11000061035156,58.279998779296875,60.060001373291016,83707,0.0,0.0
2023-01-18 10:30:00-05:00,60.08000183105469,60.2400016784668,59.66999816894531,59.849998474121094,108419,0.0,0.0
2023-01-18 11:30:00-05:00,59.880001068115234,59.97999954223633,59.28010177612305,59.310001373291016,40645,0.0,0.0
2023-01-18 12:30:00-05:00,59.30500030517578,59.30500030517578,58.91999816894531,59.26499938964844,25407,0.0,0.0
2023-01-18 13:30:00-05:00,59.2599983215332,59.51499938964844,59.20000076293945,59.22999954223633,43092,0.0,0.0
2023-01-18 14:30:00-05:00,59.279998779296875,59.52000045776367,59.189998626708984,59.52000045776367,50812,0.0,0.0
2023-01-18 15:30:00-05:00,59.5099983215332,59.584999084472656,59.189998626708984,59.5099983215332,226565,0.0,0.0
2023-01-19 09:30:00-05:00,58.68000030517578,58.904998779296875,58.33000183105469,58.439998626708984,84804,0.0,0.0
2023-01-19 10:30:00-05:00,58.470001220703125,58.849998474121094,58.2400016784668,58.779998779296875,35551,0.0,0.0
2023-01-19 11:30:00-05:00,58.75,58.91999816894531,58.54999923706055,58.83000183105469,28414,0.0,0.0
2023-01-19 12:30:00-05:00,58.84000015258789,59.29999923706055,58.83000183105469,59.290000915527344,43938,0.0,0.0
2023-01-19 13:30:00-05:00,59.31999969482422,59.630001068115234,59.27000045776367,59.58000183105469,47072,0.0,0.0
2023-01-19 14:30:00-05:00,59.58000183105469,59.77000045776367,59.5,59.5,57294,0.0,0.0
2023-01-19 15:30:00-05:00,59.51499938964844,59.689998626708984,59.34000015258789,59.540000915527344,119212,0.0,0.0
2023-01-20 09:30:00-05:00,59.400001525878906,59.529998779296875,59.185001373291016,59.48500061035156,42374,0.0,0.0
2023-01-20 10:30:00-05:00,59.48500061035156,59.48500061035156,59.22999954223633,59.25,35226,0.0,0.0
2023-01-20 11:30:00-05:00,59.25,59.400001525878906,58.880001068115234,59.34000015258789,45894,0.0,0.0
2023-01-20 12:30:00-05:00,59.358699798583984,59.38999938964844,59.119998931884766,59.279998779296875,39628,0.0,0.0
2023-01-20 13:30:00-05:00,59.290000915527344,59.970001220703125,59.290000915527344,59.970001220703125,37265,0.0,0.0
2023-01-20 14:30:00-05:00,59.9900016784668,60.32500076293945,59.91999816894531,60.224998474121094,136222,0.0,0.0
2023-01-20 15:30:00-05:00,60.2400016784668,60.630001068115234,60.20000076293945,60.599998474121094,88558,0.0,0.0
2023-01-23 09:30:00-05:00,60.63999938964844,60.69499969482422,60.189998626708984,60.3224983215332,40276,0.0,0.0
2023-01-23 10:30:00-05:00,60.29999923706055,60.900001525878906,60.209999084472656,60.80110168457031,45524,0.0,0.0
2023-01-23 11:30:00-05:00,60.81999969482422,60.90999984741211,60.52000045776367,60.75,104975,0.0,0.0
2023-01-23 12:30:00-05:00,60.83000183105469,61.130001068115234,60.70000076293945,60.79999923706055,46054,0.0,0.0
2023-01-23 13:30:00-05:00,60.83000183105469,61.220001220703125,60.79999923706055,60.79999923706055,52248,0.0,0.0
2023-01-23 14:30:00-05:00,60.79499816894531,60.959999084472656,60.4900016784668,60.915000915527344,58447,0.0,0.0
2023-01-23 15:30:00-05:00,60.93000030517578,61.18000030517578,60.900001525878906,61.0,86763,0.0,0.0
2023-01-24 09:30:00-05:00,60.880001068115234,61.70000076293945,60.650001525878906,61.619998931884766,26195,0.0,0.0
2023-01-24 10:30:00-05:00,61.64500045776367,61.83000183105469,61.5,61.79999923706055,36240,0.0,0.0
2023-01-24 11:30:00-05:00,61.83000183105469,61.83000183105469,61.244998931884766,61.459999084472656,20389,0.0,0.0
2023-01-24 12:30:00-05:00,61.41999816894531,61.5,61.209999084472656,61.209999084472656,29569,0.0,0.0
2023-01-24 13:30:00-05:00,61.209999084472656,61.38999938964844,60.84000015258789,61.18000030517578,55566,0.0,0.0
2023-01-24 14:30:00-05:00,61.150001525878906,61.36000061035156,61.150001525878906,61.349998474121094,60320,0.0,0.0
2023-01-24 15:30:00-05:00,61.369998931884766,61.5099983215332,61.189998626708984,61.27000045776367,80059,0.0,0.0
2023-01-25 09:30:00-05:00,60.880001068115234,61.13999938964844,60.45000076293945,60.92499923706055,56404,0.0,0.0
2023-01-25 10:30:00-05:00,60.91999816894531,61.040000915527344,60.40999984741211,60.40999984741211,41128,0.0,0.0
2023-01-25 11:30:00-05:00,60.41999816894531,60.665000915527344,60.290000915527344,60.380001068115234,69357,0.0,0.0
2023-01-25 12:30:00-05:00,60.400001525878906,60.790000915527344,60.400001525878906,60.7599983215332,77325,0.0,0.0
2023-01-25 13:30:00-05:00,60.775001525878906,61.02000045776367,60.564998626708984,60.7599983215332,97187,0.0,0.0
2023-01-25 14:30:00-05:00,60.7599983215332,60.869998931884766,60.619998931884766,60.86000061035156,66658,0.0,0.0
2023-01-25 15:30:00-05:00,60.875,60.91999816894531,60.70000076293945,60.790000915527344,123226,0.0,0.0
2023-01-26 09:30:00-05:00,61.09000015258789,61.59000015258789,61.04999923706055,61.45000076293945,78841,0.0,0.0
2023-01-26 10:30:00-05:00,61.43000030517578,62.0,61.40999984741211,61.560001373291016,84938,0.0,0.0
2023-01-26 11:30:00-05:00,61.56999969482422,61.75,61.34000015258789,61.654998779296875,36124,0.0,0.0
2023-01-26 12:30:00-05:00,61.65999984741211,61.71220016479492,61.564998626708984,61.65999984741211,67826,0.0,0.0
2023-01-26 13:30:00-05:00,61.65999984741211,61.869998931884766,61.39500045776367,61.494998931884766,90597,0.0,0.0
2023-01-26 14:30:00-05:00,61.494998931884766,61.665000915527344,61.41999816894531,61.439998626708984,69553,0.0,0.0
2023-01-26 15:30:00-05:00,61.41999816894531,61.59000015258789,61.28499984741211,61.55500030517578,131200,0.0,0.0
2023-01-27 09:30:00-05:00,61.5,61.630001068115234,61.09000015258789,61.11000061035156,30923,0.0,0.0
2023-01-27 10:30:00-05:00,61.02000045776367,61.380001068115234,60.9900016784668,61.279998779296875,33370,0.0,0.0
2023-01-27 11:30:00-05:00,61.290000915527344,61.56999969482422,61.290000915527344,61.5,39608,0.0,0.0
2023-01-27 12:30:00-05:00,61.5,61.86000061035156,61.4900016784668,61.66999816894531,50137,0.0,0.0
2023-01-27 13:30:00-05:00,61.619998931884766,61.689998626708984,61.5,61.55500030517578,37414,0.0,0.0
2023-01-27 14:30:00-05:00,61.52000045776367,61.529998779296875,61.380001068115234,61.45000076293945,62003,0.0,0.0
2023-01-27 15:30:00-05:00,61.45000076293945,61.47999954223633,61.150001525878906,61.34000015258789,102269,0.0,0.0
2023-01-30 09:30:00-05:00,60.939998626708984,61.29999923706055,60.810001373291016,61.130001068115234,62334,0.0,0.0
2023-01-30 10:30:00-05:00,61.13999938964844,61.22999954223633,60.959999084472656,61.20000076293945,44546,0.0,0.0
2023-01-30 11:30:00-05:00,61.19499969482422,61.20000076293945,60.93000030517578,61.02000045776367,56682,0.0,0.0
2023-01-30 12:30:00-05:00,61.0,61.02000045776367,60.77000045776367,60.93000030517578,76441,0.0,0.0
2023-01-30 13:30:00-05:00,60.90999984741211,60.90999984741211,60.68000030517578,60.71500015258789,34909,0.0,0.0
2023-01-30 14:30:00-05:00,60.720001220703125,60.7599983215332,60.459999084472656,60.52000045776367,62445,0.0,0.0
2023-01-30 15:30:00-05:00,60.52000045776367,60.6349983215332,60.349998474121094,60.380001068115234,75020,0.0,0.0
2023-01-31 09:30:00-05:00,60.369998931884766,60.97999954223633,60.33000183105469,60.915000915527344,55298,0.0,0.0
2023-01-31 10:30:00-05:00,60.939998626708984,61.029998779296875,60.689998626708984,61.029998779296875,105634,0.0,0.0
2023-01-31 11:30:00-05:00,61.02000045776367,61.45000076293945,60.959999084472656,61.380001068115234,93934,0.0,0.0
2023-01-31 12:30:00-05:00,61.375,61.71500015258789,61.375,61.71500015258789,35422,0.0,0.0
2023-01-31 13:30:00-05:00,61.720001220703125,61.970001220703125,61.720001220703125,61.939998626708984,50358,0.0,0.0
2023-01-31 14:30:00-05:00,61.93000030517578,62.0099983215332,61.41999816894531,61.41999816894531,102991,0.0,0.0
2023-01-31 15:30:00-05:00,61.39099884033203,61.869998931884766,61.39099884033203,61.869998931884766,167281,0.0,0.0
2023-02-01 09:30:00-05:00,61.40999984741211,61.720001220703125,60.95000076293945,61.29999923706055,59923,0.0,0.0
2023-02-01 10:30:00-05:00,61.30500030517578,61.33000183105469,61.06999969482422,61.27000045776367,39334,0.0,0.0
2023-02-01 11:30:00-05:00,61.279998779296875,61.29999923706055,61.14500045776367,61.189998626708984,17800,0.0,0.0
2023-02-01 12:30:00-05:00,61.22999954223633,61.33000183105469,61.13999938964844,61.23500061035156,26744,0.0,0.0
2023-02-01 13:30:00-05:00,61.25,61.345001220703125,61.1150016784668,61.27000045776367,49300,0.0,0.0
2023-02-01 14:30:00-05:00,61.27000045776367,62.650001525878906,60.91999816894531,62.650001525878906,179118,0.0,0.0
2023-02-01 15:30:00-05:00,62.68000030517578,63.09000015258789,62.63999938964844,62.880001068115234,167789,0.0,0.0
2023-02-02 09:30:00-05:00,63.310001373291016,63.88999938964844,63.25,63.790000915527344,75019,0.0,0.0
2023-02-02 10:30:00-05:00,63.85499954223633,64.37000274658203,63.85499954223633,64.22000122070312,76391,0.0,0.0
2023-02-02 11:30:00-05:00,64.25,64.44999694824219,64.13999938964844,64.31999969482422,46728,0.0,0.0
2023-02-02 12:30:00-05:00,64.3550033569336,64.66000366210938,64.20500183105469,64.55000305175781,36639,0.0,0.0
2023-02-02 13:30:00-05:00,64.53269958496094,64.62999725341797,63.9900016784668,64.01000213623047,51348,0.0,0.0
2023-02-02 14:30:00-05:00,64.01499938964844,64.01499938964844,63.470001220703125,63.68000030517578,121103,0.0,0.0
2023-02-02 15:30:00-05:00,63.70000076293945,63.779998779296875,63.46500015258789,63.77000045776367,148763,0.0,0.0
2023-02-03 09:30:00-05:00,63.15999984741211,63.38999938964844,62.54999923706055,62.78499984741211,74331,0.0,0.0
2023-02-03 10:30:00-05:00,62.790000915527344,63.29999923706055,62.790000915527344,63.260398864746094,52053,0.0,0.0
2023-02-03 11:30:00-05:00,63.29999923706055,63.33000183105469,62.91999816894531,63.18000030517578,56952,0.0,0.0
2023-02-03 12:30:00-05:00,63.20000076293945,63.4900016784668,62.900001525878906,62.91999816894531,43868,0.0,0.0
2023-02-03 13:30:00-05:00,62.90999984741211,63.1349983215332,62.86000061035156,63.0,58161,0.0,0.0
2023-02-03 14:30:00-05:00,63.060001373291016,63.16999816894531,62.7599983215332,62.79999923706055,66640,0.0,0.0
2023-02-03 15:30:00-05:00,62.810001373291016,62.91999816894531,62.560001373291016,62.84000015258789,151315,0.0,0.0
2023-02-06 09:30:00-05:00,62.18000030517578,62.564998626708984,61.13999938964844,61.60499954223633,66124,0.0,0.0
2023-02-06 10:30:00-05:00,61.60499954223633,62.150001525878906,61.435001373291016,62.040000915527344,36508,0.0,0.0
2023-02-06 11:30:00-05:00,62.05500030517578,62.08000183105469,61.83000183105469,62.03499984741211,32647,0.0,0.0
2023-02-06 12:30:00-05:00,62.0099983215332,62.11000061035156,61.77000045776367,61.98500061035156,46000,0.0,0.0
2023-02-06 13:30:00-05:00,61.970001220703125,62.02000045776367,61.790000915527344,61.79999923706055,41025,0.0,0.0
2023-02-06 14:30:00-05:00,61.80500030517578,61.80500030517578,61.45000076293945,61.560001373291016,56298,0.0,0.0
2023-02-06 15:30:00-05:00,61.529998779296875,61.650001525878906,61.4900016784668,61.529998779296875,94797,0.0,0.0
2023-02-07 09:30:00-05:00,61.06999969482422,61.06999969482422,60.474998474121094,60.4900016784668,46037,0.0,0.0
2023-02-07 10:30:00-05:00,60.52000045776367,60.900001525878906,60.5099983215332,60.89500045776367,37182,0.0,0.0
2023-02-07 11:30:00-05:00,60.90999984741211,61.220001220703125,60.880001068115234,61.100101470947266,36792,0.0,0.0
2023-02-07 12:30:00-05:00,61.099998474121094,61.97999954223633,61.060001373291016,61.18000030517578,56290,0.0,0.0
2023-02-07 13:30:00-05:00,61.1150016784668,61.529998779296875,60.8650016784668,61.40999984741211,50989,0.0,0.0
2023-02-07 14:30:00-05:00,61.459999084472656,61.720001220703125,61.29499816894531,61.439998626708984,68989,0.0,0.0
2023-02-07 15:30:00-05:00,61.439998626708984,61.72999954223633,61.27000045776367,61.68000030517578,163890,0.0,0.0
2023-02-08 09:30:00-05:00,60.9900016784668,61.88999938964844,60.79999923706055,61.88999938964844,35713,0.0,0.0
2023-02-08 10:30:00-05:00,61.83000183105469,61.83000183105469,61.34000015258789,61.380001068115234,43772,0.0,0.0
2023-02-08 11:30:00-05:00,61.33000183105469,61.52000045776367,61.22999954223633,61.40999984741211,34592,0.0,0.0
2023-02-08 12:30:00-05:00,61.43000030517578,61.560001373291016,61.33000183105469,61.43429946899414,32889,0.0,0.0
2023-02-08 13:30:00-05:00,61.400001525878906,61.400001525878906,61.06999969482422,61.1349983215332,41507,0.0,0.0
2023-02-08 14:30:00-05:00,61.1349983215332,61.404998779296875,61.02000045776367,61.33000183105469,72454,0.0,0.0
2023-02-08 15:30:00-05:00,61.349998474121094,61.63999938964844,61.29999923706055,61.540000915527344,186718,0.0,0.0
2023-02-09 09:30:00-05:00,61.20000076293945,61.20000076293945,58.14500045776367,58.56999969482422,87307,0.0,0.0
2023-02-09 10:30:00-05:00,58.474998474121094,58.86000061035156,58.08000183105469,58.2400016784668,96024,0.0,0.0
2023-02-09 11:30:00-05:00,58.165000915527344,58.279998779296875,57.65999984741211,57.72999954223633,77381,0.0,0.0
2023-02-09 12:30:00-05:00,57.709999084472656,58.029998779296875,57.34000015258789,57.599998474121094,68117,0.0,0.0
2023-02-09 13:30:00-05:00,57.54999923706055,57.90999984741211,57.290000915527344,57.470001220703125,78224,0.0,0.0
2023-02-09 14:30:00-05:00,57.470001220703125,57.54999923706055,56.9900016784668,57.33000183105469,111538,0.0,0.0
2023-02-09 15:30:00-05:00,57.310001373291016,57.849998474121094,57.20000076293945,57.56999969482422,229793,0.0,0.0
2023-02-10 09:30:00-05:00,59.02000045776367,60.349998474121094,58.560001373291016,60.34000015258789,120226,0.0,0.0
2023-02-10 10:30:00-05:00,60.36000061035156,60.45000076293945,59.52000045776367,60.09000015258789,143679,0.0,0.0
2023-02-10 11:30:00-05:00,60.02410125732422,60.189998626708984,59.72999954223633,59.7599983215332,117724,0.0,0.0
2023-02-10 12:30:00-05:00,59.78900146484375,60.25,59.779998779296875,60.25,81685,0.0,0.0
2023-02-10 13:30:00-05:00,60.2400016784668,60.45000076293945,60.010101318359375,60.19499969482422,87799,0.0,0.0
2023-02-10 14:30:00-05:00,60.15999984741211,60.41999816894531,60.15999984741211,60.29999923706055,91715,0.0,0.0
2023-02-10 15:30:00-05:00,60.310001373291016,60.560001373291016,60.16999816894531,60.189998626708984,263637,0.0,0.0
2023-02-13 09:30:00-05:00,59.880001068115234,61.275001525878906,59.880001068115234,60.56999969482422,84678,0.0,0.0
2023-02-13 10:30:00-05:00,60.619998931884766,61.05500030517578,60.470001220703125,60.970001220703125,29102,0.0,0.0
2023-02-13 11:30:00-05:00,60.959999084472656,61.244998931884766,60.63999938964844,61.11000061035156,41589,0.0,0.0
2023-02-13 12:30:00-05:00,61.130001068115234,61.2599983215332,60.939998626708984,61.18000030517578,41702,0.0,0.0
2023-02-13 13:30:00-05:00,61.209999084472656,61.68000030517578,61.18000030517578,61.290000915527344,83345,0.0,0.0
2023-02-13 14:30:00-05:00,61.290000915527344,61.310001373291016,60.900001525878906,61.255001068115234,101364,0.0,0.0
2023-02-13 15:30:00-05:00,61.2599983215332,61.38999938964844,61.11000061035156,61.34000015258789,147384,0.0,0.0
2023-02-14 09:30:00-05:00,61.130001068115234,61.599998474121094,60.7599983215332,61.1598014831543,65924,0.0,0.0
2023-02-14 10:30:00-05:00,61.20000076293945,61.25,60.77000045776367,61.0099983215332,54261,0.0,0.0
2023-02-14 11:30:00-05:00,60.90999984741211,61.11000061035156,60.68000030517578,61.0,44275,0.0,0.0
2023-02-14 12:30:00-05:00,61.0,61.4900016784668,60.900001525878906,61.334999084472656,36497,0.0,0.0
2023-02-14 13:30:00-05:00,61.29999923706055,61.33000183105469,61.060001373291016,61.209999084472656,29937,0.0,0.0
2023-02-14 14:30:00-05:00,61.189998626708984,61.560001373291016,61.189998626708984,61.209999084472656,55577,0.0,0.0
2023-02-14 15:30:00-05:00,61.15999984741211,61.400001525878906,61.09000015258789,61.15999984741211,125930,0.0,0.0
2023-02-15 09:30:00-05:00,60.810001373291016,61.0,60.34000015258789,60.650001525878906,88044,0.0,0.0
2023-02-15 10:30:00-05:00,60.7400016784668,60.79999923706055,60.41999816894531,60.59370040893555,47387,0.0,0.0
2023-02-15 11:30:00-05:00,60.58000183105469,60.76750183105469,60.38999938964844,60.43000030517578,44969,0.0,0.0
2023-02-15 12:30:00-05:00,60.400001525878906,60.709999084472656,60.36000061035156,60.64500045776367,51290,0.0,0.0
2023-02-15 13:30:00-05:00,60.625,60.849998474121094,60.5,60.790000915527344,50758,0.0,0.0
2023-02-15 14:30:00-05:00,60.81999969482422,60.90999984741211,60.709999084472656,60.790000915527344,59182,0.0,0.0
2023-02-15 15:30:00-05:00,60.790000915527344,61.040000915527344,60.720001220703125,61.040000915527344,85163,0.0,0.0
2023-02-16 09:30:00-05:00,60.18000030517578,60.54999923706055,60.005001068115234,60.345001220703125,45861,0.0,0.0
2023-02-16 10:30:00-05:00,60.345001220703125,60.46500015258789,60.16999816894531,60.33000183105469,51608,0.0,0.0
2023-02-16 11:30:00-05:00,60.31999969482422,60.630001068115234,60.20000076293945,60.619998931884766,38793,0.0,0.0
2023-02-16 12:30:00-05:00,60.650001525878906,60.900001525878906,60.43000030517578,60.459999084472656,25059,0.0,0.0
2023-02-16 13:30:00-05:00,60.43600082397461,60.5,60.279998779296875,60.43080139160156,34690,0.0,0.0
2023-02-16 14:30:00-05:00,60.44499969482422,60.470001220703125,59.849998474121094,59.849998474121094,60047,0.0,0.0
2023-02-16 15:30:00-05:00,59.875,60.029998779296875,59.56999969482422,59.599998474121094,157597,0.0,0.0
2023-02-17 09:30:00-05:00,59.099998474121094,59.436100006103516,58.290000915527344,58.630001068115234,134131,0.0,0.0
2023-02-17 10:30:00-05:00,58.650001525878906,58.900001525878906,58.28499984741211,58.849998474121094,78159,0.0,0.0
2023-02-17 11:30:00-05:00,58.849998474121094,59.459999084472656,58.66999816894531,59.36000061035156,84444,0.0,0.0
2023-02-17 12:30:00-05:00,59.31999969482422,59.65999984741211,59.220001220703125,59.43000030517578,82617,0.0,0.0
2023-02-17 13:30:00-05:00,59.45000076293945,59.93000030517578,59.38999938964844,59.81999969482422,56303,0.0,0.0
2023-02-17 14:30:00-05:00,59.83000183105469,59.97999954223633,59.599998474121094,59.61000061035156,112782,0.0,0.0
2023-02-17 15:30:00-05:00,59.6150016784668,60.2599983215332,59.6150016784668,60.0,227179,0.0,0.0
2023-02-21 09:30:00-05:00,59.15999984741211,59.63999938964844,58.97999954223633,59.439998626708984,66204,0.0,0.0
2023-02-21 10:30:00-05:00,59.40999984741211,59.7599983215332,59.3650016784668,59.459999084472656,125369,0.0,0.0
2023-02-21 11:30:00-05:00,59.45500183105469,59.66999816894531,59.287200927734375,59.599998474121094,80635,0.0,0.0
2023-02-21 12:30:00-05:00,59.60499954223633,59.83000183105469,59.150001525878906,59.150001525878906,91321,0.0,0.0
2023-02-21 13:30:00-05:00,59.04999923706055,59.13999938964844,58.380001068115234,58.45000076293945,96709,0.0,0.0
2023-02-21 14:30:00-05:00,58.43000030517578,58.7599983215332,58.334999084472656,58.43000030517578,88053,0.0,0.0
2023-02-21 15:30:00-05:00,58.439998626708984,58.75,58.439998626708984,58.540000915527344,143570,0.0,0.0
2023-02-22 09:30:00-05:00,58.16999816894531,58.97999954223633,58.16999816894531,58.43000030517578,91587,0.0,0.0
2023-02-22 10:30:00-05:00,58.43000030517578,58.82500076293945,58.29499816894531,58.77000045776367,44769,0.0,0.0
2023-02-22 11:30:00-05:00,58.83000183105469,59.119998931884766,58.7599983215332,59.0099983215332,47319,0.0,0.0
2023-02-22 12:30:00-05:00,59.06999969482422,59.06999969482422,58.72999954223633,58.959999084472656,60775,0.0,0.0
2023-02-22 13:30:00-05:00,58.959999084472656,58.97999954223633,58.65999984741211,58.81999969482422,62985,0.0,0.0
2023-02-22 14:30:00-05:00,58.790000915527344,58.790000915527344,58.231201171875,58.5,64716,0.0,0.0
2023-02-22 15:30:00-05:00,58.459999084472656,58.529998779296875,58.27000045776367,58.310001373291016,125457,0.0,0.0
2023-02-23 09:30:00-05:00,58.40999984741211,58.650001525878906,55.46500015258789,55.4900016784668,180672,0.0,0.0
2023-02-23 10:30:00-05:00,55.5099983215332,56.18000030517578,55.380001068115234,55.95000076293945,158365,0.0,0.0
2023-02-23 11:30:00-05:00,55.939998626708984,55.97999954223633,55.290000915527344,55.54999923706055,222083,0.0,0.0
2023-02-23 12:30:00-05:00,55.52000045776367,55.95000076293945,55.47999954223633,55.77000045776367,93938,0.0,0.0
2023-02-23 13:30:00-05:00,55.779998779296875,56.189998626708984,55.56999969482422,56.189998626708984,68832,0.0,0.0
2023-02-23 14:30:00-05:00,56.16999816894531,56.810001373291016,56.16999816894531,56.494998931884766,85996,0.0,0.0
2023-02-23 15:30:00-05:00,56.47999954223633,56.70000076293945,56.40999984741211,56.5,140574,0.0,0.0
2023-02-24 09:30:00-05:00,55.95000076293945,56.16999816894531,55.40999984741211,55.790000915527344,62176,0.0,0.0
2023-02-24 10:30:00-05:00,55.80500030517578,56.40999984741211,55.72999954223633,56.40999984741211,51923,0.0,0.0
2023-02-24 11:30:00-05:00,56.31999969482422,56.439998626708984,56.06999969482422,56.279998779296875,56324,0.0,0.0
2023-02-24 12:30:00-05:00,56.310001373291016,56.34000015258789,55.790000915527344,55.810001373291016,45023,0.0,0.0
2023-02-24 13:30:00-05:00,55.790000915527344,56.529998779296875,55.7599983215332,56.47999954223633,57011,0.0,0.0
2023-02-24 14:30:00-05:00,56.45000076293945,56.70989990234375,56.400001525878906,56.470001220703125,67243,0.0,0.0
2023-02-24 15:30:00-05:00,56.470001220703125,56.540000915527344,56.2400016784668,56.5099983215332,126272,0.0,0.0
2023-02-27 09:30:00-05:00,56.900001525878906,57.52000045776367,56.5,57.17499923706055,31300,0.0,0.0
2023-02-27 10:30:00-05:00,57.17499923706055,57.2400016784668,56.994998931884766,57.09000015258789,33417,0.0,0.0
2023-02-27 11:30:00-05:00,57.06999969482422,57.290000915527344,56.90999984741211,57.09000015258789,36551,0.0,0.0
2023-02-27 12:30:00-05:00,57.09410095214844,57.220001220703125,57.0,57.10499954223633,32801,0.0,0.0
2023-02-27 13:30:00-05:00,57.099998474121094,57.150001525878906,56.86000061035156,57.01499938964844,36094,0.0,0.0
2023-02-27 14:30:00-05:00,57.04999923706055,57.130001068115234,56.81999969482422,56.88999938964844,42319,0.0,0.0
2023-02-27 15:30:00-05:00,56.88999938964844,57.0099983215332,56.75,56.95000076293945,92129,0.0,0.0
2023-02-28 09:30:00-05:00,56.970001220703125,57.08000183105469,56.75,56.7599983215332,31978,0.0,0.0
2023-02-28 10:30:00-05:00,56.720001220703125,57.0099983215332,56.599998474121094,56.939998626708984,26343,0.0,0.0
2023-02-28 11:30:00-05:00,56.939998626708984,57.15999984741211,56.939998626708984,57.04999923706055,21313,0.0,0.0
2023-02-28 12:30:00-05:00,57.04499816894531,57.15999984741211,56.86000061035156,57.14059829711914,26326,0.0,0.0
2023-02-28 13:30:00-05:00,57.099998474121094,57.11000061035156,56.87799835205078,56.91999816894531,41677,0.0,0.0
2023-02-28 14:30:00-05:00,56.900001525878906,56.974998474121094,56.72999954223633,56.7599983215332,48949,0.0,0.0
2023-02-28 15:30:00-05:00,56.779998779296875,56.84000015258789,56.63999938964844,56.72999954223633,145014,0.0,0.0
2023-03-01 09:30:00-05:00,56.4900016784668,56.869998931884766,56.05500030517578,56.189998626708984,36293,0.0,0.0
2023-03-01 10:30:00-05:00,56.20000076293945,56.404998779296875,55.779998779296875,55.86000061035156,35724,0.0,0.0
2023-03-01 11:30:00-05:00,55.880001068115234,56.130001068115234,55.775001525878906,55.959999084472656,31861,0.0,0.0
2023-03-01 12:30:00-05:00,55.97999954223633,56.08000183105469,55.86000061035156,55.86000061035156,26407,0.0,0.0
2023-03-01 13:30:00-05:00,55.84000015258789,55.86000061035156,55.37009811401367,55.37009811401367,43344,0.0,0.0
2023-03-01 14:30:00-05:00,55.380001068115234,55.654998779296875,55.380001068115234,55.494998931884766,44854,0.0,0.0
2023-03-01 15:30:00-05:00,55.5,55.970001220703125,55.5,55.900001525878906,130545,0.0,0.0
2023-03-02 09:30:00-05:00,55.0,55.5,54.02000045776367,54.75,233755,0.0,0.0
2023-03-02 10:30:00-05:00,54.75,54.86000061035156,54.400001525878906,54.43000030517578,46762,0.0,0.0
2023-03-02 11:30:00-05:00,54.43000030517578,54.470001220703125,54.099998474121094,54.130001068115234,61888,0.0,0.0
2023-03-02 12:30:00-05:00,54.130001068115234,54.2400016784668,53.77000045776367,53.84000015258789,108120,0.0,0.0
2023-03-02 13:30:00-05:00,53.845001220703125,54.63999938964844,53.845001220703125,54.560001373291016,63716,0.0,0.0
2023-03-02 14:30:00-05:00,54.599998474121094,54.619998931884766,54.30500030517578,54.5099983215332,95610,0.0,0.0
2023-03-02 15:30:00-05:00,54.529998779296875,54.66999816894531,54.349998474121094,54.529998779296875,189913,0.0,0.0
2023-03-03 09:30:00-05:00,54.79999923706055,54.84000015258789,53.974998474121094,54.47999954223633,66303,0.0,0.0
2023-03-03 10:30:00-05:00,54.459999084472656,54.63999938964844,54.20000076293945,54.564998626708984,35163,0.0,0.0
2023-03-03 11:30:00-05:00,54.58000183105469,54.72570037841797,54.470001220703125,54.65999984741211,47436,0.0,0.0
2023-03-03 12:30:00-05:00,54.619998931884766,54.689998626708984,54.4900016784668,54.5099983215332,37882,0.0,0.0
2023-03-03 13:30:00-05:00,54.525001525878906,54.689998626708984,54.5,54.68000030517578,63002,0.0,0.0
2023-03-03 14:30:00-05:00,54.68000030517578,54.790000915527344,54.560001373291016,54.689998626708984,62191,0.0,0.0
2023-03-03 15:30:00-05:00,54.66999816894531,54.70000076293945,54.5099983215332,54.63999938964844,162560,0.0,0.0
2023-03-06 09:30:00-05:00,54.720001220703125,55.16999816894531,54.650001525878906,54.9900016784668,71305,0.0,0.0
2023-03-06 10:30:00-05:00,54.9900016784668,55.05500030517578,54.63999938964844,54.86000061035156,70505,0.0,0.0
2023-03-06 11:30:00-05:00,54.849998474121094,54.875,54.720001220703125,54.869998931884766,56501,0.0,0.0
2023-03-06 12:30:00-05:00,54.875,54.93000030517578,54.349998474121094,54.369998931884766,59375,0.0,0.0
2023-03-06 13:30:00-05:00,54.38999938964844,54.47999954223633,54.04999923706055,54.15999984741211,70850,0.0,0.0
2023-03-06 14:30:00-05:00,54.15999984741211,54.2400016784668,53.869998931884766,53.91999816894531,82244,0.0,0.0
2023-03-06 15:30:00-05:00,53.900001525878906,54.20500183105469,53.88999938964844,54.09000015258789,156797,0.0,0.0
2023-03-07 09:30:00-05:00,53.54999923706055,53.779998779296875,53.34000015258789,53.4900016784668,42553,0.0,0.0
2023-03-07 10:30:00-05:00,53.41999816894531,53.689998626708984,53.20370101928711,53.439998626708984,33539,0.0,0.0
2023-03-07 11:30:00-05:00,53.439998626708984,53.78499984741211,53.349998474121094,53.650001525878906,34144,0.0,0.0
2023-03-07 12:30:00-05:00,53.63999938964844,53.81999969482422,53.5099983215332,53.5099983215332,29250,0.0,0.0
2023-03-07 13:30:00-05:00,53.5099983215332,53.52000045776367,53.16999816894531,53.25,32958,0.0,0.0
2023-03-07 14:30:00-05:00,53.27000045776367,53.36000061035156,53.20000076293945,53.275001525878906,38646,0.0,0.0
2023-03-07 15:30:00-05:00,53.290000915527344,53.45000076293945,53.209999084472656,53.279998779296875,151850,0.0,0.0
2023-03-08 09:30:00-05:00,53.43000030517578,54.02000045776367,53.18000030517578,53.86000061035156,39611,0.0,0.0
2023-03-08 10:30:00-05:00,53.84000015258789,54.33000183105469,53.7599983215332,54.290000915527344,98913,0.0,0.0
2023-03-08 11:30:00-05:00,54.279998779296875,54.54999923706055,54.13999938964844,54.290000915527344,133240,0.0,0.0
2023-03-08 12:30:00-05:00,54.290000915527344,54.439998626708984,54.15999984741211,54.2599983215332,59411,0.0,0.0
2023-03-08 13:30:00-05:00,54.25,54.25,53.67499923706055,53.779998779296875,63980,0.0,0.0
2023-03-08 14:30:00-05:00,53.775001525878906,53.900001525878906,53.72999954223633,53.900001525878906,50504,0.0,0.0
2023-03-08 15:30:00-05:00,53.91999816894531,54.165000915527344,53.86000061035156,54.130001068115234,121977,0.0,0.0
2023-03-09 09:30:00-05:00,54.060001373291016,54.154998779296875,53.61000061035156,53.869998931884766,43101,0.0,0.0
2023-03-09 10:30:00-05:00,53.88999938964844,54.099998474121094,53.75,53.77000045776367,34352,0.0,0.0
2023-03-09 11:30:00-05:00,53.78499984741211,54.0,53.709999084472656,53.970001220703125,41499,0.0,0.0
2023-03-09 12:30:00-05:00,53.97999954223633,53.9900016784668,53.70000076293945,53.810001373291016,41423,0.0,0.0
2023-03-09 13:30:00-05:00,53.79010009765625,54.09000015258789,53.70000076293945,53.974998474121094,101876,0.0,0.0
2023-03-09 14:30:00-05:00,53.939998626708984,54.05500030517578,53.619998931884766,53.939998626708984,124126,0.0,0.0
2023-03-09 15:30:00-05:00,53.91999816894531,54.16999816894531,53.75,53.779998779296875,224172,0.0,0.0
2023-03-10 09:30:00-05:00,53.470001220703125,54.060001373291016,53.38999938964844,53.849998474121094,145069,0.0,0.0
2023-03-10 10:30:00-05:00,53.86000061035156,54.02000045776367,53.40999984741211,53.900001525878906,153379,0.0,0.0
2023-03-10 11:30:00-05:00,53.875,54.040000915527344,53.040000915527344,53.2400016784668,150116,0.0,0.0
2023-03-10 12:30:00-05:00,53.279998779296875,53.43000030517578,53.04999923706055,53.09000015258789,251468,0.0,0.0
2023-03-10 13:30:00-05:00,53.084999084472656,53.150001525878906,52.79499816894531,52.939998626708984,162155,0.0,0.0
2023-03-10 14:30:00-05:00,52.95000076293945,53.310001373291016,52.94499969482422,53.04999923706055,102926,0.0,0.0
2023-03-10 15:30:00-05:00,53.03499984741211,53.06999969482422,52.810001373291016,52.970001220703125,235025,0.0,0.0
2023-03-13 09:30:00-04:00,51.810001373291016,52.08000183105469,50.880001068115234,50.970001220703125,108703,0.0,0.0
2023-03-13 10:30:00-04:00,51.0,53.45000076293945,51.0,53.45000076293945,277749,0.0,0.0
2023-03-13 11:30:00-04:00,53.43000030517578,53.47999954223633,52.5099983215332,53.040000915527344,252173,0.0,0.0
2023-03-13 12:30:00-04:00,53.040000915527344,53.099998474121094,52.75,52.900001525878906,107242,0.0,0.0
2023-03-13 13:30:00-04:00,52.810001373291016,53.56999969482422,52.77000045776367,53.279998779296875,123453,0.0,0.0
2023-03-13 14:30:00-04:00,53.31999969482422,53.584999084472656,53.150001525878906,53.20000076293945,156082,0.0,0.0
2023-03-13 15:30:00-04:00,53.16999816894531,53.41999816894531,52.970001220703125,53.040000915527344,323478,0.0,0.0
2023-03-14 09:30:00-04:00,54.369998931884766,54.599998474121094,53.76539993286133,54.005001068115234,145940,0.0,0.0
2023-03-14 10:30:00-04:00,53.970001220703125,54.6349983215332,53.970001220703125,54.439998626708984,107025,0.0,0.0
2023-03-14 11:30:00-04:00,54.439998626708984,54.460201263427734,54.04999923706055,54.20000076293945,110004,0.0,0.0
2023-03-14 12:30:00-04:00,54.20000076293945,54.310001373291016,53.69499969482422,54.20000076293945,157034,0.0,0.0
2023-03-14 13:30:00-04:00,54.189998626708984,54.255001068115234,53.90999984741211,54.255001068115234,187669,0.0,0.0
2023-03-14 14:30:00-04:00,54.279998779296875,54.31999969482422,53.59000015258789,53.75,173530,0.0,0.0
2023-03-14 15:30:00-04:00,53.75,54.15999984741211,53.630001068115234,54.040000915527344,270992,0.0,0.0
2023-03-15 09:30:00-04:00,52.689998626708984,54.22999954223633,52.619998931884766,53.95000076293945,147022,0.0,0.0
2023-03-15 10:30:00-04:00,53.97999954223633,54.91999816894531,53.91999816894531,54.775001525878906,178502,0.0,0.0
2023-03-15 11:30:00-04:00,54.77000045776367,54.90999984741211,54.040000915527344,54.244998931884766,227375,0.0,0.0
2023-03-15 12:30:00-04:00,54.23500061035156,54.40999984741211,53.810001373291016,54.3849983215332,230004,0.0,0.0
2023-03-15 13:30:00-04:00,54.40999984741211,54.880001068115234,54.029998779296875,54.70000076293945,256134,0.0,0.0
2023-03-15 14:30:00-04:00,54.69499969482422,55.099998474121094,54.69499969482422,55.02000045776367,159826,0.0,0.0
2023-03-15 15:30:00-04:00,55.0,55.04999923706055,54.75,55.040000915527344,297286,0.0,0.0
2023-03-16 09:30:00-04:00,54.56999969482422,54.95000076293945,54.18000030517578,54.310001373291016,102653,0.0,0.0
2023-03-16 10:30:00-04:00,54.34000015258789,55.599998474121094,54.220001220703125,55.47999954223633,108603,0.0,0.0
2023-03-16 11:30:00-04:00,55.5099983215332,55.68000030517578,54.939998626708984,55.20000076293945,99885,0.0,0.0
2023-03-16 12:30:00-04:00,55.2400016784668,55.75,54.88999938964844,55.2599983215332,65590,0.0,0.0
2023-03-16 13:30:00-04:00,55.279998779296875,55.30500030517578,54.7599983215332,54.810001373291016,72668,0.0,0.0
2023-03-16 14:30:00-04:00,54.84000015258789,54.845001220703125,54.459999084472656,54.810001373291016,178955,0.0,0.0
2023-03-16 15:30:00-04:00,54.834999084472656,55.0,54.18000030517578,54.404998779296875,278077,0.0,0.0
2023-03-17 09:30:00-04:00,54.16999816894531,54.16999816894531,52.650001525878906,52.88999938964844,176410,0.0,0.0
2023-03-17 10:30:00-04:00,52.91999816894531,52.92499923706055,52.5,52.53499984741211,90847,0.0,0.0
2023-03-17 11:30:00-04:00,52.5099983215332,52.68000030517578,52.33000183105469,52.470001220703125,95807,0.0,0.0
2023-03-17 12:30:00-04:00,52.540000915527344,52.70000076293945,52.27000045776367,52.388999938964844,77317,0.0,0.0
2023-03-17 13:30:00-04:00,52.36000061035156,52.43000030517578,51.80500030517578,51.84120178222656,97436,0.0,0.0
2023-03-17 14:30:00-04:00,51.84000015258789,51.9900016784668,51.595001220703125,51.84000015258789,134674,0.0,0.0
2023-03-17 15:30:00-04:00,51.82500076293945,51.84000015258789,51.209999084472656,51.400001525878906,310264,0.0,0.0
2023-03-20 09:30:00-04:00,52.119998931884766,53.20500183105469,52.119998931884766,53.13999938964844,52263,0.0,0.0
2023-03-20 10:30:00-04:00,53.16999816894531,53.61000061035156,53.16999816894531,53.439998626708984,81077,0.0,0.0
2023-03-20 11:30:00-04:00,53.45000076293945,53.5099983215332,52.880001068115234,53.0099983215332,67221,0.0,0.0
2023-03-20 12:30:00-04:00,53.099998474121094,53.98149871826172,53.09000015258789,53.81999969482422,62386,0.0,0.0
2023-03-20 13:30:00-04:00,53.790000915527344,53.82500076293945,53.560001373291016,53.63999938964844,63824,0.0,0.0
2023-03-20 14:30:00-04:00,53.63999938964844,53.790000915527344,53.46009826660156,53.74599838256836,110297,0.0,0.0
2023-03-20 15:30:00-04:00,53.755001068115234,54.11000061035156,53.755001068115234,53.84000015258789,198419,0.0,0.0
2023-03-21 09:30:00-04:00,54.81999969482422,55.209999084472656,54.65999984741211,55.0,45562,0.0,0.0
2023-03-21 10:30:00-04:00,54.97999954223633,55.189998626708984,54.790000915527344,55.189998626708984,55657,0.0,0.0
2023-03-21 11:30:00-04:00,55.224998474121094,55.224998474121094,54.9900016784668,55.005001068115234,48911,0.0,0.0
2023-03-21 12:30:00-04:00,55.02000045776367,55.040000915527344,54.650001525878906,54.880001068115234,59815,0.0,0.0
2023-03-21 13:30:00-04:00,54.88999938964844,54.91999816894531,54.54999923706055,54.560001373291016,53945,0.0,0.0
2023-03-21 14:30:00-04:00,54.59000015258789,54.810001373291016,54.505001068115234,54.790000915527344,75902,0.0,0.0
2023-03-21 15:30:00-04:00,54.81999969482422,54.90999984741211,54.68000030517578,54.79999923706055,152190,0.0,0.0
2023-03-22 09:30:00-04:00,54.720001220703125,54.81999969482422,54.52790069580078,54.81999969482422,20474,0.0,0.0
2023-03-22 10:30:00-04:00,54.86000061035156,54.88999938964844,54.380001068115234,54.400001525878906,31844,0.0,0.0
2023-03-22 11:30:00-04:00,54.40999984741211,54.505001068115234,54.2599983215332,54.459999084472656,40944,0.0,0.0
2023-03-22 12:30:00-04:00,54.48970031738281,54.61000061035156,54.34000015258789,54.470001220703125,44426,0.0,0.0
2023-03-22 13:30:00-04:00,54.4900016784668,55.185001373291016,54.380001068115234,54.849998474121094,53696,0.0,0.0
2023-03-22 14:30:00-04:00,54.869998931884766,55.209999084472656,54.04999923706055,54.51499938964844,96000,0.0,0.0
2023-03-22 15:30:00-04:00,54.525001525878906,54.525001525878906,53.65999984741211,53.68000030517578,116456,0.0,0.0
2023-03-23 09:30:00-04:00,53.72999954223633,54.04750061035156,53.52009963989258,53.79999923706055,55167,0.0,0.0
2023-03-23 10:30:00-04:00,53.7400016784668,54.16999816894531,53.59000015258789,53.959999084472656,68362,0.0,0.0
2023-03-23 11:30:00-04:00,54.0099983215332,54.15999984741211,53.86000061035156,53.939998626708984,44224,0.0,0.0
2023-03-23 12:30:00-04:00,53.95500183105469,54.02000045776367,53.619998931884766,53.70000076293945,62519,0.0,0.0
2023-03-23 13:30:00-04:00,53.709999084472656,53.77000045776367,53.13999938964844,53.13999938964844,28135,0.0,0.0
2023-03-23 14:30:00-04:00,53.18000030517578,53.650001525878906,53.0099983215332,53.22999954223633,87713,0.0,0.0
2023-03-23 15:30:00-04:00,53.16999816894531,53.709999084472656,53.16999816894531,53.27000045776367,145416,0.0,0.0
2023-03-24 09:30:00-04:00,52.560001373291016,52.77000045776367,51.900001525878906,52.75,52577,0.0,0.0
2023-03-24 10:30:00-04:00,52.7599983215332,52.93000030517578,52.560001373291016,52.59000015258789,66995,0.0,0.0
2023-03-24 11:30:00-04:00,52.59000015258789,53.18000030517578,52.540000915527344,53.10499954223633,87289,0.0,0.0
2023-03-24 12:30:00-04:00,53.099998474121094,53.36000061035156,53.060001373291016,53.27000045776367,43139,0.0,0.0
2023-03-24 13:30:00-04:00,53.29999923706055,53.6349983215332,53.27000045776367,53.5,42763,0.0,0.0
2023-03-24 14:30:00-04:00,53.5,53.959999084472656,53.5,53.95000076293945,73335,0.0,0.0
2023-03-24 15:30:00-04:00,53.959999084472656,54.029998779296875,53.58000183105469,53.70000076293945,240472,0.0,0.0
2023-03-27 09:30:00-04:00,54.470001220703125,54.77000045776367,54.220001220703125,54.459999084472656,38097,0.0,0.0
2023-03-27 10:30:00-04:00,54.45000076293945,54.630001068115234,54.400001525878906,54.59000015258789,50224,0.0,0.0
2023-03-27 11:30:00-04:00,54.625,54.845001220703125,54.560001373291016,54.75,32192,0.0,0.0
2023-03-27 12:30:00-04:00,54.755001068115234,55.060001373291016,54.75,54.869998931884766,37366,0.0,0.0
2023-03-27 13:30:00-04:00,54.88999938964844,55.0099983215332,54.724998474121094,54.77000045776367,44448,0.0,0.0
2023-03-27 14:30:00-04:00,54.790000915527344,55.005001068115234,54.70000076293945,54.810001373291016,74499,0.0,0.0
2023-03-27 15:30:00-04:00,54.810001373291016,54.849998474121094,54.43000030517578,54.58000183105469,110313,0.0,0.0
2023-03-28 09:30:00-04:00,54.029998779296875,54.5099983215332,53.63999938964844,54.063499450683594,299572,0.0,0.0
2023-03-28 10:30:00-04:00,54.04999923706055,54.31999969482422,53.970001220703125,54.06129837036133,60566,0.0,0.0
2023-03-28 11:30:00-04:00,54.040000915527344,54.18000030517578,53.94499969482422,54.05500030517578,63269,0.0,0.0
2023-03-28 12:30:00-04:00,54.029998779296875,54.029998779296875,53.6349983215332,53.65999984741211,43943,0.0,0.0
2023-03-28 13:30:00-04:00,53.66999816894531,53.75,53.47999954223633,53.720001220703125,55132,0.0,0.0
2023-03-28 14:30:00-04:00,53.7400016784668,53.994998931884766,53.63999938964844,53.81999969482422,62664,0.0,0.0
2023-03-28 15:30:00-04:00,53.80500030517578,54.130001068115234,53.77000045776367,54.119998931884766,145271,0.0,0.0
2023-03-29 09:30:00-04:00,54.869998931884766,54.869998931884766,54.10499954223633,54.10499954223633,112778,0.0,0.0
2023-03-29 10:30:00-04:00,54.13999938964844,54.189998626708984,53.970001220703125,54.02000045776367,66346,0.0,0.0
2023-03-29 11:30:00-04:00,54.01499938964844,54.18000030517578,53.94499969482422,54.17499923706055,62397,0.0,0.0
2023-03-29 12:30:00-04:00,54.20000076293945,54.255001068115234,53.97999954223633,54.15999984741211,79978,0.0,0.0
2023-03-29 13:30:00-04:00,54.150001525878906,54.16999816894531,53.84000015258789,53.935001373291016,72671,0.0,0.0
2023-03-29 14:30:00-04:00,53.939998626708984,54.119998931884766,53.875,54.060001373291016,69240,0.0,0.0
2023-03-29 15:30:00-04:00,54.04999923706055,54.04999923706055,53.83100128173828,53.900001525878906,175047,0.0,0.0
2023-03-30 09:30:00-04:00,54.59000015258789,55.41999816894531,54.380001068115234,54.790000915527344,62919,0.0,0.0
2023-03-30 10:30:00-04:00,54.79999923706055,54.84000015258789,54.56999969482422,54.689998626708984,68778,0.0,0.0
2023-03-30 11:30:00-04:00,54.689998626708984,54.689998626708984,54.505001068115234,54.66999816894531,51876,0.0,0.0
2023-03-30 12:30:00-04:00,54.665000915527344,54.66999816894531,54.38999938964844,54.400001525878906,35448,0.0,0.0
2023-03-30 13:30:00-04:00,54.404998779296875,54.59000015258789,54.31999969482422,54.564998626708984,38373,0.0,0.0
2023-03-30 14:30:00-04:00,54.560001373291016,54.68000030517578,54.45000076293945,54.45000076293945,61386,0.0,0.0
2023-03-30 15:30:00-04:00,54.45000076293945,54.68000030517578,54.439998626708984,54.65999984741211,99327,0.0,0.0
2023-03-31 09:30:00-04:00,55.029998779296875,55.38999938964844,54.900001525878906,55.13999938964844,35900,0.0,0.0
2023-03-31 10:30:00-04:00,55.11000061035156,55.29999923706055,55.0,55.23099899291992,32732,0.0,0.0
2023-03-31 11:30:00-04:00,55.220001220703125,55.26499938964844,55.060001373291016,55.185001373291016,32977,0.0,0.0
2023-03-31 12:30:00-04:00,55.099998474121094,55.27000045776367,54.98500061035156,55.154998779296875,47929,0.0,0.0
2023-03-31 13:30:00-04:00,55.154998779296875,55.40999984741211,55.099998474121094,55.38999938964844,60475,0.0,0.0
2023-03-31 14:30:00-04:00,55.369998931884766,55.62379837036133,55.29999923706055,55.62379837036133,52825,0.0,0.0
2023-03-31 15:30:00-04:00,55.6150016784668,55.779998779296875,55.439998626708984,55.63999938964844,127376,0.0,0.0
2023-04-03 09:30:00-04:00,55.529998779296875,56.27000045776367,55.470001220703125,56.06999969482422,54030,0.0,0.0
2023-04-03 10:30:00-04:00,56.099998474121094,56.099998474121094,55.33000183105469,55.369998931884766,40776,0.0,0.0
2023-04-03 11:30:00-04:00,55.364898681640625,55.83000183105469,55.364898681640625,55.81999969482422,37640,0.0,0.0
2023-04-03 12:30:00-04:00,55.779998779296875,55.81999969482422,55.56999969482422,55.619998931884766,37317,0.0,0.0
2023-04-03 13:30:00-04:00,55.61000061035156,55.61000061035156,55.400001525878906,55.5,42636,0.0,0.0
2023-04-03 14:30:00-04:00,55.4900016784668,55.68000030517578,55.36000061035156,55.56999969482422,64676,0.0,0.0
2023-04-03 15:30:00-04:00,55.56999969482422,55.72999954223633,55.5099983215332,55.560001373291016,103608,0.0,0.0
2023-04-04 09:30:00-04:00,55.86000061035156,55.93000030517578,55.25,55.41999816894531,79648,0.0,0.0
2023-04-04 10:30:00-04:00,55.41999816894531,55.41999816894531,54.77000045776367,54.92499923706055,89411,0.0,0.0
2023-04-04 11:30:00-04:00,54.970001220703125,55.060001373291016,54.54690170288086,54.630001068115234,134866,0.0,0.0
2023-04-04 12:30:00-04:00,54.630001068115234,54.939998626708984,54.61000061035156,54.898799896240234,39781,0.0,0.0
2023-04-04 13:30:00-04:00,54.900001525878906,54.93000030517578,54.435001373291016,54.435001373291016,44517,0.0,0.0
2023-04-04 14:30:00-04:00,54.459999084472656,54.98500061035156,54.43000030517578,54.79999923706055,62588,0.0,0.0
2023-04-04 15:30:00-04:00,54.82500076293945,55.15999984741211,54.70000076293945,55.119998931884766,123456,0.0,0.0
2023-04-05 09:30:00-04:00,54.86000061035156,55.25,54.83000183105469,54.9900016784668,36525,0.0,0.0
2023-04-05 10:30:00-04:00,55.02000045776367,55.720001220703125,55.0099983215332,55.58000183105469,93610,0.0,0.0
2023-04-05 11:30:00-04:00,55.59000015258789,55.67499923706055,55.22999954223633,55.31399917602539,52678,0.0,0.0
2023-04-05 12:30:00-04:00,55.29999923706055,55.790000915527344,55.27000045776367,55.709999084472656,46454,0.0,0.0
2023-04-05 13:30:00-04:00,55.709999084472656,55.709999084472656,55.459999084472656,55.459999084472656,39900,0.0,0.0
2023-04-05 14:30:00-04:00,55.459999084472656,55.65999984741211,55.43000030517578,55.59000015258789,55010,0.0,0.0
2023-04-05 15:30:00-04:00,55.619998931884766,55.86000061035156,55.61000061035156,55.86000061035156,111751,0.0,0.0
2023-04-06 09:30:00-04:00,55.959999084472656,55.959999084472656,55.4900016784668,55.4900016784668,51188,0.0,0.0
2023-04-06 10:30:00-04:00,55.47999954223633,55.540000915527344,55.33000183105469,55.380001068115234,45725,0.0,0.0
2023-04-06 11:30:00-04:00,55.349998474121094,55.43000030517578,55.20000076293945,55.2599983215332,27724,0.0,0.0
2023-04-06 12:30:00-04:00,55.26499938964844,55.380001068115234,55.11000061035156,55.29999923706055,61150,0.0,0.0
2023-04-06 13:30:00-04:00,55.31999969482422,55.375,55.01499938964844,55.08000183105469,38119,0.0,0.0
2023-04-06 14:30:00-04:00,55.08000183105469,55.150001525878906,55.02000045776367,55.14500045776367,49495,0.0,0.0
2023-04-06 15:30:00-04:00,55.15999984741211,55.2400016784668,55.02000045776367,55.209999084472656,97982,0.0,0.0
2023-04-10 09:30:00-04:00,55.22999954223633,56.029998779296875,55.1349983215332,55.83000183105469,39275,0.0,0.0
2023-04-10 10:30:00-04:00,55.83000183105469,55.95000076293945,55.61000061035156,55.69499969482422,40978,0.0,0.0
2023-04-10 11:30:00-04:00,55.68000030517578,55.68000030517578,55.17499923706055,55.17499923706055,31104,0.0,0.0
2023-04-10 12:30:00-04:00,55.20500183105469,55.529998779296875,55.20500183105469,55.43000030517578,21332,0.0,0.0
2023-04-10 13:30:00-04:00,55.45000076293945,55.560001373291016,55.369998931884766,55.42499923706055,25284,0.0,0.0
2023-04-10 14:30:00-04:00,55.4375,55.59000015258789,55.380001068115234,55.39500045776367,25831,0.0,0.0
2023-04-10 15:30:00-04:00,55.38130187988281,55.84000015258789,55.29999923706055,55.84000015258789,107828,0.0,0.0
2023-04-11 09:30:00-04:00,55.90999984741211,56.709999084472656,55.880001068115234,56.654998779296875,55052,0.0,0.0
2023-04-11 10:30:00-04:00,56.650001525878906,56.76499938964844,56.39500045776367,56.720001220703125,72794,0.0,0.0
2023-04-11 11:30:00-04:00,56.720001220703125,56.939998626708984,56.6150016784668,56.91999816894531,65793,0.0,0.0
2023-04-11 12:30:00-04:00,56.959999084472656,57.21500015258789,56.900001525878906,57.02000045776367,100010,0.0,0.0
2023-04-11 13:30:00-04:00,57.029998779296875,57.439998626708984,56.9900016784668,57.43000030517578,88942,0.0,0.0
2023-04-11 14:30:00-04:00,57.41999816894531,57.43000030517578,57.224998474121094,57.279998779296875,79428,0.0,0.0
2023-04-11 15:30:00-04:00,57.279998779296875,57.290000915527344,56.83000183105469,56.88999938964844,146574,0.0,0.0
2023-04-12 09:30:00-04:00,57.47999954223633,57.88999938964844,56.95000076293945,56.98500061035156,70524,0.0,0.0
2023-04-12 10:30:00-04:00,57.040000915527344,57.04999923706055,56.58000183105469,56.7400016784668,96318,0.0,0.0
2023-04-12 11:30:00-04:00,56.810001373291016,56.95000076293945,56.72999954223633,56.92499923706055,36445,0.0,0.0
2023-04-12 12:30:00-04:00,56.91999816894531,57.189998626708984,56.76499938964844,57.185001373291016,44864,0.0,0.0
2023-04-12 13:30:00-04:00,57.19499969482422,57.2400016784668,56.85499954223633,56.935001373291016,63688,0.0,0.0
2023-04-12 14:30:00-04:00,56.935001373291016,57.07500076293945,56.790000915527344,56.875,91474,0.0,0.0
2023-04-12 15:30:00-04:00,56.88999938964844,57.05500030517578,56.790000915527344,56.970001220703125,175954,0.0,0.0
2023-04-13 09:30:00-04:00,56.83000183105469,56.86000061035156,55.9900016784668,56.15999984741211,147994,0.0,0.0
2023-04-13 10:30:00-04:00,56.099998474121094,56.47999954223633,56.08000183105469,56.150001525878906,71255,0.0,0.0
2023-04-13 11:30:00-04:00,56.150001525878906,56.54999923706055,56.099998474121094,56.46500015258789,42699,0.0,0.0
2023-04-13 12:30:00-04:00,56.459999084472656,56.79999923706055,56.43000030517578,56.64500045776367,43693,0.0,0.0
2023-04-13 13:30:00-04:00,56.66999816894531,56.900001525878906,56.630001068115234,56.869998931884766,69606,0.0,0.0
2023-04-13 14:30:00-04:00,56.8650016784668,56.8650016784668,56.63999938964844,56.779998779296875,103754,0.0,0.0
2023-04-13 15:30:00-04:00,56.790000915527344,56.790000915527344,56.59000015258789,56.650001525878906,169023,0.0,0.0
2023-04-14 09:30:00-04:00,56.72999954223633,57.619998931884766,56.72999954223633,57.130001068115234,107263,0.0,0.0
2023-04-14 10:30:00-04:00,57.150001525878906,57.20000076293945,56.47999954223633,56.65999984741211,79854,0.0,0.0
2023-04-14 11:30:00-04:00,56.67499923706055,56.849998474121094,56.630001068115234,56.709999084472656,77660,0.0,0.0
2023-04-14 12:30:00-04:00,56.7400016784668,56.75,56.279998779296875,56.54499816894531,58183,0.0,0.0
2023-04-14 13:30:00-04:00,56.5099983215332,56.689998626708984,56.310001373291016,56.58000183105469,75991,0.0,0.0
2023-04-14 14:30:00-04:00,56.599998474121094,56.61000061035156,56.31999969482422,56.57500076293945,74123,0.0,0.0
2023-04-14 15:30:00-04:00,56.58000183105469,56.75,56.54499816894531,56.65999984741211,144708,0.0,0.0
2023-04-17 09:30:00-04:00,56.4900016784668,57.29499816894531,56.25,56.79999923706055,98995,0.0,0.0
2023-04-17 10:30:00-04:00,56.7599983215332,56.880001068115234,56.55500030517578,56.849998474121094,48510,0.0,0.0
2023-04-17 11:30:00-04:00,56.86000061035156,57.15999984741211,56.744998931884766,57.154998779296875,40847,0.0,0.0
2023-04-17 12:30:00-04:00,57.165000915527344,57.16999816894531,56.85499954223633,57.029998779296875,24728,0.0,0.0
2023-04-17 13:30:00-04:00,57.04999923706055,57.154998779296875,56.880001068115234,57.154998779296875,41203,0.0,0.0
2023-04-17 14:30:00-04:00,57.14500045776367,57.52000045776367,57.14500045776367,57.459999084472656,70739,0.0,0.0
2023-04-17 15:30:00-04:00,57.41999816894531,57.439998626708984,57.22999954223633,57.40999984741211,92757,0.0,0.0
2023-04-18 09:30:00-04:00,57.470001220703125,57.83000183105469,57.27000045776367,57.400001525878906,35238,0.0,0.0
2023-04-18 10:30:00-04:00,57.39500045776367,57.505001068115234,57.099998474121094,57.36000061035156,38112,0.0,0.0
2023-04-18 11:30:00-04:00,57.40999984741211,57.52000045776367,57.2400016784668,57.52000045776367,19344,0.0,0.0
2023-04-18 12:30:00-04:00,57.470001220703125,57.4900016784668,57.349998474121094,57.375,21615,0.0,0.0
2023-04-18 13:30:00-04:00,57.369998931884766,57.560001373291016,57.34000015258789,57.560001373291016,31359,0.0,0.0
2023-04-18 14:30:00-04:00,57.560001373291016,57.619998931884766,57.375,57.4900016784668,42899,0.0,0.0
2023-04-18 15:30:00-04:00,57.5,57.66999816894531,57.459999084472656,57.630001068115234,106055,0.0,0.0
2023-04-19 09:30:00-04:00,57.68000030517578,57.79999923706055,57.209999084472656,57.209999084472656,23673,0.0,0.0
2023-04-19 10:30:00-04:00,57.20000076293945,57.349998474121094,57.099998474121094,57.220001220703125,24277,0.0,0.0
2023-04-19 11:30:00-04:00,57.23500061035156,57.31999969482422,57.18000030517578,57.290000915527344,16476,0.0,0.0
2023-04-19 12:30:00-04:00,57.290000915527344,57.52000045776367,57.209999084472656,57.349998474121094,17541,0.0,0.0
2023-04-19 13:30:00-04:00,57.36000061035156,57.68000030517578,57.244998931884766,57.65999984741211,40875,0.0,0.0
2023-04-19 14:30:00-04:00,57.68000030517578,57.814998626708984,57.619998931884766,57.779998779296875,49688,0.0,0.0
2023-04-19 15:30:00-04:00,57.775001525878906,57.775001525878906,57.54999923706055,57.72999954223633,65624,0.0,0.0
2023-04-20 09:30:00-04:00,57.650001525878906,57.79999923706055,57.209999084472656,57.41999816894531,37148,0.0,0.0
2023-04-20 10:30:00-04:00,57.400001525878906,57.5,56.630001068115234,56.89500045776367,114552,0.0,0.0
2023-04-20 11:30:00-04:00,56.86000061035156,57.02000045776367,56.84000015258789,56.93000030517578,30216,0.0,0.0
2023-04-20 12:30:00-04:00,56.93000030517578,57.130001068115234,56.790000915527344,57.08250045776367,54843,0.0,0.0
2023-04-20 13:30:00-04:00,57.06999969482422,57.415000915527344,56.97999954223633,57.29999923706055,41091,0.0,0.0
2023-04-20 14:30:00-04:00,57.2599983215332,57.349998474121094,56.91999816894531,56.95000076293945,32058,0.0,0.0
2023-04-20 15:30:00-04:00,56.970001220703125,57.040000915527344,56.81999969482422,56.83000183105469,97544,0.0,0.0
2023-04-21 09:30:00-04:00,57.029998779296875,57.1150016784668,56.439998626708984,56.709999084472656,25809,0.0,0.0
2023-04-21 10:30:00-04:00,56.65999984741211,56.65999984741211,56.209999084472656,56.619998931884766,24764,0.0,0.0
2023-04-21 11:30:00-04:00,56.619998931884766,56.849998474121094,56.54999923706055,56.779998779296875,21425,0.0,0.0
2023-04-21 12:30:00-04:00,56.79499816894531,56.939998626708984,56.67499923706055,56.79999923706055,27669,0.0,0.0
2023-04-21 13:30:00-04:00,56.810001373291016,57.2599983215332,56.810001373291016,57.18000030517578,43395,0.0,0.0
2023-04-21 14:30:00-04:00,57.189998626708984,57.25,57.06999969482422,57.130001068115234,56894,0.0,0.0
2023-04-21 15:30:00-04:00,57.15999984741211,57.41999816894531,57.15999984741211,57.41999816894531,88389,0.0,0.0
2023-04-24 09:30:00-04:00,57.529998779296875,57.529998779296875,57.06999969482422,57.25,22266,0.0,0.0
2023-04-24 10:30:00-04:00,57.20000076293945,57.25,56.709999084472656,56.810001373291016,20289,0.0,0.0
2023-04-24 11:30:00-04:00,56.814998626708984,56.86000061035156,56.68000030517578,56.81999969482422,18517,0.0,0.0
2023-04-24 12:30:00-04:00,56.810001373291016,56.84000015258789,56.709999084472656,56.77000045776367,15480,0.0,0.0
2023-04-24 13:30:00-04:00,56.86000061035156,56.97999954223633,56.63999938964844,56.72990036010742,19849,0.0,0.0
2023-04-24 14:30:00-04:00,56.720001220703125,56.84000015258789,56.65480041503906,56.779998779296875,32415,0.0,0.0
2023-04-24 15:30:00-04:00,56.775001525878906,56.970001220703125,56.66999816894531,56.959999084472656,60001,0.0,0.0
2023-04-25 09:30:00-04:00,56.40999984741211,56.83000183105469,56.28519821166992,56.51499938964844,15802,0.0,0.0
2023-04-25 10:30:00-04:00,56.459999084472656,56.4900016784668,56.31999969482422,56.36000061035156,13896,0.0,0.0
2023-04-25 11:30:00-04:00,56.279998779296875,56.34000015258789,56.130001068115234,56.209999084472656,14442,0.0,0.0
2023-04-25 12:30:00-04:00,56.2400016784668,56.25,55.720001220703125,55.875,51880,0.0,0.0
2023-04-25 13:30:00-04:00,55.8650016784668,55.97999954223633,55.755001068115234,55.97999954223633,21632,0.0,0.0
2023-04-25 14:30:00-04:00,55.91999816894531,55.96500015258789,55.815101623535156,55.88999938964844,26679,0.0,0.0
2023-04-25 15:30:00-04:00,55.904998779296875,55.970001220703125,55.85499954223633,55.90999984741211,73488,0.0,0.0
2023-04-26 09:30:00-04:00,55.61000061035156,56.25,55.61000061035156,55.76499938964844,28765,0.0,0.0
2023-04-26 10:30:00-04:00,55.81999969482422,56.06999969482422,55.77000045776367,55.869998931884766,49675,0.0,0.0
2023-04-26 11:30:00-04:00,55.915000915527344,56.18000030517578,55.83000183105469,55.91999816894531,24758,0.0,0.0
2023-04-26 12:30:00-04:00,55.90999984741211,56.279998779296875,55.875,56.20500183105469,70019,0.0,0.0
2023-04-26 13:30:00-04:00,56.19499969482422,56.19499969482422,55.619998931884766,55.68000030517578,48614,0.0,0.0
2023-04-26 14:30:00-04:00,55.689998626708984,55.74700164794922,55.279998779296875,55.36000061035156,89366,0.0,0.0
2023-04-26 15:30:00-04:00,55.369998931884766,55.459999084472656,55.25,55.27000045776367,163528,0.0,0.0
2023-04-27 09:30:00-04:00,53.75,53.75,50.65999984741211,52.125,340522,0.0,0.0
2023-04-27 10:30:00-04:00,52.1349983215332,52.61000061035156,51.5099983215332,52.470001220703125,224496,0.0,0.0
2023-04-27 11:30:00-04:00,52.474998474121094,55.0,52.474998474121094,54.95000076293945,252947,0.0,0.0
2023-04-27 12:30:00-04:00,54.93000030517578,55.06999969482422,54.349998474121094,54.79140090942383,123844,0.0,0.0
2023-04-27 13:30:00-04:00,54.77000045776367,55.43000030517578,54.75,55.334999084472656,103919,0.0,0.0
2023-04-27 14:30:00-04:00,55.33000183105469,55.81999969482422,55.27000045776367,55.435001373291016,176204,0.0,0.0
2023-04-27 15:30:00-04:00,55.41999816894531,55.689998626708984,55.310001373291016,55.59000015258789,224142,0.0,0.0
2023-04-28 09:30:00-04:00,55.369998931884766,57.27000045776367,55.369998931884766,57.27000045776367,55869,0.0,0.0
2023-04-28 10:30:00-04:00,57.290000915527344,57.84000015258789,57.189998626708984,57.810001373291016,96595,0.0,0.0
2023-04-28 11:30:00-04:00,57.84000015258789,58.0,57.130001068115234,57.39500045776367,105555,0.0,0.0
2023-04-28 12:30:00-04:00,57.43000030517578,57.58000183105469,57.349998474121094,57.415000915527344,35309,0.0,0.0
2023-04-28 13:30:00-04:00,57.439998626708984,57.529998779296875,57.189998626708984,57.2599983215332,50068,0.0,0.0
2023-04-28 14:30:00-04:00,57.290000915527344,57.47999954223633,57.19499969482422,57.400001525878906,74737,0.0,0.0
2023-04-28 15:30:00-04:00,57.41999816894531,57.619998931884766,57.369998931884766,57.61000061035156,136005,0.0,0.0
2023-05-01 09:30:00-04:00,57.209999084472656,57.81999969482422,57.13999938964844,57.40999984741211,44942,0.0,0.0
2023-05-01 10:30:00-04:00,57.459999084472656,57.88999938964844,57.31999969482422,57.40999984741211,33894,0.0,0.0
2023-05-01 11:30:00-04:00,57.38999938964844,57.90999984741211,57.369998931884766,57.90999984741211,60237,0.0,0.0
2023-05-01 12:30:00-04:00,57.90999984741211,58.0,57.54999923706055,57.56999969482422,89903,0.0,0.0
2023-05-01 13:30:00-04:00,57.54999923706055,57.83000183105469,57.529998779296875,57.65999984741211,53838,0.0,0.0
2023-05-01 14:30:00-04:00,57.63999938964844,57.63999938964844,57.5099983215332,57.52000045776367,64369,0.0,0.0
2023-05-01 15:30:00-04:00,57.529998779296875,57.7400016784668,57.435001373291016,57.58000183105469,121818,0.0,0.0
2023-05-02 09:30:00-04:00,57.290000915527344,57.86000061035156,56.310001373291016,56.63999938964844,69450,0.0,0.0
2023-05-02 10:30:00-04:00,56.599998474121094,56.7599983215332,56.0099983215332,56.130001068115234,84343,0.0,0.0
2023-05-02 11:30:00-04:00,56.13999938964844,56.290000915527344,55.81999969482422,56.1349983215332,82909,0.0,0.0
2023-05-02 12:30:00-04:00,56.09000015258789,56.54999923706055,56.029998779296875,56.540000915527344,45987,0.0,0.0
2023-05-02 13:30:00-04:00,56.540000915527344,56.90999984741211,56.439998626708984,56.72999954223633,63304,0.0,0.0
2023-05-02 14:30:00-04:00,56.7599983215332,57.13999938964844,56.65999984741211,57.03900146484375,75765,0.0,0.0
2023-05-02 15:30:00-04:00,57.03499984741211,57.2599983215332,56.939998626708984,57.15999984741211,145905,0.0,0.0
2023-05-03 09:30:00-04:00,57.810001373291016,58.54999923706055,57.619998931884766,58.474998474121094,104846,0.0,0.0
2023-05-03 10:30:00-04:00,58.5,58.650001525878906,58.32500076293945,58.529998779296875,48694,0.0,0.0
2023-05-03 11:30:00-04:00,58.560001373291016,59.099998474121094,58.560001373291016,59.06999969482422,76644,0.0,0.0
2023-05-03 12:30:00-04:00,59.06999969482422,59.209999084472656,58.849998474121094,59.119998931884766,55572,0.0,0.0
2023-05-03 13:30:00-04:00,59.13999938964844,59.150001525878906,58.525001525878906,58.73500061035156,124547,0.0,0.0
2023-05-03 14:30:00-04:00,58.7599983215332,59.470001220703125,58.21500015258789,58.34000015258789,159571,0.0,0.0
2023-05-03 15:30:00-04:00,58.345001220703125,58.48500061035156,57.959999084472656,58.029998779296875,169326,0.0,0.0
2023-05-04 09:30:00-04:00,57.61000061035156,57.81999969482422,56.900001525878906,57.099998474121094,78382,0.0,0.0
2023-05-04 10:30:00-04:00,57.150001525878906,57.21500015258789,56.32749938964844,56.369998931884766,75820,0.0,0.0
2023-05-04 11:30:00-04:00,56.2400016784668,57.0099983215332,56.209999084472656,56.939998626708984,36756,0.0,0.0
2023-05-04 12:30:00-04:00,57.0099983215332,57.064998626708984,56.75,56.90999984741211,31310,0.0,0.0
2023-05-04 13:30:00-04:00,56.93000030517578,56.970001220703125,56.494998931884766,56.59000015258789,80038,0.0,0.0
2023-05-04 14:30:00-04:00,56.59000015258789,56.80500030517578,56.470001220703125,56.72999954223633,52287,0.0,0.0
2023-05-04 15:30:00-04:00,56.79499816894531,57.08000183105469,56.709999084472656,57.060001373291016,89379,0.0,0.0
2023-05-05 09:30:00-04:00,57.7599983215332,58.369998931884766,57.57500076293945,57.849998474121094,33911,0.0,0.0
2023-05-05 10:30:00-04:00,57.923099517822266,58.06999969482422,57.70000076293945,57.77000045776367,32326,0.0,0.0
2023-05-05 11:30:00-04:00,57.7400016784668,57.9900016784668,57.7400016784668,57.93000030517578,22791,0.0,0.0
2023-05-05 12:30:00-04:00,57.939998626708984,58.040000915527344,57.630001068115234,58.029998779296875,27425,0.0,0.0
2023-05-05 13:30:00-04:00,58.060001373291016,58.16999816894531,57.970001220703125,58.130001068115234,40261,0.0,0.0
2023-05-05 14:30:00-04:00,58.09000015258789,58.45000076293945,58.09000015258789,58.2400016784668,47400,0.0,0.0
2023-05-05 15:30:00-04:00,58.23500061035156,58.290000915527344,58.09000015258789,58.290000915527344,110006,0.0,0.0
2023-05-08 09:30:00-04:00,58.220001220703125,58.400001525878906,57.70000076293945,57.77000045776367,32393,0.0,0.0
2023-05-08 10:30:00-04:00,57.852298736572266,58.16999816894531,57.689998626708984,57.709999084472656,40399,0.0,0.0
2023-05-08 11:30:00-04:00,57.68000030517578,57.790000915527344,57.529998779296875,57.6150016784668,32237,0.0,0.0
2023-05-08 12:30:00-04:00,57.599998474121094,57.720001220703125,57.40999984741211,57.689998626708984,29095,0.0,0.0
2023-05-08 13:30:00-04:00,57.70000076293945,58.36000061035156,57.70000076293945,58.33000183105469,34438,0.0,0.0
2023-05-08 14:30:00-04:00,58.34000015258789,58.400001525878906,58.15999984741211,58.189998626708984,38021,0.0,0.0
2023-05-08 15:30:00-04:00,58.16999816894531,58.415000915527344,58.16999816894531,58.31999969482422,73646,0.0,0.0
2023-05-09 09:30:00-04:00,58.02000045776367,58.310001373291016,57.720001220703125,58.060001373291016,25307,0.0,0.0
2023-05-09 10:30:00-04:00,58.07500076293945,58.2599983215332,57.90999984741211,58.03499984741211,22833,0.0,0.0
2023-05-09 11:30:00-04:00,58.04999923706055,58.25,57.97999954223633,58.119998931884766,27442,0.0,0.0
2023-05-09 12:30:00-04:00,58.150001525878906,58.369998931884766,58.06999969482422,58.353599548339844,21421,0.0,0.0
2023-05-09 13:30:00-04:00,58.349998474121094,58.5,58.18000030517578,58.209999084472656,31981,0.0,0.0
2023-05-09 14:30:00-04:00,58.209999084472656,58.22999954223633,58.029998779296875,58.150001525878906,34577,0.0,0.0
2023-05-09 15:30:00-04:00,58.14500045776367,58.16999816894531,57.84000015258789,57.91999816894531,108285,0.0,0.0
2023-05-10 09:30:00-04:00,58.7599983215332,59.0,57.560001373291016,58.310001373291016,66370,0.0,0.0
2023-05-10 10:30:00-04:00,58.36000061035156,58.79650115966797,58.20000076293945,58.540000915527344,42320,0.0,0.0
2023-05-10 11:30:00-04:00,58.540000915527344,58.59700012207031,58.290000915527344,58.47999954223633,40246,0.0,0.0
2023-05-10 12:30:00-04:00,58.439998626708984,58.4900016784668,58.0,58.11000061035156,27732,0.0,0.0
2023-05-10 13:30:00-04:00,58.099998474121094,58.55500030517578,58.099998474121094,58.54999923706055,41962,0.0,0.0
2023-05-10 14:30:00-04:00,58.5099983215332,58.68000030517578,58.36000061035156,58.56999969482422,53410,0.0,0.0
2023-05-10 15:30:00-04:00,58.56999969482422,58.66999816894531,58.31999969482422,58.380001068115234,93173,0.0,0.0
2023-05-11 09:30:00-04:00,57.5,57.81100082397461,57.06700134277344,57.23249816894531,102383,0.0,0.0
2023-05-11 10:30:00-04:00,57.23500061035156,57.27000045776367,56.227500915527344,56.23500061035156,135289,0.0,0.0
2023-05-11 11:30:00-04:00,56.23500061035156,56.90999984741211,56.23500061035156,56.90999984741211,91630,0.0,0.0
2023-05-11 12:30:00-04:00,56.91999816894531,56.95000076293945,56.689998626708984,56.83000183105469,57662,0.0,0.0
2023-05-11 13:30:00-04:00,56.79999923706055,56.93000030517578,56.65999984741211,56.845001220703125,54876,0.0,0.0
2023-05-11 14:30:00-04:00,56.849998474121094,56.97999954223633,56.560001373291016,56.935001373291016,126157,0.0,0.0
2023-05-11 15:30:00-04:00,56.900001525878906,57.0,56.599998474121094,56.720001220703125,204824,0.0,0.0
2023-05-12 09:30:00-04:00,57.099998474121094,57.310001373291016,56.560001373291016,56.790000915527344,38364,0.0,0.0
2023-05-12 10:30:00-04:00,56.790000915527344,56.900001525878906,56.59000015258789,56.63999938964844,32119,0.0,0.0
2023-05-12 11:30:00-04:00,56.650001525878906,56.755001068115234,56.380001068115234,56.380001068115234,31239,0.0,0.0
2023-05-12 12:30:00-04:00,56.36000061035156,56.41999816894531,56.189998626708984,56.19499969482422,45406,0.0,0.0
2023-05-12 13:30:00-04:00,56.16999816894531,56.314998626708984,55.7599983215332,55.95000076293945,69336,0.0,0.0
2023-05-12 14:30:00-04:00,55.93000030517578,56.03499984741211,55.7400016784668,55.9900016784668,60022,0.0,0.0
2023-05-12 15:30:00-04:00,56.0099983215332,56.31999969482422,55.970001220703125,56.310001373291016,139120,0.0,0.0
2023-05-15 09:30:00-04:00,56.52000045776367,56.59000015258789,56.029998779296875,56.59000015258789,29283,0.0,0.0
2023-05-15 10:30:00-04:00,56.68000030517578,56.68000030517578,56.34000015258789,56.36000061035156,21725,0.0,0.0
2023-05-15 11:30:00-04:00,56.279998779296875,56.5,56.15999984741211,56.40999984741211,37406,0.0,0.0
2023-05-15 12:30:00-04:00,56.36000061035156,56.65999984741211,56.34000015258789,56.349998474121094,77646,0.0,0.0
2023-05-15 13:30:00-04:00,56.314998626708984,56.40999984741211,56.18000030517578,56.33000183105469,50776,0.0,0.0
2023-05-15 14:30:00-04:00,56.33000183105469,56.435001373291016,56.290000915527344,56.41999816894531,49532,0.0,0.0
2023-05-15 15:30:00-04:00,56.43000030517578,56.619998931884766,56.380001068115234,56.529998779296875,118616,0.0,0.0
2023-05-16 09:30:00-04:00,56.0099983215332,56.119998931884766,55.415000915527344,55.64500045776367,76512,0.0,0.0
2023-05-16 10:30:00-04:00,55.68000030517578,55.790000915527344,55.560001373291016,55.720001220703125,47071,0.0,0.0
2023-05-16 11:30:00-04:00,55.75,55.83000183105469,55.630001068115234,55.689998626708984,59467,0.0,0.0
2023-05-16 12:30:00-04:00,55.70000076293945,55.869998931884766,55.70000076293945,55.72999954223633,47265,0.0,0.0
2023-05-16 13:30:00-04:00,55.72999954223633,55.72999954223633,55.56999969482422,55.63999938964844,28484,0.0,0.0
2023-05-16 14:30:00-04:00,55.630001068115234,56.029998779296875,55.61000061035156,55.84000015258789,56131,0.0,0.0
2023-05-16 15:30:00-04:00,55.845001220703125,55.88999938964844,55.5,55.68000030517578,94876,0.0,0.0
2023-05-17 09:30:00-04:00,56.0099983215332,56.209999084472656,55.7599983215332,55.97999954223633,58877,0.0,0.0
2023-05-17 10:30:00-04:00,55.96500015258789,56.0,55.61000061035156,55.90999984741211,36026,0.0,0.0
2023-05-17 11:30:00-04:00,55.939998626708984,56.1150016784668,55.93000030517578,56.04999923706055,22162,0.0,0.0
2023-05-17 12:30:00-04:00,56.13999938964844,56.349998474121094,55.970001220703125,56.30500030517578,52907,0.0,0.0
2023-05-17 13:30:00-04:00,56.31999969482422,56.400001525878906,55.9900016784668,56.0099983215332,30860,0.0,0.0
2023-05-17 14:30:00-04:00,56.040000915527344,56.150001525878906,55.880001068115234,55.90999984741211,35103,0.0,0.0
2023-05-17 15:30:00-04:00,55.95000076293945,56.09000015258789,55.92250061035156,56.0099983215332,62981,0.0,0.0
2023-05-18 09:30:00-04:00,56.0099983215332,56.08000183105469,55.643001556396484,55.959999084472656,50842,0.0,0.0
2023-05-18 10:30:00-04:00,55.94490051269531,56.310001373291016,55.94490051269531,56.25,29714,0.0,0.0
2023-05-18 11:30:00-04:00,56.2400016784668,56.34000015258789,55.95000076293945,56.0099983215332,30464,0.0,0.0
2023-05-18 12:30:00-04:00,55.97999954223633,56.150001525878906,55.90999984741211,55.90999984741211,42244,0.0,0.0
2023-05-18 13:30:00-04:00,55.959999084472656,56.09000015258789,55.93000030517578,56.040000915527344,54137,0.0,0.0
2023-05-18 14:30:00-04:00,56.04999923706055,56.459999084472656,56.04999923706055,56.27000045776367,45960,0.0,0.0
2023-05-18 15:30:00-04:00,56.29999923706055,56.52000045776367,56.27000045776367,56.47999954223633,100666,0.0,0.0
2023-05-19 09:30:00-04:00,56.95000076293945,56.96500015258789,56.48500061035156,56.65999984741211,25411,0.0,0.0
2023-05-19 10:30:00-04:00,56.63999938964844,56.69499969482422,56.11000061035156,56.11000061035156,28132,0.0,0.0
2023-05-19 11:30:00-04:00,56.06999969482422,56.16999816894531,55.84000015258789,56.05830001831055,31004,0.0,0.0
2023-05-19 12:30:00-04:00,56.029998779296875,56.220001220703125,55.959999084472656,56.130001068115234,38933,0.0,0.0
2023-05-19 13:30:00-04:00,56.13999938964844,56.165000915527344,55.6150016784668,55.6150016784668,70024,0.0,0.0
2023-05-19 14:30:00-04:00,55.564998626708984,55.93000030517578,55.540000915527344,55.709999084472656,59505,0.0,0.0
2023-05-19 15:30:00-04:00,55.720001220703125,55.869998931884766,55.65999984741211,55.7400016784668,119472,0.0,0.0
2023-05-22 09:30:00-04:00,55.560001373291016,55.77000045776367,54.7400016784668,55.05500030517578,56251,0.0,0.0
2023-05-22 10:30:00-04:00,55.064998626708984,55.099998474121094,54.584999084472656,55.099998474121094,43376,0.0,0.0
2023-05-22 11:30:00-04:00,55.099998474121094,55.415000915527344,55.070098876953125,55.415000915527344,27194,0.0,0.0
2023-05-22 12:30:00-04:00,55.38999938964844,55.43000030517578,55.15999984741211,55.29999923706055,31873,0.0,0.0
2023-05-22 13:30:00-04:00,55.31999969482422,55.34000015258789,55.185001373291016,55.310001373291016,32647,0.0,0.0
2023-05-22 14:30:00-04:00,55.33000183105469,55.41999816894531,55.02000045776367,55.02000045776367,54094,0.0,0.0
2023-05-22 15:30:00-04:00,55.029998779296875,55.08000183105469,54.790000915527344,54.900001525878906,93346,0.0,0.0
2023-05-23 09:30:00-04:00,54.84000015258789,55.19499969482422,54.720001220703125,54.90999984741211,84132,0.0,0.0
2023-05-23 10:30:00-04:00,54.939998626708984,55.02000045776367,54.737300872802734,54.88999938964844,68473,0.0,0.0
2023-05-23 11:30:00-04:00,54.900001525878906,55.02000045776367,54.6349983215332,54.657798767089844,40265,0.0,0.0
2023-05-23 12:30:00-04:00,54.68000030517578,54.9900016784668,54.630001068115234,54.73500061035156,37864,0.0,0.0
2023-05-23 13:30:00-04:00,54.70000076293945,55.0099983215332,54.560001373291016,54.58000183105469,42569,0.0,0.0
2023-05-23 14:30:00-04:00,54.56999969482422,55.09000015258789,54.560001373291016,55.09000015258789,85786,0.0,0.0
2023-05-23 15:30:00-04:00,55.1349983215332,55.1349983215332,54.779998779296875,54.790000915527344,118508,0.0,0.0
2023-05-24 09:30:00-04:00,54.43000030517578,54.4900016784668,53.59000015258789,53.84000015258789,27766,0.0,0.0
2023-05-24 10:30:00-04:00,53.90999984741211,54.16999816894531,53.83000183105469,54.08000183105469,21995,0.0,0.0
2023-05-24 11:30:00-04:00,53.97999954223633,54.099998474121094,53.90999984741211,54.025001525878906,25419,0.0,0.0
2023-05-24 12:30:00-04:00,54.029998779296875,54.349998474121094,54.0,54.23249816894531,30635,0.0,0.0
2023-05-24 13:30:00-04:00,54.290000915527344,54.36000061035156,54.15999984741211,54.22999954223633,29483,0.0,0.0
2023-05-24 14:30:00-04:00,54.224998474121094,54.68000030517578,54.18000030517578,54.54499816894531,42776,0.0,0.0
2023-05-24 15:30:00-04:00,54.56999969482422,54.7599983215332,54.400001525878906,54.45000076293945,74572,0.0,0.0
2023-05-25 09:30:00-04:00,54.349998474121094,54.709999084472656,54.2599983215332,54.459999084472656,31304,0.0,0.0
2023-05-25 10:30:00-04:00,54.494998931884766,54.494998931884766,54.029998779296875,54.029998779296875,29443,0.0,0.0
2023-05-25 11:30:00-04:00,54.02000045776367,54.27000045776367,53.90999984741211,54.16999816894531,20842,0.0,0.0
2023-05-25 12:30:00-04:00,54.130001068115234,54.275901794433594,54.000099182128906,54.275901794433594,18986,0.0,0.0
2023-05-25 13:30:00-04:00,54.30500030517578,54.5099983215332,54.21500015258789,54.369998931884766,21981,0.0,0.0
2023-05-25 14:30:00-04:00,54.22999954223633,54.53499984741211,54.20500183105469,54.5099983215332,25751,0.0,0.0
2023-05-25 15:30:00-04:00,54.47999954223633,54.65999984741211,54.459999084472656,54.65999984741211,89565,0.0,0.0
2023-05-26 09:30:00-04:00,54.83000183105469,54.93000030517578,54.2400016784668,54.93000030517578,38388,0.0,0.0
2023-05-26 10:30:00-04:00,54.91999816894531,55.02000045776367,54.470001220703125,54.470001220703125,33302,0.0,0.0
2023-05-26 11:30:00-04:00,54.54990005493164,55.3650016784668,54.51499938964844,55.3650016784668,24665,0.0,0.0
2023-05-26 12:30:00-04:00,55.310001373291016,55.349998474121094,54.88999938964844,55.130001068115234,171297,0.0,0.0
2023-05-26 13:30:00-04:00,55.18000030517578,55.459999084472656,55.18000030517578,55.459999084472656,25047,0.0,0.0
2023-05-26 14:30:00-04:00,55.470001220703125,55.59000015258789,55.349998474121094,55.36000061035156,44755,0.0,0.0
2023-05-26 15:30:00-04:00,55.380001068115234,55.470001220703125,55.209999084472656,55.220001220703125,93329,0.0,0.0
2023-05-30 09:30:00-04:00,55.63999938964844,55.83000183105469,55.11000061035156,55.59000015258789,37092,0.0,0.0
2023-05-30 10:30:00-04:00,55.61000061035156,55.810001373291016,55.4900016784668,55.59000015258789,17884,0.0,0.0
2023-05-30 11:30:00-04:00,55.58000183105469,55.84939956665039,55.4900016784668,55.79999923706055,26590,0.0,0.0
2023-05-30 12:30:00-04:00,55.79999923706055,55.880001068115234,55.540000915527344,55.72930145263672,28323,0.0,0.0
2023-05-30 13:30:00-04:00,55.59000015258789,55.689998626708984,55.459999084472656,55.65999984741211,17006,0.0,0.0
2023-05-30 14:30:00-04:00,55.654998779296875,55.869998931884766,55.630001068115234,55.869998931884766,39993,0.0,0.0
2023-05-30 15:30:00-04:00,55.8650016784668,56.0,55.810001373291016,55.97999954223633,82713,0.0,0.0
2023-05-31 09:30:00-04:00,55.61000061035156,55.689998626708984,55.029998779296875,55.18000030517578,41960,0.0,0.0
2023-05-31 10:30:00-04:00,55.13999938964844,55.244998931884766,54.97999954223633,55.02000045776367,27722,0.0,0.0
2023-05-31 11:30:00-04:00,55.040000915527344,55.255001068115234,54.8650016784668,55.25,26174,0.0,0.0
2023-05-31 12:30:00-04:00,55.28499984741211,55.439998626708984,55.18000030517578,55.404998779296875,24328,0.0,0.0
2023-05-31 13:30:00-04:00,55.459999084472656,55.525001525878906,55.310001373291016,55.505001068115234,26223,0.0,0.0
2023-05-31 14:30:00-04:00,55.474998474121094,55.540000915527344,55.17499923706055,55.185001373291016,40899,0.0,0.0
2023-05-31 15:30:00-04:00,55.150001525878906,55.290000915527344,54.849998474121094,54.880001068115234,122016,0.0,0.0
2023-06-01 09:30:00-04:00,55.13999938964844,55.5,54.90999984741211,55.09000015258789,53652,0.0,0.0
2023-06-01 10:30:00-04:00,55.04999923706055,55.275001525878906,54.95000076293945,55.244998931884766,39292,0.0,0.0
2023-06-01 11:30:00-04:00,55.279998779296875,55.310001373291016,55.11000061035156,55.25,28494,0.0,0.0
2023-06-01 12:30:00-04:00,55.22999954223633,55.41999816894531,55.220001220703125,55.29999923706055,42096,0.0,0.0
2023-06-01 13:30:00-04:00,55.29999923706055,55.47999954223633,55.27000045776367,55.38999938964844,33011,0.0,0.0
2023-06-01 14:30:00-04:00,55.38999938964844,55.58000183105469,55.29999923706055,55.58000183105469,38902,0.0,0.0
2023-06-01 15:30:00-04:00,55.619998931884766,55.790000915527344,55.45000076293945,55.7599983215332,121629,0.0,0.0
2023-06-02 09:30:00-04:00,56.13999938964844,56.720001220703125,56.13999938964844,56.349998474121094,104111,0.0,0.0
2023-06-02 10:30:00-04:00,56.31999969482422,56.810001373291016,56.2400016784668,56.560001373291016,136784,0.0,0.0
2023-06-02 11:30:00-04:00,56.52009963989258,56.59000015258789,56.29499816894531,56.52000045776367,41674,0.0,0.0
2023-06-02 12:30:00-04:00,56.4900016784668,56.599998474121094,56.48500061035156,56.51499938964844,20315,0.0,0.0
2023-06-02 13:30:00-04:00,56.529998779296875,56.599998474121094,56.46500015258789,56.599998474121094,45638,0.0,0.0
2023-06-02 14:30:00-04:00,56.599998474121094,56.869998931884766,56.584999084472656,56.810001373291016,50114,0.0,0.0
2023-06-02 15:30:00-04:00,56.81999969482422,56.93000030517578,56.70500183105469,56.84000015258789,119273,0.0,0.0
2023-06-05 09:30:00-04:00,56.560001373291016,56.560001373291016,55.150001525878906,55.220001220703125,53700,0.0,0.0
2023-06-05 10:30:00-04:00,55.25,56.060001373291016,55.2400016784668,55.970001220703125,55460,0.0,0.0
2023-06-05 11:30:00-04:00,55.959999084472656,55.970001220703125,55.599998474121094,55.810001373291016,32704,0.0,0.0
2023-06-05 12:30:00-04:00,55.790000915527344,55.79999923706055,55.630001068115234,55.689998626708984,41678,0.0,0.0
2023-06-05 13:30:00-04:00,55.689998626708984,55.709999084472656,55.5099983215332,55.54999923706055,32956,0.0,0.0
2023-06-05 14:30:00-04:00,55.529998779296875,55.529998779296875,55.255001068115234,55.43000030517578,53099,0.0,0.0
2023-06-05 15:30:00-04:00,55.43000030517578,55.470001220703125,55.27000045776367,55.31999969482422,77751,0.0,0.0
2023-06-06 09:30:00-04:00,55.4900016784668,56.25,55.380001068115234,56.25,41808,0.0,0.0
2023-06-06 10:30:00-04:00,56.25,56.52000045776367,56.15290069580078,56.5,71806,0.0,0.0
2023-06-06 11:30:00-04:00,56.5,56.93000030517578,56.47999954223633,56.77000045776367,85488,0.0,0.0
2023-06-06 12:30:00-04:00,56.775001525878906,56.88999938964844,56.2599983215332,56.459999084472656,24208,0.0,0.0
2023-06-06 13:30:00-04:00,56.40999984741211,56.66999816894531,56.375,56.654998779296875,35376,0.0,0.0
2023-06-06 14:30:00-04:00,56.63999938964844,56.7599983215332,56.58000183105469,56.75,56008,0.0,0.0
2023-06-06 15:30:00-04:00,56.75,56.75,56.63999938964844,56.7400016784668,87477,0.0,0.0
2023-06-07 09:30:00-04:00,56.459999084472656,57.34000015258789,56.400001525878906,57.314998626708984,111515,0.0,0.0
2023-06-07 10:30:00-04:00,57.31999969482422,57.834999084472656,57.09000015258789,57.80500030517578,91405,0.0,0.0
2023-06-07 11:30:00-04:00,57.84000015258789,57.84000015258789,57.290000915527344,57.65999984741211,38446,0.0,0.0
2023-06-07 12:30:00-04:00,57.61000061035156,57.75,57.560001373291016,57.599998474121094,31036,0.0,0.0
2023-06-07 13:30:00-04:00,57.619998931884766,57.81999969482422,57.470001220703125,57.650001525878906,40521,0.0,0.0
2023-06-07 14:30:00-04:00,57.65999984741211,57.79999923706055,57.619998931884766,57.75,64390,0.0,0.0
2023-06-07 15:30:00-04:00,57.709999084472656,57.75,57.279998779296875,57.349998474121094,182325,0.0,0.0
2023-06-08 09:30:00-04:00,57.43000030517578,57.43000030517578,56.560001373291016,56.68000030517578,28288,0.0,0.0
2023-06-08 10:30:00-04:00,56.68000030517578,56.724998474121094,56.459999084472656,56.689998626708984,50640,0.0,0.0
2023-06-08 11:30:00-04:00,56.709999084472656,56.779998779296875,56.560001373291016,56.70000076293945,75769,0.0,0.0
2023-06-08 12:30:00-04:00,56.685001373291016,56.73500061035156,56.584999084472656,56.68000030517578,57062,0.0,0.0
2023-06-08 13:30:00-04:00,56.68000030517578,56.7400016784668,56.59880065917969,56.65999984741211,28908,0.0,0.0
2023-06-08 14:30:00-04:00,56.66999816894531,56.69499969482422,56.4900016784668,56.529998779296875,36385,0.0,0.0
2023-06-08 15:30:00-04:00,56.529998779296875,56.70000076293945,56.40999984741211,56.689998626708984,85574,0.0,0.0
2023-06-09 09:30:00-04:00,56.439998626708984,56.540000915527344,55.83000183105469,56.15999984741211,46911,0.0,0.0
2023-06-09 10:30:00-04:00,56.16999816894531,56.48500061035156,56.04999923706055,56.11000061035156,42330,0.0,0.0
2023-06-09 11:30:00-04:00,56.0099983215332,56.150001525878906,55.970001220703125,56.099998474121094,21315,0.0,0.0
2023-06-09 12:30:00-04:00,56.18000030517578,56.20000076293945,56.0099983215332,56.06999969482422,21817,0.0,0.0
2023-06-09 13:30:00-04:00,56.07500076293945,56.459999084472656,56.040000915527344,56.380001068115234,24946,0.0,0.0
2023-06-09 14:30:00-04:00,56.400001525878906,56.4900016784668,56.2400016784668,56.290000915527344,36832,0.0,0.0
2023-06-09 15:30:00-04:00,56.29499816894531,56.29499816894531,56.119998931884766,56.2400016784668,72066,0.0,0.0
2023-06-12 09:30:00-04:00,56.220001220703125,56.279998779296875,55.779998779296875,55.900001525878906,51224,0.0,0.0
2023-06-12 10:30:00-04:00,55.86000061035156,55.880001068115234,55.529998779296875,55.6349983215332,40836,0.0,0.0
2023-06-12 11:30:00-04:00,55.6349983215332,55.6349983215332,55.459999084472656,55.4900016784668,37702,0.0,0.0
2023-06-12 12:30:00-04:00,55.52000045776367,55.58000183105469,55.380001068115234,55.474998474121094,41350,0.0,0.0
2023-06-12 13:30:00-04:00,55.41999816894531,55.470001220703125,55.21500015258789,55.29999923706055,43861,0.0,0.0
2023-06-12 14:30:00-04:00,55.29999923706055,55.41999816894531,55.21500015258789,55.34000015258789,57997,0.0,0.0
2023-06-12 15:30:00-04:00,55.31999969482422,55.35499954223633,55.099998474121094,55.31999969482422,109435,0.0,0.0
2023-06-13 09:30:00-04:00,55.52000045776367,56.75,55.5,56.689998626708984,98130,0.0,0.0
2023-06-13 10:30:00-04:00,56.70000076293945,56.78499984741211,56.09000015258789,56.39500045776367,58800,0.0,0.0
2023-06-13 11:30:00-04:00,56.40999984741211,56.5,56.34000015258789,56.474998474121094,54396,0.0,0.0
2023-06-13 12:30:00-04:00,56.45000076293945,56.522499084472656,56.15999984741211,56.20000076293945,31717,0.0,0.0
2023-06-13 13:30:00-04:00,56.209999084472656,56.540000915527344,56.209999084472656,56.5,72348,0.0,0.0
2023-06-13 14:30:00-04:00,56.470001220703125,56.5099983215332,56.189998626708984,56.189998626708984,41080,0.0,0.0
2023-06-13 15:30:00-04:00,56.220001220703125,56.220001220703125,55.9922981262207,56.150001525878906,69819,0.0,0.0
2023-06-14 09:30:00-04:00,56.150001525878906,56.3849983215332,55.90999984741211,55.970401763916016,34990,0.0,0.0
2023-06-14 10:30:00-04:00,56.029998779296875,56.369998931884766,55.869998931884766,56.3036994934082,35479,0.0,0.0
2023-06-14 11:30:00-04:00,56.30649948120117,56.380001068115234,56.0,56.130001068115234,35048,0.0,0.0
2023-06-14 12:30:00-04:00,56.12699890136719,56.369998931884766,56.0,56.31999969482422,49121,0.0,0.0
2023-06-14 13:30:00-04:00,56.31999969482422,56.380001068115234,54.9900016784668,55.58000183105469,125072,0.0,0.0
2023-06-14 14:30:00-04:00,55.58000183105469,56.16999816894531,55.470001220703125,55.9900016784668,119659,0.0,0.0
2023-06-14 15:30:00-04:00,55.95500183105469,55.9900016784668,55.59000015258789,55.779998779296875,97552,0.0,0.0
2023-06-15 09:30:00-04:00,55.650001525878906,56.040000915527344,55.650001525878906,56.005001068115234,36214,0.0,0.0
2023-06-15 10:30:00-04:00,56.0,56.09000015258789,55.689998626708984,56.08000183105469,29349,0.0,0.0
2023-06-15 11:30:00-04:00,56.099998474121094,56.13999938964844,55.93000030517578,56.01499938964844,39427,0.0,0.0
2023-06-15 12:30:00-04:00,56.01499938964844,56.064998626708984,55.86000061035156,55.93000030517578,42097,0.0,0.0
2023-06-15 13:30:00-04:00,55.95000076293945,56.150001525878906,55.875,55.939998626708984,36494,0.0,0.0
2023-06-15 14:30:00-04:00,55.939998626708984,56.38999938964844,55.939998626708984,56.34000015258789,67391,0.0,0.0
2023-06-15 15:30:00-04:00,56.380001068115234,56.650001525878906,56.36000061035156,56.630001068115234,132074,0.0,0.0
2023-06-16 09:30:00-04:00,56.900001525878906,57.209999084472656,56.7400016784668,57.04999923706055,85667,0.0,0.0
2023-06-16 10:30:00-04:00,57.13999938964844,57.150001525878906,56.55500030517578,56.59000015258789,43987,0.0,0.0
2023-06-16 11:30:00-04:00,56.630001068115234,56.84000015258789,56.439998626708984,56.84000015258789,25245,0.0,0.0
2023-06-16 12:30:00-04:00,56.82500076293945,56.849998474121094,56.70000076293945,56.75,29405,0.0,0.0
2023-06-16 13:30:00-04:00,56.75,56.900001525878906,56.709999084472656,56.84000015258789,29452,0.0,0.0
2023-06-16 14:30:00-04:00,56.83000183105469,56.880001068115234,56.61000061035156,56.849998474121094,72579,0.0,0.0
2023-06-16 15:30:00-04:00,56.849998474121094,57.189998626708984,56.78499984741211,57.150001525878906,232938,0.0,0.0
2023-06-20 09:30:00-04:00,57.0,57.11000061035156,56.02000045776367,56.540000915527344,58788,0.0,0.0
2023-06-20 10:30:00-04:00,56.52000045776367,56.77000045776367,56.439998626708984,56.650001525878906,50869,0.0,0.0
2023-06-20 11:30:00-04:00,56.654998779296875,57.0,56.619998931884766,56.95000076293945,44907,0.0,0.0
2023-06-20 12:30:00-04:00,56.90999984741211,57.060001373291016,56.86000061035156,56.900001525878906,74438,0.0,0.0
2023-06-20 13:30:00-04:00,56.849998474121094,57.01499938964844,56.755001068115234,56.91999816894531,47779,0.0,0.0
2023-06-20 14:30:00-04:00,56.93000030517578,57.04999923706055,56.779998779296875,56.849998474121094,89708,0.0,0.0
2023-06-20 15:30:00-04:00,56.849998474121094,56.900001525878906,56.779998779296875,56.900001525878906,110484,0.0,0.0
2023-06-21 09:30:00-04:00,56.70000076293945,57.165000915527344,56.40999984741211,57.060001373291016,40152,0.0,0.0
2023-06-21 10:30:00-04:00,57.099998474121094,57.13999938964844,56.79999923706055,57.0,62245,0.0,0.0
2023-06-21 11:30:00-04:00,57.0,57.06999969482422,56.85499954223633,56.939998626708984,25587,0.0,0.0
2023-06-21 12:30:00-04:00,56.959999084472656,57.029998779296875,56.7400016784668,56.82500076293945,29049,0.0,0.0
2023-06-21 13:30:00-04:00,56.81999969482422,57.099998474121094,56.810001373291016,57.08000183105469,69533,0.0,0.0
2023-06-21 14:30:00-04:00,57.084999084472656,57.119998931884766,56.939998626708984,57.0,60254,0.0,0.0
2023-06-21 15:30:00-04:00,56.974998474121094,57.16999816894531,56.915000915527344,57.13999938964844,114493,0.0,0.0
2023-06-22 09:30:00-04:00,57.09000015258789,57.09000015258789,56.61009979248047,57.029998779296875,47621,0.0,0.0
2023-06-22 10:30:00-04:00,57.025001525878906,57.13999938964844,56.880001068115234,56.95000076293945,55151,0.0,0.0
2023-06-22 11:30:00-04:00,56.97999954223633,57.029998779296875,56.89500045776367,57.0,25576,0.0,0.0
2023-06-22 12:30:00-04:00,57.029998779296875,57.10499954223633,56.970001220703125,57.040000915527344,48077,0.0,0.0
2023-06-22 13:30:00-04:00,57.0099983215332,57.13999938964844,56.90999984741211,57.13999938964844,33105,0.0,0.0
2023-06-22 14:30:00-04:00,57.16999816894531,57.23899841308594,56.97999954223633,56.9900016784668,53190,0.0,0.0
2023-06-22 15:30:00-04:00,56.9900016784668,57.0099983215332,56.619998931884766,56.7400016784668,118369,0.0,0.0
2023-06-23 09:30:00-04:00,56.560001373291016,56.70000076293945,56.060001373291016,56.279998779296875,23299,0.0,0.0
2023-06-23 10:30:00-04:00,56.290000915527344,56.5099983215332,56.220001220703125,56.22999954223633,17800,0.0,0.0
2023-06-23 11:30:00-04:00,56.22949981689453,56.25,55.939998626708984,56.0,22625,0.0,0.0
2023-06-23 12:30:00-04:00,56.08000183105469,56.08000183105469,55.70500183105469,55.70500183105469,20316,0.0,0.0
2023-06-23 13:30:00-04:00,55.712501525878906,55.90999984741211,55.560001373291016,55.560001373291016,20772,0.0,0.0
2023-06-23 14:30:00-04:00,55.540000915527344,55.59000015258789,55.255001068115234,55.36000061035156,39699,0.0,0.0
2023-06-23 15:30:00-04:00,55.38999938964844,55.45000076293945,54.970001220703125,55.36000061035156,159540,0.0,0.0
2023-06-26 09:30:00-04:00,55.59000015258789,56.54499816894531,55.560001373291016,56.43000030517578,29482,0.0,0.0
2023-06-26 10:30:00-04:00,56.380001068115234,56.400001525878906,56.140098571777344,56.140098571777344,18050,0.0,0.0
2023-06-26 11:30:00-04:00,56.189998626708984,56.630001068115234,56.16999816894531,56.52000045776367,35008,0.0,0.0
2023-06-26 12:30:00-04:00,56.56999969482422,56.790000915527344,56.439998626708984,56.65999984741211,50143,0.0,0.0
2023-06-26 13:30:00-04:00,56.68000030517578,56.68000030517578,56.4900016784668,56.584999084472656,31943,0.0,0.0
2023-06-26 14:30:00-04:00,56.59000015258789,56.72999954223633,56.470001220703125,56.61000061035156,136690,0.0,0.0
2023-06-26 15:30:00-04:00,56.61000061035156,56.61000061035156,56.310001373291016,56.349998474121094,108567,0.0,0.0
2023-06-27 09:30:00-04:00,56.0,56.669898986816406,55.185001373291016,56.59000015258789,47097,0.0,0.0
2023-06-27 10:30:00-04:00,56.720001220703125,57.334999084472656,56.709999084472656,57.310001373291016,50463,0.0,0.0
2023-06-27 11:30:00-04:00,57.310001373291016,57.375,57.119998931884766,57.27000045776367,69504,0.0,0.0
2023-06-27 12:30:00-04:00,57.2599983215332,57.41999816894531,57.16999816894531,57.369998931884766,24296,0.0,0.0
2023-06-27 13:30:00-04:00,57.380001068115234,57.43000030517578,57.11000061035156,57.2599983215332,31155,0.0,0.0
2023-06-27 14:30:00-04:00,57.27000045776367,57.27000045776367,56.95000076293945,57.06999969482422,52187,0.0,0.0
2023-06-27 15:30:00-04:00,57.08000183105469,57.31999969482422,57.060001373291016,57.209999084472656,80921,0.0,0.0
2023-06-28 09:30:00-04:00,57.08000183105469,57.150001525878906,56.68000030517578,56.83000183105469,21378,0.0,0.0
2023-06-28 10:30:00-04:00,56.880001068115234,57.060001373291016,56.599998474121094,57.060001373291016,20182,0.0,0.0
2023-06-28 11:30:00-04:00,57.09000015258789,57.18000030517578,56.9900016784668,57.10499954223633,22254,0.0,0.0
2023-06-28 12:30:00-04:00,57.099998474121094,57.099998474121094,56.63999938964844,56.790000915527344,36935,0.0,0.0
2023-06-28 13:30:00-04:00,56.79999923706055,56.84000015258789,56.65999984741211,56.73500061035156,31654,0.0,0.0
2023-06-28 14:30:00-04:00,56.72999954223633,56.7400016784668,56.56999969482422,56.63999938964844,95560,0.0,0.0
2023-06-28 15:30:00-04:00,56.63999938964844,56.7400016784668,56.55500030517578,56.7400016784668,103107,0.0,0.0
2023-06-29 09:30:00-04:00,56.84000015258789,57.349998474121094,56.84000015258789,57.0,72336,0.0,0.0
2023-06-29 10:30:00-04:00,57.04899978637695,57.130001068115234,56.47999954223633,56.56999969482422,125773,0.0,0.0
2023-06-29 11:30:00-04:00,56.59000015258789,56.84000015258789,56.4900016784668,56.779998779296875,46327,0.0,0.0
2023-06-29 12:30:00-04:00,56.790000915527344,56.88999938964844,56.64500045776367,56.83000183105469,118695,0.0,0.0
2023-06-29 13:30:00-04:00,56.86000061035156,56.9900016784668,56.630001068115234,56.689998626708984,38721,0.0,0.0
2023-06-29 14:30:00-04:00,56.689998626708984,56.939998626708984,56.689998626708984,56.880001068115234,34574,0.0,0.0
2023-06-29 15:30:00-04:00,56.91999816894531,57.0099983215332,56.810001373291016,56.93000030517578,78288,0.0,0.0
2023-06-30 09:30:00-04:00,57.34000015258789,57.34000015258789,56.790000915527344,57.224998474121094,27750,0.0,0.0
2023-06-30 10:30:00-04:00,57.2400016784668,57.279998779296875,56.869998931884766,57.04999923706055,24600,0.0,0.0
2023-06-30 11:30:00-04:00,57.08000183105469,57.22999954223633,57.0099983215332,57.22999954223633,25476,0.0,0.0
2023-06-30 12:30:00-04:00,57.2755012512207,57.29499816894531,57.220001220703125,57.23500061035156,22529,0.0,0.0
2023-06-30 13:30:00-04:00,57.23500061035156,57.290000915527344,57.130001068115234,57.290000915527344,27746,0.0,0.0
2023-06-30 14:30:00-04:00,57.290000915527344,57.35499954223633,57.15999984741211,57.2599983215332,28670,0.0,0.0
2023-06-30 15:30:00-04:00,57.25,57.2599983215332,57.0099983215332,57.029998779296875,68549,0.0,0.0
2023-07-03 09:30:00-04:00,56.88999938964844,57.33000183105469,56.869998931884766,57.33000183105469,32593,0.0,0.0
2023-07-03 10:30:00-04:00,57.349998474121094,57.361900329589844,57.0099983215332,57.125,42327,0.0,0.0
2023-07-03 11:30:00-04:00,57.13999938964844,57.13999938964844,56.790000915527344,56.79999923706055,66778,0.0,0.0
2023-07-05 09:30:00-04:00,56.38999938964844,56.47999954223633,55.810001373291016,56.400001525878906,36654,0.0,0.0
2023-07-05 10:30:00-04:00,56.439998626708984,56.5099983215332,56.189998626708984,56.5099983215332,32514,0.0,0.0
2023-07-05 11:30:00-04:00,56.529998779296875,56.61000061035156,56.30500030517578,56.30500030517578,24377,0.0,0.0
2023-07-05 12:30:00-04:00,56.29999923706055,56.31999969482422,56.13999938964844,56.28499984741211,42934,0.0,0.0
2023-07-05 13:30:00-04:00,56.275001525878906,56.41999816894531,56.18000030517578,56.244998931884766,48915,0.0,0.0
2023-07-05 14:30:00-04:00,56.2599983215332,56.369998931884766,56.16999816894531,56.36000061035156,85267,0.0,0.0
2023-07-05 15:30:00-04:00,56.380001068115234,56.52000045776367,56.2599983215332,56.279998779296875,112636,0.0,0.0
2023-07-06 09:30:00-04:00,55.77000045776367,55.77000045776367,54.880001068115234,54.880001068115234,53707,0.0,0.0
2023-07-06 10:30:00-04:00,54.84000015258789,55.029998779296875,54.61000061035156,54.66999816894531,64030,0.0,0.0
2023-07-06 11:30:00-04:00,54.689998626708984,54.77000045776367,54.525001525878906,54.525001525878906,68771,0.0,0.0
2023-07-06 12:30:00-04:00,54.560001373291016,54.790000915527344,54.525001525878906,54.72999954223633,40679,0.0,0.0
2023-07-06 13:30:00-04:00,54.755001068115234,54.900001525878906,54.70000076293945,54.85499954223633,83461,0.0,0.0
2023-07-06 14:30:00-04:00,54.85499954223633,55.189998626708984,54.78499984741211,55.15999984741211,87264,0.0,0.0
2023-07-06 15:30:00-04:00,55.13999938964844,55.20500183105469,54.91999816894531,55.13999938964844,133475,0.0,0.0
2023-07-07 09:30:00-04:00,55.310001373291016,55.470001220703125,55.13999938964844,55.33000183105469,50762,0.0,0.0
2023-07-07 10:30:00-04:00,55.33000183105469,55.36000061035156,55.09000015258789,55.36000061035156,44849,0.0,0.0
2023-07-07 11:30:00-04:00,55.380001068115234,55.470001220703125,55.13999938964844,55.31999969482422,37499,0.0,0.0
2023-07-07 12:30:00-04:00,55.32229995727539,55.720001220703125,55.29999923706055,55.60749816894531,43352,0.0,0.0
2023-07-07 13:30:00-04:00,55.59000015258789,55.619998931884766,55.369998931884766,55.494998931884766,48487,0.0,0.0
2023-07-07 14:30:00-04:00,55.494998931884766,55.61000061035156,55.33000183105469,55.39500045776367,100275,0.0,0.0
2023-07-07 15:30:00-04:00,55.40999984741211,55.45500183105469,55.099998474121094,55.31999969482422,162277,0.0,0.0
2023-07-10 09:30:00-04:00,55.27000045776367,56.23500061035156,55.27000045776367,55.71500015258789,104155,0.0,0.0
2023-07-10 10:30:00-04:00,55.7400016784668,55.810001373291016,55.6150016784668,55.70000076293945,71720,0.0,0.0
2023-07-10 11:30:00-04:00,55.68000030517578,55.85499954223633,55.599998474121094,55.849998474121094,51351,0.0,0.0
2023-07-10 12:30:00-04:00,55.85499954223633,55.9900016784668,55.7400016784668,55.79999923706055,38341,0.0,0.0
2023-07-10 13:30:00-04:00,55.79999923706055,55.880001068115234,55.7599983215332,55.875,34594,0.0,0.0
2023-07-10 14:30:00-04:00,55.849998474121094,55.869998931884766,55.75,55.84000015258789,50975,0.0,0.0
2023-07-10 15:30:00-04:00,55.84199905395508,56.060001373291016,55.7599983215332,56.040000915527344,107562,0.0,0.0
2023-07-11 09:30:00-04:00,56.279998779296875,56.775001525878906,56.1510009765625,56.63999938964844,93516,0.0,0.0
2023-07-11 10:30:00-04:00,56.56999969482422,56.56999969482422,56.189998626708984,56.189998626708984,23181,0.0,0.0
2023-07-11 11:30:00-04:00,56.18000030517578,56.279998779296875,56.08000183105469,56.150001525878906,26907,0.0,0.0
2023-07-11 12:30:00-04:00,56.18840026855469,56.349998474121094,56.18000030517578,56.209999084472656,18674,0.0,0.0
2023-07-11 13:30:00-04:00,56.25,56.290000915527344,56.18000030517578,56.27000045776367,23744,0.0,0.0
2023-07-11 14:30:00-04:00,56.29999923706055,56.45500183105469,56.290000915527344,56.290000915527344,34667,0.0,0.0
2023-07-11 15:30:00-04:00,56.279998779296875,56.40999984741211,56.27000045776367,56.290000915527344,74762,0.0,0.0
2023-07-12 09:30:00-04:00,57.099998474121094,57.345001220703125,56.630001068115234,56.84000015258789,101961,0.0,0.0
2023-07-12 10:30:00-04:00,56.83000183105469,56.869998931884766,56.47999954223633,56.525001525878906,36853,0.0,0.0
2023-07-12 11:30:00-04:00,56.525001525878906,56.974998474121094,56.525001525878906,56.970001220703125,59643,0.0,0.0
2023-07-12 12:30:00-04:00,56.9900016784668,57.279998779296875,56.849998474121094,56.95500183105469,240311,0.0,0.0
2023-07-12 13:30:00-04:00,56.90999984741211,57.119998931884766,56.90999984741211,57.10499954223633,132752,0.0,0.0
2023-07-12 14:30:00-04:00,57.119998931884766,57.2599983215332,57.119998931884766,57.19499969482422,85714,0.0,0.0
2023-07-12 15:30:00-04:00,57.189998626708984,57.52000045776367,57.154998779296875,57.52000045776367,217755,0.0,0.0
2023-07-13 09:30:00-04:00,57.54999923706055,58.599998474121094,57.54999923706055,58.54999923706055,249339,0.0,0.0
2023-07-13 10:30:00-04:00,58.599998474121094,58.900001525878906,58.400001525878906,58.790000915527344,171116,0.0,0.0
2023-07-13 11:30:00-04:00,58.790000915527344,59.029998779296875,58.7400016784668,58.97999954223633,285319,0.0,0.0
2023-07-13 12:30:00-04:00,59.0,59.15999984741211,58.939998626708984,59.09000015258789,75685,0.0,0.0
2023-07-13 13:30:00-04:00,59.130001068115234,59.55500030517578,59.130001068115234,59.319000244140625,64526,0.0,0.0
2023-07-13 14:30:00-04:00,59.29999923706055,59.59000015258789,59.18000030517578,59.57500076293945,181558,0.0,0.0
2023-07-13 15:30:00-04:00,59.58000183105469,59.93000030517578,59.56999969482422,59.91999816894531,141385,0.0,0.0
2023-07-14 09:30:00-04:00,59.90999984741211,59.90999984741211,58.3849983215332,58.3849983215332,46918,0.0,0.0
2023-07-14 10:30:00-04:00,58.43000030517578,58.65999984741211,58.38999938964844,58.48500061035156,53028,0.0,0.0
2023-07-14 11:30:00-04:00,58.52000045776367,58.60499954223633,58.45500183105469,58.51499938964844,58501,0.0,0.0
2023-07-14 12:30:00-04:00,58.5099983215332,58.560001373291016,58.44499969482422,58.470001220703125,45157,0.0,0.0
2023-07-14 13:30:00-04:00,58.529998779296875,58.58000183105469,58.44499969482422,58.5099983215332,50635,0.0,0.0
2023-07-14 14:30:00-04:00,58.5099983215332,58.59000015258789,58.435001373291016,58.47999954223633,90604,0.0,0.0
2023-07-14 15:30:00-04:00,58.47999954223633,58.66999816894531,58.435001373291016,58.65999984741211,117770,0.0,0.0
2023-07-17 09:30:00-04:00,58.40999984741211,59.16999816894531,58.20000076293945,58.75,171027,0.0,0.0
2023-07-17 10:30:00-04:00,58.75,59.119998931884766,58.75,58.849998474121094,59699,0.0,0.0
2023-07-17 11:30:00-04:00,58.84000015258789,58.9900016784668,58.75,58.849998474121094,31146,0.0,0.0
2023-07-17 12:30:00-04:00,58.84000015258789,59.040000915527344,58.84000015258789,59.02000045776367,35915,0.0,0.0
2023-07-17 13:30:00-04:00,58.9900016784668,59.08000183105469,58.75,58.75,50359,0.0,0.0
2023-07-17 14:30:00-04:00,58.75,58.939998626708984,58.7400016784668,58.779998779296875,102755,0.0,0.0
2023-07-17 15:30:00-04:00,58.790000915527344,58.90999984741211,58.66999816894531,58.810001373291016,219856,0.0,0.0
2023-07-18 09:30:00-04:00,58.54999923706055,59.25,58.22999954223633,59.150001525878906,102129,0.0,0.0
2023-07-18 10:30:00-04:00,59.119998931884766,59.130001068115234,58.47999954223633,58.67499923706055,51040,0.0,0.0
2023-07-18 11:30:00-04:00,58.689998626708984,58.72999954223633,58.11000061035156,58.11000061035156,41639,0.0,0.0
2023-07-18 12:30:00-04:00,58.099998474121094,58.459999084472656,57.9900016784668,58.35499954223633,42446,0.0,0.0
2023-07-18 13:30:00-04:00,58.34000015258789,58.5099983215332,58.244998931884766,58.47999954223633,45134,0.0,0.0
2023-07-18 14:30:00-04:00,58.52000045776367,58.555999755859375,58.380001068115234,58.38999938964844,55058,0.0,0.0
2023-07-18 15:30:00-04:00,58.40999984741211,58.439998626708984,58.21099853515625,58.31999969482422,154796,0.0,0.0
2023-07-19 09:30:00-04:00,58.369998931884766,58.755001068115234,58.2400016784668,58.560001373291016,81469,0.0,0.0
2023-07-19 10:30:00-04:00,58.560001373291016,58.68000030517578,58.470001220703125,58.52000045776367,45372,0.0,0.0
2023-07-19 11:30:00-04:00,58.540000915527344,58.76499938964844,58.52000045776367,58.720001220703125,28179,0.0,0.0
2023-07-19 12:30:00-04:00,58.61000061035156,58.7599983215332,58.56999969482422,58.654998779296875,27076,0.0,0.0
2023-07-19 13:30:00-04:00,58.63999938964844,58.755001068115234,58.579498291015625,58.59000015258789,33259,0.0,0.0
2023-07-19 14:30:00-04:00,58.630001068115234,58.77000045776367,58.56999969482422,58.709999084472656,48191,0.0,0.0
2023-07-19 15:30:00-04:00,58.70000076293945,58.810001373291016,58.5,58.79999923706055,218147,0.0,0.0
2023-07-20 09:30:00-04:00,59.18000030517578,59.290000915527344,58.630001068115234,58.849998474121094,34801,0.0,0.0
2023-07-20 10:30:00-04:00,58.869998931884766,58.935001373291016,58.70500183105469,58.755001068115234,33980,0.0,0.0
2023-07-20 11:30:00-04:00,58.75,58.93000030517578,58.75,58.86000061035156,22891,0.0,0.0
2023-07-20 12:30:00-04:00,58.86000061035156,58.970001220703125,58.72999954223633,58.915000915527344,24900,0.0,0.0
2023-07-20 13:30:00-04:00,58.900001525878906,59.02000045776367,58.869998931884766,58.900001525878906,78344,0.0,0.0
2023-07-20 14:30:00-04:00,58.91999816894531,59.11000061035156,58.91999816894531,59.060001373291016,87614,0.0,0.0
2023-07-20 15:30:00-04:00,59.06999969482422,59.11000061035156,58.90999984741211,59.04999923706055,84996,0.0,0.0
2023-07-21 09:30:00-04:00,59.5099983215332,59.56999969482422,58.88999938964844,59.08100128173828,31737,0.0,0.0
2023-07-21 10:30:00-04:00,59.029998779296875,59.040000915527344,58.560001373291016,58.650001525878906,22976,0.0,0.0
2023-07-21 11:30:00-04:00,58.63999938964844,58.939998626708984,58.58000183105469,58.900001525878906,23900,0.0,0.0
2023-07-21 12:30:00-04:00,58.880001068115234,58.96500015258789,58.86000061035156,58.95500183105469,35628,0.0,0.0
2023-07-21 13:30:00-04:00,58.93000030517578,58.97999954223633,58.849998474121094,58.97999954223633,33991,0.0,0.0
2023-07-21 14:30:00-04:00,58.939998626708984,59.0099983215332,58.91999816894531,58.96500015258789,34424,0.0,0.0
2023-07-21 15:30:00-04:00,58.97999954223633,59.0,58.77000045776367,58.810001373291016,73487,0.0,0.0
2023-07-24 09:30:00-04:00,59.02000045776367,59.29800033569336,58.84000015258789,58.91999816894531,33208,0.0,0.0
2023-07-24 10:30:00-04:00,58.89910125732422,59.029998779296875,58.70000076293945,58.95100021362305,34241,0.0,0.0
2023-07-24 11:30:00-04:00,58.97999954223633,59.14500045776367,58.88999938964844,59.14500045776367,39421,0.0,0.0
2023-07-24 12:30:00-04:00,59.21860122680664,59.21860122680664,58.849998474121094,58.95000076293945,18400,0.0,0.0
2023-07-24 13:30:00-04:00,59.005001068115234,59.04999923706055,58.849998474121094,58.900001525878906,30843,0.0,0.0
2023-07-24 14:30:00-04:00,58.849998474121094,58.959999084472656,58.709999084472656,58.709999084472656,32916,0.0,0.0
2023-07-24 15:30:00-04:00,58.74599838256836,58.91999816894531,58.7400016784668,58.81999969482422,78871,0.0,0.0
2023-07-25 09:30:00-04:00,58.790000915527344,59.11000061035156,58.584999084472656,59.04999923706055,67219,0.0,0.0
2023-07-25 10:30:00-04:00,59.084999084472656,59.11000061035156,58.720001220703125,58.98500061035156,24867,0.0,0.0
2023-07-25 11:30:00-04:00,59.0,59.150001525878906,58.91999816894531,59.11000061035156,69338,0.0,0.0
2023-07-25 12:30:00-04:00,59.060001373291016,59.150001525878906,58.91999816894531,58.95000076293945,30711,0.0,0.0
2023-07-25 13:30:00-04:00,58.90999984741211,59.04499816894531,58.84000015258789,59.04499816894531,25181,0.0,0.0
2023-07-25 14:30:00-04:00,59.04499816894531,59.09000015258789,58.880001068115234,58.89500045776367,49980,0.0,0.0
2023-07-25 15:30:00-04:00,58.88999938964844,59.0099983215332,58.84000015258789,58.86000061035156,79465,0.0,0.0
2023-07-26 09:30:00-04:00,58.849998474121094,59.529998779296875,58.849998474121094,59.369998931884766,90864,0.0,0.0
2023-07-26 10:30:00-04:00,59.419898986816406,59.75,59.16999816894531,59.55500030517578,110173,0.0,0.0
2023-07-26 11:30:00-04:00,59.56999969482422,59.72999954223633,59.54999923706055,59.709999084472656,91501,0.0,0.0
2023-07-26 12:30:00-04:00,59.720001220703125,59.84000015258789,59.63010025024414,59.7599983215332,29720,0.0,0.0
2023-07-26 13:30:00-04:00,59.709999084472656,59.7599983215332,59.43000030517578,59.755001068115234,40944,0.0,0.0
2023-07-26 14:30:00-04:00,59.77000045776367,60.064998626708984,59.63999938964844,59.86000061035156,99981,0.0,0.0
2023-07-26 15:30:00-04:00,59.86000061035156,59.88999938964844,59.540000915527344,59.810001373291016,125513,0.0,0.0
2023-07-27 09:30:00-04:00,62.25,64.3550033569336,62.189998626708984,64.1500015258789,173067,0.0,0.0
2023-07-27 10:30:00-04:00,64.16000366210938,64.16000366210938,62.779998779296875,62.810001373291016,136670,0.0,0.0
2023-07-27 11:30:00-04:00,62.81999969482422,63.15999984741211,62.529998779296875,62.67250061035156,136752,0.0,0.0
2023-07-27 12:30:00-04:00,62.720001220703125,62.970001220703125,62.65999984741211,62.80500030517578,68141,0.0,0.0
2023-07-27 13:30:00-04:00,62.790000915527344,62.939998626708984,62.38999938964844,62.38999938964844,106214,0.0,0.0
2023-07-27 14:30:00-04:00,62.38999938964844,62.470001220703125,61.810001373291016,61.90999984741211,71240,0.0,0.0
2023-07-27 15:30:00-04:00,61.915000915527344,62.349998474121094,61.900001525878906,62.31999969482422,233873,0.0,0.0
2023-07-28 09:30:00-04:00,63.189998626708984,63.40999984741211,62.36000061035156,62.7599983215332,87954,0.0,0.0
2023-07-28 10:30:00-04:00,62.7400016784668,63.02000045776367,62.459999084472656,62.755001068115234,83380,0.0,0.0
2023-07-28 11:30:00-04:00,62.790000915527344,63.27000045776367,62.7599983215332,63.165000915527344,89054,0.0,0.0
2023-07-28 12:30:00-04:00,63.150001525878906,63.290000915527344,62.79999923706055,62.93000030517578,55289,0.0,0.0
2023-07-28 13:30:00-04:00,62.90999984741211,62.97999954223633,62.74150085449219,62.790000915527344,45846,0.0,0.0
2023-07-28 14:30:00-04:00,62.849998474121094,62.95000076293945,62.54999923706055,62.54999923706055,61307,0.0,0.0
2023-07-28 15:30:00-04:00,62.56999969482422,62.86000061035156,62.54999923706055,62.689998626708984,121856,0.0,0.0
2023-07-31 09:30:00-04:00,63.029998779296875,63.9911994934082,63.02000045776367,63.92499923706055,96880,0.0,0.0
2023-07-31 10:30:00-04:00,63.91999816894531,64.16000366210938,63.47999954223633,63.52000045776367,65820,0.0,0.0
2023-07-31 11:30:00-04:00,63.529998779296875,63.66999816894531,63.2599983215332,63.369998931884766,37763,0.0,0.0
2023-07-31 12:30:00-04:00,63.349998474121094,63.380001068115234,63.21500015258789,63.36000061035156,22494,0.0,0.0
2023-07-31 13:30:00-04:00,63.34000015258789,63.40700149536133,63.18000030517578,63.27000045776367,26726,0.0,0.0
2023-07-31 14:30:00-04:00,63.2510986328125,63.31999969482422,63.15999984741211,63.189998626708984,26966,0.0,0.0
2023-07-31 15:30:00-04:00,63.18000030517578,63.38999938964844,63.064998626708984,63.380001068115234,138657,0.0,0.0
2023-08-01 09:30:00-04:00,63.20000076293945,63.53499984741211,63.03499984741211,63.11000061035156,34383,0.0,0.0
2023-08-01 10:30:00-04:00,63.09000015258789,63.09000015258789,62.79999923706055,62.79999923706055,40513,0.0,0.0
2023-08-01 11:30:00-04:00,62.790000915527344,62.93000030517578,62.75,62.76499938964844,28481,0.0,0.0
2023-08-01 12:30:00-04:00,62.779998779296875,62.900001525878906,62.75,62.89500045776367,25268,0.0,0.0
2023-08-01 13:30:00-04:00,62.90999984741211,62.95000076293945,62.709999084472656,62.72999954223633,25922,0.0,0.0
2023-08-01 14:30:00-04:00,62.779998779296875,62.959999084472656,62.72999954223633,62.849998474121094,48067,0.0,0.0
2023-08-01 15:30:00-04:00,62.8650016784668,62.9900016784668,62.810001373291016,62.84000015258789,143390,0.0,0.0
2023-08-02 09:30:00-04:00,62.029998779296875,62.779998779296875,61.849998474121094,62.33000183105469,142874,0.0,0.0
2023-08-02 10:30:00-04:00,62.290000915527344,62.375,61.79499816894531,62.08000183105469,23927,0.0,0.0
2023-08-02 11:30:00-04:00,62.040000915527344,62.279998779296875,61.939998626708984,62.040000915527344,51152,0.0,0.0
2023-08-02 12:30:00-04:00,62.060001373291016,62.38999938964844,62.0099983215332,62.38999938964844,48738,0.0,0.0
2023-08-02 13:30:00-04:00,62.380001068115234,62.51499938964844,62.1150016784668,62.1150016784668,29833,0.0,0.0
2023-08-02 14:30:00-04:00,62.1150016784668,62.150001525878906,61.95000076293945,62.01499938964844,47176,0.0,0.0
2023-08-02 15:30:00-04:00,61.9900016784668,62.43000030517578,61.9900016784668,62.34000015258789,132749,0.0,0.0
2023-08-03 09:30:00-04:00,62.189998626708984,62.189998626708984,61.04999923706055,61.38999938964844,0,0.0,0.0
2023-08-03 10:30:00-04:00,61.27000045776367,61.470001220703125,61.02000045776367,61.470001220703125,43667,0.0,0.0
2023-08-03 11:30:00-04:00,61.5,61.7599983215332,61.39500045776367,61.49330139160156,46010,0.0,0.0
2023-08-03 12:30:00-04:00,61.5099983215332,61.79999923706055,61.41999816894531,61.61000061035156,31402,0.0,0.0
2023-08-03 13:30:00-04:00,61.56999969482422,61.60499954223633,61.36000061035156,61.470001220703125,35100,0.0,0.0
2023-08-03 14:30:00-04:00,61.47999954223633,61.63999938964844,61.439998626708984,61.584999084472656,70512,0.0,0.0
2023-08-03 15:30:00-04:00,61.59000015258789,61.68000030517578,61.459999084472656,61.5,143924,0.0,0.0
2023-08-04 09:30:00-04:00,61.470001220703125,62.38600158691406,61.470001220703125,62.246700286865234,72506,0.0,0.0
2023-08-04 10:30:00-04:00,62.2400016784668,62.560001373291016,62.209999084472656,62.525001525878906,25149,0.0,0.0
2023-08-04 11:30:00-04:00,62.540000915527344,62.720001220703125,62.380001068115234,62.70500183105469,47205,0.0,0.0
2023-08-04 12:30:00-04:00,62.72999954223633,62.86899948120117,62.54999923706055,62.54999923706055,28110,0.0,0.0
2023-08-04 13:30:00-04:00,62.54999923706055,62.665000915527344,62.380001068115234,62.47999954223633,54903,0.0,0.0
2023-08-04 14:30:00-04:00,62.470001220703125,62.5099983215332,62.38999938964844,62.48899841308594,38582,0.0,0.0
2023-08-04 15:30:00-04:00,62.5,62.54999923706055,62.400001525878906,62.54999923706055,92068,0.0,0.0
2023-08-07 09:30:00-04:00,62.7400016784668,63.29899978637695,62.36000061035156,63.27000045776367,39780,0.0,0.0
2023-08-07 10:30:00-04:00,63.2599983215332,63.39899826049805,63.189998626708984,63.25,26497,0.0,0.0
2023-08-07 11:30:00-04:00,63.25,63.2599983215332,62.9900016784668,63.09000015258789,22713,0.0,0.0
2023-08-07 12:30:00-04:00,63.02009963989258,63.130001068115234,62.970001220703125,63.07500076293945,26777,0.0,0.0
2023-08-07 13:30:00-04:00,63.060001373291016,63.150001525878906,62.959999084472656,63.08000183105469,32703,0.0,0.0
2023-08-07 14:30:00-04:00,63.064998626708984,63.27000045776367,63.0099983215332,63.099998474121094,43452,0.0,0.0
2023-08-07 15:30:00-04:00,63.10499954223633,63.16999816894531,63.0,63.119998931884766,85838,0.0,0.0
2023-08-08 09:30:00-04:00,62.38999938964844,62.38999938964844,61.67499923706055,61.81999969482422,28768,0.0,0.0
2023-08-08 10:30:00-04:00,61.81999969482422,61.90999984741211,61.61000061035156,61.79999923706055,23168,0.0,0.0
2023-08-08 11:30:00-04:00,61.790000915527344,61.85850143432617,61.720001220703125,61.79999923706055,26231,0.0,0.0
2023-08-08 12:30:00-04:00,61.810001373291016,62.2400016784668,61.79999923706055,62.15999984741211,29396,0.0,0.0
2023-08-08 13:30:00-04:00,62.189998626708984,62.36000061035156,62.13999938964844,62.31999969482422,25493,0.0,0.0
2023-08-08 14:30:00-04:00,62.33000183105469,62.52000045776367,62.23500061035156,62.45000076293945,40981,0.0,0.0
2023-08-08 15:30:00-04:00,62.439998626708984,62.529998779296875,62.36000061035156,62.47999954223633,84706,0.0,0.0
2023-08-09 09:30:00-04:00,62.47999954223633,62.900001525878906,62.41999816894531,62.900001525878906,0,0.0,0.0
2023-08-09 10:30:00-04:00,62.88999938964844,63.13999938964844,62.81999969482422,62.939998626708984,53193,0.0,0.0
2023-08-09 11:30:00-04:00,62.939998626708984,63.130001068115234,62.7599983215332,63.040000915527344,29937,0.0,0.0
2023-08-09 12:30:00-04:00,63.060001373291016,63.290000915527344,62.9900016784668,63.209999084472656,30108,0.0,0.0
2023-08-09 13:30:00-04:00,63.209999084472656,63.369998931884766,63.02000045776367,63.36000061035156,25781,0.0,0.0
2023-08-09 14:30:00-04:00,63.36000061035156,63.459999084472656,63.31999969482422,63.400001525878906,38542,0.0,0.0
2023-08-09 15:30:00-04:00,63.40999984741211,63.40999984741211,62.849998474121094,63.0099983215332,80517,0.0,0.0
2023-08-10 09:30:00-04:00,63.4900016784668,64.19999694824219,63.2599983215332,64.06500244140625,76266,0.0,0.0
2023-08-10 10:30:00-04:00,64.06999969482422,64.30000305175781,63.970001220703125,64.30000305175781,46846,0.0,0.0
2023-08-10 11:30:00-04:00,64.30000305175781,64.5,63.63999938964844,63.709999084472656,30087,0.0,0.0
2023-08-10 12:30:00-04:00,63.689998626708984,63.689998626708984,63.209999084472656,63.209999084472656,18672,0.0,0.0
2023-08-10 13:30:00-04:00,63.209999084472656,63.46500015258789,63.16999816894531,63.44499969482422,27101,0.0,0.0
2023-08-10 14:30:00-04:00,63.459999084472656,63.91999816894531,63.41999816894531,63.81999969482422,55827,0.0,0.0
2023-08-10 15:30:00-04:00,63.814998626708984,63.86000061035156,63.59000015258789,63.650001525878906,214919,0.0,0.0
2023-08-11 09:30:00-04:00,63.25,63.584999084472656,63.08000183105469,63.564998626708984,29641,0.0,0.0
2023-08-11 10:30:00-04:00,63.58000183105469,63.86000061035156,63.58000183105469,63.720001220703125,33029,0.0,0.0
2023-08-11 11:30:00-04:00,63.709999084472656,63.939998626708984,63.619998931884766,63.91999816894531,30624,0.0,0.0
2023-08-11 12:30:00-04:00,63.93000030517578,64.16500091552734,63.849998474121094,64.08000183105469,33164,0.0,0.0
2023-08-11 13:30:00-04:00,64.06999969482422,64.08999633789062,63.90999984741211,63.939998626708984,36413,0.0,0.0
2023-08-11 14:30:00-04:00,63.959999084472656,64.13999938964844,63.869998931884766,64.13500213623047,59857,0.0,0.0
2023-08-11 15:30:00-04:00,64.13500213623047,64.1500015258789,63.93000030517578,64.08000183105469,115784,0.0,0.0
2023-08-14 09:30:00-04:00,64.0,64.08999633789062,63.43000030517578,63.699798583984375,21952,0.0,0.0
2023-08-14 10:30:00-04:00,63.66999816894531,64.02999877929688,63.61000061035156,64.01000213623047,25263,0.0,0.0
2023-08-14 11:30:00-04:00,64.04499816894531,64.12999725341797,63.88999938964844,64.12999725341797,50206,0.0,0.0
2023-08-14 12:30:00-04:00,64.1449966430664,64.25,64.0,64.0,36565,0.0,0.0
2023-08-14 13:30:00-04:00,64.0,64.08000183105469,63.779998779296875,63.79999923706055,35290,0.0,0.0
2023-08-14 14:30:00-04:00,63.79999923706055,63.90999984741211,63.68000030517578,63.7400016784668,32669,0.0,0.0
2023-08-14 15:30:00-04:00,63.7400016784668,63.97999954223633,63.689998626708984,63.970001220703125,95991,0.0,0.0
2023-08-15 09:30:00-04:00,63.439998626708984,63.63999938964844,62.5099983215332,63.63999938964844,95542,0.0,0.0
2023-08-15 10:30:00-04:00,63.63999938964844,63.65999984741211,63.04999923706055,63.119998931884766,71999,0.0,0.0
2023-08-15 11:30:00-04:00,63.119998931884766,63.34000015258789,62.939998626708984,63.130001068115234,26723,0.0,0.0
2023-08-15 12:30:00-04:00,63.18000030517578,63.2599983215332,62.970001220703125,63.2599983215332,15969,0.0,0.0
2023-08-15 13:30:00-04:00,63.220001220703125,63.3650016784668,63.02000045776367,63.310001373291016,21905,0.0,0.0
2023-08-15 14:30:00-04:00,63.33000183105469,63.369998931884766,63.209999084472656,63.2400016784668,33899,0.0,0.0
2023-08-15 15:30:00-04:00,63.189998626708984,63.275001525878906,63.040000915527344,63.130001068115234,58141,0.0,0.0
2023-08-16 09:30:00-04:00,62.95000076293945,63.36000061035156,62.95000076293945,63.084999084472656,29468,0.0,0.0
2023-08-16 10:30:00-04:00,63.130001068115234,63.15999984741211,63.0099983215332,63.064998626708984,29076,0.0,0.0
2023-08-16 11:30:00-04:00,63.064998626708984,63.064998626708984,62.45000076293945,62.595001220703125,24223,0.0,0.0
2023-08-16 12:30:00-04:00,62.625,62.709999084472656,62.459999084472656,62.459999084472656,35056,0.0,0.0
2023-08-16 13:30:00-04:00,62.43000030517578,62.525001525878906,62.33000183105469,62.45000076293945,19362,0.0,0.0
2023-08-16 14:30:00-04:00,62.4900016784668,62.52000045776367,62.09000015258789,62.16999816894531,36670,0.0,0.0
2023-08-16 15:30:00-04:00,62.13999938964844,62.220001220703125,61.88999938964844,61.90999984741211,104055,0.0,0.0
2023-08-17 09:30:00-04:00,62.13999938964844,62.34000015258789,61.91999816894531,62.2599983215332,19224,0.0,0.0
2023-08-17 10:30:00-04:00,62.209999084472656,62.255001068115234,61.980098724365234,61.9900016784668,39696,0.0,0.0
2023-08-17 11:30:00-04:00,62.025001525878906,62.025001525878906,61.75,61.97999954223633,16749,0.0,0.0
2023-08-17 12:30:00-04:00,61.959999084472656,61.959999084472656,61.68000030517578,61.70000076293945,32402,0.0,0.0
2023-08-17 13:30:00-04:00,61.66999816894531,61.68000030517578,61.31999969482422,61.36000061035156,24226,0.0,0.0
2023-08-17 14:30:00-04:00,61.33000183105469,61.33000183105469,60.97999954223633,61.09000015258789,31667,0.0,0.0
2023-08-17 15:30:00-04:00,61.099998474121094,61.20000076293945,61.04999923706055,61.11000061035156,57461,0.0,0.0
2023-08-18 09:30:00-04:00,60.720001220703125,61.040000915527344,60.400001525878906,60.41999816894531,52793,0.0,0.0
2023-08-18 10:30:00-04:00,60.400001525878906,60.810001373291016,60.33000183105469,60.70500183105469,35244,0.0,0.0
2023-08-18 11:30:00-04:00,60.69499969482422,60.72999954223633,60.47999954223633,60.47999954223633,69893,0.0,0.0
2023-08-18 12:30:00-04:00,60.470001220703125,60.599998474121094,60.189998626708984,60.290000915527344,52408,0.0,0.0
2023-08-18 13:30:00-04:00,60.279998779296875,60.470001220703125,60.15999984741211,60.43000030517578,70811,0.0,0.0
2023-08-18 14:30:00-04:00,60.42499923706055,60.70500183105469,60.41999816894531,60.70000076293945,87859,0.0,0.0
2023-08-18 15:30:00-04:00,60.68000030517578,60.709999084472656,60.41999816894531,60.54999923706055,175999,0.0,0.0
2023-08-21 09:30:00-04:00,60.58000183105469,60.72999954223633,59.72999954223633,59.72999954223633,28466,0.0,0.0
2023-08-21 10:30:00-04:00,59.7599983215332,59.95000076293945,59.310001373291016,59.314998626708984,28453,0.0,0.0
2023-08-21 11:30:00-04:00,59.290000915527344,59.38999938964844,59.0099983215332,59.2400016784668,22741,0.0,0.0
2023-08-21 12:30:00-04:00,59.2599983215332,59.369998931884766,59.150001525878906,59.369998931884766,19765,0.0,0.0
2023-08-21 13:30:00-04:00,59.38529968261719,59.404998779296875,59.16999816894531,59.224998474121094,20516,0.0,0.0
2023-08-21 14:30:00-04:00,59.2400016784668,59.31999969482422,59.21500015258789,59.21500015258789,28181,0.0,0.0
2023-08-21 15:30:00-04:00,59.220001220703125,59.31999969482422,59.130001068115234,59.16999816894531,71236,0.0,0.0
2023-08-22 09:30:00-04:00,59.099998474121094,59.507598876953125,59.0,59.099998474121094,22702,0.0,0.0
2023-08-22 10:30:00-04:00,59.119998931884766,59.119998931884766,58.720001220703125,58.7599983215332,15441,0.0,0.0
2023-08-22 11:30:00-04:00,58.790000915527344,59.150001525878906,58.75,59.060001373291016,31896,0.0,0.0
2023-08-22 12:30:00-04:00,59.06999969482422,59.63999938964844,59.0,59.38999938964844,59489,0.0,0.0
2023-08-22 13:30:00-04:00,59.400001525878906,59.400001525878906,59.060001373291016,59.15999984741211,19902,0.0,0.0
2023-08-22 14:30:00-04:00,59.165000915527344,59.27000045776367,59.09510040283203,59.15999984741211,16801,0.0,0.0
2023-08-22 15:30:00-04:00,59.150001525878906,59.27899932861328,59.09000015258789,59.13999938964844,45894,0.0,0.0
2023-08-23 09:30:00-04:00,59.15999984741211,60.209999084472656,59.099998474121094,60.09989929199219,30340,0.0,0.0
2023-08-23 10:30:00-04:00,60.04499816894531,60.119998931884766,59.88999938964844,60.060001373291016,16663,0.0,0.0
2023-08-23 11:30:00-04:00,60.064998626708984,60.33000183105469,60.05590057373047,60.33000183105469,17727,0.0,0.0
2023-08-23 12:30:00-04:00,60.310001373291016,60.43000030517578,60.27000045776367,60.36000061035156,22372,0.0,0.0
2023-08-23 13:30:00-04:00,60.380001068115234,60.380001068115234,60.20000076293945,60.2400016784668,16003,0.0,0.0
2023-08-23 14:30:00-04:00,60.220001220703125,60.40999984741211,60.119998931884766,60.33000183105469,33737,0.0,0.0
2023-08-23 15:30:00-04:00,60.31999969482422,60.5099983215332,60.29999923706055,60.40999984741211,69351,0.0,0.0
2023-08-24 09:30:00-04:00,60.29999923706055,60.84000015258789,60.10499954223633,60.64500045776367,76054,0.0,0.0
2023-08-24 10:30:00-04:00,60.70000076293945,60.72999954223633,59.93000030517578,59.93000030517578,25673,0.0,0.0
2023-08-24 11:30:00-04:00,59.95000076293945,60.41999816894531,59.95000076293945,60.38999938964844,23624,0.0,0.0
2023-08-24 12:30:00-04:00,60.38999938964844,60.60499954223633,60.366600036621094,60.494998931884766,36050,0.0,0.0
2023-08-24 13:30:00-04:00,60.439998626708984,60.48500061035156,60.310001373291016,60.31999969482422,16134,0.0,0.0
2023-08-24 14:30:00-04:00,60.35499954223633,60.560001373291016,60.310001373291016,60.529998779296875,24253,0.0,0.0
2023-08-24 15:30:00-04:00,60.529998779296875,60.54999923706055,60.11000061035156,60.11000061035156,96633,0.0,0.0
2023-08-25 09:30:00-04:00,60.29999923706055,60.349998474121094,59.504798889160156,59.504798889160156,24302,0.0,0.0
2023-08-25 10:30:00-04:00,59.4900016784668,59.63999938964844,59.189998626708984,59.54999923706055,23086,0.0,0.0
2023-08-25 11:30:00-04:00,59.685001373291016,59.91999816894531,59.560001373291016,59.709999084472656,29214,0.0,0.0
2023-08-25 12:30:00-04:00,59.70000076293945,59.77000045776367,59.369998931884766,59.4900016784668,22652,0.0,0.0
2023-08-25 13:30:00-04:00,59.4900016784668,59.86000061035156,59.459999084472656,59.849998474121094,26496,0.0,0.0
2023-08-25 14:30:00-04:00,59.849998474121094,60.02000045776367,59.72999954223633,59.880001068115234,36269,0.0,0.0
2023-08-25 15:30:00-04:00,59.880001068115234,59.970001220703125,59.65999984741211,59.849998474121094,100216,0.0,0.0
2023-08-28 09:30:00-04:00,60.11000061035156,60.70000076293945,59.849998474121094,60.45500183105469,24741,0.0,0.0
2023-08-28 10:30:00-04:00,60.47999954223633,60.709999084472656,60.310001373291016,60.310001373291016,17592,0.0,0.0
2023-08-28 11:30:00-04:00,60.279998779296875,60.43000030517578,60.279998779296875,60.43000030517578,14726,0.0,0.0
2023-08-28 12:30:00-04:00,60.40999984741211,60.57500076293945,60.400001525878906,60.57500076293945,16331,0.0,0.0
2023-08-28 13:30:00-04:00,60.560001373291016,60.560001373291016,60.13999938964844,60.15999984741211,27900,0.0,0.0
2023-08-28 14:30:00-04:00,60.154998779296875,60.36000061035156,60.130001068115234,60.2400016784668,48314,0.0,0.0
2023-08-28 15:30:00-04:00,60.220001220703125,60.35499954223633,60.16999816894531,60.29999923706055,90228,0.0,0.0
2023-08-29 09:30:00-04:00,60.4900016784668,60.4900016784668,60.2599983215332,60.36000061035156,33721,0.0,0.0
2023-08-29 10:30:00-04:00,60.33000183105469,60.45000076293945,60.06999969482422,60.33000183105469,39233,0.0,0.0
2023-08-29 11:30:00-04:00,60.290000915527344,60.380001068115234,60.22999954223633,60.349998474121094,30392,0.0,0.0
2023-08-29 12:30:00-04:00,60.34000015258789,60.51499938964844,60.34000015258789,60.459999084472656,31378,0.0,0.0
2023-08-29 13:30:00-04:00,60.459999084472656,60.6150016784668,60.400001525878906,60.52000045776367,23714,0.0,0.0
2023-08-29 14:30:00-04:00,60.540000915527344,60.75,60.5,60.70000076293945,48283,0.0,0.0
2023-08-29 15:30:00-04:00,60.709999084472656,60.95000076293945,60.6349983215332,60.88999938964844,65703,0.0,0.0
2023-08-30 09:30:00-04:00,60.810001373291016,61.474998474121094,60.810001373291016,61.099998474121094,33832,0.0,0.0
2023-08-30 10:30:00-04:00,61.209999084472656,61.27949905395508,61.154998779296875,61.27000045776367,14371,0.0,0.0
2023-08-30 11:30:00-04:00,61.290000915527344,61.290000915527344,61.130001068115234,61.2400016784668,15767,0.0,0.0
2023-08-30 12:30:00-04:00,61.25,61.26499938964844,61.11000061035156,61.150001525878906,15532,0.0,0.0
2023-08-30 13:30:00-04:00,61.119998931884766,61.290000915527344,61.099998474121094,61.27000045776367,22986,0.0,0.0
2023-08-30 14:30:00-04:00,61.255001068115234,61.36000061035156,61.220699310302734,61.33000183105469,23593,0.0,0.0
2023-08-30 15:30:00-04:00,61.34000015258789,61.369998931884766,61.13999938964844,61.16999816894531,89448,0.0,0.0
2023-08-31 09:30:00-04:00,61.2400016784668,61.529998779296875,61.06999969482422,61.470001220703125,21907,0.0,0.0
2023-08-31 10:30:00-04:00,61.5,61.54999923706055,61.33000183105469,61.54999923706055,17323,0.0,0.0
2023-08-31 11:30:00-04:00,61.54499816894531,61.54499816894531,61.34000015258789,61.404998779296875,14288,0.0,0.0
2023-08-31 12:30:00-04:00,61.404998779296875,61.61750030517578,61.349998474121094,61.58000183105469,15046,0.0,0.0
2023-08-31 13:30:00-04:00,61.55500030517578,61.79999923706055,61.52299880981445,61.77000045776367,28696,0.0,0.0
2023-08-31 14:30:00-04:00,61.77000045776367,61.9900016784668,61.7400016784668,61.915000915527344,48565,0.0,0.0
2023-08-31 15:30:00-04:00,61.93000030517578,61.959999084472656,61.61000061035156,61.65999984741211,167258,0.0,0.0
2023-09-01 09:30:00-04:00,62.290000915527344,63.84000015258789,62.25,63.810001373291016,86848,0.0,0.0
2023-09-01 10:30:00-04:00,63.790000915527344,63.790000915527344,63.18000030517578,63.56999969482422,43662,0.0,0.0
2023-09-01 11:30:00-04:00,63.41999816894531,63.459999084472656,63.290000915527344,63.41999816894531,25387,0.0,0.0
2023-09-01 12:30:00-04:00,63.42100143432617,63.720001220703125,63.33000183105469,63.369998931884766,39191,0.0,0.0
2023-09-01 13:30:00-04:00,63.36000061035156,63.40999984741211,63.189998626708984,63.244998931884766,32105,0.0,0.0
2023-09-01 14:30:00-04:00,63.2599983215332,63.31999969482422,63.150001525878906,63.16999816894531,47414,0.0,0.0
2023-09-01 15:30:00-04:00,63.16999816894531,63.27000045776367,63.04999923706055,63.2400016784668,128908,0.0,0.0
2023-09-05 09:30:00-04:00,62.81999969482422,63.290000915527344,61.959999084472656,62.185001373291016,110025,0.0,0.0
2023-09-05 10:30:00-04:00,62.185001373291016,62.720001220703125,62.099998474121094,62.38999938964844,67975,0.0,0.0
2023-09-05 11:30:00-04:00,62.38999938964844,62.38999938964844,62.060001373291016,62.27000045776367,61939,0.0,0.0
2023-09-05 12:30:00-04:00,62.2400016784668,62.36000061035156,61.880001068115234,62.03499984741211,59035,0.0,0.0
2023-09-05 13:30:00-04:00,62.029998779296875,62.099998474121094,61.790000915527344,61.90999984741211,88724,0.0,0.0
2023-09-05 14:30:00-04:00,61.900001525878906,61.915000915527344,61.45000076293945,61.63999938964844,86537,0.0,0.0
2023-09-05 15:30:00-04:00,61.62300109863281,61.630001068115234,61.48500061035156,61.54999923706055,134316,0.0,0.0
2023-09-06 09:30:00-04:00,61.189998626708984,62.13999938964844,61.189998626708984,62.04999923706055,32888,0.0,0.0
2023-09-06 10:30:00-04:00,62.040000915527344,62.150001525878906,61.560001373291016,61.68000030517578,30428,0.0,0.0
2023-09-06 11:30:00-04:00,61.66999816894531,61.779998779296875,61.36000061035156,61.36000061035156,52547,0.0,0.0
2023-09-06 12:30:00-04:00,61.32500076293945,61.40999984741211,61.170101165771484,61.34000015258789,34751,0.0,0.0
2023-09-06 13:30:00-04:00,61.34000015258789,61.43000030517578,61.130001068115234,61.22999954223633,44977,0.0,0.0
2023-09-06 14:30:00-04:00,61.209999084472656,61.41999816894531,61.209999084472656,61.380001068115234,43609,0.0,0.0
2023-09-06 15:30:00-04:00,61.380001068115234,61.439998626708984,61.209999084472656,61.25,134559,0.0,0.0
2023-09-07 09:30:00-04:00,60.619998931884766,61.0099983215332,60.560001373291016,60.65999984741211,35786,0.0,0.0
2023-09-07 10:30:00-04:00,60.6349983215332,61.249900817871094,60.61000061035156,61.040000915527344,62504,0.0,0.0
2023-09-07 11:30:00-04:00,61.150001525878906,61.20000076293945,60.95000076293945,61.13999938964844,27184,0.0,0.0
2023-09-07 12:30:00-04:00,61.16999816894531,61.400001525878906,61.11000061035156,61.345001220703125,22433,0.0,0.0
2023-09-07 13:30:00-04:00,61.29999923706055,61.310001373291016,61.029998779296875,61.08000183105469,32956,0.0,0.0
2023-09-07 14:30:00-04:00,61.07500076293945,61.189998626708984,60.77000045776367,60.959999084472656,81473,0.0,0.0
2023-09-07 15:30:00-04:00,60.91999816894531,61.125,60.869998931884766,60.959999084472656,154913,0.0,0.0
2023-09-08 09:30:00-04:00,61.0,61.20000076293945,60.54999923706055,61.189998626708984,34621,0.0,0.0
2023-09-08 10:30:00-04:00,61.209999084472656,61.31999969482422,61.02000045776367,61.04499816894531,32991,0.0,0.0
2023-09-08 11:30:00-04:00,61.03499984741211,61.03499984741211,60.86000061035156,60.88999938964844,24701,0.0,0.0
2023-09-08 12:30:00-04:00,60.91999816894531,61.04999923706055,60.70000076293945,60.70500183105469,22484,0.0,0.0
2023-09-08 13:30:00-04:00,60.66999816894531,60.689998626708984,60.220001220703125,60.2599983215332,55872,0.0,0.0
2023-09-08 14:30:00-04:00,60.27000045776367,60.29999923706055,60.0,60.09000015258789,59536,0.0,0.0
2023-09-08 15:30:00-04:00,60.06999969482422,60.290000915527344,59.939998626708984,60.22999954223633,107871,0.0,0.0
2023-09-11 09:30:00-04:00,60.63999938964844,60.83000183105469,60.20000076293945,60.689998626708984,0,0.0,0.0
2023-09-11 10:30:00-04:00,60.720001220703125,60.75,59.970001220703125,60.029998779296875,40291,0.0,0.0
2023-09-11 11:30:00-04:00,60.0099983215332,60.220001220703125,59.97999954223633,60.220001220703125,36757,0.0,0.0
2023-09-11 12:30:00-04:00,60.209999084472656,60.29999923706055,60.01499938964844,60.260101318359375,41499,0.0,0.0
2023-09-11 13:30:00-04:00,60.27000045776367,60.55500030517578,60.189998626708984,60.21500015258789,58572,0.0,0.0
2023-09-11 14:30:00-04:00,60.20000076293945,60.27000045776367,60.040000915527344,60.040000915527344,69285,0.0,0.0
2023-09-11 15:30:00-04:00,60.04499816894531,60.279998779296875,59.959999084472656,60.20000076293945,126201,0.0,0.0
2023-09-12 09:30:00-04:00,60.25,60.939998626708984,60.25,60.915000915527344,20648,0.0,0.0
2023-09-12 10:30:00-04:00,60.90999984741211,61.380001068115234,60.83000183105469,60.959999084472656,35676,0.0,0.0
2023-09-12 11:30:00-04:00,60.972999572753906,61.029998779296875,60.7599983215332,60.7599983215332,18500,0.0,0.0
2023-09-12 12:30:00-04:00,60.71860122680664,60.849998474121094,60.58000183105469,60.66999816894531,19071,0.0,0.0
2023-09-12 13:30:00-04:00,60.729000091552734,60.79999923706055,60.40999984741211,60.41999816894531,24468,0.0,0.0
2023-09-12 14:30:00-04:00,60.41999816894531,60.5099983215332,60.125,60.130001068115234,38217,0.0,0.0
2023-09-12 15:30:00-04:00,60.125,60.31999969482422,60.01029968261719,60.22999954223633,125129,0.0,0.0
2023-09-13 09:30:00-04:00,60.40999984741211,60.45000076293945,59.470001220703125,59.47999954223633,29691,0.0,0.0
2023-09-13 10:30:00-04:00,59.525001525878906,59.72999954223633,59.18000030517578,59.33000183105469,38821,0.0,0.0
2023-09-13 11:30:00-04:00,59.27000045776367,59.39500045776367,59.209999084472656,59.29999923706055,25219,0.0,0.0
2023-09-13 12:30:00-04:00,59.290000915527344,59.380001068115234,59.18050003051758,59.33000183105469,22234,0.0,0.0
2023-09-13 13:30:00-04:00,59.31999969482422,59.540000915527344,59.290000915527344,59.47999954223633,34509,0.0,0.0
2023-09-13 14:30:00-04:00,59.47999954223633,59.509700775146484,59.22999954223633,59.435001373291016,52890,0.0,0.0
2023-09-13 15:30:00-04:00,59.45000076293945,59.7599983215332,59.439998626708984,59.7400016784668,99361,0.0,0.0
2023-09-14 09:30:00-04:00,60.29999923706055,60.58000183105469,59.940101623535156,60.0099983215332,28250,0.0,0.0
2023-09-14 10:30:00-04:00,60.04999923706055,60.529998779296875,60.04999923706055,60.130001068115234,45431,0.0,0.0
2023-09-14 11:30:00-04:00,60.154998779296875,60.29999923706055,60.099998474121094,60.220001220703125,32837,0.0,0.0
2023-09-14 12:30:00-04:00,60.2400016784668,60.68000030517578,60.220001220703125,60.66999816894531,30647,0.0,0.0
2023-09-14 13:30:00-04:00,60.63999938964844,60.7400016784668,60.349998474121094,60.45000076293945,38255,0.0,0.0
2023-09-14 14:30:00-04:00,60.5099983215332,60.630001068115234,60.380001068115234,60.380001068115234,50722,0.0,0.0
2023-09-14 15:30:00-04:00,60.314998626708984,60.43000030517578,60.16999816894531,60.40999984741211,77442,0.0,0.0
2023-09-15 09:30:00-04:00,60.060001373291016,60.095001220703125,59.83000183105469,59.939998626708984,77804,0.0,0.0
2023-09-15 10:30:00-04:00,59.95199966430664,60.0099983215332,59.59000015258789,59.720001220703125,32208,0.0,0.0
2023-09-15 11:30:00-04:00,59.724998474121094,60.0099983215332,59.68000030517578,60.0099983215332,32851,0.0,0.0
2023-09-15 12:30:00-04:00,60.0099983215332,60.0099983215332,59.470001220703125,59.494998931884766,31960,0.0,0.0
2023-09-15 13:30:00-04:00,59.459999084472656,59.90999984741211,59.439998626708984,59.82500076293945,39138,0.0,0.0
2023-09-15 14:30:00-04:00,59.81999969482422,60.06999969482422,59.72999954223633,60.060001373291016,66823,0.0,0.0
2023-09-15 15:30:00-04:00,60.04999923706055,60.310001373291016,60.0099983215332,60.150001525878906,245666,0.0,0.0
2023-09-18 09:30:00-04:00,60.13999938964844,60.90999984741211,59.82500076293945,60.650001525878906,73279,0.0,0.0
2023-09-18 10:30:00-04:00,60.54999923706055,60.64500045776367,60.43000030517578,60.439998626708984,29418,0.0,0.0
2023-09-18 11:30:00-04:00,60.40999984741211,60.52000045776367,60.27000045776367,60.27000045776367,25166,0.0,0.0
2023-09-18 12:30:00-04:00,60.310001373291016,60.43000030517578,60.250099182128906,60.43000030517578,27784,0.0,0.0
2023-09-18 13:30:00-04:00,60.459999084472656,60.48500061035156,60.27000045776367,60.310001373291016,28648,0.0,0.0
2023-09-18 14:30:00-04:00,60.334999084472656,60.54090118408203,60.31999969482422,60.41999816894531,47086,0.0,0.0
2023-09-18 15:30:00-04:00,60.40999984741211,60.505001068115234,60.310001373291016,60.34000015258789,141937,0.0,0.0
2023-09-19 09:30:00-04:00,60.439998626708984,60.70000076293945,60.220001220703125,60.400001525878906,15919,0.0,0.0
2023-09-19 10:30:00-04:00,60.38999938964844,60.404998779296875,60.27000045776367,60.369998931884766,23154,0.0,0.0
2023-09-19 11:30:00-04:00,60.349998474121094,60.45000076293945,60.2400016784668,60.27000045776367,24536,0.0,0.0
2023-09-19 12:30:00-04:00,60.220001220703125,60.279998779296875,59.97999954223633,60.185001373291016,15490,0.0,0.0
2023-09-19 13:30:00-04:00,60.20000076293945,60.36000061035156,60.189998626708984,60.314998626708984,57100,0.0,0.0
2023-09-19 14:30:00-04:00,60.290000915527344,60.59000015258789,60.279998779296875,60.40999984741211,45337,0.0,0.0
2023-09-19 15:30:00-04:00,60.38999938964844,60.44599914550781,60.209999084472656,60.25,121914,0.0,0.0
2023-09-20 09:30:00-04:00,60.5099983215332,61.2400016784668,60.5099983215332,61.20000076293945,24679,0.0,0.0
2023-09-20 10:30:00-04:00,61.22999954223633,61.290000915527344,60.689998626708984,60.689998626708984,27365,0.0,0.0
2023-09-20 11:30:00-04:00,60.630001068115234,60.70000076293945,60.5,60.5,13933,0.0,0.0
2023-09-20 12:30:00-04:00,60.500099182128906,60.619998931884766,60.5,60.529998779296875,19045,0.0,0.0
2023-09-20 13:30:00-04:00,60.5,60.5,59.974998474121094,60.31999969482422,35824,0.0,0.0
2023-09-20 14:30:00-04:00,60.29999923706055,60.54999923706055,59.939998626708984,59.97999954223633,84331,0.0,0.0
2023-09-20 15:30:00-04:00,59.9900016784668,60.0099983215332,59.55500030517578,59.61000061035156,89524,0.0,0.0
2023-09-21 09:30:00-04:00,59.34000015258789,59.39500045776367,58.77000045776367,59.2400016784668,0,0.0,0.0
2023-09-21 10:30:00-04:00,59.189998626708984,59.2400016784668,58.939998626708984,59.064998626708984,25903,0.0,0.0
2023-09-21 11:30:00-04:00,59.09000015258789,59.2400016784668,58.70000076293945,58.7599983215332,23135,0.0,0.0
2023-09-21 12:30:00-04:00,58.810001373291016,58.810001373291016,58.459999084472656,58.654998779296875,44981,0.0,0.0
2023-09-21 13:30:00-04:00,58.65999984741211,58.7599983215332,58.5099983215332,58.529998779296875,27006,0.0,0.0
2023-09-21 14:30:00-04:00,58.5,58.77000045776367,58.4900016784668,58.630001068115234,35248,0.0,0.0
2023-09-21 15:30:00-04:00,58.630001068115234,58.630001068115234,58.334999084472656,58.349998474121094,81869,0.0,0.0
2023-09-22 09:30:00-04:00,58.41999816894531,58.58000183105469,57.869998931884766,58.29999923706055,70639,0.0,0.0
2023-09-22 10:30:00-04:00,58.345001220703125,58.41999816894531,58.130001068115234,58.20000076293945,31966,0.0,0.0
2023-09-22 11:30:00-04:00,58.18000030517578,58.209999084472656,57.939998626708984,58.11000061035156,27446,0.0,0.0
2023-09-22 12:30:00-04:00,58.130001068115234,58.20000076293945,57.939998626708984,58.0,40392,0.0,0.0
2023-09-22 13:30:00-04:00,58.04499816894531,58.5,57.869998931884766,58.310001373291016,142656,0.0,0.0
2023-09-22 14:30:00-04:00,58.279998779296875,58.630001068115234,58.11000061035156,58.58000183105469,43557,0.0,0.0
2023-09-22 15:30:00-04:00,58.60499954223633,58.619998931884766,58.2400016784668,58.31999969482422,79175,0.0,0.0
2023-09-25 09:30:00-04:00,58.130001068115234,58.4900016784668,57.880001068115234,57.92499923706055,18513,0.0,0.0
2023-09-25 10:30:00-04:00,57.82500076293945,58.099998474121094,57.82500076293945,58.099998474121094,41856,0.0,0.0
2023-09-25 11:30:00-04:00,58.08000183105469,58.14500045776367,58.029998779296875,58.099998474121094,18269,0.0,0.0
2023-09-25 12:30:00-04:00,58.119998931884766,58.2400016784668,57.9900016784668,58.08000183105469,40041,0.0,0.0
2023-09-25 13:30:00-04:00,58.099998474121094,58.220001220703125,58.06999969482422,58.119998931884766,16236,0.0,0.0
2023-09-25 14:30:00-04:00,58.130001068115234,58.209999084472656,57.9900016784668,58.119998931884766,23914,0.0,0.0
2023-09-25 15:30:00-04:00,58.13999938964844,58.33000183105469,58.06999969482422,58.290000915527344,101586,0.0,0.0
2023-09-26 09:30:00-04:00,57.790000915527344,58.560001373291016,57.790000915527344,58.25,57860,0.0,0.0
2023-09-26 10:30:00-04:00,58.20000076293945,58.27000045776367,57.84000015258789,57.849998474121094,31058,0.0,0.0
2023-09-26 11:30:00-04:00,57.84000015258789,58.029998779296875,57.70000076293945,57.9900016784668,24972,0.0,0.0
2023-09-26 12:30:00-04:00,58.040000915527344,58.11000061035156,57.91999816894531,57.91999816894531,23549,0.0,0.0
2023-09-26 13:30:00-04:00,57.900001525878906,57.90999984741211,57.54999923706055,57.630001068115234,37135,0.0,0.0
2023-09-26 14:30:00-04:00,57.63999938964844,57.76499938964844,57.36000061035156,57.36000061035156,51080,0.0,0.0
2023-09-26 15:30:00-04:00,57.35499954223633,57.540000915527344,57.189998626708984,57.5099983215332,300112,0.0,0.0
2023-09-27 09:30:00-04:00,57.77000045776367,58.09000015258789,56.959999084472656,57.349998474121094,45633,0.0,0.0
2023-09-27 10:30:00-04:00,57.349998474121094,57.380001068115234,56.88999938964844,56.90999984741211,49199,0.0,0.0
2023-09-27 11:30:00-04:00,56.98500061035156,57.09000015258789,56.540000915527344,56.599998474121094,102402,0.0,0.0
2023-09-27 12:30:00-04:00,56.599998474121094,56.88999938964844,56.31999969482422,56.400001525878906,75224,0.0,0.0
2023-09-27 13:30:00-04:00,56.36000061035156,56.599998474121094,56.35499954223633,56.5099983215332,72670,0.0,0.0
2023-09-27 14:30:00-04:00,56.56999969482422,56.845001220703125,56.540000915527344,56.790000915527344,69992,0.0,0.0
2023-09-27 15:30:00-04:00,56.79999923706055,56.86000061035156,56.630001068115234,56.75,151710,0.0,0.0
2023-09-28 09:30:00-04:00,56.77000045776367,57.119998931884766,56.224998474121094,56.45000076293945,63005,0.0,0.0
2023-09-28 10:30:00-04:00,56.41999816894531,56.869998931884766,56.380001068115234,56.849998474121094,50003,0.0,0.0
2023-09-28 11:30:00-04:00,56.89500045776367,57.04499816894531,56.77000045776367,56.880001068115234,39741,0.0,0.0
2023-09-28 12:30:00-04:00,56.91999816894531,57.150001525878906,56.869998931884766,56.91999816894531,43470,0.0,0.0
2023-09-28 13:30:00-04:00,56.95000076293945,57.0099983215332,56.849998474121094,56.959999084472656,40013,0.0,0.0
2023-09-28 14:30:00-04:00,56.959999084472656,57.20000076293945,56.90999984741211,57.20000076293945,59773,0.0,0.0
2023-09-28 15:30:00-04:00,57.215999603271484,57.215999603271484,56.8650016784668,56.959999084472656,108818,0.0,0.0
2023-09-29 09:30:00-04:00,57.34000015258789,57.45000076293945,57.060001373291016,57.15999984741211,37086,0.0,0.0
2023-09-29 10:30:00-04:00,57.222999572753906,57.41999816894531,57.18000030517578,57.27000045776367,51182,0.0,0.0
2023-09-29 11:30:00-04:00,57.290000915527344,57.31999969482422,57.08000183105469,57.09000015258789,21796,0.0,0.0
2023-09-29 12:30:00-04:00,57.10499954223633,57.20000076293945,56.63999938964844,56.810001373291016,44712,0.0,0.0
2023-09-29 13:30:00-04:00,56.790000915527344,56.79999923706055,56.470001220703125,56.525001525878906,28315,0.0,0.0
2023-09-29 14:30:00-04:00,56.5,56.81999969482422,56.4900016784668,56.56999969482422,45255,0.0,0.0
2023-09-29 15:30:00-04:00,56.599998474121094,56.61000061035156,56.415000915527344,56.5,137601,0.0,0.0
2023-10-02 09:30:00-04:00,55.77000045776367,55.77000045776367,54.790000915527344,55.064998626708984,69521,0.0,0.0
2023-10-02 10:30:00-04:00,55.060001373291016,55.060001373291016,54.5900993347168,54.755001068115234,46305,0.0,0.0
2023-10-02 11:30:00-04:00,54.74020004272461,54.744998931884766,54.06999969482422,54.540000915527344,91107,0.0,0.0
2023-10-02 12:30:00-04:00,54.55500030517578,54.619998931884766,54.2400016784668,54.619998931884766,77498,0.0,0.0
2023-10-02 13:30:00-04:00,54.619998931884766,54.709999084472656,54.4900016784668,54.5,55499,0.0,0.0
2023-10-02 14:30:00-04:00,54.5099983215332,54.56999969482422,54.11000061035156,54.2599983215332,178341,0.0,0.0
2023-10-02 15:30:00-04:00,54.22999954223633,54.380001068115234,54.040000915527344,54.36000061035156,199175,0.0,0.0
2023-10-03 09:30:00-04:00,54.0,54.349998474121094,53.29999923706055,53.61000061035156,150771,0.0,0.0
2023-10-03 10:30:00-04:00,53.68000030517578,53.95000076293945,53.52000045776367,53.75,119036,0.0,0.0
2023-10-03 11:30:00-04:00,53.75,53.75,53.4900016784668,53.6150016784668,51585,0.0,0.0
2023-10-03 12:30:00-04:00,53.619998931884766,53.709999084472656,53.45000076293945,53.5099983215332,69303,0.0,0.0
2023-10-03 13:30:00-04:00,53.502498626708984,53.5099983215332,53.165000915527344,53.209999084472656,54205,0.0,0.0
2023-10-03 14:30:00-04:00,53.220001220703125,53.41999816894531,53.150001525878906,53.180999755859375,86401,0.0,0.0
2023-10-03 15:30:00-04:00,53.18000030517578,53.220001220703125,52.97999954223633,53.13999938964844,183633,0.0,0.0
2023-10-04 09:30:00-04:00,53.130001068115234,53.619998931884766,53.06999969482422,53.099998474121094,37823,0.0,0.0
2023-10-04 10:30:00-04:00,53.099998474121094,53.20000076293945,52.88999938964844,53.0099983215332,38713,0.0,0.0
2023-10-04 11:30:00-04:00,53.0099983215332,53.43000030517578,52.88999938964844,53.36000061035156,74050,0.0,0.0
2023-10-04 12:30:00-04:00,53.349998474121094,53.709999084472656,53.09000015258789,53.439998626708984,96263,0.0,0.0
2023-10-04 13:30:00-04:00,53.400001525878906,53.45000076293945,53.09000015258789,53.15999984741211,69076,0.0,0.0
2023-10-04 14:30:00-04:00,53.18000030517578,53.470001220703125,53.099998474121094,53.349998474121094,71176,0.0,0.0
2023-10-04 15:30:00-04:00,53.369998931884766,53.470001220703125,53.27000045776367,53.369998931884766,103711,0.0,0.0
2023-10-05 09:30:00-04:00,53.18000030517578,54.01499938964844,53.18000030517578,53.810001373291016,29868,0.0,0.0
2023-10-05 10:30:00-04:00,53.83000183105469,53.91999816894531,53.584999084472656,53.66999816894531,31558,0.0,0.0
2023-10-05 11:30:00-04:00,53.665000915527344,53.7599983215332,53.57500076293945,53.625,20519,0.0,0.0
2023-10-05 12:30:00-04:00,53.63999938964844,53.77000045776367,53.459999084472656,53.68000030517578,36425,0.0,0.0
2023-10-05 13:30:00-04:00,53.68000030517578,54.119998931884766,53.63999938964844,54.040000915527344,30395,0.0,0.0
2023-10-05 14:30:00-04:00,54.08000183105469,54.279998779296875,54.08000183105469,54.279998779296875,40849,0.0,0.0
2023-10-05 15:30:00-04:00,54.275001525878906,54.30500030517578,54.09000015258789,54.15999984741211,110912,0.0,0.0
2023-10-06 09:30:00-04:00,53.91999816894531,54.037498474121094,53.459999084472656,53.67499923706055,29209,0.0,0.0
2023-10-06 10:30:00-04:00,53.68000030517578,53.97999954223633,53.560001373291016,53.97999954223633,42519,0.0,0.0
2023-10-06 11:30:00-04:00,54.0099983215332,54.400001525878906,54.0,54.209999084472656,32288,0.0,0.0
2023-10-06 12:30:00-04:00,54.20000076293945,54.3650016784668,54.119998931884766,54.290000915527344,38850,0.0,0.0
2023-10-06 13:30:00-04:00,54.30500030517578,54.75,54.30500030517578,54.689998626708984,60465,0.0,0.0
2023-10-06 14:30:00-04:00,54.709999084472656,54.7400016784668,54.43000030517578,54.439998626708984,64802,0.0,0.0
2023-10-06 15:30:00-04:00,54.459999084472656,54.4900016784668,54.15999984741211,54.220001220703125,92528,0.0,0.0
2023-10-09 09:30:00-04:00,53.869998931884766,54.2400016784668,53.869998931884766,53.939998626708984,22808,0.0,0.0
2023-10-09 10:30:00-04:00,54.0,54.22999954223633,53.98500061035156,54.130001068115234,39695,0.0,0.0
2023-10-09 11:30:00-04:00,54.15999984741211,54.20000076293945,53.89500045776367,53.915000915527344,21173,0.0,0.0
2023-10-09 12:30:00-04:00,53.904998779296875,53.95000076293945,53.775001525878906,53.93000030517578,25083,0.0,0.0
2023-10-09 13:30:00-04:00,53.939998626708984,54.34000015258789,53.93000030517578,54.33000183105469,25510,0.0,0.0
2023-10-09 14:30:00-04:00,54.369998931884766,54.415000915527344,54.22999954223633,54.2400016784668,29959,0.0,0.0
2023-10-09 15:30:00-04:00,54.2400016784668,54.2400016784668,54.040000915527344,54.20000076293945,50677,0.0,0.0
2023-10-10 09:30:00-04:00,54.209999084472656,54.540000915527344,54.095001220703125,54.33000183105469,15171,0.0,0.0
2023-10-10 10:30:00-04:00,54.345001220703125,54.345001220703125,54.0099983215332,54.19499969482422,30296,0.0,0.0
2023-10-10 11:30:00-04:00,54.19499969482422,54.5,54.095001220703125,54.45000076293945,44411,0.0,0.0
2023-10-10 12:30:00-04:00,54.43000030517578,54.439998626708984,54.0,54.0,34926,0.0,0.0
2023-10-10 13:30:00-04:00,54.025001525878906,54.15999984741211,53.630001068115234,53.66999816894531,126963,0.0,0.0
2023-10-10 14:30:00-04:00,53.63999938964844,53.79999923706055,53.380001068115234,53.40999984741211,80313,0.0,0.0
2023-10-10 15:30:00-04:00,53.404998779296875,53.81999969482422,53.400001525878906,53.790000915527344,113480,0.0,0.0
2023-10-11 09:30:00-04:00,54.099998474121094,54.7400016784668,53.81999969482422,54.16999816894531,28786,0.0,0.0
2023-10-11 10:30:00-04:00,54.2599983215332,54.290000915527344,53.850101470947266,53.91999816894531,31122,0.0,0.0
2023-10-11 11:30:00-04:00,53.970001220703125,54.0099983215332,53.54999923706055,53.54999923706055,26435,0.0,0.0
2023-10-11 12:30:00-04:00,53.53499984741211,53.790000915527344,53.53499984741211,53.72999954223633,29820,0.0,0.0
2023-10-11 13:30:00-04:00,53.720001220703125,54.02000045776367,53.689998626708984,53.959999084472656,34787,0.0,0.0
2023-10-11 14:30:00-04:00,53.970001220703125,54.040000915527344,53.849998474121094,53.900001525878906,73877,0.0,0.0
2023-10-11 15:30:00-04:00,53.900001525878906,54.029998779296875,53.869998931884766,54.0099983215332,100972,0.0,0.0
2023-10-12 09:30:00-04:00,53.939998626708984,53.939998626708984,53.05500030517578,53.057498931884766,70265,0.0,0.0
2023-10-12 10:30:00-04:00,53.084999084472656,53.13999938964844,52.7400016784668,53.005001068115234,57182,0.0,0.0
2023-10-12 11:30:00-04:00,53.0,53.150001525878906,52.904998779296875,53.04999923706055,113409,0.0,0.0
2023-10-12 12:30:00-04:00,53.029998779296875,53.029998779296875,52.58000183105469,52.599998474121094,55541,0.0,0.0
2023-10-12 13:30:00-04:00,52.56999969482422,52.709999084472656,52.38999938964844,52.650001525878906,134425,0.0,0.0
2023-10-12 14:30:00-04:00,52.66999816894531,52.97999954223633,52.599998474121094,52.970001220703125,62962,0.0,0.0
2023-10-12 15:30:00-04:00,52.98899841308594,53.02000045776367,52.849998474121094,52.849998474121094,118231,0.0,0.0
2023-10-13 09:30:00-04:00,53.119998931884766,53.19499969482422,52.79010009765625,52.869998931884766,32498,0.0,0.0
2023-10-13 10:30:00-04:00,52.849998474121094,52.88999938964844,52.45500183105469,52.567501068115234,41863,0.0,0.0
2023-10-13 11:30:00-04:00,52.61000061035156,52.63999938964844,52.36000061035156,52.63999938964844,97641,0.0,0.0
2023-10-13 12:30:00-04:00,52.76499938964844,52.88999938964844,52.31999969482422,52.31999969482422,48784,0.0,0.0
2023-10-13 13:30:00-04:00,52.314998626708984,52.560001373291016,52.27000045776367,52.4900016784668,35039,0.0,0.0
2023-10-13 14:30:00-04:00,52.5099983215332,52.650001525878906,52.43000030517578,52.63999938964844,53245,0.0,0.0
2023-10-13 15:30:00-04:00,52.650001525878906,52.810001373291016,52.650001525878906,52.68000030517578,137597,0.0,0.0
2023-10-16 09:30:00-04:00,53.0,53.279998779296875,52.69499969482422,53.2400016784668,67552,0.0,0.0
2023-10-16 10:30:00-04:00,53.2400016784668,53.560001373291016,53.22999954223633,53.25,93675,0.0,0.0
2023-10-16 11:30:00-04:00,53.209999084472656,53.224998474121094,52.95000076293945,53.029998779296875,37410,0.0,0.0
2023-10-16 12:30:00-04:00,53.040000915527344,53.2599983215332,52.9900016784668,53.2599983215332,54716,0.0,0.0
2023-10-16 13:30:00-04:00,53.2400016784668,53.310001373291016,52.93000030517578,52.97999954223633,102876,0.0,0.0
2023-10-16 14:30:00-04:00,52.970001220703125,53.10900115966797,52.970001220703125,53.04999923706055,131423,0.0,0.0
2023-10-16 15:30:00-04:00,53.040000915527344,53.1150016784668,52.95000076293945,53.060001373291016,196811,0.0,0.0
2023-10-17 09:30:00-04:00,52.720001220703125,53.4900016784668,52.720001220703125,53.209999084472656,59213,0.0,0.0
2023-10-17 10:30:00-04:00,53.189998626708984,54.040000915527344,53.08000183105469,53.93000030517578,86537,0.0,0.0
2023-10-17 11:30:00-04:00,53.970001220703125,54.15999984741211,53.96500015258789,54.083099365234375,47819,0.0,0.0
2023-10-17 12:30:00-04:00,54.09000015258789,54.119998931884766,53.939998626708984,54.02000045776367,52511,0.0,0.0
2023-10-17 13:30:00-04:00,54.029998779296875,54.029998779296875,53.63999938964844,53.65999984741211,35201,0.0,0.0
2023-10-17 14:30:00-04:00,53.63999938964844,53.68000030517578,53.5099983215332,53.63999938964844,47889,0.0,0.0
2023-10-17 15:30:00-04:00,53.645999908447266,53.645999908447266,53.279998779296875,53.369998931884766,100502,0.0,0.0
2023-10-18 09:30:00-04:00,52.540000915527344,52.71500015258789,52.255001068115234,52.5,48928,0.0,0.0
2023-10-18 10:30:00-04:00,52.494998931884766,52.59600067138672,52.150001525878906,52.18000030517578,74274,0.0,0.0
2023-10-18 11:30:00-04:00,52.130001068115234,52.130001068115234,51.720001220703125,51.75,35180,0.0,0.0
2023-10-18 12:30:00-04:00,51.7599983215332,52.02000045776367,51.709999084472656,51.86000061035156,30209,0.0,0.0
2023-10-18 13:30:00-04:00,51.86000061035156,52.06999969482422,51.790000915527344,51.8650016784668,31561,0.0,0.0
2023-10-18 14:30:00-04:00,51.849998474121094,51.900001525878906,51.65999984741211,51.720001220703125,46289,0.0,0.0
2023-10-18 15:30:00-04:00,51.7400016784668,51.84000015258789,51.619998931884766,51.84000015258789,76380,0.0,0.0
2023-10-19 09:30:00-04:00,51.7400016784668,51.959999084472656,51.65999984741211,51.86000061035156,52670,0.0,0.0
2023-10-19 10:30:00-04:00,51.85499954223633,51.86000061035156,51.650001525878906,51.83000183105469,35187,0.0,0.0
2023-10-19 11:30:00-04:00,51.79999923706055,52.02000045776367,51.665000915527344,51.71500015258789,28462,0.0,0.0
2023-10-19 12:30:00-04:00,51.69499969482422,51.89500045776367,51.48500061035156,51.630001068115234,64078,0.0,0.0
2023-10-19 13:30:00-04:00,51.51499938964844,51.51499938964844,50.93000030517578,51.040000915527344,59082,0.0,0.0
2023-10-19 14:30:00-04:00,51.02000045776367,51.02000045776367,50.494998931884766,50.5,63654,0.0,0.0
2023-10-19 15:30:00-04:00,50.560001373291016,50.619998931884766,50.25,50.56999969482422,116976,0.0,0.0
2023-10-20 09:30:00-04:00,50.650001525878906,50.900001525878906,50.14500045776367,50.470001220703125,76655,0.0,0.0
2023-10-20 10:30:00-04:00,50.48139953613281,50.709999084472656,50.470001220703125,50.56999969482422,40272,0.0,0.0
2023-10-20 11:30:00-04:00,50.57500076293945,50.779998779296875,50.56999969482422,50.75,32322,0.0,0.0
2023-10-20 12:30:00-04:00,50.75,50.935001373291016,50.720001220703125,50.84000015258789,29254,0.0,0.0
2023-10-20 13:30:00-04:00,50.849998474121094,50.849998474121094,50.71110153198242,50.79999923706055,30421,0.0,0.0
2023-10-20 14:30:00-04:00,50.77000045776367,50.84000015258789,50.57500076293945,50.720001220703125,89258,0.0,0.0
2023-10-20 15:30:00-04:00,50.72999954223633,50.72999954223633,50.3650016784668,50.529998779296875,95275,0.0,0.0
2023-10-23 09:30:00-04:00,50.27000045776367,50.41999816894531,49.63999938964844,50.13999938964844,81725,0.0,0.0
2023-10-23 10:30:00-04:00,50.150001525878906,50.380001068115234,49.869998931884766,50.2599983215332,30774,0.0,0.0
2023-10-23 11:30:00-04:00,50.279998779296875,50.52000045776367,50.17499923706055,50.310001373291016,40633,0.0,0.0
2023-10-23 12:30:00-04:00,50.33000183105469,50.540000915527344,50.29999923706055,50.380001068115234,30802,0.0,0.0
2023-10-23 13:30:00-04:00,50.391998291015625,50.5099983215332,50.2400016784668,50.41999816894531,45681,0.0,0.0
2023-10-23 14:30:00-04:00,50.439998626708984,50.540000915527344,50.279998779296875,50.345001220703125,61104,0.0,0.0
2023-10-23 15:30:00-04:00,50.31999969482422,50.470001220703125,50.25,50.470001220703125,204169,0.0,0.0
2023-10-24 09:30:00-04:00,50.77000045776367,51.380001068115234,50.564998626708984,51.11000061035156,196886,0.0,0.0
2023-10-24 10:30:00-04:00,51.150001525878906,51.2400016784668,50.849998474121094,50.95000076293945,33619,0.0,0.0
2023-10-24 11:30:00-04:00,50.94499969482422,51.029998779296875,50.650001525878906,50.650001525878906,30369,0.0,0.0
2023-10-24 12:30:00-04:00,50.647499084472656,50.66999816894531,50.439998626708984,50.599998474121094,49397,0.0,0.0
2023-10-24 13:30:00-04:00,50.630001068115234,50.630001068115234,50.45000076293945,50.5260009765625,24824,0.0,0.0
2023-10-24 14:30:00-04:00,50.529998779296875,50.77000045776367,50.529998779296875,50.7400016784668,40104,0.0,0.0
2023-10-24 15:30:00-04:00,50.75,50.810001373291016,50.68000030517578,50.790000915527344,107753,0.0,0.0
2023-10-25 09:30:00-04:00,50.47999954223633,50.81999969482422,50.165000915527344,50.27000045776367,50994,0.0,0.0
2023-10-25 10:30:00-04:00,50.290000915527344,50.439998626708984,50.04999923706055,50.279998779296875,56996,0.0,0.0
2023-10-25 11:30:00-04:00,50.27000045776367,50.404998779296875,50.15999984741211,50.29999923706055,78922,0.0,0.0
2023-10-25 12:30:00-04:00,50.28499984741211,50.35499954223633,50.06999969482422,50.189998626708984,58042,0.0,0.0
2023-10-25 13:30:00-04:00,50.15999984741211,50.279998779296875,50.04499816894531,50.18000030517578,75722,0.0,0.0
2023-10-25 14:30:00-04:00,50.19499969482422,50.20500183105469,50.0,50.04999923706055,67414,0.0,0.0
2023-10-25 15:30:00-04:00,50.04999923706055,50.119998931884766,49.9900016784668,50.04999923706055,113469,0.0,0.0
2023-10-26 09:30:00-04:00,50.400001525878906,51.65999984741211,50.20000076293945,50.5099983215332,89459,0.0,0.0
2023-10-26 10:30:00-04:00,50.522499084472656,52.58000183105469,50.310001373291016,52.439998626708984,256187,0.0,0.0
2023-10-26 11:30:00-04:00,52.380001068115234,52.7400016784668,52.15999984741211,52.3849983215332,287751,0.0,0.0
2023-10-26 12:30:00-04:00,52.369998931884766,52.439998626708984,52.06999969482422,52.27479934692383,69158,0.0,0.0
2023-10-26 13:30:00-04:00,52.27000045776367,52.380001068115234,51.7599983215332,51.849998474121094,71309,0.0,0.0
2023-10-26 14:30:00-04:00,51.849998474121094,52.13999938964844,51.7599983215332,51.810001373291016,81844,0.0,0.0
2023-10-26 15:30:00-04:00,51.79999923706055,51.84000015258789,51.5099983215332,51.7400016784668,179021,0.0,0.0
2023-10-27 09:30:00-04:00,50.91999816894531,51.60499954223633,50.25,50.290000915527344,64484,0.0,0.0
2023-10-27 10:30:00-04:00,50.279998779296875,50.415000915527344,49.83000183105469,50.314998626708984,69123,0.0,0.0
2023-10-27 11:30:00-04:00,50.31999969482422,50.47999954223633,49.59000015258789,49.7400016784668,66387,0.0,0.0
2023-10-27 12:30:00-04:00,49.779998779296875,49.91999816894531,49.54999923706055,49.84000015258789,60855,0.0,0.0
2023-10-27 13:30:00-04:00,49.82500076293945,50.12990188598633,49.70000076293945,49.790000915527344,60978,0.0,0.0
2023-10-27 14:30:00-04:00,49.77000045776367,50.17499923706055,49.75,50.130001068115234,88444,0.0,0.0
2023-10-27 15:30:00-04:00,50.150001525878906,50.369998931884766,50.029998779296875,50.22999954223633,190047,0.0,0.0
2023-10-30 09:30:00-04:00,50.619998931884766,50.9900016784668,50.31999969482422,50.52000045776367,33631,0.0,0.0
2023-10-30 10:30:00-04:00,50.4900016784668,50.72999954223633,50.45000076293945,50.70000076293945,46175,0.0,0.0
2023-10-30 11:30:00-04:00,50.72999954223633,50.83000183105469,50.625,50.83000183105469,56699,0.0,0.0
2023-10-30 12:30:00-04:00,50.79999923706055,51.040000915527344,50.689998626708984,51.029998779296875,38292,0.0,0.0
2023-10-30 13:30:00-04:00,51.02410125732422,51.099998474121094,50.91999816894531,50.959999084472656,45214,0.0,0.0
2023-10-30 14:30:00-04:00,50.93000030517578,51.029998779296875,50.79999923706055,50.849998474121094,61193,0.0,0.0
2023-10-30 15:30:00-04:00,50.84000015258789,50.86000061035156,50.720001220703125,50.790000915527344,130051,0.0,0.0
2023-10-31 09:30:00-04:00,50.93000030517578,51.150001525878906,50.814998626708984,50.98500061035156,27304,0.0,0.0
2023-10-31 10:30:00-04:00,50.97999954223633,51.38999938964844,50.540000915527344,51.130001068115234,44488,0.0,0.0
2023-10-31 11:30:00-04:00,51.10499954223633,51.310001373291016,51.02000045776367,51.150001525878906,53408,0.0,0.0
2023-10-31 12:30:00-04:00,51.18000030517578,51.38999938964844,51.18000030517578,51.314998626708984,33216,0.0,0.0
2023-10-31 13:30:00-04:00,51.34000015258789,51.4900016784668,51.185001373291016,51.185001373291016,42403,0.0,0.0
2023-10-31 14:30:00-04:00,51.185001373291016,51.540000915527344,51.15999984741211,51.43000030517578,81702,0.0,0.0
2023-10-31 15:30:00-04:00,51.40999984741211,51.5099983215332,51.33000183105469,51.439998626708984,165002,0.0,0.0
2023-11-01 09:30:00-04:00,51.27000045776367,51.709999084472656,50.845001220703125,51.709999084472656,31845,0.0,0.0
2023-11-01 10:30:00-04:00,51.689998626708984,51.81999969482422,51.41999816894531,51.54499816894531,28036,0.0,0.0
2023-11-01 11:30:00-04:00,51.54499816894531,51.63999938964844,51.42499923706055,51.42499923706055,53008,0.0,0.0
2023-11-01 12:30:00-04:00,51.40999984741211,51.51499938964844,51.2599983215332,51.34000015258789,37347,0.0,0.0
2023-11-01 13:30:00-04:00,51.32500076293945,51.65999984741211,51.29999923706055,51.58000183105469,36767,0.0,0.0
2023-11-01 14:30:00-04:00,51.58000183105469,51.880001068115234,51.33250045776367,51.845001220703125,53154,0.0,0.0
2023-11-01 15:30:00-04:00,51.845001220703125,52.06999969482422,51.83000183105469,52.040000915527344,101944,0.0,0.0
2023-11-02 09:30:00-04:00,52.619998931884766,53.03499984741211,52.619998931884766,52.95000076293945,53352,0.0,0.0
2023-11-02 10:30:00-04:00,53.0099983215332,53.720001220703125,53.0099983215332,53.65999984741211,74655,0.0,0.0
2023-11-02 11:30:00-04:00,53.61000061035156,53.81999969482422,53.45000076293945,53.68000030517578,70659,0.0,0.0
2023-11-02 12:30:00-04:00,53.70000076293945,53.849998474121094,53.66080093383789,53.779998779296875,40213,0.0,0.0
2023-11-02 13:30:00-04:00,53.790000915527344,53.95000076293945,53.72999954223633,53.880001068115234,36485,0.0,0.0
2023-11-02 14:30:00-04:00,53.869998931884766,54.0,53.790000915527344,53.869998931884766,64213,0.0,0.0
2023-11-02 15:30:00-04:00,53.84000015258789,53.974998474121094,53.76499938964844,53.880001068115234,117118,0.0,0.0
2023-11-03 09:30:00-04:00,54.880001068115234,55.935001373291016,54.525001525878906,55.560001373291016,158264,0.0,0.0
2023-11-03 10:30:00-04:00,55.619998931884766,55.900001525878906,55.189998626708984,55.81999969482422,66383,0.0,0.0
2023-11-03 11:30:00-04:00,55.83000183105469,55.97999954223633,55.7400016784668,55.880001068115234,48036,0.0,0.0
2023-11-03 12:30:00-04:00,55.869998931884766,55.939998626708984,55.77000045776367,55.869998931884766,26261,0.0,0.0
2023-11-03 13:30:00-04:00,55.86000061035156,56.040000915527344,55.81999969482422,56.040000915527344,31386,0.0,0.0
2023-11-03 14:30:00-04:00,56.040000915527344,56.08000183105469,55.7599983215332,55.915000915527344,49406,0.0,0.0
2023-11-03 15:30:00-04:00,55.91999816894531,55.939998626708984,55.560001373291016,55.560001373291016,154058,0.0,0.0
2023-11-06 09:30:00-05:00,55.25,55.369998931884766,54.63999938964844,54.63999938964844,50685,0.0,0.0
2023-11-06 10:30:00-05:00,54.65999984741211,54.869998931884766,54.61000061035156,54.7599983215332,32487,0.0,0.0
2023-11-06 11:30:00-05:00,54.720001220703125,54.77000045776367,54.619998931884766,54.619998931884766,26744,0.0,0.0
2023-11-06 12:30:00-05:00,54.59000015258789,54.63999938964844,54.5,54.58000183105469,24015,0.0,0.0
2023-11-06 13:30:00-05:00,54.599998474121094,54.650001525878906,54.54999923706055,54.599998474121094,25822,0.0,0.0
2023-11-06 14:30:00-05:00,54.58000183105469,54.744998931884766,54.52000045776367,54.59000015258789,38927,0.0,0.0
2023-11-06 15:30:00-05:00,54.59000015258789,54.59000015258789,54.36000061035156,54.459999084472656,89260,0.0,0.0
2023-11-07 09:30:00-05:00,54.25,54.345001220703125,53.845001220703125,54.15999984741211,17313,0.0,0.0
2023-11-07 10:30:00-05:00,54.119998931884766,54.34000015258789,53.97999954223633,53.97999954223633,19285,0.0,0.0
2023-11-07 11:30:00-05:00,53.98500061035156,54.029998779296875,53.72999954223633,53.89500045776367,20937,0.0,0.0
2023-11-07 12:30:00-05:00,53.869998931884766,54.189998626708984,53.849998474121094,54.06999969482422,29897,0.0,0.0
2023-11-07 13:30:00-05:00,54.04999923706055,54.25,54.04999923706055,54.119998931884766,23521,0.0,0.0
2023-11-07 14:30:00-05:00,54.150001525878906,54.25,54.1150016784668,54.220001220703125,26995,0.0,0.0
2023-11-07 15:30:00-05:00,54.22999954223633,54.36000061035156,54.07099914550781,54.099998474121094,83660,0.0,0.0
2023-11-08 09:30:00-05:00,54.27000045776367,54.77000045776367,53.88999938964844,54.63999938964844,33522,0.0,0.0
2023-11-08 10:30:00-05:00,54.65999984741211,54.709999084472656,54.290000915527344,54.6150016784668,28077,0.0,0.0
2023-11-08 11:30:00-05:00,54.619998931884766,54.77000045776367,54.31999969482422,54.44499969482422,31872,0.0,0.0
2023-11-08 12:30:00-05:00,54.45000076293945,54.56999969482422,54.29499816894531,54.47999954223633,51256,0.0,0.0
2023-11-08 13:30:00-05:00,54.47999954223633,54.619998931884766,54.38999938964844,54.439998626708984,38873,0.0,0.0
2023-11-08 14:30:00-05:00,54.45000076293945,54.599998474121094,54.435001373291016,54.4900016784668,33099,0.0,0.0
2023-11-08 15:30:00-05:00,54.470001220703125,54.58000183105469,54.36000061035156,54.43000030517578,87238,0.0,0.0
2023-11-09 09:30:00-05:00,54.52000045776367,54.52000045776367,54.20000076293945,54.41999816894531,15318,0.0,0.0
2023-11-09 10:30:00-05:00,54.404998779296875,54.404998779296875,53.939998626708984,54.029998779296875,33642,0.0,0.0
2023-11-09 11:30:00-05:00,54.053199768066406,54.119998931884766,53.869998931884766,53.91999816894531,31061,0.0,0.0
2023-11-09 12:30:00-05:00,53.93000030517578,54.119998931884766,53.65999984741211,53.70000076293945,23234,0.0,0.0
2023-11-09 13:30:00-05:00,53.595001220703125,53.709999084472656,53.279998779296875,53.33000183105469,47841,0.0,0.0
2023-11-09 14:30:00-05:00,53.35499954223633,53.474998474121094,53.29999923706055,53.29999923706055,40575,0.0,0.0
2023-11-09 15:30:00-05:00,53.31999969482422,53.33000183105469,53.040000915527344,53.11000061035156,99140,0.0,0.0
2023-11-10 09:30:00-05:00,53.27000045776367,53.38999938964844,53.04999923706055,53.2599983215332,19995,0.0,0.0
2023-11-10 10:30:00-05:00,53.25,53.56999969482422,53.20000076293945,53.5,34539,0.0,0.0
2023-11-10 11:30:00-05:00,53.53499984741211,53.68000030517578,53.415000915527344,53.57500076293945,35933,0.0,0.0
2023-11-10 12:30:00-05:00,53.599998474121094,53.810001373291016,53.5,53.79999923706055,25209,0.0,0.0
2023-11-10 13:30:00-05:00,53.790000915527344,53.810001373291016,53.65999984741211,53.744998931884766,15371,0.0,0.0
2023-11-10 14:30:00-05:00,53.7322998046875,53.79999923706055,53.70000076293945,53.77000045776367,27122,0.0,0.0
2023-11-10 15:30:00-05:00,53.755001068115234,53.77000045776367,53.599998474121094,53.599998474121094,55864,0.0,0.0
2023-11-13 09:30:00-05:00,53.369998931884766,53.41999816894531,53.095001220703125,53.310001373291016,18489,0.0,0.0
2023-11-13 10:30:00-05:00,53.314998626708984,53.3650016784668,52.97999954223633,53.185001373291016,29433,0.0,0.0
2023-11-13 11:30:00-05:00,53.15999984741211,53.27000045776367,52.935001373291016,53.019901275634766,51443,0.0,0.0
2023-11-13 12:30:00-05:00,53.005001068115234,53.005001068115234,52.849998474121094,52.880001068115234,46742,0.0,0.0
2023-11-13 13:30:00-05:00,52.869998931884766,52.9900016784668,52.75,52.974998474121094,64843,0.0,0.0
2023-11-13 14:30:00-05:00,52.9900016784668,53.36000061035156,52.93000030517578,53.310001373291016,92047,0.0,0.0
2023-11-13 15:30:00-05:00,53.290000915527344,53.34000015258789,53.189998626708984,53.22999954223633,139270,0.0,0.0
2023-11-14 09:30:00-05:00,54.5,55.4900016784668,53.82500076293945,55.39500045776367,148486,0.0,0.0
2023-11-14 10:30:00-05:00,55.400001525878906,56.310001373291016,55.400001525878906,56.03499984741211,287078,0.0,0.0
2023-11-14 11:30:00-05:00,56.0099983215332,56.220001220703125,55.970001220703125,56.220001220703125,162282,0.0,0.0
2023-11-14 12:30:00-05:00,56.20000076293945,56.209999084472656,56.060001373291016,56.099998474121094,49285,0.0,0.0
2023-11-14 13:30:00-05:00,56.130001068115234,56.279998779296875,55.9900016784668,56.125,74833,0.0,0.0
2023-11-14 14:30:00-05:00,56.13999938964844,56.29999923706055,55.95000076293945,56.17499923706055,127070,0.0,0.0
2023-11-14 15:30:00-05:00,56.15999984741211,56.17499923706055,55.7599983215332,56.0099983215332,235646,0.0,0.0
2023-11-15 09:30:00-05:00,55.33000183105469,56.33000183105469,55.33000183105469,56.310001373291016,41049,0.0,0.0
2023-11-15 10:30:00-05:00,56.22999954223633,56.40999984741211,56.150001525878906,56.36000061035156,46300,0.0,0.0
2023-11-15 11:30:00-05:00,56.369998931884766,56.369998931884766,56.084999084472656,56.25,35818,0.0,0.0
2023-11-15 12:30:00-05:00,56.310001373291016,56.334999084472656,56.15679931640625,56.275001525878906,29778,0.0,0.0
2023-11-15 13:30:00-05:00,56.20000076293945,56.47999954223633,56.20000076293945,56.380001068115234,40489,0.0,0.0
2023-11-15 14:30:00-05:00,56.36000061035156,56.54999923706055,56.290000915527344,56.54499816894531,77140,0.0,0.0
2023-11-15 15:30:00-05:00,56.525001525878906,56.606998443603516,56.38999938964844,56.45000076293945,193988,0.0,0.0
2023-11-16 09:30:00-05:00,56.47999954223633,56.56999969482422,55.96500015258789,56.13999938964844,66714,0.0,0.0
2023-11-16 10:30:00-05:00,56.12900161743164,56.31999969482422,56.029998779296875,56.119998931884766,59473,0.0,0.0
2023-11-16 11:30:00-05:00,56.11000061035156,56.189998626708984,56.02000045776367,56.130001068115234,49560,0.0,0.0
2023-11-16 12:30:00-05:00,56.130001068115234,56.34000015258789,56.119998931884766,56.31999969482422,52471,0.0,0.0
2023-11-16 13:30:00-05:00,56.279998779296875,56.43000030517578,56.2599983215332,56.34000015258789,69768,0.0,0.0
2023-11-16 14:30:00-05:00,56.349998474121094,56.61000061035156,56.34000015258789,56.5,59935,0.0,0.0
2023-11-16 15:30:00-05:00,56.5,56.5099983215332,56.189998626708984,56.279998779296875,160903,0.0,0.0
2023-11-17 09:30:00-05:00,56.7400016784668,56.86000061035156,56.38999938964844,56.86000061035156,27813,0.0,0.0
2023-11-17 10:30:00-05:00,56.88999938964844,56.88999938964844,56.5099983215332,56.5099983215332,16232,0.0,0.0
2023-11-17 11:30:00-05:00,56.525001525878906,56.65999984741211,56.439998626708984,56.54999923706055,23030,0.0,0.0
2023-11-17 12:30:00-05:00,56.439998626708984,56.5,56.25,56.369998931884766,22959,0.0,0.0
2023-11-17 13:30:00-05:00,56.369998931884766,56.400001525878906,56.18000030517578,56.25,45977,0.0,0.0
2023-11-17 14:30:00-05:00,56.25,56.814998626708984,56.2400016784668,56.79999923706055,99831,0.0,0.0
2023-11-17 15:30:00-05:00,56.702999114990234,56.88999938964844,56.58000183105469,56.849998474121094,154084,0.0,0.0
2023-11-20 09:30:00-05:00,56.560001373291016,56.994998931884766,56.560001373291016,56.9900016784668,33355,0.0,0.0
2023-11-20 10:30:00-05:00,56.959999084472656,57.18000030517578,56.92499923706055,57.09000015258789,39987,0.0,0.0
2023-11-20 11:30:00-05:00,57.08300018310547,57.2400016784668,57.029998779296875,57.130001068115234,17048,0.0,0.0
2023-11-20 12:30:00-05:00,57.130001068115234,57.380001068115234,57.099998474121094,57.310001373291016,27901,0.0,0.0
2023-11-20 13:30:00-05:00,57.31449890136719,57.52000045776367,57.29999923706055,57.470001220703125,37442,0.0,0.0
2023-11-20 14:30:00-05:00,57.470001220703125,57.779998779296875,57.459999084472656,57.7400016784668,61538,0.0,0.0
2023-11-20 15:30:00-05:00,57.70500183105469,57.7599983215332,57.43000030517578,57.439998626708984,126609,0.0,0.0
2023-11-21 09:30:00-05:00,57.189998626708984,57.56999969482422,57.09000015258789,57.560001373291016,24080,0.0,0.0
2023-11-21 10:30:00-05:00,57.58000183105469,57.790000915527344,57.439998626708984,57.650001525878906,47879,0.0,0.0
2023-11-21 11:30:00-05:00,57.66999816894531,57.689998626708984,57.36000061035156,57.474998474121094,35214,0.0,0.0
2023-11-21 12:30:00-05:00,57.4900016784668,57.625,57.31999969482422,57.38999938964844,34313,0.0,0.0
2023-11-21 13:30:00-05:00,57.36000061035156,57.459999084472656,57.2400016784668,57.45000076293945,54226,0.0,0.0
2023-11-21 14:30:00-05:00,57.470001220703125,57.48500061035156,57.310001373291016,57.310001373291016,36456,0.0,0.0
2023-11-21 15:30:00-05:00,57.279998779296875,57.290000915527344,57.060001373291016,57.13999938964844,114981,0.0,0.0
2023-11-22 09:30:00-05:00,57.31999969482422,57.84000015258789,57.31999969482422,57.84000015258789,33815,0.0,0.0
2023-11-22 10:30:00-05:00,57.88999938964844,58.060001373291016,57.74359893798828,58.0,71449,0.0,0.0
2023-11-22 11:30:00-05:00,58.0099983215332,58.13999938964844,57.90999984741211,57.98500061035156,46707,0.0,0.0
2023-11-22 12:30:00-05:00,57.93069839477539,58.00699996948242,57.88999938964844,57.97999954223633,54991,0.0,0.0
2023-11-22 13:30:00-05:00,57.97999954223633,58.025001525878906,57.709999084472656,57.7599983215332,32397,0.0,0.0
2023-11-22 14:30:00-05:00,57.744998931884766,58.040000915527344,57.720001220703125,58.040000915527344,41231,0.0,0.0
2023-11-22 15:30:00-05:00,58.029998779296875,58.06999969482422,57.88999938964844,57.91999816894531,165909,0.0,0.0
2023-11-24 09:30:00-05:00,58.029998779296875,58.36000061035156,58.029998779296875,58.36000061035156,11072,0.0,0.0
2023-11-24 10:30:00-05:00,58.369998931884766,58.470001220703125,58.20000076293945,58.25,24969,0.0,0.0
2023-11-24 11:30:00-05:00,58.25,58.279998779296875,58.13999938964844,58.15999984741211,19451,0.0,0.0
2023-11-27 09:30:00-05:00,57.810001373291016,58.290000915527344,57.33000183105469,58.01499938964844,26366,0.0,0.0
2023-11-27 10:30:00-05:00,57.97999954223633,58.25,57.900001525878906,58.22999954223633,33383,0.0,0.0
2023-11-27 11:30:00-05:00,58.25,58.290000915527344,58.04819869995117,58.185001373291016,27596,0.0,0.0
2023-11-27 12:30:00-05:00,58.16999816894531,58.52000045776367,58.16999816894531,58.43000030517578,36913,0.0,0.0
2023-11-27 13:30:00-05:00,58.42499923706055,58.65999984741211,58.40999984741211,58.625,33220,0.0,0.0
2023-11-27 14:30:00-05:00,58.61000061035156,58.72999954223633,58.55500030517578,58.720001220703125,53219,0.0,0.0
2023-11-27 15:30:00-05:00,58.720001220703125,58.849998474121094,58.66999816894531,58.709999084472656,117715,0.0,0.0
2023-11-28 09:30:00-05:00,58.59000015258789,58.619998931884766,57.88999938964844,58.349998474121094,26347,0.0,0.0
2023-11-28 10:30:00-05:00,58.400001525878906,58.744998931884766,58.345001220703125,58.7400016784668,28241,0.0,0.0
2023-11-28 11:30:00-05:00,58.7400016784668,58.86000061035156,58.61000061035156,58.61000061035156,25702,0.0,0.0
2023-11-28 12:30:00-05:00,58.65999984741211,58.689998626708984,58.369998931884766,58.45000076293945,26748,0.0,0.0
2023-11-28 13:30:00-05:00,58.48500061035156,58.68000030517578,58.46500015258789,58.53499984741211,28572,0.0,0.0
2023-11-28 14:30:00-05:00,58.54180145263672,58.720001220703125,58.54180145263672,58.70000076293945,29278,0.0,0.0
2023-11-28 15:30:00-05:00,58.689998626708984,58.75,58.560001373291016,58.630001068115234,108892,0.0,0.0
2023-11-29 09:30:00-05:00,58.970001220703125,59.349998474121094,58.79999923706055,58.96500015258789,24381,0.0,0.0
2023-11-29 10:30:00-05:00,58.939998626708984,59.29999923706055,58.91999816894531,59.25,19051,0.0,0.0
2023-11-29 11:30:00-05:00,59.27000045776367,59.380001068115234,59.150001525878906,59.209999084472656,18113,0.0,0.0
2023-11-29 12:30:00-05:00,59.22999954223633,59.2400016784668,59.13999938964844,59.18000030517578,17670,0.0,0.0
2023-11-29 13:30:00-05:00,59.09000015258789,59.09000015258789,58.93000030517578,58.970001220703125,15868,0.0,0.0
2023-11-29 14:30:00-05:00,58.939998626708984,58.970001220703125,58.81999969482422,58.849998474121094,30475,0.0,0.0
2023-11-29 15:30:00-05:00,58.849998474121094,58.880001068115234,58.68000030517578,58.849998474121094,81306,0.0,0.0
2023-11-30 09:30:00-05:00,58.939998626708984,59.380001068115234,58.83000183105469,59.380001068115234,25890,0.0,0.0
2023-11-30 10:30:00-05:00,59.470001220703125,59.65999984741211,59.310001373291016,59.630001068115234,31179,0.0,0.0
2023-11-30 11:30:00-05:00,59.630001068115234,59.689998626708984,59.52000045776367,59.55500030517578,32762,0.0,0.0
2023-11-30 12:30:00-05:00,59.58000183105469,59.7400016784668,59.560001373291016,59.7130012512207,26424,0.0,0.0
2023-11-30 13:30:00-05:00,59.709999084472656,59.77000045776367,59.5,59.5099983215332,28880,0.0,0.0
2023-11-30 14:30:00-05:00,59.5,59.709999084472656,59.5,59.599998474121094,37714,0.0,0.0
2023-11-30 15:30:00-05:00,59.595001220703125,59.75,59.5099983215332,59.599998474121094,122467,0.0,0.0
2023-12-01 09:30:00-05:00,59.18000030517578,59.70000076293945,59.18000030517578,59.599998474121094,31567,0.0,0.0
2023-12-01 10:30:00-05:00,59.58000183105469,59.91999816894531,59.41999816894531,59.91999816894531,57735,0.0,0.0
2023-12-01 11:30:00-05:00,59.869998931884766,60.28499984741211,59.7599983215332,60.119998931884766,67872,0.0,0.0
2023-12-01 12:30:00-05:00,60.08000183105469,60.439998626708984,60.02000045776367,60.275001525878906,56343,0.0,0.0
2023-12-01 13:30:00-05:00,60.25,60.435001373291016,60.22999954223633,60.290000915527344,33510,0.0,0.0
2023-12-01 14:30:00-05:00,60.345001220703125,60.369998931884766,60.13719940185547,60.165000915527344,70233,0.0,0.0
2023-12-01 15:30:00-05:00,60.15999984741211,60.43000030517578,60.13999938964844,60.41999816894531,93590,0.0,0.0
2023-12-04 09:30:00-05:00,60.2599983215332,61.95500183105469,60.2599983215332,61.70000076293945,107894,0.0,0.0
2023-12-04 10:30:00-05:00,61.625,61.689998626708984,61.030799865722656,61.130001068115234,108223,0.0,0.0
2023-12-04 11:30:00-05:00,61.119998931884766,61.540000915527344,60.9900016784668,61.505001068115234,34712,0.0,0.0
2023-12-04 12:30:00-05:00,61.494998931884766,61.540000915527344,61.400001525878906,61.400001525878906,17813,0.0,0.0
2023-12-04 13:30:00-05:00,61.369998931884766,61.630001068115234,61.369998931884766,61.560001373291016,23749,0.0,0.0
2023-12-04 14:30:00-05:00,61.53900146484375,61.71200180053711,61.52000045776367,61.564998626708984,41332,0.0,0.0
2023-12-04 15:30:00-05:00,61.54999923706055,61.810001373291016,61.5099983215332,61.77000045776367,110759,0.0,0.0
2023-12-05 09:30:00-05:00,61.619998931884766,61.8849983215332,60.62009811401367,61.48500061035156,50519,0.0,0.0
2023-12-05 10:30:00-05:00,61.459999084472656,61.779998779296875,61.290000915527344,61.779998779296875,31257,0.0,0.0
2023-12-05 11:30:00-05:00,61.79999923706055,61.939998626708984,61.540000915527344,61.59000015258789,32083,0.0,0.0
2023-12-05 12:30:00-05:00,61.58000183105469,61.91999816894531,61.4900016784668,61.84000015258789,25980,0.0,0.0
2023-12-05 13:30:00-05:00,61.78499984741211,62.18000030517578,61.78499984741211,62.18000030517578,87206,0.0,0.0
2023-12-05 14:30:00-05:00,62.18000030517578,62.224998474121094,61.4900016784668,61.4900016784668,87040,0.0,0.0
2023-12-05 15:30:00-05:00,61.52000045776367,61.599998474121094,61.279998779296875,61.29999923706055,165698,0.0,0.0
2023-12-06 09:30:00-05:00,61.619998931884766,62.685001373291016,61.44499969482422,62.310001373291016,69918,0.0,0.0
2023-12-06 10:30:00-05:00,62.369998931884766,62.41999816894531,61.88999938964844,61.904998779296875,28330,0.0,0.0
2023-12-06 11:30:00-05:00,61.84000015258789,61.880001068115234,61.65999984741211,61.7599983215332,41923,0.0,0.0
2023-12-06 12:30:00-05:00,61.67499923706055,61.80500030517578,61.67499923706055,61.78499984741211,26041,0.0,0.0
2023-12-06 13:30:00-05:00,61.782501220703125,61.9900016784668,61.7400016784668,61.88999938964844,34123,0.0,0.0
2023-12-06 14:30:00-05:00,61.88999938964844,61.959999084472656,61.505001068115234,61.505001068115234,43768,0.0,0.0
2023-12-06 15:30:00-05:00,61.505001068115234,61.619998931884766,61.439998626708984,61.560001373291016,116523,0.0,0.0
2023-12-07 09:30:00-05:00,61.2400016784668,61.5,60.849998474121094,61.48500061035156,22062,0.0,0.0
2023-12-07 10:30:00-05:00,61.5,61.58000183105469,61.06999969482422,61.189998626708984,27547,0.0,0.0
2023-12-07 11:30:00-05:00,61.220001220703125,61.275001525878906,61.08000183105469,61.209999084472656,16779,0.0,0.0
2023-12-07 12:30:00-05:00,61.220001220703125,61.599998474121094,61.209999084472656,61.56999969482422,35290,0.0,0.0
2023-12-07 13:30:00-05:00,61.560001373291016,61.790000915527344,61.529998779296875,61.76499938964844,30930,0.0,0.0
2023-12-07 14:30:00-05:00,61.75,62.0,61.75,61.939998626708984,77664,0.0,0.0
2023-12-07 15:30:00-05:00,61.959999084472656,62.119998931884766,61.91999816894531,62.09000015258789,120386,0.0,0.0
2023-12-08 09:30:00-05:00,61.81999969482422,62.310001373291016,61.54309844970703,62.26499938964844,23793,0.0,0.0
2023-12-08 10:30:00-05:00,62.244998931884766,62.29999923706055,61.900001525878906,61.900001525878906,30168,0.0,0.0
2023-12-08 11:30:00-05:00,61.94499969482422,62.084999084472656,61.83000183105469,61.959999084472656,20636,0.0,0.0
2023-12-08 12:30:00-05:00,62.007999420166016,62.25,61.970001220703125,62.25,19908,0.0,0.0
2023-12-08 13:30:00-05:00,62.244998931884766,62.244998931884766,61.970001220703125,61.970001220703125,22297,0.0,0.0
2023-12-08 14:30:00-05:00,61.974998474121094,62.02000045776367,61.90999984741211,61.93000030517578,38289,0.0,0.0
2023-12-08 15:30:00-05:00,61.93000030517578,62.099998474121094,61.880001068115234,61.900001525878906,63923,0.0,0.0
2023-12-11 09:30:00-05:00,61.81999969482422,62.150001525878906,61.64899826049805,61.70000076293945,28827,0.0,0.0
2023-12-11 10:30:00-05:00,61.72999954223633,61.77000045776367,61.47999954223633,61.619998931884766,48658,0.0,0.0
2023-12-11 11:30:00-05:00,61.60499954223633,61.7599983215332,61.58000183105469,61.599998474121094,34503,0.0,0.0
2023-12-11 12:30:00-05:00,61.599998474121094,61.69499969482422,61.599998474121094,61.650001525878906,33487,0.0,0.0
2023-12-11 13:30:00-05:00,61.650001525878906,61.685001373291016,61.54999923706055,61.595001220703125,36663,0.0,0.0
2023-12-11 14:30:00-05:00,61.599998474121094,61.630001068115234,61.4900016784668,61.599998474121094,60653,0.0,0.0
2023-12-11 15:30:00-05:00,61.599998474121094,61.709999084472656,61.47999954223633,61.70000076293945,112911,0.0,0.0
2023-12-12 09:30:00-05:00,61.689998626708984,61.689998626708984,61.279998779296875,61.59000015258789,23722,0.0,0.0
2023-12-12 10:30:00-05:00,61.584999084472656,61.650001525878906,61.43000030517578,61.45000076293945,26042,0.0,0.0
2023-12-12 11:30:00-05:00,61.439998626708984,61.45000076293945,61.25,61.279998779296875,33173,0.0,0.0
2023-12-12 12:30:00-05:00,61.29999923706055,61.400001525878906,61.189998626708984,61.22999954223633,36729,0.0,0.0
2023-12-12 13:30:00-05:00,61.2599983215332,61.32500076293945,61.13999938964844,61.16999816894531,29895,0.0,0.0
2023-12-12 14:30:00-05:00,61.18000030517578,61.290000915527344,61.08000183105469,61.27000045776367,55036,0.0,0.0
2023-12-12 15:30:00-05:00,61.25,61.25,60.709999084472656,60.904998779296875,167228,0.0,0.0
2023-12-13 09:30:00-05:00,60.91999816894531,61.27000045776367,60.7599983215332,60.779998779296875,28397,0.0,0.0
2023-12-13 10:30:00-05:00,60.76499938964844,60.849998474121094,60.540000915527344,60.540000915527344,32922,0.0,0.0
2023-12-13 11:30:00-05:00,60.540000915527344,60.645999908447266,60.474998474121094,60.5099983215332,34775,0.0,0.0
2023-12-13 12:30:00-05:00,60.5,60.599998474121094,60.39500045776367,60.439998626708984,30485,0.0,0.0
2023-12-13 13:30:00-05:00,60.439998626708984,61.7400016784668,60.369998931884766,61.68000030517578,65265,0.0,0.0
2023-12-13 14:30:00-05:00,61.75,63.58000183105469,61.7400016784668,63.47999954223633,225047,0.0,0.0
2023-12-13 15:30:00-05:00,63.47999954223633,63.81999969482422,63.2599983215332,63.34000015258789,233328,0.0,0.0
2023-12-14 09:30:00-05:00,64.30999755859375,64.8499984741211,64.02999877929688,64.05999755859375,53276,0.0,0.0
2023-12-14 10:30:00-05:00,64.0,64.63999938964844,63.92499923706055,64.63999938964844,98260,0.0,0.0
2023-12-14 11:30:00-05:00,64.68000030517578,64.9800033569336,64.48999786376953,64.83000183105469,171023,0.0,0.0
2023-12-14 12:30:00-05:00,64.87000274658203,65.08000183105469,64.69999694824219,64.80999755859375,59394,0.0,0.0
2023-12-14 13:30:00-05:00,64.80999755859375,65.0999984741211,64.6884994506836,64.73999786376953,87550,0.0,0.0
2023-12-14 14:30:00-05:00,64.69000244140625,64.88999938964844,64.6500015258789,64.68000030517578,48660,0.0,0.0
2023-12-14 15:30:00-05:00,64.66999816894531,64.7300033569336,64.5250015258789,64.7300033569336,135651,0.0,0.0
2023-12-15 09:30:00-05:00,64.38999938964844,65.2300033569336,64.38999938964844,65.16999816894531,126945,0.0,0.0
2023-12-15 10:30:00-05:00,65.16999816894531,65.5,65.01000213623047,65.02999877929688,40140,0.0,0.0
2023-12-15 11:30:00-05:00,65.05000305175781,65.54000091552734,64.9800033569336,65.5,81567,0.0,0.0
2023-12-15 12:30:00-05:00,65.49500274658203,65.54000091552734,65.04000091552734,65.08000183105469,96234,0.0,0.0
2023-12-15 13:30:00-05:00,65.12000274658203,65.16000366210938,64.70130157470703,64.8499984741211,42989,0.0,0.0
2023-12-15 14:30:00-05:00,64.83999633789062,64.86499786376953,64.58999633789062,64.80999755859375,56257,0.0,0.0
2023-12-15 15:30:00-05:00,64.81999969482422,64.81999969482422,64.31999969482422,64.31999969482422,148968,0.0,0.0
2023-12-18 09:30:00-05:00,64.4800033569336,64.93000030517578,63.83000183105469,64.37999725341797,36884,0.0,0.0
2023-12-18 10:30:00-05:00,64.37000274658203,64.51000213623047,63.81999969482422,63.849998474121094,53797,0.0,0.0
2023-12-18 11:30:00-05:00,63.79999923706055,64.04000091552734,63.70000076293945,63.93000030517578,46211,0.0,0.0
2023-12-18 12:30:00-05:00,63.93000030517578,63.95000076293945,63.400001525878906,63.45000076293945,43317,0.0,0.0
2023-12-18 13:30:00-05:00,63.45000076293945,63.75,63.44499969482422,63.63999938964844,33272,0.0,0.0
2023-12-18 14:30:00-05:00,63.709999084472656,63.849998474121094,63.630001068115234,63.790000915527344,36569,0.0,0.0
2023-12-18 15:30:00-05:00,63.779998779296875,63.959999084472656,63.7400016784668,63.83000183105469,104565,0.0,0.0
2023-12-19 09:30:00-05:00,64.0199966430664,64.9000015258789,63.95000076293945,64.7750015258789,77382,0.0,0.0
2023-12-19 10:30:00-05:00,64.8499984741211,65.08000183105469,64.69999694824219,65.04000091552734,28537,0.0,0.0
2023-12-19 11:30:00-05:00,65.0,65.08999633789062,64.87000274658203,64.94499969482422,29296,0.0,0.0
2023-12-19 12:30:00-05:00,64.98999786376953,65.26000213623047,64.98999786376953,65.22000122070312,22641,0.0,0.0
2023-12-19 13:30:00-05:00,65.2249984741211,65.27999877929688,65.04000091552734,65.18000030517578,51041,0.0,0.0
2023-12-19 14:30:00-05:00,65.12999725341797,65.16000366210938,64.66000366210938,64.71499633789062,40506,0.0,0.0
2023-12-19 15:30:00-05:00,64.72000122070312,65.13999938964844,64.72000122070312,65.13999938964844,77445,0.0,0.0
2023-12-20 09:30:00-05:00,65.06999969482422,65.43000030517578,64.72000122070312,65.22000122070312,20733,0.0,0.0
2023-12-20 10:30:00-05:00,65.30999755859375,65.54499816894531,65.22000122070312,65.43000030517578,51165,0.0,0.0
2023-12-20 11:30:00-05:00,65.41000366210938,65.50499725341797,65.36000061035156,65.41500091552734,29131,0.0,0.0
2023-12-20 12:30:00-05:00,65.43499755859375,65.4800033569336,65.29499816894531,65.30999755859375,33293,0.0,0.0
2023-12-20 13:30:00-05:00,65.31999969482422,65.44000244140625,65.27999877929688,65.3949966430664,39580,0.0,0.0
2023-12-20 14:30:00-05:00,65.41999816894531,65.44000244140625,64.44000244140625,64.61000061035156,59877,0.0,0.0
2023-12-20 15:30:00-05:00,64.66999816894531,64.77999877929688,64.13999938964844,64.16000366210938,108857,0.0,0.0
2023-12-21 09:30:00-05:00,64.55000305175781,64.81999969482422,64.13999938964844,64.26000213623047,28695,0.0,0.0
2023-12-21 10:30:00-05:00,64.30500030517578,64.3499984741211,64.01000213623047,64.0999984741211,48048,0.0,0.0
2023-12-21 11:30:00-05:00,64.13999938964844,64.13999938964844,61.53820037841797,62.53499984741211,595436,0.0,0.0
2023-12-21 12:30:00-05:00,62.58000183105469,62.790000915527344,62.0,62.56999969482422,178553,0.0,0.0
2023-12-21 13:30:00-05:00,62.54999923706055,63.435001373291016,62.54999923706055,63.43000030517578,133009,0.0,0.0
2023-12-21 14:30:00-05:00,63.41999816894531,63.61000061035156,63.16999816894531,63.584999084472656,83980,0.0,0.0
2023-12-21 15:30:00-05:00,63.59000015258789,63.849998474121094,63.56999969482422,63.77000045776367,256691,0.0,0.0
2023-12-22 09:30:00-05:00,64.0,64.58000183105469,63.35179901123047,64.58000183105469,60332,0.0,0.0
2023-12-22 10:30:00-05:00,64.52999877929688,64.7249984741211,64.18000030517578,64.72000122070312,86883,0.0,0.0
2023-12-22 11:30:00-05:00,64.73999786376953,64.77249908447266,64.11000061035156,64.56999969482422,144188,0.0,0.0
2023-12-22 12:30:00-05:00,64.58000183105469,64.79000091552734,64.19000244140625,64.5999984741211,53888,0.0,0.0
2023-12-22 13:30:00-05:00,64.57499694824219,64.5999984741211,64.38999938964844,64.41999816894531,43175,0.0,0.0
2023-12-22 14:30:00-05:00,64.37000274658203,64.63999938964844,64.29000091552734,64.62999725341797,47826,0.0,0.0
2023-12-22 15:30:00-05:00,64.63999938964844,64.81999969482422,64.45500183105469,64.80999755859375,166157,0.0,0.0
2023-12-26 09:30:00-05:00,64.98999786376953,64.98999786376953,64.55999755859375,64.7699966430664,19741,0.0,0.0
2023-12-26 10:30:00-05:00,64.80000305175781,64.8499984741211,64.33999633789062,64.42500305175781,71692,0.0,0.0
2023-12-26 11:30:00-05:00,64.4800033569336,64.58999633789062,64.4000015258789,64.47000122070312,52613,0.0,0.0
2023-12-26 12:30:00-05:00,64.48999786376953,64.61000061035156,64.48999786376953,64.5,38508,0.0,0.0
2023-12-26 13:30:00-05:00,64.5,64.51170349121094,64.33000183105469,64.41999816894531,39006,0.0,0.0
2023-12-26 14:30:00-05:00,64.41999816894531,64.55999755859375,64.4000015258789,64.48999786376953,41480,0.0,0.0
2023-12-26 15:30:00-05:00,64.48999786376953,64.63999938964844,64.4800033569336,64.58000183105469,104194,0.0,0.0
2023-12-27 09:30:00-05:00,64.66999816894531,64.77999877929688,64.38999938964844,64.68499755859375,20550,0.0,0.0
2023-12-27 10:30:00-05:00,64.69999694824219,64.77999877929688,64.4800033569336,64.77400207519531,26031,0.0,0.0
2023-12-27 11:30:00-05:00,64.79000091552734,64.91000366210938,64.73999786376953,64.875,16984,0.0,0.0
2023-12-27 12:30:00-05:00,64.87000274658203,65.22000122070312,64.81999969482422,65.08499908447266,20335,0.0,0.0
2023-12-27 13:30:00-05:00,65.08999633789062,65.12999725341797,64.86499786376953,65.0,27141,0.0,0.0
2023-12-27 14:30:00-05:00,64.98999786376953,65.0199966430664,64.85099792480469,64.87999725341797,31634,0.0,0.0
2023-12-27 15:30:00-05:00,64.8499984741211,64.91999816894531,64.72000122070312,64.87000274658203,68472,0.0,0.0
2023-12-28 09:30:00-05:00,64.70999908447266,65.08999633789062,64.62200164794922,65.05000305175781,33843,0.0,0.0
2023-12-28 10:30:00-05:00,65.05999755859375,65.16000366210938,64.94999694824219,65.13999938964844,28953,0.0,0.0
2023-12-28 11:30:00-05:00,65.125,65.16999816894531,64.97000122070312,65.02999877929688,34541,0.0,0.0
2023-12-28 12:30:00-05:00,65.01000213623047,65.01000213623047,64.7699966430664,64.875,33726,0.0,0.0
2023-12-28 13:30:00-05:00,64.87999725341797,64.91999816894531,64.83000183105469,64.88999938964844,25637,0.0,0.0
2023-12-28 14:30:00-05:00,64.9000015258789,64.97000122070312,64.79000091552734,64.80999755859375,50845,0.0,0.0
2023-12-28 15:30:00-05:00,64.81999969482422,64.95999908447266,64.7699966430664,64.94000244140625,108214,0.0,0.0
2023-12-29 09:30:00-05:00,64.73999786376953,64.94000244140625,64.5199966430664,64.52999877929688,12774,0.0,0.0
2023-12-29 10:30:00-05:00,64.5250015258789,64.69999694824219,64.38999938964844,64.44999694824219,43091,0.0,0.0
2023-12-29 11:30:00-05:00,64.43000030517578,64.45999908447266,64.19999694824219,64.20999908447266,23671,0.0,0.0
2023-12-29 12:30:00-05:00,64.20999908447266,64.3550033569336,64.18000030517578,64.30000305175781,33800,0.0,0.0
2023-12-29 13:30:00-05:00,64.30999755859375,64.4000015258789,64.24500274658203,64.33999633789062,24854,0.0,0.0
2023-12-29 14:30:00-05:00,64.37000274658203,64.77999877929688,64.37000274658203,64.76000213623047,43982,0.0,0.0
2023-12-29 15:30:00-05:00,64.77999877929688,64.80999755859375,64.44000244140625,64.44000244140625,115506,0.0,0.0
2024-01-02 09:30:00-05:00,63.939998626708984,64.25,63.040000915527344,63.22999954223633,48097,0.0,0.0
2024-01-02 10:30:00-05:00,63.16999816894531,63.275001525878906,62.97999954223633,63.20000076293945,50139,0.0,0.0
2024-01-02 11:30:00-05:00,63.06999969482422,63.41999816894531,63.02000045776367,63.404998779296875,71942,0.0,0.0
2024-01-02 12:30:00-05:00,63.38999938964844,63.619998931884766,63.36000061035156,63.43000030517578,70939,0.0,0.0
2024-01-02 13:30:00-05:00,63.400001525878906,63.45000076293945,63.099998474121094,63.099998474121094,21180,0.0,0.0
2024-01-02 14:30:00-05:00,63.08000183105469,63.084999084472656,62.5099983215332,62.66999816894531,81010,0.0,0.0
2024-01-02 15:30:00-05:00,62.650001525878906,62.69499969482422,62.459999084472656,62.4900016784668,211501,0.0,0.0
2024-01-03 09:30:00-05:00,61.66999816894531,61.79999923706055,61.01499938964844,61.31999969482422,73178,0.0,0.0
2024-01-03 10:30:00-05:00,61.34000015258789,61.638301849365234,61.08000183105469,61.529998779296875,75672,0.0,0.0
2024-01-03 11:30:00-05:00,61.54999923706055,61.619998931884766,61.40999984741211,61.619998931884766,46513,0.0,0.0
2024-01-03 12:30:00-05:00,61.619998931884766,61.869998931884766,61.52000045776367,61.84000015258789,48423,0.0,0.0
2024-01-03 13:30:00-05:00,61.81999969482422,61.89500045776367,61.61000061035156,61.849998474121094,44009,0.0,0.0
2024-01-03 14:30:00-05:00,61.90999984741211,61.90999984741211,61.310001373291016,61.369998931884766,57701,0.0,0.0
2024-01-03 15:30:00-05:00,61.380001068115234,61.474998474121094,61.275001525878906,61.31999969482422,92737,0.0,0.0
2024-01-04 09:30:00-05:00,61.16999816894531,62.099998474121094,61.0098991394043,62.0,24824,0.0,0.0
2024-01-04 10:30:00-05:00,61.91999816894531,62.02000045776367,61.63999938964844,61.7400016784668,38804,0.0,0.0
2024-01-04 11:30:00-05:00,61.720001220703125,61.77989959716797,61.5,61.55860137939453,35175,0.0,0.0
2024-01-04 12:30:00-05:00,61.540000915527344,61.599998474121094,61.349998474121094,61.459999084472656,38361,0.0,0.0
2024-01-04 13:30:00-05:00,61.467498779296875,61.54999923706055,61.400001525878906,61.45500183105469,29526,0.0,0.0
2024-01-04 14:30:00-05:00,61.45500183105469,61.66999816894531,61.3849983215332,61.630001068115234,50647,0.0,0.0
2024-01-04 15:30:00-05:00,61.619998931884766,61.79999923706055,61.529998779296875,61.560001373291016,104651,0.0,0.0
2024-01-05 09:30:00-05:00,61.25,62.52000045776367,61.25,62.380001068115234,31709,0.0,0.0
2024-01-05 10:30:00-05:00,62.349998474121094,62.459999084472656,62.189998626708984,62.27000045776367,31837,0.0,0.0
2024-01-05 11:30:00-05:00,62.279998779296875,62.310001373291016,61.900001525878906,62.01499938964844,23318,0.0,0.0
2024-01-05 12:30:00-05:00,61.96500015258789,62.06999969482422,61.88999938964844,62.04499816894531,24338,0.0,0.0
2024-01-05 13:30:00-05:00,62.08000183105469,62.20000076293945,62.029998779296875,62.040000915527344,33813,0.0,0.0
2024-01-05 14:30:00-05:00,62.040000915527344,62.060001373291016,61.71500015258789,61.775001525878906,39634,0.0,0.0
2024-01-05 15:30:00-05:00,61.72999954223633,61.76499938964844,61.61000061035156,61.66999816894531,73826,0.0,0.0
2024-01-08 09:30:00-05:00,61.689998626708984,62.16999816894531,61.54999923706055,62.150001525878906,27539,0.0,0.0
2024-01-08 10:30:00-05:00,62.18000030517578,62.34000015258789,62.11000061035156,62.14500045776367,18408,0.0,0.0
2024-01-08 11:30:00-05:00,62.10300064086914,62.20000076293945,61.880001068115234,61.900001525878906,28823,0.0,0.0
2024-01-08 12:30:00-05:00,61.880001068115234,61.97999954223633,61.84000015258789,61.93000030517578,28862,0.0,0.0
2024-01-08 13:30:00-05:00,61.93000030517578,62.16999816894531,61.93000030517578,62.15999984741211,23788,0.0,0.0
2024-01-08 14:30:00-05:00,62.20000076293945,62.290000915527344,62.095001220703125,62.150001525878906,30904,0.0,0.0
2024-01-08 15:30:00-05:00,62.150001525878906,62.369998931884766,62.13999938964844,62.25,73658,0.0,0.0
2024-01-09 09:30:00-05:00,61.5099983215332,62.0099983215332,61.189998626708984,61.939998626708984,23550,0.0,0.0
2024-01-09 10:30:00-05:00,62.02000045776367,62.10499954223633,61.72480010986328,61.901798248291016,67600,0.0,0.0
2024-01-09 11:30:00-05:00,61.939998626708984,61.959999084472656,61.76499938964844,61.91999816894531,19910,0.0,0.0
2024-01-09 12:30:00-05:00,61.95000076293945,61.959999084472656,61.70000076293945,61.70429992675781,14584,0.0,0.0
2024-01-09 13:30:00-05:00,61.61000061035156,61.81999969482422,61.599998474121094,61.599998474121094,31375,0.0,0.0
2024-01-09 14:30:00-05:00,61.599998474121094,61.68000030517578,61.47999954223633,61.650001525878906,41703,0.0,0.0
2024-01-09 15:30:00-05:00,61.630001068115234,61.630001068115234,61.4900016784668,61.599998474121094,83898,0.0,0.0
2024-01-10 09:30:00-05:00,61.75,62.099998474121094,61.53499984741211,61.81999969482422,40606,0.0,0.0
2024-01-10 10:30:00-05:00,61.86000061035156,61.900001525878906,61.70000076293945,61.70000076293945,26143,0.0,0.0
2024-01-10 11:30:00-05:00,61.709999084472656,61.900001525878906,61.619998931884766,61.875,28952,0.0,0.0
2024-01-10 12:30:00-05:00,61.84000015258789,61.84000015258789,61.60499954223633,61.83000183105469,34263,0.0,0.0
2024-01-10 13:30:00-05:00,61.80149841308594,62.01499938964844,61.690101623535156,61.939998626708984,37699,0.0,0.0
2024-01-10 14:30:00-05:00,61.959999084472656,61.9900016784668,61.720001220703125,61.790000915527344,66631,0.0,0.0
2024-01-10 15:30:00-05:00,61.79999923706055,62.25,61.790000915527344,62.220001220703125,136552,0.0,0.0
2024-01-11 09:30:00-05:00,61.86000061035156,62.26499938964844,61.119998931884766,61.27000045776367,30754,0.0,0.0
2024-01-11 10:30:00-05:00,61.29999923706055,61.31999969482422,60.849998474121094,60.900001525878906,48071,0.0,0.0
2024-01-11 11:30:00-05:00,60.935001373291016,61.119998931884766,60.79999923706055,61.04999923706055,18810,0.0,0.0
2024-01-11 12:30:00-05:00,61.0099983215332,61.415000915527344,61.0,61.34000015258789,22184,0.0,0.0
2024-01-11 13:30:00-05:00,61.36000061035156,61.540000915527344,61.310001373291016,61.540000915527344,19045,0.0,0.0
2024-01-11 14:30:00-05:00,61.54499816894531,61.709999084472656,61.5,61.61000061035156,25244,0.0,0.0
2024-01-11 15:30:00-05:00,61.619998931884766,61.779998779296875,61.584999084472656,61.70000076293945,102912,0.0,0.0
2024-01-12 09:30:00-05:00,62.18000030517578,62.27000045776367,61.689998626708984,61.724998474121094,38648,0.0,0.0
2024-01-12 10:30:00-05:00,61.68000030517578,61.689998626708984,61.43000030517578,61.56999969482422,20175,0.0,0.0
2024-01-12 11:30:00-05:00,61.599998474121094,61.65999984741211,61.44779968261719,61.540000915527344,27613,0.0,0.0
2024-01-12 12:30:00-05:00,61.54999923706055,61.790000915527344,61.52000045776367,61.779998779296875,24306,0.0,0.0
2024-01-12 13:30:00-05:00,61.79999923706055,62.0099983215332,61.790000915527344,61.95000076293945,22233,0.0,0.0
2024-01-12 14:30:00-05:00,61.91999816894531,61.91999816894531,61.65999984741211,61.691001892089844,24509,0.0,0.0
2024-01-12 15:30:00-05:00,61.689998626708984,61.97999954223633,61.689998626708984,61.959999084472656,92737,0.0,0.0
2024-01-16 09:30:00-05:00,60.650001525878906,61.09000015258789,58.22999954223633,60.88999938964844,68875,0.0,0.0
2024-01-16 10:30:00-05:00,60.83000183105469,60.8650016784668,60.48500061035156,60.720001220703125,70261,0.0,0.0
2024-01-16 11:30:00-05:00,60.7599983215332,60.935001373291016,60.709999084472656,60.72999954223633,46030,0.0,0.0
2024-01-16 12:30:00-05:00,60.70000076293945,60.7400016784668,60.5,60.709999084472656,21921,0.0,0.0
2024-01-16 13:30:00-05:00,60.7599983215332,60.7599983215332,60.22999954223633,60.29999923706055,50788,0.0,0.0
2024-01-16 14:30:00-05:00,60.27000045776367,60.505001068115234,60.2599983215332,60.502201080322266,32438,0.0,0.0
2024-01-16 15:30:00-05:00,60.47999954223633,60.86000061035156,60.47999954223633,60.79999923706055,138269,0.0,0.0
2024-01-17 09:30:00-05:00,60.04999923706055,60.70000076293945,59.970001220703125,59.97999954223633,113382,0.0,0.0
2024-01-17 10:30:00-05:00,60.029998779296875,60.209999084472656,59.83000183105469,59.994998931884766,56664,0.0,0.0
2024-01-17 11:30:00-05:00,59.91999816894531,59.9640007019043,59.70000076293945,59.70000076293945,17355,0.0,0.0
2024-01-17 12:30:00-05:00,59.66999816894531,59.709999084472656,59.369998931884766,59.369998931884766,22050,0.0,0.0
2024-01-17 13:30:00-05:00,59.369998931884766,59.56570053100586,59.290000915527344,59.4900016784668,30417,0.0,0.0
2024-01-17 14:30:00-05:00,59.4900016784668,59.5,59.29999923706055,59.404998779296875,69633,0.0,0.0
2024-01-17 15:30:00-05:00,59.45000076293945,59.78499984741211,59.45000076293945,59.65999984741211,139420,0.0,0.0
2024-01-18 09:30:00-05:00,59.869998931884766,60.220001220703125,59.619998931884766,59.650001525878906,28528,0.0,0.0
2024-01-18 10:30:00-05:00,59.650001525878906,59.86000061035156,59.459999084472656,59.58000183105469,18352,0.0,0.0
2024-01-18 11:30:00-05:00,59.47999954223633,59.55500030517578,59.18000030517578,59.220001220703125,31360,0.0,0.0
2024-01-18 12:30:00-05:00,59.209999084472656,59.33000183105469,59.09000015258789,59.130001068115234,31682,0.0,0.0
2024-01-18 13:30:00-05:00,59.13999938964844,59.29999923706055,59.10499954223633,59.25,75447,0.0,0.0
2024-01-18 14:30:00-05:00,59.2599983215332,59.57500076293945,59.2599983215332,59.53499984741211,57631,0.0,0.0
2024-01-18 15:30:00-05:00,59.540000915527344,59.54999923706055,59.404998779296875,59.43000030517578,112749,0.0,0.0
2024-01-19 09:30:00-05:00,59.790000915527344,59.790000915527344,59.2599983215332,59.380001068115234,31575,0.0,0.0
2024-01-19 10:30:00-05:00,59.3849983215332,59.7599983215332,59.290000915527344,59.68000030517578,21767,0.0,0.0
2024-01-19 11:30:00-05:00,59.68000030517578,59.720001220703125,59.5099983215332,59.689998626708984,23732,0.0,0.0
2024-01-19 12:30:00-05:00,59.689998626708984,60.06999969482422,59.66999816894531,60.04499816894531,26045,0.0,0.0
2024-01-19 13:30:00-05:00,60.06999969482422,60.400001525878906,60.04999923706055,60.34000015258789,40480,0.0,0.0
2024-01-19 14:30:00-05:00,60.29999923706055,60.36000061035156,60.04999923706055,60.2599983215332,82377,0.0,0.0
2024-01-19 15:30:00-05:00,60.22999954223633,60.33000183105469,60.099998474121094,60.31999969482422,133828,0.0,0.0
2024-01-22 09:30:00-05:00,60.72999954223633,61.935001373291016,60.72999954223633,61.935001373291016,34850,0.0,0.0
2024-01-22 10:30:00-05:00,61.86000061035156,61.86000061035156,61.220001220703125,61.33000183105469,23629,0.0,0.0
2024-01-22 11:30:00-05:00,61.34000015258789,61.38999938964844,61.20500183105469,61.36000061035156,19510,0.0,0.0
2024-01-22 12:30:00-05:00,61.36000061035156,61.36000061035156,61.10499954223633,61.10499954223633,22783,0.0,0.0
2024-01-22 13:30:00-05:00,61.11000061035156,61.29999923706055,61.040000915527344,61.29999923706055,60824,0.0,0.0
2024-01-22 14:30:00-05:00,61.29999923706055,61.400001525878906,61.22999954223633,61.380001068115234,32780,0.0,0.0
2024-01-22 15:30:00-05:00,61.38999938964844,61.65999984741211,61.380001068115234,61.650001525878906,100479,0.0,0.0
2024-01-23 09:30:00-05:00,61.83000183105469,61.91999816894531,60.61000061035156,60.61000061035156,0,0.0,0.0
2024-01-23 10:30:00-05:00,60.619998931884766,60.72999954223633,60.38999938964844,60.58000183105469,56247,0.0,0.0
2024-01-23 11:30:00-05:00,60.619998931884766,60.79999923706055,60.54999923706055,60.59000015258789,23773,0.0,0.0
2024-01-23 12:30:00-05:00,60.59000015258789,60.59000015258789,60.40999984741211,60.40999984741211,22835,0.0,0.0
2024-01-23 13:30:00-05:00,60.369998931884766,60.41999816894531,60.22010040283203,60.255401611328125,19738,0.0,0.0
2024-01-23 14:30:00-05:00,60.324100494384766,60.66999816894531,60.310001373291016,60.46139907836914,28285,0.0,0.0
2024-01-23 15:30:00-05:00,60.459999084472656,60.4900016784668,60.27000045776367,60.33000183105469,77283,0.0,0.0
2024-01-24 09:30:00-05:00,60.939998626708984,61.060001373291016,60.38999938964844,60.5099983215332,34953,0.0,0.0
2024-01-24 10:30:00-05:00,60.54999923706055,61.040000915527344,60.46500015258789,60.96500015258789,39190,0.0,0.0
2024-01-24 11:30:00-05:00,60.939998626708984,61.01499938964844,60.7599983215332,60.849998474121094,38241,0.0,0.0
2024-01-24 12:30:00-05:00,60.84000015258789,60.91999816894531,60.59000015258789,60.69499969482422,37286,0.0,0.0
2024-01-24 13:30:00-05:00,60.66999816894531,60.66999816894531,60.220001220703125,60.2599983215332,39955,0.0,0.0
2024-01-24 14:30:00-05:00,60.2599983215332,60.45500183105469,60.189998626708984,60.220001220703125,56651,0.0,0.0
2024-01-24 15:30:00-05:00,60.22200012207031,60.35499954223633,60.15999984741211,60.290000915527344,127047,0.0,0.0
2024-01-25 09:30:00-05:00,60.720001220703125,60.88999938964844,60.375,60.69499969482422,35450,0.0,0.0
2024-01-25 10:30:00-05:00,60.66999816894531,60.68000030517578,60.04999923706055,60.255001068115234,51690,0.0,0.0
2024-01-25 11:30:00-05:00,60.255001068115234,60.310001373291016,60.0099983215332,60.189998626708984,86485,0.0,0.0
2024-01-25 12:30:00-05:00,60.1974983215332,60.5,60.02000045776367,60.470001220703125,81723,0.0,0.0
2024-01-25 13:30:00-05:00,60.459999084472656,60.75,60.459999084472656,60.650001525878906,111219,0.0,0.0
2024-01-25 14:30:00-05:00,60.650001525878906,60.689998626708984,60.44499969482422,60.599998474121094,122864,0.0,0.0
2024-01-25 15:30:00-05:00,60.599998474121094,60.79999923706055,60.58000183105469,60.7400016784668,158032,0.0,0.0
2024-01-26 09:30:00-05:00,61.08000183105469,61.189998626708984,60.834999084472656,61.1150016784668,16889,0.0,0.0
2024-01-26 10:30:00-05:00,61.06999969482422,61.310001373291016,61.029998779296875,61.11000061035156,23951,0.0,0.0
2024-01-26 11:30:00-05:00,61.130001068115234,61.15999984741211,61.04999923706055,61.06999969482422,15541,0.0,0.0
2024-01-26 12:30:00-05:00,61.06999969482422,61.06999969482422,60.75,60.84000015258789,16446,0.0,0.0
2024-01-26 13:30:00-05:00,60.849998474121094,60.869998931884766,60.68000030517578,60.689998626708984,59200,0.0,0.0
2024-01-26 14:30:00-05:00,60.650001525878906,60.689998626708984,60.44499969482422,60.470001220703125,47811,0.0,0.0
2024-01-26 15:30:00-05:00,60.4900016784668,60.630001068115234,60.459999084472656,60.61000061035156,79676,0.0,0.0
2024-01-29 09:30:00-05:00,60.349998474121094,60.77000045776367,60.11000061035156,60.709999084472656,27716,0.0,0.0
2024-01-29 10:30:00-05:00,60.689998626708984,60.900001525878906,60.63999938964844,60.81999969482422,35060,0.0,0.0
2024-01-29 11:30:00-05:00,60.86000061035156,60.86000061035156,60.69499969482422,60.775001525878906,23734,0.0,0.0
2024-01-29 12:30:00-05:00,60.800899505615234,60.88999938964844,60.7400016784668,60.84000015258789,26746,0.0,0.0
2024-01-29 13:30:00-05:00,60.849998474121094,60.97999954223633,60.84000015258789,60.935001373291016,10021,0.0,0.0
2024-01-29 14:30:00-05:00,60.959999084472656,61.310001373291016,60.89500045776367,61.26499938964844,22146,0.0,0.0
2024-01-29 15:30:00-05:00,61.290000915527344,61.529998779296875,61.20000076293945,61.52000045776367,103830,0.0,0.0
2024-01-30 09:30:00-05:00,61.310001373291016,61.65999984741211,61.21179962158203,61.57699966430664,46395,0.0,0.0
2024-01-30 10:30:00-05:00,61.540000915527344,61.869998931884766,61.53499984741211,61.75,50419,0.0,0.0
2024-01-30 11:30:00-05:00,61.744998931884766,62.0,61.529998779296875,61.68000030517578,68754,0.0,0.0
2024-01-30 12:30:00-05:00,61.69990158081055,61.70000076293945,61.5099983215332,61.54999923706055,29887,0.0,0.0
2024-01-30 13:30:00-05:00,61.550201416015625,61.619998931884766,61.44499969482422,61.56999969482422,45781,0.0,0.0
2024-01-30 14:30:00-05:00,61.56999969482422,61.59000015258789,61.25,61.36000061035156,61922,0.0,0.0
2024-01-30 15:30:00-05:00,61.36000061035156,61.400001525878906,61.2400016784668,61.25,87542,0.0,0.0
2024-01-31 09:30:00-05:00,61.11000061035156,61.22999954223633,60.869998931884766,60.970001220703125,16551,0.0,0.0
2024-01-31 10:30:00-05:00,61.029998779296875,61.22999954223633,60.720001220703125,61.209999084472656,52094,0.0,0.0
2024-01-31 11:30:00-05:00,61.185001373291016,61.244998931884766,60.845001220703125,61.18000030517578,40698,0.0,0.0
2024-01-31 12:30:00-05:00,61.209999084472656,61.43000030517578,61.189998626708984,61.29999923706055,39591,0.0,0.0
2024-01-31 13:30:00-05:00,61.279998779296875,61.43000030517578,61.03499984741211,61.119998931884766,60144,0.0,0.0
2024-01-31 14:30:00-05:00,61.099998474121094,61.68000030517578,60.77000045776367,60.95000076293945,103341,0.0,0.0
2024-01-31 15:30:00-05:00,60.89500045776367,60.959999084472656,60.279998779296875,60.33000183105469,98661,0.0,0.0
2024-02-01 09:30:00-05:00,60.4900016784668,60.88999938964844,59.869998931884766,60.029998779296875,34259,0.0,0.0
2024-02-01 10:30:00-05:00,60.10200119018555,60.10200119018555,59.54999923706055,59.880001068115234,59327,0.0,0.0
2024-02-01 11:30:00-05:00,59.93000030517578,60.540000915527344,59.93000030517578,60.540000915527344,48666,0.0,0.0
2024-02-01 12:30:00-05:00,60.58000183105469,61.040000915527344,60.57500076293945,60.7400016784668,45675,0.0,0.0
2024-02-01 13:30:00-05:00,60.7599983215332,60.880001068115234,60.58000183105469,60.67499923706055,74613,0.0,0.0
2024-02-01 14:30:00-05:00,60.70000076293945,60.959999084472656,60.52000045776367,60.7400016784668,115962,0.0,0.0
2024-02-01 15:30:00-05:00,60.7400016784668,61.060001373291016,60.709999084472656,60.959999084472656,160997,0.0,0.0
2024-02-02 09:30:00-05:00,60.36000061035156,60.459999084472656,59.849998474121094,59.9900016784668,50417,0.0,0.0
2024-02-02 10:30:00-05:00,60.11000061035156,60.3650016784668,59.9900016784668,60.220001220703125,57463,0.0,0.0
2024-02-02 11:30:00-05:00,60.28499984741211,60.564998626708984,60.209999084472656,60.564998626708984,48292,0.0,0.0
2024-02-02 12:30:00-05:00,60.59000015258789,60.779998779296875,60.334999084472656,60.65999984741211,43829,0.0,0.0
2024-02-02 13:30:00-05:00,60.63999938964844,60.85499954223633,60.52299880981445,60.790000915527344,43942,0.0,0.0
2024-02-02 14:30:00-05:00,60.779998779296875,60.900001525878906,60.599998474121094,60.88999938964844,57237,0.0,0.0
2024-02-02 15:30:00-05:00,60.880001068115234,60.880001068115234,60.529998779296875,60.58000183105469,116111,0.0,0.0
2024-02-05 09:30:00-05:00,59.959999084472656,60.209999084472656,59.0099983215332,59.10499954223633,69119,0.0,0.0
2024-02-05 10:30:00-05:00,59.10499954223633,59.32899856567383,59.02000045776367,59.189998626708984,59712,0.0,0.0
2024-02-05 11:30:00-05:00,59.220001220703125,59.470001220703125,59.119998931884766,59.459999084472656,56268,0.0,0.0
2024-02-05 12:30:00-05:00,59.470001220703125,59.558998107910156,59.189998626708984,59.349998474121094,82267,0.0,0.0
2024-02-05 13:30:00-05:00,59.31999969482422,59.58000183105469,59.31999969482422,59.58000183105469,65575,0.0,0.0
2024-02-05 14:30:00-05:00,59.619998931884766,59.619998931884766,58.9375,59.130001068115234,200947,0.0,0.0
2024-02-05 15:30:00-05:00,59.119998931884766,59.18000030517578,58.685001373291016,58.75,183518,0.0,0.0
2024-02-06 09:30:00-05:00,59.02000045776367,59.810001373291016,58.459999084472656,58.584999084472656,168433,0.0,0.0
2024-02-06 10:30:00-05:00,58.60499954223633,59.224998474121094,58.4900016784668,59.16999816894531,199836,0.0,0.0
2024-02-06 11:30:00-05:00,59.16999816894531,59.19499969482422,58.869998931884766,59.10499954223633,46551,0.0,0.0
2024-02-06 12:30:00-05:00,59.06999969482422,59.35499954223633,59.0099983215332,59.290000915527344,71040,0.0,0.0
2024-02-06 13:30:00-05:00,59.279998779296875,59.349998474121094,58.869998931884766,58.869998931884766,63563,0.0,0.0
2024-02-06 14:30:00-05:00,58.880001068115234,59.0099983215332,58.81999969482422,58.98500061035156,92974,0.0,0.0
2024-02-06 15:30:00-05:00,58.98500061035156,59.36000061035156,58.93000030517578,59.31999969482422,137811,0.0,0.0
2024-02-07 09:30:00-05:00,59.61000061035156,59.61000061035156,58.7599983215332,59.279998779296875,64133,0.0,0.0
2024-02-07 10:30:00-05:00,59.29999923706055,59.44499969482422,59.040000915527344,59.33000183105469,120468,0.0,0.0
2024-02-07 11:30:00-05:00,59.33000183105469,59.54999923706055,59.2400016784668,59.255001068115234,99647,0.0,0.0
2024-02-07 12:30:00-05:00,59.2599983215332,59.64500045776367,59.2400016784668,59.64500045776367,64308,0.0,0.0
2024-02-07 13:30:00-05:00,59.66999816894531,60.06999969482422,59.6150016784668,59.880001068115234,162875,0.0,0.0
2024-02-07 14:30:00-05:00,59.86000061035156,59.939998626708984,59.540000915527344,59.595001220703125,112906,0.0,0.0
2024-02-07 15:30:00-05:00,59.595001220703125,59.650001525878906,59.369998931884766,59.5,177700,0.0,0.0
2024-02-08 09:30:00-05:00,59.4900016784668,60.90999984741211,59.13999938964844,60.814998626708984,129914,0.0,0.0
2024-02-08 10:30:00-05:00,60.814998626708984,60.900001525878906,60.15999984741211,60.40999984741211,157558,0.0,0.0
2024-02-08 11:30:00-05:00,60.34000015258789,60.439998626708984,59.380001068115234,59.380001068115234,91125,0.0,0.0
2024-02-08 12:30:00-05:00,59.349998474121094,59.349998474121094,58.81999969482422,58.9197998046875,93645,0.0,0.0
2024-02-08 13:30:00-05:00,58.91999816894531,59.150001525878906,58.56999969482422,58.66999816894531,118346,0.0,0.0
2024-02-08 14:30:00-05:00,58.66999816894531,59.0099983215332,58.650001525878906,58.80500030517578,112173,0.0,0.0
2024-02-08 15:30:00-05:00,58.80500030517578,59.2400016784668,58.79999923706055,58.970001220703125,288137,0.0,0.0
2024-02-09 09:30:00-05:00,58.70000076293945,58.720001220703125,57.810001373291016,57.91999816894531,104754,0.0,0.0
2024-02-09 10:30:00-05:00,57.88999938964844,58.380001068115234,57.810001373291016,58.15999984741211,153771,0.0,0.0
2024-02-09 11:30:00-05:00,58.16999816894531,58.290000915527344,57.970001220703125,58.16999816894531,62238,0.0,0.0
2024-02-09 12:30:00-05:00,58.16999816894531,58.90999984741211,58.15999984741211,58.83000183105469,96911,0.0,0.0
2024-02-09 13:30:00-05:00,58.834999084472656,59.08000183105469,58.790000915527344,59.060001373291016,174325,0.0,0.0
2024-02-09 14:30:00-05:00,59.04999923706055,59.09000015258789,58.7599983215332,58.810001373291016,88252,0.0,0.0
2024-02-09 15:30:00-05:00,58.810001373291016,59.04999923706055,58.779998779296875,59.02000045776367,188519,0.0,0.0
2024-02-12 09:30:00-05:00,59.34000015258789,60.34000015258789,59.11000061035156,60.32500076293945,160237,0.0,0.0
2024-02-12 10:30:00-05:00,60.310001373291016,60.53499984741211,60.16999816894531,60.20000076293945,94914,0.0,0.0
2024-02-12 11:30:00-05:00,60.20500183105469,60.38999938964844,60.119998931884766,60.220001220703125,46390,0.0,0.0
2024-02-12 12:30:00-05:00,60.209999084472656,60.439998626708984,60.13999938964844,60.27000045776367,39488,0.0,0.0
2024-02-12 13:30:00-05:00,60.290000915527344,60.47999954223633,60.185001373291016,60.290000915527344,51516,0.0,0.0
2024-02-12 14:30:00-05:00,60.290000915527344,60.38639831542969,60.18000030517578,60.25,71458,0.0,0.0
2024-02-12 15:30:00-05:00,60.2599983215332,60.36000061035156,60.16999816894531,60.2400016784668,148427,0.0,0.0
2024-02-13 09:30:00-05:00,58.79999923706055,59.060001373291016,58.29499816894531,58.724998474121094,71114,0.0,0.0
2024-02-13 10:30:00-05:00,58.68000030517578,59.2400016784668,58.529998779296875,59.150001525878906,118707,0.0,0.0
2024-02-13 11:30:00-05:00,59.11000061035156,59.25,58.86000061035156,58.86000061035156,51913,0.0,0.0
2024-02-13 12:30:00-05:00,58.849998474121094,59.0099983215332,58.25,58.25,76757,0.0,0.0
2024-02-13 13:30:00-05:00,58.2599983215332,58.45000076293945,58.22999954223633,58.31999969482422,89025,0.0,0.0
2024-02-13 14:30:00-05:00,58.31999969482422,58.41999816894531,58.23500061035156,58.41999816894531,126411,0.0,0.0
2024-02-13 15:30:00-05:00,58.400001525878906,58.7400016784668,58.369998931884766,58.56999969482422,172335,0.0,0.0
2024-02-14 09:30:00-05:00,59.38999938964844,59.38999938964844,59.0099983215332,59.064998626708984,31326,0.0,0.0
2024-02-14 10:30:00-05:00,59.040000915527344,59.04999923706055,58.65999984741211,58.8650016784668,34446,0.0,0.0
2024-02-14 11:30:00-05:00,58.869998931884766,58.869998931884766,58.439998626708984,58.529998779296875,55978,0.0,0.0
2024-02-14 12:30:00-05:00,58.529998779296875,58.599998474121094,58.470001220703125,58.59000015258789,56451,0.0,0.0
2024-02-14 13:30:00-05:00,58.625,58.97999954223633,58.619998931884766,58.95000076293945,51704,0.0,0.0
2024-02-14 14:30:00-05:00,58.939998626708984,59.150001525878906,58.8650016784668,59.150001525878906,60110,0.0,0.0
2024-02-14 15:30:00-05:00,59.119998931884766,59.119998931884766,58.66999816894531,58.689998626708984,192161,0.0,0.0
2024-02-15 09:30:00-05:00,59.040000915527344,60.119998931884766,58.96500015258789,59.970001220703125,48127,0.0,0.0
2024-02-15 10:30:00-05:00,59.974998474121094,59.974998474121094,59.540000915527344,59.63999938964844,37293,0.0,0.0
2024-02-15 11:30:00-05:00,59.599998474121094,59.775001525878906,59.599998474121094,59.73500061035156,29638,0.0,0.0
2024-02-15 12:30:00-05:00,59.75,60.1150016784668,59.630001068115234,60.1150016784668,40093,0.0,0.0
2024-02-15 13:30:00-05:00,60.150001525878906,60.310001373291016,60.119998931884766,60.310001373291016,43615,0.0,0.0
2024-02-15 14:30:00-05:00,60.30500030517578,60.349998474121094,60.1150016784668,60.130001068115234,57625,0.0,0.0
2024-02-15 15:30:00-05:00,60.119998931884766,60.290000915527344,59.95000076293945,60.2400016784668,117654,0.0,0.0
2024-02-16 09:30:00-05:00,59.7599983215332,60.04999923706055,59.51499938964844,59.52000045776367,33251,0.0,0.0
2024-02-16 10:30:00-05:00,59.4900016784668,59.75,59.279998779296875,59.75,42627,0.0,0.0
2024-02-16 11:30:00-05:00,59.75,59.79999923706055,59.45000076293945,59.56999969482422,25367,0.0,0.0
2024-02-16 12:30:00-05:00,59.57500076293945,59.630001068115234,59.28200149536133,59.35499954223633,27575,0.0,0.0
2024-02-16 13:30:00-05:00,59.380001068115234,59.40999984741211,59.22999954223633,59.22999954223633,31758,0.0,0.0
2024-02-16 14:30:00-05:00,59.22999954223633,59.22999954223633,58.75,58.90999984741211,78907,0.0,0.0
2024-02-16 15:30:00-05:00,58.900001525878906,58.91999816894531,58.59000015258789,58.630001068115234,131265,0.0,0.0
2024-02-20 09:30:00-05:00,58.040000915527344,58.84000015258789,57.810001373291016,58.84000015258789,44339,0.0,0.0
2024-02-20 10:30:00-05:00,58.869998931884766,58.869998931884766,58.58000183105469,58.65999984741211,31346,0.0,0.0
2024-02-20 11:30:00-05:00,58.689998626708984,58.689998626708984,58.290000915527344,58.29999923706055,27248,0.0,0.0
2024-02-20 12:30:00-05:00,58.279998779296875,58.318599700927734,58.1150016784668,58.16999816894531,31889,0.0,0.0
2024-02-20 13:30:00-05:00,58.185001373291016,58.36000061035156,58.1150016784668,58.31999969482422,34556,0.0,0.0
2024-02-20 14:30:00-05:00,58.310001373291016,58.369998931884766,58.2400016784668,58.29999923706055,43446,0.0,0.0
2024-02-20 15:30:00-05:00,58.29999923706055,58.310001373291016,58.029998779296875,58.099998474121094,103852,0.0,0.0
2024-02-21 09:30:00-05:00,58.040000915527344,58.255001068115234,57.93000030517578,58.185001373291016,76168,0.0,0.0
2024-02-21 10:30:00-05:00,58.23500061035156,58.29999923706055,57.83000183105469,57.83000183105469,39667,0.0,0.0
2024-02-21 11:30:00-05:00,57.790000915527344,57.95000076293945,57.654998779296875,57.77000045776367,115548,0.0,0.0
2024-02-21 12:30:00-05:00,57.79249954223633,57.959999084472656,57.71500015258789,57.77000045776367,128013,0.0,0.0
2024-02-21 13:30:00-05:00,57.77000045776367,57.90999984741211,57.540000915527344,57.599998474121094,128001,0.0,0.0
2024-02-21 14:30:00-05:00,57.599998474121094,57.619998931884766,57.400001525878906,57.45000076293945,88014,0.0,0.0
2024-02-21 15:30:00-05:00,57.439998626708984,57.720001220703125,57.439998626708984,57.66999816894531,155999,0.0,0.0
2024-02-22 09:30:00-05:00,57.709999084472656,57.90999984741211,57.21500015258789,57.27000045776367,77240,0.0,0.0
2024-02-22 10:30:00-05:00,57.25,57.25,56.970001220703125,57.029998779296875,61206,0.0,0.0
2024-02-22 11:30:00-05:00,57.060001373291016,57.220001220703125,56.779998779296875,57.209999084472656,77827,0.0,0.0
2024-02-22 12:30:00-05:00,57.209999084472656,57.35499954223633,57.189998626708984,57.31999969482422,65667,0.0,0.0
2024-02-22 13:30:00-05:00,57.33000183105469,57.45500183105469,57.28499984741211,57.38750076293945,56520,0.0,0.0
2024-02-22 14:30:00-05:00,57.375,57.38999938964844,57.11000061035156,57.18000030517578,74374,0.0,0.0
2024-02-22 15:30:00-05:00,57.16999816894531,57.435001373291016,57.09000015258789,57.16999816894531,179047,0.0,0.0
2024-02-23 09:30:00-05:00,57.25,57.34000015258789,56.689998626708984,57.244998931884766,57268,0.0,0.0
2024-02-23 10:30:00-05:00,57.255001068115234,57.54999923706055,57.20000076293945,57.36600112915039,48111,0.0,0.0
2024-02-23 11:30:00-05:00,57.3650016784668,57.959999084472656,57.29999923706055,57.834999084472656,120873,0.0,0.0
2024-02-23 12:30:00-05:00,57.810001373291016,57.93000030517578,57.68000030517578,57.79999923706055,49941,0.0,0.0
2024-02-23 13:30:00-05:00,57.790000915527344,57.84000015258789,57.5,57.52000045776367,38470,0.0,0.0
2024-02-23 14:30:00-05:00,57.52000045776367,57.77000045776367,57.439998626708984,57.67499923706055,70228,0.0,0.0
2024-02-23 15:30:00-05:00,57.650001525878906,57.7599983215332,57.459999084472656,57.51499938964844,136961,0.0,0.0
2024-02-26 09:30:00-05:00,57.099998474121094,57.70500183105469,56.91999816894531,57.04999923706055,50588,0.0,0.0
2024-02-26 10:30:00-05:00,56.97999954223633,57.279998779296875,56.89500045776367,57.17399978637695,35215,0.0,0.0
2024-02-26 11:30:00-05:00,57.18000030517578,57.45000076293945,57.150001525878906,57.380001068115234,50998,0.0,0.0
2024-02-26 12:30:00-05:00,57.380001068115234,57.38999938964844,56.97999954223633,56.994998931884766,39524,0.0,0.0
2024-02-26 13:30:00-05:00,56.970001220703125,57.15999984741211,56.959999084472656,57.125,35784,0.0,0.0
2024-02-26 14:30:00-05:00,57.13999938964844,57.584999084472656,57.099998474121094,57.56999969482422,62603,0.0,0.0
2024-02-26 15:30:00-05:00,57.58000183105469,57.58000183105469,57.290000915527344,57.52000045776367,123168,0.0,0.0
2024-02-27 09:30:00-05:00,57.68000030517578,57.83000183105469,57.209999084472656,57.53499984741211,30323,0.0,0.0
2024-02-27 10:30:00-05:00,57.54999923706055,57.720001220703125,57.5,57.58000183105469,56500,0.0,0.0
2024-02-27 11:30:00-05:00,57.599998474121094,57.77000045776367,57.5099983215332,57.54999923706055,45402,0.0,0.0
2024-02-27 12:30:00-05:00,57.54999923706055,57.56999969482422,57.29999923706055,57.3125,36072,0.0,0.0
2024-02-27 13:30:00-05:00,57.310001373291016,57.56999969482422,57.310001373291016,57.39500045776367,65588,0.0,0.0
2024-02-27 14:30:00-05:00,57.40999984741211,57.58000183105469,57.290000915527344,57.459999084472656,59129,0.0,0.0
2024-02-27 15:30:00-05:00,57.41999816894531,57.63999938964844,57.41999816894531,57.619998931884766,106189,0.0,0.0
2024-02-28 09:30:00-05:00,57.31999969482422,57.650001525878906,57.165000915527344,57.630001068115234,38129,0.0,0.0
2024-02-28 10:30:00-05:00,57.619998931884766,57.970001220703125,57.61000061035156,57.88999938964844,41826,0.0,0.0
2024-02-28 11:30:00-05:00,57.88999938964844,58.1150016784668,57.869998931884766,58.10499954223633,42666,0.0,0.0
2024-02-28 12:30:00-05:00,58.10499954223633,58.185001373291016,58.02000045776367,58.060001373291016,33246,0.0,0.0
2024-02-28 13:30:00-05:00,58.06999969482422,58.09000015258789,57.75,57.810001373291016,25455,0.0,0.0
2024-02-28 14:30:00-05:00,57.72999954223633,57.72999954223633,57.56999969482422,57.599998474121094,41201,0.0,0.0
2024-02-28 15:30:00-05:00,57.61000061035156,57.650001525878906,57.43000030517578,57.45000076293945,77964,0.0,0.0
2024-02-29 09:30:00-05:00,58.0,58.66999816894531,58.0,58.32500076293945,47022,0.0,0.0
2024-02-29 10:30:00-05:00,58.35200119018555,58.369998931884766,58.09000015258789,58.09000015258789,58340,0.0,0.0
2024-02-29 11:30:00-05:00,58.04999923706055,58.08000183105469,57.790000915527344,58.029998779296875,56636,0.0,0.0
2024-02-29 12:30:00-05:00,58.02000045776367,58.099998474121094,57.959999084472656,58.060001373291016,64262,0.0,0.0
2024-02-29 13:30:00-05:00,58.040000915527344,58.41999816894531,58.040000915527344,58.189998626708984,82714,0.0,0.0
2024-02-29 14:30:00-05:00,58.220001220703125,58.470001220703125,58.165000915527344,58.470001220703125,81418,0.0,0.0
2024-02-29 15:30:00-05:00,58.494998931884766,58.63999938964844,58.369998931884766,58.380001068115234,164104,0.0,0.0
2024-03-01 09:30:00-05:00,58.29999923706055,58.459999084472656,57.75,58.459999084472656,30403,0.0,0.0
2024-03-01 10:30:00-05:00,58.52000045776367,58.59000015258789,58.349998474121094,58.38999938964844,35416,0.0,0.0
2024-03-01 11:30:00-05:00,58.400001525878906,58.63999938964844,58.29999923706055,58.58000183105469,57795,0.0,0.0
2024-03-01 12:30:00-05:00,58.584999084472656,58.584999084472656,58.08000183105469,58.209999084472656,35361,0.0,0.0
2024-03-01 13:30:00-05:00,58.20000076293945,58.459999084472656,58.09000015258789,58.29999923706055,53517,0.0,0.0
2024-03-01 14:30:00-05:00,58.290000915527344,58.369998931884766,58.16999816894531,58.369998931884766,41736,0.0,0.0
2024-03-01 15:30:00-05:00,58.380001068115234,58.61000061035156,58.25,58.59000015258789,112376,0.0,0.0
2024-03-04 09:30:00-05:00,57.900001525878906,58.59000015258789,57.470001220703125,58.099998474121094,108421,0.0,0.0
2024-03-04 10:30:00-05:00,58.119998931884766,58.130001068115234,57.85499954223633,58.0,56635,0.0,0.0
2024-03-04 11:30:00-05:00,58.0,58.369998931884766,57.939998626708984,58.369998931884766,87977,0.0,0.0
2024-03-04 12:30:00-05:00,58.404998779296875,58.46500015258789,58.189998626708984,58.209999084472656,53421,0.0,0.0
2024-03-04 13:30:00-05:00,58.209999084472656,58.22999954223633,57.81999969482422,57.994998931884766,79718,0.0,0.0
2024-03-04 14:30:00-05:00,57.97999954223633,58.165000915527344,57.94499969482422,57.95000076293945,90970,0.0,0.0
2024-03-04 15:30:00-05:00,57.95000076293945,58.02000045776367,57.775001525878906,58.0,162867,0.0,0.0
2024-03-05 09:30:00-05:00,57.869998931884766,58.16999816894531,57.6150016784668,57.709999084472656,60430,0.0,0.0
2024-03-05 10:30:00-05:00,57.720001220703125,57.91999816894531,57.560001373291016,57.91999816894531,54931,0.0,0.0
2024-03-05 11:30:00-05:00,57.90999984741211,58.0,57.68000030517578,57.959999084472656,56192,0.0,0.0
2024-03-05 12:30:00-05:00,57.942501068115234,58.0099983215332,57.79499816894531,57.96900177001953,52759,0.0,0.0
2024-03-05 13:30:00-05:00,57.95500183105469,58.0,57.81999969482422,57.89500045776367,58868,0.0,0.0
2024-03-05 14:30:00-05:00,57.86000061035156,57.86000061035156,57.400001525878906,57.4900016784668,86507,0.0,0.0
2024-03-05 15:30:00-05:00,57.459999084472656,57.78499984741211,57.459999084472656,57.689998626708984,143628,0.0,0.0
2024-03-06 09:30:00-05:00,58.04999923706055,58.189998626708984,57.36000061035156,58.08000183105469,65190,0.0,0.0
2024-03-06 10:30:00-05:00,58.060001373291016,58.20000076293945,57.959999084472656,58.060001373291016,70798,0.0,0.0
2024-03-06 11:30:00-05:00,58.060001373291016,58.060001373291016,57.72999954223633,57.939998626708984,42039,0.0,0.0
2024-03-06 12:30:00-05:00,57.93000030517578,58.07400131225586,57.90999984741211,58.02000045776367,40883,0.0,0.0
2024-03-06 13:30:00-05:00,58.0,58.0,57.540000915527344,57.86050033569336,51703,0.0,0.0
2024-03-06 14:30:00-05:00,57.900001525878906,57.95000076293945,57.689998626708984,57.779998779296875,76770,0.0,0.0
2024-03-06 15:30:00-05:00,57.790000915527344,57.88999938964844,57.72999954223633,57.86000061035156,127981,0.0,0.0
2024-03-07 09:30:00-05:00,57.75,58.099998474121094,57.54719924926758,57.79999923706055,43003,0.0,0.0
2024-03-07 10:30:00-05:00,57.814998626708984,58.400001525878906,57.7400016784668,58.064998626708984,194313,0.0,0.0
2024-03-07 11:30:00-05:00,58.04999923706055,58.04999923706055,57.67499923706055,57.689998626708984,52492,0.0,0.0
2024-03-07 12:30:00-05:00,57.63999938964844,57.685001373291016,57.45500183105469,57.470001220703125,56253,0.0,0.0
2024-03-07 13:30:00-05:00,57.47999954223633,57.47999954223633,57.040000915527344,57.087501525878906,66192,0.0,0.0
2024-03-07 14:30:00-05:00,57.084999084472656,57.20000076293945,56.4900016784668,56.4900016784668,224376,0.0,0.0
2024-03-07 15:30:00-05:00,56.47999954223633,56.54999923706055,56.15999984741211,56.220001220703125,455324,0.0,0.0
2024-03-08 09:30:00-05:00,56.16999816894531,56.189998626708984,54.93000030517578,55.66999816894531,288066,0.0,0.0
2024-03-08 10:30:00-05:00,55.63999938964844,56.06999969482422,55.56999969482422,55.84000015258789,130949,0.0,0.0
2024-03-08 11:30:00-05:00,55.81999969482422,56.0,55.61000061035156,55.95000076293945,75594,0.0,0.0
2024-03-08 12:30:00-05:00,55.939998626708984,55.974998474121094,55.599998474121094,55.70000076293945,58446,0.0,0.0
2024-03-08 13:30:00-05:00,55.68000030517578,55.72999954223633,55.310001373291016,55.369998931884766,73852,0.0,0.0
2024-03-08 14:30:00-05:00,55.3650016784668,55.66999816894531,55.2400016784668,55.61000061035156,121513,0.0,0.0
2024-03-08 15:30:00-05:00,55.61399841308594,55.8650016784668,55.61399841308594,55.790000915527344,222182,0.0,0.0
2024-03-11 09:30:00-04:00,55.59000015258789,56.470001220703125,55.27000045776367,55.89500045776367,73771,0.0,0.0
2024-03-11 10:30:00-04:00,55.935001373291016,56.20000076293945,55.689998626708984,56.1349983215332,82073,0.0,0.0
2024-03-11 11:30:00-04:00,56.119998931884766,56.34000015258789,56.08000183105469,56.290000915527344,86741,0.0,0.0
2024-03-11 12:30:00-04:00,56.29499816894531,56.400001525878906,56.22999954223633,56.400001525878906,64062,0.0,0.0
2024-03-11 13:30:00-04:00,56.38999938964844,56.59000015258789,56.3650016784668,56.470001220703125,69996,0.0,0.0
2024-03-11 14:30:00-04:00,56.459999084472656,56.720001220703125,56.404998779296875,56.56999969482422,109065,0.0,0.0
2024-03-11 15:30:00-04:00,56.56999969482422,56.619998931884766,56.41999816894531,56.560001373291016,204214,0.0,0.0
2024-03-12 09:30:00-04:00,56.43000030517578,56.56999969482422,56.220001220703125,56.540000915527344,32466,0.0,0.0
2024-03-12 10:30:00-04:00,56.54999923706055,56.70000076293945,56.349998474121094,56.36000061035156,48279,0.0,0.0
2024-03-12 11:30:00-04:00,56.33000183105469,56.34000015258789,55.81999969482422,56.040000915527344,37330,0.0,0.0
2024-03-12 12:30:00-04:00,56.040000915527344,56.13999938964844,55.875,56.06999969482422,45494,0.0,0.0
2024-03-12 13:30:00-04:00,56.060001373291016,56.18000030517578,55.9900016784668,56.18000030517578,49283,0.0,0.0
2024-03-12 14:30:00-04:00,56.18000030517578,56.29999923706055,56.06999969482422,56.18000030517578,55234,0.0,0.0
2024-03-12 15:30:00-04:00,56.16999816894531,56.31999969482422,56.130001068115234,56.279998779296875,137036,0.0,0.0
2024-03-13 09:30:00-04:00,56.22999954223633,56.75,56.207801818847656,56.619998931884766,36231,0.0,0.0
2024-03-13 10:30:00-04:00,56.59000015258789,56.59000015258789,56.125,56.2400016784668,33505,0.0,0.0
2024-03-13 11:30:00-04:00,56.2400016784668,56.70000076293945,56.16999816894531,56.52000045776367,69799,0.0,0.0
2024-03-13 12:30:00-04:00,56.5099983215332,56.650001525878906,56.40999984741211,56.61000061035156,30848,0.0,0.0
2024-03-13 13:30:00-04:00,56.599998474121094,56.630001068115234,56.470001220703125,56.4900016784668,44697,0.0,0.0
2024-03-13 14:30:00-04:00,56.470001220703125,56.59000015258789,56.349998474121094,56.41999816894531,95798,0.0,0.0
2024-03-13 15:30:00-04:00,56.459999084472656,56.65999984741211,56.43000030517578,56.459999084472656,138796,0.0,0.0
2024-03-14 09:30:00-04:00,56.2400016784668,56.5099983215332,55.68000030517578,55.900001525878906,66168,0.0,0.0
2024-03-14 10:30:00-04:00,55.93000030517578,56.27000045776367,55.869998931884766,55.90999984741211,80150,0.0,0.0
2024-03-14 11:30:00-04:00,55.93000030517578,56.13999938964844,55.86000061035156,56.06999969482422,42844,0.0,0.0
2024-03-14 12:30:00-04:00,56.060001373291016,56.10559844970703,55.88999938964844,55.88999938964844,41017,0.0,0.0
2024-03-14 13:30:00-04:00,55.88999938964844,56.005001068115234,55.790000915527344,55.790000915527344,43761,0.0,0.0
2024-03-14 14:30:00-04:00,55.75,55.775001525878906,55.334999084472656,55.459999084472656,72306,0.0,0.0
2024-03-14 15:30:00-04:00,55.439998626708984,55.47999954223633,55.18000030517578,55.45000076293945,202628,0.0,0.0
2024-03-15 09:30:00-04:00,55.06999969482422,55.7400016784668,55.06999969482422,55.400001525878906,122593,0.0,0.0
2024-03-15 10:30:00-04:00,55.3849983215332,55.45000076293945,55.20000076293945,55.38999938964844,54757,0.0,0.0
2024-03-15 11:30:00-04:00,55.45000076293945,55.45500183105469,55.31999969482422,55.38999938964844,44096,0.0,0.0
2024-03-15 12:30:00-04:00,55.369998931884766,55.369998931884766,55.220001220703125,55.29999923706055,51358,0.0,0.0
2024-03-15 13:30:00-04:00,55.29499816894531,55.29499816894531,54.94499969482422,55.0,76915,0.0,0.0
2024-03-15 14:30:00-04:00,54.97999954223633,55.150001525878906,54.970001220703125,54.974998474121094,105779,0.0,0.0
2024-03-15 15:30:00-04:00,54.974998474121094,55.310001373291016,54.709999084472656,55.255001068115234,200118,0.0,0.0
2024-03-18 09:30:00-04:00,55.529998779296875,55.529998779296875,54.92100143432617,54.970001220703125,40153,0.0,0.0
2024-03-18 10:30:00-04:00,55.0,55.29999923706055,54.93000030517578,55.209999084472656,42892,0.0,0.0
2024-03-18 11:30:00-04:00,55.220001220703125,55.26499938964844,54.86000061035156,54.939998626708984,46083,0.0,0.0
2024-03-18 12:30:00-04:00,54.97999954223633,54.9900016784668,54.72999954223633,54.83000183105469,46694,0.0,0.0
2024-03-18 13:30:00-04:00,54.84000015258789,54.84000015258789,54.584999084472656,54.77000045776367,61508,0.0,0.0
2024-03-18 14:30:00-04:00,54.7400016784668,54.86000061035156,54.61000061035156,54.61000061035156,67102,0.0,0.0
2024-03-18 15:30:00-04:00,54.599998474121094,54.66999816894531,54.33000183105469,54.33000183105469,162013,0.0,0.0
2024-03-19 09:30:00-04:00,54.290000915527344,54.83000183105469,54.27000045776367,54.369998931884766,28741,0.0,0.0
2024-03-19 10:30:00-04:00,54.400001525878906,54.810001373291016,54.38999938964844,54.79999923706055,29855,0.0,0.0
2024-03-19 11:30:00-04:00,54.790000915527344,54.91999816894531,54.7599983215332,54.779998779296875,36350,0.0,0.0
2024-03-19 12:30:00-04:00,54.79999923706055,54.904998779296875,54.75,54.880001068115234,49011,0.0,0.0
2024-03-19 13:30:00-04:00,54.900001525878906,54.939998626708984,54.59000015258789,54.630001068115234,51517,0.0,0.0
2024-03-19 14:30:00-04:00,54.63999938964844,55.040000915527344,54.619998931884766,55.0,76778,0.0,0.0
2024-03-19 15:30:00-04:00,54.9900016784668,55.209999084472656,54.89500045776367,55.16999816894531,140478,0.0,0.0
2024-03-20 09:30:00-04:00,54.880001068115234,55.13999938964844,54.709999084472656,55.13999938964844,61742,0.0,0.0
2024-03-20 10:30:00-04:00,55.150001525878906,55.34000015258789,54.97999954223633,55.31999969482422,48969,0.0,0.0
2024-03-20 11:30:00-04:00,55.310001373291016,55.40999984741211,55.13999938964844,55.189998626708984,32081,0.0,0.0
2024-03-20 12:30:00-04:00,55.209999084472656,55.40999984741211,55.189998626708984,55.31999969482422,34690,0.0,0.0
2024-03-20 13:30:00-04:00,55.279998779296875,56.029998779296875,55.18000030517578,55.630001068115234,67709,0.0,0.0
2024-03-20 14:30:00-04:00,55.68000030517578,56.84000015258789,55.52000045776367,56.72999954223633,218308,0.0,0.0
2024-03-20 15:30:00-04:00,56.70500183105469,56.88999938964844,56.43000030517578,56.5,227510,0.0,0.0
2024-03-21 09:30:00-04:00,57.91999816894531,58.60499954223633,57.53499984741211,58.599998474121094,208043,0.0,0.0
2024-03-21 10:30:00-04:00,58.584999084472656,58.849998474121094,58.27000045776367,58.38999938964844,128391,0.0,0.0
2024-03-21 11:30:00-04:00,58.36000061035156,58.66999816894531,58.290000915527344,58.619998931884766,90368,0.0,0.0
2024-03-21 12:30:00-04:00,58.605098724365234,59.017398834228516,58.54999923706055,58.939998626708984,98842,0.0,0.0
2024-03-21 13:30:00-04:00,58.939998626708984,58.939998626708984,58.65999984741211,58.900001525878906,61020,0.0,0.0
2024-03-21 14:30:00-04:00,58.900001525878906,59.029998779296875,58.849998474121094,58.95000076293945,129150,0.0,0.0
2024-03-21 15:30:00-04:00,58.97999954223633,59.0,58.86000061035156,59.0,261809,0.0,0.0
2024-03-22 09:30:00-04:00,59.279998779296875,59.279998779296875,58.40999984741211,58.47999954223633,33423,0.0,0.0
2024-03-22 10:30:00-04:00,58.459999084472656,58.599998474121094,58.33000183105469,58.52000045776367,55347,0.0,0.0
2024-03-22 11:30:00-04:00,58.5099983215332,58.52000045776367,58.189998626708984,58.369998931884766,43978,0.0,0.0
2024-03-22 12:30:00-04:00,58.369998931884766,58.44499969482422,58.220001220703125,58.43000030517578,39171,0.0,0.0
2024-03-22 13:30:00-04:00,58.40999984741211,58.564998626708984,58.38999938964844,58.52000045776367,38683,0.0,0.0
2024-03-22 14:30:00-04:00,58.505001068115234,58.560001373291016,58.2400016784668,58.47999954223633,63667,0.0,0.0
2024-03-22 15:30:00-04:00,58.4900016784668,58.5099983215332,58.0099983215332,58.13999938964844,129145,0.0,0.0
2024-03-25 09:30:00-04:00,58.29999923706055,58.84000015258789,57.84000015258789,58.14500045776367,79804,0.0,0.0
2024-03-25 10:30:00-04:00,58.14500045776367,58.22999954223633,57.81999969482422,58.150001525878906,74510,0.0,0.0
2024-03-25 11:30:00-04:00,58.165000915527344,58.2599983215332,57.88999938964844,57.88999938964844,37026,0.0,0.0
2024-03-25 12:30:00-04:00,57.88999938964844,58.06999969482422,57.884498596191406,58.0099983215332,48042,0.0,0.0
2024-03-25 13:30:00-04:00,58.040000915527344,58.08000183105469,57.880001068115234,57.880001068115234,48857,0.0,0.0
2024-03-25 14:30:00-04:00,57.869998931884766,57.959999084472656,57.52000045776367,57.86000061035156,63814,0.0,0.0
2024-03-25 15:30:00-04:00,57.869998931884766,57.94499969482422,57.59000015258789,57.61000061035156,137575,0.0,0.0
2024-03-26 09:30:00-04:00,57.68000030517578,57.755001068115234,57.56999969482422,57.689998626708984,21560,0.0,0.0
2024-03-26 10:30:00-04:00,57.65999984741211,58.0,57.657501220703125,57.9900016784668,55357,0.0,0.0
2024-03-26 11:30:00-04:00,57.974998474121094,57.974998474121094,57.790000915527344,57.93000030517578,50087,0.0,0.0
2024-03-26 12:30:00-04:00,57.90999984741211,58.029998779296875,57.79999923706055,57.93000030517578,54645,0.0,0.0
2024-03-26 13:30:00-04:00,57.91999816894531,58.02000045776367,57.68000030517578,57.90999984741211,61122,0.0,0.0
2024-03-26 14:30:00-04:00,57.90999984741211,58.209999084472656,57.82500076293945,58.005001068115234,160984,0.0,0.0
2024-03-26 15:30:00-04:00,58.005001068115234,58.02000045776367,57.86000061035156,57.97999954223633,143260,0.0,0.0
2024-03-27 09:30:00-04:00,58.5099983215332,58.939998626708984,58.36000061035156,58.54999923706055,27766,0.0,0.0
2024-03-27 10:30:00-04:00,58.58000183105469,59.15999984741211,58.58000183105469,59.15999984741211,69923,0.0,0.0
2024-03-27 11:30:00-04:00,59.18000030517578,59.439998626708984,59.099998474121094,59.439998626708984,91362,0.0,0.0
2024-03-27 12:30:00-04:00,59.43000030517578,59.43000030517578,59.2322998046875,59.310001373291016,50532,0.0,0.0
2024-03-27 13:30:00-04:00,59.26499938964844,59.45000076293945,59.2400016784668,59.43000030517578,42945,0.0,0.0
2024-03-27 14:30:00-04:00,59.42499923706055,59.540000915527344,59.3849983215332,59.540000915527344,99831,0.0,0.0
2024-03-27 15:30:00-04:00,59.529998779296875,59.849998474121094,59.5099983215332,59.849998474121094,157125,0.0,0.0
2024-03-28 09:30:00-04:00,59.869998931884766,60.470001220703125,59.810001373291016,60.45000076293945,40856,0.0,0.0
2024-03-28 10:30:00-04:00,60.427398681640625,60.66999816894531,60.31010055541992,60.599998474121094,59002,0.0,0.0
2024-03-28 11:30:00-04:00,60.57500076293945,60.7400016784668,60.54999923706055,60.7400016784668,76127,0.0,0.0
2024-03-28 12:30:00-04:00,60.709999084472656,60.709999084472656,60.41999816894531,60.53990173339844,26887,0.0,0.0
2024-03-28 13:30:00-04:00,60.5099983215332,60.66999816894531,60.459999084472656,60.66999816894531,34827,0.0,0.0
2024-03-28 14:30:00-04:00,60.650001525878906,60.92499923706055,60.56999969482422,60.8650016784668,46906,0.0,0.0
2024-03-28 15:30:00-04:00,60.880001068115234,61.06999969482422,60.790000915527344,60.9900016784668,157506,0.0,0.0
2024-04-01 09:30:00-04:00,61.0,61.0,60.14500045776367,60.189998626708984,81989,0.0,0.0
2024-04-01 10:30:00-04:00,60.185001373291016,60.334999084472656,59.88999938964844,60.220001220703125,117960,0.0,0.0
2024-04-01 11:30:00-04:00,60.189998626708984,60.25,60.02000045776367,60.130001068115234,56526,0.0,0.0
2024-04-01 12:30:00-04:00,60.09000015258789,60.09000015258789,59.709999084472656,59.91999816894531,38299,0.0,0.0
2024-04-01 13:30:00-04:00,59.91019821166992,60.0,59.790000915527344,59.790000915527344,51182,0.0,0.0
2024-04-01 14:30:00-04:00,59.810001373291016,59.88999938964844,59.75,59.84000015258789,63412,0.0,0.0
2024-04-01 15:30:00-04:00,59.810001373291016,59.84000015258789,59.540000915527344,59.7400016784668,143801,0.0,0.0
2024-04-02 09:30:00-04:00,59.310001373291016,59.72999954223633,58.880001068115234,59.29999923706055,88658,0.0,0.0
2024-04-02 10:30:00-04:00,59.29499816894531,59.4900016784668,59.220001220703125,59.40999984741211,84412,0.0,0.0
2024-04-02 11:30:00-04:00,59.380001068115234,59.61000061035156,59.375,59.53499984741211,68911,0.0,0.0
2024-04-02 12:30:00-04:00,59.52000045776367,59.59000015258789,59.459999084472656,59.494998931884766,31019,0.0,0.0
2024-04-02 13:30:00-04:00,59.4900016784668,59.599998474121094,59.400001525878906,59.57500076293945,90314,0.0,0.0
2024-04-02 14:30:00-04:00,59.57500076293945,59.689998626708984,59.47999954223633,59.63999938964844,68041,0.0,0.0
2024-04-02 15:30:00-04:00,59.63999938964844,59.779998779296875,59.59000015258789,59.75,246932,0.0,0.0
2024-04-03 09:30:00-04:00,59.41999816894531,59.849998474121094,59.27000045776367,59.439998626708984,39215,0.0,0.0
2024-04-03 10:30:00-04:00,59.439998626708984,59.59000015258789,59.38999938964844,59.47999954223633,54659,0.0,0.0
2024-04-03 11:30:00-04:00,59.5,59.59000015258789,59.380001068115234,59.59000015258789,79076,0.0,0.0
2024-04-03 12:30:00-04:00,59.619998931884766,60.11000061035156,59.619998931884766,59.91999816894531,55324,0.0,0.0
2024-04-03 13:30:00-04:00,59.900001525878906,60.220001220703125,59.7400016784668,60.20500183105469,81354,0.0,0.0
2024-04-03 14:30:00-04:00,60.20000076293945,60.20000076293945,59.88999938964844,59.935001373291016,108286,0.0,0.0
2024-04-03 15:30:00-04:00,59.91999816894531,60.04999923706055,59.75,60.0,157315,0.0,0.0
2024-04-04 09:30:00-04:00,60.66999816894531,61.22999954223633,60.220001220703125,61.029998779296875,151892,0.0,0.0
2024-04-04 10:30:00-04:00,61.0,61.209999084472656,60.97999954223633,61.040000915527344,64919,0.0,0.0
2024-04-04 11:30:00-04:00,61.025001525878906,61.2400016784668,61.005001068115234,61.095001220703125,103253,0.0,0.0
2024-04-04 12:30:00-04:00,61.099998474121094,61.15999984741211,61.0,61.1150016784668,41520,0.0,0.0
2024-04-04 13:30:00-04:00,61.130001068115234,61.130001068115234,60.52000045776367,60.53499984741211,71725,0.0,0.0
2024-04-04 14:30:00-04:00,60.53499984741211,60.56999969482422,60.165000915527344,60.165000915527344,153856,0.0,0.0
2024-04-04 15:30:00-04:00,60.18000030517578,60.279998779296875,60.0,60.2400016784668,273738,0.0,0.0
2024-04-05 09:30:00-04:00,60.189998626708984,60.38999938964844,59.4900016784668,59.560001373291016,54406,0.0,0.0
2024-04-05 10:30:00-04:00,59.529998779296875,59.97999954223633,59.5,59.97999954223633,38972,0.0,0.0
2024-04-05 11:30:00-04:00,59.994998931884766,60.525001525878906,59.970001220703125,60.2400016784668,118064,0.0,0.0
2024-04-05 12:30:00-04:00,60.2400016784668,60.56999969482422,60.220001220703125,60.474998474121094,95811,0.0,0.0
2024-04-05 13:30:00-04:00,60.4900016784668,60.54999923706055,60.290000915527344,60.45000076293945,122461,0.0,0.0
2024-04-05 14:30:00-04:00,60.45000076293945,60.560001373291016,60.369998931884766,60.54999923706055,132879,0.0,0.0
2024-04-05 15:30:00-04:00,60.54999923706055,60.6150016784668,60.45000076293945,60.4900016784668,165719,0.0,0.0
2024-04-08 09:30:00-04:00,60.84000015258789,60.959999084472656,60.56999969482422,60.939998626708984,34643,0.0,0.0
2024-04-08 10:30:00-04:00,60.939998626708984,61.15999984741211,60.91999816894531,61.04499816894531,34559,0.0,0.0
2024-04-08 11:30:00-04:00,61.03499984741211,61.03499984741211,60.529998779296875,60.58000183105469,40389,0.0,0.0
2024-04-08 12:30:00-04:00,60.560001373291016,60.72999954223633,60.54999923706055,60.61000061035156,44861,0.0,0.0
2024-04-08 13:30:00-04:00,60.595001220703125,60.84000015258789,60.595001220703125,60.82500076293945,47978,0.0,0.0
2024-04-08 14:30:00-04:00,60.82500076293945,60.83000183105469,60.529998779296875,60.68000030517578,48877,0.0,0.0
2024-04-08 15:30:00-04:00,60.689998626708984,60.7400016784668,60.51499938964844,60.619998931884766,109731,0.0,0.0
2024-04-09 09:30:00-04:00,60.77000045776367,61.084999084472656,60.59000015258789,60.59000015258789,48401,0.0,0.0
2024-04-09 10:30:00-04:00,60.529998779296875,60.529998779296875,60.310001373291016,60.459999084472656,32466,0.0,0.0
2024-04-09 11:30:00-04:00,60.439998626708984,60.459999084472656,60.279998779296875,60.40999984741211,25163,0.0,0.0
2024-04-09 12:30:00-04:00,60.38999938964844,60.619998931884766,60.349998474121094,60.564998626708984,40396,0.0,0.0
2024-04-09 13:30:00-04:00,60.58000183105469,60.59000015258789,60.209999084472656,60.21500015258789,55740,0.0,0.0
2024-04-09 14:30:00-04:00,60.20000076293945,60.279998779296875,60.05500030517578,60.26499938964844,70027,0.0,0.0
2024-04-09 15:30:00-04:00,60.279998779296875,60.34000015258789,59.959999084472656,60.04999923706055,174015,0.0,0.0
2024-04-10 09:30:00-04:00,58.20000076293945,58.439998626708984,56.70000076293945,57.0,107082,0.0,0.0
2024-04-10 10:30:00-04:00,57.0,57.0,55.63999938964844,55.939998626708984,77371,0.0,0.0
2024-04-10 11:30:00-04:00,55.95000076293945,56.08000183105469,55.650001525878906,56.0,87446,0.0,0.0
2024-04-10 12:30:00-04:00,55.994998931884766,56.0099983215332,55.08000183105469,55.11000061035156,72181,0.0,0.0
2024-04-10 13:30:00-04:00,55.119998931884766,55.310001373291016,54.80500030517578,55.275001525878906,90908,0.0,0.0
2024-04-10 14:30:00-04:00,55.29999923706055,55.459999084472656,55.119998931884766,55.25,152055,0.0,0.0
2024-04-10 15:30:00-04:00,55.2400016784668,55.5,55.15999984741211,55.47999954223633,293046,0.0,0.0
2024-04-11 09:30:00-04:00,55.189998626708984,56.87889862060547,55.189998626708984,56.4900016784668,301746,0.0,0.0
2024-04-11 10:30:00-04:00,56.439998626708984,56.81999969482422,56.38999938964844,56.75,101947,0.0,0.0
2024-04-11 11:30:00-04:00,56.70000076293945,57.400001525878906,56.58000183105469,57.349998474121094,144794,0.0,0.0
2024-04-11 12:30:00-04:00,57.314998626708984,57.65999984741211,57.08000183105469,57.47999954223633,94854,0.0,0.0
2024-04-11 13:30:00-04:00,57.45000076293945,57.459999084472656,56.970001220703125,57.279998779296875,89866,0.0,0.0
2024-04-11 14:30:00-04:00,57.310001373291016,57.41999816894531,56.869998931884766,56.95000076293945,112787,0.0,0.0
2024-04-11 15:30:00-04:00,56.91999816894531,57.0,56.650001525878906,56.849998474121094,129688,0.0,0.0
2024-04-12 09:30:00-04:00,56.52000045776367,57.099998474121094,56.52000045776367,56.65999984741211,28342,0.0,0.0
2024-04-12 10:30:00-04:00,56.68000030517578,56.84000015258789,56.52000045776367,56.79999923706055,41903,0.0,0.0
2024-04-12 11:30:00-04:00,56.779998779296875,56.939998626708984,56.709999084472656,56.83000183105469,32279,0.0,0.0
2024-04-12 12:30:00-04:00,56.82500076293945,56.849998474121094,56.619998931884766,56.81999969482422,70985,0.0,0.0
2024-04-12 13:30:00-04:00,56.78499984741211,57.04999923706055,56.78499984741211,56.93000030517578,75347,0.0,0.0
2024-04-12 14:30:00-04:00,56.93000030517578,56.94499969482422,56.79999923706055,56.88999938964844,100009,0.0,0.0
2024-04-12 15:30:00-04:00,56.869998931884766,57.07500076293945,56.845001220703125,57.0099983215332,152597,0.0,0.0
2024-04-15 09:30:00-04:00,57.38999938964844,57.540000915527344,56.540000915527344,56.540000915527344,39679,0.0,0.0
2024-04-15 10:30:00-04:00,56.529998779296875,56.84000015258789,56.525001525878906,56.619998931884766,41792,0.0,0.0
2024-04-15 11:30:00-04:00,56.630001068115234,57.040000915527344,56.619998931884766,56.834999084472656,41569,0.0,0.0
2024-04-15 12:30:00-04:00,56.814998626708984,56.84000015258789,56.220001220703125,56.22100067138672,32917,0.0,0.0
2024-04-15 13:30:00-04:00,56.16999816894531,56.439998626708984,56.119998931884766,56.2599983215332,49392,0.0,0.0
2024-04-15 14:30:00-04:00,56.209999084472656,56.334999084472656,55.869998931884766,56.04999923706055,61932,0.0,0.0
2024-04-15 15:30:00-04:00,56.06999969482422,56.29499816894531,56.005001068115234,56.099998474121094,98937,0.0,0.0
2024-04-16 09:30:00-04:00,55.93000030517578,56.06999969482422,55.15599822998047,55.380001068115234,31612,0.0,0.0
2024-04-16 10:30:00-04:00,55.33000183105469,55.5099983215332,55.305999755859375,55.46500015258789,39350,0.0,0.0
2024-04-16 11:30:00-04:00,55.4900016784668,55.775001525878906,55.380001068115234,55.7400016784668,30207,0.0,0.0
2024-04-16 12:30:00-04:00,55.7400016784668,55.88999938964844,55.630001068115234,55.779998779296875,39871,0.0,0.0
2024-04-16 13:30:00-04:00,55.779998779296875,55.78499984741211,55.22999954223633,55.22999954223633,36466,0.0,0.0
2024-04-16 14:30:00-04:00,55.2599983215332,55.5,55.20000076293945,55.48500061035156,41000,0.0,0.0
2024-04-16 15:30:00-04:00,55.470001220703125,55.470001220703125,55.099998474121094,55.11000061035156,93185,0.0,0.0
2024-04-17 09:30:00-04:00,55.08000183105469,55.70000076293945,55.08000183105469,55.599998474121094,25654,0.0,0.0
2024-04-17 10:30:00-04:00,55.619998931884766,55.70000076293945,55.150001525878906,55.15999984741211,30479,0.0,0.0
2024-04-17 11:30:00-04:00,55.15999984741211,55.310001373291016,55.029998779296875,55.2400016784668,33010,0.0,0.0
2024-04-17 12:30:00-04:00,55.20500183105469,55.2599983215332,55.029998779296875,55.247501373291016,25666,0.0,0.0
2024-04-17 13:30:00-04:00,55.28499984741211,55.32500076293945,55.150001525878906,55.150001525878906,35896,0.0,0.0
2024-04-17 14:30:00-04:00,55.16999816894531,55.380001068115234,55.0099983215332,55.0099983215332,63786,0.0,0.0
2024-04-17 15:30:00-04:00,55.029998779296875,55.119998931884766,54.8849983215332,54.970001220703125,77131,0.0,0.0
2024-04-18 09:30:00-04:00,55.279998779296875,55.380001068115234,55.029998779296875,55.369998931884766,26042,0.0,0.0
2024-04-18 10:30:00-04:00,55.400001525878906,55.54499816894531,55.27000045776367,55.43000030517578,29024,0.0,0.0
2024-04-18 11:30:00-04:00,55.400001525878906,55.439998626708984,55.244998931884766,55.41999816894531,28627,0.0,0.0
2024-04-18 12:30:00-04:00,55.400001525878906,55.40999984741211,55.099998474121094,55.22999954223633,31604,0.0,0.0
2024-04-18 13:30:00-04:00,55.2400016784668,55.290000915527344,55.051998138427734,55.16999816894531,43619,0.0,0.0
2024-04-18 14:30:00-04:00,55.11000061035156,55.29999923706055,55.060001373291016,55.279998779296875,48666,0.0,0.0
2024-04-18 15:30:00-04:00,55.279998779296875,55.31999969482422,55.16109848022461,55.25,104557,0.0,0.0
2024-04-19 09:30:00-04:00,55.31999969482422,56.154998779296875,55.31999969482422,56.14500045776367,23767,0.0,0.0
2024-04-19 10:30:00-04:00,56.13999938964844,56.13999938964844,55.900001525878906,56.11000061035156,28234,0.0,0.0
2024-04-19 11:30:00-04:00,56.13999938964844,56.22999954223633,55.90999984741211,56.02000045776367,72271,0.0,0.0
2024-04-19 12:30:00-04:00,56.060001373291016,56.38999938964844,56.029998779296875,56.209999084472656,24525,0.0,0.0
2024-04-19 13:30:00-04:00,56.220001220703125,56.36000061035156,56.119998931884766,56.119998931884766,33244,0.0,0.0
2024-04-19 14:30:00-04:00,56.119998931884766,56.33000183105469,56.060001373291016,56.31999969482422,39453,0.0,0.0
2024-04-19 15:30:00-04:00,56.33000183105469,56.65999984741211,56.2599983215332,56.56999969482422,96109,0.0,0.0
2024-04-22 09:30:00-04:00,56.84000015258789,57.02000045776367,56.369998931884766,56.92499923706055,23430,0.0,0.0
2024-04-22 10:30:00-04:00,56.90999984741211,57.064998626708984,56.7400016784668,56.810001373291016,46160,0.0,0.0
2024-04-22 11:30:00-04:00,56.80500030517578,56.869998931884766,56.650001525878906,56.82500076293945,29981,0.0,0.0
2024-04-22 12:30:00-04:00,56.810001373291016,57.34000015258789,56.7599983215332,57.314998626708984,60437,0.0,0.0
2024-04-22 13:30:00-04:00,57.310001373291016,57.369998931884766,57.13999938964844,57.33000183105469,37206,0.0,0.0
2024-04-22 14:30:00-04:00,57.310001373291016,57.33000183105469,57.08000183105469,57.20000076293945,55461,0.0,0.0
2024-04-22 15:30:00-04:00,57.185001373291016,57.34000015258789,57.060001373291016,57.09000015258789,105166,0.0,0.0
2024-04-23 09:30:00-04:00,57.04999923706055,58.154998779296875,56.924800872802734,57.91999816894531,63542,0.0,0.0
2024-04-23 10:30:00-04:00,57.90999984741211,58.189998626708984,57.7400016784668,58.119998931884766,57733,0.0,0.0
2024-04-23 11:30:00-04:00,58.08000183105469,58.11000061035156,57.880001068115234,58.08000183105469,56304,0.0,0.0
2024-04-23 12:30:00-04:00,58.08000183105469,58.084999084472656,57.93000030517578,57.970001220703125,38527,0.0,0.0
2024-04-23 13:30:00-04:00,57.952701568603516,58.08000183105469,57.939998626708984,58.02000045776367,48502,0.0,0.0
2024-04-23 14:30:00-04:00,58.02000045776367,58.189998626708984,57.95000076293945,57.9900016784668,49970,0.0,0.0
2024-04-23 15:30:00-04:00,57.97999954223633,58.2599983215332,57.93000030517578,58.16999816894531,120427,0.0,0.0
2024-04-24 09:30:00-04:00,57.91999816894531,58.029998779296875,57.34000015258789,57.400001525878906,42792,0.0,0.0
2024-04-24 10:30:00-04:00,57.43000030517578,57.540000915527344,57.09000015258789,57.18000030517578,43512,0.0,0.0
2024-04-24 11:30:00-04:00,57.18000030517578,57.33000183105469,57.04999923706055,57.209999084472656,44019,0.0,0.0
2024-04-24 12:30:00-04:00,57.189998626708984,57.36000061035156,57.09000015258789,57.31999969482422,40793,0.0,0.0
2024-04-24 13:30:00-04:00,57.36000061035156,57.4900016784668,57.27000045776367,57.36000061035156,41363,0.0,0.0
2024-04-24 14:30:00-04:00,57.349998474121094,57.625,57.209999084472656,57.369998931884766,89056,0.0,0.0
2024-04-24 15:30:00-04:00,57.36000061035156,57.810001373291016,57.33000183105469,57.75,136181,0.0,0.0
2024-04-25 09:30:00-04:00,55.77000045776367,56.130001068115234,52.91999816894531,52.974998474121094,235914,0.0,0.0
2024-04-25 10:30:00-04:00,52.88999938964844,53.689998626708984,52.474998474121094,53.02000045776367,155168,0.0,0.0
2024-04-25 11:30:00-04:00,53.02000045776367,53.02000045776367,51.595001220703125,52.290000915527344,157900,0.0,0.0
2024-04-25 12:30:00-04:00,52.310001373291016,53.84000015258789,52.290000915527344,53.27000045776367,281390,0.0,0.0
2024-04-25 13:30:00-04:00,53.26499938964844,53.91999816894531,53.185001373291016,53.40999984741211,219448,0.0,0.0
2024-04-25 14:30:00-04:00,53.369998931884766,54.29999923706055,53.099998474121094,53.959999084472656,205601,0.0,0.0
2024-04-25 15:30:00-04:00,53.97999954223633,54.380001068115234,53.79499816894531,54.2599983215332,321331,0.0,0.0
2024-04-26 09:30:00-04:00,54.25,55.099998474121094,53.93000030517578,54.880001068115234,97415,0.0,0.0
2024-04-26 10:30:00-04:00,54.869998931884766,54.91999816894531,54.595001220703125,54.66999816894531,85681,0.0,0.0
2024-04-26 11:30:00-04:00,54.70000076293945,54.7599983215332,54.53350067138672,54.650001525878906,72395,0.0,0.0
2024-04-26 12:30:00-04:00,54.68000030517578,54.70000076293945,54.25,54.48500061035156,81771,0.0,0.0
2024-04-26 13:30:00-04:00,54.470001220703125,54.59000015258789,54.41999816894531,54.5099983215332,47414,0.0,0.0
2024-04-26 14:30:00-04:00,54.52000045776367,54.52000045776367,54.025001525878906,54.119998931884766,96557,0.0,0.0
2024-04-26 15:30:00-04:00,54.11000061035156,54.34000015258789,53.95000076293945,54.220001220703125,272122,0.0,0.0
2024-04-29 09:30:00-04:00,54.29999923706055,55.279998779296875,54.220001220703125,54.790000915527344,58268,0.0,0.0
2024-04-29 10:30:00-04:00,54.91299819946289,55.15999984741211,54.86000061035156,55.060001373291016,43284,0.0,0.0
2024-04-29 11:30:00-04:00,55.02000045776367,55.040000915527344,54.67100143432617,54.68000030517578,50199,0.0,0.0
2024-04-29 12:30:00-04:00,54.709999084472656,54.879798889160156,54.689998626708984,54.75,50660,0.0,0.0
2024-04-29 13:30:00-04:00,54.72999954223633,54.76100158691406,54.439998626708984,54.5,75362,0.0,0.0
2024-04-29 14:30:00-04:00,54.5099983215332,54.540000915527344,54.22999954223633,54.349998474121094,90972,0.0,0.0
2024-04-29 15:30:00-04:00,54.36000061035156,54.43000030517578,54.150001525878906,54.16999816894531,230515,0.0,0.0
2024-04-30 09:30:00-04:00,53.66999816894531,54.11000061035156,53.630001068115234,53.82500076293945,34984,0.0,0.0
2024-04-30 10:30:00-04:00,53.84000015258789,53.84000015258789,53.619998931884766,53.7400016784668,32787,0.0,0.0
2024-04-30 11:30:00-04:00,53.689998626708984,53.869998931884766,53.599998474121094,53.75,25315,0.0,0.0
2024-04-30 12:30:00-04:00,53.7400016784668,53.935001373291016,53.67499923706055,53.83000183105469,55429,0.0,0.0
2024-04-30 13:30:00-04:00,53.810001373291016,54.02000045776367,53.619998931884766,53.66999816894531,53047,0.0,0.0
2024-04-30 14:30:00-04:00,53.689998626708984,53.7599983215332,53.5099983215332,53.52000045776367,53977,0.0,0.0
2024-04-30 15:30:00-04:00,53.5,53.75,53.45000076293945,53.59000015258789,184425,0.0,0.0
2024-05-01 09:30:00-04:00,53.779998779296875,54.185001373291016,53.41999816894531,53.439998626708984,33828,0.0,0.0
2024-05-01 10:30:00-04:00,53.45000076293945,53.61000061035156,53.380001068115234,53.45000076293945,53176,0.0,0.0
2024-05-01 11:30:00-04:00,53.45000076293945,53.54999923706055,53.290000915527344,53.4900016784668,60359,0.0,0.0
2024-05-01 12:30:00-04:00,53.4900016784668,53.494998931884766,53.310001373291016,53.40999984741211,44526,0.0,0.0
2024-05-01 13:30:00-04:00,53.41999816894531,53.619998931884766,53.310001373291016,53.540000915527344,106320,0.0,0.0
2024-05-01 14:30:00-04:00,53.56999969482422,54.099998474121094,53.2947998046875,53.650001525878906,280440,0.0,0.0
2024-05-01 15:30:00-04:00,53.63999938964844,53.63999938964844,53.18000030517578,53.189998626708984,161321,0.0,0.0
2024-05-02 09:30:00-04:00,53.88999938964844,53.88999938964844,53.255001068115234,53.599998474121094,57575,0.0,0.0
2024-05-02 10:30:00-04:00,53.54999923706055,53.7400016784668,53.290000915527344,53.630001068115234,61833,0.0,0.0
2024-05-02 11:30:00-04:00,53.650001525878906,53.83000183105469,53.5,53.709999084472656,43216,0.0,0.0
2024-05-02 12:30:00-04:00,53.720001220703125,53.904998779296875,53.70500183105469,53.869998931884766,54853,0.0,0.0
2024-05-02 13:30:00-04:00,53.875,54.02000045776367,53.810001373291016,53.939998626708984,95482,0.0,0.0
2024-05-02 14:30:00-04:00,53.91999816894531,54.189998626708984,53.90999984741211,54.0,95271,0.0,0.0
2024-05-02 15:30:00-04:00,53.9900016784668,54.11000061035156,53.86000061035156,54.08000183105469,135945,0.0,0.0
2024-05-03 09:30:00-04:00,55.119998931884766,55.54499816894531,54.87009811401367,55.029998779296875,64095,0.0,0.0
2024-05-03 10:30:00-04:00,55.03499984741211,55.04999923706055,54.720001220703125,54.720001220703125,33592,0.0,0.0
2024-05-03 11:30:00-04:00,54.755001068115234,54.8650016784668,54.52000045776367,54.83000183105469,31339,0.0,0.0
2024-05-03 12:30:00-04:00,54.83000183105469,54.83000183105469,54.59000015258789,54.70500183105469,32479,0.0,0.0
2024-05-03 13:30:00-04:00,54.720001220703125,54.790000915527344,54.67070007324219,54.7400016784668,36572,0.0,0.0
2024-05-03 14:30:00-04:00,54.724998474121094,54.755001068115234,54.560001373291016,54.599998474121094,48613,0.0,0.0
2024-05-03 15:30:00-04:00,54.59000015258789,54.71500015258789,54.349998474121094,54.369998931884766,173330,0.0,0.0
2024-05-06 09:30:00-04:00,54.93000030517578,55.2400016784668,54.4900016784668,54.939998626708984,42258,0.0,0.0
2024-05-06 10:30:00-04:00,54.939998626708984,55.0,54.7599983215332,54.84000015258789,28863,0.0,0.0
2024-05-06 11:30:00-04:00,54.84000015258789,54.869998931884766,54.7400016784668,54.78499984741211,50796,0.0,0.0
2024-05-06 12:30:00-04:00,54.775001525878906,54.904998779296875,54.70000076293945,54.900001525878906,50249,0.0,0.0
2024-05-06 13:30:00-04:00,54.86000061035156,55.0,54.83000183105469,54.86000061035156,74476,0.0,0.0
2024-05-06 14:30:00-04:00,54.875,54.90999984741211,54.599998474121094,54.68199920654297,97537,0.0,0.0
2024-05-06 15:30:00-04:00,54.689998626708984,54.95000076293945,54.61000061035156,54.939998626708984,171957,0.0,0.0
2024-05-07 09:30:00-04:00,55.220001220703125,55.40999984741211,55.18000030517578,55.310001373291016,29109,0.0,0.0
2024-05-07 10:30:00-04:00,55.31999969482422,55.33000183105469,55.150001525878906,55.20000076293945,51601,0.0,0.0
2024-05-07 11:30:00-04:00,55.20000076293945,55.275001525878906,55.15999984741211,55.209999084472656,39753,0.0,0.0
2024-05-07 12:30:00-04:00,55.21500015258789,55.22650146484375,55.09090042114258,55.1150016784668,29066,0.0,0.0
2024-05-07 13:30:00-04:00,55.11000061035156,55.1349983215332,54.939998626708984,54.95000076293945,35402,0.0,0.0
2024-05-07 14:30:00-04:00,54.97999954223633,55.11000061035156,54.91999816894531,55.029998779296875,65048,0.0,0.0
2024-05-07 15:30:00-04:00,55.0099983215332,55.06999969482422,54.81999969482422,54.86000061035156,140599,0.0,0.0
2024-05-08 09:30:00-04:00,54.47999954223633,54.665000915527344,54.2400016784668,54.52000045776367,19626,0.0,0.0
2024-05-08 10:30:00-04:00,54.52000045776367,54.63999938964844,54.3849983215332,54.599998474121094,46670,0.0,0.0
2024-05-08 11:30:00-04:00,54.58000183105469,54.689998626708984,54.44499969482422,54.44499969482422,44978,0.0,0.0
2024-05-08 12:30:00-04:00,54.43000030517578,54.595001220703125,54.310001373291016,54.56999969482422,31724,0.0,0.0
2024-05-08 13:30:00-04:00,54.58000183105469,54.599998474121094,54.4900016784668,54.560001373291016,52611,0.0,0.0
2024-05-08 14:30:00-04:00,54.58000183105469,54.59000015258789,54.41999816894531,54.459999084472656,72645,0.0,0.0
2024-05-08 15:30:00-04:00,54.45000076293945,54.6349983215332,54.439998626708984,54.61000061035156,96926,0.0,0.0
2024-05-09 09:30:00-04:00,54.380001068115234,54.939998626708984,54.380001068115234,54.84000015258789,69350,0.0,0.0
2024-05-09 10:30:00-04:00,54.845001220703125,55.13999938964844,54.845001220703125,55.040000915527344,52842,0.0,0.0
2024-05-09 11:30:00-04:00,55.0099983215332,55.25,54.970001220703125,55.0099983215332,38447,0.0,0.0
2024-05-09 12:30:00-04:00,54.96009826660156,55.150001525878906,54.959999084472656,55.099998474121094,97144,0.0,0.0
2024-05-09 13:30:00-04:00,55.095001220703125,55.40999984741211,55.08000183105469,55.40999984741211,52274,0.0,0.0
2024-05-09 14:30:00-04:00,55.39500045776367,55.63999938964844,55.33000183105469,55.61000061035156,44130,0.0,0.0
2024-05-09 15:30:00-04:00,55.625,55.810001373291016,55.54999923706055,55.7599983215332,109467,0.0,0.0
2024-05-10 09:30:00-04:00,55.77000045776367,55.994998931884766,55.529998779296875,55.75,28899,0.0,0.0
2024-05-10 10:30:00-04:00,55.79999923706055,55.90999984741211,55.41999816894531,55.5,60914,0.0,0.0
2024-05-10 11:30:00-04:00,55.47999954223633,55.599998474121094,55.310001373291016,55.41999816894531,36950,0.0,0.0
2024-05-10 12:30:00-04:00,55.43000030517578,55.720001220703125,55.400001525878906,55.70500183105469,24489,0.0,0.0
2024-05-10 13:30:00-04:00,55.720001220703125,55.91999816894531,55.560001373291016,55.7599983215332,61952,0.0,0.0
2024-05-10 14:30:00-04:00,55.79999923706055,55.9900016784668,55.7599983215332,55.775001525878906,47784,0.0,0.0
2024-05-10 15:30:00-04:00,55.779998779296875,56.0099983215332,55.68000030517578,56.005001068115234,156166,0.0,0.0
2024-05-13 09:30:00-04:00,56.41999816894531,56.970001220703125,56.099998474121094,56.4900016784668,33711,0.0,0.0
2024-05-13 10:30:00-04:00,56.47999954223633,56.529998779296875,56.33000183105469,56.369998931884766,23940,0.0,0.0
2024-05-13 11:30:00-04:00,56.369998931884766,56.439998626708984,55.939998626708984,56.1150016784668,47802,0.0,0.0
2024-05-13 12:30:00-04:00,56.09000015258789,56.310001373291016,56.0099983215332,56.209999084472656,21521,0.0,0.0
2024-05-13 13:30:00-04:00,56.23210144042969,56.380001068115234,56.209999084472656,56.33000183105469,29928,0.0,0.0
2024-05-13 14:30:00-04:00,56.349998474121094,56.400001525878906,56.185001373291016,56.20000076293945,31876,0.0,0.0
2024-05-13 15:30:00-04:00,56.18000030517578,56.18000030517578,55.810001373291016,55.93000030517578,114507,0.0,0.0
2024-05-14 09:30:00-04:00,56.47999954223633,56.75,56.1150016784668,56.150001525878906,28265,0.0,0.0
2024-05-14 10:30:00-04:00,56.11000061035156,56.150001525878906,55.9900016784668,56.060001373291016,19167,0.0,0.0
2024-05-14 11:30:00-04:00,56.060001373291016,56.119998931884766,55.97999954223633,56.06999969482422,27749,0.0,0.0
2024-05-14 12:30:00-04:00,56.08000183105469,56.25,55.924198150634766,55.924198150634766,20259,0.0,0.0
2024-05-14 13:30:00-04:00,55.95000076293945,56.060001373291016,55.849998474121094,55.9900016784668,19475,0.0,0.0
2024-05-14 14:30:00-04:00,55.98500061035156,56.099998474121094,55.96500015258789,56.06999969482422,44262,0.0,0.0
2024-05-14 15:30:00-04:00,56.09000015258789,56.27000045776367,56.040000915527344,56.209999084472656,82102,0.0,0.0
2024-05-15 09:30:00-04:00,57.0,57.29999923706055,56.630001068115234,57.08000183105469,102255,0.0,0.0
2024-05-15 10:30:00-04:00,57.06999969482422,57.20000076293945,56.86000061035156,57.189998626708984,53921,0.0,0.0
2024-05-15 11:30:00-04:00,57.209999084472656,57.220001220703125,56.875,56.959999084472656,20123,0.0,0.0
2024-05-15 12:30:00-04:00,57.0,57.099998474121094,56.95000076293945,56.959999084472656,23538,0.0,0.0
2024-05-15 13:30:00-04:00,56.959999084472656,57.0099983215332,56.869998931884766,56.974998474121094,37934,0.0,0.0
2024-05-15 14:30:00-04:00,56.974998474121094,56.974998474121094,56.689998626708984,56.720001220703125,48080,0.0,0.0
2024-05-15 15:30:00-04:00,56.720001220703125,56.959999084472656,56.63999938964844,56.939998626708984,251815,0.0,0.0
2024-05-16 09:30:00-04:00,56.93000030517578,57.150001525878906,56.58000183105469,56.83000183105469,47548,0.0,0.0
2024-05-16 10:30:00-04:00,56.779998779296875,57.02000045776367,56.7400016784668,56.86000061035156,50175,0.0,0.0
2024-05-16 11:30:00-04:00,56.869998931884766,57.1150016784668,56.869998931884766,57.06999969482422,32090,0.0,0.0
2024-05-16 12:30:00-04:00,57.040000915527344,57.380001068115234,57.029998779296875,57.189998626708984,72131,0.0,0.0
2024-05-16 13:30:00-04:00,57.189998626708984,57.34000015258789,57.150001525878906,57.34000015258789,47638,0.0,0.0
2024-05-16 14:30:00-04:00,57.36000061035156,57.54999923706055,57.15999984741211,57.439998626708984,45074,0.0,0.0
2024-05-16 15:30:00-04:00,57.439998626708984,57.470001220703125,57.15999984741211,57.279998779296875,101510,0.0,0.0
2024-05-17 09:30:00-04:00,57.470001220703125,57.470001220703125,57.09000015258789,57.18000030517578,18284,0.0,0.0
2024-05-17 10:30:00-04:00,57.18000030517578,57.34000015258789,57.060001373291016,57.08000183105469,17324,0.0,0.0
2024-05-17 11:30:00-04:00,57.08000183105469,57.34000015258789,57.08000183105469,57.30120086669922,20049,0.0,0.0
2024-05-17 12:30:00-04:00,57.22999954223633,57.36249923706055,57.220001220703125,57.310001373291016,14498,0.0,0.0
2024-05-17 13:30:00-04:00,57.349998474121094,57.529998779296875,57.25,57.310001373291016,39931,0.0,0.0
2024-05-17 14:30:00-04:00,57.34000015258789,57.4900016784668,57.31999969482422,57.47999954223633,31284,0.0,0.0
2024-05-17 15:30:00-04:00,57.459999084472656,57.56999969482422,57.38999938964844,57.529998779296875,101890,0.0,0.0
2024-05-20 09:30:00-04:00,57.40999984741211,57.459999084472656,57.02000045776367,57.41999816894531,23390,0.0,0.0
2024-05-20 10:30:00-04:00,57.5,57.619998931884766,57.470001220703125,57.599998474121094,35950,0.0,0.0
2024-05-20 11:30:00-04:00,57.564998626708984,57.689998626708984,57.45000076293945,57.689998626708984,24402,0.0,0.0
2024-05-20 12:30:00-04:00,57.65999984741211,57.689998626708984,57.58000183105469,57.64500045776367,41304,0.0,0.0
2024-05-20 13:30:00-04:00,57.650001525878906,57.86000061035156,57.630001068115234,57.70000076293945,48749,0.0,0.0
2024-05-20 14:30:00-04:00,57.66999816894531,57.77000045776367,57.619998931884766,57.709999084472656,43486,0.0,0.0
2024-05-20 15:30:00-04:00,57.709999084472656,58.0099983215332,57.68000030517578,57.95000076293945,206346,0.0,0.0
2024-05-21 09:30:00-04:00,57.91999816894531,58.11000061035156,57.58000183105469,57.72999954223633,28036,0.0,0.0
2024-05-21 10:30:00-04:00,57.70000076293945,57.810001373291016,57.54999923706055,57.6150016784668,16673,0.0,0.0
2024-05-21 11:30:00-04:00,57.6150016784668,57.7400016784668,57.584999084472656,57.73500061035156,15841,0.0,0.0
2024-05-21 12:30:00-04:00,57.73500061035156,57.97999954223633,57.72999954223633,57.814998626708984,24674,0.0,0.0
2024-05-21 13:30:00-04:00,57.779998779296875,57.83000183105469,57.56999969482422,57.73849868774414,28321,0.0,0.0
2024-05-21 14:30:00-04:00,57.720001220703125,57.81999969482422,57.65999984741211,57.71500015258789,33975,0.0,0.0
2024-05-21 15:30:00-04:00,57.72999954223633,57.86000061035156,57.650001525878906,57.7400016784668,95883,0.0,0.0
2024-05-22 09:30:00-04:00,57.400001525878906,57.83000183105469,57.22990036010742,57.779998779296875,39433,0.0,0.0
2024-05-22 10:30:00-04:00,57.660099029541016,57.75,57.400001525878906,57.439998626708984,18993,0.0,0.0
2024-05-22 11:30:00-04:00,57.415000915527344,57.54499816894531,57.40999984741211,57.52000045776367,26871,0.0,0.0
2024-05-22 12:30:00-04:00,57.529998779296875,57.54999923706055,57.18000030517578,57.220001220703125,20521,0.0,0.0
2024-05-22 13:30:00-04:00,57.224998474121094,57.279998779296875,56.720001220703125,56.720001220703125,22424,0.0,0.0
2024-05-22 14:30:00-04:00,56.724998474121094,56.724998474121094,56.29100036621094,56.29100036621094,48300,0.0,0.0
2024-05-22 15:30:00-04:00,56.33000183105469,56.43000030517578,56.13999938964844,56.15999984741211,84666,0.0,0.0
2024-05-23 09:30:00-04:00,56.150001525878906,56.16999816894531,55.38999938964844,55.7400016784668,32159,0.0,0.0
2024-05-23 10:30:00-04:00,55.619998931884766,55.7599983215332,55.279998779296875,55.279998779296875,57352,0.0,0.0
2024-05-23 11:30:00-04:00,55.27000045776367,55.48500061035156,55.18000030517578,55.28499984741211,38346,0.0,0.0
2024-05-23 12:30:00-04:00,55.27000045776367,55.310001373291016,54.709999084472656,54.79499816894531,45461,0.0,0.0
2024-05-23 13:30:00-04:00,54.834999084472656,54.834999084472656,54.369998931884766,54.459999084472656,45924,0.0,0.0
2024-05-23 14:30:00-04:00,54.439998626708984,54.810001373291016,54.43000030517578,54.70000076293945,86573,0.0,0.0
2024-05-23 15:30:00-04:00,54.65999984741211,54.65999984741211,54.209999084472656,54.25,123763,0.0,0.0
2024-05-24 09:30:00-04:00,54.84000015258789,55.0099983215332,54.599998474121094,54.935001373291016,59682,0.0,0.0
2024-05-24 10:30:00-04:00,54.93000030517578,55.08000183105469,54.709999084472656,55.02000045776367,27504,0.0,0.0
2024-05-24 11:30:00-04:00,54.9900016784668,55.0,54.869998931884766,54.90999984741211,37465,0.0,0.0
2024-05-24 12:30:00-04:00,54.93000030517578,54.939998626708984,54.77000045776367,54.93000030517578,23665,0.0,0.0
2024-05-24 13:30:00-04:00,54.90999984741211,54.9900016784668,54.900001525878906,54.93000030517578,22580,0.0,0.0
2024-05-24 14:30:00-04:00,54.91999816894531,55.0,54.849998474121094,54.95500183105469,50268,0.0,0.0
2024-05-24 15:30:00-04:00,54.93000030517578,55.0,54.880001068115234,54.91999816894531,78844,0.0,0.0
2024-05-28 09:30:00-04:00,54.939998626708984,55.36000061035156,54.849998474121094,55.0,29727,0.0,0.0
2024-05-28 10:30:00-04:00,54.95000076293945,54.9900016784668,54.86000061035156,54.86000061035156,21515,0.0,0.0
2024-05-28 11:30:00-04:00,54.83000183105469,54.880001068115234,54.78499984741211,54.84000015258789,20769,0.0,0.0
2024-05-28 12:30:00-04:00,54.86000061035156,55.040000915527344,54.689998626708984,54.72999954223633,30996,0.0,0.0
2024-05-28 13:30:00-04:00,54.720001220703125,54.720001220703125,54.380001068115234,54.39500045776367,27247,0.0,0.0
2024-05-28 14:30:00-04:00,54.36000061035156,54.5099983215332,54.34000015258789,54.400001525878906,40715,0.0,0.0
2024-05-28 15:30:00-04:00,54.41999816894531,54.685001373291016,54.38999938964844,54.54999923706055,109492,0.0,0.0
2024-05-29 09:30:00-04:00,53.790000915527344,54.03499984741211,53.529998779296875,53.56999969482422,28873,0.0,0.0
2024-05-29 10:30:00-04:00,53.56169891357422,54.0,53.54999923706055,53.7400016784668,68604,0.0,0.0
2024-05-29 11:30:00-04:00,53.72999954223633,53.95000076293945,53.68080139160156,53.709999084472656,32824,0.0,0.0
2024-05-29 12:30:00-04:00,53.70000076293945,53.790000915527344,53.630001068115234,53.7599983215332,26256,0.0,0.0
2024-05-29 13:30:00-04:00,53.75,53.77000045776367,53.560001373291016,53.65999984741211,30275,0.0,0.0
2024-05-29 14:30:00-04:00,53.630001068115234,53.91999816894531,53.59000015258789,53.84000015258789,61844,0.0,0.0
2024-05-29 15:30:00-04:00,53.779998779296875,54.060001373291016,53.709999084472656,54.060001373291016,130118,0.0,0.0
2024-05-30 09:30:00-04:00,54.470001220703125,55.01639938354492,53.880001068115234,54.43000030517578,84406,0.0,0.0
2024-05-30 10:30:00-04:00,54.40999984741211,55.0099983215332,54.31999969482422,55.0099983215332,31783,0.0,0.0
2024-05-30 11:30:00-04:00,54.98500061035156,55.10499954223633,54.90999984741211,54.9900016784668,33978,0.0,0.0
2024-05-30 12:30:00-04:00,54.98189926147461,55.150001525878906,54.98189926147461,54.9900016784668,38705,0.0,0.0
2024-05-30 13:30:00-04:00,55.029998779296875,55.13999938964844,54.97999954223633,55.099998474121094,53083,0.0,0.0
2024-05-30 14:30:00-04:00,55.099998474121094,55.1875,55.0,55.040000915527344,63493,0.0,0.0
2024-05-30 15:30:00-04:00,55.060001373291016,55.279998779296875,54.974998474121094,55.25,111091,0.0,0.0
2024-05-31 09:30:00-04:00,55.400001525878906,55.619998931884766,55.2599983215332,55.380001068115234,14259,0.0,0.0
2024-05-31 10:30:00-04:00,55.369998931884766,55.369998931884766,55.0,55.084999084472656,31308,0.0,0.0
2024-05-31 11:30:00-04:00,55.060001373291016,55.060001373291016,54.73500061035156,54.84000015258789,33233,0.0,0.0
2024-05-31 12:30:00-04:00,54.845001220703125,54.994998931884766,54.70000076293945,54.95500183105469,26583,0.0,0.0
2024-05-31 13:30:00-04:00,55.029998779296875,55.16999816894531,55.029998779296875,55.11000061035156,23478,0.0,0.0
2024-05-31 14:30:00-04:00,55.11249923706055,55.27000045776367,54.974998474121094,55.150001525878906,48015,0.0,0.0
2024-05-31 15:30:00-04:00,55.06999969482422,55.599998474121094,55.060001373291016,55.52000045776367,106497,0.0,0.0
2024-06-03 09:30:00-04:00,55.970001220703125,55.970001220703125,55.332401275634766,55.380001068115234,28751,0.0,0.0
2024-06-03 10:30:00-04:00,55.31999969482422,55.34000015258789,54.959999084472656,54.959999084472656,20240,0.0,0.0
2024-06-03 11:30:00-04:00,54.900001525878906,55.2400016784668,54.88999938964844,55.0,23303,0.0,0.0
2024-06-03 12:30:00-04:00,54.86000061035156,55.150001525878906,54.814998626708984,55.119998931884766,23930,0.0,0.0
2024-06-03 13:30:00-04:00,55.10499954223633,55.2599983215332,55.0099983215332,55.19499969482422,28972,0.0,0.0
2024-06-03 14:30:00-04:00,55.19499969482422,55.290000915527344,55.119998931884766,55.25,31276,0.0,0.0
2024-06-03 15:30:00-04:00,55.209999084472656,55.2599983215332,55.08000183105469,55.189998626708984,68609,0.0,0.0
2024-06-04 09:30:00-04:00,54.79999923706055,56.2400016784668,54.79999923706055,56.220001220703125,47171,0.0,0.0
2024-06-04 10:30:00-04:00,56.21500015258789,56.380001068115234,55.689998626708984,55.8484992980957,44992,0.0,0.0
2024-06-04 11:30:00-04:00,55.81999969482422,55.81999969482422,55.35499954223633,55.3650016784668,31596,0.0,0.0
2024-06-04 12:30:00-04:00,55.3650016784668,55.40999984741211,55.220001220703125,55.400001525878906,19832,0.0,0.0
2024-06-04 13:30:00-04:00,55.3849983215332,55.3849983215332,55.09000015258789,55.18000030517578,27200,0.0,0.0
2024-06-04 14:30:00-04:00,55.18000030517578,55.279998779296875,55.0099983215332,55.11000061035156,27723,0.0,0.0
2024-06-04 15:30:00-04:00,55.08000183105469,55.2400016784668,54.959999084472656,55.029998779296875,107172,0.0,0.0
2024-06-05 09:30:00-04:00,55.220001220703125,55.375,54.65999984741211,54.709999084472656,13922,0.0,0.0
2024-06-05 10:30:00-04:00,54.709999084472656,55.0,54.630001068115234,54.89500045776367,27835,0.0,0.0
2024-06-05 11:30:00-04:00,54.904998779296875,55.05500030517578,54.869998931884766,54.90999984741211,13249,0.0,0.0
2024-06-05 12:30:00-04:00,54.95000076293945,55.08000183105469,54.71500015258789,54.834999084472656,21592,0.0,0.0
2024-06-05 13:30:00-04:00,54.86000061035156,54.90999984741211,54.792999267578125,54.81999969482422,22317,0.0,0.0
2024-06-05 14:30:00-04:00,54.81999969482422,55.07500076293945,54.81999969482422,54.95000076293945,34406,0.0,0.0
2024-06-05 15:30:00-04:00,54.95000076293945,55.11000061035156,54.81999969482422,54.9900016784668,125608,0.0,0.0
2024-06-06 09:30:00-04:00,54.75,55.130001068115234,54.75,54.95009994506836,27761,0.0,0.0
2024-06-06 10:30:00-04:00,55.01499938964844,55.095001220703125,54.8650016784668,54.9900016784668,35579,0.0,0.0
2024-06-06 11:30:00-04:00,55.0,55.040000915527344,54.720001220703125,54.72999954223633,50009,0.0,0.0
2024-06-06 12:30:00-04:00,54.72999954223633,54.72999954223633,54.470001220703125,54.619998931884766,49634,0.0,0.0
2024-06-06 13:30:00-04:00,54.625,54.72990036010742,54.5099983215332,54.6150016784668,68421,0.0,0.0
2024-06-06 14:30:00-04:00,54.619998931884766,54.810001373291016,54.59000015258789,54.76250076293945,48526,0.0,0.0
2024-06-06 15:30:00-04:00,54.779998779296875,54.869998931884766,54.640098571777344,54.720001220703125,85022,0.0,0.0
2024-06-07 09:30:00-04:00,54.060001373291016,54.52000045776367,53.97010040283203,54.209999084472656,20395,0.0,0.0
2024-06-07 10:30:00-04:00,54.32500076293945,54.43000030517578,53.98500061035156,53.994998931884766,93938,0.0,0.0
2024-06-07 11:30:00-04:00,53.9900016784668,54.25,53.970001220703125,54.150001525878906,31464,0.0,0.0
2024-06-07 12:30:00-04:00,54.20000076293945,54.209999084472656,53.869998931884766,53.970001220703125,42874,0.0,0.0
2024-06-07 13:30:00-04:00,53.959999084472656,54.09000015258789,53.91999816894531,54.060001373291016,32389,0.0,0.0
2024-06-07 14:30:00-04:00,54.05500030517578,54.1150016784668,53.939998626708984,54.0099983215332,48587,0.0,0.0
2024-06-07 15:30:00-04:00,54.0,54.04899978637695,53.79999923706055,53.88999938964844,133308,0.0,0.0
2024-06-10 09:30:00-04:00,52.779998779296875,52.86000061035156,52.190101623535156,52.470001220703125,52543,0.0,0.0
2024-06-10 10:30:00-04:00,52.439998626708984,52.5099983215332,52.130001068115234,52.34000015258789,63740,0.0,0.0
2024-06-10 11:30:00-04:00,52.34000015258789,52.6349983215332,52.33000183105469,52.560001373291016,72883,0.0,0.0
2024-06-10 12:30:00-04:00,52.56999969482422,52.63999938964844,52.47999954223633,52.63999938964844,43092,0.0,0.0
2024-06-10 13:30:00-04:00,52.654998779296875,52.849998474121094,52.654998779296875,52.70000076293945,51755,0.0,0.0
2024-06-10 14:30:00-04:00,52.709999084472656,52.83000183105469,52.61000061035156,52.80500030517578,50991,0.0,0.0
2024-06-10 15:30:00-04:00,52.84450149536133,52.90999984741211,52.650001525878906,52.65999984741211,141313,0.0,0.0
2024-06-11 09:30:00-04:00,52.22999954223633,52.439998626708984,51.849998474121094,52.20500183105469,38732,0.0,0.0
2024-06-11 10:30:00-04:00,52.20500183105469,52.5,52.099998474121094,52.36000061035156,36051,0.0,0.0
2024-06-11 11:30:00-04:00,52.349998474121094,52.4900016784668,52.20000076293945,52.334999084472656,30240,0.0,0.0
2024-06-11 12:30:00-04:00,52.31999969482422,52.45000076293945,52.21099853515625,52.26499938964844,27149,0.0,0.0
2024-06-11 13:30:00-04:00,52.26499938964844,52.47999954223633,52.2599983215332,52.47999954223633,32535,0.0,0.0
2024-06-11 14:30:00-04:00,52.48500061035156,52.63999938964844,52.43000030517578,52.47999954223633,56564,0.0,0.0
2024-06-11 15:30:00-04:00,52.470001220703125,52.72249984741211,52.334999084472656,52.59000015258789,193866,0.0,0.0
2024-06-12 09:30:00-04:00,53.90999984741211,54.41999816894531,53.70000076293945,54.099998474121094,58580,0.0,0.0
2024-06-12 10:30:00-04:00,54.04999923706055,54.290000915527344,53.47999954223633,53.47999954223633,83644,0.0,0.0
2024-06-12 11:30:00-04:00,53.47999954223633,53.70000076293945,53.47999954223633,53.57500076293945,31957,0.0,0.0
2024-06-12 12:30:00-04:00,53.54999923706055,53.65999984741211,53.5099983215332,53.5099983215332,21960,0.0,0.0
2024-06-12 13:30:00-04:00,53.44499969482422,53.52000045776367,52.880001068115234,53.189998626708984,49369,0.0,0.0
2024-06-12 14:30:00-04:00,53.13999938964844,53.275001525878906,52.41999816894531,52.4900016784668,79193,0.0,0.0
2024-06-12 15:30:00-04:00,52.459999084472656,52.86000061035156,52.459999084472656,52.630001068115234,134866,0.0,0.0
2024-06-13 09:30:00-04:00,52.66999816894531,53.02000045776367,52.060001373291016,52.2400016784668,0,0.0,0.0
2024-06-13 10:30:00-04:00,52.185001373291016,52.560001373291016,52.18000030517578,52.404998779296875,24473,0.0,0.0
2024-06-13 11:30:00-04:00,52.45000076293945,52.939998626708984,52.44499969482422,52.88999938964844,76766,0.0,0.0
2024-06-13 12:30:00-04:00,52.89500045776367,53.15999984741211,52.89500045776367,53.130001068115234,42047,0.0,0.0
2024-06-13 13:30:00-04:00,53.11000061035156,53.20500183105469,52.95000076293945,53.03499984741211,53234,0.0,0.0
2024-06-13 14:30:00-04:00,53.02000045776367,53.189998626708984,52.970001220703125,53.04999923706055,63477,0.0,0.0
2024-06-13 15:30:00-04:00,53.04999923706055,53.209999084472656,53.0,53.099998474121094,160016,0.0,0.0
2024-06-14 09:30:00-04:00,52.54999923706055,53.02000045776367,52.54999923706055,53.02000045776367,53460,0.0,0.0
2024-06-14 10:30:00-04:00,53.0,53.18000030517578,52.86000061035156,53.18000030517578,38018,0.0,0.0
2024-06-14 11:30:00-04:00,53.189998626708984,53.25,53.040000915527344,53.04499816894531,41978,0.0,0.0
2024-06-14 12:30:00-04:00,53.04499816894531,53.209999084472656,53.0099983215332,53.084999084472656,35019,0.0,0.0
2024-06-14 13:30:00-04:00,53.119998931884766,53.119998931884766,52.85499954223633,53.08000183105469,43602,0.0,0.0
2024-06-14 14:30:00-04:00,53.064998626708984,53.189998626708984,53.04999923706055,53.060001373291016,59707,0.0,0.0
2024-06-14 15:30:00-04:00,53.08000183105469,53.13999938964844,53.0,53.060001373291016,121239,0.0,0.0
2024-06-17 09:30:00-04:00,52.849998474121094,53.40999984741211,52.849998474121094,52.9900016784668,43203,0.0,0.0
2024-06-17 10:30:00-04:00,52.9900016784668,53.189998626708984,52.88999938964844,53.11000061035156,26777,0.0,0.0
2024-06-17 11:30:00-04:00,53.09000015258789,53.209999084472656,53.029998779296875,53.16999816894531,38550,0.0,0.0
2024-06-17 12:30:00-04:00,53.18000030517578,53.29999923706055,52.994998931884766,53.01499938964844,32350,0.0,0.0
2024-06-17 13:30:00-04:00,53.04999923706055,53.33000183105469,53.04999923706055,53.279998779296875,115447,0.0,0.0
2024-06-17 14:30:00-04:00,53.25,53.474998474121094,53.130001068115234,53.474998474121094,96342,0.0,0.0
2024-06-17 15:30:00-04:00,53.4900016784668,53.619998931884766,53.310001373291016,53.61000061035156,122060,0.0,0.0
2024-06-18 09:30:00-04:00,53.529998779296875,53.97999954223633,53.31850051879883,53.380001068115234,54389,0.0,0.0
2024-06-18 10:30:00-04:00,53.45000076293945,53.61000061035156,53.275001525878906,53.41999816894531,63732,0.0,0.0
2024-06-18 11:30:00-04:00,53.45000076293945,53.68989944458008,53.40999984741211,53.540000915527344,52328,0.0,0.0
2024-06-18 12:30:00-04:00,53.560001373291016,53.56999969482422,53.369998931884766,53.39500045776367,23227,0.0,0.0
2024-06-18 13:30:00-04:00,53.369998931884766,53.470001220703125,53.20000076293945,53.29999923706055,53026,0.0,0.0
2024-06-18 14:30:00-04:00,53.27000045776367,53.380001068115234,53.040000915527344,53.185001373291016,75482,0.0,0.0
2024-06-18 15:30:00-04:00,53.20000076293945,53.34000015258789,53.060001373291016,53.11000061035156,119075,0.0,0.0
2024-06-20 09:30:00-04:00,52.869998931884766,53.79999923706055,52.869998931884766,53.79999923706055,27232,0.0,0.0
2024-06-20 10:30:00-04:00,53.77000045776367,53.810001373291016,53.59000015258789,53.68000030517578,21715,0.0,0.0
2024-06-20 11:30:00-04:00,53.7400016784668,53.83000183105469,53.58000183105469,53.77000045776367,19609,0.0,0.0
2024-06-20 12:30:00-04:00,53.7400016784668,53.95000076293945,53.72119903564453,53.95000076293945,19158,0.0,0.0
2024-06-20 13:30:00-04:00,53.93000030517578,54.209999084472656,53.84000015258789,54.15999984741211,37788,0.0,0.0
2024-06-20 14:30:00-04:00,54.16999816894531,54.18000030517578,53.810001373291016,53.93000030517578,39886,0.0,0.0
2024-06-20 15:30:00-04:00,53.90999984741211,54.0,53.810001373291016,53.95000076293945,74880,0.0,0.0
2024-06-21 09:30:00-04:00,54.18000030517578,54.290000915527344,53.81999969482422,54.16999816894531,61178,0.0,0.0
2024-06-21 10:30:00-04:00,54.22999954223633,54.349998474121094,54.104698181152344,54.150001525878906,15941,0.0,0.0
2024-06-21 11:30:00-04:00,54.099998474121094,54.20000076293945,53.880001068115234,53.93000030517578,18878,0.0,0.0
2024-06-21 12:30:00-04:00,53.88999938964844,54.04999923706055,53.81999969482422,53.95500183105469,20908,0.0,0.0
2024-06-21 13:30:00-04:00,53.939998626708984,54.0,53.849998474121094,53.95000076293945,21386,0.0,0.0
2024-06-21 14:30:00-04:00,53.97990036010742,54.029998779296875,53.83000183105469,53.9900016784668,26835,0.0,0.0
2024-06-21 15:30:00-04:00,53.97999954223633,53.97999954223633,53.810001373291016,53.84000015258789,135215,0.0,0.0
2024-06-24 09:30:00-04:00,53.97999954223633,54.560001373291016,53.81999969482422,54.36249923706055,23068,0.0,0.0
2024-06-24 10:30:00-04:00,54.400001525878906,54.79999923706055,54.380001068115234,54.66999816894531,23713,0.0,0.0
2024-06-24 11:30:00-04:00,54.63999938964844,54.63999938964844,54.49800109863281,54.6150016784668,20703,0.0,0.0
2024-06-24 12:30:00-04:00,54.619998931884766,54.619998931884766,54.4900016784668,54.54999923706055,14458,0.0,0.0
2024-06-24 13:30:00-04:00,54.54010009765625,54.60499954223633,54.41999816894531,54.58000183105469,18907,0.0,0.0
2024-06-24 14:30:00-04:00,54.619998931884766,54.689998626708984,54.56129837036133,54.564998626708984,20611,0.0,0.0
2024-06-24 15:30:00-04:00,54.560001373291016,54.63999938964844,54.459999084472656,54.459999084472656,48994,0.0,0.0
2024-06-25 09:30:00-04:00,54.279998779296875,54.29999923706055,53.849998474121094,53.93000030517578,13607,0.0,0.0
2024-06-25 10:30:00-04:00,53.83000183105469,53.900001525878906,53.66999816894531,53.81999969482422,23821,0.0,0.0
2024-06-25 11:30:00-04:00,53.779998779296875,53.84000015258789,53.599998474121094,53.64500045776367,13789,0.0,0.0
2024-06-25 12:30:00-04:00,53.61000061035156,53.625,53.475399017333984,53.619998931884766,16800,0.0,0.0
2024-06-25 13:30:00-04:00,53.599998474121094,53.75,53.58000183105469,53.73849868774414,18177,0.0,0.0
2024-06-25 14:30:00-04:00,53.727500915527344,53.779998779296875,53.65999984741211,53.779998779296875,30417,0.0,0.0
2024-06-25 15:30:00-04:00,53.76499938964844,53.76750183105469,53.4900016784668,53.599998474121094,117881,0.0,0.0
2024-06-26 09:30:00-04:00,53.279998779296875,53.279998779296875,52.599998474121094,52.650001525878906,33861,0.0,0.0
2024-06-26 10:30:00-04:00,52.650001525878906,52.84000015258789,52.540000915527344,52.77000045776367,40306,0.0,0.0
2024-06-26 11:30:00-04:00,52.75,52.970001220703125,52.72999954223633,52.72999954223633,36369,0.0,0.0
2024-06-26 12:30:00-04:00,52.7599983215332,52.88999938964844,52.7400016784668,52.81999969482422,28138,0.0,0.0
2024-06-26 13:30:00-04:00,52.810001373291016,52.939998626708984,52.709999084472656,52.90999984741211,46352,0.0,0.0
2024-06-26 14:30:00-04:00,52.92499923706055,53.20000076293945,52.880001068115234,53.20000076293945,38421,0.0,0.0
2024-06-26 15:30:00-04:00,53.20899963378906,53.2400016784668,53.095001220703125,53.13999938964844,84534,0.0,0.0
2024-06-27 09:30:00-04:00,53.38999938964844,53.540000915527344,53.13999938964844,53.330101013183594,18224,0.0,0.0
2024-06-27 10:30:00-04:00,53.38600158691406,53.494998931884766,53.185001373291016,53.23500061035156,31561,0.0,0.0
2024-06-27 11:30:00-04:00,53.279998779296875,53.375,53.209999084472656,53.22999954223633,34777,0.0,0.0
2024-06-27 12:30:00-04:00,53.21500015258789,53.34000015258789,53.16999816894531,53.310001373291016,27697,0.0,0.0
2024-06-27 13:30:00-04:00,53.279998779296875,53.279998779296875,53.060001373291016,53.119998931884766,32021,0.0,0.0
2024-06-27 14:30:00-04:00,53.09000015258789,53.2599983215332,53.06999969482422,53.2599983215332,43970,0.0,0.0
2024-06-27 15:30:00-04:00,53.25,53.599998474121094,53.244998931884766,53.59000015258789,113748,0.0,0.0
2024-06-28 09:30:00-04:00,53.970001220703125,54.43000030517578,53.939998626708984,54.310001373291016,31472,0.0,0.0
2024-06-28 10:30:00-04:00,54.369998931884766,54.650001525878906,54.34000015258789,54.5099983215332,29199,0.0,0.0
2024-06-28 11:30:00-04:00,54.42499923706055,54.540000915527344,54.36000061035156,54.459999084472656,24128,0.0,0.0
2024-06-28 12:30:00-04:00,54.439998626708984,54.45439910888672,53.994998931884766,54.1150016784668,51020,0.0,0.0
2024-06-28 13:30:00-04:00,54.09000015258789,54.09000015258789,53.869998931884766,53.90999984741211,25505,0.0,0.0
2024-06-28 14:30:00-04:00,53.88999938964844,53.88999938964844,53.68000030517578,53.775001525878906,44801,0.0,0.0
2024-06-28 15:30:00-04:00,53.779998779296875,54.0099983215332,53.560001373291016,53.91999816894531,225351,0.0,0.0
2024-07-01 09:30:00-04:00,54.060001373291016,54.345001220703125,53.48500061035156,53.650001525878906,25909,0.0,0.0
2024-07-01 10:30:00-04:00,53.5099983215332,53.685001373291016,53.084999084472656,53.14500045776367,36011,0.0,0.0
2024-07-01 11:30:00-04:00,53.15999984741211,53.279998779296875,53.11000061035156,53.16999816894531,32234,0.0,0.0
2024-07-01 12:30:00-04:00,53.150001525878906,53.2400016784668,53.040000915527344,53.20000076293945,32464,0.0,0.0
2024-07-01 13:30:00-04:00,53.219600677490234,53.24700164794922,53.09000015258789,53.154701232910156,49213,0.0,0.0
2024-07-01 14:30:00-04:00,53.13999938964844,53.25,53.060001373291016,53.099998474121094,42530,0.0,0.0
2024-07-01 15:30:00-04:00,53.08000183105469,53.400001525878906,53.08000183105469,53.38999938964844,125162,0.0,0.0
2024-07-02 09:30:00-04:00,52.689998626708984,53.380001068115234,52.54999923706055,53.25,33796,0.0,0.0
2024-07-02 10:30:00-04:00,53.220001220703125,53.40999984741211,53.099998474121094,53.279998779296875,27094,0.0,0.0
2024-07-02 11:30:00-04:00,53.31999969482422,53.400001525878906,53.150001525878906,53.380001068115234,23818,0.0,0.0
2024-07-02 12:30:00-04:00,53.349998474121094,53.43000030517578,53.279998779296875,53.369998931884766,24243,0.0,0.0
2024-07-02 13:30:00-04:00,53.38999938964844,53.7400016784668,53.380001068115234,53.70000076293945,42975,0.0,0.0
2024-07-02 14:30:00-04:00,53.72999954223633,53.79779815673828,53.540000915527344,53.56999969482422,51903,0.0,0.0
2024-07-02 15:30:00-04:00,53.58000183105469,53.70000076293945,53.56999969482422,53.58000183105469,106487,0.0,0.0
2024-07-03 09:30:00-04:00,53.650001525878906,54.09000015258789,53.38050079345703,54.0099983215332,28399,0.0,0.0
2024-07-03 10:30:00-04:00,53.994998931884766,54.029998779296875,53.47999954223633,53.61000061035156,46864,0.0,0.0
2024-07-03 11:30:00-04:00,53.58000183105469,53.77000045776367,53.58000183105469,53.689998626708984,50691,0.0,0.0
2024-07-05 09:30:00-04:00,53.130001068115234,53.61000061035156,52.845001220703125,52.88999938964844,65270,0.0,0.0
2024-07-05 10:30:00-04:00,52.8849983215332,53.099998474121094,52.79999923706055,52.83000183105469,33644,0.0,0.0
2024-07-05 11:30:00-04:00,52.81999969482422,52.88999938964844,52.59000015258789,52.59000015258789,39741,0.0,0.0
2024-07-05 12:30:00-04:00,52.59000015258789,52.689998626708984,52.56999969482422,52.66999816894531,34850,0.0,0.0
2024-07-05 13:30:00-04:00,52.650001525878906,52.7400016784668,52.619998931884766,52.68000030517578,47250,0.0,0.0
2024-07-05 14:30:00-04:00,52.685001373291016,52.685001373291016,52.43000030517578,52.47999954223633,63735,0.0,0.0
2024-07-05 15:30:00-04:00,52.459999084472656,52.85499954223633,52.38999938964844,52.47999954223633,192492,0.0,0.0
