Datetime,Open,High,Low,Close,Volume,Dividends,Stock Splits
2022-07-07 09:30:00-04:00,0.571399986743927,0.5899999737739563,0.5701500177383423,0.5701500177383423,77709,0.0,0.0
2022-07-07 10:30:00-04:00,0.5701000094413757,0.5874999761581421,0.5699999928474426,0.5874999761581421,15545,0.0,0.0
2022-07-07 11:30:00-04:00,0.5874999761581421,0.5874999761581421,0.5701000094413757,0.5701000094413757,2540,0.0,0.0
2022-07-07 12:30:00-04:00,0.5701000094413757,0.5899999737739563,0.5699999928474426,0.5799999833106995,8045,0.0,0.0
2022-07-07 13:30:00-04:00,0.5898990035057068,0.5899999737739563,0.5799990296363831,0.5882999897003174,10739,0.0,0.0
2022-07-07 14:30:00-04:00,0.5800999999046326,0.5800999999046326,0.506600022315979,0.579200029373169,147788,0.0,0.0
2022-07-07 15:30:00-04:00,0.5471000075340271,0.5618000030517578,0.5471000075340271,0.550000011920929,5134,0.0,0.0
2022-07-08 09:30:00-04:00,0.550000011920929,0.5699999928474426,0.550000011920929,0.5651000142097473,31054,0.0,0.0
2022-07-08 10:30:00-04:00,0.5673999786376953,0.5799999833106995,0.5669999718666077,0.5798900127410889,25250,0.0,0.0
2022-07-08 11:30:00-04:00,0.5692999958992004,0.5702000260353088,0.5690000057220459,0.5701000094413757,8658,0.0,0.0
2022-07-08 12:30:00-04:00,0.5717740058898926,0.574999988079071,0.569100022315979,0.5692999958992004,23266,0.0,0.0
2022-07-08 13:30:00-04:00,0.5694000124931335,0.5799999833106995,0.5691999793052673,0.5745000243186951,16020,0.0,0.0
2022-07-08 14:30:00-04:00,0.5717999935150146,0.5799999833106995,0.5699999928474426,0.5745000243186951,14831,0.0,0.0
2022-07-08 15:30:00-04:00,0.5799999833106995,0.5950999855995178,0.5701000094413757,0.5950999855995178,15995,0.0,0.0
2022-07-11 09:30:00-04:00,0.6200000047683716,0.6399000287055969,0.6093000173568726,0.625,121198,0.0,0.0
2022-07-11 10:30:00-04:00,0.6254000067710876,0.6898990273475647,0.6212000250816345,0.6690000295639038,232613,0.0,0.0
2022-07-11 11:30:00-04:00,0.6700000166893005,0.6700000166893005,0.6500999927520752,0.6549990177154541,52029,0.0,0.0
2022-07-11 12:30:00-04:00,0.6600000262260437,0.6600000262260437,0.6399999856948853,0.6499999761581421,14154,0.0,0.0
2022-07-11 13:30:00-04:00,0.6499999761581421,0.6600000262260437,0.6499999761581421,0.6598989963531494,8856,0.0,0.0
2022-07-11 14:30:00-04:00,0.6550490260124207,0.6586999893188477,0.6518809795379639,0.6586999893188477,1185,0.0,0.0
2022-07-11 15:30:00-04:00,0.6514999866485596,0.6600000262260437,0.6502000093460083,0.6599990129470825,9704,0.0,0.0
2022-07-12 09:30:00-04:00,0.699999988079071,0.699999988079071,0.6516000032424927,0.6550999879837036,75963,0.0,0.0
2022-07-12 10:30:00-04:00,0.6553999781608582,0.6800000071525574,0.6550999879837036,0.6650999784469604,11446,0.0,0.0
2022-07-12 11:30:00-04:00,0.6650999784469604,0.6687989830970764,0.6650999784469604,0.6686999797821045,2072,0.0,0.0
2022-07-12 12:30:00-04:00,0.6687999963760376,0.6800000071525574,0.660099983215332,0.6699000000953674,12844,0.0,0.0
2022-07-12 13:30:00-04:00,0.6798999905586243,0.6899999976158142,0.670199990272522,0.6899999976158142,44458,0.0,0.0
2022-07-12 14:30:00-04:00,0.6890000104904175,0.6940990090370178,0.6890000104904175,0.6940990090370178,6493,0.0,0.0
2022-07-12 15:30:00-04:00,0.6850000023841858,0.6850000023841858,0.6801000237464905,0.6850000023841858,1002,0.0,0.0
2022-07-13 09:30:00-04:00,0.625,0.6899999976158142,0.6000000238418579,0.6899999976158142,84638,0.0,0.0
2022-07-13 10:30:00-04:00,0.6783000230789185,0.6898999810218811,0.6500999927520752,0.6500999927520752,18717,0.0,0.0
2022-07-13 11:30:00-04:00,0.6499999761581421,0.6898999810218811,0.6499999761581421,0.6858000159263611,27470,0.0,0.0
2022-07-13 12:30:00-04:00,0.6510000228881836,0.660099983215332,0.6510000228881836,0.660099983215332,3169,0.0,0.0
2022-07-13 13:30:00-04:00,0.6600000262260437,0.6855340003967285,0.6600000262260437,0.6650000214576721,2971,0.0,0.0
2022-07-13 14:30:00-04:00,0.6931989789009094,0.6931989789009094,0.6696000099182129,0.6696000099182129,3037,0.0,0.0
2022-07-13 15:30:00-04:00,0.660099983215332,0.660099983215332,0.6600000262260437,0.6600000262260437,402,0.0,0.0
2022-07-14 09:30:00-04:00,0.6582000255584717,0.6600000262260437,0.6121000051498413,0.642799973487854,21896,0.0,0.0
2022-07-14 10:30:00-04:00,0.6406000256538391,0.6600000262260437,0.6406000256538391,0.6600000262260437,4687,0.0,0.0
2022-07-14 11:30:00-04:00,0.6514999866485596,0.6514999866485596,0.6430000066757202,0.6456999778747559,5583,0.0,0.0
2022-07-14 12:30:00-04:00,0.6499999761581421,0.6499999761581421,0.6499999761581421,0.6499999761581421,124,0.0,0.0
2022-07-14 13:30:00-04:00,0.6598989963531494,0.6598989963531494,0.640500009059906,0.6406000256538391,5210,0.0,0.0
2022-07-14 14:30:00-04:00,0.6406000256538391,0.6600000262260437,0.6121000051498413,0.6401000022888184,15136,0.0,0.0
2022-07-14 15:30:00-04:00,0.6549999713897705,0.6549999713897705,0.6549999713897705,0.6549999713897705,0,0.0,0.0
2022-07-15 09:30:00-04:00,0.6899999976158142,0.699999988079071,0.6255999803543091,0.6840999722480774,18143,0.0,0.0
2022-07-15 10:30:00-04:00,0.6898000240325928,0.6898000240325928,0.6840000152587891,0.6858999729156494,17390,0.0,0.0
2022-07-15 11:30:00-04:00,0.6858999729156494,0.6899999976158142,0.6840000152587891,0.6899999976158142,56404,0.0,0.0
2022-07-15 12:30:00-04:00,0.6890000104904175,0.6890000104904175,0.6840000152587891,0.6840000152587891,694,0.0,0.0
2022-07-15 13:30:00-04:00,0.6840999722480774,0.6882150173187256,0.6840999722480774,0.6870999932289124,22702,0.0,0.0
2022-07-15 14:30:00-04:00,0.6869999766349792,0.6890000104904175,0.6840000152587891,0.6840000152587891,23306,0.0,0.0
2022-07-15 15:30:00-04:00,0.6840000152587891,0.6840999722480774,0.6840000152587891,0.6840999722480774,67147,0.0,0.0
2022-07-18 09:30:00-04:00,0.6826000213623047,0.683899998664856,0.6700000166893005,0.675599992275238,11101,0.0,0.0
2022-07-18 10:30:00-04:00,0.6840000152587891,0.6840000152587891,0.6700000166893005,0.6833999752998352,16664,0.0,0.0
2022-07-18 11:30:00-04:00,0.6769999861717224,0.6840000152587891,0.6700000166893005,0.670199990272522,20070,0.0,0.0
2022-07-18 12:30:00-04:00,0.6800000071525574,0.6890000104904175,0.6798999905586243,0.6798999905586243,16458,0.0,0.0
2022-07-18 13:30:00-04:00,0.6800000071525574,0.6845499873161316,0.6629999876022339,0.6700000166893005,37636,0.0,0.0
2022-07-18 14:30:00-04:00,0.6700000166893005,0.6851999759674072,0.6499999761581421,0.6851999759674072,23568,0.0,0.0
2022-07-18 15:30:00-04:00,0.6890000104904175,0.699999988079071,0.684499979019165,0.6988000273704529,0,0.0,0.0
2022-07-19 09:30:00-04:00,0.7300000190734863,0.7300000190734863,0.6868000030517578,0.7002000212669373,49812,0.0,0.0
2022-07-19 10:30:00-04:00,0.7099999785423279,0.7110999822616577,0.691100001335144,0.7002000212669373,38251,0.0,0.0
2022-07-19 11:30:00-04:00,0.7024999856948853,0.7300000190734863,0.699999988079071,0.7300000190734863,60657,0.0,0.0
2022-07-19 12:30:00-04:00,0.7250509858131409,0.7348999977111816,0.7156999707221985,0.7348989844322205,17876,0.0,0.0
2022-07-19 13:30:00-04:00,0.7348999977111816,0.7350000143051147,0.7200999855995178,0.7214999794960022,10824,0.0,0.0
2022-07-19 14:30:00-04:00,0.7250999808311462,0.7253999710083008,0.7212010025978088,0.7212010025978088,5345,0.0,0.0
2022-07-19 15:30:00-04:00,0.7256500124931335,0.7350000143051147,0.7214000225067139,0.7293000221252441,13586,0.0,0.0
2022-07-20 09:30:00-04:00,0.7398999929428101,0.7998999953269958,0.7398999929428101,0.7911999821662903,254612,0.0,0.0
2022-07-20 10:30:00-04:00,0.7997999787330627,0.9117990136146545,0.7799999713897705,0.8104000091552734,469769,0.0,0.0
2022-07-20 11:30:00-04:00,0.8100000023841858,0.8199999928474426,0.7250000238418579,0.7426999807357788,234548,0.0,0.0
2022-07-20 12:30:00-04:00,0.7426999807357788,0.7799999713897705,0.7426999807357788,0.7519999742507935,52823,0.0,0.0
2022-07-20 13:30:00-04:00,0.7799000144004822,0.7799999713897705,0.75,0.7574999928474426,47297,0.0,0.0
2022-07-20 14:30:00-04:00,0.7574999928474426,0.8299999833106995,0.7574999928474426,0.7890999913215637,221805,0.0,0.0
2022-07-20 15:30:00-04:00,0.7825000286102295,0.8199999928474426,0.7825000286102295,0.8198999762535095,51617,0.0,0.0
2022-07-21 09:30:00-04:00,0.8199999928474426,0.8447999954223633,0.7825000286102295,0.7825980186462402,140901,0.0,0.0
2022-07-21 10:30:00-04:00,0.7850000262260437,0.8179000020027161,0.7741010189056396,0.7861009836196899,43448,0.0,0.0
2022-07-21 11:30:00-04:00,0.7900999784469604,0.7997999787330627,0.7900999784469604,0.7925999760627747,6037,0.0,0.0
2022-07-21 12:30:00-04:00,0.7925000190734863,0.8119000196456909,0.7900000214576721,0.7901009917259216,16406,0.0,0.0
2022-07-21 13:30:00-04:00,0.7900000214576721,0.7940999865531921,0.7799999713897705,0.7799999713897705,9145,0.0,0.0
2022-07-21 14:30:00-04:00,0.7800999879837036,0.7897999882698059,0.7394999861717224,0.7773000001907349,28313,0.0,0.0
2022-07-21 15:30:00-04:00,0.7599999904632568,0.7900000214576721,0.7599989771842957,0.7821000218391418,8611,0.0,0.0
2022-07-22 09:30:00-04:00,0.7565000057220459,0.800000011920929,0.7565000057220459,0.7712000012397766,32278,0.0,0.0
2022-07-22 10:30:00-04:00,0.762499988079071,0.777999997138977,0.762499988079071,0.7630000114440918,10793,0.0,0.0
2022-07-22 11:30:00-04:00,0.7631000280380249,0.7703999876976013,0.7526000142097473,0.7531999945640564,24841,0.0,0.0
2022-07-22 12:30:00-04:00,0.7729989886283875,0.7729989886283875,0.75,0.7644000053405762,36294,0.0,0.0
2022-07-22 13:30:00-04:00,0.7534999847412109,0.767998993396759,0.75,0.767998993396759,18061,0.0,0.0
2022-07-22 14:30:00-04:00,0.7590000033378601,0.7678999900817871,0.7590000033378601,0.7678999900817871,4112,0.0,0.0
2022-07-22 15:30:00-04:00,0.7595000267028809,0.7660999894142151,0.7519999742507935,0.7631000280380249,3710,0.0,0.0
2022-07-25 09:30:00-04:00,0.7117000222206116,0.8077999949455261,0.6901000142097473,0.75,169950,0.0,0.0
2022-07-25 10:30:00-04:00,0.7251999974250793,0.7950000166893005,0.7250999808311462,0.7601000070571899,12009,0.0,0.0
2022-07-25 11:30:00-04:00,0.7922000288963318,0.7947999835014343,0.7601000070571899,0.7603999972343445,2980,0.0,0.0
2022-07-25 12:30:00-04:00,0.7602999806404114,0.7929999828338623,0.7602999806404114,0.7799999713897705,16016,0.0,0.0
2022-07-25 13:30:00-04:00,0.7820010185241699,0.7900000214576721,0.7820010185241699,0.7875000238418579,11204,0.0,0.0
2022-07-25 14:30:00-04:00,0.7899990081787109,0.7899990081787109,0.7699999809265137,0.7850990295410156,6845,0.0,0.0
2022-07-25 15:30:00-04:00,0.785099983215332,0.8500000238418579,0.785099983215332,0.8310959935188293,157898,0.0,0.0
2022-07-26 09:30:00-04:00,0.8500000238418579,0.8799999952316284,0.8299999833106995,0.8798999786376953,112606,0.0,0.0
2022-07-26 10:30:00-04:00,0.8799999952316284,0.9973000288009644,0.8702999949455261,0.9300000071525574,412331,0.0,0.0
2022-07-26 11:30:00-04:00,0.9301999807357788,0.9574990272521973,0.8741000294685364,0.9200000166893005,110851,0.0,0.0
2022-07-26 12:30:00-04:00,0.9199990034103394,0.9200000166893005,0.8810999989509583,0.9199000000953674,47028,0.0,0.0
2022-07-26 13:30:00-04:00,0.91839998960495,0.9200000166893005,0.8952999711036682,0.8999999761581421,66683,0.0,0.0
2022-07-26 14:30:00-04:00,0.8998000025749207,0.9200000166893005,0.8899999856948853,0.9093000292778015,16748,0.0,0.0
2022-07-26 15:30:00-04:00,0.9023000001907349,0.9100000262260437,0.8199999928474426,0.8838000297546387,108231,0.0,0.0
2022-07-27 09:30:00-04:00,0.8999999761581421,0.9998999834060669,0.8999999761581421,0.9599999785423279,274838,0.0,0.0
2022-07-27 10:30:00-04:00,0.9447010159492493,0.9700000286102295,0.944599986076355,0.9700000286102295,47813,0.0,0.0
2022-07-27 11:30:00-04:00,0.949999988079071,0.9599999785423279,0.9326000213623047,0.9398000240325928,81375,0.0,0.0
2022-07-27 12:30:00-04:00,0.9398000240325928,0.9398000240325928,0.8899999856948853,0.8899999856948853,64127,0.0,0.0
2022-07-27 13:30:00-04:00,0.8978210091590881,0.8978210091590881,0.8899999856948853,0.891851007938385,6458,0.0,0.0
2022-07-27 14:30:00-04:00,0.8996999859809875,0.8996999859809875,0.8600000143051147,0.8751000165939331,53130,0.0,0.0
2022-07-27 15:30:00-04:00,0.8999000191688538,0.8999000191688538,0.875,0.8799999952316284,12196,0.0,0.0
2022-07-28 09:30:00-04:00,0.9399999976158142,0.9399999976158142,0.8812000155448914,0.8815000057220459,45892,0.0,0.0
2022-07-28 10:30:00-04:00,0.8810999989509583,0.9200000166893005,0.8799999952316284,0.880200982093811,14556,0.0,0.0
2022-07-28 11:30:00-04:00,0.8810009956359863,0.9097999930381775,0.8810009956359863,0.9097999930381775,4419,0.0,0.0
2022-07-28 12:30:00-04:00,0.8988999724388123,0.949999988079071,0.8810999989509583,0.949999988079071,124478,0.0,0.0
2022-07-28 13:30:00-04:00,0.9000999927520752,0.9394999742507935,0.9000999927520752,0.9115999937057495,22196,0.0,0.0
2022-07-28 14:30:00-04:00,0.9115999937057495,0.9157000184059143,0.901199996471405,0.9050999879837036,8642,0.0,0.0
2022-07-28 15:30:00-04:00,0.9050999879837036,0.9259999990463257,0.9002000093460083,0.9168000221252441,12209,0.0,0.0
2022-07-29 09:30:00-04:00,0.9200000166893005,0.9200000166893005,0.8700000047683716,0.892756998538971,35951,0.0,0.0
2022-07-29 10:30:00-04:00,0.8901000022888184,0.9086999893188477,0.8799999952316284,0.8799999952316284,15083,0.0,0.0
2022-07-29 11:30:00-04:00,0.8801000118255615,0.8902999758720398,0.8799999952316284,0.8799999952316284,2112,0.0,0.0
2022-07-29 12:30:00-04:00,0.8816800117492676,0.8816800117492676,0.8799999952316284,0.8801000118255615,13782,0.0,0.0
2022-07-29 13:30:00-04:00,0.8899999856948853,0.8899999856948853,0.8801000118255615,0.8801000118255615,1972,0.0,0.0
2022-07-29 14:30:00-04:00,0.880050003528595,0.8801000118255615,0.8610000014305115,0.8799999952316284,29685,0.0,0.0
2022-07-29 15:30:00-04:00,0.8798999786376953,0.8798999786376953,0.8640999794006348,0.8754000067710876,9776,0.0,0.0
2022-08-01 09:30:00-04:00,0.8700000047683716,0.9398000240325928,0.8600000143051147,0.8899000287055969,44669,0.0,0.0
2022-08-01 10:30:00-04:00,0.8812999725341797,0.949999988079071,0.8812999725341797,0.8999999761581421,99550,0.0,0.0
2022-08-01 11:30:00-04:00,0.9009000062942505,0.9009000062942505,0.8934000134468079,0.8978000283241272,25070,0.0,0.0
2022-08-01 12:30:00-04:00,0.9099000096321106,0.9100000262260437,0.8956000208854675,0.9024999737739563,8464,0.0,0.0
2022-08-01 13:30:00-04:00,0.9099000096321106,0.9100000262260437,0.8955000042915344,0.9003000259399414,54237,0.0,0.0
2022-08-01 14:30:00-04:00,0.8955000042915344,0.8978999853134155,0.8955000042915344,0.8978999853134155,2246,0.0,0.0
2022-08-01 15:30:00-04:00,0.895799994468689,0.895799994468689,0.8851000070571899,0.887499988079071,5546,0.0,0.0
2022-08-02 09:30:00-04:00,0.8608999848365784,0.9200000166893005,0.8608999848365784,0.9150000214576721,72741,0.0,0.0
2022-08-02 10:30:00-04:00,0.9200000166893005,0.9200000166893005,0.8986999988555908,0.8986999988555908,30411,0.0,0.0
2022-08-02 11:30:00-04:00,0.9197999835014343,0.9197999835014343,0.8980000019073486,0.8980000019073486,17316,0.0,0.0
2022-08-02 12:30:00-04:00,0.910099983215332,0.9200000166893005,0.910099983215332,0.9200000166893005,11327,0.0,0.0
2022-08-02 13:30:00-04:00,0.9200000166893005,0.9300000071525574,0.9107999801635742,0.9300000071525574,18749,0.0,0.0
2022-08-02 14:30:00-04:00,0.9200000166893005,0.9399999976158142,0.9171000123023987,0.9327999949455261,38241,0.0,0.0
2022-08-02 15:30:00-04:00,0.9390000104904175,0.9399999976158142,0.9381499886512756,0.9394999742507935,44029,0.0,0.0
2022-08-03 09:30:00-04:00,0.9300000071525574,0.9388999938964844,0.8999999761581421,0.8999999761581421,39477,0.0,0.0
2022-08-03 10:30:00-04:00,0.9009000062942505,0.9387000203132629,0.8999999761581421,0.9103999733924866,12651,0.0,0.0
2022-08-03 11:30:00-04:00,0.9200000166893005,0.9200000166893005,0.910099983215332,0.9200000166893005,6899,0.0,0.0
2022-08-03 12:30:00-04:00,0.9200000166893005,0.9250509738922119,0.9151999950408936,0.9250509738922119,13163,0.0,0.0
2022-08-03 13:30:00-04:00,0.9250490069389343,0.9298999905586243,0.9200000166893005,0.9200000166893005,15230,0.0,0.0
2022-08-03 14:30:00-04:00,0.9108999967575073,0.9172000288963318,0.900950014591217,0.9013000130653381,13208,0.0,0.0
2022-08-03 15:30:00-04:00,0.9172000288963318,0.9172000288963318,0.9012010097503662,0.9172000288963318,2423,0.0,0.0
2022-08-04 09:30:00-04:00,0.868399977684021,0.9100000262260437,0.8605999946594238,0.9000009894371033,52034,0.0,0.0
2022-08-04 10:30:00-04:00,0.8999999761581421,0.9126999974250793,0.8999999761581421,0.9071999788284302,9221,0.0,0.0
2022-08-04 11:30:00-04:00,0.9135000109672546,0.9135000109672546,0.8861010074615479,0.9049999713897705,12563,0.0,0.0
2022-08-04 12:30:00-04:00,0.8999999761581421,0.8999999761581421,0.8899999856948853,0.8899999856948853,10442,0.0,0.0
2022-08-04 13:30:00-04:00,0.8999999761581421,0.8999999761581421,0.8751000165939331,0.8948990106582642,27041,0.0,0.0
2022-08-04 14:30:00-04:00,0.8976989984512329,0.8977000117301941,0.8690000176429749,0.8899999856948853,37824,0.0,0.0
2022-08-04 15:30:00-04:00,0.8849999904632568,0.8899999856948853,0.8849999904632568,0.8876000046730042,12679,0.0,0.0
2022-08-05 09:30:00-04:00,0.8949999809265137,0.8999999761581421,0.8849999904632568,0.8999999761581421,8218,0.0,0.0
2022-08-05 10:30:00-04:00,0.8999999761581421,0.9089000225067139,0.8902000188827515,0.9086999893188477,2695,0.0,0.0
2022-08-05 11:30:00-04:00,0.9089999794960022,0.9089999794960022,0.899200975894928,0.899200975894928,439,0.0,0.0
2022-08-05 12:30:00-04:00,0.9017189741134644,0.9089999794960022,0.8992000222206116,0.9045510292053223,6982,0.0,0.0
2022-08-05 13:30:00-04:00,0.9003000259399414,0.9046000242233276,0.9003000259399414,0.9004999995231628,8261,0.0,0.0
2022-08-05 14:30:00-04:00,0.9090999960899353,0.9100000262260437,0.8899999856948853,0.9002010226249695,18798,0.0,0.0
2022-08-05 15:30:00-04:00,0.9050999879837036,0.9099000096321106,0.9000999927520752,0.9049999713897705,13752,0.0,0.0
2022-08-08 09:30:00-04:00,0.8949999809265137,0.9100000262260437,0.8610000014305115,0.9002000093460083,45016,0.0,0.0
2022-08-08 10:30:00-04:00,0.9002000093460083,0.9100000262260437,0.8901000022888184,0.8999999761581421,7282,0.0,0.0
2022-08-08 11:30:00-04:00,0.8999000191688538,0.8999000191688538,0.8949999809265137,0.8949999809265137,1476,0.0,0.0
2022-08-08 12:30:00-04:00,0.8948990106582642,0.8998000025749207,0.8901000022888184,0.8902000188827515,9602,0.0,0.0
2022-08-08 13:30:00-04:00,0.8950009942054749,0.9100000262260437,0.8902000188827515,0.9002000093460083,41852,0.0,0.0
2022-08-08 14:30:00-04:00,0.9003000259399414,0.9100000262260437,0.8956999778747559,0.9100000262260437,20589,0.0,0.0
2022-08-08 15:30:00-04:00,0.9004999995231628,0.9100000262260437,0.9002000093460083,0.9003000259399414,6662,0.0,0.0
2022-08-09 09:30:00-04:00,0.8700000047683716,0.9100000262260437,0.8610000014305115,0.9049999713897705,51685,0.0,0.0
2022-08-09 10:30:00-04:00,0.9049999713897705,0.9050999879837036,0.8701000213623047,0.8701000213623047,28206,0.0,0.0
2022-08-09 11:30:00-04:00,0.8701000213623047,0.8949999809265137,0.8701000213623047,0.8949999809265137,4078,0.0,0.0
2022-08-09 12:30:00-04:00,0.8901000022888184,0.8901000022888184,0.8855999708175659,0.8901000022888184,1799,0.0,0.0
2022-08-09 13:30:00-04:00,0.8877999782562256,0.8877999782562256,0.8761000037193298,0.8820000290870667,6231,0.0,0.0
2022-08-09 14:30:00-04:00,0.873199999332428,0.8819000124931335,0.8571000099182129,0.8814989924430847,47775,0.0,0.0
2022-08-09 15:30:00-04:00,0.869700014591217,0.869700014591217,0.8500000238418579,0.8500000238418579,4728,0.0,0.0
2022-08-10 09:30:00-04:00,0.8500000238418579,0.8798999786376953,0.8299999833106995,0.8562999963760376,24076,0.0,0.0
2022-08-10 10:30:00-04:00,0.8598999977111816,0.8598999977111816,0.8550999760627747,0.8550999760627747,4719,0.0,0.0
2022-08-10 11:30:00-04:00,0.8550999760627747,0.8575000166893005,0.8500000238418579,0.8521999716758728,19993,0.0,0.0
2022-08-10 12:30:00-04:00,0.8585000038146973,0.8598999977111816,0.8502010107040405,0.8511999845504761,4622,0.0,0.0
2022-08-10 13:30:00-04:00,0.8554999828338623,0.8598999977111816,0.8511000275611877,0.8598999977111816,1133,0.0,0.0
2022-08-10 14:30:00-04:00,0.8500999808311462,0.8500999808311462,0.8500999808311462,0.8500999808311462,100,0.0,0.0
2022-08-10 15:30:00-04:00,0.8586000204086304,0.8600000143051147,0.8550999760627747,0.8598999977111816,0,0.0,0.0
2022-08-11 09:30:00-04:00,0.8597999811172485,0.8600000143051147,0.8410000205039978,0.8416010141372681,16984,0.0,0.0
2022-08-11 10:30:00-04:00,0.8597999811172485,0.8600000143051147,0.8500999808311462,0.8572999835014343,40920,0.0,0.0
2022-08-11 11:30:00-04:00,0.8549000024795532,0.8600000143051147,0.8500000238418579,0.8600000143051147,11886,0.0,0.0
2022-08-11 12:30:00-04:00,0.8550509810447693,0.8598999977111816,0.8550509810447693,0.8598989844322205,1686,0.0,0.0
2022-08-11 13:30:00-04:00,0.8529000282287598,0.8852999806404114,0.8501999974250793,0.8504999876022339,7005,0.0,0.0
2022-08-11 14:30:00-04:00,0.8598999977111816,0.8600000143051147,0.850600004196167,0.855400025844574,2759,0.0,0.0
2022-08-11 15:30:00-04:00,0.855400025844574,0.8705989718437195,0.8501999974250793,0.8700000047683716,0,0.0,0.0
2022-08-12 09:30:00-04:00,0.8600000143051147,0.8999999761581421,0.8600000143051147,0.8899999856948853,25842,0.0,0.0
2022-08-12 10:30:00-04:00,0.8801000118255615,0.8895999789237976,0.8801000118255615,0.8809999823570251,4962,0.0,0.0
2022-08-12 11:30:00-04:00,0.8802000284194946,0.8999999761581421,0.8802000284194946,0.8999000191688538,1877,0.0,0.0
2022-08-12 12:30:00-04:00,0.8999000191688538,0.8999999761581421,0.8851000070571899,0.8851000070571899,25501,0.0,0.0
2022-08-12 13:30:00-04:00,0.8851000070571899,0.8999999761581421,0.8851000070571899,0.8930000066757202,8765,0.0,0.0
2022-08-12 14:30:00-04:00,0.8999000191688538,0.8999999761581421,0.8849999904632568,0.8999999761581421,9087,0.0,0.0
2022-08-12 15:30:00-04:00,0.8999999761581421,0.8999999761581421,0.8849999904632568,0.8849999904632568,1284,0.0,0.0
2022-08-15 09:30:00-04:00,0.8686000108718872,0.8999999761581421,0.8686000108718872,0.8799999952316284,8640,0.0,0.0
2022-08-15 10:30:00-04:00,0.8702999949455261,0.8899000287055969,0.8700000047683716,0.8895999789237976,38657,0.0,0.0
2022-08-15 11:30:00-04:00,0.8894990086555481,0.8895000219345093,0.8568000197410583,0.8859999775886536,5651,0.0,0.0
2022-08-15 12:30:00-04:00,0.8848000168800354,0.8899000287055969,0.8600000143051147,0.8758999705314636,20156,0.0,0.0
2022-08-15 13:30:00-04:00,0.8619999885559082,0.8899999856948853,0.8600000143051147,0.8878999948501587,14173,0.0,0.0
2022-08-15 14:30:00-04:00,0.8600000143051147,0.8899999856948853,0.8600000143051147,0.8899999856948853,5382,0.0,0.0
2022-08-15 15:30:00-04:00,0.8815000057220459,0.8899999856948853,0.8815000057220459,0.8899999856948853,1364,0.0,0.0
2022-08-16 09:30:00-04:00,0.8748000264167786,0.8899999856948853,0.862500011920929,0.8899999856948853,3569,0.0,0.0
2022-08-16 10:30:00-04:00,0.8600999712944031,0.8711000084877014,0.8600000143051147,0.8711000084877014,17309,0.0,0.0
2022-08-16 11:30:00-04:00,0.8700000047683716,0.8790000081062317,0.8568999767303467,0.8769999742507935,10159,0.0,0.0
2022-08-16 12:30:00-04:00,0.8769999742507935,0.8769999742507935,0.8600000143051147,0.8769999742507935,5658,0.0,0.0
2022-08-16 13:30:00-04:00,0.8687999844551086,0.885699987411499,0.8687000274658203,0.885699987411499,15233,0.0,0.0
2022-08-16 14:30:00-04:00,0.8855999708175659,0.8899999856948853,0.8700000047683716,0.8701000213623047,23179,0.0,0.0
2022-08-16 15:30:00-04:00,0.8701000213623047,0.8827000260353088,0.8600000143051147,0.8827000260353088,16019,0.0,0.0
2022-08-17 09:30:00-04:00,0.8500000238418579,0.8537999987602234,0.8500000238418579,0.8525000214576721,26968,0.0,0.0
2022-08-17 10:30:00-04:00,0.8665000200271606,0.8700000047683716,0.8525000214576721,0.8525000214576721,25427,0.0,0.0
2022-08-17 11:30:00-04:00,0.8525009751319885,0.86080002784729,0.8399999737739563,0.8583999872207642,14357,0.0,0.0
2022-08-17 12:30:00-04:00,0.8401010036468506,0.8700000047683716,0.8347730040550232,0.8700000047683716,23843,0.0,0.0
2022-08-17 13:30:00-04:00,0.8508999943733215,0.8700000047683716,0.8465999960899353,0.8698999881744385,9219,0.0,0.0
2022-08-17 14:30:00-04:00,0.8450000286102295,0.8698999881744385,0.8450000286102295,0.8466500043869019,935,0.0,0.0
2022-08-17 15:30:00-04:00,0.8468000292778015,0.8616999983787537,0.8399999737739563,0.8615999817848206,0,0.0,0.0
2022-08-18 09:30:00-04:00,0.8399999737739563,0.8500000238418579,0.8003000020980835,0.8500000238418579,57251,0.0,0.0
2022-08-18 10:30:00-04:00,0.8400999903678894,0.8500000238418579,0.8299999833106995,0.8500000238418579,20841,0.0,0.0
2022-08-18 11:30:00-04:00,0.8119999766349792,0.8410000205039978,0.810001015663147,0.810001015663147,7110,0.0,0.0
2022-08-18 12:30:00-04:00,0.8377000093460083,0.8442000150680542,0.8003000020980835,0.8004000186920166,156173,0.0,0.0
2022-08-18 13:30:00-04:00,0.8004000186920166,0.8242999911308289,0.7904000282287598,0.819100022315979,58811,0.0,0.0
2022-08-18 14:30:00-04:00,0.8190000057220459,0.8190000057220459,0.7900000214576721,0.7918999791145325,45380,0.0,0.0
2022-08-18 15:30:00-04:00,0.7903000116348267,0.8065000176429749,0.7901999950408936,0.8001999855041504,5946,0.0,0.0
2022-08-19 09:30:00-04:00,0.800000011920929,0.828000009059906,0.7806010246276855,0.8176000118255615,12749,0.0,0.0
2022-08-19 10:30:00-04:00,0.8176000118255615,0.8500000238418579,0.8102999925613403,0.8500000238418579,72324,0.0,0.0
2022-08-19 11:30:00-04:00,0.8201010227203369,0.843999981880188,0.8201000094413757,0.8299000263214111,18662,0.0,0.0
2022-08-19 12:30:00-04:00,0.8273000121116638,0.8424999713897705,0.8273000121116638,0.8424999713897705,6502,0.0,0.0
2022-08-19 13:30:00-04:00,0.8300999999046326,0.839900016784668,0.8208000063896179,0.8253999948501587,3749,0.0,0.0
2022-08-19 14:30:00-04:00,0.8299999833106995,0.8299999833106995,0.8235999941825867,0.8235999941825867,32398,0.0,0.0
2022-08-19 15:30:00-04:00,0.8252000212669373,0.8299999833106995,0.821399986743927,0.8299999833106995,2257,0.0,0.0
2022-08-22 09:30:00-04:00,0.8399999737739563,0.8399999737739563,0.8004999756813049,0.8126999735832214,7615,0.0,0.0
2022-08-22 10:30:00-04:00,0.8248000144958496,0.8248000144958496,0.8101000189781189,0.8101999759674072,12176,0.0,0.0
2022-08-22 11:30:00-04:00,0.8205999732017517,0.8205999732017517,0.8006010055541992,0.812749981880188,3272,0.0,0.0
2022-08-22 12:30:00-04:00,0.8100000023841858,0.8399999737739563,0.8100000023841858,0.8209999799728394,3372,0.0,0.0
2022-08-22 13:30:00-04:00,0.8100000023841858,0.8220999836921692,0.8044000267982483,0.8100000023841858,3017,0.0,0.0
2022-08-22 14:30:00-04:00,0.8198999762535095,0.8260999917984009,0.8198999762535095,0.8260999917984009,1158,0.0,0.0
2022-08-22 15:30:00-04:00,0.8030009865760803,0.8278999924659729,0.8030009865760803,0.8278999924659729,0,0.0,0.0
2022-08-23 09:30:00-04:00,0.7591999769210815,0.8183000087738037,0.7591999769210815,0.8125,72710,0.0,0.0
2022-08-23 10:30:00-04:00,0.8199999928474426,0.8251000046730042,0.8126000165939331,0.8251000046730042,4019,0.0,0.0
2022-08-23 11:30:00-04:00,0.8278999924659729,0.8489999771118164,0.8180000185966492,0.8278999924659729,7745,0.0,0.0
2022-08-23 12:30:00-04:00,0.826898992061615,0.8299999833106995,0.8191999793052673,0.8195000290870667,13051,0.0,0.0
2022-08-23 13:30:00-04:00,0.829800009727478,0.829800009727478,0.8050000071525574,0.829800009727478,11489,0.0,0.0
2022-08-23 14:30:00-04:00,0.8051009774208069,0.8199999928474426,0.8051009774208069,0.8151000142097473,2679,0.0,0.0
2022-08-23 15:30:00-04:00,0.8294990062713623,0.8294990062713623,0.8151000142097473,0.8151000142097473,0,0.0,0.0
2022-08-24 09:30:00-04:00,0.8100000023841858,0.8489999771118164,0.8100000023841858,0.8489000201225281,23671,0.0,0.0
2022-08-24 10:30:00-04:00,0.8399999737739563,0.8475000262260437,0.8240000009536743,0.8474000096321106,10497,0.0,0.0
2022-08-24 11:30:00-04:00,0.8474000096321106,0.8474000096321106,0.8357489705085754,0.8450000286102295,1832,0.0,0.0
2022-08-24 12:30:00-04:00,0.8424999713897705,0.8489999771118164,0.8251010179519653,0.8489999771118164,6135,0.0,0.0
2022-08-24 13:30:00-04:00,0.8252999782562256,0.8489999771118164,0.8252999782562256,0.8253009915351868,1427,0.0,0.0
2022-08-24 14:30:00-04:00,0.8366000056266785,0.8382999897003174,0.8252000212669373,0.8252000212669373,1741,0.0,0.0
2022-08-24 15:30:00-04:00,0.8299000263214111,0.8348000049591064,0.8252000212669373,0.8299999833106995,0,0.0,0.0
2022-08-25 09:30:00-04:00,0.828000009059906,0.8497999906539917,0.8184000253677368,0.8346999883651733,2773,0.0,0.0
2022-08-25 10:30:00-04:00,0.8198999762535095,0.8346999883651733,0.8129600286483765,0.8331999778747559,6351,0.0,0.0
2022-08-25 11:30:00-04:00,0.833299994468689,0.833299994468689,0.800000011920929,0.8331999778747559,7252,0.0,0.0
2022-08-25 12:30:00-04:00,0.8331999778747559,0.8331999778747559,0.8069999814033508,0.8330000042915344,1546,0.0,0.0
2022-08-25 13:30:00-04:00,0.8069999814033508,0.8330000042915344,0.8050000071525574,0.8154000043869019,3302,0.0,0.0
2022-08-25 14:30:00-04:00,0.8256999850273132,0.828000009059906,0.8100000023841858,0.828000009059906,6972,0.0,0.0
2022-08-25 15:30:00-04:00,0.828000009059906,0.828000009059906,0.8050000071525574,0.8277000188827515,0,0.0,0.0
2022-08-26 09:30:00-04:00,0.8277000188827515,0.834850013256073,0.8277000188827515,0.834850013256073,8361,0.0,0.0
2022-08-26 10:30:00-04:00,0.8349000215530396,0.8998990058898926,0.8349000215530396,0.8602499961853027,95568,0.0,0.0
2022-08-26 11:30:00-04:00,0.8603000044822693,0.8773999810218811,0.8601999878883362,0.8604000210762024,12398,0.0,0.0
2022-08-26 12:30:00-04:00,0.8604000210762024,0.8700000047683716,0.7749999761581421,0.7749999761581421,42031,0.0,0.0
2022-08-26 13:30:00-04:00,0.775501012802124,0.7998999953269958,0.7710000276565552,0.7880989909172058,12775,0.0,0.0
2022-08-26 15:30:00-04:00,0.7900999784469604,0.7950000166893005,0.7900999784469604,0.7950000166893005,1144,0.0,0.0
2022-08-29 09:30:00-04:00,0.7870000004768372,0.8145999908447266,0.7870000004768372,0.8100000023841858,11387,0.0,0.0
2022-08-29 10:30:00-04:00,0.8059989809989929,0.8464000225067139,0.8019009828567505,0.8019009828567505,3560,0.0,0.0
2022-08-29 12:30:00-04:00,0.8021010160446167,0.8100000023841858,0.8021010160446167,0.8098999857902527,2690,0.0,0.0
2022-08-29 13:30:00-04:00,0.8050990104675293,0.8050990104675293,0.7950000166893005,0.7950000166893005,754,0.0,0.0
2022-08-29 15:30:00-04:00,0.7975999712944031,0.8051000237464905,0.7975999712944031,0.8051000237464905,1125,0.0,0.0
2022-08-30 09:30:00-04:00,0.800000011920929,0.800000011920929,0.7900000214576721,0.7900000214576721,2154,0.0,0.0
2022-08-30 10:30:00-04:00,0.7900000214576721,0.7999989986419678,0.7900000214576721,0.7900999784469604,10845,0.0,0.0
2022-08-30 11:30:00-04:00,0.7900999784469604,0.800000011920929,0.7870000004768372,0.7875999808311462,10416,0.0,0.0
2022-08-30 12:30:00-04:00,0.7998999953269958,0.7998999953269958,0.7998999953269958,0.7998999953269958,298,0.0,0.0
2022-08-30 13:30:00-04:00,0.7949990034103394,0.800000011920929,0.7949990034103394,0.800000011920929,2657,0.0,0.0
2022-08-30 14:30:00-04:00,0.800000011920929,0.800000011920929,0.7901999950408936,0.800000011920929,8526,0.0,0.0
2022-08-30 15:30:00-04:00,0.800000011920929,0.8100000023841858,0.800000011920929,0.8100000023841858,0,0.0,0.0
2022-08-31 09:30:00-04:00,0.8098999857902527,0.8098999857902527,0.786899983882904,0.786899983882904,16715,0.0,0.0
2022-08-31 10:30:00-04:00,0.7875999808311462,0.800000011920929,0.7763000130653381,0.7813000082969666,9843,0.0,0.0
2022-08-31 11:30:00-04:00,0.8069999814033508,0.8069999814033508,0.8069999814033508,0.8069999814033508,585,0.0,0.0
2022-08-31 13:30:00-04:00,0.800000011920929,0.800000011920929,0.7799999713897705,0.7900999784469604,1486,0.0,0.0
2022-08-31 14:30:00-04:00,0.7921000123023987,0.7923960089683533,0.7799999713897705,0.7900000214576721,10298,0.0,0.0
2022-08-31 15:30:00-04:00,0.7774999737739563,0.7774999737739563,0.7774999737739563,0.7774999737739563,1143,0.0,0.0
2022-09-01 09:30:00-04:00,0.7900000214576721,0.8039000034332275,0.7900000214576721,0.7903689742088318,2994,0.0,0.0
2022-09-01 10:30:00-04:00,0.7853000164031982,0.7922000288963318,0.75,0.7715510129928589,20904,0.0,0.0
2022-09-01 11:30:00-04:00,0.7601000070571899,0.7601000070571899,0.7601000070571899,0.7601000070571899,335,0.0,0.0
2022-09-01 12:30:00-04:00,0.7765330076217651,0.7929999828338623,0.7505000233650208,0.7523999810218811,14726,0.0,0.0
2022-09-01 13:30:00-04:00,0.7603499889373779,0.7699000239372253,0.7603499889373779,0.7699000239372253,1153,0.0,0.0
2022-09-01 14:30:00-04:00,0.7699000239372253,0.7699000239372253,0.75,0.7562000155448914,6564,0.0,0.0
2022-09-01 15:30:00-04:00,0.7519999742507935,0.7681000232696533,0.7519999742507935,0.7681000232696533,0,0.0,0.0
2022-09-02 09:30:00-04:00,0.7501099705696106,0.7599999904632568,0.75,0.7504460215568542,18035,0.0,0.0
2022-09-02 10:30:00-04:00,0.741599977016449,0.7473999857902527,0.7085999846458435,0.7085999846458435,38221,0.0,0.0
2022-09-02 11:30:00-04:00,0.7103999853134155,0.7379999756813049,0.7103999853134155,0.7379000186920166,8793,0.0,0.0
2022-09-02 12:30:00-04:00,0.7200000286102295,0.722599983215332,0.7149999737739563,0.7200000286102295,3194,0.0,0.0
2022-09-02 13:30:00-04:00,0.7200000286102295,0.7200000286102295,0.7099999785423279,0.7106000185012817,61378,0.0,0.0
2022-09-02 14:30:00-04:00,0.7099999785423279,0.7200000286102295,0.7099999785423279,0.7200000286102295,6990,0.0,0.0
2022-09-02 15:30:00-04:00,0.7199000120162964,0.7199000120162964,0.7099999785423279,0.7099999785423279,17501,0.0,0.0
2022-09-06 09:30:00-04:00,0.7299000024795532,0.7400000095367432,0.699999988079071,0.7210000157356262,56814,0.0,0.0
2022-09-06 10:30:00-04:00,0.699999988079071,0.7210000157356262,0.699999988079071,0.7001000046730042,18296,0.0,0.0
2022-09-06 11:30:00-04:00,0.7002000212669373,0.7196000218391418,0.699999988079071,0.7196000218391418,13058,0.0,0.0
2022-09-06 12:30:00-04:00,0.7001000046730042,0.7373999953269958,0.7001000046730042,0.7373999953269958,612,0.0,0.0
2022-09-06 13:30:00-04:00,0.7372999787330627,0.7373999953269958,0.7002000212669373,0.7099999785423279,2023,0.0,0.0
2022-09-06 14:30:00-04:00,0.7089999914169312,0.7099999785423279,0.6812000274658203,0.6812999844551086,17097,0.0,0.0
2022-09-06 15:30:00-04:00,0.6812999844551086,0.6899999976158142,0.6812000274658203,0.6899999976158142,0,0.0,0.0
2022-09-07 09:30:00-04:00,0.6891999840736389,0.7347000241279602,0.6812000274658203,0.7050999999046326,26201,0.0,0.0
2022-09-07 10:30:00-04:00,0.7050999999046326,0.7325000166893005,0.6820999979972839,0.7300000190734863,8484,0.0,0.0
2022-09-07 11:30:00-04:00,0.671999990940094,0.7056000232696533,0.671999990940094,0.7056000232696533,817,0.0,0.0
2022-09-07 12:30:00-04:00,0.7198989987373352,0.7198989987373352,0.7198989987373352,0.7198989987373352,6076,0.0,0.0
2022-09-07 13:30:00-04:00,0.7149999737739563,0.7149999737739563,0.6861000061035156,0.6861000061035156,929,0.0,0.0
2022-09-07 14:30:00-04:00,0.7149999737739563,0.7149999737739563,0.690500020980835,0.7031000256538391,8070,0.0,0.0
2022-09-07 15:30:00-04:00,0.6960999965667725,0.7099999785423279,0.6960999965667725,0.7031999826431274,4771,0.0,0.0
2022-09-08 09:30:00-04:00,0.7369999885559082,0.7369999885559082,0.6937999725341797,0.699999988079071,7445,0.0,0.0
2022-09-08 10:30:00-04:00,0.699999988079071,0.7250999808311462,0.6998999714851379,0.7200000286102295,25674,0.0,0.0
2022-09-08 12:30:00-04:00,0.7200000286102295,0.7200000286102295,0.699999988079071,0.7099999785423279,2974,0.0,0.0
2022-09-08 14:30:00-04:00,0.7099999785423279,0.7200000286102295,0.7099999785423279,0.7200000286102295,627,0.0,0.0
2022-09-08 15:30:00-04:00,0.7200000286102295,0.7200000286102295,0.710099995136261,0.710099995136261,0,0.0,0.0
2022-09-09 09:30:00-04:00,0.7350000143051147,0.7350000143051147,0.6899999976158142,0.6899999976158142,2157,0.0,0.0
2022-09-09 11:30:00-04:00,0.6899999976158142,0.699999988079071,0.6899999976158142,0.699999988079071,379,0.0,0.0
2022-09-09 12:30:00-04:00,0.699999988079071,0.699999988079071,0.6901010274887085,0.6901010274887085,1629,0.0,0.0
2022-09-09 13:30:00-04:00,0.6902999877929688,0.7099000215530396,0.6902999877929688,0.69063401222229,1359,0.0,0.0
2022-09-09 14:30:00-04:00,0.6904000043869019,0.699999988079071,0.6700000166893005,0.6703850030899048,23223,0.0,0.0
2022-09-09 15:30:00-04:00,0.6848000288009644,0.6991000175476074,0.6830499768257141,0.6924999952316284,9348,0.0,0.0
2022-09-12 09:30:00-04:00,0.6603000164031982,0.699999988079071,0.6603000164031982,0.699999988079071,10009,0.0,0.0
2022-09-12 10:30:00-04:00,0.699999988079071,0.7099000215530396,0.6901000142097473,0.7023990154266357,6606,0.0,0.0
2022-09-12 11:30:00-04:00,0.699999988079071,0.699999988079071,0.6951000094413757,0.6951000094413757,887,0.0,0.0
2022-09-12 12:30:00-04:00,0.6998999714851379,0.699999988079071,0.6901999711990356,0.699999988079071,17350,0.0,0.0
2022-09-12 13:30:00-04:00,0.6949999928474426,0.7098000049591064,0.6899999976158142,0.6965000033378601,4206,0.0,0.0
2022-09-12 14:30:00-04:00,0.6965000033378601,0.7063999772071838,0.696399986743927,0.7063999772071838,2906,0.0,0.0
2022-09-13 09:30:00-04:00,0.6136000156402588,0.6868000030517578,0.6136000156402588,0.6791999936103821,37470,0.0,0.0
2022-09-13 10:30:00-04:00,0.6825010180473328,0.6955000162124634,0.6725000143051147,0.6955000162124634,12677,0.0,0.0
2022-09-13 11:30:00-04:00,0.6955000162124634,0.6955000162124634,0.6725000143051147,0.6929000020027161,7905,0.0,0.0
2022-09-13 12:30:00-04:00,0.6725000143051147,0.6929000020027161,0.6725000143051147,0.6906999945640564,6452,0.0,0.0
2022-09-13 13:30:00-04:00,0.682699978351593,0.6929000020027161,0.682699978351593,0.6929000020027161,822,0.0,0.0
2022-09-13 14:30:00-04:00,0.6929000020027161,0.6929000020027161,0.6929000020027161,0.6929000020027161,214,0.0,0.0
2022-09-13 15:30:00-04:00,0.692799985408783,0.692799985408783,0.6725999712944031,0.6733999848365784,1938,0.0,0.0
2022-09-14 09:30:00-04:00,0.6899999976158142,0.6915000081062317,0.6879000067710876,0.6879000067710876,4010,0.0,0.0
2022-09-14 10:30:00-04:00,0.6915000081062317,0.6915000081062317,0.6700009703636169,0.6909999847412109,4518,0.0,0.0
2022-09-14 11:30:00-04:00,0.6909000277519226,0.6915000081062317,0.6909000277519226,0.6909999847412109,2864,0.0,0.0
2022-09-14 12:30:00-04:00,0.6909999847412109,0.6949999928474426,0.6817049980163574,0.6949999928474426,10725,0.0,0.0
2022-09-14 13:30:00-04:00,0.699999988079071,0.699999988079071,0.6800000071525574,0.6899999976158142,14285,0.0,0.0
2022-09-14 14:30:00-04:00,0.6801000237464905,0.6901000142097473,0.6800000071525574,0.6901000142097473,2110,0.0,0.0
2022-09-14 15:30:00-04:00,0.6902999877929688,0.699999988079071,0.6902999877929688,0.699999988079071,3251,0.0,0.0
2022-09-15 09:30:00-04:00,0.6700000166893005,0.699999988079071,0.6700000166893005,0.699999988079071,0,0.0,0.0
2022-09-15 10:30:00-04:00,0.699999988079071,0.699999988079071,0.699999988079071,0.699999988079071,107,0.0,0.0
2022-09-15 11:30:00-04:00,0.6800000071525574,0.6995000243186951,0.6800000071525574,0.6897500157356262,13131,0.0,0.0
2022-09-15 12:30:00-04:00,0.6802099943161011,0.6802099943161011,0.6802099943161011,0.6802099943161011,195,0.0,0.0
2022-09-15 13:30:00-04:00,0.6873000264167786,0.6873000264167786,0.6873000264167786,0.6873000264167786,547,0.0,0.0
2022-09-15 14:30:00-04:00,0.6837000250816345,0.6837000250816345,0.6837000250816345,0.6837000250816345,511,0.0,0.0
2022-09-15 15:30:00-04:00,0.6869999766349792,0.6873000264167786,0.6801000237464905,0.6873000264167786,3214,0.0,0.0
2022-09-16 09:30:00-04:00,0.6600000262260437,0.6848999857902527,0.6600000262260437,0.6848999857902527,0,0.0,0.0
2022-09-16 10:30:00-04:00,0.6700999736785889,0.6800000071525574,0.6700000166893005,0.6700000166893005,18486,0.0,0.0
2022-09-16 11:30:00-04:00,0.6672999858856201,0.6800000071525574,0.6503000259399414,0.6520000100135803,35093,0.0,0.0
2022-09-16 12:30:00-04:00,0.6503999829292297,0.6503999829292297,0.6000000238418579,0.6314989924430847,22322,0.0,0.0
2022-09-16 13:30:00-04:00,0.6299999952316284,0.6474000215530396,0.6298999786376953,0.6449999809265137,14719,0.0,0.0
2022-09-16 14:30:00-04:00,0.6449999809265137,0.6499999761581421,0.6412000060081482,0.6412000060081482,4909,0.0,0.0
2022-09-16 15:30:00-04:00,0.6414999961853027,0.660099983215332,0.6414999961853027,0.660099983215332,4185,0.0,0.0
2022-09-19 09:30:00-04:00,0.6010000109672546,0.6499999761581421,0.6010000109672546,0.6499999761581421,39178,0.0,0.0
2022-09-19 10:30:00-04:00,0.6499999761581421,0.6499999761581421,0.6190999746322632,0.6337000131607056,22573,0.0,0.0
2022-09-19 11:30:00-04:00,0.6367999911308289,0.6499999761581421,0.6367999911308289,0.6499999761581421,770,0.0,0.0
2022-09-19 12:30:00-04:00,0.6367999911308289,0.6474999785423279,0.6367999911308289,0.6474999785423279,2401,0.0,0.0
2022-09-19 13:30:00-04:00,0.6449999809265137,0.6449999809265137,0.6449000239372253,0.6449000239372253,20139,0.0,0.0
2022-09-19 14:30:00-04:00,0.6474000215530396,0.6499999761581421,0.6401000022888184,0.6499999761581421,11691,0.0,0.0
2022-09-19 15:30:00-04:00,0.6406999826431274,0.6499999761581421,0.6399999856948853,0.6499999761581421,19244,0.0,0.0
2022-09-20 09:30:00-04:00,0.6499999761581421,0.6700000166893005,0.6399999856948853,0.6399999856948853,28967,0.0,0.0
2022-09-20 10:30:00-04:00,0.6399999856948853,0.6600000262260437,0.6301000118255615,0.6301000118255615,26168,0.0,0.0
2022-09-20 11:30:00-04:00,0.6384000182151794,0.6384000182151794,0.6301000118255615,0.6301000118255615,3863,0.0,0.0
2022-09-20 12:30:00-04:00,0.6301000118255615,0.6350489854812622,0.6301000118255615,0.6302000284194946,5636,0.0,0.0
2022-09-20 13:30:00-04:00,0.6351000070571899,0.6363000273704529,0.6000000238418579,0.6126000285148621,31264,0.0,0.0
2022-09-20 14:30:00-04:00,0.620199978351593,0.620199978351593,0.6100000143051147,0.6186829805374146,12718,0.0,0.0
2022-09-20 15:30:00-04:00,0.6380000114440918,0.6380000114440918,0.6146609783172607,0.6146609783172607,9805,0.0,0.0
2022-09-21 09:30:00-04:00,0.6200000047683716,0.6299999952316284,0.597000002861023,0.5999000072479248,77424,0.0,0.0
2022-09-21 10:30:00-04:00,0.5838000178337097,0.6200000047683716,0.5838000178337097,0.6129999756813049,41419,0.0,0.0
2022-09-21 11:30:00-04:00,0.5889999866485596,0.6000000238418579,0.5605000257492065,0.5611000061035156,37397,0.0,0.0
2022-09-21 12:30:00-04:00,0.5799000263214111,0.5799999833106995,0.550000011920929,0.5555999875068665,62749,0.0,0.0
2022-09-21 13:30:00-04:00,0.5600000023841858,0.5756000280380249,0.5400999784469604,0.550000011920929,43632,0.0,0.0
2022-09-21 14:30:00-04:00,0.5498989820480347,0.5659000277519226,0.5454000234603882,0.550000011920929,36332,0.0,0.0
2022-09-21 15:30:00-04:00,0.5600000023841858,0.5600000023841858,0.5429999828338623,0.5540000200271606,8101,0.0,0.0
2022-09-22 09:30:00-04:00,0.6100000143051147,0.6100000143051147,0.5432000160217285,0.5717999935150146,12759,0.0,0.0
2022-09-22 10:30:00-04:00,0.5544999837875366,0.5547999739646912,0.5544999837875366,0.5544999837875366,3979,0.0,0.0
2022-09-22 11:30:00-04:00,0.5526999831199646,0.5594000220298767,0.5349000096321106,0.5389000177383423,5781,0.0,0.0
2022-09-22 12:30:00-04:00,0.5389000177383423,0.5533999800682068,0.5349000096321106,0.5533999800682068,6805,0.0,0.0
2022-09-22 13:30:00-04:00,0.5533999800682068,0.5534999966621399,0.5351009964942932,0.550000011920929,8266,0.0,0.0
2022-09-22 14:30:00-04:00,0.550000011920929,0.5550000071525574,0.5351009964942932,0.5523989796638489,10019,0.0,0.0
2022-09-22 15:30:00-04:00,0.5508999824523926,0.5508999824523926,0.5360000133514404,0.5389000177383423,14714,0.0,0.0
2022-09-23 09:30:00-04:00,0.5299999713897705,0.5440000295639038,0.5049999952316284,0.5116000175476074,44230,0.0,0.0
2022-09-23 10:30:00-04:00,0.527999997138977,0.527999997138977,0.5099999904632568,0.5210999846458435,24684,0.0,0.0
2022-09-23 11:30:00-04:00,0.5210999846458435,0.5213000178337097,0.5200999975204468,0.5200999975204468,11007,0.0,0.0
2022-09-23 12:30:00-04:00,0.5200999975204468,0.5200999975204468,0.5019999742507935,0.5130000114440918,19783,0.0,0.0
2022-09-23 13:30:00-04:00,0.5099999904632568,0.5149999856948853,0.5001009702682495,0.5149999856948853,22154,0.0,0.0
2022-09-23 14:30:00-04:00,0.5038999915122986,0.5126000046730042,0.5001000165939331,0.5098999738693237,10050,0.0,0.0
2022-09-23 15:30:00-04:00,0.5099999904632568,0.5099999904632568,0.5044999718666077,0.5044999718666077,2575,0.0,0.0
2022-09-26 09:30:00-04:00,0.5,0.504800021648407,0.5,0.504800021648407,5353,0.0,0.0
2022-09-26 10:30:00-04:00,0.5099989771842957,0.5099999904632568,0.5033000111579895,0.5098000168800354,4001,0.0,0.0
2022-09-26 11:30:00-04:00,0.5051000118255615,0.5109000205993652,0.5,0.5,14066,0.0,0.0
2022-09-26 12:30:00-04:00,0.49000099301338196,0.4900999963283539,0.47999998927116394,0.4875999987125397,21439,0.0,0.0
2022-09-26 13:30:00-04:00,0.4876999855041504,0.49000000953674316,0.4851999878883362,0.4851999878883362,3770,0.0,0.0
2022-09-26 14:30:00-04:00,0.48980000615119934,0.48989999294281006,0.48500001430511475,0.48500001430511475,15347,0.0,0.0
2022-09-26 15:30:00-04:00,0.48500001430511475,0.48910000920295715,0.48500001430511475,0.48910000920295715,4270,0.0,0.0
2022-09-27 09:30:00-04:00,0.5,0.5149999856948853,0.49000000953674316,0.4900999963283539,38121,0.0,0.0
2022-09-27 10:30:00-04:00,0.5004000067710876,0.5004000067710876,0.49000000953674316,0.5,1837,0.0,0.0
2022-09-27 11:30:00-04:00,0.490200012922287,0.490200012922287,0.4900999963283539,0.4900999963283539,200,0.0,0.0
2022-09-27 12:30:00-04:00,0.490200012922287,0.490200012922287,0.490200012922287,0.490200012922287,100,0.0,0.0
2022-09-27 13:30:00-04:00,0.4900999963283539,0.4999000132083893,0.4900999963283539,0.4999000132083893,21127,0.0,0.0
2022-09-27 14:30:00-04:00,0.49540001153945923,0.5,0.49540001153945923,0.5,1761,0.0,0.0
2022-09-27 15:30:00-04:00,0.49079999327659607,0.4952999949455261,0.49079999327659607,0.4952999949455261,2058,0.0,0.0
2022-09-28 09:30:00-04:00,0.4998989999294281,0.4998989999294281,0.48019999265670776,0.4957999885082245,7840,0.0,0.0
2022-09-28 10:30:00-04:00,0.4900999963283539,0.4999989867210388,0.49000000953674316,0.49000000953674316,9900,0.0,0.0
2022-09-28 11:30:00-04:00,0.49869999289512634,0.49869999289512634,0.4851999878883362,0.4851999878883362,3544,0.0,0.0
2022-09-28 12:30:00-04:00,0.49399998784065247,0.49399998784065247,0.48510000109672546,0.4851999878883362,5202,0.0,0.0
2022-09-28 13:30:00-04:00,0.4874750077724457,0.4874750077724457,0.48030000925064087,0.48030000925064087,4633,0.0,0.0
2022-09-28 14:30:00-04:00,0.4871000051498413,0.4871000051498413,0.4796999990940094,0.482699990272522,65046,0.0,0.0
2022-09-28 15:30:00-04:00,0.48260000348091125,0.48260000348091125,0.4706999957561493,0.47999998927116394,11155,0.0,0.0
2022-09-29 09:30:00-04:00,0.48660001158714294,0.48660001158714294,0.479449987411499,0.48660001158714294,13058,0.0,0.0
2022-09-29 10:30:00-04:00,0.48660001158714294,0.48660001158714294,0.47999998927116394,0.48500001430511475,608,0.0,0.0
2022-09-29 11:30:00-04:00,0.48500001430511475,0.48500001430511475,0.48249998688697815,0.48500001430511475,512,0.0,0.0
2022-09-29 12:30:00-04:00,0.47999998927116394,0.47999998927116394,0.4799000024795532,0.47999998927116394,2749,0.0,0.0
2022-09-29 13:30:00-04:00,0.4700999855995178,0.47999998927116394,0.4700999855995178,0.47999998927116394,7692,0.0,0.0
2022-09-29 14:30:00-04:00,0.47999998927116394,0.47999998927116394,0.4750500023365021,0.47999998927116394,3086,0.0,0.0
2022-09-29 15:30:00-04:00,0.47999998927116394,0.47999998927116394,0.47780001163482666,0.47780001163482666,4968,0.0,0.0
2022-09-30 09:30:00-04:00,0.4796999990940094,0.4796999990940094,0.46000000834465027,0.46000000834465027,9744,0.0,0.0
2022-09-30 10:30:00-04:00,0.46000000834465027,0.4620000123977661,0.4399999976158142,0.4399999976158142,95276,0.0,0.0
2022-09-30 11:30:00-04:00,0.43790000677108765,0.4480000138282776,0.4332999885082245,0.4480000138282776,31440,0.0,0.0
2022-09-30 12:30:00-04:00,0.4447000026702881,0.4560999870300293,0.444599986076355,0.45559999346733093,17848,0.0,0.0
2022-09-30 13:30:00-04:00,0.44449999928474426,0.444599986076355,0.4424000084400177,0.4425100088119507,10063,0.0,0.0
2022-09-30 14:30:00-04:00,0.4424999952316284,0.4424999952316284,0.4408999979496002,0.4408999979496002,4864,0.0,0.0
2022-09-30 15:30:00-04:00,0.4408999979496002,0.4498000144958496,0.4408000111579895,0.4498000144958496,11275,0.0,0.0
2022-10-03 09:30:00-04:00,0.4341000020503998,0.45739999413490295,0.4332999885082245,0.45739999413490295,53156,0.0,0.0
2022-10-03 10:30:00-04:00,0.44999998807907104,0.45750001072883606,0.44209998846054077,0.44209998846054077,25068,0.0,0.0
2022-10-03 11:30:00-04:00,0.45739999413490295,0.45750001072883606,0.44209998846054077,0.4427129924297333,3305,0.0,0.0
2022-10-03 12:30:00-04:00,0.45739999413490295,0.45739999413490295,0.45010000467300415,0.45739999413490295,5612,0.0,0.0
2022-10-03 13:30:00-04:00,0.45329999923706055,0.45329999923706055,0.45329999923706055,0.45329999923706055,596,0.0,0.0
2022-10-03 14:30:00-04:00,0.44999998807907104,0.45739999413490295,0.4415000081062317,0.4415000081062317,14059,0.0,0.0
2022-10-03 15:30:00-04:00,0.4415000081062317,0.44999998807907104,0.4415000081062317,0.4456999897956848,1304,0.0,0.0
2022-10-04 09:30:00-04:00,0.4672999978065491,0.4672999978065491,0.4537990093231201,0.45750001072883606,4950,0.0,0.0
2022-10-04 10:30:00-04:00,0.4599989950656891,0.4699999988079071,0.45010000467300415,0.4648999869823456,25369,0.0,0.0
2022-10-04 11:30:00-04:00,0.4648999869823456,0.4650000035762787,0.460099995136261,0.46010100841522217,8136,0.0,0.0
2022-10-04 12:30:00-04:00,0.46470001339912415,0.4659999907016754,0.46156999468803406,0.4650000035762787,14114,0.0,0.0
2022-10-04 13:30:00-04:00,0.4650000035762787,0.47510001063346863,0.4648999869823456,0.47510001063346863,4715,0.0,0.0
2022-10-04 14:30:00-04:00,0.47999998927116394,0.47999998927116394,0.4758000075817108,0.4758000075817108,8699,0.0,0.0
2022-10-04 15:30:00-04:00,0.47999998927116394,0.47999998927116394,0.47989898920059204,0.47999998927116394,4340,0.0,0.0
2022-10-05 09:30:00-04:00,0.47999998927116394,0.508899986743927,0.4772999882698059,0.4975999891757965,78060,0.0,0.0
2022-10-05 10:30:00-04:00,0.5,0.5349000096321106,0.4975000023841858,0.5315999984741211,54439,0.0,0.0
2022-10-05 11:30:00-04:00,0.5301010012626648,0.5349000096321106,0.5299999713897705,0.5300999879837036,8780,0.0,0.0
2022-10-05 12:30:00-04:00,0.5349000096321106,0.5350000262260437,0.5301010012626648,0.5350000262260437,10419,0.0,0.0
2022-10-05 13:30:00-04:00,0.5400000214576721,0.5422999858856201,0.5400000214576721,0.5422999858856201,3519,0.0,0.0
2022-10-05 14:30:00-04:00,0.5450000166893005,0.550000011920929,0.5401009917259216,0.5498999953269958,16125,0.0,0.0
2022-10-05 15:30:00-04:00,0.5472999811172485,0.550000011920929,0.5450999736785889,0.5451499819755554,25120,0.0,0.0
2022-10-06 09:30:00-04:00,0.5799999833106995,0.6200000047683716,0.5699999928474426,0.5898000001907349,69310,0.0,0.0
2022-10-06 10:30:00-04:00,0.5849990248680115,0.5866000056266785,0.5325000286102295,0.5478000044822693,62091,0.0,0.0
2022-10-06 11:30:00-04:00,0.5450000166893005,0.5691999793052673,0.5400000214576721,0.5400000214576721,6301,0.0,0.0
2022-10-06 12:30:00-04:00,0.5688999891281128,0.5688999891281128,0.5594499707221985,0.5594499707221985,2415,0.0,0.0
2022-10-06 13:30:00-04:00,0.567799985408783,0.5688999891281128,0.567799985408783,0.5687999725341797,2926,0.0,0.0
2022-10-06 14:30:00-04:00,0.5687999725341797,0.5699999928474426,0.5648000240325928,0.5674499869346619,12436,0.0,0.0
2022-10-06 15:30:00-04:00,0.5674499869346619,0.5699499845504761,0.5648000240325928,0.5687000155448914,7296,0.0,0.0
2022-10-07 09:30:00-04:00,0.6010000109672546,0.6010000109672546,0.5601000189781189,0.588100016117096,21001,0.0,0.0
2022-10-07 10:30:00-04:00,0.5899999737739563,0.5899999737739563,0.5651010274887085,0.5651010274887085,408,0.0,0.0
2022-10-07 11:30:00-04:00,0.5775009989738464,0.6000000238418579,0.5775009989738464,0.6000000238418579,10512,0.0,0.0
2022-10-07 12:30:00-04:00,0.5802010297775269,0.6000000238418579,0.5802010297775269,0.5999000072479248,7840,0.0,0.0
2022-10-07 13:30:00-04:00,0.5899999737739563,0.5997999906539917,0.5899999737739563,0.5899999737739563,2122,0.0,0.0
2022-10-07 14:30:00-04:00,0.5899999737739563,0.5972999930381775,0.5857999920845032,0.5857999920845032,971,0.0,0.0
2022-10-07 15:30:00-04:00,0.5989999771118164,0.6000000238418579,0.5728999972343445,0.5861499905586243,22112,0.0,0.0
2022-10-10 09:30:00-04:00,0.5699999928474426,0.600600004196167,0.550000011920929,0.5669999718666077,26706,0.0,0.0
2022-10-10 10:30:00-04:00,0.5614010095596313,0.5899999737739563,0.5614010095596313,0.5615000128746033,3500,0.0,0.0
2022-10-10 11:30:00-04:00,0.5766000151634216,0.5799999833106995,0.5766000151634216,0.5799000263214111,11073,0.0,0.0
2022-10-10 12:30:00-04:00,0.5701000094413757,0.579800009727478,0.5701000094413757,0.579800009727478,10251,0.0,0.0
2022-10-10 13:30:00-04:00,0.579800009727478,0.579800009727478,0.5741000175476074,0.5741000175476074,4427,0.0,0.0
2022-10-10 14:30:00-04:00,0.5740000009536743,0.5899999737739563,0.5740000009536743,0.5899999737739563,1602,0.0,0.0
2022-10-10 15:30:00-04:00,0.5770999789237976,0.5770999789237976,0.5770999789237976,0.5770999789237976,787,0.0,0.0
2022-10-11 09:30:00-04:00,0.5838000178337097,0.5896999835968018,0.5799999833106995,0.586899995803833,15216,0.0,0.0
2022-10-11 10:30:00-04:00,0.5869510173797607,0.589900016784668,0.5841000080108643,0.5898000001907349,4820,0.0,0.0
2022-10-11 11:30:00-04:00,0.586899995803833,0.589900016784668,0.586899995803833,0.5874490141868591,5258,0.0,0.0
2022-10-11 12:30:00-04:00,0.5849999785423279,0.589900016784668,0.5849999785423279,0.585099995136261,2394,0.0,0.0
2022-10-11 14:30:00-04:00,0.5899999737739563,0.5899999737739563,0.585099995136261,0.5867000222206116,3937,0.0,0.0
2022-10-11 15:30:00-04:00,0.5899999737739563,0.6000000238418579,0.5891000032424927,0.5891000032424927,25542,0.0,0.0
2022-10-12 09:30:00-04:00,0.5898000001907349,0.5898000001907349,0.5550500154495239,0.5608000159263611,23434,0.0,0.0
2022-10-12 10:30:00-04:00,0.5601009726524353,0.5799999833106995,0.5601000189781189,0.5799999833106995,6702,0.0,0.0
2022-10-12 11:30:00-04:00,0.5835000276565552,0.6000000238418579,0.550000011920929,0.5501000285148621,37926,0.0,0.0
2022-10-12 12:30:00-04:00,0.5501000285148621,0.5501000285148621,0.5501000285148621,0.5501000285148621,599,0.0,0.0
2022-10-12 13:30:00-04:00,0.5701000094413757,0.5701000094413757,0.5501999855041504,0.5501999855041504,606,0.0,0.0
2022-10-12 14:30:00-04:00,0.5564450025558472,0.5899999737739563,0.5501999855041504,0.5501999855041504,2808,0.0,0.0
2022-10-12 15:30:00-04:00,0.5501009821891785,0.589900016784668,0.5501009821891785,0.5703999996185303,6444,0.0,0.0
2022-10-13 09:30:00-04:00,0.550000011920929,0.5600000023841858,0.550000011920929,0.5598999857902527,25722,0.0,0.0
2022-10-13 10:30:00-04:00,0.5576000213623047,0.5576000213623047,0.5550000071525574,0.5550000071525574,586,0.0,0.0
2022-10-13 11:30:00-04:00,0.5600000023841858,0.5600000023841858,0.5550000071525574,0.5551999807357788,5122,0.0,0.0
2022-10-13 12:30:00-04:00,0.5513799786567688,0.5600000023841858,0.5501009821891785,0.5501999855041504,1899,0.0,0.0
2022-10-13 13:30:00-04:00,0.5600000023841858,0.5600000023841858,0.5501999855041504,0.5563009977340698,23455,0.0,0.0
2022-10-13 14:30:00-04:00,0.5563009977340698,0.5563009977340698,0.5543000102043152,0.555899977684021,1315,0.0,0.0
2022-10-13 15:30:00-04:00,0.5559999942779541,0.5600000023841858,0.5558000206947327,0.5590999722480774,6674,0.0,0.0
2022-10-14 09:30:00-04:00,0.5649999976158142,0.5855010151863098,0.5649999976158142,0.5710999965667725,10904,0.0,0.0
2022-10-14 10:30:00-04:00,0.5709999799728394,0.5801010131835938,0.5709999799728394,0.576200008392334,14244,0.0,0.0
2022-10-14 11:30:00-04:00,0.5761989951133728,0.5817999839782715,0.5761989951133728,0.5809000134468079,7655,0.0,0.0
2022-10-14 12:30:00-04:00,0.5705999732017517,0.5863509774208069,0.5705999732017517,0.5863509774208069,7268,0.0,0.0
2022-10-14 13:30:00-04:00,0.5839999914169312,0.5839999914169312,0.5839999914169312,0.5839999914169312,247,0.0,0.0
2022-10-14 14:30:00-04:00,0.588100016117096,0.5963000059127808,0.5799999833106995,0.5799999833106995,2856,0.0,0.0
2022-10-14 15:30:00-04:00,0.5888000130653381,0.5888000130653381,0.5799999833106995,0.5799999833106995,1658,0.0,0.0
2022-10-17 09:30:00-04:00,0.5907999873161316,0.6000000238418579,0.5907999873161316,0.5952000021934509,30029,0.0,0.0
2022-10-17 10:30:00-04:00,0.5961999893188477,0.6000000238418579,0.5960999727249146,0.5961999893188477,125298,0.0,0.0
2022-10-17 11:30:00-04:00,0.5981000065803528,0.5999000072479248,0.5981000065803528,0.5989990234375,2362,0.0,0.0
2022-10-17 12:30:00-04:00,0.5989999771118164,0.6003000140190125,0.5989999771118164,0.6003000140190125,11238,0.0,0.0
2022-10-17 13:30:00-04:00,0.6000000238418579,0.618399977684021,0.6000000238418579,0.6176000237464905,20048,0.0,0.0
2022-10-17 14:30:00-04:00,0.6176000237464905,0.6176000237464905,0.6139000058174133,0.6176000237464905,3590,0.0,0.0
2022-10-17 15:30:00-04:00,0.6176000237464905,0.6399000287055969,0.6176000237464905,0.6399000287055969,6514,0.0,0.0
2022-10-18 09:30:00-04:00,0.629800021648407,0.6499999761581421,0.5899999737739563,0.6499999761581421,19534,0.0,0.0
2022-10-18 10:30:00-04:00,0.645048975944519,0.6603000164031982,0.6401010155677795,0.6510000228881836,12388,0.0,0.0
2022-10-18 11:30:00-04:00,0.6510999798774719,0.6575000286102295,0.6510999798774719,0.6559000015258789,3436,0.0,0.0
2022-10-18 12:30:00-04:00,0.6542999744415283,0.6687999963760376,0.6510999798774719,0.6675999760627747,15380,0.0,0.0
2022-10-18 13:30:00-04:00,0.6699000000953674,0.6700000166893005,0.6632999777793884,0.6644999980926514,4288,0.0,0.0
2022-10-18 14:30:00-04:00,0.6604009866714478,0.6700000166893005,0.6603999733924866,0.6603999733924866,2701,0.0,0.0
2022-10-18 15:30:00-04:00,0.6699990034103394,0.6850000023841858,0.6650000214576721,0.6783000230789185,21381,0.0,0.0
2022-10-19 09:30:00-04:00,0.6572999954223633,0.6800000071525574,0.6572999954223633,0.6798989772796631,3764,0.0,0.0
2022-10-19 10:30:00-04:00,0.6800000071525574,0.6800000071525574,0.6704000234603882,0.6704000234603882,1327,0.0,0.0
2022-10-19 11:30:00-04:00,0.6709010004997253,0.6800000071525574,0.6709010004997253,0.6800000071525574,3268,0.0,0.0
2022-10-19 12:30:00-04:00,0.6765999794006348,0.6775000095367432,0.6601009964942932,0.6601009964942932,15148,0.0,0.0
2022-10-19 13:30:00-04:00,0.6601999998092651,0.6601999998092651,0.6601999998092651,0.6601999998092651,653,0.0,0.0
2022-10-19 14:30:00-04:00,0.6611999869346619,0.6636000275611877,0.6611999869346619,0.6636000275611877,613,0.0,0.0
2022-10-19 15:30:00-04:00,0.6700999736785889,0.675000011920929,0.6503000259399414,0.6541000008583069,11609,0.0,0.0
2022-10-20 09:30:00-04:00,0.6700000166893005,0.6700000166893005,0.6359999775886536,0.6700000166893005,0,0.0,0.0
2022-10-20 10:30:00-04:00,0.6700000166893005,0.6700000166893005,0.660099983215332,0.660099983215332,1126,0.0,0.0
2022-10-20 11:30:00-04:00,0.6662999987602234,0.6700000166893005,0.6639000177383423,0.6639000177383423,2560,0.0,0.0
2022-10-20 12:30:00-04:00,0.6621999740600586,0.6699000000953674,0.660099983215332,0.6699000000953674,4663,0.0,0.0
2022-10-20 13:30:00-04:00,0.6600000262260437,0.6649500131607056,0.6600000262260437,0.6600000262260437,12402,0.0,0.0
2022-10-20 15:30:00-04:00,0.6600000262260437,0.6648499965667725,0.6600000262260437,0.6600000262260437,2697,0.0,0.0
2022-10-21 09:30:00-04:00,0.6499999761581421,0.6600000262260437,0.6326000094413757,0.6500999927520752,19456,0.0,0.0
2022-10-21 10:30:00-04:00,0.6520000100135803,0.6600000262260437,0.6500999927520752,0.6600000262260437,9988,0.0,0.0
2022-10-21 11:30:00-04:00,0.6500999927520752,0.6540600061416626,0.6500999927520752,0.6500999927520752,2249,0.0,0.0
2022-10-21 12:30:00-04:00,0.6600000262260437,0.6672999858856201,0.6500999927520752,0.6500999927520752,2693,0.0,0.0
2022-10-21 13:30:00-04:00,0.6500999927520752,0.6500999927520752,0.6499999761581421,0.6500999927520752,1381,0.0,0.0
2022-10-21 15:30:00-04:00,0.645101010799408,0.645101010799408,0.6237999796867371,0.6255999803543091,24747,0.0,0.0
2022-10-24 09:30:00-04:00,0.6200000047683716,0.6399999856948853,0.6121000051498413,0.6159999966621399,39484,0.0,0.0
2022-10-24 10:30:00-04:00,0.6215999722480774,0.6299999952316284,0.6215999722480774,0.6299999952316284,1476,0.0,0.0
2022-10-24 11:30:00-04:00,0.6299999952316284,0.6450999975204468,0.6299999952316284,0.6450999975204468,3503,0.0,0.0
2022-10-24 12:30:00-04:00,0.6482999920845032,0.6542999744415283,0.6406000256538391,0.6488999724388123,1729,0.0,0.0
2022-10-24 13:30:00-04:00,0.6501010060310364,0.6501010060310364,0.6501010060310364,0.6501010060310364,138,0.0,0.0
2022-10-24 14:30:00-04:00,0.6800000071525574,0.6829000115394592,0.6800000071525574,0.6800000071525574,20025,0.0,0.0
2022-10-24 15:30:00-04:00,0.6301000118255615,0.6800000071525574,0.6301000118255615,0.6800000071525574,0,0.0,0.0
2022-10-25 09:30:00-04:00,0.6700000166893005,0.6898000240325928,0.6700000166893005,0.6898000240325928,6915,0.0,0.0
2022-10-25 10:30:00-04:00,0.6880000233650208,0.6898000240325928,0.661300003528595,0.661300003528595,974,0.0,0.0
2022-10-25 11:30:00-04:00,0.6503000259399414,0.6800000071525574,0.6503000259399414,0.6564009785652161,1691,0.0,0.0
2022-10-25 12:30:00-04:00,0.665149986743927,0.6800000071525574,0.6622059941291809,0.6622059941291809,9911,0.0,0.0
2022-10-25 13:30:00-04:00,0.6800000071525574,0.6800000071525574,0.6682500243186951,0.6708999872207642,2200,0.0,0.0
2022-10-25 14:30:00-04:00,0.670799970626831,0.670799970626831,0.6675000190734863,0.6675000190734863,1529,0.0,0.0
2022-10-25 15:30:00-04:00,0.6625000238418579,0.6779000163078308,0.6625000238418579,0.6779000163078308,3433,0.0,0.0
2022-10-26 09:30:00-04:00,0.6899999976158142,0.6899999976158142,0.6600000262260437,0.660099983215332,0,0.0,0.0
2022-10-26 10:30:00-04:00,0.660099983215332,0.6899999976158142,0.6600000262260437,0.6600009799003601,11031,0.0,0.0
2022-10-26 11:30:00-04:00,0.675000011920929,0.6899999976158142,0.675000011920929,0.6801000237464905,3513,0.0,0.0
2022-10-26 12:30:00-04:00,0.68020099401474,0.6927000284194946,0.6682999730110168,0.6879000067710876,5157,0.0,0.0
2022-10-26 13:30:00-04:00,0.6859999895095825,0.6859999895095825,0.6620010137557983,0.6620010137557983,3022,0.0,0.0
2022-10-26 14:30:00-04:00,0.6886000037193298,0.6899999976158142,0.6636999845504761,0.6641010046005249,4094,0.0,0.0
2022-10-26 15:30:00-04:00,0.6899999976158142,0.6899999976158142,0.6600000262260437,0.6880000233650208,11782,0.0,0.0
2022-10-27 09:30:00-04:00,0.6675000190734863,0.6969000101089478,0.6675000190734863,0.6800000071525574,38167,0.0,0.0
2022-10-27 10:30:00-04:00,0.6804010272026062,0.6804010272026062,0.6804010272026062,0.6804010272026062,0,0.0,0.0
2022-10-27 11:30:00-04:00,0.6814000010490417,0.6890000104904175,0.6811000108718872,0.6833999752998352,42422,0.0,0.0
2022-10-27 12:30:00-04:00,0.6899999976158142,0.6899999976158142,0.6810010075569153,0.6810010075569153,1301,0.0,0.0
2022-10-27 13:30:00-04:00,0.6811010241508484,0.6811010241508484,0.6811000108718872,0.6811000108718872,3379,0.0,0.0
2022-10-27 14:30:00-04:00,0.6869029998779297,0.6969000101089478,0.6819999814033508,0.6969000101089478,4119,0.0,0.0
2022-10-27 15:30:00-04:00,0.692799985408783,0.692799985408783,0.6811000108718872,0.6811000108718872,5137,0.0,0.0
2022-10-28 09:30:00-04:00,0.6620000004768372,0.699999988079071,0.6620000004768372,0.6807010173797607,17049,0.0,0.0
2022-10-28 10:30:00-04:00,0.690750002861023,0.699999988079071,0.6830000281333923,0.6840000152587891,4788,0.0,0.0
2022-10-28 11:30:00-04:00,0.6949999928474426,0.699999988079071,0.6919999718666077,0.699999988079071,2380,0.0,0.0
2022-10-28 12:30:00-04:00,0.6960499882698059,0.7149999737739563,0.6940500140190125,0.7149999737739563,48224,0.0,0.0
2022-10-28 13:30:00-04:00,0.7140009999275208,0.7140009999275208,0.7089999914169312,0.7089999914169312,1698,0.0,0.0
2022-10-28 14:30:00-04:00,0.7121999859809875,0.7248989939689636,0.7121000289916992,0.7164000272750854,7831,0.0,0.0
2022-10-28 15:30:00-04:00,0.7127000093460083,0.7127000093460083,0.699999988079071,0.699999988079071,1793,0.0,0.0
2022-10-31 09:30:00-04:00,0.6800000071525574,0.7192999720573425,0.6800000071525574,0.697950005531311,5705,0.0,0.0
2022-10-31 10:30:00-04:00,0.692799985408783,0.699999988079071,0.6826000213623047,0.6901000142097473,3389,0.0,0.0
2022-10-31 11:30:00-04:00,0.699999988079071,0.7129999995231628,0.6899999976158142,0.7129999995231628,53633,0.0,0.0
2022-10-31 12:30:00-04:00,0.7039939761161804,0.7039939761161804,0.6825000047683716,0.6947000026702881,48315,0.0,0.0
2022-10-31 13:30:00-04:00,0.6947000026702881,0.6995999813079834,0.6947000026702881,0.699400007724762,518,0.0,0.0
2022-10-31 14:30:00-04:00,0.6991999745368958,0.6991999745368958,0.671500027179718,0.6883000135421753,18714,0.0,0.0
2022-10-31 15:30:00-04:00,0.6865000128746033,0.699999988079071,0.6865000128746033,0.6866000294685364,2840,0.0,0.0
2022-11-01 09:30:00-04:00,0.6800000071525574,0.7139999866485596,0.6800000071525574,0.6868000030517578,1567,0.0,0.0
2022-11-01 10:30:00-04:00,0.6976000070571899,0.699999988079071,0.6802999973297119,0.6809999942779541,3500,0.0,0.0
2022-11-01 11:30:00-04:00,0.7020000219345093,0.7020000219345093,0.7020000219345093,0.7020000219345093,577,0.0,0.0
2022-11-01 12:30:00-04:00,0.6850000023841858,0.6919999718666077,0.6811000108718872,0.6919999718666077,12003,0.0,0.0
2022-11-01 13:30:00-04:00,0.6919999718666077,0.6969000101089478,0.6819999814033508,0.6899999976158142,7623,0.0,0.0
2022-11-01 14:30:00-04:00,0.680400013923645,0.6804010272026062,0.680400013923645,0.6804010272026062,624,0.0,0.0
2022-11-01 15:30:00-04:00,0.680400013923645,0.680400013923645,0.6802999973297119,0.6802999973297119,0,0.0,0.0
2022-11-02 09:30:00-04:00,0.6899999976158142,0.699999988079071,0.6899999976158142,0.699999988079071,7439,0.0,0.0
2022-11-02 10:30:00-04:00,0.6901010274887085,0.6901999711990356,0.6901000142097473,0.6901999711990356,2510,0.0,0.0
2022-11-02 11:30:00-04:00,0.6901999711990356,0.6973999738693237,0.6819000244140625,0.6973999738693237,8531,0.0,0.0
2022-11-02 12:30:00-04:00,0.6887000203132629,0.6887000203132629,0.6800000071525574,0.6800000071525574,2305,0.0,0.0
2022-11-02 13:30:00-04:00,0.6800000071525574,0.6800000071525574,0.6800000071525574,0.6800000071525574,1863,0.0,0.0
2022-11-02 14:30:00-04:00,0.685699999332428,0.685699999332428,0.6700000166893005,0.671999990940094,9243,0.0,0.0
2022-11-02 15:30:00-04:00,0.6700000166893005,0.686739981174469,0.6700000166893005,0.6718999743461609,1985,0.0,0.0
2022-11-03 09:30:00-04:00,0.6600000262260437,0.6978999972343445,0.6600000262260437,0.6978999972343445,1226,0.0,0.0
2022-11-03 10:30:00-04:00,0.6693999767303467,0.6800000071525574,0.6601999998092651,0.6601999998092651,1757,0.0,0.0
2022-11-03 11:30:00-04:00,0.6601999998092651,0.6771000027656555,0.6601999998092651,0.6771000027656555,2310,0.0,0.0
2022-11-03 12:30:00-04:00,0.6773499846458435,0.6773499846458435,0.6700000166893005,0.6700000166893005,570,0.0,0.0
2022-11-03 13:30:00-04:00,0.6604999899864197,0.6606000065803528,0.6604999899864197,0.6604999899864197,2678,0.0,0.0
2022-11-03 14:30:00-04:00,0.6601999998092651,0.6601999998092651,0.6601999998092651,0.6601999998092651,587,0.0,0.0
2022-11-03 15:30:00-04:00,0.680899977684021,0.680899977684021,0.6601999998092651,0.6650999784469604,0,0.0,0.0
2022-11-04 09:30:00-04:00,0.6600000262260437,0.6689000129699707,0.6598989963531494,0.6689000129699707,11495,0.0,0.0
2022-11-04 10:30:00-04:00,0.6766999959945679,0.6766999959945679,0.6521009802818298,0.6521009802818298,10039,0.0,0.0
2022-11-04 13:30:00-04:00,0.6521000266075134,0.6521000266075134,0.6520000100135803,0.6520000100135803,1120,0.0,0.0
2022-11-04 14:30:00-04:00,0.6610999703407288,0.6610999703407288,0.651199996471405,0.651199996471405,12174,0.0,0.0
2022-11-04 15:30:00-04:00,0.660099983215332,0.660099983215332,0.660099983215332,0.660099983215332,100,0.0,0.0
2022-11-07 09:30:00-05:00,0.6499999761581421,0.6600000262260437,0.6499999761581421,0.6500999927520752,6574,0.0,0.0
2022-11-07 10:30:00-05:00,0.6500999927520752,0.6500999927520752,0.6499999761581421,0.6499999761581421,305,0.0,0.0
2022-11-07 12:30:00-05:00,0.6500999927520752,0.6549999713897705,0.6223999857902527,0.6549999713897705,34119,0.0,0.0
2022-11-07 13:30:00-05:00,0.6251000165939331,0.6502000093460083,0.6251000165939331,0.6502000093460083,365,0.0,0.0
2022-11-07 14:30:00-05:00,0.6500999927520752,0.6599000096321106,0.6489999890327454,0.6599000096321106,2427,0.0,0.0
2022-11-07 15:30:00-05:00,0.6491000056266785,0.6567999720573425,0.6401000022888184,0.6498000025749207,2646,0.0,0.0
2022-11-08 09:30:00-05:00,0.6700000166893005,0.6765999794006348,0.6427249908447266,0.6689990162849426,7744,0.0,0.0
2022-11-08 10:30:00-05:00,0.6600000262260437,0.6765999794006348,0.6459000110626221,0.6570000052452087,4590,0.0,0.0
2022-11-08 11:30:00-05:00,0.6579999923706055,0.6600000262260437,0.64410001039505,0.64410001039505,9010,0.0,0.0
2022-11-08 12:30:00-05:00,0.64410001039505,0.6582000255584717,0.64410001039505,0.6485000252723694,637,0.0,0.0
2022-11-08 13:30:00-05:00,0.6472409963607788,0.6499999761581421,0.6309999823570251,0.6388000249862671,4401,0.0,0.0
2022-11-08 14:30:00-05:00,0.6392980217933655,0.6392980217933655,0.6355000138282776,0.6355000138282776,1042,0.0,0.0
2022-11-08 15:30:00-05:00,0.6499999761581421,0.6679999828338623,0.6403999924659729,0.6403999924659729,0,0.0,0.0
2022-11-09 09:30:00-05:00,0.6800000071525574,0.6999989748001099,0.6331999897956848,0.6656000018119812,21366,0.0,0.0
2022-11-09 10:30:00-05:00,0.6513010263442993,0.6800000071525574,0.6499999761581421,0.6501010060310364,3200,0.0,0.0
2022-11-09 11:30:00-05:00,0.6600000262260437,0.6759999990463257,0.6600000262260437,0.671500027179718,6516,0.0,0.0
2022-11-09 12:30:00-05:00,0.6798999905586243,0.6800000071525574,0.6633780002593994,0.6633780002593994,23564,0.0,0.0
2022-11-09 13:30:00-05:00,0.6607000231742859,0.6633999943733215,0.6499999761581421,0.6632999777793884,1117,0.0,0.0
2022-11-09 14:30:00-05:00,0.6700000166893005,0.6700000166893005,0.6639999747276306,0.6700000166893005,3109,0.0,0.0
2022-11-09 15:30:00-05:00,0.6517999768257141,0.6689000129699707,0.6517999768257141,0.6687999963760376,0,0.0,0.0
2022-11-10 09:30:00-05:00,0.6800000071525574,0.6800000071525574,0.6650000214576721,0.6797999739646912,21815,0.0,0.0
2022-11-10 10:30:00-05:00,0.6800000071525574,0.6800000071525574,0.6650000214576721,0.6650000214576721,11198,0.0,0.0
2022-11-10 11:30:00-05:00,0.6650000214576721,0.6800000071525574,0.6650000214576721,0.6800000071525574,12144,0.0,0.0
2022-11-10 12:30:00-05:00,0.6776739954948425,0.6800000071525574,0.6751000285148621,0.6798999905586243,3544,0.0,0.0
2022-11-10 13:30:00-05:00,0.6703000068664551,0.6800000071525574,0.6703000068664551,0.6798999905586243,1191,0.0,0.0
2022-11-10 14:30:00-05:00,0.6798999905586243,0.689300000667572,0.6700000166893005,0.689300000667572,11760,0.0,0.0
2022-11-10 15:30:00-05:00,0.689300000667572,0.6949999928474426,0.6801000237464905,0.6949999928474426,17643,0.0,0.0
2022-11-11 09:30:00-05:00,0.6899999976158142,0.699999988079071,0.6700000166893005,0.699999988079071,14201,0.0,0.0
2022-11-11 10:30:00-05:00,0.699999988079071,0.699999988079071,0.6499999761581421,0.699999988079071,23108,0.0,0.0
2022-11-11 11:30:00-05:00,0.699999988079071,0.699999988079071,0.699999988079071,0.699999988079071,747,0.0,0.0
2022-11-11 12:30:00-05:00,0.6850000023841858,0.699999988079071,0.6746000051498413,0.699999988079071,11176,0.0,0.0
2022-11-11 13:30:00-05:00,0.6801000237464905,0.6801000237464905,0.6800000071525574,0.6800000071525574,333,0.0,0.0
2022-11-11 14:30:00-05:00,0.6900500059127808,0.6900500059127808,0.6900500059127808,0.6900500059127808,212,0.0,0.0
2022-11-11 15:30:00-05:00,0.6801000237464905,0.699999988079071,0.6801000237464905,0.699999988079071,1414,0.0,0.0
2022-11-14 09:30:00-05:00,0.6800000071525574,0.699999988079071,0.6610010266304016,0.6850000023841858,27215,0.0,0.0
2022-11-14 10:30:00-05:00,0.6800000071525574,0.699999988079071,0.6700000166893005,0.6700000166893005,10461,0.0,0.0
2022-11-14 11:30:00-05:00,0.6899999976158142,0.6899999976158142,0.6800000071525574,0.6800000071525574,584,0.0,0.0
2022-11-14 12:30:00-05:00,0.6899999976158142,0.699999988079071,0.6840000152587891,0.6949999928474426,13604,0.0,0.0
2022-11-14 13:30:00-05:00,0.699999988079071,0.699999988079071,0.6901000142097473,0.699999988079071,10620,0.0,0.0
2022-11-14 14:30:00-05:00,0.699999988079071,0.7099999785423279,0.699999988079071,0.7001000046730042,3952,0.0,0.0
2022-11-14 15:30:00-05:00,0.7001000046730042,0.7099999785423279,0.699999988079071,0.7099999785423279,0,0.0,0.0
2022-11-15 09:30:00-05:00,0.7099999785423279,0.7099999785423279,0.6805999875068665,0.6840999722480774,11214,0.0,0.0
2022-11-15 10:30:00-05:00,0.6801000237464905,0.6801000237464905,0.6801000237464905,0.6801000237464905,398,0.0,0.0
2022-11-15 11:30:00-05:00,0.7034000158309937,0.7235509753227234,0.7034000158309937,0.7235509753227234,41419,0.0,0.0
2022-11-15 12:30:00-05:00,0.7200000286102295,0.7289000153541565,0.7141000032424927,0.7203999757766724,38367,0.0,0.0
2022-11-15 13:30:00-05:00,0.7141000032424927,0.7141000032424927,0.6801999807357788,0.6801999807357788,15758,0.0,0.0
2022-11-15 14:30:00-05:00,0.705299973487854,0.705299973487854,0.68020099401474,0.68020099401474,7013,0.0,0.0
2022-11-15 15:30:00-05:00,0.7053999900817871,0.7053999900817871,0.6600000262260437,0.6617000102996826,30187,0.0,0.0
2022-11-16 09:30:00-05:00,0.6299999952316284,0.6800000071525574,0.6299999952316284,0.6600000262260437,9086,0.0,0.0
2022-11-16 10:30:00-05:00,0.6601009964942932,0.6601009964942932,0.6600000262260437,0.6600000262260437,1827,0.0,0.0
2022-11-16 11:30:00-05:00,0.6740000247955322,0.6740000247955322,0.6600000262260437,0.6600000262260437,3417,0.0,0.0
2022-11-16 12:30:00-05:00,0.6650000214576721,0.6650000214576721,0.6399999856948853,0.6406999826431274,8926,0.0,0.0
2022-11-16 13:30:00-05:00,0.6470299959182739,0.6499999761581421,0.6401000022888184,0.6412000060081482,2676,0.0,0.0
2022-11-16 14:30:00-05:00,0.6499000191688538,0.6725999712944031,0.6439999938011169,0.6700000166893005,24446,0.0,0.0
2022-11-16 15:30:00-05:00,0.6550999879837036,0.6564009785652161,0.6402999758720398,0.6402999758720398,5431,0.0,0.0
2022-11-17 09:30:00-05:00,0.6301000118255615,0.6458659768104553,0.6301000118255615,0.6458659768104553,614,0.0,0.0
2022-11-17 10:30:00-05:00,0.6614000201225281,0.6650000214576721,0.6574990153312683,0.6650000214576721,4102,0.0,0.0
2022-11-17 11:30:00-05:00,0.6600000262260437,0.6600000262260437,0.636201024055481,0.636201024055481,2237,0.0,0.0
2022-11-17 12:30:00-05:00,0.6499999761581421,0.6499999761581421,0.6499999761581421,0.6499999761581421,179,0.0,0.0
2022-11-17 14:30:00-05:00,0.6499999761581421,0.6597999930381775,0.642799973487854,0.6597999930381775,3427,0.0,0.0
2022-11-17 15:30:00-05:00,0.642300009727478,0.6545000076293945,0.642300009727478,0.6545000076293945,2464,0.0,0.0
2022-11-18 09:30:00-05:00,0.6499999761581421,0.6499999761581421,0.645048975944519,0.6499000191688538,7602,0.0,0.0
2022-11-18 10:30:00-05:00,0.6499000191688538,0.6499999761581421,0.6499000191688538,0.6499000191688538,6019,0.0,0.0
2022-11-18 11:30:00-05:00,0.6474999785423279,0.6499999761581421,0.6449999809265137,0.6499000191688538,3138,0.0,0.0
2022-11-18 12:30:00-05:00,0.6498000025749207,0.6499000191688538,0.6452000141143799,0.6474000215530396,1910,0.0,0.0
2022-11-18 13:30:00-05:00,0.6450999975204468,0.6499000191688538,0.6450999975204468,0.6450999975204468,1309,0.0,0.0
2022-11-18 14:30:00-05:00,0.6452000141143799,0.6499999761581421,0.6452000141143799,0.6452000141143799,4264,0.0,0.0
2022-11-18 15:30:00-05:00,0.647599995136261,0.6499999761581421,0.647599995136261,0.6499999761581421,373,0.0,0.0
2022-11-21 09:30:00-05:00,0.6499999761581421,0.6600000262260437,0.6499999761581421,0.6599000096321106,5716,0.0,0.0
2022-11-21 10:30:00-05:00,0.6500999927520752,0.6500999927520752,0.6500999927520752,0.6500999927520752,302,0.0,0.0
2022-11-21 11:30:00-05:00,0.6506010293960571,0.6553000211715698,0.6506010293960571,0.6553000211715698,1917,0.0,0.0
2022-11-21 12:30:00-05:00,0.650600016117096,0.6549999713897705,0.6503999829292297,0.6503999829292297,7189,0.0,0.0
2022-11-21 13:30:00-05:00,0.6502000093460083,0.6503999829292297,0.6499999761581421,0.6499999761581421,1960,0.0,0.0
2022-11-21 14:30:00-05:00,0.6502000093460083,0.6502000093460083,0.6380000114440918,0.6380000114440918,5181,0.0,0.0
2022-11-21 15:30:00-05:00,0.6499999761581421,0.6499999761581421,0.6301000118255615,0.6399999856948853,4670,0.0,0.0
2022-11-22 09:30:00-05:00,0.621399998664856,0.6250489950180054,0.6017000079154968,0.6017000079154968,39614,0.0,0.0
2022-11-22 10:30:00-05:00,0.6169490218162537,0.6200000047683716,0.6039010286331177,0.6151000261306763,24425,0.0,0.0
2022-11-22 11:30:00-05:00,0.6151000261306763,0.6211010217666626,0.6025000214576721,0.6025000214576721,14944,0.0,0.0
2022-11-22 12:30:00-05:00,0.6014999747276306,0.6015369892120361,0.5600000023841858,0.5917999744415283,35134,0.0,0.0
2022-11-22 13:30:00-05:00,0.5918999910354614,0.5918999910354614,0.578499972820282,0.578499972820282,8302,0.0,0.0
2022-11-22 14:30:00-05:00,0.5799999833106995,0.5999000072479248,0.578499972820282,0.5902000069618225,9919,0.0,0.0
2022-11-22 15:30:00-05:00,0.5960999727249146,0.6000000238418579,0.5800999999046326,0.5800999999046326,8889,0.0,0.0
2022-11-23 09:30:00-05:00,0.5799999833106995,0.5799999833106995,0.5598999857902527,0.5598999857902527,34192,0.0,0.0
2022-11-23 10:30:00-05:00,0.5627999901771545,0.5802000164985657,0.5613999962806702,0.5773000121116638,26569,0.0,0.0
2022-11-23 11:30:00-05:00,0.5884000062942505,0.5884000062942505,0.5651000142097473,0.5651010274887085,5229,0.0,0.0
2022-11-23 12:30:00-05:00,0.5651000142097473,0.5662999749183655,0.5651000142097473,0.5652999877929688,2100,0.0,0.0
2022-11-23 13:30:00-05:00,0.5660009980201721,0.5889999866485596,0.5660009980201721,0.5889999866485596,2134,0.0,0.0
2022-11-23 14:30:00-05:00,0.5774999856948853,0.5774999856948853,0.5661010146141052,0.5774999856948853,1853,0.0,0.0
2022-11-23 15:30:00-05:00,0.5774989724159241,0.5849000215530396,0.5699999928474426,0.5795549750328064,2870,0.0,0.0
2022-11-25 09:30:00-05:00,0.6132000088691711,0.6132000088691711,0.5799999833106995,0.5864869952201843,0,0.0,0.0
2022-11-25 10:30:00-05:00,0.5809999704360962,0.5810999870300293,0.5799999833106995,0.5799999833106995,5005,0.0,0.0
2022-11-28 09:30:00-05:00,0.5699999928474426,0.6200000047683716,0.5699999928474426,0.6003990173339844,0,0.0,0.0
2022-11-28 10:30:00-05:00,0.5540000200271606,0.6198989748954773,0.5529000163078308,0.554099977016449,1307,0.0,0.0
2022-11-28 11:30:00-05:00,0.5570999979972839,0.5817999839782715,0.5569999814033508,0.5817999839782715,2302,0.0,0.0
2022-11-28 12:30:00-05:00,0.5812000036239624,0.5812000036239624,0.5812000036239624,0.5812000036239624,433,0.0,0.0
2022-11-28 13:30:00-05:00,0.5809999704360962,0.590499997138977,0.5623000264167786,0.5623000264167786,2341,0.0,0.0
2022-11-28 14:30:00-05:00,0.5619999766349792,0.5846999883651733,0.5619999766349792,0.5799999833106995,4985,0.0,0.0
2022-11-28 15:30:00-05:00,0.560001015663147,0.560001015663147,0.560001015663147,0.560001015663147,0,0.0,0.0
2022-11-29 09:30:00-05:00,0.5600000023841858,0.5824000239372253,0.5502009987831116,0.5502009987831116,1225,0.0,0.0
2022-11-29 10:30:00-05:00,0.5537999868392944,0.5537999868392944,0.5537999868392944,0.5537999868392944,262,0.0,0.0
2022-11-29 11:30:00-05:00,0.5503000020980835,0.5503000020980835,0.5503000020980835,0.5503000020980835,10792,0.0,0.0
2022-11-29 12:30:00-05:00,0.5777999758720398,0.5777999758720398,0.5777999758720398,0.5777999758720398,202,0.0,0.0
2022-11-29 13:30:00-05:00,0.5605000257492065,0.5605000257492065,0.5504999756813049,0.5504999756813049,20172,0.0,0.0
2022-11-29 14:30:00-05:00,0.5600000023841858,0.5600000023841858,0.5600000023841858,0.5600000023841858,416,0.0,0.0
2022-11-29 15:30:00-05:00,0.5706999897956848,0.5759000182151794,0.5600000023841858,0.5730000138282776,0,0.0,0.0
2022-11-30 09:30:00-05:00,0.5699999928474426,0.5699999928474426,0.5509999990463257,0.5648000240325928,13506,0.0,0.0
2022-11-30 10:30:00-05:00,0.5649999976158142,0.5687770247459412,0.5548959970474243,0.5623000264167786,3504,0.0,0.0
2022-11-30 11:30:00-05:00,0.5586000084877014,0.5586000084877014,0.5586000084877014,0.5586000084877014,350,0.0,0.0
2022-11-30 12:30:00-05:00,0.5598999857902527,0.5665000081062317,0.5550490021705627,0.5665000081062317,6403,0.0,0.0
2022-11-30 13:30:00-05:00,0.5600000023841858,0.5699999928474426,0.550000011920929,0.5590000152587891,18903,0.0,0.0
2022-11-30 14:30:00-05:00,0.550000011920929,0.5680999755859375,0.550000011920929,0.5680000185966492,4612,0.0,0.0
2022-11-30 15:30:00-05:00,0.5641999840736389,0.564300000667572,0.5611000061035156,0.5611000061035156,5700,0.0,0.0
2022-12-01 09:30:00-05:00,0.5730000138282776,0.5799999833106995,0.5600000023841858,0.5601000189781189,3836,0.0,0.0
2022-12-01 10:30:00-05:00,0.599399983882904,0.599399983882904,0.5611000061035156,0.5611000061035156,2300,0.0,0.0
2022-12-01 11:30:00-05:00,0.5795000195503235,0.5879999995231628,0.560001015663147,0.5795000195503235,1790,0.0,0.0
2022-12-01 12:30:00-05:00,0.5795000195503235,0.5963000059127808,0.5600000023841858,0.5600000023841858,7572,0.0,0.0
2022-12-01 13:30:00-05:00,0.5949000120162964,0.5950000286102295,0.5601009726524353,0.5601009726524353,4611,0.0,0.0
2022-12-01 14:30:00-05:00,0.5601009726524353,0.589900016784668,0.5601009726524353,0.5750499963760376,1127,0.0,0.0
2022-12-01 15:30:00-05:00,0.5899999737739563,0.5899999737739563,0.5896000266075134,0.5896000266075134,2111,0.0,0.0
2022-12-02 09:30:00-05:00,0.550000011920929,0.58160001039505,0.550000011920929,0.5509999990463257,32220,0.0,0.0
2022-12-02 10:30:00-05:00,0.5625,0.5699999928474426,0.5550000071525574,0.5600000023841858,22196,0.0,0.0
2022-12-02 11:30:00-05:00,0.5649999976158142,0.5649999976158142,0.5601000189781189,0.5601000189781189,2825,0.0,0.0
2022-12-02 12:30:00-05:00,0.5601000189781189,0.5728999972343445,0.5600000023841858,0.5728999972343445,18825,0.0,0.0
2022-12-02 13:30:00-05:00,0.5664499998092651,0.5728999972343445,0.5600000023841858,0.5728999972343445,3415,0.0,0.0
2022-12-02 14:30:00-05:00,0.5728999972343445,0.5730000138282776,0.5600000023841858,0.5730000138282776,17488,0.0,0.0
2022-12-02 15:30:00-05:00,0.5728989839553833,0.5730000138282776,0.5600000023841858,0.5600000023841858,1500,0.0,0.0
2022-12-05 09:30:00-05:00,0.5600000023841858,0.574999988079071,0.5600000023841858,0.574999988079071,11615,0.0,0.0
2022-12-05 10:30:00-05:00,0.5690000057220459,0.5699999928474426,0.5690000057220459,0.5699999928474426,2836,0.0,0.0
2022-12-05 11:30:00-05:00,0.5690000057220459,0.5720000267028809,0.5680999755859375,0.5702999830245972,23075,0.0,0.0
2022-12-05 13:30:00-05:00,0.5723000168800354,0.5724999904632568,0.5704500079154968,0.5709999799728394,5440,0.0,0.0
2022-12-05 14:30:00-05:00,0.5697000026702881,0.5724999904632568,0.5697000026702881,0.5710999965667725,7520,0.0,0.0
2022-12-05 15:30:00-05:00,0.5709999799728394,0.5724999904632568,0.5709999799728394,0.5724999904632568,4884,0.0,0.0
2022-12-06 09:30:00-05:00,0.5799999833106995,0.5800999999046326,0.520799994468689,0.520799994468689,0,0.0,0.0
2022-12-06 10:30:00-05:00,0.5350000262260437,0.535099983215332,0.5350000262260437,0.5350000262260437,3201,0.0,0.0
2022-12-06 11:30:00-05:00,0.5350000262260437,0.5425000190734863,0.5350000262260437,0.5366659760475159,3431,0.0,0.0
2022-12-06 12:30:00-05:00,0.5401999950408936,0.5401999950408936,0.5401999950408936,0.5401999950408936,109,0.0,0.0
2022-12-06 13:30:00-05:00,0.5440080165863037,0.5440080165863037,0.541100025177002,0.541100025177002,5486,0.0,0.0
2022-12-06 14:30:00-05:00,0.5410000085830688,0.5442860126495361,0.5410000085830688,0.5410000085830688,3816,0.0,0.0
2022-12-06 15:30:00-05:00,0.5400500297546387,0.5400999784469604,0.5400000214576721,0.5400000214576721,2035,0.0,0.0
2022-12-07 09:30:00-05:00,0.5600000023841858,0.589900016784668,0.5400000214576721,0.589900016784668,7975,0.0,0.0
2022-12-07 11:30:00-05:00,0.550000011920929,0.5641999840736389,0.5493000149726868,0.550000011920929,7632,0.0,0.0
2022-12-07 12:30:00-05:00,0.5497999787330627,0.5497999787330627,0.5497999787330627,0.5497999787330627,119,0.0,0.0
2022-12-07 13:30:00-05:00,0.5202999711036682,0.5202999711036682,0.5199999809265137,0.5199999809265137,8737,0.0,0.0
2022-12-07 14:30:00-05:00,0.5284000039100647,0.5357999801635742,0.5224000215530396,0.525600016117096,2300,0.0,0.0
2022-12-07 15:30:00-05:00,0.5320000052452087,0.5357999801635742,0.5199999809265137,0.5200999975204468,14036,0.0,0.0
2022-12-08 09:30:00-05:00,0.5199999809265137,0.5400000214576721,0.5199999809265137,0.5367429852485657,0,0.0,0.0
2022-12-08 10:30:00-05:00,0.5200999975204468,0.5200999975204468,0.5045999884605408,0.5166379809379578,11716,0.0,0.0
2022-12-08 11:30:00-05:00,0.5125010013580322,0.5199999809265137,0.5125010013580322,0.5199000239372253,4008,0.0,0.0
2022-12-08 12:30:00-05:00,0.5187000036239624,0.5187000036239624,0.5101000070571899,0.510200023651123,350,0.0,0.0
2022-12-08 13:30:00-05:00,0.5199999809265137,0.5199999809265137,0.5160999894142151,0.5199999809265137,3393,0.0,0.0
2022-12-08 14:30:00-05:00,0.5149000287055969,0.5564000010490417,0.5149000287055969,0.5498999953269958,9783,0.0,0.0
2022-12-08 15:30:00-05:00,0.5202000141143799,0.5498999953269958,0.5202000141143799,0.5350990295410156,0,0.0,0.0
2022-12-09 09:30:00-05:00,0.5099999904632568,0.5299999713897705,0.5099999904632568,0.5299999713897705,23458,0.0,0.0
2022-12-09 10:30:00-05:00,0.5300999879837036,0.5490000247955322,0.5299999713897705,0.5457000136375427,3593,0.0,0.0
2022-12-09 11:30:00-05:00,0.5400000214576721,0.550000011920929,0.5300999879837036,0.5300999879837036,1160,0.0,0.0
2022-12-09 12:30:00-05:00,0.5350509881973267,0.5350509881973267,0.5350509881973267,0.5350509881973267,200,0.0,0.0
2022-12-09 13:30:00-05:00,0.5300999879837036,0.5400000214576721,0.5300999879837036,0.5400000214576721,13512,0.0,0.0
2022-12-09 14:30:00-05:00,0.5299999713897705,0.5486999750137329,0.5181000232696533,0.5486999750137329,18606,0.0,0.0
2022-12-09 15:30:00-05:00,0.5317000150680542,0.539900004863739,0.5232999920845032,0.5232999920845032,1620,0.0,0.0
2022-12-12 09:30:00-05:00,0.5232999920845032,0.5960000157356262,0.5231999754905701,0.5701010227203369,64487,0.0,0.0
2022-12-12 10:30:00-05:00,0.5741000175476074,0.5741000175476074,0.5504000186920166,0.5504000186920166,15867,0.0,0.0
2022-12-12 11:30:00-05:00,0.5525000095367432,0.5525000095367432,0.5299999713897705,0.5299999713897705,14022,0.0,0.0
2022-12-12 12:30:00-05:00,0.5349000096321106,0.5349990129470825,0.5300999879837036,0.5302000045776367,3480,0.0,0.0
2022-12-12 13:30:00-05:00,0.5302000045776367,0.5350000262260437,0.5302000045776367,0.5335999727249146,1556,0.0,0.0
2022-12-12 14:30:00-05:00,0.5300999879837036,0.5300999879837036,0.5299999713897705,0.5299999713897705,15416,0.0,0.0
2022-12-12 15:30:00-05:00,0.5300999879837036,0.5350000262260437,0.5299999713897705,0.5350000262260437,4641,0.0,0.0
2022-12-13 09:30:00-05:00,0.5329999923706055,0.5474990010261536,0.5329999923706055,0.5400000214576721,0,0.0,0.0
2022-12-13 10:30:00-05:00,0.5350000262260437,0.5600000023841858,0.5350000262260437,0.5600000023841858,3477,0.0,0.0
2022-12-13 11:30:00-05:00,0.5476999878883362,0.5476999878883362,0.5476999878883362,0.5476999878883362,123,0.0,0.0
2022-12-13 12:30:00-05:00,0.5590000152587891,0.5590000152587891,0.558899998664856,0.558899998664856,1132,0.0,0.0
2022-12-13 13:30:00-05:00,0.558899998664856,0.5600000023841858,0.5404999852180481,0.5598000288009644,6875,0.0,0.0
2022-12-13 14:30:00-05:00,0.5599009990692139,0.5622000098228455,0.5501999855041504,0.5622000098228455,6020,0.0,0.0
2022-12-13 15:30:00-05:00,0.5622000098228455,0.5622000098228455,0.550000011920929,0.5568000078201294,0,0.0,0.0
2022-12-14 09:30:00-05:00,0.5622000098228455,0.5699999928474426,0.5400000214576721,0.5400000214576721,11377,0.0,0.0
2022-12-14 10:30:00-05:00,0.550000011920929,0.5582000017166138,0.550000011920929,0.550000011920929,1810,0.0,0.0
2022-12-14 11:30:00-05:00,0.5600500106811523,0.5600500106811523,0.5600500106811523,0.5600500106811523,381,0.0,0.0
2022-12-14 12:30:00-05:00,0.5651000142097473,0.5651000142097473,0.5651000142097473,0.5651000142097473,100,0.0,0.0
2022-12-14 13:30:00-05:00,0.5701000094413757,0.57989901304245,0.5418000221252441,0.57989901304245,19164,0.0,0.0
2022-12-14 14:30:00-05:00,0.5400999784469604,0.550000011920929,0.5400999784469604,0.5401999950408936,1477,0.0,0.0
2022-12-14 15:30:00-05:00,0.550000011920929,0.550000011920929,0.5400000214576721,0.5400000214576721,900,0.0,0.0
2022-12-15 09:30:00-05:00,0.5820000171661377,0.6053709983825684,0.5799999833106995,0.5914000272750854,228792,0.0,0.0
2022-12-15 10:30:00-05:00,0.5914999842643738,0.6254000067710876,0.5914999842643738,0.6212999820709229,55395,0.0,0.0
2022-12-15 11:30:00-05:00,0.6213350296020508,0.6499999761581421,0.6201000213623047,0.6298999786376953,49218,0.0,0.0
2022-12-15 12:30:00-05:00,0.6298999786376953,0.6299989819526672,0.6197999715805054,0.621399998664856,12410,0.0,0.0
2022-12-15 13:30:00-05:00,0.6215000152587891,0.6298999786376953,0.6100000143051147,0.6173989772796631,15574,0.0,0.0
2022-12-15 14:30:00-05:00,0.6175000071525574,0.6198999881744385,0.611299991607666,0.618170976638794,1798,0.0,0.0
2022-12-15 15:30:00-05:00,0.6198999881744385,0.6200000047683716,0.6102010011672974,0.6200000047683716,17936,0.0,0.0
2022-12-16 09:30:00-05:00,0.6380000114440918,0.6498000025749207,0.6128010153770447,0.6209999918937683,39190,0.0,0.0
2022-12-16 10:30:00-05:00,0.6209999918937683,0.6272000074386597,0.6095010042190552,0.6098999977111816,28308,0.0,0.0
2022-12-16 11:30:00-05:00,0.6100000143051147,0.6299999952316284,0.6004999876022339,0.6299999952316284,11907,0.0,0.0
2022-12-16 12:30:00-05:00,0.6100000143051147,0.6200000047683716,0.6100000143051147,0.6200000047683716,8495,0.0,0.0
2022-12-16 13:30:00-05:00,0.6198989748954773,0.6399999856948853,0.6102499961853027,0.6102499961853027,14399,0.0,0.0
2022-12-16 14:30:00-05:00,0.6100000143051147,0.6100000143051147,0.600600004196167,0.600600004196167,6153,0.0,0.0
2022-12-16 15:30:00-05:00,0.6299999952316284,0.6299999952316284,0.6200000047683716,0.6200000047683716,4434,0.0,0.0
2022-12-19 09:30:00-05:00,0.6600000262260437,0.6791989803314209,0.6401000022888184,0.6585000157356262,35548,0.0,0.0
2022-12-19 10:30:00-05:00,0.6697999835014343,0.6759999990463257,0.6299999952316284,0.6299999952316284,23177,0.0,0.0
2022-12-19 11:30:00-05:00,0.6314809918403625,0.6500009894371033,0.6314809918403625,0.6500009894371033,3824,0.0,0.0
2022-12-19 12:30:00-05:00,0.6302000284194946,0.6617000102996826,0.6302000284194946,0.6401000022888184,1362,0.0,0.0
2022-12-19 13:30:00-05:00,0.6401000022888184,0.6617000102996826,0.6399999856948853,0.6572999954223633,9994,0.0,0.0
2022-12-19 14:30:00-05:00,0.6456009745597839,0.6600000262260437,0.640500009059906,0.6405010223388672,12758,0.0,0.0
2022-12-19 15:30:00-05:00,0.6574000120162964,0.6600000262260437,0.6500999927520752,0.6525999903678894,2145,0.0,0.0
2022-12-20 09:30:00-05:00,0.6779999732971191,0.6879000067710876,0.6499999761581421,0.6806989908218384,69002,0.0,0.0
2022-12-20 10:30:00-05:00,0.680400013923645,0.6808000206947327,0.6600000262260437,0.6600009799003601,7423,0.0,0.0
2022-12-20 11:30:00-05:00,0.6800000071525574,0.6800000071525574,0.6636350154876709,0.6636999845504761,1411,0.0,0.0
2022-12-20 12:30:00-05:00,0.6636999845504761,0.6638000011444092,0.6600000262260437,0.6636999845504761,10051,0.0,0.0
2022-12-20 13:30:00-05:00,0.6638000011444092,0.6879000067710876,0.6601009964942932,0.6879000067710876,38379,0.0,0.0
2022-12-20 14:30:00-05:00,0.6879000067710876,0.6879000067710876,0.660099983215332,0.6797000169754028,5014,0.0,0.0
2022-12-20 15:30:00-05:00,0.6798999905586243,0.6887999773025513,0.6798999905586243,0.6886990070343018,5674,0.0,0.0
2022-12-21 09:30:00-05:00,0.6787999868392944,0.6887999773025513,0.6700000166893005,0.6700000166893005,37678,0.0,0.0
2022-12-21 10:30:00-05:00,0.660099983215332,0.6899999976158142,0.6600009799003601,0.6876999735832214,19905,0.0,0.0
2022-12-21 11:30:00-05:00,0.6898000240325928,0.6898000240325928,0.6650000214576721,0.6650980114936829,39585,0.0,0.0
2022-12-21 12:30:00-05:00,0.6650000214576721,0.6800000071525574,0.6639999747276306,0.6639999747276306,15363,0.0,0.0
2022-12-21 13:30:00-05:00,0.6640999913215637,0.6800000071525574,0.6600000262260437,0.6800000071525574,11188,0.0,0.0
2022-12-21 14:30:00-05:00,0.6593000292778015,0.6593000292778015,0.6200000047683716,0.6524990200996399,26194,0.0,0.0
2022-12-21 15:30:00-05:00,0.646399974822998,0.6557999849319458,0.6100000143051147,0.6215000152587891,11701,0.0,0.0
2022-12-22 09:30:00-05:00,0.6399999856948853,0.6482999920845032,0.6201000213623047,0.6364359855651855,7711,0.0,0.0
2022-12-22 10:30:00-05:00,0.6363999843597412,0.6621000170707703,0.6200010180473328,0.6600000262260437,72051,0.0,0.0
2022-12-22 11:30:00-05:00,0.6399999856948853,0.6600000262260437,0.6399999856948853,0.6551010012626648,14273,0.0,0.0
2022-12-22 12:30:00-05:00,0.6503000259399414,0.6597989797592163,0.6500999927520752,0.6500999927520752,2147,0.0,0.0
2022-12-22 13:30:00-05:00,0.6502000093460083,0.6575000286102295,0.6502000093460083,0.6574000120162964,9848,0.0,0.0
2022-12-22 14:30:00-05:00,0.6506999731063843,0.6536009907722473,0.6503000259399414,0.6503000259399414,2217,0.0,0.0
2022-12-22 15:30:00-05:00,0.6538500189781189,0.6575000286102295,0.6503009796142578,0.6553000211715698,0,0.0,0.0
2022-12-23 09:30:00-05:00,0.6600000262260437,0.6600000262260437,0.6335949897766113,0.6499999761581421,7263,0.0,0.0
2022-12-23 10:30:00-05:00,0.6438999772071838,0.6438999772071838,0.630299985408783,0.6388999819755554,1029,0.0,0.0
2022-12-23 11:30:00-05:00,0.6319000124931335,0.6499999761581421,0.6299999952316284,0.6399999856948853,40225,0.0,0.0
2022-12-23 12:30:00-05:00,0.6299999952316284,0.6499999761581421,0.6256999969482422,0.6499999761581421,9407,0.0,0.0
2022-12-23 13:30:00-05:00,0.6255999803543091,0.6499999761581421,0.6100000143051147,0.6499999761581421,13371,0.0,0.0
2022-12-23 14:30:00-05:00,0.6323000192642212,0.6499999761581421,0.6146000027656555,0.6452999711036682,5807,0.0,0.0
2022-12-23 15:30:00-05:00,0.6452999711036682,0.6452999711036682,0.6209009885787964,0.6452999711036682,8195,0.0,0.0
2022-12-27 09:30:00-05:00,0.5899999737739563,0.5899999737739563,0.5005000233650208,0.5400000214576721,105193,0.0,0.0
2022-12-27 10:30:00-05:00,0.5400000214576721,0.5450000166893005,0.5369380116462708,0.5400000214576721,27671,0.0,0.0
2022-12-27 11:30:00-05:00,0.5220010280609131,0.539900004863739,0.5199999809265137,0.5340999960899353,2631,0.0,0.0
2022-12-27 12:30:00-05:00,0.5300009846687317,0.5300009846687317,0.5299000144004822,0.5299999713897705,5009,0.0,0.0
2022-12-27 13:30:00-05:00,0.5299999713897705,0.536899983882904,0.5249999761581421,0.5307000279426575,7730,0.0,0.0
2022-12-27 14:30:00-05:00,0.5304999947547913,0.5307000279426575,0.5005000233650208,0.5012000203132629,114360,0.0,0.0
2022-12-27 15:30:00-05:00,0.5081999897956848,0.508899986743927,0.5,0.5069000124931335,54453,0.0,0.0
2022-12-28 09:30:00-05:00,0.5099999904632568,0.5099999904632568,0.47999998927116394,0.4950000047683716,32187,0.0,0.0
2022-12-28 10:30:00-05:00,0.4875499904155731,0.4948999881744385,0.47999998927116394,0.47999998927116394,21096,0.0,0.0
2022-12-28 11:30:00-05:00,0.47999998927116394,0.47999998927116394,0.4650000035762787,0.46514999866485596,25193,0.0,0.0
2022-12-28 12:30:00-05:00,0.4650999903678894,0.4749000072479248,0.453000009059906,0.4530490040779114,19345,0.0,0.0
2022-12-28 13:30:00-05:00,0.453900009393692,0.45989999175071716,0.40290001034736633,0.40299999713897705,248556,0.0,0.0
2022-12-28 14:30:00-05:00,0.40290001034736633,0.41679999232292175,0.40290001034736633,0.40299999713897705,20973,0.0,0.0
2022-12-28 15:30:00-05:00,0.4182499945163727,0.420399010181427,0.40299999713897705,0.40400001406669617,10873,0.0,0.0
2022-12-29 09:30:00-05:00,0.39010000228881836,0.47999998927116394,0.38999998569488525,0.47999998927116394,139015,0.0,0.0
2022-12-29 10:30:00-05:00,0.46000000834465027,0.46000000834465027,0.4205000102519989,0.44999998807907104,23779,0.0,0.0
2022-12-29 11:30:00-05:00,0.4301010072231293,0.4499000012874603,0.4300000071525574,0.4498000144958496,29909,0.0,0.0
2022-12-29 12:30:00-05:00,0.44334501028060913,0.4449999928474426,0.4375,0.4375,1767,0.0,0.0
2022-12-29 13:30:00-05:00,0.4350000023841858,0.4449999928474426,0.43290001153945923,0.43290001153945923,14879,0.0,0.0
2022-12-29 14:30:00-05:00,0.4449000060558319,0.49000000953674316,0.4300000071525574,0.4350000023841858,35150,0.0,0.0
2022-12-29 15:30:00-05:00,0.4350000023841858,0.46860000491142273,0.4300999939441681,0.4528999924659729,0,0.0,0.0
2022-12-30 09:30:00-05:00,0.4519999921321869,0.4519999921321869,0.4104999899864197,0.4359999895095825,42647,0.0,0.0
2022-12-30 10:30:00-05:00,0.4360010027885437,0.451898992061615,0.4360010027885437,0.4499000012874603,2600,0.0,0.0
2022-12-30 11:30:00-05:00,0.43720000982284546,0.44999998807907104,0.4359999895095825,0.44999900460243225,13081,0.0,0.0
2022-12-30 12:30:00-05:00,0.44773098826408386,0.4490000009536743,0.4359999895095825,0.447299987077713,7156,0.0,0.0
2022-12-30 13:30:00-05:00,0.4401000142097473,0.44999998807907104,0.4361000061035156,0.4361000061035156,5370,0.0,0.0
2022-12-30 14:30:00-05:00,0.4399999976158142,0.4472990036010742,0.43799999356269836,0.44029998779296875,9310,0.0,0.0
2022-12-30 15:30:00-05:00,0.44029998779296875,0.4519999921321869,0.4401000142097473,0.44110000133514404,30998,0.0,0.0
2023-01-03 09:30:00-05:00,0.47999998927116394,0.47999998927116394,0.4681999981403351,0.47130000591278076,15194,0.0,0.0
2023-01-03 10:30:00-05:00,0.47163501381874084,0.5,0.47163501381874084,0.5,5859,0.0,0.0
2023-01-03 11:30:00-05:00,0.5,0.5,0.47530001401901245,0.47530001401901245,1059,0.0,0.0
2023-01-03 12:30:00-05:00,0.48500001430511475,0.48500001430511475,0.47780001163482666,0.4821000099182129,7556,0.0,0.0
2023-01-03 13:30:00-05:00,0.4758000075817108,0.48500001430511475,0.4756999909877777,0.48489999771118164,4750,0.0,0.0
2023-01-03 14:30:00-05:00,0.48500001430511475,0.48500001430511475,0.47589999437332153,0.48489999771118164,37986,0.0,0.0
2023-01-03 15:30:00-05:00,0.48489999771118164,0.48489999771118164,0.48489999771118164,0.48489999771118164,0,0.0,0.0
2023-01-04 09:30:00-05:00,0.5020999908447266,0.5020999908447266,0.4399999976158142,0.4823560118675232,23475,0.0,0.0
2023-01-04 10:30:00-05:00,0.48010000586509705,0.4828000068664551,0.48010000586509705,0.4814999997615814,2868,0.0,0.0
2023-01-04 11:30:00-05:00,0.48010000586509705,0.4828999936580658,0.48010000586509705,0.48010000586509705,3375,0.0,0.0
2023-01-04 12:30:00-05:00,0.48010000586509705,0.4918999969959259,0.48010000586509705,0.4918999969959259,7963,0.0,0.0
2023-01-04 13:30:00-05:00,0.4918999969959259,0.5,0.4918999969959259,0.49991199374198914,12360,0.0,0.0
2023-01-04 14:30:00-05:00,0.4887000024318695,0.4973999857902527,0.4887000024318695,0.4973999857902527,3065,0.0,0.0
2023-01-04 15:30:00-05:00,0.49994999170303345,0.5022000074386597,0.49000000953674316,0.49000000953674316,25154,0.0,0.0
2023-01-05 09:30:00-05:00,0.5099999904632568,0.5099999904632568,0.5,0.5001000165939331,20433,0.0,0.0
2023-01-05 10:30:00-05:00,0.5001000165939331,0.5099999904632568,0.5001000165939331,0.5030999779701233,16260,0.0,0.0
2023-01-05 12:30:00-05:00,0.5130000114440918,0.5130000114440918,0.5072000026702881,0.5072000026702881,405,0.0,0.0
2023-01-05 13:30:00-05:00,0.5059999823570251,0.5059999823570251,0.49000000953674316,0.49000000953674316,12418,0.0,0.0
2023-01-05 14:30:00-05:00,0.49000000953674316,0.4900999963283539,0.49000000953674316,0.4900999963283539,5732,0.0,0.0
2023-01-05 15:30:00-05:00,0.49000000953674316,0.49000000953674316,0.4652000069618225,0.4652000069618225,0,0.0,0.0
2023-01-06 09:30:00-05:00,0.46000000834465027,0.46665099263191223,0.46000000834465027,0.46000000834465027,6222,0.0,0.0
2023-01-06 10:30:00-05:00,0.46000000834465027,0.48739999532699585,0.46000000834465027,0.48739999532699585,9432,0.0,0.0
2023-01-06 12:30:00-05:00,0.48750001192092896,0.48750001192092896,0.4554010033607483,0.4554010033607483,796,0.0,0.0
2023-01-06 13:30:00-05:00,0.4602000117301941,0.4602000117301941,0.4602000117301941,0.4602000117301941,2000,0.0,0.0
2023-01-06 14:30:00-05:00,0.48739999532699585,0.48739999532699585,0.4603999853134155,0.4603999853134155,1765,0.0,0.0
2023-01-06 15:30:00-05:00,0.46000000834465027,0.47999998927116394,0.44999998807907104,0.47999998927116394,21368,0.0,0.0
2023-01-09 09:30:00-05:00,0.47999998927116394,0.539900004863739,0.4562000036239624,0.48010000586509705,76208,0.0,0.0
2023-01-09 10:30:00-05:00,0.4814000129699707,0.49869999289512634,0.4814000129699707,0.48989999294281006,18193,0.0,0.0
2023-01-09 11:30:00-05:00,0.49000000953674316,0.5,0.4864000082015991,0.4864000082015991,32145,0.0,0.0
2023-01-09 12:30:00-05:00,0.49000000953674316,0.49000000953674316,0.4860999882221222,0.48989900946617126,4232,0.0,0.0
2023-01-09 13:30:00-05:00,0.49000000953674316,0.49000000953674316,0.4867999851703644,0.4867999851703644,7598,0.0,0.0
2023-01-09 14:30:00-05:00,0.4867999851703644,0.4867999851703644,0.48010000586509705,0.48027101159095764,2999,0.0,0.0
2023-01-09 15:30:00-05:00,0.48010000586509705,0.4869000017642975,0.46000000834465027,0.46000000834465027,0,0.0,0.0
2023-01-10 09:30:00-05:00,0.44999998807907104,0.4799000024795532,0.44999998807907104,0.4799000024795532,41357,0.0,0.0
2023-01-10 10:30:00-05:00,0.4756999909877777,0.4796999990940094,0.4756999909877777,0.4796999990940094,420,0.0,0.0
2023-01-10 11:30:00-05:00,0.4751009941101074,0.47519999742507935,0.47510001063346863,0.47519999742507935,5896,0.0,0.0
2023-01-10 12:30:00-05:00,0.4787999987602234,0.47999998927116394,0.4749999940395355,0.47510001063346863,3600,0.0,0.0
2023-01-10 13:30:00-05:00,0.4799000024795532,0.47999998927116394,0.475600004196167,0.47999998927116394,6855,0.0,0.0
2023-01-10 14:30:00-05:00,0.4762299954891205,0.48084598779678345,0.4762299954891205,0.48084598779678345,34182,0.0,0.0
2023-01-10 15:30:00-05:00,0.47540000081062317,0.48179998993873596,0.47510001063346863,0.47609999775886536,0,0.0,0.0
2023-01-11 09:30:00-05:00,0.4749999940395355,0.4749999940395355,0.46219998598098755,0.4634000062942505,38198,0.0,0.0
2023-01-11 10:30:00-05:00,0.4636000096797943,0.4636000096797943,0.45170000195503235,0.45170000195503235,59715,0.0,0.0
2023-01-11 11:30:00-05:00,0.45809999108314514,0.4699999988079071,0.44999998807907104,0.4699999988079071,45112,0.0,0.0
2023-01-11 12:30:00-05:00,0.4699000120162964,0.4699000120162964,0.44999998807907104,0.46000000834465027,2432,0.0,0.0
2023-01-11 13:30:00-05:00,0.4690000116825104,0.4690000116825104,0.4650999903678894,0.4652000069618225,4874,0.0,0.0
2023-01-11 14:30:00-05:00,0.46922698616981506,0.4699999988079071,0.4650999903678894,0.4657000005245209,1882,0.0,0.0
2023-01-12 09:30:00-05:00,0.4722999930381775,0.47350001335144043,0.46674999594688416,0.47350001335144043,2711,0.0,0.0
2023-01-12 10:30:00-05:00,0.460099995136261,0.47999998927116394,0.460099995136261,0.4756999909877777,13514,0.0,0.0
2023-01-12 11:30:00-05:00,0.4650999903678894,0.4729999899864197,0.4650999903678894,0.4729999899864197,9705,0.0,0.0
2023-01-12 12:30:00-05:00,0.4659999907016754,0.47999998927116394,0.45739999413490295,0.47510001063346863,25022,0.0,0.0
2023-01-12 13:30:00-05:00,0.4752010107040405,0.47999998927116394,0.4749999940395355,0.47780001163482666,29911,0.0,0.0
2023-01-12 14:30:00-05:00,0.4799000024795532,0.47999998927116394,0.475600004196167,0.47999998927116394,12230,0.0,0.0
2023-01-12 15:30:00-05:00,0.47999998927116394,0.47999998927116394,0.4787999987602234,0.47940000891685486,0,0.0,0.0
2023-01-13 09:30:00-05:00,0.49000000953674316,0.49000000953674316,0.4699999988079071,0.47999900579452515,10666,0.0,0.0
2023-01-13 10:30:00-05:00,0.4799000024795532,0.4799000024795532,0.4720990061759949,0.47209998965263367,7550,0.0,0.0
2023-01-13 11:30:00-05:00,0.4699999988079071,0.4699999988079071,0.46880000829696655,0.46880000829696655,2529,0.0,0.0
2023-01-13 12:30:00-05:00,0.47209998965263367,0.47209998965263367,0.46889999508857727,0.46889999508857727,1635,0.0,0.0
2023-01-13 13:30:00-05:00,0.47209998965263367,0.47209998965263367,0.46880000829696655,0.4699999988079071,6182,0.0,0.0
2023-01-13 14:30:00-05:00,0.47200000286102295,0.47209998965263367,0.46869999170303345,0.47200000286102295,7148,0.0,0.0
2023-01-13 15:30:00-05:00,0.46869999170303345,0.46869999170303345,0.46869999170303345,0.46869999170303345,102,0.0,0.0
2023-01-17 09:30:00-05:00,0.46869999170303345,0.47999998927116394,0.44999998807907104,0.46799999475479126,59491,0.0,0.0
2023-01-17 10:30:00-05:00,0.4699999988079071,0.4787999987602234,0.46560001373291016,0.4749000072479248,22817,0.0,0.0
2023-01-17 11:30:00-05:00,0.47380000352859497,0.4749999940395355,0.47119998931884766,0.4749999940395355,5583,0.0,0.0
2023-01-17 12:30:00-05:00,0.47119998931884766,0.4749999940395355,0.47119998931884766,0.4749000072479248,1031,0.0,0.0
2023-01-17 13:30:00-05:00,0.4726000130176544,0.4749999940395355,0.46000000834465027,0.4611999988555908,31861,0.0,0.0
2023-01-17 14:30:00-05:00,0.46755000948905945,0.4699999988079071,0.46000000834465027,0.4699999988079071,13703,0.0,0.0
2023-01-17 15:30:00-05:00,0.4699999988079071,0.4699999988079071,0.46880000829696655,0.46880000829696655,11801,0.0,0.0
2023-01-18 09:30:00-05:00,0.47350001335144043,0.5249999761581421,0.47350001335144043,0.49720001220703125,11850,0.0,0.0
2023-01-18 10:30:00-05:00,0.49720001220703125,0.5,0.4749999940395355,0.4999000132083893,15300,0.0,0.0
2023-01-18 11:30:00-05:00,0.48010000586509705,0.489300012588501,0.47999998927116394,0.48019999265670776,37382,0.0,0.0
2023-01-18 12:30:00-05:00,0.48889899253845215,0.48899999260902405,0.4846000075340271,0.4846000075340271,824,0.0,0.0
2023-01-18 13:30:00-05:00,0.48019999265670776,0.5085240006446838,0.4801099896430969,0.5002009868621826,52231,0.0,0.0
2023-01-18 14:30:00-05:00,0.5001000165939331,0.5099999904632568,0.5001000165939331,0.5013999938964844,11597,0.0,0.0
2023-01-18 15:30:00-05:00,0.5091000199317932,0.5091000199317932,0.5,0.5,0,0.0,0.0
2023-01-19 09:30:00-05:00,0.5,0.529899001121521,0.5,0.5099999904632568,11075,0.0,0.0
2023-01-19 11:30:00-05:00,0.5299000144004822,0.5299000144004822,0.5030999779701233,0.5060999989509583,11976,0.0,0.0
2023-01-19 12:30:00-05:00,0.5199999809265137,0.5199999809265137,0.5105990171432495,0.5105990171432495,1238,0.0,0.0
2023-01-19 13:30:00-05:00,0.5199999809265137,0.5199999809265137,0.5117999911308289,0.5177389979362488,5400,0.0,0.0
2023-01-19 14:30:00-05:00,0.5117999911308289,0.5199999809265137,0.5117999911308289,0.5199999809265137,611,0.0,0.0
2023-01-19 15:30:00-05:00,0.512499988079071,0.512499988079071,0.5027999877929688,0.5027999877929688,0,0.0,0.0
2023-01-20 09:30:00-05:00,0.5099999904632568,0.5099999904632568,0.5099999904632568,0.5099999904632568,1816,0.0,0.0
2023-01-20 10:30:00-05:00,0.5059930086135864,0.5199000239372253,0.503000020980835,0.5120999813079834,15995,0.0,0.0
2023-01-20 11:30:00-05:00,0.5199999809265137,0.5199999809265137,0.5120999813079834,0.5199999809265137,8851,0.0,0.0
2023-01-20 12:30:00-05:00,0.5199999809265137,0.5199999809265137,0.5,0.5098009705543518,61862,0.0,0.0
2023-01-20 13:30:00-05:00,0.5096989870071411,0.5098000168800354,0.5001000165939331,0.5049489736557007,13487,0.0,0.0
2023-01-20 14:30:00-05:00,0.5097000002861023,0.5199999809265137,0.5,0.5000010132789612,7571,0.0,0.0
2023-01-20 15:30:00-05:00,0.5001000165939331,0.5001000165939331,0.5001000165939331,0.5001000165939331,23143,0.0,0.0
2023-01-23 09:30:00-05:00,0.5099999904632568,0.5199999809265137,0.503000020980835,0.5099999904632568,20162,0.0,0.0
2023-01-23 10:30:00-05:00,0.5149999856948853,0.5199999809265137,0.5110999941825867,0.5199999809265137,12023,0.0,0.0
2023-01-23 11:30:00-05:00,0.5001000165939331,0.5099999904632568,0.4812999963760376,0.4814999997615814,49009,0.0,0.0
2023-01-23 12:30:00-05:00,0.4907490015029907,0.4907490015029907,0.4814999997615814,0.4814999997615814,5355,0.0,0.0
2023-01-23 13:30:00-05:00,0.48510000109672546,0.5097000002861023,0.4828000068664551,0.4828000068664551,9880,0.0,0.0
2023-01-23 14:30:00-05:00,0.5098999738693237,0.5098999738693237,0.5098999738693237,0.5098999738693237,230,0.0,0.0
2023-01-23 15:30:00-05:00,0.4936169981956482,0.4936169981956482,0.4900999963283539,0.4900999963283539,0,0.0,0.0
2023-01-24 09:30:00-05:00,0.47999998927116394,0.4903999865055084,0.4749999940395355,0.4749999940395355,16067,0.0,0.0
2023-01-24 10:30:00-05:00,0.4754999876022339,0.49219998717308044,0.4754999876022339,0.49140000343322754,20131,0.0,0.0
2023-01-24 11:30:00-05:00,0.49810001254081726,0.5138000249862671,0.47540000081062317,0.47540000081062317,3426,0.0,0.0
2023-01-24 12:30:00-05:00,0.49779999256134033,0.5,0.4800010025501251,0.4800010025501251,7266,0.0,0.0
2023-01-24 13:30:00-05:00,0.49889999628067017,0.49889999628067017,0.48260000348091125,0.4925000071525574,4038,0.0,0.0
2023-01-24 14:30:00-05:00,0.48879900574684143,0.49950000643730164,0.48879900574684143,0.4942989945411682,8511,0.0,0.0
2023-01-24 15:30:00-05:00,0.4925999939441681,0.4925999939441681,0.4925000071525574,0.4925000071525574,0,0.0,0.0
2023-01-25 09:30:00-05:00,0.4927000105381012,0.4927000105381012,0.4850989878177643,0.4850989878177643,2277,0.0,0.0
2023-01-25 10:30:00-05:00,0.47999998927116394,0.47999998927116394,0.47760000824928284,0.4799000024795532,4878,0.0,0.0
2023-01-25 11:30:00-05:00,0.4787999987602234,0.48500001430511475,0.4787999987602234,0.48019999265670776,14978,0.0,0.0
2023-01-25 12:30:00-05:00,0.48019999265670776,0.48249998688697815,0.48010000586509705,0.48019999265670776,2025,0.0,0.0
2023-01-25 13:30:00-05:00,0.48030000925064087,0.4830000102519989,0.48030000925064087,0.4830000102519989,1400,0.0,0.0
2023-01-25 14:30:00-05:00,0.48499900102615356,0.48500001430511475,0.48100000619888306,0.48100000619888306,18210,0.0,0.0
2023-01-25 15:30:00-05:00,0.48100000619888306,0.4810999929904938,0.48100000619888306,0.48100000619888306,0,0.0,0.0
2023-01-26 09:30:00-05:00,0.5,0.5,0.46889999508857727,0.4749999940395355,10792,0.0,0.0
2023-01-26 10:30:00-05:00,0.47760000824928284,0.47999998927116394,0.477400004863739,0.477400004863739,5525,0.0,0.0
2023-01-26 11:30:00-05:00,0.47874900698661804,0.47999998927116394,0.47749999165534973,0.47749999165534973,8124,0.0,0.0
2023-01-26 12:30:00-05:00,0.47749999165534973,0.47999998927116394,0.477400004863739,0.47749999165534973,9830,0.0,0.0
2023-01-26 13:30:00-05:00,0.47749999165534973,0.47749999165534973,0.4699999988079071,0.4773080050945282,16219,0.0,0.0
2023-01-26 14:30:00-05:00,0.47380000352859497,0.47380000352859497,0.47269999980926514,0.47269999980926514,800,0.0,0.0
2023-01-26 15:30:00-05:00,0.4715000092983246,0.4763000011444092,0.47110000252723694,0.4724999964237213,1220,0.0,0.0
2023-01-27 09:30:00-05:00,0.5072000026702881,0.5072000026702881,0.4726000130176544,0.47749999165534973,19064,0.0,0.0
2023-01-27 10:30:00-05:00,0.5,0.5,0.47749999165534973,0.4999000132083893,3546,0.0,0.0
2023-01-27 11:30:00-05:00,0.49000000953674316,0.49000000953674316,0.49000000953674316,0.49000000953674316,516,0.0,0.0
2023-01-27 12:30:00-05:00,0.48030000925064087,0.49000000953674316,0.47999998927116394,0.47999998927116394,4041,0.0,0.0
2023-01-27 13:30:00-05:00,0.48019999265670776,0.48500001430511475,0.47999998927116394,0.47999998927116394,6977,0.0,0.0
2023-01-27 14:30:00-05:00,0.48500001430511475,0.48989999294281006,0.4701499938964844,0.4796999990940094,11441,0.0,0.0
2023-01-27 15:30:00-05:00,0.4733949899673462,0.4796999990940094,0.4733949899673462,0.4796000123023987,3629,0.0,0.0
2023-01-30 09:30:00-05:00,0.48260000348091125,0.5034999847412109,0.460099995136261,0.460099995136261,16598,0.0,0.0
2023-01-30 10:30:00-05:00,0.4648999869823456,0.4699999988079071,0.4648999869823456,0.4699000120162964,798,0.0,0.0
2023-01-30 11:30:00-05:00,0.4650000035762787,0.4697999954223633,0.46000000834465027,0.46000000834465027,4113,0.0,0.0
2023-01-30 12:30:00-05:00,0.46000000834465027,0.46050000190734863,0.45019999146461487,0.45989999175071716,8953,0.0,0.0
2023-01-30 13:30:00-05:00,0.4553000032901764,0.4553000032901764,0.4553000032901764,0.4553000032901764,101,0.0,0.0
2023-01-30 14:30:00-05:00,0.4553000032901764,0.45739901065826416,0.45100000500679016,0.45100000500679016,9744,0.0,0.0
2023-01-30 15:30:00-05:00,0.4510999917984009,0.4512999951839447,0.4510999917984009,0.4512999951839447,1077,0.0,0.0
2023-01-31 09:30:00-05:00,0.47999998927116394,0.47999998927116394,0.43700000643730164,0.43700000643730164,106649,0.0,0.0
2023-01-31 10:30:00-05:00,0.43689998984336853,0.4675999879837036,0.4359000027179718,0.43689998984336853,39687,0.0,0.0
2023-01-31 11:30:00-05:00,0.4399999976158142,0.4593000113964081,0.43689998984336853,0.4593000113964081,30366,0.0,0.0
2023-01-31 12:30:00-05:00,0.4593000113964081,0.4593000113964081,0.45020100474357605,0.45020100474357605,11533,0.0,0.0
2023-01-31 13:30:00-05:00,0.44130000472068787,0.459199994802475,0.44130000472068787,0.45899999141693115,6673,0.0,0.0
2023-01-31 14:30:00-05:00,0.4404999911785126,0.4711349904537201,0.4401000142097473,0.44999998807907104,34310,0.0,0.0
2023-01-31 15:30:00-05:00,0.47130000591278076,0.47130000591278076,0.44999998807907104,0.44999998807907104,495,0.0,0.0
2023-02-01 09:30:00-05:00,0.4300000071525574,0.45159998536109924,0.4300000071525574,0.4512999951839447,13470,0.0,0.0
2023-02-01 10:30:00-05:00,0.4350000023841858,0.4512999951839447,0.4350000023841858,0.4511989951133728,9024,0.0,0.0
2023-02-01 11:30:00-05:00,0.4512999951839447,0.4512999951839447,0.4434199929237366,0.4434199929237366,1944,0.0,0.0
2023-02-01 12:30:00-05:00,0.4431000053882599,0.4431000053882599,0.4350000023841858,0.43505001068115234,9446,0.0,0.0
2023-02-01 13:30:00-05:00,0.4350999891757965,0.44020000100135803,0.4350000023841858,0.44020000100135803,14015,0.0,0.0
2023-02-01 14:30:00-05:00,0.44020000100135803,0.44999998807907104,0.44020000100135803,0.4442000091075897,3949,0.0,0.0
2023-02-01 15:30:00-05:00,0.44999998807907104,0.44999998807907104,0.4440999925136566,0.4440999925136566,4615,0.0,0.0
2023-02-02 09:30:00-05:00,0.44999998807907104,0.4546999931335449,0.44999998807907104,0.4546999931335449,4649,0.0,0.0
2023-02-02 10:30:00-05:00,0.4546999931335449,0.459199994802475,0.4399999976158142,0.4449999928474426,47442,0.0,0.0
2023-02-02 11:30:00-05:00,0.44999998807907104,0.4544999897480011,0.4440999925136566,0.445048987865448,10941,0.0,0.0
2023-02-02 12:30:00-05:00,0.44989898800849915,0.45649999380111694,0.44510000944137573,0.45019999146461487,31159,0.0,0.0
2023-02-02 13:30:00-05:00,0.45499899983406067,0.45500001311302185,0.4440999925136566,0.4449999928474426,24649,0.0,0.0
2023-02-02 14:30:00-05:00,0.4449999928474426,0.4569999873638153,0.4449999928474426,0.4465000033378601,27825,0.0,0.0
2023-02-02 15:30:00-05:00,0.45969998836517334,0.45969998836517334,0.4503999948501587,0.4595000147819519,0,0.0,0.0
2023-02-03 09:30:00-05:00,0.45730000734329224,0.4595000147819519,0.4318999946117401,0.4415009915828705,60538,0.0,0.0
2023-02-03 10:30:00-05:00,0.45399901270866394,0.46000000834465027,0.45010000467300415,0.45570001006126404,16086,0.0,0.0
2023-02-03 11:30:00-05:00,0.45570001006126404,0.46000000834465027,0.45509999990463257,0.45509999990463257,545,0.0,0.0
2023-02-03 12:30:00-05:00,0.4551999866962433,0.46000000834465027,0.4551529884338379,0.4569999873638153,13825,0.0,0.0
2023-02-03 13:30:00-05:00,0.46000000834465027,0.46000000834465027,0.4553999900817871,0.4587000012397766,23602,0.0,0.0
2023-02-03 14:30:00-05:00,0.46000000834465027,0.4799000024795532,0.4551999866962433,0.4551999866962433,52472,0.0,0.0
2023-02-03 15:30:00-05:00,0.4607999920845032,0.4607999920845032,0.4602000117301941,0.4602999985218048,3432,0.0,0.0
2023-02-06 09:30:00-05:00,0.46000000834465027,0.47749999165534973,0.46000000834465027,0.460099995136261,59348,0.0,0.0
2023-02-06 10:30:00-05:00,0.47749999165534973,0.47749999165534973,0.460999995470047,0.460999995470047,3778,0.0,0.0
2023-02-06 11:30:00-05:00,0.4699999988079071,0.4699999988079071,0.4611000120639801,0.4611000120639801,1414,0.0,0.0
2023-02-06 12:30:00-05:00,0.4611000120639801,0.4616999924182892,0.460999995470047,0.4616999924182892,5998,0.0,0.0
2023-02-06 13:30:00-05:00,0.4611999988555908,0.4611999988555908,0.45010000467300415,0.45500001311302185,7462,0.0,0.0
2023-02-06 14:30:00-05:00,0.45249998569488525,0.45500001311302185,0.45249998569488525,0.45500001311302185,1573,0.0,0.0
2023-02-06 15:30:00-05:00,0.45249998569488525,0.45260000228881836,0.45010000467300415,0.45010000467300415,0,0.0,0.0
2023-02-07 09:30:00-05:00,0.44999998807907104,0.4699999988079071,0.44999998807907104,0.45019999146461487,28446,0.0,0.0
2023-02-07 10:30:00-05:00,0.4565489888191223,0.4565489888191223,0.44999998807907104,0.44999998807907104,18198,0.0,0.0
2023-02-07 11:30:00-05:00,0.44999998807907104,0.46299999952316284,0.44999998807907104,0.4507000148296356,2887,0.0,0.0
2023-02-07 12:30:00-05:00,0.45649999380111694,0.4629000127315521,0.44999998807907104,0.44999998807907104,3656,0.0,0.0
2023-02-07 13:30:00-05:00,0.4564499855041504,0.4629000127315521,0.44999998807907104,0.4578000009059906,25013,0.0,0.0
2023-02-07 15:30:00-05:00,0.4546000063419342,0.45509999990463257,0.4503999948501587,0.45509999990463257,1748,0.0,0.0
2023-02-08 09:30:00-05:00,0.4499000012874603,0.47195500135421753,0.44513601064682007,0.4699999988079071,11859,0.0,0.0
2023-02-08 10:30:00-05:00,0.4699999988079071,0.4699999988079071,0.44999998807907104,0.46639999747276306,4643,0.0,0.0
2023-02-08 11:30:00-05:00,0.46000000834465027,0.46000000834465027,0.4590989947319031,0.4590989947319031,720,0.0,0.0
2023-02-08 12:30:00-05:00,0.4548009932041168,0.45500001311302185,0.44999998807907104,0.45500001311302185,7027,0.0,0.0
2023-02-08 13:30:00-05:00,0.45500001311302185,0.45500001311302185,0.45019999146461487,0.45500001311302185,6479,0.0,0.0
2023-02-08 14:30:00-05:00,0.45680001378059387,0.4659999907016754,0.45680001378059387,0.4569000005722046,1332,0.0,0.0
2023-02-08 15:30:00-05:00,0.4648990035057068,0.4648990035057068,0.460099995136261,0.460099995136261,16994,0.0,0.0
2023-02-09 09:30:00-05:00,0.4390000104904175,0.4399999976158142,0.3799000084400177,0.41239601373672485,308899,0.0,0.0
2023-02-09 10:30:00-05:00,0.4138000011444092,0.4189999997615814,0.3950999975204468,0.4000000059604645,156806,0.0,0.0
2023-02-09 11:30:00-05:00,0.39879900217056274,0.39879900217056274,0.3898000121116638,0.39259999990463257,28806,0.0,0.0
2023-02-09 12:30:00-05:00,0.39259999990463257,0.4099999964237213,0.38999998569488525,0.39500001072883606,44651,0.0,0.0
2023-02-09 13:30:00-05:00,0.3950499892234802,0.4099999964237213,0.3921000063419342,0.4036000072956085,48421,0.0,0.0
2023-02-09 14:30:00-05:00,0.4036000072956085,0.4036000072956085,0.39800000190734863,0.4000999927520752,35691,0.0,0.0
2023-02-09 15:30:00-05:00,0.4090000092983246,0.4090000092983246,0.4000999927520752,0.40070000290870667,13046,0.0,0.0
2023-02-10 09:30:00-05:00,5.630000114440918,5.630000114440918,5.120100021362305,5.369999885559082,11046,0.0,0.0
2023-02-10 10:30:00-05:00,5.295000076293945,5.295000076293945,5.199999809265137,5.199999809265137,4479,0.0,0.0
2023-02-10 11:30:00-05:00,5.203000068664551,5.210000038146973,5.111700057983398,5.150000095367432,4342,0.0,0.0
2023-02-10 12:30:00-05:00,5.150000095367432,5.190000057220459,5.150000095367432,5.190000057220459,3674,0.0,0.0
2023-02-10 13:30:00-05:00,5.400000095367432,5.400000095367432,5.300000190734863,5.301799774169922,1328,0.0,0.0
2023-02-10 14:30:00-05:00,5.300000190734863,5.360000133514404,5.300000190734863,5.300000190734863,942,0.0,0.0
2023-02-10 15:30:00-05:00,5.250100135803223,5.429999828338623,5.250100135803223,5.360000133514404,3231,0.0,0.0
2023-02-13 09:30:00-05:00,5.449999809265137,5.489999771118164,5.289999961853027,5.349999904632568,10320,0.0,0.0
2023-02-13 10:30:00-05:00,5.394199848175049,5.398399829864502,5.318600177764893,5.318600177764893,2935,0.0,0.0
2023-02-13 11:30:00-05:00,5.320000171661377,5.360000133514404,5.320000171661377,5.360000133514404,1151,0.0,0.0
2023-02-13 12:30:00-05:00,5.391499996185303,5.510000228881836,5.389999866485596,5.510000228881836,3899,0.0,0.0
2023-02-13 13:30:00-05:00,5.550000190734863,5.659999847412109,5.550000190734863,5.650100231170654,3251,0.0,0.0
2023-02-13 14:30:00-05:00,5.75,5.804999828338623,5.75,5.799600124359131,6756,0.0,0.0
2023-02-13 15:30:00-05:00,5.800000190734863,5.800000190734863,5.800000190734863,5.800000190734863,292499,0.0,0.0
2023-02-14 09:30:00-05:00,3.9800000190734863,4.349999904632568,3.690000057220459,4.260000228881836,420060,0.0,0.0
2023-02-14 10:30:00-05:00,4.260000228881836,4.659299850463867,4.180099964141846,4.357699871063232,54525,0.0,0.0
2023-02-14 11:30:00-05:00,4.349999904632568,4.350100040435791,4.21120023727417,4.340000152587891,29986,0.0,0.0
2023-02-14 12:30:00-05:00,4.309999942779541,4.5,4.240099906921387,4.449999809265137,7899,0.0,0.0
2023-02-14 13:30:00-05:00,4.440000057220459,4.440000057220459,4.179999828338623,4.215000152587891,25483,0.0,0.0
2023-02-14 14:30:00-05:00,4.2032999992370605,4.53000020980835,4.199999809265137,4.53000020980835,11729,0.0,0.0
2023-02-14 15:30:00-05:00,4.599999904632568,4.75,4.519999980926514,4.71999979019165,12012,0.0,0.0
2023-02-15 09:30:00-05:00,4.539999961853027,5.199999809265137,4.25,4.380000114440918,43194,0.0,0.0
2023-02-15 10:30:00-05:00,4.420000076293945,4.420000076293945,3.9000000953674316,4.050000190734863,28103,0.0,0.0
2023-02-15 11:30:00-05:00,4.069399833679199,4.1579999923706055,4.050000190734863,4.059999942779541,7991,0.0,0.0
2023-02-15 12:30:00-05:00,4.129000186920166,4.189700126647949,4.059999942779541,4.099999904632568,7552,0.0,0.0
2023-02-15 13:30:00-05:00,4.060100078582764,4.269700050354004,4.060100078582764,4.151700019836426,9796,0.0,0.0
2023-02-15 14:30:00-05:00,4.100100040435791,4.139999866485596,4.050000190734863,4.050000190734863,13991,0.0,0.0
2023-02-15 15:30:00-05:00,4.050000190734863,4.070000171661377,4.0,4.0,18556,0.0,0.0
2023-02-16 09:30:00-05:00,4.019999980926514,4.054999828338623,3.8399999141693115,3.9000000953674316,13457,0.0,0.0
2023-02-16 10:30:00-05:00,4.0,4.159999847412109,3.9000000953674316,3.9000000953674316,18141,0.0,0.0
2023-02-16 11:30:00-05:00,4.079999923706055,4.079999923706055,3.9000000953674316,3.9000000953674316,2672,0.0,0.0
2023-02-16 12:30:00-05:00,3.976300001144409,4.0,3.930000066757202,3.9719998836517334,9110,0.0,0.0
2023-02-16 13:30:00-05:00,3.91510009765625,4.239999771118164,3.9100000858306885,4.079999923706055,10594,0.0,0.0
2023-02-16 14:30:00-05:00,4.110000133514404,4.28000020980835,4.110000133514404,4.190100193023682,3702,0.0,0.0
2023-02-16 15:30:00-05:00,4.199999809265137,4.199999809265137,4.010000228881836,4.099999904632568,0,0.0,0.0
2023-02-17 09:30:00-05:00,4.139999866485596,4.199999809265137,4.080100059509277,4.082399845123291,8228,0.0,0.0
2023-02-17 10:30:00-05:00,4.099999904632568,4.130000114440918,4.099999904632568,4.099999904632568,3073,0.0,0.0
2023-02-17 11:30:00-05:00,4.119999885559082,4.130000114440918,4.079999923706055,4.079999923706055,1694,0.0,0.0
2023-02-17 12:30:00-05:00,4.070000171661377,4.099999904632568,4.070000171661377,4.099999904632568,2348,0.0,0.0
2023-02-17 13:30:00-05:00,4.099999904632568,4.119999885559082,4.059999942779541,4.059999942779541,5874,0.0,0.0
2023-02-17 14:30:00-05:00,4.099999904632568,4.289999961853027,4.099999904632568,4.099999904632568,2412,0.0,0.0
2023-02-17 15:30:00-05:00,4.099999904632568,4.150000095367432,4.099999904632568,4.114999771118164,2059,0.0,0.0
2023-02-21 09:30:00-05:00,4.150000095367432,4.190000057220459,4.0879998207092285,4.176000118255615,4543,0.0,0.0
2023-02-21 10:30:00-05:00,4.159999847412109,4.159999847412109,4.050000190734863,4.059999942779541,4541,0.0,0.0
2023-02-21 11:30:00-05:00,4.119999885559082,4.139999866485596,4.119999885559082,4.139999866485596,1639,0.0,0.0
2023-02-21 12:30:00-05:00,4.119999885559082,4.119999885559082,4.119999885559082,4.119999885559082,296,0.0,0.0
2023-02-21 13:30:00-05:00,4.099999904632568,4.110000133514404,4.070000171661377,4.070000171661377,895,0.0,0.0
2023-02-21 15:30:00-05:00,4.090000152587891,4.099999904632568,4.090000152587891,4.099999904632568,0,0.0,0.0
2023-02-22 09:30:00-05:00,4.090000152587891,4.090000152587891,4.090000152587891,4.090000152587891,871,0.0,0.0
2023-02-22 10:30:00-05:00,4.139900207519531,4.139999866485596,4.099999904632568,4.100100040435791,1016,0.0,0.0
2023-02-22 11:30:00-05:00,4.099999904632568,4.100100040435791,4.099999904632568,4.100100040435791,1227,0.0,0.0
2023-02-22 13:30:00-05:00,4.005000114440918,4.005000114440918,4.005000114440918,4.005000114440918,267,0.0,0.0
2023-02-22 14:30:00-05:00,4.000100135803223,4.090000152587891,4.000100135803223,4.090000152587891,1104,0.0,0.0
2023-02-22 15:30:00-05:00,4.050000190734863,4.090000152587891,4.050000190734863,4.090000152587891,613,0.0,0.0
2023-02-23 09:30:00-05:00,4.0,4.0,3.780100107192993,3.9339001178741455,4402,0.0,0.0
2023-02-23 10:30:00-05:00,3.8299999237060547,3.8299999237060547,3.8299999237060547,3.8299999237060547,512,0.0,0.0
2023-02-23 11:30:00-05:00,3.7799999713897705,3.818000078201294,3.7799999713897705,3.809999942779541,6827,0.0,0.0
2023-02-23 12:30:00-05:00,3.8499999046325684,3.8499999046325684,3.8499999046325684,3.8499999046325684,1108,0.0,0.0
2023-02-23 13:30:00-05:00,3.8299999237060547,3.8399999141693115,3.759999990463257,3.8387999534606934,908,0.0,0.0
2023-02-23 14:30:00-05:00,3.813199996948242,3.813199996948242,3.75,3.808500051498413,3298,0.0,0.0
2023-02-23 15:30:00-05:00,3.805999994277954,3.8278000354766846,3.75,3.7799999713897705,2760,0.0,0.0
2023-02-24 09:30:00-05:00,3.75,3.75,3.6700000762939453,3.680000066757202,7831,0.0,0.0
2023-02-24 10:30:00-05:00,3.7200000286102295,3.75,3.690000057220459,3.7300000190734863,2796,0.0,0.0
2023-02-24 11:30:00-05:00,3.7100000381469727,3.7100000381469727,3.7100000381469727,3.7100000381469727,380,0.0,0.0
2023-02-24 13:30:00-05:00,3.7200000286102295,3.7850000858306885,3.7200000286102295,3.7850000858306885,4284,0.0,0.0
2023-02-24 14:30:00-05:00,3.7899999618530273,3.7899999618530273,3.7899999618530273,3.7899999618530273,208,0.0,0.0
2023-02-24 15:30:00-05:00,3.7699999809265137,3.859999895095825,3.7699999809265137,3.799999952316284,1578,0.0,0.0
2023-02-27 09:30:00-05:00,3.799999952316284,3.799999952316284,3.5999999046325684,3.6500000953674316,5922,0.0,0.0
2023-02-27 10:30:00-05:00,3.550100088119507,3.5703999996185303,3.319999933242798,3.319999933242798,17811,0.0,0.0
2023-02-27 11:30:00-05:00,3.3666000366210938,3.390000104904175,3.3666000366210938,3.390000104904175,1769,0.0,0.0
2023-02-27 12:30:00-05:00,3.390000104904175,3.449899911880493,3.3301000595092773,3.4000000953674316,1137,0.0,0.0
2023-02-27 13:30:00-05:00,3.3369998931884766,3.4000000953674316,3.3369998931884766,3.4000000953674316,1648,0.0,0.0
2023-02-27 14:30:00-05:00,3.4000000953674316,3.4700000286102295,3.375,3.4700000286102295,6530,0.0,0.0
2023-02-28 09:30:00-05:00,3.299999952316284,3.3499999046325684,3.299999952316284,3.300100088119507,4255,0.0,0.0
2023-02-28 10:30:00-05:00,3.3050999641418457,3.309999942779541,3.0799999237060547,3.0899999141693115,7073,0.0,0.0
2023-02-28 11:30:00-05:00,3.079400062561035,3.079900026321411,3.059999942779541,3.059999942779541,2366,0.0,0.0
2023-02-28 12:30:00-05:00,3.055000066757202,3.077699899673462,3.055000066757202,3.077699899673462,4281,0.0,0.0
2023-02-28 13:30:00-05:00,3.0638999938964844,3.077500104904175,3.059999942779541,3.059999942779541,3659,0.0,0.0
2023-02-28 14:30:00-05:00,3.0278000831604004,3.0467000007629395,2.950000047683716,3.0,6606,0.0,0.0
2023-02-28 15:30:00-05:00,2.950000047683716,3.0309998989105225,2.950000047683716,3.0299999713897705,0,0.0,0.0
2023-03-01 09:30:00-05:00,2.9600000381469727,2.9600000381469727,2.819999933242798,2.819999933242798,8886,0.0,0.0
2023-03-01 10:30:00-05:00,2.8436999320983887,2.900599956512451,2.8350000381469727,2.880000114440918,2206,0.0,0.0
2023-03-01 11:30:00-05:00,2.9119999408721924,2.9200000762939453,2.8919999599456787,2.8919999599456787,2534,0.0,0.0
2023-03-01 12:30:00-05:00,2.9000000953674316,2.9000000953674316,2.8299999237060547,2.8299999237060547,1357,0.0,0.0
2023-03-01 13:30:00-05:00,2.819999933242798,2.819999933242798,2.7699999809265137,2.793600082397461,2645,0.0,0.0
2023-03-01 14:30:00-05:00,2.7899999618530273,2.7899999618530273,2.6600000858306885,2.7100000381469727,6726,0.0,0.0
2023-03-01 15:30:00-05:00,2.7200000286102295,2.76200008392334,2.7200000286102295,2.720099925994873,1625,0.0,0.0
2023-03-02 09:30:00-05:00,2.759999990463257,2.759999990463257,2.6600000858306885,2.6791999340057373,7251,0.0,0.0
2023-03-02 10:30:00-05:00,2.701900005340576,2.7300000190734863,2.660099983215332,2.7200000286102295,2721,0.0,0.0
2023-03-02 11:30:00-05:00,2.7100000381469727,2.7799999713897705,2.7049999237060547,2.7799999713897705,6925,0.0,0.0
2023-03-02 12:30:00-05:00,2.7699999809265137,2.890000104904175,2.7699999809265137,2.890000104904175,6046,0.0,0.0
2023-03-02 13:30:00-05:00,2.940000057220459,2.990000009536743,2.8499999046325684,2.969399929046631,7266,0.0,0.0
2023-03-02 14:30:00-05:00,2.934999942779541,3.0,2.934999942779541,2.990000009536743,7919,0.0,0.0
2023-03-02 15:30:00-05:00,2.990000009536743,3.0,2.9579999446868896,2.9700000286102295,0,0.0,0.0
2023-03-03 09:30:00-05:00,3.0,3.0,2.967900037765503,2.990000009536743,3127,0.0,0.0
2023-03-03 10:30:00-05:00,2.990000009536743,2.990000009536743,2.990000009536743,2.990000009536743,674,0.0,0.0
2023-03-03 13:30:00-05:00,3.003000020980835,3.0999999046325684,3.0,3.061199903488159,2308,0.0,0.0
2023-03-03 14:30:00-05:00,3.059999942779541,3.0799999237060547,2.990000009536743,2.990000009536743,2184,0.0,0.0
2023-03-03 15:30:00-05:00,3.0499000549316406,3.0499000549316406,2.950000047683716,2.9600000381469727,5685,0.0,0.0
2023-03-06 09:30:00-05:00,3.119999885559082,3.119999885559082,3.0399999618530273,3.0399999618530273,4186,0.0,0.0
2023-03-06 10:30:00-05:00,3.0799999237060547,3.0799999237060547,2.940000057220459,2.940000057220459,1829,0.0,0.0
2023-03-06 11:30:00-05:00,2.940000057220459,2.940000057220459,2.940000057220459,2.940000057220459,1455,0.0,0.0
2023-03-06 12:30:00-05:00,2.799999952316284,3.049999952316284,2.799999952316284,3.049999952316284,2836,0.0,0.0
2023-03-06 13:30:00-05:00,2.799999952316284,2.9100000858306885,2.7899999618530273,2.9100000858306885,1105,0.0,0.0
2023-03-06 14:30:00-05:00,2.8801000118255615,2.9000000953674316,2.880000114440918,2.9000000953674316,1692,0.0,0.0
2023-03-06 15:30:00-05:00,2.913800001144409,2.9700000286102295,2.890000104904175,2.9700000286102295,0,0.0,0.0
2023-03-07 09:30:00-05:00,2.990000009536743,3.0,2.799999952316284,2.799999952316284,1420,0.0,0.0
2023-03-07 10:30:00-05:00,2.819999933242798,2.819999933242798,2.819999933242798,2.819999933242798,981,0.0,0.0
2023-03-07 11:30:00-05:00,2.8299999237060547,2.8299999237060547,2.822499990463257,2.822499990463257,515,0.0,0.0
2023-03-07 14:30:00-05:00,2.9605000019073486,2.9700000286102295,2.950000047683716,2.950000047683716,11275,0.0,0.0
2023-03-07 15:30:00-05:00,2.8499999046325684,2.930000066757202,2.8499999046325684,2.930000066757202,0,0.0,0.0
2023-03-08 09:30:00-05:00,2.950000047683716,2.950000047683716,2.950000047683716,2.950000047683716,1228,0.0,0.0
2023-03-08 10:30:00-05:00,2.799999952316284,2.869999885559082,2.799999952316284,2.859999895095825,2231,0.0,0.0
2023-03-08 11:30:00-05:00,2.8399999141693115,2.869999885559082,2.8399999141693115,2.869999885559082,1774,0.0,0.0
2023-03-08 13:30:00-05:00,2.819999933242798,2.890000104904175,2.819999933242798,2.890000104904175,897,0.0,0.0
2023-03-08 14:30:00-05:00,2.8499999046325684,2.8499999046325684,2.8499999046325684,2.8499999046325684,297,0.0,0.0
2023-03-08 15:30:00-05:00,2.8399999141693115,2.9000000953674316,2.8399999141693115,2.869999885559082,0,0.0,0.0
2023-03-09 09:30:00-05:00,2.809999942779541,2.8901000022888184,2.809999942779541,2.880000114440918,1093,0.0,0.0
2023-03-09 10:30:00-05:00,2.880000114440918,2.880000114440918,2.880000114440918,2.880000114440918,1776,0.0,0.0
2023-03-09 11:30:00-05:00,2.9000000953674316,2.9000000953674316,2.9000000953674316,2.9000000953674316,709,0.0,0.0
2023-03-09 12:30:00-05:00,2.873300075531006,2.890000104904175,2.873300075531006,2.890000104904175,860,0.0,0.0
2023-03-09 13:30:00-05:00,2.878999948501587,3.0299999713897705,2.878999948501587,3.0299999713897705,10043,0.0,0.0
2023-03-09 14:30:00-05:00,3.0299999713897705,3.2100000381469727,3.0299999713897705,3.109999895095825,21068,0.0,0.0
2023-03-09 15:30:00-05:00,3.1600000858306885,3.1649999618530273,3.119999885559082,3.130000114440918,7912,0.0,0.0
2023-03-10 09:30:00-05:00,3.0199999809265137,3.1914000511169434,2.9200000762939453,3.1500000953674316,2470,0.0,0.0
2023-03-10 11:30:00-05:00,3.053100109100342,3.053100109100342,3.053100109100342,3.053100109100342,666,0.0,0.0
2023-03-10 14:30:00-05:00,3.1500000953674316,3.1500000953674316,3.1500000953674316,3.1500000953674316,322,0.0,0.0
2023-03-10 15:30:00-05:00,3.119999885559082,3.200000047683716,3.1171998977661133,3.200000047683716,2119,0.0,0.0
2023-03-13 09:30:00-04:00,3.130000114440918,3.1449999809265137,2.9100000858306885,3.109999895095825,26690,0.0,0.0
2023-03-13 10:30:00-04:00,3.0000998973846436,3.0000998973846436,3.0000998973846436,3.0000998973846436,678,0.0,0.0
2023-03-13 12:30:00-04:00,2.9535000324249268,3.0299999713897705,2.9535000324249268,3.0299999713897705,496,0.0,0.0
2023-03-13 13:30:00-04:00,3.045599937438965,3.045599937438965,3.0199999809265137,3.0199999809265137,769,0.0,0.0
2023-03-13 14:30:00-04:00,3.009999990463257,3.009999990463257,2.9674999713897705,2.9700000286102295,1202,0.0,0.0
2023-03-13 15:30:00-04:00,2.969899892807007,2.969899892807007,2.9000000953674316,2.9000000953674316,1913,0.0,0.0
2023-03-14 09:30:00-04:00,2.930000066757202,2.9899001121520996,2.930000066757202,2.9899001121520996,0,0.0,0.0
2023-03-14 10:30:00-04:00,2.9700000286102295,2.9800000190734863,2.9600000381469727,2.9600000381469727,7762,0.0,0.0
2023-03-14 11:30:00-04:00,2.940000057220459,2.940000057220459,2.940000057220459,2.940000057220459,599,0.0,0.0
2023-03-14 12:30:00-04:00,2.9200000762939453,2.930000066757202,2.9200000762939453,2.930000066757202,1300,0.0,0.0
2023-03-14 14:30:00-04:00,2.825000047683716,2.8499999046325684,2.819999933242798,2.8399999141693115,1600,0.0,0.0
2023-03-14 15:30:00-04:00,2.8350000381469727,2.869999885559082,2.8350000381469727,2.869999885559082,2729,0.0,0.0
2023-03-15 09:30:00-04:00,2.7813000679016113,2.7813000679016113,2.7813000679016113,2.7813000679016113,472,0.0,0.0
2023-03-15 10:30:00-04:00,2.8299999237060547,3.009999990463257,2.8017001152038574,2.9100000858306885,11577,0.0,0.0
2023-03-15 11:30:00-04:00,2.9049999713897705,2.9049999713897705,2.859999895095825,2.859999895095825,1544,0.0,0.0
2023-03-15 12:30:00-04:00,2.780100107192993,2.780100107192993,2.7799999713897705,2.7799999713897705,738,0.0,0.0
2023-03-15 13:30:00-04:00,2.799999952316284,2.799999952316284,2.7899999618530273,2.7899999618530273,328,0.0,0.0
2023-03-15 14:30:00-04:00,2.8399999141693115,2.890000104904175,2.8399999141693115,2.884999990463257,1403,0.0,0.0
2023-03-15 15:30:00-04:00,2.819999933242798,2.884999990463257,2.7699999809265137,2.7799999713897705,6326,0.0,0.0
2023-03-16 09:30:00-04:00,2.75,2.9000000953674316,2.75,2.7899999618530273,0,0.0,0.0
2023-03-16 10:30:00-04:00,2.75,2.8571999073028564,2.75,2.799999952316284,1757,0.0,0.0
2023-03-16 11:30:00-04:00,2.75,2.7799999713897705,2.700000047683716,2.75,12635,0.0,0.0
2023-03-16 12:30:00-04:00,2.7899999618530273,2.803100109100342,2.7699999809265137,2.803100109100342,547,0.0,0.0
2023-03-16 13:30:00-04:00,2.740000009536743,2.765000104904175,2.7300000190734863,2.7300000190734863,3786,0.0,0.0
2023-03-16 14:30:00-04:00,2.740000009536743,2.765000104904175,2.7300000190734863,2.75,2459,0.0,0.0
2023-03-16 15:30:00-04:00,2.740000009536743,2.7899999618530273,2.5299999713897705,2.609999895095825,7811,0.0,0.0
2023-03-17 09:30:00-04:00,2.5899999141693115,2.5899999141693115,2.3499999046325684,2.359999895095825,5114,0.0,0.0
2023-03-17 10:30:00-04:00,2.280100107192993,2.3399999141693115,2.190000057220459,2.2300000190734863,8112,0.0,0.0
2023-03-17 11:30:00-04:00,2.2200000286102295,2.3798999786376953,2.2200000286102295,2.359999895095825,5146,0.0,0.0
2023-03-17 12:30:00-04:00,2.3780999183654785,2.430000066757202,2.359999895095825,2.4049999713897705,1383,0.0,0.0
2023-03-17 13:30:00-04:00,2.430000066757202,2.430000066757202,2.380000114440918,2.4000000953674316,953,0.0,0.0
2023-03-17 14:30:00-04:00,2.4000000953674316,2.4100000858306885,2.390000104904175,2.4100000858306885,1595,0.0,0.0
2023-03-17 15:30:00-04:00,2.3949999809265137,2.409899950027466,2.359999895095825,2.359999895095825,5623,0.0,0.0
2023-03-20 09:30:00-04:00,2.2200000286102295,2.309999942779541,2.2200000286102295,2.299999952316284,1991,0.0,0.0
2023-03-20 10:30:00-04:00,2.3399999141693115,2.359999895095825,2.29010009765625,2.3598999977111816,1682,0.0,0.0
2023-03-20 11:30:00-04:00,2.2899999618530273,2.2899999618530273,2.2899999618530273,2.2899999618530273,1132,0.0,0.0
2023-03-20 13:30:00-04:00,2.259999990463257,2.2750000953674316,2.259999990463257,2.259999990463257,2643,0.0,0.0
2023-03-20 14:30:00-04:00,2.259999990463257,2.2899999618530273,2.259999990463257,2.259999990463257,2376,0.0,0.0
2023-03-20 15:30:00-04:00,2.2699999809265137,2.309999942779541,2.1500000953674316,2.1500000953674316,5645,0.0,0.0
2023-03-21 09:30:00-04:00,2.130000114440918,2.255000114440918,2.130000114440918,2.255000114440918,621,0.0,0.0
2023-03-21 10:30:00-04:00,2.319999933242798,2.359999895095825,2.319999933242798,2.359999895095825,306,0.0,0.0
2023-03-21 11:30:00-04:00,2.2399001121520996,2.2399001121520996,2.1700000762939453,2.1700000762939453,2300,0.0,0.0
2023-03-21 12:30:00-04:00,2.2276999950408936,2.2309999465942383,2.1600000858306885,2.2049999237060547,4393,0.0,0.0
2023-03-21 13:30:00-04:00,2.200000047683716,2.2149999141693115,2.1500000953674316,2.1600000858306885,4528,0.0,0.0
2023-03-21 14:30:00-04:00,2.1600000858306885,2.1600000858306885,2.109999895095825,2.130000114440918,4000,0.0,0.0
2023-03-21 15:30:00-04:00,2.130000114440918,2.1600000858306885,2.0199999809265137,2.0199999809265137,3064,0.0,0.0
2023-03-22 09:30:00-04:00,2.0,2.1500000953674316,2.0,2.075000047683716,4443,0.0,0.0
2023-03-22 10:30:00-04:00,2.109999895095825,2.109999895095825,2.049999952316284,2.059999942779541,1773,0.0,0.0
2023-03-22 12:30:00-04:00,2.049999952316284,2.059999942779541,2.0199999809265137,2.0199999809265137,966,0.0,0.0
2023-03-22 13:30:00-04:00,2.049999952316284,2.049999952316284,2.0,2.0,2062,0.0,0.0
2023-03-22 14:30:00-04:00,1.9800000190734863,1.9800000190734863,1.8600000143051147,1.8700000047683716,19480,0.0,0.0
2023-03-22 15:30:00-04:00,1.8799999952316284,1.8799999952316284,1.75,1.8300000429153442,5406,0.0,0.0
2023-03-23 09:30:00-04:00,1.809999942779541,2.0072999000549316,1.809999942779541,2.0000998973846436,2381,0.0,0.0
2023-03-23 10:30:00-04:00,2.109999895095825,2.119999885559082,2.0,2.0,4515,0.0,0.0
2023-03-23 11:30:00-04:00,1.9800000190734863,1.9800000190734863,1.9800000190734863,1.9800000190734863,314,0.0,0.0
2023-03-23 12:30:00-04:00,1.809999942779541,1.8700000047683716,1.809999942779541,1.8600000143051147,1431,0.0,0.0
2023-03-23 13:30:00-04:00,1.840000033378601,1.9800000190734863,1.840000033378601,1.8600000143051147,14598,0.0,0.0
2023-03-23 14:30:00-04:00,1.8615000247955322,1.882699966430664,1.8600000143051147,1.8700000047683716,2109,0.0,0.0
2023-03-23 15:30:00-04:00,1.850000023841858,1.850000023841858,1.809999942779541,1.809999942779541,2539,0.0,0.0
2023-03-24 09:30:00-04:00,1.9199999570846558,1.9199999570846558,1.7599999904632568,1.8300000429153442,0,0.0,0.0
2023-03-24 10:30:00-04:00,1.9500000476837158,1.9500000476837158,1.8700000047683716,1.899999976158142,1537,0.0,0.0
2023-03-24 11:30:00-04:00,1.8423000574111938,1.850000023841858,1.8049999475479126,1.8049999475479126,963,0.0,0.0
2023-03-24 12:30:00-04:00,1.8250000476837158,1.850000023841858,1.8250000476837158,1.850000023841858,925,0.0,0.0
2023-03-24 13:30:00-04:00,1.84089994430542,1.84089994430542,1.84089994430542,1.84089994430542,309,0.0,0.0
2023-03-24 14:30:00-04:00,1.8214999437332153,1.850000023841858,1.8214999437332153,1.8499000072479248,994,0.0,0.0
2023-03-24 15:30:00-04:00,1.850000023841858,1.850000023841858,1.8300000429153442,1.840000033378601,1077,0.0,0.0
2023-03-27 09:30:00-04:00,1.9299999475479126,2.0,1.9299999475479126,1.940000057220459,0,0.0,0.0
2023-03-27 10:30:00-04:00,1.9499000310897827,1.9499000310897827,1.899999976158142,1.9299999475479126,1111,0.0,0.0
2023-03-27 11:30:00-04:00,1.910099983215332,2.0,1.8700000047683716,1.909999966621399,5095,0.0,0.0
2023-03-27 12:30:00-04:00,1.899999976158142,1.940000057220459,1.8799999952316284,1.940000057220459,5909,0.0,0.0
2023-03-27 13:30:00-04:00,1.899999976158142,1.9500000476837158,1.8600000143051147,1.9500000476837158,2719,0.0,0.0
2023-03-27 14:30:00-04:00,1.8711999654769897,1.8711999654769897,1.8600000143051147,1.8600000143051147,1045,0.0,0.0
2023-03-27 15:30:00-04:00,1.8799999952316284,1.8799999952316284,1.8799999952316284,1.8799999952316284,415,0.0,0.0
2023-03-28 09:30:00-04:00,1.8799999952316284,1.9500000476837158,1.8799999952316284,1.9500000476837158,0,0.0,0.0
2023-03-28 10:30:00-04:00,1.9049999713897705,2.0199999809265137,1.9049999713897705,2.001300096511841,3965,0.0,0.0
2023-03-28 11:30:00-04:00,2.0899999141693115,2.0999999046325684,2.009999990463257,2.009999990463257,2262,0.0,0.0
2023-03-28 12:30:00-04:00,2.049999952316284,2.0950000286102295,2.049999952316284,2.0950000286102295,200,0.0,0.0
2023-03-28 13:30:00-04:00,2.049999952316284,2.069999933242798,2.0,2.0,4639,0.0,0.0
2023-03-28 15:30:00-04:00,2.0299999713897705,2.2100000381469727,2.0299999713897705,2.2100000381469727,1524,0.0,0.0
2023-03-29 09:30:00-04:00,2.200000047683716,2.200000047683716,1.850000023841858,2.069999933242798,6782,0.0,0.0
2023-03-29 10:30:00-04:00,2.0799999237060547,2.219899892807007,2.0778000354766846,2.219899892807007,1254,0.0,0.0
2023-03-29 11:30:00-04:00,2.1600000858306885,2.1698999404907227,2.059999942779541,2.1698999404907227,2198,0.0,0.0
2023-03-29 12:30:00-04:00,2.1600000858306885,2.309999942779541,2.069999933242798,2.130000114440918,21626,0.0,0.0
2023-03-29 13:30:00-04:00,2.170099973678589,2.170099973678589,2.170099973678589,2.170099973678589,482,0.0,0.0
2023-03-29 14:30:00-04:00,2.200700044631958,2.200700044631958,2.190000057220459,2.2000999450683594,1503,0.0,0.0
2023-03-29 15:30:00-04:00,2.2100000381469727,2.2899999618530273,2.200000047683716,2.2899999618530273,0,0.0,0.0
2023-03-30 09:30:00-04:00,2.2899999618530273,2.4200000762939453,2.2899999618530273,2.3499999046325684,1539,0.0,0.0
2023-03-30 10:30:00-04:00,2.3499999046325684,2.3499999046325684,2.200000047683716,2.200000047683716,5339,0.0,0.0
2023-03-30 11:30:00-04:00,2.200000047683716,2.2328999042510986,2.200000047683716,2.2300000190734863,1833,0.0,0.0
2023-03-30 12:30:00-04:00,2.1700000762939453,2.2298998832702637,2.0999999046325684,2.0999999046325684,3561,0.0,0.0
2023-03-30 13:30:00-04:00,2.0989999771118164,2.0999999046325684,2.0,2.0,3816,0.0,0.0
2023-03-30 14:30:00-04:00,2.0199999809265137,2.140000104904175,2.0,2.0850000381469727,2836,0.0,0.0
2023-03-30 15:30:00-04:00,2.130000114440918,2.130000114440918,2.071500062942505,2.0999999046325684,966,0.0,0.0
2023-03-31 09:30:00-04:00,2.009999990463257,2.039900064468384,2.0,2.0,11004,0.0,0.0
2023-03-31 10:30:00-04:00,1.9700000286102295,1.9701000452041626,1.909999966621399,1.9299999475479126,1647,0.0,0.0
2023-03-31 11:30:00-04:00,1.929900050163269,1.9800000190734863,1.8401000499725342,1.9800000190734863,5104,0.0,0.0
2023-03-31 12:30:00-04:00,1.934999942779541,1.934999942779541,1.8899999856948853,1.8930000066757202,2365,0.0,0.0
2023-03-31 13:30:00-04:00,1.9179999828338623,1.9199999570846558,1.8701000213623047,1.9199999570846558,1409,0.0,0.0
2023-03-31 14:30:00-04:00,1.9450000524520874,1.9450000524520874,1.9019999504089355,1.9026999473571777,2103,0.0,0.0
2023-03-31 15:30:00-04:00,1.9800000190734863,2.0,1.9500000476837158,1.9500000476837158,1038,0.0,0.0
2023-04-03 09:30:00-04:00,1.899999976158142,1.9249999523162842,1.8600000143051147,1.896399974822998,13831,0.0,0.0
2023-04-03 10:30:00-04:00,1.909999966621399,1.940000057220459,1.909999966621399,1.9106999635696411,2354,0.0,0.0
2023-04-03 11:30:00-04:00,1.909999966621399,1.909999966621399,1.909999966621399,1.909999966621399,1152,0.0,0.0
2023-04-03 12:30:00-04:00,1.9039000272750854,1.909999966621399,1.850000023841858,1.850000023841858,2136,0.0,0.0
2023-04-03 13:30:00-04:00,1.840000033378601,1.9794000387191772,1.829300045967102,1.9700000286102295,22216,0.0,0.0
2023-04-03 14:30:00-04:00,1.9951000213623047,2.117500066757202,1.9199999570846558,2.009999990463257,94900,0.0,0.0
2023-04-03 15:30:00-04:00,2.0499000549316406,2.0499000549316406,2.009999990463257,2.0199999809265137,0,0.0,0.0
2023-04-04 09:30:00-04:00,2.049999952316284,2.049999952316284,1.7999999523162842,1.7999999523162842,48455,0.0,0.0
2023-04-04 10:30:00-04:00,1.7999999523162842,1.7999999523162842,1.75,1.7799999713897705,13727,0.0,0.0
2023-04-04 11:30:00-04:00,1.7760000228881836,1.7799999713897705,1.75,1.7674000263214111,3687,0.0,0.0
2023-04-04 12:30:00-04:00,1.7798999547958374,1.7899999618530273,1.75,1.784999966621399,23201,0.0,0.0
2023-04-04 13:30:00-04:00,1.7799999713897705,1.7899999618530273,1.7799999713897705,1.784999966621399,2908,0.0,0.0
2023-04-04 14:30:00-04:00,1.7800999879837036,1.784999966621399,1.7800999879837036,1.784999966621399,1162,0.0,0.0
2023-04-04 15:30:00-04:00,1.784999966621399,1.8071000576019287,1.7799999713897705,1.7799999713897705,5901,0.0,0.0
2023-04-05 09:30:00-04:00,1.8200000524520874,1.8752000331878662,1.8000999689102173,1.8152999877929688,11220,0.0,0.0
2023-04-05 10:30:00-04:00,1.8092999458312988,1.8092999458312988,1.8000999689102173,1.8000999689102173,1100,0.0,0.0
2023-04-05 11:30:00-04:00,1.809999942779541,1.809999942779541,1.7999999523162842,1.7999999523162842,1756,0.0,0.0
2023-04-05 12:30:00-04:00,1.809499979019165,1.809999942779541,1.801300048828125,1.809399962425232,3047,0.0,0.0
2023-04-05 13:30:00-04:00,1.8049999475479126,1.899999976158142,1.7899999618530273,1.7899999618530273,56342,0.0,0.0
2023-04-05 14:30:00-04:00,1.7949999570846558,1.7949999570846558,1.7949999570846558,1.7949999570846558,200,0.0,0.0
2023-04-05 15:30:00-04:00,1.7999000549316406,1.7999999523162842,1.750499963760376,1.7599999904632568,0,0.0,0.0
2023-04-06 09:30:00-04:00,1.7100000381469727,1.815999984741211,1.7100000381469727,1.7300000190734863,8142,0.0,0.0
2023-04-06 10:30:00-04:00,1.7400000095367432,1.7400000095367432,1.7300000190734863,1.7300000190734863,680,0.0,0.0
2023-04-06 11:30:00-04:00,1.7300000190734863,1.7412999868392944,1.7100000381469727,1.7100000381469727,5435,0.0,0.0
2023-04-06 12:30:00-04:00,1.7200000286102295,1.7200000286102295,1.7100000381469727,1.7100000381469727,677,0.0,0.0
2023-04-06 13:30:00-04:00,1.7200000286102295,1.7200000286102295,1.690000057220459,1.690000057220459,1744,0.0,0.0
2023-04-06 14:30:00-04:00,1.7100000381469727,1.7100000381469727,1.690000057220459,1.7000000476837158,1325,0.0,0.0
2023-04-06 15:30:00-04:00,1.708400011062622,1.708899974822998,1.6699999570846558,1.6699999570846558,8461,0.0,0.0
2023-04-10 09:30:00-04:00,1.7000000476837158,1.7999999523162842,1.690000057220459,1.690000057220459,4916,0.0,0.0
2023-04-10 10:30:00-04:00,1.690000057220459,1.690000057220459,1.649999976158142,1.649999976158142,3009,0.0,0.0
2023-04-10 11:30:00-04:00,1.649999976158142,1.6995999813079834,1.649999976158142,1.679900050163269,5491,0.0,0.0
2023-04-10 12:30:00-04:00,1.662500023841858,1.6690000295639038,1.649999976158142,1.649999976158142,3845,0.0,0.0
2023-04-10 13:30:00-04:00,1.6649999618530273,1.6649999618530273,1.6649999618530273,1.6649999618530273,600,0.0,0.0
2023-04-10 14:30:00-04:00,1.649999976158142,1.649999976158142,1.6399999856948853,1.6399999856948853,3838,0.0,0.0
2023-04-10 15:30:00-04:00,1.6399999856948853,1.649899959564209,1.6299999952316284,1.6299999952316284,5386,0.0,0.0
2023-04-11 09:30:00-04:00,1.5700000524520874,1.6299999952316284,1.5199999809265137,1.5499999523162842,7420,0.0,0.0
2023-04-11 10:30:00-04:00,1.600000023841858,1.600000023841858,1.559999942779541,1.565000057220459,3565,0.0,0.0
2023-04-11 11:30:00-04:00,1.559999942779541,1.5800000429153442,1.559999942779541,1.5600999593734741,5997,0.0,0.0
2023-04-11 12:30:00-04:00,1.5700000524520874,1.589900016784668,1.559999942779541,1.5700000524520874,3348,0.0,0.0
2023-04-11 13:30:00-04:00,1.559999942779541,1.559999942779541,1.5499999523162842,1.5499999523162842,2225,0.0,0.0
2023-04-11 14:30:00-04:00,1.559999942779541,1.5600999593734741,1.559999942779541,1.559999942779541,2819,0.0,0.0
2023-04-11 15:30:00-04:00,1.559999942779541,1.5700000524520874,1.5499999523162842,1.5499999523162842,3364,0.0,0.0
2023-04-12 09:30:00-04:00,1.5700000524520874,1.5700000524520874,1.5299999713897705,1.5299999713897705,0,0.0,0.0
2023-04-12 10:30:00-04:00,1.5700000524520874,1.5700000524520874,1.5501999855041504,1.5501999855041504,1410,0.0,0.0
2023-04-12 13:30:00-04:00,1.5850000381469727,1.5999000072479248,1.559999942779541,1.559999942779541,1377,0.0,0.0
2023-04-12 14:30:00-04:00,1.559999942779541,1.559999942779541,1.5299999713897705,1.5299999713897705,1552,0.0,0.0
2023-04-12 15:30:00-04:00,1.5499999523162842,1.559999942779541,1.5399999618530273,1.5399999618530273,1216,0.0,0.0
2023-04-13 09:30:00-04:00,1.5099999904632568,1.559999942779541,1.5099999904632568,1.5300999879837036,8895,0.0,0.0
2023-04-13 10:30:00-04:00,1.5499999523162842,1.5800000429153442,1.5199999809265137,1.5700000524520874,6684,0.0,0.0
2023-04-13 11:30:00-04:00,1.5449999570846558,1.5699000358581543,1.5449999570846558,1.5699000358581543,2849,0.0,0.0
2023-04-13 12:30:00-04:00,1.5549999475479126,1.6778000593185425,1.5549999475479126,1.6778000593185425,3536,0.0,0.0
2023-04-13 13:30:00-04:00,1.649999976158142,1.659999966621399,1.6188000440597534,1.6298999786376953,11214,0.0,0.0
2023-04-13 14:30:00-04:00,1.6150000095367432,1.6399999856948853,1.6150000095367432,1.6200000047683716,1308,0.0,0.0
2023-04-13 15:30:00-04:00,1.659999966621399,1.659999966621399,1.6399999856948853,1.6399999856948853,1716,0.0,0.0
2023-04-14 09:30:00-04:00,1.2400000095367432,1.4812999963760376,1.2200000286102295,1.409999966621399,37341,0.0,0.0
2023-04-14 10:30:00-04:00,1.3985999822616577,1.4299999475479126,1.3799999952316284,1.3949999809265137,6747,0.0,0.0
2023-04-14 11:30:00-04:00,1.409999966621399,1.4198999404907227,1.3849999904632568,1.4198999404907227,2996,0.0,0.0
2023-04-14 12:30:00-04:00,1.409999966621399,1.4500000476837158,1.409999966621399,1.4500000476837158,5700,0.0,0.0
2023-04-14 13:30:00-04:00,1.4500000476837158,1.5449999570846558,1.4493999481201172,1.5449999570846558,11778,0.0,0.0
2023-04-14 14:30:00-04:00,1.5399999618530273,1.5700000524520874,1.5199999809265137,1.5700000524520874,3532,0.0,0.0
2023-04-17 09:30:00-04:00,1.590000033378601,1.6299999952316284,1.590000033378601,1.610200047492981,2992,0.0,0.0
2023-04-17 10:30:00-04:00,1.6200000047683716,1.940000057220459,1.590000033378601,1.940000057220459,6641,0.0,0.0
2023-04-17 11:30:00-04:00,1.940000057220459,1.940000057220459,1.659999966621399,1.75,7651,0.0,0.0
2023-04-17 12:30:00-04:00,1.756100058555603,1.840000033378601,1.75,1.840000033378601,11900,0.0,0.0
2023-04-17 13:30:00-04:00,1.8550000190734863,1.8799999952316284,1.8550000190734863,1.8600000143051147,3910,0.0,0.0
2023-04-17 14:30:00-04:00,1.8480000495910645,1.8600000143051147,1.7999999523162842,1.8600000143051147,9709,0.0,0.0
2023-04-17 15:30:00-04:00,1.8456000089645386,1.8600000143051147,1.7700999975204468,1.8600000143051147,2205,0.0,0.0
2023-04-18 09:30:00-04:00,1.8799999952316284,1.9332000017166138,1.6200000047683716,1.625,18537,0.0,0.0
2023-04-18 10:30:00-04:00,1.649999976158142,1.690000057220459,1.649999976158142,1.690000057220459,1730,0.0,0.0
2023-04-18 11:30:00-04:00,1.8588000535964966,1.8588000535964966,1.8588000535964966,1.8588000535964966,323,0.0,0.0
2023-04-18 12:30:00-04:00,1.7899999618530273,1.7899999618530273,1.7400000095367432,1.7400000095367432,914,0.0,0.0
2023-04-18 14:30:00-04:00,1.7200000286102295,1.7200000286102295,1.7200000286102295,1.7200000286102295,212,0.0,0.0
2023-04-18 15:30:00-04:00,1.7000000476837158,1.7000000476837158,1.7000000476837158,1.7000000476837158,369,0.0,0.0
2023-04-19 09:30:00-04:00,1.690000057220459,1.7000000476837158,1.690000057220459,1.7000000476837158,1065,0.0,0.0
2023-04-19 10:30:00-04:00,1.7100000381469727,1.8799999952316284,1.7000000476837158,1.7000000476837158,4840,0.0,0.0
2023-04-19 12:30:00-04:00,1.7100000381469727,1.732699990272522,1.7100000381469727,1.7300000190734863,3071,0.0,0.0
2023-04-19 13:30:00-04:00,1.7299000024795532,1.7299000024795532,1.7100000381469727,1.7100000381469727,1568,0.0,0.0
2023-04-19 14:30:00-04:00,1.7599999904632568,1.7599999904632568,1.7400000095367432,1.7400000095367432,448,0.0,0.0
2023-04-19 15:30:00-04:00,1.7400000095367432,1.7699999809265137,1.7200000286102295,1.7200000286102295,2467,0.0,0.0
2023-04-20 09:30:00-04:00,1.7899999618530273,1.7899999618530273,1.6200000047683716,1.6399999856948853,4328,0.0,0.0
2023-04-20 10:30:00-04:00,1.6341999769210815,1.6341999769210815,1.600000023841858,1.6088999509811401,2057,0.0,0.0
2023-04-20 11:30:00-04:00,1.6299999952316284,1.6299999952316284,1.4900000095367432,1.4901000261306763,9193,0.0,0.0
2023-04-20 13:30:00-04:00,1.5500999689102173,1.6098999977111816,1.5500999689102173,1.6098999977111816,857,0.0,0.0
2023-04-20 14:30:00-04:00,1.5499999523162842,1.5499999523162842,1.4600000381469727,1.5,5163,0.0,0.0
2023-04-20 15:30:00-04:00,1.5149999856948853,1.5369999408721924,1.4600000381469727,1.4600000381469727,0,0.0,0.0
2023-04-21 09:30:00-04:00,1.4600000381469727,1.5099999904632568,1.4600000381469727,1.4700000286102295,7517,0.0,0.0
2023-04-21 10:30:00-04:00,1.4800000190734863,1.5800000429153442,1.4800000190734863,1.5499999523162842,7543,0.0,0.0
2023-04-21 11:30:00-04:00,1.5399999618530273,1.5499999523162842,1.4901000261306763,1.5270999670028687,7595,0.0,0.0
2023-04-21 13:30:00-04:00,1.5299999713897705,1.5299999713897705,1.5299999713897705,1.5299999713897705,1151,0.0,0.0
2023-04-21 14:30:00-04:00,1.555999994277954,1.555999994277954,1.5300999879837036,1.5300999879837036,2177,0.0,0.0
2023-04-21 15:30:00-04:00,1.5199999809265137,1.5199999809265137,1.5199999809265137,1.5199999809265137,338,0.0,0.0
2023-04-24 09:30:00-04:00,1.6799999475479126,1.6799999475479126,1.5049999952316284,1.6301000118255615,12959,0.0,0.0
2023-04-24 10:30:00-04:00,1.5789999961853027,1.5973000526428223,1.5700000524520874,1.5817999839782715,1698,0.0,0.0
2023-04-24 11:30:00-04:00,1.5700000524520874,1.5870000123977661,1.5199999809265137,1.5472999811172485,8358,0.0,0.0
2023-04-24 12:30:00-04:00,1.524999976158142,1.559999942779541,1.524999976158142,1.559999942779541,2885,0.0,0.0
2023-04-24 13:30:00-04:00,1.5400999784469604,1.6100000143051147,1.5400999784469604,1.6100000143051147,780,0.0,0.0
2023-04-24 14:30:00-04:00,1.5499999523162842,1.5499999523162842,1.5299999713897705,1.5499999523162842,1323,0.0,0.0
2023-04-24 15:30:00-04:00,1.5499999523162842,1.5499999523162842,1.5399999618530273,1.5399999618530273,0,0.0,0.0
2023-04-25 09:30:00-04:00,1.5499999523162842,1.5499999523162842,1.440000057220459,1.481600046157837,16124,0.0,0.0
2023-04-25 10:30:00-04:00,1.4349000453948975,1.6100000143051147,1.4299999475479126,1.6100000143051147,32098,0.0,0.0
2023-04-25 11:30:00-04:00,1.6779999732971191,1.7699999809265137,1.649999976158142,1.7598999738693237,8682,0.0,0.0
2023-04-25 12:30:00-04:00,1.649999976158142,1.659999966621399,1.5500999689102173,1.600000023841858,1398,0.0,0.0
2023-04-25 13:30:00-04:00,1.600000023841858,1.649999976158142,1.5499999523162842,1.5499999523162842,7526,0.0,0.0
2023-04-25 14:30:00-04:00,1.5499999523162842,1.5499999523162842,1.5299999713897705,1.5299999713897705,7758,0.0,0.0
2023-04-25 15:30:00-04:00,1.5299999713897705,1.5399999618530273,1.5,1.5399999618530273,0,0.0,0.0
2023-04-26 09:30:00-04:00,1.5099999904632568,1.5161999464035034,1.4323999881744385,1.48989999294281,16802,0.0,0.0
2023-04-26 10:30:00-04:00,1.4004000425338745,1.4299999475479126,1.4004000425338745,1.4299999475479126,1957,0.0,0.0
2023-04-26 11:30:00-04:00,1.399999976158142,1.4198999404907227,1.3700000047683716,1.3799999952316284,5312,0.0,0.0
2023-04-26 12:30:00-04:00,1.3508000373840332,1.3508000373840332,1.350100040435791,1.350100040435791,1153,0.0,0.0
2023-04-26 13:30:00-04:00,1.3600000143051147,1.3899999856948853,1.3600000143051147,1.3600000143051147,3217,0.0,0.0
2023-04-26 14:30:00-04:00,1.3662999868392944,1.3662999868392944,1.3662999868392944,1.3662999868392944,126,0.0,0.0
2023-04-26 15:30:00-04:00,1.3650000095367432,1.3650000095367432,1.2799999713897705,1.2999999523162842,0,0.0,0.0
2023-04-27 09:30:00-04:00,1.4299999475479126,1.4299999475479126,1.3300000429153442,1.350000023841858,5611,0.0,0.0
2023-04-27 10:30:00-04:00,1.3300000429153442,1.3516000509262085,1.3300000429153442,1.350000023841858,2878,0.0,0.0
2023-04-27 11:30:00-04:00,1.340000033378601,1.340000033378601,1.3300000429153442,1.3300000429153442,4469,0.0,0.0
2023-04-27 12:30:00-04:00,1.3284000158309937,1.4700000286102295,1.3250000476837158,1.4700000286102295,11377,0.0,0.0
2023-04-27 13:30:00-04:00,1.434000015258789,1.440000057220459,1.434000015258789,1.440000057220459,897,0.0,0.0
2023-04-27 14:30:00-04:00,1.4199999570846558,1.4199999570846558,1.4149999618530273,1.4149999618530273,259,0.0,0.0
2023-04-27 15:30:00-04:00,1.417099952697754,1.5,1.417099952697754,1.5,4362,0.0,0.0
2023-04-28 09:30:00-04:00,1.409999966621399,1.600000023841858,1.409999966621399,1.600000023841858,5235,0.0,0.0
2023-04-28 10:30:00-04:00,1.590000033378601,1.600000023841858,1.559999942779541,1.600000023841858,2114,0.0,0.0
2023-04-28 11:30:00-04:00,1.590000033378601,1.6399999856948853,1.5774999856948853,1.6299999952316284,6867,0.0,0.0
2023-04-28 12:30:00-04:00,1.6100000143051147,1.6100000143051147,1.6100000143051147,1.6100000143051147,983,0.0,0.0
2023-04-28 13:30:00-04:00,1.6399999856948853,1.6399999856948853,1.5700000524520874,1.600000023841858,5172,0.0,0.0
2023-04-28 14:30:00-04:00,1.600000023841858,1.600000023841858,1.5600999593734741,1.5600999593734741,1416,0.0,0.0
2023-04-28 15:30:00-04:00,1.590000033378601,1.600000023841858,1.5700000524520874,1.5700000524520874,900,0.0,0.0
2023-05-01 09:30:00-04:00,1.6399999856948853,1.6799999475479126,1.590000033378601,1.6100000143051147,10189,0.0,0.0
2023-05-01 10:30:00-04:00,1.590000033378601,1.600000023841858,1.590000033378601,1.600000023841858,1512,0.0,0.0
2023-05-01 11:30:00-04:00,1.590000033378601,1.6200000047683716,1.5786999464035034,1.6200000047683716,10865,0.0,0.0
2023-05-01 12:30:00-04:00,1.6799999475479126,1.6799999475479126,1.649999976158142,1.649999976158142,355,0.0,0.0
2023-05-01 13:30:00-04:00,1.7300000190734863,1.75,1.690000057220459,1.75,2498,0.0,0.0
2023-05-01 14:30:00-04:00,1.7200000286102295,1.7300000190734863,1.7200000286102295,1.7300000190734863,490,0.0,0.0
2023-05-01 15:30:00-04:00,1.7300000190734863,1.7300000190734863,1.690000057220459,1.7100000381469727,4007,0.0,0.0
2023-05-02 09:30:00-04:00,1.6399999856948853,1.6399999856948853,1.6399999856948853,1.6399999856948853,0,0.0,0.0
2023-05-02 12:30:00-04:00,1.600100040435791,1.6399999856948853,1.600100040435791,1.6399999856948853,2528,0.0,0.0
2023-05-02 13:30:00-04:00,1.6299999952316284,1.6299999952316284,1.6299999952316284,1.6299999952316284,143,0.0,0.0
2023-05-02 14:30:00-04:00,1.6299999952316284,1.6299999952316284,1.6299999952316284,1.6299999952316284,900,0.0,0.0
2023-05-02 15:30:00-04:00,1.6200000047683716,1.6200000047683716,1.600000023841858,1.600100040435791,0,0.0,0.0
2023-05-03 09:30:00-04:00,1.6200000047683716,1.6200000047683716,1.6200000047683716,1.6200000047683716,297,0.0,0.0
2023-05-03 10:30:00-04:00,1.6699999570846558,1.6699999570846558,1.6699999570846558,1.6699999570846558,136,0.0,0.0
2023-05-03 11:30:00-04:00,1.6749999523162842,1.6749999523162842,1.3758000135421753,1.3765000104904175,13480,0.0,0.0
2023-05-03 12:30:00-04:00,1.399999976158142,1.4713000059127808,1.399999976158142,1.468500018119812,13511,0.0,0.0
2023-05-03 13:30:00-04:00,1.4600000381469727,1.5099999904632568,1.4600000381469727,1.4859999418258667,1799,0.0,0.0
2023-05-03 14:30:00-04:00,1.4874000549316406,1.4874000549316406,1.4874000549316406,1.4874000549316406,423,0.0,0.0
2023-05-03 15:30:00-04:00,1.409999966621399,1.409999966621399,1.409999966621399,1.409999966621399,299,0.0,0.0
2023-05-04 09:30:00-04:00,3.559999942779541,4.199999809265137,2.819999933242798,3.25,23579345,0.0,0.0
2023-05-04 10:30:00-04:00,3.25,3.7200000286102295,2.859999895095825,3.0095999240875244,6334169,0.0,0.0
2023-05-04 11:30:00-04:00,3.009999990463257,3.0899999141693115,2.25,2.359999895095825,3022134,0.0,0.0
2023-05-04 12:30:00-04:00,2.3620998859405518,2.5,2.2799999713897705,2.3113999366760254,924047,0.0,0.0
2023-05-04 13:30:00-04:00,2.309999942779541,2.389899969100952,2.0,2.049999952316284,961400,0.0,0.0
2023-05-04 14:30:00-04:00,2.059999942779541,2.309999942779541,2.009999990463257,2.0804998874664307,812558,0.0,0.0
2023-05-04 15:30:00-04:00,2.075000047683716,2.3299999237060547,2.075000047683716,2.240000009536743,774078,0.0,0.0
2023-05-05 09:30:00-04:00,1.2000000476837158,1.2192000150680542,1.100000023841858,1.1399999856948853,4979039,0.0,0.0
2023-05-05 10:30:00-04:00,1.1399999856948853,1.2000000476837158,1.1299999952316284,1.1994999647140503,955169,0.0,0.0
2023-05-05 11:30:00-04:00,1.1983000040054321,1.2400000095367432,1.149999976158142,1.1549999713897705,650202,0.0,0.0
2023-05-05 12:30:00-04:00,1.1578999757766724,1.1799999475479126,1.149999976158142,1.1649999618530273,186328,0.0,0.0
2023-05-05 13:30:00-04:00,1.1699999570846558,1.1799999475479126,1.1299999952316284,1.1399999856948853,366879,0.0,0.0
2023-05-05 14:30:00-04:00,1.1399999856948853,1.149999976158142,1.1299999952316284,1.1299999952316284,268657,0.0,0.0
2023-05-05 15:30:00-04:00,1.1398999691009521,1.1399999856948853,1.1100000143051147,1.1200000047683716,439226,0.0,0.0
2023-05-08 09:30:00-04:00,1.149999976158142,1.149999976158142,1.100000023841858,1.1100000143051147,625971,0.0,0.0
2023-05-08 10:30:00-04:00,1.1100000143051147,1.111299991607666,1.0299999713897705,1.0586999654769897,325439,0.0,0.0
2023-05-08 11:30:00-04:00,1.058500051498413,1.059999942779541,1.0199999809265137,1.0299999713897705,138750,0.0,0.0
2023-05-08 12:30:00-04:00,1.031499981880188,1.059999942779541,1.0299999713897705,1.0499999523162842,88261,0.0,0.0
2023-05-08 13:30:00-04:00,1.0496000051498413,1.0499999523162842,1.0399999618530273,1.0440000295639038,67363,0.0,0.0
2023-05-08 14:30:00-04:00,1.0399999618530273,1.0499999523162842,1.0299999713897705,1.0499999523162842,79212,0.0,0.0
2023-05-08 15:30:00-04:00,1.0449999570846558,1.0499999523162842,1.0299999713897705,1.0299999713897705,79624,0.0,0.0
2023-05-09 09:30:00-04:00,1.0499999523162842,1.0499999523162842,0.9300000071525574,0.9376000165939331,753962,0.0,0.0
2023-05-09 10:30:00-04:00,0.9399999976158142,0.9700000286102295,0.9305999875068665,0.9305999875068665,110400,0.0,0.0
2023-05-09 11:30:00-04:00,0.9312000274658203,0.9577000141143799,0.9302999973297119,0.9312999844551086,62641,0.0,0.0
2023-05-09 12:30:00-04:00,0.9359999895095825,0.9573000073432922,0.9300000071525574,0.9301000237464905,102943,0.0,0.0
2023-05-09 13:30:00-04:00,0.9301000237464905,0.9399999976158142,0.9300000071525574,0.9300000071525574,58854,0.0,0.0
2023-05-09 14:30:00-04:00,0.9300000071525574,0.9398999810218811,0.92330002784729,0.92330002784729,91793,0.0,0.0
2023-05-09 15:30:00-04:00,0.92330002784729,0.925000011920929,0.9000999927520752,0.9000999927520752,119981,0.0,0.0
2023-05-10 09:30:00-04:00,0.9093000292778015,0.9143999814987183,0.8199999928474426,0.8355000019073486,487165,0.0,0.0
2023-05-10 10:30:00-04:00,0.8379999995231628,0.8489999771118164,0.8199999928474426,0.8209999799728394,148712,0.0,0.0
2023-05-10 11:30:00-04:00,0.8209999799728394,0.8399999737739563,0.8011999726295471,0.8012999892234802,163069,0.0,0.0
2023-05-10 12:30:00-04:00,0.8021000027656555,0.824999988079071,0.800599992275238,0.800599992275238,90093,0.0,0.0
2023-05-10 13:30:00-04:00,0.800599992275238,0.8230999708175659,0.8001000285148621,0.8079000115394592,98780,0.0,0.0
2023-05-10 14:30:00-04:00,0.8079000115394592,0.839900016784668,0.8079000115394592,0.8251000046730042,52441,0.0,0.0
2023-05-10 15:30:00-04:00,0.8251000046730042,0.8288000226020813,0.8009999990463257,0.8100000023841858,53844,0.0,0.0
2023-05-11 09:30:00-04:00,0.8450000286102295,0.8499000072479248,0.7932000160217285,0.7932000160217285,472273,0.0,0.0
2023-05-11 10:30:00-04:00,0.7929999828338623,0.7932000160217285,0.7300000190734863,0.7609999775886536,291315,0.0,0.0
2023-05-11 11:30:00-04:00,0.7609999775886536,0.7850000262260437,0.7599999904632568,0.7850000262260437,82960,0.0,0.0
2023-05-11 12:30:00-04:00,0.7799999713897705,0.78329998254776,0.7599999904632568,0.7781000137329102,35964,0.0,0.0
2023-05-11 13:30:00-04:00,0.7781000137329102,0.7831000089645386,0.7599999904632568,0.7605000138282776,53189,0.0,0.0
2023-05-11 14:30:00-04:00,0.7605000138282776,0.7831670045852661,0.7601000070571899,0.7705000042915344,52637,0.0,0.0
2023-05-11 15:30:00-04:00,0.7706000208854675,0.777999997138977,0.7699999809265137,0.7718999981880188,79386,0.0,0.0
2023-05-12 09:30:00-04:00,0.7799999713897705,0.8392199873924255,0.7599999904632568,0.7854499816894531,267291,0.0,0.0
2023-05-12 10:30:00-04:00,0.781000018119812,0.7979000210762024,0.7799999713897705,0.7900000214576721,98264,0.0,0.0
2023-05-12 11:30:00-04:00,0.7910000085830688,0.7925000190734863,0.7799999713897705,0.7802000045776367,68807,0.0,0.0
2023-05-12 12:30:00-04:00,0.7799999713897705,0.7876999974250793,0.7620000243186951,0.7772619724273682,41401,0.0,0.0
2023-05-12 13:30:00-04:00,0.7630000114440918,0.7770000100135803,0.7609999775886536,0.7620000243186951,66585,0.0,0.0
2023-05-12 14:30:00-04:00,0.7620000243186951,0.7703999876976013,0.7599999904632568,0.7702999711036682,35899,0.0,0.0
2023-05-12 15:30:00-04:00,0.7631000280380249,0.7770000100135803,0.7602999806404114,0.7767999768257141,51765,0.0,0.0
2023-05-15 09:30:00-04:00,0.8051000237464905,0.820900022983551,0.7555999755859375,0.8019999861717224,139586,0.0,0.0
2023-05-15 10:30:00-04:00,0.800000011920929,0.8050000071525574,0.7800999879837036,0.7872999906539917,38615,0.0,0.0
2023-05-15 11:30:00-04:00,0.781000018119812,0.8048999905586243,0.7804999947547913,0.7879999876022339,35577,0.0,0.0
2023-05-15 12:30:00-04:00,0.788100004196167,0.8047999739646912,0.7879999876022339,0.7914000153541565,25325,0.0,0.0
2023-05-15 13:30:00-04:00,0.7987949848175049,0.8149999976158142,0.7914000153541565,0.8130000233650208,37651,0.0,0.0
2023-05-15 14:30:00-04:00,0.8149999976158142,0.8360999822616577,0.8100000023841858,0.8149999976158142,99259,0.0,0.0
2023-05-15 15:30:00-04:00,0.8149999976158142,0.8299000263214111,0.8040000200271606,0.8184000253677368,35490,0.0,0.0
2023-05-16 09:30:00-04:00,0.8586000204086304,0.859000027179718,0.800000011920929,0.8101999759674072,334846,0.0,0.0
2023-05-16 10:30:00-04:00,0.8052999973297119,0.8100000023841858,0.800000011920929,0.800000011920929,68166,0.0,0.0
2023-05-16 11:30:00-04:00,0.800000011920929,0.8083999752998352,0.7911009788513184,0.7911009788513184,41625,0.0,0.0
2023-05-16 12:30:00-04:00,0.79100102186203,0.8082000017166138,0.7789999842643738,0.7998999953269958,50633,0.0,0.0
2023-05-16 13:30:00-04:00,0.7950000166893005,0.7958999872207642,0.7811499834060669,0.7886509895324707,13675,0.0,0.0
2023-05-16 14:30:00-04:00,0.7831000089645386,0.7960000038146973,0.781000018119812,0.7817999720573425,9038,0.0,0.0
2023-05-16 15:30:00-04:00,0.7817999720573425,0.7960000038146973,0.781000018119812,0.7883999943733215,22329,0.0,0.0
2023-05-17 09:30:00-04:00,0.800000011920929,0.800000011920929,0.7519999742507935,0.7698000073432922,108426,0.0,0.0
2023-05-17 10:30:00-04:00,0.7689999938011169,0.7799000144004822,0.7599999904632568,0.7674000263214111,39131,0.0,0.0
2023-05-17 11:30:00-04:00,0.7730000019073486,0.777999997138977,0.766700029373169,0.7695000171661377,18188,0.0,0.0
2023-05-17 12:30:00-04:00,0.777899980545044,0.7789000272750854,0.7700999975204468,0.7728000283241272,18566,0.0,0.0
2023-05-17 13:30:00-04:00,0.7728000283241272,0.7839999794960022,0.7699999809265137,0.7839990258216858,11891,0.0,0.0
2023-05-17 14:30:00-04:00,0.7839999794960022,0.7839999794960022,0.7799999713897705,0.781000018119812,29702,0.0,0.0
2023-05-17 15:30:00-04:00,0.7800999879837036,0.7839999794960022,0.7799999713897705,0.7839999794960022,4778,0.0,0.0
2023-05-18 09:30:00-04:00,0.7749999761581421,0.7950000166893005,0.7599999904632568,0.7699999809265137,71957,0.0,0.0
2023-05-18 10:30:00-04:00,0.7616000175476074,0.7699990272521973,0.7501009702682495,0.7549999952316284,49812,0.0,0.0
2023-05-18 11:30:00-04:00,0.7570000290870667,0.7699999809265137,0.7570000290870667,0.7574999928474426,22999,0.0,0.0
2023-05-18 12:30:00-04:00,0.7573000192642212,0.7649000287055969,0.7548999786376953,0.7649000287055969,15298,0.0,0.0
2023-05-18 13:30:00-04:00,0.7699999809265137,0.7770000100135803,0.7562999725341797,0.7768999934196472,16966,0.0,0.0
2023-05-18 14:30:00-04:00,0.7700009942054749,0.7770000100135803,0.7649999856948853,0.7699999809265137,10523,0.0,0.0
2023-05-18 15:30:00-04:00,0.7770000100135803,0.7799999713897705,0.7699999809265137,0.776199996471405,18193,0.0,0.0
2023-05-19 09:30:00-04:00,0.789900004863739,0.789900004863739,0.760200023651123,0.7623000144958496,50997,0.0,0.0
2023-05-19 10:30:00-04:00,0.762499988079071,0.7699999809265137,0.755299985408783,0.755299985408783,35406,0.0,0.0
2023-05-19 11:30:00-04:00,0.7590000033378601,0.7683990001678467,0.7566310167312622,0.7678999900817871,22855,0.0,0.0
2023-05-19 12:30:00-04:00,0.7678999900817871,0.7678999900817871,0.757099986076355,0.7599999904632568,17593,0.0,0.0
2023-05-19 13:30:00-04:00,0.7627000212669373,0.7694000005722046,0.7599999904632568,0.7692999839782715,22887,0.0,0.0
2023-05-19 14:30:00-04:00,0.7698000073432922,0.7724000215530396,0.7613999843597412,0.767799973487854,20689,0.0,0.0
2023-05-19 15:30:00-04:00,0.7613000273704529,0.7777000069618225,0.7613000273704529,0.7777000069618225,25338,0.0,0.0
2023-05-22 09:30:00-04:00,0.7651000022888184,0.7799000144004822,0.75,0.75,76313,0.0,0.0
2023-05-22 10:30:00-04:00,0.7525010108947754,0.7649999856948853,0.75,0.75,44683,0.0,0.0
2023-05-22 11:30:00-04:00,0.753000020980835,0.76419997215271,0.75,0.7550410032272339,28472,0.0,0.0
2023-05-22 12:30:00-04:00,0.7549999952316284,0.7598999738693237,0.7501000165939331,0.7598999738693237,15747,0.0,0.0
2023-05-22 13:30:00-04:00,0.753000020980835,0.7563999891281128,0.75,0.7516999840736389,30657,0.0,0.0
2023-05-22 14:30:00-04:00,0.751800000667572,0.7595000267028809,0.75,0.75,8845,0.0,0.0
2023-05-22 15:30:00-04:00,0.75,0.7699999809265137,0.75,0.7649999856948853,0,0.0,0.0
2023-05-23 09:30:00-04:00,0.7699999809265137,0.7699999809265137,0.7455999851226807,0.7699999809265137,90977,0.0,0.0
2023-05-23 10:30:00-04:00,0.7650499939918518,0.7699999809265137,0.7599999904632568,0.7599999904632568,23122,0.0,0.0
2023-05-23 11:30:00-04:00,0.7599999904632568,0.769599974155426,0.7599999904632568,0.7599999904632568,5711,0.0,0.0
2023-05-23 12:30:00-04:00,0.7627000212669373,0.7627000212669373,0.7599999904632568,0.7599999904632568,8280,0.0,0.0
2023-05-23 13:30:00-04:00,0.7623000144958496,0.7623000144958496,0.7409999966621399,0.7516999840736389,78962,0.0,0.0
2023-05-23 14:30:00-04:00,0.7552000284194946,0.7585999965667725,0.7501000165939331,0.7502999901771545,12634,0.0,0.0
2023-05-23 15:30:00-04:00,0.7542039752006531,0.7641760110855103,0.7508999705314636,0.7605999708175659,0,0.0,0.0
2023-05-24 09:30:00-04:00,0.7523000240325928,0.7695000171661377,0.7404999732971191,0.7409999966621399,93937,0.0,0.0
2023-05-24 10:30:00-04:00,0.7511000037193298,0.7511000037193298,0.6500999927520752,0.7149999737739563,143934,0.0,0.0
2023-05-24 11:30:00-04:00,0.7199000120162964,0.7297989726066589,0.710099995136261,0.7269999980926514,47893,0.0,0.0
2023-05-24 12:30:00-04:00,0.7269999980926514,0.7269999980926514,0.710099995136261,0.7239000201225281,9156,0.0,0.0
2023-05-24 13:30:00-04:00,0.7235000133514404,0.7239999771118164,0.7210000157356262,0.722000002861023,8541,0.0,0.0
2023-05-24 14:30:00-04:00,0.7210000157356262,0.7300000190734863,0.7200000286102295,0.7299000024795532,42017,0.0,0.0
2023-05-24 15:30:00-04:00,0.7289999723434448,0.7445999979972839,0.7275000214576721,0.7361000180244446,0,0.0,0.0
2023-05-25 09:30:00-04:00,0.7400000095367432,0.7400000095367432,0.6899999976158142,0.7080000042915344,72070,0.0,0.0
2023-05-25 10:30:00-04:00,0.699999988079071,0.7110000252723694,0.6951000094413757,0.7024999856948853,19011,0.0,0.0
2023-05-25 11:30:00-04:00,0.7055500149726868,0.7055500149726868,0.6922000050544739,0.7049000263214111,13578,0.0,0.0
2023-05-25 12:30:00-04:00,0.6951010227203369,0.7114999890327454,0.6949999928474426,0.7098990082740784,14874,0.0,0.0
2023-05-25 13:30:00-04:00,0.7064989805221558,0.7074000239372253,0.699999988079071,0.7074000239372253,6580,0.0,0.0
2023-05-25 14:30:00-04:00,0.7074000239372253,0.7074000239372253,0.699999988079071,0.7032999992370605,5589,0.0,0.0
2023-05-25 15:30:00-04:00,0.7067000269889832,0.7095000147819519,0.7009999752044678,0.7095000147819519,0,0.0,0.0
2023-05-26 09:30:00-04:00,0.7074999809265137,0.7149999737739563,0.699999988079071,0.7001010179519653,41373,0.0,0.0
2023-05-26 10:30:00-04:00,0.7074999809265137,0.7074999809265137,0.699999988079071,0.7049000263214111,15827,0.0,0.0
2023-05-26 11:30:00-04:00,0.7028999924659729,0.7049000263214111,0.6811000108718872,0.6826000213623047,64955,0.0,0.0
2023-05-26 12:30:00-04:00,0.6894000172615051,0.7025989890098572,0.684499979019165,0.699999988079071,19420,0.0,0.0
2023-05-26 13:30:00-04:00,0.699999988079071,0.7025150060653687,0.6869009733200073,0.699999988079071,10639,0.0,0.0
2023-05-26 14:30:00-04:00,0.6909999847412109,0.7099000215530396,0.6909999847412109,0.7099000215530396,16183,0.0,0.0
2023-05-26 15:30:00-04:00,0.7099000215530396,0.7400000095367432,0.6991999745368958,0.7250000238418579,33134,0.0,0.0
2023-05-30 09:30:00-04:00,0.7200000286102295,0.7200000286102295,0.7001000046730042,0.7069000005722046,65392,0.0,0.0
2023-05-30 10:30:00-04:00,0.7099999785423279,0.7139989733695984,0.7009999752044678,0.703000009059906,36488,0.0,0.0
2023-05-30 11:30:00-04:00,0.7093999981880188,0.7095000147819519,0.703000009059906,0.7095000147819519,6535,0.0,0.0
2023-05-30 12:30:00-04:00,0.7084000110626221,0.7196000218391418,0.7067999839782715,0.710099995136261,16084,0.0,0.0
2023-05-30 13:30:00-04:00,0.7149999737739563,0.7149999737739563,0.7039999961853027,0.7099999785423279,33547,0.0,0.0
2023-05-30 14:30:00-04:00,0.7102000117301941,0.7200000286102295,0.710099995136261,0.7102000117301941,5423,0.0,0.0
2023-05-30 15:30:00-04:00,0.710099995136261,0.7250499725341797,0.710099995136261,0.7250000238418579,0,0.0,0.0
2023-05-31 09:30:00-04:00,0.7400000095367432,0.7400000095367432,0.7071999907493591,0.7179999947547913,29638,0.0,0.0
2023-05-31 10:30:00-04:00,0.718500018119812,0.7400000095367432,0.7179999947547913,0.7289999723434448,74663,0.0,0.0
2023-05-31 11:30:00-04:00,0.7182000279426575,0.7200000286102295,0.7181000113487244,0.7181000113487244,4289,0.0,0.0
2023-05-31 12:30:00-04:00,0.7235000133514404,0.7289000153541565,0.7099999785423279,0.7289000153541565,9063,0.0,0.0
2023-05-31 13:30:00-04:00,0.7289999723434448,0.7289999723434448,0.7071999907493591,0.7261999845504761,13887,0.0,0.0
2023-05-31 14:30:00-04:00,0.7103999853134155,0.7170000076293945,0.7005000114440918,0.7093999981880188,18943,0.0,0.0
2023-05-31 15:30:00-04:00,0.7051010131835938,0.7276999950408936,0.7051010131835938,0.7195000052452087,0,0.0,0.0
2023-06-01 09:30:00-04:00,0.7099999785423279,0.7149999737739563,0.699999988079071,0.7146999835968018,58149,0.0,0.0
2023-06-01 10:30:00-04:00,0.7139469981193542,0.7148000001907349,0.7099999785423279,0.7148000001907349,10233,0.0,0.0
2023-06-01 11:30:00-04:00,0.7128999829292297,0.7200999855995178,0.7110000252723694,0.7200000286102295,28107,0.0,0.0
2023-06-01 12:30:00-04:00,0.7149999737739563,0.7200000286102295,0.7149999737739563,0.7149999737739563,4520,0.0,0.0
2023-06-01 13:30:00-04:00,0.7149999737739563,0.7199000120162964,0.7149999737739563,0.7149999737739563,8227,0.0,0.0
2023-06-01 14:30:00-04:00,0.7149999737739563,0.7247999906539917,0.7149999737739563,0.7200000286102295,55422,0.0,0.0
2023-06-01 15:30:00-04:00,0.7200000286102295,0.7289000153541565,0.7200000286102295,0.7200000286102295,0,0.0,0.0
2023-06-02 09:30:00-04:00,0.7149999737739563,0.75,0.7149999737739563,0.7369999885559082,117593,0.0,0.0
2023-06-02 10:30:00-04:00,0.7369999885559082,0.7649000287055969,0.7369999885559082,0.7549999952316284,58022,0.0,0.0
2023-06-02 11:30:00-04:00,0.7598999738693237,0.7599999904632568,0.7400000095367432,0.7400000095367432,13008,0.0,0.0
2023-06-02 12:30:00-04:00,0.7409999966621399,0.7409999966621399,0.715499997138977,0.715499997138977,16213,0.0,0.0
2023-06-02 13:30:00-04:00,0.7300000190734863,0.7300000190734863,0.7177000045776367,0.7178009748458862,8530,0.0,0.0
2023-06-02 14:30:00-04:00,0.7300000190734863,0.75,0.7300000190734863,0.7376000285148621,21450,0.0,0.0
2023-06-02 15:30:00-04:00,0.7300999760627747,0.7376009821891785,0.7199000120162964,0.7199000120162964,9092,0.0,0.0
2023-06-05 09:30:00-04:00,0.7200000286102295,0.7319999933242798,0.7099999785423279,0.7110000252723694,60123,0.0,0.0
2023-06-05 10:30:00-04:00,0.7110000252723694,0.7110999822616577,0.7110000252723694,0.7110000252723694,1304,0.0,0.0
2023-06-05 11:30:00-04:00,0.729200005531311,0.729200005531311,0.713100016117096,0.7271999716758728,3746,0.0,0.0
2023-06-05 12:30:00-04:00,0.7149999737739563,0.7372999787330627,0.7114999890327454,0.7279999852180481,10914,0.0,0.0
2023-06-05 13:30:00-04:00,0.7321000099182129,0.7321000099182129,0.7200999855995178,0.7239999771118164,11947,0.0,0.0
2023-06-05 14:30:00-04:00,0.7348999977111816,0.75,0.7120000123977661,0.7285500168800354,48101,0.0,0.0
2023-06-05 15:30:00-04:00,0.7447999715805054,0.7447999715805054,0.7250000238418579,0.7379999756813049,27086,0.0,0.0
2023-06-06 09:30:00-04:00,0.7261999845504761,0.75,0.7200000286102295,0.7202000021934509,23248,0.0,0.0
2023-06-06 10:30:00-04:00,0.7242000102996826,0.7488999962806702,0.7200999855995178,0.7210000157356262,21870,0.0,0.0
2023-06-06 11:30:00-04:00,0.7400000095367432,0.7400000095367432,0.7210000157356262,0.7264999747276306,7964,0.0,0.0
2023-06-06 12:30:00-04:00,0.7389000058174133,0.7389000058174133,0.7264999747276306,0.7300000190734863,9441,0.0,0.0
2023-06-06 13:30:00-04:00,0.7300000190734863,0.7487999796867371,0.7264999747276306,0.7264999747276306,19090,0.0,0.0
2023-06-06 14:30:00-04:00,0.7379999756813049,0.7398999929428101,0.7350000143051147,0.7398999929428101,3787,0.0,0.0
2023-06-06 15:30:00-04:00,0.731535017490387,0.7379999756813049,0.7300000190734863,0.7350999712944031,5009,0.0,0.0
2023-06-07 09:30:00-04:00,0.7300000190734863,0.742900013923645,0.7300000190734863,0.7400000095367432,21796,0.0,0.0
2023-06-07 10:30:00-04:00,0.7300000190734863,0.7479000091552734,0.7250000238418579,0.737500011920929,9424,0.0,0.0
2023-06-07 11:30:00-04:00,0.7353000044822693,0.7379999756813049,0.7300000190734863,0.734000027179718,21952,0.0,0.0
2023-06-07 12:30:00-04:00,0.7300000190734863,0.7379990220069885,0.7300000190734863,0.7379990220069885,10248,0.0,0.0
2023-06-07 13:30:00-04:00,0.7394999861717224,0.7394999861717224,0.734000027179718,0.7394999861717224,5404,0.0,0.0
2023-06-07 14:30:00-04:00,0.7300000190734863,0.7394000291824341,0.7300000190734863,0.7394000291824341,897,0.0,0.0
2023-06-07 15:30:00-04:00,0.7390000224113464,0.75,0.7387999892234802,0.7398999929428101,14144,0.0,0.0
2023-06-08 09:30:00-04:00,0.7400000095367432,0.75,0.7300000190734863,0.7300000190734863,17527,0.0,0.0
2023-06-08 10:30:00-04:00,0.7394000291824341,0.7450000047683716,0.7300000190734863,0.7409999966621399,11402,0.0,0.0
2023-06-08 11:30:00-04:00,0.7300000190734863,0.7477999925613403,0.7300000190734863,0.7477999925613403,9232,0.0,0.0
2023-06-08 12:30:00-04:00,0.7389500141143799,0.7479000091552734,0.7300000190734863,0.7357000112533569,10605,0.0,0.0
2023-06-08 13:30:00-04:00,0.7338500022888184,0.75,0.7338500022888184,0.7480000257492065,5429,0.0,0.0
2023-06-08 14:30:00-04:00,0.7459999918937683,0.7498999834060669,0.7350000143051147,0.7480000257492065,5215,0.0,0.0
2023-06-08 15:30:00-04:00,0.7498999834060669,0.75,0.7350999712944031,0.7350999712944031,0,0.0,0.0
2023-06-09 09:30:00-04:00,0.7599999904632568,0.7599999904632568,0.7304999828338623,0.7305999994277954,9229,0.0,0.0
2023-06-09 10:30:00-04:00,0.7355999946594238,0.7400000095367432,0.7250000238418579,0.7390000224113464,11202,0.0,0.0
2023-06-09 11:30:00-04:00,0.7252500057220459,0.7254999876022339,0.7229999899864197,0.7239000201225281,8024,0.0,0.0
2023-06-09 12:30:00-04:00,0.7247999906539917,0.739799976348877,0.7229999899864197,0.7231000065803528,3115,0.0,0.0
2023-06-09 13:30:00-04:00,0.7300000190734863,0.7304999828338623,0.7229999899864197,0.7304999828338623,7881,0.0,0.0
2023-06-09 14:30:00-04:00,0.7301009893417358,0.7329999804496765,0.7300000190734863,0.7329999804496765,7053,0.0,0.0
2023-06-09 15:30:00-04:00,0.7335000038146973,0.757099986076355,0.7300000190734863,0.7300999760627747,9056,0.0,0.0
2023-06-12 09:30:00-04:00,0.7300999760627747,0.7300999760627747,0.7099999785423279,0.7149999737739563,46298,0.0,0.0
2023-06-12 10:30:00-04:00,0.7200999855995178,0.7300000190734863,0.7059999704360962,0.7059999704360962,27112,0.0,0.0
2023-06-12 11:30:00-04:00,0.7111999988555908,0.7226999998092651,0.7071009874343872,0.7200999855995178,15420,0.0,0.0
2023-06-12 12:30:00-04:00,0.7099999785423279,0.7200000286102295,0.7099999785423279,0.7134209871292114,2686,0.0,0.0
2023-06-12 13:30:00-04:00,0.7200000286102295,0.7200000286102295,0.7099999785423279,0.7102010250091553,1889,0.0,0.0
2023-06-12 14:30:00-04:00,0.7099999785423279,0.7109000086784363,0.7099999785423279,0.7109000086784363,10489,0.0,0.0
2023-06-12 15:30:00-04:00,0.7109000086784363,0.7297000288963318,0.7109000086784363,0.7149999737739563,0,0.0,0.0
2023-06-13 09:30:00-04:00,0.7149999737739563,0.7494999766349792,0.7050999999046326,0.7150999903678894,35506,0.0,0.0
2023-06-13 10:30:00-04:00,0.7200000286102295,0.7392629981040955,0.7150999903678894,0.7300000190734863,33029,0.0,0.0
2023-06-13 11:30:00-04:00,0.7350000143051147,0.7400000095367432,0.7150999903678894,0.7400000095367432,12793,0.0,0.0
2023-06-13 12:30:00-04:00,0.7398999929428101,0.7400000095367432,0.7200000286102295,0.7400000095367432,5426,0.0,0.0
2023-06-13 13:30:00-04:00,0.7400000095367432,0.7422999739646912,0.7200999855995178,0.7300000190734863,15056,0.0,0.0
2023-06-13 14:30:00-04:00,0.7351999878883362,0.7400000095367432,0.7150999903678894,0.7200000286102295,10749,0.0,0.0
2023-06-13 15:30:00-04:00,0.7377989888191223,0.7378000020980835,0.7300000190734863,0.7315000295639038,0,0.0,0.0
2023-06-14 09:30:00-04:00,0.7267000079154968,0.7400000095367432,0.7200000286102295,0.7394499778747559,20997,0.0,0.0
2023-06-14 10:30:00-04:00,0.7397000193595886,0.7397000193595886,0.7300000190734863,0.7300999760627747,10570,0.0,0.0
2023-06-14 11:30:00-04:00,0.7350000143051147,0.7379999756813049,0.7200999855995178,0.7202000021934509,13930,0.0,0.0
2023-06-14 12:30:00-04:00,0.7300000190734863,0.7300000190734863,0.7200000286102295,0.7300000190734863,26560,0.0,0.0
2023-06-14 13:30:00-04:00,0.7300000190734863,0.7300000190734863,0.7195000052452087,0.7278000116348267,6686,0.0,0.0
2023-06-14 14:30:00-04:00,0.7250000238418579,0.7276999950408936,0.7149999737739563,0.7276999950408936,10860,0.0,0.0
2023-06-14 15:30:00-04:00,0.7287999987602234,0.7379999756813049,0.7287999987602234,0.7379999756813049,3280,0.0,0.0
2023-06-15 09:30:00-04:00,0.7275000214576721,0.7378000020980835,0.7149999737739563,0.7378000020980835,27038,0.0,0.0
2023-06-15 10:30:00-04:00,0.7300000190734863,0.7300999760627747,0.7149999737739563,0.7149999737739563,23184,0.0,0.0
2023-06-15 11:30:00-04:00,0.7149999737739563,0.7271260023117065,0.7149999737739563,0.7149999737739563,14750,0.0,0.0
2023-06-15 12:30:00-04:00,0.7151010036468506,0.72079998254776,0.7149999737739563,0.7189000248908997,5231,0.0,0.0
2023-06-15 13:30:00-04:00,0.7149999737739563,0.7228000164031982,0.7149999737739563,0.7149999737739563,10148,0.0,0.0
2023-06-15 14:30:00-04:00,0.7150999903678894,0.7300000190734863,0.7149999737739563,0.7149999737739563,4131,0.0,0.0
2023-06-15 15:30:00-04:00,0.7150999903678894,0.7300000190734863,0.7149999737739563,0.715399980545044,0,0.0,0.0
2023-06-16 09:30:00-04:00,0.7297000288963318,0.7297000288963318,0.7099999785423279,0.7186999917030334,60126,0.0,0.0
2023-06-16 10:30:00-04:00,0.7200000286102295,0.7241510152816772,0.7149999737739563,0.7239999771118164,13025,0.0,0.0
2023-06-16 11:30:00-04:00,0.7239000201225281,0.7239000201225281,0.7050999999046326,0.70660001039505,22996,0.0,0.0
2023-06-16 12:30:00-04:00,0.7099999785423279,0.7239999771118164,0.7099999785423279,0.710099995136261,5915,0.0,0.0
2023-06-16 13:30:00-04:00,0.7239999771118164,0.7239999771118164,0.7099999785423279,0.7099999785423279,17918,0.0,0.0
2023-06-16 14:30:00-04:00,0.7099999785423279,0.7300000190734863,0.6901999711990356,0.6988000273704529,54050,0.0,0.0
2023-06-16 15:30:00-04:00,0.6996999979019165,0.7299000024795532,0.6919999718666077,0.7005000114440918,22455,0.0,0.0
2023-06-20 09:30:00-04:00,0.699999988079071,0.7099999785423279,0.6704999804496765,0.6705999970436096,36627,0.0,0.0
2023-06-20 10:30:00-04:00,0.6710000038146973,0.67330002784729,0.6500999927520752,0.6520000100135803,31059,0.0,0.0
2023-06-20 11:30:00-04:00,0.659600019454956,0.6699000000953674,0.6499999761581421,0.6653000116348267,134082,0.0,0.0
2023-06-20 12:30:00-04:00,0.6699000000953674,0.6700999736785889,0.6654000282287598,0.6688010096549988,11060,0.0,0.0
2023-06-20 13:30:00-04:00,0.6789000034332275,0.6789000034332275,0.6697999835014343,0.6700000166893005,6152,0.0,0.0
2023-06-20 14:30:00-04:00,0.6898999810218811,0.6898999810218811,0.6704999804496765,0.6753000020980835,6098,0.0,0.0
2023-06-20 15:30:00-04:00,0.671284019947052,0.6800000071525574,0.6700000166893005,0.6700000166893005,6840,0.0,0.0
2023-06-21 09:30:00-04:00,0.6550999879837036,0.673799991607666,0.6499999761581421,0.6557000279426575,68749,0.0,0.0
2023-06-21 10:30:00-04:00,0.652999997138977,0.6549509763717651,0.6412000060081482,0.6510000228881836,72356,0.0,0.0
2023-06-21 11:30:00-04:00,0.6834999918937683,0.6834999918937683,0.651199996471405,0.6692000031471252,5385,0.0,0.0
2023-06-21 12:30:00-04:00,0.6693000197410583,0.6800000071525574,0.6620000004768372,0.6710000038146973,40517,0.0,0.0
2023-06-21 13:30:00-04:00,0.6710000038146973,0.6895999908447266,0.6620000004768372,0.6700000166893005,27443,0.0,0.0
2023-06-21 14:30:00-04:00,0.6800000071525574,0.6848999857902527,0.6650999784469604,0.6740000247955322,28254,0.0,0.0
2023-06-21 15:30:00-04:00,0.6753000020980835,0.6794999837875366,0.6621000170707703,0.6741499900817871,17241,0.0,0.0
2023-06-22 09:30:00-04:00,0.6700509786605835,0.6700509786605835,0.6502000093460083,0.6520000100135803,13501,0.0,0.0
2023-06-22 10:30:00-04:00,0.6520000100135803,0.678600013256073,0.6500999927520752,0.6718999743461609,5095,0.0,0.0
2023-06-22 11:30:00-04:00,0.6662489771842957,0.699999988079071,0.6604999899864197,0.6890000104904175,60016,0.0,0.0
2023-06-22 12:30:00-04:00,0.6887999773025513,0.699999988079071,0.6769999861717224,0.6825000047683716,12709,0.0,0.0
2023-06-22 13:30:00-04:00,0.6899999976158142,0.7200000286102295,0.6850000023841858,0.7200000286102295,22491,0.0,0.0
2023-06-22 14:30:00-04:00,0.7149999737739563,0.7154499888420105,0.7099999785423279,0.7154499888420105,5730,0.0,0.0
2023-06-22 15:30:00-04:00,0.7111999988555908,0.7371000051498413,0.710099995136261,0.7101010084152222,0,0.0,0.0
2023-06-23 09:30:00-04:00,0.7099999785423279,0.7099999785423279,0.6870999932289124,0.6870999932289124,16819,0.0,0.0
2023-06-23 10:30:00-04:00,0.6990000009536743,0.6990000009536743,0.6859999895095825,0.6859999895095825,3280,0.0,0.0
2023-06-23 11:30:00-04:00,0.699999988079071,0.7069000005722046,0.6859999895095825,0.6912000179290771,74426,0.0,0.0
2023-06-23 12:30:00-04:00,0.6931999921798706,0.7099999785423279,0.6800000071525574,0.7053999900817871,16920,0.0,0.0
2023-06-23 13:30:00-04:00,0.7053999900817871,0.7053999900817871,0.7053999900817871,0.7053999900817871,152,0.0,0.0
2023-06-23 14:30:00-04:00,0.7099999785423279,0.7099999785423279,0.7024999856948853,0.7042999863624573,1218,0.0,0.0
2023-06-23 15:30:00-04:00,0.6987000107765198,0.722000002861023,0.6963000297546387,0.710099995136261,7802,0.0,0.0
2023-06-26 09:30:00-04:00,0.7099999785423279,0.7145000100135803,0.6800000071525574,0.7074000239372253,23107,0.0,0.0
2023-06-26 10:30:00-04:00,0.7099999785423279,0.718999981880188,0.6801000237464905,0.6801000237464905,23533,0.0,0.0
2023-06-26 11:30:00-04:00,0.68020099401474,0.7139999866485596,0.68020099401474,0.6904000043869019,5757,0.0,0.0
2023-06-26 12:30:00-04:00,0.7045009732246399,0.7139999866485596,0.699999988079071,0.7099999785423279,9177,0.0,0.0
2023-06-26 13:30:00-04:00,0.7120000123977661,0.7200000286102295,0.7070000171661377,0.7070000171661377,20841,0.0,0.0
2023-06-26 14:30:00-04:00,0.7099999785423279,0.7400000095367432,0.7095000147819519,0.7300000190734863,34455,0.0,0.0
2023-06-26 15:30:00-04:00,0.7300000190734863,0.7400000095367432,0.7200999855995178,0.7200999855995178,0,0.0,0.0
2023-06-27 09:30:00-04:00,0.7099999785423279,0.7289999723434448,0.6899999976158142,0.7042999863624573,38973,0.0,0.0
2023-06-27 10:30:00-04:00,0.7099999785423279,0.7099999785423279,0.6909999847412109,0.6980000138282776,2831,0.0,0.0
2023-06-27 11:30:00-04:00,0.6952999830245972,0.6955010294914246,0.6850000023841858,0.6881009936332703,36270,0.0,0.0
2023-06-27 12:30:00-04:00,0.6990000009536743,0.6990000009536743,0.6990000009536743,0.6990000009536743,384,0.0,0.0
2023-06-27 13:30:00-04:00,0.6990000009536743,0.6990000009536743,0.6916000247001648,0.6990000009536743,5278,0.0,0.0
2023-06-27 14:30:00-04:00,0.6988999843597412,0.7049999833106995,0.6916000247001648,0.6916000247001648,14332,0.0,0.0
2023-06-27 15:30:00-04:00,0.7099999785423279,0.7099999785423279,0.6916000247001648,0.6916000247001648,0,0.0,0.0
2023-06-28 09:30:00-04:00,0.6772000193595886,0.6899999976158142,0.6711999773979187,0.6805999875068665,10556,0.0,0.0
2023-06-28 10:30:00-04:00,0.6801999807357788,0.6899999976158142,0.6801000237464905,0.6801000237464905,9803,0.0,0.0
2023-06-28 11:30:00-04:00,0.694599986076355,0.7099000215530396,0.694599986076355,0.7023000121116638,8307,0.0,0.0
2023-06-28 13:30:00-04:00,0.6951000094413757,0.6951000094413757,0.6899999976158142,0.6901000142097473,7547,0.0,0.0
2023-06-28 14:30:00-04:00,0.6901000142097473,0.6901000142097473,0.6899999976158142,0.6899999976158142,1921,0.0,0.0
2023-06-28 15:30:00-04:00,0.6900010108947754,0.7210000157356262,0.6899999976158142,0.7210000157356262,0,0.0,0.0
2023-06-29 09:30:00-04:00,0.7200000286102295,0.7400000095367432,0.699999988079071,0.7300000190734863,24209,0.0,0.0
2023-06-29 10:30:00-04:00,0.7200000286102295,0.7400000095367432,0.7200000286102295,0.7400000095367432,23529,0.0,0.0
2023-06-29 11:30:00-04:00,0.7319999933242798,0.7400000095367432,0.7189679741859436,0.7400000095367432,13039,0.0,0.0
2023-06-29 12:30:00-04:00,0.7253000140190125,0.7400000095367432,0.7124000191688538,0.7192000150680542,12609,0.0,0.0
2023-06-29 13:30:00-04:00,0.7400000095367432,0.7400000095367432,0.7179999947547913,0.7253999710083008,8261,0.0,0.0
2023-06-29 14:30:00-04:00,0.7300000190734863,0.7400000095367432,0.725600004196167,0.7400000095367432,12410,0.0,0.0
2023-06-29 15:30:00-04:00,0.7400000095367432,0.7400000095367432,0.7099999785423279,0.7099999785423279,0,0.0,0.0
2023-06-30 09:30:00-04:00,0.7089999914169312,0.7089999914169312,0.6620000004768372,0.699999988079071,77922,0.0,0.0
2023-06-30 10:30:00-04:00,0.6899999976158142,0.699999988079071,0.6800000071525574,0.6899999976158142,7358,0.0,0.0
2023-06-30 11:30:00-04:00,0.6880000233650208,0.6998000144958496,0.6809999942779541,0.6998000144958496,1746,0.0,0.0
2023-06-30 12:30:00-04:00,0.6904500126838684,0.6998000144958496,0.6801000237464905,0.6998000144958496,20786,0.0,0.0
2023-06-30 13:30:00-04:00,0.6998000144958496,0.699999988079071,0.6801000237464905,0.6974999904632568,4259,0.0,0.0
2023-06-30 14:30:00-04:00,0.7049999833106995,0.7049999833106995,0.6801000237464905,0.6801999807357788,21385,0.0,0.0
2023-06-30 15:30:00-04:00,0.685699999332428,0.7069000005722046,0.6801000237464905,0.7038000226020813,5566,0.0,0.0
2023-07-03 09:30:00-04:00,0.7070000171661377,0.7246000170707703,0.6899999976158142,0.691100001335144,16733,0.0,0.0
2023-07-03 10:30:00-04:00,0.691100001335144,0.6998000144958496,0.691100001335144,0.691100001335144,9481,0.0,0.0
2023-07-03 11:30:00-04:00,0.691100001335144,0.7200000286102295,0.691100001335144,0.7139999866485596,5528,0.0,0.0
2023-07-05 09:30:00-04:00,0.7199000120162964,0.7296000123023987,0.699999988079071,0.7001000046730042,8401,0.0,0.0
2023-07-05 10:30:00-04:00,0.7099000215530396,0.7296000123023987,0.7001000046730042,0.7099999785423279,27221,0.0,0.0
2023-07-05 11:30:00-04:00,0.7199000120162964,0.7199000120162964,0.710099995136261,0.7199000120162964,1866,0.0,0.0
2023-07-05 12:30:00-04:00,0.7199000120162964,0.7199000120162964,0.699999988079071,0.7009999752044678,21701,0.0,0.0
2023-07-05 13:30:00-04:00,0.7020000219345093,0.7199000120162964,0.699999988079071,0.7197989821434021,10961,0.0,0.0
2023-07-05 14:30:00-04:00,0.7023000121116638,0.7199000120162964,0.699999988079071,0.7199000120162964,2403,0.0,0.0
2023-07-05 15:30:00-04:00,0.7049999833106995,0.7199000120162964,0.699999988079071,0.7199000120162964,0,0.0,0.0
2023-07-06 09:30:00-04:00,0.7290999889373779,0.7297999858856201,0.6902999877929688,0.7297999858856201,0,0.0,0.0
2023-07-06 10:30:00-04:00,0.7021999955177307,0.7297000288963318,0.690500020980835,0.6905999779701233,25378,0.0,0.0
2023-07-06 11:30:00-04:00,0.6951000094413757,0.7120000123977661,0.6922000050544739,0.7120000123977661,19932,0.0,0.0
2023-07-06 12:30:00-04:00,0.7017999887466431,0.7289000153541565,0.7017999887466431,0.7289000153541565,1333,0.0,0.0
2023-07-06 13:30:00-04:00,0.7258579730987549,0.7258579730987549,0.7258579730987549,0.7258579730987549,201,0.0,0.0
2023-07-06 14:30:00-04:00,0.7057369947433472,0.7257000207901001,0.7057369947433472,0.7149999737739563,1123,0.0,0.0
2023-07-06 15:30:00-04:00,0.7003009915351868,0.7257999777793884,0.7003009915351868,0.7257999777793884,0,0.0,0.0
2023-07-07 09:30:00-04:00,0.6952000260353088,0.7400000095367432,0.6800000071525574,0.7020000219345093,31464,0.0,0.0
2023-07-07 10:30:00-04:00,0.7059999704360962,0.7059999704360962,0.7045000195503235,0.7045000195503235,1033,0.0,0.0
2023-07-07 11:30:00-04:00,0.7239000201225281,0.7239000201225281,0.7003999948501587,0.7003999948501587,2090,0.0,0.0
2023-07-07 12:30:00-04:00,0.7002999782562256,0.7229999899864197,0.7002999782562256,0.7002999782562256,11140,0.0,0.0
2023-07-07 13:30:00-04:00,0.7045000195503235,0.7089999914169312,0.7002999782562256,0.7068390250205994,1235,0.0,0.0
2023-07-07 14:30:00-04:00,0.7009999752044678,0.7099999785423279,0.6899999976158142,0.6899999976158142,8371,0.0,0.0
2023-07-07 15:30:00-04:00,0.699999988079071,0.7099000215530396,0.6899999976158142,0.6949999928474426,9911,0.0,0.0
2023-07-10 09:30:00-04:00,0.7411999702453613,0.7411999702453613,0.6780999898910522,0.6901999711990356,43848,0.0,0.0
2023-07-10 10:30:00-04:00,0.7200000286102295,0.7200000286102295,0.699999988079071,0.7178000211715698,20027,0.0,0.0
2023-07-10 11:30:00-04:00,0.7150999903678894,0.7185999751091003,0.699999988079071,0.699999988079071,7239,0.0,0.0
2023-07-10 12:30:00-04:00,0.7184000015258789,0.7184000015258789,0.699999988079071,0.7184000015258789,2115,0.0,0.0
2023-07-10 13:30:00-04:00,0.7099999785423279,0.7099999785423279,0.7049999833106995,0.7049999833106995,4425,0.0,0.0
2023-07-10 14:30:00-04:00,0.7020999789237976,0.718999981880188,0.699999988079071,0.7189000248908997,10575,0.0,0.0
2023-07-10 15:30:00-04:00,0.7001000046730042,0.7168999910354614,0.6901999711990356,0.6920999884605408,17111,0.0,0.0
2023-07-11 09:30:00-04:00,0.7200000286102295,0.7411999702453613,0.6899999976158142,0.7300000190734863,299400,0.0,0.0
2023-07-11 10:30:00-04:00,0.7300000190734863,0.7379000186920166,0.7132999897003174,0.7379000186920166,13351,0.0,0.0
2023-07-11 11:30:00-04:00,0.7300000190734863,0.7300000190734863,0.7132999897003174,0.7299000024795532,7312,0.0,0.0
2023-07-11 12:30:00-04:00,0.7299000024795532,0.7299000024795532,0.7139999866485596,0.7200000286102295,14556,0.0,0.0
2023-07-11 13:30:00-04:00,0.7230010032653809,0.7289999723434448,0.7005500197410583,0.7200000286102295,7264,0.0,0.0
2023-07-11 14:30:00-04:00,0.7200000286102295,0.7200000286102295,0.7002000212669373,0.7006499767303467,4205,0.0,0.0
2023-07-11 15:30:00-04:00,0.7099999785423279,0.7200000286102295,0.6875,0.6890000104904175,0,0.0,0.0
2023-07-12 09:30:00-04:00,0.7023000121116638,0.7023000121116638,0.6531000137329102,0.675000011920929,101088,0.0,0.0
2023-07-12 10:30:00-04:00,0.6830000281333923,0.6951249837875366,0.6700000166893005,0.6940000057220459,56571,0.0,0.0
2023-07-12 11:30:00-04:00,0.6870499849319458,0.6919999718666077,0.6801000237464905,0.6819999814033508,2879,0.0,0.0
2023-07-12 12:30:00-04:00,0.6909999847412109,0.6909999847412109,0.6800000071525574,0.6800000071525574,9118,0.0,0.0
2023-07-12 13:30:00-04:00,0.6840000152587891,0.6919999718666077,0.6800000071525574,0.6800000071525574,2020,0.0,0.0
2023-07-12 14:30:00-04:00,0.6890000104904175,0.6898999810218811,0.6801000237464905,0.6887000203132629,3936,0.0,0.0
2023-07-12 15:30:00-04:00,0.6850000023841858,0.6887000203132629,0.6812000274658203,0.6849499940872192,0,0.0,0.0
2023-07-13 09:30:00-04:00,0.6895999908447266,0.6978999972343445,0.6802999973297119,0.6802999973297119,21721,0.0,0.0
2023-07-13 10:30:00-04:00,0.682699978351593,0.682699978351593,0.6700999736785889,0.6769999861717224,16870,0.0,0.0
2023-07-13 11:30:00-04:00,0.6711009740829468,0.6880000233650208,0.6711009740829468,0.6800000071525574,5707,0.0,0.0
2023-07-13 12:30:00-04:00,0.6898999810218811,0.6898999810218811,0.6800000071525574,0.6800000071525574,5002,0.0,0.0
2023-07-13 13:30:00-04:00,0.6800000071525574,0.6899999976158142,0.6800000071525574,0.6855000257492065,6693,0.0,0.0
2023-07-13 14:30:00-04:00,0.6880999803543091,0.6978999972343445,0.671500027179718,0.6826000213623047,47420,0.0,0.0
2023-07-13 15:30:00-04:00,0.6826000213623047,0.6970000267028809,0.6826000213623047,0.6909999847412109,0,0.0,0.0
2023-07-14 09:30:00-04:00,0.6909999847412109,0.6909999847412109,0.6797000169754028,0.6800000071525574,17947,0.0,0.0
2023-07-14 10:30:00-04:00,0.6818900108337402,0.684499979019165,0.6629999876022339,0.6629999876022339,11558,0.0,0.0
2023-07-14 11:30:00-04:00,0.6809999942779541,0.6809999942779541,0.6700000166893005,0.6759999990463257,16774,0.0,0.0
2023-07-14 12:30:00-04:00,0.6830000281333923,0.6945000290870667,0.6759999990463257,0.6929000020027161,4713,0.0,0.0
2023-07-14 13:30:00-04:00,0.6809999942779541,0.6929000020027161,0.6809999942779541,0.6929000020027161,1016,0.0,0.0
2023-07-14 14:30:00-04:00,0.6928989887237549,0.6928989887237549,0.6830000281333923,0.6840000152587891,7917,0.0,0.0
2023-07-14 15:30:00-04:00,0.680899977684021,0.6942999958992004,0.680899977684021,0.684499979019165,9076,0.0,0.0
2023-07-17 09:30:00-04:00,0.6862000226974487,0.6862999796867371,0.6780999898910522,0.6800000071525574,11132,0.0,0.0
2023-07-17 10:30:00-04:00,0.6800000071525574,0.6852999925613403,0.675000011920929,0.675000011920929,9819,0.0,0.0
2023-07-17 11:30:00-04:00,0.6751000285148621,0.6751000285148621,0.6620000004768372,0.6698989868164062,2577,0.0,0.0
2023-07-17 12:30:00-04:00,0.6700000166893005,0.6949999928474426,0.6632000207901001,0.6819999814033508,21675,0.0,0.0
2023-07-17 13:30:00-04:00,0.6819999814033508,0.6945000290870667,0.67010098695755,0.6832500100135803,865,0.0,0.0
2023-07-17 14:30:00-04:00,0.6945000290870667,0.6945000290870667,0.6747000217437744,0.6848000288009644,690,0.0,0.0
2023-07-17 15:30:00-04:00,0.6858000159263611,0.6901999711990356,0.675000011920929,0.6858999729156494,0,0.0,0.0
2023-07-18 09:30:00-04:00,0.6899999976158142,0.6899999976158142,0.675000011920929,0.6898999810218811,14508,0.0,0.0
2023-07-18 10:30:00-04:00,0.6783000230789185,0.6825000047683716,0.6783000230789185,0.679099977016449,12196,0.0,0.0
2023-07-18 11:30:00-04:00,0.6897000074386597,0.6897000074386597,0.6704999804496765,0.6704999804496765,13292,0.0,0.0
2023-07-18 12:30:00-04:00,0.6797999739646912,0.6797999739646912,0.6704999804496765,0.6766999959945679,5798,0.0,0.0
2023-07-18 13:30:00-04:00,0.6751000285148621,0.6894999742507935,0.6729000210762024,0.6894999742507935,2506,0.0,0.0
2023-07-18 14:30:00-04:00,0.675000011920929,0.6898999810218811,0.6715999841690063,0.6855000257492065,34468,0.0,0.0
2023-07-18 15:30:00-04:00,0.6717000007629395,0.6717000007629395,0.6717000007629395,0.6717000007629395,0,0.0,0.0
2023-07-19 09:30:00-04:00,0.6717000007629395,0.67330002784729,0.6699000000953674,0.6711999773979187,16458,0.0,0.0
2023-07-19 10:30:00-04:00,0.67330002784729,0.6898999810218811,0.6700000166893005,0.6850000023841858,103227,0.0,0.0
2023-07-19 11:30:00-04:00,0.6898000240325928,0.6898999810218811,0.6800000071525574,0.6800000071525574,13747,0.0,0.0
2023-07-19 12:30:00-04:00,0.6800000071525574,0.6898000240325928,0.6714000105857849,0.6804999709129333,10279,0.0,0.0
2023-07-19 13:30:00-04:00,0.6898000240325928,0.6898000240325928,0.6711999773979187,0.671999990940094,2748,0.0,0.0
2023-07-19 14:30:00-04:00,0.6898000240325928,0.6899999976158142,0.6712999939918518,0.671999990940094,15346,0.0,0.0
2023-07-19 15:30:00-04:00,0.6899999976158142,0.6899999976158142,0.6712999939918518,0.6812000274658203,0,0.0,0.0
2023-07-20 09:30:00-04:00,0.675000011920929,0.6897990107536316,0.6633999943733215,0.6755509972572327,32300,0.0,0.0
2023-07-20 10:30:00-04:00,0.6711000204086304,0.6800000071525574,0.6651999950408936,0.670199990272522,13479,0.0,0.0
2023-07-20 11:30:00-04:00,0.670199990272522,0.6750990152359009,0.6700000166893005,0.6700000166893005,8241,0.0,0.0
2023-07-20 12:30:00-04:00,0.675000011920929,0.675000011920929,0.6651999950408936,0.6717000007629395,11782,0.0,0.0
2023-07-20 13:30:00-04:00,0.6704000234603882,0.6708679795265198,0.6651999950408936,0.6700000166893005,1992,0.0,0.0
2023-07-20 14:30:00-04:00,0.6700000166893005,0.6700000166893005,0.6675999760627747,0.6675999760627747,2480,0.0,0.0
2023-07-20 15:30:00-04:00,0.6679999828338623,0.6800000071525574,0.666100025177002,0.6690999865531921,0,0.0,0.0
2023-07-21 09:30:00-04:00,0.6898999810218811,0.6898999810218811,0.6636000275611877,0.6650000214576721,15989,0.0,0.0
2023-07-21 10:30:00-04:00,0.6650000214576721,0.6700000166893005,0.6650000214576721,0.6650999784469604,11590,0.0,0.0
2023-07-21 11:30:00-04:00,0.6672999858856201,0.6890000104904175,0.6660000085830688,0.6660000085830688,6492,0.0,0.0
2023-07-21 12:30:00-04:00,0.6790000200271606,0.6800000071525574,0.6660000085830688,0.6669999957084656,11964,0.0,0.0
2023-07-21 13:30:00-04:00,0.6725999712944031,0.6790000200271606,0.6660000085830688,0.6668999791145325,6492,0.0,0.0
2023-07-21 14:30:00-04:00,0.6668999791145325,0.6779999732971191,0.6668999791145325,0.6700999736785889,3849,0.0,0.0
2023-07-21 15:30:00-04:00,0.6783999800682068,0.679099977016449,0.6700999736785889,0.6700999736785889,2086,0.0,0.0
2023-07-24 09:30:00-04:00,0.6899999976158142,0.6899999976158142,0.6500999927520752,0.6600000262260437,84160,0.0,0.0
2023-07-24 10:30:00-04:00,0.6600000262260437,0.6600000262260437,0.6507999897003174,0.6539999842643738,9003,0.0,0.0
2023-07-24 11:30:00-04:00,0.6520000100135803,0.6529989838600159,0.6450999975204468,0.6525999903678894,16331,0.0,0.0
2023-07-24 12:30:00-04:00,0.6524999737739563,0.6524999737739563,0.6480000019073486,0.6485999822616577,9737,0.0,0.0
2023-07-24 13:30:00-04:00,0.6499999761581421,0.6523990035057068,0.6481000185012817,0.6512500047683716,2204,0.0,0.0
2023-07-24 14:30:00-04:00,0.6499999761581421,0.6513000130653381,0.6399999856948853,0.640999972820282,18483,0.0,0.0
2023-07-24 15:30:00-04:00,0.6399999856948853,0.640500009059906,0.6301000118255615,0.6377999782562256,0,0.0,0.0
2023-07-25 09:30:00-04:00,0.6399999856948853,0.6399999856948853,0.6011000275611877,0.6146990060806274,59790,0.0,0.0
2023-07-25 10:30:00-04:00,0.6123989820480347,0.6279000043869019,0.6100000143051147,0.612500011920929,9110,0.0,0.0
2023-07-25 11:30:00-04:00,0.6200000047683716,0.6259999871253967,0.612500011920929,0.6230000257492065,5793,0.0,0.0
2023-07-25 12:30:00-04:00,0.6129999756813049,0.6298999786376953,0.6110000014305115,0.6200000047683716,14667,0.0,0.0
2023-07-25 13:30:00-04:00,0.6114000082015991,0.6156499981880188,0.6114000082015991,0.6114000082015991,2051,0.0,0.0
2023-07-25 14:30:00-04:00,0.6200000047683716,0.6299999952316284,0.6115000247955322,0.6299999952316284,8079,0.0,0.0
2023-07-25 15:30:00-04:00,0.6200000047683716,0.6299999952316284,0.6200000047683716,0.626800000667572,0,0.0,0.0
2023-07-26 09:30:00-04:00,0.6369990110397339,0.6369990110397339,0.6200000047683716,0.6299999952316284,5145,0.0,0.0
2023-07-26 10:30:00-04:00,0.6299999952316284,0.6299999952316284,0.6266999840736389,0.6266999840736389,744,0.0,0.0
2023-07-26 11:30:00-04:00,0.6299999952316284,0.6299999952316284,0.6299999952316284,0.6299999952316284,1131,0.0,0.0
2023-07-26 12:30:00-04:00,0.6249989867210388,0.6330000162124634,0.6249989867210388,0.6330000162124634,1227,0.0,0.0
2023-07-26 13:30:00-04:00,0.6329990029335022,0.6349999904632568,0.6201000213623047,0.6230000257492065,5488,0.0,0.0
2023-07-26 14:30:00-04:00,0.6348999738693237,0.6499999761581421,0.6201000213623047,0.621999979019165,37421,0.0,0.0
2023-07-26 15:30:00-04:00,0.6399000287055969,0.6399999856948853,0.625,0.6399999856948853,0,0.0,0.0
2023-07-27 09:30:00-04:00,0.6499999761581421,0.6499999761581421,0.6340000033378601,0.6340000033378601,6872,0.0,0.0
2023-07-27 10:30:00-04:00,0.6399999856948853,0.6399999856948853,0.6299999952316284,0.6301000118255615,3762,0.0,0.0
2023-07-27 11:30:00-04:00,0.6301000118255615,0.6399999856948853,0.6227999925613403,0.6227999925613403,14431,0.0,0.0
2023-07-27 12:30:00-04:00,0.6227999925613403,0.6299999952316284,0.6201000213623047,0.6299999952316284,7242,0.0,0.0
2023-07-27 13:30:00-04:00,0.6299999952316284,0.6299999952316284,0.6299999952316284,0.6299999952316284,746,0.0,0.0
2023-07-27 14:30:00-04:00,0.6299999952316284,0.6299999952316284,0.625,0.625,2147,0.0,0.0
2023-07-27 15:30:00-04:00,0.6299999952316284,0.6299999952316284,0.625,0.6299999952316284,0,0.0,0.0
2023-07-28 09:30:00-04:00,0.6200000047683716,0.6309999823570251,0.6100999712944031,0.6200000047683716,13412,0.0,0.0
2023-07-28 10:30:00-04:00,0.6200000047683716,0.6200000047683716,0.6198989748954773,0.6200000047683716,3949,0.0,0.0
2023-07-28 11:30:00-04:00,0.6200000047683716,0.622501015663147,0.6150000095367432,0.6150000095367432,4722,0.0,0.0
2023-07-28 12:30:00-04:00,0.6150000095367432,0.6248990297317505,0.611100971698761,0.6151009798049927,14241,0.0,0.0
2023-07-28 13:30:00-04:00,0.623399019241333,0.623399019241333,0.6100000143051147,0.6200000047683716,18348,0.0,0.0
2023-07-28 14:30:00-04:00,0.614998996257782,0.6299999952316284,0.6100000143051147,0.6250010132789612,5406,0.0,0.0
2023-07-28 15:30:00-04:00,0.6230000257492065,0.6399999856948853,0.6200000047683716,0.6399999856948853,4155,0.0,0.0
2023-07-31 09:30:00-04:00,0.6398000121116638,0.6398000121116638,0.6240000128746033,0.6299999952316284,14438,0.0,0.0
2023-07-31 10:30:00-04:00,0.6251999735832214,0.6299999952316284,0.6230000257492065,0.6290010213851929,7484,0.0,0.0
2023-07-31 11:30:00-04:00,0.6295999884605408,0.6399999856948853,0.6200000047683716,0.6200000047683716,10463,0.0,0.0
2023-07-31 12:30:00-04:00,0.625,0.6399989724159241,0.625,0.6399000287055969,26702,0.0,0.0
2023-07-31 13:30:00-04:00,0.6299999952316284,0.6399999856948853,0.6299999952316284,0.6301000118255615,1362,0.0,0.0
2023-07-31 14:30:00-04:00,0.6399999856948853,0.6399999856948853,0.6309999823570251,0.6389999985694885,1376,0.0,0.0
2023-07-31 15:30:00-04:00,0.6299999952316284,0.6399999856948853,0.6299999952316284,0.6399999856948853,4946,0.0,0.0
2023-08-01 09:30:00-04:00,0.6305000185966492,0.6449999809265137,0.6299999952316284,0.6305000185966492,27356,0.0,0.0
2023-08-01 10:30:00-04:00,0.6305000185966492,0.6449999809265137,0.6304000020027161,0.6351000070571899,8203,0.0,0.0
2023-08-01 11:30:00-04:00,0.6305000185966492,0.6398000121116638,0.6129999756813049,0.6162999868392944,57629,0.0,0.0
2023-08-01 12:30:00-04:00,0.6162999868392944,0.6388999819755554,0.6162999868392944,0.6162999868392944,1862,0.0,0.0
2023-08-01 13:30:00-04:00,0.6359760165214539,0.6399000287055969,0.625,0.6399000287055969,1486,0.0,0.0
2023-08-01 14:30:00-04:00,0.625,0.6324999928474426,0.6119999885559082,0.6126999855041504,0,0.0,0.0
2023-08-01 15:30:00-04:00,0.6151999831199646,0.6290000081062317,0.6151000261306763,0.6195999979972839,1104,0.0,0.0
2023-08-02 09:30:00-04:00,0.6439999938011169,0.6439999938011169,0.6119999885559082,0.6119999885559082,1849,0.0,0.0
2023-08-02 10:30:00-04:00,0.6121010184288025,0.6197999715805054,0.6015999913215637,0.6015999913215637,51081,0.0,0.0
2023-08-02 11:30:00-04:00,0.6075999736785889,0.6198999881744385,0.6050000190734863,0.6198999881744385,1728,0.0,0.0
2023-08-02 12:30:00-04:00,0.6198999881744385,0.6198999881744385,0.6198999881744385,0.6198999881744385,209,0.0,0.0
2023-08-02 13:30:00-04:00,0.616890013217926,0.6169000267982483,0.6069999933242798,0.6069999933242798,2359,0.0,0.0
2023-08-02 14:30:00-04:00,0.6100000143051147,0.6169000267982483,0.6017000079154968,0.6093000173568726,12450,0.0,0.0
2023-08-02 15:30:00-04:00,0.6110000014305115,0.6169000267982483,0.6014999747276306,0.6069999933242798,0,0.0,0.0
2023-08-03 09:30:00-04:00,0.6065000295639038,0.6100000143051147,0.5910999774932861,0.6000000238418579,45449,0.0,0.0
2023-08-03 10:30:00-04:00,0.6000000238418579,0.6000000238418579,0.5920000076293945,0.5920000076293945,8763,0.0,0.0
2023-08-03 11:30:00-04:00,0.6000000238418579,0.6000000238418579,0.5921000242233276,0.5929999947547913,1751,0.0,0.0
2023-08-03 12:30:00-04:00,0.5921000242233276,0.6000000238418579,0.5920000076293945,0.5920000076293945,18190,0.0,0.0
2023-08-03 13:30:00-04:00,0.5950000286102295,0.5950000286102295,0.5929999947547913,0.5929999947547913,1678,0.0,0.0
2023-08-03 14:30:00-04:00,0.5947499871253967,0.6000000238418579,0.5929999947547913,0.5929999947547913,13334,0.0,0.0
2023-08-03 15:30:00-04:00,0.6000000238418579,0.6000000238418579,0.5924999713897705,0.5924999713897705,2519,0.0,0.0
2023-08-04 09:30:00-04:00,0.5929999947547913,0.6299999952316284,0.5929999947547913,0.5929999947547913,21470,0.0,0.0
2023-08-04 10:30:00-04:00,0.6287000179290771,0.6287999749183655,0.593999981880188,0.6000000238418579,1857,0.0,0.0
2023-08-04 11:30:00-04:00,0.6276999711990356,0.6276999711990356,0.6276999711990356,0.6276999711990356,244,0.0,0.0
2023-08-04 12:30:00-04:00,0.6183000206947327,0.6183000206947327,0.5960000157356262,0.5960000157356262,1591,0.0,0.0
2023-08-04 13:30:00-04:00,0.6000000238418579,0.6000000238418579,0.5720000267028809,0.589900016784668,41457,0.0,0.0
2023-08-04 14:30:00-04:00,0.5850009918212891,0.5897989869117737,0.5608000159263611,0.5803999900817871,16655,0.0,0.0
2023-08-04 15:30:00-04:00,0.5699999928474426,0.5799000263214111,0.5600000023841858,0.5651000142097473,10163,0.0,0.0
2023-08-07 09:30:00-04:00,0.5889999866485596,0.5889999866485596,0.5099999904632568,0.5180000066757202,230093,0.0,0.0
2023-08-07 10:30:00-04:00,0.5270000100135803,0.5449000000953674,0.5110999941825867,0.5139999985694885,72456,0.0,0.0
2023-08-07 11:30:00-04:00,0.5372999906539917,0.5633000135421753,0.5180000066757202,0.5350000262260437,24567,0.0,0.0
2023-08-07 12:30:00-04:00,0.5350000262260437,0.5539990067481995,0.5249999761581421,0.5249999761581421,47587,0.0,0.0
2023-08-07 13:30:00-04:00,0.5540000200271606,0.5540000200271606,0.5414999723434448,0.5414999723434448,847,0.0,0.0
2023-08-07 14:30:00-04:00,0.5260000228881836,0.5379999876022339,0.5249999761581421,0.5249999761581421,19287,0.0,0.0
2023-08-07 15:30:00-04:00,0.5260999798774719,0.5400000214576721,0.5199999809265137,0.5199999809265137,6851,0.0,0.0
2023-08-08 09:30:00-04:00,0.5189999938011169,0.5199000239372253,0.512499988079071,0.5127000212669373,38211,0.0,0.0
2023-08-08 10:30:00-04:00,0.5195990204811096,0.5199999809265137,0.5127000212669373,0.5152999758720398,8558,0.0,0.0
2023-08-08 11:30:00-04:00,0.5275999903678894,0.54339998960495,0.5152999758720398,0.5299999713897705,28930,0.0,0.0
2023-08-08 12:30:00-04:00,0.54339998960495,0.5519999861717224,0.5389999747276306,0.5389999747276306,5977,0.0,0.0
2023-08-08 13:30:00-04:00,0.5389999747276306,0.5389999747276306,0.5389999747276306,0.5389999747276306,1765,0.0,0.0
2023-08-08 14:30:00-04:00,0.5753999948501587,0.5753999948501587,0.5400000214576721,0.5669999718666077,10300,0.0,0.0
2023-08-08 15:30:00-04:00,0.5498999953269958,0.5498999953269958,0.5299999713897705,0.5299999713897705,0,0.0,0.0
2023-08-09 09:30:00-04:00,0.5364999771118164,0.5640000104904175,0.5299999713897705,0.5347999930381775,7166,0.0,0.0
2023-08-09 10:30:00-04:00,0.550000011920929,0.550000011920929,0.5350000262260437,0.546999990940094,10911,0.0,0.0
2023-08-09 11:30:00-04:00,0.5400999784469604,0.5490000247955322,0.53329998254776,0.5490000247955322,11530,0.0,0.0
2023-08-09 12:30:00-04:00,0.531000018119812,0.5498989820480347,0.5220000147819519,0.5320000052452087,24408,0.0,0.0
2023-08-09 13:30:00-04:00,0.5400000214576721,0.5400000214576721,0.5232999920845032,0.5267000198364258,7760,0.0,0.0
2023-08-09 14:30:00-04:00,0.5267009735107422,0.5300999879837036,0.5234010219573975,0.5234010219573975,715,0.0,0.0
2023-08-09 15:30:00-04:00,0.5234000086784363,0.5398989915847778,0.5234000086784363,0.5398989915847778,0,0.0,0.0
2023-08-10 09:30:00-04:00,0.5400000214576721,0.5419999957084656,0.5232999920845032,0.5339999794960022,32973,0.0,0.0
2023-08-10 10:30:00-04:00,0.5339999794960022,0.5339999794960022,0.515999972820282,0.5170000195503235,17991,0.0,0.0
2023-08-10 11:30:00-04:00,0.5182999968528748,0.5238999724388123,0.5182999968528748,0.5238999724388123,12033,0.0,0.0
2023-08-10 12:30:00-04:00,0.5238999724388123,0.5299999713897705,0.5199999809265137,0.5277000069618225,9787,0.0,0.0
2023-08-10 13:30:00-04:00,0.5200009942054749,0.5273000001907349,0.5199999809265137,0.5273000001907349,7413,0.0,0.0
2023-08-10 14:30:00-04:00,0.5238000154495239,0.5264570116996765,0.5182999968528748,0.5182999968528748,14938,0.0,0.0
2023-08-10 15:30:00-04:00,0.5241000056266785,0.5297999978065491,0.5170999765396118,0.5249999761581421,0,0.0,0.0
2023-08-11 09:30:00-04:00,0.5389999747276306,0.5389999747276306,0.5130000114440918,0.5151000022888184,6664,0.0,0.0
2023-08-11 10:30:00-04:00,0.5249999761581421,0.5299999713897705,0.5019999742507935,0.5059999823570251,43763,0.0,0.0
2023-08-11 12:30:00-04:00,0.5065000057220459,0.5293999910354614,0.5065000057220459,0.5293989777565002,4475,0.0,0.0
2023-08-11 13:30:00-04:00,0.5230000019073486,0.5293999910354614,0.5065000057220459,0.5102009773254395,6317,0.0,0.0
2023-08-11 14:30:00-04:00,0.5258989930152893,0.5379999876022339,0.5101000070571899,0.5339999794960022,88736,0.0,0.0
2023-08-11 15:30:00-04:00,0.5378999710083008,0.5601000189781189,0.5299999713897705,0.5460000038146973,15945,0.0,0.0
2023-08-14 09:30:00-04:00,0.5490000247955322,0.550000011920929,0.5,0.5109999775886536,277808,0.0,0.0
2023-08-14 10:30:00-04:00,0.5299999713897705,0.5299999713897705,0.5105000138282776,0.5199999809265137,22905,0.0,0.0
2023-08-14 11:30:00-04:00,0.5203999876976013,0.5203999876976013,0.5019999742507935,0.5019999742507935,32508,0.0,0.0
2023-08-14 12:30:00-04:00,0.5048999786376953,0.5295000076293945,0.5019999742507935,0.5240499973297119,28383,0.0,0.0
2023-08-14 13:30:00-04:00,0.5281000137329102,0.5281000137329102,0.5049999952316284,0.5049999952316284,28783,0.0,0.0
2023-08-14 14:30:00-04:00,0.5140010118484497,0.5230000019073486,0.49000000953674316,0.490200012922287,127507,0.0,0.0
2023-08-14 15:30:00-04:00,0.4950000047683716,0.4950000047683716,0.49000000953674316,0.49010100960731506,0,0.0,0.0
2023-08-15 09:30:00-04:00,0.48820000886917114,0.48820000886917114,0.45100000500679016,0.46369999647140503,80480,0.0,0.0
2023-08-15 10:30:00-04:00,0.4643999934196472,0.4643999934196472,0.4399999976158142,0.44699999690055847,70527,0.0,0.0
2023-08-15 11:30:00-04:00,0.44999998807907104,0.46790000796318054,0.4440000057220459,0.44999998807907104,107739,0.0,0.0
2023-08-15 12:30:00-04:00,0.44999998807907104,0.46000000834465027,0.44999998807907104,0.45489901304244995,22881,0.0,0.0
2023-08-15 13:30:00-04:00,0.45260000228881836,0.45500001311302185,0.45010000467300415,0.45489999651908875,18963,0.0,0.0
2023-08-15 14:30:00-04:00,0.453000009059906,0.46000000834465027,0.4440000057220459,0.4440000057220459,33443,0.0,0.0
2023-08-15 15:30:00-04:00,0.4440000057220459,0.4699999988079071,0.4440000057220459,0.4560000002384186,0,0.0,0.0
2023-08-16 09:30:00-04:00,0.4526999890804291,0.4578999876976013,0.4300000071525574,0.4399999976158142,47391,0.0,0.0
2023-08-16 10:30:00-04:00,0.43529999256134033,0.49889999628067017,0.4350000023841858,0.44999998807907104,22452,0.0,0.0
2023-08-16 11:30:00-04:00,0.4839000105857849,0.4844000041484833,0.4390000104904175,0.4521999955177307,14953,0.0,0.0
2023-08-16 12:30:00-04:00,0.4837000072002411,0.49939998984336853,0.45210000872612,0.46050000190734863,24087,0.0,0.0
2023-08-16 13:30:00-04:00,0.4860999882221222,0.5,0.4650999903678894,0.5,58234,0.0,0.0
2023-08-16 14:30:00-04:00,0.5,0.5,0.47780001163482666,0.4982999861240387,45906,0.0,0.0
2023-08-16 15:30:00-04:00,0.4982999861240387,0.4982999861240387,0.48500001430511475,0.49079999327659607,0,0.0,0.0
2023-08-17 09:30:00-04:00,0.49000000953674316,0.5,0.47600001096725464,0.4819999933242798,29676,0.0,0.0
2023-08-17 10:30:00-04:00,0.47609999775886536,0.47679999470710754,0.4399999976158142,0.44620001316070557,48098,0.0,0.0
2023-08-17 11:30:00-04:00,0.4426000118255615,0.4717999994754791,0.42080000042915344,0.430400013923645,32068,0.0,0.0
2023-08-17 12:30:00-04:00,0.4300000071525574,0.47209998965263367,0.4300000071525574,0.47209998965263367,5312,0.0,0.0
2023-08-17 13:30:00-04:00,0.44119998812675476,0.4535999894142151,0.44119998812675476,0.44999998807907104,4808,0.0,0.0
2023-08-17 14:30:00-04:00,0.45229899883270264,0.4560000002384186,0.4449999928474426,0.44929999113082886,7877,0.0,0.0
2023-08-17 15:30:00-04:00,0.45750001072883606,0.49000000953674316,0.44699999690055847,0.4471000134944916,57609,0.0,0.0
2023-08-18 09:30:00-04:00,0.4650000035762787,0.48899999260902405,0.4325000047683716,0.43299999833106995,61613,0.0,0.0
2023-08-18 10:30:00-04:00,0.4401000142097473,0.4544990062713623,0.43299999833106995,0.4510999917984009,5227,0.0,0.0
2023-08-18 11:30:00-04:00,0.43540000915527344,0.44999998807907104,0.43540000915527344,0.44999998807907104,4725,0.0,0.0
2023-08-18 12:30:00-04:00,0.4501500129699707,0.4602999985218048,0.4501500129699707,0.4602999985218048,567,0.0,0.0
2023-08-18 13:30:00-04:00,0.4546999931335449,0.4602999985218048,0.45019999146461487,0.4602999985218048,19973,0.0,0.0
2023-08-18 14:30:00-04:00,0.4602999985218048,0.4602999985218048,0.44999998807907104,0.44999998807907104,9025,0.0,0.0
2023-08-18 15:30:00-04:00,0.45100000500679016,0.4523000121116638,0.44999998807907104,0.450300008058548,13769,0.0,0.0
2023-08-21 09:30:00-04:00,0.47999998927116394,0.47999998927116394,0.4449999928474426,0.45019999146461487,12911,0.0,0.0
2023-08-21 10:30:00-04:00,0.45010098814964294,0.4617989957332611,0.45010098814964294,0.4505999982357025,1810,0.0,0.0
2023-08-21 11:30:00-04:00,0.4618000090122223,0.4618000090122223,0.4618000090122223,0.4618000090122223,576,0.0,0.0
2023-08-21 13:30:00-04:00,0.4606989920139313,0.462799996137619,0.44999998807907104,0.45010000467300415,16294,0.0,0.0
2023-08-21 14:30:00-04:00,0.45010000467300415,0.4519999921321869,0.45010000467300415,0.4519999921321869,593,0.0,0.0
2023-08-21 15:30:00-04:00,0.4519999921321869,0.47999998927116394,0.44999998807907104,0.45509999990463257,0,0.0,0.0
2023-08-22 09:30:00-04:00,0.44600000977516174,0.45899999141693115,0.4311000108718872,0.43700000643730164,9207,0.0,0.0
2023-08-22 10:30:00-04:00,0.4740000069141388,0.4740000069141388,0.4350000023841858,0.4401000142097473,11125,0.0,0.0
2023-08-22 11:30:00-04:00,0.44238001108169556,0.44238001108169556,0.44238001108169556,0.44238001108169556,499,0.0,0.0
2023-08-22 12:30:00-04:00,0.4399999976158142,0.4415000081062317,0.4311999976634979,0.43160000443458557,8469,0.0,0.0
2023-08-22 13:30:00-04:00,0.44200000166893005,0.44200000166893005,0.44200000166893005,0.44200000166893005,6370,0.0,0.0
2023-08-22 14:30:00-04:00,0.4611009955406189,0.4611009955406189,0.4422000050544739,0.4429999887943268,2420,0.0,0.0
2023-08-22 15:30:00-04:00,0.45089998841285706,0.4560000002384186,0.44200000166893005,0.44200000166893005,0,0.0,0.0
2023-08-23 09:30:00-04:00,0.4597010016441345,0.4597010016441345,0.4496999979019165,0.45399999618530273,11211,0.0,0.0
2023-08-23 10:30:00-04:00,0.46059900522232056,0.46059900522232056,0.45100000500679016,0.46050000190734863,3536,0.0,0.0
2023-08-23 11:30:00-04:00,0.4519999921321869,0.45559999346733093,0.4514999985694885,0.4514999985694885,1697,0.0,0.0
2023-08-23 12:30:00-04:00,0.46000000834465027,0.46000000834465027,0.4580000042915344,0.4580000042915344,687,0.0,0.0
2023-08-23 13:30:00-04:00,0.46000000834465027,0.46309998631477356,0.45704901218414307,0.45704901218414307,2465,0.0,0.0
2023-08-23 14:30:00-04:00,0.45100000500679016,0.4510999917984009,0.45100000500679016,0.4510999917984009,503,0.0,0.0
2023-08-23 15:30:00-04:00,0.4512999951839447,0.46299898624420166,0.45100000500679016,0.46000000834465027,0,0.0,0.0
2023-08-24 09:30:00-04:00,0.46309998631477356,0.4699999988079071,0.44600000977516174,0.45969998836517334,20383,0.0,0.0
2023-08-24 10:30:00-04:00,0.4650000035762787,0.4837999939918518,0.45500001311302185,0.45500001311302185,12701,0.0,0.0
2023-08-24 11:30:00-04:00,0.45509999990463257,0.4699999988079071,0.45500001311302185,0.4698989987373352,10914,0.0,0.0
2023-08-24 12:30:00-04:00,0.4699999988079071,0.4699999988079071,0.45329999923706055,0.45329999923706055,6402,0.0,0.0
2023-08-24 13:30:00-04:00,0.45419999957084656,0.4699999988079071,0.45399999618530273,0.4542999863624573,3334,0.0,0.0
2023-08-24 14:30:00-04:00,0.4699999988079071,0.4699999988079071,0.4699999988079071,0.4699999988079071,147,0.0,0.0
2023-08-24 15:30:00-04:00,0.4699999988079071,0.4699999988079071,0.45329999923706055,0.46700000762939453,2462,0.0,0.0
2023-08-25 09:30:00-04:00,0.4675999879837036,0.4699999988079071,0.45339998602867126,0.4699999988079071,3724,0.0,0.0
2023-08-25 10:30:00-04:00,0.4643000066280365,0.4643000066280365,0.4569999873638153,0.46000000834465027,4331,0.0,0.0
2023-08-25 11:30:00-04:00,0.4599989950656891,0.46000000834465027,0.45500001311302185,0.45500001311302185,6036,0.0,0.0
2023-08-25 12:30:00-04:00,0.4790000021457672,0.4790000021457672,0.4560000002384186,0.47383999824523926,2386,0.0,0.0
2023-08-25 13:30:00-04:00,0.47870001196861267,0.47870001196861267,0.46480000019073486,0.47600001096725464,3961,0.0,0.0
2023-08-25 14:30:00-04:00,0.4747999906539917,0.4747999906539917,0.4747999906539917,0.4747999906539917,159,0.0,0.0
2023-08-25 15:30:00-04:00,0.4699999988079071,0.4699999988079071,0.4659999907016754,0.4699999988079071,1496,0.0,0.0
2023-08-28 09:30:00-04:00,0.460099995136261,0.4699999988079071,0.45509999990463257,0.45509999990463257,20813,0.0,0.0
2023-08-28 10:30:00-04:00,0.45509999990463257,0.4699999988079071,0.45100000500679016,0.4699000120162964,29193,0.0,0.0
2023-08-28 11:30:00-04:00,0.46299999952316284,0.4799000024795532,0.4560000002384186,0.4690000116825104,15927,0.0,0.0
2023-08-28 12:30:00-04:00,0.4684999883174896,0.4684999883174896,0.4560000002384186,0.4560000002384186,1407,0.0,0.0
2023-08-28 13:30:00-04:00,0.46209999918937683,0.46209999918937683,0.4553999900817871,0.4560000002384186,1835,0.0,0.0
2023-08-28 14:30:00-04:00,0.46000000834465027,0.46000000834465027,0.45489999651908875,0.45489999651908875,11074,0.0,0.0
2023-08-28 15:30:00-04:00,0.454800009727478,0.45489999651908875,0.45100000500679016,0.4528999924659729,3540,0.0,0.0
2023-08-29 09:30:00-04:00,0.45100000500679016,0.48249998688697815,0.45100000500679016,0.45100000500679016,2218,0.0,0.0
2023-08-29 10:30:00-04:00,0.45100000500679016,0.4724999964237213,0.45100000500679016,0.4697999954223633,2838,0.0,0.0
2023-08-29 11:30:00-04:00,0.45100000500679016,0.46050000190734863,0.45100000500679016,0.45980000495910645,6367,0.0,0.0
2023-08-29 12:30:00-04:00,0.45980000495910645,0.45980000495910645,0.4510999917984009,0.4510999917984009,3990,0.0,0.0
2023-08-29 13:30:00-04:00,0.45980000495910645,0.46000000834465027,0.4510999917984009,0.4510999917984009,7030,0.0,0.0
2023-08-29 14:30:00-04:00,0.4510999917984009,0.4595000147819519,0.4510999917984009,0.4519999921321869,3524,0.0,0.0
2023-08-29 15:30:00-04:00,0.4514490067958832,0.46000000834465027,0.4426000118255615,0.46000000834465027,0,0.0,0.0
2023-08-30 09:30:00-04:00,0.45750001072883606,0.4699999988079071,0.4375,0.46000000834465027,38147,0.0,0.0
2023-08-30 10:30:00-04:00,0.46000000834465027,0.46000000834465027,0.45500001311302185,0.45989999175071716,10224,0.0,0.0
2023-08-30 11:30:00-04:00,0.4506010115146637,0.45989999175071716,0.4505000114440918,0.45989999175071716,13137,0.0,0.0
2023-08-30 12:30:00-04:00,0.45989999175071716,0.45989999175071716,0.45989999175071716,0.45989999175071716,570,0.0,0.0
2023-08-30 13:30:00-04:00,0.4580000042915344,0.46000000834465027,0.4553000032901764,0.4553000032901764,2683,0.0,0.0
2023-08-30 14:30:00-04:00,0.4553000032901764,0.4636000096797943,0.45019999146461487,0.4595000147819519,5116,0.0,0.0
2023-08-30 15:30:00-04:00,0.45989999175071716,0.46000000834465027,0.45010000467300415,0.45010000467300415,0,0.0,0.0
2023-08-31 09:30:00-04:00,0.4690000116825104,0.4699999988079071,0.45054998993873596,0.4699999988079071,13019,0.0,0.0
2023-08-31 10:30:00-04:00,0.4699999988079071,0.4699999988079071,0.4690999984741211,0.4690999984741211,301,0.0,0.0
2023-08-31 11:30:00-04:00,0.4690999984741211,0.4690999984741211,0.4690000116825104,0.4690999984741211,508,0.0,0.0
2023-08-31 12:30:00-04:00,0.4677000045776367,0.4677000045776367,0.4677000045776367,0.4677000045776367,490,0.0,0.0
2023-08-31 14:30:00-04:00,0.4668999910354614,0.4675999879837036,0.45500001311302185,0.46700000762939453,4935,0.0,0.0
2023-08-31 15:30:00-04:00,0.45509999990463257,0.4634000062942505,0.4399999976158142,0.4410000145435333,24230,0.0,0.0
2023-09-01 09:30:00-04:00,0.47999998927116394,0.47999998927116394,0.4375999867916107,0.4375999867916107,14959,0.0,0.0
2023-09-01 10:30:00-04:00,0.4593999981880188,0.46000000834465027,0.4593999981880188,0.46000000834465027,3250,0.0,0.0
2023-09-01 11:30:00-04:00,0.45989999175071716,0.46000000834465027,0.44220098853111267,0.44220098853111267,3099,0.0,0.0
2023-09-01 13:30:00-04:00,0.4449999928474426,0.45899999141693115,0.4431000053882599,0.4440000057220459,12633,0.0,0.0
2023-09-01 14:30:00-04:00,0.4422000050544739,0.4499000012874603,0.4375999867916107,0.4499000012874603,10283,0.0,0.0
2023-09-01 15:30:00-04:00,0.4377000033855438,0.4422000050544739,0.4375999867916107,0.43779999017715454,8559,0.0,0.0
2023-09-05 09:30:00-04:00,0.4699999988079071,0.4699999988079071,0.44999998807907104,0.454800009727478,48596,0.0,0.0
2023-09-05 10:30:00-04:00,0.460099995136261,0.4629000127315521,0.44999998807907104,0.45989999175071716,13145,0.0,0.0
2023-09-05 11:30:00-04:00,0.45989999175071716,0.4616990089416504,0.4551669955253601,0.4611000120639801,1862,0.0,0.0
2023-09-05 12:30:00-04:00,0.460999995470047,0.4620000123977661,0.46048998832702637,0.4620000123977661,4662,0.0,0.0
2023-09-05 13:30:00-04:00,0.460099995136261,0.4650000035762787,0.460099995136261,0.4602999985218048,3723,0.0,0.0
2023-09-05 14:30:00-04:00,0.4603999853134155,0.4603999853134155,0.46000000834465027,0.46000000834465027,2632,0.0,0.0
2023-09-05 15:30:00-04:00,0.46000000834465027,0.46219998598098755,0.4562999904155731,0.46000000834465027,0,0.0,0.0
2023-09-06 09:30:00-04:00,0.46000000834465027,0.5094000101089478,0.46000000834465027,0.4902009963989258,67114,0.0,0.0
2023-09-06 10:30:00-04:00,0.490200012922287,0.5098999738693237,0.47999998927116394,0.5040000081062317,80954,0.0,0.0
2023-09-06 11:30:00-04:00,0.5,0.5019999742507935,0.48100000619888306,0.4909999966621399,12518,0.0,0.0
2023-09-06 12:30:00-04:00,0.4962089955806732,0.49900001287460327,0.48377498984336853,0.49480000138282776,3090,0.0,0.0
2023-09-06 13:30:00-04:00,0.4934000074863434,0.4968999922275543,0.48100000619888306,0.4950000047683716,11732,0.0,0.0
2023-09-06 14:30:00-04:00,0.49900001287460327,0.49900001287460327,0.48774299025535583,0.4950000047683716,5476,0.0,0.0
2023-09-06 15:30:00-04:00,0.49000000953674316,0.4950000047683716,0.4878000020980835,0.49140000343322754,0,0.0,0.0
2023-09-07 09:30:00-04:00,0.5,0.5089989900588989,0.490200012922287,0.49970000982284546,50433,0.0,0.0
2023-09-07 10:30:00-04:00,0.5037999749183655,0.5085999965667725,0.49970000982284546,0.5,0,0.0,0.0
2023-09-07 11:30:00-04:00,0.5001000165939331,0.5081999897956848,0.49970000982284546,0.5081999897956848,87456,0.0,0.0
2023-09-07 12:30:00-04:00,0.5080000162124634,0.5080999732017517,0.49970000982284546,0.5080000162124634,19579,0.0,0.0
2023-09-07 13:30:00-04:00,0.5,0.5073999762535095,0.5,0.5009999871253967,3185,0.0,0.0
2023-09-07 14:30:00-04:00,0.5020880103111267,0.5070000290870667,0.5,0.5009999871253967,5485,0.0,0.0
2023-09-07 15:30:00-04:00,0.5071989893913269,0.5098999738693237,0.5,0.5097990036010742,0,0.0,0.0
2023-09-08 09:30:00-04:00,0.49959999322891235,0.49959999322891235,0.49959999322891235,0.49959999322891235,759,0.0,0.0
2023-09-08 10:30:00-04:00,0.47269999980926514,0.5080000162124634,0.4715999960899353,0.49959999322891235,4946,0.0,0.0
2023-09-08 11:30:00-04:00,0.5,0.5,0.4831010103225708,0.49959999322891235,701,0.0,0.0
2023-09-08 12:30:00-04:00,0.47999998927116394,0.47999998927116394,0.4699999988079071,0.4700999855995178,12109,0.0,0.0
2023-09-08 13:30:00-04:00,0.4763000011444092,0.48750001192092896,0.4763000011444092,0.48750001192092896,3708,0.0,0.0
2023-09-08 14:30:00-04:00,0.48500001430511475,0.49000000953674316,0.48399999737739563,0.4880000054836273,2435,0.0,0.0
2023-09-08 15:30:00-04:00,0.4851999878883362,0.5,0.48500001430511475,0.5,15105,0.0,0.0
2023-09-11 09:30:00-04:00,0.4796000123023987,0.49079999327659607,0.47510001063346863,0.4878999888896942,8712,0.0,0.0
2023-09-11 10:30:00-04:00,0.48100000619888306,0.4950009882450104,0.48100000619888306,0.49000000953674316,12173,0.0,0.0
2023-09-11 11:30:00-04:00,0.4970000088214874,0.4970000088214874,0.49410000443458557,0.4957999885082245,822,0.0,0.0
2023-09-11 12:30:00-04:00,0.5,0.5005000233650208,0.49900001287460327,0.5005000233650208,2710,0.0,0.0
2023-09-11 13:30:00-04:00,0.5006009936332703,0.5006009936332703,0.5001009702682495,0.5001009702682495,1581,0.0,0.0
2023-09-11 14:30:00-04:00,0.5040010213851929,0.5080000162124634,0.5040010213851929,0.5080000162124634,770,0.0,0.0
2023-09-11 15:30:00-04:00,0.5080000162124634,0.5080000162124634,0.49950000643730164,0.5078989863395691,0,0.0,0.0
2023-09-12 09:30:00-04:00,0.5080000162124634,0.5080000162124634,0.4894999861717224,0.49399998784065247,29694,0.0,0.0
2023-09-12 10:30:00-04:00,0.5,0.5,0.4943050146102905,0.4964999854564667,3008,0.0,0.0
2023-09-12 11:30:00-04:00,0.5,0.5,0.5,0.5,1013,0.0,0.0
2023-09-12 12:30:00-04:00,0.49900001287460327,0.5078999996185303,0.49900001287460327,0.5078999996185303,10491,0.0,0.0
2023-09-12 13:30:00-04:00,0.5040000081062317,0.5080000162124634,0.5009999871253967,0.5080000162124634,1005,0.0,0.0
2023-09-12 14:30:00-04:00,0.5,0.5080000162124634,0.5,0.5080000162124634,4147,0.0,0.0
2023-09-12 15:30:00-04:00,0.5078999996185303,0.5080000162124634,0.5,0.5049999952316284,0,0.0,0.0
2023-09-13 09:30:00-04:00,0.5099999904632568,0.5099999904632568,0.4895009994506836,0.5,3750,0.0,0.0
2023-09-13 10:30:00-04:00,0.5,0.5,0.5,0.5,330,0.0,0.0
2023-09-13 11:30:00-04:00,0.5,0.5099999904632568,0.5,0.5099999904632568,1877,0.0,0.0
2023-09-13 12:30:00-04:00,0.5090000033378601,0.5099999904632568,0.46000000834465027,0.4909999966621399,32585,0.0,0.0
2023-09-13 13:30:00-04:00,0.491100013256073,0.49959999322891235,0.48899999260902405,0.49799999594688416,6136,0.0,0.0
2023-09-13 14:30:00-04:00,0.48899999260902405,0.489300012588501,0.4699999988079071,0.4729999899864197,11645,0.0,0.0
2023-09-13 15:30:00-04:00,0.47200000286102295,0.48899999260902405,0.4659999907016754,0.48899999260902405,6395,0.0,0.0
2023-09-14 09:30:00-04:00,0.47999998927116394,0.5,0.44999998807907104,0.45559999346733093,35428,0.0,0.0
2023-09-14 10:30:00-04:00,0.4560999870300293,0.4699999988079071,0.4560999870300293,0.4620000123977661,9793,0.0,0.0
2023-09-14 11:30:00-04:00,0.4650000035762787,0.46889999508857727,0.45100000500679016,0.46000000834465027,17439,0.0,0.0
2023-09-14 12:30:00-04:00,0.46459901332855225,0.46469900012016296,0.45100000500679016,0.45100000500679016,3362,0.0,0.0
2023-09-14 13:30:00-04:00,0.46000000834465027,0.46790000796318054,0.450300008058548,0.46790000796318054,6189,0.0,0.0
2023-09-14 14:30:00-04:00,0.4659000039100647,0.4659000039100647,0.4544999897480011,0.45500001311302185,4164,0.0,0.0
2023-09-14 15:30:00-04:00,0.45989999175071716,0.45989999175071716,0.4510999917984009,0.45210000872612,0,0.0,0.0
2023-09-15 09:30:00-04:00,0.46000000834465027,0.4699000120162964,0.46000000834465027,0.46889999508857727,4127,0.0,0.0
2023-09-15 10:30:00-04:00,0.46869999170303345,0.46869999170303345,0.45210000872612,0.45210000872612,4328,0.0,0.0
2023-09-15 11:30:00-04:00,0.44999998807907104,0.45100000500679016,0.44510000944137573,0.4496999979019165,8142,0.0,0.0
2023-09-15 12:30:00-04:00,0.449196994304657,0.449196994304657,0.4472000002861023,0.44909998774528503,761,0.0,0.0
2023-09-15 13:30:00-04:00,0.4499000012874603,0.46799999475479126,0.4499000012874603,0.4580000042915344,18358,0.0,0.0
2023-09-15 14:30:00-04:00,0.45100000500679016,0.4659999907016754,0.450300008058548,0.450300008058548,7330,0.0,0.0
2023-09-15 15:30:00-04:00,0.450300008058548,0.46399998664855957,0.450300008058548,0.4625000059604645,6433,0.0,0.0
2023-09-18 09:30:00-04:00,0.4799000024795532,0.5098000168800354,0.4700999855995178,0.487199991941452,28488,0.0,0.0
2023-09-18 10:30:00-04:00,0.5,0.5133000016212463,0.5,0.511900007724762,16602,0.0,0.0
2023-09-18 11:30:00-04:00,0.511900007724762,0.5299000144004822,0.511900007724762,0.5289989709854126,57664,0.0,0.0
2023-09-18 12:30:00-04:00,0.5273540019989014,0.5289999842643738,0.5202999711036682,0.5202999711036682,7224,0.0,0.0
2023-09-18 13:30:00-04:00,0.5203999876976013,0.5285000205039978,0.5199999809265137,0.5199999809265137,31888,0.0,0.0
2023-09-18 14:30:00-04:00,0.520101010799408,0.5224999785423279,0.5130000114440918,0.5224000215530396,13042,0.0,0.0
2023-09-18 15:30:00-04:00,0.5224999785423279,0.5224999785423279,0.511900007724762,0.511900007724762,0,0.0,0.0
2023-09-19 09:30:00-04:00,0.5342000126838684,0.5386000275611877,0.5074999928474426,0.5074999928474426,112473,0.0,0.0
2023-09-19 10:30:00-04:00,0.5350000262260437,0.5350000262260437,0.5,0.5097990036010742,11240,0.0,0.0
2023-09-19 11:30:00-04:00,0.5062000155448914,0.5212000012397766,0.5023000240325928,0.5212000012397766,6144,0.0,0.0
2023-09-19 12:30:00-04:00,0.5212000012397766,0.5350000262260437,0.5019999742507935,0.5350000262260437,1829,0.0,0.0
2023-09-19 13:30:00-04:00,0.5349000096321106,0.5350000262260437,0.49000000953674316,0.53329998254776,14918,0.0,0.0
2023-09-19 14:30:00-04:00,0.5202509760856628,0.5350000262260437,0.5202509760856628,0.5350000262260437,3538,0.0,0.0
2023-09-19 15:30:00-04:00,0.5055000185966492,0.5350000262260437,0.5055000185966492,0.5328999757766724,0,0.0,0.0
2023-09-20 09:30:00-04:00,0.5486000180244446,0.5486000180244446,0.5196999907493591,0.5299990177154541,12374,0.0,0.0
2023-09-20 10:30:00-04:00,0.5199999809265137,0.5297999978065491,0.5199999809265137,0.5199999809265137,10106,0.0,0.0
2023-09-20 11:30:00-04:00,0.5199999809265137,0.5400000214576721,0.5196999907493591,0.5196999907493591,5849,0.0,0.0
2023-09-20 12:30:00-04:00,0.5217999815940857,0.5297999978065491,0.5210000276565552,0.5297999978065491,5856,0.0,0.0
2023-09-20 13:30:00-04:00,0.5199000239372253,0.5202000141143799,0.519599974155426,0.519599974155426,6371,0.0,0.0
2023-09-20 14:30:00-04:00,0.523360013961792,0.523360013961792,0.5198000073432922,0.5198000073432922,1327,0.0,0.0
2023-09-20 15:30:00-04:00,0.5109999775886536,0.5149000287055969,0.5011000037193298,0.5062000155448914,0,0.0,0.0
2023-09-21 09:30:00-04:00,0.4925000071525574,0.5,0.48590001463890076,0.49900001287460327,6531,0.0,0.0
2023-09-21 10:30:00-04:00,0.49900001287460327,0.5062000155448914,0.49799999594688416,0.5047000050544739,3275,0.0,0.0
2023-09-21 11:30:00-04:00,0.5045999884605408,0.5047000050544739,0.49900001287460327,0.5019000172615051,3809,0.0,0.0
2023-09-21 12:30:00-04:00,0.5027999877929688,0.5027999877929688,0.49639999866485596,0.4999000132083893,3816,0.0,0.0
2023-09-21 13:30:00-04:00,0.5,0.5027999877929688,0.5,0.501800000667572,9258,0.0,0.0
2023-09-21 14:30:00-04:00,0.5020999908447266,0.5020999908447266,0.4991999864578247,0.5019999742507935,2308,0.0,0.0
2023-09-21 15:30:00-04:00,0.5019999742507935,0.5019999742507935,0.5019000172615051,0.5019999742507935,0,0.0,0.0
2023-09-22 09:30:00-04:00,0.5080000162124634,0.5080000162124634,0.4950000047683716,0.4984999895095825,5885,0.0,0.0
2023-09-22 10:30:00-04:00,0.4999000132083893,0.4999000132083893,0.499099999666214,0.499099999666214,5086,0.0,0.0
2023-09-22 11:30:00-04:00,0.5,0.5,0.4991999864578247,0.5,3565,0.0,0.0
2023-09-22 12:30:00-04:00,0.5,0.5099999904632568,0.5,0.5049999952316284,20938,0.0,0.0
2023-09-22 13:30:00-04:00,0.5299999713897705,0.5299999713897705,0.5101000070571899,0.5210000276565552,5339,0.0,0.0
2023-09-22 14:30:00-04:00,0.5099999904632568,0.5299999713897705,0.5099999904632568,0.5099999904632568,3269,0.0,0.0
2023-09-22 15:30:00-04:00,0.5099999904632568,0.5299999713897705,0.5099999904632568,0.5299999713897705,1276,0.0,0.0
2023-09-25 09:30:00-04:00,0.5299999713897705,0.5600000023841858,0.5199999809265137,0.5299999713897705,31533,0.0,0.0
2023-09-25 10:30:00-04:00,0.5400000214576721,0.5400000214576721,0.5284500122070312,0.5299999713897705,26616,0.0,0.0
2023-09-25 11:30:00-04:00,0.539900004863739,0.539900004863739,0.539900004863739,0.539900004863739,248,0.0,0.0
2023-09-25 12:30:00-04:00,0.5394999980926514,0.5400000214576721,0.531000018119812,0.5349500179290771,1198,0.0,0.0
2023-09-25 13:30:00-04:00,0.5400000214576721,0.5490000247955322,0.5400000214576721,0.5400000214576721,15985,0.0,0.0
2023-09-25 14:30:00-04:00,0.5498999953269958,0.5498999953269958,0.535099983215332,0.535099983215332,414,0.0,0.0
2023-09-25 15:30:00-04:00,0.539900004863739,0.550000011920929,0.5299999713897705,0.5299999713897705,3434,0.0,0.0
2023-09-26 09:30:00-04:00,0.5400000214576721,0.5408999919891357,0.5220000147819519,0.5339999794960022,56043,0.0,0.0
2023-09-26 10:30:00-04:00,0.5400000214576721,0.5450000166893005,0.5299999713897705,0.5400000214576721,37640,0.0,0.0
2023-09-26 11:30:00-04:00,0.5449000000953674,0.5450000166893005,0.5331000089645386,0.5449000000953674,24030,0.0,0.0
2023-09-26 12:30:00-04:00,0.5449000000953674,0.5450000166893005,0.5331000089645386,0.5450000166893005,3757,0.0,0.0
2023-09-26 13:30:00-04:00,0.5450000166893005,0.5450000166893005,0.5400000214576721,0.5450000166893005,1821,0.0,0.0
2023-09-26 14:30:00-04:00,0.5450000166893005,0.5450000166893005,0.5339999794960022,0.5450000166893005,2633,0.0,0.0
2023-09-26 15:30:00-04:00,0.5450000166893005,0.5450000166893005,0.5322999954223633,0.5357000231742859,0,0.0,0.0
2023-09-27 09:30:00-04:00,0.5358009934425354,0.550000011920929,0.5357000231742859,0.5357000231742859,693,0.0,0.0
2023-09-27 10:30:00-04:00,0.5400000214576721,0.5400000214576721,0.5299999713897705,0.5299999713897705,14346,0.0,0.0
2023-09-27 12:30:00-04:00,0.5301010012626648,0.5301010012626648,0.5301010012626648,0.5301010012626648,365,0.0,0.0
2023-09-27 13:30:00-04:00,0.5299999713897705,0.5400000214576721,0.5299999713897705,0.5299999713897705,1992,0.0,0.0
2023-09-27 14:30:00-04:00,0.5299999713897705,0.5400000214576721,0.5299999713897705,0.531000018119812,2919,0.0,0.0
2023-09-27 15:30:00-04:00,0.5300999879837036,0.550000011920929,0.5299999713897705,0.550000011920929,11318,0.0,0.0
2023-09-28 09:30:00-04:00,0.5400000214576721,0.5450000166893005,0.5199999809265137,0.5389999747276306,2957,0.0,0.0
2023-09-28 10:30:00-04:00,0.5449000000953674,0.5450000166893005,0.5199999809265137,0.527999997138977,25334,0.0,0.0
2023-09-28 11:30:00-04:00,0.539900004863739,0.5400000214576721,0.5299999713897705,0.5400000214576721,25131,0.0,0.0
2023-09-28 12:30:00-04:00,0.5400000214576721,0.5400000214576721,0.5389999747276306,0.5389999747276306,951,0.0,0.0
2023-09-28 13:30:00-04:00,0.5450000166893005,0.5450000166893005,0.5450000166893005,0.5450000166893005,498,0.0,0.0
2023-09-28 14:30:00-04:00,0.5404000282287598,0.5450000166893005,0.5404000282287598,0.5419999957084656,2014,0.0,0.0
2023-09-28 15:30:00-04:00,0.5404999852180481,0.5404999852180481,0.5400000214576721,0.5400000214576721,13622,0.0,0.0
2023-09-29 09:30:00-04:00,0.5278000235557556,0.550000011920929,0.5278000235557556,0.5400000214576721,9281,0.0,0.0
2023-09-29 10:30:00-04:00,0.5450000166893005,0.550000011920929,0.5404000282287598,0.5421000123023987,2302,0.0,0.0
2023-09-29 11:30:00-04:00,0.5419999957084656,0.5504999756813049,0.5382000207901001,0.5504999756813049,5299,0.0,0.0
2023-09-29 12:30:00-04:00,0.550000011920929,0.5550000071525574,0.5450000166893005,0.5550000071525574,6407,0.0,0.0
2023-09-29 13:30:00-04:00,0.5534999966621399,0.5550000071525574,0.5382000207901001,0.550000011920929,5410,0.0,0.0
2023-09-29 14:30:00-04:00,0.550000011920929,0.550000011920929,0.5382000207901001,0.550000011920929,3401,0.0,0.0
2023-09-29 15:30:00-04:00,0.550000011920929,0.5600000023841858,0.5382000207901001,0.5575000047683716,8189,0.0,0.0
2023-10-02 09:30:00-04:00,0.5550000071525574,0.5600000023841858,0.5299999713897705,0.557548999786377,20847,0.0,0.0
2023-10-02 10:30:00-04:00,0.5595999956130981,0.5699999928474426,0.5551000237464905,0.5699999928474426,6984,0.0,0.0
2023-10-02 11:30:00-04:00,0.5699999928474426,0.5799999833106995,0.5630999803543091,0.5630999803543091,9691,0.0,0.0
2023-10-02 12:30:00-04:00,0.5699999928474426,0.5699999928474426,0.5561000108718872,0.5699999928474426,2626,0.0,0.0
2023-10-02 13:30:00-04:00,0.5699999928474426,0.5799000263214111,0.5650500059127808,0.5799000263214111,5177,0.0,0.0
2023-10-02 14:30:00-04:00,0.579800009727478,0.5799000263214111,0.5710999965667725,0.5796999931335449,5294,0.0,0.0
2023-10-02 15:30:00-04:00,0.5787000060081482,0.5787000060081482,0.5710999965667725,0.5751990079879761,1023,0.0,0.0
2023-10-03 09:30:00-04:00,0.5649999976158142,0.5799999833106995,0.5649999976158142,0.5799999833106995,5787,0.0,0.0
2023-10-03 10:30:00-04:00,0.5699999928474426,0.5945000052452087,0.5699999928474426,0.593999981880188,22290,0.0,0.0
2023-10-03 11:30:00-04:00,0.5899999737739563,0.5899999737739563,0.5745000243186951,0.5756000280380249,6339,0.0,0.0
2023-10-03 12:30:00-04:00,0.5889999866485596,0.5945000052452087,0.574999988079071,0.589900016784668,94972,0.0,0.0
2023-10-03 13:30:00-04:00,0.5897989869117737,0.589900016784668,0.574999988079071,0.5898000001907349,2027,0.0,0.0
2023-10-03 14:30:00-04:00,0.5752000212669373,0.589900016784668,0.5699999928474426,0.5701000094413757,15737,0.0,0.0
2023-10-03 15:30:00-04:00,0.5699999928474426,0.5824999809265137,0.5674999952316284,0.5799999833106995,1375,0.0,0.0
2023-10-04 09:30:00-04:00,0.5898000001907349,0.5899999737739563,0.5699999928474426,0.5799999833106995,17202,0.0,0.0
2023-10-04 10:30:00-04:00,0.5799999833106995,0.5899999737739563,0.5699999928474426,0.5824999809265137,14472,0.0,0.0
2023-10-04 11:30:00-04:00,0.5824999809265137,0.589900016784668,0.5751000046730042,0.5795000195503235,1476,0.0,0.0
2023-10-04 12:30:00-04:00,0.5847499966621399,0.5889999866485596,0.5751000046730042,0.5751000046730042,8994,0.0,0.0
2023-10-04 13:30:00-04:00,0.5820000171661377,0.5820000171661377,0.5800999999046326,0.5819000005722046,2149,0.0,0.0
2023-10-04 14:30:00-04:00,0.5820000171661377,0.5820000171661377,0.5789989829063416,0.5820000171661377,2285,0.0,0.0
2023-10-04 15:30:00-04:00,0.5820000171661377,0.5820000171661377,0.5759999752044678,0.5820000171661377,919,0.0,0.0
2023-10-05 09:30:00-04:00,0.5899999737739563,0.5899999737739563,0.5699999928474426,0.5712000131607056,33017,0.0,0.0
2023-10-05 10:30:00-04:00,0.5720000267028809,0.5834490060806274,0.5699999928474426,0.5770000219345093,13382,0.0,0.0
2023-10-05 11:30:00-04:00,0.5770000219345093,0.579800009727478,0.5703999996185303,0.5703999996185303,2965,0.0,0.0
2023-10-05 12:30:00-04:00,0.5703999996185303,0.5703999996185303,0.5299999713897705,0.5600000023841858,10155,0.0,0.0
2023-10-05 13:30:00-04:00,0.5600000023841858,0.5751000046730042,0.5600000023841858,0.5751000046730042,5508,0.0,0.0
2023-10-05 15:30:00-04:00,0.5600000023841858,0.5600000023841858,0.5600000023841858,0.5600000023841858,775,0.0,0.0
2023-10-06 09:30:00-04:00,0.5789999961853027,0.5899999737739563,0.5609999895095825,0.5728999972343445,27692,0.0,0.0
2023-10-06 10:30:00-04:00,0.5857999920845032,0.5889999866485596,0.5745000243186951,0.5889999866485596,17709,0.0,0.0
2023-10-06 11:30:00-04:00,0.5889999866485596,0.5968999862670898,0.5750499963760376,0.5785999894142151,19177,0.0,0.0
2023-10-06 12:30:00-04:00,0.5799999833106995,0.5799999833106995,0.5600000023841858,0.5799999833106995,30398,0.0,0.0
2023-10-06 13:30:00-04:00,0.5799999833106995,0.5813999772071838,0.5600000023841858,0.5600000023841858,5453,0.0,0.0
2023-10-06 14:30:00-04:00,0.5699999928474426,0.5776000022888184,0.550000011920929,0.5501000285148621,23153,0.0,0.0
2023-10-06 15:30:00-04:00,0.5590000152587891,0.5654000043869019,0.550000011920929,0.5552999973297119,9147,0.0,0.0
2023-10-09 09:30:00-04:00,0.5777000188827515,0.5799000263214111,0.5410000085830688,0.5410000085830688,16636,0.0,0.0
2023-10-09 10:30:00-04:00,0.5404000282287598,0.5425000190734863,0.5320000052452087,0.5400000214576721,5389,0.0,0.0
2023-10-09 11:30:00-04:00,0.5399500131607056,0.541100025177002,0.539900004863739,0.5400000214576721,12126,0.0,0.0
2023-10-09 12:30:00-04:00,0.5400000214576721,0.5400000214576721,0.5400000214576721,0.5400000214576721,1342,0.0,0.0
2023-10-09 13:30:00-04:00,0.5548999905586243,0.5799999833106995,0.550000011920929,0.5649999976158142,42214,0.0,0.0
2023-10-09 14:30:00-04:00,0.5799999833106995,0.5799999833106995,0.5649999976158142,0.5699999928474426,11076,0.0,0.0
2023-10-09 15:30:00-04:00,0.5649999976158142,0.5789999961853027,0.5400000214576721,0.5400000214576721,0,0.0,0.0
2023-10-10 09:30:00-04:00,0.5699999928474426,0.5699999928474426,0.5450999736785889,0.5514000058174133,6799,0.0,0.0
2023-10-10 10:30:00-04:00,0.5575000047683716,0.5576000213623047,0.5501999855041504,0.5539000034332275,11645,0.0,0.0
2023-10-10 11:30:00-04:00,0.5576000213623047,0.5576000213623047,0.5506100058555603,0.5506100058555603,901,0.0,0.0
2023-10-10 12:30:00-04:00,0.5602999925613403,0.5602999925613403,0.5602999925613403,0.5602999925613403,165,0.0,0.0
2023-10-10 13:30:00-04:00,0.5699999928474426,0.5699999928474426,0.5604000091552734,0.5651999711990356,3099,0.0,0.0
2023-10-10 14:30:00-04:00,0.5699999928474426,0.5699999928474426,0.5699999928474426,0.5699999928474426,1074,0.0,0.0
2023-10-10 15:30:00-04:00,0.5649999976158142,0.5799000263214111,0.5609999895095825,0.5619999766349792,0,0.0,0.0
2023-10-11 09:30:00-04:00,0.5655999779701233,0.5699999928474426,0.5655999779701233,0.5699999928474426,983,0.0,0.0
2023-10-11 10:30:00-04:00,0.5600000023841858,0.5600000023841858,0.5530999898910522,0.5600000023841858,1771,0.0,0.0
2023-10-11 11:30:00-04:00,0.5611000061035156,0.5611000061035156,0.5501000285148621,0.5501009821891785,1697,0.0,0.0
2023-10-11 12:30:00-04:00,0.550000011920929,0.550000011920929,0.550000011920929,0.550000011920929,1241,0.0,0.0
2023-10-11 13:30:00-04:00,0.5501009821891785,0.5501009821891785,0.550000011920929,0.550000011920929,1002,0.0,0.0
2023-10-11 14:30:00-04:00,0.5609999895095825,0.5650500059127808,0.5609999895095825,0.5620999932289124,3668,0.0,0.0
2023-10-11 15:30:00-04:00,0.5620999932289124,0.5656999945640564,0.5620999932289124,0.5620999932289124,2709,0.0,0.0
2023-10-12 09:30:00-04:00,0.5655999779701233,0.5680000185966492,0.5401999950408936,0.5475999712944031,2647,0.0,0.0
2023-10-12 10:30:00-04:00,0.5475509762763977,0.5475999712944031,0.5400999784469604,0.5475999712944031,754,0.0,0.0
2023-10-12 11:30:00-04:00,0.5401999950408936,0.5464000105857849,0.5400999784469604,0.5464000105857849,3938,0.0,0.0
2023-10-12 12:30:00-04:00,0.546500027179718,0.546500027179718,0.5200999975204468,0.5299000144004822,14181,0.0,0.0
2023-10-12 13:30:00-04:00,0.5680000185966492,0.5680000185966492,0.5199999809265137,0.5199999809265137,4050,0.0,0.0
2023-10-12 14:30:00-04:00,0.5299999713897705,0.5412999987602234,0.5299999713897705,0.5412999987602234,1222,0.0,0.0
2023-10-12 15:30:00-04:00,0.5600000023841858,0.5600000023841858,0.5512999892234802,0.5600000023841858,0,0.0,0.0
2023-10-13 09:30:00-04:00,0.5299999713897705,0.5600000023841858,0.510200023651123,0.5335000157356262,18238,0.0,0.0
2023-10-13 10:30:00-04:00,0.5411999821662903,0.5494999885559082,0.5411999821662903,0.5494999885559082,1716,0.0,0.0
2023-10-13 11:30:00-04:00,0.5382040143013,0.5497999787330627,0.5331000089645386,0.5497999787330627,1798,0.0,0.0
2023-10-13 12:30:00-04:00,0.5343000292778015,0.5458999872207642,0.5343000292778015,0.5458999872207642,1288,0.0,0.0
2023-10-13 13:30:00-04:00,0.5421000123023987,0.5494999885559082,0.5421000123023987,0.5494999885559082,1054,0.0,0.0
2023-10-13 15:30:00-04:00,0.5419999957084656,0.5498999953269958,0.5350000262260437,0.5350000262260437,3519,0.0,0.0
2023-10-16 09:30:00-04:00,0.5600000023841858,0.5649999976158142,0.550000011920929,0.5501000285148621,14026,0.0,0.0
2023-10-16 10:30:00-04:00,0.5600000023841858,0.5600000023841858,0.5313000082969666,0.5335010290145874,3380,0.0,0.0
2023-10-16 11:30:00-04:00,0.5356000065803528,0.5569000244140625,0.5356000065803528,0.550000011920929,5786,0.0,0.0
2023-10-16 12:30:00-04:00,0.550000011920929,0.550000011920929,0.550000011920929,0.550000011920929,226,0.0,0.0
2023-10-16 13:30:00-04:00,0.5467000007629395,0.550000011920929,0.5364999771118164,0.550000011920929,2049,0.0,0.0
2023-10-16 14:30:00-04:00,0.550000011920929,0.550599992275238,0.5356000065803528,0.550599992275238,4103,0.0,0.0
2023-10-16 15:30:00-04:00,0.5343499779701233,0.5425000190734863,0.5249999761581421,0.5249999761581421,2991,0.0,0.0
2023-10-17 09:30:00-04:00,0.5249999761581421,0.5250999927520752,0.5108000040054321,0.5249999761581421,9861,0.0,0.0
2023-10-17 10:30:00-04:00,0.5224999785423279,0.5253000259399414,0.5199999809265137,0.5199999809265137,8778,0.0,0.0
2023-10-17 11:30:00-04:00,0.5210000276565552,0.5210000276565552,0.5120000243186951,0.515999972820282,2619,0.0,0.0
2023-10-17 12:30:00-04:00,0.515999972820282,0.5199000239372253,0.5120000243186951,0.5120000243186951,9192,0.0,0.0
2023-10-17 13:30:00-04:00,0.5120000243186951,0.5120499730110168,0.5,0.5059999823570251,25135,0.0,0.0
2023-10-17 14:30:00-04:00,0.5059999823570251,0.5116999745368958,0.5009999871253967,0.5009999871253967,2620,0.0,0.0
2023-10-17 15:30:00-04:00,0.5063499808311462,0.5113999843597412,0.503000020980835,0.5113999843597412,1565,0.0,0.0
2023-10-18 09:30:00-04:00,0.5,0.5,0.46650001406669617,0.4749999940395355,32456,0.0,0.0
2023-10-18 10:30:00-04:00,0.48500001430511475,0.48500001430511475,0.4846999943256378,0.4846999943256378,1588,0.0,0.0
2023-10-18 11:30:00-04:00,0.4837999939918518,0.48399999737739563,0.4837000072002411,0.48399999737739563,864,0.0,0.0
2023-10-18 12:30:00-04:00,0.4884530007839203,0.5099999904632568,0.4837000072002411,0.5099999904632568,30874,0.0,0.0
2023-10-18 13:30:00-04:00,0.484499990940094,0.4846000075340271,0.484499990940094,0.4846000075340271,1117,0.0,0.0
2023-10-18 14:30:00-04:00,0.49729999899864197,0.569599986076355,0.49729999899864197,0.5149999856948853,102692,0.0,0.0
2023-10-18 15:30:00-04:00,0.5174999833106995,0.5199000239372253,0.5099999904632568,0.5099999904632568,0,0.0,0.0
2023-10-19 09:30:00-04:00,0.49729999899864197,0.550000011920929,0.49729999899864197,0.5389999747276306,18949,0.0,0.0
2023-10-19 10:30:00-04:00,0.5235000252723694,0.5235000252723694,0.5099999904632568,0.5099999904632568,7605,0.0,0.0
2023-10-19 11:30:00-04:00,0.5120000243186951,0.5199999809265137,0.5098999738693237,0.5099999904632568,4362,0.0,0.0
2023-10-19 12:30:00-04:00,0.5241000056266785,0.5241000056266785,0.5241000056266785,0.5241000056266785,1545,0.0,0.0
2023-10-19 13:30:00-04:00,0.5241000056266785,0.5241000056266785,0.5241000056266785,0.5241000056266785,117,0.0,0.0
2023-10-19 15:30:00-04:00,0.5199999809265137,0.5239999890327454,0.5099999904632568,0.5239999890327454,0,0.0,0.0
2023-10-20 09:30:00-04:00,0.5199999809265137,0.5239999890327454,0.49779999256134033,0.5239999890327454,2145,0.0,0.0
2023-10-20 10:30:00-04:00,0.5220000147819519,0.5394999980926514,0.5199999809265137,0.5350000262260437,43349,0.0,0.0
2023-10-20 11:30:00-04:00,0.5300009846687317,0.5300009846687317,0.5199999809265137,0.5228999853134155,7114,0.0,0.0
2023-10-20 12:30:00-04:00,0.5228999853134155,0.5299999713897705,0.5228999853134155,0.5299999713897705,1391,0.0,0.0
2023-10-20 13:30:00-04:00,0.5254999995231628,0.5343999862670898,0.5210000276565552,0.5343999862670898,1245,0.0,0.0
2023-10-20 14:30:00-04:00,0.5343999862670898,0.5343999862670898,0.5277000069618225,0.5299999713897705,3308,0.0,0.0
2023-10-20 15:30:00-04:00,0.5275999903678894,0.5339999794960022,0.5210000276565552,0.5339999794960022,2321,0.0,0.0
2023-10-23 09:30:00-04:00,0.5461000204086304,0.5552989840507507,0.5299999713897705,0.5552989840507507,15777,0.0,0.0
2023-10-23 10:30:00-04:00,0.5401009917259216,0.5401009917259216,0.5099999904632568,0.5099999904632568,49137,0.0,0.0
2023-10-23 11:30:00-04:00,0.5109999775886536,0.5109999775886536,0.5099999904632568,0.5101000070571899,10097,0.0,0.0
2023-10-23 12:30:00-04:00,0.5199999809265137,0.5250999927520752,0.5001009702682495,0.5250999927520752,1621,0.0,0.0
2023-10-23 13:30:00-04:00,0.5250999927520752,0.5250999927520752,0.5102999806404114,0.5200999975204468,2747,0.0,0.0
2023-10-23 14:30:00-04:00,0.5103999972343445,0.5297999978065491,0.5101000070571899,0.5102999806404114,11621,0.0,0.0
2023-10-23 15:30:00-04:00,0.5,0.5249999761581421,0.5,0.5249999761581421,0,0.0,0.0
2023-10-24 09:30:00-04:00,0.5110999941825867,0.5299999713897705,0.498199999332428,0.5299999713897705,13671,0.0,0.0
2023-10-24 10:30:00-04:00,0.5023049712181091,0.5023049712181091,0.5023049712181091,0.5023049712181091,113,0.0,0.0
2023-10-24 11:30:00-04:00,0.515999972820282,0.515999972820282,0.5149999856948853,0.5149999856948853,3900,0.0,0.0
2023-10-24 13:30:00-04:00,0.5175999999046326,0.5199999809265137,0.5151000022888184,0.5151000022888184,619,0.0,0.0
2023-10-24 14:30:00-04:00,0.5151000022888184,0.5151000022888184,0.5149999856948853,0.5149999856948853,2735,0.0,0.0
2023-10-24 15:30:00-04:00,0.5149999856948853,0.5180000066757202,0.5149999856948853,0.5180000066757202,791,0.0,0.0
2023-10-25 09:30:00-04:00,0.5099999904632568,0.5249999761581421,0.5099999904632568,0.5249999761581421,1755,0.0,0.0
2023-10-25 10:30:00-04:00,0.5099999904632568,0.5102480053901672,0.4984999895095825,0.4984999895095825,4352,0.0,0.0
2023-10-25 11:30:00-04:00,0.49900001287460327,0.5,0.49900001287460327,0.5,806,0.0,0.0
2023-10-25 12:30:00-04:00,0.5005000233650208,0.5099999904632568,0.5,0.5099999904632568,3269,0.0,0.0
2023-10-25 13:30:00-04:00,0.5102999806404114,0.5151000022888184,0.5102999806404114,0.5102999806404114,1173,0.0,0.0
2023-10-25 14:30:00-04:00,0.5102999806404114,0.5180000066757202,0.5102999806404114,0.5102999806404114,5082,0.0,0.0
2023-10-25 15:30:00-04:00,0.5101000070571899,0.5101000070571899,0.5099999904632568,0.5099999904632568,0,0.0,0.0
2023-10-26 09:30:00-04:00,0.5199999809265137,0.5199999809265137,0.5,0.5180000066757202,25653,0.0,0.0
2023-10-26 10:30:00-04:00,0.5180000066757202,0.5180000066757202,0.5090000033378601,0.5180000066757202,2057,0.0,0.0
2023-10-26 11:30:00-04:00,0.5090000033378601,0.5090000033378601,0.5,0.5005000233650208,3968,0.0,0.0
2023-10-26 12:30:00-04:00,0.5044999718666077,0.5090000033378601,0.5,0.5049999952316284,3532,0.0,0.0
2023-10-26 13:30:00-04:00,0.5009999871253967,0.5099999904632568,0.5009999871253967,0.5074999928474426,2358,0.0,0.0
2023-10-26 14:30:00-04:00,0.5049999952316284,0.5099999904632568,0.5049999952316284,0.5088000297546387,6131,0.0,0.0
2023-10-26 15:30:00-04:00,0.5076000094413757,0.5099999904632568,0.5049999952316284,0.5095000267028809,2034,0.0,0.0
2023-10-27 09:30:00-04:00,0.5099999904632568,0.5199999809265137,0.5049999952316284,0.5049999952316284,1216,0.0,0.0
2023-10-27 10:30:00-04:00,0.5075010061264038,0.5075010061264038,0.5049999952316284,0.5058159828186035,1699,0.0,0.0
2023-10-27 11:30:00-04:00,0.4973999857902527,0.4973999857902527,0.49000000953674316,0.49000000953674316,2245,0.0,0.0
2023-10-27 12:30:00-04:00,0.4699999988079071,0.5,0.4699999988079071,0.4699999988079071,3563,0.0,0.0
2023-10-27 14:30:00-04:00,0.49010100960731506,0.4921000003814697,0.49000000953674316,0.49000000953674316,2426,0.0,0.0
2023-10-27 15:30:00-04:00,0.4909999966621399,0.4918990135192871,0.4699999988079071,0.4918990135192871,11991,0.0,0.0
2023-10-30 09:30:00-04:00,0.5066999793052673,0.5090000033378601,0.4912000000476837,0.5090000033378601,3330,0.0,0.0
2023-10-30 10:30:00-04:00,0.4830000102519989,0.4843510091304779,0.4830000102519989,0.4843510091304779,1190,0.0,0.0
2023-10-30 11:30:00-04:00,0.49000000953674316,0.49000000953674316,0.49000000953674316,0.49000000953674316,132,0.0,0.0
2023-10-30 12:30:00-04:00,0.49000000953674316,0.49000000953674316,0.49000000953674316,0.49000000953674316,503,0.0,0.0
2023-10-30 13:30:00-04:00,0.49000000953674316,0.49000000953674316,0.47530001401901245,0.484499990940094,553,0.0,0.0
2023-10-30 14:30:00-04:00,0.5034989714622498,0.5080000162124634,0.49900001287460327,0.5040000081062317,6653,0.0,0.0
2023-10-30 15:30:00-04:00,0.5040000081062317,0.5080000162124634,0.5,0.5040000081062317,0,0.0,0.0
2023-10-31 09:30:00-04:00,0.5199999809265137,0.5199999809265137,0.4950000047683716,0.4950000047683716,8136,0.0,0.0
2023-10-31 10:30:00-04:00,0.49514898657798767,0.5,0.48750001192092896,0.5,4221,0.0,0.0
2023-10-31 11:30:00-04:00,0.4819999933242798,0.4819999933242798,0.4699999988079071,0.47699999809265137,5649,0.0,0.0
2023-10-31 14:30:00-04:00,0.4810999929904938,0.4999000132083893,0.48100998997688293,0.4999000132083893,1415,0.0,0.0
2023-10-31 15:30:00-04:00,0.48100000619888306,0.4810999929904938,0.48100000619888306,0.4810999929904938,401,0.0,0.0
2023-11-01 09:30:00-04:00,0.4699999988079071,0.49950098991394043,0.4699999988079071,0.4959999918937683,4922,0.0,0.0
2023-11-01 10:30:00-04:00,0.49959999322891235,0.500120997428894,0.4797999858856201,0.4797999858856201,7700,0.0,0.0
2023-11-01 11:30:00-04:00,0.48500001430511475,0.48500001430511475,0.4699999988079071,0.4797990024089813,2876,0.0,0.0
2023-11-01 12:30:00-04:00,0.47494998574256897,0.4796000123023987,0.4747999906539917,0.4796000123023987,3866,0.0,0.0
2023-11-01 13:30:00-04:00,0.48989999294281006,0.48989999294281006,0.47001001238822937,0.47001001238822937,646,0.0,0.0
2023-11-01 14:30:00-04:00,0.4879019856452942,0.4879019856452942,0.4879019856452942,0.4879019856452942,300,0.0,0.0
2023-11-01 15:30:00-04:00,0.4869999885559082,0.48989999294281006,0.4869999885559082,0.48980000615119934,0,0.0,0.0
2023-11-02 09:30:00-04:00,0.49000000953674316,0.49000000953674316,0.47530001401901245,0.48969998955726624,10526,0.0,0.0
2023-11-02 10:30:00-04:00,0.48489999771118164,0.48489999771118164,0.46010100841522217,0.47999998927116394,21100,0.0,0.0
2023-11-02 11:30:00-04:00,0.47999998927116394,0.47999998927116394,0.47999998927116394,0.47999998927116394,1613,0.0,0.0
2023-11-02 12:30:00-04:00,0.48010000586509705,0.4805000126361847,0.47999998927116394,0.4805000126361847,5049,0.0,0.0
2023-11-02 13:30:00-04:00,0.47999998927116394,0.4887999892234802,0.47999998927116394,0.4887000024318695,1159,0.0,0.0
2023-11-02 14:30:00-04:00,0.4843989908695221,0.4843989908695221,0.4843989908695221,0.4843989908695221,509,0.0,0.0
2023-11-02 15:30:00-04:00,0.4876999855041504,0.4876999855041504,0.47999998927116394,0.4830999970436096,0,0.0,0.0
2023-11-03 09:30:00-04:00,0.489998996257782,0.5024999976158142,0.4609000086784363,0.4740999937057495,20109,0.0,0.0
2023-11-03 10:30:00-04:00,0.4740999937057495,0.4950000047683716,0.4740000069141388,0.47999998927116394,20946,0.0,0.0
2023-11-03 11:30:00-04:00,0.4999000132083893,0.4999000132083893,0.48010000586509705,0.4999000132083893,8653,0.0,0.0
2023-11-03 12:30:00-04:00,0.4997990131378174,0.4997990131378174,0.47200000286102295,0.47200000286102295,31519,0.0,0.0
2023-11-03 13:30:00-04:00,0.47999998927116394,0.49000000953674316,0.4749999940395355,0.4749999940395355,2734,0.0,0.0
2023-11-03 15:30:00-04:00,0.4902999997138977,0.4903999865055084,0.48100000619888306,0.48100000619888306,1221,0.0,0.0
2023-11-06 09:30:00-05:00,0.4999000132083893,0.4999000132083893,0.4999000132083893,0.4999000132083893,1171,0.0,0.0
2023-11-06 10:30:00-05:00,0.47099998593330383,0.47099998593330383,0.47099998593330383,0.47099998593330383,148,0.0,0.0
2023-11-06 11:30:00-05:00,0.47209998965263367,0.4999000132083893,0.47209998965263367,0.4729999899864197,3815,0.0,0.0
2023-11-06 12:30:00-05:00,0.4997999966144562,0.4997999966144562,0.4997999966144562,0.4997999966144562,345,0.0,0.0
2023-11-06 14:30:00-05:00,0.4950000047683716,0.4950000047683716,0.4950000047683716,0.4950000047683716,197,0.0,0.0
2023-11-06 15:30:00-05:00,0.48118001222610474,0.48118001222610474,0.4779999852180481,0.4779999852180481,0,0.0,0.0
2023-11-07 09:30:00-05:00,0.4999000132083893,0.4999000132083893,0.47200000286102295,0.4814999997615814,3916,0.0,0.0
2023-11-07 11:30:00-05:00,0.4880000054836273,0.49410000443458557,0.4880000054836273,0.49410000443458557,512,0.0,0.0
2023-11-07 13:30:00-05:00,0.4729999899864197,0.4729999899864197,0.4699999988079071,0.4699999988079071,1294,0.0,0.0
2023-11-07 14:30:00-05:00,0.4699999988079071,0.47999998927116394,0.4699999988079071,0.4702000021934509,1589,0.0,0.0
2023-11-07 15:30:00-05:00,0.4702000021934509,0.4796000123023987,0.4699999988079071,0.4699999988079071,3561,0.0,0.0
2023-11-08 09:30:00-05:00,0.46000000834465027,0.4948999881744385,0.44020000100135803,0.4948999881744385,10112,0.0,0.0
2023-11-08 10:30:00-05:00,0.45010000467300415,0.47005000710487366,0.45010000467300415,0.4505000114440918,1319,0.0,0.0
2023-11-08 11:30:00-05:00,0.4507009983062744,0.4675000011920929,0.4505000114440918,0.4505000114440918,10550,0.0,0.0
2023-11-08 12:30:00-05:00,0.4505000114440918,0.46000000834465027,0.4505000114440918,0.46000000834465027,1402,0.0,0.0
2023-11-08 13:30:00-05:00,0.4505000114440918,0.4505000114440918,0.4505000114440918,0.4505000114440918,758,0.0,0.0
2023-11-08 14:30:00-05:00,0.4505000114440918,0.45489999651908875,0.4505000114440918,0.4505000114440918,1038,0.0,0.0
2023-11-08 15:30:00-05:00,0.4505000114440918,0.4674989879131317,0.4505000114440918,0.4505000114440918,0,0.0,0.0
2023-11-09 09:30:00-05:00,0.44359999895095825,0.47255098819732666,0.4059999883174896,0.4059999883174896,57933,0.0,0.0
2023-11-09 10:30:00-05:00,0.4099999964237213,0.4165000021457672,0.4059999883174896,0.4059999883174896,103139,0.0,0.0
2023-11-09 11:30:00-05:00,0.40630000829696655,0.4390000104904175,0.40619999170303345,0.4099999964237213,27320,0.0,0.0
2023-11-09 12:30:00-05:00,0.41499999165534973,0.41499999165534973,0.4099999964237213,0.4099999964237213,6371,0.0,0.0
2023-11-09 13:30:00-05:00,0.4099999964237213,0.4348999857902527,0.4099999964237213,0.41499999165534973,958,0.0,0.0
2023-11-09 14:30:00-05:00,0.41600000858306885,0.41600000858306885,0.41600000858306885,0.41600000858306885,0,0.0,0.0
2023-11-10 09:30:00-05:00,0.4399999976158142,0.4399999976158142,0.41100001335144043,0.4249500036239624,1990,0.0,0.0
2023-11-10 10:30:00-05:00,0.41519999504089355,0.41568800806999207,0.41519999504089355,0.41519999504089355,641,0.0,0.0
2023-11-10 11:30:00-05:00,0.41999998688697815,0.42500001192092896,0.4165000021457672,0.41999998688697815,6835,0.0,0.0
2023-11-10 12:30:00-05:00,0.4273500144481659,0.4300000071525574,0.41999998688697815,0.42500001192092896,2756,0.0,0.0
2023-11-10 13:30:00-05:00,0.42729899287223816,0.42729899287223816,0.42729899287223816,0.42729899287223816,152,0.0,0.0
2023-11-10 14:30:00-05:00,0.42730000615119934,0.4345000088214874,0.41999998688697815,0.4343990087509155,15316,0.0,0.0
2023-11-10 15:30:00-05:00,0.41999998688697815,0.42309999465942383,0.41999998688697815,0.42100000381469727,1239,0.0,0.0
2023-11-13 09:30:00-05:00,0.4410000145435333,0.4410000145435333,0.42100000381469727,0.42500001192092896,15186,0.0,0.0
2023-11-13 10:30:00-05:00,0.42500999569892883,0.4324989914894104,0.42500001192092896,0.42500001192092896,5553,0.0,0.0
2023-11-13 11:30:00-05:00,0.4324989914894104,0.4339999854564667,0.4300000071525574,0.4300000071525574,1614,0.0,0.0
2023-11-13 12:30:00-05:00,0.4397999942302704,0.4397999942302704,0.4300000071525574,0.4300000071525574,1573,0.0,0.0
2023-11-13 13:30:00-05:00,0.4300000071525574,0.4300000071525574,0.42100000381469727,0.421999990940094,2284,0.0,0.0
2023-11-13 14:30:00-05:00,0.42100000381469727,0.42100000381469727,0.41644999384880066,0.4180000126361847,2739,0.0,0.0
2023-11-13 15:30:00-05:00,0.4184490144252777,0.41999998688697815,0.4099999964237213,0.4169999957084656,0,0.0,0.0
2023-11-14 09:30:00-05:00,0.4099999964237213,0.41999998688697815,0.4099999964237213,0.41530001163482666,23341,0.0,0.0
2023-11-14 10:30:00-05:00,0.41530001163482666,0.41749998927116394,0.41530001163482666,0.41749998927116394,1565,0.0,0.0
2023-11-14 11:30:00-05:00,0.4185500144958496,0.41999998688697815,0.4171000123023987,0.4172010123729706,7051,0.0,0.0
2023-11-14 12:30:00-05:00,0.41769999265670776,0.41769999265670776,0.41769999265670776,0.41769999265670776,240,0.0,0.0
2023-11-14 13:30:00-05:00,0.4171000123023987,0.4189000129699707,0.4171000123023987,0.41780000925064087,3381,0.0,0.0
2023-11-14 14:30:00-05:00,0.41999998688697815,0.41999998688697815,0.41759300231933594,0.41759300231933594,748,0.0,0.0
2023-11-14 15:30:00-05:00,0.41760000586509705,0.41999998688697815,0.4023999869823456,0.41110000014305115,0,0.0,0.0
2023-11-15 09:30:00-05:00,0.41999998688697815,0.42250001430511475,0.41990000009536743,0.420199990272522,16436,0.0,0.0
2023-11-15 10:30:00-05:00,0.420199990272522,0.43860000371932983,0.40880000591278076,0.4101000130176544,31230,0.0,0.0
2023-11-15 11:30:00-05:00,0.41100001335144043,0.41100001335144043,0.40540000796318054,0.40540000796318054,6933,0.0,0.0
2023-11-15 13:30:00-05:00,0.42989999055862427,0.4350000023841858,0.41760000586509705,0.42750000953674316,61616,0.0,0.0
2023-11-15 14:30:00-05:00,0.4348999857902527,0.4399999976158142,0.42800000309944153,0.4399000108242035,18352,0.0,0.0
2023-11-15 15:30:00-05:00,0.4300000071525574,0.4399999976158142,0.4300000071525574,0.43540000915527344,0,0.0,0.0
2023-11-16 09:30:00-05:00,0.4181010127067566,0.44999998807907104,0.3799999952316284,0.4050000011920929,103646,0.0,0.0
2023-11-16 10:30:00-05:00,0.38999998569488525,0.4020000100135803,0.38999998569488525,0.39399999380111694,3595,0.0,0.0
2023-11-16 11:30:00-05:00,0.4000000059604645,0.41999998688697815,0.3919999897480011,0.41999998688697815,7349,0.0,0.0
2023-11-16 12:30:00-05:00,0.4074999988079071,0.4074999988079071,0.4074999988079071,0.4074999988079071,771,0.0,0.0
2023-11-16 13:30:00-05:00,0.4074999988079071,0.4189999997615814,0.4000000059604645,0.4189999997615814,6273,0.0,0.0
2023-11-16 14:30:00-05:00,0.4000000059604645,0.4189999997615814,0.3869999945163727,0.39445000886917114,17262,0.0,0.0
2023-11-16 15:30:00-05:00,0.397599995136261,0.4043000042438507,0.38510000705718994,0.4043000042438507,0,0.0,0.0
2023-11-17 09:30:00-05:00,0.3930000066757202,0.4041999876499176,0.3930000066757202,0.39399999380111694,9672,0.0,0.0
2023-11-17 10:30:00-05:00,0.4041000008583069,0.4041000008583069,0.3930000066757202,0.39989998936653137,6761,0.0,0.0
2023-11-17 11:30:00-05:00,0.396450012922287,0.39989998936653137,0.3930000066757202,0.39980000257492065,10491,0.0,0.0
2023-11-17 12:30:00-05:00,0.39959999918937683,0.39989998936653137,0.39959999918937683,0.39989998936653137,3140,0.0,0.0
2023-11-17 13:30:00-05:00,0.39980000257492065,0.4041999876499176,0.3997989892959595,0.4000000059604645,11495,0.0,0.0
2023-11-17 14:30:00-05:00,0.4000000059604645,0.4041000008583069,0.4000000059604645,0.4041000008583069,5031,0.0,0.0
2023-11-17 15:30:00-05:00,0.4041000008583069,0.4041999876499176,0.39959999918937683,0.39959999918937683,13238,0.0,0.0
2023-11-20 09:30:00-05:00,0.4000000059604645,0.41179999709129333,0.4000000059604645,0.4099999964237213,7440,0.0,0.0
2023-11-20 10:30:00-05:00,0.41190001368522644,0.41190001368522644,0.4101000130176544,0.4101000130176544,2101,0.0,0.0
2023-11-20 11:30:00-05:00,0.4099999964237213,0.41200000047683716,0.4099999964237213,0.41200000047683716,8908,0.0,0.0
2023-11-20 12:30:00-05:00,0.4120999872684479,0.4212000072002411,0.4120999872684479,0.4212000072002411,2676,0.0,0.0
2023-11-20 13:30:00-05:00,0.4214000105857849,0.429500013589859,0.4212999939918518,0.42283400893211365,2834,0.0,0.0
2023-11-20 14:30:00-05:00,0.4212000072002411,0.42329999804496765,0.42100000381469727,0.42329999804496765,4203,0.0,0.0
2023-11-20 15:30:00-05:00,0.42980000376701355,0.4300000071525574,0.42343398928642273,0.4300000071525574,804,0.0,0.0
2023-11-21 09:30:00-05:00,0.41999998688697815,0.43950000405311584,0.4099999964237213,0.43020099401474,8366,0.0,0.0
2023-11-21 10:30:00-05:00,0.4300000071525574,0.43479999899864197,0.41499999165534973,0.41499999165534973,5097,0.0,0.0
2023-11-21 11:30:00-05:00,0.429500013589859,0.42989999055862427,0.41999900341033936,0.41999900341033936,3717,0.0,0.0
2023-11-21 12:30:00-05:00,0.41999998688697815,0.42899999022483826,0.4050000011920929,0.42800000309944153,20489,0.0,0.0
2023-11-21 13:30:00-05:00,0.4050000011920929,0.42489999532699585,0.4050000011920929,0.4050000011920929,1727,0.0,0.0
2023-11-21 14:30:00-05:00,0.4050999879837036,0.4174000024795532,0.38999998569488525,0.4034999907016754,8031,0.0,0.0
2023-11-21 15:30:00-05:00,0.4009999930858612,0.4009999930858612,0.39800000190734863,0.4009000062942505,2351,0.0,0.0
2023-11-22 09:30:00-05:00,0.4147999882698059,0.4147999882698059,0.4077500104904175,0.4077500104904175,785,0.0,0.0
2023-11-22 10:30:00-05:00,0.4000000059604645,0.40779998898506165,0.39989998936653137,0.40779998898506165,1440,0.0,0.0
2023-11-22 11:30:00-05:00,0.3959999978542328,0.40779998898506165,0.38960000872612,0.38960000872612,5684,0.0,0.0
2023-11-22 12:30:00-05:00,0.4047999978065491,0.41350001096725464,0.3897010087966919,0.3897010087966919,1157,0.0,0.0
2023-11-22 13:30:00-05:00,0.39890000224113464,0.41999998688697815,0.39890000224113464,0.41999998688697815,1509,0.0,0.0
2023-11-22 14:30:00-05:00,0.41990000009536743,0.41999998688697815,0.4066999852657318,0.41999998688697815,2909,0.0,0.0
2023-11-24 09:30:00-05:00,0.39959999918937683,0.41990000009536743,0.39959999918937683,0.412200003862381,2546,0.0,0.0
2023-11-24 10:30:00-05:00,0.412200003862381,0.41990000009536743,0.40450000762939453,0.41990000009536743,2141,0.0,0.0
2023-11-24 11:30:00-05:00,0.41990000009536743,0.41990000009536743,0.41990000009536743,0.41990000009536743,333,0.0,0.0
2023-11-27 09:30:00-05:00,0.4099999964237213,0.41499999165534973,0.4099999964237213,0.4100010097026825,8815,0.0,0.0
2023-11-27 10:30:00-05:00,0.4055500030517578,0.4124999940395355,0.4009999930858612,0.40209999680519104,2280,0.0,0.0
2023-11-27 11:30:00-05:00,0.414900004863739,0.414900004863739,0.4020000100135803,0.4020000100135803,9824,0.0,0.0
2023-11-27 12:30:00-05:00,0.414900004863739,0.414900004863739,0.40459999442100525,0.414900004863739,8577,0.0,0.0
2023-11-27 13:30:00-05:00,0.4104999899864197,0.4104999899864197,0.40505000948905945,0.40505000948905945,629,0.0,0.0
2023-11-27 14:30:00-05:00,0.40400001406669617,0.41999998688697815,0.4009999930858612,0.414900004863739,2580,0.0,0.0
2023-11-27 15:30:00-05:00,0.4104500114917755,0.41999998688697815,0.4050999879837036,0.4050999879837036,6708,0.0,0.0
2023-11-28 09:30:00-05:00,0.38499999046325684,0.40540000796318054,0.38499999046325684,0.40540000796318054,5592,0.0,0.0
2023-11-28 10:30:00-05:00,0.40400001406669617,0.4115000069141388,0.40400001406669617,0.40610000491142273,8960,0.0,0.0
2023-11-28 11:30:00-05:00,0.40400001406669617,0.4059000015258789,0.40400001406669617,0.40450000762939453,10984,0.0,0.0
2023-11-28 12:30:00-05:00,0.4043000042438507,0.4043000042438507,0.4043000042438507,0.4043000042438507,729,0.0,0.0
2023-11-28 13:30:00-05:00,0.4041000008583069,0.4047580063343048,0.4020000100135803,0.4020000100135803,10898,0.0,0.0
2023-11-28 14:30:00-05:00,0.4020000100135803,0.4092999994754791,0.4020000100135803,0.4092999994754791,9338,0.0,0.0
2023-11-28 15:30:00-05:00,0.40380001068115234,0.4090000092983246,0.3959999978542328,0.40380001068115234,0,0.0,0.0
2023-11-29 09:30:00-05:00,0.42899999022483826,0.42899999022483826,0.40059998631477356,0.40700000524520874,24683,0.0,0.0
2023-11-29 10:30:00-05:00,0.4070500135421753,0.4099999964237213,0.40700000524520874,0.40849998593330383,4913,0.0,0.0
2023-11-29 11:30:00-05:00,0.4099999964237213,0.4099999964237213,0.40880000591278076,0.40880000591278076,1071,0.0,0.0
2023-11-29 12:30:00-05:00,0.4099000096321106,0.4219000041484833,0.4099000096321106,0.4219000041484833,7536,0.0,0.0
2023-11-29 13:30:00-05:00,0.41530001163482666,0.4219000041484833,0.41530001163482666,0.4219000041484833,1028,0.0,0.0
2023-11-29 14:30:00-05:00,0.41520100831985474,0.41520100831985474,0.41520100831985474,0.41520100831985474,400,0.0,0.0
2023-11-29 15:30:00-05:00,0.4203999936580658,0.4219000041484833,0.4099999964237213,0.4219000041484833,2810,0.0,0.0
2023-11-30 09:30:00-05:00,0.550000011920929,1.8600000143051147,0.5306000113487244,1.3899999856948853,29322192,0.0,0.0
2023-11-30 10:30:00-05:00,1.3839000463485718,1.9299999475479126,1.2899999618530273,1.4110000133514404,16101720,0.0,0.0
2023-11-30 11:30:00-05:00,1.410099983215332,1.5499000549316406,0.9620000123977661,1.549399971961975,16474702,0.0,0.0
2023-11-30 12:30:00-05:00,1.5499999523162842,2.0,1.2799999713897705,1.309999942779541,14648925,0.0,0.0
2023-11-30 13:30:00-05:00,1.3105000257492065,1.4299999475479126,1.1200000047683716,1.309999942779541,8425681,0.0,0.0
2023-11-30 14:30:00-05:00,1.3049999475479126,1.4900000095367432,1.0774999856948853,1.1699999570846558,7702532,0.0,0.0
2023-11-30 15:30:00-05:00,1.1612999439239502,1.190000057220459,0.9800000190734863,0.9854999780654907,4012477,0.0,0.0
2023-12-01 09:30:00-05:00,0.7602999806404114,0.8899999856948853,0.7200000286102295,0.7401000261306763,3934778,0.0,0.0
2023-12-01 10:30:00-05:00,0.7400000095367432,0.8709999918937683,0.7300999760627747,0.8598999977111816,806767,0.0,0.0
2023-12-01 11:30:00-05:00,0.8598999977111816,0.8677999973297119,0.7601000070571899,0.7699999809265137,324043,0.0,0.0
2023-12-01 12:30:00-05:00,0.789900004863739,0.7997999787330627,0.7300000190734863,0.7304999828338623,342264,0.0,0.0
2023-12-01 13:30:00-05:00,0.7305999994277954,0.75,0.7121000289916992,0.7300000190734863,516199,0.0,0.0
2023-12-01 14:30:00-05:00,0.7390000224113464,0.7448999881744385,0.7185009717941284,0.7390000224113464,530520,0.0,0.0
2023-12-01 15:30:00-05:00,0.7369999885559082,0.7390000224113464,0.7111999988555908,0.7299000024795532,257646,0.0,0.0
2023-12-04 09:30:00-05:00,0.6499999761581421,0.7450000047683716,0.6349999904632568,0.7200000286102295,896854,0.0,0.0
2023-12-04 10:30:00-05:00,0.7373999953269958,0.7599999904632568,0.6909999847412109,0.713100016117096,497459,0.0,0.0
2023-12-04 11:30:00-05:00,0.7065489888191223,0.7099999785423279,0.6801999807357788,0.7088000178337097,188796,0.0,0.0
2023-12-04 12:30:00-05:00,0.7009999752044678,0.7091000080108643,0.6549999713897705,0.6899999976158142,230328,0.0,0.0
2023-12-04 13:30:00-05:00,0.6899999976158142,0.7397000193595886,0.6819000244140625,0.715499997138977,223016,0.0,0.0
2023-12-04 14:30:00-05:00,0.7166000008583069,0.7300000190734863,0.6990000009536743,0.7099999785423279,207008,0.0,0.0
2023-12-04 15:30:00-05:00,0.699999988079071,0.7299000024795532,0.699999988079071,0.7200000286102295,130765,0.0,0.0
2023-12-05 09:30:00-05:00,0.6499999761581421,0.6931999921798706,0.6384999752044678,0.6500999927520752,283084,0.0,0.0
2023-12-05 10:30:00-05:00,0.6550499796867371,0.7099999785423279,0.6353999972343445,0.6876999735832214,215876,0.0,0.0
2023-12-05 11:30:00-05:00,0.6894500255584717,0.6978999972343445,0.6700000166893005,0.6801000237464905,79604,0.0,0.0
2023-12-05 12:30:00-05:00,0.6884999871253967,0.6970000267028809,0.6669999957084656,0.6800000071525574,61756,0.0,0.0
2023-12-05 13:30:00-05:00,0.6840999722480774,0.7196999788284302,0.6800000071525574,0.6901010274887085,172251,0.0,0.0
2023-12-05 14:30:00-05:00,0.7029989957809448,0.7080000042915344,0.6851000189781189,0.6995999813079834,29832,0.0,0.0
2023-12-05 15:30:00-05:00,0.691100001335144,0.7200000286102295,0.691100001335144,0.7010999917984009,106570,0.0,0.0
2023-12-06 09:30:00-05:00,0.6940000057220459,0.7925999760627747,0.6899999976158142,0.744949996471405,620469,0.0,0.0
2023-12-06 10:30:00-05:00,0.7450000047683716,0.7799999713897705,0.7300000190734863,0.7605999708175659,226873,0.0,0.0
2023-12-06 11:30:00-05:00,0.7699999809265137,0.8443999886512756,0.7539010047912598,0.8151000142097473,463425,0.0,0.0
2023-12-06 12:30:00-05:00,0.8159999847412109,0.8159999847412109,0.7646999955177307,0.8126999735832214,254939,0.0,0.0
2023-12-06 13:30:00-05:00,0.7950999736785889,0.8314999938011169,0.7620000243186951,0.8076000213623047,253407,0.0,0.0
2023-12-06 14:30:00-05:00,0.8076009750366211,0.8450000286102295,0.800000011920929,0.8210009932518005,255748,0.0,0.0
2023-12-06 15:30:00-05:00,0.8294000029563904,0.8679999709129333,0.78329998254776,0.8199999928474426,0,0.0,0.0
2023-12-07 09:30:00-05:00,0.7885000109672546,0.8299999833106995,0.5918999910354614,0.699999988079071,634851,0.0,0.0
2023-12-07 10:30:00-05:00,0.7096999883651733,0.7099999785423279,0.6001999974250793,0.6449999809265137,210726,0.0,0.0
2023-12-07 11:30:00-05:00,0.6349999904632568,0.7199000120162964,0.6349999904632568,0.6899999976158142,137512,0.0,0.0
2023-12-07 12:30:00-05:00,0.6901000142097473,0.699999988079071,0.6833000183105469,0.6916499733924866,31410,0.0,0.0
2023-12-07 13:30:00-05:00,0.6869999766349792,0.699999988079071,0.6700000166893005,0.6899999976158142,31952,0.0,0.0
2023-12-07 14:30:00-05:00,0.6899999976158142,0.7099000215530396,0.6700999736785889,0.6862499713897705,65864,0.0,0.0
2023-12-07 15:30:00-05:00,0.6862000226974487,0.7473999857902527,0.6759999990463257,0.7350000143051147,215401,0.0,0.0
2023-12-08 09:30:00-05:00,0.6771000027656555,0.7369999885559082,0.6771000027656555,0.6800000071525574,118580,0.0,0.0
2023-12-08 10:30:00-05:00,0.6801000237464905,0.6898990273475647,0.6312000155448914,0.6650999784469604,96702,0.0,0.0
2023-12-08 11:30:00-05:00,0.6650000214576721,0.6797999739646912,0.6401000022888184,0.660099983215332,62040,0.0,0.0
2023-12-08 12:30:00-05:00,0.6718000173568726,0.6748999953269958,0.6499999761581421,0.6711000204086304,33507,0.0,0.0
2023-12-08 13:30:00-05:00,0.6748999953269958,0.6748999953269958,0.6700000166893005,0.6718999743461609,16575,0.0,0.0
2023-12-08 14:30:00-05:00,0.6711000204086304,0.6718999743461609,0.6500999927520752,0.6646999716758728,37466,0.0,0.0
2023-12-08 15:30:00-05:00,0.6601009964942932,0.6879000067710876,0.6600000262260437,0.6879000067710876,37201,0.0,0.0
2023-12-11 09:30:00-05:00,0.6898999810218811,0.6898999810218811,0.6032999753952026,0.6200000047683716,202731,0.0,0.0
2023-12-11 10:30:00-05:00,0.6150000095367432,0.6424000263214111,0.6100999712944031,0.628000020980835,55095,0.0,0.0
2023-12-11 11:30:00-05:00,0.6424000263214111,0.6424000263214111,0.6299999952316284,0.6399999856948853,18493,0.0,0.0
2023-12-11 12:30:00-05:00,0.630299985408783,0.6399999856948853,0.6050000190734863,0.6299999952316284,61343,0.0,0.0
2023-12-11 13:30:00-05:00,0.6299999952316284,0.6299999952316284,0.6110000014305115,0.625,5465,0.0,0.0
2023-12-11 14:30:00-05:00,0.6150000095367432,0.625,0.6129999756813049,0.6129999756813049,35817,0.0,0.0
2023-12-11 15:30:00-05:00,0.614799976348877,0.6200000047683716,0.613099992275238,0.6200000047683716,0,0.0,0.0
2023-12-12 09:30:00-05:00,0.6050000190734863,0.6128000020980835,0.5444999933242798,0.5698999762535095,195329,0.0,0.0
2023-12-12 10:30:00-05:00,0.5610010027885437,0.5799999833106995,0.5610010027885437,0.5701000094413757,37810,0.0,0.0
2023-12-12 11:30:00-05:00,0.5799999833106995,0.6389999985694885,0.5651000142097473,0.6299999952316284,125242,0.0,0.0
2023-12-12 12:30:00-05:00,0.6299999952316284,0.6299999952316284,0.6000000238418579,0.612500011920929,53791,0.0,0.0
2023-12-12 13:30:00-05:00,0.6249989867210388,0.6299999952316284,0.6162999868392944,0.6299999952316284,26916,0.0,0.0
2023-12-12 14:30:00-05:00,0.6259279847145081,0.6299999952316284,0.5699999928474426,0.5821999907493591,75383,0.0,0.0
2023-12-12 15:30:00-05:00,0.6021999716758728,0.6290000081062317,0.583299994468689,0.5855000019073486,14075,0.0,0.0
2023-12-13 09:30:00-05:00,0.6100999712944031,0.6100999712944031,0.5609999895095825,0.570701003074646,91155,0.0,0.0
2023-12-13 10:30:00-05:00,0.5755169987678528,0.5889999866485596,0.5668010115623474,0.5699999928474426,40174,0.0,0.0
2023-12-13 11:30:00-05:00,0.5709999799728394,0.6000000238418579,0.5699999928474426,0.5720000267028809,53341,0.0,0.0
2023-12-13 12:30:00-05:00,0.5800009965896606,0.5899999737739563,0.5720959901809692,0.5848000049591064,17859,0.0,0.0
2023-12-13 13:30:00-05:00,0.5799999833106995,0.5874999761581421,0.5788999795913696,0.5874999761581421,7174,0.0,0.0
2023-12-13 14:30:00-05:00,0.5799999833106995,0.5874999761581421,0.576200008392334,0.5806999802589417,28907,0.0,0.0
2023-12-13 15:30:00-05:00,0.5806999802589417,0.5907999873161316,0.5806000232696533,0.5849999785423279,20319,0.0,0.0
2023-12-14 09:30:00-05:00,0.5918999910354614,0.6000000238418579,0.5759999752044678,0.5979999899864197,88844,0.0,0.0
2023-12-14 10:30:00-05:00,0.5899999737739563,0.5989999771118164,0.5800999999046326,0.5810999870300293,19465,0.0,0.0
2023-12-14 11:30:00-05:00,0.5950000286102295,0.5979999899864197,0.5810999870300293,0.5924999713897705,16123,0.0,0.0
2023-12-14 12:30:00-05:00,0.5918999910354614,0.5918999910354614,0.5850499868392944,0.5899999737739563,1998,0.0,0.0
2023-12-14 13:30:00-05:00,0.5898990035057068,0.5924999713897705,0.5842729806900024,0.5845310091972351,8176,0.0,0.0
2023-12-14 14:30:00-05:00,0.5899999737739563,0.5914999842643738,0.5828999876976013,0.5828999876976013,4284,0.0,0.0
2023-12-14 15:30:00-05:00,0.5899999737739563,0.5914999842643738,0.5838000178337097,0.5914999842643738,0,0.0,0.0
2023-12-15 09:30:00-05:00,0.589900016784668,0.6200000047683716,0.5799999833106995,0.6068999767303467,74489,0.0,0.0
2023-12-15 10:30:00-05:00,0.6000000238418579,0.6089000105857849,0.5900999903678894,0.5903750061988831,5035,0.0,0.0
2023-12-15 11:30:00-05:00,0.5929999947547913,0.6047989726066589,0.5809999704360962,0.5809999704360962,16713,0.0,0.0
2023-12-15 12:30:00-05:00,0.5809999704360962,0.6029999852180481,0.5802000164985657,0.5910999774932861,15042,0.0,0.0
2023-12-15 13:30:00-05:00,0.5848000049591064,0.5848000049591064,0.5802000164985657,0.5804010033607483,2679,0.0,0.0
2023-12-15 14:30:00-05:00,0.5805000066757202,0.5848000049591064,0.580299973487854,0.580299973487854,12904,0.0,0.0
2023-12-15 15:30:00-05:00,0.5825999975204468,0.5989999771118164,0.580299973487854,0.5900499820709229,15758,0.0,0.0
2023-12-18 09:30:00-05:00,0.6000000238418579,0.6000000238418579,0.5511999726295471,0.57014000415802,75988,0.0,0.0
2023-12-18 10:30:00-05:00,0.5600000023841858,0.5720000267028809,0.5600000023841858,0.5699999928474426,7129,0.0,0.0
2023-12-18 11:30:00-05:00,0.5699999928474426,0.5820000171661377,0.5600000023841858,0.5609999895095825,63200,0.0,0.0
2023-12-18 12:30:00-05:00,0.5600000023841858,0.5799999833106995,0.5600000023841858,0.5600000023841858,8445,0.0,0.0
2023-12-18 13:30:00-05:00,0.5609999895095825,0.5702000260353088,0.5609999895095825,0.5611000061035156,8464,0.0,0.0
2023-12-18 14:30:00-05:00,0.5611010193824768,0.5699999928474426,0.5400000214576721,0.550000011920929,56135,0.0,0.0
2023-12-18 15:30:00-05:00,0.5481590032577515,0.5501000285148621,0.5353000164031982,0.5401999950408936,45983,0.0,0.0
2023-12-19 09:30:00-05:00,0.5400000214576721,0.550000011920929,0.5232999920845032,0.5310999751091003,82650,0.0,0.0
2023-12-19 10:30:00-05:00,0.5362970232963562,0.5389000177383423,0.5232999920845032,0.5310999751091003,24098,0.0,0.0
2023-12-19 11:30:00-05:00,0.5310999751091003,0.550000011920929,0.5301010012626648,0.5488989949226379,30629,0.0,0.0
2023-12-19 12:30:00-05:00,0.5490000247955322,0.5799999833106995,0.5401999950408936,0.5799499750137329,80172,0.0,0.0
2023-12-19 13:30:00-05:00,0.5799999833106995,0.5976999998092651,0.5799999833106995,0.5799999833106995,48033,0.0,0.0
2023-12-19 14:30:00-05:00,0.5811010003089905,0.5830000042915344,0.5669999718666077,0.5670999884605408,14945,0.0,0.0
2023-12-19 15:30:00-05:00,0.5705999732017517,0.5849000215530396,0.5705999732017517,0.5789999961853027,0,0.0,0.0
2023-12-20 09:30:00-05:00,0.5989999771118164,0.5989999771118164,0.5559999942779541,0.5770000219345093,31583,0.0,0.0
2023-12-20 10:30:00-05:00,0.5681999921798706,0.5769000053405762,0.565500020980835,0.5687999725341797,10298,0.0,0.0
2023-12-20 11:30:00-05:00,0.5687999725341797,0.5687999725341797,0.5623499751091003,0.5670999884605408,7300,0.0,0.0
2023-12-20 12:30:00-05:00,0.5667309761047363,0.5667309761047363,0.5601000189781189,0.5602999925613403,2743,0.0,0.0
2023-12-20 13:30:00-05:00,0.5649999976158142,0.5709499716758728,0.5559999942779541,0.5601000189781189,32556,0.0,0.0
2023-12-20 14:30:00-05:00,0.5698999762535095,0.5698999762535095,0.5559999942779541,0.5562009811401367,14473,0.0,0.0
2023-12-20 15:30:00-05:00,0.5564000010490417,0.5623999834060669,0.550000011920929,0.5623999834060669,35297,0.0,0.0
2023-12-21 09:30:00-05:00,0.5529999732971191,0.5899999737739563,0.550000011920929,0.5659999847412109,72732,0.0,0.0
2023-12-21 10:30:00-05:00,0.5799999833106995,0.5895000100135803,0.5519999861717224,0.5600000023841858,30025,0.0,0.0
2023-12-21 11:30:00-05:00,0.5601000189781189,0.6168000102043152,0.5601000189781189,0.6100000143051147,72047,0.0,0.0
2023-12-21 12:30:00-05:00,0.6001999974250793,0.6079000234603882,0.5799999833106995,0.5802010297775269,57005,0.0,0.0
2023-12-21 13:30:00-05:00,0.5806000232696533,0.5924999713897705,0.5806000232696533,0.5924999713897705,2191,0.0,0.0
2023-12-21 14:30:00-05:00,0.5929999947547913,0.5986999869346619,0.5924999713897705,0.5925999879837036,18419,0.0,0.0
2023-12-21 15:30:00-05:00,0.5996000170707703,0.6079999804496765,0.5925999879837036,0.6079999804496765,0,0.0,0.0
2023-12-22 09:30:00-05:00,0.5791000127792358,0.5995000004768372,0.5791000127792358,0.5948100090026855,14205,0.0,0.0
2023-12-22 10:30:00-05:00,0.5985000133514404,0.6000000238418579,0.5950000286102295,0.5981000065803528,9414,0.0,0.0
2023-12-22 11:30:00-05:00,0.59579998254776,0.6439999938011169,0.59579998254776,0.6430000066757202,69009,0.0,0.0
2023-12-22 12:30:00-05:00,0.6301000118255615,0.6380000114440918,0.6000000238418579,0.6000000238418579,58594,0.0,0.0
2023-12-22 13:30:00-05:00,0.6203510165214539,0.6203510165214539,0.6102010011672974,0.6102010011672974,1347,0.0,0.0
2023-12-22 14:30:00-05:00,0.6101999878883362,0.6274999976158142,0.6100999712944031,0.6105999946594238,47554,0.0,0.0
2023-12-22 15:30:00-05:00,0.6105999946594238,0.6229000091552734,0.6050999760627747,0.6071000099182129,43416,0.0,0.0
2023-12-26 09:30:00-05:00,0.6079000234603882,0.6200000047683716,0.5902000069618225,0.6031000018119812,28056,0.0,0.0
2023-12-26 10:30:00-05:00,0.6101999878883362,0.6690000295639038,0.6101999878883362,0.6589999794960022,74354,0.0,0.0
2023-12-26 11:30:00-05:00,0.6589999794960022,0.6589999794960022,0.6502000093460083,0.6545000076293945,15516,0.0,0.0
2023-12-26 12:30:00-05:00,0.6502000093460083,0.652400016784668,0.6399999856948853,0.6455000042915344,27398,0.0,0.0
2023-12-26 13:30:00-05:00,0.6455000042915344,0.6499000191688538,0.6410999894142151,0.6410999894142151,8441,0.0,0.0
2023-12-26 14:30:00-05:00,0.6412000060081482,0.6700000166893005,0.6412000060081482,0.6600000262260437,102029,0.0,0.0
2023-12-26 15:30:00-05:00,0.6600000262260437,0.6601009964942932,0.6499999761581421,0.6500999927520752,2782,0.0,0.0
2023-12-27 09:30:00-05:00,0.6959999799728394,0.699999988079071,0.6222000122070312,0.656000018119812,32675,0.0,0.0
2023-12-27 10:30:00-05:00,0.656000018119812,0.675000011920929,0.6500999927520752,0.6650490164756775,8618,0.0,0.0
2023-12-27 11:30:00-05:00,0.6600000262260437,0.699999988079071,0.6402000188827515,0.699999988079071,34995,0.0,0.0
2023-12-27 12:30:00-05:00,0.6600000262260437,0.6700000166893005,0.6500999927520752,0.6510000228881836,7193,0.0,0.0
2023-12-27 13:30:00-05:00,0.6502000093460083,0.6700000166893005,0.6500999927520752,0.6501010060310364,11332,0.0,0.0
2023-12-27 14:30:00-05:00,0.6600509881973267,0.6600509881973267,0.6502000093460083,0.6599000096321106,16738,0.0,0.0
2023-12-27 15:30:00-05:00,0.6500999927520752,0.6600000262260437,0.6399999856948853,0.6401000022888184,0,0.0,0.0
2023-12-28 09:30:00-05:00,0.6800000071525574,0.6800000071525574,0.6399999856948853,0.640500009059906,32579,0.0,0.0
2023-12-28 10:30:00-05:00,0.6690000295639038,0.6700000166893005,0.6412000060081482,0.6551010012626648,90139,0.0,0.0
2023-12-28 11:30:00-05:00,0.6549999713897705,0.6677590012550354,0.6467599868774414,0.6639999747276306,3106,0.0,0.0
2023-12-28 12:30:00-05:00,0.6639999747276306,0.6639999747276306,0.6430000066757202,0.6639999747276306,4076,0.0,0.0
2023-12-28 13:30:00-05:00,0.6639999747276306,0.6639999747276306,0.6431009769439697,0.6639999747276306,2023,0.0,0.0
2023-12-28 14:30:00-05:00,0.6439999938011169,0.699999988079071,0.6439999938011169,0.6927000284194946,138654,0.0,0.0
2023-12-28 15:30:00-05:00,0.671500027179718,0.6969000101089478,0.671500027179718,0.6800000071525574,32776,0.0,0.0
2023-12-29 09:30:00-05:00,0.6620000004768372,0.6800000071525574,0.6499999761581421,0.6700000166893005,39751,0.0,0.0
2023-12-29 10:30:00-05:00,0.670199990272522,0.6798989772796631,0.670199990272522,0.675000011920929,17742,0.0,0.0
2023-12-29 11:30:00-05:00,0.675000011920929,0.7289999723434448,0.675000011920929,0.7099999785423279,49364,0.0,0.0
2023-12-29 12:30:00-05:00,0.7099999785423279,0.8080000281333923,0.6894999742507935,0.7295010089874268,461044,0.0,0.0
2023-12-29 13:30:00-05:00,0.7252500057220459,0.800000011920929,0.7251999974250793,0.7649999856948853,93863,0.0,0.0
2023-12-29 14:30:00-05:00,0.7699000239372253,0.7700499892234802,0.7501000165939331,0.7630000114440918,36969,0.0,0.0
2023-12-29 15:30:00-05:00,0.7565510272979736,0.7699999809265137,0.7501000165939331,0.7599999904632568,15546,0.0,0.0
2024-01-02 09:30:00-05:00,1.059999942779541,1.2000000476837158,0.8799999952316284,0.9013000130653381,43676924,0.0,0.0
2024-01-02 10:30:00-05:00,0.9031000137329102,0.9218999743461609,0.8199999928474426,0.8294000029563904,4488110,0.0,0.0
2024-01-02 11:30:00-05:00,0.8294000029563904,0.949999988079071,0.8226000070571899,0.9390990138053894,2025189,0.0,0.0
2024-01-02 12:30:00-05:00,0.9366999864578247,0.9415000081062317,0.8420000076293945,0.8694999814033508,1113722,0.0,0.0
2024-01-02 13:30:00-05:00,0.8644000291824341,0.8952999711036682,0.8550999760627747,0.8849899768829346,474247,0.0,0.0
2024-01-02 14:30:00-05:00,0.8849999904632568,0.9350000023841858,0.870199978351593,0.9341999888420105,962951,0.0,0.0
2024-01-02 15:30:00-05:00,0.9300000071525574,0.9490000009536743,0.8450999855995178,0.8510010242462158,1207615,0.0,0.0
2024-01-03 09:30:00-05:00,0.7900999784469604,0.883899986743927,0.7699999809265137,0.8598999977111816,1136042,0.0,0.0
2024-01-03 10:30:00-05:00,0.8600000143051147,0.9199000000953674,0.8543000221252441,0.9002000093460083,497827,0.0,0.0
2024-01-03 11:30:00-05:00,0.9100000262260437,0.9190000295639038,0.8539999723434448,0.8640000224113464,180100,0.0,0.0
2024-01-03 12:30:00-05:00,0.8640000224113464,0.9488000273704529,0.8600000143051147,0.9380000233650208,306418,0.0,0.0
2024-01-03 13:30:00-05:00,0.9369999766349792,0.9380000233650208,0.8679999709129333,0.9275000095367432,259796,0.0,0.0
2024-01-03 14:30:00-05:00,0.9275000095367432,0.9386000037193298,0.9100000262260437,0.9197999835014343,170313,0.0,0.0
2024-01-03 15:30:00-05:00,0.9150000214576721,0.9300000071525574,0.8999999761581421,0.9110000133514404,125631,0.0,0.0
2024-01-04 09:30:00-05:00,0.9498999714851379,0.9595999717712402,0.8420000076293945,0.8600000143051147,1751901,0.0,0.0
2024-01-04 10:30:00-05:00,0.8697999715805054,0.9197999835014343,0.8519999980926514,0.9197999835014343,98517,0.0,0.0
2024-01-04 11:30:00-05:00,0.919700026512146,0.919700026512146,0.8751000165939331,0.8978000283241272,97336,0.0,0.0
2024-01-04 12:30:00-05:00,0.8978000283241272,0.917900025844574,0.8751000165939331,0.917900025844574,69751,0.0,0.0
2024-01-04 13:30:00-05:00,0.917900025844574,0.9449999928474426,0.8974499702453613,0.9449999928474426,121474,0.0,0.0
2024-01-04 14:30:00-05:00,0.9449999928474426,0.9490000009536743,0.9010000228881836,0.9294999837875366,151379,0.0,0.0
2024-01-04 15:30:00-05:00,0.9294999837875366,0.9294999837875366,0.8820000290870667,0.9100000262260437,61101,0.0,0.0
2024-01-05 09:30:00-05:00,0.8550000190734863,0.8999999761581421,0.8299999833106995,0.8399999737739563,184699,0.0,0.0
2024-01-05 10:30:00-05:00,0.8399999737739563,0.8500000238418579,0.8005009889602661,0.844199001789093,198219,0.0,0.0
2024-01-05 11:30:00-05:00,0.8442000150680542,0.8442000150680542,0.800000011920929,0.8199999928474426,66741,0.0,0.0
2024-01-05 12:30:00-05:00,0.8149999976158142,0.8299999833106995,0.8003000020980835,0.8100000023841858,31165,0.0,0.0
2024-01-05 13:30:00-05:00,0.8199999928474426,0.8299999833106995,0.8100000023841858,0.8101009726524353,38223,0.0,0.0
2024-01-05 14:30:00-05:00,0.8101000189781189,0.8379999995231628,0.8100000023841858,0.8243209719657898,48264,0.0,0.0
2024-01-05 15:30:00-05:00,0.8288999795913696,0.8288999795913696,0.8019999861717224,0.8050000071525574,119409,0.0,0.0
2024-01-08 09:30:00-05:00,0.8999999761581421,0.9800000190734863,0.8140000104904175,0.8299000263214111,5687428,0.0,0.0
2024-01-08 10:30:00-05:00,0.8226000070571899,0.9088990092277527,0.8226000070571899,0.8847000002861023,307266,0.0,0.0
2024-01-08 11:30:00-05:00,0.8847000002861023,0.8998000025749207,0.8700000047683716,0.8802000284194946,136423,0.0,0.0
2024-01-08 12:30:00-05:00,0.8726000189781189,0.9196000099182129,0.8725000023841858,0.8899999856948853,226624,0.0,0.0
2024-01-08 13:30:00-05:00,0.8901000022888184,0.9079999923706055,0.8601999878883362,0.8949509859085083,183889,0.0,0.0
2024-01-08 14:30:00-05:00,0.8989999890327454,0.9089999794960022,0.8769999742507935,0.9035000205039978,153282,0.0,0.0
2024-01-08 15:30:00-05:00,0.9089999794960022,0.9484999775886536,0.8967999815940857,0.9311000108718872,254144,0.0,0.0
2024-01-09 09:30:00-05:00,0.8684999942779541,0.9200000166893005,0.8600000143051147,0.8899000287055969,230255,0.0,0.0
2024-01-09 10:30:00-05:00,0.8899000287055969,0.8999999761581421,0.8671000003814697,0.8703010082244873,52549,0.0,0.0
2024-01-09 11:30:00-05:00,0.8715000152587891,0.8899999856948853,0.8672999739646912,0.8740000128746033,36513,0.0,0.0
2024-01-09 12:30:00-05:00,0.8737999796867371,0.8899999856948853,0.8700000047683716,0.875,99010,0.0,0.0
2024-01-09 13:30:00-05:00,0.8899999856948853,0.8899999856948853,0.8755000233650208,0.8759999871253967,37240,0.0,0.0
2024-01-09 14:30:00-05:00,0.8799999952316284,0.8899999856948853,0.8700000047683716,0.8895000219345093,45277,0.0,0.0
2024-01-09 15:30:00-05:00,0.8709999918937683,0.8895999789237976,0.8679999709129333,0.8703489899635315,33376,0.0,0.0
2024-01-10 09:30:00-05:00,0.8598999977111816,0.8730000257492065,0.8216000199317932,0.8402000069618225,112873,0.0,0.0
2024-01-10 10:30:00-05:00,0.8402000069618225,0.8402000069618225,0.8216000199317932,0.8360000252723694,55502,0.0,0.0
2024-01-10 11:30:00-05:00,0.8325099945068359,0.8450999855995178,0.832099974155426,0.8450999855995178,19907,0.0,0.0
2024-01-10 12:30:00-05:00,0.8402000069618225,0.8629000186920166,0.8324000239372253,0.8629000186920166,38638,0.0,0.0
2024-01-10 13:30:00-05:00,0.8561000227928162,0.8629000186920166,0.8450999855995178,0.8450999855995178,11047,0.0,0.0
2024-01-10 14:30:00-05:00,0.8500000238418579,0.8700000047683716,0.8341000080108643,0.8572999835014343,38203,0.0,0.0
2024-01-10 15:30:00-05:00,0.8600000143051147,0.8700000047683716,0.8510000109672546,0.8547999858856201,34880,0.0,0.0
2024-01-11 09:30:00-05:00,0.8475000262260437,0.8700000047683716,0.8009999990463257,0.8374999761581421,293203,0.0,0.0
2024-01-11 10:30:00-05:00,0.8324999809265137,0.8324999809265137,0.824999988079071,0.824999988079071,67548,0.0,0.0
2024-01-11 11:30:00-05:00,0.8299999833106995,0.8398000001907349,0.8199999928474426,0.8299999833106995,50776,0.0,0.0
2024-01-11 12:30:00-05:00,0.8299999833106995,0.8398000001907349,0.8201000094413757,0.8299999833106995,35670,0.0,0.0
2024-01-11 13:30:00-05:00,0.8203009963035583,0.8389999866485596,0.8202999830245972,0.8389999866485596,16790,0.0,0.0
2024-01-11 14:30:00-05:00,0.8399999737739563,0.8500000238418579,0.8270000219345093,0.8500000238418579,21821,0.0,0.0
2024-01-11 15:30:00-05:00,0.8450999855995178,0.8700000047683716,0.8450999855995178,0.8659999966621399,35347,0.0,0.0
2024-01-12 09:30:00-05:00,0.8291000127792358,0.8662999868392944,0.8291000127792358,0.8399999737739563,83302,0.0,0.0
2024-01-12 10:30:00-05:00,0.845300018787384,0.8501999974250793,0.8209999799728394,0.8349999785423279,34029,0.0,0.0
2024-01-12 11:30:00-05:00,0.8299999833106995,0.8349999785423279,0.8210009932518005,0.8220000267028809,15613,0.0,0.0
2024-01-12 12:30:00-05:00,0.8251000046730042,0.849399983882904,0.8251000046730042,0.8299999833106995,32257,0.0,0.0
2024-01-12 13:30:00-05:00,0.8252000212669373,0.8493000268936157,0.8252000212669373,0.8377000093460083,6167,0.0,0.0
2024-01-12 14:30:00-05:00,0.8263000249862671,0.8399999737739563,0.8255000114440918,0.8302000164985657,5315,0.0,0.0
2024-01-12 15:30:00-05:00,0.839900016784668,0.8399999737739563,0.8300999999046326,0.8306999802589417,14378,0.0,0.0
2024-01-16 09:30:00-05:00,0.7799999713897705,0.7900000214576721,0.7706000208854675,0.7706000208854675,189416,0.0,0.0
2024-01-16 10:30:00-05:00,0.7706000208854675,0.7900000214576721,0.7706000208854675,0.7799999713897705,40528,0.0,0.0
2024-01-16 11:30:00-05:00,0.7775999903678894,0.7889999747276306,0.7509999871253967,0.7570000290870667,75956,0.0,0.0
2024-01-16 12:30:00-05:00,0.7569500207901001,0.760200023651123,0.7300000190734863,0.7440999746322632,68541,0.0,0.0
2024-01-16 13:30:00-05:00,0.7440000176429749,0.7601000070571899,0.7330999970436096,0.741100013256073,60931,0.0,0.0
2024-01-16 14:30:00-05:00,0.75,0.7580000162124634,0.7339000105857849,0.7339000105857849,41895,0.0,0.0
2024-01-16 15:30:00-05:00,0.7340999841690063,0.7369999885559082,0.699999988079071,0.7039999961853027,53940,0.0,0.0
2024-01-17 09:30:00-05:00,0.7099999785423279,0.7200000286102295,0.652899980545044,0.6984999775886536,110783,0.0,0.0
2024-01-17 10:30:00-05:00,0.6700000166893005,0.6800000071525574,0.6169999837875366,0.6456000208854675,236269,0.0,0.0
2024-01-17 11:30:00-05:00,0.6604999899864197,0.6743000149726868,0.6499999761581421,0.6499999761581421,2367,0.0,0.0
2024-01-17 12:30:00-05:00,0.6639000177383423,0.6700009703636169,0.6535000205039978,0.6679999828338623,5306,0.0,0.0
2024-01-17 13:30:00-05:00,0.6699000000953674,0.6699000000953674,0.6499999761581421,0.6499999761581421,7557,0.0,0.0
2024-01-17 14:30:00-05:00,0.6499999761581421,0.6499999761581421,0.6281219720840454,0.6345000267028809,25616,0.0,0.0
2024-01-17 15:30:00-05:00,0.6399999856948853,0.6399999856948853,0.6301000118255615,0.6301500201225281,15255,0.0,0.0
2024-01-18 09:30:00-05:00,0.6600000262260437,0.6600000262260437,0.625,0.6460000276565552,38079,0.0,0.0
2024-01-18 10:30:00-05:00,0.6460000276565552,0.6625999808311462,0.6385999917984009,0.6385999917984009,36993,0.0,0.0
2024-01-18 11:30:00-05:00,0.6363000273704529,0.6481500267982483,0.6299999952316284,0.6301000118255615,7950,0.0,0.0
2024-01-18 12:30:00-05:00,0.6301000118255615,0.6305999755859375,0.6299999952316284,0.6301000118255615,18737,0.0,0.0
2024-01-18 13:30:00-05:00,0.630050003528595,0.6305999755859375,0.6299999952316284,0.6299999952316284,23597,0.0,0.0
2024-01-18 14:30:00-05:00,0.6299999952316284,0.6301000118255615,0.616599977016449,0.619949996471405,20870,0.0,0.0
2024-01-18 15:30:00-05:00,0.6200000047683716,0.6209999918937683,0.613099992275238,0.6209999918937683,0,0.0,0.0
2024-01-19 09:30:00-05:00,0.6209999918937683,0.6211000084877014,0.5554999709129333,0.5767999887466431,67900,0.0,0.0
2024-01-19 10:30:00-05:00,0.5669999718666077,0.6000000238418579,0.5669999718666077,0.5699999928474426,150658,0.0,0.0
2024-01-19 11:30:00-05:00,0.5676000118255615,0.5988990068435669,0.5659999847412109,0.5988990068435669,87879,0.0,0.0
2024-01-19 12:30:00-05:00,0.5889000296592712,0.5889000296592712,0.5670999884605408,0.569100022315979,14941,0.0,0.0
2024-01-19 13:30:00-05:00,0.579800009727478,0.5889000296592712,0.5695499777793884,0.5878000259399414,20245,0.0,0.0
2024-01-19 14:30:00-05:00,0.5795000195503235,0.5795000195503235,0.5795000195503235,0.5795000195503235,319,0.0,0.0
2024-01-19 15:30:00-05:00,0.5751000046730042,0.5759999752044678,0.5691999793052673,0.5738000273704529,17679,0.0,0.0
2024-01-22 09:30:00-05:00,0.578000009059906,0.5950000286102295,0.578000009059906,0.5899999737739563,37250,0.0,0.0
2024-01-22 10:30:00-05:00,0.5799999833106995,0.5799999833106995,0.5738000273704529,0.5738000273704529,24246,0.0,0.0
2024-01-22 11:30:00-05:00,0.5738000273704529,0.5776410102844238,0.5699999928474426,0.5727999806404114,11980,0.0,0.0
2024-01-22 12:30:00-05:00,0.5727999806404114,0.5949000120162964,0.5727999806404114,0.5947999954223633,34622,0.0,0.0
2024-01-22 13:30:00-05:00,0.5867000222206116,0.5989999771118164,0.5800999999046326,0.5989999771118164,9833,0.0,0.0
2024-01-22 14:30:00-05:00,0.5979999899864197,0.6100000143051147,0.597000002861023,0.5979999899864197,5671,0.0,0.0
2024-01-22 15:30:00-05:00,0.6100999712944031,0.6100999712944031,0.6000000238418579,0.6000000238418579,7144,0.0,0.0
2024-01-23 09:30:00-05:00,0.6200000047683716,0.6200000047683716,0.5889999866485596,0.6000000238418579,0,0.0,0.0
2024-01-23 10:30:00-05:00,0.6000000238418579,0.6050000190734863,0.5849999785423279,0.5849999785423279,0,0.0,0.0
2024-01-23 11:30:00-05:00,0.5849999785423279,0.6146000027656555,0.58160001039505,0.5817999839782715,135688,0.0,0.0
2024-01-23 12:30:00-05:00,0.5819000005722046,0.614799976348877,0.5819000005722046,0.6137710213661194,5681,0.0,0.0
2024-01-23 13:30:00-05:00,0.6154999732971191,0.6200000047683716,0.5910000205039978,0.6200000047683716,26144,0.0,0.0
2024-01-23 14:30:00-05:00,0.6200000047683716,0.6200000047683716,0.5910999774932861,0.6200000047683716,8906,0.0,0.0
2024-01-23 15:30:00-05:00,0.6200000047683716,0.6200000047683716,0.595300018787384,0.595300018787384,2748,0.0,0.0
2024-01-24 09:30:00-05:00,0.6000999808311462,0.6299999952316284,0.6000999808311462,0.6100000143051147,16126,0.0,0.0
2024-01-24 10:30:00-05:00,0.6010000109672546,0.6098999977111816,0.6001999974250793,0.6010000109672546,1057,0.0,0.0
2024-01-24 11:30:00-05:00,0.6010000109672546,0.6097999811172485,0.5699999928474426,0.5699999928474426,52582,0.0,0.0
2024-01-24 12:30:00-05:00,0.5699999928474426,0.5979999899864197,0.5699999928474426,0.574999988079071,21869,0.0,0.0
2024-01-24 13:30:00-05:00,0.574999988079071,0.597000002861023,0.5699999928474426,0.597000002861023,20432,0.0,0.0
2024-01-24 14:30:00-05:00,0.5956000089645386,0.5956000089645386,0.5855000019073486,0.5860000252723694,2039,0.0,0.0
2024-01-24 15:30:00-05:00,0.5855000019073486,0.597000002861023,0.5855000019073486,0.5899999737739563,0,0.0,0.0
2024-01-25 09:30:00-05:00,0.6078000068664551,0.6110000014305115,0.5730999708175659,0.573199987411499,37784,0.0,0.0
2024-01-25 10:30:00-05:00,0.590050995349884,0.6000000238418579,0.5701000094413757,0.6000000238418579,5185,0.0,0.0
2024-01-25 11:30:00-05:00,0.5997989773750305,0.5997989773750305,0.5720999836921692,0.5831000208854675,15994,0.0,0.0
2024-01-25 12:30:00-05:00,0.5730000138282776,0.5799999833106995,0.5723999738693237,0.5723999738693237,6252,0.0,0.0
2024-01-25 13:30:00-05:00,0.5782999992370605,0.5893999934196472,0.5782999992370605,0.5892999768257141,1361,0.0,0.0
2024-01-25 14:30:00-05:00,0.5895000100135803,0.5930179953575134,0.5787000060081482,0.5800999999046326,3529,0.0,0.0
2024-01-25 15:30:00-05:00,0.5824999809265137,0.6000000238418579,0.5824999809265137,0.5989999771118164,10863,0.0,0.0
2024-01-26 09:30:00-05:00,0.5809999704360962,0.5950000286102295,0.5809999704360962,0.5913000106811523,7716,0.0,0.0
2024-01-26 10:30:00-05:00,0.5899999737739563,0.6114000082015991,0.585099995136261,0.6114000082015991,35649,0.0,0.0
2024-01-26 11:30:00-05:00,0.602400004863739,0.6240000128746033,0.602400004863739,0.6200000047683716,25226,0.0,0.0
2024-01-26 12:30:00-05:00,0.6200000047683716,0.628000020980835,0.5989999771118164,0.6057609915733337,17173,0.0,0.0
2024-01-26 13:30:00-05:00,0.6000000238418579,0.6199989914894104,0.6000000238418579,0.6199989914894104,6492,0.0,0.0
2024-01-26 14:30:00-05:00,0.6200000047683716,0.6200000047683716,0.6004999876022339,0.6169999837875366,4286,0.0,0.0
2024-01-26 15:30:00-05:00,0.6001999974250793,0.6098999977111816,0.6001999974250793,0.6098999977111816,1343,0.0,0.0
2024-01-29 09:30:00-05:00,0.6100000143051147,0.6100000143051147,0.6000000238418579,0.6077709794044495,16708,0.0,0.0
2024-01-29 10:30:00-05:00,0.6097999811172485,0.6189000010490417,0.6056069731712341,0.6134989857673645,16301,0.0,0.0
2024-01-29 11:30:00-05:00,0.6080999970436096,0.6200000047683716,0.6080999970436096,0.6111000180244446,4509,0.0,0.0
2024-01-29 12:30:00-05:00,0.6200000047683716,0.6600000262260437,0.6200000047683716,0.6600000262260437,25312,0.0,0.0
2024-01-29 13:30:00-05:00,0.6549999713897705,0.6600000262260437,0.6499999761581421,0.6501010060310364,14692,0.0,0.0
2024-01-29 14:30:00-05:00,0.6499999761581421,0.6499999761581421,0.6299999952316284,0.6399999856948853,23714,0.0,0.0
2024-01-29 15:30:00-05:00,0.637499988079071,0.637499988079071,0.6324999928474426,0.6349999904632568,1914,0.0,0.0
2024-01-30 09:30:00-05:00,0.6299999952316284,0.6420000195503235,0.6200000047683716,0.6301000118255615,19632,0.0,0.0
2024-01-30 10:30:00-05:00,0.6299999952316284,0.6399999856948853,0.6200000047683716,0.6299999952316284,21005,0.0,0.0
2024-01-30 11:30:00-05:00,0.6330000162124634,0.6330000162124634,0.6209999918937683,0.6209999918937683,2909,0.0,0.0
2024-01-30 12:30:00-05:00,0.6201000213623047,0.6399000287055969,0.6200000047683716,0.6298999786376953,3653,0.0,0.0
2024-01-30 13:30:00-05:00,0.6298999786376953,0.6298999786376953,0.6110000014305115,0.6110000014305115,6228,0.0,0.0
2024-01-30 14:30:00-05:00,0.6150000095367432,0.6299999952316284,0.6150000095367432,0.625,4643,0.0,0.0
2024-01-30 15:30:00-05:00,0.625,0.6399000287055969,0.6152999997138977,0.6389999985694885,0,0.0,0.0
2024-01-31 09:30:00-05:00,0.6299999952316284,0.6299999952316284,0.6205999851226807,0.6299999952316284,6154,0.0,0.0
2024-01-31 10:30:00-05:00,0.6205999851226807,0.6287999749183655,0.5899999737739563,0.6100000143051147,17012,0.0,0.0
2024-01-31 11:30:00-05:00,0.6110000014305115,0.6200000047683716,0.6019999980926514,0.6101009845733643,6953,0.0,0.0
2024-01-31 12:30:00-05:00,0.6100000143051147,0.625,0.6100000143051147,0.625,1055,0.0,0.0
2024-01-31 13:30:00-05:00,0.625,0.6299999952316284,0.6100000143051147,0.6299999952316284,39918,0.0,0.0
2024-01-31 14:30:00-05:00,0.6299999952316284,0.6700000166893005,0.6299999952316284,0.6499999761581421,30214,0.0,0.0
2024-01-31 15:30:00-05:00,0.6500999927520752,0.6700000166893005,0.6485999822616577,0.6700000166893005,0,0.0,0.0
2024-02-01 09:30:00-05:00,0.6812000274658203,0.6815999746322632,0.6600009799003601,0.6600009799003601,27017,0.0,0.0
2024-02-01 10:30:00-05:00,0.6501010060310364,0.6699000000953674,0.6499999761581421,0.6699000000953674,23530,0.0,0.0
2024-02-01 11:30:00-05:00,0.6700000166893005,0.6700000166893005,0.6517000198364258,0.6697999835014343,7692,0.0,0.0
2024-02-01 12:30:00-05:00,0.664900004863739,0.664900004863739,0.6499999761581421,0.6499999761581421,3133,0.0,0.0
2024-02-01 13:30:00-05:00,0.6690000295639038,0.6699000000953674,0.659949004650116,0.6668000221252441,4800,0.0,0.0
2024-02-01 14:30:00-05:00,0.6501010060310364,0.6697999835014343,0.6501010060310364,0.6697999835014343,776,0.0,0.0
2024-02-01 15:30:00-05:00,0.6697999835014343,0.6697999835014343,0.6610000133514404,0.6644999980926514,3235,0.0,0.0
2024-02-02 09:30:00-05:00,0.6700000166893005,0.6700000166893005,0.6438999772071838,0.6480000019073486,8775,0.0,0.0
2024-02-02 10:30:00-05:00,0.6460000276565552,0.6549999713897705,0.6262000203132629,0.6262000203132629,17740,0.0,0.0
2024-02-02 11:30:00-05:00,0.632099986076355,0.6399999856948853,0.6218000054359436,0.6399000287055969,6266,0.0,0.0
2024-02-02 12:30:00-05:00,0.6399000287055969,0.6697999835014343,0.6299999952316284,0.663100004196167,139481,0.0,0.0
2024-02-02 13:30:00-05:00,0.6421999931335449,0.6697999835014343,0.6349999904632568,0.6697999835014343,1317,0.0,0.0
2024-02-02 14:30:00-05:00,0.6401000022888184,0.6599000096321106,0.6401000022888184,0.6501010060310364,15395,0.0,0.0
2024-02-02 15:30:00-05:00,0.6549000144004822,0.6599000096321106,0.6499999761581421,0.6499999761581421,8094,0.0,0.0
2024-02-05 09:30:00-05:00,0.6399999856948853,0.6499999761581421,0.6399999856948853,0.6499999761581421,9437,0.0,0.0
2024-02-05 10:30:00-05:00,0.6499999761581421,0.6599900126457214,0.6399999856948853,0.6420000195503235,3656,0.0,0.0
2024-02-05 11:30:00-05:00,0.6416000127792358,0.6600000262260437,0.6401000022888184,0.6401000022888184,5623,0.0,0.0
2024-02-05 12:30:00-05:00,0.6401010155677795,0.6600000262260437,0.6229000091552734,0.6600000262260437,4940,0.0,0.0
2024-02-05 13:30:00-05:00,0.6421999931335449,0.6423010230064392,0.6421999931335449,0.6421999931335449,822,0.0,0.0
2024-02-05 14:30:00-05:00,0.642300009727478,0.6434999704360962,0.637499988079071,0.637499988079071,2348,0.0,0.0
2024-02-05 15:30:00-05:00,0.637499988079071,0.6499999761581421,0.6299999952316284,0.642300009727478,1594,0.0,0.0
2024-02-06 09:30:00-05:00,0.6010000109672546,0.6202999949455261,0.6000000238418579,0.6061009764671326,63622,0.0,0.0
2024-02-06 10:30:00-05:00,0.6110000014305115,0.6202999949455261,0.6050000190734863,0.6050000190734863,2361,0.0,0.0
2024-02-06 11:30:00-05:00,0.6172000169754028,0.6269999742507935,0.6050999760627747,0.625,24465,0.0,0.0
2024-02-06 12:30:00-05:00,0.6179999709129333,0.629800021648407,0.61080002784729,0.629800021648407,1803,0.0,0.0
2024-02-06 13:30:00-05:00,0.6297000050544739,0.6297000050544739,0.6050000190734863,0.6050000190734863,20281,0.0,0.0
2024-02-06 14:30:00-05:00,0.6050999760627747,0.6198999881744385,0.6050999760627747,0.6050999760627747,3960,0.0,0.0
2024-02-07 09:30:00-05:00,0.6098999977111816,0.6200000047683716,0.6011000275611877,0.6107000112533569,24387,0.0,0.0
2024-02-07 10:30:00-05:00,0.607699990272522,0.607699990272522,0.6014000177383423,0.6014000177383423,2959,0.0,0.0
2024-02-07 11:30:00-05:00,0.6060000061988831,0.6069999933242798,0.6014000177383423,0.6065000295639038,2661,0.0,0.0
2024-02-07 12:30:00-05:00,0.6065000295639038,0.6065000295639038,0.6014999747276306,0.6065000295639038,611,0.0,0.0
2024-02-07 13:30:00-05:00,0.6014000177383423,0.6100000143051147,0.5949990153312683,0.5950000286102295,18257,0.0,0.0
2024-02-07 14:30:00-05:00,0.5936999917030334,0.6168000102043152,0.5924999713897705,0.5924999713897705,19856,0.0,0.0
2024-02-07 15:30:00-05:00,0.6039999723434448,0.6039999723434448,0.6025000214576721,0.6025000214576721,534,0.0,0.0
2024-02-08 09:30:00-05:00,0.5981000065803528,0.6200000047683716,0.5981000065803528,0.6100000143051147,33789,0.0,0.0
2024-02-08 10:30:00-05:00,0.6118999719619751,0.6266999840736389,0.6100000143051147,0.6201009750366211,29446,0.0,0.0
2024-02-08 11:30:00-05:00,0.625,0.6399999856948853,0.6200000047683716,0.6300010085105896,6487,0.0,0.0
2024-02-08 12:30:00-05:00,0.6200000047683716,0.6299999952316284,0.6200000047683716,0.6204509735107422,2349,0.0,0.0
2024-02-08 13:30:00-05:00,0.6399000287055969,0.6399999856948853,0.6299999952316284,0.6299999952316284,2058,0.0,0.0
2024-02-08 14:30:00-05:00,0.6299999952316284,0.6499999761581421,0.620199978351593,0.6499999761581421,8520,0.0,0.0
2024-02-08 15:30:00-05:00,0.649399995803833,0.649399995803833,0.6399999856948853,0.6401000022888184,12155,0.0,0.0
2024-02-09 09:30:00-05:00,0.6385999917984009,0.6499999761581421,0.6201000213623047,0.6432989835739136,5876,0.0,0.0
2024-02-09 10:30:00-05:00,0.6402009725570679,0.6600000262260437,0.6399999856948853,0.6399999856948853,5641,0.0,0.0
2024-02-09 11:30:00-05:00,0.6399999856948853,0.6401010155677795,0.6399999856948853,0.6399999856948853,618,0.0,0.0
2024-02-09 12:30:00-05:00,0.6600000262260437,0.6600000262260437,0.6600000262260437,0.6600000262260437,2513,0.0,0.0
2024-02-09 13:30:00-05:00,0.6700000166893005,0.6890000104904175,0.6600000262260437,0.6600000262260437,11785,0.0,0.0
2024-02-09 14:30:00-05:00,0.6600000262260437,0.6800000071525574,0.6600000262260437,0.6603000164031982,10360,0.0,0.0
2024-02-09 15:30:00-05:00,0.6650009751319885,0.6800000071525574,0.6544709801673889,0.6600000262260437,7377,0.0,0.0
2024-02-12 09:30:00-05:00,0.6600000262260437,0.6888999938964844,0.6600000262260437,0.6650000214576721,42656,0.0,0.0
2024-02-12 10:30:00-05:00,0.6725000143051147,0.6800000071525574,0.6650000214576721,0.6650000214576721,23234,0.0,0.0
2024-02-12 11:30:00-05:00,0.6800000071525574,0.6886990070343018,0.6700000166893005,0.6737599968910217,12578,0.0,0.0
2024-02-12 12:30:00-05:00,0.673799991607666,0.699999988079071,0.6700000166893005,0.699999988079071,11772,0.0,0.0
2024-02-12 13:30:00-05:00,0.6998900175094604,0.699999988079071,0.6890000104904175,0.699999988079071,8488,0.0,0.0
2024-02-12 14:30:00-05:00,0.6976000070571899,0.7300000190734863,0.6974999904632568,0.710099995136261,26308,0.0,0.0
2024-02-12 15:30:00-05:00,0.7141000032424927,0.7141000032424927,0.7000010013580322,0.7001000046730042,12147,0.0,0.0
2024-02-13 09:30:00-05:00,0.6801009774208069,0.6801009774208069,0.6699000000953674,0.6700000166893005,13624,0.0,0.0
2024-02-13 10:30:00-05:00,0.6899999976158142,0.6930000185966492,0.6700000166893005,0.6930000185966492,16247,0.0,0.0
2024-02-13 11:30:00-05:00,0.6850000023841858,0.6850000023841858,0.6700000166893005,0.6815999746322632,5674,0.0,0.0
2024-02-13 12:30:00-05:00,0.6800000071525574,0.6820999979972839,0.6700000166893005,0.6700000166893005,19009,0.0,0.0
2024-02-13 13:30:00-05:00,0.6800000071525574,0.6930999755859375,0.6330000162124634,0.6330000162124634,86273,0.0,0.0
2024-02-13 14:30:00-05:00,0.6646000146865845,0.6931999921798706,0.6330000162124634,0.6333000063896179,9982,0.0,0.0
2024-02-13 15:30:00-05:00,0.6579999923706055,0.6819000244140625,0.6333000063896179,0.662651002407074,0,0.0,0.0
2024-02-14 09:30:00-05:00,0.6600000262260437,0.6600000262260437,0.6349999904632568,0.654899001121521,19044,0.0,0.0
2024-02-14 10:30:00-05:00,0.6500999927520752,0.6759999990463257,0.6499999761581421,0.6685000061988831,9610,0.0,0.0
2024-02-14 11:30:00-05:00,0.6875,0.7003999948501587,0.6751000285148621,0.6875,2064,0.0,0.0
2024-02-14 12:30:00-05:00,0.6751000285148621,0.699999988079071,0.6751000285148621,0.6850000023841858,47164,0.0,0.0
2024-02-14 13:30:00-05:00,0.6850000023841858,0.6998999714851379,0.6800000071525574,0.6899999976158142,2018,0.0,0.0
2024-02-14 14:30:00-05:00,0.699999988079071,0.699999988079071,0.6800010204315186,0.699999988079071,1042,0.0,0.0
2024-02-14 15:30:00-05:00,0.6998999714851379,0.699999988079071,0.6801009774208069,0.6948999762535095,20052,0.0,0.0
2024-02-15 09:30:00-05:00,0.680400013923645,0.6899999976158142,0.6801000237464905,0.6899999976158142,19400,0.0,0.0
2024-02-15 10:30:00-05:00,0.6898999810218811,0.696399986743927,0.6800000071525574,0.6800000071525574,6330,0.0,0.0
2024-02-15 11:30:00-05:00,0.696399986743927,0.696399986743927,0.6881999969482422,0.6887999773025513,8148,0.0,0.0
2024-02-15 12:30:00-05:00,0.6814050078392029,0.699999988079071,0.6801000237464905,0.699999988079071,16020,0.0,0.0
2024-02-15 13:30:00-05:00,0.699999988079071,0.75,0.6955999732017517,0.7349990010261536,29422,0.0,0.0
2024-02-15 14:30:00-05:00,0.7200000286102295,0.7498000264167786,0.7200000286102295,0.7300000190734863,5171,0.0,0.0
2024-02-15 15:30:00-05:00,0.7299000024795532,0.7300000190734863,0.70169997215271,0.7300000190734863,4945,0.0,0.0
2024-02-16 09:30:00-05:00,0.7300000190734863,0.7300000190734863,0.6819999814033508,0.6819999814033508,29987,0.0,0.0
2024-02-16 10:30:00-05:00,0.718999981880188,0.7200000286102295,0.6998999714851379,0.7020000219345093,8231,0.0,0.0
2024-02-16 11:30:00-05:00,0.7200000286102295,0.7200000286102295,0.699999988079071,0.699999988079071,3248,0.0,0.0
2024-02-16 12:30:00-05:00,0.699999988079071,0.7149509787559509,0.699999988079071,0.7149509787559509,515,0.0,0.0
2024-02-16 13:30:00-05:00,0.7196999788284302,0.7197999954223633,0.7196999788284302,0.7197999954223633,463,0.0,0.0
2024-02-16 14:30:00-05:00,0.7099999785423279,0.7197999954223633,0.7001000046730042,0.7197999954223633,3026,0.0,0.0
2024-02-16 15:30:00-05:00,0.7095999717712402,0.7197999954223633,0.6897000074386597,0.6897000074386597,12210,0.0,0.0
2024-02-20 09:30:00-05:00,0.7099999785423279,0.7200000286102295,0.6819999814033508,0.7019000053405762,10858,0.0,0.0
2024-02-20 10:30:00-05:00,0.7149999737739563,0.7200000286102295,0.710099995136261,0.7200000286102295,3566,0.0,0.0
2024-02-20 11:30:00-05:00,0.7188000082969666,0.7200000286102295,0.7001000046730042,0.7200000286102295,6615,0.0,0.0
2024-02-20 12:30:00-05:00,0.7099999785423279,0.7200000286102295,0.7002000212669373,0.7200000286102295,7497,0.0,0.0
2024-02-20 13:30:00-05:00,0.7200000286102295,0.724399983882904,0.7001000046730042,0.7099999785423279,11090,0.0,0.0
2024-02-20 14:30:00-05:00,0.7198989987373352,0.7200000286102295,0.7100489735603333,0.7199000120162964,2288,0.0,0.0
2024-02-20 15:30:00-05:00,0.7124999761581421,0.7200000286102295,0.7099990248680115,0.7200000286102295,0,0.0,0.0
2024-02-21 09:30:00-05:00,0.7200000286102295,0.7343000173568726,0.7196999788284302,0.7199500203132629,19040,0.0,0.0
2024-02-21 10:30:00-05:00,0.7196999788284302,0.7200000286102295,0.710099995136261,0.710099995136261,5929,0.0,0.0
2024-02-21 11:30:00-05:00,0.7175009846687317,0.7200000286102295,0.7150009870529175,0.7190290093421936,6274,0.0,0.0
2024-02-21 12:30:00-05:00,0.7149999737739563,0.7200000286102295,0.7149999737739563,0.7150999903678894,2285,0.0,0.0
2024-02-21 13:30:00-05:00,0.7200000286102295,0.7200000286102295,0.7200000286102295,0.7200000286102295,327,0.0,0.0
2024-02-21 14:30:00-05:00,0.7275500297546387,0.7400000095367432,0.7152000069618225,0.7275999784469604,34648,0.0,0.0
2024-02-21 15:30:00-05:00,0.7300000190734863,0.7400000095367432,0.7152000069618225,0.7250000238418579,0,0.0,0.0
2024-02-22 09:30:00-05:00,0.7200000286102295,0.75,0.7200000286102295,0.7250000238418579,57931,0.0,0.0
2024-02-22 10:30:00-05:00,0.7257000207901001,0.7400000095367432,0.7250000238418579,0.7400000095367432,4956,0.0,0.0
2024-02-22 11:30:00-05:00,0.7412189841270447,0.7412189841270447,0.7412189841270447,0.7412189841270447,131,0.0,0.0
2024-02-22 12:30:00-05:00,0.7401000261306763,0.746999979019165,0.7300999760627747,0.7300999760627747,14802,0.0,0.0
2024-02-22 13:30:00-05:00,0.7419999837875366,0.7429999709129333,0.7300000190734863,0.7300000190734863,7264,0.0,0.0
2024-02-22 14:30:00-05:00,0.753600001335144,0.7540000081062317,0.7210999727249146,0.7210999727249146,13665,0.0,0.0
2024-02-22 15:30:00-05:00,0.720300018787384,0.7256399989128113,0.7200999855995178,0.7256399989128113,2158,0.0,0.0
2024-02-23 09:30:00-05:00,0.7372000217437744,0.7789999842643738,0.7236719727516174,0.7599999904632568,21172,0.0,0.0
2024-02-23 10:30:00-05:00,0.7549999952316284,0.7551000118255615,0.7290099859237671,0.7290099859237671,1047,0.0,0.0
2024-02-23 11:30:00-05:00,0.7291010022163391,0.7300999760627747,0.7289999723434448,0.7300999760627747,2555,0.0,0.0
2024-02-23 12:30:00-05:00,0.7310000061988831,0.7310000061988831,0.7310000061988831,0.7310000061988831,105,0.0,0.0
2024-02-23 13:30:00-05:00,0.7375490069389343,0.7500500082969666,0.7301999926567078,0.7500500082969666,10870,0.0,0.0
2024-02-23 14:30:00-05:00,0.7301999926567078,0.7699999809265137,0.7300999760627747,0.7699999809265137,23000,0.0,0.0
2024-02-23 15:30:00-05:00,0.75,0.7509999871253967,0.75,0.75,961,0.0,0.0
2024-02-26 09:30:00-05:00,0.7300000190734863,0.7599999904632568,0.699999988079071,0.7210000157356262,103949,0.0,0.0
2024-02-26 10:30:00-05:00,0.7400000095367432,0.7400000095367432,0.7200000286102295,0.7285000085830688,12112,0.0,0.0
2024-02-26 11:30:00-05:00,0.722000002861023,0.7350000143051147,0.718999981880188,0.7228000164031982,3232,0.0,0.0
2024-02-26 12:30:00-05:00,0.7129999995231628,0.7350000143051147,0.7116000056266785,0.7235000133514404,11749,0.0,0.0
2024-02-26 13:30:00-05:00,0.7350000143051147,0.7350000143051147,0.7235000133514404,0.7235000133514404,3636,0.0,0.0
2024-02-26 14:30:00-05:00,0.7239999771118164,0.7321000099182129,0.7156000137329102,0.7192000150680542,7040,0.0,0.0
2024-02-26 15:30:00-05:00,0.7190999984741211,0.7200000286102295,0.7145500183105469,0.7200000286102295,1319,0.0,0.0
2024-02-27 09:30:00-05:00,0.7398999929428101,0.7398999929428101,0.7099000215530396,0.7110999822616577,8706,0.0,0.0
2024-02-27 10:30:00-05:00,0.7200999855995178,0.734000027179718,0.7200999855995178,0.734000027179718,3391,0.0,0.0
2024-02-27 11:30:00-05:00,0.7319989800453186,0.7355999946594238,0.7300000190734863,0.7300999760627747,5951,0.0,0.0
2024-02-27 12:30:00-05:00,0.7379000186920166,0.7400000095367432,0.7333999872207642,0.7400000095367432,3802,0.0,0.0
2024-02-27 13:30:00-05:00,0.7398999929428101,0.7495999932289124,0.7373999953269958,0.7495999932289124,2910,0.0,0.0
2024-02-27 14:30:00-05:00,0.7450000047683716,0.75,0.7402999997138977,0.75,3624,0.0,0.0
2024-02-27 15:30:00-05:00,0.7402999997138977,0.7483000159263611,0.7200999855995178,0.7200999855995178,3961,0.0,0.0
2024-02-28 09:30:00-05:00,0.7099999785423279,0.7300000190734863,0.699999988079071,0.7198989987373352,31095,0.0,0.0
2024-02-28 10:30:00-05:00,0.7199000120162964,0.7199000120162964,0.7099499702453613,0.718999981880188,562,0.0,0.0
2024-02-28 11:30:00-05:00,0.7099999785423279,0.7199000120162964,0.7099999785423279,0.7199000120162964,23929,0.0,0.0
2024-02-28 12:30:00-05:00,0.7099999785423279,0.7199000120162964,0.7001010179519653,0.7001010179519653,6497,0.0,0.0
2024-02-28 13:30:00-05:00,0.7199000120162964,0.7199000120162964,0.7199000120162964,0.7199000120162964,22945,0.0,0.0
2024-02-28 14:30:00-05:00,0.7110000252723694,0.7199000120162964,0.7095999717712402,0.7095999717712402,1156,0.0,0.0
2024-02-28 15:30:00-05:00,0.7070000171661377,0.7199000120162964,0.7009999752044678,0.7124999761581421,14250,0.0,0.0
2024-02-29 09:30:00-05:00,0.7300000190734863,0.7300000190734863,0.7050999999046326,0.7050999999046326,9070,0.0,0.0
2024-02-29 10:30:00-05:00,0.699999988079071,0.7129999995231628,0.699999988079071,0.7129999995231628,2043,0.0,0.0
2024-02-29 11:30:00-05:00,0.7128999829292297,0.7269999980926514,0.710099995136261,0.7200000286102295,4231,0.0,0.0
2024-02-29 12:30:00-05:00,0.7200000286102295,0.7269999980926514,0.7102000117301941,0.7260000109672546,8843,0.0,0.0
2024-02-29 13:30:00-05:00,0.7269999980926514,0.7300000190734863,0.7269999980926514,0.7300000190734863,2128,0.0,0.0
2024-02-29 14:30:00-05:00,0.7102000117301941,0.7102000117301941,0.7102000117301941,0.7102000117301941,921,0.0,0.0
2024-02-29 15:30:00-05:00,0.7299000024795532,0.7299000024795532,0.7099999785423279,0.7099999785423279,2451,0.0,0.0
2024-03-01 09:30:00-05:00,0.7372000217437744,0.7372000217437744,0.6604999899864197,0.7099999785423279,114362,0.0,0.0
2024-03-01 10:30:00-05:00,0.7398999929428101,0.7598999738693237,0.7188000082969666,0.7598999738693237,36335,0.0,0.0
2024-03-01 11:30:00-05:00,0.7598000168800354,0.7598000168800354,0.7239009737968445,0.75,32514,0.0,0.0
2024-03-01 12:30:00-05:00,0.7599999904632568,0.7599999904632568,0.7443000078201294,0.7443000078201294,2398,0.0,0.0
2024-03-01 13:30:00-05:00,0.7450000047683716,0.75,0.7299990057945251,0.7497000098228455,27790,0.0,0.0
2024-03-01 14:30:00-05:00,0.7562000155448914,0.7669000029563904,0.7549999952316284,0.760200023651123,49055,0.0,0.0
2024-03-01 15:30:00-05:00,0.760200023651123,0.760200023651123,0.7200999855995178,0.7311999797821045,32220,0.0,0.0
2024-03-04 09:30:00-05:00,0.7896000146865845,0.7900000214576721,0.7799999713897705,0.7811999917030334,36422,0.0,0.0
2024-03-04 10:30:00-05:00,0.7811999917030334,0.800000011920929,0.7799999713897705,0.781000018119812,22393,0.0,0.0
2024-03-04 11:30:00-05:00,0.7810999751091003,0.7900000214576721,0.7810999751091003,0.7900000214576721,6215,0.0,0.0
2024-03-04 12:30:00-05:00,0.7924000024795532,0.7990999817848206,0.7924000024795532,0.7950000166893005,4809,0.0,0.0
2024-03-04 13:30:00-05:00,0.807200014591217,0.8100000023841858,0.786899983882904,0.8100000023841858,13067,0.0,0.0
2024-03-04 14:30:00-05:00,0.8098999857902527,0.8100000023841858,0.7900000214576721,0.8075000047683716,8026,0.0,0.0
2024-03-04 15:30:00-05:00,0.8001000285148621,0.8100000023841858,0.7900000214576721,0.8095999956130981,60944,0.0,0.0
2024-03-05 09:30:00-05:00,0.800000011920929,0.8100000023841858,0.800000011920929,0.8100000023841858,28591,0.0,0.0
2024-03-05 10:30:00-05:00,0.8098999857902527,0.8100000023841858,0.8011000156402588,0.8098989725112915,12211,0.0,0.0
2024-03-05 11:30:00-05:00,0.8098000288009644,0.8112000226974487,0.8027999997138977,0.8062999844551086,16464,0.0,0.0
2024-03-05 12:30:00-05:00,0.8062999844551086,0.8098999857902527,0.8062999844551086,0.8065000176429749,399,0.0,0.0
2024-03-05 13:30:00-05:00,0.8029000163078308,0.8177000284194946,0.8029000163078308,0.8100000023841858,10799,0.0,0.0
2024-03-05 14:30:00-05:00,0.8198000192642212,0.8198000192642212,0.8148999810218811,0.8190000057220459,8012,0.0,0.0
2024-03-05 15:30:00-05:00,0.8188999891281128,0.819599986076355,0.8100000023841858,0.819599986076355,37658,0.0,0.0
2024-03-06 09:30:00-05:00,0.817550003528595,0.817550003528595,0.7522000074386597,0.7870000004768372,42359,0.0,0.0
2024-03-06 10:30:00-05:00,0.7870000004768372,0.789900004863739,0.7840999960899353,0.7840999960899353,0,0.0,0.0
2024-03-06 11:30:00-05:00,0.789900004863739,0.824999988079071,0.7620000243186951,0.7699999809265137,46530,0.0,0.0
2024-03-06 12:30:00-05:00,0.7932000160217285,0.8125,0.7799999713897705,0.800000011920929,21629,0.0,0.0
2024-03-06 13:30:00-05:00,0.7900000214576721,0.8199999928474426,0.7900000214576721,0.8199999928474426,5973,0.0,0.0
2024-03-06 14:30:00-05:00,0.8199999928474426,0.8199999928474426,0.7900999784469604,0.800000011920929,3470,0.0,0.0
2024-03-06 15:30:00-05:00,0.7990000247955322,0.7990000247955322,0.7699999809265137,0.7842000126838684,0,0.0,0.0
2024-03-07 09:30:00-05:00,0.800000011920929,0.8098999857902527,0.7799999713897705,0.7899990081787109,4424,0.0,0.0
2024-03-07 10:30:00-05:00,0.7799999713897705,0.7900000214576721,0.7799999713897705,0.7900000214576721,9447,0.0,0.0
2024-03-07 11:30:00-05:00,0.7716000080108643,0.7750200033187866,0.7712000012397766,0.7750200033187866,901,0.0,0.0
2024-03-07 12:30:00-05:00,0.7900000214576721,0.800000011920929,0.7800999879837036,0.781000018119812,5652,0.0,0.0
2024-03-07 13:30:00-05:00,0.7800999879837036,0.7900000214576721,0.7799000144004822,0.781000018119812,43546,0.0,0.0
2024-03-07 14:30:00-05:00,0.7857999801635742,0.7935000061988831,0.7857999801635742,0.7870000004768372,3709,0.0,0.0
2024-03-07 15:30:00-05:00,0.7900000214576721,0.7900000214576721,0.7799999713897705,0.7900000214576721,0,0.0,0.0
2024-03-08 09:30:00-05:00,0.800000011920929,0.800000011920929,0.7799999713897705,0.7900000214576721,4850,0.0,0.0
2024-03-08 10:30:00-05:00,0.800000011920929,0.800000011920929,0.7799999713897705,0.798799991607666,8561,0.0,0.0
2024-03-08 11:30:00-05:00,0.800000011920929,0.800000011920929,0.7699999809265137,0.798799991607666,4947,0.0,0.0
2024-03-08 12:30:00-05:00,0.7799999713897705,0.7898989915847778,0.7620999813079834,0.7898989915847778,13197,0.0,0.0
2024-03-08 13:30:00-05:00,0.7777000069618225,0.7777000069618225,0.7664099931716919,0.7731999754905701,4134,0.0,0.0
2024-03-08 14:30:00-05:00,0.7799999713897705,0.7799999713897705,0.7799999713897705,0.7799999713897705,4317,0.0,0.0
2024-03-08 15:30:00-05:00,0.7750999927520752,0.7799999713897705,0.7620000243186951,0.7667999863624573,37125,0.0,0.0
2024-03-11 09:30:00-04:00,0.7699999809265137,0.7767999768257141,0.7450000047683716,0.7599999904632568,24492,0.0,0.0
2024-03-11 10:30:00-04:00,0.75,0.7598999738693237,0.7200000286102295,0.7350000143051147,45102,0.0,0.0
2024-03-11 11:30:00-04:00,0.731249988079071,0.737500011920929,0.7200000286102295,0.7200000286102295,92812,0.0,0.0
2024-03-11 12:30:00-04:00,0.7200000286102295,0.7200999855995178,0.6952000260353088,0.7200000286102295,33206,0.0,0.0
2024-03-11 13:30:00-04:00,0.7289999723434448,0.7299000024795532,0.7200000286102295,0.7200999855995178,4335,0.0,0.0
2024-03-11 14:30:00-04:00,0.7200999855995178,0.7299000024795532,0.7200999855995178,0.7250509858131409,11411,0.0,0.0
2024-03-11 15:30:00-04:00,0.7299000024795532,0.7562999725341797,0.7200999855995178,0.738798975944519,22363,0.0,0.0
2024-03-12 09:30:00-04:00,0.7490000128746033,0.7490000128746033,0.7009999752044678,0.7099000215530396,27049,0.0,0.0
2024-03-12 10:30:00-04:00,0.7199509739875793,0.7200000286102295,0.7049999833106995,0.7049999833106995,504,0.0,0.0
2024-03-12 11:30:00-04:00,0.7049999833106995,0.7170000076293945,0.7049999833106995,0.7049999833106995,4140,0.0,0.0
2024-03-12 12:30:00-04:00,0.7050999999046326,0.7199000120162964,0.7050999999046326,0.7199000120162964,1643,0.0,0.0
2024-03-12 13:30:00-04:00,0.7196000218391418,0.7196000218391418,0.7049999833106995,0.7114409804344177,7237,0.0,0.0
2024-03-12 14:30:00-04:00,0.7050999999046326,0.7123500108718872,0.7039999961853027,0.7105000019073486,5991,0.0,0.0
2024-03-12 15:30:00-04:00,0.7098990082740784,0.7099999785423279,0.701200008392334,0.7099999785423279,20884,0.0,0.0
2024-03-13 09:30:00-04:00,0.7099999785423279,0.7196999788284302,0.699999988079071,0.7002000212669373,16836,0.0,0.0
2024-03-13 10:30:00-04:00,0.7099999785423279,0.7102000117301941,0.7002999782562256,0.7003999948501587,21114,0.0,0.0
2024-03-13 11:30:00-04:00,0.7049999833106995,0.7049999833106995,0.7049999833106995,0.7049999833106995,3084,0.0,0.0
2024-03-13 12:30:00-04:00,0.7123510241508484,0.7196999788284302,0.7123500108718872,0.7196999788284302,5113,0.0,0.0
2024-03-13 13:30:00-04:00,0.7109000086784363,0.7109000086784363,0.7109000086784363,0.7109000086784363,235,0.0,0.0
2024-03-13 14:30:00-04:00,0.7196999788284302,0.75,0.7196999788284302,0.75,1697,0.0,0.0
2024-03-13 15:30:00-04:00,0.7059999704360962,0.7059999704360962,0.7057999968528748,0.7057999968528748,0,0.0,0.0
2024-03-14 09:30:00-04:00,0.699999988079071,0.7099999785423279,0.6499999761581421,0.6600000262260437,69837,0.0,0.0
2024-03-14 10:30:00-04:00,0.6600000262260437,0.6600000262260437,0.652999997138977,0.6599000096321106,3952,0.0,0.0
2024-03-14 11:30:00-04:00,0.6599000096321106,0.6599000096321106,0.656000018119812,0.6599000096321106,4303,0.0,0.0
2024-03-14 12:30:00-04:00,0.6599000096321106,0.6599000096321106,0.6499999761581421,0.6588990092277527,33639,0.0,0.0
2024-03-14 13:30:00-04:00,0.6499999761581421,0.6589990258216858,0.6366999745368958,0.6589990258216858,11213,0.0,0.0
2024-03-14 14:30:00-04:00,0.6499999761581421,0.6589999794960022,0.6304000020027161,0.6366999745368958,29299,0.0,0.0
2024-03-14 15:30:00-04:00,0.6335999965667725,0.6366999745368958,0.6299999952316284,0.6366000175476074,7119,0.0,0.0
2024-03-15 09:30:00-04:00,0.6399999856948853,0.6704999804496765,0.6399999856948853,0.6499000191688538,2269,0.0,0.0
2024-03-15 10:30:00-04:00,0.691100001335144,0.691100001335144,0.6729999780654907,0.6729999780654907,542,0.0,0.0
2024-03-15 11:30:00-04:00,0.6876999735832214,0.6876999735832214,0.6550999879837036,0.6675000190734863,1863,0.0,0.0
2024-03-15 13:30:00-04:00,0.6800000071525574,0.6800000071525574,0.6800000071525574,0.6800000071525574,822,0.0,0.0
2024-03-15 14:30:00-04:00,0.6736999750137329,0.6736999750137329,0.6736999750137329,0.6736999750137329,535,0.0,0.0
2024-03-15 15:30:00-04:00,0.6600000262260437,0.660099983215332,0.6600000262260437,0.660099983215332,458,0.0,0.0
2024-03-18 09:30:00-04:00,0.6284000277519226,0.6284000277519226,0.6108999848365784,0.6175000071525574,108232,0.0,0.0
2024-03-18 10:30:00-04:00,0.6154999732971191,0.6299999952316284,0.6110000014305115,0.6290000081062317,30036,0.0,0.0
2024-03-18 11:30:00-04:00,0.6299999952316284,0.6299999952316284,0.6057000160217285,0.6193000078201294,24136,0.0,0.0
2024-03-18 12:30:00-04:00,0.6299999952316284,0.6399999856948853,0.6000000238418579,0.6000000238418579,24953,0.0,0.0
2024-03-18 13:30:00-04:00,0.6430000066757202,0.6430000066757202,0.6039999723434448,0.6039999723434448,1030,0.0,0.0
2024-03-18 14:30:00-04:00,0.6093999743461609,0.6315000057220459,0.6050000190734863,0.6050000190734863,3541,0.0,0.0
2024-03-18 15:30:00-04:00,0.6200000047683716,0.6200000047683716,0.6050999760627747,0.6197999715805054,6614,0.0,0.0
2024-03-19 09:30:00-04:00,0.6011000275611877,0.6304000020027161,0.6000000238418579,0.6107000112533569,5773,0.0,0.0
2024-03-19 10:30:00-04:00,0.608299970626831,0.6388999819755554,0.6014999747276306,0.6299999952316284,30694,0.0,0.0
2024-03-19 11:30:00-04:00,0.625,0.6499999761581421,0.6100000143051147,0.6499999761581421,3799,0.0,0.0
2024-03-19 12:30:00-04:00,0.6200000047683716,0.6449999809265137,0.6200000047683716,0.6449999809265137,1749,0.0,0.0
2024-03-19 13:30:00-04:00,0.6200000047683716,0.6200000047683716,0.6200000047683716,0.6200000047683716,1995,0.0,0.0
2024-03-19 14:30:00-04:00,0.6399999856948853,0.6399999856948853,0.6209999918937683,0.6209999918937683,2109,0.0,0.0
2024-03-19 15:30:00-04:00,0.6209999918937683,0.6389999985694885,0.6209999918937683,0.6299999952316284,4295,0.0,0.0
2024-03-20 09:30:00-04:00,0.6399999856948853,0.6399999856948853,0.6115000247955322,0.6115000247955322,17081,0.0,0.0
2024-03-20 10:30:00-04:00,0.6115000247955322,0.6481999754905701,0.6115000247955322,0.6399999856948853,4724,0.0,0.0
2024-03-20 11:30:00-04:00,0.640999972820282,0.6499999761581421,0.6119999885559082,0.6119999885559082,548,0.0,0.0
2024-03-20 12:30:00-04:00,0.6119999885559082,0.6299999952316284,0.6115000247955322,0.6299999952316284,11994,0.0,0.0
2024-03-20 13:30:00-04:00,0.6438999772071838,0.6438999772071838,0.6308000087738037,0.6308000087738037,3922,0.0,0.0
2024-03-20 14:30:00-04:00,0.6150000095367432,0.6150000095367432,0.6150000095367432,0.6150000095367432,410,0.0,0.0
2024-03-20 15:30:00-04:00,0.6499999761581421,0.6499999761581421,0.6499999761581421,0.6499999761581421,157,0.0,0.0
2024-03-21 09:30:00-04:00,0.6462000012397766,0.6499999761581421,0.6323999762535095,0.6499999761581421,9594,0.0,0.0
2024-03-21 11:30:00-04:00,0.6399999856948853,0.6496999859809875,0.6349999904632568,0.6496999859809875,681,0.0,0.0
2024-03-21 12:30:00-04:00,0.6496999859809875,0.6496999859809875,0.6489999890327454,0.6489999890327454,439,0.0,0.0
2024-03-21 13:30:00-04:00,0.6499999761581421,0.6499999761581421,0.6499999761581421,0.6499999761581421,600,0.0,0.0
2024-03-21 15:30:00-04:00,0.6349999904632568,0.6349999904632568,0.6349999904632568,0.6349999904632568,257,0.0,0.0
2024-03-22 09:30:00-04:00,0.6204000115394592,0.6600000262260437,0.6204000115394592,0.6205000281333923,10456,0.0,0.0
2024-03-22 10:30:00-04:00,0.6352999806404114,0.6355000138282776,0.6205999851226807,0.6349999904632568,5388,0.0,0.0
2024-03-22 12:30:00-04:00,0.621999979019165,0.6330999732017517,0.621999979019165,0.6330999732017517,1839,0.0,0.0
2024-03-22 14:30:00-04:00,0.6389999985694885,0.6389999985694885,0.6251000165939331,0.6251000165939331,442,0.0,0.0
2024-03-22 15:30:00-04:00,0.6324999928474426,0.6348000168800354,0.6209999918937683,0.621999979019165,7923,0.0,0.0
2024-03-25 09:30:00-04:00,0.6200000047683716,0.6399999856948853,0.6200000047683716,0.6299999952316284,20527,0.0,0.0
2024-03-25 10:30:00-04:00,0.6211000084877014,0.6254000067710876,0.6039999723434448,0.6254000067710876,10415,0.0,0.0
2024-03-25 11:30:00-04:00,0.6100000143051147,0.6299999952316284,0.6100000143051147,0.6299999952316284,959,0.0,0.0
2024-03-25 12:30:00-04:00,0.625,0.625,0.6179999709129333,0.6179999709129333,751,0.0,0.0
2024-03-25 13:30:00-04:00,0.6299999952316284,0.6299999952316284,0.616100013256073,0.616100013256073,1636,0.0,0.0
2024-03-25 14:30:00-04:00,0.616100013256073,0.616100013256073,0.616100013256073,0.616100013256073,3200,0.0,0.0
2024-03-25 15:30:00-04:00,0.6161999702453613,0.6162999868392944,0.6161999702453613,0.6162999868392944,3051,0.0,0.0
2024-03-26 09:30:00-04:00,0.6200000047683716,0.6200000047683716,0.6100000143051147,0.6198999881744385,10923,0.0,0.0
2024-03-26 10:30:00-04:00,0.6100999712944031,0.6198999881744385,0.6100999712944031,0.6100999712944031,4998,0.0,0.0
2024-03-26 11:30:00-04:00,0.6161999702453613,0.6190000176429749,0.6161999702453613,0.6190000176429749,1878,0.0,0.0
2024-03-26 12:30:00-04:00,0.6096000075340271,0.6190000176429749,0.609000027179718,0.6190000176429749,7445,0.0,0.0
2024-03-26 13:30:00-04:00,0.6092000007629395,0.6098999977111816,0.6092000007629395,0.6098999977111816,1607,0.0,0.0
2024-03-26 14:30:00-04:00,0.6000999808311462,0.6097999811172485,0.5702000260353088,0.5702000260353088,19088,0.0,0.0
2024-03-26 15:30:00-04:00,0.5701000094413757,0.598800003528595,0.5699999928474426,0.5899999737739563,15990,0.0,0.0
2024-03-27 09:30:00-04:00,0.6000000238418579,0.6098999977111816,0.6000000238418579,0.6098999977111816,96199,0.0,0.0
2024-03-27 10:30:00-04:00,0.6098999977111816,0.6118999719619751,0.6054999828338623,0.6118999719619751,16659,0.0,0.0
2024-03-27 11:30:00-04:00,0.6054999828338623,0.6118999719619751,0.6054999828338623,0.6054999828338623,8963,0.0,0.0
2024-03-27 12:30:00-04:00,0.6098999977111816,0.6098999977111816,0.607699990272522,0.6098999977111816,12549,0.0,0.0
2024-03-27 13:30:00-04:00,0.6057000160217285,0.6100000143051147,0.6054999828338623,0.6054999828338623,12948,0.0,0.0
2024-03-27 14:30:00-04:00,0.6100000143051147,0.6100000143051147,0.6054999828338623,0.6087999939918518,13155,0.0,0.0
2024-03-27 15:30:00-04:00,0.6087999939918518,0.6087999939918518,0.6054999828338623,0.6054999828338623,1882,0.0,0.0
2024-03-28 09:30:00-04:00,0.5929999947547913,0.6100000143051147,0.5929999947547913,0.6000000238418579,49912,0.0,0.0
2024-03-28 10:30:00-04:00,0.5999000072479248,0.6000000238418579,0.593999981880188,0.593999981880188,5920,0.0,0.0
2024-03-28 11:30:00-04:00,0.5982000231742859,0.6069999933242798,0.5925999879837036,0.6068999767303467,51455,0.0,0.0
2024-03-28 12:30:00-04:00,0.6000000238418579,0.6001999974250793,0.5924000144004822,0.593999981880188,12342,0.0,0.0
2024-03-28 13:30:00-04:00,0.5995000004768372,0.6000000238418579,0.5983999967575073,0.6000000238418579,3982,0.0,0.0
2024-03-28 14:30:00-04:00,0.595300018787384,0.6060000061988831,0.593999981880188,0.6000999808311462,13222,0.0,0.0
2024-03-28 15:30:00-04:00,0.6000000238418579,0.6000000238418579,0.6000000238418579,0.6000000238418579,984,0.0,0.0
2024-04-01 09:30:00-04:00,0.6000000238418579,0.6000000238418579,0.5931000113487244,0.5964999794960022,18533,0.0,0.0
2024-04-01 10:30:00-04:00,0.5931000113487244,0.5931000113487244,0.550000011920929,0.5799000263214111,157314,0.0,0.0
2024-04-01 11:30:00-04:00,0.5720000267028809,0.5724999904632568,0.5609999895095825,0.5674999952316284,2484,0.0,0.0
2024-04-01 12:30:00-04:00,0.5724999904632568,0.5795999765396118,0.5699999928474426,0.5795999765396118,6528,0.0,0.0
2024-04-01 13:30:00-04:00,0.5795000195503235,0.5795000195503235,0.5699999928474426,0.5773000121116638,2662,0.0,0.0
2024-04-01 14:30:00-04:00,0.570900022983551,0.570900022983551,0.5703999996185303,0.5703999996185303,825,0.0,0.0
2024-04-01 15:30:00-04:00,0.5701000094413757,0.5702000260353088,0.5625,0.5674999952316284,5974,0.0,0.0
2024-04-02 09:30:00-04:00,0.5669999718666077,0.5699999928474426,0.5649999976158142,0.5649999976158142,16086,0.0,0.0
2024-04-02 10:30:00-04:00,0.5699999928474426,0.5699999928474426,0.5598999857902527,0.5598999857902527,6127,0.0,0.0
2024-04-02 11:30:00-04:00,0.5526000261306763,0.5548999905586243,0.5400999784469604,0.5400999784469604,17745,0.0,0.0
2024-04-02 12:30:00-04:00,0.5407000184059143,0.5494999885559082,0.5400999784469604,0.5494999885559082,2477,0.0,0.0
2024-04-02 13:30:00-04:00,0.5400000214576721,0.5684999823570251,0.5400000214576721,0.5684999823570251,7458,0.0,0.0
2024-04-02 15:30:00-04:00,0.5310999751091003,0.5523999929428101,0.5299999713897705,0.5368000268936157,26913,0.0,0.0
2024-04-03 09:30:00-04:00,0.5382000207901001,0.5593000054359436,0.5299999713897705,0.5350000262260437,58570,0.0,0.0
2024-04-03 10:30:00-04:00,0.5299999713897705,0.5299999713897705,0.5246000289916992,0.5246000289916992,5319,0.0,0.0
2024-04-03 11:30:00-04:00,0.5299000144004822,0.5350000262260437,0.520799994468689,0.520799994468689,97605,0.0,0.0
2024-04-03 12:30:00-04:00,0.5210999846458435,0.5230000019073486,0.5,0.5153999924659729,51194,0.0,0.0
2024-04-03 13:30:00-04:00,0.5109000205993652,0.5198000073432922,0.46000000834465027,0.5148000121116638,34328,0.0,0.0
2024-04-03 14:30:00-04:00,0.5,0.5149000287055969,0.4702000021934509,0.5149000287055969,15517,0.0,0.0
2024-04-03 15:30:00-04:00,0.4975000023841858,0.5149999856948853,0.48179998993873596,0.4851999878883362,5451,0.0,0.0
2024-04-04 09:30:00-04:00,0.5098000168800354,0.5098000168800354,0.4812000095844269,0.4814000129699707,47340,0.0,0.0
2024-04-04 10:30:00-04:00,0.49000000953674316,0.49000000953674316,0.48010000586509705,0.48989999294281006,15658,0.0,0.0
2024-04-04 11:30:00-04:00,0.48019999265670776,0.48019999265670776,0.45010000467300415,0.461899995803833,43062,0.0,0.0
2024-04-04 12:30:00-04:00,0.460099995136261,0.4740000069141388,0.460099995136261,0.4740000069141388,9002,0.0,0.0
2024-04-04 13:30:00-04:00,0.4738999903202057,0.4738999903202057,0.4657000005245209,0.47200000286102295,3896,0.0,0.0
2024-04-04 14:30:00-04:00,0.4700999855995178,0.4700999855995178,0.4700999855995178,0.4700999855995178,3600,0.0,0.0
2024-04-04 15:30:00-04:00,0.4700999855995178,0.4702000021934509,0.4699999988079071,0.4702000021934509,15131,0.0,0.0
2024-04-05 09:30:00-04:00,0.5,0.5,0.4810999929904938,0.4876999855041504,38280,0.0,0.0
2024-04-05 10:30:00-04:00,0.48510000109672546,0.4871000051498413,0.4810999929904938,0.4810999929904938,8805,0.0,0.0
2024-04-05 11:30:00-04:00,0.4749999940395355,0.48080000281333923,0.4731000065803528,0.4731000065803528,6276,0.0,0.0
2024-04-05 12:30:00-04:00,0.4731000065803528,0.48100000619888306,0.4731000065803528,0.47699999809265137,2582,0.0,0.0
2024-04-05 13:30:00-04:00,0.4731000065803528,0.4731000065803528,0.47119998931884766,0.47119998931884766,2484,0.0,0.0
2024-04-05 14:30:00-04:00,0.47999998927116394,0.47999998927116394,0.47510001063346863,0.47510001063346863,4465,0.0,0.0
2024-04-05 15:30:00-04:00,0.47040000557899475,0.48100000619888306,0.4700999855995178,0.4700999855995178,10493,0.0,0.0
2024-04-08 09:30:00-04:00,0.4754999876022339,0.4999000132083893,0.4702000021934509,0.47999998927116394,17373,0.0,0.0
2024-04-08 10:30:00-04:00,0.49000000953674316,0.5,0.4754999876022339,0.49000000953674316,5325,0.0,0.0
2024-04-08 11:30:00-04:00,0.4715000092983246,0.4794999957084656,0.47110000252723694,0.4790000021457672,841,0.0,0.0
2024-04-08 12:30:00-04:00,0.47099998593330383,0.4794999957084656,0.460099995136261,0.460099995136261,21727,0.0,0.0
2024-04-08 14:30:00-04:00,0.4754999876022339,0.49900001287460327,0.4699999988079071,0.484499990940094,9565,0.0,0.0
2024-04-08 15:30:00-04:00,0.4650000035762787,0.49900001287460327,0.46399998664855957,0.484499990940094,3788,0.0,0.0
2024-04-09 09:30:00-04:00,0.47999998927116394,0.4860000014305115,0.46000000834465027,0.4700999855995178,552718,0.0,0.0
2024-04-09 10:30:00-04:00,0.47760000824928284,0.48190000653266907,0.4699999988079071,0.4699999988079071,29819,0.0,0.0
2024-04-09 11:30:00-04:00,0.48190000653266907,0.48190000653266907,0.48190000653266907,0.48190000653266907,2279,0.0,0.0
2024-04-09 12:30:00-04:00,0.4699999988079071,0.47999998927116394,0.460999995470047,0.47999998927116394,17742,0.0,0.0
2024-04-09 13:30:00-04:00,0.4616999924182892,0.4788999855518341,0.4616999924182892,0.4699999988079071,18266,0.0,0.0
2024-04-09 14:30:00-04:00,0.47200000286102295,0.4729999899864197,0.4684000015258789,0.4684000015258789,947,0.0,0.0
2024-04-09 15:30:00-04:00,0.4699999988079071,0.4699999988079071,0.46799999475479126,0.46799999475479126,13129,0.0,0.0
2024-04-10 09:30:00-04:00,0.4650999903678894,0.4700999855995178,0.45170000195503235,0.4580000042915344,40000,0.0,0.0
2024-04-10 10:30:00-04:00,0.4697999954223633,0.4697999954223633,0.45559999346733093,0.4569999873638153,9516,0.0,0.0
2024-04-10 11:30:00-04:00,0.4618000090122223,0.4697999954223633,0.45509999990463257,0.46970000863075256,4892,0.0,0.0
2024-04-10 12:30:00-04:00,0.4652999937534332,0.4652999937534332,0.4618000090122223,0.4650000035762787,1318,0.0,0.0
2024-04-10 13:30:00-04:00,0.460999995470047,0.4611000120639801,0.4519999921321869,0.4519999921321869,11577,0.0,0.0
2024-04-10 14:30:00-04:00,0.46000000834465027,0.4650999903678894,0.4551999866962433,0.46399998664855957,19263,0.0,0.0
2024-04-10 15:30:00-04:00,0.45509999990463257,0.45739999413490295,0.45500001311302185,0.45509999990463257,15378,0.0,0.0
2024-04-11 09:30:00-04:00,0.47999998927116394,0.48159998655319214,0.4309999942779541,0.44999998807907104,1191015,0.0,0.0
2024-04-11 10:30:00-04:00,0.4399999976158142,0.4399999976158142,0.4311999976634979,0.4357999861240387,45678,0.0,0.0
2024-04-11 11:30:00-04:00,0.4499000012874603,0.44999998807907104,0.4311999976634979,0.43160000443458557,13650,0.0,0.0
2024-04-11 12:30:00-04:00,0.43160000443458557,0.4359000027179718,0.4300999939441681,0.4357999861240387,23861,0.0,0.0
2024-04-11 13:30:00-04:00,0.4334999918937683,0.4334999918937683,0.4169999957084656,0.4228000044822693,55994,0.0,0.0
2024-04-11 14:30:00-04:00,0.41999998688697815,0.4228000044822693,0.38999998569488525,0.39259999990463257,105793,0.0,0.0
2024-04-11 15:30:00-04:00,0.39259999990463257,0.40560001134872437,0.3873000144958496,0.38839998841285706,83996,0.0,0.0
2024-04-12 09:30:00-04:00,0.4097999930381775,0.4099000096321106,0.37049999833106995,0.38199999928474426,108361,0.0,0.0
2024-04-12 10:30:00-04:00,0.3711000084877014,0.38350000977516174,0.3709999918937683,0.3799999952316284,43709,0.0,0.0
2024-04-12 11:30:00-04:00,0.37540000677108765,0.39959999918937683,0.3723999857902527,0.3986000120639801,24992,0.0,0.0
2024-04-12 12:30:00-04:00,0.38659998774528503,0.38659998774528503,0.3799999952316284,0.3822000026702881,4217,0.0,0.0
2024-04-12 13:30:00-04:00,0.38260000944137573,0.3828999996185303,0.38199999928474426,0.3828999996185303,38856,0.0,0.0
2024-04-12 14:30:00-04:00,0.3822000026702881,0.3822000026702881,0.382099986076355,0.3822000026702881,24346,0.0,0.0
2024-04-12 15:30:00-04:00,0.3822000026702881,0.38999998569488525,0.3822000026702881,0.38999998569488525,19344,0.0,0.0
2024-04-15 09:30:00-04:00,0.6712999939918518,0.932200014591217,0.6269999742507935,0.6916999816894531,104889151,0.0,0.0
2024-04-15 10:30:00-04:00,0.6913999915122986,0.6970000267028809,0.5623999834060669,0.5823000073432922,12657262,0.0,0.0
2024-04-15 11:30:00-04:00,0.5845999717712402,0.593999981880188,0.49000000953674316,0.515500009059906,6443129,0.0,0.0
2024-04-15 12:30:00-04:00,0.515500009059906,0.5649999976158142,0.5113999843597412,0.5450000166893005,3587676,0.0,0.0
2024-04-15 13:30:00-04:00,0.5449000000953674,0.550000011920929,0.4950999915599823,0.4950999915599823,1967232,0.0,0.0
2024-04-15 14:30:00-04:00,0.4950999915599823,0.5199999809265137,0.44999998807907104,0.5069000124931335,2478360,0.0,0.0
2024-04-15 15:30:00-04:00,0.5034999847412109,0.5069000124931335,0.45509999990463257,0.46970000863075256,1581950,0.0,0.0
2024-04-16 09:30:00-04:00,0.5394999980926514,0.6092000007629395,0.5011000037193298,0.5321000218391418,6076047,0.0,0.0
2024-04-16 10:30:00-04:00,0.5321000218391418,0.5699999928474426,0.5112000107765198,0.5550000071525574,1060733,0.0,0.0
2024-04-16 11:30:00-04:00,0.5410000085830688,0.5547000169754028,0.5049999952316284,0.520799994468689,480080,0.0,0.0
2024-04-16 12:30:00-04:00,0.5163999795913696,0.5400000214576721,0.49000000953674316,0.5049999952316284,440008,0.0,0.0
2024-04-16 13:30:00-04:00,0.5049999952316284,0.5199999809265137,0.47530001401901245,0.4814999997615814,262662,0.0,0.0
2024-04-16 14:30:00-04:00,0.4814999997615814,0.4950000047683716,0.46000000834465027,0.4650000035762787,377673,0.0,0.0
2024-04-16 15:30:00-04:00,0.46160000562667847,0.49399998784065247,0.46160000562667847,0.47099998593330383,257525,0.0,0.0
2024-04-17 09:30:00-04:00,0.48100000619888306,0.5,0.4399999976158142,0.4779999852180481,1854050,0.0,0.0
2024-04-17 10:30:00-04:00,0.47999998927116394,0.5421000123023987,0.4756999909877777,0.5,843742,0.0,0.0
2024-04-17 11:30:00-04:00,0.49000000953674316,0.5098999738693237,0.4749999940395355,0.49300000071525574,232201,0.0,0.0
2024-04-17 12:30:00-04:00,0.49300000071525574,0.5099999904632568,0.48500001430511475,0.4918000102043152,269174,0.0,0.0
2024-04-17 13:30:00-04:00,0.48590001463890076,0.49900001287460327,0.4749999940395355,0.48890000581741333,204026,0.0,0.0
2024-04-17 14:30:00-04:00,0.4867999851703644,0.49889999628067017,0.4749999940395355,0.49889999628067017,398635,0.0,0.0
2024-04-17 15:30:00-04:00,0.4950000047683716,0.5099999904632568,0.47999998927116394,0.5095000267028809,202295,0.0,0.0
2024-04-18 09:30:00-04:00,0.46000000834465027,0.4650000035762787,0.41999998688697815,0.4458000063896179,3405403,0.0,0.0
2024-04-18 10:30:00-04:00,0.4519999921321869,0.45989999175071716,0.4300999939441681,0.44209998846054077,486045,0.0,0.0
2024-04-18 11:30:00-04:00,0.4422000050544739,0.4562000036239624,0.4399999976158142,0.4562000036239624,311137,0.0,0.0
2024-04-18 12:30:00-04:00,0.4562000036239624,0.46799999475479126,0.4404999911785126,0.460999995470047,339565,0.0,0.0
2024-04-18 13:30:00-04:00,0.460999995470047,0.4659999907016754,0.4519999921321869,0.454800009727478,604227,0.0,0.0
2024-04-18 14:30:00-04:00,0.454800009727478,0.4602999985218048,0.4366999864578247,0.4399999976158142,491589,0.0,0.0
2024-04-18 15:30:00-04:00,0.4399999976158142,0.4490000009536743,0.41100001335144043,0.4189999997615814,619870,0.0,0.0
2024-04-19 09:30:00-04:00,0.4099999964237213,0.42500001192092896,0.38999998569488525,0.4000999927520752,337693,0.0,0.0
2024-04-19 10:30:00-04:00,0.4002000093460083,0.41999998688697815,0.39649999141693115,0.3970000147819519,356624,0.0,0.0
2024-04-19 11:30:00-04:00,0.4099999964237213,0.41990000009536743,0.39719998836517334,0.4099999964237213,108611,0.0,0.0
2024-04-19 12:30:00-04:00,0.4196999967098236,0.42649999260902405,0.4050000011920929,0.42649999260902405,92166,0.0,0.0
2024-04-19 13:30:00-04:00,0.41999998688697815,0.4399999976158142,0.41999998688697815,0.41999998688697815,41377,0.0,0.0
2024-04-19 14:30:00-04:00,0.41999998688697815,0.439300000667572,0.4050000011920929,0.4311000108718872,32773,0.0,0.0
2024-04-19 15:30:00-04:00,0.4399999976158142,0.4399999976158142,0.43059998750686646,0.4309999942779541,34879,0.0,0.0
2024-04-22 09:30:00-04:00,0.4099999964237213,0.42500001192092896,0.39500001072883606,0.4133000075817108,237422,0.0,0.0
2024-04-22 10:30:00-04:00,0.4115000069141388,0.4309999942779541,0.39800000190734863,0.39800000190734863,66773,0.0,0.0
2024-04-22 11:30:00-04:00,0.4025000035762787,0.40549999475479126,0.39800000190734863,0.39800000190734863,46032,0.0,0.0
2024-04-22 12:30:00-04:00,0.40400001406669617,0.4099000096321106,0.397599995136261,0.397599995136261,84947,0.0,0.0
2024-04-22 13:30:00-04:00,0.3977000117301941,0.4099000096321106,0.397599995136261,0.4099000096321106,79915,0.0,0.0
2024-04-22 14:30:00-04:00,0.414000004529953,0.414000004529953,0.39660000801086426,0.4000999927520752,75775,0.0,0.0
2024-04-22 15:30:00-04:00,0.4000000059604645,0.4115999937057495,0.39640000462532043,0.4099999964237213,29270,0.0,0.0
2024-04-23 09:30:00-04:00,0.38999998569488525,0.4050000011920929,0.38999998569488525,0.4050000011920929,177451,0.0,0.0
2024-04-23 10:30:00-04:00,0.4050000011920929,0.4099000096321106,0.3950999975204468,0.4011000096797943,48817,0.0,0.0
2024-04-23 11:30:00-04:00,0.40119999647140503,0.40549999475479126,0.4011000096797943,0.40549999475479126,33337,0.0,0.0
2024-04-23 12:30:00-04:00,0.40130001306533813,0.4099000096321106,0.4000000059604645,0.4000000059604645,35190,0.0,0.0
2024-04-23 13:30:00-04:00,0.4050000011920929,0.4050000011920929,0.4000000059604645,0.4000999927520752,40508,0.0,0.0
2024-04-23 14:30:00-04:00,0.4043000042438507,0.40849998593330383,0.3959999978542328,0.40130001306533813,48900,0.0,0.0
2024-04-23 15:30:00-04:00,0.4000000059604645,0.40799999237060547,0.4000000059604645,0.4000000059604645,21143,0.0,0.0
2024-04-24 09:30:00-04:00,0.4059999883174896,0.4059999883174896,0.3822999894618988,0.3955000042915344,183725,0.0,0.0
2024-04-24 10:30:00-04:00,0.39750000834465027,0.4020000100135803,0.39320001006126404,0.39399999380111694,32463,0.0,0.0
2024-04-24 11:30:00-04:00,0.4000000059604645,0.4000000059604645,0.390500009059906,0.3982999920845032,66543,0.0,0.0
2024-04-24 12:30:00-04:00,0.39649999141693115,0.39649999141693115,0.3919999897480011,0.39500001072883606,26850,0.0,0.0
2024-04-24 13:30:00-04:00,0.3935999870300293,0.3935999870300293,0.3935999870300293,0.3935999870300293,2923,0.0,0.0
2024-04-24 14:30:00-04:00,0.3905999958515167,0.39989998936653137,0.3905999958515167,0.3959999978542328,0,0.0,0.0
2024-04-24 15:30:00-04:00,0.3919999897480011,0.3959999978542328,0.382999986410141,0.3831000030040741,484760,0.0,0.0
2024-04-25 09:30:00-04:00,0.3763999938964844,0.4000000059604645,0.3763999938964844,0.39320001006126404,230058,0.0,0.0
2024-04-25 10:30:00-04:00,0.3961000144481659,0.39989998936653137,0.3901999890804291,0.39989998936653137,37359,0.0,0.0
2024-04-25 11:30:00-04:00,0.39989998936653137,0.4205000102519989,0.3968999981880188,0.4171000123023987,169518,0.0,0.0
2024-04-25 12:30:00-04:00,0.4399999976158142,0.4399999976158142,0.40450000762939453,0.41999998688697815,134635,0.0,0.0
2024-04-25 13:30:00-04:00,0.41999998688697815,0.4300000071525574,0.41999998688697815,0.4300000071525574,34678,0.0,0.0
2024-04-25 14:30:00-04:00,0.4300000071525574,0.4300000071525574,0.41999998688697815,0.42800000309944153,25793,0.0,0.0
2024-04-25 15:30:00-04:00,0.42800000309944153,0.42899999022483826,0.41999998688697815,0.421999990940094,45412,0.0,0.0
2024-04-26 09:30:00-04:00,0.4000000059604645,0.41999998688697815,0.4000000059604645,0.414900004863739,98271,0.0,0.0
2024-04-26 10:30:00-04:00,0.4198000133037567,0.4198000133037567,0.414900004863739,0.41499999165534973,26927,0.0,0.0
2024-04-26 11:30:00-04:00,0.4196999967098236,0.4196999967098236,0.41499999165534973,0.4172999858856201,14403,0.0,0.0
2024-04-26 12:30:00-04:00,0.4196000099182129,0.4196999967098236,0.41499999165534973,0.4194999933242798,6187,0.0,0.0
2024-04-26 13:30:00-04:00,0.4174000024795532,0.4196000099182129,0.414900004863739,0.4171999990940094,67114,0.0,0.0
2024-04-26 14:30:00-04:00,0.4196000099182129,0.4300000071525574,0.414900004863739,0.4293999969959259,28854,0.0,0.0
2024-04-26 15:30:00-04:00,0.4293999969959259,0.4293999969959259,0.41620001196861267,0.42800000309944153,18199,0.0,0.0
2024-04-29 09:30:00-04:00,0.42500001192092896,0.42500001192092896,0.41600000858306885,0.41600000858306885,27238,0.0,0.0
2024-04-29 10:30:00-04:00,0.41600000858306885,0.4187999963760376,0.41600000858306885,0.41600000858306885,17730,0.0,0.0
2024-04-29 11:30:00-04:00,0.41999998688697815,0.42590001225471497,0.41600000858306885,0.42590001225471497,8018,0.0,0.0
2024-04-29 12:30:00-04:00,0.41999998688697815,0.42010000348091125,0.41620001196861267,0.41999998688697815,8776,0.0,0.0
2024-04-29 13:30:00-04:00,0.41999998688697815,0.4259999990463257,0.41620001196861267,0.41999998688697815,20587,0.0,0.0
2024-04-29 14:30:00-04:00,0.41999998688697815,0.4259999990463257,0.41999998688697815,0.41999998688697815,10661,0.0,0.0
2024-04-29 15:30:00-04:00,0.41999998688697815,0.42010000348091125,0.41999998688697815,0.42010000348091125,17252,0.0,0.0
2024-04-30 09:30:00-04:00,0.4101000130176544,0.4138000011444092,0.3930000066757202,0.4099999964237213,36764,0.0,0.0
2024-04-30 10:30:00-04:00,0.4081999957561493,0.4081999957561493,0.39500001072883606,0.4025000035762787,29835,0.0,0.0
2024-04-30 11:30:00-04:00,0.4025000035762787,0.4138999879360199,0.4025000035762787,0.4099999964237213,21701,0.0,0.0
2024-04-30 12:30:00-04:00,0.41449999809265137,0.41449999809265137,0.39500001072883606,0.39500001072883606,47026,0.0,0.0
2024-04-30 13:30:00-04:00,0.3959999978542328,0.4025000035762787,0.39500001072883606,0.39500001072883606,5133,0.0,0.0
2024-04-30 14:30:00-04:00,0.39750000834465027,0.39750000834465027,0.3930000066757202,0.39320001006126404,15324,0.0,0.0
2024-04-30 15:30:00-04:00,0.39309999346733093,0.39320001006126404,0.39309999346733093,0.39309999346733093,1634,0.0,0.0
2024-05-01 09:30:00-04:00,0.4000000059604645,0.4000000059604645,0.39010000228881836,0.39989998936653137,26975,0.0,0.0
2024-05-01 10:30:00-04:00,0.4090000092983246,0.4099000096321106,0.4000000059604645,0.4050000011920929,5718,0.0,0.0
2024-05-01 11:30:00-04:00,0.4000999927520752,0.4000999927520752,0.3910999894142151,0.3912000060081482,14212,0.0,0.0
2024-05-01 12:30:00-04:00,0.39320001006126404,0.4050000011920929,0.3912000060081482,0.4000000059604645,5441,0.0,0.0
2024-05-01 13:30:00-04:00,0.4025000035762787,0.4050000011920929,0.3959999978542328,0.3959999978542328,13725,0.0,0.0
2024-05-01 14:30:00-04:00,0.3959999978542328,0.4050000011920929,0.3955000042915344,0.39559999108314514,23034,0.0,0.0
2024-05-01 15:30:00-04:00,0.3962000012397766,0.4047999978065491,0.3961000144481659,0.4047999978065491,1004,0.0,0.0
2024-05-02 09:30:00-04:00,0.3959999978542328,0.4009000062942505,0.3921000063419342,0.3961000144481659,23581,0.0,0.0
2024-05-02 10:30:00-04:00,0.4002000093460083,0.40939998626708984,0.4002000093460083,0.40149998664855957,12299,0.0,0.0
2024-05-02 11:30:00-04:00,0.4032000005245209,0.40709999203681946,0.4032000005245209,0.4059000015258789,8529,0.0,0.0
2024-05-02 12:30:00-04:00,0.4059999883174896,0.40939998626708984,0.40389999747276306,0.40939998626708984,36512,0.0,0.0
2024-05-02 13:30:00-04:00,0.4041000008583069,0.4092999994754791,0.4041000008583069,0.40700000524520874,16848,0.0,0.0
2024-05-02 14:30:00-04:00,0.4049000144004822,0.4049000144004822,0.3930000066757202,0.39320001006126404,1765,0.0,0.0
2024-05-02 15:30:00-04:00,0.4049000144004822,0.4074999988079071,0.3950999975204468,0.4074999988079071,28524,0.0,0.0
2024-05-03 09:30:00-04:00,0.4020000100135803,0.41999998688697815,0.39579999446868896,0.4050999879837036,87686,0.0,0.0
2024-05-03 10:30:00-04:00,0.41260001063346863,0.42969998717308044,0.4050999879837036,0.41999998688697815,65334,0.0,0.0
2024-05-03 11:30:00-04:00,0.4104999899864197,0.42500001192092896,0.4104999899864197,0.4146000146865845,25580,0.0,0.0
2024-05-03 12:30:00-04:00,0.41999998688697815,0.41999998688697815,0.41519999504089355,0.41990000009536743,2866,0.0,0.0
2024-05-03 13:30:00-04:00,0.41990000009536743,0.41999998688697815,0.4002000093460083,0.4074000120162964,31156,0.0,0.0
2024-05-03 14:30:00-04:00,0.4002000093460083,0.41990000009536743,0.4002000093460083,0.41990000009536743,53611,0.0,0.0
2024-05-03 15:30:00-04:00,0.41040000319480896,0.4156999886035919,0.4000000059604645,0.4000000059604645,23787,0.0,0.0
2024-05-06 09:30:00-04:00,0.4180000126361847,0.42489999532699585,0.40619999170303345,0.41990000009536743,19318,0.0,0.0
2024-05-06 10:30:00-04:00,0.414000004529953,0.41990000009536743,0.40450000762939453,0.4099999964237213,46727,0.0,0.0
2024-05-06 11:30:00-04:00,0.41449999809265137,0.4180000126361847,0.40529999136924744,0.40529999136924744,16594,0.0,0.0
2024-05-06 12:30:00-04:00,0.40540000796318054,0.4099000096321106,0.40540000796318054,0.4099000096321106,1275,0.0,0.0
2024-05-06 13:30:00-04:00,0.40639999508857727,0.41179999709129333,0.40549999475479126,0.4097000062465668,22346,0.0,0.0
2024-05-06 14:30:00-04:00,0.4162999987602234,0.4162999987602234,0.4162999987602234,0.4162999987602234,976,0.0,0.0
2024-05-07 09:30:00-04:00,0.4259999990463257,0.42890000343322754,0.4101000130176544,0.41019999980926514,33286,0.0,0.0
2024-05-07 10:30:00-04:00,0.41019999980926514,0.42500001192092896,0.41019999980926514,0.4156000018119812,12517,0.0,0.0
2024-05-07 11:30:00-04:00,0.4156999886035919,0.4156999886035919,0.4041000008583069,0.40799999237060547,23329,0.0,0.0
2024-05-07 12:30:00-04:00,0.40799999237060547,0.40799999237060547,0.4000000059604645,0.4000000059604645,44428,0.0,0.0
2024-05-07 13:30:00-04:00,0.3952000141143799,0.41499999165534973,0.3952000141143799,0.41499999165534973,52434,0.0,0.0
2024-05-07 14:30:00-04:00,0.41029998660087585,0.41029998660087585,0.41029998660087585,0.41029998660087585,6916,0.0,0.0
2024-05-07 15:30:00-04:00,0.4099999964237213,0.4187999963760376,0.4007999897003174,0.4187999963760376,6889,0.0,0.0
2024-05-08 09:30:00-04:00,0.40400001406669617,0.4185999929904938,0.3903000056743622,0.3912000060081482,86551,0.0,0.0
2024-05-08 10:30:00-04:00,0.39250001311302185,0.41850000619888306,0.39250001311302185,0.4099999964237213,21576,0.0,0.0
2024-05-08 11:30:00-04:00,0.4138000011444092,0.4138000011444092,0.4000000059604645,0.40130001306533813,5285,0.0,0.0
2024-05-08 12:30:00-04:00,0.40139999985694885,0.4056999981403351,0.40130001306533813,0.40130001306533813,3963,0.0,0.0
2024-05-08 13:30:00-04:00,0.40130001306533813,0.4025000035762787,0.39649999141693115,0.4025000035762787,14816,0.0,0.0
2024-05-08 14:30:00-04:00,0.4000000059604645,0.4099999964237213,0.4000000059604645,0.4000000059604645,1960,0.0,0.0
2024-05-08 15:30:00-04:00,0.4099000096321106,0.4099000096321106,0.39500001072883606,0.4099000096321106,10636,0.0,0.0
2024-05-09 09:30:00-04:00,0.4000000059604645,0.4129999876022339,0.4000000059604645,0.40119999647140503,10484,0.0,0.0
2024-05-09 10:30:00-04:00,0.40130001306533813,0.4113999903202057,0.39500001072883606,0.4088999927043915,11859,0.0,0.0
2024-05-09 11:30:00-04:00,0.4000999927520752,0.40880000591278076,0.4000999927520752,0.40880000591278076,1846,0.0,0.0
2024-05-09 12:30:00-04:00,0.4000000059604645,0.40860000252723694,0.4000000059604645,0.40860000252723694,12168,0.0,0.0
2024-05-09 13:30:00-04:00,0.3993000090122223,0.4050000011920929,0.3993000090122223,0.4000000059604645,4631,0.0,0.0
2024-05-09 14:30:00-04:00,0.4000000059604645,0.4090000092983246,0.3993000090122223,0.3993000090122223,21707,0.0,0.0
2024-05-09 15:30:00-04:00,0.39559999108314514,0.4020000100135803,0.3955000042915344,0.4020000100135803,4501,0.0,0.0
2024-05-10 09:30:00-04:00,0.4000999927520752,0.4083000123500824,0.39309999346733093,0.39309999346733093,24342,0.0,0.0
2024-05-10 10:30:00-04:00,0.39309999346733093,0.4000000059604645,0.39309999346733093,0.3950999975204468,5451,0.0,0.0
2024-05-10 11:30:00-04:00,0.39899998903274536,0.4000000059604645,0.3950999975204468,0.3950999975204468,11456,0.0,0.0
2024-05-10 12:30:00-04:00,0.396699994802475,0.3982999920845032,0.39500001072883606,0.3982999920845032,60036,0.0,0.0
2024-05-10 13:30:00-04:00,0.39820000529289246,0.39820000529289246,0.39410001039505005,0.39579999446868896,4423,0.0,0.0
2024-05-10 14:30:00-04:00,0.397599995136261,0.39969998598098755,0.39329999685287476,0.39329999685287476,12134,0.0,0.0
2024-05-10 15:30:00-04:00,0.39890000224113464,0.39969998598098755,0.39890000224113464,0.39969998598098755,20992,0.0,0.0
2024-05-13 09:30:00-04:00,0.40799999237060547,0.40799999237060547,0.3919999897480011,0.40540000796318054,29717,0.0,0.0
2024-05-13 10:30:00-04:00,0.40549999475479126,0.40549999475479126,0.4000000059604645,0.4000000059604645,15986,0.0,0.0
2024-05-13 11:30:00-04:00,0.40529999136924744,0.40529999136924744,0.3921999931335449,0.39250001311302185,123084,0.0,0.0
2024-05-13 12:30:00-04:00,0.3930000066757202,0.4000000059604645,0.3921999931335449,0.3921999931335449,16409,0.0,0.0
2024-05-13 13:30:00-04:00,0.4049000144004822,0.4050000011920929,0.39489999413490295,0.39500001072883606,81490,0.0,0.0
2024-05-13 14:30:00-04:00,0.39500001072883606,0.4000000059604645,0.382999986410141,0.4000000059604645,89487,0.0,0.0
2024-05-13 15:30:00-04:00,0.39100000262260437,0.40450000762939453,0.38999998569488525,0.38999998569488525,4527,0.0,0.0
2024-05-14 09:30:00-04:00,0.3869999945163727,0.4025000035762787,0.3869999945163727,0.39980000257492065,72653,0.0,0.0
2024-05-14 10:30:00-04:00,0.39309999346733093,0.39309999346733093,0.3869999945163727,0.38999998569488525,27273,0.0,0.0
2024-05-14 11:30:00-04:00,0.38989999890327454,0.38999998569488525,0.3831000030040741,0.38989999890327454,46511,0.0,0.0
2024-05-14 12:30:00-04:00,0.38989999890327454,0.39989998936653137,0.3837999999523163,0.3837999999523163,21967,0.0,0.0
2024-05-14 13:30:00-04:00,0.39660000801086426,0.39660000801086426,0.39660000801086426,0.39660000801086426,454,0.0,0.0
2024-05-14 14:30:00-04:00,0.39649999141693115,0.39989998936653137,0.39649999141693115,0.39989998936653137,12999,0.0,0.0
2024-05-14 15:30:00-04:00,0.3930000066757202,0.39989998936653137,0.3831000030040741,0.39989998936653137,82682,0.0,0.0
2024-05-15 09:30:00-04:00,0.3991999924182892,0.3991999924182892,0.38040000200271606,0.38940000534057617,126697,0.0,0.0
2024-05-15 10:30:00-04:00,0.382999986410141,0.39250001311302185,0.382099986076355,0.382099986076355,15392,0.0,0.0
2024-05-15 11:30:00-04:00,0.3824000060558319,0.39500001072883606,0.3824000060558319,0.39489999413490295,22756,0.0,0.0
2024-05-15 12:30:00-04:00,0.388700008392334,0.38999998569488525,0.3806000053882599,0.38499999046325684,31048,0.0,0.0
2024-05-15 13:30:00-04:00,0.38269999623298645,0.38499999046325684,0.37459999322891235,0.37689998745918274,89645,0.0,0.0
2024-05-15 14:30:00-04:00,0.3776000142097473,0.39430001378059387,0.37400001287460327,0.3801000118255615,51959,0.0,0.0
2024-05-15 15:30:00-04:00,0.3716999888420105,0.3716999888420105,0.3612000048160553,0.3634999990463257,108260,0.0,0.0
2024-05-16 09:30:00-04:00,0.3700000047683716,0.3928000032901764,0.3700000047683716,0.3853999972343445,188150,0.0,0.0
2024-05-16 10:30:00-04:00,0.38749998807907104,0.38999998569488525,0.375,0.38989999890327454,14167,0.0,0.0
2024-05-16 11:30:00-04:00,0.38499999046325684,0.38989999890327454,0.3801000118255615,0.3840000033378601,24411,0.0,0.0
2024-05-16 12:30:00-04:00,0.3898000121116638,0.38989999890327454,0.38499999046325684,0.38499999046325684,14172,0.0,0.0
2024-05-16 13:30:00-04:00,0.38499999046325684,0.3926999866962433,0.3831999897956848,0.3831999897956848,40910,0.0,0.0
2024-05-16 14:30:00-04:00,0.38999998569488525,0.3926999866962433,0.38260000944137573,0.38269999623298645,20319,0.0,0.0
2024-05-16 15:30:00-04:00,0.3889999985694885,0.3926999866962433,0.38499999046325684,0.38989999890327454,3456,0.0,0.0
2024-05-17 09:30:00-04:00,0.3928000032901764,0.39430001378059387,0.3896999955177307,0.3928999900817871,51944,0.0,0.0
2024-05-17 10:30:00-04:00,0.3930000066757202,0.39500001072883606,0.3930000066757202,0.39399999380111694,12114,0.0,0.0
2024-05-17 11:30:00-04:00,0.3937999904155731,0.39469999074935913,0.38510000705718994,0.39250001311302185,18091,0.0,0.0
2024-05-17 12:30:00-04:00,0.3961000144481659,0.39989998936653137,0.38850000500679016,0.3961000144481659,49567,0.0,0.0
2024-05-17 13:30:00-04:00,0.3921000063419342,0.3959999978542328,0.38510000705718994,0.38510000705718994,8139,0.0,0.0
2024-05-17 14:30:00-04:00,0.39419999718666077,0.39419999718666077,0.3869999945163727,0.3903000056743622,6568,0.0,0.0
2024-05-20 09:30:00-04:00,0.4000000059604645,0.4050000011920929,0.38749998807907104,0.38749998807907104,30052,0.0,0.0
2024-05-20 10:30:00-04:00,0.38940000534057617,0.3968999981880188,0.38940000534057617,0.39489999413490295,21835,0.0,0.0
2024-05-20 11:30:00-04:00,0.39489999413490295,0.3961000144481659,0.38600000739097595,0.39250001311302185,17069,0.0,0.0
2024-05-20 12:30:00-04:00,0.39570000767707825,0.39989998936653137,0.38530001044273376,0.38999998569488525,40683,0.0,0.0
2024-05-20 13:30:00-04:00,0.38659998774528503,0.38659998774528503,0.38530001044273376,0.38589999079704285,4888,0.0,0.0
2024-05-20 14:30:00-04:00,0.38609999418258667,0.38839998841285706,0.38269999623298645,0.3855000138282776,4104,0.0,0.0
2024-05-20 15:30:00-04:00,0.3880000114440918,0.3880000114440918,0.38510000705718994,0.38510000705718994,8897,0.0,0.0
2024-05-21 09:30:00-04:00,0.3894999921321869,0.3894999921321869,0.38350000977516174,0.38940000534057617,48717,0.0,0.0
2024-05-21 10:30:00-04:00,0.38940000534057617,0.38999998569488525,0.38269999623298645,0.3831000030040741,11371,0.0,0.0
2024-05-21 11:30:00-04:00,0.3831000030040741,0.38999998569488525,0.3831000030040741,0.3862999975681305,9939,0.0,0.0
2024-05-21 12:30:00-04:00,0.38280001282691956,0.39500001072883606,0.38260000944137573,0.38260000944137573,57189,0.0,0.0
2024-05-21 13:30:00-04:00,0.382999986410141,0.3926999866962433,0.38199999928474426,0.382999986410141,11448,0.0,0.0
2024-05-21 14:30:00-04:00,0.38839998841285706,0.39399999380111694,0.3779999911785126,0.3779999911785126,22076,0.0,0.0
2024-05-21 15:30:00-04:00,0.3779999911785126,0.3840000033378601,0.3750999867916107,0.38260000944137573,17656,0.0,0.0
2024-05-22 09:30:00-04:00,0.37779998779296875,0.38749998807907104,0.3700999915599823,0.383899986743927,45765,0.0,0.0
2024-05-22 10:30:00-04:00,0.3797000050544739,0.383899986743927,0.37779998779296875,0.383899986743927,11787,0.0,0.0
2024-05-22 11:30:00-04:00,0.38580000400543213,0.38580000400543213,0.38580000400543213,0.38580000400543213,403,0.0,0.0
2024-05-22 12:30:00-04:00,0.3799999952316284,0.3856000006198883,0.3799999952316284,0.3856000006198883,28978,0.0,0.0
2024-05-22 13:30:00-04:00,0.385699987411499,0.4399999976158142,0.38510000705718994,0.40450000762939453,674813,0.0,0.0
2024-05-22 14:30:00-04:00,0.4011000096797943,0.4099999964237213,0.38019999861717224,0.38999998569488525,146754,0.0,0.0
2024-05-22 15:30:00-04:00,0.38510000705718994,0.3880000114440918,0.38510000705718994,0.3880000114440918,4866,0.0,0.0
2024-05-23 09:30:00-04:00,0.3856000006198883,0.38760000467300415,0.3668000102043152,0.3668000102043152,176813,0.0,0.0
2024-05-23 10:30:00-04:00,0.3668999969959259,0.37139999866485596,0.3668000102043152,0.3668000102043152,33728,0.0,0.0
2024-05-23 11:30:00-04:00,0.3668000102043152,0.3700000047683716,0.36010000109672546,0.36010000109672546,176790,0.0,0.0
2024-05-23 12:30:00-04:00,0.3603000044822693,0.3700000047683716,0.34470000863075256,0.3499999940395355,122914,0.0,0.0
2024-05-23 13:30:00-04:00,0.3675000071525574,0.3695000112056732,0.3499999940395355,0.35100001096725464,23014,0.0,0.0
2024-05-23 14:30:00-04:00,0.35409998893737793,0.36500000953674316,0.3490000069141388,0.3490000069141388,44258,0.0,0.0
2024-05-23 15:30:00-04:00,0.34599998593330383,0.36000001430511475,0.34599998593330383,0.3540000021457672,78429,0.0,0.0
2024-05-24 09:30:00-04:00,0.36000001430511475,0.36000001430511475,0.35499998927116394,0.3598000109195709,59353,0.0,0.0
2024-05-24 10:30:00-04:00,0.35109999775886536,0.3598000109195709,0.3499999940395355,0.3499999940395355,71388,0.0,0.0
2024-05-24 11:30:00-04:00,0.3513000011444092,0.3513000011444092,0.32120001316070557,0.33809998631477356,109031,0.0,0.0
2024-05-24 12:30:00-04:00,0.33809998631477356,0.36890000104904175,0.33809998631477356,0.36000001430511475,114206,0.0,0.0
2024-05-24 13:30:00-04:00,0.36890000104904175,0.38999998569488525,0.36000001430511475,0.36000001430511475,68869,0.0,0.0
2024-05-24 14:30:00-04:00,0.3610000014305115,0.36500000953674316,0.3515999913215637,0.36500000953674316,8959,0.0,0.0
2024-05-24 15:30:00-04:00,0.36500000953674316,0.3700000047683716,0.359499990940094,0.36890000104904175,13353,0.0,0.0
2024-05-28 09:30:00-04:00,0.3716999888420105,0.3736000061035156,0.36000001430511475,0.36000001430511475,57913,0.0,0.0
2024-05-28 10:30:00-04:00,0.36000001430511475,0.367000013589859,0.36000001430511475,0.367000013589859,10547,0.0,0.0
2024-05-28 11:30:00-04:00,0.367000013589859,0.3671000003814697,0.367000013589859,0.367000013589859,1736,0.0,0.0
2024-05-28 12:30:00-04:00,0.3671000003814697,0.3671000003814697,0.36000001430511475,0.36000001430511475,2976,0.0,0.0
2024-05-28 13:30:00-04:00,0.36000001430511475,0.36399999260902405,0.36000001430511475,0.36000001430511475,2642,0.0,0.0
2024-05-28 14:30:00-04:00,0.36000001430511475,0.3668999969959259,0.36000001430511475,0.36000001430511475,8988,0.0,0.0
2024-05-28 15:30:00-04:00,0.36000001430511475,0.36719998717308044,0.36000001430511475,0.36000001430511475,3437,0.0,0.0
2024-05-29 09:30:00-04:00,0.35989999771118164,0.3783999979496002,0.35989999771118164,0.36010000109672546,53371,0.0,0.0
2024-05-29 10:30:00-04:00,0.36010000109672546,0.3700000047683716,0.33149999380111694,0.3325999975204468,73699,0.0,0.0
2024-05-29 11:30:00-04:00,0.3492000102996826,0.3700000047683716,0.3400000035762787,0.3400000035762787,13509,0.0,0.0
2024-05-29 12:30:00-04:00,0.33500000834465027,0.35010001063346863,0.33500000834465027,0.35010001063346863,2259,0.0,0.0
2024-05-29 13:30:00-04:00,0.3400000035762787,0.34549999237060547,0.3400000035762787,0.3400000035762787,5305,0.0,0.0
2024-05-29 14:30:00-04:00,0.3400000035762787,0.36500000953674316,0.3400000035762787,0.36000001430511475,33163,0.0,0.0
2024-05-29 15:30:00-04:00,0.3521000146865845,0.3521000146865845,0.3499999940395355,0.3499999940395355,2822,0.0,0.0
2024-05-30 09:30:00-04:00,0.3499999940395355,0.3700000047683716,0.3499999940395355,0.3582000136375427,36372,0.0,0.0
2024-05-30 10:30:00-04:00,0.36000001430511475,0.36000001430511475,0.36000001430511475,0.36000001430511475,2962,0.0,0.0
2024-05-30 11:30:00-04:00,0.35100001096725464,0.35100001096725464,0.35100001096725464,0.35100001096725464,419,0.0,0.0
2024-05-30 12:30:00-04:00,0.3513999879360199,0.3513999879360199,0.3513999879360199,0.3513999879360199,995,0.0,0.0
2024-05-30 13:30:00-04:00,0.351500004529953,0.351500004529953,0.351500004529953,0.351500004529953,2711,0.0,0.0
2024-05-30 14:30:00-04:00,0.3578999936580658,0.3578999936580658,0.35199999809265137,0.35199999809265137,1433,0.0,0.0
2024-05-30 15:30:00-04:00,0.3578000068664551,0.3578000068664551,0.3499999940395355,0.35100001096725464,5984,0.0,0.0
2024-05-31 09:30:00-04:00,0.3499999940395355,0.3522000014781952,0.32019999623298645,0.33160001039505005,167145,0.0,0.0
2024-05-31 10:30:00-04:00,0.3321000039577484,0.3400000035762787,0.323199987411499,0.323199987411499,71335,0.0,0.0
2024-05-31 11:30:00-04:00,0.32409998774528503,0.32580000162124634,0.32109999656677246,0.32499998807907104,42555,0.0,0.0
2024-05-31 12:30:00-04:00,0.32499998807907104,0.3314000070095062,0.32109999656677246,0.32659998536109924,75076,0.0,0.0
2024-05-31 13:30:00-04:00,0.3303999900817871,0.3314000070095062,0.32499998807907104,0.32499998807907104,16577,0.0,0.0
2024-05-31 14:30:00-04:00,0.3285999894142151,0.3314000070095062,0.3199999928474426,0.3199999928474426,77160,0.0,0.0
2024-05-31 15:30:00-04:00,0.32010000944137573,0.3203999996185303,0.3149999976158142,0.3149999976158142,44968,0.0,0.0
2024-06-03 09:30:00-04:00,0.33059999346733093,0.33329999446868896,0.3199999928474426,0.32010000944137573,82546,0.0,0.0
2024-06-03 10:30:00-04:00,0.32010000944137573,0.3314000070095062,0.3100999891757965,0.3212999999523163,39185,0.0,0.0
2024-06-03 11:30:00-04:00,0.3212999999523163,0.3273000121116638,0.3100999891757965,0.32199999690055847,51912,0.0,0.0
2024-06-03 12:30:00-04:00,0.32199999690055847,0.32199999690055847,0.31790000200271606,0.31839999556541443,77996,0.0,0.0
2024-06-03 13:30:00-04:00,0.31850001215934753,0.3273000121116638,0.3151000142097473,0.3222000002861023,61304,0.0,0.0
2024-06-03 14:30:00-04:00,0.32350000739097595,0.32600000500679016,0.3183000087738037,0.3199999928474426,57867,0.0,0.0
2024-06-03 15:30:00-04:00,0.3199999928474426,0.3199999928474426,0.3149999976158142,0.31700000166893005,25616,0.0,0.0
2024-06-04 09:30:00-04:00,0.32899999618530273,0.32899999618530273,0.3199999928474426,0.32749998569488525,135981,0.0,0.0
2024-06-04 10:30:00-04:00,0.32499998807907104,0.328000009059906,0.32019999623298645,0.3240000009536743,31204,0.0,0.0
2024-06-04 11:30:00-04:00,0.3240000009536743,0.3240000009536743,0.3077000081539154,0.3100999891757965,119089,0.0,0.0
2024-06-04 12:30:00-04:00,0.3199999928474426,0.3199999928474426,0.3050000071525574,0.30959999561309814,62811,0.0,0.0
2024-06-04 13:30:00-04:00,0.3100000023841858,0.3240000009536743,0.3093000054359436,0.32170000672340393,46188,0.0,0.0
2024-06-04 14:30:00-04:00,0.32170000672340393,0.32659998536109924,0.3149999976158142,0.32199999690055847,36550,0.0,0.0
2024-06-04 15:30:00-04:00,0.32190001010894775,0.3230000138282776,0.3093999922275543,0.31049999594688416,32527,0.0,0.0
2024-06-05 09:30:00-04:00,0.3109999895095825,0.3418000042438507,0.3100000023841858,0.33379998803138733,161313,0.0,0.0
2024-06-05 10:30:00-04:00,0.3330000042915344,0.33500000834465027,0.3050000071525574,0.3107999861240387,90626,0.0,0.0
2024-06-05 11:30:00-04:00,0.33000001311302185,0.33000001311302185,0.3100999891757965,0.3230000138282776,61450,0.0,0.0
2024-06-05 12:30:00-04:00,0.3230000138282776,0.3230000138282776,0.3111000061035156,0.3224000036716461,75216,0.0,0.0
2024-06-05 13:30:00-04:00,0.3215000033378601,0.3215000033378601,0.31049999594688416,0.31380000710487366,67519,0.0,0.0
2024-06-05 14:30:00-04:00,0.31380000710487366,0.31380000710487366,0.3003000020980835,0.3075000047683716,459453,0.0,0.0
2024-06-05 15:30:00-04:00,0.3091999888420105,0.31380000710487366,0.3003999888896942,0.3098999857902527,68659,0.0,0.0
2024-06-06 09:30:00-04:00,4.199999809265137,4.804999828338623,4.150100231170654,4.332900047302246,47116,0.0,0.0
2024-06-06 10:30:00-04:00,4.300000190734863,4.34499979019165,4.099999904632568,4.239999771118164,32560,0.0,0.0
2024-06-06 11:30:00-04:00,4.170000076293945,4.189899921417236,4.025000095367432,4.03000020980835,24887,0.0,0.0
2024-06-06 12:30:00-04:00,4.0243000984191895,4.1605000495910645,4.010000228881836,4.090000152587891,11015,0.0,0.0
2024-06-06 13:30:00-04:00,4.039999961853027,4.149899959564209,4.039999961853027,4.149899959564209,2417,0.0,0.0
2024-06-06 14:30:00-04:00,4.150000095367432,4.150000095367432,4.070000171661377,4.070000171661377,7820,0.0,0.0
2024-06-06 15:30:00-04:00,4.149899959564209,4.159900188446045,4.019999980926514,4.119999885559082,7812,0.0,0.0
2024-06-07 09:30:00-04:00,3.9800000190734863,4.010000228881836,3.75,3.8698999881744385,27055,0.0,0.0
2024-06-07 10:30:00-04:00,3.8610000610351562,3.9000000953674316,3.8101000785827637,3.9000000953674316,5283,0.0,0.0
2024-06-07 11:30:00-04:00,3.899899959564209,3.899899959564209,3.7100000381469727,3.799999952316284,12195,0.0,0.0
2024-06-07 12:30:00-04:00,3.7500998973846436,3.805000066757202,3.7500998973846436,3.786600112915039,2389,0.0,0.0
2024-06-07 14:30:00-04:00,3.8392999172210693,3.8392999172210693,3.799999952316284,3.799999952316284,1414,0.0,0.0
2024-06-07 15:30:00-04:00,3.890000104904175,3.899600028991699,3.740000009536743,3.75,11942,0.0,0.0
2024-06-10 09:30:00-04:00,3.640000104904175,3.7697999477386475,3.5899999141693115,3.6700000762939453,17521,0.0,0.0
2024-06-10 10:30:00-04:00,3.740000009536743,3.740000009536743,3.6600000858306885,3.6700000762939453,4472,0.0,0.0
2024-06-10 11:30:00-04:00,3.670099973678589,3.670099973678589,3.6500000953674316,3.6600000858306885,6425,0.0,0.0
2024-06-10 12:30:00-04:00,3.6600000858306885,3.6600000858306885,3.5409998893737793,3.5950000286102295,7469,0.0,0.0
2024-06-10 13:30:00-04:00,3.5399999618530273,3.5399999618530273,3.5299999713897705,3.5299999713897705,3575,0.0,0.0
2024-06-10 14:30:00-04:00,3.559999942779541,3.559999942779541,3.549999952316284,3.549999952316284,1680,0.0,0.0
2024-06-10 15:30:00-04:00,3.5299999713897705,3.5299999713897705,3.4100000858306885,3.430000066757202,5135,0.0,0.0
2024-06-11 09:30:00-04:00,3.430000066757202,3.5,3.299999952316284,3.5,7976,0.0,0.0
2024-06-11 10:30:00-04:00,3.3550000190734863,3.3550000190734863,3.309999942779541,3.3299999237060547,5697,0.0,0.0
2024-06-11 11:30:00-04:00,3.369999885559082,3.3784000873565674,3.369999885559082,3.3784000873565674,1147,0.0,0.0
2024-06-11 12:30:00-04:00,3.369999885559082,3.369999885559082,3.369999885559082,3.369999885559082,488,0.0,0.0
2024-06-11 13:30:00-04:00,3.3299999237060547,3.3429999351501465,3.319999933242798,3.319999933242798,16976,0.0,0.0
2024-06-11 14:30:00-04:00,3.3299999237060547,3.3399999141693115,3.325000047683716,3.3399999141693115,3670,0.0,0.0
2024-06-11 15:30:00-04:00,3.3399999141693115,3.380000114440918,3.309999942779541,3.309999942779541,4055,0.0,0.0
2024-06-12 09:30:00-04:00,3.490000009536743,3.7899999618530273,3.4200000762939453,3.6500000953674316,53564,0.0,0.0
2024-06-12 10:30:00-04:00,3.700000047683716,3.8499999046325684,3.5999999046325684,3.8499999046325684,18376,0.0,0.0
2024-06-12 11:30:00-04:00,3.857599973678589,3.900099992752075,3.5977001190185547,3.619999885559082,10638,0.0,0.0
2024-06-12 12:30:00-04:00,3.700000047683716,3.772700071334839,3.5701000690460205,3.702199935913086,4420,0.0,0.0
2024-06-12 13:30:00-04:00,3.609999895095825,3.7112998962402344,3.549999952316284,3.7100000381469727,5176,0.0,0.0
2024-06-12 14:30:00-04:00,3.6500000953674316,3.700000047683716,3.5999999046325684,3.5999999046325684,8017,0.0,0.0
2024-06-12 15:30:00-04:00,3.6500000953674316,3.680000066757202,3.6500000953674316,3.680000066757202,2636,0.0,0.0
2024-06-13 09:30:00-04:00,3.6600000858306885,3.6986000537872314,3.606300115585327,3.671799898147583,6416,0.0,0.0
2024-06-13 10:30:00-04:00,3.645400047302246,4.129899978637695,3.6449999809265137,4.090000152587891,40378,0.0,0.0
2024-06-13 11:30:00-04:00,4.099999904632568,4.331900119781494,4.074999809265137,4.331900119781494,22192,0.0,0.0
2024-06-13 12:30:00-04:00,4.221700191497803,4.643400192260742,4.179999828338623,4.389999866485596,50079,0.0,0.0
2024-06-13 13:30:00-04:00,4.389999866485596,4.599899768829346,4.389999866485596,4.569499969482422,9540,0.0,0.0
2024-06-13 14:30:00-04:00,4.550000190734863,4.730000019073486,4.309999942779541,4.3942999839782715,56585,0.0,0.0
2024-06-13 15:30:00-04:00,4.370100021362305,4.425000190734863,3.75,3.7899999618530273,43441,0.0,0.0
2024-06-14 09:30:00-04:00,4.050000190734863,4.224999904632568,4.050000190734863,4.119999885559082,24905,0.0,0.0
2024-06-14 10:30:00-04:00,4.114999771118164,4.78000020980835,4.086999893188477,4.439899921417236,205338,0.0,0.0
2024-06-14 11:30:00-04:00,4.434199810028076,4.650000095367432,4.2600998878479,4.4868998527526855,101820,0.0,0.0
2024-06-14 12:30:00-04:00,4.440000057220459,4.455100059509277,4.110000133514404,4.239999771118164,35849,0.0,0.0
2024-06-14 13:30:00-04:00,4.179999828338623,4.28000020980835,4.110099792480469,4.14109992980957,9109,0.0,0.0
2024-06-14 14:30:00-04:00,4.15500020980835,4.183000087738037,4.059999942779541,4.159999847412109,24802,0.0,0.0
2024-06-14 15:30:00-04:00,4.139999866485596,4.21999979019165,3.880000114440918,4.110000133514404,69470,0.0,0.0
2024-06-17 09:30:00-04:00,4.090000152587891,4.33519983291626,3.9600000381469727,3.9600000381469727,48534,0.0,0.0
2024-06-17 10:30:00-04:00,3.990000009536743,4.0,3.859999895095825,3.910099983215332,13391,0.0,0.0
2024-06-17 11:30:00-04:00,3.990000009536743,3.990000009536743,3.990000009536743,3.990000009536743,1318,0.0,0.0
2024-06-17 12:30:00-04:00,3.950000047683716,3.990000009536743,3.9100000858306885,3.940000057220459,3077,0.0,0.0
2024-06-17 13:30:00-04:00,3.9700000286102295,3.9700000286102295,3.759999990463257,3.843400001525879,10536,0.0,0.0
2024-06-17 14:30:00-04:00,3.930000066757202,3.930000066757202,3.799999952316284,3.799999952316284,5251,0.0,0.0
2024-06-17 15:30:00-04:00,3.7701001167297363,3.8499999046325684,3.7699999809265137,3.809999942779541,6374,0.0,0.0
2024-06-18 09:30:00-04:00,3.809999942779541,3.9999001026153564,3.809999942779541,3.990000009536743,18876,0.0,0.0
2024-06-18 10:30:00-04:00,4.0,4.0,3.859999895095825,3.9800000190734863,3177,0.0,0.0
2024-06-18 11:30:00-04:00,3.9800000190734863,4.28000020980835,3.9800000190734863,4.150000095367432,28510,0.0,0.0
2024-06-18 12:30:00-04:00,4.119999885559082,4.129899978637695,4.05019998550415,4.05019998550415,2053,0.0,0.0
2024-06-18 13:30:00-04:00,4.110300064086914,4.130000114440918,4.010000228881836,4.03000020980835,6783,0.0,0.0
2024-06-18 14:30:00-04:00,4.159999847412109,4.260000228881836,3.9986000061035156,4.085000038146973,19286,0.0,0.0
2024-06-18 15:30:00-04:00,4.189799785614014,4.21999979019165,4.010000228881836,4.099999904632568,8496,0.0,0.0
2024-06-20 09:30:00-04:00,4.25,4.25,4.019999980926514,4.019999980926514,22876,0.0,0.0
2024-06-20 10:30:00-04:00,4.019999980926514,4.095099925994873,3.859999895095825,3.9858999252319336,7177,0.0,0.0
2024-06-20 11:30:00-04:00,3.8736000061035156,3.950000047683716,3.5000998973846436,3.549999952316284,57501,0.0,0.0
2024-06-20 12:30:00-04:00,3.5504000186920166,3.6549999713897705,3.5504000186920166,3.6549999713897705,3571,0.0,0.0
2024-06-20 13:30:00-04:00,3.620800018310547,3.75,3.620800018310547,3.75,892,0.0,0.0
2024-06-20 14:30:00-04:00,3.75,3.75,3.680000066757202,3.75,43585,0.0,0.0
2024-06-20 15:30:00-04:00,3.734999895095825,3.880000114440918,3.6637001037597656,3.680000066757202,2628,0.0,0.0
2024-06-21 09:30:00-04:00,3.7300000190734863,3.759999990463257,3.619999885559082,3.640000104904175,30864,0.0,0.0
2024-06-21 10:30:00-04:00,3.84060001373291,3.84060001373291,3.5399999618530273,3.609999895095825,8999,0.0,0.0
2024-06-21 11:30:00-04:00,3.849900007247925,3.849900007247925,3.849900007247925,3.849900007247925,498,0.0,0.0
2024-06-21 12:30:00-04:00,3.658400058746338,3.658400058746338,3.545599937438965,3.545599937438965,9556,0.0,0.0
2024-06-21 13:30:00-04:00,3.54010009765625,3.577699899673462,3.54010009765625,3.577699899673462,929,0.0,0.0
2024-06-21 14:30:00-04:00,3.54010009765625,3.6700000762939453,3.4100000858306885,3.549999952316284,8636,0.0,0.0
2024-06-21 15:30:00-04:00,3.549999952316284,3.559999942779541,3.450000047683716,3.559999942779541,5414,0.0,0.0
2024-06-24 09:30:00-04:00,3.309999942779541,3.440000057220459,3.309999942779541,3.380000114440918,19176,0.0,0.0
2024-06-24 10:30:00-04:00,3.4149999618530273,3.5,3.3499999046325684,3.440000057220459,8484,0.0,0.0
2024-06-24 11:30:00-04:00,3.4049999713897705,3.4049999713897705,3.1600000858306885,3.299999952316284,23280,0.0,0.0
2024-06-24 12:30:00-04:00,3.309999942779541,3.309999942779541,3.2200000286102295,3.234999895095825,11980,0.0,0.0
2024-06-24 13:30:00-04:00,3.2899999618530273,3.3299999237060547,3.25,3.3299999237060547,4393,0.0,0.0
2024-06-24 14:30:00-04:00,3.255000114440918,3.3299999237060547,3.213599920272827,3.2850000858306885,8955,0.0,0.0
2024-06-24 15:30:00-04:00,3.299999952316284,3.4700000286102295,3.259999990463257,3.4100000858306885,12038,0.0,0.0
2024-06-25 09:30:00-04:00,3.2699999809265137,3.3299999237060547,2.850100040435791,2.9500999450683594,291025,0.0,0.0
2024-06-25 10:30:00-04:00,2.9951999187469482,3.1933999061584473,2.960099935531616,3.0,79212,0.0,0.0
2024-06-25 11:30:00-04:00,2.950000047683716,3.0220000743865967,2.805000066757202,2.950000047683716,81753,0.0,0.0
2024-06-25 12:30:00-04:00,2.9976000785827637,2.9976000785827637,2.700000047683716,2.700000047683716,19064,0.0,0.0
2024-06-25 13:30:00-04:00,2.630000114440918,2.880000114440918,2.5899999141693115,2.8399999141693115,76324,0.0,0.0
2024-06-25 14:30:00-04:00,2.9286000728607178,2.9700000286102295,2.6500000953674316,2.690000057220459,56350,0.0,0.0
2024-06-25 15:30:00-04:00,2.6989998817443848,2.7899999618530273,2.6600000858306885,2.674999952316284,19813,0.0,0.0
2024-06-26 09:30:00-04:00,2.6500000953674316,2.75,2.6500000953674316,2.694999933242798,19773,0.0,0.0
2024-06-26 10:30:00-04:00,2.6700000762939453,2.6700000762939453,2.51200008392334,2.530100107192993,34723,0.0,0.0
2024-06-26 11:30:00-04:00,2.5399999618530273,2.594599962234497,2.5199999809265137,2.5199999809265137,14809,0.0,0.0
2024-06-26 12:30:00-04:00,2.569999933242798,2.5999999046325684,2.55430006980896,2.5936999320983887,5443,0.0,0.0
2024-06-26 13:30:00-04:00,2.5999999046325684,2.694200038909912,2.5999999046325684,2.640000104904175,4500,0.0,0.0
2024-06-26 14:30:00-04:00,2.640000104904175,2.75,2.640000104904175,2.7249999046325684,2395,0.0,0.0
2024-06-26 15:30:00-04:00,2.7249999046325684,2.7780001163482666,2.7249999046325684,2.759999990463257,6604,0.0,0.0
2024-06-27 09:30:00-04:00,2.7300000190734863,2.827899932861328,2.7100000381469727,2.7799999713897705,6085,0.0,0.0
2024-06-27 10:30:00-04:00,2.7699999809265137,2.7699999809265137,2.7200000286102295,2.7200000286102295,2701,0.0,0.0
2024-06-27 11:30:00-04:00,2.7100000381469727,2.75,2.7100000381469727,2.740000009536743,3487,0.0,0.0
2024-06-27 12:30:00-04:00,2.73009991645813,2.740000009536743,2.5999999046325684,2.6649999618530273,23263,0.0,0.0
2024-06-27 13:30:00-04:00,2.7200000286102295,2.7300000190734863,2.684999942779541,2.700000047683716,3075,0.0,0.0
2024-06-27 14:30:00-04:00,2.7100000381469727,2.940000057220459,2.700000047683716,2.8299999237060547,27451,0.0,0.0
2024-06-27 15:30:00-04:00,2.869999885559082,2.9200000762939453,2.6110999584198,2.6500000953674316,40066,0.0,0.0
2024-06-28 09:30:00-04:00,2.680000066757202,2.8499999046325684,2.680000066757202,2.8125,37593,0.0,0.0
2024-06-28 10:30:00-04:00,2.780100107192993,2.940000057220459,2.7200000286102295,2.7699999809265137,61458,0.0,0.0
2024-06-28 11:30:00-04:00,2.800100088119507,3.140500068664551,2.7500998973846436,2.829900026321411,123324,0.0,0.0
2024-06-28 12:30:00-04:00,2.838099956512451,2.9899001121520996,2.7100000381469727,2.7699999809265137,27205,0.0,0.0
2024-06-28 13:30:00-04:00,2.7200000286102295,2.7300000190734863,2.643399953842163,2.643399953842163,7942,0.0,0.0
2024-06-28 14:30:00-04:00,2.630000114440918,2.6554999351501465,2.559999942779541,2.559999942779541,7940,0.0,0.0
2024-06-28 15:30:00-04:00,2.575500011444092,2.5899999141693115,2.5,2.5799999237060547,11349,0.0,0.0
2024-07-01 09:30:00-04:00,2.5799999237060547,2.6600000858306885,2.4700000286102295,2.490000009536743,17198,0.0,0.0
2024-07-01 10:30:00-04:00,2.5299999713897705,2.5299999713897705,2.4505999088287354,2.489000082015991,3720,0.0,0.0
2024-07-01 11:30:00-04:00,2.490000009536743,2.5299999713897705,2.470099925994873,2.517199993133545,9376,0.0,0.0
2024-07-01 12:30:00-04:00,2.5399999618530273,2.5495998859405518,2.490000009536743,2.516200065612793,11073,0.0,0.0
2024-07-01 13:30:00-04:00,2.490000009536743,2.5599000453948975,2.490000009536743,2.549999952316284,1553,0.0,0.0
2024-07-01 14:30:00-04:00,2.490000009536743,2.5,2.4749999046325684,2.4749999046325684,4182,0.0,0.0
2024-07-01 15:30:00-04:00,2.490000009536743,2.490000009536743,2.4700000286102295,2.4700000286102295,1360,0.0,0.0
2024-07-02 09:30:00-04:00,2.4600000381469727,2.555299997329712,2.3505001068115234,2.3505001068115234,14566,0.0,0.0
2024-07-02 10:30:00-04:00,2.4049999713897705,2.450000047683716,2.0299999713897705,2.140000104904175,41148,0.0,0.0
2024-07-02 11:30:00-04:00,2.2330000400543213,2.4100000858306885,2.059999942779541,2.2850000858306885,57063,0.0,0.0
2024-07-02 12:30:00-04:00,2.2799999713897705,2.2850000858306885,2.2799999713897705,2.2850000858306885,2541,0.0,0.0
2024-07-02 13:30:00-04:00,2.2500998973846436,2.250200033187866,2.2000999450683594,2.2000999450683594,4765,0.0,0.0
2024-07-02 14:30:00-04:00,2.2000999450683594,2.2200000286102295,2.1136999130249023,2.2200000286102295,5599,0.0,0.0
2024-07-02 15:30:00-04:00,2.2300000190734863,2.2300000190734863,2.2300000190734863,2.2300000190734863,1153,0.0,0.0
2024-07-03 09:30:00-04:00,2.2899999618530273,2.3399999141693115,2.2799999713897705,2.299999952316284,8986,0.0,0.0
2024-07-03 10:30:00-04:00,2.281100034713745,2.309999942779541,2.2799999713897705,2.299999952316284,7627,0.0,0.0
2024-07-03 11:30:00-04:00,2.2899999618530273,2.309999942779541,2.2699999809265137,2.309999942779541,3223,0.0,0.0
2024-07-03 12:30:00-04:00,2.29830002784729,2.299799919128418,2.259999990463257,2.259999990463257,1582,0.0,0.0
2024-07-05 09:30:00-04:00,2.25,2.299999952316284,2.180000066757202,2.299999952316284,2896,0.0,0.0
2024-07-05 10:30:00-04:00,2.2300000190734863,2.2300000190734863,2.1700000762939453,2.180000066757202,3790,0.0,0.0
2024-07-05 11:30:00-04:00,2.1600000858306885,2.1600000858306885,2.0399999618530273,2.080399990081787,14635,0.0,0.0
2024-07-05 12:30:00-04:00,2.0873000621795654,2.104099988937378,2.0850000381469727,2.0950000286102295,2390,0.0,0.0
2024-07-05 13:30:00-04:00,2.115000009536743,2.115000009536743,2.115000009536743,2.115000009536743,1583,0.0,0.0
2024-07-05 14:30:00-04:00,2.109999895095825,2.139699935913086,2.100100040435791,2.100100040435791,3205,0.0,0.0
2024-07-05 15:30:00-04:00,2.125,2.1500000953674316,2.0999999046325684,2.109999895095825,4007,0.0,0.0
