Datetime,Open,High,Low,Close,Volume,Dividends,Stock Splits
2022-07-07 09:30:00-04:00,23.25,23.25,23.25,23.25,0,0.0,0.0
2022-07-07 14:30:00-04:00,23.375,23.375,23.375,23.375,400,0.0,0.0
2022-07-08 10:30:00-04:00,23.375,23.375,23.375,23.375,0,0.0,0.0
2022-07-11 11:30:00-04:00,23.489999771118164,23.5,23.489999771118164,23.5,189,0.0,0.0
2022-07-12 09:30:00-04:00,23.5,23.5,23.5,23.5,221,0.0,0.0
2022-07-12 14:30:00-04:00,24.0,24.0,24.0,24.0,650,0.0,0.0
2022-07-13 11:30:00-04:00,24.0,24.020000457763672,24.0,24.010000228881836,100,0.0,0.0
2022-07-14 09:30:00-04:00,24.0,24.0,24.0,24.0,669,0.0,0.0
2022-07-14 14:30:00-04:00,23.780000686645508,23.780000686645508,23.780000686645508,23.780000686645508,557,0.0,0.0
2022-07-15 11:30:00-04:00,23.68000030517578,23.700000762939453,23.68000030517578,23.700000762939453,0,0.0,0.0
2022-07-18 09:30:00-04:00,23.790000915527344,23.790000915527344,23.790000915527344,23.790000915527344,0,0.0,0.0
2022-07-19 09:30:00-04:00,23.559999465942383,23.559999465942383,23.559999465942383,23.559999465942383,0,0.0,0.0
2022-07-20 09:30:00-04:00,23.260000228881836,23.260000228881836,23.260000228881836,23.260000228881836,540,0.0,0.0
2022-07-20 14:30:00-04:00,24.013099670410156,24.013099670410156,24.013099670410156,24.013099670410156,300,0.0,0.0
2022-07-21 11:30:00-04:00,23.399999618530273,23.399999618530273,23.399999618530273,23.399999618530273,1468,0.0,0.0
2022-07-21 15:30:00-04:00,23.399999618530273,23.399999618530273,23.399999618530273,23.399999618530273,100,0.0,0.0
2022-07-22 09:30:00-04:00,23.049999237060547,23.135799407958984,23.049999237060547,23.059999465942383,0,0.0,0.0
2022-07-22 15:30:00-04:00,23.700000762939453,23.700000762939453,23.700000762939453,23.700000762939453,210,0.0,0.0
2022-07-25 09:30:00-04:00,23.277000427246094,23.5,23.277000427246094,23.5,0,0.0,0.0
2022-07-27 11:30:00-04:00,23.030000686645508,23.030000686645508,23.030000686645508,23.030000686645508,0,0.0,0.0
2022-07-27 14:30:00-04:00,23.559999465942383,23.559999465942383,23.559999465942383,23.559999465942383,100,0.0,0.0
2022-08-03 09:30:00-04:00,23.479999542236328,23.479999542236328,23.3700008392334,23.3700008392334,71,0.0,0.0
2022-08-04 12:30:00-04:00,23.350000381469727,23.350000381469727,23.350000381469727,23.350000381469727,0,0.0,0.0
2022-08-04 15:30:00-04:00,23.389999389648438,23.700000762939453,23.389999389648438,23.700000762939453,725,0.0,0.0
2022-08-05 09:30:00-04:00,23.020000457763672,23.020000457763672,23.020000457763672,23.020000457763672,0,0.0,0.0
2022-08-05 10:30:00-04:00,23.020000457763672,23.020000457763672,23.020000457763672,23.020000457763672,200,0.0,0.0
2022-08-05 11:30:00-04:00,23.100000381469727,23.100000381469727,23.100000381469727,23.100000381469727,123,0.0,0.0
2022-08-05 12:30:00-04:00,23.18000030517578,23.18000030517578,23.18000030517578,23.18000030517578,100,0.0,0.0
2022-08-05 14:30:00-04:00,23.059999465942383,23.059999465942383,23.059999465942383,23.059999465942383,100,0.0,0.0
2022-08-05 15:30:00-04:00,23.5,23.5,23.5,23.5,400,0.0,0.0
2022-08-08 10:30:00-04:00,23.557600021362305,23.557600021362305,23.557600021362305,23.557600021362305,0,0.0,0.0
2022-08-08 14:30:00-04:00,23.700000762939453,23.700000762939453,23.600000381469727,23.700000762939453,1588,0.0,0.0
2022-08-10 12:30:00-04:00,23.68000030517578,23.700000762939453,23.68000030517578,23.700000762939453,620,0.0,0.0
2022-08-12 09:30:00-04:00,23.5,23.5,23.5,23.5,0,0.0,0.0
2022-08-12 11:30:00-04:00,23.670000076293945,23.68000030517578,23.65999984741211,23.65999984741211,500,0.0,0.0
2022-08-12 13:30:00-04:00,23.468000411987305,23.468000411987305,23.468000411987305,23.468000411987305,300,0.0,0.0
2022-08-17 09:30:00-04:00,23.700000762939453,23.700000762939453,23.664400100708008,23.664400100708008,0,0.0,0.0
2022-08-17 13:30:00-04:00,23.5,23.500099182128906,23.5,23.5,922,0.0,0.0
2022-08-17 14:30:00-04:00,23.1299991607666,23.260000228881836,23.1299991607666,23.260000228881836,229,0.0,0.0
2022-08-18 09:30:00-04:00,23.5,23.5,23.5,23.5,0,0.0,0.0
2022-08-18 10:30:00-04:00,23.3351993560791,23.3351993560791,23.260000228881836,23.260000228881836,2527,0.0,0.0
2022-08-18 11:30:00-04:00,23.399999618530273,23.399999618530273,23.399999618530273,23.399999618530273,721,0.0,0.0
2022-08-18 12:30:00-04:00,23.5,23.5,23.40999984741211,23.40999984741211,1098,0.0,0.0
2022-08-18 14:30:00-04:00,23.5,23.5,23.5,23.5,100,0.0,0.0
2022-08-22 12:30:00-04:00,23.239999771118164,23.25,23.235000610351562,23.25,400,0.0,0.0
2022-08-22 15:30:00-04:00,23.549999237060547,23.549999237060547,23.549999237060547,23.549999237060547,124,0.0,0.0
2022-08-24 11:30:00-04:00,23.5,23.5,23.5,23.5,0,0.0,0.0
2022-08-24 13:30:00-04:00,23.599700927734375,23.599700927734375,21.600000381469727,23.079999923706055,10142,0.0,0.0
2022-08-24 15:30:00-04:00,22.5,23.290000915527344,22.5,23.290000915527344,400,0.0,0.0
2022-08-25 13:30:00-04:00,23.280000686645508,23.635000228881836,23.280000686645508,23.635000228881836,799,0.0,0.0
2022-08-25 14:30:00-04:00,23.600000381469727,23.600000381469727,23.600000381469727,23.600000381469727,320,0.0,0.0
2022-08-25 15:30:00-04:00,23.549999237060547,23.549999237060547,23.549999237060547,23.549999237060547,100,0.0,0.0
2022-08-29 09:30:00-04:00,23.549999237060547,23.549999237060547,23.549999237060547,23.549999237060547,398,0.0,0.0
2022-08-30 13:30:00-04:00,23.0,23.0,23.0,23.0,246,0.0,0.0
2022-09-02 12:30:00-04:00,22.774999618530273,22.774999618530273,22.774999618530273,22.774999618530273,0,0.0,0.0
2022-09-06 10:30:00-04:00,22.75,22.75,22.75,22.75,1258,0.0,0.0
2022-09-06 13:30:00-04:00,21.610000610351562,21.610000610351562,21.610000610351562,21.610000610351562,352,0.0,0.0
2022-09-06 14:30:00-04:00,22.75,22.75,22.75,22.75,200,0.0,0.0
2022-09-06 15:30:00-04:00,22.719999313354492,22.75,22.700000762939453,22.700000762939453,320,0.0,0.0
2022-09-07 10:30:00-04:00,21.65999984741211,21.950000762939453,21.65999984741211,21.950000762939453,531,0.0,0.0
2022-09-07 13:30:00-04:00,22.38290023803711,22.38290023803711,22.38290023803711,22.38290023803711,100,0.0,0.0
2022-09-08 10:30:00-04:00,22.010000228881836,22.010000228881836,22.010000228881836,22.010000228881836,0,0.0,0.0
2022-09-08 12:30:00-04:00,22.149999618530273,22.149999618530273,22.149999618530273,22.149999618530273,102,0.0,0.0
2022-09-08 15:30:00-04:00,22.110000610351562,22.110000610351562,22.110000610351562,22.110000610351562,153,0.0,0.0
2022-09-09 12:30:00-04:00,22.34040069580078,22.34040069580078,22.34040069580078,22.34040069580078,0,0.0,0.0
2022-09-12 09:30:00-04:00,22.670000076293945,22.670000076293945,22.399999618530273,22.399999618530273,144,0.0,0.0
2022-09-13 12:30:00-04:00,22.450000762939453,22.45009994506836,22.450000762939453,22.45009994506836,123,0.0,0.0
2022-09-14 12:30:00-04:00,22.950000762939453,22.950000762939453,22.950000762939453,22.950000762939453,100,0.0,0.0
2022-09-15 13:30:00-04:00,21.43000030517578,22.059999465942383,21.3700008392334,22.059999465942383,1987,0.0,0.0
2022-09-15 14:30:00-04:00,22.440000534057617,22.479999542236328,22.440000534057617,22.440000534057617,819,0.0,0.0
2022-09-16 14:30:00-04:00,22.850000381469727,22.850000381469727,22.850000381469727,22.850000381469727,0,0.0,0.0
2022-09-16 15:30:00-04:00,22.850000381469727,22.850000381469727,22.850000381469727,22.850000381469727,265,0.0,0.0
2022-09-23 14:30:00-04:00,21.56999969482422,21.56999969482422,21.56999969482422,21.56999969482422,10,0.0,0.0
2022-09-27 12:30:00-04:00,21.693599700927734,21.693599700927734,21.693599700927734,21.693599700927734,637,0.0,0.0
2022-09-27 13:30:00-04:00,21.5,21.5,21.5,21.5,204,0.0,0.0
2022-09-30 09:30:00-04:00,20.799999237060547,20.799999237060547,20.799999237060547,20.799999237060547,0,0.0,0.0
2022-09-30 13:30:00-04:00,21.25,21.25,21.25,21.25,120,0.0,0.0
2022-10-03 12:30:00-04:00,21.5,21.5,21.5,21.5,78,0.0,0.0
2022-10-04 12:30:00-04:00,20.997600555419922,20.997600555419922,20.997600555419922,20.997600555419922,61,0.0,0.0
2022-10-04 13:30:00-04:00,19.799999237060547,19.950000762939453,19.549999237060547,19.950000762939453,1097,0.0,0.0
2022-10-05 09:30:00-04:00,20.0,20.378000259399414,20.0,20.378000259399414,252,0.0,0.0
2022-10-05 10:30:00-04:00,20.010000228881836,20.020000457763672,20.0,20.0,300,0.0,0.0
2022-10-05 11:30:00-04:00,20.0,20.0,19.610000610351562,19.610000610351562,310,0.0,0.0
2022-10-05 12:30:00-04:00,19.75,19.75,19.030000686645508,19.06999969482422,1500,0.0,0.0
2022-10-05 13:30:00-04:00,19.06999969482422,19.469999313354492,18.600000381469727,18.600000381469727,3316,0.0,0.0
2022-10-05 14:30:00-04:00,18.549999237060547,18.549999237060547,16.95009994506836,16.969999313354492,4405,0.0,0.0
2022-10-05 15:30:00-04:00,17.75349998474121,17.774999618530273,17.71179962158203,17.774999618530273,437,0.0,0.0
2022-10-06 09:30:00-04:00,17.110000610351562,17.510000228881836,17.0,17.406600952148438,0,0.0,0.0
2022-10-06 10:30:00-04:00,17.100000381469727,17.6299991607666,17.100000381469727,17.610000610351562,6324,0.0,0.0
2022-10-06 11:30:00-04:00,17.610000610351562,17.773399353027344,17.610000610351562,17.75,4299,0.0,0.0
2022-10-06 12:30:00-04:00,17.860000610351562,18.149999618530273,17.700000762939453,17.700000762939453,5250,0.0,0.0
2022-10-06 13:30:00-04:00,17.670000076293945,17.68000030517578,17.5,17.5,3950,0.0,0.0
2022-10-06 14:30:00-04:00,17.5,17.714500427246094,17.0,17.0,6168,0.0,0.0
2022-10-06 15:30:00-04:00,17.020000457763672,17.224000930786133,16.219999313354492,17.149999618530273,10523,0.0,0.0
2022-10-07 09:30:00-04:00,17.899999618530273,18.5,17.899999618530273,18.25,2244,0.0,0.0
2022-10-07 10:30:00-04:00,18.25,18.25,18.030000686645508,18.030000686645508,1598,0.0,0.0
2022-10-07 11:30:00-04:00,18.040000915527344,18.040000915527344,18.040000915527344,18.040000915527344,900,0.0,0.0
2022-10-07 12:30:00-04:00,18.020000457763672,18.059999465942383,18.020000457763672,18.059999465942383,1750,0.0,0.0
2022-10-07 13:30:00-04:00,18.020000457763672,18.020000457763672,17.715499877929688,18.0,8077,0.0,0.0
2022-10-07 14:30:00-04:00,18.190000534057617,18.190000534057617,18.190000534057617,18.190000534057617,100,0.0,0.0
2022-10-07 15:30:00-04:00,18.19499969482422,18.299999237060547,18.010000228881836,18.010000228881836,3747,0.0,0.0
2022-10-10 10:30:00-04:00,19.075000762939453,19.075000762939453,19.075000762939453,19.075000762939453,0,0.0,0.0
2022-10-10 11:30:00-04:00,19.219999313354492,19.219999313354492,19.219999313354492,19.219999313354492,151,0.0,0.0
2022-10-10 12:30:00-04:00,18.950000762939453,19.149999618530273,18.950000762939453,19.123899459838867,1043,0.0,0.0
2022-10-10 13:30:00-04:00,19.200000762939453,19.25,18.924999237060547,19.25,1520,0.0,0.0
2022-10-11 09:30:00-04:00,18.5,18.5,18.25,18.25,0,0.0,0.0
2022-10-11 10:30:00-04:00,18.90679931640625,18.90679931640625,18.5,18.5,1143,0.0,0.0
2022-10-11 11:30:00-04:00,18.989999771118164,18.989999771118164,18.989999771118164,18.989999771118164,124,0.0,0.0
2022-10-11 15:30:00-04:00,18.549999237060547,18.549999237060547,18.5,18.530000686645508,922,0.0,0.0
2022-10-12 10:30:00-04:00,18.899999618530273,18.899999618530273,18.899999618530273,18.899999618530273,0,0.0,0.0
2022-10-12 13:30:00-04:00,18.559999465942383,18.559999465942383,18.559999465942383,18.559999465942383,100,0.0,0.0
2022-10-13 12:30:00-04:00,18.75,19.0,18.489999771118164,18.825000762939453,2849,0.0,0.0
2022-10-13 13:30:00-04:00,18.811100006103516,18.811100006103516,18.811100006103516,18.811100006103516,413,0.0,0.0
2022-10-14 11:30:00-04:00,18.524999618530273,18.524999618530273,18.524999618530273,18.524999618530273,0,0.0,0.0
2022-10-14 12:30:00-04:00,18.969999313354492,18.969999313354492,18.667499542236328,18.667499542236328,310,0.0,0.0
2022-10-14 14:30:00-04:00,18.739999771118164,18.739999771118164,18.739999771118164,18.739999771118164,100,0.0,0.0
2022-10-14 15:30:00-04:00,18.790000915527344,18.790000915527344,18.790000915527344,18.790000915527344,0,0.0,0.0
2022-10-17 11:30:00-04:00,19.0,19.0,19.0,19.0,499,0.0,0.0
2022-10-17 13:30:00-04:00,18.75,18.75,18.75,18.75,230,0.0,0.0
2022-10-17 14:30:00-04:00,18.510000228881836,18.75,18.510000228881836,18.700000762939453,677,0.0,0.0
2022-10-17 15:30:00-04:00,18.7549991607666,19.0,18.7549991607666,19.0,1728,0.0,0.0
2022-10-18 11:30:00-04:00,19.0,19.0,18.999900817871094,18.999900817871094,0,0.0,0.0
2022-10-18 12:30:00-04:00,19.0,19.0,18.850000381469727,18.850000381469727,394,0.0,0.0
2022-10-18 14:30:00-04:00,18.7992000579834,18.7992000579834,18.5,18.5,205,0.0,0.0
2022-10-18 15:30:00-04:00,19.0,19.0,19.0,19.0,215,0.0,0.0
2022-10-19 12:30:00-04:00,19.0,19.0,19.0,19.0,0,0.0,0.0
2022-10-19 14:30:00-04:00,18.832500457763672,19.0,18.832500457763672,19.0,1010,0.0,0.0
2022-10-19 15:30:00-04:00,18.75,18.75,18.658700942993164,18.658700942993164,200,0.0,0.0
2022-10-20 10:30:00-04:00,18.979999542236328,18.979999542236328,18.979999542236328,18.979999542236328,0,0.0,0.0
2022-10-20 11:30:00-04:00,18.979999542236328,18.979999542236328,18.979999542236328,18.979999542236328,164,0.0,0.0
2022-10-20 12:30:00-04:00,18.649999618530273,18.649999618530273,18.649999618530273,18.649999618530273,550,0.0,0.0
2022-10-21 12:30:00-04:00,18.670000076293945,18.670000076293945,18.670000076293945,18.670000076293945,0,0.0,0.0
2022-10-21 15:30:00-04:00,18.66469955444336,18.66469955444336,18.66469955444336,18.66469955444336,114,0.0,0.0
2022-10-24 09:30:00-04:00,18.600000381469727,18.600000381469727,18.600000381469727,18.600000381469727,0,0.0,0.0
2022-10-24 12:30:00-04:00,18.899999618530273,18.900100708007812,18.899999618530273,18.900100708007812,202,0.0,0.0
2022-10-24 14:30:00-04:00,19.0,19.0,18.790000915527344,18.790000915527344,1102,0.0,0.0
2022-10-25 15:30:00-04:00,18.895000457763672,18.999900817871094,18.895000457763672,18.999900817871094,400,0.0,0.0
2022-10-26 10:30:00-04:00,18.899999618530273,18.899999618530273,18.899999618530273,18.899999618530273,0,0.0,0.0
2022-10-26 11:30:00-04:00,19.0,19.0,18.999900817871094,18.999900817871094,0,0.0,0.0
2022-10-27 11:30:00-04:00,19.299999237060547,19.299999237060547,19.29990005493164,19.29990005493164,517,0.0,0.0
2022-10-28 09:30:00-04:00,19.0,19.0,19.0,19.0,0,0.0,0.0
2022-10-28 10:30:00-04:00,19.100000381469727,19.100000381469727,19.100000381469727,19.100000381469727,651,0.0,0.0
2022-10-31 09:30:00-04:00,19.299999237060547,19.479999542236328,19.0,19.0,650,0.0,0.0
2022-10-31 10:30:00-04:00,19.100000381469727,19.5,19.100000381469727,19.5,2300,0.0,0.0
2022-10-31 11:30:00-04:00,19.299999237060547,19.299999237060547,19.299999237060547,19.299999237060547,300,0.0,0.0
2022-10-31 12:30:00-04:00,19.299999237060547,19.299999237060547,19.100000381469727,19.100000381469727,1549,0.0,0.0
2022-10-31 13:30:00-04:00,19.25,19.25,19.25,19.25,400,0.0,0.0
2022-10-31 14:30:00-04:00,19.0,19.0,19.0,19.0,471,0.0,0.0
2022-10-31 15:30:00-04:00,18.600099563598633,18.950000762939453,18.600099563598633,18.950000762939453,1176,0.0,0.0
2022-11-02 13:30:00-04:00,19.219999313354492,19.219999313354492,19.219999313354492,19.219999313354492,100,0.0,0.0
2022-11-02 14:30:00-04:00,18.989999771118164,19.1200008392334,18.989999771118164,18.989999771118164,1268,0.0,0.0
2022-11-03 10:30:00-04:00,18.850000381469727,18.850000381469727,18.750099182128906,18.750099182128906,152,0.0,0.0
2022-11-03 13:30:00-04:00,18.75,18.75,18.5,18.510000228881836,6400,0.0,0.0
2022-11-03 14:30:00-04:00,18.5,18.510000228881836,18.5,18.510000228881836,3900,0.0,0.0
2022-11-04 09:30:00-04:00,18.739999771118164,18.739999771118164,18.739999771118164,18.739999771118164,0,0.0,0.0
2022-11-04 11:30:00-04:00,18.5,18.600000381469727,18.280000686645508,18.434200286865234,1502,0.0,0.0
2022-11-08 09:30:00-05:00,18.950000762939453,18.950000762939453,18.524999618530273,18.524999618530273,0,0.0,0.0
2022-11-09 12:30:00-05:00,18.5,18.5,18.399999618530273,18.399999618530273,2031,0.0,0.0
2022-11-09 13:30:00-05:00,18.999900817871094,18.999900817871094,18.999900817871094,18.999900817871094,1000,0.0,0.0
2022-11-10 09:30:00-05:00,19.0,19.0,19.0,19.0,0,0.0,0.0
2022-11-10 10:30:00-05:00,20.030000686645508,20.030000686645508,19.475000381469727,19.571199417114258,1690,0.0,0.0
2022-11-11 11:30:00-05:00,19.56999969482422,19.56999969482422,19.170000076293945,19.56999969482422,200,0.0,0.0
2022-11-11 13:30:00-05:00,19.600000381469727,19.600000381469727,19.472200393676758,19.472200393676758,605,0.0,0.0
2022-11-11 15:30:00-05:00,19.600000381469727,19.600000381469727,19.600000381469727,19.600000381469727,325,0.0,0.0
2022-11-14 10:30:00-05:00,19.600000381469727,19.600000381469727,19.599899291992188,19.599899291992188,0,0.0,0.0
2022-11-15 09:30:00-05:00,20.040000915527344,20.040000915527344,20.040000915527344,20.040000915527344,207,0.0,0.0
2022-11-15 11:30:00-05:00,20.028799057006836,20.049999237060547,20.028799057006836,20.049999237060547,2051,0.0,0.0
2022-11-15 12:30:00-05:00,20.010000228881836,20.049999237060547,20.010000228881836,20.049999237060547,1258,0.0,0.0
2022-11-16 09:30:00-05:00,20.100000381469727,20.100000381469727,20.100000381469727,20.100000381469727,0,0.0,0.0
2022-11-16 10:30:00-05:00,20.700000762939453,21.959999084472656,20.700000762939453,21.209999084472656,3949,0.0,0.0
2022-11-16 11:30:00-05:00,21.600000381469727,21.600000381469727,21.16390037536621,21.16390037536621,1050,0.0,0.0
2022-11-16 14:30:00-05:00,20.815500259399414,20.815500259399414,20.815500259399414,20.815500259399414,400,0.0,0.0
2022-11-17 09:30:00-05:00,20.75,20.915000915527344,20.75,20.915000915527344,0,0.0,0.0
2022-11-17 15:30:00-05:00,21.040000915527344,21.164199829101562,21.040000915527344,21.040000915527344,500,0.0,0.0
2022-11-18 10:30:00-05:00,21.010000228881836,21.5,21.0,21.0,793,0.0,0.0
2022-11-18 15:30:00-05:00,21.759899139404297,21.759899139404297,21.200000762939453,21.20009994506836,500,0.0,0.0
2022-11-22 14:30:00-05:00,20.5,20.5,20.5,20.5,0,0.0,0.0
2022-11-23 09:30:00-05:00,20.100000381469727,20.25779914855957,19.994400024414062,20.0,596,0.0,0.0
2022-11-25 09:30:00-05:00,19.899999618530273,19.899999618530273,19.899999618530273,19.899999618530273,54,0.0,0.0
2022-11-25 12:30:00-05:00,19.959999084472656,19.959999084472656,19.959999084472656,19.959999084472656,0,0.0,0.0
2022-11-28 09:30:00-05:00,19.739999771118164,19.989999771118164,19.739999771118164,19.989999771118164,500,0.0,0.0
2022-11-28 10:30:00-05:00,19.899999618530273,19.899999618530273,19.899999618530273,19.899999618530273,374,0.0,0.0
2022-11-28 12:30:00-05:00,19.8799991607666,19.8799991607666,19.8799991607666,19.8799991607666,127,0.0,0.0
2022-11-28 14:30:00-05:00,19.25,19.25,19.25,19.25,220,0.0,0.0
2022-11-29 09:30:00-05:00,20.969999313354492,20.969999313354492,19.969999313354492,19.969999313354492,0,0.0,0.0
2022-11-29 10:30:00-05:00,19.93000030517578,19.950000762939453,19.93000030517578,19.950000762939453,336,0.0,0.0
2022-11-29 12:30:00-05:00,19.792999267578125,19.792999267578125,19.792999267578125,19.792999267578125,600,0.0,0.0
2022-11-30 12:30:00-05:00,19.5,19.5,19.5,19.5,13,0.0,0.0
2022-11-30 13:30:00-05:00,19.574199676513672,19.574199676513672,19.574199676513672,19.574199676513672,200,0.0,0.0
2022-11-30 15:30:00-05:00,19.789899826049805,19.789899826049805,19.789899826049805,19.789899826049805,500,0.0,0.0
2022-12-01 11:30:00-05:00,19.989999771118164,19.989999771118164,19.989999771118164,19.989999771118164,34,0.0,0.0
2022-12-01 14:30:00-05:00,19.93000030517578,19.93000030517578,19.93000030517578,19.93000030517578,680,0.0,0.0
2022-12-02 13:30:00-05:00,20.0,20.0,20.0,20.0,300,0.0,0.0
2022-12-02 14:30:00-05:00,20.0,20.0,20.0,20.0,1100,0.0,0.0
2022-12-05 09:30:00-05:00,20.8799991607666,20.8799991607666,20.8799991607666,20.8799991607666,0,0.0,0.0
2022-12-05 11:30:00-05:00,20.5,20.5,20.1200008392334,20.1200008392334,592,0.0,0.0
2022-12-06 09:30:00-05:00,20.149999618530273,20.149999618530273,20.149999618530273,20.149999618530273,0,0.0,0.0
2022-12-06 10:30:00-05:00,19.510099411010742,19.510099411010742,19.510099411010742,19.510099411010742,400,0.0,0.0
2022-12-06 12:30:00-05:00,20.6299991607666,20.6299991607666,20.6299991607666,20.6299991607666,100,0.0,0.0
2022-12-06 13:30:00-05:00,19.760000228881836,20.611900329589844,19.540000915527344,19.540000915527344,631,0.0,0.0
2022-12-06 14:30:00-05:00,19.499900817871094,19.5,19.499900817871094,19.5,1213,0.0,0.0
2022-12-06 15:30:00-05:00,19.425899505615234,19.649999618530273,19.309999465942383,19.309999465942383,0,0.0,0.0
2022-12-07 10:30:00-05:00,20.295000076293945,20.295000076293945,20.295000076293945,20.295000076293945,505,0.0,0.0
2022-12-07 12:30:00-05:00,19.6200008392334,19.65999984741211,19.600000381469727,19.65999984741211,1695,0.0,0.0
2022-12-08 13:30:00-05:00,19.049999237060547,19.049999237060547,19.049999237060547,19.049999237060547,125,0.0,0.0
2022-12-08 14:30:00-05:00,20.277999877929688,20.277999877929688,19.989999771118164,19.989999771118164,225,0.0,0.0
2022-12-09 14:30:00-05:00,19.350000381469727,19.700000762939453,19.350000381469727,19.700000762939453,1896,0.0,0.0
2022-12-12 12:30:00-05:00,19.59000015258789,19.59000015258789,19.59000015258789,19.59000015258789,0,0.0,0.0
2022-12-13 12:30:00-05:00,19.799999237060547,19.799999237060547,19.799999237060547,19.799999237060547,0,0.0,0.0
2022-12-13 13:30:00-05:00,19.799999237060547,19.799999237060547,19.799999237060547,19.799999237060547,535,0.0,0.0
2022-12-13 14:30:00-05:00,19.350099563598633,19.3700008392334,19.350000381469727,19.350000381469727,788,0.0,0.0
2022-12-13 15:30:00-05:00,19.329999923706055,19.329999923706055,19.329999923706055,19.329999923706055,182,0.0,0.0
2022-12-14 09:30:00-05:00,18.65999984741211,19.450000762939453,18.6299991607666,19.450000762939453,0,0.0,0.0
2022-12-14 14:30:00-05:00,18.6200008392334,18.6200008392334,18.6200008392334,18.6200008392334,359,0.0,0.0
2022-12-16 09:30:00-05:00,18.5,18.5,18.5,18.5,332,0.0,0.0
2022-12-16 10:30:00-05:00,18.809999465942383,18.809999465942383,18.809999465942383,18.809999465942383,135,0.0,0.0
2022-12-16 14:30:00-05:00,18.5,18.799999237060547,18.5,18.799999237060547,565,0.0,0.0
2022-12-19 12:30:00-05:00,18.510000228881836,18.510000228881836,18.510000228881836,18.510000228881836,0,0.0,0.0
2022-12-20 09:30:00-05:00,19.60379981994629,19.60379981994629,18.510000228881836,18.510000228881836,417,0.0,0.0
2022-12-20 11:30:00-05:00,19.270000457763672,19.449899673461914,19.270000457763672,19.449899673461914,1001,0.0,0.0
2022-12-20 13:30:00-05:00,19.450000762939453,19.450000762939453,19.3799991607666,19.3799991607666,565,0.0,0.0
2022-12-20 14:30:00-05:00,20.139999389648438,20.139999389648438,20.139999389648438,20.139999389648438,457,0.0,0.0
2022-12-21 09:30:00-05:00,19.399999618530273,19.399999618530273,19.399999618530273,19.399999618530273,0,0.0,0.0
2022-12-21 10:30:00-05:00,19.399999618530273,19.399999618530273,19.350000381469727,19.399999618530273,1180,0.0,0.0
2022-12-21 13:30:00-05:00,19.09000015258789,19.09000015258789,18.649999618530273,18.649999618530273,660,0.0,0.0
2022-12-21 14:30:00-05:00,19.350000381469727,19.350000381469727,19.350000381469727,19.350000381469727,210,0.0,0.0
2022-12-23 09:30:00-05:00,18.510000228881836,18.510000228881836,18.510000228881836,18.510000228881836,0,0.0,0.0
2022-12-23 10:30:00-05:00,18.965299606323242,19.618600845336914,18.770000457763672,19.618600845336914,670,0.0,0.0
2022-12-27 14:30:00-05:00,19.850000381469727,19.850000381469727,19.850000381469727,19.850000381469727,111,0.0,0.0
2022-12-29 12:30:00-05:00,18.790000915527344,18.889999389648438,18.790000915527344,18.850000381469727,1001,0.0,0.0
2022-12-30 14:30:00-05:00,20.0,20.0,20.0,20.0,0,0.0,0.0
2023-01-05 10:30:00-05:00,19.600000381469727,19.600000381469727,19.600000381469727,19.600000381469727,72,0.0,0.0
2023-01-05 14:30:00-05:00,19.5,19.5,19.5,19.5,100,0.0,0.0
2023-01-06 09:30:00-05:00,19.0,19.0,19.0,19.0,0,0.0,0.0
2023-01-06 11:30:00-05:00,19.5,19.899999618530273,19.5,19.899999618530273,294,0.0,0.0
2023-01-06 12:30:00-05:00,19.010000228881836,19.010000228881836,19.010000228881836,19.010000228881836,633,0.0,0.0
2023-01-10 15:30:00-05:00,20.0,20.0,20.0,20.0,0,0.0,0.0
2023-01-11 10:30:00-05:00,19.549999237060547,19.549999237060547,19.549999237060547,19.549999237060547,74,0.0,0.0
2023-01-11 12:30:00-05:00,20.0,20.0,20.0,20.0,100,0.0,0.0
2023-01-11 13:30:00-05:00,20.0,20.25,19.950000762939453,20.25,1378,0.0,0.0
2023-01-11 14:30:00-05:00,20.299999237060547,20.299999237060547,20.299999237060547,20.299999237060547,203,0.0,0.0
2023-01-11 15:30:00-05:00,20.549999237060547,20.549999237060547,20.3799991607666,20.549999237060547,2242,0.0,0.0
2023-01-12 09:30:00-05:00,21.289899826049805,21.289899826049805,21.289899826049805,21.289899826049805,0,0.0,0.0
2023-01-12 12:30:00-05:00,21.010000228881836,21.010000228881836,21.010000228881836,21.010000228881836,100,0.0,0.0
2023-01-12 14:30:00-05:00,21.170000076293945,21.200000762939453,21.170000076293945,21.200000762939453,500,0.0,0.0
2023-01-12 15:30:00-05:00,21.15999984741211,21.290000915527344,21.15999984741211,21.290000915527344,3435,0.0,0.0
2023-01-13 13:30:00-05:00,21.401599884033203,21.469999313354492,21.3799991607666,21.3799991607666,105,0.0,0.0
2023-01-17 10:30:00-05:00,21.010000228881836,21.010000228881836,20.520000457763672,20.520000457763672,1168,0.0,0.0
2023-01-17 13:30:00-05:00,20.71310043334961,20.93899917602539,20.71310043334961,20.93899917602539,366,0.0,0.0
2023-01-20 14:30:00-05:00,21.219999313354492,21.219999313354492,21.219999313354492,21.219999313354492,0,0.0,0.0
2023-01-23 13:30:00-05:00,21.331600189208984,21.77589988708496,21.331600189208984,21.77589988708496,340,0.0,0.0
2023-01-24 13:30:00-05:00,22.329999923706055,22.329999923706055,22.329999923706055,22.329999923706055,124,0.0,0.0
2023-01-27 15:30:00-05:00,21.40999984741211,21.40999984741211,21.299999237060547,21.300100326538086,877,0.0,0.0
2023-01-30 14:30:00-05:00,22.0,22.0,22.0,22.0,161,0.0,0.0
2023-01-31 10:30:00-05:00,21.329999923706055,21.52790069580078,21.329999923706055,21.52790069580078,423,0.0,0.0
2023-01-31 11:30:00-05:00,21.600000381469727,21.600000381469727,21.600000381469727,21.600000381469727,178,0.0,0.0
2023-01-31 14:30:00-05:00,21.864099502563477,21.864099502563477,21.5,21.51180076599121,1200,0.0,0.0
2023-02-03 09:30:00-05:00,22.25,22.25,21.989999771118164,21.989999771118164,0,0.0,0.0
2023-02-03 12:30:00-05:00,21.999900817871094,21.999900817871094,21.999900817871094,21.999900817871094,120,0.0,0.0
2023-02-06 14:30:00-05:00,21.09980010986328,21.09980010986328,21.09980010986328,21.09980010986328,188,0.0,0.0
2023-02-07 11:30:00-05:00,21.812700271606445,22.360000610351562,21.200000762939453,22.0,616,0.0,0.0
2023-02-09 11:30:00-05:00,22.0,22.0,22.0,22.0,0,0.0,0.0
2023-02-09 14:30:00-05:00,22.2450008392334,22.2450008392334,21.893600463867188,21.893600463867188,500,0.0,0.0
2023-02-10 12:30:00-05:00,22.345800399780273,22.346500396728516,22.345800399780273,22.346500396728516,297,0.0,0.0
2023-02-13 13:30:00-05:00,22.399999618530273,22.399999618530273,22.399999618530273,22.399999618530273,150,0.0,0.0
2023-02-14 12:30:00-05:00,21.950300216674805,21.955400466918945,21.950300216674805,21.955400466918945,248,0.0,0.0
2023-02-14 13:30:00-05:00,22.26259994506836,22.26259994506836,21.950000762939453,21.95009994506836,659,0.0,0.0
2023-02-15 12:30:00-05:00,21.800100326538086,21.910600662231445,21.799999237060547,21.799999237060547,895,0.0,0.0
2023-02-17 09:30:00-05:00,21.700000762939453,21.700000762939453,21.700000762939453,21.700000762939453,0,0.0,0.0
2023-02-17 12:30:00-05:00,21.700000762939453,21.700000762939453,21.700000762939453,21.700000762939453,400,0.0,0.0
2023-02-22 11:30:00-05:00,21.399999618530273,21.399999618530273,21.399999618530273,21.399999618530273,0,0.0,0.0
2023-02-22 14:30:00-05:00,21.549999237060547,21.549999237060547,21.549999237060547,21.549999237060547,100,0.0,0.0
2023-02-24 11:30:00-05:00,21.100000381469727,21.100099563598633,21.049999237060547,21.100099563598633,863,0.0,0.0
2023-02-24 14:30:00-05:00,21.010099411010742,21.010099411010742,21.010099411010742,21.010099411010742,334,0.0,0.0
2023-02-27 10:30:00-05:00,21.010000228881836,21.0625,21.010000228881836,21.0625,653,0.0,0.0
2023-03-01 12:30:00-05:00,21.040000915527344,21.059999465942383,21.0,21.0,1163,0.0,0.0
2023-03-02 09:30:00-05:00,21.049999237060547,21.050100326538086,21.049999237060547,21.049999237060547,339,0.0,0.0
2023-03-09 14:30:00-05:00,21.100000381469727,21.100000381469727,21.100000381469727,21.100000381469727,321,0.0,0.0
2023-03-10 11:30:00-05:00,21.000099182128906,21.000099182128906,21.000099182128906,21.000099182128906,0,0.0,0.0
2023-03-10 12:30:00-05:00,21.0,21.0,20.799999237060547,20.799999237060547,800,0.0,0.0
2023-03-10 13:30:00-05:00,20.709999084472656,20.709999084472656,20.209999084472656,20.209999084472656,1975,0.0,0.0
2023-03-13 11:30:00-04:00,21.999900817871094,21.999900817871094,20.309999465942383,21.799999237060547,0,0.0,0.0
2023-03-13 14:30:00-04:00,19.209999084472656,19.209999084472656,19.209999084472656,19.209999084472656,400,0.0,0.0
2023-03-13 15:30:00-04:00,20.399999618530273,20.399999618530273,20.024999618530273,20.399999618530273,100,0.0,0.0
2023-03-17 11:30:00-04:00,20.0,20.0,19.524999618530273,19.524999618530273,0,0.0,0.0
2023-03-17 14:30:00-04:00,19.652999877929688,19.652999877929688,19.549999237060547,19.549999237060547,600,0.0,0.0
2023-03-20 09:30:00-04:00,19.440000534057617,19.440000534057617,19.399999618530273,19.399999618530273,0,0.0,0.0
2023-03-20 11:30:00-04:00,19.000099182128906,19.000099182128906,19.0,19.0,1402,0.0,0.0
2023-03-20 15:30:00-04:00,19.100000381469727,19.100000381469727,19.100000381469727,19.100000381469727,100,0.0,0.0
2023-03-21 10:30:00-04:00,19.0,19.0,19.0,19.0,0,0.0,0.0
2023-03-21 11:30:00-04:00,20.950000762939453,20.950000762939453,20.950000762939453,20.950000762939453,138,0.0,0.0
2023-03-21 12:30:00-04:00,20.200000762939453,20.200000762939453,20.200000762939453,20.200000762939453,300,0.0,0.0
2023-03-21 13:30:00-04:00,19.999900817871094,19.999900817871094,19.999900817871094,19.999900817871094,600,0.0,0.0
2023-03-24 12:30:00-04:00,20.299999237060547,20.300100326538086,20.299999237060547,20.300100326538086,195,0.0,0.0
2023-03-29 14:30:00-04:00,20.600000381469727,20.600000381469727,20.600000381469727,20.600000381469727,0,0.0,0.0
2023-03-31 09:30:00-04:00,20.889999389648438,20.889999389648438,20.889999389648438,20.889999389648438,6,0.0,0.0
2023-04-05 09:30:00-04:00,20.950000762939453,20.950000762939453,20.950000762939453,20.950000762939453,0,0.0,0.0
2023-04-10 09:30:00-04:00,20.770000457763672,20.770000457763672,20.238500595092773,20.238500595092773,630,0.0,0.0
2023-04-10 12:30:00-04:00,20.549999237060547,20.549999237060547,20.549999237060547,20.549999237060547,0,0.0,0.0
2023-04-17 10:30:00-04:00,20.329999923706055,20.329999923706055,20.329999923706055,20.329999923706055,148,0.0,0.0
2023-04-18 13:30:00-04:00,20.646400451660156,20.646400451660156,20.646400451660156,20.646400451660156,97,0.0,0.0
2023-04-19 10:30:00-04:00,20.54290008544922,20.54290008544922,20.54290008544922,20.54290008544922,236,0.0,0.0
2023-04-24 11:30:00-04:00,20.5,20.5,20.5,20.5,138,0.0,0.0
2023-04-26 10:30:00-04:00,20.5,20.5,20.5,20.5,44,0.0,0.0
2023-04-27 15:30:00-04:00,20.59000015258789,20.59000015258789,20.59000015258789,20.59000015258789,0,0.0,0.0
2023-04-28 14:30:00-04:00,20.600000381469727,20.600000381469727,20.600000381469727,20.600000381469727,962,0.0,0.0
2023-04-28 15:30:00-04:00,20.350000381469727,20.350000381469727,20.350000381469727,20.350000381469727,169,0.0,0.0
2023-05-02 12:30:00-04:00,20.299999237060547,20.299999237060547,20.299999237060547,20.299999237060547,424,0.0,0.0
2023-05-03 13:30:00-04:00,20.0,20.0,19.139999389648438,19.139999389648438,380,0.0,0.0
2023-05-03 15:30:00-04:00,19.33009910583496,19.84000015258789,19.329999923706055,19.329999923706055,0,0.0,0.0
2023-05-04 15:30:00-04:00,19.222999572753906,19.222999572753906,19.222999572753906,19.222999572753906,694,0.0,0.0
2023-05-05 11:30:00-04:00,18.690000534057617,18.690000534057617,18.690000534057617,18.690000534057617,0,0.0,0.0
2023-05-05 15:30:00-04:00,18.5,18.5,18.5,18.5,0,0.0,0.0
2023-05-08 11:30:00-04:00,18.5,18.5,18.5,18.5,0,0.0,0.0
2023-05-08 13:30:00-04:00,18.500099182128906,18.500099182128906,18.500099182128906,18.500099182128906,0,0.0,0.0
2023-05-16 09:30:00-04:00,19.780000686645508,19.780000686645508,19.780000686645508,19.780000686645508,332,0.0,0.0
2023-05-16 11:30:00-04:00,19.049999237060547,19.049999237060547,19.049999237060547,19.049999237060547,220,0.0,0.0
2023-05-16 12:30:00-04:00,19.424999237060547,19.424999237060547,19.049999237060547,19.049999237060547,2663,0.0,0.0
2023-05-16 13:30:00-04:00,19.000099182128906,19.000099182128906,19.000099182128906,19.000099182128906,0,0.0,0.0
2023-05-16 15:30:00-04:00,19.0,19.0,19.0,19.0,5808,0.0,0.0
2023-05-17 09:30:00-04:00,19.31999969482422,19.31999969482422,19.31999969482422,19.31999969482422,0,0.0,0.0
2023-05-17 14:30:00-04:00,18.799999237060547,18.799999237060547,18.799999237060547,18.799999237060547,518,0.0,0.0
2023-05-19 12:30:00-04:00,18.799999237060547,18.799999237060547,18.799999237060547,18.799999237060547,1502,0.0,0.0
2023-05-19 13:30:00-04:00,18.979999542236328,18.979999542236328,18.799999237060547,18.836999893188477,4840,0.0,0.0
2023-05-19 14:30:00-04:00,18.799999237060547,18.979999542236328,18.799999237060547,18.799999237060547,0,0.0,0.0
2023-05-22 09:30:00-04:00,18.809999465942383,18.809999465942383,18.809999465942383,18.809999465942383,120,0.0,0.0
2023-05-22 10:30:00-04:00,18.799999237060547,18.799999237060547,18.75,18.75,438,0.0,0.0
2023-05-22 13:30:00-04:00,19.19499969482422,19.19499969482422,19.19499969482422,19.19499969482422,200,0.0,0.0
2023-05-23 12:30:00-04:00,18.549999237060547,18.549999237060547,18.549999237060547,18.549999237060547,0,0.0,0.0
2023-05-23 13:30:00-04:00,18.549999237060547,18.549999237060547,18.549999237060547,18.549999237060547,912,0.0,0.0
2023-05-24 10:30:00-04:00,18.549999237060547,18.549999237060547,18.549999237060547,18.549999237060547,0,0.0,0.0
2023-05-24 14:30:00-04:00,18.600000381469727,18.600000381469727,18.600000381469727,18.600000381469727,4940,0.0,0.0
2023-05-24 15:30:00-04:00,18.600000381469727,18.977699279785156,18.600000381469727,18.600000381469727,0,0.0,0.0
2023-05-25 11:30:00-04:00,18.600000381469727,18.600000381469727,18.600000381469727,18.600000381469727,0,0.0,0.0
2023-05-26 10:30:00-04:00,18.600000381469727,19.25,18.600000381469727,18.600000381469727,7517,0.0,0.0
2023-05-26 11:30:00-04:00,18.600000381469727,18.600099563598633,18.600000381469727,18.600000381469727,0,0.0,0.0
2023-05-26 13:30:00-04:00,18.649999618530273,18.649999618530273,18.649999618530273,18.649999618530273,9818,0.0,0.0
2023-05-26 14:30:00-04:00,18.700000762939453,18.889999389648438,18.649999618530273,18.810800552368164,10030,0.0,0.0
2023-05-26 15:30:00-04:00,18.65999984741211,18.810800552368164,18.649999618530273,18.700000762939453,1900,0.0,0.0
2023-05-30 09:30:00-04:00,18.979999542236328,18.979999542236328,18.979999542236328,18.979999542236328,0,0.0,0.0
2023-05-31 11:30:00-04:00,18.799999237060547,18.799999237060547,18.799999237060547,18.799999237060547,465,0.0,0.0
2023-05-31 14:30:00-04:00,18.850000381469727,18.850000381469727,18.850000381469727,18.850000381469727,1305,0.0,0.0
2023-05-31 15:30:00-04:00,19.06999969482422,19.34000015258789,19.06999969482422,19.34000015258789,502,0.0,0.0
2023-06-01 09:30:00-04:00,19.09869956970215,19.09869956970215,19.09869956970215,19.09869956970215,0,0.0,0.0
2023-06-01 13:30:00-04:00,19.0,19.0,19.0,19.0,1900,0.0,0.0
2023-06-01 15:30:00-04:00,19.0,19.0,18.934999465942383,18.934999465942383,1774,0.0,0.0
2023-06-02 11:30:00-04:00,18.850000381469727,18.850000381469727,18.850000381469727,18.850000381469727,0,0.0,0.0
2023-06-02 12:30:00-04:00,18.90999984741211,18.90999984741211,18.850000381469727,18.850099563598633,1947,0.0,0.0
2023-06-02 15:30:00-04:00,19.0,19.0,18.975000381469727,19.0,4968,0.0,0.0
2023-06-05 10:30:00-04:00,19.010000228881836,19.010000228881836,19.010000228881836,19.010000228881836,122,0.0,0.0
2023-06-05 14:30:00-04:00,19.012500762939453,19.012500762939453,19.012500762939453,19.012500762939453,0,0.0,0.0
2023-06-06 09:30:00-04:00,19.0,19.0,19.0,19.0,1687,0.0,0.0
2023-06-06 11:30:00-04:00,19.0,19.0,18.959999084472656,18.959999084472656,1000,0.0,0.0
2023-06-06 13:30:00-04:00,19.290000915527344,19.290000915527344,19.290000915527344,19.290000915527344,135,0.0,0.0
2023-06-07 09:30:00-04:00,19.18000030517578,19.18000030517578,19.18000030517578,19.18000030517578,0,0.0,0.0
2023-06-07 10:30:00-04:00,19.149999618530273,19.149999618530273,19.149999618530273,19.149999618530273,500,0.0,0.0
2023-06-07 11:30:00-04:00,19.149999618530273,19.149999618530273,19.149999618530273,19.149999618530273,500,0.0,0.0
2023-06-07 12:30:00-04:00,19.149999618530273,19.149999618530273,19.1299991607666,19.1299991607666,310,0.0,0.0
2023-06-07 13:30:00-04:00,19.149999618530273,19.170000076293945,19.149999618530273,19.170000076293945,717,0.0,0.0
2023-06-07 14:30:00-04:00,19.030000686645508,19.030000686645508,19.030000686645508,19.030000686645508,332,0.0,0.0
2023-06-08 09:30:00-04:00,19.1299991607666,19.1299991607666,19.1299991607666,19.1299991607666,0,0.0,0.0
2023-06-08 10:30:00-04:00,19.0,19.0,18.989999771118164,18.989999771118164,445,0.0,0.0
2023-06-08 11:30:00-04:00,19.0,19.0,19.0,19.0,600,0.0,0.0
2023-06-08 12:30:00-04:00,19.0,19.0,19.0,19.0,150,0.0,0.0
2023-06-08 13:30:00-04:00,19.0,19.0,18.950000762939453,18.950000762939453,1102,0.0,0.0
2023-06-08 14:30:00-04:00,19.0,19.0,19.0,19.0,2504,0.0,0.0
2023-06-08 15:30:00-04:00,19.0,19.0,19.0,19.0,325,0.0,0.0
2023-06-09 12:30:00-04:00,19.040000915527344,19.040000915527344,19.040000915527344,19.040000915527344,0,0.0,0.0
2023-06-13 10:30:00-04:00,18.906200408935547,18.906200408935547,18.906200408935547,18.906200408935547,462,0.0,0.0
2023-06-15 11:30:00-04:00,18.469999313354492,18.700899124145508,18.459999084472656,18.700899124145508,686,0.0,0.0
2023-06-16 13:30:00-04:00,18.600000381469727,18.600000381469727,18.600000381469727,18.600000381469727,0,0.0,0.0
2023-06-16 14:30:00-04:00,18.600000381469727,18.600000381469727,18.1200008392334,18.1200008392334,1480,0.0,0.0
2023-06-16 15:30:00-04:00,18.3799991607666,18.450000762939453,18.3799991607666,18.450000762939453,600,0.0,0.0
2023-06-20 09:30:00-04:00,18.299999237060547,18.299999237060547,18.299999237060547,18.299999237060547,0,0.0,0.0
2023-06-21 09:30:00-04:00,18.43000030517578,18.43000030517578,18.43000030517578,18.43000030517578,0,0.0,0.0
2023-06-21 14:30:00-04:00,18.450000762939453,18.450000762939453,18.450000762939453,18.450000762939453,700,0.0,0.0
2023-06-23 13:30:00-04:00,18.600000381469727,18.600000381469727,18.450000762939453,18.600000381469727,1697,0.0,0.0
2023-06-23 14:30:00-04:00,18.376300811767578,18.376300811767578,18.274999618530273,18.274999618530273,1000,0.0,0.0
2023-06-23 15:30:00-04:00,18.274999618530273,18.450000762939453,18.274999618530273,18.450000762939453,1790,0.0,0.0
2023-06-26 12:30:00-04:00,18.502500534057617,18.502500534057617,18.502500534057617,18.502500534057617,0,0.0,0.0
2023-06-26 14:30:00-04:00,18.5,18.59000015258789,18.5,18.5,1158,0.0,0.0
2023-06-27 09:30:00-04:00,18.6299991607666,18.6299991607666,18.354999542236328,18.399900436401367,1107,0.0,0.0
2023-06-27 10:30:00-04:00,18.100000381469727,18.399999618530273,18.100000381469727,18.399900436401367,1100,0.0,0.0
2023-06-27 11:30:00-04:00,18.399999618530273,18.399999618530273,18.345199584960938,18.345199584960938,280,0.0,0.0
2023-06-27 13:30:00-04:00,18.600000381469727,18.63279914855957,18.600000381469727,18.63279914855957,940,0.0,0.0
2023-06-27 14:30:00-04:00,18.645000457763672,18.665000915527344,18.645000457763672,18.649999618530273,1221,0.0,0.0
2023-06-27 15:30:00-04:00,18.689899444580078,18.690000534057617,18.649999618530273,18.690000534057617,0,0.0,0.0
2023-06-28 09:30:00-04:00,18.700000762939453,18.700000762939453,18.700000762939453,18.700000762939453,455,0.0,0.0
2023-06-28 11:30:00-04:00,18.889999389648438,18.969999313354492,18.889999389648438,18.969999313354492,2001,0.0,0.0
2023-06-28 13:30:00-04:00,19.030000686645508,19.110000610351562,19.030000686645508,19.110000610351562,700,0.0,0.0
2023-06-28 14:30:00-04:00,19.049999237060547,19.049999237060547,19.030000686645508,19.030000686645508,500,0.0,0.0
2023-06-29 09:30:00-04:00,19.045000076293945,19.045000076293945,19.0,19.0,0,0.0,0.0
2023-06-29 10:30:00-04:00,19.0,19.0049991607666,19.0,19.0049991607666,3434,0.0,0.0
2023-06-29 13:30:00-04:00,18.8700008392334,18.998199462890625,18.700000762939453,18.998199462890625,559,0.0,0.0
2023-06-29 15:30:00-04:00,19.0,19.0,19.0,19.0,0,0.0,0.0
2023-06-30 09:30:00-04:00,19.0,19.0,19.0,19.0,2356,0.0,0.0
2023-06-30 10:30:00-04:00,19.0,19.0,19.0,19.0,1006,0.0,0.0
2023-06-30 11:30:00-04:00,19.0,19.0,18.999900817871094,18.999900817871094,741,0.0,0.0
2023-06-30 12:30:00-04:00,19.0,19.0,19.0,19.0,255,0.0,0.0
2023-06-30 14:30:00-04:00,19.020000457763672,19.094999313354492,19.0,19.049999237060547,3571,0.0,0.0
2023-06-30 15:30:00-04:00,19.0,19.100000381469727,19.0,19.0,1629,0.0,0.0
2023-07-03 09:30:00-04:00,19.049999237060547,19.5,19.049999237060547,19.5,0,0.0,0.0
2023-07-03 11:30:00-04:00,19.5,19.600000381469727,19.5,19.5,430,0.0,0.0
2023-07-05 09:30:00-04:00,19.649999618530273,19.850099563598633,19.649999618530273,19.850099563598633,0,0.0,0.0
2023-07-05 10:30:00-04:00,19.84000015258789,19.850000381469727,19.612499237060547,19.612499237060547,400,0.0,0.0
2023-07-05 11:30:00-04:00,19.5,19.5,19.5,19.5,500,0.0,0.0
2023-07-05 12:30:00-04:00,19.5,19.520000457763672,19.5,19.5,654,0.0,0.0
2023-07-06 10:30:00-04:00,19.25,19.25,19.25,19.25,0,0.0,0.0
2023-07-06 13:30:00-04:00,19.299999237060547,19.299999237060547,19.25,19.299999237060547,2388,0.0,0.0
2023-07-06 15:30:00-04:00,19.200000762939453,19.200000762939453,19.18000030517578,19.18000030517578,1300,0.0,0.0
2023-07-07 11:30:00-04:00,19.450000762939453,19.450000762939453,19.430700302124023,19.450000762939453,0,0.0,0.0
2023-07-07 13:30:00-04:00,19.299999237060547,19.299999237060547,19.299999237060547,19.299999237060547,4050,0.0,0.0
2023-07-10 09:30:00-04:00,19.375,19.375,19.375,19.375,0,0.0,0.0
2023-07-10 14:30:00-04:00,19.450000762939453,19.450000762939453,19.450000762939453,19.450000762939453,700,0.0,0.0
2023-07-10 15:30:00-04:00,19.399999618530273,19.399999618530273,19.299999237060547,19.299999237060547,396,0.0,0.0
2023-07-11 13:30:00-04:00,19.34269905090332,19.34269905090332,19.34269905090332,19.34269905090332,1137,0.0,0.0
2023-07-12 10:30:00-04:00,19.799999237060547,19.799999237060547,19.799999237060547,19.799999237060547,0,0.0,0.0
2023-07-12 13:30:00-04:00,19.5,19.5,19.5,19.5,241,0.0,0.0
2023-07-14 13:30:00-04:00,19.75,19.75,19.75,19.75,295,0.0,0.0
2023-07-17 12:30:00-04:00,19.553699493408203,19.553699493408203,19.553699493408203,19.553699493408203,378,0.0,0.0
2023-07-17 13:30:00-04:00,19.530000686645508,19.530000686645508,19.5,19.5,700,0.0,0.0
2023-07-17 15:30:00-04:00,19.739999771118164,19.739999771118164,19.739999771118164,19.739999771118164,0,0.0,0.0
2023-07-18 12:30:00-04:00,19.5,19.5,19.5,19.5,595,0.0,0.0
2023-07-18 13:30:00-04:00,19.270000457763672,19.315200805664062,19.25,19.315200805664062,3197,0.0,0.0
2023-07-18 14:30:00-04:00,19.32990074157715,19.32990074157715,19.32990074157715,19.32990074157715,1000,0.0,0.0
2023-07-19 09:30:00-04:00,19.469999313354492,19.5,19.469999313354492,19.5,0,0.0,0.0
2023-07-19 14:30:00-04:00,19.540000915527344,19.540000915527344,19.5,19.5,856,0.0,0.0
2023-07-19 15:30:00-04:00,19.5,19.5,19.5,19.5,0,0.0,0.0
2023-07-20 11:30:00-04:00,19.600000381469727,19.600000381469727,19.600000381469727,19.600000381469727,0,0.0,0.0
2023-07-20 13:30:00-04:00,19.924999237060547,20.0,19.924999237060547,20.0,921,0.0,0.0
2023-07-20 14:30:00-04:00,19.93000030517578,19.950000762939453,19.774999618530273,19.949899673461914,2038,0.0,0.0
2023-07-20 15:30:00-04:00,19.69339942932129,19.949899673461914,19.600000381469727,19.600000381469727,0,0.0,0.0
2023-07-21 11:30:00-04:00,19.600000381469727,19.610000610351562,19.5,19.5,1357,0.0,0.0
2023-07-21 13:30:00-04:00,19.6200008392334,19.6200008392334,19.6200008392334,19.6200008392334,100,0.0,0.0
2023-07-21 14:30:00-04:00,19.6200008392334,19.649999618530273,19.6200008392334,19.6200008392334,732,0.0,0.0
2023-07-26 12:30:00-04:00,19.875,19.875,19.875,19.875,0,0.0,0.0
2023-07-27 10:30:00-04:00,20.0,20.0,19.75,19.75,1053,0.0,0.0
2023-07-27 12:30:00-04:00,19.999900817871094,20.0,19.75,19.989999771118164,1865,0.0,0.0
2023-07-27 13:30:00-04:00,19.84000015258789,20.0,19.84000015258789,20.0,1224,0.0,0.0
2023-07-31 10:30:00-04:00,20.066999435424805,20.066999435424805,20.066999435424805,20.066999435424805,0,0.0,0.0
2023-07-31 13:30:00-04:00,20.239999771118164,20.25,20.20009994506836,20.20009994506836,0,0.0,0.0
2023-08-03 10:30:00-04:00,20.31730079650879,20.31730079650879,20.31730079650879,20.31730079650879,71,0.0,0.0
2023-08-03 13:30:00-04:00,20.559999465942383,20.559999465942383,20.559999465942383,20.559999465942383,0,0.0,0.0
2023-08-04 10:30:00-04:00,20.289600372314453,20.289600372314453,20.289600372314453,20.289600372314453,102,0.0,0.0
2023-08-07 09:30:00-04:00,20.489999771118164,20.489999771118164,20.489999771118164,20.489999771118164,0,0.0,0.0
2023-08-07 14:30:00-04:00,20.420000076293945,20.420000076293945,20.420000076293945,20.420000076293945,5,0.0,0.0
2023-08-08 14:30:00-04:00,20.59000015258789,20.59000015258789,20.59000015258789,20.59000015258789,769,0.0,0.0
2023-08-08 15:30:00-04:00,20.59000015258789,20.59000015258789,20.59000015258789,20.59000015258789,200,0.0,0.0
2023-08-09 11:30:00-04:00,21.000099182128906,21.000099182128906,21.000099182128906,21.000099182128906,0,0.0,0.0
2023-08-09 12:30:00-04:00,21.000099182128906,21.000099182128906,21.000099182128906,21.000099182128906,481,0.0,0.0
2023-08-09 14:30:00-04:00,21.010099411010742,21.010099411010742,21.010099411010742,21.010099411010742,0,0.0,0.0
2023-08-10 13:30:00-04:00,21.231199264526367,21.231199264526367,21.231199264526367,21.231199264526367,24,0.0,0.0
2023-08-14 09:30:00-04:00,21.020000457763672,21.020000457763672,21.020000457763672,21.020000457763672,345,0.0,0.0
2023-08-14 14:30:00-04:00,21.0,21.0,21.0,21.0,100,0.0,0.0
2023-08-15 09:30:00-04:00,21.0,21.0,21.0,21.0,0,0.0,0.0
2023-08-15 14:30:00-04:00,21.712499618530273,21.712499618530273,21.712499618530273,21.712499618530273,0,0.0,0.0
2023-08-17 09:30:00-04:00,21.0,22.13479995727539,20.0,20.0,0,0.0,0.0
2023-08-17 11:30:00-04:00,20.739999771118164,20.739999771118164,20.739999771118164,20.739999771118164,2579,0.0,0.0
2023-08-17 12:30:00-04:00,20.860000610351562,20.860000610351562,20.860000610351562,20.860000610351562,0,0.0,0.0
2023-08-22 11:30:00-04:00,21.110000610351562,21.110000610351562,20.5,20.5,699,0.0,0.0
2023-08-22 12:30:00-04:00,20.55500030517578,20.600000381469727,20.55500030517578,20.600000381469727,300,0.0,0.0
2023-08-22 13:30:00-04:00,20.609899520874023,20.610000610351562,20.609899520874023,20.609899520874023,988,0.0,0.0
2023-08-22 14:30:00-04:00,20.610000610351562,20.610000610351562,20.610000610351562,20.610000610351562,106,0.0,0.0
2023-08-22 15:30:00-04:00,20.609899520874023,20.609899520874023,20.609899520874023,20.609899520874023,1798,0.0,0.0
2023-08-23 09:30:00-04:00,20.34000015258789,20.34000015258789,20.34000015258789,20.34000015258789,0,0.0,0.0
2023-08-23 10:30:00-04:00,20.34000015258789,20.34000015258789,20.34000015258789,20.34000015258789,514,0.0,0.0
2023-08-24 09:30:00-04:00,20.647499084472656,20.647499084472656,20.647499084472656,20.647499084472656,0,0.0,0.0
2023-08-24 10:30:00-04:00,20.020000457763672,20.200000762939453,20.020000457763672,20.200000762939453,324,0.0,0.0
2023-08-24 11:30:00-04:00,20.5,20.5,20.5,20.5,100,0.0,0.0
2023-08-24 12:30:00-04:00,20.5,20.5,20.5,20.5,600,0.0,0.0
2023-08-24 13:30:00-04:00,20.959999084472656,20.959999084472656,20.959999084472656,20.959999084472656,600,0.0,0.0
2023-08-25 09:30:00-04:00,20.75,20.75,20.75,20.75,0,0.0,0.0
2023-08-28 09:30:00-04:00,20.75,20.75,20.75,20.75,0,0.0,0.0
2023-08-29 12:30:00-04:00,20.700000762939453,20.75,20.700000762939453,20.75,200,0.0,0.0
2023-08-31 09:30:00-04:00,20.9950008392334,20.9950008392334,20.239999771118164,20.73259925842285,544,0.0,0.0
2023-08-31 15:30:00-04:00,20.700000762939453,20.729999542236328,20.700000762939453,20.729999542236328,0,0.0,0.0
2023-09-01 09:30:00-04:00,20.940000534057617,20.940000534057617,20.940000534057617,20.940000534057617,901,0.0,0.0
2023-09-01 10:30:00-04:00,20.649999618530273,20.649999618530273,20.649999618530273,20.649999618530273,166,0.0,0.0
2023-09-05 09:30:00-04:00,20.8799991607666,20.8799991607666,20.8799991607666,20.8799991607666,0,0.0,0.0
2023-09-06 10:30:00-04:00,20.749900817871094,20.75,20.704999923706055,20.73419952392578,1068,0.0,0.0
2023-09-06 14:30:00-04:00,20.66010093688965,20.67569923400879,20.32990074157715,20.599899291992188,2650,0.0,0.0
2023-09-06 15:30:00-04:00,20.344999313354492,20.344999313354492,20.2101993560791,20.2101993560791,0,0.0,0.0
2023-09-12 12:30:00-04:00,20.25,20.250099182128906,20.030000686645508,20.049999237060547,253,0.0,0.0
2023-09-19 09:30:00-04:00,19.709999084472656,19.709999084472656,19.709999084472656,19.709999084472656,0,0.0,0.0
2023-09-19 11:30:00-04:00,19.850099563598633,19.850099563598633,19.850099563598633,19.850099563598633,0,0.0,0.0
2023-09-21 09:30:00-04:00,19.729999542236328,19.729999542236328,19.700000762939453,19.700000762939453,978,0.0,0.0
2023-09-21 13:30:00-04:00,19.799999237060547,19.799999237060547,19.799999237060547,19.799999237060547,0,0.0,0.0
2023-09-25 09:30:00-04:00,19.799999237060547,19.799999237060547,19.6200008392334,19.6200008392334,339,0.0,0.0
2023-09-26 09:30:00-04:00,19.6200008392334,19.6200008392334,19.6200008392334,19.6200008392334,0,0.0,0.0
2023-09-26 11:30:00-04:00,20.417999267578125,20.417999267578125,20.417999267578125,20.417999267578125,193,0.0,0.0
2023-09-26 12:30:00-04:00,19.6200008392334,19.6200008392334,19.6200008392334,19.6200008392334,400,0.0,0.0
2023-09-28 12:30:00-04:00,19.6200008392334,19.620100021362305,19.6200008392334,19.6200008392334,1052,0.0,0.0
2023-09-28 14:30:00-04:00,19.0,19.5,19.0,19.5,0,0.0,0.0
2023-09-29 10:30:00-04:00,19.0939998626709,19.0939998626709,19.0,19.0,0,0.0,0.0
2023-09-29 13:30:00-04:00,20.1560001373291,20.1560001373291,20.1560001373291,20.1560001373291,3332,0.0,0.0
2023-09-29 14:30:00-04:00,19.600000381469727,19.600000381469727,19.600000381469727,19.600000381469727,199,0.0,0.0
2023-10-02 09:30:00-04:00,19.920400619506836,19.920400619506836,19.5,19.5,0,0.0,0.0
2023-10-02 14:30:00-04:00,19.510000228881836,19.510000228881836,19.5,19.5,0,0.0,0.0
2023-10-03 11:30:00-04:00,20.030000686645508,20.030000686645508,19.200000762939453,19.200000762939453,1603,0.0,0.0
2023-10-03 13:30:00-04:00,19.200000762939453,19.200000762939453,19.200000762939453,19.200000762939453,1155,0.0,0.0
2023-10-04 09:30:00-04:00,19.200000762939453,19.200000762939453,19.200000762939453,19.200000762939453,0,0.0,0.0
2023-10-05 09:30:00-04:00,19.200000762939453,19.200000762939453,19.200000762939453,19.200000762939453,77,0.0,0.0
2023-10-06 09:30:00-04:00,19.200000762939453,19.200000762939453,19.200000762939453,19.200000762939453,566,0.0,0.0
2023-10-06 10:30:00-04:00,19.0,19.0,19.0,19.0,348,0.0,0.0
2023-10-09 09:30:00-04:00,19.393699645996094,19.393699645996094,19.0,19.0,0,0.0,0.0
2023-10-12 09:30:00-04:00,19.0,19.0,19.0,19.0,154,0.0,0.0
2023-10-12 11:30:00-04:00,19.1382999420166,19.1382999420166,19.0,19.0,1300,0.0,0.0
2023-10-12 13:30:00-04:00,19.0,19.0,19.0,19.0,254,0.0,0.0
2023-10-12 14:30:00-04:00,19.0,19.0,19.0,19.0,376,0.0,0.0
2023-10-12 15:30:00-04:00,19.0,19.0,19.0,19.0,0,0.0,0.0
2023-10-16 09:30:00-04:00,19.0,19.000099182128906,19.0,19.000099182128906,47,0.0,0.0
2023-10-17 13:30:00-04:00,19.0,19.0,19.0,19.0,210,0.0,0.0
2023-10-18 10:30:00-04:00,19.0,19.0,19.0,19.0,411,0.0,0.0
2023-10-18 11:30:00-04:00,19.0,19.0,18.799999237060547,18.799999237060547,3442,0.0,0.0
2023-10-18 12:30:00-04:00,18.799999237060547,18.799999237060547,18.799999237060547,18.799999237060547,785,0.0,0.0
2023-10-19 12:30:00-04:00,18.95199966430664,19.0,18.92799949645996,18.92799949645996,0,0.0,0.0
2023-10-20 09:30:00-04:00,18.700199127197266,18.700199127197266,18.700199127197266,18.700199127197266,160,0.0,0.0
2023-10-20 11:30:00-04:00,18.75,18.75,18.5,18.549800872802734,3474,0.0,0.0
2023-10-20 12:30:00-04:00,18.75,18.75,18.75,18.75,901,0.0,0.0
2023-10-20 14:30:00-04:00,18.875,19.0,18.875,18.997499465942383,9666,0.0,0.0
2023-10-20 15:30:00-04:00,19.0,19.0,19.0,19.0,772,0.0,0.0
2023-10-23 09:30:00-04:00,18.600000381469727,18.600000381469727,18.600000381469727,18.600000381469727,0,0.0,0.0
2023-10-23 15:30:00-04:00,19.0,19.0,19.0,19.0,131,0.0,0.0
2023-10-25 10:30:00-04:00,18.750099182128906,18.750099182128906,18.750099182128906,18.750099182128906,269,0.0,0.0
2023-10-25 13:30:00-04:00,18.760000228881836,18.865999221801758,18.760000228881836,18.865999221801758,226,0.0,0.0
2023-10-27 14:30:00-04:00,18.760000228881836,18.760000228881836,18.75,18.75,0,0.0,0.0
2023-10-31 10:30:00-04:00,19.0,19.0,18.75,18.75,200,0.0,0.0
2023-10-31 14:30:00-04:00,18.75,18.86870002746582,18.75,18.86870002746582,440,0.0,0.0
2023-10-31 15:30:00-04:00,19.0,19.0,19.0,19.0,0,0.0,0.0
2023-11-01 13:30:00-04:00,19.0,19.0,19.0,19.0,1010,0.0,0.0
2023-11-02 09:30:00-04:00,18.989999771118164,19.0,18.989999771118164,19.0,2121,0.0,0.0
2023-11-02 10:30:00-04:00,19.0,19.420000076293945,19.0,19.420000076293945,4017,0.0,0.0
2023-11-02 11:30:00-04:00,19.0,19.030000686645508,19.0,19.0,1200,0.0,0.0
2023-11-02 13:30:00-04:00,19.010000228881836,19.010000228881836,18.899999618530273,18.899999618530273,1000,0.0,0.0
2023-11-03 09:30:00-04:00,19.340599060058594,19.340599060058594,19.340599060058594,19.340599060058594,0,0.0,0.0
2023-11-03 11:30:00-04:00,19.030000686645508,19.030000686645508,18.950000762939453,18.950000762939453,300,0.0,0.0
2023-11-06 09:30:00-05:00,18.940000534057617,18.940000534057617,18.940000534057617,18.940000534057617,0,0.0,0.0
2023-11-06 12:30:00-05:00,18.899999618530273,18.899999618530273,18.600000381469727,18.600000381469727,4044,0.0,0.0
2023-11-06 15:30:00-05:00,18.649999618530273,18.649999618530273,18.649999618530273,18.649999618530273,0,0.0,0.0
2023-11-09 09:30:00-05:00,18.690000534057617,18.690000534057617,18.649999618530273,18.649999618530273,397,0.0,0.0
2023-11-09 12:30:00-05:00,18.65999984741211,18.709999084472656,18.65999984741211,18.65999984741211,1310,0.0,0.0
2023-11-09 13:30:00-05:00,18.65999984741211,18.65999984741211,18.65999984741211,18.65999984741211,503,0.0,0.0
2023-11-09 14:30:00-05:00,18.399999618530273,18.399999618530273,18.399700164794922,18.399700164794922,449,0.0,0.0
2023-11-09 15:30:00-05:00,18.32270050048828,18.399999618530273,18.32270050048828,18.399999618530273,500,0.0,0.0
2023-11-10 11:30:00-05:00,18.459999084472656,18.459999084472656,18.459999084472656,18.459999084472656,228,0.0,0.0
2023-11-10 14:30:00-05:00,16.809999465942383,17.3799991607666,16.809999465942383,17.3799991607666,1969,0.0,0.0
2023-11-10 15:30:00-05:00,17.59000015258789,17.600000381469727,17.5,17.5,1267,0.0,0.0
2023-11-13 11:30:00-05:00,17.450000762939453,18.125,17.450000762939453,18.125,191,0.0,0.0
2023-11-13 14:30:00-05:00,17.81999969482422,17.81999969482422,17.399999618530273,17.40999984741211,0,0.0,0.0
2023-11-14 15:30:00-05:00,17.709999084472656,17.709999084472656,17.709999084472656,17.709999084472656,110,0.0,0.0
2023-11-15 09:30:00-05:00,18.18000030517578,18.5,18.18000030517578,18.5,392,0.0,0.0
2023-11-15 11:30:00-05:00,18.150299072265625,18.150299072265625,18.150299072265625,18.150299072265625,398,0.0,0.0
2023-11-16 10:30:00-05:00,18.0,18.0,18.0,18.0,0,0.0,0.0
2023-11-16 12:30:00-05:00,18.3799991607666,18.950000762939453,18.3799991607666,18.94059944152832,0,0.0,0.0
2023-11-17 09:30:00-05:00,18.681499481201172,18.681499481201172,18.681499481201172,18.681499481201172,1001,0.0,0.0
2023-11-17 13:30:00-05:00,18.549999237060547,18.549999237060547,18.549999237060547,18.549999237060547,189,0.0,0.0
2023-11-17 15:30:00-05:00,18.549999237060547,18.549999237060547,18.549999237060547,18.549999237060547,116,0.0,0.0
2023-11-20 10:30:00-05:00,19.3700008392334,19.3700008392334,19.239999771118164,19.34000015258789,500,0.0,0.0
2023-11-20 13:30:00-05:00,19.289899826049805,19.289899826049805,19.289899826049805,19.289899826049805,508,0.0,0.0
2023-11-20 15:30:00-05:00,19.249900817871094,19.249900817871094,19.229999542236328,19.229999542236328,0,0.0,0.0
2023-11-22 09:30:00-05:00,19.170000076293945,19.18000030517578,19.170000076293945,19.18000030517578,142,0.0,0.0
2023-11-22 10:30:00-05:00,19.18000030517578,19.18000030517578,19.18000030517578,19.18000030517578,301,0.0,0.0
2023-11-22 11:30:00-05:00,19.18000030517578,19.18000030517578,19.1299991607666,19.1299991607666,300,0.0,0.0
2023-11-22 12:30:00-05:00,19.165000915527344,19.190000534057617,19.165000915527344,19.18000030517578,1172,0.0,0.0
2023-11-22 13:30:00-05:00,19.18000030517578,19.18000030517578,19.18000030517578,19.18000030517578,300,0.0,0.0
2023-11-22 14:30:00-05:00,19.15999984741211,19.15999984741211,19.15999984741211,19.15999984741211,167,0.0,0.0
2023-11-27 10:30:00-05:00,18.575000762939453,18.575000762939453,18.575000762939453,18.575000762939453,0,0.0,0.0
2023-11-27 13:30:00-05:00,18.600000381469727,18.600000381469727,18.600000381469727,18.600000381469727,180,0.0,0.0
2023-11-27 14:30:00-05:00,18.65999984741211,18.65999984741211,18.65999984741211,18.65999984741211,140,0.0,0.0
2023-11-29 09:30:00-05:00,18.030000686645508,18.15999984741211,18.0,18.0,3153,0.0,0.0
2023-11-29 10:30:00-05:00,18.309999465942383,18.83989906311035,18.309999465942383,18.83989906311035,1200,0.0,0.0
2023-11-29 12:30:00-05:00,18.729999542236328,18.790000915527344,17.780000686645508,17.780000686645508,1000,0.0,0.0
2023-11-30 09:30:00-05:00,18.770000457763672,18.770000457763672,18.770000457763672,18.770000457763672,1006,0.0,0.0
2023-11-30 15:30:00-05:00,19.079999923706055,19.110000610351562,19.079999923706055,19.110000610351562,200,0.0,0.0
2023-12-01 09:30:00-05:00,19.149999618530273,19.149999618530273,19.079999923706055,19.139999389648438,0,0.0,0.0
2023-12-01 10:30:00-05:00,19.149999618530273,19.18000030517578,19.079999923706055,19.170000076293945,648,0.0,0.0
2023-12-01 11:30:00-05:00,19.158000946044922,19.200000762939453,19.158000946044922,19.158000946044922,822,0.0,0.0
2023-12-01 12:30:00-05:00,19.200000762939453,19.200000762939453,19.200000762939453,19.200000762939453,200,0.0,0.0
2023-12-01 13:30:00-05:00,19.200000762939453,19.299999237060547,19.200000762939453,19.299999237060547,10980,0.0,0.0
2023-12-01 14:30:00-05:00,19.290000915527344,19.290000915527344,19.290000915527344,19.290000915527344,277,0.0,0.0
2023-12-04 09:30:00-05:00,19.299999237060547,19.299999237060547,19.299999237060547,19.299999237060547,0,0.0,0.0
2023-12-04 10:30:00-05:00,18.832000732421875,18.832000732421875,18.832000732421875,18.832000732421875,100,0.0,0.0
2023-12-04 13:30:00-05:00,18.90999984741211,18.90999984741211,18.90999984741211,18.90999984741211,602,0.0,0.0
2023-12-05 12:30:00-05:00,19.290000915527344,19.299999237060547,19.290000915527344,19.299999237060547,4224,0.0,0.0
2023-12-05 13:30:00-05:00,19.270000457763672,19.270000457763672,19.270000457763672,19.270000457763672,1185,0.0,0.0
2023-12-05 14:30:00-05:00,19.299999237060547,19.299999237060547,19.29990005493164,19.299999237060547,0,0.0,0.0
2023-12-06 12:30:00-05:00,18.860000610351562,19.030000686645508,17.979999542236328,18.356000900268555,7438,0.0,0.0
2023-12-06 14:30:00-05:00,18.5,18.5,18.5,18.5,500,0.0,0.0
2023-12-06 15:30:00-05:00,19.190000534057617,19.190000534057617,18.540000915527344,18.540000915527344,500,0.0,0.0
2023-12-07 09:30:00-05:00,18.799999237060547,18.799999237060547,18.799999237060547,18.799999237060547,0,0.0,0.0
2023-12-07 15:30:00-05:00,18.559999465942383,18.559999465942383,18.530000686645508,18.530000686645508,345,0.0,0.0
2023-12-08 12:30:00-05:00,18.860000610351562,18.860000610351562,18.860000610351562,18.860000610351562,101,0.0,0.0
2023-12-08 15:30:00-05:00,18.5,18.5,18.5,18.5,374,0.0,0.0
2023-12-11 15:30:00-05:00,18.399999618530273,18.399999618530273,18.399999618530273,18.399999618530273,249,0.0,0.0
2023-12-13 09:30:00-05:00,18.450000762939453,18.450000762939453,18.43000030517578,18.43000030517578,552,0.0,0.0
2023-12-13 10:30:00-05:00,18.75,18.75,18.75,18.75,1665,0.0,0.0
2023-12-13 11:30:00-05:00,18.399999618530273,18.399999618530273,18.399999618530273,18.399999618530273,1191,0.0,0.0
2023-12-13 14:30:00-05:00,17.950000762939453,18.0,17.950000762939453,17.999399185180664,787,0.0,0.0
2023-12-13 15:30:00-05:00,18.0,18.0,18.0,18.0,500,0.0,0.0
2023-12-14 09:30:00-05:00,17.350000381469727,17.399999618530273,17.200000762939453,17.200000762939453,0,0.0,0.0
2023-12-14 10:30:00-05:00,17.200000762939453,17.25,17.200000762939453,17.25,1712,0.0,0.0
2023-12-14 11:30:00-05:00,17.25,17.299999237060547,17.209999084472656,17.25,1259,0.0,0.0
2023-12-14 12:30:00-05:00,17.299999237060547,17.299999237060547,17.299999237060547,17.299999237060547,978,0.0,0.0
2023-12-14 14:30:00-05:00,17.540000915527344,17.540000915527344,17.540000915527344,17.540000915527344,100,0.0,0.0
2023-12-14 15:30:00-05:00,17.450000762939453,17.450000762939453,17.299999237060547,17.299999237060547,0,0.0,0.0
2023-12-15 10:30:00-05:00,17.860000610351562,17.860000610351562,17.439899444580078,17.75,1230,0.0,0.0
2023-12-15 11:30:00-05:00,17.399999618530273,18.0,17.399999618530273,18.0,1002,0.0,0.0
2023-12-15 15:30:00-05:00,17.290000915527344,17.3700008392334,17.227699279785156,17.227699279785156,3999,0.0,0.0
2023-12-18 09:30:00-05:00,17.200000762939453,17.200000762939453,17.200000762939453,17.200000762939453,0,0.0,0.0
2023-12-18 11:30:00-05:00,17.260000228881836,17.614999771118164,17.239999771118164,17.239999771118164,1640,0.0,0.0
2023-12-18 12:30:00-05:00,17.503999710083008,17.503999710083008,17.270000457763672,17.43000030517578,904,0.0,0.0
2023-12-18 13:30:00-05:00,17.600000381469727,17.600000381469727,17.450000762939453,17.517499923706055,925,0.0,0.0
2023-12-18 14:30:00-05:00,17.399999618530273,17.399999618530273,17.399999618530273,17.399999618530273,183,0.0,0.0
2023-12-18 15:30:00-05:00,17.489999771118164,17.489999771118164,17.489999771118164,17.489999771118164,455,0.0,0.0
2023-12-19 09:30:00-05:00,17.943500518798828,17.943500518798828,17.75,17.75,650,0.0,0.0
2023-12-19 10:30:00-05:00,17.75,17.75,17.209999084472656,17.489999771118164,878,0.0,0.0
2023-12-19 11:30:00-05:00,17.479999542236328,17.5,17.479999542236328,17.5,596,0.0,0.0
2023-12-19 13:30:00-05:00,17.360000610351562,17.3700008392334,17.34000015258789,17.360000610351562,1100,0.0,0.0
2023-12-19 14:30:00-05:00,17.360000610351562,17.360000610351562,17.360000610351562,17.360000610351562,0,0.0,0.0
2023-12-20 09:30:00-05:00,17.5,17.5,17.479999542236328,17.5,3818,0.0,0.0
2023-12-20 10:30:00-05:00,17.499900817871094,17.499900817871094,17.499900817871094,17.499900817871094,268,0.0,0.0
2023-12-22 09:30:00-05:00,17.299999237060547,17.299999237060547,17.299999237060547,17.299999237060547,5897,0.0,0.0
2023-12-22 10:30:00-05:00,17.450000762939453,17.450000762939453,17.450000762939453,17.450000762939453,283,0.0,0.0
2023-12-26 09:30:00-05:00,17.350000381469727,17.649999618530273,17.270000457763672,17.649999618530273,0,0.0,0.0
2023-12-27 09:30:00-05:00,17.600000381469727,17.690000534057617,17.309999465942383,17.309999465942383,1053,0.0,0.0
2023-12-27 10:30:00-05:00,17.424999237060547,17.489999771118164,17.424999237060547,17.489999771118164,508,0.0,0.0
2023-12-27 11:30:00-05:00,17.5,17.690000534057617,17.5,17.690000534057617,2270,0.0,0.0
2023-12-27 12:30:00-05:00,17.68000030517578,17.68000030517578,17.68000030517578,17.68000030517578,183,0.0,0.0
2023-12-27 15:30:00-05:00,17.520000457763672,17.559999465942383,17.500099182128906,17.559999465942383,783,0.0,0.0
2023-12-28 09:30:00-05:00,17.93000030517578,17.93000030517578,17.260000228881836,17.6299991607666,0,0.0,0.0
2023-12-28 12:30:00-05:00,17.75,17.760000228881836,17.75,17.75,1700,0.0,0.0
2023-12-28 13:30:00-05:00,17.75,18.079999923706055,17.75,18.079999923706055,870,0.0,0.0
2023-12-28 14:30:00-05:00,18.1200008392334,18.1200008392334,18.1200008392334,18.1200008392334,134,0.0,0.0
2023-12-29 09:30:00-05:00,17.8700008392334,17.8700008392334,17.673099517822266,17.673099517822266,0,0.0,0.0
2023-12-29 10:30:00-05:00,17.469999313354492,17.559999465942383,17.440000534057617,17.462600708007812,620,0.0,0.0
2023-12-29 12:30:00-05:00,17.889999389648438,17.889999389648438,17.889999389648438,17.889999389648438,200,0.0,0.0
2023-12-29 13:30:00-05:00,17.899999618530273,17.899999618530273,17.899999618530273,17.899999618530273,147,0.0,0.0
2023-12-29 14:30:00-05:00,18.125999450683594,18.127500534057617,17.889999389648438,18.127500534057617,708,0.0,0.0
2024-01-02 15:30:00-05:00,17.68000030517578,18.149999618530273,17.68000030517578,18.149999618530273,0,0.0,0.0
2024-01-03 10:30:00-05:00,17.950000762939453,18.0,17.950000762939453,18.0,1378,0.0,0.0
2024-01-03 15:30:00-05:00,17.75,17.75,17.75,17.75,0,0.0,0.0
2024-01-04 13:30:00-05:00,17.75,17.75,17.75,17.75,1252,0.0,0.0
2024-01-04 15:30:00-05:00,17.770000457763672,17.770000457763672,17.75,17.75,372,0.0,0.0
2024-01-05 10:30:00-05:00,18.149999618530273,18.149999618530273,18.149999618530273,18.149999618530273,0,0.0,0.0
2024-01-05 12:30:00-05:00,17.770000457763672,17.770000457763672,17.770000457763672,17.770000457763672,137,0.0,0.0
2024-01-05 15:30:00-05:00,17.860000610351562,17.860000610351562,17.860000610351562,17.860000610351562,200,0.0,0.0
2024-01-08 11:30:00-05:00,18.05500030517578,18.05500030517578,18.05500030517578,18.05500030517578,0,0.0,0.0
2024-01-08 12:30:00-05:00,18.582300186157227,18.582300186157227,18.582300186157227,18.582300186157227,103,0.0,0.0
2024-01-08 15:30:00-05:00,18.749900817871094,18.749900817871094,18.749900817871094,18.749900817871094,400,0.0,0.0
2024-01-09 13:30:00-05:00,17.75,18.0,17.75,17.75,600,0.0,0.0
2024-01-09 14:30:00-05:00,17.770000457763672,17.989999771118164,17.75,17.989999771118164,973,0.0,0.0
2024-01-10 10:30:00-05:00,18.08930015563965,18.08930015563965,18.08930015563965,18.08930015563965,358,0.0,0.0
2024-01-10 15:30:00-05:00,18.15999984741211,18.15999984741211,18.079999923706055,18.100000381469727,2478,0.0,0.0
2024-01-11 10:30:00-05:00,18.727500915527344,18.727500915527344,18.727500915527344,18.727500915527344,0,0.0,0.0
2024-01-11 14:30:00-05:00,18.399999618530273,18.399999618530273,18.384899139404297,18.384899139404297,0,0.0,0.0
2024-01-17 09:30:00-05:00,17.75,18.10890007019043,17.75,18.10890007019043,919,0.0,0.0
2024-01-17 13:30:00-05:00,18.229999542236328,18.229999542236328,18.229999542236328,18.229999542236328,0,0.0,0.0
2024-01-18 12:30:00-05:00,18.0,18.0,18.0,18.0,2081,0.0,0.0
2024-01-18 14:30:00-05:00,18.0,18.0,18.0,18.0,100,0.0,0.0
2024-01-19 09:30:00-05:00,18.309999465942383,18.309999465942383,18.200000762939453,18.200000762939453,0,0.0,0.0
2024-01-19 12:30:00-05:00,18.14590072631836,18.14590072631836,17.979999542236328,18.0,2518,0.0,0.0
2024-01-22 09:30:00-05:00,18.270000457763672,18.299999237060547,18.270000457763672,18.299999237060547,0,0.0,0.0
2024-01-22 10:30:00-05:00,18.0,18.0,18.0,18.0,253,0.0,0.0
2024-01-22 11:30:00-05:00,18.15999984741211,18.15999984741211,18.15999984741211,18.15999984741211,185,0.0,0.0
2024-01-22 15:30:00-05:00,18.059999465942383,18.059999465942383,18.059999465942383,18.059999465942383,200,0.0,0.0
2024-01-23 09:30:00-05:00,18.030000686645508,18.030000686645508,18.030000686645508,18.030000686645508,0,0.0,0.0
2024-01-23 10:30:00-05:00,18.030000686645508,18.059999465942383,18.030000686645508,18.049999237060547,1590,0.0,0.0
2024-01-23 12:30:00-05:00,18.030000686645508,18.030000686645508,18.030000686645508,18.030000686645508,910,0.0,0.0
2024-01-24 09:30:00-05:00,18.040000915527344,18.040000915527344,18.040000915527344,18.040000915527344,0,0.0,0.0
2024-01-24 10:30:00-05:00,18.12980079650879,18.12980079650879,18.12980079650879,18.12980079650879,256,0.0,0.0
2024-01-24 14:30:00-05:00,18.1299991607666,18.1299991607666,18.020000457763672,18.020000457763672,0,0.0,0.0
2024-01-26 09:30:00-05:00,18.25,18.25,18.25,18.25,1274,0.0,0.0
2024-01-26 11:30:00-05:00,18.25,18.25,18.25,18.25,267,0.0,0.0
2024-01-26 13:30:00-05:00,18.030000686645508,18.030000686645508,18.030000686645508,18.030000686645508,131,0.0,0.0
2024-01-29 09:30:00-05:00,17.8799991607666,18.235000610351562,17.8799991607666,18.235000610351562,0,0.0,0.0
2024-01-29 13:30:00-05:00,17.780000686645508,17.780000686645508,17.75,17.75,633,0.0,0.0
2024-01-29 15:30:00-05:00,18.100000381469727,18.100000381469727,18.100000381469727,18.100000381469727,100,0.0,0.0
2024-01-30 09:30:00-05:00,18.281299591064453,18.281299591064453,18.281299591064453,18.281299591064453,0,0.0,0.0
2024-01-30 10:30:00-05:00,18.059999465942383,18.059999465942383,18.049999237060547,18.049999237060547,415,0.0,0.0
2024-01-31 09:30:00-05:00,18.180700302124023,18.180700302124023,18.180700302124023,18.180700302124023,0,0.0,0.0
2024-01-31 14:30:00-05:00,18.274999618530273,18.274999618530273,17.850000381469727,17.850000381469727,0,0.0,0.0
2024-02-01 14:30:00-05:00,17.850000381469727,17.850000381469727,17.850000381469727,17.850000381469727,110,0.0,0.0
2024-02-02 09:30:00-05:00,18.0,18.0,18.0,18.0,0,0.0,0.0
2024-02-02 10:30:00-05:00,17.899999618530273,17.899999618530273,17.899999618530273,17.899999618530273,209,0.0,0.0
2024-02-02 14:30:00-05:00,17.905000686645508,17.920000076293945,17.905000686645508,17.920000076293945,231,0.0,0.0
2024-02-05 09:30:00-05:00,17.75,17.75,17.5,17.5,0,0.0,0.0
2024-02-06 11:30:00-05:00,17.657400131225586,17.657400131225586,17.600000381469727,17.600000381469727,235,0.0,0.0
2024-02-06 12:30:00-05:00,17.285400390625,17.309999465942383,17.285400390625,17.309999465942383,400,0.0,0.0
2024-02-06 13:30:00-05:00,17.59000015258789,17.59000015258789,17.59000015258789,17.59000015258789,116,0.0,0.0
2024-02-07 09:30:00-05:00,17.600000381469727,17.600000381469727,17.600000381469727,17.600000381469727,916,0.0,0.0
2024-02-07 11:30:00-05:00,17.100000381469727,17.100000381469727,17.0,17.06999969482422,2438,0.0,0.0
2024-02-07 14:30:00-05:00,17.0,17.000099182128906,17.0,17.000099182128906,963,0.0,0.0
2024-02-07 15:30:00-05:00,17.059999465942383,17.059999465942383,17.059999465942383,17.059999465942383,0,0.0,0.0
2024-02-08 09:30:00-05:00,16.719999313354492,16.72010040283203,16.719999313354492,16.72010040283203,270,0.0,0.0
2024-02-08 10:30:00-05:00,16.75,16.75,16.75,16.75,106,0.0,0.0
2024-02-08 11:30:00-05:00,16.75,16.87299919128418,16.719999313354492,16.87299919128418,998,0.0,0.0
2024-02-08 12:30:00-05:00,16.850000381469727,16.850000381469727,16.850000381469727,16.850000381469727,413,0.0,0.0
2024-02-08 13:30:00-05:00,16.5,16.510000228881836,16.1200008392334,16.1200008392334,2180,0.0,0.0
2024-02-08 14:30:00-05:00,16.239999771118164,16.360000610351562,16.239999771118164,16.360000610351562,960,0.0,0.0
2024-02-08 15:30:00-05:00,16.350000381469727,16.359899520874023,16.299999237060547,16.299999237060547,0,0.0,0.0
2024-02-09 09:30:00-05:00,16.5,16.504199981689453,16.5,16.5,2015,0.0,0.0
2024-02-09 10:30:00-05:00,16.65999984741211,16.690000534057617,16.071800231933594,16.071800231933594,1000,0.0,0.0
2024-02-09 11:30:00-05:00,16.399999618530273,16.709999084472656,16.09000015258789,16.709999084472656,1066,0.0,0.0
2024-02-09 12:30:00-05:00,16.399999618530273,17.0,16.139999389648438,16.139999389648438,5333,0.0,0.0
2024-02-12 10:30:00-05:00,16.799999237060547,16.799999237060547,16.799999237060547,16.799999237060547,0,0.0,0.0
2024-02-12 11:30:00-05:00,16.799999237060547,16.999900817871094,16.739999771118164,16.739999771118164,1101,0.0,0.0
2024-02-12 12:30:00-05:00,16.309999465942383,16.850000381469727,16.299999237060547,16.850000381469727,1430,0.0,0.0
2024-02-12 14:30:00-05:00,17.0,17.0,16.969999313354492,16.979999542236328,1200,0.0,0.0
2024-02-12 15:30:00-05:00,17.0,17.0,17.0,17.0,114,0.0,0.0
2024-02-13 13:30:00-05:00,16.76759910583496,16.76759910583496,16.76759910583496,16.76759910583496,0,0.0,0.0
2024-02-14 10:30:00-05:00,16.5,16.5,16.5,16.5,182,0.0,0.0
2024-02-14 12:30:00-05:00,16.6299991607666,17.0,16.6299991607666,16.8700008392334,6069,0.0,0.0
2024-02-14 13:30:00-05:00,17.440000534057617,17.440000534057617,17.440000534057617,17.440000534057617,0,0.0,0.0
2024-02-15 10:30:00-05:00,17.399999618530273,17.399999618530273,17.200000762939453,17.200000762939453,450,0.0,0.0
2024-02-15 12:30:00-05:00,17.200000762939453,17.399999618530273,17.051700592041016,17.399999618530273,1654,0.0,0.0
2024-02-15 14:30:00-05:00,17.299999237060547,17.299999237060547,17.299999237060547,17.299999237060547,1000,0.0,0.0
2024-02-16 10:30:00-05:00,17.249799728393555,17.249799728393555,17.249799728393555,17.249799728393555,0,0.0,0.0
2024-02-16 11:30:00-05:00,17.110000610351562,17.110000610351562,17.01140022277832,17.01140022277832,800,0.0,0.0
2024-02-16 15:30:00-05:00,17.030000686645508,17.030000686645508,17.030000686645508,17.030000686645508,210,0.0,0.0
2024-02-20 11:30:00-05:00,17.020000457763672,17.020000457763672,17.020000457763672,17.020000457763672,0,0.0,0.0
2024-02-20 15:30:00-05:00,17.010000228881836,17.010000228881836,17.010000228881836,17.010000228881836,400,0.0,0.0
2024-02-21 10:30:00-05:00,17.0,17.0,17.0,17.0,0,0.0,0.0
2024-02-21 12:30:00-05:00,17.0,17.0,16.8799991607666,16.8799991607666,514,0.0,0.0
2024-02-21 14:30:00-05:00,16.850000381469727,16.899999618530273,16.850000381469727,16.899999618530273,200,0.0,0.0
2024-02-21 15:30:00-05:00,16.887399673461914,16.887399673461914,16.887399673461914,16.887399673461914,0,0.0,0.0
2024-02-22 11:30:00-05:00,16.649999618530273,16.649999618530273,16.649999618530273,16.649999618530273,169,0.0,0.0
2024-02-22 13:30:00-05:00,16.75,16.75,16.749900817871094,16.749900817871094,950,0.0,0.0
2024-02-22 14:30:00-05:00,16.75,16.75,16.75,16.75,198,0.0,0.0
2024-02-22 15:30:00-05:00,16.610000610351562,16.610000610351562,16.579999923706055,16.579999923706055,644,0.0,0.0
2024-02-23 09:30:00-05:00,16.599899291992188,16.599899291992188,16.599899291992188,16.599899291992188,0,0.0,0.0
2024-02-23 10:30:00-05:00,16.25,16.25,16.25,16.25,261,0.0,0.0
2024-02-23 12:30:00-05:00,16.559999465942383,16.600000381469727,16.559999465942383,16.600000381469727,1722,0.0,0.0
2024-02-23 14:30:00-05:00,16.649999618530273,16.649999618530273,16.6205997467041,16.6205997467041,200,0.0,0.0
2024-02-26 09:30:00-05:00,16.6200008392334,17.110000610351562,16.6200008392334,17.0,0,0.0,0.0
2024-02-26 10:30:00-05:00,17.0,17.0,17.0,17.0,0,0.0,0.0
2024-02-27 11:30:00-05:00,16.799999237060547,16.799999237060547,16.690000534057617,16.774999618530273,2802,0.0,0.0
2024-02-28 09:30:00-05:00,16.75,16.75,16.649999618530273,16.649999618530273,0,0.0,0.0
2024-02-28 10:30:00-05:00,16.559999465942383,16.560100555419922,16.30620002746582,16.30620002746582,0,0.0,0.0
2024-02-29 09:30:00-05:00,16.75,16.75,16.75,16.75,100,0.0,0.0
2024-02-29 10:30:00-05:00,16.50950050354004,16.50950050354004,16.50950050354004,16.50950050354004,1416,0.0,0.0
2024-03-01 12:30:00-05:00,17.3799991607666,17.5,16.836700439453125,16.836700439453125,1586,0.0,0.0
2024-03-04 12:30:00-05:00,16.5,16.5,16.5,16.5,0,0.0,0.0
2024-03-04 13:30:00-05:00,16.895299911499023,16.895299911499023,16.895299911499023,16.895299911499023,163,0.0,0.0
2024-03-05 10:30:00-05:00,16.549999237060547,17.0,16.510000228881836,17.0,1867,0.0,0.0
2024-03-05 11:30:00-05:00,17.229299545288086,17.229299545288086,17.229299545288086,17.229299545288086,767,0.0,0.0
2024-03-05 12:30:00-05:00,17.03499984741211,17.03499984741211,17.03499984741211,17.03499984741211,1175,0.0,0.0
2024-03-06 09:30:00-05:00,16.600000381469727,16.600000381469727,16.600000381469727,16.600000381469727,0,0.0,0.0
2024-03-06 10:30:00-05:00,16.5,16.5,16.5,16.5,284,0.0,0.0
2024-03-06 13:30:00-05:00,17.093000411987305,17.093000411987305,17.093000411987305,17.093000411987305,1426,0.0,0.0
2024-03-06 14:30:00-05:00,16.31879997253418,16.31879997253418,16.31879997253418,16.31879997253418,2035,0.0,0.0
2024-03-07 09:30:00-05:00,16.1200008392334,16.84079933166504,16.1200008392334,16.84079933166504,0,0.0,0.0
2024-03-07 10:30:00-05:00,16.465200424194336,16.465200424194336,16.465200424194336,16.465200424194336,317,0.0,0.0
2024-03-07 15:30:00-05:00,16.170000076293945,16.170000076293945,16.170000076293945,16.170000076293945,100,0.0,0.0
2024-03-08 10:30:00-05:00,16.219999313354492,16.219999313354492,16.0,16.0,1719,0.0,0.0
2024-03-08 11:30:00-05:00,15.5,15.699999809265137,15.48009967803955,15.510000228881836,1517,0.0,0.0
2024-03-08 12:30:00-05:00,15.5,15.5,15.5,15.5,251,0.0,0.0
2024-03-08 13:30:00-05:00,15.550000190734863,15.550000190734863,15.550000190734863,15.550000190734863,430,0.0,0.0
2024-03-08 14:30:00-05:00,15.520000457763672,15.520000457763672,15.399999618530273,15.399999618530273,671,0.0,0.0
2024-03-08 15:30:00-05:00,15.414999961853027,15.414999961853027,15.414999961853027,15.414999961853027,208,0.0,0.0
2024-03-11 11:30:00-04:00,16.434900283813477,16.434900283813477,16.434900283813477,16.434900283813477,670,0.0,0.0
2024-03-11 12:30:00-04:00,15.753800392150879,16.065000534057617,15.649999618530273,15.649999618530273,0,0.0,0.0
2024-03-12 11:30:00-04:00,16.103300094604492,16.103300094604492,16.103300094604492,16.103300094604492,464,0.0,0.0
2024-03-12 15:30:00-04:00,15.885000228881836,15.885000228881836,15.65999984741211,15.65999984741211,1053,0.0,0.0
2024-03-13 10:30:00-04:00,16.184999465942383,16.184999465942383,16.184999465942383,16.184999465942383,0,0.0,0.0
2024-03-13 12:30:00-04:00,16.350000381469727,16.719999313354492,16.350000381469727,16.719999313354492,0,0.0,0.0
2024-03-14 09:30:00-04:00,15.5,15.5,15.5,15.5,209,0.0,0.0
2024-03-14 10:30:00-04:00,15.539999961853027,15.539999961853027,15.270000457763672,15.270000457763672,810,0.0,0.0
2024-03-14 11:30:00-04:00,15.139599800109863,15.139599800109863,15.031599998474121,15.100000381469727,758,0.0,0.0
2024-03-14 12:30:00-04:00,15.270000457763672,15.270000457763672,15.270000457763672,15.270000457763672,421,0.0,0.0
2024-03-14 14:30:00-04:00,15.135000228881836,15.135000228881836,15.079999923706055,15.100000381469727,1038,0.0,0.0
2024-03-14 15:30:00-04:00,15.140000343322754,15.295999526977539,15.140000343322754,15.279999732971191,1698,0.0,0.0
2024-03-15 09:30:00-04:00,15.670000076293945,15.670000076293945,15.670000076293945,15.670000076293945,0,0.0,0.0
2024-03-15 10:30:00-04:00,14.850000381469727,14.895000457763672,14.812999725341797,14.86989974975586,2718,0.0,0.0
2024-03-15 11:30:00-04:00,14.779999732971191,14.899999618530273,14.779999732971191,14.899999618530273,1328,0.0,0.0
2024-03-15 12:30:00-04:00,14.710000038146973,14.710000038146973,14.069999694824219,14.069999694824219,1166,0.0,0.0
2024-03-15 13:30:00-04:00,14.194999694824219,14.300399780273438,14.194999694824219,14.300399780273438,964,0.0,0.0
2024-03-15 15:30:00-04:00,14.289999961853027,14.319999694824219,14.289999961853027,14.319999694824219,761,0.0,0.0
2024-03-18 09:30:00-04:00,14.930000305175781,14.930000305175781,14.930000305175781,14.930000305175781,1704,0.0,0.0
2024-03-18 11:30:00-04:00,14.5,14.5,14.5,14.5,200,0.0,0.0
2024-03-18 12:30:00-04:00,14.5,14.500100135803223,14.5,14.500100135803223,400,0.0,0.0
2024-03-18 13:30:00-04:00,14.5,14.5,14.5,14.5,405,0.0,0.0
2024-03-18 14:30:00-04:00,14.300000190734863,14.300000190734863,14.300000190734863,14.300000190734863,132,0.0,0.0
2024-03-19 09:30:00-04:00,14.300000190734863,14.300000190734863,14.300000190734863,14.300000190734863,0,0.0,0.0
2024-03-19 13:30:00-04:00,14.331100463867188,14.34000015258789,14.331100463867188,14.34000015258789,0,0.0,0.0
2024-03-20 09:30:00-04:00,15.412799835205078,15.412799835205078,15.412799835205078,15.412799835205078,563,0.0,0.0
2024-03-20 11:30:00-04:00,15.424799919128418,15.424799919128418,15.424799919128418,15.424799919128418,610,0.0,0.0
2024-03-21 09:30:00-04:00,14.859999656677246,14.859999656677246,14.859999656677246,14.859999656677246,0,0.0,0.0
2024-03-21 11:30:00-04:00,14.46500015258789,14.5,14.46500015258789,14.5,1380,0.0,0.0
2024-03-21 12:30:00-04:00,14.5,14.5,14.5,14.5,305,0.0,0.0
2024-03-21 13:30:00-04:00,14.25,14.479999542236328,13.850000381469727,14.100000381469727,5268,0.0,0.0
2024-03-21 14:30:00-04:00,13.970000267028809,13.970000267028809,13.970000267028809,13.970000267028809,479,0.0,0.0
2024-03-21 15:30:00-04:00,13.970000267028809,13.970000267028809,13.970000267028809,13.970000267028809,110,0.0,0.0
2024-03-22 09:30:00-04:00,14.0,14.010000228881836,14.0,14.010000228881836,0,0.0,0.0
2024-03-22 10:30:00-04:00,14.020000457763672,14.270600318908691,14.0,14.0,4566,0.0,0.0
2024-03-22 12:30:00-04:00,13.890000343322754,13.890000343322754,13.890000343322754,13.890000343322754,300,0.0,0.0
2024-03-22 13:30:00-04:00,13.890000343322754,13.890000343322754,13.859999656677246,13.859999656677246,301,0.0,0.0
2024-03-22 14:30:00-04:00,14.020000457763672,14.149999618530273,14.020000457763672,14.149999618530273,240,0.0,0.0
2024-03-22 15:30:00-04:00,14.149999618530273,14.149999618530273,14.149999618530273,14.149999618530273,820,0.0,0.0
2024-03-25 09:30:00-04:00,14.010000228881836,14.020000457763672,14.010000228881836,14.020000457763672,0,0.0,0.0
2024-03-25 10:30:00-04:00,14.491999626159668,14.491999626159668,14.350000381469727,14.350000381469727,349,0.0,0.0
2024-03-25 12:30:00-04:00,14.350000381469727,14.550000190734863,14.270000457763672,14.539999961853027,4540,0.0,0.0
2024-03-25 13:30:00-04:00,14.399999618530273,14.550000190734863,14.300000190734863,14.300000190734863,2648,0.0,0.0
2024-03-25 14:30:00-04:00,14.289999961853027,14.289999961853027,14.199999809265137,14.199999809265137,702,0.0,0.0
2024-03-25 15:30:00-04:00,14.149999618530273,14.449999809265137,13.99120044708252,14.0600004196167,1236,0.0,0.0
2024-03-26 09:30:00-04:00,14.0,14.0,14.0,14.0,277,0.0,0.0
2024-03-26 10:30:00-04:00,13.729999542236328,13.729999542236328,13.729999542236328,13.729999542236328,397,0.0,0.0
2024-03-26 11:30:00-04:00,14.399999618530273,14.399999618530273,14.390000343322754,14.390000343322754,300,0.0,0.0
2024-03-26 12:30:00-04:00,14.199999809265137,14.199999809265137,14.149999618530273,14.149999618530273,604,0.0,0.0
2024-03-26 13:30:00-04:00,14.161499977111816,14.199999809265137,14.15999984741211,14.199999809265137,1866,0.0,0.0
2024-03-26 14:30:00-04:00,14.140000343322754,14.140000343322754,13.925000190734863,14.0,3352,0.0,0.0
2024-03-26 15:30:00-04:00,13.994500160217285,14.0,13.75,13.895000457763672,1350,0.0,0.0
2024-03-27 09:30:00-04:00,14.09000015258789,14.09000015258789,13.979999542236328,13.989999771118164,0,0.0,0.0
2024-03-27 10:30:00-04:00,13.798800468444824,13.798800468444824,13.729999542236328,13.729999542236328,402,0.0,0.0
2024-03-27 11:30:00-04:00,13.79990005493164,13.79990005493164,13.79990005493164,13.79990005493164,160,0.0,0.0
2024-03-27 12:30:00-04:00,13.649999618530273,13.649999618530273,13.149999618530273,13.300000190734863,5187,0.0,0.0
2024-03-27 13:30:00-04:00,13.449999809265137,13.449999809265137,13.149999618530273,13.149999618530273,1390,0.0,0.0
2024-03-27 14:30:00-04:00,13.25,13.25,13.050000190734863,13.050000190734863,1955,0.0,0.0
2024-03-27 15:30:00-04:00,13.100000381469727,13.100000381469727,12.850000381469727,12.850000381469727,2146,0.0,0.0
2024-03-28 09:30:00-04:00,13.069999694824219,13.350000381469727,13.0,13.350000381469727,1551,0.0,0.0
2024-03-28 10:30:00-04:00,13.0,13.0,12.850000381469727,12.900199890136719,3920,0.0,0.0
2024-03-28 11:30:00-04:00,12.899999618530273,12.899999618530273,10.9399995803833,11.4399995803833,2507,0.0,0.0
2024-03-28 12:30:00-04:00,11.759099960327148,12.220000267028809,11.759099960327148,12.220000267028809,3210,0.0,0.0
2024-03-28 13:30:00-04:00,12.229999542236328,12.800000190734863,12.194999694824219,12.649999618530273,2612,0.0,0.0
2024-03-28 14:30:00-04:00,12.949999809265137,12.949999809265137,12.949999809265137,12.949999809265137,200,0.0,0.0
2024-03-28 15:30:00-04:00,12.82800006866455,12.82800006866455,12.82800006866455,12.82800006866455,200,0.0,0.0
2024-04-01 09:30:00-04:00,13.0,13.029999732971191,12.920000076293945,13.0,3303,0.0,0.0
2024-04-01 10:30:00-04:00,12.989999771118164,13.0,12.399999618530273,12.640000343322754,5552,0.0,0.0
2024-04-01 11:30:00-04:00,12.225000381469727,12.4399995803833,12.225000381469727,12.4399995803833,600,0.0,0.0
2024-04-01 12:30:00-04:00,12.390000343322754,12.390000343322754,12.390000343322754,12.390000343322754,100,0.0,0.0
2024-04-01 13:30:00-04:00,12.390000343322754,12.390000343322754,12.390000343322754,12.390000343322754,590,0.0,0.0
2024-04-01 14:30:00-04:00,12.229999542236328,12.229999542236328,12.0,12.1899995803833,3374,0.0,0.0
2024-04-01 15:30:00-04:00,12.050000190734863,12.050000190734863,12.050000190734863,12.050000190734863,362,0.0,0.0
2024-04-02 09:30:00-04:00,12.050000190734863,12.050000190734863,12.050000190734863,12.050000190734863,0,0.0,0.0
2024-04-02 10:30:00-04:00,12.060099601745605,12.5,12.060099601745605,12.109999656677246,1365,0.0,0.0
2024-04-02 13:30:00-04:00,12.180000305175781,12.180000305175781,12.180000305175781,12.180000305175781,450,0.0,0.0
2024-04-02 14:30:00-04:00,12.454999923706055,12.454999923706055,12.25,12.25,2244,0.0,0.0
2024-04-02 15:30:00-04:00,12.5,12.720000267028809,12.5,12.720000267028809,0,0.0,0.0
2024-04-03 09:30:00-04:00,12.730799674987793,12.730799674987793,12.730799674987793,12.730799674987793,921,0.0,0.0
2024-04-03 11:30:00-04:00,12.489999771118164,12.489999771118164,12.25,12.25,518,0.0,0.0
2024-04-03 13:30:00-04:00,12.119999885559082,12.119999885559082,12.050000190734863,12.050000190734863,2858,0.0,0.0
2024-04-03 15:30:00-04:00,12.149999618530273,12.25,12.149999618530273,12.229999542236328,0,0.0,0.0
2024-04-04 10:30:00-04:00,12.180000305175781,12.180000305175781,12.149999618530273,12.149999618530273,1658,0.0,0.0
2024-04-04 12:30:00-04:00,12.140000343322754,12.25,12.140000343322754,12.25,10055,0.0,0.0
2024-04-04 13:30:00-04:00,12.149999618530273,12.15999984741211,12.140000343322754,12.140000343322754,1785,0.0,0.0
2024-04-04 14:30:00-04:00,12.149999618530273,12.149999618530273,12.149999618530273,12.149999618530273,656,0.0,0.0
2024-04-04 15:30:00-04:00,12.15999984741211,12.15999984741211,12.149999618530273,12.149999618530273,0,0.0,0.0
2024-04-05 10:30:00-04:00,12.150099754333496,12.25,12.050000190734863,12.050000190734863,4964,0.0,0.0
2024-04-05 11:30:00-04:00,12.050000190734863,12.069999694824219,11.739999771118164,12.0,5200,0.0,0.0
2024-04-05 12:30:00-04:00,12.0,12.15999984741211,12.0,12.15999984741211,1728,0.0,0.0
2024-04-05 13:30:00-04:00,12.15999984741211,12.25,12.15999984741211,12.1850004196167,11360,0.0,0.0
2024-04-05 14:30:00-04:00,12.1850004196167,12.25,12.1850004196167,12.231599807739258,7244,0.0,0.0
2024-04-05 15:30:00-04:00,12.1850004196167,12.25,12.1850004196167,12.25,9350,0.0,0.0
2024-04-08 09:30:00-04:00,12.649999618530273,12.649999618530273,12.649999618530273,12.649999618530273,0,0.0,0.0
2024-04-08 10:30:00-04:00,12.449999809265137,12.449999809265137,12.449999809265137,12.449999809265137,126,0.0,0.0
2024-04-08 11:30:00-04:00,12.350000381469727,12.350000381469727,12.25,12.25,1804,0.0,0.0
2024-04-08 12:30:00-04:00,12.199999809265137,12.199999809265137,12.199999809265137,12.199999809265137,398,0.0,0.0
2024-04-08 14:30:00-04:00,12.050399780273438,12.050399780273438,12.050399780273438,12.050399780273438,995,0.0,0.0
2024-04-08 15:30:00-04:00,12.199999809265137,12.199999809265137,12.199999809265137,12.199999809265137,0,0.0,0.0
2024-04-09 10:30:00-04:00,12.106900215148926,12.25,12.106900215148926,12.25,601,0.0,0.0
2024-04-09 11:30:00-04:00,12.225000381469727,12.225000381469727,12.199999809265137,12.199999809265137,2424,0.0,0.0
2024-04-09 13:30:00-04:00,12.149999618530273,12.149999618530273,12.050000190734863,12.149999618530273,700,0.0,0.0
2024-04-09 14:30:00-04:00,12.149999618530273,12.149999618530273,12.149999618530273,12.149999618530273,1465,0.0,0.0
2024-04-09 15:30:00-04:00,12.149999618530273,12.149999618530273,12.149999618530273,12.149999618530273,0,0.0,0.0
2024-04-10 12:30:00-04:00,12.340299606323242,12.340299606323242,12.340299606323242,12.340299606323242,0,0.0,0.0
2024-04-11 10:30:00-04:00,12.704999923706055,12.704999923706055,12.704999923706055,12.704999923706055,307,0.0,0.0
2024-04-11 12:30:00-04:00,12.050100326538086,12.050100326538086,12.050100326538086,12.050100326538086,100,0.0,0.0
2024-04-11 13:30:00-04:00,12.5,12.680000305175781,12.5,12.680000305175781,0,0.0,0.0
2024-04-12 12:30:00-04:00,12.0600004196167,12.0600004196167,12.0600004196167,12.0600004196167,0,0.0,0.0
2024-04-12 14:30:00-04:00,12.050000190734863,12.050000190734863,12.050000190734863,12.050000190734863,195,0.0,0.0
2024-04-15 10:30:00-04:00,12.050000190734863,12.050000190734863,12.050000190734863,12.050000190734863,0,0.0,0.0
2024-04-15 11:30:00-04:00,12.27299976348877,12.27299976348877,12.27299976348877,12.27299976348877,238,0.0,0.0
2024-04-15 12:30:00-04:00,12.359999656677246,12.359999656677246,12.359999656677246,12.359999656677246,300,0.0,0.0
2024-04-15 15:30:00-04:00,12.050000190734863,12.050000190734863,12.050000190734863,12.050000190734863,300,0.0,0.0
2024-04-16 09:30:00-04:00,12.149999618530273,12.189000129699707,12.149999618530273,12.15999984741211,444,0.0,0.0
2024-04-16 12:30:00-04:00,12.050000190734863,12.050000190734863,11.859999656677246,11.859999656677246,1944,0.0,0.0
2024-04-16 14:30:00-04:00,11.989999771118164,12.0,11.899999618530273,11.90999984741211,1320,0.0,0.0
2024-04-17 09:30:00-04:00,11.84000015258789,11.84000015258789,11.75,11.760000228881836,0,0.0,0.0
2024-04-17 10:30:00-04:00,11.5,11.5,11.5,11.5,1083,0.0,0.0
2024-04-17 11:30:00-04:00,11.890000343322754,11.890000343322754,11.890000343322754,11.890000343322754,308,0.0,0.0
2024-04-17 12:30:00-04:00,12.020000457763672,12.020000457763672,12.020000457763672,12.020000457763672,2100,0.0,0.0
2024-04-17 14:30:00-04:00,12.25,12.25,12.149999618530273,12.239999771118164,0,0.0,0.0
2024-04-18 13:30:00-04:00,12.25,12.25,12.25,12.25,101,0.0,0.0
2024-04-18 15:30:00-04:00,12.25,12.25,12.119999885559082,12.123900413513184,805,0.0,0.0
2024-04-19 09:30:00-04:00,12.149999618530273,12.25,12.149999618530273,12.149999618530273,0,0.0,0.0
2024-04-19 10:30:00-04:00,12.149999618530273,12.15999984741211,12.050000190734863,12.050000190734863,826,0.0,0.0
2024-04-19 14:30:00-04:00,12.050000190734863,12.050000190734863,12.050000190734863,12.050000190734863,515,0.0,0.0
2024-04-22 10:30:00-04:00,12.199999809265137,12.199999809265137,12.199999809265137,12.199999809265137,0,0.0,0.0
2024-04-23 09:30:00-04:00,12.199999809265137,12.199999809265137,12.199999809265137,12.199999809265137,200,0.0,0.0
2024-04-23 10:30:00-04:00,12.168000221252441,12.168000221252441,12.168000221252441,12.168000221252441,643,0.0,0.0
2024-04-23 12:30:00-04:00,12.149999618530273,12.249899864196777,12.149999618530273,12.249899864196777,850,0.0,0.0
2024-04-23 14:30:00-04:00,12.25,12.25,12.25,12.25,0,0.0,0.0
2024-04-24 14:30:00-04:00,12.300000190734863,12.300000190734863,12.300000190734863,12.300000190734863,419,0.0,0.0
2024-04-25 13:30:00-04:00,12.600000381469727,12.600000381469727,12.600000381469727,12.600000381469727,100,0.0,0.0
2024-04-25 15:30:00-04:00,12.600000381469727,12.680000305175781,12.600000381469727,12.680000305175781,1309,0.0,0.0
2024-04-26 10:30:00-04:00,12.40999984741211,12.40999984741211,12.399999618530273,12.399999618530273,0,0.0,0.0
2024-04-26 15:30:00-04:00,12.270000457763672,12.390000343322754,12.270000457763672,12.390000343322754,300,0.0,0.0
2024-04-29 09:30:00-04:00,12.449999809265137,12.449999809265137,12.449999809265137,12.449999809265137,0,0.0,0.0
2024-04-30 09:30:00-04:00,12.411999702453613,12.51200008392334,12.411999702453613,12.510000228881836,603,0.0,0.0
2024-04-30 10:30:00-04:00,12.369999885559082,12.369999885559082,12.350000381469727,12.350000381469727,1244,0.0,0.0
2024-04-30 11:30:00-04:00,12.15999984741211,12.15999984741211,12.15999984741211,12.15999984741211,180,0.0,0.0
2024-04-30 13:30:00-04:00,12.15999984741211,12.15999984741211,12.15999984741211,12.15999984741211,100,0.0,0.0
2024-04-30 14:30:00-04:00,12.15999984741211,12.204999923706055,12.149999618530273,12.204999923706055,590,0.0,0.0
2024-04-30 15:30:00-04:00,12.0600004196167,12.0600004196167,12.0600004196167,12.0600004196167,110,0.0,0.0
2024-05-01 09:30:00-04:00,12.850000381469727,12.899900436401367,12.850000381469727,12.899900436401367,0,0.0,0.0
2024-05-02 09:30:00-04:00,12.083600044250488,12.84000015258789,11.869999885559082,12.062399864196777,4984,0.0,0.0
2024-05-02 10:30:00-04:00,12.029999732971191,12.069999694824219,11.869999885559082,11.869999885559082,928,0.0,0.0
2024-05-02 12:30:00-04:00,11.899999618530273,12.100000381469727,11.899999618530273,12.097999572753906,2114,0.0,0.0
2024-05-02 13:30:00-04:00,12.062600135803223,12.062600135803223,12.062600135803223,12.062600135803223,376,0.0,0.0
2024-05-02 14:30:00-04:00,12.010000228881836,12.020000457763672,12.0,12.020000457763672,1550,0.0,0.0
2024-05-02 15:30:00-04:00,12.0,12.140000343322754,12.0,12.140000343322754,0,0.0,0.0
2024-05-03 13:30:00-04:00,12.0,12.0,11.850099563598633,11.850099563598633,378,0.0,0.0
2024-05-03 14:30:00-04:00,11.699999809265137,11.699999809265137,11.699999809265137,11.699999809265137,1342,0.0,0.0
2024-05-06 11:30:00-04:00,11.550000190734863,11.550000190734863,11.550000190734863,11.550000190734863,0,0.0,0.0
2024-05-07 12:30:00-04:00,11.569999694824219,11.569999694824219,11.449999809265137,11.5,811,0.0,0.0
2024-05-07 13:30:00-04:00,11.5,11.5,11.399999618530273,11.399999618530273,512,0.0,0.0
2024-05-07 15:30:00-04:00,11.324999809265137,11.324999809265137,11.324999809265137,11.324999809265137,0,0.0,0.0
2024-05-08 09:30:00-04:00,11.1899995803833,11.1899995803833,10.930000305175781,10.930000305175781,686,0.0,0.0
2024-05-08 12:30:00-04:00,11.25,11.25,11.050000190734863,11.116999626159668,668,0.0,0.0
2024-05-08 13:30:00-04:00,11.25,12.225600242614746,11.170000076293945,12.225600242614746,6724,0.0,0.0
2024-05-09 12:30:00-04:00,11.739999771118164,11.739999771118164,11.739999771118164,11.739999771118164,0,0.0,0.0
2024-05-09 15:30:00-04:00,12.0,12.0,12.0,12.0,0,0.0,0.0
2024-05-10 13:30:00-04:00,11.899999618530273,11.899999618530273,11.899999618530273,11.899999618530273,200,0.0,0.0
2024-05-14 09:30:00-04:00,12.199999809265137,12.199999809265137,12.0,12.0,932,0.0,0.0
2024-05-14 10:30:00-04:00,12.0,12.0,12.0,12.0,915,0.0,0.0
2024-05-14 11:30:00-04:00,12.0,12.0,12.0,12.0,100,0.0,0.0
2024-05-14 12:30:00-04:00,12.0,12.0,11.999899864196777,12.0,300,0.0,0.0
2024-05-14 14:30:00-04:00,12.0,12.0,11.949999809265137,11.949999809265137,1788,0.0,0.0
2024-05-15 09:30:00-04:00,11.920000076293945,11.920000076293945,11.140000343322754,11.25,0,0.0,0.0
2024-05-15 10:30:00-04:00,11.260000228881836,11.260000228881836,11.260000228881836,11.260000228881836,560,0.0,0.0
2024-05-15 12:30:00-04:00,11.260000228881836,11.270000457763672,11.260000228881836,11.270000457763672,220,0.0,0.0
2024-05-15 13:30:00-04:00,11.5,11.5,11.260000228881836,11.260000228881836,1278,0.0,0.0
2024-05-15 14:30:00-04:00,11.5,11.739999771118164,11.5,11.739999771118164,0,0.0,0.0
2024-05-16 11:30:00-04:00,11.600000381469727,11.600000381469727,11.600000381469727,11.600000381469727,484,0.0,0.0
2024-05-16 15:30:00-04:00,12.170000076293945,12.229999542236328,12.170000076293945,12.229999542236328,0,0.0,0.0
2024-05-17 11:30:00-04:00,12.0,12.0,12.0,12.0,322,0.0,0.0
2024-05-17 13:30:00-04:00,12.020000457763672,12.36989974975586,12.0,12.36989974975586,2100,0.0,0.0
2024-05-20 10:30:00-04:00,12.630000114440918,13.0,12.630000114440918,13.0,3700,0.0,0.0
2024-05-20 11:30:00-04:00,13.0,13.649999618530273,13.0,13.430000305175781,9245,0.0,0.0
2024-05-20 12:30:00-04:00,13.600000381469727,13.649999618530273,13.010000228881836,13.40310001373291,8165,0.0,0.0
2024-05-20 13:30:00-04:00,13.5,13.5,13.430000305175781,13.430000305175781,658,0.0,0.0
2024-05-20 14:30:00-04:00,13.5,13.5,13.5,13.5,200,0.0,0.0
2024-05-21 11:30:00-04:00,13.489999771118164,13.5,13.489999771118164,13.489999771118164,15619,0.0,0.0
2024-05-21 12:30:00-04:00,14.15999984741211,14.15999984741211,13.75,13.75,800,0.0,0.0
2024-05-21 13:30:00-04:00,13.75,13.75,13.75,13.75,515,0.0,0.0
2024-05-21 14:30:00-04:00,13.75,14.5600004196167,13.75,14.5600004196167,1375,0.0,0.0
2024-05-21 15:30:00-04:00,14.239999771118164,14.25,14.239999771118164,14.25,1386,0.0,0.0
2024-05-22 09:30:00-04:00,14.300000190734863,15.0,14.300000190734863,14.493200302124023,3075,0.0,0.0
2024-05-22 10:30:00-04:00,14.75,14.75,14.510000228881836,14.510000228881836,300,0.0,0.0
2024-05-22 11:30:00-04:00,14.75,14.859999656677246,14.5,14.510000228881836,1555,0.0,0.0
2024-05-22 12:30:00-04:00,14.942500114440918,15.210000038146973,14.942500114440918,15.210000038146973,2519,0.0,0.0
2024-05-22 13:30:00-04:00,15.010000228881836,15.010000228881836,15.010000228881836,15.010000228881836,1360,0.0,0.0
2024-05-22 14:30:00-04:00,15.0,15.149900436401367,15.0,15.149900436401367,0,0.0,0.0
2024-05-23 10:30:00-04:00,14.75,15.069999694824219,14.739999771118164,15.0600004196167,650,0.0,0.0
2024-05-23 11:30:00-04:00,14.621000289916992,14.621000289916992,14.621000289916992,14.621000289916992,300,0.0,0.0
2024-05-23 13:30:00-04:00,15.100000381469727,15.100000381469727,14.920000076293945,15.069999694824219,1932,0.0,0.0
2024-05-23 14:30:00-04:00,15.0600004196167,15.069999694824219,15.0600004196167,15.069999694824219,500,0.0,0.0
2024-05-23 15:30:00-04:00,15.15999984741211,15.15999984741211,15.15999984741211,15.15999984741211,168,0.0,0.0
2024-05-24 09:30:00-04:00,15.739899635314941,15.739899635314941,15.739899635314941,15.739899635314941,0,0.0,0.0
2024-05-24 10:30:00-04:00,15.0,15.152400016784668,14.989999771118164,14.989999771118164,1213,0.0,0.0
2024-05-24 12:30:00-04:00,15.380000114440918,15.65999984741211,15.380000114440918,15.65999984741211,392,0.0,0.0
2024-05-24 13:30:00-04:00,15.226300239562988,15.226300239562988,15.226300239562988,15.226300239562988,100,0.0,0.0
2024-05-28 09:30:00-04:00,15.279999732971191,15.300000190734863,15.279999732971191,15.300000190734863,3950,0.0,0.0
2024-05-28 12:30:00-04:00,15.199999809265137,15.199999809265137,14.779999732971191,14.800000190734863,0,0.0,0.0
2024-05-29 09:30:00-04:00,15.729999542236328,15.789999961853027,15.729999542236328,15.789999961853027,654,0.0,0.0
2024-05-29 10:30:00-04:00,15.6899995803833,15.6899995803833,15.6899995803833,15.6899995803833,299,0.0,0.0
2024-05-29 11:30:00-04:00,15.75,16.0,15.75,16.0,4787,0.0,0.0
2024-05-29 12:30:00-04:00,16.579999923706055,16.6200008392334,16.399999618530273,16.399999618530273,3487,0.0,0.0
2024-05-30 09:30:00-04:00,16.350000381469727,16.350000381469727,16.0,16.174999237060547,0,0.0,0.0
2024-05-30 10:30:00-04:00,16.010000228881836,16.010000228881836,16.0,16.0,490,0.0,0.0
2024-05-30 12:30:00-04:00,16.34000015258789,17.0,16.34000015258789,17.0,3897,0.0,0.0
2024-05-30 14:30:00-04:00,17.0,17.0,17.0,17.0,0,0.0,0.0
2024-05-31 09:30:00-04:00,17.209999084472656,17.209999084472656,17.209999084472656,17.209999084472656,100,0.0,0.0
2024-05-31 10:30:00-04:00,17.489999771118164,17.5,17.489999771118164,17.5,1625,0.0,0.0
2024-05-31 11:30:00-04:00,17.43000030517578,17.5,17.260000228881836,17.260000228881836,1946,0.0,0.0
2024-05-31 12:30:00-04:00,17.270000457763672,17.270000457763672,17.239999771118164,17.25,2699,0.0,0.0
2024-05-31 13:30:00-04:00,16.000099182128906,17.600000381469727,16.000099182128906,17.0,1033,0.0,0.0
2024-05-31 14:30:00-04:00,17.25,17.25,17.25,17.25,960,0.0,0.0
2024-05-31 15:30:00-04:00,17.0,17.0,17.0,17.0,100,0.0,0.0
2024-06-03 09:30:00-04:00,17.25,17.25,17.25,17.25,0,0.0,0.0
2024-06-03 11:30:00-04:00,17.25,17.25,17.020299911499023,17.25,2500,0.0,0.0
2024-06-03 12:30:00-04:00,17.25,17.25,17.25,17.25,508,0.0,0.0
2024-06-03 14:30:00-04:00,17.5,17.5,17.209999084472656,17.209999084472656,943,0.0,0.0
2024-06-04 09:30:00-04:00,17.25,17.625,17.25,17.25,1371,0.0,0.0
2024-06-04 10:30:00-04:00,17.25,17.25,17.25,17.25,410,0.0,0.0
2024-06-05 09:30:00-04:00,17.25,17.25,17.25,17.25,0,0.0,0.0
2024-06-05 10:30:00-04:00,17.83009910583496,17.83009910583496,17.83009910583496,17.83009910583496,220,0.0,0.0
2024-06-05 11:30:00-04:00,17.010000228881836,17.010000228881836,17.010000228881836,17.010000228881836,152,0.0,0.0
2024-06-05 13:30:00-04:00,17.440000534057617,17.450000762939453,17.440000534057617,17.450000762939453,311,0.0,0.0
2024-06-06 09:30:00-04:00,17.450000762939453,17.450000762939453,17.137699127197266,17.450000762939453,0,0.0,0.0
2024-06-06 10:30:00-04:00,17.450000762939453,17.450000762939453,17.3700008392334,17.3700008392334,300,0.0,0.0
2024-06-06 12:30:00-04:00,17.5,17.5,17.5,17.5,201,0.0,0.0
2024-06-07 09:30:00-04:00,17.5,17.5,17.200000762939453,17.25,1427,0.0,0.0
2024-06-10 10:30:00-04:00,17.656400680541992,17.656400680541992,17.656400680541992,17.656400680541992,0,0.0,0.0
2024-06-10 13:30:00-04:00,17.0,17.0,17.0,17.0,601,0.0,0.0
2024-06-10 14:30:00-04:00,17.799999237060547,17.799999237060547,17.770000457763672,17.799999237060547,1487,0.0,0.0
2024-06-10 15:30:00-04:00,17.799999237060547,17.799999237060547,17.799999237060547,17.799999237060547,100,0.0,0.0
2024-06-11 09:30:00-04:00,18.0,18.0,18.0,18.0,0,0.0,0.0
2024-06-11 10:30:00-04:00,18.010000228881836,18.020000457763672,18.010000228881836,18.020000457763672,509,0.0,0.0
2024-06-11 12:30:00-04:00,17.989999771118164,18.100000381469727,17.989999771118164,18.049999237060547,1387,0.0,0.0
2024-06-11 14:30:00-04:00,18.200000762939453,18.25,18.200000762939453,18.25,441,0.0,0.0
2024-06-11 15:30:00-04:00,18.25,18.25,18.25,18.25,300,0.0,0.0
2024-06-12 13:30:00-04:00,17.989999771118164,18.25,17.989999771118164,18.239999771118164,261,0.0,0.0
2024-06-12 14:30:00-04:00,18.229999542236328,18.229999542236328,18.0,18.0,336,0.0,0.0
2024-06-12 15:30:00-04:00,18.0,18.0,18.0,18.0,0,0.0,0.0
2024-06-13 14:30:00-04:00,18.0,18.030000686645508,18.0,18.030000686645508,1276,0.0,0.0
2024-06-13 15:30:00-04:00,17.989999771118164,18.0,17.989999771118164,18.0,1788,0.0,0.0
2024-06-14 09:30:00-04:00,17.75,17.75,17.75,17.75,0,0.0,0.0
2024-06-14 10:30:00-04:00,16.8799991607666,16.8799991607666,16.871999740600586,16.871999740600586,300,0.0,0.0
2024-06-14 11:30:00-04:00,17.489999771118164,17.489999771118164,17.489999771118164,17.489999771118164,593,0.0,0.0
2024-06-14 14:30:00-04:00,17.75,17.75,17.489999771118164,17.5,4587,0.0,0.0
2024-06-14 15:30:00-04:00,17.5,17.5,17.25,17.5,500,0.0,0.0
2024-06-17 11:30:00-04:00,17.000600814819336,17.000600814819336,17.000600814819336,17.000600814819336,0,0.0,0.0
2024-06-17 13:30:00-04:00,17.000099182128906,17.000099182128906,17.000099182128906,17.000099182128906,400,0.0,0.0
2024-06-17 14:30:00-04:00,17.11359977722168,17.11359977722168,17.000099182128906,17.000099182128906,800,0.0,0.0
2024-06-18 09:30:00-04:00,17.5,17.614999771118164,17.399999618530273,17.50320053100586,0,0.0,0.0
2024-06-18 10:30:00-04:00,17.399999618530273,17.50320053100586,17.010000228881836,17.010000228881836,1452,0.0,0.0
2024-06-18 12:30:00-04:00,17.030000686645508,17.030000686645508,17.0,17.0,1317,0.0,0.0
2024-06-18 13:30:00-04:00,16.8700008392334,16.940000534057617,16.8700008392334,16.940000534057617,436,0.0,0.0
2024-06-18 15:30:00-04:00,16.950000762939453,16.950000762939453,16.950000762939453,16.950000762939453,100,0.0,0.0
2024-06-20 09:30:00-04:00,18.299999237060547,18.299999237060547,18.299999237060547,18.299999237060547,0,0.0,0.0
2024-06-20 11:30:00-04:00,16.975200653076172,18.149999618530273,16.975200653076172,18.014999389648438,0,0.0,0.0
2024-06-21 14:30:00-04:00,18.0,18.0,18.0,18.0,0,0.0,0.0
2024-06-25 09:30:00-04:00,17.575000762939453,17.575000762939453,17.575000762939453,17.575000762939453,220,0.0,0.0
2024-06-25 13:30:00-04:00,16.8700008392334,16.8700008392334,16.8700008392334,16.8700008392334,337,0.0,0.0
2024-06-25 14:30:00-04:00,17.559999465942383,17.559999465942383,17.559999465942383,17.559999465942383,126,0.0,0.0
2024-06-26 10:30:00-04:00,18.200000762939453,18.200000762939453,18.200000762939453,18.200000762939453,0,0.0,0.0
2024-06-27 09:30:00-04:00,17.860000610351562,17.9060001373291,17.118000030517578,17.450000762939453,4788,0.0,0.0
2024-06-27 12:30:00-04:00,17.191999435424805,18.200000762939453,17.191999435424805,17.75,4500,0.0,0.0
2024-06-27 13:30:00-04:00,18.0,18.0,18.0,18.0,300,0.0,0.0
2024-06-27 15:30:00-04:00,17.700000762939453,17.700000762939453,17.520000457763672,17.520000457763672,300,0.0,0.0
2024-06-28 09:30:00-04:00,17.6200008392334,18.0,17.084999084472656,17.821300506591797,0,0.0,0.0
2024-07-01 09:30:00-04:00,17.360000610351562,17.827499389648438,17.020000457763672,17.54129981994629,4384,0.0,0.0
2024-07-01 13:30:00-04:00,17.25,17.25,17.25,17.25,913,0.0,0.0
2024-07-02 09:30:00-04:00,17.559999465942383,17.559999465942383,17.309999465942383,17.309999465942383,0,0.0,0.0
2024-07-02 11:30:00-04:00,17.309999465942383,17.309999465942383,17.309999465942383,17.309999465942383,502,0.0,0.0
2024-07-02 12:30:00-04:00,17.309999465942383,17.309999465942383,17.309999465942383,17.309999465942383,304,0.0,0.0
2024-07-02 14:30:00-04:00,17.309999465942383,17.309999465942383,17.309999465942383,17.309999465942383,230,0.0,0.0
2024-07-03 09:30:00-04:00,17.579999923706055,17.579999923706055,17.579999923706055,17.579999923706055,0,0.0,0.0
