Datetime,Open,High,Low,Close,Volume,Dividends,Stock Splits
2024-08-01 09:30:00-04:00,23.040000915527344,23.2549991607666,23.040000915527344,23.172399520874023,3934,0.0,0.0
2024-08-01 09:35:00-04:00,23.299999237060547,23.360000610351562,23.299999237060547,23.360000610351562,797,0.0,0.0
2024-08-01 09:40:00-04:00,23.34000015258789,23.34000015258789,23.34000015258789,23.34000015258789,209,0.0,0.0
2024-08-01 09:45:00-04:00,23.274999618530273,23.3075008392334,23.25,23.25,2088,0.0,0.0
2024-08-01 09:50:00-04:00,23.149999618530273,23.149999618530273,23.110000610351562,23.110000610351562,2481,0.0,0.0
2024-08-01 10:00:00-04:00,22.690000534057617,22.860000610351562,22.690000534057617,22.860000610351562,2327,0.0,0.0
2024-08-01 10:05:00-04:00,22.8799991607666,22.8799991607666,22.729999542236328,22.75,3267,0.0,0.0
2024-08-01 10:10:00-04:00,22.749900817871094,22.75,22.700000762939453,22.75,5952,0.0,0.0
2024-08-01 10:15:00-04:00,22.790000915527344,22.790000915527344,22.610000610351562,22.610000610351562,1499,0.0,0.0
2024-08-01 10:20:00-04:00,22.6200008392334,22.6200008392334,22.545000076293945,22.545000076293945,1023,0.0,0.0
2024-08-01 10:30:00-04:00,22.415000915527344,22.4950008392334,22.415000915527344,22.43000030517578,2280,0.0,0.0
2024-08-01 10:35:00-04:00,22.3700008392334,22.510000228881836,22.229999542236328,22.510000228881836,2737,0.0,0.0
2024-08-01 10:40:00-04:00,22.270000457763672,22.270000457763672,22.25029945373535,22.25029945373535,757,0.0,0.0
2024-08-01 10:45:00-04:00,22.23189926147461,22.23189926147461,22.190000534057617,22.21500015258789,2908,0.0,0.0
2024-08-01 10:50:00-04:00,22.200000762939453,22.209999084472656,22.090999603271484,22.090999603271484,2265,0.0,0.0
2024-08-01 10:55:00-04:00,22.149999618530273,22.155000686645508,22.139999389648438,22.139999389648438,1879,0.0,0.0
2024-08-01 11:05:00-04:00,22.048999786376953,22.100000381469727,21.959999084472656,22.100000381469727,4664,0.0,0.0
2024-08-01 11:10:00-04:00,22.010000228881836,22.010000228881836,21.969999313354492,21.969999313354492,1422,0.0,0.0
2024-08-01 11:15:00-04:00,21.969999313354492,22.0,21.969999313354492,22.0,1187,0.0,0.0
2024-08-01 11:20:00-04:00,22.0,22.0,22.0,22.0,245,0.0,0.0
2024-08-01 11:25:00-04:00,21.969999313354492,21.979999542236328,21.8700008392334,21.8700008392334,2142,0.0,0.0
2024-08-01 11:35:00-04:00,21.899999618530273,21.899999618530273,21.825199127197266,21.825199127197266,2572,0.0,0.0
2024-08-01 11:40:00-04:00,21.8799991607666,21.8799991607666,21.799999237060547,21.799999237060547,1069,0.0,0.0
2024-08-01 11:45:00-04:00,21.84000015258789,21.84000015258789,21.760000228881836,21.81999969482422,4141,0.0,0.0
2024-08-01 11:50:00-04:00,21.8700008392334,21.989999771118164,21.8700008392334,21.989999771118164,1600,0.0,0.0
2024-08-01 11:55:00-04:00,22.0049991607666,22.0049991607666,22.0,22.0,1428,0.0,0.0
2024-08-01 12:00:00-04:00,21.979999542236328,21.989999771118164,21.979999542236328,21.989999771118164,1369,0.0,0.0
2024-08-01 12:05:00-04:00,21.920000076293945,21.920000076293945,21.899999618530273,21.899999618530273,1392,0.0,0.0
2024-08-01 12:10:00-04:00,21.860000610351562,21.860000610351562,21.860000610351562,21.860000610351562,1113,0.0,0.0
2024-08-01 12:15:00-04:00,21.889999389648438,21.93000030517578,21.889999389648438,21.93000030517578,1264,0.0,0.0
2024-08-01 12:20:00-04:00,21.854999542236328,21.854999542236328,21.854999542236328,21.854999542236328,269,0.0,0.0
2024-08-01 12:25:00-04:00,21.829999923706055,21.915000915527344,21.829999923706055,21.860000610351562,3187,0.0,0.0
2024-08-01 12:30:00-04:00,21.889999389648438,21.889999389648438,21.860000610351562,21.860000610351562,1951,0.0,0.0
2024-08-01 12:35:00-04:00,21.850000381469727,21.850000381469727,21.829999923706055,21.829999923706055,1101,0.0,0.0
2024-08-01 12:40:00-04:00,21.780000686645508,21.780000686645508,21.69300079345703,21.7549991607666,10084,0.0,0.0
2024-08-01 12:45:00-04:00,21.790000915527344,21.834999084472656,21.725000381469727,21.75,2796,0.0,0.0
2024-08-01 12:50:00-04:00,21.700000762939453,21.700000762939453,21.68000030517578,21.68000030517578,2437,0.0,0.0
2024-08-01 12:55:00-04:00,21.75,21.760000228881836,21.75,21.760000228881836,718,0.0,0.0
2024-08-01 13:00:00-04:00,21.84000015258789,21.84000015258789,21.780799865722656,21.780799865722656,1177,0.0,0.0
2024-08-01 13:05:00-04:00,21.739999771118164,21.739999771118164,21.739999771118164,21.739999771118164,348,0.0,0.0
2024-08-01 13:10:00-04:00,21.795000076293945,21.799999237060547,21.795000076293945,21.799999237060547,3542,0.0,0.0
2024-08-01 13:20:00-04:00,21.642000198364258,21.642000198364258,21.575000762939453,21.614999771118164,870,0.0,0.0
2024-08-01 13:25:00-04:00,21.6299991607666,21.68000030517578,21.6299991607666,21.68000030517578,1742,0.0,0.0
2024-08-01 13:30:00-04:00,21.7450008392334,21.7450008392334,21.68000030517578,21.68000030517578,1434,0.0,0.0
2024-08-01 13:35:00-04:00,21.68000030517578,21.68000030517578,21.600000381469727,21.655000686645508,1662,0.0,0.0
2024-08-01 13:40:00-04:00,21.670000076293945,21.670000076293945,21.670000076293945,21.670000076293945,296,0.0,0.0
2024-08-01 13:45:00-04:00,21.670000076293945,21.670000076293945,21.670000076293945,21.670000076293945,1278,0.0,0.0
2024-08-01 13:55:00-04:00,21.729999542236328,21.7450008392334,21.690000534057617,21.690000534057617,1861,0.0,0.0
2024-08-01 14:00:00-04:00,21.71500015258789,21.71500015258789,21.71500015258789,21.71500015258789,615,0.0,0.0
2024-08-01 14:05:00-04:00,21.719999313354492,21.889999389648438,21.71500015258789,21.84000015258789,27073,0.0,0.0
2024-08-01 14:10:00-04:00,21.8799991607666,22.010000228881836,21.790000915527344,21.790000915527344,6562,0.0,0.0
2024-08-01 14:20:00-04:00,21.81999969482422,21.81999969482422,21.6299991607666,21.6299991607666,4198,0.0,0.0
2024-08-01 14:30:00-04:00,21.635000228881836,21.635000228881836,21.520000457763672,21.559999465942383,3832,0.0,0.0
2024-08-01 14:35:00-04:00,21.549999237060547,21.575000762939453,21.549999237060547,21.575000762939453,1715,0.0,0.0
2024-08-01 14:40:00-04:00,21.549999237060547,21.59000015258789,21.540000915527344,21.579999923706055,6391,0.0,0.0
2024-08-01 14:50:00-04:00,21.559999465942383,21.559999465942383,21.559999465942383,21.559999465942383,2030,0.0,0.0
2024-08-01 14:55:00-04:00,21.55500030517578,21.610000610351562,21.530000686645508,21.559999465942383,4260,0.0,0.0
2024-08-01 15:00:00-04:00,21.559999465942383,21.600000381469727,21.540000915527344,21.565000534057617,3794,0.0,0.0
2024-08-01 15:05:00-04:00,21.540000915527344,21.641300201416016,21.520000457763672,21.641300201416016,3621,0.0,0.0
2024-08-01 15:10:00-04:00,21.649999618530273,21.649999618530273,21.6200008392334,21.6200008392334,1435,0.0,0.0
2024-08-01 15:15:00-04:00,21.594999313354492,21.639999389648438,21.579999923706055,21.610000610351562,4286,0.0,0.0
2024-08-01 15:20:00-04:00,21.610000610351562,21.7450008392334,21.59000015258789,21.649999618530273,6945,0.0,0.0
2024-08-01 15:25:00-04:00,21.639999389648438,21.65999984741211,21.610000610351562,21.610000610351562,1451,0.0,0.0
2024-08-01 15:30:00-04:00,21.600000381469727,21.670000076293945,21.600000381469727,21.6200008392334,9439,0.0,0.0
2024-08-01 15:35:00-04:00,21.600000381469727,21.649999618530273,21.59000015258789,21.610000610351562,5459,0.0,0.0
2024-08-01 15:40:00-04:00,21.645000457763672,21.670000076293945,21.610000610351562,21.639999389648438,7018,0.0,0.0
2024-08-01 15:45:00-04:00,21.606700897216797,21.7450008392334,21.606700897216797,21.69499969482422,10060,0.0,0.0
2024-08-01 15:50:00-04:00,21.68000030517578,21.809999465942383,21.670000076293945,21.729999542236328,13840,0.0,0.0
2024-08-01 15:55:00-04:00,21.780000686645508,21.825000762939453,21.71500015258789,21.81999969482422,21237,0.0,0.0
2024-08-02 09:30:00-04:00,20.299999237060547,20.979999542236328,18.75,20.75,35341,0.0,0.0
2024-08-02 09:35:00-04:00,20.405000686645508,20.940000534057617,20.010000228881836,20.940000534057617,10245,0.0,0.0
2024-08-02 09:40:00-04:00,20.969999313354492,21.610000610351562,20.969999313354492,21.600000381469727,6739,0.0,0.0
2024-08-02 09:45:00-04:00,21.559999465942383,21.600000381469727,21.559999465942383,21.56999969482422,1030,0.0,0.0
2024-08-02 09:50:00-04:00,21.600000381469727,21.854999542236328,20.709999084472656,20.709999084472656,9987,0.0,0.0
2024-08-02 09:55:00-04:00,20.709999084472656,20.709999084472656,20.361000061035156,20.361000061035156,2588,0.0,0.0
2024-08-02 10:00:00-04:00,20.1299991607666,20.6299991607666,20.1299991607666,20.170000076293945,6226,0.0,0.0
2024-08-02 10:05:00-04:00,19.93000030517578,20.049999237060547,19.90999984741211,19.959999084472656,9850,0.0,0.0
2024-08-02 10:10:00-04:00,20.040000915527344,20.1299991607666,19.774999618530273,19.920000076293945,25114,0.0,0.0
2024-08-02 10:15:00-04:00,19.920000076293945,19.969999313354492,19.780000686645508,19.969999313354492,2864,0.0,0.0
2024-08-02 10:20:00-04:00,19.704299926757812,19.719999313354492,19.600000381469727,19.610000610351562,3338,0.0,0.0
2024-08-02 10:25:00-04:00,19.604999542236328,19.780000686645508,19.604999542236328,19.68000030517578,8917,0.0,0.0
2024-08-02 10:30:00-04:00,19.674999237060547,19.780000686645508,19.54010009765625,19.600000381469727,14708,0.0,0.0
2024-08-02 10:35:00-04:00,19.540000915527344,19.540000915527344,19.440000534057617,19.440000534057617,2435,0.0,0.0
2024-08-02 10:40:00-04:00,19.40999984741211,19.649999618530273,19.399999618530273,19.56999969482422,5913,0.0,0.0
2024-08-02 10:45:00-04:00,19.5,19.510000228881836,19.469999313354492,19.469999313354492,1588,0.0,0.0
2024-08-02 10:50:00-04:00,19.6299991607666,19.8700008392334,19.6299991607666,19.780000686645508,5177,0.0,0.0
2024-08-02 10:55:00-04:00,19.780000686645508,19.780000686645508,19.524999618530273,19.524999618530273,2920,0.0,0.0
2024-08-02 11:00:00-04:00,19.579999923706055,19.665000915527344,19.545000076293945,19.665000915527344,5636,0.0,0.0
2024-08-02 11:05:00-04:00,19.625,19.625,19.625,19.625,248,0.0,0.0
2024-08-02 11:10:00-04:00,19.625,19.780000686645508,19.625,19.649999618530273,9752,0.0,0.0
2024-08-02 11:15:00-04:00,19.6200008392334,19.6299991607666,19.6200008392334,19.6200008392334,2051,0.0,0.0
2024-08-02 11:20:00-04:00,19.639999389648438,19.670000076293945,19.6200008392334,19.639999389648438,2433,0.0,0.0
2024-08-02 11:25:00-04:00,19.6200008392334,19.899999618530273,19.610000610351562,19.815000534057617,11444,0.0,0.0
2024-08-02 11:30:00-04:00,19.81999969482422,19.81999969482422,19.81999969482422,19.81999969482422,978,0.0,0.0
2024-08-02 11:40:00-04:00,19.829999923706055,19.829999923706055,19.760000228881836,19.770000457763672,6598,0.0,0.0
2024-08-02 11:45:00-04:00,19.71500015258789,19.79990005493164,19.71500015258789,19.79990005493164,2304,0.0,0.0
2024-08-02 11:50:00-04:00,19.639999389648438,19.700000762939453,19.540000915527344,19.700000762939453,6775,0.0,0.0
2024-08-02 11:55:00-04:00,19.65999984741211,19.725000381469727,19.65999984741211,19.725000381469727,4857,0.0,0.0
2024-08-02 12:00:00-04:00,19.719999313354492,19.719999313354492,19.69499969482422,19.69499969482422,734,0.0,0.0
2024-08-02 12:05:00-04:00,19.69499969482422,19.69499969482422,19.600000381469727,19.6299991607666,6533,0.0,0.0
2024-08-02 12:10:00-04:00,19.559999465942383,19.559999465942383,19.485000610351562,19.540000915527344,1855,0.0,0.0
2024-08-02 12:15:00-04:00,19.559999465942383,19.559999465942383,19.43000030517578,19.43000030517578,2729,0.0,0.0
2024-08-02 12:20:00-04:00,19.399999618530273,19.68000030517578,19.399999618530273,19.68000030517578,6721,0.0,0.0
2024-08-02 12:25:00-04:00,19.649999618530273,19.649999618530273,19.584999084472656,19.584999084472656,680,0.0,0.0
2024-08-02 12:30:00-04:00,19.584999084472656,19.584999084472656,19.579999923706055,19.579999923706055,697,0.0,0.0
2024-08-02 12:35:00-04:00,19.579999923706055,19.582199096679688,19.5,19.5,609,0.0,0.0
2024-08-02 12:40:00-04:00,19.584999084472656,19.739999771118164,19.584999084472656,19.68000030517578,17873,0.0,0.0
2024-08-02 12:45:00-04:00,19.700000762939453,19.719999313354492,19.649999618530273,19.674999237060547,4136,0.0,0.0
2024-08-02 12:50:00-04:00,19.674999237060547,20.1200008392334,19.674999237060547,19.899999618530273,18049,0.0,0.0
2024-08-02 12:55:00-04:00,19.829999923706055,19.844999313354492,19.799999237060547,19.829999923706055,3772,0.0,0.0
2024-08-02 13:00:00-04:00,19.84000015258789,19.84000015258789,19.59000015258789,19.594999313354492,2194,0.0,0.0
2024-08-02 13:05:00-04:00,19.540000915527344,19.84000015258789,19.540000915527344,19.739999771118164,6758,0.0,0.0
2024-08-02 13:10:00-04:00,19.728500366210938,19.735000610351562,19.728500366210938,19.735000610351562,1920,0.0,0.0
2024-08-02 13:15:00-04:00,19.739999771118164,19.739999771118164,19.739999771118164,19.739999771118164,312,0.0,0.0
2024-08-02 13:25:00-04:00,19.829099655151367,19.829099655151367,19.649999618530273,19.735000610351562,1499,0.0,0.0
2024-08-02 13:30:00-04:00,19.650100708007812,19.75,19.649999618530273,19.68000030517578,4158,0.0,0.0
2024-08-02 13:35:00-04:00,19.6299991607666,19.70989990234375,19.54010009765625,19.70989990234375,954,0.0,0.0
2024-08-02 13:40:00-04:00,19.709999084472656,19.709999084472656,19.709999084472656,19.709999084472656,547,0.0,0.0
2024-08-02 13:45:00-04:00,19.690000534057617,19.690000534057617,19.690000534057617,19.690000534057617,345,0.0,0.0
2024-08-02 13:55:00-04:00,19.600000381469727,19.719999313354492,19.510099411010742,19.61009979248047,34392,0.0,0.0
2024-08-02 14:00:00-04:00,19.6200008392334,19.704999923706055,19.6200008392334,19.65999984741211,4821,0.0,0.0
2024-08-02 14:05:00-04:00,19.670000076293945,19.670000076293945,19.65999984741211,19.65999984741211,553,0.0,0.0
2024-08-02 14:10:00-04:00,19.65999984741211,19.700000762939453,19.639999389648438,19.700000762939453,1377,0.0,0.0
2024-08-02 14:15:00-04:00,19.65999984741211,19.700000762939453,19.620100021362305,19.684999465942383,3631,0.0,0.0
2024-08-02 14:20:00-04:00,19.68000030517578,19.8799991607666,19.650100708007812,19.854999542236328,7173,0.0,0.0
2024-08-02 14:25:00-04:00,19.854999542236328,19.885000228881836,19.809999465942383,19.885000228881836,6543,0.0,0.0
2024-08-02 14:30:00-04:00,19.950000762939453,19.950000762939453,19.850000381469727,19.850000381469727,3920,0.0,0.0
2024-08-02 14:35:00-04:00,19.829999923706055,19.889999389648438,19.829999923706055,19.8799991607666,2443,0.0,0.0
2024-08-02 14:40:00-04:00,19.950000762939453,20.0,19.90999984741211,19.90999984741211,4567,0.0,0.0
2024-08-02 14:45:00-04:00,19.96500015258789,19.969999313354492,19.959999084472656,19.959999084472656,1122,0.0,0.0
2024-08-02 14:50:00-04:00,19.959999084472656,20.010000228881836,19.885000228881836,19.94499969482422,8702,0.0,0.0
2024-08-02 14:55:00-04:00,19.940000534057617,20.200000762939453,19.920000076293945,20.165000915527344,6732,0.0,0.0
2024-08-02 15:00:00-04:00,20.15999984741211,20.15999984741211,20.020099639892578,20.020099639892578,6167,0.0,0.0
2024-08-02 15:05:00-04:00,20.020000457763672,20.020000457763672,19.989999771118164,20.0,2497,0.0,0.0
2024-08-02 15:10:00-04:00,19.9950008392334,19.9950008392334,19.9950008392334,19.9950008392334,1354,0.0,0.0
2024-08-02 15:15:00-04:00,19.9950008392334,20.040000915527344,19.9950008392334,20.0,2818,0.0,0.0
2024-08-02 15:20:00-04:00,20.0,20.149999618530273,19.950000762939453,20.079999923706055,18471,0.0,0.0
2024-08-02 15:25:00-04:00,20.079999923706055,20.139999389648438,20.059999465942383,20.1200008392334,13727,0.0,0.0
2024-08-02 15:30:00-04:00,20.15999984741211,20.225000381469727,20.100000381469727,20.100000381469727,7756,0.0,0.0
2024-08-02 15:35:00-04:00,20.08009910583496,20.12619972229004,19.989999771118164,20.045000076293945,16912,0.0,0.0
2024-08-02 15:40:00-04:00,20.059999465942383,20.09000015258789,20.030000686645508,20.049999237060547,5696,0.0,0.0
2024-08-02 15:45:00-04:00,20.059999465942383,20.094999313354492,20.020000457763672,20.049999237060547,15287,0.0,0.0
2024-08-02 15:50:00-04:00,20.049999237060547,20.209999084472656,20.03499984741211,20.190000534057617,22259,0.0,0.0
2024-08-02 15:55:00-04:00,20.15999984741211,20.15999984741211,20.049999237060547,20.09000015258789,36632,0.0,0.0
2024-08-05 09:30:00-04:00,18.811599731445312,19.030000686645508,18.811599731445312,19.030000686645508,7034,0.0,0.0
2024-08-05 09:35:00-04:00,18.854999542236328,19.030000686645508,18.639999389648438,18.639999389648438,2914,0.0,0.0
2024-08-05 09:40:00-04:00,18.950000762939453,19.065000534057617,18.84000015258789,18.84000015258789,3030,0.0,0.0
2024-08-05 09:45:00-04:00,18.959999084472656,19.059999465942383,18.850099563598633,18.979999542236328,2921,0.0,0.0
2024-08-05 09:50:00-04:00,19.049999237060547,19.049999237060547,18.799999237060547,18.799999237060547,3681,0.0,0.0
2024-08-05 10:00:00-04:00,18.920000076293945,19.020000457763672,18.899999618530273,18.899999618530273,2719,0.0,0.0
2024-08-05 10:05:00-04:00,18.829999923706055,18.829999923706055,18.5,18.5,5899,0.0,0.0
2024-08-05 10:10:00-04:00,18.520000457763672,18.520000457763672,18.440000534057617,18.440000534057617,1318,0.0,0.0
2024-08-05 10:15:00-04:00,18.540000915527344,18.549999237060547,18.479999542236328,18.549999237060547,891,0.0,0.0
2024-08-05 10:20:00-04:00,18.530099868774414,18.540000915527344,18.450000762939453,18.469999313354492,2973,0.0,0.0
2024-08-05 10:25:00-04:00,18.360000610351562,18.579999923706055,18.360000610351562,18.489999771118164,6790,0.0,0.0
2024-08-05 10:30:00-04:00,18.520000457763672,18.559999465942383,18.520000457763672,18.559999465942383,652,0.0,0.0
2024-08-05 10:35:00-04:00,18.565000534057617,18.565000534057617,18.5,18.5,1872,0.0,0.0
2024-08-05 10:40:00-04:00,18.549999237060547,18.549999237060547,18.399999618530273,18.399999618530273,6800,0.0,0.0
2024-08-05 10:45:00-04:00,18.399999618530273,18.399999618530273,18.25,18.25,1186,0.0,0.0
2024-08-05 10:50:00-04:00,18.18000030517578,18.25,18.15999984741211,18.219999313354492,2719,0.0,0.0
2024-08-05 10:55:00-04:00,18.280000686645508,18.280000686645508,18.209999084472656,18.209999084472656,1415,0.0,0.0
2024-08-05 11:00:00-04:00,18.219999313354492,18.219999313354492,18.21500015258789,18.21500015258789,1452,0.0,0.0
2024-08-05 11:05:00-04:00,18.270000457763672,18.270000457763672,18.260000228881836,18.260000228881836,1472,0.0,0.0
2024-08-05 11:10:00-04:00,18.274999618530273,18.274999618530273,18.18000030517578,18.229999542236328,5823,0.0,0.0
2024-08-05 11:15:00-04:00,18.190099716186523,18.229999542236328,18.190000534057617,18.20989990234375,3975,0.0,0.0
2024-08-05 11:20:00-04:00,18.3799991607666,18.58989906311035,18.3799991607666,18.510000228881836,2997,0.0,0.0
2024-08-05 11:25:00-04:00,18.510000228881836,18.510000228881836,18.490100860595703,18.490100860595703,1715,0.0,0.0
2024-08-05 11:35:00-04:00,18.594999313354492,18.739999771118164,18.594999313354492,18.739999771118164,2964,0.0,0.0
2024-08-05 11:40:00-04:00,18.704999923706055,18.729999542236328,18.70199966430664,18.70199966430664,1740,0.0,0.0
2024-08-05 11:45:00-04:00,18.670000076293945,18.670000076293945,18.6299991607666,18.6299991607666,2546,0.0,0.0
2024-08-05 11:50:00-04:00,18.649999618530273,18.649999618530273,18.649999618530273,18.649999618530273,458,0.0,0.0
2024-08-05 11:55:00-04:00,18.674999237060547,18.75,18.610000610351562,18.610000610351562,5004,0.0,0.0
2024-08-05 12:00:00-04:00,18.6299991607666,18.6299991607666,18.6299991607666,18.6299991607666,1379,0.0,0.0
2024-08-05 12:05:00-04:00,18.635000228881836,18.635000228881836,18.635000228881836,18.635000228881836,766,0.0,0.0
2024-08-05 12:10:00-04:00,18.635000228881836,18.635000228881836,18.600000381469727,18.600000381469727,676,0.0,0.0
2024-08-05 12:15:00-04:00,18.639999389648438,18.670299530029297,18.639999389648438,18.670299530029297,904,0.0,0.0
2024-08-05 12:20:00-04:00,18.645000457763672,18.645000457763672,18.579999923706055,18.6299991607666,2486,0.0,0.0
2024-08-05 12:25:00-04:00,18.6299991607666,18.690000534057617,18.6299991607666,18.68000030517578,5602,0.0,0.0
2024-08-05 12:30:00-04:00,18.709999084472656,18.84000015258789,18.709999084472656,18.790000915527344,4048,0.0,0.0
2024-08-05 12:35:00-04:00,18.746000289916992,18.746000289916992,18.649999618530273,18.68000030517578,3185,0.0,0.0
2024-08-05 12:40:00-04:00,18.56999969482422,18.639999389648438,18.520000457763672,18.520000457763672,2381,0.0,0.0
2024-08-05 12:45:00-04:00,18.540000915527344,18.540000915527344,18.540000915527344,18.540000915527344,279,0.0,0.0
2024-08-05 12:50:00-04:00,18.489999771118164,18.5,18.479999542236328,18.5,4548,0.0,0.0
2024-08-05 13:00:00-04:00,18.479999542236328,18.479999542236328,18.190200805664062,18.209999084472656,10323,0.0,0.0
2024-08-05 13:05:00-04:00,18.209999084472656,18.309999465942383,18.200000762939453,18.309999465942383,2131,0.0,0.0
2024-08-05 13:10:00-04:00,18.350000381469727,18.479999542236328,18.341999053955078,18.459999084472656,9358,0.0,0.0
2024-08-05 13:15:00-04:00,18.520000457763672,18.540000915527344,18.4950008392334,18.5,4254,0.0,0.0
2024-08-05 13:20:00-04:00,18.459999084472656,18.459999084472656,18.34000015258789,18.34000015258789,1790,0.0,0.0
2024-08-05 13:25:00-04:00,18.3700008392334,18.3700008392334,18.3700008392334,18.3700008392334,409,0.0,0.0
2024-08-05 13:30:00-04:00,18.441200256347656,18.441200256347656,18.399999618530273,18.399999618530273,562,0.0,0.0
2024-08-05 13:35:00-04:00,18.399999618530273,18.459999084472656,18.350000381469727,18.454999923706055,5270,0.0,0.0
2024-08-05 13:40:00-04:00,18.469999313354492,18.5,18.469999313354492,18.489999771118164,406,0.0,0.0
2024-08-05 13:45:00-04:00,18.479999542236328,18.690000534057617,18.43000030517578,18.690000534057617,17703,0.0,0.0
2024-08-05 13:50:00-04:00,18.690000534057617,18.75,18.674999237060547,18.725000381469727,9738,0.0,0.0
2024-08-05 13:55:00-04:00,18.725000381469727,18.725000381469727,18.6299991607666,18.639999389648438,4574,0.0,0.0
2024-08-05 14:00:00-04:00,18.635000228881836,18.635000228881836,18.635000228881836,18.635000228881836,1527,0.0,0.0
2024-08-05 14:05:00-04:00,18.579999923706055,18.579999923706055,18.5,18.520000457763672,4867,0.0,0.0
2024-08-05 14:10:00-04:00,18.454999923706055,18.520000457763672,18.44499969482422,18.489999771118164,2443,0.0,0.0
2024-08-05 14:15:00-04:00,18.489999771118164,18.489999771118164,18.489999771118164,18.489999771118164,1168,0.0,0.0
2024-08-05 14:20:00-04:00,18.5049991607666,18.510000228881836,18.450000762939453,18.450000762939453,2633,0.0,0.0
2024-08-05 14:25:00-04:00,18.450000762939453,18.459999084472656,18.40999984741211,18.440000534057617,2258,0.0,0.0
2024-08-05 14:30:00-04:00,18.43000030517578,18.43000030517578,18.43000030517578,18.43000030517578,264,0.0,0.0
2024-08-05 14:35:00-04:00,18.459999084472656,18.459999084472656,18.43000030517578,18.450000762939453,1069,0.0,0.0
2024-08-05 14:40:00-04:00,18.399999618530273,18.43000030517578,18.389999389648438,18.405000686645508,1781,0.0,0.0
2024-08-05 14:45:00-04:00,18.420000076293945,18.420000076293945,18.350000381469727,18.350000381469727,3833,0.0,0.0
2024-08-05 14:50:00-04:00,18.325000762939453,18.40999984741211,18.325000762939453,18.40999984741211,2120,0.0,0.0
2024-08-05 14:55:00-04:00,18.424999237060547,18.424999237060547,18.329999923706055,18.34000015258789,2606,0.0,0.0
2024-08-05 15:00:00-04:00,18.344999313354492,18.350000381469727,18.34000015258789,18.34000015258789,1364,0.0,0.0
2024-08-05 15:05:00-04:00,18.299999237060547,18.309999465942383,18.290000915527344,18.309999465942383,3117,0.0,0.0
2024-08-05 15:10:00-04:00,18.299999237060547,18.309999465942383,18.290000915527344,18.30500030517578,4430,0.0,0.0
2024-08-05 15:15:00-04:00,18.270000457763672,18.280000686645508,18.270000457763672,18.280000686645508,2285,0.0,0.0
2024-08-05 15:20:00-04:00,18.270000457763672,18.290000915527344,18.219999313354492,18.260000228881836,4576,0.0,0.0
2024-08-05 15:25:00-04:00,18.270000457763672,18.280000686645508,18.270000457763672,18.280000686645508,2077,0.0,0.0
2024-08-05 15:30:00-04:00,18.280000686645508,18.350000381469727,18.26300048828125,18.26300048828125,6459,0.0,0.0
2024-08-05 15:35:00-04:00,18.260000228881836,18.270000457763672,18.209999084472656,18.209999084472656,4297,0.0,0.0
2024-08-05 15:40:00-04:00,18.239999771118164,18.239999771118164,18.152000427246094,18.170000076293945,4579,0.0,0.0
2024-08-05 15:45:00-04:00,18.174999237060547,18.200000762939453,18.149999618530273,18.190000534057617,15240,0.0,0.0
2024-08-05 15:50:00-04:00,18.184999465942383,18.299999237060547,18.184999465942383,18.25,17158,0.0,0.0
2024-08-05 15:55:00-04:00,18.25,18.30500030517578,18.25,18.270000457763672,26722,0.0,0.0
2024-08-06 09:30:00-04:00,18.520000457763672,18.520000457763672,18.300100326538086,18.300100326538086,6083,0.0,0.0
2024-08-06 09:35:00-04:00,18.299999237060547,18.299999237060547,18.049999237060547,18.149999618530273,1836,0.0,0.0
2024-08-06 09:40:00-04:00,18.149999618530273,18.149999618530273,18.040000915527344,18.040000915527344,1751,0.0,0.0
2024-08-06 09:45:00-04:00,18.0,18.37649917602539,18.0,18.37649917602539,3668,0.0,0.0
2024-08-06 09:50:00-04:00,18.299999237060547,18.300500869750977,18.139999389648438,18.15999984741211,12127,0.0,0.0
2024-08-06 09:55:00-04:00,18.139999389648438,18.200000762939453,18.079999923706055,18.15999984741211,4162,0.0,0.0
2024-08-06 10:00:00-04:00,18.04010009765625,18.09000015258789,18.040000915527344,18.09000015258789,2374,0.0,0.0
2024-08-06 10:05:00-04:00,18.09000015258789,18.295000076293945,18.09000015258789,18.295000076293945,6770,0.0,0.0
2024-08-06 10:10:00-04:00,18.315000534057617,18.334999084472656,18.2549991607666,18.2549991607666,5162,0.0,0.0
2024-08-06 10:15:00-04:00,18.15999984741211,18.3799991607666,18.15999984741211,18.3799991607666,9396,0.0,0.0
2024-08-06 10:20:00-04:00,18.399999618530273,18.399999618530273,18.3799991607666,18.3799991607666,690,0.0,0.0
2024-08-06 10:25:00-04:00,18.440000534057617,18.450000762939453,18.25,18.25,3744,0.0,0.0
2024-08-06 10:30:00-04:00,18.25,18.34000015258789,18.25,18.34000015258789,2339,0.0,0.0
2024-08-06 10:35:00-04:00,18.34000015258789,18.40999984741211,18.34000015258789,18.40999984741211,1622,0.0,0.0
2024-08-06 10:40:00-04:00,18.40999984741211,18.40999984741211,18.40999984741211,18.40999984741211,609,0.0,0.0
2024-08-06 10:45:00-04:00,18.459999084472656,18.559999465942383,18.385000228881836,18.559999465942383,3084,0.0,0.0
2024-08-06 10:50:00-04:00,18.594999313354492,18.594999313354492,18.59000015258789,18.594999313354492,604,0.0,0.0
2024-08-06 10:55:00-04:00,18.540000915527344,18.579999923706055,18.434999465942383,18.434999465942383,3748,0.0,0.0
2024-08-06 11:00:00-04:00,18.434999465942383,18.44499969482422,18.434999465942383,18.44499969482422,395,0.0,0.0
2024-08-06 11:10:00-04:00,18.44499969482422,18.44499969482422,18.350000381469727,18.399999618530273,6332,0.0,0.0
2024-08-06 11:15:00-04:00,18.38990020751953,18.479999542236328,18.38990020751953,18.415000915527344,2528,0.0,0.0
2024-08-06 11:20:00-04:00,18.40489959716797,18.40489959716797,18.364999771118164,18.364999771118164,8121,0.0,0.0
2024-08-06 11:25:00-04:00,18.364999771118164,18.364999771118164,18.260000228881836,18.260000228881836,2208,0.0,0.0
2024-08-06 11:30:00-04:00,18.260000228881836,18.360000610351562,18.260000228881836,18.280000686645508,1854,0.0,0.0
2024-08-06 11:35:00-04:00,18.325000762939453,18.325000762939453,18.325000762939453,18.325000762939453,471,0.0,0.0
2024-08-06 11:40:00-04:00,18.280000686645508,18.280000686645508,18.270000457763672,18.270000457763672,601,0.0,0.0
2024-08-06 11:45:00-04:00,18.280000686645508,18.325000762939453,18.260000228881836,18.30500030517578,6797,0.0,0.0
2024-08-06 11:50:00-04:00,18.30500030517578,18.360000610351562,18.30500030517578,18.360000610351562,2530,0.0,0.0
2024-08-06 12:00:00-04:00,18.360000610351562,18.360000610351562,18.309999465942383,18.309999465942383,6592,0.0,0.0
2024-08-06 12:05:00-04:00,18.329999923706055,18.34000015258789,18.309999465942383,18.34000015258789,4308,0.0,0.0
2024-08-06 12:10:00-04:00,18.33919906616211,18.33919906616211,18.33919906616211,18.33919906616211,221,0.0,0.0
2024-08-06 12:15:00-04:00,18.315000534057617,18.350000381469727,18.290000915527344,18.309999465942383,5960,0.0,0.0
2024-08-06 12:20:00-04:00,18.309999465942383,18.329999923706055,18.270000457763672,18.329999923706055,4594,0.0,0.0
2024-08-06 12:25:00-04:00,18.325000762939453,18.325000762939453,18.325000762939453,18.325000762939453,321,0.0,0.0
2024-08-06 12:30:00-04:00,18.325000762939453,18.325000762939453,18.315000534057617,18.315000534057617,475,0.0,0.0
2024-08-06 12:35:00-04:00,18.309999465942383,18.31999969482422,18.309999465942383,18.31999969482422,1001,0.0,0.0
2024-08-06 12:40:00-04:00,18.329999923706055,18.3700008392334,18.309999465942383,18.3700008392334,6993,0.0,0.0
2024-08-06 12:45:00-04:00,18.344999313354492,18.3700008392334,18.329999923706055,18.344999313354492,1321,0.0,0.0
2024-08-06 12:50:00-04:00,18.31999969482422,18.31999969482422,18.299999237060547,18.299999237060547,2078,0.0,0.0
2024-08-06 12:55:00-04:00,18.325000762939453,18.43000030517578,18.309999465942383,18.43000030517578,2637,0.0,0.0
2024-08-06 13:00:00-04:00,18.420000076293945,18.46500015258789,18.420000076293945,18.420000076293945,6404,0.0,0.0
2024-08-06 13:05:00-04:00,18.434999465942383,18.440000534057617,18.40999984741211,18.420000076293945,3342,0.0,0.0
2024-08-06 13:10:00-04:00,18.43000030517578,18.43000030517578,18.415000915527344,18.415000915527344,374,0.0,0.0
2024-08-06 13:15:00-04:00,18.389999389648438,18.440000534057617,18.389999389648438,18.40999984741211,3945,0.0,0.0
2024-08-06 13:20:00-04:00,18.405000686645508,18.43000030517578,18.405000686645508,18.420000076293945,1853,0.0,0.0
2024-08-06 13:25:00-04:00,18.405000686645508,18.459999084472656,18.405000686645508,18.459999084472656,3416,0.0,0.0
2024-08-06 13:30:00-04:00,18.440000534057617,18.540000915527344,18.440000534057617,18.524999618530273,3670,0.0,0.0
2024-08-06 13:35:00-04:00,18.524999618530273,18.530000686645508,18.524999618530273,18.524999618530273,1879,0.0,0.0
2024-08-06 13:40:00-04:00,18.549999237060547,18.600000381469727,18.549999237060547,18.56999969482422,3418,0.0,0.0
2024-08-06 13:45:00-04:00,18.530000686645508,18.530000686645508,18.514999389648438,18.514999389648438,1657,0.0,0.0
2024-08-06 13:50:00-04:00,18.530000686645508,18.530000686645508,18.479999542236328,18.514999389648438,711,0.0,0.0
2024-08-06 13:55:00-04:00,18.549999237060547,18.549999237060547,18.530000686645508,18.530000686645508,701,0.0,0.0
2024-08-06 14:00:00-04:00,18.510000228881836,18.510000228881836,18.479999542236328,18.485000610351562,3153,0.0,0.0
2024-08-06 14:05:00-04:00,18.459999084472656,18.459999084472656,18.43000030517578,18.43000030517578,671,0.0,0.0
2024-08-06 14:10:00-04:00,18.469999313354492,18.469999313354492,18.43000030517578,18.43000030517578,1661,0.0,0.0
2024-08-06 14:15:00-04:00,18.43000030517578,18.43000030517578,18.40999984741211,18.40999984741211,660,0.0,0.0
2024-08-06 14:20:00-04:00,18.43000030517578,18.46500015258789,18.420000076293945,18.46500015258789,4614,0.0,0.0
2024-08-06 14:25:00-04:00,18.43000030517578,18.46500015258789,18.329999923706055,18.46500015258789,19883,0.0,0.0
2024-08-06 14:30:00-04:00,18.43000030517578,18.469999313354492,18.40999984741211,18.450000762939453,5300,0.0,0.0
2024-08-06 14:35:00-04:00,18.450000762939453,18.450000762939453,18.450000762939453,18.450000762939453,629,0.0,0.0
2024-08-06 14:40:00-04:00,18.450000762939453,18.450000762939453,18.40999984741211,18.40999984741211,2812,0.0,0.0
2024-08-06 14:45:00-04:00,18.40999984741211,18.43000030517578,18.40999984741211,18.43000030517578,2781,0.0,0.0
2024-08-06 14:50:00-04:00,18.450000762939453,18.520000457763672,18.450000762939453,18.450000762939453,13489,0.0,0.0
2024-08-06 14:55:00-04:00,18.46500015258789,18.575000762939453,18.46500015258789,18.5049991607666,8464,0.0,0.0
2024-08-06 15:00:00-04:00,18.475000381469727,18.600000381469727,18.475000381469727,18.4950008392334,7030,0.0,0.0
2024-08-06 15:05:00-04:00,18.491199493408203,18.491199493408203,18.459999084472656,18.489999771118164,3513,0.0,0.0
2024-08-06 15:10:00-04:00,18.489999771118164,18.524999618530273,18.459999084472656,18.4950008392334,3708,0.0,0.0
2024-08-06 15:15:00-04:00,18.489999771118164,18.520000457763672,18.489999771118164,18.5049991607666,755,0.0,0.0
2024-08-06 15:20:00-04:00,18.549999237060547,18.65999984741211,18.520000457763672,18.65999984741211,3250,0.0,0.0
2024-08-06 15:25:00-04:00,18.690000534057617,18.690000534057617,18.540000915527344,18.56999969482422,4975,0.0,0.0
2024-08-06 15:30:00-04:00,18.540000915527344,18.56999969482422,18.540000915527344,18.565000534057617,3438,0.0,0.0
2024-08-06 15:35:00-04:00,18.55500030517578,18.56999969482422,18.530000686645508,18.530000686645508,1381,0.0,0.0
2024-08-06 15:40:00-04:00,18.559999465942383,18.56999969482422,18.489999771118164,18.489999771118164,4865,0.0,0.0
2024-08-06 15:45:00-04:00,18.479999542236328,18.485000610351562,18.40999984741211,18.40999984741211,3731,0.0,0.0
2024-08-06 15:50:00-04:00,18.43000030517578,18.5,18.3799991607666,18.5,15821,0.0,0.0
2024-08-06 15:55:00-04:00,18.5,18.5,18.3700008392334,18.3700008392334,30843,0.0,0.0
2024-08-07 09:30:00-04:00,18.790000915527344,18.81999969482422,18.68000030517578,18.81999969482422,9446,0.0,0.0
2024-08-07 09:35:00-04:00,18.899999618530273,18.90999984741211,18.75,18.899999618530273,3380,0.0,0.0
2024-08-07 09:40:00-04:00,18.969999313354492,19.149999618530273,18.969999313354492,19.06999969482422,1047,0.0,0.0
2024-08-07 09:45:00-04:00,19.065000534057617,19.139999389648438,19.065000534057617,19.1299991607666,3134,0.0,0.0
2024-08-07 09:50:00-04:00,19.094999313354492,19.094999313354492,18.979999542236328,19.06999969482422,4477,0.0,0.0
2024-08-07 10:00:00-04:00,19.0,19.0,18.799999237060547,18.799999237060547,2279,0.0,0.0
2024-08-07 10:05:00-04:00,18.780000686645508,18.780000686645508,18.579999923706055,18.579999923706055,2887,0.0,0.0
2024-08-07 10:10:00-04:00,18.69499969482422,18.69499969482422,18.59000015258789,18.59000015258789,1919,0.0,0.0
2024-08-07 10:15:00-04:00,18.649999618530273,18.65999984741211,18.649999618530273,18.65999984741211,1469,0.0,0.0
2024-08-07 10:20:00-04:00,18.6299991607666,18.6299991607666,18.6299991607666,18.6299991607666,319,0.0,0.0
2024-08-07 10:25:00-04:00,18.43000030517578,18.469999313354492,18.43000030517578,18.469999313354492,898,0.0,0.0
2024-08-07 10:30:00-04:00,18.479999542236328,18.479999542236328,18.479999542236328,18.479999542236328,1028,0.0,0.0
2024-08-07 10:35:00-04:00,18.40999984741211,18.420000076293945,18.360000610351562,18.360000610351562,3333,0.0,0.0
2024-08-07 10:40:00-04:00,18.43000030517578,18.514999389648438,18.420000076293945,18.514999389648438,1310,0.0,0.0
2024-08-07 10:45:00-04:00,18.520000457763672,18.68000030517578,18.520000457763672,18.596799850463867,3082,0.0,0.0
2024-08-07 10:50:00-04:00,18.649999618530273,18.709999084472656,18.600000381469727,18.610000610351562,8207,0.0,0.0
2024-08-07 11:00:00-04:00,18.604999542236328,18.614999771118164,18.540000915527344,18.540000915527344,1732,0.0,0.0
2024-08-07 11:05:00-04:00,18.530000686645508,18.59000015258789,18.530000686645508,18.59000015258789,1301,0.0,0.0
2024-08-07 11:10:00-04:00,18.59000015258789,18.610000610351562,18.530000686645508,18.565000534057617,2051,0.0,0.0
2024-08-07 11:15:00-04:00,18.530000686645508,18.530000686645508,18.489999771118164,18.489999771118164,1138,0.0,0.0
2024-08-07 11:20:00-04:00,18.440000534057617,18.614999771118164,18.440000534057617,18.600000381469727,6207,0.0,0.0
2024-08-07 11:25:00-04:00,18.614999771118164,18.614999771118164,18.614999771118164,18.614999771118164,237,0.0,0.0
2024-08-07 11:30:00-04:00,18.670000076293945,18.709999084472656,18.600799560546875,18.625,3833,0.0,0.0
2024-08-07 11:35:00-04:00,18.639999389648438,18.639999389648438,18.639999389648438,18.639999389648438,1982,0.0,0.0
2024-08-07 11:40:00-04:00,18.56999969482422,18.56999969482422,18.5,18.5,3171,0.0,0.0
2024-08-07 11:45:00-04:00,18.459999084472656,18.545000076293945,18.450000762939453,18.545000076293945,2811,0.0,0.0
2024-08-07 11:50:00-04:00,18.600000381469727,18.600000381469727,18.55500030517578,18.55500030517578,706,0.0,0.0
2024-08-07 11:55:00-04:00,18.579999923706055,18.739999771118164,18.579999923706055,18.690000534057617,10313,0.0,0.0
2024-08-07 12:00:00-04:00,18.600000381469727,18.670000076293945,18.56999969482422,18.59000015258789,2890,0.0,0.0
2024-08-07 12:05:00-04:00,18.459999084472656,18.459999084472656,18.459999084472656,18.459999084472656,909,0.0,0.0
2024-08-07 12:10:00-04:00,18.540000915527344,18.559999465942383,18.540000915527344,18.559999465942383,897,0.0,0.0
2024-08-07 12:15:00-04:00,18.56999969482422,18.56999969482422,18.56999969482422,18.56999969482422,620,0.0,0.0
2024-08-07 12:20:00-04:00,18.520099639892578,18.639999389648438,18.520099639892578,18.584999084472656,858,0.0,0.0
2024-08-07 12:25:00-04:00,18.59000015258789,18.600000381469727,18.59000015258789,18.600000381469727,634,0.0,0.0
2024-08-07 12:30:00-04:00,18.584999084472656,18.584999084472656,18.540000915527344,18.540000915527344,1375,0.0,0.0
2024-08-07 12:35:00-04:00,18.559999465942383,18.56999969482422,18.510000228881836,18.530000686645508,3738,0.0,0.0
2024-08-07 12:40:00-04:00,18.545000076293945,18.545000076293945,18.53499984741211,18.53499984741211,1708,0.0,0.0
2024-08-07 12:45:00-04:00,18.53499984741211,18.575000762939453,18.530000686645508,18.530000686645508,1849,0.0,0.0
2024-08-07 12:50:00-04:00,18.530000686645508,18.530000686645508,18.475000381469727,18.475000381469727,4168,0.0,0.0
2024-08-07 12:55:00-04:00,18.430099487304688,18.430099487304688,18.430099487304688,18.430099487304688,1107,0.0,0.0
2024-08-07 13:00:00-04:00,18.450000762939453,18.450000762939453,18.389999389648438,18.389999389648438,2395,0.0,0.0
2024-08-07 13:05:00-04:00,18.34000015258789,18.34000015258789,18.329999923706055,18.329999923706055,1230,0.0,0.0
2024-08-07 13:10:00-04:00,18.299999237060547,18.31999969482422,18.274999618530273,18.31999969482422,3219,0.0,0.0
2024-08-07 13:15:00-04:00,18.350000381469727,18.3799991607666,18.329999923706055,18.329999923706055,2602,0.0,0.0
2024-08-07 13:20:00-04:00,18.329999923706055,18.334999084472656,18.329999923706055,18.334999084472656,897,0.0,0.0
2024-08-07 13:25:00-04:00,18.334999084472656,18.360000610351562,18.334999084472656,18.360000610351562,1184,0.0,0.0
2024-08-07 13:30:00-04:00,18.334999084472656,18.3799991607666,18.334999084472656,18.337499618530273,2015,0.0,0.0
2024-08-07 13:35:00-04:00,18.334999084472656,18.334999084472656,18.329999923706055,18.329999923706055,302,0.0,0.0
2024-08-07 13:40:00-04:00,18.3799991607666,18.3799991607666,18.34000015258789,18.360000610351562,517,0.0,0.0
2024-08-07 13:45:00-04:00,18.329999923706055,18.34000015258789,18.260000228881836,18.260000228881836,2868,0.0,0.0
2024-08-07 13:50:00-04:00,18.280000686645508,18.315000534057617,18.280000686645508,18.315000534057617,281,0.0,0.0
2024-08-07 13:55:00-04:00,18.309999465942383,18.34000015258789,18.299999237060547,18.309999465942383,6085,0.0,0.0
2024-08-07 14:00:00-04:00,18.31999969482422,18.360000610351562,18.315000534057617,18.360000610351562,1962,0.0,0.0
2024-08-07 14:05:00-04:00,18.350000381469727,18.350000381469727,18.350000381469727,18.350000381469727,537,0.0,0.0
2024-08-07 14:10:00-04:00,18.350000381469727,18.399999618530273,18.34000015258789,18.399999618530273,5519,0.0,0.0
2024-08-07 14:15:00-04:00,18.399999618530273,18.399999618530273,18.329999923706055,18.360000610351562,2904,0.0,0.0
2024-08-07 14:20:00-04:00,18.350000381469727,18.360000610351562,18.31999969482422,18.31999969482422,3053,0.0,0.0
2024-08-07 14:25:00-04:00,18.309999465942383,18.309999465942383,18.270000457763672,18.309999465942383,1113,0.0,0.0
2024-08-07 14:30:00-04:00,18.309999465942383,18.309999465942383,18.239999771118164,18.239999771118164,425,0.0,0.0
2024-08-07 14:35:00-04:00,18.274999618530273,18.329999923706055,18.274999618530273,18.329999923706055,1729,0.0,0.0
2024-08-07 14:40:00-04:00,18.299999237060547,18.399999618530273,18.299999237060547,18.399999618530273,8493,0.0,0.0
2024-08-07 14:45:00-04:00,18.399999618530273,18.399999618530273,18.2450008392334,18.2450008392334,3200,0.0,0.0
2024-08-07 14:50:00-04:00,18.25,18.25,18.209999084472656,18.209999084472656,1697,0.0,0.0
2024-08-07 14:55:00-04:00,18.219999313354492,18.219999313354492,18.219999313354492,18.219999313354492,1216,0.0,0.0
2024-08-07 15:00:00-04:00,18.270000457763672,18.360000610351562,18.270000457763672,18.350000381469727,1069,0.0,0.0
2024-08-07 15:05:00-04:00,18.350000381469727,18.350000381469727,18.300100326538086,18.300100326538086,975,0.0,0.0
2024-08-07 15:10:00-04:00,18.337499618530273,18.3799991607666,18.299999237060547,18.299999237060547,5203,0.0,0.0
2024-08-07 15:15:00-04:00,18.31999969482422,18.399999618530273,18.31999969482422,18.3700008392334,4275,0.0,0.0
2024-08-07 15:20:00-04:00,18.389999389648438,18.40999984741211,18.31999969482422,18.40999984741211,3200,0.0,0.0
2024-08-07 15:25:00-04:00,18.399999618530273,18.40999984741211,18.350000381469727,18.3799991607666,2384,0.0,0.0
2024-08-07 15:30:00-04:00,18.389999389648438,18.405000686645508,18.364999771118164,18.405000686645508,5137,0.0,0.0
2024-08-07 15:35:00-04:00,18.3799991607666,18.459999084472656,18.34000015258789,18.389999389648438,10414,0.0,0.0
2024-08-07 15:40:00-04:00,18.3799991607666,18.389999389648438,18.350000381469727,18.350000381469727,3721,0.0,0.0
2024-08-07 15:45:00-04:00,18.3700008392334,18.3799991607666,18.329999923706055,18.344999313354492,5984,0.0,0.0
2024-08-07 15:50:00-04:00,18.329999923706055,18.329999923706055,18.260000228881836,18.299999237060547,10948,0.0,0.0
2024-08-07 15:55:00-04:00,18.299999237060547,18.38960075378418,18.290000915527344,18.38960075378418,30193,0.0,0.0
2024-08-08 09:30:00-04:00,18.690000534057617,18.690000534057617,18.690000534057617,18.690000534057617,2042,0.0,0.0
2024-08-08 09:35:00-04:00,18.649999618530273,18.75,18.649999618530273,18.75,1230,0.0,0.0
2024-08-08 09:40:00-04:00,18.75,18.75,18.6299991607666,18.709999084472656,1483,0.0,0.0
2024-08-08 09:45:00-04:00,18.75,18.7549991607666,18.610000610351562,18.635000228881836,4596,0.0,0.0
2024-08-08 09:50:00-04:00,18.739999771118164,18.790000915527344,18.739999771118164,18.790000915527344,1226,0.0,0.0
2024-08-08 09:55:00-04:00,18.78499984741211,18.78499984741211,18.739999771118164,18.739999771118164,1008,0.0,0.0
2024-08-08 10:00:00-04:00,18.719999313354492,18.75,18.649999618530273,18.75,1267,0.0,0.0
2024-08-08 10:05:00-04:00,18.729999542236328,18.729999542236328,18.670000076293945,18.68000030517578,1291,0.0,0.0
2024-08-08 10:15:00-04:00,18.760000228881836,18.760000228881836,18.760000228881836,18.760000228881836,512,0.0,0.0
2024-08-08 10:20:00-04:00,18.760000228881836,18.770000457763672,18.760000228881836,18.770000457763672,717,0.0,0.0
2024-08-08 10:25:00-04:00,18.7450008392334,18.799999237060547,18.7450008392334,18.75,1227,0.0,0.0
2024-08-08 10:30:00-04:00,18.729999542236328,18.809999465942383,18.729999542236328,18.809999465942383,4455,0.0,0.0
2024-08-08 10:35:00-04:00,18.8700008392334,18.93000030517578,18.844999313354492,18.93000030517578,916,0.0,0.0
2024-08-08 10:40:00-04:00,18.920000076293945,18.920000076293945,18.8700008392334,18.8799991607666,1260,0.0,0.0
2024-08-08 10:45:00-04:00,18.8799991607666,18.8799991607666,18.8799991607666,18.8799991607666,454,0.0,0.0
2024-08-08 10:50:00-04:00,18.850000381469727,18.915000915527344,18.850000381469727,18.915000915527344,468,0.0,0.0
2024-08-08 10:55:00-04:00,18.979999542236328,19.030000686645508,18.979999542236328,19.020000457763672,1103,0.0,0.0
2024-08-08 11:00:00-04:00,19.020000457763672,19.049999237060547,19.020000457763672,19.049999237060547,679,0.0,0.0
2024-08-08 11:05:00-04:00,19.049999237060547,19.049999237060547,19.0049991607666,19.0049991607666,530,0.0,0.0
2024-08-08 11:10:00-04:00,19.139999389648438,19.139999389648438,19.06999969482422,19.139999389648438,1463,0.0,0.0
2024-08-08 11:15:00-04:00,19.1200008392334,19.1200008392334,19.100000381469727,19.100000381469727,616,0.0,0.0
2024-08-08 11:20:00-04:00,19.065000534057617,19.1200008392334,19.065000534057617,19.1200008392334,704,0.0,0.0
2024-08-08 11:25:00-04:00,19.100000381469727,19.15999984741211,19.059999465942383,19.09000015258789,2594,0.0,0.0
2024-08-08 11:30:00-04:00,19.075000762939453,19.09000015258789,19.020000457763672,19.020000457763672,803,0.0,0.0
2024-08-08 11:35:00-04:00,19.05500030517578,19.110000610351562,19.020000457763672,19.09000015258789,3160,0.0,0.0
2024-08-08 11:40:00-04:00,19.049999237060547,19.149999618530273,19.049999237060547,19.149999618530273,383,0.0,0.0
2024-08-08 11:45:00-04:00,19.094999313354492,19.200000762939453,19.094999313354492,19.200000762939453,1563,0.0,0.0
2024-08-08 11:50:00-04:00,19.209999084472656,19.239999771118164,19.209999084472656,19.239999771118164,1186,0.0,0.0
2024-08-08 11:55:00-04:00,19.270000457763672,19.270000457763672,19.170000076293945,19.170000076293945,2071,0.0,0.0
2024-08-08 12:00:00-04:00,19.200000762939453,19.229999542236328,19.200000762939453,19.229999542236328,512,0.0,0.0
2024-08-08 12:05:00-04:00,19.239999771118164,19.239999771118164,19.149999618530273,19.149999618530273,1715,0.0,0.0
2024-08-08 12:10:00-04:00,19.145000457763672,19.145000457763672,19.145000457763672,19.145000457763672,200,0.0,0.0
2024-08-08 12:15:00-04:00,19.155000686645508,19.155000686645508,19.110000610351562,19.145000457763672,620,0.0,0.0
2024-08-08 12:20:00-04:00,19.190000534057617,19.190000534057617,19.190000534057617,19.190000534057617,337,0.0,0.0
2024-08-08 12:25:00-04:00,19.190000534057617,19.190000534057617,19.110000610351562,19.15999984741211,4087,0.0,0.0
2024-08-08 12:30:00-04:00,19.155000686645508,19.155000686645508,19.155000686645508,19.155000686645508,200,0.0,0.0
2024-08-08 12:35:00-04:00,19.165000915527344,19.165000915527344,19.049999237060547,19.06999969482422,2448,0.0,0.0
2024-08-08 12:40:00-04:00,19.1200008392334,19.190000534057617,19.1200008392334,19.190000534057617,1879,0.0,0.0
2024-08-08 12:45:00-04:00,19.184999465942383,19.184999465942383,19.170000076293945,19.170000076293945,488,0.0,0.0
2024-08-08 12:50:00-04:00,19.18000030517578,19.209999084472656,19.18000030517578,19.200000762939453,523,0.0,0.0
2024-08-08 12:55:00-04:00,19.149999618530273,19.239999771118164,19.149999618530273,19.18000030517578,1261,0.0,0.0
2024-08-08 13:00:00-04:00,19.18000030517578,19.184999465942383,19.149999618530273,19.184999465942383,2595,0.0,0.0
2024-08-08 13:05:00-04:00,19.100000381469727,19.110000610351562,19.09000015258789,19.110000610351562,1251,0.0,0.0
2024-08-08 13:10:00-04:00,19.110000610351562,19.110000610351562,19.049999237060547,19.094999313354492,4142,0.0,0.0
2024-08-08 13:15:00-04:00,19.06999969482422,19.094999313354492,19.049999237060547,19.094999313354492,1913,0.0,0.0
2024-08-08 13:20:00-04:00,19.100000381469727,19.100000381469727,19.100000381469727,19.100000381469727,215,0.0,0.0
2024-08-08 13:25:00-04:00,19.100000381469727,19.149999618530273,19.09000015258789,19.09000015258789,5120,0.0,0.0
2024-08-08 13:30:00-04:00,19.145000457763672,19.145000457763672,19.1299991607666,19.145000457763672,935,0.0,0.0
2024-08-08 13:35:00-04:00,19.1200008392334,19.239999771118164,19.110000610351562,19.219999313354492,8482,0.0,0.0
2024-08-08 13:40:00-04:00,19.209999084472656,19.211999893188477,19.209999084472656,19.211999893188477,405,0.0,0.0
2024-08-08 13:45:00-04:00,19.239999771118164,19.239999771118164,19.190000534057617,19.190000534057617,1475,0.0,0.0
2024-08-08 13:50:00-04:00,19.219999313354492,19.219999313354492,19.18000030517578,19.18000030517578,1081,0.0,0.0
2024-08-08 13:55:00-04:00,19.21500015258789,19.21500015258789,19.18000030517578,19.190000534057617,4316,0.0,0.0
2024-08-08 14:00:00-04:00,19.170000076293945,19.174999237060547,19.135000228881836,19.174999237060547,1476,0.0,0.0
2024-08-08 14:05:00-04:00,19.225000381469727,19.225000381469727,19.225000381469727,19.225000381469727,2804,0.0,0.0
2024-08-08 14:10:00-04:00,19.219999313354492,19.219999313354492,19.204999923706055,19.204999923706055,1130,0.0,0.0
2024-08-08 14:15:00-04:00,19.204999923706055,19.21500015258789,19.204999923706055,19.21500015258789,983,0.0,0.0
2024-08-08 14:20:00-04:00,19.229999542236328,19.229999542236328,19.229999542236328,19.229999542236328,370,0.0,0.0
2024-08-08 14:25:00-04:00,19.209999084472656,19.209999084472656,19.184999465942383,19.184999465942383,1915,0.0,0.0
2024-08-08 14:30:00-04:00,19.239999771118164,19.239999771118164,19.184999465942383,19.184999465942383,367,0.0,0.0
2024-08-08 14:35:00-04:00,19.15999984741211,19.15999984741211,19.15999984741211,19.15999984741211,978,0.0,0.0
2024-08-08 14:40:00-04:00,19.1200008392334,19.1200008392334,19.079999923706055,19.079999923706055,922,0.0,0.0
2024-08-08 14:45:00-04:00,19.09000015258789,19.165000915527344,19.09000015258789,19.165000915527344,676,0.0,0.0
2024-08-08 14:50:00-04:00,19.200000762939453,19.200000762939453,19.1299991607666,19.15999984741211,2553,0.0,0.0
2024-08-08 14:55:00-04:00,19.170000076293945,19.170000076293945,19.110000610351562,19.110000610351562,5257,0.0,0.0
2024-08-08 15:00:00-04:00,19.110000610351562,19.190000534057617,19.100000381469727,19.190000534057617,3545,0.0,0.0
2024-08-08 15:05:00-04:00,19.149999618530273,19.149999618530273,19.149999618530273,19.149999618530273,1396,0.0,0.0
2024-08-08 15:10:00-04:00,19.149999618530273,19.174999237060547,19.149999618530273,19.174999237060547,2955,0.0,0.0
2024-08-08 15:15:00-04:00,19.139999389648438,19.18000030517578,19.139999389648438,19.15999984741211,1017,0.0,0.0
2024-08-08 15:20:00-04:00,19.149999618530273,19.149999618530273,19.149999618530273,19.149999618530273,1408,0.0,0.0
2024-08-08 15:25:00-04:00,19.18000030517578,19.190000534057617,19.110000610351562,19.110000610351562,3031,0.0,0.0
2024-08-08 15:30:00-04:00,19.1200008392334,19.1299991607666,19.010000228881836,19.020000457763672,2801,0.0,0.0
2024-08-08 15:35:00-04:00,18.979999542236328,18.979999542236328,18.950000762939453,18.959999084472656,1718,0.0,0.0
2024-08-08 15:40:00-04:00,18.989900588989258,18.989900588989258,18.950000762939453,18.969999313354492,1463,0.0,0.0
2024-08-08 15:45:00-04:00,18.96500015258789,18.969999313354492,18.8700008392334,18.940000534057617,7663,0.0,0.0
2024-08-08 15:50:00-04:00,18.940000534057617,18.989999771118164,18.940000534057617,18.959999084472656,7852,0.0,0.0
2024-08-08 15:55:00-04:00,18.969999313354492,19.020000457763672,18.969999313354492,19.020000457763672,12087,0.0,0.0
2024-08-09 09:30:00-04:00,19.139999389648438,19.5,19.139999389648438,19.5,4050,0.0,0.0
2024-08-09 09:40:00-04:00,19.1200008392334,19.19499969482422,19.1200008392334,19.19499969482422,731,0.0,0.0
2024-08-09 09:50:00-04:00,19.104999542236328,19.190000534057617,19.104999542236328,19.190000534057617,2545,0.0,0.0
2024-08-09 09:55:00-04:00,19.049999237060547,19.049999237060547,19.049999237060547,19.049999237060547,266,0.0,0.0
2024-08-09 10:00:00-04:00,19.110000610351562,19.1200008392334,19.110000610351562,19.1200008392334,396,0.0,0.0
2024-08-09 10:05:00-04:00,19.059999465942383,19.100000381469727,19.020000457763672,19.020000457763672,1442,0.0,0.0
2024-08-09 10:10:00-04:00,19.010000228881836,19.010000228881836,19.010000228881836,19.010000228881836,168,0.0,0.0
2024-08-09 10:15:00-04:00,19.020000457763672,19.049999237060547,19.020000457763672,19.020000457763672,565,0.0,0.0
2024-08-09 10:20:00-04:00,19.045000076293945,19.045000076293945,19.020000457763672,19.020000457763672,914,0.0,0.0
2024-08-09 10:25:00-04:00,18.979999542236328,19.020000457763672,18.959999084472656,19.020000457763672,1636,0.0,0.0
2024-08-09 10:35:00-04:00,18.937999725341797,18.979999542236328,18.937999725341797,18.96500015258789,1465,0.0,0.0
2024-08-09 10:40:00-04:00,18.969999313354492,18.969999313354492,18.889999389648438,18.889999389648438,555,0.0,0.0
2024-08-09 10:45:00-04:00,18.8799991607666,18.8799991607666,18.84000015258789,18.84000015258789,709,0.0,0.0
2024-08-09 10:50:00-04:00,18.860000610351562,18.889999389648438,18.860000610351562,18.889999389648438,1121,0.0,0.0
2024-08-09 11:00:00-04:00,18.885000228881836,18.885000228881836,18.885000228881836,18.885000228881836,1087,0.0,0.0
2024-08-09 11:10:00-04:00,18.875,18.889999389648438,18.875,18.889999389648438,1097,0.0,0.0
2024-08-09 11:25:00-04:00,18.84000015258789,18.84000015258789,18.84000015258789,18.84000015258789,766,0.0,0.0
2024-08-09 11:30:00-04:00,18.829999923706055,18.875,18.829999923706055,18.875,1201,0.0,0.0
2024-08-09 11:40:00-04:00,18.84000015258789,18.84000015258789,18.809999465942383,18.809999465942383,1176,0.0,0.0
2024-08-09 11:55:00-04:00,18.790000915527344,18.790000915527344,18.760000228881836,18.760000228881836,865,0.0,0.0
2024-08-09 12:00:00-04:00,18.78499984741211,18.78499984741211,18.78499984741211,18.78499984741211,300,0.0,0.0
2024-08-09 12:05:00-04:00,18.799999237060547,18.799999237060547,18.719999313354492,18.760000228881836,1253,0.0,0.0
2024-08-09 12:10:00-04:00,18.7450008392334,18.7450008392334,18.7450008392334,18.7450008392334,1816,0.0,0.0
2024-08-09 12:20:00-04:00,18.700000762939453,18.700000762939453,18.700000762939453,18.700000762939453,438,0.0,0.0
2024-08-09 12:25:00-04:00,18.729999542236328,18.729999542236328,18.729999542236328,18.729999542236328,738,0.0,0.0
2024-08-09 12:30:00-04:00,18.75,18.75,18.739999771118164,18.75,675,0.0,0.0
2024-08-09 12:40:00-04:00,18.75,18.829999923706055,18.75,18.829999923706055,2584,0.0,0.0
2024-08-09 12:50:00-04:00,18.790000915527344,18.790000915527344,18.75,18.780000686645508,1045,0.0,0.0
2024-08-09 12:55:00-04:00,18.760000228881836,18.799999237060547,18.760000228881836,18.799999237060547,408,0.0,0.0
2024-08-09 13:00:00-04:00,18.815000534057617,18.815000534057617,18.815000534057617,18.815000534057617,232,0.0,0.0
2024-08-09 13:10:00-04:00,18.81999969482422,18.8799991607666,18.790000915527344,18.8799991607666,2780,0.0,0.0
2024-08-09 13:15:00-04:00,18.899999618530273,18.899999618530273,18.899999618530273,18.899999618530273,261,0.0,0.0
2024-08-09 13:20:00-04:00,18.905000686645508,18.905000686645508,18.905000686645508,18.905000686645508,409,0.0,0.0
2024-08-09 13:25:00-04:00,18.913000106811523,18.913000106811523,18.913000106811523,18.913000106811523,755,0.0,0.0
2024-08-09 13:30:00-04:00,18.920000076293945,18.920000076293945,18.920000076293945,18.920000076293945,101,0.0,0.0
2024-08-09 13:35:00-04:00,18.920000076293945,18.920000076293945,18.920000076293945,18.920000076293945,1560,0.0,0.0
2024-08-09 13:40:00-04:00,18.895000457763672,18.899999618530273,18.889999389648438,18.889999389648438,2181,0.0,0.0
2024-08-09 13:50:00-04:00,18.809999465942383,18.829999923706055,18.809999465942383,18.829999923706055,969,0.0,0.0
2024-08-09 13:55:00-04:00,18.790000915527344,18.790000915527344,18.790000915527344,18.790000915527344,342,0.0,0.0
2024-08-09 14:00:00-04:00,18.84000015258789,18.864999771118164,18.84000015258789,18.864999771118164,815,0.0,0.0
2024-08-09 14:05:00-04:00,18.920000076293945,18.920000076293945,18.920000076293945,18.920000076293945,219,0.0,0.0
2024-08-09 14:10:00-04:00,18.889999389648438,18.889999389648438,18.889999389648438,18.889999389648438,625,0.0,0.0
2024-08-09 14:15:00-04:00,18.902599334716797,18.902599334716797,18.889999389648438,18.889999389648438,666,0.0,0.0
2024-08-09 14:25:00-04:00,18.8700008392334,18.90999984741211,18.8700008392334,18.90999984741211,820,0.0,0.0
2024-08-09 14:30:00-04:00,18.899999618530273,18.899999618530273,18.899999618530273,18.899999618530273,509,0.0,0.0
2024-08-09 14:35:00-04:00,18.889999389648438,18.889999389648438,18.8700008392334,18.8700008392334,1926,0.0,0.0
2024-08-09 14:40:00-04:00,18.875,18.875,18.875,18.875,325,0.0,0.0
2024-08-09 14:45:00-04:00,18.889999389648438,18.899999618530273,18.889999389648438,18.889999389648438,1380,0.0,0.0
2024-08-09 14:50:00-04:00,18.899999618530273,18.985000610351562,18.899999618530273,18.915000915527344,4597,0.0,0.0
2024-08-09 15:00:00-04:00,18.93000030517578,18.93000030517578,18.93000030517578,18.93000030517578,200,0.0,0.0
2024-08-09 15:05:00-04:00,18.920000076293945,18.93000030517578,18.920000076293945,18.93000030517578,1038,0.0,0.0
2024-08-09 15:10:00-04:00,18.93000030517578,18.93000030517578,18.899999618530273,18.899999618530273,1842,0.0,0.0
2024-08-09 15:15:00-04:00,18.90999984741211,18.91080093383789,18.90999984741211,18.91080093383789,1207,0.0,0.0
2024-08-09 15:20:00-04:00,18.8799991607666,18.899999618530273,18.8799991607666,18.899999618530273,2310,0.0,0.0
2024-08-09 15:25:00-04:00,18.895000457763672,18.895000457763672,18.8799991607666,18.889999389648438,3260,0.0,0.0
2024-08-09 15:30:00-04:00,18.895000457763672,18.899999618530273,18.889999389648438,18.889999389648438,2910,0.0,0.0
2024-08-09 15:35:00-04:00,18.899999618530273,18.924999237060547,18.889999389648438,18.889999389648438,3367,0.0,0.0
2024-08-09 15:40:00-04:00,18.889999389648438,18.895000457763672,18.8799991607666,18.8799991607666,1309,0.0,0.0
2024-08-09 15:45:00-04:00,18.889999389648438,18.889999389648438,18.8799991607666,18.8799991607666,1211,0.0,0.0
2024-08-09 15:50:00-04:00,18.899999618530273,18.90999984741211,18.8799991607666,18.90999984741211,8867,0.0,0.0
2024-08-09 15:55:00-04:00,18.90999984741211,19.0,18.899999618530273,18.969999313354492,22145,0.0,0.0
2024-08-12 09:30:00-04:00,19.1200008392334,19.34000015258789,19.0,19.06999969482422,12084,0.0,0.0
2024-08-12 09:35:00-04:00,18.975000381469727,19.190000534057617,18.850000381469727,18.850000381469727,2614,0.0,0.0
2024-08-12 09:45:00-04:00,18.75,18.75,18.7450008392334,18.7450008392334,607,0.0,0.0
2024-08-12 09:50:00-04:00,18.75,18.75,18.6299991607666,18.6299991607666,4123,0.0,0.0
2024-08-12 10:00:00-04:00,18.764999389648438,18.809999465942383,18.65999984741211,18.809999465942383,1833,0.0,0.0
2024-08-12 10:15:00-04:00,18.690000534057617,18.690000534057617,18.600000381469727,18.600000381469727,911,0.0,0.0
2024-08-12 10:20:00-04:00,18.55030059814453,18.59000015258789,18.55030059814453,18.59000015258789,1569,0.0,0.0
2024-08-12 10:25:00-04:00,18.610000610351562,18.610000610351562,18.610000610351562,18.610000610351562,433,0.0,0.0
2024-08-12 10:30:00-04:00,18.597000122070312,18.597000122070312,18.575000762939453,18.575000762939453,436,0.0,0.0
2024-08-12 10:35:00-04:00,18.594999313354492,18.604999542236328,18.565000534057617,18.565000534057617,800,0.0,0.0
2024-08-12 10:40:00-04:00,18.56209945678711,18.60300064086914,18.540000915527344,18.540000915527344,1798,0.0,0.0
2024-08-12 10:45:00-04:00,18.59000015258789,18.59000015258789,18.514999389648438,18.514999389648438,1108,0.0,0.0
2024-08-12 10:50:00-04:00,18.559999465942383,18.559999465942383,18.559999465942383,18.559999465942383,455,0.0,0.0
2024-08-12 11:00:00-04:00,18.415000915527344,18.424999237060547,18.415000915527344,18.424999237060547,341,0.0,0.0
2024-08-12 11:05:00-04:00,18.434999465942383,18.434999465942383,18.38629913330078,18.38629913330078,995,0.0,0.0
2024-08-12 11:10:00-04:00,18.469100952148438,18.469100952148438,18.43000030517578,18.43000030517578,2015,0.0,0.0
2024-08-12 11:25:00-04:00,18.329999923706055,18.3700008392334,18.329999923706055,18.3700008392334,320,0.0,0.0
2024-08-12 11:30:00-04:00,18.3700008392334,18.3700008392334,18.31999969482422,18.31999969482422,1581,0.0,0.0
2024-08-12 11:40:00-04:00,18.299999237060547,18.299999237060547,18.25,18.25,1410,0.0,0.0
2024-08-12 11:45:00-04:00,18.270000457763672,18.299999237060547,18.270000457763672,18.28499984741211,1379,0.0,0.0
2024-08-12 11:50:00-04:00,18.30500030517578,18.30500030517578,18.30500030517578,18.30500030517578,211,0.0,0.0
2024-08-12 11:55:00-04:00,18.299999237060547,18.344999313354492,18.299999237060547,18.344999313354492,1004,0.0,0.0
2024-08-12 12:05:00-04:00,18.299999237060547,18.329999923706055,18.290000915527344,18.31999969482422,2439,0.0,0.0
2024-08-12 12:10:00-04:00,18.31999969482422,18.329999923706055,18.31999969482422,18.329999923706055,381,0.0,0.0
2024-08-12 12:15:00-04:00,18.290000915527344,18.34000015258789,18.290000915527344,18.34000015258789,1241,0.0,0.0
2024-08-12 12:20:00-04:00,18.3799991607666,18.389999389648438,18.34000015258789,18.375,885,0.0,0.0
2024-08-12 12:25:00-04:00,18.34000015258789,18.34000015258789,18.34000015258789,18.34000015258789,388,0.0,0.0
2024-08-12 12:35:00-04:00,18.38990020751953,18.38990020751953,18.3799991607666,18.3799991607666,1220,0.0,0.0
2024-08-12 12:40:00-04:00,18.389999389648438,18.389999389648438,18.389999389648438,18.389999389648438,209,0.0,0.0
2024-08-12 12:45:00-04:00,18.389999389648438,18.389999389648438,18.389999389648438,18.389999389648438,765,0.0,0.0
2024-08-12 12:50:00-04:00,18.3700008392334,18.3700008392334,18.3700008392334,18.3700008392334,363,0.0,0.0
2024-08-12 12:55:00-04:00,18.350000381469727,18.360000610351562,18.350000381469727,18.360000610351562,976,0.0,0.0
2024-08-12 13:00:00-04:00,18.350000381469727,18.354999542236328,18.350000381469727,18.354999542236328,541,0.0,0.0
2024-08-12 13:05:00-04:00,18.354999542236328,18.354999542236328,18.34000015258789,18.34000015258789,712,0.0,0.0
2024-08-12 13:10:00-04:00,18.31999969482422,18.31999969482422,18.309999465942383,18.309999465942383,458,0.0,0.0
2024-08-12 13:15:00-04:00,18.329999923706055,18.3799991607666,18.329999923706055,18.3799991607666,1837,0.0,0.0
2024-08-12 13:20:00-04:00,18.405000686645508,18.440000534057617,18.389999389648438,18.440000534057617,1532,0.0,0.0
2024-08-12 13:25:00-04:00,18.422300338745117,18.43000030517578,18.422300338745117,18.43000030517578,380,0.0,0.0
2024-08-12 13:35:00-04:00,18.434999465942383,18.434999465942383,18.434999465942383,18.434999465942383,459,0.0,0.0
2024-08-12 13:40:00-04:00,18.450000762939453,18.454999923706055,18.450000762939453,18.454999923706055,1012,0.0,0.0
2024-08-12 13:50:00-04:00,18.420000076293945,18.420000076293945,18.420000076293945,18.420000076293945,232,0.0,0.0
2024-08-12 13:55:00-04:00,18.469999313354492,18.469999313354492,18.40999984741211,18.40999984741211,440,0.0,0.0
2024-08-12 14:00:00-04:00,18.450000762939453,18.450000762939453,18.450000762939453,18.450000762939453,547,0.0,0.0
2024-08-12 14:05:00-04:00,18.469100952148438,18.469100952148438,18.469100952148438,18.469100952148438,1333,0.0,0.0
2024-08-12 14:10:00-04:00,18.450000762939453,18.450000762939453,18.450000762939453,18.450000762939453,1243,0.0,0.0
2024-08-12 14:25:00-04:00,18.46500015258789,18.46500015258789,18.46500015258789,18.46500015258789,287,0.0,0.0
2024-08-12 14:35:00-04:00,18.440000534057617,18.440000534057617,18.43000030517578,18.43000030517578,480,0.0,0.0
2024-08-12 14:40:00-04:00,18.44499969482422,18.59000015258789,18.440000534057617,18.540000915527344,5599,0.0,0.0
2024-08-12 14:45:00-04:00,18.604999542236328,18.65999984741211,18.604999542236328,18.65999984741211,20280,0.0,0.0
2024-08-12 14:50:00-04:00,18.649999618530273,18.709999084472656,18.649999618530273,18.65999984741211,784,0.0,0.0
2024-08-12 14:55:00-04:00,18.709999084472656,18.81999969482422,18.709999084472656,18.81999969482422,2650,0.0,0.0
2024-08-12 15:00:00-04:00,18.84000015258789,18.84000015258789,18.84000015258789,18.84000015258789,354,0.0,0.0
2024-08-12 15:05:00-04:00,18.81999969482422,18.81999969482422,18.770000457763672,18.795000076293945,1772,0.0,0.0
2024-08-12 15:10:00-04:00,18.829999923706055,18.860000610351562,18.829999923706055,18.850000381469727,1367,0.0,0.0
2024-08-12 15:15:00-04:00,18.847000122070312,18.847000122070312,18.833999633789062,18.84000015258789,626,0.0,0.0
2024-08-12 15:20:00-04:00,18.844999313354492,18.844999313354492,18.790000915527344,18.790000915527344,3749,0.0,0.0
2024-08-12 15:25:00-04:00,18.795000076293945,18.815000534057617,18.795000076293945,18.815000534057617,746,0.0,0.0
2024-08-12 15:30:00-04:00,18.809999465942383,18.809999465942383,18.790000915527344,18.80500030517578,1150,0.0,0.0
2024-08-12 15:35:00-04:00,18.780000686645508,18.780000686645508,18.780000686645508,18.780000686645508,3123,0.0,0.0
2024-08-12 15:40:00-04:00,18.739999771118164,18.739999771118164,18.739999771118164,18.739999771118164,472,0.0,0.0
2024-08-12 15:45:00-04:00,18.75,18.829999923706055,18.75,18.790000915527344,4714,0.0,0.0
2024-08-12 15:50:00-04:00,18.780000686645508,18.809999465942383,18.729999542236328,18.75,5078,0.0,0.0
2024-08-12 15:55:00-04:00,18.790000915527344,18.829999923706055,18.770000457763672,18.799999237060547,18143,0.0,0.0
2024-08-13 09:30:00-04:00,18.979999542236328,19.1200008392334,18.979999542236328,19.1200008392334,1932,0.0,0.0
2024-08-13 09:40:00-04:00,19.014999389648438,19.149999618530273,19.014999389648438,19.014999389648438,891,0.0,0.0
2024-08-13 09:45:00-04:00,19.149999618530273,19.149999618530273,19.149999618530273,19.149999618530273,371,0.0,0.0
2024-08-13 09:50:00-04:00,19.020000457763672,19.020000457763672,19.020000457763672,19.020000457763672,118,0.0,0.0
2024-08-13 09:55:00-04:00,19.020000457763672,19.020000457763672,19.020000457763672,19.020000457763672,562,0.0,0.0
2024-08-13 10:00:00-04:00,19.0,19.0,18.899999618530273,19.0,8352,0.0,0.0
2024-08-13 10:05:00-04:00,19.0,19.0,18.770000457763672,18.770000457763672,7514,0.0,0.0
2024-08-13 10:10:00-04:00,18.799999237060547,18.854999542236328,18.799999237060547,18.834999084472656,1461,0.0,0.0
2024-08-13 10:15:00-04:00,18.65999984741211,18.7450008392334,18.65999984741211,18.729999542236328,1324,0.0,0.0
2024-08-13 10:20:00-04:00,18.719999313354492,18.719999313354492,18.68000030517578,18.68000030517578,317,0.0,0.0
2024-08-13 10:25:00-04:00,18.725000381469727,18.725000381469727,18.684999465942383,18.684999465942383,881,0.0,0.0
2024-08-13 10:30:00-04:00,18.690000534057617,18.69499969482422,18.645000457763672,18.69499969482422,1903,0.0,0.0
2024-08-13 10:35:00-04:00,18.69499969482422,18.69499969482422,18.69499969482422,18.69499969482422,112,0.0,0.0
2024-08-13 10:40:00-04:00,18.709999084472656,18.719999313354492,18.70840072631836,18.719999313354492,1318,0.0,0.0
2024-08-13 10:45:00-04:00,18.729999542236328,18.729999542236328,18.729999542236328,18.729999542236328,138,0.0,0.0
2024-08-13 10:55:00-04:00,18.729999542236328,18.729999542236328,18.68090057373047,18.68090057373047,962,0.0,0.0
2024-08-13 11:00:00-04:00,18.68000030517578,18.68000030517578,18.645000457763672,18.645000457763672,297,0.0,0.0
2024-08-13 11:05:00-04:00,18.670000076293945,18.670000076293945,18.639999389648438,18.639999389648438,1007,0.0,0.0
2024-08-13 11:10:00-04:00,18.6200008392334,18.6200008392334,18.6200008392334,18.6200008392334,305,0.0,0.0
2024-08-13 11:20:00-04:00,18.68000030517578,18.739999771118164,18.670000076293945,18.68000030517578,4081,0.0,0.0
2024-08-13 11:30:00-04:00,18.719999313354492,18.719999313354492,18.719999313354492,18.719999313354492,315,0.0,0.0
2024-08-13 11:35:00-04:00,18.684999465942383,18.719999313354492,18.684999465942383,18.719999313354492,1234,0.0,0.0
2024-08-13 11:40:00-04:00,18.719999313354492,18.725000381469727,18.719999313354492,18.725000381469727,322,0.0,0.0
2024-08-13 11:45:00-04:00,18.725000381469727,18.74250030517578,18.725000381469727,18.725000381469727,827,0.0,0.0
2024-08-13 11:50:00-04:00,18.725000381469727,18.75,18.719999313354492,18.75,1451,0.0,0.0
2024-08-13 12:00:00-04:00,18.709999084472656,18.795000076293945,18.709999084472656,18.795000076293945,5439,0.0,0.0
2024-08-13 12:05:00-04:00,18.844999313354492,18.860000610351562,18.844999313354492,18.860000610351562,321,0.0,0.0
2024-08-13 12:10:00-04:00,18.860000610351562,18.8700008392334,18.860000610351562,18.8700008392334,1036,0.0,0.0
2024-08-13 12:15:00-04:00,18.875,18.875,18.84000015258789,18.84000015258789,830,0.0,0.0
2024-08-13 12:20:00-04:00,18.829999923706055,18.854999542236328,18.829999923706055,18.854999542236328,335,0.0,0.0
2024-08-13 12:25:00-04:00,18.829999923706055,18.829999923706055,18.829999923706055,18.829999923706055,238,0.0,0.0
2024-08-13 12:30:00-04:00,18.809999465942383,18.834999084472656,18.809999465942383,18.834999084472656,768,0.0,0.0
2024-08-13 12:35:00-04:00,18.809999465942383,18.895000457763672,18.809999465942383,18.889999389648438,2686,0.0,0.0
2024-08-13 12:40:00-04:00,18.905000686645508,18.905000686645508,18.905000686645508,18.905000686645508,428,0.0,0.0
2024-08-13 12:50:00-04:00,18.90999984741211,18.940000534057617,18.8799991607666,18.8799991607666,1621,0.0,0.0
2024-08-13 13:00:00-04:00,18.885000228881836,18.899999618530273,18.8799991607666,18.8799991607666,431,0.0,0.0
2024-08-13 13:05:00-04:00,18.924999237060547,18.924999237060547,18.924999237060547,18.924999237060547,199,0.0,0.0
2024-08-13 13:10:00-04:00,18.889999389648438,18.889999389648438,18.889999389648438,18.889999389648438,738,0.0,0.0
2024-08-13 13:15:00-04:00,18.881999969482422,18.881999969482422,18.881999969482422,18.881999969482422,167,0.0,0.0
2024-08-13 13:20:00-04:00,18.881000518798828,18.881000518798828,18.84000015258789,18.8700008392334,1312,0.0,0.0
2024-08-13 13:25:00-04:00,18.850000381469727,18.850000381469727,18.809999465942383,18.809999465942383,708,0.0,0.0
2024-08-13 13:30:00-04:00,18.799999237060547,18.799999237060547,18.72010040283203,18.760000228881836,2481,0.0,0.0
2024-08-13 13:35:00-04:00,18.764999389648438,18.790000915527344,18.740100860595703,18.790000915527344,1450,0.0,0.0
2024-08-13 13:45:00-04:00,18.809999465942383,18.809999465942383,18.809999465942383,18.809999465942383,3917,0.0,0.0
2024-08-13 13:50:00-04:00,18.825000762939453,18.834999084472656,18.800100326538086,18.800100326538086,1391,0.0,0.0
2024-08-13 13:55:00-04:00,18.834999084472656,18.834999084472656,18.80500030517578,18.829999923706055,818,0.0,0.0
2024-08-13 14:00:00-04:00,18.844999313354492,18.90999984741211,18.844999313354492,18.8799991607666,3200,0.0,0.0
2024-08-13 14:05:00-04:00,18.86479949951172,18.875,18.81999969482422,18.820600509643555,8478,0.0,0.0
2024-08-13 14:10:00-04:00,18.81999969482422,18.829999923706055,18.809999465942383,18.829999923706055,647,0.0,0.0
2024-08-13 14:15:00-04:00,18.825000762939453,18.825000762939453,18.825000762939453,18.825000762939453,719,0.0,0.0
2024-08-13 14:20:00-04:00,18.860000610351562,18.860000610351562,18.79199981689453,18.79199981689453,511,0.0,0.0
2024-08-13 14:25:00-04:00,18.829999923706055,18.860000610351562,18.829999923706055,18.860000610351562,1103,0.0,0.0
2024-08-13 14:30:00-04:00,18.84000015258789,18.8700008392334,18.84000015258789,18.8700008392334,1724,0.0,0.0
2024-08-13 14:35:00-04:00,18.860000610351562,18.8799991607666,18.860000610351562,18.860000610351562,1830,0.0,0.0
2024-08-13 14:40:00-04:00,18.875,18.875,18.875,18.875,471,0.0,0.0
2024-08-13 14:45:00-04:00,18.875,18.875,18.87070083618164,18.875,1372,0.0,0.0
2024-08-13 14:50:00-04:00,18.8799991607666,18.8799991607666,18.875,18.875,850,0.0,0.0
2024-08-13 14:55:00-04:00,18.875,18.875,18.875,18.875,2283,0.0,0.0
2024-08-13 15:00:00-04:00,18.90999984741211,18.940000534057617,18.8799991607666,18.924999237060547,2599,0.0,0.0
2024-08-13 15:05:00-04:00,18.90999984741211,18.91990089416504,18.90999984741211,18.91990089416504,2984,0.0,0.0
2024-08-13 15:10:00-04:00,18.892499923706055,18.892499923706055,18.8700008392334,18.885000228881836,1190,0.0,0.0
2024-08-13 15:15:00-04:00,18.8700008392334,18.8700008392334,18.860000610351562,18.860000610351562,1628,0.0,0.0
2024-08-13 15:20:00-04:00,18.860000610351562,18.860000610351562,18.854999542236328,18.854999542236328,773,0.0,0.0
2024-08-13 15:25:00-04:00,18.860000610351562,18.8700008392334,18.860000610351562,18.860000610351562,2376,0.0,0.0
2024-08-13 15:30:00-04:00,18.860000610351562,18.924999237060547,18.860000610351562,18.920000076293945,3814,0.0,0.0
2024-08-13 15:35:00-04:00,18.90999984741211,18.90999984741211,18.905000686645508,18.905000686645508,1131,0.0,0.0
2024-08-13 15:40:00-04:00,18.905000686645508,18.90999984741211,18.891000747680664,18.90999984741211,1221,0.0,0.0
2024-08-13 15:45:00-04:00,18.90999984741211,19.0,18.90999984741211,19.0,11109,0.0,0.0
2024-08-13 15:50:00-04:00,18.985000610351562,19.010000228881836,18.93000030517578,18.975000381469727,8807,0.0,0.0
2024-08-13 15:55:00-04:00,19.0,19.030000686645508,18.969999313354492,19.020000457763672,11803,0.0,0.0
2024-08-14 09:30:00-04:00,19.020000457763672,19.020000457763672,19.020000457763672,19.020000457763672,1082,0.0,0.0
2024-08-14 09:35:00-04:00,19.139999389648438,19.149999618530273,19.1299991607666,19.149999618530273,1885,0.0,0.0
2024-08-14 09:40:00-04:00,19.020000457763672,19.020000457763672,19.020000457763672,19.020000457763672,215,0.0,0.0
2024-08-14 09:45:00-04:00,19.072500228881836,19.072500228881836,19.049999237060547,19.049999237060547,2427,0.0,0.0
2024-08-14 09:50:00-04:00,19.059999465942383,19.059999465942383,19.040000915527344,19.040000915527344,818,0.0,0.0
2024-08-14 09:55:00-04:00,18.979999542236328,18.979999542236328,18.979999542236328,18.979999542236328,457,0.0,0.0
2024-08-14 10:05:00-04:00,18.90999984741211,19.010000228881836,18.90999984741211,19.0,2011,0.0,0.0
2024-08-14 10:10:00-04:00,18.96500015258789,19.030000686645508,18.950000762939453,18.950000762939453,635,0.0,0.0
2024-08-14 10:15:00-04:00,19.030000686645508,19.059999465942383,19.030000686645508,19.059999465942383,465,0.0,0.0
2024-08-14 10:20:00-04:00,19.049999237060547,19.1299991607666,19.020000457763672,19.1299991607666,581,0.0,0.0
2024-08-14 10:25:00-04:00,19.1299991607666,19.1299991607666,19.09000015258789,19.09000015258789,137,0.0,0.0
2024-08-14 10:30:00-04:00,19.115999221801758,19.115999221801758,19.100000381469727,19.100000381469727,1023,0.0,0.0
2024-08-14 10:40:00-04:00,18.989999771118164,18.989999771118164,18.989999771118164,18.989999771118164,303,0.0,0.0
2024-08-14 10:45:00-04:00,18.90999984741211,18.90999984741211,18.90999984741211,18.90999984741211,338,0.0,0.0
2024-08-14 10:50:00-04:00,18.84000015258789,18.885000228881836,18.81999969482422,18.81999969482422,777,0.0,0.0
2024-08-14 11:00:00-04:00,18.795499801635742,18.795499801635742,18.795499801635742,18.795499801635742,732,0.0,0.0
2024-08-14 11:20:00-04:00,18.790000915527344,18.790000915527344,18.780000686645508,18.790000915527344,896,0.0,0.0
2024-08-14 11:30:00-04:00,18.829999923706055,18.860000610351562,18.829999923706055,18.860000610351562,1540,0.0,0.0
2024-08-14 12:05:00-04:00,18.899999618530273,18.899999618530273,18.899999618530273,18.899999618530273,481,0.0,0.0
2024-08-14 12:15:00-04:00,18.850000381469727,18.850000381469727,18.81999969482422,18.834999084472656,1644,0.0,0.0
2024-08-14 12:20:00-04:00,18.770000457763672,18.770000457763672,18.700000762939453,18.700000762939453,1636,0.0,0.0
2024-08-14 12:25:00-04:00,18.760000228881836,18.760000228881836,18.735000610351562,18.735000610351562,487,0.0,0.0
2024-08-14 12:30:00-04:00,18.735000610351562,18.735000610351562,18.70009994506836,18.70009994506836,1246,0.0,0.0
2024-08-14 12:40:00-04:00,18.729999542236328,18.729999542236328,18.729999542236328,18.729999542236328,748,0.0,0.0
2024-08-14 12:45:00-04:00,18.600000381469727,18.649999618530273,18.600000381469727,18.645000457763672,519,0.0,0.0
2024-08-14 12:50:00-04:00,18.6200008392334,18.6200008392334,18.610000610351562,18.610000610351562,1110,0.0,0.0
2024-08-14 12:55:00-04:00,18.670000076293945,18.670000076293945,18.670000076293945,18.670000076293945,433,0.0,0.0
2024-08-14 13:00:00-04:00,18.690000534057617,18.690000534057617,18.649999618530273,18.649999618530273,1181,0.0,0.0
2024-08-14 13:05:00-04:00,18.65999984741211,18.690000534057617,18.65999984741211,18.68000030517578,2475,0.0,0.0
2024-08-14 13:10:00-04:00,18.709999084472656,18.709999084472656,18.709999084472656,18.709999084472656,239,0.0,0.0
2024-08-14 13:15:00-04:00,18.709999084472656,18.709999084472656,18.709999084472656,18.709999084472656,271,0.0,0.0
2024-08-14 13:20:00-04:00,18.719999313354492,18.719999313354492,18.704999923706055,18.704999923706055,382,0.0,0.0
2024-08-14 13:25:00-04:00,18.704999923706055,18.704999923706055,18.670000076293945,18.670000076293945,1237,0.0,0.0
2024-08-14 13:35:00-04:00,18.68000030517578,18.68000030517578,18.610000610351562,18.610000610351562,4634,0.0,0.0
2024-08-14 13:45:00-04:00,18.645000457763672,18.645000457763672,18.645000457763672,18.645000457763672,360,0.0,0.0
2024-08-14 13:50:00-04:00,18.65999984741211,18.700000762939453,18.65999984741211,18.700000762939453,829,0.0,0.0
2024-08-14 13:55:00-04:00,18.735000610351562,18.735000610351562,18.735000610351562,18.735000610351562,751,0.0,0.0
2024-08-14 14:00:00-04:00,18.690000534057617,18.707000732421875,18.68000030517578,18.707000732421875,1266,0.0,0.0
2024-08-14 14:05:00-04:00,18.670000076293945,18.670000076293945,18.670000076293945,18.670000076293945,0,0.0,0.0
2024-08-14 14:10:00-04:00,18.709999084472656,18.709999084472656,18.649999618530273,18.649999618530273,1483,0.0,0.0
2024-08-14 14:15:00-04:00,18.6299991607666,18.6299991607666,18.600000381469727,18.600000381469727,1329,0.0,0.0
2024-08-14 14:20:00-04:00,18.59000015258789,18.59000015258789,18.59000015258789,18.59000015258789,526,0.0,0.0
2024-08-14 14:25:00-04:00,18.600000381469727,18.6299991607666,18.590099334716797,18.610000610351562,1317,0.0,0.0
2024-08-14 14:35:00-04:00,18.649999618530273,18.649999618530273,18.649999618530273,18.649999618530273,489,0.0,0.0
2024-08-14 14:40:00-04:00,18.649999618530273,18.649999618530273,18.579999923706055,18.639999389648438,9189,0.0,0.0
2024-08-14 14:45:00-04:00,18.645000457763672,18.645000457763672,18.645000457763672,18.645000457763672,660,0.0,0.0
2024-08-14 14:55:00-04:00,18.649999618530273,18.649999618530273,18.649999618530273,18.649999618530273,368,0.0,0.0
2024-08-14 15:00:00-04:00,18.6299991607666,18.63960075378418,18.59000015258789,18.59000015258789,1984,0.0,0.0
2024-08-14 15:05:00-04:00,18.625999450683594,18.649900436401367,18.600000381469727,18.600000381469727,802,0.0,0.0
2024-08-14 15:10:00-04:00,18.59000015258789,18.59000015258789,18.56999969482422,18.56999969482422,1110,0.0,0.0
2024-08-14 15:15:00-04:00,18.594999313354492,18.594999313354492,18.559999465942383,18.559999465942383,1248,0.0,0.0
2024-08-14 15:25:00-04:00,18.56999969482422,18.579999923706055,18.559999465942383,18.579999923706055,2240,0.0,0.0
2024-08-14 15:35:00-04:00,18.579999923706055,18.579999923706055,18.559999465942383,18.56999969482422,1134,0.0,0.0
2024-08-14 15:40:00-04:00,18.551000595092773,18.59000015258789,18.549999237060547,18.59000015258789,1739,0.0,0.0
2024-08-14 15:45:00-04:00,18.584999084472656,18.584999084472656,18.559999465942383,18.579999923706055,1243,0.0,0.0
2024-08-14 15:50:00-04:00,18.575000762939453,18.575000762939453,18.530000686645508,18.549999237060547,2540,0.0,0.0
2024-08-14 15:55:00-04:00,18.565000534057617,18.565000534057617,18.510000228881836,18.540000915527344,11250,0.0,0.0
2024-08-15 09:30:00-04:00,19.200000762939453,19.200000762939453,19.200000762939453,19.200000762939453,1350,0.0,0.0
2024-08-15 09:35:00-04:00,19.09000015258789,19.360000610351562,19.09000015258789,19.360000610351562,1156,0.0,0.0
2024-08-15 09:45:00-04:00,19.010000228881836,19.010000228881836,19.010000228881836,19.010000228881836,454,0.0,0.0
2024-08-15 09:50:00-04:00,19.0,19.049999237060547,18.90999984741211,18.934999465942383,3800,0.0,0.0
2024-08-15 10:00:00-04:00,19.030000686645508,19.030000686645508,19.010000228881836,19.010000228881836,1873,0.0,0.0
2024-08-15 10:05:00-04:00,18.93000030517578,18.940000534057617,18.93000030517578,18.940000534057617,471,0.0,0.0
2024-08-15 10:10:00-04:00,18.940000534057617,18.940000534057617,18.940000534057617,18.940000534057617,894,0.0,0.0
2024-08-15 10:15:00-04:00,18.899999618530273,18.899999618530273,18.860000610351562,18.860000610351562,1220,0.0,0.0
2024-08-15 10:20:00-04:00,18.825000762939453,18.829999923706055,18.790000915527344,18.795000076293945,3008,0.0,0.0
2024-08-15 10:25:00-04:00,18.795000076293945,18.854999542236328,18.795000076293945,18.854999542236328,1231,0.0,0.0
2024-08-15 10:30:00-04:00,18.860000610351562,18.860000610351562,18.860000610351562,18.860000610351562,435,0.0,0.0
2024-08-15 10:35:00-04:00,18.860000610351562,18.90920066833496,18.860000610351562,18.90920066833496,1474,0.0,0.0
2024-08-15 10:40:00-04:00,18.829999923706055,18.829999923706055,18.829999923706055,18.829999923706055,736,0.0,0.0
2024-08-15 10:45:00-04:00,18.799999237060547,18.799999237060547,18.799999237060547,18.799999237060547,440,0.0,0.0
2024-08-15 10:50:00-04:00,18.844999313354492,18.875,18.844999313354492,18.875,331,0.0,0.0
2024-08-15 10:55:00-04:00,18.850000381469727,18.8799991607666,18.84000015258789,18.8799991607666,1658,0.0,0.0
2024-08-15 11:00:00-04:00,18.905000686645508,19.040000915527344,18.905000686645508,19.024999618530273,14898,0.0,0.0
2024-08-15 11:05:00-04:00,19.059999465942383,19.059999465942383,18.940000534057617,18.940000534057617,2562,0.0,0.0
2024-08-15 11:15:00-04:00,19.014999389648438,19.014999389648438,19.014999389648438,19.014999389648438,378,0.0,0.0
2024-08-15 11:25:00-04:00,19.020099639892578,19.020099639892578,18.950000762939453,18.950000762939453,626,0.0,0.0
2024-08-15 11:30:00-04:00,18.954999923706055,18.954999923706055,18.90999984741211,18.90999984741211,1050,0.0,0.0
2024-08-15 11:35:00-04:00,18.93000030517578,18.93000030517578,18.8799991607666,18.8799991607666,4526,0.0,0.0
2024-08-15 11:40:00-04:00,18.8799991607666,18.90999984741211,18.8799991607666,18.90999984741211,6998,0.0,0.0
2024-08-15 11:45:00-04:00,18.8799991607666,18.96500015258789,18.84000015258789,18.94499969482422,13916,0.0,0.0
2024-08-15 11:50:00-04:00,18.94499969482422,18.94499969482422,18.90999984741211,18.93000030517578,1640,0.0,0.0
2024-08-15 11:55:00-04:00,18.93000030517578,19.024999618530273,18.93000030517578,18.950000762939453,27416,0.0,0.0
2024-08-15 12:00:00-04:00,18.950000762939453,19.020000457763672,18.93000030517578,19.0,4829,0.0,0.0
2024-08-15 12:05:00-04:00,19.0,19.049999237060547,18.98200035095215,19.049999237060547,12215,0.0,0.0
2024-08-15 12:10:00-04:00,19.09000015258789,19.09000015258789,19.09000015258789,19.09000015258789,706,0.0,0.0
2024-08-15 12:15:00-04:00,19.09000015258789,19.114999771118164,19.040000915527344,19.114999771118164,1910,0.0,0.0
2024-08-15 12:20:00-04:00,19.09000015258789,19.09000015258789,19.09000015258789,19.09000015258789,562,0.0,0.0
2024-08-15 12:30:00-04:00,19.049999237060547,19.100000381469727,19.040000915527344,19.094999313354492,1381,0.0,0.0
2024-08-15 12:35:00-04:00,19.110000610351562,19.110000610351562,19.110000610351562,19.110000610351562,1813,0.0,0.0
2024-08-15 12:45:00-04:00,19.06999969482422,19.09000015258789,19.06999969482422,19.09000015258789,447,0.0,0.0
2024-08-15 12:50:00-04:00,19.020000457763672,19.020000457763672,19.020000457763672,19.020000457763672,515,0.0,0.0
2024-08-15 12:55:00-04:00,19.0,19.0,19.0,19.0,137,0.0,0.0
2024-08-15 13:00:00-04:00,18.979999542236328,19.0,18.93000030517578,19.0,1547,0.0,0.0
2024-08-15 13:05:00-04:00,19.024999618530273,19.059999465942383,19.024999618530273,19.059999465942383,2578,0.0,0.0
2024-08-15 13:10:00-04:00,19.059999465942383,19.079999923706055,19.059999465942383,19.079999923706055,721,0.0,0.0
2024-08-15 13:15:00-04:00,19.079999923706055,19.079999923706055,19.079999923706055,19.079999923706055,322,0.0,0.0
2024-08-15 13:20:00-04:00,19.100000381469727,19.100000381469727,19.059999465942383,19.084999084472656,997,0.0,0.0
2024-08-15 13:25:00-04:00,19.100000381469727,19.100000381469727,19.100000381469727,19.100000381469727,321,0.0,0.0
2024-08-15 13:30:00-04:00,19.100000381469727,19.100000381469727,19.100000381469727,19.100000381469727,334,0.0,0.0
2024-08-15 13:35:00-04:00,19.100000381469727,19.100000381469727,19.040000915527344,19.040000915527344,2053,0.0,0.0
2024-08-15 13:50:00-04:00,19.100000381469727,19.100000381469727,19.100000381469727,19.100000381469727,304,0.0,0.0
2024-08-15 13:55:00-04:00,19.040000915527344,19.040000915527344,19.030000686645508,19.030000686645508,599,0.0,0.0
2024-08-15 14:00:00-04:00,19.059999465942383,19.079999923706055,19.059999465942383,19.0757999420166,2963,0.0,0.0
2024-08-15 14:10:00-04:00,19.030000686645508,19.030000686645508,18.975000381469727,18.975000381469727,1344,0.0,0.0
2024-08-15 14:15:00-04:00,18.9950008392334,18.9950008392334,18.985000610351562,18.989999771118164,2017,0.0,0.0
2024-08-15 14:30:00-04:00,18.987899780273438,18.989999771118164,18.975000381469727,18.989999771118164,2311,0.0,0.0
2024-08-15 14:35:00-04:00,19.020000457763672,19.020000457763672,19.0,19.0,3786,0.0,0.0
2024-08-15 14:40:00-04:00,19.049999237060547,19.049999237060547,19.049999237060547,19.049999237060547,2849,0.0,0.0
2024-08-15 14:45:00-04:00,19.174999237060547,19.190000534057617,19.174999237060547,19.190000534057617,799,0.0,0.0
2024-08-15 14:50:00-04:00,19.190000534057617,19.190000534057617,19.190000534057617,19.190000534057617,200,0.0,0.0
2024-08-15 14:55:00-04:00,19.165000915527344,19.204999923706055,19.13010025024414,19.19499969482422,5613,0.0,0.0
2024-08-15 15:00:00-04:00,19.204999923706055,19.229999542236328,19.139999389648438,19.139999389648438,3136,0.0,0.0
2024-08-15 15:05:00-04:00,19.155000686645508,19.18000030517578,19.155000686645508,19.18000030517578,1678,0.0,0.0
2024-08-15 15:10:00-04:00,19.18000030517578,19.18000030517578,19.1200008392334,19.1200008392334,1647,0.0,0.0
2024-08-15 15:15:00-04:00,19.1299991607666,19.139999389648438,19.1299991607666,19.139999389648438,1896,0.0,0.0
2024-08-15 15:20:00-04:00,19.145000457763672,19.145000457763672,19.145000457763672,19.145000457763672,437,0.0,0.0
2024-08-15 15:25:00-04:00,19.139999389648438,19.139999389648438,19.1299991607666,19.135000228881836,1311,0.0,0.0
2024-08-15 15:30:00-04:00,19.149999618530273,19.19499969482422,19.149999618530273,19.18000030517578,2510,0.0,0.0
2024-08-15 15:35:00-04:00,19.18000030517578,19.2549991607666,19.15999984741211,19.2549991607666,7001,0.0,0.0
2024-08-15 15:40:00-04:00,19.229999542236328,19.2450008392334,19.18000030517578,19.18000030517578,2638,0.0,0.0
2024-08-15 15:45:00-04:00,19.209999084472656,19.209999084472656,19.139999389648438,19.19499969482422,7089,0.0,0.0
2024-08-15 15:50:00-04:00,19.155000686645508,19.19499969482422,19.125,19.165000915527344,9064,0.0,0.0
2024-08-15 15:55:00-04:00,19.1924991607666,19.25,19.170000076293945,19.209999084472656,19526,0.0,0.0
2024-08-16 09:30:00-04:00,19.149999618530273,19.149999618530273,19.149999618530273,19.149999618530273,4336,0.0,0.0
2024-08-16 09:40:00-04:00,19.229999542236328,19.229999542236328,19.229999542236328,19.229999542236328,109,0.0,0.0
2024-08-16 09:45:00-04:00,19.350000381469727,19.350000381469727,19.350000381469727,19.350000381469727,1530,0.0,0.0
2024-08-16 09:50:00-04:00,19.309999465942383,19.309999465942383,19.309999465942383,19.309999465942383,748,0.0,0.0
2024-08-16 09:55:00-04:00,19.299999237060547,19.299999237060547,19.299999237060547,19.299999237060547,481,0.0,0.0
2024-08-16 10:00:00-04:00,19.610000610351562,19.610000610351562,19.399999618530273,19.479999542236328,2753,0.0,0.0
2024-08-16 10:05:00-04:00,19.489999771118164,19.489999771118164,19.3799991607666,19.399999618530273,855,0.0,0.0
2024-08-16 10:10:00-04:00,19.420000076293945,19.420000076293945,19.420000076293945,19.420000076293945,176,0.0,0.0
2024-08-16 10:15:00-04:00,19.40999984741211,19.40999984741211,19.405000686645508,19.405000686645508,440,0.0,0.0
2024-08-16 10:20:00-04:00,19.40999984741211,19.40999984741211,19.40999984741211,19.40999984741211,185,0.0,0.0
2024-08-16 10:25:00-04:00,19.405000686645508,19.405000686645508,19.405000686645508,19.405000686645508,172,0.0,0.0
2024-08-16 10:30:00-04:00,19.43000030517578,19.43000030517578,19.399999618530273,19.399999618530273,6311,0.0,0.0
2024-08-16 10:35:00-04:00,19.399999618530273,19.399999618530273,19.399999618530273,19.399999618530273,1003,0.0,0.0
2024-08-16 10:40:00-04:00,19.395000457763672,19.395000457763672,19.395000457763672,19.395000457763672,1140,0.0,0.0
2024-08-16 10:45:00-04:00,19.440000534057617,19.440000534057617,19.395000457763672,19.395000457763672,1050,0.0,0.0
2024-08-16 10:50:00-04:00,19.395000457763672,19.395000457763672,19.395000457763672,19.395000457763672,419,0.0,0.0
2024-08-16 10:55:00-04:00,19.389999389648438,19.424999237060547,19.354999542236328,19.354999542236328,2230,0.0,0.0
2024-08-16 11:05:00-04:00,19.350000381469727,19.350000381469727,19.350000381469727,19.350000381469727,122,0.0,0.0
2024-08-16 11:10:00-04:00,19.350000381469727,19.360000610351562,19.344999313354492,19.350000381469727,1119,0.0,0.0
2024-08-16 11:15:00-04:00,19.315000534057617,19.315000534057617,19.3125,19.315000534057617,499,0.0,0.0
2024-08-16 11:20:00-04:00,19.280000686645508,19.315000534057617,19.280000686645508,19.280000686645508,1030,0.0,0.0
2024-08-16 11:25:00-04:00,19.280000686645508,19.309999465942383,19.25,19.25,1769,0.0,0.0
2024-08-16 11:30:00-04:00,19.2450008392334,19.2450008392334,19.2450008392334,19.2450008392334,299,0.0,0.0
2024-08-16 11:45:00-04:00,19.2450008392334,19.2450008392334,19.219999313354492,19.239999771118164,3135,0.0,0.0
2024-08-16 12:00:00-04:00,19.209999084472656,19.209999084472656,19.15999984741211,19.15999984741211,444,0.0,0.0
2024-08-16 12:05:00-04:00,19.152000427246094,19.152000427246094,19.152000427246094,19.152000427246094,636,0.0,0.0
2024-08-16 12:10:00-04:00,19.114999771118164,19.149999618530273,19.114999771118164,19.149999618530273,790,0.0,0.0
2024-08-16 12:20:00-04:00,19.123699188232422,19.123699188232422,19.123699188232422,19.123699188232422,1215,0.0,0.0
2024-08-16 12:35:00-04:00,19.1200008392334,19.1200008392334,19.1200008392334,19.1200008392334,728,0.0,0.0
2024-08-16 12:40:00-04:00,19.079999923706055,19.084999084472656,19.079999923706055,19.084999084472656,1596,0.0,0.0
2024-08-16 12:45:00-04:00,19.084999084472656,19.084999084472656,19.084999084472656,19.084999084472656,114,0.0,0.0
2024-08-16 12:50:00-04:00,19.030000686645508,19.030000686645508,19.030000686645508,19.030000686645508,513,0.0,0.0
2024-08-16 12:55:00-04:00,19.09000015258789,19.09000015258789,19.09000015258789,19.09000015258789,225,0.0,0.0
2024-08-16 13:00:00-04:00,19.09000015258789,19.09000015258789,19.09000015258789,19.09000015258789,375,0.0,0.0
2024-08-16 13:05:00-04:00,19.135000228881836,19.135000228881836,19.040000915527344,19.040000915527344,1343,0.0,0.0
2024-08-16 13:10:00-04:00,19.084999084472656,19.084999084472656,19.084999084472656,19.084999084472656,713,0.0,0.0
2024-08-16 13:15:00-04:00,19.040000915527344,19.052900314331055,19.040000915527344,19.052799224853516,1721,0.0,0.0
2024-08-16 13:20:00-04:00,19.049999237060547,19.049999237060547,19.049999237060547,19.049999237060547,364,0.0,0.0
2024-08-16 13:30:00-04:00,19.079999923706055,19.084999084472656,19.079999923706055,19.084999084472656,1484,0.0,0.0
2024-08-16 13:40:00-04:00,19.094999313354492,19.094999313354492,19.094999313354492,19.094999313354492,719,0.0,0.0
2024-08-16 13:45:00-04:00,19.104999542236328,19.165000915527344,19.104999542236328,19.165000915527344,688,0.0,0.0
2024-08-16 13:50:00-04:00,19.149999618530273,19.149999618530273,19.110000610351562,19.110000610351562,901,0.0,0.0
2024-08-16 13:55:00-04:00,19.149999618530273,19.149999618530273,19.1299991607666,19.1299991607666,1602,0.0,0.0
2024-08-16 14:20:00-04:00,19.060100555419922,19.1200008392334,19.060100555419922,19.09000015258789,1602,0.0,0.0
2024-08-16 14:25:00-04:00,19.1200008392334,19.139999389648438,19.100000381469727,19.104999542236328,1695,0.0,0.0
2024-08-16 14:30:00-04:00,19.104999542236328,19.110000610351562,19.104999542236328,19.104999542236328,884,0.0,0.0
2024-08-16 14:35:00-04:00,19.09000015258789,19.09000015258789,19.030000686645508,19.06999969482422,2675,0.0,0.0
2024-08-16 14:40:00-04:00,19.079999923706055,19.084999084472656,19.030000686645508,19.075000762939453,984,0.0,0.0
2024-08-16 14:45:00-04:00,19.079999923706055,19.079999923706055,19.045000076293945,19.045000076293945,3127,0.0,0.0
2024-08-16 14:50:00-04:00,19.030000686645508,19.079999923706055,19.030000686645508,19.079999923706055,1456,0.0,0.0
2024-08-16 14:55:00-04:00,19.052000045776367,19.079999923706055,19.049999237060547,19.049999237060547,1433,0.0,0.0
2024-08-16 15:00:00-04:00,19.049999237060547,19.049999237060547,19.049999237060547,19.049999237060547,705,0.0,0.0
2024-08-16 15:20:00-04:00,19.049999237060547,19.059999465942383,19.045000076293945,19.059999465942383,1714,0.0,0.0
2024-08-16 15:25:00-04:00,19.020000457763672,19.030000686645508,18.950000762939453,18.950000762939453,5598,0.0,0.0
2024-08-16 15:30:00-04:00,18.940000534057617,18.950000762939453,18.940000534057617,18.950000762939453,1874,0.0,0.0
2024-08-16 15:35:00-04:00,18.94499969482422,19.100000381469727,18.940000534057617,19.100000381469727,5229,0.0,0.0
2024-08-16 15:45:00-04:00,19.05500030517578,19.09000015258789,19.020000457763672,19.09000015258789,3567,0.0,0.0
2024-08-16 15:50:00-04:00,19.075000762939453,19.110000610351562,19.075000762939453,19.110000610351562,4500,0.0,0.0
2024-08-16 15:55:00-04:00,19.110000610351562,19.110000610351562,19.040000915527344,19.059999465942383,15003,0.0,0.0
2024-08-19 09:30:00-04:00,19.049999237060547,19.100000381469727,18.889999389648438,18.889999389648438,5844,0.0,0.0
2024-08-19 09:35:00-04:00,18.871999740600586,18.871999740600586,18.871999740600586,18.871999740600586,454,0.0,0.0
2024-08-19 09:40:00-04:00,18.8700008392334,19.024999618530273,18.8700008392334,19.024999618530273,1088,0.0,0.0
2024-08-19 09:50:00-04:00,19.03499984741211,19.03499984741211,18.815000534057617,18.84000015258789,1955,0.0,0.0
2024-08-19 10:00:00-04:00,18.809999465942383,18.809999465942383,18.7450008392334,18.7450008392334,503,0.0,0.0
2024-08-19 10:05:00-04:00,18.815000534057617,18.815000534057617,18.799999237060547,18.799999237060547,429,0.0,0.0
2024-08-19 10:10:00-04:00,18.815000534057617,18.815000534057617,18.75,18.780000686645508,3420,0.0,0.0
2024-08-19 10:15:00-04:00,18.780000686645508,18.780000686645508,18.729999542236328,18.729999542236328,1064,0.0,0.0
2024-08-19 10:20:00-04:00,18.729999542236328,18.729999542236328,18.729999542236328,18.729999542236328,733,0.0,0.0
2024-08-19 10:25:00-04:00,18.780000686645508,18.790000915527344,18.780000686645508,18.78499984741211,738,0.0,0.0
2024-08-19 10:30:00-04:00,18.80500030517578,18.80500030517578,18.78499984741211,18.799999237060547,1744,0.0,0.0
2024-08-19 10:35:00-04:00,18.80500030517578,18.84000015258789,18.790000915527344,18.795000076293945,3219,0.0,0.0
2024-08-19 10:40:00-04:00,18.825000762939453,18.849000930786133,18.825000762939453,18.825000762939453,1215,0.0,0.0
2024-08-19 10:45:00-04:00,18.825000762939453,18.825000762939453,18.825000762939453,18.825000762939453,1534,0.0,0.0
2024-08-19 11:10:00-04:00,18.764999389648438,18.790000915527344,18.764999389648438,18.790000915527344,500,0.0,0.0
2024-08-19 11:20:00-04:00,18.770000457763672,18.829999923706055,18.770000457763672,18.829999923706055,2257,0.0,0.0
2024-08-19 11:25:00-04:00,18.799999237060547,18.81999969482422,18.799999237060547,18.81999969482422,583,0.0,0.0
2024-08-19 11:30:00-04:00,18.780000686645508,18.780000686645508,18.780000686645508,18.780000686645508,337,0.0,0.0
2024-08-19 11:55:00-04:00,18.780000686645508,18.780000686645508,18.735000610351562,18.735000610351562,1605,0.0,0.0
2024-08-19 12:00:00-04:00,18.774999618530273,18.774999618530273,18.774999618530273,18.774999618530273,526,0.0,0.0
2024-08-19 12:05:00-04:00,18.767000198364258,18.767000198364258,18.767000198364258,18.767000198364258,1042,0.0,0.0
2024-08-19 12:25:00-04:00,18.760000228881836,18.899999618530273,18.760000228881836,18.899999618530273,6229,0.0,0.0
2024-08-19 12:45:00-04:00,18.915000915527344,18.924999237060547,18.899999618530273,18.899999618530273,2748,0.0,0.0
2024-08-19 12:55:00-04:00,18.900100708007812,18.959999084472656,18.8799991607666,18.94499969482422,12776,0.0,0.0
2024-08-19 13:00:00-04:00,18.954999923706055,19.0049991607666,18.954999923706055,19.0049991607666,1235,0.0,0.0
2024-08-19 13:10:00-04:00,19.011999130249023,19.011999130249023,19.010000228881836,19.010000228881836,791,0.0,0.0
2024-08-19 13:15:00-04:00,19.010000228881836,19.05500030517578,19.010000228881836,19.05500030517578,1593,0.0,0.0
2024-08-19 13:25:00-04:00,19.059999465942383,19.059999465942383,19.059999465942383,19.059999465942383,918,0.0,0.0
2024-08-19 13:30:00-04:00,19.059999465942383,19.059999465942383,19.059999465942383,19.059999465942383,275,0.0,0.0
2024-08-19 13:35:00-04:00,19.049999237060547,19.049999237060547,18.989999771118164,19.010000228881836,1212,0.0,0.0
2024-08-19 13:40:00-04:00,18.9950008392334,19.030000686645508,18.9950008392334,19.0,1948,0.0,0.0
2024-08-19 13:45:00-04:00,19.0,19.011499404907227,19.0,19.0,1185,0.0,0.0
2024-08-19 13:50:00-04:00,19.0049991607666,19.0049991607666,19.0049991607666,19.0049991607666,167,0.0,0.0
2024-08-19 14:00:00-04:00,18.979999542236328,18.9950008392334,18.979999542236328,18.9950008392334,450,0.0,0.0
2024-08-19 14:10:00-04:00,18.989999771118164,18.989999771118164,18.989999771118164,18.989999771118164,465,0.0,0.0
2024-08-19 14:15:00-04:00,18.989999771118164,19.0049991607666,18.979999542236328,18.979999542236328,1853,0.0,0.0
2024-08-19 14:20:00-04:00,18.969999313354492,18.972000122070312,18.959999084472656,18.972000122070312,2160,0.0,0.0
2024-08-19 14:25:00-04:00,18.940099716186523,18.975000381469727,18.940099716186523,18.975000381469727,423,0.0,0.0
2024-08-19 14:30:00-04:00,18.950000762939453,18.950000762939453,18.950000762939453,18.950000762939453,353,0.0,0.0
2024-08-19 14:35:00-04:00,18.975000381469727,19.030000686645508,18.969999313354492,19.030000686645508,4263,0.0,0.0
2024-08-19 14:45:00-04:00,19.059999465942383,19.059999465942383,19.059999465942383,19.059999465942383,783,0.0,0.0
2024-08-19 14:55:00-04:00,19.066999435424805,19.066999435424805,19.066999435424805,19.066999435424805,216,0.0,0.0
2024-08-19 15:00:00-04:00,19.030000686645508,19.030000686645508,19.030000686645508,19.030000686645508,332,0.0,0.0
2024-08-19 15:05:00-04:00,19.030000686645508,19.040000915527344,19.030000686645508,19.030000686645508,1299,0.0,0.0
2024-08-19 15:10:00-04:00,19.020000457763672,19.020000457763672,18.979999542236328,18.979999542236328,1403,0.0,0.0
2024-08-19 15:15:00-04:00,18.979999542236328,18.979999542236328,18.979999542236328,18.979999542236328,571,0.0,0.0
2024-08-19 15:20:00-04:00,19.0049991607666,19.0049991607666,19.0049991607666,19.0049991607666,504,0.0,0.0
2024-08-19 15:25:00-04:00,19.009199142456055,19.010000228881836,19.009199142456055,19.0093994140625,1860,0.0,0.0
2024-08-19 15:30:00-04:00,19.010000228881836,19.010000228881836,18.989999771118164,19.0,1466,0.0,0.0
2024-08-19 15:40:00-04:00,18.989999771118164,18.989999771118164,18.950000762939453,18.950000762939453,1537,0.0,0.0
2024-08-19 15:45:00-04:00,18.940000534057617,18.97249984741211,18.93000030517578,18.97249984741211,2180,0.0,0.0
2024-08-19 15:50:00-04:00,18.979999542236328,18.989999771118164,18.90999984741211,18.989999771118164,6671,0.0,0.0
2024-08-19 15:55:00-04:00,18.969999313354492,19.010000228881836,18.920000076293945,18.979999542236328,11127,0.0,0.0
2024-08-20 09:30:00-04:00,19.049999237060547,19.049999237060547,18.8799991607666,19.010000228881836,1573,0.0,0.0
2024-08-20 09:35:00-04:00,19.010000228881836,19.010000228881836,19.010000228881836,19.010000228881836,1031,0.0,0.0
2024-08-20 09:50:00-04:00,18.94499969482422,18.94499969482422,18.809999465942383,18.829999923706055,2495,0.0,0.0
2024-08-20 09:55:00-04:00,18.704999923706055,18.90999984741211,18.704999923706055,18.834999084472656,1378,0.0,0.0
2024-08-20 10:00:00-04:00,18.834999084472656,18.864999771118164,18.834999084472656,18.860000610351562,8001,0.0,0.0
2024-08-20 10:05:00-04:00,18.860000610351562,18.8700008392334,18.860000610351562,18.8700008392334,4317,0.0,0.0
2024-08-20 10:10:00-04:00,18.809999465942383,18.809999465942383,18.690000534057617,18.75,1022,0.0,0.0
2024-08-20 10:15:00-04:00,18.650999069213867,18.690000534057617,18.6200008392334,18.690000534057617,1760,0.0,0.0
2024-08-20 10:20:00-04:00,18.735000610351562,18.735000610351562,18.684999465942383,18.684999465942383,996,0.0,0.0
2024-08-20 10:25:00-04:00,18.715200424194336,18.715200424194336,18.65999984741211,18.65999984741211,352,0.0,0.0
2024-08-20 10:30:00-04:00,18.68000030517578,18.68000030517578,18.674999237060547,18.674999237060547,389,0.0,0.0
2024-08-20 10:35:00-04:00,18.6299991607666,18.6299991607666,18.56999969482422,18.56999969482422,1938,0.0,0.0
2024-08-20 10:40:00-04:00,18.565000534057617,18.565000534057617,18.565000534057617,18.565000534057617,112,0.0,0.0
2024-08-20 10:45:00-04:00,18.6299991607666,18.6299991607666,18.6299991607666,18.6299991607666,104,0.0,0.0
2024-08-20 10:50:00-04:00,18.530000686645508,18.530000686645508,18.5049991607666,18.5049991607666,897,0.0,0.0
2024-08-20 10:55:00-04:00,18.5,18.549999237060547,18.479999542236328,18.549999237060547,7290,0.0,0.0
2024-08-20 11:00:00-04:00,18.510000228881836,18.510000228881836,18.510000228881836,18.510000228881836,654,0.0,0.0
2024-08-20 11:05:00-04:00,18.565000534057617,18.565000534057617,18.565000534057617,18.565000534057617,240,0.0,0.0
2024-08-20 11:10:00-04:00,18.59000015258789,18.59000015258789,18.59000015258789,18.59000015258789,271,0.0,0.0
2024-08-20 11:15:00-04:00,18.59000015258789,18.59000015258789,18.59000015258789,18.59000015258789,473,0.0,0.0
2024-08-20 11:20:00-04:00,18.604999542236328,18.649999618530273,18.520000457763672,18.520000457763672,5590,0.0,0.0
2024-08-20 11:25:00-04:00,18.559999465942383,18.559999465942383,18.53499984741211,18.53499984741211,214,0.0,0.0
2024-08-20 11:30:00-04:00,18.5,18.5,18.5,18.5,682,0.0,0.0
2024-08-20 11:35:00-04:00,18.549999237060547,18.549999237060547,18.540000915527344,18.540000915527344,1553,0.0,0.0
2024-08-20 11:40:00-04:00,18.5,18.540000915527344,18.5,18.540000915527344,1582,0.0,0.0
2024-08-20 11:45:00-04:00,18.53499984741211,18.540000915527344,18.53499984741211,18.540000915527344,347,0.0,0.0
2024-08-20 11:50:00-04:00,18.559999465942383,18.559999465942383,18.559999465942383,18.559999465942383,604,0.0,0.0
2024-08-20 11:55:00-04:00,18.610000610351562,18.610000610351562,18.610000610351562,18.610000610351562,994,0.0,0.0
2024-08-20 12:00:00-04:00,18.559999465942383,18.559999465942383,18.559999465942383,18.559999465942383,256,0.0,0.0
2024-08-20 12:05:00-04:00,18.56999969482422,18.56999969482422,18.56999969482422,18.56999969482422,996,0.0,0.0
2024-08-20 12:20:00-04:00,18.584999084472656,18.584999084472656,18.549999237060547,18.549999237060547,1361,0.0,0.0
2024-08-20 12:25:00-04:00,18.489999771118164,18.489999771118164,18.489999771118164,18.489999771118164,1008,0.0,0.0
2024-08-20 12:35:00-04:00,18.469999313354492,18.489999771118164,18.469999313354492,18.489999771118164,256,0.0,0.0
2024-08-20 12:40:00-04:00,18.475000381469727,18.510000228881836,18.475000381469727,18.5049991607666,1928,0.0,0.0
2024-08-20 12:50:00-04:00,18.469999313354492,18.469999313354492,18.469999313354492,18.469999313354492,492,0.0,0.0
2024-08-20 12:55:00-04:00,18.450000762939453,18.450000762939453,18.450000762939453,18.450000762939453,595,0.0,0.0
2024-08-20 13:10:00-04:00,18.434999465942383,18.450000762939453,18.434999465942383,18.450000762939453,476,0.0,0.0
2024-08-20 13:20:00-04:00,18.450000762939453,18.450000762939453,18.450000762939453,18.450000762939453,155,0.0,0.0
2024-08-20 13:25:00-04:00,18.43000030517578,18.459999084472656,18.43000030517578,18.43000030517578,2128,0.0,0.0
2024-08-20 13:30:00-04:00,18.46500015258789,18.46500015258789,18.450000762939453,18.450000762939453,750,0.0,0.0
2024-08-20 13:35:00-04:00,18.450000762939453,18.459999084472656,18.450000762939453,18.459999084472656,1014,0.0,0.0
2024-08-20 13:40:00-04:00,18.450000762939453,18.454999923706055,18.440000534057617,18.454999923706055,1767,0.0,0.0
2024-08-20 13:55:00-04:00,18.506999969482422,18.506999969482422,18.506999969482422,18.506999969482422,514,0.0,0.0
2024-08-20 14:00:00-04:00,18.489999771118164,18.489999771118164,18.450000762939453,18.46500015258789,2339,0.0,0.0
2024-08-20 14:05:00-04:00,18.4950008392334,18.4950008392334,18.459999084472656,18.459999084472656,1468,0.0,0.0
2024-08-20 14:10:00-04:00,18.510000228881836,18.510000228881836,18.4950008392334,18.4950008392334,1020,0.0,0.0
2024-08-20 14:20:00-04:00,18.485000610351562,18.510000228881836,18.485000610351562,18.489999771118164,2558,0.0,0.0
2024-08-20 14:25:00-04:00,18.514999389648438,18.56999969482422,18.514999389648438,18.565000534057617,6882,0.0,0.0
2024-08-20 14:30:00-04:00,18.56999969482422,18.729999542236328,18.56999969482422,18.657100677490234,13429,0.0,0.0
2024-08-20 14:35:00-04:00,18.635000228881836,18.65999984741211,18.635000228881836,18.65999984741211,1080,0.0,0.0
2024-08-20 14:40:00-04:00,18.635000228881836,18.635000228881836,18.635000228881836,18.635000228881836,271,0.0,0.0
2024-08-20 14:45:00-04:00,18.670000076293945,18.709999084472656,18.649999618530273,18.672000885009766,6712,0.0,0.0
2024-08-20 14:50:00-04:00,18.649999618530273,18.719999313354492,18.649999618530273,18.68000030517578,5860,0.0,0.0
2024-08-20 14:55:00-04:00,18.68000030517578,18.68000030517578,18.68000030517578,18.68000030517578,2095,0.0,0.0
2024-08-20 15:00:00-04:00,18.68000030517578,18.709999084472656,18.670000076293945,18.684999465942383,2123,0.0,0.0
2024-08-20 15:05:00-04:00,18.690000534057617,18.709999084472656,18.690000534057617,18.700000762939453,911,0.0,0.0
2024-08-20 15:10:00-04:00,18.709999084472656,18.71500015258789,18.709999084472656,18.71500015258789,384,0.0,0.0
2024-08-20 15:15:00-04:00,18.729999542236328,18.780000686645508,18.729999542236328,18.764999389648438,919,0.0,0.0
2024-08-20 15:20:00-04:00,18.795000076293945,18.799999237060547,18.790000915527344,18.799999237060547,660,0.0,0.0
2024-08-20 15:25:00-04:00,18.809999465942383,18.809999465942383,18.790000915527344,18.790000915527344,936,0.0,0.0
2024-08-20 15:30:00-04:00,18.770000457763672,18.780000686645508,18.760000228881836,18.770000457763672,1937,0.0,0.0
2024-08-20 15:35:00-04:00,18.78499984741211,18.8799991607666,18.78499984741211,18.829999923706055,5154,0.0,0.0
2024-08-20 15:40:00-04:00,18.83799934387207,18.850000381469727,18.829999923706055,18.850000381469727,1597,0.0,0.0
2024-08-20 15:45:00-04:00,18.885000228881836,18.93000030517578,18.885000228881836,18.93000030517578,1913,0.0,0.0
2024-08-20 15:50:00-04:00,18.93199920654297,18.940000534057617,18.889999389648438,18.899999618530273,4222,0.0,0.0
2024-08-20 15:55:00-04:00,18.920000076293945,19.040000915527344,18.920000076293945,19.040000915527344,14321,0.0,0.0
2024-08-21 09:30:00-04:00,19.260000228881836,19.260000228881836,19.260000228881836,19.260000228881836,698,0.0,0.0
2024-08-21 09:35:00-04:00,19.209999084472656,19.209999084472656,19.209999084472656,19.209999084472656,810,0.0,0.0
2024-08-21 09:40:00-04:00,19.059999465942383,19.059999465942383,19.059999465942383,19.059999465942383,875,0.0,0.0
2024-08-21 09:45:00-04:00,19.174999237060547,19.174999237060547,19.174999237060547,19.174999237060547,225,0.0,0.0
2024-08-21 09:50:00-04:00,19.079999923706055,19.079999923706055,19.079999923706055,19.079999923706055,783,0.0,0.0
2024-08-21 10:00:00-04:00,19.0,19.0,19.0,19.0,311,0.0,0.0
2024-08-21 10:10:00-04:00,18.895000457763672,18.950000762939453,18.895000457763672,18.895000457763672,1954,0.0,0.0
2024-08-21 10:15:00-04:00,18.875,18.875,18.875,18.875,238,0.0,0.0
2024-08-21 10:20:00-04:00,18.93000030517578,18.959999084472656,18.889999389648438,18.90999984741211,4136,0.0,0.0
2024-08-21 10:30:00-04:00,18.979999542236328,18.989999771118164,18.920000076293945,18.924999237060547,8195,0.0,0.0
2024-08-21 10:35:00-04:00,18.90999984741211,19.020000457763672,18.90999984741211,19.020000457763672,1088,0.0,0.0
2024-08-21 10:40:00-04:00,19.079999923706055,19.079999923706055,18.959999084472656,19.049400329589844,11588,0.0,0.0
2024-08-21 10:45:00-04:00,19.0049991607666,19.0049991607666,18.959999084472656,18.959999084472656,1465,0.0,0.0
2024-08-21 10:50:00-04:00,18.950000762939453,18.950000762939453,18.950000762939453,18.950000762939453,526,0.0,0.0
2024-08-21 10:55:00-04:00,18.8799991607666,18.8799991607666,18.8799991607666,18.8799991607666,228,0.0,0.0
2024-08-21 11:00:00-04:00,18.93000030517578,18.93000030517578,18.93000030517578,18.93000030517578,156,0.0,0.0
2024-08-21 11:10:00-04:00,18.969999313354492,18.975000381469727,18.959999084472656,18.959999084472656,1423,0.0,0.0
2024-08-21 11:20:00-04:00,18.979999542236328,18.979999542236328,18.959999084472656,18.959999084472656,734,0.0,0.0
2024-08-21 11:25:00-04:00,19.1200008392334,19.1200008392334,19.049999237060547,19.05500030517578,3999,0.0,0.0
2024-08-21 11:30:00-04:00,19.09000015258789,19.09000015258789,19.040000915527344,19.040000915527344,2641,0.0,0.0
2024-08-21 11:35:00-04:00,19.0,19.059999465942383,19.0,19.024999618530273,2193,0.0,0.0
2024-08-21 11:45:00-04:00,19.020000457763672,19.020000457763672,19.020000457763672,19.020000457763672,223,0.0,0.0
2024-08-21 11:55:00-04:00,19.0,19.0,19.0,19.0,756,0.0,0.0
2024-08-21 12:00:00-04:00,18.969999313354492,18.969999313354492,18.950000762939453,18.950000762939453,267,0.0,0.0
2024-08-21 12:05:00-04:00,18.899999618530273,18.899999618530273,18.899999618530273,18.899999618530273,1173,0.0,0.0
2024-08-21 12:20:00-04:00,18.899999618530273,18.899999618530273,18.899999618530273,18.899999618530273,373,0.0,0.0
2024-08-21 12:25:00-04:00,18.906999588012695,18.906999588012695,18.906999588012695,18.906999588012695,797,0.0,0.0
2024-08-21 12:35:00-04:00,18.899999618530273,18.899999618530273,18.899999618530273,18.899999618530273,1418,0.0,0.0
2024-08-21 12:40:00-04:00,18.889999389648438,18.889999389648438,18.889999389648438,18.889999389648438,588,0.0,0.0
2024-08-21 12:45:00-04:00,18.8799991607666,18.895000457763672,18.8799991607666,18.895000457763672,920,0.0,0.0
2024-08-21 12:50:00-04:00,18.895000457763672,18.920000076293945,18.889999389648438,18.920000076293945,1350,0.0,0.0
2024-08-21 12:55:00-04:00,18.915000915527344,18.920000076293945,18.90999984741211,18.915000915527344,1661,0.0,0.0
2024-08-21 13:00:00-04:00,18.889999389648438,18.899999618530273,18.889999389648438,18.899999618530273,873,0.0,0.0
2024-08-21 13:05:00-04:00,18.889999389648438,18.889999389648438,18.889999389648438,18.889999389648438,296,0.0,0.0
2024-08-21 13:15:00-04:00,18.896799087524414,18.896799087524414,18.889999389648438,18.889999389648438,2791,0.0,0.0
2024-08-21 13:20:00-04:00,18.90999984741211,18.93000030517578,18.889999389648438,18.93000030517578,2052,0.0,0.0
2024-08-21 13:25:00-04:00,18.93000030517578,18.959999084472656,18.920000076293945,18.950000762939453,4857,0.0,0.0
2024-08-21 13:30:00-04:00,18.969999313354492,18.979999542236328,18.959999084472656,18.96500015258789,1853,0.0,0.0
2024-08-21 13:40:00-04:00,18.950000762939453,18.950000762939453,18.950000762939453,18.950000762939453,281,0.0,0.0
2024-08-21 13:45:00-04:00,18.969999313354492,18.985000610351562,18.950000762939453,18.954999923706055,3576,0.0,0.0
2024-08-21 13:50:00-04:00,18.979999542236328,18.979999542236328,18.950000762939453,18.969999313354492,3173,0.0,0.0
2024-08-21 13:55:00-04:00,18.969999313354492,18.979999542236328,18.92009925842285,18.92009925842285,1709,0.0,0.0
2024-08-21 14:00:00-04:00,18.950000762939453,19.040000915527344,18.94499969482422,19.010000228881836,5110,0.0,0.0
2024-08-21 14:05:00-04:00,18.9950008392334,19.010000228881836,18.979999542236328,19.0,6771,0.0,0.0
2024-08-21 14:10:00-04:00,19.040000915527344,19.079999923706055,19.040000915527344,19.079999923706055,1742,0.0,0.0
2024-08-21 14:30:00-04:00,19.149999618530273,19.190000534057617,19.149999618530273,19.190000534057617,1328,0.0,0.0
2024-08-21 14:35:00-04:00,19.1875,19.21500015258789,19.1875,19.21500015258789,1092,0.0,0.0
2024-08-21 14:40:00-04:00,19.211299896240234,19.239999771118164,19.18000030517578,19.18000030517578,2090,0.0,0.0
2024-08-21 15:00:00-04:00,19.149999618530273,19.149999618530273,19.149999618530273,19.149999618530273,1020,0.0,0.0
2024-08-21 15:05:00-04:00,19.114999771118164,19.114999771118164,19.094999313354492,19.094999313354492,675,0.0,0.0
2024-08-21 15:10:00-04:00,19.097000122070312,19.097000122070312,19.09480094909668,19.09480094909668,1575,0.0,0.0
2024-08-21 15:15:00-04:00,19.1200008392334,19.1200008392334,19.1200008392334,19.1200008392334,576,0.0,0.0
2024-08-21 15:20:00-04:00,19.100000381469727,19.100000381469727,19.059999465942383,19.075000762939453,2290,0.0,0.0
2024-08-21 15:30:00-04:00,19.1299991607666,19.15999984741211,19.1299991607666,19.15999984741211,1754,0.0,0.0
2024-08-21 15:35:00-04:00,19.198999404907227,19.219999313354492,19.198999404907227,19.204999923706055,3608,0.0,0.0
2024-08-21 15:40:00-04:00,19.268999099731445,19.268999099731445,19.239999771118164,19.239999771118164,2061,0.0,0.0
2024-08-21 15:45:00-04:00,19.270000457763672,19.280000686645508,19.225000381469727,19.225000381469727,1780,0.0,0.0
2024-08-21 15:50:00-04:00,19.25,19.309999465942383,19.25,19.309999465942383,4119,0.0,0.0
2024-08-21 15:55:00-04:00,19.31999969482422,19.3799991607666,19.315000534057617,19.32979965209961,16178,0.0,0.0
2024-08-22 09:30:00-04:00,19.489999771118164,19.489999771118164,19.389999389648438,19.389999389648438,2135,0.0,0.0
2024-08-22 09:45:00-04:00,19.420000076293945,19.610000610351562,19.420000076293945,19.510000228881836,3032,0.0,0.0
2024-08-22 09:50:00-04:00,19.485000610351562,19.530000686645508,19.485000610351562,19.485000610351562,701,0.0,0.0
2024-08-22 09:55:00-04:00,19.549999237060547,19.559999465942383,19.549999237060547,19.559999465942383,1639,0.0,0.0
2024-08-22 10:00:00-04:00,19.56999969482422,19.68000030517578,19.56999969482422,19.68000030517578,2311,0.0,0.0
2024-08-22 10:05:00-04:00,19.639999389648438,19.649999618530273,19.639999389648438,19.649999618530273,837,0.0,0.0
2024-08-22 10:10:00-04:00,19.65530014038086,19.790000915527344,19.65530014038086,19.719999313354492,5201,0.0,0.0
2024-08-22 10:15:00-04:00,19.670000076293945,19.674999237060547,19.579999923706055,19.579999923706055,2527,0.0,0.0
2024-08-22 10:20:00-04:00,19.579999923706055,19.579999923706055,19.579999923706055,19.579999923706055,125,0.0,0.0
2024-08-22 10:25:00-04:00,19.610000610351562,19.729999542236328,19.610000610351562,19.729999542236328,820,0.0,0.0
2024-08-22 10:30:00-04:00,19.719999313354492,19.719999313354492,19.69700050354004,19.69700050354004,580,0.0,0.0
2024-08-22 10:35:00-04:00,19.770000457763672,19.770000457763672,19.770000457763672,19.770000457763672,148,0.0,0.0
2024-08-22 10:40:00-04:00,19.760000228881836,19.760000228881836,19.760000228881836,19.760000228881836,736,0.0,0.0
2024-08-22 10:50:00-04:00,19.809999465942383,19.809999465942383,19.794300079345703,19.794300079345703,1275,0.0,0.0
2024-08-22 10:55:00-04:00,19.920000076293945,19.920000076293945,19.889999389648438,19.889999389648438,746,0.0,0.0
2024-08-22 11:00:00-04:00,19.920000076293945,19.920000076293945,19.920000076293945,19.920000076293945,402,0.0,0.0
2024-08-22 11:05:00-04:00,19.899999618530273,19.899999618530273,19.899999618530273,19.899999618530273,1386,0.0,0.0
2024-08-22 11:20:00-04:00,19.80500030517578,19.80500030517578,19.770000457763672,19.770000457763672,1701,0.0,0.0
2024-08-22 11:25:00-04:00,19.81999969482422,19.84000015258789,19.81999969482422,19.84000015258789,1621,0.0,0.0
2024-08-22 11:45:00-04:00,19.770000457763672,19.770000457763672,19.770000457763672,19.770000457763672,868,0.0,0.0
2024-08-22 12:00:00-04:00,19.739999771118164,19.739999771118164,19.739999771118164,19.739999771118164,472,0.0,0.0
2024-08-22 12:05:00-04:00,19.799999237060547,19.799999237060547,19.797000885009766,19.797000885009766,836,0.0,0.0
2024-08-22 12:10:00-04:00,19.799999237060547,19.799999237060547,19.799999237060547,19.799999237060547,657,0.0,0.0
2024-08-22 12:15:00-04:00,19.790000915527344,19.790000915527344,19.790000915527344,19.790000915527344,545,0.0,0.0
2024-08-22 12:20:00-04:00,19.799999237060547,19.799999237060547,19.799999237060547,19.799999237060547,313,0.0,0.0
2024-08-22 12:25:00-04:00,19.809999465942383,19.829999923706055,19.809999465942383,19.829999923706055,1134,0.0,0.0
2024-08-22 12:30:00-04:00,19.850000381469727,19.93000030517578,19.850000381469727,19.915000915527344,3803,0.0,0.0
2024-08-22 12:45:00-04:00,19.915000915527344,19.915000915527344,19.915000915527344,19.915000915527344,130,0.0,0.0
2024-08-22 12:50:00-04:00,19.899999618530273,19.899999618530273,19.899999618530273,19.899999618530273,1216,0.0,0.0
2024-08-22 13:00:00-04:00,19.80500030517578,19.80500030517578,19.730100631713867,19.730100631713867,1345,0.0,0.0
2024-08-22 13:05:00-04:00,19.770000457763672,19.770000457763672,19.770000457763672,19.770000457763672,640,0.0,0.0
2024-08-22 13:25:00-04:00,19.760000228881836,19.790000915527344,19.760000228881836,19.790000915527344,2112,0.0,0.0
2024-08-22 13:30:00-04:00,19.790000915527344,19.799999237060547,19.76689910888672,19.799999237060547,2358,0.0,0.0
2024-08-22 13:35:00-04:00,19.850000381469727,19.860000610351562,19.850000381469727,19.860000610351562,1420,0.0,0.0
2024-08-22 13:40:00-04:00,19.860000610351562,19.860000610351562,19.860000610351562,19.860000610351562,330,0.0,0.0
2024-08-22 13:45:00-04:00,19.8799991607666,19.8799991607666,19.8799991607666,19.8799991607666,114,0.0,0.0
2024-08-22 13:50:00-04:00,19.860000610351562,19.860000610351562,19.829999923706055,19.829999923706055,1093,0.0,0.0
2024-08-22 13:55:00-04:00,19.795000076293945,19.795000076293945,19.795000076293945,19.795000076293945,586,0.0,0.0
2024-08-22 14:00:00-04:00,19.790000915527344,19.81999969482422,19.790000915527344,19.81999969482422,1043,0.0,0.0
2024-08-22 14:10:00-04:00,19.829999923706055,19.829999923706055,19.790000915527344,19.799999237060547,3165,0.0,0.0
2024-08-22 14:15:00-04:00,19.84000015258789,19.895000457763672,19.84000015258789,19.84000015258789,5071,0.0,0.0
2024-08-22 14:20:00-04:00,19.8799991607666,19.8799991607666,19.8799991607666,19.8799991607666,912,0.0,0.0
2024-08-22 14:30:00-04:00,19.8799991607666,19.8799991607666,19.8799991607666,19.8799991607666,360,0.0,0.0
2024-08-22 14:35:00-04:00,19.885000228881836,19.93000030517578,19.885000228881836,19.920000076293945,4051,0.0,0.0
2024-08-22 14:45:00-04:00,19.969900131225586,20.0,19.96500015258789,20.0,2628,0.0,0.0
2024-08-22 14:50:00-04:00,20.0,20.06999969482422,20.0,20.040000915527344,2168,0.0,0.0
2024-08-22 14:55:00-04:00,20.020000457763672,20.03499984741211,20.020000457763672,20.024999618530273,1282,0.0,0.0
2024-08-22 15:00:00-04:00,20.024999618530273,20.079999923706055,20.024999618530273,20.079999923706055,2547,0.0,0.0
2024-08-22 15:10:00-04:00,20.114999771118164,20.114999771118164,20.104999542236328,20.110000610351562,1059,0.0,0.0
2024-08-22 15:15:00-04:00,20.1299991607666,20.155000686645508,20.1299991607666,20.135000228881836,1868,0.0,0.0
2024-08-22 15:20:00-04:00,20.135000228881836,20.135000228881836,20.079999923706055,20.09000015258789,2318,0.0,0.0
2024-08-22 15:30:00-04:00,20.06999969482422,20.079999923706055,20.049999237060547,20.049999237060547,3548,0.0,0.0
2024-08-22 15:35:00-04:00,20.040000915527344,20.048999786376953,20.030000686645508,20.048999786376953,4203,0.0,0.0
2024-08-22 15:40:00-04:00,20.014999389648438,20.06599998474121,19.969999313354492,20.059999465942383,7542,0.0,0.0
2024-08-22 15:45:00-04:00,20.059999465942383,20.059999465942383,19.969999313354492,19.969999313354492,3838,0.0,0.0
2024-08-22 15:50:00-04:00,19.989999771118164,20.020000457763672,19.885000228881836,19.920000076293945,7660,0.0,0.0
2024-08-22 15:55:00-04:00,19.920000076293945,19.920000076293945,19.860000610351562,19.889999389648438,13336,0.0,0.0
2024-08-23 09:30:00-04:00,20.030000686645508,20.030000686645508,20.030000686645508,20.030000686645508,821,0.0,0.0
2024-08-23 09:35:00-04:00,19.934999465942383,19.934999465942383,19.934999465942383,19.934999465942383,803,0.0,0.0
2024-08-23 09:40:00-04:00,20.139999389648438,20.139999389648438,20.139999389648438,20.139999389648438,452,0.0,0.0
2024-08-23 09:50:00-04:00,20.1299991607666,20.1299991607666,20.110000610351562,20.1299991607666,1252,0.0,0.0
2024-08-23 10:00:00-04:00,20.139999389648438,20.15999984741211,20.139999389648438,20.15999984741211,1379,0.0,0.0
2024-08-23 10:10:00-04:00,20.270000457763672,20.350000381469727,20.270000457763672,20.350000381469727,1420,0.0,0.0
2024-08-23 10:15:00-04:00,20.31999969482422,20.31999969482422,20.25,20.25,594,0.0,0.0
2024-08-23 10:20:00-04:00,20.229999542236328,20.399999618530273,20.229999542236328,20.399999618530273,1998,0.0,0.0
2024-08-23 10:25:00-04:00,20.459999084472656,20.459999084472656,20.459999084472656,20.459999084472656,481,0.0,0.0
2024-08-23 10:30:00-04:00,20.479999542236328,20.65999984741211,20.469999313354492,20.549999237060547,9431,0.0,0.0
2024-08-23 10:35:00-04:00,20.55500030517578,20.55500030517578,20.520000457763672,20.520000457763672,959,0.0,0.0
2024-08-23 10:40:00-04:00,20.559999465942383,20.6299991607666,20.559999465942383,20.6299991607666,1366,0.0,0.0
2024-08-23 10:45:00-04:00,20.56999969482422,20.56999969482422,20.530000686645508,20.559999465942383,2285,0.0,0.0
2024-08-23 10:50:00-04:00,20.545000076293945,20.549999237060547,20.5,20.549999237060547,2412,0.0,0.0
2024-08-23 10:55:00-04:00,20.600000381469727,20.649999618530273,20.600000381469727,20.649999618530273,567,0.0,0.0
2024-08-23 11:00:00-04:00,20.635000228881836,20.635000228881836,20.635000228881836,20.635000228881836,230,0.0,0.0
2024-08-23 11:05:00-04:00,20.65999984741211,20.68000030517578,20.65999984741211,20.68000030517578,1874,0.0,0.0
2024-08-23 11:10:00-04:00,20.68000030517578,20.719999313354492,20.68000030517578,20.709999084472656,2227,0.0,0.0
2024-08-23 11:15:00-04:00,20.780000686645508,20.809999465942383,20.780000686645508,20.809999465942383,1051,0.0,0.0
2024-08-23 11:25:00-04:00,20.829999923706055,20.878000259399414,20.780000686645508,20.790000915527344,4475,0.0,0.0
2024-08-23 11:30:00-04:00,20.774999618530273,20.774999618530273,20.700000762939453,20.700000762939453,1482,0.0,0.0
2024-08-23 11:35:00-04:00,20.700000762939453,20.770000457763672,20.700000762939453,20.770000457763672,3436,0.0,0.0
2024-08-23 11:40:00-04:00,20.75,20.75,20.719999313354492,20.719999313354492,969,0.0,0.0
2024-08-23 11:45:00-04:00,20.649999618530273,20.649999618530273,20.639999389648438,20.649999618530273,1393,0.0,0.0
2024-08-23 11:50:00-04:00,20.674999237060547,20.674999237060547,20.674999237060547,20.674999237060547,171,0.0,0.0
2024-08-23 11:55:00-04:00,20.665000915527344,20.666400909423828,20.649999618530273,20.65999984741211,1149,0.0,0.0
2024-08-23 12:00:00-04:00,20.6299991607666,20.655000686645508,20.6299991607666,20.655000686645508,1538,0.0,0.0
2024-08-23 12:05:00-04:00,20.665000915527344,20.665000915527344,20.665000915527344,20.665000915527344,1363,0.0,0.0
2024-08-23 12:10:00-04:00,20.709999084472656,20.709999084472656,20.700000762939453,20.709999084472656,2377,0.0,0.0
2024-08-23 12:15:00-04:00,20.709999084472656,20.75,20.709999084472656,20.75,3076,0.0,0.0
2024-08-23 12:25:00-04:00,20.75,20.760000228881836,20.75,20.760000228881836,881,0.0,0.0
2024-08-23 12:30:00-04:00,20.790000915527344,20.834999084472656,20.760000228881836,20.760000228881836,1931,0.0,0.0
2024-08-23 12:35:00-04:00,20.809999465942383,20.899900436401367,20.790000915527344,20.899900436401367,1177,0.0,0.0
2024-08-23 12:40:00-04:00,20.78499984741211,20.78499984741211,20.760000228881836,20.762699127197266,471,0.0,0.0
2024-08-23 12:45:00-04:00,20.7549991607666,20.7549991607666,20.7549991607666,20.7549991607666,303,0.0,0.0
2024-08-23 12:50:00-04:00,20.764999389648438,20.764999389648438,20.690000534057617,20.690000534057617,865,0.0,0.0
2024-08-23 12:55:00-04:00,20.709999084472656,20.709999084472656,20.709999084472656,20.709999084472656,172,0.0,0.0
2024-08-23 13:00:00-04:00,20.719999313354492,20.739999771118164,20.690000534057617,20.690000534057617,3359,0.0,0.0
2024-08-23 13:05:00-04:00,20.700000762939453,20.709999084472656,20.700000762939453,20.709999084472656,614,0.0,0.0
2024-08-23 13:10:00-04:00,20.68000030517578,20.68000030517578,20.670000076293945,20.670000076293945,734,0.0,0.0
2024-08-23 13:15:00-04:00,20.649999618530273,20.649999618530273,20.649999618530273,20.649999618530273,1040,0.0,0.0
2024-08-23 13:20:00-04:00,20.672000885009766,20.672000885009766,20.672000885009766,20.672000885009766,318,0.0,0.0
2024-08-23 13:25:00-04:00,20.68000030517578,20.729999542236328,20.68000030517578,20.729999542236328,708,0.0,0.0
2024-08-23 13:30:00-04:00,20.704999923706055,20.704999923706055,20.700000762939453,20.700000762939453,1550,0.0,0.0
2024-08-23 13:35:00-04:00,20.704999923706055,20.704999923706055,20.704999923706055,20.704999923706055,16,0.0,0.0
2024-08-23 13:40:00-04:00,20.770000457763672,20.774999618530273,20.770000457763672,20.774999618530273,344,0.0,0.0
2024-08-23 13:50:00-04:00,20.790000915527344,20.81999969482422,20.790000915527344,20.81999969482422,1718,0.0,0.0
2024-08-23 13:55:00-04:00,20.829999923706055,20.829999923706055,20.829999923706055,20.829999923706055,883,0.0,0.0
2024-08-23 14:00:00-04:00,20.81999969482422,20.81999969482422,20.809999465942383,20.809999465942383,675,0.0,0.0
2024-08-23 14:05:00-04:00,20.799999237060547,20.799999237060547,20.799999237060547,20.799999237060547,955,0.0,0.0
2024-08-23 14:20:00-04:00,20.799999237060547,20.799999237060547,20.799999237060547,20.799999237060547,623,0.0,0.0
2024-08-23 14:25:00-04:00,20.860000610351562,20.860000610351562,20.860000610351562,20.860000610351562,605,0.0,0.0
2024-08-23 14:35:00-04:00,20.81999969482422,20.81999969482422,20.81999969482422,20.81999969482422,509,0.0,0.0
2024-08-23 14:45:00-04:00,20.809999465942383,20.809999465942383,20.809999465942383,20.809999465942383,1068,0.0,0.0
2024-08-23 14:55:00-04:00,20.770000457763672,20.770000457763672,20.770000457763672,20.770000457763672,554,0.0,0.0
2024-08-23 15:00:00-04:00,20.7549991607666,20.7549991607666,20.739999771118164,20.739999771118164,929,0.0,0.0
2024-08-23 15:05:00-04:00,20.709999084472656,20.709999084472656,20.65999984741211,20.65999984741211,1465,0.0,0.0
2024-08-23 15:10:00-04:00,20.690000534057617,20.690000534057617,20.670000076293945,20.68000030517578,2009,0.0,0.0
2024-08-23 15:15:00-04:00,20.75,20.75,20.75,20.75,373,0.0,0.0
2024-08-23 15:20:00-04:00,20.780000686645508,20.780000686645508,20.780000686645508,20.780000686645508,812,0.0,0.0
2024-08-23 15:25:00-04:00,20.790000915527344,20.790000915527344,20.739999771118164,20.739999771118164,1615,0.0,0.0
2024-08-23 15:30:00-04:00,20.719999313354492,20.780000686645508,20.719999313354492,20.7450008392334,1304,0.0,0.0
2024-08-23 15:35:00-04:00,20.75,20.75,20.719999313354492,20.719999313354492,955,0.0,0.0
2024-08-23 15:40:00-04:00,20.760000228881836,20.764999389648438,20.760000228881836,20.764999389648438,1800,0.0,0.0
2024-08-23 15:45:00-04:00,20.735000610351562,20.735000610351562,20.71500015258789,20.71500015258789,1713,0.0,0.0
2024-08-23 15:50:00-04:00,20.729999542236328,20.729999542236328,20.690000534057617,20.729999542236328,7021,0.0,0.0
2024-08-23 15:55:00-04:00,20.729999542236328,20.770000457763672,20.690000534057617,20.729999542236328,12746,0.0,0.0
2024-08-26 09:30:00-04:00,21.0,21.0,20.969999313354492,20.969999313354492,2107,0.0,0.0
2024-08-26 09:40:00-04:00,20.916099548339844,20.916099548339844,20.790000915527344,20.790000915527344,1117,0.0,0.0
2024-08-26 09:45:00-04:00,20.829999923706055,20.985000610351562,20.829999923706055,20.985000610351562,2204,0.0,0.0
2024-08-26 09:50:00-04:00,20.924999237060547,20.924999237060547,20.875,20.885000228881836,1603,0.0,0.0
2024-08-26 09:55:00-04:00,21.010000228881836,21.09000015258789,20.989999771118164,21.079999923706055,2702,0.0,0.0
2024-08-26 10:00:00-04:00,21.020000457763672,21.020000457763672,21.020000457763672,21.020000457763672,202,0.0,0.0
2024-08-26 10:05:00-04:00,21.1200008392334,21.1200008392334,21.104999542236328,21.104999542236328,732,0.0,0.0
2024-08-26 10:10:00-04:00,21.135000228881836,21.135000228881836,21.135000228881836,21.135000228881836,626,0.0,0.0
2024-08-26 10:15:00-04:00,21.149999618530273,21.15999984741211,21.059999465942383,21.059999465942383,2219,0.0,0.0
2024-08-26 10:20:00-04:00,21.03499984741211,21.040000915527344,21.03499984741211,21.040000915527344,623,0.0,0.0
2024-08-26 10:25:00-04:00,21.190000534057617,21.190000534057617,21.190000534057617,21.190000534057617,313,0.0,0.0
2024-08-26 10:30:00-04:00,21.190000534057617,21.190000534057617,21.190000534057617,21.190000534057617,543,0.0,0.0
2024-08-26 10:35:00-04:00,21.19499969482422,21.19499969482422,21.19499969482422,21.19499969482422,127,0.0,0.0
2024-08-26 10:40:00-04:00,21.190000534057617,21.219999313354492,21.190000534057617,21.219999313354492,834,0.0,0.0
2024-08-26 10:45:00-04:00,21.219999313354492,21.219999313354492,21.139999389648438,21.139999389648438,1018,0.0,0.0
2024-08-26 10:50:00-04:00,21.097000122070312,21.097000122070312,21.097000122070312,21.097000122070312,150,0.0,0.0
2024-08-26 10:55:00-04:00,21.084999084472656,21.12070083618164,21.084999084472656,21.12070083618164,233,0.0,0.0
2024-08-26 11:00:00-04:00,21.100000381469727,21.100000381469727,21.100000381469727,21.100000381469727,143,0.0,0.0
2024-08-26 11:05:00-04:00,20.979999542236328,20.979999542236328,20.979999542236328,20.979999542236328,199,0.0,0.0
2024-08-26 11:10:00-04:00,21.0,21.0,20.940099716186523,20.940099716186523,2950,0.0,0.0
2024-08-26 11:20:00-04:00,20.902000427246094,20.902000427246094,20.902000427246094,20.902000427246094,228,0.0,0.0
2024-08-26 11:30:00-04:00,20.8700008392334,20.940000534057617,20.810100555419922,20.940000534057617,2499,0.0,0.0
2024-08-26 11:35:00-04:00,20.94499969482422,20.94499969482422,20.94499969482422,20.94499969482422,1279,0.0,0.0
2024-08-26 11:45:00-04:00,20.905000686645508,20.905000686645508,20.905000686645508,20.905000686645508,148,0.0,0.0
2024-08-26 11:50:00-04:00,20.950000762939453,20.950000762939453,20.950000762939453,20.950000762939453,489,0.0,0.0
2024-08-26 12:00:00-04:00,20.90999984741211,20.90999984741211,20.90999984741211,20.90999984741211,989,0.0,0.0
2024-08-26 12:10:00-04:00,21.0,21.0,21.0,21.0,956,0.0,0.0
2024-08-26 12:20:00-04:00,21.024999618530273,21.024999618530273,21.024999618530273,21.024999618530273,1180,0.0,0.0
2024-08-26 12:30:00-04:00,20.969999313354492,20.969999313354492,20.969999313354492,20.969999313354492,341,0.0,0.0
2024-08-26 12:35:00-04:00,20.96500015258789,21.0,20.96500015258789,21.0,1660,0.0,0.0
2024-08-26 12:45:00-04:00,21.010000228881836,21.010000228881836,21.010000228881836,21.010000228881836,469,0.0,0.0
2024-08-26 12:50:00-04:00,21.030000686645508,21.030000686645508,21.030000686645508,21.030000686645508,105,0.0,0.0
2024-08-26 12:55:00-04:00,21.049999237060547,21.11319923400879,21.049999237060547,21.11319923400879,1801,0.0,0.0
2024-08-26 13:00:00-04:00,21.1299991607666,21.1299991607666,21.1299991607666,21.1299991607666,838,0.0,0.0
2024-08-26 13:10:00-04:00,21.1200008392334,21.1200008392334,21.1200008392334,21.1200008392334,260,0.0,0.0
2024-08-26 13:15:00-04:00,21.15999984741211,21.15999984741211,21.15999984741211,21.15999984741211,725,0.0,0.0
2024-08-26 13:30:00-04:00,21.110000610351562,21.110000610351562,21.059999465942383,21.059999465942383,804,0.0,0.0
2024-08-26 13:35:00-04:00,21.059999465942383,21.059999465942383,21.0,21.0,381,0.0,0.0
2024-08-26 13:45:00-04:00,21.0049991607666,21.040000915527344,21.0049991607666,21.040000915527344,2463,0.0,0.0
2024-08-26 13:50:00-04:00,21.020000457763672,21.020000457763672,21.020000457763672,21.020000457763672,467,0.0,0.0
2024-08-26 13:55:00-04:00,21.040000915527344,21.040000915527344,20.950000762939453,20.950000762939453,1739,0.0,0.0
2024-08-26 14:00:00-04:00,21.010000228881836,21.010000228881836,21.010000228881836,21.010000228881836,234,0.0,0.0
2024-08-26 14:05:00-04:00,21.0,21.0,21.0,21.0,1161,0.0,0.0
2024-08-26 14:25:00-04:00,20.989999771118164,21.010000228881836,20.989999771118164,21.010000228881836,1968,0.0,0.0
2024-08-26 14:30:00-04:00,21.0,21.0,21.0,21.0,818,0.0,0.0
2024-08-26 14:40:00-04:00,21.020000457763672,21.020000457763672,21.020000457763672,21.020000457763672,496,0.0,0.0
2024-08-26 14:45:00-04:00,21.030000686645508,21.030000686645508,21.030000686645508,21.030000686645508,753,0.0,0.0
2024-08-26 14:50:00-04:00,20.989999771118164,21.020000457763672,20.989999771118164,21.020000457763672,2013,0.0,0.0
2024-08-26 14:55:00-04:00,21.000999450683594,21.000999450683594,21.000999450683594,21.000999450683594,1074,0.0,0.0
2024-08-26 15:00:00-04:00,21.06999969482422,21.075000762939453,21.049999237060547,21.075000762939453,1718,0.0,0.0
2024-08-26 15:10:00-04:00,21.09000015258789,21.09000015258789,21.070999145507812,21.070999145507812,1531,0.0,0.0
2024-08-26 15:20:00-04:00,21.06999969482422,21.06999969482422,21.049999237060547,21.049999237060547,1646,0.0,0.0
2024-08-26 15:25:00-04:00,21.040000915527344,21.040000915527344,20.987499237060547,20.987499237060547,746,0.0,0.0
2024-08-26 15:30:00-04:00,20.969999313354492,21.059999465942383,20.969999313354492,21.040000915527344,3939,0.0,0.0
2024-08-26 15:35:00-04:00,21.030000686645508,21.040000915527344,20.989999771118164,21.0,3319,0.0,0.0
2024-08-26 15:40:00-04:00,21.010000228881836,21.049999237060547,20.969999313354492,21.0,4573,0.0,0.0
2024-08-26 15:45:00-04:00,20.989999771118164,21.0,20.90999984741211,20.915000915527344,6844,0.0,0.0
2024-08-26 15:50:00-04:00,20.90999984741211,20.940000534057617,20.9060001373291,20.90999984741211,5371,0.0,0.0
2024-08-26 15:55:00-04:00,20.905000686645508,21.010000228881836,20.905000686645508,21.0049991607666,27143,0.0,0.0
2024-08-27 09:30:00-04:00,20.899999618530273,21.075000762939453,20.760000228881836,20.760000228881836,3486,0.0,0.0
2024-08-27 09:35:00-04:00,20.674999237060547,20.829999923706055,20.674999237060547,20.825000762939453,1212,0.0,0.0
2024-08-27 09:40:00-04:00,20.825000762939453,20.825000762939453,20.825000762939453,20.825000762939453,627,0.0,0.0
2024-08-27 09:45:00-04:00,20.93000030517578,21.030000686645508,20.899999618530273,21.030000686645508,2983,0.0,0.0
2024-08-27 09:50:00-04:00,20.924999237060547,20.93000030517578,20.84000015258789,20.889999389648438,2442,0.0,0.0
2024-08-27 09:55:00-04:00,20.81999969482422,20.885000228881836,20.81999969482422,20.885000228881836,921,0.0,0.0
2024-08-27 10:05:00-04:00,20.969999313354492,20.969999313354492,20.924999237060547,20.96500015258789,854,0.0,0.0
2024-08-27 10:10:00-04:00,20.93000030517578,20.93000030517578,20.790000915527344,20.790000915527344,5906,0.0,0.0
2024-08-27 10:15:00-04:00,20.809999465942383,20.940000534057617,20.809999465942383,20.940000534057617,1317,0.0,0.0
2024-08-27 10:25:00-04:00,20.989999771118164,20.989999771118164,20.989999771118164,20.989999771118164,287,0.0,0.0
2024-08-27 10:30:00-04:00,20.895000457763672,20.899999618530273,20.889999389648438,20.889999389648438,419,0.0,0.0
2024-08-27 10:35:00-04:00,20.920000076293945,20.989999771118164,20.920000076293945,20.985000610351562,1814,0.0,0.0
2024-08-27 10:40:00-04:00,21.030000686645508,21.100000381469727,21.030000686645508,21.100000381469727,1085,0.0,0.0
2024-08-27 10:45:00-04:00,21.145000457763672,21.145000457763672,21.06999969482422,21.06999969482422,1189,0.0,0.0
2024-08-27 10:50:00-04:00,21.06999969482422,21.075000762939453,21.030000686645508,21.030000686645508,806,0.0,0.0
2024-08-27 10:55:00-04:00,21.020000457763672,21.020000457763672,21.010000228881836,21.010000228881836,710,0.0,0.0
2024-08-27 11:10:00-04:00,21.075000762939453,21.075000762939453,21.075000762939453,21.075000762939453,431,0.0,0.0
2024-08-27 11:15:00-04:00,21.020000457763672,21.020000457763672,21.010000228881836,21.010000228881836,546,0.0,0.0
2024-08-27 11:25:00-04:00,20.959999084472656,20.959999084472656,20.959999084472656,20.959999084472656,334,0.0,0.0
2024-08-27 11:35:00-04:00,20.92009925842285,20.959999084472656,20.920000076293945,20.959999084472656,333,0.0,0.0
2024-08-27 11:40:00-04:00,20.93000030517578,20.989999771118164,20.920000076293945,20.989999771118164,3678,0.0,0.0
2024-08-27 11:50:00-04:00,20.940000534057617,20.959999084472656,20.93000030517578,20.93000030517578,1046,0.0,0.0
2024-08-27 12:00:00-04:00,20.94499969482422,20.94499969482422,20.94499969482422,20.94499969482422,139,0.0,0.0
2024-08-27 12:05:00-04:00,20.934999465942383,20.979999542236328,20.93000030517578,20.96500015258789,3271,0.0,0.0
2024-08-27 12:10:00-04:00,21.0,21.0049991607666,21.0,21.0049991607666,1249,0.0,0.0
2024-08-27 12:15:00-04:00,20.9950008392334,20.9950008392334,20.9950008392334,20.9950008392334,301,0.0,0.0
2024-08-27 12:25:00-04:00,21.010000228881836,21.030000686645508,21.010000228881836,21.030000686645508,1008,0.0,0.0
2024-08-27 12:30:00-04:00,21.040000915527344,21.040000915527344,21.040000915527344,21.040000915527344,452,0.0,0.0
2024-08-27 12:35:00-04:00,21.020000457763672,21.049999237060547,21.020000457763672,21.049999237060547,1263,0.0,0.0
2024-08-27 12:40:00-04:00,21.06999969482422,21.06999969482422,21.045000076293945,21.045000076293945,710,0.0,0.0
2024-08-27 12:50:00-04:00,21.05500030517578,21.059999465942383,21.049999237060547,21.059999465942383,602,0.0,0.0
2024-08-27 12:55:00-04:00,21.079999923706055,21.079999923706055,21.079999923706055,21.079999923706055,1059,0.0,0.0
2024-08-27 13:00:00-04:00,21.020000457763672,21.020000457763672,21.020000457763672,21.020000457763672,326,0.0,0.0
2024-08-27 13:10:00-04:00,21.0,21.0,21.0,21.0,2902,0.0,0.0
2024-08-27 13:20:00-04:00,21.010000228881836,21.010000228881836,21.010000228881836,21.010000228881836,212,0.0,0.0
2024-08-27 13:25:00-04:00,21.040000915527344,21.049999237060547,21.010000228881836,21.049999237060547,2060,0.0,0.0
2024-08-27 13:30:00-04:00,21.030000686645508,21.09000015258789,21.024999618530273,21.09000015258789,9838,0.0,0.0
2024-08-27 13:35:00-04:00,21.035400390625,21.035400390625,21.020000457763672,21.020000457763672,1188,0.0,0.0
2024-08-27 13:40:00-04:00,21.030000686645508,21.049999237060547,21.030000686645508,21.049999237060547,1038,0.0,0.0
2024-08-27 13:45:00-04:00,21.09000015258789,21.09000015258789,21.09000015258789,21.09000015258789,420,0.0,0.0
2024-08-27 13:55:00-04:00,21.079999923706055,21.079999923706055,21.06999969482422,21.06999969482422,861,0.0,0.0
2024-08-27 14:00:00-04:00,21.059999465942383,21.059999465942383,21.059999465942383,21.059999465942383,343,0.0,0.0
2024-08-27 14:05:00-04:00,21.09000015258789,21.09000015258789,21.09000015258789,21.09000015258789,600,0.0,0.0
2024-08-27 14:10:00-04:00,21.139999389648438,21.139999389648438,21.139999389648438,21.139999389648438,443,0.0,0.0
2024-08-27 14:15:00-04:00,21.110000610351562,21.110000610351562,21.110000610351562,21.110000610351562,491,0.0,0.0
2024-08-27 14:20:00-04:00,21.06999969482422,21.06999969482422,21.049999237060547,21.049999237060547,272,0.0,0.0
2024-08-27 14:25:00-04:00,21.06999969482422,21.100000381469727,21.06999969482422,21.100000381469727,1533,0.0,0.0
2024-08-27 14:40:00-04:00,21.190000534057617,21.190000534057617,21.149999618530273,21.149999618530273,1750,0.0,0.0
2024-08-27 15:00:00-04:00,21.139999389648438,21.199899673461914,21.139999389648438,21.199899673461914,2677,0.0,0.0
2024-08-27 15:05:00-04:00,21.165000915527344,21.165000915527344,21.165000915527344,21.165000915527344,116,0.0,0.0
2024-08-27 15:10:00-04:00,21.18000030517578,21.18000030517578,21.149999618530273,21.149999618530273,9666,0.0,0.0
2024-08-27 15:15:00-04:00,21.149999618530273,21.149999618530273,21.1299991607666,21.1299991607666,629,0.0,0.0
2024-08-27 15:20:00-04:00,21.100000381469727,21.100000381469727,20.979999542236328,21.014999389648438,1879,0.0,0.0
2024-08-27 15:25:00-04:00,21.024999618530273,21.139999389648438,21.024999618530273,21.139999389648438,3400,0.0,0.0
2024-08-27 15:30:00-04:00,21.15999984741211,21.15999984741211,21.149999618530273,21.149999618530273,1674,0.0,0.0
2024-08-27 15:35:00-04:00,21.18000030517578,21.18000030517578,21.15999984741211,21.15999984741211,1308,0.0,0.0
2024-08-27 15:45:00-04:00,21.139999389648438,21.170000076293945,21.139999389648438,21.170000076293945,1469,0.0,0.0
2024-08-27 15:50:00-04:00,21.15999984741211,21.18000030517578,21.1299991607666,21.139999389648438,4744,0.0,0.0
2024-08-27 15:55:00-04:00,21.1200008392334,21.149999618530273,21.049999237060547,21.049999237060547,11582,0.0,0.0
2024-08-28 09:30:00-04:00,21.049999237060547,21.15999984741211,21.0,21.049999237060547,3272,0.0,0.0
2024-08-28 09:35:00-04:00,21.075000762939453,21.229999542236328,21.045000076293945,21.229999542236328,2949,0.0,0.0
2024-08-28 09:45:00-04:00,21.25,21.3799991607666,21.25,21.3799991607666,744,0.0,0.0
2024-08-28 09:55:00-04:00,21.44499969482422,21.44499969482422,21.360000610351562,21.440000534057617,2038,0.0,0.0
2024-08-28 10:00:00-04:00,21.34000015258789,21.40999984741211,21.34000015258789,21.40999984741211,498,0.0,0.0
2024-08-28 10:10:00-04:00,21.31999969482422,21.31999969482422,21.290000915527344,21.290000915527344,525,0.0,0.0
2024-08-28 10:15:00-04:00,21.290000915527344,21.299999237060547,21.270000457763672,21.270000457763672,743,0.0,0.0
2024-08-28 10:25:00-04:00,21.28499984741211,21.28499984741211,21.28499984741211,21.28499984741211,397,0.0,0.0
2024-08-28 10:30:00-04:00,21.309999465942383,21.312000274658203,21.309999465942383,21.312000274658203,843,0.0,0.0
2024-08-28 10:35:00-04:00,21.350000381469727,21.405000686645508,21.350000381469727,21.375,1318,0.0,0.0
2024-08-28 10:40:00-04:00,21.3700008392334,21.385000228881836,21.3700008392334,21.385000228881836,612,0.0,0.0
2024-08-28 10:45:00-04:00,21.40530014038086,21.454999923706055,21.40530014038086,21.454999923706055,1156,0.0,0.0
2024-08-28 10:50:00-04:00,21.44499969482422,21.479999542236328,21.44499969482422,21.479999542236328,470,0.0,0.0
2024-08-28 11:00:00-04:00,21.415000915527344,21.415000915527344,21.415000915527344,21.415000915527344,678,0.0,0.0
2024-08-28 11:05:00-04:00,21.459999084472656,21.459999084472656,21.459999084472656,21.459999084472656,640,0.0,0.0
2024-08-28 11:10:00-04:00,21.479999542236328,21.479999542236328,21.440000534057617,21.459999084472656,1052,0.0,0.0
2024-08-28 11:15:00-04:00,21.420000076293945,21.479999542236328,21.420000076293945,21.43000030517578,3582,0.0,0.0
2024-08-28 11:20:00-04:00,21.422500610351562,21.454999923706055,21.389999389648438,21.454999923706055,3766,0.0,0.0
2024-08-28 11:25:00-04:00,21.420000076293945,21.518999099731445,21.389999389648438,21.518999099731445,3966,0.0,0.0
2024-08-28 11:35:00-04:00,21.53499984741211,21.559999465942383,21.53499984741211,21.559999465942383,449,0.0,0.0
2024-08-28 11:40:00-04:00,21.56999969482422,21.579999923706055,21.56999969482422,21.56999969482422,1886,0.0,0.0
2024-08-28 11:45:00-04:00,21.600000381469727,21.600000381469727,21.600000381469727,21.600000381469727,157,0.0,0.0
2024-08-28 11:50:00-04:00,21.549999237060547,21.614999771118164,21.549999237060547,21.614999771118164,1768,0.0,0.0
2024-08-28 11:55:00-04:00,21.600000381469727,21.600000381469727,21.600000381469727,21.600000381469727,237,0.0,0.0
2024-08-28 12:00:00-04:00,21.610000610351562,21.610000610351562,21.579999923706055,21.579999923706055,1488,0.0,0.0
2024-08-28 12:05:00-04:00,21.540000915527344,21.55500030517578,21.540000915527344,21.55500030517578,1082,0.0,0.0
2024-08-28 12:10:00-04:00,21.59000015258789,21.600000381469727,21.59000015258789,21.600000381469727,1424,0.0,0.0
2024-08-28 12:15:00-04:00,21.59000015258789,21.59000015258789,21.579999923706055,21.579999923706055,511,0.0,0.0
2024-08-28 12:20:00-04:00,21.59000015258789,21.600000381469727,21.59000015258789,21.600000381469727,773,0.0,0.0
2024-08-28 12:25:00-04:00,21.579999923706055,21.579999923706055,21.520000457763672,21.520000457763672,1508,0.0,0.0
2024-08-28 12:35:00-04:00,21.5,21.5,21.469999313354492,21.469999313354492,657,0.0,0.0
2024-08-28 12:40:00-04:00,21.479999542236328,21.520000457763672,21.479999542236328,21.520000457763672,656,0.0,0.0
2024-08-28 12:45:00-04:00,21.514999389648438,21.59000015258789,21.5,21.59000015258789,6089,0.0,0.0
2024-08-28 12:50:00-04:00,21.611000061035156,21.611000061035156,21.611000061035156,21.611000061035156,613,0.0,0.0
2024-08-28 12:55:00-04:00,21.649999618530273,21.670000076293945,21.649999618530273,21.670000076293945,659,0.0,0.0
2024-08-28 13:10:00-04:00,21.645000457763672,21.69499969482422,21.600000381469727,21.600000381469727,3075,0.0,0.0
2024-08-28 13:15:00-04:00,21.520000457763672,21.520000457763672,21.5,21.5,1849,0.0,0.0
2024-08-28 13:40:00-04:00,21.514999389648438,21.514999389648438,21.514999389648438,21.514999389648438,885,0.0,0.0
2024-08-28 13:45:00-04:00,21.5,21.5,21.5,21.5,5390,0.0,0.0
2024-08-28 13:55:00-04:00,21.459999084472656,21.489999771118164,21.440000534057617,21.489999771118164,2934,0.0,0.0
2024-08-28 14:05:00-04:00,21.5,21.530000686645508,21.5,21.530000686645508,1177,0.0,0.0
2024-08-28 14:10:00-04:00,21.530000686645508,21.530000686645508,21.5,21.5,2524,0.0,0.0
2024-08-28 14:20:00-04:00,21.5,21.600000381469727,21.5,21.565000534057617,1913,0.0,0.0
2024-08-28 14:30:00-04:00,21.579999923706055,21.610000610351562,21.579999923706055,21.610000610351562,2770,0.0,0.0
2024-08-28 14:35:00-04:00,21.59000015258789,21.600000381469727,21.59000015258789,21.600000381469727,718,0.0,0.0
2024-08-28 14:45:00-04:00,21.610000610351562,21.610000610351562,21.600000381469727,21.600000381469727,1355,0.0,0.0
2024-08-28 14:50:00-04:00,21.625,21.670000076293945,21.625,21.670000076293945,544,0.0,0.0
2024-08-28 14:55:00-04:00,21.68000030517578,21.709999084472656,21.68000030517578,21.709999084472656,977,0.0,0.0
2024-08-28 15:00:00-04:00,21.739999771118164,21.739999771118164,21.739999771118164,21.739999771118164,291,0.0,0.0
2024-08-28 15:05:00-04:00,21.729999542236328,21.729999542236328,21.700000762939453,21.729999542236328,877,0.0,0.0
2024-08-28 15:10:00-04:00,21.690000534057617,21.690000534057617,21.665000915527344,21.665000915527344,746,0.0,0.0
2024-08-28 15:15:00-04:00,21.649999618530273,21.649999618530273,21.649999618530273,21.649999618530273,1121,0.0,0.0
2024-08-28 15:20:00-04:00,21.760000228881836,21.760000228881836,21.760000228881836,21.760000228881836,543,0.0,0.0
2024-08-28 15:25:00-04:00,21.809999465942383,21.809999465942383,21.809999465942383,21.809999465942383,282,0.0,0.0
2024-08-28 15:30:00-04:00,21.78499984741211,21.78499984741211,21.77739906311035,21.77739906311035,748,0.0,0.0
2024-08-28 15:35:00-04:00,21.760000228881836,21.760000228881836,21.760000228881836,21.760000228881836,511,0.0,0.0
2024-08-28 15:40:00-04:00,21.790000915527344,21.809999465942383,21.770000457763672,21.809999465942383,4299,0.0,0.0
2024-08-28 15:45:00-04:00,21.81999969482422,21.81999969482422,21.719999313354492,21.719999313354492,5569,0.0,0.0
2024-08-28 15:50:00-04:00,21.729999542236328,21.729999542236328,21.700000762939453,21.700000762939453,5931,0.0,0.0
2024-08-28 15:55:00-04:00,21.739999771118164,21.780000686645508,21.690000534057617,21.709999084472656,16772,0.0,0.0
2024-08-29 09:30:00-04:00,21.739999771118164,21.78499984741211,21.600000381469727,21.78499984741211,10430,0.0,0.0
2024-08-29 09:35:00-04:00,21.78499984741211,21.78499984741211,21.762500762939453,21.774999618530273,1109,0.0,0.0
2024-08-29 09:40:00-04:00,21.84000015258789,21.84000015258789,21.84000015258789,21.84000015258789,1073,0.0,0.0
2024-08-29 09:45:00-04:00,21.940000534057617,22.100000381469727,21.905000686645508,22.09000015258789,6379,0.0,0.0
2024-08-29 09:50:00-04:00,21.989999771118164,22.040000915527344,21.954999923706055,22.040000915527344,2121,0.0,0.0
2024-08-29 09:55:00-04:00,22.079999923706055,22.1200008392334,22.079999923706055,22.110000610351562,1398,0.0,0.0
2024-08-29 10:00:00-04:00,22.2450008392334,22.25,22.2450008392334,22.25,968,0.0,0.0
2024-08-29 10:05:00-04:00,22.170000076293945,22.170000076293945,22.010000228881836,22.100000381469727,6869,0.0,0.0
2024-08-29 10:10:00-04:00,22.100000381469727,22.149999618530273,22.100000381469727,22.149999618530273,1261,0.0,0.0
2024-08-29 10:15:00-04:00,22.260000228881836,22.290000915527344,22.260000228881836,22.290000915527344,1159,0.0,0.0
2024-08-29 10:30:00-04:00,22.309999465942383,22.329999923706055,22.25,22.25,973,0.0,0.0
2024-08-29 10:35:00-04:00,22.25,22.25,22.25,22.25,378,0.0,0.0
2024-08-29 10:40:00-04:00,22.299999237060547,22.299999237060547,22.299999237060547,22.299999237060547,249,0.0,0.0
2024-08-29 10:45:00-04:00,22.299999237060547,22.360000610351562,22.290000915527344,22.344999313354492,3617,0.0,0.0
2024-08-29 10:50:00-04:00,22.31999969482422,22.31999969482422,22.149999618530273,22.15999984741211,4075,0.0,0.0
2024-08-29 10:55:00-04:00,22.100000381469727,22.100000381469727,22.100000381469727,22.100000381469727,1164,0.0,0.0
2024-08-29 11:05:00-04:00,22.100000381469727,22.100000381469727,22.040000915527344,22.040000915527344,3837,0.0,0.0
2024-08-29 11:10:00-04:00,22.0,22.020000457763672,22.0,22.020000457763672,317,0.0,0.0
2024-08-29 11:15:00-04:00,22.030000686645508,22.040000915527344,22.0,22.010000228881836,2589,0.0,0.0
2024-08-29 11:20:00-04:00,22.010000228881836,22.020000457763672,22.010000228881836,22.010000228881836,850,0.0,0.0
2024-08-29 11:25:00-04:00,22.049999237060547,22.06999969482422,22.030000686645508,22.06999969482422,2364,0.0,0.0
2024-08-29 11:35:00-04:00,22.079999923706055,22.079999923706055,22.049999237060547,22.049999237060547,782,0.0,0.0
2024-08-29 11:40:00-04:00,21.989999771118164,22.059999465942383,21.989999771118164,22.059999465942383,3249,0.0,0.0
2024-08-29 11:50:00-04:00,22.100000381469727,22.10919952392578,22.100000381469727,22.10919952392578,872,0.0,0.0
2024-08-29 11:55:00-04:00,22.139999389648438,22.149999618530273,22.13010025024414,22.13010025024414,2573,0.0,0.0
2024-08-29 12:05:00-04:00,22.200000762939453,22.219999313354492,22.170000076293945,22.170000076293945,3221,0.0,0.0
2024-08-29 12:15:00-04:00,22.149999618530273,22.149999618530273,22.100000381469727,22.1200008392334,2977,0.0,0.0
2024-08-29 12:20:00-04:00,22.059999465942383,22.059999465942383,22.040000915527344,22.040000915527344,584,0.0,0.0
2024-08-29 12:25:00-04:00,22.020000457763672,22.045000076293945,22.0,22.045000076293945,3483,0.0,0.0
2024-08-29 12:35:00-04:00,22.040000915527344,22.049999237060547,22.040000915527344,22.049999237060547,509,0.0,0.0
2024-08-29 12:40:00-04:00,22.0,22.0,22.0,22.0,133,0.0,0.0
2024-08-29 12:45:00-04:00,22.0,22.0,22.0,22.0,1140,0.0,0.0
2024-08-29 12:55:00-04:00,21.979999542236328,22.010000228881836,21.979999542236328,22.010000228881836,7360,0.0,0.0
2024-08-29 13:00:00-04:00,22.010000228881836,22.049999237060547,22.010000228881836,22.049999237060547,1929,0.0,0.0
2024-08-29 13:05:00-04:00,22.1200008392334,22.1200008392334,22.1200008392334,22.1200008392334,695,0.0,0.0
2024-08-29 13:30:00-04:00,22.104999542236328,22.104999542236328,22.075000762939453,22.075000762939453,3569,0.0,0.0
2024-08-29 13:35:00-04:00,22.09000015258789,22.1200008392334,22.09000015258789,22.1200008392334,2083,0.0,0.0
2024-08-29 13:40:00-04:00,22.13990020751953,22.139999389648438,22.110000610351562,22.110000610351562,1689,0.0,0.0
2024-08-29 13:45:00-04:00,22.110000610351562,22.139999389648438,22.110000610351562,22.139999389648438,2194,0.0,0.0
2024-08-29 13:50:00-04:00,22.139999389648438,22.139999389648438,22.139999389648438,22.139999389648438,284,0.0,0.0
2024-08-29 13:55:00-04:00,22.139999389648438,22.139999389648438,22.139999389648438,22.139999389648438,965,0.0,0.0
2024-08-29 14:00:00-04:00,22.110000610351562,22.1200008392334,22.049999237060547,22.049999237060547,1429,0.0,0.0
2024-08-29 14:05:00-04:00,22.049999237060547,22.049999237060547,22.049999237060547,22.049999237060547,844,0.0,0.0
2024-08-29 14:10:00-04:00,22.06999969482422,22.06999969482422,22.04010009765625,22.04010009765625,699,0.0,0.0
2024-08-29 14:15:00-04:00,22.030000686645508,22.049999237060547,22.030000686645508,22.049999237060547,206,0.0,0.0
2024-08-29 14:20:00-04:00,22.049999237060547,22.100000381469727,22.049999237060547,22.100000381469727,2718,0.0,0.0
2024-08-29 14:25:00-04:00,22.110000610351562,22.11989974975586,22.06999969482422,22.06999969482422,2032,0.0,0.0
2024-08-29 14:30:00-04:00,22.0049991607666,22.059999465942383,22.0049991607666,22.059999465942383,1076,0.0,0.0
2024-08-29 14:35:00-04:00,22.059999465942383,22.059999465942383,22.0,22.010000228881836,2931,0.0,0.0
2024-08-29 14:40:00-04:00,22.0049991607666,22.0049991607666,21.950000762939453,22.0,5881,0.0,0.0
2024-08-29 14:45:00-04:00,21.975000381469727,22.0,21.950000762939453,21.969999313354492,2194,0.0,0.0
2024-08-29 14:50:00-04:00,21.959999084472656,21.959999084472656,21.90999984741211,21.940000534057617,2391,0.0,0.0
2024-08-29 14:55:00-04:00,21.979999542236328,21.989999771118164,21.979999542236328,21.989999771118164,730,0.0,0.0
2024-08-29 15:00:00-04:00,21.979999542236328,21.979999542236328,21.950000762939453,21.969999313354492,1582,0.0,0.0
2024-08-29 15:05:00-04:00,21.975000381469727,21.975000381469727,21.93000030517578,21.93000030517578,3461,0.0,0.0
2024-08-29 15:10:00-04:00,21.950000762939453,21.950000762939453,21.895000457763672,21.94499969482422,3727,0.0,0.0
2024-08-29 15:15:00-04:00,21.959999084472656,22.049999237060547,21.959999084472656,22.034799575805664,3486,0.0,0.0
2024-08-29 15:20:00-04:00,21.989999771118164,22.040000915527344,21.989999771118164,22.040000915527344,3699,0.0,0.0
2024-08-29 15:25:00-04:00,22.03499984741211,22.049999237060547,22.010000228881836,22.049999237060547,1360,0.0,0.0
2024-08-29 15:30:00-04:00,22.030000686645508,22.059999465942383,22.010000228881836,22.059999465942383,3012,0.0,0.0
2024-08-29 15:35:00-04:00,22.030000686645508,22.07900047302246,22.014999389648438,22.07699966430664,3201,0.0,0.0
2024-08-29 15:40:00-04:00,22.065000534057617,22.1200008392334,22.0625,22.100000381469727,4374,0.0,0.0
2024-08-29 15:45:00-04:00,22.125,22.219999313354492,22.1200008392334,22.219999313354492,6385,0.0,0.0
2024-08-29 15:50:00-04:00,22.25,22.25,22.18000030517578,22.18000030517578,19529,0.0,0.0
2024-08-29 15:55:00-04:00,22.209999084472656,22.299999237060547,22.200000762939453,22.280000686645508,33779,0.0,0.0
2024-08-30 09:30:00-04:00,22.3799991607666,22.3799991607666,22.3799991607666,22.3799991607666,1765,0.0,0.0
2024-08-30 09:35:00-04:00,22.334999084472656,22.344999313354492,22.334999084472656,22.344999313354492,360,0.0,0.0
2024-08-30 09:45:00-04:00,22.329999923706055,22.329999923706055,22.274999618530273,22.274999618530273,1243,0.0,0.0
2024-08-30 09:50:00-04:00,22.274999618530273,22.274999618530273,22.264999389648438,22.264999389648438,810,0.0,0.0
2024-08-30 09:55:00-04:00,22.264999389648438,22.264999389648438,22.1299991607666,22.1299991607666,2249,0.0,0.0
2024-08-30 10:00:00-04:00,22.139999389648438,22.219999313354492,22.09000015258789,22.100000381469727,808,0.0,0.0
2024-08-30 10:05:00-04:00,22.100000381469727,22.209999084472656,22.100000381469727,22.209999084472656,2141,0.0,0.0
2024-08-30 10:10:00-04:00,22.3799991607666,22.3799991607666,22.3799991607666,22.3799991607666,137,0.0,0.0
2024-08-30 10:20:00-04:00,22.3799991607666,22.3799991607666,22.3799991607666,22.3799991607666,476,0.0,0.0
2024-08-30 10:25:00-04:00,22.40999984741211,22.40999984741211,22.40999984741211,22.40999984741211,860,0.0,0.0
2024-08-30 10:40:00-04:00,22.450000762939453,22.450000762939453,22.43000030517578,22.43000030517578,790,0.0,0.0
2024-08-30 10:55:00-04:00,22.450000762939453,22.450000762939453,22.450000762939453,22.450000762939453,151,0.0,0.0
2024-08-30 11:00:00-04:00,22.43000030517578,22.43000030517578,22.43000030517578,22.43000030517578,111,0.0,0.0
2024-08-30 11:05:00-04:00,22.440000534057617,22.440000534057617,22.43000030517578,22.43000030517578,380,0.0,0.0
2024-08-30 11:10:00-04:00,22.440000534057617,22.440000534057617,22.438499450683594,22.438499450683594,924,0.0,0.0
2024-08-30 11:15:00-04:00,22.424999237060547,22.424999237060547,22.424999237060547,22.424999237060547,173,0.0,0.0
2024-08-30 11:20:00-04:00,22.389999389648438,22.389999389648438,22.382099151611328,22.382099151611328,808,0.0,0.0
2024-08-30 11:30:00-04:00,22.260000228881836,22.260000228881836,22.260000228881836,22.260000228881836,583,0.0,0.0
2024-08-30 11:35:00-04:00,22.229999542236328,22.229999542236328,22.21500015258789,22.21500015258789,554,0.0,0.0
2024-08-30 11:50:00-04:00,22.18000030517578,22.18000030517578,22.18000030517578,22.18000030517578,529,0.0,0.0
2024-08-30 11:55:00-04:00,22.190000534057617,22.209999084472656,22.15999984741211,22.15999984741211,1850,0.0,0.0
2024-08-30 12:05:00-04:00,22.239999771118164,22.239999771118164,22.239999771118164,22.239999771118164,378,0.0,0.0
2024-08-30 12:15:00-04:00,22.200000762939453,22.200000762939453,22.18000030517578,22.18000030517578,660,0.0,0.0
2024-08-30 12:25:00-04:00,22.170000076293945,22.170000076293945,22.170000076293945,22.170000076293945,542,0.0,0.0
2024-08-30 12:30:00-04:00,22.1299991607666,22.1299991607666,22.1299991607666,22.1299991607666,101,0.0,0.0
2024-08-30 12:35:00-04:00,22.100000381469727,22.129899978637695,22.087200164794922,22.100000381469727,1600,0.0,0.0
2024-08-30 12:45:00-04:00,22.079999923706055,22.09000015258789,22.079999923706055,22.09000015258789,1104,0.0,0.0
2024-08-30 12:50:00-04:00,22.09000015258789,22.100000381469727,22.09000015258789,22.100000381469727,1018,0.0,0.0
2024-08-30 12:55:00-04:00,22.09000015258789,22.100000381469727,22.079999923706055,22.079999923706055,1356,0.0,0.0
2024-08-30 13:05:00-04:00,22.084999084472656,22.084999084472656,22.084999084472656,22.084999084472656,946,0.0,0.0
2024-08-30 13:20:00-04:00,22.09000015258789,22.190000534057617,22.09000015258789,22.190000534057617,3712,0.0,0.0
2024-08-30 13:30:00-04:00,22.170000076293945,22.170000076293945,22.170000076293945,22.170000076293945,396,0.0,0.0
2024-08-30 13:35:00-04:00,22.139999389648438,22.139999389648438,22.139999389648438,22.139999389648438,467,0.0,0.0
2024-08-30 13:45:00-04:00,22.06999969482422,22.06999969482422,22.06999969482422,22.06999969482422,536,0.0,0.0
2024-08-30 13:50:00-04:00,22.09000015258789,22.09000015258789,22.09000015258789,22.09000015258789,411,0.0,0.0
2024-08-30 13:55:00-04:00,22.100000381469727,22.110000610351562,22.100000381469727,22.110000610351562,518,0.0,0.0
2024-08-30 14:00:00-04:00,22.110000610351562,22.110000610351562,22.110000610351562,22.110000610351562,874,0.0,0.0
2024-08-30 14:05:00-04:00,22.200000762939453,22.200000762939453,22.200000762939453,22.200000762939453,225,0.0,0.0
2024-08-30 14:10:00-04:00,22.190000534057617,22.219999313354492,22.190000534057617,22.219999313354492,1536,0.0,0.0
2024-08-30 14:25:00-04:00,22.260000228881836,22.260000228881836,22.260000228881836,22.260000228881836,894,0.0,0.0
2024-08-30 14:30:00-04:00,22.309999465942383,22.309999465942383,22.260000228881836,22.260000228881836,532,0.0,0.0
2024-08-30 14:40:00-04:00,22.309999465942383,22.309999465942383,22.309999465942383,22.309999465942383,1343,0.0,0.0
2024-08-30 14:50:00-04:00,22.299999237060547,22.299999237060547,22.280000686645508,22.280000686645508,1305,0.0,0.0
2024-08-30 15:00:00-04:00,22.309999465942383,22.309999465942383,22.270000457763672,22.290000915527344,1541,0.0,0.0
2024-08-30 15:10:00-04:00,22.241300582885742,22.241300582885742,22.2012996673584,22.2012996673584,4109,0.0,0.0
2024-08-30 15:15:00-04:00,22.190000534057617,22.260000228881836,22.18000030517578,22.259899139404297,5663,0.0,0.0
2024-08-30 15:20:00-04:00,22.260000228881836,22.290000915527344,22.260000228881836,22.290000915527344,1859,0.0,0.0
2024-08-30 15:25:00-04:00,22.280000686645508,22.280000686645508,22.280000686645508,22.280000686645508,243,0.0,0.0
2024-08-30 15:30:00-04:00,22.290000915527344,22.290000915527344,22.219999313354492,22.219999313354492,1454,0.0,0.0
2024-08-30 15:35:00-04:00,22.229999542236328,22.290000915527344,22.225000381469727,22.290000915527344,1542,0.0,0.0
2024-08-30 15:40:00-04:00,22.270000457763672,22.290000915527344,22.270000457763672,22.290000915527344,1317,0.0,0.0
2024-08-30 15:45:00-04:00,22.280000686645508,22.280000686645508,22.260000228881836,22.260000228881836,944,0.0,0.0
2024-08-30 15:50:00-04:00,22.309999465942383,22.389999389648438,22.309999465942383,22.360000610351562,5913,0.0,0.0
2024-08-30 15:55:00-04:00,22.389999389648438,22.440000534057617,22.389999389648438,22.389999389648438,8637,0.0,0.0
