Datetime,Open,High,Low,Close,Volume,Dividends,Stock Splits,Capital Gains
2024-08-01 09:30:00-04:00,30.229999542236328,30.229999542236328,30.229999542236328,30.229999542236328,0,0.0,0.0,0.0
2024-08-01 09:35:00-04:00,30.259899139404297,30.259899139404297,30.2450008392334,30.2450008392334,1091,0.0,0.0,0.0
2024-08-01 09:45:00-04:00,30.23550033569336,30.23550033569336,30.23550033569336,30.23550033569336,1567,0.0,0.0,0.0
2024-08-01 09:50:00-04:00,30.259899139404297,30.259899139404297,30.259899139404297,30.259899139404297,5000,0.0,0.0,0.0
2024-08-01 09:55:00-04:00,30.260000228881836,30.260000228881836,30.260000228881836,30.260000228881836,1171,0.0,0.0,0.0
2024-08-01 10:00:00-04:00,30.2549991607666,30.2549991607666,30.2549991607666,30.2549991607666,457,0.0,0.0,0.0
2024-08-01 10:05:00-04:00,30.236600875854492,30.2450008392334,30.236600875854492,30.2450008392334,1962,0.0,0.0,0.0
2024-08-01 10:15:00-04:00,30.239999771118164,30.239999771118164,30.230100631713867,30.230100631713867,401,0.0,0.0,0.0
2024-08-01 10:20:00-04:00,30.229900360107422,30.229999542236328,30.225000381469727,30.225000381469727,1300,0.0,0.0,0.0
2024-08-01 10:35:00-04:00,30.209999084472656,30.209999084472656,30.209999084472656,30.209999084472656,1390,0.0,0.0,0.0
2024-08-01 10:45:00-04:00,30.190000534057617,30.190000534057617,30.190000534057617,30.190000534057617,337,0.0,0.0,0.0
2024-08-01 11:10:00-04:00,30.164899826049805,30.174999237060547,30.164899826049805,30.174999237060547,401,0.0,0.0,0.0
2024-08-01 11:25:00-04:00,30.18000030517578,30.18000030517578,30.179800033569336,30.179800033569336,336,0.0,0.0,0.0
2024-08-01 11:35:00-04:00,30.174999237060547,30.179899215698242,30.174999237060547,30.179899215698242,844,0.0,0.0,0.0
2024-08-01 11:40:00-04:00,30.170000076293945,30.170000076293945,30.165000915527344,30.165000915527344,237,0.0,0.0,0.0
2024-08-01 11:45:00-04:00,30.15999984741211,30.15999984741211,30.150100708007812,30.150100708007812,865,0.0,0.0,0.0
2024-08-01 11:50:00-04:00,30.155000686645508,30.155000686645508,30.146499633789062,30.149999618530273,2564,0.0,0.0,0.0
2024-08-01 11:55:00-04:00,30.149999618530273,30.15999984741211,30.149999618530273,30.15999984741211,2661,0.0,0.0,0.0
2024-08-01 12:00:00-04:00,30.149999618530273,30.155000686645508,30.149999618530273,30.155000686645508,440,0.0,0.0,0.0
2024-08-01 12:05:00-04:00,30.174999237060547,30.174999237060547,30.174999237060547,30.174999237060547,1092,0.0,0.0,0.0
2024-08-01 12:10:00-04:00,30.16010093688965,30.16010093688965,30.16010093688965,30.16010093688965,255,0.0,0.0,0.0
2024-08-01 12:15:00-04:00,30.165000915527344,30.165000915527344,30.15999984741211,30.15999984741211,500,0.0,0.0,0.0
2024-08-01 12:20:00-04:00,30.165000915527344,30.165000915527344,30.165000915527344,30.165000915527344,310,0.0,0.0,0.0
2024-08-01 12:30:00-04:00,30.15999984741211,30.15999984741211,30.15999984741211,30.15999984741211,1123,0.0,0.0,0.0
2024-08-01 12:35:00-04:00,30.150100708007812,30.15999984741211,30.150100708007812,30.15250015258789,623,0.0,0.0,0.0
2024-08-01 12:50:00-04:00,30.140100479125977,30.14310073852539,30.139999389648438,30.14310073852539,656,0.0,0.0,0.0
2024-08-01 12:55:00-04:00,30.145000457763672,30.145000457763672,30.145000457763672,30.145000457763672,1246,0.0,0.0,0.0
2024-08-01 13:00:00-04:00,30.149900436401367,30.149900436401367,30.139999389648438,30.139999389648438,929,0.0,0.0,0.0
2024-08-01 13:05:00-04:00,30.145000457763672,30.145000457763672,30.139999389648438,30.139999389648438,338,0.0,0.0,0.0
2024-08-01 13:10:00-04:00,30.139999389648438,30.139999389648438,30.13129997253418,30.13129997253418,306,0.0,0.0,0.0
2024-08-01 13:15:00-04:00,30.139999389648438,30.139999389648438,30.139999389648438,30.139999389648438,200,0.0,0.0,0.0
2024-08-01 13:20:00-04:00,30.135000228881836,30.139999389648438,30.135000228881836,30.139999389648438,206,0.0,0.0,0.0
2024-08-01 13:25:00-04:00,30.135000228881836,30.135000228881836,30.135000228881836,30.135000228881836,372,0.0,0.0,0.0
2024-08-01 13:35:00-04:00,30.1299991607666,30.1299991607666,30.110000610351562,30.110000610351562,2307,0.0,0.0,0.0
2024-08-01 13:45:00-04:00,30.100000381469727,30.110000610351562,30.100000381469727,30.110000610351562,265,0.0,0.0,0.0
2024-08-01 13:50:00-04:00,30.104999542236328,30.104999542236328,30.104999542236328,30.104999542236328,139,0.0,0.0,0.0
2024-08-01 13:55:00-04:00,30.112499237060547,30.112499237060547,30.112499237060547,30.112499237060547,171,0.0,0.0,0.0
2024-08-01 14:05:00-04:00,30.110000610351562,30.110000610351562,30.110000610351562,30.110000610351562,203,0.0,0.0,0.0
2024-08-01 14:10:00-04:00,30.100099563598633,30.100099563598633,30.100000381469727,30.100000381469727,1529,0.0,0.0,0.0
2024-08-01 14:25:00-04:00,30.099899291992188,30.099899291992188,30.099899291992188,30.099899291992188,664,0.0,0.0,0.0
2024-08-01 14:30:00-04:00,30.094999313354492,30.094999313354492,30.094999313354492,30.094999313354492,296,0.0,0.0,0.0
2024-08-01 14:35:00-04:00,30.09000015258789,30.09000015258789,30.09000015258789,30.09000015258789,400,0.0,0.0,0.0
2024-08-01 14:40:00-04:00,30.099199295043945,30.099199295043945,30.094999313354492,30.094999313354492,2335,0.0,0.0,0.0
2024-08-01 15:05:00-04:00,30.094999313354492,30.09980010986328,30.094999313354492,30.09980010986328,460,0.0,0.0,0.0
2024-08-01 15:10:00-04:00,30.100000381469727,30.100000381469727,30.100000381469727,30.100000381469727,201,0.0,0.0,0.0
2024-08-01 15:15:00-04:00,30.110000610351562,30.114999771118164,30.110000610351562,30.114999771118164,2525,0.0,0.0,0.0
2024-08-01 15:20:00-04:00,30.1200008392334,30.1200008392334,30.104999542236328,30.110000610351562,1814,0.0,0.0,0.0
2024-08-01 15:25:00-04:00,30.110000610351562,30.110000610351562,30.110000610351562,30.110000610351562,400,0.0,0.0,0.0
2024-08-01 15:30:00-04:00,30.110000610351562,30.125,30.110000610351562,30.1200008392334,846,0.0,0.0,0.0
2024-08-01 15:35:00-04:00,30.11090087890625,30.1200008392334,30.11090087890625,30.1200008392334,2838,0.0,0.0,0.0
2024-08-01 15:40:00-04:00,30.1200008392334,30.1200008392334,30.110000610351562,30.110000610351562,1199,0.0,0.0,0.0
2024-08-01 15:45:00-04:00,30.110000610351562,30.1299991607666,30.110000610351562,30.1299991607666,2050,0.0,0.0,0.0
2024-08-01 15:50:00-04:00,30.135000228881836,30.135000228881836,30.135000228881836,30.135000228881836,215,0.0,0.0,0.0
2024-08-01 15:55:00-04:00,30.1299991607666,30.135000228881836,30.1299991607666,30.135000228881836,4342,0.0,0.0,0.0
2024-08-02 09:30:00-04:00,30.030000686645508,30.049999237060547,30.030000686645508,30.030000686645508,0,0.0,0.0,0.0
2024-08-02 09:35:00-04:00,30.040000915527344,30.040000915527344,30.039899826049805,30.039899826049805,355,0.0,0.0,0.0
2024-08-02 09:40:00-04:00,30.05500030517578,30.05500030517578,30.05500030517578,30.05500030517578,2195,0.0,0.0,0.0
2024-08-02 09:45:00-04:00,30.049999237060547,30.049999237060547,30.049999237060547,30.049999237060547,100,0.0,0.0,0.0
2024-08-02 09:50:00-04:00,30.05500030517578,30.059999465942383,30.045000076293945,30.045000076293945,5841,0.0,0.0,0.0
2024-08-02 10:05:00-04:00,30.030000686645508,30.030000686645508,30.00469970703125,30.006999969482422,4139,0.0,0.0,0.0
2024-08-02 10:10:00-04:00,30.0,30.0,29.969999313354492,29.969999313354492,3646,0.0,0.0,0.0
2024-08-02 10:15:00-04:00,29.989900588989258,29.9950008392334,29.989900588989258,29.989999771118164,1365,0.0,0.0,0.0
2024-08-02 10:25:00-04:00,29.979999542236328,29.980100631713867,29.976200103759766,29.980100631713867,453,0.0,0.0,0.0
2024-08-02 10:30:00-04:00,29.98110008239746,29.98110008239746,29.969999313354492,29.969999313354492,9813,0.0,0.0,0.0
2024-08-02 10:35:00-04:00,29.96500015258789,29.96500015258789,29.96500015258789,29.96500015258789,145,0.0,0.0,0.0
2024-08-02 10:40:00-04:00,29.969900131225586,29.969999313354492,29.960899353027344,29.96500015258789,9713,0.0,0.0,0.0
2024-08-02 10:45:00-04:00,29.96500015258789,29.96500015258789,29.96500015258789,29.96500015258789,100,0.0,0.0,0.0
2024-08-02 10:50:00-04:00,29.969999313354492,29.985000610351562,29.969999313354492,29.979999542236328,4755,0.0,0.0,0.0
2024-08-02 10:55:00-04:00,29.950000762939453,29.950000762939453,29.950000762939453,29.950000762939453,571,0.0,0.0,0.0
2024-08-02 11:00:00-04:00,29.946500778198242,29.95800018310547,29.946300506591797,29.950000762939453,2794,0.0,0.0,0.0
2024-08-02 11:05:00-04:00,29.950000762939453,29.950000762939453,29.950000762939453,29.950000762939453,100,0.0,0.0,0.0
2024-08-02 11:10:00-04:00,29.954999923706055,29.954999923706055,29.940000534057617,29.940000534057617,1134,0.0,0.0,0.0
2024-08-02 11:20:00-04:00,29.950000762939453,29.950000762939453,29.950000762939453,29.950000762939453,362,0.0,0.0,0.0
2024-08-02 11:40:00-04:00,29.979999542236328,29.979999542236328,29.979999542236328,29.979999542236328,175,0.0,0.0,0.0
2024-08-02 11:50:00-04:00,29.979999542236328,29.989999771118164,29.979999542236328,29.989999771118164,2120,0.0,0.0,0.0
2024-08-02 11:55:00-04:00,29.989999771118164,30.0,29.989999771118164,30.0,4963,0.0,0.0,0.0
2024-08-02 12:00:00-04:00,30.0,30.0049991607666,29.9950008392334,29.9950008392334,3960,0.0,0.0,0.0
2024-08-02 12:05:00-04:00,30.0049991607666,30.0049991607666,30.000499725341797,30.0049991607666,5342,0.0,0.0,0.0
2024-08-02 12:10:00-04:00,29.9950008392334,30.0,29.9950008392334,30.0,207,0.0,0.0,0.0
2024-08-02 12:15:00-04:00,29.999799728393555,30.010000228881836,29.991100311279297,30.010000228881836,4837,0.0,0.0,0.0
2024-08-02 12:20:00-04:00,30.010000228881836,30.014999389648438,30.000099182128906,30.014999389648438,2200,0.0,0.0,0.0
2024-08-02 12:25:00-04:00,30.010000228881836,30.010000228881836,30.010000228881836,30.010000228881836,1338,0.0,0.0,0.0
2024-08-02 12:30:00-04:00,30.006799697875977,30.006799697875977,30.006799697875977,30.006799697875977,892,0.0,0.0,0.0
2024-08-02 12:35:00-04:00,30.003700256347656,30.009899139404297,30.001300811767578,30.001300811767578,1129,0.0,0.0,0.0
2024-08-02 12:40:00-04:00,30.01129913330078,30.020000457763672,30.01129913330078,30.020000457763672,400,0.0,0.0,0.0
2024-08-02 12:45:00-04:00,30.020000457763672,30.020000457763672,30.014999389648438,30.014999389648438,4989,0.0,0.0,0.0
2024-08-02 12:50:00-04:00,30.010000228881836,30.010000228881836,29.990100860595703,29.990100860595703,6404,0.0,0.0,0.0
2024-08-02 12:55:00-04:00,29.989900588989258,29.989900588989258,29.989900588989258,29.989900588989258,268,0.0,0.0,0.0
2024-08-02 13:00:00-04:00,29.979999542236328,29.985000610351562,29.979999542236328,29.985000610351562,1129,0.0,0.0,0.0
2024-08-02 13:10:00-04:00,29.989999771118164,30.0,29.989999771118164,29.999900817871094,5909,0.0,0.0,0.0
2024-08-02 13:15:00-04:00,29.991300582885742,30.0,29.991300582885742,30.0,4666,0.0,0.0,0.0
2024-08-02 13:20:00-04:00,30.0,30.0,29.998899459838867,29.998899459838867,2086,0.0,0.0,0.0
2024-08-02 13:25:00-04:00,29.9950008392334,29.999900817871094,29.989999771118164,29.989999771118164,9142,0.0,0.0,0.0
2024-08-02 13:30:00-04:00,29.989999771118164,29.989999771118164,29.985000610351562,29.988000869750977,3664,0.0,0.0,0.0
2024-08-02 13:35:00-04:00,29.980600357055664,29.989999771118164,29.980600357055664,29.985000610351562,391,0.0,0.0,0.0
2024-08-02 13:40:00-04:00,29.989700317382812,29.989700317382812,29.979999542236328,29.979999542236328,9699,0.0,0.0,0.0
2024-08-02 13:45:00-04:00,29.979799270629883,29.979799270629883,29.969999313354492,29.975000381469727,1231,0.0,0.0,0.0
2024-08-02 13:55:00-04:00,29.979999542236328,29.979999542236328,29.979999542236328,29.979999542236328,2158,0.0,0.0,0.0
2024-08-02 14:00:00-04:00,29.976900100708008,29.976900100708008,29.969999313354492,29.969999313354492,770,0.0,0.0,0.0
2024-08-02 14:05:00-04:00,29.975000381469727,29.979999542236328,29.975000381469727,29.979900360107422,4113,0.0,0.0,0.0
2024-08-02 14:10:00-04:00,29.979999542236328,29.979999542236328,29.979999542236328,29.979999542236328,1848,0.0,0.0,0.0
2024-08-02 14:15:00-04:00,29.97010040283203,29.970300674438477,29.97010040283203,29.970300674438477,390,0.0,0.0,0.0
2024-08-02 14:20:00-04:00,29.977500915527344,29.979999542236328,29.977500915527344,29.979999542236328,352,0.0,0.0,0.0
2024-08-02 14:30:00-04:00,30.0,30.0,30.0,30.0,100,0.0,0.0,0.0
2024-08-02 14:35:00-04:00,29.989999771118164,29.989999771118164,29.989999771118164,29.989999771118164,411,0.0,0.0,0.0
2024-08-02 14:55:00-04:00,30.0,30.0,30.0,30.0,636,0.0,0.0,0.0
2024-08-02 15:00:00-04:00,30.0,30.0,29.989999771118164,29.989999771118164,668,0.0,0.0,0.0
2024-08-02 15:05:00-04:00,29.989999771118164,29.989999771118164,29.989999771118164,29.989999771118164,848,0.0,0.0,0.0
2024-08-02 15:10:00-04:00,30.0,30.0,29.990100860595703,30.0,2300,0.0,0.0,0.0
2024-08-02 15:15:00-04:00,30.0,30.0,30.0,30.0,880,0.0,0.0,0.0
2024-08-02 15:20:00-04:00,30.0,30.0,29.989999771118164,30.0,1056,0.0,0.0,0.0
2024-08-02 15:25:00-04:00,30.007999420166016,30.007999420166016,30.0,30.005199432373047,852,0.0,0.0,0.0
2024-08-02 15:30:00-04:00,30.0,30.010000228881836,30.0,30.010000228881836,1139,0.0,0.0,0.0
2024-08-02 15:35:00-04:00,30.0049991607666,30.010000228881836,30.0,30.0,5785,0.0,0.0,0.0
2024-08-02 15:40:00-04:00,29.989999771118164,29.9950008392334,29.985200881958008,29.9950008392334,1926,0.0,0.0,0.0
2024-08-02 15:50:00-04:00,29.979999542236328,30.0,29.979999542236328,30.0,6829,0.0,0.0,0.0
2024-08-02 15:55:00-04:00,30.010000228881836,30.024999618530273,30.010000228881836,30.024999618530273,1033,0.0,0.0,0.0
2024-08-05 09:30:00-04:00,29.709999084472656,29.709999084472656,29.350000381469727,29.40850067138672,0,0.0,0.0,0.0
2024-08-05 09:35:00-04:00,29.489999771118164,29.512100219726562,29.48040008544922,29.512100219726562,10016,0.0,0.0,0.0
2024-08-05 09:40:00-04:00,29.55500030517578,29.579999923706055,29.55500030517578,29.569900512695312,8387,0.0,0.0,0.0
2024-08-05 09:45:00-04:00,29.58009910583496,29.58009910583496,29.58009910583496,29.58009910583496,2973,0.0,0.0,0.0
2024-08-05 09:50:00-04:00,29.614999771118164,29.760000228881836,29.614999771118164,29.75,17543,0.0,0.0,0.0
2024-08-05 09:55:00-04:00,29.790000915527344,29.790000915527344,29.75,29.75,6203,0.0,0.0,0.0
2024-08-05 10:00:00-04:00,29.809999465942383,29.809999465942383,29.75,29.75,3104,0.0,0.0,0.0
2024-08-05 10:05:00-04:00,29.766000747680664,29.766000747680664,29.718000411987305,29.718000411987305,2109,0.0,0.0,0.0
2024-08-05 10:10:00-04:00,29.709999084472656,29.709999084472656,29.700000762939453,29.704999923706055,4005,0.0,0.0,0.0
2024-08-05 10:15:00-04:00,29.704999923706055,29.71969985961914,29.704999923706055,29.71500015258789,10270,0.0,0.0,0.0
2024-08-05 10:20:00-04:00,29.71500015258789,29.71500015258789,29.68000030517578,29.68000030517578,8213,0.0,0.0,0.0
2024-08-05 10:25:00-04:00,29.68600082397461,29.68600082397461,29.68600082397461,29.68600082397461,350,0.0,0.0,0.0
2024-08-05 10:30:00-04:00,29.670000076293945,29.670000076293945,29.639999389648438,29.639999389648438,2570,0.0,0.0,0.0
2024-08-05 10:35:00-04:00,29.590099334716797,29.590099334716797,29.590099334716797,29.590099334716797,354,0.0,0.0,0.0
2024-08-05 10:45:00-04:00,29.610000610351562,29.649999618530273,29.610000610351562,29.63599967956543,231701,0.0,0.0,0.0
2024-08-05 10:50:00-04:00,29.639999389648438,29.639999389648438,29.6299991607666,29.635000228881836,1549,0.0,0.0,0.0
2024-08-05 10:55:00-04:00,29.65570068359375,29.65999984741211,29.65570068359375,29.65570068359375,225,0.0,0.0,0.0
2024-08-05 11:00:00-04:00,29.655000686645508,29.655000686645508,29.655000686645508,29.655000686645508,100,0.0,0.0,0.0
2024-08-05 11:05:00-04:00,29.670000076293945,29.690000534057617,29.670000076293945,29.687999725341797,2485,0.0,0.0,0.0
2024-08-05 11:10:00-04:00,29.700000762939453,29.700000762939453,29.700000762939453,29.700000762939453,202,0.0,0.0,0.0
2024-08-05 11:15:00-04:00,29.700000762939453,29.709999084472656,29.692699432373047,29.692699432373047,882,0.0,0.0,0.0
2024-08-05 11:20:00-04:00,29.709999084472656,29.709999084472656,29.709999084472656,29.709999084472656,187,0.0,0.0,0.0
2024-08-05 11:25:00-04:00,29.692399978637695,29.709999084472656,29.692399978637695,29.709999084472656,537,0.0,0.0,0.0
2024-08-05 11:30:00-04:00,29.709999084472656,29.709999084472656,29.709999084472656,29.709999084472656,268,0.0,0.0,0.0
2024-08-05 11:35:00-04:00,29.709999084472656,29.71310043334961,29.709999084472656,29.71310043334961,417,0.0,0.0,0.0
2024-08-05 11:50:00-04:00,29.719999313354492,29.719999313354492,29.71500015258789,29.719900131225586,665,0.0,0.0,0.0
2024-08-05 12:00:00-04:00,29.739900588989258,29.739900588989258,29.739900588989258,29.739900588989258,1540,0.0,0.0,0.0
2024-08-05 12:05:00-04:00,29.73349952697754,29.73349952697754,29.73349952697754,29.73349952697754,1630,0.0,0.0,0.0
2024-08-05 12:10:00-04:00,29.739999771118164,29.74970054626465,29.730499267578125,29.74970054626465,3200,0.0,0.0,0.0
2024-08-05 12:20:00-04:00,29.770000457763672,29.780000686645508,29.760499954223633,29.780000686645508,2712,0.0,0.0,0.0
2024-08-05 12:25:00-04:00,29.790000915527344,29.799999237060547,29.780500411987305,29.78569984436035,2496,0.0,0.0,0.0
2024-08-05 12:35:00-04:00,29.799999237060547,29.809999465942383,29.790000915527344,29.790000915527344,1303,0.0,0.0,0.0
2024-08-05 12:45:00-04:00,29.780000686645508,29.790000915527344,29.780000686645508,29.780000686645508,1024,0.0,0.0,0.0
2024-08-05 12:50:00-04:00,29.770000457763672,29.77199935913086,29.770000457763672,29.77199935913086,703,0.0,0.0,0.0
2024-08-05 12:55:00-04:00,29.760000228881836,29.760000228881836,29.760000228881836,29.760000228881836,315,0.0,0.0,0.0
2024-08-05 13:05:00-04:00,29.739999771118164,29.749900817871094,29.736000061035156,29.749900817871094,1296,0.0,0.0,0.0
2024-08-05 13:25:00-04:00,29.760000228881836,29.760000228881836,29.760000228881836,29.760000228881836,243,0.0,0.0,0.0
2024-08-05 13:50:00-04:00,29.760000228881836,29.760000228881836,29.760000228881836,29.760000228881836,211,0.0,0.0,0.0
2024-08-05 14:00:00-04:00,29.75189971923828,29.75189971923828,29.75189971923828,29.75189971923828,1133,0.0,0.0,0.0
2024-08-05 14:05:00-04:00,29.75189971923828,29.75189971923828,29.75189971923828,29.75189971923828,795,0.0,0.0,0.0
2024-08-05 14:10:00-04:00,29.750099182128906,29.760000228881836,29.750099182128906,29.760000228881836,1182,0.0,0.0,0.0
2024-08-05 14:15:00-04:00,29.760000228881836,29.760000228881836,29.760000228881836,29.760000228881836,1000,0.0,0.0,0.0
2024-08-05 14:20:00-04:00,29.760000228881836,29.760000228881836,29.760000228881836,29.760000228881836,1500,0.0,0.0,0.0
2024-08-05 14:25:00-04:00,29.769899368286133,29.770000457763672,29.769899368286133,29.770000457763672,627,0.0,0.0,0.0
2024-08-05 14:30:00-04:00,29.75189971923828,29.763999938964844,29.75189971923828,29.760000228881836,1617,0.0,0.0,0.0
2024-08-05 14:35:00-04:00,29.760000228881836,29.760000228881836,29.75189971923828,29.75189971923828,1516,0.0,0.0,0.0
2024-08-05 14:45:00-04:00,29.75,29.75,29.735000610351562,29.735000610351562,519,0.0,0.0,0.0
2024-08-05 14:50:00-04:00,29.72599983215332,29.729999542236328,29.72599983215332,29.729999542236328,408,0.0,0.0,0.0
2024-08-05 15:00:00-04:00,29.727500915527344,29.735000610351562,29.727500915527344,29.735000610351562,308,0.0,0.0,0.0
2024-08-05 15:05:00-04:00,29.7450008392334,29.7450008392334,29.739999771118164,29.739999771118164,1335,0.0,0.0,0.0
2024-08-05 15:10:00-04:00,29.729999542236328,29.729999542236328,29.720199584960938,29.725000381469727,612,0.0,0.0,0.0
2024-08-05 15:15:00-04:00,29.71500015258789,29.71500015258789,29.69499969482422,29.704999923706055,4693,0.0,0.0,0.0
2024-08-05 15:20:00-04:00,29.71500015258789,29.729999542236328,29.710800170898438,29.725000381469727,20505,0.0,0.0,0.0
2024-08-05 15:30:00-04:00,29.737300872802734,29.73979949951172,29.737300872802734,29.73979949951172,2154,0.0,0.0,0.0
2024-08-05 15:35:00-04:00,29.739999771118164,29.739999771118164,29.730499267578125,29.730499267578125,337,0.0,0.0,0.0
2024-08-05 15:40:00-04:00,29.739999771118164,29.739999771118164,29.721799850463867,29.725000381469727,581,0.0,0.0,0.0
2024-08-05 15:45:00-04:00,29.725000381469727,29.739900588989258,29.725000381469727,29.729999542236328,12224,0.0,0.0,0.0
2024-08-05 15:50:00-04:00,29.719999313354492,29.719999313354492,29.719999313354492,29.719999313354492,225,0.0,0.0,0.0
2024-08-05 15:55:00-04:00,29.729999542236328,29.760000228881836,29.729999542236328,29.760000228881836,1998,0.0,0.0,0.0
2024-08-06 09:30:00-04:00,29.899999618530273,29.899999618530273,29.860000610351562,29.860000610351562,0,0.0,0.0,0.0
2024-08-06 09:35:00-04:00,29.76059913635254,29.780000686645508,29.76059913635254,29.780000686645508,6421,0.0,0.0,0.0
2024-08-06 09:40:00-04:00,29.770000457763672,29.780000686645508,29.770000457763672,29.780000686645508,1647,0.0,0.0,0.0
2024-08-06 09:45:00-04:00,29.7721004486084,29.795000076293945,29.7721004486084,29.795000076293945,986,0.0,0.0,0.0
2024-08-06 09:50:00-04:00,29.790000915527344,29.825000762939453,29.790000915527344,29.825000762939453,6556,0.0,0.0,0.0
2024-08-06 09:55:00-04:00,29.83989906311035,29.84000015258789,29.829999923706055,29.829999923706055,966,0.0,0.0,0.0
2024-08-06 10:00:00-04:00,29.829999923706055,29.829999923706055,29.82990074157715,29.82990074157715,302,0.0,0.0,0.0
2024-08-06 10:05:00-04:00,29.854999542236328,29.870100021362305,29.854999542236328,29.870100021362305,525,0.0,0.0,0.0
2024-08-06 10:10:00-04:00,29.8700008392334,29.8700008392334,29.8700008392334,29.8700008392334,168,0.0,0.0,0.0
2024-08-06 10:15:00-04:00,29.875,29.875,29.8700008392334,29.8700008392334,515,0.0,0.0,0.0
2024-08-06 10:25:00-04:00,29.885799407958984,29.885799407958984,29.885799407958984,29.885799407958984,495,0.0,0.0,0.0
2024-08-06 10:30:00-04:00,29.8700008392334,29.8799991607666,29.864999771118164,29.86989974975586,15870,0.0,0.0,0.0
2024-08-06 10:35:00-04:00,29.879899978637695,29.899999618530273,29.879899978637695,29.899999618530273,12916,0.0,0.0,0.0
2024-08-06 10:40:00-04:00,29.899999618530273,29.899999618530273,29.899999618530273,29.899999618530273,871,0.0,0.0,0.0
2024-08-06 11:00:00-04:00,29.920000076293945,29.93000030517578,29.920000076293945,29.929899215698242,936,0.0,0.0,0.0
2024-08-06 11:05:00-04:00,29.920000076293945,29.920000076293945,29.920000076293945,29.920000076293945,200,0.0,0.0,0.0
2024-08-06 11:10:00-04:00,29.915000915527344,29.917400360107422,29.915000915527344,29.915000915527344,4993,0.0,0.0,0.0
2024-08-06 11:15:00-04:00,29.91990089416504,29.91990089416504,29.914100646972656,29.914100646972656,2676,0.0,0.0,0.0
2024-08-06 11:20:00-04:00,29.915000915527344,29.915000915527344,29.899999618530273,29.90999984741211,2508,0.0,0.0,0.0
2024-08-06 11:25:00-04:00,29.905000686645508,29.90999984741211,29.899999618530273,29.899999618530273,4057,0.0,0.0,0.0
2024-08-06 11:30:00-04:00,29.895000457763672,29.899999618530273,29.890100479125977,29.899999618530273,9878,0.0,0.0,0.0
2024-08-06 11:35:00-04:00,29.899999618530273,29.90999984741211,29.899999618530273,29.905000686645508,8192,0.0,0.0,0.0
2024-08-06 11:40:00-04:00,29.905000686645508,29.90999984741211,29.905000686645508,29.90999984741211,2331,0.0,0.0,0.0
2024-08-06 11:45:00-04:00,29.90999984741211,29.90999984741211,29.90999984741211,29.90999984741211,12169,0.0,0.0,0.0
2024-08-06 11:50:00-04:00,29.920000076293945,29.940000534057617,29.920000076293945,29.940000534057617,3516,0.0,0.0,0.0
2024-08-06 11:55:00-04:00,29.940000534057617,29.940000534057617,29.937999725341797,29.940000534057617,2262,0.0,0.0,0.0
2024-08-06 12:00:00-04:00,29.940000534057617,29.950000762939453,29.940000534057617,29.94499969482422,4088,0.0,0.0,0.0
2024-08-06 12:05:00-04:00,29.94499969482422,29.94499969482422,29.940000534057617,29.940099716186523,7536,0.0,0.0,0.0
2024-08-06 12:10:00-04:00,29.950000762939453,29.950000762939453,29.940099716186523,29.950000762939453,3216,0.0,0.0,0.0
2024-08-06 12:15:00-04:00,29.959999084472656,29.959999084472656,29.959999084472656,29.959999084472656,2640,0.0,0.0,0.0
2024-08-06 12:20:00-04:00,29.959999084472656,29.959999084472656,29.954999923706055,29.954999923706055,2817,0.0,0.0,0.0
2024-08-06 12:25:00-04:00,29.954999923706055,29.954999923706055,29.954999923706055,29.954999923706055,1378,0.0,0.0,0.0
2024-08-06 12:30:00-04:00,29.959999084472656,29.959999084472656,29.959999084472656,29.959999084472656,2125,0.0,0.0,0.0
2024-08-06 12:35:00-04:00,29.959999084472656,29.959999084472656,29.954999923706055,29.959999084472656,3341,0.0,0.0,0.0
2024-08-06 12:40:00-04:00,29.959999084472656,29.959999084472656,29.959999084472656,29.959999084472656,3792,0.0,0.0,0.0
2024-08-06 12:45:00-04:00,29.959999084472656,29.959999084472656,29.9596004486084,29.959999084472656,2267,0.0,0.0,0.0
2024-08-06 12:50:00-04:00,29.959999084472656,29.979999542236328,29.959999084472656,29.979999542236328,3448,0.0,0.0,0.0
2024-08-06 12:55:00-04:00,29.979999542236328,29.979999542236328,29.977500915527344,29.979999542236328,2786,0.0,0.0,0.0
2024-08-06 13:00:00-04:00,29.979999542236328,29.979999542236328,29.979000091552734,29.979999542236328,2402,0.0,0.0,0.0
2024-08-06 13:05:00-04:00,29.979999542236328,29.979999542236328,29.979999542236328,29.979999542236328,1407,0.0,0.0,0.0
2024-08-06 13:10:00-04:00,29.979999542236328,29.979999542236328,29.969999313354492,29.979999542236328,3837,0.0,0.0,0.0
2024-08-06 13:15:00-04:00,29.979999542236328,29.979999542236328,29.978200912475586,29.979999542236328,4361,0.0,0.0,0.0
2024-08-06 13:20:00-04:00,29.978900909423828,29.978900909423828,29.975000381469727,29.975000381469727,500,0.0,0.0,0.0
2024-08-06 13:25:00-04:00,29.975000381469727,29.975000381469727,29.975000381469727,29.975000381469727,568,0.0,0.0,0.0
2024-08-06 13:30:00-04:00,29.979999542236328,29.979999542236328,29.979999542236328,29.979999542236328,100,0.0,0.0,0.0
2024-08-06 13:35:00-04:00,29.975000381469727,29.979999542236328,29.97010040283203,29.97260093688965,11153,0.0,0.0,0.0
2024-08-06 13:40:00-04:00,29.977500915527344,29.979999542236328,29.969999313354492,29.969999313354492,1098,0.0,0.0,0.0
2024-08-06 13:45:00-04:00,29.96500015258789,29.96500015258789,29.96500015258789,29.96500015258789,418,0.0,0.0,0.0
2024-08-06 13:50:00-04:00,29.969999313354492,29.969999313354492,29.960100173950195,29.960100173950195,1679,0.0,0.0,0.0
2024-08-06 14:05:00-04:00,29.969900131225586,29.969900131225586,29.969900131225586,29.969900131225586,51847,0.0,0.0,0.0
2024-08-06 14:15:00-04:00,29.979999542236328,29.979999542236328,29.97010040283203,29.97369956970215,4239,0.0,0.0,0.0
2024-08-06 14:20:00-04:00,29.975000381469727,29.979999542236328,29.975000381469727,29.979999542236328,1252,0.0,0.0,0.0
2024-08-06 14:35:00-04:00,29.989999771118164,29.989999771118164,29.980100631713867,29.985000610351562,4834,0.0,0.0,0.0
2024-08-06 14:45:00-04:00,29.989999771118164,29.989999771118164,29.989999771118164,29.989999771118164,175,0.0,0.0,0.0
2024-08-06 14:55:00-04:00,29.999900817871094,29.999900817871094,29.999900817871094,29.999900817871094,245,0.0,0.0,0.0
2024-08-06 15:00:00-04:00,29.959999084472656,29.959999084472656,29.959999084472656,29.959999084472656,196,0.0,0.0,0.0
2024-08-06 15:05:00-04:00,29.934999465942383,29.940000534057617,29.934999465942383,29.939899444580078,1230,0.0,0.0,0.0
2024-08-06 15:10:00-04:00,29.949800491333008,29.949800491333008,29.949800491333008,29.949800491333008,930,0.0,0.0,0.0
2024-08-06 15:15:00-04:00,29.93950080871582,29.93950080871582,29.93950080871582,29.93950080871582,1803,0.0,0.0,0.0
2024-08-06 15:25:00-04:00,29.95989990234375,29.95989990234375,29.950000762939453,29.950000762939453,1285,0.0,0.0,0.0
2024-08-06 15:30:00-04:00,29.940000534057617,29.940000534057617,29.940000534057617,29.940000534057617,8444,0.0,0.0,0.0
2024-08-06 15:35:00-04:00,29.943700790405273,29.949800491333008,29.943700790405273,29.949800491333008,2123,0.0,0.0,0.0
2024-08-06 15:40:00-04:00,29.940000534057617,29.940000534057617,29.93000030517578,29.940000534057617,1646,0.0,0.0,0.0
2024-08-06 15:45:00-04:00,29.934999465942383,29.934999465942383,29.915000915527344,29.915000915527344,2781,0.0,0.0,0.0
2024-08-06 15:50:00-04:00,29.913000106811523,29.915000915527344,29.913000106811523,29.915000915527344,1058,0.0,0.0,0.0
2024-08-06 15:55:00-04:00,29.909700393676758,29.90999984741211,29.899999618530273,29.899999618530273,4009,0.0,0.0,0.0
2024-08-07 09:30:00-04:00,30.020000457763672,30.020000457763672,29.920000076293945,29.967500686645508,3278,0.0,0.0,0.0
2024-08-07 09:35:00-04:00,29.959999084472656,29.969900131225586,29.959999084472656,29.969900131225586,30685,0.0,0.0,0.0
2024-08-07 09:40:00-04:00,29.979999542236328,29.979999542236328,29.969999313354492,29.969999313354492,351,0.0,0.0,0.0
2024-08-07 09:45:00-04:00,29.989999771118164,29.989999771118164,29.989999771118164,29.989999771118164,502,0.0,0.0,0.0
2024-08-07 09:50:00-04:00,29.985000610351562,29.985000610351562,29.985000610351562,29.985000610351562,109,0.0,0.0,0.0
2024-08-07 09:55:00-04:00,29.985000610351562,29.989999771118164,29.985000610351562,29.989999771118164,2780,0.0,0.0,0.0
2024-08-07 10:00:00-04:00,29.990100860595703,29.990100860595703,29.989999771118164,29.989999771118164,649,0.0,0.0,0.0
2024-08-07 10:05:00-04:00,29.9950008392334,29.9950008392334,29.9950008392334,29.9950008392334,100,0.0,0.0,0.0
2024-08-07 10:10:00-04:00,29.9950008392334,29.9950008392334,29.9950008392334,29.9950008392334,580,0.0,0.0,0.0
2024-08-07 10:15:00-04:00,29.989999771118164,29.989999771118164,29.979999542236328,29.979999542236328,1649,0.0,0.0,0.0
2024-08-07 10:20:00-04:00,29.971099853515625,29.979999542236328,29.971099853515625,29.975000381469727,1700,0.0,0.0,0.0
2024-08-07 10:25:00-04:00,29.969999313354492,29.969999313354492,29.969999313354492,29.969999313354492,600,0.0,0.0,0.0
2024-08-07 10:30:00-04:00,29.969999313354492,29.969999313354492,29.969999313354492,29.969999313354492,763,0.0,0.0,0.0
2024-08-07 10:40:00-04:00,29.969999313354492,29.969999313354492,29.96500015258789,29.96500015258789,309,0.0,0.0,0.0
2024-08-07 10:45:00-04:00,29.985000610351562,29.989999771118164,29.985000610351562,29.989900588989258,3621,0.0,0.0,0.0
2024-08-07 10:50:00-04:00,29.989999771118164,29.989999771118164,29.989999771118164,29.989999771118164,598,0.0,0.0,0.0
2024-08-07 10:55:00-04:00,29.989999771118164,29.9950008392334,29.989999771118164,29.9950008392334,1470,0.0,0.0,0.0
2024-08-07 11:00:00-04:00,30.0,30.0,29.989999771118164,29.989999771118164,4082,0.0,0.0,0.0
2024-08-07 11:10:00-04:00,29.989999771118164,29.989999771118164,29.979999542236328,29.979999542236328,747,0.0,0.0,0.0
2024-08-07 11:15:00-04:00,29.979999542236328,29.979999542236328,29.969999313354492,29.969999313354492,253,0.0,0.0,0.0
2024-08-07 11:20:00-04:00,29.969999313354492,29.969999313354492,29.969999313354492,29.969999313354492,100,0.0,0.0,0.0
2024-08-07 11:30:00-04:00,29.969999313354492,29.969999313354492,29.969999313354492,29.969999313354492,1915,0.0,0.0,0.0
2024-08-07 11:40:00-04:00,29.979999542236328,29.979999542236328,29.969999313354492,29.969999313354492,1230,0.0,0.0,0.0
2024-08-07 11:45:00-04:00,29.954999923706055,29.954999923706055,29.954999923706055,29.954999923706055,568,0.0,0.0,0.0
2024-08-07 12:00:00-04:00,29.950000762939453,29.950000762939453,29.94499969482422,29.94499969482422,1190,0.0,0.0,0.0
2024-08-07 12:10:00-04:00,29.931100845336914,29.950000762939453,29.931100845336914,29.94499969482422,466,0.0,0.0,0.0
2024-08-07 12:30:00-04:00,29.94499969482422,29.94499969482422,29.94499969482422,29.94499969482422,116,0.0,0.0,0.0
2024-08-07 12:35:00-04:00,29.949899673461914,29.949899673461914,29.949899673461914,29.949899673461914,366,0.0,0.0,0.0
2024-08-07 12:40:00-04:00,29.93000030517578,29.93000030517578,29.93000030517578,29.93000030517578,2003,0.0,0.0,0.0
2024-08-07 12:45:00-04:00,29.93000030517578,29.93000030517578,29.93000030517578,29.93000030517578,116,0.0,0.0,0.0
2024-08-07 12:50:00-04:00,29.90999984741211,29.90999984741211,29.90999984741211,29.90999984741211,392,0.0,0.0,0.0
2024-08-07 12:55:00-04:00,29.90999984741211,29.90999984741211,29.90999984741211,29.90999984741211,164,0.0,0.0,0.0
2024-08-07 13:05:00-04:00,29.899999618530273,29.899999618530273,29.899999618530273,29.899999618530273,140,0.0,0.0,0.0
2024-08-07 13:10:00-04:00,29.881099700927734,29.889999389648438,29.88010025024414,29.88010025024414,873,0.0,0.0,0.0
2024-08-07 13:15:00-04:00,29.8799991607666,29.8799991607666,29.8799991607666,29.8799991607666,100,0.0,0.0,0.0
2024-08-07 13:20:00-04:00,29.88010025024414,29.88010025024414,29.88010025024414,29.88010025024414,788,0.0,0.0,0.0
2024-08-07 13:25:00-04:00,29.899999618530273,29.899999618530273,29.899900436401367,29.899900436401367,1185,0.0,0.0,0.0
2024-08-07 13:30:00-04:00,29.895999908447266,29.895999908447266,29.895999908447266,29.895999908447266,1028,0.0,0.0,0.0
2024-08-07 13:35:00-04:00,29.899999618530273,29.899999618530273,29.899999618530273,29.899999618530273,123,0.0,0.0,0.0
2024-08-07 13:40:00-04:00,29.889999389648438,29.889999389648438,29.889999389648438,29.889999389648438,315,0.0,0.0,0.0
2024-08-07 13:50:00-04:00,29.8700008392334,29.8700008392334,29.8700008392334,29.8700008392334,188,0.0,0.0,0.0
2024-08-07 13:55:00-04:00,29.86989974975586,29.8799991607666,29.867700576782227,29.8700008392334,15245,0.0,0.0,0.0
2024-08-07 14:00:00-04:00,29.86829948425293,29.87980079650879,29.861400604248047,29.8700008392334,3510,0.0,0.0,0.0
2024-08-07 14:05:00-04:00,29.862600326538086,29.862600326538086,29.860000610351562,29.860000610351562,3781,0.0,0.0,0.0
2024-08-07 14:15:00-04:00,29.850000381469727,29.850000381469727,29.850000381469727,29.850000381469727,131,0.0,0.0,0.0
2024-08-07 14:20:00-04:00,29.84000015258789,29.84000015258789,29.84000015258789,29.84000015258789,1023,0.0,0.0,0.0
2024-08-07 14:35:00-04:00,29.83989906311035,29.83989906311035,29.83989906311035,29.83989906311035,100,0.0,0.0,0.0
2024-08-07 14:45:00-04:00,29.83009910583496,29.83009910583496,29.83009910583496,29.83009910583496,2127,0.0,0.0,0.0
2024-08-07 14:50:00-04:00,29.826000213623047,29.826000213623047,29.826000213623047,29.826000213623047,530,0.0,0.0,0.0
2024-08-07 15:00:00-04:00,29.860000610351562,29.860000610351562,29.858999252319336,29.860000610351562,8822,0.0,0.0,0.0
2024-08-07 15:05:00-04:00,29.8700008392334,29.875,29.860000610351562,29.875,22891,0.0,0.0,0.0
2024-08-07 15:10:00-04:00,29.8799991607666,29.8799991607666,29.8700008392334,29.8799991607666,18662,0.0,0.0,0.0
2024-08-07 15:15:00-04:00,29.8700008392334,29.8700008392334,29.862600326538086,29.8700008392334,1630,0.0,0.0,0.0
2024-08-07 15:30:00-04:00,29.864999771118164,29.864999771118164,29.864999771118164,29.864999771118164,332,0.0,0.0,0.0
2024-08-07 15:35:00-04:00,29.8700008392334,29.87969970703125,29.8700008392334,29.87969970703125,1121,0.0,0.0,0.0
2024-08-07 15:40:00-04:00,29.8700008392334,29.8700008392334,29.864999771118164,29.864999771118164,2749,0.0,0.0,0.0
2024-08-07 15:45:00-04:00,29.854999542236328,29.8799991607666,29.854999542236328,29.8799991607666,20176,0.0,0.0,0.0
2024-08-07 15:50:00-04:00,29.875,29.875,29.850000381469727,29.850000381469727,1639,0.0,0.0,0.0
2024-08-07 15:55:00-04:00,29.850000381469727,29.850000381469727,29.84000015258789,29.842899322509766,4273,0.0,0.0,0.0
2024-08-08 09:30:00-04:00,29.90999984741211,29.90999984741211,29.88450050354004,29.88450050354004,0,0.0,0.0,0.0
2024-08-08 09:40:00-04:00,29.87929916381836,29.87929916381836,29.87929916381836,29.87929916381836,148,0.0,0.0,0.0
2024-08-08 09:45:00-04:00,29.885000228881836,29.885000228881836,29.8799991607666,29.8799991607666,1424,0.0,0.0,0.0
2024-08-08 10:00:00-04:00,29.895000457763672,29.922700881958008,29.891799926757812,29.922700881958008,4254,0.0,0.0,0.0
2024-08-08 10:20:00-04:00,29.913400650024414,29.913400650024414,29.913400650024414,29.913400650024414,404,0.0,0.0,0.0
2024-08-08 10:25:00-04:00,29.934999465942383,29.934999465942383,29.934999465942383,29.934999465942383,2769,0.0,0.0,0.0
2024-08-08 10:30:00-04:00,29.940000534057617,29.94499969482422,29.940000534057617,29.94499969482422,1273,0.0,0.0,0.0
2024-08-08 10:35:00-04:00,29.959999084472656,29.959999084472656,29.943199157714844,29.943199157714844,2800,0.0,0.0,0.0
2024-08-08 10:40:00-04:00,29.950000762939453,29.950000762939453,29.950000762939453,29.950000762939453,1500,0.0,0.0,0.0
2024-08-08 10:45:00-04:00,29.94499969482422,29.959999084472656,29.94499969482422,29.959999084472656,552,0.0,0.0,0.0
2024-08-08 11:00:00-04:00,29.95199966430664,29.95199966430664,29.95199966430664,29.95199966430664,436,0.0,0.0,0.0
2024-08-08 11:05:00-04:00,29.959999084472656,29.959999084472656,29.941699981689453,29.941699981689453,310,0.0,0.0,0.0
2024-08-08 11:10:00-04:00,29.950000762939453,29.950000762939453,29.94499969482422,29.950000762939453,300,0.0,0.0,0.0
2024-08-08 11:15:00-04:00,29.950000762939453,29.950000762939453,29.941600799560547,29.94499969482422,1467,0.0,0.0,0.0
2024-08-08 11:20:00-04:00,29.950000762939453,29.950000762939453,29.950000762939453,29.950000762939453,204,0.0,0.0,0.0
2024-08-08 11:25:00-04:00,29.945999145507812,29.959999084472656,29.945999145507812,29.953100204467773,684,0.0,0.0,0.0
2024-08-08 11:30:00-04:00,29.950000762939453,29.969999313354492,29.950000762939453,29.959999084472656,2486,0.0,0.0,0.0
2024-08-08 11:35:00-04:00,29.954999923706055,29.954999923706055,29.954999923706055,29.954999923706055,2220,0.0,0.0,0.0
2024-08-08 11:45:00-04:00,29.950000762939453,29.950000762939453,29.950000762939453,29.950000762939453,101,0.0,0.0,0.0
2024-08-08 11:50:00-04:00,29.941499710083008,29.941499710083008,29.941499710083008,29.941499710083008,1161,0.0,0.0,0.0
2024-08-08 11:55:00-04:00,29.959999084472656,29.959999084472656,29.959999084472656,29.959999084472656,818,0.0,0.0,0.0
2024-08-08 12:00:00-04:00,29.954099655151367,29.954099655151367,29.954099655151367,29.954099655151367,150,0.0,0.0,0.0
2024-08-08 12:05:00-04:00,29.961000442504883,29.961000442504883,29.960100173950195,29.960100173950195,800,0.0,0.0,0.0
2024-08-08 12:10:00-04:00,29.979999542236328,29.979999542236328,29.969999313354492,29.969999313354492,700,0.0,0.0,0.0
2024-08-08 12:15:00-04:00,29.96500015258789,29.969900131225586,29.960100173950195,29.96500015258789,7060,0.0,0.0,0.0
2024-08-08 12:20:00-04:00,29.969999313354492,29.969999313354492,29.969999313354492,29.969999313354492,11028,0.0,0.0,0.0
2024-08-08 12:25:00-04:00,29.96500015258789,29.96500015258789,29.96500015258789,29.96500015258789,247,0.0,0.0,0.0
2024-08-08 12:35:00-04:00,29.950000762939453,29.959999084472656,29.94499969482422,29.94499969482422,687,0.0,0.0,0.0
2024-08-08 12:40:00-04:00,29.940000534057617,29.940000534057617,29.940000534057617,29.940000534057617,100,0.0,0.0,0.0
2024-08-08 12:50:00-04:00,29.952999114990234,29.959999084472656,29.940000534057617,29.954999923706055,2431,0.0,0.0,0.0
2024-08-08 13:00:00-04:00,29.93000030517578,29.93000030517578,29.93000030517578,29.93000030517578,432,0.0,0.0,0.0
2024-08-08 13:05:00-04:00,29.950000762939453,29.950000762939453,29.950000762939453,29.950000762939453,100,0.0,0.0,0.0
2024-08-08 13:10:00-04:00,29.950000762939453,29.950000762939453,29.941600799560547,29.941600799560547,238,0.0,0.0,0.0
2024-08-08 13:15:00-04:00,29.954999923706055,29.954999923706055,29.954999923706055,29.954999923706055,2203,0.0,0.0,0.0
2024-08-08 13:25:00-04:00,29.969999313354492,29.979999542236328,29.969999313354492,29.979999542236328,411231,0.0,0.0,0.0
2024-08-08 13:30:00-04:00,29.96969985961914,29.979999542236328,29.968299865722656,29.979999542236328,566,0.0,0.0,0.0
2024-08-08 13:35:00-04:00,29.979999542236328,29.979999542236328,29.979999542236328,29.979999542236328,200,0.0,0.0,0.0
2024-08-08 13:45:00-04:00,29.979999542236328,29.979999542236328,29.979999542236328,29.979999542236328,113,0.0,0.0,0.0
2024-08-08 13:55:00-04:00,29.989999771118164,29.99970054626465,29.985000610351562,29.989999771118164,0,0.0,0.0,0.0
2024-08-08 14:00:00-04:00,29.989999771118164,29.989999771118164,29.989999771118164,29.989999771118164,484665,0.0,0.0,0.0
2024-08-08 14:05:00-04:00,29.988100051879883,29.988100051879883,29.988100051879883,29.988100051879883,4262,0.0,0.0,0.0
2024-08-08 14:15:00-04:00,30.0,30.010000228881836,29.996299743652344,30.010000228881836,1182,0.0,0.0,0.0
2024-08-08 14:30:00-04:00,30.0,30.0,29.990100860595703,29.990100860595703,332,0.0,0.0,0.0
2024-08-08 14:35:00-04:00,29.999799728393555,29.999799728393555,29.999799728393555,29.999799728393555,6033,0.0,0.0,0.0
2024-08-08 14:45:00-04:00,29.989999771118164,29.989999771118164,29.985200881958008,29.985200881958008,1339,0.0,0.0,0.0
2024-08-08 14:50:00-04:00,29.98509979248047,29.989999771118164,29.98509979248047,29.989999771118164,7129,0.0,0.0,0.0
2024-08-08 14:55:00-04:00,29.989999771118164,29.989999771118164,29.989999771118164,29.989999771118164,2067,0.0,0.0,0.0
2024-08-08 15:00:00-04:00,29.989999771118164,29.9950008392334,29.988100051879883,29.989999771118164,7572,0.0,0.0,0.0
2024-08-08 15:05:00-04:00,29.985000610351562,29.989999771118164,29.985000610351562,29.989999771118164,385,0.0,0.0,0.0
2024-08-08 15:10:00-04:00,29.989700317382812,29.989700317382812,29.989700317382812,29.989700317382812,403,0.0,0.0,0.0
2024-08-08 15:15:00-04:00,29.980100631713867,29.980100631713867,29.980100631713867,29.980100631713867,215,0.0,0.0,0.0
2024-08-08 15:20:00-04:00,29.989999771118164,29.989999771118164,29.980100631713867,29.980100631713867,4327,0.0,0.0,0.0
2024-08-08 15:25:00-04:00,29.989500045776367,29.989500045776367,29.985000610351562,29.985000610351562,1233,0.0,0.0,0.0
2024-08-08 15:30:00-04:00,29.985000610351562,29.985000610351562,29.969999313354492,29.969999313354492,1487,0.0,0.0,0.0
2024-08-08 15:35:00-04:00,29.969999313354492,29.969999313354492,29.969999313354492,29.969999313354492,323,0.0,0.0,0.0
2024-08-08 15:40:00-04:00,29.979999542236328,30.0,29.979999542236328,30.0,35172,0.0,0.0,0.0
2024-08-08 15:45:00-04:00,29.989999771118164,29.989999771118164,29.989999771118164,29.989999771118164,100,0.0,0.0,0.0
2024-08-08 15:50:00-04:00,29.989999771118164,30.0,29.989999771118164,30.0,9812,0.0,0.0,0.0
2024-08-08 15:55:00-04:00,30.0,30.014999389648438,30.0,30.010000228881836,6893,0.0,0.0,0.0
2024-08-09 09:30:00-04:00,30.0,30.0,30.0,30.0,0,0.0,0.0,0.0
2024-08-09 09:35:00-04:00,29.979999542236328,29.979999542236328,29.979999542236328,29.979999542236328,7101,0.0,0.0,0.0
2024-08-09 09:50:00-04:00,29.976299285888672,29.976299285888672,29.976299285888672,29.976299285888672,127,0.0,0.0,0.0
2024-08-09 09:55:00-04:00,29.979999542236328,29.989700317382812,29.979999542236328,29.989700317382812,8127,0.0,0.0,0.0
2024-08-09 10:00:00-04:00,29.996599197387695,29.996599197387695,29.996599197387695,29.996599197387695,287,0.0,0.0,0.0
2024-08-09 10:05:00-04:00,29.99139976501465,29.99139976501465,29.99139976501465,29.99139976501465,340,0.0,0.0,0.0
2024-08-09 10:15:00-04:00,30.010000228881836,30.010000228881836,30.000499725341797,30.010000228881836,2577,0.0,0.0,0.0
2024-08-09 10:20:00-04:00,30.0049991607666,30.00979995727539,30.0049991607666,30.00979995727539,523,0.0,0.0,0.0
2024-08-09 10:25:00-04:00,30.009899139404297,30.010000228881836,30.009899139404297,30.010000228881836,471,0.0,0.0,0.0
2024-08-09 10:35:00-04:00,29.989999771118164,29.989999771118164,29.989999771118164,29.989999771118164,190,0.0,0.0,0.0
2024-08-09 10:45:00-04:00,30.010000228881836,30.020000457763672,30.002500534057617,30.002500534057617,506,0.0,0.0,0.0
2024-08-09 10:50:00-04:00,30.010000228881836,30.010000228881836,30.010000228881836,30.010000228881836,560,0.0,0.0,0.0
2024-08-09 10:55:00-04:00,30.020000457763672,30.029199600219727,30.020000457763672,30.020000457763672,617,0.0,0.0,0.0
2024-08-09 11:10:00-04:00,30.020000457763672,30.027700424194336,30.010099411010742,30.010099411010742,8928,0.0,0.0,0.0
2024-08-09 11:15:00-04:00,30.024999618530273,30.024999618530273,30.020000457763672,30.020000457763672,324,0.0,0.0,0.0
2024-08-09 11:20:00-04:00,30.013399124145508,30.013399124145508,30.013399124145508,30.013399124145508,136,0.0,0.0,0.0
2024-08-09 11:25:00-04:00,30.020000457763672,30.020000457763672,30.010099411010742,30.010099411010742,267,0.0,0.0,0.0
2024-08-09 11:30:00-04:00,30.020000457763672,30.020000457763672,30.020000457763672,30.020000457763672,400,0.0,0.0,0.0
2024-08-09 11:35:00-04:00,30.020000457763672,30.020000457763672,30.014999389648438,30.014999389648438,201,0.0,0.0,0.0
2024-08-09 11:40:00-04:00,30.010000228881836,30.010000228881836,30.010000228881836,30.010000228881836,287,0.0,0.0,0.0
2024-08-09 11:45:00-04:00,30.010000228881836,30.01919937133789,30.010000228881836,30.01919937133789,308,0.0,0.0,0.0
2024-08-09 11:50:00-04:00,30.018199920654297,30.020000457763672,30.018199920654297,30.020000457763672,606,0.0,0.0,0.0
2024-08-09 11:55:00-04:00,30.027599334716797,30.027599334716797,30.001300811767578,30.001300811767578,754,0.0,0.0,0.0
2024-08-09 12:00:00-04:00,30.010000228881836,30.010000228881836,30.010000228881836,30.010000228881836,200,0.0,0.0,0.0
2024-08-09 12:05:00-04:00,30.003700256347656,30.003700256347656,30.003700256347656,30.003700256347656,944,0.0,0.0,0.0
2024-08-09 12:10:00-04:00,30.0049991607666,30.0049991607666,30.0,30.0,1640,0.0,0.0,0.0
2024-08-09 12:20:00-04:00,29.99250030517578,29.99250030517578,29.99250030517578,29.99250030517578,154,0.0,0.0,0.0
2024-08-09 12:30:00-04:00,30.010000228881836,30.010000228881836,30.010000228881836,30.010000228881836,1168,0.0,0.0,0.0
2024-08-09 12:45:00-04:00,30.0177001953125,30.0177001953125,30.010000228881836,30.010000228881836,594,0.0,0.0,0.0
2024-08-09 12:50:00-04:00,30.010000228881836,30.010000228881836,30.010000228881836,30.010000228881836,216,0.0,0.0,0.0
2024-08-09 12:55:00-04:00,30.020000457763672,30.020000457763672,30.010000228881836,30.020000457763672,4098,0.0,0.0,0.0
2024-08-09 13:05:00-04:00,30.014999389648438,30.02989959716797,30.014999389648438,30.020000457763672,2972,0.0,0.0,0.0
2024-08-09 13:10:00-04:00,30.030000686645508,30.040000915527344,30.030000686645508,30.040000915527344,817,0.0,0.0,0.0
2024-08-09 13:15:00-04:00,30.032499313354492,30.049999237060547,30.032499313354492,30.04330062866211,3934,0.0,0.0,0.0
2024-08-09 13:20:00-04:00,30.049999237060547,30.049999237060547,30.040000915527344,30.04010009765625,1153,0.0,0.0,0.0
2024-08-09 13:25:00-04:00,30.045000076293945,30.045000076293945,30.045000076293945,30.045000076293945,1249,0.0,0.0,0.0
2024-08-09 13:30:00-04:00,30.059999465942383,30.059999465942383,30.045000076293945,30.046600341796875,2111,0.0,0.0,0.0
2024-08-09 13:35:00-04:00,30.059999465942383,30.06999969482422,30.059999465942383,30.06999969482422,1878,0.0,0.0,0.0
2024-08-09 13:40:00-04:00,30.049999237060547,30.059200286865234,30.042499542236328,30.04400062561035,4897,0.0,0.0,0.0
2024-08-09 13:45:00-04:00,30.049999237060547,30.049999237060547,30.040000915527344,30.040000915527344,200,0.0,0.0,0.0
2024-08-09 14:00:00-04:00,30.040000915527344,30.040000915527344,30.0398006439209,30.0398006439209,433,0.0,0.0,0.0
2024-08-09 14:05:00-04:00,30.040000915527344,30.040000915527344,30.040000915527344,30.040000915527344,400,0.0,0.0,0.0
2024-08-09 14:10:00-04:00,30.030000686645508,30.030000686645508,30.030000686645508,30.030000686645508,2546,0.0,0.0,0.0
2024-08-09 14:15:00-04:00,30.030000686645508,30.030000686645508,30.030000686645508,30.030000686645508,1004,0.0,0.0,0.0
2024-08-09 14:20:00-04:00,30.010099411010742,30.020000457763672,30.010099411010742,30.020000457763672,1191,0.0,0.0,0.0
2024-08-09 14:25:00-04:00,30.030000686645508,30.030000686645508,30.020000457763672,30.030000686645508,3225,0.0,0.0,0.0
2024-08-09 14:40:00-04:00,30.030000686645508,30.040000915527344,30.030000686645508,30.040000915527344,26825,0.0,0.0,0.0
2024-08-09 15:00:00-04:00,30.024999618530273,30.024999618530273,30.024999618530273,30.024999618530273,850,0.0,0.0,0.0
2024-08-09 15:05:00-04:00,30.03499984741211,30.035200119018555,30.03499984741211,30.035200119018555,516,0.0,0.0,0.0
2024-08-09 15:50:00-04:00,30.045000076293945,30.045000076293945,30.040000915527344,30.040000915527344,5302,0.0,0.0,0.0
2024-08-09 15:55:00-04:00,30.049999237060547,30.049999237060547,30.049999237060547,30.049999237060547,1742,0.0,0.0,0.0
2024-08-12 09:30:00-04:00,30.040000915527344,30.040000915527344,30.040000915527344,30.040000915527344,0,0.0,0.0,0.0
2024-08-12 09:35:00-04:00,30.040000915527344,30.040000915527344,30.040000915527344,30.040000915527344,1892,0.0,0.0,0.0
2024-08-12 09:40:00-04:00,30.03849983215332,30.03849983215332,30.030000686645508,30.030000686645508,1960,0.0,0.0,0.0
2024-08-12 09:55:00-04:00,30.020000457763672,30.020000457763672,30.020000457763672,30.020000457763672,100,0.0,0.0,0.0
2024-08-12 10:00:00-04:00,30.01740074157715,30.01740074157715,30.01740074157715,30.01740074157715,3664,0.0,0.0,0.0
2024-08-12 10:05:00-04:00,30.024999618530273,30.030000686645508,30.024999618530273,30.030000686645508,202,0.0,0.0,0.0
2024-08-12 10:10:00-04:00,30.045000076293945,30.045000076293945,30.045000076293945,30.045000076293945,4000,0.0,0.0,0.0
2024-08-12 10:15:00-04:00,30.040000915527344,30.040000915527344,30.040000915527344,30.040000915527344,400,0.0,0.0,0.0
2024-08-12 10:20:00-04:00,30.049999237060547,30.05940055847168,30.049999237060547,30.05940055847168,1310,0.0,0.0,0.0
2024-08-12 10:25:00-04:00,30.05699920654297,30.06999969482422,30.050100326538086,30.050100326538086,2398,0.0,0.0,0.0
2024-08-12 10:35:00-04:00,30.049999237060547,30.06999969482422,30.049999237060547,30.059999465942383,4238,0.0,0.0,0.0
2024-08-12 10:40:00-04:00,30.049999237060547,30.049999237060547,30.049999237060547,30.049999237060547,816,0.0,0.0,0.0
2024-08-12 10:45:00-04:00,30.06999969482422,30.06999969482422,30.06999969482422,30.06999969482422,182,0.0,0.0,0.0
2024-08-12 10:50:00-04:00,30.06999969482422,30.079999923706055,30.06999969482422,30.06999969482422,2695,0.0,0.0,0.0
2024-08-12 11:00:00-04:00,30.07939910888672,30.07939910888672,30.07939910888672,30.07939910888672,717,0.0,0.0,0.0
2024-08-12 11:05:00-04:00,30.06999969482422,30.079999923706055,30.06999969482422,30.06999969482422,2615,0.0,0.0,0.0
2024-08-12 11:10:00-04:00,30.079999923706055,30.079999923706055,30.079999923706055,30.079999923706055,817,0.0,0.0,0.0
2024-08-12 11:20:00-04:00,30.059999465942383,30.059999465942383,30.040000915527344,30.040000915527344,346,0.0,0.0,0.0
2024-08-12 11:25:00-04:00,30.040000915527344,30.040000915527344,30.040000915527344,30.040000915527344,141,0.0,0.0,0.0
2024-08-12 11:50:00-04:00,30.059999465942383,30.06999969482422,30.059999465942383,30.06999969482422,603,0.0,0.0,0.0
2024-08-12 11:55:00-04:00,30.065000534057617,30.065000534057617,30.065000534057617,30.065000534057617,428,0.0,0.0,0.0
2024-08-12 12:05:00-04:00,30.06999969482422,30.06999969482422,30.06760025024414,30.06760025024414,882,0.0,0.0,0.0
2024-08-12 12:10:00-04:00,30.059999465942383,30.059999465942383,30.059999465942383,30.059999465942383,534,0.0,0.0,0.0
2024-08-12 12:15:00-04:00,30.05500030517578,30.05500030517578,30.05500030517578,30.05500030517578,1663,0.0,0.0,0.0
2024-08-12 12:20:00-04:00,30.049999237060547,30.049999237060547,30.049999237060547,30.049999237060547,4177,0.0,0.0,0.0
2024-08-12 12:25:00-04:00,30.049999237060547,30.059999465942383,30.049999237060547,30.059999465942383,200,0.0,0.0,0.0
2024-08-12 12:30:00-04:00,30.06760025024414,30.06760025024414,30.06760025024414,30.06760025024414,1257,0.0,0.0,0.0
2024-08-12 12:35:00-04:00,30.059999465942383,30.059999465942383,30.059999465942383,30.059999465942383,113,0.0,0.0,0.0
2024-08-12 12:45:00-04:00,30.059999465942383,30.059999465942383,30.059999465942383,30.059999465942383,2969,0.0,0.0,0.0
2024-08-12 12:50:00-04:00,30.059999465942383,30.059999465942383,30.059999465942383,30.059999465942383,156,0.0,0.0,0.0
2024-08-12 12:55:00-04:00,30.044099807739258,30.049999237060547,30.044099807739258,30.049999237060547,968,0.0,0.0,0.0
2024-08-12 13:00:00-04:00,30.040000915527344,30.047100067138672,30.030000686645508,30.047100067138672,6659,0.0,0.0,0.0
2024-08-12 13:10:00-04:00,30.040000915527344,30.040000915527344,30.040000915527344,30.040000915527344,106,0.0,0.0,0.0
2024-08-12 13:15:00-04:00,30.040000915527344,30.049999237060547,30.040000915527344,30.049999237060547,200,0.0,0.0,0.0
2024-08-12 13:20:00-04:00,30.056299209594727,30.056299209594727,30.056299209594727,30.056299209594727,868,0.0,0.0,0.0
2024-08-12 13:30:00-04:00,30.049999237060547,30.049999237060547,30.040000915527344,30.049999237060547,2108,0.0,0.0,0.0
2024-08-12 13:35:00-04:00,30.059900283813477,30.059900283813477,30.059900283813477,30.059900283813477,399,0.0,0.0,0.0
2024-08-12 13:40:00-04:00,30.049999237060547,30.049999237060547,30.040000915527344,30.040000915527344,200,0.0,0.0,0.0
2024-08-12 13:45:00-04:00,30.040000915527344,30.040000915527344,30.040000915527344,30.040000915527344,157,0.0,0.0,0.0
2024-08-12 13:50:00-04:00,30.030000686645508,30.037500381469727,30.030000686645508,30.037500381469727,1338,0.0,0.0,0.0
2024-08-12 13:55:00-04:00,30.040000915527344,30.040000915527344,30.03499984741211,30.03499984741211,574,0.0,0.0,0.0
2024-08-12 14:00:00-04:00,30.040000915527344,30.040000915527344,30.040000915527344,30.040000915527344,400,0.0,0.0,0.0
2024-08-12 14:05:00-04:00,30.031999588012695,30.031999588012695,30.031999588012695,30.031999588012695,366,0.0,0.0,0.0
2024-08-12 14:10:00-04:00,30.035999298095703,30.040000915527344,30.035999298095703,30.040000915527344,692,0.0,0.0,0.0
2024-08-12 14:15:00-04:00,30.049999237060547,30.049999237060547,30.036300659179688,30.036300659179688,1246,0.0,0.0,0.0
2024-08-12 14:20:00-04:00,30.040000915527344,30.049999237060547,30.030399322509766,30.049999237060547,1020,0.0,0.0,0.0
2024-08-12 14:25:00-04:00,30.040000915527344,30.040000915527344,30.040000915527344,30.040000915527344,1940,0.0,0.0,0.0
2024-08-12 14:35:00-04:00,30.040000915527344,30.049999237060547,30.030500411987305,30.040000915527344,3639,0.0,0.0,0.0
2024-08-12 14:40:00-04:00,30.040000915527344,30.040000915527344,30.040000915527344,30.040000915527344,800,0.0,0.0,0.0
2024-08-12 14:45:00-04:00,30.040000915527344,30.040000915527344,30.040000915527344,30.040000915527344,2597,0.0,0.0,0.0
2024-08-12 14:50:00-04:00,30.049999237060547,30.049999237060547,30.047500610351562,30.047500610351562,436,0.0,0.0,0.0
2024-08-12 14:55:00-04:00,30.045000076293945,30.049999237060547,30.045000076293945,30.049999237060547,1532,0.0,0.0,0.0
2024-08-12 15:00:00-04:00,30.040000915527344,30.040000915527344,30.040000915527344,30.040000915527344,297,0.0,0.0,0.0
2024-08-12 15:05:00-04:00,30.040000915527344,30.049999237060547,30.03499984741211,30.040000915527344,4361,0.0,0.0,0.0
2024-08-12 15:10:00-04:00,30.045000076293945,30.049999237060547,30.040000915527344,30.040000915527344,2280,0.0,0.0,0.0
2024-08-12 15:15:00-04:00,30.045000076293945,30.045000076293945,30.045000076293945,30.045000076293945,431,0.0,0.0,0.0
2024-08-12 15:20:00-04:00,30.040000915527344,30.04010009765625,30.037500381469727,30.040000915527344,1290,0.0,0.0,0.0
2024-08-12 15:30:00-04:00,30.040000915527344,30.040000915527344,30.040000915527344,30.040000915527344,367,0.0,0.0,0.0
2024-08-12 15:35:00-04:00,30.040000915527344,30.040000915527344,30.030000686645508,30.034000396728516,14449,0.0,0.0,0.0
2024-08-12 15:40:00-04:00,30.020099639892578,30.037599563598633,30.020099639892578,30.037599563598633,1355,0.0,0.0,0.0
2024-08-12 15:55:00-04:00,30.03499984741211,30.049999237060547,30.03499984741211,30.049999237060547,2376,0.0,0.0,0.0
2024-08-13 09:30:00-04:00,30.1299991607666,30.1299991607666,30.1299991607666,30.1299991607666,1000,0.0,0.0,0.0
2024-08-13 09:35:00-04:00,30.084999084472656,30.095800399780273,30.084999084472656,30.095800399780273,1629,0.0,0.0,0.0
2024-08-13 09:55:00-04:00,30.096399307250977,30.096399307250977,30.096399307250977,30.096399307250977,155,0.0,0.0,0.0
2024-08-13 10:05:00-04:00,30.094999313354492,30.100000381469727,30.094999313354492,30.099899291992188,1829,0.0,0.0,0.0
2024-08-13 10:15:00-04:00,30.09000015258789,30.09000015258789,30.09000015258789,30.09000015258789,2547,0.0,0.0,0.0
2024-08-13 10:20:00-04:00,30.094999313354492,30.094999313354492,30.094999313354492,30.094999313354492,3700,0.0,0.0,0.0
2024-08-13 10:30:00-04:00,30.101999282836914,30.101999282836914,30.09000015258789,30.09000015258789,598,0.0,0.0,0.0
2024-08-13 10:40:00-04:00,30.08209991455078,30.08209991455078,30.08209991455078,30.08209991455078,178,0.0,0.0,0.0
2024-08-13 10:45:00-04:00,30.095399856567383,30.100000381469727,30.095399856567383,30.100000381469727,2458,0.0,0.0,0.0
2024-08-13 10:55:00-04:00,30.110000610351562,30.110000610351562,30.1023006439209,30.1023006439209,700,0.0,0.0,0.0
2024-08-13 11:00:00-04:00,30.11400032043457,30.11400032043457,30.11400032043457,30.11400032043457,201,0.0,0.0,0.0
2024-08-13 11:10:00-04:00,30.11989974975586,30.11989974975586,30.11989974975586,30.11989974975586,451,0.0,0.0,0.0
2024-08-13 11:20:00-04:00,30.110000610351562,30.110000610351562,30.110000610351562,30.110000610351562,100,0.0,0.0,0.0
2024-08-13 11:25:00-04:00,30.110000610351562,30.1200008392334,30.110000610351562,30.1200008392334,782,0.0,0.0,0.0
2024-08-13 11:30:00-04:00,30.119699478149414,30.119699478149414,30.119699478149414,30.119699478149414,416,0.0,0.0,0.0
2024-08-13 11:45:00-04:00,30.110000610351562,30.110000610351562,30.110000610351562,30.110000610351562,183,0.0,0.0,0.0
2024-08-13 11:50:00-04:00,30.11039924621582,30.11039924621582,30.11039924621582,30.11039924621582,381,0.0,0.0,0.0
2024-08-13 12:05:00-04:00,30.125,30.125,30.125,30.125,1026,0.0,0.0,0.0
2024-08-13 12:25:00-04:00,30.1200008392334,30.1200008392334,30.1200008392334,30.1200008392334,3580,0.0,0.0,0.0
2024-08-13 12:30:00-04:00,30.125,30.1299991607666,30.125,30.1299991607666,941,0.0,0.0,0.0
2024-08-13 12:35:00-04:00,30.13990020751953,30.13990020751953,30.13990020751953,30.13990020751953,671,0.0,0.0,0.0
2024-08-13 12:40:00-04:00,30.121599197387695,30.121599197387695,30.121599197387695,30.121599197387695,4578,0.0,0.0,0.0
2024-08-13 12:45:00-04:00,30.139999389648438,30.139999389648438,30.139999389648438,30.139999389648438,100,0.0,0.0,0.0
2024-08-13 12:50:00-04:00,30.152000427246094,30.152000427246094,30.152000427246094,30.152000427246094,305,0.0,0.0,0.0
2024-08-13 13:00:00-04:00,30.149999618530273,30.149999618530273,30.149999618530273,30.149999618530273,397,0.0,0.0,0.0
2024-08-13 13:25:00-04:00,30.142499923706055,30.142499923706055,30.142000198364258,30.142000198364258,460,0.0,0.0,0.0
2024-08-13 13:30:00-04:00,30.151100158691406,30.151100158691406,30.149999618530273,30.149999618530273,632,0.0,0.0,0.0
2024-08-13 13:35:00-04:00,30.145000457763672,30.149999618530273,30.145000457763672,30.149999618530273,463,0.0,0.0,0.0
2024-08-13 13:40:00-04:00,30.159400939941406,30.159400939941406,30.159400939941406,30.159400939941406,1795,0.0,0.0,0.0
2024-08-13 13:45:00-04:00,30.155000686645508,30.155000686645508,30.149999618530273,30.149999618530273,200,0.0,0.0,0.0
2024-08-13 13:50:00-04:00,30.149999618530273,30.149999618530273,30.149999618530273,30.149999618530273,787,0.0,0.0,0.0
2024-08-13 14:05:00-04:00,30.155000686645508,30.155000686645508,30.140100479125977,30.140100479125977,3013,0.0,0.0,0.0
2024-08-13 14:10:00-04:00,30.155000686645508,30.155000686645508,30.142099380493164,30.142099380493164,240,0.0,0.0,0.0
2024-08-13 14:15:00-04:00,30.146299362182617,30.15999984741211,30.146299362182617,30.15999984741211,6496,0.0,0.0,0.0
2024-08-13 14:35:00-04:00,30.166000366210938,30.166000366210938,30.166000366210938,30.166000366210938,510,0.0,0.0,0.0
2024-08-13 14:45:00-04:00,30.155000686645508,30.155000686645508,30.155000686645508,30.155000686645508,626,0.0,0.0,0.0
2024-08-13 14:50:00-04:00,30.15250015258789,30.15250015258789,30.15250015258789,30.15250015258789,404,0.0,0.0,0.0
2024-08-13 14:55:00-04:00,30.145999908447266,30.15999984741211,30.145999908447266,30.15999984741211,903,0.0,0.0,0.0
2024-08-13 15:00:00-04:00,30.170000076293945,30.170000076293945,30.170000076293945,30.170000076293945,247,0.0,0.0,0.0
2024-08-13 15:05:00-04:00,30.15999984741211,30.15999984741211,30.1564998626709,30.1564998626709,939,0.0,0.0,0.0
2024-08-13 15:15:00-04:00,30.15999984741211,30.15999984741211,30.149999618530273,30.15999984741211,3158,0.0,0.0,0.0
2024-08-13 15:30:00-04:00,30.15999984741211,30.15999984741211,30.15999984741211,30.15999984741211,1454,0.0,0.0,0.0
2024-08-13 15:35:00-04:00,30.170000076293945,30.170000076293945,30.165000915527344,30.165000915527344,1868,0.0,0.0,0.0
2024-08-13 15:40:00-04:00,30.170000076293945,30.170000076293945,30.170000076293945,30.170000076293945,361,0.0,0.0,0.0
2024-08-13 15:45:00-04:00,30.170000076293945,30.18000030517578,30.170000076293945,30.18000030517578,3586,0.0,0.0,0.0
2024-08-13 15:50:00-04:00,30.174999237060547,30.174999237060547,30.150800704956055,30.150800704956055,6301,0.0,0.0,0.0
2024-08-13 15:55:00-04:00,30.165000915527344,30.18000030517578,30.165000915527344,30.18000030517578,5848,0.0,0.0,0.0
2024-08-14 09:30:00-04:00,30.219999313354492,30.219999313354492,30.174999237060547,30.174999237060547,0,0.0,0.0,0.0
2024-08-14 09:45:00-04:00,30.145000457763672,30.158000946044922,30.145000457763672,30.155000686645508,1367,0.0,0.0,0.0
2024-08-14 09:50:00-04:00,30.145000457763672,30.145000457763672,30.145000457763672,30.145000457763672,380,0.0,0.0,0.0
2024-08-14 09:55:00-04:00,30.139999389648438,30.139999389648438,30.139999389648438,30.139999389648438,100,0.0,0.0,0.0
2024-08-14 10:10:00-04:00,30.145000457763672,30.145000457763672,30.139999389648438,30.139999389648438,791,0.0,0.0,0.0
2024-08-14 10:15:00-04:00,30.13010025024414,30.145000457763672,30.13010025024414,30.145000457763672,2898,0.0,0.0,0.0
2024-08-14 10:25:00-04:00,30.149999618530273,30.149999618530273,30.149900436401367,30.149900436401367,1516,0.0,0.0,0.0
2024-08-14 10:45:00-04:00,30.149999618530273,30.149999618530273,30.149999618530273,30.149999618530273,470,0.0,0.0,0.0
2024-08-14 10:50:00-04:00,30.149999618530273,30.15999984741211,30.149999618530273,30.15999984741211,392,0.0,0.0,0.0
2024-08-14 11:05:00-04:00,30.170000076293945,30.170000076293945,30.170000076293945,30.170000076293945,546,0.0,0.0,0.0
2024-08-14 11:15:00-04:00,30.165000915527344,30.165000915527344,30.163799285888672,30.163799285888672,405,0.0,0.0,0.0
2024-08-14 11:20:00-04:00,30.18000030517578,30.18000030517578,30.170000076293945,30.18000030517578,4113,0.0,0.0,0.0
2024-08-14 11:30:00-04:00,30.18000030517578,30.190000534057617,30.18000030517578,30.190000534057617,354,0.0,0.0,0.0
2024-08-14 11:35:00-04:00,30.194000244140625,30.194000244140625,30.194000244140625,30.194000244140625,274,0.0,0.0,0.0
2024-08-14 11:50:00-04:00,30.18000030517578,30.190000534057617,30.18000030517578,30.184999465942383,1605,0.0,0.0,0.0
2024-08-14 12:00:00-04:00,30.209699630737305,30.209999084472656,30.190000534057617,30.190000534057617,16636,0.0,0.0,0.0
2024-08-14 12:05:00-04:00,30.209999084472656,30.209999084472656,30.209800720214844,30.209800720214844,271,0.0,0.0,0.0
2024-08-14 12:20:00-04:00,30.18000030517578,30.18950080871582,30.1737003326416,30.1737003326416,2021,0.0,0.0,0.0
2024-08-14 12:25:00-04:00,30.18000030517578,30.18000030517578,30.18000030517578,30.18000030517578,2367,0.0,0.0,0.0
2024-08-14 12:30:00-04:00,30.174999237060547,30.174999237060547,30.174999237060547,30.174999237060547,100,0.0,0.0,0.0
2024-08-14 12:35:00-04:00,30.18269920349121,30.18269920349121,30.18000030517578,30.18000030517578,1014,0.0,0.0,0.0
2024-08-14 12:40:00-04:00,30.184999465942383,30.184999465942383,30.184999465942383,30.184999465942383,213,0.0,0.0,0.0
2024-08-14 12:45:00-04:00,30.170000076293945,30.170000076293945,30.170000076293945,30.170000076293945,246,0.0,0.0,0.0
2024-08-14 12:50:00-04:00,30.179100036621094,30.179100036621094,30.179100036621094,30.179100036621094,332,0.0,0.0,0.0
2024-08-14 12:55:00-04:00,30.18000030517578,30.18000030517578,30.18000030517578,30.18000030517578,830,0.0,0.0,0.0
2024-08-14 13:05:00-04:00,30.184999465942383,30.19099998474121,30.184999465942383,30.19099998474121,334,0.0,0.0,0.0
2024-08-14 13:10:00-04:00,30.18000030517578,30.18000030517578,30.17009925842285,30.18000030517578,9927,0.0,0.0,0.0
2024-08-14 13:15:00-04:00,30.184999465942383,30.190000534057617,30.184999465942383,30.190000534057617,400,0.0,0.0,0.0
2024-08-14 13:20:00-04:00,30.190000534057617,30.190000534057617,30.190000534057617,30.190000534057617,111,0.0,0.0,0.0
2024-08-14 13:30:00-04:00,30.190000534057617,30.190000534057617,30.190000534057617,30.190000534057617,342,0.0,0.0,0.0
2024-08-14 13:40:00-04:00,30.190000534057617,30.190000534057617,30.190000534057617,30.190000534057617,100,0.0,0.0,0.0
2024-08-14 13:45:00-04:00,30.18000030517578,30.190000534057617,30.18000030517578,30.190000534057617,2584,0.0,0.0,0.0
2024-08-14 13:55:00-04:00,30.199899673461914,30.199899673461914,30.199899673461914,30.199899673461914,224,0.0,0.0,0.0
2024-08-14 14:00:00-04:00,30.190000534057617,30.190000534057617,30.190000534057617,30.190000534057617,201,0.0,0.0,0.0
2024-08-14 14:05:00-04:00,30.184999465942383,30.190000534057617,30.184999465942383,30.190000534057617,3061,0.0,0.0,0.0
2024-08-14 14:10:00-04:00,30.190000534057617,30.190000534057617,30.190000534057617,30.190000534057617,266,0.0,0.0,0.0
2024-08-14 14:15:00-04:00,30.190000534057617,30.190000534057617,30.190000534057617,30.190000534057617,500,0.0,0.0,0.0
2024-08-14 14:20:00-04:00,30.190000534057617,30.200000762939453,30.1825008392334,30.200000762939453,3827,0.0,0.0,0.0
2024-08-14 14:25:00-04:00,30.190000534057617,30.190000534057617,30.190000534057617,30.190000534057617,246,0.0,0.0,0.0
2024-08-14 14:30:00-04:00,30.19499969482422,30.19499969482422,30.190000534057617,30.190000534057617,3208,0.0,0.0,0.0
2024-08-14 14:35:00-04:00,30.190000534057617,30.19969940185547,30.190000534057617,30.19969940185547,970,0.0,0.0,0.0
2024-08-14 14:40:00-04:00,30.192100524902344,30.192100524902344,30.190900802612305,30.190900802612305,743,0.0,0.0,0.0
2024-08-14 14:45:00-04:00,30.199899673461914,30.199899673461914,30.191299438476562,30.19499969482422,529,0.0,0.0,0.0
2024-08-14 14:50:00-04:00,30.19499969482422,30.204999923706055,30.190000534057617,30.204999923706055,51375,0.0,0.0,0.0
2024-08-14 14:55:00-04:00,30.2012996673584,30.20989990234375,30.20039939880371,30.20039939880371,1841,0.0,0.0,0.0
2024-08-14 15:00:00-04:00,30.197999954223633,30.209999084472656,30.197999954223633,30.209999084472656,3013,0.0,0.0,0.0
2024-08-14 15:05:00-04:00,30.204999923706055,30.207000732421875,30.204999923706055,30.204999923706055,794,0.0,0.0,0.0
2024-08-14 15:10:00-04:00,30.200000762939453,30.200000762939453,30.190000534057617,30.190000534057617,509,0.0,0.0,0.0
2024-08-14 15:20:00-04:00,30.184999465942383,30.184999465942383,30.184999465942383,30.184999465942383,169,0.0,0.0,0.0
2024-08-14 15:25:00-04:00,30.190000534057617,30.190000534057617,30.190000534057617,30.190000534057617,1046,0.0,0.0,0.0
2024-08-14 15:30:00-04:00,30.190000534057617,30.200000762939453,30.190000534057617,30.190000534057617,1439,0.0,0.0,0.0
2024-08-14 15:35:00-04:00,30.190000534057617,30.19499969482422,30.190000534057617,30.19499969482422,4463,0.0,0.0,0.0
2024-08-14 15:40:00-04:00,30.196199417114258,30.196199417114258,30.196199417114258,30.196199417114258,380,0.0,0.0,0.0
2024-08-14 15:45:00-04:00,30.19499969482422,30.19969940185547,30.190099716186523,30.19969940185547,2338,0.0,0.0,0.0
2024-08-14 15:50:00-04:00,30.19499969482422,30.19499969482422,30.193700790405273,30.193700790405273,1235,0.0,0.0,0.0
2024-08-14 15:55:00-04:00,30.204999923706055,30.21500015258789,30.200000762939453,30.209999084472656,3146,0.0,0.0,0.0
2024-08-15 09:30:00-04:00,30.270000457763672,30.270000457763672,30.270000457763672,30.270000457763672,1769,0.0,0.0,0.0
2024-08-15 09:35:00-04:00,30.280000686645508,30.280000686645508,30.280000686645508,30.280000686645508,150,0.0,0.0,0.0
2024-08-15 09:45:00-04:00,30.264999389648438,30.270000457763672,30.264999389648438,30.269899368286133,1595,0.0,0.0,0.0
2024-08-15 09:55:00-04:00,30.280000686645508,30.280000686645508,30.280000686645508,30.280000686645508,27001,0.0,0.0,0.0
2024-08-15 10:00:00-04:00,30.274999618530273,30.274999618530273,30.274999618530273,30.274999618530273,271,0.0,0.0,0.0
2024-08-15 10:05:00-04:00,30.270000457763672,30.270000457763672,30.25749969482422,30.25749969482422,922,0.0,0.0,0.0
2024-08-15 10:10:00-04:00,30.264999389648438,30.264999389648438,30.264999389648438,30.264999389648438,294,0.0,0.0,0.0
2024-08-15 10:15:00-04:00,30.264999389648438,30.270000457763672,30.264999389648438,30.270000457763672,2257,0.0,0.0,0.0
2024-08-15 10:25:00-04:00,30.280000686645508,30.280000686645508,30.280000686645508,30.280000686645508,309,0.0,0.0,0.0
2024-08-15 10:50:00-04:00,30.290000915527344,30.290000915527344,30.270000457763672,30.270000457763672,431,0.0,0.0,0.0
2024-08-15 10:55:00-04:00,30.27630043029785,30.27630043029785,30.27630043029785,30.27630043029785,1949,0.0,0.0,0.0
2024-08-15 11:00:00-04:00,30.290000915527344,30.290000915527344,30.285200119018555,30.290000915527344,1048,0.0,0.0,0.0
2024-08-15 11:10:00-04:00,30.299999237060547,30.299999237060547,30.295000076293945,30.295000076293945,307,0.0,0.0,0.0
2024-08-15 11:20:00-04:00,30.299699783325195,30.299699783325195,30.299699783325195,30.299699783325195,336,0.0,0.0,0.0
2024-08-15 11:25:00-04:00,30.299999237060547,30.299999237060547,30.299999237060547,30.299999237060547,460,0.0,0.0,0.0
2024-08-15 11:45:00-04:00,30.299999237060547,30.299999237060547,30.299999237060547,30.299999237060547,990,0.0,0.0,0.0
2024-08-15 11:50:00-04:00,30.299999237060547,30.299999237060547,30.299999237060547,30.299999237060547,232,0.0,0.0,0.0
2024-08-15 11:55:00-04:00,30.309999465942383,30.309999465942383,30.299999237060547,30.299999237060547,470,0.0,0.0,0.0
2024-08-15 12:00:00-04:00,30.290000915527344,30.290000915527344,30.290000915527344,30.290000915527344,619,0.0,0.0,0.0
2024-08-15 12:05:00-04:00,30.291500091552734,30.291500091552734,30.291500091552734,30.291500091552734,1667,0.0,0.0,0.0
2024-08-15 12:10:00-04:00,30.309999465942383,30.309999465942383,30.30500030517578,30.30500030517578,244,0.0,0.0,0.0
2024-08-15 12:25:00-04:00,30.299999237060547,30.309999465942383,30.299999237060547,30.309999465942383,2043,0.0,0.0,0.0
2024-08-15 12:30:00-04:00,30.30500030517578,30.30500030517578,30.30500030517578,30.30500030517578,167,0.0,0.0,0.0
2024-08-15 12:35:00-04:00,30.299999237060547,30.299999237060547,30.299999237060547,30.299999237060547,192,0.0,0.0,0.0
2024-08-15 13:05:00-04:00,30.299999237060547,30.299999237060547,30.295000076293945,30.295000076293945,2447,0.0,0.0,0.0
2024-08-15 13:10:00-04:00,30.299999237060547,30.299999237060547,30.299999237060547,30.299999237060547,135,0.0,0.0,0.0
2024-08-15 13:25:00-04:00,30.309999465942383,30.309999465942383,30.291000366210938,30.291000366210938,856,0.0,0.0,0.0
2024-08-15 13:30:00-04:00,30.309999465942383,30.309999465942383,30.300100326538086,30.300100326538086,3372,0.0,0.0,0.0
2024-08-15 13:35:00-04:00,30.30500030517578,30.309999465942383,30.30500030517578,30.309999465942383,1993,0.0,0.0,0.0
2024-08-15 13:40:00-04:00,30.30500030517578,30.309999465942383,30.301000595092773,30.30500030517578,2273,0.0,0.0,0.0
2024-08-15 13:50:00-04:00,30.309999465942383,30.315000534057617,30.309999465942383,30.315000534057617,642,0.0,0.0,0.0
2024-08-15 14:00:00-04:00,30.309999465942383,30.316999435424805,30.309999465942383,30.316999435424805,355,0.0,0.0,0.0
2024-08-15 14:05:00-04:00,30.309999465942383,30.31999969482422,30.309999465942383,30.315000534057617,349,0.0,0.0,0.0
2024-08-15 14:10:00-04:00,30.315000534057617,30.315000534057617,30.31209945678711,30.315000534057617,1283,0.0,0.0,0.0
2024-08-15 14:20:00-04:00,30.310100555419922,30.315000534057617,30.310100555419922,30.315000534057617,2762,0.0,0.0,0.0
2024-08-15 14:25:00-04:00,30.31999969482422,30.31999969482422,30.31999969482422,30.31999969482422,180,0.0,0.0,0.0
2024-08-15 14:30:00-04:00,30.31999969482422,30.329999923706055,30.31999969482422,30.31999969482422,930,0.0,0.0,0.0
2024-08-15 14:35:00-04:00,30.315000534057617,30.31999969482422,30.309999465942383,30.31130027770996,18700,0.0,0.0,0.0
2024-08-15 14:45:00-04:00,30.319400787353516,30.31999969482422,30.315000534057617,30.31999969482422,4137,0.0,0.0,0.0
2024-08-15 14:50:00-04:00,30.31999969482422,30.31999969482422,30.31999969482422,30.31999969482422,834,0.0,0.0,0.0
2024-08-15 15:00:00-04:00,30.315000534057617,30.31999969482422,30.315000534057617,30.31999969482422,375,0.0,0.0,0.0
2024-08-15 15:05:00-04:00,30.310100555419922,30.3262996673584,30.310100555419922,30.31999969482422,4455,0.0,0.0,0.0
2024-08-15 15:10:00-04:00,30.31999969482422,30.31999969482422,30.31999969482422,30.31999969482422,125,0.0,0.0,0.0
2024-08-15 15:15:00-04:00,30.31399917602539,30.31999969482422,30.31399917602539,30.31999969482422,534,0.0,0.0,0.0
2024-08-15 15:25:00-04:00,30.319499969482422,30.31999969482422,30.315200805664062,30.315200805664062,1850,0.0,0.0,0.0
2024-08-15 15:30:00-04:00,30.31999969482422,30.325000762939453,30.314699172973633,30.314699172973633,3924,0.0,0.0,0.0
2024-08-15 15:35:00-04:00,30.315000534057617,30.316299438476562,30.315000534057617,30.316299438476562,960,0.0,0.0,0.0
2024-08-15 15:40:00-04:00,30.31999969482422,30.31999969482422,30.31999969482422,30.31999969482422,656,0.0,0.0,0.0
2024-08-15 15:50:00-04:00,30.295000076293945,30.295000076293945,30.280000686645508,30.280000686645508,361,0.0,0.0,0.0
2024-08-15 15:55:00-04:00,30.299999237060547,30.31999969482422,30.290000915527344,30.31999969482422,0,0.0,0.0,0.0
2024-08-16 09:30:00-04:00,30.239999771118164,30.34000015258789,30.239999771118164,30.280099868774414,0,0.0,0.0,0.0
2024-08-16 09:35:00-04:00,30.316699981689453,30.316699981689453,30.312000274658203,30.312000274658203,15939,0.0,0.0,0.0
2024-08-16 09:40:00-04:00,30.31999969482422,30.31999969482422,30.30500030517578,30.30500030517578,148714,0.0,0.0,0.0
2024-08-16 09:50:00-04:00,30.299999237060547,30.30500030517578,30.299999237060547,30.30500030517578,3600,0.0,0.0,0.0
2024-08-16 09:55:00-04:00,30.299999237060547,30.299999237060547,30.299999237060547,30.299999237060547,1737,0.0,0.0,0.0
2024-08-16 10:00:00-04:00,30.290000915527344,30.31999969482422,30.290000915527344,30.31999969482422,401,0.0,0.0,0.0
2024-08-16 10:05:00-04:00,30.315000534057617,30.315000534057617,30.315000534057617,30.315000534057617,530,0.0,0.0,0.0
2024-08-16 10:10:00-04:00,30.315000534057617,30.315000534057617,30.315000534057617,30.315000534057617,514,0.0,0.0,0.0
2024-08-16 10:15:00-04:00,30.34000015258789,30.34000015258789,30.334699630737305,30.334699630737305,1008,0.0,0.0,0.0
2024-08-16 10:20:00-04:00,30.321199417114258,30.321199417114258,30.321199417114258,30.321199417114258,500,0.0,0.0,0.0
2024-08-16 10:25:00-04:00,30.32859992980957,30.32859992980957,30.32859992980957,30.32859992980957,165,0.0,0.0,0.0
2024-08-16 10:30:00-04:00,30.310400009155273,30.310400009155273,30.310400009155273,30.310400009155273,382,0.0,0.0,0.0
2024-08-16 10:35:00-04:00,30.320499420166016,30.320499420166016,30.320499420166016,30.320499420166016,767,0.0,0.0,0.0
2024-08-16 10:40:00-04:00,30.309999465942383,30.31999969482422,30.309999465942383,30.309999465942383,342,0.0,0.0,0.0
2024-08-16 10:45:00-04:00,30.310100555419922,30.31170082092285,30.310100555419922,30.31170082092285,603,0.0,0.0,0.0
2024-08-16 10:50:00-04:00,30.312700271606445,30.312700271606445,30.299999237060547,30.309999465942383,2398,0.0,0.0,0.0
2024-08-16 10:55:00-04:00,30.31999969482422,30.31999969482422,30.31999969482422,30.31999969482422,107,0.0,0.0,0.0
2024-08-16 11:00:00-04:00,30.31060028076172,30.31060028076172,30.31060028076172,30.31060028076172,181,0.0,0.0,0.0
2024-08-16 11:05:00-04:00,30.309999465942383,30.31999969482422,30.299999237060547,30.31999969482422,3975,0.0,0.0,0.0
2024-08-16 11:20:00-04:00,30.309999465942383,30.309999465942383,30.299999237060547,30.299999237060547,1905,0.0,0.0,0.0
2024-08-16 11:25:00-04:00,30.309999465942383,30.309999465942383,30.299999237060547,30.309999465942383,6079,0.0,0.0,0.0
2024-08-16 11:30:00-04:00,30.31999969482422,30.31999969482422,30.309999465942383,30.309999465942383,200,0.0,0.0,0.0
2024-08-16 11:35:00-04:00,30.31999969482422,30.31999969482422,30.313100814819336,30.313100814819336,376,0.0,0.0,0.0
2024-08-16 11:40:00-04:00,30.329999923706055,30.329999923706055,30.309999465942383,30.32990074157715,3138,0.0,0.0,0.0
2024-08-16 11:45:00-04:00,30.334999084472656,30.334999084472656,30.334999084472656,30.334999084472656,220,0.0,0.0,0.0
2024-08-16 11:50:00-04:00,30.31999969482422,30.31999969482422,30.31999969482422,30.31999969482422,265,0.0,0.0,0.0
2024-08-16 12:00:00-04:00,30.329999923706055,30.34000015258789,30.329999923706055,30.337900161743164,1353,0.0,0.0,0.0
2024-08-16 12:10:00-04:00,30.34000015258789,30.341999053955078,30.329999923706055,30.329999923706055,7112,0.0,0.0,0.0
2024-08-16 12:15:00-04:00,30.34000015258789,30.34000015258789,30.34000015258789,30.34000015258789,143,0.0,0.0,0.0
2024-08-16 12:20:00-04:00,30.340099334716797,30.340099334716797,30.33799934387207,30.33799934387207,948,0.0,0.0,0.0
2024-08-16 12:25:00-04:00,30.339799880981445,30.339799880981445,30.339799880981445,30.339799880981445,949,0.0,0.0,0.0
2024-08-16 12:30:00-04:00,30.33880043029785,30.33880043029785,30.329999923706055,30.335100173950195,1420,0.0,0.0,0.0
2024-08-16 12:35:00-04:00,30.34000015258789,30.34000015258789,30.33530044555664,30.33530044555664,649,0.0,0.0,0.0
2024-08-16 12:45:00-04:00,30.348600387573242,30.348600387573242,30.348600387573242,30.348600387573242,509,0.0,0.0,0.0
2024-08-16 12:50:00-04:00,30.350000381469727,30.350000381469727,30.350000381469727,30.350000381469727,160,0.0,0.0,0.0
2024-08-16 12:55:00-04:00,30.350000381469727,30.350000381469727,30.340499877929688,30.340499877929688,444,0.0,0.0,0.0
2024-08-16 13:00:00-04:00,30.33799934387207,30.33799934387207,30.33799934387207,30.33799934387207,401,0.0,0.0,0.0
2024-08-16 13:20:00-04:00,30.350000381469727,30.357999801635742,30.340999603271484,30.340999603271484,2795,0.0,0.0,0.0
2024-08-16 13:25:00-04:00,30.350000381469727,30.350000381469727,30.350000381469727,30.350000381469727,2851,0.0,0.0,0.0
2024-08-16 13:30:00-04:00,30.343299865722656,30.360000610351562,30.343299865722656,30.350000381469727,490,0.0,0.0,0.0
2024-08-16 13:45:00-04:00,30.350000381469727,30.350000381469727,30.350000381469727,30.350000381469727,837,0.0,0.0,0.0
2024-08-16 13:55:00-04:00,30.337600708007812,30.337600708007812,30.337600708007812,30.337600708007812,1748,0.0,0.0,0.0
2024-08-16 14:00:00-04:00,30.34000015258789,30.34000015258789,30.34000015258789,30.34000015258789,157,0.0,0.0,0.0
2024-08-16 14:05:00-04:00,30.350000381469727,30.350000381469727,30.350000381469727,30.350000381469727,590,0.0,0.0,0.0
2024-08-16 14:10:00-04:00,30.350000381469727,30.350000381469727,30.350000381469727,30.350000381469727,100,0.0,0.0,0.0
2024-08-16 14:20:00-04:00,30.332199096679688,30.332199096679688,30.332199096679688,30.332199096679688,121,0.0,0.0,0.0
2024-08-16 14:25:00-04:00,30.350000381469727,30.350000381469727,30.350000381469727,30.350000381469727,114,0.0,0.0,0.0
2024-08-16 14:40:00-04:00,30.334199905395508,30.334199905395508,30.334199905395508,30.334199905395508,300,0.0,0.0,0.0
2024-08-16 14:45:00-04:00,30.350000381469727,30.350000381469727,30.350000381469727,30.350000381469727,197,0.0,0.0,0.0
2024-08-16 14:55:00-04:00,30.332599639892578,30.332599639892578,30.332599639892578,30.332599639892578,427,0.0,0.0,0.0
2024-08-16 15:00:00-04:00,30.354999542236328,30.354999542236328,30.354000091552734,30.354000091552734,503,0.0,0.0,0.0
2024-08-16 15:10:00-04:00,30.360000610351562,30.360000610351562,30.360000610351562,30.360000610351562,228,0.0,0.0,0.0
2024-08-16 15:20:00-04:00,30.350000381469727,30.350000381469727,30.350000381469727,30.350000381469727,5425,0.0,0.0,0.0
2024-08-16 15:30:00-04:00,30.350000381469727,30.350000381469727,30.34000015258789,30.34000015258789,2237,0.0,0.0,0.0
2024-08-16 15:40:00-04:00,30.31999969482422,30.31999969482422,30.31999969482422,30.31999969482422,288,0.0,0.0,0.0
2024-08-16 15:45:00-04:00,30.344499588012695,30.354999542236328,30.344499588012695,30.354999542236328,1619,0.0,0.0,0.0
2024-08-16 15:50:00-04:00,30.350000381469727,30.350000381469727,30.350000381469727,30.350000381469727,132,0.0,0.0,0.0
2024-08-16 15:55:00-04:00,30.34000015258789,30.350000381469727,30.34000015258789,30.34000015258789,1243,0.0,0.0,0.0
2024-08-19 09:30:00-04:00,30.31999969482422,30.31999969482422,30.31999969482422,30.31999969482422,3763,0.0,0.0,0.0
2024-08-19 09:45:00-04:00,30.360000610351562,30.360000610351562,30.360000610351562,30.360000610351562,10578,0.0,0.0,0.0
2024-08-19 10:00:00-04:00,30.344999313354492,30.344999313354492,30.344999313354492,30.344999313354492,164,0.0,0.0,0.0
2024-08-19 10:05:00-04:00,30.350000381469727,30.350000381469727,30.350000381469727,30.350000381469727,154,0.0,0.0,0.0
2024-08-19 10:20:00-04:00,30.33930015563965,30.33930015563965,30.33930015563965,30.33930015563965,303,0.0,0.0,0.0
2024-08-19 10:25:00-04:00,30.350000381469727,30.350000381469727,30.350000381469727,30.350000381469727,296,0.0,0.0,0.0
2024-08-19 10:30:00-04:00,30.350000381469727,30.350000381469727,30.350000381469727,30.350000381469727,400,0.0,0.0,0.0
2024-08-19 10:35:00-04:00,30.350000381469727,30.350000381469727,30.34000015258789,30.350000381469727,3142,0.0,0.0,0.0
2024-08-19 10:40:00-04:00,30.360000610351562,30.3700008392334,30.360000610351562,30.3700008392334,2307,0.0,0.0,0.0
2024-08-19 10:50:00-04:00,30.3799991607666,30.3799991607666,30.3799991607666,30.3799991607666,100,0.0,0.0,0.0
2024-08-19 10:55:00-04:00,30.34000015258789,30.3799991607666,30.34000015258789,30.3799991607666,515,0.0,0.0,0.0
2024-08-19 11:00:00-04:00,30.379499435424805,30.3799991607666,30.379499435424805,30.3799991607666,773,0.0,0.0,0.0
2024-08-19 11:05:00-04:00,30.3799991607666,30.3799991607666,30.3799991607666,30.3799991607666,216,0.0,0.0,0.0
2024-08-19 11:10:00-04:00,30.389999389648438,30.389999389648438,30.389999389648438,30.389999389648438,2134,0.0,0.0,0.0
2024-08-19 11:15:00-04:00,30.3799991607666,30.3799991607666,30.3799991607666,30.3799991607666,166,0.0,0.0,0.0
2024-08-19 11:25:00-04:00,30.389999389648438,30.389999389648438,30.389999389648438,30.389999389648438,100,0.0,0.0,0.0
2024-08-19 11:30:00-04:00,30.3799991607666,30.389999389648438,30.374500274658203,30.389999389648438,470,0.0,0.0,0.0
2024-08-19 11:35:00-04:00,30.389999389648438,30.389999389648438,30.389999389648438,30.389999389648438,241,0.0,0.0,0.0
2024-08-19 11:45:00-04:00,30.3799991607666,30.389999389648438,30.3799991607666,30.389999389648438,257,0.0,0.0,0.0
2024-08-19 11:50:00-04:00,30.37339973449707,30.385000228881836,30.37339973449707,30.385000228881836,1110,0.0,0.0,0.0
2024-08-19 12:00:00-04:00,30.389999389648438,30.389999389648438,30.389999389648438,30.389999389648438,138,0.0,0.0,0.0
2024-08-19 12:15:00-04:00,30.375,30.389999389648438,30.375,30.389999389648438,1242,0.0,0.0,0.0
2024-08-19 12:40:00-04:00,30.389999389648438,30.389999389648438,30.389999389648438,30.389999389648438,100,0.0,0.0,0.0
2024-08-19 12:45:00-04:00,30.36319923400879,30.389999389648438,30.36319923400879,30.389999389648438,583,0.0,0.0,0.0
2024-08-19 13:00:00-04:00,30.377199172973633,30.377199172973633,30.377199172973633,30.377199172973633,325,0.0,0.0,0.0
2024-08-19 13:05:00-04:00,30.399999618530273,30.399999618530273,30.399999618530273,30.399999618530273,444,0.0,0.0,0.0
2024-08-19 13:15:00-04:00,30.399999618530273,30.399999618530273,30.385000228881836,30.385000228881836,1434,0.0,0.0,0.0
2024-08-19 13:20:00-04:00,30.385000228881836,30.385000228881836,30.385000228881836,30.385000228881836,162,0.0,0.0,0.0
2024-08-19 13:25:00-04:00,30.399999618530273,30.399999618530273,30.399999618530273,30.399999618530273,156,0.0,0.0,0.0
2024-08-19 13:40:00-04:00,30.379600524902344,30.399999618530273,30.379600524902344,30.399999618530273,432,0.0,0.0,0.0
2024-08-19 13:45:00-04:00,30.399999618530273,30.399999618530273,30.370899200439453,30.370899200439453,1411,0.0,0.0,0.0
2024-08-19 14:00:00-04:00,30.388999938964844,30.399999618530273,30.388999938964844,30.399999618530273,859,0.0,0.0,0.0
2024-08-19 14:05:00-04:00,30.389999389648438,30.389999389648438,30.389999389648438,30.389999389648438,658,0.0,0.0,0.0
2024-08-19 14:10:00-04:00,30.3700008392334,30.3700008392334,30.3700008392334,30.3700008392334,412,0.0,0.0,0.0
2024-08-19 14:30:00-04:00,30.40999984741211,30.40999984741211,30.40999984741211,30.40999984741211,100,0.0,0.0,0.0
2024-08-19 14:35:00-04:00,30.399900436401367,30.40999984741211,30.399900436401367,30.40999984741211,3806,0.0,0.0,0.0
2024-08-19 14:40:00-04:00,30.401899337768555,30.40999984741211,30.3700008392334,30.3700008392334,2534,0.0,0.0,0.0
2024-08-19 14:45:00-04:00,30.40999984741211,30.40999984741211,30.40999984741211,30.40999984741211,600,0.0,0.0,0.0
2024-08-19 14:50:00-04:00,30.40999984741211,30.40999984741211,30.40999984741211,30.40999984741211,108,0.0,0.0,0.0
2024-08-19 14:55:00-04:00,30.40999984741211,30.40999984741211,30.40999984741211,30.40999984741211,100,0.0,0.0,0.0
2024-08-19 15:00:00-04:00,30.386499404907227,30.386499404907227,30.386499404907227,30.386499404907227,896,0.0,0.0,0.0
2024-08-19 15:10:00-04:00,30.395000457763672,30.395000457763672,30.395000457763672,30.395000457763672,2321,0.0,0.0,0.0
2024-08-19 15:15:00-04:00,30.40999984741211,30.420000076293945,30.409000396728516,30.420000076293945,23873,0.0,0.0,0.0
2024-08-19 15:20:00-04:00,30.420000076293945,30.420000076293945,30.399999618530273,30.420000076293945,5932,0.0,0.0,0.0
2024-08-19 15:25:00-04:00,30.420000076293945,30.420000076293945,30.405000686645508,30.420000076293945,2419,0.0,0.0,0.0
2024-08-19 15:35:00-04:00,30.405000686645508,30.420000076293945,30.405000686645508,30.420000076293945,1921,0.0,0.0,0.0
2024-08-19 15:45:00-04:00,30.41900062561035,30.41900062561035,30.389999389648438,30.389999389648438,584,0.0,0.0,0.0
2024-08-19 15:50:00-04:00,30.420000076293945,30.420000076293945,30.399999618530273,30.399999618530273,2191,0.0,0.0,0.0
2024-08-19 15:55:00-04:00,30.42799949645996,30.43000030517578,30.424999237060547,30.429899215698242,5543,0.0,0.0,0.0
2024-08-20 09:30:00-04:00,30.459999084472656,30.459999084472656,30.389999389648438,30.389999389648438,0,0.0,0.0,0.0
2024-08-20 09:50:00-04:00,30.440000534057617,30.440000534057617,30.440000534057617,30.440000534057617,103,0.0,0.0,0.0
2024-08-20 10:00:00-04:00,30.42180061340332,30.440000534057617,30.42180061340332,30.43000030517578,2137,0.0,0.0,0.0
2024-08-20 10:10:00-04:00,30.420000076293945,30.43000030517578,30.420000076293945,30.429000854492188,496,0.0,0.0,0.0
2024-08-20 10:15:00-04:00,30.4197998046875,30.4197998046875,30.4197998046875,30.4197998046875,1165,0.0,0.0,0.0
2024-08-20 10:20:00-04:00,30.40999984741211,30.420000076293945,30.409099578857422,30.420000076293945,1634,0.0,0.0,0.0
2024-08-20 10:25:00-04:00,30.40999984741211,30.40999984741211,30.40999984741211,30.40999984741211,333,0.0,0.0,0.0
2024-08-20 10:30:00-04:00,30.415000915527344,30.415000915527344,30.415000915527344,30.415000915527344,4386,0.0,0.0,0.0
2024-08-20 10:35:00-04:00,30.389999389648438,30.420000076293945,30.38010025024414,30.420000076293945,1220,0.0,0.0,0.0
2024-08-20 10:40:00-04:00,30.40959930419922,30.40959930419922,30.40959930419922,30.40959930419922,135,0.0,0.0,0.0
2024-08-20 10:45:00-04:00,30.394399642944336,30.40999984741211,30.394399642944336,30.40999984741211,846,0.0,0.0,0.0
2024-08-20 10:50:00-04:00,30.400100708007812,30.420000076293945,30.400100708007812,30.40999984741211,751,0.0,0.0,0.0
2024-08-20 11:00:00-04:00,30.40999984741211,30.420000076293945,30.40999984741211,30.420000076293945,304,0.0,0.0,0.0
2024-08-20 11:10:00-04:00,30.40999984741211,30.40999984741211,30.40999984741211,30.40999984741211,1523,0.0,0.0,0.0
2024-08-20 11:15:00-04:00,30.420000076293945,30.420000076293945,30.420000076293945,30.420000076293945,412,0.0,0.0,0.0
2024-08-20 11:45:00-04:00,30.40999984741211,30.40999984741211,30.40999984741211,30.40999984741211,309,0.0,0.0,0.0
2024-08-20 12:00:00-04:00,30.390100479125977,30.40999984741211,30.390100479125977,30.40999984741211,5063,0.0,0.0,0.0
2024-08-20 12:10:00-04:00,30.41990089416504,30.41990089416504,30.408000946044922,30.408000946044922,506,0.0,0.0,0.0
2024-08-20 12:25:00-04:00,30.40180015563965,30.420000076293945,30.40180015563965,30.420000076293945,344,0.0,0.0,0.0
2024-08-20 12:30:00-04:00,30.408000946044922,30.420000076293945,30.408000946044922,30.420000076293945,661,0.0,0.0,0.0
2024-08-20 12:35:00-04:00,30.420000076293945,30.420000076293945,30.419700622558594,30.419700622558594,868,0.0,0.0,0.0
2024-08-20 12:40:00-04:00,30.41990089416504,30.420000076293945,30.40999984741211,30.40999984741211,2794,0.0,0.0,0.0
2024-08-20 12:45:00-04:00,30.40999984741211,30.420000076293945,30.40999984741211,30.40999984741211,551,0.0,0.0,0.0
2024-08-20 12:50:00-04:00,30.40999984741211,30.420000076293945,30.405000686645508,30.420000076293945,1099,0.0,0.0,0.0
2024-08-20 12:55:00-04:00,30.420000076293945,30.420000076293945,30.399999618530273,30.40999984741211,635,0.0,0.0,0.0
2024-08-20 13:05:00-04:00,30.389999389648438,30.399999618530273,30.389999389648438,30.399999618530273,500,0.0,0.0,0.0
2024-08-20 13:10:00-04:00,30.396799087524414,30.399999618530273,30.395000457763672,30.399999618530273,1295,0.0,0.0,0.0
2024-08-20 13:15:00-04:00,30.40250015258789,30.40999984741211,30.40250015258789,30.40999984741211,1436,0.0,0.0,0.0
2024-08-20 13:25:00-04:00,30.400100708007812,30.420000076293945,30.389999389648438,30.420000076293945,21928,0.0,0.0,0.0
2024-08-20 13:30:00-04:00,30.405000686645508,30.405000686645508,30.398099899291992,30.398099899291992,370,0.0,0.0,0.0
2024-08-20 13:35:00-04:00,30.405000686645508,30.40999984741211,30.389999389648438,30.389999389648438,884,0.0,0.0,0.0
2024-08-20 13:40:00-04:00,30.405000686645508,30.420000076293945,30.389999389648438,30.389999389648438,807,0.0,0.0,0.0
2024-08-20 13:45:00-04:00,30.40999984741211,30.40999984741211,30.399999618530273,30.40999984741211,1798,0.0,0.0,0.0
2024-08-20 13:50:00-04:00,30.420000076293945,30.420000076293945,30.41200065612793,30.41200065612793,641,0.0,0.0,0.0
2024-08-20 14:00:00-04:00,30.420000076293945,30.420000076293945,30.408000946044922,30.408000946044922,366,0.0,0.0,0.0
2024-08-20 14:05:00-04:00,30.40999984741211,30.40999984741211,30.40999984741211,30.40999984741211,1232,0.0,0.0,0.0
2024-08-20 14:10:00-04:00,30.420000076293945,30.420000076293945,30.410499572753906,30.415000915527344,1047,0.0,0.0,0.0
2024-08-20 14:15:00-04:00,30.420000076293945,30.420000076293945,30.40999984741211,30.420000076293945,3278,0.0,0.0,0.0
2024-08-20 14:20:00-04:00,30.420000076293945,30.420000076293945,30.420000076293945,30.420000076293945,100,0.0,0.0,0.0
2024-08-20 14:25:00-04:00,30.420000076293945,30.420000076293945,30.420000076293945,30.420000076293945,322,0.0,0.0,0.0
2024-08-20 14:35:00-04:00,30.420000076293945,30.420000076293945,30.415000915527344,30.415000915527344,719,0.0,0.0,0.0
2024-08-20 14:40:00-04:00,30.429899215698242,30.43000030517578,30.417999267578125,30.420000076293945,86234,0.0,0.0,0.0
2024-08-20 14:45:00-04:00,30.419700622558594,30.420000076293945,30.419700622558594,30.420000076293945,465,0.0,0.0,0.0
2024-08-20 14:50:00-04:00,30.420000076293945,30.420000076293945,30.420000076293945,30.420000076293945,100,0.0,0.0,0.0
2024-08-20 15:00:00-04:00,30.415000915527344,30.415000915527344,30.3799991607666,30.3799991607666,12112,0.0,0.0,0.0
2024-08-20 15:05:00-04:00,30.420000076293945,30.440000534057617,30.420000076293945,30.424999237060547,25968,0.0,0.0,0.0
2024-08-20 15:10:00-04:00,30.43000030517578,30.43000030517578,30.417999267578125,30.43000030517578,4003,0.0,0.0,0.0
2024-08-20 15:15:00-04:00,30.406700134277344,30.419099807739258,30.406700134277344,30.419099807739258,1868,0.0,0.0,0.0
2024-08-20 15:30:00-04:00,30.429000854492188,30.43000030517578,30.429000854492188,30.43000030517578,7850,0.0,0.0,0.0
2024-08-20 15:35:00-04:00,30.42099952697754,30.429800033569336,30.407100677490234,30.407100677490234,2883,0.0,0.0,0.0
2024-08-20 15:40:00-04:00,30.429899215698242,30.43000030517578,30.429899215698242,30.429899215698242,2356,0.0,0.0,0.0
2024-08-20 15:45:00-04:00,30.43000030517578,30.43000030517578,30.417999267578125,30.417999267578125,204,0.0,0.0,0.0
2024-08-20 15:55:00-04:00,30.43000030517578,30.43000030517578,30.415000915527344,30.429899215698242,15350,0.0,0.0,0.0
2024-08-21 09:30:00-04:00,30.34000015258789,30.4591007232666,30.34000015258789,30.4591007232666,0,0.0,0.0,0.0
2024-08-21 09:40:00-04:00,30.40999984741211,30.40999984741211,30.40999984741211,30.40999984741211,951,0.0,0.0,0.0
2024-08-21 09:45:00-04:00,30.43000030517578,30.43000030517578,30.429899215698242,30.429899215698242,4145,0.0,0.0,0.0
2024-08-21 09:50:00-04:00,30.420000076293945,30.420000076293945,30.420000076293945,30.420000076293945,4136,0.0,0.0,0.0
2024-08-21 09:55:00-04:00,30.440000534057617,30.440000534057617,30.440000534057617,30.440000534057617,185,0.0,0.0,0.0
2024-08-21 10:00:00-04:00,30.439199447631836,30.439199447631836,30.40999984741211,30.40999984741211,4379,0.0,0.0,0.0
2024-08-21 10:05:00-04:00,30.439899444580078,30.439899444580078,30.42889976501465,30.439199447631836,653,0.0,0.0,0.0
2024-08-21 10:10:00-04:00,30.424999237060547,30.439599990844727,30.424999237060547,30.439599990844727,4556,0.0,0.0,0.0
2024-08-21 10:15:00-04:00,30.43000030517578,30.43000030517578,30.43000030517578,30.43000030517578,100,0.0,0.0,0.0
2024-08-21 10:20:00-04:00,30.440000534057617,30.440000534057617,30.439899444580078,30.439899444580078,11026,0.0,0.0,0.0
2024-08-21 10:30:00-04:00,30.420000076293945,30.420000076293945,30.420000076293945,30.420000076293945,499,0.0,0.0,0.0
2024-08-21 10:35:00-04:00,30.440000534057617,30.440000534057617,30.439899444580078,30.440000534057617,4640,0.0,0.0,0.0
2024-08-21 10:40:00-04:00,30.437700271606445,30.450000762939453,30.437700271606445,30.450000762939453,2016,0.0,0.0,0.0
2024-08-21 10:45:00-04:00,30.459999084472656,30.459999084472656,30.45989990234375,30.45989990234375,1022,0.0,0.0,0.0
2024-08-21 10:50:00-04:00,30.440000534057617,30.440000534057617,30.40999984741211,30.40999984741211,1075,0.0,0.0,0.0
2024-08-21 10:55:00-04:00,30.420000076293945,30.43000030517578,30.41990089416504,30.43000030517578,1422,0.0,0.0,0.0
2024-08-21 11:00:00-04:00,30.420000076293945,30.420000076293945,30.407800674438477,30.407800674438477,0,0.0,0.0,0.0
2024-08-21 11:05:00-04:00,30.43000030517578,30.43000030517578,30.420000076293945,30.43000030517578,48784,0.0,0.0,0.0
2024-08-21 11:10:00-04:00,30.439199447631836,30.439199447631836,30.42259979248047,30.42259979248047,8750,0.0,0.0,0.0
2024-08-21 11:15:00-04:00,30.440000534057617,30.440000534057617,30.439899444580078,30.439899444580078,986,0.0,0.0,0.0
2024-08-21 11:20:00-04:00,30.440000534057617,30.440000534057617,30.424999237060547,30.424999237060547,1010,0.0,0.0,0.0
2024-08-21 11:25:00-04:00,30.424999237060547,30.440000534057617,30.424999237060547,30.440000534057617,648,0.0,0.0,0.0
2024-08-21 11:30:00-04:00,30.420000076293945,30.420000076293945,30.420000076293945,30.420000076293945,109,0.0,0.0,0.0
2024-08-21 11:35:00-04:00,30.41010093688965,30.420000076293945,30.41010093688965,30.420000076293945,1466,0.0,0.0,0.0
2024-08-21 11:45:00-04:00,30.420000076293945,30.420000076293945,30.41990089416504,30.420000076293945,2358,0.0,0.0,0.0
2024-08-21 11:50:00-04:00,30.413299560546875,30.420000076293945,30.413299560546875,30.420000076293945,286,0.0,0.0,0.0
2024-08-21 12:10:00-04:00,30.408000946044922,30.40999984741211,30.408000946044922,30.40999984741211,4353,0.0,0.0,0.0
2024-08-21 12:15:00-04:00,30.420000076293945,30.420000076293945,30.420000076293945,30.420000076293945,167,0.0,0.0,0.0
2024-08-21 12:25:00-04:00,30.40999984741211,30.420000076293945,30.399999618530273,30.420000076293945,3124,0.0,0.0,0.0
2024-08-21 12:50:00-04:00,30.41990089416504,30.41990089416504,30.41990089416504,30.41990089416504,980,0.0,0.0,0.0
2024-08-21 12:55:00-04:00,30.420000076293945,30.420000076293945,30.420000076293945,30.420000076293945,610,0.0,0.0,0.0
2024-08-21 13:00:00-04:00,30.420000076293945,30.440000534057617,30.420000076293945,30.440000534057617,1726,0.0,0.0,0.0
2024-08-21 13:05:00-04:00,30.440000534057617,30.440000534057617,30.43000030517578,30.440000534057617,1088,0.0,0.0,0.0
2024-08-21 13:10:00-04:00,30.424999237060547,30.424999237060547,30.424999237060547,30.424999237060547,877,0.0,0.0,0.0
2024-08-21 13:20:00-04:00,30.42799949645996,30.440000534057617,30.42799949645996,30.440000534057617,545,0.0,0.0,0.0
2024-08-21 13:25:00-04:00,30.43000030517578,30.43000030517578,30.43000030517578,30.43000030517578,121969,0.0,0.0,0.0
2024-08-21 13:30:00-04:00,30.424999237060547,30.440000534057617,30.40999984741211,30.440000534057617,502,0.0,0.0,0.0
2024-08-21 13:40:00-04:00,30.42099952697754,30.42099952697754,30.42099952697754,30.42099952697754,155,0.0,0.0,0.0
2024-08-21 13:45:00-04:00,30.42009925842285,30.440000534057617,30.42009925842285,30.43000030517578,4586,0.0,0.0,0.0
2024-08-21 14:00:00-04:00,30.43000030517578,30.440000534057617,30.43000030517578,30.440000534057617,2684,0.0,0.0,0.0
2024-08-21 14:05:00-04:00,30.440000534057617,30.440000534057617,30.430099487304688,30.430099487304688,2100,0.0,0.0,0.0
2024-08-21 14:10:00-04:00,30.431299209594727,30.440000534057617,30.431299209594727,30.440000534057617,3288,0.0,0.0,0.0
2024-08-21 14:15:00-04:00,30.440000534057617,30.450000762939453,30.439899444580078,30.450000762939453,811,0.0,0.0,0.0
2024-08-21 14:20:00-04:00,30.449899673461914,30.449899673461914,30.449899673461914,30.449899673461914,1226,0.0,0.0,0.0
2024-08-21 14:30:00-04:00,30.450000762939453,30.450000762939453,30.450000762939453,30.450000762939453,525,0.0,0.0,0.0
2024-08-21 14:35:00-04:00,30.442100524902344,30.450000762939453,30.440000534057617,30.450000762939453,2689,0.0,0.0,0.0
2024-08-21 14:45:00-04:00,30.434999465942383,30.440000534057617,30.434999465942383,30.434999465942383,562,0.0,0.0,0.0
2024-08-21 14:50:00-04:00,30.440000534057617,30.450000762939453,30.440000534057617,30.450000762939453,1501,0.0,0.0,0.0
2024-08-21 15:00:00-04:00,30.44499969482422,30.450000762939453,30.440000534057617,30.44499969482422,813,0.0,0.0,0.0
2024-08-21 15:05:00-04:00,30.440000534057617,30.440000534057617,30.440000534057617,30.440000534057617,145,0.0,0.0,0.0
2024-08-21 15:10:00-04:00,30.440000534057617,30.440000534057617,30.439899444580078,30.440000534057617,872,0.0,0.0,0.0
2024-08-21 15:15:00-04:00,30.43000030517578,30.434999465942383,30.43000030517578,30.430999755859375,10477,0.0,0.0,0.0
2024-08-21 15:20:00-04:00,30.440000534057617,30.440000534057617,30.434999465942383,30.440000534057617,1615,0.0,0.0,0.0
2024-08-21 15:25:00-04:00,30.430099487304688,30.434999465942383,30.430099487304688,30.434999465942383,2093,0.0,0.0,0.0
2024-08-21 15:30:00-04:00,30.430700302124023,30.440000534057617,30.430099487304688,30.430099487304688,4364,0.0,0.0,0.0
2024-08-21 15:35:00-04:00,30.434999465942383,30.434999465942383,30.434999465942383,30.434999465942383,894,0.0,0.0,0.0
2024-08-21 15:40:00-04:00,30.439899444580078,30.44499969482422,30.43899917602539,30.440000534057617,12797,0.0,0.0,0.0
2024-08-21 15:45:00-04:00,30.43000030517578,30.450000762939453,30.43000030517578,30.440000534057617,23345,0.0,0.0,0.0
2024-08-21 15:50:00-04:00,30.44499969482422,30.45989990234375,30.44499969482422,30.45989990234375,10155,0.0,0.0,0.0
2024-08-21 15:55:00-04:00,30.450000762939453,30.459999084472656,30.449899673461914,30.450000762939453,4074,0.0,0.0,0.0
2024-08-22 09:30:00-04:00,30.420000076293945,30.420000076293945,30.40999984741211,30.40999984741211,0,0.0,0.0,0.0
2024-08-22 09:40:00-04:00,30.462099075317383,30.462099075317383,30.462099075317383,30.462099075317383,294,0.0,0.0,0.0
2024-08-22 09:50:00-04:00,30.447500228881836,30.450000762939453,30.447500228881836,30.450000762939453,2280,0.0,0.0,0.0
2024-08-22 10:15:00-04:00,30.434999465942383,30.440000534057617,30.43000030517578,30.43000030517578,283662,0.0,0.0,0.0
2024-08-22 10:20:00-04:00,30.43000030517578,30.43000030517578,30.43000030517578,30.43000030517578,894,0.0,0.0,0.0
2024-08-22 10:40:00-04:00,30.43000030517578,30.43000030517578,30.43000030517578,30.43000030517578,358,0.0,0.0,0.0
2024-08-22 10:45:00-04:00,30.440000534057617,30.440000534057617,30.440000534057617,30.440000534057617,100,0.0,0.0,0.0
2024-08-22 10:50:00-04:00,30.41230010986328,30.430200576782227,30.41230010986328,30.430200576782227,2198,0.0,0.0,0.0
2024-08-22 11:00:00-04:00,30.424999237060547,30.424999237060547,30.424999237060547,30.424999237060547,200,0.0,0.0,0.0
2024-08-22 11:05:00-04:00,30.450000762939453,30.450000762939453,30.43000030517578,30.43000030517578,3673,0.0,0.0,0.0
2024-08-22 11:10:00-04:00,30.43000030517578,30.43000030517578,30.43000030517578,30.43000030517578,201,0.0,0.0,0.0
2024-08-22 11:20:00-04:00,30.420000076293945,30.440000534057617,30.420000076293945,30.420000076293945,13268,0.0,0.0,0.0
2024-08-22 11:25:00-04:00,30.420000076293945,30.420000076293945,30.420000076293945,30.420000076293945,860,0.0,0.0,0.0
2024-08-22 11:40:00-04:00,30.399999618530273,30.400100708007812,30.399999618530273,30.399999618530273,2832,0.0,0.0,0.0
2024-08-22 11:50:00-04:00,30.409900665283203,30.409900665283203,30.409900665283203,30.409900665283203,228,0.0,0.0,0.0
2024-08-22 11:55:00-04:00,30.395000457763672,30.405000686645508,30.395000457763672,30.405000686645508,1764,0.0,0.0,0.0
2024-08-22 12:15:00-04:00,30.420000076293945,30.43000030517578,30.420000076293945,30.43000030517578,3053,0.0,0.0,0.0
2024-08-22 12:20:00-04:00,30.424999237060547,30.424999237060547,30.424999237060547,30.424999237060547,731,0.0,0.0,0.0
2024-08-22 12:25:00-04:00,30.424999237060547,30.424999237060547,30.424999237060547,30.424999237060547,1192,0.0,0.0,0.0
2024-08-22 12:30:00-04:00,30.422000885009766,30.424999237060547,30.422000885009766,30.424999237060547,526,0.0,0.0,0.0
2024-08-22 12:40:00-04:00,30.440000534057617,30.440000534057617,30.440000534057617,30.440000534057617,135,0.0,0.0,0.0
2024-08-22 12:45:00-04:00,30.424999237060547,30.440000534057617,30.424999237060547,30.424999237060547,3026,0.0,0.0,0.0
2024-08-22 12:55:00-04:00,30.400100708007812,30.409500122070312,30.399999618530273,30.409500122070312,1308,0.0,0.0,0.0
2024-08-22 13:00:00-04:00,30.40999984741211,30.420000076293945,30.40999984741211,30.420000076293945,373,0.0,0.0,0.0
2024-08-22 13:10:00-04:00,30.40999984741211,30.420000076293945,30.40999984741211,30.420000076293945,472,0.0,0.0,0.0
2024-08-22 13:15:00-04:00,30.399999618530273,30.420000076293945,30.399999618530273,30.420000076293945,3573,0.0,0.0,0.0
2024-08-22 13:20:00-04:00,30.401100158691406,30.401100158691406,30.401100158691406,30.401100158691406,111,0.0,0.0,0.0
2024-08-22 13:25:00-04:00,30.420000076293945,30.420000076293945,30.41990089416504,30.41990089416504,321,0.0,0.0,0.0
2024-08-22 13:30:00-04:00,30.40999984741211,30.40999984741211,30.399999618530273,30.399999618530273,1462,0.0,0.0,0.0
2024-08-22 13:35:00-04:00,30.399999618530273,30.399999618530273,30.399999618530273,30.399999618530273,103,0.0,0.0,0.0
2024-08-22 13:40:00-04:00,30.409000396728516,30.40999984741211,30.409000396728516,30.409900665283203,402,0.0,0.0,0.0
2024-08-22 13:50:00-04:00,30.40999984741211,30.40999984741211,30.40999984741211,30.40999984741211,165,0.0,0.0,0.0
2024-08-22 13:55:00-04:00,30.3799991607666,30.389999389648438,30.3799991607666,30.389999389648438,393,0.0,0.0,0.0
2024-08-22 14:00:00-04:00,30.36389923095703,30.36389923095703,30.36389923095703,30.36389923095703,262,0.0,0.0,0.0
2024-08-22 14:05:00-04:00,30.3799991607666,30.389999389648438,30.375,30.389999389648438,4058,0.0,0.0,0.0
2024-08-22 14:35:00-04:00,30.399999618530273,30.40089988708496,30.399999618530273,30.40089988708496,326,0.0,0.0,0.0
2024-08-22 14:40:00-04:00,30.41990089416504,30.420000076293945,30.40060043334961,30.405000686645508,1031,0.0,0.0,0.0
2024-08-22 14:45:00-04:00,30.40130043029785,30.40130043029785,30.40130043029785,30.40130043029785,1146,0.0,0.0,0.0
2024-08-22 14:50:00-04:00,30.405000686645508,30.405000686645508,30.399999618530273,30.40329933166504,2190,0.0,0.0,0.0
2024-08-22 14:55:00-04:00,30.40999984741211,30.40999984741211,30.399999618530273,30.399999618530273,1707,0.0,0.0,0.0
2024-08-22 15:00:00-04:00,30.40999984741211,30.40999984741211,30.40999984741211,30.40999984741211,100,0.0,0.0,0.0
2024-08-22 15:05:00-04:00,30.399999618530273,30.399999618530273,30.399999618530273,30.399999618530273,178,0.0,0.0,0.0
2024-08-22 15:10:00-04:00,30.409000396728516,30.40999984741211,30.405000686645508,30.405000686645508,1291,0.0,0.0,0.0
2024-08-22 15:15:00-04:00,30.40999984741211,30.40999984741211,30.40999984741211,30.40999984741211,226,0.0,0.0,0.0
2024-08-22 15:20:00-04:00,30.399999618530273,30.399999618530273,30.399999618530273,30.399999618530273,294,0.0,0.0,0.0
2024-08-22 15:25:00-04:00,30.399999618530273,30.399999618530273,30.374799728393555,30.399999618530273,3871,0.0,0.0,0.0
2024-08-22 15:35:00-04:00,30.39900016784668,30.399999618530273,30.375,30.375,5085,0.0,0.0,0.0
2024-08-22 15:40:00-04:00,30.399999618530273,30.399999618530273,30.399999618530273,30.399999618530273,166,0.0,0.0,0.0
2024-08-22 15:50:00-04:00,30.373899459838867,30.399999618530273,30.373899459838867,30.389999389648438,5988,0.0,0.0,0.0
2024-08-22 15:55:00-04:00,30.363000869750977,30.389999389648438,30.360000610351562,30.389999389648438,2303,0.0,0.0,0.0
2024-08-23 09:30:00-04:00,30.489999771118164,30.489999771118164,30.489999771118164,30.489999771118164,0,0.0,0.0,0.0
2024-08-23 09:35:00-04:00,30.41349983215332,30.41349983215332,30.41349983215332,30.41349983215332,233,0.0,0.0,0.0
2024-08-23 09:40:00-04:00,30.440000534057617,30.440000534057617,30.440000534057617,30.440000534057617,82581,0.0,0.0,0.0
2024-08-23 09:50:00-04:00,30.42009925842285,30.42009925842285,30.42009925842285,30.42009925842285,294,0.0,0.0,0.0
2024-08-23 09:55:00-04:00,30.426300048828125,30.426300048828125,30.420000076293945,30.420000076293945,3527,0.0,0.0,0.0
2024-08-23 10:00:00-04:00,30.469999313354492,30.469999313354492,30.440000534057617,30.440000534057617,1265,0.0,0.0,0.0
2024-08-23 10:05:00-04:00,30.44499969482422,30.469999313354492,30.44499969482422,30.469999313354492,1005,0.0,0.0,0.0
2024-08-23 10:10:00-04:00,30.469999313354492,30.479999542236328,30.469999313354492,30.479999542236328,866,0.0,0.0,0.0
2024-08-23 10:15:00-04:00,30.475000381469727,30.475000381469727,30.469999313354492,30.469999313354492,8715,0.0,0.0,0.0
2024-08-23 10:20:00-04:00,30.475000381469727,30.475000381469727,30.475000381469727,30.475000381469727,110,0.0,0.0,0.0
2024-08-23 10:25:00-04:00,30.479999542236328,30.479999542236328,30.475000381469727,30.475000381469727,2002,0.0,0.0,0.0
2024-08-23 10:30:00-04:00,30.479999542236328,30.479999542236328,30.475000381469727,30.475000381469727,200,0.0,0.0,0.0
2024-08-23 10:35:00-04:00,30.475000381469727,30.475000381469727,30.475000381469727,30.475000381469727,262,0.0,0.0,0.0
2024-08-23 10:40:00-04:00,30.469999313354492,30.47010040283203,30.469999313354492,30.47010040283203,218,0.0,0.0,0.0
2024-08-23 10:45:00-04:00,30.469999313354492,30.469999313354492,30.469999313354492,30.469999313354492,4307,0.0,0.0,0.0
2024-08-23 10:50:00-04:00,30.434999465942383,30.450000762939453,30.434999465942383,30.449899673461914,6449,0.0,0.0,0.0
2024-08-23 10:55:00-04:00,30.440900802612305,30.440900802612305,30.440900802612305,30.440900802612305,246,0.0,0.0,0.0
2024-08-23 11:05:00-04:00,30.459999084472656,30.459999084472656,30.459999084472656,30.459999084472656,300,0.0,0.0,0.0
2024-08-23 11:25:00-04:00,30.459999084472656,30.459999084472656,30.459999084472656,30.459999084472656,1876,0.0,0.0,0.0
2024-08-23 11:30:00-04:00,30.479999542236328,30.479999542236328,30.479999542236328,30.479999542236328,116,0.0,0.0,0.0
2024-08-23 11:45:00-04:00,30.460599899291992,30.469999313354492,30.460599899291992,30.469999313354492,923,0.0,0.0,0.0
2024-08-23 11:50:00-04:00,30.459999084472656,30.459999084472656,30.459999084472656,30.459999084472656,206,0.0,0.0,0.0
2024-08-23 12:35:00-04:00,30.440000534057617,30.440000534057617,30.440000534057617,30.440000534057617,122,0.0,0.0,0.0
2024-08-23 12:45:00-04:00,30.43000030517578,30.440000534057617,30.420299530029297,30.420299530029297,3228,0.0,0.0,0.0
2024-08-23 12:50:00-04:00,30.440000534057617,30.440000534057617,30.43079948425293,30.43079948425293,291,0.0,0.0,0.0
2024-08-23 13:00:00-04:00,30.44499969482422,30.44499969482422,30.44499969482422,30.44499969482422,132,0.0,0.0,0.0
2024-08-23 13:05:00-04:00,30.45989990234375,30.45989990234375,30.450000762939453,30.450000762939453,2519,0.0,0.0,0.0
2024-08-23 13:20:00-04:00,30.440099716186523,30.450000762939453,30.440099716186523,30.450000762939453,298,0.0,0.0,0.0
2024-08-23 13:25:00-04:00,30.459999084472656,30.469999313354492,30.458999633789062,30.46500015258789,13790,0.0,0.0,0.0
2024-08-23 13:30:00-04:00,30.460100173950195,30.469999313354492,30.460100173950195,30.469999313354492,1489,0.0,0.0,0.0
2024-08-23 13:40:00-04:00,30.479900360107422,30.479900360107422,30.479900360107422,30.479900360107422,492,0.0,0.0,0.0
2024-08-23 13:45:00-04:00,30.469999313354492,30.469999313354492,30.469999313354492,30.469999313354492,200,0.0,0.0,0.0
2024-08-23 13:50:00-04:00,30.469999313354492,30.469999313354492,30.462499618530273,30.462499618530273,990,0.0,0.0,0.0
2024-08-23 13:55:00-04:00,30.479999542236328,30.479999542236328,30.469999313354492,30.479999542236328,359,0.0,0.0,0.0
2024-08-23 14:05:00-04:00,30.479999542236328,30.479999542236328,30.469999313354492,30.469999313354492,302,0.0,0.0,0.0
2024-08-23 14:20:00-04:00,30.479900360107422,30.479900360107422,30.479900360107422,30.479900360107422,214,0.0,0.0,0.0
2024-08-23 14:30:00-04:00,30.479999542236328,30.479999542236328,30.469999313354492,30.469999313354492,556,0.0,0.0,0.0
2024-08-23 14:50:00-04:00,30.450000762939453,30.450000762939453,30.450000762939453,30.450000762939453,671,0.0,0.0,0.0
2024-08-23 14:55:00-04:00,30.469100952148438,30.469100952148438,30.469100952148438,30.469100952148438,699,0.0,0.0,0.0
2024-08-23 15:05:00-04:00,30.469999313354492,30.469999313354492,30.469999313354492,30.469999313354492,1685,0.0,0.0,0.0
2024-08-23 15:10:00-04:00,30.479299545288086,30.479999542236328,30.460100173950195,30.47010040283203,4488,0.0,0.0,0.0
2024-08-23 15:15:00-04:00,30.469999313354492,30.489999771118164,30.469999313354492,30.475000381469727,1512,0.0,0.0,0.0
2024-08-23 15:20:00-04:00,30.479999542236328,30.479999542236328,30.479999542236328,30.479999542236328,4805,0.0,0.0,0.0
2024-08-23 15:30:00-04:00,30.471799850463867,30.489999771118164,30.471799850463867,30.489999771118164,522,0.0,0.0,0.0
2024-08-23 15:35:00-04:00,30.479999542236328,30.479999542236328,30.479999542236328,30.479999542236328,149,0.0,0.0,0.0
2024-08-23 15:40:00-04:00,30.47010040283203,30.485000610351562,30.47010040283203,30.485000610351562,918,0.0,0.0,0.0
2024-08-23 15:45:00-04:00,30.479999542236328,30.489999771118164,30.479999542236328,30.479999542236328,2257,0.0,0.0,0.0
2024-08-23 15:50:00-04:00,30.485000610351562,30.485000610351562,30.485000610351562,30.485000610351562,144,0.0,0.0,0.0
2024-08-23 15:55:00-04:00,30.489999771118164,30.4950008392334,30.489999771118164,30.4950008392334,4709,0.0,0.0,0.0
2024-08-26 09:30:00-04:00,30.5,30.5,30.5,30.5,0,0.0,0.0,0.0
2024-08-26 09:35:00-04:00,30.479999542236328,30.479999542236328,30.47010040283203,30.47010040283203,7441,0.0,0.0,0.0
2024-08-26 09:40:00-04:00,30.488000869750977,30.489999771118164,30.488000869750977,30.489999771118164,5254,0.0,0.0,0.0
2024-08-26 09:45:00-04:00,30.469999313354492,30.470600128173828,30.469999313354492,30.470600128173828,11098,0.0,0.0,0.0
2024-08-26 09:50:00-04:00,30.5,30.5,30.5,30.5,132,0.0,0.0,0.0
2024-08-26 09:55:00-04:00,30.479999542236328,30.479999542236328,30.479999542236328,30.479999542236328,1002,0.0,0.0,0.0
2024-08-26 10:05:00-04:00,30.489999771118164,30.489999771118164,30.489999771118164,30.489999771118164,210,0.0,0.0,0.0
2024-08-26 10:10:00-04:00,30.479999542236328,30.479999542236328,30.469999313354492,30.469999313354492,949,0.0,0.0,0.0
2024-08-26 10:25:00-04:00,30.475000381469727,30.475000381469727,30.475000381469727,30.475000381469727,102,0.0,0.0,0.0
2024-08-26 10:30:00-04:00,30.460100173950195,30.460100173950195,30.460100173950195,30.460100173950195,480,0.0,0.0,0.0
2024-08-26 10:35:00-04:00,30.469999313354492,30.469999313354492,30.469999313354492,30.469999313354492,226,0.0,0.0,0.0
2024-08-26 10:40:00-04:00,30.46500015258789,30.46500015258789,30.46500015258789,30.46500015258789,893,0.0,0.0,0.0
2024-08-26 10:45:00-04:00,30.452800750732422,30.47100067138672,30.45199966430664,30.459999084472656,3130,0.0,0.0,0.0
2024-08-26 10:50:00-04:00,30.469999313354492,30.469999313354492,30.459999084472656,30.459999084472656,2021,0.0,0.0,0.0
2024-08-26 10:55:00-04:00,30.459999084472656,30.460500717163086,30.450000762939453,30.460500717163086,5662,0.0,0.0,0.0
2024-08-26 11:00:00-04:00,30.458200454711914,30.469999313354492,30.458200454711914,30.459999084472656,3432,0.0,0.0,0.0
2024-08-26 11:05:00-04:00,30.46500015258789,30.46500015258789,30.46500015258789,30.46500015258789,553,0.0,0.0,0.0
2024-08-26 11:10:00-04:00,30.46980094909668,30.469999313354492,30.46980094909668,30.469999313354492,534,0.0,0.0,0.0
2024-08-26 11:20:00-04:00,30.46980094909668,30.469999313354492,30.46980094909668,30.469999313354492,468,0.0,0.0,0.0
2024-08-26 11:30:00-04:00,30.469999313354492,30.469999313354492,30.469999313354492,30.469999313354492,100,0.0,0.0,0.0
2024-08-26 11:35:00-04:00,30.46500015258789,30.46500015258789,30.46500015258789,30.46500015258789,205,0.0,0.0,0.0
2024-08-26 11:40:00-04:00,30.469999313354492,30.469999313354492,30.469999313354492,30.469999313354492,100,0.0,0.0,0.0
2024-08-26 11:50:00-04:00,30.46500015258789,30.469999313354492,30.46500015258789,30.469999313354492,275,0.0,0.0,0.0
2024-08-26 12:00:00-04:00,30.454999923706055,30.459999084472656,30.454999923706055,30.459999084472656,377,0.0,0.0,0.0
2024-08-26 12:10:00-04:00,30.459999084472656,30.459999084472656,30.459999084472656,30.459999084472656,309,0.0,0.0,0.0
2024-08-26 12:15:00-04:00,30.459999084472656,30.469999313354492,30.459999084472656,30.469999313354492,449,0.0,0.0,0.0
2024-08-26 12:30:00-04:00,30.475000381469727,30.475000381469727,30.471799850463867,30.471799850463867,992,0.0,0.0,0.0
2024-08-26 12:35:00-04:00,30.479999542236328,30.479999542236328,30.479999542236328,30.479999542236328,100,0.0,0.0,0.0
2024-08-26 12:45:00-04:00,30.47010040283203,30.47010040283203,30.47010040283203,30.47010040283203,347,0.0,0.0,0.0
2024-08-26 12:50:00-04:00,30.479999542236328,30.479999542236328,30.475000381469727,30.479999542236328,950,0.0,0.0,0.0
2024-08-26 13:10:00-04:00,30.470399856567383,30.470399856567383,30.470399856567383,30.470399856567383,199,0.0,0.0,0.0
2024-08-26 13:15:00-04:00,30.472999572753906,30.479999542236328,30.472999572753906,30.475000381469727,850,0.0,0.0,0.0
2024-08-26 13:20:00-04:00,30.479999542236328,30.479999542236328,30.479999542236328,30.479999542236328,172,0.0,0.0,0.0
2024-08-26 13:30:00-04:00,30.475000381469727,30.475000381469727,30.475000381469727,30.475000381469727,1018,0.0,0.0,0.0
2024-08-26 13:35:00-04:00,30.469999313354492,30.469999313354492,30.468000411987305,30.468000411987305,343,0.0,0.0,0.0
2024-08-26 13:40:00-04:00,30.46500015258789,30.469999313354492,30.46500015258789,30.469999313354492,963,0.0,0.0,0.0
2024-08-26 13:50:00-04:00,30.469999313354492,30.469999313354492,30.469999313354492,30.469999313354492,100,0.0,0.0,0.0
2024-08-26 13:55:00-04:00,30.459999084472656,30.459999084472656,30.454999923706055,30.459999084472656,1523,0.0,0.0,0.0
2024-08-26 14:00:00-04:00,30.450000762939453,30.450000762939453,30.450000762939453,30.450000762939453,423,0.0,0.0,0.0
2024-08-26 14:05:00-04:00,30.459999084472656,30.459999084472656,30.459999084472656,30.459999084472656,208,0.0,0.0,0.0
2024-08-26 14:10:00-04:00,30.454999923706055,30.454999923706055,30.454999923706055,30.454999923706055,152,0.0,0.0,0.0
2024-08-26 14:15:00-04:00,30.469999313354492,30.469999313354492,30.459999084472656,30.459999084472656,200,0.0,0.0,0.0
2024-08-26 14:20:00-04:00,30.465999603271484,30.469999313354492,30.465999603271484,30.469999313354492,254,0.0,0.0,0.0
2024-08-26 14:25:00-04:00,30.459999084472656,30.459999084472656,30.459999084472656,30.459999084472656,170,0.0,0.0,0.0
2024-08-26 14:30:00-04:00,30.46109962463379,30.469999313354492,30.46109962463379,30.469900131225586,831,0.0,0.0,0.0
2024-08-26 14:35:00-04:00,30.469999313354492,30.469999313354492,30.469999313354492,30.469999313354492,146,0.0,0.0,0.0
2024-08-26 14:40:00-04:00,30.468299865722656,30.468299865722656,30.468299865722656,30.468299865722656,1347,0.0,0.0,0.0
2024-08-26 14:45:00-04:00,30.460100173950195,30.469999313354492,30.460100173950195,30.46500015258789,922,0.0,0.0,0.0
2024-08-26 14:50:00-04:00,30.45009994506836,30.469999313354492,30.450000762939453,30.46500015258789,854,0.0,0.0,0.0
2024-08-26 15:00:00-04:00,30.469999313354492,30.469999313354492,30.450000762939453,30.45009994506836,877,0.0,0.0,0.0
2024-08-26 15:05:00-04:00,30.469999313354492,30.469999313354492,30.469999313354492,30.469999313354492,357,0.0,0.0,0.0
2024-08-26 15:15:00-04:00,30.45509910583496,30.469999313354492,30.45509910583496,30.469999313354492,1148,0.0,0.0,0.0
2024-08-26 15:20:00-04:00,30.466899871826172,30.466899871826172,30.46500015258789,30.46500015258789,4564,0.0,0.0,0.0
2024-08-26 15:25:00-04:00,30.459999084472656,30.46500015258789,30.454500198364258,30.45669937133789,3363,0.0,0.0,0.0
2024-08-26 15:30:00-04:00,30.46500015258789,30.469999313354492,30.46500015258789,30.469999313354492,351,0.0,0.0,0.0
2024-08-26 15:45:00-04:00,30.46500015258789,30.46500015258789,30.461299896240234,30.461299896240234,418,0.0,0.0,0.0
2024-08-26 15:50:00-04:00,30.469999313354492,30.479999542236328,30.46500015258789,30.479999542236328,7770,0.0,0.0,0.0
2024-08-26 15:55:00-04:00,30.469999313354492,30.475000381469727,30.469999313354492,30.475000381469727,0,0.0,0.0,0.0
2024-08-27 09:35:00-04:00,30.450000762939453,30.450000762939453,30.42140007019043,30.42140007019043,1448,0.0,0.0,0.0
2024-08-27 09:55:00-04:00,30.450000762939453,30.450000762939453,30.441499710083008,30.441499710083008,537,0.0,0.0,0.0
2024-08-27 10:10:00-04:00,30.454999923706055,30.454999923706055,30.454999923706055,30.454999923706055,706,0.0,0.0,0.0
2024-08-27 10:15:00-04:00,30.450000762939453,30.450000762939453,30.450000762939453,30.450000762939453,254,0.0,0.0,0.0
2024-08-27 10:25:00-04:00,30.459999084472656,30.459999084472656,30.459999084472656,30.459999084472656,278,0.0,0.0,0.0
2024-08-27 10:30:00-04:00,30.46500015258789,30.46500015258789,30.459999084472656,30.459999084472656,2495,0.0,0.0,0.0
2024-08-27 10:40:00-04:00,30.479900360107422,30.479900360107422,30.479900360107422,30.479900360107422,362,0.0,0.0,0.0
2024-08-27 10:45:00-04:00,30.475000381469727,30.475000381469727,30.475000381469727,30.475000381469727,264,0.0,0.0,0.0
2024-08-27 10:50:00-04:00,30.479999542236328,30.479999542236328,30.479999542236328,30.479999542236328,128,0.0,0.0,0.0
2024-08-27 10:55:00-04:00,30.479900360107422,30.479999542236328,30.469999313354492,30.469999313354492,2144,0.0,0.0,0.0
2024-08-27 11:05:00-04:00,30.469999313354492,30.479999542236328,30.469999313354492,30.479999542236328,657,0.0,0.0,0.0
2024-08-27 11:10:00-04:00,30.489900588989258,30.489900588989258,30.489900588989258,30.489900588989258,167,0.0,0.0,0.0
2024-08-27 11:15:00-04:00,30.479999542236328,30.479999542236328,30.479999542236328,30.479999542236328,100,0.0,0.0,0.0
2024-08-27 11:20:00-04:00,30.469999313354492,30.469999313354492,30.469999313354492,30.469999313354492,126,0.0,0.0,0.0
2024-08-27 11:30:00-04:00,30.47920036315918,30.47920036315918,30.46500015258789,30.46500015258789,280,0.0,0.0,0.0
2024-08-27 11:35:00-04:00,30.457199096679688,30.457199096679688,30.457199096679688,30.457199096679688,150,0.0,0.0,0.0
2024-08-27 11:40:00-04:00,30.469999313354492,30.469999313354492,30.46500015258789,30.469999313354492,4135,0.0,0.0,0.0
2024-08-27 11:45:00-04:00,30.469999313354492,30.469999313354492,30.459999084472656,30.459999084472656,1608,0.0,0.0,0.0
2024-08-27 11:50:00-04:00,30.473600387573242,30.473600387573242,30.45709991455078,30.469999313354492,1248,0.0,0.0,0.0
2024-08-27 12:00:00-04:00,30.440399169921875,30.440399169921875,30.440399169921875,30.440399169921875,221,0.0,0.0,0.0
2024-08-27 12:05:00-04:00,30.469999313354492,30.479999542236328,30.469999313354492,30.479999542236328,337,0.0,0.0,0.0
2024-08-27 12:30:00-04:00,30.469999313354492,30.469999313354492,30.469999313354492,30.469999313354492,193,0.0,0.0,0.0
2024-08-27 12:35:00-04:00,30.472000122070312,30.472000122070312,30.472000122070312,30.472000122070312,248,0.0,0.0,0.0
2024-08-27 12:40:00-04:00,30.479400634765625,30.479400634765625,30.469999313354492,30.469999313354492,703,0.0,0.0,0.0
2024-08-27 12:45:00-04:00,30.466299057006836,30.47480010986328,30.466299057006836,30.47480010986328,1099,0.0,0.0,0.0
2024-08-27 13:00:00-04:00,30.479999542236328,30.479999542236328,30.479999542236328,30.479999542236328,232,0.0,0.0,0.0
2024-08-27 13:05:00-04:00,30.469999313354492,30.469999313354492,30.462799072265625,30.462799072265625,660,0.0,0.0,0.0
2024-08-27 13:20:00-04:00,30.47249984741211,30.47249984741211,30.47249984741211,30.47249984741211,208,0.0,0.0,0.0
2024-08-27 13:30:00-04:00,30.489999771118164,30.489999771118164,30.47330093383789,30.489999771118164,1033,0.0,0.0,0.0
2024-08-27 13:35:00-04:00,30.47130012512207,30.47130012512207,30.47130012512207,30.47130012512207,633,0.0,0.0,0.0
2024-08-27 13:45:00-04:00,30.47010040283203,30.47010040283203,30.47010040283203,30.47010040283203,579,0.0,0.0,0.0
2024-08-27 14:05:00-04:00,30.479999542236328,30.479999542236328,30.479999542236328,30.479999542236328,3383,0.0,0.0,0.0
2024-08-27 14:10:00-04:00,30.489999771118164,30.489999771118164,30.489999771118164,30.489999771118164,343,0.0,0.0,0.0
2024-08-27 14:30:00-04:00,30.48200035095215,30.48200035095215,30.48200035095215,30.48200035095215,821,0.0,0.0,0.0
2024-08-27 14:45:00-04:00,30.47010040283203,30.489999771118164,30.47010040283203,30.489999771118164,3819,0.0,0.0,0.0
2024-08-27 14:50:00-04:00,30.485000610351562,30.485000610351562,30.485000610351562,30.485000610351562,100,0.0,0.0,0.0
2024-08-27 14:55:00-04:00,30.482099533081055,30.482099533081055,30.479999542236328,30.479999542236328,4411,0.0,0.0,0.0
2024-08-27 15:00:00-04:00,30.479999542236328,30.485000610351562,30.479999542236328,30.485000610351562,1294,0.0,0.0,0.0
2024-08-27 15:10:00-04:00,30.485000610351562,30.485000610351562,30.485000610351562,30.485000610351562,2479,0.0,0.0,0.0
2024-08-27 15:15:00-04:00,30.489999771118164,30.489999771118164,30.485000610351562,30.485000610351562,306,0.0,0.0,0.0
2024-08-27 15:20:00-04:00,30.48509979248047,30.48509979248047,30.485000610351562,30.485000610351562,440,0.0,0.0,0.0
2024-08-27 15:35:00-04:00,30.489999771118164,30.489999771118164,30.486600875854492,30.486600875854492,3515,0.0,0.0,0.0
2024-08-27 15:40:00-04:00,30.489999771118164,30.489999771118164,30.489999771118164,30.489999771118164,217,0.0,0.0,0.0
2024-08-27 15:45:00-04:00,30.49180030822754,30.49180030822754,30.49180030822754,30.49180030822754,334,0.0,0.0,0.0
2024-08-27 15:55:00-04:00,30.489999771118164,30.5,30.489999771118164,30.5,2227,0.0,0.0,0.0
2024-08-28 09:30:00-04:00,30.540000915527344,30.540000915527344,30.540000915527344,30.540000915527344,0,0.0,0.0,0.0
2024-08-28 09:50:00-04:00,30.47480010986328,30.475000381469727,30.469999313354492,30.475000381469727,15707,0.0,0.0,0.0
2024-08-28 09:55:00-04:00,30.47010040283203,30.47010040283203,30.47010040283203,30.47010040283203,655,0.0,0.0,0.0
2024-08-28 10:15:00-04:00,30.479999542236328,30.489999771118164,30.479999542236328,30.489999771118164,1475,0.0,0.0,0.0
2024-08-28 10:20:00-04:00,30.481700897216797,30.485000610351562,30.469999313354492,30.469999313354492,711,0.0,0.0,0.0
2024-08-28 10:30:00-04:00,30.482200622558594,30.482200622558594,30.482200622558594,30.482200622558594,657,0.0,0.0,0.0
2024-08-28 10:40:00-04:00,30.479999542236328,30.479999542236328,30.469999313354492,30.469999313354492,1044,0.0,0.0,0.0
2024-08-28 10:45:00-04:00,30.469999313354492,30.469999313354492,30.469999313354492,30.469999313354492,100,0.0,0.0,0.0
2024-08-28 10:50:00-04:00,30.46929931640625,30.469999313354492,30.46929931640625,30.469999313354492,691,0.0,0.0,0.0
2024-08-28 11:10:00-04:00,30.44729995727539,30.450000762939453,30.44729995727539,30.450000762939453,1531,0.0,0.0,0.0
2024-08-28 11:15:00-04:00,30.44499969482422,30.445999145507812,30.44499969482422,30.44499969482422,1557,0.0,0.0,0.0
2024-08-28 11:20:00-04:00,30.44499969482422,30.44499969482422,30.44499969482422,30.44499969482422,1033,0.0,0.0,0.0
2024-08-28 11:25:00-04:00,30.450000762939453,30.450000762939453,30.440000534057617,30.440000534057617,866,0.0,0.0,0.0
2024-08-28 11:35:00-04:00,30.440000534057617,30.440000534057617,30.440000534057617,30.440000534057617,301,0.0,0.0,0.0
2024-08-28 11:45:00-04:00,30.450000762939453,30.450000762939453,30.450000762939453,30.450000762939453,288,0.0,0.0,0.0
2024-08-28 12:00:00-04:00,30.45490074157715,30.45490074157715,30.440099716186523,30.440099716186523,3601,0.0,0.0,0.0
2024-08-28 12:05:00-04:00,30.44499969482422,30.44499969482422,30.43000030517578,30.43000030517578,314,0.0,0.0,0.0
2024-08-28 12:15:00-04:00,30.44499969482422,30.44499969482422,30.44499969482422,30.44499969482422,162,0.0,0.0,0.0
2024-08-28 12:20:00-04:00,30.441999435424805,30.449899673461914,30.441999435424805,30.449899673461914,2066,0.0,0.0,0.0
2024-08-28 12:25:00-04:00,30.434999465942383,30.434999465942383,30.43000030517578,30.43000030517578,338,0.0,0.0,0.0
2024-08-28 12:30:00-04:00,30.440000534057617,30.440000534057617,30.43000030517578,30.43000030517578,1028,0.0,0.0,0.0
2024-08-28 12:40:00-04:00,30.440000534057617,30.440000534057617,30.43000030517578,30.43000030517578,1546,0.0,0.0,0.0
2024-08-28 12:50:00-04:00,30.450000762939453,30.450000762939453,30.450000762939453,30.450000762939453,443,0.0,0.0,0.0
2024-08-28 12:55:00-04:00,30.459999084472656,30.459999084472656,30.459999084472656,30.459999084472656,800,0.0,0.0,0.0
2024-08-28 13:00:00-04:00,30.459199905395508,30.459199905395508,30.459199905395508,30.459199905395508,386,0.0,0.0,0.0
2024-08-28 13:15:00-04:00,30.450000762939453,30.450000762939453,30.44499969482422,30.450000762939453,1055,0.0,0.0,0.0
2024-08-28 13:20:00-04:00,30.450000762939453,30.450000762939453,30.44499969482422,30.44499969482422,1070,0.0,0.0,0.0
2024-08-28 13:25:00-04:00,30.440099716186523,30.44499969482422,30.440000534057617,30.44499969482422,5791,0.0,0.0,0.0
2024-08-28 13:35:00-04:00,30.450000762939453,30.450000762939453,30.450000762939453,30.450000762939453,750,0.0,0.0,0.0
2024-08-28 13:40:00-04:00,30.445999145507812,30.445999145507812,30.44499969482422,30.44499969482422,301,0.0,0.0,0.0
2024-08-28 13:45:00-04:00,30.440000534057617,30.450000762939453,30.43000030517578,30.450000762939453,882,0.0,0.0,0.0
2024-08-28 13:50:00-04:00,30.440000534057617,30.440000534057617,30.429899215698242,30.429899215698242,1210,0.0,0.0,0.0
2024-08-28 13:55:00-04:00,30.429899215698242,30.429899215698242,30.40999984741211,30.40999984741211,325,0.0,0.0,0.0
2024-08-28 14:00:00-04:00,30.41349983215332,30.41349983215332,30.41349983215332,30.41349983215332,1658,0.0,0.0,0.0
2024-08-28 14:10:00-04:00,30.41950035095215,30.41950035095215,30.41950035095215,30.41950035095215,175,0.0,0.0,0.0
2024-08-28 14:30:00-04:00,30.40410041809082,30.420000076293945,30.40410041809082,30.420000076293945,428,0.0,0.0,0.0
2024-08-28 14:35:00-04:00,30.40999984741211,30.40999984741211,30.40999984741211,30.40999984741211,149,0.0,0.0,0.0
2024-08-28 14:45:00-04:00,30.40999984741211,30.40999984741211,30.40999984741211,30.40999984741211,132,0.0,0.0,0.0
2024-08-28 15:00:00-04:00,30.430099487304688,30.450000762939453,30.430099487304688,30.450000762939453,5817,0.0,0.0,0.0
2024-08-28 15:05:00-04:00,30.450000762939453,30.450000762939453,30.43000030517578,30.43000030517578,232669,0.0,0.0,0.0
2024-08-28 15:10:00-04:00,30.43000030517578,30.43000030517578,30.43000030517578,30.43000030517578,476,0.0,0.0,0.0
2024-08-28 15:15:00-04:00,30.440000534057617,30.440000534057617,30.440000534057617,30.440000534057617,844,0.0,0.0,0.0
2024-08-28 15:30:00-04:00,30.450000762939453,30.450000762939453,30.450000762939453,30.450000762939453,186,0.0,0.0,0.0
2024-08-28 15:35:00-04:00,30.440099716186523,30.440099716186523,30.440099716186523,30.440099716186523,455,0.0,0.0,0.0
2024-08-28 15:50:00-04:00,30.44499969482422,30.450000762939453,30.44499969482422,30.450000762939453,595,0.0,0.0,0.0
2024-08-28 15:55:00-04:00,30.459999084472656,30.459999084472656,30.43000030517578,30.43000030517578,5222,0.0,0.0,0.0
2024-08-29 09:30:00-04:00,30.450000762939453,30.450000762939453,30.450000762939453,30.450000762939453,0,0.0,0.0,0.0
2024-08-29 09:35:00-04:00,30.457500457763672,30.457500457763672,30.457500457763672,30.457500457763672,580,0.0,0.0,0.0
2024-08-29 09:40:00-04:00,30.450000762939453,30.4596004486084,30.450000762939453,30.4596004486084,676,0.0,0.0,0.0
2024-08-29 09:45:00-04:00,30.46500015258789,30.46500015258789,30.46500015258789,30.46500015258789,438,0.0,0.0,0.0
2024-08-29 09:50:00-04:00,30.469999313354492,30.479999542236328,30.469999313354492,30.479999542236328,16130,0.0,0.0,0.0
2024-08-29 09:55:00-04:00,30.4950008392334,30.4950008392334,30.4950008392334,30.4950008392334,257,0.0,0.0,0.0
2024-08-29 10:00:00-04:00,30.499900817871094,30.499900817871094,30.499900817871094,30.499900817871094,379,0.0,0.0,0.0
2024-08-29 10:05:00-04:00,30.489999771118164,30.489999771118164,30.489999771118164,30.489999771118164,105,0.0,0.0,0.0
2024-08-29 10:10:00-04:00,30.492700576782227,30.5,30.492700576782227,30.4950008392334,6906,0.0,0.0,0.0
2024-08-29 10:15:00-04:00,30.5,30.5,30.479999542236328,30.479999542236328,534,0.0,0.0,0.0
2024-08-29 10:20:00-04:00,30.485000610351562,30.485000610351562,30.485000610351562,30.485000610351562,1195,0.0,0.0,0.0
2024-08-29 10:30:00-04:00,30.489999771118164,30.489999771118164,30.489999771118164,30.489999771118164,153,0.0,0.0,0.0
2024-08-29 10:35:00-04:00,30.490999221801758,30.490999221801758,30.490999221801758,30.490999221801758,163,0.0,0.0,0.0
2024-08-29 10:45:00-04:00,30.510000228881836,30.510000228881836,30.510000228881836,30.510000228881836,127,0.0,0.0,0.0
2024-08-29 11:00:00-04:00,30.5,30.5,30.5,30.5,164,0.0,0.0,0.0
2024-08-29 11:05:00-04:00,30.50830078125,30.50830078125,30.5,30.5,340,0.0,0.0,0.0
2024-08-29 11:10:00-04:00,30.50979995727539,30.50979995727539,30.5049991607666,30.5049991607666,4894,0.0,0.0,0.0
2024-08-29 11:15:00-04:00,30.510000228881836,30.510000228881836,30.510000228881836,30.510000228881836,100,0.0,0.0,0.0
2024-08-29 11:20:00-04:00,30.510000228881836,30.510000228881836,30.510000228881836,30.510000228881836,100,0.0,0.0,0.0
2024-08-29 11:25:00-04:00,30.510000228881836,30.510000228881836,30.510000228881836,30.510000228881836,708,0.0,0.0,0.0
2024-08-29 11:30:00-04:00,30.5,30.5,30.5,30.5,125,0.0,0.0,0.0
2024-08-29 11:35:00-04:00,30.5,30.510000228881836,30.5,30.510000228881836,1703,0.0,0.0,0.0
2024-08-29 11:50:00-04:00,30.509899139404297,30.509899139404297,30.509899139404297,30.509899139404297,1312,0.0,0.0,0.0
2024-08-29 12:00:00-04:00,30.520000457763672,30.520000457763672,30.520000457763672,30.520000457763672,134,0.0,0.0,0.0
2024-08-29 12:15:00-04:00,30.514999389648438,30.514999389648438,30.514999389648438,30.514999389648438,420,0.0,0.0,0.0
2024-08-29 12:20:00-04:00,30.520099639892578,30.520099639892578,30.520099639892578,30.520099639892578,302,0.0,0.0,0.0
2024-08-29 12:25:00-04:00,30.530000686645508,30.530000686645508,30.512500762939453,30.512500762939453,333,0.0,0.0,0.0
2024-08-29 12:35:00-04:00,30.520000457763672,30.520000457763672,30.520000457763672,30.520000457763672,355,0.0,0.0,0.0
2024-08-29 12:40:00-04:00,30.530000686645508,30.530000686645508,30.524999618530273,30.524999618530273,250,0.0,0.0,0.0
2024-08-29 12:45:00-04:00,30.524999618530273,30.524999618530273,30.524999618530273,30.524999618530273,321,0.0,0.0,0.0
2024-08-29 12:50:00-04:00,30.521099090576172,30.521099090576172,30.510099411010742,30.510099411010742,888,0.0,0.0,0.0
2024-08-29 12:55:00-04:00,30.514999389648438,30.514999389648438,30.510099411010742,30.514999389648438,1219,0.0,0.0,0.0
2024-08-29 13:00:00-04:00,30.510000228881836,30.510000228881836,30.5,30.5,1277,0.0,0.0,0.0
2024-08-29 13:05:00-04:00,30.510000228881836,30.520000457763672,30.510000228881836,30.514999389648438,1654,0.0,0.0,0.0
2024-08-29 13:15:00-04:00,30.510000228881836,30.510000228881836,30.500099182128906,30.510000228881836,1031,0.0,0.0,0.0
2024-08-29 13:20:00-04:00,30.519800186157227,30.519800186157227,30.51930046081543,30.51930046081543,2125,0.0,0.0,0.0
2024-08-29 13:25:00-04:00,30.520000457763672,30.520000457763672,30.510099411010742,30.510099411010742,841,0.0,0.0,0.0
2024-08-29 13:30:00-04:00,30.520000457763672,30.520000457763672,30.51129913330078,30.514999389648438,5460,0.0,0.0,0.0
2024-08-29 13:35:00-04:00,30.510000228881836,30.510099411010742,30.510000228881836,30.510000228881836,1539,0.0,0.0,0.0
2024-08-29 13:40:00-04:00,30.520000457763672,30.520000457763672,30.514999389648438,30.514999389648438,334,0.0,0.0,0.0
2024-08-29 13:50:00-04:00,30.510000228881836,30.514999389648438,30.510000228881836,30.514999389648438,208,0.0,0.0,0.0
2024-08-29 13:55:00-04:00,30.520000457763672,30.520000457763672,30.520000457763672,30.520000457763672,100,0.0,0.0,0.0
2024-08-29 14:00:00-04:00,30.510000228881836,30.510000228881836,30.5049991607666,30.510000228881836,300,0.0,0.0,0.0
2024-08-29 14:05:00-04:00,30.519899368286133,30.519899368286133,30.519899368286133,30.519899368286133,295,0.0,0.0,0.0
2024-08-29 14:10:00-04:00,30.49839973449707,30.49839973449707,30.49839973449707,30.49839973449707,329,0.0,0.0,0.0
2024-08-29 14:15:00-04:00,30.5,30.510000228881836,30.5,30.510000228881836,398,0.0,0.0,0.0
2024-08-29 14:25:00-04:00,30.5,30.5,30.485000610351562,30.485000610351562,600,0.0,0.0,0.0
2024-08-29 14:30:00-04:00,30.479999542236328,30.479999542236328,30.479999542236328,30.479999542236328,908,0.0,0.0,0.0
2024-08-29 14:40:00-04:00,30.46500015258789,30.46500015258789,30.459999084472656,30.459999084472656,401,0.0,0.0,0.0
2024-08-29 14:45:00-04:00,30.467500686645508,30.467500686645508,30.450000762939453,30.450000762939453,2910,0.0,0.0,0.0
2024-08-29 14:50:00-04:00,30.459999084472656,30.469999313354492,30.459999084472656,30.469999313354492,200,0.0,0.0,0.0
2024-08-29 14:55:00-04:00,30.460100173950195,30.469999313354492,30.459999084472656,30.469900131225586,860,0.0,0.0,0.0
2024-08-29 15:05:00-04:00,30.459999084472656,30.459999084472656,30.459999084472656,30.459999084472656,200,0.0,0.0,0.0
2024-08-29 15:15:00-04:00,30.459999084472656,30.475000381469727,30.459999084472656,30.46500015258789,4951,0.0,0.0,0.0
2024-08-29 15:20:00-04:00,30.469999313354492,30.469999313354492,30.461999893188477,30.46500015258789,2222,0.0,0.0,0.0
2024-08-29 15:25:00-04:00,30.469999313354492,30.479999542236328,30.469999313354492,30.469999313354492,995,0.0,0.0,0.0
2024-08-29 15:30:00-04:00,30.479999542236328,30.489999771118164,30.475000381469727,30.485000610351562,2034,0.0,0.0,0.0
2024-08-29 15:35:00-04:00,30.479999542236328,30.489999771118164,30.475000381469727,30.479999542236328,467,0.0,0.0,0.0
2024-08-29 15:40:00-04:00,30.476200103759766,30.479999542236328,30.469999313354492,30.476299285888672,1899,0.0,0.0,0.0
2024-08-29 15:45:00-04:00,30.469999313354492,30.469999313354492,30.469999313354492,30.469999313354492,388,0.0,0.0,0.0
2024-08-29 15:50:00-04:00,30.469999313354492,30.469999313354492,30.459999084472656,30.459999084472656,3832,0.0,0.0,0.0
2024-08-29 15:55:00-04:00,30.46500015258789,30.469999313354492,30.46500015258789,30.469999313354492,2831,0.0,0.0,0.0
2024-08-30 09:30:00-04:00,30.549999237060547,30.569900512695312,30.549999237060547,30.569900512695312,0,0.0,0.0,0.0
2024-08-30 09:35:00-04:00,30.508800506591797,30.508800506591797,30.508800506591797,30.508800506591797,330,0.0,0.0,0.0
2024-08-30 09:40:00-04:00,30.50200080871582,30.50200080871582,30.50200080871582,30.50200080871582,116,0.0,0.0,0.0
2024-08-30 09:45:00-04:00,30.5,30.5,30.5,30.5,54779,0.0,0.0,0.0
2024-08-30 09:50:00-04:00,30.4950008392334,30.4950008392334,30.489999771118164,30.489999771118164,392,0.0,0.0,0.0
2024-08-30 09:55:00-04:00,30.504199981689453,30.504199981689453,30.504199981689453,30.504199981689453,5266,0.0,0.0,0.0
2024-08-30 10:10:00-04:00,30.51919937133789,30.51919937133789,30.51919937133789,30.51919937133789,447,0.0,0.0,0.0
2024-08-30 10:15:00-04:00,30.514999389648438,30.514999389648438,30.514999389648438,30.514999389648438,1474,0.0,0.0,0.0
2024-08-30 10:25:00-04:00,30.510000228881836,30.510000228881836,30.510000228881836,30.510000228881836,117,0.0,0.0,0.0
2024-08-30 10:35:00-04:00,30.51490020751953,30.530000686645508,30.51490020751953,30.530000686645508,2719,0.0,0.0,0.0
2024-08-30 10:40:00-04:00,30.511899948120117,30.511899948120117,30.511899948120117,30.511899948120117,170,0.0,0.0,0.0
2024-08-30 10:45:00-04:00,30.507299423217773,30.520000457763672,30.507299423217773,30.520000457763672,923,0.0,0.0,0.0
2024-08-30 11:10:00-04:00,30.5049991607666,30.510000228881836,30.5049991607666,30.5049991607666,462,0.0,0.0,0.0
2024-08-30 11:20:00-04:00,30.506000518798828,30.506000518798828,30.5,30.5,1620,0.0,0.0,0.0
2024-08-30 11:30:00-04:00,30.5,30.5,30.5,30.5,100,0.0,0.0,0.0
2024-08-30 11:45:00-04:00,30.485000610351562,30.485000610351562,30.485000610351562,30.485000610351562,1433,0.0,0.0,0.0
2024-08-30 11:55:00-04:00,30.5,30.5,30.4950008392334,30.4950008392334,1010,0.0,0.0,0.0
2024-08-30 12:00:00-04:00,30.489999771118164,30.5,30.489999771118164,30.5,338,0.0,0.0,0.0
2024-08-30 12:05:00-04:00,30.5,30.5,30.489999771118164,30.489999771118164,1647,0.0,0.0,0.0
2024-08-30 12:20:00-04:00,30.4950008392334,30.496000289916992,30.4950008392334,30.496000289916992,935,0.0,0.0,0.0
2024-08-30 12:25:00-04:00,30.4950008392334,30.4950008392334,30.489999771118164,30.489999771118164,427,0.0,0.0,0.0
2024-08-30 12:30:00-04:00,30.489999771118164,30.489999771118164,30.46969985961914,30.469999313354492,2065,0.0,0.0,0.0
2024-08-30 12:45:00-04:00,30.479999542236328,30.479999542236328,30.469999313354492,30.469999313354492,832,0.0,0.0,0.0
2024-08-30 12:50:00-04:00,30.479999542236328,30.479999542236328,30.479999542236328,30.479999542236328,100,0.0,0.0,0.0
2024-08-30 13:05:00-04:00,30.496000289916992,30.496000289916992,30.4950008392334,30.496000289916992,1008,0.0,0.0,0.0
2024-08-30 13:10:00-04:00,30.5,30.5,30.5,30.5,241,0.0,0.0,0.0
2024-08-30 13:20:00-04:00,30.49370002746582,30.49370002746582,30.49370002746582,30.49370002746582,384,0.0,0.0,0.0
2024-08-30 13:25:00-04:00,30.5,30.5,30.5,30.5,271,0.0,0.0,0.0
2024-08-30 13:55:00-04:00,30.5,30.5,30.5,30.5,100,0.0,0.0,0.0
2024-08-30 14:00:00-04:00,30.4950008392334,30.5,30.489999771118164,30.489999771118164,1335979,0.0,0.0,0.0
2024-08-30 14:05:00-04:00,30.5,30.5,30.5,30.5,577,0.0,0.0,0.0
2024-08-30 14:10:00-04:00,30.5049991607666,30.5049991607666,30.5049991607666,30.5049991607666,198,0.0,0.0,0.0
2024-08-30 14:15:00-04:00,30.5,30.5,30.5,30.5,151,0.0,0.0,0.0
2024-08-30 14:20:00-04:00,30.5049991607666,30.510000228881836,30.5049991607666,30.510000228881836,559,0.0,0.0,0.0
2024-08-30 14:25:00-04:00,30.510000228881836,30.510000228881836,30.510000228881836,30.510000228881836,1711,0.0,0.0,0.0
2024-08-30 14:35:00-04:00,30.502500534057617,30.502500534057617,30.502500534057617,30.502500534057617,248,0.0,0.0,0.0
2024-08-30 14:40:00-04:00,30.520000457763672,30.520000457763672,30.520000457763672,30.520000457763672,100,0.0,0.0,0.0
2024-08-30 14:55:00-04:00,30.520000457763672,30.520000457763672,30.510099411010742,30.514999389648438,1537,0.0,0.0,0.0
2024-08-30 15:00:00-04:00,30.520000457763672,30.520000457763672,30.520000457763672,30.520000457763672,100,0.0,0.0,0.0
2024-08-30 15:05:00-04:00,30.524999618530273,30.524999618530273,30.524999618530273,30.524999618530273,196,0.0,0.0,0.0
2024-08-30 15:10:00-04:00,30.524999618530273,30.530000686645508,30.520000457763672,30.520000457763672,13246,0.0,0.0,0.0
2024-08-30 15:15:00-04:00,30.520000457763672,30.520000457763672,30.519899368286133,30.519899368286133,1540,0.0,0.0,0.0
2024-08-30 15:20:00-04:00,30.510900497436523,30.53499984741211,30.510900497436523,30.53499984741211,4257,0.0,0.0,0.0
2024-08-30 15:25:00-04:00,30.540000915527344,30.540000915527344,30.540000915527344,30.540000915527344,200,0.0,0.0,0.0
2024-08-30 15:30:00-04:00,30.53499984741211,30.54990005493164,30.53499984741211,30.54990005493164,1996,0.0,0.0,0.0
2024-08-30 15:35:00-04:00,30.53499984741211,30.540000915527344,30.530000686645508,30.530000686645508,457,0.0,0.0,0.0
2024-08-30 15:45:00-04:00,30.540000915527344,30.540000915527344,30.539899826049805,30.540000915527344,6994,0.0,0.0,0.0
2024-08-30 15:50:00-04:00,30.559999465942383,30.56999969482422,30.559999465942383,30.559999465942383,3393,0.0,0.0,0.0
2024-08-30 15:55:00-04:00,30.559999465942383,30.6200008392334,30.540000915527344,30.56999969482422,10461,0.0,0.0,0.0
