Datetime,Open,High,Low,Close,Volume,Dividends,Stock Splits,Capital Gains
2024-08-01 09:30:00-04:00,19.59000015258789,19.609899520874023,19.549999237060547,19.549999237060547,52498,0.0,0.0,0.0
2024-08-01 09:35:00-04:00,19.559999465942383,19.559999465942383,19.559999465942383,19.559999465942383,413,0.0,0.0,0.0
2024-08-01 09:40:00-04:00,19.582300186157227,19.6200008392334,19.582300186157227,19.6200008392334,497,0.0,0.0,0.0
2024-08-01 09:45:00-04:00,19.649999618530273,19.65089988708496,19.649999618530273,19.65089988708496,1937,0.0,0.0,0.0
2024-08-01 09:50:00-04:00,19.670000076293945,19.68000030517578,19.610000610351562,19.611099243164062,5486,0.0,0.0,0.0
2024-08-01 09:55:00-04:00,19.607099533081055,19.607099533081055,19.600000381469727,19.604999542236328,1315,0.0,0.0,0.0
2024-08-01 10:00:00-04:00,19.56999969482422,19.56999969482422,19.479900360107422,19.499900817871094,2832,0.0,0.0,0.0
2024-08-01 10:05:00-04:00,19.649999618530273,19.674999237060547,19.649999618530273,19.674999237060547,950,0.0,0.0,0.0
2024-08-01 10:10:00-04:00,19.649999618530273,19.69499969482422,19.649999618530273,19.69499969482422,825,0.0,0.0,0.0
2024-08-01 10:15:00-04:00,19.68000030517578,19.69499969482422,19.68000030517578,19.69499969482422,353,0.0,0.0,0.0
2024-08-01 10:20:00-04:00,19.68000030517578,19.723499298095703,19.68000030517578,19.717300415039062,2303,0.0,0.0,0.0
2024-08-01 10:25:00-04:00,19.760099411010742,19.760099411010742,19.707199096679688,19.707199096679688,12276,0.0,0.0,0.0
2024-08-01 10:30:00-04:00,19.709999084472656,19.709999084472656,19.659000396728516,19.659000396728516,4138,0.0,0.0,0.0
2024-08-01 10:35:00-04:00,19.687400817871094,19.687400817871094,19.627199172973633,19.627199172973633,10442,0.0,0.0,0.0
2024-08-01 10:40:00-04:00,19.6200008392334,19.6299991607666,19.6200008392334,19.6299991607666,1775,0.0,0.0,0.0
2024-08-01 10:45:00-04:00,19.65999984741211,19.690200805664062,19.655000686645508,19.690200805664062,1163,0.0,0.0,0.0
2024-08-01 10:50:00-04:00,19.690000534057617,19.709999084472656,19.690000534057617,19.705699920654297,540,0.0,0.0,0.0
2024-08-01 10:55:00-04:00,19.728900909423828,19.728900909423828,19.728900909423828,19.728900909423828,383,0.0,0.0,0.0
2024-08-01 11:10:00-04:00,19.710100173950195,19.729999542236328,19.710100173950195,19.729999542236328,564,0.0,0.0,0.0
2024-08-01 11:15:00-04:00,19.700000762939453,19.700000762939453,19.700000762939453,19.700000762939453,671,0.0,0.0,0.0
2024-08-01 11:25:00-04:00,19.670000076293945,19.690000534057617,19.670000076293945,19.690000534057617,346,0.0,0.0,0.0
2024-08-01 11:35:00-04:00,19.670000076293945,19.670000076293945,19.670000076293945,19.670000076293945,387,0.0,0.0,0.0
2024-08-01 11:40:00-04:00,19.729999542236328,19.729999542236328,19.709999084472656,19.719999313354492,6592,0.0,0.0,0.0
2024-08-01 11:45:00-04:00,19.760000228881836,19.760000228881836,19.760000228881836,19.760000228881836,5422,0.0,0.0,0.0
2024-08-01 11:55:00-04:00,19.726999282836914,19.729999542236328,19.719999313354492,19.729999542236328,2605,0.0,0.0,0.0
2024-08-01 12:00:00-04:00,19.739999771118164,19.739999771118164,19.732200622558594,19.732200622558594,225,0.0,0.0,0.0
2024-08-01 12:05:00-04:00,19.739900588989258,19.739900588989258,19.739900588989258,19.739900588989258,570,0.0,0.0,0.0
2024-08-01 12:15:00-04:00,19.719900131225586,19.719999313354492,19.719900131225586,19.719999313354492,1256,0.0,0.0,0.0
2024-08-01 12:35:00-04:00,19.680099487304688,19.680099487304688,19.680099487304688,19.680099487304688,510,0.0,0.0,0.0
2024-08-01 12:40:00-04:00,19.719999313354492,19.719999313354492,19.719999313354492,19.719999313354492,100,0.0,0.0,0.0
2024-08-01 12:45:00-04:00,19.729999542236328,19.729999542236328,19.7273006439209,19.729999542236328,1712,0.0,0.0,0.0
2024-08-01 12:50:00-04:00,19.739999771118164,19.7549991607666,19.729999542236328,19.735000610351562,5739,0.0,0.0,0.0
2024-08-01 12:55:00-04:00,19.739999771118164,19.757999420166016,19.739999771118164,19.75,13029,0.0,0.0,0.0
2024-08-01 13:00:00-04:00,19.739999771118164,19.8700008392334,19.739999771118164,19.860000610351562,20459,0.0,0.0,0.0
2024-08-01 13:05:00-04:00,19.850000381469727,19.850000381469727,19.850000381469727,19.850000381469727,250,0.0,0.0,0.0
2024-08-01 13:10:00-04:00,19.831199645996094,19.850000381469727,19.831199645996094,19.850000381469727,385,0.0,0.0,0.0
2024-08-01 13:15:00-04:00,19.825000762939453,19.825000762939453,19.825000762939453,19.825000762939453,580,0.0,0.0,0.0
2024-08-01 13:20:00-04:00,19.850000381469727,19.850000381469727,19.850000381469727,19.850000381469727,100,0.0,0.0,0.0
2024-08-01 13:25:00-04:00,19.850000381469727,19.871999740600586,19.850000381469727,19.871999740600586,1461,0.0,0.0,0.0
2024-08-01 13:40:00-04:00,19.860000610351562,19.860000610351562,19.860000610351562,19.860000610351562,251,0.0,0.0,0.0
2024-08-01 13:50:00-04:00,19.850000381469727,19.850000381469727,19.850000381469727,19.850000381469727,252,0.0,0.0,0.0
2024-08-01 14:00:00-04:00,19.84000015258789,19.84000015258789,19.84000015258789,19.84000015258789,101,0.0,0.0,0.0
2024-08-01 14:05:00-04:00,19.81999969482422,19.81999969482422,19.81999969482422,19.81999969482422,149,0.0,0.0,0.0
2024-08-01 14:15:00-04:00,19.860000610351562,19.8799991607666,19.850099563598633,19.850099563598633,1875,0.0,0.0,0.0
2024-08-01 14:20:00-04:00,19.850000381469727,19.850000381469727,19.850000381469727,19.850000381469727,210,0.0,0.0,0.0
2024-08-01 14:30:00-04:00,19.891399383544922,19.899999618530273,19.891399383544922,19.899999618530273,310,0.0,0.0,0.0
2024-08-01 14:45:00-04:00,19.88990020751953,19.88990020751953,19.8799991607666,19.8799991607666,267,0.0,0.0,0.0
2024-08-01 14:55:00-04:00,19.81290054321289,19.815000534057617,19.810100555419922,19.815000534057617,1205,0.0,0.0,0.0
2024-08-01 15:00:00-04:00,19.829999923706055,19.84869956970215,19.829999923706055,19.84869956970215,1100,0.0,0.0,0.0
2024-08-01 15:05:00-04:00,19.83099937438965,19.83099937438965,19.799999237060547,19.799999237060547,452,0.0,0.0,0.0
2024-08-01 15:10:00-04:00,19.81999969482422,19.829999923706055,19.81999969482422,19.81999969482422,1265,0.0,0.0,0.0
2024-08-01 15:20:00-04:00,19.78190040588379,19.78190040588379,19.77989959716797,19.77989959716797,9265,0.0,0.0,0.0
2024-08-01 15:25:00-04:00,19.764999389648438,19.764999389648438,19.7549991607666,19.760000228881836,2400,0.0,0.0,0.0
2024-08-01 15:30:00-04:00,19.7549991607666,19.760000228881836,19.7450008392334,19.760000228881836,2500,0.0,0.0,0.0
2024-08-01 15:40:00-04:00,19.760000228881836,19.760000228881836,19.760000228881836,19.760000228881836,200,0.0,0.0,0.0
2024-08-01 15:50:00-04:00,19.770000457763672,19.770000457763672,19.770000457763672,19.770000457763672,637,0.0,0.0,0.0
2024-08-01 15:55:00-04:00,19.75,19.750499725341797,19.75,19.750499725341797,0,0.0,0.0,0.0
2024-08-02 09:30:00-04:00,19.420000076293945,19.420000076293945,19.34000015258789,19.34000015258789,30145,0.0,0.0,0.0
2024-08-02 09:35:00-04:00,19.34000015258789,19.40999984741211,19.34000015258789,19.40999984741211,14868,0.0,0.0,0.0
2024-08-02 09:40:00-04:00,19.450000762939453,19.450000762939453,19.440000534057617,19.440000534057617,358,0.0,0.0,0.0
2024-08-02 09:45:00-04:00,19.450000762939453,19.450000762939453,19.440000534057617,19.440000534057617,329,0.0,0.0,0.0
2024-08-02 09:50:00-04:00,19.406600952148438,19.43000030517578,19.389999389648438,19.39940071105957,2511,0.0,0.0,0.0
2024-08-02 09:55:00-04:00,19.385000228881836,19.385000228881836,19.34000015258789,19.345199584960938,1531,0.0,0.0,0.0
2024-08-02 10:00:00-04:00,19.340900421142578,19.375,19.28860092163086,19.28860092163086,910,0.0,0.0,0.0
2024-08-02 10:05:00-04:00,19.28019905090332,19.329999923706055,19.28019905090332,19.329999923706055,3045,0.0,0.0,0.0
2024-08-02 10:10:00-04:00,19.346200942993164,19.399999618530273,19.346200942993164,19.399999618530273,775,0.0,0.0,0.0
2024-08-02 10:15:00-04:00,19.319900512695312,19.34000015258789,19.299999237060547,19.34000015258789,524,0.0,0.0,0.0
2024-08-02 10:25:00-04:00,19.382999420166016,19.42530059814453,19.382999420166016,19.42530059814453,465,0.0,0.0,0.0
2024-08-02 10:30:00-04:00,19.43000030517578,19.717899322509766,19.43000030517578,19.679899215698242,8417,0.0,0.0,0.0
2024-08-02 10:35:00-04:00,19.639999389648438,19.86989974975586,19.6299991607666,19.809999465942383,3338,0.0,0.0,0.0
2024-08-02 10:40:00-04:00,19.837400436401367,19.920000076293945,19.785400390625,19.920000076293945,32529,0.0,0.0,0.0
2024-08-02 10:45:00-04:00,19.949499130249023,19.949499130249023,19.850000381469727,19.915000915527344,808,0.0,0.0,0.0
2024-08-02 10:50:00-04:00,19.96500015258789,19.98310089111328,19.946500778198242,19.946500778198242,1728,0.0,0.0,0.0
2024-08-02 10:55:00-04:00,20.010000228881836,20.010000228881836,19.969999313354492,20.00979995727539,1297,0.0,0.0,0.0
2024-08-02 11:00:00-04:00,19.920000076293945,19.947900772094727,19.920000076293945,19.947900772094727,6776,0.0,0.0,0.0
2024-08-02 11:05:00-04:00,20.014999389648438,20.020000457763672,20.010700225830078,20.020000457763672,1146,0.0,0.0,0.0
2024-08-02 11:10:00-04:00,20.06999969482422,20.29010009765625,20.06999969482422,20.290000915527344,2089,0.0,0.0,0.0
2024-08-02 11:15:00-04:00,20.280000686645508,20.280000686645508,20.149999618530273,20.18720054626465,3225,0.0,0.0,0.0
2024-08-02 11:20:00-04:00,20.110000610351562,20.110000610351562,20.090200424194336,20.090200424194336,2599,0.0,0.0,0.0
2024-08-02 11:25:00-04:00,20.079999923706055,20.079999923706055,20.079999923706055,20.079999923706055,115,0.0,0.0,0.0
2024-08-02 11:30:00-04:00,20.05500030517578,20.07029914855957,20.01219940185547,20.07029914855957,8605,0.0,0.0,0.0
2024-08-02 11:35:00-04:00,20.06399917602539,20.06399917602539,20.06399917602539,20.06399917602539,390,0.0,0.0,0.0
2024-08-02 11:40:00-04:00,20.100000381469727,20.14929962158203,20.100000381469727,20.14929962158203,500,0.0,0.0,0.0
2024-08-02 11:45:00-04:00,20.065099716186523,20.065099716186523,20.05500030517578,20.05500030517578,644,0.0,0.0,0.0
2024-08-02 11:55:00-04:00,20.02750015258789,20.02750015258789,20.02750015258789,20.02750015258789,486,0.0,0.0,0.0
2024-08-02 12:20:00-04:00,19.927900314331055,19.927900314331055,19.927900314331055,19.927900314331055,109,0.0,0.0,0.0
2024-08-02 12:25:00-04:00,19.870100021362305,19.870100021362305,19.8700008392334,19.8700008392334,633,0.0,0.0,0.0
2024-08-02 12:40:00-04:00,20.0,20.0,20.0,20.0,300,0.0,0.0,0.0
2024-08-02 12:45:00-04:00,20.02050018310547,20.030000686645508,20.02050018310547,20.030000686645508,2604,0.0,0.0,0.0
2024-08-02 12:50:00-04:00,20.0,20.0,20.0,20.0,132,0.0,0.0,0.0
2024-08-02 13:20:00-04:00,20.050899505615234,20.050899505615234,20.050899505615234,20.050899505615234,1336,0.0,0.0,0.0
2024-08-02 13:25:00-04:00,20.06999969482422,20.06999969482422,20.06999969482422,20.06999969482422,285,0.0,0.0,0.0
2024-08-02 13:30:00-04:00,20.0487003326416,20.0487003326416,20.0487003326416,20.0487003326416,0,0.0,0.0,0.0
2024-08-02 13:35:00-04:00,20.030000686645508,20.030000686645508,20.030000686645508,20.030000686645508,135904,0.0,0.0,0.0
2024-08-02 13:40:00-04:00,19.989999771118164,19.990100860595703,19.989999771118164,19.990100860595703,456,0.0,0.0,0.0
2024-08-02 14:15:00-04:00,19.959999084472656,19.959999084472656,19.959999084472656,19.959999084472656,303,0.0,0.0,0.0
2024-08-02 14:25:00-04:00,19.950000762939453,19.95009994506836,19.94499969482422,19.94499969482422,465,0.0,0.0,0.0
2024-08-02 14:30:00-04:00,19.959999084472656,19.959999084472656,19.959999084472656,19.959999084472656,600,0.0,0.0,0.0
2024-08-02 14:45:00-04:00,20.030000686645508,20.030000686645508,20.030000686645508,20.030000686645508,985,0.0,0.0,0.0
2024-08-02 14:50:00-04:00,20.049999237060547,20.049999237060547,20.045000076293945,20.045000076293945,2300,0.0,0.0,0.0
2024-08-02 14:55:00-04:00,20.030000686645508,20.030000686645508,20.020000457763672,20.020000457763672,388,0.0,0.0,0.0
2024-08-02 15:00:00-04:00,20.049999237060547,20.049999237060547,20.049999237060547,20.049999237060547,162,0.0,0.0,0.0
2024-08-02 15:05:00-04:00,20.059999465942383,20.059999465942383,20.059999465942383,20.059999465942383,310,0.0,0.0,0.0
2024-08-02 15:10:00-04:00,20.020000457763672,20.020000457763672,20.020000457763672,20.020000457763672,325,0.0,0.0,0.0
2024-08-02 15:15:00-04:00,20.010099411010742,20.010099411010742,20.010099411010742,20.010099411010742,1141,0.0,0.0,0.0
2024-08-02 15:25:00-04:00,19.979999542236328,19.979999542236328,19.979999542236328,19.979999542236328,1567,0.0,0.0,0.0
2024-08-02 15:30:00-04:00,19.950000762939453,19.950000762939453,19.950000762939453,19.950000762939453,100,0.0,0.0,0.0
2024-08-02 15:35:00-04:00,19.90999984741211,19.90999984741211,19.90999984741211,19.90999984741211,310,0.0,0.0,0.0
2024-08-02 15:40:00-04:00,19.91029930114746,19.91029930114746,19.91029930114746,19.91029930114746,101,0.0,0.0,0.0
2024-08-02 15:45:00-04:00,19.915000915527344,19.93000030517578,19.915000915527344,19.93000030517578,6458,0.0,0.0,0.0
2024-08-02 15:50:00-04:00,19.920000076293945,19.93000030517578,19.88909912109375,19.895000457763672,14390,0.0,0.0,0.0
2024-08-02 15:55:00-04:00,19.889999389648438,19.889999389648438,19.8700008392334,19.885000228881836,2600,0.0,0.0,0.0
2024-08-05 09:30:00-04:00,20.81999969482422,20.81999969482422,20.760000228881836,20.809999465942383,79890,0.0,0.0,0.0
2024-08-05 09:35:00-04:00,20.823200225830078,20.823200225830078,20.641000747680664,20.641000747680664,4052,0.0,0.0,0.0
2024-08-05 09:40:00-04:00,20.65999984741211,20.735000610351562,20.65999984741211,20.72949981689453,13968,0.0,0.0,0.0
2024-08-05 09:45:00-04:00,20.691999435424805,20.691999435424805,20.615999221801758,20.615999221801758,795,0.0,0.0,0.0
2024-08-05 09:50:00-04:00,20.610000610351562,20.66990089416504,20.610000610351562,20.639999389648438,3670,0.0,0.0,0.0
2024-08-05 09:55:00-04:00,20.68899917602539,20.68899917602539,20.600000381469727,20.600000381469727,686,0.0,0.0,0.0
2024-08-05 10:00:00-04:00,20.510000228881836,20.700000762939453,20.510000228881836,20.700000762939453,2338,0.0,0.0,0.0
2024-08-05 10:05:00-04:00,20.700199127197266,20.700199127197266,20.655000686645508,20.65999984741211,505,0.0,0.0,0.0
2024-08-05 10:10:00-04:00,20.670000076293945,20.673999786376953,20.639999389648438,20.639999389648438,850,0.0,0.0,0.0
2024-08-05 10:15:00-04:00,20.700000762939453,20.739999771118164,20.700000762939453,20.739999771118164,562,0.0,0.0,0.0
2024-08-05 10:20:00-04:00,20.700000762939453,20.700000762939453,20.665800094604492,20.6781005859375,5461,0.0,0.0,0.0
2024-08-05 10:25:00-04:00,20.690000534057617,20.719999313354492,20.690000534057617,20.719999313354492,7436,0.0,0.0,0.0
2024-08-05 10:30:00-04:00,20.709999084472656,20.709999084472656,20.709999084472656,20.709999084472656,210,0.0,0.0,0.0
2024-08-05 10:35:00-04:00,20.690000534057617,20.690000534057617,20.6200008392334,20.6200008392334,7450,0.0,0.0,0.0
2024-08-05 10:40:00-04:00,20.591999053955078,20.618499755859375,20.59000015258789,20.618499755859375,5457,0.0,0.0,0.0
2024-08-05 10:45:00-04:00,20.6200008392334,20.62980079650879,20.59749984741211,20.62980079650879,800,0.0,0.0,0.0
2024-08-05 10:50:00-04:00,20.610000610351562,20.610000610351562,20.610000610351562,20.610000610351562,350,0.0,0.0,0.0
2024-08-05 10:55:00-04:00,20.6200008392334,20.6200008392334,20.59950065612793,20.59950065612793,1079,0.0,0.0,0.0
2024-08-05 11:00:00-04:00,20.529499053955078,20.530000686645508,20.520999908447266,20.520999908447266,610,0.0,0.0,0.0
2024-08-05 11:05:00-04:00,20.530000686645508,20.530000686645508,20.430999755859375,20.430999755859375,8181,0.0,0.0,0.0
2024-08-05 11:10:00-04:00,20.440000534057617,20.440000534057617,20.397199630737305,20.397199630737305,3436,0.0,0.0,0.0
2024-08-05 11:15:00-04:00,20.34000015258789,20.3700008392334,20.34000015258789,20.3700008392334,692,0.0,0.0,0.0
2024-08-05 11:20:00-04:00,20.397300720214844,20.397300720214844,20.397300720214844,20.397300720214844,210,0.0,0.0,0.0
2024-08-05 11:25:00-04:00,20.35099983215332,20.35099983215332,20.35099983215332,20.35099983215332,792,0.0,0.0,0.0
2024-08-05 11:30:00-04:00,20.476499557495117,20.476499557495117,20.420000076293945,20.420000076293945,401,0.0,0.0,0.0
2024-08-05 11:35:00-04:00,20.400999069213867,20.409500122070312,20.400999069213867,20.409500122070312,510,0.0,0.0,0.0
2024-08-05 11:40:00-04:00,20.389999389648438,20.389999389648438,20.389999389648438,20.389999389648438,180,0.0,0.0,0.0
2024-08-05 11:45:00-04:00,20.43000030517578,20.489999771118164,20.43000030517578,20.485000610351562,6747,0.0,0.0,0.0
2024-08-05 11:50:00-04:00,20.479999542236328,20.479999542236328,20.459999084472656,20.469999313354492,6516,0.0,0.0,0.0
2024-08-05 12:05:00-04:00,20.520000457763672,20.530000686645508,20.520000457763672,20.530000686645508,302,0.0,0.0,0.0
2024-08-05 12:10:00-04:00,20.520000457763672,20.520000457763672,20.5,20.510000228881836,320,0.0,0.0,0.0
2024-08-05 12:20:00-04:00,20.399999618530273,20.399999618530273,20.399999618530273,20.399999618530273,104,0.0,0.0,0.0
2024-08-05 12:30:00-04:00,20.381000518798828,20.381000518798828,20.381000518798828,20.381000518798828,303,0.0,0.0,0.0
2024-08-05 12:35:00-04:00,20.433300018310547,20.433300018310547,20.433300018310547,20.433300018310547,500,0.0,0.0,0.0
2024-08-05 12:40:00-04:00,20.440000534057617,20.440000534057617,20.440000534057617,20.440000534057617,251,0.0,0.0,0.0
2024-08-05 12:45:00-04:00,20.454999923706055,20.454999923706055,20.454999923706055,20.454999923706055,300,0.0,0.0,0.0
2024-08-05 12:50:00-04:00,20.469999313354492,20.479999542236328,20.450000762939453,20.450300216674805,1900,0.0,0.0,0.0
2024-08-05 12:55:00-04:00,20.489900588989258,20.489900588989258,20.489900588989258,20.489900588989258,234,0.0,0.0,0.0
2024-08-05 13:05:00-04:00,20.520000457763672,20.520000457763672,20.47879981994629,20.47879981994629,1226,0.0,0.0,0.0
2024-08-05 13:25:00-04:00,20.469999313354492,20.469999313354492,20.469999313354492,20.469999313354492,100,0.0,0.0,0.0
2024-08-05 13:30:00-04:00,20.5,20.5,20.5,20.5,147,0.0,0.0,0.0
2024-08-05 13:35:00-04:00,20.50200080871582,20.510000228881836,20.50200080871582,20.510000228881836,1010,0.0,0.0,0.0
2024-08-05 13:45:00-04:00,20.5,20.510000228881836,20.5,20.510000228881836,917,0.0,0.0,0.0
2024-08-05 13:55:00-04:00,20.420000076293945,20.420000076293945,20.420000076293945,20.420000076293945,150,0.0,0.0,0.0
2024-08-05 14:05:00-04:00,20.43000030517578,20.43000030517578,20.43000030517578,20.43000030517578,211,0.0,0.0,0.0
2024-08-05 14:10:00-04:00,20.43000030517578,20.43000030517578,20.43000030517578,20.43000030517578,182,0.0,0.0,0.0
2024-08-05 14:40:00-04:00,20.408899307250977,20.43000030517578,20.408899307250977,20.43000030517578,7303,0.0,0.0,0.0
2024-08-05 14:50:00-04:00,20.440000534057617,20.450000762939453,20.440000534057617,20.450000762939453,3612,0.0,0.0,0.0
2024-08-05 15:00:00-04:00,20.412700653076172,20.412700653076172,20.412700653076172,20.412700653076172,4000,0.0,0.0,0.0
2024-08-05 15:05:00-04:00,20.40999984741211,20.40999984741211,20.40999984741211,20.40999984741211,323,0.0,0.0,0.0
2024-08-05 15:15:00-04:00,20.375,20.3799991607666,20.375,20.3799991607666,232,0.0,0.0,0.0
2024-08-05 15:20:00-04:00,20.3799991607666,20.3799991607666,20.3799991607666,20.3799991607666,120,0.0,0.0,0.0
2024-08-05 15:30:00-04:00,20.3700008392334,20.3700008392334,20.3700008392334,20.3700008392334,118,0.0,0.0,0.0
2024-08-05 15:35:00-04:00,20.34709930419922,20.34709930419922,20.329999923706055,20.329999923706055,1200,0.0,0.0,0.0
2024-08-05 15:45:00-04:00,20.34239959716797,20.34239959716797,20.34239959716797,20.34239959716797,200,0.0,0.0,0.0
2024-08-05 15:50:00-04:00,20.299999237060547,20.31170082092285,20.299999237060547,20.31170082092285,7246,0.0,0.0,0.0
2024-08-05 15:55:00-04:00,20.350000381469727,20.3799991607666,20.350000381469727,20.3700008392334,0,0.0,0.0,0.0
2024-08-06 09:30:00-04:00,20.59000015258789,20.639999389648438,20.59000015258789,20.639999389648438,6088,0.0,0.0,0.0
2024-08-06 09:35:00-04:00,20.670000076293945,20.672700881958008,20.610000610351562,20.610000610351562,3371,0.0,0.0,0.0
2024-08-06 09:40:00-04:00,20.59000015258789,20.610000610351562,20.59000015258789,20.610000610351562,701,0.0,0.0,0.0
2024-08-06 09:45:00-04:00,20.583999633789062,20.583999633789062,20.583999633789062,20.583999633789062,200,0.0,0.0,0.0
2024-08-06 09:50:00-04:00,20.6299991607666,20.6299991607666,20.6200008392334,20.6299991607666,1752,0.0,0.0,0.0
2024-08-06 09:55:00-04:00,20.639999389648438,20.649900436401367,20.639999389648438,20.649900436401367,443,0.0,0.0,0.0
2024-08-06 10:00:00-04:00,20.600000381469727,20.600000381469727,20.59000015258789,20.59000015258789,375,0.0,0.0,0.0
2024-08-06 10:05:00-04:00,20.510000228881836,20.510000228881836,20.510000228881836,20.510000228881836,151,0.0,0.0,0.0
2024-08-06 10:10:00-04:00,20.5,20.579999923706055,20.5,20.579999923706055,2013,0.0,0.0,0.0
2024-08-06 10:15:00-04:00,20.59950065612793,20.631999969482422,20.59950065612793,20.631999969482422,1231,0.0,0.0,0.0
2024-08-06 10:20:00-04:00,20.642900466918945,20.66010093688965,20.639999389648438,20.66010093688965,1161,0.0,0.0,0.0
2024-08-06 10:25:00-04:00,20.684999465942383,20.684999465942383,20.65999984741211,20.684999465942383,2150,0.0,0.0,0.0
2024-08-06 10:30:00-04:00,20.719999313354492,20.770000457763672,20.719999313354492,20.770000457763672,625,0.0,0.0,0.0
2024-08-06 10:40:00-04:00,20.739999771118164,20.739999771118164,20.739999771118164,20.739999771118164,404,0.0,0.0,0.0
2024-08-06 11:00:00-04:00,20.739999771118164,20.739999771118164,20.7052001953125,20.7052001953125,1420,0.0,0.0,0.0
2024-08-06 11:05:00-04:00,20.760000228881836,20.80500030517578,20.760000228881836,20.80500030517578,7183,0.0,0.0,0.0
2024-08-06 11:10:00-04:00,20.799999237060547,20.799999237060547,20.799999237060547,20.799999237060547,205,0.0,0.0,0.0
2024-08-06 11:15:00-04:00,20.829999923706055,20.84000015258789,20.81999969482422,20.84000015258789,400,0.0,0.0,0.0
2024-08-06 11:20:00-04:00,20.819400787353516,20.819400787353516,20.812000274658203,20.812000274658203,497,0.0,0.0,0.0
2024-08-06 11:25:00-04:00,20.7549991607666,20.7549991607666,20.7549991607666,20.7549991607666,110,0.0,0.0,0.0
2024-08-06 11:30:00-04:00,20.75,20.759899139404297,20.75,20.759899139404297,0,0.0,0.0,0.0
2024-08-06 11:35:00-04:00,20.790000915527344,20.809999465942383,20.790000915527344,20.809999465942383,31170,0.0,0.0,0.0
2024-08-06 11:50:00-04:00,20.75,20.76289939880371,20.75,20.76289939880371,1581,0.0,0.0,0.0
2024-08-06 11:55:00-04:00,20.769899368286133,20.769899368286133,20.769899368286133,20.769899368286133,194,0.0,0.0,0.0
2024-08-06 12:00:00-04:00,20.729999542236328,20.729999542236328,20.724000930786133,20.724000930786133,1124,0.0,0.0,0.0
2024-08-06 12:05:00-04:00,20.759899139404297,20.759899139404297,20.759899139404297,20.759899139404297,404,0.0,0.0,0.0
2024-08-06 12:15:00-04:00,20.700000762939453,20.700000762939453,20.700000762939453,20.700000762939453,107,0.0,0.0,0.0
2024-08-06 12:20:00-04:00,20.729900360107422,20.729900360107422,20.729900360107422,20.729900360107422,412,0.0,0.0,0.0
2024-08-06 12:25:00-04:00,20.742399215698242,20.75,20.742399215698242,20.75,565,0.0,0.0,0.0
2024-08-06 12:40:00-04:00,20.749000549316406,20.749000549316406,20.749000549316406,20.749000549316406,200,0.0,0.0,0.0
2024-08-06 12:45:00-04:00,20.729999542236328,20.729999542236328,20.729999542236328,20.729999542236328,159,0.0,0.0,0.0
2024-08-06 12:50:00-04:00,20.687999725341797,20.687999725341797,20.687999725341797,20.687999725341797,100,0.0,0.0,0.0
2024-08-06 13:05:00-04:00,20.701400756835938,20.701400756835938,20.701400756835938,20.701400756835938,469,0.0,0.0,0.0
2024-08-06 13:40:00-04:00,20.689899444580078,20.689899444580078,20.689899444580078,20.689899444580078,638,0.0,0.0,0.0
2024-08-06 14:45:00-04:00,20.610000610351562,20.610000610351562,20.610000610351562,20.610000610351562,211,0.0,0.0,0.0
2024-08-06 14:55:00-04:00,20.614999771118164,20.614999771118164,20.614999771118164,20.614999771118164,289,0.0,0.0,0.0
2024-08-06 15:15:00-04:00,20.699899673461914,20.699899673461914,20.699899673461914,20.699899673461914,1230,0.0,0.0,0.0
2024-08-06 15:20:00-04:00,20.700000762939453,20.700000762939453,20.700000762939453,20.700000762939453,153,0.0,0.0,0.0
2024-08-06 15:35:00-04:00,20.725000381469727,20.725000381469727,20.725000381469727,20.725000381469727,1579,0.0,0.0,0.0
2024-08-06 15:40:00-04:00,20.739999771118164,20.749399185180664,20.739999771118164,20.749399185180664,369,0.0,0.0,0.0
2024-08-06 15:45:00-04:00,20.739999771118164,20.739999771118164,20.739999771118164,20.739999771118164,346,0.0,0.0,0.0
2024-08-06 15:55:00-04:00,20.729999542236328,20.739999771118164,20.725000381469727,20.729999542236328,15427,0.0,0.0,0.0
2024-08-07 09:30:00-04:00,20.549999237060547,20.549999237060547,20.459999084472656,20.459999084472656,21226,0.0,0.0,0.0
2024-08-07 09:35:00-04:00,20.469900131225586,20.520000457763672,20.469900131225586,20.520000457763672,600,0.0,0.0,0.0
2024-08-07 09:40:00-04:00,20.545000076293945,20.545000076293945,20.510000228881836,20.510000228881836,1722,0.0,0.0,0.0
2024-08-07 09:45:00-04:00,20.549999237060547,20.549999237060547,20.540000915527344,20.540000915527344,1151,0.0,0.0,0.0
2024-08-07 09:50:00-04:00,20.540000915527344,20.540000915527344,20.540000915527344,20.540000915527344,577,0.0,0.0,0.0
2024-08-07 09:55:00-04:00,20.549999237060547,20.549999237060547,20.549999237060547,20.549999237060547,223,0.0,0.0,0.0
2024-08-07 10:00:00-04:00,20.548999786376953,20.548999786376953,20.548999786376953,20.548999786376953,3500,0.0,0.0,0.0
2024-08-07 10:05:00-04:00,20.548999786376953,20.569000244140625,20.548999786376953,20.549999237060547,2900,0.0,0.0,0.0
2024-08-07 10:10:00-04:00,20.549999237060547,20.549999237060547,20.549999237060547,20.549999237060547,100,0.0,0.0,0.0
2024-08-07 10:15:00-04:00,20.549999237060547,20.559999465942383,20.549999237060547,20.559999465942383,320,0.0,0.0,0.0
2024-08-07 10:25:00-04:00,20.5,20.5,20.5,20.5,1735,0.0,0.0,0.0
2024-08-07 10:35:00-04:00,20.5,20.5,20.489999771118164,20.489999771118164,3380,0.0,0.0,0.0
2024-08-07 11:00:00-04:00,20.549999237060547,20.57900047302246,20.549999237060547,20.57900047302246,2131,0.0,0.0,0.0
2024-08-07 11:15:00-04:00,20.530000686645508,20.545000076293945,20.530000686645508,20.545000076293945,1084,0.0,0.0,0.0
2024-08-07 11:30:00-04:00,20.6299991607666,20.6299991607666,20.625,20.625,240,0.0,0.0,0.0
2024-08-07 11:35:00-04:00,20.61199951171875,20.61400032043457,20.61199951171875,20.61199951171875,3074,0.0,0.0,0.0
2024-08-07 11:40:00-04:00,20.610000610351562,20.639999389648438,20.610000610351562,20.639999389648438,204,0.0,0.0,0.0
2024-08-07 11:50:00-04:00,20.631200790405273,20.631200790405273,20.631200790405273,20.631200790405273,100,0.0,0.0,0.0
2024-08-07 12:00:00-04:00,20.63050079345703,20.63050079345703,20.6200008392334,20.6200008392334,1734,0.0,0.0,0.0
2024-08-07 12:30:00-04:00,20.639999389648438,20.639999389648438,20.639999389648438,20.639999389648438,2729,0.0,0.0,0.0
2024-08-07 13:00:00-04:00,20.59000015258789,20.59000015258789,20.59000015258789,20.59000015258789,469,0.0,0.0,0.0
2024-08-07 13:30:00-04:00,20.67340087890625,20.67340087890625,20.67340087890625,20.67340087890625,230,0.0,0.0,0.0
2024-08-07 13:55:00-04:00,20.70989990234375,20.70989990234375,20.70989990234375,20.70989990234375,151,0.0,0.0,0.0
2024-08-07 14:05:00-04:00,20.729999542236328,20.729999542236328,20.719999313354492,20.729999542236328,691,0.0,0.0,0.0
2024-08-07 14:10:00-04:00,20.719999313354492,20.719999313354492,20.719999313354492,20.719999313354492,125,0.0,0.0,0.0
2024-08-07 14:25:00-04:00,20.699899673461914,20.700000762939453,20.699899673461914,20.700000762939453,2100,0.0,0.0,0.0
2024-08-07 14:30:00-04:00,20.729999542236328,20.7549991607666,20.729999542236328,20.7549991607666,1100,0.0,0.0,0.0
2024-08-07 14:35:00-04:00,20.769899368286133,20.769899368286133,20.769899368286133,20.769899368286133,100,0.0,0.0,0.0
2024-08-07 14:40:00-04:00,20.780000686645508,20.790000915527344,20.780000686645508,20.790000915527344,3000,0.0,0.0,0.0
2024-08-07 14:45:00-04:00,20.788299560546875,20.809999465942383,20.788299560546875,20.809999465942383,462,0.0,0.0,0.0
2024-08-07 14:50:00-04:00,20.809999465942383,20.809999465942383,20.808000564575195,20.809900283813477,2015,0.0,0.0,0.0
2024-08-07 14:55:00-04:00,20.809999465942383,20.809999465942383,20.790000915527344,20.790000915527344,600,0.0,0.0,0.0
2024-08-07 15:00:00-04:00,20.78510093688965,20.78510093688965,20.760000228881836,20.760000228881836,925,0.0,0.0,0.0
2024-08-07 15:05:00-04:00,20.761999130249023,20.761999130249023,20.760000228881836,20.760000228881836,1506,0.0,0.0,0.0
2024-08-07 15:10:00-04:00,20.729999542236328,20.731399536132812,20.729999542236328,20.731399536132812,1675,0.0,0.0,0.0
2024-08-07 15:25:00-04:00,20.710100173950195,20.710100173950195,20.710100173950195,20.710100173950195,718,0.0,0.0,0.0
2024-08-07 15:35:00-04:00,20.71969985961914,20.71969985961914,20.71969985961914,20.71969985961914,3696,0.0,0.0,0.0
2024-08-07 15:45:00-04:00,20.709999084472656,20.729999542236328,20.709999084472656,20.729999542236328,1069,0.0,0.0,0.0
2024-08-07 15:50:00-04:00,20.740100860595703,20.75,20.740100860595703,20.75,3737,0.0,0.0,0.0
2024-08-07 15:55:00-04:00,20.790000915527344,20.795000076293945,20.780000686645508,20.780000686645508,0,0.0,0.0,0.0
2024-08-08 09:30:00-04:00,20.3799991607666,20.420000076293945,20.350000381469727,20.420000076293945,15181,0.0,0.0,0.0
2024-08-08 09:35:00-04:00,20.350000381469727,20.350000381469727,20.350000381469727,20.350000381469727,650,0.0,0.0,0.0
2024-08-08 09:40:00-04:00,20.329999923706055,20.344999313354492,20.30500030517578,20.30500030517578,1470,0.0,0.0,0.0
2024-08-08 09:45:00-04:00,20.34510040283203,20.37849998474121,20.34510040283203,20.37849998474121,1767,0.0,0.0,0.0
2024-08-08 10:00:00-04:00,20.360000610351562,20.360000610351562,20.360000610351562,20.360000610351562,400,0.0,0.0,0.0
2024-08-08 10:05:00-04:00,20.360000610351562,20.38010025024414,20.360000610351562,20.38010025024414,4732,0.0,0.0,0.0
2024-08-08 10:10:00-04:00,20.249900817871094,20.249900817871094,20.219999313354492,20.23419952392578,3442,0.0,0.0,0.0
2024-08-08 10:15:00-04:00,20.25,20.25,20.22010040283203,20.22010040283203,608,0.0,0.0,0.0
2024-08-08 10:20:00-04:00,20.190000534057617,20.206600189208984,20.180099487304688,20.180099487304688,541,0.0,0.0,0.0
2024-08-08 10:25:00-04:00,20.17970085144043,20.209999084472656,20.17970085144043,20.209999084472656,313,0.0,0.0,0.0
2024-08-08 10:30:00-04:00,20.149999618530273,20.209999084472656,20.149999618530273,20.200000762939453,5399,0.0,0.0,0.0
2024-08-08 10:35:00-04:00,20.200000762939453,20.229999542236328,20.200000762939453,20.229999542236328,1323,0.0,0.0,0.0
2024-08-08 10:40:00-04:00,20.239999771118164,20.25,20.22010040283203,20.239999771118164,2544,0.0,0.0,0.0
2024-08-08 10:45:00-04:00,20.280000686645508,20.280000686645508,20.260000228881836,20.260000228881836,690,0.0,0.0,0.0
2024-08-08 11:05:00-04:00,20.30500030517578,20.30500030517578,20.30500030517578,20.30500030517578,2690,0.0,0.0,0.0
2024-08-08 11:10:00-04:00,20.280000686645508,20.280000686645508,20.280000686645508,20.280000686645508,555,0.0,0.0,0.0
2024-08-08 11:20:00-04:00,20.290000915527344,20.290000915527344,20.290000915527344,20.290000915527344,102,0.0,0.0,0.0
2024-08-08 11:40:00-04:00,20.260000228881836,20.260000228881836,20.251300811767578,20.251300811767578,710,0.0,0.0,0.0
2024-08-08 11:45:00-04:00,20.267900466918945,20.267900466918945,20.267900466918945,20.267900466918945,3000,0.0,0.0,0.0
2024-08-08 11:50:00-04:00,20.249900817871094,20.249900817871094,20.248699188232422,20.248699188232422,3303,0.0,0.0,0.0
2024-08-08 11:55:00-04:00,20.209999084472656,20.229999542236328,20.209999084472656,20.229999542236328,3100,0.0,0.0,0.0
2024-08-08 12:00:00-04:00,20.229999542236328,20.229999542236328,20.219999313354492,20.219999313354492,4258,0.0,0.0,0.0
2024-08-08 12:05:00-04:00,20.219999313354492,20.219999313354492,20.209999084472656,20.219999313354492,528,0.0,0.0,0.0
2024-08-08 12:15:00-04:00,20.209999084472656,20.229299545288086,20.209999084472656,20.229299545288086,8337,0.0,0.0,0.0
2024-08-08 12:20:00-04:00,20.217300415039062,20.217300415039062,20.217300415039062,20.217300415039062,4000,0.0,0.0,0.0
2024-08-08 12:25:00-04:00,20.16069984436035,20.170000076293945,20.150699615478516,20.170000076293945,12301,0.0,0.0,0.0
2024-08-08 12:30:00-04:00,20.174999237060547,20.174999237060547,20.174999237060547,20.174999237060547,270,0.0,0.0,0.0
2024-08-08 12:35:00-04:00,20.201000213623047,20.21500015258789,20.201000213623047,20.21500015258789,518,0.0,0.0,0.0
2024-08-08 12:40:00-04:00,20.219999313354492,20.219999313354492,20.219999313354492,20.219999313354492,105,0.0,0.0,0.0
2024-08-08 12:45:00-04:00,20.219999313354492,20.219999313354492,20.219999313354492,20.219999313354492,113,0.0,0.0,0.0
2024-08-08 12:50:00-04:00,20.2450008392334,20.2450008392334,20.235000610351562,20.235000610351562,416,0.0,0.0,0.0
2024-08-08 12:55:00-04:00,20.25,20.25,20.2450008392334,20.2450008392334,300,0.0,0.0,0.0
2024-08-08 13:00:00-04:00,20.25,20.25,20.25,20.25,100,0.0,0.0,0.0
2024-08-08 13:05:00-04:00,20.278799057006836,20.278799057006836,20.278799057006836,20.278799057006836,325,0.0,0.0,0.0
2024-08-08 13:10:00-04:00,20.200000762939453,20.200000762939453,20.170000076293945,20.170000076293945,200,0.0,0.0,0.0
2024-08-08 13:15:00-04:00,20.184999465942383,20.184999465942383,20.18000030517578,20.18000030517578,628,0.0,0.0,0.0
2024-08-08 13:20:00-04:00,20.187299728393555,20.190000534057617,20.187299728393555,20.190000534057617,4100,0.0,0.0,0.0
2024-08-08 13:30:00-04:00,20.13279914855957,20.149999618530273,20.13279914855957,20.149999618530273,4103,0.0,0.0,0.0
2024-08-08 13:35:00-04:00,20.18000030517578,20.18000030517578,20.18000030517578,20.18000030517578,100,0.0,0.0,0.0
2024-08-08 13:40:00-04:00,20.1875,20.1875,20.18000030517578,20.18000030517578,4698,0.0,0.0,0.0
2024-08-08 13:45:00-04:00,20.20989990234375,20.20989990234375,20.15999984741211,20.15999984741211,5103,0.0,0.0,0.0
2024-08-08 14:00:00-04:00,20.170000076293945,20.170000076293945,20.170000076293945,20.170000076293945,2013,0.0,0.0,0.0
2024-08-08 14:05:00-04:00,20.139999389648438,20.139999389648438,20.139999389648438,20.139999389648438,1300,0.0,0.0,0.0
2024-08-08 14:10:00-04:00,20.131000518798828,20.131000518798828,20.131000518798828,20.131000518798828,5008,0.0,0.0,0.0
2024-08-08 14:15:00-04:00,20.12299919128418,20.13990020751953,20.12299919128418,20.13990020751953,583,0.0,0.0,0.0
2024-08-08 14:20:00-04:00,20.1299991607666,20.1564998626709,20.1299991607666,20.1564998626709,459,0.0,0.0,0.0
2024-08-08 14:25:00-04:00,20.128999710083008,20.128999710083008,20.128999710083008,20.128999710083008,292,0.0,0.0,0.0
2024-08-08 14:50:00-04:00,20.135000228881836,20.135000228881836,20.135000228881836,20.135000228881836,263,0.0,0.0,0.0
2024-08-08 14:55:00-04:00,20.14620018005371,20.14620018005371,20.14620018005371,20.14620018005371,661,0.0,0.0,0.0
2024-08-08 15:00:00-04:00,20.139999389648438,20.155000686645508,20.139999389648438,20.155000686645508,202,0.0,0.0,0.0
2024-08-08 15:05:00-04:00,20.170000076293945,20.170000076293945,20.170000076293945,20.170000076293945,508,0.0,0.0,0.0
2024-08-08 15:10:00-04:00,20.139999389648438,20.139999389648438,20.139999389648438,20.139999389648438,810,0.0,0.0,0.0
2024-08-08 15:35:00-04:00,20.174999237060547,20.174999237060547,20.170000076293945,20.170000076293945,811,0.0,0.0,0.0
2024-08-08 15:45:00-04:00,20.149999618530273,20.15290069580078,20.139999389648438,20.149999618530273,3643,0.0,0.0,0.0
2024-08-08 15:50:00-04:00,20.150100708007812,20.150100708007812,20.149999618530273,20.149999618530273,1366,0.0,0.0,0.0
2024-08-08 15:55:00-04:00,20.168399810791016,20.168500900268555,20.139999389648438,20.139999389648438,0,0.0,0.0,0.0
2024-08-09 09:30:00-04:00,20.040000915527344,20.040000915527344,20.020000457763672,20.020000457763672,3773,0.0,0.0,0.0
2024-08-09 09:40:00-04:00,20.110000610351562,20.165000915527344,20.110000610351562,20.165000915527344,717,0.0,0.0,0.0
2024-08-09 09:45:00-04:00,20.184999465942383,20.184999465942383,20.184999465942383,20.184999465942383,610,0.0,0.0,0.0
2024-08-09 09:50:00-04:00,20.149999618530273,20.149999618530273,20.149999618530273,20.149999618530273,765,0.0,0.0,0.0
2024-08-09 09:55:00-04:00,20.137699127197266,20.137699127197266,20.137699127197266,20.137699127197266,172,0.0,0.0,0.0
2024-08-09 10:05:00-04:00,20.09000015258789,20.09000015258789,20.079999923706055,20.079999923706055,865,0.0,0.0,0.0
2024-08-09 10:15:00-04:00,20.040000915527344,20.040000915527344,20.040000915527344,20.040000915527344,577,0.0,0.0,0.0
2024-08-09 10:20:00-04:00,20.006500244140625,20.006500244140625,20.006500244140625,20.006500244140625,267,0.0,0.0,0.0
2024-08-09 10:30:00-04:00,19.989999771118164,20.00510025024414,19.979999542236328,20.00510025024414,2245,0.0,0.0,0.0
2024-08-09 10:35:00-04:00,19.959999084472656,19.959999084472656,19.959999084472656,19.959999084472656,125,0.0,0.0,0.0
2024-08-09 10:40:00-04:00,20.020000457763672,20.039899826049805,20.020000457763672,20.039899826049805,305,0.0,0.0,0.0
2024-08-09 10:50:00-04:00,20.09000015258789,20.09000015258789,20.09000015258789,20.09000015258789,250,0.0,0.0,0.0
2024-08-09 10:55:00-04:00,20.079999923706055,20.079999923706055,20.079999923706055,20.079999923706055,100,0.0,0.0,0.0
2024-08-09 11:00:00-04:00,20.06999969482422,20.06999969482422,20.06999969482422,20.06999969482422,100,0.0,0.0,0.0
2024-08-09 11:10:00-04:00,20.100000381469727,20.100000381469727,20.100000381469727,20.100000381469727,100,0.0,0.0,0.0
2024-08-09 11:15:00-04:00,20.09000015258789,20.09000015258789,20.09000015258789,20.09000015258789,123,0.0,0.0,0.0
2024-08-09 12:00:00-04:00,20.018699645996094,20.018699645996094,20.018699645996094,20.018699645996094,502,0.0,0.0,0.0
2024-08-09 12:40:00-04:00,20.020000457763672,20.020000457763672,20.020000457763672,20.020000457763672,124,0.0,0.0,0.0
2024-08-09 12:45:00-04:00,20.0,20.0,20.0,20.0,175,0.0,0.0,0.0
2024-08-09 13:05:00-04:00,19.989999771118164,19.989999771118164,19.983699798583984,19.989999771118164,2933,0.0,0.0,0.0
2024-08-09 13:45:00-04:00,20.030000686645508,20.030000686645508,20.030000686645508,20.030000686645508,100,0.0,0.0,0.0
2024-08-09 13:55:00-04:00,20.020099639892578,20.030000686645508,20.020099639892578,20.030000686645508,657,0.0,0.0,0.0
2024-08-09 14:15:00-04:00,20.09000015258789,20.09000015258789,20.09000015258789,20.09000015258789,100,0.0,0.0,0.0
2024-08-09 14:20:00-04:00,20.09000015258789,20.09000015258789,20.09000015258789,20.09000015258789,101,0.0,0.0,0.0
2024-08-09 14:25:00-04:00,20.079700469970703,20.079700469970703,20.079700469970703,20.079700469970703,125,0.0,0.0,0.0
2024-08-09 14:35:00-04:00,20.06999969482422,20.06999969482422,20.06999969482422,20.06999969482422,126,0.0,0.0,0.0
2024-08-09 14:55:00-04:00,20.059999465942383,20.059999465942383,20.059999465942383,20.059999465942383,455,0.0,0.0,0.0
2024-08-09 15:00:00-04:00,20.059999465942383,20.084999084472656,20.059999465942383,20.084999084472656,850,0.0,0.0,0.0
2024-08-09 15:10:00-04:00,20.06999969482422,20.06999969482422,20.06999969482422,20.06999969482422,140,0.0,0.0,0.0
2024-08-09 15:25:00-04:00,20.079999923706055,20.079999923706055,20.059999465942383,20.075000762939453,586,0.0,0.0,0.0
2024-08-09 15:30:00-04:00,20.06999969482422,20.07990074157715,20.059999465942383,20.059999465942383,696,0.0,0.0,0.0
2024-08-09 15:35:00-04:00,20.06999969482422,20.07469940185547,20.06999969482422,20.06999969482422,1283,0.0,0.0,0.0
2024-08-09 15:40:00-04:00,20.06999969482422,20.06999969482422,20.06999969482422,20.06999969482422,233,0.0,0.0,0.0
2024-08-09 15:50:00-04:00,20.08989906311035,20.08989906311035,20.079999923706055,20.079999923706055,5236,0.0,0.0,0.0
2024-08-09 15:55:00-04:00,20.075000762939453,20.075000762939453,20.049999237060547,20.068700790405273,2254,0.0,0.0,0.0
2024-08-12 09:30:00-04:00,19.799999237060547,19.799999237060547,19.739900588989258,19.739900588989258,16892,0.0,0.0,0.0
2024-08-12 09:35:00-04:00,19.709999084472656,19.709999084472656,19.69499969482422,19.69499969482422,2420,0.0,0.0,0.0
2024-08-12 09:40:00-04:00,19.670000076293945,19.690000534057617,19.670000076293945,19.690000534057617,9044,0.0,0.0,0.0
2024-08-12 09:45:00-04:00,19.690000534057617,19.690000534057617,19.645700454711914,19.645700454711914,695,0.0,0.0,0.0
2024-08-12 09:50:00-04:00,19.670000076293945,19.670000076293945,19.649999618530273,19.649999618530273,904,0.0,0.0,0.0
2024-08-12 09:55:00-04:00,19.655000686645508,19.655000686645508,19.655000686645508,19.655000686645508,255,0.0,0.0,0.0
2024-08-12 10:00:00-04:00,19.68000030517578,19.68000030517578,19.68000030517578,19.68000030517578,524,0.0,0.0,0.0
2024-08-12 10:05:00-04:00,19.729999542236328,19.729999542236328,19.71969985961914,19.71969985961914,410,0.0,0.0,0.0
2024-08-12 10:10:00-04:00,19.709999084472656,19.753000259399414,19.709999084472656,19.753000259399414,4124,0.0,0.0,0.0
2024-08-12 10:15:00-04:00,19.750099182128906,19.750099182128906,19.750099182128906,19.750099182128906,170,0.0,0.0,0.0
2024-08-12 10:20:00-04:00,19.799999237060547,19.799999237060547,19.780099868774414,19.780099868774414,23345,0.0,0.0,0.0
2024-08-12 10:30:00-04:00,19.75,19.75,19.75,19.75,202,0.0,0.0,0.0
2024-08-12 10:40:00-04:00,19.709999084472656,19.709999084472656,19.709999084472656,19.709999084472656,121,0.0,0.0,0.0
2024-08-12 10:45:00-04:00,19.690000534057617,19.690000534057617,19.690000534057617,19.690000534057617,4105,0.0,0.0,0.0
2024-08-12 10:50:00-04:00,19.681400299072266,19.681400299072266,19.681400299072266,19.681400299072266,207,0.0,0.0,0.0
2024-08-12 11:00:00-04:00,19.68000030517578,19.68000030517578,19.670000076293945,19.670000076293945,844,0.0,0.0,0.0
2024-08-12 11:05:00-04:00,19.65999984741211,19.65999984741211,19.655000686645508,19.655000686645508,743,0.0,0.0,0.0
2024-08-12 11:10:00-04:00,19.623699188232422,19.623699188232422,19.600000381469727,19.600000381469727,667,0.0,0.0,0.0
2024-08-12 11:15:00-04:00,19.59670066833496,19.59670066833496,19.579999923706055,19.579999923706055,2277,0.0,0.0,0.0
2024-08-12 11:20:00-04:00,19.628400802612305,19.628400802612305,19.579999923706055,19.579999923706055,1682,0.0,0.0,0.0
2024-08-12 11:30:00-04:00,19.56999969482422,19.579999923706055,19.56999969482422,19.579999923706055,289,0.0,0.0,0.0
2024-08-12 11:40:00-04:00,19.639999389648438,19.649999618530273,19.639999389648438,19.639999389648438,422,0.0,0.0,0.0
2024-08-12 11:45:00-04:00,19.610000610351562,19.610000610351562,19.610000610351562,19.610000610351562,150,0.0,0.0,0.0
2024-08-12 11:50:00-04:00,19.579999923706055,19.579999923706055,19.579999923706055,19.579999923706055,177,0.0,0.0,0.0
2024-08-12 12:00:00-04:00,19.587299346923828,19.587299346923828,19.520000457763672,19.520000457763672,732,0.0,0.0,0.0
2024-08-12 12:05:00-04:00,19.53499984741211,19.53499984741211,19.510000228881836,19.510000228881836,3371,0.0,0.0,0.0
2024-08-12 12:10:00-04:00,19.510000228881836,19.510000228881836,19.469999313354492,19.469999313354492,1999,0.0,0.0,0.0
2024-08-12 12:15:00-04:00,19.5,19.5,19.5,19.5,230,0.0,0.0,0.0
2024-08-12 12:20:00-04:00,19.520000457763672,19.520000457763672,19.519899368286133,19.520000457763672,5198,0.0,0.0,0.0
2024-08-12 12:30:00-04:00,19.510000228881836,19.510000228881836,19.509899139404297,19.510000228881836,5300,0.0,0.0,0.0
2024-08-12 12:35:00-04:00,19.530000686645508,19.530000686645508,19.530000686645508,19.530000686645508,10035,0.0,0.0,0.0
2024-08-12 12:40:00-04:00,19.510000228881836,19.510000228881836,19.510000228881836,19.510000228881836,450,0.0,0.0,0.0
2024-08-12 12:45:00-04:00,19.5049991607666,19.5049991607666,19.5049991607666,19.5049991607666,100,0.0,0.0,0.0
2024-08-12 12:50:00-04:00,19.489999771118164,19.489999771118164,19.489999771118164,19.489999771118164,201,0.0,0.0,0.0
2024-08-12 12:55:00-04:00,19.500099182128906,19.520000457763672,19.500099182128906,19.519899368286133,5600,0.0,0.0,0.0
2024-08-12 13:00:00-04:00,19.520000457763672,19.520000457763672,19.520000457763672,19.520000457763672,150,0.0,0.0,0.0
2024-08-12 13:05:00-04:00,19.479999542236328,19.488500595092773,19.479999542236328,19.488500595092773,5730,0.0,0.0,0.0
2024-08-12 13:15:00-04:00,19.50659942626953,19.510099411010742,19.50659942626953,19.510099411010742,522,0.0,0.0,0.0
2024-08-12 13:20:00-04:00,19.530000686645508,19.530000686645508,19.52989959716797,19.52989959716797,6121,0.0,0.0,0.0
2024-08-12 13:30:00-04:00,19.47010040283203,19.47010040283203,19.47010040283203,19.47010040283203,6080,0.0,0.0,0.0
2024-08-12 13:35:00-04:00,19.459999084472656,19.469999313354492,19.43000030517578,19.43000030517578,11200,0.0,0.0,0.0
2024-08-12 13:40:00-04:00,19.440000534057617,19.440000534057617,19.43000030517578,19.43000030517578,2760,0.0,0.0,0.0
2024-08-12 13:45:00-04:00,19.43000030517578,19.43000030517578,19.429899215698242,19.429899215698242,483,0.0,0.0,0.0
2024-08-12 13:55:00-04:00,19.450000762939453,19.45989990234375,19.450000762939453,19.45989990234375,347,0.0,0.0,0.0
2024-08-12 14:10:00-04:00,19.405000686645508,19.405000686645508,19.405000686645508,19.405000686645508,250,0.0,0.0,0.0
2024-08-12 14:15:00-04:00,19.420499801635742,19.43000030517578,19.416900634765625,19.43000030517578,7161,0.0,0.0,0.0
2024-08-12 14:25:00-04:00,19.399999618530273,19.40999984741211,19.399999618530273,19.409900665283203,3844,0.0,0.0,0.0
2024-08-12 14:30:00-04:00,19.420000076293945,19.420000076293945,19.41990089416504,19.41990089416504,3050,0.0,0.0,0.0
2024-08-12 14:35:00-04:00,19.399999618530273,19.399999618530273,19.399999618530273,19.399999618530273,1353,0.0,0.0,0.0
2024-08-12 14:45:00-04:00,19.399999618530273,19.399999618530273,19.385299682617188,19.385299682617188,288,0.0,0.0,0.0
2024-08-12 14:50:00-04:00,19.399999618530273,19.399999618530273,19.385000228881836,19.389999389648438,8329,0.0,0.0,0.0
2024-08-12 15:00:00-04:00,19.395000457763672,19.399999618530273,19.395000457763672,19.399999618530273,2108,0.0,0.0,0.0
2024-08-12 15:05:00-04:00,19.389999389648438,19.389999389648438,19.38520050048828,19.38520050048828,2807,0.0,0.0,0.0
2024-08-12 15:10:00-04:00,19.389999389648438,19.389999389648438,19.389999389648438,19.389999389648438,289,0.0,0.0,0.0
2024-08-12 15:15:00-04:00,19.392000198364258,19.392000198364258,19.392000198364258,19.392000198364258,1100,0.0,0.0,0.0
2024-08-12 15:20:00-04:00,19.399999618530273,19.399999618530273,19.389999389648438,19.389999389648438,623,0.0,0.0,0.0
2024-08-12 15:30:00-04:00,19.385000228881836,19.385000228881836,19.385000228881836,19.385000228881836,807,0.0,0.0,0.0
2024-08-12 15:40:00-04:00,19.378999710083008,19.378999710083008,19.3700008392334,19.3700008392334,3812,0.0,0.0,0.0
2024-08-12 15:45:00-04:00,19.3700008392334,19.38159942626953,19.3700008392334,19.38159942626953,700,0.0,0.0,0.0
2024-08-12 15:50:00-04:00,19.389999389648438,19.395299911499023,19.389999389648438,19.395299911499023,719,0.0,0.0,0.0
2024-08-12 15:55:00-04:00,19.389999389648438,19.389999389648438,19.3799991607666,19.385000228881836,4000,0.0,0.0,0.0
2024-08-13 09:30:00-04:00,19.459999084472656,19.459999084472656,19.420000076293945,19.440000534057617,52275,0.0,0.0,0.0
2024-08-13 09:35:00-04:00,19.43000030517578,19.43000030517578,19.40999984741211,19.420000076293945,10020,0.0,0.0,0.0
2024-08-13 09:40:00-04:00,19.395000457763672,19.395000457763672,19.36989974975586,19.36989974975586,26762,0.0,0.0,0.0
2024-08-13 09:45:00-04:00,19.350000381469727,19.389999389648438,19.34000015258789,19.389999389648438,1251,0.0,0.0,0.0
2024-08-13 09:50:00-04:00,19.399900436401367,19.399900436401367,19.34000015258789,19.34000015258789,1736,0.0,0.0,0.0
2024-08-13 09:55:00-04:00,19.344200134277344,19.360000610351562,19.329999923706055,19.360000610351562,4681,0.0,0.0,0.0
2024-08-13 10:00:00-04:00,19.37540054321289,19.37540054321289,19.37540054321289,19.37540054321289,1012,0.0,0.0,0.0
2024-08-13 10:05:00-04:00,19.360000610351562,19.399999618530273,19.360000610351562,19.399999618530273,850,0.0,0.0,0.0
2024-08-13 10:10:00-04:00,19.399999618530273,19.399999618530273,19.3799991607666,19.39900016784668,2572,0.0,0.0,0.0
2024-08-13 10:20:00-04:00,19.399999618530273,19.440000534057617,19.399999618530273,19.440000534057617,200,0.0,0.0,0.0
2024-08-13 10:25:00-04:00,19.449899673461914,19.449899673461914,19.449899673461914,19.449899673461914,318,0.0,0.0,0.0
2024-08-13 10:30:00-04:00,19.5,19.5,19.489999771118164,19.489999771118164,200,0.0,0.0,0.0
2024-08-13 10:35:00-04:00,19.479999542236328,19.479999542236328,19.469999313354492,19.469999313354492,10809,0.0,0.0,0.0
2024-08-13 10:45:00-04:00,19.40999984741211,19.40999984741211,19.389999389648438,19.389999389648438,1922,0.0,0.0,0.0
2024-08-13 10:50:00-04:00,19.4237003326416,19.4237003326416,19.4237003326416,19.4237003326416,350,0.0,0.0,0.0
2024-08-13 10:55:00-04:00,19.401599884033203,19.401599884033203,19.401599884033203,19.401599884033203,570,0.0,0.0,0.0
2024-08-13 11:05:00-04:00,19.38990020751953,19.38990020751953,19.3799991607666,19.3799991607666,1492,0.0,0.0,0.0
2024-08-13 11:20:00-04:00,19.3799991607666,19.3799991607666,19.3799991607666,19.3799991607666,3032,0.0,0.0,0.0
2024-08-13 11:25:00-04:00,19.43000030517578,19.440000534057617,19.425199508666992,19.440000534057617,1547,0.0,0.0,0.0
2024-08-13 11:30:00-04:00,19.450000762939453,19.450000762939453,19.450000762939453,19.450000762939453,500,0.0,0.0,0.0
2024-08-13 11:35:00-04:00,19.44499969482422,19.45009994506836,19.44499969482422,19.45009994506836,22179,0.0,0.0,0.0
2024-08-13 11:50:00-04:00,19.409799575805664,19.409799575805664,19.399999618530273,19.399999618530273,232,0.0,0.0,0.0
2024-08-13 12:00:00-04:00,19.420000076293945,19.420000076293945,19.420000076293945,19.420000076293945,155,0.0,0.0,0.0
2024-08-13 12:15:00-04:00,19.40999984741211,19.40999984741211,19.40999984741211,19.40999984741211,125,0.0,0.0,0.0
2024-08-13 12:30:00-04:00,19.440000534057617,19.440000534057617,19.439899444580078,19.439899444580078,5204,0.0,0.0,0.0
2024-08-13 12:40:00-04:00,19.459999084472656,19.459999084472656,19.459999084472656,19.459999084472656,145,0.0,0.0,0.0
2024-08-13 12:45:00-04:00,19.40999984741211,19.40999984741211,19.40999984741211,19.40999984741211,225,0.0,0.0,0.0
2024-08-13 13:00:00-04:00,19.40999984741211,19.40999984741211,19.40999984741211,19.40999984741211,2565,0.0,0.0,0.0
2024-08-13 13:20:00-04:00,19.42009925842285,19.42009925842285,19.42009925842285,19.42009925842285,6146,0.0,0.0,0.0
2024-08-13 13:40:00-04:00,19.453800201416016,19.453800201416016,19.449899673461914,19.449899673461914,330,0.0,0.0,0.0
2024-08-13 13:45:00-04:00,19.450000762939453,19.459999084472656,19.450000762939453,19.45989990234375,471,0.0,0.0,0.0
2024-08-13 14:10:00-04:00,19.450000762939453,19.450000762939453,19.450000762939453,19.450000762939453,275,0.0,0.0,0.0
2024-08-13 14:20:00-04:00,19.437400817871094,19.437400817871094,19.437400817871094,19.437400817871094,176,0.0,0.0,0.0
2024-08-13 14:30:00-04:00,19.449899673461914,19.450000762939453,19.449899673461914,19.449899673461914,350,0.0,0.0,0.0
2024-08-13 14:55:00-04:00,19.444700241088867,19.444700241088867,19.444700241088867,19.444700241088867,100,0.0,0.0,0.0
2024-08-13 15:00:00-04:00,19.440000534057617,19.440000534057617,19.440000534057617,19.440000534057617,396,0.0,0.0,0.0
2024-08-13 15:05:00-04:00,19.434999465942383,19.434999465942383,19.434999465942383,19.434999465942383,1000,0.0,0.0,0.0
2024-08-13 15:10:00-04:00,19.43000030517578,19.43000030517578,19.43000030517578,19.43000030517578,640,0.0,0.0,0.0
2024-08-13 15:20:00-04:00,19.479999542236328,19.479999542236328,19.45989990234375,19.45989990234375,531,0.0,0.0,0.0
2024-08-13 15:25:00-04:00,19.468399047851562,19.468399047851562,19.468399047851562,19.468399047851562,300,0.0,0.0,0.0
2024-08-13 15:30:00-04:00,19.5,19.5049991607666,19.4950008392334,19.5,1351,0.0,0.0,0.0
2024-08-13 15:35:00-04:00,19.516199111938477,19.516199111938477,19.516199111938477,19.516199111938477,626,0.0,0.0,0.0
2024-08-13 15:45:00-04:00,19.5049991607666,19.5049991607666,19.480100631713867,19.480100631713867,674,0.0,0.0,0.0
2024-08-13 15:50:00-04:00,19.459999084472656,19.459999084472656,19.459999084472656,19.459999084472656,316,0.0,0.0,0.0
2024-08-13 15:55:00-04:00,19.459999084472656,19.459999084472656,19.450000762939453,19.450000762939453,4743,0.0,0.0,0.0
2024-08-14 09:30:00-04:00,19.709999084472656,19.729900360107422,19.69099998474121,19.69099998474121,14326,0.0,0.0,0.0
2024-08-14 09:35:00-04:00,19.700000762939453,19.700000762939453,19.684999465942383,19.684999465942383,959,0.0,0.0,0.0
2024-08-14 09:40:00-04:00,19.597200393676758,19.63129997253418,19.59000015258789,19.59000015258789,2573,0.0,0.0,0.0
2024-08-14 09:45:00-04:00,19.59000015258789,19.59000015258789,19.59000015258789,19.59000015258789,12001,0.0,0.0,0.0
2024-08-14 09:50:00-04:00,19.610000610351562,19.6299991607666,19.610000610351562,19.6299991607666,1947,0.0,0.0,0.0
2024-08-14 10:00:00-04:00,19.639999389648438,19.639999389648438,19.639999389648438,19.639999389648438,459,0.0,0.0,0.0
2024-08-14 10:05:00-04:00,19.69499969482422,19.69499969482422,19.69499969482422,19.69499969482422,1312,0.0,0.0,0.0
2024-08-14 10:10:00-04:00,19.68939971923828,19.699899673461914,19.665000915527344,19.665000915527344,1517,0.0,0.0,0.0
2024-08-14 10:15:00-04:00,19.690000534057617,19.690000534057617,19.6382999420166,19.6382999420166,624,0.0,0.0,0.0
2024-08-14 10:20:00-04:00,19.649900436401367,19.649900436401367,19.635000228881836,19.645000457763672,1317,0.0,0.0,0.0
2024-08-14 10:25:00-04:00,19.65999984741211,19.65999984741211,19.649999618530273,19.649999618530273,12072,0.0,0.0,0.0
2024-08-14 10:30:00-04:00,19.6299991607666,19.6299991607666,19.6299991607666,19.6299991607666,161,0.0,0.0,0.0
2024-08-14 10:35:00-04:00,19.75,19.790000915527344,19.749900817871094,19.749900817871094,36757,0.0,0.0,0.0
2024-08-14 10:40:00-04:00,19.75979995727539,19.75979995727539,19.75979995727539,19.75979995727539,400,0.0,0.0,0.0
2024-08-14 10:45:00-04:00,19.776500701904297,19.776500701904297,19.729900360107422,19.729900360107422,6217,0.0,0.0,0.0
2024-08-14 10:50:00-04:00,19.723499298095703,19.75,19.723499298095703,19.739999771118164,425,0.0,0.0,0.0
2024-08-14 10:55:00-04:00,19.719999313354492,19.723499298095703,19.719999313354492,19.723499298095703,12106,0.0,0.0,0.0
2024-08-14 11:00:00-04:00,19.709999084472656,19.71470069885254,19.709999084472656,19.71470069885254,4500,0.0,0.0,0.0
2024-08-14 11:05:00-04:00,19.729999542236328,19.729999542236328,19.729999542236328,19.729999542236328,2019,0.0,0.0,0.0
2024-08-14 11:10:00-04:00,19.729999542236328,19.729999542236328,19.729999542236328,19.729999542236328,919,0.0,0.0,0.0
2024-08-14 11:20:00-04:00,19.729999542236328,19.729999542236328,19.729999542236328,19.729999542236328,100,0.0,0.0,0.0
2024-08-14 11:30:00-04:00,19.749900817871094,19.80270004272461,19.749900817871094,19.80270004272461,1554,0.0,0.0,0.0
2024-08-14 11:35:00-04:00,19.79010009765625,19.79010009765625,19.79010009765625,19.79010009765625,200,0.0,0.0,0.0
2024-08-14 11:40:00-04:00,19.799999237060547,19.799999237060547,19.799999237060547,19.799999237060547,150,0.0,0.0,0.0
2024-08-14 11:45:00-04:00,19.850000381469727,19.850000381469727,19.850000381469727,19.850000381469727,556,0.0,0.0,0.0
2024-08-14 11:50:00-04:00,19.83970069885254,19.85650062561035,19.83970069885254,19.85650062561035,3201,0.0,0.0,0.0
2024-08-14 11:55:00-04:00,19.83810043334961,19.83810043334961,19.829999923706055,19.829999923706055,2341,0.0,0.0,0.0
2024-08-14 12:05:00-04:00,19.825000762939453,19.825000762939453,19.825000762939453,19.825000762939453,517,0.0,0.0,0.0
2024-08-14 12:15:00-04:00,19.84000015258789,19.84000015258789,19.84000015258789,19.84000015258789,332,0.0,0.0,0.0
2024-08-14 12:25:00-04:00,19.899999618530273,19.899999618530273,19.88249969482422,19.88249969482422,457,0.0,0.0,0.0
2024-08-14 12:30:00-04:00,19.920000076293945,19.920000076293945,19.920000076293945,19.920000076293945,12001,0.0,0.0,0.0
2024-08-14 12:35:00-04:00,19.88990020751953,19.88990020751953,19.871999740600586,19.871999740600586,15950,0.0,0.0,0.0
2024-08-14 12:40:00-04:00,19.859699249267578,19.859699249267578,19.84000015258789,19.84000015258789,510,0.0,0.0,0.0
2024-08-14 12:45:00-04:00,19.84000015258789,19.850000381469727,19.84000015258789,19.850000381469727,15123,0.0,0.0,0.0
2024-08-14 12:55:00-04:00,19.825000762939453,19.825000762939453,19.825000762939453,19.825000762939453,140,0.0,0.0,0.0
2024-08-14 13:05:00-04:00,19.83880043029785,19.83880043029785,19.83880043029785,19.83880043029785,193,0.0,0.0,0.0
2024-08-14 13:15:00-04:00,19.84000015258789,19.84000015258789,19.84000015258789,19.84000015258789,165,0.0,0.0,0.0
2024-08-14 13:30:00-04:00,19.860000610351562,19.86009979248047,19.860000610351562,19.86009979248047,8029,0.0,0.0,0.0
2024-08-14 13:35:00-04:00,19.84000015258789,19.840099334716797,19.84000015258789,19.840099334716797,7144,0.0,0.0,0.0
2024-08-14 13:45:00-04:00,19.87700080871582,19.87700080871582,19.87700080871582,19.87700080871582,344,0.0,0.0,0.0
2024-08-14 14:15:00-04:00,19.873899459838867,19.873899459838867,19.873899459838867,19.873899459838867,125,0.0,0.0,0.0
2024-08-14 14:25:00-04:00,19.850000381469727,19.850000381469727,19.850000381469727,19.850000381469727,215,0.0,0.0,0.0
2024-08-14 14:35:00-04:00,19.815000534057617,19.815000534057617,19.81170082092285,19.81170082092285,341,0.0,0.0,0.0
2024-08-14 14:40:00-04:00,19.795000076293945,19.800100326538086,19.795000076293945,19.800100326538086,570,0.0,0.0,0.0
2024-08-14 14:45:00-04:00,19.780000686645508,19.78499984741211,19.780000686645508,19.78499984741211,1217,0.0,0.0,0.0
2024-08-14 15:05:00-04:00,19.770999908447266,19.775999069213867,19.770000457763672,19.770299911499023,1716,0.0,0.0,0.0
2024-08-14 15:10:00-04:00,19.770000457763672,19.780000686645508,19.770000457763672,19.770000457763672,1181,0.0,0.0,0.0
2024-08-14 15:15:00-04:00,19.795000076293945,19.795000076293945,19.790000915527344,19.790000915527344,895,0.0,0.0,0.0
2024-08-14 15:30:00-04:00,19.82659912109375,19.82659912109375,19.82659912109375,19.82659912109375,135,0.0,0.0,0.0
2024-08-14 15:40:00-04:00,19.79010009765625,19.79010009765625,19.79010009765625,19.79010009765625,492,0.0,0.0,0.0
2024-08-14 15:45:00-04:00,19.80500030517578,19.809799194335938,19.80500030517578,19.809799194335938,1033,0.0,0.0,0.0
2024-08-14 15:50:00-04:00,19.799999237060547,19.799999237060547,19.799999237060547,19.799999237060547,1064,0.0,0.0,0.0
2024-08-14 15:55:00-04:00,19.79509925842285,19.79509925842285,19.79490089416504,19.79490089416504,0,0.0,0.0,0.0
2024-08-15 09:30:00-04:00,19.75,19.790000915527344,19.75,19.75,38200,0.0,0.0,0.0
2024-08-15 09:35:00-04:00,19.740100860595703,19.778900146484375,19.740100860595703,19.760000228881836,825,0.0,0.0,0.0
2024-08-15 09:40:00-04:00,19.8169002532959,19.81999969482422,19.8169002532959,19.81999969482422,260,0.0,0.0,0.0
2024-08-15 09:45:00-04:00,19.83449935913086,19.895000457763672,19.83449935913086,19.895000457763672,1429,0.0,0.0,0.0
2024-08-15 09:50:00-04:00,19.97010040283203,19.97010040283203,19.97010040283203,19.97010040283203,1006,0.0,0.0,0.0
2024-08-15 09:55:00-04:00,19.87700080871582,19.87700080871582,19.87700080871582,19.87700080871582,400,0.0,0.0,0.0
2024-08-15 10:00:00-04:00,19.850000381469727,19.850000381469727,19.779800415039062,19.786399841308594,1985,0.0,0.0,0.0
2024-08-15 10:05:00-04:00,19.79640007019043,19.79640007019043,19.79640007019043,19.79640007019043,502,0.0,0.0,0.0
2024-08-15 10:10:00-04:00,19.820499420166016,19.820499420166016,19.799999237060547,19.799999237060547,5320,0.0,0.0,0.0
2024-08-15 10:15:00-04:00,19.829999923706055,19.829999923706055,19.829999923706055,19.829999923706055,217,0.0,0.0,0.0
2024-08-15 10:25:00-04:00,19.75,19.75,19.690000534057617,19.690000534057617,2240,0.0,0.0,0.0
2024-08-15 10:30:00-04:00,19.737300872802734,19.737300872802734,19.700000762939453,19.700000762939453,1241,0.0,0.0,0.0
2024-08-15 10:35:00-04:00,19.674999237060547,19.68000030517578,19.674999237060547,19.68000030517578,475,0.0,0.0,0.0
2024-08-15 10:45:00-04:00,19.64299964904785,19.659900665283203,19.6299991607666,19.659900665283203,510,0.0,0.0,0.0
2024-08-15 11:10:00-04:00,19.6200008392334,19.6299991607666,19.614999771118164,19.625699996948242,1297,0.0,0.0,0.0
2024-08-15 11:15:00-04:00,19.665000915527344,19.665000915527344,19.665000915527344,19.665000915527344,656,0.0,0.0,0.0
2024-08-15 11:25:00-04:00,19.649999618530273,19.649999618530273,19.649999618530273,19.649999618530273,353,0.0,0.0,0.0
2024-08-15 11:55:00-04:00,19.610000610351562,19.610000610351562,19.610000610351562,19.610000610351562,376,0.0,0.0,0.0
2024-08-15 12:00:00-04:00,19.59000015258789,19.599000930786133,19.59000015258789,19.599000930786133,600,0.0,0.0,0.0
2024-08-15 12:05:00-04:00,19.610000610351562,19.610000610351562,19.610000610351562,19.610000610351562,1066,0.0,0.0,0.0
2024-08-15 12:15:00-04:00,19.610000610351562,19.610000610351562,19.610000610351562,19.610000610351562,120,0.0,0.0,0.0
2024-08-15 12:20:00-04:00,19.617399215698242,19.617399215698242,19.617399215698242,19.617399215698242,467,0.0,0.0,0.0
2024-08-15 12:40:00-04:00,19.649999618530273,19.649999618530273,19.649999618530273,19.649999618530273,150,0.0,0.0,0.0
2024-08-15 12:55:00-04:00,19.65999984741211,19.65999984741211,19.65999984741211,19.65999984741211,435,0.0,0.0,0.0
2024-08-15 13:05:00-04:00,19.68000030517578,19.68000030517578,19.66699981689453,19.66699981689453,1292,0.0,0.0,0.0
2024-08-15 13:20:00-04:00,19.65999984741211,19.65999984741211,19.65999984741211,19.65999984741211,212,0.0,0.0,0.0
2024-08-15 13:45:00-04:00,19.670000076293945,19.670000076293945,19.670000076293945,19.670000076293945,102,0.0,0.0,0.0
2024-08-15 13:50:00-04:00,19.670000076293945,19.670000076293945,19.670000076293945,19.670000076293945,1260,0.0,0.0,0.0
2024-08-15 13:55:00-04:00,19.66200065612793,19.663999557495117,19.66200065612793,19.663999557495117,1015,0.0,0.0,0.0
2024-08-15 14:00:00-04:00,19.659000396728516,19.659000396728516,19.659000396728516,19.659000396728516,1005,0.0,0.0,0.0
2024-08-15 14:20:00-04:00,19.635000228881836,19.635000228881836,19.635000228881836,19.635000228881836,319,0.0,0.0,0.0
2024-08-15 14:30:00-04:00,19.6299991607666,19.6299991607666,19.6299991607666,19.6299991607666,107,0.0,0.0,0.0
2024-08-15 14:40:00-04:00,19.62649917602539,19.62649917602539,19.62649917602539,19.62649917602539,794,0.0,0.0,0.0
2024-08-15 14:45:00-04:00,19.625,19.625,19.610000610351562,19.610000610351562,245,0.0,0.0,0.0
2024-08-15 14:50:00-04:00,19.6200008392334,19.6299991607666,19.6200008392334,19.629899978637695,495,0.0,0.0,0.0
2024-08-15 15:00:00-04:00,19.600000381469727,19.600000381469727,19.600000381469727,19.600000381469727,422,0.0,0.0,0.0
2024-08-15 15:10:00-04:00,19.559999465942383,19.559999465942383,19.559999465942383,19.559999465942383,1367,0.0,0.0,0.0
2024-08-15 15:25:00-04:00,19.579099655151367,19.579099655151367,19.579099655151367,19.579099655151367,307,0.0,0.0,0.0
2024-08-15 15:40:00-04:00,19.639999389648438,19.639999389648438,19.625,19.6299991607666,3153,0.0,0.0,0.0
2024-08-15 15:45:00-04:00,19.6200008392334,19.6299991607666,19.6200008392334,19.6299991607666,859,0.0,0.0,0.0
2024-08-15 15:50:00-04:00,19.65999984741211,19.65999984741211,19.649999618530273,19.659900665283203,1117,0.0,0.0,0.0
2024-08-15 15:55:00-04:00,19.670000076293945,19.68000030517578,19.649999618530273,19.65999984741211,17154,0.0,0.0,0.0
2024-08-16 09:30:00-04:00,19.1200008392334,19.135000228881836,19.110000610351562,19.135000228881836,95299,0.0,0.0,0.0
2024-08-16 09:35:00-04:00,19.110000610351562,19.110000610351562,19.059999465942383,19.059999465942383,3707,0.0,0.0,0.0
2024-08-16 09:40:00-04:00,19.07360076904297,19.07360076904297,19.01110076904297,19.026599884033203,8434,0.0,0.0,0.0
2024-08-16 09:45:00-04:00,19.020000457763672,19.020000457763672,18.990100860595703,19.0,9050,0.0,0.0,0.0
2024-08-16 09:50:00-04:00,18.959999084472656,19.0,18.950000762939453,18.9950008392334,7615,0.0,0.0,0.0
2024-08-16 09:55:00-04:00,19.003000259399414,19.039899826049805,19.003000259399414,19.039899826049805,1496,0.0,0.0,0.0
2024-08-16 10:00:00-04:00,19.049699783325195,19.170000076293945,19.049699783325195,19.170000076293945,4902,0.0,0.0,0.0
2024-08-16 10:05:00-04:00,19.18000030517578,19.18000030517578,19.149999618530273,19.17970085144043,3144,0.0,0.0,0.0
2024-08-16 10:10:00-04:00,19.11009979248047,19.136999130249023,19.06999969482422,19.06999969482422,1964,0.0,0.0,0.0
2024-08-16 10:15:00-04:00,19.122299194335938,19.149999618530273,19.122299194335938,19.149999618530273,860,0.0,0.0,0.0
2024-08-16 10:20:00-04:00,19.145000457763672,19.290000915527344,19.13990020751953,19.239999771118164,5946,0.0,0.0,0.0
2024-08-16 10:25:00-04:00,19.229900360107422,19.239999771118164,19.219999313354492,19.239999771118164,1055,0.0,0.0,0.0
2024-08-16 10:35:00-04:00,19.239999771118164,19.239999771118164,19.219900131225586,19.219900131225586,1234,0.0,0.0,0.0
2024-08-16 10:40:00-04:00,19.200000762939453,19.200000762939453,19.173999786376953,19.173999786376953,1313,0.0,0.0,0.0
2024-08-16 10:50:00-04:00,19.15999984741211,19.15999984741211,19.15999984741211,19.15999984741211,363,0.0,0.0,0.0
2024-08-16 11:05:00-04:00,19.118999481201172,19.118999481201172,19.11039924621582,19.114999771118164,1008,0.0,0.0,0.0
2024-08-16 11:10:00-04:00,19.110000610351562,19.114999771118164,19.104999542236328,19.104999542236328,658,0.0,0.0,0.0
2024-08-16 11:15:00-04:00,19.1200008392334,19.1200008392334,19.1200008392334,19.1200008392334,520,0.0,0.0,0.0
2024-08-16 11:25:00-04:00,19.1299991607666,19.139999389648438,19.1200008392334,19.139999389648438,1726,0.0,0.0,0.0
2024-08-16 11:30:00-04:00,19.170000076293945,19.170000076293945,19.16990089416504,19.16990089416504,484,0.0,0.0,0.0
2024-08-16 11:50:00-04:00,19.1299991607666,19.1299991607666,19.11039924621582,19.11039924621582,476,0.0,0.0,0.0
2024-08-16 11:55:00-04:00,19.104999542236328,19.104999542236328,19.075000762939453,19.075000762939453,1400,0.0,0.0,0.0
2024-08-16 12:00:00-04:00,19.05500030517578,19.065000534057617,19.049999237060547,19.049999237060547,533,0.0,0.0,0.0
2024-08-16 12:05:00-04:00,19.049999237060547,19.05500030517578,19.049999237060547,19.05500030517578,2091,0.0,0.0,0.0
2024-08-16 12:10:00-04:00,19.040000915527344,19.040000915527344,19.031200408935547,19.031200408935547,352,0.0,0.0,0.0
2024-08-16 12:25:00-04:00,19.030000686645508,19.030000686645508,19.000099182128906,19.014999389648438,15151,0.0,0.0,0.0
2024-08-16 12:30:00-04:00,19.039899826049805,19.039899826049805,19.0049991607666,19.009700775146484,587,0.0,0.0,0.0
2024-08-16 12:35:00-04:00,19.010000228881836,19.010000228881836,19.0,19.0,5100,0.0,0.0,0.0
2024-08-16 12:40:00-04:00,19.000099182128906,19.008800506591797,19.0,19.0,2280,0.0,0.0,0.0
2024-08-16 12:45:00-04:00,19.010000228881836,19.010000228881836,19.0,19.0,556,0.0,0.0,0.0
2024-08-16 12:50:00-04:00,19.0,19.009899139404297,19.0,19.0049991607666,1440,0.0,0.0,0.0
2024-08-16 12:55:00-04:00,19.0,19.0,19.0,19.0,727,0.0,0.0,0.0
2024-08-16 13:10:00-04:00,19.040000915527344,19.040000915527344,19.040000915527344,19.040000915527344,1675,0.0,0.0,0.0
2024-08-16 13:20:00-04:00,19.0,19.0,18.989999771118164,18.989999771118164,460,0.0,0.0,0.0
2024-08-16 13:25:00-04:00,18.98870086669922,18.98870086669922,18.959999084472656,18.969999313354492,9899,0.0,0.0,0.0
2024-08-16 13:30:00-04:00,18.959999084472656,18.959999084472656,18.95870018005371,18.95870018005371,959,0.0,0.0,0.0
2024-08-16 13:35:00-04:00,18.96500015258789,18.96500015258789,18.96500015258789,18.96500015258789,150,0.0,0.0,0.0
2024-08-16 13:40:00-04:00,18.959999084472656,19.009899139404297,18.959999084472656,19.009899139404297,962,0.0,0.0,0.0
2024-08-16 13:45:00-04:00,19.0,19.0,19.0,19.0,306,0.0,0.0,0.0
2024-08-16 13:55:00-04:00,18.96500015258789,18.96500015258789,18.96500015258789,18.96500015258789,735,0.0,0.0,0.0
2024-08-16 14:00:00-04:00,18.959999084472656,18.959999084472656,18.959999084472656,18.959999084472656,459,0.0,0.0,0.0
2024-08-16 14:05:00-04:00,18.954999923706055,18.954999923706055,18.954999923706055,18.954999923706055,253,0.0,0.0,0.0
2024-08-16 14:10:00-04:00,18.959999084472656,18.9689998626709,18.95989990234375,18.9689998626709,1649,0.0,0.0,0.0
2024-08-16 14:15:00-04:00,18.967899322509766,18.967899322509766,18.95989990234375,18.95989990234375,847,0.0,0.0,0.0
2024-08-16 14:20:00-04:00,18.969999313354492,18.969999313354492,18.951000213623047,18.951000213623047,520,0.0,0.0,0.0
2024-08-16 14:25:00-04:00,18.950300216674805,18.967599868774414,18.940000534057617,18.967599868774414,6026,0.0,0.0,0.0
2024-08-16 14:35:00-04:00,18.920000076293945,18.920000076293945,18.899999618530273,18.899999618530273,1975,0.0,0.0,0.0
2024-08-16 14:40:00-04:00,18.889999389648438,18.889999389648438,18.8799991607666,18.8799991607666,1832,0.0,0.0,0.0
2024-08-16 14:45:00-04:00,18.8700008392334,18.870100021362305,18.8700008392334,18.870100021362305,209,0.0,0.0,0.0
2024-08-16 14:55:00-04:00,18.920000076293945,18.920000076293945,18.896499633789062,18.899900436401367,2488,0.0,0.0,0.0
2024-08-16 15:00:00-04:00,18.90999984741211,18.90999984741211,18.905000686645508,18.905000686645508,361,0.0,0.0,0.0
2024-08-16 15:05:00-04:00,18.899999618530273,18.899999618530273,18.899999618530273,18.899999618530273,1214,0.0,0.0,0.0
2024-08-16 15:10:00-04:00,18.889999389648438,18.899999618530273,18.889999389648438,18.899999618530273,714,0.0,0.0,0.0
2024-08-16 15:15:00-04:00,18.899999618530273,18.899999618530273,18.890499114990234,18.890499114990234,0,0.0,0.0,0.0
2024-08-16 15:20:00-04:00,18.889999389648438,18.889999389648438,18.885000228881836,18.885000228881836,218463,0.0,0.0,0.0
2024-08-16 15:25:00-04:00,18.8799991607666,18.8799991607666,18.864999771118164,18.864999771118164,652,0.0,0.0,0.0
2024-08-16 15:30:00-04:00,18.8700008392334,18.8799991607666,18.8700008392334,18.8700008392334,813,0.0,0.0,0.0
2024-08-16 15:35:00-04:00,18.887500762939453,18.887500762939453,18.870100021362305,18.875,1007,0.0,0.0,0.0
2024-08-16 15:40:00-04:00,18.86989974975586,18.8700008392334,18.861099243164062,18.861099243164062,4398,0.0,0.0,0.0
2024-08-16 15:45:00-04:00,18.8700008392334,18.870100021362305,18.8700008392334,18.870100021362305,3000,0.0,0.0,0.0
2024-08-16 15:50:00-04:00,18.860000610351562,18.860000610351562,18.84000015258789,18.840099334716797,7118,0.0,0.0,0.0
2024-08-16 15:55:00-04:00,18.840200424194336,18.840999603271484,18.825000762939453,18.84000015258789,10518,0.0,0.0,0.0
2024-08-19 09:30:00-04:00,19.110000610351562,19.110000610351562,19.052600860595703,19.059999465942383,96937,0.0,0.0,0.0
2024-08-19 09:35:00-04:00,19.06999969482422,19.16710090637207,19.06999969482422,19.160200119018555,6068,0.0,0.0,0.0
2024-08-19 09:40:00-04:00,19.15999984741211,19.15999984741211,19.109899520874023,19.114999771118164,2395,0.0,0.0,0.0
2024-08-19 09:45:00-04:00,19.125,19.125,19.125,19.125,603,0.0,0.0,0.0
2024-08-19 09:50:00-04:00,19.080299377441406,19.080299377441406,19.059999465942383,19.059999465942383,2451,0.0,0.0,0.0
2024-08-19 09:55:00-04:00,19.045000076293945,19.045000076293945,19.040000915527344,19.040000915527344,1150,0.0,0.0,0.0
2024-08-19 10:00:00-04:00,19.030000686645508,19.030000686645508,19.0,19.0,626,0.0,0.0,0.0
2024-08-19 10:05:00-04:00,18.99250030517578,18.99250030517578,18.97010040283203,18.975000381469727,0,0.0,0.0,0.0
2024-08-19 10:10:00-04:00,19.0,19.013599395751953,18.979999542236328,19.013599395751953,113277,0.0,0.0,0.0
2024-08-19 10:15:00-04:00,19.020000457763672,19.020000457763672,19.020000457763672,19.020000457763672,6600,0.0,0.0,0.0
2024-08-19 10:20:00-04:00,19.03499984741211,19.03499984741211,19.03499984741211,19.03499984741211,1049,0.0,0.0,0.0
2024-08-19 10:30:00-04:00,18.969999313354492,18.969999313354492,18.93600082397461,18.93600082397461,1940,0.0,0.0,0.0
2024-08-19 10:35:00-04:00,18.930200576782227,18.930200576782227,18.900699615478516,18.900699615478516,1434,0.0,0.0,0.0
2024-08-19 10:40:00-04:00,18.889999389648438,18.90999984741211,18.889999389648438,18.90999984741211,550,0.0,0.0,0.0
2024-08-19 10:45:00-04:00,18.920000076293945,18.920000076293945,18.915000915527344,18.915000915527344,1691,0.0,0.0,0.0
2024-08-19 10:55:00-04:00,18.930099487304688,18.930099487304688,18.90999984741211,18.90999984741211,3464,0.0,0.0,0.0
2024-08-19 11:00:00-04:00,18.91710090637207,18.920000076293945,18.91710090637207,18.920000076293945,614,0.0,0.0,0.0
2024-08-19 11:10:00-04:00,18.889999389648438,18.890100479125977,18.889999389648438,18.889999389648438,1467,0.0,0.0,0.0
2024-08-19 11:25:00-04:00,18.8700008392334,18.8700008392334,18.8700008392334,18.8700008392334,100,0.0,0.0,0.0
2024-08-19 11:30:00-04:00,18.889999389648438,18.907400131225586,18.889999389648438,18.899999618530273,1043,0.0,0.0,0.0
2024-08-19 11:35:00-04:00,18.92889976501465,18.92889976501465,18.92099952697754,18.92099952697754,484,0.0,0.0,0.0
2024-08-19 11:50:00-04:00,18.899999618530273,18.899999618530273,18.899999618530273,18.899999618530273,297,0.0,0.0,0.0
2024-08-19 12:05:00-04:00,18.88960075378418,18.88960075378418,18.88960075378418,18.88960075378418,511,0.0,0.0,0.0
2024-08-19 12:20:00-04:00,18.91010093688965,18.91010093688965,18.91010093688965,18.91010093688965,863,0.0,0.0,0.0
2024-08-19 12:30:00-04:00,18.889999389648438,18.889999389648438,18.87299919128418,18.875,8544,0.0,0.0,0.0
2024-08-19 12:40:00-04:00,18.859899520874023,18.859899520874023,18.859899520874023,18.859899520874023,1311,0.0,0.0,0.0
2024-08-19 13:00:00-04:00,18.899999618530273,18.899999618530273,18.899999618530273,18.899999618530273,503,0.0,0.0,0.0
2024-08-19 13:10:00-04:00,18.899999618530273,18.899999618530273,18.899900436401367,18.899999618530273,1221,0.0,0.0,0.0
2024-08-19 13:25:00-04:00,18.917999267578125,18.917999267578125,18.917999267578125,18.917999267578125,100,0.0,0.0,0.0
2024-08-19 13:35:00-04:00,18.940000534057617,18.940000534057617,18.93000030517578,18.93000030517578,430,0.0,0.0,0.0
2024-08-19 13:40:00-04:00,18.899999618530273,18.899999618530273,18.899999618530273,18.899999618530273,410,0.0,0.0,0.0
2024-08-19 13:50:00-04:00,18.899999618530273,18.900100708007812,18.899999618530273,18.900100708007812,238,0.0,0.0,0.0
2024-08-19 13:55:00-04:00,18.899999618530273,18.899999618530273,18.899999618530273,18.899999618530273,167,0.0,0.0,0.0
2024-08-19 14:00:00-04:00,18.899999618530273,18.899999618530273,18.899999618530273,18.899999618530273,3369,0.0,0.0,0.0
2024-08-19 14:05:00-04:00,18.899999618530273,18.899999618530273,18.899999618530273,18.899999618530273,150,0.0,0.0,0.0
2024-08-19 14:10:00-04:00,18.881000518798828,18.89550018310547,18.881000518798828,18.89550018310547,713,0.0,0.0,0.0
2024-08-19 14:35:00-04:00,18.899999618530273,18.899999618530273,18.899999618530273,18.899999618530273,256,0.0,0.0,0.0
2024-08-19 14:45:00-04:00,18.889799118041992,18.889799118041992,18.889799118041992,18.889799118041992,40293,0.0,0.0,0.0
2024-08-19 15:00:00-04:00,18.8799991607666,18.8799991607666,18.8799991607666,18.8799991607666,203,0.0,0.0,0.0
2024-08-19 15:05:00-04:00,18.88960075378418,18.88990020751953,18.88960075378418,18.88990020751953,849,0.0,0.0,0.0
2024-08-19 15:40:00-04:00,18.899999618530273,18.899999618530273,18.899999618530273,18.899999618530273,100,0.0,0.0,0.0
2024-08-19 15:50:00-04:00,18.885000228881836,18.889999389648438,18.8799991607666,18.88010025024414,5578,0.0,0.0,0.0
2024-08-19 15:55:00-04:00,18.8700008392334,18.8700008392334,18.8700008392334,18.8700008392334,0,0.0,0.0,0.0
2024-08-20 09:30:00-04:00,18.520000457763672,18.530099868774414,18.489999771118164,18.520000457763672,101262,0.0,0.0,0.0
2024-08-20 09:35:00-04:00,18.639999389648438,18.639999389648438,18.61479949951172,18.61479949951172,2982,0.0,0.0,0.0
2024-08-20 09:40:00-04:00,18.59000015258789,18.594999313354492,18.59000015258789,18.594999313354492,359,0.0,0.0,0.0
2024-08-20 09:45:00-04:00,18.561899185180664,18.561899185180664,18.540000915527344,18.540000915527344,1172,0.0,0.0,0.0
2024-08-20 09:50:00-04:00,18.52989959716797,18.52989959716797,18.520000457763672,18.520000457763672,1454,0.0,0.0,0.0
2024-08-20 09:55:00-04:00,18.514999389648438,18.514999389648438,18.490999221801758,18.500099182128906,1502,0.0,0.0,0.0
2024-08-20 10:00:00-04:00,18.520000457763672,18.520000457763672,18.514999389648438,18.514999389648438,794,0.0,0.0,0.0
2024-08-20 10:05:00-04:00,18.530000686645508,18.540000915527344,18.530000686645508,18.538999557495117,41220,0.0,0.0,0.0
2024-08-20 10:10:00-04:00,18.530000686645508,18.549999237060547,18.530000686645508,18.530000686645508,20368,0.0,0.0,0.0
2024-08-20 10:15:00-04:00,18.559999465942383,18.56999969482422,18.559999465942383,18.56999969482422,18499,0.0,0.0,0.0
2024-08-20 10:25:00-04:00,18.630199432373047,18.630199432373047,18.630199432373047,18.630199432373047,455,0.0,0.0,0.0
2024-08-20 10:35:00-04:00,18.608699798583984,18.608699798583984,18.608699798583984,18.608699798583984,106,0.0,0.0,0.0
2024-08-20 10:40:00-04:00,18.581300735473633,18.581300735473633,18.58009910583496,18.58009910583496,206,0.0,0.0,0.0
2024-08-20 10:45:00-04:00,18.5802001953125,18.5802001953125,18.565000534057617,18.565000534057617,1362,0.0,0.0,0.0
2024-08-20 10:50:00-04:00,18.559999465942383,18.559999465942383,18.559999465942383,18.559999465942383,109,0.0,0.0,0.0
2024-08-20 11:00:00-04:00,18.6200008392334,18.761999130249023,18.6200008392334,18.739999771118164,840,0.0,0.0,0.0
2024-08-20 11:05:00-04:00,18.780000686645508,18.790000915527344,18.780000686645508,18.790000915527344,0,0.0,0.0,0.0
2024-08-20 11:10:00-04:00,18.780000686645508,18.798799514770508,18.770000457763672,18.78499984741211,258963,0.0,0.0,0.0
2024-08-20 11:15:00-04:00,18.80500030517578,18.8700008392334,18.80500030517578,18.8700008392334,1954,0.0,0.0,0.0
2024-08-20 11:20:00-04:00,18.809999465942383,18.84000015258789,18.809999465942383,18.82270050048828,810,0.0,0.0,0.0
2024-08-20 11:25:00-04:00,18.81999969482422,18.81999969482422,18.809999465942383,18.81999969482422,1060,0.0,0.0,0.0
2024-08-20 11:30:00-04:00,18.809999465942383,18.809999465942383,18.785200119018555,18.785200119018555,415,0.0,0.0,0.0
2024-08-20 11:35:00-04:00,18.760000228881836,18.760000228881836,18.760000228881836,18.760000228881836,202,0.0,0.0,0.0
2024-08-20 11:40:00-04:00,18.760000228881836,18.80500030517578,18.760000228881836,18.80500030517578,311,0.0,0.0,0.0
2024-08-20 11:45:00-04:00,18.809999465942383,18.809999465942383,18.799999237060547,18.799999237060547,80000,0.0,0.0,0.0
2024-08-20 11:50:00-04:00,18.809999465942383,18.809999465942383,18.800100326538086,18.800100326538086,225,0.0,0.0,0.0
2024-08-20 11:55:00-04:00,18.81999969482422,18.81999969482422,18.81999969482422,18.81999969482422,225,0.0,0.0,0.0
2024-08-20 12:00:00-04:00,18.860000610351562,18.918100357055664,18.859800338745117,18.918100357055664,1935,0.0,0.0,0.0
2024-08-20 12:05:00-04:00,18.8966007232666,18.8966007232666,18.8799991607666,18.8799991607666,10265,0.0,0.0,0.0
2024-08-20 12:20:00-04:00,18.850000381469727,18.850000381469727,18.850000381469727,18.850000381469727,100,0.0,0.0,0.0
2024-08-20 12:30:00-04:00,18.8799991607666,18.8799991607666,18.8799991607666,18.8799991607666,209,0.0,0.0,0.0
2024-08-20 12:35:00-04:00,18.8799991607666,18.8799991607666,18.8799991607666,18.8799991607666,283,0.0,0.0,0.0
2024-08-20 13:00:00-04:00,18.81999969482422,18.822999954223633,18.81999969482422,18.822999954223633,2092,0.0,0.0,0.0
2024-08-20 13:15:00-04:00,18.809999465942383,18.809999465942383,18.809999465942383,18.809999465942383,156,0.0,0.0,0.0
2024-08-20 13:25:00-04:00,18.780000686645508,18.780000686645508,18.770000457763672,18.770000457763672,296,0.0,0.0,0.0
2024-08-20 13:30:00-04:00,18.789899826049805,18.80500030517578,18.789899826049805,18.80500030517578,302,0.0,0.0,0.0
2024-08-20 13:40:00-04:00,18.780000686645508,18.780000686645508,18.780000686645508,18.780000686645508,103,0.0,0.0,0.0
2024-08-20 14:10:00-04:00,18.799999237060547,18.799999237060547,18.799999237060547,18.799999237060547,1334,0.0,0.0,0.0
2024-08-20 14:25:00-04:00,18.759899139404297,18.759899139404297,18.759899139404297,18.759899139404297,180,0.0,0.0,0.0
2024-08-20 14:35:00-04:00,18.729999542236328,18.729999542236328,18.729999542236328,18.729999542236328,500,0.0,0.0,0.0
2024-08-20 14:45:00-04:00,18.75,18.75,18.739999771118164,18.739999771118164,1410,0.0,0.0,0.0
2024-08-20 15:05:00-04:00,18.77400016784668,18.77400016784668,18.77400016784668,18.77400016784668,200,0.0,0.0,0.0
2024-08-20 15:10:00-04:00,18.774999618530273,18.774999618530273,18.774999618530273,18.774999618530273,2506,0.0,0.0,0.0
2024-08-20 15:20:00-04:00,18.7893009185791,18.7893009185791,18.7893009185791,18.7893009185791,235,0.0,0.0,0.0
2024-08-20 15:30:00-04:00,18.750999450683594,18.750999450683594,18.750999450683594,18.750999450683594,210,0.0,0.0,0.0
2024-08-20 15:35:00-04:00,18.760000228881836,18.760099411010742,18.760000228881836,18.760099411010742,400,0.0,0.0,0.0
2024-08-20 15:40:00-04:00,18.760299682617188,18.760299682617188,18.760299682617188,18.760299682617188,100,0.0,0.0,0.0
2024-08-20 15:45:00-04:00,18.75,18.750999450683594,18.75,18.750999450683594,526,0.0,0.0,0.0
2024-08-20 15:50:00-04:00,18.75,18.753000259399414,18.75,18.753000259399414,1448,0.0,0.0,0.0
2024-08-20 15:55:00-04:00,18.739999771118164,18.74209976196289,18.729999542236328,18.735000610351562,0,0.0,0.0,0.0
2024-08-21 09:30:00-04:00,18.860000610351562,18.93000030517578,18.860000610351562,18.91010093688965,20491,0.0,0.0,0.0
2024-08-21 09:35:00-04:00,18.886499404907227,18.886499404907227,18.850000381469727,18.885000228881836,613,0.0,0.0,0.0
2024-08-21 09:40:00-04:00,18.920000076293945,18.979999542236328,18.917999267578125,18.979999542236328,3802,0.0,0.0,0.0
2024-08-21 09:45:00-04:00,18.969999313354492,18.969999313354492,18.93000030517578,18.93000030517578,1877,0.0,0.0,0.0
2024-08-21 09:50:00-04:00,18.950000762939453,18.96500015258789,18.950000762939453,18.950000762939453,1531,0.0,0.0,0.0
2024-08-21 09:55:00-04:00,18.940000534057617,18.940000534057617,18.92259979248047,18.93000030517578,1543,0.0,0.0,0.0
2024-08-21 10:00:00-04:00,19.020000457763672,19.09000015258789,18.99169921875,18.99169921875,9758,0.0,0.0,0.0
2024-08-21 10:05:00-04:00,18.949800491333008,19.009899139404297,18.93869972229004,19.009899139404297,483,0.0,0.0,0.0
2024-08-21 10:10:00-04:00,18.980100631713867,18.980100631713867,18.959999084472656,18.959999084472656,5259,0.0,0.0,0.0
2024-08-21 10:15:00-04:00,18.906200408935547,18.906200408935547,18.906200408935547,18.906200408935547,2403,0.0,0.0,0.0
2024-08-21 10:25:00-04:00,18.924999237060547,18.979299545288086,18.924999237060547,18.979299545288086,1719,0.0,0.0,0.0
2024-08-21 10:40:00-04:00,19.017900466918945,19.029699325561523,18.976999282836914,18.976999282836914,841,0.0,0.0,0.0
2024-08-21 10:45:00-04:00,18.956600189208984,18.956600189208984,18.956600189208984,18.956600189208984,100,0.0,0.0,0.0
2024-08-21 10:55:00-04:00,18.909299850463867,18.93000030517578,18.905000686645508,18.93000030517578,2200,0.0,0.0,0.0
2024-08-21 11:00:00-04:00,18.938800811767578,18.938800811767578,18.938800811767578,18.938800811767578,118,0.0,0.0,0.0
2024-08-21 11:20:00-04:00,18.861000061035156,18.861000061035156,18.860000610351562,18.860000610351562,207,0.0,0.0,0.0
2024-08-21 11:25:00-04:00,18.847999572753906,18.850099563598633,18.847999572753906,18.850099563598633,3774,0.0,0.0,0.0
2024-08-21 11:30:00-04:00,18.84000015258789,18.840099334716797,18.84000015258789,18.840099334716797,202,0.0,0.0,0.0
2024-08-21 11:45:00-04:00,18.84000015258789,18.844999313354492,18.790000915527344,18.790000915527344,2608,0.0,0.0,0.0
2024-08-21 11:50:00-04:00,18.809999465942383,18.82659912109375,18.809999465942383,18.82659912109375,306,0.0,0.0,0.0
2024-08-21 11:55:00-04:00,18.839799880981445,18.839799880981445,18.839799880981445,18.839799880981445,112,0.0,0.0,0.0
2024-08-21 12:00:00-04:00,18.860000610351562,18.860000610351562,18.860000610351562,18.860000610351562,170,0.0,0.0,0.0
2024-08-21 12:30:00-04:00,18.864999771118164,18.868900299072266,18.864999771118164,18.868900299072266,1495,0.0,0.0,0.0
2024-08-21 12:45:00-04:00,18.859899520874023,18.859899520874023,18.859899520874023,18.859899520874023,160,0.0,0.0,0.0
2024-08-21 13:05:00-04:00,18.849899291992188,18.849899291992188,18.849899291992188,18.849899291992188,316,0.0,0.0,0.0
2024-08-21 13:10:00-04:00,18.83989906311035,18.83989906311035,18.83989906311035,18.83989906311035,215,0.0,0.0,0.0
2024-08-21 13:20:00-04:00,18.81999969482422,18.820100784301758,18.811100006103516,18.811100006103516,2005,0.0,0.0,0.0
2024-08-21 13:30:00-04:00,18.81999969482422,18.81999969482422,18.81999969482422,18.81999969482422,119,0.0,0.0,0.0
2024-08-21 13:35:00-04:00,18.82990074157715,18.82990074157715,18.819799423217773,18.819799423217773,250,0.0,0.0,0.0
2024-08-21 13:50:00-04:00,18.809999465942383,18.836599349975586,18.809999465942383,18.836599349975586,210,0.0,0.0,0.0
2024-08-21 14:00:00-04:00,18.790000915527344,18.790000915527344,18.790000915527344,18.790000915527344,200,0.0,0.0,0.0
2024-08-21 14:05:00-04:00,18.760299682617188,18.760299682617188,18.760299682617188,18.760299682617188,316,0.0,0.0,0.0
2024-08-21 14:10:00-04:00,18.739999771118164,18.739999771118164,18.729999542236328,18.729999542236328,226,0.0,0.0,0.0
2024-08-21 14:15:00-04:00,18.690099716186523,18.690099716186523,18.690099716186523,18.690099716186523,100,0.0,0.0,0.0
2024-08-21 14:30:00-04:00,18.68869972229004,18.700000762939453,18.680999755859375,18.700000762939453,6218,0.0,0.0,0.0
2024-08-21 14:35:00-04:00,18.71500015258789,18.71500015258789,18.71500015258789,18.71500015258789,1193,0.0,0.0,0.0
2024-08-21 14:45:00-04:00,18.72100067138672,18.72100067138672,18.72100067138672,18.72100067138672,547,0.0,0.0,0.0
2024-08-21 15:05:00-04:00,18.774999618530273,18.774999618530273,18.774999618530273,18.774999618530273,405,0.0,0.0,0.0
2024-08-21 15:40:00-04:00,18.75659942626953,18.75659942626953,18.739999771118164,18.739999771118164,1000,0.0,0.0,0.0
2024-08-21 15:45:00-04:00,18.739700317382812,18.742700576782227,18.729999542236328,18.739999771118164,1142,0.0,0.0,0.0
2024-08-21 15:50:00-04:00,18.746000289916992,18.764999389648438,18.746000289916992,18.764999389648438,2334,0.0,0.0,0.0
2024-08-21 15:55:00-04:00,18.780000686645508,18.790000915527344,18.780000686645508,18.790000915527344,518,0.0,0.0,0.0
2024-08-22 09:30:00-04:00,19.1299991607666,19.229999542236328,19.1200008392334,19.204999923706055,5753,0.0,0.0,0.0
2024-08-22 09:35:00-04:00,19.18269920349121,19.18269920349121,19.152000427246094,19.152000427246094,4465,0.0,0.0,0.0
2024-08-22 09:40:00-04:00,19.190000534057617,19.190099716186523,19.190000534057617,19.190099716186523,1786,0.0,0.0,0.0
2024-08-22 09:45:00-04:00,19.209999084472656,19.235000610351562,19.198999404907227,19.200000762939453,6023,0.0,0.0,0.0
2024-08-22 09:55:00-04:00,19.190000534057617,19.190000534057617,19.170000076293945,19.18000030517578,1055,0.0,0.0,0.0
2024-08-22 10:00:00-04:00,19.184999465942383,19.25,19.18000030517578,19.25,6802,0.0,0.0,0.0
2024-08-22 10:10:00-04:00,19.309900283813477,19.36400032043457,19.309900283813477,19.36400032043457,23963,0.0,0.0,0.0
2024-08-22 10:15:00-04:00,19.337099075317383,19.3799991607666,19.337099075317383,19.366600036621094,3884,0.0,0.0,0.0
2024-08-22 10:20:00-04:00,19.3799991607666,19.43000030517578,19.3700008392334,19.420000076293945,2266,0.0,0.0,0.0
2024-08-22 10:25:00-04:00,19.315000534057617,19.329999923706055,19.312000274658203,19.329999923706055,2231,0.0,0.0,0.0
2024-08-22 10:30:00-04:00,19.329999923706055,19.329999923706055,19.329999923706055,19.329999923706055,155,0.0,0.0,0.0
2024-08-22 10:35:00-04:00,19.381000518798828,19.40999984741211,19.381000518798828,19.40999984741211,229,0.0,0.0,0.0
2024-08-22 10:40:00-04:00,19.329999923706055,19.350000381469727,19.325300216674805,19.34000015258789,1057,0.0,0.0,0.0
2024-08-22 10:45:00-04:00,19.31999969482422,19.31999969482422,19.309999465942383,19.309999465942383,462,0.0,0.0,0.0
2024-08-22 10:50:00-04:00,19.319799423217773,19.319799423217773,19.29990005493164,19.29990005493164,1273,0.0,0.0,0.0
2024-08-22 10:55:00-04:00,19.280000686645508,19.280099868774414,19.274999618530273,19.274999618530273,600,0.0,0.0,0.0
2024-08-22 11:00:00-04:00,19.290000915527344,19.290000915527344,19.290000915527344,19.290000915527344,199,0.0,0.0,0.0
2024-08-22 11:05:00-04:00,19.290000915527344,19.290000915527344,19.290000915527344,19.290000915527344,105,0.0,0.0,0.0
2024-08-22 11:10:00-04:00,19.299999237060547,19.299999237060547,19.299999237060547,19.299999237060547,370,0.0,0.0,0.0
2024-08-22 11:15:00-04:00,19.329999923706055,19.329999923706055,19.309900283813477,19.309900283813477,325,0.0,0.0,0.0
2024-08-22 11:25:00-04:00,19.299999237060547,19.299999237060547,19.299999237060547,19.299999237060547,657,0.0,0.0,0.0
2024-08-22 11:30:00-04:00,19.350000381469727,19.350000381469727,19.350000381469727,19.350000381469727,523,0.0,0.0,0.0
2024-08-22 11:35:00-04:00,19.329999923706055,19.329999923706055,19.329999923706055,19.329999923706055,105,0.0,0.0,0.0
2024-08-22 11:40:00-04:00,19.31999969482422,19.31999969482422,19.280000686645508,19.280000686645508,2872,0.0,0.0,0.0
2024-08-22 11:45:00-04:00,19.25,19.25,19.239999771118164,19.25,3344,0.0,0.0,0.0
2024-08-22 11:50:00-04:00,19.274999618530273,19.274999618530273,19.274999618530273,19.274999618530273,561,0.0,0.0,0.0
2024-08-22 12:00:00-04:00,19.260000228881836,19.264999389648438,19.260000228881836,19.260000228881836,869,0.0,0.0,0.0
2024-08-22 12:10:00-04:00,19.239999771118164,19.239999771118164,19.239999771118164,19.239999771118164,332,0.0,0.0,0.0
2024-08-22 12:25:00-04:00,19.225000381469727,19.225000381469727,19.225000381469727,19.225000381469727,249,0.0,0.0,0.0
2024-08-22 12:45:00-04:00,19.219999313354492,19.219999313354492,19.219999313354492,19.219999313354492,198,0.0,0.0,0.0
2024-08-22 12:50:00-04:00,19.219999313354492,19.219999313354492,19.219999313354492,19.219999313354492,2952,0.0,0.0,0.0
2024-08-22 13:10:00-04:00,19.2549991607666,19.2549991607666,19.2549991607666,19.2549991607666,342,0.0,0.0,0.0
2024-08-22 13:20:00-04:00,19.280000686645508,19.280000686645508,19.280000686645508,19.280000686645508,352,0.0,0.0,0.0
2024-08-22 13:50:00-04:00,19.25,19.26889991760254,19.25,19.26889991760254,529,0.0,0.0,0.0
2024-08-22 14:00:00-04:00,19.259899139404297,19.259899139404297,19.24250030517578,19.25,1060,0.0,0.0,0.0
2024-08-22 14:15:00-04:00,19.239999771118164,19.239999771118164,19.239999771118164,19.239999771118164,373,0.0,0.0,0.0
2024-08-22 14:20:00-04:00,19.22010040283203,19.22010040283203,19.22010040283203,19.22010040283203,150,0.0,0.0,0.0
2024-08-22 14:25:00-04:00,19.219999313354492,19.22010040283203,19.219999313354492,19.22010040283203,3600,0.0,0.0,0.0
2024-08-22 14:30:00-04:00,19.229999542236328,19.229999542236328,19.229999542236328,19.229999542236328,533,0.0,0.0,0.0
2024-08-22 14:45:00-04:00,19.264999389648438,19.266199111938477,19.239999771118164,19.239999771118164,1889,0.0,0.0,0.0
2024-08-22 15:05:00-04:00,19.260000228881836,19.270000457763672,19.260000228881836,19.270000457763672,3395,0.0,0.0,0.0
2024-08-22 15:15:00-04:00,19.26889991760254,19.26889991760254,19.26889991760254,19.26889991760254,165,0.0,0.0,0.0
2024-08-22 15:20:00-04:00,19.270000457763672,19.30500030517578,19.270000457763672,19.30500030517578,3689,0.0,0.0,0.0
2024-08-22 15:30:00-04:00,19.309999465942383,19.309999465942383,19.309999465942383,19.309999465942383,1694,0.0,0.0,0.0
2024-08-22 15:40:00-04:00,19.259599685668945,19.259599685668945,19.259599685668945,19.259599685668945,208,0.0,0.0,0.0
2024-08-22 15:45:00-04:00,19.249900817871094,19.249900817871094,19.249900817871094,19.249900817871094,557,0.0,0.0,0.0
2024-08-22 15:50:00-04:00,19.25,19.25,19.25,19.25,261,0.0,0.0,0.0
2024-08-22 15:55:00-04:00,19.25,19.25,19.239999771118164,19.239999771118164,0,0.0,0.0,0.0
2024-08-23 09:30:00-04:00,18.940000534057617,19.02989959716797,18.90999984741211,19.010000228881836,31120,0.0,0.0,0.0
2024-08-23 09:35:00-04:00,19.030000686645508,19.040000915527344,19.00749969482422,19.040000915527344,2602,0.0,0.0,0.0
2024-08-23 09:40:00-04:00,19.040000915527344,19.045000076293945,19.030000686645508,19.045000076293945,2903,0.0,0.0,0.0
2024-08-23 09:50:00-04:00,19.030000686645508,19.030000686645508,19.020000457763672,19.028900146484375,1673,0.0,0.0,0.0
2024-08-23 09:55:00-04:00,18.99090003967285,19.026500701904297,18.99090003967285,19.0,2943,0.0,0.0,0.0
2024-08-23 10:00:00-04:00,18.989999771118164,18.989999771118164,18.83049964904785,18.844999313354492,12389,0.0,0.0,0.0
2024-08-23 10:05:00-04:00,18.79800033569336,18.809999465942383,18.75,18.78499984741211,3701,0.0,0.0,0.0
2024-08-23 10:10:00-04:00,18.7549991607666,18.7549991607666,18.719999313354492,18.725000381469727,3528,0.0,0.0,0.0
2024-08-23 10:15:00-04:00,18.81999969482422,18.850000381469727,18.81999969482422,18.850000381469727,5999,0.0,0.0,0.0
2024-08-23 10:20:00-04:00,18.850000381469727,18.850000381469727,18.850000381469727,18.850000381469727,266,0.0,0.0,0.0
2024-08-23 10:30:00-04:00,18.7450008392334,18.74799919128418,18.719999313354492,18.729999542236328,1796,0.0,0.0,0.0
2024-08-23 10:35:00-04:00,18.760000228881836,18.790000915527344,18.760000228881836,18.770000457763672,2548,0.0,0.0,0.0
2024-08-23 10:40:00-04:00,18.791099548339844,18.84000015258789,18.791099548339844,18.84000015258789,1528,0.0,0.0,0.0
2024-08-23 10:45:00-04:00,18.850000381469727,18.899999618530273,18.850000381469727,18.8799991607666,591,0.0,0.0,0.0
2024-08-23 10:50:00-04:00,18.889999389648438,18.889999389648438,18.8700008392334,18.8700008392334,2377,0.0,0.0,0.0
2024-08-23 10:55:00-04:00,18.860000610351562,18.8799991607666,18.84000015258789,18.84000015258789,450,0.0,0.0,0.0
2024-08-23 11:00:00-04:00,18.844999313354492,18.850000381469727,18.809999465942383,18.809999465942383,631,0.0,0.0,0.0
2024-08-23 11:05:00-04:00,18.780000686645508,18.780000686645508,18.780000686645508,18.780000686645508,542,0.0,0.0,0.0
2024-08-23 11:10:00-04:00,18.760000228881836,18.760000228881836,18.747400283813477,18.747400283813477,965,0.0,0.0,0.0
2024-08-23 11:15:00-04:00,18.735000610351562,18.760099411010742,18.735000610351562,18.760099411010742,851,0.0,0.0,0.0
2024-08-23 11:20:00-04:00,18.7549991607666,18.7549991607666,18.719999313354492,18.719999313354492,851,0.0,0.0,0.0
2024-08-23 11:25:00-04:00,18.725000381469727,18.725000381469727,18.709999084472656,18.709999084472656,3077,0.0,0.0,0.0
2024-08-23 11:30:00-04:00,18.725000381469727,18.739999771118164,18.725000381469727,18.739999771118164,2358,0.0,0.0,0.0
2024-08-23 11:35:00-04:00,18.725000381469727,18.729999542236328,18.719999313354492,18.729999542236328,1706,0.0,0.0,0.0
2024-08-23 11:40:00-04:00,18.75,18.75,18.729900360107422,18.739999771118164,1737,0.0,0.0,0.0
2024-08-23 11:45:00-04:00,18.798900604248047,18.798900604248047,18.798900604248047,18.798900604248047,302,0.0,0.0,0.0
2024-08-23 11:50:00-04:00,18.809999465942383,18.825000762939453,18.809999465942383,18.825000762939453,1439,0.0,0.0,0.0
2024-08-23 11:55:00-04:00,18.825000762939453,18.825000762939453,18.820100784301758,18.820100784301758,688,0.0,0.0,0.0
2024-08-23 12:00:00-04:00,18.860000610351562,18.860000610351562,18.85700035095215,18.860000610351562,4204,0.0,0.0,0.0
2024-08-23 12:05:00-04:00,18.875,18.875,18.875,18.875,177,0.0,0.0,0.0
2024-08-23 12:10:00-04:00,18.860000610351562,18.860000610351562,18.85420036315918,18.85420036315918,1600,0.0,0.0,0.0
2024-08-23 12:15:00-04:00,18.899900436401367,18.899900436401367,18.8799991607666,18.8799991607666,1163,0.0,0.0,0.0
2024-08-23 12:20:00-04:00,18.875,18.875,18.875,18.875,382,0.0,0.0,0.0
2024-08-23 12:35:00-04:00,18.83009910583496,18.83009910583496,18.83009910583496,18.83009910583496,2903,0.0,0.0,0.0
2024-08-23 12:40:00-04:00,18.905000686645508,18.938899993896484,18.905000686645508,18.938899993896484,719,0.0,0.0,0.0
2024-08-23 12:45:00-04:00,18.889999389648438,18.889999389648438,18.889999389648438,18.889999389648438,1504,0.0,0.0,0.0
2024-08-23 12:50:00-04:00,18.860000610351562,18.860000610351562,18.860000610351562,18.860000610351562,240,0.0,0.0,0.0
2024-08-23 13:05:00-04:00,18.81999969482422,18.81999969482422,18.81999969482422,18.81999969482422,3082,0.0,0.0,0.0
2024-08-23 13:25:00-04:00,18.825000762939453,18.829999923706055,18.820100784301758,18.820100784301758,1527,0.0,0.0,0.0
2024-08-23 13:30:00-04:00,18.799999237060547,18.799999237060547,18.795000076293945,18.795000076293945,4666,0.0,0.0,0.0
2024-08-23 13:35:00-04:00,18.809999465942383,18.809999465942383,18.809999465942383,18.809999465942383,1002,0.0,0.0,0.0
2024-08-23 13:50:00-04:00,18.810100555419922,18.81999969482422,18.810100555419922,18.815000534057617,4365,0.0,0.0,0.0
2024-08-23 13:55:00-04:00,18.81999969482422,18.81999969482422,18.81999969482422,18.81999969482422,595,0.0,0.0,0.0
2024-08-23 14:10:00-04:00,18.84000015258789,18.84000015258789,18.84000015258789,18.84000015258789,110,0.0,0.0,0.0
2024-08-23 14:20:00-04:00,18.829999923706055,18.829999923706055,18.829999923706055,18.829999923706055,200,0.0,0.0,0.0
2024-08-23 14:25:00-04:00,18.809999465942383,18.810100555419922,18.809999465942383,18.810100555419922,482,0.0,0.0,0.0
2024-08-23 15:00:00-04:00,18.850000381469727,18.867000579833984,18.850000381469727,18.867000579833984,1316,0.0,0.0,0.0
2024-08-23 15:10:00-04:00,18.815000534057617,18.815000534057617,18.809999465942383,18.809999465942383,345,0.0,0.0,0.0
2024-08-23 15:15:00-04:00,18.80500030517578,18.80500030517578,18.80500030517578,18.80500030517578,1583,0.0,0.0,0.0
2024-08-23 15:20:00-04:00,18.81999969482422,18.81999969482422,18.81999969482422,18.81999969482422,349,0.0,0.0,0.0
2024-08-23 15:35:00-04:00,18.815000534057617,18.815000534057617,18.815000534057617,18.815000534057617,2396,0.0,0.0,0.0
2024-08-23 15:45:00-04:00,18.829999923706055,18.83009910583496,18.81999969482422,18.81999969482422,2036,0.0,0.0,0.0
2024-08-23 15:50:00-04:00,18.826499938964844,18.826499938964844,18.81100082397461,18.81100082397461,460,0.0,0.0,0.0
2024-08-23 15:55:00-04:00,18.825000762939453,18.825000762939453,18.809999465942383,18.82080078125,6002,0.0,0.0,0.0
2024-08-26 09:30:00-04:00,18.600000381469727,18.628700256347656,18.600000381469727,18.621999740600586,24046,0.0,0.0,0.0
2024-08-26 09:35:00-04:00,18.6200008392334,18.6200008392334,18.6200008392334,18.6200008392334,989,0.0,0.0,0.0
2024-08-26 09:40:00-04:00,18.629899978637695,18.629899978637695,18.629899978637695,18.629899978637695,266,0.0,0.0,0.0
2024-08-26 09:45:00-04:00,18.709999084472656,18.709999084472656,18.709999084472656,18.709999084472656,253,0.0,0.0,0.0
2024-08-26 10:00:00-04:00,18.78499984741211,18.818099975585938,18.78499984741211,18.79990005493164,4105,0.0,0.0,0.0
2024-08-26 10:05:00-04:00,18.769899368286133,18.770000457763672,18.769899368286133,18.770000457763672,2706,0.0,0.0,0.0
2024-08-26 10:15:00-04:00,18.739999771118164,18.7450008392334,18.739999771118164,18.739999771118164,1233,0.0,0.0,0.0
2024-08-26 10:25:00-04:00,18.74650001525879,18.74650001525879,18.74650001525879,18.74650001525879,205,0.0,0.0,0.0
2024-08-26 10:30:00-04:00,18.729999542236328,18.739999771118164,18.729999542236328,18.739999771118164,1045,0.0,0.0,0.0
2024-08-26 10:35:00-04:00,18.75,18.75,18.739999771118164,18.739999771118164,676,0.0,0.0,0.0
2024-08-26 10:40:00-04:00,18.75,18.75,18.75,18.75,411,0.0,0.0,0.0
2024-08-26 10:45:00-04:00,18.719999313354492,18.719999313354492,18.719999313354492,18.719999313354492,202,0.0,0.0,0.0
2024-08-26 10:50:00-04:00,18.709999084472656,18.735000610351562,18.709999084472656,18.729999542236328,938,0.0,0.0,0.0
2024-08-26 10:55:00-04:00,18.729999542236328,18.729999542236328,18.729999542236328,18.729999542236328,383,0.0,0.0,0.0
2024-08-26 11:05:00-04:00,18.799999237060547,18.799999237060547,18.799999237060547,18.799999237060547,452,0.0,0.0,0.0
2024-08-26 11:15:00-04:00,18.790000915527344,18.809999465942383,18.790000915527344,18.809999465942383,975,0.0,0.0,0.0
2024-08-26 11:20:00-04:00,18.808900833129883,18.808900833129883,18.808900833129883,18.808900833129883,136,0.0,0.0,0.0
2024-08-26 11:25:00-04:00,18.809999465942383,18.810300827026367,18.799999237060547,18.810300827026367,521,0.0,0.0,0.0
2024-08-26 11:45:00-04:00,18.7549991607666,18.7549991607666,18.7549991607666,18.7549991607666,400,0.0,0.0,0.0
2024-08-26 11:55:00-04:00,18.739999771118164,18.75,18.739999771118164,18.75,300,0.0,0.0,0.0
2024-08-26 12:00:00-04:00,18.75,18.75,18.75,18.75,429,0.0,0.0,0.0
2024-08-26 12:05:00-04:00,18.760000228881836,18.760000228881836,18.760000228881836,18.760000228881836,285,0.0,0.0,0.0
2024-08-26 12:10:00-04:00,18.780000686645508,18.780000686645508,18.780000686645508,18.780000686645508,100,0.0,0.0,0.0
2024-08-26 12:20:00-04:00,18.77989959716797,18.77989959716797,18.77989959716797,18.77989959716797,100,0.0,0.0,0.0
2024-08-26 12:25:00-04:00,18.769899368286133,18.769899368286133,18.769899368286133,18.769899368286133,111,0.0,0.0,0.0
2024-08-26 12:40:00-04:00,18.739999771118164,18.739999771118164,18.739999771118164,18.739999771118164,577,0.0,0.0,0.0
2024-08-26 12:50:00-04:00,18.704999923706055,18.704999923706055,18.700300216674805,18.700300216674805,776,0.0,0.0,0.0
2024-08-26 12:55:00-04:00,18.690000534057617,18.690000534057617,18.690000534057617,18.690000534057617,484,0.0,0.0,0.0
2024-08-26 13:00:00-04:00,18.68000030517578,18.68000030517578,18.639999389648438,18.639999389648438,3413,0.0,0.0,0.0
2024-08-26 13:10:00-04:00,18.649999618530273,18.66160011291504,18.649999618530273,18.66160011291504,966,0.0,0.0,0.0
2024-08-26 13:15:00-04:00,18.670000076293945,18.670000076293945,18.670000076293945,18.670000076293945,200,0.0,0.0,0.0
2024-08-26 13:20:00-04:00,18.68000030517578,18.68000030517578,18.68000030517578,18.68000030517578,100,0.0,0.0,0.0
2024-08-26 13:25:00-04:00,18.68000030517578,18.700000762939453,18.68000030517578,18.700000762939453,411,0.0,0.0,0.0
2024-08-26 13:30:00-04:00,18.7052001953125,18.7052001953125,18.7052001953125,18.7052001953125,169,0.0,0.0,0.0
2024-08-26 13:35:00-04:00,18.709999084472656,18.719999313354492,18.709999084472656,18.710100173950195,321,0.0,0.0,0.0
2024-08-26 13:40:00-04:00,18.708900451660156,18.709999084472656,18.708900451660156,18.709999084472656,416,0.0,0.0,0.0
2024-08-26 14:00:00-04:00,18.700000762939453,18.700000762939453,18.700000762939453,18.700000762939453,131,0.0,0.0,0.0
2024-08-26 14:05:00-04:00,18.709999084472656,18.709999084472656,18.709999084472656,18.709999084472656,455,0.0,0.0,0.0
2024-08-26 14:25:00-04:00,18.739999771118164,18.739999771118164,18.739999771118164,18.739999771118164,200,0.0,0.0,0.0
2024-08-26 14:30:00-04:00,18.75,18.75,18.75,18.75,200,0.0,0.0,0.0
2024-08-26 14:35:00-04:00,18.75,18.75,18.75,18.75,137,0.0,0.0,0.0
2024-08-26 14:40:00-04:00,18.74970054626465,18.74970054626465,18.74970054626465,18.74970054626465,250,0.0,0.0,0.0
2024-08-26 14:50:00-04:00,18.739999771118164,18.739999771118164,18.739999771118164,18.739999771118164,280,0.0,0.0,0.0
2024-08-26 14:55:00-04:00,18.741300582885742,18.741300582885742,18.741300582885742,18.741300582885742,100,0.0,0.0,0.0
2024-08-26 15:00:00-04:00,18.739999771118164,18.739999771118164,18.709999084472656,18.709999084472656,4283,0.0,0.0,0.0
2024-08-26 15:15:00-04:00,18.684999465942383,18.684999465942383,18.68000030517578,18.680099487304688,1136,0.0,0.0,0.0
2024-08-26 15:20:00-04:00,18.674999237060547,18.690000534057617,18.674999237060547,18.690000534057617,832,0.0,0.0,0.0
2024-08-26 15:25:00-04:00,18.700000762939453,18.700000762939453,18.700000762939453,18.700000762939453,221,0.0,0.0,0.0
2024-08-26 15:30:00-04:00,18.690000534057617,18.690000534057617,18.68000030517578,18.68000030517578,200,0.0,0.0,0.0
2024-08-26 15:35:00-04:00,18.689899444580078,18.689899444580078,18.689899444580078,18.689899444580078,257,0.0,0.0,0.0
2024-08-26 15:40:00-04:00,18.684999465942383,18.690000534057617,18.680999755859375,18.690000534057617,3054,0.0,0.0,0.0
2024-08-26 15:45:00-04:00,18.69890022277832,18.71500015258789,18.69890022277832,18.71500015258789,695,0.0,0.0,0.0
2024-08-26 15:50:00-04:00,18.704999923706055,18.709999084472656,18.700000762939453,18.709699630737305,1227,0.0,0.0,0.0
2024-08-26 15:55:00-04:00,18.71500015258789,18.719999313354492,18.71500015258789,18.71500015258789,1512,0.0,0.0,0.0
2024-08-27 09:30:00-04:00,18.90999984741211,18.90999984741211,18.860000610351562,18.8700008392334,4411,0.0,0.0,0.0
2024-08-27 09:40:00-04:00,18.81399917602539,18.84000015258789,18.81399917602539,18.84000015258789,1774,0.0,0.0,0.0
2024-08-27 09:45:00-04:00,18.81999969482422,18.81999969482422,18.81999969482422,18.81999969482422,214,0.0,0.0,0.0
2024-08-27 09:50:00-04:00,18.809999465942383,18.809999465942383,18.809999465942383,18.809999465942383,1900,0.0,0.0,0.0
2024-08-27 09:55:00-04:00,18.790000915527344,18.790000915527344,18.780000686645508,18.780000686645508,349,0.0,0.0,0.0
2024-08-27 10:00:00-04:00,18.8700008392334,18.8700008392334,18.829999923706055,18.829999923706055,3458,0.0,0.0,0.0
2024-08-27 10:05:00-04:00,18.806299209594727,18.806299209594727,18.806299209594727,18.806299209594727,100,0.0,0.0,0.0
2024-08-27 10:10:00-04:00,18.799999237060547,18.799999237060547,18.75,18.75,535,0.0,0.0,0.0
2024-08-27 10:15:00-04:00,18.75749969482422,18.75749969482422,18.75510025024414,18.75510025024414,1504,0.0,0.0,0.0
2024-08-27 10:20:00-04:00,18.739999771118164,18.757200241088867,18.739999771118164,18.739999771118164,2466,0.0,0.0,0.0
2024-08-27 10:25:00-04:00,18.725000381469727,18.725000381469727,18.725000381469727,18.725000381469727,502,0.0,0.0,0.0
2024-08-27 10:30:00-04:00,18.75,18.75,18.739999771118164,18.739999771118164,281,0.0,0.0,0.0
2024-08-27 10:35:00-04:00,18.760000228881836,18.760000228881836,18.760000228881836,18.760000228881836,306,0.0,0.0,0.0
2024-08-27 10:40:00-04:00,18.770200729370117,18.770200729370117,18.770200729370117,18.770200729370117,202,0.0,0.0,0.0
2024-08-27 10:45:00-04:00,18.760099411010742,18.764999389648438,18.739999771118164,18.739999771118164,2258,0.0,0.0,0.0
2024-08-27 10:55:00-04:00,18.749900817871094,18.770000457763672,18.749900817871094,18.770000457763672,2768,0.0,0.0,0.0
2024-08-27 11:00:00-04:00,18.790000915527344,18.790000915527344,18.790000915527344,18.790000915527344,405,0.0,0.0,0.0
2024-08-27 11:05:00-04:00,18.760099411010742,18.760099411010742,18.760099411010742,18.760099411010742,2678,0.0,0.0,0.0
2024-08-27 11:10:00-04:00,18.7549991607666,18.7549991607666,18.754899978637695,18.754899978637695,550,0.0,0.0,0.0
2024-08-27 11:20:00-04:00,18.760000228881836,18.77630043029785,18.690000534057617,18.729999542236328,16882,0.0,0.0,0.0
2024-08-27 11:25:00-04:00,18.729999542236328,18.760000228881836,18.729999542236328,18.760000228881836,1101,0.0,0.0,0.0
2024-08-27 11:30:00-04:00,18.760000228881836,18.780000686645508,18.760000228881836,18.780000686645508,306,0.0,0.0,0.0
2024-08-27 11:35:00-04:00,18.770000457763672,18.799999237060547,18.770000457763672,18.799999237060547,411,0.0,0.0,0.0
2024-08-27 11:45:00-04:00,18.809999465942383,18.810100555419922,18.809999465942383,18.810100555419922,1205,0.0,0.0,0.0
2024-08-27 11:50:00-04:00,18.81999969482422,18.825000762939453,18.815000534057617,18.815000534057617,837,0.0,0.0,0.0
2024-08-27 11:55:00-04:00,18.815000534057617,18.815000534057617,18.815000534057617,18.815000534057617,845,0.0,0.0,0.0
2024-08-27 12:05:00-04:00,18.829999923706055,18.84000015258789,18.829999923706055,18.84000015258789,320,0.0,0.0,0.0
2024-08-27 12:10:00-04:00,18.809999465942383,18.809999465942383,18.809999465942383,18.809999465942383,100,0.0,0.0,0.0
2024-08-27 12:15:00-04:00,18.809999465942383,18.809999465942383,18.809999465942383,18.809999465942383,537,0.0,0.0,0.0
2024-08-27 12:30:00-04:00,18.799999237060547,18.799999237060547,18.799999237060547,18.799999237060547,202,0.0,0.0,0.0
2024-08-27 12:35:00-04:00,18.799999237060547,18.799999237060547,18.795000076293945,18.795000076293945,230,0.0,0.0,0.0
2024-08-27 12:55:00-04:00,18.799999237060547,18.799999237060547,18.78499984741211,18.78499984741211,1919,0.0,0.0,0.0
2024-08-27 13:00:00-04:00,18.780000686645508,18.780000686645508,18.780000686645508,18.780000686645508,859,0.0,0.0,0.0
2024-08-27 13:10:00-04:00,18.7549991607666,18.7549991607666,18.75,18.7549991607666,950,0.0,0.0,0.0
2024-08-27 13:15:00-04:00,18.7549991607666,18.7549991607666,18.75,18.75,300,0.0,0.0,0.0
2024-08-27 13:20:00-04:00,18.730100631713867,18.730100631713867,18.727500915527344,18.729999542236328,1100,0.0,0.0,0.0
2024-08-27 13:30:00-04:00,18.719999313354492,18.719999313354492,18.719999313354492,18.719999313354492,358,0.0,0.0,0.0
2024-08-27 14:05:00-04:00,18.690000534057617,18.690000534057617,18.690000534057617,18.690000534057617,642,0.0,0.0,0.0
2024-08-27 14:10:00-04:00,18.68790054321289,18.68790054321289,18.68790054321289,18.68790054321289,110,0.0,0.0,0.0
2024-08-27 14:15:00-04:00,18.689899444580078,18.689899444580078,18.670000076293945,18.670000076293945,1370,0.0,0.0,0.0
2024-08-27 14:20:00-04:00,18.659000396728516,18.659000396728516,18.659000396728516,18.659000396728516,100,0.0,0.0,0.0
2024-08-27 14:25:00-04:00,18.655000686645508,18.655000686645508,18.6299991607666,18.639999389648438,2328,0.0,0.0,0.0
2024-08-27 14:30:00-04:00,18.639999389648438,18.639999389648438,18.639999389648438,18.639999389648438,425,0.0,0.0,0.0
2024-08-27 14:40:00-04:00,18.649999618530273,18.649999618530273,18.6299991607666,18.635000228881836,476,0.0,0.0,0.0
2024-08-27 14:45:00-04:00,18.635099411010742,18.635099411010742,18.635099411010742,18.635099411010742,292,0.0,0.0,0.0
2024-08-27 14:50:00-04:00,18.630199432373047,18.635000228881836,18.614999771118164,18.614999771118164,2500,0.0,0.0,0.0
2024-08-27 14:55:00-04:00,18.625,18.625,18.6200008392334,18.6200008392334,1266,0.0,0.0,0.0
2024-08-27 15:00:00-04:00,18.6299991607666,18.6299991607666,18.620100021362305,18.620100021362305,806,0.0,0.0,0.0
2024-08-27 15:05:00-04:00,18.62190055847168,18.62190055847168,18.62190055847168,18.62190055847168,255,0.0,0.0,0.0
2024-08-27 15:10:00-04:00,18.6299991607666,18.6299991607666,18.6299991607666,18.6299991607666,203,0.0,0.0,0.0
2024-08-27 15:15:00-04:00,18.647600173950195,18.647600173950195,18.647600173950195,18.647600173950195,158,0.0,0.0,0.0
2024-08-27 15:20:00-04:00,18.64299964904785,18.64299964904785,18.639999389648438,18.639999389648438,485,0.0,0.0,0.0
2024-08-27 15:35:00-04:00,18.639999389648438,18.639999389648438,18.6299991607666,18.639999389648438,14587,0.0,0.0,0.0
2024-08-27 15:40:00-04:00,18.639999389648438,18.639999389648438,18.6299991607666,18.6299991607666,3153,0.0,0.0,0.0
2024-08-27 15:45:00-04:00,18.621299743652344,18.621299743652344,18.621299743652344,18.621299743652344,264,0.0,0.0,0.0
2024-08-27 15:50:00-04:00,18.6200008392334,18.6200008392334,18.61989974975586,18.61989974975586,3601,0.0,0.0,0.0
2024-08-27 15:55:00-04:00,18.6200008392334,18.6299991607666,18.611600875854492,18.6299991607666,0,0.0,0.0,0.0
2024-08-28 09:30:00-04:00,18.8700008392334,18.93000030517578,18.829999923706055,18.93000030517578,18805,0.0,0.0,0.0
2024-08-28 09:35:00-04:00,18.959999084472656,18.959999084472656,18.950000762939453,18.959999084472656,1448,0.0,0.0,0.0
2024-08-28 09:40:00-04:00,18.98979949951172,19.010000228881836,18.950000762939453,18.950000762939453,1446,0.0,0.0,0.0
2024-08-28 09:45:00-04:00,18.941999435424805,18.941999435424805,18.91010093688965,18.91010093688965,10041,0.0,0.0,0.0
2024-08-28 09:50:00-04:00,18.96269989013672,18.979900360107422,18.96269989013672,18.979900360107422,410,0.0,0.0,0.0
2024-08-28 09:55:00-04:00,18.950000762939453,18.950000762939453,18.934999465942383,18.935100555419922,1643,0.0,0.0,0.0
2024-08-28 10:00:00-04:00,18.920000076293945,18.938199996948242,18.920000076293945,18.938199996948242,1023,0.0,0.0,0.0
2024-08-28 10:05:00-04:00,18.934999465942383,18.934999465942383,18.934999465942383,18.934999465942383,1080,0.0,0.0,0.0
2024-08-28 10:10:00-04:00,18.91990089416504,18.91990089416504,18.89539909362793,18.899999618530273,1387,0.0,0.0,0.0
2024-08-28 10:15:00-04:00,18.87190055847168,18.87190055847168,18.87190055847168,18.87190055847168,340,0.0,0.0,0.0
2024-08-28 10:20:00-04:00,18.88610076904297,18.898799896240234,18.88610076904297,18.898799896240234,1501,0.0,0.0,0.0
2024-08-28 10:25:00-04:00,18.929899215698242,18.929899215698242,18.924999237060547,18.924999237060547,776,0.0,0.0,0.0
2024-08-28 10:35:00-04:00,18.889999389648438,18.90999984741211,18.889999389648438,18.90999984741211,2325,0.0,0.0,0.0
2024-08-28 10:40:00-04:00,18.90999984741211,18.90999984741211,18.905000686645508,18.909000396728516,733,0.0,0.0,0.0
2024-08-28 10:45:00-04:00,18.920000076293945,18.929899215698242,18.920000076293945,18.929899215698242,215,0.0,0.0,0.0
2024-08-28 11:10:00-04:00,18.90999984741211,18.90999984741211,18.90999984741211,18.90999984741211,2000,0.0,0.0,0.0
2024-08-28 11:15:00-04:00,18.905000686645508,18.90999984741211,18.899999618530273,18.899999618530273,850,0.0,0.0,0.0
2024-08-28 11:20:00-04:00,18.900699615478516,18.900699615478516,18.900699615478516,18.900699615478516,489,0.0,0.0,0.0
2024-08-28 11:25:00-04:00,18.90999984741211,18.918899536132812,18.90999984741211,18.918899536132812,536,0.0,0.0,0.0
2024-08-28 11:30:00-04:00,18.899900436401367,18.899900436401367,18.899900436401367,18.899900436401367,101,0.0,0.0,0.0
2024-08-28 11:35:00-04:00,18.881900787353516,18.881900787353516,18.881900787353516,18.881900787353516,110,0.0,0.0,0.0
2024-08-28 11:45:00-04:00,18.850000381469727,18.850000381469727,18.850000381469727,18.850000381469727,1056,0.0,0.0,0.0
2024-08-28 12:00:00-04:00,18.90999984741211,18.90999984741211,18.90999984741211,18.90999984741211,250,0.0,0.0,0.0
2024-08-28 12:05:00-04:00,18.920000076293945,18.925100326538086,18.920000076293945,18.925100326538086,800,0.0,0.0,0.0
2024-08-28 12:15:00-04:00,18.950000762939453,18.987199783325195,18.950000762939453,18.987199783325195,5987,0.0,0.0,0.0
2024-08-28 12:20:00-04:00,19.014999389648438,19.014999389648438,19.014999389648438,19.014999389648438,105,0.0,0.0,0.0
2024-08-28 12:25:00-04:00,19.039899826049805,19.039899826049805,19.019899368286133,19.024999618530273,1376,0.0,0.0,0.0
2024-08-28 12:30:00-04:00,19.024999618530273,19.030000686645508,19.024999618530273,19.030000686645508,1055,0.0,0.0,0.0
2024-08-28 12:35:00-04:00,18.986000061035156,18.986000061035156,18.986000061035156,18.986000061035156,100,0.0,0.0,0.0
2024-08-28 12:40:00-04:00,18.959999084472656,18.959999084472656,18.940000534057617,18.940000534057617,300,0.0,0.0,0.0
2024-08-28 12:45:00-04:00,18.973100662231445,18.973100662231445,18.973100662231445,18.973100662231445,611,0.0,0.0,0.0
2024-08-28 13:10:00-04:00,18.969999313354492,18.969999313354492,18.969999313354492,18.969999313354492,229,0.0,0.0,0.0
2024-08-28 13:15:00-04:00,18.989999771118164,18.989999771118164,18.98189926147461,18.98189926147461,238,0.0,0.0,0.0
2024-08-28 13:25:00-04:00,18.9768009185791,18.9768009185791,18.975000381469727,18.975000381469727,200,0.0,0.0,0.0
2024-08-28 13:35:00-04:00,18.940000534057617,18.940000534057617,18.934999465942383,18.934999465942383,600,0.0,0.0,0.0
2024-08-28 13:40:00-04:00,18.924999237060547,18.924999237060547,18.924999237060547,18.924999237060547,1100,0.0,0.0,0.0
2024-08-28 13:45:00-04:00,18.925800323486328,18.925800323486328,18.925800323486328,18.925800323486328,1027,0.0,0.0,0.0
2024-08-28 14:00:00-04:00,18.940000534057617,18.940000534057617,18.940000534057617,18.940000534057617,100,0.0,0.0,0.0
2024-08-28 14:05:00-04:00,18.930200576782227,18.930200576782227,18.930200576782227,18.930200576782227,510,0.0,0.0,0.0
2024-08-28 14:20:00-04:00,18.959800720214844,18.959800720214844,18.932899475097656,18.932899475097656,1311,0.0,0.0,0.0
2024-08-28 14:40:00-04:00,18.90999984741211,18.90999984741211,18.90999984741211,18.90999984741211,258,0.0,0.0,0.0
2024-08-28 14:50:00-04:00,18.895700454711914,18.895700454711914,18.895700454711914,18.895700454711914,102,0.0,0.0,0.0
2024-08-28 15:00:00-04:00,18.879600524902344,18.879600524902344,18.879600524902344,18.879600524902344,151,0.0,0.0,0.0
2024-08-28 15:10:00-04:00,18.899999618530273,18.899999618530273,18.899999618530273,18.899999618530273,117,0.0,0.0,0.0
2024-08-28 15:15:00-04:00,18.889999389648438,18.889999389648438,18.885099411010742,18.885099411010742,2214,0.0,0.0,0.0
2024-08-28 15:20:00-04:00,18.8799991607666,18.8799991607666,18.875,18.875,860,0.0,0.0,0.0
2024-08-28 15:30:00-04:00,18.889999389648438,18.889999389648438,18.889999389648438,18.889999389648438,200,0.0,0.0,0.0
2024-08-28 15:45:00-04:00,18.875,18.875,18.875,18.875,454,0.0,0.0,0.0
2024-08-28 15:50:00-04:00,18.889999389648438,18.899799346923828,18.889999389648438,18.899799346923828,1933,0.0,0.0,0.0
2024-08-28 15:55:00-04:00,18.895000457763672,18.899999618530273,18.895000457763672,18.899999618530273,0,0.0,0.0,0.0
2024-08-29 09:30:00-04:00,18.850000381469727,18.85409927368164,18.809999465942383,18.8218994140625,20503,0.0,0.0,0.0
2024-08-29 09:35:00-04:00,18.860000610351562,18.8700008392334,18.84000015258789,18.84000015258789,440,0.0,0.0,0.0
2024-08-29 09:40:00-04:00,18.84000015258789,18.84000015258789,18.81999969482422,18.81999969482422,1766,0.0,0.0,0.0
2024-08-29 09:45:00-04:00,18.790000915527344,18.790000915527344,18.780000686645508,18.780000686645508,252,0.0,0.0,0.0
2024-08-29 09:50:00-04:00,18.818300247192383,18.818300247192383,18.809999465942383,18.815000534057617,5710,0.0,0.0,0.0
2024-08-29 09:55:00-04:00,18.75,18.780000686645508,18.75,18.780000686645508,7920,0.0,0.0,0.0
2024-08-29 10:00:00-04:00,18.7549991607666,18.7549991607666,18.709999084472656,18.719999313354492,8998,0.0,0.0,0.0
2024-08-29 10:05:00-04:00,18.756999969482422,18.756999969482422,18.756999969482422,18.756999969482422,155,0.0,0.0,0.0
2024-08-29 10:10:00-04:00,18.729900360107422,18.729900360107422,18.729900360107422,18.729900360107422,1336,0.0,0.0,0.0
2024-08-29 10:15:00-04:00,18.7450008392334,18.78499984741211,18.7450008392334,18.78499984741211,314,0.0,0.0,0.0
2024-08-29 10:20:00-04:00,18.778600692749023,18.778600692749023,18.770000457763672,18.770000457763672,3240,0.0,0.0,0.0
2024-08-29 10:25:00-04:00,18.760000228881836,18.760099411010742,18.760000228881836,18.760000228881836,516,0.0,0.0,0.0
2024-08-29 10:30:00-04:00,18.780000686645508,18.780000686645508,18.780000686645508,18.780000686645508,127,0.0,0.0,0.0
2024-08-29 10:40:00-04:00,18.748699188232422,18.748699188232422,18.739999771118164,18.739999771118164,3203,0.0,0.0,0.0
2024-08-29 10:45:00-04:00,18.715299606323242,18.715299606323242,18.709999084472656,18.709999084472656,274,0.0,0.0,0.0
2024-08-29 10:50:00-04:00,18.700000762939453,18.700000762939453,18.700000762939453,18.700000762939453,249,0.0,0.0,0.0
2024-08-29 10:55:00-04:00,18.70989990234375,18.70989990234375,18.70989990234375,18.70989990234375,4197,0.0,0.0,0.0
2024-08-29 11:05:00-04:00,18.68000030517578,18.68000030517578,18.649999618530273,18.649999618530273,7898,0.0,0.0,0.0
2024-08-29 11:10:00-04:00,18.649999618530273,18.66550064086914,18.649999618530273,18.66550064086914,460,0.0,0.0,0.0
2024-08-29 11:15:00-04:00,18.70989990234375,18.70989990234375,18.70989990234375,18.70989990234375,143,0.0,0.0,0.0
2024-08-29 11:50:00-04:00,18.684999465942383,18.689800262451172,18.684999465942383,18.689800262451172,452,0.0,0.0,0.0
2024-08-29 12:05:00-04:00,18.709999084472656,18.719900131225586,18.709999084472656,18.709999084472656,711,0.0,0.0,0.0
2024-08-29 12:10:00-04:00,18.729999542236328,18.729999542236328,18.729999542236328,18.729999542236328,461,0.0,0.0,0.0
2024-08-29 12:15:00-04:00,18.68000030517578,18.68000030517578,18.68000030517578,18.68000030517578,100,0.0,0.0,0.0
2024-08-29 12:20:00-04:00,18.684999465942383,18.684999465942383,18.684999465942383,18.684999465942383,200,0.0,0.0,0.0
2024-08-29 12:25:00-04:00,18.68000030517578,18.68000030517578,18.68000030517578,18.68000030517578,700,0.0,0.0,0.0
2024-08-29 12:30:00-04:00,18.679000854492188,18.683000564575195,18.679000854492188,18.683000564575195,5651,0.0,0.0,0.0
2024-08-29 12:35:00-04:00,18.679800033569336,18.68000030517578,18.679800033569336,18.68000030517578,1078,0.0,0.0,0.0
2024-08-29 12:40:00-04:00,18.68000030517578,18.68000030517578,18.68000030517578,18.68000030517578,200,0.0,0.0,0.0
2024-08-29 12:45:00-04:00,18.67970085144043,18.67970085144043,18.65999984741211,18.665000915527344,1272,0.0,0.0,0.0
2024-08-29 12:50:00-04:00,18.649999618530273,18.649999618530273,18.649999618530273,18.649999618530273,100,0.0,0.0,0.0
2024-08-29 12:55:00-04:00,18.639999389648438,18.639999389648438,18.639699935913086,18.639999389648438,5401,0.0,0.0,0.0
2024-08-29 13:00:00-04:00,18.645000457763672,18.645000457763672,18.6299991607666,18.6299991607666,725,0.0,0.0,0.0
2024-08-29 13:05:00-04:00,18.6200008392334,18.6200008392334,18.6200008392334,18.6200008392334,305,0.0,0.0,0.0
2024-08-29 13:10:00-04:00,18.625,18.625,18.625,18.625,228,0.0,0.0,0.0
2024-08-29 13:20:00-04:00,18.616600036621094,18.616600036621094,18.60099983215332,18.604999542236328,812,0.0,0.0,0.0
2024-08-29 13:25:00-04:00,18.610000610351562,18.620399475097656,18.598600387573242,18.620399475097656,7952,0.0,0.0,0.0
2024-08-29 13:30:00-04:00,18.614999771118164,18.614999771118164,18.614999771118164,18.614999771118164,1300,0.0,0.0,0.0
2024-08-29 13:35:00-04:00,18.610000610351562,18.610000610351562,18.610000610351562,18.610000610351562,126,0.0,0.0,0.0
2024-08-29 13:40:00-04:00,18.6299991607666,18.6299991607666,18.6299991607666,18.6299991607666,100,0.0,0.0,0.0
2024-08-29 13:45:00-04:00,18.665000915527344,18.665000915527344,18.65999984741211,18.65999984741211,506,0.0,0.0,0.0
2024-08-29 13:55:00-04:00,18.649999618530273,18.649999618530273,18.649999618530273,18.649999618530273,559,0.0,0.0,0.0
2024-08-29 14:15:00-04:00,18.639999389648438,18.639999389648438,18.639999389648438,18.639999389648438,268,0.0,0.0,0.0
2024-08-29 14:45:00-04:00,18.68000030517578,18.68000030517578,18.68000030517578,18.68000030517578,209,0.0,0.0,0.0
2024-08-29 14:50:00-04:00,18.690000534057617,18.70509910583496,18.690000534057617,18.6924991607666,452,0.0,0.0,0.0
2024-08-29 14:55:00-04:00,18.670000076293945,18.670000076293945,18.670000076293945,18.670000076293945,200,0.0,0.0,0.0
2024-08-29 15:00:00-04:00,18.679899215698242,18.679899215698242,18.679899215698242,18.679899215698242,195,0.0,0.0,0.0
2024-08-29 15:10:00-04:00,18.65999984741211,18.65999984741211,18.655000686645508,18.655000686645508,1125,0.0,0.0,0.0
2024-08-29 15:15:00-04:00,18.650100708007812,18.650100708007812,18.650100708007812,18.650100708007812,1335,0.0,0.0,0.0
2024-08-29 15:20:00-04:00,18.68000030517578,18.68000030517578,18.674999237060547,18.674999237060547,400,0.0,0.0,0.0
2024-08-29 15:25:00-04:00,18.68000030517578,18.68000030517578,18.670000076293945,18.68000030517578,1534,0.0,0.0,0.0
2024-08-29 15:35:00-04:00,18.670000076293945,18.670000076293945,18.670000076293945,18.670000076293945,129,0.0,0.0,0.0
2024-08-29 15:40:00-04:00,18.690000534057617,18.690000534057617,18.690000534057617,18.690000534057617,100,0.0,0.0,0.0
2024-08-29 15:45:00-04:00,18.690099716186523,18.690099716186523,18.690000534057617,18.690000534057617,2982,0.0,0.0,0.0
2024-08-29 15:50:00-04:00,18.690000534057617,18.700000762939453,18.680500030517578,18.700000762939453,3502,0.0,0.0,0.0
2024-08-29 15:55:00-04:00,18.709999084472656,18.709999084472656,18.709699630737305,18.709999084472656,0,0.0,0.0,0.0
2024-08-30 09:30:00-04:00,18.799999237060547,18.809999465942383,18.799999237060547,18.809999465942383,7692,0.0,0.0,0.0
2024-08-30 09:35:00-04:00,18.780000686645508,18.780000686645508,18.770000457763672,18.770000457763672,2300,0.0,0.0,0.0
2024-08-30 09:40:00-04:00,18.74209976196289,18.74880027770996,18.74209976196289,18.74880027770996,807,0.0,0.0,0.0
2024-08-30 10:00:00-04:00,18.790000915527344,18.799999237060547,18.790000915527344,18.799999237060547,674,0.0,0.0,0.0
2024-08-30 10:05:00-04:00,18.850000381469727,18.850000381469727,18.77869987487793,18.77989959716797,1045,0.0,0.0,0.0
2024-08-30 10:15:00-04:00,18.790000915527344,18.790000915527344,18.790000915527344,18.790000915527344,303,0.0,0.0,0.0
2024-08-30 10:20:00-04:00,18.780000686645508,18.799999237060547,18.780000686645508,18.799999237060547,222,0.0,0.0,0.0
2024-08-30 10:25:00-04:00,18.829999923706055,18.878000259399414,18.818599700927734,18.878000259399414,696,0.0,0.0,0.0
2024-08-30 10:30:00-04:00,18.88010025024414,18.905000686645508,18.8799991607666,18.889999389648438,10162,0.0,0.0,0.0
2024-08-30 10:35:00-04:00,18.889999389648438,18.905000686645508,18.8700008392334,18.905000686645508,3115,0.0,0.0,0.0
2024-08-30 10:50:00-04:00,18.829999923706055,18.829999923706055,18.829999923706055,18.829999923706055,200,0.0,0.0,0.0
2024-08-30 11:00:00-04:00,18.899999618530273,18.899999618530273,18.899999618530273,18.899999618530273,2010,0.0,0.0,0.0
2024-08-30 11:05:00-04:00,18.950000762939453,18.96500015258789,18.94099998474121,18.950000762939453,1268,0.0,0.0,0.0
2024-08-30 11:10:00-04:00,18.93000030517578,18.93000030517578,18.93000030517578,18.93000030517578,104,0.0,0.0,0.0
2024-08-30 11:15:00-04:00,18.950000762939453,18.950000762939453,18.950000762939453,18.950000762939453,301,0.0,0.0,0.0
2024-08-30 11:20:00-04:00,18.935100555419922,18.935100555419922,18.935100555419922,18.935100555419922,161,0.0,0.0,0.0
2024-08-30 11:25:00-04:00,18.950000762939453,18.959999084472656,18.949899673461914,18.959999084472656,852,0.0,0.0,0.0
2024-08-30 11:35:00-04:00,18.959999084472656,18.959999084472656,18.950000762939453,18.950000762939453,728,0.0,0.0,0.0
2024-08-30 11:40:00-04:00,18.940000534057617,18.940000534057617,18.940000534057617,18.940000534057617,150,0.0,0.0,0.0
2024-08-30 11:45:00-04:00,18.959999084472656,18.959999084472656,18.959999084472656,18.959999084472656,200,0.0,0.0,0.0
2024-08-30 11:50:00-04:00,18.979999542236328,19.0,18.979999542236328,19.0,6043,0.0,0.0,0.0
2024-08-30 11:55:00-04:00,18.989900588989258,18.989900588989258,18.989900588989258,18.989900588989258,687,0.0,0.0,0.0
2024-08-30 12:15:00-04:00,18.950000762939453,18.950000762939453,18.950000762939453,18.950000762939453,200,0.0,0.0,0.0
2024-08-30 12:20:00-04:00,18.97439956665039,18.97439956665039,18.969999313354492,18.969999313354492,2370,0.0,0.0,0.0
2024-08-30 12:25:00-04:00,19.00079917907715,19.010000228881836,19.00079917907715,19.010000228881836,606,0.0,0.0,0.0
2024-08-30 12:30:00-04:00,18.98979949951172,18.98979949951172,18.98979949951172,18.98979949951172,112,0.0,0.0,0.0
2024-08-30 12:40:00-04:00,19.059999465942383,19.059999465942383,19.059999465942383,19.059999465942383,106,0.0,0.0,0.0
2024-08-30 12:45:00-04:00,19.030000686645508,19.030000686645508,19.030000686645508,19.030000686645508,252,0.0,0.0,0.0
2024-08-30 12:50:00-04:00,19.03499984741211,19.03499984741211,19.03499984741211,19.03499984741211,1099,0.0,0.0,0.0
2024-08-30 12:55:00-04:00,19.06100082397461,19.06100082397461,19.06100082397461,19.06100082397461,102,0.0,0.0,0.0
2024-08-30 13:00:00-04:00,19.079999923706055,19.094999313354492,19.079999923706055,19.09000015258789,1171,0.0,0.0,0.0
2024-08-30 13:10:00-04:00,19.04990005493164,19.04990005493164,19.04990005493164,19.04990005493164,200,0.0,0.0,0.0
2024-08-30 13:15:00-04:00,19.075000762939453,19.075000762939453,19.059999465942383,19.059999465942383,1245,0.0,0.0,0.0
2024-08-30 13:20:00-04:00,19.06999969482422,19.06999969482422,19.06999969482422,19.06999969482422,170,0.0,0.0,0.0
2024-08-30 13:25:00-04:00,19.100000381469727,19.100000381469727,19.100000381469727,19.100000381469727,1000,0.0,0.0,0.0
2024-08-30 13:30:00-04:00,19.100000381469727,19.100000381469727,19.100000381469727,19.100000381469727,218,0.0,0.0,0.0
2024-08-30 13:40:00-04:00,19.051000595092773,19.051000595092773,19.051000595092773,19.051000595092773,270,0.0,0.0,0.0
2024-08-30 13:45:00-04:00,19.059999465942383,19.059999465942383,19.045000076293945,19.045000076293945,1896,0.0,0.0,0.0
2024-08-30 13:50:00-04:00,19.05500030517578,19.05500030517578,19.040000915527344,19.040000915527344,467,0.0,0.0,0.0
2024-08-30 14:05:00-04:00,19.014999389648438,19.014999389648438,19.0,19.0,2387,0.0,0.0,0.0
2024-08-30 14:10:00-04:00,18.989999771118164,18.989999771118164,18.989999771118164,18.989999771118164,300,0.0,0.0,0.0
2024-08-30 14:20:00-04:00,18.980100631713867,18.980100631713867,18.980100631713867,18.980100631713867,101,0.0,0.0,0.0
2024-08-30 14:30:00-04:00,18.979999542236328,18.979999542236328,18.979999542236328,18.979999542236328,275,0.0,0.0,0.0
2024-08-30 14:40:00-04:00,18.969999313354492,18.969999313354492,18.969999313354492,18.969999313354492,100,0.0,0.0,0.0
2024-08-30 14:45:00-04:00,18.989999771118164,18.989999771118164,18.989999771118164,18.989999771118164,304,0.0,0.0,0.0
2024-08-30 14:55:00-04:00,18.999900817871094,18.999900817871094,18.999900817871094,18.999900817871094,100,0.0,0.0,0.0
2024-08-30 15:00:00-04:00,19.010000228881836,19.010000228881836,19.010000228881836,19.010000228881836,353,0.0,0.0,0.0
2024-08-30 15:05:00-04:00,19.03580093383789,19.03580093383789,19.03580093383789,19.03580093383789,500,0.0,0.0,0.0
2024-08-30 15:10:00-04:00,19.040199279785156,19.040199279785156,19.040199279785156,19.040199279785156,600,0.0,0.0,0.0
2024-08-30 15:15:00-04:00,19.040000915527344,19.040000915527344,19.030000686645508,19.030000686645508,1330,0.0,0.0,0.0
2024-08-30 15:20:00-04:00,19.018600463867188,19.018600463867188,19.018600463867188,19.018600463867188,132,0.0,0.0,0.0
2024-08-30 15:25:00-04:00,19.0049991607666,19.0049991607666,19.0049991607666,19.0049991607666,556,0.0,0.0,0.0
2024-08-30 15:30:00-04:00,19.020000457763672,19.020000457763672,19.020000457763672,19.020000457763672,528,0.0,0.0,0.0
2024-08-30 15:35:00-04:00,18.9950008392334,18.9950008392334,18.9950008392334,18.9950008392334,100,0.0,0.0,0.0
2024-08-30 15:40:00-04:00,19.0,19.0049991607666,19.0,19.0049991607666,3000,0.0,0.0,0.0
2024-08-30 15:45:00-04:00,19.00860023498535,19.00860023498535,19.0,19.0,4122,0.0,0.0,0.0
2024-08-30 15:50:00-04:00,18.979999542236328,18.979999542236328,18.979999542236328,18.979999542236328,102,0.0,0.0,0.0
2024-08-30 15:55:00-04:00,18.989999771118164,18.989999771118164,18.979999542236328,18.979999542236328,588,0.0,0.0,0.0
